ISO-10303-21;
HEADER;
FILE_DESCRIPTION(('FreeCAD Model'),'2;1');
FILE_NAME('Open CASCADE Shape Model','2026-07-23T11:46:25',(''),(''),
  'Open CASCADE STEP processor 7.8','FreeCAD','Unknown');
FILE_SCHEMA(('AUTOMOTIVE_DESIGN { 1 0 10303 214 1 1 1 1 }'));
ENDSEC;
DATA;
#1 = APPLICATION_PROTOCOL_DEFINITION('international standard',
  'automotive_design',2000,#2);
#2 = APPLICATION_CONTEXT(
  'core data for automotive mechanical design processes');
#3 = SHAPE_DEFINITION_REPRESENTATION(#4,#10);
#4 = PRODUCT_DEFINITION_SHAPE('','',#5);
#5 = PRODUCT_DEFINITION('design','',#6,#9);
#6 = PRODUCT_DEFINITION_FORMATION('','',#7);
#7 = PRODUCT('TelescopingPad','TelescopingPad','',(#8));
#8 = PRODUCT_CONTEXT('',#2,'mechanical');
#9 = PRODUCT_DEFINITION_CONTEXT('part definition',#2,'design');
#10 = ADVANCED_BREP_SHAPE_REPRESENTATION('',(#11,#15),#17233);
#11 = AXIS2_PLACEMENT_3D('',#12,#13,#14);
#12 = CARTESIAN_POINT('',(0.,0.,0.));
#13 = DIRECTION('',(0.,0.,1.));
#14 = DIRECTION('',(1.,0.,-0.));
#15 = MANIFOLD_SOLID_BREP('',#16);
#16 = CLOSED_SHELL('',(#17,#1189,#1267,#1323,#1379,#1434,#1489,#1545,
    #1601,#1633,#1727,#1782,#1937,#1993,#2083,#2138,#2194,#2250,#2305,
    #2370,#2425,#2480,#2616,#2672,#2759,#2814,#2903,#2959,#3014,#3079,
    #3135,#3190,#3245,#3278,#3482,#3531,#3580,#3642,#3718,#3899,#3979,
    #4006,#4112,#4195,#4273,#4322,#4371,#4453,#4535,#4593,#4732,#4759,
    #4808,#4889,#4924,#4979,#5056,#5140,#5195,#5250,#5304,#5358,#5413,
    #5516,#5576,#5611,#5666,#5747,#5774,#5828,#5958,#6013,#6062,#6174,
    #6229,#6278,#6358,#6391,#6524,#7085,#7112,#7139,#7264,#7746,#7773,
    #7800,#7876,#7932,#7958,#7984,#8032,#8080,#8107,#8135,#8351,#8385,
    #9065,#9101,#9129,#9422,#9450,#10183,#10211,#10261,#10268,#10995,
    #12051,#12407,#12443,#12546,#13128,#13162,#13212,#13240,#13386,
    #13487,#14360,#14388,#14416,#14444,#14451,#14500,#14527,#14554,
    #14581,#14608,#14635,#14662,#14689,#14716,#14743,#14770,#14797,
    #14824,#14851,#14878,#14907,#14914,#14921,#14948,#14975,#15313,
    #15320,#15347,#15374,#15401,#15428,#15455,#15482,#15509,#15536,
    #15563,#15590,#15617,#15644,#15671,#15698,#15725,#16114,#16121,
    #16170,#16177,#16204,#16231,#16258,#16285,#16312,#16339,#16346,
    #16395,#16422,#16449,#16476,#16503,#16530,#16557,#16584,#16611,
    #16638,#16665,#16692,#16719,#16746,#16773,#16800,#16827,#16854,
    #16881,#16908,#16935,#16962,#16989,#17016,#17043,#17070,#17097,
    #17124,#17151,#17178,#17205,#17212,#17219,#17226));
#17 = ADVANCED_FACE('',(#18,#253,#961,#1075),#32,.T.);
#18 = FACE_BOUND('',#19,.T.);
#19 = EDGE_LOOP('',(#20,#55,#84,#112,#141,#169,#198,#226));
#20 = ORIENTED_EDGE('',*,*,#21,.F.);
#21 = EDGE_CURVE('',#22,#24,#26,.T.);
#22 = VERTEX_POINT('',#23);
#23 = CARTESIAN_POINT('',(13.,0.,117.));
#24 = VERTEX_POINT('',#25);
#25 = CARTESIAN_POINT('',(13.,0.,6.));
#26 = SURFACE_CURVE('',#27,(#31,#43),.PCURVE_S1.);
#27 = LINE('',#28,#29);
#28 = CARTESIAN_POINT('',(13.,2.62E-14,117.));
#29 = VECTOR('',#30,1.);
#30 = DIRECTION('',(-5.8E-16,-2.2E-16,-1.));
#31 = PCURVE('',#32,#37);
#32 = PLANE('',#33);
#33 = AXIS2_PLACEMENT_3D('',#34,#35,#36);
#34 = CARTESIAN_POINT('',(-6.5359444E-09,1.399E-14,62.99900287134));
#35 = DIRECTION('',(0.,1.,-2.2E-16));
#36 = DIRECTION('',(0.,-2.2E-16,-1.));
#37 = DEFINITIONAL_REPRESENTATION('',(#38),#42);
#38 = LINE('',#39,#40);
#39 = CARTESIAN_POINT('',(-54.00099712866,-13.00000000653));
#40 = VECTOR('',#41,1.);
#41 = DIRECTION('',(1.,5.8E-16));
#42 = ( GEOMETRIC_REPRESENTATION_CONTEXT(2) 
PARAMETRIC_REPRESENTATION_CONTEXT() REPRESENTATION_CONTEXT('2D SPACE',''
  ) );
#43 = PCURVE('',#44,#49);
#44 = CYLINDRICAL_SURFACE('',#45,1.);
#45 = AXIS2_PLACEMENT_3D('',#46,#47,#48);
#46 = CARTESIAN_POINT('',(13.,-1.,117.));
#47 = DIRECTION('',(-5.8E-16,-2.2E-16,-1.));
#48 = DIRECTION('',(0.,1.,-2.2E-16));
#49 = DEFINITIONAL_REPRESENTATION('',(#50),#54);
#50 = LINE('',#51,#52);
#51 = CARTESIAN_POINT('',(-0.,0.));
#52 = VECTOR('',#53,1.);
#53 = DIRECTION('',(-0.,1.));
#54 = ( GEOMETRIC_REPRESENTATION_CONTEXT(2) 
PARAMETRIC_REPRESENTATION_CONTEXT() REPRESENTATION_CONTEXT('2D SPACE',''
  ) );
#55 = ORIENTED_EDGE('',*,*,#56,.F.);
#56 = EDGE_CURVE('',#57,#22,#59,.T.);
#57 = VERTEX_POINT('',#58);
#58 = CARTESIAN_POINT('',(10.,0.,120.));
#59 = SURFACE_CURVE('',#60,(#65,#72),.PCURVE_S1.);
#60 = CIRCLE('',#61,3.);
#61 = AXIS2_PLACEMENT_3D('',#62,#63,#64);
#62 = CARTESIAN_POINT('',(10.,2.598E-14,117.));
#63 = DIRECTION('',(0.,1.,-2.2E-16));
#64 = DIRECTION('',(8.9E-16,2.2E-16,1.));
#65 = PCURVE('',#32,#66);
#66 = DEFINITIONAL_REPRESENTATION('',(#67),#71);
#67 = CIRCLE('',#68,3.);
#68 = AXIS2_PLACEMENT_2D('',#69,#70);
#69 = CARTESIAN_POINT('',(-54.00099712866,-10.00000000653));
#70 = DIRECTION('',(-1.,-8.9E-16));
#71 = ( GEOMETRIC_REPRESENTATION_CONTEXT(2) 
PARAMETRIC_REPRESENTATION_CONTEXT() REPRESENTATION_CONTEXT('2D SPACE',''
  ) );
#72 = PCURVE('',#73,#78);
#73 = TOROIDAL_SURFACE('',#74,3.,1.);
#74 = AXIS2_PLACEMENT_3D('',#75,#76,#77);
#75 = CARTESIAN_POINT('',(10.,-1.,117.));
#76 = DIRECTION('',(-0.,1.,-2.2E-16));
#77 = DIRECTION('',(8.9E-16,2.2E-16,1.));
#78 = DEFINITIONAL_REPRESENTATION('',(#79),#83);
#79 = LINE('',#80,#81);
#80 = CARTESIAN_POINT('',(0.,1.570796326795));
#81 = VECTOR('',#82,1.);
#82 = DIRECTION('',(1.,0.));
#83 = ( GEOMETRIC_REPRESENTATION_CONTEXT(2) 
PARAMETRIC_REPRESENTATION_CONTEXT() REPRESENTATION_CONTEXT('2D SPACE',''
  ) );
#84 = ORIENTED_EDGE('',*,*,#85,.F.);
#85 = EDGE_CURVE('',#86,#57,#88,.T.);
#86 = VERTEX_POINT('',#87);
#87 = CARTESIAN_POINT('',(-10.,0.,120.));
#88 = SURFACE_CURVE('',#89,(#93,#100),.PCURVE_S1.);
#89 = LINE('',#90,#91);
#90 = CARTESIAN_POINT('',(-10.,2.687E-14,120.));
#91 = VECTOR('',#92,1.);
#92 = DIRECTION('',(1.,0.,0.));
#93 = PCURVE('',#32,#94);
#94 = DEFINITIONAL_REPRESENTATION('',(#95),#99);
#95 = LINE('',#96,#97);
#96 = CARTESIAN_POINT('',(-57.00099712866,9.999999993464));
#97 = VECTOR('',#98,1.);
#98 = DIRECTION('',(0.,-1.));
#99 = ( GEOMETRIC_REPRESENTATION_CONTEXT(2) 
PARAMETRIC_REPRESENTATION_CONTEXT() REPRESENTATION_CONTEXT('2D SPACE',''
  ) );
#100 = PCURVE('',#101,#106);
#101 = CYLINDRICAL_SURFACE('',#102,1.);
#102 = AXIS2_PLACEMENT_3D('',#103,#104,#105);
#103 = CARTESIAN_POINT('',(-10.,-1.,120.));
#104 = DIRECTION('',(1.,0.,0.));
#105 = DIRECTION('',(0.,1.,-2.2E-16));
#106 = DEFINITIONAL_REPRESENTATION('',(#107),#111);
#107 = LINE('',#108,#109);
#108 = CARTESIAN_POINT('',(-0.,0.));
#109 = VECTOR('',#110,1.);
#110 = DIRECTION('',(-0.,1.));
#111 = ( GEOMETRIC_REPRESENTATION_CONTEXT(2) 
PARAMETRIC_REPRESENTATION_CONTEXT() REPRESENTATION_CONTEXT('2D SPACE',''
  ) );
#112 = ORIENTED_EDGE('',*,*,#113,.F.);
#113 = EDGE_CURVE('',#114,#86,#116,.T.);
#114 = VERTEX_POINT('',#115);
#115 = CARTESIAN_POINT('',(-13.,0.,117.));
#116 = SURFACE_CURVE('',#117,(#122,#129),.PCURVE_S1.);
#117 = CIRCLE('',#118,3.);
#118 = AXIS2_PLACEMENT_3D('',#119,#120,#121);
#119 = CARTESIAN_POINT('',(-10.,2.598E-14,117.));
#120 = DIRECTION('',(0.,1.,-2.2E-16));
#121 = DIRECTION('',(-1.,4.84E-32,2.2E-16));
#122 = PCURVE('',#32,#123);
#123 = DEFINITIONAL_REPRESENTATION('',(#124),#128);
#124 = CIRCLE('',#125,3.);
#125 = AXIS2_PLACEMENT_2D('',#126,#127);
#126 = CARTESIAN_POINT('',(-54.00099712866,9.999999993464));
#127 = DIRECTION('',(-2.2E-16,1.));
#128 = ( GEOMETRIC_REPRESENTATION_CONTEXT(2) 
PARAMETRIC_REPRESENTATION_CONTEXT() REPRESENTATION_CONTEXT('2D SPACE',''
  ) );
#129 = PCURVE('',#130,#135);
#130 = TOROIDAL_SURFACE('',#131,3.,1.);
#131 = AXIS2_PLACEMENT_3D('',#132,#133,#134);
#132 = CARTESIAN_POINT('',(-10.,-1.,117.));
#133 = DIRECTION('',(-0.,1.,-2.2E-16));
#134 = DIRECTION('',(-1.,4.84E-32,2.2E-16));
#135 = DEFINITIONAL_REPRESENTATION('',(#136),#140);
#136 = LINE('',#137,#138);
#137 = CARTESIAN_POINT('',(0.,1.570796326795));
#138 = VECTOR('',#139,1.);
#139 = DIRECTION('',(1.,0.));
#140 = ( GEOMETRIC_REPRESENTATION_CONTEXT(2) 
PARAMETRIC_REPRESENTATION_CONTEXT() REPRESENTATION_CONTEXT('2D SPACE',''
  ) );
#141 = ORIENTED_EDGE('',*,*,#142,.F.);
#142 = EDGE_CURVE('',#143,#114,#145,.T.);
#143 = VERTEX_POINT('',#144);
#144 = CARTESIAN_POINT('',(-13.,0.,6.));
#145 = SURFACE_CURVE('',#146,(#150,#157),.PCURVE_S1.);
#146 = LINE('',#147,#148);
#147 = CARTESIAN_POINT('',(-13.,1.55E-15,6.));
#148 = VECTOR('',#149,1.);
#149 = DIRECTION('',(-5.8E-16,2.2E-16,1.));
#150 = PCURVE('',#32,#151);
#151 = DEFINITIONAL_REPRESENTATION('',(#152),#156);
#152 = LINE('',#153,#154);
#153 = CARTESIAN_POINT('',(56.99900287134,12.999999993464));
#154 = VECTOR('',#155,1.);
#155 = DIRECTION('',(-1.,5.8E-16));
#156 = ( GEOMETRIC_REPRESENTATION_CONTEXT(2) 
PARAMETRIC_REPRESENTATION_CONTEXT() REPRESENTATION_CONTEXT('2D SPACE',''
  ) );
#157 = PCURVE('',#158,#163);
#158 = CYLINDRICAL_SURFACE('',#159,1.);
#159 = AXIS2_PLACEMENT_3D('',#160,#161,#162);
#160 = CARTESIAN_POINT('',(-13.,-1.,6.));
#161 = DIRECTION('',(-5.8E-16,2.2E-16,1.));
#162 = DIRECTION('',(0.,1.,-2.2E-16));
#163 = DEFINITIONAL_REPRESENTATION('',(#164),#168);
#164 = LINE('',#165,#166);
#165 = CARTESIAN_POINT('',(-0.,0.));
#166 = VECTOR('',#167,1.);
#167 = DIRECTION('',(-0.,1.));
#168 = ( GEOMETRIC_REPRESENTATION_CONTEXT(2) 
PARAMETRIC_REPRESENTATION_CONTEXT() REPRESENTATION_CONTEXT('2D SPACE',''
  ) );
#169 = ORIENTED_EDGE('',*,*,#170,.F.);
#170 = EDGE_CURVE('',#171,#143,#173,.T.);
#171 = VERTEX_POINT('',#172);
#172 = CARTESIAN_POINT('',(-10.,0.,3.));
#173 = SURFACE_CURVE('',#174,(#179,#186),.PCURVE_S1.);
#174 = CIRCLE('',#175,3.);
#175 = AXIS2_PLACEMENT_3D('',#176,#177,#178);
#176 = CARTESIAN_POINT('',(-10.,1.33E-15,6.));
#177 = DIRECTION('',(0.,1.,-2.2E-16));
#178 = DIRECTION('',(-2.043E-14,-2.2E-16,-1.));
#179 = PCURVE('',#32,#180);
#180 = DEFINITIONAL_REPRESENTATION('',(#181),#185);
#181 = CIRCLE('',#182,3.);
#182 = AXIS2_PLACEMENT_2D('',#183,#184);
#183 = CARTESIAN_POINT('',(56.99900287134,9.999999993464));
#184 = DIRECTION('',(1.,2.043E-14));
#185 = ( GEOMETRIC_REPRESENTATION_CONTEXT(2) 
PARAMETRIC_REPRESENTATION_CONTEXT() REPRESENTATION_CONTEXT('2D SPACE',''
  ) );
#186 = PCURVE('',#187,#192);
#187 = TOROIDAL_SURFACE('',#188,3.,1.);
#188 = AXIS2_PLACEMENT_3D('',#189,#190,#191);
#189 = CARTESIAN_POINT('',(-10.,-1.,6.));
#190 = DIRECTION('',(-0.,1.,-2.2E-16));
#191 = DIRECTION('',(-2.043E-14,-2.2E-16,-1.));
#192 = DEFINITIONAL_REPRESENTATION('',(#193),#197);
#193 = LINE('',#194,#195);
#194 = CARTESIAN_POINT('',(0.,1.570796326795));
#195 = VECTOR('',#196,1.);
#196 = DIRECTION('',(1.,0.));
#197 = ( GEOMETRIC_REPRESENTATION_CONTEXT(2) 
PARAMETRIC_REPRESENTATION_CONTEXT() REPRESENTATION_CONTEXT('2D SPACE',''
  ) );
#198 = ORIENTED_EDGE('',*,*,#199,.F.);
#199 = EDGE_CURVE('',#200,#171,#202,.T.);
#200 = VERTEX_POINT('',#201);
#201 = CARTESIAN_POINT('',(10.,0.,3.));
#202 = SURFACE_CURVE('',#203,(#207,#214),.PCURVE_S1.);
#203 = LINE('',#204,#205);
#204 = CARTESIAN_POINT('',(10.,8.9E-16,3.));
#205 = VECTOR('',#206,1.);
#206 = DIRECTION('',(-1.,-0.,0.));
#207 = PCURVE('',#32,#208);
#208 = DEFINITIONAL_REPRESENTATION('',(#209),#213);
#209 = LINE('',#210,#211);
#210 = CARTESIAN_POINT('',(59.99900287134,-10.00000000653));
#211 = VECTOR('',#212,1.);
#212 = DIRECTION('',(-0.,1.));
#213 = ( GEOMETRIC_REPRESENTATION_CONTEXT(2) 
PARAMETRIC_REPRESENTATION_CONTEXT() REPRESENTATION_CONTEXT('2D SPACE',''
  ) );
#214 = PCURVE('',#215,#220);
#215 = CYLINDRICAL_SURFACE('',#216,1.);
#216 = AXIS2_PLACEMENT_3D('',#217,#218,#219);
#217 = CARTESIAN_POINT('',(10.,-1.,3.));
#218 = DIRECTION('',(-1.,-0.,0.));
#219 = DIRECTION('',(-0.,1.,-2.2E-16));
#220 = DEFINITIONAL_REPRESENTATION('',(#221),#225);
#221 = LINE('',#222,#223);
#222 = CARTESIAN_POINT('',(-0.,0.));
#223 = VECTOR('',#224,1.);
#224 = DIRECTION('',(-0.,1.));
#225 = ( GEOMETRIC_REPRESENTATION_CONTEXT(2) 
PARAMETRIC_REPRESENTATION_CONTEXT() REPRESENTATION_CONTEXT('2D SPACE',''
  ) );
#226 = ORIENTED_EDGE('',*,*,#227,.F.);
#227 = EDGE_CURVE('',#24,#200,#228,.T.);
#228 = SURFACE_CURVE('',#229,(#234,#241),.PCURVE_S1.);
#229 = CIRCLE('',#230,3.);
#230 = AXIS2_PLACEMENT_3D('',#231,#232,#233);
#231 = CARTESIAN_POINT('',(10.,1.33E-15,6.));
#232 = DIRECTION('',(0.,1.,-2.2E-16));
#233 = DIRECTION('',(1.,-4.6398E-30,-2.109E-14));
#234 = PCURVE('',#32,#235);
#235 = DEFINITIONAL_REPRESENTATION('',(#236),#240);
#236 = CIRCLE('',#237,3.);
#237 = AXIS2_PLACEMENT_2D('',#238,#239);
#238 = CARTESIAN_POINT('',(56.99900287134,-10.00000000653));
#239 = DIRECTION('',(2.109E-14,-1.));
#240 = ( GEOMETRIC_REPRESENTATION_CONTEXT(2) 
PARAMETRIC_REPRESENTATION_CONTEXT() REPRESENTATION_CONTEXT('2D SPACE',''
  ) );
#241 = PCURVE('',#242,#247);
#242 = TOROIDAL_SURFACE('',#243,3.,1.);
#243 = AXIS2_PLACEMENT_3D('',#244,#245,#246);
#244 = CARTESIAN_POINT('',(10.,-1.,6.));
#245 = DIRECTION('',(-0.,1.,-2.2E-16));
#246 = DIRECTION('',(1.,-4.6398E-30,-2.109E-14));
#247 = DEFINITIONAL_REPRESENTATION('',(#248),#252);
#248 = LINE('',#249,#250);
#249 = CARTESIAN_POINT('',(0.,1.570796326795));
#250 = VECTOR('',#251,1.);
#251 = DIRECTION('',(1.,0.));
#252 = ( GEOMETRIC_REPRESENTATION_CONTEXT(2) 
PARAMETRIC_REPRESENTATION_CONTEXT() REPRESENTATION_CONTEXT('2D SPACE',''
  ) );
#253 = FACE_BOUND('',#254,.T.);
#254 = EDGE_LOOP('',(#255,#285,#313,#346,#375,#403,#432,#465,#493,#521,
    #549,#582,#610,#643,#671,#699,#732,#760,#793,#821,#849,#878,#906,
    #935));
#255 = ORIENTED_EDGE('',*,*,#256,.T.);
#256 = EDGE_CURVE('',#257,#259,#261,.T.);
#257 = VERTEX_POINT('',#258);
#258 = CARTESIAN_POINT('',(-17.94696843981,0.,77.375214902992));
#259 = VERTEX_POINT('',#260);
#260 = CARTESIAN_POINT('',(-21.,0.,80.767472786049));
#261 = SURFACE_CURVE('',#262,(#266,#273),.PCURVE_S1.);
#262 = LINE('',#263,#264);
#263 = CARTESIAN_POINT('',(-19.10975046513,1.784E-14,78.66719515734));
#264 = VECTOR('',#265,1.);
#265 = DIRECTION('',(-0.668964666909,1.7E-16,0.74329420449));
#266 = PCURVE('',#32,#267);
#267 = DEFINITIONAL_REPRESENTATION('',(#268),#272);
#268 = LINE('',#269,#270);
#269 = CARTESIAN_POINT('',(-15.668192286,19.109750458598));
#270 = VECTOR('',#271,1.);
#271 = DIRECTION('',(-0.74329420449,0.668964666909));
#272 = ( GEOMETRIC_REPRESENTATION_CONTEXT(2) 
PARAMETRIC_REPRESENTATION_CONTEXT() REPRESENTATION_CONTEXT('2D SPACE',''
  ) );
#273 = PCURVE('',#274,#279);
#274 = CYLINDRICAL_SURFACE('',#275,2.);
#275 = AXIS2_PLACEMENT_3D('',#276,#277,#278);
#276 = CARTESIAN_POINT('',(-19.10975046513,-2.,78.66719515734));
#277 = DIRECTION('',(-0.668964666909,1.7E-16,0.74329420449));
#278 = DIRECTION('',(4.331730191738E-18,1.,-2.248130343891E-16));
#279 = DEFINITIONAL_REPRESENTATION('',(#280),#284);
#280 = LINE('',#281,#282);
#281 = CARTESIAN_POINT('',(0.,0.));
#282 = VECTOR('',#283,1.);
#283 = DIRECTION('',(0.,1.));
#284 = ( GEOMETRIC_REPRESENTATION_CONTEXT(2) 
PARAMETRIC_REPRESENTATION_CONTEXT() REPRESENTATION_CONTEXT('2D SPACE',''
  ) );
#285 = ORIENTED_EDGE('',*,*,#286,.T.);
#286 = EDGE_CURVE('',#259,#287,#289,.T.);
#287 = VERTEX_POINT('',#288);
#288 = CARTESIAN_POINT('',(-21.,0.,108.19395680399));
#289 = SURFACE_CURVE('',#290,(#294,#301),.PCURVE_S1.);
#290 = LINE('',#291,#292);
#291 = CARTESIAN_POINT('',(-21.,1.848E-14,80.767472786049));
#292 = VECTOR('',#293,1.);
#293 = DIRECTION('',(0.,2.2E-16,1.));
#294 = PCURVE('',#32,#295);
#295 = DEFINITIONAL_REPRESENTATION('',(#296),#300);
#296 = LINE('',#297,#298);
#297 = CARTESIAN_POINT('',(-17.7684699147,20.999999993464));
#298 = VECTOR('',#299,1.);
#299 = DIRECTION('',(-1.,0.));
#300 = ( GEOMETRIC_REPRESENTATION_CONTEXT(2) 
PARAMETRIC_REPRESENTATION_CONTEXT() REPRESENTATION_CONTEXT('2D SPACE',''
  ) );
#301 = PCURVE('',#302,#307);
#302 = CYLINDRICAL_SURFACE('',#303,2.);
#303 = AXIS2_PLACEMENT_3D('',#304,#305,#306);
#304 = CARTESIAN_POINT('',(-21.,-2.,80.767472786049));
#305 = DIRECTION('',(0.,2.2E-16,1.));
#306 = DIRECTION('',(0.,1.,-2.2E-16));
#307 = DEFINITIONAL_REPRESENTATION('',(#308),#312);
#308 = LINE('',#309,#310);
#309 = CARTESIAN_POINT('',(0.,0.));
#310 = VECTOR('',#311,1.);
#311 = DIRECTION('',(0.,1.));
#312 = ( GEOMETRIC_REPRESENTATION_CONTEXT(2) 
PARAMETRIC_REPRESENTATION_CONTEXT() REPRESENTATION_CONTEXT('2D SPACE',''
  ) );
#313 = ORIENTED_EDGE('',*,*,#314,.T.);
#314 = EDGE_CURVE('',#287,#315,#317,.T.);
#315 = VERTEX_POINT('',#316);
#316 = CARTESIAN_POINT('',(-19.50249830721,0.,110.64957695015));
#317 = SURFACE_CURVE('',#318,(#323,#334),.PCURVE_S1.);
#318 = CIRCLE('',#319,3.012747080441);
#319 = AXIS2_PLACEMENT_3D('',#320,#321,#322);
#320 = CARTESIAN_POINT('',(-22.51148200377,2.46E-14,110.80011626246));
#321 = DIRECTION('',(0.,-1.,2.2E-16));
#322 = DIRECTION('',(0.258815401382,-2.12503896575E-16,-0.965926802614)
  );
#323 = PCURVE('',#32,#324);
#324 = DEFINITIONAL_REPRESENTATION('',(#325),#333);
#325 = ( BOUNDED_CURVE() B_SPLINE_CURVE(2,(#326,#327,#328,#329,#330,#331
,#332),.UNSPECIFIED.,.T.,.F.) B_SPLINE_CURVE_WITH_KNOTS((1,2,2,2,2,1),(
    -2.094395102393,0.,2.094395102393,4.188790204786,6.28318530718,
8.377580409573),.UNSPECIFIED.) CURVE() GEOMETRIC_REPRESENTATION_ITEM() 
RATIONAL_B_SPLINE_CURVE((1.,0.5,1.,0.5,1.,0.5,1.)) REPRESENTATION_ITEM(
  '') );
#326 = CARTESIAN_POINT('',(-44.89102023663,21.731736652351));
#327 = CARTESIAN_POINT('',(-46.24157879094,16.691307454009));
#328 = CARTESIAN_POINT('',(-49.93143924552,20.381140070508));
#329 = CARTESIAN_POINT('',(-53.62129970011,24.070972687007));
#330 = CARTESIAN_POINT('',(-48.58088069122,25.42156926885));
#331 = CARTESIAN_POINT('',(-43.54046168232,26.772165850693));
#332 = CARTESIAN_POINT('',(-44.89102023663,21.731736652351));
#333 = ( GEOMETRIC_REPRESENTATION_CONTEXT(2) 
PARAMETRIC_REPRESENTATION_CONTEXT() REPRESENTATION_CONTEXT('2D SPACE',''
  ) );
#334 = PCURVE('',#335,#340);
#335 = TOROIDAL_SURFACE('',#336,3.012747080441,2.);
#336 = AXIS2_PLACEMENT_3D('',#337,#338,#339);
#337 = CARTESIAN_POINT('',(-22.51148200377,-2.,110.80011626246));
#338 = DIRECTION('',(0.,1.,-2.2E-16));
#339 = DIRECTION('',(0.258815401382,-2.12503896575E-16,-0.965926802614)
  );
#340 = DEFINITIONAL_REPRESENTATION('',(#341),#345);
#341 = LINE('',#342,#343);
#342 = CARTESIAN_POINT('',(-0.,1.570796326795));
#343 = VECTOR('',#344,1.);
#344 = DIRECTION('',(-1.,0.));
#345 = ( GEOMETRIC_REPRESENTATION_CONTEXT(2) 
PARAMETRIC_REPRESENTATION_CONTEXT() REPRESENTATION_CONTEXT('2D SPACE',''
  ) );
#346 = ORIENTED_EDGE('',*,*,#347,.T.);
#347 = EDGE_CURVE('',#315,#348,#350,.T.);
#348 = VERTEX_POINT('',#349);
#349 = CARTESIAN_POINT('',(-6.518737304106,0.,123.));
#350 = SURFACE_CURVE('',#351,(#356,#363),.PCURVE_S1.);
#351 = CIRCLE('',#352,13.);
#352 = AXIS2_PLACEMENT_3D('',#353,#354,#355);
#353 = CARTESIAN_POINT('',(-6.518737304106,2.442E-14,110.));
#354 = DIRECTION('',(0.,1.,-2.2E-16));
#355 = DIRECTION('',(-0.998750846393,1.099284069491E-17,
    4.996745770414E-02));
#356 = PCURVE('',#32,#357);
#357 = DEFINITIONAL_REPRESENTATION('',(#358),#362);
#358 = CIRCLE('',#359,13.);
#359 = AXIS2_PLACEMENT_2D('',#360,#361);
#360 = CARTESIAN_POINT('',(-47.00099712866,6.51873729757));
#361 = DIRECTION('',(-4.996745770414E-02,0.998750846393));
#362 = ( GEOMETRIC_REPRESENTATION_CONTEXT(2) 
PARAMETRIC_REPRESENTATION_CONTEXT() REPRESENTATION_CONTEXT('2D SPACE',''
  ) );
#363 = PCURVE('',#364,#369);
#364 = TOROIDAL_SURFACE('',#365,13.,2.);
#365 = AXIS2_PLACEMENT_3D('',#366,#367,#368);
#366 = CARTESIAN_POINT('',(-6.518737304106,-2.,110.));
#367 = DIRECTION('',(0.,-1.,2.2E-16));
#368 = DIRECTION('',(-0.998750846393,1.099284069491E-17,
    4.996745770414E-02));
#369 = DEFINITIONAL_REPRESENTATION('',(#370),#374);
#370 = LINE('',#371,#372);
#371 = CARTESIAN_POINT('',(-0.,4.712388980385));
#372 = VECTOR('',#373,1.);
#373 = DIRECTION('',(-1.,0.));
#374 = ( GEOMETRIC_REPRESENTATION_CONTEXT(2) 
PARAMETRIC_REPRESENTATION_CONTEXT() REPRESENTATION_CONTEXT('2D SPACE',''
  ) );
#375 = ORIENTED_EDGE('',*,*,#376,.T.);
#376 = EDGE_CURVE('',#348,#377,#379,.T.);
#377 = VERTEX_POINT('',#378);
#378 = CARTESIAN_POINT('',(6.518737304106,0.,123.));
#379 = SURFACE_CURVE('',#380,(#384,#391),.PCURVE_S1.);
#380 = LINE('',#381,#382);
#381 = CARTESIAN_POINT('',(-6.518737304106,2.776E-14,123.));
#382 = VECTOR('',#383,1.);
#383 = DIRECTION('',(1.,0.,0.));
#384 = PCURVE('',#32,#385);
#385 = DEFINITIONAL_REPRESENTATION('',(#386),#390);
#386 = LINE('',#387,#388);
#387 = CARTESIAN_POINT('',(-60.00099712866,6.51873729757));
#388 = VECTOR('',#389,1.);
#389 = DIRECTION('',(0.,-1.));
#390 = ( GEOMETRIC_REPRESENTATION_CONTEXT(2) 
PARAMETRIC_REPRESENTATION_CONTEXT() REPRESENTATION_CONTEXT('2D SPACE',''
  ) );
#391 = PCURVE('',#392,#397);
#392 = CYLINDRICAL_SURFACE('',#393,2.);
#393 = AXIS2_PLACEMENT_3D('',#394,#395,#396);
#394 = CARTESIAN_POINT('',(-6.518737304106,-2.,123.));
#395 = DIRECTION('',(1.,0.,0.));
#396 = DIRECTION('',(0.,1.,-2.2E-16));
#397 = DEFINITIONAL_REPRESENTATION('',(#398),#402);
#398 = LINE('',#399,#400);
#399 = CARTESIAN_POINT('',(0.,0.));
#400 = VECTOR('',#401,1.);
#401 = DIRECTION('',(0.,1.));
#402 = ( GEOMETRIC_REPRESENTATION_CONTEXT(2) 
PARAMETRIC_REPRESENTATION_CONTEXT() REPRESENTATION_CONTEXT('2D SPACE',''
  ) );
#403 = ORIENTED_EDGE('',*,*,#404,.T.);
#404 = EDGE_CURVE('',#377,#405,#407,.T.);
#405 = VERTEX_POINT('',#406);
#406 = CARTESIAN_POINT('',(19.502498307214,0.,110.64957695015));
#407 = SURFACE_CURVE('',#408,(#413,#420),.PCURVE_S1.);
#408 = CIRCLE('',#409,13.);
#409 = AXIS2_PLACEMENT_3D('',#410,#411,#412);
#410 = CARTESIAN_POINT('',(6.518737304106,2.442E-14,110.));
#411 = DIRECTION('',(0.,1.,-2.2E-16));
#412 = DIRECTION('',(6.E-17,2.2E-16,1.));
#413 = PCURVE('',#32,#414);
#414 = DEFINITIONAL_REPRESENTATION('',(#415),#419);
#415 = CIRCLE('',#416,13.);
#416 = AXIS2_PLACEMENT_2D('',#417,#418);
#417 = CARTESIAN_POINT('',(-47.00099712866,-6.518737310642));
#418 = DIRECTION('',(-1.,-6.E-17));
#419 = ( GEOMETRIC_REPRESENTATION_CONTEXT(2) 
PARAMETRIC_REPRESENTATION_CONTEXT() REPRESENTATION_CONTEXT('2D SPACE',''
  ) );
#420 = PCURVE('',#421,#426);
#421 = TOROIDAL_SURFACE('',#422,13.,2.);
#422 = AXIS2_PLACEMENT_3D('',#423,#424,#425);
#423 = CARTESIAN_POINT('',(6.518737304106,-2.,110.));
#424 = DIRECTION('',(0.,-1.,2.2E-16));
#425 = DIRECTION('',(6.E-17,2.2E-16,1.));
#426 = DEFINITIONAL_REPRESENTATION('',(#427),#431);
#427 = LINE('',#428,#429);
#428 = CARTESIAN_POINT('',(-0.,4.712388980385));
#429 = VECTOR('',#430,1.);
#430 = DIRECTION('',(-1.,0.));
#431 = ( GEOMETRIC_REPRESENTATION_CONTEXT(2) 
PARAMETRIC_REPRESENTATION_CONTEXT() REPRESENTATION_CONTEXT('2D SPACE',''
  ) );
#432 = ORIENTED_EDGE('',*,*,#433,.T.);
#433 = EDGE_CURVE('',#405,#434,#436,.T.);
#434 = VERTEX_POINT('',#435);
#435 = CARTESIAN_POINT('',(21.,0.,108.19395674667));
#436 = SURFACE_CURVE('',#437,(#442,#453),.PCURVE_S1.);
#437 = CIRCLE('',#438,3.012747307136);
#438 = AXIS2_PLACEMENT_3D('',#439,#440,#441);
#439 = CARTESIAN_POINT('',(22.511482226985,2.46E-14,110.80011633774));
#440 = DIRECTION('',(0.,-1.,2.2E-16));
#441 = DIRECTION('',(-0.998750843234,-1.099285458709E-17,
    -4.99675208504E-02));
#442 = PCURVE('',#32,#443);
#443 = DEFINITIONAL_REPRESENTATION('',(#444),#452);
#444 = ( BOUNDED_CURVE() B_SPLINE_CURVE(2,(#445,#446,#447,#448,#449,#450
,#451),.UNSPECIFIED.,.T.,.F.) B_SPLINE_CURVE_WITH_KNOTS((1,2,2,2,2,1),(
    -2.094395102393,0.,2.094395102393,4.188790204786,6.28318530718,
8.377580409573),.UNSPECIFIED.) CURVE() GEOMETRIC_REPRESENTATION_ITEM() 
RATIONAL_B_SPLINE_CURVE((1.,0.5,1.,0.5,1.,0.5,1.)) REPRESENTATION_ITEM(
  '') );
#445 = CARTESIAN_POINT('',(-47.65057395252,-19.50249832006));
#446 = CARTESIAN_POINT('',(-42.43886093526,-19.76324040666));
#447 = CARTESIAN_POINT('',(-45.27052671472,-24.14634523354));
#448 = CARTESIAN_POINT('',(-48.10219249418,-28.52945006042));
#449 = CARTESIAN_POINT('',(-50.48223973198,-23.88560314694));
#450 = CARTESIAN_POINT('',(-52.86228696977,-19.24175623347));
#451 = CARTESIAN_POINT('',(-47.65057395252,-19.50249832006));
#452 = ( GEOMETRIC_REPRESENTATION_CONTEXT(2) 
PARAMETRIC_REPRESENTATION_CONTEXT() REPRESENTATION_CONTEXT('2D SPACE',''
  ) );
#453 = PCURVE('',#454,#459);
#454 = TOROIDAL_SURFACE('',#455,3.012747307136,2.);
#455 = AXIS2_PLACEMENT_3D('',#456,#457,#458);
#456 = CARTESIAN_POINT('',(22.511482226985,-2.,110.80011633774));
#457 = DIRECTION('',(0.,1.,-2.2E-16));
#458 = DIRECTION('',(-0.998750843234,-1.099285458709E-17,
    -4.99675208504E-02));
#459 = DEFINITIONAL_REPRESENTATION('',(#460),#464);
#460 = LINE('',#461,#462);
#461 = CARTESIAN_POINT('',(-0.,1.570796326795));
#462 = VECTOR('',#463,1.);
#463 = DIRECTION('',(-1.,0.));
#464 = ( GEOMETRIC_REPRESENTATION_CONTEXT(2) 
PARAMETRIC_REPRESENTATION_CONTEXT() REPRESENTATION_CONTEXT('2D SPACE',''
  ) );
#465 = ORIENTED_EDGE('',*,*,#466,.T.);
#466 = EDGE_CURVE('',#434,#467,#469,.T.);
#467 = VERTEX_POINT('',#468);
#468 = CARTESIAN_POINT('',(21.,1.E-15,80.767472786049));
#469 = SURFACE_CURVE('',#470,(#474,#481),.PCURVE_S1.);
#470 = LINE('',#471,#472);
#471 = CARTESIAN_POINT('',(21.,2.468E-14,108.84363689035));
#472 = VECTOR('',#473,1.);
#473 = DIRECTION('',(0.,-2.2E-16,-1.));
#474 = PCURVE('',#32,#475);
#475 = DEFINITIONAL_REPRESENTATION('',(#476),#480);
#476 = LINE('',#477,#478);
#477 = CARTESIAN_POINT('',(-45.84463401901,-21.00000000653));
#478 = VECTOR('',#479,1.);
#479 = DIRECTION('',(1.,0.));
#480 = ( GEOMETRIC_REPRESENTATION_CONTEXT(2) 
PARAMETRIC_REPRESENTATION_CONTEXT() REPRESENTATION_CONTEXT('2D SPACE',''
  ) );
#481 = PCURVE('',#482,#487);
#482 = CYLINDRICAL_SURFACE('',#483,2.);
#483 = AXIS2_PLACEMENT_3D('',#484,#485,#486);
#484 = CARTESIAN_POINT('',(21.,-2.,108.84363689035));
#485 = DIRECTION('',(0.,-2.2E-16,-1.));
#486 = DIRECTION('',(0.,1.,-2.2E-16));
#487 = DEFINITIONAL_REPRESENTATION('',(#488),#492);
#488 = LINE('',#489,#490);
#489 = CARTESIAN_POINT('',(0.,0.));
#490 = VECTOR('',#491,1.);
#491 = DIRECTION('',(0.,1.));
#492 = ( GEOMETRIC_REPRESENTATION_CONTEXT(2) 
PARAMETRIC_REPRESENTATION_CONTEXT() REPRESENTATION_CONTEXT('2D SPACE',''
  ) );
#493 = ORIENTED_EDGE('',*,*,#494,.T.);
#494 = EDGE_CURVE('',#467,#495,#497,.T.);
#495 = VERTEX_POINT('',#496);
#496 = CARTESIAN_POINT('',(17.946968439817,0.,77.375214902992));
#497 = SURFACE_CURVE('',#498,(#502,#509),.PCURVE_S1.);
#498 = LINE('',#499,#500);
#499 = CARTESIAN_POINT('',(21.,1.804E-14,80.767472786049));
#500 = VECTOR('',#501,1.);
#501 = DIRECTION('',(-0.668964666909,-1.7E-16,-0.74329420449));
#502 = PCURVE('',#32,#503);
#503 = DEFINITIONAL_REPRESENTATION('',(#504),#508);
#504 = LINE('',#505,#506);
#505 = CARTESIAN_POINT('',(-17.7684699147,-21.00000000653));
#506 = VECTOR('',#507,1.);
#507 = DIRECTION('',(0.74329420449,0.668964666909));
#508 = ( GEOMETRIC_REPRESENTATION_CONTEXT(2) 
PARAMETRIC_REPRESENTATION_CONTEXT() REPRESENTATION_CONTEXT('2D SPACE',''
  ) );
#509 = PCURVE('',#510,#515);
#510 = CYLINDRICAL_SURFACE('',#511,2.);
#511 = AXIS2_PLACEMENT_3D('',#512,#513,#514);
#512 = CARTESIAN_POINT('',(21.,-2.,80.767472786049));
#513 = DIRECTION('',(-0.668964666909,-1.7E-16,-0.74329420449));
#514 = DIRECTION('',(-4.331730191738E-18,1.,-2.248130343891E-16));
#515 = DEFINITIONAL_REPRESENTATION('',(#516),#520);
#516 = LINE('',#517,#518);
#517 = CARTESIAN_POINT('',(0.,0.));
#518 = VECTOR('',#519,1.);
#519 = DIRECTION('',(0.,1.));
#520 = ( GEOMETRIC_REPRESENTATION_CONTEXT(2) 
PARAMETRIC_REPRESENTATION_CONTEXT() REPRESENTATION_CONTEXT('2D SPACE',''
  ) );
#521 = ORIENTED_EDGE('',*,*,#522,.F.);
#522 = EDGE_CURVE('',#523,#495,#525,.T.);
#523 = VERTEX_POINT('',#524);
#524 = CARTESIAN_POINT('',(25.968133329416,0.,67.81596282899));
#525 = SURFACE_CURVE('',#526,(#530,#537),.PCURVE_S1.);
#526 = LINE('',#527,#528);
#527 = CARTESIAN_POINT('',(25.968133329453,1.514E-14,67.815962828946));
#528 = VECTOR('',#529,1.);
#529 = DIRECTION('',(-0.642787609685,1.7E-16,0.76604444312));
#530 = PCURVE('',#32,#531);
#531 = DEFINITIONAL_REPRESENTATION('',(#532),#536);
#532 = LINE('',#533,#534);
#533 = CARTESIAN_POINT('',(-4.816959957606,-25.96813333598));
#534 = VECTOR('',#535,1.);
#535 = DIRECTION('',(-0.76604444312,0.642787609685));
#536 = ( GEOMETRIC_REPRESENTATION_CONTEXT(2) 
PARAMETRIC_REPRESENTATION_CONTEXT() REPRESENTATION_CONTEXT('2D SPACE',''
  ) );
#537 = PCURVE('',#538,#543);
#538 = CYLINDRICAL_SURFACE('',#539,2.);
#539 = AXIS2_PLACEMENT_3D('',#540,#541,#542);
#540 = CARTESIAN_POINT('',(25.968133329453,-2.,67.815962828946));
#541 = DIRECTION('',(-0.642787609685,1.7E-16,0.76604444312));
#542 = DIRECTION('',(9.450408152114E-19,1.,-2.211262557867E-16));
#543 = DEFINITIONAL_REPRESENTATION('',(#544),#548);
#544 = LINE('',#545,#546);
#545 = CARTESIAN_POINT('',(-0.,0.));
#546 = VECTOR('',#547,1.);
#547 = DIRECTION('',(-0.,1.));
#548 = ( GEOMETRIC_REPRESENTATION_CONTEXT(2) 
PARAMETRIC_REPRESENTATION_CONTEXT() REPRESENTATION_CONTEXT('2D SPACE',''
  ) );
#549 = ORIENTED_EDGE('',*,*,#550,.F.);
#550 = EDGE_CURVE('',#551,#523,#553,.T.);
#551 = VERTEX_POINT('',#552);
#552 = CARTESIAN_POINT('',(26.67,1.E-15,65.8876));
#553 = SURFACE_CURVE('',#554,(#559,#570),.PCURVE_S1.);
#554 = CIRCLE('',#555,3.);
#555 = AXIS2_PLACEMENT_3D('',#556,#557,#558);
#556 = CARTESIAN_POINT('',(23.67,1.463E-14,65.8876));
#557 = DIRECTION('',(0.,-1.,2.2E-16));
#558 = DIRECTION('',(1.,3.96E-32,1.8E-16));
#559 = PCURVE('',#32,#560);
#560 = DEFINITIONAL_REPRESENTATION('',(#561),#569);
#561 = ( BOUNDED_CURVE() B_SPLINE_CURVE(2,(#562,#563,#564,#565,#566,#567
,#568),.UNSPECIFIED.,.T.,.F.) B_SPLINE_CURVE_WITH_KNOTS((1,2,2,2,2,1),(
    -2.094395102393,0.,2.094395102393,4.188790204786,6.28318530718,
8.377580409573),.UNSPECIFIED.) CURVE() GEOMETRIC_REPRESENTATION_ITEM() 
RATIONAL_B_SPLINE_CURVE((1.,0.5,1.,0.5,1.,0.5,1.)) REPRESENTATION_ITEM(
  '') );
#562 = CARTESIAN_POINT('',(-2.88859712866,-26.67000000653));
#563 = CARTESIAN_POINT('',(-8.084749551367,-26.67000000653));
#564 = CARTESIAN_POINT('',(-5.486673340013,-22.17000000653));
#565 = CARTESIAN_POINT('',(-2.88859712866,-17.67000000653));
#566 = CARTESIAN_POINT('',(-0.290520917307,-22.17000000653));
#567 = CARTESIAN_POINT('',(2.307555294047,-26.67000000653));
#568 = CARTESIAN_POINT('',(-2.88859712866,-26.67000000653));
#569 = ( GEOMETRIC_REPRESENTATION_CONTEXT(2) 
PARAMETRIC_REPRESENTATION_CONTEXT() REPRESENTATION_CONTEXT('2D SPACE',''
  ) );
#570 = PCURVE('',#571,#576);
#571 = TOROIDAL_SURFACE('',#572,3.,2.);
#572 = AXIS2_PLACEMENT_3D('',#573,#574,#575);
#573 = CARTESIAN_POINT('',(23.67,-2.,65.8876));
#574 = DIRECTION('',(0.,-1.,2.2E-16));
#575 = DIRECTION('',(1.,3.96E-32,1.8E-16));
#576 = DEFINITIONAL_REPRESENTATION('',(#577),#581);
#577 = LINE('',#578,#579);
#578 = CARTESIAN_POINT('',(0.,4.712388980385));
#579 = VECTOR('',#580,1.);
#580 = DIRECTION('',(1.,0.));
#581 = ( GEOMETRIC_REPRESENTATION_CONTEXT(2) 
PARAMETRIC_REPRESENTATION_CONTEXT() REPRESENTATION_CONTEXT('2D SPACE',''
  ) );
#582 = ORIENTED_EDGE('',*,*,#583,.F.);
#583 = EDGE_CURVE('',#584,#551,#586,.T.);
#584 = VERTEX_POINT('',#585);
#585 = CARTESIAN_POINT('',(26.67,0.,53.0176));
#586 = SURFACE_CURVE('',#587,(#591,#598),.PCURVE_S1.);
#587 = LINE('',#588,#589);
#588 = CARTESIAN_POINT('',(26.67,1.243E-14,53.0176));
#589 = VECTOR('',#590,1.);
#590 = DIRECTION('',(0.,2.2E-16,1.));
#591 = PCURVE('',#32,#592);
#592 = DEFINITIONAL_REPRESENTATION('',(#593),#597);
#593 = LINE('',#594,#595);
#594 = CARTESIAN_POINT('',(9.98140287134,-26.67000000653));
#595 = VECTOR('',#596,1.);
#596 = DIRECTION('',(-1.,0.));
#597 = ( GEOMETRIC_REPRESENTATION_CONTEXT(2) 
PARAMETRIC_REPRESENTATION_CONTEXT() REPRESENTATION_CONTEXT('2D SPACE',''
  ) );
#598 = PCURVE('',#599,#604);
#599 = CYLINDRICAL_SURFACE('',#600,2.);
#600 = AXIS2_PLACEMENT_3D('',#601,#602,#603);
#601 = CARTESIAN_POINT('',(26.67,-2.,53.0176));
#602 = DIRECTION('',(0.,2.2E-16,1.));
#603 = DIRECTION('',(0.,1.,-2.2E-16));
#604 = DEFINITIONAL_REPRESENTATION('',(#605),#609);
#605 = LINE('',#606,#607);
#606 = CARTESIAN_POINT('',(-0.,0.));
#607 = VECTOR('',#608,1.);
#608 = DIRECTION('',(-0.,1.));
#609 = ( GEOMETRIC_REPRESENTATION_CONTEXT(2) 
PARAMETRIC_REPRESENTATION_CONTEXT() REPRESENTATION_CONTEXT('2D SPACE',''
  ) );
#610 = ORIENTED_EDGE('',*,*,#611,.F.);
#611 = EDGE_CURVE('',#612,#584,#614,.T.);
#612 = VERTEX_POINT('',#613);
#613 = CARTESIAN_POINT('',(25.968133329479,0.,51.089237171036));
#614 = SURFACE_CURVE('',#615,(#620,#631),.PCURVE_S1.);
#615 = CIRCLE('',#616,3.);
#616 = AXIS2_PLACEMENT_3D('',#617,#618,#619);
#617 = CARTESIAN_POINT('',(23.67,1.177E-14,53.0176));
#618 = DIRECTION('',(-1.232595164408E-32,-1.,2.2E-16));
#619 = DIRECTION('',(0.766044443139,-1.414132741259E-16,-0.642787609663)
  );
#620 = PCURVE('',#32,#621);
#621 = DEFINITIONAL_REPRESENTATION('',(#622),#630);
#622 = ( BOUNDED_CURVE() B_SPLINE_CURVE(2,(#623,#624,#625,#626,#627,#628
,#629),.UNSPECIFIED.,.T.,.F.) B_SPLINE_CURVE_WITH_KNOTS((1,2,2,2,2,1),(
    -2.094395102393,0.,2.094395102393,4.188790204786,6.28318530718,
8.377580409573),.UNSPECIFIED.) CURVE() GEOMETRIC_REPRESENTATION_ITEM() 
RATIONAL_B_SPLINE_CURVE((1.,0.5,1.,0.5,1.,0.5,1.)) REPRESENTATION_ITEM(
  '') );
#623 = CARTESIAN_POINT('',(11.90976570033,-25.96813333595));
#624 = CARTESIAN_POINT('',(7.929282011214,-29.30815573118));
#625 = CARTESIAN_POINT('',(7.026979612287,-24.19094453944));
#626 = CARTESIAN_POINT('',(6.124677213361,-19.0737333477));
#627 = CARTESIAN_POINT('',(11.007463301403,-20.8509221442));
#628 = CARTESIAN_POINT('',(15.890249389445,-22.62811094071));
#629 = CARTESIAN_POINT('',(11.90976570033,-25.96813333595));
#630 = ( GEOMETRIC_REPRESENTATION_CONTEXT(2) 
PARAMETRIC_REPRESENTATION_CONTEXT() REPRESENTATION_CONTEXT('2D SPACE',''
  ) );
#631 = PCURVE('',#632,#637);
#632 = TOROIDAL_SURFACE('',#633,3.,2.);
#633 = AXIS2_PLACEMENT_3D('',#634,#635,#636);
#634 = CARTESIAN_POINT('',(23.67,-2.,53.0176));
#635 = DIRECTION('',(0.,-1.,2.2E-16));
#636 = DIRECTION('',(0.766044443139,-1.414132741259E-16,-0.642787609663)
  );
#637 = DEFINITIONAL_REPRESENTATION('',(#638),#642);
#638 = LINE('',#639,#640);
#639 = CARTESIAN_POINT('',(0.,4.712388980385));
#640 = VECTOR('',#641,1.);
#641 = DIRECTION('',(1.,0.));
#642 = ( GEOMETRIC_REPRESENTATION_CONTEXT(2) 
PARAMETRIC_REPRESENTATION_CONTEXT() REPRESENTATION_CONTEXT('2D SPACE',''
  ) );
#643 = ORIENTED_EDGE('',*,*,#644,.F.);
#644 = EDGE_CURVE('',#645,#612,#647,.T.);
#645 = VERTEX_POINT('',#646);
#646 = CARTESIAN_POINT('',(15.674558739532,0.,38.821832672829));
#647 = SURFACE_CURVE('',#648,(#652,#659),.PCURVE_S1.);
#648 = LINE('',#649,#650);
#649 = CARTESIAN_POINT('',(16.10580829392,9.03E-15,39.335775878575));
#650 = VECTOR('',#651,1.);
#651 = DIRECTION('',(0.642787609686,1.7E-16,0.766044443119));
#652 = PCURVE('',#32,#653);
#653 = DEFINITIONAL_REPRESENTATION('',(#654),#658);
#654 = LINE('',#655,#656);
#655 = CARTESIAN_POINT('',(23.663226992765,-16.10580830045));
#656 = VECTOR('',#657,1.);
#657 = DIRECTION('',(-0.766044443119,-0.642787609686));
#658 = ( GEOMETRIC_REPRESENTATION_CONTEXT(2) 
PARAMETRIC_REPRESENTATION_CONTEXT() REPRESENTATION_CONTEXT('2D SPACE',''
  ) );
#659 = PCURVE('',#660,#665);
#660 = CYLINDRICAL_SURFACE('',#661,2.);
#661 = AXIS2_PLACEMENT_3D('',#662,#663,#664);
#662 = CARTESIAN_POINT('',(16.10580829392,-2.,39.335775878575));
#663 = DIRECTION('',(0.642787609686,1.7E-16,0.766044443119));
#664 = DIRECTION('',(-9.450408153619E-19,1.,-2.211262557869E-16));
#665 = DEFINITIONAL_REPRESENTATION('',(#666),#670);
#666 = LINE('',#667,#668);
#667 = CARTESIAN_POINT('',(-0.,0.));
#668 = VECTOR('',#669,1.);
#669 = DIRECTION('',(-0.,1.));
#670 = ( GEOMETRIC_REPRESENTATION_CONTEXT(2) 
PARAMETRIC_REPRESENTATION_CONTEXT() REPRESENTATION_CONTEXT('2D SPACE',''
  ) );
#671 = ORIENTED_EDGE('',*,*,#672,.F.);
#672 = EDGE_CURVE('',#673,#645,#675,.T.);
#673 = VERTEX_POINT('',#674);
#674 = CARTESIAN_POINT('',(13.994836105315,0.,5.796814144996));
#675 = SURFACE_CURVE('',#676,(#680,#687),.PCURVE_S1.);
#676 = LINE('',#677,#678);
#677 = CARTESIAN_POINT('',(13.994836105315,1.6E-15,5.796814144996));
#678 = VECTOR('',#679,1.);
#679 = DIRECTION('',(5.07964637509E-02,2.2E-16,0.998709026329));
#680 = PCURVE('',#32,#681);
#681 = DEFINITIONAL_REPRESENTATION('',(#682),#686);
#682 = LINE('',#683,#684);
#683 = CARTESIAN_POINT('',(57.202188726343,-13.99483611185));
#684 = VECTOR('',#685,1.);
#685 = DIRECTION('',(-0.998709026329,-5.07964637509E-02));
#686 = ( GEOMETRIC_REPRESENTATION_CONTEXT(2) 
PARAMETRIC_REPRESENTATION_CONTEXT() REPRESENTATION_CONTEXT('2D SPACE',''
  ) );
#687 = PCURVE('',#688,#693);
#688 = CYLINDRICAL_SURFACE('',#689,2.);
#689 = AXIS2_PLACEMENT_3D('',#690,#691,#692);
#690 = CARTESIAN_POINT('',(13.994836105315,-2.,5.796814144996));
#691 = DIRECTION('',(5.07964637509E-02,2.2E-16,0.998709026329));
#692 = DIRECTION('',(-1.442691740555E-20,1.,-2.202836475528E-16));
#693 = DEFINITIONAL_REPRESENTATION('',(#694),#698);
#694 = LINE('',#695,#696);
#695 = CARTESIAN_POINT('',(-0.,0.));
#696 = VECTOR('',#697,1.);
#697 = DIRECTION('',(-0.,1.));
#698 = ( GEOMETRIC_REPRESENTATION_CONTEXT(2) 
PARAMETRIC_REPRESENTATION_CONTEXT() REPRESENTATION_CONTEXT('2D SPACE',''
  ) );
#699 = ORIENTED_EDGE('',*,*,#700,.F.);
#700 = EDGE_CURVE('',#701,#673,#703,.T.);
#701 = VERTEX_POINT('',#702);
#702 = CARTESIAN_POINT('',(10.,0.,2.));
#703 = SURFACE_CURVE('',#704,(#709,#720),.PCURVE_S1.);
#704 = CIRCLE('',#705,4.);
#705 = AXIS2_PLACEMENT_3D('',#706,#707,#708);
#706 = CARTESIAN_POINT('',(10.,1.33E-15,6.));
#707 = DIRECTION('',(0.,-1.,2.2E-16));
#708 = DIRECTION('',(-3.E-16,-2.2E-16,-1.));
#709 = PCURVE('',#32,#710);
#710 = DEFINITIONAL_REPRESENTATION('',(#711),#719);
#711 = ( BOUNDED_CURVE() B_SPLINE_CURVE(2,(#712,#713,#714,#715,#716,#717
,#718),.UNSPECIFIED.,.T.,.F.) B_SPLINE_CURVE_WITH_KNOTS((1,2,2,2,2,1),(
    -2.094395102393,0.,2.094395102393,4.188790204786,6.28318530718,
8.377580409573),.UNSPECIFIED.) CURVE() GEOMETRIC_REPRESENTATION_ITEM() 
RATIONAL_B_SPLINE_CURVE((1.,0.5,1.,0.5,1.,0.5,1.)) REPRESENTATION_ITEM(
  '') );
#712 = CARTESIAN_POINT('',(60.99900287134,-10.00000000653));
#713 = CARTESIAN_POINT('',(60.99900287134,-16.92820323681));
#714 = CARTESIAN_POINT('',(54.99900287134,-13.46410162167));
#715 = CARTESIAN_POINT('',(48.99900287134,-10.00000000653));
#716 = CARTESIAN_POINT('',(54.99900287134,-6.535898391398));
#717 = CARTESIAN_POINT('',(60.99900287134,-3.07179677626));
#718 = CARTESIAN_POINT('',(60.99900287134,-10.00000000653));
#719 = ( GEOMETRIC_REPRESENTATION_CONTEXT(2) 
PARAMETRIC_REPRESENTATION_CONTEXT() REPRESENTATION_CONTEXT('2D SPACE',''
  ) );
#720 = PCURVE('',#721,#726);
#721 = TOROIDAL_SURFACE('',#722,4.,2.);
#722 = AXIS2_PLACEMENT_3D('',#723,#724,#725);
#723 = CARTESIAN_POINT('',(10.,-2.,6.));
#724 = DIRECTION('',(0.,-1.,2.2E-16));
#725 = DIRECTION('',(-3.E-16,-2.2E-16,-1.));
#726 = DEFINITIONAL_REPRESENTATION('',(#727),#731);
#727 = LINE('',#728,#729);
#728 = CARTESIAN_POINT('',(0.,4.712388980385));
#729 = VECTOR('',#730,1.);
#730 = DIRECTION('',(1.,0.));
#731 = ( GEOMETRIC_REPRESENTATION_CONTEXT(2) 
PARAMETRIC_REPRESENTATION_CONTEXT() REPRESENTATION_CONTEXT('2D SPACE',''
  ) );
#732 = ORIENTED_EDGE('',*,*,#733,.F.);
#733 = EDGE_CURVE('',#734,#701,#736,.T.);
#734 = VERTEX_POINT('',#735);
#735 = CARTESIAN_POINT('',(-10.,0.,2.));
#736 = SURFACE_CURVE('',#737,(#741,#748),.PCURVE_S1.);
#737 = LINE('',#738,#739);
#738 = CARTESIAN_POINT('',(-10.,8.9E-16,2.));
#739 = VECTOR('',#740,1.);
#740 = DIRECTION('',(1.,0.,0.));
#741 = PCURVE('',#32,#742);
#742 = DEFINITIONAL_REPRESENTATION('',(#743),#747);
#743 = LINE('',#744,#745);
#744 = CARTESIAN_POINT('',(60.99900287134,9.999999993464));
#745 = VECTOR('',#746,1.);
#746 = DIRECTION('',(0.,-1.));
#747 = ( GEOMETRIC_REPRESENTATION_CONTEXT(2) 
PARAMETRIC_REPRESENTATION_CONTEXT() REPRESENTATION_CONTEXT('2D SPACE',''
  ) );
#748 = PCURVE('',#749,#754);
#749 = CYLINDRICAL_SURFACE('',#750,2.);
#750 = AXIS2_PLACEMENT_3D('',#751,#752,#753);
#751 = CARTESIAN_POINT('',(-10.,-2.,2.));
#752 = DIRECTION('',(1.,0.,0.));
#753 = DIRECTION('',(0.,1.,-2.2E-16));
#754 = DEFINITIONAL_REPRESENTATION('',(#755),#759);
#755 = LINE('',#756,#757);
#756 = CARTESIAN_POINT('',(-0.,0.));
#757 = VECTOR('',#758,1.);
#758 = DIRECTION('',(-0.,1.));
#759 = ( GEOMETRIC_REPRESENTATION_CONTEXT(2) 
PARAMETRIC_REPRESENTATION_CONTEXT() REPRESENTATION_CONTEXT('2D SPACE',''
  ) );
#760 = ORIENTED_EDGE('',*,*,#761,.F.);
#761 = EDGE_CURVE('',#762,#734,#764,.T.);
#762 = VERTEX_POINT('',#763);
#763 = CARTESIAN_POINT('',(-13.99483610531,0.,5.796814144996));
#764 = SURFACE_CURVE('',#765,(#770,#781),.PCURVE_S1.);
#765 = CIRCLE('',#766,4.);
#766 = AXIS2_PLACEMENT_3D('',#767,#768,#769);
#767 = CARTESIAN_POINT('',(-10.,1.33E-15,6.));
#768 = DIRECTION('',(0.,-1.,2.2E-16));
#769 = DIRECTION('',(-0.998709026329,-1.11752220252E-17,
    -5.07964637509E-02));
#770 = PCURVE('',#32,#771);
#771 = DEFINITIONAL_REPRESENTATION('',(#772),#780);
#772 = ( BOUNDED_CURVE() B_SPLINE_CURVE(2,(#773,#774,#775,#776,#777,#778
,#779),.UNSPECIFIED.,.T.,.F.) B_SPLINE_CURVE_WITH_KNOTS((1,2,2,2,2,1),(
    -2.094395102393,0.,2.094395102393,4.188790204786,6.28318530718,
8.377580409573),.UNSPECIFIED.) CURVE() GEOMETRIC_REPRESENTATION_ITEM() 
RATIONAL_B_SPLINE_CURVE((1.,0.5,1.,0.5,1.,0.5,1.)) REPRESENTATION_ITEM(
  '') );
#773 = CARTESIAN_POINT('',(57.202188726343,13.994836098779));
#774 = CARTESIAN_POINT('',(64.121447828659,13.642907874533));
#775 = CARTESIAN_POINT('',(60.357039494996,7.826617828684));
#776 = CARTESIAN_POINT('',(56.592631161333,2.010327782835));
#777 = CARTESIAN_POINT('',(53.43778039268,8.178546052929));
#778 = CARTESIAN_POINT('',(50.282929624028,14.346764323024));
#779 = CARTESIAN_POINT('',(57.202188726343,13.994836098779));
#780 = ( GEOMETRIC_REPRESENTATION_CONTEXT(2) 
PARAMETRIC_REPRESENTATION_CONTEXT() REPRESENTATION_CONTEXT('2D SPACE',''
  ) );
#781 = PCURVE('',#782,#787);
#782 = TOROIDAL_SURFACE('',#783,4.,2.);
#783 = AXIS2_PLACEMENT_3D('',#784,#785,#786);
#784 = CARTESIAN_POINT('',(-10.,-2.,6.));
#785 = DIRECTION('',(0.,-1.,2.2E-16));
#786 = DIRECTION('',(-0.998709026329,-1.11752220252E-17,
    -5.07964637509E-02));
#787 = DEFINITIONAL_REPRESENTATION('',(#788),#792);
#788 = LINE('',#789,#790);
#789 = CARTESIAN_POINT('',(0.,4.712388980385));
#790 = VECTOR('',#791,1.);
#791 = DIRECTION('',(1.,0.));
#792 = ( GEOMETRIC_REPRESENTATION_CONTEXT(2) 
PARAMETRIC_REPRESENTATION_CONTEXT() REPRESENTATION_CONTEXT('2D SPACE',''
  ) );
#793 = ORIENTED_EDGE('',*,*,#794,.F.);
#794 = EDGE_CURVE('',#795,#762,#797,.T.);
#795 = VERTEX_POINT('',#796);
#796 = CARTESIAN_POINT('',(-15.67455873953,1.E-15,38.821832672829));
#797 = SURFACE_CURVE('',#798,(#802,#809),.PCURVE_S1.);
#798 = LINE('',#799,#800);
#799 = CARTESIAN_POINT('',(-15.6404791275,8.85E-15,38.151793586704));
#800 = VECTOR('',#801,1.);
#801 = DIRECTION('',(5.07964637509E-02,-2.2E-16,-0.998709026329));
#802 = PCURVE('',#32,#803);
#803 = DEFINITIONAL_REPRESENTATION('',(#804),#808);
#804 = LINE('',#805,#806);
#805 = CARTESIAN_POINT('',(24.847209284636,15.640479120964));
#806 = VECTOR('',#807,1.);
#807 = DIRECTION('',(0.998709026329,-5.07964637509E-02));
#808 = ( GEOMETRIC_REPRESENTATION_CONTEXT(2) 
PARAMETRIC_REPRESENTATION_CONTEXT() REPRESENTATION_CONTEXT('2D SPACE',''
  ) );
#809 = PCURVE('',#810,#815);
#810 = CYLINDRICAL_SURFACE('',#811,2.);
#811 = AXIS2_PLACEMENT_3D('',#812,#813,#814);
#812 = CARTESIAN_POINT('',(-15.6404791275,-2.,38.151793586704));
#813 = DIRECTION('',(5.07964637509E-02,-2.2E-16,-0.998709026329));
#814 = DIRECTION('',(1.442691740555E-20,1.,-2.202836475528E-16));
#815 = DEFINITIONAL_REPRESENTATION('',(#816),#820);
#816 = LINE('',#817,#818);
#817 = CARTESIAN_POINT('',(-0.,0.));
#818 = VECTOR('',#819,1.);
#819 = DIRECTION('',(-0.,1.));
#820 = ( GEOMETRIC_REPRESENTATION_CONTEXT(2) 
PARAMETRIC_REPRESENTATION_CONTEXT() REPRESENTATION_CONTEXT('2D SPACE',''
  ) );
#821 = ORIENTED_EDGE('',*,*,#822,.T.);
#822 = EDGE_CURVE('',#795,#823,#825,.T.);
#823 = VERTEX_POINT('',#824);
#824 = CARTESIAN_POINT('',(-25.96813332947,0.,51.089237171036));
#825 = SURFACE_CURVE('',#826,(#830,#837),.PCURVE_S1.);
#826 = LINE('',#827,#828);
#827 = CARTESIAN_POINT('',(-16.10580829392,9.03E-15,39.335775878575));
#828 = VECTOR('',#829,1.);
#829 = DIRECTION('',(-0.642787609686,1.7E-16,0.766044443119));
#830 = PCURVE('',#32,#831);
#831 = DEFINITIONAL_REPRESENTATION('',(#832),#836);
#832 = LINE('',#833,#834);
#833 = CARTESIAN_POINT('',(23.663226992765,16.105808287384));
#834 = VECTOR('',#835,1.);
#835 = DIRECTION('',(-0.766044443119,0.642787609686));
#836 = ( GEOMETRIC_REPRESENTATION_CONTEXT(2) 
PARAMETRIC_REPRESENTATION_CONTEXT() REPRESENTATION_CONTEXT('2D SPACE',''
  ) );
#837 = PCURVE('',#838,#843);
#838 = CYLINDRICAL_SURFACE('',#839,2.);
#839 = AXIS2_PLACEMENT_3D('',#840,#841,#842);
#840 = CARTESIAN_POINT('',(-16.10580829392,-2.,39.335775878575));
#841 = DIRECTION('',(-0.642787609686,1.7E-16,0.766044443119));
#842 = DIRECTION('',(9.450408153619E-19,1.,-2.211262557869E-16));
#843 = DEFINITIONAL_REPRESENTATION('',(#844),#848);
#844 = LINE('',#845,#846);
#845 = CARTESIAN_POINT('',(0.,0.));
#846 = VECTOR('',#847,1.);
#847 = DIRECTION('',(0.,1.));
#848 = ( GEOMETRIC_REPRESENTATION_CONTEXT(2) 
PARAMETRIC_REPRESENTATION_CONTEXT() REPRESENTATION_CONTEXT('2D SPACE',''
  ) );
#849 = ORIENTED_EDGE('',*,*,#850,.T.);
#850 = EDGE_CURVE('',#823,#851,#853,.T.);
#851 = VERTEX_POINT('',#852);
#852 = CARTESIAN_POINT('',(-26.67,0.,53.0176));
#853 = SURFACE_CURVE('',#854,(#859,#866),.PCURVE_S1.);
#854 = CIRCLE('',#855,3.);
#855 = AXIS2_PLACEMENT_3D('',#856,#857,#858);
#856 = CARTESIAN_POINT('',(-23.67,1.177E-14,53.0176));
#857 = DIRECTION('',(-1.232595164408E-32,1.,-2.2E-16));
#858 = DIRECTION('',(-0.766044443139,-1.414132741259E-16,-0.642787609663
    ));
#859 = PCURVE('',#32,#860);
#860 = DEFINITIONAL_REPRESENTATION('',(#861),#865);
#861 = CIRCLE('',#862,3.);
#862 = AXIS2_PLACEMENT_2D('',#863,#864);
#863 = CARTESIAN_POINT('',(9.98140287134,23.669999993464));
#864 = DIRECTION('',(0.642787609663,0.766044443139));
#865 = ( GEOMETRIC_REPRESENTATION_CONTEXT(2) 
PARAMETRIC_REPRESENTATION_CONTEXT() REPRESENTATION_CONTEXT('2D SPACE',''
  ) );
#866 = PCURVE('',#867,#872);
#867 = TOROIDAL_SURFACE('',#868,3.,2.);
#868 = AXIS2_PLACEMENT_3D('',#869,#870,#871);
#869 = CARTESIAN_POINT('',(-23.67,-2.,53.0176));
#870 = DIRECTION('',(0.,-1.,2.2E-16));
#871 = DIRECTION('',(-0.766044443139,-1.414132741259E-16,-0.642787609663
    ));
#872 = DEFINITIONAL_REPRESENTATION('',(#873),#877);
#873 = LINE('',#874,#875);
#874 = CARTESIAN_POINT('',(-0.,4.712388980385));
#875 = VECTOR('',#876,1.);
#876 = DIRECTION('',(-1.,0.));
#877 = ( GEOMETRIC_REPRESENTATION_CONTEXT(2) 
PARAMETRIC_REPRESENTATION_CONTEXT() REPRESENTATION_CONTEXT('2D SPACE',''
  ) );
#878 = ORIENTED_EDGE('',*,*,#879,.T.);
#879 = EDGE_CURVE('',#851,#880,#882,.T.);
#880 = VERTEX_POINT('',#881);
#881 = CARTESIAN_POINT('',(-26.67,1.E-15,65.8876));
#882 = SURFACE_CURVE('',#883,(#887,#894),.PCURVE_S1.);
#883 = LINE('',#884,#885);
#884 = CARTESIAN_POINT('',(-26.67,1.243E-14,53.0176));
#885 = VECTOR('',#886,1.);
#886 = DIRECTION('',(0.,2.2E-16,1.));
#887 = PCURVE('',#32,#888);
#888 = DEFINITIONAL_REPRESENTATION('',(#889),#893);
#889 = LINE('',#890,#891);
#890 = CARTESIAN_POINT('',(9.98140287134,26.669999993464));
#891 = VECTOR('',#892,1.);
#892 = DIRECTION('',(-1.,0.));
#893 = ( GEOMETRIC_REPRESENTATION_CONTEXT(2) 
PARAMETRIC_REPRESENTATION_CONTEXT() REPRESENTATION_CONTEXT('2D SPACE',''
  ) );
#894 = PCURVE('',#895,#900);
#895 = CYLINDRICAL_SURFACE('',#896,2.);
#896 = AXIS2_PLACEMENT_3D('',#897,#898,#899);
#897 = CARTESIAN_POINT('',(-26.67,-2.,53.0176));
#898 = DIRECTION('',(0.,2.2E-16,1.));
#899 = DIRECTION('',(0.,1.,-2.2E-16));
#900 = DEFINITIONAL_REPRESENTATION('',(#901),#905);
#901 = LINE('',#902,#903);
#902 = CARTESIAN_POINT('',(0.,0.));
#903 = VECTOR('',#904,1.);
#904 = DIRECTION('',(0.,1.));
#905 = ( GEOMETRIC_REPRESENTATION_CONTEXT(2) 
PARAMETRIC_REPRESENTATION_CONTEXT() REPRESENTATION_CONTEXT('2D SPACE',''
  ) );
#906 = ORIENTED_EDGE('',*,*,#907,.T.);
#907 = EDGE_CURVE('',#880,#908,#910,.T.);
#908 = VERTEX_POINT('',#909);
#909 = CARTESIAN_POINT('',(-25.96813332941,0.,67.81596282899));
#910 = SURFACE_CURVE('',#911,(#916,#923),.PCURVE_S1.);
#911 = CIRCLE('',#912,3.);
#912 = AXIS2_PLACEMENT_3D('',#913,#914,#915);
#913 = CARTESIAN_POINT('',(-23.67,1.463E-14,65.8876));
#914 = DIRECTION('',(0.,1.,-2.2E-16));
#915 = DIRECTION('',(-1.,3.96E-32,1.8E-16));
#916 = PCURVE('',#32,#917);
#917 = DEFINITIONAL_REPRESENTATION('',(#918),#922);
#918 = CIRCLE('',#919,3.);
#919 = AXIS2_PLACEMENT_2D('',#920,#921);
#920 = CARTESIAN_POINT('',(-2.88859712866,23.669999993464));
#921 = DIRECTION('',(-1.8E-16,1.));
#922 = ( GEOMETRIC_REPRESENTATION_CONTEXT(2) 
PARAMETRIC_REPRESENTATION_CONTEXT() REPRESENTATION_CONTEXT('2D SPACE',''
  ) );
#923 = PCURVE('',#924,#929);
#924 = TOROIDAL_SURFACE('',#925,3.,2.);
#925 = AXIS2_PLACEMENT_3D('',#926,#927,#928);
#926 = CARTESIAN_POINT('',(-23.67,-2.,65.8876));
#927 = DIRECTION('',(0.,-1.,2.2E-16));
#928 = DIRECTION('',(-1.,3.96E-32,1.8E-16));
#929 = DEFINITIONAL_REPRESENTATION('',(#930),#934);
#930 = LINE('',#931,#932);
#931 = CARTESIAN_POINT('',(-0.,4.712388980385));
#932 = VECTOR('',#933,1.);
#933 = DIRECTION('',(-1.,0.));
#934 = ( GEOMETRIC_REPRESENTATION_CONTEXT(2) 
PARAMETRIC_REPRESENTATION_CONTEXT() REPRESENTATION_CONTEXT('2D SPACE',''
  ) );
#935 = ORIENTED_EDGE('',*,*,#936,.T.);
#936 = EDGE_CURVE('',#908,#257,#937,.T.);
#937 = SURFACE_CURVE('',#938,(#942,#949),.PCURVE_S1.);
#938 = LINE('',#939,#940);
#939 = CARTESIAN_POINT('',(-25.96813332945,1.514E-14,67.815962828946));
#940 = VECTOR('',#941,1.);
#941 = DIRECTION('',(0.642787609685,1.7E-16,0.76604444312));
#942 = PCURVE('',#32,#943);
#943 = DEFINITIONAL_REPRESENTATION('',(#944),#948);
#944 = LINE('',#945,#946);
#945 = CARTESIAN_POINT('',(-4.816959957606,25.968133322917));
#946 = VECTOR('',#947,1.);
#947 = DIRECTION('',(-0.76604444312,-0.642787609685));
#948 = ( GEOMETRIC_REPRESENTATION_CONTEXT(2) 
PARAMETRIC_REPRESENTATION_CONTEXT() REPRESENTATION_CONTEXT('2D SPACE',''
  ) );
#949 = PCURVE('',#950,#955);
#950 = CYLINDRICAL_SURFACE('',#951,2.);
#951 = AXIS2_PLACEMENT_3D('',#952,#953,#954);
#952 = CARTESIAN_POINT('',(-25.96813332945,-2.,67.815962828946));
#953 = DIRECTION('',(0.642787609685,1.7E-16,0.76604444312));
#954 = DIRECTION('',(-9.450408152114E-19,1.,-2.211262557867E-16));
#955 = DEFINITIONAL_REPRESENTATION('',(#956),#960);
#956 = LINE('',#957,#958);
#957 = CARTESIAN_POINT('',(0.,0.));
#958 = VECTOR('',#959,1.);
#959 = DIRECTION('',(0.,1.));
#960 = ( GEOMETRIC_REPRESENTATION_CONTEXT(2) 
PARAMETRIC_REPRESENTATION_CONTEXT() REPRESENTATION_CONTEXT('2D SPACE',''
  ) );
#961 = FACE_BOUND('',#962,.T.);
#962 = EDGE_LOOP('',(#963,#993,#1021,#1049));
#963 = ORIENTED_EDGE('',*,*,#964,.F.);
#964 = EDGE_CURVE('',#965,#967,#969,.T.);
#965 = VERTEX_POINT('',#966);
#966 = CARTESIAN_POINT('',(18.5,0.,53.0176));
#967 = VERTEX_POINT('',#968);
#968 = CARTESIAN_POINT('',(18.5,0.,65.8876));
#969 = SURFACE_CURVE('',#970,(#974,#981),.PCURVE_S1.);
#970 = LINE('',#971,#972);
#971 = CARTESIAN_POINT('',(18.5,1.221E-14,55.));
#972 = VECTOR('',#973,1.);
#973 = DIRECTION('',(0.,2.2E-16,1.));
#974 = PCURVE('',#32,#975);
#975 = DEFINITIONAL_REPRESENTATION('',(#976),#980);
#976 = LINE('',#977,#978);
#977 = CARTESIAN_POINT('',(7.99900287134,-18.50000000653));
#978 = VECTOR('',#979,1.);
#979 = DIRECTION('',(-1.,0.));
#980 = ( GEOMETRIC_REPRESENTATION_CONTEXT(2) 
PARAMETRIC_REPRESENTATION_CONTEXT() REPRESENTATION_CONTEXT('2D SPACE',''
  ) );
#981 = PCURVE('',#982,#987);
#982 = PLANE('',#983);
#983 = AXIS2_PLACEMENT_3D('',#984,#985,#986);
#984 = CARTESIAN_POINT('',(18.5,-7.445660106408,62.563139893592));
#985 = DIRECTION('',(1.,0.,0.));
#986 = DIRECTION('',(0.,-1.,-2.2E-16));
#987 = DEFINITIONAL_REPRESENTATION('',(#988),#992);
#988 = LINE('',#989,#990);
#989 = CARTESIAN_POINT('',(-7.445660106408,7.563139893592));
#990 = VECTOR('',#991,1.);
#991 = DIRECTION('',(-4.4E-16,-1.));
#992 = ( GEOMETRIC_REPRESENTATION_CONTEXT(2) 
PARAMETRIC_REPRESENTATION_CONTEXT() REPRESENTATION_CONTEXT('2D SPACE',''
  ) );
#993 = ORIENTED_EDGE('',*,*,#994,.F.);
#994 = EDGE_CURVE('',#995,#965,#997,.T.);
#995 = VERTEX_POINT('',#996);
#996 = CARTESIAN_POINT('',(23.67,0.,53.0176));
#997 = SURFACE_CURVE('',#998,(#1002,#1009),.PCURVE_S1.);
#998 = LINE('',#999,#1000);
#999 = CARTESIAN_POINT('',(23.67,-1.177E-14,53.0176));
#1000 = VECTOR('',#1001,1.);
#1001 = DIRECTION('',(-1.,0.,0.));
#1002 = PCURVE('',#32,#1003);
#1003 = DEFINITIONAL_REPRESENTATION('',(#1004),#1008);
#1004 = LINE('',#1005,#1006);
#1005 = CARTESIAN_POINT('',(9.98140287134,-23.67000000653));
#1006 = VECTOR('',#1007,1.);
#1007 = DIRECTION('',(-0.,1.));
#1008 = ( GEOMETRIC_REPRESENTATION_CONTEXT(2) 
PARAMETRIC_REPRESENTATION_CONTEXT() REPRESENTATION_CONTEXT('2D SPACE',''
  ) );
#1009 = PCURVE('',#1010,#1015);
#1010 = PLANE('',#1011);
#1011 = AXIS2_PLACEMENT_3D('',#1012,#1013,#1014);
#1012 = CARTESIAN_POINT('',(23.67,1.177E-14,53.0176));
#1013 = DIRECTION('',(0.,-2.2E-16,-1.));
#1014 = DIRECTION('',(-1.,0.,0.));
#1015 = DEFINITIONAL_REPRESENTATION('',(#1016),#1020);
#1016 = LINE('',#1017,#1018);
#1017 = CARTESIAN_POINT('',(0.,-2.354E-14));
#1018 = VECTOR('',#1019,1.);
#1019 = DIRECTION('',(1.,0.));
#1020 = ( GEOMETRIC_REPRESENTATION_CONTEXT(2) 
PARAMETRIC_REPRESENTATION_CONTEXT() REPRESENTATION_CONTEXT('2D SPACE',''
  ) );
#1021 = ORIENTED_EDGE('',*,*,#1022,.T.);
#1022 = EDGE_CURVE('',#995,#1023,#1025,.T.);
#1023 = VERTEX_POINT('',#1024);
#1024 = CARTESIAN_POINT('',(23.67,0.,65.8876));
#1025 = SURFACE_CURVE('',#1026,(#1030,#1037),.PCURVE_S1.);
#1026 = LINE('',#1027,#1028);
#1027 = CARTESIAN_POINT('',(23.67,1.177E-14,53.0176));
#1028 = VECTOR('',#1029,1.);
#1029 = DIRECTION('',(0.,2.2E-16,1.));
#1030 = PCURVE('',#32,#1031);
#1031 = DEFINITIONAL_REPRESENTATION('',(#1032),#1036);
#1032 = LINE('',#1033,#1034);
#1033 = CARTESIAN_POINT('',(9.98140287134,-23.67000000653));
#1034 = VECTOR('',#1035,1.);
#1035 = DIRECTION('',(-1.,0.));
#1036 = ( GEOMETRIC_REPRESENTATION_CONTEXT(2) 
PARAMETRIC_REPRESENTATION_CONTEXT() REPRESENTATION_CONTEXT('2D SPACE',''
  ) );
#1037 = PCURVE('',#1038,#1043);
#1038 = PLANE('',#1039);
#1039 = AXIS2_PLACEMENT_3D('',#1040,#1041,#1042);
#1040 = CARTESIAN_POINT('',(23.67,-5.5,59.4526));
#1041 = DIRECTION('',(-1.,0.,0.));
#1042 = DIRECTION('',(0.,1.,2.2E-16));
#1043 = DEFINITIONAL_REPRESENTATION('',(#1044),#1048);
#1044 = LINE('',#1045,#1046);
#1045 = CARTESIAN_POINT('',(5.5,6.435));
#1046 = VECTOR('',#1047,1.);
#1047 = DIRECTION('',(4.4E-16,-1.));
#1048 = ( GEOMETRIC_REPRESENTATION_CONTEXT(2) 
PARAMETRIC_REPRESENTATION_CONTEXT() REPRESENTATION_CONTEXT('2D SPACE',''
  ) );
#1049 = ORIENTED_EDGE('',*,*,#1050,.F.);
#1050 = EDGE_CURVE('',#967,#1023,#1051,.T.);
#1051 = SURFACE_CURVE('',#1052,(#1056,#1063),.PCURVE_S1.);
#1052 = LINE('',#1053,#1054);
#1053 = CARTESIAN_POINT('',(18.5,-1.463E-14,65.8876));
#1054 = VECTOR('',#1055,1.);
#1055 = DIRECTION('',(1.,0.,0.));
#1056 = PCURVE('',#32,#1057);
#1057 = DEFINITIONAL_REPRESENTATION('',(#1058),#1062);
#1058 = LINE('',#1059,#1060);
#1059 = CARTESIAN_POINT('',(-2.88859712866,-18.50000000653));
#1060 = VECTOR('',#1061,1.);
#1061 = DIRECTION('',(0.,-1.));
#1062 = ( GEOMETRIC_REPRESENTATION_CONTEXT(2) 
PARAMETRIC_REPRESENTATION_CONTEXT() REPRESENTATION_CONTEXT('2D SPACE',''
  ) );
#1063 = PCURVE('',#1064,#1069);
#1064 = PLANE('',#1065);
#1065 = AXIS2_PLACEMENT_3D('',#1066,#1067,#1068);
#1066 = CARTESIAN_POINT('',(18.5,1.463E-14,65.8876));
#1067 = DIRECTION('',(0.,2.2E-16,1.));
#1068 = DIRECTION('',(1.,0.,0.));
#1069 = DEFINITIONAL_REPRESENTATION('',(#1070),#1074);
#1070 = LINE('',#1071,#1072);
#1071 = CARTESIAN_POINT('',(0.,-2.926E-14));
#1072 = VECTOR('',#1073,1.);
#1073 = DIRECTION('',(1.,0.));
#1074 = ( GEOMETRIC_REPRESENTATION_CONTEXT(2) 
PARAMETRIC_REPRESENTATION_CONTEXT() REPRESENTATION_CONTEXT('2D SPACE',''
  ) );
#1075 = FACE_BOUND('',#1076,.T.);
#1076 = EDGE_LOOP('',(#1077,#1107,#1135,#1163));
#1077 = ORIENTED_EDGE('',*,*,#1078,.T.);
#1078 = EDGE_CURVE('',#1079,#1081,#1083,.T.);
#1079 = VERTEX_POINT('',#1080);
#1080 = CARTESIAN_POINT('',(-18.5,0.,65.8876));
#1081 = VERTEX_POINT('',#1082);
#1082 = CARTESIAN_POINT('',(-23.67,0.,65.8876));
#1083 = SURFACE_CURVE('',#1084,(#1088,#1095),.PCURVE_S1.);
#1084 = LINE('',#1085,#1086);
#1085 = CARTESIAN_POINT('',(-18.5,-1.463E-14,65.8876));
#1086 = VECTOR('',#1087,1.);
#1087 = DIRECTION('',(-1.,0.,0.));
#1088 = PCURVE('',#32,#1089);
#1089 = DEFINITIONAL_REPRESENTATION('',(#1090),#1094);
#1090 = LINE('',#1091,#1092);
#1091 = CARTESIAN_POINT('',(-2.88859712866,18.499999993464));
#1092 = VECTOR('',#1093,1.);
#1093 = DIRECTION('',(-0.,1.));
#1094 = ( GEOMETRIC_REPRESENTATION_CONTEXT(2) 
PARAMETRIC_REPRESENTATION_CONTEXT() REPRESENTATION_CONTEXT('2D SPACE',''
  ) );
#1095 = PCURVE('',#1096,#1101);
#1096 = PLANE('',#1097);
#1097 = AXIS2_PLACEMENT_3D('',#1098,#1099,#1100);
#1098 = CARTESIAN_POINT('',(-18.5,1.463E-14,65.8876));
#1099 = DIRECTION('',(0.,2.2E-16,1.));
#1100 = DIRECTION('',(1.,0.,0.));
#1101 = DEFINITIONAL_REPRESENTATION('',(#1102),#1106);
#1102 = LINE('',#1103,#1104);
#1103 = CARTESIAN_POINT('',(-0.,-2.926E-14));
#1104 = VECTOR('',#1105,1.);
#1105 = DIRECTION('',(-1.,0.));
#1106 = ( GEOMETRIC_REPRESENTATION_CONTEXT(2) 
PARAMETRIC_REPRESENTATION_CONTEXT() REPRESENTATION_CONTEXT('2D SPACE',''
  ) );
#1107 = ORIENTED_EDGE('',*,*,#1108,.T.);
#1108 = EDGE_CURVE('',#1081,#1109,#1111,.T.);
#1109 = VERTEX_POINT('',#1110);
#1110 = CARTESIAN_POINT('',(-23.67,0.,53.0176));
#1111 = SURFACE_CURVE('',#1112,(#1116,#1123),.PCURVE_S1.);
#1112 = LINE('',#1113,#1114);
#1113 = CARTESIAN_POINT('',(-23.67,1.463E-14,65.8876));
#1114 = VECTOR('',#1115,1.);
#1115 = DIRECTION('',(0.,-2.2E-16,-1.));
#1116 = PCURVE('',#32,#1117);
#1117 = DEFINITIONAL_REPRESENTATION('',(#1118),#1122);
#1118 = LINE('',#1119,#1120);
#1119 = CARTESIAN_POINT('',(-2.88859712866,23.669999993464));
#1120 = VECTOR('',#1121,1.);
#1121 = DIRECTION('',(1.,0.));
#1122 = ( GEOMETRIC_REPRESENTATION_CONTEXT(2) 
PARAMETRIC_REPRESENTATION_CONTEXT() REPRESENTATION_CONTEXT('2D SPACE',''
  ) );
#1123 = PCURVE('',#1124,#1129);
#1124 = PLANE('',#1125);
#1125 = AXIS2_PLACEMENT_3D('',#1126,#1127,#1128);
#1126 = CARTESIAN_POINT('',(-23.67,-5.5,59.4526));
#1127 = DIRECTION('',(1.,0.,0.));
#1128 = DIRECTION('',(0.,-1.,-2.2E-16));
#1129 = DEFINITIONAL_REPRESENTATION('',(#1130),#1134);
#1130 = LINE('',#1131,#1132);
#1131 = CARTESIAN_POINT('',(-5.5,-6.435));
#1132 = VECTOR('',#1133,1.);
#1133 = DIRECTION('',(4.4E-16,1.));
#1134 = ( GEOMETRIC_REPRESENTATION_CONTEXT(2) 
PARAMETRIC_REPRESENTATION_CONTEXT() REPRESENTATION_CONTEXT('2D SPACE',''
  ) );
#1135 = ORIENTED_EDGE('',*,*,#1136,.T.);
#1136 = EDGE_CURVE('',#1109,#1137,#1139,.T.);
#1137 = VERTEX_POINT('',#1138);
#1138 = CARTESIAN_POINT('',(-18.5,0.,53.0176));
#1139 = SURFACE_CURVE('',#1140,(#1144,#1151),.PCURVE_S1.);
#1140 = LINE('',#1141,#1142);
#1141 = CARTESIAN_POINT('',(-23.67,-1.177E-14,53.0176));
#1142 = VECTOR('',#1143,1.);
#1143 = DIRECTION('',(1.,0.,0.));
#1144 = PCURVE('',#32,#1145);
#1145 = DEFINITIONAL_REPRESENTATION('',(#1146),#1150);
#1146 = LINE('',#1147,#1148);
#1147 = CARTESIAN_POINT('',(9.98140287134,23.669999993464));
#1148 = VECTOR('',#1149,1.);
#1149 = DIRECTION('',(0.,-1.));
#1150 = ( GEOMETRIC_REPRESENTATION_CONTEXT(2) 
PARAMETRIC_REPRESENTATION_CONTEXT() REPRESENTATION_CONTEXT('2D SPACE',''
  ) );
#1151 = PCURVE('',#1152,#1157);
#1152 = PLANE('',#1153);
#1153 = AXIS2_PLACEMENT_3D('',#1154,#1155,#1156);
#1154 = CARTESIAN_POINT('',(-23.67,1.177E-14,53.0176));
#1155 = DIRECTION('',(0.,-2.2E-16,-1.));
#1156 = DIRECTION('',(-1.,-0.,-0.));
#1157 = DEFINITIONAL_REPRESENTATION('',(#1158),#1162);
#1158 = LINE('',#1159,#1160);
#1159 = CARTESIAN_POINT('',(-0.,-2.354E-14));
#1160 = VECTOR('',#1161,1.);
#1161 = DIRECTION('',(-1.,0.));
#1162 = ( GEOMETRIC_REPRESENTATION_CONTEXT(2) 
PARAMETRIC_REPRESENTATION_CONTEXT() REPRESENTATION_CONTEXT('2D SPACE',''
  ) );
#1163 = ORIENTED_EDGE('',*,*,#1164,.T.);
#1164 = EDGE_CURVE('',#1137,#1079,#1165,.T.);
#1165 = SURFACE_CURVE('',#1166,(#1170,#1177),.PCURVE_S1.);
#1166 = LINE('',#1167,#1168);
#1167 = CARTESIAN_POINT('',(-18.5,1.177E-14,53.0176));
#1168 = VECTOR('',#1169,1.);
#1169 = DIRECTION('',(0.,2.2E-16,1.));
#1170 = PCURVE('',#32,#1171);
#1171 = DEFINITIONAL_REPRESENTATION('',(#1172),#1176);
#1172 = LINE('',#1173,#1174);
#1173 = CARTESIAN_POINT('',(9.98140287134,18.499999993464));
#1174 = VECTOR('',#1175,1.);
#1175 = DIRECTION('',(-1.,0.));
#1176 = ( GEOMETRIC_REPRESENTATION_CONTEXT(2) 
PARAMETRIC_REPRESENTATION_CONTEXT() REPRESENTATION_CONTEXT('2D SPACE',''
  ) );
#1177 = PCURVE('',#1178,#1183);
#1178 = PLANE('',#1179);
#1179 = AXIS2_PLACEMENT_3D('',#1180,#1181,#1182);
#1180 = CARTESIAN_POINT('',(-18.5,-7.445660106408,62.563139893592));
#1181 = DIRECTION('',(-1.,0.,0.));
#1182 = DIRECTION('',(0.,1.,2.2E-16));
#1183 = DEFINITIONAL_REPRESENTATION('',(#1184),#1188);
#1184 = LINE('',#1185,#1186);
#1185 = CARTESIAN_POINT('',(7.445660106408,9.545539893592));
#1186 = VECTOR('',#1187,1.);
#1187 = DIRECTION('',(4.4E-16,-1.));
#1188 = ( GEOMETRIC_REPRESENTATION_CONTEXT(2) 
PARAMETRIC_REPRESENTATION_CONTEXT() REPRESENTATION_CONTEXT('2D SPACE',''
  ) );
#1189 = ADVANCED_FACE('',(#1190),#44,.T.);
#1190 = FACE_BOUND('',#1191,.F.);
#1191 = EDGE_LOOP('',(#1192,#1216,#1244,#1266));
#1192 = ORIENTED_EDGE('',*,*,#1193,.T.);
#1193 = EDGE_CURVE('',#22,#1194,#1196,.T.);
#1194 = VERTEX_POINT('',#1195);
#1195 = CARTESIAN_POINT('',(12.,-1.,117.));
#1196 = SURFACE_CURVE('',#1197,(#1202,#1209),.PCURVE_S1.);
#1197 = CIRCLE('',#1198,1.);
#1198 = AXIS2_PLACEMENT_3D('',#1199,#1200,#1201);
#1199 = CARTESIAN_POINT('',(13.,-1.,117.));
#1200 = DIRECTION('',(5.8E-16,2.2E-16,1.));
#1201 = DIRECTION('',(0.,1.,-2.2E-16));
#1202 = PCURVE('',#44,#1203);
#1203 = DEFINITIONAL_REPRESENTATION('',(#1204),#1208);
#1204 = LINE('',#1205,#1206);
#1205 = CARTESIAN_POINT('',(-0.,0.));
#1206 = VECTOR('',#1207,1.);
#1207 = DIRECTION('',(-1.,0.));
#1208 = ( GEOMETRIC_REPRESENTATION_CONTEXT(2) 
PARAMETRIC_REPRESENTATION_CONTEXT() REPRESENTATION_CONTEXT('2D SPACE',''
  ) );
#1209 = PCURVE('',#73,#1210);
#1210 = DEFINITIONAL_REPRESENTATION('',(#1211),#1215);
#1211 = LINE('',#1212,#1213);
#1212 = CARTESIAN_POINT('',(1.570796326795,1.570796326795));
#1213 = VECTOR('',#1214,1.);
#1214 = DIRECTION('',(0.,1.));
#1215 = ( GEOMETRIC_REPRESENTATION_CONTEXT(2) 
PARAMETRIC_REPRESENTATION_CONTEXT() REPRESENTATION_CONTEXT('2D SPACE',''
  ) );
#1216 = ORIENTED_EDGE('',*,*,#1217,.T.);
#1217 = EDGE_CURVE('',#1194,#1218,#1220,.T.);
#1218 = VERTEX_POINT('',#1219);
#1219 = CARTESIAN_POINT('',(12.,-1.,6.));
#1220 = SURFACE_CURVE('',#1221,(#1225,#1232),.PCURVE_S1.);
#1221 = LINE('',#1222,#1223);
#1222 = CARTESIAN_POINT('',(12.,-1.,117.));
#1223 = VECTOR('',#1224,1.);
#1224 = DIRECTION('',(-5.8E-16,-2.2E-16,-1.));
#1225 = PCURVE('',#44,#1226);
#1226 = DEFINITIONAL_REPRESENTATION('',(#1227),#1231);
#1227 = LINE('',#1228,#1229);
#1228 = CARTESIAN_POINT('',(-1.570796326795,0.));
#1229 = VECTOR('',#1230,1.);
#1230 = DIRECTION('',(-0.,1.));
#1231 = ( GEOMETRIC_REPRESENTATION_CONTEXT(2) 
PARAMETRIC_REPRESENTATION_CONTEXT() REPRESENTATION_CONTEXT('2D SPACE',''
  ) );
#1232 = PCURVE('',#1233,#1238);
#1233 = PLANE('',#1234);
#1234 = AXIS2_PLACEMENT_3D('',#1235,#1236,#1237);
#1235 = CARTESIAN_POINT('',(12.,2.598E-14,117.));
#1236 = DIRECTION('',(-1.,0.,5.8E-16));
#1237 = DIRECTION('',(5.8E-16,2.2E-16,1.));
#1238 = DEFINITIONAL_REPRESENTATION('',(#1239),#1243);
#1239 = LINE('',#1240,#1241);
#1240 = CARTESIAN_POINT('',(-2.2E-16,-1.));
#1241 = VECTOR('',#1242,1.);
#1242 = DIRECTION('',(-1.,0.));
#1243 = ( GEOMETRIC_REPRESENTATION_CONTEXT(2) 
PARAMETRIC_REPRESENTATION_CONTEXT() REPRESENTATION_CONTEXT('2D SPACE',''
  ) );
#1244 = ORIENTED_EDGE('',*,*,#1245,.F.);
#1245 = EDGE_CURVE('',#24,#1218,#1246,.T.);
#1246 = SURFACE_CURVE('',#1247,(#1252,#1259),.PCURVE_S1.);
#1247 = CIRCLE('',#1248,1.);
#1248 = AXIS2_PLACEMENT_3D('',#1249,#1250,#1251);
#1249 = CARTESIAN_POINT('',(13.,-1.,6.));
#1250 = DIRECTION('',(5.8E-16,2.2E-16,1.));
#1251 = DIRECTION('',(0.,1.,-2.2E-16));
#1252 = PCURVE('',#44,#1253);
#1253 = DEFINITIONAL_REPRESENTATION('',(#1254),#1258);
#1254 = LINE('',#1255,#1256);
#1255 = CARTESIAN_POINT('',(-0.,111.));
#1256 = VECTOR('',#1257,1.);
#1257 = DIRECTION('',(-1.,0.));
#1258 = ( GEOMETRIC_REPRESENTATION_CONTEXT(2) 
PARAMETRIC_REPRESENTATION_CONTEXT() REPRESENTATION_CONTEXT('2D SPACE',''
  ) );
#1259 = PCURVE('',#242,#1260);
#1260 = DEFINITIONAL_REPRESENTATION('',(#1261),#1265);
#1261 = LINE('',#1262,#1263);
#1262 = CARTESIAN_POINT('',(0.,1.570796326795));
#1263 = VECTOR('',#1264,1.);
#1264 = DIRECTION('',(0.,1.));
#1265 = ( GEOMETRIC_REPRESENTATION_CONTEXT(2) 
PARAMETRIC_REPRESENTATION_CONTEXT() REPRESENTATION_CONTEXT('2D SPACE',''
  ) );
#1266 = ORIENTED_EDGE('',*,*,#21,.F.);
#1267 = ADVANCED_FACE('',(#1268),#73,.T.);
#1268 = FACE_BOUND('',#1269,.T.);
#1269 = EDGE_LOOP('',(#1270,#1294,#1295,#1296));
#1270 = ORIENTED_EDGE('',*,*,#1271,.F.);
#1271 = EDGE_CURVE('',#57,#1272,#1274,.T.);
#1272 = VERTEX_POINT('',#1273);
#1273 = CARTESIAN_POINT('',(10.,-1.,119.));
#1274 = SURFACE_CURVE('',#1275,(#1280,#1287),.PCURVE_S1.);
#1275 = CIRCLE('',#1276,1.);
#1276 = AXIS2_PLACEMENT_3D('',#1277,#1278,#1279);
#1277 = CARTESIAN_POINT('',(10.,-1.,120.));
#1278 = DIRECTION('',(-1.,0.,-0.));
#1279 = DIRECTION('',(0.,1.,-2.2E-16));
#1280 = PCURVE('',#73,#1281);
#1281 = DEFINITIONAL_REPRESENTATION('',(#1282),#1286);
#1282 = LINE('',#1283,#1284);
#1283 = CARTESIAN_POINT('',(0.,1.570796326795));
#1284 = VECTOR('',#1285,1.);
#1285 = DIRECTION('',(0.,1.));
#1286 = ( GEOMETRIC_REPRESENTATION_CONTEXT(2) 
PARAMETRIC_REPRESENTATION_CONTEXT() REPRESENTATION_CONTEXT('2D SPACE',''
  ) );
#1287 = PCURVE('',#101,#1288);
#1288 = DEFINITIONAL_REPRESENTATION('',(#1289),#1293);
#1289 = LINE('',#1290,#1291);
#1290 = CARTESIAN_POINT('',(-0.,20.));
#1291 = VECTOR('',#1292,1.);
#1292 = DIRECTION('',(-1.,0.));
#1293 = ( GEOMETRIC_REPRESENTATION_CONTEXT(2) 
PARAMETRIC_REPRESENTATION_CONTEXT() REPRESENTATION_CONTEXT('2D SPACE',''
  ) );
#1294 = ORIENTED_EDGE('',*,*,#56,.T.);
#1295 = ORIENTED_EDGE('',*,*,#1193,.T.);
#1296 = ORIENTED_EDGE('',*,*,#1297,.F.);
#1297 = EDGE_CURVE('',#1272,#1194,#1298,.T.);
#1298 = SURFACE_CURVE('',#1299,(#1304,#1311),.PCURVE_S1.);
#1299 = CIRCLE('',#1300,2.);
#1300 = AXIS2_PLACEMENT_3D('',#1301,#1302,#1303);
#1301 = CARTESIAN_POINT('',(10.,-1.,117.));
#1302 = DIRECTION('',(0.,1.,-2.2E-16));
#1303 = DIRECTION('',(8.9E-16,2.2E-16,1.));
#1304 = PCURVE('',#73,#1305);
#1305 = DEFINITIONAL_REPRESENTATION('',(#1306),#1310);
#1306 = LINE('',#1307,#1308);
#1307 = CARTESIAN_POINT('',(0.,3.14159265359));
#1308 = VECTOR('',#1309,1.);
#1309 = DIRECTION('',(1.,0.));
#1310 = ( GEOMETRIC_REPRESENTATION_CONTEXT(2) 
PARAMETRIC_REPRESENTATION_CONTEXT() REPRESENTATION_CONTEXT('2D SPACE',''
  ) );
#1311 = PCURVE('',#1312,#1317);
#1312 = CYLINDRICAL_SURFACE('',#1313,2.);
#1313 = AXIS2_PLACEMENT_3D('',#1314,#1315,#1316);
#1314 = CARTESIAN_POINT('',(10.,2.598E-14,117.));
#1315 = DIRECTION('',(0.,1.,-2.2E-16));
#1316 = DIRECTION('',(-1.,0.,0.));
#1317 = DEFINITIONAL_REPRESENTATION('',(#1318),#1322);
#1318 = LINE('',#1319,#1320);
#1319 = CARTESIAN_POINT('',(1.570796326795,-1.));
#1320 = VECTOR('',#1321,1.);
#1321 = DIRECTION('',(1.,0.));
#1322 = ( GEOMETRIC_REPRESENTATION_CONTEXT(2) 
PARAMETRIC_REPRESENTATION_CONTEXT() REPRESENTATION_CONTEXT('2D SPACE',''
  ) );
#1323 = ADVANCED_FACE('',(#1324),#242,.T.);
#1324 = FACE_BOUND('',#1325,.T.);
#1325 = EDGE_LOOP('',(#1326,#1327,#1328,#1352));
#1326 = ORIENTED_EDGE('',*,*,#1245,.F.);
#1327 = ORIENTED_EDGE('',*,*,#227,.T.);
#1328 = ORIENTED_EDGE('',*,*,#1329,.T.);
#1329 = EDGE_CURVE('',#200,#1330,#1332,.T.);
#1330 = VERTEX_POINT('',#1331);
#1331 = CARTESIAN_POINT('',(10.,-1.,4.));
#1332 = SURFACE_CURVE('',#1333,(#1338,#1345),.PCURVE_S1.);
#1333 = CIRCLE('',#1334,1.);
#1334 = AXIS2_PLACEMENT_3D('',#1335,#1336,#1337);
#1335 = CARTESIAN_POINT('',(10.,-1.,3.));
#1336 = DIRECTION('',(1.,0.,2.116E-14));
#1337 = DIRECTION('',(2.116E-14,-2.2E-16,-1.));
#1338 = PCURVE('',#242,#1339);
#1339 = DEFINITIONAL_REPRESENTATION('',(#1340),#1344);
#1340 = LINE('',#1341,#1342);
#1341 = CARTESIAN_POINT('',(1.570796326795,0.));
#1342 = VECTOR('',#1343,1.);
#1343 = DIRECTION('',(0.,1.));
#1344 = ( GEOMETRIC_REPRESENTATION_CONTEXT(2) 
PARAMETRIC_REPRESENTATION_CONTEXT() REPRESENTATION_CONTEXT('2D SPACE',''
  ) );
#1345 = PCURVE('',#215,#1346);
#1346 = DEFINITIONAL_REPRESENTATION('',(#1347),#1351);
#1347 = LINE('',#1348,#1349);
#1348 = CARTESIAN_POINT('',(1.570796326795,-0.));
#1349 = VECTOR('',#1350,1.);
#1350 = DIRECTION('',(-1.,0.));
#1351 = ( GEOMETRIC_REPRESENTATION_CONTEXT(2) 
PARAMETRIC_REPRESENTATION_CONTEXT() REPRESENTATION_CONTEXT('2D SPACE',''
  ) );
#1352 = ORIENTED_EDGE('',*,*,#1353,.F.);
#1353 = EDGE_CURVE('',#1218,#1330,#1354,.T.);
#1354 = SURFACE_CURVE('',#1355,(#1360,#1367),.PCURVE_S1.);
#1355 = CIRCLE('',#1356,2.);
#1356 = AXIS2_PLACEMENT_3D('',#1357,#1358,#1359);
#1357 = CARTESIAN_POINT('',(10.,-1.,6.));
#1358 = DIRECTION('',(0.,1.,-2.2E-16));
#1359 = DIRECTION('',(1.,-4.6398E-30,-2.109E-14));
#1360 = PCURVE('',#242,#1361);
#1361 = DEFINITIONAL_REPRESENTATION('',(#1362),#1366);
#1362 = LINE('',#1363,#1364);
#1363 = CARTESIAN_POINT('',(0.,3.14159265359));
#1364 = VECTOR('',#1365,1.);
#1365 = DIRECTION('',(1.,0.));
#1366 = ( GEOMETRIC_REPRESENTATION_CONTEXT(2) 
PARAMETRIC_REPRESENTATION_CONTEXT() REPRESENTATION_CONTEXT('2D SPACE',''
  ) );
#1367 = PCURVE('',#1368,#1373);
#1368 = CYLINDRICAL_SURFACE('',#1369,2.);
#1369 = AXIS2_PLACEMENT_3D('',#1370,#1371,#1372);
#1370 = CARTESIAN_POINT('',(10.,1.33E-15,6.));
#1371 = DIRECTION('',(0.,1.,-2.2E-16));
#1372 = DIRECTION('',(-1.,0.,0.));
#1373 = DEFINITIONAL_REPRESENTATION('',(#1374),#1378);
#1374 = LINE('',#1375,#1376);
#1375 = CARTESIAN_POINT('',(3.14159265359,-1.));
#1376 = VECTOR('',#1377,1.);
#1377 = DIRECTION('',(1.,0.));
#1378 = ( GEOMETRIC_REPRESENTATION_CONTEXT(2) 
PARAMETRIC_REPRESENTATION_CONTEXT() REPRESENTATION_CONTEXT('2D SPACE',''
  ) );
#1379 = ADVANCED_FACE('',(#1380),#101,.T.);
#1380 = FACE_BOUND('',#1381,.F.);
#1381 = EDGE_LOOP('',(#1382,#1406,#1432,#1433));
#1382 = ORIENTED_EDGE('',*,*,#1383,.T.);
#1383 = EDGE_CURVE('',#86,#1384,#1386,.T.);
#1384 = VERTEX_POINT('',#1385);
#1385 = CARTESIAN_POINT('',(-10.,-1.,119.));
#1386 = SURFACE_CURVE('',#1387,(#1392,#1399),.PCURVE_S1.);
#1387 = CIRCLE('',#1388,1.);
#1388 = AXIS2_PLACEMENT_3D('',#1389,#1390,#1391);
#1389 = CARTESIAN_POINT('',(-10.,-1.,120.));
#1390 = DIRECTION('',(-1.,0.,-9.5E-16));
#1391 = DIRECTION('',(-9.5E-16,2.2E-16,1.));
#1392 = PCURVE('',#101,#1393);
#1393 = DEFINITIONAL_REPRESENTATION('',(#1394),#1398);
#1394 = LINE('',#1395,#1396);
#1395 = CARTESIAN_POINT('',(1.570796326795,-0.));
#1396 = VECTOR('',#1397,1.);
#1397 = DIRECTION('',(-1.,0.));
#1398 = ( GEOMETRIC_REPRESENTATION_CONTEXT(2) 
PARAMETRIC_REPRESENTATION_CONTEXT() REPRESENTATION_CONTEXT('2D SPACE',''
  ) );
#1399 = PCURVE('',#130,#1400);
#1400 = DEFINITIONAL_REPRESENTATION('',(#1401),#1405);
#1401 = LINE('',#1402,#1403);
#1402 = CARTESIAN_POINT('',(1.570796326795,0.));
#1403 = VECTOR('',#1404,1.);
#1404 = DIRECTION('',(0.,1.));
#1405 = ( GEOMETRIC_REPRESENTATION_CONTEXT(2) 
PARAMETRIC_REPRESENTATION_CONTEXT() REPRESENTATION_CONTEXT('2D SPACE',''
  ) );
#1406 = ORIENTED_EDGE('',*,*,#1407,.T.);
#1407 = EDGE_CURVE('',#1384,#1272,#1408,.T.);
#1408 = SURFACE_CURVE('',#1409,(#1413,#1420),.PCURVE_S1.);
#1409 = LINE('',#1410,#1411);
#1410 = CARTESIAN_POINT('',(-10.,-1.,119.));
#1411 = VECTOR('',#1412,1.);
#1412 = DIRECTION('',(1.,0.,0.));
#1413 = PCURVE('',#101,#1414);
#1414 = DEFINITIONAL_REPRESENTATION('',(#1415),#1419);
#1415 = LINE('',#1416,#1417);
#1416 = CARTESIAN_POINT('',(-1.570796326795,0.));
#1417 = VECTOR('',#1418,1.);
#1418 = DIRECTION('',(-0.,1.));
#1419 = ( GEOMETRIC_REPRESENTATION_CONTEXT(2) 
PARAMETRIC_REPRESENTATION_CONTEXT() REPRESENTATION_CONTEXT('2D SPACE',''
  ) );
#1420 = PCURVE('',#1421,#1426);
#1421 = PLANE('',#1422);
#1422 = AXIS2_PLACEMENT_3D('',#1423,#1424,#1425);
#1423 = CARTESIAN_POINT('',(0.,-6.,119.));
#1424 = DIRECTION('',(0.,2.2E-16,-1.));
#1425 = DIRECTION('',(0.,1.,2.2E-16));
#1426 = DEFINITIONAL_REPRESENTATION('',(#1427),#1431);
#1427 = LINE('',#1428,#1429);
#1428 = CARTESIAN_POINT('',(5.,-10.));
#1429 = VECTOR('',#1430,1.);
#1430 = DIRECTION('',(0.,1.));
#1431 = ( GEOMETRIC_REPRESENTATION_CONTEXT(2) 
PARAMETRIC_REPRESENTATION_CONTEXT() REPRESENTATION_CONTEXT('2D SPACE',''
  ) );
#1432 = ORIENTED_EDGE('',*,*,#1271,.F.);
#1433 = ORIENTED_EDGE('',*,*,#85,.F.);
#1434 = ADVANCED_FACE('',(#1435),#215,.T.);
#1435 = FACE_BOUND('',#1436,.F.);
#1436 = EDGE_LOOP('',(#1437,#1438,#1466,#1488));
#1437 = ORIENTED_EDGE('',*,*,#1329,.T.);
#1438 = ORIENTED_EDGE('',*,*,#1439,.T.);
#1439 = EDGE_CURVE('',#1330,#1440,#1442,.T.);
#1440 = VERTEX_POINT('',#1441);
#1441 = CARTESIAN_POINT('',(-10.,-1.,4.));
#1442 = SURFACE_CURVE('',#1443,(#1447,#1454),.PCURVE_S1.);
#1443 = LINE('',#1444,#1445);
#1444 = CARTESIAN_POINT('',(10.,-1.,4.));
#1445 = VECTOR('',#1446,1.);
#1446 = DIRECTION('',(-1.,-0.,0.));
#1447 = PCURVE('',#215,#1448);
#1448 = DEFINITIONAL_REPRESENTATION('',(#1449),#1453);
#1449 = LINE('',#1450,#1451);
#1450 = CARTESIAN_POINT('',(-1.570796326795,0.));
#1451 = VECTOR('',#1452,1.);
#1452 = DIRECTION('',(-0.,1.));
#1453 = ( GEOMETRIC_REPRESENTATION_CONTEXT(2) 
PARAMETRIC_REPRESENTATION_CONTEXT() REPRESENTATION_CONTEXT('2D SPACE',''
  ) );
#1454 = PCURVE('',#1455,#1460);
#1455 = PLANE('',#1456);
#1456 = AXIS2_PLACEMENT_3D('',#1457,#1458,#1459);
#1457 = CARTESIAN_POINT('',(0.,-6.,4.));
#1458 = DIRECTION('',(0.,2.2E-16,1.));
#1459 = DIRECTION('',(0.,-1.,2.2E-16));
#1460 = DEFINITIONAL_REPRESENTATION('',(#1461),#1465);
#1461 = LINE('',#1462,#1463);
#1462 = CARTESIAN_POINT('',(-5.,10.));
#1463 = VECTOR('',#1464,1.);
#1464 = DIRECTION('',(0.,-1.));
#1465 = ( GEOMETRIC_REPRESENTATION_CONTEXT(2) 
PARAMETRIC_REPRESENTATION_CONTEXT() REPRESENTATION_CONTEXT('2D SPACE',''
  ) );
#1466 = ORIENTED_EDGE('',*,*,#1467,.F.);
#1467 = EDGE_CURVE('',#171,#1440,#1468,.T.);
#1468 = SURFACE_CURVE('',#1469,(#1474,#1481),.PCURVE_S1.);
#1469 = CIRCLE('',#1470,1.);
#1470 = AXIS2_PLACEMENT_3D('',#1471,#1472,#1473);
#1471 = CARTESIAN_POINT('',(-10.,-1.,3.));
#1472 = DIRECTION('',(1.,0.,-0.));
#1473 = DIRECTION('',(-0.,1.,-2.2E-16));
#1474 = PCURVE('',#215,#1475);
#1475 = DEFINITIONAL_REPRESENTATION('',(#1476),#1480);
#1476 = LINE('',#1477,#1478);
#1477 = CARTESIAN_POINT('',(-0.,20.));
#1478 = VECTOR('',#1479,1.);
#1479 = DIRECTION('',(-1.,0.));
#1480 = ( GEOMETRIC_REPRESENTATION_CONTEXT(2) 
PARAMETRIC_REPRESENTATION_CONTEXT() REPRESENTATION_CONTEXT('2D SPACE',''
  ) );
#1481 = PCURVE('',#187,#1482);
#1482 = DEFINITIONAL_REPRESENTATION('',(#1483),#1487);
#1483 = LINE('',#1484,#1485);
#1484 = CARTESIAN_POINT('',(0.,1.570796326795));
#1485 = VECTOR('',#1486,1.);
#1486 = DIRECTION('',(0.,1.));
#1487 = ( GEOMETRIC_REPRESENTATION_CONTEXT(2) 
PARAMETRIC_REPRESENTATION_CONTEXT() REPRESENTATION_CONTEXT('2D SPACE',''
  ) );
#1488 = ORIENTED_EDGE('',*,*,#199,.F.);
#1489 = ADVANCED_FACE('',(#1490),#130,.T.);
#1490 = FACE_BOUND('',#1491,.T.);
#1491 = EDGE_LOOP('',(#1492,#1516,#1517,#1518));
#1492 = ORIENTED_EDGE('',*,*,#1493,.F.);
#1493 = EDGE_CURVE('',#114,#1494,#1496,.T.);
#1494 = VERTEX_POINT('',#1495);
#1495 = CARTESIAN_POINT('',(-12.,-1.,117.));
#1496 = SURFACE_CURVE('',#1497,(#1502,#1509),.PCURVE_S1.);
#1497 = CIRCLE('',#1498,1.);
#1498 = AXIS2_PLACEMENT_3D('',#1499,#1500,#1501);
#1499 = CARTESIAN_POINT('',(-13.,-1.,117.));
#1500 = DIRECTION('',(5.8E-16,-2.2E-16,-1.));
#1501 = DIRECTION('',(0.,1.,-2.2E-16));
#1502 = PCURVE('',#130,#1503);
#1503 = DEFINITIONAL_REPRESENTATION('',(#1504),#1508);
#1504 = LINE('',#1505,#1506);
#1505 = CARTESIAN_POINT('',(0.,1.570796326795));
#1506 = VECTOR('',#1507,1.);
#1507 = DIRECTION('',(0.,1.));
#1508 = ( GEOMETRIC_REPRESENTATION_CONTEXT(2) 
PARAMETRIC_REPRESENTATION_CONTEXT() REPRESENTATION_CONTEXT('2D SPACE',''
  ) );
#1509 = PCURVE('',#158,#1510);
#1510 = DEFINITIONAL_REPRESENTATION('',(#1511),#1515);
#1511 = LINE('',#1512,#1513);
#1512 = CARTESIAN_POINT('',(-0.,111.));
#1513 = VECTOR('',#1514,1.);
#1514 = DIRECTION('',(-1.,0.));
#1515 = ( GEOMETRIC_REPRESENTATION_CONTEXT(2) 
PARAMETRIC_REPRESENTATION_CONTEXT() REPRESENTATION_CONTEXT('2D SPACE',''
  ) );
#1516 = ORIENTED_EDGE('',*,*,#113,.T.);
#1517 = ORIENTED_EDGE('',*,*,#1383,.T.);
#1518 = ORIENTED_EDGE('',*,*,#1519,.F.);
#1519 = EDGE_CURVE('',#1494,#1384,#1520,.T.);
#1520 = SURFACE_CURVE('',#1521,(#1526,#1533),.PCURVE_S1.);
#1521 = CIRCLE('',#1522,2.);
#1522 = AXIS2_PLACEMENT_3D('',#1523,#1524,#1525);
#1523 = CARTESIAN_POINT('',(-10.,-1.,117.));
#1524 = DIRECTION('',(0.,1.,-2.2E-16));
#1525 = DIRECTION('',(-1.,4.84E-32,2.2E-16));
#1526 = PCURVE('',#130,#1527);
#1527 = DEFINITIONAL_REPRESENTATION('',(#1528),#1532);
#1528 = LINE('',#1529,#1530);
#1529 = CARTESIAN_POINT('',(0.,3.14159265359));
#1530 = VECTOR('',#1531,1.);
#1531 = DIRECTION('',(1.,0.));
#1532 = ( GEOMETRIC_REPRESENTATION_CONTEXT(2) 
PARAMETRIC_REPRESENTATION_CONTEXT() REPRESENTATION_CONTEXT('2D SPACE',''
  ) );
#1533 = PCURVE('',#1534,#1539);
#1534 = CYLINDRICAL_SURFACE('',#1535,2.);
#1535 = AXIS2_PLACEMENT_3D('',#1536,#1537,#1538);
#1536 = CARTESIAN_POINT('',(-10.,2.598E-14,117.));
#1537 = DIRECTION('',(0.,1.,-2.2E-16));
#1538 = DIRECTION('',(1.,0.,0.));
#1539 = DEFINITIONAL_REPRESENTATION('',(#1540),#1544);
#1540 = LINE('',#1541,#1542);
#1541 = CARTESIAN_POINT('',(-3.14159265359,-1.));
#1542 = VECTOR('',#1543,1.);
#1543 = DIRECTION('',(1.,-0.));
#1544 = ( GEOMETRIC_REPRESENTATION_CONTEXT(2) 
PARAMETRIC_REPRESENTATION_CONTEXT() REPRESENTATION_CONTEXT('2D SPACE',''
  ) );
#1545 = ADVANCED_FACE('',(#1546),#187,.T.);
#1546 = FACE_BOUND('',#1547,.T.);
#1547 = EDGE_LOOP('',(#1548,#1549,#1550,#1574));
#1548 = ORIENTED_EDGE('',*,*,#1467,.F.);
#1549 = ORIENTED_EDGE('',*,*,#170,.T.);
#1550 = ORIENTED_EDGE('',*,*,#1551,.T.);
#1551 = EDGE_CURVE('',#143,#1552,#1554,.T.);
#1552 = VERTEX_POINT('',#1553);
#1553 = CARTESIAN_POINT('',(-12.,-1.,6.));
#1554 = SURFACE_CURVE('',#1555,(#1560,#1567),.PCURVE_S1.);
#1555 = CIRCLE('',#1556,1.);
#1556 = AXIS2_PLACEMENT_3D('',#1557,#1558,#1559);
#1557 = CARTESIAN_POINT('',(-13.,-1.,6.));
#1558 = DIRECTION('',(2.182E-14,-2.2E-16,-1.));
#1559 = DIRECTION('',(-1.,0.,-2.182E-14));
#1560 = PCURVE('',#187,#1561);
#1561 = DEFINITIONAL_REPRESENTATION('',(#1562),#1566);
#1562 = LINE('',#1563,#1564);
#1563 = CARTESIAN_POINT('',(1.570796326795,0.));
#1564 = VECTOR('',#1565,1.);
#1565 = DIRECTION('',(0.,1.));
#1566 = ( GEOMETRIC_REPRESENTATION_CONTEXT(2) 
PARAMETRIC_REPRESENTATION_CONTEXT() REPRESENTATION_CONTEXT('2D SPACE',''
  ) );
#1567 = PCURVE('',#158,#1568);
#1568 = DEFINITIONAL_REPRESENTATION('',(#1569),#1573);
#1569 = LINE('',#1570,#1571);
#1570 = CARTESIAN_POINT('',(1.570796326795,-1.421E-14));
#1571 = VECTOR('',#1572,1.);
#1572 = DIRECTION('',(-1.,0.));
#1573 = ( GEOMETRIC_REPRESENTATION_CONTEXT(2) 
PARAMETRIC_REPRESENTATION_CONTEXT() REPRESENTATION_CONTEXT('2D SPACE',''
  ) );
#1574 = ORIENTED_EDGE('',*,*,#1575,.F.);
#1575 = EDGE_CURVE('',#1440,#1552,#1576,.T.);
#1576 = SURFACE_CURVE('',#1577,(#1582,#1589),.PCURVE_S1.);
#1577 = CIRCLE('',#1578,2.);
#1578 = AXIS2_PLACEMENT_3D('',#1579,#1580,#1581);
#1579 = CARTESIAN_POINT('',(-10.,-1.,6.));
#1580 = DIRECTION('',(0.,1.,-2.2E-16));
#1581 = DIRECTION('',(-2.043E-14,-2.2E-16,-1.));
#1582 = PCURVE('',#187,#1583);
#1583 = DEFINITIONAL_REPRESENTATION('',(#1584),#1588);
#1584 = LINE('',#1585,#1586);
#1585 = CARTESIAN_POINT('',(0.,3.14159265359));
#1586 = VECTOR('',#1587,1.);
#1587 = DIRECTION('',(1.,0.));
#1588 = ( GEOMETRIC_REPRESENTATION_CONTEXT(2) 
PARAMETRIC_REPRESENTATION_CONTEXT() REPRESENTATION_CONTEXT('2D SPACE',''
  ) );
#1589 = PCURVE('',#1590,#1595);
#1590 = CYLINDRICAL_SURFACE('',#1591,2.);
#1591 = AXIS2_PLACEMENT_3D('',#1592,#1593,#1594);
#1592 = CARTESIAN_POINT('',(-10.,1.33E-15,6.));
#1593 = DIRECTION('',(0.,1.,-2.2E-16));
#1594 = DIRECTION('',(1.,0.,0.));
#1595 = DEFINITIONAL_REPRESENTATION('',(#1596),#1600);
#1596 = LINE('',#1597,#1598);
#1597 = CARTESIAN_POINT('',(-4.712388980385,-1.));
#1598 = VECTOR('',#1599,1.);
#1599 = DIRECTION('',(1.,-0.));
#1600 = ( GEOMETRIC_REPRESENTATION_CONTEXT(2) 
PARAMETRIC_REPRESENTATION_CONTEXT() REPRESENTATION_CONTEXT('2D SPACE',''
  ) );
#1601 = ADVANCED_FACE('',(#1602),#158,.T.);
#1602 = FACE_BOUND('',#1603,.F.);
#1603 = EDGE_LOOP('',(#1604,#1605,#1631,#1632));
#1604 = ORIENTED_EDGE('',*,*,#1551,.T.);
#1605 = ORIENTED_EDGE('',*,*,#1606,.T.);
#1606 = EDGE_CURVE('',#1552,#1494,#1607,.T.);
#1607 = SURFACE_CURVE('',#1608,(#1612,#1619),.PCURVE_S1.);
#1608 = LINE('',#1609,#1610);
#1609 = CARTESIAN_POINT('',(-12.,-1.,6.));
#1610 = VECTOR('',#1611,1.);
#1611 = DIRECTION('',(-5.8E-16,2.2E-16,1.));
#1612 = PCURVE('',#158,#1613);
#1613 = DEFINITIONAL_REPRESENTATION('',(#1614),#1618);
#1614 = LINE('',#1615,#1616);
#1615 = CARTESIAN_POINT('',(-1.570796326795,0.));
#1616 = VECTOR('',#1617,1.);
#1617 = DIRECTION('',(-0.,1.));
#1618 = ( GEOMETRIC_REPRESENTATION_CONTEXT(2) 
PARAMETRIC_REPRESENTATION_CONTEXT() REPRESENTATION_CONTEXT('2D SPACE',''
  ) );
#1619 = PCURVE('',#1620,#1625);
#1620 = PLANE('',#1621);
#1621 = AXIS2_PLACEMENT_3D('',#1622,#1623,#1624);
#1622 = CARTESIAN_POINT('',(-12.,2.598E-14,117.));
#1623 = DIRECTION('',(1.,0.,5.8E-16));
#1624 = DIRECTION('',(5.8E-16,-2.2E-16,-1.));
#1625 = DEFINITIONAL_REPRESENTATION('',(#1626),#1630);
#1626 = LINE('',#1627,#1628);
#1627 = CARTESIAN_POINT('',(111.,-1.));
#1628 = VECTOR('',#1629,1.);
#1629 = DIRECTION('',(-1.,0.));
#1630 = ( GEOMETRIC_REPRESENTATION_CONTEXT(2) 
PARAMETRIC_REPRESENTATION_CONTEXT() REPRESENTATION_CONTEXT('2D SPACE',''
  ) );
#1631 = ORIENTED_EDGE('',*,*,#1493,.F.);
#1632 = ORIENTED_EDGE('',*,*,#142,.F.);
#1633 = ADVANCED_FACE('',(#1634),#274,.T.);
#1634 = FACE_BOUND('',#1635,.T.);
#1635 = EDGE_LOOP('',(#1636,#1671,#1699,#1726));
#1636 = ORIENTED_EDGE('',*,*,#1637,.T.);
#1637 = EDGE_CURVE('',#257,#1638,#1640,.T.);
#1638 = VERTEX_POINT('',#1639);
#1639 = CARTESIAN_POINT('',(-20.59633887411,-2.,77.329265823523));
#1640 = SURFACE_CURVE('',#1641,(#1646,#1658),.PCURVE_S1.);
#1641 = ELLIPSE('',#1642,2.649768860868,2.);
#1642 = AXIS2_PLACEMENT_3D('',#1643,#1644,#1645);
#1643 = CARTESIAN_POINT('',(-17.94696843981,-2.,77.375214902992));
#1644 = DIRECTION('',(-1.734078777493E-02,2.2E-16,0.999849637235));
#1645 = DIRECTION('',(-0.999849637235,0.,-1.734078777493E-02));
#1646 = PCURVE('',#274,#1647);
#1647 = DEFINITIONAL_REPRESENTATION('',(#1648),#1657);
#1648 = B_SPLINE_CURVE_WITH_KNOTS('',7,(#1649,#1650,#1651,#1652,#1653,
    #1654,#1655,#1656),.UNSPECIFIED.,.F.,.F.,(8,8),(4.712388980385,
    6.28318530718),.PIECEWISE_BEZIER_KNOTS.);
#1649 = CARTESIAN_POINT('',(-4.4E-16,-1.738181525626));
#1650 = CARTESIAN_POINT('',(0.224399475256,-1.348134503375));
#1651 = CARTESIAN_POINT('',(0.448798915743,-0.958089101094));
#1652 = CARTESIAN_POINT('',(0.673198483215,-0.60011263293));
#1653 = CARTESIAN_POINT('',(0.897597917331,-0.306332732497));
#1654 = CARTESIAN_POINT('',(1.121997338001,-0.102115895935));
#1655 = CARTESIAN_POINT('',(1.346396851538,-1.019E-14));
#1656 = CARTESIAN_POINT('',(1.570796326795,-1.432E-14));
#1657 = ( GEOMETRIC_REPRESENTATION_CONTEXT(2) 
PARAMETRIC_REPRESENTATION_CONTEXT() REPRESENTATION_CONTEXT('2D SPACE',''
  ) );
#1658 = PCURVE('',#950,#1659);
#1659 = DEFINITIONAL_REPRESENTATION('',(#1660),#1670);
#1660 = B_SPLINE_CURVE_WITH_KNOTS('',8,(#1661,#1662,#1663,#1664,#1665,
    #1666,#1667,#1668,#1669),.UNSPECIFIED.,.F.,.F.,(9,9),(4.712388980385
    ,6.28318530718),.PIECEWISE_BEZIER_KNOTS.);
#1661 = CARTESIAN_POINT('',(0.,12.478717338007));
#1662 = CARTESIAN_POINT('',(0.196349540849,12.137426193538));
#1663 = CARTESIAN_POINT('',(0.392699081699,11.796134968035));
#1664 = CARTESIAN_POINT('',(0.589048622546,11.474894456529));
#1665 = CARTESIAN_POINT('',(0.785398163398,11.193751435145));
#1666 = CARTESIAN_POINT('',(0.981747704244,10.970292042228));
#1667 = CARTESIAN_POINT('',(1.178097245096,10.817121439213));
#1668 = CARTESIAN_POINT('',(1.374446785946,10.740535812382));
#1669 = CARTESIAN_POINT('',(1.570796326795,10.740535812382));
#1670 = ( GEOMETRIC_REPRESENTATION_CONTEXT(2) 
PARAMETRIC_REPRESENTATION_CONTEXT() REPRESENTATION_CONTEXT('2D SPACE',''
  ) );
#1671 = ORIENTED_EDGE('',*,*,#1672,.T.);
#1672 = EDGE_CURVE('',#1638,#1673,#1675,.T.);
#1673 = VERTEX_POINT('',#1674);
#1674 = CARTESIAN_POINT('',(-22.48658840897,-2.,79.429543452232));
#1675 = SURFACE_CURVE('',#1676,(#1680,#1687),.PCURVE_S1.);
#1676 = LINE('',#1677,#1678);
#1677 = CARTESIAN_POINT('',(-20.59633887411,-2.,77.329265823523));
#1678 = VECTOR('',#1679,1.);
#1679 = DIRECTION('',(-0.668964666909,1.7E-16,0.74329420449));
#1680 = PCURVE('',#274,#1681);
#1681 = DEFINITIONAL_REPRESENTATION('',(#1682),#1686);
#1682 = LINE('',#1683,#1684);
#1683 = CARTESIAN_POINT('',(1.570796326795,0.));
#1684 = VECTOR('',#1685,1.);
#1685 = DIRECTION('',(0.,1.));
#1686 = ( GEOMETRIC_REPRESENTATION_CONTEXT(2) 
PARAMETRIC_REPRESENTATION_CONTEXT() REPRESENTATION_CONTEXT('2D SPACE',''
  ) );
#1687 = PCURVE('',#1688,#1693);
#1688 = PLANE('',#1689);
#1689 = AXIS2_PLACEMENT_3D('',#1690,#1691,#1692);
#1690 = CARTESIAN_POINT('',(-18.5,1.665E-14,75.));
#1691 = DIRECTION('',(-0.74329420449,-1.5E-16,-0.668964666909));
#1692 = DIRECTION('',(-0.668964666909,1.7E-16,0.74329420449));
#1693 = DEFINITIONAL_REPRESENTATION('',(#1694),#1698);
#1694 = LINE('',#1695,#1696);
#1695 = CARTESIAN_POINT('',(3.133706423989,-2.));
#1696 = VECTOR('',#1697,1.);
#1697 = DIRECTION('',(1.,0.));
#1698 = ( GEOMETRIC_REPRESENTATION_CONTEXT(2) 
PARAMETRIC_REPRESENTATION_CONTEXT() REPRESENTATION_CONTEXT('2D SPACE',''
  ) );
#1699 = ORIENTED_EDGE('',*,*,#1700,.F.);
#1700 = EDGE_CURVE('',#259,#1673,#1701,.T.);
#1701 = SURFACE_CURVE('',#1702,(#1707,#1714),.PCURVE_S1.);
#1702 = CIRCLE('',#1703,2.);
#1703 = AXIS2_PLACEMENT_3D('',#1704,#1705,#1706);
#1704 = CARTESIAN_POINT('',(-21.,-2.,80.767472786049));
#1705 = DIRECTION('',(-0.668964666909,1.7E-16,0.74329420449));
#1706 = DIRECTION('',(4.331730191738E-18,1.,-2.248130343891E-16));
#1707 = PCURVE('',#274,#1708);
#1708 = DEFINITIONAL_REPRESENTATION('',(#1709),#1713);
#1709 = LINE('',#1710,#1711);
#1710 = CARTESIAN_POINT('',(0.,2.825634339704));
#1711 = VECTOR('',#1712,1.);
#1712 = DIRECTION('',(1.,0.));
#1713 = ( GEOMETRIC_REPRESENTATION_CONTEXT(2) 
PARAMETRIC_REPRESENTATION_CONTEXT() REPRESENTATION_CONTEXT('2D SPACE',''
  ) );
#1714 = PCURVE('',#1715,#1720);
#1715 = SPHERICAL_SURFACE('',#1716,2.);
#1716 = AXIS2_PLACEMENT_3D('',#1717,#1718,#1719);
#1717 = CARTESIAN_POINT('',(-21.,-2.,80.767472786049));
#1718 = DIRECTION('',(0.,-1.,2.2E-16));
#1719 = DIRECTION('',(-0.74329420449,-1.471722267199E-16,-0.668964666909
    ));
#1720 = DEFINITIONAL_REPRESENTATION('',(#1721),#1725);
#1721 = LINE('',#1722,#1723);
#1722 = CARTESIAN_POINT('',(3.55E-15,-1.570796326795));
#1723 = VECTOR('',#1724,1.);
#1724 = DIRECTION('',(-0.,1.));
#1725 = ( GEOMETRIC_REPRESENTATION_CONTEXT(2) 
PARAMETRIC_REPRESENTATION_CONTEXT() REPRESENTATION_CONTEXT('2D SPACE',''
  ) );
#1726 = ORIENTED_EDGE('',*,*,#256,.F.);
#1727 = ADVANCED_FACE('',(#1728),#950,.T.);
#1728 = FACE_BOUND('',#1729,.T.);
#1729 = EDGE_LOOP('',(#1730,#1754,#1780,#1781));
#1730 = ORIENTED_EDGE('',*,*,#1731,.T.);
#1731 = EDGE_CURVE('',#908,#1732,#1734,.T.);
#1732 = VERTEX_POINT('',#1733);
#1733 = CARTESIAN_POINT('',(-27.50022221569,-2.,69.101538048316));
#1734 = SURFACE_CURVE('',#1735,(#1740,#1747),.PCURVE_S1.);
#1735 = CIRCLE('',#1736,2.);
#1736 = AXIS2_PLACEMENT_3D('',#1737,#1738,#1739);
#1737 = CARTESIAN_POINT('',(-25.96813332941,-2.,67.81596282899));
#1738 = DIRECTION('',(0.642787609663,1.7E-16,0.766044443139));
#1739 = DIRECTION('',(-0.766044443139,1.4E-16,0.642787609663));
#1740 = PCURVE('',#950,#1741);
#1741 = DEFINITIONAL_REPRESENTATION('',(#1742),#1746);
#1742 = LINE('',#1743,#1744);
#1743 = CARTESIAN_POINT('',(-4.712388980385,0.));
#1744 = VECTOR('',#1745,1.);
#1745 = DIRECTION('',(1.,0.));
#1746 = ( GEOMETRIC_REPRESENTATION_CONTEXT(2) 
PARAMETRIC_REPRESENTATION_CONTEXT() REPRESENTATION_CONTEXT('2D SPACE',''
  ) );
#1747 = PCURVE('',#924,#1748);
#1748 = DEFINITIONAL_REPRESENTATION('',(#1749),#1753);
#1749 = LINE('',#1750,#1751);
#1750 = CARTESIAN_POINT('',(-0.698131700767,0.));
#1751 = VECTOR('',#1752,1.);
#1752 = DIRECTION('',(-0.,1.));
#1753 = ( GEOMETRIC_REPRESENTATION_CONTEXT(2) 
PARAMETRIC_REPRESENTATION_CONTEXT() REPRESENTATION_CONTEXT('2D SPACE',''
  ) );
#1754 = ORIENTED_EDGE('',*,*,#1755,.T.);
#1755 = EDGE_CURVE('',#1732,#1638,#1756,.T.);
#1756 = SURFACE_CURVE('',#1757,(#1761,#1768),.PCURVE_S1.);
#1757 = LINE('',#1758,#1759);
#1758 = CARTESIAN_POINT('',(-27.50022221569,-2.,69.101538048316));
#1759 = VECTOR('',#1760,1.);
#1760 = DIRECTION('',(0.642787609685,1.7E-16,0.76604444312));
#1761 = PCURVE('',#950,#1762);
#1762 = DEFINITIONAL_REPRESENTATION('',(#1763),#1767);
#1763 = LINE('',#1764,#1765);
#1764 = CARTESIAN_POINT('',(1.570796326795,0.));
#1765 = VECTOR('',#1766,1.);
#1766 = DIRECTION('',(0.,1.));
#1767 = ( GEOMETRIC_REPRESENTATION_CONTEXT(2) 
PARAMETRIC_REPRESENTATION_CONTEXT() REPRESENTATION_CONTEXT('2D SPACE',''
  ) );
#1768 = PCURVE('',#1769,#1774);
#1769 = PLANE('',#1770);
#1770 = AXIS2_PLACEMENT_3D('',#1771,#1772,#1773);
#1771 = CARTESIAN_POINT('',(-27.50022221569,1.534E-14,69.101538048316));
#1772 = DIRECTION('',(0.76604444312,-1.4E-16,-0.642787609685));
#1773 = DIRECTION('',(-0.642787609685,-1.7E-16,-0.76604444312));
#1774 = DEFINITIONAL_REPRESENTATION('',(#1775),#1779);
#1775 = LINE('',#1776,#1777);
#1776 = CARTESIAN_POINT('',(3.4E-16,-2.));
#1777 = VECTOR('',#1778,1.);
#1778 = DIRECTION('',(-1.,0.));
#1779 = ( GEOMETRIC_REPRESENTATION_CONTEXT(2) 
PARAMETRIC_REPRESENTATION_CONTEXT() REPRESENTATION_CONTEXT('2D SPACE',''
  ) );
#1780 = ORIENTED_EDGE('',*,*,#1637,.F.);
#1781 = ORIENTED_EDGE('',*,*,#936,.F.);
#1782 = ADVANCED_FACE('',(#1783),#302,.T.);
#1783 = FACE_BOUND('',#1784,.T.);
#1784 = EDGE_LOOP('',(#1785,#1809,#1837,#1936));
#1785 = ORIENTED_EDGE('',*,*,#1786,.T.);
#1786 = EDGE_CURVE('',#259,#1787,#1789,.T.);
#1787 = VERTEX_POINT('',#1788);
#1788 = CARTESIAN_POINT('',(-23.,-2.,80.767472786049));
#1789 = SURFACE_CURVE('',#1790,(#1795,#1802),.PCURVE_S1.);
#1790 = CIRCLE('',#1791,2.);
#1791 = AXIS2_PLACEMENT_3D('',#1792,#1793,#1794);
#1792 = CARTESIAN_POINT('',(-21.,-2.,80.767472786049));
#1793 = DIRECTION('',(-2.66E-15,2.2E-16,1.));
#1794 = DIRECTION('',(-1.,0.,-2.66E-15));
#1795 = PCURVE('',#302,#1796);
#1796 = DEFINITIONAL_REPRESENTATION('',(#1797),#1801);
#1797 = LINE('',#1798,#1799);
#1798 = CARTESIAN_POINT('',(-4.712388980385,0.));
#1799 = VECTOR('',#1800,1.);
#1800 = DIRECTION('',(1.,0.));
#1801 = ( GEOMETRIC_REPRESENTATION_CONTEXT(2) 
PARAMETRIC_REPRESENTATION_CONTEXT() REPRESENTATION_CONTEXT('2D SPACE',''
  ) );
#1802 = PCURVE('',#1715,#1803);
#1803 = DEFINITIONAL_REPRESENTATION('',(#1804),#1808);
#1804 = LINE('',#1805,#1806);
#1805 = CARTESIAN_POINT('',(-0.732815014723,-6.28318530718));
#1806 = VECTOR('',#1807,1.);
#1807 = DIRECTION('',(-0.,1.));
#1808 = ( GEOMETRIC_REPRESENTATION_CONTEXT(2) 
PARAMETRIC_REPRESENTATION_CONTEXT() REPRESENTATION_CONTEXT('2D SPACE',''
  ) );
#1809 = ORIENTED_EDGE('',*,*,#1810,.T.);
#1810 = EDGE_CURVE('',#1787,#1811,#1813,.T.);
#1811 = VERTEX_POINT('',#1812);
#1812 = CARTESIAN_POINT('',(-23.,-2.,108.84363689036));
#1813 = SURFACE_CURVE('',#1814,(#1818,#1825),.PCURVE_S1.);
#1814 = LINE('',#1815,#1816);
#1815 = CARTESIAN_POINT('',(-23.,-2.,80.767472786049));
#1816 = VECTOR('',#1817,1.);
#1817 = DIRECTION('',(0.,2.2E-16,1.));
#1818 = PCURVE('',#302,#1819);
#1819 = DEFINITIONAL_REPRESENTATION('',(#1820),#1824);
#1820 = LINE('',#1821,#1822);
#1821 = CARTESIAN_POINT('',(1.570796326795,0.));
#1822 = VECTOR('',#1823,1.);
#1823 = DIRECTION('',(0.,1.));
#1824 = ( GEOMETRIC_REPRESENTATION_CONTEXT(2) 
PARAMETRIC_REPRESENTATION_CONTEXT() REPRESENTATION_CONTEXT('2D SPACE',''
  ) );
#1825 = PCURVE('',#1826,#1831);
#1826 = PLANE('',#1827);
#1827 = AXIS2_PLACEMENT_3D('',#1828,#1829,#1830);
#1828 = CARTESIAN_POINT('',(-23.,1.793E-14,80.767472786049));
#1829 = DIRECTION('',(-1.,0.,0.));
#1830 = DIRECTION('',(0.,2.2E-16,1.));
#1831 = DEFINITIONAL_REPRESENTATION('',(#1832),#1836);
#1832 = LINE('',#1833,#1834);
#1833 = CARTESIAN_POINT('',(-4.4E-16,-2.));
#1834 = VECTOR('',#1835,1.);
#1835 = DIRECTION('',(1.,0.));
#1836 = ( GEOMETRIC_REPRESENTATION_CONTEXT(2) 
PARAMETRIC_REPRESENTATION_CONTEXT() REPRESENTATION_CONTEXT('2D SPACE',''
  ) );
#1837 = ORIENTED_EDGE('',*,*,#1838,.F.);
#1838 = EDGE_CURVE('',#287,#1811,#1839,.T.);
#1839 = SURFACE_CURVE('',#1840,(#1847,#1853),.PCURVE_S1.);
#1840 = B_SPLINE_CURVE_WITH_KNOTS('',5,(#1841,#1842,#1843,#1844,#1845,
    #1846),.UNSPECIFIED.,.F.,.F.,(6,6),(0.,1.),
  .PIECEWISE_BEZIER_KNOTS.);
#1841 = CARTESIAN_POINT('',(-21.,2.438E-14,108.19395680399));
#1842 = CARTESIAN_POINT('',(-21.62831853071,2.497E-14,108.32389282127));
#1843 = CARTESIAN_POINT('',(-22.25722328672,-0.246030008091,
    108.45382883854));
#1844 = CARTESIAN_POINT('',(-22.7539699919,-0.742776713274,
    108.58376485581));
#1845 = CARTESIAN_POINT('',(-23.,-1.371681469282,108.71370087308));
#1846 = CARTESIAN_POINT('',(-23.,-2.,108.84363689036));
#1847 = PCURVE('',#302,#1848);
#1848 = DEFINITIONAL_REPRESENTATION('',(#1849),#1852);
#1849 = B_SPLINE_CURVE_WITH_KNOTS('',1,(#1850,#1851),.UNSPECIFIED.,.F.,
  .F.,(2,2),(0.,1.),.PIECEWISE_BEZIER_KNOTS.);
#1850 = CARTESIAN_POINT('',(-1.3511E-13,27.426484017949));
#1851 = CARTESIAN_POINT('',(1.570796326795,28.076164104311));
#1852 = ( GEOMETRIC_REPRESENTATION_CONTEXT(2) 
PARAMETRIC_REPRESENTATION_CONTEXT() REPRESENTATION_CONTEXT('2D SPACE',''
  ) );
#1853 = PCURVE('',#1854,#1927);
#1854 = B_SPLINE_SURFACE_WITH_KNOTS('',7,8,(
    (#1855,#1856,#1857,#1858,#1859,#1860,#1861,#1862,#1863)
    ,(#1864,#1865,#1866,#1867,#1868,#1869,#1870,#1871,#1872)
    ,(#1873,#1874,#1875,#1876,#1877,#1878,#1879,#1880,#1881)
    ,(#1882,#1883,#1884,#1885,#1886,#1887,#1888,#1889,#1890)
    ,(#1891,#1892,#1893,#1894,#1895,#1896,#1897,#1898,#1899)
    ,(#1900,#1901,#1902,#1903,#1904,#1905,#1906,#1907,#1908)
    ,(#1909,#1910,#1911,#1912,#1913,#1914,#1915,#1916,#1917)
    ,(#1918,#1919,#1920,#1921,#1922,#1923,#1924,#1925,#1926
  )),.UNSPECIFIED.,.F.,.F.,.F.,(8,8),(9,9),(0.,1.),(0.,1.),
  .PIECEWISE_BEZIER_KNOTS.);
#1855 = CARTESIAN_POINT('',(-21.,2.444E-14,108.19395680399));
#1856 = CARTESIAN_POINT('',(-21.39269908169,2.458E-14,108.27516681479));
#1857 = CARTESIAN_POINT('',(-21.78539828074,-8.812157792238E-02,
    108.35637682558));
#1858 = CARTESIAN_POINT('',(-22.155026453,-0.264363868257,
    108.43758683638));
#1859 = CARTESIAN_POINT('',(-22.47851748649,-0.52148248844,
    108.51879684717));
#1860 = CARTESIAN_POINT('',(-22.7356361004,-0.84497353133,
    108.60000685797));
#1861 = CARTESIAN_POINT('',(-22.91187839074,-1.214601712992,
    108.68121686876));
#1862 = CARTESIAN_POINT('',(-22.99999997806,-1.607300918301,
    108.76242687956));
#1863 = CARTESIAN_POINT('',(-23.,-2.,108.84363689036));
#1864 = CARTESIAN_POINT('',(-21.,2.444E-14,108.19395680399));
#1865 = CARTESIAN_POINT('',(-21.38965561094,2.457E-14,108.310392792));
#1866 = CARTESIAN_POINT('',(-21.77855908859,-8.669000900124E-02,
    108.42967224583));
#1867 = CARTESIAN_POINT('',(-22.14478898075,-0.258297205799,
    108.54891588376));
#1868 = CARTESIAN_POINT('',(-22.46957011854,-0.505566059783,
    108.6646557822));
#1869 = CARTESIAN_POINT('',(-22.73961386723,-0.82658316253,
    108.77319796099));
#1870 = CARTESIAN_POINT('',(-22.92249965188,-1.205639871597,
    108.87169933167));
#1871 = CARTESIAN_POINT('',(-23.00759312057,-1.606837748253,
    108.95845249741));
#1872 = CARTESIAN_POINT('',(-23.,-2.,109.03302073412));
#1873 = CARTESIAN_POINT('',(-21.,2.437E-14,108.19395680399));
#1874 = CARTESIAN_POINT('',(-21.36438247594,2.487E-14,108.37428460484));
#1875 = CARTESIAN_POINT('',(-21.75552076343,-8.504019866926E-02,
    108.52701304038));
#1876 = CARTESIAN_POINT('',(-22.1100700021,-0.252741584194,
    108.69617855155));
#1877 = CARTESIAN_POINT('',(-22.42627914565,-0.493251667281,
    108.85609683776));
#1878 = CARTESIAN_POINT('',(-22.69448352458,-0.813075676637,
    108.99857729626));
#1879 = CARTESIAN_POINT('',(-22.87604395865,-1.199028556521,
    109.10982280995));
#1880 = CARTESIAN_POINT('',(-22.97546373316,-1.606374574858,
    109.1669340693));
#1881 = CARTESIAN_POINT('',(-22.95868243711,-2.,109.22240437857));
#1882 = CARTESIAN_POINT('',(-21.,2.434E-14,108.19395680399));
#1883 = CARTESIAN_POINT('',(-21.36043190271,2.502E-14,108.3903587395));
#1884 = CARTESIAN_POINT('',(-21.73264931368,-8.417633806584E-02,
    108.58745305203));
#1885 = CARTESIAN_POINT('',(-22.07606999942,-0.249836066634,
    108.79334827531));
#1886 = CARTESIAN_POINT('',(-22.38199841284,-0.486912120203,
    108.99036436874));
#1887 = CARTESIAN_POINT('',(-22.63985870075,-0.806137115065,
    109.16883909001));
#1888 = CARTESIAN_POINT('',(-22.81061296701,-1.195494900586,
    109.30242117371));
#1889 = CARTESIAN_POINT('',(-22.89296355042,-1.605911399119,
    109.37342455621));
#1890 = CARTESIAN_POINT('',(-22.87604972985,-2.,109.40097252407));
#1891 = CARTESIAN_POINT('',(-21.,2.431E-14,108.19395680399));
#1892 = CARTESIAN_POINT('',(-21.35556559879,2.517E-14,108.39821794215));
#1893 = CARTESIAN_POINT('',(-21.697807622,-8.373950798478E-02,
    108.63680708616));
#1894 = CARTESIAN_POINT('',(-22.02013773477,-0.248834109467,
    108.87304852025));
#1895 = CARTESIAN_POINT('',(-22.30441760475,-0.485683308222,
    109.10122686879));
#1896 = CARTESIAN_POINT('',(-22.53939158935,-0.805075667823,
    109.31080247876));
#1897 = CARTESIAN_POINT('',(-22.6929347425,-1.194705112017,
    109.46492582491));
#1898 = CARTESIAN_POINT('',(-22.75754674457,-1.60544822204,
    109.55523170696));
#1899 = CARTESIAN_POINT('',(-22.75563255305,-2.,109.55790270186));
#1900 = CARTESIAN_POINT('',(-21.,2.427E-14,108.19395680399));
#1901 = CARTESIAN_POINT('',(-21.34399290132,2.532E-14,108.40844339396));
#1902 = CARTESIAN_POINT('',(-21.65207075628,-8.371156680641E-02,
    108.67913084606));
#1903 = CARTESIAN_POINT('',(-21.94568692115,-0.249710570755,
    108.93767762884));
#1904 = CARTESIAN_POINT('',(-22.199760084,-0.489510350912,
    109.18726542767));
#1905 = CARTESIAN_POINT('',(-22.40337179003,-0.80979398777,
    109.41643491001));
#1906 = CARTESIAN_POINT('',(-22.53578479002,-1.196590630188,
    109.58449355192));
#1907 = CARTESIAN_POINT('',(-22.58650128616,-1.604985044627,
    109.69167878917));
#1908 = CARTESIAN_POINT('',(-22.60453547221,-2.,109.68393608223));
#1909 = CARTESIAN_POINT('',(-21.,2.421E-14,108.19395680399));
#1910 = CARTESIAN_POINT('',(-21.30347551784,2.563E-14,108.46063784112));
#1911 = CARTESIAN_POINT('',(-21.58995864849,-8.373359532456E-02,
    108.74609872896));
#1912 = CARTESIAN_POINT('',(-21.84520663634,-0.251718906848,
    109.03335528055));
#1913 = CARTESIAN_POINT('',(-22.05933911736,-0.497529137948,
    109.30338137572));
#1914 = CARTESIAN_POINT('',(-22.22498097404,-0.819600264913,
    109.53897156615));
#1915 = CARTESIAN_POINT('',(-22.33617180653,-1.200817663322,
    109.70354818521));
#1916 = CARTESIAN_POINT('',(-22.40133217373,-1.604521867883,
    109.78115850572));
#1917 = CARTESIAN_POINT('',(-22.43229839234,-2.,109.77286125765));
#1918 = CARTESIAN_POINT('',(-21.,2.422E-14,108.19395680399));
#1919 = CARTESIAN_POINT('',(-21.27756567435,2.563E-14,108.4783177698));
#1920 = CARTESIAN_POINT('',(-21.53473780394,-8.48097846786E-02,
    108.78258300949));
#1921 = CARTESIAN_POINT('',(-21.75853767248,-0.256998180936,
    109.08659754443));
#1922 = CARTESIAN_POINT('',(-21.93888867252,-0.512112478597,
    109.36608590295));
#1923 = CARTESIAN_POINT('',(-22.07180792304,-0.836180540668,
    109.59519021729));
#1924 = CARTESIAN_POINT('',(-22.16147806756,-1.208113344244,
    109.75400886186));
#1925 = CARTESIAN_POINT('',(-22.21684834719,-1.604058692814,
    109.83059005217));
#1926 = CARTESIAN_POINT('',(-22.24936746166,-2.,109.82187671319));
#1927 = DEFINITIONAL_REPRESENTATION('',(#1928),#1935);
#1928 = B_SPLINE_CURVE_WITH_KNOTS('',5,(#1929,#1930,#1931,#1932,#1933,
    #1934),.UNSPECIFIED.,.F.,.F.,(6,6),(0.,1.),
  .PIECEWISE_BEZIER_KNOTS.);
#1929 = CARTESIAN_POINT('',(0.,0.));
#1930 = CARTESIAN_POINT('',(0.,0.2));
#1931 = CARTESIAN_POINT('',(0.,0.40003293561));
#1932 = CARTESIAN_POINT('',(0.,0.599967079414));
#1933 = CARTESIAN_POINT('',(0.,0.8));
#1934 = CARTESIAN_POINT('',(0.,1.));
#1935 = ( GEOMETRIC_REPRESENTATION_CONTEXT(2) 
PARAMETRIC_REPRESENTATION_CONTEXT() REPRESENTATION_CONTEXT('2D SPACE',''
  ) );
#1936 = ORIENTED_EDGE('',*,*,#286,.F.);
#1937 = ADVANCED_FACE('',(#1938),#924,.T.);
#1938 = FACE_BOUND('',#1939,.F.);
#1939 = EDGE_LOOP('',(#1940,#1964,#1965,#1966));
#1940 = ORIENTED_EDGE('',*,*,#1941,.F.);
#1941 = EDGE_CURVE('',#880,#1942,#1944,.T.);
#1942 = VERTEX_POINT('',#1943);
#1943 = CARTESIAN_POINT('',(-28.67,-2.,65.8876));
#1944 = SURFACE_CURVE('',#1945,(#1950,#1957),.PCURVE_S1.);
#1945 = CIRCLE('',#1946,2.);
#1946 = AXIS2_PLACEMENT_3D('',#1947,#1948,#1949);
#1947 = CARTESIAN_POINT('',(-26.67,-2.,65.8876));
#1948 = DIRECTION('',(0.,2.2E-16,1.));
#1949 = DIRECTION('',(0.,1.,-2.2E-16));
#1950 = PCURVE('',#924,#1951);
#1951 = DEFINITIONAL_REPRESENTATION('',(#1952),#1956);
#1952 = LINE('',#1953,#1954);
#1953 = CARTESIAN_POINT('',(8.9E-16,4.712388980385));
#1954 = VECTOR('',#1955,1.);
#1955 = DIRECTION('',(-0.,1.));
#1956 = ( GEOMETRIC_REPRESENTATION_CONTEXT(2) 
PARAMETRIC_REPRESENTATION_CONTEXT() REPRESENTATION_CONTEXT('2D SPACE',''
  ) );
#1957 = PCURVE('',#895,#1958);
#1958 = DEFINITIONAL_REPRESENTATION('',(#1959),#1963);
#1959 = LINE('',#1960,#1961);
#1960 = CARTESIAN_POINT('',(0.,12.87));
#1961 = VECTOR('',#1962,1.);
#1962 = DIRECTION('',(1.,0.));
#1963 = ( GEOMETRIC_REPRESENTATION_CONTEXT(2) 
PARAMETRIC_REPRESENTATION_CONTEXT() REPRESENTATION_CONTEXT('2D SPACE',''
  ) );
#1964 = ORIENTED_EDGE('',*,*,#907,.T.);
#1965 = ORIENTED_EDGE('',*,*,#1731,.T.);
#1966 = ORIENTED_EDGE('',*,*,#1967,.F.);
#1967 = EDGE_CURVE('',#1942,#1732,#1968,.T.);
#1968 = SURFACE_CURVE('',#1969,(#1974,#1981),.PCURVE_S1.);
#1969 = CIRCLE('',#1970,5.);
#1970 = AXIS2_PLACEMENT_3D('',#1971,#1972,#1973);
#1971 = CARTESIAN_POINT('',(-23.67,-2.,65.8876));
#1972 = DIRECTION('',(0.,1.,-2.2E-16));
#1973 = DIRECTION('',(-1.,3.96E-32,1.8E-16));
#1974 = PCURVE('',#924,#1975);
#1975 = DEFINITIONAL_REPRESENTATION('',(#1976),#1980);
#1976 = LINE('',#1977,#1978);
#1977 = CARTESIAN_POINT('',(-0.,6.28318530718));
#1978 = VECTOR('',#1979,1.);
#1979 = DIRECTION('',(-1.,0.));
#1980 = ( GEOMETRIC_REPRESENTATION_CONTEXT(2) 
PARAMETRIC_REPRESENTATION_CONTEXT() REPRESENTATION_CONTEXT('2D SPACE',''
  ) );
#1981 = PCURVE('',#1982,#1987);
#1982 = CYLINDRICAL_SURFACE('',#1983,5.);
#1983 = AXIS2_PLACEMENT_3D('',#1984,#1985,#1986);
#1984 = CARTESIAN_POINT('',(-23.67,1.463E-14,65.8876));
#1985 = DIRECTION('',(0.,1.,-2.2E-16));
#1986 = DIRECTION('',(-1.,0.,0.));
#1987 = DEFINITIONAL_REPRESENTATION('',(#1988),#1992);
#1988 = LINE('',#1989,#1990);
#1989 = CARTESIAN_POINT('',(0.,-2.));
#1990 = VECTOR('',#1991,1.);
#1991 = DIRECTION('',(1.,0.));
#1992 = ( GEOMETRIC_REPRESENTATION_CONTEXT(2) 
PARAMETRIC_REPRESENTATION_CONTEXT() REPRESENTATION_CONTEXT('2D SPACE',''
  ) );
#1993 = ADVANCED_FACE('',(#1994),#335,.T.);
#1994 = FACE_BOUND('',#1995,.F.);
#1995 = EDGE_LOOP('',(#1996,#2031,#2032,#2056));
#1996 = ORIENTED_EDGE('',*,*,#1997,.F.);
#1997 = EDGE_CURVE('',#287,#1998,#2000,.T.);
#1998 = VERTEX_POINT('',#1999);
#1999 = CARTESIAN_POINT('',(-22.24936746166,-2.,109.82187671319));
#2000 = SURFACE_CURVE('',#2001,(#2011,#2024),.PCURVE_S1.);
#2001 = B_SPLINE_CURVE_WITH_KNOTS('',8,(#2002,#2003,#2004,#2005,#2006,
    #2007,#2008,#2009,#2010),.UNSPECIFIED.,.F.,.F.,(9,9),(0.,1.),
  .PIECEWISE_BEZIER_KNOTS.);
#2002 = CARTESIAN_POINT('',(-21.,2.422E-14,108.19395680399));
#2003 = CARTESIAN_POINT('',(-21.27756567435,2.563E-14,108.4783177698));
#2004 = CARTESIAN_POINT('',(-21.53473780394,-8.48097846786E-02,
    108.78258300949));
#2005 = CARTESIAN_POINT('',(-21.75853767248,-0.256998180936,
    109.08659754443));
#2006 = CARTESIAN_POINT('',(-21.93888867252,-0.512112478597,
    109.36608590295));
#2007 = CARTESIAN_POINT('',(-22.07180792304,-0.836180540668,
    109.59519021729));
#2008 = CARTESIAN_POINT('',(-22.16147806756,-1.208113344244,
    109.75400886186));
#2009 = CARTESIAN_POINT('',(-22.21684834719,-1.604058692814,
    109.83059005217));
#2010 = CARTESIAN_POINT('',(-22.24936746166,-2.,109.82187671319));
#2011 = PCURVE('',#335,#2012);
#2012 = DEFINITIONAL_REPRESENTATION('',(#2013),#2023);
#2013 = B_SPLINE_CURVE_WITH_KNOTS('',8,(#2014,#2015,#2016,#2017,#2018,
    #2019,#2020,#2021,#2022),.UNSPECIFIED.,.F.,.F.,(9,9),(0.,1.),
  .PIECEWISE_BEZIER_KNOTS.);
#2014 = CARTESIAN_POINT('',(-0.263762198438,1.570796326795));
#2015 = CARTESIAN_POINT('',(-0.231418317397,1.763415473261));
#2016 = CARTESIAN_POINT('',(-0.198790338876,1.957726519785));
#2017 = CARTESIAN_POINT('',(-0.165914063963,2.153516258334));
#2018 = CARTESIAN_POINT('',(-0.132857600569,2.350379082437));
#2019 = CARTESIAN_POINT('',(-9.96988618275E-02,2.547850992079));
#2020 = CARTESIAN_POINT('',(-6.648502305238E-02,2.745651041729));
#2021 = CARTESIAN_POINT('',(-3.324248594627E-02,2.943621999997));
#2022 = CARTESIAN_POINT('',(8.6E-16,3.14159265359));
#2023 = ( GEOMETRIC_REPRESENTATION_CONTEXT(2) 
PARAMETRIC_REPRESENTATION_CONTEXT() REPRESENTATION_CONTEXT('2D SPACE',''
  ) );
#2024 = PCURVE('',#1854,#2025);
#2025 = DEFINITIONAL_REPRESENTATION('',(#2026),#2030);
#2026 = LINE('',#2027,#2028);
#2027 = CARTESIAN_POINT('',(1.,0.));
#2028 = VECTOR('',#2029,1.);
#2029 = DIRECTION('',(0.,1.));
#2030 = ( GEOMETRIC_REPRESENTATION_CONTEXT(2) 
PARAMETRIC_REPRESENTATION_CONTEXT() REPRESENTATION_CONTEXT('2D SPACE',''
  ) );
#2031 = ORIENTED_EDGE('',*,*,#314,.T.);
#2032 = ORIENTED_EDGE('',*,*,#2033,.T.);
#2033 = EDGE_CURVE('',#315,#2034,#2036,.T.);
#2034 = VERTEX_POINT('',#2035);
#2035 = CARTESIAN_POINT('',(-21.5,-2.,110.74951186556));
#2036 = SURFACE_CURVE('',#2037,(#2042,#2049),.PCURVE_S1.);
#2037 = CIRCLE('',#2038,2.);
#2038 = AXIS2_PLACEMENT_3D('',#2039,#2040,#2041);
#2039 = CARTESIAN_POINT('',(-19.50249830721,-2.,110.64957695015));
#2040 = DIRECTION('',(4.996745770414E-02,2.2E-16,0.998750846393));
#2041 = DIRECTION('',(0.998750846393,-1.E-17,-4.996745770414E-02));
#2042 = PCURVE('',#335,#2043);
#2043 = DEFINITIONAL_REPRESENTATION('',(#2044),#2048);
#2044 = LINE('',#2045,#2046);
#2045 = CARTESIAN_POINT('',(-1.259012437469,0.));
#2046 = VECTOR('',#2047,1.);
#2047 = DIRECTION('',(-0.,1.));
#2048 = ( GEOMETRIC_REPRESENTATION_CONTEXT(2) 
PARAMETRIC_REPRESENTATION_CONTEXT() REPRESENTATION_CONTEXT('2D SPACE',''
  ) );
#2049 = PCURVE('',#364,#2050);
#2050 = DEFINITIONAL_REPRESENTATION('',(#2051),#2055);
#2051 = LINE('',#2052,#2053);
#2052 = CARTESIAN_POINT('',(4.4E-16,3.14159265359));
#2053 = VECTOR('',#2054,1.);
#2054 = DIRECTION('',(-0.,1.));
#2055 = ( GEOMETRIC_REPRESENTATION_CONTEXT(2) 
PARAMETRIC_REPRESENTATION_CONTEXT() REPRESENTATION_CONTEXT('2D SPACE',''
  ) );
#2056 = ORIENTED_EDGE('',*,*,#2057,.F.);
#2057 = EDGE_CURVE('',#1998,#2034,#2058,.T.);
#2058 = SURFACE_CURVE('',#2059,(#2064,#2071),.PCURVE_S1.);
#2059 = CIRCLE('',#2060,1.012747080441);
#2060 = AXIS2_PLACEMENT_3D('',#2061,#2062,#2063);
#2061 = CARTESIAN_POINT('',(-22.51148200377,-2.,110.80011626246));
#2062 = DIRECTION('',(0.,-1.,2.2E-16));
#2063 = DIRECTION('',(0.258815401382,-2.12503896575E-16,-0.965926802614)
  );
#2064 = PCURVE('',#335,#2065);
#2065 = DEFINITIONAL_REPRESENTATION('',(#2066),#2070);
#2066 = LINE('',#2067,#2068);
#2067 = CARTESIAN_POINT('',(-0.,3.14159265359));
#2068 = VECTOR('',#2069,1.);
#2069 = DIRECTION('',(-1.,0.));
#2070 = ( GEOMETRIC_REPRESENTATION_CONTEXT(2) 
PARAMETRIC_REPRESENTATION_CONTEXT() REPRESENTATION_CONTEXT('2D SPACE',''
  ) );
#2071 = PCURVE('',#2072,#2077);
#2072 = CYLINDRICAL_SURFACE('',#2073,1.012747080441);
#2073 = AXIS2_PLACEMENT_3D('',#2074,#2075,#2076);
#2074 = CARTESIAN_POINT('',(-22.51148200377,2.46E-14,110.80011626246));
#2075 = DIRECTION('',(0.,1.,-2.2E-16));
#2076 = DIRECTION('',(1.,0.,0.));
#2077 = DEFINITIONAL_REPRESENTATION('',(#2078),#2082);
#2078 = LINE('',#2079,#2080);
#2079 = CARTESIAN_POINT('',(-4.974184595928,-2.));
#2080 = VECTOR('',#2081,1.);
#2081 = DIRECTION('',(-1.,0.));
#2082 = ( GEOMETRIC_REPRESENTATION_CONTEXT(2) 
PARAMETRIC_REPRESENTATION_CONTEXT() REPRESENTATION_CONTEXT('2D SPACE',''
  ) );
#2083 = ADVANCED_FACE('',(#2084),#895,.T.);
#2084 = FACE_BOUND('',#2085,.T.);
#2085 = EDGE_LOOP('',(#2086,#2110,#2136,#2137));
#2086 = ORIENTED_EDGE('',*,*,#2087,.T.);
#2087 = EDGE_CURVE('',#851,#2088,#2090,.T.);
#2088 = VERTEX_POINT('',#2089);
#2089 = CARTESIAN_POINT('',(-28.67,-2.,53.0176));
#2090 = SURFACE_CURVE('',#2091,(#2096,#2103),.PCURVE_S1.);
#2091 = CIRCLE('',#2092,2.);
#2092 = AXIS2_PLACEMENT_3D('',#2093,#2094,#2095);
#2093 = CARTESIAN_POINT('',(-26.67,-2.,53.0176));
#2094 = DIRECTION('',(-7.2E-16,2.2E-16,1.));
#2095 = DIRECTION('',(-1.,0.,-7.2E-16));
#2096 = PCURVE('',#895,#2097);
#2097 = DEFINITIONAL_REPRESENTATION('',(#2098),#2102);
#2098 = LINE('',#2099,#2100);
#2099 = CARTESIAN_POINT('',(-4.712388980385,8.9E-16));
#2100 = VECTOR('',#2101,1.);
#2101 = DIRECTION('',(1.,0.));
#2102 = ( GEOMETRIC_REPRESENTATION_CONTEXT(2) 
PARAMETRIC_REPRESENTATION_CONTEXT() REPRESENTATION_CONTEXT('2D SPACE',''
  ) );
#2103 = PCURVE('',#867,#2104);
#2104 = DEFINITIONAL_REPRESENTATION('',(#2105),#2109);
#2105 = LINE('',#2106,#2107);
#2106 = CARTESIAN_POINT('',(-0.698131700767,0.));
#2107 = VECTOR('',#2108,1.);
#2108 = DIRECTION('',(-0.,1.));
#2109 = ( GEOMETRIC_REPRESENTATION_CONTEXT(2) 
PARAMETRIC_REPRESENTATION_CONTEXT() REPRESENTATION_CONTEXT('2D SPACE',''
  ) );
#2110 = ORIENTED_EDGE('',*,*,#2111,.T.);
#2111 = EDGE_CURVE('',#2088,#1942,#2112,.T.);
#2112 = SURFACE_CURVE('',#2113,(#2117,#2124),.PCURVE_S1.);
#2113 = LINE('',#2114,#2115);
#2114 = CARTESIAN_POINT('',(-28.67,-2.,53.0176));
#2115 = VECTOR('',#2116,1.);
#2116 = DIRECTION('',(0.,2.2E-16,1.));
#2117 = PCURVE('',#895,#2118);
#2118 = DEFINITIONAL_REPRESENTATION('',(#2119),#2123);
#2119 = LINE('',#2120,#2121);
#2120 = CARTESIAN_POINT('',(1.570796326795,0.));
#2121 = VECTOR('',#2122,1.);
#2122 = DIRECTION('',(0.,1.));
#2123 = ( GEOMETRIC_REPRESENTATION_CONTEXT(2) 
PARAMETRIC_REPRESENTATION_CONTEXT() REPRESENTATION_CONTEXT('2D SPACE',''
  ) );
#2124 = PCURVE('',#2125,#2130);
#2125 = PLANE('',#2126);
#2126 = AXIS2_PLACEMENT_3D('',#2127,#2128,#2129);
#2127 = CARTESIAN_POINT('',(-28.67,-5.5,59.4526));
#2128 = DIRECTION('',(-1.,0.,0.));
#2129 = DIRECTION('',(0.,1.,2.2E-16));
#2130 = DEFINITIONAL_REPRESENTATION('',(#2131),#2135);
#2131 = LINE('',#2132,#2133);
#2132 = CARTESIAN_POINT('',(3.5,6.435));
#2133 = VECTOR('',#2134,1.);
#2134 = DIRECTION('',(4.4E-16,-1.));
#2135 = ( GEOMETRIC_REPRESENTATION_CONTEXT(2) 
PARAMETRIC_REPRESENTATION_CONTEXT() REPRESENTATION_CONTEXT('2D SPACE',''
  ) );
#2136 = ORIENTED_EDGE('',*,*,#1941,.F.);
#2137 = ORIENTED_EDGE('',*,*,#879,.F.);
#2138 = ADVANCED_FACE('',(#2139),#364,.T.);
#2139 = FACE_BOUND('',#2140,.F.);
#2140 = EDGE_LOOP('',(#2141,#2142,#2143,#2167));
#2141 = ORIENTED_EDGE('',*,*,#2033,.F.);
#2142 = ORIENTED_EDGE('',*,*,#347,.T.);
#2143 = ORIENTED_EDGE('',*,*,#2144,.T.);
#2144 = EDGE_CURVE('',#348,#2145,#2147,.T.);
#2145 = VERTEX_POINT('',#2146);
#2146 = CARTESIAN_POINT('',(-6.518737304106,-2.,125.));
#2147 = SURFACE_CURVE('',#2148,(#2153,#2160),.PCURVE_S1.);
#2148 = CIRCLE('',#2149,2.);
#2149 = AXIS2_PLACEMENT_3D('',#2150,#2151,#2152);
#2150 = CARTESIAN_POINT('',(-6.518737304106,-2.,123.));
#2151 = DIRECTION('',(1.,0.,2.6E-16));
#2152 = DIRECTION('',(-2.6E-16,2.2E-16,1.));
#2153 = PCURVE('',#364,#2154);
#2154 = DEFINITIONAL_REPRESENTATION('',(#2155),#2159);
#2155 = LINE('',#2156,#2157);
#2156 = CARTESIAN_POINT('',(-1.520808053013,0.));
#2157 = VECTOR('',#2158,1.);
#2158 = DIRECTION('',(-0.,1.));
#2159 = ( GEOMETRIC_REPRESENTATION_CONTEXT(2) 
PARAMETRIC_REPRESENTATION_CONTEXT() REPRESENTATION_CONTEXT('2D SPACE',''
  ) );
#2160 = PCURVE('',#392,#2161);
#2161 = DEFINITIONAL_REPRESENTATION('',(#2162),#2166);
#2162 = LINE('',#2163,#2164);
#2163 = CARTESIAN_POINT('',(-4.712388980385,0.));
#2164 = VECTOR('',#2165,1.);
#2165 = DIRECTION('',(1.,0.));
#2166 = ( GEOMETRIC_REPRESENTATION_CONTEXT(2) 
PARAMETRIC_REPRESENTATION_CONTEXT() REPRESENTATION_CONTEXT('2D SPACE',''
  ) );
#2167 = ORIENTED_EDGE('',*,*,#2168,.F.);
#2168 = EDGE_CURVE('',#2034,#2145,#2169,.T.);
#2169 = SURFACE_CURVE('',#2170,(#2175,#2182),.PCURVE_S1.);
#2170 = CIRCLE('',#2171,15.);
#2171 = AXIS2_PLACEMENT_3D('',#2172,#2173,#2174);
#2172 = CARTESIAN_POINT('',(-6.518737304106,-2.,110.));
#2173 = DIRECTION('',(0.,1.,-2.2E-16));
#2174 = DIRECTION('',(-0.998750846393,1.099284069491E-17,
    4.996745770414E-02));
#2175 = PCURVE('',#364,#2176);
#2176 = DEFINITIONAL_REPRESENTATION('',(#2177),#2181);
#2177 = LINE('',#2178,#2179);
#2178 = CARTESIAN_POINT('',(-0.,6.28318530718));
#2179 = VECTOR('',#2180,1.);
#2180 = DIRECTION('',(-1.,0.));
#2181 = ( GEOMETRIC_REPRESENTATION_CONTEXT(2) 
PARAMETRIC_REPRESENTATION_CONTEXT() REPRESENTATION_CONTEXT('2D SPACE',''
  ) );
#2182 = PCURVE('',#2183,#2188);
#2183 = CYLINDRICAL_SURFACE('',#2184,15.);
#2184 = AXIS2_PLACEMENT_3D('',#2185,#2186,#2187);
#2185 = CARTESIAN_POINT('',(-6.518737304106,2.442E-14,110.));
#2186 = DIRECTION('',(0.,1.,-2.2E-16));
#2187 = DIRECTION('',(1.,0.,0.));
#2188 = DEFINITIONAL_REPRESENTATION('',(#2189),#2193);
#2189 = LINE('',#2190,#2191);
#2190 = CARTESIAN_POINT('',(-3.091604379808,-2.));
#2191 = VECTOR('',#2192,1.);
#2192 = DIRECTION('',(1.,-0.));
#2193 = ( GEOMETRIC_REPRESENTATION_CONTEXT(2) 
PARAMETRIC_REPRESENTATION_CONTEXT() REPRESENTATION_CONTEXT('2D SPACE',''
  ) );
#2194 = ADVANCED_FACE('',(#2195),#867,.T.);
#2195 = FACE_BOUND('',#2196,.F.);
#2196 = EDGE_LOOP('',(#2197,#2221,#2222,#2223));
#2197 = ORIENTED_EDGE('',*,*,#2198,.F.);
#2198 = EDGE_CURVE('',#823,#2199,#2201,.T.);
#2199 = VERTEX_POINT('',#2200);
#2200 = CARTESIAN_POINT('',(-27.50022221571,-2.,49.803661951663));
#2201 = SURFACE_CURVE('',#2202,(#2207,#2214),.PCURVE_S1.);
#2202 = CIRCLE('',#2203,2.);
#2203 = AXIS2_PLACEMENT_3D('',#2204,#2205,#2206);
#2204 = CARTESIAN_POINT('',(-25.96813332947,-2.,51.089237171036));
#2205 = DIRECTION('',(-0.642787609686,1.7E-16,0.766044443119));
#2206 = DIRECTION('',(9.450408153619E-19,1.,-2.211262557869E-16));
#2207 = PCURVE('',#867,#2208);
#2208 = DEFINITIONAL_REPRESENTATION('',(#2209),#2213);
#2209 = LINE('',#2210,#2211);
#2210 = CARTESIAN_POINT('',(-0.,4.712388980385));
#2211 = VECTOR('',#2212,1.);
#2212 = DIRECTION('',(-0.,1.));
#2213 = ( GEOMETRIC_REPRESENTATION_CONTEXT(2) 
PARAMETRIC_REPRESENTATION_CONTEXT() REPRESENTATION_CONTEXT('2D SPACE',''
  ) );
#2214 = PCURVE('',#838,#2215);
#2215 = DEFINITIONAL_REPRESENTATION('',(#2216),#2220);
#2216 = LINE('',#2217,#2218);
#2217 = CARTESIAN_POINT('',(0.,15.343054046063));
#2218 = VECTOR('',#2219,1.);
#2219 = DIRECTION('',(1.,0.));
#2220 = ( GEOMETRIC_REPRESENTATION_CONTEXT(2) 
PARAMETRIC_REPRESENTATION_CONTEXT() REPRESENTATION_CONTEXT('2D SPACE',''
  ) );
#2221 = ORIENTED_EDGE('',*,*,#850,.T.);
#2222 = ORIENTED_EDGE('',*,*,#2087,.T.);
#2223 = ORIENTED_EDGE('',*,*,#2224,.F.);
#2224 = EDGE_CURVE('',#2199,#2088,#2225,.T.);
#2225 = SURFACE_CURVE('',#2226,(#2231,#2238),.PCURVE_S1.);
#2226 = CIRCLE('',#2227,5.);
#2227 = AXIS2_PLACEMENT_3D('',#2228,#2229,#2230);
#2228 = CARTESIAN_POINT('',(-23.67,-2.,53.0176));
#2229 = DIRECTION('',(-1.232595164408E-32,1.,-2.2E-16));
#2230 = DIRECTION('',(-0.766044443139,-1.414132741259E-16,
    -0.642787609663));
#2231 = PCURVE('',#867,#2232);
#2232 = DEFINITIONAL_REPRESENTATION('',(#2233),#2237);
#2233 = LINE('',#2234,#2235);
#2234 = CARTESIAN_POINT('',(-0.,6.28318530718));
#2235 = VECTOR('',#2236,1.);
#2236 = DIRECTION('',(-1.,0.));
#2237 = ( GEOMETRIC_REPRESENTATION_CONTEXT(2) 
PARAMETRIC_REPRESENTATION_CONTEXT() REPRESENTATION_CONTEXT('2D SPACE',''
  ) );
#2238 = PCURVE('',#2239,#2244);
#2239 = CYLINDRICAL_SURFACE('',#2240,5.);
#2240 = AXIS2_PLACEMENT_3D('',#2241,#2242,#2243);
#2241 = CARTESIAN_POINT('',(-23.67,1.177E-14,53.0176));
#2242 = DIRECTION('',(0.,1.,-2.2E-16));
#2243 = DIRECTION('',(-1.,0.,0.));
#2244 = DEFINITIONAL_REPRESENTATION('',(#2245),#2249);
#2245 = LINE('',#2246,#2247);
#2246 = CARTESIAN_POINT('',(5.585053606412,-2.));
#2247 = VECTOR('',#2248,1.);
#2248 = DIRECTION('',(1.,0.));
#2249 = ( GEOMETRIC_REPRESENTATION_CONTEXT(2) 
PARAMETRIC_REPRESENTATION_CONTEXT() REPRESENTATION_CONTEXT('2D SPACE',''
  ) );
#2250 = ADVANCED_FACE('',(#2251),#392,.T.);
#2251 = FACE_BOUND('',#2252,.T.);
#2252 = EDGE_LOOP('',(#2253,#2254,#2282,#2304));
#2253 = ORIENTED_EDGE('',*,*,#2144,.T.);
#2254 = ORIENTED_EDGE('',*,*,#2255,.T.);
#2255 = EDGE_CURVE('',#2145,#2256,#2258,.T.);
#2256 = VERTEX_POINT('',#2257);
#2257 = CARTESIAN_POINT('',(6.518737304106,-2.,125.));
#2258 = SURFACE_CURVE('',#2259,(#2263,#2270),.PCURVE_S1.);
#2259 = LINE('',#2260,#2261);
#2260 = CARTESIAN_POINT('',(-6.518737304106,-2.,125.));
#2261 = VECTOR('',#2262,1.);
#2262 = DIRECTION('',(1.,0.,0.));
#2263 = PCURVE('',#392,#2264);
#2264 = DEFINITIONAL_REPRESENTATION('',(#2265),#2269);
#2265 = LINE('',#2266,#2267);
#2266 = CARTESIAN_POINT('',(1.570796326795,0.));
#2267 = VECTOR('',#2268,1.);
#2268 = DIRECTION('',(0.,1.));
#2269 = ( GEOMETRIC_REPRESENTATION_CONTEXT(2) 
PARAMETRIC_REPRESENTATION_CONTEXT() REPRESENTATION_CONTEXT('2D SPACE',''
  ) );
#2270 = PCURVE('',#2271,#2276);
#2271 = PLANE('',#2272);
#2272 = AXIS2_PLACEMENT_3D('',#2273,#2274,#2275);
#2273 = CARTESIAN_POINT('',(-6.518737304106,2.776E-14,125.));
#2274 = DIRECTION('',(0.,2.2E-16,1.));
#2275 = DIRECTION('',(1.,0.,0.));
#2276 = DEFINITIONAL_REPRESENTATION('',(#2277),#2281);
#2277 = LINE('',#2278,#2279);
#2278 = CARTESIAN_POINT('',(0.,-2.));
#2279 = VECTOR('',#2280,1.);
#2280 = DIRECTION('',(1.,0.));
#2281 = ( GEOMETRIC_REPRESENTATION_CONTEXT(2) 
PARAMETRIC_REPRESENTATION_CONTEXT() REPRESENTATION_CONTEXT('2D SPACE',''
  ) );
#2282 = ORIENTED_EDGE('',*,*,#2283,.F.);
#2283 = EDGE_CURVE('',#377,#2256,#2284,.T.);
#2284 = SURFACE_CURVE('',#2285,(#2290,#2297),.PCURVE_S1.);
#2285 = CIRCLE('',#2286,2.);
#2286 = AXIS2_PLACEMENT_3D('',#2287,#2288,#2289);
#2287 = CARTESIAN_POINT('',(6.518737304106,-2.,123.));
#2288 = DIRECTION('',(1.,-0.,0.));
#2289 = DIRECTION('',(0.,1.,-2.2E-16));
#2290 = PCURVE('',#392,#2291);
#2291 = DEFINITIONAL_REPRESENTATION('',(#2292),#2296);
#2292 = LINE('',#2293,#2294);
#2293 = CARTESIAN_POINT('',(0.,13.037474608212));
#2294 = VECTOR('',#2295,1.);
#2295 = DIRECTION('',(1.,0.));
#2296 = ( GEOMETRIC_REPRESENTATION_CONTEXT(2) 
PARAMETRIC_REPRESENTATION_CONTEXT() REPRESENTATION_CONTEXT('2D SPACE',''
  ) );
#2297 = PCURVE('',#421,#2298);
#2298 = DEFINITIONAL_REPRESENTATION('',(#2299),#2303);
#2299 = LINE('',#2300,#2301);
#2300 = CARTESIAN_POINT('',(-0.,4.712388980385));
#2301 = VECTOR('',#2302,1.);
#2302 = DIRECTION('',(-0.,1.));
#2303 = ( GEOMETRIC_REPRESENTATION_CONTEXT(2) 
PARAMETRIC_REPRESENTATION_CONTEXT() REPRESENTATION_CONTEXT('2D SPACE',''
  ) );
#2304 = ORIENTED_EDGE('',*,*,#376,.F.);
#2305 = ADVANCED_FACE('',(#2306),#838,.T.);
#2306 = FACE_BOUND('',#2307,.T.);
#2307 = EDGE_LOOP('',(#2308,#2342,#2368,#2369));
#2308 = ORIENTED_EDGE('',*,*,#2309,.T.);
#2309 = EDGE_CURVE('',#795,#2310,#2312,.T.);
#2310 = VERTEX_POINT('',#2311);
#2311 = CARTESIAN_POINT('',(-17.63789718015,-2.,38.050200659202));
#2312 = SURFACE_CURVE('',#2313,(#2318,#2330),.PCURVE_S1.);
#2313 = ELLIPSE('',#2314,2.109529283251,2.);
#2314 = AXIS2_PLACEMENT_3D('',#2315,#2316,#2317);
#2315 = CARTESIAN_POINT('',(-15.67455873953,-2.,38.821832672829));
#2316 = DIRECTION('',(-0.365783978328,2.1E-16,0.93069978038));
#2317 = DIRECTION('',(-0.93069978038,-8.E-17,-0.365783978328));
#2318 = PCURVE('',#838,#2319);
#2319 = DEFINITIONAL_REPRESENTATION('',(#2320),#2329);
#2320 = B_SPLINE_CURVE_WITH_KNOTS('',7,(#2321,#2322,#2323,#2324,#2325,
    #2326,#2327,#2328),.UNSPECIFIED.,.F.,.F.,(8,8),(4.712388980385,
    6.28318530718),.PIECEWISE_BEZIER_KNOTS.);
#2321 = CARTESIAN_POINT('',(8.9E-16,-0.670905207084));
#2322 = CARTESIAN_POINT('',(0.224399475256,-0.520354430667));
#2323 = CARTESIAN_POINT('',(0.448798950513,-0.369804265576));
#2324 = CARTESIAN_POINT('',(0.673198425769,-0.231632152351));
#2325 = CARTESIAN_POINT('',(0.897597901026,-0.11823865333));
#2326 = CARTESIAN_POINT('',(1.121997376282,-3.941479036329E-02));
#2327 = CARTESIAN_POINT('',(1.346396851538,7.11E-15));
#2328 = CARTESIAN_POINT('',(1.570796326795,7.11E-15));
#2329 = ( GEOMETRIC_REPRESENTATION_CONTEXT(2) 
PARAMETRIC_REPRESENTATION_CONTEXT() REPRESENTATION_CONTEXT('2D SPACE',''
  ) );
#2330 = PCURVE('',#810,#2331);
#2331 = DEFINITIONAL_REPRESENTATION('',(#2332),#2341);
#2332 = B_SPLINE_CURVE_WITH_KNOTS('',7,(#2333,#2334,#2335,#2336,#2337,
    #2338,#2339,#2340),.UNSPECIFIED.,.F.,.F.,(8,8),(4.712388980385,
    6.28318530718),.PIECEWISE_BEZIER_KNOTS.);
#2333 = CARTESIAN_POINT('',(0.,-0.670905207084));
#2334 = CARTESIAN_POINT('',(-0.224399475256,-0.520354430667));
#2335 = CARTESIAN_POINT('',(-0.448798950513,-0.369804265576));
#2336 = CARTESIAN_POINT('',(-0.673198425769,-0.23163215235));
#2337 = CARTESIAN_POINT('',(-0.897597901026,-0.11823865333));
#2338 = CARTESIAN_POINT('',(-1.121997376282,-3.941479036329E-02));
#2339 = CARTESIAN_POINT('',(-1.346396851538,-1.421E-14));
#2340 = CARTESIAN_POINT('',(-1.570796326795,-1.421E-14));
#2341 = ( GEOMETRIC_REPRESENTATION_CONTEXT(2) 
PARAMETRIC_REPRESENTATION_CONTEXT() REPRESENTATION_CONTEXT('2D SPACE',''
  ) );
#2342 = ORIENTED_EDGE('',*,*,#2343,.T.);
#2343 = EDGE_CURVE('',#2310,#2199,#2344,.T.);
#2344 = SURFACE_CURVE('',#2345,(#2349,#2356),.PCURVE_S1.);
#2345 = LINE('',#2346,#2347);
#2346 = CARTESIAN_POINT('',(-17.63789718015,-2.,38.050200659202));
#2347 = VECTOR('',#2348,1.);
#2348 = DIRECTION('',(-0.642787609686,1.7E-16,0.766044443119));
#2349 = PCURVE('',#838,#2350);
#2350 = DEFINITIONAL_REPRESENTATION('',(#2351),#2355);
#2351 = LINE('',#2352,#2353);
#2352 = CARTESIAN_POINT('',(1.570796326795,0.));
#2353 = VECTOR('',#2354,1.);
#2354 = DIRECTION('',(0.,1.));
#2355 = ( GEOMETRIC_REPRESENTATION_CONTEXT(2) 
PARAMETRIC_REPRESENTATION_CONTEXT() REPRESENTATION_CONTEXT('2D SPACE',''
  ) );
#2356 = PCURVE('',#2357,#2362);
#2357 = PLANE('',#2358);
#2358 = AXIS2_PLACEMENT_3D('',#2359,#2360,#2361);
#2359 = CARTESIAN_POINT('',(-27.50022221571,1.106E-14,49.803661951663));
#2360 = DIRECTION('',(-0.766044443119,-1.4E-16,-0.642787609686));
#2361 = DIRECTION('',(-0.642787609686,1.7E-16,0.766044443119));
#2362 = DEFINITIONAL_REPRESENTATION('',(#2363),#2367);
#2363 = LINE('',#2364,#2365);
#2364 = CARTESIAN_POINT('',(-15.34305404606,-2.));
#2365 = VECTOR('',#2366,1.);
#2366 = DIRECTION('',(1.,2.465190328816E-32));
#2367 = ( GEOMETRIC_REPRESENTATION_CONTEXT(2) 
PARAMETRIC_REPRESENTATION_CONTEXT() REPRESENTATION_CONTEXT('2D SPACE',''
  ) );
#2368 = ORIENTED_EDGE('',*,*,#2198,.F.);
#2369 = ORIENTED_EDGE('',*,*,#822,.F.);
#2370 = ADVANCED_FACE('',(#2371),#421,.T.);
#2371 = FACE_BOUND('',#2372,.F.);
#2372 = EDGE_LOOP('',(#2373,#2374,#2375,#2398));
#2373 = ORIENTED_EDGE('',*,*,#2283,.F.);
#2374 = ORIENTED_EDGE('',*,*,#404,.T.);
#2375 = ORIENTED_EDGE('',*,*,#2376,.T.);
#2376 = EDGE_CURVE('',#405,#2377,#2379,.T.);
#2377 = VERTEX_POINT('',#2378);
#2378 = CARTESIAN_POINT('',(21.5,-2.,110.74951186556));
#2379 = SURFACE_CURVE('',#2380,(#2385,#2392),.PCURVE_S1.);
#2380 = CIRCLE('',#2381,2.);
#2381 = AXIS2_PLACEMENT_3D('',#2382,#2383,#2384);
#2382 = CARTESIAN_POINT('',(19.502498307214,-2.,110.64957695015));
#2383 = DIRECTION('',(4.996745770414E-02,-2.2E-16,-0.998750846393));
#2384 = DIRECTION('',(0.998750846393,1.E-17,4.996745770414E-02));
#2385 = PCURVE('',#421,#2386);
#2386 = DEFINITIONAL_REPRESENTATION('',(#2387),#2391);
#2387 = LINE('',#2388,#2389);
#2388 = CARTESIAN_POINT('',(-1.520808053013,0.));
#2389 = VECTOR('',#2390,1.);
#2390 = DIRECTION('',(-0.,1.));
#2391 = ( GEOMETRIC_REPRESENTATION_CONTEXT(2) 
PARAMETRIC_REPRESENTATION_CONTEXT() REPRESENTATION_CONTEXT('2D SPACE',''
  ) );
#2392 = PCURVE('',#454,#2393);
#2393 = DEFINITIONAL_REPRESENTATION('',(#2394),#2397);
#2394 = B_SPLINE_CURVE_WITH_KNOTS('',1,(#2395,#2396),.UNSPECIFIED.,.F.,
  .F.,(2,2),(4.712388980385,6.28318530718),.PIECEWISE_BEZIER_KNOTS.);
#2395 = CARTESIAN_POINT('',(0.,1.570796326795));
#2396 = CARTESIAN_POINT('',(0.,3.14159265359));
#2397 = ( GEOMETRIC_REPRESENTATION_CONTEXT(2) 
PARAMETRIC_REPRESENTATION_CONTEXT() REPRESENTATION_CONTEXT('2D SPACE',''
  ) );
#2398 = ORIENTED_EDGE('',*,*,#2399,.F.);
#2399 = EDGE_CURVE('',#2256,#2377,#2400,.T.);
#2400 = SURFACE_CURVE('',#2401,(#2406,#2413),.PCURVE_S1.);
#2401 = CIRCLE('',#2402,15.);
#2402 = AXIS2_PLACEMENT_3D('',#2403,#2404,#2405);
#2403 = CARTESIAN_POINT('',(6.518737304106,-2.,110.));
#2404 = DIRECTION('',(0.,1.,-2.2E-16));
#2405 = DIRECTION('',(6.E-17,2.2E-16,1.));
#2406 = PCURVE('',#421,#2407);
#2407 = DEFINITIONAL_REPRESENTATION('',(#2408),#2412);
#2408 = LINE('',#2409,#2410);
#2409 = CARTESIAN_POINT('',(-0.,6.28318530718));
#2410 = VECTOR('',#2411,1.);
#2411 = DIRECTION('',(-1.,0.));
#2412 = ( GEOMETRIC_REPRESENTATION_CONTEXT(2) 
PARAMETRIC_REPRESENTATION_CONTEXT() REPRESENTATION_CONTEXT('2D SPACE',''
  ) );
#2413 = PCURVE('',#2414,#2419);
#2414 = CYLINDRICAL_SURFACE('',#2415,15.);
#2415 = AXIS2_PLACEMENT_3D('',#2416,#2417,#2418);
#2416 = CARTESIAN_POINT('',(6.518737304106,2.442E-14,110.));
#2417 = DIRECTION('',(0.,1.,-2.2E-16));
#2418 = DIRECTION('',(1.,0.,0.));
#2419 = DEFINITIONAL_REPRESENTATION('',(#2420),#2424);
#2420 = LINE('',#2421,#2422);
#2421 = CARTESIAN_POINT('',(-1.570796326795,-2.));
#2422 = VECTOR('',#2423,1.);
#2423 = DIRECTION('',(1.,-0.));
#2424 = ( GEOMETRIC_REPRESENTATION_CONTEXT(2) 
PARAMETRIC_REPRESENTATION_CONTEXT() REPRESENTATION_CONTEXT('2D SPACE',''
  ) );
#2425 = ADVANCED_FACE('',(#2426),#810,.T.);
#2426 = FACE_BOUND('',#2427,.F.);
#2427 = EDGE_LOOP('',(#2428,#2429,#2457,#2479));
#2428 = ORIENTED_EDGE('',*,*,#2309,.T.);
#2429 = ORIENTED_EDGE('',*,*,#2430,.T.);
#2430 = EDGE_CURVE('',#2310,#2431,#2433,.T.);
#2431 = VERTEX_POINT('',#2432);
#2432 = CARTESIAN_POINT('',(-15.99225415797,-2.,5.695221217495));
#2433 = SURFACE_CURVE('',#2434,(#2438,#2445),.PCURVE_S1.);
#2434 = LINE('',#2435,#2436);
#2435 = CARTESIAN_POINT('',(-17.63789718015,-2.,38.050200659202));
#2436 = VECTOR('',#2437,1.);
#2437 = DIRECTION('',(5.07964637509E-02,-2.2E-16,-0.998709026329));
#2438 = PCURVE('',#810,#2439);
#2439 = DEFINITIONAL_REPRESENTATION('',(#2440),#2444);
#2440 = LINE('',#2441,#2442);
#2441 = CARTESIAN_POINT('',(-1.570796326795,0.));
#2442 = VECTOR('',#2443,1.);
#2443 = DIRECTION('',(-0.,1.));
#2444 = ( GEOMETRIC_REPRESENTATION_CONTEXT(2) 
PARAMETRIC_REPRESENTATION_CONTEXT() REPRESENTATION_CONTEXT('2D SPACE',''
  ) );
#2445 = PCURVE('',#2446,#2451);
#2446 = PLANE('',#2447);
#2447 = AXIS2_PLACEMENT_3D('',#2448,#2449,#2450);
#2448 = CARTESIAN_POINT('',(-15.99225415797,1.26E-15,5.695221217495));
#2449 = DIRECTION('',(-0.998709026329,-1.E-17,-5.07964637509E-02));
#2450 = DIRECTION('',(-5.07964637509E-02,2.2E-16,0.998709026329));
#2451 = DEFINITIONAL_REPRESENTATION('',(#2452),#2456);
#2452 = LINE('',#2453,#2454);
#2453 = CARTESIAN_POINT('',(32.396802861236,-2.));
#2454 = VECTOR('',#2455,1.);
#2455 = DIRECTION('',(-1.,-4.930380657631E-32));
#2456 = ( GEOMETRIC_REPRESENTATION_CONTEXT(2) 
PARAMETRIC_REPRESENTATION_CONTEXT() REPRESENTATION_CONTEXT('2D SPACE',''
  ) );
#2457 = ORIENTED_EDGE('',*,*,#2458,.F.);
#2458 = EDGE_CURVE('',#762,#2431,#2459,.T.);
#2459 = SURFACE_CURVE('',#2460,(#2465,#2472),.PCURVE_S1.);
#2460 = CIRCLE('',#2461,2.);
#2461 = AXIS2_PLACEMENT_3D('',#2462,#2463,#2464);
#2462 = CARTESIAN_POINT('',(-13.99483610531,-2.,5.796814144996));
#2463 = DIRECTION('',(-5.07964637509E-02,2.2E-16,0.998709026329));
#2464 = DIRECTION('',(1.442691740555E-20,1.,-2.202836475528E-16));
#2465 = PCURVE('',#810,#2466);
#2466 = DEFINITIONAL_REPRESENTATION('',(#2467),#2471);
#2467 = LINE('',#2468,#2469);
#2468 = CARTESIAN_POINT('',(-0.,32.396802861236));
#2469 = VECTOR('',#2470,1.);
#2470 = DIRECTION('',(-1.,0.));
#2471 = ( GEOMETRIC_REPRESENTATION_CONTEXT(2) 
PARAMETRIC_REPRESENTATION_CONTEXT() REPRESENTATION_CONTEXT('2D SPACE',''
  ) );
#2472 = PCURVE('',#782,#2473);
#2473 = DEFINITIONAL_REPRESENTATION('',(#2474),#2478);
#2474 = LINE('',#2475,#2476);
#2475 = CARTESIAN_POINT('',(0.,4.712388980385));
#2476 = VECTOR('',#2477,1.);
#2477 = DIRECTION('',(0.,1.));
#2478 = ( GEOMETRIC_REPRESENTATION_CONTEXT(2) 
PARAMETRIC_REPRESENTATION_CONTEXT() REPRESENTATION_CONTEXT('2D SPACE',''
  ) );
#2479 = ORIENTED_EDGE('',*,*,#794,.F.);
#2480 = ADVANCED_FACE('',(#2481),#454,.T.);
#2481 = FACE_BOUND('',#2482,.F.);
#2482 = EDGE_LOOP('',(#2483,#2484,#2485,#2589));
#2483 = ORIENTED_EDGE('',*,*,#2376,.F.);
#2484 = ORIENTED_EDGE('',*,*,#433,.T.);
#2485 = ORIENTED_EDGE('',*,*,#2486,.T.);
#2486 = EDGE_CURVE('',#434,#2487,#2489,.T.);
#2487 = VERTEX_POINT('',#2488);
#2488 = CARTESIAN_POINT('',(22.24936745991,-2.,109.82187661406));
#2489 = SURFACE_CURVE('',#2490,(#2498,#2504),.PCURVE_S1.);
#2490 = B_SPLINE_CURVE_WITH_KNOTS('',6,(#2491,#2492,#2493,#2494,#2495,
    #2496,#2497),.UNSPECIFIED.,.F.,.F.,(7,7),(0.,1.),
  .PIECEWISE_BEZIER_KNOTS.);
#2491 = CARTESIAN_POINT('',(21.,2.383E-14,108.19395674667));
#2492 = CARTESIAN_POINT('',(21.377254904482,2.196E-14,108.58044755156));
#2493 = CARTESIAN_POINT('',(21.71024610381,-0.164455372041,
    109.00061104283));
#2494 = CARTESIAN_POINT('',(21.963319119171,-0.49361970072,
    109.39467038857));
#2495 = CARTESIAN_POINT('',(22.121362042738,-0.95284699859,
    109.68838067708));
#2496 = CARTESIAN_POINT('',(22.206363704088,-1.476401224402,
    109.83339926967));
#2497 = CARTESIAN_POINT('',(22.24936745991,-2.,109.82187661406));
#2498 = PCURVE('',#454,#2499);
#2499 = DEFINITIONAL_REPRESENTATION('',(#2500),#2503);
#2500 = B_SPLINE_CURVE_WITH_KNOTS('',1,(#2501,#2502),.UNSPECIFIED.,.F.,
  .F.,(2,2),(0.,1.),.PIECEWISE_BEZIER_KNOTS.);
#2501 = CARTESIAN_POINT('',(-0.995250133798,1.570796326795));
#2502 = CARTESIAN_POINT('',(-1.259012204264,3.14159265359));
#2503 = ( GEOMETRIC_REPRESENTATION_CONTEXT(2) 
PARAMETRIC_REPRESENTATION_CONTEXT() REPRESENTATION_CONTEXT('2D SPACE',''
  ) );
#2504 = PCURVE('',#2505,#2578);
#2505 = B_SPLINE_SURFACE_WITH_KNOTS('',7,8,(
    (#2506,#2507,#2508,#2509,#2510,#2511,#2512,#2513,#2514)
    ,(#2515,#2516,#2517,#2518,#2519,#2520,#2521,#2522,#2523)
    ,(#2524,#2525,#2526,#2527,#2528,#2529,#2530,#2531,#2532)
    ,(#2533,#2534,#2535,#2536,#2537,#2538,#2539,#2540,#2541)
    ,(#2542,#2543,#2544,#2545,#2546,#2547,#2548,#2549,#2550)
    ,(#2551,#2552,#2553,#2554,#2555,#2556,#2557,#2558,#2559)
    ,(#2560,#2561,#2562,#2563,#2564,#2565,#2566,#2567,#2568)
    ,(#2569,#2570,#2571,#2572,#2573,#2574,#2575,#2576,#2577
  )),.UNSPECIFIED.,.F.,.F.,.F.,(8,8),(9,9),(0.,1.),(0.,1.),
  .PIECEWISE_BEZIER_KNOTS.);
#2506 = CARTESIAN_POINT('',(21.,2.405E-14,108.19395674667));
#2507 = CARTESIAN_POINT('',(21.277565656203,2.642E-14,108.47831772541));
#2508 = CARTESIAN_POINT('',(21.534737775786,-8.480978739527E-02,
    108.78258296789));
#2509 = CARTESIAN_POINT('',(21.758537643231,-0.256998187054,
    109.08659749593));
#2510 = CARTESIAN_POINT('',(21.938888650872,-0.512112486375,
    109.36608584072));
#2511 = CARTESIAN_POINT('',(22.071807914849,-0.836180547898,
    109.59519014048));
#2512 = CARTESIAN_POINT('',(22.161478071772,-1.208113349575,
    109.75400877321));
#2513 = CARTESIAN_POINT('',(22.216848355652,-1.604058695477,
    109.83058995622));
#2514 = CARTESIAN_POINT('',(22.249367459924,-2.,109.82187661405));
#2515 = CARTESIAN_POINT('',(21.,2.404E-14,108.19395674667));
#2516 = CARTESIAN_POINT('',(21.303475498638,2.647E-14,108.46063779094));
#2517 = CARTESIAN_POINT('',(21.589958617086,-8.373359618528E-02,
    108.74609867611));
#2518 = CARTESIAN_POINT('',(21.845206601054,-0.251718908555,
    109.03335521696));
#2519 = CARTESIAN_POINT('',(22.059339086113,-0.497529141178,
    109.30338129726));
#2520 = CARTESIAN_POINT('',(22.224980951797,-0.819600270669,
    109.5389714687));
#2521 = CARTESIAN_POINT('',(22.336171792323,-1.200817668102,
    109.7035480712));
#2522 = CARTESIAN_POINT('',(22.401332158446,-1.604521870166,
    109.78115838252));
#2523 = CARTESIAN_POINT('',(22.432298361714,-2.,109.77286113292));
#2524 = CARTESIAN_POINT('',(21.,2.417E-14,108.19395674667));
#2525 = CARTESIAN_POINT('',(21.343992883974,2.612E-14,108.40844334018));
#2526 = CARTESIAN_POINT('',(21.65207072461,-8.371156552548E-02,
    108.67913078224));
#2527 = CARTESIAN_POINT('',(21.945686882618,-0.249710566971,
    108.93767755121));
#2528 = CARTESIAN_POINT('',(22.199760046198,-0.48951034704,
    109.18726533464));
#2529 = CARTESIAN_POINT('',(22.403371756723,-0.809793987961,
    109.41643479741));
#2530 = CARTESIAN_POINT('',(22.535784761113,-1.196590630915,
    109.58449342309));
#2531 = CARTESIAN_POINT('',(22.586501254178,-1.604985044855,
    109.69167865154));
#2532 = CARTESIAN_POINT('',(22.604535427767,-2.,109.68393595164));
#2533 = CARTESIAN_POINT('',(21.,2.423E-14,108.19395674667));
#2534 = CARTESIAN_POINT('',(21.355565579997,2.59E-14,108.39821788828));
#2535 = CARTESIAN_POINT('',(21.697807583531,-8.373950530035E-02,
    108.63680702314));
#2536 = CARTESIAN_POINT('',(22.02013768442,-0.24883410167,
    108.87304844351));
#2537 = CARTESIAN_POINT('',(22.304417552351,-0.485683298266,
    109.1012267769));
#2538 = CARTESIAN_POINT('',(22.539391539873,-0.805075661879,
    109.31080236866));
#2539 = CARTESIAN_POINT('',(22.69293469842,-1.194705107685,
    109.46492570097));
#2540 = CARTESIAN_POINT('',(22.757546701955,-1.605448219544,
    109.55523157841));
#2541 = CARTESIAN_POINT('',(22.755632508297,-2.,109.55790258471));
#2542 = CARTESIAN_POINT('',(21.,2.43E-14,108.19395674667));
#2543 = CARTESIAN_POINT('',(21.360431883351,2.567E-14,108.3903586871));
#2544 = CARTESIAN_POINT('',(21.732649273112,-8.417633462212E-02,
    108.58745299828));
#2545 = CARTESIAN_POINT('',(22.076069945997,-0.249836056454,
    108.79334821554));
#2546 = CARTESIAN_POINT('',(22.381998358379,-0.486912106048,
    108.99036430101));
#2547 = CARTESIAN_POINT('',(22.639858650667,-0.80613710398,
    109.16883901138));
#2548 = CARTESIAN_POINT('',(22.810612924558,-1.19549489181,
    109.30242108596));
#2549 = CARTESIAN_POINT('',(22.892963513429,-1.605911394233,
    109.37342446485));
#2550 = CARTESIAN_POINT('',(22.876049696293,-2.,109.40097243522));
#2551 = CARTESIAN_POINT('',(21.,2.436E-14,108.19395674667));
#2552 = CARTESIAN_POINT('',(21.364382458467,2.546E-14,108.37428455431));
#2553 = CARTESIAN_POINT('',(21.755520731227,-8.504019529618E-02,
    108.52701299666));
#2554 = CARTESIAN_POINT('',(22.110069964592,-0.252741574017,
    108.69617851004));
#2555 = CARTESIAN_POINT('',(22.426279114739,-0.493251652357,
    108.85609679611));
#2556 = CARTESIAN_POINT('',(22.694483503479,-0.813075663459,
    108.99857725205));
#2557 = CARTESIAN_POINT('',(22.876043946768,-1.199028545758,
    109.10982276254));
#2558 = CARTESIAN_POINT('',(22.975463724277,-1.606374568923,
    109.16693402046));
#2559 = CARTESIAN_POINT('',(22.958682421545,-2.,109.22240432486));
#2560 = CARTESIAN_POINT('',(21.,2.449E-14,108.19395674667));
#2561 = CARTESIAN_POINT('',(21.389655601986,2.514E-14,108.31039274177));
#2562 = CARTESIAN_POINT('',(21.77855907734,-8.669000643477E-02,
    108.42967220312));
#2563 = CARTESIAN_POINT('',(22.144788974508,-0.258297198162,
    108.54891584812));
#2564 = CARTESIAN_POINT('',(22.469570124567,-0.505566048386,
    108.66465575266));
#2565 = CARTESIAN_POINT('',(22.739613884393,-0.826583151873,
    108.77319793648));
#2566 = CARTESIAN_POINT('',(22.922499674897,-1.205639862928,
    108.87169931072));
#2567 = CARTESIAN_POINT('',(23.007593139728,-1.606837743612,
    108.95845247787));
#2568 = CARTESIAN_POINT('',(23.,-2.,109.03302071284));
#2569 = CARTESIAN_POINT('',(21.,2.449E-14,108.19395674667));
#2570 = CARTESIAN_POINT('',(21.392699081699,2.523E-14,108.27516676463));
#2571 = CARTESIAN_POINT('',(21.785398287008,-8.812157792238E-02,
    108.35637678259));
#2572 = CARTESIAN_POINT('',(22.15502646867,-0.264363868257,
    108.43758680055));
#2573 = CARTESIAN_POINT('',(22.47851751156,-0.52148248844,
    108.51879681851));
#2574 = CARTESIAN_POINT('',(22.735636131743,-0.84497353133,
    108.60000683647));
#2575 = CARTESIAN_POINT('',(22.911878422078,-1.214601712992,
    108.68121685443));
#2576 = CARTESIAN_POINT('',(23.,-1.607300918301,108.76242687239));
#2577 = CARTESIAN_POINT('',(23.,-2.,108.84363689035));
#2578 = DEFINITIONAL_REPRESENTATION('',(#2579),#2588);
#2579 = B_SPLINE_CURVE_WITH_KNOTS('',7,(#2580,#2581,#2582,#2583,#2584,
    #2585,#2586,#2587),.UNSPECIFIED.,.F.,.F.,(8,8),(0.,1.),
  .PIECEWISE_BEZIER_KNOTS.);
#2580 = CARTESIAN_POINT('',(0.,0.));
#2581 = CARTESIAN_POINT('',(0.,0.145623809842));
#2582 = CARTESIAN_POINT('',(0.,0.289713605717));
#2583 = CARTESIAN_POINT('',(0.,0.432631532696));
#2584 = CARTESIAN_POINT('',(0.,0.574735130096));
#2585 = CARTESIAN_POINT('',(0.,0.716638852705));
#2586 = CARTESIAN_POINT('',(0.,0.858312663586));
#2587 = CARTESIAN_POINT('',(0.,1.));
#2588 = ( GEOMETRIC_REPRESENTATION_CONTEXT(2) 
PARAMETRIC_REPRESENTATION_CONTEXT() REPRESENTATION_CONTEXT('2D SPACE',''
  ) );
#2589 = ORIENTED_EDGE('',*,*,#2590,.F.);
#2590 = EDGE_CURVE('',#2377,#2487,#2591,.T.);
#2591 = SURFACE_CURVE('',#2592,(#2597,#2604),.PCURVE_S1.);
#2592 = CIRCLE('',#2593,1.012747307136);
#2593 = AXIS2_PLACEMENT_3D('',#2594,#2595,#2596);
#2594 = CARTESIAN_POINT('',(22.511482226985,-2.,110.80011633774));
#2595 = DIRECTION('',(0.,-1.,2.2E-16));
#2596 = DIRECTION('',(-0.998750843234,-1.099285458709E-17,
    -4.99675208504E-02));
#2597 = PCURVE('',#454,#2598);
#2598 = DEFINITIONAL_REPRESENTATION('',(#2599),#2603);
#2599 = LINE('',#2600,#2601);
#2600 = CARTESIAN_POINT('',(-0.,3.14159265359));
#2601 = VECTOR('',#2602,1.);
#2602 = DIRECTION('',(-1.,0.));
#2603 = ( GEOMETRIC_REPRESENTATION_CONTEXT(2) 
PARAMETRIC_REPRESENTATION_CONTEXT() REPRESENTATION_CONTEXT('2D SPACE',''
  ) );
#2604 = PCURVE('',#2605,#2610);
#2605 = CYLINDRICAL_SURFACE('',#2606,1.012747307136);
#2606 = AXIS2_PLACEMENT_3D('',#2607,#2608,#2609);
#2607 = CARTESIAN_POINT('',(22.511482226985,2.46E-14,110.80011633774));
#2608 = DIRECTION('',(0.,1.,-2.2E-16));
#2609 = DIRECTION('',(1.,0.,0.));
#2610 = DEFINITIONAL_REPRESENTATION('',(#2611),#2615);
#2611 = LINE('',#2612,#2613);
#2612 = CARTESIAN_POINT('',(-3.191580990597,-2.));
#2613 = VECTOR('',#2614,1.);
#2614 = DIRECTION('',(-1.,0.));
#2615 = ( GEOMETRIC_REPRESENTATION_CONTEXT(2) 
PARAMETRIC_REPRESENTATION_CONTEXT() REPRESENTATION_CONTEXT('2D SPACE',''
  ) );
#2616 = ADVANCED_FACE('',(#2617),#782,.T.);
#2617 = FACE_BOUND('',#2618,.T.);
#2618 = EDGE_LOOP('',(#2619,#2620,#2621,#2645));
#2619 = ORIENTED_EDGE('',*,*,#2458,.F.);
#2620 = ORIENTED_EDGE('',*,*,#761,.T.);
#2621 = ORIENTED_EDGE('',*,*,#2622,.T.);
#2622 = EDGE_CURVE('',#734,#2623,#2625,.T.);
#2623 = VERTEX_POINT('',#2624);
#2624 = CARTESIAN_POINT('',(-10.,-2.,0.));
#2625 = SURFACE_CURVE('',#2626,(#2631,#2638),.PCURVE_S1.);
#2626 = CIRCLE('',#2627,2.);
#2627 = AXIS2_PLACEMENT_3D('',#2628,#2629,#2630);
#2628 = CARTESIAN_POINT('',(-10.,-2.,2.));
#2629 = DIRECTION('',(-1.,0.,1.7E-16));
#2630 = DIRECTION('',(-1.7E-16,-2.2E-16,-1.));
#2631 = PCURVE('',#782,#2632);
#2632 = DEFINITIONAL_REPRESENTATION('',(#2633),#2637);
#2633 = LINE('',#2634,#2635);
#2634 = CARTESIAN_POINT('',(1.519977992784,0.));
#2635 = VECTOR('',#2636,1.);
#2636 = DIRECTION('',(0.,1.));
#2637 = ( GEOMETRIC_REPRESENTATION_CONTEXT(2) 
PARAMETRIC_REPRESENTATION_CONTEXT() REPRESENTATION_CONTEXT('2D SPACE',''
  ) );
#2638 = PCURVE('',#749,#2639);
#2639 = DEFINITIONAL_REPRESENTATION('',(#2640),#2644);
#2640 = LINE('',#2641,#2642);
#2641 = CARTESIAN_POINT('',(4.712388980385,-0.));
#2642 = VECTOR('',#2643,1.);
#2643 = DIRECTION('',(-1.,0.));
#2644 = ( GEOMETRIC_REPRESENTATION_CONTEXT(2) 
PARAMETRIC_REPRESENTATION_CONTEXT() REPRESENTATION_CONTEXT('2D SPACE',''
  ) );
#2645 = ORIENTED_EDGE('',*,*,#2646,.F.);
#2646 = EDGE_CURVE('',#2431,#2623,#2647,.T.);
#2647 = SURFACE_CURVE('',#2648,(#2653,#2660),.PCURVE_S1.);
#2648 = CIRCLE('',#2649,6.);
#2649 = AXIS2_PLACEMENT_3D('',#2650,#2651,#2652);
#2650 = CARTESIAN_POINT('',(-10.,-2.,6.));
#2651 = DIRECTION('',(0.,-1.,2.2E-16));
#2652 = DIRECTION('',(-0.998709026329,-1.11752220252E-17,
    -5.07964637509E-02));
#2653 = PCURVE('',#782,#2654);
#2654 = DEFINITIONAL_REPRESENTATION('',(#2655),#2659);
#2655 = LINE('',#2656,#2657);
#2656 = CARTESIAN_POINT('',(0.,6.28318530718));
#2657 = VECTOR('',#2658,1.);
#2658 = DIRECTION('',(1.,0.));
#2659 = ( GEOMETRIC_REPRESENTATION_CONTEXT(2) 
PARAMETRIC_REPRESENTATION_CONTEXT() REPRESENTATION_CONTEXT('2D SPACE',''
  ) );
#2660 = PCURVE('',#2661,#2666);
#2661 = CYLINDRICAL_SURFACE('',#2662,6.);
#2662 = AXIS2_PLACEMENT_3D('',#2663,#2664,#2665);
#2663 = CARTESIAN_POINT('',(-10.,1.33E-15,6.));
#2664 = DIRECTION('',(0.,1.,-2.2E-16));
#2665 = DIRECTION('',(1.,0.,0.));
#2666 = DEFINITIONAL_REPRESENTATION('',(#2667),#2671);
#2667 = LINE('',#2668,#2669);
#2668 = CARTESIAN_POINT('',(-3.1924109876,-2.));
#2669 = VECTOR('',#2670,1.);
#2670 = DIRECTION('',(-1.,0.));
#2671 = ( GEOMETRIC_REPRESENTATION_CONTEXT(2) 
PARAMETRIC_REPRESENTATION_CONTEXT() REPRESENTATION_CONTEXT('2D SPACE',''
  ) );
#2672 = ADVANCED_FACE('',(#2673),#482,.T.);
#2673 = FACE_BOUND('',#2674,.T.);
#2674 = EDGE_LOOP('',(#2675,#2703,#2731,#2758));
#2675 = ORIENTED_EDGE('',*,*,#2676,.T.);
#2676 = EDGE_CURVE('',#434,#2677,#2679,.T.);
#2677 = VERTEX_POINT('',#2678);
#2678 = CARTESIAN_POINT('',(23.,-2.,108.84363689035));
#2679 = SURFACE_CURVE('',#2680,(#2690,#2696),.PCURVE_S1.);
#2680 = B_SPLINE_CURVE_WITH_KNOTS('',8,(#2681,#2682,#2683,#2684,#2685,
    #2686,#2687,#2688,#2689),.UNSPECIFIED.,.F.,.F.,(9,9),(0.,1.),
  .PIECEWISE_BEZIER_KNOTS.);
#2681 = CARTESIAN_POINT('',(21.,2.449E-14,108.19395674667));
#2682 = CARTESIAN_POINT('',(21.392699081699,2.523E-14,108.27516676463));
#2683 = CARTESIAN_POINT('',(21.785398287008,-8.812157792238E-02,
    108.35637678259));
#2684 = CARTESIAN_POINT('',(22.15502646867,-0.264363868257,
    108.43758680055));
#2685 = CARTESIAN_POINT('',(22.47851751156,-0.52148248844,
    108.51879681851));
#2686 = CARTESIAN_POINT('',(22.735636131743,-0.84497353133,
    108.60000683647));
#2687 = CARTESIAN_POINT('',(22.911878422078,-1.214601712992,
    108.68121685443));
#2688 = CARTESIAN_POINT('',(23.,-1.607300918301,108.76242687239));
#2689 = CARTESIAN_POINT('',(23.,-2.,108.84363689035));
#2690 = PCURVE('',#482,#2691);
#2691 = DEFINITIONAL_REPRESENTATION('',(#2692),#2695);
#2692 = B_SPLINE_CURVE_WITH_KNOTS('',1,(#2693,#2694),.UNSPECIFIED.,.F.,
  .F.,(2,2),(0.,1.),.PIECEWISE_BEZIER_KNOTS.);
#2693 = CARTESIAN_POINT('',(0.,0.649680143689));
#2694 = CARTESIAN_POINT('',(1.570796326795,0.));
#2695 = ( GEOMETRIC_REPRESENTATION_CONTEXT(2) 
PARAMETRIC_REPRESENTATION_CONTEXT() REPRESENTATION_CONTEXT('2D SPACE',''
  ) );
#2696 = PCURVE('',#2505,#2697);
#2697 = DEFINITIONAL_REPRESENTATION('',(#2698),#2702);
#2698 = LINE('',#2699,#2700);
#2699 = CARTESIAN_POINT('',(1.,0.));
#2700 = VECTOR('',#2701,1.);
#2701 = DIRECTION('',(0.,1.));
#2702 = ( GEOMETRIC_REPRESENTATION_CONTEXT(2) 
PARAMETRIC_REPRESENTATION_CONTEXT() REPRESENTATION_CONTEXT('2D SPACE',''
  ) );
#2703 = ORIENTED_EDGE('',*,*,#2704,.T.);
#2704 = EDGE_CURVE('',#2677,#2705,#2707,.T.);
#2705 = VERTEX_POINT('',#2706);
#2706 = CARTESIAN_POINT('',(23.,-2.,80.767472786049));
#2707 = SURFACE_CURVE('',#2708,(#2712,#2719),.PCURVE_S1.);
#2708 = LINE('',#2709,#2710);
#2709 = CARTESIAN_POINT('',(23.,-2.,108.84363689035));
#2710 = VECTOR('',#2711,1.);
#2711 = DIRECTION('',(0.,-2.2E-16,-1.));
#2712 = PCURVE('',#482,#2713);
#2713 = DEFINITIONAL_REPRESENTATION('',(#2714),#2718);
#2714 = LINE('',#2715,#2716);
#2715 = CARTESIAN_POINT('',(1.570796326795,0.));
#2716 = VECTOR('',#2717,1.);
#2717 = DIRECTION('',(0.,1.));
#2718 = ( GEOMETRIC_REPRESENTATION_CONTEXT(2) 
PARAMETRIC_REPRESENTATION_CONTEXT() REPRESENTATION_CONTEXT('2D SPACE',''
  ) );
#2719 = PCURVE('',#2720,#2725);
#2720 = PLANE('',#2721);
#2721 = AXIS2_PLACEMENT_3D('',#2722,#2723,#2724);
#2722 = CARTESIAN_POINT('',(23.,2.417E-14,108.84363689035));
#2723 = DIRECTION('',(1.,0.,0.));
#2724 = DIRECTION('',(0.,-2.2E-16,-1.));
#2725 = DEFINITIONAL_REPRESENTATION('',(#2726),#2730);
#2726 = LINE('',#2727,#2728);
#2727 = CARTESIAN_POINT('',(4.4E-16,-2.));
#2728 = VECTOR('',#2729,1.);
#2729 = DIRECTION('',(1.,0.));
#2730 = ( GEOMETRIC_REPRESENTATION_CONTEXT(2) 
PARAMETRIC_REPRESENTATION_CONTEXT() REPRESENTATION_CONTEXT('2D SPACE',''
  ) );
#2731 = ORIENTED_EDGE('',*,*,#2732,.F.);
#2732 = EDGE_CURVE('',#467,#2705,#2733,.T.);
#2733 = SURFACE_CURVE('',#2734,(#2739,#2746),.PCURVE_S1.);
#2734 = CIRCLE('',#2735,2.);
#2735 = AXIS2_PLACEMENT_3D('',#2736,#2737,#2738);
#2736 = CARTESIAN_POINT('',(21.,-2.,80.767472786049));
#2737 = DIRECTION('',(0.,-2.2E-16,-1.));
#2738 = DIRECTION('',(0.,1.,-2.2E-16));
#2739 = PCURVE('',#482,#2740);
#2740 = DEFINITIONAL_REPRESENTATION('',(#2741),#2745);
#2741 = LINE('',#2742,#2743);
#2742 = CARTESIAN_POINT('',(0.,28.07616410431));
#2743 = VECTOR('',#2744,1.);
#2744 = DIRECTION('',(1.,0.));
#2745 = ( GEOMETRIC_REPRESENTATION_CONTEXT(2) 
PARAMETRIC_REPRESENTATION_CONTEXT() REPRESENTATION_CONTEXT('2D SPACE',''
  ) );
#2746 = PCURVE('',#2747,#2752);
#2747 = SPHERICAL_SURFACE('',#2748,2.);
#2748 = AXIS2_PLACEMENT_3D('',#2749,#2750,#2751);
#2749 = CARTESIAN_POINT('',(21.,-2.,80.767472786049));
#2750 = DIRECTION('',(0.,-1.,2.2E-16));
#2751 = DIRECTION('',(1.,9.68E-32,4.4E-16));
#2752 = DEFINITIONAL_REPRESENTATION('',(#2753),#2757);
#2753 = LINE('',#2754,#2755);
#2754 = CARTESIAN_POINT('',(8.9E-16,-1.570796326795));
#2755 = VECTOR('',#2756,1.);
#2756 = DIRECTION('',(-0.,1.));
#2757 = ( GEOMETRIC_REPRESENTATION_CONTEXT(2) 
PARAMETRIC_REPRESENTATION_CONTEXT() REPRESENTATION_CONTEXT('2D SPACE',''
  ) );
#2758 = ORIENTED_EDGE('',*,*,#466,.F.);
#2759 = ADVANCED_FACE('',(#2760),#749,.T.);
#2760 = FACE_BOUND('',#2761,.F.);
#2761 = EDGE_LOOP('',(#2762,#2763,#2791,#2813));
#2762 = ORIENTED_EDGE('',*,*,#2622,.T.);
#2763 = ORIENTED_EDGE('',*,*,#2764,.T.);
#2764 = EDGE_CURVE('',#2623,#2765,#2767,.T.);
#2765 = VERTEX_POINT('',#2766);
#2766 = CARTESIAN_POINT('',(10.,-2.,0.));
#2767 = SURFACE_CURVE('',#2768,(#2772,#2779),.PCURVE_S1.);
#2768 = LINE('',#2769,#2770);
#2769 = CARTESIAN_POINT('',(-10.,-2.,0.));
#2770 = VECTOR('',#2771,1.);
#2771 = DIRECTION('',(1.,0.,0.));
#2772 = PCURVE('',#749,#2773);
#2773 = DEFINITIONAL_REPRESENTATION('',(#2774),#2778);
#2774 = LINE('',#2775,#2776);
#2775 = CARTESIAN_POINT('',(-1.570796326795,0.));
#2776 = VECTOR('',#2777,1.);
#2777 = DIRECTION('',(-0.,1.));
#2778 = ( GEOMETRIC_REPRESENTATION_CONTEXT(2) 
PARAMETRIC_REPRESENTATION_CONTEXT() REPRESENTATION_CONTEXT('2D SPACE',''
  ) );
#2779 = PCURVE('',#2780,#2785);
#2780 = PLANE('',#2781);
#2781 = AXIS2_PLACEMENT_3D('',#2782,#2783,#2784);
#2782 = CARTESIAN_POINT('',(-10.,0.,0.));
#2783 = DIRECTION('',(0.,2.2E-16,1.));
#2784 = DIRECTION('',(1.,0.,0.));
#2785 = DEFINITIONAL_REPRESENTATION('',(#2786),#2790);
#2786 = LINE('',#2787,#2788);
#2787 = CARTESIAN_POINT('',(0.,-2.));
#2788 = VECTOR('',#2789,1.);
#2789 = DIRECTION('',(1.,0.));
#2790 = ( GEOMETRIC_REPRESENTATION_CONTEXT(2) 
PARAMETRIC_REPRESENTATION_CONTEXT() REPRESENTATION_CONTEXT('2D SPACE',''
  ) );
#2791 = ORIENTED_EDGE('',*,*,#2792,.F.);
#2792 = EDGE_CURVE('',#701,#2765,#2793,.T.);
#2793 = SURFACE_CURVE('',#2794,(#2799,#2806),.PCURVE_S1.);
#2794 = CIRCLE('',#2795,2.);
#2795 = AXIS2_PLACEMENT_3D('',#2796,#2797,#2798);
#2796 = CARTESIAN_POINT('',(10.,-2.,2.));
#2797 = DIRECTION('',(-1.,0.,-0.));
#2798 = DIRECTION('',(0.,1.,-2.2E-16));
#2799 = PCURVE('',#749,#2800);
#2800 = DEFINITIONAL_REPRESENTATION('',(#2801),#2805);
#2801 = LINE('',#2802,#2803);
#2802 = CARTESIAN_POINT('',(-0.,20.));
#2803 = VECTOR('',#2804,1.);
#2804 = DIRECTION('',(-1.,0.));
#2805 = ( GEOMETRIC_REPRESENTATION_CONTEXT(2) 
PARAMETRIC_REPRESENTATION_CONTEXT() REPRESENTATION_CONTEXT('2D SPACE',''
  ) );
#2806 = PCURVE('',#721,#2807);
#2807 = DEFINITIONAL_REPRESENTATION('',(#2808),#2812);
#2808 = LINE('',#2809,#2810);
#2809 = CARTESIAN_POINT('',(0.,4.712388980385));
#2810 = VECTOR('',#2811,1.);
#2811 = DIRECTION('',(0.,1.));
#2812 = ( GEOMETRIC_REPRESENTATION_CONTEXT(2) 
PARAMETRIC_REPRESENTATION_CONTEXT() REPRESENTATION_CONTEXT('2D SPACE',''
  ) );
#2813 = ORIENTED_EDGE('',*,*,#733,.F.);
#2814 = ADVANCED_FACE('',(#2815),#510,.T.);
#2815 = FACE_BOUND('',#2816,.T.);
#2816 = EDGE_LOOP('',(#2817,#2841,#2869,#2902));
#2817 = ORIENTED_EDGE('',*,*,#2818,.T.);
#2818 = EDGE_CURVE('',#467,#2819,#2821,.T.);
#2819 = VERTEX_POINT('',#2820);
#2820 = CARTESIAN_POINT('',(22.486588408979,-2.,79.429543452232));
#2821 = SURFACE_CURVE('',#2822,(#2827,#2834),.PCURVE_S1.);
#2822 = CIRCLE('',#2823,2.);
#2823 = AXIS2_PLACEMENT_3D('',#2824,#2825,#2826);
#2824 = CARTESIAN_POINT('',(21.,-2.,80.767472786049));
#2825 = DIRECTION('',(-0.668964666909,-1.7E-16,-0.74329420449));
#2826 = DIRECTION('',(0.74329420449,-1.5E-16,-0.668964666909));
#2827 = PCURVE('',#510,#2828);
#2828 = DEFINITIONAL_REPRESENTATION('',(#2829),#2833);
#2829 = LINE('',#2830,#2831);
#2830 = CARTESIAN_POINT('',(-4.712388980385,-1.688E-14));
#2831 = VECTOR('',#2832,1.);
#2832 = DIRECTION('',(1.,0.));
#2833 = ( GEOMETRIC_REPRESENTATION_CONTEXT(2) 
PARAMETRIC_REPRESENTATION_CONTEXT() REPRESENTATION_CONTEXT('2D SPACE',''
  ) );
#2834 = PCURVE('',#2747,#2835);
#2835 = DEFINITIONAL_REPRESENTATION('',(#2836),#2840);
#2836 = LINE('',#2837,#2838);
#2837 = CARTESIAN_POINT('',(-0.732815014723,-6.28318530718));
#2838 = VECTOR('',#2839,1.);
#2839 = DIRECTION('',(-0.,1.));
#2840 = ( GEOMETRIC_REPRESENTATION_CONTEXT(2) 
PARAMETRIC_REPRESENTATION_CONTEXT() REPRESENTATION_CONTEXT('2D SPACE',''
  ) );
#2841 = ORIENTED_EDGE('',*,*,#2842,.T.);
#2842 = EDGE_CURVE('',#2819,#2843,#2845,.T.);
#2843 = VERTEX_POINT('',#2844);
#2844 = CARTESIAN_POINT('',(20.596338874113,-2.,77.329265823523));
#2845 = SURFACE_CURVE('',#2846,(#2850,#2857),.PCURVE_S1.);
#2846 = LINE('',#2847,#2848);
#2847 = CARTESIAN_POINT('',(22.486588408979,-2.,79.429543452232));
#2848 = VECTOR('',#2849,1.);
#2849 = DIRECTION('',(-0.668964666909,-1.7E-16,-0.74329420449));
#2850 = PCURVE('',#510,#2851);
#2851 = DEFINITIONAL_REPRESENTATION('',(#2852),#2856);
#2852 = LINE('',#2853,#2854);
#2853 = CARTESIAN_POINT('',(1.570796326795,0.));
#2854 = VECTOR('',#2855,1.);
#2855 = DIRECTION('',(0.,1.));
#2856 = ( GEOMETRIC_REPRESENTATION_CONTEXT(2) 
PARAMETRIC_REPRESENTATION_CONTEXT() REPRESENTATION_CONTEXT('2D SPACE',''
  ) );
#2857 = PCURVE('',#2858,#2863);
#2858 = PLANE('',#2859);
#2859 = AXIS2_PLACEMENT_3D('',#2860,#2861,#2862);
#2860 = CARTESIAN_POINT('',(18.5,1.665E-14,75.));
#2861 = DIRECTION('',(-0.74329420449,1.5E-16,0.668964666909));
#2862 = DIRECTION('',(0.668964666909,1.7E-16,0.74329420449));
#2863 = DEFINITIONAL_REPRESENTATION('',(#2864),#2868);
#2864 = LINE('',#2865,#2866);
#2865 = CARTESIAN_POINT('',(5.959340763693,-2.));
#2866 = VECTOR('',#2867,1.);
#2867 = DIRECTION('',(-1.,2.465190328816E-32));
#2868 = ( GEOMETRIC_REPRESENTATION_CONTEXT(2) 
PARAMETRIC_REPRESENTATION_CONTEXT() REPRESENTATION_CONTEXT('2D SPACE',''
  ) );
#2869 = ORIENTED_EDGE('',*,*,#2870,.F.);
#2870 = EDGE_CURVE('',#495,#2843,#2871,.T.);
#2871 = SURFACE_CURVE('',#2872,(#2877,#2889),.PCURVE_S1.);
#2872 = ELLIPSE('',#2873,2.649768860868,2.);
#2873 = AXIS2_PLACEMENT_3D('',#2874,#2875,#2876);
#2874 = CARTESIAN_POINT('',(17.946968439817,-2.,77.375214902992));
#2875 = DIRECTION('',(-1.734078777493E-02,-2.2E-16,-0.999849637235));
#2876 = DIRECTION('',(-0.999849637235,0.,1.734078777493E-02));
#2877 = PCURVE('',#510,#2878);
#2878 = DEFINITIONAL_REPRESENTATION('',(#2879),#2888);
#2879 = B_SPLINE_CURVE_WITH_KNOTS('',7,(#2880,#2881,#2882,#2883,#2884,
    #2885,#2886,#2887),.UNSPECIFIED.,.F.,.F.,(8,8),(1.570796326795,
    3.14159265359),.PIECEWISE_BEZIER_KNOTS.);
#2880 = CARTESIAN_POINT('',(-3.22E-15,4.56381586533));
#2881 = CARTESIAN_POINT('',(0.224399475256,4.173768843079));
#2882 = CARTESIAN_POINT('',(0.448798915743,3.783723440798));
#2883 = CARTESIAN_POINT('',(0.673198483215,3.425746972633));
#2884 = CARTESIAN_POINT('',(0.897597917331,3.131967072201));
#2885 = CARTESIAN_POINT('',(1.121997338001,2.927750235639));
#2886 = CARTESIAN_POINT('',(1.346396851538,2.825634339704));
#2887 = CARTESIAN_POINT('',(1.570796326795,2.825634339704));
#2888 = ( GEOMETRIC_REPRESENTATION_CONTEXT(2) 
PARAMETRIC_REPRESENTATION_CONTEXT() REPRESENTATION_CONTEXT('2D SPACE',''
  ) );
#2889 = PCURVE('',#538,#2890);
#2890 = DEFINITIONAL_REPRESENTATION('',(#2891),#2901);
#2891 = B_SPLINE_CURVE_WITH_KNOTS('',8,(#2892,#2893,#2894,#2895,#2896,
    #2897,#2898,#2899,#2900),.UNSPECIFIED.,.F.,.F.,(9,9),(1.570796326795
    ,3.14159265359),.PIECEWISE_BEZIER_KNOTS.);
#2892 = CARTESIAN_POINT('',(0.,12.478717338007));
#2893 = CARTESIAN_POINT('',(-0.196349540849,12.137426193538));
#2894 = CARTESIAN_POINT('',(-0.392699081697,11.796134968037));
#2895 = CARTESIAN_POINT('',(-0.589048622552,11.474894456514));
#2896 = CARTESIAN_POINT('',(-0.785398163393,11.193751435123));
#2897 = CARTESIAN_POINT('',(-0.981747704251,10.970292042213));
#2898 = CARTESIAN_POINT('',(-1.178097245095,10.817121439215));
#2899 = CARTESIAN_POINT('',(-1.374446785946,10.740535812382));
#2900 = CARTESIAN_POINT('',(-1.570796326795,10.740535812382));
#2901 = ( GEOMETRIC_REPRESENTATION_CONTEXT(2) 
PARAMETRIC_REPRESENTATION_CONTEXT() REPRESENTATION_CONTEXT('2D SPACE',''
  ) );
#2902 = ORIENTED_EDGE('',*,*,#494,.F.);
#2903 = ADVANCED_FACE('',(#2904),#721,.T.);
#2904 = FACE_BOUND('',#2905,.T.);
#2905 = EDGE_LOOP('',(#2906,#2907,#2908,#2932));
#2906 = ORIENTED_EDGE('',*,*,#2792,.F.);
#2907 = ORIENTED_EDGE('',*,*,#700,.T.);
#2908 = ORIENTED_EDGE('',*,*,#2909,.T.);
#2909 = EDGE_CURVE('',#673,#2910,#2912,.T.);
#2910 = VERTEX_POINT('',#2911);
#2911 = CARTESIAN_POINT('',(15.992254157972,-2.,5.695221217495));
#2912 = SURFACE_CURVE('',#2913,(#2918,#2925),.PCURVE_S1.);
#2913 = CIRCLE('',#2914,2.);
#2914 = AXIS2_PLACEMENT_3D('',#2915,#2916,#2917);
#2915 = CARTESIAN_POINT('',(13.994836105315,-2.,5.796814144996));
#2916 = DIRECTION('',(-5.07964637509E-02,-2.2E-16,-0.998709026329));
#2917 = DIRECTION('',(0.998709026329,-1.E-17,-5.07964637509E-02));
#2918 = PCURVE('',#721,#2919);
#2919 = DEFINITIONAL_REPRESENTATION('',(#2920),#2924);
#2920 = LINE('',#2921,#2922);
#2921 = CARTESIAN_POINT('',(1.519977992784,0.));
#2922 = VECTOR('',#2923,1.);
#2923 = DIRECTION('',(0.,1.));
#2924 = ( GEOMETRIC_REPRESENTATION_CONTEXT(2) 
PARAMETRIC_REPRESENTATION_CONTEXT() REPRESENTATION_CONTEXT('2D SPACE',''
  ) );
#2925 = PCURVE('',#688,#2926);
#2926 = DEFINITIONAL_REPRESENTATION('',(#2927),#2931);
#2927 = LINE('',#2928,#2929);
#2928 = CARTESIAN_POINT('',(4.712388980385,-0.));
#2929 = VECTOR('',#2930,1.);
#2930 = DIRECTION('',(-1.,0.));
#2931 = ( GEOMETRIC_REPRESENTATION_CONTEXT(2) 
PARAMETRIC_REPRESENTATION_CONTEXT() REPRESENTATION_CONTEXT('2D SPACE',''
  ) );
#2932 = ORIENTED_EDGE('',*,*,#2933,.F.);
#2933 = EDGE_CURVE('',#2765,#2910,#2934,.T.);
#2934 = SURFACE_CURVE('',#2935,(#2940,#2947),.PCURVE_S1.);
#2935 = CIRCLE('',#2936,6.);
#2936 = AXIS2_PLACEMENT_3D('',#2937,#2938,#2939);
#2937 = CARTESIAN_POINT('',(10.,-2.,6.));
#2938 = DIRECTION('',(0.,-1.,2.2E-16));
#2939 = DIRECTION('',(-3.E-16,-2.2E-16,-1.));
#2940 = PCURVE('',#721,#2941);
#2941 = DEFINITIONAL_REPRESENTATION('',(#2942),#2946);
#2942 = LINE('',#2943,#2944);
#2943 = CARTESIAN_POINT('',(0.,6.28318530718));
#2944 = VECTOR('',#2945,1.);
#2945 = DIRECTION('',(1.,0.));
#2946 = ( GEOMETRIC_REPRESENTATION_CONTEXT(2) 
PARAMETRIC_REPRESENTATION_CONTEXT() REPRESENTATION_CONTEXT('2D SPACE',''
  ) );
#2947 = PCURVE('',#2948,#2953);
#2948 = CYLINDRICAL_SURFACE('',#2949,6.);
#2949 = AXIS2_PLACEMENT_3D('',#2950,#2951,#2952);
#2950 = CARTESIAN_POINT('',(10.,1.33E-15,6.));
#2951 = DIRECTION('',(0.,1.,-2.2E-16));
#2952 = DIRECTION('',(1.,0.,0.));
#2953 = DEFINITIONAL_REPRESENTATION('',(#2954),#2958);
#2954 = LINE('',#2955,#2956);
#2955 = CARTESIAN_POINT('',(-4.712388980385,-2.));
#2956 = VECTOR('',#2957,1.);
#2957 = DIRECTION('',(-1.,0.));
#2958 = ( GEOMETRIC_REPRESENTATION_CONTEXT(2) 
PARAMETRIC_REPRESENTATION_CONTEXT() REPRESENTATION_CONTEXT('2D SPACE',''
  ) );
#2959 = ADVANCED_FACE('',(#2960),#538,.T.);
#2960 = FACE_BOUND('',#2961,.F.);
#2961 = EDGE_LOOP('',(#2962,#2986,#3012,#3013));
#2962 = ORIENTED_EDGE('',*,*,#2963,.T.);
#2963 = EDGE_CURVE('',#523,#2964,#2966,.T.);
#2964 = VERTEX_POINT('',#2965);
#2965 = CARTESIAN_POINT('',(27.500222215693,-2.,69.101538048316));
#2966 = SURFACE_CURVE('',#2967,(#2972,#2979),.PCURVE_S1.);
#2967 = CIRCLE('',#2968,2.);
#2968 = AXIS2_PLACEMENT_3D('',#2969,#2970,#2971);
#2969 = CARTESIAN_POINT('',(25.968133329416,-2.,67.81596282899));
#2970 = DIRECTION('',(0.642787609663,-1.7E-16,-0.766044443139));
#2971 = DIRECTION('',(0.766044443139,1.4E-16,0.642787609663));
#2972 = PCURVE('',#538,#2973);
#2973 = DEFINITIONAL_REPRESENTATION('',(#2974),#2978);
#2974 = LINE('',#2975,#2976);
#2975 = CARTESIAN_POINT('',(4.712388980385,-0.));
#2976 = VECTOR('',#2977,1.);
#2977 = DIRECTION('',(-1.,0.));
#2978 = ( GEOMETRIC_REPRESENTATION_CONTEXT(2) 
PARAMETRIC_REPRESENTATION_CONTEXT() REPRESENTATION_CONTEXT('2D SPACE',''
  ) );
#2979 = PCURVE('',#571,#2980);
#2980 = DEFINITIONAL_REPRESENTATION('',(#2981),#2985);
#2981 = LINE('',#2982,#2983);
#2982 = CARTESIAN_POINT('',(0.698131700767,0.));
#2983 = VECTOR('',#2984,1.);
#2984 = DIRECTION('',(0.,1.));
#2985 = ( GEOMETRIC_REPRESENTATION_CONTEXT(2) 
PARAMETRIC_REPRESENTATION_CONTEXT() REPRESENTATION_CONTEXT('2D SPACE',''
  ) );
#2986 = ORIENTED_EDGE('',*,*,#2987,.T.);
#2987 = EDGE_CURVE('',#2964,#2843,#2988,.T.);
#2988 = SURFACE_CURVE('',#2989,(#2993,#3000),.PCURVE_S1.);
#2989 = LINE('',#2990,#2991);
#2990 = CARTESIAN_POINT('',(27.500222215693,-2.,69.101538048316));
#2991 = VECTOR('',#2992,1.);
#2992 = DIRECTION('',(-0.642787609685,1.7E-16,0.76604444312));
#2993 = PCURVE('',#538,#2994);
#2994 = DEFINITIONAL_REPRESENTATION('',(#2995),#2999);
#2995 = LINE('',#2996,#2997);
#2996 = CARTESIAN_POINT('',(-1.570796326795,0.));
#2997 = VECTOR('',#2998,1.);
#2998 = DIRECTION('',(-0.,1.));
#2999 = ( GEOMETRIC_REPRESENTATION_CONTEXT(2) 
PARAMETRIC_REPRESENTATION_CONTEXT() REPRESENTATION_CONTEXT('2D SPACE',''
  ) );
#3000 = PCURVE('',#3001,#3006);
#3001 = PLANE('',#3002);
#3002 = AXIS2_PLACEMENT_3D('',#3003,#3004,#3005);
#3003 = CARTESIAN_POINT('',(27.500222215693,1.534E-14,69.101538048316));
#3004 = DIRECTION('',(-0.76604444312,-1.4E-16,-0.642787609685));
#3005 = DIRECTION('',(-0.642787609685,1.7E-16,0.76604444312));
#3006 = DEFINITIONAL_REPRESENTATION('',(#3007),#3011);
#3007 = LINE('',#3008,#3009);
#3008 = CARTESIAN_POINT('',(-2.623640333492E-15,-2.));
#3009 = VECTOR('',#3010,1.);
#3010 = DIRECTION('',(1.,0.));
#3011 = ( GEOMETRIC_REPRESENTATION_CONTEXT(2) 
PARAMETRIC_REPRESENTATION_CONTEXT() REPRESENTATION_CONTEXT('2D SPACE',''
  ) );
#3012 = ORIENTED_EDGE('',*,*,#2870,.F.);
#3013 = ORIENTED_EDGE('',*,*,#522,.F.);
#3014 = ADVANCED_FACE('',(#3015),#688,.T.);
#3015 = FACE_BOUND('',#3016,.F.);
#3016 = EDGE_LOOP('',(#3017,#3018,#3046,#3078));
#3017 = ORIENTED_EDGE('',*,*,#2909,.T.);
#3018 = ORIENTED_EDGE('',*,*,#3019,.T.);
#3019 = EDGE_CURVE('',#2910,#3020,#3022,.T.);
#3020 = VERTEX_POINT('',#3021);
#3021 = CARTESIAN_POINT('',(17.637897180158,-2.,38.050200659202));
#3022 = SURFACE_CURVE('',#3023,(#3027,#3034),.PCURVE_S1.);
#3023 = LINE('',#3024,#3025);
#3024 = CARTESIAN_POINT('',(15.992254157972,-2.,5.695221217495));
#3025 = VECTOR('',#3026,1.);
#3026 = DIRECTION('',(5.07964637509E-02,2.2E-16,0.998709026329));
#3027 = PCURVE('',#688,#3028);
#3028 = DEFINITIONAL_REPRESENTATION('',(#3029),#3033);
#3029 = LINE('',#3030,#3031);
#3030 = CARTESIAN_POINT('',(-1.570796326795,0.));
#3031 = VECTOR('',#3032,1.);
#3032 = DIRECTION('',(-0.,1.));
#3033 = ( GEOMETRIC_REPRESENTATION_CONTEXT(2) 
PARAMETRIC_REPRESENTATION_CONTEXT() REPRESENTATION_CONTEXT('2D SPACE',''
  ) );
#3034 = PCURVE('',#3035,#3040);
#3035 = PLANE('',#3036);
#3036 = AXIS2_PLACEMENT_3D('',#3037,#3038,#3039);
#3037 = CARTESIAN_POINT('',(15.992254157972,1.26E-15,5.695221217495));
#3038 = DIRECTION('',(-0.998709026329,1.E-17,5.07964637509E-02));
#3039 = DIRECTION('',(5.07964637509E-02,2.2E-16,0.998709026329));
#3040 = DEFINITIONAL_REPRESENTATION('',(#3041),#3045);
#3041 = LINE('',#3042,#3043);
#3042 = CARTESIAN_POINT('',(4.470318047449E-16,-2.));
#3043 = VECTOR('',#3044,1.);
#3044 = DIRECTION('',(1.,4.930380657631E-32));
#3045 = ( GEOMETRIC_REPRESENTATION_CONTEXT(2) 
PARAMETRIC_REPRESENTATION_CONTEXT() REPRESENTATION_CONTEXT('2D SPACE',''
  ) );
#3046 = ORIENTED_EDGE('',*,*,#3047,.F.);
#3047 = EDGE_CURVE('',#645,#3020,#3048,.T.);
#3048 = SURFACE_CURVE('',#3049,(#3054,#3066),.PCURVE_S1.);
#3049 = ELLIPSE('',#3050,2.109529283251,2.);
#3050 = AXIS2_PLACEMENT_3D('',#3051,#3052,#3053);
#3051 = CARTESIAN_POINT('',(15.674558739532,-2.,38.821832672829));
#3052 = DIRECTION('',(-0.365783978328,-2.1E-16,-0.93069978038));
#3053 = DIRECTION('',(-0.93069978038,8.E-17,0.365783978328));
#3054 = PCURVE('',#688,#3055);
#3055 = DEFINITIONAL_REPRESENTATION('',(#3056),#3065);
#3056 = B_SPLINE_CURVE_WITH_KNOTS('',7,(#3057,#3058,#3059,#3060,#3061,
    #3062,#3063,#3064),.UNSPECIFIED.,.F.,.F.,(8,8),(1.570796326795,
    3.14159265359),.PIECEWISE_BEZIER_KNOTS.);
#3057 = CARTESIAN_POINT('',(0.,33.067708068319));
#3058 = CARTESIAN_POINT('',(-0.224399475256,32.917157291903));
#3059 = CARTESIAN_POINT('',(-0.448798950513,32.766607126809));
#3060 = CARTESIAN_POINT('',(-0.673198425769,32.62843501359));
#3061 = CARTESIAN_POINT('',(-0.897597901026,32.515041514558));
#3062 = CARTESIAN_POINT('',(-1.121997376282,32.436217651603));
#3063 = CARTESIAN_POINT('',(-1.346396851538,32.396802861236));
#3064 = CARTESIAN_POINT('',(-1.570796326795,32.396802861236));
#3065 = ( GEOMETRIC_REPRESENTATION_CONTEXT(2) 
PARAMETRIC_REPRESENTATION_CONTEXT() REPRESENTATION_CONTEXT('2D SPACE',''
  ) );
#3066 = PCURVE('',#660,#3067);
#3067 = DEFINITIONAL_REPRESENTATION('',(#3068),#3077);
#3068 = B_SPLINE_CURVE_WITH_KNOTS('',7,(#3069,#3070,#3071,#3072,#3073,
    #3074,#3075,#3076),.UNSPECIFIED.,.F.,.F.,(8,8),(1.570796326795,
    3.14159265359),.PIECEWISE_BEZIER_KNOTS.);
#3069 = CARTESIAN_POINT('',(-1.78E-15,-0.670905207084));
#3070 = CARTESIAN_POINT('',(-0.224399475256,-0.520354430667));
#3071 = CARTESIAN_POINT('',(-0.448798950513,-0.369804265575));
#3072 = CARTESIAN_POINT('',(-0.67319842577,-0.231632152351));
#3073 = CARTESIAN_POINT('',(-0.897597901025,-0.11823865333));
#3074 = CARTESIAN_POINT('',(-1.121997376282,-3.94147903633E-02));
#3075 = CARTESIAN_POINT('',(-1.346396851538,2.E-17));
#3076 = CARTESIAN_POINT('',(-1.570796326795,0.));
#3077 = ( GEOMETRIC_REPRESENTATION_CONTEXT(2) 
PARAMETRIC_REPRESENTATION_CONTEXT() REPRESENTATION_CONTEXT('2D SPACE',''
  ) );
#3078 = ORIENTED_EDGE('',*,*,#672,.F.);
#3079 = ADVANCED_FACE('',(#3080),#571,.T.);
#3080 = FACE_BOUND('',#3081,.T.);
#3081 = EDGE_LOOP('',(#3082,#3106,#3107,#3108));
#3082 = ORIENTED_EDGE('',*,*,#3083,.F.);
#3083 = EDGE_CURVE('',#551,#3084,#3086,.T.);
#3084 = VERTEX_POINT('',#3085);
#3085 = CARTESIAN_POINT('',(28.67,-2.,65.8876));
#3086 = SURFACE_CURVE('',#3087,(#3092,#3099),.PCURVE_S1.);
#3087 = CIRCLE('',#3088,2.);
#3088 = AXIS2_PLACEMENT_3D('',#3089,#3090,#3091);
#3089 = CARTESIAN_POINT('',(26.67,-2.,65.8876));
#3090 = DIRECTION('',(0.,-2.2E-16,-1.));
#3091 = DIRECTION('',(0.,1.,-2.2E-16));
#3092 = PCURVE('',#571,#3093);
#3093 = DEFINITIONAL_REPRESENTATION('',(#3094),#3098);
#3094 = LINE('',#3095,#3096);
#3095 = CARTESIAN_POINT('',(-8.9E-16,4.712388980385));
#3096 = VECTOR('',#3097,1.);
#3097 = DIRECTION('',(0.,1.));
#3098 = ( GEOMETRIC_REPRESENTATION_CONTEXT(2) 
PARAMETRIC_REPRESENTATION_CONTEXT() REPRESENTATION_CONTEXT('2D SPACE',''
  ) );
#3099 = PCURVE('',#599,#3100);
#3100 = DEFINITIONAL_REPRESENTATION('',(#3101),#3105);
#3101 = LINE('',#3102,#3103);
#3102 = CARTESIAN_POINT('',(-0.,12.87));
#3103 = VECTOR('',#3104,1.);
#3104 = DIRECTION('',(-1.,0.));
#3105 = ( GEOMETRIC_REPRESENTATION_CONTEXT(2) 
PARAMETRIC_REPRESENTATION_CONTEXT() REPRESENTATION_CONTEXT('2D SPACE',''
  ) );
#3106 = ORIENTED_EDGE('',*,*,#550,.T.);
#3107 = ORIENTED_EDGE('',*,*,#2963,.T.);
#3108 = ORIENTED_EDGE('',*,*,#3109,.F.);
#3109 = EDGE_CURVE('',#3084,#2964,#3110,.T.);
#3110 = SURFACE_CURVE('',#3111,(#3116,#3123),.PCURVE_S1.);
#3111 = CIRCLE('',#3112,5.);
#3112 = AXIS2_PLACEMENT_3D('',#3113,#3114,#3115);
#3113 = CARTESIAN_POINT('',(23.67,-2.,65.8876));
#3114 = DIRECTION('',(0.,-1.,2.2E-16));
#3115 = DIRECTION('',(1.,3.96E-32,1.8E-16));
#3116 = PCURVE('',#571,#3117);
#3117 = DEFINITIONAL_REPRESENTATION('',(#3118),#3122);
#3118 = LINE('',#3119,#3120);
#3119 = CARTESIAN_POINT('',(0.,6.28318530718));
#3120 = VECTOR('',#3121,1.);
#3121 = DIRECTION('',(1.,0.));
#3122 = ( GEOMETRIC_REPRESENTATION_CONTEXT(2) 
PARAMETRIC_REPRESENTATION_CONTEXT() REPRESENTATION_CONTEXT('2D SPACE',''
  ) );
#3123 = PCURVE('',#3124,#3129);
#3124 = CYLINDRICAL_SURFACE('',#3125,5.);
#3125 = AXIS2_PLACEMENT_3D('',#3126,#3127,#3128);
#3126 = CARTESIAN_POINT('',(23.67,1.463E-14,65.8876));
#3127 = DIRECTION('',(0.,1.,-2.2E-16));
#3128 = DIRECTION('',(1.,0.,0.));
#3129 = DEFINITIONAL_REPRESENTATION('',(#3130),#3134);
#3130 = LINE('',#3131,#3132);
#3131 = CARTESIAN_POINT('',(-0.,-2.));
#3132 = VECTOR('',#3133,1.);
#3133 = DIRECTION('',(-1.,0.));
#3134 = ( GEOMETRIC_REPRESENTATION_CONTEXT(2) 
PARAMETRIC_REPRESENTATION_CONTEXT() REPRESENTATION_CONTEXT('2D SPACE',''
  ) );
#3135 = ADVANCED_FACE('',(#3136),#660,.T.);
#3136 = FACE_BOUND('',#3137,.F.);
#3137 = EDGE_LOOP('',(#3138,#3139,#3167,#3189));
#3138 = ORIENTED_EDGE('',*,*,#3047,.T.);
#3139 = ORIENTED_EDGE('',*,*,#3140,.T.);
#3140 = EDGE_CURVE('',#3020,#3141,#3143,.T.);
#3141 = VERTEX_POINT('',#3142);
#3142 = CARTESIAN_POINT('',(27.500222215717,-2.,49.803661951663));
#3143 = SURFACE_CURVE('',#3144,(#3148,#3155),.PCURVE_S1.);
#3144 = LINE('',#3145,#3146);
#3145 = CARTESIAN_POINT('',(17.637897180158,-2.,38.050200659202));
#3146 = VECTOR('',#3147,1.);
#3147 = DIRECTION('',(0.642787609686,1.7E-16,0.766044443119));
#3148 = PCURVE('',#660,#3149);
#3149 = DEFINITIONAL_REPRESENTATION('',(#3150),#3154);
#3150 = LINE('',#3151,#3152);
#3151 = CARTESIAN_POINT('',(-1.570796326795,0.));
#3152 = VECTOR('',#3153,1.);
#3153 = DIRECTION('',(-0.,1.));
#3154 = ( GEOMETRIC_REPRESENTATION_CONTEXT(2) 
PARAMETRIC_REPRESENTATION_CONTEXT() REPRESENTATION_CONTEXT('2D SPACE',''
  ) );
#3155 = PCURVE('',#3156,#3161);
#3156 = PLANE('',#3157);
#3157 = AXIS2_PLACEMENT_3D('',#3158,#3159,#3160);
#3158 = CARTESIAN_POINT('',(27.500222215717,1.106E-14,49.803661951663));
#3159 = DIRECTION('',(0.766044443119,-1.4E-16,-0.642787609686));
#3160 = DIRECTION('',(-0.642787609686,-1.7E-16,-0.766044443119));
#3161 = DEFINITIONAL_REPRESENTATION('',(#3162),#3166);
#3162 = LINE('',#3163,#3164);
#3163 = CARTESIAN_POINT('',(15.343054046063,-2.));
#3164 = VECTOR('',#3165,1.);
#3165 = DIRECTION('',(-1.,2.465190328816E-32));
#3166 = ( GEOMETRIC_REPRESENTATION_CONTEXT(2) 
PARAMETRIC_REPRESENTATION_CONTEXT() REPRESENTATION_CONTEXT('2D SPACE',''
  ) );
#3167 = ORIENTED_EDGE('',*,*,#3168,.F.);
#3168 = EDGE_CURVE('',#612,#3141,#3169,.T.);
#3169 = SURFACE_CURVE('',#3170,(#3175,#3182),.PCURVE_S1.);
#3170 = CIRCLE('',#3171,2.);
#3171 = AXIS2_PLACEMENT_3D('',#3172,#3173,#3174);
#3172 = CARTESIAN_POINT('',(25.968133329479,-2.,51.089237171036));
#3173 = DIRECTION('',(-0.642787609686,-1.7E-16,-0.766044443119));
#3174 = DIRECTION('',(-9.450408153619E-19,1.,-2.211262557869E-16));
#3175 = PCURVE('',#660,#3176);
#3176 = DEFINITIONAL_REPRESENTATION('',(#3177),#3181);
#3177 = LINE('',#3178,#3179);
#3178 = CARTESIAN_POINT('',(-0.,15.343054046063));
#3179 = VECTOR('',#3180,1.);
#3180 = DIRECTION('',(-1.,0.));
#3181 = ( GEOMETRIC_REPRESENTATION_CONTEXT(2) 
PARAMETRIC_REPRESENTATION_CONTEXT() REPRESENTATION_CONTEXT('2D SPACE',''
  ) );
#3182 = PCURVE('',#632,#3183);
#3183 = DEFINITIONAL_REPRESENTATION('',(#3184),#3188);
#3184 = LINE('',#3185,#3186);
#3185 = CARTESIAN_POINT('',(0.,4.712388980385));
#3186 = VECTOR('',#3187,1.);
#3187 = DIRECTION('',(0.,1.));
#3188 = ( GEOMETRIC_REPRESENTATION_CONTEXT(2) 
PARAMETRIC_REPRESENTATION_CONTEXT() REPRESENTATION_CONTEXT('2D SPACE',''
  ) );
#3189 = ORIENTED_EDGE('',*,*,#644,.F.);
#3190 = ADVANCED_FACE('',(#3191),#599,.T.);
#3191 = FACE_BOUND('',#3192,.F.);
#3192 = EDGE_LOOP('',(#3193,#3217,#3243,#3244));
#3193 = ORIENTED_EDGE('',*,*,#3194,.T.);
#3194 = EDGE_CURVE('',#584,#3195,#3197,.T.);
#3195 = VERTEX_POINT('',#3196);
#3196 = CARTESIAN_POINT('',(28.67,-2.,53.0176));
#3197 = SURFACE_CURVE('',#3198,(#3203,#3210),.PCURVE_S1.);
#3198 = CIRCLE('',#3199,2.);
#3199 = AXIS2_PLACEMENT_3D('',#3200,#3201,#3202);
#3200 = CARTESIAN_POINT('',(26.67,-2.,53.0176));
#3201 = DIRECTION('',(-7.2E-16,-2.2E-16,-1.));
#3202 = DIRECTION('',(1.,0.,-7.2E-16));
#3203 = PCURVE('',#599,#3204);
#3204 = DEFINITIONAL_REPRESENTATION('',(#3205),#3209);
#3205 = LINE('',#3206,#3207);
#3206 = CARTESIAN_POINT('',(4.712388980385,8.9E-16));
#3207 = VECTOR('',#3208,1.);
#3208 = DIRECTION('',(-1.,0.));
#3209 = ( GEOMETRIC_REPRESENTATION_CONTEXT(2) 
PARAMETRIC_REPRESENTATION_CONTEXT() REPRESENTATION_CONTEXT('2D SPACE',''
  ) );
#3210 = PCURVE('',#632,#3211);
#3211 = DEFINITIONAL_REPRESENTATION('',(#3212),#3216);
#3212 = LINE('',#3213,#3214);
#3213 = CARTESIAN_POINT('',(0.698131700767,0.));
#3214 = VECTOR('',#3215,1.);
#3215 = DIRECTION('',(0.,1.));
#3216 = ( GEOMETRIC_REPRESENTATION_CONTEXT(2) 
PARAMETRIC_REPRESENTATION_CONTEXT() REPRESENTATION_CONTEXT('2D SPACE',''
  ) );
#3217 = ORIENTED_EDGE('',*,*,#3218,.T.);
#3218 = EDGE_CURVE('',#3195,#3084,#3219,.T.);
#3219 = SURFACE_CURVE('',#3220,(#3224,#3231),.PCURVE_S1.);
#3220 = LINE('',#3221,#3222);
#3221 = CARTESIAN_POINT('',(28.67,-2.,53.0176));
#3222 = VECTOR('',#3223,1.);
#3223 = DIRECTION('',(0.,2.2E-16,1.));
#3224 = PCURVE('',#599,#3225);
#3225 = DEFINITIONAL_REPRESENTATION('',(#3226),#3230);
#3226 = LINE('',#3227,#3228);
#3227 = CARTESIAN_POINT('',(-1.570796326795,0.));
#3228 = VECTOR('',#3229,1.);
#3229 = DIRECTION('',(-0.,1.));
#3230 = ( GEOMETRIC_REPRESENTATION_CONTEXT(2) 
PARAMETRIC_REPRESENTATION_CONTEXT() REPRESENTATION_CONTEXT('2D SPACE',''
  ) );
#3231 = PCURVE('',#3232,#3237);
#3232 = PLANE('',#3233);
#3233 = AXIS2_PLACEMENT_3D('',#3234,#3235,#3236);
#3234 = CARTESIAN_POINT('',(28.67,-5.5,59.4526));
#3235 = DIRECTION('',(1.,0.,0.));
#3236 = DIRECTION('',(0.,-1.,-2.2E-16));
#3237 = DEFINITIONAL_REPRESENTATION('',(#3238),#3242);
#3238 = LINE('',#3239,#3240);
#3239 = CARTESIAN_POINT('',(-3.5,6.435));
#3240 = VECTOR('',#3241,1.);
#3241 = DIRECTION('',(-4.4E-16,-1.));
#3242 = ( GEOMETRIC_REPRESENTATION_CONTEXT(2) 
PARAMETRIC_REPRESENTATION_CONTEXT() REPRESENTATION_CONTEXT('2D SPACE',''
  ) );
#3243 = ORIENTED_EDGE('',*,*,#3083,.F.);
#3244 = ORIENTED_EDGE('',*,*,#583,.F.);
#3245 = ADVANCED_FACE('',(#3246),#632,.T.);
#3246 = FACE_BOUND('',#3247,.T.);
#3247 = EDGE_LOOP('',(#3248,#3249,#3250,#3251));
#3248 = ORIENTED_EDGE('',*,*,#3168,.F.);
#3249 = ORIENTED_EDGE('',*,*,#611,.T.);
#3250 = ORIENTED_EDGE('',*,*,#3194,.T.);
#3251 = ORIENTED_EDGE('',*,*,#3252,.F.);
#3252 = EDGE_CURVE('',#3141,#3195,#3253,.T.);
#3253 = SURFACE_CURVE('',#3254,(#3259,#3266),.PCURVE_S1.);
#3254 = CIRCLE('',#3255,5.);
#3255 = AXIS2_PLACEMENT_3D('',#3256,#3257,#3258);
#3256 = CARTESIAN_POINT('',(23.67,-2.,53.0176));
#3257 = DIRECTION('',(-1.232595164408E-32,-1.,2.2E-16));
#3258 = DIRECTION('',(0.766044443139,-1.414132741259E-16,-0.642787609663
    ));
#3259 = PCURVE('',#632,#3260);
#3260 = DEFINITIONAL_REPRESENTATION('',(#3261),#3265);
#3261 = LINE('',#3262,#3263);
#3262 = CARTESIAN_POINT('',(0.,6.28318530718));
#3263 = VECTOR('',#3264,1.);
#3264 = DIRECTION('',(1.,0.));
#3265 = ( GEOMETRIC_REPRESENTATION_CONTEXT(2) 
PARAMETRIC_REPRESENTATION_CONTEXT() REPRESENTATION_CONTEXT('2D SPACE',''
  ) );
#3266 = PCURVE('',#3267,#3272);
#3267 = CYLINDRICAL_SURFACE('',#3268,5.);
#3268 = AXIS2_PLACEMENT_3D('',#3269,#3270,#3271);
#3269 = CARTESIAN_POINT('',(23.67,1.177E-14,53.0176));
#3270 = DIRECTION('',(0.,1.,-2.2E-16));
#3271 = DIRECTION('',(1.,0.,0.));
#3272 = DEFINITIONAL_REPRESENTATION('',(#3273),#3277);
#3273 = LINE('',#3274,#3275);
#3274 = CARTESIAN_POINT('',(-5.585053606412,-2.));
#3275 = VECTOR('',#3276,1.);
#3276 = DIRECTION('',(-1.,0.));
#3277 = ( GEOMETRIC_REPRESENTATION_CONTEXT(2) 
PARAMETRIC_REPRESENTATION_CONTEXT() REPRESENTATION_CONTEXT('2D SPACE',''
  ) );
#3278 = ADVANCED_FACE('',(#3279,#3451),#982,.T.);
#3279 = FACE_BOUND('',#3280,.T.);
#3280 = EDGE_LOOP('',(#3281,#3311,#3334,#3362,#3385,#3408,#3429,#3430));
#3281 = ORIENTED_EDGE('',*,*,#3282,.F.);
#3282 = EDGE_CURVE('',#3283,#3285,#3287,.T.);
#3283 = VERTEX_POINT('',#3284);
#3284 = CARTESIAN_POINT('',(18.5,-11.,75.));
#3285 = VERTEX_POINT('',#3286);
#3286 = CARTESIAN_POINT('',(18.5,-11.,65.8876));
#3287 = SURFACE_CURVE('',#3288,(#3292,#3299),.PCURVE_S1.);
#3288 = LINE('',#3289,#3290);
#3289 = CARTESIAN_POINT('',(18.5,-11.,57.226299999999));
#3290 = VECTOR('',#3291,1.);
#3291 = DIRECTION('',(0.,0.,-1.));
#3292 = PCURVE('',#982,#3293);
#3293 = DEFINITIONAL_REPRESENTATION('',(#3294),#3298);
#3294 = LINE('',#3295,#3296);
#3295 = CARTESIAN_POINT('',(3.554339893592,5.336839893593));
#3296 = VECTOR('',#3297,1.);
#3297 = DIRECTION('',(2.2E-16,1.));
#3298 = ( GEOMETRIC_REPRESENTATION_CONTEXT(2) 
PARAMETRIC_REPRESENTATION_CONTEXT() REPRESENTATION_CONTEXT('2D SPACE',''
  ) );
#3299 = PCURVE('',#3300,#3305);
#3300 = PLANE('',#3301);
#3301 = AXIS2_PLACEMENT_3D('',#3302,#3303,#3304);
#3302 = CARTESIAN_POINT('',(20.079052297024,-11.,59.452599999999));
#3303 = DIRECTION('',(0.,1.,2.2E-16));
#3304 = DIRECTION('',(0.,-2.2E-16,1.));
#3305 = DEFINITIONAL_REPRESENTATION('',(#3306),#3310);
#3306 = LINE('',#3307,#3308);
#3307 = CARTESIAN_POINT('',(-2.226299999999,-1.579052297024));
#3308 = VECTOR('',#3309,1.);
#3309 = DIRECTION('',(-1.,0.));
#3310 = ( GEOMETRIC_REPRESENTATION_CONTEXT(2) 
PARAMETRIC_REPRESENTATION_CONTEXT() REPRESENTATION_CONTEXT('2D SPACE',''
  ) );
#3311 = ORIENTED_EDGE('',*,*,#3312,.T.);
#3312 = EDGE_CURVE('',#3283,#3313,#3315,.T.);
#3313 = VERTEX_POINT('',#3314);
#3314 = CARTESIAN_POINT('',(18.5,-12.,75.));
#3315 = SURFACE_CURVE('',#3316,(#3320,#3327),.PCURVE_S1.);
#3316 = LINE('',#3317,#3318);
#3317 = CARTESIAN_POINT('',(18.5,1.665E-14,75.));
#3318 = VECTOR('',#3319,1.);
#3319 = DIRECTION('',(0.,-1.,2.2E-16));
#3320 = PCURVE('',#982,#3321);
#3321 = DEFINITIONAL_REPRESENTATION('',(#3322),#3326);
#3322 = LINE('',#3323,#3324);
#3323 = CARTESIAN_POINT('',(-7.445660106408,-12.4368601064));
#3324 = VECTOR('',#3325,1.);
#3325 = DIRECTION('',(1.,-4.4E-16));
#3326 = ( GEOMETRIC_REPRESENTATION_CONTEXT(2) 
PARAMETRIC_REPRESENTATION_CONTEXT() REPRESENTATION_CONTEXT('2D SPACE',''
  ) );
#3327 = PCURVE('',#2858,#3328);
#3328 = DEFINITIONAL_REPRESENTATION('',(#3329),#3333);
#3329 = LINE('',#3330,#3331);
#3330 = CARTESIAN_POINT('',(0.,0.));
#3331 = VECTOR('',#3332,1.);
#3332 = DIRECTION('',(-6.475275012289E-18,-1.));
#3333 = ( GEOMETRIC_REPRESENTATION_CONTEXT(2) 
PARAMETRIC_REPRESENTATION_CONTEXT() REPRESENTATION_CONTEXT('2D SPACE',''
  ) );
#3334 = ORIENTED_EDGE('',*,*,#3335,.F.);
#3335 = EDGE_CURVE('',#3336,#3313,#3338,.T.);
#3336 = VERTEX_POINT('',#3337);
#3337 = CARTESIAN_POINT('',(18.5,-12.,55.));
#3338 = SURFACE_CURVE('',#3339,(#3343,#3350),.PCURVE_S1.);
#3339 = LINE('',#3340,#3341);
#3340 = CARTESIAN_POINT('',(18.5,-12.,55.));
#3341 = VECTOR('',#3342,1.);
#3342 = DIRECTION('',(0.,2.2E-16,1.));
#3343 = PCURVE('',#982,#3344);
#3344 = DEFINITIONAL_REPRESENTATION('',(#3345),#3349);
#3345 = LINE('',#3346,#3347);
#3346 = CARTESIAN_POINT('',(4.554339893592,7.563139893592));
#3347 = VECTOR('',#3348,1.);
#3348 = DIRECTION('',(-4.4E-16,-1.));
#3349 = ( GEOMETRIC_REPRESENTATION_CONTEXT(2) 
PARAMETRIC_REPRESENTATION_CONTEXT() REPRESENTATION_CONTEXT('2D SPACE',''
  ) );
#3350 = PCURVE('',#3351,#3356);
#3351 = CYLINDRICAL_SURFACE('',#3352,6.);
#3352 = AXIS2_PLACEMENT_3D('',#3353,#3354,#3355);
#3353 = CARTESIAN_POINT('',(12.5,-12.,55.));
#3354 = DIRECTION('',(0.,2.2E-16,1.));
#3355 = DIRECTION('',(1.,0.,0.));
#3356 = DEFINITIONAL_REPRESENTATION('',(#3357),#3361);
#3357 = LINE('',#3358,#3359);
#3358 = CARTESIAN_POINT('',(-0.,0.));
#3359 = VECTOR('',#3360,1.);
#3360 = DIRECTION('',(-0.,1.));
#3361 = ( GEOMETRIC_REPRESENTATION_CONTEXT(2) 
PARAMETRIC_REPRESENTATION_CONTEXT() REPRESENTATION_CONTEXT('2D SPACE',''
  ) );
#3362 = ORIENTED_EDGE('',*,*,#3363,.F.);
#3363 = EDGE_CURVE('',#3364,#3336,#3366,.T.);
#3364 = VERTEX_POINT('',#3365);
#3365 = CARTESIAN_POINT('',(18.5,-11.,55.));
#3366 = SURFACE_CURVE('',#3367,(#3371,#3378),.PCURVE_S1.);
#3367 = LINE('',#3368,#3369);
#3368 = CARTESIAN_POINT('',(18.5,1.221E-14,55.));
#3369 = VECTOR('',#3370,1.);
#3370 = DIRECTION('',(0.,-1.,2.2E-16));
#3371 = PCURVE('',#982,#3372);
#3372 = DEFINITIONAL_REPRESENTATION('',(#3373),#3377);
#3373 = LINE('',#3374,#3375);
#3374 = CARTESIAN_POINT('',(-7.445660106408,7.563139893592));
#3375 = VECTOR('',#3376,1.);
#3376 = DIRECTION('',(1.,-4.4E-16));
#3377 = ( GEOMETRIC_REPRESENTATION_CONTEXT(2) 
PARAMETRIC_REPRESENTATION_CONTEXT() REPRESENTATION_CONTEXT('2D SPACE',''
  ) );
#3378 = PCURVE('',#3035,#3379);
#3379 = DEFINITIONAL_REPRESENTATION('',(#3380),#3384);
#3380 = LINE('',#3381,#3382);
#3381 = CARTESIAN_POINT('',(49.368512231989,8.892730896253E-17));
#3382 = VECTOR('',#3383,1.);
#3383 = DIRECTION('',(-2.840142076877E-19,-1.));
#3384 = ( GEOMETRIC_REPRESENTATION_CONTEXT(2) 
PARAMETRIC_REPRESENTATION_CONTEXT() REPRESENTATION_CONTEXT('2D SPACE',''
  ) );
#3385 = ORIENTED_EDGE('',*,*,#3386,.F.);
#3386 = EDGE_CURVE('',#3387,#3364,#3389,.T.);
#3387 = VERTEX_POINT('',#3388);
#3388 = CARTESIAN_POINT('',(18.5,-11.,53.0176));
#3389 = SURFACE_CURVE('',#3390,(#3394,#3401),.PCURVE_S1.);
#3390 = LINE('',#3391,#3392);
#3391 = CARTESIAN_POINT('',(18.5,-11.,53.0176));
#3392 = VECTOR('',#3393,1.);
#3393 = DIRECTION('',(0.,-2.2E-16,1.));
#3394 = PCURVE('',#982,#3395);
#3395 = DEFINITIONAL_REPRESENTATION('',(#3396),#3400);
#3396 = LINE('',#3397,#3398);
#3397 = CARTESIAN_POINT('',(3.554339893592,9.545539893592));
#3398 = VECTOR('',#3399,1.);
#3399 = DIRECTION('',(0.,-1.));
#3400 = ( GEOMETRIC_REPRESENTATION_CONTEXT(2) 
PARAMETRIC_REPRESENTATION_CONTEXT() REPRESENTATION_CONTEXT('2D SPACE',''
  ) );
#3401 = PCURVE('',#3300,#3402);
#3402 = DEFINITIONAL_REPRESENTATION('',(#3403),#3407);
#3403 = LINE('',#3404,#3405);
#3404 = CARTESIAN_POINT('',(-6.434999999999,-1.579052297024));
#3405 = VECTOR('',#3406,1.);
#3406 = DIRECTION('',(1.,0.));
#3407 = ( GEOMETRIC_REPRESENTATION_CONTEXT(2) 
PARAMETRIC_REPRESENTATION_CONTEXT() REPRESENTATION_CONTEXT('2D SPACE',''
  ) );
#3408 = ORIENTED_EDGE('',*,*,#3409,.F.);
#3409 = EDGE_CURVE('',#965,#3387,#3410,.T.);
#3410 = SURFACE_CURVE('',#3411,(#3415,#3422),.PCURVE_S1.);
#3411 = LINE('',#3412,#3413);
#3412 = CARTESIAN_POINT('',(18.5,1.177E-14,53.0176));
#3413 = VECTOR('',#3414,1.);
#3414 = DIRECTION('',(0.,-1.,2.2E-16));
#3415 = PCURVE('',#982,#3416);
#3416 = DEFINITIONAL_REPRESENTATION('',(#3417),#3421);
#3417 = LINE('',#3418,#3419);
#3418 = CARTESIAN_POINT('',(-7.445660106408,9.545539893592));
#3419 = VECTOR('',#3420,1.);
#3420 = DIRECTION('',(1.,-4.4E-16));
#3421 = ( GEOMETRIC_REPRESENTATION_CONTEXT(2) 
PARAMETRIC_REPRESENTATION_CONTEXT() REPRESENTATION_CONTEXT('2D SPACE',''
  ) );
#3422 = PCURVE('',#1010,#3423);
#3423 = DEFINITIONAL_REPRESENTATION('',(#3424),#3428);
#3424 = LINE('',#3425,#3426);
#3425 = CARTESIAN_POINT('',(5.17,0.));
#3426 = VECTOR('',#3427,1.);
#3427 = DIRECTION('',(0.,-1.));
#3428 = ( GEOMETRIC_REPRESENTATION_CONTEXT(2) 
PARAMETRIC_REPRESENTATION_CONTEXT() REPRESENTATION_CONTEXT('2D SPACE',''
  ) );
#3429 = ORIENTED_EDGE('',*,*,#964,.T.);
#3430 = ORIENTED_EDGE('',*,*,#3431,.T.);
#3431 = EDGE_CURVE('',#967,#3285,#3432,.T.);
#3432 = SURFACE_CURVE('',#3433,(#3437,#3444),.PCURVE_S1.);
#3433 = LINE('',#3434,#3435);
#3434 = CARTESIAN_POINT('',(18.5,1.463E-14,65.8876));
#3435 = VECTOR('',#3436,1.);
#3436 = DIRECTION('',(0.,-1.,2.2E-16));
#3437 = PCURVE('',#982,#3438);
#3438 = DEFINITIONAL_REPRESENTATION('',(#3439),#3443);
#3439 = LINE('',#3440,#3441);
#3440 = CARTESIAN_POINT('',(-7.445660106408,-3.324460106408));
#3441 = VECTOR('',#3442,1.);
#3442 = DIRECTION('',(1.,-4.4E-16));
#3443 = ( GEOMETRIC_REPRESENTATION_CONTEXT(2) 
PARAMETRIC_REPRESENTATION_CONTEXT() REPRESENTATION_CONTEXT('2D SPACE',''
  ) );
#3444 = PCURVE('',#1064,#3445);
#3445 = DEFINITIONAL_REPRESENTATION('',(#3446),#3450);
#3446 = LINE('',#3447,#3448);
#3447 = CARTESIAN_POINT('',(0.,0.));
#3448 = VECTOR('',#3449,1.);
#3449 = DIRECTION('',(0.,-1.));
#3450 = ( GEOMETRIC_REPRESENTATION_CONTEXT(2) 
PARAMETRIC_REPRESENTATION_CONTEXT() REPRESENTATION_CONTEXT('2D SPACE',''
  ) );
#3451 = FACE_BOUND('',#3452,.T.);
#3452 = EDGE_LOOP('',(#3453));
#3453 = ORIENTED_EDGE('',*,*,#3454,.F.);
#3454 = EDGE_CURVE('',#3455,#3455,#3457,.T.);
#3455 = VERTEX_POINT('',#3456);
#3456 = CARTESIAN_POINT('',(18.5,-4.,59.3676));
#3457 = SURFACE_CURVE('',#3458,(#3463,#3470),.PCURVE_S1.);
#3458 = CIRCLE('',#3459,1.5);
#3459 = AXIS2_PLACEMENT_3D('',#3460,#3461,#3462);
#3460 = CARTESIAN_POINT('',(18.5,-5.5,59.3676));
#3461 = DIRECTION('',(1.,0.,0.));
#3462 = DIRECTION('',(0.,1.,0.));
#3463 = PCURVE('',#982,#3464);
#3464 = DEFINITIONAL_REPRESENTATION('',(#3465),#3469);
#3465 = CIRCLE('',#3466,1.5);
#3466 = AXIS2_PLACEMENT_2D('',#3467,#3468);
#3467 = CARTESIAN_POINT('',(-1.945660106408,3.195539893592));
#3468 = DIRECTION('',(-1.,2.2E-16));
#3469 = ( GEOMETRIC_REPRESENTATION_CONTEXT(2) 
PARAMETRIC_REPRESENTATION_CONTEXT() REPRESENTATION_CONTEXT('2D SPACE',''
  ) );
#3470 = PCURVE('',#3471,#3476);
#3471 = CYLINDRICAL_SURFACE('',#3472,1.5);
#3472 = AXIS2_PLACEMENT_3D('',#3473,#3474,#3475);
#3473 = CARTESIAN_POINT('',(141.21004203112,-5.5,59.3676));
#3474 = DIRECTION('',(1.,0.,0.));
#3475 = DIRECTION('',(0.,1.,0.));
#3476 = DEFINITIONAL_REPRESENTATION('',(#3477),#3481);
#3477 = LINE('',#3478,#3479);
#3478 = CARTESIAN_POINT('',(0.,-122.7100420311));
#3479 = VECTOR('',#3480,1.);
#3480 = DIRECTION('',(1.,0.));
#3481 = ( GEOMETRIC_REPRESENTATION_CONTEXT(2) 
PARAMETRIC_REPRESENTATION_CONTEXT() REPRESENTATION_CONTEXT('2D SPACE',''
  ) );
#3482 = ADVANCED_FACE('',(#3483),#1010,.F.);
#3483 = FACE_BOUND('',#3484,.F.);
#3484 = EDGE_LOOP('',(#3485,#3508,#3529,#3530));
#3485 = ORIENTED_EDGE('',*,*,#3486,.T.);
#3486 = EDGE_CURVE('',#995,#3487,#3489,.T.);
#3487 = VERTEX_POINT('',#3488);
#3488 = CARTESIAN_POINT('',(23.67,-11.,53.0176));
#3489 = SURFACE_CURVE('',#3490,(#3494,#3501),.PCURVE_S1.);
#3490 = LINE('',#3491,#3492);
#3491 = CARTESIAN_POINT('',(23.67,1.177E-14,53.0176));
#3492 = VECTOR('',#3493,1.);
#3493 = DIRECTION('',(0.,-1.,2.2E-16));
#3494 = PCURVE('',#1010,#3495);
#3495 = DEFINITIONAL_REPRESENTATION('',(#3496),#3500);
#3496 = LINE('',#3497,#3498);
#3497 = CARTESIAN_POINT('',(0.,0.));
#3498 = VECTOR('',#3499,1.);
#3499 = DIRECTION('',(0.,-1.));
#3500 = ( GEOMETRIC_REPRESENTATION_CONTEXT(2) 
PARAMETRIC_REPRESENTATION_CONTEXT() REPRESENTATION_CONTEXT('2D SPACE',''
  ) );
#3501 = PCURVE('',#1038,#3502);
#3502 = DEFINITIONAL_REPRESENTATION('',(#3503),#3507);
#3503 = LINE('',#3504,#3505);
#3504 = CARTESIAN_POINT('',(5.5,6.435));
#3505 = VECTOR('',#3506,1.);
#3506 = DIRECTION('',(-1.,-4.4E-16));
#3507 = ( GEOMETRIC_REPRESENTATION_CONTEXT(2) 
PARAMETRIC_REPRESENTATION_CONTEXT() REPRESENTATION_CONTEXT('2D SPACE',''
  ) );
#3508 = ORIENTED_EDGE('',*,*,#3509,.T.);
#3509 = EDGE_CURVE('',#3487,#3387,#3510,.T.);
#3510 = SURFACE_CURVE('',#3511,(#3515,#3522),.PCURVE_S1.);
#3511 = LINE('',#3512,#3513);
#3512 = CARTESIAN_POINT('',(23.67,-11.,53.0176));
#3513 = VECTOR('',#3514,1.);
#3514 = DIRECTION('',(-1.,0.,0.));
#3515 = PCURVE('',#1010,#3516);
#3516 = DEFINITIONAL_REPRESENTATION('',(#3517),#3521);
#3517 = LINE('',#3518,#3519);
#3518 = CARTESIAN_POINT('',(0.,-11.));
#3519 = VECTOR('',#3520,1.);
#3520 = DIRECTION('',(1.,0.));
#3521 = ( GEOMETRIC_REPRESENTATION_CONTEXT(2) 
PARAMETRIC_REPRESENTATION_CONTEXT() REPRESENTATION_CONTEXT('2D SPACE',''
  ) );
#3522 = PCURVE('',#3300,#3523);
#3523 = DEFINITIONAL_REPRESENTATION('',(#3524),#3528);
#3524 = LINE('',#3525,#3526);
#3525 = CARTESIAN_POINT('',(-6.434999999999,3.590947702976));
#3526 = VECTOR('',#3527,1.);
#3527 = DIRECTION('',(-0.,-1.));
#3528 = ( GEOMETRIC_REPRESENTATION_CONTEXT(2) 
PARAMETRIC_REPRESENTATION_CONTEXT() REPRESENTATION_CONTEXT('2D SPACE',''
  ) );
#3529 = ORIENTED_EDGE('',*,*,#3409,.F.);
#3530 = ORIENTED_EDGE('',*,*,#994,.F.);
#3531 = ADVANCED_FACE('',(#3532),#1064,.F.);
#3532 = FACE_BOUND('',#3533,.F.);
#3533 = EDGE_LOOP('',(#3534,#3535,#3558,#3579));
#3534 = ORIENTED_EDGE('',*,*,#3431,.T.);
#3535 = ORIENTED_EDGE('',*,*,#3536,.T.);
#3536 = EDGE_CURVE('',#3285,#3537,#3539,.T.);
#3537 = VERTEX_POINT('',#3538);
#3538 = CARTESIAN_POINT('',(23.67,-11.,65.8876));
#3539 = SURFACE_CURVE('',#3540,(#3544,#3551),.PCURVE_S1.);
#3540 = LINE('',#3541,#3542);
#3541 = CARTESIAN_POINT('',(18.5,-11.,65.8876));
#3542 = VECTOR('',#3543,1.);
#3543 = DIRECTION('',(1.,0.,0.));
#3544 = PCURVE('',#1064,#3545);
#3545 = DEFINITIONAL_REPRESENTATION('',(#3546),#3550);
#3546 = LINE('',#3547,#3548);
#3547 = CARTESIAN_POINT('',(0.,-11.));
#3548 = VECTOR('',#3549,1.);
#3549 = DIRECTION('',(1.,0.));
#3550 = ( GEOMETRIC_REPRESENTATION_CONTEXT(2) 
PARAMETRIC_REPRESENTATION_CONTEXT() REPRESENTATION_CONTEXT('2D SPACE',''
  ) );
#3551 = PCURVE('',#3300,#3552);
#3552 = DEFINITIONAL_REPRESENTATION('',(#3553),#3557);
#3553 = LINE('',#3554,#3555);
#3554 = CARTESIAN_POINT('',(6.435000000001,-1.579052297024));
#3555 = VECTOR('',#3556,1.);
#3556 = DIRECTION('',(0.,1.));
#3557 = ( GEOMETRIC_REPRESENTATION_CONTEXT(2) 
PARAMETRIC_REPRESENTATION_CONTEXT() REPRESENTATION_CONTEXT('2D SPACE',''
  ) );
#3558 = ORIENTED_EDGE('',*,*,#3559,.F.);
#3559 = EDGE_CURVE('',#1023,#3537,#3560,.T.);
#3560 = SURFACE_CURVE('',#3561,(#3565,#3572),.PCURVE_S1.);
#3561 = LINE('',#3562,#3563);
#3562 = CARTESIAN_POINT('',(23.67,1.463E-14,65.8876));
#3563 = VECTOR('',#3564,1.);
#3564 = DIRECTION('',(0.,-1.,2.2E-16));
#3565 = PCURVE('',#1064,#3566);
#3566 = DEFINITIONAL_REPRESENTATION('',(#3567),#3571);
#3567 = LINE('',#3568,#3569);
#3568 = CARTESIAN_POINT('',(5.17,0.));
#3569 = VECTOR('',#3570,1.);
#3570 = DIRECTION('',(0.,-1.));
#3571 = ( GEOMETRIC_REPRESENTATION_CONTEXT(2) 
PARAMETRIC_REPRESENTATION_CONTEXT() REPRESENTATION_CONTEXT('2D SPACE',''
  ) );
#3572 = PCURVE('',#1038,#3573);
#3573 = DEFINITIONAL_REPRESENTATION('',(#3574),#3578);
#3574 = LINE('',#3575,#3576);
#3575 = CARTESIAN_POINT('',(5.5,-6.435));
#3576 = VECTOR('',#3577,1.);
#3577 = DIRECTION('',(-1.,-4.4E-16));
#3578 = ( GEOMETRIC_REPRESENTATION_CONTEXT(2) 
PARAMETRIC_REPRESENTATION_CONTEXT() REPRESENTATION_CONTEXT('2D SPACE',''
  ) );
#3579 = ORIENTED_EDGE('',*,*,#1050,.F.);
#3580 = ADVANCED_FACE('',(#3581,#3607),#1038,.T.);
#3581 = FACE_BOUND('',#3582,.T.);
#3582 = EDGE_LOOP('',(#3583,#3584,#3585,#3586));
#3583 = ORIENTED_EDGE('',*,*,#3559,.F.);
#3584 = ORIENTED_EDGE('',*,*,#1022,.F.);
#3585 = ORIENTED_EDGE('',*,*,#3486,.T.);
#3586 = ORIENTED_EDGE('',*,*,#3587,.F.);
#3587 = EDGE_CURVE('',#3537,#3487,#3588,.T.);
#3588 = SURFACE_CURVE('',#3589,(#3593,#3600),.PCURVE_S1.);
#3589 = LINE('',#3590,#3591);
#3590 = CARTESIAN_POINT('',(23.67,-11.,65.8876));
#3591 = VECTOR('',#3592,1.);
#3592 = DIRECTION('',(0.,-2.2E-16,-1.));
#3593 = PCURVE('',#1038,#3594);
#3594 = DEFINITIONAL_REPRESENTATION('',(#3595),#3599);
#3595 = LINE('',#3596,#3597);
#3596 = CARTESIAN_POINT('',(-5.5,-6.435));
#3597 = VECTOR('',#3598,1.);
#3598 = DIRECTION('',(-4.4E-16,1.));
#3599 = ( GEOMETRIC_REPRESENTATION_CONTEXT(2) 
PARAMETRIC_REPRESENTATION_CONTEXT() REPRESENTATION_CONTEXT('2D SPACE',''
  ) );
#3600 = PCURVE('',#3300,#3601);
#3601 = DEFINITIONAL_REPRESENTATION('',(#3602),#3606);
#3602 = LINE('',#3603,#3604);
#3603 = CARTESIAN_POINT('',(6.435000000001,3.590947702976));
#3604 = VECTOR('',#3605,1.);
#3605 = DIRECTION('',(-1.,0.));
#3606 = ( GEOMETRIC_REPRESENTATION_CONTEXT(2) 
PARAMETRIC_REPRESENTATION_CONTEXT() REPRESENTATION_CONTEXT('2D SPACE',''
  ) );
#3607 = FACE_BOUND('',#3608,.T.);
#3608 = EDGE_LOOP('',(#3609));
#3609 = ORIENTED_EDGE('',*,*,#3610,.T.);
#3610 = EDGE_CURVE('',#3611,#3611,#3613,.T.);
#3611 = VERTEX_POINT('',#3612);
#3612 = CARTESIAN_POINT('',(23.67,-4.,59.3676));
#3613 = SURFACE_CURVE('',#3614,(#3619,#3630),.PCURVE_S1.);
#3614 = CIRCLE('',#3615,1.5);
#3615 = AXIS2_PLACEMENT_3D('',#3616,#3617,#3618);
#3616 = CARTESIAN_POINT('',(23.67,-5.5,59.3676));
#3617 = DIRECTION('',(1.,0.,0.));
#3618 = DIRECTION('',(0.,1.,0.));
#3619 = PCURVE('',#1038,#3620);
#3620 = DEFINITIONAL_REPRESENTATION('',(#3621),#3629);
#3621 = ( BOUNDED_CURVE() B_SPLINE_CURVE(2,(#3622,#3623,#3624,#3625,
#3626,#3627,#3628),.UNSPECIFIED.,.T.,.F.) B_SPLINE_CURVE_WITH_KNOTS((1,2
    ,2,2,2,1),(-2.094395102393,0.,2.094395102393,4.188790204786,
6.28318530718,8.377580409573),.UNSPECIFIED.) CURVE() 
GEOMETRIC_REPRESENTATION_ITEM() RATIONAL_B_SPLINE_CURVE((1.,0.5,1.,0.5,
1.,0.5,1.)) REPRESENTATION_ITEM('') );
#3622 = CARTESIAN_POINT('',(1.5,8.500000000001E-02));
#3623 = CARTESIAN_POINT('',(1.5,-2.513076211353));
#3624 = CARTESIAN_POINT('',(-0.75,-1.214038105677));
#3625 = CARTESIAN_POINT('',(-3.,8.500000000001E-02));
#3626 = CARTESIAN_POINT('',(-0.75,1.384038105677));
#3627 = CARTESIAN_POINT('',(1.5,2.683076211353));
#3628 = CARTESIAN_POINT('',(1.5,8.500000000001E-02));
#3629 = ( GEOMETRIC_REPRESENTATION_CONTEXT(2) 
PARAMETRIC_REPRESENTATION_CONTEXT() REPRESENTATION_CONTEXT('2D SPACE',''
  ) );
#3630 = PCURVE('',#3631,#3636);
#3631 = CYLINDRICAL_SURFACE('',#3632,1.5);
#3632 = AXIS2_PLACEMENT_3D('',#3633,#3634,#3635);
#3633 = CARTESIAN_POINT('',(141.21004203112,-5.5,59.3676));
#3634 = DIRECTION('',(1.,0.,0.));
#3635 = DIRECTION('',(0.,1.,0.));
#3636 = DEFINITIONAL_REPRESENTATION('',(#3637),#3641);
#3637 = LINE('',#3638,#3639);
#3638 = CARTESIAN_POINT('',(0.,-117.5400420311));
#3639 = VECTOR('',#3640,1.);
#3640 = DIRECTION('',(1.,0.));
#3641 = ( GEOMETRIC_REPRESENTATION_CONTEXT(2) 
PARAMETRIC_REPRESENTATION_CONTEXT() REPRESENTATION_CONTEXT('2D SPACE',''
  ) );
#3642 = ADVANCED_FACE('',(#3643),#1096,.F.);
#3643 = FACE_BOUND('',#3644,.T.);
#3644 = EDGE_LOOP('',(#3645,#3668,#3696,#3717));
#3645 = ORIENTED_EDGE('',*,*,#3646,.T.);
#3646 = EDGE_CURVE('',#1079,#3647,#3649,.T.);
#3647 = VERTEX_POINT('',#3648);
#3648 = CARTESIAN_POINT('',(-18.5,-11.,65.8876));
#3649 = SURFACE_CURVE('',#3650,(#3654,#3661),.PCURVE_S1.);
#3650 = LINE('',#3651,#3652);
#3651 = CARTESIAN_POINT('',(-18.5,1.463E-14,65.8876));
#3652 = VECTOR('',#3653,1.);
#3653 = DIRECTION('',(0.,-1.,2.2E-16));
#3654 = PCURVE('',#1096,#3655);
#3655 = DEFINITIONAL_REPRESENTATION('',(#3656),#3660);
#3656 = LINE('',#3657,#3658);
#3657 = CARTESIAN_POINT('',(-0.,0.));
#3658 = VECTOR('',#3659,1.);
#3659 = DIRECTION('',(-0.,-1.));
#3660 = ( GEOMETRIC_REPRESENTATION_CONTEXT(2) 
PARAMETRIC_REPRESENTATION_CONTEXT() REPRESENTATION_CONTEXT('2D SPACE',''
  ) );
#3661 = PCURVE('',#1178,#3662);
#3662 = DEFINITIONAL_REPRESENTATION('',(#3663),#3667);
#3663 = LINE('',#3664,#3665);
#3664 = CARTESIAN_POINT('',(7.445660106408,-3.324460106408));
#3665 = VECTOR('',#3666,1.);
#3666 = DIRECTION('',(-1.,-4.4E-16));
#3667 = ( GEOMETRIC_REPRESENTATION_CONTEXT(2) 
PARAMETRIC_REPRESENTATION_CONTEXT() REPRESENTATION_CONTEXT('2D SPACE',''
  ) );
#3668 = ORIENTED_EDGE('',*,*,#3669,.T.);
#3669 = EDGE_CURVE('',#3647,#3670,#3672,.T.);
#3670 = VERTEX_POINT('',#3671);
#3671 = CARTESIAN_POINT('',(-23.67,-11.,65.8876));
#3672 = SURFACE_CURVE('',#3673,(#3677,#3684),.PCURVE_S1.);
#3673 = LINE('',#3674,#3675);
#3674 = CARTESIAN_POINT('',(-18.5,-11.,65.8876));
#3675 = VECTOR('',#3676,1.);
#3676 = DIRECTION('',(-1.,0.,0.));
#3677 = PCURVE('',#1096,#3678);
#3678 = DEFINITIONAL_REPRESENTATION('',(#3679),#3683);
#3679 = LINE('',#3680,#3681);
#3680 = CARTESIAN_POINT('',(-0.,-11.));
#3681 = VECTOR('',#3682,1.);
#3682 = DIRECTION('',(-1.,0.));
#3683 = ( GEOMETRIC_REPRESENTATION_CONTEXT(2) 
PARAMETRIC_REPRESENTATION_CONTEXT() REPRESENTATION_CONTEXT('2D SPACE',''
  ) );
#3684 = PCURVE('',#3685,#3690);
#3685 = PLANE('',#3686);
#3686 = AXIS2_PLACEMENT_3D('',#3687,#3688,#3689);
#3687 = CARTESIAN_POINT('',(-20.07905229702,-11.,59.452599999999));
#3688 = DIRECTION('',(0.,1.,2.2E-16));
#3689 = DIRECTION('',(0.,2.2E-16,-1.));
#3690 = DEFINITIONAL_REPRESENTATION('',(#3691),#3695);
#3691 = LINE('',#3692,#3693);
#3692 = CARTESIAN_POINT('',(-6.435000000001,-1.579052297024));
#3693 = VECTOR('',#3694,1.);
#3694 = DIRECTION('',(0.,1.));
#3695 = ( GEOMETRIC_REPRESENTATION_CONTEXT(2) 
PARAMETRIC_REPRESENTATION_CONTEXT() REPRESENTATION_CONTEXT('2D SPACE',''
  ) );
#3696 = ORIENTED_EDGE('',*,*,#3697,.F.);
#3697 = EDGE_CURVE('',#1081,#3670,#3698,.T.);
#3698 = SURFACE_CURVE('',#3699,(#3703,#3710),.PCURVE_S1.);
#3699 = LINE('',#3700,#3701);
#3700 = CARTESIAN_POINT('',(-23.67,1.463E-14,65.8876));
#3701 = VECTOR('',#3702,1.);
#3702 = DIRECTION('',(0.,-1.,2.2E-16));
#3703 = PCURVE('',#1096,#3704);
#3704 = DEFINITIONAL_REPRESENTATION('',(#3705),#3709);
#3705 = LINE('',#3706,#3707);
#3706 = CARTESIAN_POINT('',(-5.17,0.));
#3707 = VECTOR('',#3708,1.);
#3708 = DIRECTION('',(-0.,-1.));
#3709 = ( GEOMETRIC_REPRESENTATION_CONTEXT(2) 
PARAMETRIC_REPRESENTATION_CONTEXT() REPRESENTATION_CONTEXT('2D SPACE',''
  ) );
#3710 = PCURVE('',#1124,#3711);
#3711 = DEFINITIONAL_REPRESENTATION('',(#3712),#3716);
#3712 = LINE('',#3713,#3714);
#3713 = CARTESIAN_POINT('',(-5.5,-6.435));
#3714 = VECTOR('',#3715,1.);
#3715 = DIRECTION('',(1.,-4.4E-16));
#3716 = ( GEOMETRIC_REPRESENTATION_CONTEXT(2) 
PARAMETRIC_REPRESENTATION_CONTEXT() REPRESENTATION_CONTEXT('2D SPACE',''
  ) );
#3717 = ORIENTED_EDGE('',*,*,#1078,.F.);
#3718 = ADVANCED_FACE('',(#3719,#3864),#1178,.T.);
#3719 = FACE_BOUND('',#3720,.T.);
#3720 = EDGE_LOOP('',(#3721,#3744,#3745,#3746,#3769,#3792,#3815,#3843));
#3721 = ORIENTED_EDGE('',*,*,#3722,.F.);
#3722 = EDGE_CURVE('',#3647,#3723,#3725,.T.);
#3723 = VERTEX_POINT('',#3724);
#3724 = CARTESIAN_POINT('',(-18.5,-11.,75.));
#3725 = SURFACE_CURVE('',#3726,(#3730,#3737),.PCURVE_S1.);
#3726 = LINE('',#3727,#3728);
#3727 = CARTESIAN_POINT('',(-18.5,-11.,57.226299999999));
#3728 = VECTOR('',#3729,1.);
#3729 = DIRECTION('',(0.,0.,1.));
#3730 = PCURVE('',#1178,#3731);
#3731 = DEFINITIONAL_REPRESENTATION('',(#3732),#3736);
#3732 = LINE('',#3733,#3734);
#3733 = CARTESIAN_POINT('',(-3.554339893592,5.336839893593));
#3734 = VECTOR('',#3735,1.);
#3735 = DIRECTION('',(2.2E-16,-1.));
#3736 = ( GEOMETRIC_REPRESENTATION_CONTEXT(2) 
PARAMETRIC_REPRESENTATION_CONTEXT() REPRESENTATION_CONTEXT('2D SPACE',''
  ) );
#3737 = PCURVE('',#3685,#3738);
#3738 = DEFINITIONAL_REPRESENTATION('',(#3739),#3743);
#3739 = LINE('',#3740,#3741);
#3740 = CARTESIAN_POINT('',(2.226299999999,-1.579052297024));
#3741 = VECTOR('',#3742,1.);
#3742 = DIRECTION('',(-1.,0.));
#3743 = ( GEOMETRIC_REPRESENTATION_CONTEXT(2) 
PARAMETRIC_REPRESENTATION_CONTEXT() REPRESENTATION_CONTEXT('2D SPACE',''
  ) );
#3744 = ORIENTED_EDGE('',*,*,#3646,.F.);
#3745 = ORIENTED_EDGE('',*,*,#1164,.F.);
#3746 = ORIENTED_EDGE('',*,*,#3747,.T.);
#3747 = EDGE_CURVE('',#1137,#3748,#3750,.T.);
#3748 = VERTEX_POINT('',#3749);
#3749 = CARTESIAN_POINT('',(-18.5,-11.,53.0176));
#3750 = SURFACE_CURVE('',#3751,(#3755,#3762),.PCURVE_S1.);
#3751 = LINE('',#3752,#3753);
#3752 = CARTESIAN_POINT('',(-18.5,1.177E-14,53.0176));
#3753 = VECTOR('',#3754,1.);
#3754 = DIRECTION('',(0.,-1.,2.2E-16));
#3755 = PCURVE('',#1178,#3756);
#3756 = DEFINITIONAL_REPRESENTATION('',(#3757),#3761);
#3757 = LINE('',#3758,#3759);
#3758 = CARTESIAN_POINT('',(7.445660106408,9.545539893592));
#3759 = VECTOR('',#3760,1.);
#3760 = DIRECTION('',(-1.,-4.4E-16));
#3761 = ( GEOMETRIC_REPRESENTATION_CONTEXT(2) 
PARAMETRIC_REPRESENTATION_CONTEXT() REPRESENTATION_CONTEXT('2D SPACE',''
  ) );
#3762 = PCURVE('',#1152,#3763);
#3763 = DEFINITIONAL_REPRESENTATION('',(#3764),#3768);
#3764 = LINE('',#3765,#3766);
#3765 = CARTESIAN_POINT('',(-5.17,0.));
#3766 = VECTOR('',#3767,1.);
#3767 = DIRECTION('',(-0.,-1.));
#3768 = ( GEOMETRIC_REPRESENTATION_CONTEXT(2) 
PARAMETRIC_REPRESENTATION_CONTEXT() REPRESENTATION_CONTEXT('2D SPACE',''
  ) );
#3769 = ORIENTED_EDGE('',*,*,#3770,.T.);
#3770 = EDGE_CURVE('',#3748,#3771,#3773,.T.);
#3771 = VERTEX_POINT('',#3772);
#3772 = CARTESIAN_POINT('',(-18.5,-11.,55.));
#3773 = SURFACE_CURVE('',#3774,(#3778,#3785),.PCURVE_S1.);
#3774 = LINE('',#3775,#3776);
#3775 = CARTESIAN_POINT('',(-18.5,-11.,53.0176));
#3776 = VECTOR('',#3777,1.);
#3777 = DIRECTION('',(0.,-2.2E-16,1.));
#3778 = PCURVE('',#1178,#3779);
#3779 = DEFINITIONAL_REPRESENTATION('',(#3780),#3784);
#3780 = LINE('',#3781,#3782);
#3781 = CARTESIAN_POINT('',(-3.554339893592,9.545539893592));
#3782 = VECTOR('',#3783,1.);
#3783 = DIRECTION('',(0.,-1.));
#3784 = ( GEOMETRIC_REPRESENTATION_CONTEXT(2) 
PARAMETRIC_REPRESENTATION_CONTEXT() REPRESENTATION_CONTEXT('2D SPACE',''
  ) );
#3785 = PCURVE('',#3685,#3786);
#3786 = DEFINITIONAL_REPRESENTATION('',(#3787),#3791);
#3787 = LINE('',#3788,#3789);
#3788 = CARTESIAN_POINT('',(6.434999999999,-1.579052297024));
#3789 = VECTOR('',#3790,1.);
#3790 = DIRECTION('',(-1.,0.));
#3791 = ( GEOMETRIC_REPRESENTATION_CONTEXT(2) 
PARAMETRIC_REPRESENTATION_CONTEXT() REPRESENTATION_CONTEXT('2D SPACE',''
  ) );
#3792 = ORIENTED_EDGE('',*,*,#3793,.T.);
#3793 = EDGE_CURVE('',#3771,#3794,#3796,.T.);
#3794 = VERTEX_POINT('',#3795);
#3795 = CARTESIAN_POINT('',(-18.5,-12.,55.));
#3796 = SURFACE_CURVE('',#3797,(#3801,#3808),.PCURVE_S1.);
#3797 = LINE('',#3798,#3799);
#3798 = CARTESIAN_POINT('',(-18.5,1.221E-14,55.));
#3799 = VECTOR('',#3800,1.);
#3800 = DIRECTION('',(0.,-1.,2.2E-16));
#3801 = PCURVE('',#1178,#3802);
#3802 = DEFINITIONAL_REPRESENTATION('',(#3803),#3807);
#3803 = LINE('',#3804,#3805);
#3804 = CARTESIAN_POINT('',(7.445660106408,7.563139893592));
#3805 = VECTOR('',#3806,1.);
#3806 = DIRECTION('',(-1.,-4.4E-16));
#3807 = ( GEOMETRIC_REPRESENTATION_CONTEXT(2) 
PARAMETRIC_REPRESENTATION_CONTEXT() REPRESENTATION_CONTEXT('2D SPACE',''
  ) );
#3808 = PCURVE('',#2446,#3809);
#3809 = DEFINITIONAL_REPRESENTATION('',(#3810),#3814);
#3810 = LINE('',#3811,#3812);
#3811 = CARTESIAN_POINT('',(49.368512231989,8.892730896253E-17));
#3812 = VECTOR('',#3813,1.);
#3813 = DIRECTION('',(-2.840142076877E-19,-1.));
#3814 = ( GEOMETRIC_REPRESENTATION_CONTEXT(2) 
PARAMETRIC_REPRESENTATION_CONTEXT() REPRESENTATION_CONTEXT('2D SPACE',''
  ) );
#3815 = ORIENTED_EDGE('',*,*,#3816,.F.);
#3816 = EDGE_CURVE('',#3817,#3794,#3819,.T.);
#3817 = VERTEX_POINT('',#3818);
#3818 = CARTESIAN_POINT('',(-18.5,-12.,75.));
#3819 = SURFACE_CURVE('',#3820,(#3824,#3831),.PCURVE_S1.);
#3820 = LINE('',#3821,#3822);
#3821 = CARTESIAN_POINT('',(-18.5,-12.,75.));
#3822 = VECTOR('',#3823,1.);
#3823 = DIRECTION('',(0.,-2.2E-16,-1.));
#3824 = PCURVE('',#1178,#3825);
#3825 = DEFINITIONAL_REPRESENTATION('',(#3826),#3830);
#3826 = LINE('',#3827,#3828);
#3827 = CARTESIAN_POINT('',(-4.554339893592,-12.4368601064));
#3828 = VECTOR('',#3829,1.);
#3829 = DIRECTION('',(-4.4E-16,1.));
#3830 = ( GEOMETRIC_REPRESENTATION_CONTEXT(2) 
PARAMETRIC_REPRESENTATION_CONTEXT() REPRESENTATION_CONTEXT('2D SPACE',''
  ) );
#3831 = PCURVE('',#3832,#3837);
#3832 = CYLINDRICAL_SURFACE('',#3833,6.);
#3833 = AXIS2_PLACEMENT_3D('',#3834,#3835,#3836);
#3834 = CARTESIAN_POINT('',(-12.5,-12.,75.));
#3835 = DIRECTION('',(0.,-2.2E-16,-1.));
#3836 = DIRECTION('',(-1.,0.,0.));
#3837 = DEFINITIONAL_REPRESENTATION('',(#3838),#3842);
#3838 = LINE('',#3839,#3840);
#3839 = CARTESIAN_POINT('',(-0.,0.));
#3840 = VECTOR('',#3841,1.);
#3841 = DIRECTION('',(-0.,1.));
#3842 = ( GEOMETRIC_REPRESENTATION_CONTEXT(2) 
PARAMETRIC_REPRESENTATION_CONTEXT() REPRESENTATION_CONTEXT('2D SPACE',''
  ) );
#3843 = ORIENTED_EDGE('',*,*,#3844,.F.);
#3844 = EDGE_CURVE('',#3723,#3817,#3845,.T.);
#3845 = SURFACE_CURVE('',#3846,(#3850,#3857),.PCURVE_S1.);
#3846 = LINE('',#3847,#3848);
#3847 = CARTESIAN_POINT('',(-18.5,1.665E-14,75.));
#3848 = VECTOR('',#3849,1.);
#3849 = DIRECTION('',(0.,-1.,2.2E-16));
#3850 = PCURVE('',#1178,#3851);
#3851 = DEFINITIONAL_REPRESENTATION('',(#3852),#3856);
#3852 = LINE('',#3853,#3854);
#3853 = CARTESIAN_POINT('',(7.445660106408,-12.4368601064));
#3854 = VECTOR('',#3855,1.);
#3855 = DIRECTION('',(-1.,-4.4E-16));
#3856 = ( GEOMETRIC_REPRESENTATION_CONTEXT(2) 
PARAMETRIC_REPRESENTATION_CONTEXT() REPRESENTATION_CONTEXT('2D SPACE',''
  ) );
#3857 = PCURVE('',#1688,#3858);
#3858 = DEFINITIONAL_REPRESENTATION('',(#3859),#3863);
#3859 = LINE('',#3860,#3861);
#3860 = CARTESIAN_POINT('',(0.,0.));
#3861 = VECTOR('',#3862,1.);
#3862 = DIRECTION('',(-6.475275012289E-18,-1.));
#3863 = ( GEOMETRIC_REPRESENTATION_CONTEXT(2) 
PARAMETRIC_REPRESENTATION_CONTEXT() REPRESENTATION_CONTEXT('2D SPACE',''
  ) );
#3864 = FACE_BOUND('',#3865,.T.);
#3865 = EDGE_LOOP('',(#3866));
#3866 = ORIENTED_EDGE('',*,*,#3867,.T.);
#3867 = EDGE_CURVE('',#3868,#3868,#3870,.T.);
#3868 = VERTEX_POINT('',#3869);
#3869 = CARTESIAN_POINT('',(-18.5,-4.,59.3676));
#3870 = SURFACE_CURVE('',#3871,(#3876,#3887),.PCURVE_S1.);
#3871 = CIRCLE('',#3872,1.5);
#3872 = AXIS2_PLACEMENT_3D('',#3873,#3874,#3875);
#3873 = CARTESIAN_POINT('',(-18.5,-5.5,59.3676));
#3874 = DIRECTION('',(1.,0.,0.));
#3875 = DIRECTION('',(0.,1.,0.));
#3876 = PCURVE('',#1178,#3877);
#3877 = DEFINITIONAL_REPRESENTATION('',(#3878),#3886);
#3878 = ( BOUNDED_CURVE() B_SPLINE_CURVE(2,(#3879,#3880,#3881,#3882,
#3883,#3884,#3885),.UNSPECIFIED.,.T.,.F.) B_SPLINE_CURVE_WITH_KNOTS((1,2
    ,2,2,2,1),(-2.094395102393,0.,2.094395102393,4.188790204786,
6.28318530718,8.377580409573),.UNSPECIFIED.) CURVE() 
GEOMETRIC_REPRESENTATION_ITEM() RATIONAL_B_SPLINE_CURVE((1.,0.5,1.,0.5,
1.,0.5,1.)) REPRESENTATION_ITEM('') );
#3879 = CARTESIAN_POINT('',(3.445660106408,3.195539893592));
#3880 = CARTESIAN_POINT('',(3.445660106408,0.597463682239));
#3881 = CARTESIAN_POINT('',(1.195660106408,1.896501787915));
#3882 = CARTESIAN_POINT('',(-1.054339893592,3.195539893592));
#3883 = CARTESIAN_POINT('',(1.195660106408,4.494577999269));
#3884 = CARTESIAN_POINT('',(3.445660106408,5.793616104945));
#3885 = CARTESIAN_POINT('',(3.445660106408,3.195539893592));
#3886 = ( GEOMETRIC_REPRESENTATION_CONTEXT(2) 
PARAMETRIC_REPRESENTATION_CONTEXT() REPRESENTATION_CONTEXT('2D SPACE',''
  ) );
#3887 = PCURVE('',#3888,#3893);
#3888 = CYLINDRICAL_SURFACE('',#3889,1.5);
#3889 = AXIS2_PLACEMENT_3D('',#3890,#3891,#3892);
#3890 = CARTESIAN_POINT('',(141.21004203112,-5.5,59.3676));
#3891 = DIRECTION('',(1.,0.,0.));
#3892 = DIRECTION('',(0.,1.,0.));
#3893 = DEFINITIONAL_REPRESENTATION('',(#3894),#3898);
#3894 = LINE('',#3895,#3896);
#3895 = CARTESIAN_POINT('',(0.,-159.7100420311));
#3896 = VECTOR('',#3897,1.);
#3897 = DIRECTION('',(1.,0.));
#3898 = ( GEOMETRIC_REPRESENTATION_CONTEXT(2) 
PARAMETRIC_REPRESENTATION_CONTEXT() REPRESENTATION_CONTEXT('2D SPACE',''
  ) );
#3899 = ADVANCED_FACE('',(#3900,#3948),#1124,.T.);
#3900 = FACE_BOUND('',#3901,.T.);
#3901 = EDGE_LOOP('',(#3902,#3903,#3926,#3947));
#3902 = ORIENTED_EDGE('',*,*,#3697,.T.);
#3903 = ORIENTED_EDGE('',*,*,#3904,.F.);
#3904 = EDGE_CURVE('',#3905,#3670,#3907,.T.);
#3905 = VERTEX_POINT('',#3906);
#3906 = CARTESIAN_POINT('',(-23.67,-11.,53.0176));
#3907 = SURFACE_CURVE('',#3908,(#3912,#3919),.PCURVE_S1.);
#3908 = LINE('',#3909,#3910);
#3909 = CARTESIAN_POINT('',(-23.67,-11.,53.0176));
#3910 = VECTOR('',#3911,1.);
#3911 = DIRECTION('',(0.,2.2E-16,1.));
#3912 = PCURVE('',#1124,#3913);
#3913 = DEFINITIONAL_REPRESENTATION('',(#3914),#3918);
#3914 = LINE('',#3915,#3916);
#3915 = CARTESIAN_POINT('',(5.5,6.435));
#3916 = VECTOR('',#3917,1.);
#3917 = DIRECTION('',(-4.4E-16,-1.));
#3918 = ( GEOMETRIC_REPRESENTATION_CONTEXT(2) 
PARAMETRIC_REPRESENTATION_CONTEXT() REPRESENTATION_CONTEXT('2D SPACE',''
  ) );
#3919 = PCURVE('',#3685,#3920);
#3920 = DEFINITIONAL_REPRESENTATION('',(#3921),#3925);
#3921 = LINE('',#3922,#3923);
#3922 = CARTESIAN_POINT('',(6.434999999999,3.590947702976));
#3923 = VECTOR('',#3924,1.);
#3924 = DIRECTION('',(-1.,0.));
#3925 = ( GEOMETRIC_REPRESENTATION_CONTEXT(2) 
PARAMETRIC_REPRESENTATION_CONTEXT() REPRESENTATION_CONTEXT('2D SPACE',''
  ) );
#3926 = ORIENTED_EDGE('',*,*,#3927,.F.);
#3927 = EDGE_CURVE('',#1109,#3905,#3928,.T.);
#3928 = SURFACE_CURVE('',#3929,(#3933,#3940),.PCURVE_S1.);
#3929 = LINE('',#3930,#3931);
#3930 = CARTESIAN_POINT('',(-23.67,1.177E-14,53.0176));
#3931 = VECTOR('',#3932,1.);
#3932 = DIRECTION('',(0.,-1.,2.2E-16));
#3933 = PCURVE('',#1124,#3934);
#3934 = DEFINITIONAL_REPRESENTATION('',(#3935),#3939);
#3935 = LINE('',#3936,#3937);
#3936 = CARTESIAN_POINT('',(-5.5,6.435));
#3937 = VECTOR('',#3938,1.);
#3938 = DIRECTION('',(1.,-4.4E-16));
#3939 = ( GEOMETRIC_REPRESENTATION_CONTEXT(2) 
PARAMETRIC_REPRESENTATION_CONTEXT() REPRESENTATION_CONTEXT('2D SPACE',''
  ) );
#3940 = PCURVE('',#1152,#3941);
#3941 = DEFINITIONAL_REPRESENTATION('',(#3942),#3946);
#3942 = LINE('',#3943,#3944);
#3943 = CARTESIAN_POINT('',(-0.,0.));
#3944 = VECTOR('',#3945,1.);
#3945 = DIRECTION('',(-0.,-1.));
#3946 = ( GEOMETRIC_REPRESENTATION_CONTEXT(2) 
PARAMETRIC_REPRESENTATION_CONTEXT() REPRESENTATION_CONTEXT('2D SPACE',''
  ) );
#3947 = ORIENTED_EDGE('',*,*,#1108,.F.);
#3948 = FACE_BOUND('',#3949,.T.);
#3949 = EDGE_LOOP('',(#3950));
#3950 = ORIENTED_EDGE('',*,*,#3951,.F.);
#3951 = EDGE_CURVE('',#3952,#3952,#3954,.T.);
#3952 = VERTEX_POINT('',#3953);
#3953 = CARTESIAN_POINT('',(-23.67,-4.,59.3676));
#3954 = SURFACE_CURVE('',#3955,(#3960,#3967),.PCURVE_S1.);
#3955 = CIRCLE('',#3956,1.5);
#3956 = AXIS2_PLACEMENT_3D('',#3957,#3958,#3959);
#3957 = CARTESIAN_POINT('',(-23.67,-5.5,59.3676));
#3958 = DIRECTION('',(1.,0.,0.));
#3959 = DIRECTION('',(0.,1.,0.));
#3960 = PCURVE('',#1124,#3961);
#3961 = DEFINITIONAL_REPRESENTATION('',(#3962),#3966);
#3962 = CIRCLE('',#3963,1.5);
#3963 = AXIS2_PLACEMENT_2D('',#3964,#3965);
#3964 = CARTESIAN_POINT('',(1.42295547152E-14,8.500000000003E-02));
#3965 = DIRECTION('',(-1.,2.2E-16));
#3966 = ( GEOMETRIC_REPRESENTATION_CONTEXT(2) 
PARAMETRIC_REPRESENTATION_CONTEXT() REPRESENTATION_CONTEXT('2D SPACE',''
  ) );
#3967 = PCURVE('',#3968,#3973);
#3968 = CYLINDRICAL_SURFACE('',#3969,1.5);
#3969 = AXIS2_PLACEMENT_3D('',#3970,#3971,#3972);
#3970 = CARTESIAN_POINT('',(141.21004203112,-5.5,59.3676));
#3971 = DIRECTION('',(1.,0.,0.));
#3972 = DIRECTION('',(0.,1.,0.));
#3973 = DEFINITIONAL_REPRESENTATION('',(#3974),#3978);
#3974 = LINE('',#3975,#3976);
#3975 = CARTESIAN_POINT('',(0.,-164.8800420311));
#3976 = VECTOR('',#3977,1.);
#3977 = DIRECTION('',(1.,0.));
#3978 = ( GEOMETRIC_REPRESENTATION_CONTEXT(2) 
PARAMETRIC_REPRESENTATION_CONTEXT() REPRESENTATION_CONTEXT('2D SPACE',''
  ) );
#3979 = ADVANCED_FACE('',(#3980),#1152,.F.);
#3980 = FACE_BOUND('',#3981,.T.);
#3981 = EDGE_LOOP('',(#3982,#3983,#4004,#4005));
#3982 = ORIENTED_EDGE('',*,*,#3927,.T.);
#3983 = ORIENTED_EDGE('',*,*,#3984,.T.);
#3984 = EDGE_CURVE('',#3905,#3748,#3985,.T.);
#3985 = SURFACE_CURVE('',#3986,(#3990,#3997),.PCURVE_S1.);
#3986 = LINE('',#3987,#3988);
#3987 = CARTESIAN_POINT('',(-23.67,-11.,53.0176));
#3988 = VECTOR('',#3989,1.);
#3989 = DIRECTION('',(1.,0.,0.));
#3990 = PCURVE('',#1152,#3991);
#3991 = DEFINITIONAL_REPRESENTATION('',(#3992),#3996);
#3992 = LINE('',#3993,#3994);
#3993 = CARTESIAN_POINT('',(-0.,-11.));
#3994 = VECTOR('',#3995,1.);
#3995 = DIRECTION('',(-1.,0.));
#3996 = ( GEOMETRIC_REPRESENTATION_CONTEXT(2) 
PARAMETRIC_REPRESENTATION_CONTEXT() REPRESENTATION_CONTEXT('2D SPACE',''
  ) );
#3997 = PCURVE('',#3685,#3998);
#3998 = DEFINITIONAL_REPRESENTATION('',(#3999),#4003);
#3999 = LINE('',#4000,#4001);
#4000 = CARTESIAN_POINT('',(6.434999999999,3.590947702976));
#4001 = VECTOR('',#4002,1.);
#4002 = DIRECTION('',(-0.,-1.));
#4003 = ( GEOMETRIC_REPRESENTATION_CONTEXT(2) 
PARAMETRIC_REPRESENTATION_CONTEXT() REPRESENTATION_CONTEXT('2D SPACE',''
  ) );
#4004 = ORIENTED_EDGE('',*,*,#3747,.F.);
#4005 = ORIENTED_EDGE('',*,*,#1136,.F.);
#4006 = ADVANCED_FACE('',(#4007,#4082),#1233,.T.);
#4007 = FACE_BOUND('',#4008,.F.);
#4008 = EDGE_LOOP('',(#4009,#4032,#4060,#4081));
#4009 = ORIENTED_EDGE('',*,*,#4010,.T.);
#4010 = EDGE_CURVE('',#1194,#4011,#4013,.T.);
#4011 = VERTEX_POINT('',#4012);
#4012 = CARTESIAN_POINT('',(12.,-9.4,117.));
#4013 = SURFACE_CURVE('',#4014,(#4018,#4025),.PCURVE_S1.);
#4014 = LINE('',#4015,#4016);
#4015 = CARTESIAN_POINT('',(12.,2.598E-14,117.));
#4016 = VECTOR('',#4017,1.);
#4017 = DIRECTION('',(0.,-1.,2.2E-16));
#4018 = PCURVE('',#1233,#4019);
#4019 = DEFINITIONAL_REPRESENTATION('',(#4020),#4024);
#4020 = LINE('',#4021,#4022);
#4021 = CARTESIAN_POINT('',(0.,-0.));
#4022 = VECTOR('',#4023,1.);
#4023 = DIRECTION('',(-0.,-1.));
#4024 = ( GEOMETRIC_REPRESENTATION_CONTEXT(2) 
PARAMETRIC_REPRESENTATION_CONTEXT() REPRESENTATION_CONTEXT('2D SPACE',''
  ) );
#4025 = PCURVE('',#1312,#4026);
#4026 = DEFINITIONAL_REPRESENTATION('',(#4027),#4031);
#4027 = LINE('',#4028,#4029);
#4028 = CARTESIAN_POINT('',(3.14159265359,0.));
#4029 = VECTOR('',#4030,1.);
#4030 = DIRECTION('',(0.,-1.));
#4031 = ( GEOMETRIC_REPRESENTATION_CONTEXT(2) 
PARAMETRIC_REPRESENTATION_CONTEXT() REPRESENTATION_CONTEXT('2D SPACE',''
  ) );
#4032 = ORIENTED_EDGE('',*,*,#4033,.F.);
#4033 = EDGE_CURVE('',#4034,#4011,#4036,.T.);
#4034 = VERTEX_POINT('',#4035);
#4035 = CARTESIAN_POINT('',(12.,-9.4,6.));
#4036 = SURFACE_CURVE('',#4037,(#4041,#4048),.PCURVE_S1.);
#4037 = LINE('',#4038,#4039);
#4038 = CARTESIAN_POINT('',(12.,-9.4,117.));
#4039 = VECTOR('',#4040,1.);
#4040 = DIRECTION('',(-1.1E-16,-1.5E-16,1.));
#4041 = PCURVE('',#1233,#4042);
#4042 = DEFINITIONAL_REPRESENTATION('',(#4043),#4047);
#4043 = LINE('',#4044,#4045);
#4044 = CARTESIAN_POINT('',(-2.068E-15,-9.4));
#4045 = VECTOR('',#4046,1.);
#4046 = DIRECTION('',(1.,-3.7E-16));
#4047 = ( GEOMETRIC_REPRESENTATION_CONTEXT(2) 
PARAMETRIC_REPRESENTATION_CONTEXT() REPRESENTATION_CONTEXT('2D SPACE',''
  ) );
#4048 = PCURVE('',#4049,#4054);
#4049 = PLANE('',#4050);
#4050 = AXIS2_PLACEMENT_3D('',#4051,#4052,#4053);
#4051 = CARTESIAN_POINT('',(13.8,-10.7,117.));
#4052 = DIRECTION('',(0.585490553844,0.8106792284,1.8E-16));
#4053 = DIRECTION('',(-0.8106792284,0.585490553844,1.232595164408E-32));
#4054 = DEFINITIONAL_REPRESENTATION('',(#4055),#4059);
#4055 = LINE('',#4056,#4057);
#4056 = CARTESIAN_POINT('',(2.220360331117,-7.395570986447E-32));
#4057 = VECTOR('',#4058,1.);
#4058 = DIRECTION('',(1.351132047333E-18,1.));
#4059 = ( GEOMETRIC_REPRESENTATION_CONTEXT(2) 
PARAMETRIC_REPRESENTATION_CONTEXT() REPRESENTATION_CONTEXT('2D SPACE',''
  ) );
#4060 = ORIENTED_EDGE('',*,*,#4061,.F.);
#4061 = EDGE_CURVE('',#1218,#4034,#4062,.T.);
#4062 = SURFACE_CURVE('',#4063,(#4067,#4074),.PCURVE_S1.);
#4063 = LINE('',#4064,#4065);
#4064 = CARTESIAN_POINT('',(12.,1.33E-15,6.));
#4065 = VECTOR('',#4066,1.);
#4066 = DIRECTION('',(0.,-1.,2.2E-16));
#4067 = PCURVE('',#1233,#4068);
#4068 = DEFINITIONAL_REPRESENTATION('',(#4069),#4073);
#4069 = LINE('',#4070,#4071);
#4070 = CARTESIAN_POINT('',(-111.,-2.3E-16));
#4071 = VECTOR('',#4072,1.);
#4072 = DIRECTION('',(-0.,-1.));
#4073 = ( GEOMETRIC_REPRESENTATION_CONTEXT(2) 
PARAMETRIC_REPRESENTATION_CONTEXT() REPRESENTATION_CONTEXT('2D SPACE',''
  ) );
#4074 = PCURVE('',#1368,#4075);
#4075 = DEFINITIONAL_REPRESENTATION('',(#4076),#4080);
#4076 = LINE('',#4077,#4078);
#4077 = CARTESIAN_POINT('',(3.14159265359,0.));
#4078 = VECTOR('',#4079,1.);
#4079 = DIRECTION('',(0.,-1.));
#4080 = ( GEOMETRIC_REPRESENTATION_CONTEXT(2) 
PARAMETRIC_REPRESENTATION_CONTEXT() REPRESENTATION_CONTEXT('2D SPACE',''
  ) );
#4081 = ORIENTED_EDGE('',*,*,#1217,.F.);
#4082 = FACE_BOUND('',#4083,.F.);
#4083 = EDGE_LOOP('',(#4084));
#4084 = ORIENTED_EDGE('',*,*,#4085,.F.);
#4085 = EDGE_CURVE('',#4086,#4086,#4088,.T.);
#4086 = VERTEX_POINT('',#4087);
#4087 = CARTESIAN_POINT('',(12.,-4.,59.3676));
#4088 = SURFACE_CURVE('',#4089,(#4094,#4105),.PCURVE_S1.);
#4089 = CIRCLE('',#4090,1.5);
#4090 = AXIS2_PLACEMENT_3D('',#4091,#4092,#4093);
#4091 = CARTESIAN_POINT('',(12.,-5.5,59.3676));
#4092 = DIRECTION('',(1.,0.,0.));
#4093 = DIRECTION('',(0.,1.,0.));
#4094 = PCURVE('',#1233,#4095);
#4095 = DEFINITIONAL_REPRESENTATION('',(#4096),#4104);
#4096 = ( BOUNDED_CURVE() B_SPLINE_CURVE(2,(#4097,#4098,#4099,#4100,
#4101,#4102,#4103),.UNSPECIFIED.,.T.,.F.) B_SPLINE_CURVE_WITH_KNOTS((1,2
    ,2,2,2,1),(-2.094395102393,0.,2.094395102393,4.188790204786,
6.28318530718,8.377580409573),.UNSPECIFIED.) CURVE() 
GEOMETRIC_REPRESENTATION_ITEM() RATIONAL_B_SPLINE_CURVE((1.,0.5,1.,0.5,
1.,0.5,1.)) REPRESENTATION_ITEM('') );
#4097 = CARTESIAN_POINT('',(-57.6324,-4.));
#4098 = CARTESIAN_POINT('',(-55.03432378864,-4.));
#4099 = CARTESIAN_POINT('',(-56.33336189432,-6.25));
#4100 = CARTESIAN_POINT('',(-57.6324,-8.5));
#4101 = CARTESIAN_POINT('',(-58.93143810567,-6.25));
#4102 = CARTESIAN_POINT('',(-60.23047621135,-4.));
#4103 = CARTESIAN_POINT('',(-57.6324,-4.));
#4104 = ( GEOMETRIC_REPRESENTATION_CONTEXT(2) 
PARAMETRIC_REPRESENTATION_CONTEXT() REPRESENTATION_CONTEXT('2D SPACE',''
  ) );
#4105 = PCURVE('',#3471,#4106);
#4106 = DEFINITIONAL_REPRESENTATION('',(#4107),#4111);
#4107 = LINE('',#4108,#4109);
#4108 = CARTESIAN_POINT('',(0.,-129.2100420311));
#4109 = VECTOR('',#4110,1.);
#4110 = DIRECTION('',(1.,0.));
#4111 = ( GEOMETRIC_REPRESENTATION_CONTEXT(2) 
PARAMETRIC_REPRESENTATION_CONTEXT() REPRESENTATION_CONTEXT('2D SPACE',''
  ) );
#4112 = ADVANCED_FACE('',(#4113),#1312,.F.);
#4113 = FACE_BOUND('',#4114,.F.);
#4114 = EDGE_LOOP('',(#4115,#4138,#4167,#4193,#4194));
#4115 = ORIENTED_EDGE('',*,*,#4116,.T.);
#4116 = EDGE_CURVE('',#1272,#4117,#4119,.T.);
#4117 = VERTEX_POINT('',#4118);
#4118 = CARTESIAN_POINT('',(10.,-12.,119.));
#4119 = SURFACE_CURVE('',#4120,(#4124,#4131),.PCURVE_S1.);
#4120 = LINE('',#4121,#4122);
#4121 = CARTESIAN_POINT('',(10.,2.642E-14,119.));
#4122 = VECTOR('',#4123,1.);
#4123 = DIRECTION('',(0.,-1.,2.2E-16));
#4124 = PCURVE('',#1312,#4125);
#4125 = DEFINITIONAL_REPRESENTATION('',(#4126),#4130);
#4126 = LINE('',#4127,#4128);
#4127 = CARTESIAN_POINT('',(1.570796326795,0.));
#4128 = VECTOR('',#4129,1.);
#4129 = DIRECTION('',(0.,-1.));
#4130 = ( GEOMETRIC_REPRESENTATION_CONTEXT(2) 
PARAMETRIC_REPRESENTATION_CONTEXT() REPRESENTATION_CONTEXT('2D SPACE',''
  ) );
#4131 = PCURVE('',#1421,#4132);
#4132 = DEFINITIONAL_REPRESENTATION('',(#4133),#4137);
#4133 = LINE('',#4134,#4135);
#4134 = CARTESIAN_POINT('',(6.,10.));
#4135 = VECTOR('',#4136,1.);
#4136 = DIRECTION('',(-1.,0.));
#4137 = ( GEOMETRIC_REPRESENTATION_CONTEXT(2) 
PARAMETRIC_REPRESENTATION_CONTEXT() REPRESENTATION_CONTEXT('2D SPACE',''
  ) );
#4138 = ORIENTED_EDGE('',*,*,#4139,.T.);
#4139 = EDGE_CURVE('',#4117,#4140,#4142,.T.);
#4140 = VERTEX_POINT('',#4141);
#4141 = CARTESIAN_POINT('',(12.,-12.,117.));
#4142 = SURFACE_CURVE('',#4143,(#4148,#4155),.PCURVE_S1.);
#4143 = CIRCLE('',#4144,2.);
#4144 = AXIS2_PLACEMENT_3D('',#4145,#4146,#4147);
#4145 = CARTESIAN_POINT('',(10.,-12.,117.));
#4146 = DIRECTION('',(0.,1.,2.2E-16));
#4147 = DIRECTION('',(-1.,0.,0.));
#4148 = PCURVE('',#1312,#4149);
#4149 = DEFINITIONAL_REPRESENTATION('',(#4150),#4154);
#4150 = LINE('',#4151,#4152);
#4151 = CARTESIAN_POINT('',(0.,-12.));
#4152 = VECTOR('',#4153,1.);
#4153 = DIRECTION('',(1.,0.));
#4154 = ( GEOMETRIC_REPRESENTATION_CONTEXT(2) 
PARAMETRIC_REPRESENTATION_CONTEXT() REPRESENTATION_CONTEXT('2D SPACE',''
  ) );
#4155 = PCURVE('',#4156,#4161);
#4156 = PLANE('',#4157);
#4157 = AXIS2_PLACEMENT_3D('',#4158,#4159,#4160);
#4158 = CARTESIAN_POINT('',(-1.9E-16,-12.,61.5));
#4159 = DIRECTION('',(0.,1.,-2.3E-16));
#4160 = DIRECTION('',(0.,-2.3E-16,-1.));
#4161 = DEFINITIONAL_REPRESENTATION('',(#4162),#4166);
#4162 = CIRCLE('',#4163,2.);
#4163 = AXIS2_PLACEMENT_2D('',#4164,#4165);
#4164 = CARTESIAN_POINT('',(-55.5,-10.));
#4165 = DIRECTION('',(-0.,1.));
#4166 = ( GEOMETRIC_REPRESENTATION_CONTEXT(2) 
PARAMETRIC_REPRESENTATION_CONTEXT() REPRESENTATION_CONTEXT('2D SPACE',''
  ) );
#4167 = ORIENTED_EDGE('',*,*,#4168,.F.);
#4168 = EDGE_CURVE('',#4011,#4140,#4169,.T.);
#4169 = SURFACE_CURVE('',#4170,(#4174,#4181),.PCURVE_S1.);
#4170 = LINE('',#4171,#4172);
#4171 = CARTESIAN_POINT('',(12.,2.598E-14,117.));
#4172 = VECTOR('',#4173,1.);
#4173 = DIRECTION('',(0.,-1.,2.2E-16));
#4174 = PCURVE('',#1312,#4175);
#4175 = DEFINITIONAL_REPRESENTATION('',(#4176),#4180);
#4176 = LINE('',#4177,#4178);
#4177 = CARTESIAN_POINT('',(3.14159265359,0.));
#4178 = VECTOR('',#4179,1.);
#4179 = DIRECTION('',(0.,-1.));
#4180 = ( GEOMETRIC_REPRESENTATION_CONTEXT(2) 
PARAMETRIC_REPRESENTATION_CONTEXT() REPRESENTATION_CONTEXT('2D SPACE',''
  ) );
#4181 = PCURVE('',#4182,#4187);
#4182 = PLANE('',#4183);
#4183 = AXIS2_PLACEMENT_3D('',#4184,#4185,#4186);
#4184 = CARTESIAN_POINT('',(12.567647658208,-10.7,117.));
#4185 = DIRECTION('',(0.,-2.2E-16,1.));
#4186 = DIRECTION('',(0.,-1.,-2.2E-16));
#4187 = DEFINITIONAL_REPRESENTATION('',(#4188),#4192);
#4188 = LINE('',#4189,#4190);
#4189 = CARTESIAN_POINT('',(-10.7,-0.567647658208));
#4190 = VECTOR('',#4191,1.);
#4191 = DIRECTION('',(1.,0.));
#4192 = ( GEOMETRIC_REPRESENTATION_CONTEXT(2) 
PARAMETRIC_REPRESENTATION_CONTEXT() REPRESENTATION_CONTEXT('2D SPACE',''
  ) );
#4193 = ORIENTED_EDGE('',*,*,#4010,.F.);
#4194 = ORIENTED_EDGE('',*,*,#1297,.F.);
#4195 = ADVANCED_FACE('',(#4196),#1368,.F.);
#4196 = FACE_BOUND('',#4197,.F.);
#4197 = EDGE_LOOP('',(#4198,#4199,#4227,#4251,#4272));
#4198 = ORIENTED_EDGE('',*,*,#4061,.T.);
#4199 = ORIENTED_EDGE('',*,*,#4200,.T.);
#4200 = EDGE_CURVE('',#4034,#4201,#4203,.T.);
#4201 = VERTEX_POINT('',#4202);
#4202 = CARTESIAN_POINT('',(12.,-12.,6.));
#4203 = SURFACE_CURVE('',#4204,(#4208,#4215),.PCURVE_S1.);
#4204 = LINE('',#4205,#4206);
#4205 = CARTESIAN_POINT('',(12.,1.33E-15,6.));
#4206 = VECTOR('',#4207,1.);
#4207 = DIRECTION('',(0.,-1.,2.2E-16));
#4208 = PCURVE('',#1368,#4209);
#4209 = DEFINITIONAL_REPRESENTATION('',(#4210),#4214);
#4210 = LINE('',#4211,#4212);
#4211 = CARTESIAN_POINT('',(3.14159265359,0.));
#4212 = VECTOR('',#4213,1.);
#4213 = DIRECTION('',(0.,-1.));
#4214 = ( GEOMETRIC_REPRESENTATION_CONTEXT(2) 
PARAMETRIC_REPRESENTATION_CONTEXT() REPRESENTATION_CONTEXT('2D SPACE',''
  ) );
#4215 = PCURVE('',#4216,#4221);
#4216 = PLANE('',#4217);
#4217 = AXIS2_PLACEMENT_3D('',#4218,#4219,#4220);
#4218 = CARTESIAN_POINT('',(12.567647658208,-10.7,6.));
#4219 = DIRECTION('',(0.,2.8E-16,1.));
#4220 = DIRECTION('',(0.,-1.,2.8E-16));
#4221 = DEFINITIONAL_REPRESENTATION('',(#4222),#4226);
#4222 = LINE('',#4223,#4224);
#4223 = CARTESIAN_POINT('',(-10.7,-0.567647658208));
#4224 = VECTOR('',#4225,1.);
#4225 = DIRECTION('',(1.,0.));
#4226 = ( GEOMETRIC_REPRESENTATION_CONTEXT(2) 
PARAMETRIC_REPRESENTATION_CONTEXT() REPRESENTATION_CONTEXT('2D SPACE',''
  ) );
#4227 = ORIENTED_EDGE('',*,*,#4228,.T.);
#4228 = EDGE_CURVE('',#4201,#4229,#4231,.T.);
#4229 = VERTEX_POINT('',#4230);
#4230 = CARTESIAN_POINT('',(10.,-12.,4.));
#4231 = SURFACE_CURVE('',#4232,(#4237,#4244),.PCURVE_S1.);
#4232 = CIRCLE('',#4233,2.);
#4233 = AXIS2_PLACEMENT_3D('',#4234,#4235,#4236);
#4234 = CARTESIAN_POINT('',(10.,-12.,6.));
#4235 = DIRECTION('',(0.,1.,2.2E-16));
#4236 = DIRECTION('',(-1.,0.,0.));
#4237 = PCURVE('',#1368,#4238);
#4238 = DEFINITIONAL_REPRESENTATION('',(#4239),#4243);
#4239 = LINE('',#4240,#4241);
#4240 = CARTESIAN_POINT('',(0.,-12.));
#4241 = VECTOR('',#4242,1.);
#4242 = DIRECTION('',(1.,0.));
#4243 = ( GEOMETRIC_REPRESENTATION_CONTEXT(2) 
PARAMETRIC_REPRESENTATION_CONTEXT() REPRESENTATION_CONTEXT('2D SPACE',''
  ) );
#4244 = PCURVE('',#4156,#4245);
#4245 = DEFINITIONAL_REPRESENTATION('',(#4246),#4250);
#4246 = CIRCLE('',#4247,2.);
#4247 = AXIS2_PLACEMENT_2D('',#4248,#4249);
#4248 = CARTESIAN_POINT('',(55.5,-10.));
#4249 = DIRECTION('',(-0.,1.));
#4250 = ( GEOMETRIC_REPRESENTATION_CONTEXT(2) 
PARAMETRIC_REPRESENTATION_CONTEXT() REPRESENTATION_CONTEXT('2D SPACE',''
  ) );
#4251 = ORIENTED_EDGE('',*,*,#4252,.F.);
#4252 = EDGE_CURVE('',#1330,#4229,#4253,.T.);
#4253 = SURFACE_CURVE('',#4254,(#4258,#4265),.PCURVE_S1.);
#4254 = LINE('',#4255,#4256);
#4255 = CARTESIAN_POINT('',(10.,8.9E-16,4.));
#4256 = VECTOR('',#4257,1.);
#4257 = DIRECTION('',(0.,-1.,2.2E-16));
#4258 = PCURVE('',#1368,#4259);
#4259 = DEFINITIONAL_REPRESENTATION('',(#4260),#4264);
#4260 = LINE('',#4261,#4262);
#4261 = CARTESIAN_POINT('',(4.712388980385,0.));
#4262 = VECTOR('',#4263,1.);
#4263 = DIRECTION('',(0.,-1.));
#4264 = ( GEOMETRIC_REPRESENTATION_CONTEXT(2) 
PARAMETRIC_REPRESENTATION_CONTEXT() REPRESENTATION_CONTEXT('2D SPACE',''
  ) );
#4265 = PCURVE('',#1455,#4266);
#4266 = DEFINITIONAL_REPRESENTATION('',(#4267),#4271);
#4267 = LINE('',#4268,#4269);
#4268 = CARTESIAN_POINT('',(-6.,10.));
#4269 = VECTOR('',#4270,1.);
#4270 = DIRECTION('',(1.,0.));
#4271 = ( GEOMETRIC_REPRESENTATION_CONTEXT(2) 
PARAMETRIC_REPRESENTATION_CONTEXT() REPRESENTATION_CONTEXT('2D SPACE',''
  ) );
#4272 = ORIENTED_EDGE('',*,*,#1353,.F.);
#4273 = ADVANCED_FACE('',(#4274),#1421,.T.);
#4274 = FACE_BOUND('',#4275,.T.);
#4275 = EDGE_LOOP('',(#4276,#4299,#4300,#4301));
#4276 = ORIENTED_EDGE('',*,*,#4277,.F.);
#4277 = EDGE_CURVE('',#1384,#4278,#4280,.T.);
#4278 = VERTEX_POINT('',#4279);
#4279 = CARTESIAN_POINT('',(-10.,-12.,119.));
#4280 = SURFACE_CURVE('',#4281,(#4285,#4292),.PCURVE_S1.);
#4281 = LINE('',#4282,#4283);
#4282 = CARTESIAN_POINT('',(-10.,2.642E-14,119.));
#4283 = VECTOR('',#4284,1.);
#4284 = DIRECTION('',(0.,-1.,2.2E-16));
#4285 = PCURVE('',#1421,#4286);
#4286 = DEFINITIONAL_REPRESENTATION('',(#4287),#4291);
#4287 = LINE('',#4288,#4289);
#4288 = CARTESIAN_POINT('',(6.,-10.));
#4289 = VECTOR('',#4290,1.);
#4290 = DIRECTION('',(-1.,0.));
#4291 = ( GEOMETRIC_REPRESENTATION_CONTEXT(2) 
PARAMETRIC_REPRESENTATION_CONTEXT() REPRESENTATION_CONTEXT('2D SPACE',''
  ) );
#4292 = PCURVE('',#1534,#4293);
#4293 = DEFINITIONAL_REPRESENTATION('',(#4294),#4298);
#4294 = LINE('',#4295,#4296);
#4295 = CARTESIAN_POINT('',(-1.570796326795,0.));
#4296 = VECTOR('',#4297,1.);
#4297 = DIRECTION('',(-0.,-1.));
#4298 = ( GEOMETRIC_REPRESENTATION_CONTEXT(2) 
PARAMETRIC_REPRESENTATION_CONTEXT() REPRESENTATION_CONTEXT('2D SPACE',''
  ) );
#4299 = ORIENTED_EDGE('',*,*,#1407,.T.);
#4300 = ORIENTED_EDGE('',*,*,#4116,.T.);
#4301 = ORIENTED_EDGE('',*,*,#4302,.F.);
#4302 = EDGE_CURVE('',#4278,#4117,#4303,.T.);
#4303 = SURFACE_CURVE('',#4304,(#4308,#4315),.PCURVE_S1.);
#4304 = LINE('',#4305,#4306);
#4305 = CARTESIAN_POINT('',(0.,-12.,119.));
#4306 = VECTOR('',#4307,1.);
#4307 = DIRECTION('',(1.,0.,0.));
#4308 = PCURVE('',#1421,#4309);
#4309 = DEFINITIONAL_REPRESENTATION('',(#4310),#4314);
#4310 = LINE('',#4311,#4312);
#4311 = CARTESIAN_POINT('',(-6.,0.));
#4312 = VECTOR('',#4313,1.);
#4313 = DIRECTION('',(0.,1.));
#4314 = ( GEOMETRIC_REPRESENTATION_CONTEXT(2) 
PARAMETRIC_REPRESENTATION_CONTEXT() REPRESENTATION_CONTEXT('2D SPACE',''
  ) );
#4315 = PCURVE('',#4156,#4316);
#4316 = DEFINITIONAL_REPRESENTATION('',(#4317),#4321);
#4317 = LINE('',#4318,#4319);
#4318 = CARTESIAN_POINT('',(-57.5,-1.9E-16));
#4319 = VECTOR('',#4320,1.);
#4320 = DIRECTION('',(0.,-1.));
#4321 = ( GEOMETRIC_REPRESENTATION_CONTEXT(2) 
PARAMETRIC_REPRESENTATION_CONTEXT() REPRESENTATION_CONTEXT('2D SPACE',''
  ) );
#4322 = ADVANCED_FACE('',(#4323),#1455,.T.);
#4323 = FACE_BOUND('',#4324,.T.);
#4324 = EDGE_LOOP('',(#4325,#4348,#4369,#4370));
#4325 = ORIENTED_EDGE('',*,*,#4326,.T.);
#4326 = EDGE_CURVE('',#1440,#4327,#4329,.T.);
#4327 = VERTEX_POINT('',#4328);
#4328 = CARTESIAN_POINT('',(-10.,-12.,4.));
#4329 = SURFACE_CURVE('',#4330,(#4334,#4341),.PCURVE_S1.);
#4330 = LINE('',#4331,#4332);
#4331 = CARTESIAN_POINT('',(-10.,8.9E-16,4.));
#4332 = VECTOR('',#4333,1.);
#4333 = DIRECTION('',(0.,-1.,2.2E-16));
#4334 = PCURVE('',#1455,#4335);
#4335 = DEFINITIONAL_REPRESENTATION('',(#4336),#4340);
#4336 = LINE('',#4337,#4338);
#4337 = CARTESIAN_POINT('',(-6.,-10.));
#4338 = VECTOR('',#4339,1.);
#4339 = DIRECTION('',(1.,0.));
#4340 = ( GEOMETRIC_REPRESENTATION_CONTEXT(2) 
PARAMETRIC_REPRESENTATION_CONTEXT() REPRESENTATION_CONTEXT('2D SPACE',''
  ) );
#4341 = PCURVE('',#1590,#4342);
#4342 = DEFINITIONAL_REPRESENTATION('',(#4343),#4347);
#4343 = LINE('',#4344,#4345);
#4344 = CARTESIAN_POINT('',(-4.712388980385,0.));
#4345 = VECTOR('',#4346,1.);
#4346 = DIRECTION('',(-0.,-1.));
#4347 = ( GEOMETRIC_REPRESENTATION_CONTEXT(2) 
PARAMETRIC_REPRESENTATION_CONTEXT() REPRESENTATION_CONTEXT('2D SPACE',''
  ) );
#4348 = ORIENTED_EDGE('',*,*,#4349,.F.);
#4349 = EDGE_CURVE('',#4229,#4327,#4350,.T.);
#4350 = SURFACE_CURVE('',#4351,(#4355,#4362),.PCURVE_S1.);
#4351 = LINE('',#4352,#4353);
#4352 = CARTESIAN_POINT('',(0.,-12.,4.));
#4353 = VECTOR('',#4354,1.);
#4354 = DIRECTION('',(-1.,0.,0.));
#4355 = PCURVE('',#1455,#4356);
#4356 = DEFINITIONAL_REPRESENTATION('',(#4357),#4361);
#4357 = LINE('',#4358,#4359);
#4358 = CARTESIAN_POINT('',(6.,0.));
#4359 = VECTOR('',#4360,1.);
#4360 = DIRECTION('',(0.,-1.));
#4361 = ( GEOMETRIC_REPRESENTATION_CONTEXT(2) 
PARAMETRIC_REPRESENTATION_CONTEXT() REPRESENTATION_CONTEXT('2D SPACE',''
  ) );
#4362 = PCURVE('',#4156,#4363);
#4363 = DEFINITIONAL_REPRESENTATION('',(#4364),#4368);
#4364 = LINE('',#4365,#4366);
#4365 = CARTESIAN_POINT('',(57.5,-1.9E-16));
#4366 = VECTOR('',#4367,1.);
#4367 = DIRECTION('',(0.,1.));
#4368 = ( GEOMETRIC_REPRESENTATION_CONTEXT(2) 
PARAMETRIC_REPRESENTATION_CONTEXT() REPRESENTATION_CONTEXT('2D SPACE',''
  ) );
#4369 = ORIENTED_EDGE('',*,*,#4252,.F.);
#4370 = ORIENTED_EDGE('',*,*,#1439,.T.);
#4371 = ADVANCED_FACE('',(#4372),#1534,.F.);
#4372 = FACE_BOUND('',#4373,.T.);
#4373 = EDGE_LOOP('',(#4374,#4375,#4403,#4431,#4452));
#4374 = ORIENTED_EDGE('',*,*,#4277,.T.);
#4375 = ORIENTED_EDGE('',*,*,#4376,.T.);
#4376 = EDGE_CURVE('',#4278,#4377,#4379,.T.);
#4377 = VERTEX_POINT('',#4378);
#4378 = CARTESIAN_POINT('',(-12.,-12.,117.));
#4379 = SURFACE_CURVE('',#4380,(#4385,#4392),.PCURVE_S1.);
#4380 = CIRCLE('',#4381,2.);
#4381 = AXIS2_PLACEMENT_3D('',#4382,#4383,#4384);
#4382 = CARTESIAN_POINT('',(-10.,-12.,117.));
#4383 = DIRECTION('',(0.,-1.,-2.2E-16));
#4384 = DIRECTION('',(1.,0.,0.));
#4385 = PCURVE('',#1534,#4386);
#4386 = DEFINITIONAL_REPRESENTATION('',(#4387),#4391);
#4387 = LINE('',#4388,#4389);
#4388 = CARTESIAN_POINT('',(-0.,-12.));
#4389 = VECTOR('',#4390,1.);
#4390 = DIRECTION('',(-1.,0.));
#4391 = ( GEOMETRIC_REPRESENTATION_CONTEXT(2) 
PARAMETRIC_REPRESENTATION_CONTEXT() REPRESENTATION_CONTEXT('2D SPACE',''
  ) );
#4392 = PCURVE('',#4156,#4393);
#4393 = DEFINITIONAL_REPRESENTATION('',(#4394),#4402);
#4394 = ( BOUNDED_CURVE() B_SPLINE_CURVE(2,(#4395,#4396,#4397,#4398,
#4399,#4400,#4401),.UNSPECIFIED.,.T.,.F.) B_SPLINE_CURVE_WITH_KNOTS((1,2
    ,2,2,2,1),(-2.094395102393,0.,2.094395102393,4.188790204786,
6.28318530718,8.377580409573),.UNSPECIFIED.) CURVE() 
GEOMETRIC_REPRESENTATION_ITEM() RATIONAL_B_SPLINE_CURVE((1.,0.5,1.,0.5,
1.,0.5,1.)) REPRESENTATION_ITEM('') );
#4395 = CARTESIAN_POINT('',(-55.5,8.));
#4396 = CARTESIAN_POINT('',(-58.96410161513,8.));
#4397 = CARTESIAN_POINT('',(-57.23205080756,11.));
#4398 = CARTESIAN_POINT('',(-55.5,14.));
#4399 = CARTESIAN_POINT('',(-53.76794919243,11.));
#4400 = CARTESIAN_POINT('',(-52.03589838486,8.));
#4401 = CARTESIAN_POINT('',(-55.5,8.));
#4402 = ( GEOMETRIC_REPRESENTATION_CONTEXT(2) 
PARAMETRIC_REPRESENTATION_CONTEXT() REPRESENTATION_CONTEXT('2D SPACE',''
  ) );
#4403 = ORIENTED_EDGE('',*,*,#4404,.F.);
#4404 = EDGE_CURVE('',#4405,#4377,#4407,.T.);
#4405 = VERTEX_POINT('',#4406);
#4406 = CARTESIAN_POINT('',(-12.,-9.4,117.));
#4407 = SURFACE_CURVE('',#4408,(#4412,#4419),.PCURVE_S1.);
#4408 = LINE('',#4409,#4410);
#4409 = CARTESIAN_POINT('',(-12.,2.598E-14,117.));
#4410 = VECTOR('',#4411,1.);
#4411 = DIRECTION('',(0.,-1.,2.2E-16));
#4412 = PCURVE('',#1534,#4413);
#4413 = DEFINITIONAL_REPRESENTATION('',(#4414),#4418);
#4414 = LINE('',#4415,#4416);
#4415 = CARTESIAN_POINT('',(-3.14159265359,0.));
#4416 = VECTOR('',#4417,1.);
#4417 = DIRECTION('',(-0.,-1.));
#4418 = ( GEOMETRIC_REPRESENTATION_CONTEXT(2) 
PARAMETRIC_REPRESENTATION_CONTEXT() REPRESENTATION_CONTEXT('2D SPACE',''
  ) );
#4419 = PCURVE('',#4420,#4425);
#4420 = PLANE('',#4421);
#4421 = AXIS2_PLACEMENT_3D('',#4422,#4423,#4424);
#4422 = CARTESIAN_POINT('',(-12.5676476582,-10.7,117.));
#4423 = DIRECTION('',(0.,-2.2E-16,1.));
#4424 = DIRECTION('',(0.,1.,2.2E-16));
#4425 = DEFINITIONAL_REPRESENTATION('',(#4426),#4430);
#4426 = LINE('',#4427,#4428);
#4427 = CARTESIAN_POINT('',(10.7,-0.567647658208));
#4428 = VECTOR('',#4429,1.);
#4429 = DIRECTION('',(-1.,0.));
#4430 = ( GEOMETRIC_REPRESENTATION_CONTEXT(2) 
PARAMETRIC_REPRESENTATION_CONTEXT() REPRESENTATION_CONTEXT('2D SPACE',''
  ) );
#4431 = ORIENTED_EDGE('',*,*,#4432,.F.);
#4432 = EDGE_CURVE('',#1494,#4405,#4433,.T.);
#4433 = SURFACE_CURVE('',#4434,(#4438,#4445),.PCURVE_S1.);
#4434 = LINE('',#4435,#4436);
#4435 = CARTESIAN_POINT('',(-12.,2.598E-14,117.));
#4436 = VECTOR('',#4437,1.);
#4437 = DIRECTION('',(0.,-1.,2.2E-16));
#4438 = PCURVE('',#1534,#4439);
#4439 = DEFINITIONAL_REPRESENTATION('',(#4440),#4444);
#4440 = LINE('',#4441,#4442);
#4441 = CARTESIAN_POINT('',(-3.14159265359,0.));
#4442 = VECTOR('',#4443,1.);
#4443 = DIRECTION('',(-0.,-1.));
#4444 = ( GEOMETRIC_REPRESENTATION_CONTEXT(2) 
PARAMETRIC_REPRESENTATION_CONTEXT() REPRESENTATION_CONTEXT('2D SPACE',''
  ) );
#4445 = PCURVE('',#1620,#4446);
#4446 = DEFINITIONAL_REPRESENTATION('',(#4447),#4451);
#4447 = LINE('',#4448,#4449);
#4448 = CARTESIAN_POINT('',(0.,0.));
#4449 = VECTOR('',#4450,1.);
#4450 = DIRECTION('',(0.,-1.));
#4451 = ( GEOMETRIC_REPRESENTATION_CONTEXT(2) 
PARAMETRIC_REPRESENTATION_CONTEXT() REPRESENTATION_CONTEXT('2D SPACE',''
  ) );
#4452 = ORIENTED_EDGE('',*,*,#1519,.T.);
#4453 = ADVANCED_FACE('',(#4454),#1590,.F.);
#4454 = FACE_BOUND('',#4455,.T.);
#4455 = EDGE_LOOP('',(#4456,#4479,#4507,#4533,#4534));
#4456 = ORIENTED_EDGE('',*,*,#4457,.T.);
#4457 = EDGE_CURVE('',#1552,#4458,#4460,.T.);
#4458 = VERTEX_POINT('',#4459);
#4459 = CARTESIAN_POINT('',(-12.,-9.4,6.));
#4460 = SURFACE_CURVE('',#4461,(#4465,#4472),.PCURVE_S1.);
#4461 = LINE('',#4462,#4463);
#4462 = CARTESIAN_POINT('',(-12.,1.33E-15,6.));
#4463 = VECTOR('',#4464,1.);
#4464 = DIRECTION('',(0.,-1.,2.2E-16));
#4465 = PCURVE('',#1590,#4466);
#4466 = DEFINITIONAL_REPRESENTATION('',(#4467),#4471);
#4467 = LINE('',#4468,#4469);
#4468 = CARTESIAN_POINT('',(-3.14159265359,0.));
#4469 = VECTOR('',#4470,1.);
#4470 = DIRECTION('',(-0.,-1.));
#4471 = ( GEOMETRIC_REPRESENTATION_CONTEXT(2) 
PARAMETRIC_REPRESENTATION_CONTEXT() REPRESENTATION_CONTEXT('2D SPACE',''
  ) );
#4472 = PCURVE('',#1620,#4473);
#4473 = DEFINITIONAL_REPRESENTATION('',(#4474),#4478);
#4474 = LINE('',#4475,#4476);
#4475 = CARTESIAN_POINT('',(111.,-2.3E-16));
#4476 = VECTOR('',#4477,1.);
#4477 = DIRECTION('',(0.,-1.));
#4478 = ( GEOMETRIC_REPRESENTATION_CONTEXT(2) 
PARAMETRIC_REPRESENTATION_CONTEXT() REPRESENTATION_CONTEXT('2D SPACE',''
  ) );
#4479 = ORIENTED_EDGE('',*,*,#4480,.T.);
#4480 = EDGE_CURVE('',#4458,#4481,#4483,.T.);
#4481 = VERTEX_POINT('',#4482);
#4482 = CARTESIAN_POINT('',(-12.,-12.,6.));
#4483 = SURFACE_CURVE('',#4484,(#4488,#4495),.PCURVE_S1.);
#4484 = LINE('',#4485,#4486);
#4485 = CARTESIAN_POINT('',(-12.,1.33E-15,6.));
#4486 = VECTOR('',#4487,1.);
#4487 = DIRECTION('',(0.,-1.,2.2E-16));
#4488 = PCURVE('',#1590,#4489);
#4489 = DEFINITIONAL_REPRESENTATION('',(#4490),#4494);
#4490 = LINE('',#4491,#4492);
#4491 = CARTESIAN_POINT('',(-3.14159265359,0.));
#4492 = VECTOR('',#4493,1.);
#4493 = DIRECTION('',(-0.,-1.));
#4494 = ( GEOMETRIC_REPRESENTATION_CONTEXT(2) 
PARAMETRIC_REPRESENTATION_CONTEXT() REPRESENTATION_CONTEXT('2D SPACE',''
  ) );
#4495 = PCURVE('',#4496,#4501);
#4496 = PLANE('',#4497);
#4497 = AXIS2_PLACEMENT_3D('',#4498,#4499,#4500);
#4498 = CARTESIAN_POINT('',(-12.5676476582,-10.7,6.));
#4499 = DIRECTION('',(0.,2.8E-16,1.));
#4500 = DIRECTION('',(0.,1.,-2.8E-16));
#4501 = DEFINITIONAL_REPRESENTATION('',(#4502),#4506);
#4502 = LINE('',#4503,#4504);
#4503 = CARTESIAN_POINT('',(10.7,-0.567647658208));
#4504 = VECTOR('',#4505,1.);
#4505 = DIRECTION('',(-1.,0.));
#4506 = ( GEOMETRIC_REPRESENTATION_CONTEXT(2) 
PARAMETRIC_REPRESENTATION_CONTEXT() REPRESENTATION_CONTEXT('2D SPACE',''
  ) );
#4507 = ORIENTED_EDGE('',*,*,#4508,.T.);
#4508 = EDGE_CURVE('',#4481,#4327,#4509,.T.);
#4509 = SURFACE_CURVE('',#4510,(#4515,#4522),.PCURVE_S1.);
#4510 = CIRCLE('',#4511,2.);
#4511 = AXIS2_PLACEMENT_3D('',#4512,#4513,#4514);
#4512 = CARTESIAN_POINT('',(-10.,-12.,6.));
#4513 = DIRECTION('',(0.,-1.,-2.2E-16));
#4514 = DIRECTION('',(1.,0.,0.));
#4515 = PCURVE('',#1590,#4516);
#4516 = DEFINITIONAL_REPRESENTATION('',(#4517),#4521);
#4517 = LINE('',#4518,#4519);
#4518 = CARTESIAN_POINT('',(-0.,-12.));
#4519 = VECTOR('',#4520,1.);
#4520 = DIRECTION('',(-1.,0.));
#4521 = ( GEOMETRIC_REPRESENTATION_CONTEXT(2) 
PARAMETRIC_REPRESENTATION_CONTEXT() REPRESENTATION_CONTEXT('2D SPACE',''
  ) );
#4522 = PCURVE('',#4156,#4523);
#4523 = DEFINITIONAL_REPRESENTATION('',(#4524),#4532);
#4524 = ( BOUNDED_CURVE() B_SPLINE_CURVE(2,(#4525,#4526,#4527,#4528,
#4529,#4530,#4531),.UNSPECIFIED.,.T.,.F.) B_SPLINE_CURVE_WITH_KNOTS((1,2
    ,2,2,2,1),(-2.094395102393,0.,2.094395102393,4.188790204786,
6.28318530718,8.377580409573),.UNSPECIFIED.) CURVE() 
GEOMETRIC_REPRESENTATION_ITEM() RATIONAL_B_SPLINE_CURVE((1.,0.5,1.,0.5,
1.,0.5,1.)) REPRESENTATION_ITEM('') );
#4525 = CARTESIAN_POINT('',(55.5,8.));
#4526 = CARTESIAN_POINT('',(52.035898384862,8.));
#4527 = CARTESIAN_POINT('',(53.767949192431,11.));
#4528 = CARTESIAN_POINT('',(55.5,14.));
#4529 = CARTESIAN_POINT('',(57.232050807569,11.));
#4530 = CARTESIAN_POINT('',(58.964101615138,8.));
#4531 = CARTESIAN_POINT('',(55.5,8.));
#4532 = ( GEOMETRIC_REPRESENTATION_CONTEXT(2) 
PARAMETRIC_REPRESENTATION_CONTEXT() REPRESENTATION_CONTEXT('2D SPACE',''
  ) );
#4533 = ORIENTED_EDGE('',*,*,#4326,.F.);
#4534 = ORIENTED_EDGE('',*,*,#1575,.T.);
#4535 = ADVANCED_FACE('',(#4536,#4567),#1620,.T.);
#4536 = FACE_BOUND('',#4537,.T.);
#4537 = EDGE_LOOP('',(#4538,#4539,#4565,#4566));
#4538 = ORIENTED_EDGE('',*,*,#4432,.T.);
#4539 = ORIENTED_EDGE('',*,*,#4540,.F.);
#4540 = EDGE_CURVE('',#4458,#4405,#4541,.T.);
#4541 = SURFACE_CURVE('',#4542,(#4546,#4553),.PCURVE_S1.);
#4542 = LINE('',#4543,#4544);
#4543 = CARTESIAN_POINT('',(-12.,-9.4,117.));
#4544 = VECTOR('',#4545,1.);
#4545 = DIRECTION('',(1.1E-16,-1.5E-16,1.));
#4546 = PCURVE('',#1620,#4547);
#4547 = DEFINITIONAL_REPRESENTATION('',(#4548),#4552);
#4548 = LINE('',#4549,#4550);
#4549 = CARTESIAN_POINT('',(2.068E-15,-9.4));
#4550 = VECTOR('',#4551,1.);
#4551 = DIRECTION('',(-1.,-3.7E-16));
#4552 = ( GEOMETRIC_REPRESENTATION_CONTEXT(2) 
PARAMETRIC_REPRESENTATION_CONTEXT() REPRESENTATION_CONTEXT('2D SPACE',''
  ) );
#4553 = PCURVE('',#4554,#4559);
#4554 = PLANE('',#4555);
#4555 = AXIS2_PLACEMENT_3D('',#4556,#4557,#4558);
#4556 = CARTESIAN_POINT('',(-13.8,-10.7,117.));
#4557 = DIRECTION('',(-0.585490553844,0.8106792284,1.8E-16));
#4558 = DIRECTION('',(-0.8106792284,-0.585490553844,-1.232595164408E-32)
  );
#4559 = DEFINITIONAL_REPRESENTATION('',(#4560),#4564);
#4560 = LINE('',#4561,#4562);
#4561 = CARTESIAN_POINT('',(-2.220360331117,-7.395570986447E-32));
#4562 = VECTOR('',#4563,1.);
#4563 = DIRECTION('',(-1.351132047333E-18,1.));
#4564 = ( GEOMETRIC_REPRESENTATION_CONTEXT(2) 
PARAMETRIC_REPRESENTATION_CONTEXT() REPRESENTATION_CONTEXT('2D SPACE',''
  ) );
#4565 = ORIENTED_EDGE('',*,*,#4457,.F.);
#4566 = ORIENTED_EDGE('',*,*,#1606,.T.);
#4567 = FACE_BOUND('',#4568,.T.);
#4568 = EDGE_LOOP('',(#4569));
#4569 = ORIENTED_EDGE('',*,*,#4570,.F.);
#4570 = EDGE_CURVE('',#4571,#4571,#4573,.T.);
#4571 = VERTEX_POINT('',#4572);
#4572 = CARTESIAN_POINT('',(-12.,-4.,59.3676));
#4573 = SURFACE_CURVE('',#4574,(#4579,#4586),.PCURVE_S1.);
#4574 = CIRCLE('',#4575,1.5);
#4575 = AXIS2_PLACEMENT_3D('',#4576,#4577,#4578);
#4576 = CARTESIAN_POINT('',(-12.,-5.5,59.3676));
#4577 = DIRECTION('',(1.,0.,0.));
#4578 = DIRECTION('',(0.,1.,0.));
#4579 = PCURVE('',#1620,#4580);
#4580 = DEFINITIONAL_REPRESENTATION('',(#4581),#4585);
#4581 = CIRCLE('',#4582,1.5);
#4582 = AXIS2_PLACEMENT_2D('',#4583,#4584);
#4583 = CARTESIAN_POINT('',(57.6324,-5.5));
#4584 = DIRECTION('',(-2.2E-16,1.));
#4585 = ( GEOMETRIC_REPRESENTATION_CONTEXT(2) 
PARAMETRIC_REPRESENTATION_CONTEXT() REPRESENTATION_CONTEXT('2D SPACE',''
  ) );
#4586 = PCURVE('',#3888,#4587);
#4587 = DEFINITIONAL_REPRESENTATION('',(#4588),#4592);
#4588 = LINE('',#4589,#4590);
#4589 = CARTESIAN_POINT('',(0.,-153.2100420311));
#4590 = VECTOR('',#4591,1.);
#4591 = DIRECTION('',(1.,0.));
#4592 = ( GEOMETRIC_REPRESENTATION_CONTEXT(2) 
PARAMETRIC_REPRESENTATION_CONTEXT() REPRESENTATION_CONTEXT('2D SPACE',''
  ) );
#4593 = ADVANCED_FACE('',(#4594),#1688,.T.);
#4594 = FACE_BOUND('',#4595,.T.);
#4595 = EDGE_LOOP('',(#4596,#4619,#4620,#4648,#4674,#4675,#4698));
#4596 = ORIENTED_EDGE('',*,*,#4597,.F.);
#4597 = EDGE_CURVE('',#3723,#4598,#4600,.T.);
#4598 = VERTEX_POINT('',#4599);
#4599 = CARTESIAN_POINT('',(-19.24521851265,-11.,75.828020714598));
#4600 = SURFACE_CURVE('',#4601,(#4605,#4612),.PCURVE_S1.);
#4601 = LINE('',#4602,#4603);
#4602 = CARTESIAN_POINT('',(-14.98794816859,-11.,71.09771950406));
#4603 = VECTOR('',#4604,1.);
#4604 = DIRECTION('',(-0.668964666909,0.,0.74329420449));
#4605 = PCURVE('',#1688,#4606);
#4606 = DEFINITIONAL_REPRESENTATION('',(#4607),#4611);
#4607 = LINE('',#4608,#4609);
#4608 = CARTESIAN_POINT('',(-5.249981060486,-11.));
#4609 = VECTOR('',#4610,1.);
#4610 = DIRECTION('',(1.,-1.7E-16));
#4611 = ( GEOMETRIC_REPRESENTATION_CONTEXT(2) 
PARAMETRIC_REPRESENTATION_CONTEXT() REPRESENTATION_CONTEXT('2D SPACE',''
  ) );
#4612 = PCURVE('',#3685,#4613);
#4613 = DEFINITIONAL_REPRESENTATION('',(#4614),#4618);
#4614 = LINE('',#4615,#4616);
#4615 = CARTESIAN_POINT('',(-11.64511950406,-5.091104128429));
#4616 = VECTOR('',#4617,1.);
#4617 = DIRECTION('',(-0.74329420449,0.668964666909));
#4618 = ( GEOMETRIC_REPRESENTATION_CONTEXT(2) 
PARAMETRIC_REPRESENTATION_CONTEXT() REPRESENTATION_CONTEXT('2D SPACE',''
  ) );
#4619 = ORIENTED_EDGE('',*,*,#3844,.T.);
#4620 = ORIENTED_EDGE('',*,*,#4621,.F.);
#4621 = EDGE_CURVE('',#4622,#3817,#4624,.T.);
#4622 = VERTEX_POINT('',#4623);
#4623 = CARTESIAN_POINT('',(-22.48658840897,-12.,79.429543452232));
#4624 = SURFACE_CURVE('',#4625,(#4629,#4636),.PCURVE_S1.);
#4625 = LINE('',#4626,#4627);
#4626 = CARTESIAN_POINT('',(-22.48658840897,-12.,79.429543452232));
#4627 = VECTOR('',#4628,1.);
#4628 = DIRECTION('',(0.668964666909,-1.7E-16,-0.74329420449));
#4629 = PCURVE('',#1688,#4630);
#4630 = DEFINITIONAL_REPRESENTATION('',(#4631),#4635);
#4631 = LINE('',#4632,#4633);
#4632 = CARTESIAN_POINT('',(5.959340763693,-12.));
#4633 = VECTOR('',#4634,1.);
#4634 = DIRECTION('',(-1.,0.));
#4635 = ( GEOMETRIC_REPRESENTATION_CONTEXT(2) 
PARAMETRIC_REPRESENTATION_CONTEXT() REPRESENTATION_CONTEXT('2D SPACE',''
  ) );
#4636 = PCURVE('',#4637,#4642);
#4637 = CYLINDRICAL_SURFACE('',#4638,6.);
#4638 = AXIS2_PLACEMENT_3D('',#4639,#4640,#4641);
#4639 = CARTESIAN_POINT('',(-18.02682318204,-12.,83.443331453684));
#4640 = DIRECTION('',(0.668964666909,-1.7E-16,-0.74329420449));
#4641 = DIRECTION('',(-0.74329420449,-1.5E-16,-0.668964666909));
#4642 = DEFINITIONAL_REPRESENTATION('',(#4643),#4647);
#4643 = LINE('',#4644,#4645);
#4644 = CARTESIAN_POINT('',(-0.,0.));
#4645 = VECTOR('',#4646,1.);
#4646 = DIRECTION('',(-0.,1.));
#4647 = ( GEOMETRIC_REPRESENTATION_CONTEXT(2) 
PARAMETRIC_REPRESENTATION_CONTEXT() REPRESENTATION_CONTEXT('2D SPACE',''
  ) );
#4648 = ORIENTED_EDGE('',*,*,#4649,.F.);
#4649 = EDGE_CURVE('',#1673,#4622,#4650,.T.);
#4650 = SURFACE_CURVE('',#4651,(#4655,#4662),.PCURVE_S1.);
#4651 = LINE('',#4652,#4653);
#4652 = CARTESIAN_POINT('',(-22.48658840897,1.764E-14,79.429543452232));
#4653 = VECTOR('',#4654,1.);
#4654 = DIRECTION('',(0.,-1.,2.2E-16));
#4655 = PCURVE('',#1688,#4656);
#4656 = DEFINITIONAL_REPRESENTATION('',(#4657),#4661);
#4657 = LINE('',#4658,#4659);
#4658 = CARTESIAN_POINT('',(5.959340763693,-2.308792982788E-17));
#4659 = VECTOR('',#4660,1.);
#4660 = DIRECTION('',(-6.475275012289E-18,-1.));
#4661 = ( GEOMETRIC_REPRESENTATION_CONTEXT(2) 
PARAMETRIC_REPRESENTATION_CONTEXT() REPRESENTATION_CONTEXT('2D SPACE',''
  ) );
#4662 = PCURVE('',#4663,#4668);
#4663 = CYLINDRICAL_SURFACE('',#4664,2.);
#4664 = AXIS2_PLACEMENT_3D('',#4665,#4666,#4667);
#4665 = CARTESIAN_POINT('',(-21.,1.793E-14,80.767472786049));
#4666 = DIRECTION('',(0.,1.,-2.2E-16));
#4667 = DIRECTION('',(1.,0.,0.));
#4668 = DEFINITIONAL_REPRESENTATION('',(#4669),#4673);
#4669 = LINE('',#4670,#4671);
#4670 = CARTESIAN_POINT('',(-3.874407668313,0.));
#4671 = VECTOR('',#4672,1.);
#4672 = DIRECTION('',(-0.,-1.));
#4673 = ( GEOMETRIC_REPRESENTATION_CONTEXT(2) 
PARAMETRIC_REPRESENTATION_CONTEXT() REPRESENTATION_CONTEXT('2D SPACE',''
  ) );
#4674 = ORIENTED_EDGE('',*,*,#1672,.F.);
#4675 = ORIENTED_EDGE('',*,*,#4676,.F.);
#4676 = EDGE_CURVE('',#4677,#1638,#4679,.T.);
#4677 = VERTEX_POINT('',#4678);
#4678 = CARTESIAN_POINT('',(-20.59633887411,-9.,77.329265823523));
#4679 = SURFACE_CURVE('',#4680,(#4684,#4691),.PCURVE_S1.);
#4680 = LINE('',#4681,#4682);
#4681 = CARTESIAN_POINT('',(-20.59633887411,1.717E-14,77.329265823523));
#4682 = VECTOR('',#4683,1.);
#4683 = DIRECTION('',(0.,1.,-2.2E-16));
#4684 = PCURVE('',#1688,#4685);
#4685 = DEFINITIONAL_REPRESENTATION('',(#4686),#4690);
#4686 = LINE('',#4687,#4688);
#4687 = CARTESIAN_POINT('',(3.133706423989,-1.273009207819E-17));
#4688 = VECTOR('',#4689,1.);
#4689 = DIRECTION('',(6.475275012289E-18,1.));
#4690 = ( GEOMETRIC_REPRESENTATION_CONTEXT(2) 
PARAMETRIC_REPRESENTATION_CONTEXT() REPRESENTATION_CONTEXT('2D SPACE',''
  ) );
#4691 = PCURVE('',#1769,#4692);
#4692 = DEFINITIONAL_REPRESENTATION('',(#4693),#4697);
#4693 = LINE('',#4694,#4695);
#4694 = CARTESIAN_POINT('',(-10.74053581238,4.108911895144E-18));
#4695 = VECTOR('',#4696,1.);
#4696 = DIRECTION('',(-1.470222513583E-18,1.));
#4697 = ( GEOMETRIC_REPRESENTATION_CONTEXT(2) 
PARAMETRIC_REPRESENTATION_CONTEXT() REPRESENTATION_CONTEXT('2D SPACE',''
  ) );
#4698 = ORIENTED_EDGE('',*,*,#4699,.T.);
#4699 = EDGE_CURVE('',#4677,#4598,#4700,.T.);
#4700 = SURFACE_CURVE('',#4701,(#4706,#4717),.PCURVE_S1.);
#4701 = ELLIPSE('',#4702,2.01971857154,2.);
#4702 = AXIS2_PLACEMENT_3D('',#4703,#4704,#4705);
#4703 = CARTESIAN_POINT('',(-19.24521851265,-9.,75.828020714598));
#4704 = DIRECTION('',(0.74329420449,1.5E-16,0.668964666909));
#4705 = DIRECTION('',(-0.668964666909,1.7E-16,0.74329420449));
#4706 = PCURVE('',#1688,#4707);
#4707 = DEFINITIONAL_REPRESENTATION('',(#4708),#4716);
#4708 = ( BOUNDED_CURVE() B_SPLINE_CURVE(2,(#4709,#4710,#4711,#4712,
#4713,#4714,#4715),.UNSPECIFIED.,.T.,.F.) B_SPLINE_CURVE_WITH_KNOTS((1,2
    ,2,2,2,1),(-2.094395102393,0.,2.094395102393,4.188790204786,
6.28318530718,8.377580409573),.UNSPECIFIED.) CURVE() 
GEOMETRIC_REPRESENTATION_ITEM() RATIONAL_B_SPLINE_CURVE((1.,0.5,1.,0.5,
1.,0.5,1.)) REPRESENTATION_ITEM('') );
#4709 = CARTESIAN_POINT('',(3.133706423989,-9.));
#4710 = CARTESIAN_POINT('',(3.133706423989,-12.46410161513));
#4711 = CARTESIAN_POINT('',(0.10412856668,-10.73205080756));
#4712 = CARTESIAN_POINT('',(-2.92544929063,-9.));
#4713 = CARTESIAN_POINT('',(0.10412856668,-7.267949192431));
#4714 = CARTESIAN_POINT('',(3.133706423989,-5.535898384862));
#4715 = CARTESIAN_POINT('',(3.133706423989,-9.));
#4716 = ( GEOMETRIC_REPRESENTATION_CONTEXT(2) 
PARAMETRIC_REPRESENTATION_CONTEXT() REPRESENTATION_CONTEXT('2D SPACE',''
  ) );
#4717 = PCURVE('',#4718,#4723);
#4718 = CYLINDRICAL_SURFACE('',#4719,2.);
#4719 = AXIS2_PLACEMENT_3D('',#4720,#4721,#4722);
#4720 = CARTESIAN_POINT('',(-25.96813332945,-9.,67.815962828946));
#4721 = DIRECTION('',(0.642787609685,1.7E-16,0.76604444312));
#4722 = DIRECTION('',(-0.76604444312,1.4E-16,0.642787609685));
#4723 = DEFINITIONAL_REPRESENTATION('',(#4724),#4731);
#4724 = B_SPLINE_CURVE_WITH_KNOTS('',5,(#4725,#4726,#4727,#4728,#4729,
    #4730),.UNSPECIFIED.,.F.,.F.,(6,6),(0.,1.570796326795),
  .PIECEWISE_BEZIER_KNOTS.);
#4725 = CARTESIAN_POINT('',(0.,10.740535812382));
#4726 = CARTESIAN_POINT('',(0.314159265359,10.740535812381));
#4727 = CARTESIAN_POINT('',(0.628317914089,10.70589841752));
#4728 = CARTESIAN_POINT('',(0.942478055692,10.635973651788));
#4729 = CARTESIAN_POINT('',(1.256637061436,10.547446237983));
#4730 = CARTESIAN_POINT('',(1.570796326795,10.458998766467));
#4731 = ( GEOMETRIC_REPRESENTATION_CONTEXT(2) 
PARAMETRIC_REPRESENTATION_CONTEXT() REPRESENTATION_CONTEXT('2D SPACE',''
  ) );
#4732 = ADVANCED_FACE('',(#4733),#1715,.T.);
#4733 = FACE_BOUND('',#4734,.F.);
#4734 = EDGE_LOOP('',(#4735,#4736,#4737));
#4735 = ORIENTED_EDGE('',*,*,#1700,.F.);
#4736 = ORIENTED_EDGE('',*,*,#1786,.T.);
#4737 = ORIENTED_EDGE('',*,*,#4738,.F.);
#4738 = EDGE_CURVE('',#1673,#1787,#4739,.T.);
#4739 = SURFACE_CURVE('',#4740,(#4745,#4752),.PCURVE_S1.);
#4740 = CIRCLE('',#4741,2.);
#4741 = AXIS2_PLACEMENT_3D('',#4742,#4743,#4744);
#4742 = CARTESIAN_POINT('',(-21.,-2.,80.767472786049));
#4743 = DIRECTION('',(0.,1.,-2.2E-16));
#4744 = DIRECTION('',(-0.74329420449,-1.471722267199E-16,-0.668964666909
    ));
#4745 = PCURVE('',#1715,#4746);
#4746 = DEFINITIONAL_REPRESENTATION('',(#4747),#4751);
#4747 = LINE('',#4748,#4749);
#4748 = CARTESIAN_POINT('',(-0.,0.));
#4749 = VECTOR('',#4750,1.);
#4750 = DIRECTION('',(-1.,0.));
#4751 = ( GEOMETRIC_REPRESENTATION_CONTEXT(2) 
PARAMETRIC_REPRESENTATION_CONTEXT() REPRESENTATION_CONTEXT('2D SPACE',''
  ) );
#4752 = PCURVE('',#4663,#4753);
#4753 = DEFINITIONAL_REPRESENTATION('',(#4754),#4758);
#4754 = LINE('',#4755,#4756);
#4755 = CARTESIAN_POINT('',(-3.874407668313,-2.));
#4756 = VECTOR('',#4757,1.);
#4757 = DIRECTION('',(1.,-0.));
#4758 = ( GEOMETRIC_REPRESENTATION_CONTEXT(2) 
PARAMETRIC_REPRESENTATION_CONTEXT() REPRESENTATION_CONTEXT('2D SPACE',''
  ) );
#4759 = ADVANCED_FACE('',(#4760),#1769,.F.);
#4760 = FACE_BOUND('',#4761,.T.);
#4761 = EDGE_LOOP('',(#4762,#4763,#4764,#4787));
#4762 = ORIENTED_EDGE('',*,*,#4676,.T.);
#4763 = ORIENTED_EDGE('',*,*,#1755,.F.);
#4764 = ORIENTED_EDGE('',*,*,#4765,.T.);
#4765 = EDGE_CURVE('',#1732,#4766,#4768,.T.);
#4766 = VERTEX_POINT('',#4767);
#4767 = CARTESIAN_POINT('',(-27.50022221569,-9.,69.101538048316));
#4768 = SURFACE_CURVE('',#4769,(#4773,#4780),.PCURVE_S1.);
#4769 = LINE('',#4770,#4771);
#4770 = CARTESIAN_POINT('',(-27.50022221569,1.534E-14,69.101538048316));
#4771 = VECTOR('',#4772,1.);
#4772 = DIRECTION('',(0.,-1.,2.2E-16));
#4773 = PCURVE('',#1769,#4774);
#4774 = DEFINITIONAL_REPRESENTATION('',(#4775),#4779);
#4775 = LINE('',#4776,#4777);
#4776 = CARTESIAN_POINT('',(-0.,0.));
#4777 = VECTOR('',#4778,1.);
#4778 = DIRECTION('',(1.470222513583E-18,-1.));
#4779 = ( GEOMETRIC_REPRESENTATION_CONTEXT(2) 
PARAMETRIC_REPRESENTATION_CONTEXT() REPRESENTATION_CONTEXT('2D SPACE',''
  ) );
#4780 = PCURVE('',#1982,#4781);
#4781 = DEFINITIONAL_REPRESENTATION('',(#4782),#4786);
#4782 = LINE('',#4783,#4784);
#4783 = CARTESIAN_POINT('',(0.698131700767,0.));
#4784 = VECTOR('',#4785,1.);
#4785 = DIRECTION('',(0.,-1.));
#4786 = ( GEOMETRIC_REPRESENTATION_CONTEXT(2) 
PARAMETRIC_REPRESENTATION_CONTEXT() REPRESENTATION_CONTEXT('2D SPACE',''
  ) );
#4787 = ORIENTED_EDGE('',*,*,#4788,.T.);
#4788 = EDGE_CURVE('',#4766,#4677,#4789,.T.);
#4789 = SURFACE_CURVE('',#4790,(#4794,#4801),.PCURVE_S1.);
#4790 = LINE('',#4791,#4792);
#4791 = CARTESIAN_POINT('',(-27.50022221569,-9.,69.101538048316));
#4792 = VECTOR('',#4793,1.);
#4793 = DIRECTION('',(0.642787609685,1.7E-16,0.76604444312));
#4794 = PCURVE('',#1769,#4795);
#4795 = DEFINITIONAL_REPRESENTATION('',(#4796),#4800);
#4796 = LINE('',#4797,#4798);
#4797 = CARTESIAN_POINT('',(3.813640333492E-15,-9.));
#4798 = VECTOR('',#4799,1.);
#4799 = DIRECTION('',(-1.,0.));
#4800 = ( GEOMETRIC_REPRESENTATION_CONTEXT(2) 
PARAMETRIC_REPRESENTATION_CONTEXT() REPRESENTATION_CONTEXT('2D SPACE',''
  ) );
#4801 = PCURVE('',#4718,#4802);
#4802 = DEFINITIONAL_REPRESENTATION('',(#4803),#4807);
#4803 = LINE('',#4804,#4805);
#4804 = CARTESIAN_POINT('',(0.,0.));
#4805 = VECTOR('',#4806,1.);
#4806 = DIRECTION('',(0.,1.));
#4807 = ( GEOMETRIC_REPRESENTATION_CONTEXT(2) 
PARAMETRIC_REPRESENTATION_CONTEXT() REPRESENTATION_CONTEXT('2D SPACE',''
  ) );
#4808 = ADVANCED_FACE('',(#4809),#1826,.T.);
#4809 = FACE_BOUND('',#4810,.T.);
#4810 = EDGE_LOOP('',(#4811,#4834,#4862,#4888));
#4811 = ORIENTED_EDGE('',*,*,#4812,.T.);
#4812 = EDGE_CURVE('',#1787,#4813,#4815,.T.);
#4813 = VERTEX_POINT('',#4814);
#4814 = CARTESIAN_POINT('',(-23.,-12.,80.767472786049));
#4815 = SURFACE_CURVE('',#4816,(#4820,#4827),.PCURVE_S1.);
#4816 = LINE('',#4817,#4818);
#4817 = CARTESIAN_POINT('',(-23.,1.793E-14,80.767472786049));
#4818 = VECTOR('',#4819,1.);
#4819 = DIRECTION('',(0.,-1.,2.2E-16));
#4820 = PCURVE('',#1826,#4821);
#4821 = DEFINITIONAL_REPRESENTATION('',(#4822),#4826);
#4822 = LINE('',#4823,#4824);
#4823 = CARTESIAN_POINT('',(0.,0.));
#4824 = VECTOR('',#4825,1.);
#4825 = DIRECTION('',(0.,-1.));
#4826 = ( GEOMETRIC_REPRESENTATION_CONTEXT(2) 
PARAMETRIC_REPRESENTATION_CONTEXT() REPRESENTATION_CONTEXT('2D SPACE',''
  ) );
#4827 = PCURVE('',#4663,#4828);
#4828 = DEFINITIONAL_REPRESENTATION('',(#4829),#4833);
#4829 = LINE('',#4830,#4831);
#4830 = CARTESIAN_POINT('',(-3.14159265359,0.));
#4831 = VECTOR('',#4832,1.);
#4832 = DIRECTION('',(-0.,-1.));
#4833 = ( GEOMETRIC_REPRESENTATION_CONTEXT(2) 
PARAMETRIC_REPRESENTATION_CONTEXT() REPRESENTATION_CONTEXT('2D SPACE',''
  ) );
#4834 = ORIENTED_EDGE('',*,*,#4835,.F.);
#4835 = EDGE_CURVE('',#4836,#4813,#4838,.T.);
#4836 = VERTEX_POINT('',#4837);
#4837 = CARTESIAN_POINT('',(-23.,-12.,108.84363689036));
#4838 = SURFACE_CURVE('',#4839,(#4843,#4850),.PCURVE_S1.);
#4839 = LINE('',#4840,#4841);
#4840 = CARTESIAN_POINT('',(-23.,-12.,108.84363689036));
#4841 = VECTOR('',#4842,1.);
#4842 = DIRECTION('',(0.,-2.2E-16,-1.));
#4843 = PCURVE('',#1826,#4844);
#4844 = DEFINITIONAL_REPRESENTATION('',(#4845),#4849);
#4845 = LINE('',#4846,#4847);
#4846 = CARTESIAN_POINT('',(28.076164104311,-12.));
#4847 = VECTOR('',#4848,1.);
#4848 = DIRECTION('',(-1.,0.));
#4849 = ( GEOMETRIC_REPRESENTATION_CONTEXT(2) 
PARAMETRIC_REPRESENTATION_CONTEXT() REPRESENTATION_CONTEXT('2D SPACE',''
  ) );
#4850 = PCURVE('',#4851,#4856);
#4851 = CYLINDRICAL_SURFACE('',#4852,6.);
#4852 = AXIS2_PLACEMENT_3D('',#4853,#4854,#4855);
#4853 = CARTESIAN_POINT('',(-17.,-12.,108.84363689036));
#4854 = DIRECTION('',(0.,-2.2E-16,-1.));
#4855 = DIRECTION('',(-1.,0.,0.));
#4856 = DEFINITIONAL_REPRESENTATION('',(#4857),#4861);
#4857 = LINE('',#4858,#4859);
#4858 = CARTESIAN_POINT('',(-0.,0.));
#4859 = VECTOR('',#4860,1.);
#4860 = DIRECTION('',(-0.,1.));
#4861 = ( GEOMETRIC_REPRESENTATION_CONTEXT(2) 
PARAMETRIC_REPRESENTATION_CONTEXT() REPRESENTATION_CONTEXT('2D SPACE',''
  ) );
#4862 = ORIENTED_EDGE('',*,*,#4863,.F.);
#4863 = EDGE_CURVE('',#1811,#4836,#4864,.T.);
#4864 = SURFACE_CURVE('',#4865,(#4869,#4876),.PCURVE_S1.);
#4865 = LINE('',#4866,#4867);
#4866 = CARTESIAN_POINT('',(-23.,2.417E-14,108.84363689036));
#4867 = VECTOR('',#4868,1.);
#4868 = DIRECTION('',(0.,-1.,2.2E-16));
#4869 = PCURVE('',#1826,#4870);
#4870 = DEFINITIONAL_REPRESENTATION('',(#4871),#4875);
#4871 = LINE('',#4872,#4873);
#4872 = CARTESIAN_POINT('',(28.076164104311,6.324389705156E-17));
#4873 = VECTOR('',#4874,1.);
#4874 = DIRECTION('',(0.,-1.));
#4875 = ( GEOMETRIC_REPRESENTATION_CONTEXT(2) 
PARAMETRIC_REPRESENTATION_CONTEXT() REPRESENTATION_CONTEXT('2D SPACE',''
  ) );
#4876 = PCURVE('',#4877,#4882);
#4877 = CYLINDRICAL_SURFACE('',#4878,1.012747080441);
#4878 = AXIS2_PLACEMENT_3D('',#4879,#4880,#4881);
#4879 = CARTESIAN_POINT('',(-21.98725291955,2.417E-14,108.84363716391));
#4880 = DIRECTION('',(0.,1.,-2.2E-16));
#4881 = DIRECTION('',(1.,0.,0.));
#4882 = DEFINITIONAL_REPRESENTATION('',(#4883),#4887);
#4883 = LINE('',#4884,#4885);
#4884 = CARTESIAN_POINT('',(-3.141592923699,0.));
#4885 = VECTOR('',#4886,1.);
#4886 = DIRECTION('',(-0.,-1.));
#4887 = ( GEOMETRIC_REPRESENTATION_CONTEXT(2) 
PARAMETRIC_REPRESENTATION_CONTEXT() REPRESENTATION_CONTEXT('2D SPACE',''
  ) );
#4888 = ORIENTED_EDGE('',*,*,#1810,.F.);
#4889 = ADVANCED_FACE('',(#4890),#1854,.F.);
#4890 = FACE_BOUND('',#4891,.F.);
#4891 = EDGE_LOOP('',(#4892,#4893,#4894));
#4892 = ORIENTED_EDGE('',*,*,#1838,.F.);
#4893 = ORIENTED_EDGE('',*,*,#1997,.T.);
#4894 = ORIENTED_EDGE('',*,*,#4895,.F.);
#4895 = EDGE_CURVE('',#1811,#1998,#4896,.T.);
#4896 = SURFACE_CURVE('',#4897,(#4906,#4913),.PCURVE_S1.);
#4897 = B_SPLINE_CURVE_WITH_KNOTS('',7,(#4898,#4899,#4900,#4901,#4902,
    #4903,#4904,#4905),.UNSPECIFIED.,.F.,.F.,(8,8),(0.,1.),
  .PIECEWISE_BEZIER_KNOTS.);
#4898 = CARTESIAN_POINT('',(-23.,-2.,108.84363689036));
#4899 = CARTESIAN_POINT('',(-23.,-2.,109.03302073412));
#4900 = CARTESIAN_POINT('',(-22.95868243711,-2.,109.22240437857));
#4901 = CARTESIAN_POINT('',(-22.87604972985,-2.,109.40097252407));
#4902 = CARTESIAN_POINT('',(-22.75563255305,-2.,109.55790270186));
#4903 = CARTESIAN_POINT('',(-22.60453547221,-2.,109.68393608223));
#4904 = CARTESIAN_POINT('',(-22.43229839234,-2.,109.77286125765));
#4905 = CARTESIAN_POINT('',(-22.24936746166,-2.,109.82187671319));
#4906 = PCURVE('',#1854,#4907);
#4907 = DEFINITIONAL_REPRESENTATION('',(#4908),#4912);
#4908 = LINE('',#4909,#4910);
#4909 = CARTESIAN_POINT('',(0.,1.));
#4910 = VECTOR('',#4911,1.);
#4911 = DIRECTION('',(1.,0.));
#4912 = ( GEOMETRIC_REPRESENTATION_CONTEXT(2) 
PARAMETRIC_REPRESENTATION_CONTEXT() REPRESENTATION_CONTEXT('2D SPACE',''
  ) );
#4913 = PCURVE('',#4877,#4914);
#4914 = DEFINITIONAL_REPRESENTATION('',(#4915),#4923);
#4915 = B_SPLINE_CURVE_WITH_KNOTS('',6,(#4916,#4917,#4918,#4919,#4920,
    #4921,#4922),.UNSPECIFIED.,.F.,.F.,(7,7),(0.,1.),
  .PIECEWISE_BEZIER_KNOTS.);
#4916 = CARTESIAN_POINT('',(-3.141592923699,-2.));
#4917 = CARTESIAN_POINT('',(-2.923426429712,-2.));
#4918 = CARTESIAN_POINT('',(-2.705258870799,-2.));
#4919 = CARTESIAN_POINT('',(-2.487092433019,-2.));
#4920 = CARTESIAN_POINT('',(-2.268925995239,-2.));
#4921 = CARTESIAN_POINT('',(-2.050758436326,-2.));
#4922 = CARTESIAN_POINT('',(-1.832591942338,-2.));
#4923 = ( GEOMETRIC_REPRESENTATION_CONTEXT(2) 
PARAMETRIC_REPRESENTATION_CONTEXT() REPRESENTATION_CONTEXT('2D SPACE',''
  ) );
#4924 = ADVANCED_FACE('',(#4925),#1982,.T.);
#4925 = FACE_BOUND('',#4926,.T.);
#4926 = EDGE_LOOP('',(#4927,#4950,#4977,#4978));
#4927 = ORIENTED_EDGE('',*,*,#4928,.T.);
#4928 = EDGE_CURVE('',#1942,#4929,#4931,.T.);
#4929 = VERTEX_POINT('',#4930);
#4930 = CARTESIAN_POINT('',(-28.67,-9.,65.8876));
#4931 = SURFACE_CURVE('',#4932,(#4936,#4943),.PCURVE_S1.);
#4932 = LINE('',#4933,#4934);
#4933 = CARTESIAN_POINT('',(-28.67,1.463E-14,65.8876));
#4934 = VECTOR('',#4935,1.);
#4935 = DIRECTION('',(0.,-1.,2.2E-16));
#4936 = PCURVE('',#1982,#4937);
#4937 = DEFINITIONAL_REPRESENTATION('',(#4938),#4942);
#4938 = LINE('',#4939,#4940);
#4939 = CARTESIAN_POINT('',(-8.9E-16,0.));
#4940 = VECTOR('',#4941,1.);
#4941 = DIRECTION('',(0.,-1.));
#4942 = ( GEOMETRIC_REPRESENTATION_CONTEXT(2) 
PARAMETRIC_REPRESENTATION_CONTEXT() REPRESENTATION_CONTEXT('2D SPACE',''
  ) );
#4943 = PCURVE('',#2125,#4944);
#4944 = DEFINITIONAL_REPRESENTATION('',(#4945),#4949);
#4945 = LINE('',#4946,#4947);
#4946 = CARTESIAN_POINT('',(5.5,-6.435));
#4947 = VECTOR('',#4948,1.);
#4948 = DIRECTION('',(-1.,-4.4E-16));
#4949 = ( GEOMETRIC_REPRESENTATION_CONTEXT(2) 
PARAMETRIC_REPRESENTATION_CONTEXT() REPRESENTATION_CONTEXT('2D SPACE',''
  ) );
#4950 = ORIENTED_EDGE('',*,*,#4951,.T.);
#4951 = EDGE_CURVE('',#4929,#4766,#4952,.T.);
#4952 = SURFACE_CURVE('',#4953,(#4958,#4965),.PCURVE_S1.);
#4953 = CIRCLE('',#4954,5.);
#4954 = AXIS2_PLACEMENT_3D('',#4955,#4956,#4957);
#4955 = CARTESIAN_POINT('',(-23.67,-9.,65.8876));
#4956 = DIRECTION('',(0.,1.,0.));
#4957 = DIRECTION('',(-1.,0.,-9.E-17));
#4958 = PCURVE('',#1982,#4959);
#4959 = DEFINITIONAL_REPRESENTATION('',(#4960),#4964);
#4960 = LINE('',#4961,#4962);
#4961 = CARTESIAN_POINT('',(0.,-9.));
#4962 = VECTOR('',#4963,1.);
#4963 = DIRECTION('',(1.,0.));
#4964 = ( GEOMETRIC_REPRESENTATION_CONTEXT(2) 
PARAMETRIC_REPRESENTATION_CONTEXT() REPRESENTATION_CONTEXT('2D SPACE',''
  ) );
#4965 = PCURVE('',#4966,#4971);
#4966 = TOROIDAL_SURFACE('',#4967,3.,2.);
#4967 = AXIS2_PLACEMENT_3D('',#4968,#4969,#4970);
#4968 = CARTESIAN_POINT('',(-23.67,-9.,65.8876));
#4969 = DIRECTION('',(0.,-1.,0.));
#4970 = DIRECTION('',(-1.,-0.,-9.E-17));
#4971 = DEFINITIONAL_REPRESENTATION('',(#4972),#4976);
#4972 = LINE('',#4973,#4974);
#4973 = CARTESIAN_POINT('',(-0.,0.));
#4974 = VECTOR('',#4975,1.);
#4975 = DIRECTION('',(-1.,0.));
#4976 = ( GEOMETRIC_REPRESENTATION_CONTEXT(2) 
PARAMETRIC_REPRESENTATION_CONTEXT() REPRESENTATION_CONTEXT('2D SPACE',''
  ) );
#4977 = ORIENTED_EDGE('',*,*,#4765,.F.);
#4978 = ORIENTED_EDGE('',*,*,#1967,.F.);
#4979 = ADVANCED_FACE('',(#4980),#2072,.F.);
#4980 = FACE_BOUND('',#4981,.T.);
#4981 = EDGE_LOOP('',(#4982,#5005,#5034,#5055));
#4982 = ORIENTED_EDGE('',*,*,#4983,.T.);
#4983 = EDGE_CURVE('',#1998,#4984,#4986,.T.);
#4984 = VERTEX_POINT('',#4985);
#4985 = CARTESIAN_POINT('',(-22.24936746165,-12.,109.8218767132));
#4986 = SURFACE_CURVE('',#4987,(#4991,#4998),.PCURVE_S1.);
#4987 = LINE('',#4988,#4989);
#4988 = CARTESIAN_POINT('',(-22.24936746166,2.439E-14,109.82187671319));
#4989 = VECTOR('',#4990,1.);
#4990 = DIRECTION('',(0.,-1.,2.2E-16));
#4991 = PCURVE('',#2072,#4992);
#4992 = DEFINITIONAL_REPRESENTATION('',(#4993),#4997);
#4993 = LINE('',#4994,#4995);
#4994 = CARTESIAN_POINT('',(-4.974184595928,0.));
#4995 = VECTOR('',#4996,1.);
#4996 = DIRECTION('',(-0.,-1.));
#4997 = ( GEOMETRIC_REPRESENTATION_CONTEXT(2) 
PARAMETRIC_REPRESENTATION_CONTEXT() REPRESENTATION_CONTEXT('2D SPACE',''
  ) );
#4998 = PCURVE('',#4877,#4999);
#4999 = DEFINITIONAL_REPRESENTATION('',(#5000),#5004);
#5000 = LINE('',#5001,#5002);
#5001 = CARTESIAN_POINT('',(-1.832591942338,0.));
#5002 = VECTOR('',#5003,1.);
#5003 = DIRECTION('',(-0.,-1.));
#5004 = ( GEOMETRIC_REPRESENTATION_CONTEXT(2) 
PARAMETRIC_REPRESENTATION_CONTEXT() REPRESENTATION_CONTEXT('2D SPACE',''
  ) );
#5005 = ORIENTED_EDGE('',*,*,#5006,.F.);
#5006 = EDGE_CURVE('',#5007,#4984,#5009,.T.);
#5007 = VERTEX_POINT('',#5008);
#5008 = CARTESIAN_POINT('',(-21.5,-12.,110.74951186556));
#5009 = SURFACE_CURVE('',#5010,(#5015,#5022),.PCURVE_S1.);
#5010 = CIRCLE('',#5011,1.012747080441);
#5011 = AXIS2_PLACEMENT_3D('',#5012,#5013,#5014);
#5012 = CARTESIAN_POINT('',(-22.51148200377,-12.,110.80011626246));
#5013 = DIRECTION('',(0.,1.,0.));
#5014 = DIRECTION('',(0.998750846393,0.,-4.996745770413E-02));
#5015 = PCURVE('',#2072,#5016);
#5016 = DEFINITIONAL_REPRESENTATION('',(#5017),#5021);
#5017 = LINE('',#5018,#5019);
#5018 = CARTESIAN_POINT('',(-6.233197033397,-12.));
#5019 = VECTOR('',#5020,1.);
#5020 = DIRECTION('',(1.,-0.));
#5021 = ( GEOMETRIC_REPRESENTATION_CONTEXT(2) 
PARAMETRIC_REPRESENTATION_CONTEXT() REPRESENTATION_CONTEXT('2D SPACE',''
  ) );
#5022 = PCURVE('',#5023,#5028);
#5023 = TOROIDAL_SURFACE('',#5024,7.012747080441,6.);
#5024 = AXIS2_PLACEMENT_3D('',#5025,#5026,#5027);
#5025 = CARTESIAN_POINT('',(-22.51148200377,-12.,110.80011626246));
#5026 = DIRECTION('',(0.,1.,0.));
#5027 = DIRECTION('',(0.998750846393,0.,-4.996745770413E-02));
#5028 = DEFINITIONAL_REPRESENTATION('',(#5029),#5033);
#5029 = LINE('',#5030,#5031);
#5030 = CARTESIAN_POINT('',(0.,3.14159265359));
#5031 = VECTOR('',#5032,1.);
#5032 = DIRECTION('',(1.,0.));
#5033 = ( GEOMETRIC_REPRESENTATION_CONTEXT(2) 
PARAMETRIC_REPRESENTATION_CONTEXT() REPRESENTATION_CONTEXT('2D SPACE',''
  ) );
#5034 = ORIENTED_EDGE('',*,*,#5035,.F.);
#5035 = EDGE_CURVE('',#2034,#5007,#5036,.T.);
#5036 = SURFACE_CURVE('',#5037,(#5041,#5048),.PCURVE_S1.);
#5037 = LINE('',#5038,#5039);
#5038 = CARTESIAN_POINT('',(-21.5,2.459E-14,110.74951186556));
#5039 = VECTOR('',#5040,1.);
#5040 = DIRECTION('',(0.,-1.,2.2E-16));
#5041 = PCURVE('',#2072,#5042);
#5042 = DEFINITIONAL_REPRESENTATION('',(#5043),#5047);
#5043 = LINE('',#5044,#5045);
#5044 = CARTESIAN_POINT('',(-6.233197033397,0.));
#5045 = VECTOR('',#5046,1.);
#5046 = DIRECTION('',(-0.,-1.));
#5047 = ( GEOMETRIC_REPRESENTATION_CONTEXT(2) 
PARAMETRIC_REPRESENTATION_CONTEXT() REPRESENTATION_CONTEXT('2D SPACE',''
  ) );
#5048 = PCURVE('',#2183,#5049);
#5049 = DEFINITIONAL_REPRESENTATION('',(#5050),#5054);
#5050 = LINE('',#5051,#5052);
#5051 = CARTESIAN_POINT('',(-3.091604379808,0.));
#5052 = VECTOR('',#5053,1.);
#5053 = DIRECTION('',(-0.,-1.));
#5054 = ( GEOMETRIC_REPRESENTATION_CONTEXT(2) 
PARAMETRIC_REPRESENTATION_CONTEXT() REPRESENTATION_CONTEXT('2D SPACE',''
  ) );
#5055 = ORIENTED_EDGE('',*,*,#2057,.F.);
#5056 = ADVANCED_FACE('',(#5057,#5110),#2125,.T.);
#5057 = FACE_BOUND('',#5058,.T.);
#5058 = EDGE_LOOP('',(#5059,#5082,#5108,#5109));
#5059 = ORIENTED_EDGE('',*,*,#5060,.T.);
#5060 = EDGE_CURVE('',#2088,#5061,#5063,.T.);
#5061 = VERTEX_POINT('',#5062);
#5062 = CARTESIAN_POINT('',(-28.67,-9.,53.0176));
#5063 = SURFACE_CURVE('',#5064,(#5068,#5075),.PCURVE_S1.);
#5064 = LINE('',#5065,#5066);
#5065 = CARTESIAN_POINT('',(-28.67,1.177E-14,53.0176));
#5066 = VECTOR('',#5067,1.);
#5067 = DIRECTION('',(0.,-1.,2.2E-16));
#5068 = PCURVE('',#2125,#5069);
#5069 = DEFINITIONAL_REPRESENTATION('',(#5070),#5074);
#5070 = LINE('',#5071,#5072);
#5071 = CARTESIAN_POINT('',(5.5,6.435));
#5072 = VECTOR('',#5073,1.);
#5073 = DIRECTION('',(-1.,-4.4E-16));
#5074 = ( GEOMETRIC_REPRESENTATION_CONTEXT(2) 
PARAMETRIC_REPRESENTATION_CONTEXT() REPRESENTATION_CONTEXT('2D SPACE',''
  ) );
#5075 = PCURVE('',#2239,#5076);
#5076 = DEFINITIONAL_REPRESENTATION('',(#5077),#5081);
#5077 = LINE('',#5078,#5079);
#5078 = CARTESIAN_POINT('',(6.28318530718,0.));
#5079 = VECTOR('',#5080,1.);
#5080 = DIRECTION('',(0.,-1.));
#5081 = ( GEOMETRIC_REPRESENTATION_CONTEXT(2) 
PARAMETRIC_REPRESENTATION_CONTEXT() REPRESENTATION_CONTEXT('2D SPACE',''
  ) );
#5082 = ORIENTED_EDGE('',*,*,#5083,.T.);
#5083 = EDGE_CURVE('',#5061,#4929,#5084,.T.);
#5084 = SURFACE_CURVE('',#5085,(#5089,#5096),.PCURVE_S1.);
#5085 = LINE('',#5086,#5087);
#5086 = CARTESIAN_POINT('',(-28.67,-9.,53.0176));
#5087 = VECTOR('',#5088,1.);
#5088 = DIRECTION('',(0.,2.2E-16,1.));
#5089 = PCURVE('',#2125,#5090);
#5090 = DEFINITIONAL_REPRESENTATION('',(#5091),#5095);
#5091 = LINE('',#5092,#5093);
#5092 = CARTESIAN_POINT('',(-3.5,6.435));
#5093 = VECTOR('',#5094,1.);
#5094 = DIRECTION('',(4.4E-16,-1.));
#5095 = ( GEOMETRIC_REPRESENTATION_CONTEXT(2) 
PARAMETRIC_REPRESENTATION_CONTEXT() REPRESENTATION_CONTEXT('2D SPACE',''
  ) );
#5096 = PCURVE('',#5097,#5102);
#5097 = CYLINDRICAL_SURFACE('',#5098,2.);
#5098 = AXIS2_PLACEMENT_3D('',#5099,#5100,#5101);
#5099 = CARTESIAN_POINT('',(-26.67,-9.,53.0176));
#5100 = DIRECTION('',(0.,2.2E-16,1.));
#5101 = DIRECTION('',(-1.,0.,0.));
#5102 = DEFINITIONAL_REPRESENTATION('',(#5103),#5107);
#5103 = LINE('',#5104,#5105);
#5104 = CARTESIAN_POINT('',(0.,0.));
#5105 = VECTOR('',#5106,1.);
#5106 = DIRECTION('',(0.,1.));
#5107 = ( GEOMETRIC_REPRESENTATION_CONTEXT(2) 
PARAMETRIC_REPRESENTATION_CONTEXT() REPRESENTATION_CONTEXT('2D SPACE',''
  ) );
#5108 = ORIENTED_EDGE('',*,*,#4928,.F.);
#5109 = ORIENTED_EDGE('',*,*,#2111,.F.);
#5110 = FACE_BOUND('',#5111,.T.);
#5111 = EDGE_LOOP('',(#5112));
#5112 = ORIENTED_EDGE('',*,*,#5113,.T.);
#5113 = EDGE_CURVE('',#5114,#5114,#5116,.T.);
#5114 = VERTEX_POINT('',#5115);
#5115 = CARTESIAN_POINT('',(-28.67,-4.,59.3676));
#5116 = SURFACE_CURVE('',#5117,(#5122,#5133),.PCURVE_S1.);
#5117 = CIRCLE('',#5118,1.5);
#5118 = AXIS2_PLACEMENT_3D('',#5119,#5120,#5121);
#5119 = CARTESIAN_POINT('',(-28.67,-5.5,59.3676));
#5120 = DIRECTION('',(1.,0.,0.));
#5121 = DIRECTION('',(0.,1.,0.));
#5122 = PCURVE('',#2125,#5123);
#5123 = DEFINITIONAL_REPRESENTATION('',(#5124),#5132);
#5124 = ( BOUNDED_CURVE() B_SPLINE_CURVE(2,(#5125,#5126,#5127,#5128,
#5129,#5130,#5131),.UNSPECIFIED.,.T.,.F.) B_SPLINE_CURVE_WITH_KNOTS((1,2
    ,2,2,2,1),(-2.094395102393,0.,2.094395102393,4.188790204786,
6.28318530718,8.377580409573),.UNSPECIFIED.) CURVE() 
GEOMETRIC_REPRESENTATION_ITEM() RATIONAL_B_SPLINE_CURVE((1.,0.5,1.,0.5,
1.,0.5,1.)) REPRESENTATION_ITEM('') );
#5125 = CARTESIAN_POINT('',(1.5,8.500000000002E-02));
#5126 = CARTESIAN_POINT('',(1.5,-2.513076211353));
#5127 = CARTESIAN_POINT('',(-0.75,-1.214038105677));
#5128 = CARTESIAN_POINT('',(-3.,8.500000000001E-02));
#5129 = CARTESIAN_POINT('',(-0.75,1.384038105677));
#5130 = CARTESIAN_POINT('',(1.5,2.683076211353));
#5131 = CARTESIAN_POINT('',(1.5,8.500000000002E-02));
#5132 = ( GEOMETRIC_REPRESENTATION_CONTEXT(2) 
PARAMETRIC_REPRESENTATION_CONTEXT() REPRESENTATION_CONTEXT('2D SPACE',''
  ) );
#5133 = PCURVE('',#3968,#5134);
#5134 = DEFINITIONAL_REPRESENTATION('',(#5135),#5139);
#5135 = LINE('',#5136,#5137);
#5136 = CARTESIAN_POINT('',(0.,-169.8800420311));
#5137 = VECTOR('',#5138,1.);
#5138 = DIRECTION('',(1.,0.));
#5139 = ( GEOMETRIC_REPRESENTATION_CONTEXT(2) 
PARAMETRIC_REPRESENTATION_CONTEXT() REPRESENTATION_CONTEXT('2D SPACE',''
  ) );
#5140 = ADVANCED_FACE('',(#5141),#2183,.T.);
#5141 = FACE_BOUND('',#5142,.F.);
#5142 = EDGE_LOOP('',(#5143,#5166,#5193,#5194));
#5143 = ORIENTED_EDGE('',*,*,#5144,.T.);
#5144 = EDGE_CURVE('',#2145,#5145,#5147,.T.);
#5145 = VERTEX_POINT('',#5146);
#5146 = CARTESIAN_POINT('',(-6.518737304106,-12.,125.));
#5147 = SURFACE_CURVE('',#5148,(#5152,#5159),.PCURVE_S1.);
#5148 = LINE('',#5149,#5150);
#5149 = CARTESIAN_POINT('',(-6.518737304106,2.776E-14,125.));
#5150 = VECTOR('',#5151,1.);
#5151 = DIRECTION('',(0.,-1.,2.2E-16));
#5152 = PCURVE('',#2183,#5153);
#5153 = DEFINITIONAL_REPRESENTATION('',(#5154),#5158);
#5154 = LINE('',#5155,#5156);
#5155 = CARTESIAN_POINT('',(-1.570796326795,0.));
#5156 = VECTOR('',#5157,1.);
#5157 = DIRECTION('',(-0.,-1.));
#5158 = ( GEOMETRIC_REPRESENTATION_CONTEXT(2) 
PARAMETRIC_REPRESENTATION_CONTEXT() REPRESENTATION_CONTEXT('2D SPACE',''
  ) );
#5159 = PCURVE('',#2271,#5160);
#5160 = DEFINITIONAL_REPRESENTATION('',(#5161),#5165);
#5161 = LINE('',#5162,#5163);
#5162 = CARTESIAN_POINT('',(0.,0.));
#5163 = VECTOR('',#5164,1.);
#5164 = DIRECTION('',(0.,-1.));
#5165 = ( GEOMETRIC_REPRESENTATION_CONTEXT(2) 
PARAMETRIC_REPRESENTATION_CONTEXT() REPRESENTATION_CONTEXT('2D SPACE',''
  ) );
#5166 = ORIENTED_EDGE('',*,*,#5167,.T.);
#5167 = EDGE_CURVE('',#5145,#5007,#5168,.T.);
#5168 = SURFACE_CURVE('',#5169,(#5174,#5181),.PCURVE_S1.);
#5169 = CIRCLE('',#5170,15.);
#5170 = AXIS2_PLACEMENT_3D('',#5171,#5172,#5173);
#5171 = CARTESIAN_POINT('',(-6.518737304106,-12.,110.));
#5172 = DIRECTION('',(-0.,-1.,0.));
#5173 = DIRECTION('',(-1.8E-16,0.,1.));
#5174 = PCURVE('',#2183,#5175);
#5175 = DEFINITIONAL_REPRESENTATION('',(#5176),#5180);
#5176 = LINE('',#5177,#5178);
#5177 = CARTESIAN_POINT('',(-1.570796326795,-12.));
#5178 = VECTOR('',#5179,1.);
#5179 = DIRECTION('',(-1.,0.));
#5180 = ( GEOMETRIC_REPRESENTATION_CONTEXT(2) 
PARAMETRIC_REPRESENTATION_CONTEXT() REPRESENTATION_CONTEXT('2D SPACE',''
  ) );
#5181 = PCURVE('',#5182,#5187);
#5182 = TOROIDAL_SURFACE('',#5183,9.,6.);
#5183 = AXIS2_PLACEMENT_3D('',#5184,#5185,#5186);
#5184 = CARTESIAN_POINT('',(-6.518737304106,-12.,110.));
#5185 = DIRECTION('',(0.,-1.,0.));
#5186 = DIRECTION('',(-1.8E-16,0.,1.));
#5187 = DEFINITIONAL_REPRESENTATION('',(#5188),#5192);
#5188 = LINE('',#5189,#5190);
#5189 = CARTESIAN_POINT('',(0.,0.));
#5190 = VECTOR('',#5191,1.);
#5191 = DIRECTION('',(1.,0.));
#5192 = ( GEOMETRIC_REPRESENTATION_CONTEXT(2) 
PARAMETRIC_REPRESENTATION_CONTEXT() REPRESENTATION_CONTEXT('2D SPACE',''
  ) );
#5193 = ORIENTED_EDGE('',*,*,#5035,.F.);
#5194 = ORIENTED_EDGE('',*,*,#2168,.T.);
#5195 = ADVANCED_FACE('',(#5196),#2239,.T.);
#5196 = FACE_BOUND('',#5197,.T.);
#5197 = EDGE_LOOP('',(#5198,#5221,#5248,#5249));
#5198 = ORIENTED_EDGE('',*,*,#5199,.T.);
#5199 = EDGE_CURVE('',#2199,#5200,#5202,.T.);
#5200 = VERTEX_POINT('',#5201);
#5201 = CARTESIAN_POINT('',(-27.50022221571,-9.,49.803661951663));
#5202 = SURFACE_CURVE('',#5203,(#5207,#5214),.PCURVE_S1.);
#5203 = LINE('',#5204,#5205);
#5204 = CARTESIAN_POINT('',(-27.5002222157,1.106E-14,49.803661951674));
#5205 = VECTOR('',#5206,1.);
#5206 = DIRECTION('',(0.,-1.,2.2E-16));
#5207 = PCURVE('',#2239,#5208);
#5208 = DEFINITIONAL_REPRESENTATION('',(#5209),#5213);
#5209 = LINE('',#5210,#5211);
#5210 = CARTESIAN_POINT('',(5.585053606412,0.));
#5211 = VECTOR('',#5212,1.);
#5212 = DIRECTION('',(0.,-1.));
#5213 = ( GEOMETRIC_REPRESENTATION_CONTEXT(2) 
PARAMETRIC_REPRESENTATION_CONTEXT() REPRESENTATION_CONTEXT('2D SPACE',''
  ) );
#5214 = PCURVE('',#2357,#5215);
#5215 = DEFINITIONAL_REPRESENTATION('',(#5216),#5220);
#5216 = LINE('',#5217,#5218);
#5217 = CARTESIAN_POINT('',(-3.784481306707E-43,-2.226165474534E-27));
#5218 = VECTOR('',#5219,1.);
#5219 = DIRECTION('',(-1.470222513814E-18,-1.));
#5220 = ( GEOMETRIC_REPRESENTATION_CONTEXT(2) 
PARAMETRIC_REPRESENTATION_CONTEXT() REPRESENTATION_CONTEXT('2D SPACE',''
  ) );
#5221 = ORIENTED_EDGE('',*,*,#5222,.T.);
#5222 = EDGE_CURVE('',#5200,#5061,#5223,.T.);
#5223 = SURFACE_CURVE('',#5224,(#5229,#5236),.PCURVE_S1.);
#5224 = CIRCLE('',#5225,5.);
#5225 = AXIS2_PLACEMENT_3D('',#5226,#5227,#5228);
#5226 = CARTESIAN_POINT('',(-23.67,-9.,53.0176));
#5227 = DIRECTION('',(0.,1.,0.));
#5228 = DIRECTION('',(-0.766044443139,0.,-0.642787609663));
#5229 = PCURVE('',#2239,#5230);
#5230 = DEFINITIONAL_REPRESENTATION('',(#5231),#5235);
#5231 = LINE('',#5232,#5233);
#5232 = CARTESIAN_POINT('',(5.585053606412,-9.));
#5233 = VECTOR('',#5234,1.);
#5234 = DIRECTION('',(1.,0.));
#5235 = ( GEOMETRIC_REPRESENTATION_CONTEXT(2) 
PARAMETRIC_REPRESENTATION_CONTEXT() REPRESENTATION_CONTEXT('2D SPACE',''
  ) );
#5236 = PCURVE('',#5237,#5242);
#5237 = TOROIDAL_SURFACE('',#5238,3.,2.);
#5238 = AXIS2_PLACEMENT_3D('',#5239,#5240,#5241);
#5239 = CARTESIAN_POINT('',(-23.67,-9.,53.0176));
#5240 = DIRECTION('',(0.,-1.,0.));
#5241 = DIRECTION('',(-0.766044443139,-0.,-0.642787609663));
#5242 = DEFINITIONAL_REPRESENTATION('',(#5243),#5247);
#5243 = LINE('',#5244,#5245);
#5244 = CARTESIAN_POINT('',(-0.,0.));
#5245 = VECTOR('',#5246,1.);
#5246 = DIRECTION('',(-1.,0.));
#5247 = ( GEOMETRIC_REPRESENTATION_CONTEXT(2) 
PARAMETRIC_REPRESENTATION_CONTEXT() REPRESENTATION_CONTEXT('2D SPACE',''
  ) );
#5248 = ORIENTED_EDGE('',*,*,#5060,.F.);
#5249 = ORIENTED_EDGE('',*,*,#2224,.F.);
#5250 = ADVANCED_FACE('',(#5251),#2271,.T.);
#5251 = FACE_BOUND('',#5252,.T.);
#5252 = EDGE_LOOP('',(#5253,#5254,#5282,#5303));
#5253 = ORIENTED_EDGE('',*,*,#5144,.T.);
#5254 = ORIENTED_EDGE('',*,*,#5255,.F.);
#5255 = EDGE_CURVE('',#5256,#5145,#5258,.T.);
#5256 = VERTEX_POINT('',#5257);
#5257 = CARTESIAN_POINT('',(6.518737304106,-12.,125.));
#5258 = SURFACE_CURVE('',#5259,(#5263,#5270),.PCURVE_S1.);
#5259 = LINE('',#5260,#5261);
#5260 = CARTESIAN_POINT('',(6.518737304106,-12.,125.));
#5261 = VECTOR('',#5262,1.);
#5262 = DIRECTION('',(-1.,0.,0.));
#5263 = PCURVE('',#2271,#5264);
#5264 = DEFINITIONAL_REPRESENTATION('',(#5265),#5269);
#5265 = LINE('',#5266,#5267);
#5266 = CARTESIAN_POINT('',(13.037474608212,-12.));
#5267 = VECTOR('',#5268,1.);
#5268 = DIRECTION('',(-1.,0.));
#5269 = ( GEOMETRIC_REPRESENTATION_CONTEXT(2) 
PARAMETRIC_REPRESENTATION_CONTEXT() REPRESENTATION_CONTEXT('2D SPACE',''
  ) );
#5270 = PCURVE('',#5271,#5276);
#5271 = CYLINDRICAL_SURFACE('',#5272,6.);
#5272 = AXIS2_PLACEMENT_3D('',#5273,#5274,#5275);
#5273 = CARTESIAN_POINT('',(6.518737304106,-12.,119.));
#5274 = DIRECTION('',(-1.,0.,0.));
#5275 = DIRECTION('',(0.,2.2E-16,1.));
#5276 = DEFINITIONAL_REPRESENTATION('',(#5277),#5281);
#5277 = LINE('',#5278,#5279);
#5278 = CARTESIAN_POINT('',(-0.,0.));
#5279 = VECTOR('',#5280,1.);
#5280 = DIRECTION('',(-0.,1.));
#5281 = ( GEOMETRIC_REPRESENTATION_CONTEXT(2) 
PARAMETRIC_REPRESENTATION_CONTEXT() REPRESENTATION_CONTEXT('2D SPACE',''
  ) );
#5282 = ORIENTED_EDGE('',*,*,#5283,.F.);
#5283 = EDGE_CURVE('',#2256,#5256,#5284,.T.);
#5284 = SURFACE_CURVE('',#5285,(#5289,#5296),.PCURVE_S1.);
#5285 = LINE('',#5286,#5287);
#5286 = CARTESIAN_POINT('',(6.518737304106,2.776E-14,125.));
#5287 = VECTOR('',#5288,1.);
#5288 = DIRECTION('',(0.,-1.,2.2E-16));
#5289 = PCURVE('',#2271,#5290);
#5290 = DEFINITIONAL_REPRESENTATION('',(#5291),#5295);
#5291 = LINE('',#5292,#5293);
#5292 = CARTESIAN_POINT('',(13.037474608212,0.));
#5293 = VECTOR('',#5294,1.);
#5294 = DIRECTION('',(0.,-1.));
#5295 = ( GEOMETRIC_REPRESENTATION_CONTEXT(2) 
PARAMETRIC_REPRESENTATION_CONTEXT() REPRESENTATION_CONTEXT('2D SPACE',''
  ) );
#5296 = PCURVE('',#2414,#5297);
#5297 = DEFINITIONAL_REPRESENTATION('',(#5298),#5302);
#5298 = LINE('',#5299,#5300);
#5299 = CARTESIAN_POINT('',(-1.570796326795,0.));
#5300 = VECTOR('',#5301,1.);
#5301 = DIRECTION('',(-0.,-1.));
#5302 = ( GEOMETRIC_REPRESENTATION_CONTEXT(2) 
PARAMETRIC_REPRESENTATION_CONTEXT() REPRESENTATION_CONTEXT('2D SPACE',''
  ) );
#5303 = ORIENTED_EDGE('',*,*,#2255,.F.);
#5304 = ADVANCED_FACE('',(#5305),#2357,.T.);
#5305 = FACE_BOUND('',#5306,.F.);
#5306 = EDGE_LOOP('',(#5307,#5330,#5331,#5332));
#5307 = ORIENTED_EDGE('',*,*,#5308,.T.);
#5308 = EDGE_CURVE('',#5309,#2310,#5311,.T.);
#5309 = VERTEX_POINT('',#5310);
#5310 = CARTESIAN_POINT('',(-17.63789718015,-9.,38.050200659202));
#5311 = SURFACE_CURVE('',#5312,(#5316,#5323),.PCURVE_S1.);
#5312 = LINE('',#5313,#5314);
#5313 = CARTESIAN_POINT('',(-17.63789718015,8.45E-15,38.050200659202));
#5314 = VECTOR('',#5315,1.);
#5315 = DIRECTION('',(0.,1.,-2.2E-16));
#5316 = PCURVE('',#2357,#5317);
#5317 = DEFINITIONAL_REPRESENTATION('',(#5318),#5322);
#5318 = LINE('',#5319,#5320);
#5319 = CARTESIAN_POINT('',(-15.34305404606,-1.6808121693E-18));
#5320 = VECTOR('',#5321,1.);
#5321 = DIRECTION('',(1.470222513814E-18,1.));
#5322 = ( GEOMETRIC_REPRESENTATION_CONTEXT(2) 
PARAMETRIC_REPRESENTATION_CONTEXT() REPRESENTATION_CONTEXT('2D SPACE',''
  ) );
#5323 = PCURVE('',#2446,#5324);
#5324 = DEFINITIONAL_REPRESENTATION('',(#5325),#5329);
#5325 = LINE('',#5326,#5327);
#5326 = CARTESIAN_POINT('',(32.396802861236,6.270337052811E-17));
#5327 = VECTOR('',#5328,1.);
#5328 = DIRECTION('',(2.840142076877E-19,1.));
#5329 = ( GEOMETRIC_REPRESENTATION_CONTEXT(2) 
PARAMETRIC_REPRESENTATION_CONTEXT() REPRESENTATION_CONTEXT('2D SPACE',''
  ) );
#5330 = ORIENTED_EDGE('',*,*,#2343,.T.);
#5331 = ORIENTED_EDGE('',*,*,#5199,.T.);
#5332 = ORIENTED_EDGE('',*,*,#5333,.F.);
#5333 = EDGE_CURVE('',#5309,#5200,#5334,.T.);
#5334 = SURFACE_CURVE('',#5335,(#5339,#5346),.PCURVE_S1.);
#5335 = LINE('',#5336,#5337);
#5336 = CARTESIAN_POINT('',(-17.63789718015,-9.,38.050200659202));
#5337 = VECTOR('',#5338,1.);
#5338 = DIRECTION('',(-0.642787609686,1.7E-16,0.766044443119));
#5339 = PCURVE('',#2357,#5340);
#5340 = DEFINITIONAL_REPRESENTATION('',(#5341),#5345);
#5341 = LINE('',#5342,#5343);
#5342 = CARTESIAN_POINT('',(-15.34305404606,-9.));
#5343 = VECTOR('',#5344,1.);
#5344 = DIRECTION('',(1.,2.465190328816E-32));
#5345 = ( GEOMETRIC_REPRESENTATION_CONTEXT(2) 
PARAMETRIC_REPRESENTATION_CONTEXT() REPRESENTATION_CONTEXT('2D SPACE',''
  ) );
#5346 = PCURVE('',#5347,#5352);
#5347 = CYLINDRICAL_SURFACE('',#5348,2.);
#5348 = AXIS2_PLACEMENT_3D('',#5349,#5350,#5351);
#5349 = CARTESIAN_POINT('',(-16.10580829392,-9.,39.335775878575));
#5350 = DIRECTION('',(-0.642787609686,1.7E-16,0.766044443119));
#5351 = DIRECTION('',(-0.766044443119,-1.4E-16,-0.642787609686));
#5352 = DEFINITIONAL_REPRESENTATION('',(#5353),#5357);
#5353 = LINE('',#5354,#5355);
#5354 = CARTESIAN_POINT('',(0.,0.));
#5355 = VECTOR('',#5356,1.);
#5356 = DIRECTION('',(0.,1.));
#5357 = ( GEOMETRIC_REPRESENTATION_CONTEXT(2) 
PARAMETRIC_REPRESENTATION_CONTEXT() REPRESENTATION_CONTEXT('2D SPACE',''
  ) );
#5358 = ADVANCED_FACE('',(#5359),#2414,.T.);
#5359 = FACE_BOUND('',#5360,.F.);
#5360 = EDGE_LOOP('',(#5361,#5384,#5411,#5412));
#5361 = ORIENTED_EDGE('',*,*,#5362,.T.);
#5362 = EDGE_CURVE('',#2377,#5363,#5365,.T.);
#5363 = VERTEX_POINT('',#5364);
#5364 = CARTESIAN_POINT('',(21.5,-12.,110.74951186556));
#5365 = SURFACE_CURVE('',#5366,(#5370,#5377),.PCURVE_S1.);
#5366 = LINE('',#5367,#5368);
#5367 = CARTESIAN_POINT('',(21.5,2.459E-14,110.74951186556));
#5368 = VECTOR('',#5369,1.);
#5369 = DIRECTION('',(0.,-1.,2.2E-16));
#5370 = PCURVE('',#2414,#5371);
#5371 = DEFINITIONAL_REPRESENTATION('',(#5372),#5376);
#5372 = LINE('',#5373,#5374);
#5373 = CARTESIAN_POINT('',(-4.998827378218E-02,0.));
#5374 = VECTOR('',#5375,1.);
#5375 = DIRECTION('',(-0.,-1.));
#5376 = ( GEOMETRIC_REPRESENTATION_CONTEXT(2) 
PARAMETRIC_REPRESENTATION_CONTEXT() REPRESENTATION_CONTEXT('2D SPACE',''
  ) );
#5377 = PCURVE('',#2605,#5378);
#5378 = DEFINITIONAL_REPRESENTATION('',(#5379),#5383);
#5379 = LINE('',#5380,#5381);
#5380 = CARTESIAN_POINT('',(-3.191580990597,0.));
#5381 = VECTOR('',#5382,1.);
#5382 = DIRECTION('',(-0.,-1.));
#5383 = ( GEOMETRIC_REPRESENTATION_CONTEXT(2) 
PARAMETRIC_REPRESENTATION_CONTEXT() REPRESENTATION_CONTEXT('2D SPACE',''
  ) );
#5384 = ORIENTED_EDGE('',*,*,#5385,.T.);
#5385 = EDGE_CURVE('',#5363,#5256,#5386,.T.);
#5386 = SURFACE_CURVE('',#5387,(#5392,#5399),.PCURVE_S1.);
#5387 = CIRCLE('',#5388,15.);
#5388 = AXIS2_PLACEMENT_3D('',#5389,#5390,#5391);
#5389 = CARTESIAN_POINT('',(6.518737304106,-12.,110.));
#5390 = DIRECTION('',(0.,-1.,0.));
#5391 = DIRECTION('',(0.998750846393,0.,4.996745770414E-02));
#5392 = PCURVE('',#2414,#5393);
#5393 = DEFINITIONAL_REPRESENTATION('',(#5394),#5398);
#5394 = LINE('',#5395,#5396);
#5395 = CARTESIAN_POINT('',(-4.998827378218E-02,-12.));
#5396 = VECTOR('',#5397,1.);
#5397 = DIRECTION('',(-1.,0.));
#5398 = ( GEOMETRIC_REPRESENTATION_CONTEXT(2) 
PARAMETRIC_REPRESENTATION_CONTEXT() REPRESENTATION_CONTEXT('2D SPACE',''
  ) );
#5399 = PCURVE('',#5400,#5405);
#5400 = TOROIDAL_SURFACE('',#5401,9.,6.);
#5401 = AXIS2_PLACEMENT_3D('',#5402,#5403,#5404);
#5402 = CARTESIAN_POINT('',(6.518737304106,-12.,110.));
#5403 = DIRECTION('',(0.,-1.,0.));
#5404 = DIRECTION('',(0.998750846393,0.,4.996745770414E-02));
#5405 = DEFINITIONAL_REPRESENTATION('',(#5406),#5410);
#5406 = LINE('',#5407,#5408);
#5407 = CARTESIAN_POINT('',(0.,0.));
#5408 = VECTOR('',#5409,1.);
#5409 = DIRECTION('',(1.,0.));
#5410 = ( GEOMETRIC_REPRESENTATION_CONTEXT(2) 
PARAMETRIC_REPRESENTATION_CONTEXT() REPRESENTATION_CONTEXT('2D SPACE',''
  ) );
#5411 = ORIENTED_EDGE('',*,*,#5283,.F.);
#5412 = ORIENTED_EDGE('',*,*,#2399,.T.);
#5413 = ADVANCED_FACE('',(#5414),#2446,.T.);
#5414 = FACE_BOUND('',#5415,.T.);
#5415 = EDGE_LOOP('',(#5416,#5439,#5465,#5466,#5489,#5514,#5515));
#5416 = ORIENTED_EDGE('',*,*,#5417,.T.);
#5417 = EDGE_CURVE('',#2431,#5418,#5420,.T.);
#5418 = VERTEX_POINT('',#5419);
#5419 = CARTESIAN_POINT('',(-15.99225415797,-12.,5.695221217495));
#5420 = SURFACE_CURVE('',#5421,(#5425,#5432),.PCURVE_S1.);
#5421 = LINE('',#5422,#5423);
#5422 = CARTESIAN_POINT('',(-15.99225415797,1.26E-15,5.695221217495));
#5423 = VECTOR('',#5424,1.);
#5424 = DIRECTION('',(0.,-1.,2.2E-16));
#5425 = PCURVE('',#2446,#5426);
#5426 = DEFINITIONAL_REPRESENTATION('',(#5427),#5431);
#5427 = LINE('',#5428,#5429);
#5428 = CARTESIAN_POINT('',(0.,0.));
#5429 = VECTOR('',#5430,1.);
#5430 = DIRECTION('',(-2.840142076877E-19,-1.));
#5431 = ( GEOMETRIC_REPRESENTATION_CONTEXT(2) 
PARAMETRIC_REPRESENTATION_CONTEXT() REPRESENTATION_CONTEXT('2D SPACE',''
  ) );
#5432 = PCURVE('',#2661,#5433);
#5433 = DEFINITIONAL_REPRESENTATION('',(#5434),#5438);
#5434 = LINE('',#5435,#5436);
#5435 = CARTESIAN_POINT('',(-3.1924109876,0.));
#5436 = VECTOR('',#5437,1.);
#5437 = DIRECTION('',(-0.,-1.));
#5438 = ( GEOMETRIC_REPRESENTATION_CONTEXT(2) 
PARAMETRIC_REPRESENTATION_CONTEXT() REPRESENTATION_CONTEXT('2D SPACE',''
  ) );
#5439 = ORIENTED_EDGE('',*,*,#5440,.F.);
#5440 = EDGE_CURVE('',#3794,#5418,#5441,.T.);
#5441 = SURFACE_CURVE('',#5442,(#5446,#5453),.PCURVE_S1.);
#5442 = LINE('',#5443,#5444);
#5443 = CARTESIAN_POINT('',(-18.5,-12.,55.));
#5444 = VECTOR('',#5445,1.);
#5445 = DIRECTION('',(5.07964637509E-02,-2.2E-16,-0.998709026329));
#5446 = PCURVE('',#2446,#5447);
#5447 = DEFINITIONAL_REPRESENTATION('',(#5448),#5452);
#5448 = LINE('',#5449,#5450);
#5449 = CARTESIAN_POINT('',(49.368512231989,-12.));
#5450 = VECTOR('',#5451,1.);
#5451 = DIRECTION('',(-1.,-4.930380657631E-32));
#5452 = ( GEOMETRIC_REPRESENTATION_CONTEXT(2) 
PARAMETRIC_REPRESENTATION_CONTEXT() REPRESENTATION_CONTEXT('2D SPACE',''
  ) );
#5453 = PCURVE('',#5454,#5459);
#5454 = CYLINDRICAL_SURFACE('',#5455,6.);
#5455 = AXIS2_PLACEMENT_3D('',#5456,#5457,#5458);
#5456 = CARTESIAN_POINT('',(-12.50774584202,-12.,55.304778782505));
#5457 = DIRECTION('',(5.07964637509E-02,-2.2E-16,-0.998709026329));
#5458 = DIRECTION('',(-0.998709026329,-1.E-17,-5.07964637509E-02));
#5459 = DEFINITIONAL_REPRESENTATION('',(#5460),#5464);
#5460 = LINE('',#5461,#5462);
#5461 = CARTESIAN_POINT('',(-0.,0.));
#5462 = VECTOR('',#5463,1.);
#5463 = DIRECTION('',(-0.,1.));
#5464 = ( GEOMETRIC_REPRESENTATION_CONTEXT(2) 
PARAMETRIC_REPRESENTATION_CONTEXT() REPRESENTATION_CONTEXT('2D SPACE',''
  ) );
#5465 = ORIENTED_EDGE('',*,*,#3793,.F.);
#5466 = ORIENTED_EDGE('',*,*,#5467,.F.);
#5467 = EDGE_CURVE('',#5468,#3771,#5470,.T.);
#5468 = VERTEX_POINT('',#5469);
#5469 = CARTESIAN_POINT('',(-17.80636363546,-11.,41.362418816269));
#5470 = SURFACE_CURVE('',#5471,(#5475,#5482),.PCURVE_S1.);
#5471 = LINE('',#5472,#5473);
#5472 = CARTESIAN_POINT('',(-17.36110645149,-11.,32.608219491466));
#5473 = VECTOR('',#5474,1.);
#5474 = DIRECTION('',(-5.07964637509E-02,0.,0.998709026329));
#5475 = PCURVE('',#2446,#5476);
#5476 = DEFINITIONAL_REPRESENTATION('',(#5477),#5481);
#5477 = LINE('',#5478,#5479);
#5478 = CARTESIAN_POINT('',(26.947787157692,-11.));
#5479 = VECTOR('',#5480,1.);
#5480 = DIRECTION('',(1.,-2.2E-16));
#5481 = ( GEOMETRIC_REPRESENTATION_CONTEXT(2) 
PARAMETRIC_REPRESENTATION_CONTEXT() REPRESENTATION_CONTEXT('2D SPACE',''
  ) );
#5482 = PCURVE('',#3685,#5483);
#5483 = DEFINITIONAL_REPRESENTATION('',(#5484),#5488);
#5484 = LINE('',#5485,#5486);
#5485 = CARTESIAN_POINT('',(26.844380508532,-2.71794584553));
#5486 = VECTOR('',#5487,1.);
#5487 = DIRECTION('',(-0.998709026329,5.07964637509E-02));
#5488 = ( GEOMETRIC_REPRESENTATION_CONTEXT(2) 
PARAMETRIC_REPRESENTATION_CONTEXT() REPRESENTATION_CONTEXT('2D SPACE',''
  ) );
#5489 = ORIENTED_EDGE('',*,*,#5490,.F.);
#5490 = EDGE_CURVE('',#5309,#5468,#5491,.T.);
#5491 = SURFACE_CURVE('',#5492,(#5497,#5504),.PCURVE_S1.);
#5492 = ELLIPSE('',#5493,3.316499670823,2.);
#5493 = AXIS2_PLACEMENT_3D('',#5494,#5495,#5496);
#5494 = CARTESIAN_POINT('',(-17.80636363546,-9.,41.362418816269));
#5495 = DIRECTION('',(-0.998709026329,-1.E-17,-5.07964637509E-02));
#5496 = DIRECTION('',(-5.07964637509E-02,2.2E-16,0.998709026329));
#5497 = PCURVE('',#2446,#5498);
#5498 = DEFINITIONAL_REPRESENTATION('',(#5499),#5503);
#5499 = ELLIPSE('',#5500,3.316499670823,2.);
#5500 = AXIS2_PLACEMENT_2D('',#5501,#5502);
#5501 = CARTESIAN_POINT('',(35.713302532059,-9.));
#5502 = DIRECTION('',(1.,0.));
#5503 = ( GEOMETRIC_REPRESENTATION_CONTEXT(2) 
PARAMETRIC_REPRESENTATION_CONTEXT() REPRESENTATION_CONTEXT('2D SPACE',''
  ) );
#5504 = PCURVE('',#5347,#5505);
#5505 = DEFINITIONAL_REPRESENTATION('',(#5506),#5513);
#5506 = B_SPLINE_CURVE_WITH_KNOTS('',5,(#5507,#5508,#5509,#5510,#5511,
    #5512),.UNSPECIFIED.,.F.,.F.,(6,6),(3.14159265359,4.712388980385),
  .PIECEWISE_BEZIER_KNOTS.);
#5507 = CARTESIAN_POINT('',(0.,-6.99E-15));
#5508 = CARTESIAN_POINT('',(0.314159265359,-8.37E-15));
#5509 = CARTESIAN_POINT('',(0.628300465219,0.325428416911));
#5510 = CARTESIAN_POINT('',(0.942477895209,0.982592581071));
#5511 = CARTESIAN_POINT('',(1.256637061436,1.814456450573));
#5512 = CARTESIAN_POINT('',(1.570796326795,2.645594463739));
#5513 = ( GEOMETRIC_REPRESENTATION_CONTEXT(2) 
PARAMETRIC_REPRESENTATION_CONTEXT() REPRESENTATION_CONTEXT('2D SPACE',''
  ) );
#5514 = ORIENTED_EDGE('',*,*,#5308,.T.);
#5515 = ORIENTED_EDGE('',*,*,#2430,.T.);
#5516 = ADVANCED_FACE('',(#5517),#2605,.F.);
#5517 = FACE_BOUND('',#5518,.T.);
#5518 = EDGE_LOOP('',(#5519,#5520,#5549,#5575));
#5519 = ORIENTED_EDGE('',*,*,#5362,.T.);
#5520 = ORIENTED_EDGE('',*,*,#5521,.F.);
#5521 = EDGE_CURVE('',#5522,#5363,#5524,.T.);
#5522 = VERTEX_POINT('',#5523);
#5523 = CARTESIAN_POINT('',(22.249367459924,-12.,109.82187661405));
#5524 = SURFACE_CURVE('',#5525,(#5530,#5537),.PCURVE_S1.);
#5525 = CIRCLE('',#5526,1.012747307136);
#5526 = AXIS2_PLACEMENT_3D('',#5527,#5528,#5529);
#5527 = CARTESIAN_POINT('',(22.511482226985,-12.,110.80011633774));
#5528 = DIRECTION('',(0.,1.,0.));
#5529 = DIRECTION('',(-0.258815565569,0.,-0.96592675862));
#5530 = PCURVE('',#2605,#5531);
#5531 = DEFINITIONAL_REPRESENTATION('',(#5532),#5536);
#5532 = LINE('',#5533,#5534);
#5533 = CARTESIAN_POINT('',(-4.450593194862,-12.));
#5534 = VECTOR('',#5535,1.);
#5535 = DIRECTION('',(1.,-0.));
#5536 = ( GEOMETRIC_REPRESENTATION_CONTEXT(2) 
PARAMETRIC_REPRESENTATION_CONTEXT() REPRESENTATION_CONTEXT('2D SPACE',''
  ) );
#5537 = PCURVE('',#5538,#5543);
#5538 = TOROIDAL_SURFACE('',#5539,7.012747307136,6.);
#5539 = AXIS2_PLACEMENT_3D('',#5540,#5541,#5542);
#5540 = CARTESIAN_POINT('',(22.511482226985,-12.,110.80011633774));
#5541 = DIRECTION('',(0.,1.,0.));
#5542 = DIRECTION('',(-0.258815565569,0.,-0.96592675862));
#5543 = DEFINITIONAL_REPRESENTATION('',(#5544),#5548);
#5544 = LINE('',#5545,#5546);
#5545 = CARTESIAN_POINT('',(0.,3.14159265359));
#5546 = VECTOR('',#5547,1.);
#5547 = DIRECTION('',(1.,0.));
#5548 = ( GEOMETRIC_REPRESENTATION_CONTEXT(2) 
PARAMETRIC_REPRESENTATION_CONTEXT() REPRESENTATION_CONTEXT('2D SPACE',''
  ) );
#5549 = ORIENTED_EDGE('',*,*,#5550,.F.);
#5550 = EDGE_CURVE('',#2487,#5522,#5551,.T.);
#5551 = SURFACE_CURVE('',#5552,(#5556,#5563),.PCURVE_S1.);
#5552 = LINE('',#5553,#5554);
#5553 = CARTESIAN_POINT('',(22.249367459924,2.439E-14,109.82187661405));
#5554 = VECTOR('',#5555,1.);
#5555 = DIRECTION('',(0.,-1.,2.2E-16));
#5556 = PCURVE('',#2605,#5557);
#5557 = DEFINITIONAL_REPRESENTATION('',(#5558),#5562);
#5558 = LINE('',#5559,#5560);
#5559 = CARTESIAN_POINT('',(-4.450593194862,0.));
#5560 = VECTOR('',#5561,1.);
#5561 = DIRECTION('',(-0.,-1.));
#5562 = ( GEOMETRIC_REPRESENTATION_CONTEXT(2) 
PARAMETRIC_REPRESENTATION_CONTEXT() REPRESENTATION_CONTEXT('2D SPACE',''
  ) );
#5563 = PCURVE('',#5564,#5569);
#5564 = CYLINDRICAL_SURFACE('',#5565,1.012747307136);
#5565 = AXIS2_PLACEMENT_3D('',#5566,#5567,#5568);
#5566 = CARTESIAN_POINT('',(21.987252692864,2.417E-14,108.84363689035));
#5567 = DIRECTION('',(0.,1.,-2.2E-16));
#5568 = DIRECTION('',(1.,0.,0.));
#5569 = DEFINITIONAL_REPRESENTATION('',(#5570),#5574);
#5570 = LINE('',#5571,#5572);
#5571 = CARTESIAN_POINT('',(-1.309000541272,0.));
#5572 = VECTOR('',#5573,1.);
#5573 = DIRECTION('',(-0.,-1.));
#5574 = ( GEOMETRIC_REPRESENTATION_CONTEXT(2) 
PARAMETRIC_REPRESENTATION_CONTEXT() REPRESENTATION_CONTEXT('2D SPACE',''
  ) );
#5575 = ORIENTED_EDGE('',*,*,#2590,.F.);
#5576 = ADVANCED_FACE('',(#5577),#2505,.F.);
#5577 = FACE_BOUND('',#5578,.F.);
#5578 = EDGE_LOOP('',(#5579,#5580,#5581));
#5579 = ORIENTED_EDGE('',*,*,#2486,.F.);
#5580 = ORIENTED_EDGE('',*,*,#2676,.T.);
#5581 = ORIENTED_EDGE('',*,*,#5582,.F.);
#5582 = EDGE_CURVE('',#2487,#2677,#5583,.T.);
#5583 = SURFACE_CURVE('',#5584,(#5593,#5600),.PCURVE_S1.);
#5584 = B_SPLINE_CURVE_WITH_KNOTS('',7,(#5585,#5586,#5587,#5588,#5589,
    #5590,#5591,#5592),.UNSPECIFIED.,.F.,.F.,(8,8),(0.,1.),
  .PIECEWISE_BEZIER_KNOTS.);
#5585 = CARTESIAN_POINT('',(22.249367459924,-2.,109.82187661405));
#5586 = CARTESIAN_POINT('',(22.432298361714,-2.,109.77286113292));
#5587 = CARTESIAN_POINT('',(22.604535427767,-2.,109.68393595164));
#5588 = CARTESIAN_POINT('',(22.755632508297,-2.,109.55790258471));
#5589 = CARTESIAN_POINT('',(22.876049696293,-2.,109.40097243522));
#5590 = CARTESIAN_POINT('',(22.958682421545,-2.,109.22240432486));
#5591 = CARTESIAN_POINT('',(23.,-2.,109.03302071284));
#5592 = CARTESIAN_POINT('',(23.,-2.,108.84363689035));
#5593 = PCURVE('',#2505,#5594);
#5594 = DEFINITIONAL_REPRESENTATION('',(#5595),#5599);
#5595 = LINE('',#5596,#5597);
#5596 = CARTESIAN_POINT('',(0.,1.));
#5597 = VECTOR('',#5598,1.);
#5598 = DIRECTION('',(1.,0.));
#5599 = ( GEOMETRIC_REPRESENTATION_CONTEXT(2) 
PARAMETRIC_REPRESENTATION_CONTEXT() REPRESENTATION_CONTEXT('2D SPACE',''
  ) );
#5600 = PCURVE('',#5564,#5601);
#5601 = DEFINITIONAL_REPRESENTATION('',(#5602),#5610);
#5602 = B_SPLINE_CURVE_WITH_KNOTS('',6,(#5603,#5604,#5605,#5606,#5607,
    #5608,#5609),.UNSPECIFIED.,.F.,.F.,(7,7),(0.,1.),
  .PIECEWISE_BEZIER_KNOTS.);
#5603 = CARTESIAN_POINT('',(-1.309000541272,-2.));
#5604 = CARTESIAN_POINT('',(-1.090834120632,-2.));
#5605 = CARTESIAN_POINT('',(-0.872666635068,-2.));
#5606 = CARTESIAN_POINT('',(-0.654500270636,-2.));
#5607 = CARTESIAN_POINT('',(-0.436333906203,-2.));
#5608 = CARTESIAN_POINT('',(-0.21816642064,-2.));
#5609 = CARTESIAN_POINT('',(-1.78E-15,-2.));
#5610 = ( GEOMETRIC_REPRESENTATION_CONTEXT(2) 
PARAMETRIC_REPRESENTATION_CONTEXT() REPRESENTATION_CONTEXT('2D SPACE',''
  ) );
#5611 = ADVANCED_FACE('',(#5612),#2661,.T.);
#5612 = FACE_BOUND('',#5613,.F.);
#5613 = EDGE_LOOP('',(#5614,#5615,#5644,#5665));
#5614 = ORIENTED_EDGE('',*,*,#5417,.T.);
#5615 = ORIENTED_EDGE('',*,*,#5616,.T.);
#5616 = EDGE_CURVE('',#5418,#5617,#5619,.T.);
#5617 = VERTEX_POINT('',#5618);
#5618 = CARTESIAN_POINT('',(-10.,-12.,0.));
#5619 = SURFACE_CURVE('',#5620,(#5625,#5632),.PCURVE_S1.);
#5620 = CIRCLE('',#5621,6.);
#5621 = AXIS2_PLACEMENT_3D('',#5622,#5623,#5624);
#5622 = CARTESIAN_POINT('',(-10.,-12.,6.));
#5623 = DIRECTION('',(0.,-1.,-0.));
#5624 = DIRECTION('',(-0.998709026329,0.,-5.07964637509E-02));
#5625 = PCURVE('',#2661,#5626);
#5626 = DEFINITIONAL_REPRESENTATION('',(#5627),#5631);
#5627 = LINE('',#5628,#5629);
#5628 = CARTESIAN_POINT('',(-3.1924109876,-12.));
#5629 = VECTOR('',#5630,1.);
#5630 = DIRECTION('',(-1.,0.));
#5631 = ( GEOMETRIC_REPRESENTATION_CONTEXT(2) 
PARAMETRIC_REPRESENTATION_CONTEXT() REPRESENTATION_CONTEXT('2D SPACE',''
  ) );
#5632 = PCURVE('',#5633,#5638);
#5633 = SPHERICAL_SURFACE('',#5634,6.);
#5634 = AXIS2_PLACEMENT_3D('',#5635,#5636,#5637);
#5635 = CARTESIAN_POINT('',(-10.,-12.,6.));
#5636 = DIRECTION('',(0.,-1.,0.));
#5637 = DIRECTION('',(-0.998709026329,-0.,-5.07964637509E-02));
#5638 = DEFINITIONAL_REPRESENTATION('',(#5639),#5643);
#5639 = LINE('',#5640,#5641);
#5640 = CARTESIAN_POINT('',(0.,0.));
#5641 = VECTOR('',#5642,1.);
#5642 = DIRECTION('',(1.,0.));
#5643 = ( GEOMETRIC_REPRESENTATION_CONTEXT(2) 
PARAMETRIC_REPRESENTATION_CONTEXT() REPRESENTATION_CONTEXT('2D SPACE',''
  ) );
#5644 = ORIENTED_EDGE('',*,*,#5645,.F.);
#5645 = EDGE_CURVE('',#2623,#5617,#5646,.T.);
#5646 = SURFACE_CURVE('',#5647,(#5651,#5658),.PCURVE_S1.);
#5647 = LINE('',#5648,#5649);
#5648 = CARTESIAN_POINT('',(-10.,0.,0.));
#5649 = VECTOR('',#5650,1.);
#5650 = DIRECTION('',(0.,-1.,2.2E-16));
#5651 = PCURVE('',#2661,#5652);
#5652 = DEFINITIONAL_REPRESENTATION('',(#5653),#5657);
#5653 = LINE('',#5654,#5655);
#5654 = CARTESIAN_POINT('',(-4.712388980385,0.));
#5655 = VECTOR('',#5656,1.);
#5656 = DIRECTION('',(-0.,-1.));
#5657 = ( GEOMETRIC_REPRESENTATION_CONTEXT(2) 
PARAMETRIC_REPRESENTATION_CONTEXT() REPRESENTATION_CONTEXT('2D SPACE',''
  ) );
#5658 = PCURVE('',#2780,#5659);
#5659 = DEFINITIONAL_REPRESENTATION('',(#5660),#5664);
#5660 = LINE('',#5661,#5662);
#5661 = CARTESIAN_POINT('',(0.,0.));
#5662 = VECTOR('',#5663,1.);
#5663 = DIRECTION('',(0.,-1.));
#5664 = ( GEOMETRIC_REPRESENTATION_CONTEXT(2) 
PARAMETRIC_REPRESENTATION_CONTEXT() REPRESENTATION_CONTEXT('2D SPACE',''
  ) );
#5665 = ORIENTED_EDGE('',*,*,#2646,.F.);
#5666 = ADVANCED_FACE('',(#5667),#2720,.T.);
#5667 = FACE_BOUND('',#5668,.T.);
#5668 = EDGE_LOOP('',(#5669,#5692,#5720,#5746));
#5669 = ORIENTED_EDGE('',*,*,#5670,.T.);
#5670 = EDGE_CURVE('',#2677,#5671,#5673,.T.);
#5671 = VERTEX_POINT('',#5672);
#5672 = CARTESIAN_POINT('',(23.,-12.,108.84363689035));
#5673 = SURFACE_CURVE('',#5674,(#5678,#5685),.PCURVE_S1.);
#5674 = LINE('',#5675,#5676);
#5675 = CARTESIAN_POINT('',(23.,2.417E-14,108.84363689035));
#5676 = VECTOR('',#5677,1.);
#5677 = DIRECTION('',(0.,-1.,2.2E-16));
#5678 = PCURVE('',#2720,#5679);
#5679 = DEFINITIONAL_REPRESENTATION('',(#5680),#5684);
#5680 = LINE('',#5681,#5682);
#5681 = CARTESIAN_POINT('',(0.,0.));
#5682 = VECTOR('',#5683,1.);
#5683 = DIRECTION('',(0.,-1.));
#5684 = ( GEOMETRIC_REPRESENTATION_CONTEXT(2) 
PARAMETRIC_REPRESENTATION_CONTEXT() REPRESENTATION_CONTEXT('2D SPACE',''
  ) );
#5685 = PCURVE('',#5564,#5686);
#5686 = DEFINITIONAL_REPRESENTATION('',(#5687),#5691);
#5687 = LINE('',#5688,#5689);
#5688 = CARTESIAN_POINT('',(-1.8E-15,0.));
#5689 = VECTOR('',#5690,1.);
#5690 = DIRECTION('',(-0.,-1.));
#5691 = ( GEOMETRIC_REPRESENTATION_CONTEXT(2) 
PARAMETRIC_REPRESENTATION_CONTEXT() REPRESENTATION_CONTEXT('2D SPACE',''
  ) );
#5692 = ORIENTED_EDGE('',*,*,#5693,.F.);
#5693 = EDGE_CURVE('',#5694,#5671,#5696,.T.);
#5694 = VERTEX_POINT('',#5695);
#5695 = CARTESIAN_POINT('',(23.,-12.,80.767472786049));
#5696 = SURFACE_CURVE('',#5697,(#5701,#5708),.PCURVE_S1.);
#5697 = LINE('',#5698,#5699);
#5698 = CARTESIAN_POINT('',(23.,-12.,80.767472786049));
#5699 = VECTOR('',#5700,1.);
#5700 = DIRECTION('',(0.,2.2E-16,1.));
#5701 = PCURVE('',#2720,#5702);
#5702 = DEFINITIONAL_REPRESENTATION('',(#5703),#5707);
#5703 = LINE('',#5704,#5705);
#5704 = CARTESIAN_POINT('',(28.07616410431,-12.));
#5705 = VECTOR('',#5706,1.);
#5706 = DIRECTION('',(-1.,0.));
#5707 = ( GEOMETRIC_REPRESENTATION_CONTEXT(2) 
PARAMETRIC_REPRESENTATION_CONTEXT() REPRESENTATION_CONTEXT('2D SPACE',''
  ) );
#5708 = PCURVE('',#5709,#5714);
#5709 = CYLINDRICAL_SURFACE('',#5710,6.);
#5710 = AXIS2_PLACEMENT_3D('',#5711,#5712,#5713);
#5711 = CARTESIAN_POINT('',(17.,-12.,80.767472786049));
#5712 = DIRECTION('',(0.,2.2E-16,1.));
#5713 = DIRECTION('',(1.,0.,0.));
#5714 = DEFINITIONAL_REPRESENTATION('',(#5715),#5719);
#5715 = LINE('',#5716,#5717);
#5716 = CARTESIAN_POINT('',(-0.,0.));
#5717 = VECTOR('',#5718,1.);
#5718 = DIRECTION('',(-0.,1.));
#5719 = ( GEOMETRIC_REPRESENTATION_CONTEXT(2) 
PARAMETRIC_REPRESENTATION_CONTEXT() REPRESENTATION_CONTEXT('2D SPACE',''
  ) );
#5720 = ORIENTED_EDGE('',*,*,#5721,.F.);
#5721 = EDGE_CURVE('',#2705,#5694,#5722,.T.);
#5722 = SURFACE_CURVE('',#5723,(#5727,#5734),.PCURVE_S1.);
#5723 = LINE('',#5724,#5725);
#5724 = CARTESIAN_POINT('',(23.,1.793E-14,80.767472786049));
#5725 = VECTOR('',#5726,1.);
#5726 = DIRECTION('',(0.,-1.,2.2E-16));
#5727 = PCURVE('',#2720,#5728);
#5728 = DEFINITIONAL_REPRESENTATION('',(#5729),#5733);
#5729 = LINE('',#5730,#5731);
#5730 = CARTESIAN_POINT('',(28.07616410431,-6.324389705187E-17));
#5731 = VECTOR('',#5732,1.);
#5732 = DIRECTION('',(0.,-1.));
#5733 = ( GEOMETRIC_REPRESENTATION_CONTEXT(2) 
PARAMETRIC_REPRESENTATION_CONTEXT() REPRESENTATION_CONTEXT('2D SPACE',''
  ) );
#5734 = PCURVE('',#5735,#5740);
#5735 = CYLINDRICAL_SURFACE('',#5736,2.);
#5736 = AXIS2_PLACEMENT_3D('',#5737,#5738,#5739);
#5737 = CARTESIAN_POINT('',(21.,1.793E-14,80.767472786049));
#5738 = DIRECTION('',(0.,1.,-2.2E-16));
#5739 = DIRECTION('',(1.,0.,0.));
#5740 = DEFINITIONAL_REPRESENTATION('',(#5741),#5745);
#5741 = LINE('',#5742,#5743);
#5742 = CARTESIAN_POINT('',(-6.28318530718,0.));
#5743 = VECTOR('',#5744,1.);
#5744 = DIRECTION('',(-0.,-1.));
#5745 = ( GEOMETRIC_REPRESENTATION_CONTEXT(2) 
PARAMETRIC_REPRESENTATION_CONTEXT() REPRESENTATION_CONTEXT('2D SPACE',''
  ) );
#5746 = ORIENTED_EDGE('',*,*,#2704,.F.);
#5747 = ADVANCED_FACE('',(#5748),#2747,.T.);
#5748 = FACE_BOUND('',#5749,.F.);
#5749 = EDGE_LOOP('',(#5750,#5751,#5752));
#5750 = ORIENTED_EDGE('',*,*,#2732,.F.);
#5751 = ORIENTED_EDGE('',*,*,#2818,.T.);
#5752 = ORIENTED_EDGE('',*,*,#5753,.F.);
#5753 = EDGE_CURVE('',#2705,#2819,#5754,.T.);
#5754 = SURFACE_CURVE('',#5755,(#5760,#5767),.PCURVE_S1.);
#5755 = CIRCLE('',#5756,2.);
#5756 = AXIS2_PLACEMENT_3D('',#5757,#5758,#5759);
#5757 = CARTESIAN_POINT('',(21.,-2.,80.767472786049));
#5758 = DIRECTION('',(0.,1.,-2.2E-16));
#5759 = DIRECTION('',(1.,9.68E-32,4.4E-16));
#5760 = PCURVE('',#2747,#5761);
#5761 = DEFINITIONAL_REPRESENTATION('',(#5762),#5766);
#5762 = LINE('',#5763,#5764);
#5763 = CARTESIAN_POINT('',(-0.,0.));
#5764 = VECTOR('',#5765,1.);
#5765 = DIRECTION('',(-1.,0.));
#5766 = ( GEOMETRIC_REPRESENTATION_CONTEXT(2) 
PARAMETRIC_REPRESENTATION_CONTEXT() REPRESENTATION_CONTEXT('2D SPACE',''
  ) );
#5767 = PCURVE('',#5735,#5768);
#5768 = DEFINITIONAL_REPRESENTATION('',(#5769),#5773);
#5769 = LINE('',#5770,#5771);
#5770 = CARTESIAN_POINT('',(-6.28318530718,-2.));
#5771 = VECTOR('',#5772,1.);
#5772 = DIRECTION('',(1.,-0.));
#5773 = ( GEOMETRIC_REPRESENTATION_CONTEXT(2) 
PARAMETRIC_REPRESENTATION_CONTEXT() REPRESENTATION_CONTEXT('2D SPACE',''
  ) );
#5774 = ADVANCED_FACE('',(#5775),#2780,.F.);
#5775 = FACE_BOUND('',#5776,.F.);
#5776 = EDGE_LOOP('',(#5777,#5778,#5806,#5827));
#5777 = ORIENTED_EDGE('',*,*,#5645,.T.);
#5778 = ORIENTED_EDGE('',*,*,#5779,.T.);
#5779 = EDGE_CURVE('',#5617,#5780,#5782,.T.);
#5780 = VERTEX_POINT('',#5781);
#5781 = CARTESIAN_POINT('',(10.,-12.,-2.E-15));
#5782 = SURFACE_CURVE('',#5783,(#5787,#5794),.PCURVE_S1.);
#5783 = LINE('',#5784,#5785);
#5784 = CARTESIAN_POINT('',(-10.,-12.,8.9E-16));
#5785 = VECTOR('',#5786,1.);
#5786 = DIRECTION('',(1.,0.,0.));
#5787 = PCURVE('',#2780,#5788);
#5788 = DEFINITIONAL_REPRESENTATION('',(#5789),#5793);
#5789 = LINE('',#5790,#5791);
#5790 = CARTESIAN_POINT('',(0.,-12.));
#5791 = VECTOR('',#5792,1.);
#5792 = DIRECTION('',(1.,0.));
#5793 = ( GEOMETRIC_REPRESENTATION_CONTEXT(2) 
PARAMETRIC_REPRESENTATION_CONTEXT() REPRESENTATION_CONTEXT('2D SPACE',''
  ) );
#5794 = PCURVE('',#5795,#5800);
#5795 = CYLINDRICAL_SURFACE('',#5796,6.);
#5796 = AXIS2_PLACEMENT_3D('',#5797,#5798,#5799);
#5797 = CARTESIAN_POINT('',(-10.,-12.,6.));
#5798 = DIRECTION('',(1.,0.,0.));
#5799 = DIRECTION('',(0.,-2.2E-16,-1.));
#5800 = DEFINITIONAL_REPRESENTATION('',(#5801),#5805);
#5801 = LINE('',#5802,#5803);
#5802 = CARTESIAN_POINT('',(-0.,0.));
#5803 = VECTOR('',#5804,1.);
#5804 = DIRECTION('',(-0.,1.));
#5805 = ( GEOMETRIC_REPRESENTATION_CONTEXT(2) 
PARAMETRIC_REPRESENTATION_CONTEXT() REPRESENTATION_CONTEXT('2D SPACE',''
  ) );
#5806 = ORIENTED_EDGE('',*,*,#5807,.F.);
#5807 = EDGE_CURVE('',#2765,#5780,#5808,.T.);
#5808 = SURFACE_CURVE('',#5809,(#5813,#5820),.PCURVE_S1.);
#5809 = LINE('',#5810,#5811);
#5810 = CARTESIAN_POINT('',(10.,0.,0.));
#5811 = VECTOR('',#5812,1.);
#5812 = DIRECTION('',(0.,-1.,2.2E-16));
#5813 = PCURVE('',#2780,#5814);
#5814 = DEFINITIONAL_REPRESENTATION('',(#5815),#5819);
#5815 = LINE('',#5816,#5817);
#5816 = CARTESIAN_POINT('',(20.,0.));
#5817 = VECTOR('',#5818,1.);
#5818 = DIRECTION('',(0.,-1.));
#5819 = ( GEOMETRIC_REPRESENTATION_CONTEXT(2) 
PARAMETRIC_REPRESENTATION_CONTEXT() REPRESENTATION_CONTEXT('2D SPACE',''
  ) );
#5820 = PCURVE('',#2948,#5821);
#5821 = DEFINITIONAL_REPRESENTATION('',(#5822),#5826);
#5822 = LINE('',#5823,#5824);
#5823 = CARTESIAN_POINT('',(-4.712388980385,0.));
#5824 = VECTOR('',#5825,1.);
#5825 = DIRECTION('',(-0.,-1.));
#5826 = ( GEOMETRIC_REPRESENTATION_CONTEXT(2) 
PARAMETRIC_REPRESENTATION_CONTEXT() REPRESENTATION_CONTEXT('2D SPACE',''
  ) );
#5827 = ORIENTED_EDGE('',*,*,#2764,.F.);
#5828 = ADVANCED_FACE('',(#5829),#2858,.F.);
#5829 = FACE_BOUND('',#5830,.F.);
#5830 = EDGE_LOOP('',(#5831,#5854,#5855,#5883,#5904,#5905,#5928));
#5831 = ORIENTED_EDGE('',*,*,#5832,.T.);
#5832 = EDGE_CURVE('',#5833,#3283,#5835,.T.);
#5833 = VERTEX_POINT('',#5834);
#5834 = CARTESIAN_POINT('',(19.245218512654,-11.,75.828020714598));
#5835 = SURFACE_CURVE('',#5836,(#5840,#5847),.PCURVE_S1.);
#5836 = LINE('',#5837,#5838);
#5837 = CARTESIAN_POINT('',(14.987948168595,-11.,71.09771950406));
#5838 = VECTOR('',#5839,1.);
#5839 = DIRECTION('',(-0.668964666909,0.,-0.74329420449));
#5840 = PCURVE('',#2858,#5841);
#5841 = DEFINITIONAL_REPRESENTATION('',(#5842),#5846);
#5842 = LINE('',#5843,#5844);
#5843 = CARTESIAN_POINT('',(-5.249981060486,-11.));
#5844 = VECTOR('',#5845,1.);
#5845 = DIRECTION('',(-1.,1.7E-16));
#5846 = ( GEOMETRIC_REPRESENTATION_CONTEXT(2) 
PARAMETRIC_REPRESENTATION_CONTEXT() REPRESENTATION_CONTEXT('2D SPACE',''
  ) );
#5847 = PCURVE('',#3300,#5848);
#5848 = DEFINITIONAL_REPRESENTATION('',(#5849),#5853);
#5849 = LINE('',#5850,#5851);
#5850 = CARTESIAN_POINT('',(11.645119504062,-5.091104128429));
#5851 = VECTOR('',#5852,1.);
#5852 = DIRECTION('',(-0.74329420449,-0.668964666909));
#5853 = ( GEOMETRIC_REPRESENTATION_CONTEXT(2) 
PARAMETRIC_REPRESENTATION_CONTEXT() REPRESENTATION_CONTEXT('2D SPACE',''
  ) );
#5854 = ORIENTED_EDGE('',*,*,#3312,.T.);
#5855 = ORIENTED_EDGE('',*,*,#5856,.T.);
#5856 = EDGE_CURVE('',#3313,#5857,#5859,.T.);
#5857 = VERTEX_POINT('',#5858);
#5858 = CARTESIAN_POINT('',(22.486588408979,-12.,79.429543452232));
#5859 = SURFACE_CURVE('',#5860,(#5864,#5871),.PCURVE_S1.);
#5860 = LINE('',#5861,#5862);
#5861 = CARTESIAN_POINT('',(18.5,-12.,75.));
#5862 = VECTOR('',#5863,1.);
#5863 = DIRECTION('',(0.668964666909,1.7E-16,0.74329420449));
#5864 = PCURVE('',#2858,#5865);
#5865 = DEFINITIONAL_REPRESENTATION('',(#5866),#5870);
#5866 = LINE('',#5867,#5868);
#5867 = CARTESIAN_POINT('',(1.327612579617E-14,-12.));
#5868 = VECTOR('',#5869,1.);
#5869 = DIRECTION('',(1.,-2.465190328816E-32));
#5870 = ( GEOMETRIC_REPRESENTATION_CONTEXT(2) 
PARAMETRIC_REPRESENTATION_CONTEXT() REPRESENTATION_CONTEXT('2D SPACE',''
  ) );
#5871 = PCURVE('',#5872,#5877);
#5872 = CYLINDRICAL_SURFACE('',#5873,6.);
#5873 = AXIS2_PLACEMENT_3D('',#5874,#5875,#5876);
#5874 = CARTESIAN_POINT('',(14.040234773062,-12.,79.013788001452));
#5875 = DIRECTION('',(0.668964666909,1.7E-16,0.74329420449));
#5876 = DIRECTION('',(0.74329420449,-1.5E-16,-0.668964666909));
#5877 = DEFINITIONAL_REPRESENTATION('',(#5878),#5882);
#5878 = LINE('',#5879,#5880);
#5879 = CARTESIAN_POINT('',(-0.,0.));
#5880 = VECTOR('',#5881,1.);
#5881 = DIRECTION('',(-0.,1.));
#5882 = ( GEOMETRIC_REPRESENTATION_CONTEXT(2) 
PARAMETRIC_REPRESENTATION_CONTEXT() REPRESENTATION_CONTEXT('2D SPACE',''
  ) );
#5883 = ORIENTED_EDGE('',*,*,#5884,.F.);
#5884 = EDGE_CURVE('',#2819,#5857,#5885,.T.);
#5885 = SURFACE_CURVE('',#5886,(#5890,#5897),.PCURVE_S1.);
#5886 = LINE('',#5887,#5888);
#5887 = CARTESIAN_POINT('',(22.486588408979,1.764E-14,79.429543452232));
#5888 = VECTOR('',#5889,1.);
#5889 = DIRECTION('',(0.,-1.,2.2E-16));
#5890 = PCURVE('',#2858,#5891);
#5891 = DEFINITIONAL_REPRESENTATION('',(#5892),#5896);
#5892 = LINE('',#5893,#5894);
#5893 = CARTESIAN_POINT('',(5.959340763693,-2.308792982788E-17));
#5894 = VECTOR('',#5895,1.);
#5895 = DIRECTION('',(-6.475275012289E-18,-1.));
#5896 = ( GEOMETRIC_REPRESENTATION_CONTEXT(2) 
PARAMETRIC_REPRESENTATION_CONTEXT() REPRESENTATION_CONTEXT('2D SPACE',''
  ) );
#5897 = PCURVE('',#5735,#5898);
#5898 = DEFINITIONAL_REPRESENTATION('',(#5899),#5903);
#5899 = LINE('',#5900,#5901);
#5900 = CARTESIAN_POINT('',(-5.550370292457,0.));
#5901 = VECTOR('',#5902,1.);
#5902 = DIRECTION('',(-0.,-1.));
#5903 = ( GEOMETRIC_REPRESENTATION_CONTEXT(2) 
PARAMETRIC_REPRESENTATION_CONTEXT() REPRESENTATION_CONTEXT('2D SPACE',''
  ) );
#5904 = ORIENTED_EDGE('',*,*,#2842,.T.);
#5905 = ORIENTED_EDGE('',*,*,#5906,.T.);
#5906 = EDGE_CURVE('',#2843,#5907,#5909,.T.);
#5907 = VERTEX_POINT('',#5908);
#5908 = CARTESIAN_POINT('',(20.596338874113,-9.,77.329265823523));
#5909 = SURFACE_CURVE('',#5910,(#5914,#5921),.PCURVE_S1.);
#5910 = LINE('',#5911,#5912);
#5911 = CARTESIAN_POINT('',(20.596338874113,1.717E-14,77.329265823523));
#5912 = VECTOR('',#5913,1.);
#5913 = DIRECTION('',(0.,-1.,2.2E-16));
#5914 = PCURVE('',#2858,#5915);
#5915 = DEFINITIONAL_REPRESENTATION('',(#5916),#5920);
#5916 = LINE('',#5917,#5918);
#5917 = CARTESIAN_POINT('',(3.133706423989,-1.273009207819E-17));
#5918 = VECTOR('',#5919,1.);
#5919 = DIRECTION('',(-6.475275012289E-18,-1.));
#5920 = ( GEOMETRIC_REPRESENTATION_CONTEXT(2) 
PARAMETRIC_REPRESENTATION_CONTEXT() REPRESENTATION_CONTEXT('2D SPACE',''
  ) );
#5921 = PCURVE('',#3001,#5922);
#5922 = DEFINITIONAL_REPRESENTATION('',(#5923),#5927);
#5923 = LINE('',#5924,#5925);
#5924 = CARTESIAN_POINT('',(10.740535812382,4.108911895144E-18));
#5925 = VECTOR('',#5926,1.);
#5926 = DIRECTION('',(-1.470222513583E-18,-1.));
#5927 = ( GEOMETRIC_REPRESENTATION_CONTEXT(2) 
PARAMETRIC_REPRESENTATION_CONTEXT() REPRESENTATION_CONTEXT('2D SPACE',''
  ) );
#5928 = ORIENTED_EDGE('',*,*,#5929,.F.);
#5929 = EDGE_CURVE('',#5833,#5907,#5930,.T.);
#5930 = SURFACE_CURVE('',#5931,(#5936,#5943),.PCURVE_S1.);
#5931 = ELLIPSE('',#5932,2.01971857154,2.);
#5932 = AXIS2_PLACEMENT_3D('',#5933,#5934,#5935);
#5933 = CARTESIAN_POINT('',(19.245218512654,-9.,75.828020714598));
#5934 = DIRECTION('',(-0.74329420449,1.5E-16,0.668964666909));
#5935 = DIRECTION('',(0.668964666909,1.7E-16,0.74329420449));
#5936 = PCURVE('',#2858,#5937);
#5937 = DEFINITIONAL_REPRESENTATION('',(#5938),#5942);
#5938 = ELLIPSE('',#5939,2.01971857154,2.);
#5939 = AXIS2_PLACEMENT_2D('',#5940,#5941);
#5940 = CARTESIAN_POINT('',(1.11398785245,-9.));
#5941 = DIRECTION('',(1.,-2.465190328816E-32));
#5942 = ( GEOMETRIC_REPRESENTATION_CONTEXT(2) 
PARAMETRIC_REPRESENTATION_CONTEXT() REPRESENTATION_CONTEXT('2D SPACE',''
  ) );
#5943 = PCURVE('',#5944,#5949);
#5944 = CYLINDRICAL_SURFACE('',#5945,2.);
#5945 = AXIS2_PLACEMENT_3D('',#5946,#5947,#5948);
#5946 = CARTESIAN_POINT('',(25.968133329453,-9.,67.815962828946));
#5947 = DIRECTION('',(-0.642787609685,1.7E-16,0.76604444312));
#5948 = DIRECTION('',(-1.098120394726E-16,-1.,1.297759973662E-16));
#5949 = DEFINITIONAL_REPRESENTATION('',(#5950),#5957);
#5950 = B_SPLINE_CURVE_WITH_KNOTS('',5,(#5951,#5952,#5953,#5954,#5955,
    #5956),.UNSPECIFIED.,.F.,.F.,(6,6),(4.712388980385,6.28318530718),
  .PIECEWISE_BEZIER_KNOTS.);
#5951 = CARTESIAN_POINT('',(3.55E-15,10.458998766467));
#5952 = CARTESIAN_POINT('',(0.314159265359,10.547446237983));
#5953 = CARTESIAN_POINT('',(0.628318271103,10.635973651788));
#5954 = CARTESIAN_POINT('',(0.942478412706,10.70589841752));
#5955 = CARTESIAN_POINT('',(1.256637061436,10.740535812382));
#5956 = CARTESIAN_POINT('',(1.570796326795,10.740535812382));
#5957 = ( GEOMETRIC_REPRESENTATION_CONTEXT(2) 
PARAMETRIC_REPRESENTATION_CONTEXT() REPRESENTATION_CONTEXT('2D SPACE',''
  ) );
#5958 = ADVANCED_FACE('',(#5959),#2948,.T.);
#5959 = FACE_BOUND('',#5960,.F.);
#5960 = EDGE_LOOP('',(#5961,#5962,#5991,#6012));
#5961 = ORIENTED_EDGE('',*,*,#5807,.T.);
#5962 = ORIENTED_EDGE('',*,*,#5963,.T.);
#5963 = EDGE_CURVE('',#5780,#5964,#5966,.T.);
#5964 = VERTEX_POINT('',#5965);
#5965 = CARTESIAN_POINT('',(15.992254157972,-12.,5.695221217495));
#5966 = SURFACE_CURVE('',#5967,(#5972,#5979),.PCURVE_S1.);
#5967 = CIRCLE('',#5968,6.);
#5968 = AXIS2_PLACEMENT_3D('',#5969,#5970,#5971);
#5969 = CARTESIAN_POINT('',(10.,-12.,6.));
#5970 = DIRECTION('',(0.,-1.,-0.));
#5971 = DIRECTION('',(-3.E-16,0.,-1.));
#5972 = PCURVE('',#2948,#5973);
#5973 = DEFINITIONAL_REPRESENTATION('',(#5974),#5978);
#5974 = LINE('',#5975,#5976);
#5975 = CARTESIAN_POINT('',(-4.712388980385,-12.));
#5976 = VECTOR('',#5977,1.);
#5977 = DIRECTION('',(-1.,0.));
#5978 = ( GEOMETRIC_REPRESENTATION_CONTEXT(2) 
PARAMETRIC_REPRESENTATION_CONTEXT() REPRESENTATION_CONTEXT('2D SPACE',''
  ) );
#5979 = PCURVE('',#5980,#5985);
#5980 = SPHERICAL_SURFACE('',#5981,6.);
#5981 = AXIS2_PLACEMENT_3D('',#5982,#5983,#5984);
#5982 = CARTESIAN_POINT('',(10.,-12.,6.));
#5983 = DIRECTION('',(0.,-1.,0.));
#5984 = DIRECTION('',(-3.E-16,-0.,-1.));
#5985 = DEFINITIONAL_REPRESENTATION('',(#5986),#5990);
#5986 = LINE('',#5987,#5988);
#5987 = CARTESIAN_POINT('',(0.,0.));
#5988 = VECTOR('',#5989,1.);
#5989 = DIRECTION('',(1.,0.));
#5990 = ( GEOMETRIC_REPRESENTATION_CONTEXT(2) 
PARAMETRIC_REPRESENTATION_CONTEXT() REPRESENTATION_CONTEXT('2D SPACE',''
  ) );
#5991 = ORIENTED_EDGE('',*,*,#5992,.F.);
#5992 = EDGE_CURVE('',#2910,#5964,#5993,.T.);
#5993 = SURFACE_CURVE('',#5994,(#5998,#6005),.PCURVE_S1.);
#5994 = LINE('',#5995,#5996);
#5995 = CARTESIAN_POINT('',(15.992254157972,1.26E-15,5.695221217495));
#5996 = VECTOR('',#5997,1.);
#5997 = DIRECTION('',(0.,-1.,2.2E-16));
#5998 = PCURVE('',#2948,#5999);
#5999 = DEFINITIONAL_REPRESENTATION('',(#6000),#6004);
#6000 = LINE('',#6001,#6002);
#6001 = CARTESIAN_POINT('',(-6.232366973169,0.));
#6002 = VECTOR('',#6003,1.);
#6003 = DIRECTION('',(-0.,-1.));
#6004 = ( GEOMETRIC_REPRESENTATION_CONTEXT(2) 
PARAMETRIC_REPRESENTATION_CONTEXT() REPRESENTATION_CONTEXT('2D SPACE',''
  ) );
#6005 = PCURVE('',#3035,#6006);
#6006 = DEFINITIONAL_REPRESENTATION('',(#6007),#6011);
#6007 = LINE('',#6008,#6009);
#6008 = CARTESIAN_POINT('',(0.,0.));
#6009 = VECTOR('',#6010,1.);
#6010 = DIRECTION('',(-2.840142076877E-19,-1.));
#6011 = ( GEOMETRIC_REPRESENTATION_CONTEXT(2) 
PARAMETRIC_REPRESENTATION_CONTEXT() REPRESENTATION_CONTEXT('2D SPACE',''
  ) );
#6012 = ORIENTED_EDGE('',*,*,#2933,.F.);
#6013 = ADVANCED_FACE('',(#6014),#3001,.F.);
#6014 = FACE_BOUND('',#6015,.F.);
#6015 = EDGE_LOOP('',(#6016,#6017,#6018,#6041));
#6016 = ORIENTED_EDGE('',*,*,#5906,.F.);
#6017 = ORIENTED_EDGE('',*,*,#2987,.F.);
#6018 = ORIENTED_EDGE('',*,*,#6019,.T.);
#6019 = EDGE_CURVE('',#2964,#6020,#6022,.T.);
#6020 = VERTEX_POINT('',#6021);
#6021 = CARTESIAN_POINT('',(27.500222215693,-9.,69.101538048316));
#6022 = SURFACE_CURVE('',#6023,(#6027,#6034),.PCURVE_S1.);
#6023 = LINE('',#6024,#6025);
#6024 = CARTESIAN_POINT('',(27.500222215693,1.534E-14,69.101538048316));
#6025 = VECTOR('',#6026,1.);
#6026 = DIRECTION('',(0.,-1.,2.2E-16));
#6027 = PCURVE('',#3001,#6028);
#6028 = DEFINITIONAL_REPRESENTATION('',(#6029),#6033);
#6029 = LINE('',#6030,#6031);
#6030 = CARTESIAN_POINT('',(0.,0.));
#6031 = VECTOR('',#6032,1.);
#6032 = DIRECTION('',(-1.470222513583E-18,-1.));
#6033 = ( GEOMETRIC_REPRESENTATION_CONTEXT(2) 
PARAMETRIC_REPRESENTATION_CONTEXT() REPRESENTATION_CONTEXT('2D SPACE',''
  ) );
#6034 = PCURVE('',#3124,#6035);
#6035 = DEFINITIONAL_REPRESENTATION('',(#6036),#6040);
#6036 = LINE('',#6037,#6038);
#6037 = CARTESIAN_POINT('',(-0.698131700767,0.));
#6038 = VECTOR('',#6039,1.);
#6039 = DIRECTION('',(-0.,-1.));
#6040 = ( GEOMETRIC_REPRESENTATION_CONTEXT(2) 
PARAMETRIC_REPRESENTATION_CONTEXT() REPRESENTATION_CONTEXT('2D SPACE',''
  ) );
#6041 = ORIENTED_EDGE('',*,*,#6042,.T.);
#6042 = EDGE_CURVE('',#6020,#5907,#6043,.T.);
#6043 = SURFACE_CURVE('',#6044,(#6048,#6055),.PCURVE_S1.);
#6044 = LINE('',#6045,#6046);
#6045 = CARTESIAN_POINT('',(27.500222215693,-9.,69.101538048316));
#6046 = VECTOR('',#6047,1.);
#6047 = DIRECTION('',(-0.642787609685,1.7E-16,0.76604444312));
#6048 = PCURVE('',#3001,#6049);
#6049 = DEFINITIONAL_REPRESENTATION('',(#6050),#6054);
#6050 = LINE('',#6051,#6052);
#6051 = CARTESIAN_POINT('',(-3.813640333492E-15,-9.));
#6052 = VECTOR('',#6053,1.);
#6053 = DIRECTION('',(1.,0.));
#6054 = ( GEOMETRIC_REPRESENTATION_CONTEXT(2) 
PARAMETRIC_REPRESENTATION_CONTEXT() REPRESENTATION_CONTEXT('2D SPACE',''
  ) );
#6055 = PCURVE('',#5944,#6056);
#6056 = DEFINITIONAL_REPRESENTATION('',(#6057),#6061);
#6057 = LINE('',#6058,#6059);
#6058 = CARTESIAN_POINT('',(1.570796326795,0.));
#6059 = VECTOR('',#6060,1.);
#6060 = DIRECTION('',(0.,1.));
#6061 = ( GEOMETRIC_REPRESENTATION_CONTEXT(2) 
PARAMETRIC_REPRESENTATION_CONTEXT() REPRESENTATION_CONTEXT('2D SPACE',''
  ) );
#6062 = ADVANCED_FACE('',(#6063),#3035,.F.);
#6063 = FACE_BOUND('',#6064,.F.);
#6064 = EDGE_LOOP('',(#6065,#6066,#6092,#6093,#6116,#6152,#6173));
#6065 = ORIENTED_EDGE('',*,*,#5992,.T.);
#6066 = ORIENTED_EDGE('',*,*,#6067,.T.);
#6067 = EDGE_CURVE('',#5964,#3336,#6068,.T.);
#6068 = SURFACE_CURVE('',#6069,(#6073,#6080),.PCURVE_S1.);
#6069 = LINE('',#6070,#6071);
#6070 = CARTESIAN_POINT('',(15.992254157972,-12.,5.695221217495));
#6071 = VECTOR('',#6072,1.);
#6072 = DIRECTION('',(5.07964637509E-02,2.2E-16,0.998709026329));
#6073 = PCURVE('',#3035,#6074);
#6074 = DEFINITIONAL_REPRESENTATION('',(#6075),#6079);
#6075 = LINE('',#6076,#6077);
#6076 = CARTESIAN_POINT('',(9.081272189795E-16,-12.));
#6077 = VECTOR('',#6078,1.);
#6078 = DIRECTION('',(1.,4.930380657631E-32));
#6079 = ( GEOMETRIC_REPRESENTATION_CONTEXT(2) 
PARAMETRIC_REPRESENTATION_CONTEXT() REPRESENTATION_CONTEXT('2D SPACE',''
  ) );
#6080 = PCURVE('',#6081,#6086);
#6081 = CYLINDRICAL_SURFACE('',#6082,6.);
#6082 = AXIS2_PLACEMENT_3D('',#6083,#6084,#6085);
#6083 = CARTESIAN_POINT('',(10.,-12.,6.));
#6084 = DIRECTION('',(5.07964637509E-02,2.2E-16,0.998709026329));
#6085 = DIRECTION('',(0.998709026329,-1.E-17,-5.07964637509E-02));
#6086 = DEFINITIONAL_REPRESENTATION('',(#6087),#6091);
#6087 = LINE('',#6088,#6089);
#6088 = CARTESIAN_POINT('',(-0.,0.));
#6089 = VECTOR('',#6090,1.);
#6090 = DIRECTION('',(-0.,1.));
#6091 = ( GEOMETRIC_REPRESENTATION_CONTEXT(2) 
PARAMETRIC_REPRESENTATION_CONTEXT() REPRESENTATION_CONTEXT('2D SPACE',''
  ) );
#6092 = ORIENTED_EDGE('',*,*,#3363,.F.);
#6093 = ORIENTED_EDGE('',*,*,#6094,.T.);
#6094 = EDGE_CURVE('',#3364,#6095,#6097,.T.);
#6095 = VERTEX_POINT('',#6096);
#6096 = CARTESIAN_POINT('',(17.806363635467,-11.,41.362418816269));
#6097 = SURFACE_CURVE('',#6098,(#6102,#6109),.PCURVE_S1.);
#6098 = LINE('',#6099,#6100);
#6099 = CARTESIAN_POINT('',(17.361106451495,-11.,32.608219491466));
#6100 = VECTOR('',#6101,1.);
#6101 = DIRECTION('',(-5.07964637509E-02,0.,-0.998709026329));
#6102 = PCURVE('',#3035,#6103);
#6103 = DEFINITIONAL_REPRESENTATION('',(#6104),#6108);
#6104 = LINE('',#6105,#6106);
#6105 = CARTESIAN_POINT('',(26.947787157692,-11.));
#6106 = VECTOR('',#6107,1.);
#6107 = DIRECTION('',(-1.,2.2E-16));
#6108 = ( GEOMETRIC_REPRESENTATION_CONTEXT(2) 
PARAMETRIC_REPRESENTATION_CONTEXT() REPRESENTATION_CONTEXT('2D SPACE',''
  ) );
#6109 = PCURVE('',#3300,#6110);
#6110 = DEFINITIONAL_REPRESENTATION('',(#6111),#6115);
#6111 = LINE('',#6112,#6113);
#6112 = CARTESIAN_POINT('',(-26.84438050853,-2.71794584553));
#6113 = VECTOR('',#6114,1.);
#6114 = DIRECTION('',(-0.998709026329,-5.07964637509E-02));
#6115 = ( GEOMETRIC_REPRESENTATION_CONTEXT(2) 
PARAMETRIC_REPRESENTATION_CONTEXT() REPRESENTATION_CONTEXT('2D SPACE',''
  ) );
#6116 = ORIENTED_EDGE('',*,*,#6117,.T.);
#6117 = EDGE_CURVE('',#6095,#6118,#6120,.T.);
#6118 = VERTEX_POINT('',#6119);
#6119 = CARTESIAN_POINT('',(17.637897180158,-9.,38.050200659202));
#6120 = SURFACE_CURVE('',#6121,(#6126,#6137),.PCURVE_S1.);
#6121 = ELLIPSE('',#6122,3.316499670823,2.);
#6122 = AXIS2_PLACEMENT_3D('',#6123,#6124,#6125);
#6123 = CARTESIAN_POINT('',(17.806363635467,-9.,41.362418816269));
#6124 = DIRECTION('',(0.998709026329,-1.E-17,-5.07964637509E-02));
#6125 = DIRECTION('',(5.07964637509E-02,2.2E-16,0.998709026329));
#6126 = PCURVE('',#3035,#6127);
#6127 = DEFINITIONAL_REPRESENTATION('',(#6128),#6136);
#6128 = ( BOUNDED_CURVE() B_SPLINE_CURVE(2,(#6129,#6130,#6131,#6132,
#6133,#6134,#6135),.UNSPECIFIED.,.T.,.F.) B_SPLINE_CURVE_WITH_KNOTS((1,2
    ,2,2,2,1),(-2.094395102393,0.,2.094395102393,4.188790204786,
6.28318530718,8.377580409573),.UNSPECIFIED.) CURVE() 
GEOMETRIC_REPRESENTATION_ITEM() RATIONAL_B_SPLINE_CURVE((1.,0.5,1.,0.5,
1.,0.5,1.)) REPRESENTATION_ITEM('') );
#6129 = CARTESIAN_POINT('',(39.029802202882,-9.));
#6130 = CARTESIAN_POINT('',(39.029802202882,-12.46410161513));
#6131 = CARTESIAN_POINT('',(34.055052696647,-10.73205080756));
#6132 = CARTESIAN_POINT('',(29.080303190413,-9.));
#6133 = CARTESIAN_POINT('',(34.055052696647,-7.267949192431));
#6134 = CARTESIAN_POINT('',(39.029802202882,-5.535898384862));
#6135 = CARTESIAN_POINT('',(39.029802202882,-9.));
#6136 = ( GEOMETRIC_REPRESENTATION_CONTEXT(2) 
PARAMETRIC_REPRESENTATION_CONTEXT() REPRESENTATION_CONTEXT('2D SPACE',''
  ) );
#6137 = PCURVE('',#6138,#6143);
#6138 = CYLINDRICAL_SURFACE('',#6139,2.);
#6139 = AXIS2_PLACEMENT_3D('',#6140,#6141,#6142);
#6140 = CARTESIAN_POINT('',(16.10580829392,-9.,39.335775878575));
#6141 = DIRECTION('',(0.642787609686,1.7E-16,0.766044443119));
#6142 = DIRECTION('',(1.098120394726E-16,-1.,1.297759973662E-16));
#6143 = DEFINITIONAL_REPRESENTATION('',(#6144),#6151);
#6144 = B_SPLINE_CURVE_WITH_KNOTS('',5,(#6145,#6146,#6147,#6148,#6149,
    #6150),.UNSPECIFIED.,.F.,.F.,(6,6),(1.570796326795,3.14159265359),
  .PIECEWISE_BEZIER_KNOTS.);
#6145 = CARTESIAN_POINT('',(-8.9E-16,2.645594463739));
#6146 = CARTESIAN_POINT('',(0.314159265359,1.814456450573));
#6147 = CARTESIAN_POINT('',(0.628318431585,0.982592581071));
#6148 = CARTESIAN_POINT('',(0.942495861576,0.325428416911));
#6149 = CARTESIAN_POINT('',(1.256637061436,-1.264E-14));
#6150 = CARTESIAN_POINT('',(1.570796326795,-1.421E-14));
#6151 = ( GEOMETRIC_REPRESENTATION_CONTEXT(2) 
PARAMETRIC_REPRESENTATION_CONTEXT() REPRESENTATION_CONTEXT('2D SPACE',''
  ) );
#6152 = ORIENTED_EDGE('',*,*,#6153,.F.);
#6153 = EDGE_CURVE('',#3020,#6118,#6154,.T.);
#6154 = SURFACE_CURVE('',#6155,(#6159,#6166),.PCURVE_S1.);
#6155 = LINE('',#6156,#6157);
#6156 = CARTESIAN_POINT('',(17.637897180158,8.45E-15,38.050200659202));
#6157 = VECTOR('',#6158,1.);
#6158 = DIRECTION('',(0.,-1.,2.2E-16));
#6159 = PCURVE('',#3035,#6160);
#6160 = DEFINITIONAL_REPRESENTATION('',(#6161),#6165);
#6161 = LINE('',#6162,#6163);
#6162 = CARTESIAN_POINT('',(32.396802861236,6.270337052811E-17));
#6163 = VECTOR('',#6164,1.);
#6164 = DIRECTION('',(-2.840142076877E-19,-1.));
#6165 = ( GEOMETRIC_REPRESENTATION_CONTEXT(2) 
PARAMETRIC_REPRESENTATION_CONTEXT() REPRESENTATION_CONTEXT('2D SPACE',''
  ) );
#6166 = PCURVE('',#3156,#6167);
#6167 = DEFINITIONAL_REPRESENTATION('',(#6168),#6172);
#6168 = LINE('',#6169,#6170);
#6169 = CARTESIAN_POINT('',(15.343054046063,-1.6808121693E-18));
#6170 = VECTOR('',#6171,1.);
#6171 = DIRECTION('',(1.470222513814E-18,-1.));
#6172 = ( GEOMETRIC_REPRESENTATION_CONTEXT(2) 
PARAMETRIC_REPRESENTATION_CONTEXT() REPRESENTATION_CONTEXT('2D SPACE',''
  ) );
#6173 = ORIENTED_EDGE('',*,*,#3019,.F.);
#6174 = ADVANCED_FACE('',(#6175),#3124,.T.);
#6175 = FACE_BOUND('',#6176,.F.);
#6176 = EDGE_LOOP('',(#6177,#6200,#6227,#6228));
#6177 = ORIENTED_EDGE('',*,*,#6178,.T.);
#6178 = EDGE_CURVE('',#3084,#6179,#6181,.T.);
#6179 = VERTEX_POINT('',#6180);
#6180 = CARTESIAN_POINT('',(28.67,-9.,65.8876));
#6181 = SURFACE_CURVE('',#6182,(#6186,#6193),.PCURVE_S1.);
#6182 = LINE('',#6183,#6184);
#6183 = CARTESIAN_POINT('',(28.67,1.463E-14,65.8876));
#6184 = VECTOR('',#6185,1.);
#6185 = DIRECTION('',(0.,-1.,2.2E-16));
#6186 = PCURVE('',#3124,#6187);
#6187 = DEFINITIONAL_REPRESENTATION('',(#6188),#6192);
#6188 = LINE('',#6189,#6190);
#6189 = CARTESIAN_POINT('',(8.9E-16,-0.));
#6190 = VECTOR('',#6191,1.);
#6191 = DIRECTION('',(-0.,-1.));
#6192 = ( GEOMETRIC_REPRESENTATION_CONTEXT(2) 
PARAMETRIC_REPRESENTATION_CONTEXT() REPRESENTATION_CONTEXT('2D SPACE',''
  ) );
#6193 = PCURVE('',#3232,#6194);
#6194 = DEFINITIONAL_REPRESENTATION('',(#6195),#6199);
#6195 = LINE('',#6196,#6197);
#6196 = CARTESIAN_POINT('',(-5.5,-6.435));
#6197 = VECTOR('',#6198,1.);
#6198 = DIRECTION('',(1.,-4.4E-16));
#6199 = ( GEOMETRIC_REPRESENTATION_CONTEXT(2) 
PARAMETRIC_REPRESENTATION_CONTEXT() REPRESENTATION_CONTEXT('2D SPACE',''
  ) );
#6200 = ORIENTED_EDGE('',*,*,#6201,.T.);
#6201 = EDGE_CURVE('',#6179,#6020,#6202,.T.);
#6202 = SURFACE_CURVE('',#6203,(#6208,#6215),.PCURVE_S1.);
#6203 = CIRCLE('',#6204,5.);
#6204 = AXIS2_PLACEMENT_3D('',#6205,#6206,#6207);
#6205 = CARTESIAN_POINT('',(23.67,-9.,65.8876));
#6206 = DIRECTION('',(0.,-1.,0.));
#6207 = DIRECTION('',(1.,0.,-9.E-17));
#6208 = PCURVE('',#3124,#6209);
#6209 = DEFINITIONAL_REPRESENTATION('',(#6210),#6214);
#6210 = LINE('',#6211,#6212);
#6211 = CARTESIAN_POINT('',(-0.,-9.));
#6212 = VECTOR('',#6213,1.);
#6213 = DIRECTION('',(-1.,0.));
#6214 = ( GEOMETRIC_REPRESENTATION_CONTEXT(2) 
PARAMETRIC_REPRESENTATION_CONTEXT() REPRESENTATION_CONTEXT('2D SPACE',''
  ) );
#6215 = PCURVE('',#6216,#6221);
#6216 = TOROIDAL_SURFACE('',#6217,3.,2.);
#6217 = AXIS2_PLACEMENT_3D('',#6218,#6219,#6220);
#6218 = CARTESIAN_POINT('',(23.67,-9.,65.8876));
#6219 = DIRECTION('',(0.,1.,0.));
#6220 = DIRECTION('',(1.,0.,-9.E-17));
#6221 = DEFINITIONAL_REPRESENTATION('',(#6222),#6226);
#6222 = LINE('',#6223,#6224);
#6223 = CARTESIAN_POINT('',(-0.,6.28318530718));
#6224 = VECTOR('',#6225,1.);
#6225 = DIRECTION('',(-1.,0.));
#6226 = ( GEOMETRIC_REPRESENTATION_CONTEXT(2) 
PARAMETRIC_REPRESENTATION_CONTEXT() REPRESENTATION_CONTEXT('2D SPACE',''
  ) );
#6227 = ORIENTED_EDGE('',*,*,#6019,.F.);
#6228 = ORIENTED_EDGE('',*,*,#3109,.F.);
#6229 = ADVANCED_FACE('',(#6230),#3156,.T.);
#6230 = FACE_BOUND('',#6231,.T.);
#6231 = EDGE_LOOP('',(#6232,#6233,#6234,#6257));
#6232 = ORIENTED_EDGE('',*,*,#6153,.F.);
#6233 = ORIENTED_EDGE('',*,*,#3140,.T.);
#6234 = ORIENTED_EDGE('',*,*,#6235,.T.);
#6235 = EDGE_CURVE('',#3141,#6236,#6238,.T.);
#6236 = VERTEX_POINT('',#6237);
#6237 = CARTESIAN_POINT('',(27.500222215717,-9.,49.803661951663));
#6238 = SURFACE_CURVE('',#6239,(#6243,#6250),.PCURVE_S1.);
#6239 = LINE('',#6240,#6241);
#6240 = CARTESIAN_POINT('',(27.500222215705,1.106E-14,49.803661951674));
#6241 = VECTOR('',#6242,1.);
#6242 = DIRECTION('',(0.,-1.,2.2E-16));
#6243 = PCURVE('',#3156,#6244);
#6244 = DEFINITIONAL_REPRESENTATION('',(#6245),#6249);
#6245 = LINE('',#6246,#6247);
#6246 = CARTESIAN_POINT('',(3.784481306707E-43,-2.226165474534E-27));
#6247 = VECTOR('',#6248,1.);
#6248 = DIRECTION('',(1.470222513814E-18,-1.));
#6249 = ( GEOMETRIC_REPRESENTATION_CONTEXT(2) 
PARAMETRIC_REPRESENTATION_CONTEXT() REPRESENTATION_CONTEXT('2D SPACE',''
  ) );
#6250 = PCURVE('',#3267,#6251);
#6251 = DEFINITIONAL_REPRESENTATION('',(#6252),#6256);
#6252 = LINE('',#6253,#6254);
#6253 = CARTESIAN_POINT('',(-5.585053606412,0.));
#6254 = VECTOR('',#6255,1.);
#6255 = DIRECTION('',(-0.,-1.));
#6256 = ( GEOMETRIC_REPRESENTATION_CONTEXT(2) 
PARAMETRIC_REPRESENTATION_CONTEXT() REPRESENTATION_CONTEXT('2D SPACE',''
  ) );
#6257 = ORIENTED_EDGE('',*,*,#6258,.F.);
#6258 = EDGE_CURVE('',#6118,#6236,#6259,.T.);
#6259 = SURFACE_CURVE('',#6260,(#6264,#6271),.PCURVE_S1.);
#6260 = LINE('',#6261,#6262);
#6261 = CARTESIAN_POINT('',(17.637897180158,-9.,38.050200659202));
#6262 = VECTOR('',#6263,1.);
#6263 = DIRECTION('',(0.642787609686,1.7E-16,0.766044443119));
#6264 = PCURVE('',#3156,#6265);
#6265 = DEFINITIONAL_REPRESENTATION('',(#6266),#6270);
#6266 = LINE('',#6267,#6268);
#6267 = CARTESIAN_POINT('',(15.343054046063,-9.));
#6268 = VECTOR('',#6269,1.);
#6269 = DIRECTION('',(-1.,2.465190328816E-32));
#6270 = ( GEOMETRIC_REPRESENTATION_CONTEXT(2) 
PARAMETRIC_REPRESENTATION_CONTEXT() REPRESENTATION_CONTEXT('2D SPACE',''
  ) );
#6271 = PCURVE('',#6138,#6272);
#6272 = DEFINITIONAL_REPRESENTATION('',(#6273),#6277);
#6273 = LINE('',#6274,#6275);
#6274 = CARTESIAN_POINT('',(1.570796326795,0.));
#6275 = VECTOR('',#6276,1.);
#6276 = DIRECTION('',(0.,1.));
#6277 = ( GEOMETRIC_REPRESENTATION_CONTEXT(2) 
PARAMETRIC_REPRESENTATION_CONTEXT() REPRESENTATION_CONTEXT('2D SPACE',''
  ) );
#6278 = ADVANCED_FACE('',(#6279,#6332),#3232,.T.);
#6279 = FACE_BOUND('',#6280,.T.);
#6280 = EDGE_LOOP('',(#6281,#6304,#6305,#6306));
#6281 = ORIENTED_EDGE('',*,*,#6282,.F.);
#6282 = EDGE_CURVE('',#3195,#6283,#6285,.T.);
#6283 = VERTEX_POINT('',#6284);
#6284 = CARTESIAN_POINT('',(28.67,-9.,53.0176));
#6285 = SURFACE_CURVE('',#6286,(#6290,#6297),.PCURVE_S1.);
#6286 = LINE('',#6287,#6288);
#6287 = CARTESIAN_POINT('',(28.67,1.177E-14,53.0176));
#6288 = VECTOR('',#6289,1.);
#6289 = DIRECTION('',(0.,-1.,2.2E-16));
#6290 = PCURVE('',#3232,#6291);
#6291 = DEFINITIONAL_REPRESENTATION('',(#6292),#6296);
#6292 = LINE('',#6293,#6294);
#6293 = CARTESIAN_POINT('',(-5.5,6.435));
#6294 = VECTOR('',#6295,1.);
#6295 = DIRECTION('',(1.,-4.4E-16));
#6296 = ( GEOMETRIC_REPRESENTATION_CONTEXT(2) 
PARAMETRIC_REPRESENTATION_CONTEXT() REPRESENTATION_CONTEXT('2D SPACE',''
  ) );
#6297 = PCURVE('',#3267,#6298);
#6298 = DEFINITIONAL_REPRESENTATION('',(#6299),#6303);
#6299 = LINE('',#6300,#6301);
#6300 = CARTESIAN_POINT('',(-6.28318530718,0.));
#6301 = VECTOR('',#6302,1.);
#6302 = DIRECTION('',(-0.,-1.));
#6303 = ( GEOMETRIC_REPRESENTATION_CONTEXT(2) 
PARAMETRIC_REPRESENTATION_CONTEXT() REPRESENTATION_CONTEXT('2D SPACE',''
  ) );
#6304 = ORIENTED_EDGE('',*,*,#3218,.T.);
#6305 = ORIENTED_EDGE('',*,*,#6178,.T.);
#6306 = ORIENTED_EDGE('',*,*,#6307,.F.);
#6307 = EDGE_CURVE('',#6283,#6179,#6308,.T.);
#6308 = SURFACE_CURVE('',#6309,(#6313,#6320),.PCURVE_S1.);
#6309 = LINE('',#6310,#6311);
#6310 = CARTESIAN_POINT('',(28.67,-9.,53.0176));
#6311 = VECTOR('',#6312,1.);
#6312 = DIRECTION('',(0.,2.2E-16,1.));
#6313 = PCURVE('',#3232,#6314);
#6314 = DEFINITIONAL_REPRESENTATION('',(#6315),#6319);
#6315 = LINE('',#6316,#6317);
#6316 = CARTESIAN_POINT('',(3.5,6.435));
#6317 = VECTOR('',#6318,1.);
#6318 = DIRECTION('',(-4.4E-16,-1.));
#6319 = ( GEOMETRIC_REPRESENTATION_CONTEXT(2) 
PARAMETRIC_REPRESENTATION_CONTEXT() REPRESENTATION_CONTEXT('2D SPACE',''
  ) );
#6320 = PCURVE('',#6321,#6326);
#6321 = CYLINDRICAL_SURFACE('',#6322,2.);
#6322 = AXIS2_PLACEMENT_3D('',#6323,#6324,#6325);
#6323 = CARTESIAN_POINT('',(26.67,-9.,53.0176));
#6324 = DIRECTION('',(0.,2.2E-16,1.));
#6325 = DIRECTION('',(0.,-1.,2.2E-16));
#6326 = DEFINITIONAL_REPRESENTATION('',(#6327),#6331);
#6327 = LINE('',#6328,#6329);
#6328 = CARTESIAN_POINT('',(1.570796326795,0.));
#6329 = VECTOR('',#6330,1.);
#6330 = DIRECTION('',(0.,1.));
#6331 = ( GEOMETRIC_REPRESENTATION_CONTEXT(2) 
PARAMETRIC_REPRESENTATION_CONTEXT() REPRESENTATION_CONTEXT('2D SPACE',''
  ) );
#6332 = FACE_BOUND('',#6333,.T.);
#6333 = EDGE_LOOP('',(#6334));
#6334 = ORIENTED_EDGE('',*,*,#6335,.F.);
#6335 = EDGE_CURVE('',#6336,#6336,#6338,.T.);
#6336 = VERTEX_POINT('',#6337);
#6337 = CARTESIAN_POINT('',(28.67,-4.,59.3676));
#6338 = SURFACE_CURVE('',#6339,(#6344,#6351),.PCURVE_S1.);
#6339 = CIRCLE('',#6340,1.5);
#6340 = AXIS2_PLACEMENT_3D('',#6341,#6342,#6343);
#6341 = CARTESIAN_POINT('',(28.67,-5.5,59.3676));
#6342 = DIRECTION('',(1.,0.,0.));
#6343 = DIRECTION('',(0.,1.,0.));
#6344 = PCURVE('',#3232,#6345);
#6345 = DEFINITIONAL_REPRESENTATION('',(#6346),#6350);
#6346 = CIRCLE('',#6347,1.5);
#6347 = AXIS2_PLACEMENT_2D('',#6348,#6349);
#6348 = CARTESIAN_POINT('',(1.42295547152E-14,8.500000000002E-02));
#6349 = DIRECTION('',(-1.,2.2E-16));
#6350 = ( GEOMETRIC_REPRESENTATION_CONTEXT(2) 
PARAMETRIC_REPRESENTATION_CONTEXT() REPRESENTATION_CONTEXT('2D SPACE',''
  ) );
#6351 = PCURVE('',#3631,#6352);
#6352 = DEFINITIONAL_REPRESENTATION('',(#6353),#6357);
#6353 = LINE('',#6354,#6355);
#6354 = CARTESIAN_POINT('',(0.,-112.5400420311));
#6355 = VECTOR('',#6356,1.);
#6356 = DIRECTION('',(1.,0.));
#6357 = ( GEOMETRIC_REPRESENTATION_CONTEXT(2) 
PARAMETRIC_REPRESENTATION_CONTEXT() REPRESENTATION_CONTEXT('2D SPACE',''
  ) );
#6358 = ADVANCED_FACE('',(#6359),#3267,.T.);
#6359 = FACE_BOUND('',#6360,.F.);
#6360 = EDGE_LOOP('',(#6361,#6362,#6389,#6390));
#6361 = ORIENTED_EDGE('',*,*,#6235,.T.);
#6362 = ORIENTED_EDGE('',*,*,#6363,.T.);
#6363 = EDGE_CURVE('',#6236,#6283,#6364,.T.);
#6364 = SURFACE_CURVE('',#6365,(#6370,#6377),.PCURVE_S1.);
#6365 = CIRCLE('',#6366,5.);
#6366 = AXIS2_PLACEMENT_3D('',#6367,#6368,#6369);
#6367 = CARTESIAN_POINT('',(23.67,-9.,53.0176));
#6368 = DIRECTION('',(0.,-1.,0.));
#6369 = DIRECTION('',(0.766044443139,0.,-0.642787609663));
#6370 = PCURVE('',#3267,#6371);
#6371 = DEFINITIONAL_REPRESENTATION('',(#6372),#6376);
#6372 = LINE('',#6373,#6374);
#6373 = CARTESIAN_POINT('',(-5.585053606412,-9.));
#6374 = VECTOR('',#6375,1.);
#6375 = DIRECTION('',(-1.,0.));
#6376 = ( GEOMETRIC_REPRESENTATION_CONTEXT(2) 
PARAMETRIC_REPRESENTATION_CONTEXT() REPRESENTATION_CONTEXT('2D SPACE',''
  ) );
#6377 = PCURVE('',#6378,#6383);
#6378 = TOROIDAL_SURFACE('',#6379,3.,2.);
#6379 = AXIS2_PLACEMENT_3D('',#6380,#6381,#6382);
#6380 = CARTESIAN_POINT('',(23.67,-9.,53.0176));
#6381 = DIRECTION('',(0.,1.,0.));
#6382 = DIRECTION('',(0.766044443139,0.,-0.642787609663));
#6383 = DEFINITIONAL_REPRESENTATION('',(#6384),#6388);
#6384 = LINE('',#6385,#6386);
#6385 = CARTESIAN_POINT('',(-0.,6.28318530718));
#6386 = VECTOR('',#6387,1.);
#6387 = DIRECTION('',(-1.,0.));
#6388 = ( GEOMETRIC_REPRESENTATION_CONTEXT(2) 
PARAMETRIC_REPRESENTATION_CONTEXT() REPRESENTATION_CONTEXT('2D SPACE',''
  ) );
#6389 = ORIENTED_EDGE('',*,*,#6282,.F.);
#6390 = ORIENTED_EDGE('',*,*,#3252,.F.);
#6391 = ADVANCED_FACE('',(#6392),#3300,.F.);
#6392 = FACE_BOUND('',#6393,.F.);
#6393 = EDGE_LOOP('',(#6394,#6395,#6418,#6446,#6469,#6497,#6518,#6519,
    #6520,#6521,#6522,#6523));
#6394 = ORIENTED_EDGE('',*,*,#5832,.F.);
#6395 = ORIENTED_EDGE('',*,*,#6396,.F.);
#6396 = EDGE_CURVE('',#6397,#5833,#6399,.T.);
#6397 = VERTEX_POINT('',#6398);
#6398 = CARTESIAN_POINT('',(25.968133329416,-11.,67.81596282899));
#6399 = SURFACE_CURVE('',#6400,(#6404,#6411),.PCURVE_S1.);
#6400 = LINE('',#6401,#6402);
#6401 = CARTESIAN_POINT('',(25.968133329453,-11.,67.815962828946));
#6402 = VECTOR('',#6403,1.);
#6403 = DIRECTION('',(-0.642787609685,1.7E-16,0.76604444312));
#6404 = PCURVE('',#3300,#6405);
#6405 = DEFINITIONAL_REPRESENTATION('',(#6406),#6410);
#6406 = LINE('',#6407,#6408);
#6407 = CARTESIAN_POINT('',(8.363362828947,5.889081032428));
#6408 = VECTOR('',#6409,1.);
#6409 = DIRECTION('',(0.76604444312,-0.642787609685));
#6410 = ( GEOMETRIC_REPRESENTATION_CONTEXT(2) 
PARAMETRIC_REPRESENTATION_CONTEXT() REPRESENTATION_CONTEXT('2D SPACE',''
  ) );
#6411 = PCURVE('',#5944,#6412);
#6412 = DEFINITIONAL_REPRESENTATION('',(#6413),#6417);
#6413 = LINE('',#6414,#6415);
#6414 = CARTESIAN_POINT('',(0.,0.));
#6415 = VECTOR('',#6416,1.);
#6416 = DIRECTION('',(0.,1.));
#6417 = ( GEOMETRIC_REPRESENTATION_CONTEXT(2) 
PARAMETRIC_REPRESENTATION_CONTEXT() REPRESENTATION_CONTEXT('2D SPACE',''
  ) );
#6418 = ORIENTED_EDGE('',*,*,#6419,.F.);
#6419 = EDGE_CURVE('',#6420,#6397,#6422,.T.);
#6420 = VERTEX_POINT('',#6421);
#6421 = CARTESIAN_POINT('',(26.67,-11.,65.8876));
#6422 = SURFACE_CURVE('',#6423,(#6428,#6439),.PCURVE_S1.);
#6423 = CIRCLE('',#6424,3.);
#6424 = AXIS2_PLACEMENT_3D('',#6425,#6426,#6427);
#6425 = CARTESIAN_POINT('',(23.67,-11.,65.8876));
#6426 = DIRECTION('',(0.,-1.,0.));
#6427 = DIRECTION('',(1.,0.,-9.E-17));
#6428 = PCURVE('',#3300,#6429);
#6429 = DEFINITIONAL_REPRESENTATION('',(#6430),#6438);
#6430 = ( BOUNDED_CURVE() B_SPLINE_CURVE(2,(#6431,#6432,#6433,#6434,
#6435,#6436,#6437),.UNSPECIFIED.,.T.,.F.) B_SPLINE_CURVE_WITH_KNOTS((1,2
    ,2,2,2,1),(-2.094395102393,0.,2.094395102393,4.188790204786,
6.28318530718,8.377580409573),.UNSPECIFIED.) CURVE() 
GEOMETRIC_REPRESENTATION_ITEM() RATIONAL_B_SPLINE_CURVE((1.,0.5,1.,0.5,
1.,0.5,1.)) REPRESENTATION_ITEM('') );
#6431 = CARTESIAN_POINT('',(6.435000000001,6.590947702976));
#6432 = CARTESIAN_POINT('',(11.631152422708,6.590947702976));
#6433 = CARTESIAN_POINT('',(9.033076211355,2.090947702976));
#6434 = CARTESIAN_POINT('',(6.435000000001,-2.409052297024));
#6435 = CARTESIAN_POINT('',(3.836923788648,2.090947702976));
#6436 = CARTESIAN_POINT('',(1.238847577295,6.590947702976));
#6437 = CARTESIAN_POINT('',(6.435000000001,6.590947702976));
#6438 = ( GEOMETRIC_REPRESENTATION_CONTEXT(2) 
PARAMETRIC_REPRESENTATION_CONTEXT() REPRESENTATION_CONTEXT('2D SPACE',''
  ) );
#6439 = PCURVE('',#6216,#6440);
#6440 = DEFINITIONAL_REPRESENTATION('',(#6441),#6445);
#6441 = LINE('',#6442,#6443);
#6442 = CARTESIAN_POINT('',(-0.,4.712388980385));
#6443 = VECTOR('',#6444,1.);
#6444 = DIRECTION('',(-1.,0.));
#6445 = ( GEOMETRIC_REPRESENTATION_CONTEXT(2) 
PARAMETRIC_REPRESENTATION_CONTEXT() REPRESENTATION_CONTEXT('2D SPACE',''
  ) );
#6446 = ORIENTED_EDGE('',*,*,#6447,.F.);
#6447 = EDGE_CURVE('',#6448,#6420,#6450,.T.);
#6448 = VERTEX_POINT('',#6449);
#6449 = CARTESIAN_POINT('',(26.67,-11.,53.0176));
#6450 = SURFACE_CURVE('',#6451,(#6455,#6462),.PCURVE_S1.);
#6451 = LINE('',#6452,#6453);
#6452 = CARTESIAN_POINT('',(26.67,-11.,53.0176));
#6453 = VECTOR('',#6454,1.);
#6454 = DIRECTION('',(0.,2.2E-16,1.));
#6455 = PCURVE('',#3300,#6456);
#6456 = DEFINITIONAL_REPRESENTATION('',(#6457),#6461);
#6457 = LINE('',#6458,#6459);
#6458 = CARTESIAN_POINT('',(-6.434999999999,6.590947702976));
#6459 = VECTOR('',#6460,1.);
#6460 = DIRECTION('',(1.,0.));
#6461 = ( GEOMETRIC_REPRESENTATION_CONTEXT(2) 
PARAMETRIC_REPRESENTATION_CONTEXT() REPRESENTATION_CONTEXT('2D SPACE',''
  ) );
#6462 = PCURVE('',#6321,#6463);
#6463 = DEFINITIONAL_REPRESENTATION('',(#6464),#6468);
#6464 = LINE('',#6465,#6466);
#6465 = CARTESIAN_POINT('',(0.,0.));
#6466 = VECTOR('',#6467,1.);
#6467 = DIRECTION('',(0.,1.));
#6468 = ( GEOMETRIC_REPRESENTATION_CONTEXT(2) 
PARAMETRIC_REPRESENTATION_CONTEXT() REPRESENTATION_CONTEXT('2D SPACE',''
  ) );
#6469 = ORIENTED_EDGE('',*,*,#6470,.F.);
#6470 = EDGE_CURVE('',#6471,#6448,#6473,.T.);
#6471 = VERTEX_POINT('',#6472);
#6472 = CARTESIAN_POINT('',(25.968133329479,-11.,51.089237171036));
#6473 = SURFACE_CURVE('',#6474,(#6479,#6490),.PCURVE_S1.);
#6474 = CIRCLE('',#6475,3.);
#6475 = AXIS2_PLACEMENT_3D('',#6476,#6477,#6478);
#6476 = CARTESIAN_POINT('',(23.67,-11.,53.0176));
#6477 = DIRECTION('',(0.,-1.,0.));
#6478 = DIRECTION('',(0.766044443139,0.,-0.642787609663));
#6479 = PCURVE('',#3300,#6480);
#6480 = DEFINITIONAL_REPRESENTATION('',(#6481),#6489);
#6481 = ( BOUNDED_CURVE() B_SPLINE_CURVE(2,(#6482,#6483,#6484,#6485,
#6486,#6487,#6488),.UNSPECIFIED.,.T.,.F.) B_SPLINE_CURVE_WITH_KNOTS((1,2
    ,2,2,2,1),(-2.094395102393,0.,2.094395102393,4.188790204786,
6.28318530718,8.377580409573),.UNSPECIFIED.) CURVE() 
GEOMETRIC_REPRESENTATION_ITEM() RATIONAL_B_SPLINE_CURVE((1.,0.5,1.,0.5,
1.,0.5,1.)) REPRESENTATION_ITEM('') );
#6482 = CARTESIAN_POINT('',(-8.363362828988,5.889081032391));
#6483 = CARTESIAN_POINT('',(-4.382879139873,9.229103427629));
#6484 = CARTESIAN_POINT('',(-3.480576740946,4.111892235886));
#6485 = CARTESIAN_POINT('',(-2.578274342019,-1.005318955856));
#6486 = CARTESIAN_POINT('',(-7.461060430061,0.771869840649));
#6487 = CARTESIAN_POINT('',(-12.3438465181,2.549058637154));
#6488 = CARTESIAN_POINT('',(-8.363362828988,5.889081032391));
#6489 = ( GEOMETRIC_REPRESENTATION_CONTEXT(2) 
PARAMETRIC_REPRESENTATION_CONTEXT() REPRESENTATION_CONTEXT('2D SPACE',''
  ) );
#6490 = PCURVE('',#6378,#6491);
#6491 = DEFINITIONAL_REPRESENTATION('',(#6492),#6496);
#6492 = LINE('',#6493,#6494);
#6493 = CARTESIAN_POINT('',(-0.,4.712388980385));
#6494 = VECTOR('',#6495,1.);
#6495 = DIRECTION('',(-1.,0.));
#6496 = ( GEOMETRIC_REPRESENTATION_CONTEXT(2) 
PARAMETRIC_REPRESENTATION_CONTEXT() REPRESENTATION_CONTEXT('2D SPACE',''
  ) );
#6497 = ORIENTED_EDGE('',*,*,#6498,.F.);
#6498 = EDGE_CURVE('',#6095,#6471,#6499,.T.);
#6499 = SURFACE_CURVE('',#6500,(#6504,#6511),.PCURVE_S1.);
#6500 = LINE('',#6501,#6502);
#6501 = CARTESIAN_POINT('',(16.10580829392,-11.,39.335775878575));
#6502 = VECTOR('',#6503,1.);
#6503 = DIRECTION('',(0.642787609686,1.7E-16,0.766044443119));
#6504 = PCURVE('',#3300,#6505);
#6505 = DEFINITIONAL_REPRESENTATION('',(#6506),#6510);
#6506 = LINE('',#6507,#6508);
#6507 = CARTESIAN_POINT('',(-20.11682412142,-3.973244003105));
#6508 = VECTOR('',#6509,1.);
#6509 = DIRECTION('',(0.766044443119,0.642787609686));
#6510 = ( GEOMETRIC_REPRESENTATION_CONTEXT(2) 
PARAMETRIC_REPRESENTATION_CONTEXT() REPRESENTATION_CONTEXT('2D SPACE',''
  ) );
#6511 = PCURVE('',#6138,#6512);
#6512 = DEFINITIONAL_REPRESENTATION('',(#6513),#6517);
#6513 = LINE('',#6514,#6515);
#6514 = CARTESIAN_POINT('',(0.,0.));
#6515 = VECTOR('',#6516,1.);
#6516 = DIRECTION('',(0.,1.));
#6517 = ( GEOMETRIC_REPRESENTATION_CONTEXT(2) 
PARAMETRIC_REPRESENTATION_CONTEXT() REPRESENTATION_CONTEXT('2D SPACE',''
  ) );
#6518 = ORIENTED_EDGE('',*,*,#6094,.F.);
#6519 = ORIENTED_EDGE('',*,*,#3386,.F.);
#6520 = ORIENTED_EDGE('',*,*,#3509,.F.);
#6521 = ORIENTED_EDGE('',*,*,#3587,.F.);
#6522 = ORIENTED_EDGE('',*,*,#3536,.F.);
#6523 = ORIENTED_EDGE('',*,*,#3282,.F.);
#6524 = ADVANCED_FACE('',(#6525),#3351,.T.);
#6525 = FACE_BOUND('',#6526,.F.);
#6526 = EDGE_LOOP('',(#6527,#6528,#6551,#6583,#6616,#6644,#6677,#6710,
    #6738,#6771,#6804,#6832,#6865,#6898,#6926,#6959,#6992,#7020,#7053));
#6527 = ORIENTED_EDGE('',*,*,#3335,.F.);
#6528 = ORIENTED_EDGE('',*,*,#6529,.T.);
#6529 = EDGE_CURVE('',#3336,#6530,#6532,.T.);
#6530 = VERTEX_POINT('',#6531);
#6531 = CARTESIAN_POINT('',(16.52170534732,-16.45493528482,
    55.100620270734));
#6532 = SURFACE_CURVE('',#6533,(#6538,#6544),.PCURVE_S1.);
#6533 = CIRCLE('',#6534,6.);
#6534 = AXIS2_PLACEMENT_3D('',#6535,#6536,#6537);
#6535 = CARTESIAN_POINT('',(12.507745842028,-12.,55.304778782505));
#6536 = DIRECTION('',(-5.07964637509E-02,-2.2E-16,-0.998709026329));
#6537 = DIRECTION('',(0.998709026329,-1.E-17,-5.07964637509E-02));
#6538 = PCURVE('',#3351,#6539);
#6539 = DEFINITIONAL_REPRESENTATION('',(#6540),#6543);
#6540 = B_SPLINE_CURVE_WITH_KNOTS('',1,(#6541,#6542),.UNSPECIFIED.,.F.,
  .F.,(2,2),(0.,1.570796326795),.PIECEWISE_BEZIER_KNOTS.);
#6541 = CARTESIAN_POINT('',(0.,0.));
#6542 = CARTESIAN_POINT('',(-1.570796326795,0.));
#6543 = ( GEOMETRIC_REPRESENTATION_CONTEXT(2) 
PARAMETRIC_REPRESENTATION_CONTEXT() REPRESENTATION_CONTEXT('2D SPACE',''
  ) );
#6544 = PCURVE('',#6081,#6545);
#6545 = DEFINITIONAL_REPRESENTATION('',(#6546),#6550);
#6546 = LINE('',#6547,#6548);
#6547 = CARTESIAN_POINT('',(-0.,49.368512231989));
#6548 = VECTOR('',#6549,1.);
#6549 = DIRECTION('',(-1.,0.));
#6550 = ( GEOMETRIC_REPRESENTATION_CONTEXT(2) 
PARAMETRIC_REPRESENTATION_CONTEXT() REPRESENTATION_CONTEXT('2D SPACE',''
  ) );
#6551 = ORIENTED_EDGE('',*,*,#6552,.T.);
#6552 = EDGE_CURVE('',#6530,#6553,#6555,.T.);
#6553 = VERTEX_POINT('',#6554);
#6554 = CARTESIAN_POINT('',(16.972135954999,-16.,55.555555555556));
#6555 = SURFACE_CURVE('',#6556,(#6561,#6571),.PCURVE_S1.);
#6556 = ELLIPSE('',#6557,8.485281374239,6.);
#6557 = AXIS2_PLACEMENT_3D('',#6558,#6559,#6560);
#6558 = CARTESIAN_POINT('',(12.5,-12.,59.555555555556));
#6559 = DIRECTION('',(0.,-0.707106781187,0.707106781187));
#6560 = DIRECTION('',(0.,0.707106781187,0.707106781187));
#6561 = PCURVE('',#3351,#6562);
#6562 = DEFINITIONAL_REPRESENTATION('',(#6563),#6570);
#6563 = B_SPLINE_CURVE_WITH_KNOTS('',5,(#6564,#6565,#6566,#6567,#6568,
    #6569),.UNSPECIFIED.,.F.,.F.,(6,6),(3.850053828872,4.026536015766),
  .PIECEWISE_BEZIER_KNOTS.);
#6564 = CARTESIAN_POINT('',(-0.862335151513,-6.286581664128E-04));
#6565 = CARTESIAN_POINT('',(-0.827038714134,0.13716849508));
#6566 = CARTESIAN_POINT('',(-0.791742276755,0.282060981521));
#6567 = CARTESIAN_POINT('',(-0.756445839376,0.433691174757));
#6568 = CARTESIAN_POINT('',(-0.721149401998,0.591664500645));
#6569 = CARTESIAN_POINT('',(-0.685852964619,0.755555555555));
#6570 = ( GEOMETRIC_REPRESENTATION_CONTEXT(2) 
PARAMETRIC_REPRESENTATION_CONTEXT() REPRESENTATION_CONTEXT('2D SPACE',''
  ) );
#6571 = PCURVE('',#6572,#6577);
#6572 = PLANE('',#6573);
#6573 = AXIS2_PLACEMENT_3D('',#6574,#6575,#6576);
#6574 = CARTESIAN_POINT('',(143.30728127852,-16.,55.555555555556));
#6575 = DIRECTION('',(0.,-0.707106781187,0.707106781187));
#6576 = DIRECTION('',(0.,-0.707106781187,-0.707106781187));
#6577 = DEFINITIONAL_REPRESENTATION('',(#6578),#6582);
#6578 = ELLIPSE('',#6579,8.485281374239,6.);
#6579 = AXIS2_PLACEMENT_2D('',#6580,#6581);
#6580 = CARTESIAN_POINT('',(-5.656854249493,-130.8072812785));
#6581 = DIRECTION('',(-1.,0.));
#6582 = ( GEOMETRIC_REPRESENTATION_CONTEXT(2) 
PARAMETRIC_REPRESENTATION_CONTEXT() REPRESENTATION_CONTEXT('2D SPACE',''
  ) );
#6583 = ORIENTED_EDGE('',*,*,#6584,.T.);
#6584 = EDGE_CURVE('',#6553,#6585,#6587,.T.);
#6585 = VERTEX_POINT('',#6586);
#6586 = CARTESIAN_POINT('',(12.5,-18.,57.555555555556));
#6587 = SURFACE_CURVE('',#6588,(#6593,#6604),.PCURVE_S1.);
#6588 = ELLIPSE('',#6589,8.485281374239,6.);
#6589 = AXIS2_PLACEMENT_3D('',#6590,#6591,#6592);
#6590 = CARTESIAN_POINT('',(12.5,-12.,51.555555555555));
#6591 = DIRECTION('',(-0.,-0.707106781187,-0.707106781187));
#6592 = DIRECTION('',(0.,-0.707106781187,0.707106781187));
#6593 = PCURVE('',#3351,#6594);
#6594 = DEFINITIONAL_REPRESENTATION('',(#6595),#6603);
#6595 = B_SPLINE_CURVE_WITH_KNOTS('',6,(#6596,#6597,#6598,#6599,#6600,
    #6601,#6602),.UNSPECIFIED.,.F.,.F.,(7,7),(5.398241945003,
    6.283185356431),.PIECEWISE_BEZIER_KNOTS.);
#6596 = CARTESIAN_POINT('',(-0.685852964619,0.355555555556));
#6597 = CARTESIAN_POINT('',(-0.83334353319,1.04039478205));
#6598 = CARTESIAN_POINT('',(-0.980834101761,1.626036844873));
#6599 = CARTESIAN_POINT('',(-1.128324670333,2.085676190575));
#6600 = CARTESIAN_POINT('',(-1.275815238904,2.398931813251));
#6601 = CARTESIAN_POINT('',(-1.423305807475,2.555555599141));
#6602 = CARTESIAN_POINT('',(-1.570796376047,2.555555555556));
#6603 = ( GEOMETRIC_REPRESENTATION_CONTEXT(2) 
PARAMETRIC_REPRESENTATION_CONTEXT() REPRESENTATION_CONTEXT('2D SPACE',''
  ) );
#6604 = PCURVE('',#6605,#6610);
#6605 = PLANE('',#6606);
#6606 = AXIS2_PLACEMENT_3D('',#6607,#6608,#6609);
#6607 = CARTESIAN_POINT('',(143.30728127852,-18.,57.555555555556));
#6608 = DIRECTION('',(0.,-0.707106781187,-0.707106781187));
#6609 = DIRECTION('',(0.,0.707106781187,-0.707106781187));
#6610 = DEFINITIONAL_REPRESENTATION('',(#6611),#6615);
#6611 = ELLIPSE('',#6612,8.485281374239,6.);
#6612 = AXIS2_PLACEMENT_2D('',#6613,#6614);
#6613 = CARTESIAN_POINT('',(8.485281374239,-130.8072812785));
#6614 = DIRECTION('',(-1.,0.));
#6615 = ( GEOMETRIC_REPRESENTATION_CONTEXT(2) 
PARAMETRIC_REPRESENTATION_CONTEXT() REPRESENTATION_CONTEXT('2D SPACE',''
  ) );
#6616 = ORIENTED_EDGE('',*,*,#6617,.T.);
#6617 = EDGE_CURVE('',#6585,#6618,#6620,.T.);
#6618 = VERTEX_POINT('',#6619);
#6619 = CARTESIAN_POINT('',(12.5,-18.,58.185185185185));
#6620 = SURFACE_CURVE('',#6621,(#6625,#6632),.PCURVE_S1.);
#6621 = LINE('',#6622,#6623);
#6622 = CARTESIAN_POINT('',(12.5,-18.,55.));
#6623 = VECTOR('',#6624,1.);
#6624 = DIRECTION('',(0.,2.2E-16,1.));
#6625 = PCURVE('',#3351,#6626);
#6626 = DEFINITIONAL_REPRESENTATION('',(#6627),#6631);
#6627 = LINE('',#6628,#6629);
#6628 = CARTESIAN_POINT('',(-1.570796326795,0.));
#6629 = VECTOR('',#6630,1.);
#6630 = DIRECTION('',(-0.,1.));
#6631 = ( GEOMETRIC_REPRESENTATION_CONTEXT(2) 
PARAMETRIC_REPRESENTATION_CONTEXT() REPRESENTATION_CONTEXT('2D SPACE',''
  ) );
#6632 = PCURVE('',#6633,#6638);
#6633 = PLANE('',#6634);
#6634 = AXIS2_PLACEMENT_3D('',#6635,#6636,#6637);
#6635 = CARTESIAN_POINT('',(-6.78021613E-09,-18.,63.352095707312));
#6636 = DIRECTION('',(0.,1.,2.2E-16));
#6637 = DIRECTION('',(0.,-2.2E-16,1.));
#6638 = DEFINITIONAL_REPRESENTATION('',(#6639),#6643);
#6639 = LINE('',#6640,#6641);
#6640 = CARTESIAN_POINT('',(-8.352095707312,12.50000000678));
#6641 = VECTOR('',#6642,1.);
#6642 = DIRECTION('',(1.,0.));
#6643 = ( GEOMETRIC_REPRESENTATION_CONTEXT(2) 
PARAMETRIC_REPRESENTATION_CONTEXT() REPRESENTATION_CONTEXT('2D SPACE',''
  ) );
#6644 = ORIENTED_EDGE('',*,*,#6645,.T.);
#6645 = EDGE_CURVE('',#6618,#6646,#6648,.T.);
#6646 = VERTEX_POINT('',#6647);
#6647 = CARTESIAN_POINT('',(16.972135954999,-16.,60.185185185185));
#6648 = SURFACE_CURVE('',#6649,(#6654,#6665),.PCURVE_S1.);
#6649 = ELLIPSE('',#6650,8.485281374239,6.);
#6650 = AXIS2_PLACEMENT_3D('',#6651,#6652,#6653);
#6651 = CARTESIAN_POINT('',(12.5,-12.,64.185185185185));
#6652 = DIRECTION('',(0.,-0.707106781187,0.707106781187));
#6653 = DIRECTION('',(0.,0.707106781187,0.707106781187));
#6654 = PCURVE('',#3351,#6655);
#6655 = DEFINITIONAL_REPRESENTATION('',(#6656),#6664);
#6656 = B_SPLINE_CURVE_WITH_KNOTS('',6,(#6657,#6658,#6659,#6660,#6661,
    #6662,#6663),.UNSPECIFIED.,.F.,.F.,(7,7),(3.141592604338,
    4.026536015766),.PIECEWISE_BEZIER_KNOTS.);
#6657 = CARTESIAN_POINT('',(-1.570796376047,3.185185185185));
#6658 = CARTESIAN_POINT('',(-1.423305807475,3.1851851416));
#6659 = CARTESIAN_POINT('',(-1.275815238904,3.34180892749));
#6660 = CARTESIAN_POINT('',(-1.128324670333,3.655064550166));
#6661 = CARTESIAN_POINT('',(-0.980834101761,4.114703895867));
#6662 = CARTESIAN_POINT('',(-0.83334353319,4.700345958691));
#6663 = CARTESIAN_POINT('',(-0.685852964619,5.385185185185));
#6664 = ( GEOMETRIC_REPRESENTATION_CONTEXT(2) 
PARAMETRIC_REPRESENTATION_CONTEXT() REPRESENTATION_CONTEXT('2D SPACE',''
  ) );
#6665 = PCURVE('',#6666,#6671);
#6666 = PLANE('',#6667);
#6667 = AXIS2_PLACEMENT_3D('',#6668,#6669,#6670);
#6668 = CARTESIAN_POINT('',(143.30728127852,-16.,60.185185185185));
#6669 = DIRECTION('',(0.,-0.707106781187,0.707106781187));
#6670 = DIRECTION('',(0.,-0.707106781187,-0.707106781187));
#6671 = DEFINITIONAL_REPRESENTATION('',(#6672),#6676);
#6672 = ELLIPSE('',#6673,8.485281374239,6.);
#6673 = AXIS2_PLACEMENT_2D('',#6674,#6675);
#6674 = CARTESIAN_POINT('',(-5.656854249493,-130.8072812785));
#6675 = DIRECTION('',(-1.,0.));
#6676 = ( GEOMETRIC_REPRESENTATION_CONTEXT(2) 
PARAMETRIC_REPRESENTATION_CONTEXT() REPRESENTATION_CONTEXT('2D SPACE',''
  ) );
#6677 = ORIENTED_EDGE('',*,*,#6678,.T.);
#6678 = EDGE_CURVE('',#6646,#6679,#6681,.T.);
#6679 = VERTEX_POINT('',#6680);
#6680 = CARTESIAN_POINT('',(12.5,-18.,62.185185185185));
#6681 = SURFACE_CURVE('',#6682,(#6687,#6698),.PCURVE_S1.);
#6682 = ELLIPSE('',#6683,8.485281374239,6.);
#6683 = AXIS2_PLACEMENT_3D('',#6684,#6685,#6686);
#6684 = CARTESIAN_POINT('',(12.5,-12.,56.185185185185));
#6685 = DIRECTION('',(-0.,-0.707106781187,-0.707106781187));
#6686 = DIRECTION('',(0.,-0.707106781187,0.707106781187));
#6687 = PCURVE('',#3351,#6688);
#6688 = DEFINITIONAL_REPRESENTATION('',(#6689),#6697);
#6689 = B_SPLINE_CURVE_WITH_KNOTS('',6,(#6690,#6691,#6692,#6693,#6694,
    #6695,#6696),.UNSPECIFIED.,.F.,.F.,(7,7),(5.398241945003,
    6.283185356431),.PIECEWISE_BEZIER_KNOTS.);
#6690 = CARTESIAN_POINT('',(-0.685852964619,4.985185185185));
#6691 = CARTESIAN_POINT('',(-0.83334353319,5.67002441168));
#6692 = CARTESIAN_POINT('',(-0.980834101761,6.255666474503));
#6693 = CARTESIAN_POINT('',(-1.128324670333,6.715305820204));
#6694 = CARTESIAN_POINT('',(-1.275815238904,7.028561442881));
#6695 = CARTESIAN_POINT('',(-1.423305807475,7.18518522877));
#6696 = CARTESIAN_POINT('',(-1.570796376047,7.185185185185));
#6697 = ( GEOMETRIC_REPRESENTATION_CONTEXT(2) 
PARAMETRIC_REPRESENTATION_CONTEXT() REPRESENTATION_CONTEXT('2D SPACE',''
  ) );
#6698 = PCURVE('',#6699,#6704);
#6699 = PLANE('',#6700);
#6700 = AXIS2_PLACEMENT_3D('',#6701,#6702,#6703);
#6701 = CARTESIAN_POINT('',(143.30728127852,-18.,62.185185185185));
#6702 = DIRECTION('',(0.,-0.707106781187,-0.707106781187));
#6703 = DIRECTION('',(0.,0.707106781187,-0.707106781187));
#6704 = DEFINITIONAL_REPRESENTATION('',(#6705),#6709);
#6705 = ELLIPSE('',#6706,8.485281374239,6.);
#6706 = AXIS2_PLACEMENT_2D('',#6707,#6708);
#6707 = CARTESIAN_POINT('',(8.485281374239,-130.8072812785));
#6708 = DIRECTION('',(-1.,0.));
#6709 = ( GEOMETRIC_REPRESENTATION_CONTEXT(2) 
PARAMETRIC_REPRESENTATION_CONTEXT() REPRESENTATION_CONTEXT('2D SPACE',''
  ) );
#6710 = ORIENTED_EDGE('',*,*,#6711,.T.);
#6711 = EDGE_CURVE('',#6679,#6712,#6714,.T.);
#6712 = VERTEX_POINT('',#6713);
#6713 = CARTESIAN_POINT('',(12.5,-18.,62.814814814815));
#6714 = SURFACE_CURVE('',#6715,(#6719,#6726),.PCURVE_S1.);
#6715 = LINE('',#6716,#6717);
#6716 = CARTESIAN_POINT('',(12.5,-18.,55.));
#6717 = VECTOR('',#6718,1.);
#6718 = DIRECTION('',(0.,2.2E-16,1.));
#6719 = PCURVE('',#3351,#6720);
#6720 = DEFINITIONAL_REPRESENTATION('',(#6721),#6725);
#6721 = LINE('',#6722,#6723);
#6722 = CARTESIAN_POINT('',(-1.570796326795,0.));
#6723 = VECTOR('',#6724,1.);
#6724 = DIRECTION('',(-0.,1.));
#6725 = ( GEOMETRIC_REPRESENTATION_CONTEXT(2) 
PARAMETRIC_REPRESENTATION_CONTEXT() REPRESENTATION_CONTEXT('2D SPACE',''
  ) );
#6726 = PCURVE('',#6727,#6732);
#6727 = PLANE('',#6728);
#6728 = AXIS2_PLACEMENT_3D('',#6729,#6730,#6731);
#6729 = CARTESIAN_POINT('',(-6.78021613E-09,-18.,63.352095707312));
#6730 = DIRECTION('',(0.,1.,2.2E-16));
#6731 = DIRECTION('',(0.,-2.2E-16,1.));
#6732 = DEFINITIONAL_REPRESENTATION('',(#6733),#6737);
#6733 = LINE('',#6734,#6735);
#6734 = CARTESIAN_POINT('',(-8.352095707312,12.50000000678));
#6735 = VECTOR('',#6736,1.);
#6736 = DIRECTION('',(1.,0.));
#6737 = ( GEOMETRIC_REPRESENTATION_CONTEXT(2) 
PARAMETRIC_REPRESENTATION_CONTEXT() REPRESENTATION_CONTEXT('2D SPACE',''
  ) );
#6738 = ORIENTED_EDGE('',*,*,#6739,.T.);
#6739 = EDGE_CURVE('',#6712,#6740,#6742,.T.);
#6740 = VERTEX_POINT('',#6741);
#6741 = CARTESIAN_POINT('',(16.972135954999,-16.,64.814814814815));
#6742 = SURFACE_CURVE('',#6743,(#6748,#6759),.PCURVE_S1.);
#6743 = ELLIPSE('',#6744,8.485281374239,6.);
#6744 = AXIS2_PLACEMENT_3D('',#6745,#6746,#6747);
#6745 = CARTESIAN_POINT('',(12.5,-12.,68.814814814815));
#6746 = DIRECTION('',(0.,-0.707106781187,0.707106781187));
#6747 = DIRECTION('',(0.,0.707106781187,0.707106781187));
#6748 = PCURVE('',#3351,#6749);
#6749 = DEFINITIONAL_REPRESENTATION('',(#6750),#6758);
#6750 = B_SPLINE_CURVE_WITH_KNOTS('',6,(#6751,#6752,#6753,#6754,#6755,
    #6756,#6757),.UNSPECIFIED.,.F.,.F.,(7,7),(3.141592604338,
    4.026536015766),.PIECEWISE_BEZIER_KNOTS.);
#6751 = CARTESIAN_POINT('',(-1.570796376047,7.814814814815));
#6752 = CARTESIAN_POINT('',(-1.423305807475,7.81481477123));
#6753 = CARTESIAN_POINT('',(-1.275815238904,7.971438557119));
#6754 = CARTESIAN_POINT('',(-1.128324670333,8.284694179795));
#6755 = CARTESIAN_POINT('',(-0.980834101761,8.744333525497));
#6756 = CARTESIAN_POINT('',(-0.83334353319,9.32997558832));
#6757 = CARTESIAN_POINT('',(-0.685852964619,10.014814814815));
#6758 = ( GEOMETRIC_REPRESENTATION_CONTEXT(2) 
PARAMETRIC_REPRESENTATION_CONTEXT() REPRESENTATION_CONTEXT('2D SPACE',''
  ) );
#6759 = PCURVE('',#6760,#6765);
#6760 = PLANE('',#6761);
#6761 = AXIS2_PLACEMENT_3D('',#6762,#6763,#6764);
#6762 = CARTESIAN_POINT('',(143.30728127852,-16.,64.814814814815));
#6763 = DIRECTION('',(0.,-0.707106781187,0.707106781187));
#6764 = DIRECTION('',(0.,-0.707106781187,-0.707106781187));
#6765 = DEFINITIONAL_REPRESENTATION('',(#6766),#6770);
#6766 = ELLIPSE('',#6767,8.485281374239,6.);
#6767 = AXIS2_PLACEMENT_2D('',#6768,#6769);
#6768 = CARTESIAN_POINT('',(-5.656854249493,-130.8072812785));
#6769 = DIRECTION('',(-1.,0.));
#6770 = ( GEOMETRIC_REPRESENTATION_CONTEXT(2) 
PARAMETRIC_REPRESENTATION_CONTEXT() REPRESENTATION_CONTEXT('2D SPACE',''
  ) );
#6771 = ORIENTED_EDGE('',*,*,#6772,.T.);
#6772 = EDGE_CURVE('',#6740,#6773,#6775,.T.);
#6773 = VERTEX_POINT('',#6774);
#6774 = CARTESIAN_POINT('',(12.5,-18.,66.814814814815));
#6775 = SURFACE_CURVE('',#6776,(#6781,#6792),.PCURVE_S1.);
#6776 = ELLIPSE('',#6777,8.485281374239,6.);
#6777 = AXIS2_PLACEMENT_3D('',#6778,#6779,#6780);
#6778 = CARTESIAN_POINT('',(12.5,-12.,60.814814814815));
#6779 = DIRECTION('',(-0.,-0.707106781187,-0.707106781187));
#6780 = DIRECTION('',(0.,-0.707106781187,0.707106781187));
#6781 = PCURVE('',#3351,#6782);
#6782 = DEFINITIONAL_REPRESENTATION('',(#6783),#6791);
#6783 = B_SPLINE_CURVE_WITH_KNOTS('',6,(#6784,#6785,#6786,#6787,#6788,
    #6789,#6790),.UNSPECIFIED.,.F.,.F.,(7,7),(5.398241945003,
    6.283185356431),.PIECEWISE_BEZIER_KNOTS.);
#6784 = CARTESIAN_POINT('',(-0.685852964619,9.614814814815));
#6785 = CARTESIAN_POINT('',(-0.83334353319,10.299654041309));
#6786 = CARTESIAN_POINT('',(-0.980834101761,10.885296104132));
#6787 = CARTESIAN_POINT('',(-1.128324670333,11.344935449834));
#6788 = CARTESIAN_POINT('',(-1.275815238904,11.65819107251));
#6789 = CARTESIAN_POINT('',(-1.423305807475,11.8148148584));
#6790 = CARTESIAN_POINT('',(-1.570796376047,11.814814814815));
#6791 = ( GEOMETRIC_REPRESENTATION_CONTEXT(2) 
PARAMETRIC_REPRESENTATION_CONTEXT() REPRESENTATION_CONTEXT('2D SPACE',''
  ) );
#6792 = PCURVE('',#6793,#6798);
#6793 = PLANE('',#6794);
#6794 = AXIS2_PLACEMENT_3D('',#6795,#6796,#6797);
#6795 = CARTESIAN_POINT('',(143.30728127852,-18.,66.814814814815));
#6796 = DIRECTION('',(0.,-0.707106781187,-0.707106781187));
#6797 = DIRECTION('',(0.,0.707106781187,-0.707106781187));
#6798 = DEFINITIONAL_REPRESENTATION('',(#6799),#6803);
#6799 = ELLIPSE('',#6800,8.485281374239,6.);
#6800 = AXIS2_PLACEMENT_2D('',#6801,#6802);
#6801 = CARTESIAN_POINT('',(8.485281374239,-130.8072812785));
#6802 = DIRECTION('',(-1.,0.));
#6803 = ( GEOMETRIC_REPRESENTATION_CONTEXT(2) 
PARAMETRIC_REPRESENTATION_CONTEXT() REPRESENTATION_CONTEXT('2D SPACE',''
  ) );
#6804 = ORIENTED_EDGE('',*,*,#6805,.T.);
#6805 = EDGE_CURVE('',#6773,#6806,#6808,.T.);
#6806 = VERTEX_POINT('',#6807);
#6807 = CARTESIAN_POINT('',(12.5,-18.,67.444444444444));
#6808 = SURFACE_CURVE('',#6809,(#6813,#6820),.PCURVE_S1.);
#6809 = LINE('',#6810,#6811);
#6810 = CARTESIAN_POINT('',(12.5,-18.,55.));
#6811 = VECTOR('',#6812,1.);
#6812 = DIRECTION('',(0.,2.2E-16,1.));
#6813 = PCURVE('',#3351,#6814);
#6814 = DEFINITIONAL_REPRESENTATION('',(#6815),#6819);
#6815 = LINE('',#6816,#6817);
#6816 = CARTESIAN_POINT('',(-1.570796326795,0.));
#6817 = VECTOR('',#6818,1.);
#6818 = DIRECTION('',(-0.,1.));
#6819 = ( GEOMETRIC_REPRESENTATION_CONTEXT(2) 
PARAMETRIC_REPRESENTATION_CONTEXT() REPRESENTATION_CONTEXT('2D SPACE',''
  ) );
#6820 = PCURVE('',#6821,#6826);
#6821 = PLANE('',#6822);
#6822 = AXIS2_PLACEMENT_3D('',#6823,#6824,#6825);
#6823 = CARTESIAN_POINT('',(-6.78021613E-09,-18.,63.352095707312));
#6824 = DIRECTION('',(0.,1.,2.2E-16));
#6825 = DIRECTION('',(0.,-2.2E-16,1.));
#6826 = DEFINITIONAL_REPRESENTATION('',(#6827),#6831);
#6827 = LINE('',#6828,#6829);
#6828 = CARTESIAN_POINT('',(-8.352095707312,12.50000000678));
#6829 = VECTOR('',#6830,1.);
#6830 = DIRECTION('',(1.,0.));
#6831 = ( GEOMETRIC_REPRESENTATION_CONTEXT(2) 
PARAMETRIC_REPRESENTATION_CONTEXT() REPRESENTATION_CONTEXT('2D SPACE',''
  ) );
#6832 = ORIENTED_EDGE('',*,*,#6833,.T.);
#6833 = EDGE_CURVE('',#6806,#6834,#6836,.T.);
#6834 = VERTEX_POINT('',#6835);
#6835 = CARTESIAN_POINT('',(16.972135954999,-16.,69.444444444444));
#6836 = SURFACE_CURVE('',#6837,(#6842,#6853),.PCURVE_S1.);
#6837 = ELLIPSE('',#6838,8.485281374239,6.);
#6838 = AXIS2_PLACEMENT_3D('',#6839,#6840,#6841);
#6839 = CARTESIAN_POINT('',(12.5,-12.,73.444444444445));
#6840 = DIRECTION('',(0.,-0.707106781187,0.707106781187));
#6841 = DIRECTION('',(0.,0.707106781187,0.707106781187));
#6842 = PCURVE('',#3351,#6843);
#6843 = DEFINITIONAL_REPRESENTATION('',(#6844),#6852);
#6844 = B_SPLINE_CURVE_WITH_KNOTS('',6,(#6845,#6846,#6847,#6848,#6849,
    #6850,#6851),.UNSPECIFIED.,.F.,.F.,(7,7),(3.141592604338,
    4.026536015766),.PIECEWISE_BEZIER_KNOTS.);
#6845 = CARTESIAN_POINT('',(-1.570796376047,12.444444444444));
#6846 = CARTESIAN_POINT('',(-1.423305807475,12.444444400859));
#6847 = CARTESIAN_POINT('',(-1.275815238904,12.601068186749));
#6848 = CARTESIAN_POINT('',(-1.128324670333,12.914323809425));
#6849 = CARTESIAN_POINT('',(-0.980834101761,13.373963155127));
#6850 = CARTESIAN_POINT('',(-0.83334353319,13.95960521795));
#6851 = CARTESIAN_POINT('',(-0.685852964619,14.644444444444));
#6852 = ( GEOMETRIC_REPRESENTATION_CONTEXT(2) 
PARAMETRIC_REPRESENTATION_CONTEXT() REPRESENTATION_CONTEXT('2D SPACE',''
  ) );
#6853 = PCURVE('',#6854,#6859);
#6854 = PLANE('',#6855);
#6855 = AXIS2_PLACEMENT_3D('',#6856,#6857,#6858);
#6856 = CARTESIAN_POINT('',(143.30728127852,-16.,69.444444444444));
#6857 = DIRECTION('',(0.,-0.707106781187,0.707106781187));
#6858 = DIRECTION('',(0.,-0.707106781187,-0.707106781187));
#6859 = DEFINITIONAL_REPRESENTATION('',(#6860),#6864);
#6860 = ELLIPSE('',#6861,8.485281374239,6.);
#6861 = AXIS2_PLACEMENT_2D('',#6862,#6863);
#6862 = CARTESIAN_POINT('',(-5.656854249493,-130.8072812785));
#6863 = DIRECTION('',(-1.,0.));
#6864 = ( GEOMETRIC_REPRESENTATION_CONTEXT(2) 
PARAMETRIC_REPRESENTATION_CONTEXT() REPRESENTATION_CONTEXT('2D SPACE',''
  ) );
#6865 = ORIENTED_EDGE('',*,*,#6866,.T.);
#6866 = EDGE_CURVE('',#6834,#6867,#6869,.T.);
#6867 = VERTEX_POINT('',#6868);
#6868 = CARTESIAN_POINT('',(12.5,-18.,71.444444444445));
#6869 = SURFACE_CURVE('',#6870,(#6875,#6886),.PCURVE_S1.);
#6870 = ELLIPSE('',#6871,8.485281374239,6.);
#6871 = AXIS2_PLACEMENT_3D('',#6872,#6873,#6874);
#6872 = CARTESIAN_POINT('',(12.5,-12.,65.444444444444));
#6873 = DIRECTION('',(-0.,-0.707106781187,-0.707106781187));
#6874 = DIRECTION('',(0.,-0.707106781187,0.707106781187));
#6875 = PCURVE('',#3351,#6876);
#6876 = DEFINITIONAL_REPRESENTATION('',(#6877),#6885);
#6877 = B_SPLINE_CURVE_WITH_KNOTS('',6,(#6878,#6879,#6880,#6881,#6882,
    #6883,#6884),.UNSPECIFIED.,.F.,.F.,(7,7),(5.398241945003,
    6.283185356431),.PIECEWISE_BEZIER_KNOTS.);
#6878 = CARTESIAN_POINT('',(-0.685852964619,14.244444444445));
#6879 = CARTESIAN_POINT('',(-0.83334353319,14.929283670939));
#6880 = CARTESIAN_POINT('',(-0.980834101761,15.514925733762));
#6881 = CARTESIAN_POINT('',(-1.128324670333,15.974565079463));
#6882 = CARTESIAN_POINT('',(-1.275815238904,16.28782070214));
#6883 = CARTESIAN_POINT('',(-1.423305807475,16.44444448803));
#6884 = CARTESIAN_POINT('',(-1.570796376047,16.444444444445));
#6885 = ( GEOMETRIC_REPRESENTATION_CONTEXT(2) 
PARAMETRIC_REPRESENTATION_CONTEXT() REPRESENTATION_CONTEXT('2D SPACE',''
  ) );
#6886 = PCURVE('',#6887,#6892);
#6887 = PLANE('',#6888);
#6888 = AXIS2_PLACEMENT_3D('',#6889,#6890,#6891);
#6889 = CARTESIAN_POINT('',(143.30728127852,-18.,71.444444444445));
#6890 = DIRECTION('',(0.,-0.707106781187,-0.707106781187));
#6891 = DIRECTION('',(0.,0.707106781187,-0.707106781187));
#6892 = DEFINITIONAL_REPRESENTATION('',(#6893),#6897);
#6893 = ELLIPSE('',#6894,8.485281374239,6.);
#6894 = AXIS2_PLACEMENT_2D('',#6895,#6896);
#6895 = CARTESIAN_POINT('',(8.485281374239,-130.8072812785));
#6896 = DIRECTION('',(-1.,0.));
#6897 = ( GEOMETRIC_REPRESENTATION_CONTEXT(2) 
PARAMETRIC_REPRESENTATION_CONTEXT() REPRESENTATION_CONTEXT('2D SPACE',''
  ) );
#6898 = ORIENTED_EDGE('',*,*,#6899,.T.);
#6899 = EDGE_CURVE('',#6867,#6900,#6902,.T.);
#6900 = VERTEX_POINT('',#6901);
#6901 = CARTESIAN_POINT('',(12.5,-18.,72.074074074074));
#6902 = SURFACE_CURVE('',#6903,(#6907,#6914),.PCURVE_S1.);
#6903 = LINE('',#6904,#6905);
#6904 = CARTESIAN_POINT('',(12.5,-18.,55.));
#6905 = VECTOR('',#6906,1.);
#6906 = DIRECTION('',(0.,2.2E-16,1.));
#6907 = PCURVE('',#3351,#6908);
#6908 = DEFINITIONAL_REPRESENTATION('',(#6909),#6913);
#6909 = LINE('',#6910,#6911);
#6910 = CARTESIAN_POINT('',(-1.570796326795,0.));
#6911 = VECTOR('',#6912,1.);
#6912 = DIRECTION('',(-0.,1.));
#6913 = ( GEOMETRIC_REPRESENTATION_CONTEXT(2) 
PARAMETRIC_REPRESENTATION_CONTEXT() REPRESENTATION_CONTEXT('2D SPACE',''
  ) );
#6914 = PCURVE('',#6915,#6920);
#6915 = PLANE('',#6916);
#6916 = AXIS2_PLACEMENT_3D('',#6917,#6918,#6919);
#6917 = CARTESIAN_POINT('',(-6.78021613E-09,-18.,63.352095707312));
#6918 = DIRECTION('',(0.,1.,2.2E-16));
#6919 = DIRECTION('',(0.,-2.2E-16,1.));
#6920 = DEFINITIONAL_REPRESENTATION('',(#6921),#6925);
#6921 = LINE('',#6922,#6923);
#6922 = CARTESIAN_POINT('',(-8.352095707312,12.50000000678));
#6923 = VECTOR('',#6924,1.);
#6924 = DIRECTION('',(1.,0.));
#6925 = ( GEOMETRIC_REPRESENTATION_CONTEXT(2) 
PARAMETRIC_REPRESENTATION_CONTEXT() REPRESENTATION_CONTEXT('2D SPACE',''
  ) );
#6926 = ORIENTED_EDGE('',*,*,#6927,.T.);
#6927 = EDGE_CURVE('',#6900,#6928,#6930,.T.);
#6928 = VERTEX_POINT('',#6929);
#6929 = CARTESIAN_POINT('',(16.972135954999,-16.,74.074074074074));
#6930 = SURFACE_CURVE('',#6931,(#6936,#6947),.PCURVE_S1.);
#6931 = ELLIPSE('',#6932,8.485281374239,6.);
#6932 = AXIS2_PLACEMENT_3D('',#6933,#6934,#6935);
#6933 = CARTESIAN_POINT('',(12.5,-12.,78.074074074074));
#6934 = DIRECTION('',(0.,-0.707106781187,0.707106781187));
#6935 = DIRECTION('',(0.,0.707106781187,0.707106781187));
#6936 = PCURVE('',#3351,#6937);
#6937 = DEFINITIONAL_REPRESENTATION('',(#6938),#6946);
#6938 = B_SPLINE_CURVE_WITH_KNOTS('',6,(#6939,#6940,#6941,#6942,#6943,
    #6944,#6945),.UNSPECIFIED.,.F.,.F.,(7,7),(3.141592604338,
    4.026536015766),.PIECEWISE_BEZIER_KNOTS.);
#6939 = CARTESIAN_POINT('',(-1.570796376047,17.074074074074));
#6940 = CARTESIAN_POINT('',(-1.423305807475,17.074074030489));
#6941 = CARTESIAN_POINT('',(-1.275815238904,17.230697816378));
#6942 = CARTESIAN_POINT('',(-1.128324670333,17.543953439055));
#6943 = CARTESIAN_POINT('',(-0.980834101761,18.003592784756));
#6944 = CARTESIAN_POINT('',(-0.83334353319,18.58923484758));
#6945 = CARTESIAN_POINT('',(-0.685852964619,19.274074074074));
#6946 = ( GEOMETRIC_REPRESENTATION_CONTEXT(2) 
PARAMETRIC_REPRESENTATION_CONTEXT() REPRESENTATION_CONTEXT('2D SPACE',''
  ) );
#6947 = PCURVE('',#6948,#6953);
#6948 = PLANE('',#6949);
#6949 = AXIS2_PLACEMENT_3D('',#6950,#6951,#6952);
#6950 = CARTESIAN_POINT('',(143.30728127852,-16.,74.074074074074));
#6951 = DIRECTION('',(0.,-0.707106781187,0.707106781187));
#6952 = DIRECTION('',(0.,-0.707106781187,-0.707106781187));
#6953 = DEFINITIONAL_REPRESENTATION('',(#6954),#6958);
#6954 = ELLIPSE('',#6955,8.485281374239,6.);
#6955 = AXIS2_PLACEMENT_2D('',#6956,#6957);
#6956 = CARTESIAN_POINT('',(-5.656854249493,-130.8072812785));
#6957 = DIRECTION('',(-1.,0.));
#6958 = ( GEOMETRIC_REPRESENTATION_CONTEXT(2) 
PARAMETRIC_REPRESENTATION_CONTEXT() REPRESENTATION_CONTEXT('2D SPACE',''
  ) );
#6959 = ORIENTED_EDGE('',*,*,#6960,.T.);
#6960 = EDGE_CURVE('',#6928,#6961,#6963,.T.);
#6961 = VERTEX_POINT('',#6962);
#6962 = CARTESIAN_POINT('',(12.5,-18.,76.074074074074));
#6963 = SURFACE_CURVE('',#6964,(#6969,#6980),.PCURVE_S1.);
#6964 = ELLIPSE('',#6965,8.485281374239,6.);
#6965 = AXIS2_PLACEMENT_3D('',#6966,#6967,#6968);
#6966 = CARTESIAN_POINT('',(12.5,-12.,70.074074074074));
#6967 = DIRECTION('',(-0.,-0.707106781187,-0.707106781187));
#6968 = DIRECTION('',(0.,-0.707106781187,0.707106781187));
#6969 = PCURVE('',#3351,#6970);
#6970 = DEFINITIONAL_REPRESENTATION('',(#6971),#6979);
#6971 = B_SPLINE_CURVE_WITH_KNOTS('',6,(#6972,#6973,#6974,#6975,#6976,
    #6977,#6978),.UNSPECIFIED.,.F.,.F.,(7,7),(5.398241945003,
    6.283185356431),.PIECEWISE_BEZIER_KNOTS.);
#6972 = CARTESIAN_POINT('',(-0.685852964619,18.874074074074));
#6973 = CARTESIAN_POINT('',(-0.83334353319,19.558913300568));
#6974 = CARTESIAN_POINT('',(-0.980834101761,20.144555363392));
#6975 = CARTESIAN_POINT('',(-1.128324670333,20.604194709093));
#6976 = CARTESIAN_POINT('',(-1.275815238904,20.91745033177));
#6977 = CARTESIAN_POINT('',(-1.423305807475,21.074074117659));
#6978 = CARTESIAN_POINT('',(-1.570796376047,21.074074074074));
#6979 = ( GEOMETRIC_REPRESENTATION_CONTEXT(2) 
PARAMETRIC_REPRESENTATION_CONTEXT() REPRESENTATION_CONTEXT('2D SPACE',''
  ) );
#6980 = PCURVE('',#6981,#6986);
#6981 = PLANE('',#6982);
#6982 = AXIS2_PLACEMENT_3D('',#6983,#6984,#6985);
#6983 = CARTESIAN_POINT('',(143.30728127852,-18.,76.074074074074));
#6984 = DIRECTION('',(0.,-0.707106781187,-0.707106781187));
#6985 = DIRECTION('',(0.,0.707106781187,-0.707106781187));
#6986 = DEFINITIONAL_REPRESENTATION('',(#6987),#6991);
#6987 = ELLIPSE('',#6988,8.485281374239,6.);
#6988 = AXIS2_PLACEMENT_2D('',#6989,#6990);
#6989 = CARTESIAN_POINT('',(8.485281374239,-130.8072812785));
#6990 = DIRECTION('',(-1.,0.));
#6991 = ( GEOMETRIC_REPRESENTATION_CONTEXT(2) 
PARAMETRIC_REPRESENTATION_CONTEXT() REPRESENTATION_CONTEXT('2D SPACE',''
  ) );
#6992 = ORIENTED_EDGE('',*,*,#6993,.T.);
#6993 = EDGE_CURVE('',#6961,#6994,#6996,.T.);
#6994 = VERTEX_POINT('',#6995);
#6995 = CARTESIAN_POINT('',(12.5,-18.,76.703703703704));
#6996 = SURFACE_CURVE('',#6997,(#7001,#7008),.PCURVE_S1.);
#6997 = LINE('',#6998,#6999);
#6998 = CARTESIAN_POINT('',(12.5,-18.,55.));
#6999 = VECTOR('',#7000,1.);
#7000 = DIRECTION('',(0.,2.2E-16,1.));
#7001 = PCURVE('',#3351,#7002);
#7002 = DEFINITIONAL_REPRESENTATION('',(#7003),#7007);
#7003 = LINE('',#7004,#7005);
#7004 = CARTESIAN_POINT('',(-1.570796326795,0.));
#7005 = VECTOR('',#7006,1.);
#7006 = DIRECTION('',(-0.,1.));
#7007 = ( GEOMETRIC_REPRESENTATION_CONTEXT(2) 
PARAMETRIC_REPRESENTATION_CONTEXT() REPRESENTATION_CONTEXT('2D SPACE',''
  ) );
#7008 = PCURVE('',#7009,#7014);
#7009 = PLANE('',#7010);
#7010 = AXIS2_PLACEMENT_3D('',#7011,#7012,#7013);
#7011 = CARTESIAN_POINT('',(-6.78021613E-09,-18.,63.352095707312));
#7012 = DIRECTION('',(0.,1.,2.2E-16));
#7013 = DIRECTION('',(0.,-2.2E-16,1.));
#7014 = DEFINITIONAL_REPRESENTATION('',(#7015),#7019);
#7015 = LINE('',#7016,#7017);
#7016 = CARTESIAN_POINT('',(-8.352095707312,12.50000000678));
#7017 = VECTOR('',#7018,1.);
#7018 = DIRECTION('',(1.,0.));
#7019 = ( GEOMETRIC_REPRESENTATION_CONTEXT(2) 
PARAMETRIC_REPRESENTATION_CONTEXT() REPRESENTATION_CONTEXT('2D SPACE',''
  ) );
#7020 = ORIENTED_EDGE('',*,*,#7021,.T.);
#7021 = EDGE_CURVE('',#6994,#7022,#7024,.T.);
#7022 = VERTEX_POINT('',#7023);
#7023 = CARTESIAN_POINT('',(13.728800564538,-17.87282293046,
    76.830880773239));
#7024 = SURFACE_CURVE('',#7025,(#7030,#7041),.PCURVE_S1.);
#7025 = ELLIPSE('',#7026,8.485281374239,6.);
#7026 = AXIS2_PLACEMENT_3D('',#7027,#7028,#7029);
#7027 = CARTESIAN_POINT('',(12.5,-12.,82.703703703704));
#7028 = DIRECTION('',(0.,-0.707106781187,0.707106781187));
#7029 = DIRECTION('',(0.,0.707106781187,0.707106781187));
#7030 = PCURVE('',#3351,#7031);
#7031 = DEFINITIONAL_REPRESENTATION('',(#7032),#7040);
#7032 = B_SPLINE_CURVE_WITH_KNOTS('',6,(#7033,#7034,#7035,#7036,#7037,
    #7038,#7039),.UNSPECIFIED.,.F.,.F.,(7,7),(3.141592604338,
    3.592367348187),.PIECEWISE_BEZIER_KNOTS.);
#7033 = CARTESIAN_POINT('',(-1.570796376047,21.703703703704));
#7034 = CARTESIAN_POINT('',(-1.495667252072,21.703703681502));
#7035 = CARTESIAN_POINT('',(-1.420538128097,21.744343227941));
#7036 = CARTESIAN_POINT('',(-1.345409004122,21.825622380444));
#7037 = CARTESIAN_POINT('',(-1.270279880147,21.946852859174));
#7038 = CARTESIAN_POINT('',(-1.195150756173,22.106658637324));
#7039 = CARTESIAN_POINT('',(-1.120021632198,22.303044503295));
#7040 = ( GEOMETRIC_REPRESENTATION_CONTEXT(2) 
PARAMETRIC_REPRESENTATION_CONTEXT() REPRESENTATION_CONTEXT('2D SPACE',''
  ) );
#7041 = PCURVE('',#7042,#7047);
#7042 = PLANE('',#7043);
#7043 = AXIS2_PLACEMENT_3D('',#7044,#7045,#7046);
#7044 = CARTESIAN_POINT('',(143.30728127852,-16.,78.703703703704));
#7045 = DIRECTION('',(0.,-0.707106781187,0.707106781187));
#7046 = DIRECTION('',(0.,-0.707106781187,-0.707106781187));
#7047 = DEFINITIONAL_REPRESENTATION('',(#7048),#7052);
#7048 = ELLIPSE('',#7049,8.485281374239,6.);
#7049 = AXIS2_PLACEMENT_2D('',#7050,#7051);
#7050 = CARTESIAN_POINT('',(-5.656854249493,-130.8072812785));
#7051 = DIRECTION('',(-1.,0.));
#7052 = ( GEOMETRIC_REPRESENTATION_CONTEXT(2) 
PARAMETRIC_REPRESENTATION_CONTEXT() REPRESENTATION_CONTEXT('2D SPACE',''
  ) );
#7053 = ORIENTED_EDGE('',*,*,#7054,.F.);
#7054 = EDGE_CURVE('',#3313,#7022,#7055,.T.);
#7055 = SURFACE_CURVE('',#7056,(#7061,#7073),.PCURVE_S1.);
#7056 = ELLIPSE('',#7057,6.42659460381,6.);
#7057 = AXIS2_PLACEMENT_3D('',#7058,#7059,#7060);
#7058 = CARTESIAN_POINT('',(12.5,-12.,77.302415731731));
#7059 = DIRECTION('',(-0.358263726541,-2.1E-16,-0.933620427286));
#7060 = DIRECTION('',(-0.933620427286,8.E-17,0.358263726541));
#7061 = PCURVE('',#3351,#7062);
#7062 = DEFINITIONAL_REPRESENTATION('',(#7063),#7072);
#7063 = B_SPLINE_CURVE_WITH_KNOTS('',7,(#7064,#7065,#7066,#7067,#7068,
    #7069,#7070,#7071),.UNSPECIFIED.,.F.,.F.,(8,8),(3.14159265359,
    4.712389029636),.PIECEWISE_BEZIER_KNOTS.);
#7064 = CARTESIAN_POINT('',(-3.3E-16,20.));
#7065 = CARTESIAN_POINT('',(-0.224399482292,20.));
#7066 = CARTESIAN_POINT('',(-0.448798992867,20.135263939302));
#7067 = CARTESIAN_POINT('',(-0.673198407538,20.405771889981));
#7068 = CARTESIAN_POINT('',(-0.897597928402,20.794916439551));
#7069 = CARTESIAN_POINT('',(-1.121997429127,21.269096153685));
#7070 = CARTESIAN_POINT('',(-1.346396893754,21.785754946907));
#7071 = CARTESIAN_POINT('',(-1.570796376047,22.302415845129));
#7072 = ( GEOMETRIC_REPRESENTATION_CONTEXT(2) 
PARAMETRIC_REPRESENTATION_CONTEXT() REPRESENTATION_CONTEXT('2D SPACE',''
  ) );
#7073 = PCURVE('',#5872,#7074);
#7074 = DEFINITIONAL_REPRESENTATION('',(#7075),#7084);
#7075 = B_SPLINE_CURVE_WITH_KNOTS('',7,(#7076,#7077,#7078,#7079,#7080,
    #7081,#7082,#7083),.UNSPECIFIED.,.F.,.F.,(8,8),(3.14159265359,
    4.712389029636),.PIECEWISE_BEZIER_KNOTS.);
#7076 = CARTESIAN_POINT('',(2.E-15,1.1E-16));
#7077 = CARTESIAN_POINT('',(-0.224399482292,-4.5E-15));
#7078 = CARTESIAN_POINT('',(-0.448798992867,-0.135263939301));
#7079 = CARTESIAN_POINT('',(-0.673198407537,-0.405771889985));
#7080 = CARTESIAN_POINT('',(-0.897597928402,-0.794916439545));
#7081 = CARTESIAN_POINT('',(-1.121997429127,-1.269096153688));
#7082 = CARTESIAN_POINT('',(-1.346396893754,-1.785754946907));
#7083 = CARTESIAN_POINT('',(-1.570796376047,-2.302415845129));
#7084 = ( GEOMETRIC_REPRESENTATION_CONTEXT(2) 
PARAMETRIC_REPRESENTATION_CONTEXT() REPRESENTATION_CONTEXT('2D SPACE',''
  ) );
#7085 = ADVANCED_FACE('',(#7086),#3471,.F.);
#7086 = FACE_BOUND('',#7087,.F.);
#7087 = EDGE_LOOP('',(#7088,#7089,#7110,#7111));
#7088 = ORIENTED_EDGE('',*,*,#3454,.F.);
#7089 = ORIENTED_EDGE('',*,*,#7090,.T.);
#7090 = EDGE_CURVE('',#3455,#4086,#7091,.T.);
#7091 = SEAM_CURVE('',#7092,(#7096,#7103),.PCURVE_S1.);
#7092 = LINE('',#7093,#7094);
#7093 = CARTESIAN_POINT('',(141.21004203112,-4.,59.3676));
#7094 = VECTOR('',#7095,1.);
#7095 = DIRECTION('',(-1.,0.,0.));
#7096 = PCURVE('',#3471,#7097);
#7097 = DEFINITIONAL_REPRESENTATION('',(#7098),#7102);
#7098 = LINE('',#7099,#7100);
#7099 = CARTESIAN_POINT('',(6.28318530718,0.));
#7100 = VECTOR('',#7101,1.);
#7101 = DIRECTION('',(0.,-1.));
#7102 = ( GEOMETRIC_REPRESENTATION_CONTEXT(2) 
PARAMETRIC_REPRESENTATION_CONTEXT() REPRESENTATION_CONTEXT('2D SPACE',''
  ) );
#7103 = PCURVE('',#3471,#7104);
#7104 = DEFINITIONAL_REPRESENTATION('',(#7105),#7109);
#7105 = LINE('',#7106,#7107);
#7106 = CARTESIAN_POINT('',(0.,0.));
#7107 = VECTOR('',#7108,1.);
#7108 = DIRECTION('',(0.,-1.));
#7109 = ( GEOMETRIC_REPRESENTATION_CONTEXT(2) 
PARAMETRIC_REPRESENTATION_CONTEXT() REPRESENTATION_CONTEXT('2D SPACE',''
  ) );
#7110 = ORIENTED_EDGE('',*,*,#4085,.T.);
#7111 = ORIENTED_EDGE('',*,*,#7090,.F.);
#7112 = ADVANCED_FACE('',(#7113),#3631,.F.);
#7113 = FACE_BOUND('',#7114,.F.);
#7114 = EDGE_LOOP('',(#7115,#7116,#7137,#7138));
#7115 = ORIENTED_EDGE('',*,*,#6335,.F.);
#7116 = ORIENTED_EDGE('',*,*,#7117,.T.);
#7117 = EDGE_CURVE('',#6336,#3611,#7118,.T.);
#7118 = SEAM_CURVE('',#7119,(#7123,#7130),.PCURVE_S1.);
#7119 = LINE('',#7120,#7121);
#7120 = CARTESIAN_POINT('',(141.21004203112,-4.,59.3676));
#7121 = VECTOR('',#7122,1.);
#7122 = DIRECTION('',(-1.,0.,0.));
#7123 = PCURVE('',#3631,#7124);
#7124 = DEFINITIONAL_REPRESENTATION('',(#7125),#7129);
#7125 = LINE('',#7126,#7127);
#7126 = CARTESIAN_POINT('',(6.28318530718,0.));
#7127 = VECTOR('',#7128,1.);
#7128 = DIRECTION('',(0.,-1.));
#7129 = ( GEOMETRIC_REPRESENTATION_CONTEXT(2) 
PARAMETRIC_REPRESENTATION_CONTEXT() REPRESENTATION_CONTEXT('2D SPACE',''
  ) );
#7130 = PCURVE('',#3631,#7131);
#7131 = DEFINITIONAL_REPRESENTATION('',(#7132),#7136);
#7132 = LINE('',#7133,#7134);
#7133 = CARTESIAN_POINT('',(0.,0.));
#7134 = VECTOR('',#7135,1.);
#7135 = DIRECTION('',(0.,-1.));
#7136 = ( GEOMETRIC_REPRESENTATION_CONTEXT(2) 
PARAMETRIC_REPRESENTATION_CONTEXT() REPRESENTATION_CONTEXT('2D SPACE',''
  ) );
#7137 = ORIENTED_EDGE('',*,*,#3610,.T.);
#7138 = ORIENTED_EDGE('',*,*,#7117,.F.);
#7139 = ADVANCED_FACE('',(#7140),#3685,.F.);
#7140 = FACE_BOUND('',#7141,.T.);
#7141 = EDGE_LOOP('',(#7142,#7143,#7166,#7190,#7213,#7237,#7258,#7259,
    #7260,#7261,#7262,#7263));
#7142 = ORIENTED_EDGE('',*,*,#4597,.T.);
#7143 = ORIENTED_EDGE('',*,*,#7144,.F.);
#7144 = EDGE_CURVE('',#7145,#4598,#7147,.T.);
#7145 = VERTEX_POINT('',#7146);
#7146 = CARTESIAN_POINT('',(-25.96813332941,-11.,67.81596282899));
#7147 = SURFACE_CURVE('',#7148,(#7152,#7159),.PCURVE_S1.);
#7148 = LINE('',#7149,#7150);
#7149 = CARTESIAN_POINT('',(-25.96813332945,-11.,67.815962828946));
#7150 = VECTOR('',#7151,1.);
#7151 = DIRECTION('',(0.642787609685,1.7E-16,0.76604444312));
#7152 = PCURVE('',#3685,#7153);
#7153 = DEFINITIONAL_REPRESENTATION('',(#7154),#7158);
#7154 = LINE('',#7155,#7156);
#7155 = CARTESIAN_POINT('',(-8.363362828947,5.889081032428));
#7156 = VECTOR('',#7157,1.);
#7157 = DIRECTION('',(-0.76604444312,-0.642787609685));
#7158 = ( GEOMETRIC_REPRESENTATION_CONTEXT(2) 
PARAMETRIC_REPRESENTATION_CONTEXT() REPRESENTATION_CONTEXT('2D SPACE',''
  ) );
#7159 = PCURVE('',#4718,#7160);
#7160 = DEFINITIONAL_REPRESENTATION('',(#7161),#7165);
#7161 = LINE('',#7162,#7163);
#7162 = CARTESIAN_POINT('',(1.570796326795,0.));
#7163 = VECTOR('',#7164,1.);
#7164 = DIRECTION('',(0.,1.));
#7165 = ( GEOMETRIC_REPRESENTATION_CONTEXT(2) 
PARAMETRIC_REPRESENTATION_CONTEXT() REPRESENTATION_CONTEXT('2D SPACE',''
  ) );
#7166 = ORIENTED_EDGE('',*,*,#7167,.F.);
#7167 = EDGE_CURVE('',#7168,#7145,#7170,.T.);
#7168 = VERTEX_POINT('',#7169);
#7169 = CARTESIAN_POINT('',(-26.67,-11.,65.8876));
#7170 = SURFACE_CURVE('',#7171,(#7176,#7183),.PCURVE_S1.);
#7171 = CIRCLE('',#7172,3.);
#7172 = AXIS2_PLACEMENT_3D('',#7173,#7174,#7175);
#7173 = CARTESIAN_POINT('',(-23.67,-11.,65.8876));
#7174 = DIRECTION('',(0.,1.,0.));
#7175 = DIRECTION('',(-1.,0.,-9.E-17));
#7176 = PCURVE('',#3685,#7177);
#7177 = DEFINITIONAL_REPRESENTATION('',(#7178),#7182);
#7178 = CIRCLE('',#7179,3.);
#7179 = AXIS2_PLACEMENT_2D('',#7180,#7181);
#7180 = CARTESIAN_POINT('',(-6.435000000001,3.590947702976));
#7181 = DIRECTION('',(9.E-17,1.));
#7182 = ( GEOMETRIC_REPRESENTATION_CONTEXT(2) 
PARAMETRIC_REPRESENTATION_CONTEXT() REPRESENTATION_CONTEXT('2D SPACE',''
  ) );
#7183 = PCURVE('',#4966,#7184);
#7184 = DEFINITIONAL_REPRESENTATION('',(#7185),#7189);
#7185 = LINE('',#7186,#7187);
#7186 = CARTESIAN_POINT('',(-0.,1.570796326795));
#7187 = VECTOR('',#7188,1.);
#7188 = DIRECTION('',(-1.,0.));
#7189 = ( GEOMETRIC_REPRESENTATION_CONTEXT(2) 
PARAMETRIC_REPRESENTATION_CONTEXT() REPRESENTATION_CONTEXT('2D SPACE',''
  ) );
#7190 = ORIENTED_EDGE('',*,*,#7191,.F.);
#7191 = EDGE_CURVE('',#7192,#7168,#7194,.T.);
#7192 = VERTEX_POINT('',#7193);
#7193 = CARTESIAN_POINT('',(-26.67,-11.,53.0176));
#7194 = SURFACE_CURVE('',#7195,(#7199,#7206),.PCURVE_S1.);
#7195 = LINE('',#7196,#7197);
#7196 = CARTESIAN_POINT('',(-26.67,-11.,53.0176));
#7197 = VECTOR('',#7198,1.);
#7198 = DIRECTION('',(0.,2.2E-16,1.));
#7199 = PCURVE('',#3685,#7200);
#7200 = DEFINITIONAL_REPRESENTATION('',(#7201),#7205);
#7201 = LINE('',#7202,#7203);
#7202 = CARTESIAN_POINT('',(6.434999999999,6.590947702976));
#7203 = VECTOR('',#7204,1.);
#7204 = DIRECTION('',(-1.,0.));
#7205 = ( GEOMETRIC_REPRESENTATION_CONTEXT(2) 
PARAMETRIC_REPRESENTATION_CONTEXT() REPRESENTATION_CONTEXT('2D SPACE',''
  ) );
#7206 = PCURVE('',#5097,#7207);
#7207 = DEFINITIONAL_REPRESENTATION('',(#7208),#7212);
#7208 = LINE('',#7209,#7210);
#7209 = CARTESIAN_POINT('',(1.570796326795,0.));
#7210 = VECTOR('',#7211,1.);
#7211 = DIRECTION('',(0.,1.));
#7212 = ( GEOMETRIC_REPRESENTATION_CONTEXT(2) 
PARAMETRIC_REPRESENTATION_CONTEXT() REPRESENTATION_CONTEXT('2D SPACE',''
  ) );
#7213 = ORIENTED_EDGE('',*,*,#7214,.F.);
#7214 = EDGE_CURVE('',#7215,#7192,#7217,.T.);
#7215 = VERTEX_POINT('',#7216);
#7216 = CARTESIAN_POINT('',(-25.96813332947,-11.,51.089237171036));
#7217 = SURFACE_CURVE('',#7218,(#7223,#7230),.PCURVE_S1.);
#7218 = CIRCLE('',#7219,3.);
#7219 = AXIS2_PLACEMENT_3D('',#7220,#7221,#7222);
#7220 = CARTESIAN_POINT('',(-23.67,-11.,53.0176));
#7221 = DIRECTION('',(0.,1.,0.));
#7222 = DIRECTION('',(-0.766044443139,0.,-0.642787609663));
#7223 = PCURVE('',#3685,#7224);
#7224 = DEFINITIONAL_REPRESENTATION('',(#7225),#7229);
#7225 = CIRCLE('',#7226,3.);
#7226 = AXIS2_PLACEMENT_2D('',#7227,#7228);
#7227 = CARTESIAN_POINT('',(6.434999999999,3.590947702976));
#7228 = DIRECTION('',(0.642787609663,0.766044443139));
#7229 = ( GEOMETRIC_REPRESENTATION_CONTEXT(2) 
PARAMETRIC_REPRESENTATION_CONTEXT() REPRESENTATION_CONTEXT('2D SPACE',''
  ) );
#7230 = PCURVE('',#5237,#7231);
#7231 = DEFINITIONAL_REPRESENTATION('',(#7232),#7236);
#7232 = LINE('',#7233,#7234);
#7233 = CARTESIAN_POINT('',(-0.,1.570796326795));
#7234 = VECTOR('',#7235,1.);
#7235 = DIRECTION('',(-1.,0.));
#7236 = ( GEOMETRIC_REPRESENTATION_CONTEXT(2) 
PARAMETRIC_REPRESENTATION_CONTEXT() REPRESENTATION_CONTEXT('2D SPACE',''
  ) );
#7237 = ORIENTED_EDGE('',*,*,#7238,.F.);
#7238 = EDGE_CURVE('',#5468,#7215,#7239,.T.);
#7239 = SURFACE_CURVE('',#7240,(#7244,#7251),.PCURVE_S1.);
#7240 = LINE('',#7241,#7242);
#7241 = CARTESIAN_POINT('',(-16.10580829392,-11.,39.335775878575));
#7242 = VECTOR('',#7243,1.);
#7243 = DIRECTION('',(-0.642787609686,1.7E-16,0.766044443119));
#7244 = PCURVE('',#3685,#7245);
#7245 = DEFINITIONAL_REPRESENTATION('',(#7246),#7250);
#7246 = LINE('',#7247,#7248);
#7247 = CARTESIAN_POINT('',(20.116824121424,-3.973244003105));
#7248 = VECTOR('',#7249,1.);
#7249 = DIRECTION('',(-0.766044443119,0.642787609686));
#7250 = ( GEOMETRIC_REPRESENTATION_CONTEXT(2) 
PARAMETRIC_REPRESENTATION_CONTEXT() REPRESENTATION_CONTEXT('2D SPACE',''
  ) );
#7251 = PCURVE('',#5347,#7252);
#7252 = DEFINITIONAL_REPRESENTATION('',(#7253),#7257);
#7253 = LINE('',#7254,#7255);
#7254 = CARTESIAN_POINT('',(1.570796326795,0.));
#7255 = VECTOR('',#7256,1.);
#7256 = DIRECTION('',(0.,1.));
#7257 = ( GEOMETRIC_REPRESENTATION_CONTEXT(2) 
PARAMETRIC_REPRESENTATION_CONTEXT() REPRESENTATION_CONTEXT('2D SPACE',''
  ) );
#7258 = ORIENTED_EDGE('',*,*,#5467,.T.);
#7259 = ORIENTED_EDGE('',*,*,#3770,.F.);
#7260 = ORIENTED_EDGE('',*,*,#3984,.F.);
#7261 = ORIENTED_EDGE('',*,*,#3904,.T.);
#7262 = ORIENTED_EDGE('',*,*,#3669,.F.);
#7263 = ORIENTED_EDGE('',*,*,#3722,.T.);
#7264 = ADVANCED_FACE('',(#7265),#3832,.T.);
#7265 = FACE_BOUND('',#7266,.F.);
#7266 = EDGE_LOOP('',(#7267,#7268,#7303,#7331,#7354,#7382,#7410,#7433,
    #7461,#7489,#7512,#7540,#7568,#7591,#7619,#7647,#7670,#7698,#7725));
#7267 = ORIENTED_EDGE('',*,*,#3816,.F.);
#7268 = ORIENTED_EDGE('',*,*,#7269,.T.);
#7269 = EDGE_CURVE('',#3817,#7270,#7272,.T.);
#7270 = VERTEX_POINT('',#7271);
#7271 = CARTESIAN_POINT('',(-13.72880056453,-17.87282293046,
    76.830880773239));
#7272 = SURFACE_CURVE('',#7273,(#7278,#7290),.PCURVE_S1.);
#7273 = ELLIPSE('',#7274,6.42659460381,6.);
#7274 = AXIS2_PLACEMENT_3D('',#7275,#7276,#7277);
#7275 = CARTESIAN_POINT('',(-12.5,-12.,77.302415731731));
#7276 = DIRECTION('',(-0.358263726541,2.1E-16,0.933620427286));
#7277 = DIRECTION('',(-0.933620427286,-8.E-17,-0.358263726541));
#7278 = PCURVE('',#3832,#7279);
#7279 = DEFINITIONAL_REPRESENTATION('',(#7280),#7289);
#7280 = B_SPLINE_CURVE_WITH_KNOTS('',7,(#7281,#7282,#7283,#7284,#7285,
    #7286,#7287,#7288),.UNSPECIFIED.,.F.,.F.,(8,8),(0.,1.570796341197),
  .PIECEWISE_BEZIER_KNOTS.);
#7281 = CARTESIAN_POINT('',(0.,1.421E-14));
#7282 = CARTESIAN_POINT('',(-0.224399477314,3.94E-15));
#7283 = CARTESIAN_POINT('',(-0.44879898291,-0.135263933298));
#7284 = CARTESIAN_POINT('',(-0.673198392602,-0.405771871981));
#7285 = CARTESIAN_POINT('',(-0.897597908488,-0.794916405009));
#7286 = CARTESIAN_POINT('',(-1.121997404235,-1.269096101088));
#7287 = CARTESIAN_POINT('',(-1.346396863883,-1.785754878131));
#7288 = CARTESIAN_POINT('',(-1.570796341197,-2.30241576489));
#7289 = ( GEOMETRIC_REPRESENTATION_CONTEXT(2) 
PARAMETRIC_REPRESENTATION_CONTEXT() REPRESENTATION_CONTEXT('2D SPACE',''
  ) );
#7290 = PCURVE('',#4637,#7291);
#7291 = DEFINITIONAL_REPRESENTATION('',(#7292),#7302);
#7292 = B_SPLINE_CURVE_WITH_KNOTS('',8,(#7293,#7294,#7295,#7296,#7297,
    #7298,#7299,#7300,#7301),.UNSPECIFIED.,.F.,.F.,(9,9),(0.,
    1.570796341197),.PIECEWISE_BEZIER_KNOTS.);
#7293 = CARTESIAN_POINT('',(0.,5.959340763693));
#7294 = CARTESIAN_POINT('',(-0.19634954265,5.959340763693));
#7295 = CARTESIAN_POINT('',(-0.392699085299,6.06078698933));
#7296 = CARTESIAN_POINT('',(-0.589048627947,6.263678578849));
#7297 = CARTESIAN_POINT('',(-0.785398170599,6.559675529104));
#7298 = CARTESIAN_POINT('',(-0.981747713246,6.932080894596));
#7299 = CARTESIAN_POINT('',(-1.178097255898,7.357599867952));
#7300 = CARTESIAN_POINT('',(-1.374446798547,7.809678252669));
#7301 = CARTESIAN_POINT('',(-1.570796341197,8.261756528584));
#7302 = ( GEOMETRIC_REPRESENTATION_CONTEXT(2) 
PARAMETRIC_REPRESENTATION_CONTEXT() REPRESENTATION_CONTEXT('2D SPACE',''
  ) );
#7303 = ORIENTED_EDGE('',*,*,#7304,.T.);
#7304 = EDGE_CURVE('',#7270,#7305,#7307,.T.);
#7305 = VERTEX_POINT('',#7306);
#7306 = CARTESIAN_POINT('',(-12.5,-18.,76.703703703704));
#7307 = SURFACE_CURVE('',#7308,(#7313,#7324),.PCURVE_S1.);
#7308 = ELLIPSE('',#7309,8.485281374239,6.);
#7309 = AXIS2_PLACEMENT_3D('',#7310,#7311,#7312);
#7310 = CARTESIAN_POINT('',(-12.5,-12.,82.703703703704));
#7311 = DIRECTION('',(0.,-0.707106781187,0.707106781187));
#7312 = DIRECTION('',(0.,-0.707106781187,-0.707106781187));
#7313 = PCURVE('',#3832,#7314);
#7314 = DEFINITIONAL_REPRESENTATION('',(#7315),#7323);
#7315 = B_SPLINE_CURVE_WITH_KNOTS('',6,(#7316,#7317,#7318,#7319,#7320,
    #7321,#7322),.UNSPECIFIED.,.F.,.F.,(7,7),(5.832410643278,
    6.283185321582),.PIECEWISE_BEZIER_KNOTS.);
#7316 = CARTESIAN_POINT('',(-1.120021662894,-2.303044423057));
#7317 = CARTESIAN_POINT('',(-1.195150775944,-2.106658598096));
#7318 = CARTESIAN_POINT('',(-1.270279888995,-1.946852850862));
#7319 = CARTESIAN_POINT('',(-1.345409002045,-1.825622391957));
#7320 = CARTESIAN_POINT('',(-1.420538115096,-1.744343247541));
#7321 = CARTESIAN_POINT('',(-1.495667228146,-1.703703697211));
#7322 = CARTESIAN_POINT('',(-1.570796341197,-1.703703703704));
#7323 = ( GEOMETRIC_REPRESENTATION_CONTEXT(2) 
PARAMETRIC_REPRESENTATION_CONTEXT() REPRESENTATION_CONTEXT('2D SPACE',''
  ) );
#7324 = PCURVE('',#7042,#7325);
#7325 = DEFINITIONAL_REPRESENTATION('',(#7326),#7330);
#7326 = ELLIPSE('',#7327,8.485281374239,6.);
#7327 = AXIS2_PLACEMENT_2D('',#7328,#7329);
#7328 = CARTESIAN_POINT('',(-5.656854249493,-155.8072812785));
#7329 = DIRECTION('',(1.,0.));
#7330 = ( GEOMETRIC_REPRESENTATION_CONTEXT(2) 
PARAMETRIC_REPRESENTATION_CONTEXT() REPRESENTATION_CONTEXT('2D SPACE',''
  ) );
#7331 = ORIENTED_EDGE('',*,*,#7332,.T.);
#7332 = EDGE_CURVE('',#7305,#7333,#7335,.T.);
#7333 = VERTEX_POINT('',#7334);
#7334 = CARTESIAN_POINT('',(-12.5,-18.,76.074074074074));
#7335 = SURFACE_CURVE('',#7336,(#7340,#7347),.PCURVE_S1.);
#7336 = LINE('',#7337,#7338);
#7337 = CARTESIAN_POINT('',(-12.5,-18.,75.));
#7338 = VECTOR('',#7339,1.);
#7339 = DIRECTION('',(0.,-2.2E-16,-1.));
#7340 = PCURVE('',#3832,#7341);
#7341 = DEFINITIONAL_REPRESENTATION('',(#7342),#7346);
#7342 = LINE('',#7343,#7344);
#7343 = CARTESIAN_POINT('',(-1.570796326795,0.));
#7344 = VECTOR('',#7345,1.);
#7345 = DIRECTION('',(-0.,1.));
#7346 = ( GEOMETRIC_REPRESENTATION_CONTEXT(2) 
PARAMETRIC_REPRESENTATION_CONTEXT() REPRESENTATION_CONTEXT('2D SPACE',''
  ) );
#7347 = PCURVE('',#7009,#7348);
#7348 = DEFINITIONAL_REPRESENTATION('',(#7349),#7353);
#7349 = LINE('',#7350,#7351);
#7350 = CARTESIAN_POINT('',(11.647904292689,-12.49999999322));
#7351 = VECTOR('',#7352,1.);
#7352 = DIRECTION('',(-1.,0.));
#7353 = ( GEOMETRIC_REPRESENTATION_CONTEXT(2) 
PARAMETRIC_REPRESENTATION_CONTEXT() REPRESENTATION_CONTEXT('2D SPACE',''
  ) );
#7354 = ORIENTED_EDGE('',*,*,#7355,.T.);
#7355 = EDGE_CURVE('',#7333,#7356,#7358,.T.);
#7356 = VERTEX_POINT('',#7357);
#7357 = CARTESIAN_POINT('',(-16.97213595499,-16.,74.074074074074));
#7358 = SURFACE_CURVE('',#7359,(#7364,#7375),.PCURVE_S1.);
#7359 = ELLIPSE('',#7360,8.485281374239,6.);
#7360 = AXIS2_PLACEMENT_3D('',#7361,#7362,#7363);
#7361 = CARTESIAN_POINT('',(-12.5,-12.,70.074074074074));
#7362 = DIRECTION('',(0.,-0.707106781187,-0.707106781187));
#7363 = DIRECTION('',(0.,0.707106781187,-0.707106781187));
#7364 = PCURVE('',#3832,#7365);
#7365 = DEFINITIONAL_REPRESENTATION('',(#7366),#7374);
#7366 = B_SPLINE_CURVE_WITH_KNOTS('',6,(#7367,#7368,#7369,#7370,#7371,
    #7372,#7373),.UNSPECIFIED.,.F.,.F.,(7,7),(3.141592639188,
    4.026536015766),.PIECEWISE_BEZIER_KNOTS.);
#7367 = CARTESIAN_POINT('',(-1.570796341197,-1.074074074074));
#7368 = CARTESIAN_POINT('',(-1.423305778434,-1.074074086819));
#7369 = CARTESIAN_POINT('',(-1.275815215671,-0.917450282425));
#7370 = CARTESIAN_POINT('',(-1.128324652908,-0.60419465479));
#7371 = CARTESIAN_POINT('',(-0.980834090145,-0.144555317266));
#7372 = CARTESIAN_POINT('',(-0.833343527382,0.441086726401));
#7373 = CARTESIAN_POINT('',(-0.685852964619,1.125925925926));
#7374 = ( GEOMETRIC_REPRESENTATION_CONTEXT(2) 
PARAMETRIC_REPRESENTATION_CONTEXT() REPRESENTATION_CONTEXT('2D SPACE',''
  ) );
#7375 = PCURVE('',#6981,#7376);
#7376 = DEFINITIONAL_REPRESENTATION('',(#7377),#7381);
#7377 = ELLIPSE('',#7378,8.485281374239,6.);
#7378 = AXIS2_PLACEMENT_2D('',#7379,#7380);
#7379 = CARTESIAN_POINT('',(8.485281374239,-155.8072812785));
#7380 = DIRECTION('',(1.,0.));
#7381 = ( GEOMETRIC_REPRESENTATION_CONTEXT(2) 
PARAMETRIC_REPRESENTATION_CONTEXT() REPRESENTATION_CONTEXT('2D SPACE',''
  ) );
#7382 = ORIENTED_EDGE('',*,*,#7383,.T.);
#7383 = EDGE_CURVE('',#7356,#7384,#7386,.T.);
#7384 = VERTEX_POINT('',#7385);
#7385 = CARTESIAN_POINT('',(-12.5,-18.,72.074074074074));
#7386 = SURFACE_CURVE('',#7387,(#7392,#7403),.PCURVE_S1.);
#7387 = ELLIPSE('',#7388,8.485281374239,6.);
#7388 = AXIS2_PLACEMENT_3D('',#7389,#7390,#7391);
#7389 = CARTESIAN_POINT('',(-12.5,-12.,78.074074074074));
#7390 = DIRECTION('',(0.,-0.707106781187,0.707106781187));
#7391 = DIRECTION('',(0.,-0.707106781187,-0.707106781187));
#7392 = PCURVE('',#3832,#7393);
#7393 = DEFINITIONAL_REPRESENTATION('',(#7394),#7402);
#7394 = B_SPLINE_CURVE_WITH_KNOTS('',6,(#7395,#7396,#7397,#7398,#7399,
    #7400,#7401),.UNSPECIFIED.,.F.,.F.,(7,7),(5.398241945003,
    6.283185321582),.PIECEWISE_BEZIER_KNOTS.);
#7395 = CARTESIAN_POINT('',(-0.685852964619,0.725925925926));
#7396 = CARTESIAN_POINT('',(-0.833343527382,1.410765125451));
#7397 = CARTESIAN_POINT('',(-0.980834090145,1.996407169118));
#7398 = CARTESIAN_POINT('',(-1.128324652908,2.456046506642));
#7399 = CARTESIAN_POINT('',(-1.275815215671,2.769302134277));
#7400 = CARTESIAN_POINT('',(-1.423305778434,2.925925938671));
#7401 = CARTESIAN_POINT('',(-1.570796341197,2.925925925926));
#7402 = ( GEOMETRIC_REPRESENTATION_CONTEXT(2) 
PARAMETRIC_REPRESENTATION_CONTEXT() REPRESENTATION_CONTEXT('2D SPACE',''
  ) );
#7403 = PCURVE('',#6948,#7404);
#7404 = DEFINITIONAL_REPRESENTATION('',(#7405),#7409);
#7405 = ELLIPSE('',#7406,8.485281374239,6.);
#7406 = AXIS2_PLACEMENT_2D('',#7407,#7408);
#7407 = CARTESIAN_POINT('',(-5.656854249493,-155.8072812785));
#7408 = DIRECTION('',(1.,0.));
#7409 = ( GEOMETRIC_REPRESENTATION_CONTEXT(2) 
PARAMETRIC_REPRESENTATION_CONTEXT() REPRESENTATION_CONTEXT('2D SPACE',''
  ) );
#7410 = ORIENTED_EDGE('',*,*,#7411,.T.);
#7411 = EDGE_CURVE('',#7384,#7412,#7414,.T.);
#7412 = VERTEX_POINT('',#7413);
#7413 = CARTESIAN_POINT('',(-12.5,-18.,71.444444444445));
#7414 = SURFACE_CURVE('',#7415,(#7419,#7426),.PCURVE_S1.);
#7415 = LINE('',#7416,#7417);
#7416 = CARTESIAN_POINT('',(-12.5,-18.,75.));
#7417 = VECTOR('',#7418,1.);
#7418 = DIRECTION('',(0.,-2.2E-16,-1.));
#7419 = PCURVE('',#3832,#7420);
#7420 = DEFINITIONAL_REPRESENTATION('',(#7421),#7425);
#7421 = LINE('',#7422,#7423);
#7422 = CARTESIAN_POINT('',(-1.570796326795,0.));
#7423 = VECTOR('',#7424,1.);
#7424 = DIRECTION('',(-0.,1.));
#7425 = ( GEOMETRIC_REPRESENTATION_CONTEXT(2) 
PARAMETRIC_REPRESENTATION_CONTEXT() REPRESENTATION_CONTEXT('2D SPACE',''
  ) );
#7426 = PCURVE('',#6915,#7427);
#7427 = DEFINITIONAL_REPRESENTATION('',(#7428),#7432);
#7428 = LINE('',#7429,#7430);
#7429 = CARTESIAN_POINT('',(11.647904292689,-12.49999999322));
#7430 = VECTOR('',#7431,1.);
#7431 = DIRECTION('',(-1.,0.));
#7432 = ( GEOMETRIC_REPRESENTATION_CONTEXT(2) 
PARAMETRIC_REPRESENTATION_CONTEXT() REPRESENTATION_CONTEXT('2D SPACE',''
  ) );
#7433 = ORIENTED_EDGE('',*,*,#7434,.T.);
#7434 = EDGE_CURVE('',#7412,#7435,#7437,.T.);
#7435 = VERTEX_POINT('',#7436);
#7436 = CARTESIAN_POINT('',(-16.97213595499,-16.,69.444444444444));
#7437 = SURFACE_CURVE('',#7438,(#7443,#7454),.PCURVE_S1.);
#7438 = ELLIPSE('',#7439,8.485281374239,6.);
#7439 = AXIS2_PLACEMENT_3D('',#7440,#7441,#7442);
#7440 = CARTESIAN_POINT('',(-12.5,-12.,65.444444444444));
#7441 = DIRECTION('',(0.,-0.707106781187,-0.707106781187));
#7442 = DIRECTION('',(0.,0.707106781187,-0.707106781187));
#7443 = PCURVE('',#3832,#7444);
#7444 = DEFINITIONAL_REPRESENTATION('',(#7445),#7453);
#7445 = B_SPLINE_CURVE_WITH_KNOTS('',6,(#7446,#7447,#7448,#7449,#7450,
    #7451,#7452),.UNSPECIFIED.,.F.,.F.,(7,7),(3.141592639188,
    4.026536015766),.PIECEWISE_BEZIER_KNOTS.);
#7446 = CARTESIAN_POINT('',(-1.570796341197,3.555555555555));
#7447 = CARTESIAN_POINT('',(-1.423305778434,3.55555554281));
#7448 = CARTESIAN_POINT('',(-1.275815215671,3.712179347204));
#7449 = CARTESIAN_POINT('',(-1.128324652908,4.025434974839));
#7450 = CARTESIAN_POINT('',(-0.980834090145,4.485074312364));
#7451 = CARTESIAN_POINT('',(-0.833343527382,5.070716356031));
#7452 = CARTESIAN_POINT('',(-0.685852964619,5.755555555555));
#7453 = ( GEOMETRIC_REPRESENTATION_CONTEXT(2) 
PARAMETRIC_REPRESENTATION_CONTEXT() REPRESENTATION_CONTEXT('2D SPACE',''
  ) );
#7454 = PCURVE('',#6887,#7455);
#7455 = DEFINITIONAL_REPRESENTATION('',(#7456),#7460);
#7456 = ELLIPSE('',#7457,8.485281374239,6.);
#7457 = AXIS2_PLACEMENT_2D('',#7458,#7459);
#7458 = CARTESIAN_POINT('',(8.485281374239,-155.8072812785));
#7459 = DIRECTION('',(1.,0.));
#7460 = ( GEOMETRIC_REPRESENTATION_CONTEXT(2) 
PARAMETRIC_REPRESENTATION_CONTEXT() REPRESENTATION_CONTEXT('2D SPACE',''
  ) );
#7461 = ORIENTED_EDGE('',*,*,#7462,.T.);
#7462 = EDGE_CURVE('',#7435,#7463,#7465,.T.);
#7463 = VERTEX_POINT('',#7464);
#7464 = CARTESIAN_POINT('',(-12.5,-18.,67.444444444444));
#7465 = SURFACE_CURVE('',#7466,(#7471,#7482),.PCURVE_S1.);
#7466 = ELLIPSE('',#7467,8.485281374239,6.);
#7467 = AXIS2_PLACEMENT_3D('',#7468,#7469,#7470);
#7468 = CARTESIAN_POINT('',(-12.5,-12.,73.444444444445));
#7469 = DIRECTION('',(0.,-0.707106781187,0.707106781187));
#7470 = DIRECTION('',(0.,-0.707106781187,-0.707106781187));
#7471 = PCURVE('',#3832,#7472);
#7472 = DEFINITIONAL_REPRESENTATION('',(#7473),#7481);
#7473 = B_SPLINE_CURVE_WITH_KNOTS('',6,(#7474,#7475,#7476,#7477,#7478,
    #7479,#7480),.UNSPECIFIED.,.F.,.F.,(7,7),(5.398241945003,
    6.283185321582),.PIECEWISE_BEZIER_KNOTS.);
#7474 = CARTESIAN_POINT('',(-0.685852964619,5.355555555556));
#7475 = CARTESIAN_POINT('',(-0.833343527382,6.04039475508));
#7476 = CARTESIAN_POINT('',(-0.980834090145,6.626036798748));
#7477 = CARTESIAN_POINT('',(-1.128324652908,7.085676136271));
#7478 = CARTESIAN_POINT('',(-1.275815215671,7.398931763907));
#7479 = CARTESIAN_POINT('',(-1.423305778434,7.555555568301));
#7480 = CARTESIAN_POINT('',(-1.570796341197,7.555555555556));
#7481 = ( GEOMETRIC_REPRESENTATION_CONTEXT(2) 
PARAMETRIC_REPRESENTATION_CONTEXT() REPRESENTATION_CONTEXT('2D SPACE',''
  ) );
#7482 = PCURVE('',#6854,#7483);
#7483 = DEFINITIONAL_REPRESENTATION('',(#7484),#7488);
#7484 = ELLIPSE('',#7485,8.485281374239,6.);
#7485 = AXIS2_PLACEMENT_2D('',#7486,#7487);
#7486 = CARTESIAN_POINT('',(-5.656854249493,-155.8072812785));
#7487 = DIRECTION('',(1.,0.));
#7488 = ( GEOMETRIC_REPRESENTATION_CONTEXT(2) 
PARAMETRIC_REPRESENTATION_CONTEXT() REPRESENTATION_CONTEXT('2D SPACE',''
  ) );
#7489 = ORIENTED_EDGE('',*,*,#7490,.T.);
#7490 = EDGE_CURVE('',#7463,#7491,#7493,.T.);
#7491 = VERTEX_POINT('',#7492);
#7492 = CARTESIAN_POINT('',(-12.5,-18.,66.814814814815));
#7493 = SURFACE_CURVE('',#7494,(#7498,#7505),.PCURVE_S1.);
#7494 = LINE('',#7495,#7496);
#7495 = CARTESIAN_POINT('',(-12.5,-18.,75.));
#7496 = VECTOR('',#7497,1.);
#7497 = DIRECTION('',(0.,-2.2E-16,-1.));
#7498 = PCURVE('',#3832,#7499);
#7499 = DEFINITIONAL_REPRESENTATION('',(#7500),#7504);
#7500 = LINE('',#7501,#7502);
#7501 = CARTESIAN_POINT('',(-1.570796326795,0.));
#7502 = VECTOR('',#7503,1.);
#7503 = DIRECTION('',(-0.,1.));
#7504 = ( GEOMETRIC_REPRESENTATION_CONTEXT(2) 
PARAMETRIC_REPRESENTATION_CONTEXT() REPRESENTATION_CONTEXT('2D SPACE',''
  ) );
#7505 = PCURVE('',#6821,#7506);
#7506 = DEFINITIONAL_REPRESENTATION('',(#7507),#7511);
#7507 = LINE('',#7508,#7509);
#7508 = CARTESIAN_POINT('',(11.647904292689,-12.49999999322));
#7509 = VECTOR('',#7510,1.);
#7510 = DIRECTION('',(-1.,0.));
#7511 = ( GEOMETRIC_REPRESENTATION_CONTEXT(2) 
PARAMETRIC_REPRESENTATION_CONTEXT() REPRESENTATION_CONTEXT('2D SPACE',''
  ) );
#7512 = ORIENTED_EDGE('',*,*,#7513,.T.);
#7513 = EDGE_CURVE('',#7491,#7514,#7516,.T.);
#7514 = VERTEX_POINT('',#7515);
#7515 = CARTESIAN_POINT('',(-16.97213595499,-16.,64.814814814815));
#7516 = SURFACE_CURVE('',#7517,(#7522,#7533),.PCURVE_S1.);
#7517 = ELLIPSE('',#7518,8.485281374239,6.);
#7518 = AXIS2_PLACEMENT_3D('',#7519,#7520,#7521);
#7519 = CARTESIAN_POINT('',(-12.5,-12.,60.814814814815));
#7520 = DIRECTION('',(0.,-0.707106781187,-0.707106781187));
#7521 = DIRECTION('',(0.,0.707106781187,-0.707106781187));
#7522 = PCURVE('',#3832,#7523);
#7523 = DEFINITIONAL_REPRESENTATION('',(#7524),#7532);
#7524 = B_SPLINE_CURVE_WITH_KNOTS('',6,(#7525,#7526,#7527,#7528,#7529,
    #7530,#7531),.UNSPECIFIED.,.F.,.F.,(7,7),(3.141592639188,
    4.026536015766),.PIECEWISE_BEZIER_KNOTS.);
#7525 = CARTESIAN_POINT('',(-1.570796341197,8.185185185185));
#7526 = CARTESIAN_POINT('',(-1.423305778434,8.18518517244));
#7527 = CARTESIAN_POINT('',(-1.275815215671,8.341808976834));
#7528 = CARTESIAN_POINT('',(-1.128324652908,8.655064604469));
#7529 = CARTESIAN_POINT('',(-0.980834090145,9.114703941993));
#7530 = CARTESIAN_POINT('',(-0.833343527382,9.70034598566));
#7531 = CARTESIAN_POINT('',(-0.685852964619,10.385185185185));
#7532 = ( GEOMETRIC_REPRESENTATION_CONTEXT(2) 
PARAMETRIC_REPRESENTATION_CONTEXT() REPRESENTATION_CONTEXT('2D SPACE',''
  ) );
#7533 = PCURVE('',#6793,#7534);
#7534 = DEFINITIONAL_REPRESENTATION('',(#7535),#7539);
#7535 = ELLIPSE('',#7536,8.485281374239,6.);
#7536 = AXIS2_PLACEMENT_2D('',#7537,#7538);
#7537 = CARTESIAN_POINT('',(8.485281374239,-155.8072812785));
#7538 = DIRECTION('',(1.,0.));
#7539 = ( GEOMETRIC_REPRESENTATION_CONTEXT(2) 
PARAMETRIC_REPRESENTATION_CONTEXT() REPRESENTATION_CONTEXT('2D SPACE',''
  ) );
#7540 = ORIENTED_EDGE('',*,*,#7541,.T.);
#7541 = EDGE_CURVE('',#7514,#7542,#7544,.T.);
#7542 = VERTEX_POINT('',#7543);
#7543 = CARTESIAN_POINT('',(-12.5,-18.,62.814814814815));
#7544 = SURFACE_CURVE('',#7545,(#7550,#7561),.PCURVE_S1.);
#7545 = ELLIPSE('',#7546,8.485281374239,6.);
#7546 = AXIS2_PLACEMENT_3D('',#7547,#7548,#7549);
#7547 = CARTESIAN_POINT('',(-12.5,-12.,68.814814814815));
#7548 = DIRECTION('',(0.,-0.707106781187,0.707106781187));
#7549 = DIRECTION('',(0.,-0.707106781187,-0.707106781187));
#7550 = PCURVE('',#3832,#7551);
#7551 = DEFINITIONAL_REPRESENTATION('',(#7552),#7560);
#7552 = B_SPLINE_CURVE_WITH_KNOTS('',6,(#7553,#7554,#7555,#7556,#7557,
    #7558,#7559),.UNSPECIFIED.,.F.,.F.,(7,7),(5.398241945003,
    6.283185321582),.PIECEWISE_BEZIER_KNOTS.);
#7553 = CARTESIAN_POINT('',(-0.685852964619,9.985185185185));
#7554 = CARTESIAN_POINT('',(-0.833343527382,10.67002438471));
#7555 = CARTESIAN_POINT('',(-0.980834090145,11.255666428377));
#7556 = CARTESIAN_POINT('',(-1.128324652908,11.715305765901));
#7557 = CARTESIAN_POINT('',(-1.275815215671,12.028561393536));
#7558 = CARTESIAN_POINT('',(-1.423305778434,12.18518519793));
#7559 = CARTESIAN_POINT('',(-1.570796341197,12.185185185185));
#7560 = ( GEOMETRIC_REPRESENTATION_CONTEXT(2) 
PARAMETRIC_REPRESENTATION_CONTEXT() REPRESENTATION_CONTEXT('2D SPACE',''
  ) );
#7561 = PCURVE('',#6760,#7562);
#7562 = DEFINITIONAL_REPRESENTATION('',(#7563),#7567);
#7563 = ELLIPSE('',#7564,8.485281374239,6.);
#7564 = AXIS2_PLACEMENT_2D('',#7565,#7566);
#7565 = CARTESIAN_POINT('',(-5.656854249493,-155.8072812785));
#7566 = DIRECTION('',(1.,0.));
#7567 = ( GEOMETRIC_REPRESENTATION_CONTEXT(2) 
PARAMETRIC_REPRESENTATION_CONTEXT() REPRESENTATION_CONTEXT('2D SPACE',''
  ) );
#7568 = ORIENTED_EDGE('',*,*,#7569,.T.);
#7569 = EDGE_CURVE('',#7542,#7570,#7572,.T.);
#7570 = VERTEX_POINT('',#7571);
#7571 = CARTESIAN_POINT('',(-12.5,-18.,62.185185185185));
#7572 = SURFACE_CURVE('',#7573,(#7577,#7584),.PCURVE_S1.);
#7573 = LINE('',#7574,#7575);
#7574 = CARTESIAN_POINT('',(-12.5,-18.,75.));
#7575 = VECTOR('',#7576,1.);
#7576 = DIRECTION('',(0.,-2.2E-16,-1.));
#7577 = PCURVE('',#3832,#7578);
#7578 = DEFINITIONAL_REPRESENTATION('',(#7579),#7583);
#7579 = LINE('',#7580,#7581);
#7580 = CARTESIAN_POINT('',(-1.570796326795,0.));
#7581 = VECTOR('',#7582,1.);
#7582 = DIRECTION('',(-0.,1.));
#7583 = ( GEOMETRIC_REPRESENTATION_CONTEXT(2) 
PARAMETRIC_REPRESENTATION_CONTEXT() REPRESENTATION_CONTEXT('2D SPACE',''
  ) );
#7584 = PCURVE('',#6727,#7585);
#7585 = DEFINITIONAL_REPRESENTATION('',(#7586),#7590);
#7586 = LINE('',#7587,#7588);
#7587 = CARTESIAN_POINT('',(11.647904292689,-12.49999999322));
#7588 = VECTOR('',#7589,1.);
#7589 = DIRECTION('',(-1.,0.));
#7590 = ( GEOMETRIC_REPRESENTATION_CONTEXT(2) 
PARAMETRIC_REPRESENTATION_CONTEXT() REPRESENTATION_CONTEXT('2D SPACE',''
  ) );
#7591 = ORIENTED_EDGE('',*,*,#7592,.T.);
#7592 = EDGE_CURVE('',#7570,#7593,#7595,.T.);
#7593 = VERTEX_POINT('',#7594);
#7594 = CARTESIAN_POINT('',(-16.97213595499,-16.,60.185185185185));
#7595 = SURFACE_CURVE('',#7596,(#7601,#7612),.PCURVE_S1.);
#7596 = ELLIPSE('',#7597,8.485281374239,6.);
#7597 = AXIS2_PLACEMENT_3D('',#7598,#7599,#7600);
#7598 = CARTESIAN_POINT('',(-12.5,-12.,56.185185185185));
#7599 = DIRECTION('',(0.,-0.707106781187,-0.707106781187));
#7600 = DIRECTION('',(0.,0.707106781187,-0.707106781187));
#7601 = PCURVE('',#3832,#7602);
#7602 = DEFINITIONAL_REPRESENTATION('',(#7603),#7611);
#7603 = B_SPLINE_CURVE_WITH_KNOTS('',6,(#7604,#7605,#7606,#7607,#7608,
    #7609,#7610),.UNSPECIFIED.,.F.,.F.,(7,7),(3.141592639188,
    4.026536015766),.PIECEWISE_BEZIER_KNOTS.);
#7604 = CARTESIAN_POINT('',(-1.570796341197,12.814814814815));
#7605 = CARTESIAN_POINT('',(-1.423305778434,12.81481480207));
#7606 = CARTESIAN_POINT('',(-1.275815215671,12.971438606464));
#7607 = CARTESIAN_POINT('',(-1.128324652908,13.284694234098));
#7608 = CARTESIAN_POINT('',(-0.980834090145,13.744333571623));
#7609 = CARTESIAN_POINT('',(-0.833343527382,14.32997561529));
#7610 = CARTESIAN_POINT('',(-0.685852964619,15.014814814815));
#7611 = ( GEOMETRIC_REPRESENTATION_CONTEXT(2) 
PARAMETRIC_REPRESENTATION_CONTEXT() REPRESENTATION_CONTEXT('2D SPACE',''
  ) );
#7612 = PCURVE('',#6699,#7613);
#7613 = DEFINITIONAL_REPRESENTATION('',(#7614),#7618);
#7614 = ELLIPSE('',#7615,8.485281374239,6.);
#7615 = AXIS2_PLACEMENT_2D('',#7616,#7617);
#7616 = CARTESIAN_POINT('',(8.485281374239,-155.8072812785));
#7617 = DIRECTION('',(1.,0.));
#7618 = ( GEOMETRIC_REPRESENTATION_CONTEXT(2) 
PARAMETRIC_REPRESENTATION_CONTEXT() REPRESENTATION_CONTEXT('2D SPACE',''
  ) );
#7619 = ORIENTED_EDGE('',*,*,#7620,.T.);
#7620 = EDGE_CURVE('',#7593,#7621,#7623,.T.);
#7621 = VERTEX_POINT('',#7622);
#7622 = CARTESIAN_POINT('',(-12.5,-18.,58.185185185185));
#7623 = SURFACE_CURVE('',#7624,(#7629,#7640),.PCURVE_S1.);
#7624 = ELLIPSE('',#7625,8.485281374239,6.);
#7625 = AXIS2_PLACEMENT_3D('',#7626,#7627,#7628);
#7626 = CARTESIAN_POINT('',(-12.5,-12.,64.185185185185));
#7627 = DIRECTION('',(0.,-0.707106781187,0.707106781187));
#7628 = DIRECTION('',(0.,-0.707106781187,-0.707106781187));
#7629 = PCURVE('',#3832,#7630);
#7630 = DEFINITIONAL_REPRESENTATION('',(#7631),#7639);
#7631 = B_SPLINE_CURVE_WITH_KNOTS('',6,(#7632,#7633,#7634,#7635,#7636,
    #7637,#7638),.UNSPECIFIED.,.F.,.F.,(7,7),(5.398241945003,
    6.283185321582),.PIECEWISE_BEZIER_KNOTS.);
#7632 = CARTESIAN_POINT('',(-0.685852964619,14.614814814815));
#7633 = CARTESIAN_POINT('',(-0.833343527382,15.29965401434));
#7634 = CARTESIAN_POINT('',(-0.980834090145,15.885296058006));
#7635 = CARTESIAN_POINT('',(-1.128324652908,16.34493539553));
#7636 = CARTESIAN_POINT('',(-1.275815215671,16.658191023166));
#7637 = CARTESIAN_POINT('',(-1.423305778434,16.81481482756));
#7638 = CARTESIAN_POINT('',(-1.570796341197,16.814814814815));
#7639 = ( GEOMETRIC_REPRESENTATION_CONTEXT(2) 
PARAMETRIC_REPRESENTATION_CONTEXT() REPRESENTATION_CONTEXT('2D SPACE',''
  ) );
#7640 = PCURVE('',#6666,#7641);
#7641 = DEFINITIONAL_REPRESENTATION('',(#7642),#7646);
#7642 = ELLIPSE('',#7643,8.485281374239,6.);
#7643 = AXIS2_PLACEMENT_2D('',#7644,#7645);
#7644 = CARTESIAN_POINT('',(-5.656854249493,-155.8072812785));
#7645 = DIRECTION('',(1.,0.));
#7646 = ( GEOMETRIC_REPRESENTATION_CONTEXT(2) 
PARAMETRIC_REPRESENTATION_CONTEXT() REPRESENTATION_CONTEXT('2D SPACE',''
  ) );
#7647 = ORIENTED_EDGE('',*,*,#7648,.T.);
#7648 = EDGE_CURVE('',#7621,#7649,#7651,.T.);
#7649 = VERTEX_POINT('',#7650);
#7650 = CARTESIAN_POINT('',(-12.5,-18.,57.555555555556));
#7651 = SURFACE_CURVE('',#7652,(#7656,#7663),.PCURVE_S1.);
#7652 = LINE('',#7653,#7654);
#7653 = CARTESIAN_POINT('',(-12.5,-18.,75.));
#7654 = VECTOR('',#7655,1.);
#7655 = DIRECTION('',(0.,-2.2E-16,-1.));
#7656 = PCURVE('',#3832,#7657);
#7657 = DEFINITIONAL_REPRESENTATION('',(#7658),#7662);
#7658 = LINE('',#7659,#7660);
#7659 = CARTESIAN_POINT('',(-1.570796326795,0.));
#7660 = VECTOR('',#7661,1.);
#7661 = DIRECTION('',(-0.,1.));
#7662 = ( GEOMETRIC_REPRESENTATION_CONTEXT(2) 
PARAMETRIC_REPRESENTATION_CONTEXT() REPRESENTATION_CONTEXT('2D SPACE',''
  ) );
#7663 = PCURVE('',#6633,#7664);
#7664 = DEFINITIONAL_REPRESENTATION('',(#7665),#7669);
#7665 = LINE('',#7666,#7667);
#7666 = CARTESIAN_POINT('',(11.647904292689,-12.49999999322));
#7667 = VECTOR('',#7668,1.);
#7668 = DIRECTION('',(-1.,0.));
#7669 = ( GEOMETRIC_REPRESENTATION_CONTEXT(2) 
PARAMETRIC_REPRESENTATION_CONTEXT() REPRESENTATION_CONTEXT('2D SPACE',''
  ) );
#7670 = ORIENTED_EDGE('',*,*,#7671,.T.);
#7671 = EDGE_CURVE('',#7649,#7672,#7674,.T.);
#7672 = VERTEX_POINT('',#7673);
#7673 = CARTESIAN_POINT('',(-16.97213595499,-16.,55.555555555556));
#7674 = SURFACE_CURVE('',#7675,(#7680,#7691),.PCURVE_S1.);
#7675 = ELLIPSE('',#7676,8.485281374239,6.);
#7676 = AXIS2_PLACEMENT_3D('',#7677,#7678,#7679);
#7677 = CARTESIAN_POINT('',(-12.5,-12.,51.555555555555));
#7678 = DIRECTION('',(0.,-0.707106781187,-0.707106781187));
#7679 = DIRECTION('',(0.,0.707106781187,-0.707106781187));
#7680 = PCURVE('',#3832,#7681);
#7681 = DEFINITIONAL_REPRESENTATION('',(#7682),#7690);
#7682 = B_SPLINE_CURVE_WITH_KNOTS('',6,(#7683,#7684,#7685,#7686,#7687,
    #7688,#7689),.UNSPECIFIED.,.F.,.F.,(7,7),(3.141592639188,
    4.026536015766),.PIECEWISE_BEZIER_KNOTS.);
#7683 = CARTESIAN_POINT('',(-1.570796341197,17.444444444444));
#7684 = CARTESIAN_POINT('',(-1.423305778434,17.444444431699));
#7685 = CARTESIAN_POINT('',(-1.275815215671,17.601068236093));
#7686 = CARTESIAN_POINT('',(-1.128324652908,17.914323863729));
#7687 = CARTESIAN_POINT('',(-0.980834090145,18.373963201252));
#7688 = CARTESIAN_POINT('',(-0.833343527382,18.95960524492));
#7689 = CARTESIAN_POINT('',(-0.685852964619,19.644444444444));
#7690 = ( GEOMETRIC_REPRESENTATION_CONTEXT(2) 
PARAMETRIC_REPRESENTATION_CONTEXT() REPRESENTATION_CONTEXT('2D SPACE',''
  ) );
#7691 = PCURVE('',#6605,#7692);
#7692 = DEFINITIONAL_REPRESENTATION('',(#7693),#7697);
#7693 = ELLIPSE('',#7694,8.485281374239,6.);
#7694 = AXIS2_PLACEMENT_2D('',#7695,#7696);
#7695 = CARTESIAN_POINT('',(8.485281374239,-155.8072812785));
#7696 = DIRECTION('',(1.,0.));
#7697 = ( GEOMETRIC_REPRESENTATION_CONTEXT(2) 
PARAMETRIC_REPRESENTATION_CONTEXT() REPRESENTATION_CONTEXT('2D SPACE',''
  ) );
#7698 = ORIENTED_EDGE('',*,*,#7699,.T.);
#7699 = EDGE_CURVE('',#7672,#7700,#7702,.T.);
#7700 = VERTEX_POINT('',#7701);
#7701 = CARTESIAN_POINT('',(-16.4047296424,-16.55555555555,55.));
#7702 = SURFACE_CURVE('',#7703,(#7708,#7718),.PCURVE_S1.);
#7703 = ELLIPSE('',#7704,8.485281374239,6.);
#7704 = AXIS2_PLACEMENT_3D('',#7705,#7706,#7707);
#7705 = CARTESIAN_POINT('',(-12.5,-12.,59.555555555556));
#7706 = DIRECTION('',(0.,-0.707106781187,0.707106781187));
#7707 = DIRECTION('',(0.,-0.707106781187,-0.707106781187));
#7708 = PCURVE('',#3832,#7709);
#7709 = DEFINITIONAL_REPRESENTATION('',(#7710),#7717);
#7710 = B_SPLINE_CURVE_WITH_KNOTS('',5,(#7711,#7712,#7713,#7714,#7715,
    #7716),.UNSPECIFIED.,.F.,.F.,(6,6),(5.398241945003,5.574724131898),
  .PIECEWISE_BEZIER_KNOTS.);
#7711 = CARTESIAN_POINT('',(-0.685852964619,19.244444444445));
#7712 = CARTESIAN_POINT('',(-0.721149401998,19.408335499355));
#7713 = CARTESIAN_POINT('',(-0.756445839376,19.566308825243));
#7714 = CARTESIAN_POINT('',(-0.791742276755,19.717939018479));
#7715 = CARTESIAN_POINT('',(-0.827038714134,19.86283150492));
#7716 = CARTESIAN_POINT('',(-0.862335151513,20.000628658166));
#7717 = ( GEOMETRIC_REPRESENTATION_CONTEXT(2) 
PARAMETRIC_REPRESENTATION_CONTEXT() REPRESENTATION_CONTEXT('2D SPACE',''
  ) );
#7718 = PCURVE('',#6572,#7719);
#7719 = DEFINITIONAL_REPRESENTATION('',(#7720),#7724);
#7720 = ELLIPSE('',#7721,8.485281374239,6.);
#7721 = AXIS2_PLACEMENT_2D('',#7722,#7723);
#7722 = CARTESIAN_POINT('',(-5.656854249493,-155.8072812785));
#7723 = DIRECTION('',(1.,0.));
#7724 = ( GEOMETRIC_REPRESENTATION_CONTEXT(2) 
PARAMETRIC_REPRESENTATION_CONTEXT() REPRESENTATION_CONTEXT('2D SPACE',''
  ) );
#7725 = ORIENTED_EDGE('',*,*,#7726,.F.);
#7726 = EDGE_CURVE('',#3794,#7700,#7727,.T.);
#7727 = SURFACE_CURVE('',#7728,(#7733,#7740),.PCURVE_S1.);
#7728 = CIRCLE('',#7729,6.);
#7729 = AXIS2_PLACEMENT_3D('',#7730,#7731,#7732);
#7730 = CARTESIAN_POINT('',(-12.5,-12.,55.));
#7731 = DIRECTION('',(0.,2.2E-16,1.));
#7732 = DIRECTION('',(-1.,0.,0.));
#7733 = PCURVE('',#3832,#7734);
#7734 = DEFINITIONAL_REPRESENTATION('',(#7735),#7739);
#7735 = LINE('',#7736,#7737);
#7736 = CARTESIAN_POINT('',(-0.,20.));
#7737 = VECTOR('',#7738,1.);
#7738 = DIRECTION('',(-1.,0.));
#7739 = ( GEOMETRIC_REPRESENTATION_CONTEXT(2) 
PARAMETRIC_REPRESENTATION_CONTEXT() REPRESENTATION_CONTEXT('2D SPACE',''
  ) );
#7740 = PCURVE('',#5454,#7741);
#7741 = DEFINITIONAL_REPRESENTATION('',(#7742),#7745);
#7742 = B_SPLINE_CURVE_WITH_KNOTS('',1,(#7743,#7744),.UNSPECIFIED.,.F.,
  .F.,(2,2),(0.,1.570796326795),.PIECEWISE_BEZIER_KNOTS.);
#7743 = CARTESIAN_POINT('',(0.,0.));
#7744 = CARTESIAN_POINT('',(-1.570796326795,0.));
#7745 = ( GEOMETRIC_REPRESENTATION_CONTEXT(2) 
PARAMETRIC_REPRESENTATION_CONTEXT() REPRESENTATION_CONTEXT('2D SPACE',''
  ) );
#7746 = ADVANCED_FACE('',(#7747),#3888,.F.);
#7747 = FACE_BOUND('',#7748,.F.);
#7748 = EDGE_LOOP('',(#7749,#7750,#7771,#7772));
#7749 = ORIENTED_EDGE('',*,*,#4570,.F.);
#7750 = ORIENTED_EDGE('',*,*,#7751,.T.);
#7751 = EDGE_CURVE('',#4571,#3868,#7752,.T.);
#7752 = SEAM_CURVE('',#7753,(#7757,#7764),.PCURVE_S1.);
#7753 = LINE('',#7754,#7755);
#7754 = CARTESIAN_POINT('',(141.21004203112,-4.,59.3676));
#7755 = VECTOR('',#7756,1.);
#7756 = DIRECTION('',(-1.,0.,0.));
#7757 = PCURVE('',#3888,#7758);
#7758 = DEFINITIONAL_REPRESENTATION('',(#7759),#7763);
#7759 = LINE('',#7760,#7761);
#7760 = CARTESIAN_POINT('',(6.28318530718,0.));
#7761 = VECTOR('',#7762,1.);
#7762 = DIRECTION('',(0.,-1.));
#7763 = ( GEOMETRIC_REPRESENTATION_CONTEXT(2) 
PARAMETRIC_REPRESENTATION_CONTEXT() REPRESENTATION_CONTEXT('2D SPACE',''
  ) );
#7764 = PCURVE('',#3888,#7765);
#7765 = DEFINITIONAL_REPRESENTATION('',(#7766),#7770);
#7766 = LINE('',#7767,#7768);
#7767 = CARTESIAN_POINT('',(0.,0.));
#7768 = VECTOR('',#7769,1.);
#7769 = DIRECTION('',(0.,-1.));
#7770 = ( GEOMETRIC_REPRESENTATION_CONTEXT(2) 
PARAMETRIC_REPRESENTATION_CONTEXT() REPRESENTATION_CONTEXT('2D SPACE',''
  ) );
#7771 = ORIENTED_EDGE('',*,*,#3867,.T.);
#7772 = ORIENTED_EDGE('',*,*,#7751,.F.);
#7773 = ADVANCED_FACE('',(#7774),#3968,.F.);
#7774 = FACE_BOUND('',#7775,.F.);
#7775 = EDGE_LOOP('',(#7776,#7777,#7798,#7799));
#7776 = ORIENTED_EDGE('',*,*,#3951,.F.);
#7777 = ORIENTED_EDGE('',*,*,#7778,.T.);
#7778 = EDGE_CURVE('',#3952,#5114,#7779,.T.);
#7779 = SEAM_CURVE('',#7780,(#7784,#7791),.PCURVE_S1.);
#7780 = LINE('',#7781,#7782);
#7781 = CARTESIAN_POINT('',(141.21004203112,-4.,59.3676));
#7782 = VECTOR('',#7783,1.);
#7783 = DIRECTION('',(-1.,0.,0.));
#7784 = PCURVE('',#3968,#7785);
#7785 = DEFINITIONAL_REPRESENTATION('',(#7786),#7790);
#7786 = LINE('',#7787,#7788);
#7787 = CARTESIAN_POINT('',(6.28318530718,0.));
#7788 = VECTOR('',#7789,1.);
#7789 = DIRECTION('',(0.,-1.));
#7790 = ( GEOMETRIC_REPRESENTATION_CONTEXT(2) 
PARAMETRIC_REPRESENTATION_CONTEXT() REPRESENTATION_CONTEXT('2D SPACE',''
  ) );
#7791 = PCURVE('',#3968,#7792);
#7792 = DEFINITIONAL_REPRESENTATION('',(#7793),#7797);
#7793 = LINE('',#7794,#7795);
#7794 = CARTESIAN_POINT('',(0.,0.));
#7795 = VECTOR('',#7796,1.);
#7796 = DIRECTION('',(0.,-1.));
#7797 = ( GEOMETRIC_REPRESENTATION_CONTEXT(2) 
PARAMETRIC_REPRESENTATION_CONTEXT() REPRESENTATION_CONTEXT('2D SPACE',''
  ) );
#7798 = ORIENTED_EDGE('',*,*,#5113,.T.);
#7799 = ORIENTED_EDGE('',*,*,#7778,.F.);
#7800 = ADVANCED_FACE('',(#7801),#4049,.F.);
#7801 = FACE_BOUND('',#7802,.F.);
#7802 = EDGE_LOOP('',(#7803,#7833,#7854,#7855));
#7803 = ORIENTED_EDGE('',*,*,#7804,.F.);
#7804 = EDGE_CURVE('',#7805,#7807,#7809,.T.);
#7805 = VERTEX_POINT('',#7806);
#7806 = CARTESIAN_POINT('',(13.8,-10.7,6.));
#7807 = VERTEX_POINT('',#7808);
#7808 = CARTESIAN_POINT('',(13.8,-10.7,117.));
#7809 = SURFACE_CURVE('',#7810,(#7814,#7821),.PCURVE_S1.);
#7810 = LINE('',#7811,#7812);
#7811 = CARTESIAN_POINT('',(13.8,-10.7,117.));
#7812 = VECTOR('',#7813,1.);
#7813 = DIRECTION('',(1.1E-16,-1.5E-16,1.));
#7814 = PCURVE('',#4049,#7815);
#7815 = DEFINITIONAL_REPRESENTATION('',(#7816),#7820);
#7816 = LINE('',#7817,#7818);
#7817 = CARTESIAN_POINT('',(0.,0.));
#7818 = VECTOR('',#7819,1.);
#7819 = DIRECTION('',(-1.769982982006E-16,1.));
#7820 = ( GEOMETRIC_REPRESENTATION_CONTEXT(2) 
PARAMETRIC_REPRESENTATION_CONTEXT() REPRESENTATION_CONTEXT('2D SPACE',''
  ) );
#7821 = PCURVE('',#7822,#7827);
#7822 = PLANE('',#7823);
#7823 = AXIS2_PLACEMENT_3D('',#7824,#7825,#7826);
#7824 = CARTESIAN_POINT('',(12.,-12.,117.));
#7825 = DIRECTION('',(0.585490553844,-0.8106792284,-1.8E-16));
#7826 = DIRECTION('',(0.8106792284,0.585490553844,0.));
#7827 = DEFINITIONAL_REPRESENTATION('',(#7828),#7832);
#7828 = LINE('',#7829,#7830);
#7829 = CARTESIAN_POINT('',(2.220360331117,0.));
#7830 = VECTOR('',#7831,1.);
#7831 = DIRECTION('',(1.351132047333E-18,1.));
#7832 = ( GEOMETRIC_REPRESENTATION_CONTEXT(2) 
PARAMETRIC_REPRESENTATION_CONTEXT() REPRESENTATION_CONTEXT('2D SPACE',''
  ) );
#7833 = ORIENTED_EDGE('',*,*,#7834,.T.);
#7834 = EDGE_CURVE('',#7805,#4034,#7835,.T.);
#7835 = SURFACE_CURVE('',#7836,(#7840,#7847),.PCURVE_S1.);
#7836 = LINE('',#7837,#7838);
#7837 = CARTESIAN_POINT('',(13.8,-10.7,6.));
#7838 = VECTOR('',#7839,1.);
#7839 = DIRECTION('',(-0.8106792284,0.585490553844,0.));
#7840 = PCURVE('',#4049,#7841);
#7841 = DEFINITIONAL_REPRESENTATION('',(#7842),#7846);
#7842 = LINE('',#7843,#7844);
#7843 = CARTESIAN_POINT('',(3.624139906352E-14,-111.));
#7844 = VECTOR('',#7845,1.);
#7845 = DIRECTION('',(1.,-2.465190328816E-32));
#7846 = ( GEOMETRIC_REPRESENTATION_CONTEXT(2) 
PARAMETRIC_REPRESENTATION_CONTEXT() REPRESENTATION_CONTEXT('2D SPACE',''
  ) );
#7847 = PCURVE('',#4216,#7848);
#7848 = DEFINITIONAL_REPRESENTATION('',(#7849),#7853);
#7849 = LINE('',#7850,#7851);
#7850 = CARTESIAN_POINT('',(0.,1.232352341792));
#7851 = VECTOR('',#7852,1.);
#7852 = DIRECTION('',(-0.585490553844,-0.8106792284));
#7853 = ( GEOMETRIC_REPRESENTATION_CONTEXT(2) 
PARAMETRIC_REPRESENTATION_CONTEXT() REPRESENTATION_CONTEXT('2D SPACE',''
  ) );
#7854 = ORIENTED_EDGE('',*,*,#4033,.T.);
#7855 = ORIENTED_EDGE('',*,*,#7856,.F.);
#7856 = EDGE_CURVE('',#7807,#4011,#7857,.T.);
#7857 = SURFACE_CURVE('',#7858,(#7862,#7869),.PCURVE_S1.);
#7858 = LINE('',#7859,#7860);
#7859 = CARTESIAN_POINT('',(13.8,-10.7,117.));
#7860 = VECTOR('',#7861,1.);
#7861 = DIRECTION('',(-0.8106792284,0.585490553844,0.));
#7862 = PCURVE('',#4049,#7863);
#7863 = DEFINITIONAL_REPRESENTATION('',(#7864),#7868);
#7864 = LINE('',#7865,#7866);
#7865 = CARTESIAN_POINT('',(0.,0.));
#7866 = VECTOR('',#7867,1.);
#7867 = DIRECTION('',(1.,-2.465190328816E-32));
#7868 = ( GEOMETRIC_REPRESENTATION_CONTEXT(2) 
PARAMETRIC_REPRESENTATION_CONTEXT() REPRESENTATION_CONTEXT('2D SPACE',''
  ) );
#7869 = PCURVE('',#4182,#7870);
#7870 = DEFINITIONAL_REPRESENTATION('',(#7871),#7875);
#7871 = LINE('',#7872,#7873);
#7872 = CARTESIAN_POINT('',(-1.7763568394E-15,1.232352341792));
#7873 = VECTOR('',#7874,1.);
#7874 = DIRECTION('',(-0.585490553844,-0.8106792284));
#7875 = ( GEOMETRIC_REPRESENTATION_CONTEXT(2) 
PARAMETRIC_REPRESENTATION_CONTEXT() REPRESENTATION_CONTEXT('2D SPACE',''
  ) );
#7876 = ADVANCED_FACE('',(#7877),#4156,.T.);
#7877 = FACE_BOUND('',#7878,.T.);
#7878 = EDGE_LOOP('',(#7879,#7880,#7881,#7902,#7903,#7904,#7905,#7931));
#7879 = ORIENTED_EDGE('',*,*,#4302,.T.);
#7880 = ORIENTED_EDGE('',*,*,#4139,.T.);
#7881 = ORIENTED_EDGE('',*,*,#7882,.T.);
#7882 = EDGE_CURVE('',#4140,#4201,#7883,.T.);
#7883 = SURFACE_CURVE('',#7884,(#7888,#7895),.PCURVE_S1.);
#7884 = LINE('',#7885,#7886);
#7885 = CARTESIAN_POINT('',(12.,-12.,117.));
#7886 = VECTOR('',#7887,1.);
#7887 = DIRECTION('',(-5.8E-16,2.2E-16,-1.));
#7888 = PCURVE('',#4156,#7889);
#7889 = DEFINITIONAL_REPRESENTATION('',(#7890),#7894);
#7890 = LINE('',#7891,#7892);
#7891 = CARTESIAN_POINT('',(-55.5,-12.));
#7892 = VECTOR('',#7893,1.);
#7893 = DIRECTION('',(1.,5.8E-16));
#7894 = ( GEOMETRIC_REPRESENTATION_CONTEXT(2) 
PARAMETRIC_REPRESENTATION_CONTEXT() REPRESENTATION_CONTEXT('2D SPACE',''
  ) );
#7895 = PCURVE('',#7822,#7896);
#7896 = DEFINITIONAL_REPRESENTATION('',(#7897),#7901);
#7897 = LINE('',#7898,#7899);
#7898 = CARTESIAN_POINT('',(-4.584176967637E-14,-4.320166775784E-32));
#7899 = VECTOR('',#7900,1.);
#7900 = DIRECTION('',(-3.413860306262E-16,-1.));
#7901 = ( GEOMETRIC_REPRESENTATION_CONTEXT(2) 
PARAMETRIC_REPRESENTATION_CONTEXT() REPRESENTATION_CONTEXT('2D SPACE',''
  ) );
#7902 = ORIENTED_EDGE('',*,*,#4228,.T.);
#7903 = ORIENTED_EDGE('',*,*,#4349,.T.);
#7904 = ORIENTED_EDGE('',*,*,#4508,.F.);
#7905 = ORIENTED_EDGE('',*,*,#7906,.F.);
#7906 = EDGE_CURVE('',#4377,#4481,#7907,.T.);
#7907 = SURFACE_CURVE('',#7908,(#7912,#7919),.PCURVE_S1.);
#7908 = LINE('',#7909,#7910);
#7909 = CARTESIAN_POINT('',(-12.,-12.,117.));
#7910 = VECTOR('',#7911,1.);
#7911 = DIRECTION('',(5.8E-16,2.2E-16,-1.));
#7912 = PCURVE('',#4156,#7913);
#7913 = DEFINITIONAL_REPRESENTATION('',(#7914),#7918);
#7914 = LINE('',#7915,#7916);
#7915 = CARTESIAN_POINT('',(-55.5,12.));
#7916 = VECTOR('',#7917,1.);
#7917 = DIRECTION('',(1.,-5.8E-16));
#7918 = ( GEOMETRIC_REPRESENTATION_CONTEXT(2) 
PARAMETRIC_REPRESENTATION_CONTEXT() REPRESENTATION_CONTEXT('2D SPACE',''
  ) );
#7919 = PCURVE('',#7920,#7925);
#7920 = PLANE('',#7921);
#7921 = AXIS2_PLACEMENT_3D('',#7922,#7923,#7924);
#7922 = CARTESIAN_POINT('',(-12.,-12.,117.));
#7923 = DIRECTION('',(-0.585490553844,-0.8106792284,-1.8E-16));
#7924 = DIRECTION('',(0.8106792284,-0.585490553844,0.));
#7925 = DEFINITIONAL_REPRESENTATION('',(#7926),#7930);
#7926 = LINE('',#7927,#7928);
#7927 = CARTESIAN_POINT('',(4.584176967637E-14,-4.320166775784E-32));
#7928 = VECTOR('',#7929,1.);
#7929 = DIRECTION('',(3.413860306262E-16,-1.));
#7930 = ( GEOMETRIC_REPRESENTATION_CONTEXT(2) 
PARAMETRIC_REPRESENTATION_CONTEXT() REPRESENTATION_CONTEXT('2D SPACE',''
  ) );
#7931 = ORIENTED_EDGE('',*,*,#4376,.F.);
#7932 = ADVANCED_FACE('',(#7933),#4182,.F.);
#7933 = FACE_BOUND('',#7934,.F.);
#7934 = EDGE_LOOP('',(#7935,#7956,#7957));
#7935 = ORIENTED_EDGE('',*,*,#7936,.T.);
#7936 = EDGE_CURVE('',#4140,#7807,#7937,.T.);
#7937 = SURFACE_CURVE('',#7938,(#7942,#7949),.PCURVE_S1.);
#7938 = LINE('',#7939,#7940);
#7939 = CARTESIAN_POINT('',(12.,-12.,117.));
#7940 = VECTOR('',#7941,1.);
#7941 = DIRECTION('',(0.8106792284,0.585490553844,0.));
#7942 = PCURVE('',#4182,#7943);
#7943 = DEFINITIONAL_REPRESENTATION('',(#7944),#7948);
#7944 = LINE('',#7945,#7946);
#7945 = CARTESIAN_POINT('',(1.3,-0.567647658208));
#7946 = VECTOR('',#7947,1.);
#7947 = DIRECTION('',(-0.585490553844,0.8106792284));
#7948 = ( GEOMETRIC_REPRESENTATION_CONTEXT(2) 
PARAMETRIC_REPRESENTATION_CONTEXT() REPRESENTATION_CONTEXT('2D SPACE',''
  ) );
#7949 = PCURVE('',#7822,#7950);
#7950 = DEFINITIONAL_REPRESENTATION('',(#7951),#7955);
#7951 = LINE('',#7952,#7953);
#7952 = CARTESIAN_POINT('',(0.,0.));
#7953 = VECTOR('',#7954,1.);
#7954 = DIRECTION('',(1.,0.));
#7955 = ( GEOMETRIC_REPRESENTATION_CONTEXT(2) 
PARAMETRIC_REPRESENTATION_CONTEXT() REPRESENTATION_CONTEXT('2D SPACE',''
  ) );
#7956 = ORIENTED_EDGE('',*,*,#7856,.T.);
#7957 = ORIENTED_EDGE('',*,*,#4168,.T.);
#7958 = ADVANCED_FACE('',(#7959),#4216,.T.);
#7959 = FACE_BOUND('',#7960,.T.);
#7960 = EDGE_LOOP('',(#7961,#7982,#7983));
#7961 = ORIENTED_EDGE('',*,*,#7962,.T.);
#7962 = EDGE_CURVE('',#4201,#7805,#7963,.T.);
#7963 = SURFACE_CURVE('',#7964,(#7968,#7975),.PCURVE_S1.);
#7964 = LINE('',#7965,#7966);
#7965 = CARTESIAN_POINT('',(12.,-12.,6.));
#7966 = VECTOR('',#7967,1.);
#7967 = DIRECTION('',(0.8106792284,0.585490553844,0.));
#7968 = PCURVE('',#4216,#7969);
#7969 = DEFINITIONAL_REPRESENTATION('',(#7970),#7974);
#7970 = LINE('',#7971,#7972);
#7971 = CARTESIAN_POINT('',(1.3,-0.567647658208));
#7972 = VECTOR('',#7973,1.);
#7973 = DIRECTION('',(-0.585490553844,0.8106792284));
#7974 = ( GEOMETRIC_REPRESENTATION_CONTEXT(2) 
PARAMETRIC_REPRESENTATION_CONTEXT() REPRESENTATION_CONTEXT('2D SPACE',''
  ) );
#7975 = PCURVE('',#7822,#7976);
#7976 = DEFINITIONAL_REPRESENTATION('',(#7977),#7981);
#7977 = LINE('',#7978,#7979);
#7978 = CARTESIAN_POINT('',(-6.680257884776E-14,-111.));
#7979 = VECTOR('',#7980,1.);
#7980 = DIRECTION('',(1.,0.));
#7981 = ( GEOMETRIC_REPRESENTATION_CONTEXT(2) 
PARAMETRIC_REPRESENTATION_CONTEXT() REPRESENTATION_CONTEXT('2D SPACE',''
  ) );
#7982 = ORIENTED_EDGE('',*,*,#7834,.T.);
#7983 = ORIENTED_EDGE('',*,*,#4200,.T.);
#7984 = ADVANCED_FACE('',(#7985),#4420,.F.);
#7985 = FACE_BOUND('',#7986,.T.);
#7986 = EDGE_LOOP('',(#7987,#8010,#8031));
#7987 = ORIENTED_EDGE('',*,*,#7988,.T.);
#7988 = EDGE_CURVE('',#4377,#7989,#7991,.T.);
#7989 = VERTEX_POINT('',#7990);
#7990 = CARTESIAN_POINT('',(-13.8,-10.7,117.));
#7991 = SURFACE_CURVE('',#7992,(#7996,#8003),.PCURVE_S1.);
#7992 = LINE('',#7993,#7994);
#7993 = CARTESIAN_POINT('',(-12.,-12.,117.));
#7994 = VECTOR('',#7995,1.);
#7995 = DIRECTION('',(-0.8106792284,0.585490553844,0.));
#7996 = PCURVE('',#4420,#7997);
#7997 = DEFINITIONAL_REPRESENTATION('',(#7998),#8002);
#7998 = LINE('',#7999,#8000);
#7999 = CARTESIAN_POINT('',(-1.3,-0.567647658208));
#8000 = VECTOR('',#8001,1.);
#8001 = DIRECTION('',(0.585490553844,0.8106792284));
#8002 = ( GEOMETRIC_REPRESENTATION_CONTEXT(2) 
PARAMETRIC_REPRESENTATION_CONTEXT() REPRESENTATION_CONTEXT('2D SPACE',''
  ) );
#8003 = PCURVE('',#7920,#8004);
#8004 = DEFINITIONAL_REPRESENTATION('',(#8005),#8009);
#8005 = LINE('',#8006,#8007);
#8006 = CARTESIAN_POINT('',(-0.,0.));
#8007 = VECTOR('',#8008,1.);
#8008 = DIRECTION('',(-1.,0.));
#8009 = ( GEOMETRIC_REPRESENTATION_CONTEXT(2) 
PARAMETRIC_REPRESENTATION_CONTEXT() REPRESENTATION_CONTEXT('2D SPACE',''
  ) );
#8010 = ORIENTED_EDGE('',*,*,#8011,.T.);
#8011 = EDGE_CURVE('',#7989,#4405,#8012,.T.);
#8012 = SURFACE_CURVE('',#8013,(#8017,#8024),.PCURVE_S1.);
#8013 = LINE('',#8014,#8015);
#8014 = CARTESIAN_POINT('',(-13.8,-10.7,117.));
#8015 = VECTOR('',#8016,1.);
#8016 = DIRECTION('',(0.8106792284,0.585490553844,0.));
#8017 = PCURVE('',#4420,#8018);
#8018 = DEFINITIONAL_REPRESENTATION('',(#8019),#8023);
#8019 = LINE('',#8020,#8021);
#8020 = CARTESIAN_POINT('',(1.7763568394E-15,1.232352341792));
#8021 = VECTOR('',#8022,1.);
#8022 = DIRECTION('',(0.585490553844,-0.8106792284));
#8023 = ( GEOMETRIC_REPRESENTATION_CONTEXT(2) 
PARAMETRIC_REPRESENTATION_CONTEXT() REPRESENTATION_CONTEXT('2D SPACE',''
  ) );
#8024 = PCURVE('',#4554,#8025);
#8025 = DEFINITIONAL_REPRESENTATION('',(#8026),#8030);
#8026 = LINE('',#8027,#8028);
#8027 = CARTESIAN_POINT('',(-0.,0.));
#8028 = VECTOR('',#8029,1.);
#8029 = DIRECTION('',(-1.,-2.465190328816E-32));
#8030 = ( GEOMETRIC_REPRESENTATION_CONTEXT(2) 
PARAMETRIC_REPRESENTATION_CONTEXT() REPRESENTATION_CONTEXT('2D SPACE',''
  ) );
#8031 = ORIENTED_EDGE('',*,*,#4404,.T.);
#8032 = ADVANCED_FACE('',(#8033),#4496,.T.);
#8033 = FACE_BOUND('',#8034,.F.);
#8034 = EDGE_LOOP('',(#8035,#8058,#8079));
#8035 = ORIENTED_EDGE('',*,*,#8036,.T.);
#8036 = EDGE_CURVE('',#4481,#8037,#8039,.T.);
#8037 = VERTEX_POINT('',#8038);
#8038 = CARTESIAN_POINT('',(-13.8,-10.7,6.));
#8039 = SURFACE_CURVE('',#8040,(#8044,#8051),.PCURVE_S1.);
#8040 = LINE('',#8041,#8042);
#8041 = CARTESIAN_POINT('',(-12.,-12.,6.));
#8042 = VECTOR('',#8043,1.);
#8043 = DIRECTION('',(-0.8106792284,0.585490553844,0.));
#8044 = PCURVE('',#4496,#8045);
#8045 = DEFINITIONAL_REPRESENTATION('',(#8046),#8050);
#8046 = LINE('',#8047,#8048);
#8047 = CARTESIAN_POINT('',(-1.3,-0.567647658208));
#8048 = VECTOR('',#8049,1.);
#8049 = DIRECTION('',(0.585490553844,0.8106792284));
#8050 = ( GEOMETRIC_REPRESENTATION_CONTEXT(2) 
PARAMETRIC_REPRESENTATION_CONTEXT() REPRESENTATION_CONTEXT('2D SPACE',''
  ) );
#8051 = PCURVE('',#7920,#8052);
#8052 = DEFINITIONAL_REPRESENTATION('',(#8053),#8057);
#8053 = LINE('',#8054,#8055);
#8054 = CARTESIAN_POINT('',(6.680257884776E-14,-111.));
#8055 = VECTOR('',#8056,1.);
#8056 = DIRECTION('',(-1.,0.));
#8057 = ( GEOMETRIC_REPRESENTATION_CONTEXT(2) 
PARAMETRIC_REPRESENTATION_CONTEXT() REPRESENTATION_CONTEXT('2D SPACE',''
  ) );
#8058 = ORIENTED_EDGE('',*,*,#8059,.T.);
#8059 = EDGE_CURVE('',#8037,#4458,#8060,.T.);
#8060 = SURFACE_CURVE('',#8061,(#8065,#8072),.PCURVE_S1.);
#8061 = LINE('',#8062,#8063);
#8062 = CARTESIAN_POINT('',(-13.8,-10.7,6.));
#8063 = VECTOR('',#8064,1.);
#8064 = DIRECTION('',(0.8106792284,0.585490553844,0.));
#8065 = PCURVE('',#4496,#8066);
#8066 = DEFINITIONAL_REPRESENTATION('',(#8067),#8071);
#8067 = LINE('',#8068,#8069);
#8068 = CARTESIAN_POINT('',(-0.,1.232352341792));
#8069 = VECTOR('',#8070,1.);
#8070 = DIRECTION('',(0.585490553844,-0.8106792284));
#8071 = ( GEOMETRIC_REPRESENTATION_CONTEXT(2) 
PARAMETRIC_REPRESENTATION_CONTEXT() REPRESENTATION_CONTEXT('2D SPACE',''
  ) );
#8072 = PCURVE('',#4554,#8073);
#8073 = DEFINITIONAL_REPRESENTATION('',(#8074),#8078);
#8074 = LINE('',#8075,#8076);
#8075 = CARTESIAN_POINT('',(-3.624139906352E-14,-111.));
#8076 = VECTOR('',#8077,1.);
#8077 = DIRECTION('',(-1.,-2.465190328816E-32));
#8078 = ( GEOMETRIC_REPRESENTATION_CONTEXT(2) 
PARAMETRIC_REPRESENTATION_CONTEXT() REPRESENTATION_CONTEXT('2D SPACE',''
  ) );
#8079 = ORIENTED_EDGE('',*,*,#4480,.T.);
#8080 = ADVANCED_FACE('',(#8081),#4554,.F.);
#8081 = FACE_BOUND('',#8082,.T.);
#8082 = EDGE_LOOP('',(#8083,#8104,#8105,#8106));
#8083 = ORIENTED_EDGE('',*,*,#8084,.F.);
#8084 = EDGE_CURVE('',#8037,#7989,#8085,.T.);
#8085 = SURFACE_CURVE('',#8086,(#8090,#8097),.PCURVE_S1.);
#8086 = LINE('',#8087,#8088);
#8087 = CARTESIAN_POINT('',(-13.8,-10.7,117.));
#8088 = VECTOR('',#8089,1.);
#8089 = DIRECTION('',(-1.1E-16,-1.5E-16,1.));
#8090 = PCURVE('',#4554,#8091);
#8091 = DEFINITIONAL_REPRESENTATION('',(#8092),#8096);
#8092 = LINE('',#8093,#8094);
#8093 = CARTESIAN_POINT('',(-0.,0.));
#8094 = VECTOR('',#8095,1.);
#8095 = DIRECTION('',(1.769982982006E-16,1.));
#8096 = ( GEOMETRIC_REPRESENTATION_CONTEXT(2) 
PARAMETRIC_REPRESENTATION_CONTEXT() REPRESENTATION_CONTEXT('2D SPACE',''
  ) );
#8097 = PCURVE('',#7920,#8098);
#8098 = DEFINITIONAL_REPRESENTATION('',(#8099),#8103);
#8099 = LINE('',#8100,#8101);
#8100 = CARTESIAN_POINT('',(-2.220360331117,0.));
#8101 = VECTOR('',#8102,1.);
#8102 = DIRECTION('',(-1.351132047333E-18,1.));
#8103 = ( GEOMETRIC_REPRESENTATION_CONTEXT(2) 
PARAMETRIC_REPRESENTATION_CONTEXT() REPRESENTATION_CONTEXT('2D SPACE',''
  ) );
#8104 = ORIENTED_EDGE('',*,*,#8059,.T.);
#8105 = ORIENTED_EDGE('',*,*,#4540,.T.);
#8106 = ORIENTED_EDGE('',*,*,#8011,.F.);
#8107 = ADVANCED_FACE('',(#8108),#4718,.T.);
#8108 = FACE_BOUND('',#8109,.T.);
#8109 = EDGE_LOOP('',(#8110,#8132,#8133,#8134));
#8110 = ORIENTED_EDGE('',*,*,#8111,.T.);
#8111 = EDGE_CURVE('',#4766,#7145,#8112,.T.);
#8112 = SURFACE_CURVE('',#8113,(#8118,#8125),.PCURVE_S1.);
#8113 = CIRCLE('',#8114,2.);
#8114 = AXIS2_PLACEMENT_3D('',#8115,#8116,#8117);
#8115 = CARTESIAN_POINT('',(-25.96813332941,-9.,67.81596282899));
#8116 = DIRECTION('',(0.642787609663,0.,0.766044443139));
#8117 = DIRECTION('',(-0.766044443139,0.,0.642787609663));
#8118 = PCURVE('',#4718,#8119);
#8119 = DEFINITIONAL_REPRESENTATION('',(#8120),#8124);
#8120 = LINE('',#8121,#8122);
#8121 = CARTESIAN_POINT('',(0.,0.));
#8122 = VECTOR('',#8123,1.);
#8123 = DIRECTION('',(1.,0.));
#8124 = ( GEOMETRIC_REPRESENTATION_CONTEXT(2) 
PARAMETRIC_REPRESENTATION_CONTEXT() REPRESENTATION_CONTEXT('2D SPACE',''
  ) );
#8125 = PCURVE('',#4966,#8126);
#8126 = DEFINITIONAL_REPRESENTATION('',(#8127),#8131);
#8127 = LINE('',#8128,#8129);
#8128 = CARTESIAN_POINT('',(-0.698131700767,0.));
#8129 = VECTOR('',#8130,1.);
#8130 = DIRECTION('',(-0.,1.));
#8131 = ( GEOMETRIC_REPRESENTATION_CONTEXT(2) 
PARAMETRIC_REPRESENTATION_CONTEXT() REPRESENTATION_CONTEXT('2D SPACE',''
  ) );
#8132 = ORIENTED_EDGE('',*,*,#7144,.T.);
#8133 = ORIENTED_EDGE('',*,*,#4699,.F.);
#8134 = ORIENTED_EDGE('',*,*,#4788,.F.);
#8135 = ADVANCED_FACE('',(#8136),#4637,.T.);
#8136 = FACE_BOUND('',#8137,.F.);
#8137 = EDGE_LOOP('',(#8138,#8139,#8231,#8263,#8291,#8324,#8350));
#8138 = ORIENTED_EDGE('',*,*,#4621,.F.);
#8139 = ORIENTED_EDGE('',*,*,#8140,.T.);
#8140 = EDGE_CURVE('',#4622,#8141,#8143,.T.);
#8141 = VERTEX_POINT('',#8142);
#8142 = CARTESIAN_POINT('',(-18.23574158107,-17.82261880403,
    81.510714529303));
#8143 = SURFACE_CURVE('',#8144,(#8154,#8160),.PCURVE_S1.);
#8144 = B_SPLINE_CURVE_WITH_KNOTS('',8,(#8145,#8146,#8147,#8148,#8149,
    #8150,#8151,#8152,#8153),.UNSPECIFIED.,.F.,.F.,(9,9),(0.,1.),
  .PIECEWISE_BEZIER_KNOTS.);
#8145 = CARTESIAN_POINT('',(-22.48658840897,-12.,79.429543452232));
#8146 = CARTESIAN_POINT('',(-22.35823551122,-13.17809724509,
    79.286929096422));
#8147 = CARTESIAN_POINT('',(-22.03338183898,-14.35619486102,
    79.321165406679));
#8148 = CARTESIAN_POINT('',(-21.51202932225,-15.46507940601,
    79.532250646016));
#8149 = CARTESIAN_POINT('',(-20.81033208375,-16.43555253467,
    79.905646106525));
#8150 = CARTESIAN_POINT('',(-19.96063213385,-17.20690839522,
    80.41224398398));
#8151 = CARTESIAN_POINT('',(-19.00805178035,-17.73563526623,
    81.011434208445));
#8152 = CARTESIAN_POINT('',(-18.00402575236,-18.,81.656925531861));
#8153 = CARTESIAN_POINT('',(-17.,-18.,82.302416607203));
#8154 = PCURVE('',#4637,#8155);
#8155 = DEFINITIONAL_REPRESENTATION('',(#8156),#8159);
#8156 = B_SPLINE_CURVE_WITH_KNOTS('',1,(#8157,#8158),.UNSPECIFIED.,.F.,
  .F.,(2,2),(0.,1.),.PIECEWISE_BEZIER_KNOTS.);
#8157 = CARTESIAN_POINT('',(0.,1.066E-14));
#8158 = CARTESIAN_POINT('',(-1.570796326795,1.534943821154));
#8159 = ( GEOMETRIC_REPRESENTATION_CONTEXT(2) 
PARAMETRIC_REPRESENTATION_CONTEXT() REPRESENTATION_CONTEXT('2D SPACE',''
  ) );
#8160 = PCURVE('',#8161,#8225);
#8161 = B_SPLINE_SURFACE_WITH_KNOTS('',6,8,(
    (#8162,#8163,#8164,#8165,#8166,#8167,#8168,#8169,#8170)
    ,(#8171,#8172,#8173,#8174,#8175,#8176,#8177,#8178,#8179)
    ,(#8180,#8181,#8182,#8183,#8184,#8185,#8186,#8187,#8188)
    ,(#8189,#8190,#8191,#8192,#8193,#8194,#8195,#8196,#8197)
    ,(#8198,#8199,#8200,#8201,#8202,#8203,#8204,#8205,#8206)
    ,(#8207,#8208,#8209,#8210,#8211,#8212,#8213,#8214,#8215)
    ,(#8216,#8217,#8218,#8219,#8220,#8221,#8222,#8223,#8224
  )),.UNSPECIFIED.,.F.,.F.,.F.,(7,7),(9,9),(0.,1.),(0.,1.),
  .PIECEWISE_BEZIER_KNOTS.);
#8162 = CARTESIAN_POINT('',(-23.,-12.,80.767472786049));
#8163 = CARTESIAN_POINT('',(-23.,-13.17809724509,80.959340763693));
#8164 = CARTESIAN_POINT('',(-22.73563526623,-14.35619486102,
    81.151208741337));
#8165 = CARTESIAN_POINT('',(-22.20690839522,-15.46507940601,
    81.343076718982));
#8166 = CARTESIAN_POINT('',(-21.43555253467,-16.43555253467,
    81.534944696625));
#8167 = CARTESIAN_POINT('',(-20.46507940601,-17.20690839522,
    81.726812674271));
#8168 = CARTESIAN_POINT('',(-19.35619486102,-17.73563526623,
    81.918680651914));
#8169 = CARTESIAN_POINT('',(-18.17809724509,-18.,82.110548629559));
#8170 = CARTESIAN_POINT('',(-17.,-18.,82.302416607203));
#8171 = CARTESIAN_POINT('',(-23.,-12.,80.523201114565));
#8172 = CARTESIAN_POINT('',(-23.0117169779,-13.17809724509,
    80.661982467781));
#8173 = CARTESIAN_POINT('',(-22.75230419695,-14.3705584016,
    80.830238932008));
#8174 = CARTESIAN_POINT('',(-22.21269489546,-15.4995607129,
    81.02797021775));
#8175 = CARTESIAN_POINT('',(-21.4138506646,-16.47664717635,
    81.252753207018));
#8176 = CARTESIAN_POINT('',(-20.42768778813,-17.23125764272,
    81.499736599113));
#8177 = CARTESIAN_POINT('',(-19.32296192131,-17.74391474744,
    81.762152049041));
#8178 = CARTESIAN_POINT('',(-18.15978140445,-18.,82.032284348795));
#8179 = CARTESIAN_POINT('',(-17.,-18.,82.302416607203));
#8180 = CARTESIAN_POINT('',(-22.9641989033,-12.,80.278929714448));
#8181 = CARTESIAN_POINT('',(-22.97796770573,-13.17809724509,
    80.35150548034));
#8182 = CARTESIAN_POINT('',(-22.70030984712,-14.37917652595,
    80.442246479516));
#8183 = CARTESIAN_POINT('',(-22.14743114357,-15.52024949704,
    80.626483263735));
#8184 = CARTESIAN_POINT('',(-21.33349504275,-16.50130396135,
    80.88132676304));
#8185 = CARTESIAN_POINT('',(-20.34566222672,-17.24586719122,
    81.191274183838));
#8186 = CARTESIAN_POINT('',(-19.25685166388,-17.74888243617,
    81.540704807778));
#8187 = CARTESIAN_POINT('',(-18.11359119753,-18.,81.893594208028));
#8188 = CARTESIAN_POINT('',(-17.,-18.,82.302416607203));
#8189 = CARTESIAN_POINT('',(-22.89259609221,-12.,80.041215616623));
#8190 = CARTESIAN_POINT('',(-22.89012563999,-13.17809724509,
    80.042163617968));
#8191 = CARTESIAN_POINT('',(-22.62181206994,-14.38204923407,
    80.145125182086));
#8192 = CARTESIAN_POINT('',(-22.07588890427,-15.52714575842,
    80.354615529583));
#8193 = CARTESIAN_POINT('',(-21.27289186267,-16.50952288969,
    80.662754366434));
#8194 = CARTESIAN_POINT('',(-20.29985734045,-17.25073704072,
    81.036142698349));
#8195 = CARTESIAN_POINT('',(-19.22802723835,-17.75053833241,
    81.447442446481));
#8196 = CARTESIAN_POINT('',(-18.10944502443,-18.,81.876682660913));
#8197 = CARTESIAN_POINT('',(-17.,-18.,82.302416607203));
#8198 = CARTESIAN_POINT('',(-22.78679571445,-12.,79.816624354728));
#8199 = CARTESIAN_POINT('',(-22.74847936245,-13.17809724509,
    79.753468366218));
#8200 = CARTESIAN_POINT('',(-22.48139536302,-14.37917652596,
    79.871764404321));
#8201 = CARTESIAN_POINT('',(-21.9471959279,-15.52024949704,
    80.104678588118));
#8202 = CARTESIAN_POINT('',(-21.17172064471,-16.50130396135,
    80.459749384602));
#8203 = CARTESIAN_POINT('',(-20.23012636444,-17.24586719122,
    80.890192513763));
#8204 = CARTESIAN_POINT('',(-19.18706304234,-17.74888243617,
    81.358838551613));
#8205 = CARTESIAN_POINT('',(-18.10121362338,-18.,81.861338762642));
#8206 = CARTESIAN_POINT('',(-17.,-18.,82.302416607203));
#8207 = CARTESIAN_POINT('',(-22.64999752632,-12.,79.611109169965));
#8208 = CARTESIAN_POINT('',(-22.56586686636,-13.17809724509,
    79.50011555021));
#8209 = CARTESIAN_POINT('',(-22.26048922017,-14.3705584016,
    79.548589480078));
#8210 = CARTESIAN_POINT('',(-21.72712550998,-15.4995607129,
    79.762596517973));
#8211 = CARTESIAN_POINT('',(-20.98297734535,-16.47664717635,
    80.129915189592));
#8212 = CARTESIAN_POINT('',(-20.08474503196,-17.23125764272,
    80.606041985823));
#8213 = CARTESIAN_POINT('',(-19.08806203355,-17.74391474744,
    81.150012674244));
#8214 = CARTESIAN_POINT('',(-18.04276773267,-18.,81.727351568406));
#8215 = CARTESIAN_POINT('',(-17.,-18.,82.302416607203));
#8216 = CARTESIAN_POINT('',(-22.48658840897,-12.,79.429543452232));
#8217 = CARTESIAN_POINT('',(-22.35823551122,-13.17809724509,
    79.286929096422));
#8218 = CARTESIAN_POINT('',(-22.03338183898,-14.35619486102,
    79.321165406679));
#8219 = CARTESIAN_POINT('',(-21.51202932225,-15.46507940601,
    79.532250646016));
#8220 = CARTESIAN_POINT('',(-20.81033208375,-16.43555253467,
    79.905646106525));
#8221 = CARTESIAN_POINT('',(-19.96063213385,-17.20690839522,
    80.41224398398));
#8222 = CARTESIAN_POINT('',(-19.00805178035,-17.73563526623,
    81.011434208445));
#8223 = CARTESIAN_POINT('',(-18.00402575236,-18.,81.656925531861));
#8224 = CARTESIAN_POINT('',(-17.,-18.,82.302416607203));
#8225 = DEFINITIONAL_REPRESENTATION('',(#8226),#8230);
#8226 = LINE('',#8227,#8228);
#8227 = CARTESIAN_POINT('',(1.,0.));
#8228 = VECTOR('',#8229,1.);
#8229 = DIRECTION('',(0.,1.));
#8230 = ( GEOMETRIC_REPRESENTATION_CONTEXT(2) 
PARAMETRIC_REPRESENTATION_CONTEXT() REPRESENTATION_CONTEXT('2D SPACE',''
  ) );
#8231 = ORIENTED_EDGE('',*,*,#8232,.T.);
#8232 = EDGE_CURVE('',#8141,#8233,#8235,.T.);
#8233 = VERTEX_POINT('',#8234);
#8234 = CARTESIAN_POINT('',(-16.12782520623,-18.,81.333333333333));
#8235 = SURFACE_CURVE('',#8236,(#8241,#8251),.PCURVE_S1.);
#8236 = ELLIPSE('',#8237,11.415777659757,6.);
#8237 = AXIS2_PLACEMENT_3D('',#8238,#8239,#8240);
#8238 = CARTESIAN_POINT('',(-21.52782426072,-12.,87.333333333334));
#8239 = DIRECTION('',(8.326672684689E-17,-0.707106781187,0.707106781187)
  );
#8240 = DIRECTION('',(0.786333598444,-0.436852075626,-0.436852075626));
#8241 = PCURVE('',#4637,#8242);
#8242 = DEFINITIONAL_REPRESENTATION('',(#8243),#8250);
#8243 = B_SPLINE_CURVE_WITH_KNOTS('',5,(#8244,#8245,#8246,#8247,#8248,
    #8249),.UNSPECIFIED.,.F.,.F.,(6,6),(5.281411976868,5.693593481698),
  .PIECEWISE_BEZIER_KNOTS.);
#8244 = CARTESIAN_POINT('',(-1.158614836367,-6.286581664057E-04));
#8245 = CARTESIAN_POINT('',(-1.241051137333,0.673826426295));
#8246 = CARTESIAN_POINT('',(-1.323487438299,1.303831255955));
#8247 = CARTESIAN_POINT('',(-1.405923739265,1.879830628824));
#8248 = CARTESIAN_POINT('',(-1.488360040231,2.393556062773));
#8249 = CARTESIAN_POINT('',(-1.570796341197,2.83871200046));
#8250 = ( GEOMETRIC_REPRESENTATION_CONTEXT(2) 
PARAMETRIC_REPRESENTATION_CONTEXT() REPRESENTATION_CONTEXT('2D SPACE',''
  ) );
#8251 = PCURVE('',#8252,#8257);
#8252 = PLANE('',#8253);
#8253 = AXIS2_PLACEMENT_3D('',#8254,#8255,#8256);
#8254 = CARTESIAN_POINT('',(143.30728127852,-16.,83.333333333333));
#8255 = DIRECTION('',(0.,-0.707106781187,0.707106781187));
#8256 = DIRECTION('',(0.,-0.707106781187,-0.707106781187));
#8257 = DEFINITIONAL_REPRESENTATION('',(#8258),#8262);
#8258 = ELLIPSE('',#8259,11.415777659757,6.);
#8259 = AXIS2_PLACEMENT_2D('',#8260,#8261);
#8260 = CARTESIAN_POINT('',(-5.656854249493,-164.8351055392));
#8261 = DIRECTION('',(0.617802130101,0.786333598444));
#8262 = ( GEOMETRIC_REPRESENTATION_CONTEXT(2) 
PARAMETRIC_REPRESENTATION_CONTEXT() REPRESENTATION_CONTEXT('2D SPACE',''
  ) );
#8263 = ORIENTED_EDGE('',*,*,#8264,.T.);
#8264 = EDGE_CURVE('',#8233,#8265,#8267,.T.);
#8265 = VERTEX_POINT('',#8266);
#8266 = CARTESIAN_POINT('',(-15.56115863878,-18.,80.703703703704));
#8267 = SURFACE_CURVE('',#8268,(#8272,#8279),.PCURVE_S1.);
#8268 = LINE('',#8269,#8270);
#8269 = CARTESIAN_POINT('',(-18.02682318204,-18.,83.443331453684));
#8270 = VECTOR('',#8271,1.);
#8271 = DIRECTION('',(0.668964666909,-1.7E-16,-0.74329420449));
#8272 = PCURVE('',#4637,#8273);
#8273 = DEFINITIONAL_REPRESENTATION('',(#8274),#8278);
#8274 = LINE('',#8275,#8276);
#8275 = CARTESIAN_POINT('',(-1.570796326795,0.));
#8276 = VECTOR('',#8277,1.);
#8277 = DIRECTION('',(-0.,1.));
#8278 = ( GEOMETRIC_REPRESENTATION_CONTEXT(2) 
PARAMETRIC_REPRESENTATION_CONTEXT() REPRESENTATION_CONTEXT('2D SPACE',''
  ) );
#8279 = PCURVE('',#8280,#8285);
#8280 = PLANE('',#8281);
#8281 = AXIS2_PLACEMENT_3D('',#8282,#8283,#8284);
#8282 = CARTESIAN_POINT('',(-6.78021613E-09,-18.,63.352095707312));
#8283 = DIRECTION('',(0.,1.,2.2E-16));
#8284 = DIRECTION('',(0.,-2.2E-16,1.));
#8285 = DEFINITIONAL_REPRESENTATION('',(#8286),#8290);
#8286 = LINE('',#8287,#8288);
#8287 = CARTESIAN_POINT('',(20.091235746372,-18.02682317526));
#8288 = VECTOR('',#8289,1.);
#8289 = DIRECTION('',(-0.74329420449,0.668964666909));
#8290 = ( GEOMETRIC_REPRESENTATION_CONTEXT(2) 
PARAMETRIC_REPRESENTATION_CONTEXT() REPRESENTATION_CONTEXT('2D SPACE',''
  ) );
#8291 = ORIENTED_EDGE('',*,*,#8292,.T.);
#8292 = EDGE_CURVE('',#8265,#8293,#8295,.T.);
#8293 = VERTEX_POINT('',#8294);
#8294 = CARTESIAN_POINT('',(-19.7778020651,-16.,78.703703703704));
#8295 = SURFACE_CURVE('',#8296,(#8301,#8312),.PCURVE_S1.);
#8296 = ELLIPSE('',#8297,11.415777659757,6.);
#8297 = AXIS2_PLACEMENT_3D('',#8298,#8299,#8300);
#8298 = CARTESIAN_POINT('',(-10.16115958429,-12.,74.703703703703));
#8299 = DIRECTION('',(2.775557561563E-17,-0.707106781187,-0.707106781187
    ));
#8300 = DIRECTION('',(0.786333598444,0.436852075626,-0.436852075626));
#8301 = PCURVE('',#4637,#8302);
#8302 = DEFINITIONAL_REPRESENTATION('',(#8303),#8311);
#8303 = B_SPLINE_CURVE_WITH_KNOTS('',6,(#8304,#8305,#8306,#8307,#8308,
    #8309,#8310),.UNSPECIFIED.,.F.,.F.,(7,7),(2.552000799304,
    3.436944175882),.PIECEWISE_BEZIER_KNOTS.);
#8304 = CARTESIAN_POINT('',(-1.570796341197,3.685791966679));
#8305 = CARTESIAN_POINT('',(-1.423305778434,2.889343050066));
#8306 = CARTESIAN_POINT('',(-1.275815215671,2.303612319466));
#8307 = CARTESIAN_POINT('',(-1.128324652908,1.959778757257));
#8308 = CARTESIAN_POINT('',(-0.980834090145,1.875305715616));
#8309 = CARTESIAN_POINT('',(-0.833343527382,2.049703239419));
#8310 = CARTESIAN_POINT('',(-0.685852964619,2.466642443205));
#8311 = ( GEOMETRIC_REPRESENTATION_CONTEXT(2) 
PARAMETRIC_REPRESENTATION_CONTEXT() REPRESENTATION_CONTEXT('2D SPACE',''
  ) );
#8312 = PCURVE('',#8313,#8318);
#8313 = PLANE('',#8314);
#8314 = AXIS2_PLACEMENT_3D('',#8315,#8316,#8317);
#8315 = CARTESIAN_POINT('',(143.30728127852,-18.,80.703703703704));
#8316 = DIRECTION('',(0.,-0.707106781187,-0.707106781187));
#8317 = DIRECTION('',(0.,0.707106781187,-0.707106781187));
#8318 = DEFINITIONAL_REPRESENTATION('',(#8319),#8323);
#8319 = ELLIPSE('',#8320,11.415777659757,6.);
#8320 = AXIS2_PLACEMENT_2D('',#8321,#8322);
#8321 = CARTESIAN_POINT('',(8.485281374239,-153.4684408628));
#8322 = DIRECTION('',(0.617802130101,0.786333598444));
#8323 = ( GEOMETRIC_REPRESENTATION_CONTEXT(2) 
PARAMETRIC_REPRESENTATION_CONTEXT() REPRESENTATION_CONTEXT('2D SPACE',''
  ) );
#8324 = ORIENTED_EDGE('',*,*,#8325,.T.);
#8325 = EDGE_CURVE('',#8293,#7270,#8326,.T.);
#8326 = SURFACE_CURVE('',#8327,(#8332,#8343),.PCURVE_S1.);
#8327 = ELLIPSE('',#8328,11.415777659757,6.);
#8328 = AXIS2_PLACEMENT_3D('',#8329,#8330,#8331);
#8329 = CARTESIAN_POINT('',(-17.36115832361,-12.,82.703703703704));
#8330 = DIRECTION('',(8.326672684689E-17,-0.707106781187,0.707106781187)
  );
#8331 = DIRECTION('',(0.786333598444,-0.436852075626,-0.436852075626));
#8332 = PCURVE('',#4637,#8333);
#8333 = DEFINITIONAL_REPRESENTATION('',(#8334),#8342);
#8334 = B_SPLINE_CURVE_WITH_KNOTS('',6,(#8335,#8336,#8337,#8338,#8339,
    #8340,#8341),.UNSPECIFIED.,.F.,.F.,(7,7),(4.80865010512,
    5.557875707267),.PIECEWISE_BEZIER_KNOTS.);
#8335 = CARTESIAN_POINT('',(-0.685852964619,1.92849752349));
#8336 = CARTESIAN_POINT('',(-0.81072389831,3.135610621247));
#8337 = CARTESIAN_POINT('',(-0.935594832001,4.32525669237));
#8338 = CARTESIAN_POINT('',(-1.060465765692,5.463565564312));
#8339 = CARTESIAN_POINT('',(-1.185336699384,6.517438412635));
#8340 = CARTESIAN_POINT('',(-1.310207633075,7.457901638756));
#8341 = CARTESIAN_POINT('',(-1.435078566766,8.26238518675));
#8342 = ( GEOMETRIC_REPRESENTATION_CONTEXT(2) 
PARAMETRIC_REPRESENTATION_CONTEXT() REPRESENTATION_CONTEXT('2D SPACE',''
  ) );
#8343 = PCURVE('',#7042,#8344);
#8344 = DEFINITIONAL_REPRESENTATION('',(#8345),#8349);
#8345 = ELLIPSE('',#8346,11.415777659757,6.);
#8346 = AXIS2_PLACEMENT_2D('',#8347,#8348);
#8347 = CARTESIAN_POINT('',(-5.656854249493,-160.6684396021));
#8348 = DIRECTION('',(0.617802130101,0.786333598444));
#8349 = ( GEOMETRIC_REPRESENTATION_CONTEXT(2) 
PARAMETRIC_REPRESENTATION_CONTEXT() REPRESENTATION_CONTEXT('2D SPACE',''
  ) );
#8350 = ORIENTED_EDGE('',*,*,#7269,.F.);
#8351 = ADVANCED_FACE('',(#8352),#4663,.T.);
#8352 = FACE_BOUND('',#8353,.F.);
#8353 = EDGE_LOOP('',(#8354,#8355,#8383,#8384));
#8354 = ORIENTED_EDGE('',*,*,#4812,.T.);
#8355 = ORIENTED_EDGE('',*,*,#8356,.T.);
#8356 = EDGE_CURVE('',#4813,#4622,#8357,.T.);
#8357 = SURFACE_CURVE('',#8358,(#8366,#8376),.PCURVE_S1.);
#8358 = B_SPLINE_CURVE_WITH_KNOTS('',6,(#8359,#8360,#8361,#8362,#8363,
    #8364,#8365),.UNSPECIFIED.,.F.,.F.,(7,7),(0.,1.),
  .PIECEWISE_BEZIER_KNOTS.);
#8359 = CARTESIAN_POINT('',(-23.,-12.,80.767472786049));
#8360 = CARTESIAN_POINT('',(-23.,-12.,80.523201114565));
#8361 = CARTESIAN_POINT('',(-22.9641989033,-12.,80.278929714448));
#8362 = CARTESIAN_POINT('',(-22.89259609221,-12.,80.041215616623));
#8363 = CARTESIAN_POINT('',(-22.78679571445,-12.,79.816624354728));
#8364 = CARTESIAN_POINT('',(-22.64999752632,-12.,79.611109169965));
#8365 = CARTESIAN_POINT('',(-22.48658840897,-12.,79.429543452232));
#8366 = PCURVE('',#4663,#8367);
#8367 = DEFINITIONAL_REPRESENTATION('',(#8368),#8375);
#8368 = B_SPLINE_CURVE_WITH_KNOTS('',5,(#8369,#8370,#8371,#8372,#8373,
    #8374),.UNSPECIFIED.,.F.,.F.,(6,6),(0.,1.),
  .PIECEWISE_BEZIER_KNOTS.);
#8369 = CARTESIAN_POINT('',(-3.14159265359,-12.));
#8370 = CARTESIAN_POINT('',(-3.288155649524,-12.));
#8371 = CARTESIAN_POINT('',(-3.434718673225,-12.));
#8372 = CARTESIAN_POINT('',(-3.581281648678,-12.));
#8373 = CARTESIAN_POINT('',(-3.727844672379,-12.));
#8374 = CARTESIAN_POINT('',(-3.874407668313,-12.));
#8375 = ( GEOMETRIC_REPRESENTATION_CONTEXT(2) 
PARAMETRIC_REPRESENTATION_CONTEXT() REPRESENTATION_CONTEXT('2D SPACE',''
  ) );
#8376 = PCURVE('',#8161,#8377);
#8377 = DEFINITIONAL_REPRESENTATION('',(#8378),#8382);
#8378 = LINE('',#8379,#8380);
#8379 = CARTESIAN_POINT('',(0.,0.));
#8380 = VECTOR('',#8381,1.);
#8381 = DIRECTION('',(1.,0.));
#8382 = ( GEOMETRIC_REPRESENTATION_CONTEXT(2) 
PARAMETRIC_REPRESENTATION_CONTEXT() REPRESENTATION_CONTEXT('2D SPACE',''
  ) );
#8383 = ORIENTED_EDGE('',*,*,#4649,.F.);
#8384 = ORIENTED_EDGE('',*,*,#4738,.T.);
#8385 = ADVANCED_FACE('',(#8386),#4851,.T.);
#8386 = FACE_BOUND('',#8387,.F.);
#8387 = EDGE_LOOP('',(#8388,#8389,#8499,#8532,#8565,#8593,#8626,#8659,
    #8687,#8720,#8753,#8781,#8814,#8847,#8875,#8908,#8941,#8969,#9002,
    #9030));
#8388 = ORIENTED_EDGE('',*,*,#4835,.F.);
#8389 = ORIENTED_EDGE('',*,*,#8390,.T.);
#8390 = EDGE_CURVE('',#4836,#8391,#8393,.T.);
#8391 = VERTEX_POINT('',#8392);
#8392 = CARTESIAN_POINT('',(-20.44839106317,-16.91005078053,
    107.39153226201));
#8393 = SURFACE_CURVE('',#8394,(#8405,#8411),.PCURVE_S1.);
#8394 = B_SPLINE_CURVE_WITH_KNOTS('',9,(#8395,#8396,#8397,#8398,#8399,
    #8400,#8401,#8402,#8403,#8404),.UNSPECIFIED.,.F.,.F.,(10,10),(0.,1.)
  ,.PIECEWISE_BEZIER_KNOTS.);
#8395 = CARTESIAN_POINT('',(-23.,-12.,108.84363689036));
#8396 = CARTESIAN_POINT('',(-22.99999992858,-13.04719755119,
    108.57922915923));
#8397 = CARTESIAN_POINT('',(-22.79438315114,-14.0943951174,
    108.3148214281));
#8398 = CARTESIAN_POINT('',(-22.38314951616,-15.09545227896,
    108.05041369696));
#8399 = CARTESIAN_POINT('',(-21.77837913443,-16.00422926928,
    107.78600596585));
#8400 = CARTESIAN_POINT('',(-21.00422919276,-16.77837923646,
    107.5215982347));
#8401 = CARTESIAN_POINT('',(-20.09545223305,-17.38314963094,
    107.25719050358));
#8402 = CARTESIAN_POINT('',(-19.09439509954,-17.79438325826,
    106.99278277245));
#8403 = CARTESIAN_POINT('',(-18.04719755119,-18.,106.72837504132));
#8404 = CARTESIAN_POINT('',(-17.,-18.,106.46396731019));
#8405 = PCURVE('',#4851,#8406);
#8406 = DEFINITIONAL_REPRESENTATION('',(#8407),#8410);
#8407 = B_SPLINE_CURVE_WITH_KNOTS('',1,(#8408,#8409),.UNSPECIFIED.,.F.,
  .F.,(2,2),(0.,1.),.PIECEWISE_BEZIER_KNOTS.);
#8408 = CARTESIAN_POINT('',(0.,1.421E-14));
#8409 = CARTESIAN_POINT('',(-1.570796326795,2.379669580167));
#8410 = ( GEOMETRIC_REPRESENTATION_CONTEXT(2) 
PARAMETRIC_REPRESENTATION_CONTEXT() REPRESENTATION_CONTEXT('2D SPACE',''
  ) );
#8411 = PCURVE('',#8412,#8493);
#8412 = B_SPLINE_SURFACE_WITH_KNOTS('',7,9,(
    (#8413,#8414,#8415,#8416,#8417,#8418,#8419,#8420,#8421,#8422)
    ,(#8423,#8424,#8425,#8426,#8427,#8428,#8429,#8430,#8431,#8432)
    ,(#8433,#8434,#8435,#8436,#8437,#8438,#8439,#8440,#8441,#8442)
    ,(#8443,#8444,#8445,#8446,#8447,#8448,#8449,#8450,#8451,#8452)
    ,(#8453,#8454,#8455,#8456,#8457,#8458,#8459,#8460,#8461,#8462)
    ,(#8463,#8464,#8465,#8466,#8467,#8468,#8469,#8470,#8471,#8472)
    ,(#8473,#8474,#8475,#8476,#8477,#8478,#8479,#8480,#8481,#8482)
    ,(#8483,#8484,#8485,#8486,#8487,#8488,#8489,#8490,#8491,#8492
  )),.UNSPECIFIED.,.F.,.F.,.F.,(8,8),(10,10),(0.,1.),(0.,1.),
  .PIECEWISE_BEZIER_KNOTS.);
#8413 = CARTESIAN_POINT('',(-22.24936746166,-12.,109.82187671319));
#8414 = CARTESIAN_POINT('',(-22.17757403847,-13.07673820017,
    109.84111341269));
#8415 = CARTESIAN_POINT('',(-22.05111840455,-14.15350029649,
    109.65633226675));
#8416 = CARTESIAN_POINT('',(-21.81112228514,-15.17853534495,
    109.28301638116));
#8417 = CARTESIAN_POINT('',(-21.40654717204,-16.10078546059,
    108.76569732961));
#8418 = CARTESIAN_POINT('',(-20.8055490283,-16.8720472679,
    108.16746532273));
#8419 = CARTESIAN_POINT('',(-20.00965000409,-17.44888823614,
    107.58172620009));
#8420 = CARTESIAN_POINT('',(-19.07441317033,-17.82214708349,
    107.07931549097));
#8421 = CARTESIAN_POINT('',(-18.05324676212,-18.,106.7002949113));
#8422 = CARTESIAN_POINT('',(-17.,-18.,106.46396731019));
#8423 = CARTESIAN_POINT('',(-22.43229839234,-12.,109.77286125765));
#8424 = CARTESIAN_POINT('',(-22.37487706094,-13.07251810746,
    109.78824702486));
#8425 = CARTESIAN_POINT('',(-22.23881223354,-14.15893546219,
    109.59799735451));
#8426 = CARTESIAN_POINT('',(-21.96745319492,-15.19257162059,
    109.21562420612));
#8427 = CARTESIAN_POINT('',(-21.51293377229,-16.10595794091,
    108.69657957048));
#8428 = CARTESIAN_POINT('',(-20.8695513661,-16.86048611209,
    108.12926980478));
#8429 = CARTESIAN_POINT('',(-20.04917527182,-17.43801033188,
    107.57361851561));
#8430 = CARTESIAN_POINT('',(-19.09491175643,-17.81672731841,
    107.09048040104));
#8431 = CARTESIAN_POINT('',(-18.0607934459,-18.,106.71438781296));
#8432 = CARTESIAN_POINT('',(-17.,-18.,106.46396731019));
#8433 = CARTESIAN_POINT('',(-22.60453547221,-12.,109.68393608223));
#8434 = CARTESIAN_POINT('',(-22.58018803477,-13.06829801326,
    109.6910644278));
#8435 = CARTESIAN_POINT('',(-22.44454914851,-14.15588996904,
    109.47744268192));
#8436 = CARTESIAN_POINT('',(-22.12319533836,-15.18782976684,
    109.10685238864));
#8437 = CARTESIAN_POINT('',(-21.60249394785,-16.0886672003,
    108.61849269623));
#8438 = CARTESIAN_POINT('',(-20.9103242504,-16.83011086782,
    108.10087280099));
#8439 = CARTESIAN_POINT('',(-20.06332659717,-17.41447526851,
    107.58720168191));
#8440 = CARTESIAN_POINT('',(-19.09344119489,-17.80634421525,
    107.12482709345));
#8441 = CARTESIAN_POINT('',(-18.06584032147,-18.,106.72760953644));
#8442 = CARTESIAN_POINT('',(-17.,-18.,106.46396731019));
#8443 = CARTESIAN_POINT('',(-22.75563255306,-12.,109.55790270187));
#8444 = CARTESIAN_POINT('',(-22.77515056516,-13.06407791847,
    109.5329165156));
#8445 = CARTESIAN_POINT('',(-22.63127609712,-14.15090337571,
    109.32520608639));
#8446 = CARTESIAN_POINT('',(-22.28178237892,-15.18056903945,
    108.96966502117));
#8447 = CARTESIAN_POINT('',(-21.72183229025,-16.07412800241,
    108.50876104179));
#8448 = CARTESIAN_POINT('',(-20.99887523536,-16.80956522875,
    108.02191634549));
#8449 = CARTESIAN_POINT('',(-20.12411848411,-17.39953130163,
    107.53878293401));
#8450 = CARTESIAN_POINT('',(-19.12738298531,-17.80008895287,
    107.10173770696));
#8451 = CARTESIAN_POINT('',(-18.06993344838,-18.,106.73044360346));
#8452 = CARTESIAN_POINT('',(-17.,-18.,106.46396731019));
#8453 = CARTESIAN_POINT('',(-22.87604972985,-12.,109.40097252406));
#8454 = CARTESIAN_POINT('',(-22.92732693192,-13.05985782397,
    109.31035325066));
#8455 = CARTESIAN_POINT('',(-22.76973462212,-14.14206140906,
    109.10048073781));
#8456 = CARTESIAN_POINT('',(-22.39814975909,-15.16670182391,
    108.76384024371));
#8457 = CARTESIAN_POINT('',(-21.81221859257,-16.05649495994,
    108.34286302591));
#8458 = CARTESIAN_POINT('',(-21.06949611477,-16.79205441076,
    107.89708119067));
#8459 = CARTESIAN_POINT('',(-20.17391180292,-17.38771343655,
    107.45717751803));
#8460 = CARTESIAN_POINT('',(-19.15641675713,-17.79540775984,
    107.05909372327));
#8461 = CARTESIAN_POINT('',(-18.07116219423,-18.,106.72941932432));
#8462 = CARTESIAN_POINT('',(-17.,-18.,106.46396731019));
#8463 = CARTESIAN_POINT('',(-22.95868243711,-12.,109.22240437858));
#8464 = CARTESIAN_POINT('',(-23.00809088657,-13.05563773066,
    109.05474018279));
#8465 = CARTESIAN_POINT('',(-22.82723184444,-14.12956325391,
    108.83465241348));
#8466 = CARTESIAN_POINT('',(-22.43732192687,-15.14722722328,
    108.52004174521));
#8467 = CARTESIAN_POINT('',(-21.83934838102,-16.0376877233,
    108.14778438215));
#8468 = CARTESIAN_POINT('',(-21.08930058934,-16.77964324916,
    107.75318111656));
#8469 = CARTESIAN_POINT('',(-20.18684407244,-17.38023499115,
    107.36636929469));
#8470 = CARTESIAN_POINT('',(-19.16464645074,-17.79265810229,
    107.01457229653));
#8471 = CARTESIAN_POINT('',(-18.06848009959,-18.,106.72705456215));
#8472 = CARTESIAN_POINT('',(-17.,-18.,106.46396731019));
#8473 = CARTESIAN_POINT('',(-23.,-12.,109.03302073412));
#8474 = CARTESIAN_POINT('',(-23.0247220744,-13.05141763944,
    108.80361858652));
#8475 = CARTESIAN_POINT('',(-22.82974535548,-14.11149463714,
    108.5450710406));
#8476 = CARTESIAN_POINT('',(-22.41241426711,-15.11805762304,
    108.25958996686));
#8477 = CARTESIAN_POINT('',(-21.79598438891,-16.0118609052,
    107.95353701696));
#8478 = CARTESIAN_POINT('',(-21.03136708108,-16.76553695984,
    107.63592507633));
#8479 = CARTESIAN_POINT('',(-20.12894875522,-17.37163097075,
    107.32009783464));
#8480 = CARTESIAN_POINT('',(-19.12151411388,-17.78928620882,
    107.01617465143));
#8481 = CARTESIAN_POINT('',(-18.05997653206,-18.,106.72987862724));
#8482 = CARTESIAN_POINT('',(-17.,-18.,106.46396731019));
#8483 = CARTESIAN_POINT('',(-23.,-12.,108.84363689036));
#8484 = CARTESIAN_POINT('',(-22.99999992858,-13.04719755119,
    108.57922915923));
#8485 = CARTESIAN_POINT('',(-22.79438315114,-14.0943951174,
    108.3148214281));
#8486 = CARTESIAN_POINT('',(-22.38314951616,-15.09545227896,
    108.05041369696));
#8487 = CARTESIAN_POINT('',(-21.77837913443,-16.00422926928,
    107.78600596585));
#8488 = CARTESIAN_POINT('',(-21.00422919276,-16.77837923646,
    107.5215982347));
#8489 = CARTESIAN_POINT('',(-20.09545223305,-17.38314963094,
    107.25719050358));
#8490 = CARTESIAN_POINT('',(-19.09439509954,-17.79438325826,
    106.99278277245));
#8491 = CARTESIAN_POINT('',(-18.04719755119,-18.,106.72837504132));
#8492 = CARTESIAN_POINT('',(-17.,-18.,106.46396731019));
#8493 = DEFINITIONAL_REPRESENTATION('',(#8494),#8498);
#8494 = LINE('',#8495,#8496);
#8495 = CARTESIAN_POINT('',(1.,0.));
#8496 = VECTOR('',#8497,1.);
#8497 = DIRECTION('',(0.,1.));
#8498 = ( GEOMETRIC_REPRESENTATION_CONTEXT(2) 
PARAMETRIC_REPRESENTATION_CONTEXT() REPRESENTATION_CONTEXT('2D SPACE',''
  ) );
#8499 = ORIENTED_EDGE('',*,*,#8500,.T.);
#8500 = EDGE_CURVE('',#8391,#8501,#8503,.T.);
#8501 = VERTEX_POINT('',#8502);
#8502 = CARTESIAN_POINT('',(-21.472135955,-16.,106.48148148148));
#8503 = SURFACE_CURVE('',#8504,(#8509,#8520),.PCURVE_S1.);
#8504 = ELLIPSE('',#8505,8.485281374239,6.);
#8505 = AXIS2_PLACEMENT_3D('',#8506,#8507,#8508);
#8506 = CARTESIAN_POINT('',(-17.,-12.,102.48148148148));
#8507 = DIRECTION('',(0.,-0.707106781187,-0.707106781187));
#8508 = DIRECTION('',(0.,0.707106781187,-0.707106781187));
#8509 = PCURVE('',#4851,#8510);
#8510 = DEFINITIONAL_REPRESENTATION('',(#8511),#8519);
#8511 = B_SPLINE_CURVE_WITH_KNOTS('',6,(#8512,#8513,#8514,#8515,#8516,
    #8517,#8518),.UNSPECIFIED.,.F.,.F.,(7,7),(3.14159265359,
    4.026536015766),.PIECEWISE_BEZIER_KNOTS.);
#8512 = CARTESIAN_POINT('',(-1.570796326795,0.362155408879));
#8513 = CARTESIAN_POINT('',(-1.423305766432,0.362155408879));
#8514 = CARTESIAN_POINT('',(-1.27581520607,0.51877922092));
#8515 = CARTESIAN_POINT('',(-1.128324645707,0.832034850604));
#8516 = CARTESIAN_POINT('',(-0.980834085344,1.291674184749));
#8517 = CARTESIAN_POINT('',(-0.833343524981,1.877316220499));
#8518 = CARTESIAN_POINT('',(-0.685852964619,2.562155408879));
#8519 = ( GEOMETRIC_REPRESENTATION_CONTEXT(2) 
PARAMETRIC_REPRESENTATION_CONTEXT() REPRESENTATION_CONTEXT('2D SPACE',''
  ) );
#8520 = PCURVE('',#8521,#8526);
#8521 = PLANE('',#8522);
#8522 = AXIS2_PLACEMENT_3D('',#8523,#8524,#8525);
#8523 = CARTESIAN_POINT('',(143.30728127852,-18.,108.48148148148));
#8524 = DIRECTION('',(0.,-0.707106781187,-0.707106781187));
#8525 = DIRECTION('',(0.,0.707106781187,-0.707106781187));
#8526 = DEFINITIONAL_REPRESENTATION('',(#8527),#8531);
#8527 = ELLIPSE('',#8528,8.485281374239,6.);
#8528 = AXIS2_PLACEMENT_2D('',#8529,#8530);
#8529 = CARTESIAN_POINT('',(8.485281374239,-160.3072812785));
#8530 = DIRECTION('',(1.,0.));
#8531 = ( GEOMETRIC_REPRESENTATION_CONTEXT(2) 
PARAMETRIC_REPRESENTATION_CONTEXT() REPRESENTATION_CONTEXT('2D SPACE',''
  ) );
#8532 = ORIENTED_EDGE('',*,*,#8533,.T.);
#8533 = EDGE_CURVE('',#8501,#8534,#8536,.T.);
#8534 = VERTEX_POINT('',#8535);
#8535 = CARTESIAN_POINT('',(-17.,-18.,104.48148148148));
#8536 = SURFACE_CURVE('',#8537,(#8542,#8553),.PCURVE_S1.);
#8537 = ELLIPSE('',#8538,8.485281374239,6.);
#8538 = AXIS2_PLACEMENT_3D('',#8539,#8540,#8541);
#8539 = CARTESIAN_POINT('',(-17.,-12.,110.48148148148));
#8540 = DIRECTION('',(0.,-0.707106781187,0.707106781187));
#8541 = DIRECTION('',(0.,-0.707106781187,-0.707106781187));
#8542 = PCURVE('',#4851,#8543);
#8543 = DEFINITIONAL_REPRESENTATION('',(#8544),#8552);
#8544 = B_SPLINE_CURVE_WITH_KNOTS('',6,(#8545,#8546,#8547,#8548,#8549,
    #8550,#8551),.UNSPECIFIED.,.F.,.F.,(7,7),(5.398241945003,
    6.28318530718),.PIECEWISE_BEZIER_KNOTS.);
#8545 = CARTESIAN_POINT('',(-0.685852964619,2.162155408879));
#8546 = CARTESIAN_POINT('',(-0.833343524981,2.846994597258));
#8547 = CARTESIAN_POINT('',(-0.980834085344,3.432636633009));
#8548 = CARTESIAN_POINT('',(-1.128324645707,3.892275967153));
#8549 = CARTESIAN_POINT('',(-1.275815206069,4.205531596838));
#8550 = CARTESIAN_POINT('',(-1.423305766432,4.362155408879));
#8551 = CARTESIAN_POINT('',(-1.570796326795,4.362155408879));
#8552 = ( GEOMETRIC_REPRESENTATION_CONTEXT(2) 
PARAMETRIC_REPRESENTATION_CONTEXT() REPRESENTATION_CONTEXT('2D SPACE',''
  ) );
#8553 = PCURVE('',#8554,#8559);
#8554 = PLANE('',#8555);
#8555 = AXIS2_PLACEMENT_3D('',#8556,#8557,#8558);
#8556 = CARTESIAN_POINT('',(143.30728127852,-16.,106.48148148148));
#8557 = DIRECTION('',(0.,-0.707106781187,0.707106781187));
#8558 = DIRECTION('',(0.,-0.707106781187,-0.707106781187));
#8559 = DEFINITIONAL_REPRESENTATION('',(#8560),#8564);
#8560 = ELLIPSE('',#8561,8.485281374239,6.);
#8561 = AXIS2_PLACEMENT_2D('',#8562,#8563);
#8562 = CARTESIAN_POINT('',(-5.656854249493,-160.3072812785));
#8563 = DIRECTION('',(1.,0.));
#8564 = ( GEOMETRIC_REPRESENTATION_CONTEXT(2) 
PARAMETRIC_REPRESENTATION_CONTEXT() REPRESENTATION_CONTEXT('2D SPACE',''
  ) );
#8565 = ORIENTED_EDGE('',*,*,#8566,.T.);
#8566 = EDGE_CURVE('',#8534,#8567,#8569,.T.);
#8567 = VERTEX_POINT('',#8568);
#8568 = CARTESIAN_POINT('',(-17.,-18.,103.85185185185));
#8569 = SURFACE_CURVE('',#8570,(#8574,#8581),.PCURVE_S1.);
#8570 = LINE('',#8571,#8572);
#8571 = CARTESIAN_POINT('',(-17.,-18.,108.84363689036));
#8572 = VECTOR('',#8573,1.);
#8573 = DIRECTION('',(0.,-2.2E-16,-1.));
#8574 = PCURVE('',#4851,#8575);
#8575 = DEFINITIONAL_REPRESENTATION('',(#8576),#8580);
#8576 = LINE('',#8577,#8578);
#8577 = CARTESIAN_POINT('',(-1.570796326795,0.));
#8578 = VECTOR('',#8579,1.);
#8579 = DIRECTION('',(-0.,1.));
#8580 = ( GEOMETRIC_REPRESENTATION_CONTEXT(2) 
PARAMETRIC_REPRESENTATION_CONTEXT() REPRESENTATION_CONTEXT('2D SPACE',''
  ) );
#8581 = PCURVE('',#8582,#8587);
#8582 = PLANE('',#8583);
#8583 = AXIS2_PLACEMENT_3D('',#8584,#8585,#8586);
#8584 = CARTESIAN_POINT('',(-6.78021613E-09,-18.,63.352095707312));
#8585 = DIRECTION('',(0.,1.,2.2E-16));
#8586 = DIRECTION('',(0.,-2.2E-16,1.));
#8587 = DEFINITIONAL_REPRESENTATION('',(#8588),#8592);
#8588 = LINE('',#8589,#8590);
#8589 = CARTESIAN_POINT('',(45.491541183049,-16.99999999322));
#8590 = VECTOR('',#8591,1.);
#8591 = DIRECTION('',(-1.,0.));
#8592 = ( GEOMETRIC_REPRESENTATION_CONTEXT(2) 
PARAMETRIC_REPRESENTATION_CONTEXT() REPRESENTATION_CONTEXT('2D SPACE',''
  ) );
#8593 = ORIENTED_EDGE('',*,*,#8594,.T.);
#8594 = EDGE_CURVE('',#8567,#8595,#8597,.T.);
#8595 = VERTEX_POINT('',#8596);
#8596 = CARTESIAN_POINT('',(-21.472135955,-16.,101.85185185185));
#8597 = SURFACE_CURVE('',#8598,(#8603,#8614),.PCURVE_S1.);
#8598 = ELLIPSE('',#8599,8.485281374239,6.);
#8599 = AXIS2_PLACEMENT_3D('',#8600,#8601,#8602);
#8600 = CARTESIAN_POINT('',(-17.,-12.,97.851851851852));
#8601 = DIRECTION('',(0.,-0.707106781187,-0.707106781187));
#8602 = DIRECTION('',(0.,0.707106781187,-0.707106781187));
#8603 = PCURVE('',#4851,#8604);
#8604 = DEFINITIONAL_REPRESENTATION('',(#8605),#8613);
#8605 = B_SPLINE_CURVE_WITH_KNOTS('',6,(#8606,#8607,#8608,#8609,#8610,
    #8611,#8612),.UNSPECIFIED.,.F.,.F.,(7,7),(3.14159265359,
    4.026536015766),.PIECEWISE_BEZIER_KNOTS.);
#8606 = CARTESIAN_POINT('',(-1.570796326795,4.991785038508));
#8607 = CARTESIAN_POINT('',(-1.423305766432,4.991785038508));
#8608 = CARTESIAN_POINT('',(-1.27581520607,5.148408850549));
#8609 = CARTESIAN_POINT('',(-1.128324645707,5.461664480234));
#8610 = CARTESIAN_POINT('',(-0.980834085344,5.921303814379));
#8611 = CARTESIAN_POINT('',(-0.833343524981,6.506945850129));
#8612 = CARTESIAN_POINT('',(-0.685852964619,7.191785038508));
#8613 = ( GEOMETRIC_REPRESENTATION_CONTEXT(2) 
PARAMETRIC_REPRESENTATION_CONTEXT() REPRESENTATION_CONTEXT('2D SPACE',''
  ) );
#8614 = PCURVE('',#8615,#8620);
#8615 = PLANE('',#8616);
#8616 = AXIS2_PLACEMENT_3D('',#8617,#8618,#8619);
#8617 = CARTESIAN_POINT('',(143.30728127852,-18.,103.85185185185));
#8618 = DIRECTION('',(0.,-0.707106781187,-0.707106781187));
#8619 = DIRECTION('',(0.,0.707106781187,-0.707106781187));
#8620 = DEFINITIONAL_REPRESENTATION('',(#8621),#8625);
#8621 = ELLIPSE('',#8622,8.485281374239,6.);
#8622 = AXIS2_PLACEMENT_2D('',#8623,#8624);
#8623 = CARTESIAN_POINT('',(8.485281374239,-160.3072812785));
#8624 = DIRECTION('',(1.,0.));
#8625 = ( GEOMETRIC_REPRESENTATION_CONTEXT(2) 
PARAMETRIC_REPRESENTATION_CONTEXT() REPRESENTATION_CONTEXT('2D SPACE',''
  ) );
#8626 = ORIENTED_EDGE('',*,*,#8627,.T.);
#8627 = EDGE_CURVE('',#8595,#8628,#8630,.T.);
#8628 = VERTEX_POINT('',#8629);
#8629 = CARTESIAN_POINT('',(-17.,-18.,99.851851851852));
#8630 = SURFACE_CURVE('',#8631,(#8636,#8647),.PCURVE_S1.);
#8631 = ELLIPSE('',#8632,8.485281374239,6.);
#8632 = AXIS2_PLACEMENT_3D('',#8633,#8634,#8635);
#8633 = CARTESIAN_POINT('',(-17.,-12.,105.85185185185));
#8634 = DIRECTION('',(0.,-0.707106781187,0.707106781187));
#8635 = DIRECTION('',(0.,-0.707106781187,-0.707106781187));
#8636 = PCURVE('',#4851,#8637);
#8637 = DEFINITIONAL_REPRESENTATION('',(#8638),#8646);
#8638 = B_SPLINE_CURVE_WITH_KNOTS('',6,(#8639,#8640,#8641,#8642,#8643,
    #8644,#8645),.UNSPECIFIED.,.F.,.F.,(7,7),(5.398241945003,
    6.28318530718),.PIECEWISE_BEZIER_KNOTS.);
#8639 = CARTESIAN_POINT('',(-0.685852964619,6.791785038509));
#8640 = CARTESIAN_POINT('',(-0.833343524981,7.476624226888));
#8641 = CARTESIAN_POINT('',(-0.980834085344,8.062266262638));
#8642 = CARTESIAN_POINT('',(-1.128324645707,8.521905596782));
#8643 = CARTESIAN_POINT('',(-1.27581520607,8.835161226468));
#8644 = CARTESIAN_POINT('',(-1.423305766432,8.991785038509));
#8645 = CARTESIAN_POINT('',(-1.570796326795,8.991785038509));
#8646 = ( GEOMETRIC_REPRESENTATION_CONTEXT(2) 
PARAMETRIC_REPRESENTATION_CONTEXT() REPRESENTATION_CONTEXT('2D SPACE',''
  ) );
#8647 = PCURVE('',#8648,#8653);
#8648 = PLANE('',#8649);
#8649 = AXIS2_PLACEMENT_3D('',#8650,#8651,#8652);
#8650 = CARTESIAN_POINT('',(143.30728127852,-16.,101.85185185185));
#8651 = DIRECTION('',(0.,-0.707106781187,0.707106781187));
#8652 = DIRECTION('',(0.,-0.707106781187,-0.707106781187));
#8653 = DEFINITIONAL_REPRESENTATION('',(#8654),#8658);
#8654 = ELLIPSE('',#8655,8.485281374239,6.);
#8655 = AXIS2_PLACEMENT_2D('',#8656,#8657);
#8656 = CARTESIAN_POINT('',(-5.656854249493,-160.3072812785));
#8657 = DIRECTION('',(1.,0.));
#8658 = ( GEOMETRIC_REPRESENTATION_CONTEXT(2) 
PARAMETRIC_REPRESENTATION_CONTEXT() REPRESENTATION_CONTEXT('2D SPACE',''
  ) );
#8659 = ORIENTED_EDGE('',*,*,#8660,.T.);
#8660 = EDGE_CURVE('',#8628,#8661,#8663,.T.);
#8661 = VERTEX_POINT('',#8662);
#8662 = CARTESIAN_POINT('',(-17.,-18.,99.222222222222));
#8663 = SURFACE_CURVE('',#8664,(#8668,#8675),.PCURVE_S1.);
#8664 = LINE('',#8665,#8666);
#8665 = CARTESIAN_POINT('',(-17.,-18.,108.84363689036));
#8666 = VECTOR('',#8667,1.);
#8667 = DIRECTION('',(0.,-2.2E-16,-1.));
#8668 = PCURVE('',#4851,#8669);
#8669 = DEFINITIONAL_REPRESENTATION('',(#8670),#8674);
#8670 = LINE('',#8671,#8672);
#8671 = CARTESIAN_POINT('',(-1.570796326795,0.));
#8672 = VECTOR('',#8673,1.);
#8673 = DIRECTION('',(-0.,1.));
#8674 = ( GEOMETRIC_REPRESENTATION_CONTEXT(2) 
PARAMETRIC_REPRESENTATION_CONTEXT() REPRESENTATION_CONTEXT('2D SPACE',''
  ) );
#8675 = PCURVE('',#8676,#8681);
#8676 = PLANE('',#8677);
#8677 = AXIS2_PLACEMENT_3D('',#8678,#8679,#8680);
#8678 = CARTESIAN_POINT('',(-6.78021613E-09,-18.,63.352095707312));
#8679 = DIRECTION('',(0.,1.,2.2E-16));
#8680 = DIRECTION('',(0.,-2.2E-16,1.));
#8681 = DEFINITIONAL_REPRESENTATION('',(#8682),#8686);
#8682 = LINE('',#8683,#8684);
#8683 = CARTESIAN_POINT('',(45.491541183049,-16.99999999322));
#8684 = VECTOR('',#8685,1.);
#8685 = DIRECTION('',(-1.,0.));
#8686 = ( GEOMETRIC_REPRESENTATION_CONTEXT(2) 
PARAMETRIC_REPRESENTATION_CONTEXT() REPRESENTATION_CONTEXT('2D SPACE',''
  ) );
#8687 = ORIENTED_EDGE('',*,*,#8688,.T.);
#8688 = EDGE_CURVE('',#8661,#8689,#8691,.T.);
#8689 = VERTEX_POINT('',#8690);
#8690 = CARTESIAN_POINT('',(-21.47213595499,-16.,97.222222222222));
#8691 = SURFACE_CURVE('',#8692,(#8697,#8708),.PCURVE_S1.);
#8692 = ELLIPSE('',#8693,8.485281374239,6.);
#8693 = AXIS2_PLACEMENT_3D('',#8694,#8695,#8696);
#8694 = CARTESIAN_POINT('',(-17.,-12.,93.222222222222));
#8695 = DIRECTION('',(0.,-0.707106781187,-0.707106781187));
#8696 = DIRECTION('',(0.,0.707106781187,-0.707106781187));
#8697 = PCURVE('',#4851,#8698);
#8698 = DEFINITIONAL_REPRESENTATION('',(#8699),#8707);
#8699 = B_SPLINE_CURVE_WITH_KNOTS('',6,(#8700,#8701,#8702,#8703,#8704,
    #8705,#8706),.UNSPECIFIED.,.F.,.F.,(7,7),(3.14159265359,
    4.026536015766),.PIECEWISE_BEZIER_KNOTS.);
#8700 = CARTESIAN_POINT('',(-1.570796326795,9.621414668138));
#8701 = CARTESIAN_POINT('',(-1.423305766432,9.621414668138));
#8702 = CARTESIAN_POINT('',(-1.27581520607,9.778038480179));
#8703 = CARTESIAN_POINT('',(-1.128324645707,10.091294109863));
#8704 = CARTESIAN_POINT('',(-0.980834085344,10.550933444008));
#8705 = CARTESIAN_POINT('',(-0.833343524981,11.136575479759));
#8706 = CARTESIAN_POINT('',(-0.685852964619,11.821414668138));
#8707 = ( GEOMETRIC_REPRESENTATION_CONTEXT(2) 
PARAMETRIC_REPRESENTATION_CONTEXT() REPRESENTATION_CONTEXT('2D SPACE',''
  ) );
#8708 = PCURVE('',#8709,#8714);
#8709 = PLANE('',#8710);
#8710 = AXIS2_PLACEMENT_3D('',#8711,#8712,#8713);
#8711 = CARTESIAN_POINT('',(143.30728127852,-18.,99.222222222222));
#8712 = DIRECTION('',(0.,-0.707106781187,-0.707106781187));
#8713 = DIRECTION('',(0.,0.707106781187,-0.707106781187));
#8714 = DEFINITIONAL_REPRESENTATION('',(#8715),#8719);
#8715 = ELLIPSE('',#8716,8.485281374239,6.);
#8716 = AXIS2_PLACEMENT_2D('',#8717,#8718);
#8717 = CARTESIAN_POINT('',(8.485281374239,-160.3072812785));
#8718 = DIRECTION('',(1.,0.));
#8719 = ( GEOMETRIC_REPRESENTATION_CONTEXT(2) 
PARAMETRIC_REPRESENTATION_CONTEXT() REPRESENTATION_CONTEXT('2D SPACE',''
  ) );
#8720 = ORIENTED_EDGE('',*,*,#8721,.T.);
#8721 = EDGE_CURVE('',#8689,#8722,#8724,.T.);
#8722 = VERTEX_POINT('',#8723);
#8723 = CARTESIAN_POINT('',(-17.,-18.,95.222222222222));
#8724 = SURFACE_CURVE('',#8725,(#8730,#8741),.PCURVE_S1.);
#8725 = ELLIPSE('',#8726,8.485281374239,6.);
#8726 = AXIS2_PLACEMENT_3D('',#8727,#8728,#8729);
#8727 = CARTESIAN_POINT('',(-17.,-12.,101.22222222222));
#8728 = DIRECTION('',(0.,-0.707106781187,0.707106781187));
#8729 = DIRECTION('',(0.,-0.707106781187,-0.707106781187));
#8730 = PCURVE('',#4851,#8731);
#8731 = DEFINITIONAL_REPRESENTATION('',(#8732),#8740);
#8732 = B_SPLINE_CURVE_WITH_KNOTS('',6,(#8733,#8734,#8735,#8736,#8737,
    #8738,#8739),.UNSPECIFIED.,.F.,.F.,(7,7),(5.398241945003,
    6.28318530718),.PIECEWISE_BEZIER_KNOTS.);
#8733 = CARTESIAN_POINT('',(-0.685852964619,11.421414668138));
#8734 = CARTESIAN_POINT('',(-0.833343524981,12.106253856517));
#8735 = CARTESIAN_POINT('',(-0.980834085344,12.691895892268));
#8736 = CARTESIAN_POINT('',(-1.128324645707,13.151535226411));
#8737 = CARTESIAN_POINT('',(-1.27581520607,13.464790856098));
#8738 = CARTESIAN_POINT('',(-1.423305766432,13.621414668138));
#8739 = CARTESIAN_POINT('',(-1.570796326795,13.621414668138));
#8740 = ( GEOMETRIC_REPRESENTATION_CONTEXT(2) 
PARAMETRIC_REPRESENTATION_CONTEXT() REPRESENTATION_CONTEXT('2D SPACE',''
  ) );
#8741 = PCURVE('',#8742,#8747);
#8742 = PLANE('',#8743);
#8743 = AXIS2_PLACEMENT_3D('',#8744,#8745,#8746);
#8744 = CARTESIAN_POINT('',(143.30728127852,-16.,97.222222222222));
#8745 = DIRECTION('',(0.,-0.707106781187,0.707106781187));
#8746 = DIRECTION('',(0.,-0.707106781187,-0.707106781187));
#8747 = DEFINITIONAL_REPRESENTATION('',(#8748),#8752);
#8748 = ELLIPSE('',#8749,8.485281374239,6.);
#8749 = AXIS2_PLACEMENT_2D('',#8750,#8751);
#8750 = CARTESIAN_POINT('',(-5.656854249493,-160.3072812785));
#8751 = DIRECTION('',(1.,0.));
#8752 = ( GEOMETRIC_REPRESENTATION_CONTEXT(2) 
PARAMETRIC_REPRESENTATION_CONTEXT() REPRESENTATION_CONTEXT('2D SPACE',''
  ) );
#8753 = ORIENTED_EDGE('',*,*,#8754,.T.);
#8754 = EDGE_CURVE('',#8722,#8755,#8757,.T.);
#8755 = VERTEX_POINT('',#8756);
#8756 = CARTESIAN_POINT('',(-17.,-18.,94.592592592593));
#8757 = SURFACE_CURVE('',#8758,(#8762,#8769),.PCURVE_S1.);
#8758 = LINE('',#8759,#8760);
#8759 = CARTESIAN_POINT('',(-17.,-18.,108.84363689036));
#8760 = VECTOR('',#8761,1.);
#8761 = DIRECTION('',(0.,-2.2E-16,-1.));
#8762 = PCURVE('',#4851,#8763);
#8763 = DEFINITIONAL_REPRESENTATION('',(#8764),#8768);
#8764 = LINE('',#8765,#8766);
#8765 = CARTESIAN_POINT('',(-1.570796326795,0.));
#8766 = VECTOR('',#8767,1.);
#8767 = DIRECTION('',(-0.,1.));
#8768 = ( GEOMETRIC_REPRESENTATION_CONTEXT(2) 
PARAMETRIC_REPRESENTATION_CONTEXT() REPRESENTATION_CONTEXT('2D SPACE',''
  ) );
#8769 = PCURVE('',#8770,#8775);
#8770 = PLANE('',#8771);
#8771 = AXIS2_PLACEMENT_3D('',#8772,#8773,#8774);
#8772 = CARTESIAN_POINT('',(-6.78021613E-09,-18.,63.352095707312));
#8773 = DIRECTION('',(0.,1.,2.2E-16));
#8774 = DIRECTION('',(0.,-2.2E-16,1.));
#8775 = DEFINITIONAL_REPRESENTATION('',(#8776),#8780);
#8776 = LINE('',#8777,#8778);
#8777 = CARTESIAN_POINT('',(45.491541183049,-16.99999999322));
#8778 = VECTOR('',#8779,1.);
#8779 = DIRECTION('',(-1.,0.));
#8780 = ( GEOMETRIC_REPRESENTATION_CONTEXT(2) 
PARAMETRIC_REPRESENTATION_CONTEXT() REPRESENTATION_CONTEXT('2D SPACE',''
  ) );
#8781 = ORIENTED_EDGE('',*,*,#8782,.T.);
#8782 = EDGE_CURVE('',#8755,#8783,#8785,.T.);
#8783 = VERTEX_POINT('',#8784);
#8784 = CARTESIAN_POINT('',(-21.47213595499,-16.,92.592592592593));
#8785 = SURFACE_CURVE('',#8786,(#8791,#8802),.PCURVE_S1.);
#8786 = ELLIPSE('',#8787,8.485281374239,6.);
#8787 = AXIS2_PLACEMENT_3D('',#8788,#8789,#8790);
#8788 = CARTESIAN_POINT('',(-17.,-12.,88.592592592592));
#8789 = DIRECTION('',(0.,-0.707106781187,-0.707106781187));
#8790 = DIRECTION('',(0.,0.707106781187,-0.707106781187));
#8791 = PCURVE('',#4851,#8792);
#8792 = DEFINITIONAL_REPRESENTATION('',(#8793),#8801);
#8793 = B_SPLINE_CURVE_WITH_KNOTS('',6,(#8794,#8795,#8796,#8797,#8798,
    #8799,#8800),.UNSPECIFIED.,.F.,.F.,(7,7),(3.14159265359,
    4.026536015766),.PIECEWISE_BEZIER_KNOTS.);
#8794 = CARTESIAN_POINT('',(-1.570796326795,14.251044297767));
#8795 = CARTESIAN_POINT('',(-1.423305766432,14.251044297767));
#8796 = CARTESIAN_POINT('',(-1.27581520607,14.407668109808));
#8797 = CARTESIAN_POINT('',(-1.128324645707,14.720923739492));
#8798 = CARTESIAN_POINT('',(-0.980834085344,15.180563073638));
#8799 = CARTESIAN_POINT('',(-0.833343524981,15.766205109388));
#8800 = CARTESIAN_POINT('',(-0.685852964619,16.451044297768));
#8801 = ( GEOMETRIC_REPRESENTATION_CONTEXT(2) 
PARAMETRIC_REPRESENTATION_CONTEXT() REPRESENTATION_CONTEXT('2D SPACE',''
  ) );
#8802 = PCURVE('',#8803,#8808);
#8803 = PLANE('',#8804);
#8804 = AXIS2_PLACEMENT_3D('',#8805,#8806,#8807);
#8805 = CARTESIAN_POINT('',(143.30728127852,-18.,94.592592592593));
#8806 = DIRECTION('',(0.,-0.707106781187,-0.707106781187));
#8807 = DIRECTION('',(0.,0.707106781187,-0.707106781187));
#8808 = DEFINITIONAL_REPRESENTATION('',(#8809),#8813);
#8809 = ELLIPSE('',#8810,8.485281374239,6.);
#8810 = AXIS2_PLACEMENT_2D('',#8811,#8812);
#8811 = CARTESIAN_POINT('',(8.485281374239,-160.3072812785));
#8812 = DIRECTION('',(1.,0.));
#8813 = ( GEOMETRIC_REPRESENTATION_CONTEXT(2) 
PARAMETRIC_REPRESENTATION_CONTEXT() REPRESENTATION_CONTEXT('2D SPACE',''
  ) );
#8814 = ORIENTED_EDGE('',*,*,#8815,.T.);
#8815 = EDGE_CURVE('',#8783,#8816,#8818,.T.);
#8816 = VERTEX_POINT('',#8817);
#8817 = CARTESIAN_POINT('',(-17.,-18.,90.592592592592));
#8818 = SURFACE_CURVE('',#8819,(#8824,#8835),.PCURVE_S1.);
#8819 = ELLIPSE('',#8820,8.485281374239,6.);
#8820 = AXIS2_PLACEMENT_3D('',#8821,#8822,#8823);
#8821 = CARTESIAN_POINT('',(-17.,-12.,96.592592592593));
#8822 = DIRECTION('',(0.,-0.707106781187,0.707106781187));
#8823 = DIRECTION('',(0.,-0.707106781187,-0.707106781187));
#8824 = PCURVE('',#4851,#8825);
#8825 = DEFINITIONAL_REPRESENTATION('',(#8826),#8834);
#8826 = B_SPLINE_CURVE_WITH_KNOTS('',6,(#8827,#8828,#8829,#8830,#8831,
    #8832,#8833),.UNSPECIFIED.,.F.,.F.,(7,7),(5.398241945003,
    6.28318530718),.PIECEWISE_BEZIER_KNOTS.);
#8827 = CARTESIAN_POINT('',(-0.685852964619,16.051044297768));
#8828 = CARTESIAN_POINT('',(-0.833343524981,16.735883486147));
#8829 = CARTESIAN_POINT('',(-0.980834085344,17.321525521898));
#8830 = CARTESIAN_POINT('',(-1.128324645707,17.781164856042));
#8831 = CARTESIAN_POINT('',(-1.27581520607,18.094420485727));
#8832 = CARTESIAN_POINT('',(-1.423305766432,18.251044297768));
#8833 = CARTESIAN_POINT('',(-1.570796326795,18.251044297768));
#8834 = ( GEOMETRIC_REPRESENTATION_CONTEXT(2) 
PARAMETRIC_REPRESENTATION_CONTEXT() REPRESENTATION_CONTEXT('2D SPACE',''
  ) );
#8835 = PCURVE('',#8836,#8841);
#8836 = PLANE('',#8837);
#8837 = AXIS2_PLACEMENT_3D('',#8838,#8839,#8840);
#8838 = CARTESIAN_POINT('',(143.30728127852,-16.,92.592592592593));
#8839 = DIRECTION('',(0.,-0.707106781187,0.707106781187));
#8840 = DIRECTION('',(0.,-0.707106781187,-0.707106781187));
#8841 = DEFINITIONAL_REPRESENTATION('',(#8842),#8846);
#8842 = ELLIPSE('',#8843,8.485281374239,6.);
#8843 = AXIS2_PLACEMENT_2D('',#8844,#8845);
#8844 = CARTESIAN_POINT('',(-5.656854249493,-160.3072812785));
#8845 = DIRECTION('',(1.,0.));
#8846 = ( GEOMETRIC_REPRESENTATION_CONTEXT(2) 
PARAMETRIC_REPRESENTATION_CONTEXT() REPRESENTATION_CONTEXT('2D SPACE',''
  ) );
#8847 = ORIENTED_EDGE('',*,*,#8848,.T.);
#8848 = EDGE_CURVE('',#8816,#8849,#8851,.T.);
#8849 = VERTEX_POINT('',#8850);
#8850 = CARTESIAN_POINT('',(-17.,-18.,89.962962962963));
#8851 = SURFACE_CURVE('',#8852,(#8856,#8863),.PCURVE_S1.);
#8852 = LINE('',#8853,#8854);
#8853 = CARTESIAN_POINT('',(-17.,-18.,108.84363689036));
#8854 = VECTOR('',#8855,1.);
#8855 = DIRECTION('',(0.,-2.2E-16,-1.));
#8856 = PCURVE('',#4851,#8857);
#8857 = DEFINITIONAL_REPRESENTATION('',(#8858),#8862);
#8858 = LINE('',#8859,#8860);
#8859 = CARTESIAN_POINT('',(-1.570796326795,0.));
#8860 = VECTOR('',#8861,1.);
#8861 = DIRECTION('',(-0.,1.));
#8862 = ( GEOMETRIC_REPRESENTATION_CONTEXT(2) 
PARAMETRIC_REPRESENTATION_CONTEXT() REPRESENTATION_CONTEXT('2D SPACE',''
  ) );
#8863 = PCURVE('',#8864,#8869);
#8864 = PLANE('',#8865);
#8865 = AXIS2_PLACEMENT_3D('',#8866,#8867,#8868);
#8866 = CARTESIAN_POINT('',(-6.78021613E-09,-18.,63.352095707312));
#8867 = DIRECTION('',(0.,1.,2.2E-16));
#8868 = DIRECTION('',(0.,-2.2E-16,1.));
#8869 = DEFINITIONAL_REPRESENTATION('',(#8870),#8874);
#8870 = LINE('',#8871,#8872);
#8871 = CARTESIAN_POINT('',(45.491541183049,-16.99999999322));
#8872 = VECTOR('',#8873,1.);
#8873 = DIRECTION('',(-1.,0.));
#8874 = ( GEOMETRIC_REPRESENTATION_CONTEXT(2) 
PARAMETRIC_REPRESENTATION_CONTEXT() REPRESENTATION_CONTEXT('2D SPACE',''
  ) );
#8875 = ORIENTED_EDGE('',*,*,#8876,.T.);
#8876 = EDGE_CURVE('',#8849,#8877,#8879,.T.);
#8877 = VERTEX_POINT('',#8878);
#8878 = CARTESIAN_POINT('',(-21.47213595499,-16.,87.962962962963));
#8879 = SURFACE_CURVE('',#8880,(#8885,#8896),.PCURVE_S1.);
#8880 = ELLIPSE('',#8881,8.485281374239,6.);
#8881 = AXIS2_PLACEMENT_3D('',#8882,#8883,#8884);
#8882 = CARTESIAN_POINT('',(-17.,-12.,83.962962962963));
#8883 = DIRECTION('',(0.,-0.707106781187,-0.707106781187));
#8884 = DIRECTION('',(0.,0.707106781187,-0.707106781187));
#8885 = PCURVE('',#4851,#8886);
#8886 = DEFINITIONAL_REPRESENTATION('',(#8887),#8895);
#8887 = B_SPLINE_CURVE_WITH_KNOTS('',6,(#8888,#8889,#8890,#8891,#8892,
    #8893,#8894),.UNSPECIFIED.,.F.,.F.,(7,7),(3.14159265359,
    4.026536015766),.PIECEWISE_BEZIER_KNOTS.);
#8888 = CARTESIAN_POINT('',(-1.570796326795,18.880673927397));
#8889 = CARTESIAN_POINT('',(-1.423305766432,18.880673927397));
#8890 = CARTESIAN_POINT('',(-1.27581520607,19.037297739438));
#8891 = CARTESIAN_POINT('',(-1.128324645707,19.350553369122));
#8892 = CARTESIAN_POINT('',(-0.980834085344,19.810192703268));
#8893 = CARTESIAN_POINT('',(-0.833343524981,20.395834739018));
#8894 = CARTESIAN_POINT('',(-0.685852964619,21.080673927397));
#8895 = ( GEOMETRIC_REPRESENTATION_CONTEXT(2) 
PARAMETRIC_REPRESENTATION_CONTEXT() REPRESENTATION_CONTEXT('2D SPACE',''
  ) );
#8896 = PCURVE('',#8897,#8902);
#8897 = PLANE('',#8898);
#8898 = AXIS2_PLACEMENT_3D('',#8899,#8900,#8901);
#8899 = CARTESIAN_POINT('',(143.30728127852,-18.,89.962962962963));
#8900 = DIRECTION('',(0.,-0.707106781187,-0.707106781187));
#8901 = DIRECTION('',(0.,0.707106781187,-0.707106781187));
#8902 = DEFINITIONAL_REPRESENTATION('',(#8903),#8907);
#8903 = ELLIPSE('',#8904,8.485281374239,6.);
#8904 = AXIS2_PLACEMENT_2D('',#8905,#8906);
#8905 = CARTESIAN_POINT('',(8.485281374239,-160.3072812785));
#8906 = DIRECTION('',(1.,0.));
#8907 = ( GEOMETRIC_REPRESENTATION_CONTEXT(2) 
PARAMETRIC_REPRESENTATION_CONTEXT() REPRESENTATION_CONTEXT('2D SPACE',''
  ) );
#8908 = ORIENTED_EDGE('',*,*,#8909,.T.);
#8909 = EDGE_CURVE('',#8877,#8910,#8912,.T.);
#8910 = VERTEX_POINT('',#8911);
#8911 = CARTESIAN_POINT('',(-17.,-18.,85.962962962963));
#8912 = SURFACE_CURVE('',#8913,(#8918,#8929),.PCURVE_S1.);
#8913 = ELLIPSE('',#8914,8.485281374239,6.);
#8914 = AXIS2_PLACEMENT_3D('',#8915,#8916,#8917);
#8915 = CARTESIAN_POINT('',(-17.,-12.,91.962962962963));
#8916 = DIRECTION('',(0.,-0.707106781187,0.707106781187));
#8917 = DIRECTION('',(0.,-0.707106781187,-0.707106781187));
#8918 = PCURVE('',#4851,#8919);
#8919 = DEFINITIONAL_REPRESENTATION('',(#8920),#8928);
#8920 = B_SPLINE_CURVE_WITH_KNOTS('',6,(#8921,#8922,#8923,#8924,#8925,
    #8926,#8927),.UNSPECIFIED.,.F.,.F.,(7,7),(5.398241945003,
    6.28318530718),.PIECEWISE_BEZIER_KNOTS.);
#8921 = CARTESIAN_POINT('',(-0.685852964619,20.680673927397));
#8922 = CARTESIAN_POINT('',(-0.833343524981,21.365513115777));
#8923 = CARTESIAN_POINT('',(-0.980834085344,21.951155151527));
#8924 = CARTESIAN_POINT('',(-1.128324645707,22.410794485671));
#8925 = CARTESIAN_POINT('',(-1.275815206069,22.724050115356));
#8926 = CARTESIAN_POINT('',(-1.423305766432,22.880673927397));
#8927 = CARTESIAN_POINT('',(-1.570796326795,22.880673927397));
#8928 = ( GEOMETRIC_REPRESENTATION_CONTEXT(2) 
PARAMETRIC_REPRESENTATION_CONTEXT() REPRESENTATION_CONTEXT('2D SPACE',''
  ) );
#8929 = PCURVE('',#8930,#8935);
#8930 = PLANE('',#8931);
#8931 = AXIS2_PLACEMENT_3D('',#8932,#8933,#8934);
#8932 = CARTESIAN_POINT('',(143.30728127852,-16.,87.962962962963));
#8933 = DIRECTION('',(0.,-0.707106781187,0.707106781187));
#8934 = DIRECTION('',(0.,-0.707106781187,-0.707106781187));
#8935 = DEFINITIONAL_REPRESENTATION('',(#8936),#8940);
#8936 = ELLIPSE('',#8937,8.485281374239,6.);
#8937 = AXIS2_PLACEMENT_2D('',#8938,#8939);
#8938 = CARTESIAN_POINT('',(-5.656854249493,-160.3072812785));
#8939 = DIRECTION('',(1.,0.));
#8940 = ( GEOMETRIC_REPRESENTATION_CONTEXT(2) 
PARAMETRIC_REPRESENTATION_CONTEXT() REPRESENTATION_CONTEXT('2D SPACE',''
  ) );
#8941 = ORIENTED_EDGE('',*,*,#8942,.T.);
#8942 = EDGE_CURVE('',#8910,#8943,#8945,.T.);
#8943 = VERTEX_POINT('',#8944);
#8944 = CARTESIAN_POINT('',(-17.,-18.,85.333333333333));
#8945 = SURFACE_CURVE('',#8946,(#8950,#8957),.PCURVE_S1.);
#8946 = LINE('',#8947,#8948);
#8947 = CARTESIAN_POINT('',(-17.,-18.,108.84363689036));
#8948 = VECTOR('',#8949,1.);
#8949 = DIRECTION('',(0.,-2.2E-16,-1.));
#8950 = PCURVE('',#4851,#8951);
#8951 = DEFINITIONAL_REPRESENTATION('',(#8952),#8956);
#8952 = LINE('',#8953,#8954);
#8953 = CARTESIAN_POINT('',(-1.570796326795,0.));
#8954 = VECTOR('',#8955,1.);
#8955 = DIRECTION('',(-0.,1.));
#8956 = ( GEOMETRIC_REPRESENTATION_CONTEXT(2) 
PARAMETRIC_REPRESENTATION_CONTEXT() REPRESENTATION_CONTEXT('2D SPACE',''
  ) );
#8957 = PCURVE('',#8958,#8963);
#8958 = PLANE('',#8959);
#8959 = AXIS2_PLACEMENT_3D('',#8960,#8961,#8962);
#8960 = CARTESIAN_POINT('',(-6.78021613E-09,-18.,63.352095707312));
#8961 = DIRECTION('',(0.,1.,2.2E-16));
#8962 = DIRECTION('',(0.,-2.2E-16,1.));
#8963 = DEFINITIONAL_REPRESENTATION('',(#8964),#8968);
#8964 = LINE('',#8965,#8966);
#8965 = CARTESIAN_POINT('',(45.491541183049,-16.99999999322));
#8966 = VECTOR('',#8967,1.);
#8967 = DIRECTION('',(-1.,0.));
#8968 = ( GEOMETRIC_REPRESENTATION_CONTEXT(2) 
PARAMETRIC_REPRESENTATION_CONTEXT() REPRESENTATION_CONTEXT('2D SPACE',''
  ) );
#8969 = ORIENTED_EDGE('',*,*,#8970,.T.);
#8970 = EDGE_CURVE('',#8943,#8971,#8973,.T.);
#8971 = VERTEX_POINT('',#8972);
#8972 = CARTESIAN_POINT('',(-21.47213595499,-16.,83.333333333333));
#8973 = SURFACE_CURVE('',#8974,(#8979,#8990),.PCURVE_S1.);
#8974 = ELLIPSE('',#8975,8.485281374239,6.);
#8975 = AXIS2_PLACEMENT_3D('',#8976,#8977,#8978);
#8976 = CARTESIAN_POINT('',(-17.,-12.,79.333333333333));
#8977 = DIRECTION('',(0.,-0.707106781187,-0.707106781187));
#8978 = DIRECTION('',(0.,0.707106781187,-0.707106781187));
#8979 = PCURVE('',#4851,#8980);
#8980 = DEFINITIONAL_REPRESENTATION('',(#8981),#8989);
#8981 = B_SPLINE_CURVE_WITH_KNOTS('',6,(#8982,#8983,#8984,#8985,#8986,
    #8987,#8988),.UNSPECIFIED.,.F.,.F.,(7,7),(3.14159265359,
    4.026536015766),.PIECEWISE_BEZIER_KNOTS.);
#8982 = CARTESIAN_POINT('',(-1.570796326795,23.510303557027));
#8983 = CARTESIAN_POINT('',(-1.423305766432,23.510303557027));
#8984 = CARTESIAN_POINT('',(-1.27581520607,23.666927369068));
#8985 = CARTESIAN_POINT('',(-1.128324645707,23.980182998752));
#8986 = CARTESIAN_POINT('',(-0.980834085344,24.439822332897));
#8987 = CARTESIAN_POINT('',(-0.833343524981,25.025464368648));
#8988 = CARTESIAN_POINT('',(-0.685852964619,25.710303557027));
#8989 = ( GEOMETRIC_REPRESENTATION_CONTEXT(2) 
PARAMETRIC_REPRESENTATION_CONTEXT() REPRESENTATION_CONTEXT('2D SPACE',''
  ) );
#8990 = PCURVE('',#8991,#8996);
#8991 = PLANE('',#8992);
#8992 = AXIS2_PLACEMENT_3D('',#8993,#8994,#8995);
#8993 = CARTESIAN_POINT('',(143.30728127852,-18.,85.333333333333));
#8994 = DIRECTION('',(0.,-0.707106781187,-0.707106781187));
#8995 = DIRECTION('',(0.,0.707106781187,-0.707106781187));
#8996 = DEFINITIONAL_REPRESENTATION('',(#8997),#9001);
#8997 = ELLIPSE('',#8998,8.485281374239,6.);
#8998 = AXIS2_PLACEMENT_2D('',#8999,#9000);
#8999 = CARTESIAN_POINT('',(8.485281374239,-160.3072812785));
#9000 = DIRECTION('',(1.,0.));
#9001 = ( GEOMETRIC_REPRESENTATION_CONTEXT(2) 
PARAMETRIC_REPRESENTATION_CONTEXT() REPRESENTATION_CONTEXT('2D SPACE',''
  ) );
#9002 = ORIENTED_EDGE('',*,*,#9003,.T.);
#9003 = EDGE_CURVE('',#8971,#9004,#9006,.T.);
#9004 = VERTEX_POINT('',#9005);
#9005 = CARTESIAN_POINT('',(-19.50544266765,-17.45185784,81.881475493325
    ));
#9006 = SURFACE_CURVE('',#9007,(#9012,#9023),.PCURVE_S1.);
#9007 = ELLIPSE('',#9008,8.485281374239,6.);
#9008 = AXIS2_PLACEMENT_3D('',#9009,#9010,#9011);
#9009 = CARTESIAN_POINT('',(-17.,-12.,87.333333333334));
#9010 = DIRECTION('',(0.,-0.707106781187,0.707106781187));
#9011 = DIRECTION('',(0.,-0.707106781187,-0.707106781187));
#9012 = PCURVE('',#4851,#9013);
#9013 = DEFINITIONAL_REPRESENTATION('',(#9014),#9022);
#9014 = B_SPLINE_CURVE_WITH_KNOTS('',6,(#9015,#9016,#9017,#9018,#9019,
    #9020,#9021),.UNSPECIFIED.,.F.,.F.,(7,7),(5.398241945003,
    6.28318530718),.PIECEWISE_BEZIER_KNOTS.);
#9015 = CARTESIAN_POINT('',(-0.685852964619,25.310303557027));
#9016 = CARTESIAN_POINT('',(-0.833343524981,25.995142745406));
#9017 = CARTESIAN_POINT('',(-0.980834085344,26.580784781157));
#9018 = CARTESIAN_POINT('',(-1.128324645707,27.0404241153));
#9019 = CARTESIAN_POINT('',(-1.27581520607,27.353679744986));
#9020 = CARTESIAN_POINT('',(-1.423305766432,27.510303557027));
#9021 = CARTESIAN_POINT('',(-1.570796326795,27.510303557027));
#9022 = ( GEOMETRIC_REPRESENTATION_CONTEXT(2) 
PARAMETRIC_REPRESENTATION_CONTEXT() REPRESENTATION_CONTEXT('2D SPACE',''
  ) );
#9023 = PCURVE('',#8252,#9024);
#9024 = DEFINITIONAL_REPRESENTATION('',(#9025),#9029);
#9025 = ELLIPSE('',#9026,8.485281374239,6.);
#9026 = AXIS2_PLACEMENT_2D('',#9027,#9028);
#9027 = CARTESIAN_POINT('',(-5.656854249493,-160.3072812785));
#9028 = DIRECTION('',(1.,0.));
#9029 = ( GEOMETRIC_REPRESENTATION_CONTEXT(2) 
PARAMETRIC_REPRESENTATION_CONTEXT() REPRESENTATION_CONTEXT('2D SPACE',''
  ) );
#9030 = ORIENTED_EDGE('',*,*,#9031,.F.);
#9031 = EDGE_CURVE('',#4813,#9004,#9032,.T.);
#9032 = SURFACE_CURVE('',#9033,(#9041,#9053),.PCURVE_S1.);
#9033 = B_SPLINE_CURVE_WITH_KNOTS('',6,(#9034,#9035,#9036,#9037,#9038,
    #9039,#9040),.UNSPECIFIED.,.F.,.F.,(7,7),(0.,1.),
  .PIECEWISE_BEZIER_KNOTS.);
#9034 = CARTESIAN_POINT('',(-23.,-12.,80.767472786049));
#9035 = CARTESIAN_POINT('',(-23.,-13.57079632679,81.023296756242));
#9036 = CARTESIAN_POINT('',(-22.50663388387,-15.14145900423,
    81.279120726433));
#9037 = CARTESIAN_POINT('',(-21.51914089784,-16.51914089784,
    81.534944696626));
#9038 = CARTESIAN_POINT('',(-20.14145900423,-17.50663388387,
    81.790768666818));
#9039 = CARTESIAN_POINT('',(-18.57079632679,-18.,82.046592637011));
#9040 = CARTESIAN_POINT('',(-17.,-18.,82.302416607203));
#9041 = PCURVE('',#4851,#9042);
#9042 = DEFINITIONAL_REPRESENTATION('',(#9043),#9052);
#9043 = B_SPLINE_CURVE_WITH_KNOTS('',7,(#9044,#9045,#9046,#9047,#9048,
    #9049,#9050,#9051),.UNSPECIFIED.,.F.,.F.,(8,8),(0.,1.),
  .PIECEWISE_BEZIER_KNOTS.);
#9044 = CARTESIAN_POINT('',(0.,28.076164104311));
#9045 = CARTESIAN_POINT('',(-0.224399475256,27.856886415575));
#9046 = CARTESIAN_POINT('',(-0.448780623956,27.637626635102));
#9047 = CARTESIAN_POINT('',(-0.673245198214,27.418285333213));
#9048 = CARTESIAN_POINT('',(-0.897551128581,27.199099054256));
#9049 = CARTESIAN_POINT('',(-1.122015702839,26.979757752367));
#9050 = CARTESIAN_POINT('',(-1.346396851538,26.760497971893));
#9051 = CARTESIAN_POINT('',(-1.570796326795,26.541220283157));
#9052 = ( GEOMETRIC_REPRESENTATION_CONTEXT(2) 
PARAMETRIC_REPRESENTATION_CONTEXT() REPRESENTATION_CONTEXT('2D SPACE',''
  ) );
#9053 = PCURVE('',#8161,#9054);
#9054 = DEFINITIONAL_REPRESENTATION('',(#9055),#9064);
#9055 = B_SPLINE_CURVE_WITH_KNOTS('',7,(#9056,#9057,#9058,#9059,#9060,
    #9061,#9062,#9063),.UNSPECIFIED.,.F.,.F.,(8,8),(0.,1.),
  .PIECEWISE_BEZIER_KNOTS.);
#9056 = CARTESIAN_POINT('',(0.,1.1E-16));
#9057 = CARTESIAN_POINT('',(0.,0.142857142857));
#9058 = CARTESIAN_POINT('',(0.,0.285702619927));
#9059 = CARTESIAN_POINT('',(0.,0.42860120165));
#9060 = CARTESIAN_POINT('',(0.,0.57139879835));
#9061 = CARTESIAN_POINT('',(0.,0.714297380073));
#9062 = CARTESIAN_POINT('',(0.,0.857142857143));
#9063 = CARTESIAN_POINT('',(0.,1.));
#9064 = ( GEOMETRIC_REPRESENTATION_CONTEXT(2) 
PARAMETRIC_REPRESENTATION_CONTEXT() REPRESENTATION_CONTEXT('2D SPACE',''
  ) );
#9065 = ADVANCED_FACE('',(#9066),#4877,.T.);
#9066 = FACE_BOUND('',#9067,.F.);
#9067 = EDGE_LOOP('',(#9068,#9069,#9099,#9100));
#9068 = ORIENTED_EDGE('',*,*,#4983,.T.);
#9069 = ORIENTED_EDGE('',*,*,#9070,.T.);
#9070 = EDGE_CURVE('',#4984,#4836,#9071,.T.);
#9071 = SURFACE_CURVE('',#9072,(#9081,#9092),.PCURVE_S1.);
#9072 = B_SPLINE_CURVE_WITH_KNOTS('',7,(#9073,#9074,#9075,#9076,#9077,
    #9078,#9079,#9080),.UNSPECIFIED.,.F.,.F.,(8,8),(0.,1.),
  .PIECEWISE_BEZIER_KNOTS.);
#9073 = CARTESIAN_POINT('',(-22.24936746166,-12.,109.82187671319));
#9074 = CARTESIAN_POINT('',(-22.43229839234,-12.,109.77286125765));
#9075 = CARTESIAN_POINT('',(-22.60453547221,-12.,109.68393608223));
#9076 = CARTESIAN_POINT('',(-22.75563255306,-12.,109.55790270187));
#9077 = CARTESIAN_POINT('',(-22.87604972985,-12.,109.40097252406));
#9078 = CARTESIAN_POINT('',(-22.95868243711,-12.,109.22240437858));
#9079 = CARTESIAN_POINT('',(-23.,-12.,109.03302073412));
#9080 = CARTESIAN_POINT('',(-23.,-12.,108.84363689036));
#9081 = PCURVE('',#4877,#9082);
#9082 = DEFINITIONAL_REPRESENTATION('',(#9083),#9091);
#9083 = B_SPLINE_CURVE_WITH_KNOTS('',6,(#9084,#9085,#9086,#9087,#9088,
    #9089,#9090),.UNSPECIFIED.,.F.,.F.,(7,7),(0.,1.),
  .PIECEWISE_BEZIER_KNOTS.);
#9084 = CARTESIAN_POINT('',(-1.832591942338,-12.));
#9085 = CARTESIAN_POINT('',(-2.050758436326,-12.));
#9086 = CARTESIAN_POINT('',(-2.268925995239,-12.));
#9087 = CARTESIAN_POINT('',(-2.487092433019,-12.));
#9088 = CARTESIAN_POINT('',(-2.705258870799,-12.));
#9089 = CARTESIAN_POINT('',(-2.923426429712,-12.));
#9090 = CARTESIAN_POINT('',(-3.141592923699,-12.));
#9091 = ( GEOMETRIC_REPRESENTATION_CONTEXT(2) 
PARAMETRIC_REPRESENTATION_CONTEXT() REPRESENTATION_CONTEXT('2D SPACE',''
  ) );
#9092 = PCURVE('',#8412,#9093);
#9093 = DEFINITIONAL_REPRESENTATION('',(#9094),#9098);
#9094 = LINE('',#9095,#9096);
#9095 = CARTESIAN_POINT('',(0.,0.));
#9096 = VECTOR('',#9097,1.);
#9097 = DIRECTION('',(1.,0.));
#9098 = ( GEOMETRIC_REPRESENTATION_CONTEXT(2) 
PARAMETRIC_REPRESENTATION_CONTEXT() REPRESENTATION_CONTEXT('2D SPACE',''
  ) );
#9099 = ORIENTED_EDGE('',*,*,#4863,.F.);
#9100 = ORIENTED_EDGE('',*,*,#4895,.T.);
#9101 = ADVANCED_FACE('',(#9102),#4966,.T.);
#9102 = FACE_BOUND('',#9103,.F.);
#9103 = EDGE_LOOP('',(#9104,#9126,#9127,#9128));
#9104 = ORIENTED_EDGE('',*,*,#9105,.F.);
#9105 = EDGE_CURVE('',#4929,#7168,#9106,.T.);
#9106 = SURFACE_CURVE('',#9107,(#9112,#9119),.PCURVE_S1.);
#9107 = CIRCLE('',#9108,2.);
#9108 = AXIS2_PLACEMENT_3D('',#9109,#9110,#9111);
#9109 = CARTESIAN_POINT('',(-26.67,-9.,65.8876));
#9110 = DIRECTION('',(0.,2.2E-16,1.));
#9111 = DIRECTION('',(-1.,0.,0.));
#9112 = PCURVE('',#4966,#9113);
#9113 = DEFINITIONAL_REPRESENTATION('',(#9114),#9118);
#9114 = LINE('',#9115,#9116);
#9115 = CARTESIAN_POINT('',(8.9E-16,-0.));
#9116 = VECTOR('',#9117,1.);
#9117 = DIRECTION('',(-0.,1.));
#9118 = ( GEOMETRIC_REPRESENTATION_CONTEXT(2) 
PARAMETRIC_REPRESENTATION_CONTEXT() REPRESENTATION_CONTEXT('2D SPACE',''
  ) );
#9119 = PCURVE('',#5097,#9120);
#9120 = DEFINITIONAL_REPRESENTATION('',(#9121),#9125);
#9121 = LINE('',#9122,#9123);
#9122 = CARTESIAN_POINT('',(0.,12.87));
#9123 = VECTOR('',#9124,1.);
#9124 = DIRECTION('',(1.,0.));
#9125 = ( GEOMETRIC_REPRESENTATION_CONTEXT(2) 
PARAMETRIC_REPRESENTATION_CONTEXT() REPRESENTATION_CONTEXT('2D SPACE',''
  ) );
#9126 = ORIENTED_EDGE('',*,*,#4951,.T.);
#9127 = ORIENTED_EDGE('',*,*,#8111,.T.);
#9128 = ORIENTED_EDGE('',*,*,#7167,.F.);
#9129 = ADVANCED_FACE('',(#9130),#5023,.T.);
#9130 = FACE_BOUND('',#9131,.T.);
#9131 = EDGE_LOOP('',(#9132,#9226,#9255,#9370,#9392,#9393));
#9132 = ORIENTED_EDGE('',*,*,#9133,.T.);
#9133 = EDGE_CURVE('',#9134,#9136,#9138,.T.);
#9134 = VERTEX_POINT('',#9135);
#9135 = CARTESIAN_POINT('',(-19.93557004753,-17.21013854437,
    107.69162002586));
#9136 = VERTEX_POINT('',#9137);
#9137 = CARTESIAN_POINT('',(-15.89313218175,-18.,108.48148148148));
#9138 = SURFACE_CURVE('',#9139,(#9166,#9196),.PCURVE_S1.);
#9139 = B_SPLINE_CURVE_WITH_KNOTS('',7,(#9140,#9141,#9142,#9143,#9144,
    #9145,#9146,#9147,#9148,#9149,#9150,#9151,#9152,#9153,#9154,#9155,
    #9156,#9157,#9158,#9159,#9160,#9161,#9162,#9163,#9164,#9165),
  .UNSPECIFIED.,.F.,.F.,(8,6,6,6,8),(0.,0.401686431941,0.444344378676,
    0.780094635217,1.),.UNSPECIFIED.);
#9140 = CARTESIAN_POINT('',(-21.59428676781,-16.89556390919,
    107.37704539068));
#9141 = CARTESIAN_POINT('',(-21.26275699843,-16.93165907294,
    107.41314055442));
#9142 = CARTESIAN_POINT('',(-20.93377339304,-16.98196798399,
    107.46344946547));
#9143 = CARTESIAN_POINT('',(-20.60817779684,-17.04487595383,
    107.52635743531));
#9144 = CARTESIAN_POINT('',(-20.28598462524,-17.11796728763,
    107.59944876911));
#9145 = CARTESIAN_POINT('',(-19.96657387561,-17.19846694664,
    107.67994842812));
#9146 = CARTESIAN_POINT('',(-19.64879946038,-17.28351203345,
    107.76499351493));
#9147 = CARTESIAN_POINT('',(-19.29726483625,-17.37946475284,
    107.86094623432));
#9148 = CARTESIAN_POINT('',(-19.26351748864,-17.38869530363,
    107.87017678512));
#9149 = CARTESIAN_POINT('',(-19.22976908137,-17.39794126774,
    107.87942274922));
#9150 = CARTESIAN_POINT('',(-19.19601786551,-17.40719914755,
    107.88868062903));
#9151 = CARTESIAN_POINT('',(-19.16226208037,-17.41646543288,
    107.89794691436));
#9152 = CARTESIAN_POINT('',(-19.12849995351,-17.42573660095,
    107.90721808243));
#9153 = CARTESIAN_POINT('',(-18.82893230779,-17.50799081579,
    107.98947229727));
#9154 = CARTESIAN_POINT('',(-18.56273681736,-17.58102711642,
    108.0625085979));
#9155 = CARTESIAN_POINT('',(-18.29508389078,-17.65244691528,
    108.13392839676));
#9156 = CARTESIAN_POINT('',(-18.0251353161,-17.72047144546,
    108.20195292694));
#9157 = CARTESIAN_POINT('',(-17.75227440194,-17.7832103293,
    108.26469181078));
#9158 = CARTESIAN_POINT('',(-17.47616389133,-17.83877130611,
    108.3202527876));
#9159 = CARTESIAN_POINT('',(-17.01378625432,-17.91580701671,
    108.39728849819));
#9160 = CARTESIAN_POINT('',(-16.82944150179,-17.94241953325,
    108.42390101474));
#9161 = CARTESIAN_POINT('',(-16.64380053307,-17.96463528639,
    108.44611676787));
#9162 = CARTESIAN_POINT('',(-16.4570248631,-17.9819439564,
    108.46342543788));
#9163 = CARTESIAN_POINT('',(-16.26938287287,-17.99387066766,
    108.47535214915));
#9164 = CARTESIAN_POINT('',(-16.08125387541,-18.,108.48148148148));
#9165 = CARTESIAN_POINT('',(-15.89313218175,-18.,108.48148148148));
#9166 = PCURVE('',#5023,#9167);
#9167 = DEFINITIONAL_REPRESENTATION('',(#9168),#9195);
#9168 = B_SPLINE_CURVE_WITH_KNOTS('',7,(#9169,#9170,#9171,#9172,#9173,
    #9174,#9175,#9176,#9177,#9178,#9179,#9180,#9181,#9182,#9183,#9184,
    #9185,#9186,#9187,#9188,#9189,#9190,#9191,#9192,#9193,#9194),
  .UNSPECIFIED.,.F.,.F.,(8,6,6,6,8),(0.,0.401686431941,0.444344378676,
    0.780094635217,1.),.UNSPECIFIED.);
#9169 = CARTESIAN_POINT('',(1.259012437469,4.095923966066));
#9170 = CARTESIAN_POINT('',(1.16601238105,4.106329248311));
#9171 = CARTESIAN_POINT('',(1.075787555007,4.12101067367));
#9172 = CARTESIAN_POINT('',(0.989559121865,4.139765920176));
#9173 = CARTESIAN_POINT('',(0.908205798089,4.162318628435));
#9174 = CARTESIAN_POINT('',(0.832278310994,4.188380390377));
#9175 = CARTESIAN_POINT('',(0.762043769993,4.217702638113));
#9176 = CARTESIAN_POINT('',(0.690711955701,4.253560897337));
#9177 = CARTESIAN_POINT('',(0.683928982786,4.257038170908));
#9178 = CARTESIAN_POINT('',(0.677211146497,4.260550028074));
#9179 = CARTESIAN_POINT('',(0.67055854163,4.264096248053));
#9180 = CARTESIAN_POINT('',(0.663971244697,4.26767661485));
#9181 = CARTESIAN_POINT('',(0.657449313929,4.271290917251));
#9182 = CARTESIAN_POINT('',(0.600175064214,4.303651712332));
#9183 = CARTESIAN_POINT('',(0.553429326922,4.334442596263));
#9184 = CARTESIAN_POINT('',(0.510732805541,4.367228682244));
#9185 = CARTESIAN_POINT('',(0.472062141045,4.401928219276));
#9186 = CARTESIAN_POINT('',(0.437357580629,4.438447512548));
#9187 = CARTESIAN_POINT('',(0.4065089914,4.476688796975));
#9188 = CARTESIAN_POINT('',(0.361596437629,4.542673285305));
#9189 = CARTESIAN_POINT('',(0.345418477743,4.569478956732));
#9190 = CARTESIAN_POINT('',(0.33080145321,4.596940005492));
#9191 = CARTESIAN_POINT('',(0.317702586609,4.625014118185));
#9192 = CARTESIAN_POINT('',(0.306072158993,4.653652394564));
#9193 = CARTESIAN_POINT('',(0.295853721827,4.682798693738));
#9194 = CARTESIAN_POINT('',(0.286984308906,4.712388980385));
#9195 = ( GEOMETRIC_REPRESENTATION_CONTEXT(2) 
PARAMETRIC_REPRESENTATION_CONTEXT() REPRESENTATION_CONTEXT('2D SPACE',''
  ) );
#9196 = PCURVE('',#8521,#9197);
#9197 = DEFINITIONAL_REPRESENTATION('',(#9198),#9225);
#9198 = B_SPLINE_CURVE_WITH_KNOTS('',7,(#9199,#9200,#9201,#9202,#9203,
    #9204,#9205,#9206,#9207,#9208,#9209,#9210,#9211,#9212,#9213,#9214,
    #9215,#9216,#9217,#9218,#9219,#9220,#9221,#9222,#9223,#9224),
  .UNSPECIFIED.,.F.,.F.,(8,6,6,6,8),(0.,0.401686431941,0.444344378676,
    0.780094635217,1.),.UNSPECIFIED.);
#9199 = CARTESIAN_POINT('',(1.561908498385,-164.9015680463));
#9200 = CARTESIAN_POINT('',(1.510862228283,-164.5700382769));
#9201 = CARTESIAN_POINT('',(1.439714683968,-164.2410546715));
#9202 = CARTESIAN_POINT('',(1.35074937984,-163.9154590753));
#9203 = CARTESIAN_POINT('',(1.24738262428,-163.5932659037));
#9204 = CARTESIAN_POINT('',(1.133538914751,-163.2738551541));
#9205 = CARTESIAN_POINT('',(1.013266999562,-162.9560807389));
#9206 = CARTESIAN_POINT('',(0.877569362456,-162.6045461147));
#9207 = CARTESIAN_POINT('',(0.864515392337,-162.5707987671));
#9208 = CARTESIAN_POINT('',(0.851439624507,-162.5370503598));
#9209 = CARTESIAN_POINT('',(0.83834700532,-162.503299144));
#9210 = CARTESIAN_POINT('',(0.825242498933,-162.4695433588));
#9211 = CARTESIAN_POINT('',(0.812131087301,-162.435781232));
#9212 = CARTESIAN_POINT('',(0.69580606112,-162.1362135863));
#9213 = CARTESIAN_POINT('',(0.592517134218,-161.8700180958));
#9214 = CARTESIAN_POINT('',(0.491514286054,-161.6023651693));
#9215 = CARTESIAN_POINT('',(0.395313072892,-161.3324165946));
#9216 = CARTESIAN_POINT('',(0.306586892483,-161.0595556804));
#9217 = CARTESIAN_POINT('',(0.22801180553,-160.7834451698));
#9218 = CARTESIAN_POINT('',(0.119066858826,-160.3210675328));
#9219 = CARTESIAN_POINT('',(8.143107699391E-02,-160.1367227803));
#9220 = CARTESIAN_POINT('',(5.001325760983E-02,-159.9510818116));
#9221 = CARTESIAN_POINT('',(2.553510173306E-02,-159.7643061416));
#9222 = CARTESIAN_POINT('',(8.668184910107E-03,-159.5766641513));
#9223 = CARTESIAN_POINT('',(-2.84217094304E-14,-159.3885351539));
#9224 = CARTESIAN_POINT('',(-2.84217094304E-14,-159.2004134602));
#9225 = ( GEOMETRIC_REPRESENTATION_CONTEXT(2) 
PARAMETRIC_REPRESENTATION_CONTEXT() REPRESENTATION_CONTEXT('2D SPACE',''
  ) );
#9226 = ORIENTED_EDGE('',*,*,#9227,.F.);
#9227 = EDGE_CURVE('',#9228,#9136,#9230,.T.);
#9228 = VERTEX_POINT('',#9229);
#9229 = CARTESIAN_POINT('',(-15.70516999116,-18.,109.11111111111));
#9230 = SURFACE_CURVE('',#9231,(#9236,#9243),.PCURVE_S1.);
#9231 = CIRCLE('',#9232,7.012747080441);
#9232 = AXIS2_PLACEMENT_3D('',#9233,#9234,#9235);
#9233 = CARTESIAN_POINT('',(-22.51148200377,-18.,110.80011626246));
#9234 = DIRECTION('',(0.,1.,0.));
#9235 = DIRECTION('',(0.998750846393,0.,-4.996745770413E-02));
#9236 = PCURVE('',#5023,#9237);
#9237 = DEFINITIONAL_REPRESENTATION('',(#9238),#9242);
#9238 = LINE('',#9239,#9240);
#9239 = CARTESIAN_POINT('',(0.,4.712388980385));
#9240 = VECTOR('',#9241,1.);
#9241 = DIRECTION('',(1.,0.));
#9242 = ( GEOMETRIC_REPRESENTATION_CONTEXT(2) 
PARAMETRIC_REPRESENTATION_CONTEXT() REPRESENTATION_CONTEXT('2D SPACE',''
  ) );
#9243 = PCURVE('',#9244,#9249);
#9244 = PLANE('',#9245);
#9245 = AXIS2_PLACEMENT_3D('',#9246,#9247,#9248);
#9246 = CARTESIAN_POINT('',(-6.78021613E-09,-18.,63.352095707312));
#9247 = DIRECTION('',(0.,1.,2.2E-16));
#9248 = DIRECTION('',(0.,-2.2E-16,1.));
#9249 = DEFINITIONAL_REPRESENTATION('',(#9250),#9254);
#9250 = CIRCLE('',#9251,7.012747080441);
#9251 = AXIS2_PLACEMENT_2D('',#9252,#9253);
#9252 = CARTESIAN_POINT('',(47.448020555157,-22.51148199699));
#9253 = DIRECTION('',(-4.996745770413E-02,0.998750846393));
#9254 = ( GEOMETRIC_REPRESENTATION_CONTEXT(2) 
PARAMETRIC_REPRESENTATION_CONTEXT() REPRESENTATION_CONTEXT('2D SPACE',''
  ) );
#9255 = ORIENTED_EDGE('',*,*,#9256,.T.);
#9256 = EDGE_CURVE('',#9228,#9257,#9259,.T.);
#9257 = VERTEX_POINT('',#9258);
#9258 = CARTESIAN_POINT('',(-19.51499976799,-16.46090871346,
    110.65020239764));
#9259 = SURFACE_CURVE('',#9260,(#9293,#9329),.PCURVE_S1.);
#9260 = B_SPLINE_CURVE_WITH_KNOTS('',6,(#9261,#9262,#9263,#9264,#9265,
    #9266,#9267,#9268,#9269,#9270,#9271,#9272,#9273,#9274,#9275,#9276,
    #9277,#9278,#9279,#9280,#9281,#9282,#9283,#9284,#9285,#9286,#9287,
    #9288,#9289,#9290,#9291,#9292),.UNSPECIFIED.,.F.,.F.,(7,5,5,5,5,5,7)
  ,(0.,0.136597273707,0.369331690794,0.580733684669,0.661253247051,
    0.781084861505,1.),.UNSPECIFIED.);
#9261 = CARTESIAN_POINT('',(-15.70516999116,-18.,109.11111111111));
#9262 = CARTESIAN_POINT('',(-15.80945370114,-18.,109.11111111111));
#9263 = CARTESIAN_POINT('',(-15.91373284312,-17.99795113423,
    109.11315997687));
#9264 = CARTESIAN_POINT('',(-16.01790702526,-17.99382454559,
    109.11728656551));
#9265 = CARTESIAN_POINT('',(-16.12187052584,-17.98759457489,
    109.12351653621));
#9266 = CARTESIAN_POINT('',(-16.22551254042,-17.97924040414,
    109.13187070697));
#9267 = CARTESIAN_POINT('',(-16.50455790476,-17.95087023173,
    109.16024087937));
#9268 = CARTESIAN_POINT('',(-16.67914299642,-17.92678343572,
    109.18432767538));
#9269 = CARTESIAN_POINT('',(-16.85187826268,-17.89641711986,
    109.21469399125));
#9270 = CARTESIAN_POINT('',(-17.02216393418,-17.85976025327,
    109.25135085783));
#9271 = CARTESIAN_POINT('',(-17.18940194887,-17.81687561665,
    109.29423549445));
#9272 = CARTESIAN_POINT('',(-17.50164192292,-17.72351900605,
    109.38759210505));
#9273 = CARTESIAN_POINT('',(-17.64729762336,-17.67409649714,
    109.43701461396));
#9274 = CARTESIAN_POINT('',(-17.78954577302,-17.619833487,109.4912776241
    ));
#9275 = CARTESIAN_POINT('',(-17.92803558135,-17.56094306235,
    109.55016804875));
#9276 = CARTESIAN_POINT('',(-18.06251579499,-17.49771444345,
    109.61339666765));
#9277 = CARTESIAN_POINT('',(-18.242482673,-17.40492915229,
    109.70618195881));
#9278 = CARTESIAN_POINT('',(-18.29152142579,-17.37876058857,
    109.73235052253));
#9279 = CARTESIAN_POINT('',(-18.33995268227,-17.35203610069,
    109.75907501041));
#9280 = CARTESIAN_POINT('',(-18.38777292198,-17.32477674222,
    109.78633436888));
#9281 = CARTESIAN_POINT('',(-18.43498180459,-17.2970045788,
    109.8141065323));
#9282 = CARTESIAN_POINT('',(-18.55093422349,-17.22668249927,
    109.88442861183));
#9283 = CARTESIAN_POINT('',(-18.61893886367,-17.18353736048,
    109.92757375062));
#9284 = CARTESIAN_POINT('',(-18.68560510239,-17.13938310257,
    109.97172800853));
#9285 = CARTESIAN_POINT('',(-18.75095924711,-17.09429862805,
    110.01681248305));
#9286 = CARTESIAN_POINT('',(-18.81504302559,-17.04836451226,
    110.06274659884));
#9287 = CARTESIAN_POINT('',(-18.99276376324,-16.91634210409,
    110.19476900701));
#9288 = CARTESIAN_POINT('',(-19.10355531077,-16.82846042355,
    110.28265068755));
#9289 = CARTESIAN_POINT('',(-19.21063716868,-16.73850116791,
    110.37260994319));
#9290 = CARTESIAN_POINT('',(-19.31450057973,-16.64695143606,
    110.46415967504));
#9291 = CARTESIAN_POINT('',(-19.41573731385,-16.55427870491,
    110.55683240619));
#9292 = CARTESIAN_POINT('',(-19.51499976799,-16.46090871346,
    110.65020239764));
#9293 = PCURVE('',#5023,#9294);
#9294 = DEFINITIONAL_REPRESENTATION('',(#9295),#9328);
#9295 = B_SPLINE_CURVE_WITH_KNOTS('',6,(#9296,#9297,#9298,#9299,#9300,
    #9301,#9302,#9303,#9304,#9305,#9306,#9307,#9308,#9309,#9310,#9311,
    #9312,#9313,#9314,#9315,#9316,#9317,#9318,#9319,#9320,#9321,#9322,
    #9323,#9324,#9325,#9326,#9327),.UNSPECIFIED.,.F.,.F.,(7,5,5,5,5,5,7)
  ,(0.,0.136597273707,0.369331690794,0.580733684669,0.661253247051,
    0.781084861505,1.),.UNSPECIFIED.);
#9296 = CARTESIAN_POINT('',(0.19325106182,4.712388980385));
#9297 = CARTESIAN_POINT('',(0.196832612452,4.69551999738));
#9298 = CARTESIAN_POINT('',(0.200254504846,4.678587497361));
#9299 = CARTESIAN_POINT('',(0.203499883478,4.66159375901));
#9300 = CARTESIAN_POINT('',(0.20654977174,4.644541676137));
#9301 = CARTESIAN_POINT('',(0.209382811332,4.62743503591));
#9302 = CARTESIAN_POINT('',(0.216391575157,4.581047999631));
#9303 = CARTESIAN_POINT('',(0.220109354545,4.55167098023));
#9304 = CARTESIAN_POINT('',(0.223008735766,4.522175971551));
#9305 = CARTESIAN_POINT('',(0.22495035217,4.49259602414));
#9306 = CARTESIAN_POINT('',(0.225768560695,4.462973435964));
#9307 = CARTESIAN_POINT('',(0.22484085784,4.406478601688));
#9308 = CARTESIAN_POINT('',(0.223322839121,4.379599429357));
#9309 = CARTESIAN_POINT('',(0.22059348895,4.352779542133));
#9310 = CARTESIAN_POINT('',(0.216505347358,4.326066808726));
#9311 = CARTESIAN_POINT('',(0.210908340009,4.29951286803));
#9312 = CARTESIAN_POINT('',(0.200898865425,4.263145862974));
#9313 = CARTESIAN_POINT('',(0.197898346261,4.253146161339));
#9314 = CARTESIAN_POINT('',(0.19465021595,4.243180725449));
#9315 = CARTESIAN_POINT('',(0.191146702869,4.233252490869));
#9316 = CARTESIAN_POINT('',(0.18738022934,4.223364327785));
#9317 = CARTESIAN_POINT('',(0.1773356991,4.198866991556));
#9318 = CARTESIAN_POINT('',(0.170729223934,4.184309828667));
#9319 = CARTESIAN_POINT('',(0.163499766092,4.169856819067));
#9320 = CARTESIAN_POINT('',(0.155624291188,4.155516505895));
#9321 = CARTESIAN_POINT('',(0.14708114987,4.141296724614));
#9322 = CARTESIAN_POINT('',(0.120986799423,4.10146036704));
#9323 = CARTESIAN_POINT('',(0.101829136771,4.076143336822));
#9324 = CARTESIAN_POINT('',(8.025179403994E-02,4.051294172798));
#9325 = CARTESIAN_POINT('',(5.614951621632E-02,4.026946904853));
#9326 = CARTESIAN_POINT('',(2.942889911332E-02,4.00312858104));
#9327 = CARTESIAN_POINT('',(0.,3.979858900387));
#9328 = ( GEOMETRIC_REPRESENTATION_CONTEXT(2) 
PARAMETRIC_REPRESENTATION_CONTEXT() REPRESENTATION_CONTEXT('2D SPACE',''
  ) );
#9329 = PCURVE('',#9330,#9335);
#9330 = PLANE('',#9331);
#9331 = AXIS2_PLACEMENT_3D('',#9332,#9333,#9334);
#9332 = CARTESIAN_POINT('',(143.30728127852,-16.,111.11111111111));
#9333 = DIRECTION('',(0.,-0.707106781187,0.707106781187));
#9334 = DIRECTION('',(0.,-0.707106781187,-0.707106781187));
#9335 = DEFINITIONAL_REPRESENTATION('',(#9336),#9369);
#9336 = B_SPLINE_CURVE_WITH_KNOTS('',6,(#9337,#9338,#9339,#9340,#9341,
    #9342,#9343,#9344,#9345,#9346,#9347,#9348,#9349,#9350,#9351,#9352,
    #9353,#9354,#9355,#9356,#9357,#9358,#9359,#9360,#9361,#9362,#9363,
    #9364,#9365,#9366,#9367,#9368),.UNSPECIFIED.,.F.,.F.,(7,5,5,5,5,5,7)
  ,(0.,0.136597273707,0.369331690794,0.580733684669,0.661253247051,
    0.781084861505,1.),.UNSPECIFIED.);
#9337 = CARTESIAN_POINT('',(2.828427124746,-159.0124512696));
#9338 = CARTESIAN_POINT('',(2.828427124746,-159.1167349796));
#9339 = CARTESIAN_POINT('',(2.825529590989,-159.2210141216));
#9340 = CARTESIAN_POINT('',(2.819693713372,-159.3251883037));
#9341 = CARTESIAN_POINT('',(2.810883204311,-159.4291518043));
#9342 = CARTESIAN_POINT('',(2.799068622732,-159.5327938189));
#9343 = CARTESIAN_POINT('',(2.758947140145,-159.8118391832));
#9344 = CARTESIAN_POINT('',(2.724883266563,-159.9864242749));
#9345 = CARTESIAN_POINT('',(2.681938810824,-160.1591595412));
#9346 = CARTESIAN_POINT('',(2.630098172942,-160.3294452127));
#9347 = CARTESIAN_POINT('',(2.569450138222,-160.4966832273));
#9348 = CARTESIAN_POINT('',(2.437423953366,-160.8089232014));
#9349 = CARTESIAN_POINT('',(2.36752997098,-160.9545789018));
#9350 = CARTESIAN_POINT('',(2.29079048611,-161.0968270515));
#9351 = CARTESIAN_POINT('',(2.207506848874,-161.2353168598));
#9352 = CARTESIAN_POINT('',(2.118088078498,-161.3697970735));
#9353 = CARTESIAN_POINT('',(1.986869861352,-161.5497639515));
#9354 = CARTESIAN_POINT('',(1.94986192363,-161.5988027043));
#9355 = CARTESIAN_POINT('',(1.912067790418,-161.6472339607));
#9356 = CARTESIAN_POINT('',(1.873517235976,-161.6950542005));
#9357 = CARTESIAN_POINT('',(1.834241465801,-161.7422630831));
#9358 = CARTESIAN_POINT('',(1.734791027207,-161.858215502));
#9359 = CARTESIAN_POINT('',(1.673774586774,-161.9262201422));
#9360 = CARTESIAN_POINT('',(1.611331036404,-161.9928863809));
#9361 = CARTESIAN_POINT('',(1.547571961085,-162.0582405256));
#9362 = CARTESIAN_POINT('',(1.48261131156,-162.1223243041));
#9363 = CARTESIAN_POINT('',(1.295903431387,-162.3000450417));
#9364 = CARTESIAN_POINT('',(1.171619966883,-162.4108365893));
#9365 = CARTESIAN_POINT('',(1.0443983675,-162.5179184472));
#9366 = CARTESIAN_POINT('',(0.914927495085,-162.6217818582));
#9367 = CARTESIAN_POINT('',(0.783868461829,-162.7230185923));
#9368 = CARTESIAN_POINT('',(0.651823353598,-162.8222810465));
#9369 = ( GEOMETRIC_REPRESENTATION_CONTEXT(2) 
PARAMETRIC_REPRESENTATION_CONTEXT() REPRESENTATION_CONTEXT('2D SPACE',''
  ) );
#9370 = ORIENTED_EDGE('',*,*,#9371,.F.);
#9371 = EDGE_CURVE('',#5007,#9257,#9372,.T.);
#9372 = SURFACE_CURVE('',#9373,(#9378,#9385),.PCURVE_S1.);
#9373 = CIRCLE('',#9374,6.);
#9374 = AXIS2_PLACEMENT_3D('',#9375,#9376,#9377);
#9375 = CARTESIAN_POINT('',(-15.50749492164,-12.,110.44970711933));
#9376 = DIRECTION('',(4.996745770414E-02,0.,0.998750846393));
#9377 = DIRECTION('',(-0.998750846393,0.,4.996745770414E-02));
#9378 = PCURVE('',#5023,#9379);
#9379 = DEFINITIONAL_REPRESENTATION('',(#9380),#9384);
#9380 = LINE('',#9381,#9382);
#9381 = CARTESIAN_POINT('',(0.,3.14159265359));
#9382 = VECTOR('',#9383,1.);
#9383 = DIRECTION('',(0.,1.));
#9384 = ( GEOMETRIC_REPRESENTATION_CONTEXT(2) 
PARAMETRIC_REPRESENTATION_CONTEXT() REPRESENTATION_CONTEXT('2D SPACE',''
  ) );
#9385 = PCURVE('',#5182,#9386);
#9386 = DEFINITIONAL_REPRESENTATION('',(#9387),#9391);
#9387 = LINE('',#9388,#9389);
#9388 = CARTESIAN_POINT('',(1.520808053013,0.));
#9389 = VECTOR('',#9390,1.);
#9390 = DIRECTION('',(0.,1.));
#9391 = ( GEOMETRIC_REPRESENTATION_CONTEXT(2) 
PARAMETRIC_REPRESENTATION_CONTEXT() REPRESENTATION_CONTEXT('2D SPACE',''
  ) );
#9392 = ORIENTED_EDGE('',*,*,#5006,.T.);
#9393 = ORIENTED_EDGE('',*,*,#9394,.T.);
#9394 = EDGE_CURVE('',#4984,#9134,#9395,.T.);
#9395 = SURFACE_CURVE('',#9396,(#9404,#9410),.PCURVE_S1.);
#9396 = B_SPLINE_CURVE_WITH_KNOTS('',6,(#9397,#9398,#9399,#9400,#9401,
    #9402,#9403),.UNSPECIFIED.,.F.,.F.,(7,7),(0.,1.),
  .PIECEWISE_BEZIER_KNOTS.);
#9397 = CARTESIAN_POINT('',(-22.24936746165,-12.,109.8218767132));
#9398 = CARTESIAN_POINT('',(-22.14463183936,-13.57079632679,
    109.84994011515));
#9399 = CARTESIAN_POINT('',(-21.9154923821,-15.14145900423,
    109.41569353129));
#9400 = CARTESIAN_POINT('',(-21.33668200983,-16.51914089784,
    108.57398535716));
#9401 = CARTESIAN_POINT('',(-20.22387943936,-17.50663388387,
    107.60223530602));
#9402 = CARTESIAN_POINT('',(-18.69877716679,-18.,106.84513908027));
#9403 = CARTESIAN_POINT('',(-17.,-18.,106.46396731019));
#9404 = PCURVE('',#5023,#9405);
#9405 = DEFINITIONAL_REPRESENTATION('',(#9406),#9409);
#9406 = B_SPLINE_CURVE_WITH_KNOTS('',1,(#9407,#9408),.UNSPECIFIED.,.F.,
  .F.,(2,2),(0.,1.),.PIECEWISE_BEZIER_KNOTS.);
#9407 = CARTESIAN_POINT('',(1.259012437469,3.14159265359));
#9408 = CARTESIAN_POINT('',(0.61661995375,4.712388980385));
#9409 = ( GEOMETRIC_REPRESENTATION_CONTEXT(2) 
PARAMETRIC_REPRESENTATION_CONTEXT() REPRESENTATION_CONTEXT('2D SPACE',''
  ) );
#9410 = PCURVE('',#8412,#9411);
#9411 = DEFINITIONAL_REPRESENTATION('',(#9412),#9421);
#9412 = B_SPLINE_CURVE_WITH_KNOTS('',7,(#9413,#9414,#9415,#9416,#9417,
    #9418,#9419,#9420),.UNSPECIFIED.,.F.,.F.,(8,8),(0.,1.),
  .PIECEWISE_BEZIER_KNOTS.);
#9413 = CARTESIAN_POINT('',(0.,-6.E-17));
#9414 = CARTESIAN_POINT('',(0.,0.138937812503));
#9415 = CARTESIAN_POINT('',(0.,0.277850113227));
#9416 = CARTESIAN_POINT('',(0.,0.417215259685));
#9417 = CARTESIAN_POINT('',(0.,0.556908480502));
#9418 = CARTESIAN_POINT('',(0.,0.69915961656));
#9419 = CARTESIAN_POINT('',(0.,0.846390886336));
#9420 = CARTESIAN_POINT('',(0.,1.));
#9421 = ( GEOMETRIC_REPRESENTATION_CONTEXT(2) 
PARAMETRIC_REPRESENTATION_CONTEXT() REPRESENTATION_CONTEXT('2D SPACE',''
  ) );
#9422 = ADVANCED_FACE('',(#9423),#5097,.T.);
#9423 = FACE_BOUND('',#9424,.T.);
#9424 = EDGE_LOOP('',(#9425,#9447,#9448,#9449));
#9425 = ORIENTED_EDGE('',*,*,#9426,.T.);
#9426 = EDGE_CURVE('',#5061,#7192,#9427,.T.);
#9427 = SURFACE_CURVE('',#9428,(#9433,#9440),.PCURVE_S1.);
#9428 = CIRCLE('',#9429,2.);
#9429 = AXIS2_PLACEMENT_3D('',#9430,#9431,#9432);
#9430 = CARTESIAN_POINT('',(-26.67,-9.,53.0176));
#9431 = DIRECTION('',(1.7E-16,0.,1.));
#9432 = DIRECTION('',(-1.,0.,1.7E-16));
#9433 = PCURVE('',#5097,#9434);
#9434 = DEFINITIONAL_REPRESENTATION('',(#9435),#9439);
#9435 = LINE('',#9436,#9437);
#9436 = CARTESIAN_POINT('',(0.,-3.11E-15));
#9437 = VECTOR('',#9438,1.);
#9438 = DIRECTION('',(1.,0.));
#9439 = ( GEOMETRIC_REPRESENTATION_CONTEXT(2) 
PARAMETRIC_REPRESENTATION_CONTEXT() REPRESENTATION_CONTEXT('2D SPACE',''
  ) );
#9440 = PCURVE('',#5237,#9441);
#9441 = DEFINITIONAL_REPRESENTATION('',(#9442),#9446);
#9442 = LINE('',#9443,#9444);
#9443 = CARTESIAN_POINT('',(-0.698131700767,0.));
#9444 = VECTOR('',#9445,1.);
#9445 = DIRECTION('',(-0.,1.));
#9446 = ( GEOMETRIC_REPRESENTATION_CONTEXT(2) 
PARAMETRIC_REPRESENTATION_CONTEXT() REPRESENTATION_CONTEXT('2D SPACE',''
  ) );
#9447 = ORIENTED_EDGE('',*,*,#7191,.T.);
#9448 = ORIENTED_EDGE('',*,*,#9105,.F.);
#9449 = ORIENTED_EDGE('',*,*,#5083,.F.);
#9450 = ADVANCED_FACE('',(#9451),#5182,.T.);
#9451 = FACE_BOUND('',#9452,.T.);
#9452 = EDGE_LOOP('',(#9453,#9534,#9556,#9557,#9558,#9620,#9705,#9738,
    #9868,#9965,#9998));
#9453 = ORIENTED_EDGE('',*,*,#9454,.T.);
#9454 = EDGE_CURVE('',#9455,#9457,#9459,.T.);
#9455 = VERTEX_POINT('',#9456);
#9456 = CARTESIAN_POINT('',(-15.11838064388,-16.,120.37037037037));
#9457 = VERTEX_POINT('',#9458);
#9458 = CARTESIAN_POINT('',(-6.518737304106,-17.34858005373,
    121.7189504241));
#9459 = SURFACE_CURVE('',#9460,(#9481,#9505),.PCURVE_S1.);
#9460 = B_SPLINE_CURVE_WITH_KNOTS('',7,(#9461,#9462,#9463,#9464,#9465,
    #9466,#9467,#9468,#9469,#9470,#9471,#9472,#9473,#9474,#9475,#9476,
    #9477,#9478,#9479,#9480),.UNSPECIFIED.,.F.,.F.,(8,6,6,8),(0.,
    1.333335225811E-02,0.53301706099,1.),.UNSPECIFIED.);
#9461 = CARTESIAN_POINT('',(-15.61282941087,-15.8,120.17037037037));
#9462 = CARTESIAN_POINT('',(-15.59739680582,-15.80657791098,
    120.17694828135));
#9463 = CARTESIAN_POINT('',(-15.58194820676,-15.8131372353,
    120.18350760567));
#9464 = CARTESIAN_POINT('',(-15.56648371534,-15.81967796321,
    120.19004833359));
#9465 = CARTESIAN_POINT('',(-15.55100342265,-15.82620009242,
    120.19657046279));
#9466 = CARTESIAN_POINT('',(-15.53550740922,-15.83270362804,
    120.20307399841));
#9467 = CARTESIAN_POINT('',(-15.51999574499,-15.83918858267,
    120.20955895304));
#9468 = CARTESIAN_POINT('',(-14.89927471291,-16.09769057535,
    120.46806094572));
#9469 = CARTESIAN_POINT('',(-14.27049861948,-16.32148216357,
    120.69185253394));
#9470 = CARTESIAN_POINT('',(-13.6227109226,-16.51752923054,
    120.88789960091));
#9471 = CARTESIAN_POINT('',(-12.95999464319,-16.68689280893,
    121.0572631793));
#9472 = CARTESIAN_POINT('',(-12.28588401512,-16.83107801173,
    121.2014483821));
#9473 = CARTESIAN_POINT('',(-11.60330704484,-16.95190766054,
    121.32227803091));
#9474 = CARTESIAN_POINT('',(-10.2953761861,-17.14033604933,
    121.5107064197));
#9475 = CARTESIAN_POINT('',(-9.671379713166,-17.21207008947,
    121.58244045984));
#9476 = CARTESIAN_POINT('',(-9.04382012646,-17.26768071086,
    121.63805108123));
#9477 = CARTESIAN_POINT('',(-8.413899425662,-17.30838418672,
    121.67875455709));
#9478 = CARTESIAN_POINT('',(-7.782613159795,-17.33517939505,
    121.70554976542));
#9479 = CARTESIAN_POINT('',(-7.150719728227,-17.34858005373,
    121.7189504241));
#9480 = CARTESIAN_POINT('',(-6.518737304106,-17.34858005373,
    121.7189504241));
#9481 = PCURVE('',#5182,#9482);
#9482 = DEFINITIONAL_REPRESENTATION('',(#9483),#9504);
#9483 = B_SPLINE_CURVE_WITH_KNOTS('',7,(#9484,#9485,#9486,#9487,#9488,
    #9489,#9490,#9491,#9492,#9493,#9494,#9495,#9496,#9497,#9498,#9499,
    #9500,#9501,#9502,#9503),.UNSPECIFIED.,.F.,.F.,(8,6,6,8),(0.,
    1.333335225811E-02,0.53301706099,1.),.UNSPECIFIED.);
#9484 = CARTESIAN_POINT('',(0.729587130132,0.685853171334));
#9485 = CARTESIAN_POINT('',(0.728422540504,0.687269824991));
#9486 = CARTESIAN_POINT('',(0.727257212724,0.68868425897));
#9487 = CARTESIAN_POINT('',(0.726090841151,0.690096601382));
#9488 = CARTESIAN_POINT('',(0.724923259035,0.691506919916));
#9489 = CARTESIAN_POINT('',(0.723754438513,0.692915221838));
#9490 = CARTESIAN_POINT('',(0.722584490616,0.694321453989));
#9491 = CARTESIAN_POINT('',(0.675779315344,0.750450021694));
#9492 = CARTESIAN_POINT('',(0.628567517395,0.801959393589));
#9493 = CARTESIAN_POINT('',(0.579695770507,0.85001239334));
#9494 = CARTESIAN_POINT('',(0.529108821574,0.894305332384));
#9495 = CARTESIAN_POINT('',(0.476795153906,0.934465338557));
#9496 = CARTESIAN_POINT('',(0.422832992039,0.970069791556));
#9497 = CARTESIAN_POINT('',(0.317561574763,1.02825929847));
#9498 = CARTESIAN_POINT('',(0.266549455564,1.05179218624));
#9499 = CARTESIAN_POINT('',(0.214456240793,1.071037177283));
#9500 = CARTESIAN_POINT('',(0.161464738743,1.085707798797));
#9501 = CARTESIAN_POINT('',(0.107848818806,1.095562420581));
#9502 = CARTESIAN_POINT('',(5.392824453123E-02,1.10049108967));
#9503 = CARTESIAN_POINT('',(0.,1.10049108967));
#9504 = ( GEOMETRIC_REPRESENTATION_CONTEXT(2) 
PARAMETRIC_REPRESENTATION_CONTEXT() REPRESENTATION_CONTEXT('2D SPACE',''
  ) );
#9505 = PCURVE('',#9506,#9511);
#9506 = PLANE('',#9507);
#9507 = AXIS2_PLACEMENT_3D('',#9508,#9509,#9510);
#9508 = CARTESIAN_POINT('',(143.30728127852,-18.,122.37037037037));
#9509 = DIRECTION('',(0.,-0.707106781187,-0.707106781187));
#9510 = DIRECTION('',(0.,0.707106781187,-0.707106781187));
#9511 = DEFINITIONAL_REPRESENTATION('',(#9512),#9533);
#9512 = B_SPLINE_CURVE_WITH_KNOTS('',7,(#9513,#9514,#9515,#9516,#9517,
    #9518,#9519,#9520,#9521,#9522,#9523,#9524,#9525,#9526,#9527,#9528,
    #9529,#9530,#9531,#9532),.UNSPECIFIED.,.F.,.F.,(8,6,6,8),(0.,
    1.333335225811E-02,0.53301706099,1.),.UNSPECIFIED.);
#9513 = CARTESIAN_POINT('',(3.111269837221,-158.9201106894));
#9514 = CARTESIAN_POINT('',(3.101967266297,-158.9046780843));
#9515 = CARTESIAN_POINT('',(3.092690980882,-158.8892294852));
#9516 = CARTESIAN_POINT('',(3.083440994756,-158.8737649938));
#9517 = CARTESIAN_POINT('',(3.074217311181,-158.8582847011));
#9518 = CARTESIAN_POINT('',(3.065019922895,-158.8427886877));
#9519 = CARTESIAN_POINT('',(3.055848812118,-158.8272770235));
#9520 = CARTESIAN_POINT('',(2.690271788168,-158.2065559914));
#9521 = CARTESIAN_POINT('',(2.373782688957,-157.577779898));
#9522 = CARTESIAN_POINT('',(2.09653026799,-156.9299922011));
#9523 = CARTESIAN_POINT('',(1.857013998453,-156.2672759217));
#9524 = CARTESIAN_POINT('',(1.65310532916,-155.5931652936));
#9525 = CARTESIAN_POINT('',(1.48222640108,-154.9105883233));
#9526 = CARTESIAN_POINT('',(1.215748418108,-153.6026574646));
#9527 = CARTESIAN_POINT('',(1.114301165667,-152.9786609916));
#9528 = CARTESIAN_POINT('',(1.035655870687,-152.3511014049));
#9529 = CARTESIAN_POINT('',(0.97809246308,-151.7211807041));
#9530 = CARTESIAN_POINT('',(0.940198316065,-151.0898944383));
#9531 = CARTESIAN_POINT('',(0.921246922804,-150.4580010067));
#9532 = CARTESIAN_POINT('',(0.921246922804,-149.8260185826));
#9533 = ( GEOMETRIC_REPRESENTATION_CONTEXT(2) 
PARAMETRIC_REPRESENTATION_CONTEXT() REPRESENTATION_CONTEXT('2D SPACE',''
  ) );
#9534 = ORIENTED_EDGE('',*,*,#9535,.F.);
#9535 = EDGE_CURVE('',#5145,#9457,#9536,.T.);
#9536 = SURFACE_CURVE('',#9537,(#9542,#9549),.PCURVE_S1.);
#9537 = CIRCLE('',#9538,6.);
#9538 = AXIS2_PLACEMENT_3D('',#9539,#9540,#9541);
#9539 = CARTESIAN_POINT('',(-6.518737304106,-12.,119.));
#9540 = DIRECTION('',(1.,0.,-0.));
#9541 = DIRECTION('',(0.,2.2E-16,1.));
#9542 = PCURVE('',#5182,#9543);
#9543 = DEFINITIONAL_REPRESENTATION('',(#9544),#9548);
#9544 = LINE('',#9545,#9546);
#9545 = CARTESIAN_POINT('',(0.,0.));
#9546 = VECTOR('',#9547,1.);
#9547 = DIRECTION('',(0.,1.));
#9548 = ( GEOMETRIC_REPRESENTATION_CONTEXT(2) 
PARAMETRIC_REPRESENTATION_CONTEXT() REPRESENTATION_CONTEXT('2D SPACE',''
  ) );
#9549 = PCURVE('',#5271,#9550);
#9550 = DEFINITIONAL_REPRESENTATION('',(#9551),#9555);
#9551 = LINE('',#9552,#9553);
#9552 = CARTESIAN_POINT('',(-0.,13.037474608212));
#9553 = VECTOR('',#9554,1.);
#9554 = DIRECTION('',(-1.,0.));
#9555 = ( GEOMETRIC_REPRESENTATION_CONTEXT(2) 
PARAMETRIC_REPRESENTATION_CONTEXT() REPRESENTATION_CONTEXT('2D SPACE',''
  ) );
#9556 = ORIENTED_EDGE('',*,*,#5167,.T.);
#9557 = ORIENTED_EDGE('',*,*,#9371,.T.);
#9558 = ORIENTED_EDGE('',*,*,#9559,.F.);
#9559 = EDGE_CURVE('',#9560,#9257,#9562,.T.);
#9560 = VERTEX_POINT('',#9561);
#9561 = CARTESIAN_POINT('',(-19.94497576797,-16.,111.11111111111));
#9562 = SURFACE_CURVE('',#9563,(#9580,#9600),.PCURVE_S1.);
#9563 = B_SPLINE_CURVE_WITH_KNOTS('',8,(#9564,#9565,#9566,#9567,#9568,
    #9569,#9570,#9571,#9572,#9573,#9574,#9575,#9576,#9577,#9578,#9579),
  .UNSPECIFIED.,.F.,.F.,(9,7,9),(0.,0.136362471203,1.),.UNSPECIFIED.);
#9564 = CARTESIAN_POINT('',(-20.09886736133,-15.8,111.31111111111));
#9565 = CARTESIAN_POINT('',(-20.095401292,-15.80477651996,
    111.30633459114));
#9566 = CARTESIAN_POINT('',(-20.08768591705,-15.815393825,111.2957172861
    ));
#9567 = CARTESIAN_POINT('',(-20.07842741726,-15.82805617573,
    111.28305493538));
#9568 = CARTESIAN_POINT('',(-20.0692952714,-15.84035744937,
    111.27075366173));
#9569 = CARTESIAN_POINT('',(-20.06116302525,-15.85125100903,
    111.25986010208));
#9570 = CARTESIAN_POINT('',(-20.05392556287,-15.86088128968,
    111.25022982143));
#9571 = CARTESIAN_POINT('',(-20.04665614286,-15.87052423316,
    111.24058687794));
#9572 = CARTESIAN_POINT('',(-19.97997646051,-15.95810790845,
    111.15300320266));
#9573 = CARTESIAN_POINT('',(-19.92015750903,-16.03289103277,
    111.07822007833));
#9574 = CARTESIAN_POINT('',(-19.85811523872,-16.10677023392,
    111.00434087719));
#9575 = CARTESIAN_POINT('',(-19.79386029448,-16.17969799573,
    110.93141311538));
#9576 = CARTESIAN_POINT('',(-19.72740540952,-16.25162578453,
    110.85948532657));
#9577 = CARTESIAN_POINT('',(-19.65876540545,-16.32250404915,
    110.78860706195));
#9578 = CARTESIAN_POINT('',(-19.58795719218,-16.39228222087,
    110.71882889023));
#9579 = CARTESIAN_POINT('',(-19.51499976799,-16.46090871346,
    110.65020239764));
#9580 = PCURVE('',#5182,#9581);
#9581 = DEFINITIONAL_REPRESENTATION('',(#9582),#9599);
#9582 = B_SPLINE_CURVE_WITH_KNOTS('',8,(#9583,#9584,#9585,#9586,#9587,
    #9588,#9589,#9590,#9591,#9592,#9593,#9594,#9595,#9596,#9597,#9598),
  .UNSPECIFIED.,.F.,.F.,(9,7,9),(0.,0.136362471203,1.),.UNSPECIFIED.);
#9583 = CARTESIAN_POINT('',(1.474548382754,0.685853204846));
#9584 = CARTESIAN_POINT('',(1.474872449092,0.686881901445));
#9585 = CARTESIAN_POINT('',(1.475592639897,0.68916741001));
#9586 = CARTESIAN_POINT('',(1.476453302215,0.691906064334));
#9587 = CARTESIAN_POINT('',(1.477289433774,0.694566668937));
#9588 = CARTESIAN_POINT('',(1.478032073071,0.696938876429));
#9589 = CARTESIAN_POINT('',(1.478688175734,0.699032879341));
#9590 = CARTESIAN_POINT('',(1.479345836759,0.701134739795));
#9591 = CARTESIAN_POINT('',(1.485326807667,0.72028062341));
#9592 = CARTESIAN_POINT('',(1.490470229367,0.736893489046));
#9593 = CARTESIAN_POINT('',(1.495590794401,0.753585204655));
#9594 = CARTESIAN_POINT('',(1.500687448816,0.770356881563));
#9595 = CARTESIAN_POINT('',(1.505758972138,0.787209654468));
#9596 = CARTESIAN_POINT('',(1.510803977375,0.804144681446));
#9597 = CARTESIAN_POINT('',(1.515820911012,0.821163143947));
#9598 = CARTESIAN_POINT('',(1.520808053013,0.838266246797));
#9599 = ( GEOMETRIC_REPRESENTATION_CONTEXT(2) 
PARAMETRIC_REPRESENTATION_CONTEXT() REPRESENTATION_CONTEXT('2D SPACE',''
  ) );
#9600 = PCURVE('',#9330,#9601);
#9601 = DEFINITIONAL_REPRESENTATION('',(#9602),#9619);
#9602 = B_SPLINE_CURVE_WITH_KNOTS('',8,(#9603,#9604,#9605,#9606,#9607,
    #9608,#9609,#9610,#9611,#9612,#9613,#9614,#9615,#9616,#9617,#9618),
  .UNSPECIFIED.,.F.,.F.,(9,7,9),(0.,0.136362471203,1.),.UNSPECIFIED.);
#9603 = CARTESIAN_POINT('',(-0.282842712475,-163.4061486398));
#9604 = CARTESIAN_POINT('',(-0.276087693162,-163.4026825705));
#9605 = CARTESIAN_POINT('',(-0.261072556375,-163.3949671955));
#9606 = CARTESIAN_POINT('',(-0.243165288249,-163.3857086957));
#9607 = CARTESIAN_POINT('',(-0.225768660229,-163.3765765499));
#9608 = CARTESIAN_POINT('',(-0.210362840418,-163.3684443037));
#9609 = CARTESIAN_POINT('',(-0.196743566912,-163.3612068414));
#9610 = CARTESIAN_POINT('',(-0.183106385454,-163.3539374213));
#9611 = CARTESIAN_POINT('',(-5.92443640264E-02,-163.287257739));
#9612 = CARTESIAN_POINT('',(4.651494463448E-02,-163.2274387875));
#9613 = CARTESIAN_POINT('',(0.150995912868,-163.1653965172));
#9614 = CARTESIAN_POINT('',(0.254131342692,-163.101141573));
#9615 = CARTESIAN_POINT('',(0.355852597136,-163.034686688));
#9616 = CARTESIAN_POINT('',(0.456089600236,-162.9660466839));
#9617 = CARTESIAN_POINT('',(0.554770837038,-162.8952384707));
#9618 = CARTESIAN_POINT('',(0.651823353598,-162.8222810465));
#9619 = ( GEOMETRIC_REPRESENTATION_CONTEXT(2) 
PARAMETRIC_REPRESENTATION_CONTEXT() REPRESENTATION_CONTEXT('2D SPACE',''
  ) );
#9620 = ORIENTED_EDGE('',*,*,#9621,.T.);
#9621 = EDGE_CURVE('',#9560,#9622,#9624,.T.);
#9622 = VERTEX_POINT('',#9623);
#9623 = CARTESIAN_POINT('',(-14.96391271106,-18.,113.11111111111));
#9624 = SURFACE_CURVE('',#9625,(#9648,#9674),.PCURVE_S1.);
#9625 = B_SPLINE_CURVE_WITH_KNOTS('',6,(#9626,#9627,#9628,#9629,#9630,
    #9631,#9632,#9633,#9634,#9635,#9636,#9637,#9638,#9639,#9640,#9641,
    #9642,#9643,#9644,#9645,#9646,#9647),.UNSPECIFIED.,.F.,.F.,(7,5,5,5,
    7),(0.,1.213983518773E-02,0.451276065223,0.703086273813,1.),
  .UNSPECIFIED.);
#9626 = CARTESIAN_POINT('',(-20.1315555744,-15.8,110.91111111111));
#9627 = CARTESIAN_POINT('',(-20.12478181419,-15.8076354193,
    110.91874653041));
#9628 = CARTESIAN_POINT('',(-20.11798586575,-15.81526096111,
    110.92637207222));
#9629 = CARTESIAN_POINT('',(-20.11116776543,-15.82287655667,
    110.93398766778));
#9630 = CARTESIAN_POINT('',(-20.10432754075,-15.83048215043,
    110.94159326154));
#9631 = CARTESIAN_POINT('',(-20.09746521047,-15.83807770008,
    110.94918881119));
#9632 = CARTESIAN_POINT('',(-19.84154932785,-16.12005384819,
    111.2311649593));
#9633 = CARTESIAN_POINT('',(-19.56362919201,-16.38123507864,
    111.49234618975));
#9634 = CARTESIAN_POINT('',(-19.25786167007,-16.62702774254,
    111.73813885366));
#9635 = CARTESIAN_POINT('',(-18.9256845282,-16.8551014677,
    111.96621257881));
#9636 = CARTESIAN_POINT('',(-18.56904206011,-17.06305069544,
    112.17416180655));
#9637 = CARTESIAN_POINT('',(-17.9731954232,-17.35461142523,
    112.46572253634));
#9638 = CARTESIAN_POINT('',(-17.74881054996,-17.45341371443,
    112.56452482554));
#9639 = CARTESIAN_POINT('',(-17.5176532003,-17.54428463156,
    112.65539574267));
#9640 = CARTESIAN_POINT('',(-17.28027041825,-17.62672164182,
    112.73783275294));
#9641 = CARTESIAN_POINT('',(-17.03729966653,-17.70020006194,
    112.81131117305));
#9642 = CARTESIAN_POINT('',(-16.4972558864,-17.83961306316,
    112.95072417427));
#9643 = CARTESIAN_POINT('',(-16.19832405494,-17.90182933368,
    113.01294044479));
#9644 = CARTESIAN_POINT('',(-15.89384491179,-17.9499476331,
    113.06105874421));
#9645 = CARTESIAN_POINT('',(-15.58531872469,-17.98300126034,
    113.09411237145));
#9646 = CARTESIAN_POINT('',(-15.27460089316,-18.,113.11111111111));
#9647 = CARTESIAN_POINT('',(-14.96391271106,-18.,113.11111111111));
#9648 = PCURVE('',#5182,#9649);
#9649 = DEFINITIONAL_REPRESENTATION('',(#9650),#9673);
#9650 = B_SPLINE_CURVE_WITH_KNOTS('',6,(#9651,#9652,#9653,#9654,#9655,
    #9656,#9657,#9658,#9659,#9660,#9661,#9662,#9663,#9664,#9665,#9666,
    #9667,#9668,#9669,#9670,#9671,#9672),.UNSPECIFIED.,.F.,.F.,(7,5,5,5,
    7),(0.,1.213983518773E-02,0.451276065223,0.703086273813,1.),
  .UNSPECIFIED.);
#9651 = CARTESIAN_POINT('',(1.503965558099,0.685853170733));
#9652 = CARTESIAN_POINT('',(1.503374004111,0.687497574967));
#9653 = CARTESIAN_POINT('',(1.50278246957,0.689142322103));
#9654 = CARTESIAN_POINT('',(1.502190884506,0.690787645143));
#9655 = CARTESIAN_POINT('',(1.501599221381,0.692433635996));
#9656 = CARTESIAN_POINT('',(1.501007495093,0.694080245477));
#9657 = CARTESIAN_POINT('',(1.47901094099,0.755305850304));
#9658 = CARTESIAN_POINT('',(1.457560208828,0.815573103492));
#9659 = CARTESIAN_POINT('',(1.436049773252,0.87658999874));
#9660 = CARTESIAN_POINT('',(1.414483541236,0.938421198425));
#9661 = CARTESIAN_POINT('',(1.392884882919,1.001141181971));
#9662 = CARTESIAN_POINT('',(1.35897034683,1.101412783573));
#9663 = CARTESIAN_POINT('',(1.346625889788,1.138284565886));
#9664 = CARTESIAN_POINT('',(1.334311940777,1.175506812514));
#9665 = CARTESIAN_POINT('',(1.322050455027,1.213100554061));
#9666 = CARTESIAN_POINT('',(1.309874817571,1.251088759315));
#9667 = CARTESIAN_POINT('',(1.28363730811,1.334789504099));
#9668 = CARTESIAN_POINT('',(1.269630126488,1.380661133991));
#9669 = CARTESIAN_POINT('',(1.255892576706,1.427164881138));
#9670 = CARTESIAN_POINT('',(1.242546029959,1.474336367034));
#9671 = CARTESIAN_POINT('',(1.229767170256,1.522207138005));
#9672 = CARTESIAN_POINT('',(1.217834016486,1.570796326795));
#9673 = ( GEOMETRIC_REPRESENTATION_CONTEXT(2) 
PARAMETRIC_REPRESENTATION_CONTEXT() REPRESENTATION_CONTEXT('2D SPACE',''
  ) );
#9674 = PCURVE('',#9675,#9680);
#9675 = PLANE('',#9676);
#9676 = AXIS2_PLACEMENT_3D('',#9677,#9678,#9679);
#9677 = CARTESIAN_POINT('',(143.30728127852,-18.,113.11111111111));
#9678 = DIRECTION('',(0.,-0.707106781187,-0.707106781187));
#9679 = DIRECTION('',(0.,0.707106781187,-0.707106781187));
#9680 = DEFINITIONAL_REPRESENTATION('',(#9681),#9704);
#9681 = B_SPLINE_CURVE_WITH_KNOTS('',6,(#9682,#9683,#9684,#9685,#9686,
    #9687,#9688,#9689,#9690,#9691,#9692,#9693,#9694,#9695,#9696,#9697,
    #9698,#9699,#9700,#9701,#9702,#9703),.UNSPECIFIED.,.F.,.F.,(7,5,5,5,
    7),(0.,1.213983518773E-02,0.451276065223,0.703086273813,1.),
  .UNSPECIFIED.);
#9682 = CARTESIAN_POINT('',(3.111269837221,-163.4388368529));
#9683 = CARTESIAN_POINT('',(3.10047172369,-163.4320630927));
#9684 = CARTESIAN_POINT('',(3.089687579036,-163.4252671442));
#9685 = CARTESIAN_POINT('',(3.078917500511,-163.4184490439));
#9686 = CARTESIAN_POINT('',(3.068161566663,-163.4116088192));
#9687 = CARTESIAN_POINT('',(3.057419837334,-163.404746489));
#9688 = CARTESIAN_POINT('',(2.658645344418,-163.1488306063));
#9689 = CARTESIAN_POINT('',(2.289279306077,-162.8709104705));
#9690 = CARTESIAN_POINT('',(1.941675987249,-162.5651429486));
#9691 = CARTESIAN_POINT('',(1.619131031914,-162.2329658067));
#9692 = CARTESIAN_POINT('',(1.325046413761,-161.8763233386));
#9693 = CARTESIAN_POINT('',(0.912717275433,-161.2804767017));
#9694 = CARTESIAN_POINT('',(0.772989738059,-161.0560918284));
#9695 = CARTESIAN_POINT('',(0.644478854621,-160.8249344788));
#9696 = CARTESIAN_POINT('',(0.527895316666,-160.5875516967));
#9697 = CARTESIAN_POINT('',(0.423981138391,-160.344580945));
#9698 = CARTESIAN_POINT('',(0.226821381307,-159.8045371649));
#9699 = CARTESIAN_POINT('',(0.138834287729,-159.5056053334));
#9700 = CARTESIAN_POINT('',(7.078473609144E-02,-159.2011261903));
#9701 = CARTESIAN_POINT('',(2.403984816178E-02,-158.8926000032));
#9702 = CARTESIAN_POINT('',(-5.684341886081E-14,-158.5818821716));
#9703 = CARTESIAN_POINT('',(-5.684341886081E-14,-158.2711939895));
#9704 = ( GEOMETRIC_REPRESENTATION_CONTEXT(2) 
PARAMETRIC_REPRESENTATION_CONTEXT() REPRESENTATION_CONTEXT('2D SPACE',''
  ) );
#9705 = ORIENTED_EDGE('',*,*,#9706,.F.);
#9706 = EDGE_CURVE('',#9707,#9622,#9709,.T.);
#9707 = VERTEX_POINT('',#9708);
#9708 = CARTESIAN_POINT('',(-14.70450902768,-18.,113.74074074074));
#9709 = SURFACE_CURVE('',#9710,(#9715,#9722),.PCURVE_S1.);
#9710 = CIRCLE('',#9711,9.);
#9711 = AXIS2_PLACEMENT_3D('',#9712,#9713,#9714);
#9712 = CARTESIAN_POINT('',(-6.518737304106,-18.,110.));
#9713 = DIRECTION('',(-0.,-1.,0.));
#9714 = DIRECTION('',(-1.8E-16,0.,1.));
#9715 = PCURVE('',#5182,#9716);
#9716 = DEFINITIONAL_REPRESENTATION('',(#9717),#9721);
#9717 = LINE('',#9718,#9719);
#9718 = CARTESIAN_POINT('',(0.,1.570796326795));
#9719 = VECTOR('',#9720,1.);
#9720 = DIRECTION('',(1.,0.));
#9721 = ( GEOMETRIC_REPRESENTATION_CONTEXT(2) 
PARAMETRIC_REPRESENTATION_CONTEXT() REPRESENTATION_CONTEXT('2D SPACE',''
  ) );
#9722 = PCURVE('',#9723,#9728);
#9723 = PLANE('',#9724);
#9724 = AXIS2_PLACEMENT_3D('',#9725,#9726,#9727);
#9725 = CARTESIAN_POINT('',(-6.78021613E-09,-18.,63.352095707312));
#9726 = DIRECTION('',(0.,1.,2.2E-16));
#9727 = DIRECTION('',(0.,-2.2E-16,1.));
#9728 = DEFINITIONAL_REPRESENTATION('',(#9729),#9737);
#9729 = ( BOUNDED_CURVE() B_SPLINE_CURVE(2,(#9730,#9731,#9732,#9733,
#9734,#9735,#9736),.UNSPECIFIED.,.T.,.F.) B_SPLINE_CURVE_WITH_KNOTS((1,2
    ,2,2,2,1),(-2.094395102393,0.,2.094395102393,4.188790204786,
6.28318530718,8.377580409573),.UNSPECIFIED.) CURVE() 
GEOMETRIC_REPRESENTATION_ITEM() RATIONAL_B_SPLINE_CURVE((1.,0.5,1.,0.5,
1.,0.5,1.)) REPRESENTATION_ITEM('') );
#9730 = CARTESIAN_POINT('',(55.647904292688,-6.518737297326));
#9731 = CARTESIAN_POINT('',(55.647904292688,-22.10719456544));
#9732 = CARTESIAN_POINT('',(42.147904292688,-14.31296593138));
#9733 = CARTESIAN_POINT('',(28.647904292688,-6.518737297326));
#9734 = CARTESIAN_POINT('',(42.147904292688,1.275491336734));
#9735 = CARTESIAN_POINT('',(55.647904292688,9.069719970794));
#9736 = CARTESIAN_POINT('',(55.647904292688,-6.518737297326));
#9737 = ( GEOMETRIC_REPRESENTATION_CONTEXT(2) 
PARAMETRIC_REPRESENTATION_CONTEXT() REPRESENTATION_CONTEXT('2D SPACE',''
  ) );
#9738 = ORIENTED_EDGE('',*,*,#9739,.F.);
#9739 = EDGE_CURVE('',#9740,#9707,#9742,.T.);
#9740 = VERTEX_POINT('',#9741);
#9741 = CARTESIAN_POINT('',(-18.706532139,-16.,115.74074074074));
#9742 = SURFACE_CURVE('',#9743,(#9781,#9822),.PCURVE_S1.);
#9743 = B_SPLINE_CURVE_WITH_KNOTS('',6,(#9744,#9745,#9746,#9747,#9748,
    #9749,#9750,#9751,#9752,#9753,#9754,#9755,#9756,#9757,#9758,#9759,
    #9760,#9761,#9762,#9763,#9764,#9765,#9766,#9767,#9768,#9769,#9770,
    #9771,#9772,#9773,#9774,#9775,#9776,#9777,#9778,#9779,#9780),
  .UNSPECIFIED.,.F.,.F.,(7,5,5,5,5,5,5,7),(0.,1.437066182169E-02,
    0.243563820315,0.369472599549,0.604451771559,0.801139901301,
    0.880408198312,1.),.UNSPECIFIED.);
#9744 = CARTESIAN_POINT('',(-18.8006974151,-15.8,115.94074074074));
#9745 = CARTESIAN_POINT('',(-18.79686975307,-15.80899777796,
    115.93174296277));
#9746 = CARTESIAN_POINT('',(-18.79300285627,-15.81798706574,
    115.92275367499));
#9747 = CARTESIAN_POINT('',(-18.789096693,-15.82696771033,115.9137730304
    ));
#9748 = CARTESIAN_POINT('',(-18.78515122856,-15.8359395748,
    115.90480116594));
#9749 = CARTESIAN_POINT('',(-18.78116642526,-15.84490253826,
    115.89583820247));
#9750 = CARTESIAN_POINT('',(-18.71296181824,-15.99666034604,
    115.74408039469));
#9751 = CARTESIAN_POINT('',(-18.63876483866,-16.13717137778,
    115.60356936295));
#9752 = CARTESIAN_POINT('',(-18.55441099359,-16.27487320616,
    115.46586753458));
#9753 = CARTESIAN_POINT('',(-18.45981838033,-16.40919193984,
    115.33154880089));
#9754 = CARTESIAN_POINT('',(-18.35499924872,-16.53950912735,
    115.20123161338));
#9755 = CARTESIAN_POINT('',(-18.1769727464,-16.73420991951,
    115.00653082123));
#9756 = CARTESIAN_POINT('',(-18.11080674308,-16.80184103221,
    114.93889970852));
#9757 = CARTESIAN_POINT('',(-18.04162250841,-16.86795967443,
    114.8727810663));
#9758 = CARTESIAN_POINT('',(-17.96945658988,-16.93245544468,
    114.80828529605));
#9759 = CARTESIAN_POINT('',(-17.89435991844,-16.99521740693,
    114.7455233338));
#9760 = CARTESIAN_POINT('',(-17.67090731145,-17.16982507609,
    114.57091566464));
#9761 = CARTESIAN_POINT('',(-17.51542127993,-17.27711002785,
    114.46363071288));
#9762 = CARTESIAN_POINT('',(-17.35041509709,-17.37724360703,
    114.3634971337));
#9763 = CARTESIAN_POINT('',(-17.17652714022,-17.46955332489,
    114.27118741584));
#9764 = CARTESIAN_POINT('',(-16.99457451,-17.55345500002,114.18728574071
    ));
#9765 = CARTESIAN_POINT('',(-16.64747906631,-17.69136928649,
    114.04937145424));
#9766 = CARTESIAN_POINT('',(-16.4843996283,-17.74803576164,
    113.99270497909));
#9767 = CARTESIAN_POINT('',(-16.31702428611,-17.79827862959,
    113.94246211115));
#9768 = CARTESIAN_POINT('',(-16.14600938295,-17.84196551739,
    113.89877522335));
#9769 = CARTESIAN_POINT('',(-15.97203401764,-17.87907884044,
    113.86166190029));
#9770 = CARTESIAN_POINT('',(-15.72477055488,-17.92205928613,
    113.8186814546));
#9771 = CARTESIAN_POINT('',(-15.6533740039,-17.93335355077,
    113.80738718996));
#9772 = CARTESIAN_POINT('',(-15.58165079115,-17.94360262259,
    113.79713811814));
#9773 = CARTESIAN_POINT('',(-15.50964300262,-17.95281600612,
    113.78792473461));
#9774 = CARTESIAN_POINT('',(-15.43739118352,-17.96100606399,
    113.77973467675));
#9775 = CARTESIAN_POINT('',(-15.2556189501,-17.97902340395,
    113.76171733678));
#9776 = CARTESIAN_POINT('',(-15.14583604018,-17.98756411694,
    113.75317662379));
#9777 = CARTESIAN_POINT('',(-15.03571948096,-17.99386180223,
    113.7468789385));
#9778 = CARTESIAN_POINT('',(-14.92539010172,-17.99798177983,
    113.7427589609));
#9779 = CARTESIAN_POINT('',(-14.81495536244,-18.,113.74074074074));
#9780 = CARTESIAN_POINT('',(-14.70450902768,-18.,113.74074074074));
#9781 = PCURVE('',#5182,#9782);
#9782 = DEFINITIONAL_REPRESENTATION('',(#9783),#9821);
#9783 = B_SPLINE_CURVE_WITH_KNOTS('',6,(#9784,#9785,#9786,#9787,#9788,
    #9789,#9790,#9791,#9792,#9793,#9794,#9795,#9796,#9797,#9798,#9799,
    #9800,#9801,#9802,#9803,#9804,#9805,#9806,#9807,#9808,#9809,#9810,
    #9811,#9812,#9813,#9814,#9815,#9816,#9817,#9818,#9819,#9820),
  .UNSPECIFIED.,.F.,.F.,(7,5,5,5,5,5,5,7),(0.,1.437066182169E-02,
    0.243563820315,0.369472599549,0.604451771559,0.801139901301,
    0.880408198312,1.),.UNSPECIFIED.);
#9784 = CARTESIAN_POINT('',(1.120276353766,0.685853210404));
#9785 = CARTESIAN_POINT('',(1.120747889711,0.687791019459));
#9786 = CARTESIAN_POINT('',(1.12121826941,0.689730466135));
#9787 = CARTESIAN_POINT('',(1.121687425424,0.691671826783));
#9788 = CARTESIAN_POINT('',(1.122155326477,0.693615209122));
#9789 = CARTESIAN_POINT('',(1.122621977457,0.695560552246));
#9790 = CARTESIAN_POINT('',(1.130510606518,0.728560902445));
#9791 = CARTESIAN_POINT('',(1.137619740232,0.760085449531));
#9792 = CARTESIAN_POINT('',(1.144381874086,0.792077570912));
#9793 = CARTESIAN_POINT('',(1.150757554693,0.824528499111));
#9794 = CARTESIAN_POINT('',(1.156699873442,0.857421168579));
#9795 = CARTESIAN_POINT('',(1.165149514045,0.909023760636));
#9796 = CARTESIAN_POINT('',(1.167998018323,0.927445112005));
#9797 = CARTESIAN_POINT('',(1.170689844329,0.945985995502));
#9798 = CARTESIAN_POINT('',(1.173215072125,0.964640405909));
#9799 = CARTESIAN_POINT('',(1.175563080484,0.983401011709));
#9800 = CARTESIAN_POINT('',(1.181752775435,1.037452397334));
#9801 = CARTESIAN_POINT('',(1.185127036338,1.072989737354));
#9802 = CARTESIAN_POINT('',(1.187770533718,1.108803404259));
#9803 = CARTESIAN_POINT('',(1.18960400993,1.14481916016));
#9804 = CARTESIAN_POINT('',(1.190541581333,1.180947786927));
#9805 = CARTESIAN_POINT('',(1.190471344602,1.247304429063));
#9806 = CARTESIAN_POINT('',(1.189755582211,1.277540075674));
#9807 = CARTESIAN_POINT('',(1.188309182938,1.307705486702));
#9808 = CARTESIAN_POINT('',(1.186087431818,1.337733171102));
#9809 = CARTESIAN_POINT('',(1.183051169012,1.367554796124));
#9810 = CARTESIAN_POINT('',(1.177606085716,1.409003226623));
#9811 = CARTESIAN_POINT('',(1.175904739511,1.420864400064));
#9812 = CARTESIAN_POINT('',(1.174064112033,1.432676310837));
#9813 = CARTESIAN_POINT('',(1.172082380506,1.444434732063));
#9814 = CARTESIAN_POINT('',(1.169957930948,1.456135612462));
#9815 = CARTESIAN_POINT('',(1.164266770365,1.485335494687));
#9816 = CARTESIAN_POINT('',(1.160516117782,1.502756233004));
#9817 = CARTESIAN_POINT('',(1.156432601182,1.520023926109));
#9818 = CARTESIAN_POINT('',(1.152012463394,1.537126685124));
#9819 = CARTESIAN_POINT('',(1.14725295981,1.554053947462));
#9820 = CARTESIAN_POINT('',(1.142152328895,1.570796326795));
#9821 = ( GEOMETRIC_REPRESENTATION_CONTEXT(2) 
PARAMETRIC_REPRESENTATION_CONTEXT() REPRESENTATION_CONTEXT('2D SPACE',''
  ) );
#9822 = PCURVE('',#9823,#9828);
#9823 = PLANE('',#9824);
#9824 = AXIS2_PLACEMENT_3D('',#9825,#9826,#9827);
#9825 = CARTESIAN_POINT('',(143.30728127852,-16.,115.74074074074));
#9826 = DIRECTION('',(0.,-0.707106781187,0.707106781187));
#9827 = DIRECTION('',(0.,-0.707106781187,-0.707106781187));
#9828 = DEFINITIONAL_REPRESENTATION('',(#9829),#9867);
#9829 = B_SPLINE_CURVE_WITH_KNOTS('',6,(#9830,#9831,#9832,#9833,#9834,
    #9835,#9836,#9837,#9838,#9839,#9840,#9841,#9842,#9843,#9844,#9845,
    #9846,#9847,#9848,#9849,#9850,#9851,#9852,#9853,#9854,#9855,#9856,
    #9857,#9858,#9859,#9860,#9861,#9862,#9863,#9864,#9865,#9866),
  .UNSPECIFIED.,.F.,.F.,(7,5,5,5,5,5,5,7),(0.,1.437066182169E-02,
    0.243563820315,0.369472599549,0.604451771559,0.801139901301,
    0.880408198312,1.),.UNSPECIFIED.);
#9830 = CARTESIAN_POINT('',(-0.282842712475,-162.1079786936));
#9831 = CARTESIAN_POINT('',(-0.270117932848,-162.1041510315));
#9832 = CARTESIAN_POINT('',(-0.257405160155,-162.1002841348));
#9833 = CARTESIAN_POINT('',(-0.244704610774,-162.0963779715));
#9834 = CARTESIAN_POINT('',(-0.232016478366,-162.092432507));
#9835 = CARTESIAN_POINT('',(-0.219340933872,-162.0884477037));
#9836 = CARTESIAN_POINT('',(-4.722983910625E-03,-162.0202430967));
#9837 = CARTESIAN_POINT('',(0.193989622828,-161.9460461171));
#9838 = CARTESIAN_POINT('',(0.388729416085,-161.8616922721));
#9839 = CARTESIAN_POINT('',(0.578684790944,-161.7670996588));
#9840 = CARTESIAN_POINT('',(0.762981124926,-161.6622805272));
#9841 = CARTESIAN_POINT('',(1.0383296258,-161.4842540249));
#9842 = CARTESIAN_POINT('',(1.133974462623,-161.4180880216));
#9843 = CARTESIAN_POINT('',(1.227480343176,-161.3489037869));
#9844 = CARTESIAN_POINT('',(1.318691136189,-161.2767378684));
#9845 = CARTESIAN_POINT('',(1.4074499544,-161.2016411969));
#9846 = CARTESIAN_POINT('',(1.65438248822,-160.9781885899));
#9847 = CARTESIAN_POINT('',(1.806106322031,-160.8227025584));
#9848 = CARTESIAN_POINT('',(1.947716587766,-160.6576963756));
#9849 = CARTESIAN_POINT('',(2.078262242699,-160.4838084187));
#9850 = CARTESIAN_POINT('',(2.196917129577,-160.3018557885));
#9851 = CARTESIAN_POINT('',(2.391957383948,-159.9547603448));
#9852 = CARTESIAN_POINT('',(2.472095881635,-159.7916809068));
#9853 = CARTESIAN_POINT('',(2.543150026893,-159.6243055646));
#9854 = CARTESIAN_POINT('',(2.604932616116,-159.4532906614));
#9855 = CARTESIAN_POINT('',(2.65741878092,-159.2793152961));
#9856 = CARTESIAN_POINT('',(2.718202310133,-159.0320518334));
#9857 = CARTESIAN_POINT('',(2.734174812373,-158.9606552824));
#9858 = CARTESIAN_POINT('',(2.748669188737,-158.8889320696));
#9859 = CARTESIAN_POINT('',(2.761698880686,-158.8169242811));
#9860 = CARTESIAN_POINT('',(2.773281371592,-158.744672462));
#9861 = CARTESIAN_POINT('',(2.798761738127,-158.5629002286));
#9862 = CARTESIAN_POINT('',(2.810840130265,-158.4531173187));
#9863 = CARTESIAN_POINT('',(2.819746402223,-158.3430007594));
#9864 = CARTESIAN_POINT('',(2.825572930417,-158.2326713802));
#9865 = CARTESIAN_POINT('',(2.828427124746,-158.1222366409));
#9866 = CARTESIAN_POINT('',(2.828427124746,-158.0117903062));
#9867 = ( GEOMETRIC_REPRESENTATION_CONTEXT(2) 
PARAMETRIC_REPRESENTATION_CONTEXT() REPRESENTATION_CONTEXT('2D SPACE',''
  ) );
#9868 = ORIENTED_EDGE('',*,*,#9869,.T.);
#9869 = EDGE_CURVE('',#9740,#9870,#9872,.T.);
#9870 = VERTEX_POINT('',#9871);
#9871 = CARTESIAN_POINT('',(-11.11013499812,-18.,117.74074074074));
#9872 = SURFACE_CURVE('',#9873,(#9900,#9930),.PCURVE_S1.);
#9873 = B_SPLINE_CURVE_WITH_KNOTS('',7,(#9874,#9875,#9876,#9877,#9878,
    #9879,#9880,#9881,#9882,#9883,#9884,#9885,#9886,#9887,#9888,#9889,
    #9890,#9891,#9892,#9893,#9894,#9895,#9896,#9897,#9898,#9899),
  .UNSPECIFIED.,.F.,.F.,(8,6,6,6,8),(0.,1.363012123595E-02,
    0.508464204679,0.755246976143,1.),.UNSPECIFIED.);
#9874 = CARTESIAN_POINT('',(-18.98626058504,-15.8,115.54074074074));
#9875 = CARTESIAN_POINT('',(-18.9745881372,-15.8087109072,
    115.54945164794));
#9876 = CARTESIAN_POINT('',(-18.96288934017,-15.8174042261,
    115.55814496684));
#9877 = CARTESIAN_POINT('',(-18.95116433353,-15.82607985181,
    115.56682059255));
#9878 = CARTESIAN_POINT('',(-18.93941318499,-15.83473774801,
    115.57547848875));
#9879 = CARTESIAN_POINT('',(-18.92763593445,-15.84337790566,
    115.5841186464));
#9880 = CARTESIAN_POINT('',(-18.91583263808,-15.85200030182,
    115.59274104256));
#9881 = CARTESIAN_POINT('',(-18.47454985573,-16.17298857226,
    115.91372931301));
#9882 = CARTESIAN_POINT('',(-18.01082236323,-16.46193450405,
    116.20267524479));
#9883 = CARTESIAN_POINT('',(-17.51651084161,-16.72541235482,
    116.46615309556));
#9884 = CARTESIAN_POINT('',(-16.99547612731,-16.96196343569,
    116.70270417643));
#9885 = CARTESIAN_POINT('',(-16.45163569393,-17.1705993469,
    116.91134008764));
#9886 = CARTESIAN_POINT('',(-15.88893694497,-17.3507769158,
    117.09151765654));
#9887 = CARTESIAN_POINT('',(-15.02349271505,-17.578273329,
    117.31901406974));
#9888 = CARTESIAN_POINT('',(-14.73179712754,-17.64692602545,
    117.38766676619));
#9889 = CARTESIAN_POINT('',(-14.4368855252,-17.7085390682,
    117.44927980894));
#9890 = CARTESIAN_POINT('',(-14.13922777574,-17.76316735123,
    117.50390809198));
#9891 = CARTESIAN_POINT('',(-13.83927102101,-17.81090864351,
    117.55164938425));
#9892 = CARTESIAN_POINT('',(-13.5374409145,-17.85190852347,
    117.59264926421));
#9893 = CARTESIAN_POINT('',(-12.9333437996,-17.9205524008,
    117.66129314154));
#9894 = CARTESIAN_POINT('',(-12.63108109534,-17.9483057515,
    117.68904649224));
#9895 = CARTESIAN_POINT('',(-12.32776202859,-17.96983007464,
    117.71057081538));
#9896 = CARTESIAN_POINT('',(-12.02373771537,-17.98538696894,
    117.72612770968));
#9897 = CARTESIAN_POINT('',(-11.71930502883,-17.99530559369,
    117.73604633443));
#9898 = CARTESIAN_POINT('',(-11.41470715477,-18.,117.74074074074));
#9899 = CARTESIAN_POINT('',(-11.11013499812,-18.,117.74074074074));
#9900 = PCURVE('',#5182,#9901);
#9901 = DEFINITIONAL_REPRESENTATION('',(#9902),#9929);
#9902 = B_SPLINE_CURVE_WITH_KNOTS('',7,(#9903,#9904,#9905,#9906,#9907,
    #9908,#9909,#9910,#9911,#9912,#9913,#9914,#9915,#9916,#9917,#9918,
    #9919,#9920,#9921,#9922,#9923,#9924,#9925,#9926,#9927,#9928),
  .UNSPECIFIED.,.F.,.F.,(8,6,6,6,8),(0.,1.363012123595E-02,
    0.508464204679,0.755246976143,1.),.UNSPECIFIED.);
#9903 = CARTESIAN_POINT('',(1.152597317016,0.68585319568));
#9904 = CARTESIAN_POINT('',(1.15166641309,0.68772922271));
#9905 = CARTESIAN_POINT('',(1.150735071905,0.689604432113));
#9906 = CARTESIAN_POINT('',(1.149802727028,0.691479540123));
#9907 = CARTESIAN_POINT('',(1.148869423367,0.693354484817));
#9908 = CARTESIAN_POINT('',(1.147935445256,0.695228899543));
#9909 = CARTESIAN_POINT('',(1.14700094453,0.69710258634));
#9910 = CARTESIAN_POINT('',(1.112107258392,0.766988859633));
#9911 = CARTESIAN_POINT('',(1.07715037966,0.834434989849));
#9912 = CARTESIAN_POINT('',(1.04106097743,0.901249839589));
#9913 = CARTESIAN_POINT('',(1.003675854935,0.967380570915));
#9914 = CARTESIAN_POINT('',(0.964807675688,1.032756184759));
#9915 = CARTESIAN_POINT('',(0.924234937343,1.0972731764));
#9916 = CARTESIAN_POINT('',(0.860518388729,1.192379961475));
#9917 = CARTESIAN_POINT('',(0.838830307556,1.223768865798));
#9918 = CARTESIAN_POINT('',(0.816625933904,1.254875480525));
#9919 = CARTESIAN_POINT('',(0.793871301529,1.285673836152));
#9920 = CARTESIAN_POINT('',(0.770528971459,1.316133344335));
#9921 = CARTESIAN_POINT('',(0.746558409987,1.346215695479));
#9922 = CARTESIAN_POINT('',(0.697478227248,1.405281323771));
#9923 = CARTESIAN_POINT('',(0.672378025399,1.434273520542));
#9924 = CARTESIAN_POINT('',(0.646575173345,1.462796997683));
#9925 = CARTESIAN_POINT('',(0.620024055082,1.490793382398));
#9926 = CARTESIAN_POINT('',(0.592674060877,1.518191473181));
#9927 = CARTESIAN_POINT('',(0.564471690882,1.544899810171));
#9928 = CARTESIAN_POINT('',(0.53536534395,1.570796326795));
#9929 = ( GEOMETRIC_REPRESENTATION_CONTEXT(2) 
PARAMETRIC_REPRESENTATION_CONTEXT() REPRESENTATION_CONTEXT('2D SPACE',''
  ) );
#9930 = PCURVE('',#9931,#9936);
#9931 = PLANE('',#9932);
#9932 = AXIS2_PLACEMENT_3D('',#9933,#9934,#9935);
#9933 = CARTESIAN_POINT('',(143.30728127852,-18.,117.74074074074));
#9934 = DIRECTION('',(0.,-0.707106781187,-0.707106781187));
#9935 = DIRECTION('',(0.,0.707106781187,-0.707106781187));
#9936 = DEFINITIONAL_REPRESENTATION('',(#9937),#9964);
#9937 = B_SPLINE_CURVE_WITH_KNOTS('',7,(#9938,#9939,#9940,#9941,#9942,
    #9943,#9944,#9945,#9946,#9947,#9948,#9949,#9950,#9951,#9952,#9953,
    #9954,#9955,#9956,#9957,#9958,#9959,#9960,#9961,#9962,#9963),
  .UNSPECIFIED.,.F.,.F.,(8,6,6,6,8),(0.,1.363012123595E-02,
    0.508464204679,0.755246976143,1.),.UNSPECIFIED.);
#9938 = CARTESIAN_POINT('',(3.111269837221,-162.2935418635));
#9939 = CARTESIAN_POINT('',(3.098950754109,-162.2818694157));
#9940 = CARTESIAN_POINT('',(3.086656544627,-162.2701706186));
#9941 = CARTESIAN_POINT('',(3.074387357076,-162.258445612));
#9942 = CARTESIAN_POINT('',(3.062143242851,-162.2466944635));
#9943 = CARTESIAN_POINT('',(3.049924214723,-162.2349172129));
#9944 = CARTESIAN_POINT('',(3.037730305129,-162.2231139166));
#9945 = CARTESIAN_POINT('',(2.583784339708,-161.7818311342));
#9946 = CARTESIAN_POINT('',(2.175153084179,-161.3181036417));
#9947 = CARTESIAN_POINT('',(1.802539134243,-160.8237921201));
#9948 = CARTESIAN_POINT('',(1.46800538748,-160.3027574058));
#9949 = CARTESIAN_POINT('',(1.172949652255,-159.7589169724));
#9950 = CARTESIAN_POINT('',(0.918140090671,-159.1962182234));
#9951 = CARTESIAN_POINT('',(0.596411577734,-158.3307739935));
#9952 = CARTESIAN_POINT('',(0.499322003322,-158.039078406));
#9953 = CARTESIAN_POINT('',(0.412188002653,-157.7441668037));
#9954 = CARTESIAN_POINT('',(0.334931943891,-157.4465090542));
#9955 = CARTESIAN_POINT('',(0.267415560876,-157.1465522995));
#9956 = CARTESIAN_POINT('',(0.209432974576,-156.844722193));
#9957 = CARTESIAN_POINT('',(0.112355872286,-156.2406250781));
#9958 = CARTESIAN_POINT('',(7.31067073207E-02,-155.9383623738));
#9959 = CARTESIAN_POINT('',(4.266671761428E-02,-155.6350433071));
#9960 = CARTESIAN_POINT('',(2.066594670444E-02,-155.3310189938));
#9961 = CARTESIAN_POINT('',(6.638893059744E-03,-155.0265863073));
#9962 = CARTESIAN_POINT('',(-2.84217094304E-14,-154.7219884333));
#9963 = CARTESIAN_POINT('',(-2.84217094304E-14,-154.4174162766));
#9964 = ( GEOMETRIC_REPRESENTATION_CONTEXT(2) 
PARAMETRIC_REPRESENTATION_CONTEXT() REPRESENTATION_CONTEXT('2D SPACE',''
  ) );
#9965 = ORIENTED_EDGE('',*,*,#9966,.F.);
#9966 = EDGE_CURVE('',#9967,#9870,#9969,.T.);
#9967 = VERTEX_POINT('',#9968);
#9968 = CARTESIAN_POINT('',(-9.82583570948,-18.,118.37037037037));
#9969 = SURFACE_CURVE('',#9970,(#9975,#9982),.PCURVE_S1.);
#9970 = CIRCLE('',#9971,9.);
#9971 = AXIS2_PLACEMENT_3D('',#9972,#9973,#9974);
#9972 = CARTESIAN_POINT('',(-6.518737304106,-18.,110.));
#9973 = DIRECTION('',(-0.,-1.,0.));
#9974 = DIRECTION('',(-1.8E-16,0.,1.));
#9975 = PCURVE('',#5182,#9976);
#9976 = DEFINITIONAL_REPRESENTATION('',(#9977),#9981);
#9977 = LINE('',#9978,#9979);
#9978 = CARTESIAN_POINT('',(0.,1.570796326795));
#9979 = VECTOR('',#9980,1.);
#9980 = DIRECTION('',(1.,0.));
#9981 = ( GEOMETRIC_REPRESENTATION_CONTEXT(2) 
PARAMETRIC_REPRESENTATION_CONTEXT() REPRESENTATION_CONTEXT('2D SPACE',''
  ) );
#9982 = PCURVE('',#9983,#9988);
#9983 = PLANE('',#9984);
#9984 = AXIS2_PLACEMENT_3D('',#9985,#9986,#9987);
#9985 = CARTESIAN_POINT('',(-6.78021613E-09,-18.,63.352095707312));
#9986 = DIRECTION('',(0.,1.,2.2E-16));
#9987 = DIRECTION('',(0.,-2.2E-16,1.));
#9988 = DEFINITIONAL_REPRESENTATION('',(#9989),#9997);
#9989 = ( BOUNDED_CURVE() B_SPLINE_CURVE(2,(#9990,#9991,#9992,#9993,
#9994,#9995,#9996),.UNSPECIFIED.,.T.,.F.) B_SPLINE_CURVE_WITH_KNOTS((1,2
    ,2,2,2,1),(-2.094395102393,0.,2.094395102393,4.188790204786,
6.28318530718,8.377580409573),.UNSPECIFIED.) CURVE() 
GEOMETRIC_REPRESENTATION_ITEM() RATIONAL_B_SPLINE_CURVE((1.,0.5,1.,0.5,
1.,0.5,1.)) REPRESENTATION_ITEM('') );
#9990 = CARTESIAN_POINT('',(55.647904292688,-6.518737297326));
#9991 = CARTESIAN_POINT('',(55.647904292688,-22.10719456544));
#9992 = CARTESIAN_POINT('',(42.147904292688,-14.31296593138));
#9993 = CARTESIAN_POINT('',(28.647904292688,-6.518737297326));
#9994 = CARTESIAN_POINT('',(42.147904292688,1.275491336734));
#9995 = CARTESIAN_POINT('',(55.647904292688,9.069719970794));
#9996 = CARTESIAN_POINT('',(55.647904292688,-6.518737297326));
#9997 = ( GEOMETRIC_REPRESENTATION_CONTEXT(2) 
PARAMETRIC_REPRESENTATION_CONTEXT() REPRESENTATION_CONTEXT('2D SPACE',''
  ) );
#9998 = ORIENTED_EDGE('',*,*,#9999,.F.);
#9999 = EDGE_CURVE('',#9455,#9967,#10000,.T.);
#10000 = SURFACE_CURVE('',#10001,(#10058,#10118),.PCURVE_S1.);
#10001 = B_SPLINE_CURVE_WITH_KNOTS('',7,(#10002,#10003,#10004,#10005,
    #10006,#10007,#10008,#10009,#10010,#10011,#10012,#10013,#10014,
    #10015,#10016,#10017,#10018,#10019,#10020,#10021,#10022,#10023,
    #10024,#10025,#10026,#10027,#10028,#10029,#10030,#10031,#10032,
    #10033,#10034,#10035,#10036,#10037,#10038,#10039,#10040,#10041,
    #10042,#10043,#10044,#10045,#10046,#10047,#10048,#10049,#10050,
    #10051,#10052,#10053,#10054,#10055,#10056,#10057),.UNSPECIFIED.,.F.,
  .F.,(8,6,6,6,6,6,6,6,6,8),(0.,7.714779821315E-03,7.469385774923E-02,
    0.212154642829,0.316164643085,0.361757492239,0.433165877568,
    0.565123057073,0.880109436909,1.),.UNSPECIFIED.);
#10002 = CARTESIAN_POINT('',(-15.14464102198,-15.8,120.57037037037));
#10003 = CARTESIAN_POINT('',(-15.1442707404,-15.80536697685,
    120.56500339351));
#10004 = CARTESIAN_POINT('',(-15.14388009632,-15.81073316293,
    120.55963720743));
#10005 = CARTESIAN_POINT('',(-15.14346904928,-15.81609850185,
    120.55427186852));
#10006 = CARTESIAN_POINT('',(-15.14303755947,-15.8214629408,
    120.54890742956));
#10007 = CARTESIAN_POINT('',(-15.14258558781,-15.82682643062,
    120.54354393974));
#10008 = CARTESIAN_POINT('',(-15.1421130959,-15.83218892572,
    120.53818144464));
#10009 = CARTESIAN_POINT('',(-15.137339428,-15.88409812099,
    120.48627224937));
#10010 = CARTESIAN_POINT('',(-15.13150919941,-15.93056748723,
    120.43980288313));
#10011 = CARTESIAN_POINT('',(-15.12410441618,-15.97692622943,
    120.39344414093));
#10012 = CARTESIAN_POINT('',(-15.1151021042,-16.02314022676,
    120.3472301436));
#10013 = CARTESIAN_POINT('',(-15.10448193327,-16.06917356705,
    120.30119680332));
#10014 = CARTESIAN_POINT('',(-15.092226891,-16.11498862285,
    120.25538174751));
#10015 = CARTESIAN_POINT('',(-15.04979104279,-16.25404353828,
    120.11632683208));
#10016 = CARTESIAN_POINT('',(-15.01431240974,-16.34647264375,
    120.02389772661));
#10017 = CARTESIAN_POINT('',(-14.9717782476,-16.43747055686,
    119.93289981351));
#10018 = CARTESIAN_POINT('',(-14.92215376592,-16.52667355777,
    119.84369681259));
#10019 = CARTESIAN_POINT('',(-14.86548888445,-16.61372013748,
    119.75665023288));
#10020 = CARTESIAN_POINT('',(-14.80193891275,-16.69825735553,
    119.67211301483));
#10021 = CARTESIAN_POINT('',(-14.67872259753,-16.84176381511,
    119.52860655525));
#10022 = CARTESIAN_POINT('',(-14.62186607549,-16.90195852327,
    119.46841184709));
#10023 = CARTESIAN_POINT('',(-14.56134969571,-16.96039109571,
    119.40997927465));
#10024 = CARTESIAN_POINT('',(-14.49732422539,-17.0169417184,
    119.35342865197));
#10025 = CARTESIAN_POINT('',(-14.42996594479,-17.07151318151,
    119.29885718885));
#10026 = CARTESIAN_POINT('',(-14.3594744362,-17.12402975717,
    119.24634061319));
#10027 = CARTESIAN_POINT('',(-14.25389365552,-17.19653171928,
    119.17383865108));
#10028 = CARTESIAN_POINT('',(-14.22115624254,-17.21822254494,
    119.15214782542));
#10029 = CARTESIAN_POINT('',(-14.18787614644,-17.23950436972,
    119.13086600065));
#10030 = CARTESIAN_POINT('',(-14.15407154881,-17.26037392263,
    119.10999644773));
#10031 = CARTESIAN_POINT('',(-14.11976080034,-17.2808288461,
    119.08954152427));
#10032 = CARTESIAN_POINT('',(-14.08496242085,-17.30086769596,
    119.0695026744));
#10033 = CARTESIAN_POINT('',(-13.99445875114,-17.35122267467,
    119.01914769569));
#10034 = CARTESIAN_POINT('',(-13.93807169978,-17.38093351875,
    118.98943685161));
#10035 = CARTESIAN_POINT('',(-13.88060529474,-17.40962020512,
    118.96075016524));
#10036 = CARTESIAN_POINT('',(-13.82213001323,-17.43728592301,
    118.93308444736));
#10037 = CARTESIAN_POINT('',(-13.76271475907,-17.46393859474,
    118.90643177562));
#10038 = CARTESIAN_POINT('',(-13.70242616167,-17.48959015093,
    118.88078021943));
#10039 = CARTESIAN_POINT('',(-13.5284229612,-17.55983603029,
    118.81053434007));
#10040 = CARTESIAN_POINT('',(-13.41275783382,-17.60204741598,
    118.76832295438));
#10041 = CARTESIAN_POINT('',(-13.29472575806,-17.64099144151,
    118.72937892885));
#10042 = CARTESIAN_POINT('',(-13.1746860863,-17.67680348919,
    118.69356688117));
#10043 = CARTESIAN_POINT('',(-13.05295774784,-17.7096425264,
    118.66072784396));
#10044 = CARTESIAN_POINT('',(-12.92981273871,-17.73968078696,
    118.6306895834));
#10045 = CARTESIAN_POINT('',(-12.50865823919,-17.83252843957,
    118.53784193079));
#10046 = CARTESIAN_POINT('',(-12.20535911579,-17.88292993973,
    118.48744043063));
#10047 = CARTESIAN_POINT('',(-11.89808038595,-17.92086100476,
    118.4495093656));
#10048 = CARTESIAN_POINT('',(-11.58865989671,-17.94862655681,
    118.42174381356));
#10049 = CARTESIAN_POINT('',(-11.27828734713,-17.96830163153,
    118.40206873883));
#10050 = CARTESIAN_POINT('',(-10.96747641622,-17.98161668394,
    118.38875368642));
#10051 = CARTESIAN_POINT('',(-10.53755237536,-17.99321109425,
    118.37715927611));
#10052 = CARTESIAN_POINT('',(-10.41898149513,-17.99569409816,
    118.3746762722));
#10053 = CARTESIAN_POINT('',(-10.3003791618,-17.99754333574,
    118.37282703462));
#10054 = CARTESIAN_POINT('',(-10.18175665692,-17.99883264892,
    118.37153772144));
#10055 = CARTESIAN_POINT('',(-10.06312224006,-17.99963042914,
    118.37073994123));
#10056 = CARTESIAN_POINT('',(-9.944481167244,-18.,118.37037037037));
#10057 = CARTESIAN_POINT('',(-9.82583570948,-18.,118.37037037037));
#10058 = PCURVE('',#5182,#10059);
#10059 = DEFINITIONAL_REPRESENTATION('',(#10060),#10117);
#10060 = B_SPLINE_CURVE_WITH_KNOTS('',7,(#10061,#10062,#10063,#10064,
    #10065,#10066,#10067,#10068,#10069,#10070,#10071,#10072,#10073,
    #10074,#10075,#10076,#10077,#10078,#10079,#10080,#10081,#10082,
    #10083,#10084,#10085,#10086,#10087,#10088,#10089,#10090,#10091,
    #10092,#10093,#10094,#10095,#10096,#10097,#10098,#10099,#10100,
    #10101,#10102,#10103,#10104,#10105,#10106,#10107,#10108,#10109,
    #10110,#10111,#10112,#10113,#10114,#10115,#10116),.UNSPECIFIED.,.F.,
  .F.,(8,6,6,6,6,6,6,6,6,8),(0.,7.714779821315E-03,7.469385774923E-02,
    0.212154642829,0.316164643085,0.361757492239,0.433165877568,
    0.565123057073,0.880109436909,1.),.UNSPECIFIED.);
#10061 = CARTESIAN_POINT('',(0.684448417736,0.685853103623));
#10062 = CARTESIAN_POINT('',(0.68467610253,0.687008964046));
#10063 = CARTESIAN_POINT('',(0.684902834195,0.688165840876));
#10064 = CARTESIAN_POINT('',(0.685128537008,0.689323819584));
#10065 = CARTESIAN_POINT('',(0.685353167472,0.690482945048));
#10066 = CARTESIAN_POINT('',(0.685576714316,0.691643221551));
#10067 = CARTESIAN_POINT('',(0.685799198496,0.692804612784));
#10068 = CARTESIAN_POINT('',(0.687943498116,0.704059154434));
#10069 = CARTESIAN_POINT('',(0.689787355188,0.714233143294));
#10070 = CARTESIAN_POINT('',(0.691548905853,0.724486575804));
#10071 = CARTESIAN_POINT('',(0.693224701198,0.73481661795));
#10072 = CARTESIAN_POINT('',(0.694811210901,0.745219975449));
#10073 = CARTESIAN_POINT('',(0.696304852179,0.755692834861));
#10074 = CARTESIAN_POINT('',(0.70056941582,0.787857821));
#10075 = CARTESIAN_POINT('',(0.703030985809,0.809762879094));
#10076 = CARTESIAN_POINT('',(0.705054593497,0.831902877233));
#10077 = CARTESIAN_POINT('',(0.706609334513,0.854229981895));
#10078 = CARTESIAN_POINT('',(0.707665856083,0.876690001533));
#10079 = CARTESIAN_POINT('',(0.708198212214,0.89922018053));
#10080 = CARTESIAN_POINT('',(0.708178961258,0.938790936122));
#10081 = CARTESIAN_POINT('',(0.707859600189,0.955835867303));
#10082 = CARTESIAN_POINT('',(0.707220762266,0.972849770484));
#10083 = CARTESIAN_POINT('',(0.706256126294,0.989802452552));
#10084 = CARTESIAN_POINT('',(0.704961627714,1.006664660691));
#10085 = CARTESIAN_POINT('',(0.703335628607,1.023407779374));
#10086 = CARTESIAN_POINT('',(0.700521436726,1.04727828395));
#10087 = CARTESIAN_POINT('',(0.699600244898,1.054524953426));
#10088 = CARTESIAN_POINT('',(0.698615576595,1.0617413052));
#10089 = CARTESIAN_POINT('',(0.697567570442,1.068925213173));
#10090 = CARTESIAN_POINT('',(0.696456439288,1.076074655735));
#10091 = CARTESIAN_POINT('',(0.695282470204,1.083187715764));
#10092 = CARTESIAN_POINT('',(0.692109479747,1.1013433682));
#10093 = CARTESIAN_POINT('',(0.690019663771,1.112330506615));
#10094 = CARTESIAN_POINT('',(0.687777941892,1.123217035181));
#10095 = CARTESIAN_POINT('',(0.685386054565,1.133996788514));
#10096 = CARTESIAN_POINT('',(0.682846057878,1.144664349182));
#10097 = CARTESIAN_POINT('',(0.68016026407,1.155215000348));
#10098 = CARTESIAN_POINT('',(0.672103257029,1.184917917741));
#10099 = CARTESIAN_POINT('',(0.666386262283,1.203777212819));
#10100 = CARTESIAN_POINT('',(0.660195619715,1.222198741988));
#10101 = CARTESIAN_POINT('',(0.65354897959,1.24016550655));
#10102 = CARTESIAN_POINT('',(0.646465046241,1.257666662495));
#10103 = CARTESIAN_POINT('',(0.638962403789,1.274696852221));
#10104 = CARTESIAN_POINT('',(0.612191070952,1.330781691327));
#10105 = CARTESIAN_POINT('',(0.591057988552,1.367576309117));
#10106 = CARTESIAN_POINT('',(0.567871301406,1.401709852392));
#10107 = CARTESIAN_POINT('',(0.542844885167,1.433236318012));
#10108 = CARTESIAN_POINT('',(0.51618871159,1.462240038654));
#10109 = CARTESIAN_POINT('',(0.488069468098,1.488824886161));
#10110 = CARTESIAN_POINT('',(0.447370784857,1.522333552167));
#10111 = CARTESIAN_POINT('',(0.435957434184,1.531233178393));
#10112 = CARTESIAN_POINT('',(0.424358973137,1.539798876208));
#10113 = CARTESIAN_POINT('',(0.41258338764,1.548034603772));
#10114 = CARTESIAN_POINT('',(0.400638529535,1.55594394486));
#10115 = CARTESIAN_POINT('',(0.388532078778,1.563530174866));
#10116 = CARTESIAN_POINT('',(0.37627150564,1.570796326795));
#10117 = ( GEOMETRIC_REPRESENTATION_CONTEXT(2) 
PARAMETRIC_REPRESENTATION_CONTEXT() REPRESENTATION_CONTEXT('2D SPACE',''
  ) );
#10118 = PCURVE('',#10119,#10124);
#10119 = PLANE('',#10120);
#10120 = AXIS2_PLACEMENT_3D('',#10121,#10122,#10123);
#10121 = CARTESIAN_POINT('',(143.30728127852,-16.,120.37037037037));
#10122 = DIRECTION('',(0.,-0.707106781187,0.707106781187));
#10123 = DIRECTION('',(0.,-0.707106781187,-0.707106781187));
#10124 = DEFINITIONAL_REPRESENTATION('',(#10125),#10182);
#10125 = B_SPLINE_CURVE_WITH_KNOTS('',7,(#10126,#10127,#10128,#10129,
    #10130,#10131,#10132,#10133,#10134,#10135,#10136,#10137,#10138,
    #10139,#10140,#10141,#10142,#10143,#10144,#10145,#10146,#10147,
    #10148,#10149,#10150,#10151,#10152,#10153,#10154,#10155,#10156,
    #10157,#10158,#10159,#10160,#10161,#10162,#10163,#10164,#10165,
    #10166,#10167,#10168,#10169,#10170,#10171,#10172,#10173,#10174,
    #10175,#10176,#10177,#10178,#10179,#10180,#10181),.UNSPECIFIED.,.F.,
  .F.,(8,6,6,6,6,6,6,6,6,8),(0.,7.714779821315E-03,7.469385774923E-02,
    0.212154642829,0.316164643085,0.361757492239,0.433165877568,
    0.565123057073,0.880109436909,1.),.UNSPECIFIED.);
#10126 = CARTESIAN_POINT('',(-0.282842712475,-158.4519223005));
#10127 = CARTESIAN_POINT('',(-0.275252661015,-158.4515520189));
#10128 = CARTESIAN_POINT('',(-0.267663727881,-158.4511613748));
#10129 = CARTESIAN_POINT('',(-0.260075992824,-158.4507503278));
#10130 = CARTESIAN_POINT('',(-0.252489530499,-158.450318838));
#10131 = CARTESIAN_POINT('',(-0.244904410459,-158.4498668663));
#10132 = CARTESIAN_POINT('',(-0.237320697158,-158.4493943744));
#10133 = CARTESIAN_POINT('',(-0.16391000919,-158.4446207065));
#10134 = CARTESIAN_POINT('',(-9.819240122029E-02,-158.4387904779));
#10135 = CARTESIAN_POINT('',(-3.263123926763E-02,-158.4313856947));
#10136 = CARTESIAN_POINT('',(3.272522252544E-02,-158.4223833827));
#10137 = CARTESIAN_POINT('',(9.782619667928E-02,-158.4117632117));
#10138 = CARTESIAN_POINT('',(0.162618469959,-158.3995081695));
#10139 = CARTESIAN_POINT('',(0.359271817282,-158.3570723213));
#10140 = CARTESIAN_POINT('',(0.489986311786,-158.3215936882));
#10141 = CARTESIAN_POINT('',(0.61867679465,-158.2790595261));
#10142 = CARTESIAN_POINT('',(0.744828888347,-158.2294350444));
#10143 = CARTESIAN_POINT('',(0.867931341938,-158.1727701629));
#10144 = CARTESIAN_POINT('',(0.987485022227,-158.1092201912));
#10145 = CARTESIAN_POINT('',(1.190433803651,-157.986003876));
#10146 = CARTESIAN_POINT('',(1.275561976311,-157.929147354));
#10147 = CARTESIAN_POINT('',(1.358198112742,-157.8686309742));
#10148 = CARTESIAN_POINT('',(1.438172770304,-157.8046055039));
#10149 = CARTESIAN_POINT('',(1.515348473557,-157.7372472233));
#10150 = CARTESIAN_POINT('',(1.589618127109,-157.6667557147));
#10151 = CARTESIAN_POINT('',(1.692151385227,-157.561174934));
#10152 = CARTESIAN_POINT('',(1.722826845047,-157.528437521));
#10153 = CARTESIAN_POINT('',(1.752923890279,-157.4951574249));
#10154 = CARTESIAN_POINT('',(1.782437895046,-157.4613528273));
#10155 = CARTESIAN_POINT('',(1.811365525233,-157.4270420788));
#10156 = CARTESIAN_POINT('',(1.839704738487,-157.3922436993));
#10157 = CARTESIAN_POINT('',(1.910917432312,-157.3017400296));
#10158 = CARTESIAN_POINT('',(1.952934910961,-157.2453529783));
#10159 = CARTESIAN_POINT('',(1.993504011877,-157.1878865732));
#10160 = CARTESIAN_POINT('',(2.032629245329,-157.1294112917));
#10161 = CARTESIAN_POINT('',(2.070321815165,-157.0699960376));
#10162 = CARTESIAN_POINT('',(2.106598593829,-157.0097074401));
#10163 = CARTESIAN_POINT('',(2.205941269125,-156.8357042397));
#10164 = CARTESIAN_POINT('',(2.265637183252,-156.7200391123));
#10165 = CARTESIAN_POINT('',(2.320712352324,-156.6020070365));
#10166 = CARTESIAN_POINT('',(2.371358235854,-156.4819673648));
#10167 = CARTESIAN_POINT('',(2.417799647646,-156.3602390263));
#10168 = CARTESIAN_POINT('',(2.460280163128,-156.2370940172));
#10169 = CARTESIAN_POINT('',(2.591586572686,-155.8159395177));
#10170 = CARTESIAN_POINT('',(2.662865057769,-155.5126403943));
#10171 = CARTESIAN_POINT('',(2.716507684369,-155.2053616644));
#10172 = CARTESIAN_POINT('',(2.755774104641,-154.8959411752));
#10173 = CARTESIAN_POINT('',(2.78359886216,-154.5855686256));
#10174 = CARTESIAN_POINT('',(2.802429189861,-154.2747576947));
#10175 = CARTESIAN_POINT('',(2.818826162168,-153.8448336538));
#10176 = CARTESIAN_POINT('',(2.822337659968,-153.7262627736));
#10177 = CARTESIAN_POINT('',(2.824952876835,-153.6076604403));
#10178 = CARTESIAN_POINT('',(2.826776241026,-153.4890379354));
#10179 = CARTESIAN_POINT('',(2.827904472624,-153.3704035185));
#10180 = CARTESIAN_POINT('',(2.828427124746,-153.2517624457));
#10181 = CARTESIAN_POINT('',(2.828427124746,-153.133116988));
#10182 = ( GEOMETRIC_REPRESENTATION_CONTEXT(2) 
PARAMETRIC_REPRESENTATION_CONTEXT() REPRESENTATION_CONTEXT('2D SPACE',''
  ) );
#10183 = ADVANCED_FACE('',(#10184),#5237,.T.);
#10184 = FACE_BOUND('',#10185,.F.);
#10185 = EDGE_LOOP('',(#10186,#10208,#10209,#10210));
#10186 = ORIENTED_EDGE('',*,*,#10187,.F.);
#10187 = EDGE_CURVE('',#5200,#7215,#10188,.T.);
#10188 = SURFACE_CURVE('',#10189,(#10194,#10201),.PCURVE_S1.);
#10189 = CIRCLE('',#10190,2.);
#10190 = AXIS2_PLACEMENT_3D('',#10191,#10192,#10193);
#10191 = CARTESIAN_POINT('',(-25.96813332947,-9.,51.089237171036));
#10192 = DIRECTION('',(-0.642787609686,1.7E-16,0.766044443119));
#10193 = DIRECTION('',(-0.766044443119,-1.4E-16,-0.642787609686));
#10194 = PCURVE('',#5237,#10195);
#10195 = DEFINITIONAL_REPRESENTATION('',(#10196),#10200);
#10196 = LINE('',#10197,#10198);
#10197 = CARTESIAN_POINT('',(-0.,0.));
#10198 = VECTOR('',#10199,1.);
#10199 = DIRECTION('',(-0.,1.));
#10200 = ( GEOMETRIC_REPRESENTATION_CONTEXT(2) 
PARAMETRIC_REPRESENTATION_CONTEXT() REPRESENTATION_CONTEXT('2D SPACE',''
  ) );
#10201 = PCURVE('',#5347,#10202);
#10202 = DEFINITIONAL_REPRESENTATION('',(#10203),#10207);
#10203 = LINE('',#10204,#10205);
#10204 = CARTESIAN_POINT('',(0.,15.343054046063));
#10205 = VECTOR('',#10206,1.);
#10206 = DIRECTION('',(1.,0.));
#10207 = ( GEOMETRIC_REPRESENTATION_CONTEXT(2) 
PARAMETRIC_REPRESENTATION_CONTEXT() REPRESENTATION_CONTEXT('2D SPACE',''
  ) );
#10208 = ORIENTED_EDGE('',*,*,#5222,.T.);
#10209 = ORIENTED_EDGE('',*,*,#9426,.T.);
#10210 = ORIENTED_EDGE('',*,*,#7214,.F.);
#10211 = ADVANCED_FACE('',(#10212),#5271,.T.);
#10212 = FACE_BOUND('',#10213,.F.);
#10213 = EDGE_LOOP('',(#10214,#10215,#10239,#10260));
#10214 = ORIENTED_EDGE('',*,*,#5255,.F.);
#10215 = ORIENTED_EDGE('',*,*,#10216,.T.);
#10216 = EDGE_CURVE('',#5256,#10217,#10219,.T.);
#10217 = VERTEX_POINT('',#10218);
#10218 = CARTESIAN_POINT('',(6.518737304106,-17.34858005373,
    121.7189504241));
#10219 = SURFACE_CURVE('',#10220,(#10225,#10232),.PCURVE_S1.);
#10220 = CIRCLE('',#10221,6.);
#10221 = AXIS2_PLACEMENT_3D('',#10222,#10223,#10224);
#10222 = CARTESIAN_POINT('',(6.518737304106,-12.,119.));
#10223 = DIRECTION('',(1.,0.,-1.8E-16));
#10224 = DIRECTION('',(1.8E-16,0.,1.));
#10225 = PCURVE('',#5271,#10226);
#10226 = DEFINITIONAL_REPRESENTATION('',(#10227),#10231);
#10227 = LINE('',#10228,#10229);
#10228 = CARTESIAN_POINT('',(-0.,0.));
#10229 = VECTOR('',#10230,1.);
#10230 = DIRECTION('',(-1.,0.));
#10231 = ( GEOMETRIC_REPRESENTATION_CONTEXT(2) 
PARAMETRIC_REPRESENTATION_CONTEXT() REPRESENTATION_CONTEXT('2D SPACE',''
  ) );
#10232 = PCURVE('',#5400,#10233);
#10233 = DEFINITIONAL_REPRESENTATION('',(#10234),#10238);
#10234 = LINE('',#10235,#10236);
#10235 = CARTESIAN_POINT('',(1.520808053013,0.));
#10236 = VECTOR('',#10237,1.);
#10237 = DIRECTION('',(0.,1.));
#10238 = ( GEOMETRIC_REPRESENTATION_CONTEXT(2) 
PARAMETRIC_REPRESENTATION_CONTEXT() REPRESENTATION_CONTEXT('2D SPACE',''
  ) );
#10239 = ORIENTED_EDGE('',*,*,#10240,.T.);
#10240 = EDGE_CURVE('',#10217,#9457,#10241,.T.);
#10241 = SURFACE_CURVE('',#10242,(#10246,#10253),.PCURVE_S1.);
#10242 = LINE('',#10243,#10244);
#10243 = CARTESIAN_POINT('',(6.518737304106,-17.34858005373,
    121.7189504241));
#10244 = VECTOR('',#10245,1.);
#10245 = DIRECTION('',(-1.,0.,0.));
#10246 = PCURVE('',#5271,#10247);
#10247 = DEFINITIONAL_REPRESENTATION('',(#10248),#10252);
#10248 = LINE('',#10249,#10250);
#10249 = CARTESIAN_POINT('',(-1.10049108967,0.));
#10250 = VECTOR('',#10251,1.);
#10251 = DIRECTION('',(-0.,1.));
#10252 = ( GEOMETRIC_REPRESENTATION_CONTEXT(2) 
PARAMETRIC_REPRESENTATION_CONTEXT() REPRESENTATION_CONTEXT('2D SPACE',''
  ) );
#10253 = PCURVE('',#9506,#10254);
#10254 = DEFINITIONAL_REPRESENTATION('',(#10255),#10259);
#10255 = LINE('',#10256,#10257);
#10256 = CARTESIAN_POINT('',(0.921246922804,-136.7885439744));
#10257 = VECTOR('',#10258,1.);
#10258 = DIRECTION('',(0.,-1.));
#10259 = ( GEOMETRIC_REPRESENTATION_CONTEXT(2) 
PARAMETRIC_REPRESENTATION_CONTEXT() REPRESENTATION_CONTEXT('2D SPACE',''
  ) );
#10260 = ORIENTED_EDGE('',*,*,#9535,.F.);
#10261 = ADVANCED_FACE('',(#10262),#5347,.T.);
#10262 = FACE_BOUND('',#10263,.T.);
#10263 = EDGE_LOOP('',(#10264,#10265,#10266,#10267));
#10264 = ORIENTED_EDGE('',*,*,#5490,.T.);
#10265 = ORIENTED_EDGE('',*,*,#7238,.T.);
#10266 = ORIENTED_EDGE('',*,*,#10187,.F.);
#10267 = ORIENTED_EDGE('',*,*,#5333,.F.);
#10268 = ADVANCED_FACE('',(#10269),#5400,.T.);
#10269 = FACE_BOUND('',#10270,.T.);
#10270 = EDGE_LOOP('',(#10271,#10294,#10295,#10296,#10370,#10552,#10580,
    #10672,#10797,#10825,#10935));
#10271 = ORIENTED_EDGE('',*,*,#10272,.F.);
#10272 = EDGE_CURVE('',#5363,#10273,#10275,.T.);
#10273 = VERTEX_POINT('',#10274);
#10274 = CARTESIAN_POINT('',(19.514999626722,-16.46090884634,
    110.65020226476));
#10275 = SURFACE_CURVE('',#10276,(#10281,#10287),.PCURVE_S1.);
#10276 = CIRCLE('',#10277,6.);
#10277 = AXIS2_PLACEMENT_3D('',#10278,#10279,#10280);
#10278 = CARTESIAN_POINT('',(15.507494940598,-12.,110.44970674046));
#10279 = DIRECTION('',(4.99675208504E-02,0.,-0.998750843234));
#10280 = DIRECTION('',(-0.998750843234,0.,-4.99675208504E-02));
#10281 = PCURVE('',#5400,#10282);
#10282 = DEFINITIONAL_REPRESENTATION('',(#10283),#10286);
#10283 = B_SPLINE_CURVE_WITH_KNOTS('',1,(#10284,#10285),.UNSPECIFIED.,
  .F.,.F.,(2,2),(3.14159265359,4.712388980385),
  .PIECEWISE_BEZIER_KNOTS.);
#10284 = CARTESIAN_POINT('',(-9.E-16,0.));
#10285 = CARTESIAN_POINT('',(-9.E-16,1.570796326795));
#10286 = ( GEOMETRIC_REPRESENTATION_CONTEXT(2) 
PARAMETRIC_REPRESENTATION_CONTEXT() REPRESENTATION_CONTEXT('2D SPACE',''
  ) );
#10287 = PCURVE('',#5538,#10288);
#10288 = DEFINITIONAL_REPRESENTATION('',(#10289),#10293);
#10289 = LINE('',#10290,#10291);
#10290 = CARTESIAN_POINT('',(1.259012204264,0.));
#10291 = VECTOR('',#10292,1.);
#10292 = DIRECTION('',(0.,1.));
#10293 = ( GEOMETRIC_REPRESENTATION_CONTEXT(2) 
PARAMETRIC_REPRESENTATION_CONTEXT() REPRESENTATION_CONTEXT('2D SPACE',''
  ) );
#10294 = ORIENTED_EDGE('',*,*,#5385,.T.);
#10295 = ORIENTED_EDGE('',*,*,#10216,.T.);
#10296 = ORIENTED_EDGE('',*,*,#10297,.F.);
#10297 = EDGE_CURVE('',#10298,#10217,#10300,.T.);
#10298 = VERTEX_POINT('',#10299);
#10299 = CARTESIAN_POINT('',(15.118380643881,-16.,120.37037037037));
#10300 = SURFACE_CURVE('',#10301,(#10322,#10346),.PCURVE_S1.);
#10301 = B_SPLINE_CURVE_WITH_KNOTS('',7,(#10302,#10303,#10304,#10305,
    #10306,#10307,#10308,#10309,#10310,#10311,#10312,#10313,#10314,
    #10315,#10316,#10317,#10318,#10319,#10320,#10321),.UNSPECIFIED.,.F.,
  .F.,(8,6,6,8),(0.,1.333335225815E-02,0.533017060989,1.),
  .UNSPECIFIED.);
#10302 = CARTESIAN_POINT('',(15.612829410878,-15.8,120.17037037037));
#10303 = CARTESIAN_POINT('',(15.597396805828,-15.80657791098,
    120.17694828135));
#10304 = CARTESIAN_POINT('',(15.581948206762,-15.8131372353,
    120.18350760567));
#10305 = CARTESIAN_POINT('',(15.566483715342,-15.81967796321,
    120.19004833359));
#10306 = CARTESIAN_POINT('',(15.551003422657,-15.82620009242,
    120.19657046279));
#10307 = CARTESIAN_POINT('',(15.535507409226,-15.83270362804,
    120.20307399842));
#10308 = CARTESIAN_POINT('',(15.519995744995,-15.83918858267,
    120.20955895304));
#10309 = CARTESIAN_POINT('',(14.899274712915,-16.09769057535,
    120.46806094572));
#10310 = CARTESIAN_POINT('',(14.270498619478,-16.32148216357,
    120.69185253394));
#10311 = CARTESIAN_POINT('',(13.622710922624,-16.51752923053,
    120.8878996009));
#10312 = CARTESIAN_POINT('',(12.959994643175,-16.68689280893,
    121.05726317931));
#10313 = CARTESIAN_POINT('',(12.285884015134,-16.83107801173,
    121.2014483821));
#10314 = CARTESIAN_POINT('',(11.603307044841,-16.95190766054,
    121.32227803091));
#10315 = CARTESIAN_POINT('',(10.295376186107,-17.14033604933,
    121.5107064197));
#10316 = CARTESIAN_POINT('',(9.671379713164,-17.21207008947,
    121.58244045984));
#10317 = CARTESIAN_POINT('',(9.043820126463,-17.26768071086,
    121.63805108123));
#10318 = CARTESIAN_POINT('',(8.413899425659,-17.30838418672,
    121.67875455709));
#10319 = CARTESIAN_POINT('',(7.782613159796,-17.33517939505,
    121.70554976542));
#10320 = CARTESIAN_POINT('',(7.150719728227,-17.34858005373,
    121.7189504241));
#10321 = CARTESIAN_POINT('',(6.518737304106,-17.34858005373,
    121.7189504241));
#10322 = PCURVE('',#5400,#10323);
#10323 = DEFINITIONAL_REPRESENTATION('',(#10324),#10345);
#10324 = B_SPLINE_CURVE_WITH_KNOTS('',7,(#10325,#10326,#10327,#10328,
    #10329,#10330,#10331,#10332,#10333,#10334,#10335,#10336,#10337,
    #10338,#10339,#10340,#10341,#10342,#10343,#10344),.UNSPECIFIED.,.F.,
  .F.,(8,6,6,8),(0.,1.333335225815E-02,0.533017060989,1.),
  .UNSPECIFIED.);
#10325 = CARTESIAN_POINT('',(0.791220922881,0.685853171334));
#10326 = CARTESIAN_POINT('',(0.792385512508,0.687269824991));
#10327 = CARTESIAN_POINT('',(0.793550840288,0.68868425897));
#10328 = CARTESIAN_POINT('',(0.794717211861,0.690096601382));
#10329 = CARTESIAN_POINT('',(0.795884793978,0.691506919916));
#10330 = CARTESIAN_POINT('',(0.7970536145,0.692915221838));
#10331 = CARTESIAN_POINT('',(0.798223562397,0.694321453989));
#10332 = CARTESIAN_POINT('',(0.845028737669,0.750450021694));
#10333 = CARTESIAN_POINT('',(0.892240535618,0.80195939359));
#10334 = CARTESIAN_POINT('',(0.941112282505,0.850012393339));
#10335 = CARTESIAN_POINT('',(0.99169923144,0.894305332385));
#10336 = CARTESIAN_POINT('',(1.044012899106,0.934465338557));
#10337 = CARTESIAN_POINT('',(1.097975060974,0.970069791556));
#10338 = CARTESIAN_POINT('',(1.20324647825,1.02825929847));
#10339 = CARTESIAN_POINT('',(1.254258597449,1.05179218624));
#10340 = CARTESIAN_POINT('',(1.306351812219,1.071037177283));
#10341 = CARTESIAN_POINT('',(1.35934331427,1.085707798797));
#10342 = CARTESIAN_POINT('',(1.412959234206,1.095562420581));
#10343 = CARTESIAN_POINT('',(1.466879808481,1.10049108967));
#10344 = CARTESIAN_POINT('',(1.520808053013,1.10049108967));
#10345 = ( GEOMETRIC_REPRESENTATION_CONTEXT(2) 
PARAMETRIC_REPRESENTATION_CONTEXT() REPRESENTATION_CONTEXT('2D SPACE',''
  ) );
#10346 = PCURVE('',#9506,#10347);
#10347 = DEFINITIONAL_REPRESENTATION('',(#10348),#10369);
#10348 = B_SPLINE_CURVE_WITH_KNOTS('',7,(#10349,#10350,#10351,#10352,
    #10353,#10354,#10355,#10356,#10357,#10358,#10359,#10360,#10361,
    #10362,#10363,#10364,#10365,#10366,#10367,#10368),.UNSPECIFIED.,.F.,
  .F.,(8,6,6,8),(0.,1.333335225815E-02,0.533017060989,1.),
  .UNSPECIFIED.);
#10349 = CARTESIAN_POINT('',(3.111269837221,-127.6944518676));
#10350 = CARTESIAN_POINT('',(3.101967266297,-127.7098844726));
#10351 = CARTESIAN_POINT('',(3.092690980882,-127.7253330717));
#10352 = CARTESIAN_POINT('',(3.083440994756,-127.7407975631));
#10353 = CARTESIAN_POINT('',(3.074217311181,-127.7562778558));
#10354 = CARTESIAN_POINT('',(3.065019922895,-127.7717738692));
#10355 = CARTESIAN_POINT('',(3.055848812118,-127.7872855335));
#10356 = CARTESIAN_POINT('',(2.690271788169,-128.4080065656));
#10357 = CARTESIAN_POINT('',(2.373782688954,-129.036782659));
#10358 = CARTESIAN_POINT('',(2.096530267995,-129.6845703558));
#10359 = CARTESIAN_POINT('',(1.857013998448,-130.3472866353));
#10360 = CARTESIAN_POINT('',(1.653105329163,-131.0213972633));
#10361 = CARTESIAN_POINT('',(1.482226401079,-131.7039742336));
#10362 = CARTESIAN_POINT('',(1.215748418108,-133.0119050924));
#10363 = CARTESIAN_POINT('',(1.114301165667,-133.6359015653));
#10364 = CARTESIAN_POINT('',(1.035655870687,-134.263461152));
#10365 = CARTESIAN_POINT('',(0.97809246308,-134.8933818528));
#10366 = CARTESIAN_POINT('',(0.940198316065,-135.5246681187));
#10367 = CARTESIAN_POINT('',(0.921246922804,-136.1565615502));
#10368 = CARTESIAN_POINT('',(0.921246922804,-136.7885439744));
#10369 = ( GEOMETRIC_REPRESENTATION_CONTEXT(2) 
PARAMETRIC_REPRESENTATION_CONTEXT() REPRESENTATION_CONTEXT('2D SPACE',''
  ) );
#10370 = ORIENTED_EDGE('',*,*,#10371,.T.);
#10371 = EDGE_CURVE('',#10298,#10372,#10374,.T.);
#10372 = VERTEX_POINT('',#10373);
#10373 = CARTESIAN_POINT('',(9.82583570948,-18.,118.37037037037));
#10374 = SURFACE_CURVE('',#10375,(#10432,#10492),.PCURVE_S1.);
#10375 = B_SPLINE_CURVE_WITH_KNOTS('',7,(#10376,#10377,#10378,#10379,
    #10380,#10381,#10382,#10383,#10384,#10385,#10386,#10387,#10388,
    #10389,#10390,#10391,#10392,#10393,#10394,#10395,#10396,#10397,
    #10398,#10399,#10400,#10401,#10402,#10403,#10404,#10405,#10406,
    #10407,#10408,#10409,#10410,#10411,#10412,#10413,#10414,#10415,
    #10416,#10417,#10418,#10419,#10420,#10421,#10422,#10423,#10424,
    #10425,#10426,#10427,#10428,#10429,#10430,#10431),.UNSPECIFIED.,.F.,
  .F.,(8,6,6,6,6,6,6,6,6,8),(0.,7.714779821301E-03,7.469385774915E-02,
    0.212154642829,0.316164643078,0.361757492231,0.43316587756,
    0.565123057064,0.880109436897,1.),.UNSPECIFIED.);
#10376 = CARTESIAN_POINT('',(15.144641021987,-15.8,120.57037037037));
#10377 = CARTESIAN_POINT('',(15.1442707404,-15.80536697685,
    120.56500339351));
#10378 = CARTESIAN_POINT('',(15.143880096328,-15.81073316293,
    120.55963720743));
#10379 = CARTESIAN_POINT('',(15.143469049285,-15.81609850185,
    120.55427186852));
#10380 = CARTESIAN_POINT('',(15.143037559479,-15.8214629408,
    120.54890742956));
#10381 = CARTESIAN_POINT('',(15.142585587819,-15.82682643062,
    120.54354393974));
#10382 = CARTESIAN_POINT('',(15.142113095905,-15.83218892572,
    120.53818144464));
#10383 = CARTESIAN_POINT('',(15.137339428009,-15.88409812099,
    120.48627224937));
#10384 = CARTESIAN_POINT('',(15.131509199416,-15.93056748723,
    120.43980288313));
#10385 = CARTESIAN_POINT('',(15.12410441618,-15.97692622943,
    120.39344414093));
#10386 = CARTESIAN_POINT('',(15.115102104202,-16.02314022676,
    120.3472301436));
#10387 = CARTESIAN_POINT('',(15.104481933276,-16.06917356705,
    120.30119680332));
#10388 = CARTESIAN_POINT('',(15.092226891001,-16.11498862285,
    120.25538174751));
#10389 = CARTESIAN_POINT('',(15.049791042792,-16.25404353828,
    120.11632683208));
#10390 = CARTESIAN_POINT('',(15.014312409742,-16.34647264375,
    120.02389772661));
#10391 = CARTESIAN_POINT('',(14.971778247607,-16.43747055686,
    119.93289981351));
#10392 = CARTESIAN_POINT('',(14.922153765927,-16.52667355777,
    119.84369681259));
#10393 = CARTESIAN_POINT('',(14.865488884454,-16.61372013748,
    119.75665023288));
#10394 = CARTESIAN_POINT('',(14.80193891275,-16.69825735553,
    119.67211301483));
#10395 = CARTESIAN_POINT('',(14.678722597534,-16.84176381511,
    119.52860655526));
#10396 = CARTESIAN_POINT('',(14.621866075501,-16.90195852326,
    119.4684118471));
#10397 = CARTESIAN_POINT('',(14.561349695724,-16.9603910957,
    119.40997927466));
#10398 = CARTESIAN_POINT('',(14.497324225414,-17.01694171838,
    119.35342865198));
#10399 = CARTESIAN_POINT('',(14.429965944821,-17.07151318149,
    119.29885718887));
#10400 = CARTESIAN_POINT('',(14.359474436233,-17.12402975715,
    119.24634061321));
#10401 = CARTESIAN_POINT('',(14.25389365556,-17.19653171926,
    119.1738386511));
#10402 = CARTESIAN_POINT('',(14.221156242582,-17.21822254491,
    119.15214782545));
#10403 = CARTESIAN_POINT('',(14.187876146485,-17.23950436969,
    119.13086600067));
#10404 = CARTESIAN_POINT('',(14.154071548853,-17.2603739226,
    119.10999644776));
#10405 = CARTESIAN_POINT('',(14.119760800385,-17.28082884607,
    119.08954152429));
#10406 = CARTESIAN_POINT('',(14.084962420898,-17.30086769594,
    119.06950267442));
#10407 = CARTESIAN_POINT('',(13.99445875119,-17.35122267465,
    119.01914769571));
#10408 = CARTESIAN_POINT('',(13.938071699823,-17.38093351873,
    118.98943685163));
#10409 = CARTESIAN_POINT('',(13.880605294784,-17.4096202051,
    118.96075016527));
#10410 = CARTESIAN_POINT('',(13.822130013278,-17.43728592298,
    118.93308444738));
#10411 = CARTESIAN_POINT('',(13.762714759123,-17.46393859472,
    118.90643177564));
#10412 = CARTESIAN_POINT('',(13.702426161719,-17.48959015091,
    118.88078021945));
#10413 = CARTESIAN_POINT('',(13.528422961255,-17.55983603027,
    118.81053434009));
#10414 = CARTESIAN_POINT('',(13.412757833878,-17.60204741596,
    118.7683229544));
#10415 = CARTESIAN_POINT('',(13.294725758121,-17.64099144149,
    118.72937892887));
#10416 = CARTESIAN_POINT('',(13.174686086362,-17.67680348917,
    118.69356688119));
#10417 = CARTESIAN_POINT('',(13.052957747907,-17.70964252638,
    118.66072784398));
#10418 = CARTESIAN_POINT('',(12.929812738772,-17.73968078695,
    118.63068958341));
#10419 = CARTESIAN_POINT('',(12.50865823926,-17.83252843956,
    118.5378419308));
#10420 = CARTESIAN_POINT('',(12.205359115867,-17.88292993972,
    118.48744043064));
#10421 = CARTESIAN_POINT('',(11.898080386029,-17.92086100475,
    118.44950936561));
#10422 = CARTESIAN_POINT('',(11.588659896789,-17.9486265568,
    118.42174381356));
#10423 = CARTESIAN_POINT('',(11.278287347209,-17.96830163153,
    118.40206873883));
#10424 = CARTESIAN_POINT('',(10.967476416302,-17.98161668394,
    118.38875368642));
#10425 = CARTESIAN_POINT('',(10.53755237544,-17.99321109425,
    118.37715927611));
#10426 = CARTESIAN_POINT('',(10.418981495196,-17.99569409816,
    118.37467627221));
#10427 = CARTESIAN_POINT('',(10.30037916185,-17.99754333574,
    118.37282703462));
#10428 = CARTESIAN_POINT('',(10.181756656965,-17.99883264892,
    118.37153772144));
#10429 = CARTESIAN_POINT('',(10.063122240089,-17.99963042914,
    118.37073994123));
#10430 = CARTESIAN_POINT('',(9.944481167255,-18.,118.37037037037));
#10431 = CARTESIAN_POINT('',(9.82583570948,-18.,118.37037037037));
#10432 = PCURVE('',#5400,#10433);
#10433 = DEFINITIONAL_REPRESENTATION('',(#10434),#10491);
#10434 = B_SPLINE_CURVE_WITH_KNOTS('',7,(#10435,#10436,#10437,#10438,
    #10439,#10440,#10441,#10442,#10443,#10444,#10445,#10446,#10447,
    #10448,#10449,#10450,#10451,#10452,#10453,#10454,#10455,#10456,
    #10457,#10458,#10459,#10460,#10461,#10462,#10463,#10464,#10465,
    #10466,#10467,#10468,#10469,#10470,#10471,#10472,#10473,#10474,
    #10475,#10476,#10477,#10478,#10479,#10480,#10481,#10482,#10483,
    #10484,#10485,#10486,#10487,#10488,#10489,#10490),.UNSPECIFIED.,.F.,
  .F.,(8,6,6,6,6,6,6,6,6,8),(0.,7.714779821301E-03,7.469385774915E-02,
    0.212154642829,0.316164643078,0.361757492231,0.43316587756,
    0.565123057064,0.880109436897,1.),.UNSPECIFIED.);
#10435 = CARTESIAN_POINT('',(0.836359635276,0.685853103623));
#10436 = CARTESIAN_POINT('',(0.836131950482,0.687008964046));
#10437 = CARTESIAN_POINT('',(0.835905218817,0.688165840876));
#10438 = CARTESIAN_POINT('',(0.835679516004,0.689323819584));
#10439 = CARTESIAN_POINT('',(0.83545488554,0.690482945048));
#10440 = CARTESIAN_POINT('',(0.835231338696,0.691643221551));
#10441 = CARTESIAN_POINT('',(0.835008854517,0.692804612784));
#10442 = CARTESIAN_POINT('',(0.832864554896,0.704059154434));
#10443 = CARTESIAN_POINT('',(0.831020697825,0.714233143294));
#10444 = CARTESIAN_POINT('',(0.82925914716,0.724486575804));
#10445 = CARTESIAN_POINT('',(0.827583351815,0.73481661795));
#10446 = CARTESIAN_POINT('',(0.825996842112,0.745219975449));
#10447 = CARTESIAN_POINT('',(0.824503200834,0.755692834861));
#10448 = CARTESIAN_POINT('',(0.820238637193,0.787857821));
#10449 = CARTESIAN_POINT('',(0.817777067204,0.809762879094));
#10450 = CARTESIAN_POINT('',(0.815753459516,0.831902877233));
#10451 = CARTESIAN_POINT('',(0.814198718499,0.854229981895));
#10452 = CARTESIAN_POINT('',(0.81314219693,0.876690001533));
#10453 = CARTESIAN_POINT('',(0.812609840799,0.89922018053));
#10454 = CARTESIAN_POINT('',(0.812629091754,0.938790936121));
#10455 = CARTESIAN_POINT('',(0.812948452824,0.955835867301));
#10456 = CARTESIAN_POINT('',(0.813587290746,0.97284977048));
#10457 = CARTESIAN_POINT('',(0.814551926719,0.989802452547));
#10458 = CARTESIAN_POINT('',(0.815846425298,1.006664660685));
#10459 = CARTESIAN_POINT('',(0.817472424405,1.023407779367));
#10460 = CARTESIAN_POINT('',(0.820286616286,1.047278283942));
#10461 = CARTESIAN_POINT('',(0.821207808114,1.054524953417));
#10462 = CARTESIAN_POINT('',(0.822192476416,1.061741305192));
#10463 = CARTESIAN_POINT('',(0.823240482569,1.068925213165));
#10464 = CARTESIAN_POINT('',(0.824351613724,1.076074655727));
#10465 = CARTESIAN_POINT('',(0.825525582807,1.083187715756));
#10466 = CARTESIAN_POINT('',(0.828698573264,1.101343368191));
#10467 = CARTESIAN_POINT('',(0.83078838924,1.112330506607));
#10468 = CARTESIAN_POINT('',(0.833030111119,1.123217035173));
#10469 = CARTESIAN_POINT('',(0.835421998446,1.133996788506));
#10470 = CARTESIAN_POINT('',(0.837961995133,1.144664349173));
#10471 = CARTESIAN_POINT('',(0.84064778894,1.155215000339));
#10472 = CARTESIAN_POINT('',(0.848704795981,1.184917917733));
#10473 = CARTESIAN_POINT('',(0.854421790727,1.203777212811));
#10474 = CARTESIAN_POINT('',(0.860612433294,1.22219874198));
#10475 = CARTESIAN_POINT('',(0.86725907342,1.240165506542));
#10476 = CARTESIAN_POINT('',(0.874343006768,1.257666662487));
#10477 = CARTESIAN_POINT('',(0.88184564922,1.274696852213));
#10478 = CARTESIAN_POINT('',(0.908616982057,1.330781691319));
#10479 = CARTESIAN_POINT('',(0.929750064456,1.367576309109));
#10480 = CARTESIAN_POINT('',(0.952936751601,1.401709852384));
#10481 = CARTESIAN_POINT('',(0.977963167839,1.433236318005));
#10482 = CARTESIAN_POINT('',(1.004619341416,1.462240038647));
#10483 = CARTESIAN_POINT('',(1.032738584907,1.488824886155));
#10484 = CARTESIAN_POINT('',(1.073437268148,1.522333552162));
#10485 = CARTESIAN_POINT('',(1.084850618822,1.531233178388));
#10486 = CARTESIAN_POINT('',(1.096449079871,1.539798876205));
#10487 = CARTESIAN_POINT('',(1.108224665369,1.54803460377));
#10488 = CARTESIAN_POINT('',(1.120169523475,1.555943944859));
#10489 = CARTESIAN_POINT('',(1.132275974233,1.563530174865));
#10490 = CARTESIAN_POINT('',(1.144536547373,1.570796326795));
#10491 = ( GEOMETRIC_REPRESENTATION_CONTEXT(2) 
PARAMETRIC_REPRESENTATION_CONTEXT() REPRESENTATION_CONTEXT('2D SPACE',''
  ) );
#10492 = PCURVE('',#10119,#10493);
#10493 = DEFINITIONAL_REPRESENTATION('',(#10494),#10551);
#10494 = B_SPLINE_CURVE_WITH_KNOTS('',7,(#10495,#10496,#10497,#10498,
    #10499,#10500,#10501,#10502,#10503,#10504,#10505,#10506,#10507,
    #10508,#10509,#10510,#10511,#10512,#10513,#10514,#10515,#10516,
    #10517,#10518,#10519,#10520,#10521,#10522,#10523,#10524,#10525,
    #10526,#10527,#10528,#10529,#10530,#10531,#10532,#10533,#10534,
    #10535,#10536,#10537,#10538,#10539,#10540,#10541,#10542,#10543,
    #10544,#10545,#10546,#10547,#10548,#10549,#10550),.UNSPECIFIED.,.F.,
  .F.,(8,6,6,6,6,6,6,6,6,8),(0.,7.714779821301E-03,7.469385774915E-02,
    0.212154642829,0.316164643078,0.361757492231,0.43316587756,
    0.565123057064,0.880109436897,1.),.UNSPECIFIED.);
#10495 = CARTESIAN_POINT('',(-0.282842712475,-128.1626402565));
#10496 = CARTESIAN_POINT('',(-0.275252661015,-128.1630105381));
#10497 = CARTESIAN_POINT('',(-0.267663727881,-128.1634011821));
#10498 = CARTESIAN_POINT('',(-0.260075992824,-128.1638122292));
#10499 = CARTESIAN_POINT('',(-0.252489530499,-128.164243719));
#10500 = CARTESIAN_POINT('',(-0.244904410459,-128.1646956907));
#10501 = CARTESIAN_POINT('',(-0.237320697158,-128.1651681826));
#10502 = CARTESIAN_POINT('',(-0.16391000919,-128.1699418505));
#10503 = CARTESIAN_POINT('',(-9.819240122035E-02,-128.1757720791));
#10504 = CARTESIAN_POINT('',(-3.263123926767E-02,-128.1831768623));
#10505 = CARTESIAN_POINT('',(3.272522252541E-02,-128.1921791743));
#10506 = CARTESIAN_POINT('',(9.782619667922E-02,-128.2027993452));
#10507 = CARTESIAN_POINT('',(0.162618469959,-128.2150543875));
#10508 = CARTESIAN_POINT('',(0.359271817282,-128.2574902357));
#10509 = CARTESIAN_POINT('',(0.489986311786,-128.2929688687));
#10510 = CARTESIAN_POINT('',(0.61867679465,-128.3355030309));
#10511 = CARTESIAN_POINT('',(0.744828888347,-128.3851275125));
#10512 = CARTESIAN_POINT('',(0.867931341938,-128.441792394));
#10513 = CARTESIAN_POINT('',(0.987485022227,-128.5053423657));
#10514 = CARTESIAN_POINT('',(1.190433803645,-128.6285586809));
#10515 = CARTESIAN_POINT('',(1.275561976299,-128.685415203));
#10516 = CARTESIAN_POINT('',(1.358198112725,-128.7459315827));
#10517 = CARTESIAN_POINT('',(1.438172770281,-128.8099570531));
#10518 = CARTESIAN_POINT('',(1.51534847353,-128.8773153337));
#10519 = CARTESIAN_POINT('',(1.589618127078,-128.9478068422));
#10520 = CARTESIAN_POINT('',(1.692151385192,-129.0533876229));
#10521 = CARTESIAN_POINT('',(1.722826845012,-129.0861250359));
#10522 = CARTESIAN_POINT('',(1.752923890245,-129.119405132));
#10523 = CARTESIAN_POINT('',(1.782437895012,-129.1532097296));
#10524 = CARTESIAN_POINT('',(1.8113655252,-129.1875204781));
#10525 = CARTESIAN_POINT('',(1.839704738454,-129.2223188576));
#10526 = CARTESIAN_POINT('',(1.91091743228,-129.3128225273));
#10527 = CARTESIAN_POINT('',(1.952934910931,-129.3692095787));
#10528 = CARTESIAN_POINT('',(1.993504011847,-129.4266759837));
#10529 = CARTESIAN_POINT('',(2.0326292453,-129.4851512652));
#10530 = CARTESIAN_POINT('',(2.070321815136,-129.5445665194));
#10531 = CARTESIAN_POINT('',(2.106598593801,-129.6048551168));
#10532 = CARTESIAN_POINT('',(2.205941269099,-129.7788583172));
#10533 = CARTESIAN_POINT('',(2.265637183227,-129.8945234446));
#10534 = CARTESIAN_POINT('',(2.3207123523,-130.0125555204));
#10535 = CARTESIAN_POINT('',(2.371358235831,-130.1325951921));
#10536 = CARTESIAN_POINT('',(2.417799647624,-130.2543235306));
#10537 = CARTESIAN_POINT('',(2.460280163107,-130.3774685397));
#10538 = CARTESIAN_POINT('',(2.59158657267,-130.7986230392));
#10539 = CARTESIAN_POINT('',(2.662865057755,-131.1019221626));
#10540 = CARTESIAN_POINT('',(2.716507684358,-131.4092008924));
#10541 = CARTESIAN_POINT('',(2.755774104632,-131.7186213817));
#10542 = CARTESIAN_POINT('',(2.783598862154,-132.0289939313));
#10543 = CARTESIAN_POINT('',(2.802429189856,-132.3398048622));
#10544 = CARTESIAN_POINT('',(2.818826162166,-132.769728903));
#10545 = CARTESIAN_POINT('',(2.822337659966,-132.8882997833));
#10546 = CARTESIAN_POINT('',(2.824952876835,-133.0069021166));
#10547 = CARTESIAN_POINT('',(2.826776241026,-133.1255246215));
#10548 = CARTESIAN_POINT('',(2.827904472624,-133.2441590384));
#10549 = CARTESIAN_POINT('',(2.828427124746,-133.3628001112));
#10550 = CARTESIAN_POINT('',(2.828427124746,-133.481445569));
#10551 = ( GEOMETRIC_REPRESENTATION_CONTEXT(2) 
PARAMETRIC_REPRESENTATION_CONTEXT() REPRESENTATION_CONTEXT('2D SPACE',''
  ) );
#10552 = ORIENTED_EDGE('',*,*,#10553,.F.);
#10553 = EDGE_CURVE('',#10554,#10372,#10556,.T.);
#10554 = VERTEX_POINT('',#10555);
#10555 = CARTESIAN_POINT('',(11.110134998125,-18.,117.74074074074));
#10556 = SURFACE_CURVE('',#10557,(#10562,#10569),.PCURVE_S1.);
#10557 = CIRCLE('',#10558,9.);
#10558 = AXIS2_PLACEMENT_3D('',#10559,#10560,#10561);
#10559 = CARTESIAN_POINT('',(6.518737304106,-18.,110.));
#10560 = DIRECTION('',(0.,-1.,0.));
#10561 = DIRECTION('',(0.998750846393,0.,4.996745770414E-02));
#10562 = PCURVE('',#5400,#10563);
#10563 = DEFINITIONAL_REPRESENTATION('',(#10564),#10568);
#10564 = LINE('',#10565,#10566);
#10565 = CARTESIAN_POINT('',(0.,1.570796326795));
#10566 = VECTOR('',#10567,1.);
#10567 = DIRECTION('',(1.,0.));
#10568 = ( GEOMETRIC_REPRESENTATION_CONTEXT(2) 
PARAMETRIC_REPRESENTATION_CONTEXT() REPRESENTATION_CONTEXT('2D SPACE',''
  ) );
#10569 = PCURVE('',#9983,#10570);
#10570 = DEFINITIONAL_REPRESENTATION('',(#10571),#10579);
#10571 = ( BOUNDED_CURVE() B_SPLINE_CURVE(2,(#10572,#10573,#10574,#10575
    ,#10576,#10577,#10578),.UNSPECIFIED.,.T.,.F.) 
B_SPLINE_CURVE_WITH_KNOTS((1,2,2,2,2,1),(-2.094395102393,0.,
    2.094395102393,4.188790204786,6.28318530718,8.377580409573),
.UNSPECIFIED.) CURVE() GEOMETRIC_REPRESENTATION_ITEM() 
RATIONAL_B_SPLINE_CURVE((1.,0.5,1.,0.5,1.,0.5,1.)) REPRESENTATION_ITEM(
  '') );
#10572 = CARTESIAN_POINT('',(47.097611412026,15.507494928423));
#10573 = CARTESIAN_POINT('',(62.66659630252,14.728579349205));
#10574 = CARTESIAN_POINT('',(54.207543178267,1.634900712509));
#10575 = CARTESIAN_POINT('',(45.748490054014,-11.45877792418));
#10576 = CARTESIAN_POINT('',(38.638558287773,2.413816291727));
#10577 = CARTESIAN_POINT('',(31.528626521531,16.28641050764));
#10578 = CARTESIAN_POINT('',(47.097611412026,15.507494928423));
#10579 = ( GEOMETRIC_REPRESENTATION_CONTEXT(2) 
PARAMETRIC_REPRESENTATION_CONTEXT() REPRESENTATION_CONTEXT('2D SPACE',''
  ) );
#10580 = ORIENTED_EDGE('',*,*,#10581,.F.);
#10581 = EDGE_CURVE('',#10582,#10554,#10584,.T.);
#10582 = VERTEX_POINT('',#10583);
#10583 = CARTESIAN_POINT('',(18.706532139005,-16.,115.74074074074));
#10584 = SURFACE_CURVE('',#10585,(#10612,#10642),.PCURVE_S1.);
#10585 = B_SPLINE_CURVE_WITH_KNOTS('',7,(#10586,#10587,#10588,#10589,
    #10590,#10591,#10592,#10593,#10594,#10595,#10596,#10597,#10598,
    #10599,#10600,#10601,#10602,#10603,#10604,#10605,#10606,#10607,
    #10608,#10609,#10610,#10611),.UNSPECIFIED.,.F.,.F.,(8,6,6,6,8),(0.,
    1.363012123596E-02,0.508464204678,0.755246976143,1.),.UNSPECIFIED.);
#10586 = CARTESIAN_POINT('',(18.986260585049,-15.8,115.54074074074));
#10587 = CARTESIAN_POINT('',(18.974588137209,-15.8087109072,
    115.54945164794));
#10588 = CARTESIAN_POINT('',(18.96288934017,-15.8174042261,
    115.55814496684));
#10589 = CARTESIAN_POINT('',(18.951164333531,-15.82607985181,
    115.56682059255));
#10590 = CARTESIAN_POINT('',(18.939413184996,-15.83473774801,
    115.57547848875));
#10591 = CARTESIAN_POINT('',(18.927635934456,-15.84337790566,
    115.5841186464));
#10592 = CARTESIAN_POINT('',(18.915832638083,-15.85200030182,
    115.59274104256));
#10593 = CARTESIAN_POINT('',(18.47454985574,-16.17298857226,
    115.913729313));
#10594 = CARTESIAN_POINT('',(18.010822363227,-16.46193450406,
    116.2026752448));
#10595 = CARTESIAN_POINT('',(17.516510841621,-16.72541235481,
    116.46615309556));
#10596 = CARTESIAN_POINT('',(16.995476127303,-16.96196343569,
    116.70270417643));
#10597 = CARTESIAN_POINT('',(16.451635693943,-17.17059934689,
    116.91134008764));
#10598 = CARTESIAN_POINT('',(15.888936944969,-17.3507769158,
    117.09151765654));
#10599 = CARTESIAN_POINT('',(15.023492715054,-17.578273329,
    117.31901406974));
#10600 = CARTESIAN_POINT('',(14.731797127542,-17.64692602545,
    117.38766676619));
#10601 = CARTESIAN_POINT('',(14.436885525203,-17.7085390682,
    117.44927980894));
#10602 = CARTESIAN_POINT('',(14.139227775747,-17.76316735123,
    117.50390809198));
#10603 = CARTESIAN_POINT('',(13.839271021014,-17.8109086435,
    117.55164938425));
#10604 = CARTESIAN_POINT('',(13.5374409145,-17.85190852347,
    117.59264926421));
#10605 = CARTESIAN_POINT('',(12.933343799601,-17.9205524008,
    117.66129314154));
#10606 = CARTESIAN_POINT('',(12.63108109534,-17.9483057515,
    117.68904649224));
#10607 = CARTESIAN_POINT('',(12.327762028595,-17.96983007464,
    117.71057081538));
#10608 = CARTESIAN_POINT('',(12.023737715374,-17.98538696894,
    117.72612770968));
#10609 = CARTESIAN_POINT('',(11.719305028831,-17.99530559369,
    117.73604633443));
#10610 = CARTESIAN_POINT('',(11.414707154777,-18.,117.74074074074));
#10611 = CARTESIAN_POINT('',(11.110134998124,-18.,117.74074074074));
#10612 = PCURVE('',#5400,#10613);
#10613 = DEFINITIONAL_REPRESENTATION('',(#10614),#10641);
#10614 = B_SPLINE_CURVE_WITH_KNOTS('',7,(#10615,#10616,#10617,#10618,
    #10619,#10620,#10621,#10622,#10623,#10624,#10625,#10626,#10627,
    #10628,#10629,#10630,#10631,#10632,#10633,#10634,#10635,#10636,
    #10637,#10638,#10639,#10640),.UNSPECIFIED.,.F.,.F.,(8,6,6,6,8),(0.,
    1.363012123596E-02,0.508464204678,0.755246976143,1.),.UNSPECIFIED.);
#10615 = CARTESIAN_POINT('',(0.368210735997,0.68585319568));
#10616 = CARTESIAN_POINT('',(0.369141639923,0.68772922271));
#10617 = CARTESIAN_POINT('',(0.370072981107,0.689604432113));
#10618 = CARTESIAN_POINT('',(0.371005325985,0.691479540123));
#10619 = CARTESIAN_POINT('',(0.371938629646,0.693354484817));
#10620 = CARTESIAN_POINT('',(0.372872607757,0.695228899543));
#10621 = CARTESIAN_POINT('',(0.373807108483,0.69710258634));
#10622 = CARTESIAN_POINT('',(0.408700794621,0.766988859633));
#10623 = CARTESIAN_POINT('',(0.443657673352,0.83443498985));
#10624 = CARTESIAN_POINT('',(0.479747075582,0.901249839588));
#10625 = CARTESIAN_POINT('',(0.517132198078,0.967380570916));
#10626 = CARTESIAN_POINT('',(0.556000377325,1.032756184759));
#10627 = CARTESIAN_POINT('',(0.596573115669,1.0972731764));
#10628 = CARTESIAN_POINT('',(0.660289664284,1.192379961475));
#10629 = CARTESIAN_POINT('',(0.681977745457,1.223768865798));
#10630 = CARTESIAN_POINT('',(0.704182119108,1.254875480525));
#10631 = CARTESIAN_POINT('',(0.726936751484,1.285673836152));
#10632 = CARTESIAN_POINT('',(0.750279081554,1.316133344335));
#10633 = CARTESIAN_POINT('',(0.774249643026,1.346215695479));
#10634 = CARTESIAN_POINT('',(0.823329825764,1.405281323771));
#10635 = CARTESIAN_POINT('',(0.848430027614,1.434273520542));
#10636 = CARTESIAN_POINT('',(0.874232879668,1.462796997683));
#10637 = CARTESIAN_POINT('',(0.900783997931,1.490793382398));
#10638 = CARTESIAN_POINT('',(0.928133992135,1.518191473181));
#10639 = CARTESIAN_POINT('',(0.95633636213,1.544899810171));
#10640 = CARTESIAN_POINT('',(0.985442709062,1.570796326795));
#10641 = ( GEOMETRIC_REPRESENTATION_CONTEXT(2) 
PARAMETRIC_REPRESENTATION_CONTEXT() REPRESENTATION_CONTEXT('2D SPACE',''
  ) );
#10642 = PCURVE('',#9931,#10643);
#10643 = DEFINITIONAL_REPRESENTATION('',(#10644),#10671);
#10644 = B_SPLINE_CURVE_WITH_KNOTS('',7,(#10645,#10646,#10647,#10648,
    #10649,#10650,#10651,#10652,#10653,#10654,#10655,#10656,#10657,
    #10658,#10659,#10660,#10661,#10662,#10663,#10664,#10665,#10666,
    #10667,#10668,#10669,#10670),.UNSPECIFIED.,.F.,.F.,(8,6,6,6,8),(0.,
    1.363012123596E-02,0.508464204678,0.755246976143,1.),.UNSPECIFIED.);
#10645 = CARTESIAN_POINT('',(3.111269837221,-124.3210206934));
#10646 = CARTESIAN_POINT('',(3.098950754109,-124.3326931413));
#10647 = CARTESIAN_POINT('',(3.086656544626,-124.3443919383));
#10648 = CARTESIAN_POINT('',(3.074387357076,-124.3561169449));
#10649 = CARTESIAN_POINT('',(3.062143242851,-124.3678680935));
#10650 = CARTESIAN_POINT('',(3.049924214723,-124.379645344));
#10651 = CARTESIAN_POINT('',(3.037730305129,-124.3914486404));
#10652 = CARTESIAN_POINT('',(2.583784339709,-124.8327314227));
#10653 = CARTESIAN_POINT('',(2.175153084176,-125.2964589152));
#10654 = CARTESIAN_POINT('',(1.802539134248,-125.7907704369));
#10655 = CARTESIAN_POINT('',(1.468005387476,-126.3118051512));
#10656 = CARTESIAN_POINT('',(1.172949652257,-126.8556455845));
#10657 = CARTESIAN_POINT('',(0.91814009067,-127.4183443335));
#10658 = CARTESIAN_POINT('',(0.596411577734,-128.2837885634));
#10659 = CARTESIAN_POINT('',(0.499322003322,-128.5754841509));
#10660 = CARTESIAN_POINT('',(0.412188002653,-128.8703957533));
#10661 = CARTESIAN_POINT('',(0.334931943891,-129.1680535027));
#10662 = CARTESIAN_POINT('',(0.267415560876,-129.4680102575));
#10663 = CARTESIAN_POINT('',(0.209432974576,-129.769840364));
#10664 = CARTESIAN_POINT('',(0.112355872286,-130.3739374789));
#10665 = CARTESIAN_POINT('',(7.31067073207E-02,-130.6762001831));
#10666 = CARTESIAN_POINT('',(4.266671761431E-02,-130.9795192499));
#10667 = CARTESIAN_POINT('',(2.06659467045E-02,-131.2835435631));
#10668 = CARTESIAN_POINT('',(6.638893059744E-03,-131.5879762496));
#10669 = CARTESIAN_POINT('',(-2.84217094304E-14,-131.8925741237));
#10670 = CARTESIAN_POINT('',(-2.84217094304E-14,-132.1971462803));
#10671 = ( GEOMETRIC_REPRESENTATION_CONTEXT(2) 
PARAMETRIC_REPRESENTATION_CONTEXT() REPRESENTATION_CONTEXT('2D SPACE',''
  ) );
#10672 = ORIENTED_EDGE('',*,*,#10673,.T.);
#10673 = EDGE_CURVE('',#10582,#10674,#10676,.T.);
#10674 = VERTEX_POINT('',#10675);
#10675 = CARTESIAN_POINT('',(14.704509027686,-18.,113.74074074074));
#10676 = SURFACE_CURVE('',#10677,(#10715,#10756),.PCURVE_S1.);
#10677 = B_SPLINE_CURVE_WITH_KNOTS('',6,(#10678,#10679,#10680,#10681,
    #10682,#10683,#10684,#10685,#10686,#10687,#10688,#10689,#10690,
    #10691,#10692,#10693,#10694,#10695,#10696,#10697,#10698,#10699,
    #10700,#10701,#10702,#10703,#10704,#10705,#10706,#10707,#10708,
    #10709,#10710,#10711,#10712,#10713,#10714),.UNSPECIFIED.,.F.,.F.,(7,
    5,5,5,5,5,5,7),(0.,1.43706618217E-02,0.243563820315,0.369472599549,
    0.60445177156,0.801139901297,0.880408198307,1.),.UNSPECIFIED.);
#10678 = CARTESIAN_POINT('',(18.800697415109,-15.8,115.94074074074));
#10679 = CARTESIAN_POINT('',(18.796869753072,-15.80899777796,
    115.93174296277));
#10680 = CARTESIAN_POINT('',(18.793002856277,-15.81798706574,
    115.92275367499));
#10681 = CARTESIAN_POINT('',(18.789096693008,-15.82696771033,
    115.9137730304));
#10682 = CARTESIAN_POINT('',(18.785151228566,-15.8359395748,
    115.90480116594));
#10683 = CARTESIAN_POINT('',(18.781166425268,-15.84490253826,
    115.89583820247));
#10684 = CARTESIAN_POINT('',(18.712961818248,-15.99666034604,
    115.74408039469));
#10685 = CARTESIAN_POINT('',(18.638764838664,-16.13717137778,
    115.60356936295));
#10686 = CARTESIAN_POINT('',(18.554410993597,-16.27487320616,
    115.46586753458));
#10687 = CARTESIAN_POINT('',(18.459818380336,-16.40919193984,
    115.33154880089));
#10688 = CARTESIAN_POINT('',(18.35499924872,-16.53950912735,
    115.20123161338));
#10689 = CARTESIAN_POINT('',(18.176972746399,-16.73420991951,
    115.00653082123));
#10690 = CARTESIAN_POINT('',(18.110806743084,-16.80184103221,
    114.93889970852));
#10691 = CARTESIAN_POINT('',(18.04162250841,-16.86795967443,
    114.8727810663));
#10692 = CARTESIAN_POINT('',(17.969456589885,-16.93245544468,
    114.80828529605));
#10693 = CARTESIAN_POINT('',(17.894359918444,-16.99521740693,
    114.7455233338));
#10694 = CARTESIAN_POINT('',(17.670907311451,-17.16982507609,
    114.57091566464));
#10695 = CARTESIAN_POINT('',(17.51542127993,-17.27711002785,
    114.46363071288));
#10696 = CARTESIAN_POINT('',(17.35041509709,-17.37724360703,
    114.3634971337));
#10697 = CARTESIAN_POINT('',(17.176527140224,-17.46955332489,
    114.27118741584));
#10698 = CARTESIAN_POINT('',(16.994574510003,-17.55345500002,
    114.18728574071));
#10699 = CARTESIAN_POINT('',(16.647479066322,-17.69136928649,
    114.04937145424));
#10700 = CARTESIAN_POINT('',(16.484399628307,-17.74803576164,
    113.99270497909));
#10701 = CARTESIAN_POINT('',(16.317024286121,-17.79827862958,
    113.94246211115));
#10702 = CARTESIAN_POINT('',(16.146009382967,-17.84196551738,
    113.89877522335));
#10703 = CARTESIAN_POINT('',(15.972034017664,-17.87907884043,
    113.8616619003));
#10704 = CARTESIAN_POINT('',(15.72477055491,-17.92205928612,
    113.81868145461));
#10705 = CARTESIAN_POINT('',(15.653374003926,-17.93335355077,
    113.80738718996));
#10706 = CARTESIAN_POINT('',(15.581650791183,-17.94360262259,
    113.79713811814));
#10707 = CARTESIAN_POINT('',(15.509643002651,-17.95281600612,
    113.78792473461));
#10708 = CARTESIAN_POINT('',(15.437391183552,-17.96100606398,
    113.77973467675));
#10709 = CARTESIAN_POINT('',(15.255618950126,-17.97902340395,
    113.76171733678));
#10710 = CARTESIAN_POINT('',(15.145836040201,-17.98756411694,
    113.7531766238));
#10711 = CARTESIAN_POINT('',(15.035719480979,-17.99386180223,
    113.7468789385));
#10712 = CARTESIAN_POINT('',(14.92539010173,-17.99798177983,
    113.7427589609));
#10713 = CARTESIAN_POINT('',(14.814955362444,-18.,113.74074074074));
#10714 = CARTESIAN_POINT('',(14.704509027686,-18.,113.74074074074));
#10715 = PCURVE('',#5400,#10716);
#10716 = DEFINITIONAL_REPRESENTATION('',(#10717),#10755);
#10717 = B_SPLINE_CURVE_WITH_KNOTS('',6,(#10718,#10719,#10720,#10721,
    #10722,#10723,#10724,#10725,#10726,#10727,#10728,#10729,#10730,
    #10731,#10732,#10733,#10734,#10735,#10736,#10737,#10738,#10739,
    #10740,#10741,#10742,#10743,#10744,#10745,#10746,#10747,#10748,
    #10749,#10750,#10751,#10752,#10753,#10754),.UNSPECIFIED.,.F.,.F.,(7,
    5,5,5,5,5,5,7),(0.,1.43706618217E-02,0.243563820315,0.369472599549,
    0.60445177156,0.801139901297,0.880408198307,1.),.UNSPECIFIED.);
#10718 = CARTESIAN_POINT('',(0.400531699246,0.685853210404));
#10719 = CARTESIAN_POINT('',(0.400060163302,0.687791019459));
#10720 = CARTESIAN_POINT('',(0.399589783603,0.689730466135));
#10721 = CARTESIAN_POINT('',(0.399120627589,0.691671826783));
#10722 = CARTESIAN_POINT('',(0.398652726535,0.693615209122));
#10723 = CARTESIAN_POINT('',(0.398186075556,0.695560552246));
#10724 = CARTESIAN_POINT('',(0.390297446495,0.728560902445));
#10725 = CARTESIAN_POINT('',(0.383188312781,0.760085449531));
#10726 = CARTESIAN_POINT('',(0.376426178927,0.792077570912));
#10727 = CARTESIAN_POINT('',(0.37005049832,0.824528499111));
#10728 = CARTESIAN_POINT('',(0.364108179571,0.857421168579));
#10729 = CARTESIAN_POINT('',(0.355658538968,0.909023760636));
#10730 = CARTESIAN_POINT('',(0.35281003469,0.927445112006));
#10731 = CARTESIAN_POINT('',(0.350118208684,0.945985995502));
#10732 = CARTESIAN_POINT('',(0.347592980887,0.964640405909));
#10733 = CARTESIAN_POINT('',(0.345244972528,0.983401011709));
#10734 = CARTESIAN_POINT('',(0.339055277578,1.037452397334));
#10735 = CARTESIAN_POINT('',(0.335681016675,1.072989737354));
#10736 = CARTESIAN_POINT('',(0.333037519295,1.108803404259));
#10737 = CARTESIAN_POINT('',(0.331204043082,1.144819160161));
#10738 = CARTESIAN_POINT('',(0.33026647168,1.180947786928));
#10739 = CARTESIAN_POINT('',(0.33033670841,1.247304429062));
#10740 = CARTESIAN_POINT('',(0.331052470802,1.277540075673));
#10741 = CARTESIAN_POINT('',(0.332498870075,1.3077054867));
#10742 = CARTESIAN_POINT('',(0.334720621194,1.3377331711));
#10743 = CARTESIAN_POINT('',(0.337756884001,1.36755479612));
#10744 = CARTESIAN_POINT('',(0.343201967296,1.409003226619));
#10745 = CARTESIAN_POINT('',(0.344903313501,1.42086440006));
#10746 = CARTESIAN_POINT('',(0.346743940979,1.432676310833));
#10747 = CARTESIAN_POINT('',(0.348725672506,1.44443473206));
#10748 = CARTESIAN_POINT('',(0.350850122064,1.456135612459));
#10749 = CARTESIAN_POINT('',(0.356541282647,1.485335494684));
#10750 = CARTESIAN_POINT('',(0.36029193523,1.502756233002));
#10751 = CARTESIAN_POINT('',(0.36437545183,1.520023926107));
#10752 = CARTESIAN_POINT('',(0.368795589619,1.537126685123));
#10753 = CARTESIAN_POINT('',(0.373555093203,1.554053947461));
#10754 = CARTESIAN_POINT('',(0.378655724117,1.570796326795));
#10755 = ( GEOMETRIC_REPRESENTATION_CONTEXT(2) 
PARAMETRIC_REPRESENTATION_CONTEXT() REPRESENTATION_CONTEXT('2D SPACE',''
  ) );
#10756 = PCURVE('',#9823,#10757);
#10757 = DEFINITIONAL_REPRESENTATION('',(#10758),#10796);
#10758 = B_SPLINE_CURVE_WITH_KNOTS('',6,(#10759,#10760,#10761,#10762,
    #10763,#10764,#10765,#10766,#10767,#10768,#10769,#10770,#10771,
    #10772,#10773,#10774,#10775,#10776,#10777,#10778,#10779,#10780,
    #10781,#10782,#10783,#10784,#10785,#10786,#10787,#10788,#10789,
    #10790,#10791,#10792,#10793,#10794,#10795),.UNSPECIFIED.,.F.,.F.,(7,
    5,5,5,5,5,5,7),(0.,1.43706618217E-02,0.243563820315,0.369472599549,
    0.60445177156,0.801139901297,0.880408198307,1.),.UNSPECIFIED.);
#10759 = CARTESIAN_POINT('',(-0.282842712475,-124.5065838634));
#10760 = CARTESIAN_POINT('',(-0.270117932848,-124.5104115254));
#10761 = CARTESIAN_POINT('',(-0.257405160155,-124.5142784222));
#10762 = CARTESIAN_POINT('',(-0.244704610774,-124.5181845855));
#10763 = CARTESIAN_POINT('',(-0.232016478366,-124.5221300499));
#10764 = CARTESIAN_POINT('',(-0.219340933872,-124.5261148532));
#10765 = CARTESIAN_POINT('',(-4.722983910625E-03,-124.5943194602));
#10766 = CARTESIAN_POINT('',(0.193989622828,-124.6685164398));
#10767 = CARTESIAN_POINT('',(0.388729416085,-124.7528702849));
#10768 = CARTESIAN_POINT('',(0.578684790945,-124.8474628981));
#10769 = CARTESIAN_POINT('',(0.762981124926,-124.9522820298));
#10770 = CARTESIAN_POINT('',(1.0383296258,-125.1303085321));
#10771 = CARTESIAN_POINT('',(1.133974462623,-125.1964745354));
#10772 = CARTESIAN_POINT('',(1.227480343176,-125.2656587701));
#10773 = CARTESIAN_POINT('',(1.318691136189,-125.3378246886));
#10774 = CARTESIAN_POINT('',(1.4074499544,-125.41292136));
#10775 = CARTESIAN_POINT('',(1.65438248822,-125.636373967));
#10776 = CARTESIAN_POINT('',(1.806106322031,-125.7918599985));
#10777 = CARTESIAN_POINT('',(1.947716587766,-125.9568661814));
#10778 = CARTESIAN_POINT('',(2.0782622427,-126.1307541383));
#10779 = CARTESIAN_POINT('',(2.196917129577,-126.3127067685));
#10780 = CARTESIAN_POINT('',(2.391957383946,-126.6598022122));
#10781 = CARTESIAN_POINT('',(2.472095881632,-126.8228816502));
#10782 = CARTESIAN_POINT('',(2.543150026889,-126.9902569924));
#10783 = CARTESIAN_POINT('',(2.604932616111,-127.1612718955));
#10784 = CARTESIAN_POINT('',(2.657418780915,-127.3352472608));
#10785 = CARTESIAN_POINT('',(2.718202310127,-127.5825107236));
#10786 = CARTESIAN_POINT('',(2.734174812369,-127.6539072745));
#10787 = CARTESIAN_POINT('',(2.748669188733,-127.7256304873));
#10788 = CARTESIAN_POINT('',(2.761698880681,-127.7976382758));
#10789 = CARTESIAN_POINT('',(2.773281371588,-127.8698900949));
#10790 = CARTESIAN_POINT('',(2.798761738125,-128.0516623283));
#10791 = CARTESIAN_POINT('',(2.810840130263,-128.1614452383));
#10792 = CARTESIAN_POINT('',(2.819746402222,-128.2715617975));
#10793 = CARTESIAN_POINT('',(2.825572930416,-128.3818911767));
#10794 = CARTESIAN_POINT('',(2.828427124746,-128.492325916));
#10795 = CARTESIAN_POINT('',(2.828427124746,-128.6027722508));
#10796 = ( GEOMETRIC_REPRESENTATION_CONTEXT(2) 
PARAMETRIC_REPRESENTATION_CONTEXT() REPRESENTATION_CONTEXT('2D SPACE',''
  ) );
#10797 = ORIENTED_EDGE('',*,*,#10798,.F.);
#10798 = EDGE_CURVE('',#10799,#10674,#10801,.T.);
#10799 = VERTEX_POINT('',#10800);
#10800 = CARTESIAN_POINT('',(14.963912711066,-18.,113.11111111111));
#10801 = SURFACE_CURVE('',#10802,(#10807,#10814),.PCURVE_S1.);
#10802 = CIRCLE('',#10803,9.);
#10803 = AXIS2_PLACEMENT_3D('',#10804,#10805,#10806);
#10804 = CARTESIAN_POINT('',(6.518737304106,-18.,110.));
#10805 = DIRECTION('',(0.,-1.,0.));
#10806 = DIRECTION('',(0.998750846393,0.,4.996745770414E-02));
#10807 = PCURVE('',#5400,#10808);
#10808 = DEFINITIONAL_REPRESENTATION('',(#10809),#10813);
#10809 = LINE('',#10810,#10811);
#10810 = CARTESIAN_POINT('',(0.,1.570796326795));
#10811 = VECTOR('',#10812,1.);
#10812 = DIRECTION('',(1.,0.));
#10813 = ( GEOMETRIC_REPRESENTATION_CONTEXT(2) 
PARAMETRIC_REPRESENTATION_CONTEXT() REPRESENTATION_CONTEXT('2D SPACE',''
  ) );
#10814 = PCURVE('',#9723,#10815);
#10815 = DEFINITIONAL_REPRESENTATION('',(#10816),#10824);
#10816 = ( BOUNDED_CURVE() B_SPLINE_CURVE(2,(#10817,#10818,#10819,#10820
    ,#10821,#10822,#10823),.UNSPECIFIED.,.T.,.F.) 
B_SPLINE_CURVE_WITH_KNOTS((1,2,2,2,2,1),(-2.094395102393,0.,
    2.094395102393,4.188790204786,6.28318530718,8.377580409573),
.UNSPECIFIED.) CURVE() GEOMETRIC_REPRESENTATION_ITEM() 
RATIONAL_B_SPLINE_CURVE((1.,0.5,1.,0.5,1.,0.5,1.)) REPRESENTATION_ITEM(
  '') );
#10817 = CARTESIAN_POINT('',(47.097611412026,15.507494928423));
#10818 = CARTESIAN_POINT('',(62.66659630252,14.728579349205));
#10819 = CARTESIAN_POINT('',(54.207543178267,1.634900712509));
#10820 = CARTESIAN_POINT('',(45.748490054014,-11.45877792418));
#10821 = CARTESIAN_POINT('',(38.638558287773,2.413816291727));
#10822 = CARTESIAN_POINT('',(31.528626521531,16.28641050764));
#10823 = CARTESIAN_POINT('',(47.097611412026,15.507494928423));
#10824 = ( GEOMETRIC_REPRESENTATION_CONTEXT(2) 
PARAMETRIC_REPRESENTATION_CONTEXT() REPRESENTATION_CONTEXT('2D SPACE',''
  ) );
#10825 = ORIENTED_EDGE('',*,*,#10826,.T.);
#10826 = EDGE_CURVE('',#10799,#10827,#10829,.T.);
#10827 = VERTEX_POINT('',#10828);
#10828 = CARTESIAN_POINT('',(19.944975767978,-16.,111.11111111111));
#10829 = SURFACE_CURVE('',#10830,(#10863,#10899),.PCURVE_S1.);
#10830 = B_SPLINE_CURVE_WITH_KNOTS('',6,(#10831,#10832,#10833,#10834,
    #10835,#10836,#10837,#10838,#10839,#10840,#10841,#10842,#10843,
    #10844,#10845,#10846,#10847,#10848,#10849,#10850,#10851,#10852,
    #10853,#10854,#10855,#10856,#10857,#10858,#10859,#10860,#10861,
    #10862),.UNSPECIFIED.,.F.,.F.,(7,5,5,5,5,5,7),(0.,0.298491659053,
    0.54857491723,0.943449651555,0.972279226002,0.985759093196,1.),
  .UNSPECIFIED.);
#10831 = CARTESIAN_POINT('',(14.963912711066,-18.,113.11111111111));
#10832 = CARTESIAN_POINT('',(15.276239067376,-18.,113.11111111111));
#10833 = CARTESIAN_POINT('',(15.588594657617,-17.98282152515,
    113.09393263626));
#10834 = CARTESIAN_POINT('',(15.898723844506,-17.94942360258,
    113.06053471369));
#10835 = CARTESIAN_POINT('',(16.20474393714,-17.90081218314,
    113.01192329425));
#10836 = CARTESIAN_POINT('',(16.505134219356,-17.83796909465,
    112.94908020576));
#10837 = CARTESIAN_POINT('',(17.044679735454,-17.69795682327,
    112.80906793438));
#10838 = CARTESIAN_POINT('',(17.285839187666,-17.62477075643,
    112.73588186755));
#10839 = CARTESIAN_POINT('',(17.5214762859,-17.54275858163,
    112.65386969274));
#10840 = CARTESIAN_POINT('',(17.750967798702,-17.45243390378,
    112.56354501489));
#10841 = CARTESIAN_POINT('',(17.973778301528,-17.35428880626,
    112.46539991737));
#10842 = CARTESIAN_POINT('',(18.530006213527,-17.08221064586,
    112.19332175698));
#10843 = CARTESIAN_POINT('',(18.852736814086,-16.89731519089,
    112.008426302));
#10844 = CARTESIAN_POINT('',(19.155883129416,-16.69594028849,
    111.8070513996));
#10845 = CARTESIAN_POINT('',(19.437995096404,-16.47984572587,
    111.59095683698));
#10846 = CARTESIAN_POINT('',(19.697958541412,-16.25073703844,
    111.36184814955));
#10847 = CARTESIAN_POINT('',(19.952232858763,-15.9926604819,
    111.10377159301));
#10848 = CARTESIAN_POINT('',(19.969411521231,-15.97503975461,
    111.08615086572));
#10849 = CARTESIAN_POINT('',(19.986467246853,-15.95735891061,
    111.06847002172));
#10850 = CARTESIAN_POINT('',(20.003399708119,-15.93961858338,
    111.0507296945));
#10851 = CARTESIAN_POINT('',(20.020208584713,-15.92181940486,
    111.03293051597));
#10852 = CARTESIAN_POINT('',(20.044694972412,-15.89561240683,
    111.00672351794));
#10853 = CARTESIAN_POINT('',(20.052472101734,-15.88724707534,
    110.99835818645));
#10854 = CARTESIAN_POINT('',(20.060224879916,-15.87886606138,
    110.98997717249));
#10855 = CARTESIAN_POINT('',(20.067953235685,-15.8704694156,
    110.98158052672));
#10856 = CARTESIAN_POINT('',(20.075657098058,-15.8620571888,
    110.97316829991));
#10857 = CARTESIAN_POINT('',(20.091449248627,-15.84472586493,
    110.95583697605));
#10858 = CARTESIAN_POINT('',(20.099531611651,-15.83580834014,
    110.94691945126));
#10859 = CARTESIAN_POINT('',(20.107583462832,-15.82687691274,
    110.93798802385));
#10860 = CARTESIAN_POINT('',(20.115604769912,-15.81793165346,
    110.92904276457));
#10861 = CARTESIAN_POINT('',(20.123595490967,-15.8089726486,
    110.92008375972));
#10862 = CARTESIAN_POINT('',(20.131555574404,-15.8,110.91111111111));
#10863 = PCURVE('',#5400,#10864);
#10864 = DEFINITIONAL_REPRESENTATION('',(#10865),#10898);
#10865 = B_SPLINE_CURVE_WITH_KNOTS('',6,(#10866,#10867,#10868,#10869,
    #10870,#10871,#10872,#10873,#10874,#10875,#10876,#10877,#10878,
    #10879,#10880,#10881,#10882,#10883,#10884,#10885,#10886,#10887,
    #10888,#10889,#10890,#10891,#10892,#10893,#10894,#10895,#10896,
    #10897),.UNSPECIFIED.,.F.,.F.,(7,5,5,5,5,5,7),(0.,0.298491659053,
    0.54857491723,0.943449651555,0.972279226002,0.985759093196,1.),
  .UNSPECIFIED.);
#10866 = CARTESIAN_POINT('',(0.302974036527,1.570796326795));
#10867 = CARTESIAN_POINT('',(0.290977962485,1.521950940438));
#10868 = CARTESIAN_POINT('',(0.278127269161,1.473831682516));
#10869 = CARTESIAN_POINT('',(0.264704363157,1.426418953446));
#10870 = CARTESIAN_POINT('',(0.250888179766,1.379680623072));
#10871 = CARTESIAN_POINT('',(0.236801437891,1.333580496816));
#10872 = CARTESIAN_POINT('',(0.210563014309,1.249934485384));
#10873 = CARTESIAN_POINT('',(0.198469371556,1.212217844317));
#10874 = CARTESIAN_POINT('',(0.186291635433,1.174889841224));
#10875 = CARTESIAN_POINT('',(0.174062375413,1.137927984523));
#10876 = CARTESIAN_POINT('',(0.161803076459,1.101311671589));
#10877 = CARTESIAN_POINT('',(0.13014730843,1.007715056719));
#10878 = CARTESIAN_POINT('',(0.110729990026,0.951224892367));
#10879 = CARTESIAN_POINT('',(9.133278935667E-02,0.895463508626));
#10880 = CARTESIAN_POINT('',(7.19765921536E-02,0.840374013816));
#10881 = CARTESIAN_POINT('',(5.266739086434E-02,0.785906918115));
#10882 = CARTESIAN_POINT('',(3.199154616675E-02,0.728080771423));
#10883 = CARTESIAN_POINT('',(3.058494467434E-02,0.724149260547));
#10884 = CARTESIAN_POINT('',(2.917856005434E-02,0.720220813544));
#10885 = CARTESIAN_POINT('',(2.77723901596E-02,0.716295414315));
#10886 = CARTESIAN_POINT('',(2.636643258665E-02,0.712373047013));
#10887 = CARTESIAN_POINT('',(2.4303398E-02,0.706621121971));
#10888 = CARTESIAN_POINT('',(2.36459206427E-02,0.704788547901));
#10889 = CARTESIAN_POINT('',(2.298825264753E-02,0.702955973834));
#10890 = CARTESIAN_POINT('',(2.233039404406E-02,0.701123399769));
#10891 = CARTESIAN_POINT('',(2.167234484755E-02,0.699290825707));
#10892 = CARTESIAN_POINT('',(2.031870269717E-02,0.695522215043));
#10893 = CARTESIAN_POINT('',(1.962331506388E-02,0.693586792548));
#10894 = CARTESIAN_POINT('',(1.892800893968E-02,0.691652205599));
#10895 = CARTESIAN_POINT('',(1.82328016142E-02,0.689718511095));
#10896 = CARTESIAN_POINT('',(1.753766088616E-02,0.687785601401));
#10897 = CARTESIAN_POINT('',(1.684250506336E-02,0.685853204346));
#10898 = ( GEOMETRIC_REPRESENTATION_CONTEXT(2) 
PARAMETRIC_REPRESENTATION_CONTEXT() REPRESENTATION_CONTEXT('2D SPACE',''
  ) );
#10899 = PCURVE('',#9675,#10900);
#10900 = DEFINITIONAL_REPRESENTATION('',(#10901),#10934);
#10901 = B_SPLINE_CURVE_WITH_KNOTS('',6,(#10902,#10903,#10904,#10905,
    #10906,#10907,#10908,#10909,#10910,#10911,#10912,#10913,#10914,
    #10915,#10916,#10917,#10918,#10919,#10920,#10921,#10922,#10923,
    #10924,#10925,#10926,#10927,#10928,#10929,#10930,#10931,#10932,
    #10933),.UNSPECIFIED.,.F.,.F.,(7,5,5,5,5,5,7),(0.,0.298491659053,
    0.54857491723,0.943449651555,0.972279226002,0.985759093196,1.),
  .UNSPECIFIED.);
#10902 = CARTESIAN_POINT('',(-5.684341886081E-14,-128.3433685674));
#10903 = CARTESIAN_POINT('',(-5.684341886081E-14,-128.0310422111));
#10904 = CARTESIAN_POINT('',(2.429403210763E-02,-127.7186866209));
#10905 = CARTESIAN_POINT('',(7.152582715685E-02,-127.408557434));
#10906 = CARTESIAN_POINT('',(0.140272755819,-127.1025373413));
#10907 = CARTESIAN_POINT('',(0.229146303865,-126.8021470591));
#10908 = CARTESIAN_POINT('',(0.427153556943,-126.262601543));
#10909 = CARTESIAN_POINT('',(0.530654285243,-126.0214420908));
#10910 = CARTESIAN_POINT('',(0.646637015128,-125.7858049926));
#10911 = CARTESIAN_POINT('',(0.774375399567,-125.5563134798));
#10912 = CARTESIAN_POINT('',(0.913173527554,-125.3335029769));
#10913 = CARTESIAN_POINT('',(1.297950152014,-124.7772750649));
#10914 = CARTESIAN_POINT('',(1.559431812063,-124.4545444644));
#10915 = CARTESIAN_POINT('',(1.84421893016,-124.1513981491));
#10916 = CARTESIAN_POINT('',(2.149822791368,-123.8692861821));
#10917 = CARTESIAN_POINT('',(2.473831404385,-123.6093227371));
#10918 = CARTESIAN_POINT('',(2.838806770777,-123.3550484197));
#10919 = CARTESIAN_POINT('',(2.863726242294,-123.3378697572));
#10920 = CARTESIAN_POINT('',(2.888730731673,-123.3208140316));
#10921 = CARTESIAN_POINT('',(2.913819343033,-123.3038815704));
#10922 = CARTESIAN_POINT('',(2.938991182703,-123.2870726938));
#10923 = CARTESIAN_POINT('',(2.976053474741,-123.2625863061));
#10924 = CARTESIAN_POINT('',(2.987883839996,-123.2548091767));
#10925 = CARTESIAN_POINT('',(2.999736383598,-123.2470563986));
#10926 = CARTESIAN_POINT('',(3.011611033935,-123.2393280428));
#10927 = CARTESIAN_POINT('',(3.023507719176,-123.2316241804));
#10928 = CARTESIAN_POINT('',(3.048017912435,-123.2158320298));
#10929 = CARTESIAN_POINT('',(3.060629196935,-123.2077496668));
#10930 = CARTESIAN_POINT('',(3.073260142703,-123.1996978156));
#10931 = CARTESIAN_POINT('',(3.085910649691,-123.1916765086));
#10932 = CARTESIAN_POINT('',(3.098580595868,-123.1836857875));
#10933 = CARTESIAN_POINT('',(3.111269837221,-123.1757257041));
#10934 = ( GEOMETRIC_REPRESENTATION_CONTEXT(2) 
PARAMETRIC_REPRESENTATION_CONTEXT() REPRESENTATION_CONTEXT('2D SPACE',''
  ) );
#10935 = ORIENTED_EDGE('',*,*,#10936,.T.);
#10936 = EDGE_CURVE('',#10827,#10273,#10937,.T.);
#10937 = SURFACE_CURVE('',#10938,(#10955,#10975),.PCURVE_S1.);
#10938 = B_SPLINE_CURVE_WITH_KNOTS('',8,(#10939,#10940,#10941,#10942,
    #10943,#10944,#10945,#10946,#10947,#10948,#10949,#10950,#10951,
    #10952,#10953,#10954),.UNSPECIFIED.,.F.,.F.,(9,7,9),(0.,
    0.136362471203,1.),.UNSPECIFIED.);
#10939 = CARTESIAN_POINT('',(20.098867361336,-15.8,111.31111111111));
#10940 = CARTESIAN_POINT('',(20.095401292001,-15.80477651996,
    111.30633459114));
#10941 = CARTESIAN_POINT('',(20.087685917051,-15.815393825,
    111.2957172861));
#10942 = CARTESIAN_POINT('',(20.078427417266,-15.82805617573,
    111.28305493538));
#10943 = CARTESIAN_POINT('',(20.069295271401,-15.84035744937,
    111.27075366173));
#10944 = CARTESIAN_POINT('',(20.061163025258,-15.85125100903,
    111.25986010208));
#10945 = CARTESIAN_POINT('',(20.053925562878,-15.86088128968,
    111.25022982143));
#10946 = CARTESIAN_POINT('',(20.046656142864,-15.87052423316,
    111.24058687794));
#10947 = CARTESIAN_POINT('',(19.97997646051,-15.95810790845,
    111.15300320266));
#10948 = CARTESIAN_POINT('',(19.920157509036,-16.03289103277,
    111.07822007833));
#10949 = CARTESIAN_POINT('',(19.858115238728,-16.10677023392,
    111.00434087719));
#10950 = CARTESIAN_POINT('',(19.79386029448,-16.17969799573,
    110.93141311538));
#10951 = CARTESIAN_POINT('',(19.727405409529,-16.25162578453,
    110.85948532657));
#10952 = CARTESIAN_POINT('',(19.658765405456,-16.32250404915,
    110.78860706195));
#10953 = CARTESIAN_POINT('',(19.587957192187,-16.39228222087,
    110.71882889023));
#10954 = CARTESIAN_POINT('',(19.514999767992,-16.46090871346,
    110.65020239764));
#10955 = PCURVE('',#5400,#10956);
#10956 = DEFINITIONAL_REPRESENTATION('',(#10957),#10974);
#10957 = B_SPLINE_CURVE_WITH_KNOTS('',8,(#10958,#10959,#10960,#10961,
    #10962,#10963,#10964,#10965,#10966,#10967,#10968,#10969,#10970,
    #10971,#10972,#10973),.UNSPECIFIED.,.F.,.F.,(9,7,9),(0.,
    0.136362471203,1.),.UNSPECIFIED.);
#10958 = CARTESIAN_POINT('',(4.625967025857E-02,0.685853204846));
#10959 = CARTESIAN_POINT('',(4.59356039211E-02,0.686881901445));
#10960 = CARTESIAN_POINT('',(4.52154131154E-02,0.68916741001));
#10961 = CARTESIAN_POINT('',(4.43547507982E-02,0.691906064334));
#10962 = CARTESIAN_POINT('',(4.351861923903E-02,0.694566668937));
#10963 = CARTESIAN_POINT('',(4.27759799419E-02,0.696938876429));
#10964 = CARTESIAN_POINT('',(4.211987727919E-02,0.699032879341));
#10965 = CARTESIAN_POINT('',(4.146221625363E-02,0.701134739795));
#10966 = CARTESIAN_POINT('',(3.548124534613E-02,0.72028062341));
#10967 = CARTESIAN_POINT('',(3.033782364593E-02,0.736893489046));
#10968 = CARTESIAN_POINT('',(2.521725861201E-02,0.753585204655));
#10969 = CARTESIAN_POINT('',(2.012060419705E-02,0.770356881563));
#10970 = CARTESIAN_POINT('',(1.504908087428E-02,0.787209654468));
#10971 = CARTESIAN_POINT('',(1.000407563751E-02,0.804144681446));
#10972 = CARTESIAN_POINT('',(4.987142001109E-03,0.821163143947));
#10973 = CARTESIAN_POINT('',(-9.E-16,0.838266246797));
#10974 = ( GEOMETRIC_REPRESENTATION_CONTEXT(2) 
PARAMETRIC_REPRESENTATION_CONTEXT() REPRESENTATION_CONTEXT('2D SPACE',''
  ) );
#10975 = PCURVE('',#9330,#10976);
#10976 = DEFINITIONAL_REPRESENTATION('',(#10977),#10994);
#10977 = B_SPLINE_CURVE_WITH_KNOTS('',8,(#10978,#10979,#10980,#10981,
    #10982,#10983,#10984,#10985,#10986,#10987,#10988,#10989,#10990,
    #10991,#10992,#10993),.UNSPECIFIED.,.F.,.F.,(9,7,9),(0.,
    0.136362471203,1.),.UNSPECIFIED.);
#10978 = CARTESIAN_POINT('',(-0.282842712475,-123.2084139171));
#10979 = CARTESIAN_POINT('',(-0.276087693162,-123.2118799865));
#10980 = CARTESIAN_POINT('',(-0.261072556375,-123.2195953614));
#10981 = CARTESIAN_POINT('',(-0.243165288249,-123.2288538612));
#10982 = CARTESIAN_POINT('',(-0.225768660228,-123.2379860071));
#10983 = CARTESIAN_POINT('',(-0.210362840418,-123.2461182532));
#10984 = CARTESIAN_POINT('',(-0.196743566912,-123.2533557156));
#10985 = CARTESIAN_POINT('',(-0.183106385454,-123.2606251356));
#10986 = CARTESIAN_POINT('',(-5.924436402641E-02,-123.327304818));
#10987 = CARTESIAN_POINT('',(4.651494463448E-02,-123.3871237694));
#10988 = CARTESIAN_POINT('',(0.150995912868,-123.4491660397));
#10989 = CARTESIAN_POINT('',(0.254131342692,-123.513420984));
#10990 = CARTESIAN_POINT('',(0.355852597136,-123.5798758689));
#10991 = CARTESIAN_POINT('',(0.456089600236,-123.648515873));
#10992 = CARTESIAN_POINT('',(0.554770837038,-123.7193240863));
#10993 = CARTESIAN_POINT('',(0.651823353598,-123.7922815105));
#10994 = ( GEOMETRIC_REPRESENTATION_CONTEXT(2) 
PARAMETRIC_REPRESENTATION_CONTEXT() REPRESENTATION_CONTEXT('2D SPACE',''
  ) );
#10995 = ADVANCED_FACE('',(#10996),#5454,.T.);
#10996 = FACE_BOUND('',#10997,.F.);
#10997 = EDGE_LOOP('',(#10998,#10999,#11000,#11028,#11056,#11089,#11122,
    #11150,#11183,#11216,#11244,#11277,#11310,#11338,#11371,#11404,
    #11432,#11465,#11498,#11526,#11559,#11592,#11620,#11653,#11686,
    #11714,#11747,#11780,#11808,#11841,#11874,#11902,#11935,#11968,
    #11996,#12029));
#10998 = ORIENTED_EDGE('',*,*,#5440,.F.);
#10999 = ORIENTED_EDGE('',*,*,#7726,.T.);
#11000 = ORIENTED_EDGE('',*,*,#11001,.T.);
#11001 = EDGE_CURVE('',#7700,#11002,#11004,.T.);
#11002 = VERTEX_POINT('',#11003);
#11003 = CARTESIAN_POINT('',(-12.41877663087,-18.,53.555555555555));
#11004 = SURFACE_CURVE('',#11005,(#11010,#11021),.PCURVE_S1.);
#11005 = ELLIPSE('',#11006,8.496249809047,6.);
#11006 = AXIS2_PLACEMENT_3D('',#11007,#11008,#11009);
#11007 = CARTESIAN_POINT('',(-12.72394938337,-12.,59.555555555556));
#11008 = DIRECTION('',(-6.938893903907E-18,-0.707106781187,
    0.707106781187));
#11009 = DIRECTION('',(7.174454705214E-02,-0.705284595028,
    -0.705284595028));
#11010 = PCURVE('',#5454,#11011);
#11011 = DEFINITIONAL_REPRESENTATION('',(#11012),#11020);
#11012 = B_SPLINE_CURVE_WITH_KNOTS('',6,(#11013,#11014,#11015,#11016,
    #11017,#11018,#11019),.UNSPECIFIED.,.F.,.F.,(7,7),(5.498267040144,
    6.232432465626),.PIECEWISE_BEZIER_KNOTS.);
#11013 = CARTESIAN_POINT('',(-0.836630901313,-6.286581664057E-04));
#11014 = CARTESIAN_POINT('',(-0.95899180556,0.519596101322));
#11015 = CARTESIAN_POINT('',(-1.081352709807,0.963360959412));
#11016 = CARTESIAN_POINT('',(-1.203713614054,1.316648479721));
#11017 = CARTESIAN_POINT('',(-1.326074518301,1.568863094903));
#11018 = CARTESIAN_POINT('',(-1.448435422548,1.714143133181));
#11019 = CARTESIAN_POINT('',(-1.570796326795,1.751484347128));
#11020 = ( GEOMETRIC_REPRESENTATION_CONTEXT(2) 
PARAMETRIC_REPRESENTATION_CONTEXT() REPRESENTATION_CONTEXT('2D SPACE',''
  ) );
#11021 = PCURVE('',#6572,#11022);
#11022 = DEFINITIONAL_REPRESENTATION('',(#11023),#11027);
#11023 = ELLIPSE('',#11024,8.496249809047,6.);
#11024 = AXIS2_PLACEMENT_2D('',#11025,#11026);
#11025 = CARTESIAN_POINT('',(-5.656854249493,-156.0312306618));
#11026 = DIRECTION('',(0.997423039622,7.174454705214E-02));
#11027 = ( GEOMETRIC_REPRESENTATION_CONTEXT(2) 
PARAMETRIC_REPRESENTATION_CONTEXT() REPRESENTATION_CONTEXT('2D SPACE',''
  ) );
#11028 = ORIENTED_EDGE('',*,*,#11029,.T.);
#11029 = EDGE_CURVE('',#11002,#11030,#11032,.T.);
#11030 = VERTEX_POINT('',#11031);
#11031 = CARTESIAN_POINT('',(-12.38675232969,-18.,52.925925925926));
#11032 = SURFACE_CURVE('',#11033,(#11037,#11044),.PCURVE_S1.);
#11033 = LINE('',#11034,#11035);
#11034 = CARTESIAN_POINT('',(-12.50774584202,-18.,55.304778782505));
#11035 = VECTOR('',#11036,1.);
#11036 = DIRECTION('',(5.07964637509E-02,-2.2E-16,-0.998709026329));
#11037 = PCURVE('',#5454,#11038);
#11038 = DEFINITIONAL_REPRESENTATION('',(#11039),#11043);
#11039 = LINE('',#11040,#11041);
#11040 = CARTESIAN_POINT('',(-1.570796326795,0.));
#11041 = VECTOR('',#11042,1.);
#11042 = DIRECTION('',(-0.,1.));
#11043 = ( GEOMETRIC_REPRESENTATION_CONTEXT(2) 
PARAMETRIC_REPRESENTATION_CONTEXT() REPRESENTATION_CONTEXT('2D SPACE',''
  ) );
#11044 = PCURVE('',#11045,#11050);
#11045 = PLANE('',#11046);
#11046 = AXIS2_PLACEMENT_3D('',#11047,#11048,#11049);
#11047 = CARTESIAN_POINT('',(-6.78021613E-09,-18.,63.352095707312));
#11048 = DIRECTION('',(0.,1.,2.2E-16));
#11049 = DIRECTION('',(0.,-2.2E-16,1.));
#11050 = DEFINITIONAL_REPRESENTATION('',(#11051),#11055);
#11051 = LINE('',#11052,#11053);
#11052 = CARTESIAN_POINT('',(-8.047316924806,-12.50774583524));
#11053 = VECTOR('',#11054,1.);
#11054 = DIRECTION('',(-0.998709026329,5.07964637509E-02));
#11055 = ( GEOMETRIC_REPRESENTATION_CONTEXT(2) 
PARAMETRIC_REPRESENTATION_CONTEXT() REPRESENTATION_CONTEXT('2D SPACE',''
  ) );
#11056 = ORIENTED_EDGE('',*,*,#11057,.T.);
#11057 = EDGE_CURVE('',#11030,#11058,#11060,.T.);
#11058 = VERTEX_POINT('',#11059);
#11059 = CARTESIAN_POINT('',(-16.76294490658,-16.,50.925925925926));
#11060 = SURFACE_CURVE('',#11061,(#11066,#11077),.PCURVE_S1.);
#11061 = ELLIPSE('',#11062,8.496249809047,6.);
#11062 = AXIS2_PLACEMENT_3D('',#11063,#11064,#11065);
#11063 = CARTESIAN_POINT('',(-12.08157957719,-12.,46.925925925926));
#11064 = DIRECTION('',(-1.387778780781E-17,-0.707106781187,
    -0.707106781187));
#11065 = DIRECTION('',(7.174454705214E-02,0.705284595028,-0.705284595028
    ));
#11066 = PCURVE('',#5454,#11067);
#11067 = DEFINITIONAL_REPRESENTATION('',(#11068),#11076);
#11068 = B_SPLINE_CURVE_WITH_KNOTS('',6,(#11069,#11070,#11071,#11072,
    #11073,#11074,#11075),.UNSPECIFIED.,.F.,.F.,(7,7),(3.090839812036,
    3.975783174213),.PIECEWISE_BEZIER_KNOTS.);
#11069 = CARTESIAN_POINT('',(-1.570796326795,2.381927862737));
#11070 = CARTESIAN_POINT('',(-1.423305766432,2.336917762464));
#11071 = CARTESIAN_POINT('',(-1.275815206069,2.448734068976));
#11072 = CARTESIAN_POINT('',(-1.128324645707,2.719146222303));
#11073 = CARTESIAN_POINT('',(-0.980834085344,3.139658952292));
#11074 = CARTESIAN_POINT('',(-0.833343524981,3.691386811902));
#11075 = CARTESIAN_POINT('',(-0.685852964619,4.348604855641));
#11076 = ( GEOMETRIC_REPRESENTATION_CONTEXT(2) 
PARAMETRIC_REPRESENTATION_CONTEXT() REPRESENTATION_CONTEXT('2D SPACE',''
  ) );
#11077 = PCURVE('',#11078,#11083);
#11078 = PLANE('',#11079);
#11079 = AXIS2_PLACEMENT_3D('',#11080,#11081,#11082);
#11080 = CARTESIAN_POINT('',(143.30728127852,-18.,52.925925925926));
#11081 = DIRECTION('',(0.,-0.707106781187,-0.707106781187));
#11082 = DIRECTION('',(0.,0.707106781187,-0.707106781187));
#11083 = DEFINITIONAL_REPRESENTATION('',(#11084),#11088);
#11084 = ELLIPSE('',#11085,8.496249809047,6.);
#11085 = AXIS2_PLACEMENT_2D('',#11086,#11087);
#11086 = CARTESIAN_POINT('',(8.485281374239,-155.3888608557));
#11087 = DIRECTION('',(0.997423039622,7.174454705214E-02));
#11088 = ( GEOMETRIC_REPRESENTATION_CONTEXT(2) 
PARAMETRIC_REPRESENTATION_CONTEXT() REPRESENTATION_CONTEXT('2D SPACE',''
  ) );
#11089 = ORIENTED_EDGE('',*,*,#11090,.T.);
#11090 = EDGE_CURVE('',#11058,#11091,#11093,.T.);
#11091 = VERTEX_POINT('',#11092);
#11092 = CARTESIAN_POINT('',(-12.18330382802,-18.,48.925925925926));
#11093 = SURFACE_CURVE('',#11094,(#11099,#11110),.PCURVE_S1.);
#11094 = ELLIPSE('',#11095,8.496249809047,6.);
#11095 = AXIS2_PLACEMENT_3D('',#11096,#11097,#11098);
#11096 = CARTESIAN_POINT('',(-12.48847658052,-12.,54.925925925926));
#11097 = DIRECTION('',(-6.938893903907E-18,-0.707106781187,
    0.707106781187));
#11098 = DIRECTION('',(7.174454705214E-02,-0.705284595028,
    -0.705284595028));
#11099 = PCURVE('',#5454,#11100);
#11100 = DEFINITIONAL_REPRESENTATION('',(#11101),#11109);
#11101 = B_SPLINE_CURVE_WITH_KNOTS('',6,(#11102,#11103,#11104,#11105,
    #11106,#11107,#11108),.UNSPECIFIED.,.F.,.F.,(7,7),(5.34748910345,
    6.232432465626),.PIECEWISE_BEZIER_KNOTS.);
#11102 = CARTESIAN_POINT('',(-0.685852964619,3.948087798666));
#11103 = CARTESIAN_POINT('',(-0.833343524981,4.662318636083));
#11104 = CARTESIAN_POINT('',(-0.980834085344,5.283388899472));
#11105 = CARTESIAN_POINT('',(-1.128324645707,5.783343136392));
#11106 = CARTESIAN_POINT('',(-1.27581520607,6.140252097477));
#11107 = CARTESIAN_POINT('',(-1.423305766432,6.342088332219));
#11108 = CARTESIAN_POINT('',(-1.570796326795,6.387098432492));
#11109 = ( GEOMETRIC_REPRESENTATION_CONTEXT(2) 
PARAMETRIC_REPRESENTATION_CONTEXT() REPRESENTATION_CONTEXT('2D SPACE',''
  ) );
#11110 = PCURVE('',#11111,#11116);
#11111 = PLANE('',#11112);
#11112 = AXIS2_PLACEMENT_3D('',#11113,#11114,#11115);
#11113 = CARTESIAN_POINT('',(143.30728127852,-16.,50.925925925926));
#11114 = DIRECTION('',(0.,-0.707106781187,0.707106781187));
#11115 = DIRECTION('',(0.,-0.707106781187,-0.707106781187));
#11116 = DEFINITIONAL_REPRESENTATION('',(#11117),#11121);
#11117 = ELLIPSE('',#11118,8.496249809047,6.);
#11118 = AXIS2_PLACEMENT_2D('',#11119,#11120);
#11119 = CARTESIAN_POINT('',(-5.656854249493,-155.795757859));
#11120 = DIRECTION('',(0.997423039622,7.174454705214E-02));
#11121 = ( GEOMETRIC_REPRESENTATION_CONTEXT(2) 
PARAMETRIC_REPRESENTATION_CONTEXT() REPRESENTATION_CONTEXT('2D SPACE',''
  ) );
#11122 = ORIENTED_EDGE('',*,*,#11123,.T.);
#11123 = EDGE_CURVE('',#11091,#11124,#11126,.T.);
#11124 = VERTEX_POINT('',#11125);
#11125 = CARTESIAN_POINT('',(-12.15127952684,-18.,48.296296296296));
#11126 = SURFACE_CURVE('',#11127,(#11131,#11138),.PCURVE_S1.);
#11127 = LINE('',#11128,#11129);
#11128 = CARTESIAN_POINT('',(-12.50774584202,-18.,55.304778782505));
#11129 = VECTOR('',#11130,1.);
#11130 = DIRECTION('',(5.07964637509E-02,-2.2E-16,-0.998709026329));
#11131 = PCURVE('',#5454,#11132);
#11132 = DEFINITIONAL_REPRESENTATION('',(#11133),#11137);
#11133 = LINE('',#11134,#11135);
#11134 = CARTESIAN_POINT('',(-1.570796326795,0.));
#11135 = VECTOR('',#11136,1.);
#11136 = DIRECTION('',(-0.,1.));
#11137 = ( GEOMETRIC_REPRESENTATION_CONTEXT(2) 
PARAMETRIC_REPRESENTATION_CONTEXT() REPRESENTATION_CONTEXT('2D SPACE',''
  ) );
#11138 = PCURVE('',#11139,#11144);
#11139 = PLANE('',#11140);
#11140 = AXIS2_PLACEMENT_3D('',#11141,#11142,#11143);
#11141 = CARTESIAN_POINT('',(-6.78021613E-09,-18.,63.352095707312));
#11142 = DIRECTION('',(0.,1.,2.2E-16));
#11143 = DIRECTION('',(0.,-2.2E-16,1.));
#11144 = DEFINITIONAL_REPRESENTATION('',(#11145),#11149);
#11145 = LINE('',#11146,#11147);
#11146 = CARTESIAN_POINT('',(-8.047316924806,-12.50774583524));
#11147 = VECTOR('',#11148,1.);
#11148 = DIRECTION('',(-0.998709026329,5.07964637509E-02));
#11149 = ( GEOMETRIC_REPRESENTATION_CONTEXT(2) 
PARAMETRIC_REPRESENTATION_CONTEXT() REPRESENTATION_CONTEXT('2D SPACE',''
  ) );
#11150 = ORIENTED_EDGE('',*,*,#11151,.T.);
#11151 = EDGE_CURVE('',#11124,#11152,#11154,.T.);
#11152 = VERTEX_POINT('',#11153);
#11153 = CARTESIAN_POINT('',(-16.52747210373,-16.,46.296296296296));
#11154 = SURFACE_CURVE('',#11155,(#11160,#11171),.PCURVE_S1.);
#11155 = ELLIPSE('',#11156,8.496249809047,6.);
#11156 = AXIS2_PLACEMENT_3D('',#11157,#11158,#11159);
#11157 = CARTESIAN_POINT('',(-11.84610677434,-12.,42.296296296296));
#11158 = DIRECTION('',(-1.387778780781E-17,-0.707106781187,
    -0.707106781187));
#11159 = DIRECTION('',(7.174454705214E-02,0.705284595028,-0.705284595028
    ));
#11160 = PCURVE('',#5454,#11161);
#11161 = DEFINITIONAL_REPRESENTATION('',(#11162),#11170);
#11162 = B_SPLINE_CURVE_WITH_KNOTS('',6,(#11163,#11164,#11165,#11166,
    #11167,#11168,#11169),.UNSPECIFIED.,.F.,.F.,(7,7),(3.090839812036,
    3.975783174213),.PIECEWISE_BEZIER_KNOTS.);
#11163 = CARTESIAN_POINT('',(-1.570796326795,7.017541948101));
#11164 = CARTESIAN_POINT('',(-1.423305766432,6.972531847828));
#11165 = CARTESIAN_POINT('',(-1.275815206069,7.084348154341));
#11166 = CARTESIAN_POINT('',(-1.128324645707,7.354760307667));
#11167 = CARTESIAN_POINT('',(-0.980834085344,7.775273037656));
#11168 = CARTESIAN_POINT('',(-0.833343524981,8.327000897267));
#11169 = CARTESIAN_POINT('',(-0.685852964619,8.984218941005));
#11170 = ( GEOMETRIC_REPRESENTATION_CONTEXT(2) 
PARAMETRIC_REPRESENTATION_CONTEXT() REPRESENTATION_CONTEXT('2D SPACE',''
  ) );
#11171 = PCURVE('',#11172,#11177);
#11172 = PLANE('',#11173);
#11173 = AXIS2_PLACEMENT_3D('',#11174,#11175,#11176);
#11174 = CARTESIAN_POINT('',(143.30728127852,-18.,48.296296296296));
#11175 = DIRECTION('',(0.,-0.707106781187,-0.707106781187));
#11176 = DIRECTION('',(0.,0.707106781187,-0.707106781187));
#11177 = DEFINITIONAL_REPRESENTATION('',(#11178),#11182);
#11178 = ELLIPSE('',#11179,8.496249809047,6.);
#11179 = AXIS2_PLACEMENT_2D('',#11180,#11181);
#11180 = CARTESIAN_POINT('',(8.485281374239,-155.1533880528));
#11181 = DIRECTION('',(0.997423039622,7.174454705214E-02));
#11182 = ( GEOMETRIC_REPRESENTATION_CONTEXT(2) 
PARAMETRIC_REPRESENTATION_CONTEXT() REPRESENTATION_CONTEXT('2D SPACE',''
  ) );
#11183 = ORIENTED_EDGE('',*,*,#11184,.T.);
#11184 = EDGE_CURVE('',#11152,#11185,#11187,.T.);
#11185 = VERTEX_POINT('',#11186);
#11186 = CARTESIAN_POINT('',(-11.94783102517,-18.,44.296296296296));
#11187 = SURFACE_CURVE('',#11188,(#11193,#11204),.PCURVE_S1.);
#11188 = ELLIPSE('',#11189,8.496249809047,6.);
#11189 = AXIS2_PLACEMENT_3D('',#11190,#11191,#11192);
#11190 = CARTESIAN_POINT('',(-12.25300377767,-12.,50.296296296297));
#11191 = DIRECTION('',(-6.938893903907E-18,-0.707106781187,
    0.707106781187));
#11192 = DIRECTION('',(7.174454705214E-02,-0.705284595028,
    -0.705284595028));
#11193 = PCURVE('',#5454,#11194);
#11194 = DEFINITIONAL_REPRESENTATION('',(#11195),#11203);
#11195 = B_SPLINE_CURVE_WITH_KNOTS('',6,(#11196,#11197,#11198,#11199,
    #11200,#11201,#11202),.UNSPECIFIED.,.F.,.F.,(7,7),(5.34748910345,
    6.232432465626),.PIECEWISE_BEZIER_KNOTS.);
#11196 = CARTESIAN_POINT('',(-0.685852964619,8.58370188403));
#11197 = CARTESIAN_POINT('',(-0.833343524981,9.297932721447));
#11198 = CARTESIAN_POINT('',(-0.980834085344,9.919002984836));
#11199 = CARTESIAN_POINT('',(-1.128324645707,10.418957221756));
#11200 = CARTESIAN_POINT('',(-1.275815206069,10.775866182841));
#11201 = CARTESIAN_POINT('',(-1.423305766432,10.977702417583));
#11202 = CARTESIAN_POINT('',(-1.570796326795,11.022712517856));
#11203 = ( GEOMETRIC_REPRESENTATION_CONTEXT(2) 
PARAMETRIC_REPRESENTATION_CONTEXT() REPRESENTATION_CONTEXT('2D SPACE',''
  ) );
#11204 = PCURVE('',#11205,#11210);
#11205 = PLANE('',#11206);
#11206 = AXIS2_PLACEMENT_3D('',#11207,#11208,#11209);
#11207 = CARTESIAN_POINT('',(143.30728127852,-16.,46.296296296296));
#11208 = DIRECTION('',(0.,-0.707106781187,0.707106781187));
#11209 = DIRECTION('',(0.,-0.707106781187,-0.707106781187));
#11210 = DEFINITIONAL_REPRESENTATION('',(#11211),#11215);
#11211 = ELLIPSE('',#11212,8.496249809047,6.);
#11212 = AXIS2_PLACEMENT_2D('',#11213,#11214);
#11213 = CARTESIAN_POINT('',(-5.656854249493,-155.5602850561));
#11214 = DIRECTION('',(0.997423039622,7.174454705214E-02));
#11215 = ( GEOMETRIC_REPRESENTATION_CONTEXT(2) 
PARAMETRIC_REPRESENTATION_CONTEXT() REPRESENTATION_CONTEXT('2D SPACE',''
  ) );
#11216 = ORIENTED_EDGE('',*,*,#11217,.T.);
#11217 = EDGE_CURVE('',#11185,#11218,#11220,.T.);
#11218 = VERTEX_POINT('',#11219);
#11219 = CARTESIAN_POINT('',(-11.91580672399,-18.,43.666666666667));
#11220 = SURFACE_CURVE('',#11221,(#11225,#11232),.PCURVE_S1.);
#11221 = LINE('',#11222,#11223);
#11222 = CARTESIAN_POINT('',(-12.50774584202,-18.,55.304778782505));
#11223 = VECTOR('',#11224,1.);
#11224 = DIRECTION('',(5.07964637509E-02,-2.2E-16,-0.998709026329));
#11225 = PCURVE('',#5454,#11226);
#11226 = DEFINITIONAL_REPRESENTATION('',(#11227),#11231);
#11227 = LINE('',#11228,#11229);
#11228 = CARTESIAN_POINT('',(-1.570796326795,0.));
#11229 = VECTOR('',#11230,1.);
#11230 = DIRECTION('',(-0.,1.));
#11231 = ( GEOMETRIC_REPRESENTATION_CONTEXT(2) 
PARAMETRIC_REPRESENTATION_CONTEXT() REPRESENTATION_CONTEXT('2D SPACE',''
  ) );
#11232 = PCURVE('',#11233,#11238);
#11233 = PLANE('',#11234);
#11234 = AXIS2_PLACEMENT_3D('',#11235,#11236,#11237);
#11235 = CARTESIAN_POINT('',(-6.78021613E-09,-18.,63.352095707312));
#11236 = DIRECTION('',(0.,1.,2.2E-16));
#11237 = DIRECTION('',(0.,-2.2E-16,1.));
#11238 = DEFINITIONAL_REPRESENTATION('',(#11239),#11243);
#11239 = LINE('',#11240,#11241);
#11240 = CARTESIAN_POINT('',(-8.047316924806,-12.50774583524));
#11241 = VECTOR('',#11242,1.);
#11242 = DIRECTION('',(-0.998709026329,5.07964637509E-02));
#11243 = ( GEOMETRIC_REPRESENTATION_CONTEXT(2) 
PARAMETRIC_REPRESENTATION_CONTEXT() REPRESENTATION_CONTEXT('2D SPACE',''
  ) );
#11244 = ORIENTED_EDGE('',*,*,#11245,.T.);
#11245 = EDGE_CURVE('',#11218,#11246,#11248,.T.);
#11246 = VERTEX_POINT('',#11247);
#11247 = CARTESIAN_POINT('',(-16.29199930088,-16.,41.666666666667));
#11248 = SURFACE_CURVE('',#11249,(#11254,#11265),.PCURVE_S1.);
#11249 = ELLIPSE('',#11250,8.496249809047,6.);
#11250 = AXIS2_PLACEMENT_3D('',#11251,#11252,#11253);
#11251 = CARTESIAN_POINT('',(-11.61063397149,-12.,37.666666666666));
#11252 = DIRECTION('',(-1.387778780781E-17,-0.707106781187,
    -0.707106781187));
#11253 = DIRECTION('',(7.174454705214E-02,0.705284595028,-0.705284595028
    ));
#11254 = PCURVE('',#5454,#11255);
#11255 = DEFINITIONAL_REPRESENTATION('',(#11256),#11264);
#11256 = B_SPLINE_CURVE_WITH_KNOTS('',6,(#11257,#11258,#11259,#11260,
    #11261,#11262,#11263),.UNSPECIFIED.,.F.,.F.,(7,7),(3.090839812036,
    3.975783174213),.PIECEWISE_BEZIER_KNOTS.);
#11257 = CARTESIAN_POINT('',(-1.570796326795,11.653156033465));
#11258 = CARTESIAN_POINT('',(-1.423305766432,11.608145933193));
#11259 = CARTESIAN_POINT('',(-1.27581520607,11.719962239705));
#11260 = CARTESIAN_POINT('',(-1.128324645707,11.990374393032));
#11261 = CARTESIAN_POINT('',(-0.980834085344,12.410887123021));
#11262 = CARTESIAN_POINT('',(-0.833343524981,12.962614982631));
#11263 = CARTESIAN_POINT('',(-0.685852964619,13.61983302637));
#11264 = ( GEOMETRIC_REPRESENTATION_CONTEXT(2) 
PARAMETRIC_REPRESENTATION_CONTEXT() REPRESENTATION_CONTEXT('2D SPACE',''
  ) );
#11265 = PCURVE('',#11266,#11271);
#11266 = PLANE('',#11267);
#11267 = AXIS2_PLACEMENT_3D('',#11268,#11269,#11270);
#11268 = CARTESIAN_POINT('',(143.30728127852,-18.,43.666666666667));
#11269 = DIRECTION('',(0.,-0.707106781187,-0.707106781187));
#11270 = DIRECTION('',(0.,0.707106781187,-0.707106781187));
#11271 = DEFINITIONAL_REPRESENTATION('',(#11272),#11276);
#11272 = ELLIPSE('',#11273,8.496249809047,6.);
#11273 = AXIS2_PLACEMENT_2D('',#11274,#11275);
#11274 = CARTESIAN_POINT('',(8.485281374239,-154.91791525));
#11275 = DIRECTION('',(0.997423039622,7.174454705214E-02));
#11276 = ( GEOMETRIC_REPRESENTATION_CONTEXT(2) 
PARAMETRIC_REPRESENTATION_CONTEXT() REPRESENTATION_CONTEXT('2D SPACE',''
  ) );
#11277 = ORIENTED_EDGE('',*,*,#11278,.T.);
#11278 = EDGE_CURVE('',#11246,#11279,#11281,.T.);
#11279 = VERTEX_POINT('',#11280);
#11280 = CARTESIAN_POINT('',(-11.71235822232,-18.,39.666666666667));
#11281 = SURFACE_CURVE('',#11282,(#11287,#11298),.PCURVE_S1.);
#11282 = ELLIPSE('',#11283,8.496249809047,6.);
#11283 = AXIS2_PLACEMENT_3D('',#11284,#11285,#11286);
#11284 = CARTESIAN_POINT('',(-12.01753097482,-12.,45.666666666667));
#11285 = DIRECTION('',(-6.938893903907E-18,-0.707106781187,
    0.707106781187));
#11286 = DIRECTION('',(7.174454705214E-02,-0.705284595028,
    -0.705284595028));
#11287 = PCURVE('',#5454,#11288);
#11288 = DEFINITIONAL_REPRESENTATION('',(#11289),#11297);
#11289 = B_SPLINE_CURVE_WITH_KNOTS('',6,(#11290,#11291,#11292,#11293,
    #11294,#11295,#11296),.UNSPECIFIED.,.F.,.F.,(7,7),(5.34748910345,
    6.232432465626),.PIECEWISE_BEZIER_KNOTS.);
#11290 = CARTESIAN_POINT('',(-0.685852964619,13.219315969394));
#11291 = CARTESIAN_POINT('',(-0.833343524981,13.933546806811));
#11292 = CARTESIAN_POINT('',(-0.980834085344,14.5546170702));
#11293 = CARTESIAN_POINT('',(-1.128324645707,15.05457130712));
#11294 = CARTESIAN_POINT('',(-1.27581520607,15.411480268205));
#11295 = CARTESIAN_POINT('',(-1.423305766432,15.613316502948));
#11296 = CARTESIAN_POINT('',(-1.570796326795,15.65832660322));
#11297 = ( GEOMETRIC_REPRESENTATION_CONTEXT(2) 
PARAMETRIC_REPRESENTATION_CONTEXT() REPRESENTATION_CONTEXT('2D SPACE',''
  ) );
#11298 = PCURVE('',#11299,#11304);
#11299 = PLANE('',#11300);
#11300 = AXIS2_PLACEMENT_3D('',#11301,#11302,#11303);
#11301 = CARTESIAN_POINT('',(143.30728127852,-16.,41.666666666667));
#11302 = DIRECTION('',(0.,-0.707106781187,0.707106781187));
#11303 = DIRECTION('',(0.,-0.707106781187,-0.707106781187));
#11304 = DEFINITIONAL_REPRESENTATION('',(#11305),#11309);
#11305 = ELLIPSE('',#11306,8.496249809047,6.);
#11306 = AXIS2_PLACEMENT_2D('',#11307,#11308);
#11307 = CARTESIAN_POINT('',(-5.656854249493,-155.3248122533));
#11308 = DIRECTION('',(0.997423039622,7.174454705214E-02));
#11309 = ( GEOMETRIC_REPRESENTATION_CONTEXT(2) 
PARAMETRIC_REPRESENTATION_CONTEXT() REPRESENTATION_CONTEXT('2D SPACE',''
  ) );
#11310 = ORIENTED_EDGE('',*,*,#11311,.T.);
#11311 = EDGE_CURVE('',#11279,#11312,#11314,.T.);
#11312 = VERTEX_POINT('',#11313);
#11313 = CARTESIAN_POINT('',(-11.68033392114,-18.,39.037037037037));
#11314 = SURFACE_CURVE('',#11315,(#11319,#11326),.PCURVE_S1.);
#11315 = LINE('',#11316,#11317);
#11316 = CARTESIAN_POINT('',(-12.50774584202,-18.,55.304778782505));
#11317 = VECTOR('',#11318,1.);
#11318 = DIRECTION('',(5.07964637509E-02,-2.2E-16,-0.998709026329));
#11319 = PCURVE('',#5454,#11320);
#11320 = DEFINITIONAL_REPRESENTATION('',(#11321),#11325);
#11321 = LINE('',#11322,#11323);
#11322 = CARTESIAN_POINT('',(-1.570796326795,0.));
#11323 = VECTOR('',#11324,1.);
#11324 = DIRECTION('',(-0.,1.));
#11325 = ( GEOMETRIC_REPRESENTATION_CONTEXT(2) 
PARAMETRIC_REPRESENTATION_CONTEXT() REPRESENTATION_CONTEXT('2D SPACE',''
  ) );
#11326 = PCURVE('',#11327,#11332);
#11327 = PLANE('',#11328);
#11328 = AXIS2_PLACEMENT_3D('',#11329,#11330,#11331);
#11329 = CARTESIAN_POINT('',(-6.78021613E-09,-18.,63.352095707312));
#11330 = DIRECTION('',(0.,1.,2.2E-16));
#11331 = DIRECTION('',(0.,-2.2E-16,1.));
#11332 = DEFINITIONAL_REPRESENTATION('',(#11333),#11337);
#11333 = LINE('',#11334,#11335);
#11334 = CARTESIAN_POINT('',(-8.047316924806,-12.50774583524));
#11335 = VECTOR('',#11336,1.);
#11336 = DIRECTION('',(-0.998709026329,5.07964637509E-02));
#11337 = ( GEOMETRIC_REPRESENTATION_CONTEXT(2) 
PARAMETRIC_REPRESENTATION_CONTEXT() REPRESENTATION_CONTEXT('2D SPACE',''
  ) );
#11338 = ORIENTED_EDGE('',*,*,#11339,.T.);
#11339 = EDGE_CURVE('',#11312,#11340,#11342,.T.);
#11340 = VERTEX_POINT('',#11341);
#11341 = CARTESIAN_POINT('',(-16.05652649803,-16.,37.037037037037));
#11342 = SURFACE_CURVE('',#11343,(#11348,#11359),.PCURVE_S1.);
#11343 = ELLIPSE('',#11344,8.496249809047,6.);
#11344 = AXIS2_PLACEMENT_3D('',#11345,#11346,#11347);
#11345 = CARTESIAN_POINT('',(-11.37516116864,-12.,33.037037037037));
#11346 = DIRECTION('',(-1.387778780781E-17,-0.707106781187,
    -0.707106781187));
#11347 = DIRECTION('',(7.174454705214E-02,0.705284595028,-0.705284595028
    ));
#11348 = PCURVE('',#5454,#11349);
#11349 = DEFINITIONAL_REPRESENTATION('',(#11350),#11358);
#11350 = B_SPLINE_CURVE_WITH_KNOTS('',6,(#11351,#11352,#11353,#11354,
    #11355,#11356,#11357),.UNSPECIFIED.,.F.,.F.,(7,7),(3.090839812036,
    3.975783174213),.PIECEWISE_BEZIER_KNOTS.);
#11351 = CARTESIAN_POINT('',(-1.570796326795,16.28877011883));
#11352 = CARTESIAN_POINT('',(-1.423305766432,16.243760018557));
#11353 = CARTESIAN_POINT('',(-1.275815206069,16.355576325069));
#11354 = CARTESIAN_POINT('',(-1.128324645707,16.625988478396));
#11355 = CARTESIAN_POINT('',(-0.980834085344,17.046501208385));
#11356 = CARTESIAN_POINT('',(-0.833343524981,17.598229067995));
#11357 = CARTESIAN_POINT('',(-0.685852964619,18.255447111734));
#11358 = ( GEOMETRIC_REPRESENTATION_CONTEXT(2) 
PARAMETRIC_REPRESENTATION_CONTEXT() REPRESENTATION_CONTEXT('2D SPACE',''
  ) );
#11359 = PCURVE('',#11360,#11365);
#11360 = PLANE('',#11361);
#11361 = AXIS2_PLACEMENT_3D('',#11362,#11363,#11364);
#11362 = CARTESIAN_POINT('',(143.30728127852,-18.,39.037037037037));
#11363 = DIRECTION('',(0.,-0.707106781187,-0.707106781187));
#11364 = DIRECTION('',(0.,0.707106781187,-0.707106781187));
#11365 = DEFINITIONAL_REPRESENTATION('',(#11366),#11370);
#11366 = ELLIPSE('',#11367,8.496249809047,6.);
#11367 = AXIS2_PLACEMENT_2D('',#11368,#11369);
#11368 = CARTESIAN_POINT('',(8.485281374239,-154.6824424471));
#11369 = DIRECTION('',(0.997423039622,7.174454705214E-02));
#11370 = ( GEOMETRIC_REPRESENTATION_CONTEXT(2) 
PARAMETRIC_REPRESENTATION_CONTEXT() REPRESENTATION_CONTEXT('2D SPACE',''
  ) );
#11371 = ORIENTED_EDGE('',*,*,#11372,.T.);
#11372 = EDGE_CURVE('',#11340,#11373,#11375,.T.);
#11373 = VERTEX_POINT('',#11374);
#11374 = CARTESIAN_POINT('',(-11.47688541947,-18.,35.037037037037));
#11375 = SURFACE_CURVE('',#11376,(#11381,#11392),.PCURVE_S1.);
#11376 = ELLIPSE('',#11377,8.496249809047,6.);
#11377 = AXIS2_PLACEMENT_3D('',#11378,#11379,#11380);
#11378 = CARTESIAN_POINT('',(-11.78205817197,-12.,41.037037037037));
#11379 = DIRECTION('',(-6.938893903907E-18,-0.707106781187,
    0.707106781187));
#11380 = DIRECTION('',(7.174454705214E-02,-0.705284595028,
    -0.705284595028));
#11381 = PCURVE('',#5454,#11382);
#11382 = DEFINITIONAL_REPRESENTATION('',(#11383),#11391);
#11383 = B_SPLINE_CURVE_WITH_KNOTS('',6,(#11384,#11385,#11386,#11387,
    #11388,#11389,#11390),.UNSPECIFIED.,.F.,.F.,(7,7),(5.34748910345,
    6.232432465626),.PIECEWISE_BEZIER_KNOTS.);
#11384 = CARTESIAN_POINT('',(-0.685852964619,17.854930054758));
#11385 = CARTESIAN_POINT('',(-0.833343524981,18.569160892175));
#11386 = CARTESIAN_POINT('',(-0.980834085344,19.190231155565));
#11387 = CARTESIAN_POINT('',(-1.128324645707,19.690185392483));
#11388 = CARTESIAN_POINT('',(-1.27581520607,20.047094353569));
#11389 = CARTESIAN_POINT('',(-1.423305766432,20.248930588312));
#11390 = CARTESIAN_POINT('',(-1.570796326795,20.293940688585));
#11391 = ( GEOMETRIC_REPRESENTATION_CONTEXT(2) 
PARAMETRIC_REPRESENTATION_CONTEXT() REPRESENTATION_CONTEXT('2D SPACE',''
  ) );
#11392 = PCURVE('',#11393,#11398);
#11393 = PLANE('',#11394);
#11394 = AXIS2_PLACEMENT_3D('',#11395,#11396,#11397);
#11395 = CARTESIAN_POINT('',(143.30728127852,-16.,37.037037037037));
#11396 = DIRECTION('',(0.,-0.707106781187,0.707106781187));
#11397 = DIRECTION('',(0.,-0.707106781187,-0.707106781187));
#11398 = DEFINITIONAL_REPRESENTATION('',(#11399),#11403);
#11399 = ELLIPSE('',#11400,8.496249809047,6.);
#11400 = AXIS2_PLACEMENT_2D('',#11401,#11402);
#11401 = CARTESIAN_POINT('',(-5.656854249493,-155.0893394504));
#11402 = DIRECTION('',(0.997423039622,7.174454705214E-02));
#11403 = ( GEOMETRIC_REPRESENTATION_CONTEXT(2) 
PARAMETRIC_REPRESENTATION_CONTEXT() REPRESENTATION_CONTEXT('2D SPACE',''
  ) );
#11404 = ORIENTED_EDGE('',*,*,#11405,.T.);
#11405 = EDGE_CURVE('',#11373,#11406,#11408,.T.);
#11406 = VERTEX_POINT('',#11407);
#11407 = CARTESIAN_POINT('',(-11.44486111829,-18.,34.407407407408));
#11408 = SURFACE_CURVE('',#11409,(#11413,#11420),.PCURVE_S1.);
#11409 = LINE('',#11410,#11411);
#11410 = CARTESIAN_POINT('',(-12.50774584202,-18.,55.304778782505));
#11411 = VECTOR('',#11412,1.);
#11412 = DIRECTION('',(5.07964637509E-02,-2.2E-16,-0.998709026329));
#11413 = PCURVE('',#5454,#11414);
#11414 = DEFINITIONAL_REPRESENTATION('',(#11415),#11419);
#11415 = LINE('',#11416,#11417);
#11416 = CARTESIAN_POINT('',(-1.570796326795,0.));
#11417 = VECTOR('',#11418,1.);
#11418 = DIRECTION('',(-0.,1.));
#11419 = ( GEOMETRIC_REPRESENTATION_CONTEXT(2) 
PARAMETRIC_REPRESENTATION_CONTEXT() REPRESENTATION_CONTEXT('2D SPACE',''
  ) );
#11420 = PCURVE('',#11421,#11426);
#11421 = PLANE('',#11422);
#11422 = AXIS2_PLACEMENT_3D('',#11423,#11424,#11425);
#11423 = CARTESIAN_POINT('',(-6.78021613E-09,-18.,63.352095707312));
#11424 = DIRECTION('',(0.,1.,2.2E-16));
#11425 = DIRECTION('',(0.,-2.2E-16,1.));
#11426 = DEFINITIONAL_REPRESENTATION('',(#11427),#11431);
#11427 = LINE('',#11428,#11429);
#11428 = CARTESIAN_POINT('',(-8.047316924806,-12.50774583524));
#11429 = VECTOR('',#11430,1.);
#11430 = DIRECTION('',(-0.998709026329,5.07964637509E-02));
#11431 = ( GEOMETRIC_REPRESENTATION_CONTEXT(2) 
PARAMETRIC_REPRESENTATION_CONTEXT() REPRESENTATION_CONTEXT('2D SPACE',''
  ) );
#11432 = ORIENTED_EDGE('',*,*,#11433,.T.);
#11433 = EDGE_CURVE('',#11406,#11434,#11436,.T.);
#11434 = VERTEX_POINT('',#11435);
#11435 = CARTESIAN_POINT('',(-15.82105369518,-16.,32.407407407407));
#11436 = SURFACE_CURVE('',#11437,(#11442,#11453),.PCURVE_S1.);
#11437 = ELLIPSE('',#11438,8.496249809047,6.);
#11438 = AXIS2_PLACEMENT_3D('',#11439,#11440,#11441);
#11439 = CARTESIAN_POINT('',(-11.13968836579,-12.,28.407407407407));
#11440 = DIRECTION('',(-1.387778780781E-17,-0.707106781187,
    -0.707106781187));
#11441 = DIRECTION('',(7.174454705214E-02,0.705284595028,-0.705284595028
    ));
#11442 = PCURVE('',#5454,#11443);
#11443 = DEFINITIONAL_REPRESENTATION('',(#11444),#11452);
#11444 = B_SPLINE_CURVE_WITH_KNOTS('',6,(#11445,#11446,#11447,#11448,
    #11449,#11450,#11451),.UNSPECIFIED.,.F.,.F.,(7,7),(3.090839812036,
    3.975783174213),.PIECEWISE_BEZIER_KNOTS.);
#11445 = CARTESIAN_POINT('',(-1.570796326795,20.924384204194));
#11446 = CARTESIAN_POINT('',(-1.423305766432,20.879374103921));
#11447 = CARTESIAN_POINT('',(-1.27581520607,20.991190410433));
#11448 = CARTESIAN_POINT('',(-1.128324645707,21.261602563759));
#11449 = CARTESIAN_POINT('',(-0.980834085344,21.682115293749));
#11450 = CARTESIAN_POINT('',(-0.833343524981,22.233843153359));
#11451 = CARTESIAN_POINT('',(-0.685852964619,22.891061197098));
#11452 = ( GEOMETRIC_REPRESENTATION_CONTEXT(2) 
PARAMETRIC_REPRESENTATION_CONTEXT() REPRESENTATION_CONTEXT('2D SPACE',''
  ) );
#11453 = PCURVE('',#11454,#11459);
#11454 = PLANE('',#11455);
#11455 = AXIS2_PLACEMENT_3D('',#11456,#11457,#11458);
#11456 = CARTESIAN_POINT('',(143.30728127852,-18.,34.407407407408));
#11457 = DIRECTION('',(0.,-0.707106781187,-0.707106781187));
#11458 = DIRECTION('',(0.,0.707106781187,-0.707106781187));
#11459 = DEFINITIONAL_REPRESENTATION('',(#11460),#11464);
#11460 = ELLIPSE('',#11461,8.496249809047,6.);
#11461 = AXIS2_PLACEMENT_2D('',#11462,#11463);
#11462 = CARTESIAN_POINT('',(8.485281374239,-154.4469696443));
#11463 = DIRECTION('',(0.997423039622,7.174454705214E-02));
#11464 = ( GEOMETRIC_REPRESENTATION_CONTEXT(2) 
PARAMETRIC_REPRESENTATION_CONTEXT() REPRESENTATION_CONTEXT('2D SPACE',''
  ) );
#11465 = ORIENTED_EDGE('',*,*,#11466,.T.);
#11466 = EDGE_CURVE('',#11434,#11467,#11469,.T.);
#11467 = VERTEX_POINT('',#11468);
#11468 = CARTESIAN_POINT('',(-11.24141261662,-18.,30.407407407407));
#11469 = SURFACE_CURVE('',#11470,(#11475,#11486),.PCURVE_S1.);
#11470 = ELLIPSE('',#11471,8.496249809047,6.);
#11471 = AXIS2_PLACEMENT_3D('',#11472,#11473,#11474);
#11472 = CARTESIAN_POINT('',(-11.54658536912,-12.,36.407407407408));
#11473 = DIRECTION('',(-6.938893903907E-18,-0.707106781187,
    0.707106781187));
#11474 = DIRECTION('',(7.174454705214E-02,-0.705284595028,
    -0.705284595028));
#11475 = PCURVE('',#5454,#11476);
#11476 = DEFINITIONAL_REPRESENTATION('',(#11477),#11485);
#11477 = B_SPLINE_CURVE_WITH_KNOTS('',6,(#11478,#11479,#11480,#11481,
    #11482,#11483,#11484),.UNSPECIFIED.,.F.,.F.,(7,7),(5.34748910345,
    6.232432465626),.PIECEWISE_BEZIER_KNOTS.);
#11478 = CARTESIAN_POINT('',(-0.685852964619,22.490544140122));
#11479 = CARTESIAN_POINT('',(-0.833343524981,23.204774977539));
#11480 = CARTESIAN_POINT('',(-0.980834085344,23.825845240928));
#11481 = CARTESIAN_POINT('',(-1.128324645707,24.325799477848));
#11482 = CARTESIAN_POINT('',(-1.275815206069,24.682708438933));
#11483 = CARTESIAN_POINT('',(-1.423305766432,24.884544673676));
#11484 = CARTESIAN_POINT('',(-1.570796326795,24.929554773949));
#11485 = ( GEOMETRIC_REPRESENTATION_CONTEXT(2) 
PARAMETRIC_REPRESENTATION_CONTEXT() REPRESENTATION_CONTEXT('2D SPACE',''
  ) );
#11486 = PCURVE('',#11487,#11492);
#11487 = PLANE('',#11488);
#11488 = AXIS2_PLACEMENT_3D('',#11489,#11490,#11491);
#11489 = CARTESIAN_POINT('',(143.30728127852,-16.,32.407407407407));
#11490 = DIRECTION('',(0.,-0.707106781187,0.707106781187));
#11491 = DIRECTION('',(0.,-0.707106781187,-0.707106781187));
#11492 = DEFINITIONAL_REPRESENTATION('',(#11493),#11497);
#11493 = ELLIPSE('',#11494,8.496249809047,6.);
#11494 = AXIS2_PLACEMENT_2D('',#11495,#11496);
#11495 = CARTESIAN_POINT('',(-5.656854249493,-154.8538666476));
#11496 = DIRECTION('',(0.997423039622,7.174454705214E-02));
#11497 = ( GEOMETRIC_REPRESENTATION_CONTEXT(2) 
PARAMETRIC_REPRESENTATION_CONTEXT() REPRESENTATION_CONTEXT('2D SPACE',''
  ) );
#11498 = ORIENTED_EDGE('',*,*,#11499,.T.);
#11499 = EDGE_CURVE('',#11467,#11500,#11502,.T.);
#11500 = VERTEX_POINT('',#11501);
#11501 = CARTESIAN_POINT('',(-11.20938831543,-18.,29.777777777778));
#11502 = SURFACE_CURVE('',#11503,(#11507,#11514),.PCURVE_S1.);
#11503 = LINE('',#11504,#11505);
#11504 = CARTESIAN_POINT('',(-12.50774584202,-18.,55.304778782505));
#11505 = VECTOR('',#11506,1.);
#11506 = DIRECTION('',(5.07964637509E-02,-2.2E-16,-0.998709026329));
#11507 = PCURVE('',#5454,#11508);
#11508 = DEFINITIONAL_REPRESENTATION('',(#11509),#11513);
#11509 = LINE('',#11510,#11511);
#11510 = CARTESIAN_POINT('',(-1.570796326795,0.));
#11511 = VECTOR('',#11512,1.);
#11512 = DIRECTION('',(-0.,1.));
#11513 = ( GEOMETRIC_REPRESENTATION_CONTEXT(2) 
PARAMETRIC_REPRESENTATION_CONTEXT() REPRESENTATION_CONTEXT('2D SPACE',''
  ) );
#11514 = PCURVE('',#11515,#11520);
#11515 = PLANE('',#11516);
#11516 = AXIS2_PLACEMENT_3D('',#11517,#11518,#11519);
#11517 = CARTESIAN_POINT('',(-6.78021613E-09,-18.,63.352095707312));
#11518 = DIRECTION('',(0.,1.,2.2E-16));
#11519 = DIRECTION('',(0.,-2.2E-16,1.));
#11520 = DEFINITIONAL_REPRESENTATION('',(#11521),#11525);
#11521 = LINE('',#11522,#11523);
#11522 = CARTESIAN_POINT('',(-8.047316924806,-12.50774583524));
#11523 = VECTOR('',#11524,1.);
#11524 = DIRECTION('',(-0.998709026329,5.07964637509E-02));
#11525 = ( GEOMETRIC_REPRESENTATION_CONTEXT(2) 
PARAMETRIC_REPRESENTATION_CONTEXT() REPRESENTATION_CONTEXT('2D SPACE',''
  ) );
#11526 = ORIENTED_EDGE('',*,*,#11527,.T.);
#11527 = EDGE_CURVE('',#11500,#11528,#11530,.T.);
#11528 = VERTEX_POINT('',#11529);
#11529 = CARTESIAN_POINT('',(-15.58558089233,-16.,27.777777777778));
#11530 = SURFACE_CURVE('',#11531,(#11536,#11547),.PCURVE_S1.);
#11531 = ELLIPSE('',#11532,8.496249809047,6.);
#11532 = AXIS2_PLACEMENT_3D('',#11533,#11534,#11535);
#11533 = CARTESIAN_POINT('',(-10.90421556294,-12.,23.777777777777));
#11534 = DIRECTION('',(-1.387778780781E-17,-0.707106781187,
    -0.707106781187));
#11535 = DIRECTION('',(7.174454705214E-02,0.705284595028,-0.705284595028
    ));
#11536 = PCURVE('',#5454,#11537);
#11537 = DEFINITIONAL_REPRESENTATION('',(#11538),#11546);
#11538 = B_SPLINE_CURVE_WITH_KNOTS('',6,(#11539,#11540,#11541,#11542,
    #11543,#11544,#11545),.UNSPECIFIED.,.F.,.F.,(7,7),(3.090839812036,
    3.975783174213),.PIECEWISE_BEZIER_KNOTS.);
#11539 = CARTESIAN_POINT('',(-1.570796326795,25.559998289558));
#11540 = CARTESIAN_POINT('',(-1.423305766432,25.514988189285));
#11541 = CARTESIAN_POINT('',(-1.27581520607,25.626804495798));
#11542 = CARTESIAN_POINT('',(-1.128324645707,25.897216649123));
#11543 = CARTESIAN_POINT('',(-0.980834085344,26.317729379113));
#11544 = CARTESIAN_POINT('',(-0.833343524981,26.869457238723));
#11545 = CARTESIAN_POINT('',(-0.685852964619,27.526675282462));
#11546 = ( GEOMETRIC_REPRESENTATION_CONTEXT(2) 
PARAMETRIC_REPRESENTATION_CONTEXT() REPRESENTATION_CONTEXT('2D SPACE',''
  ) );
#11547 = PCURVE('',#11548,#11553);
#11548 = PLANE('',#11549);
#11549 = AXIS2_PLACEMENT_3D('',#11550,#11551,#11552);
#11550 = CARTESIAN_POINT('',(143.30728127852,-18.,29.777777777778));
#11551 = DIRECTION('',(0.,-0.707106781187,-0.707106781187));
#11552 = DIRECTION('',(0.,0.707106781187,-0.707106781187));
#11553 = DEFINITIONAL_REPRESENTATION('',(#11554),#11558);
#11554 = ELLIPSE('',#11555,8.496249809047,6.);
#11555 = AXIS2_PLACEMENT_2D('',#11556,#11557);
#11556 = CARTESIAN_POINT('',(8.485281374239,-154.2114968414));
#11557 = DIRECTION('',(0.997423039622,7.174454705214E-02));
#11558 = ( GEOMETRIC_REPRESENTATION_CONTEXT(2) 
PARAMETRIC_REPRESENTATION_CONTEXT() REPRESENTATION_CONTEXT('2D SPACE',''
  ) );
#11559 = ORIENTED_EDGE('',*,*,#11560,.T.);
#11560 = EDGE_CURVE('',#11528,#11561,#11563,.T.);
#11561 = VERTEX_POINT('',#11562);
#11562 = CARTESIAN_POINT('',(-11.00593981377,-18.,25.777777777778));
#11563 = SURFACE_CURVE('',#11564,(#11569,#11580),.PCURVE_S1.);
#11564 = ELLIPSE('',#11565,8.496249809047,6.);
#11565 = AXIS2_PLACEMENT_3D('',#11566,#11567,#11568);
#11566 = CARTESIAN_POINT('',(-11.31111256627,-12.,31.777777777778));
#11567 = DIRECTION('',(-6.938893903907E-18,-0.707106781187,
    0.707106781187));
#11568 = DIRECTION('',(7.174454705214E-02,-0.705284595028,
    -0.705284595028));
#11569 = PCURVE('',#5454,#11570);
#11570 = DEFINITIONAL_REPRESENTATION('',(#11571),#11579);
#11571 = B_SPLINE_CURVE_WITH_KNOTS('',6,(#11572,#11573,#11574,#11575,
    #11576,#11577,#11578),.UNSPECIFIED.,.F.,.F.,(7,7),(5.34748910345,
    6.232432465626),.PIECEWISE_BEZIER_KNOTS.);
#11572 = CARTESIAN_POINT('',(-0.685852964619,27.126158225486));
#11573 = CARTESIAN_POINT('',(-0.833343524981,27.840389062904));
#11574 = CARTESIAN_POINT('',(-0.980834085344,28.461459326293));
#11575 = CARTESIAN_POINT('',(-1.128324645707,28.961413563211));
#11576 = CARTESIAN_POINT('',(-1.27581520607,29.318322524298));
#11577 = CARTESIAN_POINT('',(-1.423305766432,29.52015875904));
#11578 = CARTESIAN_POINT('',(-1.570796326795,29.565168859313));
#11579 = ( GEOMETRIC_REPRESENTATION_CONTEXT(2) 
PARAMETRIC_REPRESENTATION_CONTEXT() REPRESENTATION_CONTEXT('2D SPACE',''
  ) );
#11580 = PCURVE('',#11581,#11586);
#11581 = PLANE('',#11582);
#11582 = AXIS2_PLACEMENT_3D('',#11583,#11584,#11585);
#11583 = CARTESIAN_POINT('',(143.30728127852,-16.,27.777777777778));
#11584 = DIRECTION('',(0.,-0.707106781187,0.707106781187));
#11585 = DIRECTION('',(0.,-0.707106781187,-0.707106781187));
#11586 = DEFINITIONAL_REPRESENTATION('',(#11587),#11591);
#11587 = ELLIPSE('',#11588,8.496249809047,6.);
#11588 = AXIS2_PLACEMENT_2D('',#11589,#11590);
#11589 = CARTESIAN_POINT('',(-5.656854249493,-154.6183938447));
#11590 = DIRECTION('',(0.997423039622,7.174454705214E-02));
#11591 = ( GEOMETRIC_REPRESENTATION_CONTEXT(2) 
PARAMETRIC_REPRESENTATION_CONTEXT() REPRESENTATION_CONTEXT('2D SPACE',''
  ) );
#11592 = ORIENTED_EDGE('',*,*,#11593,.T.);
#11593 = EDGE_CURVE('',#11561,#11594,#11596,.T.);
#11594 = VERTEX_POINT('',#11595);
#11595 = CARTESIAN_POINT('',(-10.97391551258,-18.,25.148148148148));
#11596 = SURFACE_CURVE('',#11597,(#11601,#11608),.PCURVE_S1.);
#11597 = LINE('',#11598,#11599);
#11598 = CARTESIAN_POINT('',(-12.50774584202,-18.,55.304778782505));
#11599 = VECTOR('',#11600,1.);
#11600 = DIRECTION('',(5.07964637509E-02,-2.2E-16,-0.998709026329));
#11601 = PCURVE('',#5454,#11602);
#11602 = DEFINITIONAL_REPRESENTATION('',(#11603),#11607);
#11603 = LINE('',#11604,#11605);
#11604 = CARTESIAN_POINT('',(-1.570796326795,0.));
#11605 = VECTOR('',#11606,1.);
#11606 = DIRECTION('',(-0.,1.));
#11607 = ( GEOMETRIC_REPRESENTATION_CONTEXT(2) 
PARAMETRIC_REPRESENTATION_CONTEXT() REPRESENTATION_CONTEXT('2D SPACE',''
  ) );
#11608 = PCURVE('',#11609,#11614);
#11609 = PLANE('',#11610);
#11610 = AXIS2_PLACEMENT_3D('',#11611,#11612,#11613);
#11611 = CARTESIAN_POINT('',(-6.78021613E-09,-18.,63.352095707312));
#11612 = DIRECTION('',(0.,1.,2.2E-16));
#11613 = DIRECTION('',(0.,-2.2E-16,1.));
#11614 = DEFINITIONAL_REPRESENTATION('',(#11615),#11619);
#11615 = LINE('',#11616,#11617);
#11616 = CARTESIAN_POINT('',(-8.047316924806,-12.50774583524));
#11617 = VECTOR('',#11618,1.);
#11618 = DIRECTION('',(-0.998709026329,5.07964637509E-02));
#11619 = ( GEOMETRIC_REPRESENTATION_CONTEXT(2) 
PARAMETRIC_REPRESENTATION_CONTEXT() REPRESENTATION_CONTEXT('2D SPACE',''
  ) );
#11620 = ORIENTED_EDGE('',*,*,#11621,.T.);
#11621 = EDGE_CURVE('',#11594,#11622,#11624,.T.);
#11622 = VERTEX_POINT('',#11623);
#11623 = CARTESIAN_POINT('',(-15.35010808948,-16.,23.148148148148));
#11624 = SURFACE_CURVE('',#11625,(#11630,#11641),.PCURVE_S1.);
#11625 = ELLIPSE('',#11626,8.496249809047,6.);
#11626 = AXIS2_PLACEMENT_3D('',#11627,#11628,#11629);
#11627 = CARTESIAN_POINT('',(-10.66874276009,-12.,19.148148148148));
#11628 = DIRECTION('',(-1.387778780781E-17,-0.707106781187,
    -0.707106781187));
#11629 = DIRECTION('',(7.174454705214E-02,0.705284595028,-0.705284595028
    ));
#11630 = PCURVE('',#5454,#11631);
#11631 = DEFINITIONAL_REPRESENTATION('',(#11632),#11640);
#11632 = B_SPLINE_CURVE_WITH_KNOTS('',6,(#11633,#11634,#11635,#11636,
    #11637,#11638,#11639),.UNSPECIFIED.,.F.,.F.,(7,7),(3.090839812036,
    3.975783174213),.PIECEWISE_BEZIER_KNOTS.);
#11633 = CARTESIAN_POINT('',(-1.570796326795,30.195612374922));
#11634 = CARTESIAN_POINT('',(-1.423305766432,30.150602274649));
#11635 = CARTESIAN_POINT('',(-1.27581520607,30.262418581161));
#11636 = CARTESIAN_POINT('',(-1.128324645707,30.532830734488));
#11637 = CARTESIAN_POINT('',(-0.980834085344,30.953343464477));
#11638 = CARTESIAN_POINT('',(-0.833343524981,31.505071324088));
#11639 = CARTESIAN_POINT('',(-0.685852964619,32.162289367826));
#11640 = ( GEOMETRIC_REPRESENTATION_CONTEXT(2) 
PARAMETRIC_REPRESENTATION_CONTEXT() REPRESENTATION_CONTEXT('2D SPACE',''
  ) );
#11641 = PCURVE('',#11642,#11647);
#11642 = PLANE('',#11643);
#11643 = AXIS2_PLACEMENT_3D('',#11644,#11645,#11646);
#11644 = CARTESIAN_POINT('',(143.30728127852,-18.,25.148148148148));
#11645 = DIRECTION('',(0.,-0.707106781187,-0.707106781187));
#11646 = DIRECTION('',(0.,0.707106781187,-0.707106781187));
#11647 = DEFINITIONAL_REPRESENTATION('',(#11648),#11652);
#11648 = ELLIPSE('',#11649,8.496249809047,6.);
#11649 = AXIS2_PLACEMENT_2D('',#11650,#11651);
#11650 = CARTESIAN_POINT('',(8.485281374239,-153.9760240386));
#11651 = DIRECTION('',(0.997423039622,7.174454705214E-02));
#11652 = ( GEOMETRIC_REPRESENTATION_CONTEXT(2) 
PARAMETRIC_REPRESENTATION_CONTEXT() REPRESENTATION_CONTEXT('2D SPACE',''
  ) );
#11653 = ORIENTED_EDGE('',*,*,#11654,.T.);
#11654 = EDGE_CURVE('',#11622,#11655,#11657,.T.);
#11655 = VERTEX_POINT('',#11656);
#11656 = CARTESIAN_POINT('',(-10.77046701092,-18.,21.148148148148));
#11657 = SURFACE_CURVE('',#11658,(#11663,#11674),.PCURVE_S1.);
#11658 = ELLIPSE('',#11659,8.496249809047,6.);
#11659 = AXIS2_PLACEMENT_3D('',#11660,#11661,#11662);
#11660 = CARTESIAN_POINT('',(-11.07563976342,-12.,27.148148148148));
#11661 = DIRECTION('',(-6.938893903907E-18,-0.707106781187,
    0.707106781187));
#11662 = DIRECTION('',(7.174454705214E-02,-0.705284595028,
    -0.705284595028));
#11663 = PCURVE('',#5454,#11664);
#11664 = DEFINITIONAL_REPRESENTATION('',(#11665),#11673);
#11665 = B_SPLINE_CURVE_WITH_KNOTS('',6,(#11666,#11667,#11668,#11669,
    #11670,#11671,#11672),.UNSPECIFIED.,.F.,.F.,(7,7),(5.34748910345,
    6.232432465626),.PIECEWISE_BEZIER_KNOTS.);
#11666 = CARTESIAN_POINT('',(-0.685852964619,31.761772310851));
#11667 = CARTESIAN_POINT('',(-0.833343524981,32.476003148268));
#11668 = CARTESIAN_POINT('',(-0.980834085344,33.097073411657));
#11669 = CARTESIAN_POINT('',(-1.128324645707,33.597027648576));
#11670 = CARTESIAN_POINT('',(-1.27581520607,33.953936609661));
#11671 = CARTESIAN_POINT('',(-1.423305766432,34.155772844404));
#11672 = CARTESIAN_POINT('',(-1.570796326795,34.200782944677));
#11673 = ( GEOMETRIC_REPRESENTATION_CONTEXT(2) 
PARAMETRIC_REPRESENTATION_CONTEXT() REPRESENTATION_CONTEXT('2D SPACE',''
  ) );
#11674 = PCURVE('',#11675,#11680);
#11675 = PLANE('',#11676);
#11676 = AXIS2_PLACEMENT_3D('',#11677,#11678,#11679);
#11677 = CARTESIAN_POINT('',(143.30728127852,-16.,23.148148148148));
#11678 = DIRECTION('',(0.,-0.707106781187,0.707106781187));
#11679 = DIRECTION('',(0.,-0.707106781187,-0.707106781187));
#11680 = DEFINITIONAL_REPRESENTATION('',(#11681),#11685);
#11681 = ELLIPSE('',#11682,8.496249809047,6.);
#11682 = AXIS2_PLACEMENT_2D('',#11683,#11684);
#11683 = CARTESIAN_POINT('',(-5.656854249493,-154.3829210419));
#11684 = DIRECTION('',(0.997423039622,7.174454705214E-02));
#11685 = ( GEOMETRIC_REPRESENTATION_CONTEXT(2) 
PARAMETRIC_REPRESENTATION_CONTEXT() REPRESENTATION_CONTEXT('2D SPACE',''
  ) );
#11686 = ORIENTED_EDGE('',*,*,#11687,.T.);
#11687 = EDGE_CURVE('',#11655,#11688,#11690,.T.);
#11688 = VERTEX_POINT('',#11689);
#11689 = CARTESIAN_POINT('',(-10.73844270973,-18.,20.518518518519));
#11690 = SURFACE_CURVE('',#11691,(#11695,#11702),.PCURVE_S1.);
#11691 = LINE('',#11692,#11693);
#11692 = CARTESIAN_POINT('',(-12.50774584202,-18.,55.304778782505));
#11693 = VECTOR('',#11694,1.);
#11694 = DIRECTION('',(5.07964637509E-02,-2.2E-16,-0.998709026329));
#11695 = PCURVE('',#5454,#11696);
#11696 = DEFINITIONAL_REPRESENTATION('',(#11697),#11701);
#11697 = LINE('',#11698,#11699);
#11698 = CARTESIAN_POINT('',(-1.570796326795,0.));
#11699 = VECTOR('',#11700,1.);
#11700 = DIRECTION('',(-0.,1.));
#11701 = ( GEOMETRIC_REPRESENTATION_CONTEXT(2) 
PARAMETRIC_REPRESENTATION_CONTEXT() REPRESENTATION_CONTEXT('2D SPACE',''
  ) );
#11702 = PCURVE('',#11703,#11708);
#11703 = PLANE('',#11704);
#11704 = AXIS2_PLACEMENT_3D('',#11705,#11706,#11707);
#11705 = CARTESIAN_POINT('',(-6.78021613E-09,-18.,63.352095707312));
#11706 = DIRECTION('',(0.,1.,2.2E-16));
#11707 = DIRECTION('',(0.,-2.2E-16,1.));
#11708 = DEFINITIONAL_REPRESENTATION('',(#11709),#11713);
#11709 = LINE('',#11710,#11711);
#11710 = CARTESIAN_POINT('',(-8.047316924806,-12.50774583524));
#11711 = VECTOR('',#11712,1.);
#11712 = DIRECTION('',(-0.998709026329,5.07964637509E-02));
#11713 = ( GEOMETRIC_REPRESENTATION_CONTEXT(2) 
PARAMETRIC_REPRESENTATION_CONTEXT() REPRESENTATION_CONTEXT('2D SPACE',''
  ) );
#11714 = ORIENTED_EDGE('',*,*,#11715,.T.);
#11715 = EDGE_CURVE('',#11688,#11716,#11718,.T.);
#11716 = VERTEX_POINT('',#11717);
#11717 = CARTESIAN_POINT('',(-15.11463528663,-16.,18.518518518519));
#11718 = SURFACE_CURVE('',#11719,(#11724,#11735),.PCURVE_S1.);
#11719 = ELLIPSE('',#11720,8.496249809047,6.);
#11720 = AXIS2_PLACEMENT_3D('',#11721,#11722,#11723);
#11721 = CARTESIAN_POINT('',(-10.43326995724,-12.,14.518518518518));
#11722 = DIRECTION('',(-1.387778780781E-17,-0.707106781187,
    -0.707106781187));
#11723 = DIRECTION('',(7.174454705214E-02,0.705284595028,-0.705284595028
    ));
#11724 = PCURVE('',#5454,#11725);
#11725 = DEFINITIONAL_REPRESENTATION('',(#11726),#11734);
#11726 = B_SPLINE_CURVE_WITH_KNOTS('',6,(#11727,#11728,#11729,#11730,
    #11731,#11732,#11733),.UNSPECIFIED.,.F.,.F.,(7,7),(3.090839812036,
    3.975783174213),.PIECEWISE_BEZIER_KNOTS.);
#11727 = CARTESIAN_POINT('',(-1.570796326795,34.831226460286));
#11728 = CARTESIAN_POINT('',(-1.423305766432,34.786216360014));
#11729 = CARTESIAN_POINT('',(-1.27581520607,34.898032666526));
#11730 = CARTESIAN_POINT('',(-1.128324645707,35.168444819853));
#11731 = CARTESIAN_POINT('',(-0.980834085344,35.588957549841));
#11732 = CARTESIAN_POINT('',(-0.833343524981,36.140685409452));
#11733 = CARTESIAN_POINT('',(-0.685852964619,36.79790345319));
#11734 = ( GEOMETRIC_REPRESENTATION_CONTEXT(2) 
PARAMETRIC_REPRESENTATION_CONTEXT() REPRESENTATION_CONTEXT('2D SPACE',''
  ) );
#11735 = PCURVE('',#11736,#11741);
#11736 = PLANE('',#11737);
#11737 = AXIS2_PLACEMENT_3D('',#11738,#11739,#11740);
#11738 = CARTESIAN_POINT('',(143.30728127852,-18.,20.518518518519));
#11739 = DIRECTION('',(0.,-0.707106781187,-0.707106781187));
#11740 = DIRECTION('',(0.,0.707106781187,-0.707106781187));
#11741 = DEFINITIONAL_REPRESENTATION('',(#11742),#11746);
#11742 = ELLIPSE('',#11743,8.496249809047,6.);
#11743 = AXIS2_PLACEMENT_2D('',#11744,#11745);
#11744 = CARTESIAN_POINT('',(8.485281374239,-153.7405512357));
#11745 = DIRECTION('',(0.997423039622,7.174454705214E-02));
#11746 = ( GEOMETRIC_REPRESENTATION_CONTEXT(2) 
PARAMETRIC_REPRESENTATION_CONTEXT() REPRESENTATION_CONTEXT('2D SPACE',''
  ) );
#11747 = ORIENTED_EDGE('',*,*,#11748,.T.);
#11748 = EDGE_CURVE('',#11716,#11749,#11751,.T.);
#11749 = VERTEX_POINT('',#11750);
#11750 = CARTESIAN_POINT('',(-10.53499420807,-18.,16.518518518518));
#11751 = SURFACE_CURVE('',#11752,(#11757,#11768),.PCURVE_S1.);
#11752 = ELLIPSE('',#11753,8.496249809047,6.);
#11753 = AXIS2_PLACEMENT_3D('',#11754,#11755,#11756);
#11754 = CARTESIAN_POINT('',(-10.84016696057,-12.,22.518518518519));
#11755 = DIRECTION('',(-6.938893903907E-18,-0.707106781187,
    0.707106781187));
#11756 = DIRECTION('',(7.174454705214E-02,-0.705284595028,
    -0.705284595028));
#11757 = PCURVE('',#5454,#11758);
#11758 = DEFINITIONAL_REPRESENTATION('',(#11759),#11767);
#11759 = B_SPLINE_CURVE_WITH_KNOTS('',6,(#11760,#11761,#11762,#11763,
    #11764,#11765,#11766),.UNSPECIFIED.,.F.,.F.,(7,7),(5.34748910345,
    6.232432465626),.PIECEWISE_BEZIER_KNOTS.);
#11760 = CARTESIAN_POINT('',(-0.685852964619,36.397386396215));
#11761 = CARTESIAN_POINT('',(-0.833343524981,37.111617233632));
#11762 = CARTESIAN_POINT('',(-0.980834085344,37.732687497021));
#11763 = CARTESIAN_POINT('',(-1.128324645707,38.23264173394));
#11764 = CARTESIAN_POINT('',(-1.27581520607,38.589550695026));
#11765 = CARTESIAN_POINT('',(-1.423305766432,38.791386929768));
#11766 = CARTESIAN_POINT('',(-1.570796326795,38.836397030041));
#11767 = ( GEOMETRIC_REPRESENTATION_CONTEXT(2) 
PARAMETRIC_REPRESENTATION_CONTEXT() REPRESENTATION_CONTEXT('2D SPACE',''
  ) );
#11768 = PCURVE('',#11769,#11774);
#11769 = PLANE('',#11770);
#11770 = AXIS2_PLACEMENT_3D('',#11771,#11772,#11773);
#11771 = CARTESIAN_POINT('',(143.30728127852,-16.,18.518518518519));
#11772 = DIRECTION('',(0.,-0.707106781187,0.707106781187));
#11773 = DIRECTION('',(0.,-0.707106781187,-0.707106781187));
#11774 = DEFINITIONAL_REPRESENTATION('',(#11775),#11779);
#11775 = ELLIPSE('',#11776,8.496249809047,6.);
#11776 = AXIS2_PLACEMENT_2D('',#11777,#11778);
#11777 = CARTESIAN_POINT('',(-5.656854249493,-154.147448239));
#11778 = DIRECTION('',(0.997423039622,7.174454705214E-02));
#11779 = ( GEOMETRIC_REPRESENTATION_CONTEXT(2) 
PARAMETRIC_REPRESENTATION_CONTEXT() REPRESENTATION_CONTEXT('2D SPACE',''
  ) );
#11780 = ORIENTED_EDGE('',*,*,#11781,.T.);
#11781 = EDGE_CURVE('',#11749,#11782,#11784,.T.);
#11782 = VERTEX_POINT('',#11783);
#11783 = CARTESIAN_POINT('',(-10.50296990688,-18.,15.888888888889));
#11784 = SURFACE_CURVE('',#11785,(#11789,#11796),.PCURVE_S1.);
#11785 = LINE('',#11786,#11787);
#11786 = CARTESIAN_POINT('',(-12.50774584202,-18.,55.304778782505));
#11787 = VECTOR('',#11788,1.);
#11788 = DIRECTION('',(5.07964637509E-02,-2.2E-16,-0.998709026329));
#11789 = PCURVE('',#5454,#11790);
#11790 = DEFINITIONAL_REPRESENTATION('',(#11791),#11795);
#11791 = LINE('',#11792,#11793);
#11792 = CARTESIAN_POINT('',(-1.570796326795,0.));
#11793 = VECTOR('',#11794,1.);
#11794 = DIRECTION('',(-0.,1.));
#11795 = ( GEOMETRIC_REPRESENTATION_CONTEXT(2) 
PARAMETRIC_REPRESENTATION_CONTEXT() REPRESENTATION_CONTEXT('2D SPACE',''
  ) );
#11796 = PCURVE('',#11797,#11802);
#11797 = PLANE('',#11798);
#11798 = AXIS2_PLACEMENT_3D('',#11799,#11800,#11801);
#11799 = CARTESIAN_POINT('',(-6.78021613E-09,-18.,63.352095707312));
#11800 = DIRECTION('',(0.,1.,2.2E-16));
#11801 = DIRECTION('',(0.,-2.2E-16,1.));
#11802 = DEFINITIONAL_REPRESENTATION('',(#11803),#11807);
#11803 = LINE('',#11804,#11805);
#11804 = CARTESIAN_POINT('',(-8.047316924806,-12.50774583524));
#11805 = VECTOR('',#11806,1.);
#11806 = DIRECTION('',(-0.998709026329,5.07964637509E-02));
#11807 = ( GEOMETRIC_REPRESENTATION_CONTEXT(2) 
PARAMETRIC_REPRESENTATION_CONTEXT() REPRESENTATION_CONTEXT('2D SPACE',''
  ) );
#11808 = ORIENTED_EDGE('',*,*,#11809,.T.);
#11809 = EDGE_CURVE('',#11782,#11810,#11812,.T.);
#11810 = VERTEX_POINT('',#11811);
#11811 = CARTESIAN_POINT('',(-14.87916248378,-16.,13.888888888889));
#11812 = SURFACE_CURVE('',#11813,(#11818,#11829),.PCURVE_S1.);
#11813 = ELLIPSE('',#11814,8.496249809047,6.);
#11814 = AXIS2_PLACEMENT_3D('',#11815,#11816,#11817);
#11815 = CARTESIAN_POINT('',(-10.19779715439,-12.,9.888888888889));
#11816 = DIRECTION('',(-1.387778780781E-17,-0.707106781187,
    -0.707106781187));
#11817 = DIRECTION('',(7.174454705214E-02,0.705284595028,-0.705284595028
    ));
#11818 = PCURVE('',#5454,#11819);
#11819 = DEFINITIONAL_REPRESENTATION('',(#11820),#11828);
#11820 = B_SPLINE_CURVE_WITH_KNOTS('',6,(#11821,#11822,#11823,#11824,
    #11825,#11826,#11827),.UNSPECIFIED.,.F.,.F.,(7,7),(3.090839812036,
    3.975783174213),.PIECEWISE_BEZIER_KNOTS.);
#11821 = CARTESIAN_POINT('',(-1.570796326795,39.46684054565));
#11822 = CARTESIAN_POINT('',(-1.423305766432,39.421830445378));
#11823 = CARTESIAN_POINT('',(-1.27581520607,39.533646751889));
#11824 = CARTESIAN_POINT('',(-1.128324645707,39.804058905216));
#11825 = CARTESIAN_POINT('',(-0.980834085344,40.224571635204));
#11826 = CARTESIAN_POINT('',(-0.833343524981,40.776299494816));
#11827 = CARTESIAN_POINT('',(-0.685852964619,41.433517538554));
#11828 = ( GEOMETRIC_REPRESENTATION_CONTEXT(2) 
PARAMETRIC_REPRESENTATION_CONTEXT() REPRESENTATION_CONTEXT('2D SPACE',''
  ) );
#11829 = PCURVE('',#11830,#11835);
#11830 = PLANE('',#11831);
#11831 = AXIS2_PLACEMENT_3D('',#11832,#11833,#11834);
#11832 = CARTESIAN_POINT('',(143.30728127852,-18.,15.888888888889));
#11833 = DIRECTION('',(0.,-0.707106781187,-0.707106781187));
#11834 = DIRECTION('',(0.,0.707106781187,-0.707106781187));
#11835 = DEFINITIONAL_REPRESENTATION('',(#11836),#11840);
#11836 = ELLIPSE('',#11837,8.496249809047,6.);
#11837 = AXIS2_PLACEMENT_2D('',#11838,#11839);
#11838 = CARTESIAN_POINT('',(8.485281374239,-153.5050784329));
#11839 = DIRECTION('',(0.997423039622,7.174454705214E-02));
#11840 = ( GEOMETRIC_REPRESENTATION_CONTEXT(2) 
PARAMETRIC_REPRESENTATION_CONTEXT() REPRESENTATION_CONTEXT('2D SPACE',''
  ) );
#11841 = ORIENTED_EDGE('',*,*,#11842,.T.);
#11842 = EDGE_CURVE('',#11810,#11843,#11845,.T.);
#11843 = VERTEX_POINT('',#11844);
#11844 = CARTESIAN_POINT('',(-10.29952140522,-18.,11.888888888889));
#11845 = SURFACE_CURVE('',#11846,(#11851,#11862),.PCURVE_S1.);
#11846 = ELLIPSE('',#11847,8.496249809047,6.);
#11847 = AXIS2_PLACEMENT_3D('',#11848,#11849,#11850);
#11848 = CARTESIAN_POINT('',(-10.60469415772,-12.,17.888888888889));
#11849 = DIRECTION('',(-6.938893903907E-18,-0.707106781187,
    0.707106781187));
#11850 = DIRECTION('',(7.174454705214E-02,-0.705284595028,
    -0.705284595028));
#11851 = PCURVE('',#5454,#11852);
#11852 = DEFINITIONAL_REPRESENTATION('',(#11853),#11861);
#11853 = B_SPLINE_CURVE_WITH_KNOTS('',6,(#11854,#11855,#11856,#11857,
    #11858,#11859,#11860),.UNSPECIFIED.,.F.,.F.,(7,7),(5.34748910345,
    6.232432465626),.PIECEWISE_BEZIER_KNOTS.);
#11854 = CARTESIAN_POINT('',(-0.685852964619,41.033000481579));
#11855 = CARTESIAN_POINT('',(-0.833343524981,41.747231318996));
#11856 = CARTESIAN_POINT('',(-0.980834085344,42.368301582384));
#11857 = CARTESIAN_POINT('',(-1.128324645707,42.868255819304));
#11858 = CARTESIAN_POINT('',(-1.27581520607,43.22516478039));
#11859 = CARTESIAN_POINT('',(-1.423305766432,43.427001015133));
#11860 = CARTESIAN_POINT('',(-1.570796326795,43.472011115405));
#11861 = ( GEOMETRIC_REPRESENTATION_CONTEXT(2) 
PARAMETRIC_REPRESENTATION_CONTEXT() REPRESENTATION_CONTEXT('2D SPACE',''
  ) );
#11862 = PCURVE('',#11863,#11868);
#11863 = PLANE('',#11864);
#11864 = AXIS2_PLACEMENT_3D('',#11865,#11866,#11867);
#11865 = CARTESIAN_POINT('',(143.30728127852,-16.,13.888888888889));
#11866 = DIRECTION('',(0.,-0.707106781187,0.707106781187));
#11867 = DIRECTION('',(0.,-0.707106781187,-0.707106781187));
#11868 = DEFINITIONAL_REPRESENTATION('',(#11869),#11873);
#11869 = ELLIPSE('',#11870,8.496249809047,6.);
#11870 = AXIS2_PLACEMENT_2D('',#11871,#11872);
#11871 = CARTESIAN_POINT('',(-5.656854249493,-153.9119754362));
#11872 = DIRECTION('',(0.997423039622,7.174454705214E-02));
#11873 = ( GEOMETRIC_REPRESENTATION_CONTEXT(2) 
PARAMETRIC_REPRESENTATION_CONTEXT() REPRESENTATION_CONTEXT('2D SPACE',''
  ) );
#11874 = ORIENTED_EDGE('',*,*,#11875,.T.);
#11875 = EDGE_CURVE('',#11843,#11876,#11878,.T.);
#11876 = VERTEX_POINT('',#11877);
#11877 = CARTESIAN_POINT('',(-10.26749710403,-18.,11.259259259259));
#11878 = SURFACE_CURVE('',#11879,(#11883,#11890),.PCURVE_S1.);
#11879 = LINE('',#11880,#11881);
#11880 = CARTESIAN_POINT('',(-12.50774584202,-18.,55.304778782505));
#11881 = VECTOR('',#11882,1.);
#11882 = DIRECTION('',(5.07964637509E-02,-2.2E-16,-0.998709026329));
#11883 = PCURVE('',#5454,#11884);
#11884 = DEFINITIONAL_REPRESENTATION('',(#11885),#11889);
#11885 = LINE('',#11886,#11887);
#11886 = CARTESIAN_POINT('',(-1.570796326795,0.));
#11887 = VECTOR('',#11888,1.);
#11888 = DIRECTION('',(-0.,1.));
#11889 = ( GEOMETRIC_REPRESENTATION_CONTEXT(2) 
PARAMETRIC_REPRESENTATION_CONTEXT() REPRESENTATION_CONTEXT('2D SPACE',''
  ) );
#11890 = PCURVE('',#11891,#11896);
#11891 = PLANE('',#11892);
#11892 = AXIS2_PLACEMENT_3D('',#11893,#11894,#11895);
#11893 = CARTESIAN_POINT('',(-6.78021613E-09,-18.,63.352095707312));
#11894 = DIRECTION('',(0.,1.,2.2E-16));
#11895 = DIRECTION('',(0.,-2.2E-16,1.));
#11896 = DEFINITIONAL_REPRESENTATION('',(#11897),#11901);
#11897 = LINE('',#11898,#11899);
#11898 = CARTESIAN_POINT('',(-8.047316924806,-12.50774583524));
#11899 = VECTOR('',#11900,1.);
#11900 = DIRECTION('',(-0.998709026329,5.07964637509E-02));
#11901 = ( GEOMETRIC_REPRESENTATION_CONTEXT(2) 
PARAMETRIC_REPRESENTATION_CONTEXT() REPRESENTATION_CONTEXT('2D SPACE',''
  ) );
#11902 = ORIENTED_EDGE('',*,*,#11903,.T.);
#11903 = EDGE_CURVE('',#11876,#11904,#11906,.T.);
#11904 = VERTEX_POINT('',#11905);
#11905 = CARTESIAN_POINT('',(-14.64368968093,-16.,9.259259259259));
#11906 = SURFACE_CURVE('',#11907,(#11912,#11923),.PCURVE_S1.);
#11907 = ELLIPSE('',#11908,8.496249809047,6.);
#11908 = AXIS2_PLACEMENT_3D('',#11909,#11910,#11911);
#11909 = CARTESIAN_POINT('',(-9.962324351544,-12.,5.259259259259));
#11910 = DIRECTION('',(-1.387778780781E-17,-0.707106781187,
    -0.707106781187));
#11911 = DIRECTION('',(7.174454705214E-02,0.705284595028,-0.705284595028
    ));
#11912 = PCURVE('',#5454,#11913);
#11913 = DEFINITIONAL_REPRESENTATION('',(#11914),#11922);
#11914 = B_SPLINE_CURVE_WITH_KNOTS('',6,(#11915,#11916,#11917,#11918,
    #11919,#11920,#11921),.UNSPECIFIED.,.F.,.F.,(7,7),(3.090839812036,
    3.975783174213),.PIECEWISE_BEZIER_KNOTS.);
#11915 = CARTESIAN_POINT('',(-1.570796326795,44.102454631015));
#11916 = CARTESIAN_POINT('',(-1.423305766432,44.057444530742));
#11917 = CARTESIAN_POINT('',(-1.275815206069,44.169260837254));
#11918 = CARTESIAN_POINT('',(-1.128324645707,44.43967299058));
#11919 = CARTESIAN_POINT('',(-0.980834085344,44.860185720569));
#11920 = CARTESIAN_POINT('',(-0.833343524981,45.41191358018));
#11921 = CARTESIAN_POINT('',(-0.685852964619,46.069131623918));
#11922 = ( GEOMETRIC_REPRESENTATION_CONTEXT(2) 
PARAMETRIC_REPRESENTATION_CONTEXT() REPRESENTATION_CONTEXT('2D SPACE',''
  ) );
#11923 = PCURVE('',#11924,#11929);
#11924 = PLANE('',#11925);
#11925 = AXIS2_PLACEMENT_3D('',#11926,#11927,#11928);
#11926 = CARTESIAN_POINT('',(143.30728127852,-18.,11.259259259259));
#11927 = DIRECTION('',(0.,-0.707106781187,-0.707106781187));
#11928 = DIRECTION('',(0.,0.707106781187,-0.707106781187));
#11929 = DEFINITIONAL_REPRESENTATION('',(#11930),#11934);
#11930 = ELLIPSE('',#11931,8.496249809047,6.);
#11931 = AXIS2_PLACEMENT_2D('',#11932,#11933);
#11932 = CARTESIAN_POINT('',(8.485281374239,-153.26960563));
#11933 = DIRECTION('',(0.997423039622,7.174454705214E-02));
#11934 = ( GEOMETRIC_REPRESENTATION_CONTEXT(2) 
PARAMETRIC_REPRESENTATION_CONTEXT() REPRESENTATION_CONTEXT('2D SPACE',''
  ) );
#11935 = ORIENTED_EDGE('',*,*,#11936,.T.);
#11936 = EDGE_CURVE('',#11904,#11937,#11939,.T.);
#11937 = VERTEX_POINT('',#11938);
#11938 = CARTESIAN_POINT('',(-10.06404860237,-18.,7.259259259259));
#11939 = SURFACE_CURVE('',#11940,(#11945,#11956),.PCURVE_S1.);
#11940 = ELLIPSE('',#11941,8.496249809047,6.);
#11941 = AXIS2_PLACEMENT_3D('',#11942,#11943,#11944);
#11942 = CARTESIAN_POINT('',(-10.36922135486,-12.,13.25925925926));
#11943 = DIRECTION('',(-6.938893903907E-18,-0.707106781187,
    0.707106781187));
#11944 = DIRECTION('',(7.174454705214E-02,-0.705284595028,
    -0.705284595028));
#11945 = PCURVE('',#5454,#11946);
#11946 = DEFINITIONAL_REPRESENTATION('',(#11947),#11955);
#11947 = B_SPLINE_CURVE_WITH_KNOTS('',6,(#11948,#11949,#11950,#11951,
    #11952,#11953,#11954),.UNSPECIFIED.,.F.,.F.,(7,7),(5.34748910345,
    6.232432465626),.PIECEWISE_BEZIER_KNOTS.);
#11948 = CARTESIAN_POINT('',(-0.685852964619,45.668614566943));
#11949 = CARTESIAN_POINT('',(-0.833343524981,46.382845404361));
#11950 = CARTESIAN_POINT('',(-0.980834085344,47.00391566775));
#11951 = CARTESIAN_POINT('',(-1.128324645707,47.503869904668));
#11952 = CARTESIAN_POINT('',(-1.27581520607,47.860778865755));
#11953 = CARTESIAN_POINT('',(-1.423305766432,48.062615100497));
#11954 = CARTESIAN_POINT('',(-1.570796326795,48.10762520077));
#11955 = ( GEOMETRIC_REPRESENTATION_CONTEXT(2) 
PARAMETRIC_REPRESENTATION_CONTEXT() REPRESENTATION_CONTEXT('2D SPACE',''
  ) );
#11956 = PCURVE('',#11957,#11962);
#11957 = PLANE('',#11958);
#11958 = AXIS2_PLACEMENT_3D('',#11959,#11960,#11961);
#11959 = CARTESIAN_POINT('',(143.30728127852,-16.,9.259259259259));
#11960 = DIRECTION('',(0.,-0.707106781187,0.707106781187));
#11961 = DIRECTION('',(0.,-0.707106781187,-0.707106781187));
#11962 = DEFINITIONAL_REPRESENTATION('',(#11963),#11967);
#11963 = ELLIPSE('',#11964,8.496249809047,6.);
#11964 = AXIS2_PLACEMENT_2D('',#11965,#11966);
#11965 = CARTESIAN_POINT('',(-5.656854249493,-153.6765026333));
#11966 = DIRECTION('',(0.997423039622,7.174454705214E-02));
#11967 = ( GEOMETRIC_REPRESENTATION_CONTEXT(2) 
PARAMETRIC_REPRESENTATION_CONTEXT() REPRESENTATION_CONTEXT('2D SPACE',''
  ) );
#11968 = ORIENTED_EDGE('',*,*,#11969,.T.);
#11969 = EDGE_CURVE('',#11937,#11970,#11972,.T.);
#11970 = VERTEX_POINT('',#11971);
#11971 = CARTESIAN_POINT('',(-10.03202430118,-18.,6.62962962963));
#11972 = SURFACE_CURVE('',#11973,(#11977,#11984),.PCURVE_S1.);
#11973 = LINE('',#11974,#11975);
#11974 = CARTESIAN_POINT('',(-12.50774584202,-18.,55.304778782505));
#11975 = VECTOR('',#11976,1.);
#11976 = DIRECTION('',(5.07964637509E-02,-2.2E-16,-0.998709026329));
#11977 = PCURVE('',#5454,#11978);
#11978 = DEFINITIONAL_REPRESENTATION('',(#11979),#11983);
#11979 = LINE('',#11980,#11981);
#11980 = CARTESIAN_POINT('',(-1.570796326795,0.));
#11981 = VECTOR('',#11982,1.);
#11982 = DIRECTION('',(-0.,1.));
#11983 = ( GEOMETRIC_REPRESENTATION_CONTEXT(2) 
PARAMETRIC_REPRESENTATION_CONTEXT() REPRESENTATION_CONTEXT('2D SPACE',''
  ) );
#11984 = PCURVE('',#11985,#11990);
#11985 = PLANE('',#11986);
#11986 = AXIS2_PLACEMENT_3D('',#11987,#11988,#11989);
#11987 = CARTESIAN_POINT('',(-6.78021613E-09,-18.,63.352095707312));
#11988 = DIRECTION('',(0.,1.,2.2E-16));
#11989 = DIRECTION('',(0.,-2.2E-16,1.));
#11990 = DEFINITIONAL_REPRESENTATION('',(#11991),#11995);
#11991 = LINE('',#11992,#11993);
#11992 = CARTESIAN_POINT('',(-8.047316924806,-12.50774583524));
#11993 = VECTOR('',#11994,1.);
#11994 = DIRECTION('',(-0.998709026329,5.07964637509E-02));
#11995 = ( GEOMETRIC_REPRESENTATION_CONTEXT(2) 
PARAMETRIC_REPRESENTATION_CONTEXT() REPRESENTATION_CONTEXT('2D SPACE',''
  ) );
#11996 = ORIENTED_EDGE('',*,*,#11997,.T.);
#11997 = EDGE_CURVE('',#11970,#11998,#12000,.T.);
#11998 = VERTEX_POINT('',#11999);
#11999 = CARTESIAN_POINT('',(-12.95430022453,-17.22010838183,
    5.849738011464));
#12000 = SURFACE_CURVE('',#12001,(#12006,#12017),.PCURVE_S1.);
#12001 = ELLIPSE('',#12002,8.496249809047,6.);
#12002 = AXIS2_PLACEMENT_3D('',#12003,#12004,#12005);
#12003 = CARTESIAN_POINT('',(-9.726851548694,-12.,0.629629629629));
#12004 = DIRECTION('',(-1.387778780781E-17,-0.707106781187,
    -0.707106781187));
#12005 = DIRECTION('',(7.174454705214E-02,0.705284595028,-0.705284595028
    ));
#12006 = PCURVE('',#5454,#12007);
#12007 = DEFINITIONAL_REPRESENTATION('',(#12008),#12016);
#12008 = B_SPLINE_CURVE_WITH_KNOTS('',6,(#12009,#12010,#12011,#12012,
    #12013,#12014,#12015),.UNSPECIFIED.,.F.,.F.,(7,7),(3.090839812036,
    3.606630270545),.PIECEWISE_BEZIER_KNOTS.);
#12009 = CARTESIAN_POINT('',(-1.570796326795,48.738068716379));
#12010 = CARTESIAN_POINT('',(-1.484831250377,48.71183451739));
#12011 = CARTESIAN_POINT('',(-1.398866173959,48.738877044447));
#12012 = CARTESIAN_POINT('',(-1.312901097541,48.81954534952));
#12013 = CARTESIAN_POINT('',(-1.226936021123,48.953006979773));
#12014 = CARTESIAN_POINT('',(-1.140970944705,49.137233730049));
#12015 = CARTESIAN_POINT('',(-1.055005868287,49.369140890155));
#12016 = ( GEOMETRIC_REPRESENTATION_CONTEXT(2) 
PARAMETRIC_REPRESENTATION_CONTEXT() REPRESENTATION_CONTEXT('2D SPACE',''
  ) );
#12017 = PCURVE('',#12018,#12023);
#12018 = PLANE('',#12019);
#12019 = AXIS2_PLACEMENT_3D('',#12020,#12021,#12022);
#12020 = CARTESIAN_POINT('',(143.30728127852,-18.,6.62962962963));
#12021 = DIRECTION('',(0.,-0.707106781187,-0.707106781187));
#12022 = DIRECTION('',(0.,0.707106781187,-0.707106781187));
#12023 = DEFINITIONAL_REPRESENTATION('',(#12024),#12028);
#12024 = ELLIPSE('',#12025,8.496249809047,6.);
#12025 = AXIS2_PLACEMENT_2D('',#12026,#12027);
#12026 = CARTESIAN_POINT('',(8.485281374239,-153.0341328272));
#12027 = DIRECTION('',(0.997423039622,7.174454705214E-02));
#12028 = ( GEOMETRIC_REPRESENTATION_CONTEXT(2) 
PARAMETRIC_REPRESENTATION_CONTEXT() REPRESENTATION_CONTEXT('2D SPACE',''
  ) );
#12029 = ORIENTED_EDGE('',*,*,#12030,.F.);
#12030 = EDGE_CURVE('',#5418,#11998,#12031,.T.);
#12031 = SURFACE_CURVE('',#12032,(#12037,#12044),.PCURVE_S1.);
#12032 = CIRCLE('',#12033,6.);
#12033 = AXIS2_PLACEMENT_3D('',#12034,#12035,#12036);
#12034 = CARTESIAN_POINT('',(-10.,-12.,6.));
#12035 = DIRECTION('',(-5.07964637509E-02,2.2E-16,0.998709026329));
#12036 = DIRECTION('',(-0.998709026329,-1.E-17,-5.07964637509E-02));
#12037 = PCURVE('',#5454,#12038);
#12038 = DEFINITIONAL_REPRESENTATION('',(#12039),#12043);
#12039 = LINE('',#12040,#12041);
#12040 = CARTESIAN_POINT('',(-0.,49.368512231989));
#12041 = VECTOR('',#12042,1.);
#12042 = DIRECTION('',(-1.,0.));
#12043 = ( GEOMETRIC_REPRESENTATION_CONTEXT(2) 
PARAMETRIC_REPRESENTATION_CONTEXT() REPRESENTATION_CONTEXT('2D SPACE',''
  ) );
#12044 = PCURVE('',#5633,#12045);
#12045 = DEFINITIONAL_REPRESENTATION('',(#12046),#12050);
#12046 = LINE('',#12047,#12048);
#12047 = CARTESIAN_POINT('',(0.,0.));
#12048 = VECTOR('',#12049,1.);
#12049 = DIRECTION('',(0.,1.));
#12050 = ( GEOMETRIC_REPRESENTATION_CONTEXT(2) 
PARAMETRIC_REPRESENTATION_CONTEXT() REPRESENTATION_CONTEXT('2D SPACE',''
  ) );
#12051 = ADVANCED_FACE('',(#12052),#5538,.T.);
#12052 = FACE_BOUND('',#12053,.T.);
#12053 = EDGE_LOOP('',(#12054,#12181,#12182,#12183,#12293,#12317));
#12054 = ORIENTED_EDGE('',*,*,#12055,.F.);
#12055 = EDGE_CURVE('',#5522,#12056,#12058,.T.);
#12056 = VERTEX_POINT('',#12057);
#12057 = CARTESIAN_POINT('',(19.935605293738,-17.21012297253,
    107.69160445402));
#12058 = SURFACE_CURVE('',#12059,(#12071,#12085),.PCURVE_S1.);
#12059 = B_SPLINE_CURVE_WITH_KNOTS('',10,(#12060,#12061,#12062,#12063,
    #12064,#12065,#12066,#12067,#12068,#12069,#12070),.UNSPECIFIED.,.F.,
  .F.,(11,11),(0.,1.),.PIECEWISE_BEZIER_KNOTS.);
#12060 = CARTESIAN_POINT('',(22.249367459924,-12.,109.82187661405));
#12061 = CARTESIAN_POINT('',(22.184753384301,-12.96906436937,
    109.83918965396));
#12062 = CARTESIAN_POINT('',(22.076387398897,-13.93815140688,
    109.69326042678));
#12063 = CARTESIAN_POINT('',(21.883220580285,-14.87100881916,
    109.39513711425));
#12064 = CARTESIAN_POINT('',(21.56816388611,-15.73191962069,
    108.97235495654));
#12065 = CARTESIAN_POINT('',(21.106318775536,-16.48637284128,
    108.46692425063));
#12066 = CARTESIAN_POINT('',(20.48697607004,-17.10281786543,
    107.9328997721));
#12067 = CARTESIAN_POINT('',(19.729178382651,-17.56084988898,
    107.43112910749));
#12068 = CARTESIAN_POINT('',(18.870157718435,-17.8577212098,
    107.00348347769));
#12069 = CARTESIAN_POINT('',(17.947922059477,-18.,106.676662211));
#12070 = CARTESIAN_POINT('',(17.,-18.,106.46396730255));
#12071 = PCURVE('',#5538,#12072);
#12072 = DEFINITIONAL_REPRESENTATION('',(#12073),#12084);
#12073 = B_SPLINE_CURVE_WITH_KNOTS('',9,(#12074,#12075,#12076,#12077,
    #12078,#12079,#12080,#12081,#12082,#12083),.UNSPECIFIED.,.F.,.F.,(10
    ,10),(0.,1.),.PIECEWISE_BEZIER_KNOTS.);
#12074 = CARTESIAN_POINT('',(-5.44E-15,3.14159265359));
#12075 = CARTESIAN_POINT('',(7.339041302339E-02,3.321049018289));
#12076 = CARTESIAN_POINT('',(0.146783352524,3.500511560805));
#12077 = CARTESIAN_POINT('',(0.220062366313,3.679695528868));
#12078 = CARTESIAN_POINT('',(0.293199282339,3.858532035364));
#12079 = CARTESIAN_POINT('',(0.365844872041,4.036167136494));
#12080 = CARTESIAN_POINT('',(0.437589396528,4.211598926848));
#12081 = CARTESIAN_POINT('',(0.507707941575,4.383054825156));
#12082 = CARTESIAN_POINT('',(0.576011472052,4.550072597243));
#12083 = CARTESIAN_POINT('',(0.642392324128,4.712388980385));
#12084 = ( GEOMETRIC_REPRESENTATION_CONTEXT(2) 
PARAMETRIC_REPRESENTATION_CONTEXT() REPRESENTATION_CONTEXT('2D SPACE',''
  ) );
#12085 = PCURVE('',#12086,#12175);
#12086 = B_SPLINE_SURFACE_WITH_KNOTS('',7,10,(
    (#12087,#12088,#12089,#12090,#12091,#12092,#12093,#12094,#12095
      ,#12096,#12097)
    ,(#12098,#12099,#12100,#12101,#12102,#12103,#12104,#12105,#12106
      ,#12107,#12108)
    ,(#12109,#12110,#12111,#12112,#12113,#12114,#12115,#12116,#12117
      ,#12118,#12119)
    ,(#12120,#12121,#12122,#12123,#12124,#12125,#12126,#12127,#12128
      ,#12129,#12130)
    ,(#12131,#12132,#12133,#12134,#12135,#12136,#12137,#12138,#12139
      ,#12140,#12141)
    ,(#12142,#12143,#12144,#12145,#12146,#12147,#12148,#12149,#12150
      ,#12151,#12152)
    ,(#12153,#12154,#12155,#12156,#12157,#12158,#12159,#12160,#12161
      ,#12162,#12163)
    ,(#12164,#12165,#12166,#12167,#12168,#12169,#12170,#12171,#12172
      ,#12173,#12174
    )),.UNSPECIFIED.,.F.,.F.,.F.,(8,8),(11,11),(0.,1.),(0.,1.),
  .PIECEWISE_BEZIER_KNOTS.);
#12087 = CARTESIAN_POINT('',(23.,-12.,108.84363689035));
#12088 = CARTESIAN_POINT('',(23.,-12.94247779607,108.60566993157));
#12089 = CARTESIAN_POINT('',(22.835506593929,-13.88495559147,
    108.36770297278));
#12090 = CARTESIAN_POINT('',(22.506519776213,-14.79513518756,
    108.12973601403));
#12091 = CARTESIAN_POINT('',(22.020287271964,-15.64071835086,
    107.8917690552));
#12092 = CARTESIAN_POINT('',(21.391304408165,-16.39130440816,
    107.65380209649));
#12093 = CARTESIAN_POINT('',(20.640718350864,-17.02028727196,
    107.41583513764));
#12094 = CARTESIAN_POINT('',(19.795135187567,-17.50651977621,
    107.17786817891));
#12095 = CARTESIAN_POINT('',(18.884955591475,-17.83550659393,
    106.93990122011));
#12096 = CARTESIAN_POINT('',(17.942477796078,-18.,106.70193426134));
#12097 = CARTESIAN_POINT('',(17.,-18.,106.46396730255));
#12098 = CARTESIAN_POINT('',(23.,-12.,109.03302071284));
#12099 = CARTESIAN_POINT('',(23.022249919581,-12.94627587797,
    108.82655879625));
#12100 = CARTESIAN_POINT('',(22.868781231414,-13.89953313003,
    108.59677655578));
#12101 = CARTESIAN_POINT('',(22.537431643524,-14.81584624057,
    108.34525230315));
#12102 = CARTESIAN_POINT('',(22.042946495557,-15.65485923676,
    108.07591964399));
#12103 = CARTESIAN_POINT('',(21.413180451825,-16.38803909959,
    107.79478004948));
#12104 = CARTESIAN_POINT('',(20.670789855769,-17.00849420931,
    107.5095556302));
#12105 = CARTESIAN_POINT('',(19.826536332204,-17.49668505457,
    107.22893889872));
#12106 = CARTESIAN_POINT('',(18.909247043551,-17.831482857,
    106.95891145787));
#12107 = CARTESIAN_POINT('',(17.953978869993,-18.,106.70328749748));
#12108 = CARTESIAN_POINT('',(17.,-18.,106.46396730255));
#12109 = CARTESIAN_POINT('',(22.958682421545,-12.,109.22240432485));
#12110 = CARTESIAN_POINT('',(23.003150047474,-12.95007395987,
    109.07150656759));
#12111 = CARTESIAN_POINT('',(22.860982539585,-13.91486851903,
    108.8817051802));
#12112 = CARTESIAN_POINT('',(22.55397276761,-14.84152139039,
    108.61445669455));
#12113 = CARTESIAN_POINT('',(22.079228077119,-15.68237492514,
    108.29661931569));
#12114 = CARTESIAN_POINT('',(21.4634478922,-16.40755897781,
    107.95056917876));
#12115 = CARTESIAN_POINT('',(20.729008226355,-17.02075134947,
    107.59838840616));
#12116 = CARTESIAN_POINT('',(19.87986260266,-17.50355528273,
    107.26086199581));
#12117 = CARTESIAN_POINT('',(18.947977438358,-17.83421684992,
    106.95401944893));
#12118 = CARTESIAN_POINT('',(17.961632070548,-18.,106.70074585639));
#12119 = CARTESIAN_POINT('',(17.,-18.,106.46396730255));
#12120 = CARTESIAN_POINT('',(22.876049696292,-12.,109.40097243523));
#12121 = CARTESIAN_POINT('',(22.922199173817,-12.95387204177,
    109.31941509097));
#12122 = CARTESIAN_POINT('',(22.800207285904,-13.92572887134,
    109.14356361597));
#12123 = CARTESIAN_POINT('',(22.509190560306,-14.85882289257,
    108.864840134));
#12124 = CARTESIAN_POINT('',(22.047522253573,-15.70162087526,
    108.51123718527));
#12125 = CARTESIAN_POINT('',(21.439674700019,-16.42295005145,
    108.11999332449));
#12126 = CARTESIAN_POINT('',(20.712193573453,-17.03136119449,
    107.72110304484));
#12127 = CARTESIAN_POINT('',(19.868228622774,-17.50953493027,
    107.33776021447));
#12128 = CARTESIAN_POINT('',(18.940604697451,-17.83643438878,
    106.9920469654));
#12129 = CARTESIAN_POINT('',(17.964045953529,-18.,106.70287414439));
#12130 = CARTESIAN_POINT('',(17.,-18.,106.46396730255));
#12131 = CARTESIAN_POINT('',(22.755632508299,-12.,109.5579025847));
#12132 = CARTESIAN_POINT('',(22.773198718047,-12.95767012367,
    109.53541500122));
#12133 = CARTESIAN_POINT('',(22.660933622355,-13.93364639902,
    109.36536071153));
#12134 = CARTESIAN_POINT('',(22.386153492248,-14.87118279028,
    109.07631193018));
#12135 = CARTESIAN_POINT('',(21.946834230536,-15.71774701164,
    108.69315536913));
#12136 = CARTESIAN_POINT('',(21.359055904061,-16.44052269304,
    108.26529701067));
#12137 = CARTESIAN_POINT('',(20.649994434798,-17.04659425792,
    107.82869578523));
#12138 = CARTESIAN_POINT('',(19.824620831706,-17.51921205437,
    107.40765408321));
#12139 = CARTESIAN_POINT('',(18.915222309382,-17.84017928305,
    107.02887305496));
#12140 = CARTESIAN_POINT('',(17.962940082383,-18.,106.70379599622));
#12141 = CARTESIAN_POINT('',(17.,-18.,106.46396730255));
#12142 = CARTESIAN_POINT('',(22.604535427765,-12.,109.68393595164));
#12143 = CARTESIAN_POINT('',(22.582622745215,-12.96146820557,
    109.6903514535));
#12144 = CARTESIAN_POINT('',(22.4740638866,-13.93846203933,
    109.5169755176));
#12145 = CARTESIAN_POINT('',(22.219180552812,-14.87784067978,
    109.21801236906));
#12146 = CARTESIAN_POINT('',(21.811676297153,-15.72920464253,
    108.81387296075));
#12147 = CARTESIAN_POINT('',(21.255263790013,-16.45828118417,
    108.35963644657));
#12148 = CARTESIAN_POINT('',(20.572426974792,-17.06472905044,
    107.89544081171));
#12149 = CARTESIAN_POINT('',(19.771940039213,-17.53162881533,
    107.44847233018));
#12150 = CARTESIAN_POINT('',(18.885721028292,-17.84516584389,
    107.04858256488));
#12151 = CARTESIAN_POINT('',(17.959256268638,-18.,106.70124533951));
#12152 = CARTESIAN_POINT('',(17.,-18.,106.46396730255));
#12153 = CARTESIAN_POINT('',(22.432298361715,-12.,109.77286113292));
#12154 = CARTESIAN_POINT('',(22.380619176697,-12.96526628747,
    109.78670832928));
#12155 = CARTESIAN_POINT('',(22.266074931842,-13.94170800433,
    109.63603802387));
#12156 = CARTESIAN_POINT('',(22.048636906913,-14.88222860422,
    109.33037733199));
#12157 = CARTESIAN_POINT('',(21.695221324438,-15.74114369247,
    108.9041090277));
#12158 = CARTESIAN_POINT('',(21.190633107819,-16.48253589738,
    108.41303694884));
#12159 = CARTESIAN_POINT('',(20.541880699328,-17.0920360856,
    107.90692097622));
#12160 = CARTESIAN_POINT('',(19.762672197413,-17.55137327034,
    107.42871841186));
#12161 = CARTESIAN_POINT('',(18.888137804876,-17.85343788078,
    107.01525279639));
#12162 = CARTESIAN_POINT('',(17.95471407574,-18.,106.68934580899));
#12163 = CARTESIAN_POINT('',(17.,-18.,106.46396730255));
#12164 = CARTESIAN_POINT('',(22.249367459924,-12.,109.82187661405));
#12165 = CARTESIAN_POINT('',(22.184753384301,-12.96906436937,
    109.83918965396));
#12166 = CARTESIAN_POINT('',(22.076387398897,-13.93815140688,
    109.69326042678));
#12167 = CARTESIAN_POINT('',(21.883220580285,-14.87100881916,
    109.39513711425));
#12168 = CARTESIAN_POINT('',(21.56816388611,-15.73191962069,
    108.97235495654));
#12169 = CARTESIAN_POINT('',(21.106318775536,-16.48637284128,
    108.46692425063));
#12170 = CARTESIAN_POINT('',(20.48697607004,-17.10281786543,
    107.9328997721));
#12171 = CARTESIAN_POINT('',(19.729178382651,-17.56084988898,
    107.43112910749));
#12172 = CARTESIAN_POINT('',(18.870157718435,-17.8577212098,
    107.00348347769));
#12173 = CARTESIAN_POINT('',(17.947922059477,-18.,106.676662211));
#12174 = CARTESIAN_POINT('',(17.,-18.,106.46396730255));
#12175 = DEFINITIONAL_REPRESENTATION('',(#12176),#12180);
#12176 = LINE('',#12177,#12178);
#12177 = CARTESIAN_POINT('',(1.,0.));
#12178 = VECTOR('',#12179,1.);
#12179 = DIRECTION('',(0.,1.));
#12180 = ( GEOMETRIC_REPRESENTATION_CONTEXT(2) 
PARAMETRIC_REPRESENTATION_CONTEXT() REPRESENTATION_CONTEXT('2D SPACE',''
  ) );
#12181 = ORIENTED_EDGE('',*,*,#5521,.T.);
#12182 = ORIENTED_EDGE('',*,*,#10272,.T.);
#12183 = ORIENTED_EDGE('',*,*,#12184,.T.);
#12184 = EDGE_CURVE('',#10273,#12185,#12187,.T.);
#12185 = VERTEX_POINT('',#12186);
#12186 = CARTESIAN_POINT('',(15.705169999491,-18.,109.11111111111));
#12187 = SURFACE_CURVE('',#12188,(#12221,#12257),.PCURVE_S1.);
#12188 = B_SPLINE_CURVE_WITH_KNOTS('',6,(#12189,#12190,#12191,#12192,
    #12193,#12194,#12195,#12196,#12197,#12198,#12199,#12200,#12201,
    #12202,#12203,#12204,#12205,#12206,#12207,#12208,#12209,#12210,
    #12211,#12212,#12213,#12214,#12215,#12216,#12217,#12218,#12219,
    #12220),.UNSPECIFIED.,.F.,.F.,(7,5,5,5,5,5,7),(0.,0.218724123943,
    0.338779124922,0.419384659115,0.630859008326,0.865172014101,1.),
  .UNSPECIFIED.);
#12189 = CARTESIAN_POINT('',(19.514999626722,-16.46090884634,
    110.65020226476));
#12190 = CARTESIAN_POINT('',(19.415823774956,-16.5541973751,
    110.556913736));
#12191 = CARTESIAN_POINT('',(19.314677078151,-16.64678986781,
    110.46432124329));
#12192 = CARTESIAN_POINT('',(19.2109088571,-16.73826168157,
    110.37284942953));
#12193 = CARTESIAN_POINT('',(19.103928842484,-16.82814660053,
    110.28296451057));
#12194 = CARTESIAN_POINT('',(18.993246892281,-16.91595884583,
    110.19515226527));
#12195 = CARTESIAN_POINT('',(18.815536516972,-17.0480111946,
    110.0630999165));
#12196 = CARTESIAN_POINT('',(18.751341051769,-17.09403615859,
    110.01707495252));
#12197 = CARTESIAN_POINT('',(18.685870665089,-17.13920867492,
    109.97190243618));
#12198 = CARTESIAN_POINT('',(18.619083348823,-17.18344771195,
    109.92766339915));
#12199 = CARTESIAN_POINT('',(18.55095262854,-17.226673921,109.8844371901
    ));
#12200 = CARTESIAN_POINT('',(18.434818104249,-17.2971021286,
    109.81400898251));
#12201 = CARTESIAN_POINT('',(18.38755692919,-17.32490239828,
    109.78620871282));
#12202 = CARTESIAN_POINT('',(18.339683087006,-17.35218870634,
    109.75892240476));
#12203 = CARTESIAN_POINT('',(18.291196926522,-17.37893891852,
    109.73217219258));
#12204 = CARTESIAN_POINT('',(18.242101989997,-17.40513191741,
    109.70597919369));
#12205 = CARTESIAN_POINT('',(18.062021461355,-17.4979521732,
    109.6131589379));
#12206 = CARTESIAN_POINT('',(17.927482438978,-17.56118915125,
    109.54992195985));
#12207 = CARTESIAN_POINT('',(17.788931639934,-17.62008412704,
    109.49102698406));
#12208 = CARTESIAN_POINT('',(17.646620815312,-17.67434774172,
    109.43676336938));
#12209 = CARTESIAN_POINT('',(17.500901316741,-17.72376688486,
    109.38734422624));
#12210 = CARTESIAN_POINT('',(17.187472312681,-17.81742311177,
    109.29368799933));
#12211 = CARTESIAN_POINT('',(17.019062198189,-17.86053186308,
    109.25057924802));
#12212 = CARTESIAN_POINT('',(16.847568898627,-17.89732642278,
    109.21378468832));
#12213 = CARTESIAN_POINT('',(16.673602980358,-17.92774384881,
    109.1833672623));
#12214 = CARTESIAN_POINT('',(16.497776393578,-17.95179665636,
    109.15931445474));
#12215 = CARTESIAN_POINT('',(16.218799391681,-17.97977791887,
    109.13133319223));
#12216 = CARTESIAN_POINT('',(16.116483563655,-17.98791525607,
    109.12319585503));
#12217 = CARTESIAN_POINT('',(16.013858720859,-17.99398386063,
    109.11712725047));
#12218 = CARTESIAN_POINT('',(15.911031293833,-17.99800387095,
    109.11310724015));
#12219 = CARTESIAN_POINT('',(15.808102876803,-18.,109.11111111111));
#12220 = CARTESIAN_POINT('',(15.705169999491,-18.,109.11111111111));
#12221 = PCURVE('',#5538,#12222);
#12222 = DEFINITIONAL_REPRESENTATION('',(#12223),#12256);
#12223 = B_SPLINE_CURVE_WITH_KNOTS('',6,(#12224,#12225,#12226,#12227,
    #12228,#12229,#12230,#12231,#12232,#12233,#12234,#12235,#12236,
    #12237,#12238,#12239,#12240,#12241,#12242,#12243,#12244,#12245,
    #12246,#12247,#12248,#12249,#12250,#12251,#12252,#12253,#12254,
    #12255),.UNSPECIFIED.,.F.,.F.,(7,5,5,5,5,5,7),(0.,0.218724123943,
    0.338779124922,0.419384659115,0.630859008326,0.865172014101,1.),
  .UNSPECIFIED.);
#12224 = CARTESIAN_POINT('',(1.259012204264,3.979858933504));
#12225 = CARTESIAN_POINT('',(1.229608986917,4.00310831287));
#12226 = CARTESIAN_POINT('',(1.202909326156,4.026905380454));
#12227 = CARTESIAN_POINT('',(1.178823515304,4.051230485138));
#12228 = CARTESIAN_POINT('',(1.157258400527,4.076056655575));
#12229 = CARTESIAN_POINT('',(1.138109022239,4.101349965702));
#12230 = CARTESIAN_POINT('',(1.111996685858,4.141187258289));
#12231 = CARTESIAN_POINT('',(1.103433541801,4.155432813701));
#12232 = CARTESIAN_POINT('',(1.095540654144,4.169799386423));
#12233 = CARTESIAN_POINT('',(1.088296256225,4.184279099312));
#12234 = CARTESIAN_POINT('',(1.081677185874,4.198863362122));
#12235 = CARTESIAN_POINT('',(1.071618503935,4.223398741463));
#12236 = CARTESIAN_POINT('',(1.067848831472,4.233297590939));
#12237 = CARTESIAN_POINT('',(1.064342661185,4.2432365899));
#12238 = CARTESIAN_POINT('',(1.061092390626,4.253212858769));
#12239 = CARTESIAN_POINT('',(1.058090222676,4.263223452394));
#12240 = CARTESIAN_POINT('',(1.048081712316,4.299611018629));
#12241 = CARTESIAN_POINT('',(1.04248766213,4.326174609686));
#12242 = CARTESIAN_POINT('',(1.038403128385,4.352896958184));
#12243 = CARTESIAN_POINT('',(1.035677881381,4.379726378972));
#12244 = CARTESIAN_POINT('',(1.034164322204,4.406614968288));
#12245 = CARTESIAN_POINT('',(1.033243410721,4.463319941434));
#12246 = CARTESIAN_POINT('',(1.034080857303,4.493143453678));
#12247 = CARTESIAN_POINT('',(1.036055193504,4.522923158713));
#12248 = CARTESIAN_POINT('',(1.038997552045,4.552616045919));
#12249 = CARTESIAN_POINT('',(1.042766120834,4.582188558791));
#12250 = CARTESIAN_POINT('',(1.04981330522,4.628542896547));
#12251 = CARTESIAN_POINT('',(1.052620716478,4.645425152902));
#12252 = CARTESIAN_POINT('',(1.05563858706,4.662254113164));
#12253 = CARTESIAN_POINT('',(1.058846437324,4.679026156717));
#12254 = CARTESIAN_POINT('',(1.062226045467,4.695738508732));
#12255 = CARTESIAN_POINT('',(1.065761202632,4.712388980385));
#12256 = ( GEOMETRIC_REPRESENTATION_CONTEXT(2) 
PARAMETRIC_REPRESENTATION_CONTEXT() REPRESENTATION_CONTEXT('2D SPACE',''
  ) );
#12257 = PCURVE('',#9330,#12258);
#12258 = DEFINITIONAL_REPRESENTATION('',(#12259),#12292);
#12259 = B_SPLINE_CURVE_WITH_KNOTS('',6,(#12260,#12261,#12262,#12263,
    #12264,#12265,#12266,#12267,#12268,#12269,#12270,#12271,#12272,
    #12273,#12274,#12275,#12276,#12277,#12278,#12279,#12280,#12281,
    #12282,#12283,#12284,#12285,#12286,#12287,#12288,#12289,#12290,
    #12291),.UNSPECIFIED.,.F.,.F.,(7,5,5,5,5,5,7),(0.,0.218724123943,
    0.338779124922,0.419384659115,0.630859008326,0.865172014101,1.),
  .UNSPECIFIED.);
#12260 = CARTESIAN_POINT('',(0.651823541524,-123.7922816518));
#12261 = CARTESIAN_POINT('',(0.783753444103,-123.8914575035));
#12262 = CARTESIAN_POINT('',(0.914699003065,-123.9926042003));
#12263 = CARTESIAN_POINT('',(1.044059682665,-124.0963724214));
#12264 = CARTESIAN_POINT('',(1.17117615411,-124.203352436));
#12265 = CARTESIAN_POINT('',(1.295361422357,-124.3140343862));
#12266 = CARTESIAN_POINT('',(1.482111644932,-124.4917447615));
#12267 = CARTESIAN_POINT('',(1.547200773206,-124.5559402267));
#12268 = CARTESIAN_POINT('',(1.611084358447,-124.6214106134));
#12269 = CARTESIAN_POINT('',(1.673647804602,-124.6881979297));
#12270 = CARTESIAN_POINT('',(1.7347788957,-124.7563286499));
#12271 = CARTESIAN_POINT('',(1.834379422049,-124.8724631742));
#12272 = CARTESIAN_POINT('',(1.873694940478,-124.9197243493));
#12273 = CARTESIAN_POINT('',(1.912283607405,-124.9675981915));
#12274 = CARTESIAN_POINT('',(1.950114120263,-125.016084352));
#12275 = CARTESIAN_POINT('',(1.987156614533,-125.0651792885));
#12276 = CARTESIAN_POINT('',(2.118424279129,-125.2452598171));
#12277 = CARTESIAN_POINT('',(2.207854871134,-125.3797988395));
#12278 = CARTESIAN_POINT('',(2.291144944652,-125.5183496385));
#12279 = CARTESIAN_POINT('',(2.367885284476,-125.6606604632));
#12280 = CARTESIAN_POINT('',(2.437774506942,-125.8063799617));
#12281 = CARTESIAN_POINT('',(2.570224413248,-126.1198089658));
#12282 = CARTESIAN_POINT('',(2.631189393999,-126.2882190803));
#12283 = CARTESIAN_POINT('',(2.683224759352,-126.4597123798));
#12284 = CARTESIAN_POINT('',(2.72624149577,-126.6336782981));
#12285 = CARTESIAN_POINT('',(2.760257302428,-126.8095048849));
#12286 = CARTESIAN_POINT('',(2.799828783364,-127.0884818868));
#12287 = CARTESIAN_POINT('',(2.811336715992,-127.1907977148));
#12288 = CARTESIAN_POINT('',(2.819919018863,-127.2934225576));
#12289 = CARTESIAN_POINT('',(2.825604171983,-127.3962499846));
#12290 = CARTESIAN_POINT('',(2.828427124746,-127.4991784017));
#12291 = CARTESIAN_POINT('',(2.828427124746,-127.602111279));
#12292 = ( GEOMETRIC_REPRESENTATION_CONTEXT(2) 
PARAMETRIC_REPRESENTATION_CONTEXT() REPRESENTATION_CONTEXT('2D SPACE',''
  ) );
#12293 = ORIENTED_EDGE('',*,*,#12294,.F.);
#12294 = EDGE_CURVE('',#12295,#12185,#12297,.T.);
#12295 = VERTEX_POINT('',#12296);
#12296 = CARTESIAN_POINT('',(15.893132191134,-18.,108.48148148148));
#12297 = SURFACE_CURVE('',#12298,(#12303,#12310),.PCURVE_S1.);
#12298 = CIRCLE('',#12299,7.012747307136);
#12299 = AXIS2_PLACEMENT_3D('',#12300,#12301,#12302);
#12300 = CARTESIAN_POINT('',(22.511482226985,-18.,110.80011633774));
#12301 = DIRECTION('',(0.,1.,0.));
#12302 = DIRECTION('',(-0.258815565569,0.,-0.96592675862));
#12303 = PCURVE('',#5538,#12304);
#12304 = DEFINITIONAL_REPRESENTATION('',(#12305),#12309);
#12305 = LINE('',#12306,#12307);
#12306 = CARTESIAN_POINT('',(0.,4.712388980385));
#12307 = VECTOR('',#12308,1.);
#12308 = DIRECTION('',(1.,0.));
#12309 = ( GEOMETRIC_REPRESENTATION_CONTEXT(2) 
PARAMETRIC_REPRESENTATION_CONTEXT() REPRESENTATION_CONTEXT('2D SPACE',''
  ) );
#12310 = PCURVE('',#9244,#12311);
#12311 = DEFINITIONAL_REPRESENTATION('',(#12312),#12316);
#12312 = CIRCLE('',#12313,7.012747307136);
#12313 = AXIS2_PLACEMENT_2D('',#12314,#12315);
#12314 = CARTESIAN_POINT('',(47.448020630436,22.511482233765));
#12315 = DIRECTION('',(-0.96592675862,-0.258815565569));
#12316 = ( GEOMETRIC_REPRESENTATION_CONTEXT(2) 
PARAMETRIC_REPRESENTATION_CONTEXT() REPRESENTATION_CONTEXT('2D SPACE',''
  ) );
#12317 = ORIENTED_EDGE('',*,*,#12318,.T.);
#12318 = EDGE_CURVE('',#12295,#12056,#12319,.T.);
#12319 = SURFACE_CURVE('',#12320,(#12347,#12377),.PCURVE_S1.);
#12320 = B_SPLINE_CURVE_WITH_KNOTS('',7,(#12321,#12322,#12323,#12324,
    #12325,#12326,#12327,#12328,#12329,#12330,#12331,#12332,#12333,
    #12334,#12335,#12336,#12337,#12338,#12339,#12340,#12341,#12342,
    #12343,#12344,#12345,#12346),.UNSPECIFIED.,.F.,.F.,(8,6,6,6,8),(0.,
    0.426707760433,0.556254650076,0.956557764782,1.),.UNSPECIFIED.);
#12321 = CARTESIAN_POINT('',(15.893132191134,-18.,108.48148148148));
#12322 = CARTESIAN_POINT('',(16.258278918862,-18.,108.48148148148));
#12323 = CARTESIAN_POINT('',(16.623197337616,-17.97690751426,
    108.45838899574));
#12324 = CARTESIAN_POINT('',(16.984519845553,-17.93320807643,
    108.41468955792));
#12325 = CARTESIAN_POINT('',(17.340422664573,-17.872464621,
    108.35394610248));
#12326 = CARTESIAN_POINT('',(17.690478529576,-17.79874733428,
    108.28022881576));
#12327 = CARTESIAN_POINT('',(18.03542217356,-17.71604025714,
    108.19752173863));
#12328 = CARTESIAN_POINT('',(18.480807346326,-17.60122798722,
    108.0827094687));
#12329 = CARTESIAN_POINT('',(18.584221820816,-17.57399699941,
    108.05547848089));
#12330 = CARTESIAN_POINT('',(18.68736826596,-17.54637743148,
    108.02785891296));
#12331 = CARTESIAN_POINT('',(18.790292685963,-17.51847205154,
    107.99995353302));
#12332 = CARTESIAN_POINT('',(18.89304308027,-17.49038249118,
    107.97186397266));
#12333 = CARTESIAN_POINT('',(18.9956692795,-17.46220896538,
    107.94369044686));
#12334 = CARTESIAN_POINT('',(19.415115655779,-17.34703806499,
    107.82851954647));
#12335 = CARTESIAN_POINT('',(19.731170371771,-17.26020493019,
    107.74168641167));
#12336 = CARTESIAN_POINT('',(20.048145427938,-17.17639039919,
    107.65787188067));
#12337 = CARTESIAN_POINT('',(20.367347422354,-17.09844413465,
    107.57992561613));
#12338 = CARTESIAN_POINT('',(20.68963677596,-17.02918892489,
    107.51067040637));
#12339 = CARTESIAN_POINT('',(21.015313423171,-16.97117122141,
    107.45265270289));
#12340 = CARTESIAN_POINT('',(21.379621739922,-16.92143754669,
    107.40291902817));
#12341 = CARTESIAN_POINT('',(21.41532054849,-16.91672378114,
    107.39820526263));
#12342 = CARTESIAN_POINT('',(21.451052006831,-16.91216758286,
    107.39364906434));
#12343 = CARTESIAN_POINT('',(21.486815287534,-16.90777130252,
    107.389252784));
#12344 = CARTESIAN_POINT('',(21.522609467115,-16.90353718668,
    107.38501866816));
#12345 = CARTESIAN_POINT('',(21.55843352602,-16.89946737783,
    107.38094885932));
#12346 = CARTESIAN_POINT('',(21.594286348617,-16.89556391436,
    107.37704539584));
#12347 = PCURVE('',#5538,#12348);
#12348 = DEFINITIONAL_REPRESENTATION('',(#12349),#12376);
#12349 = B_SPLINE_CURVE_WITH_KNOTS('',7,(#12350,#12351,#12352,#12353,
    #12354,#12355,#12356,#12357,#12358,#12359,#12360,#12361,#12362,
    #12363,#12364,#12365,#12366,#12367,#12368,#12369,#12370,#12371,
    #12372,#12373,#12374,#12375),.UNSPECIFIED.,.F.,.F.,(8,6,6,6,8),(0.,
    0.426707760433,0.556254650076,0.956557764782,1.),.UNSPECIFIED.);
#12350 = CARTESIAN_POINT('',(0.972027958534,4.712388980385));
#12351 = CARTESIAN_POINT('',(0.954812309782,4.654953837572));
#12352 = CARTESIAN_POINT('',(0.93252568957,4.599231183197));
#12353 = CARTESIAN_POINT('',(0.904712542116,4.545650008004));
#12354 = CARTESIAN_POINT('',(0.87098282402,4.494530769564));
#12355 = CARTESIAN_POINT('',(0.831057046122,4.446162318663));
#12356 = CARTESIAN_POINT('',(0.78480732167,4.400736465365));
#12357 = CARTESIAN_POINT('',(0.716050249315,4.345535643201));
#12358 = CARTESIAN_POINT('',(0.699440158618,4.332964938654));
#12359 = CARTESIAN_POINT('',(0.682229493028,4.320684030788));
#12360 = CARTESIAN_POINT('',(0.6644159643,4.308697916865));
#12361 = CARTESIAN_POINT('',(0.645998368348,4.297011840962));
#12362 = CARTESIAN_POINT('',(0.626976546886,4.285631251438));
#12363 = CARTESIAN_POINT('',(0.546708999141,4.240356749252));
#12364 = CARTESIAN_POINT('',(0.480332994746,4.209137788239));
#12365 = CARTESIAN_POINT('',(0.408211769787,4.181039923802));
#12366 = CARTESIAN_POINT('',(0.330510499852,4.156293888864));
#12367 = CARTESIAN_POINT('',(0.247653975107,4.135167903707));
#12368 = CARTESIAN_POINT('',(0.16036070951,4.117941184088));
#12369 = CARTESIAN_POINT('',(5.983099812554E-02,4.10342094778));
#12370 = CARTESIAN_POINT('',(4.994968530748E-02,4.102048108589));
#12371 = CARTESIAN_POINT('',(4.003021023242E-02,4.100724240268));
#12372 = CARTESIAN_POINT('',(3.007400623031E-02,4.099449625363));
#12373 = CARTESIAN_POINT('',(2.008254970036E-02,4.098224535815));
#12374 = CARTESIAN_POINT('',(1.005736011102E-02,4.097049232966));
#12375 = CARTESIAN_POINT('',(-5.44E-15,4.095923967555));
#12376 = ( GEOMETRIC_REPRESENTATION_CONTEXT(2) 
PARAMETRIC_REPRESENTATION_CONTEXT() REPRESENTATION_CONTEXT('2D SPACE',''
  ) );
#12377 = PCURVE('',#8521,#12378);
#12378 = DEFINITIONAL_REPRESENTATION('',(#12379),#12406);
#12379 = B_SPLINE_CURVE_WITH_KNOTS('',7,(#12380,#12381,#12382,#12383,
    #12384,#12385,#12386,#12387,#12388,#12389,#12390,#12391,#12392,
    #12393,#12394,#12395,#12396,#12397,#12398,#12399,#12400,#12401,
    #12402,#12403,#12404,#12405),.UNSPECIFIED.,.F.,.F.,(8,6,6,6,8),(0.,
    0.426707760433,0.556254650076,0.956557764782,1.),.UNSPECIFIED.);
#12380 = CARTESIAN_POINT('',(-5.684341886081E-14,-127.4141490873));
#12381 = CARTESIAN_POINT('',(-5.684341886081E-14,-127.0490023596));
#12382 = CARTESIAN_POINT('',(3.265770651575E-02,-126.6840839409));
#12383 = CARTESIAN_POINT('',(9.445804415697E-02,-126.3227614329));
#12384 = CARTESIAN_POINT('',(0.18036226266,-125.9668586139));
#12385 = CARTESIAN_POINT('',(0.284614249323,-125.6168027489));
#12386 = CARTESIAN_POINT('',(0.401579719508,-125.2718591049));
#12387 = CARTESIAN_POINT('',(0.563948788764,-124.8264739321));
#12388 = CARTESIAN_POINT('',(0.602459221043,-124.7230594577));
#12389 = CARTESIAN_POINT('',(0.641519188592,-124.6199130125));
#12390 = CARTESIAN_POINT('',(0.680983355363,-124.5169885925));
#12391 = CARTESIAN_POINT('',(0.720707992588,-124.4142381982));
#12392 = CARTESIAN_POINT('',(0.760551374872,-124.311611999));
#12393 = CARTESIAN_POINT('',(0.923427624201,-123.8921656227));
#12394 = CARTESIAN_POINT('',(1.046228221096,-123.5761109067));
#12395 = CARTESIAN_POINT('',(1.164759867558,-123.2591358505));
#12396 = CARTESIAN_POINT('',(1.27499253201,-122.9399338561));
#12397 = CARTESIAN_POINT('',(1.372934188914,-122.6176445025));
#12398 = CARTESIAN_POINT('',(1.454983612042,-122.2919678553));
#12399 = CARTESIAN_POINT('',(1.525317649328,-121.9276595386));
#12400 = CARTESIAN_POINT('',(1.531983920497,-121.89196073));
#12401 = CARTESIAN_POINT('',(1.538427357899,-121.8562292716));
#12402 = CARTESIAN_POINT('',(1.544644637187,-121.8204659909));
#12403 = CARTESIAN_POINT('',(1.550632581227,-121.7846718114));
#12404 = CARTESIAN_POINT('',(1.556388160094,-121.7488477525));
#12405 = CARTESIAN_POINT('',(1.561908491077,-121.7129949299));
#12406 = ( GEOMETRIC_REPRESENTATION_CONTEXT(2) 
PARAMETRIC_REPRESENTATION_CONTEXT() REPRESENTATION_CONTEXT('2D SPACE',''
  ) );
#12407 = ADVANCED_FACE('',(#12408),#5564,.T.);
#12408 = FACE_BOUND('',#12409,.F.);
#12409 = EDGE_LOOP('',(#12410,#12411,#12441,#12442));
#12410 = ORIENTED_EDGE('',*,*,#5670,.T.);
#12411 = ORIENTED_EDGE('',*,*,#12412,.T.);
#12412 = EDGE_CURVE('',#5671,#5522,#12413,.T.);
#12413 = SURFACE_CURVE('',#12414,(#12423,#12434),.PCURVE_S1.);
#12414 = B_SPLINE_CURVE_WITH_KNOTS('',7,(#12415,#12416,#12417,#12418,
    #12419,#12420,#12421,#12422),.UNSPECIFIED.,.F.,.F.,(8,8),(0.,1.),
  .PIECEWISE_BEZIER_KNOTS.);
#12415 = CARTESIAN_POINT('',(23.,-12.,108.84363689035));
#12416 = CARTESIAN_POINT('',(23.,-12.,109.03302071284));
#12417 = CARTESIAN_POINT('',(22.958682421545,-12.,109.22240432485));
#12418 = CARTESIAN_POINT('',(22.876049696292,-12.,109.40097243523));
#12419 = CARTESIAN_POINT('',(22.755632508299,-12.,109.5579025847));
#12420 = CARTESIAN_POINT('',(22.604535427765,-12.,109.68393595164));
#12421 = CARTESIAN_POINT('',(22.432298361715,-12.,109.77286113292));
#12422 = CARTESIAN_POINT('',(22.249367459924,-12.,109.82187661405));
#12423 = PCURVE('',#5564,#12424);
#12424 = DEFINITIONAL_REPRESENTATION('',(#12425),#12433);
#12425 = B_SPLINE_CURVE_WITH_KNOTS('',6,(#12426,#12427,#12428,#12429,
    #12430,#12431,#12432),.UNSPECIFIED.,.F.,.F.,(7,7),(0.,1.),
  .PIECEWISE_BEZIER_KNOTS.);
#12426 = CARTESIAN_POINT('',(9.99E-15,-12.));
#12427 = CARTESIAN_POINT('',(-0.21816642064,-12.));
#12428 = CARTESIAN_POINT('',(-0.436333906203,-12.));
#12429 = CARTESIAN_POINT('',(-0.654500270636,-12.));
#12430 = CARTESIAN_POINT('',(-0.872666635069,-12.));
#12431 = CARTESIAN_POINT('',(-1.090834120632,-12.));
#12432 = CARTESIAN_POINT('',(-1.309000541272,-12.));
#12433 = ( GEOMETRIC_REPRESENTATION_CONTEXT(2) 
PARAMETRIC_REPRESENTATION_CONTEXT() REPRESENTATION_CONTEXT('2D SPACE',''
  ) );
#12434 = PCURVE('',#12086,#12435);
#12435 = DEFINITIONAL_REPRESENTATION('',(#12436),#12440);
#12436 = LINE('',#12437,#12438);
#12437 = CARTESIAN_POINT('',(0.,0.));
#12438 = VECTOR('',#12439,1.);
#12439 = DIRECTION('',(1.,0.));
#12440 = ( GEOMETRIC_REPRESENTATION_CONTEXT(2) 
PARAMETRIC_REPRESENTATION_CONTEXT() REPRESENTATION_CONTEXT('2D SPACE',''
  ) );
#12441 = ORIENTED_EDGE('',*,*,#5550,.F.);
#12442 = ORIENTED_EDGE('',*,*,#5582,.T.);
#12443 = ADVANCED_FACE('',(#12444),#5633,.T.);
#12444 = FACE_BOUND('',#12445,.T.);
#12445 = EDGE_LOOP('',(#12446,#12447,#12448,#12472,#12518));
#12446 = ORIENTED_EDGE('',*,*,#12030,.F.);
#12447 = ORIENTED_EDGE('',*,*,#5616,.T.);
#12448 = ORIENTED_EDGE('',*,*,#12449,.T.);
#12449 = EDGE_CURVE('',#5617,#12450,#12452,.T.);
#12450 = VERTEX_POINT('',#12451);
#12451 = CARTESIAN_POINT('',(-10.,-17.34858005373,3.281049575892));
#12452 = SURFACE_CURVE('',#12453,(#12458,#12465),.PCURVE_S1.);
#12453 = CIRCLE('',#12454,6.);
#12454 = AXIS2_PLACEMENT_3D('',#12455,#12456,#12457);
#12455 = CARTESIAN_POINT('',(-10.,-12.,6.));
#12456 = DIRECTION('',(-1.,0.,3.7E-16));
#12457 = DIRECTION('',(-3.7E-16,0.,-1.));
#12458 = PCURVE('',#5633,#12459);
#12459 = DEFINITIONAL_REPRESENTATION('',(#12460),#12464);
#12460 = LINE('',#12461,#12462);
#12461 = CARTESIAN_POINT('',(1.519977992784,0.));
#12462 = VECTOR('',#12463,1.);
#12463 = DIRECTION('',(0.,1.));
#12464 = ( GEOMETRIC_REPRESENTATION_CONTEXT(2) 
PARAMETRIC_REPRESENTATION_CONTEXT() REPRESENTATION_CONTEXT('2D SPACE',''
  ) );
#12465 = PCURVE('',#5795,#12466);
#12466 = DEFINITIONAL_REPRESENTATION('',(#12467),#12471);
#12467 = LINE('',#12468,#12469);
#12468 = CARTESIAN_POINT('',(-0.,0.));
#12469 = VECTOR('',#12470,1.);
#12470 = DIRECTION('',(-1.,0.));
#12471 = ( GEOMETRIC_REPRESENTATION_CONTEXT(2) 
PARAMETRIC_REPRESENTATION_CONTEXT() REPRESENTATION_CONTEXT('2D SPACE',''
  ) );
#12472 = ORIENTED_EDGE('',*,*,#12473,.F.);
#12473 = EDGE_CURVE('',#12474,#12450,#12476,.T.);
#12474 = VERTEX_POINT('',#12475);
#12475 = CARTESIAN_POINT('',(-14.25700423396,-16.,4.62962962963));
#12476 = SURFACE_CURVE('',#12477,(#12482,#12506),.PCURVE_S1.);
#12477 = CIRCLE('',#12478,5.704605508314);
#12478 = AXIS2_PLACEMENT_3D('',#12479,#12480,#12481);
#12479 = CARTESIAN_POINT('',(-10.,-13.31481481481,7.314814814815));
#12480 = DIRECTION('',(0.,-0.707106781187,0.707106781187));
#12481 = DIRECTION('',(0.,-0.707106781187,-0.707106781187));
#12482 = PCURVE('',#5633,#12483);
#12483 = DEFINITIONAL_REPRESENTATION('',(#12484),#12505);
#12484 = B_SPLINE_CURVE_WITH_KNOTS('',7,(#12485,#12486,#12487,#12488,
    #12489,#12490,#12491,#12492,#12493,#12494,#12495,#12496,#12497,
    #12498,#12499,#12500,#12501,#12502,#12503,#12504),.UNSPECIFIED.,.F.,
  .F.,(8,6,6,8),(5.440789793471,5.861987550325,6.072586428752,
    6.28318530718),.UNSPECIFIED.);
#12485 = CARTESIAN_POINT('',(0.260615835745,0.729727656227));
#12486 = CARTESIAN_POINT('',(0.314824373201,0.770228315809));
#12487 = CARTESIAN_POINT('',(0.37243302273,0.809904316753));
#12488 = CARTESIAN_POINT('',(0.434164210914,0.84850016809));
#12489 = CARTESIAN_POINT('',(0.500900143121,0.885690437402));
#12490 = CARTESIAN_POINT('',(0.573661824429,0.921065707885));
#12491 = CARTESIAN_POINT('',(0.653714018543,0.954047658053));
#12492 = CARTESIAN_POINT('',(0.785882185922,0.998847793733));
#12493 = CARTESIAN_POINT('',(0.831953370539,1.013002417683));
#12494 = CARTESIAN_POINT('',(0.880134628351,1.026288155664));
#12495 = CARTESIAN_POINT('',(0.930493227689,1.038606485861));
#12496 = CARTESIAN_POINT('',(0.983037254055,1.049851461921));
#12497 = CARTESIAN_POINT('',(1.037687136732,1.059915700729));
#12498 = CARTESIAN_POINT('',(1.150813280854,1.077487083327));
#12499 = CARTESIAN_POINT('',(1.209289679887,1.084994149641));
#12500 = CARTESIAN_POINT('',(1.26948853438,1.091125239536));
#12501 = CARTESIAN_POINT('',(1.331110125681,1.095790933914));
#12502 = CARTESIAN_POINT('',(1.393733740665,1.098924513927));
#12503 = CARTESIAN_POINT('',(1.456855761538,1.10049108967));
#12504 = CARTESIAN_POINT('',(1.519977992784,1.10049108967));
#12505 = ( GEOMETRIC_REPRESENTATION_CONTEXT(2) 
PARAMETRIC_REPRESENTATION_CONTEXT() REPRESENTATION_CONTEXT('2D SPACE',''
  ) );
#12506 = PCURVE('',#12507,#12512);
#12507 = PLANE('',#12508);
#12508 = AXIS2_PLACEMENT_3D('',#12509,#12510,#12511);
#12509 = CARTESIAN_POINT('',(143.30728127852,-16.,4.62962962963));
#12510 = DIRECTION('',(0.,-0.707106781187,0.707106781187));
#12511 = DIRECTION('',(0.,-0.707106781187,-0.707106781187));
#12512 = DEFINITIONAL_REPRESENTATION('',(#12513),#12517);
#12513 = CIRCLE('',#12514,5.704605508314);
#12514 = AXIS2_PLACEMENT_2D('',#12515,#12516);
#12515 = CARTESIAN_POINT('',(-3.797425306372,-153.3072812785));
#12516 = DIRECTION('',(1.,0.));
#12517 = ( GEOMETRIC_REPRESENTATION_CONTEXT(2) 
PARAMETRIC_REPRESENTATION_CONTEXT() REPRESENTATION_CONTEXT('2D SPACE',''
  ) );
#12518 = ORIENTED_EDGE('',*,*,#12519,.F.);
#12519 = EDGE_CURVE('',#11998,#12474,#12520,.T.);
#12520 = SURFACE_CURVE('',#12521,(#12526,#12539),.PCURVE_S1.);
#12521 = CIRCLE('',#12522,4.645380613311);
#12522 = AXIS2_PLACEMENT_3D('',#12523,#12524,#12525);
#12523 = CARTESIAN_POINT('',(-10.,-14.68518518518,3.314814814815));
#12524 = DIRECTION('',(0.,-0.707106781187,-0.707106781187));
#12525 = DIRECTION('',(0.,0.707106781187,-0.707106781187));
#12526 = PCURVE('',#5633,#12527);
#12527 = DEFINITIONAL_REPRESENTATION('',(#12528),#12538);
#12528 = B_SPLINE_CURVE_WITH_KNOTS('',8,(#12529,#12530,#12531,#12532,
    #12533,#12534,#12535,#12536,#12537),.UNSPECIFIED.,.F.,.F.,(9,9),(
    3.830851194455,4.300572248732),.PIECEWISE_BEZIER_KNOTS.);
#12529 = CARTESIAN_POINT('',(6.E-16,1.055238958131));
#12530 = CARTESIAN_POINT('',(3.779624473845E-02,1.013774688762));
#12531 = CARTESIAN_POINT('',(7.284310337573E-02,0.972401524475));
#12532 = CARTESIAN_POINT('',(0.106149216671,0.93120192792));
#12533 = CARTESIAN_POINT('',(0.138231566225,0.890234299121));
#12534 = CARTESIAN_POINT('',(0.169478158127,0.849552668928));
#12535 = CARTESIAN_POINT('',(0.200154697077,0.80920716475));
#12536 = CARTESIAN_POINT('',(0.230476939089,0.769248310557));
#12537 = CARTESIAN_POINT('',(0.260615835745,0.729727656227));
#12538 = ( GEOMETRIC_REPRESENTATION_CONTEXT(2) 
PARAMETRIC_REPRESENTATION_CONTEXT() REPRESENTATION_CONTEXT('2D SPACE',''
  ) );
#12539 = PCURVE('',#12018,#12540);
#12540 = DEFINITIONAL_REPRESENTATION('',(#12541),#12545);
#12541 = CIRCLE('',#12542,4.645380613311);
#12542 = AXIS2_PLACEMENT_2D('',#12543,#12544);
#12543 = CARTESIAN_POINT('',(4.687856067866,-153.3072812785));
#12544 = DIRECTION('',(1.,0.));
#12545 = ( GEOMETRIC_REPRESENTATION_CONTEXT(2) 
PARAMETRIC_REPRESENTATION_CONTEXT() REPRESENTATION_CONTEXT('2D SPACE',''
  ) );
#12546 = ADVANCED_FACE('',(#12547),#5709,.T.);
#12547 = FACE_BOUND('',#12548,.F.);
#12548 = EDGE_LOOP('',(#12549,#12550,#12642,#12670,#12698,#12721,#12749,
    #12777,#12800,#12828,#12856,#12879,#12907,#12935,#12958,#12986,
    #13014,#13037,#13065,#13093));
#12549 = ORIENTED_EDGE('',*,*,#5693,.F.);
#12550 = ORIENTED_EDGE('',*,*,#12551,.T.);
#12551 = EDGE_CURVE('',#5694,#12552,#12554,.T.);
#12552 = VERTEX_POINT('',#12553);
#12553 = CARTESIAN_POINT('',(19.505442730389,-17.45185810241,
    81.881475230917));
#12554 = SURFACE_CURVE('',#12555,(#12565,#12571),.PCURVE_S1.);
#12555 = B_SPLINE_CURVE_WITH_KNOTS('',8,(#12556,#12557,#12558,#12559,
    #12560,#12561,#12562,#12563,#12564),.UNSPECIFIED.,.F.,.F.,(9,9),(0.,
    1.),.PIECEWISE_BEZIER_KNOTS.);
#12556 = CARTESIAN_POINT('',(23.,-12.,80.767472786049));
#12557 = CARTESIAN_POINT('',(23.,-13.17809724509,80.959340763693));
#12558 = CARTESIAN_POINT('',(22.735635266233,-14.35619486102,
    81.151208741336));
#12559 = CARTESIAN_POINT('',(22.206908395229,-15.46507940601,
    81.343076718983));
#12560 = CARTESIAN_POINT('',(21.435552534679,-16.43555253467,
    81.534944696624));
#12561 = CARTESIAN_POINT('',(20.465079406011,-17.20690839522,
    81.726812674271));
#12562 = CARTESIAN_POINT('',(19.356194861025,-17.73563526623,
    81.918680651914));
#12563 = CARTESIAN_POINT('',(18.178097245096,-18.,82.110548629559));
#12564 = CARTESIAN_POINT('',(17.,-18.,82.302416607203));
#12565 = PCURVE('',#5709,#12566);
#12566 = DEFINITIONAL_REPRESENTATION('',(#12567),#12570);
#12567 = B_SPLINE_CURVE_WITH_KNOTS('',1,(#12568,#12569),.UNSPECIFIED.,
  .F.,.F.,(2,2),(0.,1.),.PIECEWISE_BEZIER_KNOTS.);
#12568 = CARTESIAN_POINT('',(0.,-1.421E-14));
#12569 = CARTESIAN_POINT('',(-1.570796326795,1.534943821154));
#12570 = ( GEOMETRIC_REPRESENTATION_CONTEXT(2) 
PARAMETRIC_REPRESENTATION_CONTEXT() REPRESENTATION_CONTEXT('2D SPACE',''
  ) );
#12571 = PCURVE('',#12572,#12636);
#12572 = B_SPLINE_SURFACE_WITH_KNOTS('',6,8,(
    (#12573,#12574,#12575,#12576,#12577,#12578,#12579,#12580,#12581)
    ,(#12582,#12583,#12584,#12585,#12586,#12587,#12588,#12589,#12590)
    ,(#12591,#12592,#12593,#12594,#12595,#12596,#12597,#12598,#12599)
    ,(#12600,#12601,#12602,#12603,#12604,#12605,#12606,#12607,#12608)
    ,(#12609,#12610,#12611,#12612,#12613,#12614,#12615,#12616,#12617)
    ,(#12618,#12619,#12620,#12621,#12622,#12623,#12624,#12625,#12626)
    ,(#12627,#12628,#12629,#12630,#12631,#12632,#12633,#12634,#12635
  )),.UNSPECIFIED.,.F.,.F.,.F.,(7,7),(9,9),(0.,1.),(0.,1.),
  .PIECEWISE_BEZIER_KNOTS.);
#12573 = CARTESIAN_POINT('',(22.486588408979,-12.,79.429543452232));
#12574 = CARTESIAN_POINT('',(22.358235511224,-13.17809724509,
    79.286929096422));
#12575 = CARTESIAN_POINT('',(22.033381838988,-14.35619486102,
    79.321165406679));
#12576 = CARTESIAN_POINT('',(21.512029322258,-15.46507940601,
    79.532250646016));
#12577 = CARTESIAN_POINT('',(20.810332083756,-16.43555253467,
    79.905646106526));
#12578 = CARTESIAN_POINT('',(19.96063213385,-17.20690839522,
    80.41224398398));
#12579 = CARTESIAN_POINT('',(19.008051780358,-17.73563526623,
    81.011434208445));
#12580 = CARTESIAN_POINT('',(18.004025752361,-18.,81.656925531861));
#12581 = CARTESIAN_POINT('',(17.,-18.,82.302416607203));
#12582 = CARTESIAN_POINT('',(22.649997526329,-12.,79.611109169967));
#12583 = CARTESIAN_POINT('',(22.565866866369,-13.17809724509,
    79.500115550212));
#12584 = CARTESIAN_POINT('',(22.260489220175,-14.3705584016,
    79.54858948008));
#12585 = CARTESIAN_POINT('',(21.727125509988,-15.4995607129,
    79.762596517974));
#12586 = CARTESIAN_POINT('',(20.982977345352,-16.47664717635,
    80.129915189593));
#12587 = CARTESIAN_POINT('',(20.084745031964,-17.23125764272,
    80.606041985823));
#12588 = CARTESIAN_POINT('',(19.088062033553,-17.74391474744,
    81.150012674245));
#12589 = CARTESIAN_POINT('',(18.042767732672,-18.,81.727351568407));
#12590 = CARTESIAN_POINT('',(17.,-18.,82.302416607203));
#12591 = CARTESIAN_POINT('',(22.786795714455,-12.,79.816624354724));
#12592 = CARTESIAN_POINT('',(22.748479362451,-13.17809724509,
    79.753468366214));
#12593 = CARTESIAN_POINT('',(22.481395363023,-14.37917652596,
    79.87176440432));
#12594 = CARTESIAN_POINT('',(21.947195927903,-15.52024949704,
    80.104678588117));
#12595 = CARTESIAN_POINT('',(21.171720644709,-16.50130396135,
    80.459749384601));
#12596 = CARTESIAN_POINT('',(20.230126364442,-17.24586719122,
    80.890192513762));
#12597 = CARTESIAN_POINT('',(19.187063042341,-17.74888243617,
    81.358838551612));
#12598 = CARTESIAN_POINT('',(18.101213623389,-18.,81.861338762643));
#12599 = CARTESIAN_POINT('',(17.,-18.,82.302416607203));
#12600 = CARTESIAN_POINT('',(22.89259609222,-12.,80.041215616626));
#12601 = CARTESIAN_POINT('',(22.890125639994,-13.17809724509,
    80.042163617971));
#12602 = CARTESIAN_POINT('',(22.621812069951,-14.38204923407,
    80.145125182088));
#12603 = CARTESIAN_POINT('',(22.075888904272,-15.52714575842,
    80.354615529585));
#12604 = CARTESIAN_POINT('',(21.272891862672,-16.50952288969,
    80.662754366435));
#12605 = CARTESIAN_POINT('',(20.299857340452,-17.25073704072,
    81.03614269835));
#12606 = CARTESIAN_POINT('',(19.22802723836,-17.75053833241,
    81.447442446482));
#12607 = CARTESIAN_POINT('',(18.10944502443,-18.,81.876682660913));
#12608 = CARTESIAN_POINT('',(17.,-18.,82.302416607203));
#12609 = CARTESIAN_POINT('',(22.964198903303,-12.,80.278929714446));
#12610 = CARTESIAN_POINT('',(22.977967705738,-13.17809724509,
    80.351505480339));
#12611 = CARTESIAN_POINT('',(22.700309847123,-14.37917652596,
    80.442246479515));
#12612 = CARTESIAN_POINT('',(22.147431143575,-15.52024949704,
    80.626483263735));
#12613 = CARTESIAN_POINT('',(21.333495042752,-16.50130396135,
    80.881326763039));
#12614 = CARTESIAN_POINT('',(20.345662226728,-17.24586719122,
    81.191274183838));
#12615 = CARTESIAN_POINT('',(19.256851663886,-17.74888243617,
    81.540704807778));
#12616 = CARTESIAN_POINT('',(18.113591197537,-18.,81.893594208028));
#12617 = CARTESIAN_POINT('',(17.,-18.,82.302416607203));
#12618 = CARTESIAN_POINT('',(23.,-12.,80.523201114565));
#12619 = CARTESIAN_POINT('',(23.011716977901,-13.17809724509,
    80.661982467781));
#12620 = CARTESIAN_POINT('',(22.752304196956,-14.3705584016,
    80.830238932007));
#12621 = CARTESIAN_POINT('',(22.212694895467,-15.4995607129,
    81.02797021775));
#12622 = CARTESIAN_POINT('',(21.413850664604,-16.47664717635,
    81.252753207017));
#12623 = CARTESIAN_POINT('',(20.42768778813,-17.23125764272,
    81.499736599113));
#12624 = CARTESIAN_POINT('',(19.32296192131,-17.74391474744,
    81.76215204904));
#12625 = CARTESIAN_POINT('',(18.159781404453,-18.,82.032284348795));
#12626 = CARTESIAN_POINT('',(17.,-18.,82.302416607203));
#12627 = CARTESIAN_POINT('',(23.,-12.,80.767472786049));
#12628 = CARTESIAN_POINT('',(23.,-13.17809724509,80.959340763693));
#12629 = CARTESIAN_POINT('',(22.735635266233,-14.35619486102,
    81.151208741336));
#12630 = CARTESIAN_POINT('',(22.206908395229,-15.46507940601,
    81.343076718983));
#12631 = CARTESIAN_POINT('',(21.435552534679,-16.43555253467,
    81.534944696624));
#12632 = CARTESIAN_POINT('',(20.465079406011,-17.20690839522,
    81.726812674271));
#12633 = CARTESIAN_POINT('',(19.356194861025,-17.73563526623,
    81.918680651914));
#12634 = CARTESIAN_POINT('',(18.178097245096,-18.,82.110548629559));
#12635 = CARTESIAN_POINT('',(17.,-18.,82.302416607203));
#12636 = DEFINITIONAL_REPRESENTATION('',(#12637),#12641);
#12637 = LINE('',#12638,#12639);
#12638 = CARTESIAN_POINT('',(1.,0.));
#12639 = VECTOR('',#12640,1.);
#12640 = DIRECTION('',(0.,1.));
#12641 = ( GEOMETRIC_REPRESENTATION_CONTEXT(2) 
PARAMETRIC_REPRESENTATION_CONTEXT() REPRESENTATION_CONTEXT('2D SPACE',''
  ) );
#12642 = ORIENTED_EDGE('',*,*,#12643,.T.);
#12643 = EDGE_CURVE('',#12552,#12644,#12646,.T.);
#12644 = VERTEX_POINT('',#12645);
#12645 = CARTESIAN_POINT('',(21.472135954999,-16.,83.333333333333));
#12646 = SURFACE_CURVE('',#12647,(#12652,#12663),.PCURVE_S1.);
#12647 = ELLIPSE('',#12648,8.485281374239,6.);
#12648 = AXIS2_PLACEMENT_3D('',#12649,#12650,#12651);
#12649 = CARTESIAN_POINT('',(17.,-12.,87.333333333334));
#12650 = DIRECTION('',(0.,-0.707106781187,0.707106781187));
#12651 = DIRECTION('',(0.,0.707106781187,0.707106781187));
#12652 = PCURVE('',#5709,#12653);
#12653 = DEFINITIONAL_REPRESENTATION('',(#12654),#12662);
#12654 = B_SPLINE_CURVE_WITH_KNOTS('',6,(#12655,#12656,#12657,#12658,
    #12659,#12660,#12661),.UNSPECIFIED.,.F.,.F.,(7,7),(3.14159265359,
    4.026536015766),.PIECEWISE_BEZIER_KNOTS.);
#12655 = CARTESIAN_POINT('',(-1.570796326795,0.565860547284));
#12656 = CARTESIAN_POINT('',(-1.423305766432,0.565860547284));
#12657 = CARTESIAN_POINT('',(-1.27581520607,0.722484359325));
#12658 = CARTESIAN_POINT('',(-1.128324645707,1.03573998901));
#12659 = CARTESIAN_POINT('',(-0.980834085344,1.495379323154));
#12660 = CARTESIAN_POINT('',(-0.833343524981,2.081021358905));
#12661 = CARTESIAN_POINT('',(-0.685852964619,2.765860547284));
#12662 = ( GEOMETRIC_REPRESENTATION_CONTEXT(2) 
PARAMETRIC_REPRESENTATION_CONTEXT() REPRESENTATION_CONTEXT('2D SPACE',''
  ) );
#12663 = PCURVE('',#8252,#12664);
#12664 = DEFINITIONAL_REPRESENTATION('',(#12665),#12669);
#12665 = ELLIPSE('',#12666,8.485281374239,6.);
#12666 = AXIS2_PLACEMENT_2D('',#12667,#12668);
#12667 = CARTESIAN_POINT('',(-5.656854249493,-126.3072812785));
#12668 = DIRECTION('',(-1.,0.));
#12669 = ( GEOMETRIC_REPRESENTATION_CONTEXT(2) 
PARAMETRIC_REPRESENTATION_CONTEXT() REPRESENTATION_CONTEXT('2D SPACE',''
  ) );
#12670 = ORIENTED_EDGE('',*,*,#12671,.T.);
#12671 = EDGE_CURVE('',#12644,#12672,#12674,.T.);
#12672 = VERTEX_POINT('',#12673);
#12673 = CARTESIAN_POINT('',(17.,-18.,85.333333333333));
#12674 = SURFACE_CURVE('',#12675,(#12680,#12691),.PCURVE_S1.);
#12675 = ELLIPSE('',#12676,8.485281374239,6.);
#12676 = AXIS2_PLACEMENT_3D('',#12677,#12678,#12679);
#12677 = CARTESIAN_POINT('',(17.,-12.,79.333333333333));
#12678 = DIRECTION('',(-0.,-0.707106781187,-0.707106781187));
#12679 = DIRECTION('',(0.,-0.707106781187,0.707106781187));
#12680 = PCURVE('',#5709,#12681);
#12681 = DEFINITIONAL_REPRESENTATION('',(#12682),#12690);
#12682 = B_SPLINE_CURVE_WITH_KNOTS('',6,(#12683,#12684,#12685,#12686,
    #12687,#12688,#12689),.UNSPECIFIED.,.F.,.F.,(7,7),(5.398241945003,
    6.28318530718),.PIECEWISE_BEZIER_KNOTS.);
#12683 = CARTESIAN_POINT('',(-0.685852964619,2.365860547284));
#12684 = CARTESIAN_POINT('',(-0.833343524981,3.050699735663));
#12685 = CARTESIAN_POINT('',(-0.980834085344,3.636341771414));
#12686 = CARTESIAN_POINT('',(-1.128324645707,4.095981105558));
#12687 = CARTESIAN_POINT('',(-1.275815206069,4.409236735243));
#12688 = CARTESIAN_POINT('',(-1.423305766432,4.565860547284));
#12689 = CARTESIAN_POINT('',(-1.570796326795,4.565860547284));
#12690 = ( GEOMETRIC_REPRESENTATION_CONTEXT(2) 
PARAMETRIC_REPRESENTATION_CONTEXT() REPRESENTATION_CONTEXT('2D SPACE',''
  ) );
#12691 = PCURVE('',#8991,#12692);
#12692 = DEFINITIONAL_REPRESENTATION('',(#12693),#12697);
#12693 = ELLIPSE('',#12694,8.485281374239,6.);
#12694 = AXIS2_PLACEMENT_2D('',#12695,#12696);
#12695 = CARTESIAN_POINT('',(8.485281374239,-126.3072812785));
#12696 = DIRECTION('',(-1.,0.));
#12697 = ( GEOMETRIC_REPRESENTATION_CONTEXT(2) 
PARAMETRIC_REPRESENTATION_CONTEXT() REPRESENTATION_CONTEXT('2D SPACE',''
  ) );
#12698 = ORIENTED_EDGE('',*,*,#12699,.T.);
#12699 = EDGE_CURVE('',#12672,#12700,#12702,.T.);
#12700 = VERTEX_POINT('',#12701);
#12701 = CARTESIAN_POINT('',(17.,-18.,85.962962962963));
#12702 = SURFACE_CURVE('',#12703,(#12707,#12714),.PCURVE_S1.);
#12703 = LINE('',#12704,#12705);
#12704 = CARTESIAN_POINT('',(17.,-18.,80.767472786049));
#12705 = VECTOR('',#12706,1.);
#12706 = DIRECTION('',(0.,2.2E-16,1.));
#12707 = PCURVE('',#5709,#12708);
#12708 = DEFINITIONAL_REPRESENTATION('',(#12709),#12713);
#12709 = LINE('',#12710,#12711);
#12710 = CARTESIAN_POINT('',(-1.570796326795,0.));
#12711 = VECTOR('',#12712,1.);
#12712 = DIRECTION('',(-0.,1.));
#12713 = ( GEOMETRIC_REPRESENTATION_CONTEXT(2) 
PARAMETRIC_REPRESENTATION_CONTEXT() REPRESENTATION_CONTEXT('2D SPACE',''
  ) );
#12714 = PCURVE('',#8958,#12715);
#12715 = DEFINITIONAL_REPRESENTATION('',(#12716),#12720);
#12716 = LINE('',#12717,#12718);
#12717 = CARTESIAN_POINT('',(17.415377078738,17.00000000678));
#12718 = VECTOR('',#12719,1.);
#12719 = DIRECTION('',(1.,0.));
#12720 = ( GEOMETRIC_REPRESENTATION_CONTEXT(2) 
PARAMETRIC_REPRESENTATION_CONTEXT() REPRESENTATION_CONTEXT('2D SPACE',''
  ) );
#12721 = ORIENTED_EDGE('',*,*,#12722,.T.);
#12722 = EDGE_CURVE('',#12700,#12723,#12725,.T.);
#12723 = VERTEX_POINT('',#12724);
#12724 = CARTESIAN_POINT('',(21.472135954999,-16.,87.962962962963));
#12725 = SURFACE_CURVE('',#12726,(#12731,#12742),.PCURVE_S1.);
#12726 = ELLIPSE('',#12727,8.485281374239,6.);
#12727 = AXIS2_PLACEMENT_3D('',#12728,#12729,#12730);
#12728 = CARTESIAN_POINT('',(17.,-12.,91.962962962963));
#12729 = DIRECTION('',(0.,-0.707106781187,0.707106781187));
#12730 = DIRECTION('',(0.,0.707106781187,0.707106781187));
#12731 = PCURVE('',#5709,#12732);
#12732 = DEFINITIONAL_REPRESENTATION('',(#12733),#12741);
#12733 = B_SPLINE_CURVE_WITH_KNOTS('',6,(#12734,#12735,#12736,#12737,
    #12738,#12739,#12740),.UNSPECIFIED.,.F.,.F.,(7,7),(3.14159265359,
    4.026536015766),.PIECEWISE_BEZIER_KNOTS.);
#12734 = CARTESIAN_POINT('',(-1.570796326795,5.195490176914));
#12735 = CARTESIAN_POINT('',(-1.423305766432,5.195490176914));
#12736 = CARTESIAN_POINT('',(-1.275815206069,5.352113988955));
#12737 = CARTESIAN_POINT('',(-1.128324645707,5.665369618639));
#12738 = CARTESIAN_POINT('',(-0.980834085344,6.125008952784));
#12739 = CARTESIAN_POINT('',(-0.833343524981,6.710650988534));
#12740 = CARTESIAN_POINT('',(-0.685852964619,7.395490176914));
#12741 = ( GEOMETRIC_REPRESENTATION_CONTEXT(2) 
PARAMETRIC_REPRESENTATION_CONTEXT() REPRESENTATION_CONTEXT('2D SPACE',''
  ) );
#12742 = PCURVE('',#8930,#12743);
#12743 = DEFINITIONAL_REPRESENTATION('',(#12744),#12748);
#12744 = ELLIPSE('',#12745,8.485281374239,6.);
#12745 = AXIS2_PLACEMENT_2D('',#12746,#12747);
#12746 = CARTESIAN_POINT('',(-5.656854249493,-126.3072812785));
#12747 = DIRECTION('',(-1.,0.));
#12748 = ( GEOMETRIC_REPRESENTATION_CONTEXT(2) 
PARAMETRIC_REPRESENTATION_CONTEXT() REPRESENTATION_CONTEXT('2D SPACE',''
  ) );
#12749 = ORIENTED_EDGE('',*,*,#12750,.T.);
#12750 = EDGE_CURVE('',#12723,#12751,#12753,.T.);
#12751 = VERTEX_POINT('',#12752);
#12752 = CARTESIAN_POINT('',(17.,-18.,89.962962962963));
#12753 = SURFACE_CURVE('',#12754,(#12759,#12770),.PCURVE_S1.);
#12754 = ELLIPSE('',#12755,8.485281374239,6.);
#12755 = AXIS2_PLACEMENT_3D('',#12756,#12757,#12758);
#12756 = CARTESIAN_POINT('',(17.,-12.,83.962962962963));
#12757 = DIRECTION('',(-0.,-0.707106781187,-0.707106781187));
#12758 = DIRECTION('',(0.,-0.707106781187,0.707106781187));
#12759 = PCURVE('',#5709,#12760);
#12760 = DEFINITIONAL_REPRESENTATION('',(#12761),#12769);
#12761 = B_SPLINE_CURVE_WITH_KNOTS('',6,(#12762,#12763,#12764,#12765,
    #12766,#12767,#12768),.UNSPECIFIED.,.F.,.F.,(7,7),(5.398241945003,
    6.28318530718),.PIECEWISE_BEZIER_KNOTS.);
#12762 = CARTESIAN_POINT('',(-0.685852964619,6.995490176914));
#12763 = CARTESIAN_POINT('',(-0.833343524981,7.680329365293));
#12764 = CARTESIAN_POINT('',(-0.980834085344,8.265971401043));
#12765 = CARTESIAN_POINT('',(-1.128324645707,8.725610735188));
#12766 = CARTESIAN_POINT('',(-1.275815206069,9.038866364873));
#12767 = CARTESIAN_POINT('',(-1.423305766432,9.195490176914));
#12768 = CARTESIAN_POINT('',(-1.570796326795,9.195490176914));
#12769 = ( GEOMETRIC_REPRESENTATION_CONTEXT(2) 
PARAMETRIC_REPRESENTATION_CONTEXT() REPRESENTATION_CONTEXT('2D SPACE',''
  ) );
#12770 = PCURVE('',#8897,#12771);
#12771 = DEFINITIONAL_REPRESENTATION('',(#12772),#12776);
#12772 = ELLIPSE('',#12773,8.485281374239,6.);
#12773 = AXIS2_PLACEMENT_2D('',#12774,#12775);
#12774 = CARTESIAN_POINT('',(8.485281374239,-126.3072812785));
#12775 = DIRECTION('',(-1.,0.));
#12776 = ( GEOMETRIC_REPRESENTATION_CONTEXT(2) 
PARAMETRIC_REPRESENTATION_CONTEXT() REPRESENTATION_CONTEXT('2D SPACE',''
  ) );
#12777 = ORIENTED_EDGE('',*,*,#12778,.T.);
#12778 = EDGE_CURVE('',#12751,#12779,#12781,.T.);
#12779 = VERTEX_POINT('',#12780);
#12780 = CARTESIAN_POINT('',(17.,-18.,90.592592592592));
#12781 = SURFACE_CURVE('',#12782,(#12786,#12793),.PCURVE_S1.);
#12782 = LINE('',#12783,#12784);
#12783 = CARTESIAN_POINT('',(17.,-18.,80.767472786049));
#12784 = VECTOR('',#12785,1.);
#12785 = DIRECTION('',(0.,2.2E-16,1.));
#12786 = PCURVE('',#5709,#12787);
#12787 = DEFINITIONAL_REPRESENTATION('',(#12788),#12792);
#12788 = LINE('',#12789,#12790);
#12789 = CARTESIAN_POINT('',(-1.570796326795,0.));
#12790 = VECTOR('',#12791,1.);
#12791 = DIRECTION('',(-0.,1.));
#12792 = ( GEOMETRIC_REPRESENTATION_CONTEXT(2) 
PARAMETRIC_REPRESENTATION_CONTEXT() REPRESENTATION_CONTEXT('2D SPACE',''
  ) );
#12793 = PCURVE('',#8864,#12794);
#12794 = DEFINITIONAL_REPRESENTATION('',(#12795),#12799);
#12795 = LINE('',#12796,#12797);
#12796 = CARTESIAN_POINT('',(17.415377078738,17.00000000678));
#12797 = VECTOR('',#12798,1.);
#12798 = DIRECTION('',(1.,0.));
#12799 = ( GEOMETRIC_REPRESENTATION_CONTEXT(2) 
PARAMETRIC_REPRESENTATION_CONTEXT() REPRESENTATION_CONTEXT('2D SPACE',''
  ) );
#12800 = ORIENTED_EDGE('',*,*,#12801,.T.);
#12801 = EDGE_CURVE('',#12779,#12802,#12804,.T.);
#12802 = VERTEX_POINT('',#12803);
#12803 = CARTESIAN_POINT('',(21.472135954999,-16.,92.592592592593));
#12804 = SURFACE_CURVE('',#12805,(#12810,#12821),.PCURVE_S1.);
#12805 = ELLIPSE('',#12806,8.485281374239,6.);
#12806 = AXIS2_PLACEMENT_3D('',#12807,#12808,#12809);
#12807 = CARTESIAN_POINT('',(17.,-12.,96.592592592593));
#12808 = DIRECTION('',(0.,-0.707106781187,0.707106781187));
#12809 = DIRECTION('',(0.,0.707106781187,0.707106781187));
#12810 = PCURVE('',#5709,#12811);
#12811 = DEFINITIONAL_REPRESENTATION('',(#12812),#12820);
#12812 = B_SPLINE_CURVE_WITH_KNOTS('',6,(#12813,#12814,#12815,#12816,
    #12817,#12818,#12819),.UNSPECIFIED.,.F.,.F.,(7,7),(3.14159265359,
    4.026536015766),.PIECEWISE_BEZIER_KNOTS.);
#12813 = CARTESIAN_POINT('',(-1.570796326795,9.825119806543));
#12814 = CARTESIAN_POINT('',(-1.423305766432,9.825119806543));
#12815 = CARTESIAN_POINT('',(-1.27581520607,9.981743618584));
#12816 = CARTESIAN_POINT('',(-1.128324645707,10.294999248269));
#12817 = CARTESIAN_POINT('',(-0.980834085344,10.754638582413));
#12818 = CARTESIAN_POINT('',(-0.833343524981,11.340280618164));
#12819 = CARTESIAN_POINT('',(-0.685852964619,12.025119806543));
#12820 = ( GEOMETRIC_REPRESENTATION_CONTEXT(2) 
PARAMETRIC_REPRESENTATION_CONTEXT() REPRESENTATION_CONTEXT('2D SPACE',''
  ) );
#12821 = PCURVE('',#8836,#12822);
#12822 = DEFINITIONAL_REPRESENTATION('',(#12823),#12827);
#12823 = ELLIPSE('',#12824,8.485281374239,6.);
#12824 = AXIS2_PLACEMENT_2D('',#12825,#12826);
#12825 = CARTESIAN_POINT('',(-5.656854249493,-126.3072812785));
#12826 = DIRECTION('',(-1.,0.));
#12827 = ( GEOMETRIC_REPRESENTATION_CONTEXT(2) 
PARAMETRIC_REPRESENTATION_CONTEXT() REPRESENTATION_CONTEXT('2D SPACE',''
  ) );
#12828 = ORIENTED_EDGE('',*,*,#12829,.T.);
#12829 = EDGE_CURVE('',#12802,#12830,#12832,.T.);
#12830 = VERTEX_POINT('',#12831);
#12831 = CARTESIAN_POINT('',(17.,-18.,94.592592592593));
#12832 = SURFACE_CURVE('',#12833,(#12838,#12849),.PCURVE_S1.);
#12833 = ELLIPSE('',#12834,8.485281374239,6.);
#12834 = AXIS2_PLACEMENT_3D('',#12835,#12836,#12837);
#12835 = CARTESIAN_POINT('',(17.,-12.,88.592592592592));
#12836 = DIRECTION('',(-0.,-0.707106781187,-0.707106781187));
#12837 = DIRECTION('',(0.,-0.707106781187,0.707106781187));
#12838 = PCURVE('',#5709,#12839);
#12839 = DEFINITIONAL_REPRESENTATION('',(#12840),#12848);
#12840 = B_SPLINE_CURVE_WITH_KNOTS('',6,(#12841,#12842,#12843,#12844,
    #12845,#12846,#12847),.UNSPECIFIED.,.F.,.F.,(7,7),(5.398241945003,
    6.28318530718),.PIECEWISE_BEZIER_KNOTS.);
#12841 = CARTESIAN_POINT('',(-0.685852964619,11.625119806543));
#12842 = CARTESIAN_POINT('',(-0.833343524981,12.309958994923));
#12843 = CARTESIAN_POINT('',(-0.980834085344,12.895601030673));
#12844 = CARTESIAN_POINT('',(-1.128324645707,13.355240364817));
#12845 = CARTESIAN_POINT('',(-1.27581520607,13.668495994502));
#12846 = CARTESIAN_POINT('',(-1.423305766432,13.825119806544));
#12847 = CARTESIAN_POINT('',(-1.570796326795,13.825119806544));
#12848 = ( GEOMETRIC_REPRESENTATION_CONTEXT(2) 
PARAMETRIC_REPRESENTATION_CONTEXT() REPRESENTATION_CONTEXT('2D SPACE',''
  ) );
#12849 = PCURVE('',#8803,#12850);
#12850 = DEFINITIONAL_REPRESENTATION('',(#12851),#12855);
#12851 = ELLIPSE('',#12852,8.485281374239,6.);
#12852 = AXIS2_PLACEMENT_2D('',#12853,#12854);
#12853 = CARTESIAN_POINT('',(8.485281374239,-126.3072812785));
#12854 = DIRECTION('',(-1.,0.));
#12855 = ( GEOMETRIC_REPRESENTATION_CONTEXT(2) 
PARAMETRIC_REPRESENTATION_CONTEXT() REPRESENTATION_CONTEXT('2D SPACE',''
  ) );
#12856 = ORIENTED_EDGE('',*,*,#12857,.T.);
#12857 = EDGE_CURVE('',#12830,#12858,#12860,.T.);
#12858 = VERTEX_POINT('',#12859);
#12859 = CARTESIAN_POINT('',(17.,-18.,95.222222222222));
#12860 = SURFACE_CURVE('',#12861,(#12865,#12872),.PCURVE_S1.);
#12861 = LINE('',#12862,#12863);
#12862 = CARTESIAN_POINT('',(17.,-18.,80.767472786049));
#12863 = VECTOR('',#12864,1.);
#12864 = DIRECTION('',(0.,2.2E-16,1.));
#12865 = PCURVE('',#5709,#12866);
#12866 = DEFINITIONAL_REPRESENTATION('',(#12867),#12871);
#12867 = LINE('',#12868,#12869);
#12868 = CARTESIAN_POINT('',(-1.570796326795,0.));
#12869 = VECTOR('',#12870,1.);
#12870 = DIRECTION('',(-0.,1.));
#12871 = ( GEOMETRIC_REPRESENTATION_CONTEXT(2) 
PARAMETRIC_REPRESENTATION_CONTEXT() REPRESENTATION_CONTEXT('2D SPACE',''
  ) );
#12872 = PCURVE('',#8770,#12873);
#12873 = DEFINITIONAL_REPRESENTATION('',(#12874),#12878);
#12874 = LINE('',#12875,#12876);
#12875 = CARTESIAN_POINT('',(17.415377078738,17.00000000678));
#12876 = VECTOR('',#12877,1.);
#12877 = DIRECTION('',(1.,0.));
#12878 = ( GEOMETRIC_REPRESENTATION_CONTEXT(2) 
PARAMETRIC_REPRESENTATION_CONTEXT() REPRESENTATION_CONTEXT('2D SPACE',''
  ) );
#12879 = ORIENTED_EDGE('',*,*,#12880,.T.);
#12880 = EDGE_CURVE('',#12858,#12881,#12883,.T.);
#12881 = VERTEX_POINT('',#12882);
#12882 = CARTESIAN_POINT('',(21.472135954999,-16.,97.222222222222));
#12883 = SURFACE_CURVE('',#12884,(#12889,#12900),.PCURVE_S1.);
#12884 = ELLIPSE('',#12885,8.485281374239,6.);
#12885 = AXIS2_PLACEMENT_3D('',#12886,#12887,#12888);
#12886 = CARTESIAN_POINT('',(17.,-12.,101.22222222222));
#12887 = DIRECTION('',(0.,-0.707106781187,0.707106781187));
#12888 = DIRECTION('',(0.,0.707106781187,0.707106781187));
#12889 = PCURVE('',#5709,#12890);
#12890 = DEFINITIONAL_REPRESENTATION('',(#12891),#12899);
#12891 = B_SPLINE_CURVE_WITH_KNOTS('',6,(#12892,#12893,#12894,#12895,
    #12896,#12897,#12898),.UNSPECIFIED.,.F.,.F.,(7,7),(3.14159265359,
    4.026536015766),.PIECEWISE_BEZIER_KNOTS.);
#12892 = CARTESIAN_POINT('',(-1.570796326795,14.454749436173));
#12893 = CARTESIAN_POINT('',(-1.423305766432,14.454749436173));
#12894 = CARTESIAN_POINT('',(-1.27581520607,14.611373248214));
#12895 = CARTESIAN_POINT('',(-1.128324645707,14.924628877898));
#12896 = CARTESIAN_POINT('',(-0.980834085344,15.384268212043));
#12897 = CARTESIAN_POINT('',(-0.833343524981,15.969910247794));
#12898 = CARTESIAN_POINT('',(-0.685852964619,16.654749436173));
#12899 = ( GEOMETRIC_REPRESENTATION_CONTEXT(2) 
PARAMETRIC_REPRESENTATION_CONTEXT() REPRESENTATION_CONTEXT('2D SPACE',''
  ) );
#12900 = PCURVE('',#8742,#12901);
#12901 = DEFINITIONAL_REPRESENTATION('',(#12902),#12906);
#12902 = ELLIPSE('',#12903,8.485281374239,6.);
#12903 = AXIS2_PLACEMENT_2D('',#12904,#12905);
#12904 = CARTESIAN_POINT('',(-5.656854249493,-126.3072812785));
#12905 = DIRECTION('',(-1.,0.));
#12906 = ( GEOMETRIC_REPRESENTATION_CONTEXT(2) 
PARAMETRIC_REPRESENTATION_CONTEXT() REPRESENTATION_CONTEXT('2D SPACE',''
  ) );
#12907 = ORIENTED_EDGE('',*,*,#12908,.T.);
#12908 = EDGE_CURVE('',#12881,#12909,#12911,.T.);
#12909 = VERTEX_POINT('',#12910);
#12910 = CARTESIAN_POINT('',(17.,-18.,99.222222222222));
#12911 = SURFACE_CURVE('',#12912,(#12917,#12928),.PCURVE_S1.);
#12912 = ELLIPSE('',#12913,8.485281374239,6.);
#12913 = AXIS2_PLACEMENT_3D('',#12914,#12915,#12916);
#12914 = CARTESIAN_POINT('',(17.,-12.,93.222222222222));
#12915 = DIRECTION('',(-0.,-0.707106781187,-0.707106781187));
#12916 = DIRECTION('',(0.,-0.707106781187,0.707106781187));
#12917 = PCURVE('',#5709,#12918);
#12918 = DEFINITIONAL_REPRESENTATION('',(#12919),#12927);
#12919 = B_SPLINE_CURVE_WITH_KNOTS('',6,(#12920,#12921,#12922,#12923,
    #12924,#12925,#12926),.UNSPECIFIED.,.F.,.F.,(7,7),(5.398241945003,
    6.28318530718),.PIECEWISE_BEZIER_KNOTS.);
#12920 = CARTESIAN_POINT('',(-0.685852964619,16.254749436173));
#12921 = CARTESIAN_POINT('',(-0.833343524981,16.939588624552));
#12922 = CARTESIAN_POINT('',(-0.980834085344,17.525230660303));
#12923 = CARTESIAN_POINT('',(-1.128324645707,17.984869994447));
#12924 = CARTESIAN_POINT('',(-1.275815206069,18.298125624132));
#12925 = CARTESIAN_POINT('',(-1.423305766432,18.454749436173));
#12926 = CARTESIAN_POINT('',(-1.570796326795,18.454749436173));
#12927 = ( GEOMETRIC_REPRESENTATION_CONTEXT(2) 
PARAMETRIC_REPRESENTATION_CONTEXT() REPRESENTATION_CONTEXT('2D SPACE',''
  ) );
#12928 = PCURVE('',#8709,#12929);
#12929 = DEFINITIONAL_REPRESENTATION('',(#12930),#12934);
#12930 = ELLIPSE('',#12931,8.485281374239,6.);
#12931 = AXIS2_PLACEMENT_2D('',#12932,#12933);
#12932 = CARTESIAN_POINT('',(8.485281374239,-126.3072812785));
#12933 = DIRECTION('',(-1.,0.));
#12934 = ( GEOMETRIC_REPRESENTATION_CONTEXT(2) 
PARAMETRIC_REPRESENTATION_CONTEXT() REPRESENTATION_CONTEXT('2D SPACE',''
  ) );
#12935 = ORIENTED_EDGE('',*,*,#12936,.T.);
#12936 = EDGE_CURVE('',#12909,#12937,#12939,.T.);
#12937 = VERTEX_POINT('',#12938);
#12938 = CARTESIAN_POINT('',(17.,-18.,99.851851851852));
#12939 = SURFACE_CURVE('',#12940,(#12944,#12951),.PCURVE_S1.);
#12940 = LINE('',#12941,#12942);
#12941 = CARTESIAN_POINT('',(17.,-18.,80.767472786049));
#12942 = VECTOR('',#12943,1.);
#12943 = DIRECTION('',(0.,2.2E-16,1.));
#12944 = PCURVE('',#5709,#12945);
#12945 = DEFINITIONAL_REPRESENTATION('',(#12946),#12950);
#12946 = LINE('',#12947,#12948);
#12947 = CARTESIAN_POINT('',(-1.570796326795,0.));
#12948 = VECTOR('',#12949,1.);
#12949 = DIRECTION('',(-0.,1.));
#12950 = ( GEOMETRIC_REPRESENTATION_CONTEXT(2) 
PARAMETRIC_REPRESENTATION_CONTEXT() REPRESENTATION_CONTEXT('2D SPACE',''
  ) );
#12951 = PCURVE('',#8676,#12952);
#12952 = DEFINITIONAL_REPRESENTATION('',(#12953),#12957);
#12953 = LINE('',#12954,#12955);
#12954 = CARTESIAN_POINT('',(17.415377078738,17.00000000678));
#12955 = VECTOR('',#12956,1.);
#12956 = DIRECTION('',(1.,0.));
#12957 = ( GEOMETRIC_REPRESENTATION_CONTEXT(2) 
PARAMETRIC_REPRESENTATION_CONTEXT() REPRESENTATION_CONTEXT('2D SPACE',''
  ) );
#12958 = ORIENTED_EDGE('',*,*,#12959,.T.);
#12959 = EDGE_CURVE('',#12937,#12960,#12962,.T.);
#12960 = VERTEX_POINT('',#12961);
#12961 = CARTESIAN_POINT('',(21.472135955,-16.,101.85185185185));
#12962 = SURFACE_CURVE('',#12963,(#12968,#12979),.PCURVE_S1.);
#12963 = ELLIPSE('',#12964,8.485281374239,6.);
#12964 = AXIS2_PLACEMENT_3D('',#12965,#12966,#12967);
#12965 = CARTESIAN_POINT('',(17.,-12.,105.85185185185));
#12966 = DIRECTION('',(0.,-0.707106781187,0.707106781187));
#12967 = DIRECTION('',(0.,0.707106781187,0.707106781187));
#12968 = PCURVE('',#5709,#12969);
#12969 = DEFINITIONAL_REPRESENTATION('',(#12970),#12978);
#12970 = B_SPLINE_CURVE_WITH_KNOTS('',6,(#12971,#12972,#12973,#12974,
    #12975,#12976,#12977),.UNSPECIFIED.,.F.,.F.,(7,7),(3.14159265359,
    4.026536015766),.PIECEWISE_BEZIER_KNOTS.);
#12971 = CARTESIAN_POINT('',(-1.570796326795,19.084379065802));
#12972 = CARTESIAN_POINT('',(-1.423305766432,19.084379065802));
#12973 = CARTESIAN_POINT('',(-1.27581520607,19.241002877843));
#12974 = CARTESIAN_POINT('',(-1.128324645707,19.554258507528));
#12975 = CARTESIAN_POINT('',(-0.980834085344,20.013897841673));
#12976 = CARTESIAN_POINT('',(-0.833343524981,20.599539877423));
#12977 = CARTESIAN_POINT('',(-0.685852964619,21.284379065803));
#12978 = ( GEOMETRIC_REPRESENTATION_CONTEXT(2) 
PARAMETRIC_REPRESENTATION_CONTEXT() REPRESENTATION_CONTEXT('2D SPACE',''
  ) );
#12979 = PCURVE('',#8648,#12980);
#12980 = DEFINITIONAL_REPRESENTATION('',(#12981),#12985);
#12981 = ELLIPSE('',#12982,8.485281374239,6.);
#12982 = AXIS2_PLACEMENT_2D('',#12983,#12984);
#12983 = CARTESIAN_POINT('',(-5.656854249493,-126.3072812785));
#12984 = DIRECTION('',(-1.,0.));
#12985 = ( GEOMETRIC_REPRESENTATION_CONTEXT(2) 
PARAMETRIC_REPRESENTATION_CONTEXT() REPRESENTATION_CONTEXT('2D SPACE',''
  ) );
#12986 = ORIENTED_EDGE('',*,*,#12987,.T.);
#12987 = EDGE_CURVE('',#12960,#12988,#12990,.T.);
#12988 = VERTEX_POINT('',#12989);
#12989 = CARTESIAN_POINT('',(17.,-18.,103.85185185185));
#12990 = SURFACE_CURVE('',#12991,(#12996,#13007),.PCURVE_S1.);
#12991 = ELLIPSE('',#12992,8.485281374239,6.);
#12992 = AXIS2_PLACEMENT_3D('',#12993,#12994,#12995);
#12993 = CARTESIAN_POINT('',(17.,-12.,97.851851851852));
#12994 = DIRECTION('',(-0.,-0.707106781187,-0.707106781187));
#12995 = DIRECTION('',(0.,-0.707106781187,0.707106781187));
#12996 = PCURVE('',#5709,#12997);
#12997 = DEFINITIONAL_REPRESENTATION('',(#12998),#13006);
#12998 = B_SPLINE_CURVE_WITH_KNOTS('',6,(#12999,#13000,#13001,#13002,
    #13003,#13004,#13005),.UNSPECIFIED.,.F.,.F.,(7,7),(5.398241945003,
    6.28318530718),.PIECEWISE_BEZIER_KNOTS.);
#12999 = CARTESIAN_POINT('',(-0.685852964619,20.884379065803));
#13000 = CARTESIAN_POINT('',(-0.833343524981,21.569218254182));
#13001 = CARTESIAN_POINT('',(-0.980834085344,22.154860289932));
#13002 = CARTESIAN_POINT('',(-1.128324645707,22.614499624076));
#13003 = CARTESIAN_POINT('',(-1.27581520607,22.927755253762));
#13004 = CARTESIAN_POINT('',(-1.423305766432,23.084379065803));
#13005 = CARTESIAN_POINT('',(-1.570796326795,23.084379065803));
#13006 = ( GEOMETRIC_REPRESENTATION_CONTEXT(2) 
PARAMETRIC_REPRESENTATION_CONTEXT() REPRESENTATION_CONTEXT('2D SPACE',''
  ) );
#13007 = PCURVE('',#8615,#13008);
#13008 = DEFINITIONAL_REPRESENTATION('',(#13009),#13013);
#13009 = ELLIPSE('',#13010,8.485281374239,6.);
#13010 = AXIS2_PLACEMENT_2D('',#13011,#13012);
#13011 = CARTESIAN_POINT('',(8.485281374239,-126.3072812785));
#13012 = DIRECTION('',(-1.,0.));
#13013 = ( GEOMETRIC_REPRESENTATION_CONTEXT(2) 
PARAMETRIC_REPRESENTATION_CONTEXT() REPRESENTATION_CONTEXT('2D SPACE',''
  ) );
#13014 = ORIENTED_EDGE('',*,*,#13015,.T.);
#13015 = EDGE_CURVE('',#12988,#13016,#13018,.T.);
#13016 = VERTEX_POINT('',#13017);
#13017 = CARTESIAN_POINT('',(17.,-18.,104.48148148148));
#13018 = SURFACE_CURVE('',#13019,(#13023,#13030),.PCURVE_S1.);
#13019 = LINE('',#13020,#13021);
#13020 = CARTESIAN_POINT('',(17.,-18.,80.767472786049));
#13021 = VECTOR('',#13022,1.);
#13022 = DIRECTION('',(0.,2.2E-16,1.));
#13023 = PCURVE('',#5709,#13024);
#13024 = DEFINITIONAL_REPRESENTATION('',(#13025),#13029);
#13025 = LINE('',#13026,#13027);
#13026 = CARTESIAN_POINT('',(-1.570796326795,0.));
#13027 = VECTOR('',#13028,1.);
#13028 = DIRECTION('',(-0.,1.));
#13029 = ( GEOMETRIC_REPRESENTATION_CONTEXT(2) 
PARAMETRIC_REPRESENTATION_CONTEXT() REPRESENTATION_CONTEXT('2D SPACE',''
  ) );
#13030 = PCURVE('',#8582,#13031);
#13031 = DEFINITIONAL_REPRESENTATION('',(#13032),#13036);
#13032 = LINE('',#13033,#13034);
#13033 = CARTESIAN_POINT('',(17.415377078738,17.00000000678));
#13034 = VECTOR('',#13035,1.);
#13035 = DIRECTION('',(1.,0.));
#13036 = ( GEOMETRIC_REPRESENTATION_CONTEXT(2) 
PARAMETRIC_REPRESENTATION_CONTEXT() REPRESENTATION_CONTEXT('2D SPACE',''
  ) );
#13037 = ORIENTED_EDGE('',*,*,#13038,.T.);
#13038 = EDGE_CURVE('',#13016,#13039,#13041,.T.);
#13039 = VERTEX_POINT('',#13040);
#13040 = CARTESIAN_POINT('',(21.472135955,-16.,106.48148148148));
#13041 = SURFACE_CURVE('',#13042,(#13047,#13058),.PCURVE_S1.);
#13042 = ELLIPSE('',#13043,8.485281374239,6.);
#13043 = AXIS2_PLACEMENT_3D('',#13044,#13045,#13046);
#13044 = CARTESIAN_POINT('',(17.,-12.,110.48148148148));
#13045 = DIRECTION('',(0.,-0.707106781187,0.707106781187));
#13046 = DIRECTION('',(0.,0.707106781187,0.707106781187));
#13047 = PCURVE('',#5709,#13048);
#13048 = DEFINITIONAL_REPRESENTATION('',(#13049),#13057);
#13049 = B_SPLINE_CURVE_WITH_KNOTS('',6,(#13050,#13051,#13052,#13053,
    #13054,#13055,#13056),.UNSPECIFIED.,.F.,.F.,(7,7),(3.14159265359,
    4.026536015766),.PIECEWISE_BEZIER_KNOTS.);
#13050 = CARTESIAN_POINT('',(-1.570796326795,23.714008695432));
#13051 = CARTESIAN_POINT('',(-1.423305766432,23.714008695432));
#13052 = CARTESIAN_POINT('',(-1.27581520607,23.870632507473));
#13053 = CARTESIAN_POINT('',(-1.128324645707,24.183888137157));
#13054 = CARTESIAN_POINT('',(-0.980834085344,24.643527471303));
#13055 = CARTESIAN_POINT('',(-0.833343524981,25.229169507053));
#13056 = CARTESIAN_POINT('',(-0.685852964619,25.914008695432));
#13057 = ( GEOMETRIC_REPRESENTATION_CONTEXT(2) 
PARAMETRIC_REPRESENTATION_CONTEXT() REPRESENTATION_CONTEXT('2D SPACE',''
  ) );
#13058 = PCURVE('',#8554,#13059);
#13059 = DEFINITIONAL_REPRESENTATION('',(#13060),#13064);
#13060 = ELLIPSE('',#13061,8.485281374239,6.);
#13061 = AXIS2_PLACEMENT_2D('',#13062,#13063);
#13062 = CARTESIAN_POINT('',(-5.656854249493,-126.3072812785));
#13063 = DIRECTION('',(-1.,0.));
#13064 = ( GEOMETRIC_REPRESENTATION_CONTEXT(2) 
PARAMETRIC_REPRESENTATION_CONTEXT() REPRESENTATION_CONTEXT('2D SPACE',''
  ) );
#13065 = ORIENTED_EDGE('',*,*,#13066,.T.);
#13066 = EDGE_CURVE('',#13039,#13067,#13069,.T.);
#13067 = VERTEX_POINT('',#13068);
#13068 = CARTESIAN_POINT('',(20.448391232165,-16.91004909776,
    107.39153057924));
#13069 = SURFACE_CURVE('',#13070,(#13075,#13086),.PCURVE_S1.);
#13070 = ELLIPSE('',#13071,8.485281374239,6.);
#13071 = AXIS2_PLACEMENT_3D('',#13072,#13073,#13074);
#13072 = CARTESIAN_POINT('',(17.,-12.,102.48148148148));
#13073 = DIRECTION('',(-0.,-0.707106781187,-0.707106781187));
#13074 = DIRECTION('',(0.,-0.707106781187,0.707106781187));
#13075 = PCURVE('',#5709,#13076);
#13076 = DEFINITIONAL_REPRESENTATION('',(#13077),#13085);
#13077 = B_SPLINE_CURVE_WITH_KNOTS('',6,(#13078,#13079,#13080,#13081,
    #13082,#13083,#13084),.UNSPECIFIED.,.F.,.F.,(7,7),(5.398241945003,
    6.28318530718),.PIECEWISE_BEZIER_KNOTS.);
#13078 = CARTESIAN_POINT('',(-0.685852964619,25.514008695432));
#13079 = CARTESIAN_POINT('',(-0.833343524981,26.198847883812));
#13080 = CARTESIAN_POINT('',(-0.980834085344,26.784489919562));
#13081 = CARTESIAN_POINT('',(-1.128324645707,27.244129253706));
#13082 = CARTESIAN_POINT('',(-1.27581520607,27.557384883391));
#13083 = CARTESIAN_POINT('',(-1.423305766432,27.714008695432));
#13084 = CARTESIAN_POINT('',(-1.570796326795,27.714008695432));
#13085 = ( GEOMETRIC_REPRESENTATION_CONTEXT(2) 
PARAMETRIC_REPRESENTATION_CONTEXT() REPRESENTATION_CONTEXT('2D SPACE',''
  ) );
#13086 = PCURVE('',#8521,#13087);
#13087 = DEFINITIONAL_REPRESENTATION('',(#13088),#13092);
#13088 = ELLIPSE('',#13089,8.485281374239,6.);
#13089 = AXIS2_PLACEMENT_2D('',#13090,#13091);
#13090 = CARTESIAN_POINT('',(8.485281374239,-126.3072812785));
#13091 = DIRECTION('',(-1.,0.));
#13092 = ( GEOMETRIC_REPRESENTATION_CONTEXT(2) 
PARAMETRIC_REPRESENTATION_CONTEXT() REPRESENTATION_CONTEXT('2D SPACE',''
  ) );
#13093 = ORIENTED_EDGE('',*,*,#13094,.F.);
#13094 = EDGE_CURVE('',#5671,#13067,#13095,.T.);
#13095 = SURFACE_CURVE('',#13096,(#13104,#13116),.PCURVE_S1.);
#13096 = B_SPLINE_CURVE_WITH_KNOTS('',6,(#13097,#13098,#13099,#13100,
    #13101,#13102,#13103),.UNSPECIFIED.,.F.,.F.,(7,7),(0.,1.),
  .PIECEWISE_BEZIER_KNOTS.);
#13097 = CARTESIAN_POINT('',(23.,-12.,108.84363689035));
#13098 = CARTESIAN_POINT('',(23.,-13.57079632679,108.44702529239));
#13099 = CARTESIAN_POINT('',(22.506633883878,-15.14145900423,
    108.05041369442));
#13100 = CARTESIAN_POINT('',(21.519140897841,-16.51914089784,
    107.65380209645));
#13101 = CARTESIAN_POINT('',(20.141459004231,-17.50663388387,
    107.25719049849));
#13102 = CARTESIAN_POINT('',(18.570796326795,-18.,106.86057890052));
#13103 = CARTESIAN_POINT('',(17.,-18.,106.46396730255));
#13104 = PCURVE('',#5709,#13105);
#13105 = DEFINITIONAL_REPRESENTATION('',(#13106),#13115);
#13106 = B_SPLINE_CURVE_WITH_KNOTS('',7,(#13107,#13108,#13109,#13110,
    #13111,#13112,#13113,#13114),.UNSPECIFIED.,.F.,.F.,(8,8),(0.,1.),
  .PIECEWISE_BEZIER_KNOTS.);
#13107 = CARTESIAN_POINT('',(0.,28.07616410431));
#13108 = CARTESIAN_POINT('',(-0.224399475256,27.736211306053));
#13109 = CARTESIAN_POINT('',(-0.448781265317,27.396285299888));
#13110 = CARTESIAN_POINT('',(-0.673243561352,27.056237331627));
#13111 = CARTESIAN_POINT('',(-0.897552765443,26.716421289192));
#13112 = CARTESIAN_POINT('',(-1.122015061478,26.376373320931));
#13113 = CARTESIAN_POINT('',(-1.346396851538,26.036447314766));
#13114 = CARTESIAN_POINT('',(-1.570796326795,25.696494516509));
#13115 = ( GEOMETRIC_REPRESENTATION_CONTEXT(2) 
PARAMETRIC_REPRESENTATION_CONTEXT() REPRESENTATION_CONTEXT('2D SPACE',''
  ) );
#13116 = PCURVE('',#12086,#13117);
#13117 = DEFINITIONAL_REPRESENTATION('',(#13118),#13127);
#13118 = B_SPLINE_CURVE_WITH_KNOTS('',7,(#13119,#13120,#13121,#13122,
    #13123,#13124,#13125,#13126),.UNSPECIFIED.,.F.,.F.,(8,8),(0.,1.),
  .PIECEWISE_BEZIER_KNOTS.);
#13119 = CARTESIAN_POINT('',(0.,0.));
#13120 = CARTESIAN_POINT('',(0.,0.142857142857));
#13121 = CARTESIAN_POINT('',(0.,0.285703026969));
#13122 = CARTESIAN_POINT('',(0.,0.428600162775));
#13123 = CARTESIAN_POINT('',(0.,0.571399837225));
#13124 = CARTESIAN_POINT('',(0.,0.71429697303));
#13125 = CARTESIAN_POINT('',(0.,0.857142857143));
#13126 = CARTESIAN_POINT('',(0.,1.));
#13127 = ( GEOMETRIC_REPRESENTATION_CONTEXT(2) 
PARAMETRIC_REPRESENTATION_CONTEXT() REPRESENTATION_CONTEXT('2D SPACE',''
  ) );
#13128 = ADVANCED_FACE('',(#13129),#5735,.T.);
#13129 = FACE_BOUND('',#13130,.F.);
#13130 = EDGE_LOOP('',(#13131,#13132,#13160,#13161));
#13131 = ORIENTED_EDGE('',*,*,#5884,.T.);
#13132 = ORIENTED_EDGE('',*,*,#13133,.T.);
#13133 = EDGE_CURVE('',#5857,#5694,#13134,.T.);
#13134 = SURFACE_CURVE('',#13135,(#13143,#13153),.PCURVE_S1.);
#13135 = B_SPLINE_CURVE_WITH_KNOTS('',6,(#13136,#13137,#13138,#13139,
    #13140,#13141,#13142),.UNSPECIFIED.,.F.,.F.,(7,7),(0.,1.),
  .PIECEWISE_BEZIER_KNOTS.);
#13136 = CARTESIAN_POINT('',(22.486588408979,-12.,79.429543452232));
#13137 = CARTESIAN_POINT('',(22.649997526329,-12.,79.611109169967));
#13138 = CARTESIAN_POINT('',(22.786795714455,-12.,79.816624354724));
#13139 = CARTESIAN_POINT('',(22.89259609222,-12.,80.041215616626));
#13140 = CARTESIAN_POINT('',(22.964198903303,-12.,80.278929714446));
#13141 = CARTESIAN_POINT('',(23.,-12.,80.523201114565));
#13142 = CARTESIAN_POINT('',(23.,-12.,80.767472786049));
#13143 = PCURVE('',#5735,#13144);
#13144 = DEFINITIONAL_REPRESENTATION('',(#13145),#13152);
#13145 = B_SPLINE_CURVE_WITH_KNOTS('',5,(#13146,#13147,#13148,#13149,
    #13150,#13151),.UNSPECIFIED.,.F.,.F.,(6,6),(0.,1.),
  .PIECEWISE_BEZIER_KNOTS.);
#13146 = CARTESIAN_POINT('',(-5.550370292457,-12.));
#13147 = CARTESIAN_POINT('',(-5.696933288391,-12.));
#13148 = CARTESIAN_POINT('',(-5.843496312092,-12.));
#13149 = CARTESIAN_POINT('',(-5.990059287544,-12.));
#13150 = CARTESIAN_POINT('',(-6.136622311246,-12.));
#13151 = CARTESIAN_POINT('',(-6.28318530718,-12.));
#13152 = ( GEOMETRIC_REPRESENTATION_CONTEXT(2) 
PARAMETRIC_REPRESENTATION_CONTEXT() REPRESENTATION_CONTEXT('2D SPACE',''
  ) );
#13153 = PCURVE('',#12572,#13154);
#13154 = DEFINITIONAL_REPRESENTATION('',(#13155),#13159);
#13155 = LINE('',#13156,#13157);
#13156 = CARTESIAN_POINT('',(0.,0.));
#13157 = VECTOR('',#13158,1.);
#13158 = DIRECTION('',(1.,0.));
#13159 = ( GEOMETRIC_REPRESENTATION_CONTEXT(2) 
PARAMETRIC_REPRESENTATION_CONTEXT() REPRESENTATION_CONTEXT('2D SPACE',''
  ) );
#13160 = ORIENTED_EDGE('',*,*,#5721,.F.);
#13161 = ORIENTED_EDGE('',*,*,#5753,.T.);
#13162 = ADVANCED_FACE('',(#13163),#5795,.T.);
#13163 = FACE_BOUND('',#13164,.F.);
#13164 = EDGE_LOOP('',(#13165,#13166,#13167,#13190));
#13165 = ORIENTED_EDGE('',*,*,#5779,.F.);
#13166 = ORIENTED_EDGE('',*,*,#12449,.T.);
#13167 = ORIENTED_EDGE('',*,*,#13168,.T.);
#13168 = EDGE_CURVE('',#12450,#13169,#13171,.T.);
#13169 = VERTEX_POINT('',#13170);
#13170 = CARTESIAN_POINT('',(10.,-17.34858005373,3.281049575892));
#13171 = SURFACE_CURVE('',#13172,(#13176,#13183),.PCURVE_S1.);
#13172 = LINE('',#13173,#13174);
#13173 = CARTESIAN_POINT('',(-10.,-17.34858005373,3.281049575892));
#13174 = VECTOR('',#13175,1.);
#13175 = DIRECTION('',(1.,0.,0.));
#13176 = PCURVE('',#5795,#13177);
#13177 = DEFINITIONAL_REPRESENTATION('',(#13178),#13182);
#13178 = LINE('',#13179,#13180);
#13179 = CARTESIAN_POINT('',(-1.10049108967,0.));
#13180 = VECTOR('',#13181,1.);
#13181 = DIRECTION('',(-0.,1.));
#13182 = ( GEOMETRIC_REPRESENTATION_CONTEXT(2) 
PARAMETRIC_REPRESENTATION_CONTEXT() REPRESENTATION_CONTEXT('2D SPACE',''
  ) );
#13183 = PCURVE('',#12507,#13184);
#13184 = DEFINITIONAL_REPRESENTATION('',(#13185),#13189);
#13185 = LINE('',#13186,#13187);
#13186 = CARTESIAN_POINT('',(1.907180201942,-153.3072812785));
#13187 = VECTOR('',#13188,1.);
#13188 = DIRECTION('',(0.,1.));
#13189 = ( GEOMETRIC_REPRESENTATION_CONTEXT(2) 
PARAMETRIC_REPRESENTATION_CONTEXT() REPRESENTATION_CONTEXT('2D SPACE',''
  ) );
#13190 = ORIENTED_EDGE('',*,*,#13191,.F.);
#13191 = EDGE_CURVE('',#5780,#13169,#13192,.T.);
#13192 = SURFACE_CURVE('',#13193,(#13198,#13205),.PCURVE_S1.);
#13193 = CIRCLE('',#13194,6.);
#13194 = AXIS2_PLACEMENT_3D('',#13195,#13196,#13197);
#13195 = CARTESIAN_POINT('',(10.,-12.,6.));
#13196 = DIRECTION('',(-1.,-0.,0.));
#13197 = DIRECTION('',(0.,-2.2E-16,-1.));
#13198 = PCURVE('',#5795,#13199);
#13199 = DEFINITIONAL_REPRESENTATION('',(#13200),#13204);
#13200 = LINE('',#13201,#13202);
#13201 = CARTESIAN_POINT('',(-0.,20.));
#13202 = VECTOR('',#13203,1.);
#13203 = DIRECTION('',(-1.,0.));
#13204 = ( GEOMETRIC_REPRESENTATION_CONTEXT(2) 
PARAMETRIC_REPRESENTATION_CONTEXT() REPRESENTATION_CONTEXT('2D SPACE',''
  ) );
#13205 = PCURVE('',#5980,#13206);
#13206 = DEFINITIONAL_REPRESENTATION('',(#13207),#13211);
#13207 = LINE('',#13208,#13209);
#13208 = CARTESIAN_POINT('',(0.,0.));
#13209 = VECTOR('',#13210,1.);
#13210 = DIRECTION('',(0.,1.));
#13211 = ( GEOMETRIC_REPRESENTATION_CONTEXT(2) 
PARAMETRIC_REPRESENTATION_CONTEXT() REPRESENTATION_CONTEXT('2D SPACE',''
  ) );
#13212 = ADVANCED_FACE('',(#13213),#5944,.T.);
#13213 = FACE_BOUND('',#13214,.T.);
#13214 = EDGE_LOOP('',(#13215,#13237,#13238,#13239));
#13215 = ORIENTED_EDGE('',*,*,#13216,.T.);
#13216 = EDGE_CURVE('',#6397,#6020,#13217,.T.);
#13217 = SURFACE_CURVE('',#13218,(#13223,#13230),.PCURVE_S1.);
#13218 = CIRCLE('',#13219,2.);
#13219 = AXIS2_PLACEMENT_3D('',#13220,#13221,#13222);
#13220 = CARTESIAN_POINT('',(25.968133329416,-9.,67.81596282899));
#13221 = DIRECTION('',(-0.642787609663,0.,0.766044443139));
#13222 = DIRECTION('',(0.766044443139,0.,0.642787609663));
#13223 = PCURVE('',#5944,#13224);
#13224 = DEFINITIONAL_REPRESENTATION('',(#13225),#13229);
#13225 = LINE('',#13226,#13227);
#13226 = CARTESIAN_POINT('',(-4.712388980385,0.));
#13227 = VECTOR('',#13228,1.);
#13228 = DIRECTION('',(1.,0.));
#13229 = ( GEOMETRIC_REPRESENTATION_CONTEXT(2) 
PARAMETRIC_REPRESENTATION_CONTEXT() REPRESENTATION_CONTEXT('2D SPACE',''
  ) );
#13230 = PCURVE('',#6216,#13231);
#13231 = DEFINITIONAL_REPRESENTATION('',(#13232),#13236);
#13232 = LINE('',#13233,#13234);
#13233 = CARTESIAN_POINT('',(-0.698131700767,0.));
#13234 = VECTOR('',#13235,1.);
#13235 = DIRECTION('',(-0.,1.));
#13236 = ( GEOMETRIC_REPRESENTATION_CONTEXT(2) 
PARAMETRIC_REPRESENTATION_CONTEXT() REPRESENTATION_CONTEXT('2D SPACE',''
  ) );
#13237 = ORIENTED_EDGE('',*,*,#6042,.T.);
#13238 = ORIENTED_EDGE('',*,*,#5929,.F.);
#13239 = ORIENTED_EDGE('',*,*,#6396,.F.);
#13240 = ADVANCED_FACE('',(#13241),#5872,.T.);
#13241 = FACE_BOUND('',#13242,.F.);
#13242 = EDGE_LOOP('',(#13243,#13244,#13245,#13273,#13301,#13324,#13351)
  );
#13243 = ORIENTED_EDGE('',*,*,#5856,.F.);
#13244 = ORIENTED_EDGE('',*,*,#7054,.T.);
#13245 = ORIENTED_EDGE('',*,*,#13246,.T.);
#13246 = EDGE_CURVE('',#7022,#13247,#13249,.T.);
#13247 = VERTEX_POINT('',#13248);
#13248 = CARTESIAN_POINT('',(19.777802065104,-16.,78.703703703704));
#13249 = SURFACE_CURVE('',#13250,(#13255,#13266),.PCURVE_S1.);
#13250 = ELLIPSE('',#13251,11.415777659757,6.);
#13251 = AXIS2_PLACEMENT_3D('',#13252,#13253,#13254);
#13252 = CARTESIAN_POINT('',(17.361158323614,-12.,82.703703703704));
#13253 = DIRECTION('',(-8.326672684689E-17,-0.707106781187,
    0.707106781187));
#13254 = DIRECTION('',(0.786333598444,0.436852075626,0.436852075626));
#13255 = PCURVE('',#5872,#13256);
#13256 = DEFINITIONAL_REPRESENTATION('',(#13257),#13265);
#13257 = B_SPLINE_CURVE_WITH_KNOTS('',6,(#13258,#13259,#13260,#13261,
    #13262,#13263,#13264),.UNSPECIFIED.,.F.,.F.,(7,7),(3.866902241048,
    4.61612785565),.PIECEWISE_BEZIER_KNOTS.);
#13258 = CARTESIAN_POINT('',(-1.435078579221,-2.303044503295));
#13259 = CARTESIAN_POINT('',(-1.310207643454,-1.498560953231));
#13260 = CARTESIAN_POINT('',(-1.185336707687,-0.558097719016));
#13261 = CARTESIAN_POINT('',(-1.06046577192,0.495775142614));
#13262 = CARTESIAN_POINT('',(-0.935594836153,1.634084031773));
#13263 = CARTESIAN_POINT('',(-0.810723900386,2.823730122381));
#13264 = CARTESIAN_POINT('',(-0.685852964619,4.030843240204));
#13265 = ( GEOMETRIC_REPRESENTATION_CONTEXT(2) 
PARAMETRIC_REPRESENTATION_CONTEXT() REPRESENTATION_CONTEXT('2D SPACE',''
  ) );
#13266 = PCURVE('',#7042,#13267);
#13267 = DEFINITIONAL_REPRESENTATION('',(#13268),#13272);
#13268 = ELLIPSE('',#13269,11.415777659757,6.);
#13269 = AXIS2_PLACEMENT_2D('',#13270,#13271);
#13270 = CARTESIAN_POINT('',(-5.656854249493,-125.9461229549));
#13271 = DIRECTION('',(-0.617802130101,0.786333598444));
#13272 = ( GEOMETRIC_REPRESENTATION_CONTEXT(2) 
PARAMETRIC_REPRESENTATION_CONTEXT() REPRESENTATION_CONTEXT('2D SPACE',''
  ) );
#13273 = ORIENTED_EDGE('',*,*,#13274,.T.);
#13274 = EDGE_CURVE('',#13247,#13275,#13277,.T.);
#13275 = VERTEX_POINT('',#13276);
#13276 = CARTESIAN_POINT('',(15.561158638784,-18.,80.703703703704));
#13277 = SURFACE_CURVE('',#13278,(#13283,#13294),.PCURVE_S1.);
#13278 = ELLIPSE('',#13279,11.415777659757,6.);
#13279 = AXIS2_PLACEMENT_3D('',#13280,#13281,#13282);
#13280 = CARTESIAN_POINT('',(10.161159584293,-12.,74.703703703703));
#13281 = DIRECTION('',(-2.775557561563E-17,-0.707106781187,
    -0.707106781187));
#13282 = DIRECTION('',(0.786333598444,-0.436852075626,0.436852075626));
#13283 = PCURVE('',#5872,#13284);
#13284 = DEFINITIONAL_REPRESENTATION('',(#13285),#13293);
#13285 = B_SPLINE_CURVE_WITH_KNOTS('',6,(#13286,#13287,#13288,#13289,
    #13290,#13291,#13292),.UNSPECIFIED.,.F.,.F.,(7,7),(5.987833784887,
    6.872777196315),.PIECEWISE_BEZIER_KNOTS.);
#13286 = CARTESIAN_POINT('',(-0.685852964619,3.492698320488));
#13287 = CARTESIAN_POINT('',(-0.83334353319,3.909637540694));
#13288 = CARTESIAN_POINT('',(-0.980834101761,4.084035061813));
#13289 = CARTESIAN_POINT('',(-1.128324670333,3.999561996456));
#13290 = CARTESIAN_POINT('',(-1.275815238904,3.655728390067));
#13291 = CARTESIAN_POINT('',(-1.423305807475,3.069997598295));
#13292 = CARTESIAN_POINT('',(-1.570796376047,2.273548608826));
#13293 = ( GEOMETRIC_REPRESENTATION_CONTEXT(2) 
PARAMETRIC_REPRESENTATION_CONTEXT() REPRESENTATION_CONTEXT('2D SPACE',''
  ) );
#13294 = PCURVE('',#8313,#13295);
#13295 = DEFINITIONAL_REPRESENTATION('',(#13296),#13300);
#13296 = ELLIPSE('',#13297,11.415777659757,6.);
#13297 = AXIS2_PLACEMENT_2D('',#13298,#13299);
#13298 = CARTESIAN_POINT('',(8.485281374239,-133.1461216942));
#13299 = DIRECTION('',(-0.617802130101,0.786333598444));
#13300 = ( GEOMETRIC_REPRESENTATION_CONTEXT(2) 
PARAMETRIC_REPRESENTATION_CONTEXT() REPRESENTATION_CONTEXT('2D SPACE',''
  ) );
#13301 = ORIENTED_EDGE('',*,*,#13302,.T.);
#13302 = EDGE_CURVE('',#13275,#13303,#13305,.T.);
#13303 = VERTEX_POINT('',#13304);
#13304 = CARTESIAN_POINT('',(16.12782520623,-18.,81.333333333333));
#13305 = SURFACE_CURVE('',#13306,(#13310,#13317),.PCURVE_S1.);
#13306 = LINE('',#13307,#13308);
#13307 = CARTESIAN_POINT('',(14.040234773062,-18.,79.013788001452));
#13308 = VECTOR('',#13309,1.);
#13309 = DIRECTION('',(0.668964666909,1.7E-16,0.74329420449));
#13310 = PCURVE('',#5872,#13311);
#13311 = DEFINITIONAL_REPRESENTATION('',(#13312),#13316);
#13312 = LINE('',#13313,#13314);
#13313 = CARTESIAN_POINT('',(-1.570796326795,0.));
#13314 = VECTOR('',#13315,1.);
#13315 = DIRECTION('',(-0.,1.));
#13316 = ( GEOMETRIC_REPRESENTATION_CONTEXT(2) 
PARAMETRIC_REPRESENTATION_CONTEXT() REPRESENTATION_CONTEXT('2D SPACE',''
  ) );
#13317 = PCURVE('',#8280,#13318);
#13318 = DEFINITIONAL_REPRESENTATION('',(#13319),#13323);
#13319 = LINE('',#13320,#13321);
#13320 = CARTESIAN_POINT('',(15.66169229414,14.040234779843));
#13321 = VECTOR('',#13322,1.);
#13322 = DIRECTION('',(0.74329420449,0.668964666909));
#13323 = ( GEOMETRIC_REPRESENTATION_CONTEXT(2) 
PARAMETRIC_REPRESENTATION_CONTEXT() REPRESENTATION_CONTEXT('2D SPACE',''
  ) );
#13324 = ORIENTED_EDGE('',*,*,#13325,.T.);
#13325 = EDGE_CURVE('',#13303,#13326,#13328,.T.);
#13326 = VERTEX_POINT('',#13327);
#13327 = CARTESIAN_POINT('',(18.235748800903,-17.82262197287,
    81.510711360459));
#13328 = SURFACE_CURVE('',#13329,(#13334,#13344),.PCURVE_S1.);
#13329 = ELLIPSE('',#13330,11.415777659757,6.);
#13330 = AXIS2_PLACEMENT_3D('',#13331,#13332,#13333);
#13331 = CARTESIAN_POINT('',(21.527824260721,-12.,87.333333333334));
#13332 = DIRECTION('',(-8.326672684689E-17,-0.707106781187,
    0.707106781187));
#13333 = DIRECTION('',(0.786333598444,0.436852075626,0.436852075626));
#13334 = PCURVE('',#5872,#13335);
#13335 = DEFINITIONAL_REPRESENTATION('',(#13336),#13343);
#13336 = B_SPLINE_CURVE_WITH_KNOTS('',5,(#13337,#13338,#13339,#13340,
    #13341,#13342),.UNSPECIFIED.,.F.,.F.,(6,6),(3.731184444222,
    4.143365983901),.PIECEWISE_BEZIER_KNOTS.);
#13337 = CARTESIAN_POINT('',(-1.570796376047,3.120628575044));
#13338 = CARTESIAN_POINT('',(-1.488360068111,3.56578452718));
#13339 = CARTESIAN_POINT('',(-1.405923760175,4.079509988769));
#13340 = CARTESIAN_POINT('',(-1.323487452239,4.655509401205));
#13341 = CARTESIAN_POINT('',(-1.241051144303,5.285514280373));
#13342 = CARTESIAN_POINT('',(-1.158614836367,5.95996942186));
#13343 = ( GEOMETRIC_REPRESENTATION_CONTEXT(2) 
PARAMETRIC_REPRESENTATION_CONTEXT() REPRESENTATION_CONTEXT('2D SPACE',''
  ) );
#13344 = PCURVE('',#8252,#13345);
#13345 = DEFINITIONAL_REPRESENTATION('',(#13346),#13350);
#13346 = ELLIPSE('',#13347,11.415777659757,6.);
#13347 = AXIS2_PLACEMENT_2D('',#13348,#13349);
#13348 = CARTESIAN_POINT('',(-5.656854249493,-121.7794570178));
#13349 = DIRECTION('',(-0.617802130101,0.786333598444));
#13350 = ( GEOMETRIC_REPRESENTATION_CONTEXT(2) 
PARAMETRIC_REPRESENTATION_CONTEXT() REPRESENTATION_CONTEXT('2D SPACE',''
  ) );
#13351 = ORIENTED_EDGE('',*,*,#13352,.F.);
#13352 = EDGE_CURVE('',#5857,#13326,#13353,.T.);
#13353 = SURFACE_CURVE('',#13354,(#13362,#13374),.PCURVE_S1.);
#13354 = B_SPLINE_CURVE_WITH_KNOTS('',6,(#13355,#13356,#13357,#13358,
    #13359,#13360,#13361),.UNSPECIFIED.,.F.,.F.,(7,7),(0.,1.),
  .PIECEWISE_BEZIER_KNOTS.);
#13355 = CARTESIAN_POINT('',(22.486588408979,-12.,79.429543452232));
#13356 = CARTESIAN_POINT('',(22.315451211972,-13.57079632679,
    79.239390977819));
#13357 = CARTESIAN_POINT('',(21.77759784016,-15.14145900423,
    79.37928300294));
#13358 = CARTESIAN_POINT('',(20.872462829658,-16.51914089784,
    79.849728445006));
#13359 = CARTESIAN_POINT('',(19.6773026655,-17.50663388387,
    80.581196479657));
#13360 = CARTESIAN_POINT('',(18.338701003147,-18.,81.441761840081));
#13361 = CARTESIAN_POINT('',(17.,-18.,82.302416607203));
#13362 = PCURVE('',#5872,#13363);
#13363 = DEFINITIONAL_REPRESENTATION('',(#13364),#13373);
#13364 = B_SPLINE_CURVE_WITH_KNOTS('',7,(#13365,#13366,#13367,#13368,
    #13369,#13370,#13371,#13372),.UNSPECIFIED.,.F.,.F.,(8,8),(0.,1.),
  .PIECEWISE_BEZIER_KNOTS.);
#13365 = CARTESIAN_POINT('',(0.,5.959340763693));
#13366 = CARTESIAN_POINT('',(-0.224399475256,5.740063074957));
#13367 = CARTESIAN_POINT('',(-0.448780623956,5.520803294485));
#13368 = CARTESIAN_POINT('',(-0.673245198214,5.301461992594));
#13369 = CARTESIAN_POINT('',(-0.897551128581,5.082275713639));
#13370 = CARTESIAN_POINT('',(-1.122015702839,4.862934411748));
#13371 = CARTESIAN_POINT('',(-1.346396851538,4.643674631276));
#13372 = CARTESIAN_POINT('',(-1.570796326795,4.42439694254));
#13373 = ( GEOMETRIC_REPRESENTATION_CONTEXT(2) 
PARAMETRIC_REPRESENTATION_CONTEXT() REPRESENTATION_CONTEXT('2D SPACE',''
  ) );
#13374 = PCURVE('',#12572,#13375);
#13375 = DEFINITIONAL_REPRESENTATION('',(#13376),#13385);
#13376 = B_SPLINE_CURVE_WITH_KNOTS('',7,(#13377,#13378,#13379,#13380,
    #13381,#13382,#13383,#13384),.UNSPECIFIED.,.F.,.F.,(8,8),(0.,1.),
  .PIECEWISE_BEZIER_KNOTS.);
#13377 = CARTESIAN_POINT('',(0.,-1.1E-16));
#13378 = CARTESIAN_POINT('',(0.,0.142857142857));
#13379 = CARTESIAN_POINT('',(0.,0.285702619927));
#13380 = CARTESIAN_POINT('',(0.,0.42860120165));
#13381 = CARTESIAN_POINT('',(0.,0.57139879835));
#13382 = CARTESIAN_POINT('',(0.,0.714297380073));
#13383 = CARTESIAN_POINT('',(0.,0.857142857143));
#13384 = CARTESIAN_POINT('',(0.,1.));
#13385 = ( GEOMETRIC_REPRESENTATION_CONTEXT(2) 
PARAMETRIC_REPRESENTATION_CONTEXT() REPRESENTATION_CONTEXT('2D SPACE',''
  ) );
#13386 = ADVANCED_FACE('',(#13387),#5980,.T.);
#13387 = FACE_BOUND('',#13388,.T.);
#13388 = EDGE_LOOP('',(#13389,#13390,#13391,#13415,#13445));
#13389 = ORIENTED_EDGE('',*,*,#13191,.F.);
#13390 = ORIENTED_EDGE('',*,*,#5963,.T.);
#13391 = ORIENTED_EDGE('',*,*,#13392,.T.);
#13392 = EDGE_CURVE('',#5964,#13393,#13395,.T.);
#13393 = VERTEX_POINT('',#13394);
#13394 = CARTESIAN_POINT('',(12.954300224538,-17.22010838183,
    5.849738011464));
#13395 = SURFACE_CURVE('',#13396,(#13401,#13408),.PCURVE_S1.);
#13396 = CIRCLE('',#13397,6.);
#13397 = AXIS2_PLACEMENT_3D('',#13398,#13399,#13400);
#13398 = CARTESIAN_POINT('',(10.,-12.,6.));
#13399 = DIRECTION('',(-5.07964637509E-02,-0.,-0.998709026329));
#13400 = DIRECTION('',(0.998709026329,0.,-5.07964637509E-02));
#13401 = PCURVE('',#5980,#13402);
#13402 = DEFINITIONAL_REPRESENTATION('',(#13403),#13407);
#13403 = LINE('',#13404,#13405);
#13404 = CARTESIAN_POINT('',(1.519977992784,0.));
#13405 = VECTOR('',#13406,1.);
#13406 = DIRECTION('',(0.,1.));
#13407 = ( GEOMETRIC_REPRESENTATION_CONTEXT(2) 
PARAMETRIC_REPRESENTATION_CONTEXT() REPRESENTATION_CONTEXT('2D SPACE',''
  ) );
#13408 = PCURVE('',#6081,#13409);
#13409 = DEFINITIONAL_REPRESENTATION('',(#13410),#13414);
#13410 = LINE('',#13411,#13412);
#13411 = CARTESIAN_POINT('',(-0.,-8.9E-16));
#13412 = VECTOR('',#13413,1.);
#13413 = DIRECTION('',(-1.,0.));
#13414 = ( GEOMETRIC_REPRESENTATION_CONTEXT(2) 
PARAMETRIC_REPRESENTATION_CONTEXT() REPRESENTATION_CONTEXT('2D SPACE',''
  ) );
#13415 = ORIENTED_EDGE('',*,*,#13416,.F.);
#13416 = EDGE_CURVE('',#13417,#13393,#13419,.T.);
#13417 = VERTEX_POINT('',#13418);
#13418 = CARTESIAN_POINT('',(14.257004233967,-16.,4.62962962963));
#13419 = SURFACE_CURVE('',#13420,(#13425,#13438),.PCURVE_S1.);
#13420 = CIRCLE('',#13421,4.645380613311);
#13421 = AXIS2_PLACEMENT_3D('',#13422,#13423,#13424);
#13422 = CARTESIAN_POINT('',(10.,-14.68518518518,3.314814814815));
#13423 = DIRECTION('',(0.,-0.707106781187,-0.707106781187));
#13424 = DIRECTION('',(0.,0.707106781187,-0.707106781187));
#13425 = PCURVE('',#5980,#13426);
#13426 = DEFINITIONAL_REPRESENTATION('',(#13427),#13437);
#13427 = B_SPLINE_CURVE_WITH_KNOTS('',8,(#13428,#13429,#13430,#13431,
    #13432,#13433,#13434,#13435,#13436),.UNSPECIFIED.,.F.,.F.,(9,9),(
    1.982613058447,2.452334112725),.PIECEWISE_BEZIER_KNOTS.);
#13428 = CARTESIAN_POINT('',(1.259362157039,0.729727656227));
#13429 = CARTESIAN_POINT('',(1.289501053695,0.769248310557));
#13430 = CARTESIAN_POINT('',(1.319823295708,0.809207164749));
#13431 = CARTESIAN_POINT('',(1.350499834652,0.849552668928));
#13432 = CARTESIAN_POINT('',(1.381746426565,0.890234299121));
#13433 = CARTESIAN_POINT('',(1.413828776108,0.931201927922));
#13434 = CARTESIAN_POINT('',(1.447134889409,0.972401524475));
#13435 = CARTESIAN_POINT('',(1.482181748046,1.013774688762));
#13436 = CARTESIAN_POINT('',(1.519977992784,1.055238958131));
#13437 = ( GEOMETRIC_REPRESENTATION_CONTEXT(2) 
PARAMETRIC_REPRESENTATION_CONTEXT() REPRESENTATION_CONTEXT('2D SPACE',''
  ) );
#13438 = PCURVE('',#12018,#13439);
#13439 = DEFINITIONAL_REPRESENTATION('',(#13440),#13444);
#13440 = CIRCLE('',#13441,4.645380613311);
#13441 = AXIS2_PLACEMENT_2D('',#13442,#13443);
#13442 = CARTESIAN_POINT('',(4.687856067866,-133.3072812785));
#13443 = DIRECTION('',(1.,0.));
#13444 = ( GEOMETRIC_REPRESENTATION_CONTEXT(2) 
PARAMETRIC_REPRESENTATION_CONTEXT() REPRESENTATION_CONTEXT('2D SPACE',''
  ) );
#13445 = ORIENTED_EDGE('',*,*,#13446,.F.);
#13446 = EDGE_CURVE('',#13169,#13417,#13447,.T.);
#13447 = SURFACE_CURVE('',#13448,(#13453,#13480),.PCURVE_S1.);
#13448 = CIRCLE('',#13449,5.704605508314);
#13449 = AXIS2_PLACEMENT_3D('',#13450,#13451,#13452);
#13450 = CARTESIAN_POINT('',(10.,-13.31481481481,7.314814814815));
#13451 = DIRECTION('',(0.,-0.707106781187,0.707106781187));
#13452 = DIRECTION('',(0.,-0.707106781187,-0.707106781187));
#13453 = PCURVE('',#5980,#13454);
#13454 = DEFINITIONAL_REPRESENTATION('',(#13455),#13479);
#13455 = B_SPLINE_CURVE_WITH_KNOTS('',8,(#13456,#13457,#13458,#13459,
    #13460,#13461,#13462,#13463,#13464,#13465,#13466,#13467,#13468,
    #13469,#13470,#13471,#13472,#13473,#13474,#13475,#13476,#13477,
    #13478),.UNSPECIFIED.,.F.,.F.,(9,7,7,9),(1.1E-16,0.210598878427,
    0.526497196068,0.842395513709),.UNSPECIFIED.);
#13456 = CARTESIAN_POINT('',(0.,1.10049108967));
#13457 = CARTESIAN_POINT('',(5.523195234033E-02,1.10049108967));
#13458 = CARTESIAN_POINT('',(0.110463746901,1.099316157863));
#13459 = CARTESIAN_POINT('',(0.165384011484,1.096966026419));
#13460 = CARTESIAN_POINT('',(0.219678662754,1.093458086725));
#13461 = CARTESIAN_POINT('',(0.273064028839,1.088826080825));
#13462 = CARTESIAN_POINT('',(0.325307412656,1.083117383063));
#13463 = CARTESIAN_POINT('',(0.376235095938,1.076388871915));
#13464 = CARTESIAN_POINT('',(0.499966816071,1.057170172197));
#13465 = CARTESIAN_POINT('',(0.570976965892,1.043481413206));
#13466 = CARTESIAN_POINT('',(0.638354648619,1.027841366434));
#13467 = CARTESIAN_POINT('',(0.701970331051,1.010480759132));
#13468 = CARTESIAN_POINT('',(0.761935106234,0.991622901325));
#13469 = CARTESIAN_POINT('',(0.818459628113,0.971466430018));
#13470 = CARTESIAN_POINT('',(0.871804918205,0.95018617535));
#13471 = CARTESIAN_POINT('',(0.972683326759,0.905681218414));
#13472 = CARTESIAN_POINT('',(1.020216441161,0.882456515083));
#13473 = CARTESIAN_POINT('',(1.065116973549,0.858411257771));
#13474 = CARTESIAN_POINT('',(1.107670974408,0.833673922861));
#13475 = CARTESIAN_POINT('',(1.148145188894,0.808352179765));
#13476 = CARTESIAN_POINT('',(1.186779118034,0.782536913793));
#13477 = CARTESIAN_POINT('',(1.223787804333,0.756306214078));
#13478 = CARTESIAN_POINT('',(1.259362157039,0.729727656227));
#13479 = ( GEOMETRIC_REPRESENTATION_CONTEXT(2) 
PARAMETRIC_REPRESENTATION_CONTEXT() REPRESENTATION_CONTEXT('2D SPACE',''
  ) );
#13480 = PCURVE('',#12507,#13481);
#13481 = DEFINITIONAL_REPRESENTATION('',(#13482),#13486);
#13482 = CIRCLE('',#13483,5.704605508314);
#13483 = AXIS2_PLACEMENT_2D('',#13484,#13485);
#13484 = CARTESIAN_POINT('',(-3.797425306372,-133.3072812785));
#13485 = DIRECTION('',(1.,0.));
#13486 = ( GEOMETRIC_REPRESENTATION_CONTEXT(2) 
PARAMETRIC_REPRESENTATION_CONTEXT() REPRESENTATION_CONTEXT('2D SPACE',''
  ) );
#13487 = ADVANCED_FACE('',(#13488),#6081,.T.);
#13488 = FACE_BOUND('',#13489,.F.);
#13489 = EDGE_LOOP('',(#13490,#13491,#13492,#13520,#13543,#13571,#13599,
    #13622,#13650,#13678,#13701,#13729,#13757,#13780,#13808,#13836,
    #13859,#13887,#13915,#13938,#13966,#13994,#14017,#14045,#14073,
    #14096,#14124,#14152,#14175,#14203,#14231,#14254,#14282,#14310,
    #14333,#14359));
#13490 = ORIENTED_EDGE('',*,*,#6067,.F.);
#13491 = ORIENTED_EDGE('',*,*,#13392,.T.);
#13492 = ORIENTED_EDGE('',*,*,#13493,.T.);
#13493 = EDGE_CURVE('',#13393,#13494,#13496,.T.);
#13494 = VERTEX_POINT('',#13495);
#13495 = CARTESIAN_POINT('',(10.032024301188,-18.,6.62962962963));
#13496 = SURFACE_CURVE('',#13497,(#13502,#13513),.PCURVE_S1.);
#13497 = ELLIPSE('',#13498,8.496249809047,6.);
#13498 = AXIS2_PLACEMENT_3D('',#13499,#13500,#13501);
#13499 = CARTESIAN_POINT('',(9.726851548694,-12.,0.629629629629));
#13500 = DIRECTION('',(1.387778780781E-17,-0.707106781187,
    -0.707106781187));
#13501 = DIRECTION('',(7.174454705214E-02,-0.705284595028,0.705284595028
    ));
#13502 = PCURVE('',#6081,#13503);
#13503 = DEFINITIONAL_REPRESENTATION('',(#13504),#13512);
#13504 = B_SPLINE_CURVE_WITH_KNOTS('',6,(#13505,#13506,#13507,#13508,
    #13509,#13510,#13511),.UNSPECIFIED.,.F.,.F.,(7,7),(5.818147690225,
    6.333938148733),.PIECEWISE_BEZIER_KNOTS.);
#13505 = CARTESIAN_POINT('',(-1.055005868287,-6.286581664146E-04));
#13506 = CARTESIAN_POINT('',(-1.140970944705,0.231278501939));
#13507 = CARTESIAN_POINT('',(-1.226936021123,0.415505252215));
#13508 = CARTESIAN_POINT('',(-1.312901097541,0.548966882467));
#13509 = CARTESIAN_POINT('',(-1.398866173959,0.629635187542));
#13510 = CARTESIAN_POINT('',(-1.484831250377,0.656677714599));
#13511 = CARTESIAN_POINT('',(-1.570796326795,0.63044351561));
#13512 = ( GEOMETRIC_REPRESENTATION_CONTEXT(2) 
PARAMETRIC_REPRESENTATION_CONTEXT() REPRESENTATION_CONTEXT('2D SPACE',''
  ) );
#13513 = PCURVE('',#12018,#13514);
#13514 = DEFINITIONAL_REPRESENTATION('',(#13515),#13519);
#13515 = ELLIPSE('',#13516,8.496249809047,6.);
#13516 = AXIS2_PLACEMENT_2D('',#13517,#13518);
#13517 = CARTESIAN_POINT('',(8.485281374239,-133.5804297298));
#13518 = DIRECTION('',(-0.997423039622,7.174454705214E-02));
#13519 = ( GEOMETRIC_REPRESENTATION_CONTEXT(2) 
PARAMETRIC_REPRESENTATION_CONTEXT() REPRESENTATION_CONTEXT('2D SPACE',''
  ) );
#13520 = ORIENTED_EDGE('',*,*,#13521,.T.);
#13521 = EDGE_CURVE('',#13494,#13522,#13524,.T.);
#13522 = VERTEX_POINT('',#13523);
#13523 = CARTESIAN_POINT('',(10.064048602375,-18.,7.259259259259));
#13524 = SURFACE_CURVE('',#13525,(#13529,#13536),.PCURVE_S1.);
#13525 = LINE('',#13526,#13527);
#13526 = CARTESIAN_POINT('',(10.,-18.,6.));
#13527 = VECTOR('',#13528,1.);
#13528 = DIRECTION('',(5.07964637509E-02,2.2E-16,0.998709026329));
#13529 = PCURVE('',#6081,#13530);
#13530 = DEFINITIONAL_REPRESENTATION('',(#13531),#13535);
#13531 = LINE('',#13532,#13533);
#13532 = CARTESIAN_POINT('',(-1.570796326795,0.));
#13533 = VECTOR('',#13534,1.);
#13534 = DIRECTION('',(-0.,1.));
#13535 = ( GEOMETRIC_REPRESENTATION_CONTEXT(2) 
PARAMETRIC_REPRESENTATION_CONTEXT() REPRESENTATION_CONTEXT('2D SPACE',''
  ) );
#13536 = PCURVE('',#11985,#13537);
#13537 = DEFINITIONAL_REPRESENTATION('',(#13538),#13542);
#13538 = LINE('',#13539,#13540);
#13539 = CARTESIAN_POINT('',(-57.35209570731,10.00000000678));
#13540 = VECTOR('',#13541,1.);
#13541 = DIRECTION('',(0.998709026329,5.07964637509E-02));
#13542 = ( GEOMETRIC_REPRESENTATION_CONTEXT(2) 
PARAMETRIC_REPRESENTATION_CONTEXT() REPRESENTATION_CONTEXT('2D SPACE',''
  ) );
#13543 = ORIENTED_EDGE('',*,*,#13544,.T.);
#13544 = EDGE_CURVE('',#13522,#13545,#13547,.T.);
#13545 = VERTEX_POINT('',#13546);
#13546 = CARTESIAN_POINT('',(14.643689680934,-16.,9.259259259259));
#13547 = SURFACE_CURVE('',#13548,(#13553,#13564),.PCURVE_S1.);
#13548 = ELLIPSE('',#13549,8.496249809047,6.);
#13549 = AXIS2_PLACEMENT_3D('',#13550,#13551,#13552);
#13550 = CARTESIAN_POINT('',(10.369221354869,-12.,13.25925925926));
#13551 = DIRECTION('',(6.938893903907E-18,-0.707106781187,0.707106781187
    ));
#13552 = DIRECTION('',(7.174454705214E-02,0.705284595028,0.705284595028)
  );
#13553 = PCURVE('',#6081,#13554);
#13554 = DEFINITIONAL_REPRESENTATION('',(#13555),#13563);
#13555 = B_SPLINE_CURVE_WITH_KNOTS('',6,(#13556,#13557,#13558,#13559,
    #13560,#13561,#13562),.UNSPECIFIED.,.F.,.F.,(7,7),(3.192345495143,
    4.077288857319),.PIECEWISE_BEZIER_KNOTS.);
#13556 = CARTESIAN_POINT('',(-1.570796326795,1.260887031219));
#13557 = CARTESIAN_POINT('',(-1.423305766432,1.305897131492));
#13558 = CARTESIAN_POINT('',(-1.275815206069,1.507733366234));
#13559 = CARTESIAN_POINT('',(-1.128324645707,1.864642327319));
#13560 = CARTESIAN_POINT('',(-0.980834085344,2.364596564239));
#13561 = CARTESIAN_POINT('',(-0.833343524981,2.985666827628));
#13562 = CARTESIAN_POINT('',(-0.685852964619,3.699897665046));
#13563 = ( GEOMETRIC_REPRESENTATION_CONTEXT(2) 
PARAMETRIC_REPRESENTATION_CONTEXT() REPRESENTATION_CONTEXT('2D SPACE',''
  ) );
#13564 = PCURVE('',#11957,#13565);
#13565 = DEFINITIONAL_REPRESENTATION('',(#13566),#13570);
#13566 = ELLIPSE('',#13567,8.496249809047,6.);
#13567 = AXIS2_PLACEMENT_2D('',#13568,#13569);
#13568 = CARTESIAN_POINT('',(-5.656854249493,-132.9380599236));
#13569 = DIRECTION('',(-0.997423039622,7.174454705214E-02));
#13570 = ( GEOMETRIC_REPRESENTATION_CONTEXT(2) 
PARAMETRIC_REPRESENTATION_CONTEXT() REPRESENTATION_CONTEXT('2D SPACE',''
  ) );
#13571 = ORIENTED_EDGE('',*,*,#13572,.T.);
#13572 = EDGE_CURVE('',#13545,#13573,#13575,.T.);
#13573 = VERTEX_POINT('',#13574);
#13574 = CARTESIAN_POINT('',(10.267497104038,-18.,11.259259259259));
#13575 = SURFACE_CURVE('',#13576,(#13581,#13592),.PCURVE_S1.);
#13576 = ELLIPSE('',#13577,8.496249809047,6.);
#13577 = AXIS2_PLACEMENT_3D('',#13578,#13579,#13580);
#13578 = CARTESIAN_POINT('',(9.962324351544,-12.,5.259259259259));
#13579 = DIRECTION('',(1.387778780781E-17,-0.707106781187,
    -0.707106781187));
#13580 = DIRECTION('',(7.174454705214E-02,-0.705284595028,0.705284595028
    ));
#13581 = PCURVE('',#6081,#13582);
#13582 = DEFINITIONAL_REPRESENTATION('',(#13583),#13591);
#13583 = B_SPLINE_CURVE_WITH_KNOTS('',6,(#13584,#13585,#13586,#13587,
    #13588,#13589,#13590),.UNSPECIFIED.,.F.,.F.,(7,7),(5.448994786557,
    6.333938148733),.PIECEWISE_BEZIER_KNOTS.);
#13584 = CARTESIAN_POINT('',(-0.685852964619,3.29938060807));
#13585 = CARTESIAN_POINT('',(-0.833343524981,3.956598651809));
#13586 = CARTESIAN_POINT('',(-0.980834085344,4.508326511419));
#13587 = CARTESIAN_POINT('',(-1.128324645707,4.928839241407));
#13588 = CARTESIAN_POINT('',(-1.27581520607,5.199251394734));
#13589 = CARTESIAN_POINT('',(-1.423305766432,5.311067701247));
#13590 = CARTESIAN_POINT('',(-1.570796326795,5.266057600974));
#13591 = ( GEOMETRIC_REPRESENTATION_CONTEXT(2) 
PARAMETRIC_REPRESENTATION_CONTEXT() REPRESENTATION_CONTEXT('2D SPACE',''
  ) );
#13592 = PCURVE('',#11924,#13593);
#13593 = DEFINITIONAL_REPRESENTATION('',(#13594),#13598);
#13594 = ELLIPSE('',#13595,8.496249809047,6.);
#13595 = AXIS2_PLACEMENT_2D('',#13596,#13597);
#13596 = CARTESIAN_POINT('',(8.485281374239,-133.3449569269));
#13597 = DIRECTION('',(-0.997423039622,7.174454705214E-02));
#13598 = ( GEOMETRIC_REPRESENTATION_CONTEXT(2) 
PARAMETRIC_REPRESENTATION_CONTEXT() REPRESENTATION_CONTEXT('2D SPACE',''
  ) );
#13599 = ORIENTED_EDGE('',*,*,#13600,.T.);
#13600 = EDGE_CURVE('',#13573,#13601,#13603,.T.);
#13601 = VERTEX_POINT('',#13602);
#13602 = CARTESIAN_POINT('',(10.299521405226,-18.,11.888888888889));
#13603 = SURFACE_CURVE('',#13604,(#13608,#13615),.PCURVE_S1.);
#13604 = LINE('',#13605,#13606);
#13605 = CARTESIAN_POINT('',(10.,-18.,6.));
#13606 = VECTOR('',#13607,1.);
#13607 = DIRECTION('',(5.07964637509E-02,2.2E-16,0.998709026329));
#13608 = PCURVE('',#6081,#13609);
#13609 = DEFINITIONAL_REPRESENTATION('',(#13610),#13614);
#13610 = LINE('',#13611,#13612);
#13611 = CARTESIAN_POINT('',(-1.570796326795,0.));
#13612 = VECTOR('',#13613,1.);
#13613 = DIRECTION('',(-0.,1.));
#13614 = ( GEOMETRIC_REPRESENTATION_CONTEXT(2) 
PARAMETRIC_REPRESENTATION_CONTEXT() REPRESENTATION_CONTEXT('2D SPACE',''
  ) );
#13615 = PCURVE('',#11891,#13616);
#13616 = DEFINITIONAL_REPRESENTATION('',(#13617),#13621);
#13617 = LINE('',#13618,#13619);
#13618 = CARTESIAN_POINT('',(-57.35209570731,10.00000000678));
#13619 = VECTOR('',#13620,1.);
#13620 = DIRECTION('',(0.998709026329,5.07964637509E-02));
#13621 = ( GEOMETRIC_REPRESENTATION_CONTEXT(2) 
PARAMETRIC_REPRESENTATION_CONTEXT() REPRESENTATION_CONTEXT('2D SPACE',''
  ) );
#13622 = ORIENTED_EDGE('',*,*,#13623,.T.);
#13623 = EDGE_CURVE('',#13601,#13624,#13626,.T.);
#13624 = VERTEX_POINT('',#13625);
#13625 = CARTESIAN_POINT('',(14.879162483783,-16.,13.888888888889));
#13626 = SURFACE_CURVE('',#13627,(#13632,#13643),.PCURVE_S1.);
#13627 = ELLIPSE('',#13628,8.496249809047,6.);
#13628 = AXIS2_PLACEMENT_3D('',#13629,#13630,#13631);
#13629 = CARTESIAN_POINT('',(10.60469415772,-12.,17.888888888889));
#13630 = DIRECTION('',(6.938893903907E-18,-0.707106781187,0.707106781187
    ));
#13631 = DIRECTION('',(7.174454705214E-02,0.705284595028,0.705284595028)
  );
#13632 = PCURVE('',#6081,#13633);
#13633 = DEFINITIONAL_REPRESENTATION('',(#13634),#13642);
#13634 = B_SPLINE_CURVE_WITH_KNOTS('',6,(#13635,#13636,#13637,#13638,
    #13639,#13640,#13641),.UNSPECIFIED.,.F.,.F.,(7,7),(3.192345495143,
    4.077288857319),.PIECEWISE_BEZIER_KNOTS.);
#13635 = CARTESIAN_POINT('',(-1.570796326795,5.896501116583));
#13636 = CARTESIAN_POINT('',(-1.423305766432,5.941511216856));
#13637 = CARTESIAN_POINT('',(-1.275815206069,6.143347451599));
#13638 = CARTESIAN_POINT('',(-1.128324645707,6.500256412683));
#13639 = CARTESIAN_POINT('',(-0.980834085344,7.000210649604));
#13640 = CARTESIAN_POINT('',(-0.833343524981,7.621280912993));
#13641 = CARTESIAN_POINT('',(-0.685852964619,8.33551175041));
#13642 = ( GEOMETRIC_REPRESENTATION_CONTEXT(2) 
PARAMETRIC_REPRESENTATION_CONTEXT() REPRESENTATION_CONTEXT('2D SPACE',''
  ) );
#13643 = PCURVE('',#11863,#13644);
#13644 = DEFINITIONAL_REPRESENTATION('',(#13645),#13649);
#13645 = ELLIPSE('',#13646,8.496249809047,6.);
#13646 = AXIS2_PLACEMENT_2D('',#13647,#13648);
#13647 = CARTESIAN_POINT('',(-5.656854249493,-132.7025871208));
#13648 = DIRECTION('',(-0.997423039622,7.174454705214E-02));
#13649 = ( GEOMETRIC_REPRESENTATION_CONTEXT(2) 
PARAMETRIC_REPRESENTATION_CONTEXT() REPRESENTATION_CONTEXT('2D SPACE',''
  ) );
#13650 = ORIENTED_EDGE('',*,*,#13651,.T.);
#13651 = EDGE_CURVE('',#13624,#13652,#13654,.T.);
#13652 = VERTEX_POINT('',#13653);
#13653 = CARTESIAN_POINT('',(10.502969906888,-18.,15.888888888889));
#13654 = SURFACE_CURVE('',#13655,(#13660,#13671),.PCURVE_S1.);
#13655 = ELLIPSE('',#13656,8.496249809047,6.);
#13656 = AXIS2_PLACEMENT_3D('',#13657,#13658,#13659);
#13657 = CARTESIAN_POINT('',(10.197797154394,-12.,9.888888888889));
#13658 = DIRECTION('',(1.387778780781E-17,-0.707106781187,
    -0.707106781187));
#13659 = DIRECTION('',(7.174454705214E-02,-0.705284595028,0.705284595028
    ));
#13660 = PCURVE('',#6081,#13661);
#13661 = DEFINITIONAL_REPRESENTATION('',(#13662),#13670);
#13662 = B_SPLINE_CURVE_WITH_KNOTS('',6,(#13663,#13664,#13665,#13666,
    #13667,#13668,#13669),.UNSPECIFIED.,.F.,.F.,(7,7),(5.448994786557,
    6.333938148733),.PIECEWISE_BEZIER_KNOTS.);
#13663 = CARTESIAN_POINT('',(-0.685852964619,7.934994693434));
#13664 = CARTESIAN_POINT('',(-0.833343524981,8.592212737173));
#13665 = CARTESIAN_POINT('',(-0.980834085344,9.143940596783));
#13666 = CARTESIAN_POINT('',(-1.128324645707,9.564453326771));
#13667 = CARTESIAN_POINT('',(-1.275815206069,9.834865480099));
#13668 = CARTESIAN_POINT('',(-1.423305766432,9.946681786611));
#13669 = CARTESIAN_POINT('',(-1.570796326795,9.901671686338));
#13670 = ( GEOMETRIC_REPRESENTATION_CONTEXT(2) 
PARAMETRIC_REPRESENTATION_CONTEXT() REPRESENTATION_CONTEXT('2D SPACE',''
  ) );
#13671 = PCURVE('',#11830,#13672);
#13672 = DEFINITIONAL_REPRESENTATION('',(#13673),#13677);
#13673 = ELLIPSE('',#13674,8.496249809047,6.);
#13674 = AXIS2_PLACEMENT_2D('',#13675,#13676);
#13675 = CARTESIAN_POINT('',(8.485281374239,-133.1094841241));
#13676 = DIRECTION('',(-0.997423039622,7.174454705214E-02));
#13677 = ( GEOMETRIC_REPRESENTATION_CONTEXT(2) 
PARAMETRIC_REPRESENTATION_CONTEXT() REPRESENTATION_CONTEXT('2D SPACE',''
  ) );
#13678 = ORIENTED_EDGE('',*,*,#13679,.T.);
#13679 = EDGE_CURVE('',#13652,#13680,#13682,.T.);
#13680 = VERTEX_POINT('',#13681);
#13681 = CARTESIAN_POINT('',(10.534994208076,-18.,16.518518518518));
#13682 = SURFACE_CURVE('',#13683,(#13687,#13694),.PCURVE_S1.);
#13683 = LINE('',#13684,#13685);
#13684 = CARTESIAN_POINT('',(10.,-18.,6.));
#13685 = VECTOR('',#13686,1.);
#13686 = DIRECTION('',(5.07964637509E-02,2.2E-16,0.998709026329));
#13687 = PCURVE('',#6081,#13688);
#13688 = DEFINITIONAL_REPRESENTATION('',(#13689),#13693);
#13689 = LINE('',#13690,#13691);
#13690 = CARTESIAN_POINT('',(-1.570796326795,0.));
#13691 = VECTOR('',#13692,1.);
#13692 = DIRECTION('',(-0.,1.));
#13693 = ( GEOMETRIC_REPRESENTATION_CONTEXT(2) 
PARAMETRIC_REPRESENTATION_CONTEXT() REPRESENTATION_CONTEXT('2D SPACE',''
  ) );
#13694 = PCURVE('',#11797,#13695);
#13695 = DEFINITIONAL_REPRESENTATION('',(#13696),#13700);
#13696 = LINE('',#13697,#13698);
#13697 = CARTESIAN_POINT('',(-57.35209570731,10.00000000678));
#13698 = VECTOR('',#13699,1.);
#13699 = DIRECTION('',(0.998709026329,5.07964637509E-02));
#13700 = ( GEOMETRIC_REPRESENTATION_CONTEXT(2) 
PARAMETRIC_REPRESENTATION_CONTEXT() REPRESENTATION_CONTEXT('2D SPACE',''
  ) );
#13701 = ORIENTED_EDGE('',*,*,#13702,.T.);
#13702 = EDGE_CURVE('',#13680,#13703,#13705,.T.);
#13703 = VERTEX_POINT('',#13704);
#13704 = CARTESIAN_POINT('',(15.114635286634,-16.,18.518518518519));
#13705 = SURFACE_CURVE('',#13706,(#13711,#13722),.PCURVE_S1.);
#13706 = ELLIPSE('',#13707,8.496249809047,6.);
#13707 = AXIS2_PLACEMENT_3D('',#13708,#13709,#13710);
#13708 = CARTESIAN_POINT('',(10.84016696057,-12.,22.518518518519));
#13709 = DIRECTION('',(6.938893903907E-18,-0.707106781187,0.707106781187
    ));
#13710 = DIRECTION('',(7.174454705214E-02,0.705284595028,0.705284595028)
  );
#13711 = PCURVE('',#6081,#13712);
#13712 = DEFINITIONAL_REPRESENTATION('',(#13713),#13721);
#13713 = B_SPLINE_CURVE_WITH_KNOTS('',6,(#13714,#13715,#13716,#13717,
    #13718,#13719,#13720),.UNSPECIFIED.,.F.,.F.,(7,7),(3.192345495143,
    4.077288857319),.PIECEWISE_BEZIER_KNOTS.);
#13714 = CARTESIAN_POINT('',(-1.570796326795,10.532115201947));
#13715 = CARTESIAN_POINT('',(-1.423305766432,10.57712530222));
#13716 = CARTESIAN_POINT('',(-1.275815206069,10.778961536963));
#13717 = CARTESIAN_POINT('',(-1.128324645707,11.135870498047));
#13718 = CARTESIAN_POINT('',(-0.980834085344,11.635824734968));
#13719 = CARTESIAN_POINT('',(-0.833343524981,12.256894998357));
#13720 = CARTESIAN_POINT('',(-0.685852964619,12.971125835774));
#13721 = ( GEOMETRIC_REPRESENTATION_CONTEXT(2) 
PARAMETRIC_REPRESENTATION_CONTEXT() REPRESENTATION_CONTEXT('2D SPACE',''
  ) );
#13722 = PCURVE('',#11769,#13723);
#13723 = DEFINITIONAL_REPRESENTATION('',(#13724),#13728);
#13724 = ELLIPSE('',#13725,8.496249809047,6.);
#13725 = AXIS2_PLACEMENT_2D('',#13726,#13727);
#13726 = CARTESIAN_POINT('',(-5.656854249493,-132.4671143179));
#13727 = DIRECTION('',(-0.997423039622,7.174454705214E-02));
#13728 = ( GEOMETRIC_REPRESENTATION_CONTEXT(2) 
PARAMETRIC_REPRESENTATION_CONTEXT() REPRESENTATION_CONTEXT('2D SPACE',''
  ) );
#13729 = ORIENTED_EDGE('',*,*,#13730,.T.);
#13730 = EDGE_CURVE('',#13703,#13731,#13733,.T.);
#13731 = VERTEX_POINT('',#13732);
#13732 = CARTESIAN_POINT('',(10.738442709739,-18.,20.518518518519));
#13733 = SURFACE_CURVE('',#13734,(#13739,#13750),.PCURVE_S1.);
#13734 = ELLIPSE('',#13735,8.496249809047,6.);
#13735 = AXIS2_PLACEMENT_3D('',#13736,#13737,#13738);
#13736 = CARTESIAN_POINT('',(10.433269957245,-12.,14.518518518518));
#13737 = DIRECTION('',(1.387778780781E-17,-0.707106781187,
    -0.707106781187));
#13738 = DIRECTION('',(7.174454705214E-02,-0.705284595028,0.705284595028
    ));
#13739 = PCURVE('',#6081,#13740);
#13740 = DEFINITIONAL_REPRESENTATION('',(#13741),#13749);
#13741 = B_SPLINE_CURVE_WITH_KNOTS('',6,(#13742,#13743,#13744,#13745,
    #13746,#13747,#13748),.UNSPECIFIED.,.F.,.F.,(7,7),(5.448994786557,
    6.333938148733),.PIECEWISE_BEZIER_KNOTS.);
#13742 = CARTESIAN_POINT('',(-0.685852964619,12.570608778798));
#13743 = CARTESIAN_POINT('',(-0.833343524981,13.227826822537));
#13744 = CARTESIAN_POINT('',(-0.980834085344,13.779554682147));
#13745 = CARTESIAN_POINT('',(-1.128324645707,14.200067412135));
#13746 = CARTESIAN_POINT('',(-1.27581520607,14.470479565463));
#13747 = CARTESIAN_POINT('',(-1.423305766432,14.582295871975));
#13748 = CARTESIAN_POINT('',(-1.570796326795,14.537285771702));
#13749 = ( GEOMETRIC_REPRESENTATION_CONTEXT(2) 
PARAMETRIC_REPRESENTATION_CONTEXT() REPRESENTATION_CONTEXT('2D SPACE',''
  ) );
#13750 = PCURVE('',#11736,#13751);
#13751 = DEFINITIONAL_REPRESENTATION('',(#13752),#13756);
#13752 = ELLIPSE('',#13753,8.496249809047,6.);
#13753 = AXIS2_PLACEMENT_2D('',#13754,#13755);
#13754 = CARTESIAN_POINT('',(8.485281374239,-132.8740113212));
#13755 = DIRECTION('',(-0.997423039622,7.174454705214E-02));
#13756 = ( GEOMETRIC_REPRESENTATION_CONTEXT(2) 
PARAMETRIC_REPRESENTATION_CONTEXT() REPRESENTATION_CONTEXT('2D SPACE',''
  ) );
#13757 = ORIENTED_EDGE('',*,*,#13758,.T.);
#13758 = EDGE_CURVE('',#13731,#13759,#13761,.T.);
#13759 = VERTEX_POINT('',#13760);
#13760 = CARTESIAN_POINT('',(10.770467010926,-18.,21.148148148148));
#13761 = SURFACE_CURVE('',#13762,(#13766,#13773),.PCURVE_S1.);
#13762 = LINE('',#13763,#13764);
#13763 = CARTESIAN_POINT('',(10.,-18.,6.));
#13764 = VECTOR('',#13765,1.);
#13765 = DIRECTION('',(5.07964637509E-02,2.2E-16,0.998709026329));
#13766 = PCURVE('',#6081,#13767);
#13767 = DEFINITIONAL_REPRESENTATION('',(#13768),#13772);
#13768 = LINE('',#13769,#13770);
#13769 = CARTESIAN_POINT('',(-1.570796326795,0.));
#13770 = VECTOR('',#13771,1.);
#13771 = DIRECTION('',(-0.,1.));
#13772 = ( GEOMETRIC_REPRESENTATION_CONTEXT(2) 
PARAMETRIC_REPRESENTATION_CONTEXT() REPRESENTATION_CONTEXT('2D SPACE',''
  ) );
#13773 = PCURVE('',#11703,#13774);
#13774 = DEFINITIONAL_REPRESENTATION('',(#13775),#13779);
#13775 = LINE('',#13776,#13777);
#13776 = CARTESIAN_POINT('',(-57.35209570731,10.00000000678));
#13777 = VECTOR('',#13778,1.);
#13778 = DIRECTION('',(0.998709026329,5.07964637509E-02));
#13779 = ( GEOMETRIC_REPRESENTATION_CONTEXT(2) 
PARAMETRIC_REPRESENTATION_CONTEXT() REPRESENTATION_CONTEXT('2D SPACE',''
  ) );
#13780 = ORIENTED_EDGE('',*,*,#13781,.T.);
#13781 = EDGE_CURVE('',#13759,#13782,#13784,.T.);
#13782 = VERTEX_POINT('',#13783);
#13783 = CARTESIAN_POINT('',(15.350108089485,-16.,23.148148148148));
#13784 = SURFACE_CURVE('',#13785,(#13790,#13801),.PCURVE_S1.);
#13785 = ELLIPSE('',#13786,8.496249809047,6.);
#13786 = AXIS2_PLACEMENT_3D('',#13787,#13788,#13789);
#13787 = CARTESIAN_POINT('',(11.07563976342,-12.,27.148148148148));
#13788 = DIRECTION('',(6.938893903907E-18,-0.707106781187,0.707106781187
    ));
#13789 = DIRECTION('',(7.174454705214E-02,0.705284595028,0.705284595028)
  );
#13790 = PCURVE('',#6081,#13791);
#13791 = DEFINITIONAL_REPRESENTATION('',(#13792),#13800);
#13792 = B_SPLINE_CURVE_WITH_KNOTS('',6,(#13793,#13794,#13795,#13796,
    #13797,#13798,#13799),.UNSPECIFIED.,.F.,.F.,(7,7),(3.192345495143,
    4.077288857319),.PIECEWISE_BEZIER_KNOTS.);
#13793 = CARTESIAN_POINT('',(-1.570796326795,15.167729287311));
#13794 = CARTESIAN_POINT('',(-1.423305766432,15.212739387584));
#13795 = CARTESIAN_POINT('',(-1.27581520607,15.414575622327));
#13796 = CARTESIAN_POINT('',(-1.128324645707,15.771484583411));
#13797 = CARTESIAN_POINT('',(-0.980834085344,16.271438820331));
#13798 = CARTESIAN_POINT('',(-0.833343524981,16.892509083721));
#13799 = CARTESIAN_POINT('',(-0.685852964619,17.606739921138));
#13800 = ( GEOMETRIC_REPRESENTATION_CONTEXT(2) 
PARAMETRIC_REPRESENTATION_CONTEXT() REPRESENTATION_CONTEXT('2D SPACE',''
  ) );
#13801 = PCURVE('',#11675,#13802);
#13802 = DEFINITIONAL_REPRESENTATION('',(#13803),#13807);
#13803 = ELLIPSE('',#13804,8.496249809047,6.);
#13804 = AXIS2_PLACEMENT_2D('',#13805,#13806);
#13805 = CARTESIAN_POINT('',(-5.656854249493,-132.2316415151));
#13806 = DIRECTION('',(-0.997423039622,7.174454705214E-02));
#13807 = ( GEOMETRIC_REPRESENTATION_CONTEXT(2) 
PARAMETRIC_REPRESENTATION_CONTEXT() REPRESENTATION_CONTEXT('2D SPACE',''
  ) );
#13808 = ORIENTED_EDGE('',*,*,#13809,.T.);
#13809 = EDGE_CURVE('',#13782,#13810,#13812,.T.);
#13810 = VERTEX_POINT('',#13811);
#13811 = CARTESIAN_POINT('',(10.973915512589,-18.,25.148148148148));
#13812 = SURFACE_CURVE('',#13813,(#13818,#13829),.PCURVE_S1.);
#13813 = ELLIPSE('',#13814,8.496249809047,6.);
#13814 = AXIS2_PLACEMENT_3D('',#13815,#13816,#13817);
#13815 = CARTESIAN_POINT('',(10.668742760095,-12.,19.148148148148));
#13816 = DIRECTION('',(1.387778780781E-17,-0.707106781187,
    -0.707106781187));
#13817 = DIRECTION('',(7.174454705214E-02,-0.705284595028,0.705284595028
    ));
#13818 = PCURVE('',#6081,#13819);
#13819 = DEFINITIONAL_REPRESENTATION('',(#13820),#13828);
#13820 = B_SPLINE_CURVE_WITH_KNOTS('',6,(#13821,#13822,#13823,#13824,
    #13825,#13826,#13827),.UNSPECIFIED.,.F.,.F.,(7,7),(5.448994786557,
    6.333938148733),.PIECEWISE_BEZIER_KNOTS.);
#13821 = CARTESIAN_POINT('',(-0.685852964619,17.206222864162));
#13822 = CARTESIAN_POINT('',(-0.833343524981,17.863440907901));
#13823 = CARTESIAN_POINT('',(-0.980834085344,18.415168767511));
#13824 = CARTESIAN_POINT('',(-1.128324645707,18.835681497499));
#13825 = CARTESIAN_POINT('',(-1.275815206069,19.106093650827));
#13826 = CARTESIAN_POINT('',(-1.423305766432,19.217909957339));
#13827 = CARTESIAN_POINT('',(-1.570796326795,19.172899857066));
#13828 = ( GEOMETRIC_REPRESENTATION_CONTEXT(2) 
PARAMETRIC_REPRESENTATION_CONTEXT() REPRESENTATION_CONTEXT('2D SPACE',''
  ) );
#13829 = PCURVE('',#11642,#13830);
#13830 = DEFINITIONAL_REPRESENTATION('',(#13831),#13835);
#13831 = ELLIPSE('',#13832,8.496249809047,6.);
#13832 = AXIS2_PLACEMENT_2D('',#13833,#13834);
#13833 = CARTESIAN_POINT('',(8.485281374239,-132.6385385184));
#13834 = DIRECTION('',(-0.997423039622,7.174454705214E-02));
#13835 = ( GEOMETRIC_REPRESENTATION_CONTEXT(2) 
PARAMETRIC_REPRESENTATION_CONTEXT() REPRESENTATION_CONTEXT('2D SPACE',''
  ) );
#13836 = ORIENTED_EDGE('',*,*,#13837,.T.);
#13837 = EDGE_CURVE('',#13810,#13838,#13840,.T.);
#13838 = VERTEX_POINT('',#13839);
#13839 = CARTESIAN_POINT('',(11.005939813777,-18.,25.777777777778));
#13840 = SURFACE_CURVE('',#13841,(#13845,#13852),.PCURVE_S1.);
#13841 = LINE('',#13842,#13843);
#13842 = CARTESIAN_POINT('',(10.,-18.,6.));
#13843 = VECTOR('',#13844,1.);
#13844 = DIRECTION('',(5.07964637509E-02,2.2E-16,0.998709026329));
#13845 = PCURVE('',#6081,#13846);
#13846 = DEFINITIONAL_REPRESENTATION('',(#13847),#13851);
#13847 = LINE('',#13848,#13849);
#13848 = CARTESIAN_POINT('',(-1.570796326795,0.));
#13849 = VECTOR('',#13850,1.);
#13850 = DIRECTION('',(-0.,1.));
#13851 = ( GEOMETRIC_REPRESENTATION_CONTEXT(2) 
PARAMETRIC_REPRESENTATION_CONTEXT() REPRESENTATION_CONTEXT('2D SPACE',''
  ) );
#13852 = PCURVE('',#11609,#13853);
#13853 = DEFINITIONAL_REPRESENTATION('',(#13854),#13858);
#13854 = LINE('',#13855,#13856);
#13855 = CARTESIAN_POINT('',(-57.35209570731,10.00000000678));
#13856 = VECTOR('',#13857,1.);
#13857 = DIRECTION('',(0.998709026329,5.07964637509E-02));
#13858 = ( GEOMETRIC_REPRESENTATION_CONTEXT(2) 
PARAMETRIC_REPRESENTATION_CONTEXT() REPRESENTATION_CONTEXT('2D SPACE',''
  ) );
#13859 = ORIENTED_EDGE('',*,*,#13860,.T.);
#13860 = EDGE_CURVE('',#13838,#13861,#13863,.T.);
#13861 = VERTEX_POINT('',#13862);
#13862 = CARTESIAN_POINT('',(15.585580892335,-16.,27.777777777778));
#13863 = SURFACE_CURVE('',#13864,(#13869,#13880),.PCURVE_S1.);
#13864 = ELLIPSE('',#13865,8.496249809047,6.);
#13865 = AXIS2_PLACEMENT_3D('',#13866,#13867,#13868);
#13866 = CARTESIAN_POINT('',(11.311112566271,-12.,31.777777777778));
#13867 = DIRECTION('',(6.938893903907E-18,-0.707106781187,0.707106781187
    ));
#13868 = DIRECTION('',(7.174454705214E-02,0.705284595028,0.705284595028)
  );
#13869 = PCURVE('',#6081,#13870);
#13870 = DEFINITIONAL_REPRESENTATION('',(#13871),#13879);
#13871 = B_SPLINE_CURVE_WITH_KNOTS('',6,(#13872,#13873,#13874,#13875,
    #13876,#13877,#13878),.UNSPECIFIED.,.F.,.F.,(7,7),(3.192345495143,
    4.077288857319),.PIECEWISE_BEZIER_KNOTS.);
#13872 = CARTESIAN_POINT('',(-1.570796326795,19.803343372676));
#13873 = CARTESIAN_POINT('',(-1.423305766432,19.848353472948));
#13874 = CARTESIAN_POINT('',(-1.275815206069,20.050189707691));
#13875 = CARTESIAN_POINT('',(-1.128324645707,20.407098668776));
#13876 = CARTESIAN_POINT('',(-0.980834085344,20.907052905696));
#13877 = CARTESIAN_POINT('',(-0.833343524981,21.528123169085));
#13878 = CARTESIAN_POINT('',(-0.685852964619,22.242354006502));
#13879 = ( GEOMETRIC_REPRESENTATION_CONTEXT(2) 
PARAMETRIC_REPRESENTATION_CONTEXT() REPRESENTATION_CONTEXT('2D SPACE',''
  ) );
#13880 = PCURVE('',#11581,#13881);
#13881 = DEFINITIONAL_REPRESENTATION('',(#13882),#13886);
#13882 = ELLIPSE('',#13883,8.496249809047,6.);
#13883 = AXIS2_PLACEMENT_2D('',#13884,#13885);
#13884 = CARTESIAN_POINT('',(-5.656854249493,-131.9961687122));
#13885 = DIRECTION('',(-0.997423039622,7.174454705214E-02));
#13886 = ( GEOMETRIC_REPRESENTATION_CONTEXT(2) 
PARAMETRIC_REPRESENTATION_CONTEXT() REPRESENTATION_CONTEXT('2D SPACE',''
  ) );
#13887 = ORIENTED_EDGE('',*,*,#13888,.T.);
#13888 = EDGE_CURVE('',#13861,#13889,#13891,.T.);
#13889 = VERTEX_POINT('',#13890);
#13890 = CARTESIAN_POINT('',(11.209388315439,-18.,29.777777777778));
#13891 = SURFACE_CURVE('',#13892,(#13897,#13908),.PCURVE_S1.);
#13892 = ELLIPSE('',#13893,8.496249809047,6.);
#13893 = AXIS2_PLACEMENT_3D('',#13894,#13895,#13896);
#13894 = CARTESIAN_POINT('',(10.904215562945,-12.,23.777777777777));
#13895 = DIRECTION('',(1.387778780781E-17,-0.707106781187,
    -0.707106781187));
#13896 = DIRECTION('',(7.174454705214E-02,-0.705284595028,0.705284595028
    ));
#13897 = PCURVE('',#6081,#13898);
#13898 = DEFINITIONAL_REPRESENTATION('',(#13899),#13907);
#13899 = B_SPLINE_CURVE_WITH_KNOTS('',6,(#13900,#13901,#13902,#13903,
    #13904,#13905,#13906),.UNSPECIFIED.,.F.,.F.,(7,7),(5.448994786557,
    6.333938148733),.PIECEWISE_BEZIER_KNOTS.);
#13900 = CARTESIAN_POINT('',(-0.685852964619,21.841836949526));
#13901 = CARTESIAN_POINT('',(-0.833343524981,22.499054993265));
#13902 = CARTESIAN_POINT('',(-0.980834085344,23.050782852875));
#13903 = CARTESIAN_POINT('',(-1.128324645707,23.471295582864));
#13904 = CARTESIAN_POINT('',(-1.275815206069,23.741707736191));
#13905 = CARTESIAN_POINT('',(-1.423305766432,23.853524042703));
#13906 = CARTESIAN_POINT('',(-1.570796326795,23.808513942431));
#13907 = ( GEOMETRIC_REPRESENTATION_CONTEXT(2) 
PARAMETRIC_REPRESENTATION_CONTEXT() REPRESENTATION_CONTEXT('2D SPACE',''
  ) );
#13908 = PCURVE('',#11548,#13909);
#13909 = DEFINITIONAL_REPRESENTATION('',(#13910),#13914);
#13910 = ELLIPSE('',#13911,8.496249809047,6.);
#13911 = AXIS2_PLACEMENT_2D('',#13912,#13913);
#13912 = CARTESIAN_POINT('',(8.485281374239,-132.4030657155));
#13913 = DIRECTION('',(-0.997423039622,7.174454705214E-02));
#13914 = ( GEOMETRIC_REPRESENTATION_CONTEXT(2) 
PARAMETRIC_REPRESENTATION_CONTEXT() REPRESENTATION_CONTEXT('2D SPACE',''
  ) );
#13915 = ORIENTED_EDGE('',*,*,#13916,.T.);
#13916 = EDGE_CURVE('',#13889,#13917,#13919,.T.);
#13917 = VERTEX_POINT('',#13918);
#13918 = CARTESIAN_POINT('',(11.241412616627,-18.,30.407407407407));
#13919 = SURFACE_CURVE('',#13920,(#13924,#13931),.PCURVE_S1.);
#13920 = LINE('',#13921,#13922);
#13921 = CARTESIAN_POINT('',(10.,-18.,6.));
#13922 = VECTOR('',#13923,1.);
#13923 = DIRECTION('',(5.07964637509E-02,2.2E-16,0.998709026329));
#13924 = PCURVE('',#6081,#13925);
#13925 = DEFINITIONAL_REPRESENTATION('',(#13926),#13930);
#13926 = LINE('',#13927,#13928);
#13927 = CARTESIAN_POINT('',(-1.570796326795,0.));
#13928 = VECTOR('',#13929,1.);
#13929 = DIRECTION('',(-0.,1.));
#13930 = ( GEOMETRIC_REPRESENTATION_CONTEXT(2) 
PARAMETRIC_REPRESENTATION_CONTEXT() REPRESENTATION_CONTEXT('2D SPACE',''
  ) );
#13931 = PCURVE('',#11515,#13932);
#13932 = DEFINITIONAL_REPRESENTATION('',(#13933),#13937);
#13933 = LINE('',#13934,#13935);
#13934 = CARTESIAN_POINT('',(-57.35209570731,10.00000000678));
#13935 = VECTOR('',#13936,1.);
#13936 = DIRECTION('',(0.998709026329,5.07964637509E-02));
#13937 = ( GEOMETRIC_REPRESENTATION_CONTEXT(2) 
PARAMETRIC_REPRESENTATION_CONTEXT() REPRESENTATION_CONTEXT('2D SPACE',''
  ) );
#13938 = ORIENTED_EDGE('',*,*,#13939,.T.);
#13939 = EDGE_CURVE('',#13917,#13940,#13942,.T.);
#13940 = VERTEX_POINT('',#13941);
#13941 = CARTESIAN_POINT('',(15.821053695185,-16.,32.407407407407));
#13942 = SURFACE_CURVE('',#13943,(#13948,#13959),.PCURVE_S1.);
#13943 = ELLIPSE('',#13944,8.496249809047,6.);
#13944 = AXIS2_PLACEMENT_3D('',#13945,#13946,#13947);
#13945 = CARTESIAN_POINT('',(11.546585369121,-12.,36.407407407408));
#13946 = DIRECTION('',(6.938893903907E-18,-0.707106781187,0.707106781187
    ));
#13947 = DIRECTION('',(7.174454705214E-02,0.705284595028,0.705284595028)
  );
#13948 = PCURVE('',#6081,#13949);
#13949 = DEFINITIONAL_REPRESENTATION('',(#13950),#13958);
#13950 = B_SPLINE_CURVE_WITH_KNOTS('',6,(#13951,#13952,#13953,#13954,
    #13955,#13956,#13957),.UNSPECIFIED.,.F.,.F.,(7,7),(3.192345495143,
    4.077288857319),.PIECEWISE_BEZIER_KNOTS.);
#13951 = CARTESIAN_POINT('',(-1.570796326795,24.43895745804));
#13952 = CARTESIAN_POINT('',(-1.423305766432,24.483967558313));
#13953 = CARTESIAN_POINT('',(-1.275815206069,24.685803793056));
#13954 = CARTESIAN_POINT('',(-1.128324645707,25.042712754137));
#13955 = CARTESIAN_POINT('',(-0.980834085344,25.542666991061));
#13956 = CARTESIAN_POINT('',(-0.833343524981,26.163737254449));
#13957 = CARTESIAN_POINT('',(-0.685852964619,26.877968091866));
#13958 = ( GEOMETRIC_REPRESENTATION_CONTEXT(2) 
PARAMETRIC_REPRESENTATION_CONTEXT() REPRESENTATION_CONTEXT('2D SPACE',''
  ) );
#13959 = PCURVE('',#11487,#13960);
#13960 = DEFINITIONAL_REPRESENTATION('',(#13961),#13965);
#13961 = ELLIPSE('',#13962,8.496249809047,6.);
#13962 = AXIS2_PLACEMENT_2D('',#13963,#13964);
#13963 = CARTESIAN_POINT('',(-5.656854249493,-131.7606959094));
#13964 = DIRECTION('',(-0.997423039622,7.174454705214E-02));
#13965 = ( GEOMETRIC_REPRESENTATION_CONTEXT(2) 
PARAMETRIC_REPRESENTATION_CONTEXT() REPRESENTATION_CONTEXT('2D SPACE',''
  ) );
#13966 = ORIENTED_EDGE('',*,*,#13967,.T.);
#13967 = EDGE_CURVE('',#13940,#13968,#13970,.T.);
#13968 = VERTEX_POINT('',#13969);
#13969 = CARTESIAN_POINT('',(11.44486111829,-18.,34.407407407408));
#13970 = SURFACE_CURVE('',#13971,(#13976,#13987),.PCURVE_S1.);
#13971 = ELLIPSE('',#13972,8.496249809047,6.);
#13972 = AXIS2_PLACEMENT_3D('',#13973,#13974,#13975);
#13973 = CARTESIAN_POINT('',(11.139688365796,-12.,28.407407407407));
#13974 = DIRECTION('',(1.387778780781E-17,-0.707106781187,
    -0.707106781187));
#13975 = DIRECTION('',(7.174454705214E-02,-0.705284595028,0.705284595028
    ));
#13976 = PCURVE('',#6081,#13977);
#13977 = DEFINITIONAL_REPRESENTATION('',(#13978),#13986);
#13978 = B_SPLINE_CURVE_WITH_KNOTS('',6,(#13979,#13980,#13981,#13982,
    #13983,#13984,#13985),.UNSPECIFIED.,.F.,.F.,(7,7),(5.448994786557,
    6.333938148733),.PIECEWISE_BEZIER_KNOTS.);
#13979 = CARTESIAN_POINT('',(-0.685852964619,26.477451034891));
#13980 = CARTESIAN_POINT('',(-0.833343524981,27.134669078629));
#13981 = CARTESIAN_POINT('',(-0.980834085344,27.68639693824));
#13982 = CARTESIAN_POINT('',(-1.128324645707,28.106909668229));
#13983 = CARTESIAN_POINT('',(-1.275815206069,28.377321821555));
#13984 = CARTESIAN_POINT('',(-1.423305766432,28.489138128068));
#13985 = CARTESIAN_POINT('',(-1.570796326795,28.444128027795));
#13986 = ( GEOMETRIC_REPRESENTATION_CONTEXT(2) 
PARAMETRIC_REPRESENTATION_CONTEXT() REPRESENTATION_CONTEXT('2D SPACE',''
  ) );
#13987 = PCURVE('',#11454,#13988);
#13988 = DEFINITIONAL_REPRESENTATION('',(#13989),#13993);
#13989 = ELLIPSE('',#13990,8.496249809047,6.);
#13990 = AXIS2_PLACEMENT_2D('',#13991,#13992);
#13991 = CARTESIAN_POINT('',(8.485281374239,-132.1675929127));
#13992 = DIRECTION('',(-0.997423039622,7.174454705214E-02));
#13993 = ( GEOMETRIC_REPRESENTATION_CONTEXT(2) 
PARAMETRIC_REPRESENTATION_CONTEXT() REPRESENTATION_CONTEXT('2D SPACE',''
  ) );
#13994 = ORIENTED_EDGE('',*,*,#13995,.T.);
#13995 = EDGE_CURVE('',#13968,#13996,#13998,.T.);
#13996 = VERTEX_POINT('',#13997);
#13997 = CARTESIAN_POINT('',(11.476885419477,-18.,35.037037037037));
#13998 = SURFACE_CURVE('',#13999,(#14003,#14010),.PCURVE_S1.);
#13999 = LINE('',#14000,#14001);
#14000 = CARTESIAN_POINT('',(10.,-18.,6.));
#14001 = VECTOR('',#14002,1.);
#14002 = DIRECTION('',(5.07964637509E-02,2.2E-16,0.998709026329));
#14003 = PCURVE('',#6081,#14004);
#14004 = DEFINITIONAL_REPRESENTATION('',(#14005),#14009);
#14005 = LINE('',#14006,#14007);
#14006 = CARTESIAN_POINT('',(-1.570796326795,0.));
#14007 = VECTOR('',#14008,1.);
#14008 = DIRECTION('',(-0.,1.));
#14009 = ( GEOMETRIC_REPRESENTATION_CONTEXT(2) 
PARAMETRIC_REPRESENTATION_CONTEXT() REPRESENTATION_CONTEXT('2D SPACE',''
  ) );
#14010 = PCURVE('',#11421,#14011);
#14011 = DEFINITIONAL_REPRESENTATION('',(#14012),#14016);
#14012 = LINE('',#14013,#14014);
#14013 = CARTESIAN_POINT('',(-57.35209570731,10.00000000678));
#14014 = VECTOR('',#14015,1.);
#14015 = DIRECTION('',(0.998709026329,5.07964637509E-02));
#14016 = ( GEOMETRIC_REPRESENTATION_CONTEXT(2) 
PARAMETRIC_REPRESENTATION_CONTEXT() REPRESENTATION_CONTEXT('2D SPACE',''
  ) );
#14017 = ORIENTED_EDGE('',*,*,#14018,.T.);
#14018 = EDGE_CURVE('',#13996,#14019,#14021,.T.);
#14019 = VERTEX_POINT('',#14020);
#14020 = CARTESIAN_POINT('',(16.056526498035,-16.,37.037037037037));
#14021 = SURFACE_CURVE('',#14022,(#14027,#14038),.PCURVE_S1.);
#14022 = ELLIPSE('',#14023,8.496249809047,6.);
#14023 = AXIS2_PLACEMENT_3D('',#14024,#14025,#14026);
#14024 = CARTESIAN_POINT('',(11.782058171971,-12.,41.037037037037));
#14025 = DIRECTION('',(6.938893903907E-18,-0.707106781187,0.707106781187
    ));
#14026 = DIRECTION('',(7.174454705214E-02,0.705284595028,0.705284595028)
  );
#14027 = PCURVE('',#6081,#14028);
#14028 = DEFINITIONAL_REPRESENTATION('',(#14029),#14037);
#14029 = B_SPLINE_CURVE_WITH_KNOTS('',6,(#14030,#14031,#14032,#14033,
    #14034,#14035,#14036),.UNSPECIFIED.,.F.,.F.,(7,7),(3.192345495143,
    4.077288857319),.PIECEWISE_BEZIER_KNOTS.);
#14030 = CARTESIAN_POINT('',(-1.570796326795,29.074571543404));
#14031 = CARTESIAN_POINT('',(-1.423305766432,29.119581643677));
#14032 = CARTESIAN_POINT('',(-1.275815206069,29.321417878419));
#14033 = CARTESIAN_POINT('',(-1.128324645707,29.678326839505));
#14034 = CARTESIAN_POINT('',(-0.980834085344,30.178281076423));
#14035 = CARTESIAN_POINT('',(-0.833343524981,30.799351339813));
#14036 = CARTESIAN_POINT('',(-0.685852964619,31.513582177231));
#14037 = ( GEOMETRIC_REPRESENTATION_CONTEXT(2) 
PARAMETRIC_REPRESENTATION_CONTEXT() REPRESENTATION_CONTEXT('2D SPACE',''
  ) );
#14038 = PCURVE('',#11393,#14039);
#14039 = DEFINITIONAL_REPRESENTATION('',(#14040),#14044);
#14040 = ELLIPSE('',#14041,8.496249809047,6.);
#14041 = AXIS2_PLACEMENT_2D('',#14042,#14043);
#14042 = CARTESIAN_POINT('',(-5.656854249493,-131.5252231065));
#14043 = DIRECTION('',(-0.997423039622,7.174454705214E-02));
#14044 = ( GEOMETRIC_REPRESENTATION_CONTEXT(2) 
PARAMETRIC_REPRESENTATION_CONTEXT() REPRESENTATION_CONTEXT('2D SPACE',''
  ) );
#14045 = ORIENTED_EDGE('',*,*,#14046,.T.);
#14046 = EDGE_CURVE('',#14019,#14047,#14049,.T.);
#14047 = VERTEX_POINT('',#14048);
#14048 = CARTESIAN_POINT('',(11.68033392114,-18.,39.037037037037));
#14049 = SURFACE_CURVE('',#14050,(#14055,#14066),.PCURVE_S1.);
#14050 = ELLIPSE('',#14051,8.496249809047,6.);
#14051 = AXIS2_PLACEMENT_3D('',#14052,#14053,#14054);
#14052 = CARTESIAN_POINT('',(11.375161168646,-12.,33.037037037037));
#14053 = DIRECTION('',(1.387778780781E-17,-0.707106781187,
    -0.707106781187));
#14054 = DIRECTION('',(7.174454705214E-02,-0.705284595028,0.705284595028
    ));
#14055 = PCURVE('',#6081,#14056);
#14056 = DEFINITIONAL_REPRESENTATION('',(#14057),#14065);
#14057 = B_SPLINE_CURVE_WITH_KNOTS('',6,(#14058,#14059,#14060,#14061,
    #14062,#14063,#14064),.UNSPECIFIED.,.F.,.F.,(7,7),(5.448994786557,
    6.333938148733),.PIECEWISE_BEZIER_KNOTS.);
#14058 = CARTESIAN_POINT('',(-0.685852964619,31.113065120255));
#14059 = CARTESIAN_POINT('',(-0.833343524981,31.770283163993));
#14060 = CARTESIAN_POINT('',(-0.980834085344,32.322011023604));
#14061 = CARTESIAN_POINT('',(-1.128324645707,32.742523753592));
#14062 = CARTESIAN_POINT('',(-1.275815206069,33.012935906919));
#14063 = CARTESIAN_POINT('',(-1.423305766432,33.124752213432));
#14064 = CARTESIAN_POINT('',(-1.570796326795,33.079742113159));
#14065 = ( GEOMETRIC_REPRESENTATION_CONTEXT(2) 
PARAMETRIC_REPRESENTATION_CONTEXT() REPRESENTATION_CONTEXT('2D SPACE',''
  ) );
#14066 = PCURVE('',#11360,#14067);
#14067 = DEFINITIONAL_REPRESENTATION('',(#14068),#14072);
#14068 = ELLIPSE('',#14069,8.496249809047,6.);
#14069 = AXIS2_PLACEMENT_2D('',#14070,#14071);
#14070 = CARTESIAN_POINT('',(8.485281374239,-131.9321201098));
#14071 = DIRECTION('',(-0.997423039622,7.174454705214E-02));
#14072 = ( GEOMETRIC_REPRESENTATION_CONTEXT(2) 
PARAMETRIC_REPRESENTATION_CONTEXT() REPRESENTATION_CONTEXT('2D SPACE',''
  ) );
#14073 = ORIENTED_EDGE('',*,*,#14074,.T.);
#14074 = EDGE_CURVE('',#14047,#14075,#14077,.T.);
#14075 = VERTEX_POINT('',#14076);
#14076 = CARTESIAN_POINT('',(11.712358222328,-18.,39.666666666667));
#14077 = SURFACE_CURVE('',#14078,(#14082,#14089),.PCURVE_S1.);
#14078 = LINE('',#14079,#14080);
#14079 = CARTESIAN_POINT('',(10.,-18.,6.));
#14080 = VECTOR('',#14081,1.);
#14081 = DIRECTION('',(5.07964637509E-02,2.2E-16,0.998709026329));
#14082 = PCURVE('',#6081,#14083);
#14083 = DEFINITIONAL_REPRESENTATION('',(#14084),#14088);
#14084 = LINE('',#14085,#14086);
#14085 = CARTESIAN_POINT('',(-1.570796326795,0.));
#14086 = VECTOR('',#14087,1.);
#14087 = DIRECTION('',(-0.,1.));
#14088 = ( GEOMETRIC_REPRESENTATION_CONTEXT(2) 
PARAMETRIC_REPRESENTATION_CONTEXT() REPRESENTATION_CONTEXT('2D SPACE',''
  ) );
#14089 = PCURVE('',#11327,#14090);
#14090 = DEFINITIONAL_REPRESENTATION('',(#14091),#14095);
#14091 = LINE('',#14092,#14093);
#14092 = CARTESIAN_POINT('',(-57.35209570731,10.00000000678));
#14093 = VECTOR('',#14094,1.);
#14094 = DIRECTION('',(0.998709026329,5.07964637509E-02));
#14095 = ( GEOMETRIC_REPRESENTATION_CONTEXT(2) 
PARAMETRIC_REPRESENTATION_CONTEXT() REPRESENTATION_CONTEXT('2D SPACE',''
  ) );
#14096 = ORIENTED_EDGE('',*,*,#14097,.T.);
#14097 = EDGE_CURVE('',#14075,#14098,#14100,.T.);
#14098 = VERTEX_POINT('',#14099);
#14099 = CARTESIAN_POINT('',(16.291999300886,-16.,41.666666666667));
#14100 = SURFACE_CURVE('',#14101,(#14106,#14117),.PCURVE_S1.);
#14101 = ELLIPSE('',#14102,8.496249809047,6.);
#14102 = AXIS2_PLACEMENT_3D('',#14103,#14104,#14105);
#14103 = CARTESIAN_POINT('',(12.017530974822,-12.,45.666666666667));
#14104 = DIRECTION('',(6.938893903907E-18,-0.707106781187,0.707106781187
    ));
#14105 = DIRECTION('',(7.174454705214E-02,0.705284595028,0.705284595028)
  );
#14106 = PCURVE('',#6081,#14107);
#14107 = DEFINITIONAL_REPRESENTATION('',(#14108),#14116);
#14108 = B_SPLINE_CURVE_WITH_KNOTS('',6,(#14109,#14110,#14111,#14112,
    #14113,#14114,#14115),.UNSPECIFIED.,.F.,.F.,(7,7),(3.192345495143,
    4.077288857319),.PIECEWISE_BEZIER_KNOTS.);
#14109 = CARTESIAN_POINT('',(-1.570796326795,33.710185628768));
#14110 = CARTESIAN_POINT('',(-1.423305766432,33.755195729041));
#14111 = CARTESIAN_POINT('',(-1.275815206069,33.957031963783));
#14112 = CARTESIAN_POINT('',(-1.128324645707,34.31394092487));
#14113 = CARTESIAN_POINT('',(-0.980834085344,34.813895161788));
#14114 = CARTESIAN_POINT('',(-0.833343524981,35.434965425177));
#14115 = CARTESIAN_POINT('',(-0.685852964619,36.149196262595));
#14116 = ( GEOMETRIC_REPRESENTATION_CONTEXT(2) 
PARAMETRIC_REPRESENTATION_CONTEXT() REPRESENTATION_CONTEXT('2D SPACE',''
  ) );
#14117 = PCURVE('',#11299,#14118);
#14118 = DEFINITIONAL_REPRESENTATION('',(#14119),#14123);
#14119 = ELLIPSE('',#14120,8.496249809047,6.);
#14120 = AXIS2_PLACEMENT_2D('',#14121,#14122);
#14121 = CARTESIAN_POINT('',(-5.656854249493,-131.2897503037));
#14122 = DIRECTION('',(-0.997423039622,7.174454705214E-02));
#14123 = ( GEOMETRIC_REPRESENTATION_CONTEXT(2) 
PARAMETRIC_REPRESENTATION_CONTEXT() REPRESENTATION_CONTEXT('2D SPACE',''
  ) );
#14124 = ORIENTED_EDGE('',*,*,#14125,.T.);
#14125 = EDGE_CURVE('',#14098,#14126,#14128,.T.);
#14126 = VERTEX_POINT('',#14127);
#14127 = CARTESIAN_POINT('',(11.91580672399,-18.,43.666666666667));
#14128 = SURFACE_CURVE('',#14129,(#14134,#14145),.PCURVE_S1.);
#14129 = ELLIPSE('',#14130,8.496249809047,6.);
#14130 = AXIS2_PLACEMENT_3D('',#14131,#14132,#14133);
#14131 = CARTESIAN_POINT('',(11.610633971496,-12.,37.666666666666));
#14132 = DIRECTION('',(1.387778780781E-17,-0.707106781187,
    -0.707106781187));
#14133 = DIRECTION('',(7.174454705214E-02,-0.705284595028,0.705284595028
    ));
#14134 = PCURVE('',#6081,#14135);
#14135 = DEFINITIONAL_REPRESENTATION('',(#14136),#14144);
#14136 = B_SPLINE_CURVE_WITH_KNOTS('',6,(#14137,#14138,#14139,#14140,
    #14141,#14142,#14143),.UNSPECIFIED.,.F.,.F.,(7,7),(5.448994786557,
    6.333938148733),.PIECEWISE_BEZIER_KNOTS.);
#14137 = CARTESIAN_POINT('',(-0.685852964619,35.748679205619));
#14138 = CARTESIAN_POINT('',(-0.833343524981,36.405897249358));
#14139 = CARTESIAN_POINT('',(-0.980834085344,36.957625108969));
#14140 = CARTESIAN_POINT('',(-1.128324645707,37.378137838954));
#14141 = CARTESIAN_POINT('',(-1.275815206069,37.648549992285));
#14142 = CARTESIAN_POINT('',(-1.423305766432,37.760366298796));
#14143 = CARTESIAN_POINT('',(-1.570796326795,37.715356198523));
#14144 = ( GEOMETRIC_REPRESENTATION_CONTEXT(2) 
PARAMETRIC_REPRESENTATION_CONTEXT() REPRESENTATION_CONTEXT('2D SPACE',''
  ) );
#14145 = PCURVE('',#11266,#14146);
#14146 = DEFINITIONAL_REPRESENTATION('',(#14147),#14151);
#14147 = ELLIPSE('',#14148,8.496249809047,6.);
#14148 = AXIS2_PLACEMENT_2D('',#14149,#14150);
#14149 = CARTESIAN_POINT('',(8.485281374239,-131.696647307));
#14150 = DIRECTION('',(-0.997423039622,7.174454705214E-02));
#14151 = ( GEOMETRIC_REPRESENTATION_CONTEXT(2) 
PARAMETRIC_REPRESENTATION_CONTEXT() REPRESENTATION_CONTEXT('2D SPACE',''
  ) );
#14152 = ORIENTED_EDGE('',*,*,#14153,.T.);
#14153 = EDGE_CURVE('',#14126,#14154,#14156,.T.);
#14154 = VERTEX_POINT('',#14155);
#14155 = CARTESIAN_POINT('',(11.947831025178,-18.,44.296296296296));
#14156 = SURFACE_CURVE('',#14157,(#14161,#14168),.PCURVE_S1.);
#14157 = LINE('',#14158,#14159);
#14158 = CARTESIAN_POINT('',(10.,-18.,6.));
#14159 = VECTOR('',#14160,1.);
#14160 = DIRECTION('',(5.07964637509E-02,2.2E-16,0.998709026329));
#14161 = PCURVE('',#6081,#14162);
#14162 = DEFINITIONAL_REPRESENTATION('',(#14163),#14167);
#14163 = LINE('',#14164,#14165);
#14164 = CARTESIAN_POINT('',(-1.570796326795,0.));
#14165 = VECTOR('',#14166,1.);
#14166 = DIRECTION('',(-0.,1.));
#14167 = ( GEOMETRIC_REPRESENTATION_CONTEXT(2) 
PARAMETRIC_REPRESENTATION_CONTEXT() REPRESENTATION_CONTEXT('2D SPACE',''
  ) );
#14168 = PCURVE('',#11233,#14169);
#14169 = DEFINITIONAL_REPRESENTATION('',(#14170),#14174);
#14170 = LINE('',#14171,#14172);
#14171 = CARTESIAN_POINT('',(-57.35209570731,10.00000000678));
#14172 = VECTOR('',#14173,1.);
#14173 = DIRECTION('',(0.998709026329,5.07964637509E-02));
#14174 = ( GEOMETRIC_REPRESENTATION_CONTEXT(2) 
PARAMETRIC_REPRESENTATION_CONTEXT() REPRESENTATION_CONTEXT('2D SPACE',''
  ) );
#14175 = ORIENTED_EDGE('',*,*,#14176,.T.);
#14176 = EDGE_CURVE('',#14154,#14177,#14179,.T.);
#14177 = VERTEX_POINT('',#14178);
#14178 = CARTESIAN_POINT('',(16.527472103736,-16.,46.296296296296));
#14179 = SURFACE_CURVE('',#14180,(#14185,#14196),.PCURVE_S1.);
#14180 = ELLIPSE('',#14181,8.496249809047,6.);
#14181 = AXIS2_PLACEMENT_3D('',#14182,#14183,#14184);
#14182 = CARTESIAN_POINT('',(12.253003777672,-12.,50.296296296297));
#14183 = DIRECTION('',(6.938893903907E-18,-0.707106781187,0.707106781187
    ));
#14184 = DIRECTION('',(7.174454705214E-02,0.705284595028,0.705284595028)
  );
#14185 = PCURVE('',#6081,#14186);
#14186 = DEFINITIONAL_REPRESENTATION('',(#14187),#14195);
#14187 = B_SPLINE_CURVE_WITH_KNOTS('',6,(#14188,#14189,#14190,#14191,
    #14192,#14193,#14194),.UNSPECIFIED.,.F.,.F.,(7,7),(3.192345495143,
    4.077288857319),.PIECEWISE_BEZIER_KNOTS.);
#14188 = CARTESIAN_POINT('',(-1.570796326795,38.345799714132));
#14189 = CARTESIAN_POINT('',(-1.423305766432,38.390809814405));
#14190 = CARTESIAN_POINT('',(-1.27581520607,38.592646049148));
#14191 = CARTESIAN_POINT('',(-1.128324645707,38.94955501023));
#14192 = CARTESIAN_POINT('',(-0.980834085344,39.449509247153));
#14193 = CARTESIAN_POINT('',(-0.833343524981,40.070579510541));
#14194 = CARTESIAN_POINT('',(-0.685852964619,40.784810347959));
#14195 = ( GEOMETRIC_REPRESENTATION_CONTEXT(2) 
PARAMETRIC_REPRESENTATION_CONTEXT() REPRESENTATION_CONTEXT('2D SPACE',''
  ) );
#14196 = PCURVE('',#11205,#14197);
#14197 = DEFINITIONAL_REPRESENTATION('',(#14198),#14202);
#14198 = ELLIPSE('',#14199,8.496249809047,6.);
#14199 = AXIS2_PLACEMENT_2D('',#14200,#14201);
#14200 = CARTESIAN_POINT('',(-5.656854249493,-131.0542775008));
#14201 = DIRECTION('',(-0.997423039622,7.174454705214E-02));
#14202 = ( GEOMETRIC_REPRESENTATION_CONTEXT(2) 
PARAMETRIC_REPRESENTATION_CONTEXT() REPRESENTATION_CONTEXT('2D SPACE',''
  ) );
#14203 = ORIENTED_EDGE('',*,*,#14204,.T.);
#14204 = EDGE_CURVE('',#14177,#14205,#14207,.T.);
#14205 = VERTEX_POINT('',#14206);
#14206 = CARTESIAN_POINT('',(12.151279526841,-18.,48.296296296296));
#14207 = SURFACE_CURVE('',#14208,(#14213,#14224),.PCURVE_S1.);
#14208 = ELLIPSE('',#14209,8.496249809047,6.);
#14209 = AXIS2_PLACEMENT_3D('',#14210,#14211,#14212);
#14210 = CARTESIAN_POINT('',(11.846106774347,-12.,42.296296296296));
#14211 = DIRECTION('',(1.387778780781E-17,-0.707106781187,
    -0.707106781187));
#14212 = DIRECTION('',(7.174454705214E-02,-0.705284595028,0.705284595028
    ));
#14213 = PCURVE('',#6081,#14214);
#14214 = DEFINITIONAL_REPRESENTATION('',(#14215),#14223);
#14215 = B_SPLINE_CURVE_WITH_KNOTS('',6,(#14216,#14217,#14218,#14219,
    #14220,#14221,#14222),.UNSPECIFIED.,.F.,.F.,(7,7),(5.448994786557,
    6.333938148733),.PIECEWISE_BEZIER_KNOTS.);
#14216 = CARTESIAN_POINT('',(-0.685852964619,40.384293290983));
#14217 = CARTESIAN_POINT('',(-0.833343524981,41.041511334722));
#14218 = CARTESIAN_POINT('',(-0.980834085344,41.593239194333));
#14219 = CARTESIAN_POINT('',(-1.128324645707,42.013751924318));
#14220 = CARTESIAN_POINT('',(-1.275815206069,42.284164077649));
#14221 = CARTESIAN_POINT('',(-1.423305766432,42.39598038416));
#14222 = CARTESIAN_POINT('',(-1.570796326795,42.350970283887));
#14223 = ( GEOMETRIC_REPRESENTATION_CONTEXT(2) 
PARAMETRIC_REPRESENTATION_CONTEXT() REPRESENTATION_CONTEXT('2D SPACE',''
  ) );
#14224 = PCURVE('',#11172,#14225);
#14225 = DEFINITIONAL_REPRESENTATION('',(#14226),#14230);
#14226 = ELLIPSE('',#14227,8.496249809047,6.);
#14227 = AXIS2_PLACEMENT_2D('',#14228,#14229);
#14228 = CARTESIAN_POINT('',(8.485281374239,-131.4611745041));
#14229 = DIRECTION('',(-0.997423039622,7.174454705214E-02));
#14230 = ( GEOMETRIC_REPRESENTATION_CONTEXT(2) 
PARAMETRIC_REPRESENTATION_CONTEXT() REPRESENTATION_CONTEXT('2D SPACE',''
  ) );
#14231 = ORIENTED_EDGE('',*,*,#14232,.T.);
#14232 = EDGE_CURVE('',#14205,#14233,#14235,.T.);
#14233 = VERTEX_POINT('',#14234);
#14234 = CARTESIAN_POINT('',(12.183303828028,-18.,48.925925925926));
#14235 = SURFACE_CURVE('',#14236,(#14240,#14247),.PCURVE_S1.);
#14236 = LINE('',#14237,#14238);
#14237 = CARTESIAN_POINT('',(10.,-18.,6.));
#14238 = VECTOR('',#14239,1.);
#14239 = DIRECTION('',(5.07964637509E-02,2.2E-16,0.998709026329));
#14240 = PCURVE('',#6081,#14241);
#14241 = DEFINITIONAL_REPRESENTATION('',(#14242),#14246);
#14242 = LINE('',#14243,#14244);
#14243 = CARTESIAN_POINT('',(-1.570796326795,0.));
#14244 = VECTOR('',#14245,1.);
#14245 = DIRECTION('',(-0.,1.));
#14246 = ( GEOMETRIC_REPRESENTATION_CONTEXT(2) 
PARAMETRIC_REPRESENTATION_CONTEXT() REPRESENTATION_CONTEXT('2D SPACE',''
  ) );
#14247 = PCURVE('',#11139,#14248);
#14248 = DEFINITIONAL_REPRESENTATION('',(#14249),#14253);
#14249 = LINE('',#14250,#14251);
#14250 = CARTESIAN_POINT('',(-57.35209570731,10.00000000678));
#14251 = VECTOR('',#14252,1.);
#14252 = DIRECTION('',(0.998709026329,5.07964637509E-02));
#14253 = ( GEOMETRIC_REPRESENTATION_CONTEXT(2) 
PARAMETRIC_REPRESENTATION_CONTEXT() REPRESENTATION_CONTEXT('2D SPACE',''
  ) );
#14254 = ORIENTED_EDGE('',*,*,#14255,.T.);
#14255 = EDGE_CURVE('',#14233,#14256,#14258,.T.);
#14256 = VERTEX_POINT('',#14257);
#14257 = CARTESIAN_POINT('',(16.762944906586,-16.,50.925925925926));
#14258 = SURFACE_CURVE('',#14259,(#14264,#14275),.PCURVE_S1.);
#14259 = ELLIPSE('',#14260,8.496249809047,6.);
#14260 = AXIS2_PLACEMENT_3D('',#14261,#14262,#14263);
#14261 = CARTESIAN_POINT('',(12.488476580522,-12.,54.925925925926));
#14262 = DIRECTION('',(6.938893903907E-18,-0.707106781187,0.707106781187
    ));
#14263 = DIRECTION('',(7.174454705214E-02,0.705284595028,0.705284595028)
  );
#14264 = PCURVE('',#6081,#14265);
#14265 = DEFINITIONAL_REPRESENTATION('',(#14266),#14274);
#14266 = B_SPLINE_CURVE_WITH_KNOTS('',6,(#14267,#14268,#14269,#14270,
    #14271,#14272,#14273),.UNSPECIFIED.,.F.,.F.,(7,7),(3.192345495143,
    4.077288857319),.PIECEWISE_BEZIER_KNOTS.);
#14267 = CARTESIAN_POINT('',(-1.570796326795,42.981413799497));
#14268 = CARTESIAN_POINT('',(-1.423305766432,43.026423899769));
#14269 = CARTESIAN_POINT('',(-1.275815206069,43.228260134511));
#14270 = CARTESIAN_POINT('',(-1.128324645707,43.585169095598));
#14271 = CARTESIAN_POINT('',(-0.980834085344,44.085123332516));
#14272 = CARTESIAN_POINT('',(-0.833343524981,44.706193595906));
#14273 = CARTESIAN_POINT('',(-0.685852964619,45.420424433323));
#14274 = ( GEOMETRIC_REPRESENTATION_CONTEXT(2) 
PARAMETRIC_REPRESENTATION_CONTEXT() REPRESENTATION_CONTEXT('2D SPACE',''
  ) );
#14275 = PCURVE('',#11111,#14276);
#14276 = DEFINITIONAL_REPRESENTATION('',(#14277),#14281);
#14277 = ELLIPSE('',#14278,8.496249809047,6.);
#14278 = AXIS2_PLACEMENT_2D('',#14279,#14280);
#14279 = CARTESIAN_POINT('',(-5.656854249493,-130.818804698));
#14280 = DIRECTION('',(-0.997423039622,7.174454705214E-02));
#14281 = ( GEOMETRIC_REPRESENTATION_CONTEXT(2) 
PARAMETRIC_REPRESENTATION_CONTEXT() REPRESENTATION_CONTEXT('2D SPACE',''
  ) );
#14282 = ORIENTED_EDGE('',*,*,#14283,.T.);
#14283 = EDGE_CURVE('',#14256,#14284,#14286,.T.);
#14284 = VERTEX_POINT('',#14285);
#14285 = CARTESIAN_POINT('',(12.386752329691,-18.,52.925925925926));
#14286 = SURFACE_CURVE('',#14287,(#14292,#14303),.PCURVE_S1.);
#14287 = ELLIPSE('',#14288,8.496249809047,6.);
#14288 = AXIS2_PLACEMENT_3D('',#14289,#14290,#14291);
#14289 = CARTESIAN_POINT('',(12.081579577197,-12.,46.925925925926));
#14290 = DIRECTION('',(1.387778780781E-17,-0.707106781187,
    -0.707106781187));
#14291 = DIRECTION('',(7.174454705214E-02,-0.705284595028,0.705284595028
    ));
#14292 = PCURVE('',#6081,#14293);
#14293 = DEFINITIONAL_REPRESENTATION('',(#14294),#14302);
#14294 = B_SPLINE_CURVE_WITH_KNOTS('',6,(#14295,#14296,#14297,#14298,
    #14299,#14300,#14301),.UNSPECIFIED.,.F.,.F.,(7,7),(5.448994786557,
    6.333938148733),.PIECEWISE_BEZIER_KNOTS.);
#14295 = CARTESIAN_POINT('',(-0.685852964619,45.019907376348));
#14296 = CARTESIAN_POINT('',(-0.833343524981,45.677125420086));
#14297 = CARTESIAN_POINT('',(-0.980834085344,46.228853279697));
#14298 = CARTESIAN_POINT('',(-1.128324645707,46.649366009684));
#14299 = CARTESIAN_POINT('',(-1.27581520607,46.919778163013));
#14300 = CARTESIAN_POINT('',(-1.423305766432,47.031594469524));
#14301 = CARTESIAN_POINT('',(-1.570796326795,46.986584369251));
#14302 = ( GEOMETRIC_REPRESENTATION_CONTEXT(2) 
PARAMETRIC_REPRESENTATION_CONTEXT() REPRESENTATION_CONTEXT('2D SPACE',''
  ) );
#14303 = PCURVE('',#11078,#14304);
#14304 = DEFINITIONAL_REPRESENTATION('',(#14305),#14309);
#14305 = ELLIPSE('',#14306,8.496249809047,6.);
#14306 = AXIS2_PLACEMENT_2D('',#14307,#14308);
#14307 = CARTESIAN_POINT('',(8.485281374239,-131.2257017013));
#14308 = DIRECTION('',(-0.997423039622,7.174454705214E-02));
#14309 = ( GEOMETRIC_REPRESENTATION_CONTEXT(2) 
PARAMETRIC_REPRESENTATION_CONTEXT() REPRESENTATION_CONTEXT('2D SPACE',''
  ) );
#14310 = ORIENTED_EDGE('',*,*,#14311,.T.);
#14311 = EDGE_CURVE('',#14284,#14312,#14314,.T.);
#14312 = VERTEX_POINT('',#14313);
#14313 = CARTESIAN_POINT('',(12.418776630879,-18.,53.555555555555));
#14314 = SURFACE_CURVE('',#14315,(#14319,#14326),.PCURVE_S1.);
#14315 = LINE('',#14316,#14317);
#14316 = CARTESIAN_POINT('',(10.,-18.,6.));
#14317 = VECTOR('',#14318,1.);
#14318 = DIRECTION('',(5.07964637509E-02,2.2E-16,0.998709026329));
#14319 = PCURVE('',#6081,#14320);
#14320 = DEFINITIONAL_REPRESENTATION('',(#14321),#14325);
#14321 = LINE('',#14322,#14323);
#14322 = CARTESIAN_POINT('',(-1.570796326795,0.));
#14323 = VECTOR('',#14324,1.);
#14324 = DIRECTION('',(-0.,1.));
#14325 = ( GEOMETRIC_REPRESENTATION_CONTEXT(2) 
PARAMETRIC_REPRESENTATION_CONTEXT() REPRESENTATION_CONTEXT('2D SPACE',''
  ) );
#14326 = PCURVE('',#11045,#14327);
#14327 = DEFINITIONAL_REPRESENTATION('',(#14328),#14332);
#14328 = LINE('',#14329,#14330);
#14329 = CARTESIAN_POINT('',(-57.35209570731,10.00000000678));
#14330 = VECTOR('',#14331,1.);
#14331 = DIRECTION('',(0.998709026329,5.07964637509E-02));
#14332 = ( GEOMETRIC_REPRESENTATION_CONTEXT(2) 
PARAMETRIC_REPRESENTATION_CONTEXT() REPRESENTATION_CONTEXT('2D SPACE',''
  ) );
#14333 = ORIENTED_EDGE('',*,*,#14334,.T.);
#14334 = EDGE_CURVE('',#14312,#6530,#14335,.T.);
#14335 = SURFACE_CURVE('',#14336,(#14341,#14352),.PCURVE_S1.);
#14336 = ELLIPSE('',#14337,8.496249809047,6.);
#14337 = AXIS2_PLACEMENT_3D('',#14338,#14339,#14340);
#14338 = CARTESIAN_POINT('',(12.723949383373,-12.,59.555555555556));
#14339 = DIRECTION('',(6.938893903907E-18,-0.707106781187,0.707106781187
    ));
#14340 = DIRECTION('',(7.174454705214E-02,0.705284595028,0.705284595028)
  );
#14341 = PCURVE('',#6081,#14342);
#14342 = DEFINITIONAL_REPRESENTATION('',(#14343),#14351);
#14343 = B_SPLINE_CURVE_WITH_KNOTS('',6,(#14344,#14345,#14346,#14347,
    #14348,#14349,#14350),.UNSPECIFIED.,.F.,.F.,(7,7),(3.192345495143,
    3.926510920625),.PIECEWISE_BEZIER_KNOTS.);
#14344 = CARTESIAN_POINT('',(-1.570796326795,47.617027884861));
#14345 = CARTESIAN_POINT('',(-1.448435422548,47.654369098807));
#14346 = CARTESIAN_POINT('',(-1.326074518301,47.799649137085));
#14347 = CARTESIAN_POINT('',(-1.203713614054,48.051863752266));
#14348 = CARTESIAN_POINT('',(-1.081352709807,48.405151272577));
#14349 = CARTESIAN_POINT('',(-0.95899180556,48.848916130666));
#14350 = CARTESIAN_POINT('',(-0.836630901313,49.369140890155));
#14351 = ( GEOMETRIC_REPRESENTATION_CONTEXT(2) 
PARAMETRIC_REPRESENTATION_CONTEXT() REPRESENTATION_CONTEXT('2D SPACE',''
  ) );
#14352 = PCURVE('',#6572,#14353);
#14353 = DEFINITIONAL_REPRESENTATION('',(#14354),#14358);
#14354 = ELLIPSE('',#14355,8.496249809047,6.);
#14355 = AXIS2_PLACEMENT_2D('',#14356,#14357);
#14356 = CARTESIAN_POINT('',(-5.656854249493,-130.5833318951));
#14357 = DIRECTION('',(-0.997423039622,7.174454705214E-02));
#14358 = ( GEOMETRIC_REPRESENTATION_CONTEXT(2) 
PARAMETRIC_REPRESENTATION_CONTEXT() REPRESENTATION_CONTEXT('2D SPACE',''
  ) );
#14359 = ORIENTED_EDGE('',*,*,#6529,.F.);
#14360 = ADVANCED_FACE('',(#14361),#6138,.T.);
#14361 = FACE_BOUND('',#14362,.T.);
#14362 = EDGE_LOOP('',(#14363,#14364,#14365,#14387));
#14363 = ORIENTED_EDGE('',*,*,#6117,.T.);
#14364 = ORIENTED_EDGE('',*,*,#6258,.T.);
#14365 = ORIENTED_EDGE('',*,*,#14366,.F.);
#14366 = EDGE_CURVE('',#6471,#6236,#14367,.T.);
#14367 = SURFACE_CURVE('',#14368,(#14373,#14380),.PCURVE_S1.);
#14368 = CIRCLE('',#14369,2.);
#14369 = AXIS2_PLACEMENT_3D('',#14370,#14371,#14372);
#14370 = CARTESIAN_POINT('',(25.968133329479,-9.,51.089237171036));
#14371 = DIRECTION('',(0.642787609686,1.7E-16,0.766044443119));
#14372 = DIRECTION('',(1.098120394726E-16,-1.,1.297759973662E-16));
#14373 = PCURVE('',#6138,#14374);
#14374 = DEFINITIONAL_REPRESENTATION('',(#14375),#14379);
#14375 = LINE('',#14376,#14377);
#14376 = CARTESIAN_POINT('',(0.,15.343054046063));
#14377 = VECTOR('',#14378,1.);
#14378 = DIRECTION('',(1.,0.));
#14379 = ( GEOMETRIC_REPRESENTATION_CONTEXT(2) 
PARAMETRIC_REPRESENTATION_CONTEXT() REPRESENTATION_CONTEXT('2D SPACE',''
  ) );
#14380 = PCURVE('',#6378,#14381);
#14381 = DEFINITIONAL_REPRESENTATION('',(#14382),#14386);
#14382 = LINE('',#14383,#14384);
#14383 = CARTESIAN_POINT('',(-0.,4.712388980385));
#14384 = VECTOR('',#14385,1.);
#14385 = DIRECTION('',(-0.,1.));
#14386 = ( GEOMETRIC_REPRESENTATION_CONTEXT(2) 
PARAMETRIC_REPRESENTATION_CONTEXT() REPRESENTATION_CONTEXT('2D SPACE',''
  ) );
#14387 = ORIENTED_EDGE('',*,*,#6498,.F.);
#14388 = ADVANCED_FACE('',(#14389),#6216,.T.);
#14389 = FACE_BOUND('',#14390,.F.);
#14390 = EDGE_LOOP('',(#14391,#14413,#14414,#14415));
#14391 = ORIENTED_EDGE('',*,*,#14392,.F.);
#14392 = EDGE_CURVE('',#6420,#6179,#14393,.T.);
#14393 = SURFACE_CURVE('',#14394,(#14399,#14406),.PCURVE_S1.);
#14394 = CIRCLE('',#14395,2.);
#14395 = AXIS2_PLACEMENT_3D('',#14396,#14397,#14398);
#14396 = CARTESIAN_POINT('',(26.67,-9.,65.8876));
#14397 = DIRECTION('',(-0.,2.2E-16,1.));
#14398 = DIRECTION('',(0.,-1.,2.2E-16));
#14399 = PCURVE('',#6216,#14400);
#14400 = DEFINITIONAL_REPRESENTATION('',(#14401),#14405);
#14401 = LINE('',#14402,#14403);
#14402 = CARTESIAN_POINT('',(8.9E-16,4.712388980385));
#14403 = VECTOR('',#14404,1.);
#14404 = DIRECTION('',(-0.,1.));
#14405 = ( GEOMETRIC_REPRESENTATION_CONTEXT(2) 
PARAMETRIC_REPRESENTATION_CONTEXT() REPRESENTATION_CONTEXT('2D SPACE',''
  ) );
#14406 = PCURVE('',#6321,#14407);
#14407 = DEFINITIONAL_REPRESENTATION('',(#14408),#14412);
#14408 = LINE('',#14409,#14410);
#14409 = CARTESIAN_POINT('',(0.,12.87));
#14410 = VECTOR('',#14411,1.);
#14411 = DIRECTION('',(1.,0.));
#14412 = ( GEOMETRIC_REPRESENTATION_CONTEXT(2) 
PARAMETRIC_REPRESENTATION_CONTEXT() REPRESENTATION_CONTEXT('2D SPACE',''
  ) );
#14413 = ORIENTED_EDGE('',*,*,#6419,.T.);
#14414 = ORIENTED_EDGE('',*,*,#13216,.T.);
#14415 = ORIENTED_EDGE('',*,*,#6201,.F.);
#14416 = ADVANCED_FACE('',(#14417),#6321,.T.);
#14417 = FACE_BOUND('',#14418,.T.);
#14418 = EDGE_LOOP('',(#14419,#14441,#14442,#14443));
#14419 = ORIENTED_EDGE('',*,*,#14420,.T.);
#14420 = EDGE_CURVE('',#6448,#6283,#14421,.T.);
#14421 = SURFACE_CURVE('',#14422,(#14427,#14434),.PCURVE_S1.);
#14422 = CIRCLE('',#14423,2.);
#14423 = AXIS2_PLACEMENT_3D('',#14424,#14425,#14426);
#14424 = CARTESIAN_POINT('',(26.67,-9.,53.0176));
#14425 = DIRECTION('',(-1.7E-16,0.,1.));
#14426 = DIRECTION('',(1.,0.,1.7E-16));
#14427 = PCURVE('',#6321,#14428);
#14428 = DEFINITIONAL_REPRESENTATION('',(#14429),#14433);
#14429 = LINE('',#14430,#14431);
#14430 = CARTESIAN_POINT('',(-4.712388980385,-3.11E-15));
#14431 = VECTOR('',#14432,1.);
#14432 = DIRECTION('',(1.,0.));
#14433 = ( GEOMETRIC_REPRESENTATION_CONTEXT(2) 
PARAMETRIC_REPRESENTATION_CONTEXT() REPRESENTATION_CONTEXT('2D SPACE',''
  ) );
#14434 = PCURVE('',#6378,#14435);
#14435 = DEFINITIONAL_REPRESENTATION('',(#14436),#14440);
#14436 = LINE('',#14437,#14438);
#14437 = CARTESIAN_POINT('',(-0.698131700767,0.));
#14438 = VECTOR('',#14439,1.);
#14439 = DIRECTION('',(-0.,1.));
#14440 = ( GEOMETRIC_REPRESENTATION_CONTEXT(2) 
PARAMETRIC_REPRESENTATION_CONTEXT() REPRESENTATION_CONTEXT('2D SPACE',''
  ) );
#14441 = ORIENTED_EDGE('',*,*,#6307,.T.);
#14442 = ORIENTED_EDGE('',*,*,#14392,.F.);
#14443 = ORIENTED_EDGE('',*,*,#6447,.F.);
#14444 = ADVANCED_FACE('',(#14445),#6378,.T.);
#14445 = FACE_BOUND('',#14446,.F.);
#14446 = EDGE_LOOP('',(#14447,#14448,#14449,#14450));
#14447 = ORIENTED_EDGE('',*,*,#14366,.F.);
#14448 = ORIENTED_EDGE('',*,*,#6470,.T.);
#14449 = ORIENTED_EDGE('',*,*,#14420,.T.);
#14450 = ORIENTED_EDGE('',*,*,#6363,.F.);
#14451 = ADVANCED_FACE('',(#14452),#7042,.T.);
#14452 = FACE_BOUND('',#14453,.T.);
#14453 = EDGE_LOOP('',(#14454,#14455,#14476,#14477,#14478,#14499));
#14454 = ORIENTED_EDGE('',*,*,#13246,.T.);
#14455 = ORIENTED_EDGE('',*,*,#14456,.T.);
#14456 = EDGE_CURVE('',#13247,#8293,#14457,.T.);
#14457 = SURFACE_CURVE('',#14458,(#14462,#14469),.PCURVE_S1.);
#14458 = LINE('',#14459,#14460);
#14459 = CARTESIAN_POINT('',(143.30728127852,-16.,78.703703703704));
#14460 = VECTOR('',#14461,1.);
#14461 = DIRECTION('',(-1.,0.,0.));
#14462 = PCURVE('',#7042,#14463);
#14463 = DEFINITIONAL_REPRESENTATION('',(#14464),#14468);
#14464 = LINE('',#14465,#14466);
#14465 = CARTESIAN_POINT('',(0.,0.));
#14466 = VECTOR('',#14467,1.);
#14467 = DIRECTION('',(-0.,-1.));
#14468 = ( GEOMETRIC_REPRESENTATION_CONTEXT(2) 
PARAMETRIC_REPRESENTATION_CONTEXT() REPRESENTATION_CONTEXT('2D SPACE',''
  ) );
#14469 = PCURVE('',#8313,#14470);
#14470 = DEFINITIONAL_REPRESENTATION('',(#14471),#14475);
#14471 = LINE('',#14472,#14473);
#14472 = CARTESIAN_POINT('',(2.828427124746,0.));
#14473 = VECTOR('',#14474,1.);
#14474 = DIRECTION('',(0.,-1.));
#14475 = ( GEOMETRIC_REPRESENTATION_CONTEXT(2) 
PARAMETRIC_REPRESENTATION_CONTEXT() REPRESENTATION_CONTEXT('2D SPACE',''
  ) );
#14476 = ORIENTED_EDGE('',*,*,#8325,.T.);
#14477 = ORIENTED_EDGE('',*,*,#7304,.T.);
#14478 = ORIENTED_EDGE('',*,*,#14479,.F.);
#14479 = EDGE_CURVE('',#6994,#7305,#14480,.T.);
#14480 = SURFACE_CURVE('',#14481,(#14485,#14492),.PCURVE_S1.);
#14481 = LINE('',#14482,#14483);
#14482 = CARTESIAN_POINT('',(143.30728127852,-18.,76.703703703704));
#14483 = VECTOR('',#14484,1.);
#14484 = DIRECTION('',(-1.,0.,0.));
#14485 = PCURVE('',#7042,#14486);
#14486 = DEFINITIONAL_REPRESENTATION('',(#14487),#14491);
#14487 = LINE('',#14488,#14489);
#14488 = CARTESIAN_POINT('',(2.828427124746,0.));
#14489 = VECTOR('',#14490,1.);
#14490 = DIRECTION('',(-0.,-1.));
#14491 = ( GEOMETRIC_REPRESENTATION_CONTEXT(2) 
PARAMETRIC_REPRESENTATION_CONTEXT() REPRESENTATION_CONTEXT('2D SPACE',''
  ) );
#14492 = PCURVE('',#7009,#14493);
#14493 = DEFINITIONAL_REPRESENTATION('',(#14494),#14498);
#14494 = LINE('',#14495,#14496);
#14495 = CARTESIAN_POINT('',(13.351607996392,143.3072812853));
#14496 = VECTOR('',#14497,1.);
#14497 = DIRECTION('',(-0.,-1.));
#14498 = ( GEOMETRIC_REPRESENTATION_CONTEXT(2) 
PARAMETRIC_REPRESENTATION_CONTEXT() REPRESENTATION_CONTEXT('2D SPACE',''
  ) );
#14499 = ORIENTED_EDGE('',*,*,#7021,.T.);
#14500 = ADVANCED_FACE('',(#14501),#7009,.F.);
#14501 = FACE_BOUND('',#14502,.F.);
#14502 = EDGE_LOOP('',(#14503,#14504,#14505,#14506));
#14503 = ORIENTED_EDGE('',*,*,#7332,.F.);
#14504 = ORIENTED_EDGE('',*,*,#14479,.F.);
#14505 = ORIENTED_EDGE('',*,*,#6993,.F.);
#14506 = ORIENTED_EDGE('',*,*,#14507,.T.);
#14507 = EDGE_CURVE('',#6961,#7333,#14508,.T.);
#14508 = SURFACE_CURVE('',#14509,(#14513,#14520),.PCURVE_S1.);
#14509 = LINE('',#14510,#14511);
#14510 = CARTESIAN_POINT('',(143.30728127852,-18.,76.074074074074));
#14511 = VECTOR('',#14512,1.);
#14512 = DIRECTION('',(-1.,0.,0.));
#14513 = PCURVE('',#7009,#14514);
#14514 = DEFINITIONAL_REPRESENTATION('',(#14515),#14519);
#14515 = LINE('',#14516,#14517);
#14516 = CARTESIAN_POINT('',(12.721978366763,143.3072812853));
#14517 = VECTOR('',#14518,1.);
#14518 = DIRECTION('',(-0.,-1.));
#14519 = ( GEOMETRIC_REPRESENTATION_CONTEXT(2) 
PARAMETRIC_REPRESENTATION_CONTEXT() REPRESENTATION_CONTEXT('2D SPACE',''
  ) );
#14520 = PCURVE('',#6981,#14521);
#14521 = DEFINITIONAL_REPRESENTATION('',(#14522),#14526);
#14522 = LINE('',#14523,#14524);
#14523 = CARTESIAN_POINT('',(0.,0.));
#14524 = VECTOR('',#14525,1.);
#14525 = DIRECTION('',(0.,-1.));
#14526 = ( GEOMETRIC_REPRESENTATION_CONTEXT(2) 
PARAMETRIC_REPRESENTATION_CONTEXT() REPRESENTATION_CONTEXT('2D SPACE',''
  ) );
#14527 = ADVANCED_FACE('',(#14528),#6981,.T.);
#14528 = FACE_BOUND('',#14529,.T.);
#14529 = EDGE_LOOP('',(#14530,#14531,#14532,#14533));
#14530 = ORIENTED_EDGE('',*,*,#6960,.T.);
#14531 = ORIENTED_EDGE('',*,*,#14507,.T.);
#14532 = ORIENTED_EDGE('',*,*,#7355,.T.);
#14533 = ORIENTED_EDGE('',*,*,#14534,.F.);
#14534 = EDGE_CURVE('',#6928,#7356,#14535,.T.);
#14535 = SURFACE_CURVE('',#14536,(#14540,#14547),.PCURVE_S1.);
#14536 = LINE('',#14537,#14538);
#14537 = CARTESIAN_POINT('',(143.30728127852,-16.,74.074074074074));
#14538 = VECTOR('',#14539,1.);
#14539 = DIRECTION('',(-1.,0.,0.));
#14540 = PCURVE('',#6981,#14541);
#14541 = DEFINITIONAL_REPRESENTATION('',(#14542),#14546);
#14542 = LINE('',#14543,#14544);
#14543 = CARTESIAN_POINT('',(2.828427124746,0.));
#14544 = VECTOR('',#14545,1.);
#14545 = DIRECTION('',(0.,-1.));
#14546 = ( GEOMETRIC_REPRESENTATION_CONTEXT(2) 
PARAMETRIC_REPRESENTATION_CONTEXT() REPRESENTATION_CONTEXT('2D SPACE',''
  ) );
#14547 = PCURVE('',#6948,#14548);
#14548 = DEFINITIONAL_REPRESENTATION('',(#14549),#14553);
#14549 = LINE('',#14550,#14551);
#14550 = CARTESIAN_POINT('',(0.,0.));
#14551 = VECTOR('',#14552,1.);
#14552 = DIRECTION('',(-0.,-1.));
#14553 = ( GEOMETRIC_REPRESENTATION_CONTEXT(2) 
PARAMETRIC_REPRESENTATION_CONTEXT() REPRESENTATION_CONTEXT('2D SPACE',''
  ) );
#14554 = ADVANCED_FACE('',(#14555),#6948,.T.);
#14555 = FACE_BOUND('',#14556,.T.);
#14556 = EDGE_LOOP('',(#14557,#14558,#14559,#14560));
#14557 = ORIENTED_EDGE('',*,*,#6927,.T.);
#14558 = ORIENTED_EDGE('',*,*,#14534,.T.);
#14559 = ORIENTED_EDGE('',*,*,#7383,.T.);
#14560 = ORIENTED_EDGE('',*,*,#14561,.F.);
#14561 = EDGE_CURVE('',#6900,#7384,#14562,.T.);
#14562 = SURFACE_CURVE('',#14563,(#14567,#14574),.PCURVE_S1.);
#14563 = LINE('',#14564,#14565);
#14564 = CARTESIAN_POINT('',(143.30728127852,-18.,72.074074074074));
#14565 = VECTOR('',#14566,1.);
#14566 = DIRECTION('',(-1.,0.,0.));
#14567 = PCURVE('',#6948,#14568);
#14568 = DEFINITIONAL_REPRESENTATION('',(#14569),#14573);
#14569 = LINE('',#14570,#14571);
#14570 = CARTESIAN_POINT('',(2.828427124746,0.));
#14571 = VECTOR('',#14572,1.);
#14572 = DIRECTION('',(-0.,-1.));
#14573 = ( GEOMETRIC_REPRESENTATION_CONTEXT(2) 
PARAMETRIC_REPRESENTATION_CONTEXT() REPRESENTATION_CONTEXT('2D SPACE',''
  ) );
#14574 = PCURVE('',#6915,#14575);
#14575 = DEFINITIONAL_REPRESENTATION('',(#14576),#14580);
#14576 = LINE('',#14577,#14578);
#14577 = CARTESIAN_POINT('',(8.721978366762,143.3072812853));
#14578 = VECTOR('',#14579,1.);
#14579 = DIRECTION('',(-0.,-1.));
#14580 = ( GEOMETRIC_REPRESENTATION_CONTEXT(2) 
PARAMETRIC_REPRESENTATION_CONTEXT() REPRESENTATION_CONTEXT('2D SPACE',''
  ) );
#14581 = ADVANCED_FACE('',(#14582),#6915,.F.);
#14582 = FACE_BOUND('',#14583,.F.);
#14583 = EDGE_LOOP('',(#14584,#14585,#14586,#14587));
#14584 = ORIENTED_EDGE('',*,*,#7411,.F.);
#14585 = ORIENTED_EDGE('',*,*,#14561,.F.);
#14586 = ORIENTED_EDGE('',*,*,#6899,.F.);
#14587 = ORIENTED_EDGE('',*,*,#14588,.T.);
#14588 = EDGE_CURVE('',#6867,#7412,#14589,.T.);
#14589 = SURFACE_CURVE('',#14590,(#14594,#14601),.PCURVE_S1.);
#14590 = LINE('',#14591,#14592);
#14591 = CARTESIAN_POINT('',(143.30728127852,-18.,71.444444444445));
#14592 = VECTOR('',#14593,1.);
#14593 = DIRECTION('',(-1.,0.,0.));
#14594 = PCURVE('',#6915,#14595);
#14595 = DEFINITIONAL_REPRESENTATION('',(#14596),#14600);
#14596 = LINE('',#14597,#14598);
#14597 = CARTESIAN_POINT('',(8.092348737133,143.3072812853));
#14598 = VECTOR('',#14599,1.);
#14599 = DIRECTION('',(-0.,-1.));
#14600 = ( GEOMETRIC_REPRESENTATION_CONTEXT(2) 
PARAMETRIC_REPRESENTATION_CONTEXT() REPRESENTATION_CONTEXT('2D SPACE',''
  ) );
#14601 = PCURVE('',#6887,#14602);
#14602 = DEFINITIONAL_REPRESENTATION('',(#14603),#14607);
#14603 = LINE('',#14604,#14605);
#14604 = CARTESIAN_POINT('',(0.,0.));
#14605 = VECTOR('',#14606,1.);
#14606 = DIRECTION('',(0.,-1.));
#14607 = ( GEOMETRIC_REPRESENTATION_CONTEXT(2) 
PARAMETRIC_REPRESENTATION_CONTEXT() REPRESENTATION_CONTEXT('2D SPACE',''
  ) );
#14608 = ADVANCED_FACE('',(#14609),#6887,.T.);
#14609 = FACE_BOUND('',#14610,.T.);
#14610 = EDGE_LOOP('',(#14611,#14612,#14613,#14614));
#14611 = ORIENTED_EDGE('',*,*,#6866,.T.);
#14612 = ORIENTED_EDGE('',*,*,#14588,.T.);
#14613 = ORIENTED_EDGE('',*,*,#7434,.T.);
#14614 = ORIENTED_EDGE('',*,*,#14615,.F.);
#14615 = EDGE_CURVE('',#6834,#7435,#14616,.T.);
#14616 = SURFACE_CURVE('',#14617,(#14621,#14628),.PCURVE_S1.);
#14617 = LINE('',#14618,#14619);
#14618 = CARTESIAN_POINT('',(143.30728127852,-16.,69.444444444444));
#14619 = VECTOR('',#14620,1.);
#14620 = DIRECTION('',(-1.,0.,0.));
#14621 = PCURVE('',#6887,#14622);
#14622 = DEFINITIONAL_REPRESENTATION('',(#14623),#14627);
#14623 = LINE('',#14624,#14625);
#14624 = CARTESIAN_POINT('',(2.828427124746,0.));
#14625 = VECTOR('',#14626,1.);
#14626 = DIRECTION('',(0.,-1.));
#14627 = ( GEOMETRIC_REPRESENTATION_CONTEXT(2) 
PARAMETRIC_REPRESENTATION_CONTEXT() REPRESENTATION_CONTEXT('2D SPACE',''
  ) );
#14628 = PCURVE('',#6854,#14629);
#14629 = DEFINITIONAL_REPRESENTATION('',(#14630),#14634);
#14630 = LINE('',#14631,#14632);
#14631 = CARTESIAN_POINT('',(0.,0.));
#14632 = VECTOR('',#14633,1.);
#14633 = DIRECTION('',(-0.,-1.));
#14634 = ( GEOMETRIC_REPRESENTATION_CONTEXT(2) 
PARAMETRIC_REPRESENTATION_CONTEXT() REPRESENTATION_CONTEXT('2D SPACE',''
  ) );
#14635 = ADVANCED_FACE('',(#14636),#6854,.T.);
#14636 = FACE_BOUND('',#14637,.T.);
#14637 = EDGE_LOOP('',(#14638,#14639,#14640,#14641));
#14638 = ORIENTED_EDGE('',*,*,#6833,.T.);
#14639 = ORIENTED_EDGE('',*,*,#14615,.T.);
#14640 = ORIENTED_EDGE('',*,*,#7462,.T.);
#14641 = ORIENTED_EDGE('',*,*,#14642,.F.);
#14642 = EDGE_CURVE('',#6806,#7463,#14643,.T.);
#14643 = SURFACE_CURVE('',#14644,(#14648,#14655),.PCURVE_S1.);
#14644 = LINE('',#14645,#14646);
#14645 = CARTESIAN_POINT('',(143.30728127852,-18.,67.444444444444));
#14646 = VECTOR('',#14647,1.);
#14647 = DIRECTION('',(-1.,0.,0.));
#14648 = PCURVE('',#6854,#14649);
#14649 = DEFINITIONAL_REPRESENTATION('',(#14650),#14654);
#14650 = LINE('',#14651,#14652);
#14651 = CARTESIAN_POINT('',(2.828427124746,0.));
#14652 = VECTOR('',#14653,1.);
#14653 = DIRECTION('',(-0.,-1.));
#14654 = ( GEOMETRIC_REPRESENTATION_CONTEXT(2) 
PARAMETRIC_REPRESENTATION_CONTEXT() REPRESENTATION_CONTEXT('2D SPACE',''
  ) );
#14655 = PCURVE('',#6821,#14656);
#14656 = DEFINITIONAL_REPRESENTATION('',(#14657),#14661);
#14657 = LINE('',#14658,#14659);
#14658 = CARTESIAN_POINT('',(4.092348737133,143.3072812853));
#14659 = VECTOR('',#14660,1.);
#14660 = DIRECTION('',(-0.,-1.));
#14661 = ( GEOMETRIC_REPRESENTATION_CONTEXT(2) 
PARAMETRIC_REPRESENTATION_CONTEXT() REPRESENTATION_CONTEXT('2D SPACE',''
  ) );
#14662 = ADVANCED_FACE('',(#14663),#6821,.F.);
#14663 = FACE_BOUND('',#14664,.F.);
#14664 = EDGE_LOOP('',(#14665,#14666,#14667,#14668));
#14665 = ORIENTED_EDGE('',*,*,#7490,.F.);
#14666 = ORIENTED_EDGE('',*,*,#14642,.F.);
#14667 = ORIENTED_EDGE('',*,*,#6805,.F.);
#14668 = ORIENTED_EDGE('',*,*,#14669,.T.);
#14669 = EDGE_CURVE('',#6773,#7491,#14670,.T.);
#14670 = SURFACE_CURVE('',#14671,(#14675,#14682),.PCURVE_S1.);
#14671 = LINE('',#14672,#14673);
#14672 = CARTESIAN_POINT('',(143.30728127852,-18.,66.814814814815));
#14673 = VECTOR('',#14674,1.);
#14674 = DIRECTION('',(-1.,0.,0.));
#14675 = PCURVE('',#6821,#14676);
#14676 = DEFINITIONAL_REPRESENTATION('',(#14677),#14681);
#14677 = LINE('',#14678,#14679);
#14678 = CARTESIAN_POINT('',(3.462719107503,143.3072812853));
#14679 = VECTOR('',#14680,1.);
#14680 = DIRECTION('',(-0.,-1.));
#14681 = ( GEOMETRIC_REPRESENTATION_CONTEXT(2) 
PARAMETRIC_REPRESENTATION_CONTEXT() REPRESENTATION_CONTEXT('2D SPACE',''
  ) );
#14682 = PCURVE('',#6793,#14683);
#14683 = DEFINITIONAL_REPRESENTATION('',(#14684),#14688);
#14684 = LINE('',#14685,#14686);
#14685 = CARTESIAN_POINT('',(0.,0.));
#14686 = VECTOR('',#14687,1.);
#14687 = DIRECTION('',(0.,-1.));
#14688 = ( GEOMETRIC_REPRESENTATION_CONTEXT(2) 
PARAMETRIC_REPRESENTATION_CONTEXT() REPRESENTATION_CONTEXT('2D SPACE',''
  ) );
#14689 = ADVANCED_FACE('',(#14690),#6793,.T.);
#14690 = FACE_BOUND('',#14691,.T.);
#14691 = EDGE_LOOP('',(#14692,#14693,#14694,#14695));
#14692 = ORIENTED_EDGE('',*,*,#6772,.T.);
#14693 = ORIENTED_EDGE('',*,*,#14669,.T.);
#14694 = ORIENTED_EDGE('',*,*,#7513,.T.);
#14695 = ORIENTED_EDGE('',*,*,#14696,.F.);
#14696 = EDGE_CURVE('',#6740,#7514,#14697,.T.);
#14697 = SURFACE_CURVE('',#14698,(#14702,#14709),.PCURVE_S1.);
#14698 = LINE('',#14699,#14700);
#14699 = CARTESIAN_POINT('',(143.30728127852,-16.,64.814814814815));
#14700 = VECTOR('',#14701,1.);
#14701 = DIRECTION('',(-1.,0.,0.));
#14702 = PCURVE('',#6793,#14703);
#14703 = DEFINITIONAL_REPRESENTATION('',(#14704),#14708);
#14704 = LINE('',#14705,#14706);
#14705 = CARTESIAN_POINT('',(2.828427124746,0.));
#14706 = VECTOR('',#14707,1.);
#14707 = DIRECTION('',(0.,-1.));
#14708 = ( GEOMETRIC_REPRESENTATION_CONTEXT(2) 
PARAMETRIC_REPRESENTATION_CONTEXT() REPRESENTATION_CONTEXT('2D SPACE',''
  ) );
#14709 = PCURVE('',#6760,#14710);
#14710 = DEFINITIONAL_REPRESENTATION('',(#14711),#14715);
#14711 = LINE('',#14712,#14713);
#14712 = CARTESIAN_POINT('',(0.,0.));
#14713 = VECTOR('',#14714,1.);
#14714 = DIRECTION('',(-0.,-1.));
#14715 = ( GEOMETRIC_REPRESENTATION_CONTEXT(2) 
PARAMETRIC_REPRESENTATION_CONTEXT() REPRESENTATION_CONTEXT('2D SPACE',''
  ) );
#14716 = ADVANCED_FACE('',(#14717),#6760,.T.);
#14717 = FACE_BOUND('',#14718,.T.);
#14718 = EDGE_LOOP('',(#14719,#14720,#14721,#14722));
#14719 = ORIENTED_EDGE('',*,*,#6739,.T.);
#14720 = ORIENTED_EDGE('',*,*,#14696,.T.);
#14721 = ORIENTED_EDGE('',*,*,#7541,.T.);
#14722 = ORIENTED_EDGE('',*,*,#14723,.F.);
#14723 = EDGE_CURVE('',#6712,#7542,#14724,.T.);
#14724 = SURFACE_CURVE('',#14725,(#14729,#14736),.PCURVE_S1.);
#14725 = LINE('',#14726,#14727);
#14726 = CARTESIAN_POINT('',(143.30728127852,-18.,62.814814814815));
#14727 = VECTOR('',#14728,1.);
#14728 = DIRECTION('',(-1.,0.,0.));
#14729 = PCURVE('',#6760,#14730);
#14730 = DEFINITIONAL_REPRESENTATION('',(#14731),#14735);
#14731 = LINE('',#14732,#14733);
#14732 = CARTESIAN_POINT('',(2.828427124746,0.));
#14733 = VECTOR('',#14734,1.);
#14734 = DIRECTION('',(-0.,-1.));
#14735 = ( GEOMETRIC_REPRESENTATION_CONTEXT(2) 
PARAMETRIC_REPRESENTATION_CONTEXT() REPRESENTATION_CONTEXT('2D SPACE',''
  ) );
#14736 = PCURVE('',#6727,#14737);
#14737 = DEFINITIONAL_REPRESENTATION('',(#14738),#14742);
#14738 = LINE('',#14739,#14740);
#14739 = CARTESIAN_POINT('',(-0.537280892497,143.3072812853));
#14740 = VECTOR('',#14741,1.);
#14741 = DIRECTION('',(-0.,-1.));
#14742 = ( GEOMETRIC_REPRESENTATION_CONTEXT(2) 
PARAMETRIC_REPRESENTATION_CONTEXT() REPRESENTATION_CONTEXT('2D SPACE',''
  ) );
#14743 = ADVANCED_FACE('',(#14744),#6727,.F.);
#14744 = FACE_BOUND('',#14745,.F.);
#14745 = EDGE_LOOP('',(#14746,#14747,#14748,#14749));
#14746 = ORIENTED_EDGE('',*,*,#7569,.F.);
#14747 = ORIENTED_EDGE('',*,*,#14723,.F.);
#14748 = ORIENTED_EDGE('',*,*,#6711,.F.);
#14749 = ORIENTED_EDGE('',*,*,#14750,.T.);
#14750 = EDGE_CURVE('',#6679,#7570,#14751,.T.);
#14751 = SURFACE_CURVE('',#14752,(#14756,#14763),.PCURVE_S1.);
#14752 = LINE('',#14753,#14754);
#14753 = CARTESIAN_POINT('',(143.30728127852,-18.,62.185185185185));
#14754 = VECTOR('',#14755,1.);
#14755 = DIRECTION('',(-1.,0.,0.));
#14756 = PCURVE('',#6727,#14757);
#14757 = DEFINITIONAL_REPRESENTATION('',(#14758),#14762);
#14758 = LINE('',#14759,#14760);
#14759 = CARTESIAN_POINT('',(-1.166910522126,143.3072812853));
#14760 = VECTOR('',#14761,1.);
#14761 = DIRECTION('',(-0.,-1.));
#14762 = ( GEOMETRIC_REPRESENTATION_CONTEXT(2) 
PARAMETRIC_REPRESENTATION_CONTEXT() REPRESENTATION_CONTEXT('2D SPACE',''
  ) );
#14763 = PCURVE('',#6699,#14764);
#14764 = DEFINITIONAL_REPRESENTATION('',(#14765),#14769);
#14765 = LINE('',#14766,#14767);
#14766 = CARTESIAN_POINT('',(0.,0.));
#14767 = VECTOR('',#14768,1.);
#14768 = DIRECTION('',(0.,-1.));
#14769 = ( GEOMETRIC_REPRESENTATION_CONTEXT(2) 
PARAMETRIC_REPRESENTATION_CONTEXT() REPRESENTATION_CONTEXT('2D SPACE',''
  ) );
#14770 = ADVANCED_FACE('',(#14771),#6699,.T.);
#14771 = FACE_BOUND('',#14772,.T.);
#14772 = EDGE_LOOP('',(#14773,#14774,#14775,#14776));
#14773 = ORIENTED_EDGE('',*,*,#6678,.T.);
#14774 = ORIENTED_EDGE('',*,*,#14750,.T.);
#14775 = ORIENTED_EDGE('',*,*,#7592,.T.);
#14776 = ORIENTED_EDGE('',*,*,#14777,.F.);
#14777 = EDGE_CURVE('',#6646,#7593,#14778,.T.);
#14778 = SURFACE_CURVE('',#14779,(#14783,#14790),.PCURVE_S1.);
#14779 = LINE('',#14780,#14781);
#14780 = CARTESIAN_POINT('',(143.30728127852,-16.,60.185185185185));
#14781 = VECTOR('',#14782,1.);
#14782 = DIRECTION('',(-1.,0.,0.));
#14783 = PCURVE('',#6699,#14784);
#14784 = DEFINITIONAL_REPRESENTATION('',(#14785),#14789);
#14785 = LINE('',#14786,#14787);
#14786 = CARTESIAN_POINT('',(2.828427124746,0.));
#14787 = VECTOR('',#14788,1.);
#14788 = DIRECTION('',(0.,-1.));
#14789 = ( GEOMETRIC_REPRESENTATION_CONTEXT(2) 
PARAMETRIC_REPRESENTATION_CONTEXT() REPRESENTATION_CONTEXT('2D SPACE',''
  ) );
#14790 = PCURVE('',#6666,#14791);
#14791 = DEFINITIONAL_REPRESENTATION('',(#14792),#14796);
#14792 = LINE('',#14793,#14794);
#14793 = CARTESIAN_POINT('',(0.,0.));
#14794 = VECTOR('',#14795,1.);
#14795 = DIRECTION('',(-0.,-1.));
#14796 = ( GEOMETRIC_REPRESENTATION_CONTEXT(2) 
PARAMETRIC_REPRESENTATION_CONTEXT() REPRESENTATION_CONTEXT('2D SPACE',''
  ) );
#14797 = ADVANCED_FACE('',(#14798),#6666,.T.);
#14798 = FACE_BOUND('',#14799,.T.);
#14799 = EDGE_LOOP('',(#14800,#14801,#14802,#14803));
#14800 = ORIENTED_EDGE('',*,*,#6645,.T.);
#14801 = ORIENTED_EDGE('',*,*,#14777,.T.);
#14802 = ORIENTED_EDGE('',*,*,#7620,.T.);
#14803 = ORIENTED_EDGE('',*,*,#14804,.F.);
#14804 = EDGE_CURVE('',#6618,#7621,#14805,.T.);
#14805 = SURFACE_CURVE('',#14806,(#14810,#14817),.PCURVE_S1.);
#14806 = LINE('',#14807,#14808);
#14807 = CARTESIAN_POINT('',(143.30728127852,-18.,58.185185185185));
#14808 = VECTOR('',#14809,1.);
#14809 = DIRECTION('',(-1.,0.,0.));
#14810 = PCURVE('',#6666,#14811);
#14811 = DEFINITIONAL_REPRESENTATION('',(#14812),#14816);
#14812 = LINE('',#14813,#14814);
#14813 = CARTESIAN_POINT('',(2.828427124746,0.));
#14814 = VECTOR('',#14815,1.);
#14815 = DIRECTION('',(-0.,-1.));
#14816 = ( GEOMETRIC_REPRESENTATION_CONTEXT(2) 
PARAMETRIC_REPRESENTATION_CONTEXT() REPRESENTATION_CONTEXT('2D SPACE',''
  ) );
#14817 = PCURVE('',#6633,#14818);
#14818 = DEFINITIONAL_REPRESENTATION('',(#14819),#14823);
#14819 = LINE('',#14820,#14821);
#14820 = CARTESIAN_POINT('',(-5.166910522126,143.3072812853));
#14821 = VECTOR('',#14822,1.);
#14822 = DIRECTION('',(-0.,-1.));
#14823 = ( GEOMETRIC_REPRESENTATION_CONTEXT(2) 
PARAMETRIC_REPRESENTATION_CONTEXT() REPRESENTATION_CONTEXT('2D SPACE',''
  ) );
#14824 = ADVANCED_FACE('',(#14825),#6633,.F.);
#14825 = FACE_BOUND('',#14826,.F.);
#14826 = EDGE_LOOP('',(#14827,#14828,#14829,#14830));
#14827 = ORIENTED_EDGE('',*,*,#7648,.F.);
#14828 = ORIENTED_EDGE('',*,*,#14804,.F.);
#14829 = ORIENTED_EDGE('',*,*,#6617,.F.);
#14830 = ORIENTED_EDGE('',*,*,#14831,.T.);
#14831 = EDGE_CURVE('',#6585,#7649,#14832,.T.);
#14832 = SURFACE_CURVE('',#14833,(#14837,#14844),.PCURVE_S1.);
#14833 = LINE('',#14834,#14835);
#14834 = CARTESIAN_POINT('',(143.30728127852,-18.,57.555555555556));
#14835 = VECTOR('',#14836,1.);
#14836 = DIRECTION('',(-1.,0.,0.));
#14837 = PCURVE('',#6633,#14838);
#14838 = DEFINITIONAL_REPRESENTATION('',(#14839),#14843);
#14839 = LINE('',#14840,#14841);
#14840 = CARTESIAN_POINT('',(-5.796540151756,143.3072812853));
#14841 = VECTOR('',#14842,1.);
#14842 = DIRECTION('',(-0.,-1.));
#14843 = ( GEOMETRIC_REPRESENTATION_CONTEXT(2) 
PARAMETRIC_REPRESENTATION_CONTEXT() REPRESENTATION_CONTEXT('2D SPACE',''
  ) );
#14844 = PCURVE('',#6605,#14845);
#14845 = DEFINITIONAL_REPRESENTATION('',(#14846),#14850);
#14846 = LINE('',#14847,#14848);
#14847 = CARTESIAN_POINT('',(0.,0.));
#14848 = VECTOR('',#14849,1.);
#14849 = DIRECTION('',(0.,-1.));
#14850 = ( GEOMETRIC_REPRESENTATION_CONTEXT(2) 
PARAMETRIC_REPRESENTATION_CONTEXT() REPRESENTATION_CONTEXT('2D SPACE',''
  ) );
#14851 = ADVANCED_FACE('',(#14852),#6605,.T.);
#14852 = FACE_BOUND('',#14853,.T.);
#14853 = EDGE_LOOP('',(#14854,#14855,#14856,#14857));
#14854 = ORIENTED_EDGE('',*,*,#6584,.T.);
#14855 = ORIENTED_EDGE('',*,*,#14831,.T.);
#14856 = ORIENTED_EDGE('',*,*,#7671,.T.);
#14857 = ORIENTED_EDGE('',*,*,#14858,.F.);
#14858 = EDGE_CURVE('',#6553,#7672,#14859,.T.);
#14859 = SURFACE_CURVE('',#14860,(#14864,#14871),.PCURVE_S1.);
#14860 = LINE('',#14861,#14862);
#14861 = CARTESIAN_POINT('',(143.30728127852,-16.,55.555555555556));
#14862 = VECTOR('',#14863,1.);
#14863 = DIRECTION('',(-1.,0.,0.));
#14864 = PCURVE('',#6605,#14865);
#14865 = DEFINITIONAL_REPRESENTATION('',(#14866),#14870);
#14866 = LINE('',#14867,#14868);
#14867 = CARTESIAN_POINT('',(2.828427124746,0.));
#14868 = VECTOR('',#14869,1.);
#14869 = DIRECTION('',(0.,-1.));
#14870 = ( GEOMETRIC_REPRESENTATION_CONTEXT(2) 
PARAMETRIC_REPRESENTATION_CONTEXT() REPRESENTATION_CONTEXT('2D SPACE',''
  ) );
#14871 = PCURVE('',#6572,#14872);
#14872 = DEFINITIONAL_REPRESENTATION('',(#14873),#14877);
#14873 = LINE('',#14874,#14875);
#14874 = CARTESIAN_POINT('',(0.,0.));
#14875 = VECTOR('',#14876,1.);
#14876 = DIRECTION('',(-0.,-1.));
#14877 = ( GEOMETRIC_REPRESENTATION_CONTEXT(2) 
PARAMETRIC_REPRESENTATION_CONTEXT() REPRESENTATION_CONTEXT('2D SPACE',''
  ) );
#14878 = ADVANCED_FACE('',(#14879),#6572,.T.);
#14879 = FACE_BOUND('',#14880,.T.);
#14880 = EDGE_LOOP('',(#14881,#14882,#14883,#14884,#14885,#14906));
#14881 = ORIENTED_EDGE('',*,*,#6552,.T.);
#14882 = ORIENTED_EDGE('',*,*,#14858,.T.);
#14883 = ORIENTED_EDGE('',*,*,#7699,.T.);
#14884 = ORIENTED_EDGE('',*,*,#11001,.T.);
#14885 = ORIENTED_EDGE('',*,*,#14886,.F.);
#14886 = EDGE_CURVE('',#14312,#11002,#14887,.T.);
#14887 = SURFACE_CURVE('',#14888,(#14892,#14899),.PCURVE_S1.);
#14888 = LINE('',#14889,#14890);
#14889 = CARTESIAN_POINT('',(143.30728127852,-18.,53.555555555555));
#14890 = VECTOR('',#14891,1.);
#14891 = DIRECTION('',(-1.,0.,0.));
#14892 = PCURVE('',#6572,#14893);
#14893 = DEFINITIONAL_REPRESENTATION('',(#14894),#14898);
#14894 = LINE('',#14895,#14896);
#14895 = CARTESIAN_POINT('',(2.828427124746,0.));
#14896 = VECTOR('',#14897,1.);
#14897 = DIRECTION('',(-0.,-1.));
#14898 = ( GEOMETRIC_REPRESENTATION_CONTEXT(2) 
PARAMETRIC_REPRESENTATION_CONTEXT() REPRESENTATION_CONTEXT('2D SPACE',''
  ) );
#14899 = PCURVE('',#11045,#14900);
#14900 = DEFINITIONAL_REPRESENTATION('',(#14901),#14905);
#14901 = LINE('',#14902,#14903);
#14902 = CARTESIAN_POINT('',(-9.796540151756,143.3072812853));
#14903 = VECTOR('',#14904,1.);
#14904 = DIRECTION('',(-0.,-1.));
#14905 = ( GEOMETRIC_REPRESENTATION_CONTEXT(2) 
PARAMETRIC_REPRESENTATION_CONTEXT() REPRESENTATION_CONTEXT('2D SPACE',''
  ) );
#14906 = ORIENTED_EDGE('',*,*,#14334,.T.);
#14907 = ADVANCED_FACE('',(#14908),#7822,.F.);
#14908 = FACE_BOUND('',#14909,.F.);
#14909 = EDGE_LOOP('',(#14910,#14911,#14912,#14913));
#14910 = ORIENTED_EDGE('',*,*,#7882,.T.);
#14911 = ORIENTED_EDGE('',*,*,#7962,.T.);
#14912 = ORIENTED_EDGE('',*,*,#7804,.T.);
#14913 = ORIENTED_EDGE('',*,*,#7936,.F.);
#14914 = ADVANCED_FACE('',(#14915),#7920,.F.);
#14915 = FACE_BOUND('',#14916,.T.);
#14916 = EDGE_LOOP('',(#14917,#14918,#14919,#14920));
#14917 = ORIENTED_EDGE('',*,*,#7906,.T.);
#14918 = ORIENTED_EDGE('',*,*,#8036,.T.);
#14919 = ORIENTED_EDGE('',*,*,#8084,.T.);
#14920 = ORIENTED_EDGE('',*,*,#7988,.F.);
#14921 = ADVANCED_FACE('',(#14922),#8313,.T.);
#14922 = FACE_BOUND('',#14923,.T.);
#14923 = EDGE_LOOP('',(#14924,#14925,#14946,#14947));
#14924 = ORIENTED_EDGE('',*,*,#13274,.T.);
#14925 = ORIENTED_EDGE('',*,*,#14926,.T.);
#14926 = EDGE_CURVE('',#13275,#8265,#14927,.T.);
#14927 = SURFACE_CURVE('',#14928,(#14932,#14939),.PCURVE_S1.);
#14928 = LINE('',#14929,#14930);
#14929 = CARTESIAN_POINT('',(143.30728127852,-18.,80.703703703704));
#14930 = VECTOR('',#14931,1.);
#14931 = DIRECTION('',(-1.,0.,0.));
#14932 = PCURVE('',#8313,#14933);
#14933 = DEFINITIONAL_REPRESENTATION('',(#14934),#14938);
#14934 = LINE('',#14935,#14936);
#14935 = CARTESIAN_POINT('',(0.,0.));
#14936 = VECTOR('',#14937,1.);
#14937 = DIRECTION('',(0.,-1.));
#14938 = ( GEOMETRIC_REPRESENTATION_CONTEXT(2) 
PARAMETRIC_REPRESENTATION_CONTEXT() REPRESENTATION_CONTEXT('2D SPACE',''
  ) );
#14939 = PCURVE('',#8280,#14940);
#14940 = DEFINITIONAL_REPRESENTATION('',(#14941),#14945);
#14941 = LINE('',#14942,#14943);
#14942 = CARTESIAN_POINT('',(17.351607996392,143.3072812853));
#14943 = VECTOR('',#14944,1.);
#14944 = DIRECTION('',(-0.,-1.));
#14945 = ( GEOMETRIC_REPRESENTATION_CONTEXT(2) 
PARAMETRIC_REPRESENTATION_CONTEXT() REPRESENTATION_CONTEXT('2D SPACE',''
  ) );
#14946 = ORIENTED_EDGE('',*,*,#8292,.T.);
#14947 = ORIENTED_EDGE('',*,*,#14456,.F.);
#14948 = ADVANCED_FACE('',(#14949),#8280,.F.);
#14949 = FACE_BOUND('',#14950,.F.);
#14950 = EDGE_LOOP('',(#14951,#14952,#14953,#14974));
#14951 = ORIENTED_EDGE('',*,*,#14926,.T.);
#14952 = ORIENTED_EDGE('',*,*,#8264,.F.);
#14953 = ORIENTED_EDGE('',*,*,#14954,.F.);
#14954 = EDGE_CURVE('',#13303,#8233,#14955,.T.);
#14955 = SURFACE_CURVE('',#14956,(#14960,#14967),.PCURVE_S1.);
#14956 = LINE('',#14957,#14958);
#14957 = CARTESIAN_POINT('',(143.30728127852,-18.,81.333333333333));
#14958 = VECTOR('',#14959,1.);
#14959 = DIRECTION('',(-1.,0.,0.));
#14960 = PCURVE('',#8280,#14961);
#14961 = DEFINITIONAL_REPRESENTATION('',(#14962),#14966);
#14962 = LINE('',#14963,#14964);
#14963 = CARTESIAN_POINT('',(17.981237626022,143.3072812853));
#14964 = VECTOR('',#14965,1.);
#14965 = DIRECTION('',(-0.,-1.));
#14966 = ( GEOMETRIC_REPRESENTATION_CONTEXT(2) 
PARAMETRIC_REPRESENTATION_CONTEXT() REPRESENTATION_CONTEXT('2D SPACE',''
  ) );
#14967 = PCURVE('',#8252,#14968);
#14968 = DEFINITIONAL_REPRESENTATION('',(#14969),#14973);
#14969 = LINE('',#14970,#14971);
#14970 = CARTESIAN_POINT('',(2.828427124746,0.));
#14971 = VECTOR('',#14972,1.);
#14972 = DIRECTION('',(-0.,-1.));
#14973 = ( GEOMETRIC_REPRESENTATION_CONTEXT(2) 
PARAMETRIC_REPRESENTATION_CONTEXT() REPRESENTATION_CONTEXT('2D SPACE',''
  ) );
#14974 = ORIENTED_EDGE('',*,*,#13302,.F.);
#14975 = ADVANCED_FACE('',(#14976),#8252,.T.);
#14976 = FACE_BOUND('',#14977,.T.);
#14977 = EDGE_LOOP('',(#14978,#14979,#15000,#15001,#15166,#15167,#15168,
    #15169));
#14978 = ORIENTED_EDGE('',*,*,#12643,.T.);
#14979 = ORIENTED_EDGE('',*,*,#14980,.T.);
#14980 = EDGE_CURVE('',#12644,#8971,#14981,.T.);
#14981 = SURFACE_CURVE('',#14982,(#14986,#14993),.PCURVE_S1.);
#14982 = LINE('',#14983,#14984);
#14983 = CARTESIAN_POINT('',(143.30728127852,-16.,83.333333333333));
#14984 = VECTOR('',#14985,1.);
#14985 = DIRECTION('',(-1.,0.,0.));
#14986 = PCURVE('',#8252,#14987);
#14987 = DEFINITIONAL_REPRESENTATION('',(#14988),#14992);
#14988 = LINE('',#14989,#14990);
#14989 = CARTESIAN_POINT('',(0.,0.));
#14990 = VECTOR('',#14991,1.);
#14991 = DIRECTION('',(-0.,-1.));
#14992 = ( GEOMETRIC_REPRESENTATION_CONTEXT(2) 
PARAMETRIC_REPRESENTATION_CONTEXT() REPRESENTATION_CONTEXT('2D SPACE',''
  ) );
#14993 = PCURVE('',#8991,#14994);
#14994 = DEFINITIONAL_REPRESENTATION('',(#14995),#14999);
#14995 = LINE('',#14996,#14997);
#14996 = CARTESIAN_POINT('',(2.828427124746,0.));
#14997 = VECTOR('',#14998,1.);
#14998 = DIRECTION('',(0.,-1.));
#14999 = ( GEOMETRIC_REPRESENTATION_CONTEXT(2) 
PARAMETRIC_REPRESENTATION_CONTEXT() REPRESENTATION_CONTEXT('2D SPACE',''
  ) );
#15000 = ORIENTED_EDGE('',*,*,#9003,.T.);
#15001 = ORIENTED_EDGE('',*,*,#15002,.F.);
#15002 = EDGE_CURVE('',#8141,#9004,#15003,.T.);
#15003 = SURFACE_CURVE('',#15004,(#15056,#15111),.PCURVE_S1.);
#15004 = B_SPLINE_CURVE_WITH_KNOTS('',8,(#15005,#15006,#15007,#15008,
    #15009,#15010,#15011,#15012,#15013,#15014,#15015,#15016,#15017,
    #15018,#15019,#15020,#15021,#15022,#15023,#15024,#15025,#15026,
    #15027,#15028,#15029,#15030,#15031,#15032,#15033,#15034,#15035,
    #15036,#15037,#15038,#15039,#15040,#15041,#15042,#15043,#15044,
    #15045,#15046,#15047,#15048,#15049,#15050,#15051,#15052,#15053,
    #15054,#15055),.UNSPECIFIED.,.F.,.F.,(9,7,7,7,7,7,7,9),(0.,
    8.030431825233E-02,0.156060982833,0.189114269209,0.458988776768,
    0.583487910046,0.879686269161,1.),.UNSPECIFIED.);
#15005 = CARTESIAN_POINT('',(-18.23574158107,-17.82261880403,
    81.510714529303));
#15006 = CARTESIAN_POINT('',(-18.2469684116,-17.82087075192,
    81.512462581412));
#15007 = CARTESIAN_POINT('',(-18.25847864641,-17.81903037435,
    81.514302958974));
#15008 = CARTESIAN_POINT('',(-18.27021117019,-17.81711254947,
    81.516220783855));
#15009 = CARTESIAN_POINT('',(-18.28212061416,-17.81512809257,
    81.518205240762));
#15010 = CARTESIAN_POINT('',(-18.29417232331,-17.81308516446,
    81.52024816887));
#15011 = CARTESIAN_POINT('',(-18.30633904571,-17.81099017912,
    81.522343154213));
#15012 = CARTESIAN_POINT('',(-18.31859934384,-17.8088482105,
    81.52448512283));
#15013 = CARTESIAN_POINT('',(-18.34257738642,-17.80460134156,
    81.528731991771));
#15014 = CARTESIAN_POINT('',(-18.35428454196,-17.80250157465,
    81.530831758683));
#15015 = CARTESIAN_POINT('',(-18.36604442395,-17.80036698917,
    81.532966344163));
#15016 = CARTESIAN_POINT('',(-18.37784454834,-17.79820037321,
    81.535132960115));
#15017 = CARTESIAN_POINT('',(-18.38967440295,-17.79600399188,
    81.537329341447));
#15018 = CARTESIAN_POINT('',(-18.40152513268,-17.79377966741,
    81.539553665923));
#15019 = CARTESIAN_POINT('',(-18.41338922481,-17.79152885932,
    81.541804474009));
#15020 = CARTESIAN_POINT('',(-18.43043960057,-17.78825965611,
    81.545073677214));
#15021 = CARTESIAN_POINT('',(-18.43562028678,-17.78726175518,
    81.546071578154));
#15022 = CARTESIAN_POINT('',(-18.44080170895,-17.78625913968,
    81.547074193646));
#15023 = CARTESIAN_POINT('',(-18.44598335702,-17.7852518976,
    81.548081435731));
#15024 = CARTESIAN_POINT('',(-18.45116475473,-17.78424010694,
    81.549093226385));
#15025 = CARTESIAN_POINT('',(-18.45634545965,-17.78322383581,
    81.550109497522));
#15026 = CARTESIAN_POINT('',(-18.46152506314,-17.78220314234,
    81.551130190994));
#15027 = CARTESIAN_POINT('',(-18.50898172609,-17.77280857075,
    81.560524762581));
#15028 = CARTESIAN_POINT('',(-18.55116078594,-17.76414767793,
    81.569185655399));
#15029 = CARTESIAN_POINT('',(-18.59303393739,-17.75522223579,
    81.578111097539));
#15030 = CARTESIAN_POINT('',(-18.63453965713,-17.74601602423,
    81.587317309098));
#15031 = CARTESIAN_POINT('',(-18.67570275141,-17.73648359448,
    81.59684973885));
#15032 = CARTESIAN_POINT('',(-18.71677266981,-17.72651601457,
    81.606817318757));
#15033 = CARTESIAN_POINT('',(-18.75803255641,-17.71600547444,
    81.617327858887));
#15034 = CARTESIAN_POINT('',(-18.8189226822,-17.69973004176,
    81.633603291569));
#15035 = CARTESIAN_POINT('',(-18.83822959461,-17.69445925037,
    81.63887408296));
#15036 = CARTESIAN_POINT('',(-18.85763982702,-17.68904815609,
    81.644285177236));
#15037 = CARTESIAN_POINT('',(-18.87716879767,-17.68349059854,
    81.649842734788));
#15038 = CARTESIAN_POINT('',(-18.89682677973,-17.67778219097,
    81.655551142357));
#15039 = CARTESIAN_POINT('',(-18.91661801284,-17.67192051459,
    81.661412818742));
#15040 = CARTESIAN_POINT('',(-18.93654078353,-17.66590504781,
    81.66742828552));
#15041 = CARTESIAN_POINT('',(-19.00428433385,-17.64506190242,
    81.688271430911));
#15042 = CARTESIAN_POINT('',(-19.05268988305,-17.62952158714,
    81.703811746192));
#15043 = CARTESIAN_POINT('',(-19.10171965624,-17.61312863865,
    81.720204694678));
#15044 = CARTESIAN_POINT('',(-19.15118627765,-17.59592906675,
    81.737404266583));
#15045 = CARTESIAN_POINT('',(-19.20087186609,-17.57797238647,
    81.755360946857));
#15046 = CARTESIAN_POINT('',(-19.25057109488,-17.55930007784,
    81.774033255494));
#15047 = CARTESIAN_POINT('',(-19.30008864258,-17.53994313151,
    81.79339020182));
#15048 = CARTESIAN_POINT('',(-19.36911180975,-17.51178611809,
    81.821547215236));
#15049 = CARTESIAN_POINT('',(-19.38897682427,-17.50354332929,
    81.829790004038));
#15050 = CARTESIAN_POINT('',(-19.40875329058,-17.49519203862,
    81.83814129471));
#15051 = CARTESIAN_POINT('',(-19.42842147796,-17.48673335804,
    81.846599975292));
#15052 = CARTESIAN_POINT('',(-19.44795824237,-17.47816868777,
    81.855164645563));
#15053 = CARTESIAN_POINT('',(-19.46733527417,-17.46949975961,
    81.863833573722));
#15054 = CARTESIAN_POINT('',(-19.48651479881,-17.46072869851,
    81.872604634818));
#15055 = CARTESIAN_POINT('',(-19.50544273038,-17.45185810241,
    81.881475230917));
#15056 = PCURVE('',#8252,#15057);
#15057 = DEFINITIONAL_REPRESENTATION('',(#15058),#15110);
#15058 = B_SPLINE_CURVE_WITH_KNOTS('',8,(#15059,#15060,#15061,#15062,
    #15063,#15064,#15065,#15066,#15067,#15068,#15069,#15070,#15071,
    #15072,#15073,#15074,#15075,#15076,#15077,#15078,#15079,#15080,
    #15081,#15082,#15083,#15084,#15085,#15086,#15087,#15088,#15089,
    #15090,#15091,#15092,#15093,#15094,#15095,#15096,#15097,#15098,
    #15099,#15100,#15101,#15102,#15103,#15104,#15105,#15106,#15107,
    #15108,#15109),.UNSPECIFIED.,.F.,.F.,(9,7,7,7,7,7,7,9),(0.,
    8.030431825233E-02,0.156060982833,0.189114269209,0.458988776768,
    0.583487910046,0.879686269161,1.),.UNSPECIFIED.);
#15059 = CARTESIAN_POINT('',(2.577572231696,-161.5430228596));
#15060 = CARTESIAN_POINT('',(2.575100112696,-161.5542496901));
#15061 = CARTESIAN_POINT('',(2.572497425788,-161.5657599249));
#15062 = CARTESIAN_POINT('',(2.569785211831,-161.5774924487));
#15063 = CARTESIAN_POINT('',(2.566978765959,-161.5894018926));
#15064 = CARTESIAN_POINT('',(2.564089629321,-161.6014536018));
#15065 = CARTESIAN_POINT('',(2.561126872636,-161.6136203242));
#15066 = CARTESIAN_POINT('',(2.558097671568,-161.6258806223));
#15067 = CARTESIAN_POINT('',(2.552091691914,-161.6498586649));
#15068 = CARTESIAN_POINT('',(2.549122173069,-161.6615658204));
#15069 = CARTESIAN_POINT('',(2.546103413333,-161.6733257024));
#15070 = CARTESIAN_POINT('',(2.54303935567,-161.6851258268));
#15071 = CARTESIAN_POINT('',(2.539933203402,-161.6969556814));
#15072 = CARTESIAN_POINT('',(2.536787533561,-161.7088064112));
#15073 = CARTESIAN_POINT('',(2.533604410239,-161.7206705033));
#15074 = CARTESIAN_POINT('',(2.528981058728,-161.737720879));
#15075 = CARTESIAN_POINT('',(2.527569813686,-161.7429015653));
#15076 = CARTESIAN_POINT('',(2.526151901259,-161.7480829874));
#15077 = CARTESIAN_POINT('',(2.524727445842,-161.7532646355));
#15078 = CARTESIAN_POINT('',(2.523296557776,-161.7584460332));
#15079 = CARTESIAN_POINT('',(2.521859333351,-161.7636267381));
#15080 = CARTESIAN_POINT('',(2.520415854801,-161.7688063416));
#15081 = CARTESIAN_POINT('',(2.507129924249,-161.8162630046));
#15082 = CARTESIAN_POINT('',(2.494881572163,-161.8584420644));
#15083 = CARTESIAN_POINT('',(2.482259090839,-161.9003152159));
#15084 = CARTESIAN_POINT('',(2.469239541594,-161.9418209356));
#15085 = CARTESIAN_POINT('',(2.455758650157,-161.9829840299));
#15086 = CARTESIAN_POINT('',(2.441662363468,-162.0240539483));
#15087 = CARTESIAN_POINT('',(2.426798215068,-162.0653138349));
#15088 = CARTESIAN_POINT('',(2.403781277436,-162.1262039607));
#15089 = CARTESIAN_POINT('',(2.396327252767,-162.1455108731));
#15090 = CARTESIAN_POINT('',(2.388674809853,-162.1649211055));
#15091 = CARTESIAN_POINT('',(2.38081523659,-162.1844500762));
#15092 = CARTESIAN_POINT('',(2.372742329187,-162.2041080582));
#15093 = CARTESIAN_POINT('',(2.364452666945,-162.2238992913));
#15094 = CARTESIAN_POINT('',(2.355945512244,-162.243822062));
#15095 = CARTESIAN_POINT('',(2.326468853349,-162.3115656123));
#15096 = CARTESIAN_POINT('',(2.304491528714,-162.3599711615));
#15097 = CARTESIAN_POINT('',(2.281308398638,-162.4090009347));
#15098 = CARTESIAN_POINT('',(2.256984530784,-162.4584675561));
#15099 = CARTESIAN_POINT('',(2.231589950005,-162.5081531446));
#15100 = CARTESIAN_POINT('',(2.20518331789,-162.5578523734));
#15101 = CARTESIAN_POINT('',(2.17780846187,-162.6073699211));
#15102 = CARTESIAN_POINT('',(2.13798843162,-162.6763930882));
#15103 = CARTESIAN_POINT('',(2.126331367905,-162.6962581028));
#15104 = CARTESIAN_POINT('',(2.114520859374,-162.7160345691));
#15105 = CARTESIAN_POINT('',(2.102558478575,-162.7357027564));
#15106 = CARTESIAN_POINT('',(2.09044620572,-162.7552395208));
#15107 = CARTESIAN_POINT('',(2.078186489946,-162.7746165527));
#15108 = CARTESIAN_POINT('',(2.065782336389,-162.7937960773));
#15109 = CARTESIAN_POINT('',(2.053237419078,-162.8127240089));
#15110 = ( GEOMETRIC_REPRESENTATION_CONTEXT(2) 
PARAMETRIC_REPRESENTATION_CONTEXT() REPRESENTATION_CONTEXT('2D SPACE',''
  ) );
#15111 = PCURVE('',#8161,#15112);
#15112 = DEFINITIONAL_REPRESENTATION('',(#15113),#15165);
#15113 = B_SPLINE_CURVE_WITH_KNOTS('',8,(#15114,#15115,#15116,#15117,
    #15118,#15119,#15120,#15121,#15122,#15123,#15124,#15125,#15126,
    #15127,#15128,#15129,#15130,#15131,#15132,#15133,#15134,#15135,
    #15136,#15137,#15138,#15139,#15140,#15141,#15142,#15143,#15144,
    #15145,#15146,#15147,#15148,#15149,#15150,#15151,#15152,#15153,
    #15154,#15155,#15156,#15157,#15158,#15159,#15160,#15161,#15162,
    #15163,#15164),.UNSPECIFIED.,.F.,.F.,(9,7,7,7,7,7,7,9),(0.,
    8.030431825233E-02,0.156060982833,0.189114269209,0.458988776768,
    0.583487910046,0.879686269161,1.),.UNSPECIFIED.);
#15114 = CARTESIAN_POINT('',(1.,0.844815239684));
#15115 = CARTESIAN_POINT('',(0.987161092012,0.843871312604));
#15116 = CARTESIAN_POINT('',(0.974600989739,0.842897644609));
#15117 = CARTESIAN_POINT('',(0.962270969791,0.841900543151));
#15118 = CARTESIAN_POINT('',(0.950134898799,0.840884649576));
#15119 = CARTESIAN_POINT('',(0.938163916131,0.839853485844));
#15120 = CARTESIAN_POINT('',(0.926332917233,0.83880981415));
#15121 = CARTESIAN_POINT('',(0.914618837611,0.83775580945));
#15122 = CARTESIAN_POINT('',(0.8920405732,0.835690464933));
#15123 = CARTESIAN_POINT('',(0.881167518474,0.834680263033));
#15124 = CARTESIAN_POINT('',(0.870365480105,0.833663914233));
#15125 = CARTESIAN_POINT('',(0.859620719764,0.832642643511));
#15126 = CARTESIAN_POINT('',(0.848921477095,0.831617460589));
#15127 = CARTESIAN_POINT('',(0.838257592867,0.830589194764));
#15128 = CARTESIAN_POINT('',(0.827620132116,0.829558529724));
#15129 = CARTESIAN_POINT('',(0.812367791519,0.828075553496));
#15130 = CARTESIAN_POINT('',(0.807738104534,0.827624723399));
#15131 = CARTESIAN_POINT('',(0.803111304706,0.827173595835));
#15132 = CARTESIAN_POINT('',(0.798486791554,0.826722214806));
#15133 = CARTESIAN_POINT('',(0.793864005752,0.826270620566));
#15134 = CARTESIAN_POINT('',(0.789242429128,0.825818849618));
#15135 = CARTESIAN_POINT('',(0.784621584667,0.82536693472));
#15136 = CARTESIAN_POINT('',(0.742275040214,0.821224157496));
#15137 = CARTESIAN_POINT('',(0.704570058222,0.817525847127));
#15138 = CARTESIAN_POINT('',(0.666644573776,0.813836002624));
#15139 = CARTESIAN_POINT('',(0.628443689612,0.810154958832));
#15140 = CARTESIAN_POINT('',(0.590027441332,0.806473619725));
#15141 = CARTESIAN_POINT('',(0.551739081144,0.802762306138));
#15142 = CARTESIAN_POINT('',(0.513961783743,0.798992183134));
#15143 = CARTESIAN_POINT('',(0.459950679803,0.793366733304));
#15144 = CARTESIAN_POINT('',(0.443075830111,0.791574144008));
#15145 = CARTESIAN_POINT('',(0.426409317116,0.789763082619));
#15146 = CARTESIAN_POINT('',(0.409980301518,0.787932205002));
#15147 = CARTESIAN_POINT('',(0.393812089329,0.78608073503));
#15148 = CARTESIAN_POINT('',(0.377920971189,0.784208515198));
#15149 = CARTESIAN_POINT('',(0.362316402086,0.782315967025));
#15150 = CARTESIAN_POINT('',(0.310568964132,0.775855070367));
#15151 = CARTESIAN_POINT('',(0.275778250709,0.771195797275));
#15152 = CARTESIAN_POINT('',(0.242684898728,0.766437547992));
#15153 = CARTESIAN_POINT('',(0.211104886284,0.761600967496));
#15154 = CARTESIAN_POINT('',(0.180760983996,0.756707124275));
#15155 = CARTESIAN_POINT('',(0.151360438332,0.751773998038));
#15156 = CARTESIAN_POINT('',(0.122589099855,0.746817006282));
#15157 = CARTESIAN_POINT('',(8.239586848852E-02,0.739835678211));
#15158 = CARTESIAN_POINT('',(7.081744502973E-02,0.737817943896));
#15159 = CARTESIAN_POINT('',(5.924125829939E-02,0.735800074218));
#15160 = CARTESIAN_POINT('',(4.763335480286E-02,0.733783280941));
#15161 = CARTESIAN_POINT('',(3.595656914175E-02,0.731768975029));
#15162 = CARTESIAN_POINT('',(2.416749456184E-02,0.729758862659));
#15163 = CARTESIAN_POINT('',(1.220924376714E-02,0.727755178124));
#15164 = CARTESIAN_POINT('',(0.,0.725761053607));
#15165 = ( GEOMETRIC_REPRESENTATION_CONTEXT(2) 
PARAMETRIC_REPRESENTATION_CONTEXT() REPRESENTATION_CONTEXT('2D SPACE',''
  ) );
#15166 = ORIENTED_EDGE('',*,*,#8232,.T.);
#15167 = ORIENTED_EDGE('',*,*,#14954,.F.);
#15168 = ORIENTED_EDGE('',*,*,#13325,.T.);
#15169 = ORIENTED_EDGE('',*,*,#15170,.F.);
#15170 = EDGE_CURVE('',#12552,#13326,#15171,.T.);
#15171 = SURFACE_CURVE('',#15172,(#15217,#15265),.PCURVE_S1.);
#15172 = B_SPLINE_CURVE_WITH_KNOTS('',7,(#15173,#15174,#15175,#15176,
    #15177,#15178,#15179,#15180,#15181,#15182,#15183,#15184,#15185,
    #15186,#15187,#15188,#15189,#15190,#15191,#15192,#15193,#15194,
    #15195,#15196,#15197,#15198,#15199,#15200,#15201,#15202,#15203,
    #15204,#15205,#15206,#15207,#15208,#15209,#15210,#15211,#15212,
    #15213,#15214,#15215,#15216),.UNSPECIFIED.,.F.,.F.,(8,6,6,6,6,6,6,8)
  ,(0.,0.120301962034,0.416502679509,0.647383854521,0.809987330767,
    0.905806495377,0.985750024887,1.),.UNSPECIFIED.);
#15173 = CARTESIAN_POINT('',(19.505442730389,-17.45185810241,
    81.881475230917));
#15174 = CARTESIAN_POINT('',(19.483812426064,-17.46199516849,
    81.871338164834));
#15175 = CARTESIAN_POINT('',(19.461846714164,-17.47199954121,
    81.861333792115));
#15176 = CARTESIAN_POINT('',(19.439632113266,-17.48186706463,
    81.851466268697));
#15177 = CARTESIAN_POINT('',(19.417222528328,-17.49159452862,
    81.841738804712));
#15178 = CARTESIAN_POINT('',(19.394657501783,-17.50117945602,
    81.832153877312));
#15179 = CARTESIAN_POINT('',(19.371970279999,-17.51061996284,
    81.822713370492));
#15180 = CARTESIAN_POINT('',(19.293086773027,-17.54279964883,
    81.790533684501));
#15181 = CARTESIAN_POINT('',(19.236411193178,-17.56479571697,
    81.768537616362));
#15182 = CARTESIAN_POINT('',(19.179560190228,-17.58587408225,
    81.74745925108));
#15183 = CARTESIAN_POINT('',(19.122824132251,-17.60597996322,
    81.727353370111));
#15184 = CARTESIAN_POINT('',(19.0665570264,-17.62503925923,
    81.708294074104));
#15185 = CARTESIAN_POINT('',(19.011099474767,-17.64296504225,
    81.690368291081));
#15186 = CARTESIAN_POINT('',(18.914098063474,-17.67281015838,
    81.66052317495));
#15187 = CARTESIAN_POINT('',(18.87218423891,-17.68518188387,
    81.648151449462));
#15188 = CARTESIAN_POINT('',(18.830912721653,-17.69684195848,
    81.63649137485));
#15189 = CARTESIAN_POINT('',(18.790243968379,-17.70781486265,
    81.625518470681));
#15190 = CARTESIAN_POINT('',(18.749916264612,-17.71819230404,
    81.615141029293));
#15191 = CARTESIAN_POINT('',(18.709651399923,-17.72808487535,
    81.605248457982));
#15192 = CARTESIAN_POINT('',(18.64083353296,-17.74426146968,
    81.589071863653));
#15193 = CARTESIAN_POINT('',(18.612334876405,-17.75074832887,
    81.582585004459));
#15194 = CARTESIAN_POINT('',(18.583712065852,-17.75706706502,
    81.576266268306));
#15195 = CARTESIAN_POINT('',(18.554930122566,-17.76324047623,
    81.570092857101));
#15196 = CARTESIAN_POINT('',(18.525990025653,-17.76928090544,
    81.56405242789));
#15197 = CARTESIAN_POINT('',(18.496929911081,-17.77518931132,
    81.55814402201));
#15198 = CARTESIAN_POINT('',(18.450666562263,-17.7843555273,
    81.548977806025));
#15199 = CARTESIAN_POINT('',(18.433495876773,-17.78770525537,
    81.545628077963));
#15200 = CARTESIAN_POINT('',(18.416322668736,-17.79100415907,
    81.542329174261));
#15201 = CARTESIAN_POINT('',(18.399165309929,-17.79424920831,
    81.539084125015));
#15202 = CARTESIAN_POINT('',(18.382047761622,-17.79743579555,
    81.535897537775));
#15203 = CARTESIAN_POINT('',(18.365001212743,-17.80055732877,
    81.532776004557));
#15204 = CARTESIAN_POINT('',(18.333936151936,-17.80614740103,
    81.527185932301));
#15205 = CARTESIAN_POINT('',(18.319885594129,-17.80863815731,
    81.524695176018));
#15206 = CARTESIAN_POINT('',(18.30593690309,-17.81107181528,
    81.522261518047));
#15207 = CARTESIAN_POINT('',(18.292118550414,-17.8134418399,
    81.519891493431));
#15208 = CARTESIAN_POINT('',(18.278469228811,-17.81573921581,
    81.517594117522));
#15209 = CARTESIAN_POINT('',(18.265042460093,-17.81795122403,
    81.5153821093));
#15210 = CARTESIAN_POINT('',(18.249570549876,-17.82043614802,
    81.512897185307));
#15211 = CARTESIAN_POINT('',(18.247239349166,-17.82080879241,
    81.512524540915));
#15212 = CARTESIAN_POINT('',(18.244918036782,-17.82117804752,
    81.512155285808));
#15213 = CARTESIAN_POINT('',(18.242607082636,-17.8215438009,
    81.511789532432));
#15214 = CARTESIAN_POINT('',(18.240306990796,-17.82190593195,
    81.511427401376));
#15215 = CARTESIAN_POINT('',(18.238018299484,-17.82226431195,
    81.511069021375));
#15216 = CARTESIAN_POINT('',(18.235741581076,-17.82261880403,
    81.510714529303));
#15217 = PCURVE('',#8252,#15218);
#15218 = DEFINITIONAL_REPRESENTATION('',(#15219),#15264);
#15219 = B_SPLINE_CURVE_WITH_KNOTS('',7,(#15220,#15221,#15222,#15223,
    #15224,#15225,#15226,#15227,#15228,#15229,#15230,#15231,#15232,
    #15233,#15234,#15235,#15236,#15237,#15238,#15239,#15240,#15241,
    #15242,#15243,#15244,#15245,#15246,#15247,#15248,#15249,#15250,
    #15251,#15252,#15253,#15254,#15255,#15256,#15257,#15258,#15259,
    #15260,#15261,#15262,#15263),.UNSPECIFIED.,.F.,.F.,(8,6,6,6,6,6,6,8)
  ,(0.,0.120301962034,0.416502679509,0.647383854521,0.809987330767,
    0.905806495377,0.985750024887,1.),.UNSPECIFIED.);
#15220 = CARTESIAN_POINT('',(2.053237419078,-123.8018385481));
#15221 = CARTESIAN_POINT('',(2.067573395415,-123.8234688524));
#15222 = CARTESIAN_POINT('',(2.081721714998,-123.8454345643));
#15223 = CARTESIAN_POINT('',(2.095676500443,-123.8676491652));
#15224 = CARTESIAN_POINT('',(2.109433211938,-123.8900587501));
#15225 = CARTESIAN_POINT('',(2.122988346262,-123.9126237767));
#15226 = CARTESIAN_POINT('',(2.136339239042,-123.9353109985));
#15227 = CARTESIAN_POINT('',(2.181848187403,-124.0141945054));
#15228 = CARTESIAN_POINT('',(2.212955325284,-124.0708700853));
#15229 = CARTESIAN_POINT('',(2.242764635338,-124.1277210882));
#15230 = CARTESIAN_POINT('',(2.271198644889,-124.1844571462));
#15231 = CARTESIAN_POINT('',(2.298152559791,-124.2407242521));
#15232 = CARTESIAN_POINT('',(2.323503445259,-124.2961818037));
#15233 = CARTESIAN_POINT('',(2.365710813262,-124.393183215));
#15234 = CARTESIAN_POINT('',(2.383207075236,-124.4350970396));
#15235 = CARTESIAN_POINT('',(2.399696910891,-124.4763685568));
#15236 = CARTESIAN_POINT('',(2.415214940786,-124.5170373101));
#15237 = CARTESIAN_POINT('',(2.429890859139,-124.5573650139));
#15238 = CARTESIAN_POINT('',(2.443881067654,-124.5976298786));
#15239 = CARTESIAN_POINT('',(2.466758226747,-124.6664477455));
#15240 = CARTESIAN_POINT('',(2.475932030996,-124.6949464021));
#15241 = CARTESIAN_POINT('',(2.484868073361,-124.7235692126));
#15242 = CARTESIAN_POINT('',(2.493598595214,-124.7523511559));
#15243 = CARTESIAN_POINT('',(2.502141052125,-124.7812912528));
#15244 = CARTESIAN_POINT('',(2.510496799853,-124.8103513674));
#15245 = CARTESIAN_POINT('',(2.523459786815,-124.8566147162));
#15246 = CARTESIAN_POINT('',(2.52819701767,-124.8737854017));
#15247 = CARTESIAN_POINT('',(2.532862372027,-124.8909586097));
#15248 = CARTESIAN_POINT('',(2.53745156468,-124.9081159685));
#15249 = CARTESIAN_POINT('',(2.541958079573,-124.9252335169));
#15250 = CARTESIAN_POINT('',(2.546372594186,-124.9422800657));
#15251 = CARTESIAN_POINT('',(2.554278150184,-124.9733451265));
#15252 = CARTESIAN_POINT('',(2.557800611501,-124.9873956843));
#15253 = CARTESIAN_POINT('',(2.561242323609,-125.0013443754));
#15254 = CARTESIAN_POINT('',(2.564594044565,-125.0151627281));
#15255 = CARTESIAN_POINT('',(2.567843024733,-125.0288120497));
#15256 = CARTESIAN_POINT('',(2.57097127676,-125.0422388184));
#15257 = CARTESIAN_POINT('',(2.574485489974,-125.0577107286));
#15258 = CARTESIAN_POINT('',(2.575012488726,-125.0600419293));
#15259 = CARTESIAN_POINT('',(2.575534694307,-125.0623632417));
#15260 = CARTESIAN_POINT('',(2.576051947692,-125.0646741958));
#15261 = CARTESIAN_POINT('',(2.576564078341,-125.0669742877));
#15262 = CARTESIAN_POINT('',(2.5770709042,-125.069262979));
#15263 = CARTESIAN_POINT('',(2.577572231696,-125.0715396974));
#15264 = ( GEOMETRIC_REPRESENTATION_CONTEXT(2) 
PARAMETRIC_REPRESENTATION_CONTEXT() REPRESENTATION_CONTEXT('2D SPACE',''
  ) );
#15265 = PCURVE('',#12572,#15266);
#15266 = DEFINITIONAL_REPRESENTATION('',(#15267),#15312);
#15267 = B_SPLINE_CURVE_WITH_KNOTS('',7,(#15268,#15269,#15270,#15271,
    #15272,#15273,#15274,#15275,#15276,#15277,#15278,#15279,#15280,
    #15281,#15282,#15283,#15284,#15285,#15286,#15287,#15288,#15289,
    #15290,#15291,#15292,#15293,#15294,#15295,#15296,#15297,#15298,
    #15299,#15300,#15301,#15302,#15303,#15304,#15305,#15306,#15307,
    #15308,#15309,#15310,#15311),.UNSPECIFIED.,.F.,.F.,(8,6,6,6,6,6,6,8)
  ,(0.,0.120301962034,0.416502679509,0.647383854521,0.809987330767,
    0.905806495377,0.985750024887,1.),.UNSPECIFIED.);
#15268 = CARTESIAN_POINT('',(1.,0.725761053607));
#15269 = CARTESIAN_POINT('',(0.986047621885,0.728039882648));
#15270 = CARTESIAN_POINT('',(0.972429850923,0.730331456506));
#15271 = CARTESIAN_POINT('',(0.959015809566,0.732630764762));
#15272 = CARTESIAN_POINT('',(0.945724464963,0.734934592293));
#15273 = CARTESIAN_POINT('',(0.932494108464,0.737240533524));
#15274 = CARTESIAN_POINT('',(0.919268668154,0.739546553994));
#15275 = CARTESIAN_POINT('',(0.873333590382,0.747525220832));
#15276 = CARTESIAN_POINT('',(0.840415313315,0.753189066953));
#15277 = CARTESIAN_POINT('',(0.806540520354,0.758816784672));
#15278 = CARTESIAN_POINT('',(0.771257226178,0.76438399997));
#15279 = CARTESIAN_POINT('',(0.734086001693,0.76985901258));
#15280 = CARTESIAN_POINT('',(0.694636945865,0.77520509105));
#15281 = CARTESIAN_POINT('',(0.620540211738,0.784456393427));
#15282 = CARTESIAN_POINT('',(0.586751733896,0.788419241798));
#15283 = CARTESIAN_POINT('',(0.551680896261,0.792283795943));
#15284 = CARTESIAN_POINT('',(0.51547864719,0.796051045098));
#15285 = CARTESIAN_POINT('',(0.4785501119,0.799743964865));
#15286 = CARTESIAN_POINT('',(0.441307137214,0.803392063127));
#15287 = CARTESIAN_POINT('',(0.37771837536,0.809569407331));
#15288 = CARTESIAN_POINT('',(0.351404033592,0.812110804397));
#15289 = CARTESIAN_POINT('',(0.325141862966,0.814648506569));
#15290 = CARTESIAN_POINT('',(0.298985108159,0.81718789995));
#15291 = CARTESIAN_POINT('',(0.27294161949,0.819730994978));
#15292 = CARTESIAN_POINT('',(0.246972054694,0.822275968852));
#15293 = CARTESIAN_POINT('',(0.205688496888,0.826314986164));
#15294 = CARTESIAN_POINT('',(0.190379214345,0.827811335869));
#15295 = CARTESIAN_POINT('',(0.175049965116,0.829305306604));
#15296 = CARTESIAN_POINT('',(0.159678864148,0.830795348194));
#15297 = CARTESIAN_POINT('',(0.144238152782,0.832279297718));
#15298 = CARTESIAN_POINT('',(0.128692213946,0.833754194133));
#15299 = CARTESIAN_POINT('',(9.989962959067E-02,0.83643577946));
#15300 = CARTESIAN_POINT('',(8.670074810867E-02,0.837646276057));
#15301 = CARTESIAN_POINT('',(7.336935203058E-02,0.838845296144));
#15302 = CARTESIAN_POINT('',(5.98750594009E-02,0.840029995651));
#15303 = CARTESIAN_POINT('',(4.618173673101E-02,0.841196472801));
#15304 = CARTESIAN_POINT('',(3.224253855252E-02,0.842339267931));
#15305 = CARTESIAN_POINT('',(1.5455306468E-02,0.843649005746));
#15306 = CARTESIAN_POINT('',(1.290590619858E-02,0.84384615119));
#15307 = CARTESIAN_POINT('',(1.034640398081E-02,0.844042255008));
#15308 = CARTESIAN_POINT('',(7.776442433291E-03,0.844237269092));
#15309 = CARTESIAN_POINT('',(5.19564897473E-03,0.844431141857));
#15310 = CARTESIAN_POINT('',(2.603635823974E-03,0.844623818236));
#15311 = CARTESIAN_POINT('',(0.,0.844815239684));
#15312 = ( GEOMETRIC_REPRESENTATION_CONTEXT(2) 
PARAMETRIC_REPRESENTATION_CONTEXT() REPRESENTATION_CONTEXT('2D SPACE',''
  ) );
#15313 = ADVANCED_FACE('',(#15314),#8161,.T.);
#15314 = FACE_BOUND('',#15315,.T.);
#15315 = EDGE_LOOP('',(#15316,#15317,#15318,#15319));
#15316 = ORIENTED_EDGE('',*,*,#9031,.F.);
#15317 = ORIENTED_EDGE('',*,*,#8356,.T.);
#15318 = ORIENTED_EDGE('',*,*,#8140,.T.);
#15319 = ORIENTED_EDGE('',*,*,#15002,.T.);
#15320 = ADVANCED_FACE('',(#15321),#8991,.T.);
#15321 = FACE_BOUND('',#15322,.T.);
#15322 = EDGE_LOOP('',(#15323,#15324,#15345,#15346));
#15323 = ORIENTED_EDGE('',*,*,#12671,.T.);
#15324 = ORIENTED_EDGE('',*,*,#15325,.T.);
#15325 = EDGE_CURVE('',#12672,#8943,#15326,.T.);
#15326 = SURFACE_CURVE('',#15327,(#15331,#15338),.PCURVE_S1.);
#15327 = LINE('',#15328,#15329);
#15328 = CARTESIAN_POINT('',(143.30728127852,-18.,85.333333333333));
#15329 = VECTOR('',#15330,1.);
#15330 = DIRECTION('',(-1.,0.,0.));
#15331 = PCURVE('',#8991,#15332);
#15332 = DEFINITIONAL_REPRESENTATION('',(#15333),#15337);
#15333 = LINE('',#15334,#15335);
#15334 = CARTESIAN_POINT('',(0.,0.));
#15335 = VECTOR('',#15336,1.);
#15336 = DIRECTION('',(0.,-1.));
#15337 = ( GEOMETRIC_REPRESENTATION_CONTEXT(2) 
PARAMETRIC_REPRESENTATION_CONTEXT() REPRESENTATION_CONTEXT('2D SPACE',''
  ) );
#15338 = PCURVE('',#8958,#15339);
#15339 = DEFINITIONAL_REPRESENTATION('',(#15340),#15344);
#15340 = LINE('',#15341,#15342);
#15341 = CARTESIAN_POINT('',(21.981237626022,143.3072812853));
#15342 = VECTOR('',#15343,1.);
#15343 = DIRECTION('',(-0.,-1.));
#15344 = ( GEOMETRIC_REPRESENTATION_CONTEXT(2) 
PARAMETRIC_REPRESENTATION_CONTEXT() REPRESENTATION_CONTEXT('2D SPACE',''
  ) );
#15345 = ORIENTED_EDGE('',*,*,#8970,.T.);
#15346 = ORIENTED_EDGE('',*,*,#14980,.F.);
#15347 = ADVANCED_FACE('',(#15348),#8958,.F.);
#15348 = FACE_BOUND('',#15349,.F.);
#15349 = EDGE_LOOP('',(#15350,#15351,#15352,#15373));
#15350 = ORIENTED_EDGE('',*,*,#15325,.T.);
#15351 = ORIENTED_EDGE('',*,*,#8942,.F.);
#15352 = ORIENTED_EDGE('',*,*,#15353,.F.);
#15353 = EDGE_CURVE('',#12700,#8910,#15354,.T.);
#15354 = SURFACE_CURVE('',#15355,(#15359,#15366),.PCURVE_S1.);
#15355 = LINE('',#15356,#15357);
#15356 = CARTESIAN_POINT('',(143.30728127852,-18.,85.962962962963));
#15357 = VECTOR('',#15358,1.);
#15358 = DIRECTION('',(-1.,0.,0.));
#15359 = PCURVE('',#8958,#15360);
#15360 = DEFINITIONAL_REPRESENTATION('',(#15361),#15365);
#15361 = LINE('',#15362,#15363);
#15362 = CARTESIAN_POINT('',(22.610867255651,143.3072812853));
#15363 = VECTOR('',#15364,1.);
#15364 = DIRECTION('',(-0.,-1.));
#15365 = ( GEOMETRIC_REPRESENTATION_CONTEXT(2) 
PARAMETRIC_REPRESENTATION_CONTEXT() REPRESENTATION_CONTEXT('2D SPACE',''
  ) );
#15366 = PCURVE('',#8930,#15367);
#15367 = DEFINITIONAL_REPRESENTATION('',(#15368),#15372);
#15368 = LINE('',#15369,#15370);
#15369 = CARTESIAN_POINT('',(2.828427124746,0.));
#15370 = VECTOR('',#15371,1.);
#15371 = DIRECTION('',(-0.,-1.));
#15372 = ( GEOMETRIC_REPRESENTATION_CONTEXT(2) 
PARAMETRIC_REPRESENTATION_CONTEXT() REPRESENTATION_CONTEXT('2D SPACE',''
  ) );
#15373 = ORIENTED_EDGE('',*,*,#12699,.F.);
#15374 = ADVANCED_FACE('',(#15375),#8930,.T.);
#15375 = FACE_BOUND('',#15376,.T.);
#15376 = EDGE_LOOP('',(#15377,#15378,#15399,#15400));
#15377 = ORIENTED_EDGE('',*,*,#12722,.T.);
#15378 = ORIENTED_EDGE('',*,*,#15379,.T.);
#15379 = EDGE_CURVE('',#12723,#8877,#15380,.T.);
#15380 = SURFACE_CURVE('',#15381,(#15385,#15392),.PCURVE_S1.);
#15381 = LINE('',#15382,#15383);
#15382 = CARTESIAN_POINT('',(143.30728127852,-16.,87.962962962963));
#15383 = VECTOR('',#15384,1.);
#15384 = DIRECTION('',(-1.,0.,0.));
#15385 = PCURVE('',#8930,#15386);
#15386 = DEFINITIONAL_REPRESENTATION('',(#15387),#15391);
#15387 = LINE('',#15388,#15389);
#15388 = CARTESIAN_POINT('',(0.,0.));
#15389 = VECTOR('',#15390,1.);
#15390 = DIRECTION('',(-0.,-1.));
#15391 = ( GEOMETRIC_REPRESENTATION_CONTEXT(2) 
PARAMETRIC_REPRESENTATION_CONTEXT() REPRESENTATION_CONTEXT('2D SPACE',''
  ) );
#15392 = PCURVE('',#8897,#15393);
#15393 = DEFINITIONAL_REPRESENTATION('',(#15394),#15398);
#15394 = LINE('',#15395,#15396);
#15395 = CARTESIAN_POINT('',(2.828427124746,0.));
#15396 = VECTOR('',#15397,1.);
#15397 = DIRECTION('',(0.,-1.));
#15398 = ( GEOMETRIC_REPRESENTATION_CONTEXT(2) 
PARAMETRIC_REPRESENTATION_CONTEXT() REPRESENTATION_CONTEXT('2D SPACE',''
  ) );
#15399 = ORIENTED_EDGE('',*,*,#8909,.T.);
#15400 = ORIENTED_EDGE('',*,*,#15353,.F.);
#15401 = ADVANCED_FACE('',(#15402),#8897,.T.);
#15402 = FACE_BOUND('',#15403,.T.);
#15403 = EDGE_LOOP('',(#15404,#15405,#15426,#15427));
#15404 = ORIENTED_EDGE('',*,*,#12750,.T.);
#15405 = ORIENTED_EDGE('',*,*,#15406,.T.);
#15406 = EDGE_CURVE('',#12751,#8849,#15407,.T.);
#15407 = SURFACE_CURVE('',#15408,(#15412,#15419),.PCURVE_S1.);
#15408 = LINE('',#15409,#15410);
#15409 = CARTESIAN_POINT('',(143.30728127852,-18.,89.962962962963));
#15410 = VECTOR('',#15411,1.);
#15411 = DIRECTION('',(-1.,0.,0.));
#15412 = PCURVE('',#8897,#15413);
#15413 = DEFINITIONAL_REPRESENTATION('',(#15414),#15418);
#15414 = LINE('',#15415,#15416);
#15415 = CARTESIAN_POINT('',(0.,0.));
#15416 = VECTOR('',#15417,1.);
#15417 = DIRECTION('',(0.,-1.));
#15418 = ( GEOMETRIC_REPRESENTATION_CONTEXT(2) 
PARAMETRIC_REPRESENTATION_CONTEXT() REPRESENTATION_CONTEXT('2D SPACE',''
  ) );
#15419 = PCURVE('',#8864,#15420);
#15420 = DEFINITIONAL_REPRESENTATION('',(#15421),#15425);
#15421 = LINE('',#15422,#15423);
#15422 = CARTESIAN_POINT('',(26.610867255652,143.3072812853));
#15423 = VECTOR('',#15424,1.);
#15424 = DIRECTION('',(-0.,-1.));
#15425 = ( GEOMETRIC_REPRESENTATION_CONTEXT(2) 
PARAMETRIC_REPRESENTATION_CONTEXT() REPRESENTATION_CONTEXT('2D SPACE',''
  ) );
#15426 = ORIENTED_EDGE('',*,*,#8876,.T.);
#15427 = ORIENTED_EDGE('',*,*,#15379,.F.);
#15428 = ADVANCED_FACE('',(#15429),#8864,.F.);
#15429 = FACE_BOUND('',#15430,.F.);
#15430 = EDGE_LOOP('',(#15431,#15432,#15433,#15454));
#15431 = ORIENTED_EDGE('',*,*,#15406,.T.);
#15432 = ORIENTED_EDGE('',*,*,#8848,.F.);
#15433 = ORIENTED_EDGE('',*,*,#15434,.F.);
#15434 = EDGE_CURVE('',#12779,#8816,#15435,.T.);
#15435 = SURFACE_CURVE('',#15436,(#15440,#15447),.PCURVE_S1.);
#15436 = LINE('',#15437,#15438);
#15437 = CARTESIAN_POINT('',(143.30728127852,-18.,90.592592592592));
#15438 = VECTOR('',#15439,1.);
#15439 = DIRECTION('',(-1.,0.,0.));
#15440 = PCURVE('',#8864,#15441);
#15441 = DEFINITIONAL_REPRESENTATION('',(#15442),#15446);
#15442 = LINE('',#15443,#15444);
#15443 = CARTESIAN_POINT('',(27.240496885281,143.3072812853));
#15444 = VECTOR('',#15445,1.);
#15445 = DIRECTION('',(-0.,-1.));
#15446 = ( GEOMETRIC_REPRESENTATION_CONTEXT(2) 
PARAMETRIC_REPRESENTATION_CONTEXT() REPRESENTATION_CONTEXT('2D SPACE',''
  ) );
#15447 = PCURVE('',#8836,#15448);
#15448 = DEFINITIONAL_REPRESENTATION('',(#15449),#15453);
#15449 = LINE('',#15450,#15451);
#15450 = CARTESIAN_POINT('',(2.828427124746,0.));
#15451 = VECTOR('',#15452,1.);
#15452 = DIRECTION('',(-0.,-1.));
#15453 = ( GEOMETRIC_REPRESENTATION_CONTEXT(2) 
PARAMETRIC_REPRESENTATION_CONTEXT() REPRESENTATION_CONTEXT('2D SPACE',''
  ) );
#15454 = ORIENTED_EDGE('',*,*,#12778,.F.);
#15455 = ADVANCED_FACE('',(#15456),#8836,.T.);
#15456 = FACE_BOUND('',#15457,.T.);
#15457 = EDGE_LOOP('',(#15458,#15459,#15480,#15481));
#15458 = ORIENTED_EDGE('',*,*,#12801,.T.);
#15459 = ORIENTED_EDGE('',*,*,#15460,.T.);
#15460 = EDGE_CURVE('',#12802,#8783,#15461,.T.);
#15461 = SURFACE_CURVE('',#15462,(#15466,#15473),.PCURVE_S1.);
#15462 = LINE('',#15463,#15464);
#15463 = CARTESIAN_POINT('',(143.30728127852,-16.,92.592592592593));
#15464 = VECTOR('',#15465,1.);
#15465 = DIRECTION('',(-1.,0.,0.));
#15466 = PCURVE('',#8836,#15467);
#15467 = DEFINITIONAL_REPRESENTATION('',(#15468),#15472);
#15468 = LINE('',#15469,#15470);
#15469 = CARTESIAN_POINT('',(0.,0.));
#15470 = VECTOR('',#15471,1.);
#15471 = DIRECTION('',(-0.,-1.));
#15472 = ( GEOMETRIC_REPRESENTATION_CONTEXT(2) 
PARAMETRIC_REPRESENTATION_CONTEXT() REPRESENTATION_CONTEXT('2D SPACE',''
  ) );
#15473 = PCURVE('',#8803,#15474);
#15474 = DEFINITIONAL_REPRESENTATION('',(#15475),#15479);
#15475 = LINE('',#15476,#15477);
#15476 = CARTESIAN_POINT('',(2.828427124746,0.));
#15477 = VECTOR('',#15478,1.);
#15478 = DIRECTION('',(0.,-1.));
#15479 = ( GEOMETRIC_REPRESENTATION_CONTEXT(2) 
PARAMETRIC_REPRESENTATION_CONTEXT() REPRESENTATION_CONTEXT('2D SPACE',''
  ) );
#15480 = ORIENTED_EDGE('',*,*,#8815,.T.);
#15481 = ORIENTED_EDGE('',*,*,#15434,.F.);
#15482 = ADVANCED_FACE('',(#15483),#8803,.T.);
#15483 = FACE_BOUND('',#15484,.T.);
#15484 = EDGE_LOOP('',(#15485,#15486,#15507,#15508));
#15485 = ORIENTED_EDGE('',*,*,#12829,.T.);
#15486 = ORIENTED_EDGE('',*,*,#15487,.T.);
#15487 = EDGE_CURVE('',#12830,#8755,#15488,.T.);
#15488 = SURFACE_CURVE('',#15489,(#15493,#15500),.PCURVE_S1.);
#15489 = LINE('',#15490,#15491);
#15490 = CARTESIAN_POINT('',(143.30728127852,-18.,94.592592592593));
#15491 = VECTOR('',#15492,1.);
#15492 = DIRECTION('',(-1.,0.,0.));
#15493 = PCURVE('',#8803,#15494);
#15494 = DEFINITIONAL_REPRESENTATION('',(#15495),#15499);
#15495 = LINE('',#15496,#15497);
#15496 = CARTESIAN_POINT('',(0.,0.));
#15497 = VECTOR('',#15498,1.);
#15498 = DIRECTION('',(0.,-1.));
#15499 = ( GEOMETRIC_REPRESENTATION_CONTEXT(2) 
PARAMETRIC_REPRESENTATION_CONTEXT() REPRESENTATION_CONTEXT('2D SPACE',''
  ) );
#15500 = PCURVE('',#8770,#15501);
#15501 = DEFINITIONAL_REPRESENTATION('',(#15502),#15506);
#15502 = LINE('',#15503,#15504);
#15503 = CARTESIAN_POINT('',(31.240496885281,143.3072812853));
#15504 = VECTOR('',#15505,1.);
#15505 = DIRECTION('',(-0.,-1.));
#15506 = ( GEOMETRIC_REPRESENTATION_CONTEXT(2) 
PARAMETRIC_REPRESENTATION_CONTEXT() REPRESENTATION_CONTEXT('2D SPACE',''
  ) );
#15507 = ORIENTED_EDGE('',*,*,#8782,.T.);
#15508 = ORIENTED_EDGE('',*,*,#15460,.F.);
#15509 = ADVANCED_FACE('',(#15510),#8770,.F.);
#15510 = FACE_BOUND('',#15511,.F.);
#15511 = EDGE_LOOP('',(#15512,#15513,#15514,#15535));
#15512 = ORIENTED_EDGE('',*,*,#15487,.T.);
#15513 = ORIENTED_EDGE('',*,*,#8754,.F.);
#15514 = ORIENTED_EDGE('',*,*,#15515,.F.);
#15515 = EDGE_CURVE('',#12858,#8722,#15516,.T.);
#15516 = SURFACE_CURVE('',#15517,(#15521,#15528),.PCURVE_S1.);
#15517 = LINE('',#15518,#15519);
#15518 = CARTESIAN_POINT('',(143.30728127852,-18.,95.222222222222));
#15519 = VECTOR('',#15520,1.);
#15520 = DIRECTION('',(-1.,0.,0.));
#15521 = PCURVE('',#8770,#15522);
#15522 = DEFINITIONAL_REPRESENTATION('',(#15523),#15527);
#15523 = LINE('',#15524,#15525);
#15524 = CARTESIAN_POINT('',(31.870126514911,143.3072812853));
#15525 = VECTOR('',#15526,1.);
#15526 = DIRECTION('',(-0.,-1.));
#15527 = ( GEOMETRIC_REPRESENTATION_CONTEXT(2) 
PARAMETRIC_REPRESENTATION_CONTEXT() REPRESENTATION_CONTEXT('2D SPACE',''
  ) );
#15528 = PCURVE('',#8742,#15529);
#15529 = DEFINITIONAL_REPRESENTATION('',(#15530),#15534);
#15530 = LINE('',#15531,#15532);
#15531 = CARTESIAN_POINT('',(2.828427124746,0.));
#15532 = VECTOR('',#15533,1.);
#15533 = DIRECTION('',(-0.,-1.));
#15534 = ( GEOMETRIC_REPRESENTATION_CONTEXT(2) 
PARAMETRIC_REPRESENTATION_CONTEXT() REPRESENTATION_CONTEXT('2D SPACE',''
  ) );
#15535 = ORIENTED_EDGE('',*,*,#12857,.F.);
#15536 = ADVANCED_FACE('',(#15537),#8742,.T.);
#15537 = FACE_BOUND('',#15538,.T.);
#15538 = EDGE_LOOP('',(#15539,#15540,#15561,#15562));
#15539 = ORIENTED_EDGE('',*,*,#12880,.T.);
#15540 = ORIENTED_EDGE('',*,*,#15541,.T.);
#15541 = EDGE_CURVE('',#12881,#8689,#15542,.T.);
#15542 = SURFACE_CURVE('',#15543,(#15547,#15554),.PCURVE_S1.);
#15543 = LINE('',#15544,#15545);
#15544 = CARTESIAN_POINT('',(143.30728127852,-16.,97.222222222222));
#15545 = VECTOR('',#15546,1.);
#15546 = DIRECTION('',(-1.,0.,0.));
#15547 = PCURVE('',#8742,#15548);
#15548 = DEFINITIONAL_REPRESENTATION('',(#15549),#15553);
#15549 = LINE('',#15550,#15551);
#15550 = CARTESIAN_POINT('',(0.,0.));
#15551 = VECTOR('',#15552,1.);
#15552 = DIRECTION('',(-0.,-1.));
#15553 = ( GEOMETRIC_REPRESENTATION_CONTEXT(2) 
PARAMETRIC_REPRESENTATION_CONTEXT() REPRESENTATION_CONTEXT('2D SPACE',''
  ) );
#15554 = PCURVE('',#8709,#15555);
#15555 = DEFINITIONAL_REPRESENTATION('',(#15556),#15560);
#15556 = LINE('',#15557,#15558);
#15557 = CARTESIAN_POINT('',(2.828427124746,0.));
#15558 = VECTOR('',#15559,1.);
#15559 = DIRECTION('',(0.,-1.));
#15560 = ( GEOMETRIC_REPRESENTATION_CONTEXT(2) 
PARAMETRIC_REPRESENTATION_CONTEXT() REPRESENTATION_CONTEXT('2D SPACE',''
  ) );
#15561 = ORIENTED_EDGE('',*,*,#8721,.T.);
#15562 = ORIENTED_EDGE('',*,*,#15515,.F.);
#15563 = ADVANCED_FACE('',(#15564),#8709,.T.);
#15564 = FACE_BOUND('',#15565,.T.);
#15565 = EDGE_LOOP('',(#15566,#15567,#15588,#15589));
#15566 = ORIENTED_EDGE('',*,*,#12908,.T.);
#15567 = ORIENTED_EDGE('',*,*,#15568,.T.);
#15568 = EDGE_CURVE('',#12909,#8661,#15569,.T.);
#15569 = SURFACE_CURVE('',#15570,(#15574,#15581),.PCURVE_S1.);
#15570 = LINE('',#15571,#15572);
#15571 = CARTESIAN_POINT('',(143.30728127852,-18.,99.222222222222));
#15572 = VECTOR('',#15573,1.);
#15573 = DIRECTION('',(-1.,0.,0.));
#15574 = PCURVE('',#8709,#15575);
#15575 = DEFINITIONAL_REPRESENTATION('',(#15576),#15580);
#15576 = LINE('',#15577,#15578);
#15577 = CARTESIAN_POINT('',(0.,0.));
#15578 = VECTOR('',#15579,1.);
#15579 = DIRECTION('',(0.,-1.));
#15580 = ( GEOMETRIC_REPRESENTATION_CONTEXT(2) 
PARAMETRIC_REPRESENTATION_CONTEXT() REPRESENTATION_CONTEXT('2D SPACE',''
  ) );
#15581 = PCURVE('',#8676,#15582);
#15582 = DEFINITIONAL_REPRESENTATION('',(#15583),#15587);
#15583 = LINE('',#15584,#15585);
#15584 = CARTESIAN_POINT('',(35.870126514911,143.3072812853));
#15585 = VECTOR('',#15586,1.);
#15586 = DIRECTION('',(-0.,-1.));
#15587 = ( GEOMETRIC_REPRESENTATION_CONTEXT(2) 
PARAMETRIC_REPRESENTATION_CONTEXT() REPRESENTATION_CONTEXT('2D SPACE',''
  ) );
#15588 = ORIENTED_EDGE('',*,*,#8688,.T.);
#15589 = ORIENTED_EDGE('',*,*,#15541,.F.);
#15590 = ADVANCED_FACE('',(#15591),#8676,.F.);
#15591 = FACE_BOUND('',#15592,.F.);
#15592 = EDGE_LOOP('',(#15593,#15594,#15595,#15616));
#15593 = ORIENTED_EDGE('',*,*,#15568,.T.);
#15594 = ORIENTED_EDGE('',*,*,#8660,.F.);
#15595 = ORIENTED_EDGE('',*,*,#15596,.F.);
#15596 = EDGE_CURVE('',#12937,#8628,#15597,.T.);
#15597 = SURFACE_CURVE('',#15598,(#15602,#15609),.PCURVE_S1.);
#15598 = LINE('',#15599,#15600);
#15599 = CARTESIAN_POINT('',(143.30728127852,-18.,99.851851851852));
#15600 = VECTOR('',#15601,1.);
#15601 = DIRECTION('',(-1.,0.,0.));
#15602 = PCURVE('',#8676,#15603);
#15603 = DEFINITIONAL_REPRESENTATION('',(#15604),#15608);
#15604 = LINE('',#15605,#15606);
#15605 = CARTESIAN_POINT('',(36.49975614454,143.3072812853));
#15606 = VECTOR('',#15607,1.);
#15607 = DIRECTION('',(-0.,-1.));
#15608 = ( GEOMETRIC_REPRESENTATION_CONTEXT(2) 
PARAMETRIC_REPRESENTATION_CONTEXT() REPRESENTATION_CONTEXT('2D SPACE',''
  ) );
#15609 = PCURVE('',#8648,#15610);
#15610 = DEFINITIONAL_REPRESENTATION('',(#15611),#15615);
#15611 = LINE('',#15612,#15613);
#15612 = CARTESIAN_POINT('',(2.828427124746,0.));
#15613 = VECTOR('',#15614,1.);
#15614 = DIRECTION('',(-0.,-1.));
#15615 = ( GEOMETRIC_REPRESENTATION_CONTEXT(2) 
PARAMETRIC_REPRESENTATION_CONTEXT() REPRESENTATION_CONTEXT('2D SPACE',''
  ) );
#15616 = ORIENTED_EDGE('',*,*,#12936,.F.);
#15617 = ADVANCED_FACE('',(#15618),#8648,.T.);
#15618 = FACE_BOUND('',#15619,.T.);
#15619 = EDGE_LOOP('',(#15620,#15621,#15642,#15643));
#15620 = ORIENTED_EDGE('',*,*,#12959,.T.);
#15621 = ORIENTED_EDGE('',*,*,#15622,.T.);
#15622 = EDGE_CURVE('',#12960,#8595,#15623,.T.);
#15623 = SURFACE_CURVE('',#15624,(#15628,#15635),.PCURVE_S1.);
#15624 = LINE('',#15625,#15626);
#15625 = CARTESIAN_POINT('',(143.30728127852,-16.,101.85185185185));
#15626 = VECTOR('',#15627,1.);
#15627 = DIRECTION('',(-1.,0.,0.));
#15628 = PCURVE('',#8648,#15629);
#15629 = DEFINITIONAL_REPRESENTATION('',(#15630),#15634);
#15630 = LINE('',#15631,#15632);
#15631 = CARTESIAN_POINT('',(0.,0.));
#15632 = VECTOR('',#15633,1.);
#15633 = DIRECTION('',(-0.,-1.));
#15634 = ( GEOMETRIC_REPRESENTATION_CONTEXT(2) 
PARAMETRIC_REPRESENTATION_CONTEXT() REPRESENTATION_CONTEXT('2D SPACE',''
  ) );
#15635 = PCURVE('',#8615,#15636);
#15636 = DEFINITIONAL_REPRESENTATION('',(#15637),#15641);
#15637 = LINE('',#15638,#15639);
#15638 = CARTESIAN_POINT('',(2.828427124746,0.));
#15639 = VECTOR('',#15640,1.);
#15640 = DIRECTION('',(0.,-1.));
#15641 = ( GEOMETRIC_REPRESENTATION_CONTEXT(2) 
PARAMETRIC_REPRESENTATION_CONTEXT() REPRESENTATION_CONTEXT('2D SPACE',''
  ) );
#15642 = ORIENTED_EDGE('',*,*,#8627,.T.);
#15643 = ORIENTED_EDGE('',*,*,#15596,.F.);
#15644 = ADVANCED_FACE('',(#15645),#8615,.T.);
#15645 = FACE_BOUND('',#15646,.T.);
#15646 = EDGE_LOOP('',(#15647,#15648,#15669,#15670));
#15647 = ORIENTED_EDGE('',*,*,#12987,.T.);
#15648 = ORIENTED_EDGE('',*,*,#15649,.T.);
#15649 = EDGE_CURVE('',#12988,#8567,#15650,.T.);
#15650 = SURFACE_CURVE('',#15651,(#15655,#15662),.PCURVE_S1.);
#15651 = LINE('',#15652,#15653);
#15652 = CARTESIAN_POINT('',(143.30728127852,-18.,103.85185185185));
#15653 = VECTOR('',#15654,1.);
#15654 = DIRECTION('',(-1.,0.,0.));
#15655 = PCURVE('',#8615,#15656);
#15656 = DEFINITIONAL_REPRESENTATION('',(#15657),#15661);
#15657 = LINE('',#15658,#15659);
#15658 = CARTESIAN_POINT('',(0.,0.));
#15659 = VECTOR('',#15660,1.);
#15660 = DIRECTION('',(0.,-1.));
#15661 = ( GEOMETRIC_REPRESENTATION_CONTEXT(2) 
PARAMETRIC_REPRESENTATION_CONTEXT() REPRESENTATION_CONTEXT('2D SPACE',''
  ) );
#15662 = PCURVE('',#8582,#15663);
#15663 = DEFINITIONAL_REPRESENTATION('',(#15664),#15668);
#15664 = LINE('',#15665,#15666);
#15665 = CARTESIAN_POINT('',(40.49975614454,143.3072812853));
#15666 = VECTOR('',#15667,1.);
#15667 = DIRECTION('',(-0.,-1.));
#15668 = ( GEOMETRIC_REPRESENTATION_CONTEXT(2) 
PARAMETRIC_REPRESENTATION_CONTEXT() REPRESENTATION_CONTEXT('2D SPACE',''
  ) );
#15669 = ORIENTED_EDGE('',*,*,#8594,.T.);
#15670 = ORIENTED_EDGE('',*,*,#15622,.F.);
#15671 = ADVANCED_FACE('',(#15672),#8582,.F.);
#15672 = FACE_BOUND('',#15673,.F.);
#15673 = EDGE_LOOP('',(#15674,#15675,#15676,#15697));
#15674 = ORIENTED_EDGE('',*,*,#15649,.T.);
#15675 = ORIENTED_EDGE('',*,*,#8566,.F.);
#15676 = ORIENTED_EDGE('',*,*,#15677,.F.);
#15677 = EDGE_CURVE('',#13016,#8534,#15678,.T.);
#15678 = SURFACE_CURVE('',#15679,(#15683,#15690),.PCURVE_S1.);
#15679 = LINE('',#15680,#15681);
#15680 = CARTESIAN_POINT('',(143.30728127852,-18.,104.48148148148));
#15681 = VECTOR('',#15682,1.);
#15682 = DIRECTION('',(-1.,0.,0.));
#15683 = PCURVE('',#8582,#15684);
#15684 = DEFINITIONAL_REPRESENTATION('',(#15685),#15689);
#15685 = LINE('',#15686,#15687);
#15686 = CARTESIAN_POINT('',(41.12938577417,143.3072812853));
#15687 = VECTOR('',#15688,1.);
#15688 = DIRECTION('',(-0.,-1.));
#15689 = ( GEOMETRIC_REPRESENTATION_CONTEXT(2) 
PARAMETRIC_REPRESENTATION_CONTEXT() REPRESENTATION_CONTEXT('2D SPACE',''
  ) );
#15690 = PCURVE('',#8554,#15691);
#15691 = DEFINITIONAL_REPRESENTATION('',(#15692),#15696);
#15692 = LINE('',#15693,#15694);
#15693 = CARTESIAN_POINT('',(2.828427124746,0.));
#15694 = VECTOR('',#15695,1.);
#15695 = DIRECTION('',(-0.,-1.));
#15696 = ( GEOMETRIC_REPRESENTATION_CONTEXT(2) 
PARAMETRIC_REPRESENTATION_CONTEXT() REPRESENTATION_CONTEXT('2D SPACE',''
  ) );
#15697 = ORIENTED_EDGE('',*,*,#13015,.F.);
#15698 = ADVANCED_FACE('',(#15699),#8554,.T.);
#15699 = FACE_BOUND('',#15700,.T.);
#15700 = EDGE_LOOP('',(#15701,#15702,#15723,#15724));
#15701 = ORIENTED_EDGE('',*,*,#13038,.T.);
#15702 = ORIENTED_EDGE('',*,*,#15703,.T.);
#15703 = EDGE_CURVE('',#13039,#8501,#15704,.T.);
#15704 = SURFACE_CURVE('',#15705,(#15709,#15716),.PCURVE_S1.);
#15705 = LINE('',#15706,#15707);
#15706 = CARTESIAN_POINT('',(143.30728127852,-16.,106.48148148148));
#15707 = VECTOR('',#15708,1.);
#15708 = DIRECTION('',(-1.,0.,0.));
#15709 = PCURVE('',#8554,#15710);
#15710 = DEFINITIONAL_REPRESENTATION('',(#15711),#15715);
#15711 = LINE('',#15712,#15713);
#15712 = CARTESIAN_POINT('',(0.,0.));
#15713 = VECTOR('',#15714,1.);
#15714 = DIRECTION('',(-0.,-1.));
#15715 = ( GEOMETRIC_REPRESENTATION_CONTEXT(2) 
PARAMETRIC_REPRESENTATION_CONTEXT() REPRESENTATION_CONTEXT('2D SPACE',''
  ) );
#15716 = PCURVE('',#8521,#15717);
#15717 = DEFINITIONAL_REPRESENTATION('',(#15718),#15722);
#15718 = LINE('',#15719,#15720);
#15719 = CARTESIAN_POINT('',(2.828427124746,0.));
#15720 = VECTOR('',#15721,1.);
#15721 = DIRECTION('',(0.,-1.));
#15722 = ( GEOMETRIC_REPRESENTATION_CONTEXT(2) 
PARAMETRIC_REPRESENTATION_CONTEXT() REPRESENTATION_CONTEXT('2D SPACE',''
  ) );
#15723 = ORIENTED_EDGE('',*,*,#8533,.T.);
#15724 = ORIENTED_EDGE('',*,*,#15677,.F.);
#15725 = ADVANCED_FACE('',(#15726),#8521,.T.);
#15726 = FACE_BOUND('',#15727,.T.);
#15727 = EDGE_LOOP('',(#15728,#15729,#15750,#15751,#15931,#15932,#15933,
    #15934));
#15728 = ORIENTED_EDGE('',*,*,#12318,.F.);
#15729 = ORIENTED_EDGE('',*,*,#15730,.T.);
#15730 = EDGE_CURVE('',#12295,#9136,#15731,.T.);
#15731 = SURFACE_CURVE('',#15732,(#15736,#15743),.PCURVE_S1.);
#15732 = LINE('',#15733,#15734);
#15733 = CARTESIAN_POINT('',(143.30728127852,-18.,108.48148148148));
#15734 = VECTOR('',#15735,1.);
#15735 = DIRECTION('',(-1.,0.,0.));
#15736 = PCURVE('',#8521,#15737);
#15737 = DEFINITIONAL_REPRESENTATION('',(#15738),#15742);
#15738 = LINE('',#15739,#15740);
#15739 = CARTESIAN_POINT('',(0.,0.));
#15740 = VECTOR('',#15741,1.);
#15741 = DIRECTION('',(0.,-1.));
#15742 = ( GEOMETRIC_REPRESENTATION_CONTEXT(2) 
PARAMETRIC_REPRESENTATION_CONTEXT() REPRESENTATION_CONTEXT('2D SPACE',''
  ) );
#15743 = PCURVE('',#9244,#15744);
#15744 = DEFINITIONAL_REPRESENTATION('',(#15745),#15749);
#15745 = LINE('',#15746,#15747);
#15746 = CARTESIAN_POINT('',(45.12938577417,143.3072812853));
#15747 = VECTOR('',#15748,1.);
#15748 = DIRECTION('',(-0.,-1.));
#15749 = ( GEOMETRIC_REPRESENTATION_CONTEXT(2) 
PARAMETRIC_REPRESENTATION_CONTEXT() REPRESENTATION_CONTEXT('2D SPACE',''
  ) );
#15750 = ORIENTED_EDGE('',*,*,#9133,.F.);
#15751 = ORIENTED_EDGE('',*,*,#15752,.F.);
#15752 = EDGE_CURVE('',#8391,#9134,#15753,.T.);
#15753 = SURFACE_CURVE('',#15754,(#15811,#15871),.PCURVE_S1.);
#15754 = B_SPLINE_CURVE_WITH_KNOTS('',7,(#15755,#15756,#15757,#15758,
    #15759,#15760,#15761,#15762,#15763,#15764,#15765,#15766,#15767,
    #15768,#15769,#15770,#15771,#15772,#15773,#15774,#15775,#15776,
    #15777,#15778,#15779,#15780,#15781,#15782,#15783,#15784,#15785,
    #15786,#15787,#15788,#15789,#15790,#15791,#15792,#15793,#15794,
    #15795,#15796,#15797,#15798,#15799,#15800,#15801,#15802,#15803,
    #15804,#15805,#15806,#15807,#15808,#15809,#15810),.UNSPECIFIED.,.F.,
  .F.,(8,6,6,6,6,6,6,6,6,8),(0.,5.83734463545E-02,8.211097875042E-02,
    0.111992628099,0.171911750995,0.265001322774,0.482022741429,
    0.79160252152,0.933821535884,1.),.UNSPECIFIED.);
#15755 = CARTESIAN_POINT('',(-20.44839106317,-16.91005078053,
    107.39153226201));
#15756 = CARTESIAN_POINT('',(-20.44450069361,-16.91358444375,
    107.39506592523));
#15757 = CARTESIAN_POINT('',(-20.4407151497,-16.9171275308,
    107.39860901228));
#15758 = CARTESIAN_POINT('',(-20.43701997453,-16.92067840544,
    107.40215988692));
#15759 = CARTESIAN_POINT('',(-20.43340054515,-16.92423547799,
    107.40571695947));
#15760 = CARTESIAN_POINT('',(-20.42984243355,-16.92779723824,
    107.40927871973));
#15761 = CARTESIAN_POINT('',(-20.42633176772,-16.93136228845,
    107.41284376993));
#15762 = CARTESIAN_POINT('',(-20.42144200776,-16.93637993068,
    107.41786141216));
#15763 = CARTESIAN_POINT('',(-20.42003413374,-16.93783081323,
    107.41931229471));
#15764 = CARTESIAN_POINT('',(-20.41863109922,-16.93928193392,
    107.4207634154));
#15765 = CARTESIAN_POINT('',(-20.41723206099,-16.94073320333,
    107.42221468481));
#15766 = CARTESIAN_POINT('',(-20.41583620395,-16.94218453258,
    107.42366601406));
#15767 = CARTESIAN_POINT('',(-20.41444274109,-16.94363583334,
    107.42511731482));
#15768 = CARTESIAN_POINT('',(-20.41129883154,-16.94691382044,
    107.42839530193));
#15769 = CARTESIAN_POINT('',(-20.40954934394,-16.94874043792,
    107.4302219194));
#15770 = CARTESIAN_POINT('',(-20.40780093831,-16.950566695,
    107.43204817648));
#15771 = CARTESIAN_POINT('',(-20.40605218314,-16.95239241615,
    107.43387389763));
#15772 = CARTESIAN_POINT('',(-20.40430172784,-16.95421742556,
    107.43569890705));
#15773 = CARTESIAN_POINT('',(-20.40254830272,-16.95604154718,
    107.43752302866));
#15774 = CARTESIAN_POINT('',(-20.39726638631,-16.96152022628,
    107.44300170777));
#15775 = CARTESIAN_POINT('',(-20.39372530533,-16.9651715708,
    107.44665305228));
#15776 = CARTESIAN_POINT('',(-20.39015797509,-16.96881720403,
    107.45029868551));
#15777 = CARTESIAN_POINT('',(-20.38655615857,-16.97245569323,
    107.45393717471));
#15778 = CARTESIAN_POINT('',(-20.38291288274,-16.97608560702,
    107.4575670885));
#15779 = CARTESIAN_POINT('',(-20.3792224385,-16.97970551545,
    107.46118699694));
#15780 = CARTESIAN_POINT('',(-20.36966676838,-16.98892006912,
    107.47040155061));
#15781 = CARTESIAN_POINT('',(-20.36372838671,-16.99449865323,
    107.47598013471));
#15782 = CARTESIAN_POINT('',(-20.35764833392,-17.0000442878,
    107.48152576928));
#15783 = CARTESIAN_POINT('',(-20.35141603877,-17.0055518723,
    107.48703335378));
#15784 = CARTESIAN_POINT('',(-20.34502625081,-17.01101664173,
    107.49249812322));
#15785 = CARTESIAN_POINT('',(-20.33847803044,-17.01643414831,
    107.4979156298));
#15786 = CARTESIAN_POINT('',(-20.31614390235,-17.03431031795,
    107.51579179944));
#15787 = CARTESIAN_POINT('',(-20.29966502961,-17.04654147141,
    107.52802295289));
#15788 = CARTESIAN_POINT('',(-20.28236766452,-17.05844158582,
    107.5399230673));
#15789 = CARTESIAN_POINT('',(-20.26436808788,-17.06997573427,
    107.55145721575));
#15790 = CARTESIAN_POINT('',(-20.24581559283,-17.08111836955,
    107.56259985103));
#15791 = CARTESIAN_POINT('',(-20.22686839689,-17.09184772019,
    107.57332920167));
#15792 = CARTESIAN_POINT('',(-20.18035200513,-17.11682768452,
    107.598309166));
#15793 = CARTESIAN_POINT('',(-20.15255794956,-17.13062521443,
    107.61210669591));
#15794 = CARTESIAN_POINT('',(-20.12478314162,-17.14348753223,
    107.62496901372));
#15795 = CARTESIAN_POINT('',(-20.09760963069,-17.15532809803,
    107.63680957951));
#15796 = CARTESIAN_POINT('',(-20.07163787534,-17.16604189577,
    107.64752337725));
#15797 = CARTESIAN_POINT('',(-20.04768631566,-17.17545962697,
    107.65694110845));
#15798 = CARTESIAN_POINT('',(-20.01582465508,-17.18724813853,
    107.66872962001));
#15799 = CARTESIAN_POINT('',(-20.00624328827,-17.19067588362,
    107.6721573651));
#15800 = CARTESIAN_POINT('',(-19.9971226054,-17.1938150197,
    107.67529650118));
#15801 = CARTESIAN_POINT('',(-19.98843716491,-17.19666897876,
    107.67815046024));
#15802 = CARTESIAN_POINT('',(-19.98009711827,-17.19925425301,
    107.68073573449));
#15803 = CARTESIAN_POINT('',(-19.97193455106,-17.20160268286,
    107.68308416435));
#15804 = CARTESIAN_POINT('',(-19.9598720728,-17.20476667971,
    107.68624816119));
#15805 = CARTESIAN_POINT('',(-19.95602662268,-17.20573044029,
    107.68721192178));
#15806 = CARTESIAN_POINT('',(-19.95214142261,-17.20665803748,
    107.68813951896));
#15807 = CARTESIAN_POINT('',(-19.9481881451,-17.20755494359,
    107.68903642507));
#15808 = CARTESIAN_POINT('',(-19.94413598368,-17.20842714839,
    107.68990862987));
#15809 = CARTESIAN_POINT('',(-19.9399526549,-17.20928103541,
    107.69076251689));
#15810 = CARTESIAN_POINT('',(-19.9356054003,-17.21012325827,
    107.69160473975));
#15811 = PCURVE('',#8521,#15812);
#15812 = DEFINITIONAL_REPRESENTATION('',(#15813),#15870);
#15813 = B_SPLINE_CURVE_WITH_KNOTS('',7,(#15814,#15815,#15816,#15817,
    #15818,#15819,#15820,#15821,#15822,#15823,#15824,#15825,#15826,
    #15827,#15828,#15829,#15830,#15831,#15832,#15833,#15834,#15835,
    #15836,#15837,#15838,#15839,#15840,#15841,#15842,#15843,#15844,
    #15845,#15846,#15847,#15848,#15849,#15850,#15851,#15852,#15853,
    #15854,#15855,#15856,#15857,#15858,#15859,#15860,#15861,#15862,
    #15863,#15864,#15865,#15866,#15867,#15868,#15869),.UNSPECIFIED.,.F.,
  .F.,(8,6,6,6,6,6,6,6,6,8),(0.,5.83734463545E-02,8.211097875042E-02,
    0.111992628099,0.171911750995,0.265001322774,0.482022741429,
    0.79160252152,0.933821535884,1.),.UNSPECIFIED.);
#15814 = CARTESIAN_POINT('',(1.541420968468,-163.7556723416));
#15815 = CARTESIAN_POINT('',(1.536423614018,-163.7517819721));
#15816 = CARTESIAN_POINT('',(1.53141293226,-163.7479964282));
#15817 = CARTESIAN_POINT('',(1.526391237178,-163.744301253));
#15818 = CARTESIAN_POINT('',(1.521360776938,-163.7406818236));
#15819 = CARTESIAN_POINT('',(1.516323687282,-163.737123712));
#15820 = CARTESIAN_POINT('',(1.511281944935,-163.7336130462));
#15821 = CARTESIAN_POINT('',(1.504185927237,-163.7287232862));
#15822 = CARTESIAN_POINT('',(1.502134069458,-163.7273154122));
#15823 = CARTESIAN_POINT('',(1.500081874898,-163.7259123777));
#15824 = CARTESIAN_POINT('',(1.49802947002,-163.7245133395));
#15825 = CARTESIAN_POINT('',(1.495976980512,-163.7231174824));
#15826 = CARTESIAN_POINT('',(1.493924531289,-163.7217240196));
#15827 = CARTESIAN_POINT('',(1.489288757469,-163.71858011));
#15828 = CARTESIAN_POINT('',(1.48670553026,-163.7168306224));
#15829 = CARTESIAN_POINT('',(1.484122812731,-163.7150822168));
#15830 = CARTESIAN_POINT('',(1.481540853121,-163.7133334616));
#15831 = CARTESIAN_POINT('',(1.478959900054,-163.7115830063));
#15832 = CARTESIAN_POINT('',(1.476380202533,-163.7098295812));
#15833 = CARTESIAN_POINT('',(1.468632180234,-163.7045476648));
#15834 = CARTESIAN_POINT('',(1.463468399299,-163.7010065838));
#15835 = CARTESIAN_POINT('',(1.458312695338,-163.6974392536));
#15836 = CARTESIAN_POINT('',(1.453167094573,-163.6938374371));
#15837 = CARTESIAN_POINT('',(1.448033621253,-163.6901941612));
#15838 = CARTESIAN_POINT('',(1.442914297652,-163.686503717));
#15839 = CARTESIAN_POINT('',(1.429882950882,-163.6769480469));
#15840 = CARTESIAN_POINT('',(1.421993641586,-163.6710096652));
#15841 = CARTESIAN_POINT('',(1.414150929955,-163.6649296124));
#15842 = CARTESIAN_POINT('',(1.406362029259,-163.6586973173));
#15843 = CARTESIAN_POINT('',(1.398633678215,-163.6523075293));
#15844 = CARTESIAN_POINT('',(1.390972166935,-163.6457593089));
#15845 = CARTESIAN_POINT('',(1.365691445386,-163.6234251808));
#15846 = CARTESIAN_POINT('',(1.348393982293,-163.6069463081));
#15847 = CARTESIAN_POINT('',(1.331564679091,-163.589648943));
#15848 = CARTESIAN_POINT('',(1.315252929921,-163.5716493664));
#15849 = CARTESIAN_POINT('',(1.29949486399,-163.5530968713));
#15850 = CARTESIAN_POINT('',(1.284321270807,-163.5341496754));
#15851 = CARTESIAN_POINT('',(1.248994266461,-163.4876332836));
#15852 = CARTESIAN_POINT('',(1.229481612537,-163.459839228));
#15853 = CARTESIAN_POINT('',(1.21129154825,-163.4320644201));
#15854 = CARTESIAN_POINT('',(1.194546459521,-163.4048909092));
#15855 = CARTESIAN_POINT('',(1.179394861444,-163.3789191538));
#15856 = CARTESIAN_POINT('',(1.166076178263,-163.3549675941));
#15857 = CARTESIAN_POINT('',(1.149404705327,-163.3231059336));
#15858 = CARTESIAN_POINT('',(1.144557141737,-163.3135245667));
#15859 = CARTESIAN_POINT('',(1.140117732921,-163.3044038839));
#15860 = CARTESIAN_POINT('',(1.136081625304,-163.2957184434));
#15861 = CARTESIAN_POINT('',(1.132425495397,-163.2873783967));
#15862 = CARTESIAN_POINT('',(1.12910431405,-163.2792158295));
#15863 = CARTESIAN_POINT('',(1.124629746802,-163.2671533513));
#15864 = CARTESIAN_POINT('',(1.12326678351,-163.2633079012));
#15865 = CARTESIAN_POINT('',(1.121954962995,-163.2594227011));
#15866 = CARTESIAN_POINT('',(1.120686546211,-163.2554694236));
#15867 = CARTESIAN_POINT('',(1.119453062349,-163.2514172622));
#15868 = CARTESIAN_POINT('',(1.118245483739,-163.2472339334));
#15869 = CARTESIAN_POINT('',(1.117054400752,-163.2428866788));
#15870 = ( GEOMETRIC_REPRESENTATION_CONTEXT(2) 
PARAMETRIC_REPRESENTATION_CONTEXT() REPRESENTATION_CONTEXT('2D SPACE',''
  ) );
#15871 = PCURVE('',#8412,#15872);
#15872 = DEFINITIONAL_REPRESENTATION('',(#15873),#15930);
#15873 = B_SPLINE_CURVE_WITH_KNOTS('',7,(#15874,#15875,#15876,#15877,
    #15878,#15879,#15880,#15881,#15882,#15883,#15884,#15885,#15886,
    #15887,#15888,#15889,#15890,#15891,#15892,#15893,#15894,#15895,
    #15896,#15897,#15898,#15899,#15900,#15901,#15902,#15903,#15904,
    #15905,#15906,#15907,#15908,#15909,#15910,#15911,#15912,#15913,
    #15914,#15915,#15916,#15917,#15918,#15919,#15920,#15921,#15922,
    #15923,#15924,#15925,#15926,#15927,#15928,#15929),.UNSPECIFIED.,.F.,
  .F.,(8,6,6,6,6,6,6,6,6,8),(0.,5.83734463545E-02,8.211097875042E-02,
    0.111992628099,0.171911750995,0.265001322774,0.482022741429,
    0.79160252152,0.933821535884,1.),.UNSPECIFIED.);
#15874 = CARTESIAN_POINT('',(1.,0.610212712071));
#15875 = CARTESIAN_POINT('',(0.992096939159,0.610905501854));
#15876 = CARTESIAN_POINT('',(0.984150439048,0.611592694149));
#15877 = CARTESIAN_POINT('',(0.976167769585,0.61227434752));
#15878 = CARTESIAN_POINT('',(0.968155682046,0.612950565132));
#15879 = CARTESIAN_POINT('',(0.96012027163,0.613621485565));
#15880 = CARTESIAN_POINT('',(0.952066840042,0.614287273618));
#15881 = CARTESIAN_POINT('',(0.940719283263,0.615216840354));
#15882 = CARTESIAN_POINT('',(0.937436572196,0.615484749301));
#15883 = CARTESIAN_POINT('',(0.93415193296,0.61575184932));
#15884 = CARTESIAN_POINT('',(0.930865657489,0.616018151527));
#15885 = CARTESIAN_POINT('',(0.927578021559,0.616283666799));
#15886 = CARTESIAN_POINT('',(0.924289284786,0.616548405767));
#15887 = CARTESIAN_POINT('',(0.916858632588,0.617144677484));
#15888 = CARTESIAN_POINT('',(0.912716219007,0.617475762111));
#15889 = CARTESIAN_POINT('',(0.908572934531,0.617805653406));
#15890 = CARTESIAN_POINT('',(0.904429230728,0.618134370561));
#15891 = CARTESIAN_POINT('',(0.900285526076,0.61846193126));
#15892 = CARTESIAN_POINT('',(0.896142205968,0.618788351674));
#15893 = CARTESIAN_POINT('',(0.883692853819,0.619765932369));
#15894 = CARTESIAN_POINT('',(0.875389084636,0.620413691688));
#15895 = CARTESIAN_POINT('',(0.867091113903,0.621057040658));
#15896 = CARTESIAN_POINT('',(0.858801349805,0.621696066037));
#15897 = CARTESIAN_POINT('',(0.850521809971,0.622330825105));
#15898 = CARTESIAN_POINT('',(0.842254121472,0.622961345669));
#15899 = CARTESIAN_POINT('',(0.821175280368,0.624560607146));
#15900 = CARTESIAN_POINT('',(0.808382499672,0.62552337053));
#15901 = CARTESIAN_POINT('',(0.795626310958,0.626475893999));
#15902 = CARTESIAN_POINT('',(0.78290953894,0.627418038226));
#15903 = CARTESIAN_POINT('',(0.770233178312,0.628349561766));
#15904 = CARTESIAN_POINT('',(0.757596871242,0.629270136067));
#15905 = CARTESIAN_POINT('',(0.715630634825,0.632299051905));
#15906 = CARTESIAN_POINT('',(0.686471757265,0.634357144312));
#15907 = CARTESIAN_POINT('',(0.657504597003,0.636348650386));
#15908 = CARTESIAN_POINT('',(0.628664710111,0.638267932216));
#15909 = CARTESIAN_POINT('',(0.599866966097,0.64010880436));
#15910 = CARTESIAN_POINT('',(0.571015627358,0.641864425263));
#15911 = CARTESIAN_POINT('',(0.500606723053,0.64589859736));
#15912 = CARTESIAN_POINT('',(0.458886300047,0.648080297401));
#15913 = CARTESIAN_POINT('',(0.41648347511,0.650051965571));
#15914 = CARTESIAN_POINT('',(0.373050524872,0.651782233226));
#15915 = CARTESIAN_POINT('',(0.328304677404,0.653237670084));
#15916 = CARTESIAN_POINT('',(0.281886509601,0.654371584583));
#15917 = CARTESIAN_POINT('',(0.211998558069,0.65559330165));
#15918 = CARTESIAN_POINT('',(0.189690322922,0.655915203789));
#15919 = CARTESIAN_POINT('',(0.167103785421,0.656176783679));
#15920 = CARTESIAN_POINT('',(0.14427568035,0.656383729755));
#15921 = CARTESIAN_POINT('',(0.121259913065,0.656547013733));
#15922 = CARTESIAN_POINT('',(9.813355842036E-02,0.656683608924));
#15923 = CARTESIAN_POINT('',(6.423252210555E-02,0.656877575189));
#15924 = CARTESIAN_POINT('',(5.346529368006E-02,0.656938253979));
#15925 = CARTESIAN_POINT('',(4.270541552544E-02,0.657000254685));
#15926 = CARTESIAN_POINT('',(3.196443271887E-02,0.657066083804));
#15927 = CARTESIAN_POINT('',(2.125603015925E-02,0.657138428202));
#15928 = CARTESIAN_POINT('',(1.059563181969E-02,0.657220067817));
#15929 = CARTESIAN_POINT('',(0.,0.657313788363));
#15930 = ( GEOMETRIC_REPRESENTATION_CONTEXT(2) 
PARAMETRIC_REPRESENTATION_CONTEXT() REPRESENTATION_CONTEXT('2D SPACE',''
  ) );
#15931 = ORIENTED_EDGE('',*,*,#8500,.T.);
#15932 = ORIENTED_EDGE('',*,*,#15703,.F.);
#15933 = ORIENTED_EDGE('',*,*,#13066,.T.);
#15934 = ORIENTED_EDGE('',*,*,#15935,.F.);
#15935 = EDGE_CURVE('',#12056,#13067,#15936,.T.);
#15936 = SURFACE_CURVE('',#15937,(#15994,#16054),.PCURVE_S1.);
#15937 = B_SPLINE_CURVE_WITH_KNOTS('',7,(#15938,#15939,#15940,#15941,
    #15942,#15943,#15944,#15945,#15946,#15947,#15948,#15949,#15950,
    #15951,#15952,#15953,#15954,#15955,#15956,#15957,#15958,#15959,
    #15960,#15961,#15962,#15963,#15964,#15965,#15966,#15967,#15968,
    #15969,#15970,#15971,#15972,#15973,#15974,#15975,#15976,#15977,
    #15978,#15979,#15980,#15981,#15982,#15983,#15984,#15985,#15986,
    #15987,#15988,#15989,#15990,#15991,#15992,#15993),.UNSPECIFIED.,.F.,
  .F.,(8,6,6,6,6,6,6,6,6,8),(0.,6.527319111722E-02,0.2082782589,
    0.516976038869,0.735161426161,0.88086251334,0.906601596237,
    0.92308020564,0.954061327737,1.),.UNSPECIFIED.);
#15938 = CARTESIAN_POINT('',(19.935605293738,-17.21012297253,
    107.69160445402));
#15939 = CARTESIAN_POINT('',(19.939893632534,-17.20929226675,
    107.69077374823));
#15940 = CARTESIAN_POINT('',(19.944018607184,-17.20845161422,
    107.6899330957));
#15941 = CARTESIAN_POINT('',(19.948012140979,-17.20759440298,
    107.68907588446));
#15942 = CARTESIAN_POINT('',(19.951905811225,-17.20671426998,
    107.68819575146));
#15943 = CARTESIAN_POINT('',(19.955729854844,-17.20580522739,
    107.68728670888));
#15944 = CARTESIAN_POINT('',(19.959512173997,-17.2048617889,
    107.68634327038));
#15945 = CARTESIAN_POINT('',(19.971526334139,-17.20172614352,
    107.683207625));
#15946 = CARTESIAN_POINT('',(19.979692401559,-17.19938492433,
    107.68086640581));
#15947 = CARTESIAN_POINT('',(19.988034382872,-17.19680458865,
    107.67828607013));
#15948 = CARTESIAN_POINT('',(19.996728932066,-17.19395107039,
    107.67543255187));
#15949 = CARTESIAN_POINT('',(20.005870570118,-17.19080672316,
    107.67228820465));
#15950 = CARTESIAN_POINT('',(20.015485842288,-17.18736789272,
    107.6688493742));
#15951 = CARTESIAN_POINT('',(20.047311565957,-17.17559413185,
    107.65707561333));
#15952 = CARTESIAN_POINT('',(20.071202929258,-17.16620422018,
    107.64768570166));
#15953 = CARTESIAN_POINT('',(20.09713406035,-17.15551608615,
    107.63699756764));
#15954 = CARTESIAN_POINT('',(20.124276215077,-17.14370404728,
    107.62518552876));
#15955 = CARTESIAN_POINT('',(20.152026363664,-17.13087520132,
    107.61235668281));
#15956 = CARTESIAN_POINT('',(20.179800660797,-17.11711771417,
    107.59859919565));
#15957 = CARTESIAN_POINT('',(20.226449180526,-17.09213214026,
    107.57361362174));
#15958 = CARTESIAN_POINT('',(20.245542080878,-17.08134685559,
    107.56282833707));
#15959 = CARTESIAN_POINT('',(20.264234109869,-17.07014493066,
    107.55162641214));
#15960 = CARTESIAN_POINT('',(20.282362785114,-17.05854854431,
    107.5400300258));
#15961 = CARTESIAN_POINT('',(20.299774238415,-17.04658361932,
    107.5280651008));
#15962 = CARTESIAN_POINT('',(20.316348239622,-17.03428561607,
    107.51576709755));
#15963 = CARTESIAN_POINT('',(20.342541241887,-17.01330815061,
    107.49478963209));
#15964 = CARTESIAN_POINT('',(20.352642908136,-17.00478292,
    107.48626440148));
#15965 = CARTESIAN_POINT('',(20.362347950031,-16.99614857252,
    107.477630054));
#15966 = CARTESIAN_POINT('',(20.371667165243,-16.98742332707,
    107.46890480856));
#15967 = CARTESIAN_POINT('',(20.380642033399,-16.97862666888,
    107.46010815036));
#15968 = CARTESIAN_POINT('',(20.389354055727,-16.96977907911,
    107.45126056059));
#15969 = CARTESIAN_POINT('',(20.399449816645,-16.95933352686,
    107.44081500834));
#15970 = CARTESIAN_POINT('',(20.400961427241,-16.95776434573,
    107.43924582721));
#15971 = CARTESIAN_POINT('',(20.402469647318,-16.95619433223,
    107.43767581371));
#15972 = CARTESIAN_POINT('',(20.403975243467,-16.95462359701,
    107.4361050785));
#15973 = CARTESIAN_POINT('',(20.40547902805,-16.95305225033,
    107.43453373181));
#15974 = CARTESIAN_POINT('',(20.406981859198,-16.95148040202,
    107.4329618835));
#15975 = CARTESIAN_POINT('',(20.409446747786,-16.94890158573,
    107.43038306721));
#15976 = CARTESIAN_POINT('',(20.410408834208,-16.94789484929,
    107.42937633077));
#15977 = CARTESIAN_POINT('',(20.411371137299,-16.94688798091,
    107.42836946239));
#15978 = CARTESIAN_POINT('',(20.412333901541,-16.9458810093,
    107.42736249078));
#15979 = CARTESIAN_POINT('',(20.41329737868,-16.94487396318,
    107.42635544467));
#15980 = CARTESIAN_POINT('',(20.414261827721,-16.9438668713,
    107.42534835278));
#15981 = CARTESIAN_POINT('',(20.417043085206,-16.94096631591,
    107.42244779739));
#15982 = CARTESIAN_POINT('',(20.418863026396,-16.93907281056,
    107.42055429204));
#15983 = CARTESIAN_POINT('',(20.420689117271,-16.93717943582,
    107.4186609173));
#15984 = CARTESIAN_POINT('',(20.422523210652,-16.93528638374,
    107.41676786522));
#15985 = CARTESIAN_POINT('',(20.424367233411,-16.93339384889,
    107.41487533037));
#15986 = CARTESIAN_POINT('',(20.426223186468,-16.9315020284,
    107.41298350988));
#15987 = CARTESIAN_POINT('',(20.430865910823,-16.92680729417,
    107.40828877565));
#15988 = CARTESIAN_POINT('',(20.433669382802,-16.92400548877,
    107.40548697025));
#15989 = CARTESIAN_POINT('',(20.436510446525,-16.92120634827,
    107.40268782975));
#15990 = CARTESIAN_POINT('',(20.439396067563,-16.91841055782,
    107.3998920393));
#15991 = CARTESIAN_POINT('',(20.442333291271,-16.91561884516,
    107.39710032664));
#15992 = CARTESIAN_POINT('',(20.445329242784,-16.91283198064,
    107.39431346212));
#15993 = CARTESIAN_POINT('',(20.44839112702,-16.91005077723,
    107.39153225872));
#15994 = PCURVE('',#8521,#15995);
#15995 = DEFINITIONAL_REPRESENTATION('',(#15996),#16053);
#15996 = B_SPLINE_CURVE_WITH_KNOTS('',7,(#15997,#15998,#15999,#16000,
    #16001,#16002,#16003,#16004,#16005,#16006,#16007,#16008,#16009,
    #16010,#16011,#16012,#16013,#16014,#16015,#16016,#16017,#16018,
    #16019,#16020,#16021,#16022,#16023,#16024,#16025,#16026,#16027,
    #16028,#16029,#16030,#16031,#16032,#16033,#16034,#16035,#16036,
    #16037,#16038,#16039,#16040,#16041,#16042,#16043,#16044,#16045,
    #16046,#16047,#16048,#16049,#16050,#16051,#16052),.UNSPECIFIED.,.F.,
  .F.,(8,6,6,6,6,6,6,6,6,8),(0.,6.527319111722E-02,0.2082782589,
    0.516976038869,0.735161426161,0.88086251334,0.906601596237,
    0.92308020564,0.954061327737,1.),.UNSPECIFIED.);
#15997 = CARTESIAN_POINT('',(1.117054804843,-123.3716759847));
#15998 = CARTESIAN_POINT('',(1.118229600231,-123.3673876459));
#15999 = CARTESIAN_POINT('',(1.119418462439,-123.3632626713));
#16000 = CARTESIAN_POINT('',(1.120630742205,-123.3592691375));
#16001 = CARTESIAN_POINT('',(1.12187543823,-123.3553754672));
#16002 = CARTESIAN_POINT('',(1.123161018579,-123.3515514236));
#16003 = CARTESIAN_POINT('',(1.124495242099,-123.3477691045));
#16004 = CARTESIAN_POINT('',(1.128929714322,-123.3357549443));
#16005 = CARTESIAN_POINT('',(1.132240698251,-123.3275888769));
#16006 = CARTESIAN_POINT('',(1.135889843961,-123.3192468956));
#16007 = CARTESIAN_POINT('',(1.139925328183,-123.3105523464));
#16008 = CARTESIAN_POINT('',(1.144372106675,-123.3014107084));
#16009 = CARTESIAN_POINT('',(1.149235347331,-123.2917954362));
#16010 = CARTESIAN_POINT('',(1.165885959636,-123.2599697125));
#16011 = CARTESIAN_POINT('',(1.179165300068,-123.2360783492));
#16012 = CARTESIAN_POINT('',(1.194280604161,-123.2101472181));
#16013 = CARTESIAN_POINT('',(1.210985349737,-123.1830050634));
#16014 = CARTESIAN_POINT('',(1.229128077677,-123.1552549148));
#16015 = CARTESIAN_POINT('',(1.248584102596,-123.1274806177));
#16016 = CARTESIAN_POINT('',(1.283919040083,-123.0808320979));
#16017 = CARTESIAN_POINT('',(1.299171735934,-123.0617391976));
#16018 = CARTESIAN_POINT('',(1.315013650094,-123.0430471686));
#16019 = CARTESIAN_POINT('',(1.33141341694,-123.0249184934));
#16020 = CARTESIAN_POINT('',(1.348334376142,-123.0075070401));
#16021 = CARTESIAN_POINT('',(1.36572637913,-122.9909330389));
#16022 = CARTESIAN_POINT('',(1.395392995286,-122.9647400366));
#16023 = CARTESIAN_POINT('',(1.407449492037,-122.9546383703));
#16024 = CARTESIAN_POINT('',(1.419660303343,-122.9449333284));
#16025 = CARTESIAN_POINT('',(1.431999663788,-122.9356141132));
#16026 = CARTESIAN_POINT('',(1.44444001711,-122.9266392451));
#16027 = CARTESIAN_POINT('',(1.456952398555,-122.9179272227));
#16028 = CARTESIAN_POINT('',(1.47172464022,-122.9078314618));
#16029 = CARTESIAN_POINT('',(1.473943797451,-122.9063198512));
#16030 = CARTESIAN_POINT('',(1.476164131835,-122.9048116312));
#16031 = CARTESIAN_POINT('',(1.47838548688,-122.903306035));
#16032 = CARTESIAN_POINT('',(1.480607706671,-122.9018022504));
#16033 = CARTESIAN_POINT('',(1.482830635873,-122.9002994193));
#16034 = CARTESIAN_POINT('',(1.486477632845,-122.8978345307));
#16035 = CARTESIAN_POINT('',(1.48790137317,-122.8968724443));
#16036 = CARTESIAN_POINT('',(1.489325300095,-122.8959101412));
#16037 = CARTESIAN_POINT('',(1.490749373002,-122.8949473769));
#16038 = CARTESIAN_POINT('',(1.492173551271,-122.8939838998));
#16039 = CARTESIAN_POINT('',(1.493597794274,-122.8930194508));
#16040 = CARTESIAN_POINT('',(1.497699799048,-122.8902381933));
#16041 = CARTESIAN_POINT('',(1.500377619991,-122.8884182521));
#16042 = CARTESIAN_POINT('',(1.503055256224,-122.8865921612));
#16043 = CARTESIAN_POINT('',(1.505732436158,-122.8847580678));
#16044 = CARTESIAN_POINT('',(1.50840888461,-122.8829140451));
#16045 = CARTESIAN_POINT('',(1.511084322795,-122.881058092));
#16046 = CARTESIAN_POINT('',(1.517723679619,-122.8764153677));
#16047 = CARTESIAN_POINT('',(1.52168603082,-122.8736118957));
#16048 = CARTESIAN_POINT('',(1.52564461327,-122.8707708319));
#16049 = CARTESIAN_POINT('',(1.529598458044,-122.8678852109));
#16050 = CARTESIAN_POINT('',(1.533546535955,-122.8649479872));
#16051 = CARTESIAN_POINT('',(1.537487757553,-122.8619520357));
#16052 = CARTESIAN_POINT('',(1.541420973126,-122.8588901515));
#16053 = ( GEOMETRIC_REPRESENTATION_CONTEXT(2) 
PARAMETRIC_REPRESENTATION_CONTEXT() REPRESENTATION_CONTEXT('2D SPACE',''
  ) );
#16054 = PCURVE('',#12086,#16055);
#16055 = DEFINITIONAL_REPRESENTATION('',(#16056),#16113);
#16056 = B_SPLINE_CURVE_WITH_KNOTS('',7,(#16057,#16058,#16059,#16060,
    #16061,#16062,#16063,#16064,#16065,#16066,#16067,#16068,#16069,
    #16070,#16071,#16072,#16073,#16074,#16075,#16076,#16077,#16078,
    #16079,#16080,#16081,#16082,#16083,#16084,#16085,#16086,#16087,
    #16088,#16089,#16090,#16091,#16092,#16093,#16094,#16095,#16096,
    #16097,#16098,#16099,#16100,#16101,#16102,#16103,#16104,#16105,
    #16106,#16107,#16108,#16109,#16110,#16111,#16112),.UNSPECIFIED.,.F.,
  .F.,(8,6,6,6,6,6,6,6,6,8),(0.,6.527319111722E-02,0.2082782589,
    0.516976038869,0.735161426161,0.88086251334,0.906601596237,
    0.92308020564,0.954061327737,1.),.UNSPECIFIED.);
#16057 = CARTESIAN_POINT('',(1.,0.657313712107));
#16058 = CARTESIAN_POINT('',(0.989548426775,0.65722125854));
#16059 = CARTESIAN_POINT('',(0.979032026221,0.657140876871));
#16060 = CARTESIAN_POINT('',(0.9684672641,0.657069850267));
#16061 = CARTESIAN_POINT('',(0.957869304138,0.657005460846));
#16062 = CARTESIAN_POINT('',(0.947251610137,0.656945075765));
#16063 = CARTESIAN_POINT('',(0.936625548086,0.656886233313));
#16064 = CARTESIAN_POINT('',(0.90272076942,0.656696362788));
#16065 = CARTESIAN_POINT('',(0.879445543355,0.656562831833));
#16066 = CARTESIAN_POINT('',(0.85627984125,0.656402694197));
#16067 = CARTESIAN_POINT('',(0.833304051684,0.656198220971));
#16068 = CARTESIAN_POINT('',(0.810574396366,0.655937994628));
#16069 = CARTESIAN_POINT('',(0.788129143186,0.655616166716));
#16070 = CARTESIAN_POINT('',(0.718231120744,0.654397585635));
#16071 = CARTESIAN_POINT('',(0.671943355575,0.653266947928));
#16072 = CARTESIAN_POINT('',(0.627340727988,0.651814220978));
#16073 = CARTESIAN_POINT('',(0.584057217715,0.650087347331));
#16074 = CARTESIAN_POINT('',(0.541807839488,0.648120168713));
#16075 = CARTESIAN_POINT('',(0.500241596376,0.64594437382));
#16076 = CARTESIAN_POINT('',(0.429852103519,0.641908968091));
#16077 = CARTESIAN_POINT('',(0.400870345022,0.640143985133));
#16078 = CARTESIAN_POINT('',(0.371939891221,0.6382931332));
#16079 = CARTESIAN_POINT('',(0.342962052684,0.636363399725));
#16080 = CARTESIAN_POINT('',(0.313849098689,0.634361082811));
#16081 = CARTESIAN_POINT('',(0.284534768421,0.63229190862));
#16082 = CARTESIAN_POINT('',(0.235279239409,0.628737866123));
#16083 = CARTESIAN_POINT('',(0.215457185878,0.627287081785));
#16084 = CARTESIAN_POINT('',(0.19553293286,0.625810249487));
#16085 = CARTESIAN_POINT('',(0.175508117921,0.624308515461));
#16086 = CARTESIAN_POINT('',(0.155392844039,0.622782322258));
#16087 = CARTESIAN_POINT('',(0.135210320066,0.621231247388));
#16088 = CARTESIAN_POINT('',(0.111431476593,0.619375182621));
#16089 = CARTESIAN_POINT('',(0.107860600565,0.619095699347));
#16090 = CARTESIAN_POINT('',(0.104289087447,0.618815383446));
#16091 = CARTESIAN_POINT('',(0.100717168861,0.618534225278));
#16092 = CARTESIAN_POINT('',(9.714509370077E-02,0.618252214262));
#16093 = CARTESIAN_POINT('',(9.357312813764E-02,0.617969338872));
#16094 = CARTESIAN_POINT('',(8.771497265014E-02,0.617503923514));
#16095 = CARTESIAN_POINT('',(8.542855122128E-02,0.617321901027));
#16096 = CARTESIAN_POINT('',(8.314236591396E-02,0.617139515913));
#16097 = CARTESIAN_POINT('',(8.085649472257E-02,0.616956764798));
#16098 = CARTESIAN_POINT('',(7.857101905209E-02,0.616773644196));
#16099 = CARTESIAN_POINT('',(7.628602371809E-02,0.616590150511));
#16100 = CARTESIAN_POINT('',(6.970668934916E-02,0.616060588624));
#16101 = CARTESIAN_POINT('',(6.541379485456E-02,0.615713565837));
#16102 = CARTESIAN_POINT('',(6.112349646007E-02,0.615365186386));
#16103 = CARTESIAN_POINT('',(5.683642771078E-02,0.615015424841));
#16104 = CARTESIAN_POINT('',(5.25532726997E-02,0.61466425564));
#16105 = CARTESIAN_POINT('',(4.82747660678E-02,0.614311653079));
#16106 = CARTESIAN_POINT('',(3.766559896514E-02,0.61343259009));
#16107 = CARTESIAN_POINT('',(3.134146824201E-02,0.612904385862));
#16108 = CARTESIAN_POINT('',(2.503186814182E-02,0.612372888808));
#16109 = CARTESIAN_POINT('',(1.873964825423E-02,0.611838024407));
#16110 = CARTESIAN_POINT('',(1.246794045133E-02,0.611299733443));
#16111 = CARTESIAN_POINT('',(6.220158887618E-03,0.610757972007));
#16112 = CARTESIAN_POINT('',(0.,0.610212711496));
#16113 = ( GEOMETRIC_REPRESENTATION_CONTEXT(2) 
PARAMETRIC_REPRESENTATION_CONTEXT() REPRESENTATION_CONTEXT('2D SPACE',''
  ) );
#16114 = ADVANCED_FACE('',(#16115),#8412,.T.);
#16115 = FACE_BOUND('',#16116,.T.);
#16116 = EDGE_LOOP('',(#16117,#16118,#16119,#16120));
#16117 = ORIENTED_EDGE('',*,*,#9394,.F.);
#16118 = ORIENTED_EDGE('',*,*,#9070,.T.);
#16119 = ORIENTED_EDGE('',*,*,#8390,.T.);
#16120 = ORIENTED_EDGE('',*,*,#15752,.T.);
#16121 = ADVANCED_FACE('',(#16122),#9330,.T.);
#16122 = FACE_BOUND('',#16123,.T.);
#16123 = EDGE_LOOP('',(#16124,#16125,#16146,#16147,#16148,#16169));
#16124 = ORIENTED_EDGE('',*,*,#10936,.F.);
#16125 = ORIENTED_EDGE('',*,*,#16126,.T.);
#16126 = EDGE_CURVE('',#10827,#9560,#16127,.T.);
#16127 = SURFACE_CURVE('',#16128,(#16132,#16139),.PCURVE_S1.);
#16128 = LINE('',#16129,#16130);
#16129 = CARTESIAN_POINT('',(143.30728127852,-16.,111.11111111111));
#16130 = VECTOR('',#16131,1.);
#16131 = DIRECTION('',(-1.,0.,0.));
#16132 = PCURVE('',#9330,#16133);
#16133 = DEFINITIONAL_REPRESENTATION('',(#16134),#16138);
#16134 = LINE('',#16135,#16136);
#16135 = CARTESIAN_POINT('',(0.,0.));
#16136 = VECTOR('',#16137,1.);
#16137 = DIRECTION('',(-0.,-1.));
#16138 = ( GEOMETRIC_REPRESENTATION_CONTEXT(2) 
PARAMETRIC_REPRESENTATION_CONTEXT() REPRESENTATION_CONTEXT('2D SPACE',''
  ) );
#16139 = PCURVE('',#9675,#16140);
#16140 = DEFINITIONAL_REPRESENTATION('',(#16141),#16145);
#16141 = LINE('',#16142,#16143);
#16142 = CARTESIAN_POINT('',(2.828427124746,0.));
#16143 = VECTOR('',#16144,1.);
#16144 = DIRECTION('',(0.,-1.));
#16145 = ( GEOMETRIC_REPRESENTATION_CONTEXT(2) 
PARAMETRIC_REPRESENTATION_CONTEXT() REPRESENTATION_CONTEXT('2D SPACE',''
  ) );
#16146 = ORIENTED_EDGE('',*,*,#9559,.T.);
#16147 = ORIENTED_EDGE('',*,*,#9256,.F.);
#16148 = ORIENTED_EDGE('',*,*,#16149,.F.);
#16149 = EDGE_CURVE('',#12185,#9228,#16150,.T.);
#16150 = SURFACE_CURVE('',#16151,(#16155,#16162),.PCURVE_S1.);
#16151 = LINE('',#16152,#16153);
#16152 = CARTESIAN_POINT('',(143.30728127852,-18.,109.11111111111));
#16153 = VECTOR('',#16154,1.);
#16154 = DIRECTION('',(-1.,0.,0.));
#16155 = PCURVE('',#9330,#16156);
#16156 = DEFINITIONAL_REPRESENTATION('',(#16157),#16161);
#16157 = LINE('',#16158,#16159);
#16158 = CARTESIAN_POINT('',(2.828427124746,0.));
#16159 = VECTOR('',#16160,1.);
#16160 = DIRECTION('',(-0.,-1.));
#16161 = ( GEOMETRIC_REPRESENTATION_CONTEXT(2) 
PARAMETRIC_REPRESENTATION_CONTEXT() REPRESENTATION_CONTEXT('2D SPACE',''
  ) );
#16162 = PCURVE('',#9244,#16163);
#16163 = DEFINITIONAL_REPRESENTATION('',(#16164),#16168);
#16164 = LINE('',#16165,#16166);
#16165 = CARTESIAN_POINT('',(45.759015403799,143.3072812853));
#16166 = VECTOR('',#16167,1.);
#16167 = DIRECTION('',(-0.,-1.));
#16168 = ( GEOMETRIC_REPRESENTATION_CONTEXT(2) 
PARAMETRIC_REPRESENTATION_CONTEXT() REPRESENTATION_CONTEXT('2D SPACE',''
  ) );
#16169 = ORIENTED_EDGE('',*,*,#12184,.F.);
#16170 = ADVANCED_FACE('',(#16171),#9244,.F.);
#16171 = FACE_BOUND('',#16172,.F.);
#16172 = EDGE_LOOP('',(#16173,#16174,#16175,#16176));
#16173 = ORIENTED_EDGE('',*,*,#15730,.T.);
#16174 = ORIENTED_EDGE('',*,*,#9227,.F.);
#16175 = ORIENTED_EDGE('',*,*,#16149,.F.);
#16176 = ORIENTED_EDGE('',*,*,#12294,.F.);
#16177 = ADVANCED_FACE('',(#16178),#9506,.T.);
#16178 = FACE_BOUND('',#16179,.T.);
#16179 = EDGE_LOOP('',(#16180,#16201,#16202,#16203));
#16180 = ORIENTED_EDGE('',*,*,#16181,.F.);
#16181 = EDGE_CURVE('',#10298,#9455,#16182,.T.);
#16182 = SURFACE_CURVE('',#16183,(#16187,#16194),.PCURVE_S1.);
#16183 = LINE('',#16184,#16185);
#16184 = CARTESIAN_POINT('',(143.30728127852,-16.,120.37037037037));
#16185 = VECTOR('',#16186,1.);
#16186 = DIRECTION('',(-1.,0.,0.));
#16187 = PCURVE('',#9506,#16188);
#16188 = DEFINITIONAL_REPRESENTATION('',(#16189),#16193);
#16189 = LINE('',#16190,#16191);
#16190 = CARTESIAN_POINT('',(2.828427124746,0.));
#16191 = VECTOR('',#16192,1.);
#16192 = DIRECTION('',(0.,-1.));
#16193 = ( GEOMETRIC_REPRESENTATION_CONTEXT(2) 
PARAMETRIC_REPRESENTATION_CONTEXT() REPRESENTATION_CONTEXT('2D SPACE',''
  ) );
#16194 = PCURVE('',#10119,#16195);
#16195 = DEFINITIONAL_REPRESENTATION('',(#16196),#16200);
#16196 = LINE('',#16197,#16198);
#16197 = CARTESIAN_POINT('',(0.,0.));
#16198 = VECTOR('',#16199,1.);
#16199 = DIRECTION('',(-0.,-1.));
#16200 = ( GEOMETRIC_REPRESENTATION_CONTEXT(2) 
PARAMETRIC_REPRESENTATION_CONTEXT() REPRESENTATION_CONTEXT('2D SPACE',''
  ) );
#16201 = ORIENTED_EDGE('',*,*,#10297,.T.);
#16202 = ORIENTED_EDGE('',*,*,#10240,.T.);
#16203 = ORIENTED_EDGE('',*,*,#9454,.F.);
#16204 = ADVANCED_FACE('',(#16205),#10119,.T.);
#16205 = FACE_BOUND('',#16206,.T.);
#16206 = EDGE_LOOP('',(#16207,#16208,#16209,#16210));
#16207 = ORIENTED_EDGE('',*,*,#10371,.F.);
#16208 = ORIENTED_EDGE('',*,*,#16181,.T.);
#16209 = ORIENTED_EDGE('',*,*,#9999,.T.);
#16210 = ORIENTED_EDGE('',*,*,#16211,.F.);
#16211 = EDGE_CURVE('',#10372,#9967,#16212,.T.);
#16212 = SURFACE_CURVE('',#16213,(#16217,#16224),.PCURVE_S1.);
#16213 = LINE('',#16214,#16215);
#16214 = CARTESIAN_POINT('',(143.30728127852,-18.,118.37037037037));
#16215 = VECTOR('',#16216,1.);
#16216 = DIRECTION('',(-1.,0.,0.));
#16217 = PCURVE('',#10119,#16218);
#16218 = DEFINITIONAL_REPRESENTATION('',(#16219),#16223);
#16219 = LINE('',#16220,#16221);
#16220 = CARTESIAN_POINT('',(2.828427124746,0.));
#16221 = VECTOR('',#16222,1.);
#16222 = DIRECTION('',(-0.,-1.));
#16223 = ( GEOMETRIC_REPRESENTATION_CONTEXT(2) 
PARAMETRIC_REPRESENTATION_CONTEXT() REPRESENTATION_CONTEXT('2D SPACE',''
  ) );
#16224 = PCURVE('',#9983,#16225);
#16225 = DEFINITIONAL_REPRESENTATION('',(#16226),#16230);
#16226 = LINE('',#16227,#16228);
#16227 = CARTESIAN_POINT('',(55.018274663059,143.3072812853));
#16228 = VECTOR('',#16229,1.);
#16229 = DIRECTION('',(-0.,-1.));
#16230 = ( GEOMETRIC_REPRESENTATION_CONTEXT(2) 
PARAMETRIC_REPRESENTATION_CONTEXT() REPRESENTATION_CONTEXT('2D SPACE',''
  ) );
#16231 = ADVANCED_FACE('',(#16232),#9983,.F.);
#16232 = FACE_BOUND('',#16233,.F.);
#16233 = EDGE_LOOP('',(#16234,#16255,#16256,#16257));
#16234 = ORIENTED_EDGE('',*,*,#16235,.T.);
#16235 = EDGE_CURVE('',#10554,#9870,#16236,.T.);
#16236 = SURFACE_CURVE('',#16237,(#16241,#16248),.PCURVE_S1.);
#16237 = LINE('',#16238,#16239);
#16238 = CARTESIAN_POINT('',(143.30728127852,-18.,117.74074074074));
#16239 = VECTOR('',#16240,1.);
#16240 = DIRECTION('',(-1.,0.,0.));
#16241 = PCURVE('',#9983,#16242);
#16242 = DEFINITIONAL_REPRESENTATION('',(#16243),#16247);
#16243 = LINE('',#16244,#16245);
#16244 = CARTESIAN_POINT('',(54.388645033429,143.3072812853));
#16245 = VECTOR('',#16246,1.);
#16246 = DIRECTION('',(-0.,-1.));
#16247 = ( GEOMETRIC_REPRESENTATION_CONTEXT(2) 
PARAMETRIC_REPRESENTATION_CONTEXT() REPRESENTATION_CONTEXT('2D SPACE',''
  ) );
#16248 = PCURVE('',#9931,#16249);
#16249 = DEFINITIONAL_REPRESENTATION('',(#16250),#16254);
#16250 = LINE('',#16251,#16252);
#16251 = CARTESIAN_POINT('',(0.,0.));
#16252 = VECTOR('',#16253,1.);
#16253 = DIRECTION('',(0.,-1.));
#16254 = ( GEOMETRIC_REPRESENTATION_CONTEXT(2) 
PARAMETRIC_REPRESENTATION_CONTEXT() REPRESENTATION_CONTEXT('2D SPACE',''
  ) );
#16255 = ORIENTED_EDGE('',*,*,#9966,.F.);
#16256 = ORIENTED_EDGE('',*,*,#16211,.F.);
#16257 = ORIENTED_EDGE('',*,*,#10553,.F.);
#16258 = ADVANCED_FACE('',(#16259),#9931,.T.);
#16259 = FACE_BOUND('',#16260,.T.);
#16260 = EDGE_LOOP('',(#16261,#16262,#16263,#16264));
#16261 = ORIENTED_EDGE('',*,*,#10581,.T.);
#16262 = ORIENTED_EDGE('',*,*,#16235,.T.);
#16263 = ORIENTED_EDGE('',*,*,#9869,.F.);
#16264 = ORIENTED_EDGE('',*,*,#16265,.F.);
#16265 = EDGE_CURVE('',#10582,#9740,#16266,.T.);
#16266 = SURFACE_CURVE('',#16267,(#16271,#16278),.PCURVE_S1.);
#16267 = LINE('',#16268,#16269);
#16268 = CARTESIAN_POINT('',(143.30728127852,-16.,115.74074074074));
#16269 = VECTOR('',#16270,1.);
#16270 = DIRECTION('',(-1.,0.,0.));
#16271 = PCURVE('',#9931,#16272);
#16272 = DEFINITIONAL_REPRESENTATION('',(#16273),#16277);
#16273 = LINE('',#16274,#16275);
#16274 = CARTESIAN_POINT('',(2.828427124746,0.));
#16275 = VECTOR('',#16276,1.);
#16276 = DIRECTION('',(0.,-1.));
#16277 = ( GEOMETRIC_REPRESENTATION_CONTEXT(2) 
PARAMETRIC_REPRESENTATION_CONTEXT() REPRESENTATION_CONTEXT('2D SPACE',''
  ) );
#16278 = PCURVE('',#9823,#16279);
#16279 = DEFINITIONAL_REPRESENTATION('',(#16280),#16284);
#16280 = LINE('',#16281,#16282);
#16281 = CARTESIAN_POINT('',(0.,0.));
#16282 = VECTOR('',#16283,1.);
#16283 = DIRECTION('',(-0.,-1.));
#16284 = ( GEOMETRIC_REPRESENTATION_CONTEXT(2) 
PARAMETRIC_REPRESENTATION_CONTEXT() REPRESENTATION_CONTEXT('2D SPACE',''
  ) );
#16285 = ADVANCED_FACE('',(#16286),#9823,.T.);
#16286 = FACE_BOUND('',#16287,.T.);
#16287 = EDGE_LOOP('',(#16288,#16289,#16290,#16291));
#16288 = ORIENTED_EDGE('',*,*,#10673,.F.);
#16289 = ORIENTED_EDGE('',*,*,#16265,.T.);
#16290 = ORIENTED_EDGE('',*,*,#9739,.T.);
#16291 = ORIENTED_EDGE('',*,*,#16292,.F.);
#16292 = EDGE_CURVE('',#10674,#9707,#16293,.T.);
#16293 = SURFACE_CURVE('',#16294,(#16298,#16305),.PCURVE_S1.);
#16294 = LINE('',#16295,#16296);
#16295 = CARTESIAN_POINT('',(143.30728127852,-18.,113.74074074074));
#16296 = VECTOR('',#16297,1.);
#16297 = DIRECTION('',(-1.,0.,0.));
#16298 = PCURVE('',#9823,#16299);
#16299 = DEFINITIONAL_REPRESENTATION('',(#16300),#16304);
#16300 = LINE('',#16301,#16302);
#16301 = CARTESIAN_POINT('',(2.828427124746,0.));
#16302 = VECTOR('',#16303,1.);
#16303 = DIRECTION('',(-0.,-1.));
#16304 = ( GEOMETRIC_REPRESENTATION_CONTEXT(2) 
PARAMETRIC_REPRESENTATION_CONTEXT() REPRESENTATION_CONTEXT('2D SPACE',''
  ) );
#16305 = PCURVE('',#9723,#16306);
#16306 = DEFINITIONAL_REPRESENTATION('',(#16307),#16311);
#16307 = LINE('',#16308,#16309);
#16308 = CARTESIAN_POINT('',(50.388645033429,143.3072812853));
#16309 = VECTOR('',#16310,1.);
#16310 = DIRECTION('',(-0.,-1.));
#16311 = ( GEOMETRIC_REPRESENTATION_CONTEXT(2) 
PARAMETRIC_REPRESENTATION_CONTEXT() REPRESENTATION_CONTEXT('2D SPACE',''
  ) );
#16312 = ADVANCED_FACE('',(#16313),#9723,.F.);
#16313 = FACE_BOUND('',#16314,.F.);
#16314 = EDGE_LOOP('',(#16315,#16336,#16337,#16338));
#16315 = ORIENTED_EDGE('',*,*,#16316,.T.);
#16316 = EDGE_CURVE('',#10799,#9622,#16317,.T.);
#16317 = SURFACE_CURVE('',#16318,(#16322,#16329),.PCURVE_S1.);
#16318 = LINE('',#16319,#16320);
#16319 = CARTESIAN_POINT('',(143.30728127852,-18.,113.11111111111));
#16320 = VECTOR('',#16321,1.);
#16321 = DIRECTION('',(-1.,0.,0.));
#16322 = PCURVE('',#9723,#16323);
#16323 = DEFINITIONAL_REPRESENTATION('',(#16324),#16328);
#16324 = LINE('',#16325,#16326);
#16325 = CARTESIAN_POINT('',(49.7590154038,143.3072812853));
#16326 = VECTOR('',#16327,1.);
#16327 = DIRECTION('',(-0.,-1.));
#16328 = ( GEOMETRIC_REPRESENTATION_CONTEXT(2) 
PARAMETRIC_REPRESENTATION_CONTEXT() REPRESENTATION_CONTEXT('2D SPACE',''
  ) );
#16329 = PCURVE('',#9675,#16330);
#16330 = DEFINITIONAL_REPRESENTATION('',(#16331),#16335);
#16331 = LINE('',#16332,#16333);
#16332 = CARTESIAN_POINT('',(0.,0.));
#16333 = VECTOR('',#16334,1.);
#16334 = DIRECTION('',(0.,-1.));
#16335 = ( GEOMETRIC_REPRESENTATION_CONTEXT(2) 
PARAMETRIC_REPRESENTATION_CONTEXT() REPRESENTATION_CONTEXT('2D SPACE',''
  ) );
#16336 = ORIENTED_EDGE('',*,*,#9706,.F.);
#16337 = ORIENTED_EDGE('',*,*,#16292,.F.);
#16338 = ORIENTED_EDGE('',*,*,#10798,.F.);
#16339 = ADVANCED_FACE('',(#16340),#9675,.T.);
#16340 = FACE_BOUND('',#16341,.T.);
#16341 = EDGE_LOOP('',(#16342,#16343,#16344,#16345));
#16342 = ORIENTED_EDGE('',*,*,#10826,.F.);
#16343 = ORIENTED_EDGE('',*,*,#16316,.T.);
#16344 = ORIENTED_EDGE('',*,*,#9621,.F.);
#16345 = ORIENTED_EDGE('',*,*,#16126,.F.);
#16346 = ADVANCED_FACE('',(#16347),#12018,.T.);
#16347 = FACE_BOUND('',#16348,.T.);
#16348 = EDGE_LOOP('',(#16349,#16350,#16371,#16372,#16373,#16394));
#16349 = ORIENTED_EDGE('',*,*,#13493,.T.);
#16350 = ORIENTED_EDGE('',*,*,#16351,.T.);
#16351 = EDGE_CURVE('',#13494,#11970,#16352,.T.);
#16352 = SURFACE_CURVE('',#16353,(#16357,#16364),.PCURVE_S1.);
#16353 = LINE('',#16354,#16355);
#16354 = CARTESIAN_POINT('',(143.30728127852,-18.,6.62962962963));
#16355 = VECTOR('',#16356,1.);
#16356 = DIRECTION('',(-1.,0.,0.));
#16357 = PCURVE('',#12018,#16358);
#16358 = DEFINITIONAL_REPRESENTATION('',(#16359),#16363);
#16359 = LINE('',#16360,#16361);
#16360 = CARTESIAN_POINT('',(0.,0.));
#16361 = VECTOR('',#16362,1.);
#16362 = DIRECTION('',(0.,-1.));
#16363 = ( GEOMETRIC_REPRESENTATION_CONTEXT(2) 
PARAMETRIC_REPRESENTATION_CONTEXT() REPRESENTATION_CONTEXT('2D SPACE',''
  ) );
#16364 = PCURVE('',#11985,#16365);
#16365 = DEFINITIONAL_REPRESENTATION('',(#16366),#16370);
#16366 = LINE('',#16367,#16368);
#16367 = CARTESIAN_POINT('',(-56.72246607768,143.3072812853));
#16368 = VECTOR('',#16369,1.);
#16369 = DIRECTION('',(-0.,-1.));
#16370 = ( GEOMETRIC_REPRESENTATION_CONTEXT(2) 
PARAMETRIC_REPRESENTATION_CONTEXT() REPRESENTATION_CONTEXT('2D SPACE',''
  ) );
#16371 = ORIENTED_EDGE('',*,*,#11997,.T.);
#16372 = ORIENTED_EDGE('',*,*,#12519,.T.);
#16373 = ORIENTED_EDGE('',*,*,#16374,.F.);
#16374 = EDGE_CURVE('',#13417,#12474,#16375,.T.);
#16375 = SURFACE_CURVE('',#16376,(#16380,#16387),.PCURVE_S1.);
#16376 = LINE('',#16377,#16378);
#16377 = CARTESIAN_POINT('',(143.30728127852,-16.,4.62962962963));
#16378 = VECTOR('',#16379,1.);
#16379 = DIRECTION('',(-1.,0.,0.));
#16380 = PCURVE('',#12018,#16381);
#16381 = DEFINITIONAL_REPRESENTATION('',(#16382),#16386);
#16382 = LINE('',#16383,#16384);
#16383 = CARTESIAN_POINT('',(2.828427124746,0.));
#16384 = VECTOR('',#16385,1.);
#16385 = DIRECTION('',(0.,-1.));
#16386 = ( GEOMETRIC_REPRESENTATION_CONTEXT(2) 
PARAMETRIC_REPRESENTATION_CONTEXT() REPRESENTATION_CONTEXT('2D SPACE',''
  ) );
#16387 = PCURVE('',#12507,#16388);
#16388 = DEFINITIONAL_REPRESENTATION('',(#16389),#16393);
#16389 = LINE('',#16390,#16391);
#16390 = CARTESIAN_POINT('',(0.,0.));
#16391 = VECTOR('',#16392,1.);
#16392 = DIRECTION('',(-0.,-1.));
#16393 = ( GEOMETRIC_REPRESENTATION_CONTEXT(2) 
PARAMETRIC_REPRESENTATION_CONTEXT() REPRESENTATION_CONTEXT('2D SPACE',''
  ) );
#16394 = ORIENTED_EDGE('',*,*,#13416,.T.);
#16395 = ADVANCED_FACE('',(#16396),#11985,.F.);
#16396 = FACE_BOUND('',#16397,.F.);
#16397 = EDGE_LOOP('',(#16398,#16399,#16420,#16421));
#16398 = ORIENTED_EDGE('',*,*,#11969,.F.);
#16399 = ORIENTED_EDGE('',*,*,#16400,.F.);
#16400 = EDGE_CURVE('',#13522,#11937,#16401,.T.);
#16401 = SURFACE_CURVE('',#16402,(#16406,#16413),.PCURVE_S1.);
#16402 = LINE('',#16403,#16404);
#16403 = CARTESIAN_POINT('',(143.30728127852,-18.,7.259259259259));
#16404 = VECTOR('',#16405,1.);
#16405 = DIRECTION('',(-1.,0.,0.));
#16406 = PCURVE('',#11985,#16407);
#16407 = DEFINITIONAL_REPRESENTATION('',(#16408),#16412);
#16408 = LINE('',#16409,#16410);
#16409 = CARTESIAN_POINT('',(-56.09283644805,143.3072812853));
#16410 = VECTOR('',#16411,1.);
#16411 = DIRECTION('',(-0.,-1.));
#16412 = ( GEOMETRIC_REPRESENTATION_CONTEXT(2) 
PARAMETRIC_REPRESENTATION_CONTEXT() REPRESENTATION_CONTEXT('2D SPACE',''
  ) );
#16413 = PCURVE('',#11957,#16414);
#16414 = DEFINITIONAL_REPRESENTATION('',(#16415),#16419);
#16415 = LINE('',#16416,#16417);
#16416 = CARTESIAN_POINT('',(2.828427124746,0.));
#16417 = VECTOR('',#16418,1.);
#16418 = DIRECTION('',(-0.,-1.));
#16419 = ( GEOMETRIC_REPRESENTATION_CONTEXT(2) 
PARAMETRIC_REPRESENTATION_CONTEXT() REPRESENTATION_CONTEXT('2D SPACE',''
  ) );
#16420 = ORIENTED_EDGE('',*,*,#13521,.F.);
#16421 = ORIENTED_EDGE('',*,*,#16351,.T.);
#16422 = ADVANCED_FACE('',(#16423),#11957,.T.);
#16423 = FACE_BOUND('',#16424,.T.);
#16424 = EDGE_LOOP('',(#16425,#16426,#16447,#16448));
#16425 = ORIENTED_EDGE('',*,*,#13544,.T.);
#16426 = ORIENTED_EDGE('',*,*,#16427,.T.);
#16427 = EDGE_CURVE('',#13545,#11904,#16428,.T.);
#16428 = SURFACE_CURVE('',#16429,(#16433,#16440),.PCURVE_S1.);
#16429 = LINE('',#16430,#16431);
#16430 = CARTESIAN_POINT('',(143.30728127852,-16.,9.259259259259));
#16431 = VECTOR('',#16432,1.);
#16432 = DIRECTION('',(-1.,0.,0.));
#16433 = PCURVE('',#11957,#16434);
#16434 = DEFINITIONAL_REPRESENTATION('',(#16435),#16439);
#16435 = LINE('',#16436,#16437);
#16436 = CARTESIAN_POINT('',(0.,0.));
#16437 = VECTOR('',#16438,1.);
#16438 = DIRECTION('',(-0.,-1.));
#16439 = ( GEOMETRIC_REPRESENTATION_CONTEXT(2) 
PARAMETRIC_REPRESENTATION_CONTEXT() REPRESENTATION_CONTEXT('2D SPACE',''
  ) );
#16440 = PCURVE('',#11924,#16441);
#16441 = DEFINITIONAL_REPRESENTATION('',(#16442),#16446);
#16442 = LINE('',#16443,#16444);
#16443 = CARTESIAN_POINT('',(2.828427124746,0.));
#16444 = VECTOR('',#16445,1.);
#16445 = DIRECTION('',(0.,-1.));
#16446 = ( GEOMETRIC_REPRESENTATION_CONTEXT(2) 
PARAMETRIC_REPRESENTATION_CONTEXT() REPRESENTATION_CONTEXT('2D SPACE',''
  ) );
#16447 = ORIENTED_EDGE('',*,*,#11936,.T.);
#16448 = ORIENTED_EDGE('',*,*,#16400,.F.);
#16449 = ADVANCED_FACE('',(#16450),#11924,.T.);
#16450 = FACE_BOUND('',#16451,.T.);
#16451 = EDGE_LOOP('',(#16452,#16453,#16474,#16475));
#16452 = ORIENTED_EDGE('',*,*,#13572,.T.);
#16453 = ORIENTED_EDGE('',*,*,#16454,.T.);
#16454 = EDGE_CURVE('',#13573,#11876,#16455,.T.);
#16455 = SURFACE_CURVE('',#16456,(#16460,#16467),.PCURVE_S1.);
#16456 = LINE('',#16457,#16458);
#16457 = CARTESIAN_POINT('',(143.30728127852,-18.,11.259259259259));
#16458 = VECTOR('',#16459,1.);
#16459 = DIRECTION('',(-1.,0.,0.));
#16460 = PCURVE('',#11924,#16461);
#16461 = DEFINITIONAL_REPRESENTATION('',(#16462),#16466);
#16462 = LINE('',#16463,#16464);
#16463 = CARTESIAN_POINT('',(0.,0.));
#16464 = VECTOR('',#16465,1.);
#16465 = DIRECTION('',(0.,-1.));
#16466 = ( GEOMETRIC_REPRESENTATION_CONTEXT(2) 
PARAMETRIC_REPRESENTATION_CONTEXT() REPRESENTATION_CONTEXT('2D SPACE',''
  ) );
#16467 = PCURVE('',#11891,#16468);
#16468 = DEFINITIONAL_REPRESENTATION('',(#16469),#16473);
#16469 = LINE('',#16470,#16471);
#16470 = CARTESIAN_POINT('',(-52.09283644805,143.3072812853));
#16471 = VECTOR('',#16472,1.);
#16472 = DIRECTION('',(-0.,-1.));
#16473 = ( GEOMETRIC_REPRESENTATION_CONTEXT(2) 
PARAMETRIC_REPRESENTATION_CONTEXT() REPRESENTATION_CONTEXT('2D SPACE',''
  ) );
#16474 = ORIENTED_EDGE('',*,*,#11903,.T.);
#16475 = ORIENTED_EDGE('',*,*,#16427,.F.);
#16476 = ADVANCED_FACE('',(#16477),#11891,.F.);
#16477 = FACE_BOUND('',#16478,.F.);
#16478 = EDGE_LOOP('',(#16479,#16480,#16501,#16502));
#16479 = ORIENTED_EDGE('',*,*,#11875,.F.);
#16480 = ORIENTED_EDGE('',*,*,#16481,.F.);
#16481 = EDGE_CURVE('',#13601,#11843,#16482,.T.);
#16482 = SURFACE_CURVE('',#16483,(#16487,#16494),.PCURVE_S1.);
#16483 = LINE('',#16484,#16485);
#16484 = CARTESIAN_POINT('',(143.30728127852,-18.,11.888888888889));
#16485 = VECTOR('',#16486,1.);
#16486 = DIRECTION('',(-1.,0.,0.));
#16487 = PCURVE('',#11891,#16488);
#16488 = DEFINITIONAL_REPRESENTATION('',(#16489),#16493);
#16489 = LINE('',#16490,#16491);
#16490 = CARTESIAN_POINT('',(-51.46320681842,143.3072812853));
#16491 = VECTOR('',#16492,1.);
#16492 = DIRECTION('',(-0.,-1.));
#16493 = ( GEOMETRIC_REPRESENTATION_CONTEXT(2) 
PARAMETRIC_REPRESENTATION_CONTEXT() REPRESENTATION_CONTEXT('2D SPACE',''
  ) );
#16494 = PCURVE('',#11863,#16495);
#16495 = DEFINITIONAL_REPRESENTATION('',(#16496),#16500);
#16496 = LINE('',#16497,#16498);
#16497 = CARTESIAN_POINT('',(2.828427124746,0.));
#16498 = VECTOR('',#16499,1.);
#16499 = DIRECTION('',(-0.,-1.));
#16500 = ( GEOMETRIC_REPRESENTATION_CONTEXT(2) 
PARAMETRIC_REPRESENTATION_CONTEXT() REPRESENTATION_CONTEXT('2D SPACE',''
  ) );
#16501 = ORIENTED_EDGE('',*,*,#13600,.F.);
#16502 = ORIENTED_EDGE('',*,*,#16454,.T.);
#16503 = ADVANCED_FACE('',(#16504),#11863,.T.);
#16504 = FACE_BOUND('',#16505,.T.);
#16505 = EDGE_LOOP('',(#16506,#16507,#16528,#16529));
#16506 = ORIENTED_EDGE('',*,*,#13623,.T.);
#16507 = ORIENTED_EDGE('',*,*,#16508,.T.);
#16508 = EDGE_CURVE('',#13624,#11810,#16509,.T.);
#16509 = SURFACE_CURVE('',#16510,(#16514,#16521),.PCURVE_S1.);
#16510 = LINE('',#16511,#16512);
#16511 = CARTESIAN_POINT('',(143.30728127852,-16.,13.888888888889));
#16512 = VECTOR('',#16513,1.);
#16513 = DIRECTION('',(-1.,0.,0.));
#16514 = PCURVE('',#11863,#16515);
#16515 = DEFINITIONAL_REPRESENTATION('',(#16516),#16520);
#16516 = LINE('',#16517,#16518);
#16517 = CARTESIAN_POINT('',(0.,0.));
#16518 = VECTOR('',#16519,1.);
#16519 = DIRECTION('',(-0.,-1.));
#16520 = ( GEOMETRIC_REPRESENTATION_CONTEXT(2) 
PARAMETRIC_REPRESENTATION_CONTEXT() REPRESENTATION_CONTEXT('2D SPACE',''
  ) );
#16521 = PCURVE('',#11830,#16522);
#16522 = DEFINITIONAL_REPRESENTATION('',(#16523),#16527);
#16523 = LINE('',#16524,#16525);
#16524 = CARTESIAN_POINT('',(2.828427124746,0.));
#16525 = VECTOR('',#16526,1.);
#16526 = DIRECTION('',(0.,-1.));
#16527 = ( GEOMETRIC_REPRESENTATION_CONTEXT(2) 
PARAMETRIC_REPRESENTATION_CONTEXT() REPRESENTATION_CONTEXT('2D SPACE',''
  ) );
#16528 = ORIENTED_EDGE('',*,*,#11842,.T.);
#16529 = ORIENTED_EDGE('',*,*,#16481,.F.);
#16530 = ADVANCED_FACE('',(#16531),#11830,.T.);
#16531 = FACE_BOUND('',#16532,.T.);
#16532 = EDGE_LOOP('',(#16533,#16534,#16555,#16556));
#16533 = ORIENTED_EDGE('',*,*,#13651,.T.);
#16534 = ORIENTED_EDGE('',*,*,#16535,.T.);
#16535 = EDGE_CURVE('',#13652,#11782,#16536,.T.);
#16536 = SURFACE_CURVE('',#16537,(#16541,#16548),.PCURVE_S1.);
#16537 = LINE('',#16538,#16539);
#16538 = CARTESIAN_POINT('',(143.30728127852,-18.,15.888888888889));
#16539 = VECTOR('',#16540,1.);
#16540 = DIRECTION('',(-1.,0.,0.));
#16541 = PCURVE('',#11830,#16542);
#16542 = DEFINITIONAL_REPRESENTATION('',(#16543),#16547);
#16543 = LINE('',#16544,#16545);
#16544 = CARTESIAN_POINT('',(0.,0.));
#16545 = VECTOR('',#16546,1.);
#16546 = DIRECTION('',(0.,-1.));
#16547 = ( GEOMETRIC_REPRESENTATION_CONTEXT(2) 
PARAMETRIC_REPRESENTATION_CONTEXT() REPRESENTATION_CONTEXT('2D SPACE',''
  ) );
#16548 = PCURVE('',#11797,#16549);
#16549 = DEFINITIONAL_REPRESENTATION('',(#16550),#16554);
#16550 = LINE('',#16551,#16552);
#16551 = CARTESIAN_POINT('',(-47.46320681842,143.3072812853));
#16552 = VECTOR('',#16553,1.);
#16553 = DIRECTION('',(-0.,-1.));
#16554 = ( GEOMETRIC_REPRESENTATION_CONTEXT(2) 
PARAMETRIC_REPRESENTATION_CONTEXT() REPRESENTATION_CONTEXT('2D SPACE',''
  ) );
#16555 = ORIENTED_EDGE('',*,*,#11809,.T.);
#16556 = ORIENTED_EDGE('',*,*,#16508,.F.);
#16557 = ADVANCED_FACE('',(#16558),#11797,.F.);
#16558 = FACE_BOUND('',#16559,.F.);
#16559 = EDGE_LOOP('',(#16560,#16561,#16582,#16583));
#16560 = ORIENTED_EDGE('',*,*,#11781,.F.);
#16561 = ORIENTED_EDGE('',*,*,#16562,.F.);
#16562 = EDGE_CURVE('',#13680,#11749,#16563,.T.);
#16563 = SURFACE_CURVE('',#16564,(#16568,#16575),.PCURVE_S1.);
#16564 = LINE('',#16565,#16566);
#16565 = CARTESIAN_POINT('',(143.30728127852,-18.,16.518518518518));
#16566 = VECTOR('',#16567,1.);
#16567 = DIRECTION('',(-1.,0.,0.));
#16568 = PCURVE('',#11797,#16569);
#16569 = DEFINITIONAL_REPRESENTATION('',(#16570),#16574);
#16570 = LINE('',#16571,#16572);
#16571 = CARTESIAN_POINT('',(-46.83357718879,143.3072812853));
#16572 = VECTOR('',#16573,1.);
#16573 = DIRECTION('',(-0.,-1.));
#16574 = ( GEOMETRIC_REPRESENTATION_CONTEXT(2) 
PARAMETRIC_REPRESENTATION_CONTEXT() REPRESENTATION_CONTEXT('2D SPACE',''
  ) );
#16575 = PCURVE('',#11769,#16576);
#16576 = DEFINITIONAL_REPRESENTATION('',(#16577),#16581);
#16577 = LINE('',#16578,#16579);
#16578 = CARTESIAN_POINT('',(2.828427124746,0.));
#16579 = VECTOR('',#16580,1.);
#16580 = DIRECTION('',(-0.,-1.));
#16581 = ( GEOMETRIC_REPRESENTATION_CONTEXT(2) 
PARAMETRIC_REPRESENTATION_CONTEXT() REPRESENTATION_CONTEXT('2D SPACE',''
  ) );
#16582 = ORIENTED_EDGE('',*,*,#13679,.F.);
#16583 = ORIENTED_EDGE('',*,*,#16535,.T.);
#16584 = ADVANCED_FACE('',(#16585),#11769,.T.);
#16585 = FACE_BOUND('',#16586,.T.);
#16586 = EDGE_LOOP('',(#16587,#16588,#16609,#16610));
#16587 = ORIENTED_EDGE('',*,*,#13702,.T.);
#16588 = ORIENTED_EDGE('',*,*,#16589,.T.);
#16589 = EDGE_CURVE('',#13703,#11716,#16590,.T.);
#16590 = SURFACE_CURVE('',#16591,(#16595,#16602),.PCURVE_S1.);
#16591 = LINE('',#16592,#16593);
#16592 = CARTESIAN_POINT('',(143.30728127852,-16.,18.518518518519));
#16593 = VECTOR('',#16594,1.);
#16594 = DIRECTION('',(-1.,0.,0.));
#16595 = PCURVE('',#11769,#16596);
#16596 = DEFINITIONAL_REPRESENTATION('',(#16597),#16601);
#16597 = LINE('',#16598,#16599);
#16598 = CARTESIAN_POINT('',(0.,0.));
#16599 = VECTOR('',#16600,1.);
#16600 = DIRECTION('',(-0.,-1.));
#16601 = ( GEOMETRIC_REPRESENTATION_CONTEXT(2) 
PARAMETRIC_REPRESENTATION_CONTEXT() REPRESENTATION_CONTEXT('2D SPACE',''
  ) );
#16602 = PCURVE('',#11736,#16603);
#16603 = DEFINITIONAL_REPRESENTATION('',(#16604),#16608);
#16604 = LINE('',#16605,#16606);
#16605 = CARTESIAN_POINT('',(2.828427124746,0.));
#16606 = VECTOR('',#16607,1.);
#16607 = DIRECTION('',(0.,-1.));
#16608 = ( GEOMETRIC_REPRESENTATION_CONTEXT(2) 
PARAMETRIC_REPRESENTATION_CONTEXT() REPRESENTATION_CONTEXT('2D SPACE',''
  ) );
#16609 = ORIENTED_EDGE('',*,*,#11748,.T.);
#16610 = ORIENTED_EDGE('',*,*,#16562,.F.);
#16611 = ADVANCED_FACE('',(#16612),#11736,.T.);
#16612 = FACE_BOUND('',#16613,.T.);
#16613 = EDGE_LOOP('',(#16614,#16615,#16636,#16637));
#16614 = ORIENTED_EDGE('',*,*,#13730,.T.);
#16615 = ORIENTED_EDGE('',*,*,#16616,.T.);
#16616 = EDGE_CURVE('',#13731,#11688,#16617,.T.);
#16617 = SURFACE_CURVE('',#16618,(#16622,#16629),.PCURVE_S1.);
#16618 = LINE('',#16619,#16620);
#16619 = CARTESIAN_POINT('',(143.30728127852,-18.,20.518518518519));
#16620 = VECTOR('',#16621,1.);
#16621 = DIRECTION('',(-1.,0.,0.));
#16622 = PCURVE('',#11736,#16623);
#16623 = DEFINITIONAL_REPRESENTATION('',(#16624),#16628);
#16624 = LINE('',#16625,#16626);
#16625 = CARTESIAN_POINT('',(0.,0.));
#16626 = VECTOR('',#16627,1.);
#16627 = DIRECTION('',(0.,-1.));
#16628 = ( GEOMETRIC_REPRESENTATION_CONTEXT(2) 
PARAMETRIC_REPRESENTATION_CONTEXT() REPRESENTATION_CONTEXT('2D SPACE',''
  ) );
#16629 = PCURVE('',#11703,#16630);
#16630 = DEFINITIONAL_REPRESENTATION('',(#16631),#16635);
#16631 = LINE('',#16632,#16633);
#16632 = CARTESIAN_POINT('',(-42.83357718879,143.3072812853));
#16633 = VECTOR('',#16634,1.);
#16634 = DIRECTION('',(-0.,-1.));
#16635 = ( GEOMETRIC_REPRESENTATION_CONTEXT(2) 
PARAMETRIC_REPRESENTATION_CONTEXT() REPRESENTATION_CONTEXT('2D SPACE',''
  ) );
#16636 = ORIENTED_EDGE('',*,*,#11715,.T.);
#16637 = ORIENTED_EDGE('',*,*,#16589,.F.);
#16638 = ADVANCED_FACE('',(#16639),#11703,.F.);
#16639 = FACE_BOUND('',#16640,.F.);
#16640 = EDGE_LOOP('',(#16641,#16642,#16663,#16664));
#16641 = ORIENTED_EDGE('',*,*,#11687,.F.);
#16642 = ORIENTED_EDGE('',*,*,#16643,.F.);
#16643 = EDGE_CURVE('',#13759,#11655,#16644,.T.);
#16644 = SURFACE_CURVE('',#16645,(#16649,#16656),.PCURVE_S1.);
#16645 = LINE('',#16646,#16647);
#16646 = CARTESIAN_POINT('',(143.30728127852,-18.,21.148148148148));
#16647 = VECTOR('',#16648,1.);
#16648 = DIRECTION('',(-1.,0.,0.));
#16649 = PCURVE('',#11703,#16650);
#16650 = DEFINITIONAL_REPRESENTATION('',(#16651),#16655);
#16651 = LINE('',#16652,#16653);
#16652 = CARTESIAN_POINT('',(-42.20394755916,143.3072812853));
#16653 = VECTOR('',#16654,1.);
#16654 = DIRECTION('',(-0.,-1.));
#16655 = ( GEOMETRIC_REPRESENTATION_CONTEXT(2) 
PARAMETRIC_REPRESENTATION_CONTEXT() REPRESENTATION_CONTEXT('2D SPACE',''
  ) );
#16656 = PCURVE('',#11675,#16657);
#16657 = DEFINITIONAL_REPRESENTATION('',(#16658),#16662);
#16658 = LINE('',#16659,#16660);
#16659 = CARTESIAN_POINT('',(2.828427124746,0.));
#16660 = VECTOR('',#16661,1.);
#16661 = DIRECTION('',(-0.,-1.));
#16662 = ( GEOMETRIC_REPRESENTATION_CONTEXT(2) 
PARAMETRIC_REPRESENTATION_CONTEXT() REPRESENTATION_CONTEXT('2D SPACE',''
  ) );
#16663 = ORIENTED_EDGE('',*,*,#13758,.F.);
#16664 = ORIENTED_EDGE('',*,*,#16616,.T.);
#16665 = ADVANCED_FACE('',(#16666),#11675,.T.);
#16666 = FACE_BOUND('',#16667,.T.);
#16667 = EDGE_LOOP('',(#16668,#16669,#16690,#16691));
#16668 = ORIENTED_EDGE('',*,*,#13781,.T.);
#16669 = ORIENTED_EDGE('',*,*,#16670,.T.);
#16670 = EDGE_CURVE('',#13782,#11622,#16671,.T.);
#16671 = SURFACE_CURVE('',#16672,(#16676,#16683),.PCURVE_S1.);
#16672 = LINE('',#16673,#16674);
#16673 = CARTESIAN_POINT('',(143.30728127852,-16.,23.148148148148));
#16674 = VECTOR('',#16675,1.);
#16675 = DIRECTION('',(-1.,0.,0.));
#16676 = PCURVE('',#11675,#16677);
#16677 = DEFINITIONAL_REPRESENTATION('',(#16678),#16682);
#16678 = LINE('',#16679,#16680);
#16679 = CARTESIAN_POINT('',(0.,0.));
#16680 = VECTOR('',#16681,1.);
#16681 = DIRECTION('',(-0.,-1.));
#16682 = ( GEOMETRIC_REPRESENTATION_CONTEXT(2) 
PARAMETRIC_REPRESENTATION_CONTEXT() REPRESENTATION_CONTEXT('2D SPACE',''
  ) );
#16683 = PCURVE('',#11642,#16684);
#16684 = DEFINITIONAL_REPRESENTATION('',(#16685),#16689);
#16685 = LINE('',#16686,#16687);
#16686 = CARTESIAN_POINT('',(2.828427124746,0.));
#16687 = VECTOR('',#16688,1.);
#16688 = DIRECTION('',(0.,-1.));
#16689 = ( GEOMETRIC_REPRESENTATION_CONTEXT(2) 
PARAMETRIC_REPRESENTATION_CONTEXT() REPRESENTATION_CONTEXT('2D SPACE',''
  ) );
#16690 = ORIENTED_EDGE('',*,*,#11654,.T.);
#16691 = ORIENTED_EDGE('',*,*,#16643,.F.);
#16692 = ADVANCED_FACE('',(#16693),#11642,.T.);
#16693 = FACE_BOUND('',#16694,.T.);
#16694 = EDGE_LOOP('',(#16695,#16696,#16717,#16718));
#16695 = ORIENTED_EDGE('',*,*,#13809,.T.);
#16696 = ORIENTED_EDGE('',*,*,#16697,.T.);
#16697 = EDGE_CURVE('',#13810,#11594,#16698,.T.);
#16698 = SURFACE_CURVE('',#16699,(#16703,#16710),.PCURVE_S1.);
#16699 = LINE('',#16700,#16701);
#16700 = CARTESIAN_POINT('',(143.30728127852,-18.,25.148148148148));
#16701 = VECTOR('',#16702,1.);
#16702 = DIRECTION('',(-1.,0.,0.));
#16703 = PCURVE('',#11642,#16704);
#16704 = DEFINITIONAL_REPRESENTATION('',(#16705),#16709);
#16705 = LINE('',#16706,#16707);
#16706 = CARTESIAN_POINT('',(0.,0.));
#16707 = VECTOR('',#16708,1.);
#16708 = DIRECTION('',(0.,-1.));
#16709 = ( GEOMETRIC_REPRESENTATION_CONTEXT(2) 
PARAMETRIC_REPRESENTATION_CONTEXT() REPRESENTATION_CONTEXT('2D SPACE',''
  ) );
#16710 = PCURVE('',#11609,#16711);
#16711 = DEFINITIONAL_REPRESENTATION('',(#16712),#16716);
#16712 = LINE('',#16713,#16714);
#16713 = CARTESIAN_POINT('',(-38.20394755916,143.3072812853));
#16714 = VECTOR('',#16715,1.);
#16715 = DIRECTION('',(-0.,-1.));
#16716 = ( GEOMETRIC_REPRESENTATION_CONTEXT(2) 
PARAMETRIC_REPRESENTATION_CONTEXT() REPRESENTATION_CONTEXT('2D SPACE',''
  ) );
#16717 = ORIENTED_EDGE('',*,*,#11621,.T.);
#16718 = ORIENTED_EDGE('',*,*,#16670,.F.);
#16719 = ADVANCED_FACE('',(#16720),#11609,.F.);
#16720 = FACE_BOUND('',#16721,.F.);
#16721 = EDGE_LOOP('',(#16722,#16723,#16744,#16745));
#16722 = ORIENTED_EDGE('',*,*,#11593,.F.);
#16723 = ORIENTED_EDGE('',*,*,#16724,.F.);
#16724 = EDGE_CURVE('',#13838,#11561,#16725,.T.);
#16725 = SURFACE_CURVE('',#16726,(#16730,#16737),.PCURVE_S1.);
#16726 = LINE('',#16727,#16728);
#16727 = CARTESIAN_POINT('',(143.30728127852,-18.,25.777777777778));
#16728 = VECTOR('',#16729,1.);
#16729 = DIRECTION('',(-1.,0.,0.));
#16730 = PCURVE('',#11609,#16731);
#16731 = DEFINITIONAL_REPRESENTATION('',(#16732),#16736);
#16732 = LINE('',#16733,#16734);
#16733 = CARTESIAN_POINT('',(-37.57431792953,143.3072812853));
#16734 = VECTOR('',#16735,1.);
#16735 = DIRECTION('',(-0.,-1.));
#16736 = ( GEOMETRIC_REPRESENTATION_CONTEXT(2) 
PARAMETRIC_REPRESENTATION_CONTEXT() REPRESENTATION_CONTEXT('2D SPACE',''
  ) );
#16737 = PCURVE('',#11581,#16738);
#16738 = DEFINITIONAL_REPRESENTATION('',(#16739),#16743);
#16739 = LINE('',#16740,#16741);
#16740 = CARTESIAN_POINT('',(2.828427124746,0.));
#16741 = VECTOR('',#16742,1.);
#16742 = DIRECTION('',(-0.,-1.));
#16743 = ( GEOMETRIC_REPRESENTATION_CONTEXT(2) 
PARAMETRIC_REPRESENTATION_CONTEXT() REPRESENTATION_CONTEXT('2D SPACE',''
  ) );
#16744 = ORIENTED_EDGE('',*,*,#13837,.F.);
#16745 = ORIENTED_EDGE('',*,*,#16697,.T.);
#16746 = ADVANCED_FACE('',(#16747),#11581,.T.);
#16747 = FACE_BOUND('',#16748,.T.);
#16748 = EDGE_LOOP('',(#16749,#16750,#16771,#16772));
#16749 = ORIENTED_EDGE('',*,*,#13860,.T.);
#16750 = ORIENTED_EDGE('',*,*,#16751,.T.);
#16751 = EDGE_CURVE('',#13861,#11528,#16752,.T.);
#16752 = SURFACE_CURVE('',#16753,(#16757,#16764),.PCURVE_S1.);
#16753 = LINE('',#16754,#16755);
#16754 = CARTESIAN_POINT('',(143.30728127852,-16.,27.777777777778));
#16755 = VECTOR('',#16756,1.);
#16756 = DIRECTION('',(-1.,0.,0.));
#16757 = PCURVE('',#11581,#16758);
#16758 = DEFINITIONAL_REPRESENTATION('',(#16759),#16763);
#16759 = LINE('',#16760,#16761);
#16760 = CARTESIAN_POINT('',(0.,0.));
#16761 = VECTOR('',#16762,1.);
#16762 = DIRECTION('',(-0.,-1.));
#16763 = ( GEOMETRIC_REPRESENTATION_CONTEXT(2) 
PARAMETRIC_REPRESENTATION_CONTEXT() REPRESENTATION_CONTEXT('2D SPACE',''
  ) );
#16764 = PCURVE('',#11548,#16765);
#16765 = DEFINITIONAL_REPRESENTATION('',(#16766),#16770);
#16766 = LINE('',#16767,#16768);
#16767 = CARTESIAN_POINT('',(2.828427124746,0.));
#16768 = VECTOR('',#16769,1.);
#16769 = DIRECTION('',(0.,-1.));
#16770 = ( GEOMETRIC_REPRESENTATION_CONTEXT(2) 
PARAMETRIC_REPRESENTATION_CONTEXT() REPRESENTATION_CONTEXT('2D SPACE',''
  ) );
#16771 = ORIENTED_EDGE('',*,*,#11560,.T.);
#16772 = ORIENTED_EDGE('',*,*,#16724,.F.);
#16773 = ADVANCED_FACE('',(#16774),#11548,.T.);
#16774 = FACE_BOUND('',#16775,.T.);
#16775 = EDGE_LOOP('',(#16776,#16777,#16798,#16799));
#16776 = ORIENTED_EDGE('',*,*,#13888,.T.);
#16777 = ORIENTED_EDGE('',*,*,#16778,.T.);
#16778 = EDGE_CURVE('',#13889,#11500,#16779,.T.);
#16779 = SURFACE_CURVE('',#16780,(#16784,#16791),.PCURVE_S1.);
#16780 = LINE('',#16781,#16782);
#16781 = CARTESIAN_POINT('',(143.30728127852,-18.,29.777777777778));
#16782 = VECTOR('',#16783,1.);
#16783 = DIRECTION('',(-1.,0.,0.));
#16784 = PCURVE('',#11548,#16785);
#16785 = DEFINITIONAL_REPRESENTATION('',(#16786),#16790);
#16786 = LINE('',#16787,#16788);
#16787 = CARTESIAN_POINT('',(0.,0.));
#16788 = VECTOR('',#16789,1.);
#16789 = DIRECTION('',(0.,-1.));
#16790 = ( GEOMETRIC_REPRESENTATION_CONTEXT(2) 
PARAMETRIC_REPRESENTATION_CONTEXT() REPRESENTATION_CONTEXT('2D SPACE',''
  ) );
#16791 = PCURVE('',#11515,#16792);
#16792 = DEFINITIONAL_REPRESENTATION('',(#16793),#16797);
#16793 = LINE('',#16794,#16795);
#16794 = CARTESIAN_POINT('',(-33.57431792953,143.3072812853));
#16795 = VECTOR('',#16796,1.);
#16796 = DIRECTION('',(-0.,-1.));
#16797 = ( GEOMETRIC_REPRESENTATION_CONTEXT(2) 
PARAMETRIC_REPRESENTATION_CONTEXT() REPRESENTATION_CONTEXT('2D SPACE',''
  ) );
#16798 = ORIENTED_EDGE('',*,*,#11527,.T.);
#16799 = ORIENTED_EDGE('',*,*,#16751,.F.);
#16800 = ADVANCED_FACE('',(#16801),#11515,.F.);
#16801 = FACE_BOUND('',#16802,.F.);
#16802 = EDGE_LOOP('',(#16803,#16804,#16825,#16826));
#16803 = ORIENTED_EDGE('',*,*,#11499,.F.);
#16804 = ORIENTED_EDGE('',*,*,#16805,.F.);
#16805 = EDGE_CURVE('',#13917,#11467,#16806,.T.);
#16806 = SURFACE_CURVE('',#16807,(#16811,#16818),.PCURVE_S1.);
#16807 = LINE('',#16808,#16809);
#16808 = CARTESIAN_POINT('',(143.30728127852,-18.,30.407407407407));
#16809 = VECTOR('',#16810,1.);
#16810 = DIRECTION('',(-1.,0.,0.));
#16811 = PCURVE('',#11515,#16812);
#16812 = DEFINITIONAL_REPRESENTATION('',(#16813),#16817);
#16813 = LINE('',#16814,#16815);
#16814 = CARTESIAN_POINT('',(-32.9446882999,143.3072812853));
#16815 = VECTOR('',#16816,1.);
#16816 = DIRECTION('',(-0.,-1.));
#16817 = ( GEOMETRIC_REPRESENTATION_CONTEXT(2) 
PARAMETRIC_REPRESENTATION_CONTEXT() REPRESENTATION_CONTEXT('2D SPACE',''
  ) );
#16818 = PCURVE('',#11487,#16819);
#16819 = DEFINITIONAL_REPRESENTATION('',(#16820),#16824);
#16820 = LINE('',#16821,#16822);
#16821 = CARTESIAN_POINT('',(2.828427124746,0.));
#16822 = VECTOR('',#16823,1.);
#16823 = DIRECTION('',(-0.,-1.));
#16824 = ( GEOMETRIC_REPRESENTATION_CONTEXT(2) 
PARAMETRIC_REPRESENTATION_CONTEXT() REPRESENTATION_CONTEXT('2D SPACE',''
  ) );
#16825 = ORIENTED_EDGE('',*,*,#13916,.F.);
#16826 = ORIENTED_EDGE('',*,*,#16778,.T.);
#16827 = ADVANCED_FACE('',(#16828),#11487,.T.);
#16828 = FACE_BOUND('',#16829,.T.);
#16829 = EDGE_LOOP('',(#16830,#16831,#16852,#16853));
#16830 = ORIENTED_EDGE('',*,*,#13939,.T.);
#16831 = ORIENTED_EDGE('',*,*,#16832,.T.);
#16832 = EDGE_CURVE('',#13940,#11434,#16833,.T.);
#16833 = SURFACE_CURVE('',#16834,(#16838,#16845),.PCURVE_S1.);
#16834 = LINE('',#16835,#16836);
#16835 = CARTESIAN_POINT('',(143.30728127852,-16.,32.407407407407));
#16836 = VECTOR('',#16837,1.);
#16837 = DIRECTION('',(-1.,0.,0.));
#16838 = PCURVE('',#11487,#16839);
#16839 = DEFINITIONAL_REPRESENTATION('',(#16840),#16844);
#16840 = LINE('',#16841,#16842);
#16841 = CARTESIAN_POINT('',(0.,0.));
#16842 = VECTOR('',#16843,1.);
#16843 = DIRECTION('',(-0.,-1.));
#16844 = ( GEOMETRIC_REPRESENTATION_CONTEXT(2) 
PARAMETRIC_REPRESENTATION_CONTEXT() REPRESENTATION_CONTEXT('2D SPACE',''
  ) );
#16845 = PCURVE('',#11454,#16846);
#16846 = DEFINITIONAL_REPRESENTATION('',(#16847),#16851);
#16847 = LINE('',#16848,#16849);
#16848 = CARTESIAN_POINT('',(2.828427124746,0.));
#16849 = VECTOR('',#16850,1.);
#16850 = DIRECTION('',(0.,-1.));
#16851 = ( GEOMETRIC_REPRESENTATION_CONTEXT(2) 
PARAMETRIC_REPRESENTATION_CONTEXT() REPRESENTATION_CONTEXT('2D SPACE',''
  ) );
#16852 = ORIENTED_EDGE('',*,*,#11466,.T.);
#16853 = ORIENTED_EDGE('',*,*,#16805,.F.);
#16854 = ADVANCED_FACE('',(#16855),#11454,.T.);
#16855 = FACE_BOUND('',#16856,.T.);
#16856 = EDGE_LOOP('',(#16857,#16858,#16879,#16880));
#16857 = ORIENTED_EDGE('',*,*,#13967,.T.);
#16858 = ORIENTED_EDGE('',*,*,#16859,.T.);
#16859 = EDGE_CURVE('',#13968,#11406,#16860,.T.);
#16860 = SURFACE_CURVE('',#16861,(#16865,#16872),.PCURVE_S1.);
#16861 = LINE('',#16862,#16863);
#16862 = CARTESIAN_POINT('',(143.30728127852,-18.,34.407407407408));
#16863 = VECTOR('',#16864,1.);
#16864 = DIRECTION('',(-1.,0.,0.));
#16865 = PCURVE('',#11454,#16866);
#16866 = DEFINITIONAL_REPRESENTATION('',(#16867),#16871);
#16867 = LINE('',#16868,#16869);
#16868 = CARTESIAN_POINT('',(0.,0.));
#16869 = VECTOR('',#16870,1.);
#16870 = DIRECTION('',(0.,-1.));
#16871 = ( GEOMETRIC_REPRESENTATION_CONTEXT(2) 
PARAMETRIC_REPRESENTATION_CONTEXT() REPRESENTATION_CONTEXT('2D SPACE',''
  ) );
#16872 = PCURVE('',#11421,#16873);
#16873 = DEFINITIONAL_REPRESENTATION('',(#16874),#16878);
#16874 = LINE('',#16875,#16876);
#16875 = CARTESIAN_POINT('',(-28.9446882999,143.3072812853));
#16876 = VECTOR('',#16877,1.);
#16877 = DIRECTION('',(-0.,-1.));
#16878 = ( GEOMETRIC_REPRESENTATION_CONTEXT(2) 
PARAMETRIC_REPRESENTATION_CONTEXT() REPRESENTATION_CONTEXT('2D SPACE',''
  ) );
#16879 = ORIENTED_EDGE('',*,*,#11433,.T.);
#16880 = ORIENTED_EDGE('',*,*,#16832,.F.);
#16881 = ADVANCED_FACE('',(#16882),#11421,.F.);
#16882 = FACE_BOUND('',#16883,.F.);
#16883 = EDGE_LOOP('',(#16884,#16885,#16906,#16907));
#16884 = ORIENTED_EDGE('',*,*,#11405,.F.);
#16885 = ORIENTED_EDGE('',*,*,#16886,.F.);
#16886 = EDGE_CURVE('',#13996,#11373,#16887,.T.);
#16887 = SURFACE_CURVE('',#16888,(#16892,#16899),.PCURVE_S1.);
#16888 = LINE('',#16889,#16890);
#16889 = CARTESIAN_POINT('',(143.30728127852,-18.,35.037037037037));
#16890 = VECTOR('',#16891,1.);
#16891 = DIRECTION('',(-1.,0.,0.));
#16892 = PCURVE('',#11421,#16893);
#16893 = DEFINITIONAL_REPRESENTATION('',(#16894),#16898);
#16894 = LINE('',#16895,#16896);
#16895 = CARTESIAN_POINT('',(-28.31505867027,143.3072812853));
#16896 = VECTOR('',#16897,1.);
#16897 = DIRECTION('',(-0.,-1.));
#16898 = ( GEOMETRIC_REPRESENTATION_CONTEXT(2) 
PARAMETRIC_REPRESENTATION_CONTEXT() REPRESENTATION_CONTEXT('2D SPACE',''
  ) );
#16899 = PCURVE('',#11393,#16900);
#16900 = DEFINITIONAL_REPRESENTATION('',(#16901),#16905);
#16901 = LINE('',#16902,#16903);
#16902 = CARTESIAN_POINT('',(2.828427124746,0.));
#16903 = VECTOR('',#16904,1.);
#16904 = DIRECTION('',(-0.,-1.));
#16905 = ( GEOMETRIC_REPRESENTATION_CONTEXT(2) 
PARAMETRIC_REPRESENTATION_CONTEXT() REPRESENTATION_CONTEXT('2D SPACE',''
  ) );
#16906 = ORIENTED_EDGE('',*,*,#13995,.F.);
#16907 = ORIENTED_EDGE('',*,*,#16859,.T.);
#16908 = ADVANCED_FACE('',(#16909),#11393,.T.);
#16909 = FACE_BOUND('',#16910,.T.);
#16910 = EDGE_LOOP('',(#16911,#16912,#16933,#16934));
#16911 = ORIENTED_EDGE('',*,*,#14018,.T.);
#16912 = ORIENTED_EDGE('',*,*,#16913,.T.);
#16913 = EDGE_CURVE('',#14019,#11340,#16914,.T.);
#16914 = SURFACE_CURVE('',#16915,(#16919,#16926),.PCURVE_S1.);
#16915 = LINE('',#16916,#16917);
#16916 = CARTESIAN_POINT('',(143.30728127852,-16.,37.037037037037));
#16917 = VECTOR('',#16918,1.);
#16918 = DIRECTION('',(-1.,0.,0.));
#16919 = PCURVE('',#11393,#16920);
#16920 = DEFINITIONAL_REPRESENTATION('',(#16921),#16925);
#16921 = LINE('',#16922,#16923);
#16922 = CARTESIAN_POINT('',(0.,0.));
#16923 = VECTOR('',#16924,1.);
#16924 = DIRECTION('',(-0.,-1.));
#16925 = ( GEOMETRIC_REPRESENTATION_CONTEXT(2) 
PARAMETRIC_REPRESENTATION_CONTEXT() REPRESENTATION_CONTEXT('2D SPACE',''
  ) );
#16926 = PCURVE('',#11360,#16927);
#16927 = DEFINITIONAL_REPRESENTATION('',(#16928),#16932);
#16928 = LINE('',#16929,#16930);
#16929 = CARTESIAN_POINT('',(2.828427124746,0.));
#16930 = VECTOR('',#16931,1.);
#16931 = DIRECTION('',(0.,-1.));
#16932 = ( GEOMETRIC_REPRESENTATION_CONTEXT(2) 
PARAMETRIC_REPRESENTATION_CONTEXT() REPRESENTATION_CONTEXT('2D SPACE',''
  ) );
#16933 = ORIENTED_EDGE('',*,*,#11372,.T.);
#16934 = ORIENTED_EDGE('',*,*,#16886,.F.);
#16935 = ADVANCED_FACE('',(#16936),#11360,.T.);
#16936 = FACE_BOUND('',#16937,.T.);
#16937 = EDGE_LOOP('',(#16938,#16939,#16960,#16961));
#16938 = ORIENTED_EDGE('',*,*,#14046,.T.);
#16939 = ORIENTED_EDGE('',*,*,#16940,.T.);
#16940 = EDGE_CURVE('',#14047,#11312,#16941,.T.);
#16941 = SURFACE_CURVE('',#16942,(#16946,#16953),.PCURVE_S1.);
#16942 = LINE('',#16943,#16944);
#16943 = CARTESIAN_POINT('',(143.30728127852,-18.,39.037037037037));
#16944 = VECTOR('',#16945,1.);
#16945 = DIRECTION('',(-1.,0.,0.));
#16946 = PCURVE('',#11360,#16947);
#16947 = DEFINITIONAL_REPRESENTATION('',(#16948),#16952);
#16948 = LINE('',#16949,#16950);
#16949 = CARTESIAN_POINT('',(0.,0.));
#16950 = VECTOR('',#16951,1.);
#16951 = DIRECTION('',(0.,-1.));
#16952 = ( GEOMETRIC_REPRESENTATION_CONTEXT(2) 
PARAMETRIC_REPRESENTATION_CONTEXT() REPRESENTATION_CONTEXT('2D SPACE',''
  ) );
#16953 = PCURVE('',#11327,#16954);
#16954 = DEFINITIONAL_REPRESENTATION('',(#16955),#16959);
#16955 = LINE('',#16956,#16957);
#16956 = CARTESIAN_POINT('',(-24.31505867027,143.3072812853));
#16957 = VECTOR('',#16958,1.);
#16958 = DIRECTION('',(-0.,-1.));
#16959 = ( GEOMETRIC_REPRESENTATION_CONTEXT(2) 
PARAMETRIC_REPRESENTATION_CONTEXT() REPRESENTATION_CONTEXT('2D SPACE',''
  ) );
#16960 = ORIENTED_EDGE('',*,*,#11339,.T.);
#16961 = ORIENTED_EDGE('',*,*,#16913,.F.);
#16962 = ADVANCED_FACE('',(#16963),#11327,.F.);
#16963 = FACE_BOUND('',#16964,.F.);
#16964 = EDGE_LOOP('',(#16965,#16966,#16987,#16988));
#16965 = ORIENTED_EDGE('',*,*,#11311,.F.);
#16966 = ORIENTED_EDGE('',*,*,#16967,.F.);
#16967 = EDGE_CURVE('',#14075,#11279,#16968,.T.);
#16968 = SURFACE_CURVE('',#16969,(#16973,#16980),.PCURVE_S1.);
#16969 = LINE('',#16970,#16971);
#16970 = CARTESIAN_POINT('',(143.30728127852,-18.,39.666666666667));
#16971 = VECTOR('',#16972,1.);
#16972 = DIRECTION('',(-1.,0.,0.));
#16973 = PCURVE('',#11327,#16974);
#16974 = DEFINITIONAL_REPRESENTATION('',(#16975),#16979);
#16975 = LINE('',#16976,#16977);
#16976 = CARTESIAN_POINT('',(-23.68542904064,143.3072812853));
#16977 = VECTOR('',#16978,1.);
#16978 = DIRECTION('',(-0.,-1.));
#16979 = ( GEOMETRIC_REPRESENTATION_CONTEXT(2) 
PARAMETRIC_REPRESENTATION_CONTEXT() REPRESENTATION_CONTEXT('2D SPACE',''
  ) );
#16980 = PCURVE('',#11299,#16981);
#16981 = DEFINITIONAL_REPRESENTATION('',(#16982),#16986);
#16982 = LINE('',#16983,#16984);
#16983 = CARTESIAN_POINT('',(2.828427124746,0.));
#16984 = VECTOR('',#16985,1.);
#16985 = DIRECTION('',(-0.,-1.));
#16986 = ( GEOMETRIC_REPRESENTATION_CONTEXT(2) 
PARAMETRIC_REPRESENTATION_CONTEXT() REPRESENTATION_CONTEXT('2D SPACE',''
  ) );
#16987 = ORIENTED_EDGE('',*,*,#14074,.F.);
#16988 = ORIENTED_EDGE('',*,*,#16940,.T.);
#16989 = ADVANCED_FACE('',(#16990),#11299,.T.);
#16990 = FACE_BOUND('',#16991,.T.);
#16991 = EDGE_LOOP('',(#16992,#16993,#17014,#17015));
#16992 = ORIENTED_EDGE('',*,*,#14097,.T.);
#16993 = ORIENTED_EDGE('',*,*,#16994,.T.);
#16994 = EDGE_CURVE('',#14098,#11246,#16995,.T.);
#16995 = SURFACE_CURVE('',#16996,(#17000,#17007),.PCURVE_S1.);
#16996 = LINE('',#16997,#16998);
#16997 = CARTESIAN_POINT('',(143.30728127852,-16.,41.666666666667));
#16998 = VECTOR('',#16999,1.);
#16999 = DIRECTION('',(-1.,0.,0.));
#17000 = PCURVE('',#11299,#17001);
#17001 = DEFINITIONAL_REPRESENTATION('',(#17002),#17006);
#17002 = LINE('',#17003,#17004);
#17003 = CARTESIAN_POINT('',(0.,0.));
#17004 = VECTOR('',#17005,1.);
#17005 = DIRECTION('',(-0.,-1.));
#17006 = ( GEOMETRIC_REPRESENTATION_CONTEXT(2) 
PARAMETRIC_REPRESENTATION_CONTEXT() REPRESENTATION_CONTEXT('2D SPACE',''
  ) );
#17007 = PCURVE('',#11266,#17008);
#17008 = DEFINITIONAL_REPRESENTATION('',(#17009),#17013);
#17009 = LINE('',#17010,#17011);
#17010 = CARTESIAN_POINT('',(2.828427124746,0.));
#17011 = VECTOR('',#17012,1.);
#17012 = DIRECTION('',(0.,-1.));
#17013 = ( GEOMETRIC_REPRESENTATION_CONTEXT(2) 
PARAMETRIC_REPRESENTATION_CONTEXT() REPRESENTATION_CONTEXT('2D SPACE',''
  ) );
#17014 = ORIENTED_EDGE('',*,*,#11278,.T.);
#17015 = ORIENTED_EDGE('',*,*,#16967,.F.);
#17016 = ADVANCED_FACE('',(#17017),#11266,.T.);
#17017 = FACE_BOUND('',#17018,.T.);
#17018 = EDGE_LOOP('',(#17019,#17020,#17041,#17042));
#17019 = ORIENTED_EDGE('',*,*,#14125,.T.);
#17020 = ORIENTED_EDGE('',*,*,#17021,.T.);
#17021 = EDGE_CURVE('',#14126,#11218,#17022,.T.);
#17022 = SURFACE_CURVE('',#17023,(#17027,#17034),.PCURVE_S1.);
#17023 = LINE('',#17024,#17025);
#17024 = CARTESIAN_POINT('',(143.30728127852,-18.,43.666666666667));
#17025 = VECTOR('',#17026,1.);
#17026 = DIRECTION('',(-1.,0.,0.));
#17027 = PCURVE('',#11266,#17028);
#17028 = DEFINITIONAL_REPRESENTATION('',(#17029),#17033);
#17029 = LINE('',#17030,#17031);
#17030 = CARTESIAN_POINT('',(0.,0.));
#17031 = VECTOR('',#17032,1.);
#17032 = DIRECTION('',(0.,-1.));
#17033 = ( GEOMETRIC_REPRESENTATION_CONTEXT(2) 
PARAMETRIC_REPRESENTATION_CONTEXT() REPRESENTATION_CONTEXT('2D SPACE',''
  ) );
#17034 = PCURVE('',#11233,#17035);
#17035 = DEFINITIONAL_REPRESENTATION('',(#17036),#17040);
#17036 = LINE('',#17037,#17038);
#17037 = CARTESIAN_POINT('',(-19.68542904064,143.3072812853));
#17038 = VECTOR('',#17039,1.);
#17039 = DIRECTION('',(-0.,-1.));
#17040 = ( GEOMETRIC_REPRESENTATION_CONTEXT(2) 
PARAMETRIC_REPRESENTATION_CONTEXT() REPRESENTATION_CONTEXT('2D SPACE',''
  ) );
#17041 = ORIENTED_EDGE('',*,*,#11245,.T.);
#17042 = ORIENTED_EDGE('',*,*,#16994,.F.);
#17043 = ADVANCED_FACE('',(#17044),#11233,.F.);
#17044 = FACE_BOUND('',#17045,.F.);
#17045 = EDGE_LOOP('',(#17046,#17047,#17068,#17069));
#17046 = ORIENTED_EDGE('',*,*,#11217,.F.);
#17047 = ORIENTED_EDGE('',*,*,#17048,.F.);
#17048 = EDGE_CURVE('',#14154,#11185,#17049,.T.);
#17049 = SURFACE_CURVE('',#17050,(#17054,#17061),.PCURVE_S1.);
#17050 = LINE('',#17051,#17052);
#17051 = CARTESIAN_POINT('',(143.30728127852,-18.,44.296296296296));
#17052 = VECTOR('',#17053,1.);
#17053 = DIRECTION('',(-1.,0.,0.));
#17054 = PCURVE('',#11233,#17055);
#17055 = DEFINITIONAL_REPRESENTATION('',(#17056),#17060);
#17056 = LINE('',#17057,#17058);
#17057 = CARTESIAN_POINT('',(-19.05579941101,143.3072812853));
#17058 = VECTOR('',#17059,1.);
#17059 = DIRECTION('',(-0.,-1.));
#17060 = ( GEOMETRIC_REPRESENTATION_CONTEXT(2) 
PARAMETRIC_REPRESENTATION_CONTEXT() REPRESENTATION_CONTEXT('2D SPACE',''
  ) );
#17061 = PCURVE('',#11205,#17062);
#17062 = DEFINITIONAL_REPRESENTATION('',(#17063),#17067);
#17063 = LINE('',#17064,#17065);
#17064 = CARTESIAN_POINT('',(2.828427124746,0.));
#17065 = VECTOR('',#17066,1.);
#17066 = DIRECTION('',(-0.,-1.));
#17067 = ( GEOMETRIC_REPRESENTATION_CONTEXT(2) 
PARAMETRIC_REPRESENTATION_CONTEXT() REPRESENTATION_CONTEXT('2D SPACE',''
  ) );
#17068 = ORIENTED_EDGE('',*,*,#14153,.F.);
#17069 = ORIENTED_EDGE('',*,*,#17021,.T.);
#17070 = ADVANCED_FACE('',(#17071),#11205,.T.);
#17071 = FACE_BOUND('',#17072,.T.);
#17072 = EDGE_LOOP('',(#17073,#17074,#17095,#17096));
#17073 = ORIENTED_EDGE('',*,*,#14176,.T.);
#17074 = ORIENTED_EDGE('',*,*,#17075,.T.);
#17075 = EDGE_CURVE('',#14177,#11152,#17076,.T.);
#17076 = SURFACE_CURVE('',#17077,(#17081,#17088),.PCURVE_S1.);
#17077 = LINE('',#17078,#17079);
#17078 = CARTESIAN_POINT('',(143.30728127852,-16.,46.296296296296));
#17079 = VECTOR('',#17080,1.);
#17080 = DIRECTION('',(-1.,0.,0.));
#17081 = PCURVE('',#11205,#17082);
#17082 = DEFINITIONAL_REPRESENTATION('',(#17083),#17087);
#17083 = LINE('',#17084,#17085);
#17084 = CARTESIAN_POINT('',(0.,0.));
#17085 = VECTOR('',#17086,1.);
#17086 = DIRECTION('',(-0.,-1.));
#17087 = ( GEOMETRIC_REPRESENTATION_CONTEXT(2) 
PARAMETRIC_REPRESENTATION_CONTEXT() REPRESENTATION_CONTEXT('2D SPACE',''
  ) );
#17088 = PCURVE('',#11172,#17089);
#17089 = DEFINITIONAL_REPRESENTATION('',(#17090),#17094);
#17090 = LINE('',#17091,#17092);
#17091 = CARTESIAN_POINT('',(2.828427124746,0.));
#17092 = VECTOR('',#17093,1.);
#17093 = DIRECTION('',(0.,-1.));
#17094 = ( GEOMETRIC_REPRESENTATION_CONTEXT(2) 
PARAMETRIC_REPRESENTATION_CONTEXT() REPRESENTATION_CONTEXT('2D SPACE',''
  ) );
#17095 = ORIENTED_EDGE('',*,*,#11184,.T.);
#17096 = ORIENTED_EDGE('',*,*,#17048,.F.);
#17097 = ADVANCED_FACE('',(#17098),#11172,.T.);
#17098 = FACE_BOUND('',#17099,.T.);
#17099 = EDGE_LOOP('',(#17100,#17101,#17122,#17123));
#17100 = ORIENTED_EDGE('',*,*,#14204,.T.);
#17101 = ORIENTED_EDGE('',*,*,#17102,.T.);
#17102 = EDGE_CURVE('',#14205,#11124,#17103,.T.);
#17103 = SURFACE_CURVE('',#17104,(#17108,#17115),.PCURVE_S1.);
#17104 = LINE('',#17105,#17106);
#17105 = CARTESIAN_POINT('',(143.30728127852,-18.,48.296296296296));
#17106 = VECTOR('',#17107,1.);
#17107 = DIRECTION('',(-1.,0.,0.));
#17108 = PCURVE('',#11172,#17109);
#17109 = DEFINITIONAL_REPRESENTATION('',(#17110),#17114);
#17110 = LINE('',#17111,#17112);
#17111 = CARTESIAN_POINT('',(0.,0.));
#17112 = VECTOR('',#17113,1.);
#17113 = DIRECTION('',(0.,-1.));
#17114 = ( GEOMETRIC_REPRESENTATION_CONTEXT(2) 
PARAMETRIC_REPRESENTATION_CONTEXT() REPRESENTATION_CONTEXT('2D SPACE',''
  ) );
#17115 = PCURVE('',#11139,#17116);
#17116 = DEFINITIONAL_REPRESENTATION('',(#17117),#17121);
#17117 = LINE('',#17118,#17119);
#17118 = CARTESIAN_POINT('',(-15.05579941101,143.3072812853));
#17119 = VECTOR('',#17120,1.);
#17120 = DIRECTION('',(-0.,-1.));
#17121 = ( GEOMETRIC_REPRESENTATION_CONTEXT(2) 
PARAMETRIC_REPRESENTATION_CONTEXT() REPRESENTATION_CONTEXT('2D SPACE',''
  ) );
#17122 = ORIENTED_EDGE('',*,*,#11151,.T.);
#17123 = ORIENTED_EDGE('',*,*,#17075,.F.);
#17124 = ADVANCED_FACE('',(#17125),#11139,.F.);
#17125 = FACE_BOUND('',#17126,.F.);
#17126 = EDGE_LOOP('',(#17127,#17128,#17149,#17150));
#17127 = ORIENTED_EDGE('',*,*,#11123,.F.);
#17128 = ORIENTED_EDGE('',*,*,#17129,.F.);
#17129 = EDGE_CURVE('',#14233,#11091,#17130,.T.);
#17130 = SURFACE_CURVE('',#17131,(#17135,#17142),.PCURVE_S1.);
#17131 = LINE('',#17132,#17133);
#17132 = CARTESIAN_POINT('',(143.30728127852,-18.,48.925925925926));
#17133 = VECTOR('',#17134,1.);
#17134 = DIRECTION('',(-1.,0.,0.));
#17135 = PCURVE('',#11139,#17136);
#17136 = DEFINITIONAL_REPRESENTATION('',(#17137),#17141);
#17137 = LINE('',#17138,#17139);
#17138 = CARTESIAN_POINT('',(-14.42616978138,143.3072812853));
#17139 = VECTOR('',#17140,1.);
#17140 = DIRECTION('',(-0.,-1.));
#17141 = ( GEOMETRIC_REPRESENTATION_CONTEXT(2) 
PARAMETRIC_REPRESENTATION_CONTEXT() REPRESENTATION_CONTEXT('2D SPACE',''
  ) );
#17142 = PCURVE('',#11111,#17143);
#17143 = DEFINITIONAL_REPRESENTATION('',(#17144),#17148);
#17144 = LINE('',#17145,#17146);
#17145 = CARTESIAN_POINT('',(2.828427124746,0.));
#17146 = VECTOR('',#17147,1.);
#17147 = DIRECTION('',(-0.,-1.));
#17148 = ( GEOMETRIC_REPRESENTATION_CONTEXT(2) 
PARAMETRIC_REPRESENTATION_CONTEXT() REPRESENTATION_CONTEXT('2D SPACE',''
  ) );
#17149 = ORIENTED_EDGE('',*,*,#14232,.F.);
#17150 = ORIENTED_EDGE('',*,*,#17102,.T.);
#17151 = ADVANCED_FACE('',(#17152),#11111,.T.);
#17152 = FACE_BOUND('',#17153,.T.);
#17153 = EDGE_LOOP('',(#17154,#17155,#17176,#17177));
#17154 = ORIENTED_EDGE('',*,*,#14255,.T.);
#17155 = ORIENTED_EDGE('',*,*,#17156,.T.);
#17156 = EDGE_CURVE('',#14256,#11058,#17157,.T.);
#17157 = SURFACE_CURVE('',#17158,(#17162,#17169),.PCURVE_S1.);
#17158 = LINE('',#17159,#17160);
#17159 = CARTESIAN_POINT('',(143.30728127852,-16.,50.925925925926));
#17160 = VECTOR('',#17161,1.);
#17161 = DIRECTION('',(-1.,0.,0.));
#17162 = PCURVE('',#11111,#17163);
#17163 = DEFINITIONAL_REPRESENTATION('',(#17164),#17168);
#17164 = LINE('',#17165,#17166);
#17165 = CARTESIAN_POINT('',(0.,0.));
#17166 = VECTOR('',#17167,1.);
#17167 = DIRECTION('',(-0.,-1.));
#17168 = ( GEOMETRIC_REPRESENTATION_CONTEXT(2) 
PARAMETRIC_REPRESENTATION_CONTEXT() REPRESENTATION_CONTEXT('2D SPACE',''
  ) );
#17169 = PCURVE('',#11078,#17170);
#17170 = DEFINITIONAL_REPRESENTATION('',(#17171),#17175);
#17171 = LINE('',#17172,#17173);
#17172 = CARTESIAN_POINT('',(2.828427124746,0.));
#17173 = VECTOR('',#17174,1.);
#17174 = DIRECTION('',(0.,-1.));
#17175 = ( GEOMETRIC_REPRESENTATION_CONTEXT(2) 
PARAMETRIC_REPRESENTATION_CONTEXT() REPRESENTATION_CONTEXT('2D SPACE',''
  ) );
#17176 = ORIENTED_EDGE('',*,*,#11090,.T.);
#17177 = ORIENTED_EDGE('',*,*,#17129,.F.);
#17178 = ADVANCED_FACE('',(#17179),#11078,.T.);
#17179 = FACE_BOUND('',#17180,.T.);
#17180 = EDGE_LOOP('',(#17181,#17182,#17203,#17204));
#17181 = ORIENTED_EDGE('',*,*,#14283,.T.);
#17182 = ORIENTED_EDGE('',*,*,#17183,.T.);
#17183 = EDGE_CURVE('',#14284,#11030,#17184,.T.);
#17184 = SURFACE_CURVE('',#17185,(#17189,#17196),.PCURVE_S1.);
#17185 = LINE('',#17186,#17187);
#17186 = CARTESIAN_POINT('',(143.30728127852,-18.,52.925925925926));
#17187 = VECTOR('',#17188,1.);
#17188 = DIRECTION('',(-1.,0.,0.));
#17189 = PCURVE('',#11078,#17190);
#17190 = DEFINITIONAL_REPRESENTATION('',(#17191),#17195);
#17191 = LINE('',#17192,#17193);
#17192 = CARTESIAN_POINT('',(0.,0.));
#17193 = VECTOR('',#17194,1.);
#17194 = DIRECTION('',(0.,-1.));
#17195 = ( GEOMETRIC_REPRESENTATION_CONTEXT(2) 
PARAMETRIC_REPRESENTATION_CONTEXT() REPRESENTATION_CONTEXT('2D SPACE',''
  ) );
#17196 = PCURVE('',#11045,#17197);
#17197 = DEFINITIONAL_REPRESENTATION('',(#17198),#17202);
#17198 = LINE('',#17199,#17200);
#17199 = CARTESIAN_POINT('',(-10.42616978138,143.3072812853));
#17200 = VECTOR('',#17201,1.);
#17201 = DIRECTION('',(-0.,-1.));
#17202 = ( GEOMETRIC_REPRESENTATION_CONTEXT(2) 
PARAMETRIC_REPRESENTATION_CONTEXT() REPRESENTATION_CONTEXT('2D SPACE',''
  ) );
#17203 = ORIENTED_EDGE('',*,*,#11057,.T.);
#17204 = ORIENTED_EDGE('',*,*,#17156,.F.);
#17205 = ADVANCED_FACE('',(#17206),#11045,.F.);
#17206 = FACE_BOUND('',#17207,.F.);
#17207 = EDGE_LOOP('',(#17208,#17209,#17210,#17211));
#17208 = ORIENTED_EDGE('',*,*,#11029,.F.);
#17209 = ORIENTED_EDGE('',*,*,#14886,.F.);
#17210 = ORIENTED_EDGE('',*,*,#14311,.F.);
#17211 = ORIENTED_EDGE('',*,*,#17183,.T.);
#17212 = ADVANCED_FACE('',(#17213),#12086,.T.);
#17213 = FACE_BOUND('',#17214,.T.);
#17214 = EDGE_LOOP('',(#17215,#17216,#17217,#17218));
#17215 = ORIENTED_EDGE('',*,*,#13094,.F.);
#17216 = ORIENTED_EDGE('',*,*,#12412,.T.);
#17217 = ORIENTED_EDGE('',*,*,#12055,.T.);
#17218 = ORIENTED_EDGE('',*,*,#15935,.T.);
#17219 = ADVANCED_FACE('',(#17220),#12507,.T.);
#17220 = FACE_BOUND('',#17221,.T.);
#17221 = EDGE_LOOP('',(#17222,#17223,#17224,#17225));
#17222 = ORIENTED_EDGE('',*,*,#13446,.T.);
#17223 = ORIENTED_EDGE('',*,*,#16374,.T.);
#17224 = ORIENTED_EDGE('',*,*,#12473,.T.);
#17225 = ORIENTED_EDGE('',*,*,#13168,.T.);
#17226 = ADVANCED_FACE('',(#17227),#12572,.T.);
#17227 = FACE_BOUND('',#17228,.T.);
#17228 = EDGE_LOOP('',(#17229,#17230,#17231,#17232));
#17229 = ORIENTED_EDGE('',*,*,#13352,.F.);
#17230 = ORIENTED_EDGE('',*,*,#13133,.T.);
#17231 = ORIENTED_EDGE('',*,*,#12551,.T.);
#17232 = ORIENTED_EDGE('',*,*,#15170,.T.);
#17233 = ( GEOMETRIC_REPRESENTATION_CONTEXT(3) 
GLOBAL_UNCERTAINTY_ASSIGNED_CONTEXT((#17237)) 
GLOBAL_UNIT_ASSIGNED_CONTEXT((#17234,#17235,#17236)) 
REPRESENTATION_CONTEXT('Context #1',
  '3D Context with UNIT and UNCERTAINTY') );
#17234 = ( LENGTH_UNIT() NAMED_UNIT(*) SI_UNIT(.MILLI.,.METRE.) );
#17235 = ( NAMED_UNIT(*) PLANE_ANGLE_UNIT() SI_UNIT($,.RADIAN.) );
#17236 = ( NAMED_UNIT(*) SI_UNIT($,.STERADIAN.) SOLID_ANGLE_UNIT() );
#17237 = UNCERTAINTY_MEASURE_WITH_UNIT(LENGTH_MEASURE(2.E-03),#17234,
  'distance_accuracy_value','confusion accuracy');
#17238 = PRODUCT_RELATED_PRODUCT_CATEGORY('part',$,(#7));
#17239 = MECHANICAL_DESIGN_GEOMETRIC_PRESENTATION_REPRESENTATION('',(
    #17240),#17233);
#17240 = STYLED_ITEM('color',(#17241),#15);
#17241 = PRESENTATION_STYLE_ASSIGNMENT((#17242,#17250));
#17242 = SURFACE_STYLE_USAGE(.BOTH.,#17243);
#17243 = SURFACE_SIDE_STYLE('',(#17244,#17248));
#17244 = SURFACE_STYLE_FILL_AREA(#17245);
#17245 = FILL_AREA_STYLE('',(#17246));
#17246 = FILL_AREA_STYLE_COLOUR('',#17247);
#17247 = COLOUR_RGB('',0.800000010877,0.800000010877,0.800000010877);
#17248 = SURFACE_STYLE_RENDERING_WITH_PROPERTIES(.NORMAL_SHADING.,#17247
  ,(#17249));
#17249 = SURFACE_STYLE_TRANSPARENT(0.699999988079);
#17250 = CURVE_STYLE('',#17251,POSITIVE_LENGTH_MEASURE(0.1),#17252);
#17251 = DRAUGHTING_PRE_DEFINED_CURVE_FONT('continuous');
#17252 = COLOUR_RGB('',9.803921802644E-02,9.803921802644E-02,
  9.803921802644E-02);
ENDSEC;
END-ISO-10303-21;
