(Exported by FreeCAD)
(Post Processor: grbl_post)
(Output Time:2026-07-29 22:53:56.540275)
(Begin preamble)
G17 G90
G21
(Begin operation: Fixture)
(Path: Fixture)
G54
(Finish operation: Fixture)
(Begin operation: ALUMINUM | SpeTool Au3e 1/8 3FL | 5500rpm F101)
(Path: ALUMINUM | SpeTool Au3e 1/8 3FL | 5500rpm F101)
(ALUMINUM | SpeTool Au3e 1/8 3FL | 5500rpm F101)
(Begin toolchange)
( M6 T3 )
M3 S8000
(Finish operation: ALUMINUM | SpeTool Au3e 1/8 3FL | 5500rpm F101)
(Begin operation: Small Hole)
(Path: Small Hole)
(Drilling)
(Begin Drilling)
G0 Z5.000
G90
( G98 )
G0 X-12.500 Y-222.910
(G83 X-12.500 Y-222.910 Z-5.400 F250.000 Q0.200 R3.000)
G0 X-12.500 Y-222.910
G0 Z3.000 F250.00
G1 Z2.800 F250.00
G0 Z3.000
G0 Z2.810
G1 Z2.600 F250.00
G0 Z3.000
G0 Z2.610
G1 Z2.400 F250.00
G0 Z3.000
G0 Z2.410
G1 Z2.200 F250.00
G0 Z3.000
G0 Z2.210
G1 Z2.000 F250.00
G0 Z3.000
G0 Z2.010
G1 Z1.800 F250.00
G0 Z3.000
G0 Z1.810
G1 Z1.600 F250.00
G0 Z3.000
G0 Z1.610
G1 Z1.400 F250.00
G0 Z3.000
G0 Z1.410
G1 Z1.200 F250.00
G0 Z3.000
G0 Z1.210
G1 Z1.000 F250.00
G0 Z3.000
G0 Z1.010
G1 Z0.800 F250.00
G0 Z3.000
G0 Z0.810
G1 Z0.600 F250.00
G0 Z3.000
G0 Z0.610
G1 Z0.400 F250.00
G0 Z3.000
G0 Z0.410
G1 Z0.200 F250.00
G0 Z3.000
G0 Z0.210
G1 Z0.000 F250.00
G0 Z3.000
G0 Z0.010
G1 Z-0.200 F250.00
G0 Z3.000
G0 Z-0.190
G1 Z-0.400 F250.00
G0 Z3.000
G0 Z-0.390
G1 Z-0.600 F250.00
G0 Z3.000
G0 Z-0.590
G1 Z-0.800 F250.00
G0 Z3.000
G0 Z-0.790
G1 Z-1.000 F250.00
G0 Z3.000
G0 Z-0.990
G1 Z-1.200 F250.00
G0 Z3.000
G0 Z-1.190
G1 Z-1.400 F250.00
G0 Z3.000
G0 Z-1.390
G1 Z-1.600 F250.00
G0 Z3.000
G0 Z-1.590
G1 Z-1.800 F250.00
G0 Z3.000
G0 Z-1.790
G1 Z-2.000 F250.00
G0 Z3.000
G0 Z-1.990
G1 Z-2.200 F250.00
G0 Z3.000
G0 Z-2.190
G1 Z-2.400 F250.00
G0 Z3.000
G0 Z-2.390
G1 Z-2.600 F250.00
G0 Z3.000
G0 Z-2.590
G1 Z-2.800 F250.00
G0 Z3.000
G0 Z-2.790
G1 Z-3.000 F250.00
G0 Z3.000
G0 Z-2.990
G1 Z-3.200 F250.00
G0 Z3.000
G0 Z-3.190
G1 Z-3.400 F250.00
G0 Z3.000
G0 Z-3.390
G1 Z-3.600 F250.00
G0 Z3.000
G0 Z-3.590
G1 Z-3.800 F250.00
G0 Z3.000
G0 Z-3.790
G1 Z-4.000 F250.00
G0 Z3.000
G0 Z-3.990
G1 Z-4.200 F250.00
G0 Z3.000
G0 Z-4.190
G1 Z-4.400 F250.00
G0 Z3.000
G0 Z-4.390
G1 Z-4.600 F250.00
G0 Z3.000
G0 Z-4.590
G1 Z-4.800 F250.00
G0 Z3.000
G0 Z-4.790
G1 Z-5.000 F250.00
G0 Z3.000
G0 Z-4.990
G1 Z-5.200 F250.00
G0 Z3.000
G0 Z-5.190
G1 Z-5.400 F250.00
G0 Z3.000
G0 Z-5.390
G1 Z-5.400 F250.00
G0 Z5.000
( G80 )
G0 Z5.000
(Finish operation: Small Hole)
(Begin operation: Big Hole)
(Path: Big Hole)
(Helix)
(helix cut operation)
G0 Z5.000
G0 Z5.000
G0 X-12.500 Y-11.000 Z5.000
G0 X-12.500 Y-11.000 Z0.000
G0 X-11.788 Y-11.000
G1 Z0.000 F250.000
G2 X-13.213 Y-11.000 Z-0.100 I-0.712 J0.000 F400.000
G2 X-11.788 Y-11.000 Z-0.200 I0.712 J0.000 F400.000
G2 X-13.213 Y-11.000 Z-0.300 I-0.712 J0.000 F400.000
G2 X-11.788 Y-11.000 Z-0.400 I0.712 J0.000 F400.000
G2 X-13.213 Y-11.000 Z-0.500 I-0.712 J0.000 F400.000
G2 X-11.788 Y-11.000 Z-0.600 I0.712 J0.000 F400.000
G2 X-13.213 Y-11.000 Z-0.700 I-0.712 J0.000 F400.000
G2 X-11.788 Y-11.000 Z-0.800 I0.712 J0.000 F400.000
G2 X-13.213 Y-11.000 Z-0.900 I-0.712 J0.000 F400.000
G2 X-11.788 Y-11.000 Z-1.000 I0.712 J0.000 F400.000
G2 X-13.213 Y-11.000 Z-1.100 I-0.712 J0.000 F400.000
G2 X-11.788 Y-11.000 Z-1.200 I0.712 J0.000 F400.000
G2 X-13.213 Y-11.000 Z-1.300 I-0.712 J0.000 F400.000
G2 X-11.788 Y-11.000 Z-1.400 I0.712 J0.000 F400.000
G2 X-13.213 Y-11.000 Z-1.500 I-0.712 J0.000 F400.000
G2 X-11.788 Y-11.000 Z-1.600 I0.712 J0.000 F400.000
G2 X-13.213 Y-11.000 Z-1.700 I-0.712 J0.000 F400.000
G2 X-11.788 Y-11.000 Z-1.800 I0.712 J0.000 F400.000
G2 X-13.213 Y-11.000 Z-1.900 I-0.712 J0.000 F400.000
G2 X-11.788 Y-11.000 Z-2.000 I0.712 J0.000 F400.000
G2 X-13.213 Y-11.000 Z-2.100 I-0.712 J0.000 F400.000
G2 X-11.788 Y-11.000 Z-2.200 I0.712 J0.000 F400.000
G2 X-13.213 Y-11.000 Z-2.300 I-0.712 J0.000 F400.000
G2 X-11.788 Y-11.000 Z-2.400 I0.712 J0.000 F400.000
G2 X-13.213 Y-11.000 Z-2.500 I-0.712 J0.000 F400.000
G2 X-11.788 Y-11.000 Z-2.600 I0.712 J0.000 F400.000
G2 X-13.213 Y-11.000 Z-2.700 I-0.712 J0.000 F400.000
G2 X-11.788 Y-11.000 Z-2.800 I0.712 J0.000 F400.000
G2 X-13.213 Y-11.000 Z-2.900 I-0.712 J0.000 F400.000
G2 X-11.788 Y-11.000 Z-3.000 I0.712 J0.000 F400.000
G2 X-13.213 Y-11.000 Z-3.100 I-0.712 J0.000 F400.000
G2 X-11.788 Y-11.000 Z-3.200 I0.712 J0.000 F400.000
G2 X-13.213 Y-11.000 Z-3.300 I-0.712 J0.000 F400.000
G2 X-11.788 Y-11.000 Z-3.400 I0.712 J0.000 F400.000
G2 X-13.213 Y-11.000 Z-3.500 I-0.712 J0.000 F400.000
G2 X-11.788 Y-11.000 Z-3.600 I0.712 J0.000 F400.000
G2 X-13.213 Y-11.000 Z-3.700 I-0.712 J0.000 F400.000
G2 X-11.788 Y-11.000 Z-3.800 I0.712 J0.000 F400.000
G2 X-13.213 Y-11.000 Z-3.900 I-0.712 J0.000 F400.000
G2 X-11.788 Y-11.000 Z-4.000 I0.712 J0.000 F400.000
G2 X-13.213 Y-11.000 Z-4.100 I-0.712 J0.000 F400.000
G2 X-11.788 Y-11.000 Z-4.200 I0.712 J0.000 F400.000
G2 X-13.213 Y-11.000 Z-4.300 I-0.712 J0.000 F400.000
G2 X-11.788 Y-11.000 Z-4.400 I0.712 J0.000 F400.000
G2 X-13.213 Y-11.000 Z-4.500 I-0.712 J0.000 F400.000
G2 X-11.788 Y-11.000 Z-4.600 I0.712 J0.000 F400.000
G2 X-13.213 Y-11.000 Z-4.700 I-0.712 J0.000 F400.000
G2 X-11.788 Y-11.000 Z-4.800 I0.712 J0.000 F400.000
G2 X-13.213 Y-11.000 Z-4.900 I-0.712 J0.000 F400.000
G2 X-11.788 Y-11.000 Z-5.000 I0.712 J0.000 F400.000
G2 X-13.213 Y-11.000 Z-5.100 I-0.712 J0.000 F400.000
G2 X-11.788 Y-11.000 Z-5.200 I0.712 J0.000 F400.000
G2 X-13.213 Y-11.000 Z-5.300 I-0.712 J0.000 F400.000
G2 X-11.788 Y-11.000 Z-5.400 I0.712 J0.000 F400.000
G2 X-13.213 Y-11.000 Z-5.400 I-0.712 J0.000 F400.000
G2 X-11.788 Y-11.000 Z-5.400 I0.712 J0.000 F400.000
G0 X-12.500 Y-11.000 Z-5.400
G0 Z0.000
G0 Z5.000
G0 X-12.500 Y-222.910 Z5.000
G0 X-12.500 Y-222.910 Z0.000
G0 X-12.497 Y-222.910
G1 Z0.000 F250.000
G2 X-12.502 Y-222.910 Z-0.100 I-0.003 J0.000 F400.000
G2 X-12.497 Y-222.910 Z-0.200 I0.003 J0.000 F400.000
G2 X-12.502 Y-222.910 Z-0.300 I-0.003 J0.000 F400.000
G2 X-12.497 Y-222.910 Z-0.400 I0.003 J0.000 F400.000
G2 X-12.502 Y-222.910 Z-0.500 I-0.003 J0.000 F400.000
G2 X-12.497 Y-222.910 Z-0.600 I0.003 J0.000 F400.000
G2 X-12.502 Y-222.910 Z-0.700 I-0.003 J0.000 F400.000
G2 X-12.497 Y-222.910 Z-0.800 I0.003 J0.000 F400.000
G2 X-12.502 Y-222.910 Z-0.900 I-0.003 J0.000 F400.000
G2 X-12.497 Y-222.910 Z-1.000 I0.003 J0.000 F400.000
G2 X-12.502 Y-222.910 Z-1.100 I-0.003 J0.000 F400.000
G2 X-12.497 Y-222.910 Z-1.200 I0.003 J0.000 F400.000
G2 X-12.502 Y-222.910 Z-1.300 I-0.003 J0.000 F400.000
G2 X-12.497 Y-222.910 Z-1.400 I0.003 J0.000 F400.000
G2 X-12.502 Y-222.910 Z-1.500 I-0.003 J0.000 F400.000
G2 X-12.497 Y-222.910 Z-1.600 I0.003 J0.000 F400.000
G2 X-12.502 Y-222.910 Z-1.700 I-0.003 J0.000 F400.000
G2 X-12.497 Y-222.910 Z-1.800 I0.003 J0.000 F400.000
G2 X-12.502 Y-222.910 Z-1.900 I-0.003 J0.000 F400.000
G2 X-12.497 Y-222.910 Z-2.000 I0.003 J0.000 F400.000
G2 X-12.502 Y-222.910 Z-2.100 I-0.003 J0.000 F400.000
G2 X-12.497 Y-222.910 Z-2.200 I0.003 J0.000 F400.000
G2 X-12.502 Y-222.910 Z-2.300 I-0.003 J0.000 F400.000
G2 X-12.497 Y-222.910 Z-2.400 I0.003 J0.000 F400.000
G2 X-12.502 Y-222.910 Z-2.500 I-0.003 J0.000 F400.000
G2 X-12.497 Y-222.910 Z-2.600 I0.003 J0.000 F400.000
G2 X-12.502 Y-222.910 Z-2.700 I-0.003 J0.000 F400.000
G2 X-12.497 Y-222.910 Z-2.800 I0.003 J0.000 F400.000
G2 X-12.502 Y-222.910 Z-2.900 I-0.003 J0.000 F400.000
G2 X-12.497 Y-222.910 Z-3.000 I0.003 J0.000 F400.000
G2 X-12.502 Y-222.910 Z-3.100 I-0.003 J0.000 F400.000
G2 X-12.497 Y-222.910 Z-3.200 I0.003 J0.000 F400.000
G2 X-12.502 Y-222.910 Z-3.300 I-0.003 J0.000 F400.000
G2 X-12.497 Y-222.910 Z-3.400 I0.003 J0.000 F400.000
G2 X-12.502 Y-222.910 Z-3.500 I-0.003 J0.000 F400.000
G2 X-12.497 Y-222.910 Z-3.600 I0.003 J0.000 F400.000
G2 X-12.502 Y-222.910 Z-3.700 I-0.003 J0.000 F400.000
G2 X-12.497 Y-222.910 Z-3.800 I0.003 J0.000 F400.000
G2 X-12.502 Y-222.910 Z-3.900 I-0.003 J0.000 F400.000
G2 X-12.497 Y-222.910 Z-4.000 I0.003 J0.000 F400.000
G2 X-12.502 Y-222.910 Z-4.100 I-0.003 J0.000 F400.000
G2 X-12.497 Y-222.910 Z-4.200 I0.003 J0.000 F400.000
G2 X-12.502 Y-222.910 Z-4.300 I-0.003 J0.000 F400.000
G2 X-12.497 Y-222.910 Z-4.400 I0.003 J0.000 F400.000
G2 X-12.502 Y-222.910 Z-4.500 I-0.003 J0.000 F400.000
G2 X-12.497 Y-222.910 Z-4.600 I0.003 J0.000 F400.000
G2 X-12.502 Y-222.910 Z-4.700 I-0.003 J0.000 F400.000
G2 X-12.497 Y-222.910 Z-4.800 I0.003 J0.000 F400.000
G2 X-12.502 Y-222.910 Z-4.900 I-0.003 J0.000 F400.000
G2 X-12.497 Y-222.910 Z-5.000 I0.003 J0.000 F400.000
G2 X-12.502 Y-222.910 Z-5.100 I-0.003 J0.000 F400.000
G2 X-12.497 Y-222.910 Z-5.200 I0.003 J0.000 F400.000
G2 X-12.502 Y-222.910 Z-5.300 I-0.003 J0.000 F400.000
G2 X-12.497 Y-222.910 Z-5.400 I0.003 J0.000 F400.000
G2 X-12.502 Y-222.910 Z-5.400 I-0.003 J0.000 F400.000
G2 X-12.497 Y-222.910 Z-5.400 I0.003 J0.000 F400.000
G0 X-12.500 Y-222.910 Z-5.400
G0 Z0.000
G0 Z5.000
(Finish operation: Big Hole)
(Begin operation: Countersink)
(Path: Countersink)
(Countersink)
G0 Z5.000
G0
G0 X-12.677 Y-10.340
G0 X-12.677 Y-10.340 Z3.000
G1 X-12.677 Y-10.340 Z-0.200 F250.000
G3 X-12.323 Y-11.660 Z-0.200 I0.177 J-0.660 K0.000 F400.000
G3 X-12.677 Y-10.340 Z-0.200 I-0.177 J0.660 K0.000 F400.000
G0 Z5.000
G0 X-12.883 Y-9.572 Z5.000
G0 X-12.883 Y-9.572 Z3.000
G1 X-12.883 Y-9.572 Z-0.200 F250.000
G3 X-12.117 Y-12.428 Z-0.200 I0.383 J-1.428 K0.000 F400.000
G3 X-12.883 Y-9.572 Z-0.200 I-0.383 J1.428 K0.000 F400.000
G0 Z5.000
G0 X-13.089 Y-8.803 Z5.000
G0 X-13.089 Y-8.803 Z3.000
G1 X-13.089 Y-8.803 Z-0.200 F250.000
G3 X-11.911 Y-13.197 Z-0.200 I0.589 J-2.197 K0.000 F400.000
G3 X-13.089 Y-8.803 Z-0.200 I-0.589 J2.197 K0.000 F400.000
G0 Z5.000
G0 X-13.294 Y-8.035 Z5.000
G0 X-13.294 Y-8.035 Z3.000
G1 X-13.294 Y-8.035 Z-0.200 F250.000
G3 X-15.465 Y-11.794 Z-0.200 I0.794 J-2.965 K0.000 F400.000
G3 X-11.706 Y-13.965 Z-0.200 I2.965 J0.794 K0.000 F400.000
G3 X-13.294 Y-8.035 Z-0.200 I-0.794 J2.965 K0.000 F400.000
G0 Z5.000
G0 X-12.625 Y-10.533 Z5.000
G0 X-12.625 Y-10.533 Z3.000
G1 X-12.625 Y-10.533 Z-0.400 F250.000
G3 X-12.375 Y-11.467 Z-0.400 I0.125 J-0.467 K0.000 F400.000
G3 X-12.625 Y-10.533 Z-0.400 I-0.125 J0.467 K0.000 F400.000
G0 Z5.000
G0 X-12.831 Y-9.765 Z5.000
G0 X-12.831 Y-9.765 Z3.000
G1 X-12.831 Y-9.765 Z-0.400 F250.000
G3 X-12.169 Y-12.235 Z-0.400 I0.331 J-1.235 K0.000 F400.000
G3 X-12.831 Y-9.765 Z-0.400 I-0.331 J1.235 K0.000 F400.000
G0 Z5.000
G0 X-13.037 Y-8.996 Z5.000
G0 X-13.037 Y-8.996 Z3.000
G1 X-13.037 Y-8.996 Z-0.400 F250.000
G3 X-11.963 Y-13.004 Z-0.400 I0.537 J-2.004 K0.000 F400.000
G3 X-13.037 Y-8.996 Z-0.400 I-0.537 J2.004 K0.000 F400.000
G0 Z5.000
G0 X-13.243 Y-8.228 Z5.000
G0 X-13.243 Y-8.228 Z3.000
G1 X-13.243 Y-8.228 Z-0.400 F250.000
G3 X-11.757 Y-13.772 Z-0.400 I0.743 J-2.772 K0.000 F400.000
G3 X-13.243 Y-8.228 Z-0.400 I-0.743 J2.772 K0.000 F400.000
G0 Z5.000
G0 X-12.576 Y-10.728 Z5.000
G0 X-12.576 Y-10.728 Z3.000
G1 X-12.576 Y-10.728 Z-0.600 F250.000
G3 X-12.772 Y-11.076 Z-0.600 I0.076 J-0.272 K0.000 F400.000
G3 X-12.424 Y-11.272 Z-0.600 I0.272 J0.076 K0.000 F400.000
G3 X-12.228 Y-10.924 Z-0.600 I-0.076 J0.272 K0.000 F400.000
G3 X-12.576 Y-10.728 Z-0.600 I-0.272 J-0.076 K0.000 F400.000
G0 Z5.000
G0 X-12.791 Y-9.962 Z5.000
G0 X-12.791 Y-9.962 Z3.000
G1 X-12.791 Y-9.962 Z-0.600 F250.000
G3 X-13.538 Y-11.291 Z-0.600 I0.291 J-1.038 K0.000 F400.000
G3 X-12.209 Y-12.038 Z-0.600 I1.038 J0.291 K0.000 F400.000
G3 X-11.462 Y-10.709 Z-0.600 I-0.291 J1.038 K0.000 F400.000
G3 X-12.791 Y-9.962 Z-0.600 I-1.038 J-0.291 K0.000 F400.000
G0 Z5.000
G0 X-13.006 Y-9.196 Z5.000
G0 X-13.006 Y-9.196 Z3.000
G1 X-13.006 Y-9.196 Z-0.600 F250.000
G3 X-14.304 Y-11.506 Z-0.600 I0.506 J-1.804 K0.000 F400.000
G3 X-11.994 Y-12.804 Z-0.600 I1.804 J0.506 K0.000 F400.000
G3 X-10.696 Y-10.494 Z-0.600 I-0.506 J1.804 K0.000 F400.000
G3 X-13.006 Y-9.196 Z-0.600 I-1.804 J-0.506 K0.000 F400.000
G0 Z5.000
G0 X-13.220 Y-8.430 Z5.000
G0 X-13.220 Y-8.430 Z3.000
G1 X-13.220 Y-8.430 Z-0.600 F250.000
G3 X-15.070 Y-11.720 Z-0.600 I0.720 J-2.570 K0.000 F400.000
G3 X-11.780 Y-13.570 Z-0.600 I2.570 J0.720 K0.000 F400.000
G3 X-9.930 Y-10.280 Z-0.600 I-0.720 J2.570 K0.000 F400.000
G3 X-13.220 Y-8.430 Z-0.600 I-2.570 J-0.720 K0.000 F400.000
G0 Z5.000
G0 X-12.522 Y-10.920 Z5.000
G0 X-12.522 Y-10.920 Z3.000
G1 X-12.522 Y-10.920 Z-0.800 F250.000
G3 X-12.580 Y-11.022 Z-0.800 I0.022 J-0.080 K0.000 F400.000
G3 X-12.478 Y-11.080 Z-0.800 I0.080 J0.022 K0.000 F400.000
G3 X-12.420 Y-10.978 Z-0.800 I-0.022 J0.080 K0.000 F400.000
G3 X-12.522 Y-10.920 Z-0.800 I-0.080 J-0.022 K0.000 F400.000
G0 Z5.000
G0 X-12.737 Y-10.154 Z5.000
G0 X-12.737 Y-10.154 Z3.000
G1 X-12.737 Y-10.154 Z-0.800 F250.000
G3 X-12.263 Y-11.846 Z-0.800 I0.237 J-0.846 K0.000 F400.000
G3 X-12.737 Y-10.154 Z-0.800 I-0.237 J0.846 K0.000 F400.000
G0 Z5.000
G0 X-12.952 Y-9.388 Z5.000
G0 X-12.952 Y-9.388 Z3.000
G1 X-12.952 Y-9.388 Z-0.800 F250.000
G3 X-12.048 Y-12.612 Z-0.800 I0.452 J-1.612 K0.000 F400.000
G3 X-12.952 Y-9.388 Z-0.800 I-0.452 J1.612 K0.000 F400.000
G0 Z5.000
G0 X-13.166 Y-8.622 Z5.000
G0 X-13.166 Y-8.622 Z3.000
G1 X-13.166 Y-8.622 Z-0.800 F250.000
G3 X-14.878 Y-11.666 Z-0.800 I0.666 J-2.378 K0.000 F400.000
G3 X-11.834 Y-13.378 Z-0.800 I2.378 J0.666 K0.000 F400.000
G3 X-10.122 Y-10.334 Z-0.800 I-0.666 J2.378 K0.000 F400.000
G3 X-13.166 Y-8.622 Z-0.800 I-2.378 J-0.666 K0.000 F400.000
G0 Z5.000
G0 X-12.691 Y-10.350 Z5.000
G0 X-12.691 Y-10.350 Z3.000
G1 X-12.691 Y-10.350 Z-1.000 F250.000
G3 X-12.309 Y-11.650 Z-1.000 I0.191 J-0.650 K0.000 F400.000
G3 X-12.691 Y-10.350 Z-1.000 I-0.191 J0.650 K0.000 F400.000
G0 Z5.000
G0 X-12.915 Y-9.586 Z5.000
G0 X-12.915 Y-9.586 Z3.000
G1 X-12.915 Y-9.586 Z-1.000 F250.000
G3 X-12.085 Y-12.414 Z-1.000 I0.415 J-1.414 K0.000 F400.000
G3 X-12.915 Y-9.586 Z-1.000 I-0.415 J1.414 K0.000 F400.000
G0 Z5.000
G0 X-13.139 Y-8.823 Z5.000
G0 X-13.139 Y-8.823 Z3.000
G1 X-13.139 Y-8.823 Z-1.000 F250.000
G3 X-11.861 Y-13.177 Z-1.000 I0.639 J-2.177 K0.000 F400.000
G3 X-13.139 Y-8.823 Z-1.000 I-0.639 J2.177 K0.000 F400.000
G0 Z5.000
G0 X-12.635 Y-10.542 Z5.000
G0 X-12.635 Y-10.542 Z3.000
G1 X-12.635 Y-10.542 Z-1.200 F250.000
G3 X-12.365 Y-11.458 Z-1.200 I0.135 J-0.458 K0.000 F400.000
G3 X-12.635 Y-10.542 Z-1.200 I-0.135 J0.458 K0.000 F400.000
G0 Z5.000
G0 X-12.859 Y-9.778 Z5.000
G0 X-12.859 Y-9.778 Z3.000
G1 X-12.859 Y-9.778 Z-1.200 F250.000
G3 X-12.141 Y-12.222 Z-1.200 I0.359 J-1.222 K0.000 F400.000
G3 X-12.859 Y-9.778 Z-1.200 I-0.359 J1.222 K0.000 F400.000
G0 Z5.000
G0 X-13.083 Y-9.015 Z5.000
G0 X-13.083 Y-9.015 Z3.000
G1 X-13.083 Y-9.015 Z-1.200 F250.000
G3 X-11.917 Y-12.985 Z-1.200 I0.583 J-1.985 K0.000 F400.000
G3 X-13.083 Y-9.015 Z-1.200 I-0.583 J1.985 K0.000 F400.000
G0 Z5.000
G0 X-12.582 Y-10.736 Z5.000
G0 X-12.582 Y-10.736 Z3.000
G1 X-12.582 Y-10.736 Z-1.400 F250.000
G3 X-12.418 Y-11.264 Z-1.400 I0.082 J-0.264 K0.000 F400.000
G3 X-12.582 Y-10.736 Z-1.400 I-0.082 J0.264 K0.000 F400.000
G0 Z5.000
G0 X-12.816 Y-9.975 Z5.000
G0 X-12.816 Y-9.975 Z3.000
G1 X-12.816 Y-9.975 Z-1.400 F250.000
G3 X-12.184 Y-12.025 Z-1.400 I0.316 J-1.025 K0.000 F400.000
G3 X-12.816 Y-9.975 Z-1.400 I-0.316 J1.025 K0.000 F400.000
G0 Z5.000
G0 X-13.051 Y-9.214 Z5.000
G0 X-13.051 Y-9.214 Z3.000
G1 X-13.051 Y-9.214 Z-1.400 F250.000
G3 X-11.949 Y-12.786 Z-1.400 I0.551 J-1.786 K0.000 F400.000
G3 X-13.051 Y-9.214 Z-1.400 I-0.551 J1.786 K0.000 F400.000
G0 Z5.000
G0 X-12.523 Y-10.927 Z5.000
G0 X-12.523 Y-10.927 Z3.000
G1 X-12.523 Y-10.927 Z-1.600 F250.000
G3 X-12.573 Y-11.023 Z-1.600 I0.023 J-0.073 K0.000 F400.000
G3 X-12.477 Y-11.073 Z-1.600 I0.073 J0.023 K0.000 F400.000
G3 X-12.427 Y-10.977 Z-1.600 I-0.023 J0.073 K0.000 F400.000
G3 X-12.523 Y-10.927 Z-1.600 I-0.073 J-0.023 K0.000 F400.000
G0 Z5.000
G0 X-12.757 Y-10.166 Z5.000
G0 X-12.757 Y-10.166 Z3.000
G1 X-12.757 Y-10.166 Z-1.600 F250.000
G3 X-12.243 Y-11.834 Z-1.600 I0.257 J-0.834 K0.000 F400.000
G3 X-12.757 Y-10.166 Z-1.600 I-0.257 J0.834 K0.000 F400.000
G0 Z5.000
G0 X-12.992 Y-9.405 Z5.000
G0 X-12.992 Y-9.405 Z3.000
G1 X-12.992 Y-9.405 Z-1.600 F250.000
G3 X-14.095 Y-11.492 Z-1.600 I0.492 J-1.595 K0.000 F400.000
G3 X-12.008 Y-12.595 Z-1.600 I1.595 J0.492 K0.000 F400.000
G3 X-10.905 Y-10.508 Z-1.600 I-0.492 J1.595 K0.000 F400.000
G3 X-12.992 Y-9.405 Z-1.600 I-1.595 J-0.492 K0.000 F400.000
G0 Z5.000
G0 X-12.708 Y-10.361 Z5.000
G0 X-12.708 Y-10.361 Z3.000
G1 X-12.708 Y-10.361 Z-1.800 F250.000
G3 X-13.139 Y-11.208 Z-1.800 I0.208 J-0.639 K0.000 F400.000
G3 X-12.292 Y-11.639 Z-1.800 I0.639 J0.208 K0.000 F400.000
G3 X-12.708 Y-10.361 Z-1.800 I-0.208 J0.639 K0.000 F400.000
G0 Z5.000
G0 X-12.954 Y-9.604 Z5.000
G0 X-12.954 Y-9.604 Z3.000
G1 X-12.954 Y-9.604 Z-1.800 F250.000
G3 X-12.046 Y-12.396 Z-1.800 I0.454 J-1.396 K0.000 F400.000
G3 X-12.954 Y-9.604 Z-1.800 I-0.454 J1.396 K0.000 F400.000
G0 Z5.000
G0 X-12.653 Y-10.554 Z5.000
G0 X-12.653 Y-10.554 Z3.000
G1 X-12.653 Y-10.554 Z-2.000 F250.000
G3 X-12.347 Y-11.446 Z-2.000 I0.153 J-0.446 K0.000 F400.000
G3 X-12.653 Y-10.554 Z-2.000 I-0.153 J0.446 K0.000 F400.000
G0 Z5.000
G0 X-12.912 Y-9.801 Z5.000
G0 X-12.912 Y-9.801 Z3.000
G1 X-12.912 Y-9.801 Z-2.000 F250.000
G3 X-12.088 Y-12.199 Z-2.000 I0.412 J-1.199 K0.000 F400.000
G3 X-12.912 Y-9.801 Z-2.000 I-0.412 J1.199 K0.000 F400.000
G0 Z5.000
G0 X-12.588 Y-10.744 Z5.000
G0 X-12.588 Y-10.744 Z3.000
G1 X-12.588 Y-10.744 Z-2.200 F250.000
G3 X-12.756 Y-11.088 Z-2.200 I0.088 J-0.256 K0.000 F400.000
G3 X-12.412 Y-11.256 Z-2.200 I0.256 J0.088 K0.000 F400.000
G3 X-12.244 Y-10.912 Z-2.200 I-0.088 J0.256 K0.000 F400.000
G3 X-12.588 Y-10.744 Z-2.200 I-0.256 J-0.088 K0.000 F400.000
G0 Z5.000
G0 X-12.847 Y-9.990 Z5.000
G0 X-12.847 Y-9.990 Z3.000
G1 X-12.847 Y-9.990 Z-2.200 F250.000
G3 X-12.153 Y-12.010 Z-2.200 I0.347 J-1.010 K0.000 F400.000
G3 X-12.847 Y-9.990 Z-2.200 I-0.347 J1.010 K0.000 F400.000
G0 Z5.000
G0 X-12.524 Y-10.934 Z5.000
G0 X-12.524 Y-10.934 Z3.000
G1 X-12.524 Y-10.934 Z-2.400 F250.000
G3 X-12.566 Y-11.024 Z-2.400 I0.024 J-0.066 K0.000 F400.000
G3 X-12.476 Y-11.066 Z-2.400 I0.066 J0.024 K0.000 F400.000
G3 X-12.524 Y-10.934 Z-2.400 I-0.024 J0.066 K0.000 F400.000
G0 Z5.000
G0 X-12.797 Y-10.185 Z5.000
G0 X-12.797 Y-10.185 Z3.000
G1 X-12.797 Y-10.185 Z-2.400 F250.000
G3 X-12.203 Y-11.815 Z-2.400 I0.297 J-0.815 K0.000 F400.000
G3 X-11.685 Y-10.703 Z-2.400 I-0.297 J0.815 K0.000 F400.000
G3 X-12.797 Y-10.185 Z-2.400 I-0.815 J-0.297 K0.000 F400.000
G0 Z5.000
G0 X-12.755 Y-10.342 Z5.000
G0 X-12.755 Y-10.342 Z3.000
G1 X-12.755 Y-10.342 Z-2.600 F250.000
G3 X-12.245 Y-11.658 Z-2.600 I0.255 J-0.658 K0.000 F400.000
G3 X-12.755 Y-10.342 Z-2.600 I-0.255 J0.658 K0.000 F400.000
G1 X-12.755 Y-10.342 Z-2.800 F250.000
G3 X-12.245 Y-11.658 Z-2.800 I0.255 J-0.658 K0.000 F400.000
G3 X-12.755 Y-10.342 Z-2.800 I-0.255 J0.658 K0.000 F400.000
G1 X-12.755 Y-10.342 Z-3.000 F250.000
G3 X-12.245 Y-11.658 Z-3.000 I0.255 J-0.658 K0.000 F400.000
G3 X-12.755 Y-10.342 Z-3.000 I-0.255 J0.658 K0.000 F400.000
G1 X-12.755 Y-10.342 Z-3.200 F250.000
G3 X-12.245 Y-11.658 Z-3.200 I0.255 J-0.658 K0.000 F400.000
G3 X-12.755 Y-10.342 Z-3.200 I-0.255 J0.658 K0.000 F400.000
G1 X-12.755 Y-10.342 Z-3.400 F250.000
G3 X-12.245 Y-11.658 Z-3.400 I0.255 J-0.658 K0.000 F400.000
G3 X-12.755 Y-10.342 Z-3.400 I-0.255 J0.658 K0.000 F400.000
G1 X-12.755 Y-10.342 Z-3.600 F250.000
G3 X-12.245 Y-11.658 Z-3.600 I0.255 J-0.658 K0.000 F400.000
G3 X-12.755 Y-10.342 Z-3.600 I-0.255 J0.658 K0.000 F400.000
G1 X-12.755 Y-10.342 Z-3.800 F250.000
G3 X-12.245 Y-11.658 Z-3.800 I0.255 J-0.658 K0.000 F400.000
G3 X-12.755 Y-10.342 Z-3.800 I-0.255 J0.658 K0.000 F400.000
G1 X-12.755 Y-10.342 Z-4.000 F250.000
G3 X-12.245 Y-11.658 Z-4.000 I0.255 J-0.658 K0.000 F400.000
G3 X-12.755 Y-10.342 Z-4.000 I-0.255 J0.658 K0.000 F400.000
G1 X-12.755 Y-10.342 Z-4.200 F250.000
G3 X-12.245 Y-11.658 Z-4.200 I0.255 J-0.658 K0.000 F400.000
G3 X-12.755 Y-10.342 Z-4.200 I-0.255 J0.658 K0.000 F400.000
G1 X-12.755 Y-10.342 Z-4.400 F250.000
G3 X-12.245 Y-11.658 Z-4.400 I0.255 J-0.658 K0.000 F400.000
G3 X-12.755 Y-10.342 Z-4.400 I-0.255 J0.658 K0.000 F400.000
G1 X-12.755 Y-10.342 Z-4.600 F250.000
G3 X-12.245 Y-11.658 Z-4.600 I0.255 J-0.658 K0.000 F400.000
G3 X-12.755 Y-10.342 Z-4.600 I-0.255 J0.658 K0.000 F400.000
G1 X-12.755 Y-10.342 Z-4.800 F250.000
G3 X-12.245 Y-11.658 Z-4.800 I0.255 J-0.658 K0.000 F400.000
G3 X-12.755 Y-10.342 Z-4.800 I-0.255 J0.658 K0.000 F400.000
G1 X-12.755 Y-10.342 Z-5.000 F250.000
G3 X-12.245 Y-11.658 Z-5.000 I0.255 J-0.658 K0.000 F400.000
G3 X-12.755 Y-10.342 Z-5.000 I-0.255 J0.658 K0.000 F400.000
G0 Z5.000
G0 Z5.000
(Finish operation: Countersink)
(Begin operation: Rack )
(Path: Rack )
(Rack )
(Compensated Tool Path. Diameter: 3.175)
G0 Z5.000
G0 X-20.437 Y-3.500
G0 Z3.000
G1 X-20.437 Y-3.500 Z-0.200 F250.000
G1 X-20.437 Y-27.417 Z-0.200 F400.000
G1 X-20.396 Y-27.914 Z-0.200 F400.000
G1 X-20.336 Y-28.219 Z-0.200 F400.000
G1 X-20.236 Y-28.548 Z-0.200 F400.000
G1 X-20.117 Y-28.835 Z-0.200 F400.000
G1 X-19.955 Y-29.138 Z-0.200 F400.000
G1 X-19.782 Y-29.396 Z-0.200 F400.000
G1 X-19.565 Y-29.662 Z-0.200 F400.000
G1 X-19.345 Y-29.882 Z-0.200 F400.000
G1 X-19.079 Y-30.099 Z-0.200 F400.000
G1 X-18.821 Y-30.272 Z-0.200 F400.000
G1 X-18.518 Y-30.434 Z-0.200 F400.000
G1 X-18.231 Y-30.553 Z-0.200 F400.000
G1 X-17.902 Y-30.653 Z-0.200 F400.000
G1 X-17.597 Y-30.713 Z-0.200 F400.000
G1 X-17.256 Y-30.747 Z-0.200 F400.000
G1 X-14.330 Y-30.754 Z-0.200 F400.000
G1 X-14.220 Y-30.765 Z-0.200 F400.000
G1 X-14.191 Y-30.774 Z-0.200 F400.000
G1 X-14.164 Y-30.788 Z-0.200 F400.000
G1 X-14.141 Y-30.808 Z-0.200 F400.000
G1 X-14.121 Y-30.831 Z-0.200 F400.000
G1 X-14.107 Y-30.858 Z-0.200 F400.000
G1 X-14.098 Y-30.887 Z-0.200 F400.000
G1 X-14.087 Y-30.995 Z-0.200 F400.000
G1 X-14.088 Y-32.702 Z-0.200 F400.000
G1 X-14.098 Y-32.810 Z-0.200 F400.000
G1 X-14.107 Y-32.839 Z-0.200 F400.000
G1 X-14.121 Y-32.866 Z-0.200 F400.000
G1 X-14.141 Y-32.889 Z-0.200 F400.000
G1 X-14.164 Y-32.908 Z-0.200 F400.000
G1 X-14.191 Y-32.923 Z-0.200 F400.000
G1 X-14.220 Y-32.931 Z-0.200 F400.000
G1 X-14.328 Y-32.942 Z-0.200 F400.000
G1 X-17.100 Y-32.942 Z-0.200 F400.000
G1 X-17.597 Y-32.983 Z-0.200 F400.000
G1 X-17.902 Y-33.044 Z-0.200 F400.000
G1 X-18.231 Y-33.144 Z-0.200 F400.000
G1 X-18.518 Y-33.263 Z-0.200 F400.000
G1 X-18.821 Y-33.424 Z-0.200 F400.000
G1 X-19.079 Y-33.597 Z-0.200 F400.000
G1 X-19.345 Y-33.815 Z-0.200 F400.000
G1 X-19.565 Y-34.035 Z-0.200 F400.000
G1 X-19.782 Y-34.300 Z-0.200 F400.000
G1 X-19.955 Y-34.559 Z-0.200 F400.000
G1 X-20.117 Y-34.862 Z-0.200 F400.000
G1 X-20.236 Y-35.149 Z-0.200 F400.000
G1 X-20.336 Y-35.477 Z-0.200 F400.000
G1 X-20.396 Y-35.783 Z-0.200 F400.000
G1 X-20.430 Y-36.124 Z-0.200 F400.000
G1 X-20.437 Y-44.760 Z-0.200 F400.000
G1 X-20.425 Y-45.037 Z-0.200 F400.000
G1 X-20.375 Y-45.397 Z-0.200 F400.000
G1 X-20.286 Y-45.750 Z-0.200 F400.000
G1 X-20.159 Y-46.091 Z-0.200 F400.000
G1 X-16.238 Y-54.506 Z-0.200 F400.000
G1 X-16.215 Y-54.562 Z-0.200 F400.000
G1 X-16.210 Y-54.579 Z-0.200 F400.000
G1 X-16.207 Y-54.597 Z-0.200 F400.000
G1 X-16.204 Y-54.657 Z-0.200 F400.000
G1 X-16.204 Y-57.548 Z-0.200 F400.000
G1 X-16.215 Y-57.657 Z-0.200 F400.000
G1 X-16.224 Y-57.686 Z-0.200 F400.000
G1 X-16.238 Y-57.712 Z-0.200 F400.000
G1 X-16.257 Y-57.736 Z-0.200 F400.000
G1 X-16.281 Y-57.755 Z-0.200 F400.000
G1 X-16.307 Y-57.769 Z-0.200 F400.000
G1 X-16.336 Y-57.778 Z-0.200 F400.000
G1 X-16.445 Y-57.789 Z-0.200 F400.000
G1 X-17.850 Y-57.789 Z-0.200 F400.000
G1 X-18.057 Y-57.803 Z-0.200 F400.000
G1 X-18.316 Y-57.837 Z-0.200 F400.000
G1 X-18.716 Y-57.944 Z-0.200 F400.000
G1 X-18.958 Y-58.044 Z-0.200 F400.000
G1 X-19.316 Y-58.251 Z-0.200 F400.000
G1 X-19.524 Y-58.410 Z-0.200 F400.000
G1 X-19.817 Y-58.703 Z-0.200 F400.000
G1 X-19.975 Y-58.910 Z-0.200 F400.000
G1 X-20.183 Y-59.269 Z-0.200 F400.000
G1 X-20.283 Y-59.510 Z-0.200 F400.000
G1 X-20.390 Y-59.910 Z-0.200 F400.000
G1 X-20.424 Y-60.169 Z-0.200 F400.000
G1 X-20.437 Y-60.376 Z-0.200 F400.000
G1 X-20.437 Y-83.244 Z-0.200 F400.000
G1 X-20.425 Y-83.521 Z-0.200 F400.000
G1 X-20.375 Y-83.881 Z-0.200 F400.000
G1 X-20.286 Y-84.234 Z-0.200 F400.000
G1 X-20.159 Y-84.575 Z-0.200 F400.000
G1 X-16.238 Y-92.990 Z-0.200 F400.000
G1 X-16.215 Y-93.046 Z-0.200 F400.000
G1 X-16.210 Y-93.063 Z-0.200 F400.000
G1 X-16.207 Y-93.081 Z-0.200 F400.000
G1 X-16.204 Y-93.141 Z-0.200 F400.000
G1 X-16.204 Y-96.032 Z-0.200 F400.000
G1 X-16.215 Y-96.141 Z-0.200 F400.000
G1 X-16.224 Y-96.170 Z-0.200 F400.000
G1 X-16.238 Y-96.196 Z-0.200 F400.000
G1 X-16.257 Y-96.220 Z-0.200 F400.000
G1 X-16.281 Y-96.239 Z-0.200 F400.000
G1 X-16.307 Y-96.253 Z-0.200 F400.000
G1 X-16.336 Y-96.262 Z-0.200 F400.000
G1 X-16.445 Y-96.273 Z-0.200 F400.000
G1 X-17.850 Y-96.273 Z-0.200 F400.000
G1 X-18.057 Y-96.287 Z-0.200 F400.000
G1 X-18.316 Y-96.321 Z-0.200 F400.000
G1 X-18.716 Y-96.428 Z-0.200 F400.000
G1 X-18.958 Y-96.528 Z-0.200 F400.000
G1 X-19.316 Y-96.735 Z-0.200 F400.000
G1 X-19.524 Y-96.894 Z-0.200 F400.000
G1 X-19.817 Y-97.187 Z-0.200 F400.000
G1 X-19.975 Y-97.394 Z-0.200 F400.000
G1 X-20.183 Y-97.753 Z-0.200 F400.000
G1 X-20.283 Y-97.994 Z-0.200 F400.000
G1 X-20.390 Y-98.394 Z-0.200 F400.000
G1 X-20.424 Y-98.653 Z-0.200 F400.000
G1 X-20.437 Y-98.860 Z-0.200 F400.000
G1 X-20.437 Y-121.728 Z-0.200 F400.000
G1 X-20.425 Y-122.005 Z-0.200 F400.000
G1 X-20.375 Y-122.365 Z-0.200 F400.000
G1 X-20.286 Y-122.718 Z-0.200 F400.000
G1 X-20.159 Y-123.059 Z-0.200 F400.000
G1 X-16.238 Y-131.474 Z-0.200 F400.000
G1 X-16.215 Y-131.531 Z-0.200 F400.000
G1 X-16.210 Y-131.547 Z-0.200 F400.000
G1 X-16.207 Y-131.565 Z-0.200 F400.000
G1 X-16.204 Y-131.625 Z-0.200 F400.000
G1 X-16.204 Y-134.516 Z-0.200 F400.000
G1 X-16.215 Y-134.625 Z-0.200 F400.000
G1 X-16.224 Y-134.654 Z-0.200 F400.000
G1 X-16.238 Y-134.680 Z-0.200 F400.000
G1 X-16.257 Y-134.704 Z-0.200 F400.000
G1 X-16.281 Y-134.723 Z-0.200 F400.000
G1 X-16.307 Y-134.738 Z-0.200 F400.000
G1 X-16.336 Y-134.746 Z-0.200 F400.000
G1 X-16.445 Y-134.757 Z-0.200 F400.000
G1 X-17.850 Y-134.757 Z-0.200 F400.000
G1 X-18.057 Y-134.771 Z-0.200 F400.000
G1 X-18.316 Y-134.805 Z-0.200 F400.000
G1 X-18.716 Y-134.912 Z-0.200 F400.000
G1 X-18.958 Y-135.012 Z-0.200 F400.000
G1 X-19.316 Y-135.219 Z-0.200 F400.000
G1 X-19.524 Y-135.378 Z-0.200 F400.000
G1 X-19.817 Y-135.671 Z-0.200 F400.000
G1 X-19.975 Y-135.878 Z-0.200 F400.000
G1 X-20.183 Y-136.237 Z-0.200 F400.000
G1 X-20.283 Y-136.478 Z-0.200 F400.000
G1 X-20.390 Y-136.878 Z-0.200 F400.000
G1 X-20.424 Y-137.137 Z-0.200 F400.000
G1 X-20.437 Y-137.344 Z-0.200 F400.000
G1 X-20.437 Y-160.212 Z-0.200 F400.000
G1 X-20.425 Y-160.489 Z-0.200 F400.000
G1 X-20.375 Y-160.849 Z-0.200 F400.000
G1 X-20.286 Y-161.202 Z-0.200 F400.000
G1 X-20.159 Y-161.543 Z-0.200 F400.000
G1 X-16.238 Y-169.958 Z-0.200 F400.000
G1 X-16.215 Y-170.015 Z-0.200 F400.000
G1 X-16.210 Y-170.031 Z-0.200 F400.000
G1 X-16.207 Y-170.049 Z-0.200 F400.000
G1 X-16.204 Y-170.109 Z-0.200 F400.000
G1 X-16.204 Y-173.000 Z-0.200 F400.000
G1 X-16.215 Y-173.109 Z-0.200 F400.000
G1 X-16.224 Y-173.138 Z-0.200 F400.000
G1 X-16.238 Y-173.164 Z-0.200 F400.000
G1 X-16.257 Y-173.188 Z-0.200 F400.000
G1 X-16.281 Y-173.207 Z-0.200 F400.000
G1 X-16.307 Y-173.222 Z-0.200 F400.000
G1 X-16.336 Y-173.230 Z-0.200 F400.000
G1 X-16.445 Y-173.241 Z-0.200 F400.000
G1 X-17.850 Y-173.241 Z-0.200 F400.000
G1 X-18.057 Y-173.255 Z-0.200 F400.000
G1 X-18.316 Y-173.289 Z-0.200 F400.000
G1 X-18.716 Y-173.396 Z-0.200 F400.000
G1 X-18.958 Y-173.496 Z-0.200 F400.000
G1 X-19.316 Y-173.703 Z-0.200 F400.000
G1 X-19.524 Y-173.862 Z-0.200 F400.000
G1 X-19.817 Y-174.155 Z-0.200 F400.000
G1 X-19.975 Y-174.362 Z-0.200 F400.000
G1 X-20.183 Y-174.721 Z-0.200 F400.000
G1 X-20.283 Y-174.962 Z-0.200 F400.000
G1 X-20.390 Y-175.362 Z-0.200 F400.000
G1 X-20.424 Y-175.621 Z-0.200 F400.000
G1 X-20.437 Y-175.828 Z-0.200 F400.000
G1 X-20.437 Y-198.696 Z-0.200 F400.000
G1 X-20.425 Y-198.973 Z-0.200 F400.000
G1 X-20.375 Y-199.333 Z-0.200 F400.000
G1 X-20.286 Y-199.686 Z-0.200 F400.000
G1 X-20.159 Y-200.027 Z-0.200 F400.000
G1 X-16.238 Y-208.442 Z-0.200 F400.000
G1 X-16.215 Y-208.499 Z-0.200 F400.000
G1 X-16.210 Y-208.515 Z-0.200 F400.000
G1 X-16.207 Y-208.533 Z-0.200 F400.000
G1 X-16.204 Y-208.593 Z-0.200 F400.000
G1 X-16.204 Y-211.485 Z-0.200 F400.000
G1 X-16.215 Y-211.593 Z-0.200 F400.000
G1 X-16.224 Y-211.622 Z-0.200 F400.000
G1 X-16.238 Y-211.649 Z-0.200 F400.000
G1 X-16.257 Y-211.672 Z-0.200 F400.000
G1 X-16.281 Y-211.691 Z-0.200 F400.000
G1 X-16.307 Y-211.706 Z-0.200 F400.000
G1 X-16.336 Y-211.714 Z-0.200 F400.000
G1 X-16.445 Y-211.725 Z-0.200 F400.000
G1 X-17.850 Y-211.725 Z-0.200 F400.000
G1 X-18.057 Y-211.739 Z-0.200 F400.000
G1 X-18.316 Y-211.773 Z-0.200 F400.000
G1 X-18.716 Y-211.880 Z-0.200 F400.000
G1 X-18.958 Y-211.980 Z-0.200 F400.000
G1 X-19.316 Y-212.187 Z-0.200 F400.000
G1 X-19.524 Y-212.346 Z-0.200 F400.000
G1 X-19.817 Y-212.639 Z-0.200 F400.000
G1 X-19.975 Y-212.846 Z-0.200 F400.000
G1 X-20.183 Y-213.205 Z-0.200 F400.000
G1 X-20.283 Y-213.446 Z-0.200 F400.000
G1 X-20.390 Y-213.846 Z-0.200 F400.000
G1 X-20.424 Y-214.105 Z-0.200 F400.000
G1 X-20.437 Y-214.313 Z-0.200 F400.000
G1 X-20.437 Y-228.500 Z-0.200 F400.000
G0 Z5.000
G0 X-20.437 Y-3.500
G0 Z3.000
G1 X-20.437 Y-3.500 Z-0.400 F250.000
G1 X-20.437 Y-27.417 Z-0.400 F400.000
G1 X-20.396 Y-27.914 Z-0.400 F400.000
G1 X-20.336 Y-28.219 Z-0.400 F400.000
G1 X-20.236 Y-28.548 Z-0.400 F400.000
G1 X-20.117 Y-28.835 Z-0.400 F400.000
G1 X-19.955 Y-29.138 Z-0.400 F400.000
G1 X-19.782 Y-29.396 Z-0.400 F400.000
G1 X-19.565 Y-29.662 Z-0.400 F400.000
G1 X-19.345 Y-29.882 Z-0.400 F400.000
G1 X-19.079 Y-30.099 Z-0.400 F400.000
G1 X-18.821 Y-30.272 Z-0.400 F400.000
G1 X-18.518 Y-30.434 Z-0.400 F400.000
G1 X-18.231 Y-30.553 Z-0.400 F400.000
G1 X-17.902 Y-30.653 Z-0.400 F400.000
G1 X-17.597 Y-30.713 Z-0.400 F400.000
G1 X-17.256 Y-30.747 Z-0.400 F400.000
G1 X-14.330 Y-30.754 Z-0.400 F400.000
G1 X-14.220 Y-30.765 Z-0.400 F400.000
G1 X-14.191 Y-30.774 Z-0.400 F400.000
G1 X-14.164 Y-30.788 Z-0.400 F400.000
G1 X-14.141 Y-30.808 Z-0.400 F400.000
G1 X-14.121 Y-30.831 Z-0.400 F400.000
G1 X-14.107 Y-30.858 Z-0.400 F400.000
G1 X-14.098 Y-30.887 Z-0.400 F400.000
G1 X-14.087 Y-30.995 Z-0.400 F400.000
G1 X-14.088 Y-32.702 Z-0.400 F400.000
G1 X-14.098 Y-32.810 Z-0.400 F400.000
G1 X-14.107 Y-32.839 Z-0.400 F400.000
G1 X-14.121 Y-32.866 Z-0.400 F400.000
G1 X-14.141 Y-32.889 Z-0.400 F400.000
G1 X-14.164 Y-32.908 Z-0.400 F400.000
G1 X-14.191 Y-32.923 Z-0.400 F400.000
G1 X-14.220 Y-32.931 Z-0.400 F400.000
G1 X-14.328 Y-32.942 Z-0.400 F400.000
G1 X-17.100 Y-32.942 Z-0.400 F400.000
G1 X-17.597 Y-32.983 Z-0.400 F400.000
G1 X-17.902 Y-33.044 Z-0.400 F400.000
G1 X-18.231 Y-33.144 Z-0.400 F400.000
G1 X-18.518 Y-33.263 Z-0.400 F400.000
G1 X-18.821 Y-33.424 Z-0.400 F400.000
G1 X-19.079 Y-33.597 Z-0.400 F400.000
G1 X-19.345 Y-33.815 Z-0.400 F400.000
G1 X-19.565 Y-34.035 Z-0.400 F400.000
G1 X-19.782 Y-34.300 Z-0.400 F400.000
G1 X-19.955 Y-34.559 Z-0.400 F400.000
G1 X-20.117 Y-34.862 Z-0.400 F400.000
G1 X-20.236 Y-35.149 Z-0.400 F400.000
G1 X-20.336 Y-35.477 Z-0.400 F400.000
G1 X-20.396 Y-35.783 Z-0.400 F400.000
G1 X-20.430 Y-36.124 Z-0.400 F400.000
G1 X-20.437 Y-44.760 Z-0.400 F400.000
G1 X-20.425 Y-45.037 Z-0.400 F400.000
G1 X-20.375 Y-45.397 Z-0.400 F400.000
G1 X-20.286 Y-45.750 Z-0.400 F400.000
G1 X-20.159 Y-46.091 Z-0.400 F400.000
G1 X-16.238 Y-54.506 Z-0.400 F400.000
G1 X-16.215 Y-54.562 Z-0.400 F400.000
G1 X-16.210 Y-54.579 Z-0.400 F400.000
G1 X-16.207 Y-54.597 Z-0.400 F400.000
G1 X-16.204 Y-54.657 Z-0.400 F400.000
G1 X-16.204 Y-57.548 Z-0.400 F400.000
G1 X-16.215 Y-57.657 Z-0.400 F400.000
G1 X-16.224 Y-57.686 Z-0.400 F400.000
G1 X-16.238 Y-57.712 Z-0.400 F400.000
G1 X-16.257 Y-57.736 Z-0.400 F400.000
G1 X-16.281 Y-57.755 Z-0.400 F400.000
G1 X-16.307 Y-57.769 Z-0.400 F400.000
G1 X-16.336 Y-57.778 Z-0.400 F400.000
G1 X-16.445 Y-57.789 Z-0.400 F400.000
G1 X-17.850 Y-57.789 Z-0.400 F400.000
G1 X-18.057 Y-57.803 Z-0.400 F400.000
G1 X-18.316 Y-57.837 Z-0.400 F400.000
G1 X-18.716 Y-57.944 Z-0.400 F400.000
G1 X-18.958 Y-58.044 Z-0.400 F400.000
G1 X-19.316 Y-58.251 Z-0.400 F400.000
G1 X-19.524 Y-58.410 Z-0.400 F400.000
G1 X-19.817 Y-58.703 Z-0.400 F400.000
G1 X-19.975 Y-58.910 Z-0.400 F400.000
G1 X-20.183 Y-59.269 Z-0.400 F400.000
G1 X-20.283 Y-59.510 Z-0.400 F400.000
G1 X-20.390 Y-59.910 Z-0.400 F400.000
G1 X-20.424 Y-60.169 Z-0.400 F400.000
G1 X-20.437 Y-60.376 Z-0.400 F400.000
G1 X-20.437 Y-83.244 Z-0.400 F400.000
G1 X-20.425 Y-83.521 Z-0.400 F400.000
G1 X-20.375 Y-83.881 Z-0.400 F400.000
G1 X-20.286 Y-84.234 Z-0.400 F400.000
G1 X-20.159 Y-84.575 Z-0.400 F400.000
G1 X-16.238 Y-92.990 Z-0.400 F400.000
G1 X-16.215 Y-93.046 Z-0.400 F400.000
G1 X-16.210 Y-93.063 Z-0.400 F400.000
G1 X-16.207 Y-93.081 Z-0.400 F400.000
G1 X-16.204 Y-93.141 Z-0.400 F400.000
G1 X-16.204 Y-96.032 Z-0.400 F400.000
G1 X-16.215 Y-96.141 Z-0.400 F400.000
G1 X-16.224 Y-96.170 Z-0.400 F400.000
G1 X-16.238 Y-96.196 Z-0.400 F400.000
G1 X-16.257 Y-96.220 Z-0.400 F400.000
G1 X-16.281 Y-96.239 Z-0.400 F400.000
G1 X-16.307 Y-96.253 Z-0.400 F400.000
G1 X-16.336 Y-96.262 Z-0.400 F400.000
G1 X-16.445 Y-96.273 Z-0.400 F400.000
G1 X-17.850 Y-96.273 Z-0.400 F400.000
G1 X-18.057 Y-96.287 Z-0.400 F400.000
G1 X-18.316 Y-96.321 Z-0.400 F400.000
G1 X-18.716 Y-96.428 Z-0.400 F400.000
G1 X-18.958 Y-96.528 Z-0.400 F400.000
G1 X-19.316 Y-96.735 Z-0.400 F400.000
G1 X-19.524 Y-96.894 Z-0.400 F400.000
G1 X-19.817 Y-97.187 Z-0.400 F400.000
G1 X-19.975 Y-97.394 Z-0.400 F400.000
G1 X-20.183 Y-97.753 Z-0.400 F400.000
G1 X-20.283 Y-97.994 Z-0.400 F400.000
G1 X-20.390 Y-98.394 Z-0.400 F400.000
G1 X-20.424 Y-98.653 Z-0.400 F400.000
G1 X-20.437 Y-98.860 Z-0.400 F400.000
G1 X-20.437 Y-121.728 Z-0.400 F400.000
G1 X-20.425 Y-122.005 Z-0.400 F400.000
G1 X-20.375 Y-122.365 Z-0.400 F400.000
G1 X-20.286 Y-122.718 Z-0.400 F400.000
G1 X-20.159 Y-123.059 Z-0.400 F400.000
G1 X-16.238 Y-131.474 Z-0.400 F400.000
G1 X-16.215 Y-131.531 Z-0.400 F400.000
G1 X-16.210 Y-131.547 Z-0.400 F400.000
G1 X-16.207 Y-131.565 Z-0.400 F400.000
G1 X-16.204 Y-131.625 Z-0.400 F400.000
G1 X-16.204 Y-134.516 Z-0.400 F400.000
G1 X-16.215 Y-134.625 Z-0.400 F400.000
G1 X-16.224 Y-134.654 Z-0.400 F400.000
G1 X-16.238 Y-134.680 Z-0.400 F400.000
G1 X-16.257 Y-134.704 Z-0.400 F400.000
G1 X-16.281 Y-134.723 Z-0.400 F400.000
G1 X-16.307 Y-134.738 Z-0.400 F400.000
G1 X-16.336 Y-134.746 Z-0.400 F400.000
G1 X-16.445 Y-134.757 Z-0.400 F400.000
G1 X-17.850 Y-134.757 Z-0.400 F400.000
G1 X-18.057 Y-134.771 Z-0.400 F400.000
G1 X-18.316 Y-134.805 Z-0.400 F400.000
G1 X-18.716 Y-134.912 Z-0.400 F400.000
G1 X-18.958 Y-135.012 Z-0.400 F400.000
G1 X-19.316 Y-135.219 Z-0.400 F400.000
G1 X-19.524 Y-135.378 Z-0.400 F400.000
G1 X-19.817 Y-135.671 Z-0.400 F400.000
G1 X-19.975 Y-135.878 Z-0.400 F400.000
G1 X-20.183 Y-136.237 Z-0.400 F400.000
G1 X-20.283 Y-136.478 Z-0.400 F400.000
G1 X-20.390 Y-136.878 Z-0.400 F400.000
G1 X-20.424 Y-137.137 Z-0.400 F400.000
G1 X-20.437 Y-137.344 Z-0.400 F400.000
G1 X-20.437 Y-160.212 Z-0.400 F400.000
G1 X-20.425 Y-160.489 Z-0.400 F400.000
G1 X-20.375 Y-160.849 Z-0.400 F400.000
G1 X-20.286 Y-161.202 Z-0.400 F400.000
G1 X-20.159 Y-161.543 Z-0.400 F400.000
G1 X-16.238 Y-169.958 Z-0.400 F400.000
G1 X-16.215 Y-170.015 Z-0.400 F400.000
G1 X-16.210 Y-170.031 Z-0.400 F400.000
G1 X-16.207 Y-170.049 Z-0.400 F400.000
G1 X-16.204 Y-170.109 Z-0.400 F400.000
G1 X-16.204 Y-173.000 Z-0.400 F400.000
G1 X-16.215 Y-173.109 Z-0.400 F400.000
G1 X-16.224 Y-173.138 Z-0.400 F400.000
G1 X-16.238 Y-173.164 Z-0.400 F400.000
G1 X-16.257 Y-173.188 Z-0.400 F400.000
G1 X-16.281 Y-173.207 Z-0.400 F400.000
G1 X-16.307 Y-173.222 Z-0.400 F400.000
G1 X-16.336 Y-173.230 Z-0.400 F400.000
G1 X-16.445 Y-173.241 Z-0.400 F400.000
G1 X-17.850 Y-173.241 Z-0.400 F400.000
G1 X-18.057 Y-173.255 Z-0.400 F400.000
G1 X-18.316 Y-173.289 Z-0.400 F400.000
G1 X-18.716 Y-173.396 Z-0.400 F400.000
G1 X-18.958 Y-173.496 Z-0.400 F400.000
G1 X-19.316 Y-173.703 Z-0.400 F400.000
G1 X-19.524 Y-173.862 Z-0.400 F400.000
G1 X-19.817 Y-174.155 Z-0.400 F400.000
G1 X-19.975 Y-174.362 Z-0.400 F400.000
G1 X-20.183 Y-174.721 Z-0.400 F400.000
G1 X-20.283 Y-174.962 Z-0.400 F400.000
G1 X-20.390 Y-175.362 Z-0.400 F400.000
G1 X-20.424 Y-175.621 Z-0.400 F400.000
G1 X-20.437 Y-175.828 Z-0.400 F400.000
G1 X-20.437 Y-198.696 Z-0.400 F400.000
G1 X-20.425 Y-198.973 Z-0.400 F400.000
G1 X-20.375 Y-199.333 Z-0.400 F400.000
G1 X-20.286 Y-199.686 Z-0.400 F400.000
G1 X-20.159 Y-200.027 Z-0.400 F400.000
G1 X-16.238 Y-208.442 Z-0.400 F400.000
G1 X-16.215 Y-208.499 Z-0.400 F400.000
G1 X-16.210 Y-208.515 Z-0.400 F400.000
G1 X-16.207 Y-208.533 Z-0.400 F400.000
G1 X-16.204 Y-208.593 Z-0.400 F400.000
G1 X-16.204 Y-211.485 Z-0.400 F400.000
G1 X-16.215 Y-211.593 Z-0.400 F400.000
G1 X-16.224 Y-211.622 Z-0.400 F400.000
G1 X-16.238 Y-211.649 Z-0.400 F400.000
G1 X-16.257 Y-211.672 Z-0.400 F400.000
G1 X-16.281 Y-211.691 Z-0.400 F400.000
G1 X-16.307 Y-211.706 Z-0.400 F400.000
G1 X-16.336 Y-211.714 Z-0.400 F400.000
G1 X-16.445 Y-211.725 Z-0.400 F400.000
G1 X-17.850 Y-211.725 Z-0.400 F400.000
G1 X-18.057 Y-211.739 Z-0.400 F400.000
G1 X-18.316 Y-211.773 Z-0.400 F400.000
G1 X-18.716 Y-211.880 Z-0.400 F400.000
G1 X-18.958 Y-211.980 Z-0.400 F400.000
G1 X-19.316 Y-212.187 Z-0.400 F400.000
G1 X-19.524 Y-212.346 Z-0.400 F400.000
G1 X-19.817 Y-212.639 Z-0.400 F400.000
G1 X-19.975 Y-212.846 Z-0.400 F400.000
G1 X-20.183 Y-213.205 Z-0.400 F400.000
G1 X-20.283 Y-213.446 Z-0.400 F400.000
G1 X-20.390 Y-213.846 Z-0.400 F400.000
G1 X-20.424 Y-214.105 Z-0.400 F400.000
G1 X-20.437 Y-214.313 Z-0.400 F400.000
G1 X-20.437 Y-228.500 Z-0.400 F400.000
G0 Z5.000
G0 X-20.437 Y-3.500
G0 Z3.000
G1 X-20.437 Y-3.500 Z-0.600 F250.000
G1 X-20.437 Y-27.417 Z-0.600 F400.000
G1 X-20.396 Y-27.914 Z-0.600 F400.000
G1 X-20.336 Y-28.219 Z-0.600 F400.000
G1 X-20.236 Y-28.548 Z-0.600 F400.000
G1 X-20.117 Y-28.835 Z-0.600 F400.000
G1 X-19.955 Y-29.138 Z-0.600 F400.000
G1 X-19.782 Y-29.396 Z-0.600 F400.000
G1 X-19.565 Y-29.662 Z-0.600 F400.000
G1 X-19.345 Y-29.882 Z-0.600 F400.000
G1 X-19.079 Y-30.099 Z-0.600 F400.000
G1 X-18.821 Y-30.272 Z-0.600 F400.000
G1 X-18.518 Y-30.434 Z-0.600 F400.000
G1 X-18.231 Y-30.553 Z-0.600 F400.000
G1 X-17.902 Y-30.653 Z-0.600 F400.000
G1 X-17.597 Y-30.713 Z-0.600 F400.000
G1 X-17.256 Y-30.747 Z-0.600 F400.000
G1 X-14.330 Y-30.754 Z-0.600 F400.000
G1 X-14.220 Y-30.765 Z-0.600 F400.000
G1 X-14.191 Y-30.774 Z-0.600 F400.000
G1 X-14.164 Y-30.788 Z-0.600 F400.000
G1 X-14.141 Y-30.808 Z-0.600 F400.000
G1 X-14.121 Y-30.831 Z-0.600 F400.000
G1 X-14.107 Y-30.858 Z-0.600 F400.000
G1 X-14.098 Y-30.887 Z-0.600 F400.000
G1 X-14.087 Y-30.995 Z-0.600 F400.000
G1 X-14.088 Y-32.702 Z-0.600 F400.000
G1 X-14.098 Y-32.810 Z-0.600 F400.000
G1 X-14.107 Y-32.839 Z-0.600 F400.000
G1 X-14.121 Y-32.866 Z-0.600 F400.000
G1 X-14.141 Y-32.889 Z-0.600 F400.000
G1 X-14.164 Y-32.908 Z-0.600 F400.000
G1 X-14.191 Y-32.923 Z-0.600 F400.000
G1 X-14.220 Y-32.931 Z-0.600 F400.000
G1 X-14.328 Y-32.942 Z-0.600 F400.000
G1 X-17.100 Y-32.942 Z-0.600 F400.000
G1 X-17.597 Y-32.983 Z-0.600 F400.000
G1 X-17.902 Y-33.044 Z-0.600 F400.000
G1 X-18.231 Y-33.144 Z-0.600 F400.000
G1 X-18.518 Y-33.263 Z-0.600 F400.000
G1 X-18.821 Y-33.424 Z-0.600 F400.000
G1 X-19.079 Y-33.597 Z-0.600 F400.000
G1 X-19.345 Y-33.815 Z-0.600 F400.000
G1 X-19.565 Y-34.035 Z-0.600 F400.000
G1 X-19.782 Y-34.300 Z-0.600 F400.000
G1 X-19.955 Y-34.559 Z-0.600 F400.000
G1 X-20.117 Y-34.862 Z-0.600 F400.000
G1 X-20.236 Y-35.149 Z-0.600 F400.000
G1 X-20.336 Y-35.477 Z-0.600 F400.000
G1 X-20.396 Y-35.783 Z-0.600 F400.000
G1 X-20.430 Y-36.124 Z-0.600 F400.000
G1 X-20.437 Y-44.760 Z-0.600 F400.000
G1 X-20.425 Y-45.037 Z-0.600 F400.000
G1 X-20.375 Y-45.397 Z-0.600 F400.000
G1 X-20.286 Y-45.750 Z-0.600 F400.000
G1 X-20.159 Y-46.091 Z-0.600 F400.000
G1 X-16.238 Y-54.506 Z-0.600 F400.000
G1 X-16.215 Y-54.562 Z-0.600 F400.000
G1 X-16.210 Y-54.579 Z-0.600 F400.000
G1 X-16.207 Y-54.597 Z-0.600 F400.000
G1 X-16.204 Y-54.657 Z-0.600 F400.000
G1 X-16.204 Y-57.548 Z-0.600 F400.000
G1 X-16.215 Y-57.657 Z-0.600 F400.000
G1 X-16.224 Y-57.686 Z-0.600 F400.000
G1 X-16.238 Y-57.712 Z-0.600 F400.000
G1 X-16.257 Y-57.736 Z-0.600 F400.000
G1 X-16.281 Y-57.755 Z-0.600 F400.000
G1 X-16.307 Y-57.769 Z-0.600 F400.000
G1 X-16.336 Y-57.778 Z-0.600 F400.000
G1 X-16.445 Y-57.789 Z-0.600 F400.000
G1 X-17.850 Y-57.789 Z-0.600 F400.000
G1 X-18.057 Y-57.803 Z-0.600 F400.000
G1 X-18.316 Y-57.837 Z-0.600 F400.000
G1 X-18.716 Y-57.944 Z-0.600 F400.000
G1 X-18.958 Y-58.044 Z-0.600 F400.000
G1 X-19.316 Y-58.251 Z-0.600 F400.000
G1 X-19.524 Y-58.410 Z-0.600 F400.000
G1 X-19.817 Y-58.703 Z-0.600 F400.000
G1 X-19.975 Y-58.910 Z-0.600 F400.000
G1 X-20.183 Y-59.269 Z-0.600 F400.000
G1 X-20.283 Y-59.510 Z-0.600 F400.000
G1 X-20.390 Y-59.910 Z-0.600 F400.000
G1 X-20.424 Y-60.169 Z-0.600 F400.000
G1 X-20.437 Y-60.376 Z-0.600 F400.000
G1 X-20.437 Y-83.244 Z-0.600 F400.000
G1 X-20.425 Y-83.521 Z-0.600 F400.000
G1 X-20.375 Y-83.881 Z-0.600 F400.000
G1 X-20.286 Y-84.234 Z-0.600 F400.000
G1 X-20.159 Y-84.575 Z-0.600 F400.000
G1 X-16.238 Y-92.990 Z-0.600 F400.000
G1 X-16.215 Y-93.046 Z-0.600 F400.000
G1 X-16.210 Y-93.063 Z-0.600 F400.000
G1 X-16.207 Y-93.081 Z-0.600 F400.000
G1 X-16.204 Y-93.141 Z-0.600 F400.000
G1 X-16.204 Y-96.032 Z-0.600 F400.000
G1 X-16.215 Y-96.141 Z-0.600 F400.000
G1 X-16.224 Y-96.170 Z-0.600 F400.000
G1 X-16.238 Y-96.196 Z-0.600 F400.000
G1 X-16.257 Y-96.220 Z-0.600 F400.000
G1 X-16.281 Y-96.239 Z-0.600 F400.000
G1 X-16.307 Y-96.253 Z-0.600 F400.000
G1 X-16.336 Y-96.262 Z-0.600 F400.000
G1 X-16.445 Y-96.273 Z-0.600 F400.000
G1 X-17.850 Y-96.273 Z-0.600 F400.000
G1 X-18.057 Y-96.287 Z-0.600 F400.000
G1 X-18.316 Y-96.321 Z-0.600 F400.000
G1 X-18.716 Y-96.428 Z-0.600 F400.000
G1 X-18.958 Y-96.528 Z-0.600 F400.000
G1 X-19.316 Y-96.735 Z-0.600 F400.000
G1 X-19.524 Y-96.894 Z-0.600 F400.000
G1 X-19.817 Y-97.187 Z-0.600 F400.000
G1 X-19.975 Y-97.394 Z-0.600 F400.000
G1 X-20.183 Y-97.753 Z-0.600 F400.000
G1 X-20.283 Y-97.994 Z-0.600 F400.000
G1 X-20.390 Y-98.394 Z-0.600 F400.000
G1 X-20.424 Y-98.653 Z-0.600 F400.000
G1 X-20.437 Y-98.860 Z-0.600 F400.000
G1 X-20.437 Y-121.728 Z-0.600 F400.000
G1 X-20.425 Y-122.005 Z-0.600 F400.000
G1 X-20.375 Y-122.365 Z-0.600 F400.000
G1 X-20.286 Y-122.718 Z-0.600 F400.000
G1 X-20.159 Y-123.059 Z-0.600 F400.000
G1 X-16.238 Y-131.474 Z-0.600 F400.000
G1 X-16.215 Y-131.531 Z-0.600 F400.000
G1 X-16.210 Y-131.547 Z-0.600 F400.000
G1 X-16.207 Y-131.565 Z-0.600 F400.000
G1 X-16.204 Y-131.625 Z-0.600 F400.000
G1 X-16.204 Y-134.516 Z-0.600 F400.000
G1 X-16.215 Y-134.625 Z-0.600 F400.000
G1 X-16.224 Y-134.654 Z-0.600 F400.000
G1 X-16.238 Y-134.680 Z-0.600 F400.000
G1 X-16.257 Y-134.704 Z-0.600 F400.000
G1 X-16.281 Y-134.723 Z-0.600 F400.000
G1 X-16.307 Y-134.738 Z-0.600 F400.000
G1 X-16.336 Y-134.746 Z-0.600 F400.000
G1 X-16.445 Y-134.757 Z-0.600 F400.000
G1 X-17.850 Y-134.757 Z-0.600 F400.000
G1 X-18.057 Y-134.771 Z-0.600 F400.000
G1 X-18.316 Y-134.805 Z-0.600 F400.000
G1 X-18.716 Y-134.912 Z-0.600 F400.000
G1 X-18.958 Y-135.012 Z-0.600 F400.000
G1 X-19.316 Y-135.219 Z-0.600 F400.000
G1 X-19.524 Y-135.378 Z-0.600 F400.000
G1 X-19.817 Y-135.671 Z-0.600 F400.000
G1 X-19.975 Y-135.878 Z-0.600 F400.000
G1 X-20.183 Y-136.237 Z-0.600 F400.000
G1 X-20.283 Y-136.478 Z-0.600 F400.000
G1 X-20.390 Y-136.878 Z-0.600 F400.000
G1 X-20.424 Y-137.137 Z-0.600 F400.000
G1 X-20.437 Y-137.344 Z-0.600 F400.000
G1 X-20.437 Y-160.212 Z-0.600 F400.000
G1 X-20.425 Y-160.489 Z-0.600 F400.000
G1 X-20.375 Y-160.849 Z-0.600 F400.000
G1 X-20.286 Y-161.202 Z-0.600 F400.000
G1 X-20.159 Y-161.543 Z-0.600 F400.000
G1 X-16.238 Y-169.958 Z-0.600 F400.000
G1 X-16.215 Y-170.015 Z-0.600 F400.000
G1 X-16.210 Y-170.031 Z-0.600 F400.000
G1 X-16.207 Y-170.049 Z-0.600 F400.000
G1 X-16.204 Y-170.109 Z-0.600 F400.000
G1 X-16.204 Y-173.000 Z-0.600 F400.000
G1 X-16.215 Y-173.109 Z-0.600 F400.000
G1 X-16.224 Y-173.138 Z-0.600 F400.000
G1 X-16.238 Y-173.164 Z-0.600 F400.000
G1 X-16.257 Y-173.188 Z-0.600 F400.000
G1 X-16.281 Y-173.207 Z-0.600 F400.000
G1 X-16.307 Y-173.222 Z-0.600 F400.000
G1 X-16.336 Y-173.230 Z-0.600 F400.000
G1 X-16.445 Y-173.241 Z-0.600 F400.000
G1 X-17.850 Y-173.241 Z-0.600 F400.000
G1 X-18.057 Y-173.255 Z-0.600 F400.000
G1 X-18.316 Y-173.289 Z-0.600 F400.000
G1 X-18.716 Y-173.396 Z-0.600 F400.000
G1 X-18.958 Y-173.496 Z-0.600 F400.000
G1 X-19.316 Y-173.703 Z-0.600 F400.000
G1 X-19.524 Y-173.862 Z-0.600 F400.000
G1 X-19.817 Y-174.155 Z-0.600 F400.000
G1 X-19.975 Y-174.362 Z-0.600 F400.000
G1 X-20.183 Y-174.721 Z-0.600 F400.000
G1 X-20.283 Y-174.962 Z-0.600 F400.000
G1 X-20.390 Y-175.362 Z-0.600 F400.000
G1 X-20.424 Y-175.621 Z-0.600 F400.000
G1 X-20.437 Y-175.828 Z-0.600 F400.000
G1 X-20.437 Y-198.696 Z-0.600 F400.000
G1 X-20.425 Y-198.973 Z-0.600 F400.000
G1 X-20.375 Y-199.333 Z-0.600 F400.000
G1 X-20.286 Y-199.686 Z-0.600 F400.000
G1 X-20.159 Y-200.027 Z-0.600 F400.000
G1 X-16.238 Y-208.442 Z-0.600 F400.000
G1 X-16.215 Y-208.499 Z-0.600 F400.000
G1 X-16.210 Y-208.515 Z-0.600 F400.000
G1 X-16.207 Y-208.533 Z-0.600 F400.000
G1 X-16.204 Y-208.593 Z-0.600 F400.000
G1 X-16.204 Y-211.485 Z-0.600 F400.000
G1 X-16.215 Y-211.593 Z-0.600 F400.000
G1 X-16.224 Y-211.622 Z-0.600 F400.000
G1 X-16.238 Y-211.649 Z-0.600 F400.000
G1 X-16.257 Y-211.672 Z-0.600 F400.000
G1 X-16.281 Y-211.691 Z-0.600 F400.000
G1 X-16.307 Y-211.706 Z-0.600 F400.000
G1 X-16.336 Y-211.714 Z-0.600 F400.000
G1 X-16.445 Y-211.725 Z-0.600 F400.000
G1 X-17.850 Y-211.725 Z-0.600 F400.000
G1 X-18.057 Y-211.739 Z-0.600 F400.000
G1 X-18.316 Y-211.773 Z-0.600 F400.000
G1 X-18.716 Y-211.880 Z-0.600 F400.000
G1 X-18.958 Y-211.980 Z-0.600 F400.000
G1 X-19.316 Y-212.187 Z-0.600 F400.000
G1 X-19.524 Y-212.346 Z-0.600 F400.000
G1 X-19.817 Y-212.639 Z-0.600 F400.000
G1 X-19.975 Y-212.846 Z-0.600 F400.000
G1 X-20.183 Y-213.205 Z-0.600 F400.000
G1 X-20.283 Y-213.446 Z-0.600 F400.000
G1 X-20.390 Y-213.846 Z-0.600 F400.000
G1 X-20.424 Y-214.105 Z-0.600 F400.000
G1 X-20.437 Y-214.313 Z-0.600 F400.000
G1 X-20.437 Y-228.500 Z-0.600 F400.000
G0 Z5.000
G0 X-20.437 Y-3.500
G0 Z3.000
G1 X-20.437 Y-3.500 Z-0.800 F250.000
G1 X-20.437 Y-27.417 Z-0.800 F400.000
G1 X-20.396 Y-27.914 Z-0.800 F400.000
G1 X-20.336 Y-28.219 Z-0.800 F400.000
G1 X-20.236 Y-28.548 Z-0.800 F400.000
G1 X-20.117 Y-28.835 Z-0.800 F400.000
G1 X-19.955 Y-29.138 Z-0.800 F400.000
G1 X-19.782 Y-29.396 Z-0.800 F400.000
G1 X-19.565 Y-29.662 Z-0.800 F400.000
G1 X-19.345 Y-29.882 Z-0.800 F400.000
G1 X-19.079 Y-30.099 Z-0.800 F400.000
G1 X-18.821 Y-30.272 Z-0.800 F400.000
G1 X-18.518 Y-30.434 Z-0.800 F400.000
G1 X-18.231 Y-30.553 Z-0.800 F400.000
G1 X-17.902 Y-30.653 Z-0.800 F400.000
G1 X-17.597 Y-30.713 Z-0.800 F400.000
G1 X-17.256 Y-30.747 Z-0.800 F400.000
G1 X-14.330 Y-30.754 Z-0.800 F400.000
G1 X-14.220 Y-30.765 Z-0.800 F400.000
G1 X-14.191 Y-30.774 Z-0.800 F400.000
G1 X-14.164 Y-30.788 Z-0.800 F400.000
G1 X-14.141 Y-30.808 Z-0.800 F400.000
G1 X-14.121 Y-30.831 Z-0.800 F400.000
G1 X-14.107 Y-30.858 Z-0.800 F400.000
G1 X-14.098 Y-30.887 Z-0.800 F400.000
G1 X-14.087 Y-30.995 Z-0.800 F400.000
G1 X-14.088 Y-32.702 Z-0.800 F400.000
G1 X-14.098 Y-32.810 Z-0.800 F400.000
G1 X-14.107 Y-32.839 Z-0.800 F400.000
G1 X-14.121 Y-32.866 Z-0.800 F400.000
G1 X-14.141 Y-32.889 Z-0.800 F400.000
G1 X-14.164 Y-32.908 Z-0.800 F400.000
G1 X-14.191 Y-32.923 Z-0.800 F400.000
G1 X-14.220 Y-32.931 Z-0.800 F400.000
G1 X-14.328 Y-32.942 Z-0.800 F400.000
G1 X-17.100 Y-32.942 Z-0.800 F400.000
G1 X-17.597 Y-32.983 Z-0.800 F400.000
G1 X-17.902 Y-33.044 Z-0.800 F400.000
G1 X-18.231 Y-33.144 Z-0.800 F400.000
G1 X-18.518 Y-33.263 Z-0.800 F400.000
G1 X-18.821 Y-33.424 Z-0.800 F400.000
G1 X-19.079 Y-33.597 Z-0.800 F400.000
G1 X-19.345 Y-33.815 Z-0.800 F400.000
G1 X-19.565 Y-34.035 Z-0.800 F400.000
G1 X-19.782 Y-34.300 Z-0.800 F400.000
G1 X-19.955 Y-34.559 Z-0.800 F400.000
G1 X-20.117 Y-34.862 Z-0.800 F400.000
G1 X-20.236 Y-35.149 Z-0.800 F400.000
G1 X-20.336 Y-35.477 Z-0.800 F400.000
G1 X-20.396 Y-35.783 Z-0.800 F400.000
G1 X-20.430 Y-36.124 Z-0.800 F400.000
G1 X-20.437 Y-44.760 Z-0.800 F400.000
G1 X-20.425 Y-45.037 Z-0.800 F400.000
G1 X-20.375 Y-45.397 Z-0.800 F400.000
G1 X-20.286 Y-45.750 Z-0.800 F400.000
G1 X-20.159 Y-46.091 Z-0.800 F400.000
G1 X-16.238 Y-54.506 Z-0.800 F400.000
G1 X-16.215 Y-54.562 Z-0.800 F400.000
G1 X-16.210 Y-54.579 Z-0.800 F400.000
G1 X-16.207 Y-54.597 Z-0.800 F400.000
G1 X-16.204 Y-54.657 Z-0.800 F400.000
G1 X-16.204 Y-57.548 Z-0.800 F400.000
G1 X-16.215 Y-57.657 Z-0.800 F400.000
G1 X-16.224 Y-57.686 Z-0.800 F400.000
G1 X-16.238 Y-57.712 Z-0.800 F400.000
G1 X-16.257 Y-57.736 Z-0.800 F400.000
G1 X-16.281 Y-57.755 Z-0.800 F400.000
G1 X-16.307 Y-57.769 Z-0.800 F400.000
G1 X-16.336 Y-57.778 Z-0.800 F400.000
G1 X-16.445 Y-57.789 Z-0.800 F400.000
G1 X-17.850 Y-57.789 Z-0.800 F400.000
G1 X-18.057 Y-57.803 Z-0.800 F400.000
G1 X-18.316 Y-57.837 Z-0.800 F400.000
G1 X-18.716 Y-57.944 Z-0.800 F400.000
G1 X-18.958 Y-58.044 Z-0.800 F400.000
G1 X-19.316 Y-58.251 Z-0.800 F400.000
G1 X-19.524 Y-58.410 Z-0.800 F400.000
G1 X-19.817 Y-58.703 Z-0.800 F400.000
G1 X-19.975 Y-58.910 Z-0.800 F400.000
G1 X-20.183 Y-59.269 Z-0.800 F400.000
G1 X-20.283 Y-59.510 Z-0.800 F400.000
G1 X-20.390 Y-59.910 Z-0.800 F400.000
G1 X-20.424 Y-60.169 Z-0.800 F400.000
G1 X-20.437 Y-60.376 Z-0.800 F400.000
G1 X-20.437 Y-83.244 Z-0.800 F400.000
G1 X-20.425 Y-83.521 Z-0.800 F400.000
G1 X-20.375 Y-83.881 Z-0.800 F400.000
G1 X-20.286 Y-84.234 Z-0.800 F400.000
G1 X-20.159 Y-84.575 Z-0.800 F400.000
G1 X-16.238 Y-92.990 Z-0.800 F400.000
G1 X-16.215 Y-93.046 Z-0.800 F400.000
G1 X-16.210 Y-93.063 Z-0.800 F400.000
G1 X-16.207 Y-93.081 Z-0.800 F400.000
G1 X-16.204 Y-93.141 Z-0.800 F400.000
G1 X-16.204 Y-96.032 Z-0.800 F400.000
G1 X-16.215 Y-96.141 Z-0.800 F400.000
G1 X-16.224 Y-96.170 Z-0.800 F400.000
G1 X-16.238 Y-96.196 Z-0.800 F400.000
G1 X-16.257 Y-96.220 Z-0.800 F400.000
G1 X-16.281 Y-96.239 Z-0.800 F400.000
G1 X-16.307 Y-96.253 Z-0.800 F400.000
G1 X-16.336 Y-96.262 Z-0.800 F400.000
G1 X-16.445 Y-96.273 Z-0.800 F400.000
G1 X-17.850 Y-96.273 Z-0.800 F400.000
G1 X-18.057 Y-96.287 Z-0.800 F400.000
G1 X-18.316 Y-96.321 Z-0.800 F400.000
G1 X-18.716 Y-96.428 Z-0.800 F400.000
G1 X-18.958 Y-96.528 Z-0.800 F400.000
G1 X-19.316 Y-96.735 Z-0.800 F400.000
G1 X-19.524 Y-96.894 Z-0.800 F400.000
G1 X-19.817 Y-97.187 Z-0.800 F400.000
G1 X-19.975 Y-97.394 Z-0.800 F400.000
G1 X-20.183 Y-97.753 Z-0.800 F400.000
G1 X-20.283 Y-97.994 Z-0.800 F400.000
G1 X-20.390 Y-98.394 Z-0.800 F400.000
G1 X-20.424 Y-98.653 Z-0.800 F400.000
G1 X-20.437 Y-98.860 Z-0.800 F400.000
G1 X-20.437 Y-121.728 Z-0.800 F400.000
G1 X-20.425 Y-122.005 Z-0.800 F400.000
G1 X-20.375 Y-122.365 Z-0.800 F400.000
G1 X-20.286 Y-122.718 Z-0.800 F400.000
G1 X-20.159 Y-123.059 Z-0.800 F400.000
G1 X-16.238 Y-131.474 Z-0.800 F400.000
G1 X-16.215 Y-131.531 Z-0.800 F400.000
G1 X-16.210 Y-131.547 Z-0.800 F400.000
G1 X-16.207 Y-131.565 Z-0.800 F400.000
G1 X-16.204 Y-131.625 Z-0.800 F400.000
G1 X-16.204 Y-134.516 Z-0.800 F400.000
G1 X-16.215 Y-134.625 Z-0.800 F400.000
G1 X-16.224 Y-134.654 Z-0.800 F400.000
G1 X-16.238 Y-134.680 Z-0.800 F400.000
G1 X-16.257 Y-134.704 Z-0.800 F400.000
G1 X-16.281 Y-134.723 Z-0.800 F400.000
G1 X-16.307 Y-134.738 Z-0.800 F400.000
G1 X-16.336 Y-134.746 Z-0.800 F400.000
G1 X-16.445 Y-134.757 Z-0.800 F400.000
G1 X-17.850 Y-134.757 Z-0.800 F400.000
G1 X-18.057 Y-134.771 Z-0.800 F400.000
G1 X-18.316 Y-134.805 Z-0.800 F400.000
G1 X-18.716 Y-134.912 Z-0.800 F400.000
G1 X-18.958 Y-135.012 Z-0.800 F400.000
G1 X-19.316 Y-135.219 Z-0.800 F400.000
G1 X-19.524 Y-135.378 Z-0.800 F400.000
G1 X-19.817 Y-135.671 Z-0.800 F400.000
G1 X-19.975 Y-135.878 Z-0.800 F400.000
G1 X-20.183 Y-136.237 Z-0.800 F400.000
G1 X-20.283 Y-136.478 Z-0.800 F400.000
G1 X-20.390 Y-136.878 Z-0.800 F400.000
G1 X-20.424 Y-137.137 Z-0.800 F400.000
G1 X-20.437 Y-137.344 Z-0.800 F400.000
G1 X-20.437 Y-160.212 Z-0.800 F400.000
G1 X-20.425 Y-160.489 Z-0.800 F400.000
G1 X-20.375 Y-160.849 Z-0.800 F400.000
G1 X-20.286 Y-161.202 Z-0.800 F400.000
G1 X-20.159 Y-161.543 Z-0.800 F400.000
G1 X-16.238 Y-169.958 Z-0.800 F400.000
G1 X-16.215 Y-170.015 Z-0.800 F400.000
G1 X-16.210 Y-170.031 Z-0.800 F400.000
G1 X-16.207 Y-170.049 Z-0.800 F400.000
G1 X-16.204 Y-170.109 Z-0.800 F400.000
G1 X-16.204 Y-173.000 Z-0.800 F400.000
G1 X-16.215 Y-173.109 Z-0.800 F400.000
G1 X-16.224 Y-173.138 Z-0.800 F400.000
G1 X-16.238 Y-173.164 Z-0.800 F400.000
G1 X-16.257 Y-173.188 Z-0.800 F400.000
G1 X-16.281 Y-173.207 Z-0.800 F400.000
G1 X-16.307 Y-173.222 Z-0.800 F400.000
G1 X-16.336 Y-173.230 Z-0.800 F400.000
G1 X-16.445 Y-173.241 Z-0.800 F400.000
G1 X-17.850 Y-173.241 Z-0.800 F400.000
G1 X-18.057 Y-173.255 Z-0.800 F400.000
G1 X-18.316 Y-173.289 Z-0.800 F400.000
G1 X-18.716 Y-173.396 Z-0.800 F400.000
G1 X-18.958 Y-173.496 Z-0.800 F400.000
G1 X-19.316 Y-173.703 Z-0.800 F400.000
G1 X-19.524 Y-173.862 Z-0.800 F400.000
G1 X-19.817 Y-174.155 Z-0.800 F400.000
G1 X-19.975 Y-174.362 Z-0.800 F400.000
G1 X-20.183 Y-174.721 Z-0.800 F400.000
G1 X-20.283 Y-174.962 Z-0.800 F400.000
G1 X-20.390 Y-175.362 Z-0.800 F400.000
G1 X-20.424 Y-175.621 Z-0.800 F400.000
G1 X-20.437 Y-175.828 Z-0.800 F400.000
G1 X-20.437 Y-198.696 Z-0.800 F400.000
G1 X-20.425 Y-198.973 Z-0.800 F400.000
G1 X-20.375 Y-199.333 Z-0.800 F400.000
G1 X-20.286 Y-199.686 Z-0.800 F400.000
G1 X-20.159 Y-200.027 Z-0.800 F400.000
G1 X-16.238 Y-208.442 Z-0.800 F400.000
G1 X-16.215 Y-208.499 Z-0.800 F400.000
G1 X-16.210 Y-208.515 Z-0.800 F400.000
G1 X-16.207 Y-208.533 Z-0.800 F400.000
G1 X-16.204 Y-208.593 Z-0.800 F400.000
G1 X-16.204 Y-211.485 Z-0.800 F400.000
G1 X-16.215 Y-211.593 Z-0.800 F400.000
G1 X-16.224 Y-211.622 Z-0.800 F400.000
G1 X-16.238 Y-211.649 Z-0.800 F400.000
G1 X-16.257 Y-211.672 Z-0.800 F400.000
G1 X-16.281 Y-211.691 Z-0.800 F400.000
G1 X-16.307 Y-211.706 Z-0.800 F400.000
G1 X-16.336 Y-211.714 Z-0.800 F400.000
G1 X-16.445 Y-211.725 Z-0.800 F400.000
G1 X-17.850 Y-211.725 Z-0.800 F400.000
G1 X-18.057 Y-211.739 Z-0.800 F400.000
G1 X-18.316 Y-211.773 Z-0.800 F400.000
G1 X-18.716 Y-211.880 Z-0.800 F400.000
G1 X-18.958 Y-211.980 Z-0.800 F400.000
G1 X-19.316 Y-212.187 Z-0.800 F400.000
G1 X-19.524 Y-212.346 Z-0.800 F400.000
G1 X-19.817 Y-212.639 Z-0.800 F400.000
G1 X-19.975 Y-212.846 Z-0.800 F400.000
G1 X-20.183 Y-213.205 Z-0.800 F400.000
G1 X-20.283 Y-213.446 Z-0.800 F400.000
G1 X-20.390 Y-213.846 Z-0.800 F400.000
G1 X-20.424 Y-214.105 Z-0.800 F400.000
G1 X-20.437 Y-214.313 Z-0.800 F400.000
G1 X-20.437 Y-228.500 Z-0.800 F400.000
G0 Z5.000
G0 X-20.437 Y-3.500
G0 Z3.000
G1 X-20.437 Y-3.500 Z-1.000 F250.000
G1 X-20.437 Y-27.417 Z-1.000 F400.000
G1 X-20.396 Y-27.914 Z-1.000 F400.000
G1 X-20.336 Y-28.219 Z-1.000 F400.000
G1 X-20.236 Y-28.548 Z-1.000 F400.000
G1 X-20.117 Y-28.835 Z-1.000 F400.000
G1 X-19.955 Y-29.138 Z-1.000 F400.000
G1 X-19.782 Y-29.396 Z-1.000 F400.000
G1 X-19.565 Y-29.662 Z-1.000 F400.000
G1 X-19.345 Y-29.882 Z-1.000 F400.000
G1 X-19.079 Y-30.099 Z-1.000 F400.000
G1 X-18.821 Y-30.272 Z-1.000 F400.000
G1 X-18.518 Y-30.434 Z-1.000 F400.000
G1 X-18.231 Y-30.553 Z-1.000 F400.000
G1 X-17.902 Y-30.653 Z-1.000 F400.000
G1 X-17.597 Y-30.713 Z-1.000 F400.000
G1 X-17.256 Y-30.747 Z-1.000 F400.000
G1 X-14.330 Y-30.754 Z-1.000 F400.000
G1 X-14.220 Y-30.765 Z-1.000 F400.000
G1 X-14.191 Y-30.774 Z-1.000 F400.000
G1 X-14.164 Y-30.788 Z-1.000 F400.000
G1 X-14.141 Y-30.808 Z-1.000 F400.000
G1 X-14.121 Y-30.831 Z-1.000 F400.000
G1 X-14.107 Y-30.858 Z-1.000 F400.000
G1 X-14.098 Y-30.887 Z-1.000 F400.000
G1 X-14.087 Y-30.995 Z-1.000 F400.000
G1 X-14.088 Y-32.702 Z-1.000 F400.000
G1 X-14.098 Y-32.810 Z-1.000 F400.000
G1 X-14.107 Y-32.839 Z-1.000 F400.000
G1 X-14.121 Y-32.866 Z-1.000 F400.000
G1 X-14.141 Y-32.889 Z-1.000 F400.000
G1 X-14.164 Y-32.908 Z-1.000 F400.000
G1 X-14.191 Y-32.923 Z-1.000 F400.000
G1 X-14.220 Y-32.931 Z-1.000 F400.000
G1 X-14.328 Y-32.942 Z-1.000 F400.000
G1 X-17.100 Y-32.942 Z-1.000 F400.000
G1 X-17.597 Y-32.983 Z-1.000 F400.000
G1 X-17.902 Y-33.044 Z-1.000 F400.000
G1 X-18.231 Y-33.144 Z-1.000 F400.000
G1 X-18.518 Y-33.263 Z-1.000 F400.000
G1 X-18.821 Y-33.424 Z-1.000 F400.000
G1 X-19.079 Y-33.597 Z-1.000 F400.000
G1 X-19.345 Y-33.815 Z-1.000 F400.000
G1 X-19.565 Y-34.035 Z-1.000 F400.000
G1 X-19.782 Y-34.300 Z-1.000 F400.000
G1 X-19.955 Y-34.559 Z-1.000 F400.000
G1 X-20.117 Y-34.862 Z-1.000 F400.000
G1 X-20.236 Y-35.149 Z-1.000 F400.000
G1 X-20.336 Y-35.477 Z-1.000 F400.000
G1 X-20.396 Y-35.783 Z-1.000 F400.000
G1 X-20.430 Y-36.124 Z-1.000 F400.000
G1 X-20.437 Y-44.760 Z-1.000 F400.000
G1 X-20.425 Y-45.037 Z-1.000 F400.000
G1 X-20.375 Y-45.397 Z-1.000 F400.000
G1 X-20.286 Y-45.750 Z-1.000 F400.000
G1 X-20.159 Y-46.091 Z-1.000 F400.000
G1 X-16.238 Y-54.506 Z-1.000 F400.000
G1 X-16.215 Y-54.562 Z-1.000 F400.000
G1 X-16.210 Y-54.579 Z-1.000 F400.000
G1 X-16.207 Y-54.597 Z-1.000 F400.000
G1 X-16.204 Y-54.657 Z-1.000 F400.000
G1 X-16.204 Y-57.548 Z-1.000 F400.000
G1 X-16.215 Y-57.657 Z-1.000 F400.000
G1 X-16.224 Y-57.686 Z-1.000 F400.000
G1 X-16.238 Y-57.712 Z-1.000 F400.000
G1 X-16.257 Y-57.736 Z-1.000 F400.000
G1 X-16.281 Y-57.755 Z-1.000 F400.000
G1 X-16.307 Y-57.769 Z-1.000 F400.000
G1 X-16.336 Y-57.778 Z-1.000 F400.000
G1 X-16.445 Y-57.789 Z-1.000 F400.000
G1 X-17.850 Y-57.789 Z-1.000 F400.000
G1 X-18.057 Y-57.803 Z-1.000 F400.000
G1 X-18.316 Y-57.837 Z-1.000 F400.000
G1 X-18.716 Y-57.944 Z-1.000 F400.000
G1 X-18.958 Y-58.044 Z-1.000 F400.000
G1 X-19.316 Y-58.251 Z-1.000 F400.000
G1 X-19.524 Y-58.410 Z-1.000 F400.000
G1 X-19.817 Y-58.703 Z-1.000 F400.000
G1 X-19.975 Y-58.910 Z-1.000 F400.000
G1 X-20.183 Y-59.269 Z-1.000 F400.000
G1 X-20.283 Y-59.510 Z-1.000 F400.000
G1 X-20.390 Y-59.910 Z-1.000 F400.000
G1 X-20.424 Y-60.169 Z-1.000 F400.000
G1 X-20.437 Y-60.376 Z-1.000 F400.000
G1 X-20.437 Y-83.244 Z-1.000 F400.000
G1 X-20.425 Y-83.521 Z-1.000 F400.000
G1 X-20.375 Y-83.881 Z-1.000 F400.000
G1 X-20.286 Y-84.234 Z-1.000 F400.000
G1 X-20.159 Y-84.575 Z-1.000 F400.000
G1 X-16.238 Y-92.990 Z-1.000 F400.000
G1 X-16.215 Y-93.046 Z-1.000 F400.000
G1 X-16.210 Y-93.063 Z-1.000 F400.000
G1 X-16.207 Y-93.081 Z-1.000 F400.000
G1 X-16.204 Y-93.141 Z-1.000 F400.000
G1 X-16.204 Y-96.032 Z-1.000 F400.000
G1 X-16.215 Y-96.141 Z-1.000 F400.000
G1 X-16.224 Y-96.170 Z-1.000 F400.000
G1 X-16.238 Y-96.196 Z-1.000 F400.000
G1 X-16.257 Y-96.220 Z-1.000 F400.000
G1 X-16.281 Y-96.239 Z-1.000 F400.000
G1 X-16.307 Y-96.253 Z-1.000 F400.000
G1 X-16.336 Y-96.262 Z-1.000 F400.000
G1 X-16.445 Y-96.273 Z-1.000 F400.000
G1 X-17.850 Y-96.273 Z-1.000 F400.000
G1 X-18.057 Y-96.287 Z-1.000 F400.000
G1 X-18.316 Y-96.321 Z-1.000 F400.000
G1 X-18.716 Y-96.428 Z-1.000 F400.000
G1 X-18.958 Y-96.528 Z-1.000 F400.000
G1 X-19.316 Y-96.735 Z-1.000 F400.000
G1 X-19.524 Y-96.894 Z-1.000 F400.000
G1 X-19.817 Y-97.187 Z-1.000 F400.000
G1 X-19.975 Y-97.394 Z-1.000 F400.000
G1 X-20.183 Y-97.753 Z-1.000 F400.000
G1 X-20.283 Y-97.994 Z-1.000 F400.000
G1 X-20.390 Y-98.394 Z-1.000 F400.000
G1 X-20.424 Y-98.653 Z-1.000 F400.000
G1 X-20.437 Y-98.860 Z-1.000 F400.000
G1 X-20.437 Y-121.728 Z-1.000 F400.000
G1 X-20.425 Y-122.005 Z-1.000 F400.000
G1 X-20.375 Y-122.365 Z-1.000 F400.000
G1 X-20.286 Y-122.718 Z-1.000 F400.000
G1 X-20.159 Y-123.059 Z-1.000 F400.000
G1 X-16.238 Y-131.474 Z-1.000 F400.000
G1 X-16.215 Y-131.531 Z-1.000 F400.000
G1 X-16.210 Y-131.547 Z-1.000 F400.000
G1 X-16.207 Y-131.565 Z-1.000 F400.000
G1 X-16.204 Y-131.625 Z-1.000 F400.000
G1 X-16.204 Y-134.516 Z-1.000 F400.000
G1 X-16.215 Y-134.625 Z-1.000 F400.000
G1 X-16.224 Y-134.654 Z-1.000 F400.000
G1 X-16.238 Y-134.680 Z-1.000 F400.000
G1 X-16.257 Y-134.704 Z-1.000 F400.000
G1 X-16.281 Y-134.723 Z-1.000 F400.000
G1 X-16.307 Y-134.738 Z-1.000 F400.000
G1 X-16.336 Y-134.746 Z-1.000 F400.000
G1 X-16.445 Y-134.757 Z-1.000 F400.000
G1 X-17.850 Y-134.757 Z-1.000 F400.000
G1 X-18.057 Y-134.771 Z-1.000 F400.000
G1 X-18.316 Y-134.805 Z-1.000 F400.000
G1 X-18.716 Y-134.912 Z-1.000 F400.000
G1 X-18.958 Y-135.012 Z-1.000 F400.000
G1 X-19.316 Y-135.219 Z-1.000 F400.000
G1 X-19.524 Y-135.378 Z-1.000 F400.000
G1 X-19.817 Y-135.671 Z-1.000 F400.000
G1 X-19.975 Y-135.878 Z-1.000 F400.000
G1 X-20.183 Y-136.237 Z-1.000 F400.000
G1 X-20.283 Y-136.478 Z-1.000 F400.000
G1 X-20.390 Y-136.878 Z-1.000 F400.000
G1 X-20.424 Y-137.137 Z-1.000 F400.000
G1 X-20.437 Y-137.344 Z-1.000 F400.000
G1 X-20.437 Y-160.212 Z-1.000 F400.000
G1 X-20.425 Y-160.489 Z-1.000 F400.000
G1 X-20.375 Y-160.849 Z-1.000 F400.000
G1 X-20.286 Y-161.202 Z-1.000 F400.000
G1 X-20.159 Y-161.543 Z-1.000 F400.000
G1 X-16.238 Y-169.958 Z-1.000 F400.000
G1 X-16.215 Y-170.015 Z-1.000 F400.000
G1 X-16.210 Y-170.031 Z-1.000 F400.000
G1 X-16.207 Y-170.049 Z-1.000 F400.000
G1 X-16.204 Y-170.109 Z-1.000 F400.000
G1 X-16.204 Y-173.000 Z-1.000 F400.000
G1 X-16.215 Y-173.109 Z-1.000 F400.000
G1 X-16.224 Y-173.138 Z-1.000 F400.000
G1 X-16.238 Y-173.164 Z-1.000 F400.000
G1 X-16.257 Y-173.188 Z-1.000 F400.000
G1 X-16.281 Y-173.207 Z-1.000 F400.000
G1 X-16.307 Y-173.222 Z-1.000 F400.000
G1 X-16.336 Y-173.230 Z-1.000 F400.000
G1 X-16.445 Y-173.241 Z-1.000 F400.000
G1 X-17.850 Y-173.241 Z-1.000 F400.000
G1 X-18.057 Y-173.255 Z-1.000 F400.000
G1 X-18.316 Y-173.289 Z-1.000 F400.000
G1 X-18.716 Y-173.396 Z-1.000 F400.000
G1 X-18.958 Y-173.496 Z-1.000 F400.000
G1 X-19.316 Y-173.703 Z-1.000 F400.000
G1 X-19.524 Y-173.862 Z-1.000 F400.000
G1 X-19.817 Y-174.155 Z-1.000 F400.000
G1 X-19.975 Y-174.362 Z-1.000 F400.000
G1 X-20.183 Y-174.721 Z-1.000 F400.000
G1 X-20.283 Y-174.962 Z-1.000 F400.000
G1 X-20.390 Y-175.362 Z-1.000 F400.000
G1 X-20.424 Y-175.621 Z-1.000 F400.000
G1 X-20.437 Y-175.828 Z-1.000 F400.000
G1 X-20.437 Y-198.696 Z-1.000 F400.000
G1 X-20.425 Y-198.973 Z-1.000 F400.000
G1 X-20.375 Y-199.333 Z-1.000 F400.000
G1 X-20.286 Y-199.686 Z-1.000 F400.000
G1 X-20.159 Y-200.027 Z-1.000 F400.000
G1 X-16.238 Y-208.442 Z-1.000 F400.000
G1 X-16.215 Y-208.499 Z-1.000 F400.000
G1 X-16.210 Y-208.515 Z-1.000 F400.000
G1 X-16.207 Y-208.533 Z-1.000 F400.000
G1 X-16.204 Y-208.593 Z-1.000 F400.000
G1 X-16.204 Y-211.485 Z-1.000 F400.000
G1 X-16.215 Y-211.593 Z-1.000 F400.000
G1 X-16.224 Y-211.622 Z-1.000 F400.000
G1 X-16.238 Y-211.649 Z-1.000 F400.000
G1 X-16.257 Y-211.672 Z-1.000 F400.000
G1 X-16.281 Y-211.691 Z-1.000 F400.000
G1 X-16.307 Y-211.706 Z-1.000 F400.000
G1 X-16.336 Y-211.714 Z-1.000 F400.000
G1 X-16.445 Y-211.725 Z-1.000 F400.000
G1 X-17.850 Y-211.725 Z-1.000 F400.000
G1 X-18.057 Y-211.739 Z-1.000 F400.000
G1 X-18.316 Y-211.773 Z-1.000 F400.000
G1 X-18.716 Y-211.880 Z-1.000 F400.000
G1 X-18.958 Y-211.980 Z-1.000 F400.000
G1 X-19.316 Y-212.187 Z-1.000 F400.000
G1 X-19.524 Y-212.346 Z-1.000 F400.000
G1 X-19.817 Y-212.639 Z-1.000 F400.000
G1 X-19.975 Y-212.846 Z-1.000 F400.000
G1 X-20.183 Y-213.205 Z-1.000 F400.000
G1 X-20.283 Y-213.446 Z-1.000 F400.000
G1 X-20.390 Y-213.846 Z-1.000 F400.000
G1 X-20.424 Y-214.105 Z-1.000 F400.000
G1 X-20.437 Y-214.313 Z-1.000 F400.000
G1 X-20.437 Y-228.500 Z-1.000 F400.000
G0 Z5.000
G0 X-20.437 Y-3.500
G0 Z3.000
G1 X-20.437 Y-3.500 Z-1.200 F250.000
G1 X-20.437 Y-27.417 Z-1.200 F400.000
G1 X-20.396 Y-27.914 Z-1.200 F400.000
G1 X-20.336 Y-28.219 Z-1.200 F400.000
G1 X-20.236 Y-28.548 Z-1.200 F400.000
G1 X-20.117 Y-28.835 Z-1.200 F400.000
G1 X-19.955 Y-29.138 Z-1.200 F400.000
G1 X-19.782 Y-29.396 Z-1.200 F400.000
G1 X-19.565 Y-29.662 Z-1.200 F400.000
G1 X-19.345 Y-29.882 Z-1.200 F400.000
G1 X-19.079 Y-30.099 Z-1.200 F400.000
G1 X-18.821 Y-30.272 Z-1.200 F400.000
G1 X-18.518 Y-30.434 Z-1.200 F400.000
G1 X-18.231 Y-30.553 Z-1.200 F400.000
G1 X-17.902 Y-30.653 Z-1.200 F400.000
G1 X-17.597 Y-30.713 Z-1.200 F400.000
G1 X-17.256 Y-30.747 Z-1.200 F400.000
G1 X-14.330 Y-30.754 Z-1.200 F400.000
G1 X-14.220 Y-30.765 Z-1.200 F400.000
G1 X-14.191 Y-30.774 Z-1.200 F400.000
G1 X-14.164 Y-30.788 Z-1.200 F400.000
G1 X-14.141 Y-30.808 Z-1.200 F400.000
G1 X-14.121 Y-30.831 Z-1.200 F400.000
G1 X-14.107 Y-30.858 Z-1.200 F400.000
G1 X-14.098 Y-30.887 Z-1.200 F400.000
G1 X-14.087 Y-30.995 Z-1.200 F400.000
G1 X-14.088 Y-32.702 Z-1.200 F400.000
G1 X-14.098 Y-32.810 Z-1.200 F400.000
G1 X-14.107 Y-32.839 Z-1.200 F400.000
G1 X-14.121 Y-32.866 Z-1.200 F400.000
G1 X-14.141 Y-32.889 Z-1.200 F400.000
G1 X-14.164 Y-32.908 Z-1.200 F400.000
G1 X-14.191 Y-32.923 Z-1.200 F400.000
G1 X-14.220 Y-32.931 Z-1.200 F400.000
G1 X-14.328 Y-32.942 Z-1.200 F400.000
G1 X-17.100 Y-32.942 Z-1.200 F400.000
G1 X-17.597 Y-32.983 Z-1.200 F400.000
G1 X-17.902 Y-33.044 Z-1.200 F400.000
G1 X-18.231 Y-33.144 Z-1.200 F400.000
G1 X-18.518 Y-33.263 Z-1.200 F400.000
G1 X-18.821 Y-33.424 Z-1.200 F400.000
G1 X-19.079 Y-33.597 Z-1.200 F400.000
G1 X-19.345 Y-33.815 Z-1.200 F400.000
G1 X-19.565 Y-34.035 Z-1.200 F400.000
G1 X-19.782 Y-34.300 Z-1.200 F400.000
G1 X-19.955 Y-34.559 Z-1.200 F400.000
G1 X-20.117 Y-34.862 Z-1.200 F400.000
G1 X-20.236 Y-35.149 Z-1.200 F400.000
G1 X-20.336 Y-35.477 Z-1.200 F400.000
G1 X-20.396 Y-35.783 Z-1.200 F400.000
G1 X-20.430 Y-36.124 Z-1.200 F400.000
G1 X-20.437 Y-44.760 Z-1.200 F400.000
G1 X-20.425 Y-45.037 Z-1.200 F400.000
G1 X-20.375 Y-45.397 Z-1.200 F400.000
G1 X-20.286 Y-45.750 Z-1.200 F400.000
G1 X-20.159 Y-46.091 Z-1.200 F400.000
G1 X-16.238 Y-54.506 Z-1.200 F400.000
G1 X-16.215 Y-54.562 Z-1.200 F400.000
G1 X-16.210 Y-54.579 Z-1.200 F400.000
G1 X-16.207 Y-54.597 Z-1.200 F400.000
G1 X-16.204 Y-54.657 Z-1.200 F400.000
G1 X-16.204 Y-57.548 Z-1.200 F400.000
G1 X-16.215 Y-57.657 Z-1.200 F400.000
G1 X-16.224 Y-57.686 Z-1.200 F400.000
G1 X-16.238 Y-57.712 Z-1.200 F400.000
G1 X-16.257 Y-57.736 Z-1.200 F400.000
G1 X-16.281 Y-57.755 Z-1.200 F400.000
G1 X-16.307 Y-57.769 Z-1.200 F400.000
G1 X-16.336 Y-57.778 Z-1.200 F400.000
G1 X-16.445 Y-57.789 Z-1.200 F400.000
G1 X-17.850 Y-57.789 Z-1.200 F400.000
G1 X-18.057 Y-57.803 Z-1.200 F400.000
G1 X-18.316 Y-57.837 Z-1.200 F400.000
G1 X-18.716 Y-57.944 Z-1.200 F400.000
G1 X-18.958 Y-58.044 Z-1.200 F400.000
G1 X-19.316 Y-58.251 Z-1.200 F400.000
G1 X-19.524 Y-58.410 Z-1.200 F400.000
G1 X-19.817 Y-58.703 Z-1.200 F400.000
G1 X-19.975 Y-58.910 Z-1.200 F400.000
G1 X-20.183 Y-59.269 Z-1.200 F400.000
G1 X-20.283 Y-59.510 Z-1.200 F400.000
G1 X-20.390 Y-59.910 Z-1.200 F400.000
G1 X-20.424 Y-60.169 Z-1.200 F400.000
G1 X-20.437 Y-60.376 Z-1.200 F400.000
G1 X-20.437 Y-83.244 Z-1.200 F400.000
G1 X-20.425 Y-83.521 Z-1.200 F400.000
G1 X-20.375 Y-83.881 Z-1.200 F400.000
G1 X-20.286 Y-84.234 Z-1.200 F400.000
G1 X-20.159 Y-84.575 Z-1.200 F400.000
G1 X-16.238 Y-92.990 Z-1.200 F400.000
G1 X-16.215 Y-93.046 Z-1.200 F400.000
G1 X-16.210 Y-93.063 Z-1.200 F400.000
G1 X-16.207 Y-93.081 Z-1.200 F400.000
G1 X-16.204 Y-93.141 Z-1.200 F400.000
G1 X-16.204 Y-96.032 Z-1.200 F400.000
G1 X-16.215 Y-96.141 Z-1.200 F400.000
G1 X-16.224 Y-96.170 Z-1.200 F400.000
G1 X-16.238 Y-96.196 Z-1.200 F400.000
G1 X-16.257 Y-96.220 Z-1.200 F400.000
G1 X-16.281 Y-96.239 Z-1.200 F400.000
G1 X-16.307 Y-96.253 Z-1.200 F400.000
G1 X-16.336 Y-96.262 Z-1.200 F400.000
G1 X-16.445 Y-96.273 Z-1.200 F400.000
G1 X-17.850 Y-96.273 Z-1.200 F400.000
G1 X-18.057 Y-96.287 Z-1.200 F400.000
G1 X-18.316 Y-96.321 Z-1.200 F400.000
G1 X-18.716 Y-96.428 Z-1.200 F400.000
G1 X-18.958 Y-96.528 Z-1.200 F400.000
G1 X-19.316 Y-96.735 Z-1.200 F400.000
G1 X-19.524 Y-96.894 Z-1.200 F400.000
G1 X-19.817 Y-97.187 Z-1.200 F400.000
G1 X-19.975 Y-97.394 Z-1.200 F400.000
G1 X-20.183 Y-97.753 Z-1.200 F400.000
G1 X-20.283 Y-97.994 Z-1.200 F400.000
G1 X-20.390 Y-98.394 Z-1.200 F400.000
G1 X-20.424 Y-98.653 Z-1.200 F400.000
G1 X-20.437 Y-98.860 Z-1.200 F400.000
G1 X-20.437 Y-121.728 Z-1.200 F400.000
G1 X-20.425 Y-122.005 Z-1.200 F400.000
G1 X-20.375 Y-122.365 Z-1.200 F400.000
G1 X-20.286 Y-122.718 Z-1.200 F400.000
G1 X-20.159 Y-123.059 Z-1.200 F400.000
G1 X-16.238 Y-131.474 Z-1.200 F400.000
G1 X-16.215 Y-131.531 Z-1.200 F400.000
G1 X-16.210 Y-131.547 Z-1.200 F400.000
G1 X-16.207 Y-131.565 Z-1.200 F400.000
G1 X-16.204 Y-131.625 Z-1.200 F400.000
G1 X-16.204 Y-134.516 Z-1.200 F400.000
G1 X-16.215 Y-134.625 Z-1.200 F400.000
G1 X-16.224 Y-134.654 Z-1.200 F400.000
G1 X-16.238 Y-134.680 Z-1.200 F400.000
G1 X-16.257 Y-134.704 Z-1.200 F400.000
G1 X-16.281 Y-134.723 Z-1.200 F400.000
G1 X-16.307 Y-134.738 Z-1.200 F400.000
G1 X-16.336 Y-134.746 Z-1.200 F400.000
G1 X-16.445 Y-134.757 Z-1.200 F400.000
G1 X-17.850 Y-134.757 Z-1.200 F400.000
G1 X-18.057 Y-134.771 Z-1.200 F400.000
G1 X-18.316 Y-134.805 Z-1.200 F400.000
G1 X-18.716 Y-134.912 Z-1.200 F400.000
G1 X-18.958 Y-135.012 Z-1.200 F400.000
G1 X-19.316 Y-135.219 Z-1.200 F400.000
G1 X-19.524 Y-135.378 Z-1.200 F400.000
G1 X-19.817 Y-135.671 Z-1.200 F400.000
G1 X-19.975 Y-135.878 Z-1.200 F400.000
G1 X-20.183 Y-136.237 Z-1.200 F400.000
G1 X-20.283 Y-136.478 Z-1.200 F400.000
G1 X-20.390 Y-136.878 Z-1.200 F400.000
G1 X-20.424 Y-137.137 Z-1.200 F400.000
G1 X-20.437 Y-137.344 Z-1.200 F400.000
G1 X-20.437 Y-160.212 Z-1.200 F400.000
G1 X-20.425 Y-160.489 Z-1.200 F400.000
G1 X-20.375 Y-160.849 Z-1.200 F400.000
G1 X-20.286 Y-161.202 Z-1.200 F400.000
G1 X-20.159 Y-161.543 Z-1.200 F400.000
G1 X-16.238 Y-169.958 Z-1.200 F400.000
G1 X-16.215 Y-170.015 Z-1.200 F400.000
G1 X-16.210 Y-170.031 Z-1.200 F400.000
G1 X-16.207 Y-170.049 Z-1.200 F400.000
G1 X-16.204 Y-170.109 Z-1.200 F400.000
G1 X-16.204 Y-173.000 Z-1.200 F400.000
G1 X-16.215 Y-173.109 Z-1.200 F400.000
G1 X-16.224 Y-173.138 Z-1.200 F400.000
G1 X-16.238 Y-173.164 Z-1.200 F400.000
G1 X-16.257 Y-173.188 Z-1.200 F400.000
G1 X-16.281 Y-173.207 Z-1.200 F400.000
G1 X-16.307 Y-173.222 Z-1.200 F400.000
G1 X-16.336 Y-173.230 Z-1.200 F400.000
G1 X-16.445 Y-173.241 Z-1.200 F400.000
G1 X-17.850 Y-173.241 Z-1.200 F400.000
G1 X-18.057 Y-173.255 Z-1.200 F400.000
G1 X-18.316 Y-173.289 Z-1.200 F400.000
G1 X-18.716 Y-173.396 Z-1.200 F400.000
G1 X-18.958 Y-173.496 Z-1.200 F400.000
G1 X-19.316 Y-173.703 Z-1.200 F400.000
G1 X-19.524 Y-173.862 Z-1.200 F400.000
G1 X-19.817 Y-174.155 Z-1.200 F400.000
G1 X-19.975 Y-174.362 Z-1.200 F400.000
G1 X-20.183 Y-174.721 Z-1.200 F400.000
G1 X-20.283 Y-174.962 Z-1.200 F400.000
G1 X-20.390 Y-175.362 Z-1.200 F400.000
G1 X-20.424 Y-175.621 Z-1.200 F400.000
G1 X-20.437 Y-175.828 Z-1.200 F400.000
G1 X-20.437 Y-198.696 Z-1.200 F400.000
G1 X-20.425 Y-198.973 Z-1.200 F400.000
G1 X-20.375 Y-199.333 Z-1.200 F400.000
G1 X-20.286 Y-199.686 Z-1.200 F400.000
G1 X-20.159 Y-200.027 Z-1.200 F400.000
G1 X-16.238 Y-208.442 Z-1.200 F400.000
G1 X-16.215 Y-208.499 Z-1.200 F400.000
G1 X-16.210 Y-208.515 Z-1.200 F400.000
G1 X-16.207 Y-208.533 Z-1.200 F400.000
G1 X-16.204 Y-208.593 Z-1.200 F400.000
G1 X-16.204 Y-211.485 Z-1.200 F400.000
G1 X-16.215 Y-211.593 Z-1.200 F400.000
G1 X-16.224 Y-211.622 Z-1.200 F400.000
G1 X-16.238 Y-211.649 Z-1.200 F400.000
G1 X-16.257 Y-211.672 Z-1.200 F400.000
G1 X-16.281 Y-211.691 Z-1.200 F400.000
G1 X-16.307 Y-211.706 Z-1.200 F400.000
G1 X-16.336 Y-211.714 Z-1.200 F400.000
G1 X-16.445 Y-211.725 Z-1.200 F400.000
G1 X-17.850 Y-211.725 Z-1.200 F400.000
G1 X-18.057 Y-211.739 Z-1.200 F400.000
G1 X-18.316 Y-211.773 Z-1.200 F400.000
G1 X-18.716 Y-211.880 Z-1.200 F400.000
G1 X-18.958 Y-211.980 Z-1.200 F400.000
G1 X-19.316 Y-212.187 Z-1.200 F400.000
G1 X-19.524 Y-212.346 Z-1.200 F400.000
G1 X-19.817 Y-212.639 Z-1.200 F400.000
G1 X-19.975 Y-212.846 Z-1.200 F400.000
G1 X-20.183 Y-213.205 Z-1.200 F400.000
G1 X-20.283 Y-213.446 Z-1.200 F400.000
G1 X-20.390 Y-213.846 Z-1.200 F400.000
G1 X-20.424 Y-214.105 Z-1.200 F400.000
G1 X-20.437 Y-214.313 Z-1.200 F400.000
G1 X-20.437 Y-228.500 Z-1.200 F400.000
G0 Z5.000
G0 X-20.437 Y-3.500
G0 Z3.000
G1 X-20.437 Y-3.500 Z-1.400 F250.000
G1 X-20.437 Y-27.417 Z-1.400 F400.000
G1 X-20.396 Y-27.914 Z-1.400 F400.000
G1 X-20.336 Y-28.219 Z-1.400 F400.000
G1 X-20.236 Y-28.548 Z-1.400 F400.000
G1 X-20.117 Y-28.835 Z-1.400 F400.000
G1 X-19.955 Y-29.138 Z-1.400 F400.000
G1 X-19.782 Y-29.396 Z-1.400 F400.000
G1 X-19.565 Y-29.662 Z-1.400 F400.000
G1 X-19.345 Y-29.882 Z-1.400 F400.000
G1 X-19.079 Y-30.099 Z-1.400 F400.000
G1 X-18.821 Y-30.272 Z-1.400 F400.000
G1 X-18.518 Y-30.434 Z-1.400 F400.000
G1 X-18.231 Y-30.553 Z-1.400 F400.000
G1 X-17.902 Y-30.653 Z-1.400 F400.000
G1 X-17.597 Y-30.713 Z-1.400 F400.000
G1 X-17.256 Y-30.747 Z-1.400 F400.000
G1 X-14.330 Y-30.754 Z-1.400 F400.000
G1 X-14.220 Y-30.765 Z-1.400 F400.000
G1 X-14.191 Y-30.774 Z-1.400 F400.000
G1 X-14.164 Y-30.788 Z-1.400 F400.000
G1 X-14.141 Y-30.808 Z-1.400 F400.000
G1 X-14.121 Y-30.831 Z-1.400 F400.000
G1 X-14.107 Y-30.858 Z-1.400 F400.000
G1 X-14.098 Y-30.887 Z-1.400 F400.000
G1 X-14.087 Y-30.995 Z-1.400 F400.000
G1 X-14.088 Y-32.702 Z-1.400 F400.000
G1 X-14.098 Y-32.810 Z-1.400 F400.000
G1 X-14.107 Y-32.839 Z-1.400 F400.000
G1 X-14.121 Y-32.866 Z-1.400 F400.000
G1 X-14.141 Y-32.889 Z-1.400 F400.000
G1 X-14.164 Y-32.908 Z-1.400 F400.000
G1 X-14.191 Y-32.923 Z-1.400 F400.000
G1 X-14.220 Y-32.931 Z-1.400 F400.000
G1 X-14.328 Y-32.942 Z-1.400 F400.000
G1 X-17.100 Y-32.942 Z-1.400 F400.000
G1 X-17.597 Y-32.983 Z-1.400 F400.000
G1 X-17.902 Y-33.044 Z-1.400 F400.000
G1 X-18.231 Y-33.144 Z-1.400 F400.000
G1 X-18.518 Y-33.263 Z-1.400 F400.000
G1 X-18.821 Y-33.424 Z-1.400 F400.000
G1 X-19.079 Y-33.597 Z-1.400 F400.000
G1 X-19.345 Y-33.815 Z-1.400 F400.000
G1 X-19.565 Y-34.035 Z-1.400 F400.000
G1 X-19.782 Y-34.300 Z-1.400 F400.000
G1 X-19.955 Y-34.559 Z-1.400 F400.000
G1 X-20.117 Y-34.862 Z-1.400 F400.000
G1 X-20.236 Y-35.149 Z-1.400 F400.000
G1 X-20.336 Y-35.477 Z-1.400 F400.000
G1 X-20.396 Y-35.783 Z-1.400 F400.000
G1 X-20.430 Y-36.124 Z-1.400 F400.000
G1 X-20.437 Y-44.760 Z-1.400 F400.000
G1 X-20.425 Y-45.037 Z-1.400 F400.000
G1 X-20.375 Y-45.397 Z-1.400 F400.000
G1 X-20.286 Y-45.750 Z-1.400 F400.000
G1 X-20.159 Y-46.091 Z-1.400 F400.000
G1 X-16.238 Y-54.506 Z-1.400 F400.000
G1 X-16.215 Y-54.562 Z-1.400 F400.000
G1 X-16.210 Y-54.579 Z-1.400 F400.000
G1 X-16.207 Y-54.597 Z-1.400 F400.000
G1 X-16.204 Y-54.657 Z-1.400 F400.000
G1 X-16.204 Y-57.548 Z-1.400 F400.000
G1 X-16.215 Y-57.657 Z-1.400 F400.000
G1 X-16.224 Y-57.686 Z-1.400 F400.000
G1 X-16.238 Y-57.712 Z-1.400 F400.000
G1 X-16.257 Y-57.736 Z-1.400 F400.000
G1 X-16.281 Y-57.755 Z-1.400 F400.000
G1 X-16.307 Y-57.769 Z-1.400 F400.000
G1 X-16.336 Y-57.778 Z-1.400 F400.000
G1 X-16.445 Y-57.789 Z-1.400 F400.000
G1 X-17.850 Y-57.789 Z-1.400 F400.000
G1 X-18.057 Y-57.803 Z-1.400 F400.000
G1 X-18.316 Y-57.837 Z-1.400 F400.000
G1 X-18.716 Y-57.944 Z-1.400 F400.000
G1 X-18.958 Y-58.044 Z-1.400 F400.000
G1 X-19.316 Y-58.251 Z-1.400 F400.000
G1 X-19.524 Y-58.410 Z-1.400 F400.000
G1 X-19.817 Y-58.703 Z-1.400 F400.000
G1 X-19.975 Y-58.910 Z-1.400 F400.000
G1 X-20.183 Y-59.269 Z-1.400 F400.000
G1 X-20.283 Y-59.510 Z-1.400 F400.000
G1 X-20.390 Y-59.910 Z-1.400 F400.000
G1 X-20.424 Y-60.169 Z-1.400 F400.000
G1 X-20.437 Y-60.376 Z-1.400 F400.000
G1 X-20.437 Y-83.244 Z-1.400 F400.000
G1 X-20.425 Y-83.521 Z-1.400 F400.000
G1 X-20.375 Y-83.881 Z-1.400 F400.000
G1 X-20.286 Y-84.234 Z-1.400 F400.000
G1 X-20.159 Y-84.575 Z-1.400 F400.000
G1 X-16.238 Y-92.990 Z-1.400 F400.000
G1 X-16.215 Y-93.046 Z-1.400 F400.000
G1 X-16.210 Y-93.063 Z-1.400 F400.000
G1 X-16.207 Y-93.081 Z-1.400 F400.000
G1 X-16.204 Y-93.141 Z-1.400 F400.000
G1 X-16.204 Y-96.032 Z-1.400 F400.000
G1 X-16.215 Y-96.141 Z-1.400 F400.000
G1 X-16.224 Y-96.170 Z-1.400 F400.000
G1 X-16.238 Y-96.196 Z-1.400 F400.000
G1 X-16.257 Y-96.220 Z-1.400 F400.000
G1 X-16.281 Y-96.239 Z-1.400 F400.000
G1 X-16.307 Y-96.253 Z-1.400 F400.000
G1 X-16.336 Y-96.262 Z-1.400 F400.000
G1 X-16.445 Y-96.273 Z-1.400 F400.000
G1 X-17.850 Y-96.273 Z-1.400 F400.000
G1 X-18.057 Y-96.287 Z-1.400 F400.000
G1 X-18.316 Y-96.321 Z-1.400 F400.000
G1 X-18.716 Y-96.428 Z-1.400 F400.000
G1 X-18.958 Y-96.528 Z-1.400 F400.000
G1 X-19.316 Y-96.735 Z-1.400 F400.000
G1 X-19.524 Y-96.894 Z-1.400 F400.000
G1 X-19.817 Y-97.187 Z-1.400 F400.000
G1 X-19.975 Y-97.394 Z-1.400 F400.000
G1 X-20.183 Y-97.753 Z-1.400 F400.000
G1 X-20.283 Y-97.994 Z-1.400 F400.000
G1 X-20.390 Y-98.394 Z-1.400 F400.000
G1 X-20.424 Y-98.653 Z-1.400 F400.000
G1 X-20.437 Y-98.860 Z-1.400 F400.000
G1 X-20.437 Y-121.728 Z-1.400 F400.000
G1 X-20.425 Y-122.005 Z-1.400 F400.000
G1 X-20.375 Y-122.365 Z-1.400 F400.000
G1 X-20.286 Y-122.718 Z-1.400 F400.000
G1 X-20.159 Y-123.059 Z-1.400 F400.000
G1 X-16.238 Y-131.474 Z-1.400 F400.000
G1 X-16.215 Y-131.531 Z-1.400 F400.000
G1 X-16.210 Y-131.547 Z-1.400 F400.000
G1 X-16.207 Y-131.565 Z-1.400 F400.000
G1 X-16.204 Y-131.625 Z-1.400 F400.000
G1 X-16.204 Y-134.516 Z-1.400 F400.000
G1 X-16.215 Y-134.625 Z-1.400 F400.000
G1 X-16.224 Y-134.654 Z-1.400 F400.000
G1 X-16.238 Y-134.680 Z-1.400 F400.000
G1 X-16.257 Y-134.704 Z-1.400 F400.000
G1 X-16.281 Y-134.723 Z-1.400 F400.000
G1 X-16.307 Y-134.738 Z-1.400 F400.000
G1 X-16.336 Y-134.746 Z-1.400 F400.000
G1 X-16.445 Y-134.757 Z-1.400 F400.000
G1 X-17.850 Y-134.757 Z-1.400 F400.000
G1 X-18.057 Y-134.771 Z-1.400 F400.000
G1 X-18.316 Y-134.805 Z-1.400 F400.000
G1 X-18.716 Y-134.912 Z-1.400 F400.000
G1 X-18.958 Y-135.012 Z-1.400 F400.000
G1 X-19.316 Y-135.219 Z-1.400 F400.000
G1 X-19.524 Y-135.378 Z-1.400 F400.000
G1 X-19.817 Y-135.671 Z-1.400 F400.000
G1 X-19.975 Y-135.878 Z-1.400 F400.000
G1 X-20.183 Y-136.237 Z-1.400 F400.000
G1 X-20.283 Y-136.478 Z-1.400 F400.000
G1 X-20.390 Y-136.878 Z-1.400 F400.000
G1 X-20.424 Y-137.137 Z-1.400 F400.000
G1 X-20.437 Y-137.344 Z-1.400 F400.000
G1 X-20.437 Y-160.212 Z-1.400 F400.000
G1 X-20.425 Y-160.489 Z-1.400 F400.000
G1 X-20.375 Y-160.849 Z-1.400 F400.000
G1 X-20.286 Y-161.202 Z-1.400 F400.000
G1 X-20.159 Y-161.543 Z-1.400 F400.000
G1 X-16.238 Y-169.958 Z-1.400 F400.000
G1 X-16.215 Y-170.015 Z-1.400 F400.000
G1 X-16.210 Y-170.031 Z-1.400 F400.000
G1 X-16.207 Y-170.049 Z-1.400 F400.000
G1 X-16.204 Y-170.109 Z-1.400 F400.000
G1 X-16.204 Y-173.000 Z-1.400 F400.000
G1 X-16.215 Y-173.109 Z-1.400 F400.000
G1 X-16.224 Y-173.138 Z-1.400 F400.000
G1 X-16.238 Y-173.164 Z-1.400 F400.000
G1 X-16.257 Y-173.188 Z-1.400 F400.000
G1 X-16.281 Y-173.207 Z-1.400 F400.000
G1 X-16.307 Y-173.222 Z-1.400 F400.000
G1 X-16.336 Y-173.230 Z-1.400 F400.000
G1 X-16.445 Y-173.241 Z-1.400 F400.000
G1 X-17.850 Y-173.241 Z-1.400 F400.000
G1 X-18.057 Y-173.255 Z-1.400 F400.000
G1 X-18.316 Y-173.289 Z-1.400 F400.000
G1 X-18.716 Y-173.396 Z-1.400 F400.000
G1 X-18.958 Y-173.496 Z-1.400 F400.000
G1 X-19.316 Y-173.703 Z-1.400 F400.000
G1 X-19.524 Y-173.862 Z-1.400 F400.000
G1 X-19.817 Y-174.155 Z-1.400 F400.000
G1 X-19.975 Y-174.362 Z-1.400 F400.000
G1 X-20.183 Y-174.721 Z-1.400 F400.000
G1 X-20.283 Y-174.962 Z-1.400 F400.000
G1 X-20.390 Y-175.362 Z-1.400 F400.000
G1 X-20.424 Y-175.621 Z-1.400 F400.000
G1 X-20.437 Y-175.828 Z-1.400 F400.000
G1 X-20.437 Y-198.696 Z-1.400 F400.000
G1 X-20.425 Y-198.973 Z-1.400 F400.000
G1 X-20.375 Y-199.333 Z-1.400 F400.000
G1 X-20.286 Y-199.686 Z-1.400 F400.000
G1 X-20.159 Y-200.027 Z-1.400 F400.000
G1 X-16.238 Y-208.442 Z-1.400 F400.000
G1 X-16.215 Y-208.499 Z-1.400 F400.000
G1 X-16.210 Y-208.515 Z-1.400 F400.000
G1 X-16.207 Y-208.533 Z-1.400 F400.000
G1 X-16.204 Y-208.593 Z-1.400 F400.000
G1 X-16.204 Y-211.485 Z-1.400 F400.000
G1 X-16.215 Y-211.593 Z-1.400 F400.000
G1 X-16.224 Y-211.622 Z-1.400 F400.000
G1 X-16.238 Y-211.649 Z-1.400 F400.000
G1 X-16.257 Y-211.672 Z-1.400 F400.000
G1 X-16.281 Y-211.691 Z-1.400 F400.000
G1 X-16.307 Y-211.706 Z-1.400 F400.000
G1 X-16.336 Y-211.714 Z-1.400 F400.000
G1 X-16.445 Y-211.725 Z-1.400 F400.000
G1 X-17.850 Y-211.725 Z-1.400 F400.000
G1 X-18.057 Y-211.739 Z-1.400 F400.000
G1 X-18.316 Y-211.773 Z-1.400 F400.000
G1 X-18.716 Y-211.880 Z-1.400 F400.000
G1 X-18.958 Y-211.980 Z-1.400 F400.000
G1 X-19.316 Y-212.187 Z-1.400 F400.000
G1 X-19.524 Y-212.346 Z-1.400 F400.000
G1 X-19.817 Y-212.639 Z-1.400 F400.000
G1 X-19.975 Y-212.846 Z-1.400 F400.000
G1 X-20.183 Y-213.205 Z-1.400 F400.000
G1 X-20.283 Y-213.446 Z-1.400 F400.000
G1 X-20.390 Y-213.846 Z-1.400 F400.000
G1 X-20.424 Y-214.105 Z-1.400 F400.000
G1 X-20.437 Y-214.313 Z-1.400 F400.000
G1 X-20.437 Y-228.500 Z-1.400 F400.000
G0 Z5.000
G0 X-20.437 Y-3.500
G0 Z3.000
G1 X-20.437 Y-3.500 Z-1.600 F250.000
G1 X-20.437 Y-27.417 Z-1.600 F400.000
G1 X-20.396 Y-27.914 Z-1.600 F400.000
G1 X-20.336 Y-28.219 Z-1.600 F400.000
G1 X-20.236 Y-28.548 Z-1.600 F400.000
G1 X-20.117 Y-28.835 Z-1.600 F400.000
G1 X-19.955 Y-29.138 Z-1.600 F400.000
G1 X-19.782 Y-29.396 Z-1.600 F400.000
G1 X-19.565 Y-29.662 Z-1.600 F400.000
G1 X-19.345 Y-29.882 Z-1.600 F400.000
G1 X-19.079 Y-30.099 Z-1.600 F400.000
G1 X-18.821 Y-30.272 Z-1.600 F400.000
G1 X-18.518 Y-30.434 Z-1.600 F400.000
G1 X-18.231 Y-30.553 Z-1.600 F400.000
G1 X-17.902 Y-30.653 Z-1.600 F400.000
G1 X-17.597 Y-30.713 Z-1.600 F400.000
G1 X-17.256 Y-30.747 Z-1.600 F400.000
G1 X-14.330 Y-30.754 Z-1.600 F400.000
G1 X-14.220 Y-30.765 Z-1.600 F400.000
G1 X-14.191 Y-30.774 Z-1.600 F400.000
G1 X-14.164 Y-30.788 Z-1.600 F400.000
G1 X-14.141 Y-30.808 Z-1.600 F400.000
G1 X-14.121 Y-30.831 Z-1.600 F400.000
G1 X-14.107 Y-30.858 Z-1.600 F400.000
G1 X-14.098 Y-30.887 Z-1.600 F400.000
G1 X-14.087 Y-30.995 Z-1.600 F400.000
G1 X-14.088 Y-32.702 Z-1.600 F400.000
G1 X-14.098 Y-32.810 Z-1.600 F400.000
G1 X-14.107 Y-32.839 Z-1.600 F400.000
G1 X-14.121 Y-32.866 Z-1.600 F400.000
G1 X-14.141 Y-32.889 Z-1.600 F400.000
G1 X-14.164 Y-32.908 Z-1.600 F400.000
G1 X-14.191 Y-32.923 Z-1.600 F400.000
G1 X-14.220 Y-32.931 Z-1.600 F400.000
G1 X-14.328 Y-32.942 Z-1.600 F400.000
G1 X-17.100 Y-32.942 Z-1.600 F400.000
G1 X-17.597 Y-32.983 Z-1.600 F400.000
G1 X-17.902 Y-33.044 Z-1.600 F400.000
G1 X-18.231 Y-33.144 Z-1.600 F400.000
G1 X-18.518 Y-33.263 Z-1.600 F400.000
G1 X-18.821 Y-33.424 Z-1.600 F400.000
G1 X-19.079 Y-33.597 Z-1.600 F400.000
G1 X-19.345 Y-33.815 Z-1.600 F400.000
G1 X-19.565 Y-34.035 Z-1.600 F400.000
G1 X-19.782 Y-34.300 Z-1.600 F400.000
G1 X-19.955 Y-34.559 Z-1.600 F400.000
G1 X-20.117 Y-34.862 Z-1.600 F400.000
G1 X-20.236 Y-35.149 Z-1.600 F400.000
G1 X-20.336 Y-35.477 Z-1.600 F400.000
G1 X-20.396 Y-35.783 Z-1.600 F400.000
G1 X-20.430 Y-36.124 Z-1.600 F400.000
G1 X-20.437 Y-44.760 Z-1.600 F400.000
G1 X-20.425 Y-45.037 Z-1.600 F400.000
G1 X-20.375 Y-45.397 Z-1.600 F400.000
G1 X-20.286 Y-45.750 Z-1.600 F400.000
G1 X-20.159 Y-46.091 Z-1.600 F400.000
G1 X-16.238 Y-54.506 Z-1.600 F400.000
G1 X-16.215 Y-54.562 Z-1.600 F400.000
G1 X-16.210 Y-54.579 Z-1.600 F400.000
G1 X-16.207 Y-54.597 Z-1.600 F400.000
G1 X-16.204 Y-54.657 Z-1.600 F400.000
G1 X-16.204 Y-57.548 Z-1.600 F400.000
G1 X-16.215 Y-57.657 Z-1.600 F400.000
G1 X-16.224 Y-57.686 Z-1.600 F400.000
G1 X-16.238 Y-57.712 Z-1.600 F400.000
G1 X-16.257 Y-57.736 Z-1.600 F400.000
G1 X-16.281 Y-57.755 Z-1.600 F400.000
G1 X-16.307 Y-57.769 Z-1.600 F400.000
G1 X-16.336 Y-57.778 Z-1.600 F400.000
G1 X-16.445 Y-57.789 Z-1.600 F400.000
G1 X-17.850 Y-57.789 Z-1.600 F400.000
G1 X-18.057 Y-57.803 Z-1.600 F400.000
G1 X-18.316 Y-57.837 Z-1.600 F400.000
G1 X-18.716 Y-57.944 Z-1.600 F400.000
G1 X-18.958 Y-58.044 Z-1.600 F400.000
G1 X-19.316 Y-58.251 Z-1.600 F400.000
G1 X-19.524 Y-58.410 Z-1.600 F400.000
G1 X-19.817 Y-58.703 Z-1.600 F400.000
G1 X-19.975 Y-58.910 Z-1.600 F400.000
G1 X-20.183 Y-59.269 Z-1.600 F400.000
G1 X-20.283 Y-59.510 Z-1.600 F400.000
G1 X-20.390 Y-59.910 Z-1.600 F400.000
G1 X-20.424 Y-60.169 Z-1.600 F400.000
G1 X-20.437 Y-60.376 Z-1.600 F400.000
G1 X-20.437 Y-83.244 Z-1.600 F400.000
G1 X-20.425 Y-83.521 Z-1.600 F400.000
G1 X-20.375 Y-83.881 Z-1.600 F400.000
G1 X-20.286 Y-84.234 Z-1.600 F400.000
G1 X-20.159 Y-84.575 Z-1.600 F400.000
G1 X-16.238 Y-92.990 Z-1.600 F400.000
G1 X-16.215 Y-93.046 Z-1.600 F400.000
G1 X-16.210 Y-93.063 Z-1.600 F400.000
G1 X-16.207 Y-93.081 Z-1.600 F400.000
G1 X-16.204 Y-93.141 Z-1.600 F400.000
G1 X-16.204 Y-96.032 Z-1.600 F400.000
G1 X-16.215 Y-96.141 Z-1.600 F400.000
G1 X-16.224 Y-96.170 Z-1.600 F400.000
G1 X-16.238 Y-96.196 Z-1.600 F400.000
G1 X-16.257 Y-96.220 Z-1.600 F400.000
G1 X-16.281 Y-96.239 Z-1.600 F400.000
G1 X-16.307 Y-96.253 Z-1.600 F400.000
G1 X-16.336 Y-96.262 Z-1.600 F400.000
G1 X-16.445 Y-96.273 Z-1.600 F400.000
G1 X-17.850 Y-96.273 Z-1.600 F400.000
G1 X-18.057 Y-96.287 Z-1.600 F400.000
G1 X-18.316 Y-96.321 Z-1.600 F400.000
G1 X-18.716 Y-96.428 Z-1.600 F400.000
G1 X-18.958 Y-96.528 Z-1.600 F400.000
G1 X-19.316 Y-96.735 Z-1.600 F400.000
G1 X-19.524 Y-96.894 Z-1.600 F400.000
G1 X-19.817 Y-97.187 Z-1.600 F400.000
G1 X-19.975 Y-97.394 Z-1.600 F400.000
G1 X-20.183 Y-97.753 Z-1.600 F400.000
G1 X-20.283 Y-97.994 Z-1.600 F400.000
G1 X-20.390 Y-98.394 Z-1.600 F400.000
G1 X-20.424 Y-98.653 Z-1.600 F400.000
G1 X-20.437 Y-98.860 Z-1.600 F400.000
G1 X-20.437 Y-121.728 Z-1.600 F400.000
G1 X-20.425 Y-122.005 Z-1.600 F400.000
G1 X-20.375 Y-122.365 Z-1.600 F400.000
G1 X-20.286 Y-122.718 Z-1.600 F400.000
G1 X-20.159 Y-123.059 Z-1.600 F400.000
G1 X-16.238 Y-131.474 Z-1.600 F400.000
G1 X-16.215 Y-131.531 Z-1.600 F400.000
G1 X-16.210 Y-131.547 Z-1.600 F400.000
G1 X-16.207 Y-131.565 Z-1.600 F400.000
G1 X-16.204 Y-131.625 Z-1.600 F400.000
G1 X-16.204 Y-134.516 Z-1.600 F400.000
G1 X-16.215 Y-134.625 Z-1.600 F400.000
G1 X-16.224 Y-134.654 Z-1.600 F400.000
G1 X-16.238 Y-134.680 Z-1.600 F400.000
G1 X-16.257 Y-134.704 Z-1.600 F400.000
G1 X-16.281 Y-134.723 Z-1.600 F400.000
G1 X-16.307 Y-134.738 Z-1.600 F400.000
G1 X-16.336 Y-134.746 Z-1.600 F400.000
G1 X-16.445 Y-134.757 Z-1.600 F400.000
G1 X-17.850 Y-134.757 Z-1.600 F400.000
G1 X-18.057 Y-134.771 Z-1.600 F400.000
G1 X-18.316 Y-134.805 Z-1.600 F400.000
G1 X-18.716 Y-134.912 Z-1.600 F400.000
G1 X-18.958 Y-135.012 Z-1.600 F400.000
G1 X-19.316 Y-135.219 Z-1.600 F400.000
G1 X-19.524 Y-135.378 Z-1.600 F400.000
G1 X-19.817 Y-135.671 Z-1.600 F400.000
G1 X-19.975 Y-135.878 Z-1.600 F400.000
G1 X-20.183 Y-136.237 Z-1.600 F400.000
G1 X-20.283 Y-136.478 Z-1.600 F400.000
G1 X-20.390 Y-136.878 Z-1.600 F400.000
G1 X-20.424 Y-137.137 Z-1.600 F400.000
G1 X-20.437 Y-137.344 Z-1.600 F400.000
G1 X-20.437 Y-160.212 Z-1.600 F400.000
G1 X-20.425 Y-160.489 Z-1.600 F400.000
G1 X-20.375 Y-160.849 Z-1.600 F400.000
G1 X-20.286 Y-161.202 Z-1.600 F400.000
G1 X-20.159 Y-161.543 Z-1.600 F400.000
G1 X-16.238 Y-169.958 Z-1.600 F400.000
G1 X-16.215 Y-170.015 Z-1.600 F400.000
G1 X-16.210 Y-170.031 Z-1.600 F400.000
G1 X-16.207 Y-170.049 Z-1.600 F400.000
G1 X-16.204 Y-170.109 Z-1.600 F400.000
G1 X-16.204 Y-173.000 Z-1.600 F400.000
G1 X-16.215 Y-173.109 Z-1.600 F400.000
G1 X-16.224 Y-173.138 Z-1.600 F400.000
G1 X-16.238 Y-173.164 Z-1.600 F400.000
G1 X-16.257 Y-173.188 Z-1.600 F400.000
G1 X-16.281 Y-173.207 Z-1.600 F400.000
G1 X-16.307 Y-173.222 Z-1.600 F400.000
G1 X-16.336 Y-173.230 Z-1.600 F400.000
G1 X-16.445 Y-173.241 Z-1.600 F400.000
G1 X-17.850 Y-173.241 Z-1.600 F400.000
G1 X-18.057 Y-173.255 Z-1.600 F400.000
G1 X-18.316 Y-173.289 Z-1.600 F400.000
G1 X-18.716 Y-173.396 Z-1.600 F400.000
G1 X-18.958 Y-173.496 Z-1.600 F400.000
G1 X-19.316 Y-173.703 Z-1.600 F400.000
G1 X-19.524 Y-173.862 Z-1.600 F400.000
G1 X-19.817 Y-174.155 Z-1.600 F400.000
G1 X-19.975 Y-174.362 Z-1.600 F400.000
G1 X-20.183 Y-174.721 Z-1.600 F400.000
G1 X-20.283 Y-174.962 Z-1.600 F400.000
G1 X-20.390 Y-175.362 Z-1.600 F400.000
G1 X-20.424 Y-175.621 Z-1.600 F400.000
G1 X-20.437 Y-175.828 Z-1.600 F400.000
G1 X-20.437 Y-198.696 Z-1.600 F400.000
G1 X-20.425 Y-198.973 Z-1.600 F400.000
G1 X-20.375 Y-199.333 Z-1.600 F400.000
G1 X-20.286 Y-199.686 Z-1.600 F400.000
G1 X-20.159 Y-200.027 Z-1.600 F400.000
G1 X-16.238 Y-208.442 Z-1.600 F400.000
G1 X-16.215 Y-208.499 Z-1.600 F400.000
G1 X-16.210 Y-208.515 Z-1.600 F400.000
G1 X-16.207 Y-208.533 Z-1.600 F400.000
G1 X-16.204 Y-208.593 Z-1.600 F400.000
G1 X-16.204 Y-211.485 Z-1.600 F400.000
G1 X-16.215 Y-211.593 Z-1.600 F400.000
G1 X-16.224 Y-211.622 Z-1.600 F400.000
G1 X-16.238 Y-211.649 Z-1.600 F400.000
G1 X-16.257 Y-211.672 Z-1.600 F400.000
G1 X-16.281 Y-211.691 Z-1.600 F400.000
G1 X-16.307 Y-211.706 Z-1.600 F400.000
G1 X-16.336 Y-211.714 Z-1.600 F400.000
G1 X-16.445 Y-211.725 Z-1.600 F400.000
G1 X-17.850 Y-211.725 Z-1.600 F400.000
G1 X-18.057 Y-211.739 Z-1.600 F400.000
G1 X-18.316 Y-211.773 Z-1.600 F400.000
G1 X-18.716 Y-211.880 Z-1.600 F400.000
G1 X-18.958 Y-211.980 Z-1.600 F400.000
G1 X-19.316 Y-212.187 Z-1.600 F400.000
G1 X-19.524 Y-212.346 Z-1.600 F400.000
G1 X-19.817 Y-212.639 Z-1.600 F400.000
G1 X-19.975 Y-212.846 Z-1.600 F400.000
G1 X-20.183 Y-213.205 Z-1.600 F400.000
G1 X-20.283 Y-213.446 Z-1.600 F400.000
G1 X-20.390 Y-213.846 Z-1.600 F400.000
G1 X-20.424 Y-214.105 Z-1.600 F400.000
G1 X-20.437 Y-214.313 Z-1.600 F400.000
G1 X-20.437 Y-228.500 Z-1.600 F400.000
G0 Z5.000
G0 X-20.437 Y-3.500
G0 Z3.000
G1 X-20.437 Y-3.500 Z-1.800 F250.000
G1 X-20.437 Y-27.417 Z-1.800 F400.000
G1 X-20.396 Y-27.914 Z-1.800 F400.000
G1 X-20.336 Y-28.219 Z-1.800 F400.000
G1 X-20.236 Y-28.548 Z-1.800 F400.000
G1 X-20.117 Y-28.835 Z-1.800 F400.000
G1 X-19.955 Y-29.138 Z-1.800 F400.000
G1 X-19.782 Y-29.396 Z-1.800 F400.000
G1 X-19.565 Y-29.662 Z-1.800 F400.000
G1 X-19.345 Y-29.882 Z-1.800 F400.000
G1 X-19.079 Y-30.099 Z-1.800 F400.000
G1 X-18.821 Y-30.272 Z-1.800 F400.000
G1 X-18.518 Y-30.434 Z-1.800 F400.000
G1 X-18.231 Y-30.553 Z-1.800 F400.000
G1 X-17.902 Y-30.653 Z-1.800 F400.000
G1 X-17.597 Y-30.713 Z-1.800 F400.000
G1 X-17.256 Y-30.747 Z-1.800 F400.000
G1 X-14.330 Y-30.754 Z-1.800 F400.000
G1 X-14.220 Y-30.765 Z-1.800 F400.000
G1 X-14.191 Y-30.774 Z-1.800 F400.000
G1 X-14.164 Y-30.788 Z-1.800 F400.000
G1 X-14.141 Y-30.808 Z-1.800 F400.000
G1 X-14.121 Y-30.831 Z-1.800 F400.000
G1 X-14.107 Y-30.858 Z-1.800 F400.000
G1 X-14.098 Y-30.887 Z-1.800 F400.000
G1 X-14.087 Y-30.995 Z-1.800 F400.000
G1 X-14.088 Y-32.702 Z-1.800 F400.000
G1 X-14.098 Y-32.810 Z-1.800 F400.000
G1 X-14.107 Y-32.839 Z-1.800 F400.000
G1 X-14.121 Y-32.866 Z-1.800 F400.000
G1 X-14.141 Y-32.889 Z-1.800 F400.000
G1 X-14.164 Y-32.908 Z-1.800 F400.000
G1 X-14.191 Y-32.923 Z-1.800 F400.000
G1 X-14.220 Y-32.931 Z-1.800 F400.000
G1 X-14.328 Y-32.942 Z-1.800 F400.000
G1 X-17.100 Y-32.942 Z-1.800 F400.000
G1 X-17.597 Y-32.983 Z-1.800 F400.000
G1 X-17.902 Y-33.044 Z-1.800 F400.000
G1 X-18.231 Y-33.144 Z-1.800 F400.000
G1 X-18.518 Y-33.263 Z-1.800 F400.000
G1 X-18.821 Y-33.424 Z-1.800 F400.000
G1 X-19.079 Y-33.597 Z-1.800 F400.000
G1 X-19.345 Y-33.815 Z-1.800 F400.000
G1 X-19.565 Y-34.035 Z-1.800 F400.000
G1 X-19.782 Y-34.300 Z-1.800 F400.000
G1 X-19.955 Y-34.559 Z-1.800 F400.000
G1 X-20.117 Y-34.862 Z-1.800 F400.000
G1 X-20.236 Y-35.149 Z-1.800 F400.000
G1 X-20.336 Y-35.477 Z-1.800 F400.000
G1 X-20.396 Y-35.783 Z-1.800 F400.000
G1 X-20.430 Y-36.124 Z-1.800 F400.000
G1 X-20.437 Y-44.760 Z-1.800 F400.000
G1 X-20.425 Y-45.037 Z-1.800 F400.000
G1 X-20.375 Y-45.397 Z-1.800 F400.000
G1 X-20.286 Y-45.750 Z-1.800 F400.000
G1 X-20.159 Y-46.091 Z-1.800 F400.000
G1 X-16.238 Y-54.506 Z-1.800 F400.000
G1 X-16.215 Y-54.562 Z-1.800 F400.000
G1 X-16.210 Y-54.579 Z-1.800 F400.000
G1 X-16.207 Y-54.597 Z-1.800 F400.000
G1 X-16.204 Y-54.657 Z-1.800 F400.000
G1 X-16.204 Y-57.548 Z-1.800 F400.000
G1 X-16.215 Y-57.657 Z-1.800 F400.000
G1 X-16.224 Y-57.686 Z-1.800 F400.000
G1 X-16.238 Y-57.712 Z-1.800 F400.000
G1 X-16.257 Y-57.736 Z-1.800 F400.000
G1 X-16.281 Y-57.755 Z-1.800 F400.000
G1 X-16.307 Y-57.769 Z-1.800 F400.000
G1 X-16.336 Y-57.778 Z-1.800 F400.000
G1 X-16.445 Y-57.789 Z-1.800 F400.000
G1 X-17.850 Y-57.789 Z-1.800 F400.000
G1 X-18.057 Y-57.803 Z-1.800 F400.000
G1 X-18.316 Y-57.837 Z-1.800 F400.000
G1 X-18.716 Y-57.944 Z-1.800 F400.000
G1 X-18.958 Y-58.044 Z-1.800 F400.000
G1 X-19.316 Y-58.251 Z-1.800 F400.000
G1 X-19.524 Y-58.410 Z-1.800 F400.000
G1 X-19.817 Y-58.703 Z-1.800 F400.000
G1 X-19.975 Y-58.910 Z-1.800 F400.000
G1 X-20.183 Y-59.269 Z-1.800 F400.000
G1 X-20.283 Y-59.510 Z-1.800 F400.000
G1 X-20.390 Y-59.910 Z-1.800 F400.000
G1 X-20.424 Y-60.169 Z-1.800 F400.000
G1 X-20.437 Y-60.376 Z-1.800 F400.000
G1 X-20.437 Y-83.244 Z-1.800 F400.000
G1 X-20.425 Y-83.521 Z-1.800 F400.000
G1 X-20.375 Y-83.881 Z-1.800 F400.000
G1 X-20.286 Y-84.234 Z-1.800 F400.000
G1 X-20.159 Y-84.575 Z-1.800 F400.000
G1 X-16.238 Y-92.990 Z-1.800 F400.000
G1 X-16.215 Y-93.046 Z-1.800 F400.000
G1 X-16.210 Y-93.063 Z-1.800 F400.000
G1 X-16.207 Y-93.081 Z-1.800 F400.000
G1 X-16.204 Y-93.141 Z-1.800 F400.000
G1 X-16.204 Y-96.032 Z-1.800 F400.000
G1 X-16.215 Y-96.141 Z-1.800 F400.000
G1 X-16.224 Y-96.170 Z-1.800 F400.000
G1 X-16.238 Y-96.196 Z-1.800 F400.000
G1 X-16.257 Y-96.220 Z-1.800 F400.000
G1 X-16.281 Y-96.239 Z-1.800 F400.000
G1 X-16.307 Y-96.253 Z-1.800 F400.000
G1 X-16.336 Y-96.262 Z-1.800 F400.000
G1 X-16.445 Y-96.273 Z-1.800 F400.000
G1 X-17.850 Y-96.273 Z-1.800 F400.000
G1 X-18.057 Y-96.287 Z-1.800 F400.000
G1 X-18.316 Y-96.321 Z-1.800 F400.000
G1 X-18.716 Y-96.428 Z-1.800 F400.000
G1 X-18.958 Y-96.528 Z-1.800 F400.000
G1 X-19.316 Y-96.735 Z-1.800 F400.000
G1 X-19.524 Y-96.894 Z-1.800 F400.000
G1 X-19.817 Y-97.187 Z-1.800 F400.000
G1 X-19.975 Y-97.394 Z-1.800 F400.000
G1 X-20.183 Y-97.753 Z-1.800 F400.000
G1 X-20.283 Y-97.994 Z-1.800 F400.000
G1 X-20.390 Y-98.394 Z-1.800 F400.000
G1 X-20.424 Y-98.653 Z-1.800 F400.000
G1 X-20.437 Y-98.860 Z-1.800 F400.000
G1 X-20.437 Y-121.728 Z-1.800 F400.000
G1 X-20.425 Y-122.005 Z-1.800 F400.000
G1 X-20.375 Y-122.365 Z-1.800 F400.000
G1 X-20.286 Y-122.718 Z-1.800 F400.000
G1 X-20.159 Y-123.059 Z-1.800 F400.000
G1 X-16.238 Y-131.474 Z-1.800 F400.000
G1 X-16.215 Y-131.531 Z-1.800 F400.000
G1 X-16.210 Y-131.547 Z-1.800 F400.000
G1 X-16.207 Y-131.565 Z-1.800 F400.000
G1 X-16.204 Y-131.625 Z-1.800 F400.000
G1 X-16.204 Y-134.516 Z-1.800 F400.000
G1 X-16.215 Y-134.625 Z-1.800 F400.000
G1 X-16.224 Y-134.654 Z-1.800 F400.000
G1 X-16.238 Y-134.680 Z-1.800 F400.000
G1 X-16.257 Y-134.704 Z-1.800 F400.000
G1 X-16.281 Y-134.723 Z-1.800 F400.000
G1 X-16.307 Y-134.738 Z-1.800 F400.000
G1 X-16.336 Y-134.746 Z-1.800 F400.000
G1 X-16.445 Y-134.757 Z-1.800 F400.000
G1 X-17.850 Y-134.757 Z-1.800 F400.000
G1 X-18.057 Y-134.771 Z-1.800 F400.000
G1 X-18.316 Y-134.805 Z-1.800 F400.000
G1 X-18.716 Y-134.912 Z-1.800 F400.000
G1 X-18.958 Y-135.012 Z-1.800 F400.000
G1 X-19.316 Y-135.219 Z-1.800 F400.000
G1 X-19.524 Y-135.378 Z-1.800 F400.000
G1 X-19.817 Y-135.671 Z-1.800 F400.000
G1 X-19.975 Y-135.878 Z-1.800 F400.000
G1 X-20.183 Y-136.237 Z-1.800 F400.000
G1 X-20.283 Y-136.478 Z-1.800 F400.000
G1 X-20.390 Y-136.878 Z-1.800 F400.000
G1 X-20.424 Y-137.137 Z-1.800 F400.000
G1 X-20.437 Y-137.344 Z-1.800 F400.000
G1 X-20.437 Y-160.212 Z-1.800 F400.000
G1 X-20.425 Y-160.489 Z-1.800 F400.000
G1 X-20.375 Y-160.849 Z-1.800 F400.000
G1 X-20.286 Y-161.202 Z-1.800 F400.000
G1 X-20.159 Y-161.543 Z-1.800 F400.000
G1 X-16.238 Y-169.958 Z-1.800 F400.000
G1 X-16.215 Y-170.015 Z-1.800 F400.000
G1 X-16.210 Y-170.031 Z-1.800 F400.000
G1 X-16.207 Y-170.049 Z-1.800 F400.000
G1 X-16.204 Y-170.109 Z-1.800 F400.000
G1 X-16.204 Y-173.000 Z-1.800 F400.000
G1 X-16.215 Y-173.109 Z-1.800 F400.000
G1 X-16.224 Y-173.138 Z-1.800 F400.000
G1 X-16.238 Y-173.164 Z-1.800 F400.000
G1 X-16.257 Y-173.188 Z-1.800 F400.000
G1 X-16.281 Y-173.207 Z-1.800 F400.000
G1 X-16.307 Y-173.222 Z-1.800 F400.000
G1 X-16.336 Y-173.230 Z-1.800 F400.000
G1 X-16.445 Y-173.241 Z-1.800 F400.000
G1 X-17.850 Y-173.241 Z-1.800 F400.000
G1 X-18.057 Y-173.255 Z-1.800 F400.000
G1 X-18.316 Y-173.289 Z-1.800 F400.000
G1 X-18.716 Y-173.396 Z-1.800 F400.000
G1 X-18.958 Y-173.496 Z-1.800 F400.000
G1 X-19.316 Y-173.703 Z-1.800 F400.000
G1 X-19.524 Y-173.862 Z-1.800 F400.000
G1 X-19.817 Y-174.155 Z-1.800 F400.000
G1 X-19.975 Y-174.362 Z-1.800 F400.000
G1 X-20.183 Y-174.721 Z-1.800 F400.000
G1 X-20.283 Y-174.962 Z-1.800 F400.000
G1 X-20.390 Y-175.362 Z-1.800 F400.000
G1 X-20.424 Y-175.621 Z-1.800 F400.000
G1 X-20.437 Y-175.828 Z-1.800 F400.000
G1 X-20.437 Y-198.696 Z-1.800 F400.000
G1 X-20.425 Y-198.973 Z-1.800 F400.000
G1 X-20.375 Y-199.333 Z-1.800 F400.000
G1 X-20.286 Y-199.686 Z-1.800 F400.000
G1 X-20.159 Y-200.027 Z-1.800 F400.000
G1 X-16.238 Y-208.442 Z-1.800 F400.000
G1 X-16.215 Y-208.499 Z-1.800 F400.000
G1 X-16.210 Y-208.515 Z-1.800 F400.000
G1 X-16.207 Y-208.533 Z-1.800 F400.000
G1 X-16.204 Y-208.593 Z-1.800 F400.000
G1 X-16.204 Y-211.485 Z-1.800 F400.000
G1 X-16.215 Y-211.593 Z-1.800 F400.000
G1 X-16.224 Y-211.622 Z-1.800 F400.000
G1 X-16.238 Y-211.649 Z-1.800 F400.000
G1 X-16.257 Y-211.672 Z-1.800 F400.000
G1 X-16.281 Y-211.691 Z-1.800 F400.000
G1 X-16.307 Y-211.706 Z-1.800 F400.000
G1 X-16.336 Y-211.714 Z-1.800 F400.000
G1 X-16.445 Y-211.725 Z-1.800 F400.000
G1 X-17.850 Y-211.725 Z-1.800 F400.000
G1 X-18.057 Y-211.739 Z-1.800 F400.000
G1 X-18.316 Y-211.773 Z-1.800 F400.000
G1 X-18.716 Y-211.880 Z-1.800 F400.000
G1 X-18.958 Y-211.980 Z-1.800 F400.000
G1 X-19.316 Y-212.187 Z-1.800 F400.000
G1 X-19.524 Y-212.346 Z-1.800 F400.000
G1 X-19.817 Y-212.639 Z-1.800 F400.000
G1 X-19.975 Y-212.846 Z-1.800 F400.000
G1 X-20.183 Y-213.205 Z-1.800 F400.000
G1 X-20.283 Y-213.446 Z-1.800 F400.000
G1 X-20.390 Y-213.846 Z-1.800 F400.000
G1 X-20.424 Y-214.105 Z-1.800 F400.000
G1 X-20.437 Y-214.313 Z-1.800 F400.000
G1 X-20.437 Y-228.500 Z-1.800 F400.000
G0 Z5.000
G0 X-20.437 Y-3.500
G0 Z3.000
G1 X-20.437 Y-3.500 Z-2.000 F250.000
G1 X-20.437 Y-27.417 Z-2.000 F400.000
G1 X-20.396 Y-27.914 Z-2.000 F400.000
G1 X-20.336 Y-28.219 Z-2.000 F400.000
G1 X-20.236 Y-28.548 Z-2.000 F400.000
G1 X-20.117 Y-28.835 Z-2.000 F400.000
G1 X-19.955 Y-29.138 Z-2.000 F400.000
G1 X-19.782 Y-29.396 Z-2.000 F400.000
G1 X-19.565 Y-29.662 Z-2.000 F400.000
G1 X-19.345 Y-29.882 Z-2.000 F400.000
G1 X-19.079 Y-30.099 Z-2.000 F400.000
G1 X-18.821 Y-30.272 Z-2.000 F400.000
G1 X-18.518 Y-30.434 Z-2.000 F400.000
G1 X-18.231 Y-30.553 Z-2.000 F400.000
G1 X-17.902 Y-30.653 Z-2.000 F400.000
G1 X-17.597 Y-30.713 Z-2.000 F400.000
G1 X-17.256 Y-30.747 Z-2.000 F400.000
G1 X-14.330 Y-30.754 Z-2.000 F400.000
G1 X-14.220 Y-30.765 Z-2.000 F400.000
G1 X-14.191 Y-30.774 Z-2.000 F400.000
G1 X-14.164 Y-30.788 Z-2.000 F400.000
G1 X-14.141 Y-30.808 Z-2.000 F400.000
G1 X-14.121 Y-30.831 Z-2.000 F400.000
G1 X-14.107 Y-30.858 Z-2.000 F400.000
G1 X-14.098 Y-30.887 Z-2.000 F400.000
G1 X-14.087 Y-30.995 Z-2.000 F400.000
G1 X-14.088 Y-32.702 Z-2.000 F400.000
G1 X-14.098 Y-32.810 Z-2.000 F400.000
G1 X-14.107 Y-32.839 Z-2.000 F400.000
G1 X-14.121 Y-32.866 Z-2.000 F400.000
G1 X-14.141 Y-32.889 Z-2.000 F400.000
G1 X-14.164 Y-32.908 Z-2.000 F400.000
G1 X-14.191 Y-32.923 Z-2.000 F400.000
G1 X-14.220 Y-32.931 Z-2.000 F400.000
G1 X-14.328 Y-32.942 Z-2.000 F400.000
G1 X-17.100 Y-32.942 Z-2.000 F400.000
G1 X-17.597 Y-32.983 Z-2.000 F400.000
G1 X-17.902 Y-33.044 Z-2.000 F400.000
G1 X-18.231 Y-33.144 Z-2.000 F400.000
G1 X-18.518 Y-33.263 Z-2.000 F400.000
G1 X-18.821 Y-33.424 Z-2.000 F400.000
G1 X-19.079 Y-33.597 Z-2.000 F400.000
G1 X-19.345 Y-33.815 Z-2.000 F400.000
G1 X-19.565 Y-34.035 Z-2.000 F400.000
G1 X-19.782 Y-34.300 Z-2.000 F400.000
G1 X-19.955 Y-34.559 Z-2.000 F400.000
G1 X-20.117 Y-34.862 Z-2.000 F400.000
G1 X-20.236 Y-35.149 Z-2.000 F400.000
G1 X-20.336 Y-35.477 Z-2.000 F400.000
G1 X-20.396 Y-35.783 Z-2.000 F400.000
G1 X-20.430 Y-36.124 Z-2.000 F400.000
G1 X-20.437 Y-44.760 Z-2.000 F400.000
G1 X-20.425 Y-45.037 Z-2.000 F400.000
G1 X-20.375 Y-45.397 Z-2.000 F400.000
G1 X-20.286 Y-45.750 Z-2.000 F400.000
G1 X-20.159 Y-46.091 Z-2.000 F400.000
G1 X-16.238 Y-54.506 Z-2.000 F400.000
G1 X-16.215 Y-54.562 Z-2.000 F400.000
G1 X-16.210 Y-54.579 Z-2.000 F400.000
G1 X-16.207 Y-54.597 Z-2.000 F400.000
G1 X-16.204 Y-54.657 Z-2.000 F400.000
G1 X-16.204 Y-57.548 Z-2.000 F400.000
G1 X-16.215 Y-57.657 Z-2.000 F400.000
G1 X-16.224 Y-57.686 Z-2.000 F400.000
G1 X-16.238 Y-57.712 Z-2.000 F400.000
G1 X-16.257 Y-57.736 Z-2.000 F400.000
G1 X-16.281 Y-57.755 Z-2.000 F400.000
G1 X-16.307 Y-57.769 Z-2.000 F400.000
G1 X-16.336 Y-57.778 Z-2.000 F400.000
G1 X-16.445 Y-57.789 Z-2.000 F400.000
G1 X-17.850 Y-57.789 Z-2.000 F400.000
G1 X-18.057 Y-57.803 Z-2.000 F400.000
G1 X-18.316 Y-57.837 Z-2.000 F400.000
G1 X-18.716 Y-57.944 Z-2.000 F400.000
G1 X-18.958 Y-58.044 Z-2.000 F400.000
G1 X-19.316 Y-58.251 Z-2.000 F400.000
G1 X-19.524 Y-58.410 Z-2.000 F400.000
G1 X-19.817 Y-58.703 Z-2.000 F400.000
G1 X-19.975 Y-58.910 Z-2.000 F400.000
G1 X-20.183 Y-59.269 Z-2.000 F400.000
G1 X-20.283 Y-59.510 Z-2.000 F400.000
G1 X-20.390 Y-59.910 Z-2.000 F400.000
G1 X-20.424 Y-60.169 Z-2.000 F400.000
G1 X-20.437 Y-60.376 Z-2.000 F400.000
G1 X-20.437 Y-83.244 Z-2.000 F400.000
G1 X-20.425 Y-83.521 Z-2.000 F400.000
G1 X-20.375 Y-83.881 Z-2.000 F400.000
G1 X-20.286 Y-84.234 Z-2.000 F400.000
G1 X-20.159 Y-84.575 Z-2.000 F400.000
G1 X-16.238 Y-92.990 Z-2.000 F400.000
G1 X-16.215 Y-93.046 Z-2.000 F400.000
G1 X-16.210 Y-93.063 Z-2.000 F400.000
G1 X-16.207 Y-93.081 Z-2.000 F400.000
G1 X-16.204 Y-93.141 Z-2.000 F400.000
G1 X-16.204 Y-96.032 Z-2.000 F400.000
G1 X-16.215 Y-96.141 Z-2.000 F400.000
G1 X-16.224 Y-96.170 Z-2.000 F400.000
G1 X-16.238 Y-96.196 Z-2.000 F400.000
G1 X-16.257 Y-96.220 Z-2.000 F400.000
G1 X-16.281 Y-96.239 Z-2.000 F400.000
G1 X-16.307 Y-96.253 Z-2.000 F400.000
G1 X-16.336 Y-96.262 Z-2.000 F400.000
G1 X-16.445 Y-96.273 Z-2.000 F400.000
G1 X-17.850 Y-96.273 Z-2.000 F400.000
G1 X-18.057 Y-96.287 Z-2.000 F400.000
G1 X-18.316 Y-96.321 Z-2.000 F400.000
G1 X-18.716 Y-96.428 Z-2.000 F400.000
G1 X-18.958 Y-96.528 Z-2.000 F400.000
G1 X-19.316 Y-96.735 Z-2.000 F400.000
G1 X-19.524 Y-96.894 Z-2.000 F400.000
G1 X-19.817 Y-97.187 Z-2.000 F400.000
G1 X-19.975 Y-97.394 Z-2.000 F400.000
G1 X-20.183 Y-97.753 Z-2.000 F400.000
G1 X-20.283 Y-97.994 Z-2.000 F400.000
G1 X-20.390 Y-98.394 Z-2.000 F400.000
G1 X-20.424 Y-98.653 Z-2.000 F400.000
G1 X-20.437 Y-98.860 Z-2.000 F400.000
G1 X-20.437 Y-121.728 Z-2.000 F400.000
G1 X-20.425 Y-122.005 Z-2.000 F400.000
G1 X-20.375 Y-122.365 Z-2.000 F400.000
G1 X-20.286 Y-122.718 Z-2.000 F400.000
G1 X-20.159 Y-123.059 Z-2.000 F400.000
G1 X-16.238 Y-131.474 Z-2.000 F400.000
G1 X-16.215 Y-131.531 Z-2.000 F400.000
G1 X-16.210 Y-131.547 Z-2.000 F400.000
G1 X-16.207 Y-131.565 Z-2.000 F400.000
G1 X-16.204 Y-131.625 Z-2.000 F400.000
G1 X-16.204 Y-134.516 Z-2.000 F400.000
G1 X-16.215 Y-134.625 Z-2.000 F400.000
G1 X-16.224 Y-134.654 Z-2.000 F400.000
G1 X-16.238 Y-134.680 Z-2.000 F400.000
G1 X-16.257 Y-134.704 Z-2.000 F400.000
G1 X-16.281 Y-134.723 Z-2.000 F400.000
G1 X-16.307 Y-134.738 Z-2.000 F400.000
G1 X-16.336 Y-134.746 Z-2.000 F400.000
G1 X-16.445 Y-134.757 Z-2.000 F400.000
G1 X-17.850 Y-134.757 Z-2.000 F400.000
G1 X-18.057 Y-134.771 Z-2.000 F400.000
G1 X-18.316 Y-134.805 Z-2.000 F400.000
G1 X-18.716 Y-134.912 Z-2.000 F400.000
G1 X-18.958 Y-135.012 Z-2.000 F400.000
G1 X-19.316 Y-135.219 Z-2.000 F400.000
G1 X-19.524 Y-135.378 Z-2.000 F400.000
G1 X-19.817 Y-135.671 Z-2.000 F400.000
G1 X-19.975 Y-135.878 Z-2.000 F400.000
G1 X-20.183 Y-136.237 Z-2.000 F400.000
G1 X-20.283 Y-136.478 Z-2.000 F400.000
G1 X-20.390 Y-136.878 Z-2.000 F400.000
G1 X-20.424 Y-137.137 Z-2.000 F400.000
G1 X-20.437 Y-137.344 Z-2.000 F400.000
G1 X-20.437 Y-160.212 Z-2.000 F400.000
G1 X-20.425 Y-160.489 Z-2.000 F400.000
G1 X-20.375 Y-160.849 Z-2.000 F400.000
G1 X-20.286 Y-161.202 Z-2.000 F400.000
G1 X-20.159 Y-161.543 Z-2.000 F400.000
G1 X-16.238 Y-169.958 Z-2.000 F400.000
G1 X-16.215 Y-170.015 Z-2.000 F400.000
G1 X-16.210 Y-170.031 Z-2.000 F400.000
G1 X-16.207 Y-170.049 Z-2.000 F400.000
G1 X-16.204 Y-170.109 Z-2.000 F400.000
G1 X-16.204 Y-173.000 Z-2.000 F400.000
G1 X-16.215 Y-173.109 Z-2.000 F400.000
G1 X-16.224 Y-173.138 Z-2.000 F400.000
G1 X-16.238 Y-173.164 Z-2.000 F400.000
G1 X-16.257 Y-173.188 Z-2.000 F400.000
G1 X-16.281 Y-173.207 Z-2.000 F400.000
G1 X-16.307 Y-173.222 Z-2.000 F400.000
G1 X-16.336 Y-173.230 Z-2.000 F400.000
G1 X-16.445 Y-173.241 Z-2.000 F400.000
G1 X-17.850 Y-173.241 Z-2.000 F400.000
G1 X-18.057 Y-173.255 Z-2.000 F400.000
G1 X-18.316 Y-173.289 Z-2.000 F400.000
G1 X-18.716 Y-173.396 Z-2.000 F400.000
G1 X-18.958 Y-173.496 Z-2.000 F400.000
G1 X-19.316 Y-173.703 Z-2.000 F400.000
G1 X-19.524 Y-173.862 Z-2.000 F400.000
G1 X-19.817 Y-174.155 Z-2.000 F400.000
G1 X-19.975 Y-174.362 Z-2.000 F400.000
G1 X-20.183 Y-174.721 Z-2.000 F400.000
G1 X-20.283 Y-174.962 Z-2.000 F400.000
G1 X-20.390 Y-175.362 Z-2.000 F400.000
G1 X-20.424 Y-175.621 Z-2.000 F400.000
G1 X-20.437 Y-175.828 Z-2.000 F400.000
G1 X-20.437 Y-198.696 Z-2.000 F400.000
G1 X-20.425 Y-198.973 Z-2.000 F400.000
G1 X-20.375 Y-199.333 Z-2.000 F400.000
G1 X-20.286 Y-199.686 Z-2.000 F400.000
G1 X-20.159 Y-200.027 Z-2.000 F400.000
G1 X-16.238 Y-208.442 Z-2.000 F400.000
G1 X-16.215 Y-208.499 Z-2.000 F400.000
G1 X-16.210 Y-208.515 Z-2.000 F400.000
G1 X-16.207 Y-208.533 Z-2.000 F400.000
G1 X-16.204 Y-208.593 Z-2.000 F400.000
G1 X-16.204 Y-211.485 Z-2.000 F400.000
G1 X-16.215 Y-211.593 Z-2.000 F400.000
G1 X-16.224 Y-211.622 Z-2.000 F400.000
G1 X-16.238 Y-211.649 Z-2.000 F400.000
G1 X-16.257 Y-211.672 Z-2.000 F400.000
G1 X-16.281 Y-211.691 Z-2.000 F400.000
G1 X-16.307 Y-211.706 Z-2.000 F400.000
G1 X-16.336 Y-211.714 Z-2.000 F400.000
G1 X-16.445 Y-211.725 Z-2.000 F400.000
G1 X-17.850 Y-211.725 Z-2.000 F400.000
G1 X-18.057 Y-211.739 Z-2.000 F400.000
G1 X-18.316 Y-211.773 Z-2.000 F400.000
G1 X-18.716 Y-211.880 Z-2.000 F400.000
G1 X-18.958 Y-211.980 Z-2.000 F400.000
G1 X-19.316 Y-212.187 Z-2.000 F400.000
G1 X-19.524 Y-212.346 Z-2.000 F400.000
G1 X-19.817 Y-212.639 Z-2.000 F400.000
G1 X-19.975 Y-212.846 Z-2.000 F400.000
G1 X-20.183 Y-213.205 Z-2.000 F400.000
G1 X-20.283 Y-213.446 Z-2.000 F400.000
G1 X-20.390 Y-213.846 Z-2.000 F400.000
G1 X-20.424 Y-214.105 Z-2.000 F400.000
G1 X-20.437 Y-214.313 Z-2.000 F400.000
G1 X-20.437 Y-228.500 Z-2.000 F400.000
G0 Z5.000
G0 X-20.437 Y-3.500
G0 Z3.000
G1 X-20.437 Y-3.500 Z-2.200 F250.000
G1 X-20.437 Y-27.417 Z-2.200 F400.000
G1 X-20.396 Y-27.914 Z-2.200 F400.000
G1 X-20.336 Y-28.219 Z-2.200 F400.000
G1 X-20.236 Y-28.548 Z-2.200 F400.000
G1 X-20.117 Y-28.835 Z-2.200 F400.000
G1 X-19.955 Y-29.138 Z-2.200 F400.000
G1 X-19.782 Y-29.396 Z-2.200 F400.000
G1 X-19.565 Y-29.662 Z-2.200 F400.000
G1 X-19.345 Y-29.882 Z-2.200 F400.000
G1 X-19.079 Y-30.099 Z-2.200 F400.000
G1 X-18.821 Y-30.272 Z-2.200 F400.000
G1 X-18.518 Y-30.434 Z-2.200 F400.000
G1 X-18.231 Y-30.553 Z-2.200 F400.000
G1 X-17.902 Y-30.653 Z-2.200 F400.000
G1 X-17.597 Y-30.713 Z-2.200 F400.000
G1 X-17.256 Y-30.747 Z-2.200 F400.000
G1 X-14.330 Y-30.754 Z-2.200 F400.000
G1 X-14.220 Y-30.765 Z-2.200 F400.000
G1 X-14.191 Y-30.774 Z-2.200 F400.000
G1 X-14.164 Y-30.788 Z-2.200 F400.000
G1 X-14.141 Y-30.808 Z-2.200 F400.000
G1 X-14.121 Y-30.831 Z-2.200 F400.000
G1 X-14.107 Y-30.858 Z-2.200 F400.000
G1 X-14.098 Y-30.887 Z-2.200 F400.000
G1 X-14.087 Y-30.995 Z-2.200 F400.000
G1 X-14.088 Y-32.702 Z-2.200 F400.000
G1 X-14.098 Y-32.810 Z-2.200 F400.000
G1 X-14.107 Y-32.839 Z-2.200 F400.000
G1 X-14.121 Y-32.866 Z-2.200 F400.000
G1 X-14.141 Y-32.889 Z-2.200 F400.000
G1 X-14.164 Y-32.908 Z-2.200 F400.000
G1 X-14.191 Y-32.923 Z-2.200 F400.000
G1 X-14.220 Y-32.931 Z-2.200 F400.000
G1 X-14.328 Y-32.942 Z-2.200 F400.000
G1 X-17.100 Y-32.942 Z-2.200 F400.000
G1 X-17.597 Y-32.983 Z-2.200 F400.000
G1 X-17.902 Y-33.044 Z-2.200 F400.000
G1 X-18.231 Y-33.144 Z-2.200 F400.000
G1 X-18.518 Y-33.263 Z-2.200 F400.000
G1 X-18.821 Y-33.424 Z-2.200 F400.000
G1 X-19.079 Y-33.597 Z-2.200 F400.000
G1 X-19.345 Y-33.815 Z-2.200 F400.000
G1 X-19.565 Y-34.035 Z-2.200 F400.000
G1 X-19.782 Y-34.300 Z-2.200 F400.000
G1 X-19.955 Y-34.559 Z-2.200 F400.000
G1 X-20.117 Y-34.862 Z-2.200 F400.000
G1 X-20.236 Y-35.149 Z-2.200 F400.000
G1 X-20.336 Y-35.477 Z-2.200 F400.000
G1 X-20.396 Y-35.783 Z-2.200 F400.000
G1 X-20.430 Y-36.124 Z-2.200 F400.000
G1 X-20.437 Y-44.760 Z-2.200 F400.000
G1 X-20.425 Y-45.037 Z-2.200 F400.000
G1 X-20.375 Y-45.397 Z-2.200 F400.000
G1 X-20.286 Y-45.750 Z-2.200 F400.000
G1 X-20.159 Y-46.091 Z-2.200 F400.000
G1 X-16.238 Y-54.506 Z-2.200 F400.000
G1 X-16.215 Y-54.562 Z-2.200 F400.000
G1 X-16.210 Y-54.579 Z-2.200 F400.000
G1 X-16.207 Y-54.597 Z-2.200 F400.000
G1 X-16.204 Y-54.657 Z-2.200 F400.000
G1 X-16.204 Y-57.548 Z-2.200 F400.000
G1 X-16.215 Y-57.657 Z-2.200 F400.000
G1 X-16.224 Y-57.686 Z-2.200 F400.000
G1 X-16.238 Y-57.712 Z-2.200 F400.000
G1 X-16.257 Y-57.736 Z-2.200 F400.000
G1 X-16.281 Y-57.755 Z-2.200 F400.000
G1 X-16.307 Y-57.769 Z-2.200 F400.000
G1 X-16.336 Y-57.778 Z-2.200 F400.000
G1 X-16.445 Y-57.789 Z-2.200 F400.000
G1 X-17.850 Y-57.789 Z-2.200 F400.000
G1 X-18.057 Y-57.803 Z-2.200 F400.000
G1 X-18.316 Y-57.837 Z-2.200 F400.000
G1 X-18.716 Y-57.944 Z-2.200 F400.000
G1 X-18.958 Y-58.044 Z-2.200 F400.000
G1 X-19.316 Y-58.251 Z-2.200 F400.000
G1 X-19.524 Y-58.410 Z-2.200 F400.000
G1 X-19.817 Y-58.703 Z-2.200 F400.000
G1 X-19.975 Y-58.910 Z-2.200 F400.000
G1 X-20.183 Y-59.269 Z-2.200 F400.000
G1 X-20.283 Y-59.510 Z-2.200 F400.000
G1 X-20.390 Y-59.910 Z-2.200 F400.000
G1 X-20.424 Y-60.169 Z-2.200 F400.000
G1 X-20.437 Y-60.376 Z-2.200 F400.000
G1 X-20.437 Y-83.244 Z-2.200 F400.000
G1 X-20.425 Y-83.521 Z-2.200 F400.000
G1 X-20.375 Y-83.881 Z-2.200 F400.000
G1 X-20.286 Y-84.234 Z-2.200 F400.000
G1 X-20.159 Y-84.575 Z-2.200 F400.000
G1 X-16.238 Y-92.990 Z-2.200 F400.000
G1 X-16.215 Y-93.046 Z-2.200 F400.000
G1 X-16.210 Y-93.063 Z-2.200 F400.000
G1 X-16.207 Y-93.081 Z-2.200 F400.000
G1 X-16.204 Y-93.141 Z-2.200 F400.000
G1 X-16.204 Y-96.032 Z-2.200 F400.000
G1 X-16.215 Y-96.141 Z-2.200 F400.000
G1 X-16.224 Y-96.170 Z-2.200 F400.000
G1 X-16.238 Y-96.196 Z-2.200 F400.000
G1 X-16.257 Y-96.220 Z-2.200 F400.000
G1 X-16.281 Y-96.239 Z-2.200 F400.000
G1 X-16.307 Y-96.253 Z-2.200 F400.000
G1 X-16.336 Y-96.262 Z-2.200 F400.000
G1 X-16.445 Y-96.273 Z-2.200 F400.000
G1 X-17.850 Y-96.273 Z-2.200 F400.000
G1 X-18.057 Y-96.287 Z-2.200 F400.000
G1 X-18.316 Y-96.321 Z-2.200 F400.000
G1 X-18.716 Y-96.428 Z-2.200 F400.000
G1 X-18.958 Y-96.528 Z-2.200 F400.000
G1 X-19.316 Y-96.735 Z-2.200 F400.000
G1 X-19.524 Y-96.894 Z-2.200 F400.000
G1 X-19.817 Y-97.187 Z-2.200 F400.000
G1 X-19.975 Y-97.394 Z-2.200 F400.000
G1 X-20.183 Y-97.753 Z-2.200 F400.000
G1 X-20.283 Y-97.994 Z-2.200 F400.000
G1 X-20.390 Y-98.394 Z-2.200 F400.000
G1 X-20.424 Y-98.653 Z-2.200 F400.000
G1 X-20.437 Y-98.860 Z-2.200 F400.000
G1 X-20.437 Y-121.728 Z-2.200 F400.000
G1 X-20.425 Y-122.005 Z-2.200 F400.000
G1 X-20.375 Y-122.365 Z-2.200 F400.000
G1 X-20.286 Y-122.718 Z-2.200 F400.000
G1 X-20.159 Y-123.059 Z-2.200 F400.000
G1 X-16.238 Y-131.474 Z-2.200 F400.000
G1 X-16.215 Y-131.531 Z-2.200 F400.000
G1 X-16.210 Y-131.547 Z-2.200 F400.000
G1 X-16.207 Y-131.565 Z-2.200 F400.000
G1 X-16.204 Y-131.625 Z-2.200 F400.000
G1 X-16.204 Y-134.516 Z-2.200 F400.000
G1 X-16.215 Y-134.625 Z-2.200 F400.000
G1 X-16.224 Y-134.654 Z-2.200 F400.000
G1 X-16.238 Y-134.680 Z-2.200 F400.000
G1 X-16.257 Y-134.704 Z-2.200 F400.000
G1 X-16.281 Y-134.723 Z-2.200 F400.000
G1 X-16.307 Y-134.738 Z-2.200 F400.000
G1 X-16.336 Y-134.746 Z-2.200 F400.000
G1 X-16.445 Y-134.757 Z-2.200 F400.000
G1 X-17.850 Y-134.757 Z-2.200 F400.000
G1 X-18.057 Y-134.771 Z-2.200 F400.000
G1 X-18.316 Y-134.805 Z-2.200 F400.000
G1 X-18.716 Y-134.912 Z-2.200 F400.000
G1 X-18.958 Y-135.012 Z-2.200 F400.000
G1 X-19.316 Y-135.219 Z-2.200 F400.000
G1 X-19.524 Y-135.378 Z-2.200 F400.000
G1 X-19.817 Y-135.671 Z-2.200 F400.000
G1 X-19.975 Y-135.878 Z-2.200 F400.000
G1 X-20.183 Y-136.237 Z-2.200 F400.000
G1 X-20.283 Y-136.478 Z-2.200 F400.000
G1 X-20.390 Y-136.878 Z-2.200 F400.000
G1 X-20.424 Y-137.137 Z-2.200 F400.000
G1 X-20.437 Y-137.344 Z-2.200 F400.000
G1 X-20.437 Y-160.212 Z-2.200 F400.000
G1 X-20.425 Y-160.489 Z-2.200 F400.000
G1 X-20.375 Y-160.849 Z-2.200 F400.000
G1 X-20.286 Y-161.202 Z-2.200 F400.000
G1 X-20.159 Y-161.543 Z-2.200 F400.000
G1 X-16.238 Y-169.958 Z-2.200 F400.000
G1 X-16.215 Y-170.015 Z-2.200 F400.000
G1 X-16.210 Y-170.031 Z-2.200 F400.000
G1 X-16.207 Y-170.049 Z-2.200 F400.000
G1 X-16.204 Y-170.109 Z-2.200 F400.000
G1 X-16.204 Y-173.000 Z-2.200 F400.000
G1 X-16.215 Y-173.109 Z-2.200 F400.000
G1 X-16.224 Y-173.138 Z-2.200 F400.000
G1 X-16.238 Y-173.164 Z-2.200 F400.000
G1 X-16.257 Y-173.188 Z-2.200 F400.000
G1 X-16.281 Y-173.207 Z-2.200 F400.000
G1 X-16.307 Y-173.222 Z-2.200 F400.000
G1 X-16.336 Y-173.230 Z-2.200 F400.000
G1 X-16.445 Y-173.241 Z-2.200 F400.000
G1 X-17.850 Y-173.241 Z-2.200 F400.000
G1 X-18.057 Y-173.255 Z-2.200 F400.000
G1 X-18.316 Y-173.289 Z-2.200 F400.000
G1 X-18.716 Y-173.396 Z-2.200 F400.000
G1 X-18.958 Y-173.496 Z-2.200 F400.000
G1 X-19.316 Y-173.703 Z-2.200 F400.000
G1 X-19.524 Y-173.862 Z-2.200 F400.000
G1 X-19.817 Y-174.155 Z-2.200 F400.000
G1 X-19.975 Y-174.362 Z-2.200 F400.000
G1 X-20.183 Y-174.721 Z-2.200 F400.000
G1 X-20.283 Y-174.962 Z-2.200 F400.000
G1 X-20.390 Y-175.362 Z-2.200 F400.000
G1 X-20.424 Y-175.621 Z-2.200 F400.000
G1 X-20.437 Y-175.828 Z-2.200 F400.000
G1 X-20.437 Y-198.696 Z-2.200 F400.000
G1 X-20.425 Y-198.973 Z-2.200 F400.000
G1 X-20.375 Y-199.333 Z-2.200 F400.000
G1 X-20.286 Y-199.686 Z-2.200 F400.000
G1 X-20.159 Y-200.027 Z-2.200 F400.000
G1 X-16.238 Y-208.442 Z-2.200 F400.000
G1 X-16.215 Y-208.499 Z-2.200 F400.000
G1 X-16.210 Y-208.515 Z-2.200 F400.000
G1 X-16.207 Y-208.533 Z-2.200 F400.000
G1 X-16.204 Y-208.593 Z-2.200 F400.000
G1 X-16.204 Y-211.485 Z-2.200 F400.000
G1 X-16.215 Y-211.593 Z-2.200 F400.000
G1 X-16.224 Y-211.622 Z-2.200 F400.000
G1 X-16.238 Y-211.649 Z-2.200 F400.000
G1 X-16.257 Y-211.672 Z-2.200 F400.000
G1 X-16.281 Y-211.691 Z-2.200 F400.000
G1 X-16.307 Y-211.706 Z-2.200 F400.000
G1 X-16.336 Y-211.714 Z-2.200 F400.000
G1 X-16.445 Y-211.725 Z-2.200 F400.000
G1 X-17.850 Y-211.725 Z-2.200 F400.000
G1 X-18.057 Y-211.739 Z-2.200 F400.000
G1 X-18.316 Y-211.773 Z-2.200 F400.000
G1 X-18.716 Y-211.880 Z-2.200 F400.000
G1 X-18.958 Y-211.980 Z-2.200 F400.000
G1 X-19.316 Y-212.187 Z-2.200 F400.000
G1 X-19.524 Y-212.346 Z-2.200 F400.000
G1 X-19.817 Y-212.639 Z-2.200 F400.000
G1 X-19.975 Y-212.846 Z-2.200 F400.000
G1 X-20.183 Y-213.205 Z-2.200 F400.000
G1 X-20.283 Y-213.446 Z-2.200 F400.000
G1 X-20.390 Y-213.846 Z-2.200 F400.000
G1 X-20.424 Y-214.105 Z-2.200 F400.000
G1 X-20.437 Y-214.313 Z-2.200 F400.000
G1 X-20.437 Y-228.500 Z-2.200 F400.000
G0 Z5.000
G0 X-20.437 Y-3.500
G0 Z3.000
G1 X-20.437 Y-3.500 Z-2.400 F250.000
G1 X-20.437 Y-27.417 Z-2.400 F400.000
G1 X-20.396 Y-27.914 Z-2.400 F400.000
G1 X-20.336 Y-28.219 Z-2.400 F400.000
G1 X-20.236 Y-28.548 Z-2.400 F400.000
G1 X-20.117 Y-28.835 Z-2.400 F400.000
G1 X-19.955 Y-29.138 Z-2.400 F400.000
G1 X-19.782 Y-29.396 Z-2.400 F400.000
G1 X-19.565 Y-29.662 Z-2.400 F400.000
G1 X-19.345 Y-29.882 Z-2.400 F400.000
G1 X-19.079 Y-30.099 Z-2.400 F400.000
G1 X-18.821 Y-30.272 Z-2.400 F400.000
G1 X-18.518 Y-30.434 Z-2.400 F400.000
G1 X-18.231 Y-30.553 Z-2.400 F400.000
G1 X-17.902 Y-30.653 Z-2.400 F400.000
G1 X-17.597 Y-30.713 Z-2.400 F400.000
G1 X-17.256 Y-30.747 Z-2.400 F400.000
G1 X-14.330 Y-30.754 Z-2.400 F400.000
G1 X-14.220 Y-30.765 Z-2.400 F400.000
G1 X-14.191 Y-30.774 Z-2.400 F400.000
G1 X-14.164 Y-30.788 Z-2.400 F400.000
G1 X-14.141 Y-30.808 Z-2.400 F400.000
G1 X-14.121 Y-30.831 Z-2.400 F400.000
G1 X-14.107 Y-30.858 Z-2.400 F400.000
G1 X-14.098 Y-30.887 Z-2.400 F400.000
G1 X-14.087 Y-30.995 Z-2.400 F400.000
G1 X-14.088 Y-32.702 Z-2.400 F400.000
G1 X-14.098 Y-32.810 Z-2.400 F400.000
G1 X-14.107 Y-32.839 Z-2.400 F400.000
G1 X-14.121 Y-32.866 Z-2.400 F400.000
G1 X-14.141 Y-32.889 Z-2.400 F400.000
G1 X-14.164 Y-32.908 Z-2.400 F400.000
G1 X-14.191 Y-32.923 Z-2.400 F400.000
G1 X-14.220 Y-32.931 Z-2.400 F400.000
G1 X-14.328 Y-32.942 Z-2.400 F400.000
G1 X-17.100 Y-32.942 Z-2.400 F400.000
G1 X-17.597 Y-32.983 Z-2.400 F400.000
G1 X-17.902 Y-33.044 Z-2.400 F400.000
G1 X-18.231 Y-33.144 Z-2.400 F400.000
G1 X-18.518 Y-33.263 Z-2.400 F400.000
G1 X-18.821 Y-33.424 Z-2.400 F400.000
G1 X-19.079 Y-33.597 Z-2.400 F400.000
G1 X-19.345 Y-33.815 Z-2.400 F400.000
G1 X-19.565 Y-34.035 Z-2.400 F400.000
G1 X-19.782 Y-34.300 Z-2.400 F400.000
G1 X-19.955 Y-34.559 Z-2.400 F400.000
G1 X-20.117 Y-34.862 Z-2.400 F400.000
G1 X-20.236 Y-35.149 Z-2.400 F400.000
G1 X-20.336 Y-35.477 Z-2.400 F400.000
G1 X-20.396 Y-35.783 Z-2.400 F400.000
G1 X-20.430 Y-36.124 Z-2.400 F400.000
G1 X-20.437 Y-44.760 Z-2.400 F400.000
G1 X-20.425 Y-45.037 Z-2.400 F400.000
G1 X-20.375 Y-45.397 Z-2.400 F400.000
G1 X-20.286 Y-45.750 Z-2.400 F400.000
G1 X-20.159 Y-46.091 Z-2.400 F400.000
G1 X-16.238 Y-54.506 Z-2.400 F400.000
G1 X-16.215 Y-54.562 Z-2.400 F400.000
G1 X-16.210 Y-54.579 Z-2.400 F400.000
G1 X-16.207 Y-54.597 Z-2.400 F400.000
G1 X-16.204 Y-54.657 Z-2.400 F400.000
G1 X-16.204 Y-57.548 Z-2.400 F400.000
G1 X-16.215 Y-57.657 Z-2.400 F400.000
G1 X-16.224 Y-57.686 Z-2.400 F400.000
G1 X-16.238 Y-57.712 Z-2.400 F400.000
G1 X-16.257 Y-57.736 Z-2.400 F400.000
G1 X-16.281 Y-57.755 Z-2.400 F400.000
G1 X-16.307 Y-57.769 Z-2.400 F400.000
G1 X-16.336 Y-57.778 Z-2.400 F400.000
G1 X-16.445 Y-57.789 Z-2.400 F400.000
G1 X-17.850 Y-57.789 Z-2.400 F400.000
G1 X-18.057 Y-57.803 Z-2.400 F400.000
G1 X-18.316 Y-57.837 Z-2.400 F400.000
G1 X-18.716 Y-57.944 Z-2.400 F400.000
G1 X-18.958 Y-58.044 Z-2.400 F400.000
G1 X-19.316 Y-58.251 Z-2.400 F400.000
G1 X-19.524 Y-58.410 Z-2.400 F400.000
G1 X-19.817 Y-58.703 Z-2.400 F400.000
G1 X-19.975 Y-58.910 Z-2.400 F400.000
G1 X-20.183 Y-59.269 Z-2.400 F400.000
G1 X-20.283 Y-59.510 Z-2.400 F400.000
G1 X-20.390 Y-59.910 Z-2.400 F400.000
G1 X-20.424 Y-60.169 Z-2.400 F400.000
G1 X-20.437 Y-60.376 Z-2.400 F400.000
G1 X-20.437 Y-83.244 Z-2.400 F400.000
G1 X-20.425 Y-83.521 Z-2.400 F400.000
G1 X-20.375 Y-83.881 Z-2.400 F400.000
G1 X-20.286 Y-84.234 Z-2.400 F400.000
G1 X-20.159 Y-84.575 Z-2.400 F400.000
G1 X-16.238 Y-92.990 Z-2.400 F400.000
G1 X-16.215 Y-93.046 Z-2.400 F400.000
G1 X-16.210 Y-93.063 Z-2.400 F400.000
G1 X-16.207 Y-93.081 Z-2.400 F400.000
G1 X-16.204 Y-93.141 Z-2.400 F400.000
G1 X-16.204 Y-96.032 Z-2.400 F400.000
G1 X-16.215 Y-96.141 Z-2.400 F400.000
G1 X-16.224 Y-96.170 Z-2.400 F400.000
G1 X-16.238 Y-96.196 Z-2.400 F400.000
G1 X-16.257 Y-96.220 Z-2.400 F400.000
G1 X-16.281 Y-96.239 Z-2.400 F400.000
G1 X-16.307 Y-96.253 Z-2.400 F400.000
G1 X-16.336 Y-96.262 Z-2.400 F400.000
G1 X-16.445 Y-96.273 Z-2.400 F400.000
G1 X-17.850 Y-96.273 Z-2.400 F400.000
G1 X-18.057 Y-96.287 Z-2.400 F400.000
G1 X-18.316 Y-96.321 Z-2.400 F400.000
G1 X-18.716 Y-96.428 Z-2.400 F400.000
G1 X-18.958 Y-96.528 Z-2.400 F400.000
G1 X-19.316 Y-96.735 Z-2.400 F400.000
G1 X-19.524 Y-96.894 Z-2.400 F400.000
G1 X-19.817 Y-97.187 Z-2.400 F400.000
G1 X-19.975 Y-97.394 Z-2.400 F400.000
G1 X-20.183 Y-97.753 Z-2.400 F400.000
G1 X-20.283 Y-97.994 Z-2.400 F400.000
G1 X-20.390 Y-98.394 Z-2.400 F400.000
G1 X-20.424 Y-98.653 Z-2.400 F400.000
G1 X-20.437 Y-98.860 Z-2.400 F400.000
G1 X-20.437 Y-121.728 Z-2.400 F400.000
G1 X-20.425 Y-122.005 Z-2.400 F400.000
G1 X-20.375 Y-122.365 Z-2.400 F400.000
G1 X-20.286 Y-122.718 Z-2.400 F400.000
G1 X-20.159 Y-123.059 Z-2.400 F400.000
G1 X-16.238 Y-131.474 Z-2.400 F400.000
G1 X-16.215 Y-131.531 Z-2.400 F400.000
G1 X-16.210 Y-131.547 Z-2.400 F400.000
G1 X-16.207 Y-131.565 Z-2.400 F400.000
G1 X-16.204 Y-131.625 Z-2.400 F400.000
G1 X-16.204 Y-134.516 Z-2.400 F400.000
G1 X-16.215 Y-134.625 Z-2.400 F400.000
G1 X-16.224 Y-134.654 Z-2.400 F400.000
G1 X-16.238 Y-134.680 Z-2.400 F400.000
G1 X-16.257 Y-134.704 Z-2.400 F400.000
G1 X-16.281 Y-134.723 Z-2.400 F400.000
G1 X-16.307 Y-134.738 Z-2.400 F400.000
G1 X-16.336 Y-134.746 Z-2.400 F400.000
G1 X-16.445 Y-134.757 Z-2.400 F400.000
G1 X-17.850 Y-134.757 Z-2.400 F400.000
G1 X-18.057 Y-134.771 Z-2.400 F400.000
G1 X-18.316 Y-134.805 Z-2.400 F400.000
G1 X-18.716 Y-134.912 Z-2.400 F400.000
G1 X-18.958 Y-135.012 Z-2.400 F400.000
G1 X-19.316 Y-135.219 Z-2.400 F400.000
G1 X-19.524 Y-135.378 Z-2.400 F400.000
G1 X-19.817 Y-135.671 Z-2.400 F400.000
G1 X-19.975 Y-135.878 Z-2.400 F400.000
G1 X-20.183 Y-136.237 Z-2.400 F400.000
G1 X-20.283 Y-136.478 Z-2.400 F400.000
G1 X-20.390 Y-136.878 Z-2.400 F400.000
G1 X-20.424 Y-137.137 Z-2.400 F400.000
G1 X-20.437 Y-137.344 Z-2.400 F400.000
G1 X-20.437 Y-160.212 Z-2.400 F400.000
G1 X-20.425 Y-160.489 Z-2.400 F400.000
G1 X-20.375 Y-160.849 Z-2.400 F400.000
G1 X-20.286 Y-161.202 Z-2.400 F400.000
G1 X-20.159 Y-161.543 Z-2.400 F400.000
G1 X-16.238 Y-169.958 Z-2.400 F400.000
G1 X-16.215 Y-170.015 Z-2.400 F400.000
G1 X-16.210 Y-170.031 Z-2.400 F400.000
G1 X-16.207 Y-170.049 Z-2.400 F400.000
G1 X-16.204 Y-170.109 Z-2.400 F400.000
G1 X-16.204 Y-173.000 Z-2.400 F400.000
G1 X-16.215 Y-173.109 Z-2.400 F400.000
G1 X-16.224 Y-173.138 Z-2.400 F400.000
G1 X-16.238 Y-173.164 Z-2.400 F400.000
G1 X-16.257 Y-173.188 Z-2.400 F400.000
G1 X-16.281 Y-173.207 Z-2.400 F400.000
G1 X-16.307 Y-173.222 Z-2.400 F400.000
G1 X-16.336 Y-173.230 Z-2.400 F400.000
G1 X-16.445 Y-173.241 Z-2.400 F400.000
G1 X-17.850 Y-173.241 Z-2.400 F400.000
G1 X-18.057 Y-173.255 Z-2.400 F400.000
G1 X-18.316 Y-173.289 Z-2.400 F400.000
G1 X-18.716 Y-173.396 Z-2.400 F400.000
G1 X-18.958 Y-173.496 Z-2.400 F400.000
G1 X-19.316 Y-173.703 Z-2.400 F400.000
G1 X-19.524 Y-173.862 Z-2.400 F400.000
G1 X-19.817 Y-174.155 Z-2.400 F400.000
G1 X-19.975 Y-174.362 Z-2.400 F400.000
G1 X-20.183 Y-174.721 Z-2.400 F400.000
G1 X-20.283 Y-174.962 Z-2.400 F400.000
G1 X-20.390 Y-175.362 Z-2.400 F400.000
G1 X-20.424 Y-175.621 Z-2.400 F400.000
G1 X-20.437 Y-175.828 Z-2.400 F400.000
G1 X-20.437 Y-198.696 Z-2.400 F400.000
G1 X-20.425 Y-198.973 Z-2.400 F400.000
G1 X-20.375 Y-199.333 Z-2.400 F400.000
G1 X-20.286 Y-199.686 Z-2.400 F400.000
G1 X-20.159 Y-200.027 Z-2.400 F400.000
G1 X-16.238 Y-208.442 Z-2.400 F400.000
G1 X-16.215 Y-208.499 Z-2.400 F400.000
G1 X-16.210 Y-208.515 Z-2.400 F400.000
G1 X-16.207 Y-208.533 Z-2.400 F400.000
G1 X-16.204 Y-208.593 Z-2.400 F400.000
G1 X-16.204 Y-211.485 Z-2.400 F400.000
G1 X-16.215 Y-211.593 Z-2.400 F400.000
G1 X-16.224 Y-211.622 Z-2.400 F400.000
G1 X-16.238 Y-211.649 Z-2.400 F400.000
G1 X-16.257 Y-211.672 Z-2.400 F400.000
G1 X-16.281 Y-211.691 Z-2.400 F400.000
G1 X-16.307 Y-211.706 Z-2.400 F400.000
G1 X-16.336 Y-211.714 Z-2.400 F400.000
G1 X-16.445 Y-211.725 Z-2.400 F400.000
G1 X-17.850 Y-211.725 Z-2.400 F400.000
G1 X-18.057 Y-211.739 Z-2.400 F400.000
G1 X-18.316 Y-211.773 Z-2.400 F400.000
G1 X-18.716 Y-211.880 Z-2.400 F400.000
G1 X-18.958 Y-211.980 Z-2.400 F400.000
G1 X-19.316 Y-212.187 Z-2.400 F400.000
G1 X-19.524 Y-212.346 Z-2.400 F400.000
G1 X-19.817 Y-212.639 Z-2.400 F400.000
G1 X-19.975 Y-212.846 Z-2.400 F400.000
G1 X-20.183 Y-213.205 Z-2.400 F400.000
G1 X-20.283 Y-213.446 Z-2.400 F400.000
G1 X-20.390 Y-213.846 Z-2.400 F400.000
G1 X-20.424 Y-214.105 Z-2.400 F400.000
G1 X-20.437 Y-214.313 Z-2.400 F400.000
G1 X-20.437 Y-228.500 Z-2.400 F400.000
G0 Z5.000
G0 X-20.437 Y-3.500
G0 Z3.000
G1 X-20.437 Y-3.500 Z-2.600 F250.000
G1 X-20.437 Y-27.417 Z-2.600 F400.000
G1 X-20.396 Y-27.914 Z-2.600 F400.000
G1 X-20.336 Y-28.219 Z-2.600 F400.000
G1 X-20.236 Y-28.548 Z-2.600 F400.000
G1 X-20.117 Y-28.835 Z-2.600 F400.000
G1 X-19.955 Y-29.138 Z-2.600 F400.000
G1 X-19.782 Y-29.396 Z-2.600 F400.000
G1 X-19.565 Y-29.662 Z-2.600 F400.000
G1 X-19.345 Y-29.882 Z-2.600 F400.000
G1 X-19.079 Y-30.099 Z-2.600 F400.000
G1 X-18.821 Y-30.272 Z-2.600 F400.000
G1 X-18.518 Y-30.434 Z-2.600 F400.000
G1 X-18.231 Y-30.553 Z-2.600 F400.000
G1 X-17.902 Y-30.653 Z-2.600 F400.000
G1 X-17.597 Y-30.713 Z-2.600 F400.000
G1 X-17.256 Y-30.747 Z-2.600 F400.000
G1 X-14.330 Y-30.754 Z-2.600 F400.000
G1 X-14.220 Y-30.765 Z-2.600 F400.000
G1 X-14.191 Y-30.774 Z-2.600 F400.000
G1 X-14.164 Y-30.788 Z-2.600 F400.000
G1 X-14.141 Y-30.808 Z-2.600 F400.000
G1 X-14.121 Y-30.831 Z-2.600 F400.000
G1 X-14.107 Y-30.858 Z-2.600 F400.000
G1 X-14.098 Y-30.887 Z-2.600 F400.000
G1 X-14.087 Y-30.995 Z-2.600 F400.000
G1 X-14.088 Y-32.702 Z-2.600 F400.000
G1 X-14.098 Y-32.810 Z-2.600 F400.000
G1 X-14.107 Y-32.839 Z-2.600 F400.000
G1 X-14.121 Y-32.866 Z-2.600 F400.000
G1 X-14.141 Y-32.889 Z-2.600 F400.000
G1 X-14.164 Y-32.908 Z-2.600 F400.000
G1 X-14.191 Y-32.923 Z-2.600 F400.000
G1 X-14.220 Y-32.931 Z-2.600 F400.000
G1 X-14.328 Y-32.942 Z-2.600 F400.000
G1 X-17.100 Y-32.942 Z-2.600 F400.000
G1 X-17.597 Y-32.983 Z-2.600 F400.000
G1 X-17.902 Y-33.044 Z-2.600 F400.000
G1 X-18.231 Y-33.144 Z-2.600 F400.000
G1 X-18.518 Y-33.263 Z-2.600 F400.000
G1 X-18.821 Y-33.424 Z-2.600 F400.000
G1 X-19.079 Y-33.597 Z-2.600 F400.000
G1 X-19.345 Y-33.815 Z-2.600 F400.000
G1 X-19.565 Y-34.035 Z-2.600 F400.000
G1 X-19.782 Y-34.300 Z-2.600 F400.000
G1 X-19.955 Y-34.559 Z-2.600 F400.000
G1 X-20.117 Y-34.862 Z-2.600 F400.000
G1 X-20.236 Y-35.149 Z-2.600 F400.000
G1 X-20.336 Y-35.477 Z-2.600 F400.000
G1 X-20.396 Y-35.783 Z-2.600 F400.000
G1 X-20.430 Y-36.124 Z-2.600 F400.000
G1 X-20.437 Y-44.760 Z-2.600 F400.000
G1 X-20.425 Y-45.037 Z-2.600 F400.000
G1 X-20.375 Y-45.397 Z-2.600 F400.000
G1 X-20.286 Y-45.750 Z-2.600 F400.000
G1 X-20.159 Y-46.091 Z-2.600 F400.000
G1 X-16.238 Y-54.506 Z-2.600 F400.000
G1 X-16.215 Y-54.562 Z-2.600 F400.000
G1 X-16.210 Y-54.579 Z-2.600 F400.000
G1 X-16.207 Y-54.597 Z-2.600 F400.000
G1 X-16.204 Y-54.657 Z-2.600 F400.000
G1 X-16.204 Y-57.548 Z-2.600 F400.000
G1 X-16.215 Y-57.657 Z-2.600 F400.000
G1 X-16.224 Y-57.686 Z-2.600 F400.000
G1 X-16.238 Y-57.712 Z-2.600 F400.000
G1 X-16.257 Y-57.736 Z-2.600 F400.000
G1 X-16.281 Y-57.755 Z-2.600 F400.000
G1 X-16.307 Y-57.769 Z-2.600 F400.000
G1 X-16.336 Y-57.778 Z-2.600 F400.000
G1 X-16.445 Y-57.789 Z-2.600 F400.000
G1 X-17.850 Y-57.789 Z-2.600 F400.000
G1 X-18.057 Y-57.803 Z-2.600 F400.000
G1 X-18.316 Y-57.837 Z-2.600 F400.000
G1 X-18.716 Y-57.944 Z-2.600 F400.000
G1 X-18.958 Y-58.044 Z-2.600 F400.000
G1 X-19.316 Y-58.251 Z-2.600 F400.000
G1 X-19.524 Y-58.410 Z-2.600 F400.000
G1 X-19.817 Y-58.703 Z-2.600 F400.000
G1 X-19.975 Y-58.910 Z-2.600 F400.000
G1 X-20.183 Y-59.269 Z-2.600 F400.000
G1 X-20.283 Y-59.510 Z-2.600 F400.000
G1 X-20.390 Y-59.910 Z-2.600 F400.000
G1 X-20.424 Y-60.169 Z-2.600 F400.000
G1 X-20.437 Y-60.376 Z-2.600 F400.000
G1 X-20.437 Y-83.244 Z-2.600 F400.000
G1 X-20.425 Y-83.521 Z-2.600 F400.000
G1 X-20.375 Y-83.881 Z-2.600 F400.000
G1 X-20.286 Y-84.234 Z-2.600 F400.000
G1 X-20.159 Y-84.575 Z-2.600 F400.000
G1 X-16.238 Y-92.990 Z-2.600 F400.000
G1 X-16.215 Y-93.046 Z-2.600 F400.000
G1 X-16.210 Y-93.063 Z-2.600 F400.000
G1 X-16.207 Y-93.081 Z-2.600 F400.000
G1 X-16.204 Y-93.141 Z-2.600 F400.000
G1 X-16.204 Y-96.032 Z-2.600 F400.000
G1 X-16.215 Y-96.141 Z-2.600 F400.000
G1 X-16.224 Y-96.170 Z-2.600 F400.000
G1 X-16.238 Y-96.196 Z-2.600 F400.000
G1 X-16.257 Y-96.220 Z-2.600 F400.000
G1 X-16.281 Y-96.239 Z-2.600 F400.000
G1 X-16.307 Y-96.253 Z-2.600 F400.000
G1 X-16.336 Y-96.262 Z-2.600 F400.000
G1 X-16.445 Y-96.273 Z-2.600 F400.000
G1 X-17.850 Y-96.273 Z-2.600 F400.000
G1 X-18.057 Y-96.287 Z-2.600 F400.000
G1 X-18.316 Y-96.321 Z-2.600 F400.000
G1 X-18.716 Y-96.428 Z-2.600 F400.000
G1 X-18.958 Y-96.528 Z-2.600 F400.000
G1 X-19.316 Y-96.735 Z-2.600 F400.000
G1 X-19.524 Y-96.894 Z-2.600 F400.000
G1 X-19.817 Y-97.187 Z-2.600 F400.000
G1 X-19.975 Y-97.394 Z-2.600 F400.000
G1 X-20.183 Y-97.753 Z-2.600 F400.000
G1 X-20.283 Y-97.994 Z-2.600 F400.000
G1 X-20.390 Y-98.394 Z-2.600 F400.000
G1 X-20.424 Y-98.653 Z-2.600 F400.000
G1 X-20.437 Y-98.860 Z-2.600 F400.000
G1 X-20.437 Y-121.728 Z-2.600 F400.000
G1 X-20.425 Y-122.005 Z-2.600 F400.000
G1 X-20.375 Y-122.365 Z-2.600 F400.000
G1 X-20.286 Y-122.718 Z-2.600 F400.000
G1 X-20.159 Y-123.059 Z-2.600 F400.000
G1 X-16.238 Y-131.474 Z-2.600 F400.000
G1 X-16.215 Y-131.531 Z-2.600 F400.000
G1 X-16.210 Y-131.547 Z-2.600 F400.000
G1 X-16.207 Y-131.565 Z-2.600 F400.000
G1 X-16.204 Y-131.625 Z-2.600 F400.000
G1 X-16.204 Y-134.516 Z-2.600 F400.000
G1 X-16.215 Y-134.625 Z-2.600 F400.000
G1 X-16.224 Y-134.654 Z-2.600 F400.000
G1 X-16.238 Y-134.680 Z-2.600 F400.000
G1 X-16.257 Y-134.704 Z-2.600 F400.000
G1 X-16.281 Y-134.723 Z-2.600 F400.000
G1 X-16.307 Y-134.738 Z-2.600 F400.000
G1 X-16.336 Y-134.746 Z-2.600 F400.000
G1 X-16.445 Y-134.757 Z-2.600 F400.000
G1 X-17.850 Y-134.757 Z-2.600 F400.000
G1 X-18.057 Y-134.771 Z-2.600 F400.000
G1 X-18.316 Y-134.805 Z-2.600 F400.000
G1 X-18.716 Y-134.912 Z-2.600 F400.000
G1 X-18.958 Y-135.012 Z-2.600 F400.000
G1 X-19.316 Y-135.219 Z-2.600 F400.000
G1 X-19.524 Y-135.378 Z-2.600 F400.000
G1 X-19.817 Y-135.671 Z-2.600 F400.000
G1 X-19.975 Y-135.878 Z-2.600 F400.000
G1 X-20.183 Y-136.237 Z-2.600 F400.000
G1 X-20.283 Y-136.478 Z-2.600 F400.000
G1 X-20.390 Y-136.878 Z-2.600 F400.000
G1 X-20.424 Y-137.137 Z-2.600 F400.000
G1 X-20.437 Y-137.344 Z-2.600 F400.000
G1 X-20.437 Y-160.212 Z-2.600 F400.000
G1 X-20.425 Y-160.489 Z-2.600 F400.000
G1 X-20.375 Y-160.849 Z-2.600 F400.000
G1 X-20.286 Y-161.202 Z-2.600 F400.000
G1 X-20.159 Y-161.543 Z-2.600 F400.000
G1 X-16.238 Y-169.958 Z-2.600 F400.000
G1 X-16.215 Y-170.015 Z-2.600 F400.000
G1 X-16.210 Y-170.031 Z-2.600 F400.000
G1 X-16.207 Y-170.049 Z-2.600 F400.000
G1 X-16.204 Y-170.109 Z-2.600 F400.000
G1 X-16.204 Y-173.000 Z-2.600 F400.000
G1 X-16.215 Y-173.109 Z-2.600 F400.000
G1 X-16.224 Y-173.138 Z-2.600 F400.000
G1 X-16.238 Y-173.164 Z-2.600 F400.000
G1 X-16.257 Y-173.188 Z-2.600 F400.000
G1 X-16.281 Y-173.207 Z-2.600 F400.000
G1 X-16.307 Y-173.222 Z-2.600 F400.000
G1 X-16.336 Y-173.230 Z-2.600 F400.000
G1 X-16.445 Y-173.241 Z-2.600 F400.000
G1 X-17.850 Y-173.241 Z-2.600 F400.000
G1 X-18.057 Y-173.255 Z-2.600 F400.000
G1 X-18.316 Y-173.289 Z-2.600 F400.000
G1 X-18.716 Y-173.396 Z-2.600 F400.000
G1 X-18.958 Y-173.496 Z-2.600 F400.000
G1 X-19.316 Y-173.703 Z-2.600 F400.000
G1 X-19.524 Y-173.862 Z-2.600 F400.000
G1 X-19.817 Y-174.155 Z-2.600 F400.000
G1 X-19.975 Y-174.362 Z-2.600 F400.000
G1 X-20.183 Y-174.721 Z-2.600 F400.000
G1 X-20.283 Y-174.962 Z-2.600 F400.000
G1 X-20.390 Y-175.362 Z-2.600 F400.000
G1 X-20.424 Y-175.621 Z-2.600 F400.000
G1 X-20.437 Y-175.828 Z-2.600 F400.000
G1 X-20.437 Y-198.696 Z-2.600 F400.000
G1 X-20.425 Y-198.973 Z-2.600 F400.000
G1 X-20.375 Y-199.333 Z-2.600 F400.000
G1 X-20.286 Y-199.686 Z-2.600 F400.000
G1 X-20.159 Y-200.027 Z-2.600 F400.000
G1 X-16.238 Y-208.442 Z-2.600 F400.000
G1 X-16.215 Y-208.499 Z-2.600 F400.000
G1 X-16.210 Y-208.515 Z-2.600 F400.000
G1 X-16.207 Y-208.533 Z-2.600 F400.000
G1 X-16.204 Y-208.593 Z-2.600 F400.000
G1 X-16.204 Y-211.485 Z-2.600 F400.000
G1 X-16.215 Y-211.593 Z-2.600 F400.000
G1 X-16.224 Y-211.622 Z-2.600 F400.000
G1 X-16.238 Y-211.649 Z-2.600 F400.000
G1 X-16.257 Y-211.672 Z-2.600 F400.000
G1 X-16.281 Y-211.691 Z-2.600 F400.000
G1 X-16.307 Y-211.706 Z-2.600 F400.000
G1 X-16.336 Y-211.714 Z-2.600 F400.000
G1 X-16.445 Y-211.725 Z-2.600 F400.000
G1 X-17.850 Y-211.725 Z-2.600 F400.000
G1 X-18.057 Y-211.739 Z-2.600 F400.000
G1 X-18.316 Y-211.773 Z-2.600 F400.000
G1 X-18.716 Y-211.880 Z-2.600 F400.000
G1 X-18.958 Y-211.980 Z-2.600 F400.000
G1 X-19.316 Y-212.187 Z-2.600 F400.000
G1 X-19.524 Y-212.346 Z-2.600 F400.000
G1 X-19.817 Y-212.639 Z-2.600 F400.000
G1 X-19.975 Y-212.846 Z-2.600 F400.000
G1 X-20.183 Y-213.205 Z-2.600 F400.000
G1 X-20.283 Y-213.446 Z-2.600 F400.000
G1 X-20.390 Y-213.846 Z-2.600 F400.000
G1 X-20.424 Y-214.105 Z-2.600 F400.000
G1 X-20.437 Y-214.313 Z-2.600 F400.000
G1 X-20.437 Y-228.500 Z-2.600 F400.000
G0 Z5.000
G0 X-20.437 Y-3.500
G0 Z3.000
G1 X-20.437 Y-3.500 Z-2.800 F250.000
G1 X-20.437 Y-27.417 Z-2.800 F400.000
G1 X-20.396 Y-27.914 Z-2.800 F400.000
G1 X-20.336 Y-28.219 Z-2.800 F400.000
G1 X-20.236 Y-28.548 Z-2.800 F400.000
G1 X-20.117 Y-28.835 Z-2.800 F400.000
G1 X-19.955 Y-29.138 Z-2.800 F400.000
G1 X-19.782 Y-29.396 Z-2.800 F400.000
G1 X-19.565 Y-29.662 Z-2.800 F400.000
G1 X-19.345 Y-29.882 Z-2.800 F400.000
G1 X-19.079 Y-30.099 Z-2.800 F400.000
G1 X-18.821 Y-30.272 Z-2.800 F400.000
G1 X-18.518 Y-30.434 Z-2.800 F400.000
G1 X-18.231 Y-30.553 Z-2.800 F400.000
G1 X-17.902 Y-30.653 Z-2.800 F400.000
G1 X-17.597 Y-30.713 Z-2.800 F400.000
G1 X-17.256 Y-30.747 Z-2.800 F400.000
G1 X-14.330 Y-30.754 Z-2.800 F400.000
G1 X-14.220 Y-30.765 Z-2.800 F400.000
G1 X-14.191 Y-30.774 Z-2.800 F400.000
G1 X-14.164 Y-30.788 Z-2.800 F400.000
G1 X-14.141 Y-30.808 Z-2.800 F400.000
G1 X-14.121 Y-30.831 Z-2.800 F400.000
G1 X-14.107 Y-30.858 Z-2.800 F400.000
G1 X-14.098 Y-30.887 Z-2.800 F400.000
G1 X-14.087 Y-30.995 Z-2.800 F400.000
G1 X-14.088 Y-32.702 Z-2.800 F400.000
G1 X-14.098 Y-32.810 Z-2.800 F400.000
G1 X-14.107 Y-32.839 Z-2.800 F400.000
G1 X-14.121 Y-32.866 Z-2.800 F400.000
G1 X-14.141 Y-32.889 Z-2.800 F400.000
G1 X-14.164 Y-32.908 Z-2.800 F400.000
G1 X-14.191 Y-32.923 Z-2.800 F400.000
G1 X-14.220 Y-32.931 Z-2.800 F400.000
G1 X-14.328 Y-32.942 Z-2.800 F400.000
G1 X-17.100 Y-32.942 Z-2.800 F400.000
G1 X-17.597 Y-32.983 Z-2.800 F400.000
G1 X-17.902 Y-33.044 Z-2.800 F400.000
G1 X-18.231 Y-33.144 Z-2.800 F400.000
G1 X-18.518 Y-33.263 Z-2.800 F400.000
G1 X-18.821 Y-33.424 Z-2.800 F400.000
G1 X-19.079 Y-33.597 Z-2.800 F400.000
G1 X-19.345 Y-33.815 Z-2.800 F400.000
G1 X-19.565 Y-34.035 Z-2.800 F400.000
G1 X-19.782 Y-34.300 Z-2.800 F400.000
G1 X-19.955 Y-34.559 Z-2.800 F400.000
G1 X-20.117 Y-34.862 Z-2.800 F400.000
G1 X-20.236 Y-35.149 Z-2.800 F400.000
G1 X-20.336 Y-35.477 Z-2.800 F400.000
G1 X-20.396 Y-35.783 Z-2.800 F400.000
G1 X-20.430 Y-36.124 Z-2.800 F400.000
G1 X-20.437 Y-44.760 Z-2.800 F400.000
G1 X-20.425 Y-45.037 Z-2.800 F400.000
G1 X-20.375 Y-45.397 Z-2.800 F400.000
G1 X-20.286 Y-45.750 Z-2.800 F400.000
G1 X-20.159 Y-46.091 Z-2.800 F400.000
G1 X-16.238 Y-54.506 Z-2.800 F400.000
G1 X-16.215 Y-54.562 Z-2.800 F400.000
G1 X-16.210 Y-54.579 Z-2.800 F400.000
G1 X-16.207 Y-54.597 Z-2.800 F400.000
G1 X-16.204 Y-54.657 Z-2.800 F400.000
G1 X-16.204 Y-57.548 Z-2.800 F400.000
G1 X-16.215 Y-57.657 Z-2.800 F400.000
G1 X-16.224 Y-57.686 Z-2.800 F400.000
G1 X-16.238 Y-57.712 Z-2.800 F400.000
G1 X-16.257 Y-57.736 Z-2.800 F400.000
G1 X-16.281 Y-57.755 Z-2.800 F400.000
G1 X-16.307 Y-57.769 Z-2.800 F400.000
G1 X-16.336 Y-57.778 Z-2.800 F400.000
G1 X-16.445 Y-57.789 Z-2.800 F400.000
G1 X-17.850 Y-57.789 Z-2.800 F400.000
G1 X-18.057 Y-57.803 Z-2.800 F400.000
G1 X-18.316 Y-57.837 Z-2.800 F400.000
G1 X-18.716 Y-57.944 Z-2.800 F400.000
G1 X-18.958 Y-58.044 Z-2.800 F400.000
G1 X-19.316 Y-58.251 Z-2.800 F400.000
G1 X-19.524 Y-58.410 Z-2.800 F400.000
G1 X-19.817 Y-58.703 Z-2.800 F400.000
G1 X-19.975 Y-58.910 Z-2.800 F400.000
G1 X-20.183 Y-59.269 Z-2.800 F400.000
G1 X-20.283 Y-59.510 Z-2.800 F400.000
G1 X-20.390 Y-59.910 Z-2.800 F400.000
G1 X-20.424 Y-60.169 Z-2.800 F400.000
G1 X-20.437 Y-60.376 Z-2.800 F400.000
G1 X-20.437 Y-83.244 Z-2.800 F400.000
G1 X-20.425 Y-83.521 Z-2.800 F400.000
G1 X-20.375 Y-83.881 Z-2.800 F400.000
G1 X-20.286 Y-84.234 Z-2.800 F400.000
G1 X-20.159 Y-84.575 Z-2.800 F400.000
G1 X-16.238 Y-92.990 Z-2.800 F400.000
G1 X-16.215 Y-93.046 Z-2.800 F400.000
G1 X-16.210 Y-93.063 Z-2.800 F400.000
G1 X-16.207 Y-93.081 Z-2.800 F400.000
G1 X-16.204 Y-93.141 Z-2.800 F400.000
G1 X-16.204 Y-96.032 Z-2.800 F400.000
G1 X-16.215 Y-96.141 Z-2.800 F400.000
G1 X-16.224 Y-96.170 Z-2.800 F400.000
G1 X-16.238 Y-96.196 Z-2.800 F400.000
G1 X-16.257 Y-96.220 Z-2.800 F400.000
G1 X-16.281 Y-96.239 Z-2.800 F400.000
G1 X-16.307 Y-96.253 Z-2.800 F400.000
G1 X-16.336 Y-96.262 Z-2.800 F400.000
G1 X-16.445 Y-96.273 Z-2.800 F400.000
G1 X-17.850 Y-96.273 Z-2.800 F400.000
G1 X-18.057 Y-96.287 Z-2.800 F400.000
G1 X-18.316 Y-96.321 Z-2.800 F400.000
G1 X-18.716 Y-96.428 Z-2.800 F400.000
G1 X-18.958 Y-96.528 Z-2.800 F400.000
G1 X-19.316 Y-96.735 Z-2.800 F400.000
G1 X-19.524 Y-96.894 Z-2.800 F400.000
G1 X-19.817 Y-97.187 Z-2.800 F400.000
G1 X-19.975 Y-97.394 Z-2.800 F400.000
G1 X-20.183 Y-97.753 Z-2.800 F400.000
G1 X-20.283 Y-97.994 Z-2.800 F400.000
G1 X-20.390 Y-98.394 Z-2.800 F400.000
G1 X-20.424 Y-98.653 Z-2.800 F400.000
G1 X-20.437 Y-98.860 Z-2.800 F400.000
G1 X-20.437 Y-121.728 Z-2.800 F400.000
G1 X-20.425 Y-122.005 Z-2.800 F400.000
G1 X-20.375 Y-122.365 Z-2.800 F400.000
G1 X-20.286 Y-122.718 Z-2.800 F400.000
G1 X-20.159 Y-123.059 Z-2.800 F400.000
G1 X-16.238 Y-131.474 Z-2.800 F400.000
G1 X-16.215 Y-131.531 Z-2.800 F400.000
G1 X-16.210 Y-131.547 Z-2.800 F400.000
G1 X-16.207 Y-131.565 Z-2.800 F400.000
G1 X-16.204 Y-131.625 Z-2.800 F400.000
G1 X-16.204 Y-134.516 Z-2.800 F400.000
G1 X-16.215 Y-134.625 Z-2.800 F400.000
G1 X-16.224 Y-134.654 Z-2.800 F400.000
G1 X-16.238 Y-134.680 Z-2.800 F400.000
G1 X-16.257 Y-134.704 Z-2.800 F400.000
G1 X-16.281 Y-134.723 Z-2.800 F400.000
G1 X-16.307 Y-134.738 Z-2.800 F400.000
G1 X-16.336 Y-134.746 Z-2.800 F400.000
G1 X-16.445 Y-134.757 Z-2.800 F400.000
G1 X-17.850 Y-134.757 Z-2.800 F400.000
G1 X-18.057 Y-134.771 Z-2.800 F400.000
G1 X-18.316 Y-134.805 Z-2.800 F400.000
G1 X-18.716 Y-134.912 Z-2.800 F400.000
G1 X-18.958 Y-135.012 Z-2.800 F400.000
G1 X-19.316 Y-135.219 Z-2.800 F400.000
G1 X-19.524 Y-135.378 Z-2.800 F400.000
G1 X-19.817 Y-135.671 Z-2.800 F400.000
G1 X-19.975 Y-135.878 Z-2.800 F400.000
G1 X-20.183 Y-136.237 Z-2.800 F400.000
G1 X-20.283 Y-136.478 Z-2.800 F400.000
G1 X-20.390 Y-136.878 Z-2.800 F400.000
G1 X-20.424 Y-137.137 Z-2.800 F400.000
G1 X-20.437 Y-137.344 Z-2.800 F400.000
G1 X-20.437 Y-160.212 Z-2.800 F400.000
G1 X-20.425 Y-160.489 Z-2.800 F400.000
G1 X-20.375 Y-160.849 Z-2.800 F400.000
G1 X-20.286 Y-161.202 Z-2.800 F400.000
G1 X-20.159 Y-161.543 Z-2.800 F400.000
G1 X-16.238 Y-169.958 Z-2.800 F400.000
G1 X-16.215 Y-170.015 Z-2.800 F400.000
G1 X-16.210 Y-170.031 Z-2.800 F400.000
G1 X-16.207 Y-170.049 Z-2.800 F400.000
G1 X-16.204 Y-170.109 Z-2.800 F400.000
G1 X-16.204 Y-173.000 Z-2.800 F400.000
G1 X-16.215 Y-173.109 Z-2.800 F400.000
G1 X-16.224 Y-173.138 Z-2.800 F400.000
G1 X-16.238 Y-173.164 Z-2.800 F400.000
G1 X-16.257 Y-173.188 Z-2.800 F400.000
G1 X-16.281 Y-173.207 Z-2.800 F400.000
G1 X-16.307 Y-173.222 Z-2.800 F400.000
G1 X-16.336 Y-173.230 Z-2.800 F400.000
G1 X-16.445 Y-173.241 Z-2.800 F400.000
G1 X-17.850 Y-173.241 Z-2.800 F400.000
G1 X-18.057 Y-173.255 Z-2.800 F400.000
G1 X-18.316 Y-173.289 Z-2.800 F400.000
G1 X-18.716 Y-173.396 Z-2.800 F400.000
G1 X-18.958 Y-173.496 Z-2.800 F400.000
G1 X-19.316 Y-173.703 Z-2.800 F400.000
G1 X-19.524 Y-173.862 Z-2.800 F400.000
G1 X-19.817 Y-174.155 Z-2.800 F400.000
G1 X-19.975 Y-174.362 Z-2.800 F400.000
G1 X-20.183 Y-174.721 Z-2.800 F400.000
G1 X-20.283 Y-174.962 Z-2.800 F400.000
G1 X-20.390 Y-175.362 Z-2.800 F400.000
G1 X-20.424 Y-175.621 Z-2.800 F400.000
G1 X-20.437 Y-175.828 Z-2.800 F400.000
G1 X-20.437 Y-198.696 Z-2.800 F400.000
G1 X-20.425 Y-198.973 Z-2.800 F400.000
G1 X-20.375 Y-199.333 Z-2.800 F400.000
G1 X-20.286 Y-199.686 Z-2.800 F400.000
G1 X-20.159 Y-200.027 Z-2.800 F400.000
G1 X-16.238 Y-208.442 Z-2.800 F400.000
G1 X-16.215 Y-208.499 Z-2.800 F400.000
G1 X-16.210 Y-208.515 Z-2.800 F400.000
G1 X-16.207 Y-208.533 Z-2.800 F400.000
G1 X-16.204 Y-208.593 Z-2.800 F400.000
G1 X-16.204 Y-211.485 Z-2.800 F400.000
G1 X-16.215 Y-211.593 Z-2.800 F400.000
G1 X-16.224 Y-211.622 Z-2.800 F400.000
G1 X-16.238 Y-211.649 Z-2.800 F400.000
G1 X-16.257 Y-211.672 Z-2.800 F400.000
G1 X-16.281 Y-211.691 Z-2.800 F400.000
G1 X-16.307 Y-211.706 Z-2.800 F400.000
G1 X-16.336 Y-211.714 Z-2.800 F400.000
G1 X-16.445 Y-211.725 Z-2.800 F400.000
G1 X-17.850 Y-211.725 Z-2.800 F400.000
G1 X-18.057 Y-211.739 Z-2.800 F400.000
G1 X-18.316 Y-211.773 Z-2.800 F400.000
G1 X-18.716 Y-211.880 Z-2.800 F400.000
G1 X-18.958 Y-211.980 Z-2.800 F400.000
G1 X-19.316 Y-212.187 Z-2.800 F400.000
G1 X-19.524 Y-212.346 Z-2.800 F400.000
G1 X-19.817 Y-212.639 Z-2.800 F400.000
G1 X-19.975 Y-212.846 Z-2.800 F400.000
G1 X-20.183 Y-213.205 Z-2.800 F400.000
G1 X-20.283 Y-213.446 Z-2.800 F400.000
G1 X-20.390 Y-213.846 Z-2.800 F400.000
G1 X-20.424 Y-214.105 Z-2.800 F400.000
G1 X-20.437 Y-214.313 Z-2.800 F400.000
G1 X-20.437 Y-228.500 Z-2.800 F400.000
G0 Z5.000
G0 X-20.437 Y-3.500
G0 Z3.000
G1 X-20.437 Y-3.500 Z-3.000 F250.000
G1 X-20.437 Y-27.417 Z-3.000 F400.000
G1 X-20.396 Y-27.914 Z-3.000 F400.000
G1 X-20.336 Y-28.219 Z-3.000 F400.000
G1 X-20.236 Y-28.548 Z-3.000 F400.000
G1 X-20.117 Y-28.835 Z-3.000 F400.000
G1 X-19.955 Y-29.138 Z-3.000 F400.000
G1 X-19.782 Y-29.396 Z-3.000 F400.000
G1 X-19.565 Y-29.662 Z-3.000 F400.000
G1 X-19.345 Y-29.882 Z-3.000 F400.000
G1 X-19.079 Y-30.099 Z-3.000 F400.000
G1 X-18.821 Y-30.272 Z-3.000 F400.000
G1 X-18.518 Y-30.434 Z-3.000 F400.000
G1 X-18.231 Y-30.553 Z-3.000 F400.000
G1 X-17.902 Y-30.653 Z-3.000 F400.000
G1 X-17.597 Y-30.713 Z-3.000 F400.000
G1 X-17.256 Y-30.747 Z-3.000 F400.000
G1 X-14.330 Y-30.754 Z-3.000 F400.000
G1 X-14.220 Y-30.765 Z-3.000 F400.000
G1 X-14.191 Y-30.774 Z-3.000 F400.000
G1 X-14.164 Y-30.788 Z-3.000 F400.000
G1 X-14.141 Y-30.808 Z-3.000 F400.000
G1 X-14.121 Y-30.831 Z-3.000 F400.000
G1 X-14.107 Y-30.858 Z-3.000 F400.000
G1 X-14.098 Y-30.887 Z-3.000 F400.000
G1 X-14.087 Y-30.995 Z-3.000 F400.000
G1 X-14.088 Y-32.702 Z-3.000 F400.000
G1 X-14.098 Y-32.810 Z-3.000 F400.000
G1 X-14.107 Y-32.839 Z-3.000 F400.000
G1 X-14.121 Y-32.866 Z-3.000 F400.000
G1 X-14.141 Y-32.889 Z-3.000 F400.000
G1 X-14.164 Y-32.908 Z-3.000 F400.000
G1 X-14.191 Y-32.923 Z-3.000 F400.000
G1 X-14.220 Y-32.931 Z-3.000 F400.000
G1 X-14.328 Y-32.942 Z-3.000 F400.000
G1 X-17.100 Y-32.942 Z-3.000 F400.000
G1 X-17.597 Y-32.983 Z-3.000 F400.000
G1 X-17.902 Y-33.044 Z-3.000 F400.000
G1 X-18.231 Y-33.144 Z-3.000 F400.000
G1 X-18.518 Y-33.263 Z-3.000 F400.000
G1 X-18.821 Y-33.424 Z-3.000 F400.000
G1 X-19.079 Y-33.597 Z-3.000 F400.000
G1 X-19.345 Y-33.815 Z-3.000 F400.000
G1 X-19.565 Y-34.035 Z-3.000 F400.000
G1 X-19.782 Y-34.300 Z-3.000 F400.000
G1 X-19.955 Y-34.559 Z-3.000 F400.000
G1 X-20.117 Y-34.862 Z-3.000 F400.000
G1 X-20.236 Y-35.149 Z-3.000 F400.000
G1 X-20.336 Y-35.477 Z-3.000 F400.000
G1 X-20.396 Y-35.783 Z-3.000 F400.000
G1 X-20.430 Y-36.124 Z-3.000 F400.000
G1 X-20.437 Y-44.760 Z-3.000 F400.000
G1 X-20.425 Y-45.037 Z-3.000 F400.000
G1 X-20.375 Y-45.397 Z-3.000 F400.000
G1 X-20.286 Y-45.750 Z-3.000 F400.000
G1 X-20.159 Y-46.091 Z-3.000 F400.000
G1 X-16.238 Y-54.506 Z-3.000 F400.000
G1 X-16.215 Y-54.562 Z-3.000 F400.000
G1 X-16.210 Y-54.579 Z-3.000 F400.000
G1 X-16.207 Y-54.597 Z-3.000 F400.000
G1 X-16.204 Y-54.657 Z-3.000 F400.000
G1 X-16.204 Y-57.548 Z-3.000 F400.000
G1 X-16.215 Y-57.657 Z-3.000 F400.000
G1 X-16.224 Y-57.686 Z-3.000 F400.000
G1 X-16.238 Y-57.712 Z-3.000 F400.000
G1 X-16.257 Y-57.736 Z-3.000 F400.000
G1 X-16.281 Y-57.755 Z-3.000 F400.000
G1 X-16.307 Y-57.769 Z-3.000 F400.000
G1 X-16.336 Y-57.778 Z-3.000 F400.000
G1 X-16.445 Y-57.789 Z-3.000 F400.000
G1 X-17.850 Y-57.789 Z-3.000 F400.000
G1 X-18.057 Y-57.803 Z-3.000 F400.000
G1 X-18.316 Y-57.837 Z-3.000 F400.000
G1 X-18.716 Y-57.944 Z-3.000 F400.000
G1 X-18.958 Y-58.044 Z-3.000 F400.000
G1 X-19.316 Y-58.251 Z-3.000 F400.000
G1 X-19.524 Y-58.410 Z-3.000 F400.000
G1 X-19.817 Y-58.703 Z-3.000 F400.000
G1 X-19.975 Y-58.910 Z-3.000 F400.000
G1 X-20.183 Y-59.269 Z-3.000 F400.000
G1 X-20.283 Y-59.510 Z-3.000 F400.000
G1 X-20.390 Y-59.910 Z-3.000 F400.000
G1 X-20.424 Y-60.169 Z-3.000 F400.000
G1 X-20.437 Y-60.376 Z-3.000 F400.000
G1 X-20.437 Y-83.244 Z-3.000 F400.000
G1 X-20.425 Y-83.521 Z-3.000 F400.000
G1 X-20.375 Y-83.881 Z-3.000 F400.000
G1 X-20.286 Y-84.234 Z-3.000 F400.000
G1 X-20.159 Y-84.575 Z-3.000 F400.000
G1 X-16.238 Y-92.990 Z-3.000 F400.000
G1 X-16.215 Y-93.046 Z-3.000 F400.000
G1 X-16.210 Y-93.063 Z-3.000 F400.000
G1 X-16.207 Y-93.081 Z-3.000 F400.000
G1 X-16.204 Y-93.141 Z-3.000 F400.000
G1 X-16.204 Y-96.032 Z-3.000 F400.000
G1 X-16.215 Y-96.141 Z-3.000 F400.000
G1 X-16.224 Y-96.170 Z-3.000 F400.000
G1 X-16.238 Y-96.196 Z-3.000 F400.000
G1 X-16.257 Y-96.220 Z-3.000 F400.000
G1 X-16.281 Y-96.239 Z-3.000 F400.000
G1 X-16.307 Y-96.253 Z-3.000 F400.000
G1 X-16.336 Y-96.262 Z-3.000 F400.000
G1 X-16.445 Y-96.273 Z-3.000 F400.000
G1 X-17.850 Y-96.273 Z-3.000 F400.000
G1 X-18.057 Y-96.287 Z-3.000 F400.000
G1 X-18.316 Y-96.321 Z-3.000 F400.000
G1 X-18.716 Y-96.428 Z-3.000 F400.000
G1 X-18.958 Y-96.528 Z-3.000 F400.000
G1 X-19.316 Y-96.735 Z-3.000 F400.000
G1 X-19.524 Y-96.894 Z-3.000 F400.000
G1 X-19.817 Y-97.187 Z-3.000 F400.000
G1 X-19.975 Y-97.394 Z-3.000 F400.000
G1 X-20.183 Y-97.753 Z-3.000 F400.000
G1 X-20.283 Y-97.994 Z-3.000 F400.000
G1 X-20.390 Y-98.394 Z-3.000 F400.000
G1 X-20.424 Y-98.653 Z-3.000 F400.000
G1 X-20.437 Y-98.860 Z-3.000 F400.000
G1 X-20.437 Y-121.728 Z-3.000 F400.000
G1 X-20.425 Y-122.005 Z-3.000 F400.000
G1 X-20.375 Y-122.365 Z-3.000 F400.000
G1 X-20.286 Y-122.718 Z-3.000 F400.000
G1 X-20.159 Y-123.059 Z-3.000 F400.000
G1 X-16.238 Y-131.474 Z-3.000 F400.000
G1 X-16.215 Y-131.531 Z-3.000 F400.000
G1 X-16.210 Y-131.547 Z-3.000 F400.000
G1 X-16.207 Y-131.565 Z-3.000 F400.000
G1 X-16.204 Y-131.625 Z-3.000 F400.000
G1 X-16.204 Y-134.516 Z-3.000 F400.000
G1 X-16.215 Y-134.625 Z-3.000 F400.000
G1 X-16.224 Y-134.654 Z-3.000 F400.000
G1 X-16.238 Y-134.680 Z-3.000 F400.000
G1 X-16.257 Y-134.704 Z-3.000 F400.000
G1 X-16.281 Y-134.723 Z-3.000 F400.000
G1 X-16.307 Y-134.738 Z-3.000 F400.000
G1 X-16.336 Y-134.746 Z-3.000 F400.000
G1 X-16.445 Y-134.757 Z-3.000 F400.000
G1 X-17.850 Y-134.757 Z-3.000 F400.000
G1 X-18.057 Y-134.771 Z-3.000 F400.000
G1 X-18.316 Y-134.805 Z-3.000 F400.000
G1 X-18.716 Y-134.912 Z-3.000 F400.000
G1 X-18.958 Y-135.012 Z-3.000 F400.000
G1 X-19.316 Y-135.219 Z-3.000 F400.000
G1 X-19.524 Y-135.378 Z-3.000 F400.000
G1 X-19.817 Y-135.671 Z-3.000 F400.000
G1 X-19.975 Y-135.878 Z-3.000 F400.000
G1 X-20.183 Y-136.237 Z-3.000 F400.000
G1 X-20.283 Y-136.478 Z-3.000 F400.000
G1 X-20.390 Y-136.878 Z-3.000 F400.000
G1 X-20.424 Y-137.137 Z-3.000 F400.000
G1 X-20.437 Y-137.344 Z-3.000 F400.000
G1 X-20.437 Y-160.212 Z-3.000 F400.000
G1 X-20.425 Y-160.489 Z-3.000 F400.000
G1 X-20.375 Y-160.849 Z-3.000 F400.000
G1 X-20.286 Y-161.202 Z-3.000 F400.000
G1 X-20.159 Y-161.543 Z-3.000 F400.000
G1 X-16.238 Y-169.958 Z-3.000 F400.000
G1 X-16.215 Y-170.015 Z-3.000 F400.000
G1 X-16.210 Y-170.031 Z-3.000 F400.000
G1 X-16.207 Y-170.049 Z-3.000 F400.000
G1 X-16.204 Y-170.109 Z-3.000 F400.000
G1 X-16.204 Y-173.000 Z-3.000 F400.000
G1 X-16.215 Y-173.109 Z-3.000 F400.000
G1 X-16.224 Y-173.138 Z-3.000 F400.000
G1 X-16.238 Y-173.164 Z-3.000 F400.000
G1 X-16.257 Y-173.188 Z-3.000 F400.000
G1 X-16.281 Y-173.207 Z-3.000 F400.000
G1 X-16.307 Y-173.222 Z-3.000 F400.000
G1 X-16.336 Y-173.230 Z-3.000 F400.000
G1 X-16.445 Y-173.241 Z-3.000 F400.000
G1 X-17.850 Y-173.241 Z-3.000 F400.000
G1 X-18.057 Y-173.255 Z-3.000 F400.000
G1 X-18.316 Y-173.289 Z-3.000 F400.000
G1 X-18.716 Y-173.396 Z-3.000 F400.000
G1 X-18.958 Y-173.496 Z-3.000 F400.000
G1 X-19.316 Y-173.703 Z-3.000 F400.000
G1 X-19.524 Y-173.862 Z-3.000 F400.000
G1 X-19.817 Y-174.155 Z-3.000 F400.000
G1 X-19.975 Y-174.362 Z-3.000 F400.000
G1 X-20.183 Y-174.721 Z-3.000 F400.000
G1 X-20.283 Y-174.962 Z-3.000 F400.000
G1 X-20.390 Y-175.362 Z-3.000 F400.000
G1 X-20.424 Y-175.621 Z-3.000 F400.000
G1 X-20.437 Y-175.828 Z-3.000 F400.000
G1 X-20.437 Y-198.696 Z-3.000 F400.000
G1 X-20.425 Y-198.973 Z-3.000 F400.000
G1 X-20.375 Y-199.333 Z-3.000 F400.000
G1 X-20.286 Y-199.686 Z-3.000 F400.000
G1 X-20.159 Y-200.027 Z-3.000 F400.000
G1 X-16.238 Y-208.442 Z-3.000 F400.000
G1 X-16.215 Y-208.499 Z-3.000 F400.000
G1 X-16.210 Y-208.515 Z-3.000 F400.000
G1 X-16.207 Y-208.533 Z-3.000 F400.000
G1 X-16.204 Y-208.593 Z-3.000 F400.000
G1 X-16.204 Y-211.485 Z-3.000 F400.000
G1 X-16.215 Y-211.593 Z-3.000 F400.000
G1 X-16.224 Y-211.622 Z-3.000 F400.000
G1 X-16.238 Y-211.649 Z-3.000 F400.000
G1 X-16.257 Y-211.672 Z-3.000 F400.000
G1 X-16.281 Y-211.691 Z-3.000 F400.000
G1 X-16.307 Y-211.706 Z-3.000 F400.000
G1 X-16.336 Y-211.714 Z-3.000 F400.000
G1 X-16.445 Y-211.725 Z-3.000 F400.000
G1 X-17.850 Y-211.725 Z-3.000 F400.000
G1 X-18.057 Y-211.739 Z-3.000 F400.000
G1 X-18.316 Y-211.773 Z-3.000 F400.000
G1 X-18.716 Y-211.880 Z-3.000 F400.000
G1 X-18.958 Y-211.980 Z-3.000 F400.000
G1 X-19.316 Y-212.187 Z-3.000 F400.000
G1 X-19.524 Y-212.346 Z-3.000 F400.000
G1 X-19.817 Y-212.639 Z-3.000 F400.000
G1 X-19.975 Y-212.846 Z-3.000 F400.000
G1 X-20.183 Y-213.205 Z-3.000 F400.000
G1 X-20.283 Y-213.446 Z-3.000 F400.000
G1 X-20.390 Y-213.846 Z-3.000 F400.000
G1 X-20.424 Y-214.105 Z-3.000 F400.000
G1 X-20.437 Y-214.313 Z-3.000 F400.000
G1 X-20.437 Y-228.500 Z-3.000 F400.000
G0 Z5.000
G0 X-20.437 Y-3.500
G0 Z3.000
G1 X-20.437 Y-3.500 Z-3.200 F250.000
G1 X-20.437 Y-27.417 Z-3.200 F400.000
G1 X-20.396 Y-27.914 Z-3.200 F400.000
G1 X-20.336 Y-28.219 Z-3.200 F400.000
G1 X-20.236 Y-28.548 Z-3.200 F400.000
G1 X-20.117 Y-28.835 Z-3.200 F400.000
G1 X-19.955 Y-29.138 Z-3.200 F400.000
G1 X-19.782 Y-29.396 Z-3.200 F400.000
G1 X-19.565 Y-29.662 Z-3.200 F400.000
G1 X-19.345 Y-29.882 Z-3.200 F400.000
G1 X-19.079 Y-30.099 Z-3.200 F400.000
G1 X-18.821 Y-30.272 Z-3.200 F400.000
G1 X-18.518 Y-30.434 Z-3.200 F400.000
G1 X-18.231 Y-30.553 Z-3.200 F400.000
G1 X-17.902 Y-30.653 Z-3.200 F400.000
G1 X-17.597 Y-30.713 Z-3.200 F400.000
G1 X-17.256 Y-30.747 Z-3.200 F400.000
G1 X-14.330 Y-30.754 Z-3.200 F400.000
G1 X-14.220 Y-30.765 Z-3.200 F400.000
G1 X-14.191 Y-30.774 Z-3.200 F400.000
G1 X-14.164 Y-30.788 Z-3.200 F400.000
G1 X-14.141 Y-30.808 Z-3.200 F400.000
G1 X-14.121 Y-30.831 Z-3.200 F400.000
G1 X-14.107 Y-30.858 Z-3.200 F400.000
G1 X-14.098 Y-30.887 Z-3.200 F400.000
G1 X-14.087 Y-30.995 Z-3.200 F400.000
G1 X-14.088 Y-32.702 Z-3.200 F400.000
G1 X-14.098 Y-32.810 Z-3.200 F400.000
G1 X-14.107 Y-32.839 Z-3.200 F400.000
G1 X-14.121 Y-32.866 Z-3.200 F400.000
G1 X-14.141 Y-32.889 Z-3.200 F400.000
G1 X-14.164 Y-32.908 Z-3.200 F400.000
G1 X-14.191 Y-32.923 Z-3.200 F400.000
G1 X-14.220 Y-32.931 Z-3.200 F400.000
G1 X-14.328 Y-32.942 Z-3.200 F400.000
G1 X-17.100 Y-32.942 Z-3.200 F400.000
G1 X-17.597 Y-32.983 Z-3.200 F400.000
G1 X-17.902 Y-33.044 Z-3.200 F400.000
G1 X-18.231 Y-33.144 Z-3.200 F400.000
G1 X-18.518 Y-33.263 Z-3.200 F400.000
G1 X-18.821 Y-33.424 Z-3.200 F400.000
G1 X-19.079 Y-33.597 Z-3.200 F400.000
G1 X-19.345 Y-33.815 Z-3.200 F400.000
G1 X-19.565 Y-34.035 Z-3.200 F400.000
G1 X-19.782 Y-34.300 Z-3.200 F400.000
G1 X-19.955 Y-34.559 Z-3.200 F400.000
G1 X-20.117 Y-34.862 Z-3.200 F400.000
G1 X-20.236 Y-35.149 Z-3.200 F400.000
G1 X-20.336 Y-35.477 Z-3.200 F400.000
G1 X-20.396 Y-35.783 Z-3.200 F400.000
G1 X-20.430 Y-36.124 Z-3.200 F400.000
G1 X-20.437 Y-44.760 Z-3.200 F400.000
G1 X-20.425 Y-45.037 Z-3.200 F400.000
G1 X-20.375 Y-45.397 Z-3.200 F400.000
G1 X-20.286 Y-45.750 Z-3.200 F400.000
G1 X-20.159 Y-46.091 Z-3.200 F400.000
G1 X-16.238 Y-54.506 Z-3.200 F400.000
G1 X-16.215 Y-54.562 Z-3.200 F400.000
G1 X-16.210 Y-54.579 Z-3.200 F400.000
G1 X-16.207 Y-54.597 Z-3.200 F400.000
G1 X-16.204 Y-54.657 Z-3.200 F400.000
G1 X-16.204 Y-57.548 Z-3.200 F400.000
G1 X-16.215 Y-57.657 Z-3.200 F400.000
G1 X-16.224 Y-57.686 Z-3.200 F400.000
G1 X-16.238 Y-57.712 Z-3.200 F400.000
G1 X-16.257 Y-57.736 Z-3.200 F400.000
G1 X-16.281 Y-57.755 Z-3.200 F400.000
G1 X-16.307 Y-57.769 Z-3.200 F400.000
G1 X-16.336 Y-57.778 Z-3.200 F400.000
G1 X-16.445 Y-57.789 Z-3.200 F400.000
G1 X-17.850 Y-57.789 Z-3.200 F400.000
G1 X-18.057 Y-57.803 Z-3.200 F400.000
G1 X-18.316 Y-57.837 Z-3.200 F400.000
G1 X-18.716 Y-57.944 Z-3.200 F400.000
G1 X-18.958 Y-58.044 Z-3.200 F400.000
G1 X-19.316 Y-58.251 Z-3.200 F400.000
G1 X-19.524 Y-58.410 Z-3.200 F400.000
G1 X-19.817 Y-58.703 Z-3.200 F400.000
G1 X-19.975 Y-58.910 Z-3.200 F400.000
G1 X-20.183 Y-59.269 Z-3.200 F400.000
G1 X-20.283 Y-59.510 Z-3.200 F400.000
G1 X-20.390 Y-59.910 Z-3.200 F400.000
G1 X-20.424 Y-60.169 Z-3.200 F400.000
G1 X-20.437 Y-60.376 Z-3.200 F400.000
G1 X-20.437 Y-83.244 Z-3.200 F400.000
G1 X-20.425 Y-83.521 Z-3.200 F400.000
G1 X-20.375 Y-83.881 Z-3.200 F400.000
G1 X-20.286 Y-84.234 Z-3.200 F400.000
G1 X-20.159 Y-84.575 Z-3.200 F400.000
G1 X-16.238 Y-92.990 Z-3.200 F400.000
G1 X-16.215 Y-93.046 Z-3.200 F400.000
G1 X-16.210 Y-93.063 Z-3.200 F400.000
G1 X-16.207 Y-93.081 Z-3.200 F400.000
G1 X-16.204 Y-93.141 Z-3.200 F400.000
G1 X-16.204 Y-96.032 Z-3.200 F400.000
G1 X-16.215 Y-96.141 Z-3.200 F400.000
G1 X-16.224 Y-96.170 Z-3.200 F400.000
G1 X-16.238 Y-96.196 Z-3.200 F400.000
G1 X-16.257 Y-96.220 Z-3.200 F400.000
G1 X-16.281 Y-96.239 Z-3.200 F400.000
G1 X-16.307 Y-96.253 Z-3.200 F400.000
G1 X-16.336 Y-96.262 Z-3.200 F400.000
G1 X-16.445 Y-96.273 Z-3.200 F400.000
G1 X-17.850 Y-96.273 Z-3.200 F400.000
G1 X-18.057 Y-96.287 Z-3.200 F400.000
G1 X-18.316 Y-96.321 Z-3.200 F400.000
G1 X-18.716 Y-96.428 Z-3.200 F400.000
G1 X-18.958 Y-96.528 Z-3.200 F400.000
G1 X-19.316 Y-96.735 Z-3.200 F400.000
G1 X-19.524 Y-96.894 Z-3.200 F400.000
G1 X-19.817 Y-97.187 Z-3.200 F400.000
G1 X-19.975 Y-97.394 Z-3.200 F400.000
G1 X-20.183 Y-97.753 Z-3.200 F400.000
G1 X-20.283 Y-97.994 Z-3.200 F400.000
G1 X-20.390 Y-98.394 Z-3.200 F400.000
G1 X-20.424 Y-98.653 Z-3.200 F400.000
G1 X-20.437 Y-98.860 Z-3.200 F400.000
G1 X-20.437 Y-121.728 Z-3.200 F400.000
G1 X-20.425 Y-122.005 Z-3.200 F400.000
G1 X-20.375 Y-122.365 Z-3.200 F400.000
G1 X-20.286 Y-122.718 Z-3.200 F400.000
G1 X-20.159 Y-123.059 Z-3.200 F400.000
G1 X-16.238 Y-131.474 Z-3.200 F400.000
G1 X-16.215 Y-131.531 Z-3.200 F400.000
G1 X-16.210 Y-131.547 Z-3.200 F400.000
G1 X-16.207 Y-131.565 Z-3.200 F400.000
G1 X-16.204 Y-131.625 Z-3.200 F400.000
G1 X-16.204 Y-134.516 Z-3.200 F400.000
G1 X-16.215 Y-134.625 Z-3.200 F400.000
G1 X-16.224 Y-134.654 Z-3.200 F400.000
G1 X-16.238 Y-134.680 Z-3.200 F400.000
G1 X-16.257 Y-134.704 Z-3.200 F400.000
G1 X-16.281 Y-134.723 Z-3.200 F400.000
G1 X-16.307 Y-134.738 Z-3.200 F400.000
G1 X-16.336 Y-134.746 Z-3.200 F400.000
G1 X-16.445 Y-134.757 Z-3.200 F400.000
G1 X-17.850 Y-134.757 Z-3.200 F400.000
G1 X-18.057 Y-134.771 Z-3.200 F400.000
G1 X-18.316 Y-134.805 Z-3.200 F400.000
G1 X-18.716 Y-134.912 Z-3.200 F400.000
G1 X-18.958 Y-135.012 Z-3.200 F400.000
G1 X-19.316 Y-135.219 Z-3.200 F400.000
G1 X-19.524 Y-135.378 Z-3.200 F400.000
G1 X-19.817 Y-135.671 Z-3.200 F400.000
G1 X-19.975 Y-135.878 Z-3.200 F400.000
G1 X-20.183 Y-136.237 Z-3.200 F400.000
G1 X-20.283 Y-136.478 Z-3.200 F400.000
G1 X-20.390 Y-136.878 Z-3.200 F400.000
G1 X-20.424 Y-137.137 Z-3.200 F400.000
G1 X-20.437 Y-137.344 Z-3.200 F400.000
G1 X-20.437 Y-160.212 Z-3.200 F400.000
G1 X-20.425 Y-160.489 Z-3.200 F400.000
G1 X-20.375 Y-160.849 Z-3.200 F400.000
G1 X-20.286 Y-161.202 Z-3.200 F400.000
G1 X-20.159 Y-161.543 Z-3.200 F400.000
G1 X-16.238 Y-169.958 Z-3.200 F400.000
G1 X-16.215 Y-170.015 Z-3.200 F400.000
G1 X-16.210 Y-170.031 Z-3.200 F400.000
G1 X-16.207 Y-170.049 Z-3.200 F400.000
G1 X-16.204 Y-170.109 Z-3.200 F400.000
G1 X-16.204 Y-173.000 Z-3.200 F400.000
G1 X-16.215 Y-173.109 Z-3.200 F400.000
G1 X-16.224 Y-173.138 Z-3.200 F400.000
G1 X-16.238 Y-173.164 Z-3.200 F400.000
G1 X-16.257 Y-173.188 Z-3.200 F400.000
G1 X-16.281 Y-173.207 Z-3.200 F400.000
G1 X-16.307 Y-173.222 Z-3.200 F400.000
G1 X-16.336 Y-173.230 Z-3.200 F400.000
G1 X-16.445 Y-173.241 Z-3.200 F400.000
G1 X-17.850 Y-173.241 Z-3.200 F400.000
G1 X-18.057 Y-173.255 Z-3.200 F400.000
G1 X-18.316 Y-173.289 Z-3.200 F400.000
G1 X-18.716 Y-173.396 Z-3.200 F400.000
G1 X-18.958 Y-173.496 Z-3.200 F400.000
G1 X-19.316 Y-173.703 Z-3.200 F400.000
G1 X-19.524 Y-173.862 Z-3.200 F400.000
G1 X-19.817 Y-174.155 Z-3.200 F400.000
G1 X-19.975 Y-174.362 Z-3.200 F400.000
G1 X-20.183 Y-174.721 Z-3.200 F400.000
G1 X-20.283 Y-174.962 Z-3.200 F400.000
G1 X-20.390 Y-175.362 Z-3.200 F400.000
G1 X-20.424 Y-175.621 Z-3.200 F400.000
G1 X-20.437 Y-175.828 Z-3.200 F400.000
G1 X-20.437 Y-198.696 Z-3.200 F400.000
G1 X-20.425 Y-198.973 Z-3.200 F400.000
G1 X-20.375 Y-199.333 Z-3.200 F400.000
G1 X-20.286 Y-199.686 Z-3.200 F400.000
G1 X-20.159 Y-200.027 Z-3.200 F400.000
G1 X-16.238 Y-208.442 Z-3.200 F400.000
G1 X-16.215 Y-208.499 Z-3.200 F400.000
G1 X-16.210 Y-208.515 Z-3.200 F400.000
G1 X-16.207 Y-208.533 Z-3.200 F400.000
G1 X-16.204 Y-208.593 Z-3.200 F400.000
G1 X-16.204 Y-211.485 Z-3.200 F400.000
G1 X-16.215 Y-211.593 Z-3.200 F400.000
G1 X-16.224 Y-211.622 Z-3.200 F400.000
G1 X-16.238 Y-211.649 Z-3.200 F400.000
G1 X-16.257 Y-211.672 Z-3.200 F400.000
G1 X-16.281 Y-211.691 Z-3.200 F400.000
G1 X-16.307 Y-211.706 Z-3.200 F400.000
G1 X-16.336 Y-211.714 Z-3.200 F400.000
G1 X-16.445 Y-211.725 Z-3.200 F400.000
G1 X-17.850 Y-211.725 Z-3.200 F400.000
G1 X-18.057 Y-211.739 Z-3.200 F400.000
G1 X-18.316 Y-211.773 Z-3.200 F400.000
G1 X-18.716 Y-211.880 Z-3.200 F400.000
G1 X-18.958 Y-211.980 Z-3.200 F400.000
G1 X-19.316 Y-212.187 Z-3.200 F400.000
G1 X-19.524 Y-212.346 Z-3.200 F400.000
G1 X-19.817 Y-212.639 Z-3.200 F400.000
G1 X-19.975 Y-212.846 Z-3.200 F400.000
G1 X-20.183 Y-213.205 Z-3.200 F400.000
G1 X-20.283 Y-213.446 Z-3.200 F400.000
G1 X-20.390 Y-213.846 Z-3.200 F400.000
G1 X-20.424 Y-214.105 Z-3.200 F400.000
G1 X-20.437 Y-214.313 Z-3.200 F400.000
G1 X-20.437 Y-228.500 Z-3.200 F400.000
G0 Z5.000
G0 X-20.437 Y-3.500
G0 Z3.000
G1 X-20.437 Y-3.500 Z-3.400 F250.000
G1 X-20.437 Y-27.417 Z-3.400 F400.000
G1 X-20.396 Y-27.914 Z-3.400 F400.000
G1 X-20.336 Y-28.219 Z-3.400 F400.000
G1 X-20.236 Y-28.548 Z-3.400 F400.000
G1 X-20.117 Y-28.835 Z-3.400 F400.000
G1 X-19.955 Y-29.138 Z-3.400 F400.000
G1 X-19.782 Y-29.396 Z-3.400 F400.000
G1 X-19.565 Y-29.662 Z-3.400 F400.000
G1 X-19.345 Y-29.882 Z-3.400 F400.000
G1 X-19.079 Y-30.099 Z-3.400 F400.000
G1 X-18.821 Y-30.272 Z-3.400 F400.000
G1 X-18.518 Y-30.434 Z-3.400 F400.000
G1 X-18.231 Y-30.553 Z-3.400 F400.000
G1 X-17.902 Y-30.653 Z-3.400 F400.000
G1 X-17.597 Y-30.713 Z-3.400 F400.000
G1 X-17.256 Y-30.747 Z-3.400 F400.000
G1 X-14.330 Y-30.754 Z-3.400 F400.000
G1 X-14.220 Y-30.765 Z-3.400 F400.000
G1 X-14.191 Y-30.774 Z-3.400 F400.000
G1 X-14.164 Y-30.788 Z-3.400 F400.000
G1 X-14.141 Y-30.808 Z-3.400 F400.000
G1 X-14.121 Y-30.831 Z-3.400 F400.000
G1 X-14.107 Y-30.858 Z-3.400 F400.000
G1 X-14.098 Y-30.887 Z-3.400 F400.000
G1 X-14.087 Y-30.995 Z-3.400 F400.000
G1 X-14.088 Y-32.702 Z-3.400 F400.000
G1 X-14.098 Y-32.810 Z-3.400 F400.000
G1 X-14.107 Y-32.839 Z-3.400 F400.000
G1 X-14.121 Y-32.866 Z-3.400 F400.000
G1 X-14.141 Y-32.889 Z-3.400 F400.000
G1 X-14.164 Y-32.908 Z-3.400 F400.000
G1 X-14.191 Y-32.923 Z-3.400 F400.000
G1 X-14.220 Y-32.931 Z-3.400 F400.000
G1 X-14.328 Y-32.942 Z-3.400 F400.000
G1 X-17.100 Y-32.942 Z-3.400 F400.000
G1 X-17.597 Y-32.983 Z-3.400 F400.000
G1 X-17.902 Y-33.044 Z-3.400 F400.000
G1 X-18.231 Y-33.144 Z-3.400 F400.000
G1 X-18.518 Y-33.263 Z-3.400 F400.000
G1 X-18.821 Y-33.424 Z-3.400 F400.000
G1 X-19.079 Y-33.597 Z-3.400 F400.000
G1 X-19.345 Y-33.815 Z-3.400 F400.000
G1 X-19.565 Y-34.035 Z-3.400 F400.000
G1 X-19.782 Y-34.300 Z-3.400 F400.000
G1 X-19.955 Y-34.559 Z-3.400 F400.000
G1 X-20.117 Y-34.862 Z-3.400 F400.000
G1 X-20.236 Y-35.149 Z-3.400 F400.000
G1 X-20.336 Y-35.477 Z-3.400 F400.000
G1 X-20.396 Y-35.783 Z-3.400 F400.000
G1 X-20.430 Y-36.124 Z-3.400 F400.000
G1 X-20.437 Y-44.760 Z-3.400 F400.000
G1 X-20.425 Y-45.037 Z-3.400 F400.000
G1 X-20.375 Y-45.397 Z-3.400 F400.000
G1 X-20.286 Y-45.750 Z-3.400 F400.000
G1 X-20.159 Y-46.091 Z-3.400 F400.000
G1 X-16.238 Y-54.506 Z-3.400 F400.000
G1 X-16.215 Y-54.562 Z-3.400 F400.000
G1 X-16.210 Y-54.579 Z-3.400 F400.000
G1 X-16.207 Y-54.597 Z-3.400 F400.000
G1 X-16.204 Y-54.657 Z-3.400 F400.000
G1 X-16.204 Y-57.548 Z-3.400 F400.000
G1 X-16.215 Y-57.657 Z-3.400 F400.000
G1 X-16.224 Y-57.686 Z-3.400 F400.000
G1 X-16.238 Y-57.712 Z-3.400 F400.000
G1 X-16.257 Y-57.736 Z-3.400 F400.000
G1 X-16.281 Y-57.755 Z-3.400 F400.000
G1 X-16.307 Y-57.769 Z-3.400 F400.000
G1 X-16.336 Y-57.778 Z-3.400 F400.000
G1 X-16.445 Y-57.789 Z-3.400 F400.000
G1 X-17.850 Y-57.789 Z-3.400 F400.000
G1 X-18.057 Y-57.803 Z-3.400 F400.000
G1 X-18.316 Y-57.837 Z-3.400 F400.000
G1 X-18.716 Y-57.944 Z-3.400 F400.000
G1 X-18.958 Y-58.044 Z-3.400 F400.000
G1 X-19.316 Y-58.251 Z-3.400 F400.000
G1 X-19.524 Y-58.410 Z-3.400 F400.000
G1 X-19.817 Y-58.703 Z-3.400 F400.000
G1 X-19.975 Y-58.910 Z-3.400 F400.000
G1 X-20.183 Y-59.269 Z-3.400 F400.000
G1 X-20.283 Y-59.510 Z-3.400 F400.000
G1 X-20.390 Y-59.910 Z-3.400 F400.000
G1 X-20.424 Y-60.169 Z-3.400 F400.000
G1 X-20.437 Y-60.376 Z-3.400 F400.000
G1 X-20.437 Y-83.244 Z-3.400 F400.000
G1 X-20.425 Y-83.521 Z-3.400 F400.000
G1 X-20.375 Y-83.881 Z-3.400 F400.000
G1 X-20.286 Y-84.234 Z-3.400 F400.000
G1 X-20.159 Y-84.575 Z-3.400 F400.000
G1 X-16.238 Y-92.990 Z-3.400 F400.000
G1 X-16.215 Y-93.046 Z-3.400 F400.000
G1 X-16.210 Y-93.063 Z-3.400 F400.000
G1 X-16.207 Y-93.081 Z-3.400 F400.000
G1 X-16.204 Y-93.141 Z-3.400 F400.000
G1 X-16.204 Y-96.032 Z-3.400 F400.000
G1 X-16.215 Y-96.141 Z-3.400 F400.000
G1 X-16.224 Y-96.170 Z-3.400 F400.000
G1 X-16.238 Y-96.196 Z-3.400 F400.000
G1 X-16.257 Y-96.220 Z-3.400 F400.000
G1 X-16.281 Y-96.239 Z-3.400 F400.000
G1 X-16.307 Y-96.253 Z-3.400 F400.000
G1 X-16.336 Y-96.262 Z-3.400 F400.000
G1 X-16.445 Y-96.273 Z-3.400 F400.000
G1 X-17.850 Y-96.273 Z-3.400 F400.000
G1 X-18.057 Y-96.287 Z-3.400 F400.000
G1 X-18.316 Y-96.321 Z-3.400 F400.000
G1 X-18.716 Y-96.428 Z-3.400 F400.000
G1 X-18.958 Y-96.528 Z-3.400 F400.000
G1 X-19.316 Y-96.735 Z-3.400 F400.000
G1 X-19.524 Y-96.894 Z-3.400 F400.000
G1 X-19.817 Y-97.187 Z-3.400 F400.000
G1 X-19.975 Y-97.394 Z-3.400 F400.000
G1 X-20.183 Y-97.753 Z-3.400 F400.000
G1 X-20.283 Y-97.994 Z-3.400 F400.000
G1 X-20.390 Y-98.394 Z-3.400 F400.000
G1 X-20.424 Y-98.653 Z-3.400 F400.000
G1 X-20.437 Y-98.860 Z-3.400 F400.000
G1 X-20.437 Y-121.728 Z-3.400 F400.000
G1 X-20.425 Y-122.005 Z-3.400 F400.000
G1 X-20.375 Y-122.365 Z-3.400 F400.000
G1 X-20.286 Y-122.718 Z-3.400 F400.000
G1 X-20.159 Y-123.059 Z-3.400 F400.000
G1 X-16.238 Y-131.474 Z-3.400 F400.000
G1 X-16.215 Y-131.531 Z-3.400 F400.000
G1 X-16.210 Y-131.547 Z-3.400 F400.000
G1 X-16.207 Y-131.565 Z-3.400 F400.000
G1 X-16.204 Y-131.625 Z-3.400 F400.000
G1 X-16.204 Y-134.516 Z-3.400 F400.000
G1 X-16.215 Y-134.625 Z-3.400 F400.000
G1 X-16.224 Y-134.654 Z-3.400 F400.000
G1 X-16.238 Y-134.680 Z-3.400 F400.000
G1 X-16.257 Y-134.704 Z-3.400 F400.000
G1 X-16.281 Y-134.723 Z-3.400 F400.000
G1 X-16.307 Y-134.738 Z-3.400 F400.000
G1 X-16.336 Y-134.746 Z-3.400 F400.000
G1 X-16.445 Y-134.757 Z-3.400 F400.000
G1 X-17.850 Y-134.757 Z-3.400 F400.000
G1 X-18.057 Y-134.771 Z-3.400 F400.000
G1 X-18.316 Y-134.805 Z-3.400 F400.000
G1 X-18.716 Y-134.912 Z-3.400 F400.000
G1 X-18.958 Y-135.012 Z-3.400 F400.000
G1 X-19.316 Y-135.219 Z-3.400 F400.000
G1 X-19.524 Y-135.378 Z-3.400 F400.000
G1 X-19.817 Y-135.671 Z-3.400 F400.000
G1 X-19.975 Y-135.878 Z-3.400 F400.000
G1 X-20.183 Y-136.237 Z-3.400 F400.000
G1 X-20.283 Y-136.478 Z-3.400 F400.000
G1 X-20.390 Y-136.878 Z-3.400 F400.000
G1 X-20.424 Y-137.137 Z-3.400 F400.000
G1 X-20.437 Y-137.344 Z-3.400 F400.000
G1 X-20.437 Y-160.212 Z-3.400 F400.000
G1 X-20.425 Y-160.489 Z-3.400 F400.000
G1 X-20.375 Y-160.849 Z-3.400 F400.000
G1 X-20.286 Y-161.202 Z-3.400 F400.000
G1 X-20.159 Y-161.543 Z-3.400 F400.000
G1 X-16.238 Y-169.958 Z-3.400 F400.000
G1 X-16.215 Y-170.015 Z-3.400 F400.000
G1 X-16.210 Y-170.031 Z-3.400 F400.000
G1 X-16.207 Y-170.049 Z-3.400 F400.000
G1 X-16.204 Y-170.109 Z-3.400 F400.000
G1 X-16.204 Y-173.000 Z-3.400 F400.000
G1 X-16.215 Y-173.109 Z-3.400 F400.000
G1 X-16.224 Y-173.138 Z-3.400 F400.000
G1 X-16.238 Y-173.164 Z-3.400 F400.000
G1 X-16.257 Y-173.188 Z-3.400 F400.000
G1 X-16.281 Y-173.207 Z-3.400 F400.000
G1 X-16.307 Y-173.222 Z-3.400 F400.000
G1 X-16.336 Y-173.230 Z-3.400 F400.000
G1 X-16.445 Y-173.241 Z-3.400 F400.000
G1 X-17.850 Y-173.241 Z-3.400 F400.000
G1 X-18.057 Y-173.255 Z-3.400 F400.000
G1 X-18.316 Y-173.289 Z-3.400 F400.000
G1 X-18.716 Y-173.396 Z-3.400 F400.000
G1 X-18.958 Y-173.496 Z-3.400 F400.000
G1 X-19.316 Y-173.703 Z-3.400 F400.000
G1 X-19.524 Y-173.862 Z-3.400 F400.000
G1 X-19.817 Y-174.155 Z-3.400 F400.000
G1 X-19.975 Y-174.362 Z-3.400 F400.000
G1 X-20.183 Y-174.721 Z-3.400 F400.000
G1 X-20.283 Y-174.962 Z-3.400 F400.000
G1 X-20.390 Y-175.362 Z-3.400 F400.000
G1 X-20.424 Y-175.621 Z-3.400 F400.000
G1 X-20.437 Y-175.828 Z-3.400 F400.000
G1 X-20.437 Y-198.696 Z-3.400 F400.000
G1 X-20.425 Y-198.973 Z-3.400 F400.000
G1 X-20.375 Y-199.333 Z-3.400 F400.000
G1 X-20.286 Y-199.686 Z-3.400 F400.000
G1 X-20.159 Y-200.027 Z-3.400 F400.000
G1 X-16.238 Y-208.442 Z-3.400 F400.000
G1 X-16.215 Y-208.499 Z-3.400 F400.000
G1 X-16.210 Y-208.515 Z-3.400 F400.000
G1 X-16.207 Y-208.533 Z-3.400 F400.000
G1 X-16.204 Y-208.593 Z-3.400 F400.000
G1 X-16.204 Y-211.485 Z-3.400 F400.000
G1 X-16.215 Y-211.593 Z-3.400 F400.000
G1 X-16.224 Y-211.622 Z-3.400 F400.000
G1 X-16.238 Y-211.649 Z-3.400 F400.000
G1 X-16.257 Y-211.672 Z-3.400 F400.000
G1 X-16.281 Y-211.691 Z-3.400 F400.000
G1 X-16.307 Y-211.706 Z-3.400 F400.000
G1 X-16.336 Y-211.714 Z-3.400 F400.000
G1 X-16.445 Y-211.725 Z-3.400 F400.000
G1 X-17.850 Y-211.725 Z-3.400 F400.000
G1 X-18.057 Y-211.739 Z-3.400 F400.000
G1 X-18.316 Y-211.773 Z-3.400 F400.000
G1 X-18.716 Y-211.880 Z-3.400 F400.000
G1 X-18.958 Y-211.980 Z-3.400 F400.000
G1 X-19.316 Y-212.187 Z-3.400 F400.000
G1 X-19.524 Y-212.346 Z-3.400 F400.000
G1 X-19.817 Y-212.639 Z-3.400 F400.000
G1 X-19.975 Y-212.846 Z-3.400 F400.000
G1 X-20.183 Y-213.205 Z-3.400 F400.000
G1 X-20.283 Y-213.446 Z-3.400 F400.000
G1 X-20.390 Y-213.846 Z-3.400 F400.000
G1 X-20.424 Y-214.105 Z-3.400 F400.000
G1 X-20.437 Y-214.313 Z-3.400 F400.000
G1 X-20.437 Y-228.500 Z-3.400 F400.000
G0 Z5.000
G0 X-20.437 Y-3.500
G0 Z3.000
G1 X-20.437 Y-3.500 Z-3.600 F250.000
G1 X-20.437 Y-27.417 Z-3.600 F400.000
G1 X-20.396 Y-27.914 Z-3.600 F400.000
G1 X-20.336 Y-28.219 Z-3.600 F400.000
G1 X-20.236 Y-28.548 Z-3.600 F400.000
G1 X-20.117 Y-28.835 Z-3.600 F400.000
G1 X-19.955 Y-29.138 Z-3.600 F400.000
G1 X-19.782 Y-29.396 Z-3.600 F400.000
G1 X-19.565 Y-29.662 Z-3.600 F400.000
G1 X-19.345 Y-29.882 Z-3.600 F400.000
G1 X-19.079 Y-30.099 Z-3.600 F400.000
G1 X-18.821 Y-30.272 Z-3.600 F400.000
G1 X-18.518 Y-30.434 Z-3.600 F400.000
G1 X-18.231 Y-30.553 Z-3.600 F400.000
G1 X-17.902 Y-30.653 Z-3.600 F400.000
G1 X-17.597 Y-30.713 Z-3.600 F400.000
G1 X-17.256 Y-30.747 Z-3.600 F400.000
G1 X-14.330 Y-30.754 Z-3.600 F400.000
G1 X-14.220 Y-30.765 Z-3.600 F400.000
G1 X-14.191 Y-30.774 Z-3.600 F400.000
G1 X-14.164 Y-30.788 Z-3.600 F400.000
G1 X-14.141 Y-30.808 Z-3.600 F400.000
G1 X-14.121 Y-30.831 Z-3.600 F400.000
G1 X-14.107 Y-30.858 Z-3.600 F400.000
G1 X-14.098 Y-30.887 Z-3.600 F400.000
G1 X-14.087 Y-30.995 Z-3.600 F400.000
G1 X-14.088 Y-32.702 Z-3.600 F400.000
G1 X-14.098 Y-32.810 Z-3.600 F400.000
G1 X-14.107 Y-32.839 Z-3.600 F400.000
G1 X-14.121 Y-32.866 Z-3.600 F400.000
G1 X-14.141 Y-32.889 Z-3.600 F400.000
G1 X-14.164 Y-32.908 Z-3.600 F400.000
G1 X-14.191 Y-32.923 Z-3.600 F400.000
G1 X-14.220 Y-32.931 Z-3.600 F400.000
G1 X-14.328 Y-32.942 Z-3.600 F400.000
G1 X-17.100 Y-32.942 Z-3.600 F400.000
G1 X-17.597 Y-32.983 Z-3.600 F400.000
G1 X-17.902 Y-33.044 Z-3.600 F400.000
G1 X-18.231 Y-33.144 Z-3.600 F400.000
G1 X-18.518 Y-33.263 Z-3.600 F400.000
G1 X-18.821 Y-33.424 Z-3.600 F400.000
G1 X-19.079 Y-33.597 Z-3.600 F400.000
G1 X-19.345 Y-33.815 Z-3.600 F400.000
G1 X-19.565 Y-34.035 Z-3.600 F400.000
G1 X-19.782 Y-34.300 Z-3.600 F400.000
G1 X-19.955 Y-34.559 Z-3.600 F400.000
G1 X-20.117 Y-34.862 Z-3.600 F400.000
G1 X-20.236 Y-35.149 Z-3.600 F400.000
G1 X-20.336 Y-35.477 Z-3.600 F400.000
G1 X-20.396 Y-35.783 Z-3.600 F400.000
G1 X-20.430 Y-36.124 Z-3.600 F400.000
G1 X-20.437 Y-44.760 Z-3.600 F400.000
G1 X-20.425 Y-45.037 Z-3.600 F400.000
G1 X-20.375 Y-45.397 Z-3.600 F400.000
G1 X-20.286 Y-45.750 Z-3.600 F400.000
G1 X-20.159 Y-46.091 Z-3.600 F400.000
G1 X-16.238 Y-54.506 Z-3.600 F400.000
G1 X-16.215 Y-54.562 Z-3.600 F400.000
G1 X-16.210 Y-54.579 Z-3.600 F400.000
G1 X-16.207 Y-54.597 Z-3.600 F400.000
G1 X-16.204 Y-54.657 Z-3.600 F400.000
G1 X-16.204 Y-57.548 Z-3.600 F400.000
G1 X-16.215 Y-57.657 Z-3.600 F400.000
G1 X-16.224 Y-57.686 Z-3.600 F400.000
G1 X-16.238 Y-57.712 Z-3.600 F400.000
G1 X-16.257 Y-57.736 Z-3.600 F400.000
G1 X-16.281 Y-57.755 Z-3.600 F400.000
G1 X-16.307 Y-57.769 Z-3.600 F400.000
G1 X-16.336 Y-57.778 Z-3.600 F400.000
G1 X-16.445 Y-57.789 Z-3.600 F400.000
G1 X-17.850 Y-57.789 Z-3.600 F400.000
G1 X-18.057 Y-57.803 Z-3.600 F400.000
G1 X-18.316 Y-57.837 Z-3.600 F400.000
G1 X-18.716 Y-57.944 Z-3.600 F400.000
G1 X-18.958 Y-58.044 Z-3.600 F400.000
G1 X-19.316 Y-58.251 Z-3.600 F400.000
G1 X-19.524 Y-58.410 Z-3.600 F400.000
G1 X-19.817 Y-58.703 Z-3.600 F400.000
G1 X-19.975 Y-58.910 Z-3.600 F400.000
G1 X-20.183 Y-59.269 Z-3.600 F400.000
G1 X-20.283 Y-59.510 Z-3.600 F400.000
G1 X-20.390 Y-59.910 Z-3.600 F400.000
G1 X-20.424 Y-60.169 Z-3.600 F400.000
G1 X-20.437 Y-60.376 Z-3.600 F400.000
G1 X-20.437 Y-83.244 Z-3.600 F400.000
G1 X-20.425 Y-83.521 Z-3.600 F400.000
G1 X-20.375 Y-83.881 Z-3.600 F400.000
G1 X-20.286 Y-84.234 Z-3.600 F400.000
G1 X-20.159 Y-84.575 Z-3.600 F400.000
G1 X-16.238 Y-92.990 Z-3.600 F400.000
G1 X-16.215 Y-93.046 Z-3.600 F400.000
G1 X-16.210 Y-93.063 Z-3.600 F400.000
G1 X-16.207 Y-93.081 Z-3.600 F400.000
G1 X-16.204 Y-93.141 Z-3.600 F400.000
G1 X-16.204 Y-96.032 Z-3.600 F400.000
G1 X-16.215 Y-96.141 Z-3.600 F400.000
G1 X-16.224 Y-96.170 Z-3.600 F400.000
G1 X-16.238 Y-96.196 Z-3.600 F400.000
G1 X-16.257 Y-96.220 Z-3.600 F400.000
G1 X-16.281 Y-96.239 Z-3.600 F400.000
G1 X-16.307 Y-96.253 Z-3.600 F400.000
G1 X-16.336 Y-96.262 Z-3.600 F400.000
G1 X-16.445 Y-96.273 Z-3.600 F400.000
G1 X-17.850 Y-96.273 Z-3.600 F400.000
G1 X-18.057 Y-96.287 Z-3.600 F400.000
G1 X-18.316 Y-96.321 Z-3.600 F400.000
G1 X-18.716 Y-96.428 Z-3.600 F400.000
G1 X-18.958 Y-96.528 Z-3.600 F400.000
G1 X-19.316 Y-96.735 Z-3.600 F400.000
G1 X-19.524 Y-96.894 Z-3.600 F400.000
G1 X-19.817 Y-97.187 Z-3.600 F400.000
G1 X-19.975 Y-97.394 Z-3.600 F400.000
G1 X-20.183 Y-97.753 Z-3.600 F400.000
G1 X-20.283 Y-97.994 Z-3.600 F400.000
G1 X-20.390 Y-98.394 Z-3.600 F400.000
G1 X-20.424 Y-98.653 Z-3.600 F400.000
G1 X-20.437 Y-98.860 Z-3.600 F400.000
G1 X-20.437 Y-121.728 Z-3.600 F400.000
G1 X-20.425 Y-122.005 Z-3.600 F400.000
G1 X-20.375 Y-122.365 Z-3.600 F400.000
G1 X-20.286 Y-122.718 Z-3.600 F400.000
G1 X-20.159 Y-123.059 Z-3.600 F400.000
G1 X-16.238 Y-131.474 Z-3.600 F400.000
G1 X-16.215 Y-131.531 Z-3.600 F400.000
G1 X-16.210 Y-131.547 Z-3.600 F400.000
G1 X-16.207 Y-131.565 Z-3.600 F400.000
G1 X-16.204 Y-131.625 Z-3.600 F400.000
G1 X-16.204 Y-134.516 Z-3.600 F400.000
G1 X-16.215 Y-134.625 Z-3.600 F400.000
G1 X-16.224 Y-134.654 Z-3.600 F400.000
G1 X-16.238 Y-134.680 Z-3.600 F400.000
G1 X-16.257 Y-134.704 Z-3.600 F400.000
G1 X-16.281 Y-134.723 Z-3.600 F400.000
G1 X-16.307 Y-134.738 Z-3.600 F400.000
G1 X-16.336 Y-134.746 Z-3.600 F400.000
G1 X-16.445 Y-134.757 Z-3.600 F400.000
G1 X-17.850 Y-134.757 Z-3.600 F400.000
G1 X-18.057 Y-134.771 Z-3.600 F400.000
G1 X-18.316 Y-134.805 Z-3.600 F400.000
G1 X-18.716 Y-134.912 Z-3.600 F400.000
G1 X-18.958 Y-135.012 Z-3.600 F400.000
G1 X-19.316 Y-135.219 Z-3.600 F400.000
G1 X-19.524 Y-135.378 Z-3.600 F400.000
G1 X-19.817 Y-135.671 Z-3.600 F400.000
G1 X-19.975 Y-135.878 Z-3.600 F400.000
G1 X-20.183 Y-136.237 Z-3.600 F400.000
G1 X-20.283 Y-136.478 Z-3.600 F400.000
G1 X-20.390 Y-136.878 Z-3.600 F400.000
G1 X-20.424 Y-137.137 Z-3.600 F400.000
G1 X-20.437 Y-137.344 Z-3.600 F400.000
G1 X-20.437 Y-160.212 Z-3.600 F400.000
G1 X-20.425 Y-160.489 Z-3.600 F400.000
G1 X-20.375 Y-160.849 Z-3.600 F400.000
G1 X-20.286 Y-161.202 Z-3.600 F400.000
G1 X-20.159 Y-161.543 Z-3.600 F400.000
G1 X-16.238 Y-169.958 Z-3.600 F400.000
G1 X-16.215 Y-170.015 Z-3.600 F400.000
G1 X-16.210 Y-170.031 Z-3.600 F400.000
G1 X-16.207 Y-170.049 Z-3.600 F400.000
G1 X-16.204 Y-170.109 Z-3.600 F400.000
G1 X-16.204 Y-173.000 Z-3.600 F400.000
G1 X-16.215 Y-173.109 Z-3.600 F400.000
G1 X-16.224 Y-173.138 Z-3.600 F400.000
G1 X-16.238 Y-173.164 Z-3.600 F400.000
G1 X-16.257 Y-173.188 Z-3.600 F400.000
G1 X-16.281 Y-173.207 Z-3.600 F400.000
G1 X-16.307 Y-173.222 Z-3.600 F400.000
G1 X-16.336 Y-173.230 Z-3.600 F400.000
G1 X-16.445 Y-173.241 Z-3.600 F400.000
G1 X-17.850 Y-173.241 Z-3.600 F400.000
G1 X-18.057 Y-173.255 Z-3.600 F400.000
G1 X-18.316 Y-173.289 Z-3.600 F400.000
G1 X-18.716 Y-173.396 Z-3.600 F400.000
G1 X-18.958 Y-173.496 Z-3.600 F400.000
G1 X-19.316 Y-173.703 Z-3.600 F400.000
G1 X-19.524 Y-173.862 Z-3.600 F400.000
G1 X-19.817 Y-174.155 Z-3.600 F400.000
G1 X-19.975 Y-174.362 Z-3.600 F400.000
G1 X-20.183 Y-174.721 Z-3.600 F400.000
G1 X-20.283 Y-174.962 Z-3.600 F400.000
G1 X-20.390 Y-175.362 Z-3.600 F400.000
G1 X-20.424 Y-175.621 Z-3.600 F400.000
G1 X-20.437 Y-175.828 Z-3.600 F400.000
G1 X-20.437 Y-198.696 Z-3.600 F400.000
G1 X-20.425 Y-198.973 Z-3.600 F400.000
G1 X-20.375 Y-199.333 Z-3.600 F400.000
G1 X-20.286 Y-199.686 Z-3.600 F400.000
G1 X-20.159 Y-200.027 Z-3.600 F400.000
G1 X-16.238 Y-208.442 Z-3.600 F400.000
G1 X-16.215 Y-208.499 Z-3.600 F400.000
G1 X-16.210 Y-208.515 Z-3.600 F400.000
G1 X-16.207 Y-208.533 Z-3.600 F400.000
G1 X-16.204 Y-208.593 Z-3.600 F400.000
G1 X-16.204 Y-211.485 Z-3.600 F400.000
G1 X-16.215 Y-211.593 Z-3.600 F400.000
G1 X-16.224 Y-211.622 Z-3.600 F400.000
G1 X-16.238 Y-211.649 Z-3.600 F400.000
G1 X-16.257 Y-211.672 Z-3.600 F400.000
G1 X-16.281 Y-211.691 Z-3.600 F400.000
G1 X-16.307 Y-211.706 Z-3.600 F400.000
G1 X-16.336 Y-211.714 Z-3.600 F400.000
G1 X-16.445 Y-211.725 Z-3.600 F400.000
G1 X-17.850 Y-211.725 Z-3.600 F400.000
G1 X-18.057 Y-211.739 Z-3.600 F400.000
G1 X-18.316 Y-211.773 Z-3.600 F400.000
G1 X-18.716 Y-211.880 Z-3.600 F400.000
G1 X-18.958 Y-211.980 Z-3.600 F400.000
G1 X-19.316 Y-212.187 Z-3.600 F400.000
G1 X-19.524 Y-212.346 Z-3.600 F400.000
G1 X-19.817 Y-212.639 Z-3.600 F400.000
G1 X-19.975 Y-212.846 Z-3.600 F400.000
G1 X-20.183 Y-213.205 Z-3.600 F400.000
G1 X-20.283 Y-213.446 Z-3.600 F400.000
G1 X-20.390 Y-213.846 Z-3.600 F400.000
G1 X-20.424 Y-214.105 Z-3.600 F400.000
G1 X-20.437 Y-214.313 Z-3.600 F400.000
G1 X-20.437 Y-228.500 Z-3.600 F400.000
G0 Z5.000
G0 X-20.437 Y-3.500
G0 Z3.000
G1 X-20.437 Y-3.500 Z-3.800 F250.000
G1 X-20.437 Y-27.417 Z-3.800 F400.000
G1 X-20.396 Y-27.914 Z-3.800 F400.000
G1 X-20.336 Y-28.219 Z-3.800 F400.000
G1 X-20.236 Y-28.548 Z-3.800 F400.000
G1 X-20.117 Y-28.835 Z-3.800 F400.000
G1 X-19.955 Y-29.138 Z-3.800 F400.000
G1 X-19.782 Y-29.396 Z-3.800 F400.000
G1 X-19.565 Y-29.662 Z-3.800 F400.000
G1 X-19.345 Y-29.882 Z-3.800 F400.000
G1 X-19.079 Y-30.099 Z-3.800 F400.000
G1 X-18.821 Y-30.272 Z-3.800 F400.000
G1 X-18.518 Y-30.434 Z-3.800 F400.000
G1 X-18.231 Y-30.553 Z-3.800 F400.000
G1 X-17.902 Y-30.653 Z-3.800 F400.000
G1 X-17.597 Y-30.713 Z-3.800 F400.000
G1 X-17.256 Y-30.747 Z-3.800 F400.000
G1 X-14.330 Y-30.754 Z-3.800 F400.000
G1 X-14.220 Y-30.765 Z-3.800 F400.000
G1 X-14.191 Y-30.774 Z-3.800 F400.000
G1 X-14.164 Y-30.788 Z-3.800 F400.000
G1 X-14.141 Y-30.808 Z-3.800 F400.000
G1 X-14.121 Y-30.831 Z-3.800 F400.000
G1 X-14.107 Y-30.858 Z-3.800 F400.000
G1 X-14.098 Y-30.887 Z-3.800 F400.000
G1 X-14.087 Y-30.995 Z-3.800 F400.000
G1 X-14.088 Y-32.702 Z-3.800 F400.000
G1 X-14.098 Y-32.810 Z-3.800 F400.000
G1 X-14.107 Y-32.839 Z-3.800 F400.000
G1 X-14.121 Y-32.866 Z-3.800 F400.000
G1 X-14.141 Y-32.889 Z-3.800 F400.000
G1 X-14.164 Y-32.908 Z-3.800 F400.000
G1 X-14.191 Y-32.923 Z-3.800 F400.000
G1 X-14.220 Y-32.931 Z-3.800 F400.000
G1 X-14.328 Y-32.942 Z-3.800 F400.000
G1 X-17.100 Y-32.942 Z-3.800 F400.000
G1 X-17.597 Y-32.983 Z-3.800 F400.000
G1 X-17.902 Y-33.044 Z-3.800 F400.000
G1 X-18.231 Y-33.144 Z-3.800 F400.000
G1 X-18.518 Y-33.263 Z-3.800 F400.000
G1 X-18.821 Y-33.424 Z-3.800 F400.000
G1 X-19.079 Y-33.597 Z-3.800 F400.000
G1 X-19.345 Y-33.815 Z-3.800 F400.000
G1 X-19.565 Y-34.035 Z-3.800 F400.000
G1 X-19.782 Y-34.300 Z-3.800 F400.000
G1 X-19.955 Y-34.559 Z-3.800 F400.000
G1 X-20.117 Y-34.862 Z-3.800 F400.000
G1 X-20.236 Y-35.149 Z-3.800 F400.000
G1 X-20.336 Y-35.477 Z-3.800 F400.000
G1 X-20.396 Y-35.783 Z-3.800 F400.000
G1 X-20.430 Y-36.124 Z-3.800 F400.000
G1 X-20.437 Y-44.760 Z-3.800 F400.000
G1 X-20.425 Y-45.037 Z-3.800 F400.000
G1 X-20.375 Y-45.397 Z-3.800 F400.000
G1 X-20.286 Y-45.750 Z-3.800 F400.000
G1 X-20.159 Y-46.091 Z-3.800 F400.000
G1 X-16.238 Y-54.506 Z-3.800 F400.000
G1 X-16.215 Y-54.562 Z-3.800 F400.000
G1 X-16.210 Y-54.579 Z-3.800 F400.000
G1 X-16.207 Y-54.597 Z-3.800 F400.000
G1 X-16.204 Y-54.657 Z-3.800 F400.000
G1 X-16.204 Y-57.548 Z-3.800 F400.000
G1 X-16.215 Y-57.657 Z-3.800 F400.000
G1 X-16.224 Y-57.686 Z-3.800 F400.000
G1 X-16.238 Y-57.712 Z-3.800 F400.000
G1 X-16.257 Y-57.736 Z-3.800 F400.000
G1 X-16.281 Y-57.755 Z-3.800 F400.000
G1 X-16.307 Y-57.769 Z-3.800 F400.000
G1 X-16.336 Y-57.778 Z-3.800 F400.000
G1 X-16.445 Y-57.789 Z-3.800 F400.000
G1 X-17.850 Y-57.789 Z-3.800 F400.000
G1 X-18.057 Y-57.803 Z-3.800 F400.000
G1 X-18.316 Y-57.837 Z-3.800 F400.000
G1 X-18.716 Y-57.944 Z-3.800 F400.000
G1 X-18.958 Y-58.044 Z-3.800 F400.000
G1 X-19.316 Y-58.251 Z-3.800 F400.000
G1 X-19.524 Y-58.410 Z-3.800 F400.000
G1 X-19.817 Y-58.703 Z-3.800 F400.000
G1 X-19.975 Y-58.910 Z-3.800 F400.000
G1 X-20.183 Y-59.269 Z-3.800 F400.000
G1 X-20.283 Y-59.510 Z-3.800 F400.000
G1 X-20.390 Y-59.910 Z-3.800 F400.000
G1 X-20.424 Y-60.169 Z-3.800 F400.000
G1 X-20.437 Y-60.376 Z-3.800 F400.000
G1 X-20.437 Y-83.244 Z-3.800 F400.000
G1 X-20.425 Y-83.521 Z-3.800 F400.000
G1 X-20.375 Y-83.881 Z-3.800 F400.000
G1 X-20.286 Y-84.234 Z-3.800 F400.000
G1 X-20.159 Y-84.575 Z-3.800 F400.000
G1 X-16.238 Y-92.990 Z-3.800 F400.000
G1 X-16.215 Y-93.046 Z-3.800 F400.000
G1 X-16.210 Y-93.063 Z-3.800 F400.000
G1 X-16.207 Y-93.081 Z-3.800 F400.000
G1 X-16.204 Y-93.141 Z-3.800 F400.000
G1 X-16.204 Y-96.032 Z-3.800 F400.000
G1 X-16.215 Y-96.141 Z-3.800 F400.000
G1 X-16.224 Y-96.170 Z-3.800 F400.000
G1 X-16.238 Y-96.196 Z-3.800 F400.000
G1 X-16.257 Y-96.220 Z-3.800 F400.000
G1 X-16.281 Y-96.239 Z-3.800 F400.000
G1 X-16.307 Y-96.253 Z-3.800 F400.000
G1 X-16.336 Y-96.262 Z-3.800 F400.000
G1 X-16.445 Y-96.273 Z-3.800 F400.000
G1 X-17.850 Y-96.273 Z-3.800 F400.000
G1 X-18.057 Y-96.287 Z-3.800 F400.000
G1 X-18.316 Y-96.321 Z-3.800 F400.000
G1 X-18.716 Y-96.428 Z-3.800 F400.000
G1 X-18.958 Y-96.528 Z-3.800 F400.000
G1 X-19.316 Y-96.735 Z-3.800 F400.000
G1 X-19.524 Y-96.894 Z-3.800 F400.000
G1 X-19.817 Y-97.187 Z-3.800 F400.000
G1 X-19.975 Y-97.394 Z-3.800 F400.000
G1 X-20.183 Y-97.753 Z-3.800 F400.000
G1 X-20.283 Y-97.994 Z-3.800 F400.000
G1 X-20.390 Y-98.394 Z-3.800 F400.000
G1 X-20.424 Y-98.653 Z-3.800 F400.000
G1 X-20.437 Y-98.860 Z-3.800 F400.000
G1 X-20.437 Y-121.728 Z-3.800 F400.000
G1 X-20.425 Y-122.005 Z-3.800 F400.000
G1 X-20.375 Y-122.365 Z-3.800 F400.000
G1 X-20.286 Y-122.718 Z-3.800 F400.000
G1 X-20.159 Y-123.059 Z-3.800 F400.000
G1 X-16.238 Y-131.474 Z-3.800 F400.000
G1 X-16.215 Y-131.531 Z-3.800 F400.000
G1 X-16.210 Y-131.547 Z-3.800 F400.000
G1 X-16.207 Y-131.565 Z-3.800 F400.000
G1 X-16.204 Y-131.625 Z-3.800 F400.000
G1 X-16.204 Y-134.516 Z-3.800 F400.000
G1 X-16.215 Y-134.625 Z-3.800 F400.000
G1 X-16.224 Y-134.654 Z-3.800 F400.000
G1 X-16.238 Y-134.680 Z-3.800 F400.000
G1 X-16.257 Y-134.704 Z-3.800 F400.000
G1 X-16.281 Y-134.723 Z-3.800 F400.000
G1 X-16.307 Y-134.738 Z-3.800 F400.000
G1 X-16.336 Y-134.746 Z-3.800 F400.000
G1 X-16.445 Y-134.757 Z-3.800 F400.000
G1 X-17.850 Y-134.757 Z-3.800 F400.000
G1 X-18.057 Y-134.771 Z-3.800 F400.000
G1 X-18.316 Y-134.805 Z-3.800 F400.000
G1 X-18.716 Y-134.912 Z-3.800 F400.000
G1 X-18.958 Y-135.012 Z-3.800 F400.000
G1 X-19.316 Y-135.219 Z-3.800 F400.000
G1 X-19.524 Y-135.378 Z-3.800 F400.000
G1 X-19.817 Y-135.671 Z-3.800 F400.000
G1 X-19.975 Y-135.878 Z-3.800 F400.000
G1 X-20.183 Y-136.237 Z-3.800 F400.000
G1 X-20.283 Y-136.478 Z-3.800 F400.000
G1 X-20.390 Y-136.878 Z-3.800 F400.000
G1 X-20.424 Y-137.137 Z-3.800 F400.000
G1 X-20.437 Y-137.344 Z-3.800 F400.000
G1 X-20.437 Y-160.212 Z-3.800 F400.000
G1 X-20.425 Y-160.489 Z-3.800 F400.000
G1 X-20.375 Y-160.849 Z-3.800 F400.000
G1 X-20.286 Y-161.202 Z-3.800 F400.000
G1 X-20.159 Y-161.543 Z-3.800 F400.000
G1 X-16.238 Y-169.958 Z-3.800 F400.000
G1 X-16.215 Y-170.015 Z-3.800 F400.000
G1 X-16.210 Y-170.031 Z-3.800 F400.000
G1 X-16.207 Y-170.049 Z-3.800 F400.000
G1 X-16.204 Y-170.109 Z-3.800 F400.000
G1 X-16.204 Y-173.000 Z-3.800 F400.000
G1 X-16.215 Y-173.109 Z-3.800 F400.000
G1 X-16.224 Y-173.138 Z-3.800 F400.000
G1 X-16.238 Y-173.164 Z-3.800 F400.000
G1 X-16.257 Y-173.188 Z-3.800 F400.000
G1 X-16.281 Y-173.207 Z-3.800 F400.000
G1 X-16.307 Y-173.222 Z-3.800 F400.000
G1 X-16.336 Y-173.230 Z-3.800 F400.000
G1 X-16.445 Y-173.241 Z-3.800 F400.000
G1 X-17.850 Y-173.241 Z-3.800 F400.000
G1 X-18.057 Y-173.255 Z-3.800 F400.000
G1 X-18.316 Y-173.289 Z-3.800 F400.000
G1 X-18.716 Y-173.396 Z-3.800 F400.000
G1 X-18.958 Y-173.496 Z-3.800 F400.000
G1 X-19.316 Y-173.703 Z-3.800 F400.000
G1 X-19.524 Y-173.862 Z-3.800 F400.000
G1 X-19.817 Y-174.155 Z-3.800 F400.000
G1 X-19.975 Y-174.362 Z-3.800 F400.000
G1 X-20.183 Y-174.721 Z-3.800 F400.000
G1 X-20.283 Y-174.962 Z-3.800 F400.000
G1 X-20.390 Y-175.362 Z-3.800 F400.000
G1 X-20.424 Y-175.621 Z-3.800 F400.000
G1 X-20.437 Y-175.828 Z-3.800 F400.000
G1 X-20.437 Y-198.696 Z-3.800 F400.000
G1 X-20.425 Y-198.973 Z-3.800 F400.000
G1 X-20.375 Y-199.333 Z-3.800 F400.000
G1 X-20.286 Y-199.686 Z-3.800 F400.000
G1 X-20.159 Y-200.027 Z-3.800 F400.000
G1 X-16.238 Y-208.442 Z-3.800 F400.000
G1 X-16.215 Y-208.499 Z-3.800 F400.000
G1 X-16.210 Y-208.515 Z-3.800 F400.000
G1 X-16.207 Y-208.533 Z-3.800 F400.000
G1 X-16.204 Y-208.593 Z-3.800 F400.000
G1 X-16.204 Y-211.485 Z-3.800 F400.000
G1 X-16.215 Y-211.593 Z-3.800 F400.000
G1 X-16.224 Y-211.622 Z-3.800 F400.000
G1 X-16.238 Y-211.649 Z-3.800 F400.000
G1 X-16.257 Y-211.672 Z-3.800 F400.000
G1 X-16.281 Y-211.691 Z-3.800 F400.000
G1 X-16.307 Y-211.706 Z-3.800 F400.000
G1 X-16.336 Y-211.714 Z-3.800 F400.000
G1 X-16.445 Y-211.725 Z-3.800 F400.000
G1 X-17.850 Y-211.725 Z-3.800 F400.000
G1 X-18.057 Y-211.739 Z-3.800 F400.000
G1 X-18.316 Y-211.773 Z-3.800 F400.000
G1 X-18.716 Y-211.880 Z-3.800 F400.000
G1 X-18.958 Y-211.980 Z-3.800 F400.000
G1 X-19.316 Y-212.187 Z-3.800 F400.000
G1 X-19.524 Y-212.346 Z-3.800 F400.000
G1 X-19.817 Y-212.639 Z-3.800 F400.000
G1 X-19.975 Y-212.846 Z-3.800 F400.000
G1 X-20.183 Y-213.205 Z-3.800 F400.000
G1 X-20.283 Y-213.446 Z-3.800 F400.000
G1 X-20.390 Y-213.846 Z-3.800 F400.000
G1 X-20.424 Y-214.105 Z-3.800 F400.000
G1 X-20.437 Y-214.313 Z-3.800 F400.000
G1 X-20.437 Y-228.500 Z-3.800 F400.000
G0 Z5.000
G0 X-20.437 Y-3.500
G0 Z3.000
G1 X-20.437 Y-3.500 Z-4.000 F250.000
G1 X-20.437 Y-27.417 Z-4.000 F400.000
G1 X-20.396 Y-27.914 Z-4.000 F400.000
G1 X-20.336 Y-28.219 Z-4.000 F400.000
G1 X-20.236 Y-28.548 Z-4.000 F400.000
G1 X-20.117 Y-28.835 Z-4.000 F400.000
G1 X-19.955 Y-29.138 Z-4.000 F400.000
G1 X-19.782 Y-29.396 Z-4.000 F400.000
G1 X-19.565 Y-29.662 Z-4.000 F400.000
G1 X-19.345 Y-29.882 Z-4.000 F400.000
G1 X-19.079 Y-30.099 Z-4.000 F400.000
G1 X-18.821 Y-30.272 Z-4.000 F400.000
G1 X-18.518 Y-30.434 Z-4.000 F400.000
G1 X-18.231 Y-30.553 Z-4.000 F400.000
G1 X-17.902 Y-30.653 Z-4.000 F400.000
G1 X-17.597 Y-30.713 Z-4.000 F400.000
G1 X-17.256 Y-30.747 Z-4.000 F400.000
G1 X-14.330 Y-30.754 Z-4.000 F400.000
G1 X-14.220 Y-30.765 Z-4.000 F400.000
G1 X-14.191 Y-30.774 Z-4.000 F400.000
G1 X-14.164 Y-30.788 Z-4.000 F400.000
G1 X-14.141 Y-30.808 Z-4.000 F400.000
G1 X-14.121 Y-30.831 Z-4.000 F400.000
G1 X-14.107 Y-30.858 Z-4.000 F400.000
G1 X-14.098 Y-30.887 Z-4.000 F400.000
G1 X-14.087 Y-30.995 Z-4.000 F400.000
G1 X-14.088 Y-32.702 Z-4.000 F400.000
G1 X-14.098 Y-32.810 Z-4.000 F400.000
G1 X-14.107 Y-32.839 Z-4.000 F400.000
G1 X-14.121 Y-32.866 Z-4.000 F400.000
G1 X-14.141 Y-32.889 Z-4.000 F400.000
G1 X-14.164 Y-32.908 Z-4.000 F400.000
G1 X-14.191 Y-32.923 Z-4.000 F400.000
G1 X-14.220 Y-32.931 Z-4.000 F400.000
G1 X-14.328 Y-32.942 Z-4.000 F400.000
G1 X-17.100 Y-32.942 Z-4.000 F400.000
G1 X-17.597 Y-32.983 Z-4.000 F400.000
G1 X-17.902 Y-33.044 Z-4.000 F400.000
G1 X-18.231 Y-33.144 Z-4.000 F400.000
G1 X-18.518 Y-33.263 Z-4.000 F400.000
G1 X-18.821 Y-33.424 Z-4.000 F400.000
G1 X-19.079 Y-33.597 Z-4.000 F400.000
G1 X-19.345 Y-33.815 Z-4.000 F400.000
G1 X-19.565 Y-34.035 Z-4.000 F400.000
G1 X-19.782 Y-34.300 Z-4.000 F400.000
G1 X-19.955 Y-34.559 Z-4.000 F400.000
G1 X-20.117 Y-34.862 Z-4.000 F400.000
G1 X-20.236 Y-35.149 Z-4.000 F400.000
G1 X-20.336 Y-35.477 Z-4.000 F400.000
G1 X-20.396 Y-35.783 Z-4.000 F400.000
G1 X-20.430 Y-36.124 Z-4.000 F400.000
G1 X-20.437 Y-44.760 Z-4.000 F400.000
G1 X-20.425 Y-45.037 Z-4.000 F400.000
G1 X-20.375 Y-45.397 Z-4.000 F400.000
G1 X-20.286 Y-45.750 Z-4.000 F400.000
G1 X-20.159 Y-46.091 Z-4.000 F400.000
G1 X-16.238 Y-54.506 Z-4.000 F400.000
G1 X-16.215 Y-54.562 Z-4.000 F400.000
G1 X-16.210 Y-54.579 Z-4.000 F400.000
G1 X-16.207 Y-54.597 Z-4.000 F400.000
G1 X-16.204 Y-54.657 Z-4.000 F400.000
G1 X-16.204 Y-57.548 Z-4.000 F400.000
G1 X-16.215 Y-57.657 Z-4.000 F400.000
G1 X-16.224 Y-57.686 Z-4.000 F400.000
G1 X-16.238 Y-57.712 Z-4.000 F400.000
G1 X-16.257 Y-57.736 Z-4.000 F400.000
G1 X-16.281 Y-57.755 Z-4.000 F400.000
G1 X-16.307 Y-57.769 Z-4.000 F400.000
G1 X-16.336 Y-57.778 Z-4.000 F400.000
G1 X-16.445 Y-57.789 Z-4.000 F400.000
G1 X-17.850 Y-57.789 Z-4.000 F400.000
G1 X-18.057 Y-57.803 Z-4.000 F400.000
G1 X-18.316 Y-57.837 Z-4.000 F400.000
G1 X-18.716 Y-57.944 Z-4.000 F400.000
G1 X-18.958 Y-58.044 Z-4.000 F400.000
G1 X-19.316 Y-58.251 Z-4.000 F400.000
G1 X-19.524 Y-58.410 Z-4.000 F400.000
G1 X-19.817 Y-58.703 Z-4.000 F400.000
G1 X-19.975 Y-58.910 Z-4.000 F400.000
G1 X-20.183 Y-59.269 Z-4.000 F400.000
G1 X-20.283 Y-59.510 Z-4.000 F400.000
G1 X-20.390 Y-59.910 Z-4.000 F400.000
G1 X-20.424 Y-60.169 Z-4.000 F400.000
G1 X-20.437 Y-60.376 Z-4.000 F400.000
G1 X-20.437 Y-83.244 Z-4.000 F400.000
G1 X-20.425 Y-83.521 Z-4.000 F400.000
G1 X-20.375 Y-83.881 Z-4.000 F400.000
G1 X-20.286 Y-84.234 Z-4.000 F400.000
G1 X-20.159 Y-84.575 Z-4.000 F400.000
G1 X-16.238 Y-92.990 Z-4.000 F400.000
G1 X-16.215 Y-93.046 Z-4.000 F400.000
G1 X-16.210 Y-93.063 Z-4.000 F400.000
G1 X-16.207 Y-93.081 Z-4.000 F400.000
G1 X-16.204 Y-93.141 Z-4.000 F400.000
G1 X-16.204 Y-96.032 Z-4.000 F400.000
G1 X-16.215 Y-96.141 Z-4.000 F400.000
G1 X-16.224 Y-96.170 Z-4.000 F400.000
G1 X-16.238 Y-96.196 Z-4.000 F400.000
G1 X-16.257 Y-96.220 Z-4.000 F400.000
G1 X-16.281 Y-96.239 Z-4.000 F400.000
G1 X-16.307 Y-96.253 Z-4.000 F400.000
G1 X-16.336 Y-96.262 Z-4.000 F400.000
G1 X-16.445 Y-96.273 Z-4.000 F400.000
G1 X-17.850 Y-96.273 Z-4.000 F400.000
G1 X-18.057 Y-96.287 Z-4.000 F400.000
G1 X-18.316 Y-96.321 Z-4.000 F400.000
G1 X-18.716 Y-96.428 Z-4.000 F400.000
G1 X-18.958 Y-96.528 Z-4.000 F400.000
G1 X-19.316 Y-96.735 Z-4.000 F400.000
G1 X-19.524 Y-96.894 Z-4.000 F400.000
G1 X-19.817 Y-97.187 Z-4.000 F400.000
G1 X-19.975 Y-97.394 Z-4.000 F400.000
G1 X-20.183 Y-97.753 Z-4.000 F400.000
G1 X-20.283 Y-97.994 Z-4.000 F400.000
G1 X-20.390 Y-98.394 Z-4.000 F400.000
G1 X-20.424 Y-98.653 Z-4.000 F400.000
G1 X-20.437 Y-98.860 Z-4.000 F400.000
G1 X-20.437 Y-121.728 Z-4.000 F400.000
G1 X-20.425 Y-122.005 Z-4.000 F400.000
G1 X-20.375 Y-122.365 Z-4.000 F400.000
G1 X-20.286 Y-122.718 Z-4.000 F400.000
G1 X-20.159 Y-123.059 Z-4.000 F400.000
G1 X-16.238 Y-131.474 Z-4.000 F400.000
G1 X-16.215 Y-131.531 Z-4.000 F400.000
G1 X-16.210 Y-131.547 Z-4.000 F400.000
G1 X-16.207 Y-131.565 Z-4.000 F400.000
G1 X-16.204 Y-131.625 Z-4.000 F400.000
G1 X-16.204 Y-134.516 Z-4.000 F400.000
G1 X-16.215 Y-134.625 Z-4.000 F400.000
G1 X-16.224 Y-134.654 Z-4.000 F400.000
G1 X-16.238 Y-134.680 Z-4.000 F400.000
G1 X-16.257 Y-134.704 Z-4.000 F400.000
G1 X-16.281 Y-134.723 Z-4.000 F400.000
G1 X-16.307 Y-134.738 Z-4.000 F400.000
G1 X-16.336 Y-134.746 Z-4.000 F400.000
G1 X-16.445 Y-134.757 Z-4.000 F400.000
G1 X-17.850 Y-134.757 Z-4.000 F400.000
G1 X-18.057 Y-134.771 Z-4.000 F400.000
G1 X-18.316 Y-134.805 Z-4.000 F400.000
G1 X-18.716 Y-134.912 Z-4.000 F400.000
G1 X-18.958 Y-135.012 Z-4.000 F400.000
G1 X-19.316 Y-135.219 Z-4.000 F400.000
G1 X-19.524 Y-135.378 Z-4.000 F400.000
G1 X-19.817 Y-135.671 Z-4.000 F400.000
G1 X-19.975 Y-135.878 Z-4.000 F400.000
G1 X-20.183 Y-136.237 Z-4.000 F400.000
G1 X-20.283 Y-136.478 Z-4.000 F400.000
G1 X-20.390 Y-136.878 Z-4.000 F400.000
G1 X-20.424 Y-137.137 Z-4.000 F400.000
G1 X-20.437 Y-137.344 Z-4.000 F400.000
G1 X-20.437 Y-160.212 Z-4.000 F400.000
G1 X-20.425 Y-160.489 Z-4.000 F400.000
G1 X-20.375 Y-160.849 Z-4.000 F400.000
G1 X-20.286 Y-161.202 Z-4.000 F400.000
G1 X-20.159 Y-161.543 Z-4.000 F400.000
G1 X-16.238 Y-169.958 Z-4.000 F400.000
G1 X-16.215 Y-170.015 Z-4.000 F400.000
G1 X-16.210 Y-170.031 Z-4.000 F400.000
G1 X-16.207 Y-170.049 Z-4.000 F400.000
G1 X-16.204 Y-170.109 Z-4.000 F400.000
G1 X-16.204 Y-173.000 Z-4.000 F400.000
G1 X-16.215 Y-173.109 Z-4.000 F400.000
G1 X-16.224 Y-173.138 Z-4.000 F400.000
G1 X-16.238 Y-173.164 Z-4.000 F400.000
G1 X-16.257 Y-173.188 Z-4.000 F400.000
G1 X-16.281 Y-173.207 Z-4.000 F400.000
G1 X-16.307 Y-173.222 Z-4.000 F400.000
G1 X-16.336 Y-173.230 Z-4.000 F400.000
G1 X-16.445 Y-173.241 Z-4.000 F400.000
G1 X-17.850 Y-173.241 Z-4.000 F400.000
G1 X-18.057 Y-173.255 Z-4.000 F400.000
G1 X-18.316 Y-173.289 Z-4.000 F400.000
G1 X-18.716 Y-173.396 Z-4.000 F400.000
G1 X-18.958 Y-173.496 Z-4.000 F400.000
G1 X-19.316 Y-173.703 Z-4.000 F400.000
G1 X-19.524 Y-173.862 Z-4.000 F400.000
G1 X-19.817 Y-174.155 Z-4.000 F400.000
G1 X-19.975 Y-174.362 Z-4.000 F400.000
G1 X-20.183 Y-174.721 Z-4.000 F400.000
G1 X-20.283 Y-174.962 Z-4.000 F400.000
G1 X-20.390 Y-175.362 Z-4.000 F400.000
G1 X-20.424 Y-175.621 Z-4.000 F400.000
G1 X-20.437 Y-175.828 Z-4.000 F400.000
G1 X-20.437 Y-198.696 Z-4.000 F400.000
G1 X-20.425 Y-198.973 Z-4.000 F400.000
G1 X-20.375 Y-199.333 Z-4.000 F400.000
G1 X-20.286 Y-199.686 Z-4.000 F400.000
G1 X-20.159 Y-200.027 Z-4.000 F400.000
G1 X-16.238 Y-208.442 Z-4.000 F400.000
G1 X-16.215 Y-208.499 Z-4.000 F400.000
G1 X-16.210 Y-208.515 Z-4.000 F400.000
G1 X-16.207 Y-208.533 Z-4.000 F400.000
G1 X-16.204 Y-208.593 Z-4.000 F400.000
G1 X-16.204 Y-211.485 Z-4.000 F400.000
G1 X-16.215 Y-211.593 Z-4.000 F400.000
G1 X-16.224 Y-211.622 Z-4.000 F400.000
G1 X-16.238 Y-211.649 Z-4.000 F400.000
G1 X-16.257 Y-211.672 Z-4.000 F400.000
G1 X-16.281 Y-211.691 Z-4.000 F400.000
G1 X-16.307 Y-211.706 Z-4.000 F400.000
G1 X-16.336 Y-211.714 Z-4.000 F400.000
G1 X-16.445 Y-211.725 Z-4.000 F400.000
G1 X-17.850 Y-211.725 Z-4.000 F400.000
G1 X-18.057 Y-211.739 Z-4.000 F400.000
G1 X-18.316 Y-211.773 Z-4.000 F400.000
G1 X-18.716 Y-211.880 Z-4.000 F400.000
G1 X-18.958 Y-211.980 Z-4.000 F400.000
G1 X-19.316 Y-212.187 Z-4.000 F400.000
G1 X-19.524 Y-212.346 Z-4.000 F400.000
G1 X-19.817 Y-212.639 Z-4.000 F400.000
G1 X-19.975 Y-212.846 Z-4.000 F400.000
G1 X-20.183 Y-213.205 Z-4.000 F400.000
G1 X-20.283 Y-213.446 Z-4.000 F400.000
G1 X-20.390 Y-213.846 Z-4.000 F400.000
G1 X-20.424 Y-214.105 Z-4.000 F400.000
G1 X-20.437 Y-214.313 Z-4.000 F400.000
G1 X-20.437 Y-228.500 Z-4.000 F400.000
G0 Z5.000
G0 X-20.437 Y-3.500
G0 Z3.000
G1 X-20.437 Y-3.500 Z-4.200 F250.000
G1 X-20.437 Y-27.417 Z-4.200 F400.000
G1 X-20.396 Y-27.914 Z-4.200 F400.000
G1 X-20.336 Y-28.219 Z-4.200 F400.000
G1 X-20.236 Y-28.548 Z-4.200 F400.000
G1 X-20.117 Y-28.835 Z-4.200 F400.000
G1 X-19.955 Y-29.138 Z-4.200 F400.000
G1 X-19.782 Y-29.396 Z-4.200 F400.000
G1 X-19.565 Y-29.662 Z-4.200 F400.000
G1 X-19.345 Y-29.882 Z-4.200 F400.000
G1 X-19.079 Y-30.099 Z-4.200 F400.000
G1 X-18.821 Y-30.272 Z-4.200 F400.000
G1 X-18.518 Y-30.434 Z-4.200 F400.000
G1 X-18.231 Y-30.553 Z-4.200 F400.000
G1 X-17.902 Y-30.653 Z-4.200 F400.000
G1 X-17.597 Y-30.713 Z-4.200 F400.000
G1 X-17.256 Y-30.747 Z-4.200 F400.000
G1 X-14.330 Y-30.754 Z-4.200 F400.000
G1 X-14.220 Y-30.765 Z-4.200 F400.000
G1 X-14.191 Y-30.774 Z-4.200 F400.000
G1 X-14.164 Y-30.788 Z-4.200 F400.000
G1 X-14.141 Y-30.808 Z-4.200 F400.000
G1 X-14.121 Y-30.831 Z-4.200 F400.000
G1 X-14.107 Y-30.858 Z-4.200 F400.000
G1 X-14.098 Y-30.887 Z-4.200 F400.000
G1 X-14.087 Y-30.995 Z-4.200 F400.000
G1 X-14.088 Y-32.702 Z-4.200 F400.000
G1 X-14.098 Y-32.810 Z-4.200 F400.000
G1 X-14.107 Y-32.839 Z-4.200 F400.000
G1 X-14.121 Y-32.866 Z-4.200 F400.000
G1 X-14.141 Y-32.889 Z-4.200 F400.000
G1 X-14.164 Y-32.908 Z-4.200 F400.000
G1 X-14.191 Y-32.923 Z-4.200 F400.000
G1 X-14.220 Y-32.931 Z-4.200 F400.000
G1 X-14.328 Y-32.942 Z-4.200 F400.000
G1 X-17.100 Y-32.942 Z-4.200 F400.000
G1 X-17.597 Y-32.983 Z-4.200 F400.000
G1 X-17.902 Y-33.044 Z-4.200 F400.000
G1 X-18.231 Y-33.144 Z-4.200 F400.000
G1 X-18.518 Y-33.263 Z-4.200 F400.000
G1 X-18.821 Y-33.424 Z-4.200 F400.000
G1 X-19.079 Y-33.597 Z-4.200 F400.000
G1 X-19.345 Y-33.815 Z-4.200 F400.000
G1 X-19.565 Y-34.035 Z-4.200 F400.000
G1 X-19.782 Y-34.300 Z-4.200 F400.000
G1 X-19.955 Y-34.559 Z-4.200 F400.000
G1 X-20.117 Y-34.862 Z-4.200 F400.000
G1 X-20.236 Y-35.149 Z-4.200 F400.000
G1 X-20.336 Y-35.477 Z-4.200 F400.000
G1 X-20.396 Y-35.783 Z-4.200 F400.000
G1 X-20.430 Y-36.124 Z-4.200 F400.000
G1 X-20.437 Y-44.760 Z-4.200 F400.000
G1 X-20.425 Y-45.037 Z-4.200 F400.000
G1 X-20.375 Y-45.397 Z-4.200 F400.000
G1 X-20.286 Y-45.750 Z-4.200 F400.000
G1 X-20.159 Y-46.091 Z-4.200 F400.000
G1 X-16.238 Y-54.506 Z-4.200 F400.000
G1 X-16.215 Y-54.562 Z-4.200 F400.000
G1 X-16.210 Y-54.579 Z-4.200 F400.000
G1 X-16.207 Y-54.597 Z-4.200 F400.000
G1 X-16.204 Y-54.657 Z-4.200 F400.000
G1 X-16.204 Y-57.548 Z-4.200 F400.000
G1 X-16.215 Y-57.657 Z-4.200 F400.000
G1 X-16.224 Y-57.686 Z-4.200 F400.000
G1 X-16.238 Y-57.712 Z-4.200 F400.000
G1 X-16.257 Y-57.736 Z-4.200 F400.000
G1 X-16.281 Y-57.755 Z-4.200 F400.000
G1 X-16.307 Y-57.769 Z-4.200 F400.000
G1 X-16.336 Y-57.778 Z-4.200 F400.000
G1 X-16.445 Y-57.789 Z-4.200 F400.000
G1 X-17.850 Y-57.789 Z-4.200 F400.000
G1 X-18.057 Y-57.803 Z-4.200 F400.000
G1 X-18.316 Y-57.837 Z-4.200 F400.000
G1 X-18.716 Y-57.944 Z-4.200 F400.000
G1 X-18.958 Y-58.044 Z-4.200 F400.000
G1 X-19.316 Y-58.251 Z-4.200 F400.000
G1 X-19.524 Y-58.410 Z-4.200 F400.000
G1 X-19.817 Y-58.703 Z-4.200 F400.000
G1 X-19.975 Y-58.910 Z-4.200 F400.000
G1 X-20.183 Y-59.269 Z-4.200 F400.000
G1 X-20.283 Y-59.510 Z-4.200 F400.000
G1 X-20.390 Y-59.910 Z-4.200 F400.000
G1 X-20.424 Y-60.169 Z-4.200 F400.000
G1 X-20.437 Y-60.376 Z-4.200 F400.000
G1 X-20.437 Y-83.244 Z-4.200 F400.000
G1 X-20.425 Y-83.521 Z-4.200 F400.000
G1 X-20.375 Y-83.881 Z-4.200 F400.000
G1 X-20.286 Y-84.234 Z-4.200 F400.000
G1 X-20.159 Y-84.575 Z-4.200 F400.000
G1 X-16.238 Y-92.990 Z-4.200 F400.000
G1 X-16.215 Y-93.046 Z-4.200 F400.000
G1 X-16.210 Y-93.063 Z-4.200 F400.000
G1 X-16.207 Y-93.081 Z-4.200 F400.000
G1 X-16.204 Y-93.141 Z-4.200 F400.000
G1 X-16.204 Y-96.032 Z-4.200 F400.000
G1 X-16.215 Y-96.141 Z-4.200 F400.000
G1 X-16.224 Y-96.170 Z-4.200 F400.000
G1 X-16.238 Y-96.196 Z-4.200 F400.000
G1 X-16.257 Y-96.220 Z-4.200 F400.000
G1 X-16.281 Y-96.239 Z-4.200 F400.000
G1 X-16.307 Y-96.253 Z-4.200 F400.000
G1 X-16.336 Y-96.262 Z-4.200 F400.000
G1 X-16.445 Y-96.273 Z-4.200 F400.000
G1 X-17.850 Y-96.273 Z-4.200 F400.000
G1 X-18.057 Y-96.287 Z-4.200 F400.000
G1 X-18.316 Y-96.321 Z-4.200 F400.000
G1 X-18.716 Y-96.428 Z-4.200 F400.000
G1 X-18.958 Y-96.528 Z-4.200 F400.000
G1 X-19.316 Y-96.735 Z-4.200 F400.000
G1 X-19.524 Y-96.894 Z-4.200 F400.000
G1 X-19.817 Y-97.187 Z-4.200 F400.000
G1 X-19.975 Y-97.394 Z-4.200 F400.000
G1 X-20.183 Y-97.753 Z-4.200 F400.000
G1 X-20.283 Y-97.994 Z-4.200 F400.000
G1 X-20.390 Y-98.394 Z-4.200 F400.000
G1 X-20.424 Y-98.653 Z-4.200 F400.000
G1 X-20.437 Y-98.860 Z-4.200 F400.000
G1 X-20.437 Y-121.728 Z-4.200 F400.000
G1 X-20.425 Y-122.005 Z-4.200 F400.000
G1 X-20.375 Y-122.365 Z-4.200 F400.000
G1 X-20.286 Y-122.718 Z-4.200 F400.000
G1 X-20.159 Y-123.059 Z-4.200 F400.000
G1 X-16.238 Y-131.474 Z-4.200 F400.000
G1 X-16.215 Y-131.531 Z-4.200 F400.000
G1 X-16.210 Y-131.547 Z-4.200 F400.000
G1 X-16.207 Y-131.565 Z-4.200 F400.000
G1 X-16.204 Y-131.625 Z-4.200 F400.000
G1 X-16.204 Y-134.516 Z-4.200 F400.000
G1 X-16.215 Y-134.625 Z-4.200 F400.000
G1 X-16.224 Y-134.654 Z-4.200 F400.000
G1 X-16.238 Y-134.680 Z-4.200 F400.000
G1 X-16.257 Y-134.704 Z-4.200 F400.000
G1 X-16.281 Y-134.723 Z-4.200 F400.000
G1 X-16.307 Y-134.738 Z-4.200 F400.000
G1 X-16.336 Y-134.746 Z-4.200 F400.000
G1 X-16.445 Y-134.757 Z-4.200 F400.000
G1 X-17.850 Y-134.757 Z-4.200 F400.000
G1 X-18.057 Y-134.771 Z-4.200 F400.000
G1 X-18.316 Y-134.805 Z-4.200 F400.000
G1 X-18.716 Y-134.912 Z-4.200 F400.000
G1 X-18.958 Y-135.012 Z-4.200 F400.000
G1 X-19.316 Y-135.219 Z-4.200 F400.000
G1 X-19.524 Y-135.378 Z-4.200 F400.000
G1 X-19.817 Y-135.671 Z-4.200 F400.000
G1 X-19.975 Y-135.878 Z-4.200 F400.000
G1 X-20.183 Y-136.237 Z-4.200 F400.000
G1 X-20.283 Y-136.478 Z-4.200 F400.000
G1 X-20.390 Y-136.878 Z-4.200 F400.000
G1 X-20.424 Y-137.137 Z-4.200 F400.000
G1 X-20.437 Y-137.344 Z-4.200 F400.000
G1 X-20.437 Y-160.212 Z-4.200 F400.000
G1 X-20.425 Y-160.489 Z-4.200 F400.000
G1 X-20.375 Y-160.849 Z-4.200 F400.000
G1 X-20.286 Y-161.202 Z-4.200 F400.000
G1 X-20.159 Y-161.543 Z-4.200 F400.000
G1 X-16.238 Y-169.958 Z-4.200 F400.000
G1 X-16.215 Y-170.015 Z-4.200 F400.000
G1 X-16.210 Y-170.031 Z-4.200 F400.000
G1 X-16.207 Y-170.049 Z-4.200 F400.000
G1 X-16.204 Y-170.109 Z-4.200 F400.000
G1 X-16.204 Y-173.000 Z-4.200 F400.000
G1 X-16.215 Y-173.109 Z-4.200 F400.000
G1 X-16.224 Y-173.138 Z-4.200 F400.000
G1 X-16.238 Y-173.164 Z-4.200 F400.000
G1 X-16.257 Y-173.188 Z-4.200 F400.000
G1 X-16.281 Y-173.207 Z-4.200 F400.000
G1 X-16.307 Y-173.222 Z-4.200 F400.000
G1 X-16.336 Y-173.230 Z-4.200 F400.000
G1 X-16.445 Y-173.241 Z-4.200 F400.000
G1 X-17.850 Y-173.241 Z-4.200 F400.000
G1 X-18.057 Y-173.255 Z-4.200 F400.000
G1 X-18.316 Y-173.289 Z-4.200 F400.000
G1 X-18.716 Y-173.396 Z-4.200 F400.000
G1 X-18.958 Y-173.496 Z-4.200 F400.000
G1 X-19.316 Y-173.703 Z-4.200 F400.000
G1 X-19.524 Y-173.862 Z-4.200 F400.000
G1 X-19.817 Y-174.155 Z-4.200 F400.000
G1 X-19.975 Y-174.362 Z-4.200 F400.000
G1 X-20.183 Y-174.721 Z-4.200 F400.000
G1 X-20.283 Y-174.962 Z-4.200 F400.000
G1 X-20.390 Y-175.362 Z-4.200 F400.000
G1 X-20.424 Y-175.621 Z-4.200 F400.000
G1 X-20.437 Y-175.828 Z-4.200 F400.000
G1 X-20.437 Y-198.696 Z-4.200 F400.000
G1 X-20.425 Y-198.973 Z-4.200 F400.000
G1 X-20.375 Y-199.333 Z-4.200 F400.000
G1 X-20.286 Y-199.686 Z-4.200 F400.000
G1 X-20.159 Y-200.027 Z-4.200 F400.000
G1 X-16.238 Y-208.442 Z-4.200 F400.000
G1 X-16.215 Y-208.499 Z-4.200 F400.000
G1 X-16.210 Y-208.515 Z-4.200 F400.000
G1 X-16.207 Y-208.533 Z-4.200 F400.000
G1 X-16.204 Y-208.593 Z-4.200 F400.000
G1 X-16.204 Y-211.485 Z-4.200 F400.000
G1 X-16.215 Y-211.593 Z-4.200 F400.000
G1 X-16.224 Y-211.622 Z-4.200 F400.000
G1 X-16.238 Y-211.649 Z-4.200 F400.000
G1 X-16.257 Y-211.672 Z-4.200 F400.000
G1 X-16.281 Y-211.691 Z-4.200 F400.000
G1 X-16.307 Y-211.706 Z-4.200 F400.000
G1 X-16.336 Y-211.714 Z-4.200 F400.000
G1 X-16.445 Y-211.725 Z-4.200 F400.000
G1 X-17.850 Y-211.725 Z-4.200 F400.000
G1 X-18.057 Y-211.739 Z-4.200 F400.000
G1 X-18.316 Y-211.773 Z-4.200 F400.000
G1 X-18.716 Y-211.880 Z-4.200 F400.000
G1 X-18.958 Y-211.980 Z-4.200 F400.000
G1 X-19.316 Y-212.187 Z-4.200 F400.000
G1 X-19.524 Y-212.346 Z-4.200 F400.000
G1 X-19.817 Y-212.639 Z-4.200 F400.000
G1 X-19.975 Y-212.846 Z-4.200 F400.000
G1 X-20.183 Y-213.205 Z-4.200 F400.000
G1 X-20.283 Y-213.446 Z-4.200 F400.000
G1 X-20.390 Y-213.846 Z-4.200 F400.000
G1 X-20.424 Y-214.105 Z-4.200 F400.000
G1 X-20.437 Y-214.313 Z-4.200 F400.000
G1 X-20.437 Y-228.500 Z-4.200 F400.000
G0 Z5.000
G0 X-20.437 Y-3.500
G0 Z3.000
G1 X-20.437 Y-3.500 Z-4.400 F250.000
G1 X-20.437 Y-27.417 Z-4.400 F400.000
G1 X-20.396 Y-27.914 Z-4.400 F400.000
G1 X-20.336 Y-28.219 Z-4.400 F400.000
G1 X-20.236 Y-28.548 Z-4.400 F400.000
G1 X-20.117 Y-28.835 Z-4.400 F400.000
G1 X-19.955 Y-29.138 Z-4.400 F400.000
G1 X-19.782 Y-29.396 Z-4.400 F400.000
G1 X-19.565 Y-29.662 Z-4.400 F400.000
G1 X-19.345 Y-29.882 Z-4.400 F400.000
G1 X-19.079 Y-30.099 Z-4.400 F400.000
G1 X-18.821 Y-30.272 Z-4.400 F400.000
G1 X-18.518 Y-30.434 Z-4.400 F400.000
G1 X-18.231 Y-30.553 Z-4.400 F400.000
G1 X-17.902 Y-30.653 Z-4.400 F400.000
G1 X-17.597 Y-30.713 Z-4.400 F400.000
G1 X-17.256 Y-30.747 Z-4.400 F400.000
G1 X-14.330 Y-30.754 Z-4.400 F400.000
G1 X-14.220 Y-30.765 Z-4.400 F400.000
G1 X-14.191 Y-30.774 Z-4.400 F400.000
G1 X-14.164 Y-30.788 Z-4.400 F400.000
G1 X-14.141 Y-30.808 Z-4.400 F400.000
G1 X-14.121 Y-30.831 Z-4.400 F400.000
G1 X-14.107 Y-30.858 Z-4.400 F400.000
G1 X-14.098 Y-30.887 Z-4.400 F400.000
G1 X-14.087 Y-30.995 Z-4.400 F400.000
G1 X-14.088 Y-32.702 Z-4.400 F400.000
G1 X-14.098 Y-32.810 Z-4.400 F400.000
G1 X-14.107 Y-32.839 Z-4.400 F400.000
G1 X-14.121 Y-32.866 Z-4.400 F400.000
G1 X-14.141 Y-32.889 Z-4.400 F400.000
G1 X-14.164 Y-32.908 Z-4.400 F400.000
G1 X-14.191 Y-32.923 Z-4.400 F400.000
G1 X-14.220 Y-32.931 Z-4.400 F400.000
G1 X-14.328 Y-32.942 Z-4.400 F400.000
G1 X-17.100 Y-32.942 Z-4.400 F400.000
G1 X-17.597 Y-32.983 Z-4.400 F400.000
G1 X-17.902 Y-33.044 Z-4.400 F400.000
G1 X-18.231 Y-33.144 Z-4.400 F400.000
G1 X-18.518 Y-33.263 Z-4.400 F400.000
G1 X-18.821 Y-33.424 Z-4.400 F400.000
G1 X-19.079 Y-33.597 Z-4.400 F400.000
G1 X-19.345 Y-33.815 Z-4.400 F400.000
G1 X-19.565 Y-34.035 Z-4.400 F400.000
G1 X-19.782 Y-34.300 Z-4.400 F400.000
G1 X-19.955 Y-34.559 Z-4.400 F400.000
G1 X-20.117 Y-34.862 Z-4.400 F400.000
G1 X-20.236 Y-35.149 Z-4.400 F400.000
G1 X-20.336 Y-35.477 Z-4.400 F400.000
G1 X-20.396 Y-35.783 Z-4.400 F400.000
G1 X-20.430 Y-36.124 Z-4.400 F400.000
G1 X-20.437 Y-44.760 Z-4.400 F400.000
G1 X-20.425 Y-45.037 Z-4.400 F400.000
G1 X-20.375 Y-45.397 Z-4.400 F400.000
G1 X-20.286 Y-45.750 Z-4.400 F400.000
G1 X-20.159 Y-46.091 Z-4.400 F400.000
G1 X-16.238 Y-54.506 Z-4.400 F400.000
G1 X-16.215 Y-54.562 Z-4.400 F400.000
G1 X-16.210 Y-54.579 Z-4.400 F400.000
G1 X-16.207 Y-54.597 Z-4.400 F400.000
G1 X-16.204 Y-54.657 Z-4.400 F400.000
G1 X-16.204 Y-57.548 Z-4.400 F400.000
G1 X-16.215 Y-57.657 Z-4.400 F400.000
G1 X-16.224 Y-57.686 Z-4.400 F400.000
G1 X-16.238 Y-57.712 Z-4.400 F400.000
G1 X-16.257 Y-57.736 Z-4.400 F400.000
G1 X-16.281 Y-57.755 Z-4.400 F400.000
G1 X-16.307 Y-57.769 Z-4.400 F400.000
G1 X-16.336 Y-57.778 Z-4.400 F400.000
G1 X-16.445 Y-57.789 Z-4.400 F400.000
G1 X-17.850 Y-57.789 Z-4.400 F400.000
G1 X-18.057 Y-57.803 Z-4.400 F400.000
G1 X-18.316 Y-57.837 Z-4.400 F400.000
G1 X-18.716 Y-57.944 Z-4.400 F400.000
G1 X-18.958 Y-58.044 Z-4.400 F400.000
G1 X-19.316 Y-58.251 Z-4.400 F400.000
G1 X-19.524 Y-58.410 Z-4.400 F400.000
G1 X-19.817 Y-58.703 Z-4.400 F400.000
G1 X-19.975 Y-58.910 Z-4.400 F400.000
G1 X-20.183 Y-59.269 Z-4.400 F400.000
G1 X-20.283 Y-59.510 Z-4.400 F400.000
G1 X-20.390 Y-59.910 Z-4.400 F400.000
G1 X-20.424 Y-60.169 Z-4.400 F400.000
G1 X-20.437 Y-60.376 Z-4.400 F400.000
G1 X-20.437 Y-83.244 Z-4.400 F400.000
G1 X-20.425 Y-83.521 Z-4.400 F400.000
G1 X-20.375 Y-83.881 Z-4.400 F400.000
G1 X-20.286 Y-84.234 Z-4.400 F400.000
G1 X-20.159 Y-84.575 Z-4.400 F400.000
G1 X-16.238 Y-92.990 Z-4.400 F400.000
G1 X-16.215 Y-93.046 Z-4.400 F400.000
G1 X-16.210 Y-93.063 Z-4.400 F400.000
G1 X-16.207 Y-93.081 Z-4.400 F400.000
G1 X-16.204 Y-93.141 Z-4.400 F400.000
G1 X-16.204 Y-96.032 Z-4.400 F400.000
G1 X-16.215 Y-96.141 Z-4.400 F400.000
G1 X-16.224 Y-96.170 Z-4.400 F400.000
G1 X-16.238 Y-96.196 Z-4.400 F400.000
G1 X-16.257 Y-96.220 Z-4.400 F400.000
G1 X-16.281 Y-96.239 Z-4.400 F400.000
G1 X-16.307 Y-96.253 Z-4.400 F400.000
G1 X-16.336 Y-96.262 Z-4.400 F400.000
G1 X-16.445 Y-96.273 Z-4.400 F400.000
G1 X-17.850 Y-96.273 Z-4.400 F400.000
G1 X-18.057 Y-96.287 Z-4.400 F400.000
G1 X-18.316 Y-96.321 Z-4.400 F400.000
G1 X-18.716 Y-96.428 Z-4.400 F400.000
G1 X-18.958 Y-96.528 Z-4.400 F400.000
G1 X-19.316 Y-96.735 Z-4.400 F400.000
G1 X-19.524 Y-96.894 Z-4.400 F400.000
G1 X-19.817 Y-97.187 Z-4.400 F400.000
G1 X-19.975 Y-97.394 Z-4.400 F400.000
G1 X-20.183 Y-97.753 Z-4.400 F400.000
G1 X-20.283 Y-97.994 Z-4.400 F400.000
G1 X-20.390 Y-98.394 Z-4.400 F400.000
G1 X-20.424 Y-98.653 Z-4.400 F400.000
G1 X-20.437 Y-98.860 Z-4.400 F400.000
G1 X-20.437 Y-121.728 Z-4.400 F400.000
G1 X-20.425 Y-122.005 Z-4.400 F400.000
G1 X-20.375 Y-122.365 Z-4.400 F400.000
G1 X-20.286 Y-122.718 Z-4.400 F400.000
G1 X-20.159 Y-123.059 Z-4.400 F400.000
G1 X-16.238 Y-131.474 Z-4.400 F400.000
G1 X-16.215 Y-131.531 Z-4.400 F400.000
G1 X-16.210 Y-131.547 Z-4.400 F400.000
G1 X-16.207 Y-131.565 Z-4.400 F400.000
G1 X-16.204 Y-131.625 Z-4.400 F400.000
G1 X-16.204 Y-134.516 Z-4.400 F400.000
G1 X-16.215 Y-134.625 Z-4.400 F400.000
G1 X-16.224 Y-134.654 Z-4.400 F400.000
G1 X-16.238 Y-134.680 Z-4.400 F400.000
G1 X-16.257 Y-134.704 Z-4.400 F400.000
G1 X-16.281 Y-134.723 Z-4.400 F400.000
G1 X-16.307 Y-134.738 Z-4.400 F400.000
G1 X-16.336 Y-134.746 Z-4.400 F400.000
G1 X-16.445 Y-134.757 Z-4.400 F400.000
G1 X-17.850 Y-134.757 Z-4.400 F400.000
G1 X-18.057 Y-134.771 Z-4.400 F400.000
G1 X-18.316 Y-134.805 Z-4.400 F400.000
G1 X-18.716 Y-134.912 Z-4.400 F400.000
G1 X-18.958 Y-135.012 Z-4.400 F400.000
G1 X-19.316 Y-135.219 Z-4.400 F400.000
G1 X-19.524 Y-135.378 Z-4.400 F400.000
G1 X-19.817 Y-135.671 Z-4.400 F400.000
G1 X-19.975 Y-135.878 Z-4.400 F400.000
G1 X-20.183 Y-136.237 Z-4.400 F400.000
G1 X-20.283 Y-136.478 Z-4.400 F400.000
G1 X-20.390 Y-136.878 Z-4.400 F400.000
G1 X-20.424 Y-137.137 Z-4.400 F400.000
G1 X-20.437 Y-137.344 Z-4.400 F400.000
G1 X-20.437 Y-160.212 Z-4.400 F400.000
G1 X-20.425 Y-160.489 Z-4.400 F400.000
G1 X-20.375 Y-160.849 Z-4.400 F400.000
G1 X-20.286 Y-161.202 Z-4.400 F400.000
G1 X-20.159 Y-161.543 Z-4.400 F400.000
G1 X-16.238 Y-169.958 Z-4.400 F400.000
G1 X-16.215 Y-170.015 Z-4.400 F400.000
G1 X-16.210 Y-170.031 Z-4.400 F400.000
G1 X-16.207 Y-170.049 Z-4.400 F400.000
G1 X-16.204 Y-170.109 Z-4.400 F400.000
G1 X-16.204 Y-173.000 Z-4.400 F400.000
G1 X-16.215 Y-173.109 Z-4.400 F400.000
G1 X-16.224 Y-173.138 Z-4.400 F400.000
G1 X-16.238 Y-173.164 Z-4.400 F400.000
G1 X-16.257 Y-173.188 Z-4.400 F400.000
G1 X-16.281 Y-173.207 Z-4.400 F400.000
G1 X-16.307 Y-173.222 Z-4.400 F400.000
G1 X-16.336 Y-173.230 Z-4.400 F400.000
G1 X-16.445 Y-173.241 Z-4.400 F400.000
G1 X-17.850 Y-173.241 Z-4.400 F400.000
G1 X-18.057 Y-173.255 Z-4.400 F400.000
G1 X-18.316 Y-173.289 Z-4.400 F400.000
G1 X-18.716 Y-173.396 Z-4.400 F400.000
G1 X-18.958 Y-173.496 Z-4.400 F400.000
G1 X-19.316 Y-173.703 Z-4.400 F400.000
G1 X-19.524 Y-173.862 Z-4.400 F400.000
G1 X-19.817 Y-174.155 Z-4.400 F400.000
G1 X-19.975 Y-174.362 Z-4.400 F400.000
G1 X-20.183 Y-174.721 Z-4.400 F400.000
G1 X-20.283 Y-174.962 Z-4.400 F400.000
G1 X-20.390 Y-175.362 Z-4.400 F400.000
G1 X-20.424 Y-175.621 Z-4.400 F400.000
G1 X-20.437 Y-175.828 Z-4.400 F400.000
G1 X-20.437 Y-198.696 Z-4.400 F400.000
G1 X-20.425 Y-198.973 Z-4.400 F400.000
G1 X-20.375 Y-199.333 Z-4.400 F400.000
G1 X-20.286 Y-199.686 Z-4.400 F400.000
G1 X-20.159 Y-200.027 Z-4.400 F400.000
G1 X-16.238 Y-208.442 Z-4.400 F400.000
G1 X-16.215 Y-208.499 Z-4.400 F400.000
G1 X-16.210 Y-208.515 Z-4.400 F400.000
G1 X-16.207 Y-208.533 Z-4.400 F400.000
G1 X-16.204 Y-208.593 Z-4.400 F400.000
G1 X-16.204 Y-211.485 Z-4.400 F400.000
G1 X-16.215 Y-211.593 Z-4.400 F400.000
G1 X-16.224 Y-211.622 Z-4.400 F400.000
G1 X-16.238 Y-211.649 Z-4.400 F400.000
G1 X-16.257 Y-211.672 Z-4.400 F400.000
G1 X-16.281 Y-211.691 Z-4.400 F400.000
G1 X-16.307 Y-211.706 Z-4.400 F400.000
G1 X-16.336 Y-211.714 Z-4.400 F400.000
G1 X-16.445 Y-211.725 Z-4.400 F400.000
G1 X-17.850 Y-211.725 Z-4.400 F400.000
G1 X-18.057 Y-211.739 Z-4.400 F400.000
G1 X-18.316 Y-211.773 Z-4.400 F400.000
G1 X-18.716 Y-211.880 Z-4.400 F400.000
G1 X-18.958 Y-211.980 Z-4.400 F400.000
G1 X-19.316 Y-212.187 Z-4.400 F400.000
G1 X-19.524 Y-212.346 Z-4.400 F400.000
G1 X-19.817 Y-212.639 Z-4.400 F400.000
G1 X-19.975 Y-212.846 Z-4.400 F400.000
G1 X-20.183 Y-213.205 Z-4.400 F400.000
G1 X-20.283 Y-213.446 Z-4.400 F400.000
G1 X-20.390 Y-213.846 Z-4.400 F400.000
G1 X-20.424 Y-214.105 Z-4.400 F400.000
G1 X-20.437 Y-214.313 Z-4.400 F400.000
G1 X-20.437 Y-228.500 Z-4.400 F400.000
G0 Z5.000
G0 X-20.437 Y-3.500
G0 Z3.000
G1 X-20.437 Y-3.500 Z-4.600 F250.000
G1 X-20.437 Y-27.417 Z-4.600 F400.000
G1 X-20.396 Y-27.914 Z-4.600 F400.000
G1 X-20.336 Y-28.219 Z-4.600 F400.000
G1 X-20.236 Y-28.548 Z-4.600 F400.000
G1 X-20.117 Y-28.835 Z-4.600 F400.000
G1 X-19.955 Y-29.138 Z-4.600 F400.000
G1 X-19.782 Y-29.396 Z-4.600 F400.000
G1 X-19.565 Y-29.662 Z-4.600 F400.000
G1 X-19.345 Y-29.882 Z-4.600 F400.000
G1 X-19.079 Y-30.099 Z-4.600 F400.000
G1 X-18.821 Y-30.272 Z-4.600 F400.000
G1 X-18.518 Y-30.434 Z-4.600 F400.000
G1 X-18.231 Y-30.553 Z-4.600 F400.000
G1 X-17.902 Y-30.653 Z-4.600 F400.000
G1 X-17.597 Y-30.713 Z-4.600 F400.000
G1 X-17.256 Y-30.747 Z-4.600 F400.000
G1 X-14.330 Y-30.754 Z-4.600 F400.000
G1 X-14.220 Y-30.765 Z-4.600 F400.000
G1 X-14.191 Y-30.774 Z-4.600 F400.000
G1 X-14.164 Y-30.788 Z-4.600 F400.000
G1 X-14.141 Y-30.808 Z-4.600 F400.000
G1 X-14.121 Y-30.831 Z-4.600 F400.000
G1 X-14.107 Y-30.858 Z-4.600 F400.000
G1 X-14.098 Y-30.887 Z-4.600 F400.000
G1 X-14.087 Y-30.995 Z-4.600 F400.000
G1 X-14.088 Y-32.702 Z-4.600 F400.000
G1 X-14.098 Y-32.810 Z-4.600 F400.000
G1 X-14.107 Y-32.839 Z-4.600 F400.000
G1 X-14.121 Y-32.866 Z-4.600 F400.000
G1 X-14.141 Y-32.889 Z-4.600 F400.000
G1 X-14.164 Y-32.908 Z-4.600 F400.000
G1 X-14.191 Y-32.923 Z-4.600 F400.000
G1 X-14.220 Y-32.931 Z-4.600 F400.000
G1 X-14.328 Y-32.942 Z-4.600 F400.000
G1 X-17.100 Y-32.942 Z-4.600 F400.000
G1 X-17.597 Y-32.983 Z-4.600 F400.000
G1 X-17.902 Y-33.044 Z-4.600 F400.000
G1 X-18.231 Y-33.144 Z-4.600 F400.000
G1 X-18.518 Y-33.263 Z-4.600 F400.000
G1 X-18.821 Y-33.424 Z-4.600 F400.000
G1 X-19.079 Y-33.597 Z-4.600 F400.000
G1 X-19.345 Y-33.815 Z-4.600 F400.000
G1 X-19.565 Y-34.035 Z-4.600 F400.000
G1 X-19.782 Y-34.300 Z-4.600 F400.000
G1 X-19.955 Y-34.559 Z-4.600 F400.000
G1 X-20.117 Y-34.862 Z-4.600 F400.000
G1 X-20.236 Y-35.149 Z-4.600 F400.000
G1 X-20.336 Y-35.477 Z-4.600 F400.000
G1 X-20.396 Y-35.783 Z-4.600 F400.000
G1 X-20.430 Y-36.124 Z-4.600 F400.000
G1 X-20.437 Y-44.760 Z-4.600 F400.000
G1 X-20.425 Y-45.037 Z-4.600 F400.000
G1 X-20.375 Y-45.397 Z-4.600 F400.000
G1 X-20.286 Y-45.750 Z-4.600 F400.000
G1 X-20.159 Y-46.091 Z-4.600 F400.000
G1 X-16.238 Y-54.506 Z-4.600 F400.000
G1 X-16.215 Y-54.562 Z-4.600 F400.000
G1 X-16.210 Y-54.579 Z-4.600 F400.000
G1 X-16.207 Y-54.597 Z-4.600 F400.000
G1 X-16.204 Y-54.657 Z-4.600 F400.000
G1 X-16.204 Y-57.548 Z-4.600 F400.000
G1 X-16.215 Y-57.657 Z-4.600 F400.000
G1 X-16.224 Y-57.686 Z-4.600 F400.000
G1 X-16.238 Y-57.712 Z-4.600 F400.000
G1 X-16.257 Y-57.736 Z-4.600 F400.000
G1 X-16.281 Y-57.755 Z-4.600 F400.000
G1 X-16.307 Y-57.769 Z-4.600 F400.000
G1 X-16.336 Y-57.778 Z-4.600 F400.000
G1 X-16.445 Y-57.789 Z-4.600 F400.000
G1 X-17.850 Y-57.789 Z-4.600 F400.000
G1 X-18.057 Y-57.803 Z-4.600 F400.000
G1 X-18.316 Y-57.837 Z-4.600 F400.000
G1 X-18.716 Y-57.944 Z-4.600 F400.000
G1 X-18.958 Y-58.044 Z-4.600 F400.000
G1 X-19.316 Y-58.251 Z-4.600 F400.000
G1 X-19.524 Y-58.410 Z-4.600 F400.000
G1 X-19.817 Y-58.703 Z-4.600 F400.000
G1 X-19.975 Y-58.910 Z-4.600 F400.000
G1 X-20.183 Y-59.269 Z-4.600 F400.000
G1 X-20.283 Y-59.510 Z-4.600 F400.000
G1 X-20.390 Y-59.910 Z-4.600 F400.000
G1 X-20.424 Y-60.169 Z-4.600 F400.000
G1 X-20.437 Y-60.376 Z-4.600 F400.000
G1 X-20.437 Y-83.244 Z-4.600 F400.000
G1 X-20.425 Y-83.521 Z-4.600 F400.000
G1 X-20.375 Y-83.881 Z-4.600 F400.000
G1 X-20.286 Y-84.234 Z-4.600 F400.000
G1 X-20.159 Y-84.575 Z-4.600 F400.000
G1 X-16.238 Y-92.990 Z-4.600 F400.000
G1 X-16.215 Y-93.046 Z-4.600 F400.000
G1 X-16.210 Y-93.063 Z-4.600 F400.000
G1 X-16.207 Y-93.081 Z-4.600 F400.000
G1 X-16.204 Y-93.141 Z-4.600 F400.000
G1 X-16.204 Y-96.032 Z-4.600 F400.000
G1 X-16.215 Y-96.141 Z-4.600 F400.000
G1 X-16.224 Y-96.170 Z-4.600 F400.000
G1 X-16.238 Y-96.196 Z-4.600 F400.000
G1 X-16.257 Y-96.220 Z-4.600 F400.000
G1 X-16.281 Y-96.239 Z-4.600 F400.000
G1 X-16.307 Y-96.253 Z-4.600 F400.000
G1 X-16.336 Y-96.262 Z-4.600 F400.000
G1 X-16.445 Y-96.273 Z-4.600 F400.000
G1 X-17.850 Y-96.273 Z-4.600 F400.000
G1 X-18.057 Y-96.287 Z-4.600 F400.000
G1 X-18.316 Y-96.321 Z-4.600 F400.000
G1 X-18.716 Y-96.428 Z-4.600 F400.000
G1 X-18.958 Y-96.528 Z-4.600 F400.000
G1 X-19.316 Y-96.735 Z-4.600 F400.000
G1 X-19.524 Y-96.894 Z-4.600 F400.000
G1 X-19.817 Y-97.187 Z-4.600 F400.000
G1 X-19.975 Y-97.394 Z-4.600 F400.000
G1 X-20.183 Y-97.753 Z-4.600 F400.000
G1 X-20.283 Y-97.994 Z-4.600 F400.000
G1 X-20.390 Y-98.394 Z-4.600 F400.000
G1 X-20.424 Y-98.653 Z-4.600 F400.000
G1 X-20.437 Y-98.860 Z-4.600 F400.000
G1 X-20.437 Y-121.728 Z-4.600 F400.000
G1 X-20.425 Y-122.005 Z-4.600 F400.000
G1 X-20.375 Y-122.365 Z-4.600 F400.000
G1 X-20.286 Y-122.718 Z-4.600 F400.000
G1 X-20.159 Y-123.059 Z-4.600 F400.000
G1 X-16.238 Y-131.474 Z-4.600 F400.000
G1 X-16.215 Y-131.531 Z-4.600 F400.000
G1 X-16.210 Y-131.547 Z-4.600 F400.000
G1 X-16.207 Y-131.565 Z-4.600 F400.000
G1 X-16.204 Y-131.625 Z-4.600 F400.000
G1 X-16.204 Y-134.516 Z-4.600 F400.000
G1 X-16.215 Y-134.625 Z-4.600 F400.000
G1 X-16.224 Y-134.654 Z-4.600 F400.000
G1 X-16.238 Y-134.680 Z-4.600 F400.000
G1 X-16.257 Y-134.704 Z-4.600 F400.000
G1 X-16.281 Y-134.723 Z-4.600 F400.000
G1 X-16.307 Y-134.738 Z-4.600 F400.000
G1 X-16.336 Y-134.746 Z-4.600 F400.000
G1 X-16.445 Y-134.757 Z-4.600 F400.000
G1 X-17.850 Y-134.757 Z-4.600 F400.000
G1 X-18.057 Y-134.771 Z-4.600 F400.000
G1 X-18.316 Y-134.805 Z-4.600 F400.000
G1 X-18.716 Y-134.912 Z-4.600 F400.000
G1 X-18.958 Y-135.012 Z-4.600 F400.000
G1 X-19.316 Y-135.219 Z-4.600 F400.000
G1 X-19.524 Y-135.378 Z-4.600 F400.000
G1 X-19.817 Y-135.671 Z-4.600 F400.000
G1 X-19.975 Y-135.878 Z-4.600 F400.000
G1 X-20.183 Y-136.237 Z-4.600 F400.000
G1 X-20.283 Y-136.478 Z-4.600 F400.000
G1 X-20.390 Y-136.878 Z-4.600 F400.000
G1 X-20.424 Y-137.137 Z-4.600 F400.000
G1 X-20.437 Y-137.344 Z-4.600 F400.000
G1 X-20.437 Y-160.212 Z-4.600 F400.000
G1 X-20.425 Y-160.489 Z-4.600 F400.000
G1 X-20.375 Y-160.849 Z-4.600 F400.000
G1 X-20.286 Y-161.202 Z-4.600 F400.000
G1 X-20.159 Y-161.543 Z-4.600 F400.000
G1 X-16.238 Y-169.958 Z-4.600 F400.000
G1 X-16.215 Y-170.015 Z-4.600 F400.000
G1 X-16.210 Y-170.031 Z-4.600 F400.000
G1 X-16.207 Y-170.049 Z-4.600 F400.000
G1 X-16.204 Y-170.109 Z-4.600 F400.000
G1 X-16.204 Y-173.000 Z-4.600 F400.000
G1 X-16.215 Y-173.109 Z-4.600 F400.000
G1 X-16.224 Y-173.138 Z-4.600 F400.000
G1 X-16.238 Y-173.164 Z-4.600 F400.000
G1 X-16.257 Y-173.188 Z-4.600 F400.000
G1 X-16.281 Y-173.207 Z-4.600 F400.000
G1 X-16.307 Y-173.222 Z-4.600 F400.000
G1 X-16.336 Y-173.230 Z-4.600 F400.000
G1 X-16.445 Y-173.241 Z-4.600 F400.000
G1 X-17.850 Y-173.241 Z-4.600 F400.000
G1 X-18.057 Y-173.255 Z-4.600 F400.000
G1 X-18.316 Y-173.289 Z-4.600 F400.000
G1 X-18.716 Y-173.396 Z-4.600 F400.000
G1 X-18.958 Y-173.496 Z-4.600 F400.000
G1 X-19.316 Y-173.703 Z-4.600 F400.000
G1 X-19.524 Y-173.862 Z-4.600 F400.000
G1 X-19.817 Y-174.155 Z-4.600 F400.000
G1 X-19.975 Y-174.362 Z-4.600 F400.000
G1 X-20.183 Y-174.721 Z-4.600 F400.000
G1 X-20.283 Y-174.962 Z-4.600 F400.000
G1 X-20.390 Y-175.362 Z-4.600 F400.000
G1 X-20.424 Y-175.621 Z-4.600 F400.000
G1 X-20.437 Y-175.828 Z-4.600 F400.000
G1 X-20.437 Y-198.696 Z-4.600 F400.000
G1 X-20.425 Y-198.973 Z-4.600 F400.000
G1 X-20.375 Y-199.333 Z-4.600 F400.000
G1 X-20.286 Y-199.686 Z-4.600 F400.000
G1 X-20.159 Y-200.027 Z-4.600 F400.000
G1 X-16.238 Y-208.442 Z-4.600 F400.000
G1 X-16.215 Y-208.499 Z-4.600 F400.000
G1 X-16.210 Y-208.515 Z-4.600 F400.000
G1 X-16.207 Y-208.533 Z-4.600 F400.000
G1 X-16.204 Y-208.593 Z-4.600 F400.000
G1 X-16.204 Y-211.485 Z-4.600 F400.000
G1 X-16.215 Y-211.593 Z-4.600 F400.000
G1 X-16.224 Y-211.622 Z-4.600 F400.000
G1 X-16.238 Y-211.649 Z-4.600 F400.000
G1 X-16.257 Y-211.672 Z-4.600 F400.000
G1 X-16.281 Y-211.691 Z-4.600 F400.000
G1 X-16.307 Y-211.706 Z-4.600 F400.000
G1 X-16.336 Y-211.714 Z-4.600 F400.000
G1 X-16.445 Y-211.725 Z-4.600 F400.000
G1 X-17.850 Y-211.725 Z-4.600 F400.000
G1 X-18.057 Y-211.739 Z-4.600 F400.000
G1 X-18.316 Y-211.773 Z-4.600 F400.000
G1 X-18.716 Y-211.880 Z-4.600 F400.000
G1 X-18.958 Y-211.980 Z-4.600 F400.000
G1 X-19.316 Y-212.187 Z-4.600 F400.000
G1 X-19.524 Y-212.346 Z-4.600 F400.000
G1 X-19.817 Y-212.639 Z-4.600 F400.000
G1 X-19.975 Y-212.846 Z-4.600 F400.000
G1 X-20.183 Y-213.205 Z-4.600 F400.000
G1 X-20.283 Y-213.446 Z-4.600 F400.000
G1 X-20.390 Y-213.846 Z-4.600 F400.000
G1 X-20.424 Y-214.105 Z-4.600 F400.000
G1 X-20.437 Y-214.313 Z-4.600 F400.000
G1 X-20.437 Y-228.500 Z-4.600 F400.000
G0 Z5.000
G0 X-20.437 Y-3.500
G0 Z3.000
G1 X-20.437 Y-3.500 Z-4.800 F250.000
G1 X-20.437 Y-27.417 Z-4.800 F400.000
G1 X-20.396 Y-27.914 Z-4.800 F400.000
G1 X-20.336 Y-28.219 Z-4.800 F400.000
G1 X-20.236 Y-28.548 Z-4.800 F400.000
G1 X-20.117 Y-28.835 Z-4.800 F400.000
G1 X-19.955 Y-29.138 Z-4.800 F400.000
G1 X-19.782 Y-29.396 Z-4.800 F400.000
G1 X-19.565 Y-29.662 Z-4.800 F400.000
G1 X-19.345 Y-29.882 Z-4.800 F400.000
G1 X-19.079 Y-30.099 Z-4.800 F400.000
G1 X-18.821 Y-30.272 Z-4.800 F400.000
G1 X-18.518 Y-30.434 Z-4.800 F400.000
G1 X-18.231 Y-30.553 Z-4.800 F400.000
G1 X-17.902 Y-30.653 Z-4.800 F400.000
G1 X-17.597 Y-30.713 Z-4.800 F400.000
G1 X-17.256 Y-30.747 Z-4.800 F400.000
G1 X-14.330 Y-30.754 Z-4.800 F400.000
G1 X-14.220 Y-30.765 Z-4.800 F400.000
G1 X-14.191 Y-30.774 Z-4.800 F400.000
G1 X-14.164 Y-30.788 Z-4.800 F400.000
G1 X-14.141 Y-30.808 Z-4.800 F400.000
G1 X-14.121 Y-30.831 Z-4.800 F400.000
G1 X-14.107 Y-30.858 Z-4.800 F400.000
G1 X-14.098 Y-30.887 Z-4.800 F400.000
G1 X-14.087 Y-30.995 Z-4.800 F400.000
G1 X-14.088 Y-32.702 Z-4.800 F400.000
G1 X-14.098 Y-32.810 Z-4.800 F400.000
G1 X-14.107 Y-32.839 Z-4.800 F400.000
G1 X-14.121 Y-32.866 Z-4.800 F400.000
G1 X-14.141 Y-32.889 Z-4.800 F400.000
G1 X-14.164 Y-32.908 Z-4.800 F400.000
G1 X-14.191 Y-32.923 Z-4.800 F400.000
G1 X-14.220 Y-32.931 Z-4.800 F400.000
G1 X-14.328 Y-32.942 Z-4.800 F400.000
G1 X-17.100 Y-32.942 Z-4.800 F400.000
G1 X-17.597 Y-32.983 Z-4.800 F400.000
G1 X-17.902 Y-33.044 Z-4.800 F400.000
G1 X-18.231 Y-33.144 Z-4.800 F400.000
G1 X-18.518 Y-33.263 Z-4.800 F400.000
G1 X-18.821 Y-33.424 Z-4.800 F400.000
G1 X-19.079 Y-33.597 Z-4.800 F400.000
G1 X-19.345 Y-33.815 Z-4.800 F400.000
G1 X-19.565 Y-34.035 Z-4.800 F400.000
G1 X-19.782 Y-34.300 Z-4.800 F400.000
G1 X-19.955 Y-34.559 Z-4.800 F400.000
G1 X-20.117 Y-34.862 Z-4.800 F400.000
G1 X-20.236 Y-35.149 Z-4.800 F400.000
G1 X-20.336 Y-35.477 Z-4.800 F400.000
G1 X-20.396 Y-35.783 Z-4.800 F400.000
G1 X-20.430 Y-36.124 Z-4.800 F400.000
G1 X-20.437 Y-44.760 Z-4.800 F400.000
G1 X-20.425 Y-45.037 Z-4.800 F400.000
G1 X-20.375 Y-45.397 Z-4.800 F400.000
G1 X-20.286 Y-45.750 Z-4.800 F400.000
G1 X-20.159 Y-46.091 Z-4.800 F400.000
G1 X-16.238 Y-54.506 Z-4.800 F400.000
G1 X-16.215 Y-54.562 Z-4.800 F400.000
G1 X-16.210 Y-54.579 Z-4.800 F400.000
G1 X-16.207 Y-54.597 Z-4.800 F400.000
G1 X-16.204 Y-54.657 Z-4.800 F400.000
G1 X-16.204 Y-57.548 Z-4.800 F400.000
G1 X-16.215 Y-57.657 Z-4.800 F400.000
G1 X-16.224 Y-57.686 Z-4.800 F400.000
G1 X-16.238 Y-57.712 Z-4.800 F400.000
G1 X-16.257 Y-57.736 Z-4.800 F400.000
G1 X-16.281 Y-57.755 Z-4.800 F400.000
G1 X-16.307 Y-57.769 Z-4.800 F400.000
G1 X-16.336 Y-57.778 Z-4.800 F400.000
G1 X-16.445 Y-57.789 Z-4.800 F400.000
G1 X-17.850 Y-57.789 Z-4.800 F400.000
G1 X-18.057 Y-57.803 Z-4.800 F400.000
G1 X-18.316 Y-57.837 Z-4.800 F400.000
G1 X-18.716 Y-57.944 Z-4.800 F400.000
G1 X-18.958 Y-58.044 Z-4.800 F400.000
G1 X-19.316 Y-58.251 Z-4.800 F400.000
G1 X-19.524 Y-58.410 Z-4.800 F400.000
G1 X-19.817 Y-58.703 Z-4.800 F400.000
G1 X-19.975 Y-58.910 Z-4.800 F400.000
G1 X-20.183 Y-59.269 Z-4.800 F400.000
G1 X-20.283 Y-59.510 Z-4.800 F400.000
G1 X-20.390 Y-59.910 Z-4.800 F400.000
G1 X-20.424 Y-60.169 Z-4.800 F400.000
G1 X-20.437 Y-60.376 Z-4.800 F400.000
G1 X-20.437 Y-83.244 Z-4.800 F400.000
G1 X-20.425 Y-83.521 Z-4.800 F400.000
G1 X-20.375 Y-83.881 Z-4.800 F400.000
G1 X-20.286 Y-84.234 Z-4.800 F400.000
G1 X-20.159 Y-84.575 Z-4.800 F400.000
G1 X-16.238 Y-92.990 Z-4.800 F400.000
G1 X-16.215 Y-93.046 Z-4.800 F400.000
G1 X-16.210 Y-93.063 Z-4.800 F400.000
G1 X-16.207 Y-93.081 Z-4.800 F400.000
G1 X-16.204 Y-93.141 Z-4.800 F400.000
G1 X-16.204 Y-96.032 Z-4.800 F400.000
G1 X-16.215 Y-96.141 Z-4.800 F400.000
G1 X-16.224 Y-96.170 Z-4.800 F400.000
G1 X-16.238 Y-96.196 Z-4.800 F400.000
G1 X-16.257 Y-96.220 Z-4.800 F400.000
G1 X-16.281 Y-96.239 Z-4.800 F400.000
G1 X-16.307 Y-96.253 Z-4.800 F400.000
G1 X-16.336 Y-96.262 Z-4.800 F400.000
G1 X-16.445 Y-96.273 Z-4.800 F400.000
G1 X-17.850 Y-96.273 Z-4.800 F400.000
G1 X-18.057 Y-96.287 Z-4.800 F400.000
G1 X-18.316 Y-96.321 Z-4.800 F400.000
G1 X-18.716 Y-96.428 Z-4.800 F400.000
G1 X-18.958 Y-96.528 Z-4.800 F400.000
G1 X-19.316 Y-96.735 Z-4.800 F400.000
G1 X-19.524 Y-96.894 Z-4.800 F400.000
G1 X-19.817 Y-97.187 Z-4.800 F400.000
G1 X-19.975 Y-97.394 Z-4.800 F400.000
G1 X-20.183 Y-97.753 Z-4.800 F400.000
G1 X-20.283 Y-97.994 Z-4.800 F400.000
G1 X-20.390 Y-98.394 Z-4.800 F400.000
G1 X-20.424 Y-98.653 Z-4.800 F400.000
G1 X-20.437 Y-98.860 Z-4.800 F400.000
G1 X-20.437 Y-121.728 Z-4.800 F400.000
G1 X-20.425 Y-122.005 Z-4.800 F400.000
G1 X-20.375 Y-122.365 Z-4.800 F400.000
G1 X-20.286 Y-122.718 Z-4.800 F400.000
G1 X-20.159 Y-123.059 Z-4.800 F400.000
G1 X-16.238 Y-131.474 Z-4.800 F400.000
G1 X-16.215 Y-131.531 Z-4.800 F400.000
G1 X-16.210 Y-131.547 Z-4.800 F400.000
G1 X-16.207 Y-131.565 Z-4.800 F400.000
G1 X-16.204 Y-131.625 Z-4.800 F400.000
G1 X-16.204 Y-134.516 Z-4.800 F400.000
G1 X-16.215 Y-134.625 Z-4.800 F400.000
G1 X-16.224 Y-134.654 Z-4.800 F400.000
G1 X-16.238 Y-134.680 Z-4.800 F400.000
G1 X-16.257 Y-134.704 Z-4.800 F400.000
G1 X-16.281 Y-134.723 Z-4.800 F400.000
G1 X-16.307 Y-134.738 Z-4.800 F400.000
G1 X-16.336 Y-134.746 Z-4.800 F400.000
G1 X-16.445 Y-134.757 Z-4.800 F400.000
G1 X-17.850 Y-134.757 Z-4.800 F400.000
G1 X-18.057 Y-134.771 Z-4.800 F400.000
G1 X-18.316 Y-134.805 Z-4.800 F400.000
G1 X-18.716 Y-134.912 Z-4.800 F400.000
G1 X-18.958 Y-135.012 Z-4.800 F400.000
G1 X-19.316 Y-135.219 Z-4.800 F400.000
G1 X-19.524 Y-135.378 Z-4.800 F400.000
G1 X-19.817 Y-135.671 Z-4.800 F400.000
G1 X-19.975 Y-135.878 Z-4.800 F400.000
G1 X-20.183 Y-136.237 Z-4.800 F400.000
G1 X-20.283 Y-136.478 Z-4.800 F400.000
G1 X-20.390 Y-136.878 Z-4.800 F400.000
G1 X-20.424 Y-137.137 Z-4.800 F400.000
G1 X-20.437 Y-137.344 Z-4.800 F400.000
G1 X-20.437 Y-160.212 Z-4.800 F400.000
G1 X-20.425 Y-160.489 Z-4.800 F400.000
G1 X-20.375 Y-160.849 Z-4.800 F400.000
G1 X-20.286 Y-161.202 Z-4.800 F400.000
G1 X-20.159 Y-161.543 Z-4.800 F400.000
G1 X-16.238 Y-169.958 Z-4.800 F400.000
G1 X-16.215 Y-170.015 Z-4.800 F400.000
G1 X-16.210 Y-170.031 Z-4.800 F400.000
G1 X-16.207 Y-170.049 Z-4.800 F400.000
G1 X-16.204 Y-170.109 Z-4.800 F400.000
G1 X-16.204 Y-173.000 Z-4.800 F400.000
G1 X-16.215 Y-173.109 Z-4.800 F400.000
G1 X-16.224 Y-173.138 Z-4.800 F400.000
G1 X-16.238 Y-173.164 Z-4.800 F400.000
G1 X-16.257 Y-173.188 Z-4.800 F400.000
G1 X-16.281 Y-173.207 Z-4.800 F400.000
G1 X-16.307 Y-173.222 Z-4.800 F400.000
G1 X-16.336 Y-173.230 Z-4.800 F400.000
G1 X-16.445 Y-173.241 Z-4.800 F400.000
G1 X-17.850 Y-173.241 Z-4.800 F400.000
G1 X-18.057 Y-173.255 Z-4.800 F400.000
G1 X-18.316 Y-173.289 Z-4.800 F400.000
G1 X-18.716 Y-173.396 Z-4.800 F400.000
G1 X-18.958 Y-173.496 Z-4.800 F400.000
G1 X-19.316 Y-173.703 Z-4.800 F400.000
G1 X-19.524 Y-173.862 Z-4.800 F400.000
G1 X-19.817 Y-174.155 Z-4.800 F400.000
G1 X-19.975 Y-174.362 Z-4.800 F400.000
G1 X-20.183 Y-174.721 Z-4.800 F400.000
G1 X-20.283 Y-174.962 Z-4.800 F400.000
G1 X-20.390 Y-175.362 Z-4.800 F400.000
G1 X-20.424 Y-175.621 Z-4.800 F400.000
G1 X-20.437 Y-175.828 Z-4.800 F400.000
G1 X-20.437 Y-198.696 Z-4.800 F400.000
G1 X-20.425 Y-198.973 Z-4.800 F400.000
G1 X-20.375 Y-199.333 Z-4.800 F400.000
G1 X-20.286 Y-199.686 Z-4.800 F400.000
G1 X-20.159 Y-200.027 Z-4.800 F400.000
G1 X-16.238 Y-208.442 Z-4.800 F400.000
G1 X-16.215 Y-208.499 Z-4.800 F400.000
G1 X-16.210 Y-208.515 Z-4.800 F400.000
G1 X-16.207 Y-208.533 Z-4.800 F400.000
G1 X-16.204 Y-208.593 Z-4.800 F400.000
G1 X-16.204 Y-211.485 Z-4.800 F400.000
G1 X-16.215 Y-211.593 Z-4.800 F400.000
G1 X-16.224 Y-211.622 Z-4.800 F400.000
G1 X-16.238 Y-211.649 Z-4.800 F400.000
G1 X-16.257 Y-211.672 Z-4.800 F400.000
G1 X-16.281 Y-211.691 Z-4.800 F400.000
G1 X-16.307 Y-211.706 Z-4.800 F400.000
G1 X-16.336 Y-211.714 Z-4.800 F400.000
G1 X-16.445 Y-211.725 Z-4.800 F400.000
G1 X-17.850 Y-211.725 Z-4.800 F400.000
G1 X-18.057 Y-211.739 Z-4.800 F400.000
G1 X-18.316 Y-211.773 Z-4.800 F400.000
G1 X-18.716 Y-211.880 Z-4.800 F400.000
G1 X-18.958 Y-211.980 Z-4.800 F400.000
G1 X-19.316 Y-212.187 Z-4.800 F400.000
G1 X-19.524 Y-212.346 Z-4.800 F400.000
G1 X-19.817 Y-212.639 Z-4.800 F400.000
G1 X-19.975 Y-212.846 Z-4.800 F400.000
G1 X-20.183 Y-213.205 Z-4.800 F400.000
G1 X-20.283 Y-213.446 Z-4.800 F400.000
G1 X-20.390 Y-213.846 Z-4.800 F400.000
G1 X-20.424 Y-214.105 Z-4.800 F400.000
G1 X-20.437 Y-214.313 Z-4.800 F400.000
G1 X-20.437 Y-228.500 Z-4.800 F400.000
G0 Z5.000
G0 X-20.437 Y-3.500
G0 Z3.000
G1 X-20.437 Y-3.500 Z-5.000 F250.000
G1 X-20.437 Y-27.417 Z-5.000 F400.000
G1 X-20.396 Y-27.914 Z-5.000 F400.000
G1 X-20.336 Y-28.219 Z-5.000 F400.000
G1 X-20.236 Y-28.548 Z-5.000 F400.000
G1 X-20.117 Y-28.835 Z-5.000 F400.000
G1 X-19.955 Y-29.138 Z-5.000 F400.000
G1 X-19.782 Y-29.396 Z-5.000 F400.000
G1 X-19.565 Y-29.662 Z-5.000 F400.000
G1 X-19.345 Y-29.882 Z-5.000 F400.000
G1 X-19.079 Y-30.099 Z-5.000 F400.000
G1 X-18.821 Y-30.272 Z-5.000 F400.000
G1 X-18.518 Y-30.434 Z-5.000 F400.000
G1 X-18.231 Y-30.553 Z-5.000 F400.000
G1 X-17.902 Y-30.653 Z-5.000 F400.000
G1 X-17.597 Y-30.713 Z-5.000 F400.000
G1 X-17.256 Y-30.747 Z-5.000 F400.000
G1 X-14.330 Y-30.754 Z-5.000 F400.000
G1 X-14.220 Y-30.765 Z-5.000 F400.000
G1 X-14.191 Y-30.774 Z-5.000 F400.000
G1 X-14.164 Y-30.788 Z-5.000 F400.000
G1 X-14.141 Y-30.808 Z-5.000 F400.000
G1 X-14.121 Y-30.831 Z-5.000 F400.000
G1 X-14.107 Y-30.858 Z-5.000 F400.000
G1 X-14.098 Y-30.887 Z-5.000 F400.000
G1 X-14.087 Y-30.995 Z-5.000 F400.000
G1 X-14.088 Y-32.702 Z-5.000 F400.000
G1 X-14.098 Y-32.810 Z-5.000 F400.000
G1 X-14.107 Y-32.839 Z-5.000 F400.000
G1 X-14.121 Y-32.866 Z-5.000 F400.000
G1 X-14.141 Y-32.889 Z-5.000 F400.000
G1 X-14.164 Y-32.908 Z-5.000 F400.000
G1 X-14.191 Y-32.923 Z-5.000 F400.000
G1 X-14.220 Y-32.931 Z-5.000 F400.000
G1 X-14.328 Y-32.942 Z-5.000 F400.000
G1 X-17.100 Y-32.942 Z-5.000 F400.000
G1 X-17.597 Y-32.983 Z-5.000 F400.000
G1 X-17.902 Y-33.044 Z-5.000 F400.000
G1 X-18.231 Y-33.144 Z-5.000 F400.000
G1 X-18.518 Y-33.263 Z-5.000 F400.000
G1 X-18.821 Y-33.424 Z-5.000 F400.000
G1 X-19.079 Y-33.597 Z-5.000 F400.000
G1 X-19.345 Y-33.815 Z-5.000 F400.000
G1 X-19.565 Y-34.035 Z-5.000 F400.000
G1 X-19.782 Y-34.300 Z-5.000 F400.000
G1 X-19.955 Y-34.559 Z-5.000 F400.000
G1 X-20.117 Y-34.862 Z-5.000 F400.000
G1 X-20.236 Y-35.149 Z-5.000 F400.000
G1 X-20.336 Y-35.477 Z-5.000 F400.000
G1 X-20.396 Y-35.783 Z-5.000 F400.000
G1 X-20.430 Y-36.124 Z-5.000 F400.000
G1 X-20.437 Y-44.760 Z-5.000 F400.000
G1 X-20.425 Y-45.037 Z-5.000 F400.000
G1 X-20.375 Y-45.397 Z-5.000 F400.000
G1 X-20.286 Y-45.750 Z-5.000 F400.000
G1 X-20.159 Y-46.091 Z-5.000 F400.000
G1 X-16.238 Y-54.506 Z-5.000 F400.000
G1 X-16.215 Y-54.562 Z-5.000 F400.000
G1 X-16.210 Y-54.579 Z-5.000 F400.000
G1 X-16.207 Y-54.597 Z-5.000 F400.000
G1 X-16.204 Y-54.657 Z-5.000 F400.000
G1 X-16.204 Y-57.548 Z-5.000 F400.000
G1 X-16.215 Y-57.657 Z-5.000 F400.000
G1 X-16.224 Y-57.686 Z-5.000 F400.000
G1 X-16.238 Y-57.712 Z-5.000 F400.000
G1 X-16.257 Y-57.736 Z-5.000 F400.000
G1 X-16.281 Y-57.755 Z-5.000 F400.000
G1 X-16.307 Y-57.769 Z-5.000 F400.000
G1 X-16.336 Y-57.778 Z-5.000 F400.000
G1 X-16.445 Y-57.789 Z-5.000 F400.000
G1 X-17.850 Y-57.789 Z-5.000 F400.000
G1 X-18.057 Y-57.803 Z-5.000 F400.000
G1 X-18.316 Y-57.837 Z-5.000 F400.000
G1 X-18.716 Y-57.944 Z-5.000 F400.000
G1 X-18.958 Y-58.044 Z-5.000 F400.000
G1 X-19.316 Y-58.251 Z-5.000 F400.000
G1 X-19.524 Y-58.410 Z-5.000 F400.000
G1 X-19.817 Y-58.703 Z-5.000 F400.000
G1 X-19.975 Y-58.910 Z-5.000 F400.000
G1 X-20.183 Y-59.269 Z-5.000 F400.000
G1 X-20.283 Y-59.510 Z-5.000 F400.000
G1 X-20.390 Y-59.910 Z-5.000 F400.000
G1 X-20.424 Y-60.169 Z-5.000 F400.000
G1 X-20.437 Y-60.376 Z-5.000 F400.000
G1 X-20.437 Y-83.244 Z-5.000 F400.000
G1 X-20.425 Y-83.521 Z-5.000 F400.000
G1 X-20.375 Y-83.881 Z-5.000 F400.000
G1 X-20.286 Y-84.234 Z-5.000 F400.000
G1 X-20.159 Y-84.575 Z-5.000 F400.000
G1 X-16.238 Y-92.990 Z-5.000 F400.000
G1 X-16.215 Y-93.046 Z-5.000 F400.000
G1 X-16.210 Y-93.063 Z-5.000 F400.000
G1 X-16.207 Y-93.081 Z-5.000 F400.000
G1 X-16.204 Y-93.141 Z-5.000 F400.000
G1 X-16.204 Y-96.032 Z-5.000 F400.000
G1 X-16.215 Y-96.141 Z-5.000 F400.000
G1 X-16.224 Y-96.170 Z-5.000 F400.000
G1 X-16.238 Y-96.196 Z-5.000 F400.000
G1 X-16.257 Y-96.220 Z-5.000 F400.000
G1 X-16.281 Y-96.239 Z-5.000 F400.000
G1 X-16.307 Y-96.253 Z-5.000 F400.000
G1 X-16.336 Y-96.262 Z-5.000 F400.000
G1 X-16.445 Y-96.273 Z-5.000 F400.000
G1 X-17.850 Y-96.273 Z-5.000 F400.000
G1 X-18.057 Y-96.287 Z-5.000 F400.000
G1 X-18.316 Y-96.321 Z-5.000 F400.000
G1 X-18.716 Y-96.428 Z-5.000 F400.000
G1 X-18.958 Y-96.528 Z-5.000 F400.000
G1 X-19.316 Y-96.735 Z-5.000 F400.000
G1 X-19.524 Y-96.894 Z-5.000 F400.000
G1 X-19.817 Y-97.187 Z-5.000 F400.000
G1 X-19.975 Y-97.394 Z-5.000 F400.000
G1 X-20.183 Y-97.753 Z-5.000 F400.000
G1 X-20.283 Y-97.994 Z-5.000 F400.000
G1 X-20.390 Y-98.394 Z-5.000 F400.000
G1 X-20.424 Y-98.653 Z-5.000 F400.000
G1 X-20.437 Y-98.860 Z-5.000 F400.000
G1 X-20.437 Y-121.728 Z-5.000 F400.000
G1 X-20.425 Y-122.005 Z-5.000 F400.000
G1 X-20.375 Y-122.365 Z-5.000 F400.000
G1 X-20.286 Y-122.718 Z-5.000 F400.000
G1 X-20.159 Y-123.059 Z-5.000 F400.000
G1 X-16.238 Y-131.474 Z-5.000 F400.000
G1 X-16.215 Y-131.531 Z-5.000 F400.000
G1 X-16.210 Y-131.547 Z-5.000 F400.000
G1 X-16.207 Y-131.565 Z-5.000 F400.000
G1 X-16.204 Y-131.625 Z-5.000 F400.000
G1 X-16.204 Y-134.516 Z-5.000 F400.000
G1 X-16.215 Y-134.625 Z-5.000 F400.000
G1 X-16.224 Y-134.654 Z-5.000 F400.000
G1 X-16.238 Y-134.680 Z-5.000 F400.000
G1 X-16.257 Y-134.704 Z-5.000 F400.000
G1 X-16.281 Y-134.723 Z-5.000 F400.000
G1 X-16.307 Y-134.738 Z-5.000 F400.000
G1 X-16.336 Y-134.746 Z-5.000 F400.000
G1 X-16.445 Y-134.757 Z-5.000 F400.000
G1 X-17.850 Y-134.757 Z-5.000 F400.000
G1 X-18.057 Y-134.771 Z-5.000 F400.000
G1 X-18.316 Y-134.805 Z-5.000 F400.000
G1 X-18.716 Y-134.912 Z-5.000 F400.000
G1 X-18.958 Y-135.012 Z-5.000 F400.000
G1 X-19.316 Y-135.219 Z-5.000 F400.000
G1 X-19.524 Y-135.378 Z-5.000 F400.000
G1 X-19.817 Y-135.671 Z-5.000 F400.000
G1 X-19.975 Y-135.878 Z-5.000 F400.000
G1 X-20.183 Y-136.237 Z-5.000 F400.000
G1 X-20.283 Y-136.478 Z-5.000 F400.000
G1 X-20.390 Y-136.878 Z-5.000 F400.000
G1 X-20.424 Y-137.137 Z-5.000 F400.000
G1 X-20.437 Y-137.344 Z-5.000 F400.000
G1 X-20.437 Y-160.212 Z-5.000 F400.000
G1 X-20.425 Y-160.489 Z-5.000 F400.000
G1 X-20.375 Y-160.849 Z-5.000 F400.000
G1 X-20.286 Y-161.202 Z-5.000 F400.000
G1 X-20.159 Y-161.543 Z-5.000 F400.000
G1 X-16.238 Y-169.958 Z-5.000 F400.000
G1 X-16.215 Y-170.015 Z-5.000 F400.000
G1 X-16.210 Y-170.031 Z-5.000 F400.000
G1 X-16.207 Y-170.049 Z-5.000 F400.000
G1 X-16.204 Y-170.109 Z-5.000 F400.000
G1 X-16.204 Y-173.000 Z-5.000 F400.000
G1 X-16.215 Y-173.109 Z-5.000 F400.000
G1 X-16.224 Y-173.138 Z-5.000 F400.000
G1 X-16.238 Y-173.164 Z-5.000 F400.000
G1 X-16.257 Y-173.188 Z-5.000 F400.000
G1 X-16.281 Y-173.207 Z-5.000 F400.000
G1 X-16.307 Y-173.222 Z-5.000 F400.000
G1 X-16.336 Y-173.230 Z-5.000 F400.000
G1 X-16.445 Y-173.241 Z-5.000 F400.000
G1 X-17.850 Y-173.241 Z-5.000 F400.000
G1 X-18.057 Y-173.255 Z-5.000 F400.000
G1 X-18.316 Y-173.289 Z-5.000 F400.000
G1 X-18.716 Y-173.396 Z-5.000 F400.000
G1 X-18.958 Y-173.496 Z-5.000 F400.000
G1 X-19.316 Y-173.703 Z-5.000 F400.000
G1 X-19.524 Y-173.862 Z-5.000 F400.000
G1 X-19.817 Y-174.155 Z-5.000 F400.000
G1 X-19.975 Y-174.362 Z-5.000 F400.000
G1 X-20.183 Y-174.721 Z-5.000 F400.000
G1 X-20.283 Y-174.962 Z-5.000 F400.000
G1 X-20.390 Y-175.362 Z-5.000 F400.000
G1 X-20.424 Y-175.621 Z-5.000 F400.000
G1 X-20.437 Y-175.828 Z-5.000 F400.000
G1 X-20.437 Y-198.696 Z-5.000 F400.000
G1 X-20.425 Y-198.973 Z-5.000 F400.000
G1 X-20.375 Y-199.333 Z-5.000 F400.000
G1 X-20.286 Y-199.686 Z-5.000 F400.000
G1 X-20.159 Y-200.027 Z-5.000 F400.000
G1 X-16.238 Y-208.442 Z-5.000 F400.000
G1 X-16.215 Y-208.499 Z-5.000 F400.000
G1 X-16.210 Y-208.515 Z-5.000 F400.000
G1 X-16.207 Y-208.533 Z-5.000 F400.000
G1 X-16.204 Y-208.593 Z-5.000 F400.000
G1 X-16.204 Y-211.485 Z-5.000 F400.000
G1 X-16.215 Y-211.593 Z-5.000 F400.000
G1 X-16.224 Y-211.622 Z-5.000 F400.000
G1 X-16.238 Y-211.649 Z-5.000 F400.000
G1 X-16.257 Y-211.672 Z-5.000 F400.000
G1 X-16.281 Y-211.691 Z-5.000 F400.000
G1 X-16.307 Y-211.706 Z-5.000 F400.000
G1 X-16.336 Y-211.714 Z-5.000 F400.000
G1 X-16.445 Y-211.725 Z-5.000 F400.000
G1 X-17.850 Y-211.725 Z-5.000 F400.000
G1 X-18.057 Y-211.739 Z-5.000 F400.000
G1 X-18.316 Y-211.773 Z-5.000 F400.000
G1 X-18.716 Y-211.880 Z-5.000 F400.000
G1 X-18.958 Y-211.980 Z-5.000 F400.000
G1 X-19.316 Y-212.187 Z-5.000 F400.000
G1 X-19.524 Y-212.346 Z-5.000 F400.000
G1 X-19.817 Y-212.639 Z-5.000 F400.000
G1 X-19.975 Y-212.846 Z-5.000 F400.000
G1 X-20.183 Y-213.205 Z-5.000 F400.000
G1 X-20.283 Y-213.446 Z-5.000 F400.000
G1 X-20.390 Y-213.846 Z-5.000 F400.000
G1 X-20.424 Y-214.105 Z-5.000 F400.000
G1 X-20.437 Y-214.313 Z-5.000 F400.000
G1 X-20.437 Y-228.500 Z-5.000 F400.000
G0 Z5.000
G0 X-20.437 Y-3.500
G0 Z3.000
G1 X-20.437 Y-3.500 Z-5.200 F250.000
G1 X-20.437 Y-27.417 Z-5.200 F400.000
G1 X-20.396 Y-27.914 Z-5.200 F400.000
G1 X-20.336 Y-28.219 Z-5.200 F400.000
G1 X-20.236 Y-28.548 Z-5.200 F400.000
G1 X-20.117 Y-28.835 Z-5.200 F400.000
G1 X-19.955 Y-29.138 Z-5.200 F400.000
G1 X-19.782 Y-29.396 Z-5.200 F400.000
G1 X-19.565 Y-29.662 Z-5.200 F400.000
G1 X-19.345 Y-29.882 Z-5.200 F400.000
G1 X-19.079 Y-30.099 Z-5.200 F400.000
G1 X-18.821 Y-30.272 Z-5.200 F400.000
G1 X-18.518 Y-30.434 Z-5.200 F400.000
G1 X-18.231 Y-30.553 Z-5.200 F400.000
G1 X-17.902 Y-30.653 Z-5.200 F400.000
G1 X-17.597 Y-30.713 Z-5.200 F400.000
G1 X-17.256 Y-30.747 Z-5.200 F400.000
G1 X-14.330 Y-30.754 Z-5.200 F400.000
G1 X-14.220 Y-30.765 Z-5.200 F400.000
G1 X-14.191 Y-30.774 Z-5.200 F400.000
G1 X-14.164 Y-30.788 Z-5.200 F400.000
G1 X-14.141 Y-30.808 Z-5.200 F400.000
G1 X-14.121 Y-30.831 Z-5.200 F400.000
G1 X-14.107 Y-30.858 Z-5.200 F400.000
G1 X-14.098 Y-30.887 Z-5.200 F400.000
G1 X-14.087 Y-30.995 Z-5.200 F400.000
G1 X-14.088 Y-32.702 Z-5.200 F400.000
G1 X-14.098 Y-32.810 Z-5.200 F400.000
G1 X-14.107 Y-32.839 Z-5.200 F400.000
G1 X-14.121 Y-32.866 Z-5.200 F400.000
G1 X-14.141 Y-32.889 Z-5.200 F400.000
G1 X-14.164 Y-32.908 Z-5.200 F400.000
G1 X-14.191 Y-32.923 Z-5.200 F400.000
G1 X-14.220 Y-32.931 Z-5.200 F400.000
G1 X-14.328 Y-32.942 Z-5.200 F400.000
G1 X-17.100 Y-32.942 Z-5.200 F400.000
G1 X-17.597 Y-32.983 Z-5.200 F400.000
G1 X-17.902 Y-33.044 Z-5.200 F400.000
G1 X-18.231 Y-33.144 Z-5.200 F400.000
G1 X-18.518 Y-33.263 Z-5.200 F400.000
G1 X-18.821 Y-33.424 Z-5.200 F400.000
G1 X-19.079 Y-33.597 Z-5.200 F400.000
G1 X-19.345 Y-33.815 Z-5.200 F400.000
G1 X-19.565 Y-34.035 Z-5.200 F400.000
G1 X-19.782 Y-34.300 Z-5.200 F400.000
G1 X-19.955 Y-34.559 Z-5.200 F400.000
G1 X-20.117 Y-34.862 Z-5.200 F400.000
G1 X-20.236 Y-35.149 Z-5.200 F400.000
G1 X-20.336 Y-35.477 Z-5.200 F400.000
G1 X-20.396 Y-35.783 Z-5.200 F400.000
G1 X-20.430 Y-36.124 Z-5.200 F400.000
G1 X-20.437 Y-44.760 Z-5.200 F400.000
G1 X-20.425 Y-45.037 Z-5.200 F400.000
G1 X-20.375 Y-45.397 Z-5.200 F400.000
G1 X-20.286 Y-45.750 Z-5.200 F400.000
G1 X-20.159 Y-46.091 Z-5.200 F400.000
G1 X-16.238 Y-54.506 Z-5.200 F400.000
G1 X-16.215 Y-54.562 Z-5.200 F400.000
G1 X-16.210 Y-54.579 Z-5.200 F400.000
G1 X-16.207 Y-54.597 Z-5.200 F400.000
G1 X-16.204 Y-54.657 Z-5.200 F400.000
G1 X-16.204 Y-57.548 Z-5.200 F400.000
G1 X-16.215 Y-57.657 Z-5.200 F400.000
G1 X-16.224 Y-57.686 Z-5.200 F400.000
G1 X-16.238 Y-57.712 Z-5.200 F400.000
G1 X-16.257 Y-57.736 Z-5.200 F400.000
G1 X-16.281 Y-57.755 Z-5.200 F400.000
G1 X-16.307 Y-57.769 Z-5.200 F400.000
G1 X-16.336 Y-57.778 Z-5.200 F400.000
G1 X-16.445 Y-57.789 Z-5.200 F400.000
G1 X-17.850 Y-57.789 Z-5.200 F400.000
G1 X-18.057 Y-57.803 Z-5.200 F400.000
G1 X-18.316 Y-57.837 Z-5.200 F400.000
G1 X-18.716 Y-57.944 Z-5.200 F400.000
G1 X-18.958 Y-58.044 Z-5.200 F400.000
G1 X-19.316 Y-58.251 Z-5.200 F400.000
G1 X-19.524 Y-58.410 Z-5.200 F400.000
G1 X-19.817 Y-58.703 Z-5.200 F400.000
G1 X-19.975 Y-58.910 Z-5.200 F400.000
G1 X-20.183 Y-59.269 Z-5.200 F400.000
G1 X-20.283 Y-59.510 Z-5.200 F400.000
G1 X-20.390 Y-59.910 Z-5.200 F400.000
G1 X-20.424 Y-60.169 Z-5.200 F400.000
G1 X-20.437 Y-60.376 Z-5.200 F400.000
G1 X-20.437 Y-83.244 Z-5.200 F400.000
G1 X-20.425 Y-83.521 Z-5.200 F400.000
G1 X-20.375 Y-83.881 Z-5.200 F400.000
G1 X-20.286 Y-84.234 Z-5.200 F400.000
G1 X-20.159 Y-84.575 Z-5.200 F400.000
G1 X-16.238 Y-92.990 Z-5.200 F400.000
G1 X-16.215 Y-93.046 Z-5.200 F400.000
G1 X-16.210 Y-93.063 Z-5.200 F400.000
G1 X-16.207 Y-93.081 Z-5.200 F400.000
G1 X-16.204 Y-93.141 Z-5.200 F400.000
G1 X-16.204 Y-96.032 Z-5.200 F400.000
G1 X-16.215 Y-96.141 Z-5.200 F400.000
G1 X-16.224 Y-96.170 Z-5.200 F400.000
G1 X-16.238 Y-96.196 Z-5.200 F400.000
G1 X-16.257 Y-96.220 Z-5.200 F400.000
G1 X-16.281 Y-96.239 Z-5.200 F400.000
G1 X-16.307 Y-96.253 Z-5.200 F400.000
G1 X-16.336 Y-96.262 Z-5.200 F400.000
G1 X-16.445 Y-96.273 Z-5.200 F400.000
G1 X-17.850 Y-96.273 Z-5.200 F400.000
G1 X-18.057 Y-96.287 Z-5.200 F400.000
G1 X-18.316 Y-96.321 Z-5.200 F400.000
G1 X-18.716 Y-96.428 Z-5.200 F400.000
G1 X-18.958 Y-96.528 Z-5.200 F400.000
G1 X-19.316 Y-96.735 Z-5.200 F400.000
G1 X-19.524 Y-96.894 Z-5.200 F400.000
G1 X-19.817 Y-97.187 Z-5.200 F400.000
G1 X-19.975 Y-97.394 Z-5.200 F400.000
G1 X-20.183 Y-97.753 Z-5.200 F400.000
G1 X-20.283 Y-97.994 Z-5.200 F400.000
G1 X-20.390 Y-98.394 Z-5.200 F400.000
G1 X-20.424 Y-98.653 Z-5.200 F400.000
G1 X-20.437 Y-98.860 Z-5.200 F400.000
G1 X-20.437 Y-121.728 Z-5.200 F400.000
G1 X-20.425 Y-122.005 Z-5.200 F400.000
G1 X-20.375 Y-122.365 Z-5.200 F400.000
G1 X-20.286 Y-122.718 Z-5.200 F400.000
G1 X-20.159 Y-123.059 Z-5.200 F400.000
G1 X-16.238 Y-131.474 Z-5.200 F400.000
G1 X-16.215 Y-131.531 Z-5.200 F400.000
G1 X-16.210 Y-131.547 Z-5.200 F400.000
G1 X-16.207 Y-131.565 Z-5.200 F400.000
G1 X-16.204 Y-131.625 Z-5.200 F400.000
G1 X-16.204 Y-134.516 Z-5.200 F400.000
G1 X-16.215 Y-134.625 Z-5.200 F400.000
G1 X-16.224 Y-134.654 Z-5.200 F400.000
G1 X-16.238 Y-134.680 Z-5.200 F400.000
G1 X-16.257 Y-134.704 Z-5.200 F400.000
G1 X-16.281 Y-134.723 Z-5.200 F400.000
G1 X-16.307 Y-134.738 Z-5.200 F400.000
G1 X-16.336 Y-134.746 Z-5.200 F400.000
G1 X-16.445 Y-134.757 Z-5.200 F400.000
G1 X-17.850 Y-134.757 Z-5.200 F400.000
G1 X-18.057 Y-134.771 Z-5.200 F400.000
G1 X-18.316 Y-134.805 Z-5.200 F400.000
G1 X-18.716 Y-134.912 Z-5.200 F400.000
G1 X-18.958 Y-135.012 Z-5.200 F400.000
G1 X-19.316 Y-135.219 Z-5.200 F400.000
G1 X-19.524 Y-135.378 Z-5.200 F400.000
G1 X-19.817 Y-135.671 Z-5.200 F400.000
G1 X-19.975 Y-135.878 Z-5.200 F400.000
G1 X-20.183 Y-136.237 Z-5.200 F400.000
G1 X-20.283 Y-136.478 Z-5.200 F400.000
G1 X-20.390 Y-136.878 Z-5.200 F400.000
G1 X-20.424 Y-137.137 Z-5.200 F400.000
G1 X-20.437 Y-137.344 Z-5.200 F400.000
G1 X-20.437 Y-160.212 Z-5.200 F400.000
G1 X-20.425 Y-160.489 Z-5.200 F400.000
G1 X-20.375 Y-160.849 Z-5.200 F400.000
G1 X-20.286 Y-161.202 Z-5.200 F400.000
G1 X-20.159 Y-161.543 Z-5.200 F400.000
G1 X-16.238 Y-169.958 Z-5.200 F400.000
G1 X-16.215 Y-170.015 Z-5.200 F400.000
G1 X-16.210 Y-170.031 Z-5.200 F400.000
G1 X-16.207 Y-170.049 Z-5.200 F400.000
G1 X-16.204 Y-170.109 Z-5.200 F400.000
G1 X-16.204 Y-173.000 Z-5.200 F400.000
G1 X-16.215 Y-173.109 Z-5.200 F400.000
G1 X-16.224 Y-173.138 Z-5.200 F400.000
G1 X-16.238 Y-173.164 Z-5.200 F400.000
G1 X-16.257 Y-173.188 Z-5.200 F400.000
G1 X-16.281 Y-173.207 Z-5.200 F400.000
G1 X-16.307 Y-173.222 Z-5.200 F400.000
G1 X-16.336 Y-173.230 Z-5.200 F400.000
G1 X-16.445 Y-173.241 Z-5.200 F400.000
G1 X-17.850 Y-173.241 Z-5.200 F400.000
G1 X-18.057 Y-173.255 Z-5.200 F400.000
G1 X-18.316 Y-173.289 Z-5.200 F400.000
G1 X-18.716 Y-173.396 Z-5.200 F400.000
G1 X-18.958 Y-173.496 Z-5.200 F400.000
G1 X-19.316 Y-173.703 Z-5.200 F400.000
G1 X-19.524 Y-173.862 Z-5.200 F400.000
G1 X-19.817 Y-174.155 Z-5.200 F400.000
G1 X-19.975 Y-174.362 Z-5.200 F400.000
G1 X-20.183 Y-174.721 Z-5.200 F400.000
G1 X-20.283 Y-174.962 Z-5.200 F400.000
G1 X-20.390 Y-175.362 Z-5.200 F400.000
G1 X-20.424 Y-175.621 Z-5.200 F400.000
G1 X-20.437 Y-175.828 Z-5.200 F400.000
G1 X-20.437 Y-198.696 Z-5.200 F400.000
G1 X-20.425 Y-198.973 Z-5.200 F400.000
G1 X-20.375 Y-199.333 Z-5.200 F400.000
G1 X-20.286 Y-199.686 Z-5.200 F400.000
G1 X-20.159 Y-200.027 Z-5.200 F400.000
G1 X-16.238 Y-208.442 Z-5.200 F400.000
G1 X-16.215 Y-208.499 Z-5.200 F400.000
G1 X-16.210 Y-208.515 Z-5.200 F400.000
G1 X-16.207 Y-208.533 Z-5.200 F400.000
G1 X-16.204 Y-208.593 Z-5.200 F400.000
G1 X-16.204 Y-211.485 Z-5.200 F400.000
G1 X-16.215 Y-211.593 Z-5.200 F400.000
G1 X-16.224 Y-211.622 Z-5.200 F400.000
G1 X-16.238 Y-211.649 Z-5.200 F400.000
G1 X-16.257 Y-211.672 Z-5.200 F400.000
G1 X-16.281 Y-211.691 Z-5.200 F400.000
G1 X-16.307 Y-211.706 Z-5.200 F400.000
G1 X-16.336 Y-211.714 Z-5.200 F400.000
G1 X-16.445 Y-211.725 Z-5.200 F400.000
G1 X-17.850 Y-211.725 Z-5.200 F400.000
G1 X-18.057 Y-211.739 Z-5.200 F400.000
G1 X-18.316 Y-211.773 Z-5.200 F400.000
G1 X-18.716 Y-211.880 Z-5.200 F400.000
G1 X-18.958 Y-211.980 Z-5.200 F400.000
G1 X-19.316 Y-212.187 Z-5.200 F400.000
G1 X-19.524 Y-212.346 Z-5.200 F400.000
G1 X-19.817 Y-212.639 Z-5.200 F400.000
G1 X-19.975 Y-212.846 Z-5.200 F400.000
G1 X-20.183 Y-213.205 Z-5.200 F400.000
G1 X-20.283 Y-213.446 Z-5.200 F400.000
G1 X-20.390 Y-213.846 Z-5.200 F400.000
G1 X-20.424 Y-214.105 Z-5.200 F400.000
G1 X-20.437 Y-214.313 Z-5.200 F400.000
G1 X-20.437 Y-228.500 Z-5.200 F400.000
G0 Z5.000
G0 X-20.437 Y-3.500
G0 Z3.000
G1 X-20.437 Y-3.500 Z-5.400 F250.000
G1 X-20.437 Y-27.417 Z-5.400 F400.000
G1 X-20.396 Y-27.914 Z-5.400 F400.000
G1 X-20.336 Y-28.219 Z-5.400 F400.000
G1 X-20.236 Y-28.548 Z-5.400 F400.000
G1 X-20.117 Y-28.835 Z-5.400 F400.000
G1 X-19.955 Y-29.138 Z-5.400 F400.000
G1 X-19.782 Y-29.396 Z-5.400 F400.000
G1 X-19.565 Y-29.662 Z-5.400 F400.000
G1 X-19.345 Y-29.882 Z-5.400 F400.000
G1 X-19.079 Y-30.099 Z-5.400 F400.000
G1 X-18.821 Y-30.272 Z-5.400 F400.000
G1 X-18.518 Y-30.434 Z-5.400 F400.000
G1 X-18.231 Y-30.553 Z-5.400 F400.000
G1 X-17.902 Y-30.653 Z-5.400 F400.000
G1 X-17.597 Y-30.713 Z-5.400 F400.000
G1 X-17.256 Y-30.747 Z-5.400 F400.000
G1 X-14.330 Y-30.754 Z-5.400 F400.000
G1 X-14.220 Y-30.765 Z-5.400 F400.000
G1 X-14.191 Y-30.774 Z-5.400 F400.000
G1 X-14.164 Y-30.788 Z-5.400 F400.000
G1 X-14.141 Y-30.808 Z-5.400 F400.000
G1 X-14.121 Y-30.831 Z-5.400 F400.000
G1 X-14.107 Y-30.858 Z-5.400 F400.000
G1 X-14.098 Y-30.887 Z-5.400 F400.000
G1 X-14.087 Y-30.995 Z-5.400 F400.000
G1 X-14.088 Y-32.702 Z-5.400 F400.000
G1 X-14.098 Y-32.810 Z-5.400 F400.000
G1 X-14.107 Y-32.839 Z-5.400 F400.000
G1 X-14.121 Y-32.866 Z-5.400 F400.000
G1 X-14.141 Y-32.889 Z-5.400 F400.000
G1 X-14.164 Y-32.908 Z-5.400 F400.000
G1 X-14.191 Y-32.923 Z-5.400 F400.000
G1 X-14.220 Y-32.931 Z-5.400 F400.000
G1 X-14.328 Y-32.942 Z-5.400 F400.000
G1 X-17.100 Y-32.942 Z-5.400 F400.000
G1 X-17.597 Y-32.983 Z-5.400 F400.000
G1 X-17.902 Y-33.044 Z-5.400 F400.000
G1 X-18.231 Y-33.144 Z-5.400 F400.000
G1 X-18.518 Y-33.263 Z-5.400 F400.000
G1 X-18.821 Y-33.424 Z-5.400 F400.000
G1 X-19.079 Y-33.597 Z-5.400 F400.000
G1 X-19.345 Y-33.815 Z-5.400 F400.000
G1 X-19.565 Y-34.035 Z-5.400 F400.000
G1 X-19.782 Y-34.300 Z-5.400 F400.000
G1 X-19.955 Y-34.559 Z-5.400 F400.000
G1 X-20.117 Y-34.862 Z-5.400 F400.000
G1 X-20.236 Y-35.149 Z-5.400 F400.000
G1 X-20.336 Y-35.477 Z-5.400 F400.000
G1 X-20.396 Y-35.783 Z-5.400 F400.000
G1 X-20.430 Y-36.124 Z-5.400 F400.000
G1 X-20.437 Y-44.760 Z-5.400 F400.000
G1 X-20.425 Y-45.037 Z-5.400 F400.000
G1 X-20.375 Y-45.397 Z-5.400 F400.000
G1 X-20.286 Y-45.750 Z-5.400 F400.000
G1 X-20.159 Y-46.091 Z-5.400 F400.000
G1 X-16.238 Y-54.506 Z-5.400 F400.000
G1 X-16.215 Y-54.562 Z-5.400 F400.000
G1 X-16.210 Y-54.579 Z-5.400 F400.000
G1 X-16.207 Y-54.597 Z-5.400 F400.000
G1 X-16.204 Y-54.657 Z-5.400 F400.000
G1 X-16.204 Y-57.548 Z-5.400 F400.000
G1 X-16.215 Y-57.657 Z-5.400 F400.000
G1 X-16.224 Y-57.686 Z-5.400 F400.000
G1 X-16.238 Y-57.712 Z-5.400 F400.000
G1 X-16.257 Y-57.736 Z-5.400 F400.000
G1 X-16.281 Y-57.755 Z-5.400 F400.000
G1 X-16.307 Y-57.769 Z-5.400 F400.000
G1 X-16.336 Y-57.778 Z-5.400 F400.000
G1 X-16.445 Y-57.789 Z-5.400 F400.000
G1 X-17.850 Y-57.789 Z-5.400 F400.000
G1 X-18.057 Y-57.803 Z-5.400 F400.000
G1 X-18.316 Y-57.837 Z-5.400 F400.000
G1 X-18.716 Y-57.944 Z-5.400 F400.000
G1 X-18.958 Y-58.044 Z-5.400 F400.000
G1 X-19.316 Y-58.251 Z-5.400 F400.000
G1 X-19.524 Y-58.410 Z-5.400 F400.000
G1 X-19.817 Y-58.703 Z-5.400 F400.000
G1 X-19.975 Y-58.910 Z-5.400 F400.000
G1 X-20.183 Y-59.269 Z-5.400 F400.000
G1 X-20.283 Y-59.510 Z-5.400 F400.000
G1 X-20.390 Y-59.910 Z-5.400 F400.000
G1 X-20.424 Y-60.169 Z-5.400 F400.000
G1 X-20.437 Y-60.376 Z-5.400 F400.000
G1 X-20.437 Y-83.244 Z-5.400 F400.000
G1 X-20.425 Y-83.521 Z-5.400 F400.000
G1 X-20.375 Y-83.881 Z-5.400 F400.000
G1 X-20.286 Y-84.234 Z-5.400 F400.000
G1 X-20.159 Y-84.575 Z-5.400 F400.000
G1 X-16.238 Y-92.990 Z-5.400 F400.000
G1 X-16.215 Y-93.046 Z-5.400 F400.000
G1 X-16.210 Y-93.063 Z-5.400 F400.000
G1 X-16.207 Y-93.081 Z-5.400 F400.000
G1 X-16.204 Y-93.141 Z-5.400 F400.000
G1 X-16.204 Y-96.032 Z-5.400 F400.000
G1 X-16.215 Y-96.141 Z-5.400 F400.000
G1 X-16.224 Y-96.170 Z-5.400 F400.000
G1 X-16.238 Y-96.196 Z-5.400 F400.000
G1 X-16.257 Y-96.220 Z-5.400 F400.000
G1 X-16.281 Y-96.239 Z-5.400 F400.000
G1 X-16.307 Y-96.253 Z-5.400 F400.000
G1 X-16.336 Y-96.262 Z-5.400 F400.000
G1 X-16.445 Y-96.273 Z-5.400 F400.000
G1 X-17.850 Y-96.273 Z-5.400 F400.000
G1 X-18.057 Y-96.287 Z-5.400 F400.000
G1 X-18.316 Y-96.321 Z-5.400 F400.000
G1 X-18.716 Y-96.428 Z-5.400 F400.000
G1 X-18.958 Y-96.528 Z-5.400 F400.000
G1 X-19.316 Y-96.735 Z-5.400 F400.000
G1 X-19.524 Y-96.894 Z-5.400 F400.000
G1 X-19.817 Y-97.187 Z-5.400 F400.000
G1 X-19.975 Y-97.394 Z-5.400 F400.000
G1 X-20.183 Y-97.753 Z-5.400 F400.000
G1 X-20.283 Y-97.994 Z-5.400 F400.000
G1 X-20.390 Y-98.394 Z-5.400 F400.000
G1 X-20.424 Y-98.653 Z-5.400 F400.000
G1 X-20.437 Y-98.860 Z-5.400 F400.000
G1 X-20.437 Y-121.728 Z-5.400 F400.000
G1 X-20.425 Y-122.005 Z-5.400 F400.000
G1 X-20.375 Y-122.365 Z-5.400 F400.000
G1 X-20.286 Y-122.718 Z-5.400 F400.000
G1 X-20.159 Y-123.059 Z-5.400 F400.000
G1 X-16.238 Y-131.474 Z-5.400 F400.000
G1 X-16.215 Y-131.531 Z-5.400 F400.000
G1 X-16.210 Y-131.547 Z-5.400 F400.000
G1 X-16.207 Y-131.565 Z-5.400 F400.000
G1 X-16.204 Y-131.625 Z-5.400 F400.000
G1 X-16.204 Y-134.516 Z-5.400 F400.000
G1 X-16.215 Y-134.625 Z-5.400 F400.000
G1 X-16.224 Y-134.654 Z-5.400 F400.000
G1 X-16.238 Y-134.680 Z-5.400 F400.000
G1 X-16.257 Y-134.704 Z-5.400 F400.000
G1 X-16.281 Y-134.723 Z-5.400 F400.000
G1 X-16.307 Y-134.738 Z-5.400 F400.000
G1 X-16.336 Y-134.746 Z-5.400 F400.000
G1 X-16.445 Y-134.757 Z-5.400 F400.000
G1 X-17.850 Y-134.757 Z-5.400 F400.000
G1 X-18.057 Y-134.771 Z-5.400 F400.000
G1 X-18.316 Y-134.805 Z-5.400 F400.000
G1 X-18.716 Y-134.912 Z-5.400 F400.000
G1 X-18.958 Y-135.012 Z-5.400 F400.000
G1 X-19.316 Y-135.219 Z-5.400 F400.000
G1 X-19.524 Y-135.378 Z-5.400 F400.000
G1 X-19.817 Y-135.671 Z-5.400 F400.000
G1 X-19.975 Y-135.878 Z-5.400 F400.000
G1 X-20.183 Y-136.237 Z-5.400 F400.000
G1 X-20.283 Y-136.478 Z-5.400 F400.000
G1 X-20.390 Y-136.878 Z-5.400 F400.000
G1 X-20.424 Y-137.137 Z-5.400 F400.000
G1 X-20.437 Y-137.344 Z-5.400 F400.000
G1 X-20.437 Y-160.212 Z-5.400 F400.000
G1 X-20.425 Y-160.489 Z-5.400 F400.000
G1 X-20.375 Y-160.849 Z-5.400 F400.000
G1 X-20.286 Y-161.202 Z-5.400 F400.000
G1 X-20.159 Y-161.543 Z-5.400 F400.000
G1 X-16.238 Y-169.958 Z-5.400 F400.000
G1 X-16.215 Y-170.015 Z-5.400 F400.000
G1 X-16.210 Y-170.031 Z-5.400 F400.000
G1 X-16.207 Y-170.049 Z-5.400 F400.000
G1 X-16.204 Y-170.109 Z-5.400 F400.000
G1 X-16.204 Y-173.000 Z-5.400 F400.000
G1 X-16.215 Y-173.109 Z-5.400 F400.000
G1 X-16.224 Y-173.138 Z-5.400 F400.000
G1 X-16.238 Y-173.164 Z-5.400 F400.000
G1 X-16.257 Y-173.188 Z-5.400 F400.000
G1 X-16.281 Y-173.207 Z-5.400 F400.000
G1 X-16.307 Y-173.222 Z-5.400 F400.000
G1 X-16.336 Y-173.230 Z-5.400 F400.000
G1 X-16.445 Y-173.241 Z-5.400 F400.000
G1 X-17.850 Y-173.241 Z-5.400 F400.000
G1 X-18.057 Y-173.255 Z-5.400 F400.000
G1 X-18.316 Y-173.289 Z-5.400 F400.000
G1 X-18.716 Y-173.396 Z-5.400 F400.000
G1 X-18.958 Y-173.496 Z-5.400 F400.000
G1 X-19.316 Y-173.703 Z-5.400 F400.000
G1 X-19.524 Y-173.862 Z-5.400 F400.000
G1 X-19.817 Y-174.155 Z-5.400 F400.000
G1 X-19.975 Y-174.362 Z-5.400 F400.000
G1 X-20.183 Y-174.721 Z-5.400 F400.000
G1 X-20.283 Y-174.962 Z-5.400 F400.000
G1 X-20.390 Y-175.362 Z-5.400 F400.000
G1 X-20.424 Y-175.621 Z-5.400 F400.000
G1 X-20.437 Y-175.828 Z-5.400 F400.000
G1 X-20.437 Y-198.696 Z-5.400 F400.000
G1 X-20.425 Y-198.973 Z-5.400 F400.000
G1 X-20.375 Y-199.333 Z-5.400 F400.000
G1 X-20.286 Y-199.686 Z-5.400 F400.000
G1 X-20.159 Y-200.027 Z-5.400 F400.000
G1 X-16.238 Y-208.442 Z-5.400 F400.000
G1 X-16.215 Y-208.499 Z-5.400 F400.000
G1 X-16.210 Y-208.515 Z-5.400 F400.000
G1 X-16.207 Y-208.533 Z-5.400 F400.000
G1 X-16.204 Y-208.593 Z-5.400 F400.000
G1 X-16.204 Y-211.485 Z-5.400 F400.000
G1 X-16.215 Y-211.593 Z-5.400 F400.000
G1 X-16.224 Y-211.622 Z-5.400 F400.000
G1 X-16.238 Y-211.649 Z-5.400 F400.000
G1 X-16.257 Y-211.672 Z-5.400 F400.000
G1 X-16.281 Y-211.691 Z-5.400 F400.000
G1 X-16.307 Y-211.706 Z-5.400 F400.000
G1 X-16.336 Y-211.714 Z-5.400 F400.000
G1 X-16.445 Y-211.725 Z-5.400 F400.000
G1 X-17.850 Y-211.725 Z-5.400 F400.000
G1 X-18.057 Y-211.739 Z-5.400 F400.000
G1 X-18.316 Y-211.773 Z-5.400 F400.000
G1 X-18.716 Y-211.880 Z-5.400 F400.000
G1 X-18.958 Y-211.980 Z-5.400 F400.000
G1 X-19.316 Y-212.187 Z-5.400 F400.000
G1 X-19.524 Y-212.346 Z-5.400 F400.000
G1 X-19.817 Y-212.639 Z-5.400 F400.000
G1 X-19.975 Y-212.846 Z-5.400 F400.000
G1 X-20.183 Y-213.205 Z-5.400 F400.000
G1 X-20.283 Y-213.446 Z-5.400 F400.000
G1 X-20.390 Y-213.846 Z-5.400 F400.000
G1 X-20.424 Y-214.105 Z-5.400 F400.000
G1 X-20.437 Y-214.313 Z-5.400 F400.000
G1 X-20.437 Y-228.500 Z-5.400 F400.000
G0 Z5.000
G0 Z5.000
(Finish operation: Rack )
(Begin operation: RampEntryDressup002)
(Path: RampEntryDressup002)
G0 X0.000 Y0.000 Z5.000
G0 X-4.562 Y-3.500 Z5.000
G0 X-4.562 Y-3.500 Z3.000
G1 X-4.562 Y-34.030 Z1.400 F400.000
G1 X-4.562 Y-3.500 Z-0.200 F400.000
G1 X-4.562 Y-228.500 Z-0.200 F400.000
G0 X-4.562 Y-228.500 Z5.000
G0 X-4.562 Y-3.500 Z5.000
G0 X-4.562 Y-3.500 Z3.000
G1 X-4.562 Y-35.938 Z1.300 F400.000
G1 X-4.562 Y-3.500 Z-0.400 F400.000
G1 X-4.562 Y-228.500 Z-0.400 F400.000
G0 X-4.562 Y-228.500 Z5.000
G0 X-4.562 Y-3.500 Z5.000
G0 X-4.562 Y-3.500 Z3.000
G1 X-4.562 Y-37.846 Z1.200 F400.000
G1 X-4.562 Y-3.500 Z-0.600 F400.000
G1 X-4.562 Y-228.500 Z-0.600 F400.000
G0 X-4.562 Y-228.500 Z5.000
G0 X-4.562 Y-3.500 Z5.000
G0 X-4.562 Y-3.500 Z3.000
G1 X-4.562 Y-39.754 Z1.100 F400.000
G1 X-4.562 Y-3.500 Z-0.800 F400.000
G1 X-4.562 Y-228.500 Z-0.800 F400.000
G0 X-4.562 Y-228.500 Z5.000
G0 X-4.562 Y-3.500 Z5.000
G0 X-4.562 Y-3.500 Z3.000
G1 X-4.562 Y-41.662 Z1.000 F400.000
G1 X-4.562 Y-3.500 Z-1.000 F400.000
G1 X-4.562 Y-228.500 Z-1.000 F400.000
G0 X-4.562 Y-228.500 Z5.000
G0 X-4.562 Y-3.500 Z5.000
G0 X-4.562 Y-3.500 Z3.000
G1 X-4.562 Y-43.570 Z0.900 F400.000
G1 X-4.562 Y-3.500 Z-1.200 F400.000
G1 X-4.562 Y-228.500 Z-1.200 F400.000
G0 X-4.562 Y-228.500 Z5.000
G0 X-4.562 Y-3.500 Z5.000
G0 X-4.562 Y-3.500 Z3.000
G1 X-4.562 Y-45.479 Z0.800 F400.000
G1 X-4.562 Y-3.500 Z-1.400 F400.000
G1 X-4.562 Y-228.500 Z-1.400 F400.000
G0 X-4.562 Y-228.500 Z5.000
G0 X-4.562 Y-3.500 Z5.000
G0 X-4.562 Y-3.500 Z3.000
G1 X-4.562 Y-47.387 Z0.700 F400.000
G1 X-4.562 Y-3.500 Z-1.600 F400.000
G1 X-4.562 Y-228.500 Z-1.600 F400.000
G0 X-4.562 Y-228.500 Z5.000
G0 X-4.562 Y-3.500 Z5.000
G0 X-4.562 Y-3.500 Z3.000
G1 X-4.562 Y-49.295 Z0.600 F400.000
G1 X-4.562 Y-3.500 Z-1.800 F400.000
G1 X-4.562 Y-228.500 Z-1.800 F400.000
G0 X-4.562 Y-228.500 Z5.000
G0 X-4.562 Y-3.500 Z5.000
G0 X-4.562 Y-3.500 Z3.000
G1 X-4.562 Y-51.203 Z0.500 F400.000
G1 X-4.562 Y-3.500 Z-2.000 F400.000
G1 X-4.562 Y-228.500 Z-2.000 F400.000
G0 X-4.562 Y-228.500 Z5.000
G0 X-4.562 Y-3.500 Z5.000
G0 X-4.562 Y-3.500 Z3.000
G1 X-4.562 Y-53.111 Z0.400 F400.000
G1 X-4.562 Y-3.500 Z-2.200 F400.000
G1 X-4.562 Y-228.500 Z-2.200 F400.000
G0 X-4.562 Y-228.500 Z5.000
G0 X-4.562 Y-3.500 Z5.000
G0 X-4.562 Y-3.500 Z3.000
G1 X-4.562 Y-55.019 Z0.300 F400.000
G1 X-4.562 Y-3.500 Z-2.400 F400.000
G1 X-4.562 Y-228.500 Z-2.400 F400.000
G0 X-4.562 Y-228.500 Z5.000
G0 X-4.562 Y-3.500 Z5.000
G0 X-4.562 Y-3.500 Z3.000
G1 X-4.562 Y-56.927 Z0.200 F400.000
G1 X-4.562 Y-3.500 Z-2.600 F400.000
G1 X-4.562 Y-228.500 Z-2.600 F400.000
G0 X-4.562 Y-228.500 Z5.000
G0 X-4.562 Y-3.500 Z5.000
G0 X-4.562 Y-3.500 Z3.000
G1 X-4.562 Y-58.835 Z0.100 F400.000
G1 X-4.562 Y-3.500 Z-2.800 F400.000
G1 X-4.562 Y-228.500 Z-2.800 F400.000
G0 X-4.562 Y-228.500 Z5.000
G0 X-4.562 Y-3.500 Z5.000
G0 X-4.562 Y-3.500 Z3.000
G1 X-4.562 Y-60.743 Z0.000 F400.000
G1 X-4.562 Y-3.500 Z-3.000 F400.000
G1 X-4.562 Y-228.500 Z-3.000 F400.000
G0 X-4.562 Y-228.500 Z5.000
G0 X-4.562 Y-3.500 Z5.000
G0 X-4.562 Y-3.500 Z3.000
G1 X-4.562 Y-62.652 Z-0.100 F400.000
G1 X-4.562 Y-3.500 Z-3.200 F400.000
G1 X-4.562 Y-228.500 Z-3.200 F400.000
G0 X-4.562 Y-228.500 Z5.000
G0 X-4.562 Y-3.500 Z5.000
G0 X-4.562 Y-3.500 Z3.000
G1 X-4.562 Y-64.560 Z-0.200 F400.000
G1 X-4.562 Y-3.500 Z-3.400 F400.000
G1 X-4.562 Y-228.500 Z-3.400 F400.000
G0 X-4.562 Y-228.500 Z5.000
G0 X-4.562 Y-3.500 Z5.000
G0 X-4.562 Y-3.500 Z3.000
G1 X-4.562 Y-66.468 Z-0.300 F400.000
G1 X-4.562 Y-3.500 Z-3.600 F400.000
G1 X-4.562 Y-228.500 Z-3.600 F400.000
G0 X-4.562 Y-228.500 Z5.000
G0 X-4.562 Y-3.500 Z5.000
G0 X-4.562 Y-3.500 Z3.000
G1 X-4.562 Y-68.376 Z-0.400 F400.000
G1 X-4.562 Y-3.500 Z-3.800 F400.000
G1 X-4.562 Y-228.500 Z-3.800 F400.000
G0 X-4.562 Y-228.500 Z5.000
G0 X-4.562 Y-3.500 Z5.000
G0 X-4.562 Y-3.500 Z3.000
G1 X-4.562 Y-70.284 Z-0.500 F400.000
G1 X-4.562 Y-3.500 Z-4.000 F400.000
G1 X-4.562 Y-228.500 Z-4.000 F400.000
G0 X-4.562 Y-228.500 Z5.000
G0 X-4.562 Y-3.500 Z5.000
G0 X-4.562 Y-3.500 Z3.000
G1 X-4.562 Y-72.192 Z-0.600 F400.000
G1 X-4.562 Y-3.500 Z-4.200 F400.000
G1 X-4.562 Y-228.500 Z-4.200 F400.000
G0 X-4.562 Y-228.500 Z5.000
G0 X-4.562 Y-3.500 Z5.000
G0 X-4.562 Y-3.500 Z3.000
G1 X-4.562 Y-74.100 Z-0.700 F400.000
G1 X-4.562 Y-3.500 Z-4.400 F400.000
G1 X-4.562 Y-228.500 Z-4.400 F400.000
G0 X-4.562 Y-228.500 Z5.000
G0 X-4.562 Y-3.500 Z5.000
G0 X-4.562 Y-3.500 Z3.000
G1 X-4.562 Y-76.008 Z-0.800 F400.000
G1 X-4.562 Y-3.500 Z-4.600 F400.000
G1 X-4.562 Y-228.500 Z-4.600 F400.000
G0 X-4.562 Y-228.500 Z5.000
G0 X-4.562 Y-3.500 Z5.000
G0 X-4.562 Y-3.500 Z3.000
G1 X-4.562 Y-77.916 Z-0.900 F400.000
G1 X-4.562 Y-3.500 Z-4.800 F400.000
G1 X-4.562 Y-228.500 Z-4.800 F400.000
G0 X-4.562 Y-228.500 Z5.000
G0 X-4.562 Y-3.500 Z5.000
G0 X-4.562 Y-3.500 Z3.000
G1 X-4.562 Y-79.825 Z-1.000 F400.000
G1 X-4.562 Y-3.500 Z-5.000 F400.000
G1 X-4.562 Y-228.500 Z-5.000 F400.000
G0 X-4.562 Y-228.500 Z5.000
G0 X-4.562 Y-3.500 Z5.000
G0 X-4.562 Y-3.500 Z3.000
G1 X-4.562 Y-81.733 Z-1.100 F400.000
G1 X-4.562 Y-3.500 Z-5.200 F400.000
G1 X-4.562 Y-228.500 Z-5.200 F400.000
G0 X-4.562 Y-228.500 Z5.000
G0 X-4.562 Y-3.500 Z5.000
G0 X-4.562 Y-3.500 Z3.000
G1 X-4.562 Y-83.641 Z-1.200 F400.000
G1 X-4.562 Y-3.500 Z-5.400 F400.000
G1 X-4.562 Y-228.500 Z-5.400 F400.000
G0 X-4.562 Y-228.500 Z5.000
(Finish operation: RampEntryDressup002)
(Begin operation: RampEntryDressup)
(Path: RampEntryDressup)
G0 X0.000 Y0.000 Z5.000
G0 X-18.850 Y-230.088 Z5.000
G0 X-18.850 Y-230.088 Z3.000
G1 X-6.150 Y-230.088 Z2.334 F400.000
G1 X-18.850 Y-230.088 Z1.669 F400.000
G1 X-6.150 Y-230.088 Z1.003 F400.000
G1 X-18.850 Y-230.088 Z0.338 F400.000
G1 X-8.590 Y-230.088 Z-0.200 F400.000
G1 X-18.850 Y-230.088 Z-0.200 F400.000
G1 X-6.150 Y-230.088 Z-0.200 F400.000
G0 X-6.150 Y-230.088 Z5.000
G0 X-18.850 Y-230.088 Z5.000
G0 X-18.850 Y-230.088 Z3.000
G1 X-6.150 Y-230.088 Z2.334 F400.000
G1 X-18.850 Y-230.088 Z1.669 F400.000
G1 X-6.150 Y-230.088 Z1.003 F400.000
G1 X-18.850 Y-230.088 Z0.338 F400.000
G1 X-6.150 Y-230.088 Z-0.328 F400.000
G1 X-7.526 Y-230.088 Z-0.400 F400.000
G1 X-18.850 Y-230.088 Z-0.400 F400.000
G1 X-6.150 Y-230.088 Z-0.400 F400.000
G0 X-6.150 Y-230.088 Z5.000
G0 X-18.850 Y-230.088 Z5.000
G0 X-18.850 Y-230.088 Z3.000
G1 X-6.150 Y-230.088 Z2.334 F400.000
G1 X-18.850 Y-230.088 Z1.669 F400.000
G1 X-6.150 Y-230.088 Z1.003 F400.000
G1 X-18.850 Y-230.088 Z0.338 F400.000
G1 X-6.150 Y-230.088 Z-0.328 F400.000
G1 X-11.342 Y-230.088 Z-0.600 F400.000
G1 X-18.850 Y-230.088 Z-0.600 F400.000
G1 X-6.150 Y-230.088 Z-0.600 F400.000
G0 X-6.150 Y-230.088 Z5.000
G0 X-18.850 Y-230.088 Z5.000
G0 X-18.850 Y-230.088 Z3.000
G1 X-6.150 Y-230.088 Z2.334 F400.000
G1 X-18.850 Y-230.088 Z1.669 F400.000
G1 X-6.150 Y-230.088 Z1.003 F400.000
G1 X-18.850 Y-230.088 Z0.338 F400.000
G1 X-6.150 Y-230.088 Z-0.328 F400.000
G1 X-15.158 Y-230.088 Z-0.800 F400.000
G1 X-18.850 Y-230.088 Z-0.800 F400.000
G1 X-6.150 Y-230.088 Z-0.800 F400.000
G0 X-6.150 Y-230.088 Z5.000
G0 X-18.850 Y-230.088 Z5.000
G0 X-18.850 Y-230.088 Z3.000
G1 X-6.150 Y-230.088 Z2.334 F400.000
G1 X-18.850 Y-230.088 Z1.669 F400.000
G1 X-6.150 Y-230.088 Z1.003 F400.000
G1 X-18.850 Y-230.088 Z0.338 F400.000
G1 X-6.150 Y-230.088 Z-0.328 F400.000
G1 X-18.850 Y-230.088 Z-0.993 F400.000
G1 X-18.725 Y-230.088 Z-1.000 F400.000
G1 X-18.850 Y-230.088 Z-1.000 F400.000
G1 X-6.150 Y-230.088 Z-1.000 F400.000
G0 X-6.150 Y-230.088 Z5.000
G0 X-18.850 Y-230.088 Z5.000
G0 X-18.850 Y-230.088 Z3.000
G1 X-6.150 Y-230.088 Z2.334 F400.000
G1 X-18.850 Y-230.088 Z1.669 F400.000
G1 X-6.150 Y-230.088 Z1.003 F400.000
G1 X-18.850 Y-230.088 Z0.338 F400.000
G1 X-6.150 Y-230.088 Z-0.328 F400.000
G1 X-18.850 Y-230.088 Z-0.993 F400.000
G1 X-14.909 Y-230.088 Z-1.200 F400.000
G1 X-18.850 Y-230.088 Z-1.200 F400.000
G1 X-6.150 Y-230.088 Z-1.200 F400.000
G0 X-6.150 Y-230.088 Z5.000
G0 X-18.850 Y-230.088 Z5.000
G0 X-18.850 Y-230.088 Z3.000
G1 X-6.150 Y-230.088 Z2.334 F400.000
G1 X-18.850 Y-230.088 Z1.669 F400.000
G1 X-6.150 Y-230.088 Z1.003 F400.000
G1 X-18.850 Y-230.088 Z0.338 F400.000
G1 X-6.150 Y-230.088 Z-0.328 F400.000
G1 X-18.850 Y-230.088 Z-0.993 F400.000
G1 X-11.093 Y-230.088 Z-1.400 F400.000
G1 X-18.850 Y-230.088 Z-1.400 F400.000
G1 X-6.150 Y-230.088 Z-1.400 F400.000
G0 X-6.150 Y-230.088 Z5.000
G0 X-18.850 Y-230.088 Z5.000
G0 X-18.850 Y-230.088 Z3.000
G1 X-6.150 Y-230.088 Z2.334 F400.000
G1 X-18.850 Y-230.088 Z1.669 F400.000
G1 X-6.150 Y-230.088 Z1.003 F400.000
G1 X-18.850 Y-230.088 Z0.338 F400.000
G1 X-6.150 Y-230.088 Z-0.328 F400.000
G1 X-18.850 Y-230.088 Z-0.993 F400.000
G1 X-7.277 Y-230.088 Z-1.600 F400.000
G1 X-18.850 Y-230.088 Z-1.600 F400.000
G1 X-6.150 Y-230.088 Z-1.600 F400.000
G0 X-6.150 Y-230.088 Z5.000
G0 X-18.850 Y-230.088 Z5.000
G0 X-18.850 Y-230.088 Z3.000
G1 X-6.150 Y-230.088 Z2.334 F400.000
G1 X-18.850 Y-230.088 Z1.669 F400.000
G1 X-6.150 Y-230.088 Z1.003 F400.000
G1 X-18.850 Y-230.088 Z0.338 F400.000
G1 X-6.150 Y-230.088 Z-0.328 F400.000
G1 X-18.850 Y-230.088 Z-0.993 F400.000
G1 X-6.150 Y-230.088 Z-1.659 F400.000
G1 X-8.839 Y-230.088 Z-1.800 F400.000
G1 X-18.850 Y-230.088 Z-1.800 F400.000
G1 X-6.150 Y-230.088 Z-1.800 F400.000
G0 X-6.150 Y-230.088 Z5.000
G0 X-18.850 Y-230.088 Z5.000
G0 X-18.850 Y-230.088 Z3.000
G1 X-6.150 Y-230.088 Z2.334 F400.000
G1 X-18.850 Y-230.088 Z1.669 F400.000
G1 X-6.150 Y-230.088 Z1.003 F400.000
G1 X-18.850 Y-230.088 Z0.338 F400.000
G1 X-6.150 Y-230.088 Z-0.328 F400.000
G1 X-18.850 Y-230.088 Z-0.993 F400.000
G1 X-6.150 Y-230.088 Z-1.659 F400.000
G1 X-12.656 Y-230.088 Z-2.000 F400.000
G1 X-18.850 Y-230.088 Z-2.000 F400.000
G1 X-6.150 Y-230.088 Z-2.000 F400.000
G0 X-6.150 Y-230.088 Z5.000
G0 X-18.850 Y-230.088 Z5.000
G0 X-18.850 Y-230.088 Z3.000
G1 X-6.150 Y-230.088 Z2.334 F400.000
G1 X-18.850 Y-230.088 Z1.669 F400.000
G1 X-6.150 Y-230.088 Z1.003 F400.000
G1 X-18.850 Y-230.088 Z0.338 F400.000
G1 X-6.150 Y-230.088 Z-0.328 F400.000
G1 X-18.850 Y-230.088 Z-0.993 F400.000
G1 X-6.150 Y-230.088 Z-1.659 F400.000
G1 X-16.472 Y-230.088 Z-2.200 F400.000
G1 X-18.850 Y-230.088 Z-2.200 F400.000
G1 X-6.150 Y-230.088 Z-2.200 F400.000
G0 X-6.150 Y-230.088 Z5.000
G0 X-18.850 Y-230.088 Z5.000
G0 X-18.850 Y-230.088 Z3.000
G1 X-6.150 Y-230.088 Z2.334 F400.000
G1 X-18.850 Y-230.088 Z1.669 F400.000
G1 X-6.150 Y-230.088 Z1.003 F400.000
G1 X-18.850 Y-230.088 Z0.338 F400.000
G1 X-6.150 Y-230.088 Z-0.328 F400.000
G1 X-18.850 Y-230.088 Z-0.993 F400.000
G1 X-6.150 Y-230.088 Z-1.659 F400.000
G1 X-18.850 Y-230.088 Z-2.325 F400.000
G1 X-17.412 Y-230.088 Z-2.400 F400.000
G1 X-18.850 Y-230.088 Z-2.400 F400.000
G1 X-6.150 Y-230.088 Z-2.400 F400.000
G0 X-6.150 Y-230.088 Z5.000
G0 X-18.850 Y-230.088 Z5.000
G0 X-18.850 Y-230.088 Z3.000
G1 X-6.150 Y-230.088 Z2.334 F400.000
G1 X-18.850 Y-230.088 Z1.669 F400.000
G1 X-6.150 Y-230.088 Z1.003 F400.000
G1 X-18.850 Y-230.088 Z0.338 F400.000
G1 X-6.150 Y-230.088 Z-0.328 F400.000
G1 X-18.850 Y-230.088 Z-0.993 F400.000
G1 X-6.150 Y-230.088 Z-1.659 F400.000
G1 X-18.850 Y-230.088 Z-2.325 F400.000
G1 X-13.596 Y-230.088 Z-2.600 F400.000
G1 X-18.850 Y-230.088 Z-2.600 F400.000
G1 X-6.150 Y-230.088 Z-2.600 F400.000
G0 X-6.150 Y-230.088 Z5.000
G0 X-18.850 Y-230.088 Z5.000
G0 X-18.850 Y-230.088 Z3.000
G1 X-6.150 Y-230.088 Z2.334 F400.000
G1 X-18.850 Y-230.088 Z1.669 F400.000
G1 X-6.150 Y-230.088 Z1.003 F400.000
G1 X-18.850 Y-230.088 Z0.338 F400.000
G1 X-6.150 Y-230.088 Z-0.328 F400.000
G1 X-18.850 Y-230.088 Z-0.993 F400.000
G1 X-6.150 Y-230.088 Z-1.659 F400.000
G1 X-18.850 Y-230.088 Z-2.325 F400.000
G1 X-9.779 Y-230.088 Z-2.800 F400.000
G1 X-18.850 Y-230.088 Z-2.800 F400.000
G1 X-6.150 Y-230.088 Z-2.800 F400.000
G0 X-6.150 Y-230.088 Z5.000
G0 X-18.850 Y-230.088 Z5.000
G0 X-18.850 Y-230.088 Z3.000
G1 X-6.150 Y-230.088 Z2.334 F400.000
G1 X-18.850 Y-230.088 Z1.669 F400.000
G1 X-6.150 Y-230.088 Z1.003 F400.000
G1 X-18.850 Y-230.088 Z0.338 F400.000
G1 X-6.150 Y-230.088 Z-0.328 F400.000
G1 X-18.850 Y-230.088 Z-0.993 F400.000
G1 X-6.150 Y-230.088 Z-1.659 F400.000
G1 X-18.850 Y-230.088 Z-2.325 F400.000
G1 X-6.150 Y-230.088 Z-2.990 F400.000
G1 X-6.337 Y-230.088 Z-3.000 F400.000
G1 X-18.850 Y-230.088 Z-3.000 F400.000
G1 X-6.150 Y-230.088 Z-3.000 F400.000
G0 X-6.150 Y-230.088 Z5.000
G0 X-18.850 Y-230.088 Z5.000
G0 X-18.850 Y-230.088 Z3.000
G1 X-6.150 Y-230.088 Z2.334 F400.000
G1 X-18.850 Y-230.088 Z1.669 F400.000
G1 X-6.150 Y-230.088 Z1.003 F400.000
G1 X-18.850 Y-230.088 Z0.338 F400.000
G1 X-6.150 Y-230.088 Z-0.328 F400.000
G1 X-18.850 Y-230.088 Z-0.993 F400.000
G1 X-6.150 Y-230.088 Z-1.659 F400.000
G1 X-18.850 Y-230.088 Z-2.325 F400.000
G1 X-6.150 Y-230.088 Z-2.990 F400.000
G1 X-10.153 Y-230.088 Z-3.200 F400.000
G1 X-18.850 Y-230.088 Z-3.200 F400.000
G1 X-6.150 Y-230.088 Z-3.200 F400.000
G0 X-6.150 Y-230.088 Z5.000
G0 X-18.850 Y-230.088 Z5.000
G0 X-18.850 Y-230.088 Z3.000
G1 X-6.150 Y-230.088 Z2.334 F400.000
G1 X-18.850 Y-230.088 Z1.669 F400.000
G1 X-6.150 Y-230.088 Z1.003 F400.000
G1 X-18.850 Y-230.088 Z0.338 F400.000
G1 X-6.150 Y-230.088 Z-0.328 F400.000
G1 X-18.850 Y-230.088 Z-0.993 F400.000
G1 X-6.150 Y-230.088 Z-1.659 F400.000
G1 X-18.850 Y-230.088 Z-2.325 F400.000
G1 X-6.150 Y-230.088 Z-2.990 F400.000
G1 X-13.969 Y-230.088 Z-3.400 F400.000
G1 X-18.850 Y-230.088 Z-3.400 F400.000
G1 X-6.150 Y-230.088 Z-3.400 F400.000
G0 X-6.150 Y-230.088 Z5.000
G0 X-18.850 Y-230.088 Z5.000
G0 X-18.850 Y-230.088 Z3.000
G1 X-6.150 Y-230.088 Z2.334 F400.000
G1 X-18.850 Y-230.088 Z1.669 F400.000
G1 X-6.150 Y-230.088 Z1.003 F400.000
G1 X-18.850 Y-230.088 Z0.338 F400.000
G1 X-6.150 Y-230.088 Z-0.328 F400.000
G1 X-18.850 Y-230.088 Z-0.993 F400.000
G1 X-6.150 Y-230.088 Z-1.659 F400.000
G1 X-18.850 Y-230.088 Z-2.325 F400.000
G1 X-6.150 Y-230.088 Z-2.990 F400.000
G1 X-17.786 Y-230.088 Z-3.600 F400.000
G1 X-18.850 Y-230.088 Z-3.600 F400.000
G1 X-6.150 Y-230.088 Z-3.600 F400.000
G0 X-6.150 Y-230.088 Z5.000
G0 X-18.850 Y-230.088 Z5.000
G0 X-18.850 Y-230.088 Z3.000
G1 X-6.150 Y-230.088 Z2.334 F400.000
G1 X-18.850 Y-230.088 Z1.669 F400.000
G1 X-6.150 Y-230.088 Z1.003 F400.000
G1 X-18.850 Y-230.088 Z0.338 F400.000
G1 X-6.150 Y-230.088 Z-0.328 F400.000
G1 X-18.850 Y-230.088 Z-0.993 F400.000
G1 X-6.150 Y-230.088 Z-1.659 F400.000
G1 X-18.850 Y-230.088 Z-2.325 F400.000
G1 X-6.150 Y-230.088 Z-2.990 F400.000
G1 X-18.850 Y-230.088 Z-3.656 F400.000
G1 X-16.098 Y-230.088 Z-3.800 F400.000
G1 X-18.850 Y-230.088 Z-3.800 F400.000
G1 X-6.150 Y-230.088 Z-3.800 F400.000
G0 X-6.150 Y-230.088 Z5.000
G0 X-18.850 Y-230.088 Z5.000
G0 X-18.850 Y-230.088 Z3.000
G1 X-6.150 Y-230.088 Z2.334 F400.000
G1 X-18.850 Y-230.088 Z1.669 F400.000
G1 X-6.150 Y-230.088 Z1.003 F400.000
G1 X-18.850 Y-230.088 Z0.338 F400.000
G1 X-6.150 Y-230.088 Z-0.328 F400.000
G1 X-18.850 Y-230.088 Z-0.993 F400.000
G1 X-6.150 Y-230.088 Z-1.659 F400.000
G1 X-18.850 Y-230.088 Z-2.325 F400.000
G1 X-6.150 Y-230.088 Z-2.990 F400.000
G1 X-18.850 Y-230.088 Z-3.656 F400.000
G1 X-12.282 Y-230.088 Z-4.000 F400.000
G1 X-18.850 Y-230.088 Z-4.000 F400.000
G1 X-6.150 Y-230.088 Z-4.000 F400.000
G0 X-6.150 Y-230.088 Z5.000
G0 X-18.850 Y-230.088 Z5.000
G0 X-18.850 Y-230.088 Z3.000
G1 X-6.150 Y-230.088 Z2.334 F400.000
G1 X-18.850 Y-230.088 Z1.669 F400.000
G1 X-6.150 Y-230.088 Z1.003 F400.000
G1 X-18.850 Y-230.088 Z0.338 F400.000
G1 X-6.150 Y-230.088 Z-0.328 F400.000
G1 X-18.850 Y-230.088 Z-0.993 F400.000
G1 X-6.150 Y-230.088 Z-1.659 F400.000
G1 X-18.850 Y-230.088 Z-2.325 F400.000
G1 X-6.150 Y-230.088 Z-2.990 F400.000
G1 X-18.850 Y-230.088 Z-3.656 F400.000
G1 X-8.466 Y-230.088 Z-4.200 F400.000
G1 X-18.850 Y-230.088 Z-4.200 F400.000
G1 X-6.150 Y-230.088 Z-4.200 F400.000
G0 X-6.150 Y-230.088 Z5.000
G0 X-18.850 Y-230.088 Z5.000
G0 X-18.850 Y-230.088 Z3.000
G1 X-6.150 Y-230.088 Z2.334 F400.000
G1 X-18.850 Y-230.088 Z1.669 F400.000
G1 X-6.150 Y-230.088 Z1.003 F400.000
G1 X-18.850 Y-230.088 Z0.338 F400.000
G1 X-6.150 Y-230.088 Z-0.328 F400.000
G1 X-18.850 Y-230.088 Z-0.993 F400.000
G1 X-6.150 Y-230.088 Z-1.659 F400.000
G1 X-18.850 Y-230.088 Z-2.325 F400.000
G1 X-6.150 Y-230.088 Z-2.990 F400.000
G1 X-18.850 Y-230.088 Z-3.656 F400.000
G1 X-6.150 Y-230.088 Z-4.321 F400.000
G1 X-7.650 Y-230.088 Z-4.400 F400.000
G1 X-18.850 Y-230.088 Z-4.400 F400.000
G1 X-6.150 Y-230.088 Z-4.400 F400.000
G0 X-6.150 Y-230.088 Z5.000
G0 X-18.850 Y-230.088 Z5.000
G0 X-18.850 Y-230.088 Z3.000
G1 X-6.150 Y-230.088 Z2.334 F400.000
G1 X-18.850 Y-230.088 Z1.669 F400.000
G1 X-6.150 Y-230.088 Z1.003 F400.000
G1 X-18.850 Y-230.088 Z0.338 F400.000
G1 X-6.150 Y-230.088 Z-0.328 F400.000
G1 X-18.850 Y-230.088 Z-0.993 F400.000
G1 X-6.150 Y-230.088 Z-1.659 F400.000
G1 X-18.850 Y-230.088 Z-2.325 F400.000
G1 X-6.150 Y-230.088 Z-2.990 F400.000
G1 X-18.850 Y-230.088 Z-3.656 F400.000
G1 X-6.150 Y-230.088 Z-4.321 F400.000
G1 X-11.467 Y-230.088 Z-4.600 F400.000
G1 X-18.850 Y-230.088 Z-4.600 F400.000
G1 X-6.150 Y-230.088 Z-4.600 F400.000
G0 X-6.150 Y-230.088 Z5.000
G0 X-18.850 Y-230.088 Z5.000
G0 X-18.850 Y-230.088 Z3.000
G1 X-6.150 Y-230.088 Z2.334 F400.000
G1 X-18.850 Y-230.088 Z1.669 F400.000
G1 X-6.150 Y-230.088 Z1.003 F400.000
G1 X-18.850 Y-230.088 Z0.338 F400.000
G1 X-6.150 Y-230.088 Z-0.328 F400.000
G1 X-18.850 Y-230.088 Z-0.993 F400.000
G1 X-6.150 Y-230.088 Z-1.659 F400.000
G1 X-18.850 Y-230.088 Z-2.325 F400.000
G1 X-6.150 Y-230.088 Z-2.990 F400.000
G1 X-18.850 Y-230.088 Z-3.656 F400.000
G1 X-6.150 Y-230.088 Z-4.321 F400.000
G1 X-15.283 Y-230.088 Z-4.800 F400.000
G1 X-18.850 Y-230.088 Z-4.800 F400.000
G1 X-6.150 Y-230.088 Z-4.800 F400.000
G0 X-6.150 Y-230.088 Z5.000
G0 X-18.850 Y-230.088 Z5.000
G0 X-18.850 Y-230.088 Z3.000
G1 X-6.150 Y-230.088 Z2.334 F400.000
G1 X-18.850 Y-230.088 Z1.669 F400.000
G1 X-6.150 Y-230.088 Z1.003 F400.000
G1 X-18.850 Y-230.088 Z0.338 F400.000
G1 X-6.150 Y-230.088 Z-0.328 F400.000
G1 X-18.850 Y-230.088 Z-0.993 F400.000
G1 X-6.150 Y-230.088 Z-1.659 F400.000
G1 X-18.850 Y-230.088 Z-2.325 F400.000
G1 X-6.150 Y-230.088 Z-2.990 F400.000
G1 X-18.850 Y-230.088 Z-3.656 F400.000
G1 X-6.150 Y-230.088 Z-4.321 F400.000
G1 X-18.850 Y-230.088 Z-4.987 F400.000
G1 X-18.601 Y-230.088 Z-5.000 F400.000
G1 X-18.850 Y-230.088 Z-5.000 F400.000
G1 X-6.150 Y-230.088 Z-5.000 F400.000
G0 X-6.150 Y-230.088 Z5.000
G0 X-18.850 Y-230.088 Z5.000
G0 X-18.850 Y-230.088 Z3.000
G1 X-6.150 Y-230.088 Z2.334 F400.000
G1 X-18.850 Y-230.088 Z1.669 F400.000
G1 X-6.150 Y-230.088 Z1.003 F400.000
G1 X-18.850 Y-230.088 Z0.338 F400.000
G1 X-6.150 Y-230.088 Z-0.328 F400.000
G1 X-18.850 Y-230.088 Z-0.993 F400.000
G1 X-6.150 Y-230.088 Z-1.659 F400.000
G1 X-18.850 Y-230.088 Z-2.325 F400.000
G1 X-6.150 Y-230.088 Z-2.990 F400.000
G1 X-18.850 Y-230.088 Z-3.656 F400.000
G1 X-6.150 Y-230.088 Z-4.321 F400.000
G1 X-18.850 Y-230.088 Z-4.987 F400.000
G1 X-14.785 Y-230.088 Z-5.200 F400.000
G1 X-18.850 Y-230.088 Z-5.200 F400.000
G1 X-6.150 Y-230.088 Z-5.200 F400.000
G0 X-6.150 Y-230.088 Z5.000
G0 X-18.850 Y-230.088 Z5.000
G0 X-18.850 Y-230.088 Z3.000
G1 X-6.150 Y-230.088 Z2.334 F400.000
G1 X-18.850 Y-230.088 Z1.669 F400.000
G1 X-6.150 Y-230.088 Z1.003 F400.000
G1 X-18.850 Y-230.088 Z0.338 F400.000
G1 X-6.150 Y-230.088 Z-0.328 F400.000
G1 X-18.850 Y-230.088 Z-0.993 F400.000
G1 X-6.150 Y-230.088 Z-1.659 F400.000
G1 X-18.850 Y-230.088 Z-2.325 F400.000
G1 X-6.150 Y-230.088 Z-2.990 F400.000
G1 X-18.850 Y-230.088 Z-3.656 F400.000
G1 X-6.150 Y-230.088 Z-4.321 F400.000
G1 X-18.850 Y-230.088 Z-4.987 F400.000
G1 X-10.968 Y-230.088 Z-5.400 F400.000
G1 X-18.850 Y-230.088 Z-5.400 F400.000
G1 X-6.150 Y-230.088 Z-5.400 F400.000
G0 X-6.150 Y-230.088 Z5.000
(Finish operation: RampEntryDressup)
(Begin operation: RampEntryDressup001)
(Path: RampEntryDressup001)
G0 X0.000 Y0.000 Z5.000
G0 X-6.150 Y-1.912 Z5.000
G0 X-6.150 Y-1.912 Z3.000
G1 X-18.850 Y-1.912 Z2.334 F400.000
G1 X-6.150 Y-1.912 Z1.669 F400.000
G1 X-18.850 Y-1.912 Z1.003 F400.000
G1 X-6.150 Y-1.912 Z0.338 F400.000
G1 X-12.593 Y-1.912 Z0.000 F400.000
G1 X-6.150 Y-1.912 Z0.000 F400.000
G1 X-18.850 Y-1.912 Z0.000 F400.000
G0 X-18.850 Y-1.912 Z5.000
G0 X-6.150 Y-1.912 Z5.000
G0 X-6.150 Y-1.912 Z3.000
G1 X-18.850 Y-1.912 Z2.334 F400.000
G1 X-6.150 Y-1.912 Z1.669 F400.000
G1 X-18.850 Y-1.912 Z1.003 F400.000
G1 X-6.150 Y-1.912 Z0.338 F400.000
G1 X-16.410 Y-1.912 Z-0.200 F400.000
G1 X-6.150 Y-1.912 Z-0.200 F400.000
G1 X-18.850 Y-1.912 Z-0.200 F400.000
G0 X-18.850 Y-1.912 Z5.000
G0 X-6.150 Y-1.912 Z5.000
G0 X-6.150 Y-1.912 Z3.000
G1 X-18.850 Y-1.912 Z2.334 F400.000
G1 X-6.150 Y-1.912 Z1.669 F400.000
G1 X-18.850 Y-1.912 Z1.003 F400.000
G1 X-6.150 Y-1.912 Z0.338 F400.000
G1 X-18.850 Y-1.912 Z-0.328 F400.000
G1 X-17.474 Y-1.912 Z-0.400 F400.000
G1 X-6.150 Y-1.912 Z-0.400 F400.000
G1 X-18.850 Y-1.912 Z-0.400 F400.000
G0 X-18.850 Y-1.912 Z5.000
G0 X-6.150 Y-1.912 Z5.000
G0 X-6.150 Y-1.912 Z3.000
G1 X-18.850 Y-1.912 Z2.334 F400.000
G1 X-6.150 Y-1.912 Z1.669 F400.000
G1 X-18.850 Y-1.912 Z1.003 F400.000
G1 X-6.150 Y-1.912 Z0.338 F400.000
G1 X-18.850 Y-1.912 Z-0.328 F400.000
G1 X-13.658 Y-1.912 Z-0.600 F400.000
G1 X-6.150 Y-1.912 Z-0.600 F400.000
G1 X-18.850 Y-1.912 Z-0.600 F400.000
G0 X-18.850 Y-1.912 Z5.000
G0 X-6.150 Y-1.912 Z5.000
G0 X-6.150 Y-1.912 Z3.000
G1 X-18.850 Y-1.912 Z2.334 F400.000
G1 X-6.150 Y-1.912 Z1.669 F400.000
G1 X-18.850 Y-1.912 Z1.003 F400.000
G1 X-6.150 Y-1.912 Z0.338 F400.000
G1 X-18.850 Y-1.912 Z-0.328 F400.000
G1 X-9.842 Y-1.912 Z-0.800 F400.000
G1 X-6.150 Y-1.912 Z-0.800 F400.000
G1 X-18.850 Y-1.912 Z-0.800 F400.000
G0 X-18.850 Y-1.912 Z5.000
G0 X-6.150 Y-1.912 Z5.000
G0 X-6.150 Y-1.912 Z3.000
G1 X-18.850 Y-1.912 Z2.334 F400.000
G1 X-6.150 Y-1.912 Z1.669 F400.000
G1 X-18.850 Y-1.912 Z1.003 F400.000
G1 X-6.150 Y-1.912 Z0.338 F400.000
G1 X-18.850 Y-1.912 Z-0.328 F400.000
G1 X-6.150 Y-1.912 Z-0.993 F400.000
G1 X-6.275 Y-1.912 Z-1.000 F400.000
G1 X-6.150 Y-1.912 Z-1.000 F400.000
G1 X-18.850 Y-1.912 Z-1.000 F400.000
G0 X-18.850 Y-1.912 Z5.000
G0 X-6.150 Y-1.912 Z5.000
G0 X-6.150 Y-1.912 Z3.000
G1 X-18.850 Y-1.912 Z2.334 F400.000
G1 X-6.150 Y-1.912 Z1.669 F400.000
G1 X-18.850 Y-1.912 Z1.003 F400.000
G1 X-6.150 Y-1.912 Z0.338 F400.000
G1 X-18.850 Y-1.912 Z-0.328 F400.000
G1 X-6.150 Y-1.912 Z-0.993 F400.000
G1 X-10.091 Y-1.912 Z-1.200 F400.000
G1 X-6.150 Y-1.912 Z-1.200 F400.000
G1 X-18.850 Y-1.912 Z-1.200 F400.000
G0 X-18.850 Y-1.912 Z5.000
G0 X-6.150 Y-1.912 Z5.000
G0 X-6.150 Y-1.912 Z3.000
G1 X-18.850 Y-1.912 Z2.334 F400.000
G1 X-6.150 Y-1.912 Z1.669 F400.000
G1 X-18.850 Y-1.912 Z1.003 F400.000
G1 X-6.150 Y-1.912 Z0.338 F400.000
G1 X-18.850 Y-1.912 Z-0.328 F400.000
G1 X-6.150 Y-1.912 Z-0.993 F400.000
G1 X-13.907 Y-1.912 Z-1.400 F400.000
G1 X-6.150 Y-1.912 Z-1.400 F400.000
G1 X-18.850 Y-1.912 Z-1.400 F400.000
G0 X-18.850 Y-1.912 Z5.000
G0 X-6.150 Y-1.912 Z5.000
G0 X-6.150 Y-1.912 Z3.000
G1 X-18.850 Y-1.912 Z2.334 F400.000
G1 X-6.150 Y-1.912 Z1.669 F400.000
G1 X-18.850 Y-1.912 Z1.003 F400.000
G1 X-6.150 Y-1.912 Z0.338 F400.000
G1 X-18.850 Y-1.912 Z-0.328 F400.000
G1 X-6.150 Y-1.912 Z-0.993 F400.000
G1 X-17.723 Y-1.912 Z-1.600 F400.000
G1 X-6.150 Y-1.912 Z-1.600 F400.000
G1 X-18.850 Y-1.912 Z-1.600 F400.000
G0 X-18.850 Y-1.912 Z5.000
G0 X-6.150 Y-1.912 Z5.000
G0 X-6.150 Y-1.912 Z3.000
G1 X-18.850 Y-1.912 Z2.334 F400.000
G1 X-6.150 Y-1.912 Z1.669 F400.000
G1 X-18.850 Y-1.912 Z1.003 F400.000
G1 X-6.150 Y-1.912 Z0.338 F400.000
G1 X-18.850 Y-1.912 Z-0.328 F400.000
G1 X-6.150 Y-1.912 Z-0.993 F400.000
G1 X-18.850 Y-1.912 Z-1.659 F400.000
G1 X-16.161 Y-1.912 Z-1.800 F400.000
G1 X-6.150 Y-1.912 Z-1.800 F400.000
G1 X-18.850 Y-1.912 Z-1.800 F400.000
G0 X-18.850 Y-1.912 Z5.000
G0 X-6.150 Y-1.912 Z5.000
G0 X-6.150 Y-1.912 Z3.000
G1 X-18.850 Y-1.912 Z2.334 F400.000
G1 X-6.150 Y-1.912 Z1.669 F400.000
G1 X-18.850 Y-1.912 Z1.003 F400.000
G1 X-6.150 Y-1.912 Z0.338 F400.000
G1 X-18.850 Y-1.912 Z-0.328 F400.000
G1 X-6.150 Y-1.912 Z-0.993 F400.000
G1 X-18.850 Y-1.912 Z-1.659 F400.000
G1 X-12.344 Y-1.912 Z-2.000 F400.000
G1 X-6.150 Y-1.912 Z-2.000 F400.000
G1 X-18.850 Y-1.912 Z-2.000 F400.000
G0 X-18.850 Y-1.912 Z5.000
G0 X-6.150 Y-1.912 Z5.000
G0 X-6.150 Y-1.912 Z3.000
G1 X-18.850 Y-1.912 Z2.334 F400.000
G1 X-6.150 Y-1.912 Z1.669 F400.000
G1 X-18.850 Y-1.912 Z1.003 F400.000
G1 X-6.150 Y-1.912 Z0.338 F400.000
G1 X-18.850 Y-1.912 Z-0.328 F400.000
G1 X-6.150 Y-1.912 Z-0.993 F400.000
G1 X-18.850 Y-1.912 Z-1.659 F400.000
G1 X-8.528 Y-1.912 Z-2.200 F400.000
G1 X-6.150 Y-1.912 Z-2.200 F400.000
G1 X-18.850 Y-1.912 Z-2.200 F400.000
G0 X-18.850 Y-1.912 Z5.000
G0 X-6.150 Y-1.912 Z5.000
G0 X-6.150 Y-1.912 Z3.000
G1 X-18.850 Y-1.912 Z2.334 F400.000
G1 X-6.150 Y-1.912 Z1.669 F400.000
G1 X-18.850 Y-1.912 Z1.003 F400.000
G1 X-6.150 Y-1.912 Z0.338 F400.000
G1 X-18.850 Y-1.912 Z-0.328 F400.000
G1 X-6.150 Y-1.912 Z-0.993 F400.000
G1 X-18.850 Y-1.912 Z-1.659 F400.000
G1 X-6.150 Y-1.912 Z-2.325 F400.000
G1 X-7.588 Y-1.912 Z-2.400 F400.000
G1 X-6.150 Y-1.912 Z-2.400 F400.000
G1 X-18.850 Y-1.912 Z-2.400 F400.000
G0 X-18.850 Y-1.912 Z5.000
G0 X-6.150 Y-1.912 Z5.000
G0 X-6.150 Y-1.912 Z3.000
G1 X-18.850 Y-1.912 Z2.334 F400.000
G1 X-6.150 Y-1.912 Z1.669 F400.000
G1 X-18.850 Y-1.912 Z1.003 F400.000
G1 X-6.150 Y-1.912 Z0.338 F400.000
G1 X-18.850 Y-1.912 Z-0.328 F400.000
G1 X-6.150 Y-1.912 Z-0.993 F400.000
G1 X-18.850 Y-1.912 Z-1.659 F400.000
G1 X-6.150 Y-1.912 Z-2.325 F400.000
G1 X-11.404 Y-1.912 Z-2.600 F400.000
G1 X-6.150 Y-1.912 Z-2.600 F400.000
G1 X-18.850 Y-1.912 Z-2.600 F400.000
G0 X-18.850 Y-1.912 Z5.000
G0 X-6.150 Y-1.912 Z5.000
G0 X-6.150 Y-1.912 Z3.000
G1 X-18.850 Y-1.912 Z2.334 F400.000
G1 X-6.150 Y-1.912 Z1.669 F400.000
G1 X-18.850 Y-1.912 Z1.003 F400.000
G1 X-6.150 Y-1.912 Z0.338 F400.000
G1 X-18.850 Y-1.912 Z-0.328 F400.000
G1 X-6.150 Y-1.912 Z-0.993 F400.000
G1 X-18.850 Y-1.912 Z-1.659 F400.000
G1 X-6.150 Y-1.912 Z-2.325 F400.000
G1 X-15.221 Y-1.912 Z-2.800 F400.000
G1 X-6.150 Y-1.912 Z-2.800 F400.000
G1 X-18.850 Y-1.912 Z-2.800 F400.000
G0 X-18.850 Y-1.912 Z5.000
G0 X-6.150 Y-1.912 Z5.000
G0 X-6.150 Y-1.912 Z3.000
G1 X-18.850 Y-1.912 Z2.334 F400.000
G1 X-6.150 Y-1.912 Z1.669 F400.000
G1 X-18.850 Y-1.912 Z1.003 F400.000
G1 X-6.150 Y-1.912 Z0.338 F400.000
G1 X-18.850 Y-1.912 Z-0.328 F400.000
G1 X-6.150 Y-1.912 Z-0.993 F400.000
G1 X-18.850 Y-1.912 Z-1.659 F400.000
G1 X-6.150 Y-1.912 Z-2.325 F400.000
G1 X-18.850 Y-1.912 Z-2.990 F400.000
G1 X-18.663 Y-1.912 Z-3.000 F400.000
G1 X-6.150 Y-1.912 Z-3.000 F400.000
G1 X-18.850 Y-1.912 Z-3.000 F400.000
G0 X-18.850 Y-1.912 Z5.000
G0 X-6.150 Y-1.912 Z5.000
G0 X-6.150 Y-1.912 Z3.000
G1 X-18.850 Y-1.912 Z2.334 F400.000
G1 X-6.150 Y-1.912 Z1.669 F400.000
G1 X-18.850 Y-1.912 Z1.003 F400.000
G1 X-6.150 Y-1.912 Z0.338 F400.000
G1 X-18.850 Y-1.912 Z-0.328 F400.000
G1 X-6.150 Y-1.912 Z-0.993 F400.000
G1 X-18.850 Y-1.912 Z-1.659 F400.000
G1 X-6.150 Y-1.912 Z-2.325 F400.000
G1 X-18.850 Y-1.912 Z-2.990 F400.000
G1 X-14.847 Y-1.912 Z-3.200 F400.000
G1 X-6.150 Y-1.912 Z-3.200 F400.000
G1 X-18.850 Y-1.912 Z-3.200 F400.000
G0 X-18.850 Y-1.912 Z5.000
G0 X-6.150 Y-1.912 Z5.000
G0 X-6.150 Y-1.912 Z3.000
G1 X-18.850 Y-1.912 Z2.334 F400.000
G1 X-6.150 Y-1.912 Z1.669 F400.000
G1 X-18.850 Y-1.912 Z1.003 F400.000
G1 X-6.150 Y-1.912 Z0.338 F400.000
G1 X-18.850 Y-1.912 Z-0.328 F400.000
G1 X-6.150 Y-1.912 Z-0.993 F400.000
G1 X-18.850 Y-1.912 Z-1.659 F400.000
G1 X-6.150 Y-1.912 Z-2.325 F400.000
G1 X-18.850 Y-1.912 Z-2.990 F400.000
G1 X-11.031 Y-1.912 Z-3.400 F400.000
G1 X-6.150 Y-1.912 Z-3.400 F400.000
G1 X-18.850 Y-1.912 Z-3.400 F400.000
G0 X-18.850 Y-1.912 Z5.000
G0 X-6.150 Y-1.912 Z5.000
G0 X-6.150 Y-1.912 Z3.000
G1 X-18.850 Y-1.912 Z2.334 F400.000
G1 X-6.150 Y-1.912 Z1.669 F400.000
G1 X-18.850 Y-1.912 Z1.003 F400.000
G1 X-6.150 Y-1.912 Z0.338 F400.000
G1 X-18.850 Y-1.912 Z-0.328 F400.000
G1 X-6.150 Y-1.912 Z-0.993 F400.000
G1 X-18.850 Y-1.912 Z-1.659 F400.000
G1 X-6.150 Y-1.912 Z-2.325 F400.000
G1 X-18.850 Y-1.912 Z-2.990 F400.000
G1 X-7.214 Y-1.912 Z-3.600 F400.000
G1 X-6.150 Y-1.912 Z-3.600 F400.000
G1 X-18.850 Y-1.912 Z-3.600 F400.000
G0 X-18.850 Y-1.912 Z5.000
G0 X-6.150 Y-1.912 Z5.000
G0 X-6.150 Y-1.912 Z3.000
G1 X-18.850 Y-1.912 Z2.334 F400.000
G1 X-6.150 Y-1.912 Z1.669 F400.000
G1 X-18.850 Y-1.912 Z1.003 F400.000
G1 X-6.150 Y-1.912 Z0.338 F400.000
G1 X-18.850 Y-1.912 Z-0.328 F400.000
G1 X-6.150 Y-1.912 Z-0.993 F400.000
G1 X-18.850 Y-1.912 Z-1.659 F400.000
G1 X-6.150 Y-1.912 Z-2.325 F400.000
G1 X-18.850 Y-1.912 Z-2.990 F400.000
G1 X-6.150 Y-1.912 Z-3.656 F400.000
G1 X-8.902 Y-1.912 Z-3.800 F400.000
G1 X-6.150 Y-1.912 Z-3.800 F400.000
G1 X-18.850 Y-1.912 Z-3.800 F400.000
G0 X-18.850 Y-1.912 Z5.000
G0 X-6.150 Y-1.912 Z5.000
G0 X-6.150 Y-1.912 Z3.000
G1 X-18.850 Y-1.912 Z2.334 F400.000
G1 X-6.150 Y-1.912 Z1.669 F400.000
G1 X-18.850 Y-1.912 Z1.003 F400.000
G1 X-6.150 Y-1.912 Z0.338 F400.000
G1 X-18.850 Y-1.912 Z-0.328 F400.000
G1 X-6.150 Y-1.912 Z-0.993 F400.000
G1 X-18.850 Y-1.912 Z-1.659 F400.000
G1 X-6.150 Y-1.912 Z-2.325 F400.000
G1 X-18.850 Y-1.912 Z-2.990 F400.000
G1 X-6.150 Y-1.912 Z-3.656 F400.000
G1 X-12.718 Y-1.912 Z-4.000 F400.000
G1 X-6.150 Y-1.912 Z-4.000 F400.000
G1 X-18.850 Y-1.912 Z-4.000 F400.000
G0 X-18.850 Y-1.912 Z5.000
G0 X-6.150 Y-1.912 Z5.000
G0 X-6.150 Y-1.912 Z3.000
G1 X-18.850 Y-1.912 Z2.334 F400.000
G1 X-6.150 Y-1.912 Z1.669 F400.000
G1 X-18.850 Y-1.912 Z1.003 F400.000
G1 X-6.150 Y-1.912 Z0.338 F400.000
G1 X-18.850 Y-1.912 Z-0.328 F400.000
G1 X-6.150 Y-1.912 Z-0.993 F400.000
G1 X-18.850 Y-1.912 Z-1.659 F400.000
G1 X-6.150 Y-1.912 Z-2.325 F400.000
G1 X-18.850 Y-1.912 Z-2.990 F400.000
G1 X-6.150 Y-1.912 Z-3.656 F400.000
G1 X-16.534 Y-1.912 Z-4.200 F400.000
G1 X-6.150 Y-1.912 Z-4.200 F400.000
G1 X-18.850 Y-1.912 Z-4.200 F400.000
G0 X-18.850 Y-1.912 Z5.000
G0 X-6.150 Y-1.912 Z5.000
G0 X-6.150 Y-1.912 Z3.000
G1 X-18.850 Y-1.912 Z2.334 F400.000
G1 X-6.150 Y-1.912 Z1.669 F400.000
G1 X-18.850 Y-1.912 Z1.003 F400.000
G1 X-6.150 Y-1.912 Z0.338 F400.000
G1 X-18.850 Y-1.912 Z-0.328 F400.000
G1 X-6.150 Y-1.912 Z-0.993 F400.000
G1 X-18.850 Y-1.912 Z-1.659 F400.000
G1 X-6.150 Y-1.912 Z-2.325 F400.000
G1 X-18.850 Y-1.912 Z-2.990 F400.000
G1 X-6.150 Y-1.912 Z-3.656 F400.000
G1 X-18.850 Y-1.912 Z-4.321 F400.000
G1 X-17.350 Y-1.912 Z-4.400 F400.000
G1 X-6.150 Y-1.912 Z-4.400 F400.000
G1 X-18.850 Y-1.912 Z-4.400 F400.000
G0 X-18.850 Y-1.912 Z5.000
G0 X-6.150 Y-1.912 Z5.000
G0 X-6.150 Y-1.912 Z3.000
G1 X-18.850 Y-1.912 Z2.334 F400.000
G1 X-6.150 Y-1.912 Z1.669 F400.000
G1 X-18.850 Y-1.912 Z1.003 F400.000
G1 X-6.150 Y-1.912 Z0.338 F400.000
G1 X-18.850 Y-1.912 Z-0.328 F400.000
G1 X-6.150 Y-1.912 Z-0.993 F400.000
G1 X-18.850 Y-1.912 Z-1.659 F400.000
G1 X-6.150 Y-1.912 Z-2.325 F400.000
G1 X-18.850 Y-1.912 Z-2.990 F400.000
G1 X-6.150 Y-1.912 Z-3.656 F400.000
G1 X-18.850 Y-1.912 Z-4.321 F400.000
G1 X-13.533 Y-1.912 Z-4.600 F400.000
G1 X-6.150 Y-1.912 Z-4.600 F400.000
G1 X-18.850 Y-1.912 Z-4.600 F400.000
G0 X-18.850 Y-1.912 Z5.000
G0 X-6.150 Y-1.912 Z5.000
G0 X-6.150 Y-1.912 Z3.000
G1 X-18.850 Y-1.912 Z2.334 F400.000
G1 X-6.150 Y-1.912 Z1.669 F400.000
G1 X-18.850 Y-1.912 Z1.003 F400.000
G1 X-6.150 Y-1.912 Z0.338 F400.000
G1 X-18.850 Y-1.912 Z-0.328 F400.000
G1 X-6.150 Y-1.912 Z-0.993 F400.000
G1 X-18.850 Y-1.912 Z-1.659 F400.000
G1 X-6.150 Y-1.912 Z-2.325 F400.000
G1 X-18.850 Y-1.912 Z-2.990 F400.000
G1 X-6.150 Y-1.912 Z-3.656 F400.000
G1 X-18.850 Y-1.912 Z-4.321 F400.000
G1 X-9.717 Y-1.912 Z-4.800 F400.000
G1 X-6.150 Y-1.912 Z-4.800 F400.000
G1 X-18.850 Y-1.912 Z-4.800 F400.000
G0 X-18.850 Y-1.912 Z5.000
G0 X-6.150 Y-1.912 Z5.000
G0 X-6.150 Y-1.912 Z3.000
G1 X-18.850 Y-1.912 Z2.334 F400.000
G1 X-6.150 Y-1.912 Z1.669 F400.000
G1 X-18.850 Y-1.912 Z1.003 F400.000
G1 X-6.150 Y-1.912 Z0.338 F400.000
G1 X-18.850 Y-1.912 Z-0.328 F400.000
G1 X-6.150 Y-1.912 Z-0.993 F400.000
G1 X-18.850 Y-1.912 Z-1.659 F400.000
G1 X-6.150 Y-1.912 Z-2.325 F400.000
G1 X-18.850 Y-1.912 Z-2.990 F400.000
G1 X-6.150 Y-1.912 Z-3.656 F400.000
G1 X-18.850 Y-1.912 Z-4.321 F400.000
G1 X-6.150 Y-1.912 Z-4.987 F400.000
G1 X-6.399 Y-1.912 Z-5.000 F400.000
G1 X-6.150 Y-1.912 Z-5.000 F400.000
G1 X-18.850 Y-1.912 Z-5.000 F400.000
G0 X-18.850 Y-1.912 Z5.000
(Finish operation: RampEntryDressup001)
(Begin postamble)
M5
G17 G90
M2
