(Exported by FreeCAD)
(Post Processor: grbl_post)
(Output Time:2026-07-29 20:02:39.673357)
(Begin preamble)
G17 G90
G21
(Begin operation: Fixture)
(Path: Fixture)
G54
(Finish operation: Fixture)
(Begin operation: ALUMINUM | SpeTool Au3e 1/8 3FL | 5500rpm F101)
(Path: ALUMINUM | SpeTool Au3e 1/8 3FL | 5500rpm F101)
(ALUMINUM | SpeTool Au3e 1/8 3FL | 5500rpm F101)
(Begin toolchange)
( M6 T3 )
M3 S8000
(Finish operation: ALUMINUM | SpeTool Au3e 1/8 3FL | 5500rpm F101)
(Begin operation: Small Hole)
(Path: Small Hole)
(Drilling)
(Begin Drilling)
G0 Z5.000
G90
( G98 )
G0 X-12.500 Y-222.910
(G83 X-12.500 Y-222.910 Z-5.400 F250.000 Q0.200 R3.000)
G0 X-12.500 Y-222.910
G0 Z3.000 F250.00
G1 Z2.800 F250.00
G0 Z3.000
G0 Z2.810
G1 Z2.600 F250.00
G0 Z3.000
G0 Z2.610
G1 Z2.400 F250.00
G0 Z3.000
G0 Z2.410
G1 Z2.200 F250.00
G0 Z3.000
G0 Z2.210
G1 Z2.000 F250.00
G0 Z3.000
G0 Z2.010
G1 Z1.800 F250.00
G0 Z3.000
G0 Z1.810
G1 Z1.600 F250.00
G0 Z3.000
G0 Z1.610
G1 Z1.400 F250.00
G0 Z3.000
G0 Z1.410
G1 Z1.200 F250.00
G0 Z3.000
G0 Z1.210
G1 Z1.000 F250.00
G0 Z3.000
G0 Z1.010
G1 Z0.800 F250.00
G0 Z3.000
G0 Z0.810
G1 Z0.600 F250.00
G0 Z3.000
G0 Z0.610
G1 Z0.400 F250.00
G0 Z3.000
G0 Z0.410
G1 Z0.200 F250.00
G0 Z3.000
G0 Z0.210
G1 Z0.000 F250.00
G0 Z3.000
G0 Z0.010
G1 Z-0.200 F250.00
G0 Z3.000
G0 Z-0.190
G1 Z-0.400 F250.00
G0 Z3.000
G0 Z-0.390
G1 Z-0.600 F250.00
G0 Z3.000
G0 Z-0.590
G1 Z-0.800 F250.00
G0 Z3.000
G0 Z-0.790
G1 Z-1.000 F250.00
G0 Z3.000
G0 Z-0.990
G1 Z-1.200 F250.00
G0 Z3.000
G0 Z-1.190
G1 Z-1.400 F250.00
G0 Z3.000
G0 Z-1.390
G1 Z-1.600 F250.00
G0 Z3.000
G0 Z-1.590
G1 Z-1.800 F250.00
G0 Z3.000
G0 Z-1.790
G1 Z-2.000 F250.00
G0 Z3.000
G0 Z-1.990
G1 Z-2.200 F250.00
G0 Z3.000
G0 Z-2.190
G1 Z-2.400 F250.00
G0 Z3.000
G0 Z-2.390
G1 Z-2.600 F250.00
G0 Z3.000
G0 Z-2.590
G1 Z-2.800 F250.00
G0 Z3.000
G0 Z-2.790
G1 Z-3.000 F250.00
G0 Z3.000
G0 Z-2.990
G1 Z-3.200 F250.00
G0 Z3.000
G0 Z-3.190
G1 Z-3.400 F250.00
G0 Z3.000
G0 Z-3.390
G1 Z-3.600 F250.00
G0 Z3.000
G0 Z-3.590
G1 Z-3.800 F250.00
G0 Z3.000
G0 Z-3.790
G1 Z-4.000 F250.00
G0 Z3.000
G0 Z-3.990
G1 Z-4.200 F250.00
G0 Z3.000
G0 Z-4.190
G1 Z-4.400 F250.00
G0 Z3.000
G0 Z-4.390
G1 Z-4.600 F250.00
G0 Z3.000
G0 Z-4.590
G1 Z-4.800 F250.00
G0 Z3.000
G0 Z-4.790
G1 Z-5.000 F250.00
G0 Z3.000
G0 Z-4.990
G1 Z-5.200 F250.00
G0 Z3.000
G0 Z-5.190
G1 Z-5.400 F250.00
G0 Z3.000
G0 Z-5.390
G1 Z-5.400 F250.00
G0 Z5.000
( G80 )
G0 Z5.000
(Finish operation: Small Hole)
(Begin operation: Big Hole)
(Path: Big Hole)
(Helix)
(helix cut operation)
G0 Z5.000
G0 Z5.000
G0 X-12.500 Y-11.000 Z5.000
G0 X-12.500 Y-11.000 Z0.000
G0 X-11.788 Y-11.000
G1 Z0.000 F250.000
G2 X-13.213 Y-11.000 Z-0.100 I-0.712 J0.000 F400.000
G2 X-11.788 Y-11.000 Z-0.200 I0.712 J0.000 F400.000
G2 X-13.213 Y-11.000 Z-0.300 I-0.712 J0.000 F400.000
G2 X-11.788 Y-11.000 Z-0.400 I0.712 J0.000 F400.000
G2 X-13.213 Y-11.000 Z-0.500 I-0.712 J0.000 F400.000
G2 X-11.788 Y-11.000 Z-0.600 I0.712 J0.000 F400.000
G2 X-13.213 Y-11.000 Z-0.700 I-0.712 J0.000 F400.000
G2 X-11.788 Y-11.000 Z-0.800 I0.712 J0.000 F400.000
G2 X-13.213 Y-11.000 Z-0.900 I-0.712 J0.000 F400.000
G2 X-11.788 Y-11.000 Z-1.000 I0.712 J0.000 F400.000
G2 X-13.213 Y-11.000 Z-1.100 I-0.712 J0.000 F400.000
G2 X-11.788 Y-11.000 Z-1.200 I0.712 J0.000 F400.000
G2 X-13.213 Y-11.000 Z-1.300 I-0.712 J0.000 F400.000
G2 X-11.788 Y-11.000 Z-1.400 I0.712 J0.000 F400.000
G2 X-13.213 Y-11.000 Z-1.500 I-0.712 J0.000 F400.000
G2 X-11.788 Y-11.000 Z-1.600 I0.712 J0.000 F400.000
G2 X-13.213 Y-11.000 Z-1.700 I-0.712 J0.000 F400.000
G2 X-11.788 Y-11.000 Z-1.800 I0.712 J0.000 F400.000
G2 X-13.213 Y-11.000 Z-1.900 I-0.712 J0.000 F400.000
G2 X-11.788 Y-11.000 Z-2.000 I0.712 J0.000 F400.000
G2 X-13.213 Y-11.000 Z-2.100 I-0.712 J0.000 F400.000
G2 X-11.788 Y-11.000 Z-2.200 I0.712 J0.000 F400.000
G2 X-13.213 Y-11.000 Z-2.300 I-0.712 J0.000 F400.000
G2 X-11.788 Y-11.000 Z-2.400 I0.712 J0.000 F400.000
G2 X-13.213 Y-11.000 Z-2.500 I-0.712 J0.000 F400.000
G2 X-11.788 Y-11.000 Z-2.600 I0.712 J0.000 F400.000
G2 X-13.213 Y-11.000 Z-2.700 I-0.712 J0.000 F400.000
G2 X-11.788 Y-11.000 Z-2.800 I0.712 J0.000 F400.000
G2 X-13.213 Y-11.000 Z-2.900 I-0.712 J0.000 F400.000
G2 X-11.788 Y-11.000 Z-3.000 I0.712 J0.000 F400.000
G2 X-13.213 Y-11.000 Z-3.100 I-0.712 J0.000 F400.000
G2 X-11.788 Y-11.000 Z-3.200 I0.712 J0.000 F400.000
G2 X-13.213 Y-11.000 Z-3.300 I-0.712 J0.000 F400.000
G2 X-11.788 Y-11.000 Z-3.400 I0.712 J0.000 F400.000
G2 X-13.213 Y-11.000 Z-3.500 I-0.712 J0.000 F400.000
G2 X-11.788 Y-11.000 Z-3.600 I0.712 J0.000 F400.000
G2 X-13.213 Y-11.000 Z-3.700 I-0.712 J0.000 F400.000
G2 X-11.788 Y-11.000 Z-3.800 I0.712 J0.000 F400.000
G2 X-13.213 Y-11.000 Z-3.900 I-0.712 J0.000 F400.000
G2 X-11.788 Y-11.000 Z-4.000 I0.712 J0.000 F400.000
G2 X-13.213 Y-11.000 Z-4.100 I-0.712 J0.000 F400.000
G2 X-11.788 Y-11.000 Z-4.200 I0.712 J0.000 F400.000
G2 X-13.213 Y-11.000 Z-4.300 I-0.712 J0.000 F400.000
G2 X-11.788 Y-11.000 Z-4.400 I0.712 J0.000 F400.000
G2 X-13.213 Y-11.000 Z-4.500 I-0.712 J0.000 F400.000
G2 X-11.788 Y-11.000 Z-4.600 I0.712 J0.000 F400.000
G2 X-13.213 Y-11.000 Z-4.700 I-0.712 J0.000 F400.000
G2 X-11.788 Y-11.000 Z-4.800 I0.712 J0.000 F400.000
G2 X-13.213 Y-11.000 Z-4.900 I-0.712 J0.000 F400.000
G2 X-11.788 Y-11.000 Z-5.000 I0.712 J0.000 F400.000
G2 X-13.213 Y-11.000 Z-5.100 I-0.712 J0.000 F400.000
G2 X-11.788 Y-11.000 Z-5.200 I0.712 J0.000 F400.000
G2 X-13.213 Y-11.000 Z-5.300 I-0.712 J0.000 F400.000
G2 X-11.788 Y-11.000 Z-5.400 I0.712 J0.000 F400.000
G2 X-13.213 Y-11.000 Z-5.400 I-0.712 J0.000 F400.000
G2 X-11.788 Y-11.000 Z-5.400 I0.712 J0.000 F400.000
G0 X-12.500 Y-11.000 Z-5.400
G0 Z0.000
G0 Z5.000
G0 X-12.500 Y-222.910 Z5.000
G0 X-12.500 Y-222.910 Z0.000
G0 X-12.497 Y-222.910
G1 Z0.000 F250.000
G2 X-12.502 Y-222.910 Z-0.100 I-0.003 J0.000 F400.000
G2 X-12.497 Y-222.910 Z-0.200 I0.003 J0.000 F400.000
G2 X-12.502 Y-222.910 Z-0.300 I-0.003 J0.000 F400.000
G2 X-12.497 Y-222.910 Z-0.400 I0.003 J0.000 F400.000
G2 X-12.502 Y-222.910 Z-0.500 I-0.003 J0.000 F400.000
G2 X-12.497 Y-222.910 Z-0.600 I0.003 J0.000 F400.000
G2 X-12.502 Y-222.910 Z-0.700 I-0.003 J0.000 F400.000
G2 X-12.497 Y-222.910 Z-0.800 I0.003 J0.000 F400.000
G2 X-12.502 Y-222.910 Z-0.900 I-0.003 J0.000 F400.000
G2 X-12.497 Y-222.910 Z-1.000 I0.003 J0.000 F400.000
G2 X-12.502 Y-222.910 Z-1.100 I-0.003 J0.000 F400.000
G2 X-12.497 Y-222.910 Z-1.200 I0.003 J0.000 F400.000
G2 X-12.502 Y-222.910 Z-1.300 I-0.003 J0.000 F400.000
G2 X-12.497 Y-222.910 Z-1.400 I0.003 J0.000 F400.000
G2 X-12.502 Y-222.910 Z-1.500 I-0.003 J0.000 F400.000
G2 X-12.497 Y-222.910 Z-1.600 I0.003 J0.000 F400.000
G2 X-12.502 Y-222.910 Z-1.700 I-0.003 J0.000 F400.000
G2 X-12.497 Y-222.910 Z-1.800 I0.003 J0.000 F400.000
G2 X-12.502 Y-222.910 Z-1.900 I-0.003 J0.000 F400.000
G2 X-12.497 Y-222.910 Z-2.000 I0.003 J0.000 F400.000
G2 X-12.502 Y-222.910 Z-2.100 I-0.003 J0.000 F400.000
G2 X-12.497 Y-222.910 Z-2.200 I0.003 J0.000 F400.000
G2 X-12.502 Y-222.910 Z-2.300 I-0.003 J0.000 F400.000
G2 X-12.497 Y-222.910 Z-2.400 I0.003 J0.000 F400.000
G2 X-12.502 Y-222.910 Z-2.500 I-0.003 J0.000 F400.000
G2 X-12.497 Y-222.910 Z-2.600 I0.003 J0.000 F400.000
G2 X-12.502 Y-222.910 Z-2.700 I-0.003 J0.000 F400.000
G2 X-12.497 Y-222.910 Z-2.800 I0.003 J0.000 F400.000
G2 X-12.502 Y-222.910 Z-2.900 I-0.003 J0.000 F400.000
G2 X-12.497 Y-222.910 Z-3.000 I0.003 J0.000 F400.000
G2 X-12.502 Y-222.910 Z-3.100 I-0.003 J0.000 F400.000
G2 X-12.497 Y-222.910 Z-3.200 I0.003 J0.000 F400.000
G2 X-12.502 Y-222.910 Z-3.300 I-0.003 J0.000 F400.000
G2 X-12.497 Y-222.910 Z-3.400 I0.003 J0.000 F400.000
G2 X-12.502 Y-222.910 Z-3.500 I-0.003 J0.000 F400.000
G2 X-12.497 Y-222.910 Z-3.600 I0.003 J0.000 F400.000
G2 X-12.502 Y-222.910 Z-3.700 I-0.003 J0.000 F400.000
G2 X-12.497 Y-222.910 Z-3.800 I0.003 J0.000 F400.000
G2 X-12.502 Y-222.910 Z-3.900 I-0.003 J0.000 F400.000
G2 X-12.497 Y-222.910 Z-4.000 I0.003 J0.000 F400.000
G2 X-12.502 Y-222.910 Z-4.100 I-0.003 J0.000 F400.000
G2 X-12.497 Y-222.910 Z-4.200 I0.003 J0.000 F400.000
G2 X-12.502 Y-222.910 Z-4.300 I-0.003 J0.000 F400.000
G2 X-12.497 Y-222.910 Z-4.400 I0.003 J0.000 F400.000
G2 X-12.502 Y-222.910 Z-4.500 I-0.003 J0.000 F400.000
G2 X-12.497 Y-222.910 Z-4.600 I0.003 J0.000 F400.000
G2 X-12.502 Y-222.910 Z-4.700 I-0.003 J0.000 F400.000
G2 X-12.497 Y-222.910 Z-4.800 I0.003 J0.000 F400.000
G2 X-12.502 Y-222.910 Z-4.900 I-0.003 J0.000 F400.000
G2 X-12.497 Y-222.910 Z-5.000 I0.003 J0.000 F400.000
G2 X-12.502 Y-222.910 Z-5.100 I-0.003 J0.000 F400.000
G2 X-12.497 Y-222.910 Z-5.200 I0.003 J0.000 F400.000
G2 X-12.502 Y-222.910 Z-5.300 I-0.003 J0.000 F400.000
G2 X-12.497 Y-222.910 Z-5.400 I0.003 J0.000 F400.000
G2 X-12.502 Y-222.910 Z-5.400 I-0.003 J0.000 F400.000
G2 X-12.497 Y-222.910 Z-5.400 I0.003 J0.000 F400.000
G0 X-12.500 Y-222.910 Z-5.400
G0 Z0.000
G0 Z5.000
(Finish operation: Big Hole)
(Begin operation: Countersink)
(Path: Countersink)
(Countersink)
G0 Z5.000
G0
G0 X-12.677 Y-10.340
G0 X-12.677 Y-10.340 Z3.000
G1 X-12.677 Y-10.340 Z-0.200 F250.000
G3 X-12.323 Y-11.660 Z-0.200 I0.177 J-0.660 K0.000 F400.000
G3 X-12.677 Y-10.340 Z-0.200 I-0.177 J0.660 K0.000 F400.000
G0 Z5.000
G0 X-12.883 Y-9.572 Z5.000
G0 X-12.883 Y-9.572 Z3.000
G1 X-12.883 Y-9.572 Z-0.200 F250.000
G3 X-12.117 Y-12.428 Z-0.200 I0.383 J-1.428 K0.000 F400.000
G3 X-12.883 Y-9.572 Z-0.200 I-0.383 J1.428 K0.000 F400.000
G0 Z5.000
G0 X-13.089 Y-8.803 Z5.000
G0 X-13.089 Y-8.803 Z3.000
G1 X-13.089 Y-8.803 Z-0.200 F250.000
G3 X-11.911 Y-13.197 Z-0.200 I0.589 J-2.197 K0.000 F400.000
G3 X-13.089 Y-8.803 Z-0.200 I-0.589 J2.197 K0.000 F400.000
G0 Z5.000
G0 X-13.294 Y-8.035 Z5.000
G0 X-13.294 Y-8.035 Z3.000
G1 X-13.294 Y-8.035 Z-0.200 F250.000
G3 X-15.465 Y-11.794 Z-0.200 I0.794 J-2.965 K0.000 F400.000
G3 X-11.706 Y-13.965 Z-0.200 I2.965 J0.794 K0.000 F400.000
G3 X-13.294 Y-8.035 Z-0.200 I-0.794 J2.965 K0.000 F400.000
G0 Z5.000
G0 X-12.625 Y-10.533 Z5.000
G0 X-12.625 Y-10.533 Z3.000
G1 X-12.625 Y-10.533 Z-0.400 F250.000
G3 X-12.375 Y-11.467 Z-0.400 I0.125 J-0.467 K0.000 F400.000
G3 X-12.625 Y-10.533 Z-0.400 I-0.125 J0.467 K0.000 F400.000
G0 Z5.000
G0 X-12.831 Y-9.765 Z5.000
G0 X-12.831 Y-9.765 Z3.000
G1 X-12.831 Y-9.765 Z-0.400 F250.000
G3 X-12.169 Y-12.235 Z-0.400 I0.331 J-1.235 K0.000 F400.000
G3 X-12.831 Y-9.765 Z-0.400 I-0.331 J1.235 K0.000 F400.000
G0 Z5.000
G0 X-13.037 Y-8.996 Z5.000
G0 X-13.037 Y-8.996 Z3.000
G1 X-13.037 Y-8.996 Z-0.400 F250.000
G3 X-11.963 Y-13.004 Z-0.400 I0.537 J-2.004 K0.000 F400.000
G3 X-13.037 Y-8.996 Z-0.400 I-0.537 J2.004 K0.000 F400.000
G0 Z5.000
G0 X-13.243 Y-8.228 Z5.000
G0 X-13.243 Y-8.228 Z3.000
G1 X-13.243 Y-8.228 Z-0.400 F250.000
G3 X-11.757 Y-13.772 Z-0.400 I0.743 J-2.772 K0.000 F400.000
G3 X-13.243 Y-8.228 Z-0.400 I-0.743 J2.772 K0.000 F400.000
G0 Z5.000
G0 X-12.576 Y-10.728 Z5.000
G0 X-12.576 Y-10.728 Z3.000
G1 X-12.576 Y-10.728 Z-0.600 F250.000
G3 X-12.772 Y-11.076 Z-0.600 I0.076 J-0.272 K0.000 F400.000
G3 X-12.424 Y-11.272 Z-0.600 I0.272 J0.076 K0.000 F400.000
G3 X-12.228 Y-10.924 Z-0.600 I-0.076 J0.272 K0.000 F400.000
G3 X-12.576 Y-10.728 Z-0.600 I-0.272 J-0.076 K0.000 F400.000
G0 Z5.000
G0 X-12.791 Y-9.962 Z5.000
G0 X-12.791 Y-9.962 Z3.000
G1 X-12.791 Y-9.962 Z-0.600 F250.000
G3 X-13.538 Y-11.291 Z-0.600 I0.291 J-1.038 K0.000 F400.000
G3 X-12.209 Y-12.038 Z-0.600 I1.038 J0.291 K0.000 F400.000
G3 X-11.462 Y-10.709 Z-0.600 I-0.291 J1.038 K0.000 F400.000
G3 X-12.791 Y-9.962 Z-0.600 I-1.038 J-0.291 K0.000 F400.000
G0 Z5.000
G0 X-13.006 Y-9.196 Z5.000
G0 X-13.006 Y-9.196 Z3.000
G1 X-13.006 Y-9.196 Z-0.600 F250.000
G3 X-14.304 Y-11.506 Z-0.600 I0.506 J-1.804 K0.000 F400.000
G3 X-11.994 Y-12.804 Z-0.600 I1.804 J0.506 K0.000 F400.000
G3 X-10.696 Y-10.494 Z-0.600 I-0.506 J1.804 K0.000 F400.000
G3 X-13.006 Y-9.196 Z-0.600 I-1.804 J-0.506 K0.000 F400.000
G0 Z5.000
G0 X-13.220 Y-8.430 Z5.000
G0 X-13.220 Y-8.430 Z3.000
G1 X-13.220 Y-8.430 Z-0.600 F250.000
G3 X-15.070 Y-11.720 Z-0.600 I0.720 J-2.570 K0.000 F400.000
G3 X-11.780 Y-13.570 Z-0.600 I2.570 J0.720 K0.000 F400.000
G3 X-9.930 Y-10.280 Z-0.600 I-0.720 J2.570 K0.000 F400.000
G3 X-13.220 Y-8.430 Z-0.600 I-2.570 J-0.720 K0.000 F400.000
G0 Z5.000
G0 X-12.522 Y-10.920 Z5.000
G0 X-12.522 Y-10.920 Z3.000
G1 X-12.522 Y-10.920 Z-0.800 F250.000
G3 X-12.580 Y-11.022 Z-0.800 I0.022 J-0.080 K0.000 F400.000
G3 X-12.478 Y-11.080 Z-0.800 I0.080 J0.022 K0.000 F400.000
G3 X-12.420 Y-10.978 Z-0.800 I-0.022 J0.080 K0.000 F400.000
G3 X-12.522 Y-10.920 Z-0.800 I-0.080 J-0.022 K0.000 F400.000
G0 Z5.000
G0 X-12.737 Y-10.154 Z5.000
G0 X-12.737 Y-10.154 Z3.000
G1 X-12.737 Y-10.154 Z-0.800 F250.000
G3 X-12.263 Y-11.846 Z-0.800 I0.237 J-0.846 K0.000 F400.000
G3 X-12.737 Y-10.154 Z-0.800 I-0.237 J0.846 K0.000 F400.000
G0 Z5.000
G0 X-12.952 Y-9.388 Z5.000
G0 X-12.952 Y-9.388 Z3.000
G1 X-12.952 Y-9.388 Z-0.800 F250.000
G3 X-12.048 Y-12.612 Z-0.800 I0.452 J-1.612 K0.000 F400.000
G3 X-12.952 Y-9.388 Z-0.800 I-0.452 J1.612 K0.000 F400.000
G0 Z5.000
G0 X-13.166 Y-8.622 Z5.000
G0 X-13.166 Y-8.622 Z3.000
G1 X-13.166 Y-8.622 Z-0.800 F250.000
G3 X-14.878 Y-11.666 Z-0.800 I0.666 J-2.378 K0.000 F400.000
G3 X-11.834 Y-13.378 Z-0.800 I2.378 J0.666 K0.000 F400.000
G3 X-10.122 Y-10.334 Z-0.800 I-0.666 J2.378 K0.000 F400.000
G3 X-13.166 Y-8.622 Z-0.800 I-2.378 J-0.666 K0.000 F400.000
G0 Z5.000
G0 X-12.691 Y-10.350 Z5.000
G0 X-12.691 Y-10.350 Z3.000
G1 X-12.691 Y-10.350 Z-1.000 F250.000
G3 X-12.309 Y-11.650 Z-1.000 I0.191 J-0.650 K0.000 F400.000
G3 X-12.691 Y-10.350 Z-1.000 I-0.191 J0.650 K0.000 F400.000
G0 Z5.000
G0 X-12.915 Y-9.586 Z5.000
G0 X-12.915 Y-9.586 Z3.000
G1 X-12.915 Y-9.586 Z-1.000 F250.000
G3 X-12.085 Y-12.414 Z-1.000 I0.415 J-1.414 K0.000 F400.000
G3 X-12.915 Y-9.586 Z-1.000 I-0.415 J1.414 K0.000 F400.000
G0 Z5.000
G0 X-13.139 Y-8.823 Z5.000
G0 X-13.139 Y-8.823 Z3.000
G1 X-13.139 Y-8.823 Z-1.000 F250.000
G3 X-11.861 Y-13.177 Z-1.000 I0.639 J-2.177 K0.000 F400.000
G3 X-13.139 Y-8.823 Z-1.000 I-0.639 J2.177 K0.000 F400.000
G0 Z5.000
G0 X-12.635 Y-10.542 Z5.000
G0 X-12.635 Y-10.542 Z3.000
G1 X-12.635 Y-10.542 Z-1.200 F250.000
G3 X-12.365 Y-11.458 Z-1.200 I0.135 J-0.458 K0.000 F400.000
G3 X-12.635 Y-10.542 Z-1.200 I-0.135 J0.458 K0.000 F400.000
G0 Z5.000
G0 X-12.859 Y-9.778 Z5.000
G0 X-12.859 Y-9.778 Z3.000
G1 X-12.859 Y-9.778 Z-1.200 F250.000
G3 X-12.141 Y-12.222 Z-1.200 I0.359 J-1.222 K0.000 F400.000
G3 X-12.859 Y-9.778 Z-1.200 I-0.359 J1.222 K0.000 F400.000
G0 Z5.000
G0 X-13.083 Y-9.015 Z5.000
G0 X-13.083 Y-9.015 Z3.000
G1 X-13.083 Y-9.015 Z-1.200 F250.000
G3 X-11.917 Y-12.985 Z-1.200 I0.583 J-1.985 K0.000 F400.000
G3 X-13.083 Y-9.015 Z-1.200 I-0.583 J1.985 K0.000 F400.000
G0 Z5.000
G0 X-12.582 Y-10.736 Z5.000
G0 X-12.582 Y-10.736 Z3.000
G1 X-12.582 Y-10.736 Z-1.400 F250.000
G3 X-12.418 Y-11.264 Z-1.400 I0.082 J-0.264 K0.000 F400.000
G3 X-12.582 Y-10.736 Z-1.400 I-0.082 J0.264 K0.000 F400.000
G0 Z5.000
G0 X-12.816 Y-9.975 Z5.000
G0 X-12.816 Y-9.975 Z3.000
G1 X-12.816 Y-9.975 Z-1.400 F250.000
G3 X-12.184 Y-12.025 Z-1.400 I0.316 J-1.025 K0.000 F400.000
G3 X-12.816 Y-9.975 Z-1.400 I-0.316 J1.025 K0.000 F400.000
G0 Z5.000
G0 X-13.051 Y-9.214 Z5.000
G0 X-13.051 Y-9.214 Z3.000
G1 X-13.051 Y-9.214 Z-1.400 F250.000
G3 X-11.949 Y-12.786 Z-1.400 I0.551 J-1.786 K0.000 F400.000
G3 X-13.051 Y-9.214 Z-1.400 I-0.551 J1.786 K0.000 F400.000
G0 Z5.000
G0 X-12.523 Y-10.927 Z5.000
G0 X-12.523 Y-10.927 Z3.000
G1 X-12.523 Y-10.927 Z-1.600 F250.000
G3 X-12.573 Y-11.023 Z-1.600 I0.023 J-0.073 K0.000 F400.000
G3 X-12.477 Y-11.073 Z-1.600 I0.073 J0.023 K0.000 F400.000
G3 X-12.427 Y-10.977 Z-1.600 I-0.023 J0.073 K0.000 F400.000
G3 X-12.523 Y-10.927 Z-1.600 I-0.073 J-0.023 K0.000 F400.000
G0 Z5.000
G0 X-12.757 Y-10.166 Z5.000
G0 X-12.757 Y-10.166 Z3.000
G1 X-12.757 Y-10.166 Z-1.600 F250.000
G3 X-12.243 Y-11.834 Z-1.600 I0.257 J-0.834 K0.000 F400.000
G3 X-12.757 Y-10.166 Z-1.600 I-0.257 J0.834 K0.000 F400.000
G0 Z5.000
G0 X-12.992 Y-9.405 Z5.000
G0 X-12.992 Y-9.405 Z3.000
G1 X-12.992 Y-9.405 Z-1.600 F250.000
G3 X-14.095 Y-11.492 Z-1.600 I0.492 J-1.595 K0.000 F400.000
G3 X-12.008 Y-12.595 Z-1.600 I1.595 J0.492 K0.000 F400.000
G3 X-10.905 Y-10.508 Z-1.600 I-0.492 J1.595 K0.000 F400.000
G3 X-12.992 Y-9.405 Z-1.600 I-1.595 J-0.492 K0.000 F400.000
G0 Z5.000
G0 X-12.708 Y-10.361 Z5.000
G0 X-12.708 Y-10.361 Z3.000
G1 X-12.708 Y-10.361 Z-1.800 F250.000
G3 X-13.139 Y-11.208 Z-1.800 I0.208 J-0.639 K0.000 F400.000
G3 X-12.292 Y-11.639 Z-1.800 I0.639 J0.208 K0.000 F400.000
G3 X-12.708 Y-10.361 Z-1.800 I-0.208 J0.639 K0.000 F400.000
G0 Z5.000
G0 X-12.954 Y-9.604 Z5.000
G0 X-12.954 Y-9.604 Z3.000
G1 X-12.954 Y-9.604 Z-1.800 F250.000
G3 X-12.046 Y-12.396 Z-1.800 I0.454 J-1.396 K0.000 F400.000
G3 X-12.954 Y-9.604 Z-1.800 I-0.454 J1.396 K0.000 F400.000
G0 Z5.000
G0 X-12.653 Y-10.554 Z5.000
G0 X-12.653 Y-10.554 Z3.000
G1 X-12.653 Y-10.554 Z-2.000 F250.000
G3 X-12.347 Y-11.446 Z-2.000 I0.153 J-0.446 K0.000 F400.000
G3 X-12.653 Y-10.554 Z-2.000 I-0.153 J0.446 K0.000 F400.000
G0 Z5.000
G0 X-12.912 Y-9.801 Z5.000
G0 X-12.912 Y-9.801 Z3.000
G1 X-12.912 Y-9.801 Z-2.000 F250.000
G3 X-12.088 Y-12.199 Z-2.000 I0.412 J-1.199 K0.000 F400.000
G3 X-12.912 Y-9.801 Z-2.000 I-0.412 J1.199 K0.000 F400.000
G0 Z5.000
G0 X-12.588 Y-10.744 Z5.000
G0 X-12.588 Y-10.744 Z3.000
G1 X-12.588 Y-10.744 Z-2.200 F250.000
G3 X-12.756 Y-11.088 Z-2.200 I0.088 J-0.256 K0.000 F400.000
G3 X-12.412 Y-11.256 Z-2.200 I0.256 J0.088 K0.000 F400.000
G3 X-12.244 Y-10.912 Z-2.200 I-0.088 J0.256 K0.000 F400.000
G3 X-12.588 Y-10.744 Z-2.200 I-0.256 J-0.088 K0.000 F400.000
G0 Z5.000
G0 X-12.847 Y-9.990 Z5.000
G0 X-12.847 Y-9.990 Z3.000
G1 X-12.847 Y-9.990 Z-2.200 F250.000
G3 X-12.153 Y-12.010 Z-2.200 I0.347 J-1.010 K0.000 F400.000
G3 X-12.847 Y-9.990 Z-2.200 I-0.347 J1.010 K0.000 F400.000
G0 Z5.000
G0 X-12.524 Y-10.934 Z5.000
G0 X-12.524 Y-10.934 Z3.000
G1 X-12.524 Y-10.934 Z-2.400 F250.000
G3 X-12.566 Y-11.024 Z-2.400 I0.024 J-0.066 K0.000 F400.000
G3 X-12.476 Y-11.066 Z-2.400 I0.066 J0.024 K0.000 F400.000
G3 X-12.524 Y-10.934 Z-2.400 I-0.024 J0.066 K0.000 F400.000
G0 Z5.000
G0 X-12.797 Y-10.185 Z5.000
G0 X-12.797 Y-10.185 Z3.000
G1 X-12.797 Y-10.185 Z-2.400 F250.000
G3 X-12.203 Y-11.815 Z-2.400 I0.297 J-0.815 K0.000 F400.000
G3 X-11.685 Y-10.703 Z-2.400 I-0.297 J0.815 K0.000 F400.000
G3 X-12.797 Y-10.185 Z-2.400 I-0.815 J-0.297 K0.000 F400.000
G0 Z5.000
G0 X-12.755 Y-10.342 Z5.000
G0 X-12.755 Y-10.342 Z3.000
G1 X-12.755 Y-10.342 Z-2.600 F250.000
G3 X-12.245 Y-11.658 Z-2.600 I0.255 J-0.658 K0.000 F400.000
G3 X-12.755 Y-10.342 Z-2.600 I-0.255 J0.658 K0.000 F400.000
G1 X-12.755 Y-10.342 Z-2.800 F250.000
G3 X-12.245 Y-11.658 Z-2.800 I0.255 J-0.658 K0.000 F400.000
G3 X-12.755 Y-10.342 Z-2.800 I-0.255 J0.658 K0.000 F400.000
G1 X-12.755 Y-10.342 Z-3.000 F250.000
G3 X-12.245 Y-11.658 Z-3.000 I0.255 J-0.658 K0.000 F400.000
G3 X-12.755 Y-10.342 Z-3.000 I-0.255 J0.658 K0.000 F400.000
G1 X-12.755 Y-10.342 Z-3.200 F250.000
G3 X-12.245 Y-11.658 Z-3.200 I0.255 J-0.658 K0.000 F400.000
G3 X-12.755 Y-10.342 Z-3.200 I-0.255 J0.658 K0.000 F400.000
G1 X-12.755 Y-10.342 Z-3.400 F250.000
G3 X-12.245 Y-11.658 Z-3.400 I0.255 J-0.658 K0.000 F400.000
G3 X-12.755 Y-10.342 Z-3.400 I-0.255 J0.658 K0.000 F400.000
G1 X-12.755 Y-10.342 Z-3.600 F250.000
G3 X-12.245 Y-11.658 Z-3.600 I0.255 J-0.658 K0.000 F400.000
G3 X-12.755 Y-10.342 Z-3.600 I-0.255 J0.658 K0.000 F400.000
G1 X-12.755 Y-10.342 Z-3.800 F250.000
G3 X-12.245 Y-11.658 Z-3.800 I0.255 J-0.658 K0.000 F400.000
G3 X-12.755 Y-10.342 Z-3.800 I-0.255 J0.658 K0.000 F400.000
G1 X-12.755 Y-10.342 Z-4.000 F250.000
G3 X-12.245 Y-11.658 Z-4.000 I0.255 J-0.658 K0.000 F400.000
G3 X-12.755 Y-10.342 Z-4.000 I-0.255 J0.658 K0.000 F400.000
G1 X-12.755 Y-10.342 Z-4.200 F250.000
G3 X-12.245 Y-11.658 Z-4.200 I0.255 J-0.658 K0.000 F400.000
G3 X-12.755 Y-10.342 Z-4.200 I-0.255 J0.658 K0.000 F400.000
G1 X-12.755 Y-10.342 Z-4.400 F250.000
G3 X-12.245 Y-11.658 Z-4.400 I0.255 J-0.658 K0.000 F400.000
G3 X-12.755 Y-10.342 Z-4.400 I-0.255 J0.658 K0.000 F400.000
G1 X-12.755 Y-10.342 Z-4.600 F250.000
G3 X-12.245 Y-11.658 Z-4.600 I0.255 J-0.658 K0.000 F400.000
G3 X-12.755 Y-10.342 Z-4.600 I-0.255 J0.658 K0.000 F400.000
G1 X-12.755 Y-10.342 Z-4.800 F250.000
G3 X-12.245 Y-11.658 Z-4.800 I0.255 J-0.658 K0.000 F400.000
G3 X-12.755 Y-10.342 Z-4.800 I-0.255 J0.658 K0.000 F400.000
G1 X-12.755 Y-10.342 Z-5.000 F250.000
G3 X-12.245 Y-11.658 Z-5.000 I0.255 J-0.658 K0.000 F400.000
G3 X-12.755 Y-10.342 Z-5.000 I-0.255 J0.658 K0.000 F400.000
G0 Z5.000
G0 Z5.000
(Finish operation: Countersink)
(Begin operation: RampEntryDressup003)
(Path: RampEntryDressup003)
G0 X0.000 Y0.000 Z5.000
G0 X-20.437 Y-228.500 Z5.000
G0 X-20.437 Y-228.500 Z3.000
G1 X-20.437 Y-214.313 Z2.505 F400.000
G1 X-20.424 Y-214.105 Z2.497 F400.000
G1 X-20.390 Y-213.846 Z2.488 F400.000
G1 X-20.283 Y-213.446 Z2.474 F400.000
G1 X-20.183 Y-213.205 Z2.465 F400.000
G1 X-19.975 Y-212.846 Z2.450 F400.000
G1 X-19.817 Y-212.639 Z2.441 F400.000
G1 X-19.524 Y-212.346 Z2.427 F400.000
G1 X-19.316 Y-212.187 Z2.417 F400.000
G1 X-18.958 Y-211.980 Z2.403 F400.000
G1 X-18.716 Y-211.880 Z2.394 F400.000
G1 X-18.316 Y-211.773 Z2.379 F400.000
G1 X-18.057 Y-211.739 Z2.370 F400.000
G1 X-17.850 Y-211.725 Z2.363 F400.000
G1 X-16.445 Y-211.725 Z2.314 F400.000
G1 X-16.336 Y-211.714 Z2.310 F400.000
G1 X-16.307 Y-211.706 Z2.309 F400.000
G1 X-16.281 Y-211.691 Z2.308 F400.000
G1 X-16.257 Y-211.672 Z2.307 F400.000
G1 X-16.238 Y-211.649 Z2.306 F400.000
G1 X-16.224 Y-211.622 Z2.305 F400.000
G1 X-16.215 Y-211.593 Z2.304 F400.000
G1 X-16.204 Y-211.485 Z2.300 F400.000
G1 X-16.204 Y-208.593 Z2.199 F400.000
G1 X-16.207 Y-208.533 Z2.197 F400.000
G1 X-16.210 Y-208.515 Z2.196 F400.000
G1 X-16.215 Y-208.499 Z2.196 F400.000
G1 X-16.238 Y-208.442 Z2.194 F400.000
G1 X-20.159 Y-200.027 Z1.869 F400.000
G1 X-20.286 Y-199.686 Z1.857 F400.000
G1 X-20.375 Y-199.333 Z1.844 F400.000
G1 X-20.425 Y-198.973 Z1.831 F400.000
G1 X-20.437 Y-198.696 Z1.822 F400.000
G1 X-20.437 Y-186.624 Z1.400 F400.000
G1 X-20.437 Y-198.696 Z0.978 F400.000
G1 X-20.425 Y-198.973 Z0.969 F400.000
G1 X-20.375 Y-199.333 Z0.956 F400.000
G1 X-20.286 Y-199.686 Z0.943 F400.000
G1 X-20.159 Y-200.027 Z0.931 F400.000
G1 X-16.238 Y-208.442 Z0.606 F400.000
G1 X-16.215 Y-208.499 Z0.604 F400.000
G1 X-16.210 Y-208.515 Z0.604 F400.000
G1 X-16.207 Y-208.533 Z0.603 F400.000
G1 X-16.204 Y-208.593 Z0.601 F400.000
G1 X-16.204 Y-211.485 Z0.500 F400.000
G1 X-16.215 Y-211.593 Z0.496 F400.000
G1 X-16.224 Y-211.622 Z0.495 F400.000
G1 X-16.238 Y-211.649 Z0.494 F400.000
G1 X-16.257 Y-211.672 Z0.493 F400.000
G1 X-16.281 Y-211.691 Z0.492 F400.000
G1 X-16.307 Y-211.706 Z0.491 F400.000
G1 X-16.336 Y-211.714 Z0.490 F400.000
G1 X-16.445 Y-211.725 Z0.486 F400.000
G1 X-17.850 Y-211.725 Z0.437 F400.000
G1 X-18.057 Y-211.739 Z0.430 F400.000
G1 X-18.316 Y-211.773 Z0.421 F400.000
G1 X-18.716 Y-211.880 Z0.406 F400.000
G1 X-18.958 Y-211.980 Z0.397 F400.000
G1 X-19.316 Y-212.187 Z0.383 F400.000
G1 X-19.524 Y-212.346 Z0.373 F400.000
G1 X-19.817 Y-212.639 Z0.359 F400.000
G1 X-19.975 Y-212.846 Z0.350 F400.000
G1 X-20.183 Y-213.205 Z0.335 F400.000
G1 X-20.283 Y-213.446 Z0.326 F400.000
G1 X-20.390 Y-213.846 Z0.312 F400.000
G1 X-20.424 Y-214.105 Z0.303 F400.000
G1 X-20.437 Y-214.313 Z0.295 F400.000
G1 X-20.437 Y-228.500 Z-0.200 F400.000
G1 X-20.437 Y-214.313 Z-0.200 F400.000
G1 X-20.424 Y-214.105 Z-0.200 F400.000
G1 X-20.390 Y-213.846 Z-0.200 F400.000
G1 X-20.283 Y-213.446 Z-0.200 F400.000
G1 X-20.183 Y-213.205 Z-0.200 F400.000
G1 X-19.975 Y-212.846 Z-0.200 F400.000
G1 X-19.817 Y-212.639 Z-0.200 F400.000
G1 X-19.524 Y-212.346 Z-0.200 F400.000
G1 X-19.316 Y-212.187 Z-0.200 F400.000
G1 X-18.958 Y-211.980 Z-0.200 F400.000
G1 X-18.716 Y-211.880 Z-0.200 F400.000
G1 X-18.316 Y-211.773 Z-0.200 F400.000
G1 X-18.057 Y-211.739 Z-0.200 F400.000
G1 X-17.850 Y-211.725 Z-0.200 F400.000
G1 X-16.445 Y-211.725 Z-0.200 F400.000
G1 X-16.336 Y-211.714 Z-0.200 F400.000
G1 X-16.307 Y-211.706 Z-0.200 F400.000
G1 X-16.281 Y-211.691 Z-0.200 F400.000
G1 X-16.257 Y-211.672 Z-0.200 F400.000
G1 X-16.238 Y-211.649 Z-0.200 F400.000
G1 X-16.224 Y-211.622 Z-0.200 F400.000
G1 X-16.215 Y-211.593 Z-0.200 F400.000
G1 X-16.204 Y-211.485 Z-0.200 F400.000
G1 X-16.204 Y-208.593 Z-0.200 F400.000
G1 X-16.207 Y-208.533 Z-0.200 F400.000
G1 X-16.210 Y-208.515 Z-0.200 F400.000
G1 X-16.215 Y-208.499 Z-0.200 F400.000
G1 X-16.238 Y-208.442 Z-0.200 F400.000
G1 X-20.159 Y-200.027 Z-0.200 F400.000
G1 X-20.286 Y-199.686 Z-0.200 F400.000
G1 X-20.375 Y-199.333 Z-0.200 F400.000
G1 X-20.425 Y-198.973 Z-0.200 F400.000
G1 X-20.437 Y-198.696 Z-0.200 F400.000
G1 X-20.437 Y-175.828 Z-0.200 F400.000
G1 X-20.424 Y-175.621 Z-0.200 F400.000
G1 X-20.390 Y-175.362 Z-0.200 F400.000
G1 X-20.283 Y-174.962 Z-0.200 F400.000
G1 X-20.183 Y-174.721 Z-0.200 F400.000
G1 X-19.975 Y-174.362 Z-0.200 F400.000
G1 X-19.817 Y-174.155 Z-0.200 F400.000
G1 X-19.524 Y-173.862 Z-0.200 F400.000
G1 X-19.316 Y-173.703 Z-0.200 F400.000
G1 X-18.958 Y-173.496 Z-0.200 F400.000
G1 X-18.716 Y-173.396 Z-0.200 F400.000
G1 X-18.316 Y-173.289 Z-0.200 F400.000
G1 X-18.057 Y-173.255 Z-0.200 F400.000
G1 X-17.850 Y-173.241 Z-0.200 F400.000
G1 X-16.445 Y-173.241 Z-0.200 F400.000
G1 X-16.336 Y-173.230 Z-0.200 F400.000
G1 X-16.307 Y-173.222 Z-0.200 F400.000
G1 X-16.281 Y-173.207 Z-0.200 F400.000
G1 X-16.257 Y-173.188 Z-0.200 F400.000
G1 X-16.238 Y-173.164 Z-0.200 F400.000
G1 X-16.224 Y-173.138 Z-0.200 F400.000
G1 X-16.215 Y-173.109 Z-0.200 F400.000
G1 X-16.204 Y-173.000 Z-0.200 F400.000
G1 X-16.204 Y-170.109 Z-0.200 F400.000
G1 X-16.207 Y-170.049 Z-0.200 F400.000
G1 X-16.210 Y-170.031 Z-0.200 F400.000
G1 X-16.215 Y-170.015 Z-0.200 F400.000
G1 X-16.238 Y-169.958 Z-0.200 F400.000
G1 X-20.159 Y-161.543 Z-0.200 F400.000
G1 X-20.286 Y-161.202 Z-0.200 F400.000
G1 X-20.375 Y-160.849 Z-0.200 F400.000
G1 X-20.425 Y-160.489 Z-0.200 F400.000
G1 X-20.437 Y-160.212 Z-0.200 F400.000
G1 X-20.437 Y-137.344 Z-0.200 F400.000
G1 X-20.424 Y-137.137 Z-0.200 F400.000
G1 X-20.390 Y-136.878 Z-0.200 F400.000
G1 X-20.283 Y-136.478 Z-0.200 F400.000
G1 X-20.183 Y-136.237 Z-0.200 F400.000
G1 X-19.975 Y-135.878 Z-0.200 F400.000
G1 X-19.817 Y-135.671 Z-0.200 F400.000
G1 X-19.524 Y-135.378 Z-0.200 F400.000
G1 X-19.316 Y-135.219 Z-0.200 F400.000
G1 X-18.958 Y-135.012 Z-0.200 F400.000
G1 X-18.716 Y-134.912 Z-0.200 F400.000
G1 X-18.316 Y-134.805 Z-0.200 F400.000
G1 X-18.057 Y-134.771 Z-0.200 F400.000
G1 X-17.850 Y-134.757 Z-0.200 F400.000
G1 X-16.445 Y-134.757 Z-0.200 F400.000
G1 X-16.336 Y-134.746 Z-0.200 F400.000
G1 X-16.307 Y-134.738 Z-0.200 F400.000
G1 X-16.281 Y-134.723 Z-0.200 F400.000
G1 X-16.257 Y-134.704 Z-0.200 F400.000
G1 X-16.238 Y-134.680 Z-0.200 F400.000
G1 X-16.224 Y-134.654 Z-0.200 F400.000
G1 X-16.215 Y-134.625 Z-0.200 F400.000
G1 X-16.204 Y-134.516 Z-0.200 F400.000
G1 X-16.204 Y-131.625 Z-0.200 F400.000
G1 X-16.207 Y-131.565 Z-0.200 F400.000
G1 X-16.210 Y-131.547 Z-0.200 F400.000
G1 X-16.215 Y-131.531 Z-0.200 F400.000
G1 X-16.238 Y-131.474 Z-0.200 F400.000
G1 X-20.159 Y-123.059 Z-0.200 F400.000
G1 X-20.286 Y-122.718 Z-0.200 F400.000
G1 X-20.375 Y-122.365 Z-0.200 F400.000
G1 X-20.425 Y-122.005 Z-0.200 F400.000
G1 X-20.437 Y-121.728 Z-0.200 F400.000
G1 X-20.437 Y-98.860 Z-0.200 F400.000
G1 X-20.424 Y-98.653 Z-0.200 F400.000
G1 X-20.390 Y-98.394 Z-0.200 F400.000
G1 X-20.283 Y-97.994 Z-0.200 F400.000
G1 X-20.183 Y-97.753 Z-0.200 F400.000
G1 X-19.975 Y-97.394 Z-0.200 F400.000
G1 X-19.817 Y-97.187 Z-0.200 F400.000
G1 X-19.524 Y-96.894 Z-0.200 F400.000
G1 X-19.316 Y-96.735 Z-0.200 F400.000
G1 X-18.958 Y-96.528 Z-0.200 F400.000
G1 X-18.716 Y-96.428 Z-0.200 F400.000
G1 X-18.316 Y-96.321 Z-0.200 F400.000
G1 X-18.057 Y-96.287 Z-0.200 F400.000
G1 X-17.850 Y-96.273 Z-0.200 F400.000
G1 X-16.445 Y-96.273 Z-0.200 F400.000
G1 X-16.336 Y-96.262 Z-0.200 F400.000
G1 X-16.307 Y-96.253 Z-0.200 F400.000
G1 X-16.281 Y-96.239 Z-0.200 F400.000
G1 X-16.257 Y-96.220 Z-0.200 F400.000
G1 X-16.238 Y-96.196 Z-0.200 F400.000
G1 X-16.224 Y-96.170 Z-0.200 F400.000
G1 X-16.215 Y-96.141 Z-0.200 F400.000
G1 X-16.204 Y-96.032 Z-0.200 F400.000
G1 X-16.204 Y-93.141 Z-0.200 F400.000
G1 X-16.207 Y-93.081 Z-0.200 F400.000
G1 X-16.210 Y-93.063 Z-0.200 F400.000
G1 X-16.215 Y-93.046 Z-0.200 F400.000
G1 X-16.238 Y-92.990 Z-0.200 F400.000
G1 X-20.159 Y-84.575 Z-0.200 F400.000
G1 X-20.286 Y-84.234 Z-0.200 F400.000
G1 X-20.375 Y-83.881 Z-0.200 F400.000
G1 X-20.425 Y-83.521 Z-0.200 F400.000
G1 X-20.437 Y-83.244 Z-0.200 F400.000
G1 X-20.437 Y-60.376 Z-0.200 F400.000
G1 X-20.424 Y-60.169 Z-0.200 F400.000
G1 X-20.390 Y-59.910 Z-0.200 F400.000
G1 X-20.283 Y-59.510 Z-0.200 F400.000
G1 X-20.183 Y-59.269 Z-0.200 F400.000
G1 X-19.975 Y-58.910 Z-0.200 F400.000
G1 X-19.817 Y-58.703 Z-0.200 F400.000
G1 X-19.524 Y-58.410 Z-0.200 F400.000
G1 X-19.316 Y-58.251 Z-0.200 F400.000
G1 X-18.958 Y-58.044 Z-0.200 F400.000
G1 X-18.716 Y-57.944 Z-0.200 F400.000
G1 X-18.316 Y-57.837 Z-0.200 F400.000
G1 X-18.057 Y-57.803 Z-0.200 F400.000
G1 X-17.850 Y-57.789 Z-0.200 F400.000
G1 X-16.445 Y-57.789 Z-0.200 F400.000
G1 X-16.336 Y-57.778 Z-0.200 F400.000
G1 X-16.307 Y-57.769 Z-0.200 F400.000
G1 X-16.281 Y-57.755 Z-0.200 F400.000
G1 X-16.257 Y-57.736 Z-0.200 F400.000
G1 X-16.238 Y-57.712 Z-0.200 F400.000
G1 X-16.224 Y-57.686 Z-0.200 F400.000
G1 X-16.215 Y-57.657 Z-0.200 F400.000
G1 X-16.204 Y-57.548 Z-0.200 F400.000
G1 X-16.204 Y-54.657 Z-0.200 F400.000
G1 X-16.207 Y-54.597 Z-0.200 F400.000
G1 X-16.210 Y-54.579 Z-0.200 F400.000
G1 X-16.215 Y-54.562 Z-0.200 F400.000
G1 X-16.238 Y-54.506 Z-0.200 F400.000
G1 X-20.159 Y-46.091 Z-0.200 F400.000
G1 X-20.286 Y-45.750 Z-0.200 F400.000
G1 X-20.375 Y-45.397 Z-0.200 F400.000
G1 X-20.425 Y-45.037 Z-0.200 F400.000
G1 X-20.437 Y-44.760 Z-0.200 F400.000
G1 X-20.430 Y-36.124 Z-0.200 F400.000
G1 X-20.396 Y-35.783 Z-0.200 F400.000
G1 X-20.336 Y-35.477 Z-0.200 F400.000
G1 X-20.236 Y-35.149 Z-0.200 F400.000
G1 X-20.117 Y-34.862 Z-0.200 F400.000
G1 X-19.955 Y-34.559 Z-0.200 F400.000
G1 X-19.782 Y-34.300 Z-0.200 F400.000
G1 X-19.565 Y-34.035 Z-0.200 F400.000
G1 X-19.345 Y-33.815 Z-0.200 F400.000
G1 X-19.079 Y-33.597 Z-0.200 F400.000
G1 X-18.821 Y-33.424 Z-0.200 F400.000
G1 X-18.518 Y-33.263 Z-0.200 F400.000
G1 X-18.231 Y-33.144 Z-0.200 F400.000
G1 X-17.902 Y-33.044 Z-0.200 F400.000
G1 X-17.597 Y-32.983 Z-0.200 F400.000
G1 X-17.100 Y-32.942 Z-0.200 F400.000
G1 X-14.328 Y-32.942 Z-0.200 F400.000
G1 X-14.220 Y-32.931 Z-0.200 F400.000
G1 X-14.191 Y-32.923 Z-0.200 F400.000
G1 X-14.164 Y-32.908 Z-0.200 F400.000
G1 X-14.141 Y-32.889 Z-0.200 F400.000
G1 X-14.121 Y-32.866 Z-0.200 F400.000
G1 X-14.107 Y-32.839 Z-0.200 F400.000
G1 X-14.098 Y-32.810 Z-0.200 F400.000
G1 X-14.088 Y-32.702 Z-0.200 F400.000
G1 X-14.087 Y-30.995 Z-0.200 F400.000
G1 X-14.098 Y-30.887 Z-0.200 F400.000
G1 X-14.107 Y-30.858 Z-0.200 F400.000
G1 X-14.121 Y-30.831 Z-0.200 F400.000
G1 X-14.141 Y-30.808 Z-0.200 F400.000
G1 X-14.164 Y-30.788 Z-0.200 F400.000
G1 X-14.191 Y-30.774 Z-0.200 F400.000
G1 X-14.220 Y-30.765 Z-0.200 F400.000
G1 X-14.330 Y-30.754 Z-0.200 F400.000
G1 X-17.256 Y-30.747 Z-0.200 F400.000
G1 X-17.597 Y-30.713 Z-0.200 F400.000
G1 X-17.902 Y-30.653 Z-0.200 F400.000
G1 X-18.231 Y-30.553 Z-0.200 F400.000
G1 X-18.518 Y-30.434 Z-0.200 F400.000
G1 X-18.821 Y-30.272 Z-0.200 F400.000
G1 X-19.079 Y-30.099 Z-0.200 F400.000
G1 X-19.345 Y-29.882 Z-0.200 F400.000
G1 X-19.565 Y-29.662 Z-0.200 F400.000
G1 X-19.782 Y-29.396 Z-0.200 F400.000
G1 X-19.955 Y-29.138 Z-0.200 F400.000
G1 X-20.117 Y-28.835 Z-0.200 F400.000
G1 X-20.236 Y-28.548 Z-0.200 F400.000
G1 X-20.336 Y-28.219 Z-0.200 F400.000
G1 X-20.396 Y-27.914 Z-0.200 F400.000
G1 X-20.437 Y-27.417 Z-0.200 F400.000
G1 X-20.437 Y-3.500 Z-0.200 F400.000
G0 X-20.437 Y-3.500 Z5.000
G0 X-20.437 Y-228.500 Z5.000
G0 X-20.437 Y-228.500 Z3.000
G1 X-20.437 Y-214.313 Z2.505 F400.000
G1 X-20.424 Y-214.105 Z2.497 F400.000
G1 X-20.390 Y-213.846 Z2.488 F400.000
G1 X-20.283 Y-213.446 Z2.474 F400.000
G1 X-20.183 Y-213.205 Z2.465 F400.000
G1 X-19.975 Y-212.846 Z2.450 F400.000
G1 X-19.817 Y-212.639 Z2.441 F400.000
G1 X-19.524 Y-212.346 Z2.427 F400.000
G1 X-19.316 Y-212.187 Z2.417 F400.000
G1 X-18.958 Y-211.980 Z2.403 F400.000
G1 X-18.716 Y-211.880 Z2.394 F400.000
G1 X-18.316 Y-211.773 Z2.379 F400.000
G1 X-18.057 Y-211.739 Z2.370 F400.000
G1 X-17.850 Y-211.725 Z2.363 F400.000
G1 X-16.445 Y-211.725 Z2.314 F400.000
G1 X-16.336 Y-211.714 Z2.310 F400.000
G1 X-16.307 Y-211.706 Z2.309 F400.000
G1 X-16.281 Y-211.691 Z2.308 F400.000
G1 X-16.257 Y-211.672 Z2.307 F400.000
G1 X-16.238 Y-211.649 Z2.306 F400.000
G1 X-16.224 Y-211.622 Z2.305 F400.000
G1 X-16.215 Y-211.593 Z2.304 F400.000
G1 X-16.204 Y-211.485 Z2.300 F400.000
G1 X-16.204 Y-208.593 Z2.199 F400.000
G1 X-16.207 Y-208.533 Z2.197 F400.000
G1 X-16.210 Y-208.515 Z2.196 F400.000
G1 X-16.215 Y-208.499 Z2.196 F400.000
G1 X-16.238 Y-208.442 Z2.194 F400.000
G1 X-20.159 Y-200.027 Z1.869 F400.000
G1 X-20.286 Y-199.686 Z1.857 F400.000
G1 X-20.375 Y-199.333 Z1.844 F400.000
G1 X-20.425 Y-198.973 Z1.831 F400.000
G1 X-20.437 Y-198.696 Z1.822 F400.000
G1 X-20.437 Y-183.761 Z1.300 F400.000
G1 X-20.437 Y-198.696 Z0.778 F400.000
G1 X-20.425 Y-198.973 Z0.769 F400.000
G1 X-20.375 Y-199.333 Z0.756 F400.000
G1 X-20.286 Y-199.686 Z0.743 F400.000
G1 X-20.159 Y-200.027 Z0.731 F400.000
G1 X-16.238 Y-208.442 Z0.406 F400.000
G1 X-16.215 Y-208.499 Z0.404 F400.000
G1 X-16.210 Y-208.515 Z0.404 F400.000
G1 X-16.207 Y-208.533 Z0.403 F400.000
G1 X-16.204 Y-208.593 Z0.401 F400.000
G1 X-16.204 Y-211.485 Z0.300 F400.000
G1 X-16.215 Y-211.593 Z0.296 F400.000
G1 X-16.224 Y-211.622 Z0.295 F400.000
G1 X-16.238 Y-211.649 Z0.294 F400.000
G1 X-16.257 Y-211.672 Z0.293 F400.000
G1 X-16.281 Y-211.691 Z0.292 F400.000
G1 X-16.307 Y-211.706 Z0.291 F400.000
G1 X-16.336 Y-211.714 Z0.290 F400.000
G1 X-16.445 Y-211.725 Z0.286 F400.000
G1 X-17.850 Y-211.725 Z0.237 F400.000
G1 X-18.057 Y-211.739 Z0.230 F400.000
G1 X-18.316 Y-211.773 Z0.221 F400.000
G1 X-18.716 Y-211.880 Z0.206 F400.000
G1 X-18.958 Y-211.980 Z0.197 F400.000
G1 X-19.316 Y-212.187 Z0.183 F400.000
G1 X-19.524 Y-212.346 Z0.173 F400.000
G1 X-19.817 Y-212.639 Z0.159 F400.000
G1 X-19.975 Y-212.846 Z0.150 F400.000
G1 X-20.183 Y-213.205 Z0.135 F400.000
G1 X-20.283 Y-213.446 Z0.126 F400.000
G1 X-20.390 Y-213.846 Z0.112 F400.000
G1 X-20.424 Y-214.105 Z0.103 F400.000
G1 X-20.437 Y-214.313 Z0.095 F400.000
G1 X-20.437 Y-228.500 Z-0.400 F400.000
G1 X-20.437 Y-214.313 Z-0.400 F400.000
G1 X-20.424 Y-214.105 Z-0.400 F400.000
G1 X-20.390 Y-213.846 Z-0.400 F400.000
G1 X-20.283 Y-213.446 Z-0.400 F400.000
G1 X-20.183 Y-213.205 Z-0.400 F400.000
G1 X-19.975 Y-212.846 Z-0.400 F400.000
G1 X-19.817 Y-212.639 Z-0.400 F400.000
G1 X-19.524 Y-212.346 Z-0.400 F400.000
G1 X-19.316 Y-212.187 Z-0.400 F400.000
G1 X-18.958 Y-211.980 Z-0.400 F400.000
G1 X-18.716 Y-211.880 Z-0.400 F400.000
G1 X-18.316 Y-211.773 Z-0.400 F400.000
G1 X-18.057 Y-211.739 Z-0.400 F400.000
G1 X-17.850 Y-211.725 Z-0.400 F400.000
G1 X-16.445 Y-211.725 Z-0.400 F400.000
G1 X-16.336 Y-211.714 Z-0.400 F400.000
G1 X-16.307 Y-211.706 Z-0.400 F400.000
G1 X-16.281 Y-211.691 Z-0.400 F400.000
G1 X-16.257 Y-211.672 Z-0.400 F400.000
G1 X-16.238 Y-211.649 Z-0.400 F400.000
G1 X-16.224 Y-211.622 Z-0.400 F400.000
G1 X-16.215 Y-211.593 Z-0.400 F400.000
G1 X-16.204 Y-211.485 Z-0.400 F400.000
G1 X-16.204 Y-208.593 Z-0.400 F400.000
G1 X-16.207 Y-208.533 Z-0.400 F400.000
G1 X-16.210 Y-208.515 Z-0.400 F400.000
G1 X-16.215 Y-208.499 Z-0.400 F400.000
G1 X-16.238 Y-208.442 Z-0.400 F400.000
G1 X-20.159 Y-200.027 Z-0.400 F400.000
G1 X-20.286 Y-199.686 Z-0.400 F400.000
G1 X-20.375 Y-199.333 Z-0.400 F400.000
G1 X-20.425 Y-198.973 Z-0.400 F400.000
G1 X-20.437 Y-198.696 Z-0.400 F400.000
G1 X-20.437 Y-175.828 Z-0.400 F400.000
G1 X-20.424 Y-175.621 Z-0.400 F400.000
G1 X-20.390 Y-175.362 Z-0.400 F400.000
G1 X-20.283 Y-174.962 Z-0.400 F400.000
G1 X-20.183 Y-174.721 Z-0.400 F400.000
G1 X-19.975 Y-174.362 Z-0.400 F400.000
G1 X-19.817 Y-174.155 Z-0.400 F400.000
G1 X-19.524 Y-173.862 Z-0.400 F400.000
G1 X-19.316 Y-173.703 Z-0.400 F400.000
G1 X-18.958 Y-173.496 Z-0.400 F400.000
G1 X-18.716 Y-173.396 Z-0.400 F400.000
G1 X-18.316 Y-173.289 Z-0.400 F400.000
G1 X-18.057 Y-173.255 Z-0.400 F400.000
G1 X-17.850 Y-173.241 Z-0.400 F400.000
G1 X-16.445 Y-173.241 Z-0.400 F400.000
G1 X-16.336 Y-173.230 Z-0.400 F400.000
G1 X-16.307 Y-173.222 Z-0.400 F400.000
G1 X-16.281 Y-173.207 Z-0.400 F400.000
G1 X-16.257 Y-173.188 Z-0.400 F400.000
G1 X-16.238 Y-173.164 Z-0.400 F400.000
G1 X-16.224 Y-173.138 Z-0.400 F400.000
G1 X-16.215 Y-173.109 Z-0.400 F400.000
G1 X-16.204 Y-173.000 Z-0.400 F400.000
G1 X-16.204 Y-170.109 Z-0.400 F400.000
G1 X-16.207 Y-170.049 Z-0.400 F400.000
G1 X-16.210 Y-170.031 Z-0.400 F400.000
G1 X-16.215 Y-170.015 Z-0.400 F400.000
G1 X-16.238 Y-169.958 Z-0.400 F400.000
G1 X-20.159 Y-161.543 Z-0.400 F400.000
G1 X-20.286 Y-161.202 Z-0.400 F400.000
G1 X-20.375 Y-160.849 Z-0.400 F400.000
G1 X-20.425 Y-160.489 Z-0.400 F400.000
G1 X-20.437 Y-160.212 Z-0.400 F400.000
G1 X-20.437 Y-137.344 Z-0.400 F400.000
G1 X-20.424 Y-137.137 Z-0.400 F400.000
G1 X-20.390 Y-136.878 Z-0.400 F400.000
G1 X-20.283 Y-136.478 Z-0.400 F400.000
G1 X-20.183 Y-136.237 Z-0.400 F400.000
G1 X-19.975 Y-135.878 Z-0.400 F400.000
G1 X-19.817 Y-135.671 Z-0.400 F400.000
G1 X-19.524 Y-135.378 Z-0.400 F400.000
G1 X-19.316 Y-135.219 Z-0.400 F400.000
G1 X-18.958 Y-135.012 Z-0.400 F400.000
G1 X-18.716 Y-134.912 Z-0.400 F400.000
G1 X-18.316 Y-134.805 Z-0.400 F400.000
G1 X-18.057 Y-134.771 Z-0.400 F400.000
G1 X-17.850 Y-134.757 Z-0.400 F400.000
G1 X-16.445 Y-134.757 Z-0.400 F400.000
G1 X-16.336 Y-134.746 Z-0.400 F400.000
G1 X-16.307 Y-134.738 Z-0.400 F400.000
G1 X-16.281 Y-134.723 Z-0.400 F400.000
G1 X-16.257 Y-134.704 Z-0.400 F400.000
G1 X-16.238 Y-134.680 Z-0.400 F400.000
G1 X-16.224 Y-134.654 Z-0.400 F400.000
G1 X-16.215 Y-134.625 Z-0.400 F400.000
G1 X-16.204 Y-134.516 Z-0.400 F400.000
G1 X-16.204 Y-131.625 Z-0.400 F400.000
G1 X-16.207 Y-131.565 Z-0.400 F400.000
G1 X-16.210 Y-131.547 Z-0.400 F400.000
G1 X-16.215 Y-131.531 Z-0.400 F400.000
G1 X-16.238 Y-131.474 Z-0.400 F400.000
G1 X-20.159 Y-123.059 Z-0.400 F400.000
G1 X-20.286 Y-122.718 Z-0.400 F400.000
G1 X-20.375 Y-122.365 Z-0.400 F400.000
G1 X-20.425 Y-122.005 Z-0.400 F400.000
G1 X-20.437 Y-121.728 Z-0.400 F400.000
G1 X-20.437 Y-98.860 Z-0.400 F400.000
G1 X-20.424 Y-98.653 Z-0.400 F400.000
G1 X-20.390 Y-98.394 Z-0.400 F400.000
G1 X-20.283 Y-97.994 Z-0.400 F400.000
G1 X-20.183 Y-97.753 Z-0.400 F400.000
G1 X-19.975 Y-97.394 Z-0.400 F400.000
G1 X-19.817 Y-97.187 Z-0.400 F400.000
G1 X-19.524 Y-96.894 Z-0.400 F400.000
G1 X-19.316 Y-96.735 Z-0.400 F400.000
G1 X-18.958 Y-96.528 Z-0.400 F400.000
G1 X-18.716 Y-96.428 Z-0.400 F400.000
G1 X-18.316 Y-96.321 Z-0.400 F400.000
G1 X-18.057 Y-96.287 Z-0.400 F400.000
G1 X-17.850 Y-96.273 Z-0.400 F400.000
G1 X-16.445 Y-96.273 Z-0.400 F400.000
G1 X-16.336 Y-96.262 Z-0.400 F400.000
G1 X-16.307 Y-96.253 Z-0.400 F400.000
G1 X-16.281 Y-96.239 Z-0.400 F400.000
G1 X-16.257 Y-96.220 Z-0.400 F400.000
G1 X-16.238 Y-96.196 Z-0.400 F400.000
G1 X-16.224 Y-96.170 Z-0.400 F400.000
G1 X-16.215 Y-96.141 Z-0.400 F400.000
G1 X-16.204 Y-96.032 Z-0.400 F400.000
G1 X-16.204 Y-93.141 Z-0.400 F400.000
G1 X-16.207 Y-93.081 Z-0.400 F400.000
G1 X-16.210 Y-93.063 Z-0.400 F400.000
G1 X-16.215 Y-93.046 Z-0.400 F400.000
G1 X-16.238 Y-92.990 Z-0.400 F400.000
G1 X-20.159 Y-84.575 Z-0.400 F400.000
G1 X-20.286 Y-84.234 Z-0.400 F400.000
G1 X-20.375 Y-83.881 Z-0.400 F400.000
G1 X-20.425 Y-83.521 Z-0.400 F400.000
G1 X-20.437 Y-83.244 Z-0.400 F400.000
G1 X-20.437 Y-60.376 Z-0.400 F400.000
G1 X-20.424 Y-60.169 Z-0.400 F400.000
G1 X-20.390 Y-59.910 Z-0.400 F400.000
G1 X-20.283 Y-59.510 Z-0.400 F400.000
G1 X-20.183 Y-59.269 Z-0.400 F400.000
G1 X-19.975 Y-58.910 Z-0.400 F400.000
G1 X-19.817 Y-58.703 Z-0.400 F400.000
G1 X-19.524 Y-58.410 Z-0.400 F400.000
G1 X-19.316 Y-58.251 Z-0.400 F400.000
G1 X-18.958 Y-58.044 Z-0.400 F400.000
G1 X-18.716 Y-57.944 Z-0.400 F400.000
G1 X-18.316 Y-57.837 Z-0.400 F400.000
G1 X-18.057 Y-57.803 Z-0.400 F400.000
G1 X-17.850 Y-57.789 Z-0.400 F400.000
G1 X-16.445 Y-57.789 Z-0.400 F400.000
G1 X-16.336 Y-57.778 Z-0.400 F400.000
G1 X-16.307 Y-57.769 Z-0.400 F400.000
G1 X-16.281 Y-57.755 Z-0.400 F400.000
G1 X-16.257 Y-57.736 Z-0.400 F400.000
G1 X-16.238 Y-57.712 Z-0.400 F400.000
G1 X-16.224 Y-57.686 Z-0.400 F400.000
G1 X-16.215 Y-57.657 Z-0.400 F400.000
G1 X-16.204 Y-57.548 Z-0.400 F400.000
G1 X-16.204 Y-54.657 Z-0.400 F400.000
G1 X-16.207 Y-54.597 Z-0.400 F400.000
G1 X-16.210 Y-54.579 Z-0.400 F400.000
G1 X-16.215 Y-54.562 Z-0.400 F400.000
G1 X-16.238 Y-54.506 Z-0.400 F400.000
G1 X-20.159 Y-46.091 Z-0.400 F400.000
G1 X-20.286 Y-45.750 Z-0.400 F400.000
G1 X-20.375 Y-45.397 Z-0.400 F400.000
G1 X-20.425 Y-45.037 Z-0.400 F400.000
G1 X-20.437 Y-44.760 Z-0.400 F400.000
G1 X-20.430 Y-36.124 Z-0.400 F400.000
G1 X-20.396 Y-35.783 Z-0.400 F400.000
G1 X-20.336 Y-35.477 Z-0.400 F400.000
G1 X-20.236 Y-35.149 Z-0.400 F400.000
G1 X-20.117 Y-34.862 Z-0.400 F400.000
G1 X-19.955 Y-34.559 Z-0.400 F400.000
G1 X-19.782 Y-34.300 Z-0.400 F400.000
G1 X-19.565 Y-34.035 Z-0.400 F400.000
G1 X-19.345 Y-33.815 Z-0.400 F400.000
G1 X-19.079 Y-33.597 Z-0.400 F400.000
G1 X-18.821 Y-33.424 Z-0.400 F400.000
G1 X-18.518 Y-33.263 Z-0.400 F400.000
G1 X-18.231 Y-33.144 Z-0.400 F400.000
G1 X-17.902 Y-33.044 Z-0.400 F400.000
G1 X-17.597 Y-32.983 Z-0.400 F400.000
G1 X-17.100 Y-32.942 Z-0.400 F400.000
G1 X-14.328 Y-32.942 Z-0.400 F400.000
G1 X-14.220 Y-32.931 Z-0.400 F400.000
G1 X-14.191 Y-32.923 Z-0.400 F400.000
G1 X-14.164 Y-32.908 Z-0.400 F400.000
G1 X-14.141 Y-32.889 Z-0.400 F400.000
G1 X-14.121 Y-32.866 Z-0.400 F400.000
G1 X-14.107 Y-32.839 Z-0.400 F400.000
G1 X-14.098 Y-32.810 Z-0.400 F400.000
G1 X-14.088 Y-32.702 Z-0.400 F400.000
G1 X-14.087 Y-30.995 Z-0.400 F400.000
G1 X-14.098 Y-30.887 Z-0.400 F400.000
G1 X-14.107 Y-30.858 Z-0.400 F400.000
G1 X-14.121 Y-30.831 Z-0.400 F400.000
G1 X-14.141 Y-30.808 Z-0.400 F400.000
G1 X-14.164 Y-30.788 Z-0.400 F400.000
G1 X-14.191 Y-30.774 Z-0.400 F400.000
G1 X-14.220 Y-30.765 Z-0.400 F400.000
G1 X-14.330 Y-30.754 Z-0.400 F400.000
G1 X-17.256 Y-30.747 Z-0.400 F400.000
G1 X-17.597 Y-30.713 Z-0.400 F400.000
G1 X-17.902 Y-30.653 Z-0.400 F400.000
G1 X-18.231 Y-30.553 Z-0.400 F400.000
G1 X-18.518 Y-30.434 Z-0.400 F400.000
G1 X-18.821 Y-30.272 Z-0.400 F400.000
G1 X-19.079 Y-30.099 Z-0.400 F400.000
G1 X-19.345 Y-29.882 Z-0.400 F400.000
G1 X-19.565 Y-29.662 Z-0.400 F400.000
G1 X-19.782 Y-29.396 Z-0.400 F400.000
G1 X-19.955 Y-29.138 Z-0.400 F400.000
G1 X-20.117 Y-28.835 Z-0.400 F400.000
G1 X-20.236 Y-28.548 Z-0.400 F400.000
G1 X-20.336 Y-28.219 Z-0.400 F400.000
G1 X-20.396 Y-27.914 Z-0.400 F400.000
G1 X-20.437 Y-27.417 Z-0.400 F400.000
G1 X-20.437 Y-3.500 Z-0.400 F400.000
G0 X-20.437 Y-3.500 Z5.000
G0 X-20.437 Y-228.500 Z5.000
G0 X-20.437 Y-228.500 Z3.000
G1 X-20.437 Y-214.313 Z2.505 F400.000
G1 X-20.424 Y-214.105 Z2.497 F400.000
G1 X-20.390 Y-213.846 Z2.488 F400.000
G1 X-20.283 Y-213.446 Z2.474 F400.000
G1 X-20.183 Y-213.205 Z2.465 F400.000
G1 X-19.975 Y-212.846 Z2.450 F400.000
G1 X-19.817 Y-212.639 Z2.441 F400.000
G1 X-19.524 Y-212.346 Z2.427 F400.000
G1 X-19.316 Y-212.187 Z2.417 F400.000
G1 X-18.958 Y-211.980 Z2.403 F400.000
G1 X-18.716 Y-211.880 Z2.394 F400.000
G1 X-18.316 Y-211.773 Z2.379 F400.000
G1 X-18.057 Y-211.739 Z2.370 F400.000
G1 X-17.850 Y-211.725 Z2.363 F400.000
G1 X-16.445 Y-211.725 Z2.314 F400.000
G1 X-16.336 Y-211.714 Z2.310 F400.000
G1 X-16.307 Y-211.706 Z2.309 F400.000
G1 X-16.281 Y-211.691 Z2.308 F400.000
G1 X-16.257 Y-211.672 Z2.307 F400.000
G1 X-16.238 Y-211.649 Z2.306 F400.000
G1 X-16.224 Y-211.622 Z2.305 F400.000
G1 X-16.215 Y-211.593 Z2.304 F400.000
G1 X-16.204 Y-211.485 Z2.300 F400.000
G1 X-16.204 Y-208.593 Z2.199 F400.000
G1 X-16.207 Y-208.533 Z2.197 F400.000
G1 X-16.210 Y-208.515 Z2.196 F400.000
G1 X-16.215 Y-208.499 Z2.196 F400.000
G1 X-16.238 Y-208.442 Z2.194 F400.000
G1 X-20.159 Y-200.027 Z1.869 F400.000
G1 X-20.286 Y-199.686 Z1.857 F400.000
G1 X-20.375 Y-199.333 Z1.844 F400.000
G1 X-20.425 Y-198.973 Z1.831 F400.000
G1 X-20.437 Y-198.696 Z1.822 F400.000
G1 X-20.437 Y-180.897 Z1.200 F400.000
G1 X-20.437 Y-198.696 Z0.578 F400.000
G1 X-20.425 Y-198.973 Z0.569 F400.000
G1 X-20.375 Y-199.333 Z0.556 F400.000
G1 X-20.286 Y-199.686 Z0.543 F400.000
G1 X-20.159 Y-200.027 Z0.531 F400.000
G1 X-16.238 Y-208.442 Z0.206 F400.000
G1 X-16.215 Y-208.499 Z0.204 F400.000
G1 X-16.210 Y-208.515 Z0.204 F400.000
G1 X-16.207 Y-208.533 Z0.203 F400.000
G1 X-16.204 Y-208.593 Z0.201 F400.000
G1 X-16.204 Y-211.485 Z0.100 F400.000
G1 X-16.215 Y-211.593 Z0.096 F400.000
G1 X-16.224 Y-211.622 Z0.095 F400.000
G1 X-16.238 Y-211.649 Z0.094 F400.000
G1 X-16.257 Y-211.672 Z0.093 F400.000
G1 X-16.281 Y-211.691 Z0.092 F400.000
G1 X-16.307 Y-211.706 Z0.091 F400.000
G1 X-16.336 Y-211.714 Z0.090 F400.000
G1 X-16.445 Y-211.725 Z0.086 F400.000
G1 X-17.850 Y-211.725 Z0.037 F400.000
G1 X-18.057 Y-211.739 Z0.030 F400.000
G1 X-18.316 Y-211.773 Z0.021 F400.000
G1 X-18.716 Y-211.880 Z0.006 F400.000
G1 X-18.958 Y-211.980 Z-0.003 F400.000
G1 X-19.316 Y-212.187 Z-0.017 F400.000
G1 X-19.524 Y-212.346 Z-0.027 F400.000
G1 X-19.817 Y-212.639 Z-0.041 F400.000
G1 X-19.975 Y-212.846 Z-0.050 F400.000
G1 X-20.183 Y-213.205 Z-0.065 F400.000
G1 X-20.283 Y-213.446 Z-0.074 F400.000
G1 X-20.390 Y-213.846 Z-0.088 F400.000
G1 X-20.424 Y-214.105 Z-0.097 F400.000
G1 X-20.437 Y-214.313 Z-0.105 F400.000
G1 X-20.437 Y-228.500 Z-0.600 F400.000
G1 X-20.437 Y-214.313 Z-0.600 F400.000
G1 X-20.424 Y-214.105 Z-0.600 F400.000
G1 X-20.390 Y-213.846 Z-0.600 F400.000
G1 X-20.283 Y-213.446 Z-0.600 F400.000
G1 X-20.183 Y-213.205 Z-0.600 F400.000
G1 X-19.975 Y-212.846 Z-0.600 F400.000
G1 X-19.817 Y-212.639 Z-0.600 F400.000
G1 X-19.524 Y-212.346 Z-0.600 F400.000
G1 X-19.316 Y-212.187 Z-0.600 F400.000
G1 X-18.958 Y-211.980 Z-0.600 F400.000
G1 X-18.716 Y-211.880 Z-0.600 F400.000
G1 X-18.316 Y-211.773 Z-0.600 F400.000
G1 X-18.057 Y-211.739 Z-0.600 F400.000
G1 X-17.850 Y-211.725 Z-0.600 F400.000
G1 X-16.445 Y-211.725 Z-0.600 F400.000
G1 X-16.336 Y-211.714 Z-0.600 F400.000
G1 X-16.307 Y-211.706 Z-0.600 F400.000
G1 X-16.281 Y-211.691 Z-0.600 F400.000
G1 X-16.257 Y-211.672 Z-0.600 F400.000
G1 X-16.238 Y-211.649 Z-0.600 F400.000
G1 X-16.224 Y-211.622 Z-0.600 F400.000
G1 X-16.215 Y-211.593 Z-0.600 F400.000
G1 X-16.204 Y-211.485 Z-0.600 F400.000
G1 X-16.204 Y-208.593 Z-0.600 F400.000
G1 X-16.207 Y-208.533 Z-0.600 F400.000
G1 X-16.210 Y-208.515 Z-0.600 F400.000
G1 X-16.215 Y-208.499 Z-0.600 F400.000
G1 X-16.238 Y-208.442 Z-0.600 F400.000
G1 X-20.159 Y-200.027 Z-0.600 F400.000
G1 X-20.286 Y-199.686 Z-0.600 F400.000
G1 X-20.375 Y-199.333 Z-0.600 F400.000
G1 X-20.425 Y-198.973 Z-0.600 F400.000
G1 X-20.437 Y-198.696 Z-0.600 F400.000
G1 X-20.437 Y-175.828 Z-0.600 F400.000
G1 X-20.424 Y-175.621 Z-0.600 F400.000
G1 X-20.390 Y-175.362 Z-0.600 F400.000
G1 X-20.283 Y-174.962 Z-0.600 F400.000
G1 X-20.183 Y-174.721 Z-0.600 F400.000
G1 X-19.975 Y-174.362 Z-0.600 F400.000
G1 X-19.817 Y-174.155 Z-0.600 F400.000
G1 X-19.524 Y-173.862 Z-0.600 F400.000
G1 X-19.316 Y-173.703 Z-0.600 F400.000
G1 X-18.958 Y-173.496 Z-0.600 F400.000
G1 X-18.716 Y-173.396 Z-0.600 F400.000
G1 X-18.316 Y-173.289 Z-0.600 F400.000
G1 X-18.057 Y-173.255 Z-0.600 F400.000
G1 X-17.850 Y-173.241 Z-0.600 F400.000
G1 X-16.445 Y-173.241 Z-0.600 F400.000
G1 X-16.336 Y-173.230 Z-0.600 F400.000
G1 X-16.307 Y-173.222 Z-0.600 F400.000
G1 X-16.281 Y-173.207 Z-0.600 F400.000
G1 X-16.257 Y-173.188 Z-0.600 F400.000
G1 X-16.238 Y-173.164 Z-0.600 F400.000
G1 X-16.224 Y-173.138 Z-0.600 F400.000
G1 X-16.215 Y-173.109 Z-0.600 F400.000
G1 X-16.204 Y-173.000 Z-0.600 F400.000
G1 X-16.204 Y-170.109 Z-0.600 F400.000
G1 X-16.207 Y-170.049 Z-0.600 F400.000
G1 X-16.210 Y-170.031 Z-0.600 F400.000
G1 X-16.215 Y-170.015 Z-0.600 F400.000
G1 X-16.238 Y-169.958 Z-0.600 F400.000
G1 X-20.159 Y-161.543 Z-0.600 F400.000
G1 X-20.286 Y-161.202 Z-0.600 F400.000
G1 X-20.375 Y-160.849 Z-0.600 F400.000
G1 X-20.425 Y-160.489 Z-0.600 F400.000
G1 X-20.437 Y-160.212 Z-0.600 F400.000
G1 X-20.437 Y-137.344 Z-0.600 F400.000
G1 X-20.424 Y-137.137 Z-0.600 F400.000
G1 X-20.390 Y-136.878 Z-0.600 F400.000
G1 X-20.283 Y-136.478 Z-0.600 F400.000
G1 X-20.183 Y-136.237 Z-0.600 F400.000
G1 X-19.975 Y-135.878 Z-0.600 F400.000
G1 X-19.817 Y-135.671 Z-0.600 F400.000
G1 X-19.524 Y-135.378 Z-0.600 F400.000
G1 X-19.316 Y-135.219 Z-0.600 F400.000
G1 X-18.958 Y-135.012 Z-0.600 F400.000
G1 X-18.716 Y-134.912 Z-0.600 F400.000
G1 X-18.316 Y-134.805 Z-0.600 F400.000
G1 X-18.057 Y-134.771 Z-0.600 F400.000
G1 X-17.850 Y-134.757 Z-0.600 F400.000
G1 X-16.445 Y-134.757 Z-0.600 F400.000
G1 X-16.336 Y-134.746 Z-0.600 F400.000
G1 X-16.307 Y-134.738 Z-0.600 F400.000
G1 X-16.281 Y-134.723 Z-0.600 F400.000
G1 X-16.257 Y-134.704 Z-0.600 F400.000
G1 X-16.238 Y-134.680 Z-0.600 F400.000
G1 X-16.224 Y-134.654 Z-0.600 F400.000
G1 X-16.215 Y-134.625 Z-0.600 F400.000
G1 X-16.204 Y-134.516 Z-0.600 F400.000
G1 X-16.204 Y-131.625 Z-0.600 F400.000
G1 X-16.207 Y-131.565 Z-0.600 F400.000
G1 X-16.210 Y-131.547 Z-0.600 F400.000
G1 X-16.215 Y-131.531 Z-0.600 F400.000
G1 X-16.238 Y-131.474 Z-0.600 F400.000
G1 X-20.159 Y-123.059 Z-0.600 F400.000
G1 X-20.286 Y-122.718 Z-0.600 F400.000
G1 X-20.375 Y-122.365 Z-0.600 F400.000
G1 X-20.425 Y-122.005 Z-0.600 F400.000
G1 X-20.437 Y-121.728 Z-0.600 F400.000
G1 X-20.437 Y-98.860 Z-0.600 F400.000
G1 X-20.424 Y-98.653 Z-0.600 F400.000
G1 X-20.390 Y-98.394 Z-0.600 F400.000
G1 X-20.283 Y-97.994 Z-0.600 F400.000
G1 X-20.183 Y-97.753 Z-0.600 F400.000
G1 X-19.975 Y-97.394 Z-0.600 F400.000
G1 X-19.817 Y-97.187 Z-0.600 F400.000
G1 X-19.524 Y-96.894 Z-0.600 F400.000
G1 X-19.316 Y-96.735 Z-0.600 F400.000
G1 X-18.958 Y-96.528 Z-0.600 F400.000
G1 X-18.716 Y-96.428 Z-0.600 F400.000
G1 X-18.316 Y-96.321 Z-0.600 F400.000
G1 X-18.057 Y-96.287 Z-0.600 F400.000
G1 X-17.850 Y-96.273 Z-0.600 F400.000
G1 X-16.445 Y-96.273 Z-0.600 F400.000
G1 X-16.336 Y-96.262 Z-0.600 F400.000
G1 X-16.307 Y-96.253 Z-0.600 F400.000
G1 X-16.281 Y-96.239 Z-0.600 F400.000
G1 X-16.257 Y-96.220 Z-0.600 F400.000
G1 X-16.238 Y-96.196 Z-0.600 F400.000
G1 X-16.224 Y-96.170 Z-0.600 F400.000
G1 X-16.215 Y-96.141 Z-0.600 F400.000
G1 X-16.204 Y-96.032 Z-0.600 F400.000
G1 X-16.204 Y-93.141 Z-0.600 F400.000
G1 X-16.207 Y-93.081 Z-0.600 F400.000
G1 X-16.210 Y-93.063 Z-0.600 F400.000
G1 X-16.215 Y-93.046 Z-0.600 F400.000
G1 X-16.238 Y-92.990 Z-0.600 F400.000
G1 X-20.159 Y-84.575 Z-0.600 F400.000
G1 X-20.286 Y-84.234 Z-0.600 F400.000
G1 X-20.375 Y-83.881 Z-0.600 F400.000
G1 X-20.425 Y-83.521 Z-0.600 F400.000
G1 X-20.437 Y-83.244 Z-0.600 F400.000
G1 X-20.437 Y-60.376 Z-0.600 F400.000
G1 X-20.424 Y-60.169 Z-0.600 F400.000
G1 X-20.390 Y-59.910 Z-0.600 F400.000
G1 X-20.283 Y-59.510 Z-0.600 F400.000
G1 X-20.183 Y-59.269 Z-0.600 F400.000
G1 X-19.975 Y-58.910 Z-0.600 F400.000
G1 X-19.817 Y-58.703 Z-0.600 F400.000
G1 X-19.524 Y-58.410 Z-0.600 F400.000
G1 X-19.316 Y-58.251 Z-0.600 F400.000
G1 X-18.958 Y-58.044 Z-0.600 F400.000
G1 X-18.716 Y-57.944 Z-0.600 F400.000
G1 X-18.316 Y-57.837 Z-0.600 F400.000
G1 X-18.057 Y-57.803 Z-0.600 F400.000
G1 X-17.850 Y-57.789 Z-0.600 F400.000
G1 X-16.445 Y-57.789 Z-0.600 F400.000
G1 X-16.336 Y-57.778 Z-0.600 F400.000
G1 X-16.307 Y-57.769 Z-0.600 F400.000
G1 X-16.281 Y-57.755 Z-0.600 F400.000
G1 X-16.257 Y-57.736 Z-0.600 F400.000
G1 X-16.238 Y-57.712 Z-0.600 F400.000
G1 X-16.224 Y-57.686 Z-0.600 F400.000
G1 X-16.215 Y-57.657 Z-0.600 F400.000
G1 X-16.204 Y-57.548 Z-0.600 F400.000
G1 X-16.204 Y-54.657 Z-0.600 F400.000
G1 X-16.207 Y-54.597 Z-0.600 F400.000
G1 X-16.210 Y-54.579 Z-0.600 F400.000
G1 X-16.215 Y-54.562 Z-0.600 F400.000
G1 X-16.238 Y-54.506 Z-0.600 F400.000
G1 X-20.159 Y-46.091 Z-0.600 F400.000
G1 X-20.286 Y-45.750 Z-0.600 F400.000
G1 X-20.375 Y-45.397 Z-0.600 F400.000
G1 X-20.425 Y-45.037 Z-0.600 F400.000
G1 X-20.437 Y-44.760 Z-0.600 F400.000
G1 X-20.430 Y-36.124 Z-0.600 F400.000
G1 X-20.396 Y-35.783 Z-0.600 F400.000
G1 X-20.336 Y-35.477 Z-0.600 F400.000
G1 X-20.236 Y-35.149 Z-0.600 F400.000
G1 X-20.117 Y-34.862 Z-0.600 F400.000
G1 X-19.955 Y-34.559 Z-0.600 F400.000
G1 X-19.782 Y-34.300 Z-0.600 F400.000
G1 X-19.565 Y-34.035 Z-0.600 F400.000
G1 X-19.345 Y-33.815 Z-0.600 F400.000
G1 X-19.079 Y-33.597 Z-0.600 F400.000
G1 X-18.821 Y-33.424 Z-0.600 F400.000
G1 X-18.518 Y-33.263 Z-0.600 F400.000
G1 X-18.231 Y-33.144 Z-0.600 F400.000
G1 X-17.902 Y-33.044 Z-0.600 F400.000
G1 X-17.597 Y-32.983 Z-0.600 F400.000
G1 X-17.100 Y-32.942 Z-0.600 F400.000
G1 X-14.328 Y-32.942 Z-0.600 F400.000
G1 X-14.220 Y-32.931 Z-0.600 F400.000
G1 X-14.191 Y-32.923 Z-0.600 F400.000
G1 X-14.164 Y-32.908 Z-0.600 F400.000
G1 X-14.141 Y-32.889 Z-0.600 F400.000
G1 X-14.121 Y-32.866 Z-0.600 F400.000
G1 X-14.107 Y-32.839 Z-0.600 F400.000
G1 X-14.098 Y-32.810 Z-0.600 F400.000
G1 X-14.088 Y-32.702 Z-0.600 F400.000
G1 X-14.087 Y-30.995 Z-0.600 F400.000
G1 X-14.098 Y-30.887 Z-0.600 F400.000
G1 X-14.107 Y-30.858 Z-0.600 F400.000
G1 X-14.121 Y-30.831 Z-0.600 F400.000
G1 X-14.141 Y-30.808 Z-0.600 F400.000
G1 X-14.164 Y-30.788 Z-0.600 F400.000
G1 X-14.191 Y-30.774 Z-0.600 F400.000
G1 X-14.220 Y-30.765 Z-0.600 F400.000
G1 X-14.330 Y-30.754 Z-0.600 F400.000
G1 X-17.256 Y-30.747 Z-0.600 F400.000
G1 X-17.597 Y-30.713 Z-0.600 F400.000
G1 X-17.902 Y-30.653 Z-0.600 F400.000
G1 X-18.231 Y-30.553 Z-0.600 F400.000
G1 X-18.518 Y-30.434 Z-0.600 F400.000
G1 X-18.821 Y-30.272 Z-0.600 F400.000
G1 X-19.079 Y-30.099 Z-0.600 F400.000
G1 X-19.345 Y-29.882 Z-0.600 F400.000
G1 X-19.565 Y-29.662 Z-0.600 F400.000
G1 X-19.782 Y-29.396 Z-0.600 F400.000
G1 X-19.955 Y-29.138 Z-0.600 F400.000
G1 X-20.117 Y-28.835 Z-0.600 F400.000
G1 X-20.236 Y-28.548 Z-0.600 F400.000
G1 X-20.336 Y-28.219 Z-0.600 F400.000
G1 X-20.396 Y-27.914 Z-0.600 F400.000
G1 X-20.437 Y-27.417 Z-0.600 F400.000
G1 X-20.437 Y-3.500 Z-0.600 F400.000
G0 X-20.437 Y-3.500 Z5.000
G0 X-20.437 Y-228.500 Z5.000
G0 X-20.437 Y-228.500 Z3.000
G1 X-20.437 Y-214.313 Z2.505 F400.000
G1 X-20.424 Y-214.105 Z2.497 F400.000
G1 X-20.390 Y-213.846 Z2.488 F400.000
G1 X-20.283 Y-213.446 Z2.474 F400.000
G1 X-20.183 Y-213.205 Z2.465 F400.000
G1 X-19.975 Y-212.846 Z2.450 F400.000
G1 X-19.817 Y-212.639 Z2.441 F400.000
G1 X-19.524 Y-212.346 Z2.427 F400.000
G1 X-19.316 Y-212.187 Z2.417 F400.000
G1 X-18.958 Y-211.980 Z2.403 F400.000
G1 X-18.716 Y-211.880 Z2.394 F400.000
G1 X-18.316 Y-211.773 Z2.379 F400.000
G1 X-18.057 Y-211.739 Z2.370 F400.000
G1 X-17.850 Y-211.725 Z2.363 F400.000
G1 X-16.445 Y-211.725 Z2.314 F400.000
G1 X-16.336 Y-211.714 Z2.310 F400.000
G1 X-16.307 Y-211.706 Z2.309 F400.000
G1 X-16.281 Y-211.691 Z2.308 F400.000
G1 X-16.257 Y-211.672 Z2.307 F400.000
G1 X-16.238 Y-211.649 Z2.306 F400.000
G1 X-16.224 Y-211.622 Z2.305 F400.000
G1 X-16.215 Y-211.593 Z2.304 F400.000
G1 X-16.204 Y-211.485 Z2.300 F400.000
G1 X-16.204 Y-208.593 Z2.199 F400.000
G1 X-16.207 Y-208.533 Z2.197 F400.000
G1 X-16.210 Y-208.515 Z2.196 F400.000
G1 X-16.215 Y-208.499 Z2.196 F400.000
G1 X-16.238 Y-208.442 Z2.194 F400.000
G1 X-20.159 Y-200.027 Z1.869 F400.000
G1 X-20.286 Y-199.686 Z1.857 F400.000
G1 X-20.375 Y-199.333 Z1.844 F400.000
G1 X-20.425 Y-198.973 Z1.831 F400.000
G1 X-20.437 Y-198.696 Z1.822 F400.000
G1 X-20.437 Y-178.033 Z1.100 F400.000
G1 X-20.437 Y-198.696 Z0.378 F400.000
G1 X-20.425 Y-198.973 Z0.369 F400.000
G1 X-20.375 Y-199.333 Z0.356 F400.000
G1 X-20.286 Y-199.686 Z0.343 F400.000
G1 X-20.159 Y-200.027 Z0.331 F400.000
G1 X-16.238 Y-208.442 Z0.006 F400.000
G1 X-16.215 Y-208.499 Z0.004 F400.000
G1 X-16.210 Y-208.515 Z0.004 F400.000
G1 X-16.207 Y-208.533 Z0.003 F400.000
G1 X-16.204 Y-208.593 Z0.001 F400.000
G1 X-16.204 Y-211.485 Z-0.100 F400.000
G1 X-16.215 Y-211.593 Z-0.104 F400.000
G1 X-16.224 Y-211.622 Z-0.105 F400.000
G1 X-16.238 Y-211.649 Z-0.106 F400.000
G1 X-16.257 Y-211.672 Z-0.107 F400.000
G1 X-16.281 Y-211.691 Z-0.108 F400.000
G1 X-16.307 Y-211.706 Z-0.109 F400.000
G1 X-16.336 Y-211.714 Z-0.110 F400.000
G1 X-16.445 Y-211.725 Z-0.114 F400.000
G1 X-17.850 Y-211.725 Z-0.163 F400.000
G1 X-18.057 Y-211.739 Z-0.170 F400.000
G1 X-18.316 Y-211.773 Z-0.179 F400.000
G1 X-18.716 Y-211.880 Z-0.194 F400.000
G1 X-18.958 Y-211.980 Z-0.203 F400.000
G1 X-19.316 Y-212.187 Z-0.217 F400.000
G1 X-19.524 Y-212.346 Z-0.227 F400.000
G1 X-19.817 Y-212.639 Z-0.241 F400.000
G1 X-19.975 Y-212.846 Z-0.250 F400.000
G1 X-20.183 Y-213.205 Z-0.265 F400.000
G1 X-20.283 Y-213.446 Z-0.274 F400.000
G1 X-20.390 Y-213.846 Z-0.288 F400.000
G1 X-20.424 Y-214.105 Z-0.297 F400.000
G1 X-20.437 Y-214.313 Z-0.305 F400.000
G1 X-20.437 Y-228.500 Z-0.800 F400.000
G1 X-20.437 Y-214.313 Z-0.800 F400.000
G1 X-20.424 Y-214.105 Z-0.800 F400.000
G1 X-20.390 Y-213.846 Z-0.800 F400.000
G1 X-20.283 Y-213.446 Z-0.800 F400.000
G1 X-20.183 Y-213.205 Z-0.800 F400.000
G1 X-19.975 Y-212.846 Z-0.800 F400.000
G1 X-19.817 Y-212.639 Z-0.800 F400.000
G1 X-19.524 Y-212.346 Z-0.800 F400.000
G1 X-19.316 Y-212.187 Z-0.800 F400.000
G1 X-18.958 Y-211.980 Z-0.800 F400.000
G1 X-18.716 Y-211.880 Z-0.800 F400.000
G1 X-18.316 Y-211.773 Z-0.800 F400.000
G1 X-18.057 Y-211.739 Z-0.800 F400.000
G1 X-17.850 Y-211.725 Z-0.800 F400.000
G1 X-16.445 Y-211.725 Z-0.800 F400.000
G1 X-16.336 Y-211.714 Z-0.800 F400.000
G1 X-16.307 Y-211.706 Z-0.800 F400.000
G1 X-16.281 Y-211.691 Z-0.800 F400.000
G1 X-16.257 Y-211.672 Z-0.800 F400.000
G1 X-16.238 Y-211.649 Z-0.800 F400.000
G1 X-16.224 Y-211.622 Z-0.800 F400.000
G1 X-16.215 Y-211.593 Z-0.800 F400.000
G1 X-16.204 Y-211.485 Z-0.800 F400.000
G1 X-16.204 Y-208.593 Z-0.800 F400.000
G1 X-16.207 Y-208.533 Z-0.800 F400.000
G1 X-16.210 Y-208.515 Z-0.800 F400.000
G1 X-16.215 Y-208.499 Z-0.800 F400.000
G1 X-16.238 Y-208.442 Z-0.800 F400.000
G1 X-20.159 Y-200.027 Z-0.800 F400.000
G1 X-20.286 Y-199.686 Z-0.800 F400.000
G1 X-20.375 Y-199.333 Z-0.800 F400.000
G1 X-20.425 Y-198.973 Z-0.800 F400.000
G1 X-20.437 Y-198.696 Z-0.800 F400.000
G1 X-20.437 Y-175.828 Z-0.800 F400.000
G1 X-20.424 Y-175.621 Z-0.800 F400.000
G1 X-20.390 Y-175.362 Z-0.800 F400.000
G1 X-20.283 Y-174.962 Z-0.800 F400.000
G1 X-20.183 Y-174.721 Z-0.800 F400.000
G1 X-19.975 Y-174.362 Z-0.800 F400.000
G1 X-19.817 Y-174.155 Z-0.800 F400.000
G1 X-19.524 Y-173.862 Z-0.800 F400.000
G1 X-19.316 Y-173.703 Z-0.800 F400.000
G1 X-18.958 Y-173.496 Z-0.800 F400.000
G1 X-18.716 Y-173.396 Z-0.800 F400.000
G1 X-18.316 Y-173.289 Z-0.800 F400.000
G1 X-18.057 Y-173.255 Z-0.800 F400.000
G1 X-17.850 Y-173.241 Z-0.800 F400.000
G1 X-16.445 Y-173.241 Z-0.800 F400.000
G1 X-16.336 Y-173.230 Z-0.800 F400.000
G1 X-16.307 Y-173.222 Z-0.800 F400.000
G1 X-16.281 Y-173.207 Z-0.800 F400.000
G1 X-16.257 Y-173.188 Z-0.800 F400.000
G1 X-16.238 Y-173.164 Z-0.800 F400.000
G1 X-16.224 Y-173.138 Z-0.800 F400.000
G1 X-16.215 Y-173.109 Z-0.800 F400.000
G1 X-16.204 Y-173.000 Z-0.800 F400.000
G1 X-16.204 Y-170.109 Z-0.800 F400.000
G1 X-16.207 Y-170.049 Z-0.800 F400.000
G1 X-16.210 Y-170.031 Z-0.800 F400.000
G1 X-16.215 Y-170.015 Z-0.800 F400.000
G1 X-16.238 Y-169.958 Z-0.800 F400.000
G1 X-20.159 Y-161.543 Z-0.800 F400.000
G1 X-20.286 Y-161.202 Z-0.800 F400.000
G1 X-20.375 Y-160.849 Z-0.800 F400.000
G1 X-20.425 Y-160.489 Z-0.800 F400.000
G1 X-20.437 Y-160.212 Z-0.800 F400.000
G1 X-20.437 Y-137.344 Z-0.800 F400.000
G1 X-20.424 Y-137.137 Z-0.800 F400.000
G1 X-20.390 Y-136.878 Z-0.800 F400.000
G1 X-20.283 Y-136.478 Z-0.800 F400.000
G1 X-20.183 Y-136.237 Z-0.800 F400.000
G1 X-19.975 Y-135.878 Z-0.800 F400.000
G1 X-19.817 Y-135.671 Z-0.800 F400.000
G1 X-19.524 Y-135.378 Z-0.800 F400.000
G1 X-19.316 Y-135.219 Z-0.800 F400.000
G1 X-18.958 Y-135.012 Z-0.800 F400.000
G1 X-18.716 Y-134.912 Z-0.800 F400.000
G1 X-18.316 Y-134.805 Z-0.800 F400.000
G1 X-18.057 Y-134.771 Z-0.800 F400.000
G1 X-17.850 Y-134.757 Z-0.800 F400.000
G1 X-16.445 Y-134.757 Z-0.800 F400.000
G1 X-16.336 Y-134.746 Z-0.800 F400.000
G1 X-16.307 Y-134.738 Z-0.800 F400.000
G1 X-16.281 Y-134.723 Z-0.800 F400.000
G1 X-16.257 Y-134.704 Z-0.800 F400.000
G1 X-16.238 Y-134.680 Z-0.800 F400.000
G1 X-16.224 Y-134.654 Z-0.800 F400.000
G1 X-16.215 Y-134.625 Z-0.800 F400.000
G1 X-16.204 Y-134.516 Z-0.800 F400.000
G1 X-16.204 Y-131.625 Z-0.800 F400.000
G1 X-16.207 Y-131.565 Z-0.800 F400.000
G1 X-16.210 Y-131.547 Z-0.800 F400.000
G1 X-16.215 Y-131.531 Z-0.800 F400.000
G1 X-16.238 Y-131.474 Z-0.800 F400.000
G1 X-20.159 Y-123.059 Z-0.800 F400.000
G1 X-20.286 Y-122.718 Z-0.800 F400.000
G1 X-20.375 Y-122.365 Z-0.800 F400.000
G1 X-20.425 Y-122.005 Z-0.800 F400.000
G1 X-20.437 Y-121.728 Z-0.800 F400.000
G1 X-20.437 Y-98.860 Z-0.800 F400.000
G1 X-20.424 Y-98.653 Z-0.800 F400.000
G1 X-20.390 Y-98.394 Z-0.800 F400.000
G1 X-20.283 Y-97.994 Z-0.800 F400.000
G1 X-20.183 Y-97.753 Z-0.800 F400.000
G1 X-19.975 Y-97.394 Z-0.800 F400.000
G1 X-19.817 Y-97.187 Z-0.800 F400.000
G1 X-19.524 Y-96.894 Z-0.800 F400.000
G1 X-19.316 Y-96.735 Z-0.800 F400.000
G1 X-18.958 Y-96.528 Z-0.800 F400.000
G1 X-18.716 Y-96.428 Z-0.800 F400.000
G1 X-18.316 Y-96.321 Z-0.800 F400.000
G1 X-18.057 Y-96.287 Z-0.800 F400.000
G1 X-17.850 Y-96.273 Z-0.800 F400.000
G1 X-16.445 Y-96.273 Z-0.800 F400.000
G1 X-16.336 Y-96.262 Z-0.800 F400.000
G1 X-16.307 Y-96.253 Z-0.800 F400.000
G1 X-16.281 Y-96.239 Z-0.800 F400.000
G1 X-16.257 Y-96.220 Z-0.800 F400.000
G1 X-16.238 Y-96.196 Z-0.800 F400.000
G1 X-16.224 Y-96.170 Z-0.800 F400.000
G1 X-16.215 Y-96.141 Z-0.800 F400.000
G1 X-16.204 Y-96.032 Z-0.800 F400.000
G1 X-16.204 Y-93.141 Z-0.800 F400.000
G1 X-16.207 Y-93.081 Z-0.800 F400.000
G1 X-16.210 Y-93.063 Z-0.800 F400.000
G1 X-16.215 Y-93.046 Z-0.800 F400.000
G1 X-16.238 Y-92.990 Z-0.800 F400.000
G1 X-20.159 Y-84.575 Z-0.800 F400.000
G1 X-20.286 Y-84.234 Z-0.800 F400.000
G1 X-20.375 Y-83.881 Z-0.800 F400.000
G1 X-20.425 Y-83.521 Z-0.800 F400.000
G1 X-20.437 Y-83.244 Z-0.800 F400.000
G1 X-20.437 Y-60.376 Z-0.800 F400.000
G1 X-20.424 Y-60.169 Z-0.800 F400.000
G1 X-20.390 Y-59.910 Z-0.800 F400.000
G1 X-20.283 Y-59.510 Z-0.800 F400.000
G1 X-20.183 Y-59.269 Z-0.800 F400.000
G1 X-19.975 Y-58.910 Z-0.800 F400.000
G1 X-19.817 Y-58.703 Z-0.800 F400.000
G1 X-19.524 Y-58.410 Z-0.800 F400.000
G1 X-19.316 Y-58.251 Z-0.800 F400.000
G1 X-18.958 Y-58.044 Z-0.800 F400.000
G1 X-18.716 Y-57.944 Z-0.800 F400.000
G1 X-18.316 Y-57.837 Z-0.800 F400.000
G1 X-18.057 Y-57.803 Z-0.800 F400.000
G1 X-17.850 Y-57.789 Z-0.800 F400.000
G1 X-16.445 Y-57.789 Z-0.800 F400.000
G1 X-16.336 Y-57.778 Z-0.800 F400.000
G1 X-16.307 Y-57.769 Z-0.800 F400.000
G1 X-16.281 Y-57.755 Z-0.800 F400.000
G1 X-16.257 Y-57.736 Z-0.800 F400.000
G1 X-16.238 Y-57.712 Z-0.800 F400.000
G1 X-16.224 Y-57.686 Z-0.800 F400.000
G1 X-16.215 Y-57.657 Z-0.800 F400.000
G1 X-16.204 Y-57.548 Z-0.800 F400.000
G1 X-16.204 Y-54.657 Z-0.800 F400.000
G1 X-16.207 Y-54.597 Z-0.800 F400.000
G1 X-16.210 Y-54.579 Z-0.800 F400.000
G1 X-16.215 Y-54.562 Z-0.800 F400.000
G1 X-16.238 Y-54.506 Z-0.800 F400.000
G1 X-20.159 Y-46.091 Z-0.800 F400.000
G1 X-20.286 Y-45.750 Z-0.800 F400.000
G1 X-20.375 Y-45.397 Z-0.800 F400.000
G1 X-20.425 Y-45.037 Z-0.800 F400.000
G1 X-20.437 Y-44.760 Z-0.800 F400.000
G1 X-20.430 Y-36.124 Z-0.800 F400.000
G1 X-20.396 Y-35.783 Z-0.800 F400.000
G1 X-20.336 Y-35.477 Z-0.800 F400.000
G1 X-20.236 Y-35.149 Z-0.800 F400.000
G1 X-20.117 Y-34.862 Z-0.800 F400.000
G1 X-19.955 Y-34.559 Z-0.800 F400.000
G1 X-19.782 Y-34.300 Z-0.800 F400.000
G1 X-19.565 Y-34.035 Z-0.800 F400.000
G1 X-19.345 Y-33.815 Z-0.800 F400.000
G1 X-19.079 Y-33.597 Z-0.800 F400.000
G1 X-18.821 Y-33.424 Z-0.800 F400.000
G1 X-18.518 Y-33.263 Z-0.800 F400.000
G1 X-18.231 Y-33.144 Z-0.800 F400.000
G1 X-17.902 Y-33.044 Z-0.800 F400.000
G1 X-17.597 Y-32.983 Z-0.800 F400.000
G1 X-17.100 Y-32.942 Z-0.800 F400.000
G1 X-14.328 Y-32.942 Z-0.800 F400.000
G1 X-14.220 Y-32.931 Z-0.800 F400.000
G1 X-14.191 Y-32.923 Z-0.800 F400.000
G1 X-14.164 Y-32.908 Z-0.800 F400.000
G1 X-14.141 Y-32.889 Z-0.800 F400.000
G1 X-14.121 Y-32.866 Z-0.800 F400.000
G1 X-14.107 Y-32.839 Z-0.800 F400.000
G1 X-14.098 Y-32.810 Z-0.800 F400.000
G1 X-14.088 Y-32.702 Z-0.800 F400.000
G1 X-14.087 Y-30.995 Z-0.800 F400.000
G1 X-14.098 Y-30.887 Z-0.800 F400.000
G1 X-14.107 Y-30.858 Z-0.800 F400.000
G1 X-14.121 Y-30.831 Z-0.800 F400.000
G1 X-14.141 Y-30.808 Z-0.800 F400.000
G1 X-14.164 Y-30.788 Z-0.800 F400.000
G1 X-14.191 Y-30.774 Z-0.800 F400.000
G1 X-14.220 Y-30.765 Z-0.800 F400.000
G1 X-14.330 Y-30.754 Z-0.800 F400.000
G1 X-17.256 Y-30.747 Z-0.800 F400.000
G1 X-17.597 Y-30.713 Z-0.800 F400.000
G1 X-17.902 Y-30.653 Z-0.800 F400.000
G1 X-18.231 Y-30.553 Z-0.800 F400.000
G1 X-18.518 Y-30.434 Z-0.800 F400.000
G1 X-18.821 Y-30.272 Z-0.800 F400.000
G1 X-19.079 Y-30.099 Z-0.800 F400.000
G1 X-19.345 Y-29.882 Z-0.800 F400.000
G1 X-19.565 Y-29.662 Z-0.800 F400.000
G1 X-19.782 Y-29.396 Z-0.800 F400.000
G1 X-19.955 Y-29.138 Z-0.800 F400.000
G1 X-20.117 Y-28.835 Z-0.800 F400.000
G1 X-20.236 Y-28.548 Z-0.800 F400.000
G1 X-20.336 Y-28.219 Z-0.800 F400.000
G1 X-20.396 Y-27.914 Z-0.800 F400.000
G1 X-20.437 Y-27.417 Z-0.800 F400.000
G1 X-20.437 Y-3.500 Z-0.800 F400.000
G0 X-20.437 Y-3.500 Z5.000
G0 X-20.437 Y-228.500 Z5.000
G0 X-20.437 Y-228.500 Z3.000
G1 X-20.437 Y-214.313 Z2.505 F400.000
G1 X-20.424 Y-214.105 Z2.497 F400.000
G1 X-20.390 Y-213.846 Z2.488 F400.000
G1 X-20.283 Y-213.446 Z2.474 F400.000
G1 X-20.183 Y-213.205 Z2.465 F400.000
G1 X-19.975 Y-212.846 Z2.450 F400.000
G1 X-19.817 Y-212.639 Z2.441 F400.000
G1 X-19.524 Y-212.346 Z2.427 F400.000
G1 X-19.316 Y-212.187 Z2.417 F400.000
G1 X-18.958 Y-211.980 Z2.403 F400.000
G1 X-18.716 Y-211.880 Z2.394 F400.000
G1 X-18.316 Y-211.773 Z2.379 F400.000
G1 X-18.057 Y-211.739 Z2.370 F400.000
G1 X-17.850 Y-211.725 Z2.363 F400.000
G1 X-16.445 Y-211.725 Z2.314 F400.000
G1 X-16.336 Y-211.714 Z2.310 F400.000
G1 X-16.307 Y-211.706 Z2.309 F400.000
G1 X-16.281 Y-211.691 Z2.308 F400.000
G1 X-16.257 Y-211.672 Z2.307 F400.000
G1 X-16.238 Y-211.649 Z2.306 F400.000
G1 X-16.224 Y-211.622 Z2.305 F400.000
G1 X-16.215 Y-211.593 Z2.304 F400.000
G1 X-16.204 Y-211.485 Z2.300 F400.000
G1 X-16.204 Y-208.593 Z2.199 F400.000
G1 X-16.207 Y-208.533 Z2.197 F400.000
G1 X-16.210 Y-208.515 Z2.196 F400.000
G1 X-16.215 Y-208.499 Z2.196 F400.000
G1 X-16.238 Y-208.442 Z2.194 F400.000
G1 X-20.159 Y-200.027 Z1.869 F400.000
G1 X-20.286 Y-199.686 Z1.857 F400.000
G1 X-20.375 Y-199.333 Z1.844 F400.000
G1 X-20.425 Y-198.973 Z1.831 F400.000
G1 X-20.437 Y-198.696 Z1.822 F400.000
G1 X-20.437 Y-175.828 Z1.023 F400.000
G1 X-20.424 Y-175.621 Z1.016 F400.000
G1 X-20.390 Y-175.362 Z1.007 F400.000
G1 X-20.341 Y-175.179 Z1.000 F400.000
G1 X-20.390 Y-175.362 Z0.993 F400.000
G1 X-20.424 Y-175.621 Z0.984 F400.000
G1 X-20.437 Y-175.828 Z0.977 F400.000
G1 X-20.437 Y-198.696 Z0.178 F400.000
G1 X-20.425 Y-198.973 Z0.169 F400.000
G1 X-20.375 Y-199.333 Z0.156 F400.000
G1 X-20.286 Y-199.686 Z0.143 F400.000
G1 X-20.159 Y-200.027 Z0.131 F400.000
G1 X-16.238 Y-208.442 Z-0.194 F400.000
G1 X-16.215 Y-208.499 Z-0.196 F400.000
G1 X-16.210 Y-208.515 Z-0.196 F400.000
G1 X-16.207 Y-208.533 Z-0.197 F400.000
G1 X-16.204 Y-208.593 Z-0.199 F400.000
G1 X-16.204 Y-211.485 Z-0.300 F400.000
G1 X-16.215 Y-211.593 Z-0.304 F400.000
G1 X-16.224 Y-211.622 Z-0.305 F400.000
G1 X-16.238 Y-211.649 Z-0.306 F400.000
G1 X-16.257 Y-211.672 Z-0.307 F400.000
G1 X-16.281 Y-211.691 Z-0.308 F400.000
G1 X-16.307 Y-211.706 Z-0.309 F400.000
G1 X-16.336 Y-211.714 Z-0.310 F400.000
G1 X-16.445 Y-211.725 Z-0.314 F400.000
G1 X-17.850 Y-211.725 Z-0.363 F400.000
G1 X-18.057 Y-211.739 Z-0.370 F400.000
G1 X-18.316 Y-211.773 Z-0.379 F400.000
G1 X-18.716 Y-211.880 Z-0.394 F400.000
G1 X-18.958 Y-211.980 Z-0.403 F400.000
G1 X-19.316 Y-212.187 Z-0.417 F400.000
G1 X-19.524 Y-212.346 Z-0.427 F400.000
G1 X-19.817 Y-212.639 Z-0.441 F400.000
G1 X-19.975 Y-212.846 Z-0.450 F400.000
G1 X-20.183 Y-213.205 Z-0.465 F400.000
G1 X-20.283 Y-213.446 Z-0.474 F400.000
G1 X-20.390 Y-213.846 Z-0.488 F400.000
G1 X-20.424 Y-214.105 Z-0.497 F400.000
G1 X-20.437 Y-214.313 Z-0.505 F400.000
G1 X-20.437 Y-228.500 Z-1.000 F400.000
G1 X-20.437 Y-214.313 Z-1.000 F400.000
G1 X-20.424 Y-214.105 Z-1.000 F400.000
G1 X-20.390 Y-213.846 Z-1.000 F400.000
G1 X-20.283 Y-213.446 Z-1.000 F400.000
G1 X-20.183 Y-213.205 Z-1.000 F400.000
G1 X-19.975 Y-212.846 Z-1.000 F400.000
G1 X-19.817 Y-212.639 Z-1.000 F400.000
G1 X-19.524 Y-212.346 Z-1.000 F400.000
G1 X-19.316 Y-212.187 Z-1.000 F400.000
G1 X-18.958 Y-211.980 Z-1.000 F400.000
G1 X-18.716 Y-211.880 Z-1.000 F400.000
G1 X-18.316 Y-211.773 Z-1.000 F400.000
G1 X-18.057 Y-211.739 Z-1.000 F400.000
G1 X-17.850 Y-211.725 Z-1.000 F400.000
G1 X-16.445 Y-211.725 Z-1.000 F400.000
G1 X-16.336 Y-211.714 Z-1.000 F400.000
G1 X-16.307 Y-211.706 Z-1.000 F400.000
G1 X-16.281 Y-211.691 Z-1.000 F400.000
G1 X-16.257 Y-211.672 Z-1.000 F400.000
G1 X-16.238 Y-211.649 Z-1.000 F400.000
G1 X-16.224 Y-211.622 Z-1.000 F400.000
G1 X-16.215 Y-211.593 Z-1.000 F400.000
G1 X-16.204 Y-211.485 Z-1.000 F400.000
G1 X-16.204 Y-208.593 Z-1.000 F400.000
G1 X-16.207 Y-208.533 Z-1.000 F400.000
G1 X-16.210 Y-208.515 Z-1.000 F400.000
G1 X-16.215 Y-208.499 Z-1.000 F400.000
G1 X-16.238 Y-208.442 Z-1.000 F400.000
G1 X-20.159 Y-200.027 Z-1.000 F400.000
G1 X-20.286 Y-199.686 Z-1.000 F400.000
G1 X-20.375 Y-199.333 Z-1.000 F400.000
G1 X-20.425 Y-198.973 Z-1.000 F400.000
G1 X-20.437 Y-198.696 Z-1.000 F400.000
G1 X-20.437 Y-175.828 Z-1.000 F400.000
G1 X-20.424 Y-175.621 Z-1.000 F400.000
G1 X-20.390 Y-175.362 Z-1.000 F400.000
G1 X-20.283 Y-174.962 Z-1.000 F400.000
G1 X-20.183 Y-174.721 Z-1.000 F400.000
G1 X-19.975 Y-174.362 Z-1.000 F400.000
G1 X-19.817 Y-174.155 Z-1.000 F400.000
G1 X-19.524 Y-173.862 Z-1.000 F400.000
G1 X-19.316 Y-173.703 Z-1.000 F400.000
G1 X-18.958 Y-173.496 Z-1.000 F400.000
G1 X-18.716 Y-173.396 Z-1.000 F400.000
G1 X-18.316 Y-173.289 Z-1.000 F400.000
G1 X-18.057 Y-173.255 Z-1.000 F400.000
G1 X-17.850 Y-173.241 Z-1.000 F400.000
G1 X-16.445 Y-173.241 Z-1.000 F400.000
G1 X-16.336 Y-173.230 Z-1.000 F400.000
G1 X-16.307 Y-173.222 Z-1.000 F400.000
G1 X-16.281 Y-173.207 Z-1.000 F400.000
G1 X-16.257 Y-173.188 Z-1.000 F400.000
G1 X-16.238 Y-173.164 Z-1.000 F400.000
G1 X-16.224 Y-173.138 Z-1.000 F400.000
G1 X-16.215 Y-173.109 Z-1.000 F400.000
G1 X-16.204 Y-173.000 Z-1.000 F400.000
G1 X-16.204 Y-170.109 Z-1.000 F400.000
G1 X-16.207 Y-170.049 Z-1.000 F400.000
G1 X-16.210 Y-170.031 Z-1.000 F400.000
G1 X-16.215 Y-170.015 Z-1.000 F400.000
G1 X-16.238 Y-169.958 Z-1.000 F400.000
G1 X-20.159 Y-161.543 Z-1.000 F400.000
G1 X-20.286 Y-161.202 Z-1.000 F400.000
G1 X-20.375 Y-160.849 Z-1.000 F400.000
G1 X-20.425 Y-160.489 Z-1.000 F400.000
G1 X-20.437 Y-160.212 Z-1.000 F400.000
G1 X-20.437 Y-137.344 Z-1.000 F400.000
G1 X-20.424 Y-137.137 Z-1.000 F400.000
G1 X-20.390 Y-136.878 Z-1.000 F400.000
G1 X-20.283 Y-136.478 Z-1.000 F400.000
G1 X-20.183 Y-136.237 Z-1.000 F400.000
G1 X-19.975 Y-135.878 Z-1.000 F400.000
G1 X-19.817 Y-135.671 Z-1.000 F400.000
G1 X-19.524 Y-135.378 Z-1.000 F400.000
G1 X-19.316 Y-135.219 Z-1.000 F400.000
G1 X-18.958 Y-135.012 Z-1.000 F400.000
G1 X-18.716 Y-134.912 Z-1.000 F400.000
G1 X-18.316 Y-134.805 Z-1.000 F400.000
G1 X-18.057 Y-134.771 Z-1.000 F400.000
G1 X-17.850 Y-134.757 Z-1.000 F400.000
G1 X-16.445 Y-134.757 Z-1.000 F400.000
G1 X-16.336 Y-134.746 Z-1.000 F400.000
G1 X-16.307 Y-134.738 Z-1.000 F400.000
G1 X-16.281 Y-134.723 Z-1.000 F400.000
G1 X-16.257 Y-134.704 Z-1.000 F400.000
G1 X-16.238 Y-134.680 Z-1.000 F400.000
G1 X-16.224 Y-134.654 Z-1.000 F400.000
G1 X-16.215 Y-134.625 Z-1.000 F400.000
G1 X-16.204 Y-134.516 Z-1.000 F400.000
G1 X-16.204 Y-131.625 Z-1.000 F400.000
G1 X-16.207 Y-131.565 Z-1.000 F400.000
G1 X-16.210 Y-131.547 Z-1.000 F400.000
G1 X-16.215 Y-131.531 Z-1.000 F400.000
G1 X-16.238 Y-131.474 Z-1.000 F400.000
G1 X-20.159 Y-123.059 Z-1.000 F400.000
G1 X-20.286 Y-122.718 Z-1.000 F400.000
G1 X-20.375 Y-122.365 Z-1.000 F400.000
G1 X-20.425 Y-122.005 Z-1.000 F400.000
G1 X-20.437 Y-121.728 Z-1.000 F400.000
G1 X-20.437 Y-98.860 Z-1.000 F400.000
G1 X-20.424 Y-98.653 Z-1.000 F400.000
G1 X-20.390 Y-98.394 Z-1.000 F400.000
G1 X-20.283 Y-97.994 Z-1.000 F400.000
G1 X-20.183 Y-97.753 Z-1.000 F400.000
G1 X-19.975 Y-97.394 Z-1.000 F400.000
G1 X-19.817 Y-97.187 Z-1.000 F400.000
G1 X-19.524 Y-96.894 Z-1.000 F400.000
G1 X-19.316 Y-96.735 Z-1.000 F400.000
G1 X-18.958 Y-96.528 Z-1.000 F400.000
G1 X-18.716 Y-96.428 Z-1.000 F400.000
G1 X-18.316 Y-96.321 Z-1.000 F400.000
G1 X-18.057 Y-96.287 Z-1.000 F400.000
G1 X-17.850 Y-96.273 Z-1.000 F400.000
G1 X-16.445 Y-96.273 Z-1.000 F400.000
G1 X-16.336 Y-96.262 Z-1.000 F400.000
G1 X-16.307 Y-96.253 Z-1.000 F400.000
G1 X-16.281 Y-96.239 Z-1.000 F400.000
G1 X-16.257 Y-96.220 Z-1.000 F400.000
G1 X-16.238 Y-96.196 Z-1.000 F400.000
G1 X-16.224 Y-96.170 Z-1.000 F400.000
G1 X-16.215 Y-96.141 Z-1.000 F400.000
G1 X-16.204 Y-96.032 Z-1.000 F400.000
G1 X-16.204 Y-93.141 Z-1.000 F400.000
G1 X-16.207 Y-93.081 Z-1.000 F400.000
G1 X-16.210 Y-93.063 Z-1.000 F400.000
G1 X-16.215 Y-93.046 Z-1.000 F400.000
G1 X-16.238 Y-92.990 Z-1.000 F400.000
G1 X-20.159 Y-84.575 Z-1.000 F400.000
G1 X-20.286 Y-84.234 Z-1.000 F400.000
G1 X-20.375 Y-83.881 Z-1.000 F400.000
G1 X-20.425 Y-83.521 Z-1.000 F400.000
G1 X-20.437 Y-83.244 Z-1.000 F400.000
G1 X-20.437 Y-60.376 Z-1.000 F400.000
G1 X-20.424 Y-60.169 Z-1.000 F400.000
G1 X-20.390 Y-59.910 Z-1.000 F400.000
G1 X-20.283 Y-59.510 Z-1.000 F400.000
G1 X-20.183 Y-59.269 Z-1.000 F400.000
G1 X-19.975 Y-58.910 Z-1.000 F400.000
G1 X-19.817 Y-58.703 Z-1.000 F400.000
G1 X-19.524 Y-58.410 Z-1.000 F400.000
G1 X-19.316 Y-58.251 Z-1.000 F400.000
G1 X-18.958 Y-58.044 Z-1.000 F400.000
G1 X-18.716 Y-57.944 Z-1.000 F400.000
G1 X-18.316 Y-57.837 Z-1.000 F400.000
G1 X-18.057 Y-57.803 Z-1.000 F400.000
G1 X-17.850 Y-57.789 Z-1.000 F400.000
G1 X-16.445 Y-57.789 Z-1.000 F400.000
G1 X-16.336 Y-57.778 Z-1.000 F400.000
G1 X-16.307 Y-57.769 Z-1.000 F400.000
G1 X-16.281 Y-57.755 Z-1.000 F400.000
G1 X-16.257 Y-57.736 Z-1.000 F400.000
G1 X-16.238 Y-57.712 Z-1.000 F400.000
G1 X-16.224 Y-57.686 Z-1.000 F400.000
G1 X-16.215 Y-57.657 Z-1.000 F400.000
G1 X-16.204 Y-57.548 Z-1.000 F400.000
G1 X-16.204 Y-54.657 Z-1.000 F400.000
G1 X-16.207 Y-54.597 Z-1.000 F400.000
G1 X-16.210 Y-54.579 Z-1.000 F400.000
G1 X-16.215 Y-54.562 Z-1.000 F400.000
G1 X-16.238 Y-54.506 Z-1.000 F400.000
G1 X-20.159 Y-46.091 Z-1.000 F400.000
G1 X-20.286 Y-45.750 Z-1.000 F400.000
G1 X-20.375 Y-45.397 Z-1.000 F400.000
G1 X-20.425 Y-45.037 Z-1.000 F400.000
G1 X-20.437 Y-44.760 Z-1.000 F400.000
G1 X-20.430 Y-36.124 Z-1.000 F400.000
G1 X-20.396 Y-35.783 Z-1.000 F400.000
G1 X-20.336 Y-35.477 Z-1.000 F400.000
G1 X-20.236 Y-35.149 Z-1.000 F400.000
G1 X-20.117 Y-34.862 Z-1.000 F400.000
G1 X-19.955 Y-34.559 Z-1.000 F400.000
G1 X-19.782 Y-34.300 Z-1.000 F400.000
G1 X-19.565 Y-34.035 Z-1.000 F400.000
G1 X-19.345 Y-33.815 Z-1.000 F400.000
G1 X-19.079 Y-33.597 Z-1.000 F400.000
G1 X-18.821 Y-33.424 Z-1.000 F400.000
G1 X-18.518 Y-33.263 Z-1.000 F400.000
G1 X-18.231 Y-33.144 Z-1.000 F400.000
G1 X-17.902 Y-33.044 Z-1.000 F400.000
G1 X-17.597 Y-32.983 Z-1.000 F400.000
G1 X-17.100 Y-32.942 Z-1.000 F400.000
G1 X-14.328 Y-32.942 Z-1.000 F400.000
G1 X-14.220 Y-32.931 Z-1.000 F400.000
G1 X-14.191 Y-32.923 Z-1.000 F400.000
G1 X-14.164 Y-32.908 Z-1.000 F400.000
G1 X-14.141 Y-32.889 Z-1.000 F400.000
G1 X-14.121 Y-32.866 Z-1.000 F400.000
G1 X-14.107 Y-32.839 Z-1.000 F400.000
G1 X-14.098 Y-32.810 Z-1.000 F400.000
G1 X-14.088 Y-32.702 Z-1.000 F400.000
G1 X-14.087 Y-30.995 Z-1.000 F400.000
G1 X-14.098 Y-30.887 Z-1.000 F400.000
G1 X-14.107 Y-30.858 Z-1.000 F400.000
G1 X-14.121 Y-30.831 Z-1.000 F400.000
G1 X-14.141 Y-30.808 Z-1.000 F400.000
G1 X-14.164 Y-30.788 Z-1.000 F400.000
G1 X-14.191 Y-30.774 Z-1.000 F400.000
G1 X-14.220 Y-30.765 Z-1.000 F400.000
G1 X-14.330 Y-30.754 Z-1.000 F400.000
G1 X-17.256 Y-30.747 Z-1.000 F400.000
G1 X-17.597 Y-30.713 Z-1.000 F400.000
G1 X-17.902 Y-30.653 Z-1.000 F400.000
G1 X-18.231 Y-30.553 Z-1.000 F400.000
G1 X-18.518 Y-30.434 Z-1.000 F400.000
G1 X-18.821 Y-30.272 Z-1.000 F400.000
G1 X-19.079 Y-30.099 Z-1.000 F400.000
G1 X-19.345 Y-29.882 Z-1.000 F400.000
G1 X-19.565 Y-29.662 Z-1.000 F400.000
G1 X-19.782 Y-29.396 Z-1.000 F400.000
G1 X-19.955 Y-29.138 Z-1.000 F400.000
G1 X-20.117 Y-28.835 Z-1.000 F400.000
G1 X-20.236 Y-28.548 Z-1.000 F400.000
G1 X-20.336 Y-28.219 Z-1.000 F400.000
G1 X-20.396 Y-27.914 Z-1.000 F400.000
G1 X-20.437 Y-27.417 Z-1.000 F400.000
G1 X-20.437 Y-3.500 Z-1.000 F400.000
G0 X-20.437 Y-3.500 Z5.000
G0 X-20.437 Y-228.500 Z5.000
G0 X-20.437 Y-228.500 Z3.000
G1 X-20.437 Y-214.313 Z2.505 F400.000
G1 X-20.424 Y-214.105 Z2.497 F400.000
G1 X-20.390 Y-213.846 Z2.488 F400.000
G1 X-20.283 Y-213.446 Z2.474 F400.000
G1 X-20.183 Y-213.205 Z2.465 F400.000
G1 X-19.975 Y-212.846 Z2.450 F400.000
G1 X-19.817 Y-212.639 Z2.441 F400.000
G1 X-19.524 Y-212.346 Z2.427 F400.000
G1 X-19.316 Y-212.187 Z2.417 F400.000
G1 X-18.958 Y-211.980 Z2.403 F400.000
G1 X-18.716 Y-211.880 Z2.394 F400.000
G1 X-18.316 Y-211.773 Z2.379 F400.000
G1 X-18.057 Y-211.739 Z2.370 F400.000
G1 X-17.850 Y-211.725 Z2.363 F400.000
G1 X-16.445 Y-211.725 Z2.314 F400.000
G1 X-16.336 Y-211.714 Z2.310 F400.000
G1 X-16.307 Y-211.706 Z2.309 F400.000
G1 X-16.281 Y-211.691 Z2.308 F400.000
G1 X-16.257 Y-211.672 Z2.307 F400.000
G1 X-16.238 Y-211.649 Z2.306 F400.000
G1 X-16.224 Y-211.622 Z2.305 F400.000
G1 X-16.215 Y-211.593 Z2.304 F400.000
G1 X-16.204 Y-211.485 Z2.300 F400.000
G1 X-16.204 Y-208.593 Z2.199 F400.000
G1 X-16.207 Y-208.533 Z2.197 F400.000
G1 X-16.210 Y-208.515 Z2.196 F400.000
G1 X-16.215 Y-208.499 Z2.196 F400.000
G1 X-16.238 Y-208.442 Z2.194 F400.000
G1 X-20.159 Y-200.027 Z1.869 F400.000
G1 X-20.286 Y-199.686 Z1.857 F400.000
G1 X-20.375 Y-199.333 Z1.844 F400.000
G1 X-20.425 Y-198.973 Z1.831 F400.000
G1 X-20.437 Y-198.696 Z1.822 F400.000
G1 X-20.437 Y-175.828 Z1.023 F400.000
G1 X-20.424 Y-175.621 Z1.016 F400.000
G1 X-20.390 Y-175.362 Z1.007 F400.000
G1 X-20.283 Y-174.962 Z0.992 F400.000
G1 X-20.183 Y-174.721 Z0.983 F400.000
G1 X-19.975 Y-174.362 Z0.969 F400.000
G1 X-19.817 Y-174.155 Z0.959 F400.000
G1 X-19.524 Y-173.862 Z0.945 F400.000
G1 X-19.316 Y-173.703 Z0.936 F400.000
G1 X-18.958 Y-173.496 Z0.921 F400.000
G1 X-18.716 Y-173.396 Z0.912 F400.000
G1 X-18.377 Y-173.305 Z0.900 F400.000
G1 X-18.716 Y-173.396 Z0.888 F400.000
G1 X-18.958 Y-173.496 Z0.879 F400.000
G1 X-19.316 Y-173.703 Z0.864 F400.000
G1 X-19.524 Y-173.862 Z0.855 F400.000
G1 X-19.817 Y-174.155 Z0.841 F400.000
G1 X-19.975 Y-174.362 Z0.831 F400.000
G1 X-20.183 Y-174.721 Z0.817 F400.000
G1 X-20.283 Y-174.962 Z0.808 F400.000
G1 X-20.390 Y-175.362 Z0.793 F400.000
G1 X-20.424 Y-175.621 Z0.784 F400.000
G1 X-20.437 Y-175.828 Z0.777 F400.000
G1 X-20.437 Y-198.696 Z-0.022 F400.000
G1 X-20.425 Y-198.973 Z-0.031 F400.000
G1 X-20.375 Y-199.333 Z-0.044 F400.000
G1 X-20.286 Y-199.686 Z-0.057 F400.000
G1 X-20.159 Y-200.027 Z-0.069 F400.000
G1 X-16.238 Y-208.442 Z-0.394 F400.000
G1 X-16.215 Y-208.499 Z-0.396 F400.000
G1 X-16.210 Y-208.515 Z-0.396 F400.000
G1 X-16.207 Y-208.533 Z-0.397 F400.000
G1 X-16.204 Y-208.593 Z-0.399 F400.000
G1 X-16.204 Y-211.485 Z-0.500 F400.000
G1 X-16.215 Y-211.593 Z-0.504 F400.000
G1 X-16.224 Y-211.622 Z-0.505 F400.000
G1 X-16.238 Y-211.649 Z-0.506 F400.000
G1 X-16.257 Y-211.672 Z-0.507 F400.000
G1 X-16.281 Y-211.691 Z-0.508 F400.000
G1 X-16.307 Y-211.706 Z-0.509 F400.000
G1 X-16.336 Y-211.714 Z-0.510 F400.000
G1 X-16.445 Y-211.725 Z-0.514 F400.000
G1 X-17.850 Y-211.725 Z-0.563 F400.000
G1 X-18.057 Y-211.739 Z-0.570 F400.000
G1 X-18.316 Y-211.773 Z-0.579 F400.000
G1 X-18.716 Y-211.880 Z-0.594 F400.000
G1 X-18.958 Y-211.980 Z-0.603 F400.000
G1 X-19.316 Y-212.187 Z-0.617 F400.000
G1 X-19.524 Y-212.346 Z-0.627 F400.000
G1 X-19.817 Y-212.639 Z-0.641 F400.000
G1 X-19.975 Y-212.846 Z-0.650 F400.000
G1 X-20.183 Y-213.205 Z-0.665 F400.000
G1 X-20.283 Y-213.446 Z-0.674 F400.000
G1 X-20.390 Y-213.846 Z-0.688 F400.000
G1 X-20.424 Y-214.105 Z-0.697 F400.000
G1 X-20.437 Y-214.313 Z-0.705 F400.000
G1 X-20.437 Y-228.500 Z-1.200 F400.000
G1 X-20.437 Y-214.313 Z-1.200 F400.000
G1 X-20.424 Y-214.105 Z-1.200 F400.000
G1 X-20.390 Y-213.846 Z-1.200 F400.000
G1 X-20.283 Y-213.446 Z-1.200 F400.000
G1 X-20.183 Y-213.205 Z-1.200 F400.000
G1 X-19.975 Y-212.846 Z-1.200 F400.000
G1 X-19.817 Y-212.639 Z-1.200 F400.000
G1 X-19.524 Y-212.346 Z-1.200 F400.000
G1 X-19.316 Y-212.187 Z-1.200 F400.000
G1 X-18.958 Y-211.980 Z-1.200 F400.000
G1 X-18.716 Y-211.880 Z-1.200 F400.000
G1 X-18.316 Y-211.773 Z-1.200 F400.000
G1 X-18.057 Y-211.739 Z-1.200 F400.000
G1 X-17.850 Y-211.725 Z-1.200 F400.000
G1 X-16.445 Y-211.725 Z-1.200 F400.000
G1 X-16.336 Y-211.714 Z-1.200 F400.000
G1 X-16.307 Y-211.706 Z-1.200 F400.000
G1 X-16.281 Y-211.691 Z-1.200 F400.000
G1 X-16.257 Y-211.672 Z-1.200 F400.000
G1 X-16.238 Y-211.649 Z-1.200 F400.000
G1 X-16.224 Y-211.622 Z-1.200 F400.000
G1 X-16.215 Y-211.593 Z-1.200 F400.000
G1 X-16.204 Y-211.485 Z-1.200 F400.000
G1 X-16.204 Y-208.593 Z-1.200 F400.000
G1 X-16.207 Y-208.533 Z-1.200 F400.000
G1 X-16.210 Y-208.515 Z-1.200 F400.000
G1 X-16.215 Y-208.499 Z-1.200 F400.000
G1 X-16.238 Y-208.442 Z-1.200 F400.000
G1 X-20.159 Y-200.027 Z-1.200 F400.000
G1 X-20.286 Y-199.686 Z-1.200 F400.000
G1 X-20.375 Y-199.333 Z-1.200 F400.000
G1 X-20.425 Y-198.973 Z-1.200 F400.000
G1 X-20.437 Y-198.696 Z-1.200 F400.000
G1 X-20.437 Y-175.828 Z-1.200 F400.000
G1 X-20.424 Y-175.621 Z-1.200 F400.000
G1 X-20.390 Y-175.362 Z-1.200 F400.000
G1 X-20.283 Y-174.962 Z-1.200 F400.000
G1 X-20.183 Y-174.721 Z-1.200 F400.000
G1 X-19.975 Y-174.362 Z-1.200 F400.000
G1 X-19.817 Y-174.155 Z-1.200 F400.000
G1 X-19.524 Y-173.862 Z-1.200 F400.000
G1 X-19.316 Y-173.703 Z-1.200 F400.000
G1 X-18.958 Y-173.496 Z-1.200 F400.000
G1 X-18.716 Y-173.396 Z-1.200 F400.000
G1 X-18.316 Y-173.289 Z-1.200 F400.000
G1 X-18.057 Y-173.255 Z-1.200 F400.000
G1 X-17.850 Y-173.241 Z-1.200 F400.000
G1 X-16.445 Y-173.241 Z-1.200 F400.000
G1 X-16.336 Y-173.230 Z-1.200 F400.000
G1 X-16.307 Y-173.222 Z-1.200 F400.000
G1 X-16.281 Y-173.207 Z-1.200 F400.000
G1 X-16.257 Y-173.188 Z-1.200 F400.000
G1 X-16.238 Y-173.164 Z-1.200 F400.000
G1 X-16.224 Y-173.138 Z-1.200 F400.000
G1 X-16.215 Y-173.109 Z-1.200 F400.000
G1 X-16.204 Y-173.000 Z-1.200 F400.000
G1 X-16.204 Y-170.109 Z-1.200 F400.000
G1 X-16.207 Y-170.049 Z-1.200 F400.000
G1 X-16.210 Y-170.031 Z-1.200 F400.000
G1 X-16.215 Y-170.015 Z-1.200 F400.000
G1 X-16.238 Y-169.958 Z-1.200 F400.000
G1 X-20.159 Y-161.543 Z-1.200 F400.000
G1 X-20.286 Y-161.202 Z-1.200 F400.000
G1 X-20.375 Y-160.849 Z-1.200 F400.000
G1 X-20.425 Y-160.489 Z-1.200 F400.000
G1 X-20.437 Y-160.212 Z-1.200 F400.000
G1 X-20.437 Y-137.344 Z-1.200 F400.000
G1 X-20.424 Y-137.137 Z-1.200 F400.000
G1 X-20.390 Y-136.878 Z-1.200 F400.000
G1 X-20.283 Y-136.478 Z-1.200 F400.000
G1 X-20.183 Y-136.237 Z-1.200 F400.000
G1 X-19.975 Y-135.878 Z-1.200 F400.000
G1 X-19.817 Y-135.671 Z-1.200 F400.000
G1 X-19.524 Y-135.378 Z-1.200 F400.000
G1 X-19.316 Y-135.219 Z-1.200 F400.000
G1 X-18.958 Y-135.012 Z-1.200 F400.000
G1 X-18.716 Y-134.912 Z-1.200 F400.000
G1 X-18.316 Y-134.805 Z-1.200 F400.000
G1 X-18.057 Y-134.771 Z-1.200 F400.000
G1 X-17.850 Y-134.757 Z-1.200 F400.000
G1 X-16.445 Y-134.757 Z-1.200 F400.000
G1 X-16.336 Y-134.746 Z-1.200 F400.000
G1 X-16.307 Y-134.738 Z-1.200 F400.000
G1 X-16.281 Y-134.723 Z-1.200 F400.000
G1 X-16.257 Y-134.704 Z-1.200 F400.000
G1 X-16.238 Y-134.680 Z-1.200 F400.000
G1 X-16.224 Y-134.654 Z-1.200 F400.000
G1 X-16.215 Y-134.625 Z-1.200 F400.000
G1 X-16.204 Y-134.516 Z-1.200 F400.000
G1 X-16.204 Y-131.625 Z-1.200 F400.000
G1 X-16.207 Y-131.565 Z-1.200 F400.000
G1 X-16.210 Y-131.547 Z-1.200 F400.000
G1 X-16.215 Y-131.531 Z-1.200 F400.000
G1 X-16.238 Y-131.474 Z-1.200 F400.000
G1 X-20.159 Y-123.059 Z-1.200 F400.000
G1 X-20.286 Y-122.718 Z-1.200 F400.000
G1 X-20.375 Y-122.365 Z-1.200 F400.000
G1 X-20.425 Y-122.005 Z-1.200 F400.000
G1 X-20.437 Y-121.728 Z-1.200 F400.000
G1 X-20.437 Y-98.860 Z-1.200 F400.000
G1 X-20.424 Y-98.653 Z-1.200 F400.000
G1 X-20.390 Y-98.394 Z-1.200 F400.000
G1 X-20.283 Y-97.994 Z-1.200 F400.000
G1 X-20.183 Y-97.753 Z-1.200 F400.000
G1 X-19.975 Y-97.394 Z-1.200 F400.000
G1 X-19.817 Y-97.187 Z-1.200 F400.000
G1 X-19.524 Y-96.894 Z-1.200 F400.000
G1 X-19.316 Y-96.735 Z-1.200 F400.000
G1 X-18.958 Y-96.528 Z-1.200 F400.000
G1 X-18.716 Y-96.428 Z-1.200 F400.000
G1 X-18.316 Y-96.321 Z-1.200 F400.000
G1 X-18.057 Y-96.287 Z-1.200 F400.000
G1 X-17.850 Y-96.273 Z-1.200 F400.000
G1 X-16.445 Y-96.273 Z-1.200 F400.000
G1 X-16.336 Y-96.262 Z-1.200 F400.000
G1 X-16.307 Y-96.253 Z-1.200 F400.000
G1 X-16.281 Y-96.239 Z-1.200 F400.000
G1 X-16.257 Y-96.220 Z-1.200 F400.000
G1 X-16.238 Y-96.196 Z-1.200 F400.000
G1 X-16.224 Y-96.170 Z-1.200 F400.000
G1 X-16.215 Y-96.141 Z-1.200 F400.000
G1 X-16.204 Y-96.032 Z-1.200 F400.000
G1 X-16.204 Y-93.141 Z-1.200 F400.000
G1 X-16.207 Y-93.081 Z-1.200 F400.000
G1 X-16.210 Y-93.063 Z-1.200 F400.000
G1 X-16.215 Y-93.046 Z-1.200 F400.000
G1 X-16.238 Y-92.990 Z-1.200 F400.000
G1 X-20.159 Y-84.575 Z-1.200 F400.000
G1 X-20.286 Y-84.234 Z-1.200 F400.000
G1 X-20.375 Y-83.881 Z-1.200 F400.000
G1 X-20.425 Y-83.521 Z-1.200 F400.000
G1 X-20.437 Y-83.244 Z-1.200 F400.000
G1 X-20.437 Y-60.376 Z-1.200 F400.000
G1 X-20.424 Y-60.169 Z-1.200 F400.000
G1 X-20.390 Y-59.910 Z-1.200 F400.000
G1 X-20.283 Y-59.510 Z-1.200 F400.000
G1 X-20.183 Y-59.269 Z-1.200 F400.000
G1 X-19.975 Y-58.910 Z-1.200 F400.000
G1 X-19.817 Y-58.703 Z-1.200 F400.000
G1 X-19.524 Y-58.410 Z-1.200 F400.000
G1 X-19.316 Y-58.251 Z-1.200 F400.000
G1 X-18.958 Y-58.044 Z-1.200 F400.000
G1 X-18.716 Y-57.944 Z-1.200 F400.000
G1 X-18.316 Y-57.837 Z-1.200 F400.000
G1 X-18.057 Y-57.803 Z-1.200 F400.000
G1 X-17.850 Y-57.789 Z-1.200 F400.000
G1 X-16.445 Y-57.789 Z-1.200 F400.000
G1 X-16.336 Y-57.778 Z-1.200 F400.000
G1 X-16.307 Y-57.769 Z-1.200 F400.000
G1 X-16.281 Y-57.755 Z-1.200 F400.000
G1 X-16.257 Y-57.736 Z-1.200 F400.000
G1 X-16.238 Y-57.712 Z-1.200 F400.000
G1 X-16.224 Y-57.686 Z-1.200 F400.000
G1 X-16.215 Y-57.657 Z-1.200 F400.000
G1 X-16.204 Y-57.548 Z-1.200 F400.000
G1 X-16.204 Y-54.657 Z-1.200 F400.000
G1 X-16.207 Y-54.597 Z-1.200 F400.000
G1 X-16.210 Y-54.579 Z-1.200 F400.000
G1 X-16.215 Y-54.562 Z-1.200 F400.000
G1 X-16.238 Y-54.506 Z-1.200 F400.000
G1 X-20.159 Y-46.091 Z-1.200 F400.000
G1 X-20.286 Y-45.750 Z-1.200 F400.000
G1 X-20.375 Y-45.397 Z-1.200 F400.000
G1 X-20.425 Y-45.037 Z-1.200 F400.000
G1 X-20.437 Y-44.760 Z-1.200 F400.000
G1 X-20.430 Y-36.124 Z-1.200 F400.000
G1 X-20.396 Y-35.783 Z-1.200 F400.000
G1 X-20.336 Y-35.477 Z-1.200 F400.000
G1 X-20.236 Y-35.149 Z-1.200 F400.000
G1 X-20.117 Y-34.862 Z-1.200 F400.000
G1 X-19.955 Y-34.559 Z-1.200 F400.000
G1 X-19.782 Y-34.300 Z-1.200 F400.000
G1 X-19.565 Y-34.035 Z-1.200 F400.000
G1 X-19.345 Y-33.815 Z-1.200 F400.000
G1 X-19.079 Y-33.597 Z-1.200 F400.000
G1 X-18.821 Y-33.424 Z-1.200 F400.000
G1 X-18.518 Y-33.263 Z-1.200 F400.000
G1 X-18.231 Y-33.144 Z-1.200 F400.000
G1 X-17.902 Y-33.044 Z-1.200 F400.000
G1 X-17.597 Y-32.983 Z-1.200 F400.000
G1 X-17.100 Y-32.942 Z-1.200 F400.000
G1 X-14.328 Y-32.942 Z-1.200 F400.000
G1 X-14.220 Y-32.931 Z-1.200 F400.000
G1 X-14.191 Y-32.923 Z-1.200 F400.000
G1 X-14.164 Y-32.908 Z-1.200 F400.000
G1 X-14.141 Y-32.889 Z-1.200 F400.000
G1 X-14.121 Y-32.866 Z-1.200 F400.000
G1 X-14.107 Y-32.839 Z-1.200 F400.000
G1 X-14.098 Y-32.810 Z-1.200 F400.000
G1 X-14.088 Y-32.702 Z-1.200 F400.000
G1 X-14.087 Y-30.995 Z-1.200 F400.000
G1 X-14.098 Y-30.887 Z-1.200 F400.000
G1 X-14.107 Y-30.858 Z-1.200 F400.000
G1 X-14.121 Y-30.831 Z-1.200 F400.000
G1 X-14.141 Y-30.808 Z-1.200 F400.000
G1 X-14.164 Y-30.788 Z-1.200 F400.000
G1 X-14.191 Y-30.774 Z-1.200 F400.000
G1 X-14.220 Y-30.765 Z-1.200 F400.000
G1 X-14.330 Y-30.754 Z-1.200 F400.000
G1 X-17.256 Y-30.747 Z-1.200 F400.000
G1 X-17.597 Y-30.713 Z-1.200 F400.000
G1 X-17.902 Y-30.653 Z-1.200 F400.000
G1 X-18.231 Y-30.553 Z-1.200 F400.000
G1 X-18.518 Y-30.434 Z-1.200 F400.000
G1 X-18.821 Y-30.272 Z-1.200 F400.000
G1 X-19.079 Y-30.099 Z-1.200 F400.000
G1 X-19.345 Y-29.882 Z-1.200 F400.000
G1 X-19.565 Y-29.662 Z-1.200 F400.000
G1 X-19.782 Y-29.396 Z-1.200 F400.000
G1 X-19.955 Y-29.138 Z-1.200 F400.000
G1 X-20.117 Y-28.835 Z-1.200 F400.000
G1 X-20.236 Y-28.548 Z-1.200 F400.000
G1 X-20.336 Y-28.219 Z-1.200 F400.000
G1 X-20.396 Y-27.914 Z-1.200 F400.000
G1 X-20.437 Y-27.417 Z-1.200 F400.000
G1 X-20.437 Y-3.500 Z-1.200 F400.000
G0 X-20.437 Y-3.500 Z5.000
G0 X-20.437 Y-228.500 Z5.000
G0 X-20.437 Y-228.500 Z3.000
G1 X-20.437 Y-214.313 Z2.505 F400.000
G1 X-20.424 Y-214.105 Z2.497 F400.000
G1 X-20.390 Y-213.846 Z2.488 F400.000
G1 X-20.283 Y-213.446 Z2.474 F400.000
G1 X-20.183 Y-213.205 Z2.465 F400.000
G1 X-19.975 Y-212.846 Z2.450 F400.000
G1 X-19.817 Y-212.639 Z2.441 F400.000
G1 X-19.524 Y-212.346 Z2.427 F400.000
G1 X-19.316 Y-212.187 Z2.417 F400.000
G1 X-18.958 Y-211.980 Z2.403 F400.000
G1 X-18.716 Y-211.880 Z2.394 F400.000
G1 X-18.316 Y-211.773 Z2.379 F400.000
G1 X-18.057 Y-211.739 Z2.370 F400.000
G1 X-17.850 Y-211.725 Z2.363 F400.000
G1 X-16.445 Y-211.725 Z2.314 F400.000
G1 X-16.336 Y-211.714 Z2.310 F400.000
G1 X-16.307 Y-211.706 Z2.309 F400.000
G1 X-16.281 Y-211.691 Z2.308 F400.000
G1 X-16.257 Y-211.672 Z2.307 F400.000
G1 X-16.238 Y-211.649 Z2.306 F400.000
G1 X-16.224 Y-211.622 Z2.305 F400.000
G1 X-16.215 Y-211.593 Z2.304 F400.000
G1 X-16.204 Y-211.485 Z2.300 F400.000
G1 X-16.204 Y-208.593 Z2.199 F400.000
G1 X-16.207 Y-208.533 Z2.197 F400.000
G1 X-16.210 Y-208.515 Z2.196 F400.000
G1 X-16.215 Y-208.499 Z2.196 F400.000
G1 X-16.238 Y-208.442 Z2.194 F400.000
G1 X-20.159 Y-200.027 Z1.869 F400.000
G1 X-20.286 Y-199.686 Z1.857 F400.000
G1 X-20.375 Y-199.333 Z1.844 F400.000
G1 X-20.425 Y-198.973 Z1.831 F400.000
G1 X-20.437 Y-198.696 Z1.822 F400.000
G1 X-20.437 Y-175.828 Z1.023 F400.000
G1 X-20.424 Y-175.621 Z1.016 F400.000
G1 X-20.390 Y-175.362 Z1.007 F400.000
G1 X-20.283 Y-174.962 Z0.992 F400.000
G1 X-20.183 Y-174.721 Z0.983 F400.000
G1 X-19.975 Y-174.362 Z0.969 F400.000
G1 X-19.817 Y-174.155 Z0.959 F400.000
G1 X-19.524 Y-173.862 Z0.945 F400.000
G1 X-19.316 Y-173.703 Z0.936 F400.000
G1 X-18.958 Y-173.496 Z0.921 F400.000
G1 X-18.716 Y-173.396 Z0.912 F400.000
G1 X-18.316 Y-173.289 Z0.898 F400.000
G1 X-18.057 Y-173.255 Z0.889 F400.000
G1 X-17.850 Y-173.241 Z0.881 F400.000
G1 X-16.445 Y-173.241 Z0.832 F400.000
G1 X-16.336 Y-173.230 Z0.829 F400.000
G1 X-16.307 Y-173.222 Z0.828 F400.000
G1 X-16.281 Y-173.207 Z0.826 F400.000
G1 X-16.257 Y-173.188 Z0.825 F400.000
G1 X-16.238 Y-173.164 Z0.824 F400.000
G1 X-16.224 Y-173.138 Z0.823 F400.000
G1 X-16.215 Y-173.109 Z0.822 F400.000
G1 X-16.204 Y-173.000 Z0.818 F400.000
G1 X-16.204 Y-172.473 Z0.800 F400.000
G1 X-16.204 Y-173.000 Z0.782 F400.000
G1 X-16.215 Y-173.109 Z0.778 F400.000
G1 X-16.224 Y-173.138 Z0.777 F400.000
G1 X-16.238 Y-173.164 Z0.776 F400.000
G1 X-16.257 Y-173.188 Z0.775 F400.000
G1 X-16.281 Y-173.207 Z0.774 F400.000
G1 X-16.307 Y-173.222 Z0.772 F400.000
G1 X-16.336 Y-173.230 Z0.771 F400.000
G1 X-16.445 Y-173.241 Z0.768 F400.000
G1 X-17.850 Y-173.241 Z0.719 F400.000
G1 X-18.057 Y-173.255 Z0.711 F400.000
G1 X-18.316 Y-173.289 Z0.702 F400.000
G1 X-18.716 Y-173.396 Z0.688 F400.000
G1 X-18.958 Y-173.496 Z0.679 F400.000
G1 X-19.316 Y-173.703 Z0.664 F400.000
G1 X-19.524 Y-173.862 Z0.655 F400.000
G1 X-19.817 Y-174.155 Z0.641 F400.000
G1 X-19.975 Y-174.362 Z0.631 F400.000
G1 X-20.183 Y-174.721 Z0.617 F400.000
G1 X-20.283 Y-174.962 Z0.608 F400.000
G1 X-20.390 Y-175.362 Z0.593 F400.000
G1 X-20.424 Y-175.621 Z0.584 F400.000
G1 X-20.437 Y-175.828 Z0.577 F400.000
G1 X-20.437 Y-198.696 Z-0.222 F400.000
G1 X-20.425 Y-198.973 Z-0.231 F400.000
G1 X-20.375 Y-199.333 Z-0.244 F400.000
G1 X-20.286 Y-199.686 Z-0.257 F400.000
G1 X-20.159 Y-200.027 Z-0.269 F400.000
G1 X-16.238 Y-208.442 Z-0.594 F400.000
G1 X-16.215 Y-208.499 Z-0.596 F400.000
G1 X-16.210 Y-208.515 Z-0.596 F400.000
G1 X-16.207 Y-208.533 Z-0.597 F400.000
G1 X-16.204 Y-208.593 Z-0.599 F400.000
G1 X-16.204 Y-211.485 Z-0.700 F400.000
G1 X-16.215 Y-211.593 Z-0.704 F400.000
G1 X-16.224 Y-211.622 Z-0.705 F400.000
G1 X-16.238 Y-211.649 Z-0.706 F400.000
G1 X-16.257 Y-211.672 Z-0.707 F400.000
G1 X-16.281 Y-211.691 Z-0.708 F400.000
G1 X-16.307 Y-211.706 Z-0.709 F400.000
G1 X-16.336 Y-211.714 Z-0.710 F400.000
G1 X-16.445 Y-211.725 Z-0.714 F400.000
G1 X-17.850 Y-211.725 Z-0.763 F400.000
G1 X-18.057 Y-211.739 Z-0.770 F400.000
G1 X-18.316 Y-211.773 Z-0.779 F400.000
G1 X-18.716 Y-211.880 Z-0.794 F400.000
G1 X-18.958 Y-211.980 Z-0.803 F400.000
G1 X-19.316 Y-212.187 Z-0.817 F400.000
G1 X-19.524 Y-212.346 Z-0.827 F400.000
G1 X-19.817 Y-212.639 Z-0.841 F400.000
G1 X-19.975 Y-212.846 Z-0.850 F400.000
G1 X-20.183 Y-213.205 Z-0.865 F400.000
G1 X-20.283 Y-213.446 Z-0.874 F400.000
G1 X-20.390 Y-213.846 Z-0.888 F400.000
G1 X-20.424 Y-214.105 Z-0.897 F400.000
G1 X-20.437 Y-214.313 Z-0.905 F400.000
G1 X-20.437 Y-228.500 Z-1.400 F400.000
G1 X-20.437 Y-214.313 Z-1.400 F400.000
G1 X-20.424 Y-214.105 Z-1.400 F400.000
G1 X-20.390 Y-213.846 Z-1.400 F400.000
G1 X-20.283 Y-213.446 Z-1.400 F400.000
G1 X-20.183 Y-213.205 Z-1.400 F400.000
G1 X-19.975 Y-212.846 Z-1.400 F400.000
G1 X-19.817 Y-212.639 Z-1.400 F400.000
G1 X-19.524 Y-212.346 Z-1.400 F400.000
G1 X-19.316 Y-212.187 Z-1.400 F400.000
G1 X-18.958 Y-211.980 Z-1.400 F400.000
G1 X-18.716 Y-211.880 Z-1.400 F400.000
G1 X-18.316 Y-211.773 Z-1.400 F400.000
G1 X-18.057 Y-211.739 Z-1.400 F400.000
G1 X-17.850 Y-211.725 Z-1.400 F400.000
G1 X-16.445 Y-211.725 Z-1.400 F400.000
G1 X-16.336 Y-211.714 Z-1.400 F400.000
G1 X-16.307 Y-211.706 Z-1.400 F400.000
G1 X-16.281 Y-211.691 Z-1.400 F400.000
G1 X-16.257 Y-211.672 Z-1.400 F400.000
G1 X-16.238 Y-211.649 Z-1.400 F400.000
G1 X-16.224 Y-211.622 Z-1.400 F400.000
G1 X-16.215 Y-211.593 Z-1.400 F400.000
G1 X-16.204 Y-211.485 Z-1.400 F400.000
G1 X-16.204 Y-208.593 Z-1.400 F400.000
G1 X-16.207 Y-208.533 Z-1.400 F400.000
G1 X-16.210 Y-208.515 Z-1.400 F400.000
G1 X-16.215 Y-208.499 Z-1.400 F400.000
G1 X-16.238 Y-208.442 Z-1.400 F400.000
G1 X-20.159 Y-200.027 Z-1.400 F400.000
G1 X-20.286 Y-199.686 Z-1.400 F400.000
G1 X-20.375 Y-199.333 Z-1.400 F400.000
G1 X-20.425 Y-198.973 Z-1.400 F400.000
G1 X-20.437 Y-198.696 Z-1.400 F400.000
G1 X-20.437 Y-175.828 Z-1.400 F400.000
G1 X-20.424 Y-175.621 Z-1.400 F400.000
G1 X-20.390 Y-175.362 Z-1.400 F400.000
G1 X-20.283 Y-174.962 Z-1.400 F400.000
G1 X-20.183 Y-174.721 Z-1.400 F400.000
G1 X-19.975 Y-174.362 Z-1.400 F400.000
G1 X-19.817 Y-174.155 Z-1.400 F400.000
G1 X-19.524 Y-173.862 Z-1.400 F400.000
G1 X-19.316 Y-173.703 Z-1.400 F400.000
G1 X-18.958 Y-173.496 Z-1.400 F400.000
G1 X-18.716 Y-173.396 Z-1.400 F400.000
G1 X-18.316 Y-173.289 Z-1.400 F400.000
G1 X-18.057 Y-173.255 Z-1.400 F400.000
G1 X-17.850 Y-173.241 Z-1.400 F400.000
G1 X-16.445 Y-173.241 Z-1.400 F400.000
G1 X-16.336 Y-173.230 Z-1.400 F400.000
G1 X-16.307 Y-173.222 Z-1.400 F400.000
G1 X-16.281 Y-173.207 Z-1.400 F400.000
G1 X-16.257 Y-173.188 Z-1.400 F400.000
G1 X-16.238 Y-173.164 Z-1.400 F400.000
G1 X-16.224 Y-173.138 Z-1.400 F400.000
G1 X-16.215 Y-173.109 Z-1.400 F400.000
G1 X-16.204 Y-173.000 Z-1.400 F400.000
G1 X-16.204 Y-170.109 Z-1.400 F400.000
G1 X-16.207 Y-170.049 Z-1.400 F400.000
G1 X-16.210 Y-170.031 Z-1.400 F400.000
G1 X-16.215 Y-170.015 Z-1.400 F400.000
G1 X-16.238 Y-169.958 Z-1.400 F400.000
G1 X-20.159 Y-161.543 Z-1.400 F400.000
G1 X-20.286 Y-161.202 Z-1.400 F400.000
G1 X-20.375 Y-160.849 Z-1.400 F400.000
G1 X-20.425 Y-160.489 Z-1.400 F400.000
G1 X-20.437 Y-160.212 Z-1.400 F400.000
G1 X-20.437 Y-137.344 Z-1.400 F400.000
G1 X-20.424 Y-137.137 Z-1.400 F400.000
G1 X-20.390 Y-136.878 Z-1.400 F400.000
G1 X-20.283 Y-136.478 Z-1.400 F400.000
G1 X-20.183 Y-136.237 Z-1.400 F400.000
G1 X-19.975 Y-135.878 Z-1.400 F400.000
G1 X-19.817 Y-135.671 Z-1.400 F400.000
G1 X-19.524 Y-135.378 Z-1.400 F400.000
G1 X-19.316 Y-135.219 Z-1.400 F400.000
G1 X-18.958 Y-135.012 Z-1.400 F400.000
G1 X-18.716 Y-134.912 Z-1.400 F400.000
G1 X-18.316 Y-134.805 Z-1.400 F400.000
G1 X-18.057 Y-134.771 Z-1.400 F400.000
G1 X-17.850 Y-134.757 Z-1.400 F400.000
G1 X-16.445 Y-134.757 Z-1.400 F400.000
G1 X-16.336 Y-134.746 Z-1.400 F400.000
G1 X-16.307 Y-134.738 Z-1.400 F400.000
G1 X-16.281 Y-134.723 Z-1.400 F400.000
G1 X-16.257 Y-134.704 Z-1.400 F400.000
G1 X-16.238 Y-134.680 Z-1.400 F400.000
G1 X-16.224 Y-134.654 Z-1.400 F400.000
G1 X-16.215 Y-134.625 Z-1.400 F400.000
G1 X-16.204 Y-134.516 Z-1.400 F400.000
G1 X-16.204 Y-131.625 Z-1.400 F400.000
G1 X-16.207 Y-131.565 Z-1.400 F400.000
G1 X-16.210 Y-131.547 Z-1.400 F400.000
G1 X-16.215 Y-131.531 Z-1.400 F400.000
G1 X-16.238 Y-131.474 Z-1.400 F400.000
G1 X-20.159 Y-123.059 Z-1.400 F400.000
G1 X-20.286 Y-122.718 Z-1.400 F400.000
G1 X-20.375 Y-122.365 Z-1.400 F400.000
G1 X-20.425 Y-122.005 Z-1.400 F400.000
G1 X-20.437 Y-121.728 Z-1.400 F400.000
G1 X-20.437 Y-98.860 Z-1.400 F400.000
G1 X-20.424 Y-98.653 Z-1.400 F400.000
G1 X-20.390 Y-98.394 Z-1.400 F400.000
G1 X-20.283 Y-97.994 Z-1.400 F400.000
G1 X-20.183 Y-97.753 Z-1.400 F400.000
G1 X-19.975 Y-97.394 Z-1.400 F400.000
G1 X-19.817 Y-97.187 Z-1.400 F400.000
G1 X-19.524 Y-96.894 Z-1.400 F400.000
G1 X-19.316 Y-96.735 Z-1.400 F400.000
G1 X-18.958 Y-96.528 Z-1.400 F400.000
G1 X-18.716 Y-96.428 Z-1.400 F400.000
G1 X-18.316 Y-96.321 Z-1.400 F400.000
G1 X-18.057 Y-96.287 Z-1.400 F400.000
G1 X-17.850 Y-96.273 Z-1.400 F400.000
G1 X-16.445 Y-96.273 Z-1.400 F400.000
G1 X-16.336 Y-96.262 Z-1.400 F400.000
G1 X-16.307 Y-96.253 Z-1.400 F400.000
G1 X-16.281 Y-96.239 Z-1.400 F400.000
G1 X-16.257 Y-96.220 Z-1.400 F400.000
G1 X-16.238 Y-96.196 Z-1.400 F400.000
G1 X-16.224 Y-96.170 Z-1.400 F400.000
G1 X-16.215 Y-96.141 Z-1.400 F400.000
G1 X-16.204 Y-96.032 Z-1.400 F400.000
G1 X-16.204 Y-93.141 Z-1.400 F400.000
G1 X-16.207 Y-93.081 Z-1.400 F400.000
G1 X-16.210 Y-93.063 Z-1.400 F400.000
G1 X-16.215 Y-93.046 Z-1.400 F400.000
G1 X-16.238 Y-92.990 Z-1.400 F400.000
G1 X-20.159 Y-84.575 Z-1.400 F400.000
G1 X-20.286 Y-84.234 Z-1.400 F400.000
G1 X-20.375 Y-83.881 Z-1.400 F400.000
G1 X-20.425 Y-83.521 Z-1.400 F400.000
G1 X-20.437 Y-83.244 Z-1.400 F400.000
G1 X-20.437 Y-60.376 Z-1.400 F400.000
G1 X-20.424 Y-60.169 Z-1.400 F400.000
G1 X-20.390 Y-59.910 Z-1.400 F400.000
G1 X-20.283 Y-59.510 Z-1.400 F400.000
G1 X-20.183 Y-59.269 Z-1.400 F400.000
G1 X-19.975 Y-58.910 Z-1.400 F400.000
G1 X-19.817 Y-58.703 Z-1.400 F400.000
G1 X-19.524 Y-58.410 Z-1.400 F400.000
G1 X-19.316 Y-58.251 Z-1.400 F400.000
G1 X-18.958 Y-58.044 Z-1.400 F400.000
G1 X-18.716 Y-57.944 Z-1.400 F400.000
G1 X-18.316 Y-57.837 Z-1.400 F400.000
G1 X-18.057 Y-57.803 Z-1.400 F400.000
G1 X-17.850 Y-57.789 Z-1.400 F400.000
G1 X-16.445 Y-57.789 Z-1.400 F400.000
G1 X-16.336 Y-57.778 Z-1.400 F400.000
G1 X-16.307 Y-57.769 Z-1.400 F400.000
G1 X-16.281 Y-57.755 Z-1.400 F400.000
G1 X-16.257 Y-57.736 Z-1.400 F400.000
G1 X-16.238 Y-57.712 Z-1.400 F400.000
G1 X-16.224 Y-57.686 Z-1.400 F400.000
G1 X-16.215 Y-57.657 Z-1.400 F400.000
G1 X-16.204 Y-57.548 Z-1.400 F400.000
G1 X-16.204 Y-54.657 Z-1.400 F400.000
G1 X-16.207 Y-54.597 Z-1.400 F400.000
G1 X-16.210 Y-54.579 Z-1.400 F400.000
G1 X-16.215 Y-54.562 Z-1.400 F400.000
G1 X-16.238 Y-54.506 Z-1.400 F400.000
G1 X-20.159 Y-46.091 Z-1.400 F400.000
G1 X-20.286 Y-45.750 Z-1.400 F400.000
G1 X-20.375 Y-45.397 Z-1.400 F400.000
G1 X-20.425 Y-45.037 Z-1.400 F400.000
G1 X-20.437 Y-44.760 Z-1.400 F400.000
G1 X-20.430 Y-36.124 Z-1.400 F400.000
G1 X-20.396 Y-35.783 Z-1.400 F400.000
G1 X-20.336 Y-35.477 Z-1.400 F400.000
G1 X-20.236 Y-35.149 Z-1.400 F400.000
G1 X-20.117 Y-34.862 Z-1.400 F400.000
G1 X-19.955 Y-34.559 Z-1.400 F400.000
G1 X-19.782 Y-34.300 Z-1.400 F400.000
G1 X-19.565 Y-34.035 Z-1.400 F400.000
G1 X-19.345 Y-33.815 Z-1.400 F400.000
G1 X-19.079 Y-33.597 Z-1.400 F400.000
G1 X-18.821 Y-33.424 Z-1.400 F400.000
G1 X-18.518 Y-33.263 Z-1.400 F400.000
G1 X-18.231 Y-33.144 Z-1.400 F400.000
G1 X-17.902 Y-33.044 Z-1.400 F400.000
G1 X-17.597 Y-32.983 Z-1.400 F400.000
G1 X-17.100 Y-32.942 Z-1.400 F400.000
G1 X-14.328 Y-32.942 Z-1.400 F400.000
G1 X-14.220 Y-32.931 Z-1.400 F400.000
G1 X-14.191 Y-32.923 Z-1.400 F400.000
G1 X-14.164 Y-32.908 Z-1.400 F400.000
G1 X-14.141 Y-32.889 Z-1.400 F400.000
G1 X-14.121 Y-32.866 Z-1.400 F400.000
G1 X-14.107 Y-32.839 Z-1.400 F400.000
G1 X-14.098 Y-32.810 Z-1.400 F400.000
G1 X-14.088 Y-32.702 Z-1.400 F400.000
G1 X-14.087 Y-30.995 Z-1.400 F400.000
G1 X-14.098 Y-30.887 Z-1.400 F400.000
G1 X-14.107 Y-30.858 Z-1.400 F400.000
G1 X-14.121 Y-30.831 Z-1.400 F400.000
G1 X-14.141 Y-30.808 Z-1.400 F400.000
G1 X-14.164 Y-30.788 Z-1.400 F400.000
G1 X-14.191 Y-30.774 Z-1.400 F400.000
G1 X-14.220 Y-30.765 Z-1.400 F400.000
G1 X-14.330 Y-30.754 Z-1.400 F400.000
G1 X-17.256 Y-30.747 Z-1.400 F400.000
G1 X-17.597 Y-30.713 Z-1.400 F400.000
G1 X-17.902 Y-30.653 Z-1.400 F400.000
G1 X-18.231 Y-30.553 Z-1.400 F400.000
G1 X-18.518 Y-30.434 Z-1.400 F400.000
G1 X-18.821 Y-30.272 Z-1.400 F400.000
G1 X-19.079 Y-30.099 Z-1.400 F400.000
G1 X-19.345 Y-29.882 Z-1.400 F400.000
G1 X-19.565 Y-29.662 Z-1.400 F400.000
G1 X-19.782 Y-29.396 Z-1.400 F400.000
G1 X-19.955 Y-29.138 Z-1.400 F400.000
G1 X-20.117 Y-28.835 Z-1.400 F400.000
G1 X-20.236 Y-28.548 Z-1.400 F400.000
G1 X-20.336 Y-28.219 Z-1.400 F400.000
G1 X-20.396 Y-27.914 Z-1.400 F400.000
G1 X-20.437 Y-27.417 Z-1.400 F400.000
G1 X-20.437 Y-3.500 Z-1.400 F400.000
G0 X-20.437 Y-3.500 Z5.000
G0 X-20.437 Y-228.500 Z5.000
G0 X-20.437 Y-228.500 Z3.000
G1 X-20.437 Y-214.313 Z2.505 F400.000
G1 X-20.424 Y-214.105 Z2.497 F400.000
G1 X-20.390 Y-213.846 Z2.488 F400.000
G1 X-20.283 Y-213.446 Z2.474 F400.000
G1 X-20.183 Y-213.205 Z2.465 F400.000
G1 X-19.975 Y-212.846 Z2.450 F400.000
G1 X-19.817 Y-212.639 Z2.441 F400.000
G1 X-19.524 Y-212.346 Z2.427 F400.000
G1 X-19.316 Y-212.187 Z2.417 F400.000
G1 X-18.958 Y-211.980 Z2.403 F400.000
G1 X-18.716 Y-211.880 Z2.394 F400.000
G1 X-18.316 Y-211.773 Z2.379 F400.000
G1 X-18.057 Y-211.739 Z2.370 F400.000
G1 X-17.850 Y-211.725 Z2.363 F400.000
G1 X-16.445 Y-211.725 Z2.314 F400.000
G1 X-16.336 Y-211.714 Z2.310 F400.000
G1 X-16.307 Y-211.706 Z2.309 F400.000
G1 X-16.281 Y-211.691 Z2.308 F400.000
G1 X-16.257 Y-211.672 Z2.307 F400.000
G1 X-16.238 Y-211.649 Z2.306 F400.000
G1 X-16.224 Y-211.622 Z2.305 F400.000
G1 X-16.215 Y-211.593 Z2.304 F400.000
G1 X-16.204 Y-211.485 Z2.300 F400.000
G1 X-16.204 Y-208.593 Z2.199 F400.000
G1 X-16.207 Y-208.533 Z2.197 F400.000
G1 X-16.210 Y-208.515 Z2.196 F400.000
G1 X-16.215 Y-208.499 Z2.196 F400.000
G1 X-16.238 Y-208.442 Z2.194 F400.000
G1 X-20.159 Y-200.027 Z1.869 F400.000
G1 X-20.286 Y-199.686 Z1.857 F400.000
G1 X-20.375 Y-199.333 Z1.844 F400.000
G1 X-20.425 Y-198.973 Z1.831 F400.000
G1 X-20.437 Y-198.696 Z1.822 F400.000
G1 X-20.437 Y-175.828 Z1.023 F400.000
G1 X-20.424 Y-175.621 Z1.016 F400.000
G1 X-20.390 Y-175.362 Z1.007 F400.000
G1 X-20.283 Y-174.962 Z0.992 F400.000
G1 X-20.183 Y-174.721 Z0.983 F400.000
G1 X-19.975 Y-174.362 Z0.969 F400.000
G1 X-19.817 Y-174.155 Z0.959 F400.000
G1 X-19.524 Y-173.862 Z0.945 F400.000
G1 X-19.316 Y-173.703 Z0.936 F400.000
G1 X-18.958 Y-173.496 Z0.921 F400.000
G1 X-18.716 Y-173.396 Z0.912 F400.000
G1 X-18.316 Y-173.289 Z0.898 F400.000
G1 X-18.057 Y-173.255 Z0.889 F400.000
G1 X-17.850 Y-173.241 Z0.881 F400.000
G1 X-16.445 Y-173.241 Z0.832 F400.000
G1 X-16.336 Y-173.230 Z0.829 F400.000
G1 X-16.307 Y-173.222 Z0.828 F400.000
G1 X-16.281 Y-173.207 Z0.826 F400.000
G1 X-16.257 Y-173.188 Z0.825 F400.000
G1 X-16.238 Y-173.164 Z0.824 F400.000
G1 X-16.224 Y-173.138 Z0.823 F400.000
G1 X-16.215 Y-173.109 Z0.822 F400.000
G1 X-16.204 Y-173.000 Z0.818 F400.000
G1 X-16.204 Y-170.109 Z0.717 F400.000
G1 X-16.207 Y-170.049 Z0.715 F400.000
G1 X-16.210 Y-170.031 Z0.715 F400.000
G1 X-16.215 Y-170.015 Z0.714 F400.000
G1 X-16.238 Y-169.958 Z0.712 F400.000
G1 X-16.383 Y-169.647 Z0.700 F400.000
G1 X-16.238 Y-169.958 Z0.688 F400.000
G1 X-16.215 Y-170.015 Z0.686 F400.000
G1 X-16.210 Y-170.031 Z0.685 F400.000
G1 X-16.207 Y-170.049 Z0.685 F400.000
G1 X-16.204 Y-170.109 Z0.683 F400.000
G1 X-16.204 Y-173.000 Z0.582 F400.000
G1 X-16.215 Y-173.109 Z0.578 F400.000
G1 X-16.224 Y-173.138 Z0.577 F400.000
G1 X-16.238 Y-173.164 Z0.576 F400.000
G1 X-16.257 Y-173.188 Z0.575 F400.000
G1 X-16.281 Y-173.207 Z0.574 F400.000
G1 X-16.307 Y-173.222 Z0.572 F400.000
G1 X-16.336 Y-173.230 Z0.571 F400.000
G1 X-16.445 Y-173.241 Z0.568 F400.000
G1 X-17.850 Y-173.241 Z0.519 F400.000
G1 X-18.057 Y-173.255 Z0.511 F400.000
G1 X-18.316 Y-173.289 Z0.502 F400.000
G1 X-18.716 Y-173.396 Z0.488 F400.000
G1 X-18.958 Y-173.496 Z0.479 F400.000
G1 X-19.316 Y-173.703 Z0.464 F400.000
G1 X-19.524 Y-173.862 Z0.455 F400.000
G1 X-19.817 Y-174.155 Z0.441 F400.000
G1 X-19.975 Y-174.362 Z0.431 F400.000
G1 X-20.183 Y-174.721 Z0.417 F400.000
G1 X-20.283 Y-174.962 Z0.408 F400.000
G1 X-20.390 Y-175.362 Z0.393 F400.000
G1 X-20.424 Y-175.621 Z0.384 F400.000
G1 X-20.437 Y-175.828 Z0.377 F400.000
G1 X-20.437 Y-198.696 Z-0.422 F400.000
G1 X-20.425 Y-198.973 Z-0.431 F400.000
G1 X-20.375 Y-199.333 Z-0.444 F400.000
G1 X-20.286 Y-199.686 Z-0.457 F400.000
G1 X-20.159 Y-200.027 Z-0.469 F400.000
G1 X-16.238 Y-208.442 Z-0.794 F400.000
G1 X-16.215 Y-208.499 Z-0.796 F400.000
G1 X-16.210 Y-208.515 Z-0.796 F400.000
G1 X-16.207 Y-208.533 Z-0.797 F400.000
G1 X-16.204 Y-208.593 Z-0.799 F400.000
G1 X-16.204 Y-211.485 Z-0.900 F400.000
G1 X-16.215 Y-211.593 Z-0.904 F400.000
G1 X-16.224 Y-211.622 Z-0.905 F400.000
G1 X-16.238 Y-211.649 Z-0.906 F400.000
G1 X-16.257 Y-211.672 Z-0.907 F400.000
G1 X-16.281 Y-211.691 Z-0.908 F400.000
G1 X-16.307 Y-211.706 Z-0.909 F400.000
G1 X-16.336 Y-211.714 Z-0.910 F400.000
G1 X-16.445 Y-211.725 Z-0.914 F400.000
G1 X-17.850 Y-211.725 Z-0.963 F400.000
G1 X-18.057 Y-211.739 Z-0.970 F400.000
G1 X-18.316 Y-211.773 Z-0.979 F400.000
G1 X-18.716 Y-211.880 Z-0.994 F400.000
G1 X-18.958 Y-211.980 Z-1.003 F400.000
G1 X-19.316 Y-212.187 Z-1.017 F400.000
G1 X-19.524 Y-212.346 Z-1.027 F400.000
G1 X-19.817 Y-212.639 Z-1.041 F400.000
G1 X-19.975 Y-212.846 Z-1.050 F400.000
G1 X-20.183 Y-213.205 Z-1.065 F400.000
G1 X-20.283 Y-213.446 Z-1.074 F400.000
G1 X-20.390 Y-213.846 Z-1.088 F400.000
G1 X-20.424 Y-214.105 Z-1.097 F400.000
G1 X-20.437 Y-214.313 Z-1.105 F400.000
G1 X-20.437 Y-228.500 Z-1.600 F400.000
G1 X-20.437 Y-214.313 Z-1.600 F400.000
G1 X-20.424 Y-214.105 Z-1.600 F400.000
G1 X-20.390 Y-213.846 Z-1.600 F400.000
G1 X-20.283 Y-213.446 Z-1.600 F400.000
G1 X-20.183 Y-213.205 Z-1.600 F400.000
G1 X-19.975 Y-212.846 Z-1.600 F400.000
G1 X-19.817 Y-212.639 Z-1.600 F400.000
G1 X-19.524 Y-212.346 Z-1.600 F400.000
G1 X-19.316 Y-212.187 Z-1.600 F400.000
G1 X-18.958 Y-211.980 Z-1.600 F400.000
G1 X-18.716 Y-211.880 Z-1.600 F400.000
G1 X-18.316 Y-211.773 Z-1.600 F400.000
G1 X-18.057 Y-211.739 Z-1.600 F400.000
G1 X-17.850 Y-211.725 Z-1.600 F400.000
G1 X-16.445 Y-211.725 Z-1.600 F400.000
G1 X-16.336 Y-211.714 Z-1.600 F400.000
G1 X-16.307 Y-211.706 Z-1.600 F400.000
G1 X-16.281 Y-211.691 Z-1.600 F400.000
G1 X-16.257 Y-211.672 Z-1.600 F400.000
G1 X-16.238 Y-211.649 Z-1.600 F400.000
G1 X-16.224 Y-211.622 Z-1.600 F400.000
G1 X-16.215 Y-211.593 Z-1.600 F400.000
G1 X-16.204 Y-211.485 Z-1.600 F400.000
G1 X-16.204 Y-208.593 Z-1.600 F400.000
G1 X-16.207 Y-208.533 Z-1.600 F400.000
G1 X-16.210 Y-208.515 Z-1.600 F400.000
G1 X-16.215 Y-208.499 Z-1.600 F400.000
G1 X-16.238 Y-208.442 Z-1.600 F400.000
G1 X-20.159 Y-200.027 Z-1.600 F400.000
G1 X-20.286 Y-199.686 Z-1.600 F400.000
G1 X-20.375 Y-199.333 Z-1.600 F400.000
G1 X-20.425 Y-198.973 Z-1.600 F400.000
G1 X-20.437 Y-198.696 Z-1.600 F400.000
G1 X-20.437 Y-175.828 Z-1.600 F400.000
G1 X-20.424 Y-175.621 Z-1.600 F400.000
G1 X-20.390 Y-175.362 Z-1.600 F400.000
G1 X-20.283 Y-174.962 Z-1.600 F400.000
G1 X-20.183 Y-174.721 Z-1.600 F400.000
G1 X-19.975 Y-174.362 Z-1.600 F400.000
G1 X-19.817 Y-174.155 Z-1.600 F400.000
G1 X-19.524 Y-173.862 Z-1.600 F400.000
G1 X-19.316 Y-173.703 Z-1.600 F400.000
G1 X-18.958 Y-173.496 Z-1.600 F400.000
G1 X-18.716 Y-173.396 Z-1.600 F400.000
G1 X-18.316 Y-173.289 Z-1.600 F400.000
G1 X-18.057 Y-173.255 Z-1.600 F400.000
G1 X-17.850 Y-173.241 Z-1.600 F400.000
G1 X-16.445 Y-173.241 Z-1.600 F400.000
G1 X-16.336 Y-173.230 Z-1.600 F400.000
G1 X-16.307 Y-173.222 Z-1.600 F400.000
G1 X-16.281 Y-173.207 Z-1.600 F400.000
G1 X-16.257 Y-173.188 Z-1.600 F400.000
G1 X-16.238 Y-173.164 Z-1.600 F400.000
G1 X-16.224 Y-173.138 Z-1.600 F400.000
G1 X-16.215 Y-173.109 Z-1.600 F400.000
G1 X-16.204 Y-173.000 Z-1.600 F400.000
G1 X-16.204 Y-170.109 Z-1.600 F400.000
G1 X-16.207 Y-170.049 Z-1.600 F400.000
G1 X-16.210 Y-170.031 Z-1.600 F400.000
G1 X-16.215 Y-170.015 Z-1.600 F400.000
G1 X-16.238 Y-169.958 Z-1.600 F400.000
G1 X-20.159 Y-161.543 Z-1.600 F400.000
G1 X-20.286 Y-161.202 Z-1.600 F400.000
G1 X-20.375 Y-160.849 Z-1.600 F400.000
G1 X-20.425 Y-160.489 Z-1.600 F400.000
G1 X-20.437 Y-160.212 Z-1.600 F400.000
G1 X-20.437 Y-137.344 Z-1.600 F400.000
G1 X-20.424 Y-137.137 Z-1.600 F400.000
G1 X-20.390 Y-136.878 Z-1.600 F400.000
G1 X-20.283 Y-136.478 Z-1.600 F400.000
G1 X-20.183 Y-136.237 Z-1.600 F400.000
G1 X-19.975 Y-135.878 Z-1.600 F400.000
G1 X-19.817 Y-135.671 Z-1.600 F400.000
G1 X-19.524 Y-135.378 Z-1.600 F400.000
G1 X-19.316 Y-135.219 Z-1.600 F400.000
G1 X-18.958 Y-135.012 Z-1.600 F400.000
G1 X-18.716 Y-134.912 Z-1.600 F400.000
G1 X-18.316 Y-134.805 Z-1.600 F400.000
G1 X-18.057 Y-134.771 Z-1.600 F400.000
G1 X-17.850 Y-134.757 Z-1.600 F400.000
G1 X-16.445 Y-134.757 Z-1.600 F400.000
G1 X-16.336 Y-134.746 Z-1.600 F400.000
G1 X-16.307 Y-134.738 Z-1.600 F400.000
G1 X-16.281 Y-134.723 Z-1.600 F400.000
G1 X-16.257 Y-134.704 Z-1.600 F400.000
G1 X-16.238 Y-134.680 Z-1.600 F400.000
G1 X-16.224 Y-134.654 Z-1.600 F400.000
G1 X-16.215 Y-134.625 Z-1.600 F400.000
G1 X-16.204 Y-134.516 Z-1.600 F400.000
G1 X-16.204 Y-131.625 Z-1.600 F400.000
G1 X-16.207 Y-131.565 Z-1.600 F400.000
G1 X-16.210 Y-131.547 Z-1.600 F400.000
G1 X-16.215 Y-131.531 Z-1.600 F400.000
G1 X-16.238 Y-131.474 Z-1.600 F400.000
G1 X-20.159 Y-123.059 Z-1.600 F400.000
G1 X-20.286 Y-122.718 Z-1.600 F400.000
G1 X-20.375 Y-122.365 Z-1.600 F400.000
G1 X-20.425 Y-122.005 Z-1.600 F400.000
G1 X-20.437 Y-121.728 Z-1.600 F400.000
G1 X-20.437 Y-98.860 Z-1.600 F400.000
G1 X-20.424 Y-98.653 Z-1.600 F400.000
G1 X-20.390 Y-98.394 Z-1.600 F400.000
G1 X-20.283 Y-97.994 Z-1.600 F400.000
G1 X-20.183 Y-97.753 Z-1.600 F400.000
G1 X-19.975 Y-97.394 Z-1.600 F400.000
G1 X-19.817 Y-97.187 Z-1.600 F400.000
G1 X-19.524 Y-96.894 Z-1.600 F400.000
G1 X-19.316 Y-96.735 Z-1.600 F400.000
G1 X-18.958 Y-96.528 Z-1.600 F400.000
G1 X-18.716 Y-96.428 Z-1.600 F400.000
G1 X-18.316 Y-96.321 Z-1.600 F400.000
G1 X-18.057 Y-96.287 Z-1.600 F400.000
G1 X-17.850 Y-96.273 Z-1.600 F400.000
G1 X-16.445 Y-96.273 Z-1.600 F400.000
G1 X-16.336 Y-96.262 Z-1.600 F400.000
G1 X-16.307 Y-96.253 Z-1.600 F400.000
G1 X-16.281 Y-96.239 Z-1.600 F400.000
G1 X-16.257 Y-96.220 Z-1.600 F400.000
G1 X-16.238 Y-96.196 Z-1.600 F400.000
G1 X-16.224 Y-96.170 Z-1.600 F400.000
G1 X-16.215 Y-96.141 Z-1.600 F400.000
G1 X-16.204 Y-96.032 Z-1.600 F400.000
G1 X-16.204 Y-93.141 Z-1.600 F400.000
G1 X-16.207 Y-93.081 Z-1.600 F400.000
G1 X-16.210 Y-93.063 Z-1.600 F400.000
G1 X-16.215 Y-93.046 Z-1.600 F400.000
G1 X-16.238 Y-92.990 Z-1.600 F400.000
G1 X-20.159 Y-84.575 Z-1.600 F400.000
G1 X-20.286 Y-84.234 Z-1.600 F400.000
G1 X-20.375 Y-83.881 Z-1.600 F400.000
G1 X-20.425 Y-83.521 Z-1.600 F400.000
G1 X-20.437 Y-83.244 Z-1.600 F400.000
G1 X-20.437 Y-60.376 Z-1.600 F400.000
G1 X-20.424 Y-60.169 Z-1.600 F400.000
G1 X-20.390 Y-59.910 Z-1.600 F400.000
G1 X-20.283 Y-59.510 Z-1.600 F400.000
G1 X-20.183 Y-59.269 Z-1.600 F400.000
G1 X-19.975 Y-58.910 Z-1.600 F400.000
G1 X-19.817 Y-58.703 Z-1.600 F400.000
G1 X-19.524 Y-58.410 Z-1.600 F400.000
G1 X-19.316 Y-58.251 Z-1.600 F400.000
G1 X-18.958 Y-58.044 Z-1.600 F400.000
G1 X-18.716 Y-57.944 Z-1.600 F400.000
G1 X-18.316 Y-57.837 Z-1.600 F400.000
G1 X-18.057 Y-57.803 Z-1.600 F400.000
G1 X-17.850 Y-57.789 Z-1.600 F400.000
G1 X-16.445 Y-57.789 Z-1.600 F400.000
G1 X-16.336 Y-57.778 Z-1.600 F400.000
G1 X-16.307 Y-57.769 Z-1.600 F400.000
G1 X-16.281 Y-57.755 Z-1.600 F400.000
G1 X-16.257 Y-57.736 Z-1.600 F400.000
G1 X-16.238 Y-57.712 Z-1.600 F400.000
G1 X-16.224 Y-57.686 Z-1.600 F400.000
G1 X-16.215 Y-57.657 Z-1.600 F400.000
G1 X-16.204 Y-57.548 Z-1.600 F400.000
G1 X-16.204 Y-54.657 Z-1.600 F400.000
G1 X-16.207 Y-54.597 Z-1.600 F400.000
G1 X-16.210 Y-54.579 Z-1.600 F400.000
G1 X-16.215 Y-54.562 Z-1.600 F400.000
G1 X-16.238 Y-54.506 Z-1.600 F400.000
G1 X-20.159 Y-46.091 Z-1.600 F400.000
G1 X-20.286 Y-45.750 Z-1.600 F400.000
G1 X-20.375 Y-45.397 Z-1.600 F400.000
G1 X-20.425 Y-45.037 Z-1.600 F400.000
G1 X-20.437 Y-44.760 Z-1.600 F400.000
G1 X-20.430 Y-36.124 Z-1.600 F400.000
G1 X-20.396 Y-35.783 Z-1.600 F400.000
G1 X-20.336 Y-35.477 Z-1.600 F400.000
G1 X-20.236 Y-35.149 Z-1.600 F400.000
G1 X-20.117 Y-34.862 Z-1.600 F400.000
G1 X-19.955 Y-34.559 Z-1.600 F400.000
G1 X-19.782 Y-34.300 Z-1.600 F400.000
G1 X-19.565 Y-34.035 Z-1.600 F400.000
G1 X-19.345 Y-33.815 Z-1.600 F400.000
G1 X-19.079 Y-33.597 Z-1.600 F400.000
G1 X-18.821 Y-33.424 Z-1.600 F400.000
G1 X-18.518 Y-33.263 Z-1.600 F400.000
G1 X-18.231 Y-33.144 Z-1.600 F400.000
G1 X-17.902 Y-33.044 Z-1.600 F400.000
G1 X-17.597 Y-32.983 Z-1.600 F400.000
G1 X-17.100 Y-32.942 Z-1.600 F400.000
G1 X-14.328 Y-32.942 Z-1.600 F400.000
G1 X-14.220 Y-32.931 Z-1.600 F400.000
G1 X-14.191 Y-32.923 Z-1.600 F400.000
G1 X-14.164 Y-32.908 Z-1.600 F400.000
G1 X-14.141 Y-32.889 Z-1.600 F400.000
G1 X-14.121 Y-32.866 Z-1.600 F400.000
G1 X-14.107 Y-32.839 Z-1.600 F400.000
G1 X-14.098 Y-32.810 Z-1.600 F400.000
G1 X-14.088 Y-32.702 Z-1.600 F400.000
G1 X-14.087 Y-30.995 Z-1.600 F400.000
G1 X-14.098 Y-30.887 Z-1.600 F400.000
G1 X-14.107 Y-30.858 Z-1.600 F400.000
G1 X-14.121 Y-30.831 Z-1.600 F400.000
G1 X-14.141 Y-30.808 Z-1.600 F400.000
G1 X-14.164 Y-30.788 Z-1.600 F400.000
G1 X-14.191 Y-30.774 Z-1.600 F400.000
G1 X-14.220 Y-30.765 Z-1.600 F400.000
G1 X-14.330 Y-30.754 Z-1.600 F400.000
G1 X-17.256 Y-30.747 Z-1.600 F400.000
G1 X-17.597 Y-30.713 Z-1.600 F400.000
G1 X-17.902 Y-30.653 Z-1.600 F400.000
G1 X-18.231 Y-30.553 Z-1.600 F400.000
G1 X-18.518 Y-30.434 Z-1.600 F400.000
G1 X-18.821 Y-30.272 Z-1.600 F400.000
G1 X-19.079 Y-30.099 Z-1.600 F400.000
G1 X-19.345 Y-29.882 Z-1.600 F400.000
G1 X-19.565 Y-29.662 Z-1.600 F400.000
G1 X-19.782 Y-29.396 Z-1.600 F400.000
G1 X-19.955 Y-29.138 Z-1.600 F400.000
G1 X-20.117 Y-28.835 Z-1.600 F400.000
G1 X-20.236 Y-28.548 Z-1.600 F400.000
G1 X-20.336 Y-28.219 Z-1.600 F400.000
G1 X-20.396 Y-27.914 Z-1.600 F400.000
G1 X-20.437 Y-27.417 Z-1.600 F400.000
G1 X-20.437 Y-3.500 Z-1.600 F400.000
G0 X-20.437 Y-3.500 Z5.000
G0 X-20.437 Y-228.500 Z5.000
G0 X-20.437 Y-228.500 Z3.000
G1 X-20.437 Y-214.313 Z2.505 F400.000
G1 X-20.424 Y-214.105 Z2.497 F400.000
G1 X-20.390 Y-213.846 Z2.488 F400.000
G1 X-20.283 Y-213.446 Z2.474 F400.000
G1 X-20.183 Y-213.205 Z2.465 F400.000
G1 X-19.975 Y-212.846 Z2.450 F400.000
G1 X-19.817 Y-212.639 Z2.441 F400.000
G1 X-19.524 Y-212.346 Z2.427 F400.000
G1 X-19.316 Y-212.187 Z2.417 F400.000
G1 X-18.958 Y-211.980 Z2.403 F400.000
G1 X-18.716 Y-211.880 Z2.394 F400.000
G1 X-18.316 Y-211.773 Z2.379 F400.000
G1 X-18.057 Y-211.739 Z2.370 F400.000
G1 X-17.850 Y-211.725 Z2.363 F400.000
G1 X-16.445 Y-211.725 Z2.314 F400.000
G1 X-16.336 Y-211.714 Z2.310 F400.000
G1 X-16.307 Y-211.706 Z2.309 F400.000
G1 X-16.281 Y-211.691 Z2.308 F400.000
G1 X-16.257 Y-211.672 Z2.307 F400.000
G1 X-16.238 Y-211.649 Z2.306 F400.000
G1 X-16.224 Y-211.622 Z2.305 F400.000
G1 X-16.215 Y-211.593 Z2.304 F400.000
G1 X-16.204 Y-211.485 Z2.300 F400.000
G1 X-16.204 Y-208.593 Z2.199 F400.000
G1 X-16.207 Y-208.533 Z2.197 F400.000
G1 X-16.210 Y-208.515 Z2.196 F400.000
G1 X-16.215 Y-208.499 Z2.196 F400.000
G1 X-16.238 Y-208.442 Z2.194 F400.000
G1 X-20.159 Y-200.027 Z1.869 F400.000
G1 X-20.286 Y-199.686 Z1.857 F400.000
G1 X-20.375 Y-199.333 Z1.844 F400.000
G1 X-20.425 Y-198.973 Z1.831 F400.000
G1 X-20.437 Y-198.696 Z1.822 F400.000
G1 X-20.437 Y-175.828 Z1.023 F400.000
G1 X-20.424 Y-175.621 Z1.016 F400.000
G1 X-20.390 Y-175.362 Z1.007 F400.000
G1 X-20.283 Y-174.962 Z0.992 F400.000
G1 X-20.183 Y-174.721 Z0.983 F400.000
G1 X-19.975 Y-174.362 Z0.969 F400.000
G1 X-19.817 Y-174.155 Z0.959 F400.000
G1 X-19.524 Y-173.862 Z0.945 F400.000
G1 X-19.316 Y-173.703 Z0.936 F400.000
G1 X-18.958 Y-173.496 Z0.921 F400.000
G1 X-18.716 Y-173.396 Z0.912 F400.000
G1 X-18.316 Y-173.289 Z0.898 F400.000
G1 X-18.057 Y-173.255 Z0.889 F400.000
G1 X-17.850 Y-173.241 Z0.881 F400.000
G1 X-16.445 Y-173.241 Z0.832 F400.000
G1 X-16.336 Y-173.230 Z0.829 F400.000
G1 X-16.307 Y-173.222 Z0.828 F400.000
G1 X-16.281 Y-173.207 Z0.826 F400.000
G1 X-16.257 Y-173.188 Z0.825 F400.000
G1 X-16.238 Y-173.164 Z0.824 F400.000
G1 X-16.224 Y-173.138 Z0.823 F400.000
G1 X-16.215 Y-173.109 Z0.822 F400.000
G1 X-16.204 Y-173.000 Z0.818 F400.000
G1 X-16.204 Y-170.109 Z0.717 F400.000
G1 X-16.207 Y-170.049 Z0.715 F400.000
G1 X-16.210 Y-170.031 Z0.715 F400.000
G1 X-16.215 Y-170.015 Z0.714 F400.000
G1 X-16.238 Y-169.958 Z0.712 F400.000
G1 X-17.592 Y-167.051 Z0.600 F400.000
G1 X-16.238 Y-169.958 Z0.488 F400.000
G1 X-16.215 Y-170.015 Z0.486 F400.000
G1 X-16.210 Y-170.031 Z0.485 F400.000
G1 X-16.207 Y-170.049 Z0.485 F400.000
G1 X-16.204 Y-170.109 Z0.483 F400.000
G1 X-16.204 Y-173.000 Z0.382 F400.000
G1 X-16.215 Y-173.109 Z0.378 F400.000
G1 X-16.224 Y-173.138 Z0.377 F400.000
G1 X-16.238 Y-173.164 Z0.376 F400.000
G1 X-16.257 Y-173.188 Z0.375 F400.000
G1 X-16.281 Y-173.207 Z0.374 F400.000
G1 X-16.307 Y-173.222 Z0.372 F400.000
G1 X-16.336 Y-173.230 Z0.371 F400.000
G1 X-16.445 Y-173.241 Z0.368 F400.000
G1 X-17.850 Y-173.241 Z0.319 F400.000
G1 X-18.057 Y-173.255 Z0.311 F400.000
G1 X-18.316 Y-173.289 Z0.302 F400.000
G1 X-18.716 Y-173.396 Z0.288 F400.000
G1 X-18.958 Y-173.496 Z0.279 F400.000
G1 X-19.316 Y-173.703 Z0.264 F400.000
G1 X-19.524 Y-173.862 Z0.255 F400.000
G1 X-19.817 Y-174.155 Z0.241 F400.000
G1 X-19.975 Y-174.362 Z0.231 F400.000
G1 X-20.183 Y-174.721 Z0.217 F400.000
G1 X-20.283 Y-174.962 Z0.208 F400.000
G1 X-20.390 Y-175.362 Z0.193 F400.000
G1 X-20.424 Y-175.621 Z0.184 F400.000
G1 X-20.437 Y-175.828 Z0.177 F400.000
G1 X-20.437 Y-198.696 Z-0.622 F400.000
G1 X-20.425 Y-198.973 Z-0.631 F400.000
G1 X-20.375 Y-199.333 Z-0.644 F400.000
G1 X-20.286 Y-199.686 Z-0.657 F400.000
G1 X-20.159 Y-200.027 Z-0.669 F400.000
G1 X-16.238 Y-208.442 Z-0.994 F400.000
G1 X-16.215 Y-208.499 Z-0.996 F400.000
G1 X-16.210 Y-208.515 Z-0.996 F400.000
G1 X-16.207 Y-208.533 Z-0.997 F400.000
G1 X-16.204 Y-208.593 Z-0.999 F400.000
G1 X-16.204 Y-211.485 Z-1.100 F400.000
G1 X-16.215 Y-211.593 Z-1.104 F400.000
G1 X-16.224 Y-211.622 Z-1.105 F400.000
G1 X-16.238 Y-211.649 Z-1.106 F400.000
G1 X-16.257 Y-211.672 Z-1.107 F400.000
G1 X-16.281 Y-211.691 Z-1.108 F400.000
G1 X-16.307 Y-211.706 Z-1.109 F400.000
G1 X-16.336 Y-211.714 Z-1.110 F400.000
G1 X-16.445 Y-211.725 Z-1.114 F400.000
G1 X-17.850 Y-211.725 Z-1.163 F400.000
G1 X-18.057 Y-211.739 Z-1.170 F400.000
G1 X-18.316 Y-211.773 Z-1.179 F400.000
G1 X-18.716 Y-211.880 Z-1.194 F400.000
G1 X-18.958 Y-211.980 Z-1.203 F400.000
G1 X-19.316 Y-212.187 Z-1.217 F400.000
G1 X-19.524 Y-212.346 Z-1.227 F400.000
G1 X-19.817 Y-212.639 Z-1.241 F400.000
G1 X-19.975 Y-212.846 Z-1.250 F400.000
G1 X-20.183 Y-213.205 Z-1.265 F400.000
G1 X-20.283 Y-213.446 Z-1.274 F400.000
G1 X-20.390 Y-213.846 Z-1.288 F400.000
G1 X-20.424 Y-214.105 Z-1.297 F400.000
G1 X-20.437 Y-214.313 Z-1.305 F400.000
G1 X-20.437 Y-228.500 Z-1.800 F400.000
G1 X-20.437 Y-214.313 Z-1.800 F400.000
G1 X-20.424 Y-214.105 Z-1.800 F400.000
G1 X-20.390 Y-213.846 Z-1.800 F400.000
G1 X-20.283 Y-213.446 Z-1.800 F400.000
G1 X-20.183 Y-213.205 Z-1.800 F400.000
G1 X-19.975 Y-212.846 Z-1.800 F400.000
G1 X-19.817 Y-212.639 Z-1.800 F400.000
G1 X-19.524 Y-212.346 Z-1.800 F400.000
G1 X-19.316 Y-212.187 Z-1.800 F400.000
G1 X-18.958 Y-211.980 Z-1.800 F400.000
G1 X-18.716 Y-211.880 Z-1.800 F400.000
G1 X-18.316 Y-211.773 Z-1.800 F400.000
G1 X-18.057 Y-211.739 Z-1.800 F400.000
G1 X-17.850 Y-211.725 Z-1.800 F400.000
G1 X-16.445 Y-211.725 Z-1.800 F400.000
G1 X-16.336 Y-211.714 Z-1.800 F400.000
G1 X-16.307 Y-211.706 Z-1.800 F400.000
G1 X-16.281 Y-211.691 Z-1.800 F400.000
G1 X-16.257 Y-211.672 Z-1.800 F400.000
G1 X-16.238 Y-211.649 Z-1.800 F400.000
G1 X-16.224 Y-211.622 Z-1.800 F400.000
G1 X-16.215 Y-211.593 Z-1.800 F400.000
G1 X-16.204 Y-211.485 Z-1.800 F400.000
G1 X-16.204 Y-208.593 Z-1.800 F400.000
G1 X-16.207 Y-208.533 Z-1.800 F400.000
G1 X-16.210 Y-208.515 Z-1.800 F400.000
G1 X-16.215 Y-208.499 Z-1.800 F400.000
G1 X-16.238 Y-208.442 Z-1.800 F400.000
G1 X-20.159 Y-200.027 Z-1.800 F400.000
G1 X-20.286 Y-199.686 Z-1.800 F400.000
G1 X-20.375 Y-199.333 Z-1.800 F400.000
G1 X-20.425 Y-198.973 Z-1.800 F400.000
G1 X-20.437 Y-198.696 Z-1.800 F400.000
G1 X-20.437 Y-175.828 Z-1.800 F400.000
G1 X-20.424 Y-175.621 Z-1.800 F400.000
G1 X-20.390 Y-175.362 Z-1.800 F400.000
G1 X-20.283 Y-174.962 Z-1.800 F400.000
G1 X-20.183 Y-174.721 Z-1.800 F400.000
G1 X-19.975 Y-174.362 Z-1.800 F400.000
G1 X-19.817 Y-174.155 Z-1.800 F400.000
G1 X-19.524 Y-173.862 Z-1.800 F400.000
G1 X-19.316 Y-173.703 Z-1.800 F400.000
G1 X-18.958 Y-173.496 Z-1.800 F400.000
G1 X-18.716 Y-173.396 Z-1.800 F400.000
G1 X-18.316 Y-173.289 Z-1.800 F400.000
G1 X-18.057 Y-173.255 Z-1.800 F400.000
G1 X-17.850 Y-173.241 Z-1.800 F400.000
G1 X-16.445 Y-173.241 Z-1.800 F400.000
G1 X-16.336 Y-173.230 Z-1.800 F400.000
G1 X-16.307 Y-173.222 Z-1.800 F400.000
G1 X-16.281 Y-173.207 Z-1.800 F400.000
G1 X-16.257 Y-173.188 Z-1.800 F400.000
G1 X-16.238 Y-173.164 Z-1.800 F400.000
G1 X-16.224 Y-173.138 Z-1.800 F400.000
G1 X-16.215 Y-173.109 Z-1.800 F400.000
G1 X-16.204 Y-173.000 Z-1.800 F400.000
G1 X-16.204 Y-170.109 Z-1.800 F400.000
G1 X-16.207 Y-170.049 Z-1.800 F400.000
G1 X-16.210 Y-170.031 Z-1.800 F400.000
G1 X-16.215 Y-170.015 Z-1.800 F400.000
G1 X-16.238 Y-169.958 Z-1.800 F400.000
G1 X-20.159 Y-161.543 Z-1.800 F400.000
G1 X-20.286 Y-161.202 Z-1.800 F400.000
G1 X-20.375 Y-160.849 Z-1.800 F400.000
G1 X-20.425 Y-160.489 Z-1.800 F400.000
G1 X-20.437 Y-160.212 Z-1.800 F400.000
G1 X-20.437 Y-137.344 Z-1.800 F400.000
G1 X-20.424 Y-137.137 Z-1.800 F400.000
G1 X-20.390 Y-136.878 Z-1.800 F400.000
G1 X-20.283 Y-136.478 Z-1.800 F400.000
G1 X-20.183 Y-136.237 Z-1.800 F400.000
G1 X-19.975 Y-135.878 Z-1.800 F400.000
G1 X-19.817 Y-135.671 Z-1.800 F400.000
G1 X-19.524 Y-135.378 Z-1.800 F400.000
G1 X-19.316 Y-135.219 Z-1.800 F400.000
G1 X-18.958 Y-135.012 Z-1.800 F400.000
G1 X-18.716 Y-134.912 Z-1.800 F400.000
G1 X-18.316 Y-134.805 Z-1.800 F400.000
G1 X-18.057 Y-134.771 Z-1.800 F400.000
G1 X-17.850 Y-134.757 Z-1.800 F400.000
G1 X-16.445 Y-134.757 Z-1.800 F400.000
G1 X-16.336 Y-134.746 Z-1.800 F400.000
G1 X-16.307 Y-134.738 Z-1.800 F400.000
G1 X-16.281 Y-134.723 Z-1.800 F400.000
G1 X-16.257 Y-134.704 Z-1.800 F400.000
G1 X-16.238 Y-134.680 Z-1.800 F400.000
G1 X-16.224 Y-134.654 Z-1.800 F400.000
G1 X-16.215 Y-134.625 Z-1.800 F400.000
G1 X-16.204 Y-134.516 Z-1.800 F400.000
G1 X-16.204 Y-131.625 Z-1.800 F400.000
G1 X-16.207 Y-131.565 Z-1.800 F400.000
G1 X-16.210 Y-131.547 Z-1.800 F400.000
G1 X-16.215 Y-131.531 Z-1.800 F400.000
G1 X-16.238 Y-131.474 Z-1.800 F400.000
G1 X-20.159 Y-123.059 Z-1.800 F400.000
G1 X-20.286 Y-122.718 Z-1.800 F400.000
G1 X-20.375 Y-122.365 Z-1.800 F400.000
G1 X-20.425 Y-122.005 Z-1.800 F400.000
G1 X-20.437 Y-121.728 Z-1.800 F400.000
G1 X-20.437 Y-98.860 Z-1.800 F400.000
G1 X-20.424 Y-98.653 Z-1.800 F400.000
G1 X-20.390 Y-98.394 Z-1.800 F400.000
G1 X-20.283 Y-97.994 Z-1.800 F400.000
G1 X-20.183 Y-97.753 Z-1.800 F400.000
G1 X-19.975 Y-97.394 Z-1.800 F400.000
G1 X-19.817 Y-97.187 Z-1.800 F400.000
G1 X-19.524 Y-96.894 Z-1.800 F400.000
G1 X-19.316 Y-96.735 Z-1.800 F400.000
G1 X-18.958 Y-96.528 Z-1.800 F400.000
G1 X-18.716 Y-96.428 Z-1.800 F400.000
G1 X-18.316 Y-96.321 Z-1.800 F400.000
G1 X-18.057 Y-96.287 Z-1.800 F400.000
G1 X-17.850 Y-96.273 Z-1.800 F400.000
G1 X-16.445 Y-96.273 Z-1.800 F400.000
G1 X-16.336 Y-96.262 Z-1.800 F400.000
G1 X-16.307 Y-96.253 Z-1.800 F400.000
G1 X-16.281 Y-96.239 Z-1.800 F400.000
G1 X-16.257 Y-96.220 Z-1.800 F400.000
G1 X-16.238 Y-96.196 Z-1.800 F400.000
G1 X-16.224 Y-96.170 Z-1.800 F400.000
G1 X-16.215 Y-96.141 Z-1.800 F400.000
G1 X-16.204 Y-96.032 Z-1.800 F400.000
G1 X-16.204 Y-93.141 Z-1.800 F400.000
G1 X-16.207 Y-93.081 Z-1.800 F400.000
G1 X-16.210 Y-93.063 Z-1.800 F400.000
G1 X-16.215 Y-93.046 Z-1.800 F400.000
G1 X-16.238 Y-92.990 Z-1.800 F400.000
G1 X-20.159 Y-84.575 Z-1.800 F400.000
G1 X-20.286 Y-84.234 Z-1.800 F400.000
G1 X-20.375 Y-83.881 Z-1.800 F400.000
G1 X-20.425 Y-83.521 Z-1.800 F400.000
G1 X-20.437 Y-83.244 Z-1.800 F400.000
G1 X-20.437 Y-60.376 Z-1.800 F400.000
G1 X-20.424 Y-60.169 Z-1.800 F400.000
G1 X-20.390 Y-59.910 Z-1.800 F400.000
G1 X-20.283 Y-59.510 Z-1.800 F400.000
G1 X-20.183 Y-59.269 Z-1.800 F400.000
G1 X-19.975 Y-58.910 Z-1.800 F400.000
G1 X-19.817 Y-58.703 Z-1.800 F400.000
G1 X-19.524 Y-58.410 Z-1.800 F400.000
G1 X-19.316 Y-58.251 Z-1.800 F400.000
G1 X-18.958 Y-58.044 Z-1.800 F400.000
G1 X-18.716 Y-57.944 Z-1.800 F400.000
G1 X-18.316 Y-57.837 Z-1.800 F400.000
G1 X-18.057 Y-57.803 Z-1.800 F400.000
G1 X-17.850 Y-57.789 Z-1.800 F400.000
G1 X-16.445 Y-57.789 Z-1.800 F400.000
G1 X-16.336 Y-57.778 Z-1.800 F400.000
G1 X-16.307 Y-57.769 Z-1.800 F400.000
G1 X-16.281 Y-57.755 Z-1.800 F400.000
G1 X-16.257 Y-57.736 Z-1.800 F400.000
G1 X-16.238 Y-57.712 Z-1.800 F400.000
G1 X-16.224 Y-57.686 Z-1.800 F400.000
G1 X-16.215 Y-57.657 Z-1.800 F400.000
G1 X-16.204 Y-57.548 Z-1.800 F400.000
G1 X-16.204 Y-54.657 Z-1.800 F400.000
G1 X-16.207 Y-54.597 Z-1.800 F400.000
G1 X-16.210 Y-54.579 Z-1.800 F400.000
G1 X-16.215 Y-54.562 Z-1.800 F400.000
G1 X-16.238 Y-54.506 Z-1.800 F400.000
G1 X-20.159 Y-46.091 Z-1.800 F400.000
G1 X-20.286 Y-45.750 Z-1.800 F400.000
G1 X-20.375 Y-45.397 Z-1.800 F400.000
G1 X-20.425 Y-45.037 Z-1.800 F400.000
G1 X-20.437 Y-44.760 Z-1.800 F400.000
G1 X-20.430 Y-36.124 Z-1.800 F400.000
G1 X-20.396 Y-35.783 Z-1.800 F400.000
G1 X-20.336 Y-35.477 Z-1.800 F400.000
G1 X-20.236 Y-35.149 Z-1.800 F400.000
G1 X-20.117 Y-34.862 Z-1.800 F400.000
G1 X-19.955 Y-34.559 Z-1.800 F400.000
G1 X-19.782 Y-34.300 Z-1.800 F400.000
G1 X-19.565 Y-34.035 Z-1.800 F400.000
G1 X-19.345 Y-33.815 Z-1.800 F400.000
G1 X-19.079 Y-33.597 Z-1.800 F400.000
G1 X-18.821 Y-33.424 Z-1.800 F400.000
G1 X-18.518 Y-33.263 Z-1.800 F400.000
G1 X-18.231 Y-33.144 Z-1.800 F400.000
G1 X-17.902 Y-33.044 Z-1.800 F400.000
G1 X-17.597 Y-32.983 Z-1.800 F400.000
G1 X-17.100 Y-32.942 Z-1.800 F400.000
G1 X-14.328 Y-32.942 Z-1.800 F400.000
G1 X-14.220 Y-32.931 Z-1.800 F400.000
G1 X-14.191 Y-32.923 Z-1.800 F400.000
G1 X-14.164 Y-32.908 Z-1.800 F400.000
G1 X-14.141 Y-32.889 Z-1.800 F400.000
G1 X-14.121 Y-32.866 Z-1.800 F400.000
G1 X-14.107 Y-32.839 Z-1.800 F400.000
G1 X-14.098 Y-32.810 Z-1.800 F400.000
G1 X-14.088 Y-32.702 Z-1.800 F400.000
G1 X-14.087 Y-30.995 Z-1.800 F400.000
G1 X-14.098 Y-30.887 Z-1.800 F400.000
G1 X-14.107 Y-30.858 Z-1.800 F400.000
G1 X-14.121 Y-30.831 Z-1.800 F400.000
G1 X-14.141 Y-30.808 Z-1.800 F400.000
G1 X-14.164 Y-30.788 Z-1.800 F400.000
G1 X-14.191 Y-30.774 Z-1.800 F400.000
G1 X-14.220 Y-30.765 Z-1.800 F400.000
G1 X-14.330 Y-30.754 Z-1.800 F400.000
G1 X-17.256 Y-30.747 Z-1.800 F400.000
G1 X-17.597 Y-30.713 Z-1.800 F400.000
G1 X-17.902 Y-30.653 Z-1.800 F400.000
G1 X-18.231 Y-30.553 Z-1.800 F400.000
G1 X-18.518 Y-30.434 Z-1.800 F400.000
G1 X-18.821 Y-30.272 Z-1.800 F400.000
G1 X-19.079 Y-30.099 Z-1.800 F400.000
G1 X-19.345 Y-29.882 Z-1.800 F400.000
G1 X-19.565 Y-29.662 Z-1.800 F400.000
G1 X-19.782 Y-29.396 Z-1.800 F400.000
G1 X-19.955 Y-29.138 Z-1.800 F400.000
G1 X-20.117 Y-28.835 Z-1.800 F400.000
G1 X-20.236 Y-28.548 Z-1.800 F400.000
G1 X-20.336 Y-28.219 Z-1.800 F400.000
G1 X-20.396 Y-27.914 Z-1.800 F400.000
G1 X-20.437 Y-27.417 Z-1.800 F400.000
G1 X-20.437 Y-3.500 Z-1.800 F400.000
G0 X-20.437 Y-3.500 Z5.000
G0 X-20.437 Y-228.500 Z5.000
G0 X-20.437 Y-228.500 Z3.000
G1 X-20.437 Y-214.313 Z2.505 F400.000
G1 X-20.424 Y-214.105 Z2.497 F400.000
G1 X-20.390 Y-213.846 Z2.488 F400.000
G1 X-20.283 Y-213.446 Z2.474 F400.000
G1 X-20.183 Y-213.205 Z2.465 F400.000
G1 X-19.975 Y-212.846 Z2.450 F400.000
G1 X-19.817 Y-212.639 Z2.441 F400.000
G1 X-19.524 Y-212.346 Z2.427 F400.000
G1 X-19.316 Y-212.187 Z2.417 F400.000
G1 X-18.958 Y-211.980 Z2.403 F400.000
G1 X-18.716 Y-211.880 Z2.394 F400.000
G1 X-18.316 Y-211.773 Z2.379 F400.000
G1 X-18.057 Y-211.739 Z2.370 F400.000
G1 X-17.850 Y-211.725 Z2.363 F400.000
G1 X-16.445 Y-211.725 Z2.314 F400.000
G1 X-16.336 Y-211.714 Z2.310 F400.000
G1 X-16.307 Y-211.706 Z2.309 F400.000
G1 X-16.281 Y-211.691 Z2.308 F400.000
G1 X-16.257 Y-211.672 Z2.307 F400.000
G1 X-16.238 Y-211.649 Z2.306 F400.000
G1 X-16.224 Y-211.622 Z2.305 F400.000
G1 X-16.215 Y-211.593 Z2.304 F400.000
G1 X-16.204 Y-211.485 Z2.300 F400.000
G1 X-16.204 Y-208.593 Z2.199 F400.000
G1 X-16.207 Y-208.533 Z2.197 F400.000
G1 X-16.210 Y-208.515 Z2.196 F400.000
G1 X-16.215 Y-208.499 Z2.196 F400.000
G1 X-16.238 Y-208.442 Z2.194 F400.000
G1 X-20.159 Y-200.027 Z1.869 F400.000
G1 X-20.286 Y-199.686 Z1.857 F400.000
G1 X-20.375 Y-199.333 Z1.844 F400.000
G1 X-20.425 Y-198.973 Z1.831 F400.000
G1 X-20.437 Y-198.696 Z1.822 F400.000
G1 X-20.437 Y-175.828 Z1.023 F400.000
G1 X-20.424 Y-175.621 Z1.016 F400.000
G1 X-20.390 Y-175.362 Z1.007 F400.000
G1 X-20.283 Y-174.962 Z0.992 F400.000
G1 X-20.183 Y-174.721 Z0.983 F400.000
G1 X-19.975 Y-174.362 Z0.969 F400.000
G1 X-19.817 Y-174.155 Z0.959 F400.000
G1 X-19.524 Y-173.862 Z0.945 F400.000
G1 X-19.316 Y-173.703 Z0.936 F400.000
G1 X-18.958 Y-173.496 Z0.921 F400.000
G1 X-18.716 Y-173.396 Z0.912 F400.000
G1 X-18.316 Y-173.289 Z0.898 F400.000
G1 X-18.057 Y-173.255 Z0.889 F400.000
G1 X-17.850 Y-173.241 Z0.881 F400.000
G1 X-16.445 Y-173.241 Z0.832 F400.000
G1 X-16.336 Y-173.230 Z0.829 F400.000
G1 X-16.307 Y-173.222 Z0.828 F400.000
G1 X-16.281 Y-173.207 Z0.826 F400.000
G1 X-16.257 Y-173.188 Z0.825 F400.000
G1 X-16.238 Y-173.164 Z0.824 F400.000
G1 X-16.224 Y-173.138 Z0.823 F400.000
G1 X-16.215 Y-173.109 Z0.822 F400.000
G1 X-16.204 Y-173.000 Z0.818 F400.000
G1 X-16.204 Y-170.109 Z0.717 F400.000
G1 X-16.207 Y-170.049 Z0.715 F400.000
G1 X-16.210 Y-170.031 Z0.715 F400.000
G1 X-16.215 Y-170.015 Z0.714 F400.000
G1 X-16.238 Y-169.958 Z0.712 F400.000
G1 X-18.802 Y-164.456 Z0.500 F400.000
G1 X-16.238 Y-169.958 Z0.288 F400.000
G1 X-16.215 Y-170.015 Z0.286 F400.000
G1 X-16.210 Y-170.031 Z0.285 F400.000
G1 X-16.207 Y-170.049 Z0.285 F400.000
G1 X-16.204 Y-170.109 Z0.283 F400.000
G1 X-16.204 Y-173.000 Z0.182 F400.000
G1 X-16.215 Y-173.109 Z0.178 F400.000
G1 X-16.224 Y-173.138 Z0.177 F400.000
G1 X-16.238 Y-173.164 Z0.176 F400.000
G1 X-16.257 Y-173.188 Z0.175 F400.000
G1 X-16.281 Y-173.207 Z0.174 F400.000
G1 X-16.307 Y-173.222 Z0.172 F400.000
G1 X-16.336 Y-173.230 Z0.171 F400.000
G1 X-16.445 Y-173.241 Z0.168 F400.000
G1 X-17.850 Y-173.241 Z0.119 F400.000
G1 X-18.057 Y-173.255 Z0.111 F400.000
G1 X-18.316 Y-173.289 Z0.102 F400.000
G1 X-18.716 Y-173.396 Z0.088 F400.000
G1 X-18.958 Y-173.496 Z0.079 F400.000
G1 X-19.316 Y-173.703 Z0.064 F400.000
G1 X-19.524 Y-173.862 Z0.055 F400.000
G1 X-19.817 Y-174.155 Z0.041 F400.000
G1 X-19.975 Y-174.362 Z0.031 F400.000
G1 X-20.183 Y-174.721 Z0.017 F400.000
G1 X-20.283 Y-174.962 Z0.008 F400.000
G1 X-20.390 Y-175.362 Z-0.007 F400.000
G1 X-20.424 Y-175.621 Z-0.016 F400.000
G1 X-20.437 Y-175.828 Z-0.023 F400.000
G1 X-20.437 Y-198.696 Z-0.822 F400.000
G1 X-20.425 Y-198.973 Z-0.831 F400.000
G1 X-20.375 Y-199.333 Z-0.844 F400.000
G1 X-20.286 Y-199.686 Z-0.857 F400.000
G1 X-20.159 Y-200.027 Z-0.869 F400.000
G1 X-16.238 Y-208.442 Z-1.194 F400.000
G1 X-16.215 Y-208.499 Z-1.196 F400.000
G1 X-16.210 Y-208.515 Z-1.196 F400.000
G1 X-16.207 Y-208.533 Z-1.197 F400.000
G1 X-16.204 Y-208.593 Z-1.199 F400.000
G1 X-16.204 Y-211.485 Z-1.300 F400.000
G1 X-16.215 Y-211.593 Z-1.304 F400.000
G1 X-16.224 Y-211.622 Z-1.305 F400.000
G1 X-16.238 Y-211.649 Z-1.306 F400.000
G1 X-16.257 Y-211.672 Z-1.307 F400.000
G1 X-16.281 Y-211.691 Z-1.308 F400.000
G1 X-16.307 Y-211.706 Z-1.309 F400.000
G1 X-16.336 Y-211.714 Z-1.310 F400.000
G1 X-16.445 Y-211.725 Z-1.314 F400.000
G1 X-17.850 Y-211.725 Z-1.363 F400.000
G1 X-18.057 Y-211.739 Z-1.370 F400.000
G1 X-18.316 Y-211.773 Z-1.379 F400.000
G1 X-18.716 Y-211.880 Z-1.394 F400.000
G1 X-18.958 Y-211.980 Z-1.403 F400.000
G1 X-19.316 Y-212.187 Z-1.417 F400.000
G1 X-19.524 Y-212.346 Z-1.427 F400.000
G1 X-19.817 Y-212.639 Z-1.441 F400.000
G1 X-19.975 Y-212.846 Z-1.450 F400.000
G1 X-20.183 Y-213.205 Z-1.465 F400.000
G1 X-20.283 Y-213.446 Z-1.474 F400.000
G1 X-20.390 Y-213.846 Z-1.488 F400.000
G1 X-20.424 Y-214.105 Z-1.497 F400.000
G1 X-20.437 Y-214.313 Z-1.505 F400.000
G1 X-20.437 Y-228.500 Z-2.000 F400.000
G1 X-20.437 Y-214.313 Z-2.000 F400.000
G1 X-20.424 Y-214.105 Z-2.000 F400.000
G1 X-20.390 Y-213.846 Z-2.000 F400.000
G1 X-20.283 Y-213.446 Z-2.000 F400.000
G1 X-20.183 Y-213.205 Z-2.000 F400.000
G1 X-19.975 Y-212.846 Z-2.000 F400.000
G1 X-19.817 Y-212.639 Z-2.000 F400.000
G1 X-19.524 Y-212.346 Z-2.000 F400.000
G1 X-19.316 Y-212.187 Z-2.000 F400.000
G1 X-18.958 Y-211.980 Z-2.000 F400.000
G1 X-18.716 Y-211.880 Z-2.000 F400.000
G1 X-18.316 Y-211.773 Z-2.000 F400.000
G1 X-18.057 Y-211.739 Z-2.000 F400.000
G1 X-17.850 Y-211.725 Z-2.000 F400.000
G1 X-16.445 Y-211.725 Z-2.000 F400.000
G1 X-16.336 Y-211.714 Z-2.000 F400.000
G1 X-16.307 Y-211.706 Z-2.000 F400.000
G1 X-16.281 Y-211.691 Z-2.000 F400.000
G1 X-16.257 Y-211.672 Z-2.000 F400.000
G1 X-16.238 Y-211.649 Z-2.000 F400.000
G1 X-16.224 Y-211.622 Z-2.000 F400.000
G1 X-16.215 Y-211.593 Z-2.000 F400.000
G1 X-16.204 Y-211.485 Z-2.000 F400.000
G1 X-16.204 Y-208.593 Z-2.000 F400.000
G1 X-16.207 Y-208.533 Z-2.000 F400.000
G1 X-16.210 Y-208.515 Z-2.000 F400.000
G1 X-16.215 Y-208.499 Z-2.000 F400.000
G1 X-16.238 Y-208.442 Z-2.000 F400.000
G1 X-20.159 Y-200.027 Z-2.000 F400.000
G1 X-20.286 Y-199.686 Z-2.000 F400.000
G1 X-20.375 Y-199.333 Z-2.000 F400.000
G1 X-20.425 Y-198.973 Z-2.000 F400.000
G1 X-20.437 Y-198.696 Z-2.000 F400.000
G1 X-20.437 Y-175.828 Z-2.000 F400.000
G1 X-20.424 Y-175.621 Z-2.000 F400.000
G1 X-20.390 Y-175.362 Z-2.000 F400.000
G1 X-20.283 Y-174.962 Z-2.000 F400.000
G1 X-20.183 Y-174.721 Z-2.000 F400.000
G1 X-19.975 Y-174.362 Z-2.000 F400.000
G1 X-19.817 Y-174.155 Z-2.000 F400.000
G1 X-19.524 Y-173.862 Z-2.000 F400.000
G1 X-19.316 Y-173.703 Z-2.000 F400.000
G1 X-18.958 Y-173.496 Z-2.000 F400.000
G1 X-18.716 Y-173.396 Z-2.000 F400.000
G1 X-18.316 Y-173.289 Z-2.000 F400.000
G1 X-18.057 Y-173.255 Z-2.000 F400.000
G1 X-17.850 Y-173.241 Z-2.000 F400.000
G1 X-16.445 Y-173.241 Z-2.000 F400.000
G1 X-16.336 Y-173.230 Z-2.000 F400.000
G1 X-16.307 Y-173.222 Z-2.000 F400.000
G1 X-16.281 Y-173.207 Z-2.000 F400.000
G1 X-16.257 Y-173.188 Z-2.000 F400.000
G1 X-16.238 Y-173.164 Z-2.000 F400.000
G1 X-16.224 Y-173.138 Z-2.000 F400.000
G1 X-16.215 Y-173.109 Z-2.000 F400.000
G1 X-16.204 Y-173.000 Z-2.000 F400.000
G1 X-16.204 Y-170.109 Z-2.000 F400.000
G1 X-16.207 Y-170.049 Z-2.000 F400.000
G1 X-16.210 Y-170.031 Z-2.000 F400.000
G1 X-16.215 Y-170.015 Z-2.000 F400.000
G1 X-16.238 Y-169.958 Z-2.000 F400.000
G1 X-20.159 Y-161.543 Z-2.000 F400.000
G1 X-20.286 Y-161.202 Z-2.000 F400.000
G1 X-20.375 Y-160.849 Z-2.000 F400.000
G1 X-20.425 Y-160.489 Z-2.000 F400.000
G1 X-20.437 Y-160.212 Z-2.000 F400.000
G1 X-20.437 Y-137.344 Z-2.000 F400.000
G1 X-20.424 Y-137.137 Z-2.000 F400.000
G1 X-20.390 Y-136.878 Z-2.000 F400.000
G1 X-20.283 Y-136.478 Z-2.000 F400.000
G1 X-20.183 Y-136.237 Z-2.000 F400.000
G1 X-19.975 Y-135.878 Z-2.000 F400.000
G1 X-19.817 Y-135.671 Z-2.000 F400.000
G1 X-19.524 Y-135.378 Z-2.000 F400.000
G1 X-19.316 Y-135.219 Z-2.000 F400.000
G1 X-18.958 Y-135.012 Z-2.000 F400.000
G1 X-18.716 Y-134.912 Z-2.000 F400.000
G1 X-18.316 Y-134.805 Z-2.000 F400.000
G1 X-18.057 Y-134.771 Z-2.000 F400.000
G1 X-17.850 Y-134.757 Z-2.000 F400.000
G1 X-16.445 Y-134.757 Z-2.000 F400.000
G1 X-16.336 Y-134.746 Z-2.000 F400.000
G1 X-16.307 Y-134.738 Z-2.000 F400.000
G1 X-16.281 Y-134.723 Z-2.000 F400.000
G1 X-16.257 Y-134.704 Z-2.000 F400.000
G1 X-16.238 Y-134.680 Z-2.000 F400.000
G1 X-16.224 Y-134.654 Z-2.000 F400.000
G1 X-16.215 Y-134.625 Z-2.000 F400.000
G1 X-16.204 Y-134.516 Z-2.000 F400.000
G1 X-16.204 Y-131.625 Z-2.000 F400.000
G1 X-16.207 Y-131.565 Z-2.000 F400.000
G1 X-16.210 Y-131.547 Z-2.000 F400.000
G1 X-16.215 Y-131.531 Z-2.000 F400.000
G1 X-16.238 Y-131.474 Z-2.000 F400.000
G1 X-20.159 Y-123.059 Z-2.000 F400.000
G1 X-20.286 Y-122.718 Z-2.000 F400.000
G1 X-20.375 Y-122.365 Z-2.000 F400.000
G1 X-20.425 Y-122.005 Z-2.000 F400.000
G1 X-20.437 Y-121.728 Z-2.000 F400.000
G1 X-20.437 Y-98.860 Z-2.000 F400.000
G1 X-20.424 Y-98.653 Z-2.000 F400.000
G1 X-20.390 Y-98.394 Z-2.000 F400.000
G1 X-20.283 Y-97.994 Z-2.000 F400.000
G1 X-20.183 Y-97.753 Z-2.000 F400.000
G1 X-19.975 Y-97.394 Z-2.000 F400.000
G1 X-19.817 Y-97.187 Z-2.000 F400.000
G1 X-19.524 Y-96.894 Z-2.000 F400.000
G1 X-19.316 Y-96.735 Z-2.000 F400.000
G1 X-18.958 Y-96.528 Z-2.000 F400.000
G1 X-18.716 Y-96.428 Z-2.000 F400.000
G1 X-18.316 Y-96.321 Z-2.000 F400.000
G1 X-18.057 Y-96.287 Z-2.000 F400.000
G1 X-17.850 Y-96.273 Z-2.000 F400.000
G1 X-16.445 Y-96.273 Z-2.000 F400.000
G1 X-16.336 Y-96.262 Z-2.000 F400.000
G1 X-16.307 Y-96.253 Z-2.000 F400.000
G1 X-16.281 Y-96.239 Z-2.000 F400.000
G1 X-16.257 Y-96.220 Z-2.000 F400.000
G1 X-16.238 Y-96.196 Z-2.000 F400.000
G1 X-16.224 Y-96.170 Z-2.000 F400.000
G1 X-16.215 Y-96.141 Z-2.000 F400.000
G1 X-16.204 Y-96.032 Z-2.000 F400.000
G1 X-16.204 Y-93.141 Z-2.000 F400.000
G1 X-16.207 Y-93.081 Z-2.000 F400.000
G1 X-16.210 Y-93.063 Z-2.000 F400.000
G1 X-16.215 Y-93.046 Z-2.000 F400.000
G1 X-16.238 Y-92.990 Z-2.000 F400.000
G1 X-20.159 Y-84.575 Z-2.000 F400.000
G1 X-20.286 Y-84.234 Z-2.000 F400.000
G1 X-20.375 Y-83.881 Z-2.000 F400.000
G1 X-20.425 Y-83.521 Z-2.000 F400.000
G1 X-20.437 Y-83.244 Z-2.000 F400.000
G1 X-20.437 Y-60.376 Z-2.000 F400.000
G1 X-20.424 Y-60.169 Z-2.000 F400.000
G1 X-20.390 Y-59.910 Z-2.000 F400.000
G1 X-20.283 Y-59.510 Z-2.000 F400.000
G1 X-20.183 Y-59.269 Z-2.000 F400.000
G1 X-19.975 Y-58.910 Z-2.000 F400.000
G1 X-19.817 Y-58.703 Z-2.000 F400.000
G1 X-19.524 Y-58.410 Z-2.000 F400.000
G1 X-19.316 Y-58.251 Z-2.000 F400.000
G1 X-18.958 Y-58.044 Z-2.000 F400.000
G1 X-18.716 Y-57.944 Z-2.000 F400.000
G1 X-18.316 Y-57.837 Z-2.000 F400.000
G1 X-18.057 Y-57.803 Z-2.000 F400.000
G1 X-17.850 Y-57.789 Z-2.000 F400.000
G1 X-16.445 Y-57.789 Z-2.000 F400.000
G1 X-16.336 Y-57.778 Z-2.000 F400.000
G1 X-16.307 Y-57.769 Z-2.000 F400.000
G1 X-16.281 Y-57.755 Z-2.000 F400.000
G1 X-16.257 Y-57.736 Z-2.000 F400.000
G1 X-16.238 Y-57.712 Z-2.000 F400.000
G1 X-16.224 Y-57.686 Z-2.000 F400.000
G1 X-16.215 Y-57.657 Z-2.000 F400.000
G1 X-16.204 Y-57.548 Z-2.000 F400.000
G1 X-16.204 Y-54.657 Z-2.000 F400.000
G1 X-16.207 Y-54.597 Z-2.000 F400.000
G1 X-16.210 Y-54.579 Z-2.000 F400.000
G1 X-16.215 Y-54.562 Z-2.000 F400.000
G1 X-16.238 Y-54.506 Z-2.000 F400.000
G1 X-20.159 Y-46.091 Z-2.000 F400.000
G1 X-20.286 Y-45.750 Z-2.000 F400.000
G1 X-20.375 Y-45.397 Z-2.000 F400.000
G1 X-20.425 Y-45.037 Z-2.000 F400.000
G1 X-20.437 Y-44.760 Z-2.000 F400.000
G1 X-20.430 Y-36.124 Z-2.000 F400.000
G1 X-20.396 Y-35.783 Z-2.000 F400.000
G1 X-20.336 Y-35.477 Z-2.000 F400.000
G1 X-20.236 Y-35.149 Z-2.000 F400.000
G1 X-20.117 Y-34.862 Z-2.000 F400.000
G1 X-19.955 Y-34.559 Z-2.000 F400.000
G1 X-19.782 Y-34.300 Z-2.000 F400.000
G1 X-19.565 Y-34.035 Z-2.000 F400.000
G1 X-19.345 Y-33.815 Z-2.000 F400.000
G1 X-19.079 Y-33.597 Z-2.000 F400.000
G1 X-18.821 Y-33.424 Z-2.000 F400.000
G1 X-18.518 Y-33.263 Z-2.000 F400.000
G1 X-18.231 Y-33.144 Z-2.000 F400.000
G1 X-17.902 Y-33.044 Z-2.000 F400.000
G1 X-17.597 Y-32.983 Z-2.000 F400.000
G1 X-17.100 Y-32.942 Z-2.000 F400.000
G1 X-14.328 Y-32.942 Z-2.000 F400.000
G1 X-14.220 Y-32.931 Z-2.000 F400.000
G1 X-14.191 Y-32.923 Z-2.000 F400.000
G1 X-14.164 Y-32.908 Z-2.000 F400.000
G1 X-14.141 Y-32.889 Z-2.000 F400.000
G1 X-14.121 Y-32.866 Z-2.000 F400.000
G1 X-14.107 Y-32.839 Z-2.000 F400.000
G1 X-14.098 Y-32.810 Z-2.000 F400.000
G1 X-14.088 Y-32.702 Z-2.000 F400.000
G1 X-14.087 Y-30.995 Z-2.000 F400.000
G1 X-14.098 Y-30.887 Z-2.000 F400.000
G1 X-14.107 Y-30.858 Z-2.000 F400.000
G1 X-14.121 Y-30.831 Z-2.000 F400.000
G1 X-14.141 Y-30.808 Z-2.000 F400.000
G1 X-14.164 Y-30.788 Z-2.000 F400.000
G1 X-14.191 Y-30.774 Z-2.000 F400.000
G1 X-14.220 Y-30.765 Z-2.000 F400.000
G1 X-14.330 Y-30.754 Z-2.000 F400.000
G1 X-17.256 Y-30.747 Z-2.000 F400.000
G1 X-17.597 Y-30.713 Z-2.000 F400.000
G1 X-17.902 Y-30.653 Z-2.000 F400.000
G1 X-18.231 Y-30.553 Z-2.000 F400.000
G1 X-18.518 Y-30.434 Z-2.000 F400.000
G1 X-18.821 Y-30.272 Z-2.000 F400.000
G1 X-19.079 Y-30.099 Z-2.000 F400.000
G1 X-19.345 Y-29.882 Z-2.000 F400.000
G1 X-19.565 Y-29.662 Z-2.000 F400.000
G1 X-19.782 Y-29.396 Z-2.000 F400.000
G1 X-19.955 Y-29.138 Z-2.000 F400.000
G1 X-20.117 Y-28.835 Z-2.000 F400.000
G1 X-20.236 Y-28.548 Z-2.000 F400.000
G1 X-20.336 Y-28.219 Z-2.000 F400.000
G1 X-20.396 Y-27.914 Z-2.000 F400.000
G1 X-20.437 Y-27.417 Z-2.000 F400.000
G1 X-20.437 Y-3.500 Z-2.000 F400.000
G0 X-20.437 Y-3.500 Z5.000
G0 X-20.437 Y-228.500 Z5.000
G0 X-20.437 Y-228.500 Z3.000
G1 X-20.437 Y-214.313 Z2.505 F400.000
G1 X-20.424 Y-214.105 Z2.497 F400.000
G1 X-20.390 Y-213.846 Z2.488 F400.000
G1 X-20.283 Y-213.446 Z2.474 F400.000
G1 X-20.183 Y-213.205 Z2.465 F400.000
G1 X-19.975 Y-212.846 Z2.450 F400.000
G1 X-19.817 Y-212.639 Z2.441 F400.000
G1 X-19.524 Y-212.346 Z2.427 F400.000
G1 X-19.316 Y-212.187 Z2.417 F400.000
G1 X-18.958 Y-211.980 Z2.403 F400.000
G1 X-18.716 Y-211.880 Z2.394 F400.000
G1 X-18.316 Y-211.773 Z2.379 F400.000
G1 X-18.057 Y-211.739 Z2.370 F400.000
G1 X-17.850 Y-211.725 Z2.363 F400.000
G1 X-16.445 Y-211.725 Z2.314 F400.000
G1 X-16.336 Y-211.714 Z2.310 F400.000
G1 X-16.307 Y-211.706 Z2.309 F400.000
G1 X-16.281 Y-211.691 Z2.308 F400.000
G1 X-16.257 Y-211.672 Z2.307 F400.000
G1 X-16.238 Y-211.649 Z2.306 F400.000
G1 X-16.224 Y-211.622 Z2.305 F400.000
G1 X-16.215 Y-211.593 Z2.304 F400.000
G1 X-16.204 Y-211.485 Z2.300 F400.000
G1 X-16.204 Y-208.593 Z2.199 F400.000
G1 X-16.207 Y-208.533 Z2.197 F400.000
G1 X-16.210 Y-208.515 Z2.196 F400.000
G1 X-16.215 Y-208.499 Z2.196 F400.000
G1 X-16.238 Y-208.442 Z2.194 F400.000
G1 X-20.159 Y-200.027 Z1.869 F400.000
G1 X-20.286 Y-199.686 Z1.857 F400.000
G1 X-20.375 Y-199.333 Z1.844 F400.000
G1 X-20.425 Y-198.973 Z1.831 F400.000
G1 X-20.437 Y-198.696 Z1.822 F400.000
G1 X-20.437 Y-175.828 Z1.023 F400.000
G1 X-20.424 Y-175.621 Z1.016 F400.000
G1 X-20.390 Y-175.362 Z1.007 F400.000
G1 X-20.283 Y-174.962 Z0.992 F400.000
G1 X-20.183 Y-174.721 Z0.983 F400.000
G1 X-19.975 Y-174.362 Z0.969 F400.000
G1 X-19.817 Y-174.155 Z0.959 F400.000
G1 X-19.524 Y-173.862 Z0.945 F400.000
G1 X-19.316 Y-173.703 Z0.936 F400.000
G1 X-18.958 Y-173.496 Z0.921 F400.000
G1 X-18.716 Y-173.396 Z0.912 F400.000
G1 X-18.316 Y-173.289 Z0.898 F400.000
G1 X-18.057 Y-173.255 Z0.889 F400.000
G1 X-17.850 Y-173.241 Z0.881 F400.000
G1 X-16.445 Y-173.241 Z0.832 F400.000
G1 X-16.336 Y-173.230 Z0.829 F400.000
G1 X-16.307 Y-173.222 Z0.828 F400.000
G1 X-16.281 Y-173.207 Z0.826 F400.000
G1 X-16.257 Y-173.188 Z0.825 F400.000
G1 X-16.238 Y-173.164 Z0.824 F400.000
G1 X-16.224 Y-173.138 Z0.823 F400.000
G1 X-16.215 Y-173.109 Z0.822 F400.000
G1 X-16.204 Y-173.000 Z0.818 F400.000
G1 X-16.204 Y-170.109 Z0.717 F400.000
G1 X-16.207 Y-170.049 Z0.715 F400.000
G1 X-16.210 Y-170.031 Z0.715 F400.000
G1 X-16.215 Y-170.015 Z0.714 F400.000
G1 X-16.238 Y-169.958 Z0.712 F400.000
G1 X-20.011 Y-161.860 Z0.400 F400.000
G1 X-16.238 Y-169.958 Z0.088 F400.000
G1 X-16.215 Y-170.015 Z0.086 F400.000
G1 X-16.210 Y-170.031 Z0.085 F400.000
G1 X-16.207 Y-170.049 Z0.085 F400.000
G1 X-16.204 Y-170.109 Z0.083 F400.000
G1 X-16.204 Y-173.000 Z-0.018 F400.000
G1 X-16.215 Y-173.109 Z-0.022 F400.000
G1 X-16.224 Y-173.138 Z-0.023 F400.000
G1 X-16.238 Y-173.164 Z-0.024 F400.000
G1 X-16.257 Y-173.188 Z-0.025 F400.000
G1 X-16.281 Y-173.207 Z-0.026 F400.000
G1 X-16.307 Y-173.222 Z-0.028 F400.000
G1 X-16.336 Y-173.230 Z-0.029 F400.000
G1 X-16.445 Y-173.241 Z-0.032 F400.000
G1 X-17.850 Y-173.241 Z-0.081 F400.000
G1 X-18.057 Y-173.255 Z-0.089 F400.000
G1 X-18.316 Y-173.289 Z-0.098 F400.000
G1 X-18.716 Y-173.396 Z-0.112 F400.000
G1 X-18.958 Y-173.496 Z-0.121 F400.000
G1 X-19.316 Y-173.703 Z-0.136 F400.000
G1 X-19.524 Y-173.862 Z-0.145 F400.000
G1 X-19.817 Y-174.155 Z-0.159 F400.000
G1 X-19.975 Y-174.362 Z-0.169 F400.000
G1 X-20.183 Y-174.721 Z-0.183 F400.000
G1 X-20.283 Y-174.962 Z-0.192 F400.000
G1 X-20.390 Y-175.362 Z-0.207 F400.000
G1 X-20.424 Y-175.621 Z-0.216 F400.000
G1 X-20.437 Y-175.828 Z-0.223 F400.000
G1 X-20.437 Y-198.696 Z-1.022 F400.000
G1 X-20.425 Y-198.973 Z-1.031 F400.000
G1 X-20.375 Y-199.333 Z-1.044 F400.000
G1 X-20.286 Y-199.686 Z-1.057 F400.000
G1 X-20.159 Y-200.027 Z-1.069 F400.000
G1 X-16.238 Y-208.442 Z-1.394 F400.000
G1 X-16.215 Y-208.499 Z-1.396 F400.000
G1 X-16.210 Y-208.515 Z-1.396 F400.000
G1 X-16.207 Y-208.533 Z-1.397 F400.000
G1 X-16.204 Y-208.593 Z-1.399 F400.000
G1 X-16.204 Y-211.485 Z-1.500 F400.000
G1 X-16.215 Y-211.593 Z-1.504 F400.000
G1 X-16.224 Y-211.622 Z-1.505 F400.000
G1 X-16.238 Y-211.649 Z-1.506 F400.000
G1 X-16.257 Y-211.672 Z-1.507 F400.000
G1 X-16.281 Y-211.691 Z-1.508 F400.000
G1 X-16.307 Y-211.706 Z-1.509 F400.000
G1 X-16.336 Y-211.714 Z-1.510 F400.000
G1 X-16.445 Y-211.725 Z-1.514 F400.000
G1 X-17.850 Y-211.725 Z-1.563 F400.000
G1 X-18.057 Y-211.739 Z-1.570 F400.000
G1 X-18.316 Y-211.773 Z-1.579 F400.000
G1 X-18.716 Y-211.880 Z-1.594 F400.000
G1 X-18.958 Y-211.980 Z-1.603 F400.000
G1 X-19.316 Y-212.187 Z-1.617 F400.000
G1 X-19.524 Y-212.346 Z-1.627 F400.000
G1 X-19.817 Y-212.639 Z-1.641 F400.000
G1 X-19.975 Y-212.846 Z-1.650 F400.000
G1 X-20.183 Y-213.205 Z-1.665 F400.000
G1 X-20.283 Y-213.446 Z-1.674 F400.000
G1 X-20.390 Y-213.846 Z-1.688 F400.000
G1 X-20.424 Y-214.105 Z-1.697 F400.000
G1 X-20.437 Y-214.313 Z-1.705 F400.000
G1 X-20.437 Y-228.500 Z-2.200 F400.000
G1 X-20.437 Y-214.313 Z-2.200 F400.000
G1 X-20.424 Y-214.105 Z-2.200 F400.000
G1 X-20.390 Y-213.846 Z-2.200 F400.000
G1 X-20.283 Y-213.446 Z-2.200 F400.000
G1 X-20.183 Y-213.205 Z-2.200 F400.000
G1 X-19.975 Y-212.846 Z-2.200 F400.000
G1 X-19.817 Y-212.639 Z-2.200 F400.000
G1 X-19.524 Y-212.346 Z-2.200 F400.000
G1 X-19.316 Y-212.187 Z-2.200 F400.000
G1 X-18.958 Y-211.980 Z-2.200 F400.000
G1 X-18.716 Y-211.880 Z-2.200 F400.000
G1 X-18.316 Y-211.773 Z-2.200 F400.000
G1 X-18.057 Y-211.739 Z-2.200 F400.000
G1 X-17.850 Y-211.725 Z-2.200 F400.000
G1 X-16.445 Y-211.725 Z-2.200 F400.000
G1 X-16.336 Y-211.714 Z-2.200 F400.000
G1 X-16.307 Y-211.706 Z-2.200 F400.000
G1 X-16.281 Y-211.691 Z-2.200 F400.000
G1 X-16.257 Y-211.672 Z-2.200 F400.000
G1 X-16.238 Y-211.649 Z-2.200 F400.000
G1 X-16.224 Y-211.622 Z-2.200 F400.000
G1 X-16.215 Y-211.593 Z-2.200 F400.000
G1 X-16.204 Y-211.485 Z-2.200 F400.000
G1 X-16.204 Y-208.593 Z-2.200 F400.000
G1 X-16.207 Y-208.533 Z-2.200 F400.000
G1 X-16.210 Y-208.515 Z-2.200 F400.000
G1 X-16.215 Y-208.499 Z-2.200 F400.000
G1 X-16.238 Y-208.442 Z-2.200 F400.000
G1 X-20.159 Y-200.027 Z-2.200 F400.000
G1 X-20.286 Y-199.686 Z-2.200 F400.000
G1 X-20.375 Y-199.333 Z-2.200 F400.000
G1 X-20.425 Y-198.973 Z-2.200 F400.000
G1 X-20.437 Y-198.696 Z-2.200 F400.000
G1 X-20.437 Y-175.828 Z-2.200 F400.000
G1 X-20.424 Y-175.621 Z-2.200 F400.000
G1 X-20.390 Y-175.362 Z-2.200 F400.000
G1 X-20.283 Y-174.962 Z-2.200 F400.000
G1 X-20.183 Y-174.721 Z-2.200 F400.000
G1 X-19.975 Y-174.362 Z-2.200 F400.000
G1 X-19.817 Y-174.155 Z-2.200 F400.000
G1 X-19.524 Y-173.862 Z-2.200 F400.000
G1 X-19.316 Y-173.703 Z-2.200 F400.000
G1 X-18.958 Y-173.496 Z-2.200 F400.000
G1 X-18.716 Y-173.396 Z-2.200 F400.000
G1 X-18.316 Y-173.289 Z-2.200 F400.000
G1 X-18.057 Y-173.255 Z-2.200 F400.000
G1 X-17.850 Y-173.241 Z-2.200 F400.000
G1 X-16.445 Y-173.241 Z-2.200 F400.000
G1 X-16.336 Y-173.230 Z-2.200 F400.000
G1 X-16.307 Y-173.222 Z-2.200 F400.000
G1 X-16.281 Y-173.207 Z-2.200 F400.000
G1 X-16.257 Y-173.188 Z-2.200 F400.000
G1 X-16.238 Y-173.164 Z-2.200 F400.000
G1 X-16.224 Y-173.138 Z-2.200 F400.000
G1 X-16.215 Y-173.109 Z-2.200 F400.000
G1 X-16.204 Y-173.000 Z-2.200 F400.000
G1 X-16.204 Y-170.109 Z-2.200 F400.000
G1 X-16.207 Y-170.049 Z-2.200 F400.000
G1 X-16.210 Y-170.031 Z-2.200 F400.000
G1 X-16.215 Y-170.015 Z-2.200 F400.000
G1 X-16.238 Y-169.958 Z-2.200 F400.000
G1 X-20.159 Y-161.543 Z-2.200 F400.000
G1 X-20.286 Y-161.202 Z-2.200 F400.000
G1 X-20.375 Y-160.849 Z-2.200 F400.000
G1 X-20.425 Y-160.489 Z-2.200 F400.000
G1 X-20.437 Y-160.212 Z-2.200 F400.000
G1 X-20.437 Y-137.344 Z-2.200 F400.000
G1 X-20.424 Y-137.137 Z-2.200 F400.000
G1 X-20.390 Y-136.878 Z-2.200 F400.000
G1 X-20.283 Y-136.478 Z-2.200 F400.000
G1 X-20.183 Y-136.237 Z-2.200 F400.000
G1 X-19.975 Y-135.878 Z-2.200 F400.000
G1 X-19.817 Y-135.671 Z-2.200 F400.000
G1 X-19.524 Y-135.378 Z-2.200 F400.000
G1 X-19.316 Y-135.219 Z-2.200 F400.000
G1 X-18.958 Y-135.012 Z-2.200 F400.000
G1 X-18.716 Y-134.912 Z-2.200 F400.000
G1 X-18.316 Y-134.805 Z-2.200 F400.000
G1 X-18.057 Y-134.771 Z-2.200 F400.000
G1 X-17.850 Y-134.757 Z-2.200 F400.000
G1 X-16.445 Y-134.757 Z-2.200 F400.000
G1 X-16.336 Y-134.746 Z-2.200 F400.000
G1 X-16.307 Y-134.738 Z-2.200 F400.000
G1 X-16.281 Y-134.723 Z-2.200 F400.000
G1 X-16.257 Y-134.704 Z-2.200 F400.000
G1 X-16.238 Y-134.680 Z-2.200 F400.000
G1 X-16.224 Y-134.654 Z-2.200 F400.000
G1 X-16.215 Y-134.625 Z-2.200 F400.000
G1 X-16.204 Y-134.516 Z-2.200 F400.000
G1 X-16.204 Y-131.625 Z-2.200 F400.000
G1 X-16.207 Y-131.565 Z-2.200 F400.000
G1 X-16.210 Y-131.547 Z-2.200 F400.000
G1 X-16.215 Y-131.531 Z-2.200 F400.000
G1 X-16.238 Y-131.474 Z-2.200 F400.000
G1 X-20.159 Y-123.059 Z-2.200 F400.000
G1 X-20.286 Y-122.718 Z-2.200 F400.000
G1 X-20.375 Y-122.365 Z-2.200 F400.000
G1 X-20.425 Y-122.005 Z-2.200 F400.000
G1 X-20.437 Y-121.728 Z-2.200 F400.000
G1 X-20.437 Y-98.860 Z-2.200 F400.000
G1 X-20.424 Y-98.653 Z-2.200 F400.000
G1 X-20.390 Y-98.394 Z-2.200 F400.000
G1 X-20.283 Y-97.994 Z-2.200 F400.000
G1 X-20.183 Y-97.753 Z-2.200 F400.000
G1 X-19.975 Y-97.394 Z-2.200 F400.000
G1 X-19.817 Y-97.187 Z-2.200 F400.000
G1 X-19.524 Y-96.894 Z-2.200 F400.000
G1 X-19.316 Y-96.735 Z-2.200 F400.000
G1 X-18.958 Y-96.528 Z-2.200 F400.000
G1 X-18.716 Y-96.428 Z-2.200 F400.000
G1 X-18.316 Y-96.321 Z-2.200 F400.000
G1 X-18.057 Y-96.287 Z-2.200 F400.000
G1 X-17.850 Y-96.273 Z-2.200 F400.000
G1 X-16.445 Y-96.273 Z-2.200 F400.000
G1 X-16.336 Y-96.262 Z-2.200 F400.000
G1 X-16.307 Y-96.253 Z-2.200 F400.000
G1 X-16.281 Y-96.239 Z-2.200 F400.000
G1 X-16.257 Y-96.220 Z-2.200 F400.000
G1 X-16.238 Y-96.196 Z-2.200 F400.000
G1 X-16.224 Y-96.170 Z-2.200 F400.000
G1 X-16.215 Y-96.141 Z-2.200 F400.000
G1 X-16.204 Y-96.032 Z-2.200 F400.000
G1 X-16.204 Y-93.141 Z-2.200 F400.000
G1 X-16.207 Y-93.081 Z-2.200 F400.000
G1 X-16.210 Y-93.063 Z-2.200 F400.000
G1 X-16.215 Y-93.046 Z-2.200 F400.000
G1 X-16.238 Y-92.990 Z-2.200 F400.000
G1 X-20.159 Y-84.575 Z-2.200 F400.000
G1 X-20.286 Y-84.234 Z-2.200 F400.000
G1 X-20.375 Y-83.881 Z-2.200 F400.000
G1 X-20.425 Y-83.521 Z-2.200 F400.000
G1 X-20.437 Y-83.244 Z-2.200 F400.000
G1 X-20.437 Y-60.376 Z-2.200 F400.000
G1 X-20.424 Y-60.169 Z-2.200 F400.000
G1 X-20.390 Y-59.910 Z-2.200 F400.000
G1 X-20.283 Y-59.510 Z-2.200 F400.000
G1 X-20.183 Y-59.269 Z-2.200 F400.000
G1 X-19.975 Y-58.910 Z-2.200 F400.000
G1 X-19.817 Y-58.703 Z-2.200 F400.000
G1 X-19.524 Y-58.410 Z-2.200 F400.000
G1 X-19.316 Y-58.251 Z-2.200 F400.000
G1 X-18.958 Y-58.044 Z-2.200 F400.000
G1 X-18.716 Y-57.944 Z-2.200 F400.000
G1 X-18.316 Y-57.837 Z-2.200 F400.000
G1 X-18.057 Y-57.803 Z-2.200 F400.000
G1 X-17.850 Y-57.789 Z-2.200 F400.000
G1 X-16.445 Y-57.789 Z-2.200 F400.000
G1 X-16.336 Y-57.778 Z-2.200 F400.000
G1 X-16.307 Y-57.769 Z-2.200 F400.000
G1 X-16.281 Y-57.755 Z-2.200 F400.000
G1 X-16.257 Y-57.736 Z-2.200 F400.000
G1 X-16.238 Y-57.712 Z-2.200 F400.000
G1 X-16.224 Y-57.686 Z-2.200 F400.000
G1 X-16.215 Y-57.657 Z-2.200 F400.000
G1 X-16.204 Y-57.548 Z-2.200 F400.000
G1 X-16.204 Y-54.657 Z-2.200 F400.000
G1 X-16.207 Y-54.597 Z-2.200 F400.000
G1 X-16.210 Y-54.579 Z-2.200 F400.000
G1 X-16.215 Y-54.562 Z-2.200 F400.000
G1 X-16.238 Y-54.506 Z-2.200 F400.000
G1 X-20.159 Y-46.091 Z-2.200 F400.000
G1 X-20.286 Y-45.750 Z-2.200 F400.000
G1 X-20.375 Y-45.397 Z-2.200 F400.000
G1 X-20.425 Y-45.037 Z-2.200 F400.000
G1 X-20.437 Y-44.760 Z-2.200 F400.000
G1 X-20.430 Y-36.124 Z-2.200 F400.000
G1 X-20.396 Y-35.783 Z-2.200 F400.000
G1 X-20.336 Y-35.477 Z-2.200 F400.000
G1 X-20.236 Y-35.149 Z-2.200 F400.000
G1 X-20.117 Y-34.862 Z-2.200 F400.000
G1 X-19.955 Y-34.559 Z-2.200 F400.000
G1 X-19.782 Y-34.300 Z-2.200 F400.000
G1 X-19.565 Y-34.035 Z-2.200 F400.000
G1 X-19.345 Y-33.815 Z-2.200 F400.000
G1 X-19.079 Y-33.597 Z-2.200 F400.000
G1 X-18.821 Y-33.424 Z-2.200 F400.000
G1 X-18.518 Y-33.263 Z-2.200 F400.000
G1 X-18.231 Y-33.144 Z-2.200 F400.000
G1 X-17.902 Y-33.044 Z-2.200 F400.000
G1 X-17.597 Y-32.983 Z-2.200 F400.000
G1 X-17.100 Y-32.942 Z-2.200 F400.000
G1 X-14.328 Y-32.942 Z-2.200 F400.000
G1 X-14.220 Y-32.931 Z-2.200 F400.000
G1 X-14.191 Y-32.923 Z-2.200 F400.000
G1 X-14.164 Y-32.908 Z-2.200 F400.000
G1 X-14.141 Y-32.889 Z-2.200 F400.000
G1 X-14.121 Y-32.866 Z-2.200 F400.000
G1 X-14.107 Y-32.839 Z-2.200 F400.000
G1 X-14.098 Y-32.810 Z-2.200 F400.000
G1 X-14.088 Y-32.702 Z-2.200 F400.000
G1 X-14.087 Y-30.995 Z-2.200 F400.000
G1 X-14.098 Y-30.887 Z-2.200 F400.000
G1 X-14.107 Y-30.858 Z-2.200 F400.000
G1 X-14.121 Y-30.831 Z-2.200 F400.000
G1 X-14.141 Y-30.808 Z-2.200 F400.000
G1 X-14.164 Y-30.788 Z-2.200 F400.000
G1 X-14.191 Y-30.774 Z-2.200 F400.000
G1 X-14.220 Y-30.765 Z-2.200 F400.000
G1 X-14.330 Y-30.754 Z-2.200 F400.000
G1 X-17.256 Y-30.747 Z-2.200 F400.000
G1 X-17.597 Y-30.713 Z-2.200 F400.000
G1 X-17.902 Y-30.653 Z-2.200 F400.000
G1 X-18.231 Y-30.553 Z-2.200 F400.000
G1 X-18.518 Y-30.434 Z-2.200 F400.000
G1 X-18.821 Y-30.272 Z-2.200 F400.000
G1 X-19.079 Y-30.099 Z-2.200 F400.000
G1 X-19.345 Y-29.882 Z-2.200 F400.000
G1 X-19.565 Y-29.662 Z-2.200 F400.000
G1 X-19.782 Y-29.396 Z-2.200 F400.000
G1 X-19.955 Y-29.138 Z-2.200 F400.000
G1 X-20.117 Y-28.835 Z-2.200 F400.000
G1 X-20.236 Y-28.548 Z-2.200 F400.000
G1 X-20.336 Y-28.219 Z-2.200 F400.000
G1 X-20.396 Y-27.914 Z-2.200 F400.000
G1 X-20.437 Y-27.417 Z-2.200 F400.000
G1 X-20.437 Y-3.500 Z-2.200 F400.000
G0 X-20.437 Y-3.500 Z5.000
G0 X-20.437 Y-228.500 Z5.000
G0 X-20.437 Y-228.500 Z3.000
G1 X-20.437 Y-214.313 Z2.505 F400.000
G1 X-20.424 Y-214.105 Z2.497 F400.000
G1 X-20.390 Y-213.846 Z2.488 F400.000
G1 X-20.283 Y-213.446 Z2.474 F400.000
G1 X-20.183 Y-213.205 Z2.465 F400.000
G1 X-19.975 Y-212.846 Z2.450 F400.000
G1 X-19.817 Y-212.639 Z2.441 F400.000
G1 X-19.524 Y-212.346 Z2.427 F400.000
G1 X-19.316 Y-212.187 Z2.417 F400.000
G1 X-18.958 Y-211.980 Z2.403 F400.000
G1 X-18.716 Y-211.880 Z2.394 F400.000
G1 X-18.316 Y-211.773 Z2.379 F400.000
G1 X-18.057 Y-211.739 Z2.370 F400.000
G1 X-17.850 Y-211.725 Z2.363 F400.000
G1 X-16.445 Y-211.725 Z2.314 F400.000
G1 X-16.336 Y-211.714 Z2.310 F400.000
G1 X-16.307 Y-211.706 Z2.309 F400.000
G1 X-16.281 Y-211.691 Z2.308 F400.000
G1 X-16.257 Y-211.672 Z2.307 F400.000
G1 X-16.238 Y-211.649 Z2.306 F400.000
G1 X-16.224 Y-211.622 Z2.305 F400.000
G1 X-16.215 Y-211.593 Z2.304 F400.000
G1 X-16.204 Y-211.485 Z2.300 F400.000
G1 X-16.204 Y-208.593 Z2.199 F400.000
G1 X-16.207 Y-208.533 Z2.197 F400.000
G1 X-16.210 Y-208.515 Z2.196 F400.000
G1 X-16.215 Y-208.499 Z2.196 F400.000
G1 X-16.238 Y-208.442 Z2.194 F400.000
G1 X-20.159 Y-200.027 Z1.869 F400.000
G1 X-20.286 Y-199.686 Z1.857 F400.000
G1 X-20.375 Y-199.333 Z1.844 F400.000
G1 X-20.425 Y-198.973 Z1.831 F400.000
G1 X-20.437 Y-198.696 Z1.822 F400.000
G1 X-20.437 Y-175.828 Z1.023 F400.000
G1 X-20.424 Y-175.621 Z1.016 F400.000
G1 X-20.390 Y-175.362 Z1.007 F400.000
G1 X-20.283 Y-174.962 Z0.992 F400.000
G1 X-20.183 Y-174.721 Z0.983 F400.000
G1 X-19.975 Y-174.362 Z0.969 F400.000
G1 X-19.817 Y-174.155 Z0.959 F400.000
G1 X-19.524 Y-173.862 Z0.945 F400.000
G1 X-19.316 Y-173.703 Z0.936 F400.000
G1 X-18.958 Y-173.496 Z0.921 F400.000
G1 X-18.716 Y-173.396 Z0.912 F400.000
G1 X-18.316 Y-173.289 Z0.898 F400.000
G1 X-18.057 Y-173.255 Z0.889 F400.000
G1 X-17.850 Y-173.241 Z0.881 F400.000
G1 X-16.445 Y-173.241 Z0.832 F400.000
G1 X-16.336 Y-173.230 Z0.829 F400.000
G1 X-16.307 Y-173.222 Z0.828 F400.000
G1 X-16.281 Y-173.207 Z0.826 F400.000
G1 X-16.257 Y-173.188 Z0.825 F400.000
G1 X-16.238 Y-173.164 Z0.824 F400.000
G1 X-16.224 Y-173.138 Z0.823 F400.000
G1 X-16.215 Y-173.109 Z0.822 F400.000
G1 X-16.204 Y-173.000 Z0.818 F400.000
G1 X-16.204 Y-170.109 Z0.717 F400.000
G1 X-16.207 Y-170.049 Z0.715 F400.000
G1 X-16.210 Y-170.031 Z0.715 F400.000
G1 X-16.215 Y-170.015 Z0.714 F400.000
G1 X-16.238 Y-169.958 Z0.712 F400.000
G1 X-20.159 Y-161.543 Z0.388 F400.000
G1 X-20.286 Y-161.202 Z0.375 F400.000
G1 X-20.375 Y-160.849 Z0.362 F400.000
G1 X-20.425 Y-160.489 Z0.350 F400.000
G1 X-20.437 Y-160.212 Z0.340 F400.000
G1 X-20.437 Y-159.067 Z0.300 F400.000
G1 X-20.437 Y-160.212 Z0.260 F400.000
G1 X-20.425 Y-160.489 Z0.250 F400.000
G1 X-20.375 Y-160.849 Z0.238 F400.000
G1 X-20.286 Y-161.202 Z0.225 F400.000
G1 X-20.159 Y-161.543 Z0.212 F400.000
G1 X-16.238 Y-169.958 Z-0.112 F400.000
G1 X-16.215 Y-170.015 Z-0.114 F400.000
G1 X-16.210 Y-170.031 Z-0.115 F400.000
G1 X-16.207 Y-170.049 Z-0.115 F400.000
G1 X-16.204 Y-170.109 Z-0.117 F400.000
G1 X-16.204 Y-173.000 Z-0.218 F400.000
G1 X-16.215 Y-173.109 Z-0.222 F400.000
G1 X-16.224 Y-173.138 Z-0.223 F400.000
G1 X-16.238 Y-173.164 Z-0.224 F400.000
G1 X-16.257 Y-173.188 Z-0.225 F400.000
G1 X-16.281 Y-173.207 Z-0.226 F400.000
G1 X-16.307 Y-173.222 Z-0.228 F400.000
G1 X-16.336 Y-173.230 Z-0.229 F400.000
G1 X-16.445 Y-173.241 Z-0.232 F400.000
G1 X-17.850 Y-173.241 Z-0.281 F400.000
G1 X-18.057 Y-173.255 Z-0.289 F400.000
G1 X-18.316 Y-173.289 Z-0.298 F400.000
G1 X-18.716 Y-173.396 Z-0.312 F400.000
G1 X-18.958 Y-173.496 Z-0.321 F400.000
G1 X-19.316 Y-173.703 Z-0.336 F400.000
G1 X-19.524 Y-173.862 Z-0.345 F400.000
G1 X-19.817 Y-174.155 Z-0.359 F400.000
G1 X-19.975 Y-174.362 Z-0.369 F400.000
G1 X-20.183 Y-174.721 Z-0.383 F400.000
G1 X-20.283 Y-174.962 Z-0.392 F400.000
G1 X-20.390 Y-175.362 Z-0.407 F400.000
G1 X-20.424 Y-175.621 Z-0.416 F400.000
G1 X-20.437 Y-175.828 Z-0.423 F400.000
G1 X-20.437 Y-198.696 Z-1.222 F400.000
G1 X-20.425 Y-198.973 Z-1.231 F400.000
G1 X-20.375 Y-199.333 Z-1.244 F400.000
G1 X-20.286 Y-199.686 Z-1.257 F400.000
G1 X-20.159 Y-200.027 Z-1.269 F400.000
G1 X-16.238 Y-208.442 Z-1.594 F400.000
G1 X-16.215 Y-208.499 Z-1.596 F400.000
G1 X-16.210 Y-208.515 Z-1.596 F400.000
G1 X-16.207 Y-208.533 Z-1.597 F400.000
G1 X-16.204 Y-208.593 Z-1.599 F400.000
G1 X-16.204 Y-211.485 Z-1.700 F400.000
G1 X-16.215 Y-211.593 Z-1.704 F400.000
G1 X-16.224 Y-211.622 Z-1.705 F400.000
G1 X-16.238 Y-211.649 Z-1.706 F400.000
G1 X-16.257 Y-211.672 Z-1.707 F400.000
G1 X-16.281 Y-211.691 Z-1.708 F400.000
G1 X-16.307 Y-211.706 Z-1.709 F400.000
G1 X-16.336 Y-211.714 Z-1.710 F400.000
G1 X-16.445 Y-211.725 Z-1.714 F400.000
G1 X-17.850 Y-211.725 Z-1.763 F400.000
G1 X-18.057 Y-211.739 Z-1.770 F400.000
G1 X-18.316 Y-211.773 Z-1.779 F400.000
G1 X-18.716 Y-211.880 Z-1.794 F400.000
G1 X-18.958 Y-211.980 Z-1.803 F400.000
G1 X-19.316 Y-212.187 Z-1.817 F400.000
G1 X-19.524 Y-212.346 Z-1.827 F400.000
G1 X-19.817 Y-212.639 Z-1.841 F400.000
G1 X-19.975 Y-212.846 Z-1.850 F400.000
G1 X-20.183 Y-213.205 Z-1.865 F400.000
G1 X-20.283 Y-213.446 Z-1.874 F400.000
G1 X-20.390 Y-213.846 Z-1.888 F400.000
G1 X-20.424 Y-214.105 Z-1.897 F400.000
G1 X-20.437 Y-214.313 Z-1.905 F400.000
G1 X-20.437 Y-228.500 Z-2.400 F400.000
G1 X-20.437 Y-214.313 Z-2.400 F400.000
G1 X-20.424 Y-214.105 Z-2.400 F400.000
G1 X-20.390 Y-213.846 Z-2.400 F400.000
G1 X-20.283 Y-213.446 Z-2.400 F400.000
G1 X-20.183 Y-213.205 Z-2.400 F400.000
G1 X-19.975 Y-212.846 Z-2.400 F400.000
G1 X-19.817 Y-212.639 Z-2.400 F400.000
G1 X-19.524 Y-212.346 Z-2.400 F400.000
G1 X-19.316 Y-212.187 Z-2.400 F400.000
G1 X-18.958 Y-211.980 Z-2.400 F400.000
G1 X-18.716 Y-211.880 Z-2.400 F400.000
G1 X-18.316 Y-211.773 Z-2.400 F400.000
G1 X-18.057 Y-211.739 Z-2.400 F400.000
G1 X-17.850 Y-211.725 Z-2.400 F400.000
G1 X-16.445 Y-211.725 Z-2.400 F400.000
G1 X-16.336 Y-211.714 Z-2.400 F400.000
G1 X-16.307 Y-211.706 Z-2.400 F400.000
G1 X-16.281 Y-211.691 Z-2.400 F400.000
G1 X-16.257 Y-211.672 Z-2.400 F400.000
G1 X-16.238 Y-211.649 Z-2.400 F400.000
G1 X-16.224 Y-211.622 Z-2.400 F400.000
G1 X-16.215 Y-211.593 Z-2.400 F400.000
G1 X-16.204 Y-211.485 Z-2.400 F400.000
G1 X-16.204 Y-208.593 Z-2.400 F400.000
G1 X-16.207 Y-208.533 Z-2.400 F400.000
G1 X-16.210 Y-208.515 Z-2.400 F400.000
G1 X-16.215 Y-208.499 Z-2.400 F400.000
G1 X-16.238 Y-208.442 Z-2.400 F400.000
G1 X-20.159 Y-200.027 Z-2.400 F400.000
G1 X-20.286 Y-199.686 Z-2.400 F400.000
G1 X-20.375 Y-199.333 Z-2.400 F400.000
G1 X-20.425 Y-198.973 Z-2.400 F400.000
G1 X-20.437 Y-198.696 Z-2.400 F400.000
G1 X-20.437 Y-175.828 Z-2.400 F400.000
G1 X-20.424 Y-175.621 Z-2.400 F400.000
G1 X-20.390 Y-175.362 Z-2.400 F400.000
G1 X-20.283 Y-174.962 Z-2.400 F400.000
G1 X-20.183 Y-174.721 Z-2.400 F400.000
G1 X-19.975 Y-174.362 Z-2.400 F400.000
G1 X-19.817 Y-174.155 Z-2.400 F400.000
G1 X-19.524 Y-173.862 Z-2.400 F400.000
G1 X-19.316 Y-173.703 Z-2.400 F400.000
G1 X-18.958 Y-173.496 Z-2.400 F400.000
G1 X-18.716 Y-173.396 Z-2.400 F400.000
G1 X-18.316 Y-173.289 Z-2.400 F400.000
G1 X-18.057 Y-173.255 Z-2.400 F400.000
G1 X-17.850 Y-173.241 Z-2.400 F400.000
G1 X-16.445 Y-173.241 Z-2.400 F400.000
G1 X-16.336 Y-173.230 Z-2.400 F400.000
G1 X-16.307 Y-173.222 Z-2.400 F400.000
G1 X-16.281 Y-173.207 Z-2.400 F400.000
G1 X-16.257 Y-173.188 Z-2.400 F400.000
G1 X-16.238 Y-173.164 Z-2.400 F400.000
G1 X-16.224 Y-173.138 Z-2.400 F400.000
G1 X-16.215 Y-173.109 Z-2.400 F400.000
G1 X-16.204 Y-173.000 Z-2.400 F400.000
G1 X-16.204 Y-170.109 Z-2.400 F400.000
G1 X-16.207 Y-170.049 Z-2.400 F400.000
G1 X-16.210 Y-170.031 Z-2.400 F400.000
G1 X-16.215 Y-170.015 Z-2.400 F400.000
G1 X-16.238 Y-169.958 Z-2.400 F400.000
G1 X-20.159 Y-161.543 Z-2.400 F400.000
G1 X-20.286 Y-161.202 Z-2.400 F400.000
G1 X-20.375 Y-160.849 Z-2.400 F400.000
G1 X-20.425 Y-160.489 Z-2.400 F400.000
G1 X-20.437 Y-160.212 Z-2.400 F400.000
G1 X-20.437 Y-137.344 Z-2.400 F400.000
G1 X-20.424 Y-137.137 Z-2.400 F400.000
G1 X-20.390 Y-136.878 Z-2.400 F400.000
G1 X-20.283 Y-136.478 Z-2.400 F400.000
G1 X-20.183 Y-136.237 Z-2.400 F400.000
G1 X-19.975 Y-135.878 Z-2.400 F400.000
G1 X-19.817 Y-135.671 Z-2.400 F400.000
G1 X-19.524 Y-135.378 Z-2.400 F400.000
G1 X-19.316 Y-135.219 Z-2.400 F400.000
G1 X-18.958 Y-135.012 Z-2.400 F400.000
G1 X-18.716 Y-134.912 Z-2.400 F400.000
G1 X-18.316 Y-134.805 Z-2.400 F400.000
G1 X-18.057 Y-134.771 Z-2.400 F400.000
G1 X-17.850 Y-134.757 Z-2.400 F400.000
G1 X-16.445 Y-134.757 Z-2.400 F400.000
G1 X-16.336 Y-134.746 Z-2.400 F400.000
G1 X-16.307 Y-134.738 Z-2.400 F400.000
G1 X-16.281 Y-134.723 Z-2.400 F400.000
G1 X-16.257 Y-134.704 Z-2.400 F400.000
G1 X-16.238 Y-134.680 Z-2.400 F400.000
G1 X-16.224 Y-134.654 Z-2.400 F400.000
G1 X-16.215 Y-134.625 Z-2.400 F400.000
G1 X-16.204 Y-134.516 Z-2.400 F400.000
G1 X-16.204 Y-131.625 Z-2.400 F400.000
G1 X-16.207 Y-131.565 Z-2.400 F400.000
G1 X-16.210 Y-131.547 Z-2.400 F400.000
G1 X-16.215 Y-131.531 Z-2.400 F400.000
G1 X-16.238 Y-131.474 Z-2.400 F400.000
G1 X-20.159 Y-123.059 Z-2.400 F400.000
G1 X-20.286 Y-122.718 Z-2.400 F400.000
G1 X-20.375 Y-122.365 Z-2.400 F400.000
G1 X-20.425 Y-122.005 Z-2.400 F400.000
G1 X-20.437 Y-121.728 Z-2.400 F400.000
G1 X-20.437 Y-98.860 Z-2.400 F400.000
G1 X-20.424 Y-98.653 Z-2.400 F400.000
G1 X-20.390 Y-98.394 Z-2.400 F400.000
G1 X-20.283 Y-97.994 Z-2.400 F400.000
G1 X-20.183 Y-97.753 Z-2.400 F400.000
G1 X-19.975 Y-97.394 Z-2.400 F400.000
G1 X-19.817 Y-97.187 Z-2.400 F400.000
G1 X-19.524 Y-96.894 Z-2.400 F400.000
G1 X-19.316 Y-96.735 Z-2.400 F400.000
G1 X-18.958 Y-96.528 Z-2.400 F400.000
G1 X-18.716 Y-96.428 Z-2.400 F400.000
G1 X-18.316 Y-96.321 Z-2.400 F400.000
G1 X-18.057 Y-96.287 Z-2.400 F400.000
G1 X-17.850 Y-96.273 Z-2.400 F400.000
G1 X-16.445 Y-96.273 Z-2.400 F400.000
G1 X-16.336 Y-96.262 Z-2.400 F400.000
G1 X-16.307 Y-96.253 Z-2.400 F400.000
G1 X-16.281 Y-96.239 Z-2.400 F400.000
G1 X-16.257 Y-96.220 Z-2.400 F400.000
G1 X-16.238 Y-96.196 Z-2.400 F400.000
G1 X-16.224 Y-96.170 Z-2.400 F400.000
G1 X-16.215 Y-96.141 Z-2.400 F400.000
G1 X-16.204 Y-96.032 Z-2.400 F400.000
G1 X-16.204 Y-93.141 Z-2.400 F400.000
G1 X-16.207 Y-93.081 Z-2.400 F400.000
G1 X-16.210 Y-93.063 Z-2.400 F400.000
G1 X-16.215 Y-93.046 Z-2.400 F400.000
G1 X-16.238 Y-92.990 Z-2.400 F400.000
G1 X-20.159 Y-84.575 Z-2.400 F400.000
G1 X-20.286 Y-84.234 Z-2.400 F400.000
G1 X-20.375 Y-83.881 Z-2.400 F400.000
G1 X-20.425 Y-83.521 Z-2.400 F400.000
G1 X-20.437 Y-83.244 Z-2.400 F400.000
G1 X-20.437 Y-60.376 Z-2.400 F400.000
G1 X-20.424 Y-60.169 Z-2.400 F400.000
G1 X-20.390 Y-59.910 Z-2.400 F400.000
G1 X-20.283 Y-59.510 Z-2.400 F400.000
G1 X-20.183 Y-59.269 Z-2.400 F400.000
G1 X-19.975 Y-58.910 Z-2.400 F400.000
G1 X-19.817 Y-58.703 Z-2.400 F400.000
G1 X-19.524 Y-58.410 Z-2.400 F400.000
G1 X-19.316 Y-58.251 Z-2.400 F400.000
G1 X-18.958 Y-58.044 Z-2.400 F400.000
G1 X-18.716 Y-57.944 Z-2.400 F400.000
G1 X-18.316 Y-57.837 Z-2.400 F400.000
G1 X-18.057 Y-57.803 Z-2.400 F400.000
G1 X-17.850 Y-57.789 Z-2.400 F400.000
G1 X-16.445 Y-57.789 Z-2.400 F400.000
G1 X-16.336 Y-57.778 Z-2.400 F400.000
G1 X-16.307 Y-57.769 Z-2.400 F400.000
G1 X-16.281 Y-57.755 Z-2.400 F400.000
G1 X-16.257 Y-57.736 Z-2.400 F400.000
G1 X-16.238 Y-57.712 Z-2.400 F400.000
G1 X-16.224 Y-57.686 Z-2.400 F400.000
G1 X-16.215 Y-57.657 Z-2.400 F400.000
G1 X-16.204 Y-57.548 Z-2.400 F400.000
G1 X-16.204 Y-54.657 Z-2.400 F400.000
G1 X-16.207 Y-54.597 Z-2.400 F400.000
G1 X-16.210 Y-54.579 Z-2.400 F400.000
G1 X-16.215 Y-54.562 Z-2.400 F400.000
G1 X-16.238 Y-54.506 Z-2.400 F400.000
G1 X-20.159 Y-46.091 Z-2.400 F400.000
G1 X-20.286 Y-45.750 Z-2.400 F400.000
G1 X-20.375 Y-45.397 Z-2.400 F400.000
G1 X-20.425 Y-45.037 Z-2.400 F400.000
G1 X-20.437 Y-44.760 Z-2.400 F400.000
G1 X-20.430 Y-36.124 Z-2.400 F400.000
G1 X-20.396 Y-35.783 Z-2.400 F400.000
G1 X-20.336 Y-35.477 Z-2.400 F400.000
G1 X-20.236 Y-35.149 Z-2.400 F400.000
G1 X-20.117 Y-34.862 Z-2.400 F400.000
G1 X-19.955 Y-34.559 Z-2.400 F400.000
G1 X-19.782 Y-34.300 Z-2.400 F400.000
G1 X-19.565 Y-34.035 Z-2.400 F400.000
G1 X-19.345 Y-33.815 Z-2.400 F400.000
G1 X-19.079 Y-33.597 Z-2.400 F400.000
G1 X-18.821 Y-33.424 Z-2.400 F400.000
G1 X-18.518 Y-33.263 Z-2.400 F400.000
G1 X-18.231 Y-33.144 Z-2.400 F400.000
G1 X-17.902 Y-33.044 Z-2.400 F400.000
G1 X-17.597 Y-32.983 Z-2.400 F400.000
G1 X-17.100 Y-32.942 Z-2.400 F400.000
G1 X-14.328 Y-32.942 Z-2.400 F400.000
G1 X-14.220 Y-32.931 Z-2.400 F400.000
G1 X-14.191 Y-32.923 Z-2.400 F400.000
G1 X-14.164 Y-32.908 Z-2.400 F400.000
G1 X-14.141 Y-32.889 Z-2.400 F400.000
G1 X-14.121 Y-32.866 Z-2.400 F400.000
G1 X-14.107 Y-32.839 Z-2.400 F400.000
G1 X-14.098 Y-32.810 Z-2.400 F400.000
G1 X-14.088 Y-32.702 Z-2.400 F400.000
G1 X-14.087 Y-30.995 Z-2.400 F400.000
G1 X-14.098 Y-30.887 Z-2.400 F400.000
G1 X-14.107 Y-30.858 Z-2.400 F400.000
G1 X-14.121 Y-30.831 Z-2.400 F400.000
G1 X-14.141 Y-30.808 Z-2.400 F400.000
G1 X-14.164 Y-30.788 Z-2.400 F400.000
G1 X-14.191 Y-30.774 Z-2.400 F400.000
G1 X-14.220 Y-30.765 Z-2.400 F400.000
G1 X-14.330 Y-30.754 Z-2.400 F400.000
G1 X-17.256 Y-30.747 Z-2.400 F400.000
G1 X-17.597 Y-30.713 Z-2.400 F400.000
G1 X-17.902 Y-30.653 Z-2.400 F400.000
G1 X-18.231 Y-30.553 Z-2.400 F400.000
G1 X-18.518 Y-30.434 Z-2.400 F400.000
G1 X-18.821 Y-30.272 Z-2.400 F400.000
G1 X-19.079 Y-30.099 Z-2.400 F400.000
G1 X-19.345 Y-29.882 Z-2.400 F400.000
G1 X-19.565 Y-29.662 Z-2.400 F400.000
G1 X-19.782 Y-29.396 Z-2.400 F400.000
G1 X-19.955 Y-29.138 Z-2.400 F400.000
G1 X-20.117 Y-28.835 Z-2.400 F400.000
G1 X-20.236 Y-28.548 Z-2.400 F400.000
G1 X-20.336 Y-28.219 Z-2.400 F400.000
G1 X-20.396 Y-27.914 Z-2.400 F400.000
G1 X-20.437 Y-27.417 Z-2.400 F400.000
G1 X-20.437 Y-3.500 Z-2.400 F400.000
G0 X-20.437 Y-3.500 Z5.000
G0 X-20.437 Y-228.500 Z5.000
G0 X-20.437 Y-228.500 Z3.000
G1 X-20.437 Y-214.313 Z2.505 F400.000
G1 X-20.424 Y-214.105 Z2.497 F400.000
G1 X-20.390 Y-213.846 Z2.488 F400.000
G1 X-20.283 Y-213.446 Z2.474 F400.000
G1 X-20.183 Y-213.205 Z2.465 F400.000
G1 X-19.975 Y-212.846 Z2.450 F400.000
G1 X-19.817 Y-212.639 Z2.441 F400.000
G1 X-19.524 Y-212.346 Z2.427 F400.000
G1 X-19.316 Y-212.187 Z2.417 F400.000
G1 X-18.958 Y-211.980 Z2.403 F400.000
G1 X-18.716 Y-211.880 Z2.394 F400.000
G1 X-18.316 Y-211.773 Z2.379 F400.000
G1 X-18.057 Y-211.739 Z2.370 F400.000
G1 X-17.850 Y-211.725 Z2.363 F400.000
G1 X-16.445 Y-211.725 Z2.314 F400.000
G1 X-16.336 Y-211.714 Z2.310 F400.000
G1 X-16.307 Y-211.706 Z2.309 F400.000
G1 X-16.281 Y-211.691 Z2.308 F400.000
G1 X-16.257 Y-211.672 Z2.307 F400.000
G1 X-16.238 Y-211.649 Z2.306 F400.000
G1 X-16.224 Y-211.622 Z2.305 F400.000
G1 X-16.215 Y-211.593 Z2.304 F400.000
G1 X-16.204 Y-211.485 Z2.300 F400.000
G1 X-16.204 Y-208.593 Z2.199 F400.000
G1 X-16.207 Y-208.533 Z2.197 F400.000
G1 X-16.210 Y-208.515 Z2.196 F400.000
G1 X-16.215 Y-208.499 Z2.196 F400.000
G1 X-16.238 Y-208.442 Z2.194 F400.000
G1 X-20.159 Y-200.027 Z1.869 F400.000
G1 X-20.286 Y-199.686 Z1.857 F400.000
G1 X-20.375 Y-199.333 Z1.844 F400.000
G1 X-20.425 Y-198.973 Z1.831 F400.000
G1 X-20.437 Y-198.696 Z1.822 F400.000
G1 X-20.437 Y-175.828 Z1.023 F400.000
G1 X-20.424 Y-175.621 Z1.016 F400.000
G1 X-20.390 Y-175.362 Z1.007 F400.000
G1 X-20.283 Y-174.962 Z0.992 F400.000
G1 X-20.183 Y-174.721 Z0.983 F400.000
G1 X-19.975 Y-174.362 Z0.969 F400.000
G1 X-19.817 Y-174.155 Z0.959 F400.000
G1 X-19.524 Y-173.862 Z0.945 F400.000
G1 X-19.316 Y-173.703 Z0.936 F400.000
G1 X-18.958 Y-173.496 Z0.921 F400.000
G1 X-18.716 Y-173.396 Z0.912 F400.000
G1 X-18.316 Y-173.289 Z0.898 F400.000
G1 X-18.057 Y-173.255 Z0.889 F400.000
G1 X-17.850 Y-173.241 Z0.881 F400.000
G1 X-16.445 Y-173.241 Z0.832 F400.000
G1 X-16.336 Y-173.230 Z0.829 F400.000
G1 X-16.307 Y-173.222 Z0.828 F400.000
G1 X-16.281 Y-173.207 Z0.826 F400.000
G1 X-16.257 Y-173.188 Z0.825 F400.000
G1 X-16.238 Y-173.164 Z0.824 F400.000
G1 X-16.224 Y-173.138 Z0.823 F400.000
G1 X-16.215 Y-173.109 Z0.822 F400.000
G1 X-16.204 Y-173.000 Z0.818 F400.000
G1 X-16.204 Y-170.109 Z0.717 F400.000
G1 X-16.207 Y-170.049 Z0.715 F400.000
G1 X-16.210 Y-170.031 Z0.715 F400.000
G1 X-16.215 Y-170.015 Z0.714 F400.000
G1 X-16.238 Y-169.958 Z0.712 F400.000
G1 X-20.159 Y-161.543 Z0.388 F400.000
G1 X-20.286 Y-161.202 Z0.375 F400.000
G1 X-20.375 Y-160.849 Z0.362 F400.000
G1 X-20.425 Y-160.489 Z0.350 F400.000
G1 X-20.437 Y-160.212 Z0.340 F400.000
G1 X-20.437 Y-156.203 Z0.200 F400.000
G1 X-20.437 Y-160.212 Z0.060 F400.000
G1 X-20.425 Y-160.489 Z0.050 F400.000
G1 X-20.375 Y-160.849 Z0.038 F400.000
G1 X-20.286 Y-161.202 Z0.025 F400.000
G1 X-20.159 Y-161.543 Z0.012 F400.000
G1 X-16.238 Y-169.958 Z-0.312 F400.000
G1 X-16.215 Y-170.015 Z-0.314 F400.000
G1 X-16.210 Y-170.031 Z-0.315 F400.000
G1 X-16.207 Y-170.049 Z-0.315 F400.000
G1 X-16.204 Y-170.109 Z-0.317 F400.000
G1 X-16.204 Y-173.000 Z-0.418 F400.000
G1 X-16.215 Y-173.109 Z-0.422 F400.000
G1 X-16.224 Y-173.138 Z-0.423 F400.000
G1 X-16.238 Y-173.164 Z-0.424 F400.000
G1 X-16.257 Y-173.188 Z-0.425 F400.000
G1 X-16.281 Y-173.207 Z-0.426 F400.000
G1 X-16.307 Y-173.222 Z-0.428 F400.000
G1 X-16.336 Y-173.230 Z-0.429 F400.000
G1 X-16.445 Y-173.241 Z-0.432 F400.000
G1 X-17.850 Y-173.241 Z-0.481 F400.000
G1 X-18.057 Y-173.255 Z-0.489 F400.000
G1 X-18.316 Y-173.289 Z-0.498 F400.000
G1 X-18.716 Y-173.396 Z-0.512 F400.000
G1 X-18.958 Y-173.496 Z-0.521 F400.000
G1 X-19.316 Y-173.703 Z-0.536 F400.000
G1 X-19.524 Y-173.862 Z-0.545 F400.000
G1 X-19.817 Y-174.155 Z-0.559 F400.000
G1 X-19.975 Y-174.362 Z-0.569 F400.000
G1 X-20.183 Y-174.721 Z-0.583 F400.000
G1 X-20.283 Y-174.962 Z-0.592 F400.000
G1 X-20.390 Y-175.362 Z-0.607 F400.000
G1 X-20.424 Y-175.621 Z-0.616 F400.000
G1 X-20.437 Y-175.828 Z-0.623 F400.000
G1 X-20.437 Y-198.696 Z-1.422 F400.000
G1 X-20.425 Y-198.973 Z-1.431 F400.000
G1 X-20.375 Y-199.333 Z-1.444 F400.000
G1 X-20.286 Y-199.686 Z-1.457 F400.000
G1 X-20.159 Y-200.027 Z-1.469 F400.000
G1 X-16.238 Y-208.442 Z-1.794 F400.000
G1 X-16.215 Y-208.499 Z-1.796 F400.000
G1 X-16.210 Y-208.515 Z-1.796 F400.000
G1 X-16.207 Y-208.533 Z-1.797 F400.000
G1 X-16.204 Y-208.593 Z-1.799 F400.000
G1 X-16.204 Y-211.485 Z-1.900 F400.000
G1 X-16.215 Y-211.593 Z-1.904 F400.000
G1 X-16.224 Y-211.622 Z-1.905 F400.000
G1 X-16.238 Y-211.649 Z-1.906 F400.000
G1 X-16.257 Y-211.672 Z-1.907 F400.000
G1 X-16.281 Y-211.691 Z-1.908 F400.000
G1 X-16.307 Y-211.706 Z-1.909 F400.000
G1 X-16.336 Y-211.714 Z-1.910 F400.000
G1 X-16.445 Y-211.725 Z-1.914 F400.000
G1 X-17.850 Y-211.725 Z-1.963 F400.000
G1 X-18.057 Y-211.739 Z-1.970 F400.000
G1 X-18.316 Y-211.773 Z-1.979 F400.000
G1 X-18.716 Y-211.880 Z-1.994 F400.000
G1 X-18.958 Y-211.980 Z-2.003 F400.000
G1 X-19.316 Y-212.187 Z-2.017 F400.000
G1 X-19.524 Y-212.346 Z-2.027 F400.000
G1 X-19.817 Y-212.639 Z-2.041 F400.000
G1 X-19.975 Y-212.846 Z-2.050 F400.000
G1 X-20.183 Y-213.205 Z-2.065 F400.000
G1 X-20.283 Y-213.446 Z-2.074 F400.000
G1 X-20.390 Y-213.846 Z-2.088 F400.000
G1 X-20.424 Y-214.105 Z-2.097 F400.000
G1 X-20.437 Y-214.313 Z-2.105 F400.000
G1 X-20.437 Y-228.500 Z-2.600 F400.000
G1 X-20.437 Y-214.313 Z-2.600 F400.000
G1 X-20.424 Y-214.105 Z-2.600 F400.000
G1 X-20.390 Y-213.846 Z-2.600 F400.000
G1 X-20.283 Y-213.446 Z-2.600 F400.000
G1 X-20.183 Y-213.205 Z-2.600 F400.000
G1 X-19.975 Y-212.846 Z-2.600 F400.000
G1 X-19.817 Y-212.639 Z-2.600 F400.000
G1 X-19.524 Y-212.346 Z-2.600 F400.000
G1 X-19.316 Y-212.187 Z-2.600 F400.000
G1 X-18.958 Y-211.980 Z-2.600 F400.000
G1 X-18.716 Y-211.880 Z-2.600 F400.000
G1 X-18.316 Y-211.773 Z-2.600 F400.000
G1 X-18.057 Y-211.739 Z-2.600 F400.000
G1 X-17.850 Y-211.725 Z-2.600 F400.000
G1 X-16.445 Y-211.725 Z-2.600 F400.000
G1 X-16.336 Y-211.714 Z-2.600 F400.000
G1 X-16.307 Y-211.706 Z-2.600 F400.000
G1 X-16.281 Y-211.691 Z-2.600 F400.000
G1 X-16.257 Y-211.672 Z-2.600 F400.000
G1 X-16.238 Y-211.649 Z-2.600 F400.000
G1 X-16.224 Y-211.622 Z-2.600 F400.000
G1 X-16.215 Y-211.593 Z-2.600 F400.000
G1 X-16.204 Y-211.485 Z-2.600 F400.000
G1 X-16.204 Y-208.593 Z-2.600 F400.000
G1 X-16.207 Y-208.533 Z-2.600 F400.000
G1 X-16.210 Y-208.515 Z-2.600 F400.000
G1 X-16.215 Y-208.499 Z-2.600 F400.000
G1 X-16.238 Y-208.442 Z-2.600 F400.000
G1 X-20.159 Y-200.027 Z-2.600 F400.000
G1 X-20.286 Y-199.686 Z-2.600 F400.000
G1 X-20.375 Y-199.333 Z-2.600 F400.000
G1 X-20.425 Y-198.973 Z-2.600 F400.000
G1 X-20.437 Y-198.696 Z-2.600 F400.000
G1 X-20.437 Y-175.828 Z-2.600 F400.000
G1 X-20.424 Y-175.621 Z-2.600 F400.000
G1 X-20.390 Y-175.362 Z-2.600 F400.000
G1 X-20.283 Y-174.962 Z-2.600 F400.000
G1 X-20.183 Y-174.721 Z-2.600 F400.000
G1 X-19.975 Y-174.362 Z-2.600 F400.000
G1 X-19.817 Y-174.155 Z-2.600 F400.000
G1 X-19.524 Y-173.862 Z-2.600 F400.000
G1 X-19.316 Y-173.703 Z-2.600 F400.000
G1 X-18.958 Y-173.496 Z-2.600 F400.000
G1 X-18.716 Y-173.396 Z-2.600 F400.000
G1 X-18.316 Y-173.289 Z-2.600 F400.000
G1 X-18.057 Y-173.255 Z-2.600 F400.000
G1 X-17.850 Y-173.241 Z-2.600 F400.000
G1 X-16.445 Y-173.241 Z-2.600 F400.000
G1 X-16.336 Y-173.230 Z-2.600 F400.000
G1 X-16.307 Y-173.222 Z-2.600 F400.000
G1 X-16.281 Y-173.207 Z-2.600 F400.000
G1 X-16.257 Y-173.188 Z-2.600 F400.000
G1 X-16.238 Y-173.164 Z-2.600 F400.000
G1 X-16.224 Y-173.138 Z-2.600 F400.000
G1 X-16.215 Y-173.109 Z-2.600 F400.000
G1 X-16.204 Y-173.000 Z-2.600 F400.000
G1 X-16.204 Y-170.109 Z-2.600 F400.000
G1 X-16.207 Y-170.049 Z-2.600 F400.000
G1 X-16.210 Y-170.031 Z-2.600 F400.000
G1 X-16.215 Y-170.015 Z-2.600 F400.000
G1 X-16.238 Y-169.958 Z-2.600 F400.000
G1 X-20.159 Y-161.543 Z-2.600 F400.000
G1 X-20.286 Y-161.202 Z-2.600 F400.000
G1 X-20.375 Y-160.849 Z-2.600 F400.000
G1 X-20.425 Y-160.489 Z-2.600 F400.000
G1 X-20.437 Y-160.212 Z-2.600 F400.000
G1 X-20.437 Y-137.344 Z-2.600 F400.000
G1 X-20.424 Y-137.137 Z-2.600 F400.000
G1 X-20.390 Y-136.878 Z-2.600 F400.000
G1 X-20.283 Y-136.478 Z-2.600 F400.000
G1 X-20.183 Y-136.237 Z-2.600 F400.000
G1 X-19.975 Y-135.878 Z-2.600 F400.000
G1 X-19.817 Y-135.671 Z-2.600 F400.000
G1 X-19.524 Y-135.378 Z-2.600 F400.000
G1 X-19.316 Y-135.219 Z-2.600 F400.000
G1 X-18.958 Y-135.012 Z-2.600 F400.000
G1 X-18.716 Y-134.912 Z-2.600 F400.000
G1 X-18.316 Y-134.805 Z-2.600 F400.000
G1 X-18.057 Y-134.771 Z-2.600 F400.000
G1 X-17.850 Y-134.757 Z-2.600 F400.000
G1 X-16.445 Y-134.757 Z-2.600 F400.000
G1 X-16.336 Y-134.746 Z-2.600 F400.000
G1 X-16.307 Y-134.738 Z-2.600 F400.000
G1 X-16.281 Y-134.723 Z-2.600 F400.000
G1 X-16.257 Y-134.704 Z-2.600 F400.000
G1 X-16.238 Y-134.680 Z-2.600 F400.000
G1 X-16.224 Y-134.654 Z-2.600 F400.000
G1 X-16.215 Y-134.625 Z-2.600 F400.000
G1 X-16.204 Y-134.516 Z-2.600 F400.000
G1 X-16.204 Y-131.625 Z-2.600 F400.000
G1 X-16.207 Y-131.565 Z-2.600 F400.000
G1 X-16.210 Y-131.547 Z-2.600 F400.000
G1 X-16.215 Y-131.531 Z-2.600 F400.000
G1 X-16.238 Y-131.474 Z-2.600 F400.000
G1 X-20.159 Y-123.059 Z-2.600 F400.000
G1 X-20.286 Y-122.718 Z-2.600 F400.000
G1 X-20.375 Y-122.365 Z-2.600 F400.000
G1 X-20.425 Y-122.005 Z-2.600 F400.000
G1 X-20.437 Y-121.728 Z-2.600 F400.000
G1 X-20.437 Y-98.860 Z-2.600 F400.000
G1 X-20.424 Y-98.653 Z-2.600 F400.000
G1 X-20.390 Y-98.394 Z-2.600 F400.000
G1 X-20.283 Y-97.994 Z-2.600 F400.000
G1 X-20.183 Y-97.753 Z-2.600 F400.000
G1 X-19.975 Y-97.394 Z-2.600 F400.000
G1 X-19.817 Y-97.187 Z-2.600 F400.000
G1 X-19.524 Y-96.894 Z-2.600 F400.000
G1 X-19.316 Y-96.735 Z-2.600 F400.000
G1 X-18.958 Y-96.528 Z-2.600 F400.000
G1 X-18.716 Y-96.428 Z-2.600 F400.000
G1 X-18.316 Y-96.321 Z-2.600 F400.000
G1 X-18.057 Y-96.287 Z-2.600 F400.000
G1 X-17.850 Y-96.273 Z-2.600 F400.000
G1 X-16.445 Y-96.273 Z-2.600 F400.000
G1 X-16.336 Y-96.262 Z-2.600 F400.000
G1 X-16.307 Y-96.253 Z-2.600 F400.000
G1 X-16.281 Y-96.239 Z-2.600 F400.000
G1 X-16.257 Y-96.220 Z-2.600 F400.000
G1 X-16.238 Y-96.196 Z-2.600 F400.000
G1 X-16.224 Y-96.170 Z-2.600 F400.000
G1 X-16.215 Y-96.141 Z-2.600 F400.000
G1 X-16.204 Y-96.032 Z-2.600 F400.000
G1 X-16.204 Y-93.141 Z-2.600 F400.000
G1 X-16.207 Y-93.081 Z-2.600 F400.000
G1 X-16.210 Y-93.063 Z-2.600 F400.000
G1 X-16.215 Y-93.046 Z-2.600 F400.000
G1 X-16.238 Y-92.990 Z-2.600 F400.000
G1 X-20.159 Y-84.575 Z-2.600 F400.000
G1 X-20.286 Y-84.234 Z-2.600 F400.000
G1 X-20.375 Y-83.881 Z-2.600 F400.000
G1 X-20.425 Y-83.521 Z-2.600 F400.000
G1 X-20.437 Y-83.244 Z-2.600 F400.000
G1 X-20.437 Y-60.376 Z-2.600 F400.000
G1 X-20.424 Y-60.169 Z-2.600 F400.000
G1 X-20.390 Y-59.910 Z-2.600 F400.000
G1 X-20.283 Y-59.510 Z-2.600 F400.000
G1 X-20.183 Y-59.269 Z-2.600 F400.000
G1 X-19.975 Y-58.910 Z-2.600 F400.000
G1 X-19.817 Y-58.703 Z-2.600 F400.000
G1 X-19.524 Y-58.410 Z-2.600 F400.000
G1 X-19.316 Y-58.251 Z-2.600 F400.000
G1 X-18.958 Y-58.044 Z-2.600 F400.000
G1 X-18.716 Y-57.944 Z-2.600 F400.000
G1 X-18.316 Y-57.837 Z-2.600 F400.000
G1 X-18.057 Y-57.803 Z-2.600 F400.000
G1 X-17.850 Y-57.789 Z-2.600 F400.000
G1 X-16.445 Y-57.789 Z-2.600 F400.000
G1 X-16.336 Y-57.778 Z-2.600 F400.000
G1 X-16.307 Y-57.769 Z-2.600 F400.000
G1 X-16.281 Y-57.755 Z-2.600 F400.000
G1 X-16.257 Y-57.736 Z-2.600 F400.000
G1 X-16.238 Y-57.712 Z-2.600 F400.000
G1 X-16.224 Y-57.686 Z-2.600 F400.000
G1 X-16.215 Y-57.657 Z-2.600 F400.000
G1 X-16.204 Y-57.548 Z-2.600 F400.000
G1 X-16.204 Y-54.657 Z-2.600 F400.000
G1 X-16.207 Y-54.597 Z-2.600 F400.000
G1 X-16.210 Y-54.579 Z-2.600 F400.000
G1 X-16.215 Y-54.562 Z-2.600 F400.000
G1 X-16.238 Y-54.506 Z-2.600 F400.000
G1 X-20.159 Y-46.091 Z-2.600 F400.000
G1 X-20.286 Y-45.750 Z-2.600 F400.000
G1 X-20.375 Y-45.397 Z-2.600 F400.000
G1 X-20.425 Y-45.037 Z-2.600 F400.000
G1 X-20.437 Y-44.760 Z-2.600 F400.000
G1 X-20.430 Y-36.124 Z-2.600 F400.000
G1 X-20.396 Y-35.783 Z-2.600 F400.000
G1 X-20.336 Y-35.477 Z-2.600 F400.000
G1 X-20.236 Y-35.149 Z-2.600 F400.000
G1 X-20.117 Y-34.862 Z-2.600 F400.000
G1 X-19.955 Y-34.559 Z-2.600 F400.000
G1 X-19.782 Y-34.300 Z-2.600 F400.000
G1 X-19.565 Y-34.035 Z-2.600 F400.000
G1 X-19.345 Y-33.815 Z-2.600 F400.000
G1 X-19.079 Y-33.597 Z-2.600 F400.000
G1 X-18.821 Y-33.424 Z-2.600 F400.000
G1 X-18.518 Y-33.263 Z-2.600 F400.000
G1 X-18.231 Y-33.144 Z-2.600 F400.000
G1 X-17.902 Y-33.044 Z-2.600 F400.000
G1 X-17.597 Y-32.983 Z-2.600 F400.000
G1 X-17.100 Y-32.942 Z-2.600 F400.000
G1 X-14.328 Y-32.942 Z-2.600 F400.000
G1 X-14.220 Y-32.931 Z-2.600 F400.000
G1 X-14.191 Y-32.923 Z-2.600 F400.000
G1 X-14.164 Y-32.908 Z-2.600 F400.000
G1 X-14.141 Y-32.889 Z-2.600 F400.000
G1 X-14.121 Y-32.866 Z-2.600 F400.000
G1 X-14.107 Y-32.839 Z-2.600 F400.000
G1 X-14.098 Y-32.810 Z-2.600 F400.000
G1 X-14.088 Y-32.702 Z-2.600 F400.000
G1 X-14.087 Y-30.995 Z-2.600 F400.000
G1 X-14.098 Y-30.887 Z-2.600 F400.000
G1 X-14.107 Y-30.858 Z-2.600 F400.000
G1 X-14.121 Y-30.831 Z-2.600 F400.000
G1 X-14.141 Y-30.808 Z-2.600 F400.000
G1 X-14.164 Y-30.788 Z-2.600 F400.000
G1 X-14.191 Y-30.774 Z-2.600 F400.000
G1 X-14.220 Y-30.765 Z-2.600 F400.000
G1 X-14.330 Y-30.754 Z-2.600 F400.000
G1 X-17.256 Y-30.747 Z-2.600 F400.000
G1 X-17.597 Y-30.713 Z-2.600 F400.000
G1 X-17.902 Y-30.653 Z-2.600 F400.000
G1 X-18.231 Y-30.553 Z-2.600 F400.000
G1 X-18.518 Y-30.434 Z-2.600 F400.000
G1 X-18.821 Y-30.272 Z-2.600 F400.000
G1 X-19.079 Y-30.099 Z-2.600 F400.000
G1 X-19.345 Y-29.882 Z-2.600 F400.000
G1 X-19.565 Y-29.662 Z-2.600 F400.000
G1 X-19.782 Y-29.396 Z-2.600 F400.000
G1 X-19.955 Y-29.138 Z-2.600 F400.000
G1 X-20.117 Y-28.835 Z-2.600 F400.000
G1 X-20.236 Y-28.548 Z-2.600 F400.000
G1 X-20.336 Y-28.219 Z-2.600 F400.000
G1 X-20.396 Y-27.914 Z-2.600 F400.000
G1 X-20.437 Y-27.417 Z-2.600 F400.000
G1 X-20.437 Y-3.500 Z-2.600 F400.000
G0 X-20.437 Y-3.500 Z5.000
G0 X-20.437 Y-228.500 Z5.000
G0 X-20.437 Y-228.500 Z3.000
G1 X-20.437 Y-214.313 Z2.505 F400.000
G1 X-20.424 Y-214.105 Z2.497 F400.000
G1 X-20.390 Y-213.846 Z2.488 F400.000
G1 X-20.283 Y-213.446 Z2.474 F400.000
G1 X-20.183 Y-213.205 Z2.465 F400.000
G1 X-19.975 Y-212.846 Z2.450 F400.000
G1 X-19.817 Y-212.639 Z2.441 F400.000
G1 X-19.524 Y-212.346 Z2.427 F400.000
G1 X-19.316 Y-212.187 Z2.417 F400.000
G1 X-18.958 Y-211.980 Z2.403 F400.000
G1 X-18.716 Y-211.880 Z2.394 F400.000
G1 X-18.316 Y-211.773 Z2.379 F400.000
G1 X-18.057 Y-211.739 Z2.370 F400.000
G1 X-17.850 Y-211.725 Z2.363 F400.000
G1 X-16.445 Y-211.725 Z2.314 F400.000
G1 X-16.336 Y-211.714 Z2.310 F400.000
G1 X-16.307 Y-211.706 Z2.309 F400.000
G1 X-16.281 Y-211.691 Z2.308 F400.000
G1 X-16.257 Y-211.672 Z2.307 F400.000
G1 X-16.238 Y-211.649 Z2.306 F400.000
G1 X-16.224 Y-211.622 Z2.305 F400.000
G1 X-16.215 Y-211.593 Z2.304 F400.000
G1 X-16.204 Y-211.485 Z2.300 F400.000
G1 X-16.204 Y-208.593 Z2.199 F400.000
G1 X-16.207 Y-208.533 Z2.197 F400.000
G1 X-16.210 Y-208.515 Z2.196 F400.000
G1 X-16.215 Y-208.499 Z2.196 F400.000
G1 X-16.238 Y-208.442 Z2.194 F400.000
G1 X-20.159 Y-200.027 Z1.869 F400.000
G1 X-20.286 Y-199.686 Z1.857 F400.000
G1 X-20.375 Y-199.333 Z1.844 F400.000
G1 X-20.425 Y-198.973 Z1.831 F400.000
G1 X-20.437 Y-198.696 Z1.822 F400.000
G1 X-20.437 Y-175.828 Z1.023 F400.000
G1 X-20.424 Y-175.621 Z1.016 F400.000
G1 X-20.390 Y-175.362 Z1.007 F400.000
G1 X-20.283 Y-174.962 Z0.992 F400.000
G1 X-20.183 Y-174.721 Z0.983 F400.000
G1 X-19.975 Y-174.362 Z0.969 F400.000
G1 X-19.817 Y-174.155 Z0.959 F400.000
G1 X-19.524 Y-173.862 Z0.945 F400.000
G1 X-19.316 Y-173.703 Z0.936 F400.000
G1 X-18.958 Y-173.496 Z0.921 F400.000
G1 X-18.716 Y-173.396 Z0.912 F400.000
G1 X-18.316 Y-173.289 Z0.898 F400.000
G1 X-18.057 Y-173.255 Z0.889 F400.000
G1 X-17.850 Y-173.241 Z0.881 F400.000
G1 X-16.445 Y-173.241 Z0.832 F400.000
G1 X-16.336 Y-173.230 Z0.829 F400.000
G1 X-16.307 Y-173.222 Z0.828 F400.000
G1 X-16.281 Y-173.207 Z0.826 F400.000
G1 X-16.257 Y-173.188 Z0.825 F400.000
G1 X-16.238 Y-173.164 Z0.824 F400.000
G1 X-16.224 Y-173.138 Z0.823 F400.000
G1 X-16.215 Y-173.109 Z0.822 F400.000
G1 X-16.204 Y-173.000 Z0.818 F400.000
G1 X-16.204 Y-170.109 Z0.717 F400.000
G1 X-16.207 Y-170.049 Z0.715 F400.000
G1 X-16.210 Y-170.031 Z0.715 F400.000
G1 X-16.215 Y-170.015 Z0.714 F400.000
G1 X-16.238 Y-169.958 Z0.712 F400.000
G1 X-20.159 Y-161.543 Z0.388 F400.000
G1 X-20.286 Y-161.202 Z0.375 F400.000
G1 X-20.375 Y-160.849 Z0.362 F400.000
G1 X-20.425 Y-160.489 Z0.350 F400.000
G1 X-20.437 Y-160.212 Z0.340 F400.000
G1 X-20.437 Y-153.340 Z0.100 F400.000
G1 X-20.437 Y-160.212 Z-0.140 F400.000
G1 X-20.425 Y-160.489 Z-0.150 F400.000
G1 X-20.375 Y-160.849 Z-0.162 F400.000
G1 X-20.286 Y-161.202 Z-0.175 F400.000
G1 X-20.159 Y-161.543 Z-0.188 F400.000
G1 X-16.238 Y-169.958 Z-0.512 F400.000
G1 X-16.215 Y-170.015 Z-0.514 F400.000
G1 X-16.210 Y-170.031 Z-0.515 F400.000
G1 X-16.207 Y-170.049 Z-0.515 F400.000
G1 X-16.204 Y-170.109 Z-0.517 F400.000
G1 X-16.204 Y-173.000 Z-0.618 F400.000
G1 X-16.215 Y-173.109 Z-0.622 F400.000
G1 X-16.224 Y-173.138 Z-0.623 F400.000
G1 X-16.238 Y-173.164 Z-0.624 F400.000
G1 X-16.257 Y-173.188 Z-0.625 F400.000
G1 X-16.281 Y-173.207 Z-0.626 F400.000
G1 X-16.307 Y-173.222 Z-0.628 F400.000
G1 X-16.336 Y-173.230 Z-0.629 F400.000
G1 X-16.445 Y-173.241 Z-0.632 F400.000
G1 X-17.850 Y-173.241 Z-0.681 F400.000
G1 X-18.057 Y-173.255 Z-0.689 F400.000
G1 X-18.316 Y-173.289 Z-0.698 F400.000
G1 X-18.716 Y-173.396 Z-0.712 F400.000
G1 X-18.958 Y-173.496 Z-0.721 F400.000
G1 X-19.316 Y-173.703 Z-0.736 F400.000
G1 X-19.524 Y-173.862 Z-0.745 F400.000
G1 X-19.817 Y-174.155 Z-0.759 F400.000
G1 X-19.975 Y-174.362 Z-0.769 F400.000
G1 X-20.183 Y-174.721 Z-0.783 F400.000
G1 X-20.283 Y-174.962 Z-0.792 F400.000
G1 X-20.390 Y-175.362 Z-0.807 F400.000
G1 X-20.424 Y-175.621 Z-0.816 F400.000
G1 X-20.437 Y-175.828 Z-0.823 F400.000
G1 X-20.437 Y-198.696 Z-1.622 F400.000
G1 X-20.425 Y-198.973 Z-1.631 F400.000
G1 X-20.375 Y-199.333 Z-1.644 F400.000
G1 X-20.286 Y-199.686 Z-1.657 F400.000
G1 X-20.159 Y-200.027 Z-1.669 F400.000
G1 X-16.238 Y-208.442 Z-1.994 F400.000
G1 X-16.215 Y-208.499 Z-1.996 F400.000
G1 X-16.210 Y-208.515 Z-1.996 F400.000
G1 X-16.207 Y-208.533 Z-1.997 F400.000
G1 X-16.204 Y-208.593 Z-1.999 F400.000
G1 X-16.204 Y-211.485 Z-2.100 F400.000
G1 X-16.215 Y-211.593 Z-2.104 F400.000
G1 X-16.224 Y-211.622 Z-2.105 F400.000
G1 X-16.238 Y-211.649 Z-2.106 F400.000
G1 X-16.257 Y-211.672 Z-2.107 F400.000
G1 X-16.281 Y-211.691 Z-2.108 F400.000
G1 X-16.307 Y-211.706 Z-2.109 F400.000
G1 X-16.336 Y-211.714 Z-2.110 F400.000
G1 X-16.445 Y-211.725 Z-2.114 F400.000
G1 X-17.850 Y-211.725 Z-2.163 F400.000
G1 X-18.057 Y-211.739 Z-2.170 F400.000
G1 X-18.316 Y-211.773 Z-2.179 F400.000
G1 X-18.716 Y-211.880 Z-2.194 F400.000
G1 X-18.958 Y-211.980 Z-2.203 F400.000
G1 X-19.316 Y-212.187 Z-2.217 F400.000
G1 X-19.524 Y-212.346 Z-2.227 F400.000
G1 X-19.817 Y-212.639 Z-2.241 F400.000
G1 X-19.975 Y-212.846 Z-2.250 F400.000
G1 X-20.183 Y-213.205 Z-2.265 F400.000
G1 X-20.283 Y-213.446 Z-2.274 F400.000
G1 X-20.390 Y-213.846 Z-2.288 F400.000
G1 X-20.424 Y-214.105 Z-2.297 F400.000
G1 X-20.437 Y-214.313 Z-2.305 F400.000
G1 X-20.437 Y-228.500 Z-2.800 F400.000
G1 X-20.437 Y-214.313 Z-2.800 F400.000
G1 X-20.424 Y-214.105 Z-2.800 F400.000
G1 X-20.390 Y-213.846 Z-2.800 F400.000
G1 X-20.283 Y-213.446 Z-2.800 F400.000
G1 X-20.183 Y-213.205 Z-2.800 F400.000
G1 X-19.975 Y-212.846 Z-2.800 F400.000
G1 X-19.817 Y-212.639 Z-2.800 F400.000
G1 X-19.524 Y-212.346 Z-2.800 F400.000
G1 X-19.316 Y-212.187 Z-2.800 F400.000
G1 X-18.958 Y-211.980 Z-2.800 F400.000
G1 X-18.716 Y-211.880 Z-2.800 F400.000
G1 X-18.316 Y-211.773 Z-2.800 F400.000
G1 X-18.057 Y-211.739 Z-2.800 F400.000
G1 X-17.850 Y-211.725 Z-2.800 F400.000
G1 X-16.445 Y-211.725 Z-2.800 F400.000
G1 X-16.336 Y-211.714 Z-2.800 F400.000
G1 X-16.307 Y-211.706 Z-2.800 F400.000
G1 X-16.281 Y-211.691 Z-2.800 F400.000
G1 X-16.257 Y-211.672 Z-2.800 F400.000
G1 X-16.238 Y-211.649 Z-2.800 F400.000
G1 X-16.224 Y-211.622 Z-2.800 F400.000
G1 X-16.215 Y-211.593 Z-2.800 F400.000
G1 X-16.204 Y-211.485 Z-2.800 F400.000
G1 X-16.204 Y-208.593 Z-2.800 F400.000
G1 X-16.207 Y-208.533 Z-2.800 F400.000
G1 X-16.210 Y-208.515 Z-2.800 F400.000
G1 X-16.215 Y-208.499 Z-2.800 F400.000
G1 X-16.238 Y-208.442 Z-2.800 F400.000
G1 X-20.159 Y-200.027 Z-2.800 F400.000
G1 X-20.286 Y-199.686 Z-2.800 F400.000
G1 X-20.375 Y-199.333 Z-2.800 F400.000
G1 X-20.425 Y-198.973 Z-2.800 F400.000
G1 X-20.437 Y-198.696 Z-2.800 F400.000
G1 X-20.437 Y-175.828 Z-2.800 F400.000
G1 X-20.424 Y-175.621 Z-2.800 F400.000
G1 X-20.390 Y-175.362 Z-2.800 F400.000
G1 X-20.283 Y-174.962 Z-2.800 F400.000
G1 X-20.183 Y-174.721 Z-2.800 F400.000
G1 X-19.975 Y-174.362 Z-2.800 F400.000
G1 X-19.817 Y-174.155 Z-2.800 F400.000
G1 X-19.524 Y-173.862 Z-2.800 F400.000
G1 X-19.316 Y-173.703 Z-2.800 F400.000
G1 X-18.958 Y-173.496 Z-2.800 F400.000
G1 X-18.716 Y-173.396 Z-2.800 F400.000
G1 X-18.316 Y-173.289 Z-2.800 F400.000
G1 X-18.057 Y-173.255 Z-2.800 F400.000
G1 X-17.850 Y-173.241 Z-2.800 F400.000
G1 X-16.445 Y-173.241 Z-2.800 F400.000
G1 X-16.336 Y-173.230 Z-2.800 F400.000
G1 X-16.307 Y-173.222 Z-2.800 F400.000
G1 X-16.281 Y-173.207 Z-2.800 F400.000
G1 X-16.257 Y-173.188 Z-2.800 F400.000
G1 X-16.238 Y-173.164 Z-2.800 F400.000
G1 X-16.224 Y-173.138 Z-2.800 F400.000
G1 X-16.215 Y-173.109 Z-2.800 F400.000
G1 X-16.204 Y-173.000 Z-2.800 F400.000
G1 X-16.204 Y-170.109 Z-2.800 F400.000
G1 X-16.207 Y-170.049 Z-2.800 F400.000
G1 X-16.210 Y-170.031 Z-2.800 F400.000
G1 X-16.215 Y-170.015 Z-2.800 F400.000
G1 X-16.238 Y-169.958 Z-2.800 F400.000
G1 X-20.159 Y-161.543 Z-2.800 F400.000
G1 X-20.286 Y-161.202 Z-2.800 F400.000
G1 X-20.375 Y-160.849 Z-2.800 F400.000
G1 X-20.425 Y-160.489 Z-2.800 F400.000
G1 X-20.437 Y-160.212 Z-2.800 F400.000
G1 X-20.437 Y-137.344 Z-2.800 F400.000
G1 X-20.424 Y-137.137 Z-2.800 F400.000
G1 X-20.390 Y-136.878 Z-2.800 F400.000
G1 X-20.283 Y-136.478 Z-2.800 F400.000
G1 X-20.183 Y-136.237 Z-2.800 F400.000
G1 X-19.975 Y-135.878 Z-2.800 F400.000
G1 X-19.817 Y-135.671 Z-2.800 F400.000
G1 X-19.524 Y-135.378 Z-2.800 F400.000
G1 X-19.316 Y-135.219 Z-2.800 F400.000
G1 X-18.958 Y-135.012 Z-2.800 F400.000
G1 X-18.716 Y-134.912 Z-2.800 F400.000
G1 X-18.316 Y-134.805 Z-2.800 F400.000
G1 X-18.057 Y-134.771 Z-2.800 F400.000
G1 X-17.850 Y-134.757 Z-2.800 F400.000
G1 X-16.445 Y-134.757 Z-2.800 F400.000
G1 X-16.336 Y-134.746 Z-2.800 F400.000
G1 X-16.307 Y-134.738 Z-2.800 F400.000
G1 X-16.281 Y-134.723 Z-2.800 F400.000
G1 X-16.257 Y-134.704 Z-2.800 F400.000
G1 X-16.238 Y-134.680 Z-2.800 F400.000
G1 X-16.224 Y-134.654 Z-2.800 F400.000
G1 X-16.215 Y-134.625 Z-2.800 F400.000
G1 X-16.204 Y-134.516 Z-2.800 F400.000
G1 X-16.204 Y-131.625 Z-2.800 F400.000
G1 X-16.207 Y-131.565 Z-2.800 F400.000
G1 X-16.210 Y-131.547 Z-2.800 F400.000
G1 X-16.215 Y-131.531 Z-2.800 F400.000
G1 X-16.238 Y-131.474 Z-2.800 F400.000
G1 X-20.159 Y-123.059 Z-2.800 F400.000
G1 X-20.286 Y-122.718 Z-2.800 F400.000
G1 X-20.375 Y-122.365 Z-2.800 F400.000
G1 X-20.425 Y-122.005 Z-2.800 F400.000
G1 X-20.437 Y-121.728 Z-2.800 F400.000
G1 X-20.437 Y-98.860 Z-2.800 F400.000
G1 X-20.424 Y-98.653 Z-2.800 F400.000
G1 X-20.390 Y-98.394 Z-2.800 F400.000
G1 X-20.283 Y-97.994 Z-2.800 F400.000
G1 X-20.183 Y-97.753 Z-2.800 F400.000
G1 X-19.975 Y-97.394 Z-2.800 F400.000
G1 X-19.817 Y-97.187 Z-2.800 F400.000
G1 X-19.524 Y-96.894 Z-2.800 F400.000
G1 X-19.316 Y-96.735 Z-2.800 F400.000
G1 X-18.958 Y-96.528 Z-2.800 F400.000
G1 X-18.716 Y-96.428 Z-2.800 F400.000
G1 X-18.316 Y-96.321 Z-2.800 F400.000
G1 X-18.057 Y-96.287 Z-2.800 F400.000
G1 X-17.850 Y-96.273 Z-2.800 F400.000
G1 X-16.445 Y-96.273 Z-2.800 F400.000
G1 X-16.336 Y-96.262 Z-2.800 F400.000
G1 X-16.307 Y-96.253 Z-2.800 F400.000
G1 X-16.281 Y-96.239 Z-2.800 F400.000
G1 X-16.257 Y-96.220 Z-2.800 F400.000
G1 X-16.238 Y-96.196 Z-2.800 F400.000
G1 X-16.224 Y-96.170 Z-2.800 F400.000
G1 X-16.215 Y-96.141 Z-2.800 F400.000
G1 X-16.204 Y-96.032 Z-2.800 F400.000
G1 X-16.204 Y-93.141 Z-2.800 F400.000
G1 X-16.207 Y-93.081 Z-2.800 F400.000
G1 X-16.210 Y-93.063 Z-2.800 F400.000
G1 X-16.215 Y-93.046 Z-2.800 F400.000
G1 X-16.238 Y-92.990 Z-2.800 F400.000
G1 X-20.159 Y-84.575 Z-2.800 F400.000
G1 X-20.286 Y-84.234 Z-2.800 F400.000
G1 X-20.375 Y-83.881 Z-2.800 F400.000
G1 X-20.425 Y-83.521 Z-2.800 F400.000
G1 X-20.437 Y-83.244 Z-2.800 F400.000
G1 X-20.437 Y-60.376 Z-2.800 F400.000
G1 X-20.424 Y-60.169 Z-2.800 F400.000
G1 X-20.390 Y-59.910 Z-2.800 F400.000
G1 X-20.283 Y-59.510 Z-2.800 F400.000
G1 X-20.183 Y-59.269 Z-2.800 F400.000
G1 X-19.975 Y-58.910 Z-2.800 F400.000
G1 X-19.817 Y-58.703 Z-2.800 F400.000
G1 X-19.524 Y-58.410 Z-2.800 F400.000
G1 X-19.316 Y-58.251 Z-2.800 F400.000
G1 X-18.958 Y-58.044 Z-2.800 F400.000
G1 X-18.716 Y-57.944 Z-2.800 F400.000
G1 X-18.316 Y-57.837 Z-2.800 F400.000
G1 X-18.057 Y-57.803 Z-2.800 F400.000
G1 X-17.850 Y-57.789 Z-2.800 F400.000
G1 X-16.445 Y-57.789 Z-2.800 F400.000
G1 X-16.336 Y-57.778 Z-2.800 F400.000
G1 X-16.307 Y-57.769 Z-2.800 F400.000
G1 X-16.281 Y-57.755 Z-2.800 F400.000
G1 X-16.257 Y-57.736 Z-2.800 F400.000
G1 X-16.238 Y-57.712 Z-2.800 F400.000
G1 X-16.224 Y-57.686 Z-2.800 F400.000
G1 X-16.215 Y-57.657 Z-2.800 F400.000
G1 X-16.204 Y-57.548 Z-2.800 F400.000
G1 X-16.204 Y-54.657 Z-2.800 F400.000
G1 X-16.207 Y-54.597 Z-2.800 F400.000
G1 X-16.210 Y-54.579 Z-2.800 F400.000
G1 X-16.215 Y-54.562 Z-2.800 F400.000
G1 X-16.238 Y-54.506 Z-2.800 F400.000
G1 X-20.159 Y-46.091 Z-2.800 F400.000
G1 X-20.286 Y-45.750 Z-2.800 F400.000
G1 X-20.375 Y-45.397 Z-2.800 F400.000
G1 X-20.425 Y-45.037 Z-2.800 F400.000
G1 X-20.437 Y-44.760 Z-2.800 F400.000
G1 X-20.430 Y-36.124 Z-2.800 F400.000
G1 X-20.396 Y-35.783 Z-2.800 F400.000
G1 X-20.336 Y-35.477 Z-2.800 F400.000
G1 X-20.236 Y-35.149 Z-2.800 F400.000
G1 X-20.117 Y-34.862 Z-2.800 F400.000
G1 X-19.955 Y-34.559 Z-2.800 F400.000
G1 X-19.782 Y-34.300 Z-2.800 F400.000
G1 X-19.565 Y-34.035 Z-2.800 F400.000
G1 X-19.345 Y-33.815 Z-2.800 F400.000
G1 X-19.079 Y-33.597 Z-2.800 F400.000
G1 X-18.821 Y-33.424 Z-2.800 F400.000
G1 X-18.518 Y-33.263 Z-2.800 F400.000
G1 X-18.231 Y-33.144 Z-2.800 F400.000
G1 X-17.902 Y-33.044 Z-2.800 F400.000
G1 X-17.597 Y-32.983 Z-2.800 F400.000
G1 X-17.100 Y-32.942 Z-2.800 F400.000
G1 X-14.328 Y-32.942 Z-2.800 F400.000
G1 X-14.220 Y-32.931 Z-2.800 F400.000
G1 X-14.191 Y-32.923 Z-2.800 F400.000
G1 X-14.164 Y-32.908 Z-2.800 F400.000
G1 X-14.141 Y-32.889 Z-2.800 F400.000
G1 X-14.121 Y-32.866 Z-2.800 F400.000
G1 X-14.107 Y-32.839 Z-2.800 F400.000
G1 X-14.098 Y-32.810 Z-2.800 F400.000
G1 X-14.088 Y-32.702 Z-2.800 F400.000
G1 X-14.087 Y-30.995 Z-2.800 F400.000
G1 X-14.098 Y-30.887 Z-2.800 F400.000
G1 X-14.107 Y-30.858 Z-2.800 F400.000
G1 X-14.121 Y-30.831 Z-2.800 F400.000
G1 X-14.141 Y-30.808 Z-2.800 F400.000
G1 X-14.164 Y-30.788 Z-2.800 F400.000
G1 X-14.191 Y-30.774 Z-2.800 F400.000
G1 X-14.220 Y-30.765 Z-2.800 F400.000
G1 X-14.330 Y-30.754 Z-2.800 F400.000
G1 X-17.256 Y-30.747 Z-2.800 F400.000
G1 X-17.597 Y-30.713 Z-2.800 F400.000
G1 X-17.902 Y-30.653 Z-2.800 F400.000
G1 X-18.231 Y-30.553 Z-2.800 F400.000
G1 X-18.518 Y-30.434 Z-2.800 F400.000
G1 X-18.821 Y-30.272 Z-2.800 F400.000
G1 X-19.079 Y-30.099 Z-2.800 F400.000
G1 X-19.345 Y-29.882 Z-2.800 F400.000
G1 X-19.565 Y-29.662 Z-2.800 F400.000
G1 X-19.782 Y-29.396 Z-2.800 F400.000
G1 X-19.955 Y-29.138 Z-2.800 F400.000
G1 X-20.117 Y-28.835 Z-2.800 F400.000
G1 X-20.236 Y-28.548 Z-2.800 F400.000
G1 X-20.336 Y-28.219 Z-2.800 F400.000
G1 X-20.396 Y-27.914 Z-2.800 F400.000
G1 X-20.437 Y-27.417 Z-2.800 F400.000
G1 X-20.437 Y-3.500 Z-2.800 F400.000
G0 X-20.437 Y-3.500 Z5.000
G0 X-20.437 Y-228.500 Z5.000
G0 X-20.437 Y-228.500 Z3.000
G1 X-20.437 Y-214.313 Z2.505 F400.000
G1 X-20.424 Y-214.105 Z2.497 F400.000
G1 X-20.390 Y-213.846 Z2.488 F400.000
G1 X-20.283 Y-213.446 Z2.474 F400.000
G1 X-20.183 Y-213.205 Z2.465 F400.000
G1 X-19.975 Y-212.846 Z2.450 F400.000
G1 X-19.817 Y-212.639 Z2.441 F400.000
G1 X-19.524 Y-212.346 Z2.427 F400.000
G1 X-19.316 Y-212.187 Z2.417 F400.000
G1 X-18.958 Y-211.980 Z2.403 F400.000
G1 X-18.716 Y-211.880 Z2.394 F400.000
G1 X-18.316 Y-211.773 Z2.379 F400.000
G1 X-18.057 Y-211.739 Z2.370 F400.000
G1 X-17.850 Y-211.725 Z2.363 F400.000
G1 X-16.445 Y-211.725 Z2.314 F400.000
G1 X-16.336 Y-211.714 Z2.310 F400.000
G1 X-16.307 Y-211.706 Z2.309 F400.000
G1 X-16.281 Y-211.691 Z2.308 F400.000
G1 X-16.257 Y-211.672 Z2.307 F400.000
G1 X-16.238 Y-211.649 Z2.306 F400.000
G1 X-16.224 Y-211.622 Z2.305 F400.000
G1 X-16.215 Y-211.593 Z2.304 F400.000
G1 X-16.204 Y-211.485 Z2.300 F400.000
G1 X-16.204 Y-208.593 Z2.199 F400.000
G1 X-16.207 Y-208.533 Z2.197 F400.000
G1 X-16.210 Y-208.515 Z2.196 F400.000
G1 X-16.215 Y-208.499 Z2.196 F400.000
G1 X-16.238 Y-208.442 Z2.194 F400.000
G1 X-20.159 Y-200.027 Z1.869 F400.000
G1 X-20.286 Y-199.686 Z1.857 F400.000
G1 X-20.375 Y-199.333 Z1.844 F400.000
G1 X-20.425 Y-198.973 Z1.831 F400.000
G1 X-20.437 Y-198.696 Z1.822 F400.000
G1 X-20.437 Y-175.828 Z1.023 F400.000
G1 X-20.424 Y-175.621 Z1.016 F400.000
G1 X-20.390 Y-175.362 Z1.007 F400.000
G1 X-20.283 Y-174.962 Z0.992 F400.000
G1 X-20.183 Y-174.721 Z0.983 F400.000
G1 X-19.975 Y-174.362 Z0.969 F400.000
G1 X-19.817 Y-174.155 Z0.959 F400.000
G1 X-19.524 Y-173.862 Z0.945 F400.000
G1 X-19.316 Y-173.703 Z0.936 F400.000
G1 X-18.958 Y-173.496 Z0.921 F400.000
G1 X-18.716 Y-173.396 Z0.912 F400.000
G1 X-18.316 Y-173.289 Z0.898 F400.000
G1 X-18.057 Y-173.255 Z0.889 F400.000
G1 X-17.850 Y-173.241 Z0.881 F400.000
G1 X-16.445 Y-173.241 Z0.832 F400.000
G1 X-16.336 Y-173.230 Z0.829 F400.000
G1 X-16.307 Y-173.222 Z0.828 F400.000
G1 X-16.281 Y-173.207 Z0.826 F400.000
G1 X-16.257 Y-173.188 Z0.825 F400.000
G1 X-16.238 Y-173.164 Z0.824 F400.000
G1 X-16.224 Y-173.138 Z0.823 F400.000
G1 X-16.215 Y-173.109 Z0.822 F400.000
G1 X-16.204 Y-173.000 Z0.818 F400.000
G1 X-16.204 Y-170.109 Z0.717 F400.000
G1 X-16.207 Y-170.049 Z0.715 F400.000
G1 X-16.210 Y-170.031 Z0.715 F400.000
G1 X-16.215 Y-170.015 Z0.714 F400.000
G1 X-16.238 Y-169.958 Z0.712 F400.000
G1 X-20.159 Y-161.543 Z0.388 F400.000
G1 X-20.286 Y-161.202 Z0.375 F400.000
G1 X-20.375 Y-160.849 Z0.362 F400.000
G1 X-20.425 Y-160.489 Z0.350 F400.000
G1 X-20.437 Y-160.212 Z0.340 F400.000
G1 X-20.437 Y-150.476 Z-0.000 F400.000
G1 X-20.437 Y-160.212 Z-0.340 F400.000
G1 X-20.425 Y-160.489 Z-0.350 F400.000
G1 X-20.375 Y-160.849 Z-0.362 F400.000
G1 X-20.286 Y-161.202 Z-0.375 F400.000
G1 X-20.159 Y-161.543 Z-0.388 F400.000
G1 X-16.238 Y-169.958 Z-0.712 F400.000
G1 X-16.215 Y-170.015 Z-0.714 F400.000
G1 X-16.210 Y-170.031 Z-0.715 F400.000
G1 X-16.207 Y-170.049 Z-0.715 F400.000
G1 X-16.204 Y-170.109 Z-0.717 F400.000
G1 X-16.204 Y-173.000 Z-0.818 F400.000
G1 X-16.215 Y-173.109 Z-0.822 F400.000
G1 X-16.224 Y-173.138 Z-0.823 F400.000
G1 X-16.238 Y-173.164 Z-0.824 F400.000
G1 X-16.257 Y-173.188 Z-0.825 F400.000
G1 X-16.281 Y-173.207 Z-0.826 F400.000
G1 X-16.307 Y-173.222 Z-0.828 F400.000
G1 X-16.336 Y-173.230 Z-0.829 F400.000
G1 X-16.445 Y-173.241 Z-0.832 F400.000
G1 X-17.850 Y-173.241 Z-0.881 F400.000
G1 X-18.057 Y-173.255 Z-0.889 F400.000
G1 X-18.316 Y-173.289 Z-0.898 F400.000
G1 X-18.716 Y-173.396 Z-0.912 F400.000
G1 X-18.958 Y-173.496 Z-0.921 F400.000
G1 X-19.316 Y-173.703 Z-0.936 F400.000
G1 X-19.524 Y-173.862 Z-0.945 F400.000
G1 X-19.817 Y-174.155 Z-0.959 F400.000
G1 X-19.975 Y-174.362 Z-0.969 F400.000
G1 X-20.183 Y-174.721 Z-0.983 F400.000
G1 X-20.283 Y-174.962 Z-0.992 F400.000
G1 X-20.390 Y-175.362 Z-1.007 F400.000
G1 X-20.424 Y-175.621 Z-1.016 F400.000
G1 X-20.437 Y-175.828 Z-1.023 F400.000
G1 X-20.437 Y-198.696 Z-1.822 F400.000
G1 X-20.425 Y-198.973 Z-1.831 F400.000
G1 X-20.375 Y-199.333 Z-1.844 F400.000
G1 X-20.286 Y-199.686 Z-1.857 F400.000
G1 X-20.159 Y-200.027 Z-1.869 F400.000
G1 X-16.238 Y-208.442 Z-2.194 F400.000
G1 X-16.215 Y-208.499 Z-2.196 F400.000
G1 X-16.210 Y-208.515 Z-2.196 F400.000
G1 X-16.207 Y-208.533 Z-2.197 F400.000
G1 X-16.204 Y-208.593 Z-2.199 F400.000
G1 X-16.204 Y-211.485 Z-2.300 F400.000
G1 X-16.215 Y-211.593 Z-2.304 F400.000
G1 X-16.224 Y-211.622 Z-2.305 F400.000
G1 X-16.238 Y-211.649 Z-2.306 F400.000
G1 X-16.257 Y-211.672 Z-2.307 F400.000
G1 X-16.281 Y-211.691 Z-2.308 F400.000
G1 X-16.307 Y-211.706 Z-2.309 F400.000
G1 X-16.336 Y-211.714 Z-2.310 F400.000
G1 X-16.445 Y-211.725 Z-2.314 F400.000
G1 X-17.850 Y-211.725 Z-2.363 F400.000
G1 X-18.057 Y-211.739 Z-2.370 F400.000
G1 X-18.316 Y-211.773 Z-2.379 F400.000
G1 X-18.716 Y-211.880 Z-2.394 F400.000
G1 X-18.958 Y-211.980 Z-2.403 F400.000
G1 X-19.316 Y-212.187 Z-2.417 F400.000
G1 X-19.524 Y-212.346 Z-2.427 F400.000
G1 X-19.817 Y-212.639 Z-2.441 F400.000
G1 X-19.975 Y-212.846 Z-2.450 F400.000
G1 X-20.183 Y-213.205 Z-2.465 F400.000
G1 X-20.283 Y-213.446 Z-2.474 F400.000
G1 X-20.390 Y-213.846 Z-2.488 F400.000
G1 X-20.424 Y-214.105 Z-2.497 F400.000
G1 X-20.437 Y-214.313 Z-2.505 F400.000
G1 X-20.437 Y-228.500 Z-3.000 F400.000
G1 X-20.437 Y-214.313 Z-3.000 F400.000
G1 X-20.424 Y-214.105 Z-3.000 F400.000
G1 X-20.390 Y-213.846 Z-3.000 F400.000
G1 X-20.283 Y-213.446 Z-3.000 F400.000
G1 X-20.183 Y-213.205 Z-3.000 F400.000
G1 X-19.975 Y-212.846 Z-3.000 F400.000
G1 X-19.817 Y-212.639 Z-3.000 F400.000
G1 X-19.524 Y-212.346 Z-3.000 F400.000
G1 X-19.316 Y-212.187 Z-3.000 F400.000
G1 X-18.958 Y-211.980 Z-3.000 F400.000
G1 X-18.716 Y-211.880 Z-3.000 F400.000
G1 X-18.316 Y-211.773 Z-3.000 F400.000
G1 X-18.057 Y-211.739 Z-3.000 F400.000
G1 X-17.850 Y-211.725 Z-3.000 F400.000
G1 X-16.445 Y-211.725 Z-3.000 F400.000
G1 X-16.336 Y-211.714 Z-3.000 F400.000
G1 X-16.307 Y-211.706 Z-3.000 F400.000
G1 X-16.281 Y-211.691 Z-3.000 F400.000
G1 X-16.257 Y-211.672 Z-3.000 F400.000
G1 X-16.238 Y-211.649 Z-3.000 F400.000
G1 X-16.224 Y-211.622 Z-3.000 F400.000
G1 X-16.215 Y-211.593 Z-3.000 F400.000
G1 X-16.204 Y-211.485 Z-3.000 F400.000
G1 X-16.204 Y-208.593 Z-3.000 F400.000
G1 X-16.207 Y-208.533 Z-3.000 F400.000
G1 X-16.210 Y-208.515 Z-3.000 F400.000
G1 X-16.215 Y-208.499 Z-3.000 F400.000
G1 X-16.238 Y-208.442 Z-3.000 F400.000
G1 X-20.159 Y-200.027 Z-3.000 F400.000
G1 X-20.286 Y-199.686 Z-3.000 F400.000
G1 X-20.375 Y-199.333 Z-3.000 F400.000
G1 X-20.425 Y-198.973 Z-3.000 F400.000
G1 X-20.437 Y-198.696 Z-3.000 F400.000
G1 X-20.437 Y-175.828 Z-3.000 F400.000
G1 X-20.424 Y-175.621 Z-3.000 F400.000
G1 X-20.390 Y-175.362 Z-3.000 F400.000
G1 X-20.283 Y-174.962 Z-3.000 F400.000
G1 X-20.183 Y-174.721 Z-3.000 F400.000
G1 X-19.975 Y-174.362 Z-3.000 F400.000
G1 X-19.817 Y-174.155 Z-3.000 F400.000
G1 X-19.524 Y-173.862 Z-3.000 F400.000
G1 X-19.316 Y-173.703 Z-3.000 F400.000
G1 X-18.958 Y-173.496 Z-3.000 F400.000
G1 X-18.716 Y-173.396 Z-3.000 F400.000
G1 X-18.316 Y-173.289 Z-3.000 F400.000
G1 X-18.057 Y-173.255 Z-3.000 F400.000
G1 X-17.850 Y-173.241 Z-3.000 F400.000
G1 X-16.445 Y-173.241 Z-3.000 F400.000
G1 X-16.336 Y-173.230 Z-3.000 F400.000
G1 X-16.307 Y-173.222 Z-3.000 F400.000
G1 X-16.281 Y-173.207 Z-3.000 F400.000
G1 X-16.257 Y-173.188 Z-3.000 F400.000
G1 X-16.238 Y-173.164 Z-3.000 F400.000
G1 X-16.224 Y-173.138 Z-3.000 F400.000
G1 X-16.215 Y-173.109 Z-3.000 F400.000
G1 X-16.204 Y-173.000 Z-3.000 F400.000
G1 X-16.204 Y-170.109 Z-3.000 F400.000
G1 X-16.207 Y-170.049 Z-3.000 F400.000
G1 X-16.210 Y-170.031 Z-3.000 F400.000
G1 X-16.215 Y-170.015 Z-3.000 F400.000
G1 X-16.238 Y-169.958 Z-3.000 F400.000
G1 X-20.159 Y-161.543 Z-3.000 F400.000
G1 X-20.286 Y-161.202 Z-3.000 F400.000
G1 X-20.375 Y-160.849 Z-3.000 F400.000
G1 X-20.425 Y-160.489 Z-3.000 F400.000
G1 X-20.437 Y-160.212 Z-3.000 F400.000
G1 X-20.437 Y-137.344 Z-3.000 F400.000
G1 X-20.424 Y-137.137 Z-3.000 F400.000
G1 X-20.390 Y-136.878 Z-3.000 F400.000
G1 X-20.283 Y-136.478 Z-3.000 F400.000
G1 X-20.183 Y-136.237 Z-3.000 F400.000
G1 X-19.975 Y-135.878 Z-3.000 F400.000
G1 X-19.817 Y-135.671 Z-3.000 F400.000
G1 X-19.524 Y-135.378 Z-3.000 F400.000
G1 X-19.316 Y-135.219 Z-3.000 F400.000
G1 X-18.958 Y-135.012 Z-3.000 F400.000
G1 X-18.716 Y-134.912 Z-3.000 F400.000
G1 X-18.316 Y-134.805 Z-3.000 F400.000
G1 X-18.057 Y-134.771 Z-3.000 F400.000
G1 X-17.850 Y-134.757 Z-3.000 F400.000
G1 X-16.445 Y-134.757 Z-3.000 F400.000
G1 X-16.336 Y-134.746 Z-3.000 F400.000
G1 X-16.307 Y-134.738 Z-3.000 F400.000
G1 X-16.281 Y-134.723 Z-3.000 F400.000
G1 X-16.257 Y-134.704 Z-3.000 F400.000
G1 X-16.238 Y-134.680 Z-3.000 F400.000
G1 X-16.224 Y-134.654 Z-3.000 F400.000
G1 X-16.215 Y-134.625 Z-3.000 F400.000
G1 X-16.204 Y-134.516 Z-3.000 F400.000
G1 X-16.204 Y-131.625 Z-3.000 F400.000
G1 X-16.207 Y-131.565 Z-3.000 F400.000
G1 X-16.210 Y-131.547 Z-3.000 F400.000
G1 X-16.215 Y-131.531 Z-3.000 F400.000
G1 X-16.238 Y-131.474 Z-3.000 F400.000
G1 X-20.159 Y-123.059 Z-3.000 F400.000
G1 X-20.286 Y-122.718 Z-3.000 F400.000
G1 X-20.375 Y-122.365 Z-3.000 F400.000
G1 X-20.425 Y-122.005 Z-3.000 F400.000
G1 X-20.437 Y-121.728 Z-3.000 F400.000
G1 X-20.437 Y-98.860 Z-3.000 F400.000
G1 X-20.424 Y-98.653 Z-3.000 F400.000
G1 X-20.390 Y-98.394 Z-3.000 F400.000
G1 X-20.283 Y-97.994 Z-3.000 F400.000
G1 X-20.183 Y-97.753 Z-3.000 F400.000
G1 X-19.975 Y-97.394 Z-3.000 F400.000
G1 X-19.817 Y-97.187 Z-3.000 F400.000
G1 X-19.524 Y-96.894 Z-3.000 F400.000
G1 X-19.316 Y-96.735 Z-3.000 F400.000
G1 X-18.958 Y-96.528 Z-3.000 F400.000
G1 X-18.716 Y-96.428 Z-3.000 F400.000
G1 X-18.316 Y-96.321 Z-3.000 F400.000
G1 X-18.057 Y-96.287 Z-3.000 F400.000
G1 X-17.850 Y-96.273 Z-3.000 F400.000
G1 X-16.445 Y-96.273 Z-3.000 F400.000
G1 X-16.336 Y-96.262 Z-3.000 F400.000
G1 X-16.307 Y-96.253 Z-3.000 F400.000
G1 X-16.281 Y-96.239 Z-3.000 F400.000
G1 X-16.257 Y-96.220 Z-3.000 F400.000
G1 X-16.238 Y-96.196 Z-3.000 F400.000
G1 X-16.224 Y-96.170 Z-3.000 F400.000
G1 X-16.215 Y-96.141 Z-3.000 F400.000
G1 X-16.204 Y-96.032 Z-3.000 F400.000
G1 X-16.204 Y-93.141 Z-3.000 F400.000
G1 X-16.207 Y-93.081 Z-3.000 F400.000
G1 X-16.210 Y-93.063 Z-3.000 F400.000
G1 X-16.215 Y-93.046 Z-3.000 F400.000
G1 X-16.238 Y-92.990 Z-3.000 F400.000
G1 X-20.159 Y-84.575 Z-3.000 F400.000
G1 X-20.286 Y-84.234 Z-3.000 F400.000
G1 X-20.375 Y-83.881 Z-3.000 F400.000
G1 X-20.425 Y-83.521 Z-3.000 F400.000
G1 X-20.437 Y-83.244 Z-3.000 F400.000
G1 X-20.437 Y-60.376 Z-3.000 F400.000
G1 X-20.424 Y-60.169 Z-3.000 F400.000
G1 X-20.390 Y-59.910 Z-3.000 F400.000
G1 X-20.283 Y-59.510 Z-3.000 F400.000
G1 X-20.183 Y-59.269 Z-3.000 F400.000
G1 X-19.975 Y-58.910 Z-3.000 F400.000
G1 X-19.817 Y-58.703 Z-3.000 F400.000
G1 X-19.524 Y-58.410 Z-3.000 F400.000
G1 X-19.316 Y-58.251 Z-3.000 F400.000
G1 X-18.958 Y-58.044 Z-3.000 F400.000
G1 X-18.716 Y-57.944 Z-3.000 F400.000
G1 X-18.316 Y-57.837 Z-3.000 F400.000
G1 X-18.057 Y-57.803 Z-3.000 F400.000
G1 X-17.850 Y-57.789 Z-3.000 F400.000
G1 X-16.445 Y-57.789 Z-3.000 F400.000
G1 X-16.336 Y-57.778 Z-3.000 F400.000
G1 X-16.307 Y-57.769 Z-3.000 F400.000
G1 X-16.281 Y-57.755 Z-3.000 F400.000
G1 X-16.257 Y-57.736 Z-3.000 F400.000
G1 X-16.238 Y-57.712 Z-3.000 F400.000
G1 X-16.224 Y-57.686 Z-3.000 F400.000
G1 X-16.215 Y-57.657 Z-3.000 F400.000
G1 X-16.204 Y-57.548 Z-3.000 F400.000
G1 X-16.204 Y-54.657 Z-3.000 F400.000
G1 X-16.207 Y-54.597 Z-3.000 F400.000
G1 X-16.210 Y-54.579 Z-3.000 F400.000
G1 X-16.215 Y-54.562 Z-3.000 F400.000
G1 X-16.238 Y-54.506 Z-3.000 F400.000
G1 X-20.159 Y-46.091 Z-3.000 F400.000
G1 X-20.286 Y-45.750 Z-3.000 F400.000
G1 X-20.375 Y-45.397 Z-3.000 F400.000
G1 X-20.425 Y-45.037 Z-3.000 F400.000
G1 X-20.437 Y-44.760 Z-3.000 F400.000
G1 X-20.430 Y-36.124 Z-3.000 F400.000
G1 X-20.396 Y-35.783 Z-3.000 F400.000
G1 X-20.336 Y-35.477 Z-3.000 F400.000
G1 X-20.236 Y-35.149 Z-3.000 F400.000
G1 X-20.117 Y-34.862 Z-3.000 F400.000
G1 X-19.955 Y-34.559 Z-3.000 F400.000
G1 X-19.782 Y-34.300 Z-3.000 F400.000
G1 X-19.565 Y-34.035 Z-3.000 F400.000
G1 X-19.345 Y-33.815 Z-3.000 F400.000
G1 X-19.079 Y-33.597 Z-3.000 F400.000
G1 X-18.821 Y-33.424 Z-3.000 F400.000
G1 X-18.518 Y-33.263 Z-3.000 F400.000
G1 X-18.231 Y-33.144 Z-3.000 F400.000
G1 X-17.902 Y-33.044 Z-3.000 F400.000
G1 X-17.597 Y-32.983 Z-3.000 F400.000
G1 X-17.100 Y-32.942 Z-3.000 F400.000
G1 X-14.328 Y-32.942 Z-3.000 F400.000
G1 X-14.220 Y-32.931 Z-3.000 F400.000
G1 X-14.191 Y-32.923 Z-3.000 F400.000
G1 X-14.164 Y-32.908 Z-3.000 F400.000
G1 X-14.141 Y-32.889 Z-3.000 F400.000
G1 X-14.121 Y-32.866 Z-3.000 F400.000
G1 X-14.107 Y-32.839 Z-3.000 F400.000
G1 X-14.098 Y-32.810 Z-3.000 F400.000
G1 X-14.088 Y-32.702 Z-3.000 F400.000
G1 X-14.087 Y-30.995 Z-3.000 F400.000
G1 X-14.098 Y-30.887 Z-3.000 F400.000
G1 X-14.107 Y-30.858 Z-3.000 F400.000
G1 X-14.121 Y-30.831 Z-3.000 F400.000
G1 X-14.141 Y-30.808 Z-3.000 F400.000
G1 X-14.164 Y-30.788 Z-3.000 F400.000
G1 X-14.191 Y-30.774 Z-3.000 F400.000
G1 X-14.220 Y-30.765 Z-3.000 F400.000
G1 X-14.330 Y-30.754 Z-3.000 F400.000
G1 X-17.256 Y-30.747 Z-3.000 F400.000
G1 X-17.597 Y-30.713 Z-3.000 F400.000
G1 X-17.902 Y-30.653 Z-3.000 F400.000
G1 X-18.231 Y-30.553 Z-3.000 F400.000
G1 X-18.518 Y-30.434 Z-3.000 F400.000
G1 X-18.821 Y-30.272 Z-3.000 F400.000
G1 X-19.079 Y-30.099 Z-3.000 F400.000
G1 X-19.345 Y-29.882 Z-3.000 F400.000
G1 X-19.565 Y-29.662 Z-3.000 F400.000
G1 X-19.782 Y-29.396 Z-3.000 F400.000
G1 X-19.955 Y-29.138 Z-3.000 F400.000
G1 X-20.117 Y-28.835 Z-3.000 F400.000
G1 X-20.236 Y-28.548 Z-3.000 F400.000
G1 X-20.336 Y-28.219 Z-3.000 F400.000
G1 X-20.396 Y-27.914 Z-3.000 F400.000
G1 X-20.437 Y-27.417 Z-3.000 F400.000
G1 X-20.437 Y-3.500 Z-3.000 F400.000
G0 X-20.437 Y-3.500 Z5.000
G0 X-20.437 Y-228.500 Z5.000
G0 X-20.437 Y-228.500 Z3.000
G1 X-20.437 Y-214.313 Z2.505 F400.000
G1 X-20.424 Y-214.105 Z2.497 F400.000
G1 X-20.390 Y-213.846 Z2.488 F400.000
G1 X-20.283 Y-213.446 Z2.474 F400.000
G1 X-20.183 Y-213.205 Z2.465 F400.000
G1 X-19.975 Y-212.846 Z2.450 F400.000
G1 X-19.817 Y-212.639 Z2.441 F400.000
G1 X-19.524 Y-212.346 Z2.427 F400.000
G1 X-19.316 Y-212.187 Z2.417 F400.000
G1 X-18.958 Y-211.980 Z2.403 F400.000
G1 X-18.716 Y-211.880 Z2.394 F400.000
G1 X-18.316 Y-211.773 Z2.379 F400.000
G1 X-18.057 Y-211.739 Z2.370 F400.000
G1 X-17.850 Y-211.725 Z2.363 F400.000
G1 X-16.445 Y-211.725 Z2.314 F400.000
G1 X-16.336 Y-211.714 Z2.310 F400.000
G1 X-16.307 Y-211.706 Z2.309 F400.000
G1 X-16.281 Y-211.691 Z2.308 F400.000
G1 X-16.257 Y-211.672 Z2.307 F400.000
G1 X-16.238 Y-211.649 Z2.306 F400.000
G1 X-16.224 Y-211.622 Z2.305 F400.000
G1 X-16.215 Y-211.593 Z2.304 F400.000
G1 X-16.204 Y-211.485 Z2.300 F400.000
G1 X-16.204 Y-208.593 Z2.199 F400.000
G1 X-16.207 Y-208.533 Z2.197 F400.000
G1 X-16.210 Y-208.515 Z2.196 F400.000
G1 X-16.215 Y-208.499 Z2.196 F400.000
G1 X-16.238 Y-208.442 Z2.194 F400.000
G1 X-20.159 Y-200.027 Z1.869 F400.000
G1 X-20.286 Y-199.686 Z1.857 F400.000
G1 X-20.375 Y-199.333 Z1.844 F400.000
G1 X-20.425 Y-198.973 Z1.831 F400.000
G1 X-20.437 Y-198.696 Z1.822 F400.000
G1 X-20.437 Y-175.828 Z1.023 F400.000
G1 X-20.424 Y-175.621 Z1.016 F400.000
G1 X-20.390 Y-175.362 Z1.007 F400.000
G1 X-20.283 Y-174.962 Z0.992 F400.000
G1 X-20.183 Y-174.721 Z0.983 F400.000
G1 X-19.975 Y-174.362 Z0.969 F400.000
G1 X-19.817 Y-174.155 Z0.959 F400.000
G1 X-19.524 Y-173.862 Z0.945 F400.000
G1 X-19.316 Y-173.703 Z0.936 F400.000
G1 X-18.958 Y-173.496 Z0.921 F400.000
G1 X-18.716 Y-173.396 Z0.912 F400.000
G1 X-18.316 Y-173.289 Z0.898 F400.000
G1 X-18.057 Y-173.255 Z0.889 F400.000
G1 X-17.850 Y-173.241 Z0.881 F400.000
G1 X-16.445 Y-173.241 Z0.832 F400.000
G1 X-16.336 Y-173.230 Z0.829 F400.000
G1 X-16.307 Y-173.222 Z0.828 F400.000
G1 X-16.281 Y-173.207 Z0.826 F400.000
G1 X-16.257 Y-173.188 Z0.825 F400.000
G1 X-16.238 Y-173.164 Z0.824 F400.000
G1 X-16.224 Y-173.138 Z0.823 F400.000
G1 X-16.215 Y-173.109 Z0.822 F400.000
G1 X-16.204 Y-173.000 Z0.818 F400.000
G1 X-16.204 Y-170.109 Z0.717 F400.000
G1 X-16.207 Y-170.049 Z0.715 F400.000
G1 X-16.210 Y-170.031 Z0.715 F400.000
G1 X-16.215 Y-170.015 Z0.714 F400.000
G1 X-16.238 Y-169.958 Z0.712 F400.000
G1 X-20.159 Y-161.543 Z0.388 F400.000
G1 X-20.286 Y-161.202 Z0.375 F400.000
G1 X-20.375 Y-160.849 Z0.362 F400.000
G1 X-20.425 Y-160.489 Z0.350 F400.000
G1 X-20.437 Y-160.212 Z0.340 F400.000
G1 X-20.437 Y-147.612 Z-0.100 F400.000
G1 X-20.437 Y-160.212 Z-0.540 F400.000
G1 X-20.425 Y-160.489 Z-0.550 F400.000
G1 X-20.375 Y-160.849 Z-0.562 F400.000
G1 X-20.286 Y-161.202 Z-0.575 F400.000
G1 X-20.159 Y-161.543 Z-0.588 F400.000
G1 X-16.238 Y-169.958 Z-0.912 F400.000
G1 X-16.215 Y-170.015 Z-0.914 F400.000
G1 X-16.210 Y-170.031 Z-0.915 F400.000
G1 X-16.207 Y-170.049 Z-0.915 F400.000
G1 X-16.204 Y-170.109 Z-0.917 F400.000
G1 X-16.204 Y-173.000 Z-1.018 F400.000
G1 X-16.215 Y-173.109 Z-1.022 F400.000
G1 X-16.224 Y-173.138 Z-1.023 F400.000
G1 X-16.238 Y-173.164 Z-1.024 F400.000
G1 X-16.257 Y-173.188 Z-1.025 F400.000
G1 X-16.281 Y-173.207 Z-1.026 F400.000
G1 X-16.307 Y-173.222 Z-1.028 F400.000
G1 X-16.336 Y-173.230 Z-1.029 F400.000
G1 X-16.445 Y-173.241 Z-1.032 F400.000
G1 X-17.850 Y-173.241 Z-1.081 F400.000
G1 X-18.057 Y-173.255 Z-1.089 F400.000
G1 X-18.316 Y-173.289 Z-1.098 F400.000
G1 X-18.716 Y-173.396 Z-1.112 F400.000
G1 X-18.958 Y-173.496 Z-1.121 F400.000
G1 X-19.316 Y-173.703 Z-1.136 F400.000
G1 X-19.524 Y-173.862 Z-1.145 F400.000
G1 X-19.817 Y-174.155 Z-1.159 F400.000
G1 X-19.975 Y-174.362 Z-1.169 F400.000
G1 X-20.183 Y-174.721 Z-1.183 F400.000
G1 X-20.283 Y-174.962 Z-1.192 F400.000
G1 X-20.390 Y-175.362 Z-1.207 F400.000
G1 X-20.424 Y-175.621 Z-1.216 F400.000
G1 X-20.437 Y-175.828 Z-1.223 F400.000
G1 X-20.437 Y-198.696 Z-2.022 F400.000
G1 X-20.425 Y-198.973 Z-2.031 F400.000
G1 X-20.375 Y-199.333 Z-2.044 F400.000
G1 X-20.286 Y-199.686 Z-2.057 F400.000
G1 X-20.159 Y-200.027 Z-2.069 F400.000
G1 X-16.238 Y-208.442 Z-2.394 F400.000
G1 X-16.215 Y-208.499 Z-2.396 F400.000
G1 X-16.210 Y-208.515 Z-2.396 F400.000
G1 X-16.207 Y-208.533 Z-2.397 F400.000
G1 X-16.204 Y-208.593 Z-2.399 F400.000
G1 X-16.204 Y-211.485 Z-2.500 F400.000
G1 X-16.215 Y-211.593 Z-2.504 F400.000
G1 X-16.224 Y-211.622 Z-2.505 F400.000
G1 X-16.238 Y-211.649 Z-2.506 F400.000
G1 X-16.257 Y-211.672 Z-2.507 F400.000
G1 X-16.281 Y-211.691 Z-2.508 F400.000
G1 X-16.307 Y-211.706 Z-2.509 F400.000
G1 X-16.336 Y-211.714 Z-2.510 F400.000
G1 X-16.445 Y-211.725 Z-2.514 F400.000
G1 X-17.850 Y-211.725 Z-2.563 F400.000
G1 X-18.057 Y-211.739 Z-2.570 F400.000
G1 X-18.316 Y-211.773 Z-2.579 F400.000
G1 X-18.716 Y-211.880 Z-2.594 F400.000
G1 X-18.958 Y-211.980 Z-2.603 F400.000
G1 X-19.316 Y-212.187 Z-2.617 F400.000
G1 X-19.524 Y-212.346 Z-2.627 F400.000
G1 X-19.817 Y-212.639 Z-2.641 F400.000
G1 X-19.975 Y-212.846 Z-2.650 F400.000
G1 X-20.183 Y-213.205 Z-2.665 F400.000
G1 X-20.283 Y-213.446 Z-2.674 F400.000
G1 X-20.390 Y-213.846 Z-2.688 F400.000
G1 X-20.424 Y-214.105 Z-2.697 F400.000
G1 X-20.437 Y-214.313 Z-2.705 F400.000
G1 X-20.437 Y-228.500 Z-3.200 F400.000
G1 X-20.437 Y-214.313 Z-3.200 F400.000
G1 X-20.424 Y-214.105 Z-3.200 F400.000
G1 X-20.390 Y-213.846 Z-3.200 F400.000
G1 X-20.283 Y-213.446 Z-3.200 F400.000
G1 X-20.183 Y-213.205 Z-3.200 F400.000
G1 X-19.975 Y-212.846 Z-3.200 F400.000
G1 X-19.817 Y-212.639 Z-3.200 F400.000
G1 X-19.524 Y-212.346 Z-3.200 F400.000
G1 X-19.316 Y-212.187 Z-3.200 F400.000
G1 X-18.958 Y-211.980 Z-3.200 F400.000
G1 X-18.716 Y-211.880 Z-3.200 F400.000
G1 X-18.316 Y-211.773 Z-3.200 F400.000
G1 X-18.057 Y-211.739 Z-3.200 F400.000
G1 X-17.850 Y-211.725 Z-3.200 F400.000
G1 X-16.445 Y-211.725 Z-3.200 F400.000
G1 X-16.336 Y-211.714 Z-3.200 F400.000
G1 X-16.307 Y-211.706 Z-3.200 F400.000
G1 X-16.281 Y-211.691 Z-3.200 F400.000
G1 X-16.257 Y-211.672 Z-3.200 F400.000
G1 X-16.238 Y-211.649 Z-3.200 F400.000
G1 X-16.224 Y-211.622 Z-3.200 F400.000
G1 X-16.215 Y-211.593 Z-3.200 F400.000
G1 X-16.204 Y-211.485 Z-3.200 F400.000
G1 X-16.204 Y-208.593 Z-3.200 F400.000
G1 X-16.207 Y-208.533 Z-3.200 F400.000
G1 X-16.210 Y-208.515 Z-3.200 F400.000
G1 X-16.215 Y-208.499 Z-3.200 F400.000
G1 X-16.238 Y-208.442 Z-3.200 F400.000
G1 X-20.159 Y-200.027 Z-3.200 F400.000
G1 X-20.286 Y-199.686 Z-3.200 F400.000
G1 X-20.375 Y-199.333 Z-3.200 F400.000
G1 X-20.425 Y-198.973 Z-3.200 F400.000
G1 X-20.437 Y-198.696 Z-3.200 F400.000
G1 X-20.437 Y-175.828 Z-3.200 F400.000
G1 X-20.424 Y-175.621 Z-3.200 F400.000
G1 X-20.390 Y-175.362 Z-3.200 F400.000
G1 X-20.283 Y-174.962 Z-3.200 F400.000
G1 X-20.183 Y-174.721 Z-3.200 F400.000
G1 X-19.975 Y-174.362 Z-3.200 F400.000
G1 X-19.817 Y-174.155 Z-3.200 F400.000
G1 X-19.524 Y-173.862 Z-3.200 F400.000
G1 X-19.316 Y-173.703 Z-3.200 F400.000
G1 X-18.958 Y-173.496 Z-3.200 F400.000
G1 X-18.716 Y-173.396 Z-3.200 F400.000
G1 X-18.316 Y-173.289 Z-3.200 F400.000
G1 X-18.057 Y-173.255 Z-3.200 F400.000
G1 X-17.850 Y-173.241 Z-3.200 F400.000
G1 X-16.445 Y-173.241 Z-3.200 F400.000
G1 X-16.336 Y-173.230 Z-3.200 F400.000
G1 X-16.307 Y-173.222 Z-3.200 F400.000
G1 X-16.281 Y-173.207 Z-3.200 F400.000
G1 X-16.257 Y-173.188 Z-3.200 F400.000
G1 X-16.238 Y-173.164 Z-3.200 F400.000
G1 X-16.224 Y-173.138 Z-3.200 F400.000
G1 X-16.215 Y-173.109 Z-3.200 F400.000
G1 X-16.204 Y-173.000 Z-3.200 F400.000
G1 X-16.204 Y-170.109 Z-3.200 F400.000
G1 X-16.207 Y-170.049 Z-3.200 F400.000
G1 X-16.210 Y-170.031 Z-3.200 F400.000
G1 X-16.215 Y-170.015 Z-3.200 F400.000
G1 X-16.238 Y-169.958 Z-3.200 F400.000
G1 X-20.159 Y-161.543 Z-3.200 F400.000
G1 X-20.286 Y-161.202 Z-3.200 F400.000
G1 X-20.375 Y-160.849 Z-3.200 F400.000
G1 X-20.425 Y-160.489 Z-3.200 F400.000
G1 X-20.437 Y-160.212 Z-3.200 F400.000
G1 X-20.437 Y-137.344 Z-3.200 F400.000
G1 X-20.424 Y-137.137 Z-3.200 F400.000
G1 X-20.390 Y-136.878 Z-3.200 F400.000
G1 X-20.283 Y-136.478 Z-3.200 F400.000
G1 X-20.183 Y-136.237 Z-3.200 F400.000
G1 X-19.975 Y-135.878 Z-3.200 F400.000
G1 X-19.817 Y-135.671 Z-3.200 F400.000
G1 X-19.524 Y-135.378 Z-3.200 F400.000
G1 X-19.316 Y-135.219 Z-3.200 F400.000
G1 X-18.958 Y-135.012 Z-3.200 F400.000
G1 X-18.716 Y-134.912 Z-3.200 F400.000
G1 X-18.316 Y-134.805 Z-3.200 F400.000
G1 X-18.057 Y-134.771 Z-3.200 F400.000
G1 X-17.850 Y-134.757 Z-3.200 F400.000
G1 X-16.445 Y-134.757 Z-3.200 F400.000
G1 X-16.336 Y-134.746 Z-3.200 F400.000
G1 X-16.307 Y-134.738 Z-3.200 F400.000
G1 X-16.281 Y-134.723 Z-3.200 F400.000
G1 X-16.257 Y-134.704 Z-3.200 F400.000
G1 X-16.238 Y-134.680 Z-3.200 F400.000
G1 X-16.224 Y-134.654 Z-3.200 F400.000
G1 X-16.215 Y-134.625 Z-3.200 F400.000
G1 X-16.204 Y-134.516 Z-3.200 F400.000
G1 X-16.204 Y-131.625 Z-3.200 F400.000
G1 X-16.207 Y-131.565 Z-3.200 F400.000
G1 X-16.210 Y-131.547 Z-3.200 F400.000
G1 X-16.215 Y-131.531 Z-3.200 F400.000
G1 X-16.238 Y-131.474 Z-3.200 F400.000
G1 X-20.159 Y-123.059 Z-3.200 F400.000
G1 X-20.286 Y-122.718 Z-3.200 F400.000
G1 X-20.375 Y-122.365 Z-3.200 F400.000
G1 X-20.425 Y-122.005 Z-3.200 F400.000
G1 X-20.437 Y-121.728 Z-3.200 F400.000
G1 X-20.437 Y-98.860 Z-3.200 F400.000
G1 X-20.424 Y-98.653 Z-3.200 F400.000
G1 X-20.390 Y-98.394 Z-3.200 F400.000
G1 X-20.283 Y-97.994 Z-3.200 F400.000
G1 X-20.183 Y-97.753 Z-3.200 F400.000
G1 X-19.975 Y-97.394 Z-3.200 F400.000
G1 X-19.817 Y-97.187 Z-3.200 F400.000
G1 X-19.524 Y-96.894 Z-3.200 F400.000
G1 X-19.316 Y-96.735 Z-3.200 F400.000
G1 X-18.958 Y-96.528 Z-3.200 F400.000
G1 X-18.716 Y-96.428 Z-3.200 F400.000
G1 X-18.316 Y-96.321 Z-3.200 F400.000
G1 X-18.057 Y-96.287 Z-3.200 F400.000
G1 X-17.850 Y-96.273 Z-3.200 F400.000
G1 X-16.445 Y-96.273 Z-3.200 F400.000
G1 X-16.336 Y-96.262 Z-3.200 F400.000
G1 X-16.307 Y-96.253 Z-3.200 F400.000
G1 X-16.281 Y-96.239 Z-3.200 F400.000
G1 X-16.257 Y-96.220 Z-3.200 F400.000
G1 X-16.238 Y-96.196 Z-3.200 F400.000
G1 X-16.224 Y-96.170 Z-3.200 F400.000
G1 X-16.215 Y-96.141 Z-3.200 F400.000
G1 X-16.204 Y-96.032 Z-3.200 F400.000
G1 X-16.204 Y-93.141 Z-3.200 F400.000
G1 X-16.207 Y-93.081 Z-3.200 F400.000
G1 X-16.210 Y-93.063 Z-3.200 F400.000
G1 X-16.215 Y-93.046 Z-3.200 F400.000
G1 X-16.238 Y-92.990 Z-3.200 F400.000
G1 X-20.159 Y-84.575 Z-3.200 F400.000
G1 X-20.286 Y-84.234 Z-3.200 F400.000
G1 X-20.375 Y-83.881 Z-3.200 F400.000
G1 X-20.425 Y-83.521 Z-3.200 F400.000
G1 X-20.437 Y-83.244 Z-3.200 F400.000
G1 X-20.437 Y-60.376 Z-3.200 F400.000
G1 X-20.424 Y-60.169 Z-3.200 F400.000
G1 X-20.390 Y-59.910 Z-3.200 F400.000
G1 X-20.283 Y-59.510 Z-3.200 F400.000
G1 X-20.183 Y-59.269 Z-3.200 F400.000
G1 X-19.975 Y-58.910 Z-3.200 F400.000
G1 X-19.817 Y-58.703 Z-3.200 F400.000
G1 X-19.524 Y-58.410 Z-3.200 F400.000
G1 X-19.316 Y-58.251 Z-3.200 F400.000
G1 X-18.958 Y-58.044 Z-3.200 F400.000
G1 X-18.716 Y-57.944 Z-3.200 F400.000
G1 X-18.316 Y-57.837 Z-3.200 F400.000
G1 X-18.057 Y-57.803 Z-3.200 F400.000
G1 X-17.850 Y-57.789 Z-3.200 F400.000
G1 X-16.445 Y-57.789 Z-3.200 F400.000
G1 X-16.336 Y-57.778 Z-3.200 F400.000
G1 X-16.307 Y-57.769 Z-3.200 F400.000
G1 X-16.281 Y-57.755 Z-3.200 F400.000
G1 X-16.257 Y-57.736 Z-3.200 F400.000
G1 X-16.238 Y-57.712 Z-3.200 F400.000
G1 X-16.224 Y-57.686 Z-3.200 F400.000
G1 X-16.215 Y-57.657 Z-3.200 F400.000
G1 X-16.204 Y-57.548 Z-3.200 F400.000
G1 X-16.204 Y-54.657 Z-3.200 F400.000
G1 X-16.207 Y-54.597 Z-3.200 F400.000
G1 X-16.210 Y-54.579 Z-3.200 F400.000
G1 X-16.215 Y-54.562 Z-3.200 F400.000
G1 X-16.238 Y-54.506 Z-3.200 F400.000
G1 X-20.159 Y-46.091 Z-3.200 F400.000
G1 X-20.286 Y-45.750 Z-3.200 F400.000
G1 X-20.375 Y-45.397 Z-3.200 F400.000
G1 X-20.425 Y-45.037 Z-3.200 F400.000
G1 X-20.437 Y-44.760 Z-3.200 F400.000
G1 X-20.430 Y-36.124 Z-3.200 F400.000
G1 X-20.396 Y-35.783 Z-3.200 F400.000
G1 X-20.336 Y-35.477 Z-3.200 F400.000
G1 X-20.236 Y-35.149 Z-3.200 F400.000
G1 X-20.117 Y-34.862 Z-3.200 F400.000
G1 X-19.955 Y-34.559 Z-3.200 F400.000
G1 X-19.782 Y-34.300 Z-3.200 F400.000
G1 X-19.565 Y-34.035 Z-3.200 F400.000
G1 X-19.345 Y-33.815 Z-3.200 F400.000
G1 X-19.079 Y-33.597 Z-3.200 F400.000
G1 X-18.821 Y-33.424 Z-3.200 F400.000
G1 X-18.518 Y-33.263 Z-3.200 F400.000
G1 X-18.231 Y-33.144 Z-3.200 F400.000
G1 X-17.902 Y-33.044 Z-3.200 F400.000
G1 X-17.597 Y-32.983 Z-3.200 F400.000
G1 X-17.100 Y-32.942 Z-3.200 F400.000
G1 X-14.328 Y-32.942 Z-3.200 F400.000
G1 X-14.220 Y-32.931 Z-3.200 F400.000
G1 X-14.191 Y-32.923 Z-3.200 F400.000
G1 X-14.164 Y-32.908 Z-3.200 F400.000
G1 X-14.141 Y-32.889 Z-3.200 F400.000
G1 X-14.121 Y-32.866 Z-3.200 F400.000
G1 X-14.107 Y-32.839 Z-3.200 F400.000
G1 X-14.098 Y-32.810 Z-3.200 F400.000
G1 X-14.088 Y-32.702 Z-3.200 F400.000
G1 X-14.087 Y-30.995 Z-3.200 F400.000
G1 X-14.098 Y-30.887 Z-3.200 F400.000
G1 X-14.107 Y-30.858 Z-3.200 F400.000
G1 X-14.121 Y-30.831 Z-3.200 F400.000
G1 X-14.141 Y-30.808 Z-3.200 F400.000
G1 X-14.164 Y-30.788 Z-3.200 F400.000
G1 X-14.191 Y-30.774 Z-3.200 F400.000
G1 X-14.220 Y-30.765 Z-3.200 F400.000
G1 X-14.330 Y-30.754 Z-3.200 F400.000
G1 X-17.256 Y-30.747 Z-3.200 F400.000
G1 X-17.597 Y-30.713 Z-3.200 F400.000
G1 X-17.902 Y-30.653 Z-3.200 F400.000
G1 X-18.231 Y-30.553 Z-3.200 F400.000
G1 X-18.518 Y-30.434 Z-3.200 F400.000
G1 X-18.821 Y-30.272 Z-3.200 F400.000
G1 X-19.079 Y-30.099 Z-3.200 F400.000
G1 X-19.345 Y-29.882 Z-3.200 F400.000
G1 X-19.565 Y-29.662 Z-3.200 F400.000
G1 X-19.782 Y-29.396 Z-3.200 F400.000
G1 X-19.955 Y-29.138 Z-3.200 F400.000
G1 X-20.117 Y-28.835 Z-3.200 F400.000
G1 X-20.236 Y-28.548 Z-3.200 F400.000
G1 X-20.336 Y-28.219 Z-3.200 F400.000
G1 X-20.396 Y-27.914 Z-3.200 F400.000
G1 X-20.437 Y-27.417 Z-3.200 F400.000
G1 X-20.437 Y-3.500 Z-3.200 F400.000
G0 X-20.437 Y-3.500 Z5.000
G0 X-20.437 Y-228.500 Z5.000
G0 X-20.437 Y-228.500 Z3.000
G1 X-20.437 Y-214.313 Z2.505 F400.000
G1 X-20.424 Y-214.105 Z2.497 F400.000
G1 X-20.390 Y-213.846 Z2.488 F400.000
G1 X-20.283 Y-213.446 Z2.474 F400.000
G1 X-20.183 Y-213.205 Z2.465 F400.000
G1 X-19.975 Y-212.846 Z2.450 F400.000
G1 X-19.817 Y-212.639 Z2.441 F400.000
G1 X-19.524 Y-212.346 Z2.427 F400.000
G1 X-19.316 Y-212.187 Z2.417 F400.000
G1 X-18.958 Y-211.980 Z2.403 F400.000
G1 X-18.716 Y-211.880 Z2.394 F400.000
G1 X-18.316 Y-211.773 Z2.379 F400.000
G1 X-18.057 Y-211.739 Z2.370 F400.000
G1 X-17.850 Y-211.725 Z2.363 F400.000
G1 X-16.445 Y-211.725 Z2.314 F400.000
G1 X-16.336 Y-211.714 Z2.310 F400.000
G1 X-16.307 Y-211.706 Z2.309 F400.000
G1 X-16.281 Y-211.691 Z2.308 F400.000
G1 X-16.257 Y-211.672 Z2.307 F400.000
G1 X-16.238 Y-211.649 Z2.306 F400.000
G1 X-16.224 Y-211.622 Z2.305 F400.000
G1 X-16.215 Y-211.593 Z2.304 F400.000
G1 X-16.204 Y-211.485 Z2.300 F400.000
G1 X-16.204 Y-208.593 Z2.199 F400.000
G1 X-16.207 Y-208.533 Z2.197 F400.000
G1 X-16.210 Y-208.515 Z2.196 F400.000
G1 X-16.215 Y-208.499 Z2.196 F400.000
G1 X-16.238 Y-208.442 Z2.194 F400.000
G1 X-20.159 Y-200.027 Z1.869 F400.000
G1 X-20.286 Y-199.686 Z1.857 F400.000
G1 X-20.375 Y-199.333 Z1.844 F400.000
G1 X-20.425 Y-198.973 Z1.831 F400.000
G1 X-20.437 Y-198.696 Z1.822 F400.000
G1 X-20.437 Y-175.828 Z1.023 F400.000
G1 X-20.424 Y-175.621 Z1.016 F400.000
G1 X-20.390 Y-175.362 Z1.007 F400.000
G1 X-20.283 Y-174.962 Z0.992 F400.000
G1 X-20.183 Y-174.721 Z0.983 F400.000
G1 X-19.975 Y-174.362 Z0.969 F400.000
G1 X-19.817 Y-174.155 Z0.959 F400.000
G1 X-19.524 Y-173.862 Z0.945 F400.000
G1 X-19.316 Y-173.703 Z0.936 F400.000
G1 X-18.958 Y-173.496 Z0.921 F400.000
G1 X-18.716 Y-173.396 Z0.912 F400.000
G1 X-18.316 Y-173.289 Z0.898 F400.000
G1 X-18.057 Y-173.255 Z0.889 F400.000
G1 X-17.850 Y-173.241 Z0.881 F400.000
G1 X-16.445 Y-173.241 Z0.832 F400.000
G1 X-16.336 Y-173.230 Z0.829 F400.000
G1 X-16.307 Y-173.222 Z0.828 F400.000
G1 X-16.281 Y-173.207 Z0.826 F400.000
G1 X-16.257 Y-173.188 Z0.825 F400.000
G1 X-16.238 Y-173.164 Z0.824 F400.000
G1 X-16.224 Y-173.138 Z0.823 F400.000
G1 X-16.215 Y-173.109 Z0.822 F400.000
G1 X-16.204 Y-173.000 Z0.818 F400.000
G1 X-16.204 Y-170.109 Z0.717 F400.000
G1 X-16.207 Y-170.049 Z0.715 F400.000
G1 X-16.210 Y-170.031 Z0.715 F400.000
G1 X-16.215 Y-170.015 Z0.714 F400.000
G1 X-16.238 Y-169.958 Z0.712 F400.000
G1 X-20.159 Y-161.543 Z0.388 F400.000
G1 X-20.286 Y-161.202 Z0.375 F400.000
G1 X-20.375 Y-160.849 Z0.362 F400.000
G1 X-20.425 Y-160.489 Z0.350 F400.000
G1 X-20.437 Y-160.212 Z0.340 F400.000
G1 X-20.437 Y-144.749 Z-0.200 F400.000
G1 X-20.437 Y-160.212 Z-0.740 F400.000
G1 X-20.425 Y-160.489 Z-0.750 F400.000
G1 X-20.375 Y-160.849 Z-0.762 F400.000
G1 X-20.286 Y-161.202 Z-0.775 F400.000
G1 X-20.159 Y-161.543 Z-0.788 F400.000
G1 X-16.238 Y-169.958 Z-1.112 F400.000
G1 X-16.215 Y-170.015 Z-1.114 F400.000
G1 X-16.210 Y-170.031 Z-1.115 F400.000
G1 X-16.207 Y-170.049 Z-1.115 F400.000
G1 X-16.204 Y-170.109 Z-1.117 F400.000
G1 X-16.204 Y-173.000 Z-1.218 F400.000
G1 X-16.215 Y-173.109 Z-1.222 F400.000
G1 X-16.224 Y-173.138 Z-1.223 F400.000
G1 X-16.238 Y-173.164 Z-1.224 F400.000
G1 X-16.257 Y-173.188 Z-1.225 F400.000
G1 X-16.281 Y-173.207 Z-1.226 F400.000
G1 X-16.307 Y-173.222 Z-1.228 F400.000
G1 X-16.336 Y-173.230 Z-1.229 F400.000
G1 X-16.445 Y-173.241 Z-1.232 F400.000
G1 X-17.850 Y-173.241 Z-1.281 F400.000
G1 X-18.057 Y-173.255 Z-1.289 F400.000
G1 X-18.316 Y-173.289 Z-1.298 F400.000
G1 X-18.716 Y-173.396 Z-1.312 F400.000
G1 X-18.958 Y-173.496 Z-1.321 F400.000
G1 X-19.316 Y-173.703 Z-1.336 F400.000
G1 X-19.524 Y-173.862 Z-1.345 F400.000
G1 X-19.817 Y-174.155 Z-1.359 F400.000
G1 X-19.975 Y-174.362 Z-1.369 F400.000
G1 X-20.183 Y-174.721 Z-1.383 F400.000
G1 X-20.283 Y-174.962 Z-1.392 F400.000
G1 X-20.390 Y-175.362 Z-1.407 F400.000
G1 X-20.424 Y-175.621 Z-1.416 F400.000
G1 X-20.437 Y-175.828 Z-1.423 F400.000
G1 X-20.437 Y-198.696 Z-2.222 F400.000
G1 X-20.425 Y-198.973 Z-2.231 F400.000
G1 X-20.375 Y-199.333 Z-2.244 F400.000
G1 X-20.286 Y-199.686 Z-2.257 F400.000
G1 X-20.159 Y-200.027 Z-2.269 F400.000
G1 X-16.238 Y-208.442 Z-2.594 F400.000
G1 X-16.215 Y-208.499 Z-2.596 F400.000
G1 X-16.210 Y-208.515 Z-2.596 F400.000
G1 X-16.207 Y-208.533 Z-2.597 F400.000
G1 X-16.204 Y-208.593 Z-2.599 F400.000
G1 X-16.204 Y-211.485 Z-2.700 F400.000
G1 X-16.215 Y-211.593 Z-2.704 F400.000
G1 X-16.224 Y-211.622 Z-2.705 F400.000
G1 X-16.238 Y-211.649 Z-2.706 F400.000
G1 X-16.257 Y-211.672 Z-2.707 F400.000
G1 X-16.281 Y-211.691 Z-2.708 F400.000
G1 X-16.307 Y-211.706 Z-2.709 F400.000
G1 X-16.336 Y-211.714 Z-2.710 F400.000
G1 X-16.445 Y-211.725 Z-2.714 F400.000
G1 X-17.850 Y-211.725 Z-2.763 F400.000
G1 X-18.057 Y-211.739 Z-2.770 F400.000
G1 X-18.316 Y-211.773 Z-2.779 F400.000
G1 X-18.716 Y-211.880 Z-2.794 F400.000
G1 X-18.958 Y-211.980 Z-2.803 F400.000
G1 X-19.316 Y-212.187 Z-2.817 F400.000
G1 X-19.524 Y-212.346 Z-2.827 F400.000
G1 X-19.817 Y-212.639 Z-2.841 F400.000
G1 X-19.975 Y-212.846 Z-2.850 F400.000
G1 X-20.183 Y-213.205 Z-2.865 F400.000
G1 X-20.283 Y-213.446 Z-2.874 F400.000
G1 X-20.390 Y-213.846 Z-2.888 F400.000
G1 X-20.424 Y-214.105 Z-2.897 F400.000
G1 X-20.437 Y-214.313 Z-2.905 F400.000
G1 X-20.437 Y-228.500 Z-3.400 F400.000
G1 X-20.437 Y-214.313 Z-3.400 F400.000
G1 X-20.424 Y-214.105 Z-3.400 F400.000
G1 X-20.390 Y-213.846 Z-3.400 F400.000
G1 X-20.283 Y-213.446 Z-3.400 F400.000
G1 X-20.183 Y-213.205 Z-3.400 F400.000
G1 X-19.975 Y-212.846 Z-3.400 F400.000
G1 X-19.817 Y-212.639 Z-3.400 F400.000
G1 X-19.524 Y-212.346 Z-3.400 F400.000
G1 X-19.316 Y-212.187 Z-3.400 F400.000
G1 X-18.958 Y-211.980 Z-3.400 F400.000
G1 X-18.716 Y-211.880 Z-3.400 F400.000
G1 X-18.316 Y-211.773 Z-3.400 F400.000
G1 X-18.057 Y-211.739 Z-3.400 F400.000
G1 X-17.850 Y-211.725 Z-3.400 F400.000
G1 X-16.445 Y-211.725 Z-3.400 F400.000
G1 X-16.336 Y-211.714 Z-3.400 F400.000
G1 X-16.307 Y-211.706 Z-3.400 F400.000
G1 X-16.281 Y-211.691 Z-3.400 F400.000
G1 X-16.257 Y-211.672 Z-3.400 F400.000
G1 X-16.238 Y-211.649 Z-3.400 F400.000
G1 X-16.224 Y-211.622 Z-3.400 F400.000
G1 X-16.215 Y-211.593 Z-3.400 F400.000
G1 X-16.204 Y-211.485 Z-3.400 F400.000
G1 X-16.204 Y-208.593 Z-3.400 F400.000
G1 X-16.207 Y-208.533 Z-3.400 F400.000
G1 X-16.210 Y-208.515 Z-3.400 F400.000
G1 X-16.215 Y-208.499 Z-3.400 F400.000
G1 X-16.238 Y-208.442 Z-3.400 F400.000
G1 X-20.159 Y-200.027 Z-3.400 F400.000
G1 X-20.286 Y-199.686 Z-3.400 F400.000
G1 X-20.375 Y-199.333 Z-3.400 F400.000
G1 X-20.425 Y-198.973 Z-3.400 F400.000
G1 X-20.437 Y-198.696 Z-3.400 F400.000
G1 X-20.437 Y-175.828 Z-3.400 F400.000
G1 X-20.424 Y-175.621 Z-3.400 F400.000
G1 X-20.390 Y-175.362 Z-3.400 F400.000
G1 X-20.283 Y-174.962 Z-3.400 F400.000
G1 X-20.183 Y-174.721 Z-3.400 F400.000
G1 X-19.975 Y-174.362 Z-3.400 F400.000
G1 X-19.817 Y-174.155 Z-3.400 F400.000
G1 X-19.524 Y-173.862 Z-3.400 F400.000
G1 X-19.316 Y-173.703 Z-3.400 F400.000
G1 X-18.958 Y-173.496 Z-3.400 F400.000
G1 X-18.716 Y-173.396 Z-3.400 F400.000
G1 X-18.316 Y-173.289 Z-3.400 F400.000
G1 X-18.057 Y-173.255 Z-3.400 F400.000
G1 X-17.850 Y-173.241 Z-3.400 F400.000
G1 X-16.445 Y-173.241 Z-3.400 F400.000
G1 X-16.336 Y-173.230 Z-3.400 F400.000
G1 X-16.307 Y-173.222 Z-3.400 F400.000
G1 X-16.281 Y-173.207 Z-3.400 F400.000
G1 X-16.257 Y-173.188 Z-3.400 F400.000
G1 X-16.238 Y-173.164 Z-3.400 F400.000
G1 X-16.224 Y-173.138 Z-3.400 F400.000
G1 X-16.215 Y-173.109 Z-3.400 F400.000
G1 X-16.204 Y-173.000 Z-3.400 F400.000
G1 X-16.204 Y-170.109 Z-3.400 F400.000
G1 X-16.207 Y-170.049 Z-3.400 F400.000
G1 X-16.210 Y-170.031 Z-3.400 F400.000
G1 X-16.215 Y-170.015 Z-3.400 F400.000
G1 X-16.238 Y-169.958 Z-3.400 F400.000
G1 X-20.159 Y-161.543 Z-3.400 F400.000
G1 X-20.286 Y-161.202 Z-3.400 F400.000
G1 X-20.375 Y-160.849 Z-3.400 F400.000
G1 X-20.425 Y-160.489 Z-3.400 F400.000
G1 X-20.437 Y-160.212 Z-3.400 F400.000
G1 X-20.437 Y-137.344 Z-3.400 F400.000
G1 X-20.424 Y-137.137 Z-3.400 F400.000
G1 X-20.390 Y-136.878 Z-3.400 F400.000
G1 X-20.283 Y-136.478 Z-3.400 F400.000
G1 X-20.183 Y-136.237 Z-3.400 F400.000
G1 X-19.975 Y-135.878 Z-3.400 F400.000
G1 X-19.817 Y-135.671 Z-3.400 F400.000
G1 X-19.524 Y-135.378 Z-3.400 F400.000
G1 X-19.316 Y-135.219 Z-3.400 F400.000
G1 X-18.958 Y-135.012 Z-3.400 F400.000
G1 X-18.716 Y-134.912 Z-3.400 F400.000
G1 X-18.316 Y-134.805 Z-3.400 F400.000
G1 X-18.057 Y-134.771 Z-3.400 F400.000
G1 X-17.850 Y-134.757 Z-3.400 F400.000
G1 X-16.445 Y-134.757 Z-3.400 F400.000
G1 X-16.336 Y-134.746 Z-3.400 F400.000
G1 X-16.307 Y-134.738 Z-3.400 F400.000
G1 X-16.281 Y-134.723 Z-3.400 F400.000
G1 X-16.257 Y-134.704 Z-3.400 F400.000
G1 X-16.238 Y-134.680 Z-3.400 F400.000
G1 X-16.224 Y-134.654 Z-3.400 F400.000
G1 X-16.215 Y-134.625 Z-3.400 F400.000
G1 X-16.204 Y-134.516 Z-3.400 F400.000
G1 X-16.204 Y-131.625 Z-3.400 F400.000
G1 X-16.207 Y-131.565 Z-3.400 F400.000
G1 X-16.210 Y-131.547 Z-3.400 F400.000
G1 X-16.215 Y-131.531 Z-3.400 F400.000
G1 X-16.238 Y-131.474 Z-3.400 F400.000
G1 X-20.159 Y-123.059 Z-3.400 F400.000
G1 X-20.286 Y-122.718 Z-3.400 F400.000
G1 X-20.375 Y-122.365 Z-3.400 F400.000
G1 X-20.425 Y-122.005 Z-3.400 F400.000
G1 X-20.437 Y-121.728 Z-3.400 F400.000
G1 X-20.437 Y-98.860 Z-3.400 F400.000
G1 X-20.424 Y-98.653 Z-3.400 F400.000
G1 X-20.390 Y-98.394 Z-3.400 F400.000
G1 X-20.283 Y-97.994 Z-3.400 F400.000
G1 X-20.183 Y-97.753 Z-3.400 F400.000
G1 X-19.975 Y-97.394 Z-3.400 F400.000
G1 X-19.817 Y-97.187 Z-3.400 F400.000
G1 X-19.524 Y-96.894 Z-3.400 F400.000
G1 X-19.316 Y-96.735 Z-3.400 F400.000
G1 X-18.958 Y-96.528 Z-3.400 F400.000
G1 X-18.716 Y-96.428 Z-3.400 F400.000
G1 X-18.316 Y-96.321 Z-3.400 F400.000
G1 X-18.057 Y-96.287 Z-3.400 F400.000
G1 X-17.850 Y-96.273 Z-3.400 F400.000
G1 X-16.445 Y-96.273 Z-3.400 F400.000
G1 X-16.336 Y-96.262 Z-3.400 F400.000
G1 X-16.307 Y-96.253 Z-3.400 F400.000
G1 X-16.281 Y-96.239 Z-3.400 F400.000
G1 X-16.257 Y-96.220 Z-3.400 F400.000
G1 X-16.238 Y-96.196 Z-3.400 F400.000
G1 X-16.224 Y-96.170 Z-3.400 F400.000
G1 X-16.215 Y-96.141 Z-3.400 F400.000
G1 X-16.204 Y-96.032 Z-3.400 F400.000
G1 X-16.204 Y-93.141 Z-3.400 F400.000
G1 X-16.207 Y-93.081 Z-3.400 F400.000
G1 X-16.210 Y-93.063 Z-3.400 F400.000
G1 X-16.215 Y-93.046 Z-3.400 F400.000
G1 X-16.238 Y-92.990 Z-3.400 F400.000
G1 X-20.159 Y-84.575 Z-3.400 F400.000
G1 X-20.286 Y-84.234 Z-3.400 F400.000
G1 X-20.375 Y-83.881 Z-3.400 F400.000
G1 X-20.425 Y-83.521 Z-3.400 F400.000
G1 X-20.437 Y-83.244 Z-3.400 F400.000
G1 X-20.437 Y-60.376 Z-3.400 F400.000
G1 X-20.424 Y-60.169 Z-3.400 F400.000
G1 X-20.390 Y-59.910 Z-3.400 F400.000
G1 X-20.283 Y-59.510 Z-3.400 F400.000
G1 X-20.183 Y-59.269 Z-3.400 F400.000
G1 X-19.975 Y-58.910 Z-3.400 F400.000
G1 X-19.817 Y-58.703 Z-3.400 F400.000
G1 X-19.524 Y-58.410 Z-3.400 F400.000
G1 X-19.316 Y-58.251 Z-3.400 F400.000
G1 X-18.958 Y-58.044 Z-3.400 F400.000
G1 X-18.716 Y-57.944 Z-3.400 F400.000
G1 X-18.316 Y-57.837 Z-3.400 F400.000
G1 X-18.057 Y-57.803 Z-3.400 F400.000
G1 X-17.850 Y-57.789 Z-3.400 F400.000
G1 X-16.445 Y-57.789 Z-3.400 F400.000
G1 X-16.336 Y-57.778 Z-3.400 F400.000
G1 X-16.307 Y-57.769 Z-3.400 F400.000
G1 X-16.281 Y-57.755 Z-3.400 F400.000
G1 X-16.257 Y-57.736 Z-3.400 F400.000
G1 X-16.238 Y-57.712 Z-3.400 F400.000
G1 X-16.224 Y-57.686 Z-3.400 F400.000
G1 X-16.215 Y-57.657 Z-3.400 F400.000
G1 X-16.204 Y-57.548 Z-3.400 F400.000
G1 X-16.204 Y-54.657 Z-3.400 F400.000
G1 X-16.207 Y-54.597 Z-3.400 F400.000
G1 X-16.210 Y-54.579 Z-3.400 F400.000
G1 X-16.215 Y-54.562 Z-3.400 F400.000
G1 X-16.238 Y-54.506 Z-3.400 F400.000
G1 X-20.159 Y-46.091 Z-3.400 F400.000
G1 X-20.286 Y-45.750 Z-3.400 F400.000
G1 X-20.375 Y-45.397 Z-3.400 F400.000
G1 X-20.425 Y-45.037 Z-3.400 F400.000
G1 X-20.437 Y-44.760 Z-3.400 F400.000
G1 X-20.430 Y-36.124 Z-3.400 F400.000
G1 X-20.396 Y-35.783 Z-3.400 F400.000
G1 X-20.336 Y-35.477 Z-3.400 F400.000
G1 X-20.236 Y-35.149 Z-3.400 F400.000
G1 X-20.117 Y-34.862 Z-3.400 F400.000
G1 X-19.955 Y-34.559 Z-3.400 F400.000
G1 X-19.782 Y-34.300 Z-3.400 F400.000
G1 X-19.565 Y-34.035 Z-3.400 F400.000
G1 X-19.345 Y-33.815 Z-3.400 F400.000
G1 X-19.079 Y-33.597 Z-3.400 F400.000
G1 X-18.821 Y-33.424 Z-3.400 F400.000
G1 X-18.518 Y-33.263 Z-3.400 F400.000
G1 X-18.231 Y-33.144 Z-3.400 F400.000
G1 X-17.902 Y-33.044 Z-3.400 F400.000
G1 X-17.597 Y-32.983 Z-3.400 F400.000
G1 X-17.100 Y-32.942 Z-3.400 F400.000
G1 X-14.328 Y-32.942 Z-3.400 F400.000
G1 X-14.220 Y-32.931 Z-3.400 F400.000
G1 X-14.191 Y-32.923 Z-3.400 F400.000
G1 X-14.164 Y-32.908 Z-3.400 F400.000
G1 X-14.141 Y-32.889 Z-3.400 F400.000
G1 X-14.121 Y-32.866 Z-3.400 F400.000
G1 X-14.107 Y-32.839 Z-3.400 F400.000
G1 X-14.098 Y-32.810 Z-3.400 F400.000
G1 X-14.088 Y-32.702 Z-3.400 F400.000
G1 X-14.087 Y-30.995 Z-3.400 F400.000
G1 X-14.098 Y-30.887 Z-3.400 F400.000
G1 X-14.107 Y-30.858 Z-3.400 F400.000
G1 X-14.121 Y-30.831 Z-3.400 F400.000
G1 X-14.141 Y-30.808 Z-3.400 F400.000
G1 X-14.164 Y-30.788 Z-3.400 F400.000
G1 X-14.191 Y-30.774 Z-3.400 F400.000
G1 X-14.220 Y-30.765 Z-3.400 F400.000
G1 X-14.330 Y-30.754 Z-3.400 F400.000
G1 X-17.256 Y-30.747 Z-3.400 F400.000
G1 X-17.597 Y-30.713 Z-3.400 F400.000
G1 X-17.902 Y-30.653 Z-3.400 F400.000
G1 X-18.231 Y-30.553 Z-3.400 F400.000
G1 X-18.518 Y-30.434 Z-3.400 F400.000
G1 X-18.821 Y-30.272 Z-3.400 F400.000
G1 X-19.079 Y-30.099 Z-3.400 F400.000
G1 X-19.345 Y-29.882 Z-3.400 F400.000
G1 X-19.565 Y-29.662 Z-3.400 F400.000
G1 X-19.782 Y-29.396 Z-3.400 F400.000
G1 X-19.955 Y-29.138 Z-3.400 F400.000
G1 X-20.117 Y-28.835 Z-3.400 F400.000
G1 X-20.236 Y-28.548 Z-3.400 F400.000
G1 X-20.336 Y-28.219 Z-3.400 F400.000
G1 X-20.396 Y-27.914 Z-3.400 F400.000
G1 X-20.437 Y-27.417 Z-3.400 F400.000
G1 X-20.437 Y-3.500 Z-3.400 F400.000
G0 X-20.437 Y-3.500 Z5.000
G0 X-20.437 Y-228.500 Z5.000
G0 X-20.437 Y-228.500 Z3.000
G1 X-20.437 Y-214.313 Z2.505 F400.000
G1 X-20.424 Y-214.105 Z2.497 F400.000
G1 X-20.390 Y-213.846 Z2.488 F400.000
G1 X-20.283 Y-213.446 Z2.474 F400.000
G1 X-20.183 Y-213.205 Z2.465 F400.000
G1 X-19.975 Y-212.846 Z2.450 F400.000
G1 X-19.817 Y-212.639 Z2.441 F400.000
G1 X-19.524 Y-212.346 Z2.427 F400.000
G1 X-19.316 Y-212.187 Z2.417 F400.000
G1 X-18.958 Y-211.980 Z2.403 F400.000
G1 X-18.716 Y-211.880 Z2.394 F400.000
G1 X-18.316 Y-211.773 Z2.379 F400.000
G1 X-18.057 Y-211.739 Z2.370 F400.000
G1 X-17.850 Y-211.725 Z2.363 F400.000
G1 X-16.445 Y-211.725 Z2.314 F400.000
G1 X-16.336 Y-211.714 Z2.310 F400.000
G1 X-16.307 Y-211.706 Z2.309 F400.000
G1 X-16.281 Y-211.691 Z2.308 F400.000
G1 X-16.257 Y-211.672 Z2.307 F400.000
G1 X-16.238 Y-211.649 Z2.306 F400.000
G1 X-16.224 Y-211.622 Z2.305 F400.000
G1 X-16.215 Y-211.593 Z2.304 F400.000
G1 X-16.204 Y-211.485 Z2.300 F400.000
G1 X-16.204 Y-208.593 Z2.199 F400.000
G1 X-16.207 Y-208.533 Z2.197 F400.000
G1 X-16.210 Y-208.515 Z2.196 F400.000
G1 X-16.215 Y-208.499 Z2.196 F400.000
G1 X-16.238 Y-208.442 Z2.194 F400.000
G1 X-20.159 Y-200.027 Z1.869 F400.000
G1 X-20.286 Y-199.686 Z1.857 F400.000
G1 X-20.375 Y-199.333 Z1.844 F400.000
G1 X-20.425 Y-198.973 Z1.831 F400.000
G1 X-20.437 Y-198.696 Z1.822 F400.000
G1 X-20.437 Y-175.828 Z1.023 F400.000
G1 X-20.424 Y-175.621 Z1.016 F400.000
G1 X-20.390 Y-175.362 Z1.007 F400.000
G1 X-20.283 Y-174.962 Z0.992 F400.000
G1 X-20.183 Y-174.721 Z0.983 F400.000
G1 X-19.975 Y-174.362 Z0.969 F400.000
G1 X-19.817 Y-174.155 Z0.959 F400.000
G1 X-19.524 Y-173.862 Z0.945 F400.000
G1 X-19.316 Y-173.703 Z0.936 F400.000
G1 X-18.958 Y-173.496 Z0.921 F400.000
G1 X-18.716 Y-173.396 Z0.912 F400.000
G1 X-18.316 Y-173.289 Z0.898 F400.000
G1 X-18.057 Y-173.255 Z0.889 F400.000
G1 X-17.850 Y-173.241 Z0.881 F400.000
G1 X-16.445 Y-173.241 Z0.832 F400.000
G1 X-16.336 Y-173.230 Z0.829 F400.000
G1 X-16.307 Y-173.222 Z0.828 F400.000
G1 X-16.281 Y-173.207 Z0.826 F400.000
G1 X-16.257 Y-173.188 Z0.825 F400.000
G1 X-16.238 Y-173.164 Z0.824 F400.000
G1 X-16.224 Y-173.138 Z0.823 F400.000
G1 X-16.215 Y-173.109 Z0.822 F400.000
G1 X-16.204 Y-173.000 Z0.818 F400.000
G1 X-16.204 Y-170.109 Z0.717 F400.000
G1 X-16.207 Y-170.049 Z0.715 F400.000
G1 X-16.210 Y-170.031 Z0.715 F400.000
G1 X-16.215 Y-170.015 Z0.714 F400.000
G1 X-16.238 Y-169.958 Z0.712 F400.000
G1 X-20.159 Y-161.543 Z0.388 F400.000
G1 X-20.286 Y-161.202 Z0.375 F400.000
G1 X-20.375 Y-160.849 Z0.362 F400.000
G1 X-20.425 Y-160.489 Z0.350 F400.000
G1 X-20.437 Y-160.212 Z0.340 F400.000
G1 X-20.437 Y-141.885 Z-0.300 F400.000
G1 X-20.437 Y-160.212 Z-0.940 F400.000
G1 X-20.425 Y-160.489 Z-0.950 F400.000
G1 X-20.375 Y-160.849 Z-0.962 F400.000
G1 X-20.286 Y-161.202 Z-0.975 F400.000
G1 X-20.159 Y-161.543 Z-0.988 F400.000
G1 X-16.238 Y-169.958 Z-1.312 F400.000
G1 X-16.215 Y-170.015 Z-1.314 F400.000
G1 X-16.210 Y-170.031 Z-1.315 F400.000
G1 X-16.207 Y-170.049 Z-1.315 F400.000
G1 X-16.204 Y-170.109 Z-1.317 F400.000
G1 X-16.204 Y-173.000 Z-1.418 F400.000
G1 X-16.215 Y-173.109 Z-1.422 F400.000
G1 X-16.224 Y-173.138 Z-1.423 F400.000
G1 X-16.238 Y-173.164 Z-1.424 F400.000
G1 X-16.257 Y-173.188 Z-1.425 F400.000
G1 X-16.281 Y-173.207 Z-1.426 F400.000
G1 X-16.307 Y-173.222 Z-1.428 F400.000
G1 X-16.336 Y-173.230 Z-1.429 F400.000
G1 X-16.445 Y-173.241 Z-1.432 F400.000
G1 X-17.850 Y-173.241 Z-1.481 F400.000
G1 X-18.057 Y-173.255 Z-1.489 F400.000
G1 X-18.316 Y-173.289 Z-1.498 F400.000
G1 X-18.716 Y-173.396 Z-1.512 F400.000
G1 X-18.958 Y-173.496 Z-1.521 F400.000
G1 X-19.316 Y-173.703 Z-1.536 F400.000
G1 X-19.524 Y-173.862 Z-1.545 F400.000
G1 X-19.817 Y-174.155 Z-1.559 F400.000
G1 X-19.975 Y-174.362 Z-1.569 F400.000
G1 X-20.183 Y-174.721 Z-1.583 F400.000
G1 X-20.283 Y-174.962 Z-1.592 F400.000
G1 X-20.390 Y-175.362 Z-1.607 F400.000
G1 X-20.424 Y-175.621 Z-1.616 F400.000
G1 X-20.437 Y-175.828 Z-1.623 F400.000
G1 X-20.437 Y-198.696 Z-2.422 F400.000
G1 X-20.425 Y-198.973 Z-2.431 F400.000
G1 X-20.375 Y-199.333 Z-2.444 F400.000
G1 X-20.286 Y-199.686 Z-2.457 F400.000
G1 X-20.159 Y-200.027 Z-2.469 F400.000
G1 X-16.238 Y-208.442 Z-2.794 F400.000
G1 X-16.215 Y-208.499 Z-2.796 F400.000
G1 X-16.210 Y-208.515 Z-2.796 F400.000
G1 X-16.207 Y-208.533 Z-2.797 F400.000
G1 X-16.204 Y-208.593 Z-2.799 F400.000
G1 X-16.204 Y-211.485 Z-2.900 F400.000
G1 X-16.215 Y-211.593 Z-2.904 F400.000
G1 X-16.224 Y-211.622 Z-2.905 F400.000
G1 X-16.238 Y-211.649 Z-2.906 F400.000
G1 X-16.257 Y-211.672 Z-2.907 F400.000
G1 X-16.281 Y-211.691 Z-2.908 F400.000
G1 X-16.307 Y-211.706 Z-2.909 F400.000
G1 X-16.336 Y-211.714 Z-2.910 F400.000
G1 X-16.445 Y-211.725 Z-2.914 F400.000
G1 X-17.850 Y-211.725 Z-2.963 F400.000
G1 X-18.057 Y-211.739 Z-2.970 F400.000
G1 X-18.316 Y-211.773 Z-2.979 F400.000
G1 X-18.716 Y-211.880 Z-2.994 F400.000
G1 X-18.958 Y-211.980 Z-3.003 F400.000
G1 X-19.316 Y-212.187 Z-3.017 F400.000
G1 X-19.524 Y-212.346 Z-3.027 F400.000
G1 X-19.817 Y-212.639 Z-3.041 F400.000
G1 X-19.975 Y-212.846 Z-3.050 F400.000
G1 X-20.183 Y-213.205 Z-3.065 F400.000
G1 X-20.283 Y-213.446 Z-3.074 F400.000
G1 X-20.390 Y-213.846 Z-3.088 F400.000
G1 X-20.424 Y-214.105 Z-3.097 F400.000
G1 X-20.437 Y-214.313 Z-3.105 F400.000
G1 X-20.437 Y-228.500 Z-3.600 F400.000
G1 X-20.437 Y-214.313 Z-3.600 F400.000
G1 X-20.424 Y-214.105 Z-3.600 F400.000
G1 X-20.390 Y-213.846 Z-3.600 F400.000
G1 X-20.283 Y-213.446 Z-3.600 F400.000
G1 X-20.183 Y-213.205 Z-3.600 F400.000
G1 X-19.975 Y-212.846 Z-3.600 F400.000
G1 X-19.817 Y-212.639 Z-3.600 F400.000
G1 X-19.524 Y-212.346 Z-3.600 F400.000
G1 X-19.316 Y-212.187 Z-3.600 F400.000
G1 X-18.958 Y-211.980 Z-3.600 F400.000
G1 X-18.716 Y-211.880 Z-3.600 F400.000
G1 X-18.316 Y-211.773 Z-3.600 F400.000
G1 X-18.057 Y-211.739 Z-3.600 F400.000
G1 X-17.850 Y-211.725 Z-3.600 F400.000
G1 X-16.445 Y-211.725 Z-3.600 F400.000
G1 X-16.336 Y-211.714 Z-3.600 F400.000
G1 X-16.307 Y-211.706 Z-3.600 F400.000
G1 X-16.281 Y-211.691 Z-3.600 F400.000
G1 X-16.257 Y-211.672 Z-3.600 F400.000
G1 X-16.238 Y-211.649 Z-3.600 F400.000
G1 X-16.224 Y-211.622 Z-3.600 F400.000
G1 X-16.215 Y-211.593 Z-3.600 F400.000
G1 X-16.204 Y-211.485 Z-3.600 F400.000
G1 X-16.204 Y-208.593 Z-3.600 F400.000
G1 X-16.207 Y-208.533 Z-3.600 F400.000
G1 X-16.210 Y-208.515 Z-3.600 F400.000
G1 X-16.215 Y-208.499 Z-3.600 F400.000
G1 X-16.238 Y-208.442 Z-3.600 F400.000
G1 X-20.159 Y-200.027 Z-3.600 F400.000
G1 X-20.286 Y-199.686 Z-3.600 F400.000
G1 X-20.375 Y-199.333 Z-3.600 F400.000
G1 X-20.425 Y-198.973 Z-3.600 F400.000
G1 X-20.437 Y-198.696 Z-3.600 F400.000
G1 X-20.437 Y-175.828 Z-3.600 F400.000
G1 X-20.424 Y-175.621 Z-3.600 F400.000
G1 X-20.390 Y-175.362 Z-3.600 F400.000
G1 X-20.283 Y-174.962 Z-3.600 F400.000
G1 X-20.183 Y-174.721 Z-3.600 F400.000
G1 X-19.975 Y-174.362 Z-3.600 F400.000
G1 X-19.817 Y-174.155 Z-3.600 F400.000
G1 X-19.524 Y-173.862 Z-3.600 F400.000
G1 X-19.316 Y-173.703 Z-3.600 F400.000
G1 X-18.958 Y-173.496 Z-3.600 F400.000
G1 X-18.716 Y-173.396 Z-3.600 F400.000
G1 X-18.316 Y-173.289 Z-3.600 F400.000
G1 X-18.057 Y-173.255 Z-3.600 F400.000
G1 X-17.850 Y-173.241 Z-3.600 F400.000
G1 X-16.445 Y-173.241 Z-3.600 F400.000
G1 X-16.336 Y-173.230 Z-3.600 F400.000
G1 X-16.307 Y-173.222 Z-3.600 F400.000
G1 X-16.281 Y-173.207 Z-3.600 F400.000
G1 X-16.257 Y-173.188 Z-3.600 F400.000
G1 X-16.238 Y-173.164 Z-3.600 F400.000
G1 X-16.224 Y-173.138 Z-3.600 F400.000
G1 X-16.215 Y-173.109 Z-3.600 F400.000
G1 X-16.204 Y-173.000 Z-3.600 F400.000
G1 X-16.204 Y-170.109 Z-3.600 F400.000
G1 X-16.207 Y-170.049 Z-3.600 F400.000
G1 X-16.210 Y-170.031 Z-3.600 F400.000
G1 X-16.215 Y-170.015 Z-3.600 F400.000
G1 X-16.238 Y-169.958 Z-3.600 F400.000
G1 X-20.159 Y-161.543 Z-3.600 F400.000
G1 X-20.286 Y-161.202 Z-3.600 F400.000
G1 X-20.375 Y-160.849 Z-3.600 F400.000
G1 X-20.425 Y-160.489 Z-3.600 F400.000
G1 X-20.437 Y-160.212 Z-3.600 F400.000
G1 X-20.437 Y-137.344 Z-3.600 F400.000
G1 X-20.424 Y-137.137 Z-3.600 F400.000
G1 X-20.390 Y-136.878 Z-3.600 F400.000
G1 X-20.283 Y-136.478 Z-3.600 F400.000
G1 X-20.183 Y-136.237 Z-3.600 F400.000
G1 X-19.975 Y-135.878 Z-3.600 F400.000
G1 X-19.817 Y-135.671 Z-3.600 F400.000
G1 X-19.524 Y-135.378 Z-3.600 F400.000
G1 X-19.316 Y-135.219 Z-3.600 F400.000
G1 X-18.958 Y-135.012 Z-3.600 F400.000
G1 X-18.716 Y-134.912 Z-3.600 F400.000
G1 X-18.316 Y-134.805 Z-3.600 F400.000
G1 X-18.057 Y-134.771 Z-3.600 F400.000
G1 X-17.850 Y-134.757 Z-3.600 F400.000
G1 X-16.445 Y-134.757 Z-3.600 F400.000
G1 X-16.336 Y-134.746 Z-3.600 F400.000
G1 X-16.307 Y-134.738 Z-3.600 F400.000
G1 X-16.281 Y-134.723 Z-3.600 F400.000
G1 X-16.257 Y-134.704 Z-3.600 F400.000
G1 X-16.238 Y-134.680 Z-3.600 F400.000
G1 X-16.224 Y-134.654 Z-3.600 F400.000
G1 X-16.215 Y-134.625 Z-3.600 F400.000
G1 X-16.204 Y-134.516 Z-3.600 F400.000
G1 X-16.204 Y-131.625 Z-3.600 F400.000
G1 X-16.207 Y-131.565 Z-3.600 F400.000
G1 X-16.210 Y-131.547 Z-3.600 F400.000
G1 X-16.215 Y-131.531 Z-3.600 F400.000
G1 X-16.238 Y-131.474 Z-3.600 F400.000
G1 X-20.159 Y-123.059 Z-3.600 F400.000
G1 X-20.286 Y-122.718 Z-3.600 F400.000
G1 X-20.375 Y-122.365 Z-3.600 F400.000
G1 X-20.425 Y-122.005 Z-3.600 F400.000
G1 X-20.437 Y-121.728 Z-3.600 F400.000
G1 X-20.437 Y-98.860 Z-3.600 F400.000
G1 X-20.424 Y-98.653 Z-3.600 F400.000
G1 X-20.390 Y-98.394 Z-3.600 F400.000
G1 X-20.283 Y-97.994 Z-3.600 F400.000
G1 X-20.183 Y-97.753 Z-3.600 F400.000
G1 X-19.975 Y-97.394 Z-3.600 F400.000
G1 X-19.817 Y-97.187 Z-3.600 F400.000
G1 X-19.524 Y-96.894 Z-3.600 F400.000
G1 X-19.316 Y-96.735 Z-3.600 F400.000
G1 X-18.958 Y-96.528 Z-3.600 F400.000
G1 X-18.716 Y-96.428 Z-3.600 F400.000
G1 X-18.316 Y-96.321 Z-3.600 F400.000
G1 X-18.057 Y-96.287 Z-3.600 F400.000
G1 X-17.850 Y-96.273 Z-3.600 F400.000
G1 X-16.445 Y-96.273 Z-3.600 F400.000
G1 X-16.336 Y-96.262 Z-3.600 F400.000
G1 X-16.307 Y-96.253 Z-3.600 F400.000
G1 X-16.281 Y-96.239 Z-3.600 F400.000
G1 X-16.257 Y-96.220 Z-3.600 F400.000
G1 X-16.238 Y-96.196 Z-3.600 F400.000
G1 X-16.224 Y-96.170 Z-3.600 F400.000
G1 X-16.215 Y-96.141 Z-3.600 F400.000
G1 X-16.204 Y-96.032 Z-3.600 F400.000
G1 X-16.204 Y-93.141 Z-3.600 F400.000
G1 X-16.207 Y-93.081 Z-3.600 F400.000
G1 X-16.210 Y-93.063 Z-3.600 F400.000
G1 X-16.215 Y-93.046 Z-3.600 F400.000
G1 X-16.238 Y-92.990 Z-3.600 F400.000
G1 X-20.159 Y-84.575 Z-3.600 F400.000
G1 X-20.286 Y-84.234 Z-3.600 F400.000
G1 X-20.375 Y-83.881 Z-3.600 F400.000
G1 X-20.425 Y-83.521 Z-3.600 F400.000
G1 X-20.437 Y-83.244 Z-3.600 F400.000
G1 X-20.437 Y-60.376 Z-3.600 F400.000
G1 X-20.424 Y-60.169 Z-3.600 F400.000
G1 X-20.390 Y-59.910 Z-3.600 F400.000
G1 X-20.283 Y-59.510 Z-3.600 F400.000
G1 X-20.183 Y-59.269 Z-3.600 F400.000
G1 X-19.975 Y-58.910 Z-3.600 F400.000
G1 X-19.817 Y-58.703 Z-3.600 F400.000
G1 X-19.524 Y-58.410 Z-3.600 F400.000
G1 X-19.316 Y-58.251 Z-3.600 F400.000
G1 X-18.958 Y-58.044 Z-3.600 F400.000
G1 X-18.716 Y-57.944 Z-3.600 F400.000
G1 X-18.316 Y-57.837 Z-3.600 F400.000
G1 X-18.057 Y-57.803 Z-3.600 F400.000
G1 X-17.850 Y-57.789 Z-3.600 F400.000
G1 X-16.445 Y-57.789 Z-3.600 F400.000
G1 X-16.336 Y-57.778 Z-3.600 F400.000
G1 X-16.307 Y-57.769 Z-3.600 F400.000
G1 X-16.281 Y-57.755 Z-3.600 F400.000
G1 X-16.257 Y-57.736 Z-3.600 F400.000
G1 X-16.238 Y-57.712 Z-3.600 F400.000
G1 X-16.224 Y-57.686 Z-3.600 F400.000
G1 X-16.215 Y-57.657 Z-3.600 F400.000
G1 X-16.204 Y-57.548 Z-3.600 F400.000
G1 X-16.204 Y-54.657 Z-3.600 F400.000
G1 X-16.207 Y-54.597 Z-3.600 F400.000
G1 X-16.210 Y-54.579 Z-3.600 F400.000
G1 X-16.215 Y-54.562 Z-3.600 F400.000
G1 X-16.238 Y-54.506 Z-3.600 F400.000
G1 X-20.159 Y-46.091 Z-3.600 F400.000
G1 X-20.286 Y-45.750 Z-3.600 F400.000
G1 X-20.375 Y-45.397 Z-3.600 F400.000
G1 X-20.425 Y-45.037 Z-3.600 F400.000
G1 X-20.437 Y-44.760 Z-3.600 F400.000
G1 X-20.430 Y-36.124 Z-3.600 F400.000
G1 X-20.396 Y-35.783 Z-3.600 F400.000
G1 X-20.336 Y-35.477 Z-3.600 F400.000
G1 X-20.236 Y-35.149 Z-3.600 F400.000
G1 X-20.117 Y-34.862 Z-3.600 F400.000
G1 X-19.955 Y-34.559 Z-3.600 F400.000
G1 X-19.782 Y-34.300 Z-3.600 F400.000
G1 X-19.565 Y-34.035 Z-3.600 F400.000
G1 X-19.345 Y-33.815 Z-3.600 F400.000
G1 X-19.079 Y-33.597 Z-3.600 F400.000
G1 X-18.821 Y-33.424 Z-3.600 F400.000
G1 X-18.518 Y-33.263 Z-3.600 F400.000
G1 X-18.231 Y-33.144 Z-3.600 F400.000
G1 X-17.902 Y-33.044 Z-3.600 F400.000
G1 X-17.597 Y-32.983 Z-3.600 F400.000
G1 X-17.100 Y-32.942 Z-3.600 F400.000
G1 X-14.328 Y-32.942 Z-3.600 F400.000
G1 X-14.220 Y-32.931 Z-3.600 F400.000
G1 X-14.191 Y-32.923 Z-3.600 F400.000
G1 X-14.164 Y-32.908 Z-3.600 F400.000
G1 X-14.141 Y-32.889 Z-3.600 F400.000
G1 X-14.121 Y-32.866 Z-3.600 F400.000
G1 X-14.107 Y-32.839 Z-3.600 F400.000
G1 X-14.098 Y-32.810 Z-3.600 F400.000
G1 X-14.088 Y-32.702 Z-3.600 F400.000
G1 X-14.087 Y-30.995 Z-3.600 F400.000
G1 X-14.098 Y-30.887 Z-3.600 F400.000
G1 X-14.107 Y-30.858 Z-3.600 F400.000
G1 X-14.121 Y-30.831 Z-3.600 F400.000
G1 X-14.141 Y-30.808 Z-3.600 F400.000
G1 X-14.164 Y-30.788 Z-3.600 F400.000
G1 X-14.191 Y-30.774 Z-3.600 F400.000
G1 X-14.220 Y-30.765 Z-3.600 F400.000
G1 X-14.330 Y-30.754 Z-3.600 F400.000
G1 X-17.256 Y-30.747 Z-3.600 F400.000
G1 X-17.597 Y-30.713 Z-3.600 F400.000
G1 X-17.902 Y-30.653 Z-3.600 F400.000
G1 X-18.231 Y-30.553 Z-3.600 F400.000
G1 X-18.518 Y-30.434 Z-3.600 F400.000
G1 X-18.821 Y-30.272 Z-3.600 F400.000
G1 X-19.079 Y-30.099 Z-3.600 F400.000
G1 X-19.345 Y-29.882 Z-3.600 F400.000
G1 X-19.565 Y-29.662 Z-3.600 F400.000
G1 X-19.782 Y-29.396 Z-3.600 F400.000
G1 X-19.955 Y-29.138 Z-3.600 F400.000
G1 X-20.117 Y-28.835 Z-3.600 F400.000
G1 X-20.236 Y-28.548 Z-3.600 F400.000
G1 X-20.336 Y-28.219 Z-3.600 F400.000
G1 X-20.396 Y-27.914 Z-3.600 F400.000
G1 X-20.437 Y-27.417 Z-3.600 F400.000
G1 X-20.437 Y-3.500 Z-3.600 F400.000
G0 X-20.437 Y-3.500 Z5.000
G0 X-20.437 Y-228.500 Z5.000
G0 X-20.437 Y-228.500 Z3.000
G1 X-20.437 Y-214.313 Z2.505 F400.000
G1 X-20.424 Y-214.105 Z2.497 F400.000
G1 X-20.390 Y-213.846 Z2.488 F400.000
G1 X-20.283 Y-213.446 Z2.474 F400.000
G1 X-20.183 Y-213.205 Z2.465 F400.000
G1 X-19.975 Y-212.846 Z2.450 F400.000
G1 X-19.817 Y-212.639 Z2.441 F400.000
G1 X-19.524 Y-212.346 Z2.427 F400.000
G1 X-19.316 Y-212.187 Z2.417 F400.000
G1 X-18.958 Y-211.980 Z2.403 F400.000
G1 X-18.716 Y-211.880 Z2.394 F400.000
G1 X-18.316 Y-211.773 Z2.379 F400.000
G1 X-18.057 Y-211.739 Z2.370 F400.000
G1 X-17.850 Y-211.725 Z2.363 F400.000
G1 X-16.445 Y-211.725 Z2.314 F400.000
G1 X-16.336 Y-211.714 Z2.310 F400.000
G1 X-16.307 Y-211.706 Z2.309 F400.000
G1 X-16.281 Y-211.691 Z2.308 F400.000
G1 X-16.257 Y-211.672 Z2.307 F400.000
G1 X-16.238 Y-211.649 Z2.306 F400.000
G1 X-16.224 Y-211.622 Z2.305 F400.000
G1 X-16.215 Y-211.593 Z2.304 F400.000
G1 X-16.204 Y-211.485 Z2.300 F400.000
G1 X-16.204 Y-208.593 Z2.199 F400.000
G1 X-16.207 Y-208.533 Z2.197 F400.000
G1 X-16.210 Y-208.515 Z2.196 F400.000
G1 X-16.215 Y-208.499 Z2.196 F400.000
G1 X-16.238 Y-208.442 Z2.194 F400.000
G1 X-20.159 Y-200.027 Z1.869 F400.000
G1 X-20.286 Y-199.686 Z1.857 F400.000
G1 X-20.375 Y-199.333 Z1.844 F400.000
G1 X-20.425 Y-198.973 Z1.831 F400.000
G1 X-20.437 Y-198.696 Z1.822 F400.000
G1 X-20.437 Y-175.828 Z1.023 F400.000
G1 X-20.424 Y-175.621 Z1.016 F400.000
G1 X-20.390 Y-175.362 Z1.007 F400.000
G1 X-20.283 Y-174.962 Z0.992 F400.000
G1 X-20.183 Y-174.721 Z0.983 F400.000
G1 X-19.975 Y-174.362 Z0.969 F400.000
G1 X-19.817 Y-174.155 Z0.959 F400.000
G1 X-19.524 Y-173.862 Z0.945 F400.000
G1 X-19.316 Y-173.703 Z0.936 F400.000
G1 X-18.958 Y-173.496 Z0.921 F400.000
G1 X-18.716 Y-173.396 Z0.912 F400.000
G1 X-18.316 Y-173.289 Z0.898 F400.000
G1 X-18.057 Y-173.255 Z0.889 F400.000
G1 X-17.850 Y-173.241 Z0.881 F400.000
G1 X-16.445 Y-173.241 Z0.832 F400.000
G1 X-16.336 Y-173.230 Z0.829 F400.000
G1 X-16.307 Y-173.222 Z0.828 F400.000
G1 X-16.281 Y-173.207 Z0.826 F400.000
G1 X-16.257 Y-173.188 Z0.825 F400.000
G1 X-16.238 Y-173.164 Z0.824 F400.000
G1 X-16.224 Y-173.138 Z0.823 F400.000
G1 X-16.215 Y-173.109 Z0.822 F400.000
G1 X-16.204 Y-173.000 Z0.818 F400.000
G1 X-16.204 Y-170.109 Z0.717 F400.000
G1 X-16.207 Y-170.049 Z0.715 F400.000
G1 X-16.210 Y-170.031 Z0.715 F400.000
G1 X-16.215 Y-170.015 Z0.714 F400.000
G1 X-16.238 Y-169.958 Z0.712 F400.000
G1 X-20.159 Y-161.543 Z0.388 F400.000
G1 X-20.286 Y-161.202 Z0.375 F400.000
G1 X-20.375 Y-160.849 Z0.362 F400.000
G1 X-20.425 Y-160.489 Z0.350 F400.000
G1 X-20.437 Y-160.212 Z0.340 F400.000
G1 X-20.437 Y-139.021 Z-0.400 F400.000
G1 X-20.437 Y-160.212 Z-1.140 F400.000
G1 X-20.425 Y-160.489 Z-1.150 F400.000
G1 X-20.375 Y-160.849 Z-1.162 F400.000
G1 X-20.286 Y-161.202 Z-1.175 F400.000
G1 X-20.159 Y-161.543 Z-1.188 F400.000
G1 X-16.238 Y-169.958 Z-1.512 F400.000
G1 X-16.215 Y-170.015 Z-1.514 F400.000
G1 X-16.210 Y-170.031 Z-1.515 F400.000
G1 X-16.207 Y-170.049 Z-1.515 F400.000
G1 X-16.204 Y-170.109 Z-1.517 F400.000
G1 X-16.204 Y-173.000 Z-1.618 F400.000
G1 X-16.215 Y-173.109 Z-1.622 F400.000
G1 X-16.224 Y-173.138 Z-1.623 F400.000
G1 X-16.238 Y-173.164 Z-1.624 F400.000
G1 X-16.257 Y-173.188 Z-1.625 F400.000
G1 X-16.281 Y-173.207 Z-1.626 F400.000
G1 X-16.307 Y-173.222 Z-1.628 F400.000
G1 X-16.336 Y-173.230 Z-1.629 F400.000
G1 X-16.445 Y-173.241 Z-1.632 F400.000
G1 X-17.850 Y-173.241 Z-1.681 F400.000
G1 X-18.057 Y-173.255 Z-1.689 F400.000
G1 X-18.316 Y-173.289 Z-1.698 F400.000
G1 X-18.716 Y-173.396 Z-1.712 F400.000
G1 X-18.958 Y-173.496 Z-1.721 F400.000
G1 X-19.316 Y-173.703 Z-1.736 F400.000
G1 X-19.524 Y-173.862 Z-1.745 F400.000
G1 X-19.817 Y-174.155 Z-1.759 F400.000
G1 X-19.975 Y-174.362 Z-1.769 F400.000
G1 X-20.183 Y-174.721 Z-1.783 F400.000
G1 X-20.283 Y-174.962 Z-1.792 F400.000
G1 X-20.390 Y-175.362 Z-1.807 F400.000
G1 X-20.424 Y-175.621 Z-1.816 F400.000
G1 X-20.437 Y-175.828 Z-1.823 F400.000
G1 X-20.437 Y-198.696 Z-2.622 F400.000
G1 X-20.425 Y-198.973 Z-2.631 F400.000
G1 X-20.375 Y-199.333 Z-2.644 F400.000
G1 X-20.286 Y-199.686 Z-2.657 F400.000
G1 X-20.159 Y-200.027 Z-2.669 F400.000
G1 X-16.238 Y-208.442 Z-2.994 F400.000
G1 X-16.215 Y-208.499 Z-2.996 F400.000
G1 X-16.210 Y-208.515 Z-2.996 F400.000
G1 X-16.207 Y-208.533 Z-2.997 F400.000
G1 X-16.204 Y-208.593 Z-2.999 F400.000
G1 X-16.204 Y-211.485 Z-3.100 F400.000
G1 X-16.215 Y-211.593 Z-3.104 F400.000
G1 X-16.224 Y-211.622 Z-3.105 F400.000
G1 X-16.238 Y-211.649 Z-3.106 F400.000
G1 X-16.257 Y-211.672 Z-3.107 F400.000
G1 X-16.281 Y-211.691 Z-3.108 F400.000
G1 X-16.307 Y-211.706 Z-3.109 F400.000
G1 X-16.336 Y-211.714 Z-3.110 F400.000
G1 X-16.445 Y-211.725 Z-3.114 F400.000
G1 X-17.850 Y-211.725 Z-3.163 F400.000
G1 X-18.057 Y-211.739 Z-3.170 F400.000
G1 X-18.316 Y-211.773 Z-3.179 F400.000
G1 X-18.716 Y-211.880 Z-3.194 F400.000
G1 X-18.958 Y-211.980 Z-3.203 F400.000
G1 X-19.316 Y-212.187 Z-3.217 F400.000
G1 X-19.524 Y-212.346 Z-3.227 F400.000
G1 X-19.817 Y-212.639 Z-3.241 F400.000
G1 X-19.975 Y-212.846 Z-3.250 F400.000
G1 X-20.183 Y-213.205 Z-3.265 F400.000
G1 X-20.283 Y-213.446 Z-3.274 F400.000
G1 X-20.390 Y-213.846 Z-3.288 F400.000
G1 X-20.424 Y-214.105 Z-3.297 F400.000
G1 X-20.437 Y-214.313 Z-3.305 F400.000
G1 X-20.437 Y-228.500 Z-3.800 F400.000
G1 X-20.437 Y-214.313 Z-3.800 F400.000
G1 X-20.424 Y-214.105 Z-3.800 F400.000
G1 X-20.390 Y-213.846 Z-3.800 F400.000
G1 X-20.283 Y-213.446 Z-3.800 F400.000
G1 X-20.183 Y-213.205 Z-3.800 F400.000
G1 X-19.975 Y-212.846 Z-3.800 F400.000
G1 X-19.817 Y-212.639 Z-3.800 F400.000
G1 X-19.524 Y-212.346 Z-3.800 F400.000
G1 X-19.316 Y-212.187 Z-3.800 F400.000
G1 X-18.958 Y-211.980 Z-3.800 F400.000
G1 X-18.716 Y-211.880 Z-3.800 F400.000
G1 X-18.316 Y-211.773 Z-3.800 F400.000
G1 X-18.057 Y-211.739 Z-3.800 F400.000
G1 X-17.850 Y-211.725 Z-3.800 F400.000
G1 X-16.445 Y-211.725 Z-3.800 F400.000
G1 X-16.336 Y-211.714 Z-3.800 F400.000
G1 X-16.307 Y-211.706 Z-3.800 F400.000
G1 X-16.281 Y-211.691 Z-3.800 F400.000
G1 X-16.257 Y-211.672 Z-3.800 F400.000
G1 X-16.238 Y-211.649 Z-3.800 F400.000
G1 X-16.224 Y-211.622 Z-3.800 F400.000
G1 X-16.215 Y-211.593 Z-3.800 F400.000
G1 X-16.204 Y-211.485 Z-3.800 F400.000
G1 X-16.204 Y-208.593 Z-3.800 F400.000
G1 X-16.207 Y-208.533 Z-3.800 F400.000
G1 X-16.210 Y-208.515 Z-3.800 F400.000
G1 X-16.215 Y-208.499 Z-3.800 F400.000
G1 X-16.238 Y-208.442 Z-3.800 F400.000
G1 X-20.159 Y-200.027 Z-3.800 F400.000
G1 X-20.286 Y-199.686 Z-3.800 F400.000
G1 X-20.375 Y-199.333 Z-3.800 F400.000
G1 X-20.425 Y-198.973 Z-3.800 F400.000
G1 X-20.437 Y-198.696 Z-3.800 F400.000
G1 X-20.437 Y-175.828 Z-3.800 F400.000
G1 X-20.424 Y-175.621 Z-3.800 F400.000
G1 X-20.390 Y-175.362 Z-3.800 F400.000
G1 X-20.283 Y-174.962 Z-3.800 F400.000
G1 X-20.183 Y-174.721 Z-3.800 F400.000
G1 X-19.975 Y-174.362 Z-3.800 F400.000
G1 X-19.817 Y-174.155 Z-3.800 F400.000
G1 X-19.524 Y-173.862 Z-3.800 F400.000
G1 X-19.316 Y-173.703 Z-3.800 F400.000
G1 X-18.958 Y-173.496 Z-3.800 F400.000
G1 X-18.716 Y-173.396 Z-3.800 F400.000
G1 X-18.316 Y-173.289 Z-3.800 F400.000
G1 X-18.057 Y-173.255 Z-3.800 F400.000
G1 X-17.850 Y-173.241 Z-3.800 F400.000
G1 X-16.445 Y-173.241 Z-3.800 F400.000
G1 X-16.336 Y-173.230 Z-3.800 F400.000
G1 X-16.307 Y-173.222 Z-3.800 F400.000
G1 X-16.281 Y-173.207 Z-3.800 F400.000
G1 X-16.257 Y-173.188 Z-3.800 F400.000
G1 X-16.238 Y-173.164 Z-3.800 F400.000
G1 X-16.224 Y-173.138 Z-3.800 F400.000
G1 X-16.215 Y-173.109 Z-3.800 F400.000
G1 X-16.204 Y-173.000 Z-3.800 F400.000
G1 X-16.204 Y-170.109 Z-3.800 F400.000
G1 X-16.207 Y-170.049 Z-3.800 F400.000
G1 X-16.210 Y-170.031 Z-3.800 F400.000
G1 X-16.215 Y-170.015 Z-3.800 F400.000
G1 X-16.238 Y-169.958 Z-3.800 F400.000
G1 X-20.159 Y-161.543 Z-3.800 F400.000
G1 X-20.286 Y-161.202 Z-3.800 F400.000
G1 X-20.375 Y-160.849 Z-3.800 F400.000
G1 X-20.425 Y-160.489 Z-3.800 F400.000
G1 X-20.437 Y-160.212 Z-3.800 F400.000
G1 X-20.437 Y-137.344 Z-3.800 F400.000
G1 X-20.424 Y-137.137 Z-3.800 F400.000
G1 X-20.390 Y-136.878 Z-3.800 F400.000
G1 X-20.283 Y-136.478 Z-3.800 F400.000
G1 X-20.183 Y-136.237 Z-3.800 F400.000
G1 X-19.975 Y-135.878 Z-3.800 F400.000
G1 X-19.817 Y-135.671 Z-3.800 F400.000
G1 X-19.524 Y-135.378 Z-3.800 F400.000
G1 X-19.316 Y-135.219 Z-3.800 F400.000
G1 X-18.958 Y-135.012 Z-3.800 F400.000
G1 X-18.716 Y-134.912 Z-3.800 F400.000
G1 X-18.316 Y-134.805 Z-3.800 F400.000
G1 X-18.057 Y-134.771 Z-3.800 F400.000
G1 X-17.850 Y-134.757 Z-3.800 F400.000
G1 X-16.445 Y-134.757 Z-3.800 F400.000
G1 X-16.336 Y-134.746 Z-3.800 F400.000
G1 X-16.307 Y-134.738 Z-3.800 F400.000
G1 X-16.281 Y-134.723 Z-3.800 F400.000
G1 X-16.257 Y-134.704 Z-3.800 F400.000
G1 X-16.238 Y-134.680 Z-3.800 F400.000
G1 X-16.224 Y-134.654 Z-3.800 F400.000
G1 X-16.215 Y-134.625 Z-3.800 F400.000
G1 X-16.204 Y-134.516 Z-3.800 F400.000
G1 X-16.204 Y-131.625 Z-3.800 F400.000
G1 X-16.207 Y-131.565 Z-3.800 F400.000
G1 X-16.210 Y-131.547 Z-3.800 F400.000
G1 X-16.215 Y-131.531 Z-3.800 F400.000
G1 X-16.238 Y-131.474 Z-3.800 F400.000
G1 X-20.159 Y-123.059 Z-3.800 F400.000
G1 X-20.286 Y-122.718 Z-3.800 F400.000
G1 X-20.375 Y-122.365 Z-3.800 F400.000
G1 X-20.425 Y-122.005 Z-3.800 F400.000
G1 X-20.437 Y-121.728 Z-3.800 F400.000
G1 X-20.437 Y-98.860 Z-3.800 F400.000
G1 X-20.424 Y-98.653 Z-3.800 F400.000
G1 X-20.390 Y-98.394 Z-3.800 F400.000
G1 X-20.283 Y-97.994 Z-3.800 F400.000
G1 X-20.183 Y-97.753 Z-3.800 F400.000
G1 X-19.975 Y-97.394 Z-3.800 F400.000
G1 X-19.817 Y-97.187 Z-3.800 F400.000
G1 X-19.524 Y-96.894 Z-3.800 F400.000
G1 X-19.316 Y-96.735 Z-3.800 F400.000
G1 X-18.958 Y-96.528 Z-3.800 F400.000
G1 X-18.716 Y-96.428 Z-3.800 F400.000
G1 X-18.316 Y-96.321 Z-3.800 F400.000
G1 X-18.057 Y-96.287 Z-3.800 F400.000
G1 X-17.850 Y-96.273 Z-3.800 F400.000
G1 X-16.445 Y-96.273 Z-3.800 F400.000
G1 X-16.336 Y-96.262 Z-3.800 F400.000
G1 X-16.307 Y-96.253 Z-3.800 F400.000
G1 X-16.281 Y-96.239 Z-3.800 F400.000
G1 X-16.257 Y-96.220 Z-3.800 F400.000
G1 X-16.238 Y-96.196 Z-3.800 F400.000
G1 X-16.224 Y-96.170 Z-3.800 F400.000
G1 X-16.215 Y-96.141 Z-3.800 F400.000
G1 X-16.204 Y-96.032 Z-3.800 F400.000
G1 X-16.204 Y-93.141 Z-3.800 F400.000
G1 X-16.207 Y-93.081 Z-3.800 F400.000
G1 X-16.210 Y-93.063 Z-3.800 F400.000
G1 X-16.215 Y-93.046 Z-3.800 F400.000
G1 X-16.238 Y-92.990 Z-3.800 F400.000
G1 X-20.159 Y-84.575 Z-3.800 F400.000
G1 X-20.286 Y-84.234 Z-3.800 F400.000
G1 X-20.375 Y-83.881 Z-3.800 F400.000
G1 X-20.425 Y-83.521 Z-3.800 F400.000
G1 X-20.437 Y-83.244 Z-3.800 F400.000
G1 X-20.437 Y-60.376 Z-3.800 F400.000
G1 X-20.424 Y-60.169 Z-3.800 F400.000
G1 X-20.390 Y-59.910 Z-3.800 F400.000
G1 X-20.283 Y-59.510 Z-3.800 F400.000
G1 X-20.183 Y-59.269 Z-3.800 F400.000
G1 X-19.975 Y-58.910 Z-3.800 F400.000
G1 X-19.817 Y-58.703 Z-3.800 F400.000
G1 X-19.524 Y-58.410 Z-3.800 F400.000
G1 X-19.316 Y-58.251 Z-3.800 F400.000
G1 X-18.958 Y-58.044 Z-3.800 F400.000
G1 X-18.716 Y-57.944 Z-3.800 F400.000
G1 X-18.316 Y-57.837 Z-3.800 F400.000
G1 X-18.057 Y-57.803 Z-3.800 F400.000
G1 X-17.850 Y-57.789 Z-3.800 F400.000
G1 X-16.445 Y-57.789 Z-3.800 F400.000
G1 X-16.336 Y-57.778 Z-3.800 F400.000
G1 X-16.307 Y-57.769 Z-3.800 F400.000
G1 X-16.281 Y-57.755 Z-3.800 F400.000
G1 X-16.257 Y-57.736 Z-3.800 F400.000
G1 X-16.238 Y-57.712 Z-3.800 F400.000
G1 X-16.224 Y-57.686 Z-3.800 F400.000
G1 X-16.215 Y-57.657 Z-3.800 F400.000
G1 X-16.204 Y-57.548 Z-3.800 F400.000
G1 X-16.204 Y-54.657 Z-3.800 F400.000
G1 X-16.207 Y-54.597 Z-3.800 F400.000
G1 X-16.210 Y-54.579 Z-3.800 F400.000
G1 X-16.215 Y-54.562 Z-3.800 F400.000
G1 X-16.238 Y-54.506 Z-3.800 F400.000
G1 X-20.159 Y-46.091 Z-3.800 F400.000
G1 X-20.286 Y-45.750 Z-3.800 F400.000
G1 X-20.375 Y-45.397 Z-3.800 F400.000
G1 X-20.425 Y-45.037 Z-3.800 F400.000
G1 X-20.437 Y-44.760 Z-3.800 F400.000
G1 X-20.430 Y-36.124 Z-3.800 F400.000
G1 X-20.396 Y-35.783 Z-3.800 F400.000
G1 X-20.336 Y-35.477 Z-3.800 F400.000
G1 X-20.236 Y-35.149 Z-3.800 F400.000
G1 X-20.117 Y-34.862 Z-3.800 F400.000
G1 X-19.955 Y-34.559 Z-3.800 F400.000
G1 X-19.782 Y-34.300 Z-3.800 F400.000
G1 X-19.565 Y-34.035 Z-3.800 F400.000
G1 X-19.345 Y-33.815 Z-3.800 F400.000
G1 X-19.079 Y-33.597 Z-3.800 F400.000
G1 X-18.821 Y-33.424 Z-3.800 F400.000
G1 X-18.518 Y-33.263 Z-3.800 F400.000
G1 X-18.231 Y-33.144 Z-3.800 F400.000
G1 X-17.902 Y-33.044 Z-3.800 F400.000
G1 X-17.597 Y-32.983 Z-3.800 F400.000
G1 X-17.100 Y-32.942 Z-3.800 F400.000
G1 X-14.328 Y-32.942 Z-3.800 F400.000
G1 X-14.220 Y-32.931 Z-3.800 F400.000
G1 X-14.191 Y-32.923 Z-3.800 F400.000
G1 X-14.164 Y-32.908 Z-3.800 F400.000
G1 X-14.141 Y-32.889 Z-3.800 F400.000
G1 X-14.121 Y-32.866 Z-3.800 F400.000
G1 X-14.107 Y-32.839 Z-3.800 F400.000
G1 X-14.098 Y-32.810 Z-3.800 F400.000
G1 X-14.088 Y-32.702 Z-3.800 F400.000
G1 X-14.087 Y-30.995 Z-3.800 F400.000
G1 X-14.098 Y-30.887 Z-3.800 F400.000
G1 X-14.107 Y-30.858 Z-3.800 F400.000
G1 X-14.121 Y-30.831 Z-3.800 F400.000
G1 X-14.141 Y-30.808 Z-3.800 F400.000
G1 X-14.164 Y-30.788 Z-3.800 F400.000
G1 X-14.191 Y-30.774 Z-3.800 F400.000
G1 X-14.220 Y-30.765 Z-3.800 F400.000
G1 X-14.330 Y-30.754 Z-3.800 F400.000
G1 X-17.256 Y-30.747 Z-3.800 F400.000
G1 X-17.597 Y-30.713 Z-3.800 F400.000
G1 X-17.902 Y-30.653 Z-3.800 F400.000
G1 X-18.231 Y-30.553 Z-3.800 F400.000
G1 X-18.518 Y-30.434 Z-3.800 F400.000
G1 X-18.821 Y-30.272 Z-3.800 F400.000
G1 X-19.079 Y-30.099 Z-3.800 F400.000
G1 X-19.345 Y-29.882 Z-3.800 F400.000
G1 X-19.565 Y-29.662 Z-3.800 F400.000
G1 X-19.782 Y-29.396 Z-3.800 F400.000
G1 X-19.955 Y-29.138 Z-3.800 F400.000
G1 X-20.117 Y-28.835 Z-3.800 F400.000
G1 X-20.236 Y-28.548 Z-3.800 F400.000
G1 X-20.336 Y-28.219 Z-3.800 F400.000
G1 X-20.396 Y-27.914 Z-3.800 F400.000
G1 X-20.437 Y-27.417 Z-3.800 F400.000
G1 X-20.437 Y-3.500 Z-3.800 F400.000
G0 X-20.437 Y-3.500 Z5.000
G0 X-20.437 Y-228.500 Z5.000
G0 X-20.437 Y-228.500 Z3.000
G1 X-20.437 Y-214.313 Z2.505 F400.000
G1 X-20.424 Y-214.105 Z2.497 F400.000
G1 X-20.390 Y-213.846 Z2.488 F400.000
G1 X-20.283 Y-213.446 Z2.474 F400.000
G1 X-20.183 Y-213.205 Z2.465 F400.000
G1 X-19.975 Y-212.846 Z2.450 F400.000
G1 X-19.817 Y-212.639 Z2.441 F400.000
G1 X-19.524 Y-212.346 Z2.427 F400.000
G1 X-19.316 Y-212.187 Z2.417 F400.000
G1 X-18.958 Y-211.980 Z2.403 F400.000
G1 X-18.716 Y-211.880 Z2.394 F400.000
G1 X-18.316 Y-211.773 Z2.379 F400.000
G1 X-18.057 Y-211.739 Z2.370 F400.000
G1 X-17.850 Y-211.725 Z2.363 F400.000
G1 X-16.445 Y-211.725 Z2.314 F400.000
G1 X-16.336 Y-211.714 Z2.310 F400.000
G1 X-16.307 Y-211.706 Z2.309 F400.000
G1 X-16.281 Y-211.691 Z2.308 F400.000
G1 X-16.257 Y-211.672 Z2.307 F400.000
G1 X-16.238 Y-211.649 Z2.306 F400.000
G1 X-16.224 Y-211.622 Z2.305 F400.000
G1 X-16.215 Y-211.593 Z2.304 F400.000
G1 X-16.204 Y-211.485 Z2.300 F400.000
G1 X-16.204 Y-208.593 Z2.199 F400.000
G1 X-16.207 Y-208.533 Z2.197 F400.000
G1 X-16.210 Y-208.515 Z2.196 F400.000
G1 X-16.215 Y-208.499 Z2.196 F400.000
G1 X-16.238 Y-208.442 Z2.194 F400.000
G1 X-20.159 Y-200.027 Z1.869 F400.000
G1 X-20.286 Y-199.686 Z1.857 F400.000
G1 X-20.375 Y-199.333 Z1.844 F400.000
G1 X-20.425 Y-198.973 Z1.831 F400.000
G1 X-20.437 Y-198.696 Z1.822 F400.000
G1 X-20.437 Y-175.828 Z1.023 F400.000
G1 X-20.424 Y-175.621 Z1.016 F400.000
G1 X-20.390 Y-175.362 Z1.007 F400.000
G1 X-20.283 Y-174.962 Z0.992 F400.000
G1 X-20.183 Y-174.721 Z0.983 F400.000
G1 X-19.975 Y-174.362 Z0.969 F400.000
G1 X-19.817 Y-174.155 Z0.959 F400.000
G1 X-19.524 Y-173.862 Z0.945 F400.000
G1 X-19.316 Y-173.703 Z0.936 F400.000
G1 X-18.958 Y-173.496 Z0.921 F400.000
G1 X-18.716 Y-173.396 Z0.912 F400.000
G1 X-18.316 Y-173.289 Z0.898 F400.000
G1 X-18.057 Y-173.255 Z0.889 F400.000
G1 X-17.850 Y-173.241 Z0.881 F400.000
G1 X-16.445 Y-173.241 Z0.832 F400.000
G1 X-16.336 Y-173.230 Z0.829 F400.000
G1 X-16.307 Y-173.222 Z0.828 F400.000
G1 X-16.281 Y-173.207 Z0.826 F400.000
G1 X-16.257 Y-173.188 Z0.825 F400.000
G1 X-16.238 Y-173.164 Z0.824 F400.000
G1 X-16.224 Y-173.138 Z0.823 F400.000
G1 X-16.215 Y-173.109 Z0.822 F400.000
G1 X-16.204 Y-173.000 Z0.818 F400.000
G1 X-16.204 Y-170.109 Z0.717 F400.000
G1 X-16.207 Y-170.049 Z0.715 F400.000
G1 X-16.210 Y-170.031 Z0.715 F400.000
G1 X-16.215 Y-170.015 Z0.714 F400.000
G1 X-16.238 Y-169.958 Z0.712 F400.000
G1 X-20.159 Y-161.543 Z0.388 F400.000
G1 X-20.286 Y-161.202 Z0.375 F400.000
G1 X-20.375 Y-160.849 Z0.362 F400.000
G1 X-20.425 Y-160.489 Z0.350 F400.000
G1 X-20.437 Y-160.212 Z0.340 F400.000
G1 X-20.437 Y-137.344 Z-0.459 F400.000
G1 X-20.424 Y-137.137 Z-0.466 F400.000
G1 X-20.390 Y-136.878 Z-0.475 F400.000
G1 X-20.283 Y-136.478 Z-0.489 F400.000
G1 X-20.183 Y-136.237 Z-0.499 F400.000
G1 X-20.161 Y-136.200 Z-0.500 F400.000
G1 X-20.183 Y-136.237 Z-0.501 F400.000
G1 X-20.283 Y-136.478 Z-0.511 F400.000
G1 X-20.390 Y-136.878 Z-0.525 F400.000
G1 X-20.424 Y-137.137 Z-0.534 F400.000
G1 X-20.437 Y-137.344 Z-0.541 F400.000
G1 X-20.437 Y-160.212 Z-1.340 F400.000
G1 X-20.425 Y-160.489 Z-1.350 F400.000
G1 X-20.375 Y-160.849 Z-1.362 F400.000
G1 X-20.286 Y-161.202 Z-1.375 F400.000
G1 X-20.159 Y-161.543 Z-1.388 F400.000
G1 X-16.238 Y-169.958 Z-1.712 F400.000
G1 X-16.215 Y-170.015 Z-1.714 F400.000
G1 X-16.210 Y-170.031 Z-1.715 F400.000
G1 X-16.207 Y-170.049 Z-1.715 F400.000
G1 X-16.204 Y-170.109 Z-1.717 F400.000
G1 X-16.204 Y-173.000 Z-1.818 F400.000
G1 X-16.215 Y-173.109 Z-1.822 F400.000
G1 X-16.224 Y-173.138 Z-1.823 F400.000
G1 X-16.238 Y-173.164 Z-1.824 F400.000
G1 X-16.257 Y-173.188 Z-1.825 F400.000
G1 X-16.281 Y-173.207 Z-1.826 F400.000
G1 X-16.307 Y-173.222 Z-1.828 F400.000
G1 X-16.336 Y-173.230 Z-1.829 F400.000
G1 X-16.445 Y-173.241 Z-1.832 F400.000
G1 X-17.850 Y-173.241 Z-1.881 F400.000
G1 X-18.057 Y-173.255 Z-1.889 F400.000
G1 X-18.316 Y-173.289 Z-1.898 F400.000
G1 X-18.716 Y-173.396 Z-1.912 F400.000
G1 X-18.958 Y-173.496 Z-1.921 F400.000
G1 X-19.316 Y-173.703 Z-1.936 F400.000
G1 X-19.524 Y-173.862 Z-1.945 F400.000
G1 X-19.817 Y-174.155 Z-1.959 F400.000
G1 X-19.975 Y-174.362 Z-1.969 F400.000
G1 X-20.183 Y-174.721 Z-1.983 F400.000
G1 X-20.283 Y-174.962 Z-1.992 F400.000
G1 X-20.390 Y-175.362 Z-2.007 F400.000
G1 X-20.424 Y-175.621 Z-2.016 F400.000
G1 X-20.437 Y-175.828 Z-2.023 F400.000
G1 X-20.437 Y-198.696 Z-2.822 F400.000
G1 X-20.425 Y-198.973 Z-2.831 F400.000
G1 X-20.375 Y-199.333 Z-2.844 F400.000
G1 X-20.286 Y-199.686 Z-2.857 F400.000
G1 X-20.159 Y-200.027 Z-2.869 F400.000
G1 X-16.238 Y-208.442 Z-3.194 F400.000
G1 X-16.215 Y-208.499 Z-3.196 F400.000
G1 X-16.210 Y-208.515 Z-3.196 F400.000
G1 X-16.207 Y-208.533 Z-3.197 F400.000
G1 X-16.204 Y-208.593 Z-3.199 F400.000
G1 X-16.204 Y-211.485 Z-3.300 F400.000
G1 X-16.215 Y-211.593 Z-3.304 F400.000
G1 X-16.224 Y-211.622 Z-3.305 F400.000
G1 X-16.238 Y-211.649 Z-3.306 F400.000
G1 X-16.257 Y-211.672 Z-3.307 F400.000
G1 X-16.281 Y-211.691 Z-3.308 F400.000
G1 X-16.307 Y-211.706 Z-3.309 F400.000
G1 X-16.336 Y-211.714 Z-3.310 F400.000
G1 X-16.445 Y-211.725 Z-3.314 F400.000
G1 X-17.850 Y-211.725 Z-3.363 F400.000
G1 X-18.057 Y-211.739 Z-3.370 F400.000
G1 X-18.316 Y-211.773 Z-3.379 F400.000
G1 X-18.716 Y-211.880 Z-3.394 F400.000
G1 X-18.958 Y-211.980 Z-3.403 F400.000
G1 X-19.316 Y-212.187 Z-3.417 F400.000
G1 X-19.524 Y-212.346 Z-3.427 F400.000
G1 X-19.817 Y-212.639 Z-3.441 F400.000
G1 X-19.975 Y-212.846 Z-3.450 F400.000
G1 X-20.183 Y-213.205 Z-3.465 F400.000
G1 X-20.283 Y-213.446 Z-3.474 F400.000
G1 X-20.390 Y-213.846 Z-3.488 F400.000
G1 X-20.424 Y-214.105 Z-3.497 F400.000
G1 X-20.437 Y-214.313 Z-3.505 F400.000
G1 X-20.437 Y-228.500 Z-4.000 F400.000
G1 X-20.437 Y-214.313 Z-4.000 F400.000
G1 X-20.424 Y-214.105 Z-4.000 F400.000
G1 X-20.390 Y-213.846 Z-4.000 F400.000
G1 X-20.283 Y-213.446 Z-4.000 F400.000
G1 X-20.183 Y-213.205 Z-4.000 F400.000
G1 X-19.975 Y-212.846 Z-4.000 F400.000
G1 X-19.817 Y-212.639 Z-4.000 F400.000
G1 X-19.524 Y-212.346 Z-4.000 F400.000
G1 X-19.316 Y-212.187 Z-4.000 F400.000
G1 X-18.958 Y-211.980 Z-4.000 F400.000
G1 X-18.716 Y-211.880 Z-4.000 F400.000
G1 X-18.316 Y-211.773 Z-4.000 F400.000
G1 X-18.057 Y-211.739 Z-4.000 F400.000
G1 X-17.850 Y-211.725 Z-4.000 F400.000
G1 X-16.445 Y-211.725 Z-4.000 F400.000
G1 X-16.336 Y-211.714 Z-4.000 F400.000
G1 X-16.307 Y-211.706 Z-4.000 F400.000
G1 X-16.281 Y-211.691 Z-4.000 F400.000
G1 X-16.257 Y-211.672 Z-4.000 F400.000
G1 X-16.238 Y-211.649 Z-4.000 F400.000
G1 X-16.224 Y-211.622 Z-4.000 F400.000
G1 X-16.215 Y-211.593 Z-4.000 F400.000
G1 X-16.204 Y-211.485 Z-4.000 F400.000
G1 X-16.204 Y-208.593 Z-4.000 F400.000
G1 X-16.207 Y-208.533 Z-4.000 F400.000
G1 X-16.210 Y-208.515 Z-4.000 F400.000
G1 X-16.215 Y-208.499 Z-4.000 F400.000
G1 X-16.238 Y-208.442 Z-4.000 F400.000
G1 X-20.159 Y-200.027 Z-4.000 F400.000
G1 X-20.286 Y-199.686 Z-4.000 F400.000
G1 X-20.375 Y-199.333 Z-4.000 F400.000
G1 X-20.425 Y-198.973 Z-4.000 F400.000
G1 X-20.437 Y-198.696 Z-4.000 F400.000
G1 X-20.437 Y-175.828 Z-4.000 F400.000
G1 X-20.424 Y-175.621 Z-4.000 F400.000
G1 X-20.390 Y-175.362 Z-4.000 F400.000
G1 X-20.283 Y-174.962 Z-4.000 F400.000
G1 X-20.183 Y-174.721 Z-4.000 F400.000
G1 X-19.975 Y-174.362 Z-4.000 F400.000
G1 X-19.817 Y-174.155 Z-4.000 F400.000
G1 X-19.524 Y-173.862 Z-4.000 F400.000
G1 X-19.316 Y-173.703 Z-4.000 F400.000
G1 X-18.958 Y-173.496 Z-4.000 F400.000
G1 X-18.716 Y-173.396 Z-4.000 F400.000
G1 X-18.316 Y-173.289 Z-4.000 F400.000
G1 X-18.057 Y-173.255 Z-4.000 F400.000
G1 X-17.850 Y-173.241 Z-4.000 F400.000
G1 X-16.445 Y-173.241 Z-4.000 F400.000
G1 X-16.336 Y-173.230 Z-4.000 F400.000
G1 X-16.307 Y-173.222 Z-4.000 F400.000
G1 X-16.281 Y-173.207 Z-4.000 F400.000
G1 X-16.257 Y-173.188 Z-4.000 F400.000
G1 X-16.238 Y-173.164 Z-4.000 F400.000
G1 X-16.224 Y-173.138 Z-4.000 F400.000
G1 X-16.215 Y-173.109 Z-4.000 F400.000
G1 X-16.204 Y-173.000 Z-4.000 F400.000
G1 X-16.204 Y-170.109 Z-4.000 F400.000
G1 X-16.207 Y-170.049 Z-4.000 F400.000
G1 X-16.210 Y-170.031 Z-4.000 F400.000
G1 X-16.215 Y-170.015 Z-4.000 F400.000
G1 X-16.238 Y-169.958 Z-4.000 F400.000
G1 X-20.159 Y-161.543 Z-4.000 F400.000
G1 X-20.286 Y-161.202 Z-4.000 F400.000
G1 X-20.375 Y-160.849 Z-4.000 F400.000
G1 X-20.425 Y-160.489 Z-4.000 F400.000
G1 X-20.437 Y-160.212 Z-4.000 F400.000
G1 X-20.437 Y-137.344 Z-4.000 F400.000
G1 X-20.424 Y-137.137 Z-4.000 F400.000
G1 X-20.390 Y-136.878 Z-4.000 F400.000
G1 X-20.283 Y-136.478 Z-4.000 F400.000
G1 X-20.183 Y-136.237 Z-4.000 F400.000
G1 X-19.975 Y-135.878 Z-4.000 F400.000
G1 X-19.817 Y-135.671 Z-4.000 F400.000
G1 X-19.524 Y-135.378 Z-4.000 F400.000
G1 X-19.316 Y-135.219 Z-4.000 F400.000
G1 X-18.958 Y-135.012 Z-4.000 F400.000
G1 X-18.716 Y-134.912 Z-4.000 F400.000
G1 X-18.316 Y-134.805 Z-4.000 F400.000
G1 X-18.057 Y-134.771 Z-4.000 F400.000
G1 X-17.850 Y-134.757 Z-4.000 F400.000
G1 X-16.445 Y-134.757 Z-4.000 F400.000
G1 X-16.336 Y-134.746 Z-4.000 F400.000
G1 X-16.307 Y-134.738 Z-4.000 F400.000
G1 X-16.281 Y-134.723 Z-4.000 F400.000
G1 X-16.257 Y-134.704 Z-4.000 F400.000
G1 X-16.238 Y-134.680 Z-4.000 F400.000
G1 X-16.224 Y-134.654 Z-4.000 F400.000
G1 X-16.215 Y-134.625 Z-4.000 F400.000
G1 X-16.204 Y-134.516 Z-4.000 F400.000
G1 X-16.204 Y-131.625 Z-4.000 F400.000
G1 X-16.207 Y-131.565 Z-4.000 F400.000
G1 X-16.210 Y-131.547 Z-4.000 F400.000
G1 X-16.215 Y-131.531 Z-4.000 F400.000
G1 X-16.238 Y-131.474 Z-4.000 F400.000
G1 X-20.159 Y-123.059 Z-4.000 F400.000
G1 X-20.286 Y-122.718 Z-4.000 F400.000
G1 X-20.375 Y-122.365 Z-4.000 F400.000
G1 X-20.425 Y-122.005 Z-4.000 F400.000
G1 X-20.437 Y-121.728 Z-4.000 F400.000
G1 X-20.437 Y-98.860 Z-4.000 F400.000
G1 X-20.424 Y-98.653 Z-4.000 F400.000
G1 X-20.390 Y-98.394 Z-4.000 F400.000
G1 X-20.283 Y-97.994 Z-4.000 F400.000
G1 X-20.183 Y-97.753 Z-4.000 F400.000
G1 X-19.975 Y-97.394 Z-4.000 F400.000
G1 X-19.817 Y-97.187 Z-4.000 F400.000
G1 X-19.524 Y-96.894 Z-4.000 F400.000
G1 X-19.316 Y-96.735 Z-4.000 F400.000
G1 X-18.958 Y-96.528 Z-4.000 F400.000
G1 X-18.716 Y-96.428 Z-4.000 F400.000
G1 X-18.316 Y-96.321 Z-4.000 F400.000
G1 X-18.057 Y-96.287 Z-4.000 F400.000
G1 X-17.850 Y-96.273 Z-4.000 F400.000
G1 X-16.445 Y-96.273 Z-4.000 F400.000
G1 X-16.336 Y-96.262 Z-4.000 F400.000
G1 X-16.307 Y-96.253 Z-4.000 F400.000
G1 X-16.281 Y-96.239 Z-4.000 F400.000
G1 X-16.257 Y-96.220 Z-4.000 F400.000
G1 X-16.238 Y-96.196 Z-4.000 F400.000
G1 X-16.224 Y-96.170 Z-4.000 F400.000
G1 X-16.215 Y-96.141 Z-4.000 F400.000
G1 X-16.204 Y-96.032 Z-4.000 F400.000
G1 X-16.204 Y-93.141 Z-4.000 F400.000
G1 X-16.207 Y-93.081 Z-4.000 F400.000
G1 X-16.210 Y-93.063 Z-4.000 F400.000
G1 X-16.215 Y-93.046 Z-4.000 F400.000
G1 X-16.238 Y-92.990 Z-4.000 F400.000
G1 X-20.159 Y-84.575 Z-4.000 F400.000
G1 X-20.286 Y-84.234 Z-4.000 F400.000
G1 X-20.375 Y-83.881 Z-4.000 F400.000
G1 X-20.425 Y-83.521 Z-4.000 F400.000
G1 X-20.437 Y-83.244 Z-4.000 F400.000
G1 X-20.437 Y-60.376 Z-4.000 F400.000
G1 X-20.424 Y-60.169 Z-4.000 F400.000
G1 X-20.390 Y-59.910 Z-4.000 F400.000
G1 X-20.283 Y-59.510 Z-4.000 F400.000
G1 X-20.183 Y-59.269 Z-4.000 F400.000
G1 X-19.975 Y-58.910 Z-4.000 F400.000
G1 X-19.817 Y-58.703 Z-4.000 F400.000
G1 X-19.524 Y-58.410 Z-4.000 F400.000
G1 X-19.316 Y-58.251 Z-4.000 F400.000
G1 X-18.958 Y-58.044 Z-4.000 F400.000
G1 X-18.716 Y-57.944 Z-4.000 F400.000
G1 X-18.316 Y-57.837 Z-4.000 F400.000
G1 X-18.057 Y-57.803 Z-4.000 F400.000
G1 X-17.850 Y-57.789 Z-4.000 F400.000
G1 X-16.445 Y-57.789 Z-4.000 F400.000
G1 X-16.336 Y-57.778 Z-4.000 F400.000
G1 X-16.307 Y-57.769 Z-4.000 F400.000
G1 X-16.281 Y-57.755 Z-4.000 F400.000
G1 X-16.257 Y-57.736 Z-4.000 F400.000
G1 X-16.238 Y-57.712 Z-4.000 F400.000
G1 X-16.224 Y-57.686 Z-4.000 F400.000
G1 X-16.215 Y-57.657 Z-4.000 F400.000
G1 X-16.204 Y-57.548 Z-4.000 F400.000
G1 X-16.204 Y-54.657 Z-4.000 F400.000
G1 X-16.207 Y-54.597 Z-4.000 F400.000
G1 X-16.210 Y-54.579 Z-4.000 F400.000
G1 X-16.215 Y-54.562 Z-4.000 F400.000
G1 X-16.238 Y-54.506 Z-4.000 F400.000
G1 X-20.159 Y-46.091 Z-4.000 F400.000
G1 X-20.286 Y-45.750 Z-4.000 F400.000
G1 X-20.375 Y-45.397 Z-4.000 F400.000
G1 X-20.425 Y-45.037 Z-4.000 F400.000
G1 X-20.437 Y-44.760 Z-4.000 F400.000
G1 X-20.430 Y-36.124 Z-4.000 F400.000
G1 X-20.396 Y-35.783 Z-4.000 F400.000
G1 X-20.336 Y-35.477 Z-4.000 F400.000
G1 X-20.236 Y-35.149 Z-4.000 F400.000
G1 X-20.117 Y-34.862 Z-4.000 F400.000
G1 X-19.955 Y-34.559 Z-4.000 F400.000
G1 X-19.782 Y-34.300 Z-4.000 F400.000
G1 X-19.565 Y-34.035 Z-4.000 F400.000
G1 X-19.345 Y-33.815 Z-4.000 F400.000
G1 X-19.079 Y-33.597 Z-4.000 F400.000
G1 X-18.821 Y-33.424 Z-4.000 F400.000
G1 X-18.518 Y-33.263 Z-4.000 F400.000
G1 X-18.231 Y-33.144 Z-4.000 F400.000
G1 X-17.902 Y-33.044 Z-4.000 F400.000
G1 X-17.597 Y-32.983 Z-4.000 F400.000
G1 X-17.100 Y-32.942 Z-4.000 F400.000
G1 X-14.328 Y-32.942 Z-4.000 F400.000
G1 X-14.220 Y-32.931 Z-4.000 F400.000
G1 X-14.191 Y-32.923 Z-4.000 F400.000
G1 X-14.164 Y-32.908 Z-4.000 F400.000
G1 X-14.141 Y-32.889 Z-4.000 F400.000
G1 X-14.121 Y-32.866 Z-4.000 F400.000
G1 X-14.107 Y-32.839 Z-4.000 F400.000
G1 X-14.098 Y-32.810 Z-4.000 F400.000
G1 X-14.088 Y-32.702 Z-4.000 F400.000
G1 X-14.087 Y-30.995 Z-4.000 F400.000
G1 X-14.098 Y-30.887 Z-4.000 F400.000
G1 X-14.107 Y-30.858 Z-4.000 F400.000
G1 X-14.121 Y-30.831 Z-4.000 F400.000
G1 X-14.141 Y-30.808 Z-4.000 F400.000
G1 X-14.164 Y-30.788 Z-4.000 F400.000
G1 X-14.191 Y-30.774 Z-4.000 F400.000
G1 X-14.220 Y-30.765 Z-4.000 F400.000
G1 X-14.330 Y-30.754 Z-4.000 F400.000
G1 X-17.256 Y-30.747 Z-4.000 F400.000
G1 X-17.597 Y-30.713 Z-4.000 F400.000
G1 X-17.902 Y-30.653 Z-4.000 F400.000
G1 X-18.231 Y-30.553 Z-4.000 F400.000
G1 X-18.518 Y-30.434 Z-4.000 F400.000
G1 X-18.821 Y-30.272 Z-4.000 F400.000
G1 X-19.079 Y-30.099 Z-4.000 F400.000
G1 X-19.345 Y-29.882 Z-4.000 F400.000
G1 X-19.565 Y-29.662 Z-4.000 F400.000
G1 X-19.782 Y-29.396 Z-4.000 F400.000
G1 X-19.955 Y-29.138 Z-4.000 F400.000
G1 X-20.117 Y-28.835 Z-4.000 F400.000
G1 X-20.236 Y-28.548 Z-4.000 F400.000
G1 X-20.336 Y-28.219 Z-4.000 F400.000
G1 X-20.396 Y-27.914 Z-4.000 F400.000
G1 X-20.437 Y-27.417 Z-4.000 F400.000
G1 X-20.437 Y-3.500 Z-4.000 F400.000
G0 X-20.437 Y-3.500 Z5.000
G0 X-20.437 Y-228.500 Z5.000
G0 X-20.437 Y-228.500 Z3.000
G1 X-20.437 Y-214.313 Z2.505 F400.000
G1 X-20.424 Y-214.105 Z2.497 F400.000
G1 X-20.390 Y-213.846 Z2.488 F400.000
G1 X-20.283 Y-213.446 Z2.474 F400.000
G1 X-20.183 Y-213.205 Z2.465 F400.000
G1 X-19.975 Y-212.846 Z2.450 F400.000
G1 X-19.817 Y-212.639 Z2.441 F400.000
G1 X-19.524 Y-212.346 Z2.427 F400.000
G1 X-19.316 Y-212.187 Z2.417 F400.000
G1 X-18.958 Y-211.980 Z2.403 F400.000
G1 X-18.716 Y-211.880 Z2.394 F400.000
G1 X-18.316 Y-211.773 Z2.379 F400.000
G1 X-18.057 Y-211.739 Z2.370 F400.000
G1 X-17.850 Y-211.725 Z2.363 F400.000
G1 X-16.445 Y-211.725 Z2.314 F400.000
G1 X-16.336 Y-211.714 Z2.310 F400.000
G1 X-16.307 Y-211.706 Z2.309 F400.000
G1 X-16.281 Y-211.691 Z2.308 F400.000
G1 X-16.257 Y-211.672 Z2.307 F400.000
G1 X-16.238 Y-211.649 Z2.306 F400.000
G1 X-16.224 Y-211.622 Z2.305 F400.000
G1 X-16.215 Y-211.593 Z2.304 F400.000
G1 X-16.204 Y-211.485 Z2.300 F400.000
G1 X-16.204 Y-208.593 Z2.199 F400.000
G1 X-16.207 Y-208.533 Z2.197 F400.000
G1 X-16.210 Y-208.515 Z2.196 F400.000
G1 X-16.215 Y-208.499 Z2.196 F400.000
G1 X-16.238 Y-208.442 Z2.194 F400.000
G1 X-20.159 Y-200.027 Z1.869 F400.000
G1 X-20.286 Y-199.686 Z1.857 F400.000
G1 X-20.375 Y-199.333 Z1.844 F400.000
G1 X-20.425 Y-198.973 Z1.831 F400.000
G1 X-20.437 Y-198.696 Z1.822 F400.000
G1 X-20.437 Y-175.828 Z1.023 F400.000
G1 X-20.424 Y-175.621 Z1.016 F400.000
G1 X-20.390 Y-175.362 Z1.007 F400.000
G1 X-20.283 Y-174.962 Z0.992 F400.000
G1 X-20.183 Y-174.721 Z0.983 F400.000
G1 X-19.975 Y-174.362 Z0.969 F400.000
G1 X-19.817 Y-174.155 Z0.959 F400.000
G1 X-19.524 Y-173.862 Z0.945 F400.000
G1 X-19.316 Y-173.703 Z0.936 F400.000
G1 X-18.958 Y-173.496 Z0.921 F400.000
G1 X-18.716 Y-173.396 Z0.912 F400.000
G1 X-18.316 Y-173.289 Z0.898 F400.000
G1 X-18.057 Y-173.255 Z0.889 F400.000
G1 X-17.850 Y-173.241 Z0.881 F400.000
G1 X-16.445 Y-173.241 Z0.832 F400.000
G1 X-16.336 Y-173.230 Z0.829 F400.000
G1 X-16.307 Y-173.222 Z0.828 F400.000
G1 X-16.281 Y-173.207 Z0.826 F400.000
G1 X-16.257 Y-173.188 Z0.825 F400.000
G1 X-16.238 Y-173.164 Z0.824 F400.000
G1 X-16.224 Y-173.138 Z0.823 F400.000
G1 X-16.215 Y-173.109 Z0.822 F400.000
G1 X-16.204 Y-173.000 Z0.818 F400.000
G1 X-16.204 Y-170.109 Z0.717 F400.000
G1 X-16.207 Y-170.049 Z0.715 F400.000
G1 X-16.210 Y-170.031 Z0.715 F400.000
G1 X-16.215 Y-170.015 Z0.714 F400.000
G1 X-16.238 Y-169.958 Z0.712 F400.000
G1 X-20.159 Y-161.543 Z0.388 F400.000
G1 X-20.286 Y-161.202 Z0.375 F400.000
G1 X-20.375 Y-160.849 Z0.362 F400.000
G1 X-20.425 Y-160.489 Z0.350 F400.000
G1 X-20.437 Y-160.212 Z0.340 F400.000
G1 X-20.437 Y-137.344 Z-0.459 F400.000
G1 X-20.424 Y-137.137 Z-0.466 F400.000
G1 X-20.390 Y-136.878 Z-0.475 F400.000
G1 X-20.283 Y-136.478 Z-0.489 F400.000
G1 X-20.183 Y-136.237 Z-0.499 F400.000
G1 X-19.975 Y-135.878 Z-0.513 F400.000
G1 X-19.817 Y-135.671 Z-0.522 F400.000
G1 X-19.524 Y-135.378 Z-0.537 F400.000
G1 X-19.316 Y-135.219 Z-0.546 F400.000
G1 X-18.958 Y-135.012 Z-0.560 F400.000
G1 X-18.716 Y-134.912 Z-0.569 F400.000
G1 X-18.316 Y-134.805 Z-0.584 F400.000
G1 X-18.057 Y-134.771 Z-0.593 F400.000
G1 X-17.853 Y-134.757 Z-0.600 F400.000
G1 X-18.057 Y-134.771 Z-0.607 F400.000
G1 X-18.316 Y-134.805 Z-0.616 F400.000
G1 X-18.716 Y-134.912 Z-0.631 F400.000
G1 X-18.958 Y-135.012 Z-0.640 F400.000
G1 X-19.316 Y-135.219 Z-0.654 F400.000
G1 X-19.524 Y-135.378 Z-0.663 F400.000
G1 X-19.817 Y-135.671 Z-0.678 F400.000
G1 X-19.975 Y-135.878 Z-0.687 F400.000
G1 X-20.183 Y-136.237 Z-0.701 F400.000
G1 X-20.283 Y-136.478 Z-0.711 F400.000
G1 X-20.390 Y-136.878 Z-0.725 F400.000
G1 X-20.424 Y-137.137 Z-0.734 F400.000
G1 X-20.437 Y-137.344 Z-0.741 F400.000
G1 X-20.437 Y-160.212 Z-1.540 F400.000
G1 X-20.425 Y-160.489 Z-1.550 F400.000
G1 X-20.375 Y-160.849 Z-1.562 F400.000
G1 X-20.286 Y-161.202 Z-1.575 F400.000
G1 X-20.159 Y-161.543 Z-1.588 F400.000
G1 X-16.238 Y-169.958 Z-1.912 F400.000
G1 X-16.215 Y-170.015 Z-1.914 F400.000
G1 X-16.210 Y-170.031 Z-1.915 F400.000
G1 X-16.207 Y-170.049 Z-1.915 F400.000
G1 X-16.204 Y-170.109 Z-1.917 F400.000
G1 X-16.204 Y-173.000 Z-2.018 F400.000
G1 X-16.215 Y-173.109 Z-2.022 F400.000
G1 X-16.224 Y-173.138 Z-2.023 F400.000
G1 X-16.238 Y-173.164 Z-2.024 F400.000
G1 X-16.257 Y-173.188 Z-2.025 F400.000
G1 X-16.281 Y-173.207 Z-2.026 F400.000
G1 X-16.307 Y-173.222 Z-2.028 F400.000
G1 X-16.336 Y-173.230 Z-2.029 F400.000
G1 X-16.445 Y-173.241 Z-2.032 F400.000
G1 X-17.850 Y-173.241 Z-2.081 F400.000
G1 X-18.057 Y-173.255 Z-2.089 F400.000
G1 X-18.316 Y-173.289 Z-2.098 F400.000
G1 X-18.716 Y-173.396 Z-2.112 F400.000
G1 X-18.958 Y-173.496 Z-2.121 F400.000
G1 X-19.316 Y-173.703 Z-2.136 F400.000
G1 X-19.524 Y-173.862 Z-2.145 F400.000
G1 X-19.817 Y-174.155 Z-2.159 F400.000
G1 X-19.975 Y-174.362 Z-2.169 F400.000
G1 X-20.183 Y-174.721 Z-2.183 F400.000
G1 X-20.283 Y-174.962 Z-2.192 F400.000
G1 X-20.390 Y-175.362 Z-2.207 F400.000
G1 X-20.424 Y-175.621 Z-2.216 F400.000
G1 X-20.437 Y-175.828 Z-2.223 F400.000
G1 X-20.437 Y-198.696 Z-3.022 F400.000
G1 X-20.425 Y-198.973 Z-3.031 F400.000
G1 X-20.375 Y-199.333 Z-3.044 F400.000
G1 X-20.286 Y-199.686 Z-3.057 F400.000
G1 X-20.159 Y-200.027 Z-3.069 F400.000
G1 X-16.238 Y-208.442 Z-3.394 F400.000
G1 X-16.215 Y-208.499 Z-3.396 F400.000
G1 X-16.210 Y-208.515 Z-3.396 F400.000
G1 X-16.207 Y-208.533 Z-3.397 F400.000
G1 X-16.204 Y-208.593 Z-3.399 F400.000
G1 X-16.204 Y-211.485 Z-3.500 F400.000
G1 X-16.215 Y-211.593 Z-3.504 F400.000
G1 X-16.224 Y-211.622 Z-3.505 F400.000
G1 X-16.238 Y-211.649 Z-3.506 F400.000
G1 X-16.257 Y-211.672 Z-3.507 F400.000
G1 X-16.281 Y-211.691 Z-3.508 F400.000
G1 X-16.307 Y-211.706 Z-3.509 F400.000
G1 X-16.336 Y-211.714 Z-3.510 F400.000
G1 X-16.445 Y-211.725 Z-3.514 F400.000
G1 X-17.850 Y-211.725 Z-3.563 F400.000
G1 X-18.057 Y-211.739 Z-3.570 F400.000
G1 X-18.316 Y-211.773 Z-3.579 F400.000
G1 X-18.716 Y-211.880 Z-3.594 F400.000
G1 X-18.958 Y-211.980 Z-3.603 F400.000
G1 X-19.316 Y-212.187 Z-3.617 F400.000
G1 X-19.524 Y-212.346 Z-3.627 F400.000
G1 X-19.817 Y-212.639 Z-3.641 F400.000
G1 X-19.975 Y-212.846 Z-3.650 F400.000
G1 X-20.183 Y-213.205 Z-3.665 F400.000
G1 X-20.283 Y-213.446 Z-3.674 F400.000
G1 X-20.390 Y-213.846 Z-3.688 F400.000
G1 X-20.424 Y-214.105 Z-3.697 F400.000
G1 X-20.437 Y-214.313 Z-3.705 F400.000
G1 X-20.437 Y-228.500 Z-4.200 F400.000
G1 X-20.437 Y-214.313 Z-4.200 F400.000
G1 X-20.424 Y-214.105 Z-4.200 F400.000
G1 X-20.390 Y-213.846 Z-4.200 F400.000
G1 X-20.283 Y-213.446 Z-4.200 F400.000
G1 X-20.183 Y-213.205 Z-4.200 F400.000
G1 X-19.975 Y-212.846 Z-4.200 F400.000
G1 X-19.817 Y-212.639 Z-4.200 F400.000
G1 X-19.524 Y-212.346 Z-4.200 F400.000
G1 X-19.316 Y-212.187 Z-4.200 F400.000
G1 X-18.958 Y-211.980 Z-4.200 F400.000
G1 X-18.716 Y-211.880 Z-4.200 F400.000
G1 X-18.316 Y-211.773 Z-4.200 F400.000
G1 X-18.057 Y-211.739 Z-4.200 F400.000
G1 X-17.850 Y-211.725 Z-4.200 F400.000
G1 X-16.445 Y-211.725 Z-4.200 F400.000
G1 X-16.336 Y-211.714 Z-4.200 F400.000
G1 X-16.307 Y-211.706 Z-4.200 F400.000
G1 X-16.281 Y-211.691 Z-4.200 F400.000
G1 X-16.257 Y-211.672 Z-4.200 F400.000
G1 X-16.238 Y-211.649 Z-4.200 F400.000
G1 X-16.224 Y-211.622 Z-4.200 F400.000
G1 X-16.215 Y-211.593 Z-4.200 F400.000
G1 X-16.204 Y-211.485 Z-4.200 F400.000
G1 X-16.204 Y-208.593 Z-4.200 F400.000
G1 X-16.207 Y-208.533 Z-4.200 F400.000
G1 X-16.210 Y-208.515 Z-4.200 F400.000
G1 X-16.215 Y-208.499 Z-4.200 F400.000
G1 X-16.238 Y-208.442 Z-4.200 F400.000
G1 X-20.159 Y-200.027 Z-4.200 F400.000
G1 X-20.286 Y-199.686 Z-4.200 F400.000
G1 X-20.375 Y-199.333 Z-4.200 F400.000
G1 X-20.425 Y-198.973 Z-4.200 F400.000
G1 X-20.437 Y-198.696 Z-4.200 F400.000
G1 X-20.437 Y-175.828 Z-4.200 F400.000
G1 X-20.424 Y-175.621 Z-4.200 F400.000
G1 X-20.390 Y-175.362 Z-4.200 F400.000
G1 X-20.283 Y-174.962 Z-4.200 F400.000
G1 X-20.183 Y-174.721 Z-4.200 F400.000
G1 X-19.975 Y-174.362 Z-4.200 F400.000
G1 X-19.817 Y-174.155 Z-4.200 F400.000
G1 X-19.524 Y-173.862 Z-4.200 F400.000
G1 X-19.316 Y-173.703 Z-4.200 F400.000
G1 X-18.958 Y-173.496 Z-4.200 F400.000
G1 X-18.716 Y-173.396 Z-4.200 F400.000
G1 X-18.316 Y-173.289 Z-4.200 F400.000
G1 X-18.057 Y-173.255 Z-4.200 F400.000
G1 X-17.850 Y-173.241 Z-4.200 F400.000
G1 X-16.445 Y-173.241 Z-4.200 F400.000
G1 X-16.336 Y-173.230 Z-4.200 F400.000
G1 X-16.307 Y-173.222 Z-4.200 F400.000
G1 X-16.281 Y-173.207 Z-4.200 F400.000
G1 X-16.257 Y-173.188 Z-4.200 F400.000
G1 X-16.238 Y-173.164 Z-4.200 F400.000
G1 X-16.224 Y-173.138 Z-4.200 F400.000
G1 X-16.215 Y-173.109 Z-4.200 F400.000
G1 X-16.204 Y-173.000 Z-4.200 F400.000
G1 X-16.204 Y-170.109 Z-4.200 F400.000
G1 X-16.207 Y-170.049 Z-4.200 F400.000
G1 X-16.210 Y-170.031 Z-4.200 F400.000
G1 X-16.215 Y-170.015 Z-4.200 F400.000
G1 X-16.238 Y-169.958 Z-4.200 F400.000
G1 X-20.159 Y-161.543 Z-4.200 F400.000
G1 X-20.286 Y-161.202 Z-4.200 F400.000
G1 X-20.375 Y-160.849 Z-4.200 F400.000
G1 X-20.425 Y-160.489 Z-4.200 F400.000
G1 X-20.437 Y-160.212 Z-4.200 F400.000
G1 X-20.437 Y-137.344 Z-4.200 F400.000
G1 X-20.424 Y-137.137 Z-4.200 F400.000
G1 X-20.390 Y-136.878 Z-4.200 F400.000
G1 X-20.283 Y-136.478 Z-4.200 F400.000
G1 X-20.183 Y-136.237 Z-4.200 F400.000
G1 X-19.975 Y-135.878 Z-4.200 F400.000
G1 X-19.817 Y-135.671 Z-4.200 F400.000
G1 X-19.524 Y-135.378 Z-4.200 F400.000
G1 X-19.316 Y-135.219 Z-4.200 F400.000
G1 X-18.958 Y-135.012 Z-4.200 F400.000
G1 X-18.716 Y-134.912 Z-4.200 F400.000
G1 X-18.316 Y-134.805 Z-4.200 F400.000
G1 X-18.057 Y-134.771 Z-4.200 F400.000
G1 X-17.850 Y-134.757 Z-4.200 F400.000
G1 X-16.445 Y-134.757 Z-4.200 F400.000
G1 X-16.336 Y-134.746 Z-4.200 F400.000
G1 X-16.307 Y-134.738 Z-4.200 F400.000
G1 X-16.281 Y-134.723 Z-4.200 F400.000
G1 X-16.257 Y-134.704 Z-4.200 F400.000
G1 X-16.238 Y-134.680 Z-4.200 F400.000
G1 X-16.224 Y-134.654 Z-4.200 F400.000
G1 X-16.215 Y-134.625 Z-4.200 F400.000
G1 X-16.204 Y-134.516 Z-4.200 F400.000
G1 X-16.204 Y-131.625 Z-4.200 F400.000
G1 X-16.207 Y-131.565 Z-4.200 F400.000
G1 X-16.210 Y-131.547 Z-4.200 F400.000
G1 X-16.215 Y-131.531 Z-4.200 F400.000
G1 X-16.238 Y-131.474 Z-4.200 F400.000
G1 X-20.159 Y-123.059 Z-4.200 F400.000
G1 X-20.286 Y-122.718 Z-4.200 F400.000
G1 X-20.375 Y-122.365 Z-4.200 F400.000
G1 X-20.425 Y-122.005 Z-4.200 F400.000
G1 X-20.437 Y-121.728 Z-4.200 F400.000
G1 X-20.437 Y-98.860 Z-4.200 F400.000
G1 X-20.424 Y-98.653 Z-4.200 F400.000
G1 X-20.390 Y-98.394 Z-4.200 F400.000
G1 X-20.283 Y-97.994 Z-4.200 F400.000
G1 X-20.183 Y-97.753 Z-4.200 F400.000
G1 X-19.975 Y-97.394 Z-4.200 F400.000
G1 X-19.817 Y-97.187 Z-4.200 F400.000
G1 X-19.524 Y-96.894 Z-4.200 F400.000
G1 X-19.316 Y-96.735 Z-4.200 F400.000
G1 X-18.958 Y-96.528 Z-4.200 F400.000
G1 X-18.716 Y-96.428 Z-4.200 F400.000
G1 X-18.316 Y-96.321 Z-4.200 F400.000
G1 X-18.057 Y-96.287 Z-4.200 F400.000
G1 X-17.850 Y-96.273 Z-4.200 F400.000
G1 X-16.445 Y-96.273 Z-4.200 F400.000
G1 X-16.336 Y-96.262 Z-4.200 F400.000
G1 X-16.307 Y-96.253 Z-4.200 F400.000
G1 X-16.281 Y-96.239 Z-4.200 F400.000
G1 X-16.257 Y-96.220 Z-4.200 F400.000
G1 X-16.238 Y-96.196 Z-4.200 F400.000
G1 X-16.224 Y-96.170 Z-4.200 F400.000
G1 X-16.215 Y-96.141 Z-4.200 F400.000
G1 X-16.204 Y-96.032 Z-4.200 F400.000
G1 X-16.204 Y-93.141 Z-4.200 F400.000
G1 X-16.207 Y-93.081 Z-4.200 F400.000
G1 X-16.210 Y-93.063 Z-4.200 F400.000
G1 X-16.215 Y-93.046 Z-4.200 F400.000
G1 X-16.238 Y-92.990 Z-4.200 F400.000
G1 X-20.159 Y-84.575 Z-4.200 F400.000
G1 X-20.286 Y-84.234 Z-4.200 F400.000
G1 X-20.375 Y-83.881 Z-4.200 F400.000
G1 X-20.425 Y-83.521 Z-4.200 F400.000
G1 X-20.437 Y-83.244 Z-4.200 F400.000
G1 X-20.437 Y-60.376 Z-4.200 F400.000
G1 X-20.424 Y-60.169 Z-4.200 F400.000
G1 X-20.390 Y-59.910 Z-4.200 F400.000
G1 X-20.283 Y-59.510 Z-4.200 F400.000
G1 X-20.183 Y-59.269 Z-4.200 F400.000
G1 X-19.975 Y-58.910 Z-4.200 F400.000
G1 X-19.817 Y-58.703 Z-4.200 F400.000
G1 X-19.524 Y-58.410 Z-4.200 F400.000
G1 X-19.316 Y-58.251 Z-4.200 F400.000
G1 X-18.958 Y-58.044 Z-4.200 F400.000
G1 X-18.716 Y-57.944 Z-4.200 F400.000
G1 X-18.316 Y-57.837 Z-4.200 F400.000
G1 X-18.057 Y-57.803 Z-4.200 F400.000
G1 X-17.850 Y-57.789 Z-4.200 F400.000
G1 X-16.445 Y-57.789 Z-4.200 F400.000
G1 X-16.336 Y-57.778 Z-4.200 F400.000
G1 X-16.307 Y-57.769 Z-4.200 F400.000
G1 X-16.281 Y-57.755 Z-4.200 F400.000
G1 X-16.257 Y-57.736 Z-4.200 F400.000
G1 X-16.238 Y-57.712 Z-4.200 F400.000
G1 X-16.224 Y-57.686 Z-4.200 F400.000
G1 X-16.215 Y-57.657 Z-4.200 F400.000
G1 X-16.204 Y-57.548 Z-4.200 F400.000
G1 X-16.204 Y-54.657 Z-4.200 F400.000
G1 X-16.207 Y-54.597 Z-4.200 F400.000
G1 X-16.210 Y-54.579 Z-4.200 F400.000
G1 X-16.215 Y-54.562 Z-4.200 F400.000
G1 X-16.238 Y-54.506 Z-4.200 F400.000
G1 X-20.159 Y-46.091 Z-4.200 F400.000
G1 X-20.286 Y-45.750 Z-4.200 F400.000
G1 X-20.375 Y-45.397 Z-4.200 F400.000
G1 X-20.425 Y-45.037 Z-4.200 F400.000
G1 X-20.437 Y-44.760 Z-4.200 F400.000
G1 X-20.430 Y-36.124 Z-4.200 F400.000
G1 X-20.396 Y-35.783 Z-4.200 F400.000
G1 X-20.336 Y-35.477 Z-4.200 F400.000
G1 X-20.236 Y-35.149 Z-4.200 F400.000
G1 X-20.117 Y-34.862 Z-4.200 F400.000
G1 X-19.955 Y-34.559 Z-4.200 F400.000
G1 X-19.782 Y-34.300 Z-4.200 F400.000
G1 X-19.565 Y-34.035 Z-4.200 F400.000
G1 X-19.345 Y-33.815 Z-4.200 F400.000
G1 X-19.079 Y-33.597 Z-4.200 F400.000
G1 X-18.821 Y-33.424 Z-4.200 F400.000
G1 X-18.518 Y-33.263 Z-4.200 F400.000
G1 X-18.231 Y-33.144 Z-4.200 F400.000
G1 X-17.902 Y-33.044 Z-4.200 F400.000
G1 X-17.597 Y-32.983 Z-4.200 F400.000
G1 X-17.100 Y-32.942 Z-4.200 F400.000
G1 X-14.328 Y-32.942 Z-4.200 F400.000
G1 X-14.220 Y-32.931 Z-4.200 F400.000
G1 X-14.191 Y-32.923 Z-4.200 F400.000
G1 X-14.164 Y-32.908 Z-4.200 F400.000
G1 X-14.141 Y-32.889 Z-4.200 F400.000
G1 X-14.121 Y-32.866 Z-4.200 F400.000
G1 X-14.107 Y-32.839 Z-4.200 F400.000
G1 X-14.098 Y-32.810 Z-4.200 F400.000
G1 X-14.088 Y-32.702 Z-4.200 F400.000
G1 X-14.087 Y-30.995 Z-4.200 F400.000
G1 X-14.098 Y-30.887 Z-4.200 F400.000
G1 X-14.107 Y-30.858 Z-4.200 F400.000
G1 X-14.121 Y-30.831 Z-4.200 F400.000
G1 X-14.141 Y-30.808 Z-4.200 F400.000
G1 X-14.164 Y-30.788 Z-4.200 F400.000
G1 X-14.191 Y-30.774 Z-4.200 F400.000
G1 X-14.220 Y-30.765 Z-4.200 F400.000
G1 X-14.330 Y-30.754 Z-4.200 F400.000
G1 X-17.256 Y-30.747 Z-4.200 F400.000
G1 X-17.597 Y-30.713 Z-4.200 F400.000
G1 X-17.902 Y-30.653 Z-4.200 F400.000
G1 X-18.231 Y-30.553 Z-4.200 F400.000
G1 X-18.518 Y-30.434 Z-4.200 F400.000
G1 X-18.821 Y-30.272 Z-4.200 F400.000
G1 X-19.079 Y-30.099 Z-4.200 F400.000
G1 X-19.345 Y-29.882 Z-4.200 F400.000
G1 X-19.565 Y-29.662 Z-4.200 F400.000
G1 X-19.782 Y-29.396 Z-4.200 F400.000
G1 X-19.955 Y-29.138 Z-4.200 F400.000
G1 X-20.117 Y-28.835 Z-4.200 F400.000
G1 X-20.236 Y-28.548 Z-4.200 F400.000
G1 X-20.336 Y-28.219 Z-4.200 F400.000
G1 X-20.396 Y-27.914 Z-4.200 F400.000
G1 X-20.437 Y-27.417 Z-4.200 F400.000
G1 X-20.437 Y-3.500 Z-4.200 F400.000
G0 X-20.437 Y-3.500 Z5.000
G0 X-20.437 Y-228.500 Z5.000
G0 X-20.437 Y-228.500 Z3.000
G1 X-20.437 Y-214.313 Z2.505 F400.000
G1 X-20.424 Y-214.105 Z2.497 F400.000
G1 X-20.390 Y-213.846 Z2.488 F400.000
G1 X-20.283 Y-213.446 Z2.474 F400.000
G1 X-20.183 Y-213.205 Z2.465 F400.000
G1 X-19.975 Y-212.846 Z2.450 F400.000
G1 X-19.817 Y-212.639 Z2.441 F400.000
G1 X-19.524 Y-212.346 Z2.427 F400.000
G1 X-19.316 Y-212.187 Z2.417 F400.000
G1 X-18.958 Y-211.980 Z2.403 F400.000
G1 X-18.716 Y-211.880 Z2.394 F400.000
G1 X-18.316 Y-211.773 Z2.379 F400.000
G1 X-18.057 Y-211.739 Z2.370 F400.000
G1 X-17.850 Y-211.725 Z2.363 F400.000
G1 X-16.445 Y-211.725 Z2.314 F400.000
G1 X-16.336 Y-211.714 Z2.310 F400.000
G1 X-16.307 Y-211.706 Z2.309 F400.000
G1 X-16.281 Y-211.691 Z2.308 F400.000
G1 X-16.257 Y-211.672 Z2.307 F400.000
G1 X-16.238 Y-211.649 Z2.306 F400.000
G1 X-16.224 Y-211.622 Z2.305 F400.000
G1 X-16.215 Y-211.593 Z2.304 F400.000
G1 X-16.204 Y-211.485 Z2.300 F400.000
G1 X-16.204 Y-208.593 Z2.199 F400.000
G1 X-16.207 Y-208.533 Z2.197 F400.000
G1 X-16.210 Y-208.515 Z2.196 F400.000
G1 X-16.215 Y-208.499 Z2.196 F400.000
G1 X-16.238 Y-208.442 Z2.194 F400.000
G1 X-20.159 Y-200.027 Z1.869 F400.000
G1 X-20.286 Y-199.686 Z1.857 F400.000
G1 X-20.375 Y-199.333 Z1.844 F400.000
G1 X-20.425 Y-198.973 Z1.831 F400.000
G1 X-20.437 Y-198.696 Z1.822 F400.000
G1 X-20.437 Y-175.828 Z1.023 F400.000
G1 X-20.424 Y-175.621 Z1.016 F400.000
G1 X-20.390 Y-175.362 Z1.007 F400.000
G1 X-20.283 Y-174.962 Z0.992 F400.000
G1 X-20.183 Y-174.721 Z0.983 F400.000
G1 X-19.975 Y-174.362 Z0.969 F400.000
G1 X-19.817 Y-174.155 Z0.959 F400.000
G1 X-19.524 Y-173.862 Z0.945 F400.000
G1 X-19.316 Y-173.703 Z0.936 F400.000
G1 X-18.958 Y-173.496 Z0.921 F400.000
G1 X-18.716 Y-173.396 Z0.912 F400.000
G1 X-18.316 Y-173.289 Z0.898 F400.000
G1 X-18.057 Y-173.255 Z0.889 F400.000
G1 X-17.850 Y-173.241 Z0.881 F400.000
G1 X-16.445 Y-173.241 Z0.832 F400.000
G1 X-16.336 Y-173.230 Z0.829 F400.000
G1 X-16.307 Y-173.222 Z0.828 F400.000
G1 X-16.281 Y-173.207 Z0.826 F400.000
G1 X-16.257 Y-173.188 Z0.825 F400.000
G1 X-16.238 Y-173.164 Z0.824 F400.000
G1 X-16.224 Y-173.138 Z0.823 F400.000
G1 X-16.215 Y-173.109 Z0.822 F400.000
G1 X-16.204 Y-173.000 Z0.818 F400.000
G1 X-16.204 Y-170.109 Z0.717 F400.000
G1 X-16.207 Y-170.049 Z0.715 F400.000
G1 X-16.210 Y-170.031 Z0.715 F400.000
G1 X-16.215 Y-170.015 Z0.714 F400.000
G1 X-16.238 Y-169.958 Z0.712 F400.000
G1 X-20.159 Y-161.543 Z0.388 F400.000
G1 X-20.286 Y-161.202 Z0.375 F400.000
G1 X-20.375 Y-160.849 Z0.362 F400.000
G1 X-20.425 Y-160.489 Z0.350 F400.000
G1 X-20.437 Y-160.212 Z0.340 F400.000
G1 X-20.437 Y-137.344 Z-0.459 F400.000
G1 X-20.424 Y-137.137 Z-0.466 F400.000
G1 X-20.390 Y-136.878 Z-0.475 F400.000
G1 X-20.283 Y-136.478 Z-0.489 F400.000
G1 X-20.183 Y-136.237 Z-0.499 F400.000
G1 X-19.975 Y-135.878 Z-0.513 F400.000
G1 X-19.817 Y-135.671 Z-0.522 F400.000
G1 X-19.524 Y-135.378 Z-0.537 F400.000
G1 X-19.316 Y-135.219 Z-0.546 F400.000
G1 X-18.958 Y-135.012 Z-0.560 F400.000
G1 X-18.716 Y-134.912 Z-0.569 F400.000
G1 X-18.316 Y-134.805 Z-0.584 F400.000
G1 X-18.057 Y-134.771 Z-0.593 F400.000
G1 X-17.850 Y-134.757 Z-0.600 F400.000
G1 X-16.445 Y-134.757 Z-0.649 F400.000
G1 X-16.336 Y-134.746 Z-0.653 F400.000
G1 X-16.307 Y-134.738 Z-0.654 F400.000
G1 X-16.281 Y-134.723 Z-0.655 F400.000
G1 X-16.257 Y-134.704 Z-0.656 F400.000
G1 X-16.238 Y-134.680 Z-0.657 F400.000
G1 X-16.224 Y-134.654 Z-0.658 F400.000
G1 X-16.215 Y-134.625 Z-0.659 F400.000
G1 X-16.204 Y-134.516 Z-0.663 F400.000
G1 X-16.204 Y-133.461 Z-0.700 F400.000
G1 X-16.204 Y-134.516 Z-0.737 F400.000
G1 X-16.215 Y-134.625 Z-0.741 F400.000
G1 X-16.224 Y-134.654 Z-0.742 F400.000
G1 X-16.238 Y-134.680 Z-0.743 F400.000
G1 X-16.257 Y-134.704 Z-0.744 F400.000
G1 X-16.281 Y-134.723 Z-0.745 F400.000
G1 X-16.307 Y-134.738 Z-0.746 F400.000
G1 X-16.336 Y-134.746 Z-0.747 F400.000
G1 X-16.445 Y-134.757 Z-0.751 F400.000
G1 X-17.850 Y-134.757 Z-0.800 F400.000
G1 X-18.057 Y-134.771 Z-0.807 F400.000
G1 X-18.316 Y-134.805 Z-0.816 F400.000
G1 X-18.716 Y-134.912 Z-0.831 F400.000
G1 X-18.958 Y-135.012 Z-0.840 F400.000
G1 X-19.316 Y-135.219 Z-0.854 F400.000
G1 X-19.524 Y-135.378 Z-0.863 F400.000
G1 X-19.817 Y-135.671 Z-0.878 F400.000
G1 X-19.975 Y-135.878 Z-0.887 F400.000
G1 X-20.183 Y-136.237 Z-0.901 F400.000
G1 X-20.283 Y-136.478 Z-0.911 F400.000
G1 X-20.390 Y-136.878 Z-0.925 F400.000
G1 X-20.424 Y-137.137 Z-0.934 F400.000
G1 X-20.437 Y-137.344 Z-0.941 F400.000
G1 X-20.437 Y-160.212 Z-1.740 F400.000
G1 X-20.425 Y-160.489 Z-1.750 F400.000
G1 X-20.375 Y-160.849 Z-1.762 F400.000
G1 X-20.286 Y-161.202 Z-1.775 F400.000
G1 X-20.159 Y-161.543 Z-1.788 F400.000
G1 X-16.238 Y-169.958 Z-2.112 F400.000
G1 X-16.215 Y-170.015 Z-2.114 F400.000
G1 X-16.210 Y-170.031 Z-2.115 F400.000
G1 X-16.207 Y-170.049 Z-2.115 F400.000
G1 X-16.204 Y-170.109 Z-2.117 F400.000
G1 X-16.204 Y-173.000 Z-2.218 F400.000
G1 X-16.215 Y-173.109 Z-2.222 F400.000
G1 X-16.224 Y-173.138 Z-2.223 F400.000
G1 X-16.238 Y-173.164 Z-2.224 F400.000
G1 X-16.257 Y-173.188 Z-2.225 F400.000
G1 X-16.281 Y-173.207 Z-2.226 F400.000
G1 X-16.307 Y-173.222 Z-2.228 F400.000
G1 X-16.336 Y-173.230 Z-2.229 F400.000
G1 X-16.445 Y-173.241 Z-2.232 F400.000
G1 X-17.850 Y-173.241 Z-2.281 F400.000
G1 X-18.057 Y-173.255 Z-2.289 F400.000
G1 X-18.316 Y-173.289 Z-2.298 F400.000
G1 X-18.716 Y-173.396 Z-2.312 F400.000
G1 X-18.958 Y-173.496 Z-2.321 F400.000
G1 X-19.316 Y-173.703 Z-2.336 F400.000
G1 X-19.524 Y-173.862 Z-2.345 F400.000
G1 X-19.817 Y-174.155 Z-2.359 F400.000
G1 X-19.975 Y-174.362 Z-2.369 F400.000
G1 X-20.183 Y-174.721 Z-2.383 F400.000
G1 X-20.283 Y-174.962 Z-2.392 F400.000
G1 X-20.390 Y-175.362 Z-2.407 F400.000
G1 X-20.424 Y-175.621 Z-2.416 F400.000
G1 X-20.437 Y-175.828 Z-2.423 F400.000
G1 X-20.437 Y-198.696 Z-3.222 F400.000
G1 X-20.425 Y-198.973 Z-3.231 F400.000
G1 X-20.375 Y-199.333 Z-3.244 F400.000
G1 X-20.286 Y-199.686 Z-3.257 F400.000
G1 X-20.159 Y-200.027 Z-3.269 F400.000
G1 X-16.238 Y-208.442 Z-3.594 F400.000
G1 X-16.215 Y-208.499 Z-3.596 F400.000
G1 X-16.210 Y-208.515 Z-3.596 F400.000
G1 X-16.207 Y-208.533 Z-3.597 F400.000
G1 X-16.204 Y-208.593 Z-3.599 F400.000
G1 X-16.204 Y-211.485 Z-3.700 F400.000
G1 X-16.215 Y-211.593 Z-3.704 F400.000
G1 X-16.224 Y-211.622 Z-3.705 F400.000
G1 X-16.238 Y-211.649 Z-3.706 F400.000
G1 X-16.257 Y-211.672 Z-3.707 F400.000
G1 X-16.281 Y-211.691 Z-3.708 F400.000
G1 X-16.307 Y-211.706 Z-3.709 F400.000
G1 X-16.336 Y-211.714 Z-3.710 F400.000
G1 X-16.445 Y-211.725 Z-3.714 F400.000
G1 X-17.850 Y-211.725 Z-3.763 F400.000
G1 X-18.057 Y-211.739 Z-3.770 F400.000
G1 X-18.316 Y-211.773 Z-3.779 F400.000
G1 X-18.716 Y-211.880 Z-3.794 F400.000
G1 X-18.958 Y-211.980 Z-3.803 F400.000
G1 X-19.316 Y-212.187 Z-3.817 F400.000
G1 X-19.524 Y-212.346 Z-3.827 F400.000
G1 X-19.817 Y-212.639 Z-3.841 F400.000
G1 X-19.975 Y-212.846 Z-3.850 F400.000
G1 X-20.183 Y-213.205 Z-3.865 F400.000
G1 X-20.283 Y-213.446 Z-3.874 F400.000
G1 X-20.390 Y-213.846 Z-3.888 F400.000
G1 X-20.424 Y-214.105 Z-3.897 F400.000
G1 X-20.437 Y-214.313 Z-3.905 F400.000
G1 X-20.437 Y-228.500 Z-4.400 F400.000
G1 X-20.437 Y-214.313 Z-4.400 F400.000
G1 X-20.424 Y-214.105 Z-4.400 F400.000
G1 X-20.390 Y-213.846 Z-4.400 F400.000
G1 X-20.283 Y-213.446 Z-4.400 F400.000
G1 X-20.183 Y-213.205 Z-4.400 F400.000
G1 X-19.975 Y-212.846 Z-4.400 F400.000
G1 X-19.817 Y-212.639 Z-4.400 F400.000
G1 X-19.524 Y-212.346 Z-4.400 F400.000
G1 X-19.316 Y-212.187 Z-4.400 F400.000
G1 X-18.958 Y-211.980 Z-4.400 F400.000
G1 X-18.716 Y-211.880 Z-4.400 F400.000
G1 X-18.316 Y-211.773 Z-4.400 F400.000
G1 X-18.057 Y-211.739 Z-4.400 F400.000
G1 X-17.850 Y-211.725 Z-4.400 F400.000
G1 X-16.445 Y-211.725 Z-4.400 F400.000
G1 X-16.336 Y-211.714 Z-4.400 F400.000
G1 X-16.307 Y-211.706 Z-4.400 F400.000
G1 X-16.281 Y-211.691 Z-4.400 F400.000
G1 X-16.257 Y-211.672 Z-4.400 F400.000
G1 X-16.238 Y-211.649 Z-4.400 F400.000
G1 X-16.224 Y-211.622 Z-4.400 F400.000
G1 X-16.215 Y-211.593 Z-4.400 F400.000
G1 X-16.204 Y-211.485 Z-4.400 F400.000
G1 X-16.204 Y-208.593 Z-4.400 F400.000
G1 X-16.207 Y-208.533 Z-4.400 F400.000
G1 X-16.210 Y-208.515 Z-4.400 F400.000
G1 X-16.215 Y-208.499 Z-4.400 F400.000
G1 X-16.238 Y-208.442 Z-4.400 F400.000
G1 X-20.159 Y-200.027 Z-4.400 F400.000
G1 X-20.286 Y-199.686 Z-4.400 F400.000
G1 X-20.375 Y-199.333 Z-4.400 F400.000
G1 X-20.425 Y-198.973 Z-4.400 F400.000
G1 X-20.437 Y-198.696 Z-4.400 F400.000
G1 X-20.437 Y-175.828 Z-4.400 F400.000
G1 X-20.424 Y-175.621 Z-4.400 F400.000
G1 X-20.390 Y-175.362 Z-4.400 F400.000
G1 X-20.283 Y-174.962 Z-4.400 F400.000
G1 X-20.183 Y-174.721 Z-4.400 F400.000
G1 X-19.975 Y-174.362 Z-4.400 F400.000
G1 X-19.817 Y-174.155 Z-4.400 F400.000
G1 X-19.524 Y-173.862 Z-4.400 F400.000
G1 X-19.316 Y-173.703 Z-4.400 F400.000
G1 X-18.958 Y-173.496 Z-4.400 F400.000
G1 X-18.716 Y-173.396 Z-4.400 F400.000
G1 X-18.316 Y-173.289 Z-4.400 F400.000
G1 X-18.057 Y-173.255 Z-4.400 F400.000
G1 X-17.850 Y-173.241 Z-4.400 F400.000
G1 X-16.445 Y-173.241 Z-4.400 F400.000
G1 X-16.336 Y-173.230 Z-4.400 F400.000
G1 X-16.307 Y-173.222 Z-4.400 F400.000
G1 X-16.281 Y-173.207 Z-4.400 F400.000
G1 X-16.257 Y-173.188 Z-4.400 F400.000
G1 X-16.238 Y-173.164 Z-4.400 F400.000
G1 X-16.224 Y-173.138 Z-4.400 F400.000
G1 X-16.215 Y-173.109 Z-4.400 F400.000
G1 X-16.204 Y-173.000 Z-4.400 F400.000
G1 X-16.204 Y-170.109 Z-4.400 F400.000
G1 X-16.207 Y-170.049 Z-4.400 F400.000
G1 X-16.210 Y-170.031 Z-4.400 F400.000
G1 X-16.215 Y-170.015 Z-4.400 F400.000
G1 X-16.238 Y-169.958 Z-4.400 F400.000
G1 X-20.159 Y-161.543 Z-4.400 F400.000
G1 X-20.286 Y-161.202 Z-4.400 F400.000
G1 X-20.375 Y-160.849 Z-4.400 F400.000
G1 X-20.425 Y-160.489 Z-4.400 F400.000
G1 X-20.437 Y-160.212 Z-4.400 F400.000
G1 X-20.437 Y-137.344 Z-4.400 F400.000
G1 X-20.424 Y-137.137 Z-4.400 F400.000
G1 X-20.390 Y-136.878 Z-4.400 F400.000
G1 X-20.283 Y-136.478 Z-4.400 F400.000
G1 X-20.183 Y-136.237 Z-4.400 F400.000
G1 X-19.975 Y-135.878 Z-4.400 F400.000
G1 X-19.817 Y-135.671 Z-4.400 F400.000
G1 X-19.524 Y-135.378 Z-4.400 F400.000
G1 X-19.316 Y-135.219 Z-4.400 F400.000
G1 X-18.958 Y-135.012 Z-4.400 F400.000
G1 X-18.716 Y-134.912 Z-4.400 F400.000
G1 X-18.316 Y-134.805 Z-4.400 F400.000
G1 X-18.057 Y-134.771 Z-4.400 F400.000
G1 X-17.850 Y-134.757 Z-4.400 F400.000
G1 X-16.445 Y-134.757 Z-4.400 F400.000
G1 X-16.336 Y-134.746 Z-4.400 F400.000
G1 X-16.307 Y-134.738 Z-4.400 F400.000
G1 X-16.281 Y-134.723 Z-4.400 F400.000
G1 X-16.257 Y-134.704 Z-4.400 F400.000
G1 X-16.238 Y-134.680 Z-4.400 F400.000
G1 X-16.224 Y-134.654 Z-4.400 F400.000
G1 X-16.215 Y-134.625 Z-4.400 F400.000
G1 X-16.204 Y-134.516 Z-4.400 F400.000
G1 X-16.204 Y-131.625 Z-4.400 F400.000
G1 X-16.207 Y-131.565 Z-4.400 F400.000
G1 X-16.210 Y-131.547 Z-4.400 F400.000
G1 X-16.215 Y-131.531 Z-4.400 F400.000
G1 X-16.238 Y-131.474 Z-4.400 F400.000
G1 X-20.159 Y-123.059 Z-4.400 F400.000
G1 X-20.286 Y-122.718 Z-4.400 F400.000
G1 X-20.375 Y-122.365 Z-4.400 F400.000
G1 X-20.425 Y-122.005 Z-4.400 F400.000
G1 X-20.437 Y-121.728 Z-4.400 F400.000
G1 X-20.437 Y-98.860 Z-4.400 F400.000
G1 X-20.424 Y-98.653 Z-4.400 F400.000
G1 X-20.390 Y-98.394 Z-4.400 F400.000
G1 X-20.283 Y-97.994 Z-4.400 F400.000
G1 X-20.183 Y-97.753 Z-4.400 F400.000
G1 X-19.975 Y-97.394 Z-4.400 F400.000
G1 X-19.817 Y-97.187 Z-4.400 F400.000
G1 X-19.524 Y-96.894 Z-4.400 F400.000
G1 X-19.316 Y-96.735 Z-4.400 F400.000
G1 X-18.958 Y-96.528 Z-4.400 F400.000
G1 X-18.716 Y-96.428 Z-4.400 F400.000
G1 X-18.316 Y-96.321 Z-4.400 F400.000
G1 X-18.057 Y-96.287 Z-4.400 F400.000
G1 X-17.850 Y-96.273 Z-4.400 F400.000
G1 X-16.445 Y-96.273 Z-4.400 F400.000
G1 X-16.336 Y-96.262 Z-4.400 F400.000
G1 X-16.307 Y-96.253 Z-4.400 F400.000
G1 X-16.281 Y-96.239 Z-4.400 F400.000
G1 X-16.257 Y-96.220 Z-4.400 F400.000
G1 X-16.238 Y-96.196 Z-4.400 F400.000
G1 X-16.224 Y-96.170 Z-4.400 F400.000
G1 X-16.215 Y-96.141 Z-4.400 F400.000
G1 X-16.204 Y-96.032 Z-4.400 F400.000
G1 X-16.204 Y-93.141 Z-4.400 F400.000
G1 X-16.207 Y-93.081 Z-4.400 F400.000
G1 X-16.210 Y-93.063 Z-4.400 F400.000
G1 X-16.215 Y-93.046 Z-4.400 F400.000
G1 X-16.238 Y-92.990 Z-4.400 F400.000
G1 X-20.159 Y-84.575 Z-4.400 F400.000
G1 X-20.286 Y-84.234 Z-4.400 F400.000
G1 X-20.375 Y-83.881 Z-4.400 F400.000
G1 X-20.425 Y-83.521 Z-4.400 F400.000
G1 X-20.437 Y-83.244 Z-4.400 F400.000
G1 X-20.437 Y-60.376 Z-4.400 F400.000
G1 X-20.424 Y-60.169 Z-4.400 F400.000
G1 X-20.390 Y-59.910 Z-4.400 F400.000
G1 X-20.283 Y-59.510 Z-4.400 F400.000
G1 X-20.183 Y-59.269 Z-4.400 F400.000
G1 X-19.975 Y-58.910 Z-4.400 F400.000
G1 X-19.817 Y-58.703 Z-4.400 F400.000
G1 X-19.524 Y-58.410 Z-4.400 F400.000
G1 X-19.316 Y-58.251 Z-4.400 F400.000
G1 X-18.958 Y-58.044 Z-4.400 F400.000
G1 X-18.716 Y-57.944 Z-4.400 F400.000
G1 X-18.316 Y-57.837 Z-4.400 F400.000
G1 X-18.057 Y-57.803 Z-4.400 F400.000
G1 X-17.850 Y-57.789 Z-4.400 F400.000
G1 X-16.445 Y-57.789 Z-4.400 F400.000
G1 X-16.336 Y-57.778 Z-4.400 F400.000
G1 X-16.307 Y-57.769 Z-4.400 F400.000
G1 X-16.281 Y-57.755 Z-4.400 F400.000
G1 X-16.257 Y-57.736 Z-4.400 F400.000
G1 X-16.238 Y-57.712 Z-4.400 F400.000
G1 X-16.224 Y-57.686 Z-4.400 F400.000
G1 X-16.215 Y-57.657 Z-4.400 F400.000
G1 X-16.204 Y-57.548 Z-4.400 F400.000
G1 X-16.204 Y-54.657 Z-4.400 F400.000
G1 X-16.207 Y-54.597 Z-4.400 F400.000
G1 X-16.210 Y-54.579 Z-4.400 F400.000
G1 X-16.215 Y-54.562 Z-4.400 F400.000
G1 X-16.238 Y-54.506 Z-4.400 F400.000
G1 X-20.159 Y-46.091 Z-4.400 F400.000
G1 X-20.286 Y-45.750 Z-4.400 F400.000
G1 X-20.375 Y-45.397 Z-4.400 F400.000
G1 X-20.425 Y-45.037 Z-4.400 F400.000
G1 X-20.437 Y-44.760 Z-4.400 F400.000
G1 X-20.430 Y-36.124 Z-4.400 F400.000
G1 X-20.396 Y-35.783 Z-4.400 F400.000
G1 X-20.336 Y-35.477 Z-4.400 F400.000
G1 X-20.236 Y-35.149 Z-4.400 F400.000
G1 X-20.117 Y-34.862 Z-4.400 F400.000
G1 X-19.955 Y-34.559 Z-4.400 F400.000
G1 X-19.782 Y-34.300 Z-4.400 F400.000
G1 X-19.565 Y-34.035 Z-4.400 F400.000
G1 X-19.345 Y-33.815 Z-4.400 F400.000
G1 X-19.079 Y-33.597 Z-4.400 F400.000
G1 X-18.821 Y-33.424 Z-4.400 F400.000
G1 X-18.518 Y-33.263 Z-4.400 F400.000
G1 X-18.231 Y-33.144 Z-4.400 F400.000
G1 X-17.902 Y-33.044 Z-4.400 F400.000
G1 X-17.597 Y-32.983 Z-4.400 F400.000
G1 X-17.100 Y-32.942 Z-4.400 F400.000
G1 X-14.328 Y-32.942 Z-4.400 F400.000
G1 X-14.220 Y-32.931 Z-4.400 F400.000
G1 X-14.191 Y-32.923 Z-4.400 F400.000
G1 X-14.164 Y-32.908 Z-4.400 F400.000
G1 X-14.141 Y-32.889 Z-4.400 F400.000
G1 X-14.121 Y-32.866 Z-4.400 F400.000
G1 X-14.107 Y-32.839 Z-4.400 F400.000
G1 X-14.098 Y-32.810 Z-4.400 F400.000
G1 X-14.088 Y-32.702 Z-4.400 F400.000
G1 X-14.087 Y-30.995 Z-4.400 F400.000
G1 X-14.098 Y-30.887 Z-4.400 F400.000
G1 X-14.107 Y-30.858 Z-4.400 F400.000
G1 X-14.121 Y-30.831 Z-4.400 F400.000
G1 X-14.141 Y-30.808 Z-4.400 F400.000
G1 X-14.164 Y-30.788 Z-4.400 F400.000
G1 X-14.191 Y-30.774 Z-4.400 F400.000
G1 X-14.220 Y-30.765 Z-4.400 F400.000
G1 X-14.330 Y-30.754 Z-4.400 F400.000
G1 X-17.256 Y-30.747 Z-4.400 F400.000
G1 X-17.597 Y-30.713 Z-4.400 F400.000
G1 X-17.902 Y-30.653 Z-4.400 F400.000
G1 X-18.231 Y-30.553 Z-4.400 F400.000
G1 X-18.518 Y-30.434 Z-4.400 F400.000
G1 X-18.821 Y-30.272 Z-4.400 F400.000
G1 X-19.079 Y-30.099 Z-4.400 F400.000
G1 X-19.345 Y-29.882 Z-4.400 F400.000
G1 X-19.565 Y-29.662 Z-4.400 F400.000
G1 X-19.782 Y-29.396 Z-4.400 F400.000
G1 X-19.955 Y-29.138 Z-4.400 F400.000
G1 X-20.117 Y-28.835 Z-4.400 F400.000
G1 X-20.236 Y-28.548 Z-4.400 F400.000
G1 X-20.336 Y-28.219 Z-4.400 F400.000
G1 X-20.396 Y-27.914 Z-4.400 F400.000
G1 X-20.437 Y-27.417 Z-4.400 F400.000
G1 X-20.437 Y-3.500 Z-4.400 F400.000
G0 X-20.437 Y-3.500 Z5.000
G0 X-20.437 Y-228.500 Z5.000
G0 X-20.437 Y-228.500 Z3.000
G1 X-20.437 Y-214.313 Z2.505 F400.000
G1 X-20.424 Y-214.105 Z2.497 F400.000
G1 X-20.390 Y-213.846 Z2.488 F400.000
G1 X-20.283 Y-213.446 Z2.474 F400.000
G1 X-20.183 Y-213.205 Z2.465 F400.000
G1 X-19.975 Y-212.846 Z2.450 F400.000
G1 X-19.817 Y-212.639 Z2.441 F400.000
G1 X-19.524 Y-212.346 Z2.427 F400.000
G1 X-19.316 Y-212.187 Z2.417 F400.000
G1 X-18.958 Y-211.980 Z2.403 F400.000
G1 X-18.716 Y-211.880 Z2.394 F400.000
G1 X-18.316 Y-211.773 Z2.379 F400.000
G1 X-18.057 Y-211.739 Z2.370 F400.000
G1 X-17.850 Y-211.725 Z2.363 F400.000
G1 X-16.445 Y-211.725 Z2.314 F400.000
G1 X-16.336 Y-211.714 Z2.310 F400.000
G1 X-16.307 Y-211.706 Z2.309 F400.000
G1 X-16.281 Y-211.691 Z2.308 F400.000
G1 X-16.257 Y-211.672 Z2.307 F400.000
G1 X-16.238 Y-211.649 Z2.306 F400.000
G1 X-16.224 Y-211.622 Z2.305 F400.000
G1 X-16.215 Y-211.593 Z2.304 F400.000
G1 X-16.204 Y-211.485 Z2.300 F400.000
G1 X-16.204 Y-208.593 Z2.199 F400.000
G1 X-16.207 Y-208.533 Z2.197 F400.000
G1 X-16.210 Y-208.515 Z2.196 F400.000
G1 X-16.215 Y-208.499 Z2.196 F400.000
G1 X-16.238 Y-208.442 Z2.194 F400.000
G1 X-20.159 Y-200.027 Z1.869 F400.000
G1 X-20.286 Y-199.686 Z1.857 F400.000
G1 X-20.375 Y-199.333 Z1.844 F400.000
G1 X-20.425 Y-198.973 Z1.831 F400.000
G1 X-20.437 Y-198.696 Z1.822 F400.000
G1 X-20.437 Y-175.828 Z1.023 F400.000
G1 X-20.424 Y-175.621 Z1.016 F400.000
G1 X-20.390 Y-175.362 Z1.007 F400.000
G1 X-20.283 Y-174.962 Z0.992 F400.000
G1 X-20.183 Y-174.721 Z0.983 F400.000
G1 X-19.975 Y-174.362 Z0.969 F400.000
G1 X-19.817 Y-174.155 Z0.959 F400.000
G1 X-19.524 Y-173.862 Z0.945 F400.000
G1 X-19.316 Y-173.703 Z0.936 F400.000
G1 X-18.958 Y-173.496 Z0.921 F400.000
G1 X-18.716 Y-173.396 Z0.912 F400.000
G1 X-18.316 Y-173.289 Z0.898 F400.000
G1 X-18.057 Y-173.255 Z0.889 F400.000
G1 X-17.850 Y-173.241 Z0.881 F400.000
G1 X-16.445 Y-173.241 Z0.832 F400.000
G1 X-16.336 Y-173.230 Z0.829 F400.000
G1 X-16.307 Y-173.222 Z0.828 F400.000
G1 X-16.281 Y-173.207 Z0.826 F400.000
G1 X-16.257 Y-173.188 Z0.825 F400.000
G1 X-16.238 Y-173.164 Z0.824 F400.000
G1 X-16.224 Y-173.138 Z0.823 F400.000
G1 X-16.215 Y-173.109 Z0.822 F400.000
G1 X-16.204 Y-173.000 Z0.818 F400.000
G1 X-16.204 Y-170.109 Z0.717 F400.000
G1 X-16.207 Y-170.049 Z0.715 F400.000
G1 X-16.210 Y-170.031 Z0.715 F400.000
G1 X-16.215 Y-170.015 Z0.714 F400.000
G1 X-16.238 Y-169.958 Z0.712 F400.000
G1 X-20.159 Y-161.543 Z0.388 F400.000
G1 X-20.286 Y-161.202 Z0.375 F400.000
G1 X-20.375 Y-160.849 Z0.362 F400.000
G1 X-20.425 Y-160.489 Z0.350 F400.000
G1 X-20.437 Y-160.212 Z0.340 F400.000
G1 X-20.437 Y-137.344 Z-0.459 F400.000
G1 X-20.424 Y-137.137 Z-0.466 F400.000
G1 X-20.390 Y-136.878 Z-0.475 F400.000
G1 X-20.283 Y-136.478 Z-0.489 F400.000
G1 X-20.183 Y-136.237 Z-0.499 F400.000
G1 X-19.975 Y-135.878 Z-0.513 F400.000
G1 X-19.817 Y-135.671 Z-0.522 F400.000
G1 X-19.524 Y-135.378 Z-0.537 F400.000
G1 X-19.316 Y-135.219 Z-0.546 F400.000
G1 X-18.958 Y-135.012 Z-0.560 F400.000
G1 X-18.716 Y-134.912 Z-0.569 F400.000
G1 X-18.316 Y-134.805 Z-0.584 F400.000
G1 X-18.057 Y-134.771 Z-0.593 F400.000
G1 X-17.850 Y-134.757 Z-0.600 F400.000
G1 X-16.445 Y-134.757 Z-0.649 F400.000
G1 X-16.336 Y-134.746 Z-0.653 F400.000
G1 X-16.307 Y-134.738 Z-0.654 F400.000
G1 X-16.281 Y-134.723 Z-0.655 F400.000
G1 X-16.257 Y-134.704 Z-0.656 F400.000
G1 X-16.238 Y-134.680 Z-0.657 F400.000
G1 X-16.224 Y-134.654 Z-0.658 F400.000
G1 X-16.215 Y-134.625 Z-0.659 F400.000
G1 X-16.204 Y-134.516 Z-0.663 F400.000
G1 X-16.204 Y-131.625 Z-0.764 F400.000
G1 X-16.207 Y-131.565 Z-0.766 F400.000
G1 X-16.210 Y-131.547 Z-0.767 F400.000
G1 X-16.215 Y-131.531 Z-0.767 F400.000
G1 X-16.238 Y-131.474 Z-0.770 F400.000
G1 X-16.606 Y-130.684 Z-0.800 F400.000
G1 X-16.238 Y-131.474 Z-0.830 F400.000
G1 X-16.215 Y-131.531 Z-0.833 F400.000
G1 X-16.210 Y-131.547 Z-0.833 F400.000
G1 X-16.207 Y-131.565 Z-0.834 F400.000
G1 X-16.204 Y-131.625 Z-0.836 F400.000
G1 X-16.204 Y-134.516 Z-0.937 F400.000
G1 X-16.215 Y-134.625 Z-0.941 F400.000
G1 X-16.224 Y-134.654 Z-0.942 F400.000
G1 X-16.238 Y-134.680 Z-0.943 F400.000
G1 X-16.257 Y-134.704 Z-0.944 F400.000
G1 X-16.281 Y-134.723 Z-0.945 F400.000
G1 X-16.307 Y-134.738 Z-0.946 F400.000
G1 X-16.336 Y-134.746 Z-0.947 F400.000
G1 X-16.445 Y-134.757 Z-0.951 F400.000
G1 X-17.850 Y-134.757 Z-1.000 F400.000
G1 X-18.057 Y-134.771 Z-1.007 F400.000
G1 X-18.316 Y-134.805 Z-1.016 F400.000
G1 X-18.716 Y-134.912 Z-1.031 F400.000
G1 X-18.958 Y-135.012 Z-1.040 F400.000
G1 X-19.316 Y-135.219 Z-1.054 F400.000
G1 X-19.524 Y-135.378 Z-1.063 F400.000
G1 X-19.817 Y-135.671 Z-1.078 F400.000
G1 X-19.975 Y-135.878 Z-1.087 F400.000
G1 X-20.183 Y-136.237 Z-1.101 F400.000
G1 X-20.283 Y-136.478 Z-1.111 F400.000
G1 X-20.390 Y-136.878 Z-1.125 F400.000
G1 X-20.424 Y-137.137 Z-1.134 F400.000
G1 X-20.437 Y-137.344 Z-1.141 F400.000
G1 X-20.437 Y-160.212 Z-1.940 F400.000
G1 X-20.425 Y-160.489 Z-1.950 F400.000
G1 X-20.375 Y-160.849 Z-1.962 F400.000
G1 X-20.286 Y-161.202 Z-1.975 F400.000
G1 X-20.159 Y-161.543 Z-1.988 F400.000
G1 X-16.238 Y-169.958 Z-2.312 F400.000
G1 X-16.215 Y-170.015 Z-2.314 F400.000
G1 X-16.210 Y-170.031 Z-2.315 F400.000
G1 X-16.207 Y-170.049 Z-2.315 F400.000
G1 X-16.204 Y-170.109 Z-2.317 F400.000
G1 X-16.204 Y-173.000 Z-2.418 F400.000
G1 X-16.215 Y-173.109 Z-2.422 F400.000
G1 X-16.224 Y-173.138 Z-2.423 F400.000
G1 X-16.238 Y-173.164 Z-2.424 F400.000
G1 X-16.257 Y-173.188 Z-2.425 F400.000
G1 X-16.281 Y-173.207 Z-2.426 F400.000
G1 X-16.307 Y-173.222 Z-2.428 F400.000
G1 X-16.336 Y-173.230 Z-2.429 F400.000
G1 X-16.445 Y-173.241 Z-2.432 F400.000
G1 X-17.850 Y-173.241 Z-2.481 F400.000
G1 X-18.057 Y-173.255 Z-2.489 F400.000
G1 X-18.316 Y-173.289 Z-2.498 F400.000
G1 X-18.716 Y-173.396 Z-2.512 F400.000
G1 X-18.958 Y-173.496 Z-2.521 F400.000
G1 X-19.316 Y-173.703 Z-2.536 F400.000
G1 X-19.524 Y-173.862 Z-2.545 F400.000
G1 X-19.817 Y-174.155 Z-2.559 F400.000
G1 X-19.975 Y-174.362 Z-2.569 F400.000
G1 X-20.183 Y-174.721 Z-2.583 F400.000
G1 X-20.283 Y-174.962 Z-2.592 F400.000
G1 X-20.390 Y-175.362 Z-2.607 F400.000
G1 X-20.424 Y-175.621 Z-2.616 F400.000
G1 X-20.437 Y-175.828 Z-2.623 F400.000
G1 X-20.437 Y-198.696 Z-3.422 F400.000
G1 X-20.425 Y-198.973 Z-3.431 F400.000
G1 X-20.375 Y-199.333 Z-3.444 F400.000
G1 X-20.286 Y-199.686 Z-3.457 F400.000
G1 X-20.159 Y-200.027 Z-3.469 F400.000
G1 X-16.238 Y-208.442 Z-3.794 F400.000
G1 X-16.215 Y-208.499 Z-3.796 F400.000
G1 X-16.210 Y-208.515 Z-3.796 F400.000
G1 X-16.207 Y-208.533 Z-3.797 F400.000
G1 X-16.204 Y-208.593 Z-3.799 F400.000
G1 X-16.204 Y-211.485 Z-3.900 F400.000
G1 X-16.215 Y-211.593 Z-3.904 F400.000
G1 X-16.224 Y-211.622 Z-3.905 F400.000
G1 X-16.238 Y-211.649 Z-3.906 F400.000
G1 X-16.257 Y-211.672 Z-3.907 F400.000
G1 X-16.281 Y-211.691 Z-3.908 F400.000
G1 X-16.307 Y-211.706 Z-3.909 F400.000
G1 X-16.336 Y-211.714 Z-3.910 F400.000
G1 X-16.445 Y-211.725 Z-3.914 F400.000
G1 X-17.850 Y-211.725 Z-3.963 F400.000
G1 X-18.057 Y-211.739 Z-3.970 F400.000
G1 X-18.316 Y-211.773 Z-3.979 F400.000
G1 X-18.716 Y-211.880 Z-3.994 F400.000
G1 X-18.958 Y-211.980 Z-4.003 F400.000
G1 X-19.316 Y-212.187 Z-4.017 F400.000
G1 X-19.524 Y-212.346 Z-4.027 F400.000
G1 X-19.817 Y-212.639 Z-4.041 F400.000
G1 X-19.975 Y-212.846 Z-4.050 F400.000
G1 X-20.183 Y-213.205 Z-4.065 F400.000
G1 X-20.283 Y-213.446 Z-4.074 F400.000
G1 X-20.390 Y-213.846 Z-4.088 F400.000
G1 X-20.424 Y-214.105 Z-4.097 F400.000
G1 X-20.437 Y-214.313 Z-4.105 F400.000
G1 X-20.437 Y-228.500 Z-4.600 F400.000
G1 X-20.437 Y-214.313 Z-4.600 F400.000
G1 X-20.424 Y-214.105 Z-4.600 F400.000
G1 X-20.390 Y-213.846 Z-4.600 F400.000
G1 X-20.283 Y-213.446 Z-4.600 F400.000
G1 X-20.183 Y-213.205 Z-4.600 F400.000
G1 X-19.975 Y-212.846 Z-4.600 F400.000
G1 X-19.817 Y-212.639 Z-4.600 F400.000
G1 X-19.524 Y-212.346 Z-4.600 F400.000
G1 X-19.316 Y-212.187 Z-4.600 F400.000
G1 X-18.958 Y-211.980 Z-4.600 F400.000
G1 X-18.716 Y-211.880 Z-4.600 F400.000
G1 X-18.316 Y-211.773 Z-4.600 F400.000
G1 X-18.057 Y-211.739 Z-4.600 F400.000
G1 X-17.850 Y-211.725 Z-4.600 F400.000
G1 X-16.445 Y-211.725 Z-4.600 F400.000
G1 X-16.336 Y-211.714 Z-4.600 F400.000
G1 X-16.307 Y-211.706 Z-4.600 F400.000
G1 X-16.281 Y-211.691 Z-4.600 F400.000
G1 X-16.257 Y-211.672 Z-4.600 F400.000
G1 X-16.238 Y-211.649 Z-4.600 F400.000
G1 X-16.224 Y-211.622 Z-4.600 F400.000
G1 X-16.215 Y-211.593 Z-4.600 F400.000
G1 X-16.204 Y-211.485 Z-4.600 F400.000
G1 X-16.204 Y-208.593 Z-4.600 F400.000
G1 X-16.207 Y-208.533 Z-4.600 F400.000
G1 X-16.210 Y-208.515 Z-4.600 F400.000
G1 X-16.215 Y-208.499 Z-4.600 F400.000
G1 X-16.238 Y-208.442 Z-4.600 F400.000
G1 X-20.159 Y-200.027 Z-4.600 F400.000
G1 X-20.286 Y-199.686 Z-4.600 F400.000
G1 X-20.375 Y-199.333 Z-4.600 F400.000
G1 X-20.425 Y-198.973 Z-4.600 F400.000
G1 X-20.437 Y-198.696 Z-4.600 F400.000
G1 X-20.437 Y-175.828 Z-4.600 F400.000
G1 X-20.424 Y-175.621 Z-4.600 F400.000
G1 X-20.390 Y-175.362 Z-4.600 F400.000
G1 X-20.283 Y-174.962 Z-4.600 F400.000
G1 X-20.183 Y-174.721 Z-4.600 F400.000
G1 X-19.975 Y-174.362 Z-4.600 F400.000
G1 X-19.817 Y-174.155 Z-4.600 F400.000
G1 X-19.524 Y-173.862 Z-4.600 F400.000
G1 X-19.316 Y-173.703 Z-4.600 F400.000
G1 X-18.958 Y-173.496 Z-4.600 F400.000
G1 X-18.716 Y-173.396 Z-4.600 F400.000
G1 X-18.316 Y-173.289 Z-4.600 F400.000
G1 X-18.057 Y-173.255 Z-4.600 F400.000
G1 X-17.850 Y-173.241 Z-4.600 F400.000
G1 X-16.445 Y-173.241 Z-4.600 F400.000
G1 X-16.336 Y-173.230 Z-4.600 F400.000
G1 X-16.307 Y-173.222 Z-4.600 F400.000
G1 X-16.281 Y-173.207 Z-4.600 F400.000
G1 X-16.257 Y-173.188 Z-4.600 F400.000
G1 X-16.238 Y-173.164 Z-4.600 F400.000
G1 X-16.224 Y-173.138 Z-4.600 F400.000
G1 X-16.215 Y-173.109 Z-4.600 F400.000
G1 X-16.204 Y-173.000 Z-4.600 F400.000
G1 X-16.204 Y-170.109 Z-4.600 F400.000
G1 X-16.207 Y-170.049 Z-4.600 F400.000
G1 X-16.210 Y-170.031 Z-4.600 F400.000
G1 X-16.215 Y-170.015 Z-4.600 F400.000
G1 X-16.238 Y-169.958 Z-4.600 F400.000
G1 X-20.159 Y-161.543 Z-4.600 F400.000
G1 X-20.286 Y-161.202 Z-4.600 F400.000
G1 X-20.375 Y-160.849 Z-4.600 F400.000
G1 X-20.425 Y-160.489 Z-4.600 F400.000
G1 X-20.437 Y-160.212 Z-4.600 F400.000
G1 X-20.437 Y-137.344 Z-4.600 F400.000
G1 X-20.424 Y-137.137 Z-4.600 F400.000
G1 X-20.390 Y-136.878 Z-4.600 F400.000
G1 X-20.283 Y-136.478 Z-4.600 F400.000
G1 X-20.183 Y-136.237 Z-4.600 F400.000
G1 X-19.975 Y-135.878 Z-4.600 F400.000
G1 X-19.817 Y-135.671 Z-4.600 F400.000
G1 X-19.524 Y-135.378 Z-4.600 F400.000
G1 X-19.316 Y-135.219 Z-4.600 F400.000
G1 X-18.958 Y-135.012 Z-4.600 F400.000
G1 X-18.716 Y-134.912 Z-4.600 F400.000
G1 X-18.316 Y-134.805 Z-4.600 F400.000
G1 X-18.057 Y-134.771 Z-4.600 F400.000
G1 X-17.850 Y-134.757 Z-4.600 F400.000
G1 X-16.445 Y-134.757 Z-4.600 F400.000
G1 X-16.336 Y-134.746 Z-4.600 F400.000
G1 X-16.307 Y-134.738 Z-4.600 F400.000
G1 X-16.281 Y-134.723 Z-4.600 F400.000
G1 X-16.257 Y-134.704 Z-4.600 F400.000
G1 X-16.238 Y-134.680 Z-4.600 F400.000
G1 X-16.224 Y-134.654 Z-4.600 F400.000
G1 X-16.215 Y-134.625 Z-4.600 F400.000
G1 X-16.204 Y-134.516 Z-4.600 F400.000
G1 X-16.204 Y-131.625 Z-4.600 F400.000
G1 X-16.207 Y-131.565 Z-4.600 F400.000
G1 X-16.210 Y-131.547 Z-4.600 F400.000
G1 X-16.215 Y-131.531 Z-4.600 F400.000
G1 X-16.238 Y-131.474 Z-4.600 F400.000
G1 X-20.159 Y-123.059 Z-4.600 F400.000
G1 X-20.286 Y-122.718 Z-4.600 F400.000
G1 X-20.375 Y-122.365 Z-4.600 F400.000
G1 X-20.425 Y-122.005 Z-4.600 F400.000
G1 X-20.437 Y-121.728 Z-4.600 F400.000
G1 X-20.437 Y-98.860 Z-4.600 F400.000
G1 X-20.424 Y-98.653 Z-4.600 F400.000
G1 X-20.390 Y-98.394 Z-4.600 F400.000
G1 X-20.283 Y-97.994 Z-4.600 F400.000
G1 X-20.183 Y-97.753 Z-4.600 F400.000
G1 X-19.975 Y-97.394 Z-4.600 F400.000
G1 X-19.817 Y-97.187 Z-4.600 F400.000
G1 X-19.524 Y-96.894 Z-4.600 F400.000
G1 X-19.316 Y-96.735 Z-4.600 F400.000
G1 X-18.958 Y-96.528 Z-4.600 F400.000
G1 X-18.716 Y-96.428 Z-4.600 F400.000
G1 X-18.316 Y-96.321 Z-4.600 F400.000
G1 X-18.057 Y-96.287 Z-4.600 F400.000
G1 X-17.850 Y-96.273 Z-4.600 F400.000
G1 X-16.445 Y-96.273 Z-4.600 F400.000
G1 X-16.336 Y-96.262 Z-4.600 F400.000
G1 X-16.307 Y-96.253 Z-4.600 F400.000
G1 X-16.281 Y-96.239 Z-4.600 F400.000
G1 X-16.257 Y-96.220 Z-4.600 F400.000
G1 X-16.238 Y-96.196 Z-4.600 F400.000
G1 X-16.224 Y-96.170 Z-4.600 F400.000
G1 X-16.215 Y-96.141 Z-4.600 F400.000
G1 X-16.204 Y-96.032 Z-4.600 F400.000
G1 X-16.204 Y-93.141 Z-4.600 F400.000
G1 X-16.207 Y-93.081 Z-4.600 F400.000
G1 X-16.210 Y-93.063 Z-4.600 F400.000
G1 X-16.215 Y-93.046 Z-4.600 F400.000
G1 X-16.238 Y-92.990 Z-4.600 F400.000
G1 X-20.159 Y-84.575 Z-4.600 F400.000
G1 X-20.286 Y-84.234 Z-4.600 F400.000
G1 X-20.375 Y-83.881 Z-4.600 F400.000
G1 X-20.425 Y-83.521 Z-4.600 F400.000
G1 X-20.437 Y-83.244 Z-4.600 F400.000
G1 X-20.437 Y-60.376 Z-4.600 F400.000
G1 X-20.424 Y-60.169 Z-4.600 F400.000
G1 X-20.390 Y-59.910 Z-4.600 F400.000
G1 X-20.283 Y-59.510 Z-4.600 F400.000
G1 X-20.183 Y-59.269 Z-4.600 F400.000
G1 X-19.975 Y-58.910 Z-4.600 F400.000
G1 X-19.817 Y-58.703 Z-4.600 F400.000
G1 X-19.524 Y-58.410 Z-4.600 F400.000
G1 X-19.316 Y-58.251 Z-4.600 F400.000
G1 X-18.958 Y-58.044 Z-4.600 F400.000
G1 X-18.716 Y-57.944 Z-4.600 F400.000
G1 X-18.316 Y-57.837 Z-4.600 F400.000
G1 X-18.057 Y-57.803 Z-4.600 F400.000
G1 X-17.850 Y-57.789 Z-4.600 F400.000
G1 X-16.445 Y-57.789 Z-4.600 F400.000
G1 X-16.336 Y-57.778 Z-4.600 F400.000
G1 X-16.307 Y-57.769 Z-4.600 F400.000
G1 X-16.281 Y-57.755 Z-4.600 F400.000
G1 X-16.257 Y-57.736 Z-4.600 F400.000
G1 X-16.238 Y-57.712 Z-4.600 F400.000
G1 X-16.224 Y-57.686 Z-4.600 F400.000
G1 X-16.215 Y-57.657 Z-4.600 F400.000
G1 X-16.204 Y-57.548 Z-4.600 F400.000
G1 X-16.204 Y-54.657 Z-4.600 F400.000
G1 X-16.207 Y-54.597 Z-4.600 F400.000
G1 X-16.210 Y-54.579 Z-4.600 F400.000
G1 X-16.215 Y-54.562 Z-4.600 F400.000
G1 X-16.238 Y-54.506 Z-4.600 F400.000
G1 X-20.159 Y-46.091 Z-4.600 F400.000
G1 X-20.286 Y-45.750 Z-4.600 F400.000
G1 X-20.375 Y-45.397 Z-4.600 F400.000
G1 X-20.425 Y-45.037 Z-4.600 F400.000
G1 X-20.437 Y-44.760 Z-4.600 F400.000
G1 X-20.430 Y-36.124 Z-4.600 F400.000
G1 X-20.396 Y-35.783 Z-4.600 F400.000
G1 X-20.336 Y-35.477 Z-4.600 F400.000
G1 X-20.236 Y-35.149 Z-4.600 F400.000
G1 X-20.117 Y-34.862 Z-4.600 F400.000
G1 X-19.955 Y-34.559 Z-4.600 F400.000
G1 X-19.782 Y-34.300 Z-4.600 F400.000
G1 X-19.565 Y-34.035 Z-4.600 F400.000
G1 X-19.345 Y-33.815 Z-4.600 F400.000
G1 X-19.079 Y-33.597 Z-4.600 F400.000
G1 X-18.821 Y-33.424 Z-4.600 F400.000
G1 X-18.518 Y-33.263 Z-4.600 F400.000
G1 X-18.231 Y-33.144 Z-4.600 F400.000
G1 X-17.902 Y-33.044 Z-4.600 F400.000
G1 X-17.597 Y-32.983 Z-4.600 F400.000
G1 X-17.100 Y-32.942 Z-4.600 F400.000
G1 X-14.328 Y-32.942 Z-4.600 F400.000
G1 X-14.220 Y-32.931 Z-4.600 F400.000
G1 X-14.191 Y-32.923 Z-4.600 F400.000
G1 X-14.164 Y-32.908 Z-4.600 F400.000
G1 X-14.141 Y-32.889 Z-4.600 F400.000
G1 X-14.121 Y-32.866 Z-4.600 F400.000
G1 X-14.107 Y-32.839 Z-4.600 F400.000
G1 X-14.098 Y-32.810 Z-4.600 F400.000
G1 X-14.088 Y-32.702 Z-4.600 F400.000
G1 X-14.087 Y-30.995 Z-4.600 F400.000
G1 X-14.098 Y-30.887 Z-4.600 F400.000
G1 X-14.107 Y-30.858 Z-4.600 F400.000
G1 X-14.121 Y-30.831 Z-4.600 F400.000
G1 X-14.141 Y-30.808 Z-4.600 F400.000
G1 X-14.164 Y-30.788 Z-4.600 F400.000
G1 X-14.191 Y-30.774 Z-4.600 F400.000
G1 X-14.220 Y-30.765 Z-4.600 F400.000
G1 X-14.330 Y-30.754 Z-4.600 F400.000
G1 X-17.256 Y-30.747 Z-4.600 F400.000
G1 X-17.597 Y-30.713 Z-4.600 F400.000
G1 X-17.902 Y-30.653 Z-4.600 F400.000
G1 X-18.231 Y-30.553 Z-4.600 F400.000
G1 X-18.518 Y-30.434 Z-4.600 F400.000
G1 X-18.821 Y-30.272 Z-4.600 F400.000
G1 X-19.079 Y-30.099 Z-4.600 F400.000
G1 X-19.345 Y-29.882 Z-4.600 F400.000
G1 X-19.565 Y-29.662 Z-4.600 F400.000
G1 X-19.782 Y-29.396 Z-4.600 F400.000
G1 X-19.955 Y-29.138 Z-4.600 F400.000
G1 X-20.117 Y-28.835 Z-4.600 F400.000
G1 X-20.236 Y-28.548 Z-4.600 F400.000
G1 X-20.336 Y-28.219 Z-4.600 F400.000
G1 X-20.396 Y-27.914 Z-4.600 F400.000
G1 X-20.437 Y-27.417 Z-4.600 F400.000
G1 X-20.437 Y-3.500 Z-4.600 F400.000
G0 X-20.437 Y-3.500 Z5.000
G0 X-20.437 Y-228.500 Z5.000
G0 X-20.437 Y-228.500 Z3.000
G1 X-20.437 Y-214.313 Z2.505 F400.000
G1 X-20.424 Y-214.105 Z2.497 F400.000
G1 X-20.390 Y-213.846 Z2.488 F400.000
G1 X-20.283 Y-213.446 Z2.474 F400.000
G1 X-20.183 Y-213.205 Z2.465 F400.000
G1 X-19.975 Y-212.846 Z2.450 F400.000
G1 X-19.817 Y-212.639 Z2.441 F400.000
G1 X-19.524 Y-212.346 Z2.427 F400.000
G1 X-19.316 Y-212.187 Z2.417 F400.000
G1 X-18.958 Y-211.980 Z2.403 F400.000
G1 X-18.716 Y-211.880 Z2.394 F400.000
G1 X-18.316 Y-211.773 Z2.379 F400.000
G1 X-18.057 Y-211.739 Z2.370 F400.000
G1 X-17.850 Y-211.725 Z2.363 F400.000
G1 X-16.445 Y-211.725 Z2.314 F400.000
G1 X-16.336 Y-211.714 Z2.310 F400.000
G1 X-16.307 Y-211.706 Z2.309 F400.000
G1 X-16.281 Y-211.691 Z2.308 F400.000
G1 X-16.257 Y-211.672 Z2.307 F400.000
G1 X-16.238 Y-211.649 Z2.306 F400.000
G1 X-16.224 Y-211.622 Z2.305 F400.000
G1 X-16.215 Y-211.593 Z2.304 F400.000
G1 X-16.204 Y-211.485 Z2.300 F400.000
G1 X-16.204 Y-208.593 Z2.199 F400.000
G1 X-16.207 Y-208.533 Z2.197 F400.000
G1 X-16.210 Y-208.515 Z2.196 F400.000
G1 X-16.215 Y-208.499 Z2.196 F400.000
G1 X-16.238 Y-208.442 Z2.194 F400.000
G1 X-20.159 Y-200.027 Z1.869 F400.000
G1 X-20.286 Y-199.686 Z1.857 F400.000
G1 X-20.375 Y-199.333 Z1.844 F400.000
G1 X-20.425 Y-198.973 Z1.831 F400.000
G1 X-20.437 Y-198.696 Z1.822 F400.000
G1 X-20.437 Y-175.828 Z1.023 F400.000
G1 X-20.424 Y-175.621 Z1.016 F400.000
G1 X-20.390 Y-175.362 Z1.007 F400.000
G1 X-20.283 Y-174.962 Z0.992 F400.000
G1 X-20.183 Y-174.721 Z0.983 F400.000
G1 X-19.975 Y-174.362 Z0.969 F400.000
G1 X-19.817 Y-174.155 Z0.959 F400.000
G1 X-19.524 Y-173.862 Z0.945 F400.000
G1 X-19.316 Y-173.703 Z0.936 F400.000
G1 X-18.958 Y-173.496 Z0.921 F400.000
G1 X-18.716 Y-173.396 Z0.912 F400.000
G1 X-18.316 Y-173.289 Z0.898 F400.000
G1 X-18.057 Y-173.255 Z0.889 F400.000
G1 X-17.850 Y-173.241 Z0.881 F400.000
G1 X-16.445 Y-173.241 Z0.832 F400.000
G1 X-16.336 Y-173.230 Z0.829 F400.000
G1 X-16.307 Y-173.222 Z0.828 F400.000
G1 X-16.281 Y-173.207 Z0.826 F400.000
G1 X-16.257 Y-173.188 Z0.825 F400.000
G1 X-16.238 Y-173.164 Z0.824 F400.000
G1 X-16.224 Y-173.138 Z0.823 F400.000
G1 X-16.215 Y-173.109 Z0.822 F400.000
G1 X-16.204 Y-173.000 Z0.818 F400.000
G1 X-16.204 Y-170.109 Z0.717 F400.000
G1 X-16.207 Y-170.049 Z0.715 F400.000
G1 X-16.210 Y-170.031 Z0.715 F400.000
G1 X-16.215 Y-170.015 Z0.714 F400.000
G1 X-16.238 Y-169.958 Z0.712 F400.000
G1 X-20.159 Y-161.543 Z0.388 F400.000
G1 X-20.286 Y-161.202 Z0.375 F400.000
G1 X-20.375 Y-160.849 Z0.362 F400.000
G1 X-20.425 Y-160.489 Z0.350 F400.000
G1 X-20.437 Y-160.212 Z0.340 F400.000
G1 X-20.437 Y-137.344 Z-0.459 F400.000
G1 X-20.424 Y-137.137 Z-0.466 F400.000
G1 X-20.390 Y-136.878 Z-0.475 F400.000
G1 X-20.283 Y-136.478 Z-0.489 F400.000
G1 X-20.183 Y-136.237 Z-0.499 F400.000
G1 X-19.975 Y-135.878 Z-0.513 F400.000
G1 X-19.817 Y-135.671 Z-0.522 F400.000
G1 X-19.524 Y-135.378 Z-0.537 F400.000
G1 X-19.316 Y-135.219 Z-0.546 F400.000
G1 X-18.958 Y-135.012 Z-0.560 F400.000
G1 X-18.716 Y-134.912 Z-0.569 F400.000
G1 X-18.316 Y-134.805 Z-0.584 F400.000
G1 X-18.057 Y-134.771 Z-0.593 F400.000
G1 X-17.850 Y-134.757 Z-0.600 F400.000
G1 X-16.445 Y-134.757 Z-0.649 F400.000
G1 X-16.336 Y-134.746 Z-0.653 F400.000
G1 X-16.307 Y-134.738 Z-0.654 F400.000
G1 X-16.281 Y-134.723 Z-0.655 F400.000
G1 X-16.257 Y-134.704 Z-0.656 F400.000
G1 X-16.238 Y-134.680 Z-0.657 F400.000
G1 X-16.224 Y-134.654 Z-0.658 F400.000
G1 X-16.215 Y-134.625 Z-0.659 F400.000
G1 X-16.204 Y-134.516 Z-0.663 F400.000
G1 X-16.204 Y-131.625 Z-0.764 F400.000
G1 X-16.207 Y-131.565 Z-0.766 F400.000
G1 X-16.210 Y-131.547 Z-0.767 F400.000
G1 X-16.215 Y-131.531 Z-0.767 F400.000
G1 X-16.238 Y-131.474 Z-0.770 F400.000
G1 X-17.815 Y-128.089 Z-0.900 F400.000
G1 X-16.238 Y-131.474 Z-1.030 F400.000
G1 X-16.215 Y-131.531 Z-1.033 F400.000
G1 X-16.210 Y-131.547 Z-1.033 F400.000
G1 X-16.207 Y-131.565 Z-1.034 F400.000
G1 X-16.204 Y-131.625 Z-1.036 F400.000
G1 X-16.204 Y-134.516 Z-1.137 F400.000
G1 X-16.215 Y-134.625 Z-1.141 F400.000
G1 X-16.224 Y-134.654 Z-1.142 F400.000
G1 X-16.238 Y-134.680 Z-1.143 F400.000
G1 X-16.257 Y-134.704 Z-1.144 F400.000
G1 X-16.281 Y-134.723 Z-1.145 F400.000
G1 X-16.307 Y-134.738 Z-1.146 F400.000
G1 X-16.336 Y-134.746 Z-1.147 F400.000
G1 X-16.445 Y-134.757 Z-1.151 F400.000
G1 X-17.850 Y-134.757 Z-1.200 F400.000
G1 X-18.057 Y-134.771 Z-1.207 F400.000
G1 X-18.316 Y-134.805 Z-1.216 F400.000
G1 X-18.716 Y-134.912 Z-1.231 F400.000
G1 X-18.958 Y-135.012 Z-1.240 F400.000
G1 X-19.316 Y-135.219 Z-1.254 F400.000
G1 X-19.524 Y-135.378 Z-1.263 F400.000
G1 X-19.817 Y-135.671 Z-1.278 F400.000
G1 X-19.975 Y-135.878 Z-1.287 F400.000
G1 X-20.183 Y-136.237 Z-1.301 F400.000
G1 X-20.283 Y-136.478 Z-1.311 F400.000
G1 X-20.390 Y-136.878 Z-1.325 F400.000
G1 X-20.424 Y-137.137 Z-1.334 F400.000
G1 X-20.437 Y-137.344 Z-1.341 F400.000
G1 X-20.437 Y-160.212 Z-2.140 F400.000
G1 X-20.425 Y-160.489 Z-2.150 F400.000
G1 X-20.375 Y-160.849 Z-2.162 F400.000
G1 X-20.286 Y-161.202 Z-2.175 F400.000
G1 X-20.159 Y-161.543 Z-2.188 F400.000
G1 X-16.238 Y-169.958 Z-2.512 F400.000
G1 X-16.215 Y-170.015 Z-2.514 F400.000
G1 X-16.210 Y-170.031 Z-2.515 F400.000
G1 X-16.207 Y-170.049 Z-2.515 F400.000
G1 X-16.204 Y-170.109 Z-2.517 F400.000
G1 X-16.204 Y-173.000 Z-2.618 F400.000
G1 X-16.215 Y-173.109 Z-2.622 F400.000
G1 X-16.224 Y-173.138 Z-2.623 F400.000
G1 X-16.238 Y-173.164 Z-2.624 F400.000
G1 X-16.257 Y-173.188 Z-2.625 F400.000
G1 X-16.281 Y-173.207 Z-2.626 F400.000
G1 X-16.307 Y-173.222 Z-2.628 F400.000
G1 X-16.336 Y-173.230 Z-2.629 F400.000
G1 X-16.445 Y-173.241 Z-2.632 F400.000
G1 X-17.850 Y-173.241 Z-2.681 F400.000
G1 X-18.057 Y-173.255 Z-2.689 F400.000
G1 X-18.316 Y-173.289 Z-2.698 F400.000
G1 X-18.716 Y-173.396 Z-2.712 F400.000
G1 X-18.958 Y-173.496 Z-2.721 F400.000
G1 X-19.316 Y-173.703 Z-2.736 F400.000
G1 X-19.524 Y-173.862 Z-2.745 F400.000
G1 X-19.817 Y-174.155 Z-2.759 F400.000
G1 X-19.975 Y-174.362 Z-2.769 F400.000
G1 X-20.183 Y-174.721 Z-2.783 F400.000
G1 X-20.283 Y-174.962 Z-2.792 F400.000
G1 X-20.390 Y-175.362 Z-2.807 F400.000
G1 X-20.424 Y-175.621 Z-2.816 F400.000
G1 X-20.437 Y-175.828 Z-2.823 F400.000
G1 X-20.437 Y-198.696 Z-3.622 F400.000
G1 X-20.425 Y-198.973 Z-3.631 F400.000
G1 X-20.375 Y-199.333 Z-3.644 F400.000
G1 X-20.286 Y-199.686 Z-3.657 F400.000
G1 X-20.159 Y-200.027 Z-3.669 F400.000
G1 X-16.238 Y-208.442 Z-3.994 F400.000
G1 X-16.215 Y-208.499 Z-3.996 F400.000
G1 X-16.210 Y-208.515 Z-3.996 F400.000
G1 X-16.207 Y-208.533 Z-3.997 F400.000
G1 X-16.204 Y-208.593 Z-3.999 F400.000
G1 X-16.204 Y-211.485 Z-4.100 F400.000
G1 X-16.215 Y-211.593 Z-4.104 F400.000
G1 X-16.224 Y-211.622 Z-4.105 F400.000
G1 X-16.238 Y-211.649 Z-4.106 F400.000
G1 X-16.257 Y-211.672 Z-4.107 F400.000
G1 X-16.281 Y-211.691 Z-4.108 F400.000
G1 X-16.307 Y-211.706 Z-4.109 F400.000
G1 X-16.336 Y-211.714 Z-4.110 F400.000
G1 X-16.445 Y-211.725 Z-4.114 F400.000
G1 X-17.850 Y-211.725 Z-4.163 F400.000
G1 X-18.057 Y-211.739 Z-4.170 F400.000
G1 X-18.316 Y-211.773 Z-4.179 F400.000
G1 X-18.716 Y-211.880 Z-4.194 F400.000
G1 X-18.958 Y-211.980 Z-4.203 F400.000
G1 X-19.316 Y-212.187 Z-4.217 F400.000
G1 X-19.524 Y-212.346 Z-4.227 F400.000
G1 X-19.817 Y-212.639 Z-4.241 F400.000
G1 X-19.975 Y-212.846 Z-4.250 F400.000
G1 X-20.183 Y-213.205 Z-4.265 F400.000
G1 X-20.283 Y-213.446 Z-4.274 F400.000
G1 X-20.390 Y-213.846 Z-4.288 F400.000
G1 X-20.424 Y-214.105 Z-4.297 F400.000
G1 X-20.437 Y-214.313 Z-4.305 F400.000
G1 X-20.437 Y-228.500 Z-4.800 F400.000
G1 X-20.437 Y-214.313 Z-4.800 F400.000
G1 X-20.424 Y-214.105 Z-4.800 F400.000
G1 X-20.390 Y-213.846 Z-4.800 F400.000
G1 X-20.283 Y-213.446 Z-4.800 F400.000
G1 X-20.183 Y-213.205 Z-4.800 F400.000
G1 X-19.975 Y-212.846 Z-4.800 F400.000
G1 X-19.817 Y-212.639 Z-4.800 F400.000
G1 X-19.524 Y-212.346 Z-4.800 F400.000
G1 X-19.316 Y-212.187 Z-4.800 F400.000
G1 X-18.958 Y-211.980 Z-4.800 F400.000
G1 X-18.716 Y-211.880 Z-4.800 F400.000
G1 X-18.316 Y-211.773 Z-4.800 F400.000
G1 X-18.057 Y-211.739 Z-4.800 F400.000
G1 X-17.850 Y-211.725 Z-4.800 F400.000
G1 X-16.445 Y-211.725 Z-4.800 F400.000
G1 X-16.336 Y-211.714 Z-4.800 F400.000
G1 X-16.307 Y-211.706 Z-4.800 F400.000
G1 X-16.281 Y-211.691 Z-4.800 F400.000
G1 X-16.257 Y-211.672 Z-4.800 F400.000
G1 X-16.238 Y-211.649 Z-4.800 F400.000
G1 X-16.224 Y-211.622 Z-4.800 F400.000
G1 X-16.215 Y-211.593 Z-4.800 F400.000
G1 X-16.204 Y-211.485 Z-4.800 F400.000
G1 X-16.204 Y-208.593 Z-4.800 F400.000
G1 X-16.207 Y-208.533 Z-4.800 F400.000
G1 X-16.210 Y-208.515 Z-4.800 F400.000
G1 X-16.215 Y-208.499 Z-4.800 F400.000
G1 X-16.238 Y-208.442 Z-4.800 F400.000
G1 X-20.159 Y-200.027 Z-4.800 F400.000
G1 X-20.286 Y-199.686 Z-4.800 F400.000
G1 X-20.375 Y-199.333 Z-4.800 F400.000
G1 X-20.425 Y-198.973 Z-4.800 F400.000
G1 X-20.437 Y-198.696 Z-4.800 F400.000
G1 X-20.437 Y-175.828 Z-4.800 F400.000
G1 X-20.424 Y-175.621 Z-4.800 F400.000
G1 X-20.390 Y-175.362 Z-4.800 F400.000
G1 X-20.283 Y-174.962 Z-4.800 F400.000
G1 X-20.183 Y-174.721 Z-4.800 F400.000
G1 X-19.975 Y-174.362 Z-4.800 F400.000
G1 X-19.817 Y-174.155 Z-4.800 F400.000
G1 X-19.524 Y-173.862 Z-4.800 F400.000
G1 X-19.316 Y-173.703 Z-4.800 F400.000
G1 X-18.958 Y-173.496 Z-4.800 F400.000
G1 X-18.716 Y-173.396 Z-4.800 F400.000
G1 X-18.316 Y-173.289 Z-4.800 F400.000
G1 X-18.057 Y-173.255 Z-4.800 F400.000
G1 X-17.850 Y-173.241 Z-4.800 F400.000
G1 X-16.445 Y-173.241 Z-4.800 F400.000
G1 X-16.336 Y-173.230 Z-4.800 F400.000
G1 X-16.307 Y-173.222 Z-4.800 F400.000
G1 X-16.281 Y-173.207 Z-4.800 F400.000
G1 X-16.257 Y-173.188 Z-4.800 F400.000
G1 X-16.238 Y-173.164 Z-4.800 F400.000
G1 X-16.224 Y-173.138 Z-4.800 F400.000
G1 X-16.215 Y-173.109 Z-4.800 F400.000
G1 X-16.204 Y-173.000 Z-4.800 F400.000
G1 X-16.204 Y-170.109 Z-4.800 F400.000
G1 X-16.207 Y-170.049 Z-4.800 F400.000
G1 X-16.210 Y-170.031 Z-4.800 F400.000
G1 X-16.215 Y-170.015 Z-4.800 F400.000
G1 X-16.238 Y-169.958 Z-4.800 F400.000
G1 X-20.159 Y-161.543 Z-4.800 F400.000
G1 X-20.286 Y-161.202 Z-4.800 F400.000
G1 X-20.375 Y-160.849 Z-4.800 F400.000
G1 X-20.425 Y-160.489 Z-4.800 F400.000
G1 X-20.437 Y-160.212 Z-4.800 F400.000
G1 X-20.437 Y-137.344 Z-4.800 F400.000
G1 X-20.424 Y-137.137 Z-4.800 F400.000
G1 X-20.390 Y-136.878 Z-4.800 F400.000
G1 X-20.283 Y-136.478 Z-4.800 F400.000
G1 X-20.183 Y-136.237 Z-4.800 F400.000
G1 X-19.975 Y-135.878 Z-4.800 F400.000
G1 X-19.817 Y-135.671 Z-4.800 F400.000
G1 X-19.524 Y-135.378 Z-4.800 F400.000
G1 X-19.316 Y-135.219 Z-4.800 F400.000
G1 X-18.958 Y-135.012 Z-4.800 F400.000
G1 X-18.716 Y-134.912 Z-4.800 F400.000
G1 X-18.316 Y-134.805 Z-4.800 F400.000
G1 X-18.057 Y-134.771 Z-4.800 F400.000
G1 X-17.850 Y-134.757 Z-4.800 F400.000
G1 X-16.445 Y-134.757 Z-4.800 F400.000
G1 X-16.336 Y-134.746 Z-4.800 F400.000
G1 X-16.307 Y-134.738 Z-4.800 F400.000
G1 X-16.281 Y-134.723 Z-4.800 F400.000
G1 X-16.257 Y-134.704 Z-4.800 F400.000
G1 X-16.238 Y-134.680 Z-4.800 F400.000
G1 X-16.224 Y-134.654 Z-4.800 F400.000
G1 X-16.215 Y-134.625 Z-4.800 F400.000
G1 X-16.204 Y-134.516 Z-4.800 F400.000
G1 X-16.204 Y-131.625 Z-4.800 F400.000
G1 X-16.207 Y-131.565 Z-4.800 F400.000
G1 X-16.210 Y-131.547 Z-4.800 F400.000
G1 X-16.215 Y-131.531 Z-4.800 F400.000
G1 X-16.238 Y-131.474 Z-4.800 F400.000
G1 X-20.159 Y-123.059 Z-4.800 F400.000
G1 X-20.286 Y-122.718 Z-4.800 F400.000
G1 X-20.375 Y-122.365 Z-4.800 F400.000
G1 X-20.425 Y-122.005 Z-4.800 F400.000
G1 X-20.437 Y-121.728 Z-4.800 F400.000
G1 X-20.437 Y-98.860 Z-4.800 F400.000
G1 X-20.424 Y-98.653 Z-4.800 F400.000
G1 X-20.390 Y-98.394 Z-4.800 F400.000
G1 X-20.283 Y-97.994 Z-4.800 F400.000
G1 X-20.183 Y-97.753 Z-4.800 F400.000
G1 X-19.975 Y-97.394 Z-4.800 F400.000
G1 X-19.817 Y-97.187 Z-4.800 F400.000
G1 X-19.524 Y-96.894 Z-4.800 F400.000
G1 X-19.316 Y-96.735 Z-4.800 F400.000
G1 X-18.958 Y-96.528 Z-4.800 F400.000
G1 X-18.716 Y-96.428 Z-4.800 F400.000
G1 X-18.316 Y-96.321 Z-4.800 F400.000
G1 X-18.057 Y-96.287 Z-4.800 F400.000
G1 X-17.850 Y-96.273 Z-4.800 F400.000
G1 X-16.445 Y-96.273 Z-4.800 F400.000
G1 X-16.336 Y-96.262 Z-4.800 F400.000
G1 X-16.307 Y-96.253 Z-4.800 F400.000
G1 X-16.281 Y-96.239 Z-4.800 F400.000
G1 X-16.257 Y-96.220 Z-4.800 F400.000
G1 X-16.238 Y-96.196 Z-4.800 F400.000
G1 X-16.224 Y-96.170 Z-4.800 F400.000
G1 X-16.215 Y-96.141 Z-4.800 F400.000
G1 X-16.204 Y-96.032 Z-4.800 F400.000
G1 X-16.204 Y-93.141 Z-4.800 F400.000
G1 X-16.207 Y-93.081 Z-4.800 F400.000
G1 X-16.210 Y-93.063 Z-4.800 F400.000
G1 X-16.215 Y-93.046 Z-4.800 F400.000
G1 X-16.238 Y-92.990 Z-4.800 F400.000
G1 X-20.159 Y-84.575 Z-4.800 F400.000
G1 X-20.286 Y-84.234 Z-4.800 F400.000
G1 X-20.375 Y-83.881 Z-4.800 F400.000
G1 X-20.425 Y-83.521 Z-4.800 F400.000
G1 X-20.437 Y-83.244 Z-4.800 F400.000
G1 X-20.437 Y-60.376 Z-4.800 F400.000
G1 X-20.424 Y-60.169 Z-4.800 F400.000
G1 X-20.390 Y-59.910 Z-4.800 F400.000
G1 X-20.283 Y-59.510 Z-4.800 F400.000
G1 X-20.183 Y-59.269 Z-4.800 F400.000
G1 X-19.975 Y-58.910 Z-4.800 F400.000
G1 X-19.817 Y-58.703 Z-4.800 F400.000
G1 X-19.524 Y-58.410 Z-4.800 F400.000
G1 X-19.316 Y-58.251 Z-4.800 F400.000
G1 X-18.958 Y-58.044 Z-4.800 F400.000
G1 X-18.716 Y-57.944 Z-4.800 F400.000
G1 X-18.316 Y-57.837 Z-4.800 F400.000
G1 X-18.057 Y-57.803 Z-4.800 F400.000
G1 X-17.850 Y-57.789 Z-4.800 F400.000
G1 X-16.445 Y-57.789 Z-4.800 F400.000
G1 X-16.336 Y-57.778 Z-4.800 F400.000
G1 X-16.307 Y-57.769 Z-4.800 F400.000
G1 X-16.281 Y-57.755 Z-4.800 F400.000
G1 X-16.257 Y-57.736 Z-4.800 F400.000
G1 X-16.238 Y-57.712 Z-4.800 F400.000
G1 X-16.224 Y-57.686 Z-4.800 F400.000
G1 X-16.215 Y-57.657 Z-4.800 F400.000
G1 X-16.204 Y-57.548 Z-4.800 F400.000
G1 X-16.204 Y-54.657 Z-4.800 F400.000
G1 X-16.207 Y-54.597 Z-4.800 F400.000
G1 X-16.210 Y-54.579 Z-4.800 F400.000
G1 X-16.215 Y-54.562 Z-4.800 F400.000
G1 X-16.238 Y-54.506 Z-4.800 F400.000
G1 X-20.159 Y-46.091 Z-4.800 F400.000
G1 X-20.286 Y-45.750 Z-4.800 F400.000
G1 X-20.375 Y-45.397 Z-4.800 F400.000
G1 X-20.425 Y-45.037 Z-4.800 F400.000
G1 X-20.437 Y-44.760 Z-4.800 F400.000
G1 X-20.430 Y-36.124 Z-4.800 F400.000
G1 X-20.396 Y-35.783 Z-4.800 F400.000
G1 X-20.336 Y-35.477 Z-4.800 F400.000
G1 X-20.236 Y-35.149 Z-4.800 F400.000
G1 X-20.117 Y-34.862 Z-4.800 F400.000
G1 X-19.955 Y-34.559 Z-4.800 F400.000
G1 X-19.782 Y-34.300 Z-4.800 F400.000
G1 X-19.565 Y-34.035 Z-4.800 F400.000
G1 X-19.345 Y-33.815 Z-4.800 F400.000
G1 X-19.079 Y-33.597 Z-4.800 F400.000
G1 X-18.821 Y-33.424 Z-4.800 F400.000
G1 X-18.518 Y-33.263 Z-4.800 F400.000
G1 X-18.231 Y-33.144 Z-4.800 F400.000
G1 X-17.902 Y-33.044 Z-4.800 F400.000
G1 X-17.597 Y-32.983 Z-4.800 F400.000
G1 X-17.100 Y-32.942 Z-4.800 F400.000
G1 X-14.328 Y-32.942 Z-4.800 F400.000
G1 X-14.220 Y-32.931 Z-4.800 F400.000
G1 X-14.191 Y-32.923 Z-4.800 F400.000
G1 X-14.164 Y-32.908 Z-4.800 F400.000
G1 X-14.141 Y-32.889 Z-4.800 F400.000
G1 X-14.121 Y-32.866 Z-4.800 F400.000
G1 X-14.107 Y-32.839 Z-4.800 F400.000
G1 X-14.098 Y-32.810 Z-4.800 F400.000
G1 X-14.088 Y-32.702 Z-4.800 F400.000
G1 X-14.087 Y-30.995 Z-4.800 F400.000
G1 X-14.098 Y-30.887 Z-4.800 F400.000
G1 X-14.107 Y-30.858 Z-4.800 F400.000
G1 X-14.121 Y-30.831 Z-4.800 F400.000
G1 X-14.141 Y-30.808 Z-4.800 F400.000
G1 X-14.164 Y-30.788 Z-4.800 F400.000
G1 X-14.191 Y-30.774 Z-4.800 F400.000
G1 X-14.220 Y-30.765 Z-4.800 F400.000
G1 X-14.330 Y-30.754 Z-4.800 F400.000
G1 X-17.256 Y-30.747 Z-4.800 F400.000
G1 X-17.597 Y-30.713 Z-4.800 F400.000
G1 X-17.902 Y-30.653 Z-4.800 F400.000
G1 X-18.231 Y-30.553 Z-4.800 F400.000
G1 X-18.518 Y-30.434 Z-4.800 F400.000
G1 X-18.821 Y-30.272 Z-4.800 F400.000
G1 X-19.079 Y-30.099 Z-4.800 F400.000
G1 X-19.345 Y-29.882 Z-4.800 F400.000
G1 X-19.565 Y-29.662 Z-4.800 F400.000
G1 X-19.782 Y-29.396 Z-4.800 F400.000
G1 X-19.955 Y-29.138 Z-4.800 F400.000
G1 X-20.117 Y-28.835 Z-4.800 F400.000
G1 X-20.236 Y-28.548 Z-4.800 F400.000
G1 X-20.336 Y-28.219 Z-4.800 F400.000
G1 X-20.396 Y-27.914 Z-4.800 F400.000
G1 X-20.437 Y-27.417 Z-4.800 F400.000
G1 X-20.437 Y-3.500 Z-4.800 F400.000
G0 X-20.437 Y-3.500 Z5.000
G0 X-20.437 Y-228.500 Z5.000
G0 X-20.437 Y-228.500 Z3.000
G1 X-20.437 Y-214.313 Z2.505 F400.000
G1 X-20.424 Y-214.105 Z2.497 F400.000
G1 X-20.390 Y-213.846 Z2.488 F400.000
G1 X-20.283 Y-213.446 Z2.474 F400.000
G1 X-20.183 Y-213.205 Z2.465 F400.000
G1 X-19.975 Y-212.846 Z2.450 F400.000
G1 X-19.817 Y-212.639 Z2.441 F400.000
G1 X-19.524 Y-212.346 Z2.427 F400.000
G1 X-19.316 Y-212.187 Z2.417 F400.000
G1 X-18.958 Y-211.980 Z2.403 F400.000
G1 X-18.716 Y-211.880 Z2.394 F400.000
G1 X-18.316 Y-211.773 Z2.379 F400.000
G1 X-18.057 Y-211.739 Z2.370 F400.000
G1 X-17.850 Y-211.725 Z2.363 F400.000
G1 X-16.445 Y-211.725 Z2.314 F400.000
G1 X-16.336 Y-211.714 Z2.310 F400.000
G1 X-16.307 Y-211.706 Z2.309 F400.000
G1 X-16.281 Y-211.691 Z2.308 F400.000
G1 X-16.257 Y-211.672 Z2.307 F400.000
G1 X-16.238 Y-211.649 Z2.306 F400.000
G1 X-16.224 Y-211.622 Z2.305 F400.000
G1 X-16.215 Y-211.593 Z2.304 F400.000
G1 X-16.204 Y-211.485 Z2.300 F400.000
G1 X-16.204 Y-208.593 Z2.199 F400.000
G1 X-16.207 Y-208.533 Z2.197 F400.000
G1 X-16.210 Y-208.515 Z2.196 F400.000
G1 X-16.215 Y-208.499 Z2.196 F400.000
G1 X-16.238 Y-208.442 Z2.194 F400.000
G1 X-20.159 Y-200.027 Z1.869 F400.000
G1 X-20.286 Y-199.686 Z1.857 F400.000
G1 X-20.375 Y-199.333 Z1.844 F400.000
G1 X-20.425 Y-198.973 Z1.831 F400.000
G1 X-20.437 Y-198.696 Z1.822 F400.000
G1 X-20.437 Y-175.828 Z1.023 F400.000
G1 X-20.424 Y-175.621 Z1.016 F400.000
G1 X-20.390 Y-175.362 Z1.007 F400.000
G1 X-20.283 Y-174.962 Z0.992 F400.000
G1 X-20.183 Y-174.721 Z0.983 F400.000
G1 X-19.975 Y-174.362 Z0.969 F400.000
G1 X-19.817 Y-174.155 Z0.959 F400.000
G1 X-19.524 Y-173.862 Z0.945 F400.000
G1 X-19.316 Y-173.703 Z0.936 F400.000
G1 X-18.958 Y-173.496 Z0.921 F400.000
G1 X-18.716 Y-173.396 Z0.912 F400.000
G1 X-18.316 Y-173.289 Z0.898 F400.000
G1 X-18.057 Y-173.255 Z0.889 F400.000
G1 X-17.850 Y-173.241 Z0.881 F400.000
G1 X-16.445 Y-173.241 Z0.832 F400.000
G1 X-16.336 Y-173.230 Z0.829 F400.000
G1 X-16.307 Y-173.222 Z0.828 F400.000
G1 X-16.281 Y-173.207 Z0.826 F400.000
G1 X-16.257 Y-173.188 Z0.825 F400.000
G1 X-16.238 Y-173.164 Z0.824 F400.000
G1 X-16.224 Y-173.138 Z0.823 F400.000
G1 X-16.215 Y-173.109 Z0.822 F400.000
G1 X-16.204 Y-173.000 Z0.818 F400.000
G1 X-16.204 Y-170.109 Z0.717 F400.000
G1 X-16.207 Y-170.049 Z0.715 F400.000
G1 X-16.210 Y-170.031 Z0.715 F400.000
G1 X-16.215 Y-170.015 Z0.714 F400.000
G1 X-16.238 Y-169.958 Z0.712 F400.000
G1 X-20.159 Y-161.543 Z0.388 F400.000
G1 X-20.286 Y-161.202 Z0.375 F400.000
G1 X-20.375 Y-160.849 Z0.362 F400.000
G1 X-20.425 Y-160.489 Z0.350 F400.000
G1 X-20.437 Y-160.212 Z0.340 F400.000
G1 X-20.437 Y-137.344 Z-0.459 F400.000
G1 X-20.424 Y-137.137 Z-0.466 F400.000
G1 X-20.390 Y-136.878 Z-0.475 F400.000
G1 X-20.283 Y-136.478 Z-0.489 F400.000
G1 X-20.183 Y-136.237 Z-0.499 F400.000
G1 X-19.975 Y-135.878 Z-0.513 F400.000
G1 X-19.817 Y-135.671 Z-0.522 F400.000
G1 X-19.524 Y-135.378 Z-0.537 F400.000
G1 X-19.316 Y-135.219 Z-0.546 F400.000
G1 X-18.958 Y-135.012 Z-0.560 F400.000
G1 X-18.716 Y-134.912 Z-0.569 F400.000
G1 X-18.316 Y-134.805 Z-0.584 F400.000
G1 X-18.057 Y-134.771 Z-0.593 F400.000
G1 X-17.850 Y-134.757 Z-0.600 F400.000
G1 X-16.445 Y-134.757 Z-0.649 F400.000
G1 X-16.336 Y-134.746 Z-0.653 F400.000
G1 X-16.307 Y-134.738 Z-0.654 F400.000
G1 X-16.281 Y-134.723 Z-0.655 F400.000
G1 X-16.257 Y-134.704 Z-0.656 F400.000
G1 X-16.238 Y-134.680 Z-0.657 F400.000
G1 X-16.224 Y-134.654 Z-0.658 F400.000
G1 X-16.215 Y-134.625 Z-0.659 F400.000
G1 X-16.204 Y-134.516 Z-0.663 F400.000
G1 X-16.204 Y-131.625 Z-0.764 F400.000
G1 X-16.207 Y-131.565 Z-0.766 F400.000
G1 X-16.210 Y-131.547 Z-0.767 F400.000
G1 X-16.215 Y-131.531 Z-0.767 F400.000
G1 X-16.238 Y-131.474 Z-0.770 F400.000
G1 X-19.025 Y-125.493 Z-1.000 F400.000
G1 X-16.238 Y-131.474 Z-1.230 F400.000
G1 X-16.215 Y-131.531 Z-1.233 F400.000
G1 X-16.210 Y-131.547 Z-1.233 F400.000
G1 X-16.207 Y-131.565 Z-1.234 F400.000
G1 X-16.204 Y-131.625 Z-1.236 F400.000
G1 X-16.204 Y-134.516 Z-1.337 F400.000
G1 X-16.215 Y-134.625 Z-1.341 F400.000
G1 X-16.224 Y-134.654 Z-1.342 F400.000
G1 X-16.238 Y-134.680 Z-1.343 F400.000
G1 X-16.257 Y-134.704 Z-1.344 F400.000
G1 X-16.281 Y-134.723 Z-1.345 F400.000
G1 X-16.307 Y-134.738 Z-1.346 F400.000
G1 X-16.336 Y-134.746 Z-1.347 F400.000
G1 X-16.445 Y-134.757 Z-1.351 F400.000
G1 X-17.850 Y-134.757 Z-1.400 F400.000
G1 X-18.057 Y-134.771 Z-1.407 F400.000
G1 X-18.316 Y-134.805 Z-1.416 F400.000
G1 X-18.716 Y-134.912 Z-1.431 F400.000
G1 X-18.958 Y-135.012 Z-1.440 F400.000
G1 X-19.316 Y-135.219 Z-1.454 F400.000
G1 X-19.524 Y-135.378 Z-1.463 F400.000
G1 X-19.817 Y-135.671 Z-1.478 F400.000
G1 X-19.975 Y-135.878 Z-1.487 F400.000
G1 X-20.183 Y-136.237 Z-1.501 F400.000
G1 X-20.283 Y-136.478 Z-1.511 F400.000
G1 X-20.390 Y-136.878 Z-1.525 F400.000
G1 X-20.424 Y-137.137 Z-1.534 F400.000
G1 X-20.437 Y-137.344 Z-1.541 F400.000
G1 X-20.437 Y-160.212 Z-2.340 F400.000
G1 X-20.425 Y-160.489 Z-2.350 F400.000
G1 X-20.375 Y-160.849 Z-2.362 F400.000
G1 X-20.286 Y-161.202 Z-2.375 F400.000
G1 X-20.159 Y-161.543 Z-2.388 F400.000
G1 X-16.238 Y-169.958 Z-2.712 F400.000
G1 X-16.215 Y-170.015 Z-2.714 F400.000
G1 X-16.210 Y-170.031 Z-2.715 F400.000
G1 X-16.207 Y-170.049 Z-2.715 F400.000
G1 X-16.204 Y-170.109 Z-2.717 F400.000
G1 X-16.204 Y-173.000 Z-2.818 F400.000
G1 X-16.215 Y-173.109 Z-2.822 F400.000
G1 X-16.224 Y-173.138 Z-2.823 F400.000
G1 X-16.238 Y-173.164 Z-2.824 F400.000
G1 X-16.257 Y-173.188 Z-2.825 F400.000
G1 X-16.281 Y-173.207 Z-2.826 F400.000
G1 X-16.307 Y-173.222 Z-2.828 F400.000
G1 X-16.336 Y-173.230 Z-2.829 F400.000
G1 X-16.445 Y-173.241 Z-2.832 F400.000
G1 X-17.850 Y-173.241 Z-2.881 F400.000
G1 X-18.057 Y-173.255 Z-2.889 F400.000
G1 X-18.316 Y-173.289 Z-2.898 F400.000
G1 X-18.716 Y-173.396 Z-2.912 F400.000
G1 X-18.958 Y-173.496 Z-2.921 F400.000
G1 X-19.316 Y-173.703 Z-2.936 F400.000
G1 X-19.524 Y-173.862 Z-2.945 F400.000
G1 X-19.817 Y-174.155 Z-2.959 F400.000
G1 X-19.975 Y-174.362 Z-2.969 F400.000
G1 X-20.183 Y-174.721 Z-2.983 F400.000
G1 X-20.283 Y-174.962 Z-2.992 F400.000
G1 X-20.390 Y-175.362 Z-3.007 F400.000
G1 X-20.424 Y-175.621 Z-3.016 F400.000
G1 X-20.437 Y-175.828 Z-3.023 F400.000
G1 X-20.437 Y-198.696 Z-3.822 F400.000
G1 X-20.425 Y-198.973 Z-3.831 F400.000
G1 X-20.375 Y-199.333 Z-3.844 F400.000
G1 X-20.286 Y-199.686 Z-3.857 F400.000
G1 X-20.159 Y-200.027 Z-3.869 F400.000
G1 X-16.238 Y-208.442 Z-4.194 F400.000
G1 X-16.215 Y-208.499 Z-4.196 F400.000
G1 X-16.210 Y-208.515 Z-4.196 F400.000
G1 X-16.207 Y-208.533 Z-4.197 F400.000
G1 X-16.204 Y-208.593 Z-4.199 F400.000
G1 X-16.204 Y-211.485 Z-4.300 F400.000
G1 X-16.215 Y-211.593 Z-4.304 F400.000
G1 X-16.224 Y-211.622 Z-4.305 F400.000
G1 X-16.238 Y-211.649 Z-4.306 F400.000
G1 X-16.257 Y-211.672 Z-4.307 F400.000
G1 X-16.281 Y-211.691 Z-4.308 F400.000
G1 X-16.307 Y-211.706 Z-4.309 F400.000
G1 X-16.336 Y-211.714 Z-4.310 F400.000
G1 X-16.445 Y-211.725 Z-4.314 F400.000
G1 X-17.850 Y-211.725 Z-4.363 F400.000
G1 X-18.057 Y-211.739 Z-4.370 F400.000
G1 X-18.316 Y-211.773 Z-4.379 F400.000
G1 X-18.716 Y-211.880 Z-4.394 F400.000
G1 X-18.958 Y-211.980 Z-4.403 F400.000
G1 X-19.316 Y-212.187 Z-4.417 F400.000
G1 X-19.524 Y-212.346 Z-4.427 F400.000
G1 X-19.817 Y-212.639 Z-4.441 F400.000
G1 X-19.975 Y-212.846 Z-4.450 F400.000
G1 X-20.183 Y-213.205 Z-4.465 F400.000
G1 X-20.283 Y-213.446 Z-4.474 F400.000
G1 X-20.390 Y-213.846 Z-4.488 F400.000
G1 X-20.424 Y-214.105 Z-4.497 F400.000
G1 X-20.437 Y-214.313 Z-4.505 F400.000
G1 X-20.437 Y-228.500 Z-5.000 F400.000
G1 X-20.437 Y-214.313 Z-5.000 F400.000
G1 X-20.424 Y-214.105 Z-5.000 F400.000
G1 X-20.390 Y-213.846 Z-5.000 F400.000
G1 X-20.283 Y-213.446 Z-5.000 F400.000
G1 X-20.183 Y-213.205 Z-5.000 F400.000
G1 X-19.975 Y-212.846 Z-5.000 F400.000
G1 X-19.817 Y-212.639 Z-5.000 F400.000
G1 X-19.524 Y-212.346 Z-5.000 F400.000
G1 X-19.316 Y-212.187 Z-5.000 F400.000
G1 X-18.958 Y-211.980 Z-5.000 F400.000
G1 X-18.716 Y-211.880 Z-5.000 F400.000
G1 X-18.316 Y-211.773 Z-5.000 F400.000
G1 X-18.057 Y-211.739 Z-5.000 F400.000
G1 X-17.850 Y-211.725 Z-5.000 F400.000
G1 X-16.445 Y-211.725 Z-5.000 F400.000
G1 X-16.336 Y-211.714 Z-5.000 F400.000
G1 X-16.307 Y-211.706 Z-5.000 F400.000
G1 X-16.281 Y-211.691 Z-5.000 F400.000
G1 X-16.257 Y-211.672 Z-5.000 F400.000
G1 X-16.238 Y-211.649 Z-5.000 F400.000
G1 X-16.224 Y-211.622 Z-5.000 F400.000
G1 X-16.215 Y-211.593 Z-5.000 F400.000
G1 X-16.204 Y-211.485 Z-5.000 F400.000
G1 X-16.204 Y-208.593 Z-5.000 F400.000
G1 X-16.207 Y-208.533 Z-5.000 F400.000
G1 X-16.210 Y-208.515 Z-5.000 F400.000
G1 X-16.215 Y-208.499 Z-5.000 F400.000
G1 X-16.238 Y-208.442 Z-5.000 F400.000
G1 X-20.159 Y-200.027 Z-5.000 F400.000
G1 X-20.286 Y-199.686 Z-5.000 F400.000
G1 X-20.375 Y-199.333 Z-5.000 F400.000
G1 X-20.425 Y-198.973 Z-5.000 F400.000
G1 X-20.437 Y-198.696 Z-5.000 F400.000
G1 X-20.437 Y-175.828 Z-5.000 F400.000
G1 X-20.424 Y-175.621 Z-5.000 F400.000
G1 X-20.390 Y-175.362 Z-5.000 F400.000
G1 X-20.283 Y-174.962 Z-5.000 F400.000
G1 X-20.183 Y-174.721 Z-5.000 F400.000
G1 X-19.975 Y-174.362 Z-5.000 F400.000
G1 X-19.817 Y-174.155 Z-5.000 F400.000
G1 X-19.524 Y-173.862 Z-5.000 F400.000
G1 X-19.316 Y-173.703 Z-5.000 F400.000
G1 X-18.958 Y-173.496 Z-5.000 F400.000
G1 X-18.716 Y-173.396 Z-5.000 F400.000
G1 X-18.316 Y-173.289 Z-5.000 F400.000
G1 X-18.057 Y-173.255 Z-5.000 F400.000
G1 X-17.850 Y-173.241 Z-5.000 F400.000
G1 X-16.445 Y-173.241 Z-5.000 F400.000
G1 X-16.336 Y-173.230 Z-5.000 F400.000
G1 X-16.307 Y-173.222 Z-5.000 F400.000
G1 X-16.281 Y-173.207 Z-5.000 F400.000
G1 X-16.257 Y-173.188 Z-5.000 F400.000
G1 X-16.238 Y-173.164 Z-5.000 F400.000
G1 X-16.224 Y-173.138 Z-5.000 F400.000
G1 X-16.215 Y-173.109 Z-5.000 F400.000
G1 X-16.204 Y-173.000 Z-5.000 F400.000
G1 X-16.204 Y-170.109 Z-5.000 F400.000
G1 X-16.207 Y-170.049 Z-5.000 F400.000
G1 X-16.210 Y-170.031 Z-5.000 F400.000
G1 X-16.215 Y-170.015 Z-5.000 F400.000
G1 X-16.238 Y-169.958 Z-5.000 F400.000
G1 X-20.159 Y-161.543 Z-5.000 F400.000
G1 X-20.286 Y-161.202 Z-5.000 F400.000
G1 X-20.375 Y-160.849 Z-5.000 F400.000
G1 X-20.425 Y-160.489 Z-5.000 F400.000
G1 X-20.437 Y-160.212 Z-5.000 F400.000
G1 X-20.437 Y-137.344 Z-5.000 F400.000
G1 X-20.424 Y-137.137 Z-5.000 F400.000
G1 X-20.390 Y-136.878 Z-5.000 F400.000
G1 X-20.283 Y-136.478 Z-5.000 F400.000
G1 X-20.183 Y-136.237 Z-5.000 F400.000
G1 X-19.975 Y-135.878 Z-5.000 F400.000
G1 X-19.817 Y-135.671 Z-5.000 F400.000
G1 X-19.524 Y-135.378 Z-5.000 F400.000
G1 X-19.316 Y-135.219 Z-5.000 F400.000
G1 X-18.958 Y-135.012 Z-5.000 F400.000
G1 X-18.716 Y-134.912 Z-5.000 F400.000
G1 X-18.316 Y-134.805 Z-5.000 F400.000
G1 X-18.057 Y-134.771 Z-5.000 F400.000
G1 X-17.850 Y-134.757 Z-5.000 F400.000
G1 X-16.445 Y-134.757 Z-5.000 F400.000
G1 X-16.336 Y-134.746 Z-5.000 F400.000
G1 X-16.307 Y-134.738 Z-5.000 F400.000
G1 X-16.281 Y-134.723 Z-5.000 F400.000
G1 X-16.257 Y-134.704 Z-5.000 F400.000
G1 X-16.238 Y-134.680 Z-5.000 F400.000
G1 X-16.224 Y-134.654 Z-5.000 F400.000
G1 X-16.215 Y-134.625 Z-5.000 F400.000
G1 X-16.204 Y-134.516 Z-5.000 F400.000
G1 X-16.204 Y-131.625 Z-5.000 F400.000
G1 X-16.207 Y-131.565 Z-5.000 F400.000
G1 X-16.210 Y-131.547 Z-5.000 F400.000
G1 X-16.215 Y-131.531 Z-5.000 F400.000
G1 X-16.238 Y-131.474 Z-5.000 F400.000
G1 X-20.159 Y-123.059 Z-5.000 F400.000
G1 X-20.286 Y-122.718 Z-5.000 F400.000
G1 X-20.375 Y-122.365 Z-5.000 F400.000
G1 X-20.425 Y-122.005 Z-5.000 F400.000
G1 X-20.437 Y-121.728 Z-5.000 F400.000
G1 X-20.437 Y-98.860 Z-5.000 F400.000
G1 X-20.424 Y-98.653 Z-5.000 F400.000
G1 X-20.390 Y-98.394 Z-5.000 F400.000
G1 X-20.283 Y-97.994 Z-5.000 F400.000
G1 X-20.183 Y-97.753 Z-5.000 F400.000
G1 X-19.975 Y-97.394 Z-5.000 F400.000
G1 X-19.817 Y-97.187 Z-5.000 F400.000
G1 X-19.524 Y-96.894 Z-5.000 F400.000
G1 X-19.316 Y-96.735 Z-5.000 F400.000
G1 X-18.958 Y-96.528 Z-5.000 F400.000
G1 X-18.716 Y-96.428 Z-5.000 F400.000
G1 X-18.316 Y-96.321 Z-5.000 F400.000
G1 X-18.057 Y-96.287 Z-5.000 F400.000
G1 X-17.850 Y-96.273 Z-5.000 F400.000
G1 X-16.445 Y-96.273 Z-5.000 F400.000
G1 X-16.336 Y-96.262 Z-5.000 F400.000
G1 X-16.307 Y-96.253 Z-5.000 F400.000
G1 X-16.281 Y-96.239 Z-5.000 F400.000
G1 X-16.257 Y-96.220 Z-5.000 F400.000
G1 X-16.238 Y-96.196 Z-5.000 F400.000
G1 X-16.224 Y-96.170 Z-5.000 F400.000
G1 X-16.215 Y-96.141 Z-5.000 F400.000
G1 X-16.204 Y-96.032 Z-5.000 F400.000
G1 X-16.204 Y-93.141 Z-5.000 F400.000
G1 X-16.207 Y-93.081 Z-5.000 F400.000
G1 X-16.210 Y-93.063 Z-5.000 F400.000
G1 X-16.215 Y-93.046 Z-5.000 F400.000
G1 X-16.238 Y-92.990 Z-5.000 F400.000
G1 X-20.159 Y-84.575 Z-5.000 F400.000
G1 X-20.286 Y-84.234 Z-5.000 F400.000
G1 X-20.375 Y-83.881 Z-5.000 F400.000
G1 X-20.425 Y-83.521 Z-5.000 F400.000
G1 X-20.437 Y-83.244 Z-5.000 F400.000
G1 X-20.437 Y-60.376 Z-5.000 F400.000
G1 X-20.424 Y-60.169 Z-5.000 F400.000
G1 X-20.390 Y-59.910 Z-5.000 F400.000
G1 X-20.283 Y-59.510 Z-5.000 F400.000
G1 X-20.183 Y-59.269 Z-5.000 F400.000
G1 X-19.975 Y-58.910 Z-5.000 F400.000
G1 X-19.817 Y-58.703 Z-5.000 F400.000
G1 X-19.524 Y-58.410 Z-5.000 F400.000
G1 X-19.316 Y-58.251 Z-5.000 F400.000
G1 X-18.958 Y-58.044 Z-5.000 F400.000
G1 X-18.716 Y-57.944 Z-5.000 F400.000
G1 X-18.316 Y-57.837 Z-5.000 F400.000
G1 X-18.057 Y-57.803 Z-5.000 F400.000
G1 X-17.850 Y-57.789 Z-5.000 F400.000
G1 X-16.445 Y-57.789 Z-5.000 F400.000
G1 X-16.336 Y-57.778 Z-5.000 F400.000
G1 X-16.307 Y-57.769 Z-5.000 F400.000
G1 X-16.281 Y-57.755 Z-5.000 F400.000
G1 X-16.257 Y-57.736 Z-5.000 F400.000
G1 X-16.238 Y-57.712 Z-5.000 F400.000
G1 X-16.224 Y-57.686 Z-5.000 F400.000
G1 X-16.215 Y-57.657 Z-5.000 F400.000
G1 X-16.204 Y-57.548 Z-5.000 F400.000
G1 X-16.204 Y-54.657 Z-5.000 F400.000
G1 X-16.207 Y-54.597 Z-5.000 F400.000
G1 X-16.210 Y-54.579 Z-5.000 F400.000
G1 X-16.215 Y-54.562 Z-5.000 F400.000
G1 X-16.238 Y-54.506 Z-5.000 F400.000
G1 X-20.159 Y-46.091 Z-5.000 F400.000
G1 X-20.286 Y-45.750 Z-5.000 F400.000
G1 X-20.375 Y-45.397 Z-5.000 F400.000
G1 X-20.425 Y-45.037 Z-5.000 F400.000
G1 X-20.437 Y-44.760 Z-5.000 F400.000
G1 X-20.430 Y-36.124 Z-5.000 F400.000
G1 X-20.396 Y-35.783 Z-5.000 F400.000
G1 X-20.336 Y-35.477 Z-5.000 F400.000
G1 X-20.236 Y-35.149 Z-5.000 F400.000
G1 X-20.117 Y-34.862 Z-5.000 F400.000
G1 X-19.955 Y-34.559 Z-5.000 F400.000
G1 X-19.782 Y-34.300 Z-5.000 F400.000
G1 X-19.565 Y-34.035 Z-5.000 F400.000
G1 X-19.345 Y-33.815 Z-5.000 F400.000
G1 X-19.079 Y-33.597 Z-5.000 F400.000
G1 X-18.821 Y-33.424 Z-5.000 F400.000
G1 X-18.518 Y-33.263 Z-5.000 F400.000
G1 X-18.231 Y-33.144 Z-5.000 F400.000
G1 X-17.902 Y-33.044 Z-5.000 F400.000
G1 X-17.597 Y-32.983 Z-5.000 F400.000
G1 X-17.100 Y-32.942 Z-5.000 F400.000
G1 X-14.328 Y-32.942 Z-5.000 F400.000
G1 X-14.220 Y-32.931 Z-5.000 F400.000
G1 X-14.191 Y-32.923 Z-5.000 F400.000
G1 X-14.164 Y-32.908 Z-5.000 F400.000
G1 X-14.141 Y-32.889 Z-5.000 F400.000
G1 X-14.121 Y-32.866 Z-5.000 F400.000
G1 X-14.107 Y-32.839 Z-5.000 F400.000
G1 X-14.098 Y-32.810 Z-5.000 F400.000
G1 X-14.088 Y-32.702 Z-5.000 F400.000
G1 X-14.087 Y-30.995 Z-5.000 F400.000
G1 X-14.098 Y-30.887 Z-5.000 F400.000
G1 X-14.107 Y-30.858 Z-5.000 F400.000
G1 X-14.121 Y-30.831 Z-5.000 F400.000
G1 X-14.141 Y-30.808 Z-5.000 F400.000
G1 X-14.164 Y-30.788 Z-5.000 F400.000
G1 X-14.191 Y-30.774 Z-5.000 F400.000
G1 X-14.220 Y-30.765 Z-5.000 F400.000
G1 X-14.330 Y-30.754 Z-5.000 F400.000
G1 X-17.256 Y-30.747 Z-5.000 F400.000
G1 X-17.597 Y-30.713 Z-5.000 F400.000
G1 X-17.902 Y-30.653 Z-5.000 F400.000
G1 X-18.231 Y-30.553 Z-5.000 F400.000
G1 X-18.518 Y-30.434 Z-5.000 F400.000
G1 X-18.821 Y-30.272 Z-5.000 F400.000
G1 X-19.079 Y-30.099 Z-5.000 F400.000
G1 X-19.345 Y-29.882 Z-5.000 F400.000
G1 X-19.565 Y-29.662 Z-5.000 F400.000
G1 X-19.782 Y-29.396 Z-5.000 F400.000
G1 X-19.955 Y-29.138 Z-5.000 F400.000
G1 X-20.117 Y-28.835 Z-5.000 F400.000
G1 X-20.236 Y-28.548 Z-5.000 F400.000
G1 X-20.336 Y-28.219 Z-5.000 F400.000
G1 X-20.396 Y-27.914 Z-5.000 F400.000
G1 X-20.437 Y-27.417 Z-5.000 F400.000
G1 X-20.437 Y-3.500 Z-5.000 F400.000
G0 X-20.437 Y-3.500 Z5.000
G0 X-20.437 Y-228.500 Z5.000
G0 X-20.437 Y-228.500 Z3.000
G1 X-20.437 Y-214.313 Z2.505 F400.000
G1 X-20.424 Y-214.105 Z2.497 F400.000
G1 X-20.390 Y-213.846 Z2.488 F400.000
G1 X-20.283 Y-213.446 Z2.474 F400.000
G1 X-20.183 Y-213.205 Z2.465 F400.000
G1 X-19.975 Y-212.846 Z2.450 F400.000
G1 X-19.817 Y-212.639 Z2.441 F400.000
G1 X-19.524 Y-212.346 Z2.427 F400.000
G1 X-19.316 Y-212.187 Z2.417 F400.000
G1 X-18.958 Y-211.980 Z2.403 F400.000
G1 X-18.716 Y-211.880 Z2.394 F400.000
G1 X-18.316 Y-211.773 Z2.379 F400.000
G1 X-18.057 Y-211.739 Z2.370 F400.000
G1 X-17.850 Y-211.725 Z2.363 F400.000
G1 X-16.445 Y-211.725 Z2.314 F400.000
G1 X-16.336 Y-211.714 Z2.310 F400.000
G1 X-16.307 Y-211.706 Z2.309 F400.000
G1 X-16.281 Y-211.691 Z2.308 F400.000
G1 X-16.257 Y-211.672 Z2.307 F400.000
G1 X-16.238 Y-211.649 Z2.306 F400.000
G1 X-16.224 Y-211.622 Z2.305 F400.000
G1 X-16.215 Y-211.593 Z2.304 F400.000
G1 X-16.204 Y-211.485 Z2.300 F400.000
G1 X-16.204 Y-208.593 Z2.199 F400.000
G1 X-16.207 Y-208.533 Z2.197 F400.000
G1 X-16.210 Y-208.515 Z2.196 F400.000
G1 X-16.215 Y-208.499 Z2.196 F400.000
G1 X-16.238 Y-208.442 Z2.194 F400.000
G1 X-20.159 Y-200.027 Z1.869 F400.000
G1 X-20.286 Y-199.686 Z1.857 F400.000
G1 X-20.375 Y-199.333 Z1.844 F400.000
G1 X-20.425 Y-198.973 Z1.831 F400.000
G1 X-20.437 Y-198.696 Z1.822 F400.000
G1 X-20.437 Y-175.828 Z1.023 F400.000
G1 X-20.424 Y-175.621 Z1.016 F400.000
G1 X-20.390 Y-175.362 Z1.007 F400.000
G1 X-20.283 Y-174.962 Z0.992 F400.000
G1 X-20.183 Y-174.721 Z0.983 F400.000
G1 X-19.975 Y-174.362 Z0.969 F400.000
G1 X-19.817 Y-174.155 Z0.959 F400.000
G1 X-19.524 Y-173.862 Z0.945 F400.000
G1 X-19.316 Y-173.703 Z0.936 F400.000
G1 X-18.958 Y-173.496 Z0.921 F400.000
G1 X-18.716 Y-173.396 Z0.912 F400.000
G1 X-18.316 Y-173.289 Z0.898 F400.000
G1 X-18.057 Y-173.255 Z0.889 F400.000
G1 X-17.850 Y-173.241 Z0.881 F400.000
G1 X-16.445 Y-173.241 Z0.832 F400.000
G1 X-16.336 Y-173.230 Z0.829 F400.000
G1 X-16.307 Y-173.222 Z0.828 F400.000
G1 X-16.281 Y-173.207 Z0.826 F400.000
G1 X-16.257 Y-173.188 Z0.825 F400.000
G1 X-16.238 Y-173.164 Z0.824 F400.000
G1 X-16.224 Y-173.138 Z0.823 F400.000
G1 X-16.215 Y-173.109 Z0.822 F400.000
G1 X-16.204 Y-173.000 Z0.818 F400.000
G1 X-16.204 Y-170.109 Z0.717 F400.000
G1 X-16.207 Y-170.049 Z0.715 F400.000
G1 X-16.210 Y-170.031 Z0.715 F400.000
G1 X-16.215 Y-170.015 Z0.714 F400.000
G1 X-16.238 Y-169.958 Z0.712 F400.000
G1 X-20.159 Y-161.543 Z0.388 F400.000
G1 X-20.286 Y-161.202 Z0.375 F400.000
G1 X-20.375 Y-160.849 Z0.362 F400.000
G1 X-20.425 Y-160.489 Z0.350 F400.000
G1 X-20.437 Y-160.212 Z0.340 F400.000
G1 X-20.437 Y-137.344 Z-0.459 F400.000
G1 X-20.424 Y-137.137 Z-0.466 F400.000
G1 X-20.390 Y-136.878 Z-0.475 F400.000
G1 X-20.283 Y-136.478 Z-0.489 F400.000
G1 X-20.183 Y-136.237 Z-0.499 F400.000
G1 X-19.975 Y-135.878 Z-0.513 F400.000
G1 X-19.817 Y-135.671 Z-0.522 F400.000
G1 X-19.524 Y-135.378 Z-0.537 F400.000
G1 X-19.316 Y-135.219 Z-0.546 F400.000
G1 X-18.958 Y-135.012 Z-0.560 F400.000
G1 X-18.716 Y-134.912 Z-0.569 F400.000
G1 X-18.316 Y-134.805 Z-0.584 F400.000
G1 X-18.057 Y-134.771 Z-0.593 F400.000
G1 X-17.850 Y-134.757 Z-0.600 F400.000
G1 X-16.445 Y-134.757 Z-0.649 F400.000
G1 X-16.336 Y-134.746 Z-0.653 F400.000
G1 X-16.307 Y-134.738 Z-0.654 F400.000
G1 X-16.281 Y-134.723 Z-0.655 F400.000
G1 X-16.257 Y-134.704 Z-0.656 F400.000
G1 X-16.238 Y-134.680 Z-0.657 F400.000
G1 X-16.224 Y-134.654 Z-0.658 F400.000
G1 X-16.215 Y-134.625 Z-0.659 F400.000
G1 X-16.204 Y-134.516 Z-0.663 F400.000
G1 X-16.204 Y-131.625 Z-0.764 F400.000
G1 X-16.207 Y-131.565 Z-0.766 F400.000
G1 X-16.210 Y-131.547 Z-0.767 F400.000
G1 X-16.215 Y-131.531 Z-0.767 F400.000
G1 X-16.238 Y-131.474 Z-0.770 F400.000
G1 X-20.159 Y-123.059 Z-1.094 F400.000
G1 X-20.221 Y-122.892 Z-1.100 F400.000
G1 X-20.159 Y-123.059 Z-1.106 F400.000
G1 X-16.238 Y-131.474 Z-1.430 F400.000
G1 X-16.215 Y-131.531 Z-1.433 F400.000
G1 X-16.210 Y-131.547 Z-1.433 F400.000
G1 X-16.207 Y-131.565 Z-1.434 F400.000
G1 X-16.204 Y-131.625 Z-1.436 F400.000
G1 X-16.204 Y-134.516 Z-1.537 F400.000
G1 X-16.215 Y-134.625 Z-1.541 F400.000
G1 X-16.224 Y-134.654 Z-1.542 F400.000
G1 X-16.238 Y-134.680 Z-1.543 F400.000
G1 X-16.257 Y-134.704 Z-1.544 F400.000
G1 X-16.281 Y-134.723 Z-1.545 F400.000
G1 X-16.307 Y-134.738 Z-1.546 F400.000
G1 X-16.336 Y-134.746 Z-1.547 F400.000
G1 X-16.445 Y-134.757 Z-1.551 F400.000
G1 X-17.850 Y-134.757 Z-1.600 F400.000
G1 X-18.057 Y-134.771 Z-1.607 F400.000
G1 X-18.316 Y-134.805 Z-1.616 F400.000
G1 X-18.716 Y-134.912 Z-1.631 F400.000
G1 X-18.958 Y-135.012 Z-1.640 F400.000
G1 X-19.316 Y-135.219 Z-1.654 F400.000
G1 X-19.524 Y-135.378 Z-1.663 F400.000
G1 X-19.817 Y-135.671 Z-1.678 F400.000
G1 X-19.975 Y-135.878 Z-1.687 F400.000
G1 X-20.183 Y-136.237 Z-1.701 F400.000
G1 X-20.283 Y-136.478 Z-1.711 F400.000
G1 X-20.390 Y-136.878 Z-1.725 F400.000
G1 X-20.424 Y-137.137 Z-1.734 F400.000
G1 X-20.437 Y-137.344 Z-1.741 F400.000
G1 X-20.437 Y-160.212 Z-2.540 F400.000
G1 X-20.425 Y-160.489 Z-2.550 F400.000
G1 X-20.375 Y-160.849 Z-2.562 F400.000
G1 X-20.286 Y-161.202 Z-2.575 F400.000
G1 X-20.159 Y-161.543 Z-2.588 F400.000
G1 X-16.238 Y-169.958 Z-2.912 F400.000
G1 X-16.215 Y-170.015 Z-2.914 F400.000
G1 X-16.210 Y-170.031 Z-2.915 F400.000
G1 X-16.207 Y-170.049 Z-2.915 F400.000
G1 X-16.204 Y-170.109 Z-2.917 F400.000
G1 X-16.204 Y-173.000 Z-3.018 F400.000
G1 X-16.215 Y-173.109 Z-3.022 F400.000
G1 X-16.224 Y-173.138 Z-3.023 F400.000
G1 X-16.238 Y-173.164 Z-3.024 F400.000
G1 X-16.257 Y-173.188 Z-3.025 F400.000
G1 X-16.281 Y-173.207 Z-3.026 F400.000
G1 X-16.307 Y-173.222 Z-3.028 F400.000
G1 X-16.336 Y-173.230 Z-3.029 F400.000
G1 X-16.445 Y-173.241 Z-3.032 F400.000
G1 X-17.850 Y-173.241 Z-3.081 F400.000
G1 X-18.057 Y-173.255 Z-3.089 F400.000
G1 X-18.316 Y-173.289 Z-3.098 F400.000
G1 X-18.716 Y-173.396 Z-3.112 F400.000
G1 X-18.958 Y-173.496 Z-3.121 F400.000
G1 X-19.316 Y-173.703 Z-3.136 F400.000
G1 X-19.524 Y-173.862 Z-3.145 F400.000
G1 X-19.817 Y-174.155 Z-3.159 F400.000
G1 X-19.975 Y-174.362 Z-3.169 F400.000
G1 X-20.183 Y-174.721 Z-3.183 F400.000
G1 X-20.283 Y-174.962 Z-3.192 F400.000
G1 X-20.390 Y-175.362 Z-3.207 F400.000
G1 X-20.424 Y-175.621 Z-3.216 F400.000
G1 X-20.437 Y-175.828 Z-3.223 F400.000
G1 X-20.437 Y-198.696 Z-4.022 F400.000
G1 X-20.425 Y-198.973 Z-4.031 F400.000
G1 X-20.375 Y-199.333 Z-4.044 F400.000
G1 X-20.286 Y-199.686 Z-4.057 F400.000
G1 X-20.159 Y-200.027 Z-4.069 F400.000
G1 X-16.238 Y-208.442 Z-4.394 F400.000
G1 X-16.215 Y-208.499 Z-4.396 F400.000
G1 X-16.210 Y-208.515 Z-4.396 F400.000
G1 X-16.207 Y-208.533 Z-4.397 F400.000
G1 X-16.204 Y-208.593 Z-4.399 F400.000
G1 X-16.204 Y-211.485 Z-4.500 F400.000
G1 X-16.215 Y-211.593 Z-4.504 F400.000
G1 X-16.224 Y-211.622 Z-4.505 F400.000
G1 X-16.238 Y-211.649 Z-4.506 F400.000
G1 X-16.257 Y-211.672 Z-4.507 F400.000
G1 X-16.281 Y-211.691 Z-4.508 F400.000
G1 X-16.307 Y-211.706 Z-4.509 F400.000
G1 X-16.336 Y-211.714 Z-4.510 F400.000
G1 X-16.445 Y-211.725 Z-4.514 F400.000
G1 X-17.850 Y-211.725 Z-4.563 F400.000
G1 X-18.057 Y-211.739 Z-4.570 F400.000
G1 X-18.316 Y-211.773 Z-4.579 F400.000
G1 X-18.716 Y-211.880 Z-4.594 F400.000
G1 X-18.958 Y-211.980 Z-4.603 F400.000
G1 X-19.316 Y-212.187 Z-4.617 F400.000
G1 X-19.524 Y-212.346 Z-4.627 F400.000
G1 X-19.817 Y-212.639 Z-4.641 F400.000
G1 X-19.975 Y-212.846 Z-4.650 F400.000
G1 X-20.183 Y-213.205 Z-4.665 F400.000
G1 X-20.283 Y-213.446 Z-4.674 F400.000
G1 X-20.390 Y-213.846 Z-4.688 F400.000
G1 X-20.424 Y-214.105 Z-4.697 F400.000
G1 X-20.437 Y-214.313 Z-4.705 F400.000
G1 X-20.437 Y-228.500 Z-5.200 F400.000
G1 X-20.437 Y-214.313 Z-5.200 F400.000
G1 X-20.424 Y-214.105 Z-5.200 F400.000
G1 X-20.390 Y-213.846 Z-5.200 F400.000
G1 X-20.283 Y-213.446 Z-5.200 F400.000
G1 X-20.183 Y-213.205 Z-5.200 F400.000
G1 X-19.975 Y-212.846 Z-5.200 F400.000
G1 X-19.817 Y-212.639 Z-5.200 F400.000
G1 X-19.524 Y-212.346 Z-5.200 F400.000
G1 X-19.316 Y-212.187 Z-5.200 F400.000
G1 X-18.958 Y-211.980 Z-5.200 F400.000
G1 X-18.716 Y-211.880 Z-5.200 F400.000
G1 X-18.316 Y-211.773 Z-5.200 F400.000
G1 X-18.057 Y-211.739 Z-5.200 F400.000
G1 X-17.850 Y-211.725 Z-5.200 F400.000
G1 X-16.445 Y-211.725 Z-5.200 F400.000
G1 X-16.336 Y-211.714 Z-5.200 F400.000
G1 X-16.307 Y-211.706 Z-5.200 F400.000
G1 X-16.281 Y-211.691 Z-5.200 F400.000
G1 X-16.257 Y-211.672 Z-5.200 F400.000
G1 X-16.238 Y-211.649 Z-5.200 F400.000
G1 X-16.224 Y-211.622 Z-5.200 F400.000
G1 X-16.215 Y-211.593 Z-5.200 F400.000
G1 X-16.204 Y-211.485 Z-5.200 F400.000
G1 X-16.204 Y-208.593 Z-5.200 F400.000
G1 X-16.207 Y-208.533 Z-5.200 F400.000
G1 X-16.210 Y-208.515 Z-5.200 F400.000
G1 X-16.215 Y-208.499 Z-5.200 F400.000
G1 X-16.238 Y-208.442 Z-5.200 F400.000
G1 X-20.159 Y-200.027 Z-5.200 F400.000
G1 X-20.286 Y-199.686 Z-5.200 F400.000
G1 X-20.375 Y-199.333 Z-5.200 F400.000
G1 X-20.425 Y-198.973 Z-5.200 F400.000
G1 X-20.437 Y-198.696 Z-5.200 F400.000
G1 X-20.437 Y-175.828 Z-5.200 F400.000
G1 X-20.424 Y-175.621 Z-5.200 F400.000
G1 X-20.390 Y-175.362 Z-5.200 F400.000
G1 X-20.283 Y-174.962 Z-5.200 F400.000
G1 X-20.183 Y-174.721 Z-5.200 F400.000
G1 X-19.975 Y-174.362 Z-5.200 F400.000
G1 X-19.817 Y-174.155 Z-5.200 F400.000
G1 X-19.524 Y-173.862 Z-5.200 F400.000
G1 X-19.316 Y-173.703 Z-5.200 F400.000
G1 X-18.958 Y-173.496 Z-5.200 F400.000
G1 X-18.716 Y-173.396 Z-5.200 F400.000
G1 X-18.316 Y-173.289 Z-5.200 F400.000
G1 X-18.057 Y-173.255 Z-5.200 F400.000
G1 X-17.850 Y-173.241 Z-5.200 F400.000
G1 X-16.445 Y-173.241 Z-5.200 F400.000
G1 X-16.336 Y-173.230 Z-5.200 F400.000
G1 X-16.307 Y-173.222 Z-5.200 F400.000
G1 X-16.281 Y-173.207 Z-5.200 F400.000
G1 X-16.257 Y-173.188 Z-5.200 F400.000
G1 X-16.238 Y-173.164 Z-5.200 F400.000
G1 X-16.224 Y-173.138 Z-5.200 F400.000
G1 X-16.215 Y-173.109 Z-5.200 F400.000
G1 X-16.204 Y-173.000 Z-5.200 F400.000
G1 X-16.204 Y-170.109 Z-5.200 F400.000
G1 X-16.207 Y-170.049 Z-5.200 F400.000
G1 X-16.210 Y-170.031 Z-5.200 F400.000
G1 X-16.215 Y-170.015 Z-5.200 F400.000
G1 X-16.238 Y-169.958 Z-5.200 F400.000
G1 X-20.159 Y-161.543 Z-5.200 F400.000
G1 X-20.286 Y-161.202 Z-5.200 F400.000
G1 X-20.375 Y-160.849 Z-5.200 F400.000
G1 X-20.425 Y-160.489 Z-5.200 F400.000
G1 X-20.437 Y-160.212 Z-5.200 F400.000
G1 X-20.437 Y-137.344 Z-5.200 F400.000
G1 X-20.424 Y-137.137 Z-5.200 F400.000
G1 X-20.390 Y-136.878 Z-5.200 F400.000
G1 X-20.283 Y-136.478 Z-5.200 F400.000
G1 X-20.183 Y-136.237 Z-5.200 F400.000
G1 X-19.975 Y-135.878 Z-5.200 F400.000
G1 X-19.817 Y-135.671 Z-5.200 F400.000
G1 X-19.524 Y-135.378 Z-5.200 F400.000
G1 X-19.316 Y-135.219 Z-5.200 F400.000
G1 X-18.958 Y-135.012 Z-5.200 F400.000
G1 X-18.716 Y-134.912 Z-5.200 F400.000
G1 X-18.316 Y-134.805 Z-5.200 F400.000
G1 X-18.057 Y-134.771 Z-5.200 F400.000
G1 X-17.850 Y-134.757 Z-5.200 F400.000
G1 X-16.445 Y-134.757 Z-5.200 F400.000
G1 X-16.336 Y-134.746 Z-5.200 F400.000
G1 X-16.307 Y-134.738 Z-5.200 F400.000
G1 X-16.281 Y-134.723 Z-5.200 F400.000
G1 X-16.257 Y-134.704 Z-5.200 F400.000
G1 X-16.238 Y-134.680 Z-5.200 F400.000
G1 X-16.224 Y-134.654 Z-5.200 F400.000
G1 X-16.215 Y-134.625 Z-5.200 F400.000
G1 X-16.204 Y-134.516 Z-5.200 F400.000
G1 X-16.204 Y-131.625 Z-5.200 F400.000
G1 X-16.207 Y-131.565 Z-5.200 F400.000
G1 X-16.210 Y-131.547 Z-5.200 F400.000
G1 X-16.215 Y-131.531 Z-5.200 F400.000
G1 X-16.238 Y-131.474 Z-5.200 F400.000
G1 X-20.159 Y-123.059 Z-5.200 F400.000
G1 X-20.286 Y-122.718 Z-5.200 F400.000
G1 X-20.375 Y-122.365 Z-5.200 F400.000
G1 X-20.425 Y-122.005 Z-5.200 F400.000
G1 X-20.437 Y-121.728 Z-5.200 F400.000
G1 X-20.437 Y-98.860 Z-5.200 F400.000
G1 X-20.424 Y-98.653 Z-5.200 F400.000
G1 X-20.390 Y-98.394 Z-5.200 F400.000
G1 X-20.283 Y-97.994 Z-5.200 F400.000
G1 X-20.183 Y-97.753 Z-5.200 F400.000
G1 X-19.975 Y-97.394 Z-5.200 F400.000
G1 X-19.817 Y-97.187 Z-5.200 F400.000
G1 X-19.524 Y-96.894 Z-5.200 F400.000
G1 X-19.316 Y-96.735 Z-5.200 F400.000
G1 X-18.958 Y-96.528 Z-5.200 F400.000
G1 X-18.716 Y-96.428 Z-5.200 F400.000
G1 X-18.316 Y-96.321 Z-5.200 F400.000
G1 X-18.057 Y-96.287 Z-5.200 F400.000
G1 X-17.850 Y-96.273 Z-5.200 F400.000
G1 X-16.445 Y-96.273 Z-5.200 F400.000
G1 X-16.336 Y-96.262 Z-5.200 F400.000
G1 X-16.307 Y-96.253 Z-5.200 F400.000
G1 X-16.281 Y-96.239 Z-5.200 F400.000
G1 X-16.257 Y-96.220 Z-5.200 F400.000
G1 X-16.238 Y-96.196 Z-5.200 F400.000
G1 X-16.224 Y-96.170 Z-5.200 F400.000
G1 X-16.215 Y-96.141 Z-5.200 F400.000
G1 X-16.204 Y-96.032 Z-5.200 F400.000
G1 X-16.204 Y-93.141 Z-5.200 F400.000
G1 X-16.207 Y-93.081 Z-5.200 F400.000
G1 X-16.210 Y-93.063 Z-5.200 F400.000
G1 X-16.215 Y-93.046 Z-5.200 F400.000
G1 X-16.238 Y-92.990 Z-5.200 F400.000
G1 X-20.159 Y-84.575 Z-5.200 F400.000
G1 X-20.286 Y-84.234 Z-5.200 F400.000
G1 X-20.375 Y-83.881 Z-5.200 F400.000
G1 X-20.425 Y-83.521 Z-5.200 F400.000
G1 X-20.437 Y-83.244 Z-5.200 F400.000
G1 X-20.437 Y-60.376 Z-5.200 F400.000
G1 X-20.424 Y-60.169 Z-5.200 F400.000
G1 X-20.390 Y-59.910 Z-5.200 F400.000
G1 X-20.283 Y-59.510 Z-5.200 F400.000
G1 X-20.183 Y-59.269 Z-5.200 F400.000
G1 X-19.975 Y-58.910 Z-5.200 F400.000
G1 X-19.817 Y-58.703 Z-5.200 F400.000
G1 X-19.524 Y-58.410 Z-5.200 F400.000
G1 X-19.316 Y-58.251 Z-5.200 F400.000
G1 X-18.958 Y-58.044 Z-5.200 F400.000
G1 X-18.716 Y-57.944 Z-5.200 F400.000
G1 X-18.316 Y-57.837 Z-5.200 F400.000
G1 X-18.057 Y-57.803 Z-5.200 F400.000
G1 X-17.850 Y-57.789 Z-5.200 F400.000
G1 X-16.445 Y-57.789 Z-5.200 F400.000
G1 X-16.336 Y-57.778 Z-5.200 F400.000
G1 X-16.307 Y-57.769 Z-5.200 F400.000
G1 X-16.281 Y-57.755 Z-5.200 F400.000
G1 X-16.257 Y-57.736 Z-5.200 F400.000
G1 X-16.238 Y-57.712 Z-5.200 F400.000
G1 X-16.224 Y-57.686 Z-5.200 F400.000
G1 X-16.215 Y-57.657 Z-5.200 F400.000
G1 X-16.204 Y-57.548 Z-5.200 F400.000
G1 X-16.204 Y-54.657 Z-5.200 F400.000
G1 X-16.207 Y-54.597 Z-5.200 F400.000
G1 X-16.210 Y-54.579 Z-5.200 F400.000
G1 X-16.215 Y-54.562 Z-5.200 F400.000
G1 X-16.238 Y-54.506 Z-5.200 F400.000
G1 X-20.159 Y-46.091 Z-5.200 F400.000
G1 X-20.286 Y-45.750 Z-5.200 F400.000
G1 X-20.375 Y-45.397 Z-5.200 F400.000
G1 X-20.425 Y-45.037 Z-5.200 F400.000
G1 X-20.437 Y-44.760 Z-5.200 F400.000
G1 X-20.430 Y-36.124 Z-5.200 F400.000
G1 X-20.396 Y-35.783 Z-5.200 F400.000
G1 X-20.336 Y-35.477 Z-5.200 F400.000
G1 X-20.236 Y-35.149 Z-5.200 F400.000
G1 X-20.117 Y-34.862 Z-5.200 F400.000
G1 X-19.955 Y-34.559 Z-5.200 F400.000
G1 X-19.782 Y-34.300 Z-5.200 F400.000
G1 X-19.565 Y-34.035 Z-5.200 F400.000
G1 X-19.345 Y-33.815 Z-5.200 F400.000
G1 X-19.079 Y-33.597 Z-5.200 F400.000
G1 X-18.821 Y-33.424 Z-5.200 F400.000
G1 X-18.518 Y-33.263 Z-5.200 F400.000
G1 X-18.231 Y-33.144 Z-5.200 F400.000
G1 X-17.902 Y-33.044 Z-5.200 F400.000
G1 X-17.597 Y-32.983 Z-5.200 F400.000
G1 X-17.100 Y-32.942 Z-5.200 F400.000
G1 X-14.328 Y-32.942 Z-5.200 F400.000
G1 X-14.220 Y-32.931 Z-5.200 F400.000
G1 X-14.191 Y-32.923 Z-5.200 F400.000
G1 X-14.164 Y-32.908 Z-5.200 F400.000
G1 X-14.141 Y-32.889 Z-5.200 F400.000
G1 X-14.121 Y-32.866 Z-5.200 F400.000
G1 X-14.107 Y-32.839 Z-5.200 F400.000
G1 X-14.098 Y-32.810 Z-5.200 F400.000
G1 X-14.088 Y-32.702 Z-5.200 F400.000
G1 X-14.087 Y-30.995 Z-5.200 F400.000
G1 X-14.098 Y-30.887 Z-5.200 F400.000
G1 X-14.107 Y-30.858 Z-5.200 F400.000
G1 X-14.121 Y-30.831 Z-5.200 F400.000
G1 X-14.141 Y-30.808 Z-5.200 F400.000
G1 X-14.164 Y-30.788 Z-5.200 F400.000
G1 X-14.191 Y-30.774 Z-5.200 F400.000
G1 X-14.220 Y-30.765 Z-5.200 F400.000
G1 X-14.330 Y-30.754 Z-5.200 F400.000
G1 X-17.256 Y-30.747 Z-5.200 F400.000
G1 X-17.597 Y-30.713 Z-5.200 F400.000
G1 X-17.902 Y-30.653 Z-5.200 F400.000
G1 X-18.231 Y-30.553 Z-5.200 F400.000
G1 X-18.518 Y-30.434 Z-5.200 F400.000
G1 X-18.821 Y-30.272 Z-5.200 F400.000
G1 X-19.079 Y-30.099 Z-5.200 F400.000
G1 X-19.345 Y-29.882 Z-5.200 F400.000
G1 X-19.565 Y-29.662 Z-5.200 F400.000
G1 X-19.782 Y-29.396 Z-5.200 F400.000
G1 X-19.955 Y-29.138 Z-5.200 F400.000
G1 X-20.117 Y-28.835 Z-5.200 F400.000
G1 X-20.236 Y-28.548 Z-5.200 F400.000
G1 X-20.336 Y-28.219 Z-5.200 F400.000
G1 X-20.396 Y-27.914 Z-5.200 F400.000
G1 X-20.437 Y-27.417 Z-5.200 F400.000
G1 X-20.437 Y-3.500 Z-5.200 F400.000
G0 X-20.437 Y-3.500 Z5.000
G0 X-20.437 Y-228.500 Z5.000
G0 X-20.437 Y-228.500 Z3.000
G1 X-20.437 Y-214.313 Z2.505 F400.000
G1 X-20.424 Y-214.105 Z2.497 F400.000
G1 X-20.390 Y-213.846 Z2.488 F400.000
G1 X-20.283 Y-213.446 Z2.474 F400.000
G1 X-20.183 Y-213.205 Z2.465 F400.000
G1 X-19.975 Y-212.846 Z2.450 F400.000
G1 X-19.817 Y-212.639 Z2.441 F400.000
G1 X-19.524 Y-212.346 Z2.427 F400.000
G1 X-19.316 Y-212.187 Z2.417 F400.000
G1 X-18.958 Y-211.980 Z2.403 F400.000
G1 X-18.716 Y-211.880 Z2.394 F400.000
G1 X-18.316 Y-211.773 Z2.379 F400.000
G1 X-18.057 Y-211.739 Z2.370 F400.000
G1 X-17.850 Y-211.725 Z2.363 F400.000
G1 X-16.445 Y-211.725 Z2.314 F400.000
G1 X-16.336 Y-211.714 Z2.310 F400.000
G1 X-16.307 Y-211.706 Z2.309 F400.000
G1 X-16.281 Y-211.691 Z2.308 F400.000
G1 X-16.257 Y-211.672 Z2.307 F400.000
G1 X-16.238 Y-211.649 Z2.306 F400.000
G1 X-16.224 Y-211.622 Z2.305 F400.000
G1 X-16.215 Y-211.593 Z2.304 F400.000
G1 X-16.204 Y-211.485 Z2.300 F400.000
G1 X-16.204 Y-208.593 Z2.199 F400.000
G1 X-16.207 Y-208.533 Z2.197 F400.000
G1 X-16.210 Y-208.515 Z2.196 F400.000
G1 X-16.215 Y-208.499 Z2.196 F400.000
G1 X-16.238 Y-208.442 Z2.194 F400.000
G1 X-20.159 Y-200.027 Z1.869 F400.000
G1 X-20.286 Y-199.686 Z1.857 F400.000
G1 X-20.375 Y-199.333 Z1.844 F400.000
G1 X-20.425 Y-198.973 Z1.831 F400.000
G1 X-20.437 Y-198.696 Z1.822 F400.000
G1 X-20.437 Y-175.828 Z1.023 F400.000
G1 X-20.424 Y-175.621 Z1.016 F400.000
G1 X-20.390 Y-175.362 Z1.007 F400.000
G1 X-20.283 Y-174.962 Z0.992 F400.000
G1 X-20.183 Y-174.721 Z0.983 F400.000
G1 X-19.975 Y-174.362 Z0.969 F400.000
G1 X-19.817 Y-174.155 Z0.959 F400.000
G1 X-19.524 Y-173.862 Z0.945 F400.000
G1 X-19.316 Y-173.703 Z0.936 F400.000
G1 X-18.958 Y-173.496 Z0.921 F400.000
G1 X-18.716 Y-173.396 Z0.912 F400.000
G1 X-18.316 Y-173.289 Z0.898 F400.000
G1 X-18.057 Y-173.255 Z0.889 F400.000
G1 X-17.850 Y-173.241 Z0.881 F400.000
G1 X-16.445 Y-173.241 Z0.832 F400.000
G1 X-16.336 Y-173.230 Z0.829 F400.000
G1 X-16.307 Y-173.222 Z0.828 F400.000
G1 X-16.281 Y-173.207 Z0.826 F400.000
G1 X-16.257 Y-173.188 Z0.825 F400.000
G1 X-16.238 Y-173.164 Z0.824 F400.000
G1 X-16.224 Y-173.138 Z0.823 F400.000
G1 X-16.215 Y-173.109 Z0.822 F400.000
G1 X-16.204 Y-173.000 Z0.818 F400.000
G1 X-16.204 Y-170.109 Z0.717 F400.000
G1 X-16.207 Y-170.049 Z0.715 F400.000
G1 X-16.210 Y-170.031 Z0.715 F400.000
G1 X-16.215 Y-170.015 Z0.714 F400.000
G1 X-16.238 Y-169.958 Z0.712 F400.000
G1 X-20.159 Y-161.543 Z0.388 F400.000
G1 X-20.286 Y-161.202 Z0.375 F400.000
G1 X-20.375 Y-160.849 Z0.362 F400.000
G1 X-20.425 Y-160.489 Z0.350 F400.000
G1 X-20.437 Y-160.212 Z0.340 F400.000
G1 X-20.437 Y-137.344 Z-0.459 F400.000
G1 X-20.424 Y-137.137 Z-0.466 F400.000
G1 X-20.390 Y-136.878 Z-0.475 F400.000
G1 X-20.283 Y-136.478 Z-0.489 F400.000
G1 X-20.183 Y-136.237 Z-0.499 F400.000
G1 X-19.975 Y-135.878 Z-0.513 F400.000
G1 X-19.817 Y-135.671 Z-0.522 F400.000
G1 X-19.524 Y-135.378 Z-0.537 F400.000
G1 X-19.316 Y-135.219 Z-0.546 F400.000
G1 X-18.958 Y-135.012 Z-0.560 F400.000
G1 X-18.716 Y-134.912 Z-0.569 F400.000
G1 X-18.316 Y-134.805 Z-0.584 F400.000
G1 X-18.057 Y-134.771 Z-0.593 F400.000
G1 X-17.850 Y-134.757 Z-0.600 F400.000
G1 X-16.445 Y-134.757 Z-0.649 F400.000
G1 X-16.336 Y-134.746 Z-0.653 F400.000
G1 X-16.307 Y-134.738 Z-0.654 F400.000
G1 X-16.281 Y-134.723 Z-0.655 F400.000
G1 X-16.257 Y-134.704 Z-0.656 F400.000
G1 X-16.238 Y-134.680 Z-0.657 F400.000
G1 X-16.224 Y-134.654 Z-0.658 F400.000
G1 X-16.215 Y-134.625 Z-0.659 F400.000
G1 X-16.204 Y-134.516 Z-0.663 F400.000
G1 X-16.204 Y-131.625 Z-0.764 F400.000
G1 X-16.207 Y-131.565 Z-0.766 F400.000
G1 X-16.210 Y-131.547 Z-0.767 F400.000
G1 X-16.215 Y-131.531 Z-0.767 F400.000
G1 X-16.238 Y-131.474 Z-0.770 F400.000
G1 X-20.159 Y-123.059 Z-1.094 F400.000
G1 X-20.286 Y-122.718 Z-1.106 F400.000
G1 X-20.375 Y-122.365 Z-1.119 F400.000
G1 X-20.425 Y-122.005 Z-1.132 F400.000
G1 X-20.437 Y-121.728 Z-1.142 F400.000
G1 X-20.437 Y-120.055 Z-1.200 F400.000
G1 X-20.437 Y-121.728 Z-1.258 F400.000
G1 X-20.425 Y-122.005 Z-1.268 F400.000
G1 X-20.375 Y-122.365 Z-1.281 F400.000
G1 X-20.286 Y-122.718 Z-1.294 F400.000
G1 X-20.159 Y-123.059 Z-1.306 F400.000
G1 X-16.238 Y-131.474 Z-1.630 F400.000
G1 X-16.215 Y-131.531 Z-1.633 F400.000
G1 X-16.210 Y-131.547 Z-1.633 F400.000
G1 X-16.207 Y-131.565 Z-1.634 F400.000
G1 X-16.204 Y-131.625 Z-1.636 F400.000
G1 X-16.204 Y-134.516 Z-1.737 F400.000
G1 X-16.215 Y-134.625 Z-1.741 F400.000
G1 X-16.224 Y-134.654 Z-1.742 F400.000
G1 X-16.238 Y-134.680 Z-1.743 F400.000
G1 X-16.257 Y-134.704 Z-1.744 F400.000
G1 X-16.281 Y-134.723 Z-1.745 F400.000
G1 X-16.307 Y-134.738 Z-1.746 F400.000
G1 X-16.336 Y-134.746 Z-1.747 F400.000
G1 X-16.445 Y-134.757 Z-1.751 F400.000
G1 X-17.850 Y-134.757 Z-1.800 F400.000
G1 X-18.057 Y-134.771 Z-1.807 F400.000
G1 X-18.316 Y-134.805 Z-1.816 F400.000
G1 X-18.716 Y-134.912 Z-1.831 F400.000
G1 X-18.958 Y-135.012 Z-1.840 F400.000
G1 X-19.316 Y-135.219 Z-1.854 F400.000
G1 X-19.524 Y-135.378 Z-1.863 F400.000
G1 X-19.817 Y-135.671 Z-1.878 F400.000
G1 X-19.975 Y-135.878 Z-1.887 F400.000
G1 X-20.183 Y-136.237 Z-1.901 F400.000
G1 X-20.283 Y-136.478 Z-1.911 F400.000
G1 X-20.390 Y-136.878 Z-1.925 F400.000
G1 X-20.424 Y-137.137 Z-1.934 F400.000
G1 X-20.437 Y-137.344 Z-1.941 F400.000
G1 X-20.437 Y-160.212 Z-2.740 F400.000
G1 X-20.425 Y-160.489 Z-2.750 F400.000
G1 X-20.375 Y-160.849 Z-2.762 F400.000
G1 X-20.286 Y-161.202 Z-2.775 F400.000
G1 X-20.159 Y-161.543 Z-2.788 F400.000
G1 X-16.238 Y-169.958 Z-3.112 F400.000
G1 X-16.215 Y-170.015 Z-3.114 F400.000
G1 X-16.210 Y-170.031 Z-3.115 F400.000
G1 X-16.207 Y-170.049 Z-3.115 F400.000
G1 X-16.204 Y-170.109 Z-3.117 F400.000
G1 X-16.204 Y-173.000 Z-3.218 F400.000
G1 X-16.215 Y-173.109 Z-3.222 F400.000
G1 X-16.224 Y-173.138 Z-3.223 F400.000
G1 X-16.238 Y-173.164 Z-3.224 F400.000
G1 X-16.257 Y-173.188 Z-3.225 F400.000
G1 X-16.281 Y-173.207 Z-3.226 F400.000
G1 X-16.307 Y-173.222 Z-3.228 F400.000
G1 X-16.336 Y-173.230 Z-3.229 F400.000
G1 X-16.445 Y-173.241 Z-3.232 F400.000
G1 X-17.850 Y-173.241 Z-3.281 F400.000
G1 X-18.057 Y-173.255 Z-3.289 F400.000
G1 X-18.316 Y-173.289 Z-3.298 F400.000
G1 X-18.716 Y-173.396 Z-3.312 F400.000
G1 X-18.958 Y-173.496 Z-3.321 F400.000
G1 X-19.316 Y-173.703 Z-3.336 F400.000
G1 X-19.524 Y-173.862 Z-3.345 F400.000
G1 X-19.817 Y-174.155 Z-3.359 F400.000
G1 X-19.975 Y-174.362 Z-3.369 F400.000
G1 X-20.183 Y-174.721 Z-3.383 F400.000
G1 X-20.283 Y-174.962 Z-3.392 F400.000
G1 X-20.390 Y-175.362 Z-3.407 F400.000
G1 X-20.424 Y-175.621 Z-3.416 F400.000
G1 X-20.437 Y-175.828 Z-3.423 F400.000
G1 X-20.437 Y-198.696 Z-4.222 F400.000
G1 X-20.425 Y-198.973 Z-4.231 F400.000
G1 X-20.375 Y-199.333 Z-4.244 F400.000
G1 X-20.286 Y-199.686 Z-4.257 F400.000
G1 X-20.159 Y-200.027 Z-4.269 F400.000
G1 X-16.238 Y-208.442 Z-4.594 F400.000
G1 X-16.215 Y-208.499 Z-4.596 F400.000
G1 X-16.210 Y-208.515 Z-4.596 F400.000
G1 X-16.207 Y-208.533 Z-4.597 F400.000
G1 X-16.204 Y-208.593 Z-4.599 F400.000
G1 X-16.204 Y-211.485 Z-4.700 F400.000
G1 X-16.215 Y-211.593 Z-4.704 F400.000
G1 X-16.224 Y-211.622 Z-4.705 F400.000
G1 X-16.238 Y-211.649 Z-4.706 F400.000
G1 X-16.257 Y-211.672 Z-4.707 F400.000
G1 X-16.281 Y-211.691 Z-4.708 F400.000
G1 X-16.307 Y-211.706 Z-4.709 F400.000
G1 X-16.336 Y-211.714 Z-4.710 F400.000
G1 X-16.445 Y-211.725 Z-4.714 F400.000
G1 X-17.850 Y-211.725 Z-4.763 F400.000
G1 X-18.057 Y-211.739 Z-4.770 F400.000
G1 X-18.316 Y-211.773 Z-4.779 F400.000
G1 X-18.716 Y-211.880 Z-4.794 F400.000
G1 X-18.958 Y-211.980 Z-4.803 F400.000
G1 X-19.316 Y-212.187 Z-4.817 F400.000
G1 X-19.524 Y-212.346 Z-4.827 F400.000
G1 X-19.817 Y-212.639 Z-4.841 F400.000
G1 X-19.975 Y-212.846 Z-4.850 F400.000
G1 X-20.183 Y-213.205 Z-4.865 F400.000
G1 X-20.283 Y-213.446 Z-4.874 F400.000
G1 X-20.390 Y-213.846 Z-4.888 F400.000
G1 X-20.424 Y-214.105 Z-4.897 F400.000
G1 X-20.437 Y-214.313 Z-4.905 F400.000
G1 X-20.437 Y-228.500 Z-5.400 F400.000
G1 X-20.437 Y-214.313 Z-5.400 F400.000
G1 X-20.424 Y-214.105 Z-5.400 F400.000
G1 X-20.390 Y-213.846 Z-5.400 F400.000
G1 X-20.283 Y-213.446 Z-5.400 F400.000
G1 X-20.183 Y-213.205 Z-5.400 F400.000
G1 X-19.975 Y-212.846 Z-5.400 F400.000
G1 X-19.817 Y-212.639 Z-5.400 F400.000
G1 X-19.524 Y-212.346 Z-5.400 F400.000
G1 X-19.316 Y-212.187 Z-5.400 F400.000
G1 X-18.958 Y-211.980 Z-5.400 F400.000
G1 X-18.716 Y-211.880 Z-5.400 F400.000
G1 X-18.316 Y-211.773 Z-5.400 F400.000
G1 X-18.057 Y-211.739 Z-5.400 F400.000
G1 X-17.850 Y-211.725 Z-5.400 F400.000
G1 X-16.445 Y-211.725 Z-5.400 F400.000
G1 X-16.336 Y-211.714 Z-5.400 F400.000
G1 X-16.307 Y-211.706 Z-5.400 F400.000
G1 X-16.281 Y-211.691 Z-5.400 F400.000
G1 X-16.257 Y-211.672 Z-5.400 F400.000
G1 X-16.238 Y-211.649 Z-5.400 F400.000
G1 X-16.224 Y-211.622 Z-5.400 F400.000
G1 X-16.215 Y-211.593 Z-5.400 F400.000
G1 X-16.204 Y-211.485 Z-5.400 F400.000
G1 X-16.204 Y-208.593 Z-5.400 F400.000
G1 X-16.207 Y-208.533 Z-5.400 F400.000
G1 X-16.210 Y-208.515 Z-5.400 F400.000
G1 X-16.215 Y-208.499 Z-5.400 F400.000
G1 X-16.238 Y-208.442 Z-5.400 F400.000
G1 X-20.159 Y-200.027 Z-5.400 F400.000
G1 X-20.286 Y-199.686 Z-5.400 F400.000
G1 X-20.375 Y-199.333 Z-5.400 F400.000
G1 X-20.425 Y-198.973 Z-5.400 F400.000
G1 X-20.437 Y-198.696 Z-5.400 F400.000
G1 X-20.437 Y-175.828 Z-5.400 F400.000
G1 X-20.424 Y-175.621 Z-5.400 F400.000
G1 X-20.390 Y-175.362 Z-5.400 F400.000
G1 X-20.283 Y-174.962 Z-5.400 F400.000
G1 X-20.183 Y-174.721 Z-5.400 F400.000
G1 X-19.975 Y-174.362 Z-5.400 F400.000
G1 X-19.817 Y-174.155 Z-5.400 F400.000
G1 X-19.524 Y-173.862 Z-5.400 F400.000
G1 X-19.316 Y-173.703 Z-5.400 F400.000
G1 X-18.958 Y-173.496 Z-5.400 F400.000
G1 X-18.716 Y-173.396 Z-5.400 F400.000
G1 X-18.316 Y-173.289 Z-5.400 F400.000
G1 X-18.057 Y-173.255 Z-5.400 F400.000
G1 X-17.850 Y-173.241 Z-5.400 F400.000
G1 X-16.445 Y-173.241 Z-5.400 F400.000
G1 X-16.336 Y-173.230 Z-5.400 F400.000
G1 X-16.307 Y-173.222 Z-5.400 F400.000
G1 X-16.281 Y-173.207 Z-5.400 F400.000
G1 X-16.257 Y-173.188 Z-5.400 F400.000
G1 X-16.238 Y-173.164 Z-5.400 F400.000
G1 X-16.224 Y-173.138 Z-5.400 F400.000
G1 X-16.215 Y-173.109 Z-5.400 F400.000
G1 X-16.204 Y-173.000 Z-5.400 F400.000
G1 X-16.204 Y-170.109 Z-5.400 F400.000
G1 X-16.207 Y-170.049 Z-5.400 F400.000
G1 X-16.210 Y-170.031 Z-5.400 F400.000
G1 X-16.215 Y-170.015 Z-5.400 F400.000
G1 X-16.238 Y-169.958 Z-5.400 F400.000
G1 X-20.159 Y-161.543 Z-5.400 F400.000
G1 X-20.286 Y-161.202 Z-5.400 F400.000
G1 X-20.375 Y-160.849 Z-5.400 F400.000
G1 X-20.425 Y-160.489 Z-5.400 F400.000
G1 X-20.437 Y-160.212 Z-5.400 F400.000
G1 X-20.437 Y-137.344 Z-5.400 F400.000
G1 X-20.424 Y-137.137 Z-5.400 F400.000
G1 X-20.390 Y-136.878 Z-5.400 F400.000
G1 X-20.283 Y-136.478 Z-5.400 F400.000
G1 X-20.183 Y-136.237 Z-5.400 F400.000
G1 X-19.975 Y-135.878 Z-5.400 F400.000
G1 X-19.817 Y-135.671 Z-5.400 F400.000
G1 X-19.524 Y-135.378 Z-5.400 F400.000
G1 X-19.316 Y-135.219 Z-5.400 F400.000
G1 X-18.958 Y-135.012 Z-5.400 F400.000
G1 X-18.716 Y-134.912 Z-5.400 F400.000
G1 X-18.316 Y-134.805 Z-5.400 F400.000
G1 X-18.057 Y-134.771 Z-5.400 F400.000
G1 X-17.850 Y-134.757 Z-5.400 F400.000
G1 X-16.445 Y-134.757 Z-5.400 F400.000
G1 X-16.336 Y-134.746 Z-5.400 F400.000
G1 X-16.307 Y-134.738 Z-5.400 F400.000
G1 X-16.281 Y-134.723 Z-5.400 F400.000
G1 X-16.257 Y-134.704 Z-5.400 F400.000
G1 X-16.238 Y-134.680 Z-5.400 F400.000
G1 X-16.224 Y-134.654 Z-5.400 F400.000
G1 X-16.215 Y-134.625 Z-5.400 F400.000
G1 X-16.204 Y-134.516 Z-5.400 F400.000
G1 X-16.204 Y-131.625 Z-5.400 F400.000
G1 X-16.207 Y-131.565 Z-5.400 F400.000
G1 X-16.210 Y-131.547 Z-5.400 F400.000
G1 X-16.215 Y-131.531 Z-5.400 F400.000
G1 X-16.238 Y-131.474 Z-5.400 F400.000
G1 X-20.159 Y-123.059 Z-5.400 F400.000
G1 X-20.286 Y-122.718 Z-5.400 F400.000
G1 X-20.375 Y-122.365 Z-5.400 F400.000
G1 X-20.425 Y-122.005 Z-5.400 F400.000
G1 X-20.437 Y-121.728 Z-5.400 F400.000
G1 X-20.437 Y-98.860 Z-5.400 F400.000
G1 X-20.424 Y-98.653 Z-5.400 F400.000
G1 X-20.390 Y-98.394 Z-5.400 F400.000
G1 X-20.283 Y-97.994 Z-5.400 F400.000
G1 X-20.183 Y-97.753 Z-5.400 F400.000
G1 X-19.975 Y-97.394 Z-5.400 F400.000
G1 X-19.817 Y-97.187 Z-5.400 F400.000
G1 X-19.524 Y-96.894 Z-5.400 F400.000
G1 X-19.316 Y-96.735 Z-5.400 F400.000
G1 X-18.958 Y-96.528 Z-5.400 F400.000
G1 X-18.716 Y-96.428 Z-5.400 F400.000
G1 X-18.316 Y-96.321 Z-5.400 F400.000
G1 X-18.057 Y-96.287 Z-5.400 F400.000
G1 X-17.850 Y-96.273 Z-5.400 F400.000
G1 X-16.445 Y-96.273 Z-5.400 F400.000
G1 X-16.336 Y-96.262 Z-5.400 F400.000
G1 X-16.307 Y-96.253 Z-5.400 F400.000
G1 X-16.281 Y-96.239 Z-5.400 F400.000
G1 X-16.257 Y-96.220 Z-5.400 F400.000
G1 X-16.238 Y-96.196 Z-5.400 F400.000
G1 X-16.224 Y-96.170 Z-5.400 F400.000
G1 X-16.215 Y-96.141 Z-5.400 F400.000
G1 X-16.204 Y-96.032 Z-5.400 F400.000
G1 X-16.204 Y-93.141 Z-5.400 F400.000
G1 X-16.207 Y-93.081 Z-5.400 F400.000
G1 X-16.210 Y-93.063 Z-5.400 F400.000
G1 X-16.215 Y-93.046 Z-5.400 F400.000
G1 X-16.238 Y-92.990 Z-5.400 F400.000
G1 X-20.159 Y-84.575 Z-5.400 F400.000
G1 X-20.286 Y-84.234 Z-5.400 F400.000
G1 X-20.375 Y-83.881 Z-5.400 F400.000
G1 X-20.425 Y-83.521 Z-5.400 F400.000
G1 X-20.437 Y-83.244 Z-5.400 F400.000
G1 X-20.437 Y-60.376 Z-5.400 F400.000
G1 X-20.424 Y-60.169 Z-5.400 F400.000
G1 X-20.390 Y-59.910 Z-5.400 F400.000
G1 X-20.283 Y-59.510 Z-5.400 F400.000
G1 X-20.183 Y-59.269 Z-5.400 F400.000
G1 X-19.975 Y-58.910 Z-5.400 F400.000
G1 X-19.817 Y-58.703 Z-5.400 F400.000
G1 X-19.524 Y-58.410 Z-5.400 F400.000
G1 X-19.316 Y-58.251 Z-5.400 F400.000
G1 X-18.958 Y-58.044 Z-5.400 F400.000
G1 X-18.716 Y-57.944 Z-5.400 F400.000
G1 X-18.316 Y-57.837 Z-5.400 F400.000
G1 X-18.057 Y-57.803 Z-5.400 F400.000
G1 X-17.850 Y-57.789 Z-5.400 F400.000
G1 X-16.445 Y-57.789 Z-5.400 F400.000
G1 X-16.336 Y-57.778 Z-5.400 F400.000
G1 X-16.307 Y-57.769 Z-5.400 F400.000
G1 X-16.281 Y-57.755 Z-5.400 F400.000
G1 X-16.257 Y-57.736 Z-5.400 F400.000
G1 X-16.238 Y-57.712 Z-5.400 F400.000
G1 X-16.224 Y-57.686 Z-5.400 F400.000
G1 X-16.215 Y-57.657 Z-5.400 F400.000
G1 X-16.204 Y-57.548 Z-5.400 F400.000
G1 X-16.204 Y-54.657 Z-5.400 F400.000
G1 X-16.207 Y-54.597 Z-5.400 F400.000
G1 X-16.210 Y-54.579 Z-5.400 F400.000
G1 X-16.215 Y-54.562 Z-5.400 F400.000
G1 X-16.238 Y-54.506 Z-5.400 F400.000
G1 X-20.159 Y-46.091 Z-5.400 F400.000
G1 X-20.286 Y-45.750 Z-5.400 F400.000
G1 X-20.375 Y-45.397 Z-5.400 F400.000
G1 X-20.425 Y-45.037 Z-5.400 F400.000
G1 X-20.437 Y-44.760 Z-5.400 F400.000
G1 X-20.430 Y-36.124 Z-5.400 F400.000
G1 X-20.396 Y-35.783 Z-5.400 F400.000
G1 X-20.336 Y-35.477 Z-5.400 F400.000
G1 X-20.236 Y-35.149 Z-5.400 F400.000
G1 X-20.117 Y-34.862 Z-5.400 F400.000
G1 X-19.955 Y-34.559 Z-5.400 F400.000
G1 X-19.782 Y-34.300 Z-5.400 F400.000
G1 X-19.565 Y-34.035 Z-5.400 F400.000
G1 X-19.345 Y-33.815 Z-5.400 F400.000
G1 X-19.079 Y-33.597 Z-5.400 F400.000
G1 X-18.821 Y-33.424 Z-5.400 F400.000
G1 X-18.518 Y-33.263 Z-5.400 F400.000
G1 X-18.231 Y-33.144 Z-5.400 F400.000
G1 X-17.902 Y-33.044 Z-5.400 F400.000
G1 X-17.597 Y-32.983 Z-5.400 F400.000
G1 X-17.100 Y-32.942 Z-5.400 F400.000
G1 X-14.328 Y-32.942 Z-5.400 F400.000
G1 X-14.220 Y-32.931 Z-5.400 F400.000
G1 X-14.191 Y-32.923 Z-5.400 F400.000
G1 X-14.164 Y-32.908 Z-5.400 F400.000
G1 X-14.141 Y-32.889 Z-5.400 F400.000
G1 X-14.121 Y-32.866 Z-5.400 F400.000
G1 X-14.107 Y-32.839 Z-5.400 F400.000
G1 X-14.098 Y-32.810 Z-5.400 F400.000
G1 X-14.088 Y-32.702 Z-5.400 F400.000
G1 X-14.087 Y-30.995 Z-5.400 F400.000
G1 X-14.098 Y-30.887 Z-5.400 F400.000
G1 X-14.107 Y-30.858 Z-5.400 F400.000
G1 X-14.121 Y-30.831 Z-5.400 F400.000
G1 X-14.141 Y-30.808 Z-5.400 F400.000
G1 X-14.164 Y-30.788 Z-5.400 F400.000
G1 X-14.191 Y-30.774 Z-5.400 F400.000
G1 X-14.220 Y-30.765 Z-5.400 F400.000
G1 X-14.330 Y-30.754 Z-5.400 F400.000
G1 X-17.256 Y-30.747 Z-5.400 F400.000
G1 X-17.597 Y-30.713 Z-5.400 F400.000
G1 X-17.902 Y-30.653 Z-5.400 F400.000
G1 X-18.231 Y-30.553 Z-5.400 F400.000
G1 X-18.518 Y-30.434 Z-5.400 F400.000
G1 X-18.821 Y-30.272 Z-5.400 F400.000
G1 X-19.079 Y-30.099 Z-5.400 F400.000
G1 X-19.345 Y-29.882 Z-5.400 F400.000
G1 X-19.565 Y-29.662 Z-5.400 F400.000
G1 X-19.782 Y-29.396 Z-5.400 F400.000
G1 X-19.955 Y-29.138 Z-5.400 F400.000
G1 X-20.117 Y-28.835 Z-5.400 F400.000
G1 X-20.236 Y-28.548 Z-5.400 F400.000
G1 X-20.336 Y-28.219 Z-5.400 F400.000
G1 X-20.396 Y-27.914 Z-5.400 F400.000
G1 X-20.437 Y-27.417 Z-5.400 F400.000
G1 X-20.437 Y-3.500 Z-5.400 F400.000
G0 X-20.437 Y-3.500 Z5.000
(Finish operation: RampEntryDressup003)
(Begin operation: RampEntryDressup002)
(Path: RampEntryDressup002)
G0 X0.000 Y0.000 Z5.000
G0 X-4.562 Y-228.500 Z5.000
G0 X-4.562 Y-228.500 Z3.000
G1 X-4.562 Y-197.970 Z1.400 F400.000
G1 X-4.562 Y-228.500 Z-0.200 F400.000
G1 X-4.562 Y-3.500 Z-0.200 F400.000
G0 X-4.562 Y-3.500 Z5.000
G0 X-4.562 Y-228.500 Z5.000
G0 X-4.562 Y-228.500 Z3.000
G1 X-4.562 Y-196.062 Z1.300 F400.000
G1 X-4.562 Y-228.500 Z-0.400 F400.000
G1 X-4.562 Y-3.500 Z-0.400 F400.000
G0 X-4.562 Y-3.500 Z5.000
G0 X-4.562 Y-228.500 Z5.000
G0 X-4.562 Y-228.500 Z3.000
G1 X-4.562 Y-194.154 Z1.200 F400.000
G1 X-4.562 Y-228.500 Z-0.600 F400.000
G1 X-4.562 Y-3.500 Z-0.600 F400.000
G0 X-4.562 Y-3.500 Z5.000
G0 X-4.562 Y-228.500 Z5.000
G0 X-4.562 Y-228.500 Z3.000
G1 X-4.562 Y-192.246 Z1.100 F400.000
G1 X-4.562 Y-228.500 Z-0.800 F400.000
G1 X-4.562 Y-3.500 Z-0.800 F400.000
G0 X-4.562 Y-3.500 Z5.000
G0 X-4.562 Y-228.500 Z5.000
G0 X-4.562 Y-228.500 Z3.000
G1 X-4.562 Y-190.338 Z1.000 F400.000
G1 X-4.562 Y-228.500 Z-1.000 F400.000
G1 X-4.562 Y-3.500 Z-1.000 F400.000
G0 X-4.562 Y-3.500 Z5.000
G0 X-4.562 Y-228.500 Z5.000
G0 X-4.562 Y-228.500 Z3.000
G1 X-4.562 Y-188.430 Z0.900 F400.000
G1 X-4.562 Y-228.500 Z-1.200 F400.000
G1 X-4.562 Y-3.500 Z-1.200 F400.000
G0 X-4.562 Y-3.500 Z5.000
G0 X-4.562 Y-228.500 Z5.000
G0 X-4.562 Y-228.500 Z3.000
G1 X-4.562 Y-186.521 Z0.800 F400.000
G1 X-4.562 Y-228.500 Z-1.400 F400.000
G1 X-4.562 Y-3.500 Z-1.400 F400.000
G0 X-4.562 Y-3.500 Z5.000
G0 X-4.562 Y-228.500 Z5.000
G0 X-4.562 Y-228.500 Z3.000
G1 X-4.562 Y-184.613 Z0.700 F400.000
G1 X-4.562 Y-228.500 Z-1.600 F400.000
G1 X-4.562 Y-3.500 Z-1.600 F400.000
G0 X-4.562 Y-3.500 Z5.000
G0 X-4.562 Y-228.500 Z5.000
G0 X-4.562 Y-228.500 Z3.000
G1 X-4.562 Y-182.705 Z0.600 F400.000
G1 X-4.562 Y-228.500 Z-1.800 F400.000
G1 X-4.562 Y-3.500 Z-1.800 F400.000
G0 X-4.562 Y-3.500 Z5.000
G0 X-4.562 Y-228.500 Z5.000
G0 X-4.562 Y-228.500 Z3.000
G1 X-4.562 Y-180.797 Z0.500 F400.000
G1 X-4.562 Y-228.500 Z-2.000 F400.000
G1 X-4.562 Y-3.500 Z-2.000 F400.000
G0 X-4.562 Y-3.500 Z5.000
G0 X-4.562 Y-228.500 Z5.000
G0 X-4.562 Y-228.500 Z3.000
G1 X-4.562 Y-178.889 Z0.400 F400.000
G1 X-4.562 Y-228.500 Z-2.200 F400.000
G1 X-4.562 Y-3.500 Z-2.200 F400.000
G0 X-4.562 Y-3.500 Z5.000
G0 X-4.562 Y-228.500 Z5.000
G0 X-4.562 Y-228.500 Z3.000
G1 X-4.562 Y-176.981 Z0.300 F400.000
G1 X-4.562 Y-228.500 Z-2.400 F400.000
G1 X-4.562 Y-3.500 Z-2.400 F400.000
G0 X-4.562 Y-3.500 Z5.000
G0 X-4.562 Y-228.500 Z5.000
G0 X-4.562 Y-228.500 Z3.000
G1 X-4.562 Y-175.073 Z0.200 F400.000
G1 X-4.562 Y-228.500 Z-2.600 F400.000
G1 X-4.562 Y-3.500 Z-2.600 F400.000
G0 X-4.562 Y-3.500 Z5.000
G0 X-4.562 Y-228.500 Z5.000
G0 X-4.562 Y-228.500 Z3.000
G1 X-4.562 Y-173.165 Z0.100 F400.000
G1 X-4.562 Y-228.500 Z-2.800 F400.000
G1 X-4.562 Y-3.500 Z-2.800 F400.000
G0 X-4.562 Y-3.500 Z5.000
G0 X-4.562 Y-228.500 Z5.000
G0 X-4.562 Y-228.500 Z3.000
G1 X-4.562 Y-171.257 Z0.000 F400.000
G1 X-4.562 Y-228.500 Z-3.000 F400.000
G1 X-4.562 Y-3.500 Z-3.000 F400.000
G0 X-4.562 Y-3.500 Z5.000
G0 X-4.562 Y-228.500 Z5.000
G0 X-4.562 Y-228.500 Z3.000
G1 X-4.562 Y-169.348 Z-0.100 F400.000
G1 X-4.562 Y-228.500 Z-3.200 F400.000
G1 X-4.562 Y-3.500 Z-3.200 F400.000
G0 X-4.562 Y-3.500 Z5.000
G0 X-4.562 Y-228.500 Z5.000
G0 X-4.562 Y-228.500 Z3.000
G1 X-4.562 Y-167.440 Z-0.200 F400.000
G1 X-4.562 Y-228.500 Z-3.400 F400.000
G1 X-4.562 Y-3.500 Z-3.400 F400.000
G0 X-4.562 Y-3.500 Z5.000
G0 X-4.562 Y-228.500 Z5.000
G0 X-4.562 Y-228.500 Z3.000
G1 X-4.562 Y-165.532 Z-0.300 F400.000
G1 X-4.562 Y-228.500 Z-3.600 F400.000
G1 X-4.562 Y-3.500 Z-3.600 F400.000
G0 X-4.562 Y-3.500 Z5.000
G0 X-4.562 Y-228.500 Z5.000
G0 X-4.562 Y-228.500 Z3.000
G1 X-4.562 Y-163.624 Z-0.400 F400.000
G1 X-4.562 Y-228.500 Z-3.800 F400.000
G1 X-4.562 Y-3.500 Z-3.800 F400.000
G0 X-4.562 Y-3.500 Z5.000
G0 X-4.562 Y-228.500 Z5.000
G0 X-4.562 Y-228.500 Z3.000
G1 X-4.562 Y-161.716 Z-0.500 F400.000
G1 X-4.562 Y-228.500 Z-4.000 F400.000
G1 X-4.562 Y-3.500 Z-4.000 F400.000
G0 X-4.562 Y-3.500 Z5.000
G0 X-4.562 Y-228.500 Z5.000
G0 X-4.562 Y-228.500 Z3.000
G1 X-4.562 Y-159.808 Z-0.600 F400.000
G1 X-4.562 Y-228.500 Z-4.200 F400.000
G1 X-4.562 Y-3.500 Z-4.200 F400.000
G0 X-4.562 Y-3.500 Z5.000
G0 X-4.562 Y-228.500 Z5.000
G0 X-4.562 Y-228.500 Z3.000
G1 X-4.562 Y-157.900 Z-0.700 F400.000
G1 X-4.562 Y-228.500 Z-4.400 F400.000
G1 X-4.562 Y-3.500 Z-4.400 F400.000
G0 X-4.562 Y-3.500 Z5.000
G0 X-4.562 Y-228.500 Z5.000
G0 X-4.562 Y-228.500 Z3.000
G1 X-4.562 Y-155.992 Z-0.800 F400.000
G1 X-4.562 Y-228.500 Z-4.600 F400.000
G1 X-4.562 Y-3.500 Z-4.600 F400.000
G0 X-4.562 Y-3.500 Z5.000
G0 X-4.562 Y-228.500 Z5.000
G0 X-4.562 Y-228.500 Z3.000
G1 X-4.562 Y-154.084 Z-0.900 F400.000
G1 X-4.562 Y-228.500 Z-4.800 F400.000
G1 X-4.562 Y-3.500 Z-4.800 F400.000
G0 X-4.562 Y-3.500 Z5.000
G0 X-4.562 Y-228.500 Z5.000
G0 X-4.562 Y-228.500 Z3.000
G1 X-4.562 Y-152.175 Z-1.000 F400.000
G1 X-4.562 Y-228.500 Z-5.000 F400.000
G1 X-4.562 Y-3.500 Z-5.000 F400.000
G0 X-4.562 Y-3.500 Z5.000
G0 X-4.562 Y-228.500 Z5.000
G0 X-4.562 Y-228.500 Z3.000
G1 X-4.562 Y-150.267 Z-1.100 F400.000
G1 X-4.562 Y-228.500 Z-5.200 F400.000
G1 X-4.562 Y-3.500 Z-5.200 F400.000
G0 X-4.562 Y-3.500 Z5.000
G0 X-4.562 Y-228.500 Z5.000
G0 X-4.562 Y-228.500 Z3.000
G1 X-4.562 Y-148.359 Z-1.200 F400.000
G1 X-4.562 Y-228.500 Z-5.400 F400.000
G1 X-4.562 Y-3.500 Z-5.400 F400.000
G0 X-4.562 Y-3.500 Z5.000
(Finish operation: RampEntryDressup002)
(Begin operation: RampEntryDressup)
(Path: RampEntryDressup)
G0 X0.000 Y0.000 Z5.000
G0 X-18.850 Y-230.088 Z5.000
G0 X-18.850 Y-230.088 Z3.000
G1 X-6.150 Y-230.088 Z2.334 F400.000
G1 X-18.850 Y-230.088 Z1.669 F400.000
G1 X-6.150 Y-230.088 Z1.003 F400.000
G1 X-18.850 Y-230.088 Z0.338 F400.000
G1 X-8.590 Y-230.088 Z-0.200 F400.000
G1 X-18.850 Y-230.088 Z-0.200 F400.000
G1 X-6.150 Y-230.088 Z-0.200 F400.000
G0 X-6.150 Y-230.088 Z5.000
G0 X-18.850 Y-230.088 Z5.000
G0 X-18.850 Y-230.088 Z3.000
G1 X-6.150 Y-230.088 Z2.334 F400.000
G1 X-18.850 Y-230.088 Z1.669 F400.000
G1 X-6.150 Y-230.088 Z1.003 F400.000
G1 X-18.850 Y-230.088 Z0.338 F400.000
G1 X-6.150 Y-230.088 Z-0.328 F400.000
G1 X-7.526 Y-230.088 Z-0.400 F400.000
G1 X-18.850 Y-230.088 Z-0.400 F400.000
G1 X-6.150 Y-230.088 Z-0.400 F400.000
G0 X-6.150 Y-230.088 Z5.000
G0 X-18.850 Y-230.088 Z5.000
G0 X-18.850 Y-230.088 Z3.000
G1 X-6.150 Y-230.088 Z2.334 F400.000
G1 X-18.850 Y-230.088 Z1.669 F400.000
G1 X-6.150 Y-230.088 Z1.003 F400.000
G1 X-18.850 Y-230.088 Z0.338 F400.000
G1 X-6.150 Y-230.088 Z-0.328 F400.000
G1 X-11.342 Y-230.088 Z-0.600 F400.000
G1 X-18.850 Y-230.088 Z-0.600 F400.000
G1 X-6.150 Y-230.088 Z-0.600 F400.000
G0 X-6.150 Y-230.088 Z5.000
G0 X-18.850 Y-230.088 Z5.000
G0 X-18.850 Y-230.088 Z3.000
G1 X-6.150 Y-230.088 Z2.334 F400.000
G1 X-18.850 Y-230.088 Z1.669 F400.000
G1 X-6.150 Y-230.088 Z1.003 F400.000
G1 X-18.850 Y-230.088 Z0.338 F400.000
G1 X-6.150 Y-230.088 Z-0.328 F400.000
G1 X-15.158 Y-230.088 Z-0.800 F400.000
G1 X-18.850 Y-230.088 Z-0.800 F400.000
G1 X-6.150 Y-230.088 Z-0.800 F400.000
G0 X-6.150 Y-230.088 Z5.000
G0 X-18.850 Y-230.088 Z5.000
G0 X-18.850 Y-230.088 Z3.000
G1 X-6.150 Y-230.088 Z2.334 F400.000
G1 X-18.850 Y-230.088 Z1.669 F400.000
G1 X-6.150 Y-230.088 Z1.003 F400.000
G1 X-18.850 Y-230.088 Z0.338 F400.000
G1 X-6.150 Y-230.088 Z-0.328 F400.000
G1 X-18.850 Y-230.088 Z-0.993 F400.000
G1 X-18.725 Y-230.088 Z-1.000 F400.000
G1 X-18.850 Y-230.088 Z-1.000 F400.000
G1 X-6.150 Y-230.088 Z-1.000 F400.000
G0 X-6.150 Y-230.088 Z5.000
G0 X-18.850 Y-230.088 Z5.000
G0 X-18.850 Y-230.088 Z3.000
G1 X-6.150 Y-230.088 Z2.334 F400.000
G1 X-18.850 Y-230.088 Z1.669 F400.000
G1 X-6.150 Y-230.088 Z1.003 F400.000
G1 X-18.850 Y-230.088 Z0.338 F400.000
G1 X-6.150 Y-230.088 Z-0.328 F400.000
G1 X-18.850 Y-230.088 Z-0.993 F400.000
G1 X-14.909 Y-230.088 Z-1.200 F400.000
G1 X-18.850 Y-230.088 Z-1.200 F400.000
G1 X-6.150 Y-230.088 Z-1.200 F400.000
G0 X-6.150 Y-230.088 Z5.000
G0 X-18.850 Y-230.088 Z5.000
G0 X-18.850 Y-230.088 Z3.000
G1 X-6.150 Y-230.088 Z2.334 F400.000
G1 X-18.850 Y-230.088 Z1.669 F400.000
G1 X-6.150 Y-230.088 Z1.003 F400.000
G1 X-18.850 Y-230.088 Z0.338 F400.000
G1 X-6.150 Y-230.088 Z-0.328 F400.000
G1 X-18.850 Y-230.088 Z-0.993 F400.000
G1 X-11.093 Y-230.088 Z-1.400 F400.000
G1 X-18.850 Y-230.088 Z-1.400 F400.000
G1 X-6.150 Y-230.088 Z-1.400 F400.000
G0 X-6.150 Y-230.088 Z5.000
G0 X-18.850 Y-230.088 Z5.000
G0 X-18.850 Y-230.088 Z3.000
G1 X-6.150 Y-230.088 Z2.334 F400.000
G1 X-18.850 Y-230.088 Z1.669 F400.000
G1 X-6.150 Y-230.088 Z1.003 F400.000
G1 X-18.850 Y-230.088 Z0.338 F400.000
G1 X-6.150 Y-230.088 Z-0.328 F400.000
G1 X-18.850 Y-230.088 Z-0.993 F400.000
G1 X-7.277 Y-230.088 Z-1.600 F400.000
G1 X-18.850 Y-230.088 Z-1.600 F400.000
G1 X-6.150 Y-230.088 Z-1.600 F400.000
G0 X-6.150 Y-230.088 Z5.000
G0 X-18.850 Y-230.088 Z5.000
G0 X-18.850 Y-230.088 Z3.000
G1 X-6.150 Y-230.088 Z2.334 F400.000
G1 X-18.850 Y-230.088 Z1.669 F400.000
G1 X-6.150 Y-230.088 Z1.003 F400.000
G1 X-18.850 Y-230.088 Z0.338 F400.000
G1 X-6.150 Y-230.088 Z-0.328 F400.000
G1 X-18.850 Y-230.088 Z-0.993 F400.000
G1 X-6.150 Y-230.088 Z-1.659 F400.000
G1 X-8.839 Y-230.088 Z-1.800 F400.000
G1 X-18.850 Y-230.088 Z-1.800 F400.000
G1 X-6.150 Y-230.088 Z-1.800 F400.000
G0 X-6.150 Y-230.088 Z5.000
G0 X-18.850 Y-230.088 Z5.000
G0 X-18.850 Y-230.088 Z3.000
G1 X-6.150 Y-230.088 Z2.334 F400.000
G1 X-18.850 Y-230.088 Z1.669 F400.000
G1 X-6.150 Y-230.088 Z1.003 F400.000
G1 X-18.850 Y-230.088 Z0.338 F400.000
G1 X-6.150 Y-230.088 Z-0.328 F400.000
G1 X-18.850 Y-230.088 Z-0.993 F400.000
G1 X-6.150 Y-230.088 Z-1.659 F400.000
G1 X-12.656 Y-230.088 Z-2.000 F400.000
G1 X-18.850 Y-230.088 Z-2.000 F400.000
G1 X-6.150 Y-230.088 Z-2.000 F400.000
G0 X-6.150 Y-230.088 Z5.000
G0 X-18.850 Y-230.088 Z5.000
G0 X-18.850 Y-230.088 Z3.000
G1 X-6.150 Y-230.088 Z2.334 F400.000
G1 X-18.850 Y-230.088 Z1.669 F400.000
G1 X-6.150 Y-230.088 Z1.003 F400.000
G1 X-18.850 Y-230.088 Z0.338 F400.000
G1 X-6.150 Y-230.088 Z-0.328 F400.000
G1 X-18.850 Y-230.088 Z-0.993 F400.000
G1 X-6.150 Y-230.088 Z-1.659 F400.000
G1 X-16.472 Y-230.088 Z-2.200 F400.000
G1 X-18.850 Y-230.088 Z-2.200 F400.000
G1 X-6.150 Y-230.088 Z-2.200 F400.000
G0 X-6.150 Y-230.088 Z5.000
G0 X-18.850 Y-230.088 Z5.000
G0 X-18.850 Y-230.088 Z3.000
G1 X-6.150 Y-230.088 Z2.334 F400.000
G1 X-18.850 Y-230.088 Z1.669 F400.000
G1 X-6.150 Y-230.088 Z1.003 F400.000
G1 X-18.850 Y-230.088 Z0.338 F400.000
G1 X-6.150 Y-230.088 Z-0.328 F400.000
G1 X-18.850 Y-230.088 Z-0.993 F400.000
G1 X-6.150 Y-230.088 Z-1.659 F400.000
G1 X-18.850 Y-230.088 Z-2.325 F400.000
G1 X-17.412 Y-230.088 Z-2.400 F400.000
G1 X-18.850 Y-230.088 Z-2.400 F400.000
G1 X-6.150 Y-230.088 Z-2.400 F400.000
G0 X-6.150 Y-230.088 Z5.000
G0 X-18.850 Y-230.088 Z5.000
G0 X-18.850 Y-230.088 Z3.000
G1 X-6.150 Y-230.088 Z2.334 F400.000
G1 X-18.850 Y-230.088 Z1.669 F400.000
G1 X-6.150 Y-230.088 Z1.003 F400.000
G1 X-18.850 Y-230.088 Z0.338 F400.000
G1 X-6.150 Y-230.088 Z-0.328 F400.000
G1 X-18.850 Y-230.088 Z-0.993 F400.000
G1 X-6.150 Y-230.088 Z-1.659 F400.000
G1 X-18.850 Y-230.088 Z-2.325 F400.000
G1 X-13.596 Y-230.088 Z-2.600 F400.000
G1 X-18.850 Y-230.088 Z-2.600 F400.000
G1 X-6.150 Y-230.088 Z-2.600 F400.000
G0 X-6.150 Y-230.088 Z5.000
G0 X-18.850 Y-230.088 Z5.000
G0 X-18.850 Y-230.088 Z3.000
G1 X-6.150 Y-230.088 Z2.334 F400.000
G1 X-18.850 Y-230.088 Z1.669 F400.000
G1 X-6.150 Y-230.088 Z1.003 F400.000
G1 X-18.850 Y-230.088 Z0.338 F400.000
G1 X-6.150 Y-230.088 Z-0.328 F400.000
G1 X-18.850 Y-230.088 Z-0.993 F400.000
G1 X-6.150 Y-230.088 Z-1.659 F400.000
G1 X-18.850 Y-230.088 Z-2.325 F400.000
G1 X-9.779 Y-230.088 Z-2.800 F400.000
G1 X-18.850 Y-230.088 Z-2.800 F400.000
G1 X-6.150 Y-230.088 Z-2.800 F400.000
G0 X-6.150 Y-230.088 Z5.000
G0 X-18.850 Y-230.088 Z5.000
G0 X-18.850 Y-230.088 Z3.000
G1 X-6.150 Y-230.088 Z2.334 F400.000
G1 X-18.850 Y-230.088 Z1.669 F400.000
G1 X-6.150 Y-230.088 Z1.003 F400.000
G1 X-18.850 Y-230.088 Z0.338 F400.000
G1 X-6.150 Y-230.088 Z-0.328 F400.000
G1 X-18.850 Y-230.088 Z-0.993 F400.000
G1 X-6.150 Y-230.088 Z-1.659 F400.000
G1 X-18.850 Y-230.088 Z-2.325 F400.000
G1 X-6.150 Y-230.088 Z-2.990 F400.000
G1 X-6.337 Y-230.088 Z-3.000 F400.000
G1 X-18.850 Y-230.088 Z-3.000 F400.000
G1 X-6.150 Y-230.088 Z-3.000 F400.000
G0 X-6.150 Y-230.088 Z5.000
G0 X-18.850 Y-230.088 Z5.000
G0 X-18.850 Y-230.088 Z3.000
G1 X-6.150 Y-230.088 Z2.334 F400.000
G1 X-18.850 Y-230.088 Z1.669 F400.000
G1 X-6.150 Y-230.088 Z1.003 F400.000
G1 X-18.850 Y-230.088 Z0.338 F400.000
G1 X-6.150 Y-230.088 Z-0.328 F400.000
G1 X-18.850 Y-230.088 Z-0.993 F400.000
G1 X-6.150 Y-230.088 Z-1.659 F400.000
G1 X-18.850 Y-230.088 Z-2.325 F400.000
G1 X-6.150 Y-230.088 Z-2.990 F400.000
G1 X-10.153 Y-230.088 Z-3.200 F400.000
G1 X-18.850 Y-230.088 Z-3.200 F400.000
G1 X-6.150 Y-230.088 Z-3.200 F400.000
G0 X-6.150 Y-230.088 Z5.000
G0 X-18.850 Y-230.088 Z5.000
G0 X-18.850 Y-230.088 Z3.000
G1 X-6.150 Y-230.088 Z2.334 F400.000
G1 X-18.850 Y-230.088 Z1.669 F400.000
G1 X-6.150 Y-230.088 Z1.003 F400.000
G1 X-18.850 Y-230.088 Z0.338 F400.000
G1 X-6.150 Y-230.088 Z-0.328 F400.000
G1 X-18.850 Y-230.088 Z-0.993 F400.000
G1 X-6.150 Y-230.088 Z-1.659 F400.000
G1 X-18.850 Y-230.088 Z-2.325 F400.000
G1 X-6.150 Y-230.088 Z-2.990 F400.000
G1 X-13.969 Y-230.088 Z-3.400 F400.000
G1 X-18.850 Y-230.088 Z-3.400 F400.000
G1 X-6.150 Y-230.088 Z-3.400 F400.000
G0 X-6.150 Y-230.088 Z5.000
G0 X-18.850 Y-230.088 Z5.000
G0 X-18.850 Y-230.088 Z3.000
G1 X-6.150 Y-230.088 Z2.334 F400.000
G1 X-18.850 Y-230.088 Z1.669 F400.000
G1 X-6.150 Y-230.088 Z1.003 F400.000
G1 X-18.850 Y-230.088 Z0.338 F400.000
G1 X-6.150 Y-230.088 Z-0.328 F400.000
G1 X-18.850 Y-230.088 Z-0.993 F400.000
G1 X-6.150 Y-230.088 Z-1.659 F400.000
G1 X-18.850 Y-230.088 Z-2.325 F400.000
G1 X-6.150 Y-230.088 Z-2.990 F400.000
G1 X-17.786 Y-230.088 Z-3.600 F400.000
G1 X-18.850 Y-230.088 Z-3.600 F400.000
G1 X-6.150 Y-230.088 Z-3.600 F400.000
G0 X-6.150 Y-230.088 Z5.000
G0 X-18.850 Y-230.088 Z5.000
G0 X-18.850 Y-230.088 Z3.000
G1 X-6.150 Y-230.088 Z2.334 F400.000
G1 X-18.850 Y-230.088 Z1.669 F400.000
G1 X-6.150 Y-230.088 Z1.003 F400.000
G1 X-18.850 Y-230.088 Z0.338 F400.000
G1 X-6.150 Y-230.088 Z-0.328 F400.000
G1 X-18.850 Y-230.088 Z-0.993 F400.000
G1 X-6.150 Y-230.088 Z-1.659 F400.000
G1 X-18.850 Y-230.088 Z-2.325 F400.000
G1 X-6.150 Y-230.088 Z-2.990 F400.000
G1 X-18.850 Y-230.088 Z-3.656 F400.000
G1 X-16.098 Y-230.088 Z-3.800 F400.000
G1 X-18.850 Y-230.088 Z-3.800 F400.000
G1 X-6.150 Y-230.088 Z-3.800 F400.000
G0 X-6.150 Y-230.088 Z5.000
G0 X-18.850 Y-230.088 Z5.000
G0 X-18.850 Y-230.088 Z3.000
G1 X-6.150 Y-230.088 Z2.334 F400.000
G1 X-18.850 Y-230.088 Z1.669 F400.000
G1 X-6.150 Y-230.088 Z1.003 F400.000
G1 X-18.850 Y-230.088 Z0.338 F400.000
G1 X-6.150 Y-230.088 Z-0.328 F400.000
G1 X-18.850 Y-230.088 Z-0.993 F400.000
G1 X-6.150 Y-230.088 Z-1.659 F400.000
G1 X-18.850 Y-230.088 Z-2.325 F400.000
G1 X-6.150 Y-230.088 Z-2.990 F400.000
G1 X-18.850 Y-230.088 Z-3.656 F400.000
G1 X-12.282 Y-230.088 Z-4.000 F400.000
G1 X-18.850 Y-230.088 Z-4.000 F400.000
G1 X-6.150 Y-230.088 Z-4.000 F400.000
G0 X-6.150 Y-230.088 Z5.000
G0 X-18.850 Y-230.088 Z5.000
G0 X-18.850 Y-230.088 Z3.000
G1 X-6.150 Y-230.088 Z2.334 F400.000
G1 X-18.850 Y-230.088 Z1.669 F400.000
G1 X-6.150 Y-230.088 Z1.003 F400.000
G1 X-18.850 Y-230.088 Z0.338 F400.000
G1 X-6.150 Y-230.088 Z-0.328 F400.000
G1 X-18.850 Y-230.088 Z-0.993 F400.000
G1 X-6.150 Y-230.088 Z-1.659 F400.000
G1 X-18.850 Y-230.088 Z-2.325 F400.000
G1 X-6.150 Y-230.088 Z-2.990 F400.000
G1 X-18.850 Y-230.088 Z-3.656 F400.000
G1 X-8.466 Y-230.088 Z-4.200 F400.000
G1 X-18.850 Y-230.088 Z-4.200 F400.000
G1 X-6.150 Y-230.088 Z-4.200 F400.000
G0 X-6.150 Y-230.088 Z5.000
G0 X-18.850 Y-230.088 Z5.000
G0 X-18.850 Y-230.088 Z3.000
G1 X-6.150 Y-230.088 Z2.334 F400.000
G1 X-18.850 Y-230.088 Z1.669 F400.000
G1 X-6.150 Y-230.088 Z1.003 F400.000
G1 X-18.850 Y-230.088 Z0.338 F400.000
G1 X-6.150 Y-230.088 Z-0.328 F400.000
G1 X-18.850 Y-230.088 Z-0.993 F400.000
G1 X-6.150 Y-230.088 Z-1.659 F400.000
G1 X-18.850 Y-230.088 Z-2.325 F400.000
G1 X-6.150 Y-230.088 Z-2.990 F400.000
G1 X-18.850 Y-230.088 Z-3.656 F400.000
G1 X-6.150 Y-230.088 Z-4.321 F400.000
G1 X-7.650 Y-230.088 Z-4.400 F400.000
G1 X-18.850 Y-230.088 Z-4.400 F400.000
G1 X-6.150 Y-230.088 Z-4.400 F400.000
G0 X-6.150 Y-230.088 Z5.000
G0 X-18.850 Y-230.088 Z5.000
G0 X-18.850 Y-230.088 Z3.000
G1 X-6.150 Y-230.088 Z2.334 F400.000
G1 X-18.850 Y-230.088 Z1.669 F400.000
G1 X-6.150 Y-230.088 Z1.003 F400.000
G1 X-18.850 Y-230.088 Z0.338 F400.000
G1 X-6.150 Y-230.088 Z-0.328 F400.000
G1 X-18.850 Y-230.088 Z-0.993 F400.000
G1 X-6.150 Y-230.088 Z-1.659 F400.000
G1 X-18.850 Y-230.088 Z-2.325 F400.000
G1 X-6.150 Y-230.088 Z-2.990 F400.000
G1 X-18.850 Y-230.088 Z-3.656 F400.000
G1 X-6.150 Y-230.088 Z-4.321 F400.000
G1 X-11.467 Y-230.088 Z-4.600 F400.000
G1 X-18.850 Y-230.088 Z-4.600 F400.000
G1 X-6.150 Y-230.088 Z-4.600 F400.000
G0 X-6.150 Y-230.088 Z5.000
G0 X-18.850 Y-230.088 Z5.000
G0 X-18.850 Y-230.088 Z3.000
G1 X-6.150 Y-230.088 Z2.334 F400.000
G1 X-18.850 Y-230.088 Z1.669 F400.000
G1 X-6.150 Y-230.088 Z1.003 F400.000
G1 X-18.850 Y-230.088 Z0.338 F400.000
G1 X-6.150 Y-230.088 Z-0.328 F400.000
G1 X-18.850 Y-230.088 Z-0.993 F400.000
G1 X-6.150 Y-230.088 Z-1.659 F400.000
G1 X-18.850 Y-230.088 Z-2.325 F400.000
G1 X-6.150 Y-230.088 Z-2.990 F400.000
G1 X-18.850 Y-230.088 Z-3.656 F400.000
G1 X-6.150 Y-230.088 Z-4.321 F400.000
G1 X-15.283 Y-230.088 Z-4.800 F400.000
G1 X-18.850 Y-230.088 Z-4.800 F400.000
G1 X-6.150 Y-230.088 Z-4.800 F400.000
G0 X-6.150 Y-230.088 Z5.000
G0 X-18.850 Y-230.088 Z5.000
G0 X-18.850 Y-230.088 Z3.000
G1 X-6.150 Y-230.088 Z2.334 F400.000
G1 X-18.850 Y-230.088 Z1.669 F400.000
G1 X-6.150 Y-230.088 Z1.003 F400.000
G1 X-18.850 Y-230.088 Z0.338 F400.000
G1 X-6.150 Y-230.088 Z-0.328 F400.000
G1 X-18.850 Y-230.088 Z-0.993 F400.000
G1 X-6.150 Y-230.088 Z-1.659 F400.000
G1 X-18.850 Y-230.088 Z-2.325 F400.000
G1 X-6.150 Y-230.088 Z-2.990 F400.000
G1 X-18.850 Y-230.088 Z-3.656 F400.000
G1 X-6.150 Y-230.088 Z-4.321 F400.000
G1 X-18.850 Y-230.088 Z-4.987 F400.000
G1 X-18.601 Y-230.088 Z-5.000 F400.000
G1 X-18.850 Y-230.088 Z-5.000 F400.000
G1 X-6.150 Y-230.088 Z-5.000 F400.000
G0 X-6.150 Y-230.088 Z5.000
G0 X-18.850 Y-230.088 Z5.000
G0 X-18.850 Y-230.088 Z3.000
G1 X-6.150 Y-230.088 Z2.334 F400.000
G1 X-18.850 Y-230.088 Z1.669 F400.000
G1 X-6.150 Y-230.088 Z1.003 F400.000
G1 X-18.850 Y-230.088 Z0.338 F400.000
G1 X-6.150 Y-230.088 Z-0.328 F400.000
G1 X-18.850 Y-230.088 Z-0.993 F400.000
G1 X-6.150 Y-230.088 Z-1.659 F400.000
G1 X-18.850 Y-230.088 Z-2.325 F400.000
G1 X-6.150 Y-230.088 Z-2.990 F400.000
G1 X-18.850 Y-230.088 Z-3.656 F400.000
G1 X-6.150 Y-230.088 Z-4.321 F400.000
G1 X-18.850 Y-230.088 Z-4.987 F400.000
G1 X-14.785 Y-230.088 Z-5.200 F400.000
G1 X-18.850 Y-230.088 Z-5.200 F400.000
G1 X-6.150 Y-230.088 Z-5.200 F400.000
G0 X-6.150 Y-230.088 Z5.000
G0 X-18.850 Y-230.088 Z5.000
G0 X-18.850 Y-230.088 Z3.000
G1 X-6.150 Y-230.088 Z2.334 F400.000
G1 X-18.850 Y-230.088 Z1.669 F400.000
G1 X-6.150 Y-230.088 Z1.003 F400.000
G1 X-18.850 Y-230.088 Z0.338 F400.000
G1 X-6.150 Y-230.088 Z-0.328 F400.000
G1 X-18.850 Y-230.088 Z-0.993 F400.000
G1 X-6.150 Y-230.088 Z-1.659 F400.000
G1 X-18.850 Y-230.088 Z-2.325 F400.000
G1 X-6.150 Y-230.088 Z-2.990 F400.000
G1 X-18.850 Y-230.088 Z-3.656 F400.000
G1 X-6.150 Y-230.088 Z-4.321 F400.000
G1 X-18.850 Y-230.088 Z-4.987 F400.000
G1 X-10.968 Y-230.088 Z-5.400 F400.000
G1 X-18.850 Y-230.088 Z-5.400 F400.000
G1 X-6.150 Y-230.088 Z-5.400 F400.000
G0 X-6.150 Y-230.088 Z5.000
(Finish operation: RampEntryDressup)
(Begin operation: RampEntryDressup001)
(Path: RampEntryDressup001)
G0 X0.000 Y0.000 Z5.000
G0 X-6.150 Y-1.912 Z5.000
G0 X-6.150 Y-1.912 Z3.000
G1 X-18.850 Y-1.912 Z2.334 F400.000
G1 X-6.150 Y-1.912 Z1.669 F400.000
G1 X-18.850 Y-1.912 Z1.003 F400.000
G1 X-6.150 Y-1.912 Z0.338 F400.000
G1 X-12.593 Y-1.912 Z0.000 F400.000
G1 X-6.150 Y-1.912 Z0.000 F400.000
G1 X-18.850 Y-1.912 Z0.000 F400.000
G0 X-18.850 Y-1.912 Z5.000
G0 X-6.150 Y-1.912 Z5.000
G0 X-6.150 Y-1.912 Z3.000
G1 X-18.850 Y-1.912 Z2.334 F400.000
G1 X-6.150 Y-1.912 Z1.669 F400.000
G1 X-18.850 Y-1.912 Z1.003 F400.000
G1 X-6.150 Y-1.912 Z0.338 F400.000
G1 X-16.410 Y-1.912 Z-0.200 F400.000
G1 X-6.150 Y-1.912 Z-0.200 F400.000
G1 X-18.850 Y-1.912 Z-0.200 F400.000
G0 X-18.850 Y-1.912 Z5.000
G0 X-6.150 Y-1.912 Z5.000
G0 X-6.150 Y-1.912 Z3.000
G1 X-18.850 Y-1.912 Z2.334 F400.000
G1 X-6.150 Y-1.912 Z1.669 F400.000
G1 X-18.850 Y-1.912 Z1.003 F400.000
G1 X-6.150 Y-1.912 Z0.338 F400.000
G1 X-18.850 Y-1.912 Z-0.328 F400.000
G1 X-17.474 Y-1.912 Z-0.400 F400.000
G1 X-6.150 Y-1.912 Z-0.400 F400.000
G1 X-18.850 Y-1.912 Z-0.400 F400.000
G0 X-18.850 Y-1.912 Z5.000
G0 X-6.150 Y-1.912 Z5.000
G0 X-6.150 Y-1.912 Z3.000
G1 X-18.850 Y-1.912 Z2.334 F400.000
G1 X-6.150 Y-1.912 Z1.669 F400.000
G1 X-18.850 Y-1.912 Z1.003 F400.000
G1 X-6.150 Y-1.912 Z0.338 F400.000
G1 X-18.850 Y-1.912 Z-0.328 F400.000
G1 X-13.658 Y-1.912 Z-0.600 F400.000
G1 X-6.150 Y-1.912 Z-0.600 F400.000
G1 X-18.850 Y-1.912 Z-0.600 F400.000
G0 X-18.850 Y-1.912 Z5.000
G0 X-6.150 Y-1.912 Z5.000
G0 X-6.150 Y-1.912 Z3.000
G1 X-18.850 Y-1.912 Z2.334 F400.000
G1 X-6.150 Y-1.912 Z1.669 F400.000
G1 X-18.850 Y-1.912 Z1.003 F400.000
G1 X-6.150 Y-1.912 Z0.338 F400.000
G1 X-18.850 Y-1.912 Z-0.328 F400.000
G1 X-9.842 Y-1.912 Z-0.800 F400.000
G1 X-6.150 Y-1.912 Z-0.800 F400.000
G1 X-18.850 Y-1.912 Z-0.800 F400.000
G0 X-18.850 Y-1.912 Z5.000
G0 X-6.150 Y-1.912 Z5.000
G0 X-6.150 Y-1.912 Z3.000
G1 X-18.850 Y-1.912 Z2.334 F400.000
G1 X-6.150 Y-1.912 Z1.669 F400.000
G1 X-18.850 Y-1.912 Z1.003 F400.000
G1 X-6.150 Y-1.912 Z0.338 F400.000
G1 X-18.850 Y-1.912 Z-0.328 F400.000
G1 X-6.150 Y-1.912 Z-0.993 F400.000
G1 X-6.275 Y-1.912 Z-1.000 F400.000
G1 X-6.150 Y-1.912 Z-1.000 F400.000
G1 X-18.850 Y-1.912 Z-1.000 F400.000
G0 X-18.850 Y-1.912 Z5.000
G0 X-6.150 Y-1.912 Z5.000
G0 X-6.150 Y-1.912 Z3.000
G1 X-18.850 Y-1.912 Z2.334 F400.000
G1 X-6.150 Y-1.912 Z1.669 F400.000
G1 X-18.850 Y-1.912 Z1.003 F400.000
G1 X-6.150 Y-1.912 Z0.338 F400.000
G1 X-18.850 Y-1.912 Z-0.328 F400.000
G1 X-6.150 Y-1.912 Z-0.993 F400.000
G1 X-10.091 Y-1.912 Z-1.200 F400.000
G1 X-6.150 Y-1.912 Z-1.200 F400.000
G1 X-18.850 Y-1.912 Z-1.200 F400.000
G0 X-18.850 Y-1.912 Z5.000
G0 X-6.150 Y-1.912 Z5.000
G0 X-6.150 Y-1.912 Z3.000
G1 X-18.850 Y-1.912 Z2.334 F400.000
G1 X-6.150 Y-1.912 Z1.669 F400.000
G1 X-18.850 Y-1.912 Z1.003 F400.000
G1 X-6.150 Y-1.912 Z0.338 F400.000
G1 X-18.850 Y-1.912 Z-0.328 F400.000
G1 X-6.150 Y-1.912 Z-0.993 F400.000
G1 X-13.907 Y-1.912 Z-1.400 F400.000
G1 X-6.150 Y-1.912 Z-1.400 F400.000
G1 X-18.850 Y-1.912 Z-1.400 F400.000
G0 X-18.850 Y-1.912 Z5.000
G0 X-6.150 Y-1.912 Z5.000
G0 X-6.150 Y-1.912 Z3.000
G1 X-18.850 Y-1.912 Z2.334 F400.000
G1 X-6.150 Y-1.912 Z1.669 F400.000
G1 X-18.850 Y-1.912 Z1.003 F400.000
G1 X-6.150 Y-1.912 Z0.338 F400.000
G1 X-18.850 Y-1.912 Z-0.328 F400.000
G1 X-6.150 Y-1.912 Z-0.993 F400.000
G1 X-17.723 Y-1.912 Z-1.600 F400.000
G1 X-6.150 Y-1.912 Z-1.600 F400.000
G1 X-18.850 Y-1.912 Z-1.600 F400.000
G0 X-18.850 Y-1.912 Z5.000
G0 X-6.150 Y-1.912 Z5.000
G0 X-6.150 Y-1.912 Z3.000
G1 X-18.850 Y-1.912 Z2.334 F400.000
G1 X-6.150 Y-1.912 Z1.669 F400.000
G1 X-18.850 Y-1.912 Z1.003 F400.000
G1 X-6.150 Y-1.912 Z0.338 F400.000
G1 X-18.850 Y-1.912 Z-0.328 F400.000
G1 X-6.150 Y-1.912 Z-0.993 F400.000
G1 X-18.850 Y-1.912 Z-1.659 F400.000
G1 X-16.161 Y-1.912 Z-1.800 F400.000
G1 X-6.150 Y-1.912 Z-1.800 F400.000
G1 X-18.850 Y-1.912 Z-1.800 F400.000
G0 X-18.850 Y-1.912 Z5.000
G0 X-6.150 Y-1.912 Z5.000
G0 X-6.150 Y-1.912 Z3.000
G1 X-18.850 Y-1.912 Z2.334 F400.000
G1 X-6.150 Y-1.912 Z1.669 F400.000
G1 X-18.850 Y-1.912 Z1.003 F400.000
G1 X-6.150 Y-1.912 Z0.338 F400.000
G1 X-18.850 Y-1.912 Z-0.328 F400.000
G1 X-6.150 Y-1.912 Z-0.993 F400.000
G1 X-18.850 Y-1.912 Z-1.659 F400.000
G1 X-12.344 Y-1.912 Z-2.000 F400.000
G1 X-6.150 Y-1.912 Z-2.000 F400.000
G1 X-18.850 Y-1.912 Z-2.000 F400.000
G0 X-18.850 Y-1.912 Z5.000
G0 X-6.150 Y-1.912 Z5.000
G0 X-6.150 Y-1.912 Z3.000
G1 X-18.850 Y-1.912 Z2.334 F400.000
G1 X-6.150 Y-1.912 Z1.669 F400.000
G1 X-18.850 Y-1.912 Z1.003 F400.000
G1 X-6.150 Y-1.912 Z0.338 F400.000
G1 X-18.850 Y-1.912 Z-0.328 F400.000
G1 X-6.150 Y-1.912 Z-0.993 F400.000
G1 X-18.850 Y-1.912 Z-1.659 F400.000
G1 X-8.528 Y-1.912 Z-2.200 F400.000
G1 X-6.150 Y-1.912 Z-2.200 F400.000
G1 X-18.850 Y-1.912 Z-2.200 F400.000
G0 X-18.850 Y-1.912 Z5.000
G0 X-6.150 Y-1.912 Z5.000
G0 X-6.150 Y-1.912 Z3.000
G1 X-18.850 Y-1.912 Z2.334 F400.000
G1 X-6.150 Y-1.912 Z1.669 F400.000
G1 X-18.850 Y-1.912 Z1.003 F400.000
G1 X-6.150 Y-1.912 Z0.338 F400.000
G1 X-18.850 Y-1.912 Z-0.328 F400.000
G1 X-6.150 Y-1.912 Z-0.993 F400.000
G1 X-18.850 Y-1.912 Z-1.659 F400.000
G1 X-6.150 Y-1.912 Z-2.325 F400.000
G1 X-7.588 Y-1.912 Z-2.400 F400.000
G1 X-6.150 Y-1.912 Z-2.400 F400.000
G1 X-18.850 Y-1.912 Z-2.400 F400.000
G0 X-18.850 Y-1.912 Z5.000
G0 X-6.150 Y-1.912 Z5.000
G0 X-6.150 Y-1.912 Z3.000
G1 X-18.850 Y-1.912 Z2.334 F400.000
G1 X-6.150 Y-1.912 Z1.669 F400.000
G1 X-18.850 Y-1.912 Z1.003 F400.000
G1 X-6.150 Y-1.912 Z0.338 F400.000
G1 X-18.850 Y-1.912 Z-0.328 F400.000
G1 X-6.150 Y-1.912 Z-0.993 F400.000
G1 X-18.850 Y-1.912 Z-1.659 F400.000
G1 X-6.150 Y-1.912 Z-2.325 F400.000
G1 X-11.404 Y-1.912 Z-2.600 F400.000
G1 X-6.150 Y-1.912 Z-2.600 F400.000
G1 X-18.850 Y-1.912 Z-2.600 F400.000
G0 X-18.850 Y-1.912 Z5.000
G0 X-6.150 Y-1.912 Z5.000
G0 X-6.150 Y-1.912 Z3.000
G1 X-18.850 Y-1.912 Z2.334 F400.000
G1 X-6.150 Y-1.912 Z1.669 F400.000
G1 X-18.850 Y-1.912 Z1.003 F400.000
G1 X-6.150 Y-1.912 Z0.338 F400.000
G1 X-18.850 Y-1.912 Z-0.328 F400.000
G1 X-6.150 Y-1.912 Z-0.993 F400.000
G1 X-18.850 Y-1.912 Z-1.659 F400.000
G1 X-6.150 Y-1.912 Z-2.325 F400.000
G1 X-15.221 Y-1.912 Z-2.800 F400.000
G1 X-6.150 Y-1.912 Z-2.800 F400.000
G1 X-18.850 Y-1.912 Z-2.800 F400.000
G0 X-18.850 Y-1.912 Z5.000
G0 X-6.150 Y-1.912 Z5.000
G0 X-6.150 Y-1.912 Z3.000
G1 X-18.850 Y-1.912 Z2.334 F400.000
G1 X-6.150 Y-1.912 Z1.669 F400.000
G1 X-18.850 Y-1.912 Z1.003 F400.000
G1 X-6.150 Y-1.912 Z0.338 F400.000
G1 X-18.850 Y-1.912 Z-0.328 F400.000
G1 X-6.150 Y-1.912 Z-0.993 F400.000
G1 X-18.850 Y-1.912 Z-1.659 F400.000
G1 X-6.150 Y-1.912 Z-2.325 F400.000
G1 X-18.850 Y-1.912 Z-2.990 F400.000
G1 X-18.663 Y-1.912 Z-3.000 F400.000
G1 X-6.150 Y-1.912 Z-3.000 F400.000
G1 X-18.850 Y-1.912 Z-3.000 F400.000
G0 X-18.850 Y-1.912 Z5.000
G0 X-6.150 Y-1.912 Z5.000
G0 X-6.150 Y-1.912 Z3.000
G1 X-18.850 Y-1.912 Z2.334 F400.000
G1 X-6.150 Y-1.912 Z1.669 F400.000
G1 X-18.850 Y-1.912 Z1.003 F400.000
G1 X-6.150 Y-1.912 Z0.338 F400.000
G1 X-18.850 Y-1.912 Z-0.328 F400.000
G1 X-6.150 Y-1.912 Z-0.993 F400.000
G1 X-18.850 Y-1.912 Z-1.659 F400.000
G1 X-6.150 Y-1.912 Z-2.325 F400.000
G1 X-18.850 Y-1.912 Z-2.990 F400.000
G1 X-14.847 Y-1.912 Z-3.200 F400.000
G1 X-6.150 Y-1.912 Z-3.200 F400.000
G1 X-18.850 Y-1.912 Z-3.200 F400.000
G0 X-18.850 Y-1.912 Z5.000
G0 X-6.150 Y-1.912 Z5.000
G0 X-6.150 Y-1.912 Z3.000
G1 X-18.850 Y-1.912 Z2.334 F400.000
G1 X-6.150 Y-1.912 Z1.669 F400.000
G1 X-18.850 Y-1.912 Z1.003 F400.000
G1 X-6.150 Y-1.912 Z0.338 F400.000
G1 X-18.850 Y-1.912 Z-0.328 F400.000
G1 X-6.150 Y-1.912 Z-0.993 F400.000
G1 X-18.850 Y-1.912 Z-1.659 F400.000
G1 X-6.150 Y-1.912 Z-2.325 F400.000
G1 X-18.850 Y-1.912 Z-2.990 F400.000
G1 X-11.031 Y-1.912 Z-3.400 F400.000
G1 X-6.150 Y-1.912 Z-3.400 F400.000
G1 X-18.850 Y-1.912 Z-3.400 F400.000
G0 X-18.850 Y-1.912 Z5.000
G0 X-6.150 Y-1.912 Z5.000
G0 X-6.150 Y-1.912 Z3.000
G1 X-18.850 Y-1.912 Z2.334 F400.000
G1 X-6.150 Y-1.912 Z1.669 F400.000
G1 X-18.850 Y-1.912 Z1.003 F400.000
G1 X-6.150 Y-1.912 Z0.338 F400.000
G1 X-18.850 Y-1.912 Z-0.328 F400.000
G1 X-6.150 Y-1.912 Z-0.993 F400.000
G1 X-18.850 Y-1.912 Z-1.659 F400.000
G1 X-6.150 Y-1.912 Z-2.325 F400.000
G1 X-18.850 Y-1.912 Z-2.990 F400.000
G1 X-7.214 Y-1.912 Z-3.600 F400.000
G1 X-6.150 Y-1.912 Z-3.600 F400.000
G1 X-18.850 Y-1.912 Z-3.600 F400.000
G0 X-18.850 Y-1.912 Z5.000
G0 X-6.150 Y-1.912 Z5.000
G0 X-6.150 Y-1.912 Z3.000
G1 X-18.850 Y-1.912 Z2.334 F400.000
G1 X-6.150 Y-1.912 Z1.669 F400.000
G1 X-18.850 Y-1.912 Z1.003 F400.000
G1 X-6.150 Y-1.912 Z0.338 F400.000
G1 X-18.850 Y-1.912 Z-0.328 F400.000
G1 X-6.150 Y-1.912 Z-0.993 F400.000
G1 X-18.850 Y-1.912 Z-1.659 F400.000
G1 X-6.150 Y-1.912 Z-2.325 F400.000
G1 X-18.850 Y-1.912 Z-2.990 F400.000
G1 X-6.150 Y-1.912 Z-3.656 F400.000
G1 X-8.902 Y-1.912 Z-3.800 F400.000
G1 X-6.150 Y-1.912 Z-3.800 F400.000
G1 X-18.850 Y-1.912 Z-3.800 F400.000
G0 X-18.850 Y-1.912 Z5.000
G0 X-6.150 Y-1.912 Z5.000
G0 X-6.150 Y-1.912 Z3.000
G1 X-18.850 Y-1.912 Z2.334 F400.000
G1 X-6.150 Y-1.912 Z1.669 F400.000
G1 X-18.850 Y-1.912 Z1.003 F400.000
G1 X-6.150 Y-1.912 Z0.338 F400.000
G1 X-18.850 Y-1.912 Z-0.328 F400.000
G1 X-6.150 Y-1.912 Z-0.993 F400.000
G1 X-18.850 Y-1.912 Z-1.659 F400.000
G1 X-6.150 Y-1.912 Z-2.325 F400.000
G1 X-18.850 Y-1.912 Z-2.990 F400.000
G1 X-6.150 Y-1.912 Z-3.656 F400.000
G1 X-12.718 Y-1.912 Z-4.000 F400.000
G1 X-6.150 Y-1.912 Z-4.000 F400.000
G1 X-18.850 Y-1.912 Z-4.000 F400.000
G0 X-18.850 Y-1.912 Z5.000
G0 X-6.150 Y-1.912 Z5.000
G0 X-6.150 Y-1.912 Z3.000
G1 X-18.850 Y-1.912 Z2.334 F400.000
G1 X-6.150 Y-1.912 Z1.669 F400.000
G1 X-18.850 Y-1.912 Z1.003 F400.000
G1 X-6.150 Y-1.912 Z0.338 F400.000
G1 X-18.850 Y-1.912 Z-0.328 F400.000
G1 X-6.150 Y-1.912 Z-0.993 F400.000
G1 X-18.850 Y-1.912 Z-1.659 F400.000
G1 X-6.150 Y-1.912 Z-2.325 F400.000
G1 X-18.850 Y-1.912 Z-2.990 F400.000
G1 X-6.150 Y-1.912 Z-3.656 F400.000
G1 X-16.534 Y-1.912 Z-4.200 F400.000
G1 X-6.150 Y-1.912 Z-4.200 F400.000
G1 X-18.850 Y-1.912 Z-4.200 F400.000
G0 X-18.850 Y-1.912 Z5.000
G0 X-6.150 Y-1.912 Z5.000
G0 X-6.150 Y-1.912 Z3.000
G1 X-18.850 Y-1.912 Z2.334 F400.000
G1 X-6.150 Y-1.912 Z1.669 F400.000
G1 X-18.850 Y-1.912 Z1.003 F400.000
G1 X-6.150 Y-1.912 Z0.338 F400.000
G1 X-18.850 Y-1.912 Z-0.328 F400.000
G1 X-6.150 Y-1.912 Z-0.993 F400.000
G1 X-18.850 Y-1.912 Z-1.659 F400.000
G1 X-6.150 Y-1.912 Z-2.325 F400.000
G1 X-18.850 Y-1.912 Z-2.990 F400.000
G1 X-6.150 Y-1.912 Z-3.656 F400.000
G1 X-18.850 Y-1.912 Z-4.321 F400.000
G1 X-17.350 Y-1.912 Z-4.400 F400.000
G1 X-6.150 Y-1.912 Z-4.400 F400.000
G1 X-18.850 Y-1.912 Z-4.400 F400.000
G0 X-18.850 Y-1.912 Z5.000
G0 X-6.150 Y-1.912 Z5.000
G0 X-6.150 Y-1.912 Z3.000
G1 X-18.850 Y-1.912 Z2.334 F400.000
G1 X-6.150 Y-1.912 Z1.669 F400.000
G1 X-18.850 Y-1.912 Z1.003 F400.000
G1 X-6.150 Y-1.912 Z0.338 F400.000
G1 X-18.850 Y-1.912 Z-0.328 F400.000
G1 X-6.150 Y-1.912 Z-0.993 F400.000
G1 X-18.850 Y-1.912 Z-1.659 F400.000
G1 X-6.150 Y-1.912 Z-2.325 F400.000
G1 X-18.850 Y-1.912 Z-2.990 F400.000
G1 X-6.150 Y-1.912 Z-3.656 F400.000
G1 X-18.850 Y-1.912 Z-4.321 F400.000
G1 X-13.533 Y-1.912 Z-4.600 F400.000
G1 X-6.150 Y-1.912 Z-4.600 F400.000
G1 X-18.850 Y-1.912 Z-4.600 F400.000
G0 X-18.850 Y-1.912 Z5.000
G0 X-6.150 Y-1.912 Z5.000
G0 X-6.150 Y-1.912 Z3.000
G1 X-18.850 Y-1.912 Z2.334 F400.000
G1 X-6.150 Y-1.912 Z1.669 F400.000
G1 X-18.850 Y-1.912 Z1.003 F400.000
G1 X-6.150 Y-1.912 Z0.338 F400.000
G1 X-18.850 Y-1.912 Z-0.328 F400.000
G1 X-6.150 Y-1.912 Z-0.993 F400.000
G1 X-18.850 Y-1.912 Z-1.659 F400.000
G1 X-6.150 Y-1.912 Z-2.325 F400.000
G1 X-18.850 Y-1.912 Z-2.990 F400.000
G1 X-6.150 Y-1.912 Z-3.656 F400.000
G1 X-18.850 Y-1.912 Z-4.321 F400.000
G1 X-9.717 Y-1.912 Z-4.800 F400.000
G1 X-6.150 Y-1.912 Z-4.800 F400.000
G1 X-18.850 Y-1.912 Z-4.800 F400.000
G0 X-18.850 Y-1.912 Z5.000
G0 X-6.150 Y-1.912 Z5.000
G0 X-6.150 Y-1.912 Z3.000
G1 X-18.850 Y-1.912 Z2.334 F400.000
G1 X-6.150 Y-1.912 Z1.669 F400.000
G1 X-18.850 Y-1.912 Z1.003 F400.000
G1 X-6.150 Y-1.912 Z0.338 F400.000
G1 X-18.850 Y-1.912 Z-0.328 F400.000
G1 X-6.150 Y-1.912 Z-0.993 F400.000
G1 X-18.850 Y-1.912 Z-1.659 F400.000
G1 X-6.150 Y-1.912 Z-2.325 F400.000
G1 X-18.850 Y-1.912 Z-2.990 F400.000
G1 X-6.150 Y-1.912 Z-3.656 F400.000
G1 X-18.850 Y-1.912 Z-4.321 F400.000
G1 X-6.150 Y-1.912 Z-4.987 F400.000
G1 X-6.399 Y-1.912 Z-5.000 F400.000
G1 X-6.150 Y-1.912 Z-5.000 F400.000
G1 X-18.850 Y-1.912 Z-5.000 F400.000
G0 X-18.850 Y-1.912 Z5.000
(Finish operation: RampEntryDressup001)
(Begin postamble)
M5
G17 G90
M2
