(Exported by FreeCAD)
(Post Processor: grbl_post)
(Output Time:2026-07-23 16:32:20.085953)
(Begin preamble)
G17 G90
G21
(Begin operation: Fixture)
(Path: Fixture)
G54
(Finish operation: Fixture)
(Begin operation: ALUMINUM | SpeTool Au3e 1/8 3FL | 5500rpm F101)
(Path: ALUMINUM | SpeTool Au3e 1/8 3FL | 5500rpm F101)
(ALUMINUM | SpeTool Au3e 1/8 3FL | 5500rpm F101)
(Begin toolchange)
( M6 T3 )
M3 S8000
(Finish operation: ALUMINUM | SpeTool Au3e 1/8 3FL | 5500rpm F101)
(Begin operation: Initial Holes)
(Path: Initial Holes)
(Initial Holes)
(helix cut operation)
G0 Z5.000
G0 Z5.000
G0 X17.500 Y10.500 Z5.000
G0 X17.500 Y10.500 Z0.000
G0 X18.212 Y10.500
G1 Z0.000 F250.000
G3 X16.788 Y10.500 Z-0.100 I-0.713 J0.000 F400.000
G3 X18.212 Y10.500 Z-0.200 I0.713 J0.000 F400.000
G3 X16.788 Y10.500 Z-0.300 I-0.713 J0.000 F400.000
G3 X18.212 Y10.500 Z-0.400 I0.713 J0.000 F400.000
G3 X16.788 Y10.500 Z-0.500 I-0.713 J0.000 F400.000
G3 X18.212 Y10.500 Z-0.600 I0.713 J0.000 F400.000
G3 X16.788 Y10.500 Z-0.700 I-0.713 J0.000 F400.000
G3 X18.212 Y10.500 Z-0.800 I0.713 J0.000 F400.000
G3 X16.788 Y10.500 Z-0.900 I-0.713 J0.000 F400.000
G3 X18.212 Y10.500 Z-1.000 I0.713 J0.000 F400.000
G3 X16.788 Y10.500 Z-1.100 I-0.713 J0.000 F400.000
G3 X18.212 Y10.500 Z-1.200 I0.713 J0.000 F400.000
G3 X16.788 Y10.500 Z-1.300 I-0.713 J0.000 F400.000
G3 X18.212 Y10.500 Z-1.400 I0.713 J0.000 F400.000
G3 X16.788 Y10.500 Z-1.500 I-0.713 J0.000 F400.000
G3 X18.212 Y10.500 Z-1.600 I0.713 J0.000 F400.000
G3 X16.788 Y10.500 Z-1.700 I-0.713 J0.000 F400.000
G3 X18.212 Y10.500 Z-1.800 I0.713 J0.000 F400.000
G3 X16.788 Y10.500 Z-1.900 I-0.713 J0.000 F400.000
G3 X18.212 Y10.500 Z-2.000 I0.713 J0.000 F400.000
G3 X16.788 Y10.500 Z-2.100 I-0.713 J0.000 F400.000
G3 X18.212 Y10.500 Z-2.200 I0.713 J0.000 F400.000
G3 X16.788 Y10.500 Z-2.300 I-0.713 J0.000 F400.000
G3 X18.212 Y10.500 Z-2.400 I0.713 J0.000 F400.000
G3 X16.788 Y10.500 Z-2.500 I-0.713 J0.000 F400.000
G3 X18.212 Y10.500 Z-2.600 I0.713 J0.000 F400.000
G3 X16.788 Y10.500 Z-2.700 I-0.713 J0.000 F400.000
G3 X18.212 Y10.500 Z-2.800 I0.713 J0.000 F400.000
G3 X16.788 Y10.500 Z-2.900 I-0.713 J0.000 F400.000
G3 X18.212 Y10.500 Z-3.000 I0.713 J0.000 F400.000
G3 X16.788 Y10.500 Z-3.100 I-0.713 J0.000 F400.000
G3 X18.212 Y10.500 Z-3.200 I0.713 J0.000 F400.000
G3 X16.788 Y10.500 Z-3.300 I-0.713 J0.000 F400.000
G3 X18.212 Y10.500 Z-3.400 I0.713 J0.000 F400.000
G3 X16.788 Y10.500 Z-3.500 I-0.713 J0.000 F400.000
G3 X18.212 Y10.500 Z-3.600 I0.713 J0.000 F400.000
G3 X16.788 Y10.500 Z-3.700 I-0.713 J0.000 F400.000
G3 X18.212 Y10.500 Z-3.800 I0.713 J0.000 F400.000
G3 X16.788 Y10.500 Z-3.900 I-0.713 J0.000 F400.000
G3 X18.212 Y10.500 Z-4.000 I0.713 J0.000 F400.000
G3 X16.788 Y10.500 Z-4.100 I-0.713 J0.000 F400.000
G3 X18.212 Y10.500 Z-4.200 I0.713 J0.000 F400.000
G3 X16.788 Y10.500 Z-4.300 I-0.713 J0.000 F400.000
G3 X18.212 Y10.500 Z-4.400 I0.713 J0.000 F400.000
G3 X16.788 Y10.500 Z-4.500 I-0.713 J0.000 F400.000
G3 X18.212 Y10.500 Z-4.600 I0.713 J0.000 F400.000
G3 X16.788 Y10.500 Z-4.700 I-0.713 J0.000 F400.000
G3 X18.212 Y10.500 Z-4.800 I0.713 J0.000 F400.000
G3 X16.788 Y10.500 Z-4.900 I-0.713 J0.000 F400.000
G3 X18.212 Y10.500 Z-5.000 I0.713 J0.000 F400.000
G3 X16.788 Y10.500 Z-5.100 I-0.713 J0.000 F400.000
G3 X18.212 Y10.500 Z-5.200 I0.713 J0.000 F400.000
G3 X16.788 Y10.500 Z-5.200 I-0.713 J0.000 F400.000
G3 X18.212 Y10.500 Z-5.200 I0.713 J0.000 F400.000
G0 X17.500 Y10.500 Z-5.200
G0 Z0.000
G0 Z5.000
G0 X17.500 Y222.410 Z5.000
G0 X17.500 Y222.410 Z0.000
G0 X17.503 Y222.410
G1 Z0.000 F250.000
G3 X17.497 Y222.410 Z-0.100 I-0.003 J0.000 F400.000
G3 X17.503 Y222.410 Z-0.200 I0.003 J0.000 F400.000
G3 X17.497 Y222.410 Z-0.300 I-0.003 J0.000 F400.000
G3 X17.503 Y222.410 Z-0.400 I0.003 J0.000 F400.000
G3 X17.497 Y222.410 Z-0.500 I-0.003 J0.000 F400.000
G3 X17.503 Y222.410 Z-0.600 I0.003 J0.000 F400.000
G3 X17.497 Y222.410 Z-0.700 I-0.003 J0.000 F400.000
G3 X17.503 Y222.410 Z-0.800 I0.003 J0.000 F400.000
G3 X17.497 Y222.410 Z-0.900 I-0.003 J0.000 F400.000
G3 X17.503 Y222.410 Z-1.000 I0.003 J0.000 F400.000
G3 X17.497 Y222.410 Z-1.100 I-0.003 J0.000 F400.000
G3 X17.503 Y222.410 Z-1.200 I0.003 J0.000 F400.000
G3 X17.497 Y222.410 Z-1.300 I-0.003 J0.000 F400.000
G3 X17.503 Y222.410 Z-1.400 I0.003 J0.000 F400.000
G3 X17.497 Y222.410 Z-1.500 I-0.003 J0.000 F400.000
G3 X17.503 Y222.410 Z-1.600 I0.003 J0.000 F400.000
G3 X17.497 Y222.410 Z-1.700 I-0.003 J0.000 F400.000
G3 X17.503 Y222.410 Z-1.800 I0.003 J0.000 F400.000
G3 X17.497 Y222.410 Z-1.900 I-0.003 J0.000 F400.000
G3 X17.503 Y222.410 Z-2.000 I0.003 J0.000 F400.000
G3 X17.497 Y222.410 Z-2.100 I-0.003 J0.000 F400.000
G3 X17.503 Y222.410 Z-2.200 I0.003 J0.000 F400.000
G3 X17.497 Y222.410 Z-2.300 I-0.003 J0.000 F400.000
G3 X17.503 Y222.410 Z-2.400 I0.003 J0.000 F400.000
G3 X17.497 Y222.410 Z-2.500 I-0.003 J0.000 F400.000
G3 X17.503 Y222.410 Z-2.600 I0.003 J0.000 F400.000
G3 X17.497 Y222.410 Z-2.700 I-0.003 J0.000 F400.000
G3 X17.503 Y222.410 Z-2.800 I0.003 J0.000 F400.000
G3 X17.497 Y222.410 Z-2.900 I-0.003 J0.000 F400.000
G3 X17.503 Y222.410 Z-3.000 I0.003 J0.000 F400.000
G3 X17.497 Y222.410 Z-3.100 I-0.003 J0.000 F400.000
G3 X17.503 Y222.410 Z-3.200 I0.003 J0.000 F400.000
G3 X17.497 Y222.410 Z-3.300 I-0.003 J0.000 F400.000
G3 X17.503 Y222.410 Z-3.400 I0.003 J0.000 F400.000
G3 X17.497 Y222.410 Z-3.500 I-0.003 J0.000 F400.000
G3 X17.503 Y222.410 Z-3.600 I0.003 J0.000 F400.000
G3 X17.497 Y222.410 Z-3.700 I-0.003 J0.000 F400.000
G3 X17.503 Y222.410 Z-3.800 I0.003 J0.000 F400.000
G3 X17.497 Y222.410 Z-3.900 I-0.003 J0.000 F400.000
G3 X17.503 Y222.410 Z-4.000 I0.003 J0.000 F400.000
G3 X17.497 Y222.410 Z-4.100 I-0.003 J0.000 F400.000
G3 X17.503 Y222.410 Z-4.200 I0.003 J0.000 F400.000
G3 X17.497 Y222.410 Z-4.300 I-0.003 J0.000 F400.000
G3 X17.503 Y222.410 Z-4.400 I0.003 J0.000 F400.000
G3 X17.497 Y222.410 Z-4.500 I-0.003 J0.000 F400.000
G3 X17.503 Y222.410 Z-4.600 I0.003 J0.000 F400.000
G3 X17.497 Y222.410 Z-4.700 I-0.003 J0.000 F400.000
G3 X17.503 Y222.410 Z-4.800 I0.003 J0.000 F400.000
G3 X17.497 Y222.410 Z-4.900 I-0.003 J0.000 F400.000
G3 X17.503 Y222.410 Z-5.000 I0.003 J0.000 F400.000
G3 X17.497 Y222.410 Z-5.100 I-0.003 J0.000 F400.000
G3 X17.503 Y222.410 Z-5.200 I0.003 J0.000 F400.000
G3 X17.497 Y222.410 Z-5.200 I-0.003 J0.000 F400.000
G3 X17.503 Y222.410 Z-5.200 I0.003 J0.000 F400.000
G0 X17.500 Y222.410 Z-5.200
G0 Z0.000
G0 Z5.000
(Finish operation: Initial Holes)
(Begin operation: Countersink)
(Path: Countersink)
(Countersink)
G0 Z5.000
G0
G0 X17.323 Y11.160
G0 X17.323 Y11.160 Z3.000
G1 X17.323 Y11.160 Z-0.200 F250.000
G3 X17.677 Y9.840 Z-0.200 I0.177 J-0.660 K0.000 F400.000
G3 X17.323 Y11.160 Z-0.200 I-0.177 J0.660 K0.000 F400.000
G0 Z5.000
G0 X17.117 Y11.928 Z5.000
G0 X17.117 Y11.928 Z3.000
G1 X17.117 Y11.928 Z-0.200 F250.000
G3 X17.883 Y9.072 Z-0.200 I0.383 J-1.428 K0.000 F400.000
G3 X17.117 Y11.928 Z-0.200 I-0.383 J1.428 K0.000 F400.000
G0 Z5.000
G0 X16.911 Y12.697 Z5.000
G0 X16.911 Y12.697 Z3.000
G1 X16.911 Y12.697 Z-0.200 F250.000
G3 X18.089 Y8.303 Z-0.200 I0.589 J-2.197 K0.000 F400.000
G3 X16.911 Y12.697 Z-0.200 I-0.589 J2.197 K0.000 F400.000
G0 Z5.000
G0 X16.706 Y13.465 Z5.000
G0 X16.706 Y13.465 Z3.000
G1 X16.706 Y13.465 Z-0.200 F250.000
G3 X14.535 Y9.706 Z-0.200 I0.794 J-2.965 K0.000 F400.000
G3 X18.294 Y7.535 Z-0.200 I2.965 J0.794 K0.000 F400.000
G3 X16.706 Y13.465 Z-0.200 I-0.794 J2.965 K0.000 F400.000
G0 Z5.000
G0 X17.375 Y10.967 Z5.000
G0 X17.375 Y10.967 Z3.000
G1 X17.375 Y10.967 Z-0.400 F250.000
G3 X17.625 Y10.033 Z-0.400 I0.125 J-0.467 K0.000 F400.000
G3 X17.375 Y10.967 Z-0.400 I-0.125 J0.467 K0.000 F400.000
G0 Z5.000
G0 X17.169 Y11.735 Z5.000
G0 X17.169 Y11.735 Z3.000
G1 X17.169 Y11.735 Z-0.400 F250.000
G3 X17.831 Y9.265 Z-0.400 I0.331 J-1.235 K0.000 F400.000
G3 X17.169 Y11.735 Z-0.400 I-0.331 J1.235 K0.000 F400.000
G0 Z5.000
G0 X16.963 Y12.504 Z5.000
G0 X16.963 Y12.504 Z3.000
G1 X16.963 Y12.504 Z-0.400 F250.000
G3 X18.037 Y8.496 Z-0.400 I0.537 J-2.004 K0.000 F400.000
G3 X16.963 Y12.504 Z-0.400 I-0.537 J2.004 K0.000 F400.000
G0 Z5.000
G0 X16.757 Y13.272 Z5.000
G0 X16.757 Y13.272 Z3.000
G1 X16.757 Y13.272 Z-0.400 F250.000
G3 X18.243 Y7.728 Z-0.400 I0.743 J-2.772 K0.000 F400.000
G3 X16.757 Y13.272 Z-0.400 I-0.743 J2.772 K0.000 F400.000
G0 Z5.000
G0 X17.424 Y10.772 Z5.000
G0 X17.424 Y10.772 Z3.000
G1 X17.424 Y10.772 Z-0.600 F250.000
G3 X17.228 Y10.424 Z-0.600 I0.076 J-0.272 K0.000 F400.000
G3 X17.576 Y10.228 Z-0.600 I0.272 J0.076 K0.000 F400.000
G3 X17.772 Y10.576 Z-0.600 I-0.076 J0.272 K0.000 F400.000
G3 X17.424 Y10.772 Z-0.600 I-0.272 J-0.076 K0.000 F400.000
G0 Z5.000
G0 X17.209 Y11.538 Z5.000
G0 X17.209 Y11.538 Z3.000
G1 X17.209 Y11.538 Z-0.600 F250.000
G3 X16.462 Y10.209 Z-0.600 I0.291 J-1.038 K0.000 F400.000
G3 X17.791 Y9.462 Z-0.600 I1.038 J0.291 K0.000 F400.000
G3 X18.538 Y10.791 Z-0.600 I-0.291 J1.038 K0.000 F400.000
G3 X17.209 Y11.538 Z-0.600 I-1.038 J-0.291 K0.000 F400.000
G0 Z5.000
G0 X16.994 Y12.304 Z5.000
G0 X16.994 Y12.304 Z3.000
G1 X16.994 Y12.304 Z-0.600 F250.000
G3 X15.696 Y9.994 Z-0.600 I0.506 J-1.804 K0.000 F400.000
G3 X18.006 Y8.696 Z-0.600 I1.804 J0.506 K0.000 F400.000
G3 X19.304 Y11.006 Z-0.600 I-0.506 J1.804 K0.000 F400.000
G3 X16.994 Y12.304 Z-0.600 I-1.804 J-0.506 K0.000 F400.000
G0 Z5.000
G0 X16.780 Y13.070 Z5.000
G0 X16.780 Y13.070 Z3.000
G1 X16.780 Y13.070 Z-0.600 F250.000
G3 X14.930 Y9.780 Z-0.600 I0.720 J-2.570 K0.000 F400.000
G3 X18.220 Y7.930 Z-0.600 I2.570 J0.720 K0.000 F400.000
G3 X20.070 Y11.220 Z-0.600 I-0.720 J2.570 K0.000 F400.000
G3 X16.780 Y13.070 Z-0.600 I-2.570 J-0.720 K0.000 F400.000
G0 Z5.000
G0 X17.478 Y10.580 Z5.000
G0 X17.478 Y10.580 Z3.000
G1 X17.478 Y10.580 Z-0.800 F250.000
G3 X17.420 Y10.478 Z-0.800 I0.022 J-0.080 K0.000 F400.000
G3 X17.522 Y10.420 Z-0.800 I0.080 J0.022 K0.000 F400.000
G3 X17.580 Y10.522 Z-0.800 I-0.022 J0.080 K0.000 F400.000
G3 X17.478 Y10.580 Z-0.800 I-0.080 J-0.022 K0.000 F400.000
G0 Z5.000
G0 X17.263 Y11.346 Z5.000
G0 X17.263 Y11.346 Z3.000
G1 X17.263 Y11.346 Z-0.800 F250.000
G3 X17.737 Y9.654 Z-0.800 I0.237 J-0.846 K0.000 F400.000
G3 X17.263 Y11.346 Z-0.800 I-0.237 J0.846 K0.000 F400.000
G0 Z5.000
G0 X17.048 Y12.112 Z5.000
G0 X17.048 Y12.112 Z3.000
G1 X17.048 Y12.112 Z-0.800 F250.000
G3 X17.952 Y8.888 Z-0.800 I0.452 J-1.612 K0.000 F400.000
G3 X17.048 Y12.112 Z-0.800 I-0.452 J1.612 K0.000 F400.000
G0 Z5.000
G0 X16.834 Y12.878 Z5.000
G0 X16.834 Y12.878 Z3.000
G1 X16.834 Y12.878 Z-0.800 F250.000
G3 X15.122 Y9.834 Z-0.800 I0.666 J-2.378 K0.000 F400.000
G3 X18.166 Y8.122 Z-0.800 I2.378 J0.666 K0.000 F400.000
G3 X19.878 Y11.166 Z-0.800 I-0.666 J2.378 K0.000 F400.000
G3 X16.834 Y12.878 Z-0.800 I-2.378 J-0.666 K0.000 F400.000
G0 Z5.000
G0 X17.309 Y11.150 Z5.000
G0 X17.309 Y11.150 Z3.000
G1 X17.309 Y11.150 Z-1.000 F250.000
G3 X17.691 Y9.850 Z-1.000 I0.191 J-0.650 K0.000 F400.000
G3 X17.309 Y11.150 Z-1.000 I-0.191 J0.650 K0.000 F400.000
G0 Z5.000
G0 X17.085 Y11.914 Z5.000
G0 X17.085 Y11.914 Z3.000
G1 X17.085 Y11.914 Z-1.000 F250.000
G3 X17.915 Y9.086 Z-1.000 I0.415 J-1.414 K0.000 F400.000
G3 X17.085 Y11.914 Z-1.000 I-0.415 J1.414 K0.000 F400.000
G0 Z5.000
G0 X16.861 Y12.677 Z5.000
G0 X16.861 Y12.677 Z3.000
G1 X16.861 Y12.677 Z-1.000 F250.000
G3 X18.139 Y8.323 Z-1.000 I0.639 J-2.177 K0.000 F400.000
G3 X16.861 Y12.677 Z-1.000 I-0.639 J2.177 K0.000 F400.000
G0 Z5.000
G0 X17.365 Y10.958 Z5.000
G0 X17.365 Y10.958 Z3.000
G1 X17.365 Y10.958 Z-1.200 F250.000
G3 X17.635 Y10.042 Z-1.200 I0.135 J-0.458 K0.000 F400.000
G3 X17.365 Y10.958 Z-1.200 I-0.135 J0.458 K0.000 F400.000
G0 Z5.000
G0 X17.141 Y11.722 Z5.000
G0 X17.141 Y11.722 Z3.000
G1 X17.141 Y11.722 Z-1.200 F250.000
G3 X17.859 Y9.278 Z-1.200 I0.359 J-1.222 K0.000 F400.000
G3 X17.141 Y11.722 Z-1.200 I-0.359 J1.222 K0.000 F400.000
G0 Z5.000
G0 X16.917 Y12.485 Z5.000
G0 X16.917 Y12.485 Z3.000
G1 X16.917 Y12.485 Z-1.200 F250.000
G3 X18.083 Y8.515 Z-1.200 I0.583 J-1.985 K0.000 F400.000
G3 X16.917 Y12.485 Z-1.200 I-0.583 J1.985 K0.000 F400.000
G0 Z5.000
G0 X17.418 Y10.764 Z5.000
G0 X17.418 Y10.764 Z3.000
G1 X17.418 Y10.764 Z-1.400 F250.000
G3 X17.582 Y10.236 Z-1.400 I0.082 J-0.264 K0.000 F400.000
G3 X17.418 Y10.764 Z-1.400 I-0.082 J0.264 K0.000 F400.000
G0 Z5.000
G0 X17.184 Y11.525 Z5.000
G0 X17.184 Y11.525 Z3.000
G1 X17.184 Y11.525 Z-1.400 F250.000
G3 X17.816 Y9.475 Z-1.400 I0.316 J-1.025 K0.000 F400.000
G3 X17.184 Y11.525 Z-1.400 I-0.316 J1.025 K0.000 F400.000
G0 Z5.000
G0 X16.949 Y12.286 Z5.000
G0 X16.949 Y12.286 Z3.000
G1 X16.949 Y12.286 Z-1.400 F250.000
G3 X18.051 Y8.714 Z-1.400 I0.551 J-1.786 K0.000 F400.000
G3 X16.949 Y12.286 Z-1.400 I-0.551 J1.786 K0.000 F400.000
G0 Z5.000
G0 X17.477 Y10.573 Z5.000
G0 X17.477 Y10.573 Z3.000
G1 X17.477 Y10.573 Z-1.600 F250.000
G3 X17.427 Y10.477 Z-1.600 I0.023 J-0.073 K0.000 F400.000
G3 X17.523 Y10.427 Z-1.600 I0.073 J0.023 K0.000 F400.000
G3 X17.573 Y10.523 Z-1.600 I-0.023 J0.073 K0.000 F400.000
G3 X17.477 Y10.573 Z-1.600 I-0.073 J-0.023 K0.000 F400.000
G0 Z5.000
G0 X17.243 Y11.334 Z5.000
G0 X17.243 Y11.334 Z3.000
G1 X17.243 Y11.334 Z-1.600 F250.000
G3 X17.757 Y9.666 Z-1.600 I0.257 J-0.834 K0.000 F400.000
G3 X17.243 Y11.334 Z-1.600 I-0.257 J0.834 K0.000 F400.000
G0 Z5.000
G0 X17.008 Y12.095 Z5.000
G0 X17.008 Y12.095 Z3.000
G1 X17.008 Y12.095 Z-1.600 F250.000
G3 X15.905 Y10.008 Z-1.600 I0.492 J-1.595 K0.000 F400.000
G3 X17.992 Y8.905 Z-1.600 I1.595 J0.492 K0.000 F400.000
G3 X19.095 Y10.992 Z-1.600 I-0.492 J1.595 K0.000 F400.000
G3 X17.008 Y12.095 Z-1.600 I-1.595 J-0.492 K0.000 F400.000
G0 Z5.000
G0 X17.292 Y11.139 Z5.000
G0 X17.292 Y11.139 Z3.000
G1 X17.292 Y11.139 Z-1.800 F250.000
G3 X16.861 Y10.292 Z-1.800 I0.208 J-0.639 K0.000 F400.000
G3 X17.708 Y9.861 Z-1.800 I0.639 J0.208 K0.000 F400.000
G3 X17.292 Y11.139 Z-1.800 I-0.208 J0.639 K0.000 F400.000
G0 Z5.000
G0 X17.046 Y11.896 Z5.000
G0 X17.046 Y11.896 Z3.000
G1 X17.046 Y11.896 Z-1.800 F250.000
G3 X17.954 Y9.104 Z-1.800 I0.454 J-1.396 K0.000 F400.000
G3 X17.046 Y11.896 Z-1.800 I-0.454 J1.396 K0.000 F400.000
G0 Z5.000
G0 X17.347 Y10.946 Z5.000
G0 X17.347 Y10.946 Z3.000
G1 X17.347 Y10.946 Z-2.000 F250.000
G3 X17.653 Y10.054 Z-2.000 I0.153 J-0.446 K0.000 F400.000
G3 X17.347 Y10.946 Z-2.000 I-0.153 J0.446 K0.000 F400.000
G0 Z5.000
G0 X17.088 Y11.699 Z5.000
G0 X17.088 Y11.699 Z3.000
G1 X17.088 Y11.699 Z-2.000 F250.000
G3 X17.912 Y9.301 Z-2.000 I0.412 J-1.199 K0.000 F400.000
G3 X17.088 Y11.699 Z-2.000 I-0.412 J1.199 K0.000 F400.000
G0 Z5.000
G0 X17.412 Y10.756 Z5.000
G0 X17.412 Y10.756 Z3.000
G1 X17.412 Y10.756 Z-2.200 F250.000
G3 X17.244 Y10.412 Z-2.200 I0.088 J-0.256 K0.000 F400.000
G3 X17.588 Y10.244 Z-2.200 I0.256 J0.088 K0.000 F400.000
G3 X17.756 Y10.588 Z-2.200 I-0.088 J0.256 K0.000 F400.000
G3 X17.412 Y10.756 Z-2.200 I-0.256 J-0.088 K0.000 F400.000
G0 Z5.000
G0 X17.153 Y11.510 Z5.000
G0 X17.153 Y11.510 Z3.000
G1 X17.153 Y11.510 Z-2.200 F250.000
G3 X17.847 Y9.490 Z-2.200 I0.347 J-1.010 K0.000 F400.000
G3 X17.153 Y11.510 Z-2.200 I-0.347 J1.010 K0.000 F400.000
G0 Z5.000
G0 X17.476 Y10.566 Z5.000
G0 X17.476 Y10.566 Z3.000
G1 X17.476 Y10.566 Z-2.400 F250.000
G3 X17.524 Y10.434 Z-2.400 I0.024 J-0.066 K0.000 F400.000
G3 X17.476 Y10.566 Z-2.400 I-0.024 J0.066 K0.000 F400.000
G0 Z5.000
G0 X17.203 Y11.315 Z5.000
G0 X17.203 Y11.315 Z3.000
G1 X17.203 Y11.315 Z-2.400 F250.000
G3 X17.797 Y9.685 Z-2.400 I0.297 J-0.815 K0.000 F400.000
G3 X18.315 Y10.797 Z-2.400 I-0.297 J0.815 K0.000 F400.000
G3 X17.203 Y11.315 Z-2.400 I-0.815 J-0.297 K0.000 F400.000
G0 Z5.000
G0 X17.245 Y11.158 Z5.000
G0 X17.245 Y11.158 Z3.000
G1 X17.245 Y11.158 Z-2.600 F250.000
G3 X17.755 Y9.842 Z-2.600 I0.255 J-0.658 K0.000 F400.000
G3 X17.245 Y11.158 Z-2.600 I-0.255 J0.658 K0.000 F400.000
G1 X17.245 Y11.158 Z-2.800 F250.000
G3 X17.755 Y9.842 Z-2.800 I0.255 J-0.658 K0.000 F400.000
G3 X17.245 Y11.158 Z-2.800 I-0.255 J0.658 K0.000 F400.000
G1 X17.245 Y11.158 Z-3.000 F250.000
G3 X17.755 Y9.842 Z-3.000 I0.255 J-0.658 K0.000 F400.000
G3 X17.245 Y11.158 Z-3.000 I-0.255 J0.658 K0.000 F400.000
G1 X17.245 Y11.158 Z-3.200 F250.000
G3 X17.755 Y9.842 Z-3.200 I0.255 J-0.658 K0.000 F400.000
G3 X17.245 Y11.158 Z-3.200 I-0.255 J0.658 K0.000 F400.000
G1 X17.245 Y11.158 Z-3.400 F250.000
G3 X17.755 Y9.842 Z-3.400 I0.255 J-0.658 K0.000 F400.000
G3 X17.245 Y11.158 Z-3.400 I-0.255 J0.658 K0.000 F400.000
G1 X17.245 Y11.158 Z-3.600 F250.000
G3 X17.755 Y9.842 Z-3.600 I0.255 J-0.658 K0.000 F400.000
G3 X17.245 Y11.158 Z-3.600 I-0.255 J0.658 K0.000 F400.000
G1 X17.245 Y11.158 Z-3.800 F250.000
G3 X17.755 Y9.842 Z-3.800 I0.255 J-0.658 K0.000 F400.000
G3 X17.245 Y11.158 Z-3.800 I-0.255 J0.658 K0.000 F400.000
G1 X17.245 Y11.158 Z-4.000 F250.000
G3 X17.755 Y9.842 Z-4.000 I0.255 J-0.658 K0.000 F400.000
G3 X17.245 Y11.158 Z-4.000 I-0.255 J0.658 K0.000 F400.000
G1 X17.245 Y11.158 Z-4.200 F250.000
G3 X17.755 Y9.842 Z-4.200 I0.255 J-0.658 K0.000 F400.000
G3 X17.245 Y11.158 Z-4.200 I-0.255 J0.658 K0.000 F400.000
G1 X17.245 Y11.158 Z-4.400 F250.000
G3 X17.755 Y9.842 Z-4.400 I0.255 J-0.658 K0.000 F400.000
G3 X17.245 Y11.158 Z-4.400 I-0.255 J0.658 K0.000 F400.000
G1 X17.245 Y11.158 Z-4.600 F250.000
G3 X17.755 Y9.842 Z-4.600 I0.255 J-0.658 K0.000 F400.000
G3 X17.245 Y11.158 Z-4.600 I-0.255 J0.658 K0.000 F400.000
G1 X17.245 Y11.158 Z-4.800 F250.000
G3 X17.755 Y9.842 Z-4.800 I0.255 J-0.658 K0.000 F400.000
G3 X17.245 Y11.158 Z-4.800 I-0.255 J0.658 K0.000 F400.000
G1 X17.245 Y11.158 Z-5.000 F250.000
G3 X17.755 Y9.842 Z-5.000 I0.255 J-0.658 K0.000 F400.000
G3 X17.245 Y11.158 Z-5.000 I-0.255 J0.658 K0.000 F400.000
G0 Z5.000
G0 Z5.000
(Finish operation: Countersink)
(Begin operation: Rack )
(Path: Rack )
(Rack )
(Compensated Tool Path. Diameter: 3.175)
G0 Z5.000
G0 X25.438 Y228.000
G0 Z3.000
G1 X25.438 Y228.000 Z-0.200 F250.000
G1 X25.438 Y213.812 Z-0.200 F400.000
G1 X25.424 Y213.605 Z-0.200 F400.000
G1 X25.390 Y213.346 Z-0.200 F400.000
G1 X25.283 Y212.946 Z-0.200 F400.000
G1 X25.183 Y212.705 Z-0.200 F400.000
G1 X24.975 Y212.346 Z-0.200 F400.000
G1 X24.817 Y212.139 Z-0.200 F400.000
G1 X24.524 Y211.846 Z-0.200 F400.000
G1 X24.316 Y211.687 Z-0.200 F400.000
G1 X23.958 Y211.480 Z-0.200 F400.000
G1 X23.716 Y211.380 Z-0.200 F400.000
G1 X23.316 Y211.273 Z-0.200 F400.000
G1 X23.057 Y211.239 Z-0.200 F400.000
G1 X22.850 Y211.225 Z-0.200 F400.000
G1 X21.445 Y211.225 Z-0.200 F400.000
G1 X21.336 Y211.214 Z-0.200 F400.000
G1 X21.307 Y211.206 Z-0.200 F400.000
G1 X21.281 Y211.191 Z-0.200 F400.000
G1 X21.257 Y211.172 Z-0.200 F400.000
G1 X21.238 Y211.149 Z-0.200 F400.000
G1 X21.224 Y211.122 Z-0.200 F400.000
G1 X21.215 Y211.093 Z-0.200 F400.000
G1 X21.204 Y210.985 Z-0.200 F400.000
G1 X21.204 Y208.093 Z-0.200 F400.000
G1 X21.207 Y208.033 Z-0.200 F400.000
G1 X21.210 Y208.015 Z-0.200 F400.000
G1 X21.215 Y207.999 Z-0.200 F400.000
G1 X21.238 Y207.942 Z-0.200 F400.000
G1 X25.159 Y199.527 Z-0.200 F400.000
G1 X25.286 Y199.186 Z-0.200 F400.000
G1 X25.375 Y198.833 Z-0.200 F400.000
G1 X25.425 Y198.473 Z-0.200 F400.000
G1 X25.438 Y198.196 Z-0.200 F400.000
G1 X25.438 Y175.328 Z-0.200 F400.000
G1 X25.424 Y175.121 Z-0.200 F400.000
G1 X25.390 Y174.862 Z-0.200 F400.000
G1 X25.283 Y174.462 Z-0.200 F400.000
G1 X25.183 Y174.221 Z-0.200 F400.000
G1 X24.975 Y173.862 Z-0.200 F400.000
G1 X24.817 Y173.655 Z-0.200 F400.000
G1 X24.524 Y173.362 Z-0.200 F400.000
G1 X24.316 Y173.203 Z-0.200 F400.000
G1 X23.958 Y172.996 Z-0.200 F400.000
G1 X23.716 Y172.896 Z-0.200 F400.000
G1 X23.316 Y172.789 Z-0.200 F400.000
G1 X23.057 Y172.755 Z-0.200 F400.000
G1 X22.850 Y172.741 Z-0.200 F400.000
G1 X21.445 Y172.741 Z-0.200 F400.000
G1 X21.336 Y172.730 Z-0.200 F400.000
G1 X21.307 Y172.722 Z-0.200 F400.000
G1 X21.281 Y172.707 Z-0.200 F400.000
G1 X21.257 Y172.688 Z-0.200 F400.000
G1 X21.238 Y172.664 Z-0.200 F400.000
G1 X21.224 Y172.638 Z-0.200 F400.000
G1 X21.215 Y172.609 Z-0.200 F400.000
G1 X21.204 Y172.500 Z-0.200 F400.000
G1 X21.204 Y169.609 Z-0.200 F400.000
G1 X21.207 Y169.549 Z-0.200 F400.000
G1 X21.210 Y169.531 Z-0.200 F400.000
G1 X21.215 Y169.515 Z-0.200 F400.000
G1 X21.238 Y169.458 Z-0.200 F400.000
G1 X25.159 Y161.043 Z-0.200 F400.000
G1 X25.286 Y160.702 Z-0.200 F400.000
G1 X25.375 Y160.349 Z-0.200 F400.000
G1 X25.425 Y159.989 Z-0.200 F400.000
G1 X25.438 Y159.712 Z-0.200 F400.000
G1 X25.438 Y136.844 Z-0.200 F400.000
G1 X25.424 Y136.637 Z-0.200 F400.000
G1 X25.390 Y136.378 Z-0.200 F400.000
G1 X25.283 Y135.978 Z-0.200 F400.000
G1 X25.183 Y135.737 Z-0.200 F400.000
G1 X24.975 Y135.378 Z-0.200 F400.000
G1 X24.817 Y135.171 Z-0.200 F400.000
G1 X24.524 Y134.878 Z-0.200 F400.000
G1 X24.316 Y134.719 Z-0.200 F400.000
G1 X23.958 Y134.512 Z-0.200 F400.000
G1 X23.716 Y134.412 Z-0.200 F400.000
G1 X23.316 Y134.305 Z-0.200 F400.000
G1 X23.057 Y134.271 Z-0.200 F400.000
G1 X22.850 Y134.257 Z-0.200 F400.000
G1 X21.445 Y134.257 Z-0.200 F400.000
G1 X21.336 Y134.246 Z-0.200 F400.000
G1 X21.307 Y134.238 Z-0.200 F400.000
G1 X21.281 Y134.223 Z-0.200 F400.000
G1 X21.257 Y134.204 Z-0.200 F400.000
G1 X21.238 Y134.180 Z-0.200 F400.000
G1 X21.224 Y134.154 Z-0.200 F400.000
G1 X21.215 Y134.125 Z-0.200 F400.000
G1 X21.204 Y134.016 Z-0.200 F400.000
G1 X21.204 Y131.125 Z-0.200 F400.000
G1 X21.207 Y131.065 Z-0.200 F400.000
G1 X21.210 Y131.047 Z-0.200 F400.000
G1 X21.215 Y131.031 Z-0.200 F400.000
G1 X21.238 Y130.974 Z-0.200 F400.000
G1 X25.159 Y122.559 Z-0.200 F400.000
G1 X25.286 Y122.218 Z-0.200 F400.000
G1 X25.375 Y121.865 Z-0.200 F400.000
G1 X25.425 Y121.505 Z-0.200 F400.000
G1 X25.438 Y121.228 Z-0.200 F400.000
G1 X25.438 Y98.360 Z-0.200 F400.000
G1 X25.424 Y98.153 Z-0.200 F400.000
G1 X25.390 Y97.894 Z-0.200 F400.000
G1 X25.283 Y97.494 Z-0.200 F400.000
G1 X25.183 Y97.253 Z-0.200 F400.000
G1 X24.975 Y96.894 Z-0.200 F400.000
G1 X24.817 Y96.687 Z-0.200 F400.000
G1 X24.524 Y96.394 Z-0.200 F400.000
G1 X24.316 Y96.235 Z-0.200 F400.000
G1 X23.958 Y96.028 Z-0.200 F400.000
G1 X23.716 Y95.928 Z-0.200 F400.000
G1 X23.316 Y95.821 Z-0.200 F400.000
G1 X23.057 Y95.787 Z-0.200 F400.000
G1 X22.850 Y95.773 Z-0.200 F400.000
G1 X21.445 Y95.773 Z-0.200 F400.000
G1 X21.336 Y95.762 Z-0.200 F400.000
G1 X21.307 Y95.753 Z-0.200 F400.000
G1 X21.281 Y95.739 Z-0.200 F400.000
G1 X21.257 Y95.720 Z-0.200 F400.000
G1 X21.238 Y95.696 Z-0.200 F400.000
G1 X21.224 Y95.670 Z-0.200 F400.000
G1 X21.215 Y95.641 Z-0.200 F400.000
G1 X21.204 Y95.532 Z-0.200 F400.000
G1 X21.204 Y92.641 Z-0.200 F400.000
G1 X21.207 Y92.581 Z-0.200 F400.000
G1 X21.210 Y92.563 Z-0.200 F400.000
G1 X21.215 Y92.546 Z-0.200 F400.000
G1 X21.238 Y92.490 Z-0.200 F400.000
G1 X25.159 Y84.075 Z-0.200 F400.000
G1 X25.286 Y83.734 Z-0.200 F400.000
G1 X25.375 Y83.381 Z-0.200 F400.000
G1 X25.425 Y83.021 Z-0.200 F400.000
G1 X25.438 Y82.744 Z-0.200 F400.000
G1 X25.438 Y59.876 Z-0.200 F400.000
G1 X25.424 Y59.669 Z-0.200 F400.000
G1 X25.390 Y59.410 Z-0.200 F400.000
G1 X25.283 Y59.010 Z-0.200 F400.000
G1 X25.183 Y58.769 Z-0.200 F400.000
G1 X24.975 Y58.410 Z-0.200 F400.000
G1 X24.817 Y58.203 Z-0.200 F400.000
G1 X24.524 Y57.910 Z-0.200 F400.000
G1 X24.316 Y57.751 Z-0.200 F400.000
G1 X23.958 Y57.544 Z-0.200 F400.000
G1 X23.716 Y57.444 Z-0.200 F400.000
G1 X23.316 Y57.337 Z-0.200 F400.000
G1 X23.057 Y57.303 Z-0.200 F400.000
G1 X22.850 Y57.289 Z-0.200 F400.000
G1 X21.445 Y57.289 Z-0.200 F400.000
G1 X21.336 Y57.278 Z-0.200 F400.000
G1 X21.307 Y57.269 Z-0.200 F400.000
G1 X21.281 Y57.255 Z-0.200 F400.000
G1 X21.257 Y57.236 Z-0.200 F400.000
G1 X21.238 Y57.212 Z-0.200 F400.000
G1 X21.224 Y57.186 Z-0.200 F400.000
G1 X21.215 Y57.157 Z-0.200 F400.000
G1 X21.204 Y57.048 Z-0.200 F400.000
G1 X21.204 Y54.157 Z-0.200 F400.000
G1 X21.207 Y54.097 Z-0.200 F400.000
G1 X21.210 Y54.079 Z-0.200 F400.000
G1 X21.215 Y54.062 Z-0.200 F400.000
G1 X21.238 Y54.006 Z-0.200 F400.000
G1 X25.159 Y45.591 Z-0.200 F400.000
G1 X25.286 Y45.250 Z-0.200 F400.000
G1 X25.375 Y44.897 Z-0.200 F400.000
G1 X25.425 Y44.537 Z-0.200 F400.000
G1 X25.438 Y44.260 Z-0.200 F400.000
G1 X25.430 Y35.624 Z-0.200 F400.000
G1 X25.396 Y35.283 Z-0.200 F400.000
G1 X25.336 Y34.977 Z-0.200 F400.000
G1 X25.236 Y34.649 Z-0.200 F400.000
G1 X25.117 Y34.362 Z-0.200 F400.000
G1 X24.955 Y34.059 Z-0.200 F400.000
G1 X24.782 Y33.800 Z-0.200 F400.000
G1 X24.565 Y33.535 Z-0.200 F400.000
G1 X24.345 Y33.315 Z-0.200 F400.000
G1 X24.079 Y33.097 Z-0.200 F400.000
G1 X23.821 Y32.924 Z-0.200 F400.000
G1 X23.518 Y32.763 Z-0.200 F400.000
G1 X23.231 Y32.644 Z-0.200 F400.000
G1 X22.902 Y32.544 Z-0.200 F400.000
G1 X22.597 Y32.483 Z-0.200 F400.000
G1 X22.100 Y32.442 Z-0.200 F400.000
G1 X19.328 Y32.442 Z-0.200 F400.000
G1 X19.220 Y32.431 Z-0.200 F400.000
G1 X19.191 Y32.423 Z-0.200 F400.000
G1 X19.164 Y32.408 Z-0.200 F400.000
G1 X19.141 Y32.389 Z-0.200 F400.000
G1 X19.121 Y32.366 Z-0.200 F400.000
G1 X19.107 Y32.339 Z-0.200 F400.000
G1 X19.098 Y32.310 Z-0.200 F400.000
G1 X19.087 Y32.202 Z-0.200 F400.000
G1 X19.087 Y30.495 Z-0.200 F400.000
G1 X19.098 Y30.387 Z-0.200 F400.000
G1 X19.107 Y30.358 Z-0.200 F400.000
G1 X19.121 Y30.331 Z-0.200 F400.000
G1 X19.141 Y30.308 Z-0.200 F400.000
G1 X19.164 Y30.288 Z-0.200 F400.000
G1 X19.191 Y30.274 Z-0.200 F400.000
G1 X19.220 Y30.265 Z-0.200 F400.000
G1 X19.330 Y30.254 Z-0.200 F400.000
G1 X22.256 Y30.247 Z-0.200 F400.000
G1 X22.597 Y30.213 Z-0.200 F400.000
G1 X22.902 Y30.153 Z-0.200 F400.000
G1 X23.231 Y30.053 Z-0.200 F400.000
G1 X23.518 Y29.934 Z-0.200 F400.000
G1 X23.821 Y29.772 Z-0.200 F400.000
G1 X24.079 Y29.599 Z-0.200 F400.000
G1 X24.345 Y29.382 Z-0.200 F400.000
G1 X24.565 Y29.162 Z-0.200 F400.000
G1 X24.782 Y28.896 Z-0.200 F400.000
G1 X24.955 Y28.638 Z-0.200 F400.000
G1 X25.117 Y28.335 Z-0.200 F400.000
G1 X25.236 Y28.048 Z-0.200 F400.000
G1 X25.336 Y27.719 Z-0.200 F400.000
G1 X25.396 Y27.414 Z-0.200 F400.000
G1 X25.438 Y26.917 Z-0.200 F400.000
G1 X25.438 Y3.000 Z-0.200 F400.000
G0 Z5.000
G0 X25.438 Y228.000
G0 Z3.000
G1 X25.438 Y228.000 Z-0.400 F250.000
G1 X25.438 Y213.812 Z-0.400 F400.000
G1 X25.424 Y213.605 Z-0.400 F400.000
G1 X25.390 Y213.346 Z-0.400 F400.000
G1 X25.283 Y212.946 Z-0.400 F400.000
G1 X25.183 Y212.705 Z-0.400 F400.000
G1 X24.975 Y212.346 Z-0.400 F400.000
G1 X24.817 Y212.139 Z-0.400 F400.000
G1 X24.524 Y211.846 Z-0.400 F400.000
G1 X24.316 Y211.687 Z-0.400 F400.000
G1 X23.958 Y211.480 Z-0.400 F400.000
G1 X23.716 Y211.380 Z-0.400 F400.000
G1 X23.316 Y211.273 Z-0.400 F400.000
G1 X23.057 Y211.239 Z-0.400 F400.000
G1 X22.850 Y211.225 Z-0.400 F400.000
G1 X21.445 Y211.225 Z-0.400 F400.000
G1 X21.336 Y211.214 Z-0.400 F400.000
G1 X21.307 Y211.206 Z-0.400 F400.000
G1 X21.281 Y211.191 Z-0.400 F400.000
G1 X21.257 Y211.172 Z-0.400 F400.000
G1 X21.238 Y211.149 Z-0.400 F400.000
G1 X21.224 Y211.122 Z-0.400 F400.000
G1 X21.215 Y211.093 Z-0.400 F400.000
G1 X21.204 Y210.985 Z-0.400 F400.000
G1 X21.204 Y208.093 Z-0.400 F400.000
G1 X21.207 Y208.033 Z-0.400 F400.000
G1 X21.210 Y208.015 Z-0.400 F400.000
G1 X21.215 Y207.999 Z-0.400 F400.000
G1 X21.238 Y207.942 Z-0.400 F400.000
G1 X25.159 Y199.527 Z-0.400 F400.000
G1 X25.286 Y199.186 Z-0.400 F400.000
G1 X25.375 Y198.833 Z-0.400 F400.000
G1 X25.425 Y198.473 Z-0.400 F400.000
G1 X25.438 Y198.196 Z-0.400 F400.000
G1 X25.438 Y175.328 Z-0.400 F400.000
G1 X25.424 Y175.121 Z-0.400 F400.000
G1 X25.390 Y174.862 Z-0.400 F400.000
G1 X25.283 Y174.462 Z-0.400 F400.000
G1 X25.183 Y174.221 Z-0.400 F400.000
G1 X24.975 Y173.862 Z-0.400 F400.000
G1 X24.817 Y173.655 Z-0.400 F400.000
G1 X24.524 Y173.362 Z-0.400 F400.000
G1 X24.316 Y173.203 Z-0.400 F400.000
G1 X23.958 Y172.996 Z-0.400 F400.000
G1 X23.716 Y172.896 Z-0.400 F400.000
G1 X23.316 Y172.789 Z-0.400 F400.000
G1 X23.057 Y172.755 Z-0.400 F400.000
G1 X22.850 Y172.741 Z-0.400 F400.000
G1 X21.445 Y172.741 Z-0.400 F400.000
G1 X21.336 Y172.730 Z-0.400 F400.000
G1 X21.307 Y172.722 Z-0.400 F400.000
G1 X21.281 Y172.707 Z-0.400 F400.000
G1 X21.257 Y172.688 Z-0.400 F400.000
G1 X21.238 Y172.664 Z-0.400 F400.000
G1 X21.224 Y172.638 Z-0.400 F400.000
G1 X21.215 Y172.609 Z-0.400 F400.000
G1 X21.204 Y172.500 Z-0.400 F400.000
G1 X21.204 Y169.609 Z-0.400 F400.000
G1 X21.207 Y169.549 Z-0.400 F400.000
G1 X21.210 Y169.531 Z-0.400 F400.000
G1 X21.215 Y169.515 Z-0.400 F400.000
G1 X21.238 Y169.458 Z-0.400 F400.000
G1 X25.159 Y161.043 Z-0.400 F400.000
G1 X25.286 Y160.702 Z-0.400 F400.000
G1 X25.375 Y160.349 Z-0.400 F400.000
G1 X25.425 Y159.989 Z-0.400 F400.000
G1 X25.438 Y159.712 Z-0.400 F400.000
G1 X25.438 Y136.844 Z-0.400 F400.000
G1 X25.424 Y136.637 Z-0.400 F400.000
G1 X25.390 Y136.378 Z-0.400 F400.000
G1 X25.283 Y135.978 Z-0.400 F400.000
G1 X25.183 Y135.737 Z-0.400 F400.000
G1 X24.975 Y135.378 Z-0.400 F400.000
G1 X24.817 Y135.171 Z-0.400 F400.000
G1 X24.524 Y134.878 Z-0.400 F400.000
G1 X24.316 Y134.719 Z-0.400 F400.000
G1 X23.958 Y134.512 Z-0.400 F400.000
G1 X23.716 Y134.412 Z-0.400 F400.000
G1 X23.316 Y134.305 Z-0.400 F400.000
G1 X23.057 Y134.271 Z-0.400 F400.000
G1 X22.850 Y134.257 Z-0.400 F400.000
G1 X21.445 Y134.257 Z-0.400 F400.000
G1 X21.336 Y134.246 Z-0.400 F400.000
G1 X21.307 Y134.238 Z-0.400 F400.000
G1 X21.281 Y134.223 Z-0.400 F400.000
G1 X21.257 Y134.204 Z-0.400 F400.000
G1 X21.238 Y134.180 Z-0.400 F400.000
G1 X21.224 Y134.154 Z-0.400 F400.000
G1 X21.215 Y134.125 Z-0.400 F400.000
G1 X21.204 Y134.016 Z-0.400 F400.000
G1 X21.204 Y131.125 Z-0.400 F400.000
G1 X21.207 Y131.065 Z-0.400 F400.000
G1 X21.210 Y131.047 Z-0.400 F400.000
G1 X21.215 Y131.031 Z-0.400 F400.000
G1 X21.238 Y130.974 Z-0.400 F400.000
G1 X25.159 Y122.559 Z-0.400 F400.000
G1 X25.286 Y122.218 Z-0.400 F400.000
G1 X25.375 Y121.865 Z-0.400 F400.000
G1 X25.425 Y121.505 Z-0.400 F400.000
G1 X25.438 Y121.228 Z-0.400 F400.000
G1 X25.438 Y98.360 Z-0.400 F400.000
G1 X25.424 Y98.153 Z-0.400 F400.000
G1 X25.390 Y97.894 Z-0.400 F400.000
G1 X25.283 Y97.494 Z-0.400 F400.000
G1 X25.183 Y97.253 Z-0.400 F400.000
G1 X24.975 Y96.894 Z-0.400 F400.000
G1 X24.817 Y96.687 Z-0.400 F400.000
G1 X24.524 Y96.394 Z-0.400 F400.000
G1 X24.316 Y96.235 Z-0.400 F400.000
G1 X23.958 Y96.028 Z-0.400 F400.000
G1 X23.716 Y95.928 Z-0.400 F400.000
G1 X23.316 Y95.821 Z-0.400 F400.000
G1 X23.057 Y95.787 Z-0.400 F400.000
G1 X22.850 Y95.773 Z-0.400 F400.000
G1 X21.445 Y95.773 Z-0.400 F400.000
G1 X21.336 Y95.762 Z-0.400 F400.000
G1 X21.307 Y95.753 Z-0.400 F400.000
G1 X21.281 Y95.739 Z-0.400 F400.000
G1 X21.257 Y95.720 Z-0.400 F400.000
G1 X21.238 Y95.696 Z-0.400 F400.000
G1 X21.224 Y95.670 Z-0.400 F400.000
G1 X21.215 Y95.641 Z-0.400 F400.000
G1 X21.204 Y95.532 Z-0.400 F400.000
G1 X21.204 Y92.641 Z-0.400 F400.000
G1 X21.207 Y92.581 Z-0.400 F400.000
G1 X21.210 Y92.563 Z-0.400 F400.000
G1 X21.215 Y92.546 Z-0.400 F400.000
G1 X21.238 Y92.490 Z-0.400 F400.000
G1 X25.159 Y84.075 Z-0.400 F400.000
G1 X25.286 Y83.734 Z-0.400 F400.000
G1 X25.375 Y83.381 Z-0.400 F400.000
G1 X25.425 Y83.021 Z-0.400 F400.000
G1 X25.438 Y82.744 Z-0.400 F400.000
G1 X25.438 Y59.876 Z-0.400 F400.000
G1 X25.424 Y59.669 Z-0.400 F400.000
G1 X25.390 Y59.410 Z-0.400 F400.000
G1 X25.283 Y59.010 Z-0.400 F400.000
G1 X25.183 Y58.769 Z-0.400 F400.000
G1 X24.975 Y58.410 Z-0.400 F400.000
G1 X24.817 Y58.203 Z-0.400 F400.000
G1 X24.524 Y57.910 Z-0.400 F400.000
G1 X24.316 Y57.751 Z-0.400 F400.000
G1 X23.958 Y57.544 Z-0.400 F400.000
G1 X23.716 Y57.444 Z-0.400 F400.000
G1 X23.316 Y57.337 Z-0.400 F400.000
G1 X23.057 Y57.303 Z-0.400 F400.000
G1 X22.850 Y57.289 Z-0.400 F400.000
G1 X21.445 Y57.289 Z-0.400 F400.000
G1 X21.336 Y57.278 Z-0.400 F400.000
G1 X21.307 Y57.269 Z-0.400 F400.000
G1 X21.281 Y57.255 Z-0.400 F400.000
G1 X21.257 Y57.236 Z-0.400 F400.000
G1 X21.238 Y57.212 Z-0.400 F400.000
G1 X21.224 Y57.186 Z-0.400 F400.000
G1 X21.215 Y57.157 Z-0.400 F400.000
G1 X21.204 Y57.048 Z-0.400 F400.000
G1 X21.204 Y54.157 Z-0.400 F400.000
G1 X21.207 Y54.097 Z-0.400 F400.000
G1 X21.210 Y54.079 Z-0.400 F400.000
G1 X21.215 Y54.062 Z-0.400 F400.000
G1 X21.238 Y54.006 Z-0.400 F400.000
G1 X25.159 Y45.591 Z-0.400 F400.000
G1 X25.286 Y45.250 Z-0.400 F400.000
G1 X25.375 Y44.897 Z-0.400 F400.000
G1 X25.425 Y44.537 Z-0.400 F400.000
G1 X25.438 Y44.260 Z-0.400 F400.000
G1 X25.430 Y35.624 Z-0.400 F400.000
G1 X25.396 Y35.283 Z-0.400 F400.000
G1 X25.336 Y34.977 Z-0.400 F400.000
G1 X25.236 Y34.649 Z-0.400 F400.000
G1 X25.117 Y34.362 Z-0.400 F400.000
G1 X24.955 Y34.059 Z-0.400 F400.000
G1 X24.782 Y33.800 Z-0.400 F400.000
G1 X24.565 Y33.535 Z-0.400 F400.000
G1 X24.345 Y33.315 Z-0.400 F400.000
G1 X24.079 Y33.097 Z-0.400 F400.000
G1 X23.821 Y32.924 Z-0.400 F400.000
G1 X23.518 Y32.763 Z-0.400 F400.000
G1 X23.231 Y32.644 Z-0.400 F400.000
G1 X22.902 Y32.544 Z-0.400 F400.000
G1 X22.597 Y32.483 Z-0.400 F400.000
G1 X22.100 Y32.442 Z-0.400 F400.000
G1 X19.328 Y32.442 Z-0.400 F400.000
G1 X19.220 Y32.431 Z-0.400 F400.000
G1 X19.191 Y32.423 Z-0.400 F400.000
G1 X19.164 Y32.408 Z-0.400 F400.000
G1 X19.141 Y32.389 Z-0.400 F400.000
G1 X19.121 Y32.366 Z-0.400 F400.000
G1 X19.107 Y32.339 Z-0.400 F400.000
G1 X19.098 Y32.310 Z-0.400 F400.000
G1 X19.087 Y32.202 Z-0.400 F400.000
G1 X19.087 Y30.495 Z-0.400 F400.000
G1 X19.098 Y30.387 Z-0.400 F400.000
G1 X19.107 Y30.358 Z-0.400 F400.000
G1 X19.121 Y30.331 Z-0.400 F400.000
G1 X19.141 Y30.308 Z-0.400 F400.000
G1 X19.164 Y30.288 Z-0.400 F400.000
G1 X19.191 Y30.274 Z-0.400 F400.000
G1 X19.220 Y30.265 Z-0.400 F400.000
G1 X19.330 Y30.254 Z-0.400 F400.000
G1 X22.256 Y30.247 Z-0.400 F400.000
G1 X22.597 Y30.213 Z-0.400 F400.000
G1 X22.902 Y30.153 Z-0.400 F400.000
G1 X23.231 Y30.053 Z-0.400 F400.000
G1 X23.518 Y29.934 Z-0.400 F400.000
G1 X23.821 Y29.772 Z-0.400 F400.000
G1 X24.079 Y29.599 Z-0.400 F400.000
G1 X24.345 Y29.382 Z-0.400 F400.000
G1 X24.565 Y29.162 Z-0.400 F400.000
G1 X24.782 Y28.896 Z-0.400 F400.000
G1 X24.955 Y28.638 Z-0.400 F400.000
G1 X25.117 Y28.335 Z-0.400 F400.000
G1 X25.236 Y28.048 Z-0.400 F400.000
G1 X25.336 Y27.719 Z-0.400 F400.000
G1 X25.396 Y27.414 Z-0.400 F400.000
G1 X25.438 Y26.917 Z-0.400 F400.000
G1 X25.438 Y3.000 Z-0.400 F400.000
G0 Z5.000
G0 X25.438 Y228.000
G0 Z3.000
G1 X25.438 Y228.000 Z-0.600 F250.000
G1 X25.438 Y213.812 Z-0.600 F400.000
G1 X25.424 Y213.605 Z-0.600 F400.000
G1 X25.390 Y213.346 Z-0.600 F400.000
G1 X25.283 Y212.946 Z-0.600 F400.000
G1 X25.183 Y212.705 Z-0.600 F400.000
G1 X24.975 Y212.346 Z-0.600 F400.000
G1 X24.817 Y212.139 Z-0.600 F400.000
G1 X24.524 Y211.846 Z-0.600 F400.000
G1 X24.316 Y211.687 Z-0.600 F400.000
G1 X23.958 Y211.480 Z-0.600 F400.000
G1 X23.716 Y211.380 Z-0.600 F400.000
G1 X23.316 Y211.273 Z-0.600 F400.000
G1 X23.057 Y211.239 Z-0.600 F400.000
G1 X22.850 Y211.225 Z-0.600 F400.000
G1 X21.445 Y211.225 Z-0.600 F400.000
G1 X21.336 Y211.214 Z-0.600 F400.000
G1 X21.307 Y211.206 Z-0.600 F400.000
G1 X21.281 Y211.191 Z-0.600 F400.000
G1 X21.257 Y211.172 Z-0.600 F400.000
G1 X21.238 Y211.149 Z-0.600 F400.000
G1 X21.224 Y211.122 Z-0.600 F400.000
G1 X21.215 Y211.093 Z-0.600 F400.000
G1 X21.204 Y210.985 Z-0.600 F400.000
G1 X21.204 Y208.093 Z-0.600 F400.000
G1 X21.207 Y208.033 Z-0.600 F400.000
G1 X21.210 Y208.015 Z-0.600 F400.000
G1 X21.215 Y207.999 Z-0.600 F400.000
G1 X21.238 Y207.942 Z-0.600 F400.000
G1 X25.159 Y199.527 Z-0.600 F400.000
G1 X25.286 Y199.186 Z-0.600 F400.000
G1 X25.375 Y198.833 Z-0.600 F400.000
G1 X25.425 Y198.473 Z-0.600 F400.000
G1 X25.438 Y198.196 Z-0.600 F400.000
G1 X25.438 Y175.328 Z-0.600 F400.000
G1 X25.424 Y175.121 Z-0.600 F400.000
G1 X25.390 Y174.862 Z-0.600 F400.000
G1 X25.283 Y174.462 Z-0.600 F400.000
G1 X25.183 Y174.221 Z-0.600 F400.000
G1 X24.975 Y173.862 Z-0.600 F400.000
G1 X24.817 Y173.655 Z-0.600 F400.000
G1 X24.524 Y173.362 Z-0.600 F400.000
G1 X24.316 Y173.203 Z-0.600 F400.000
G1 X23.958 Y172.996 Z-0.600 F400.000
G1 X23.716 Y172.896 Z-0.600 F400.000
G1 X23.316 Y172.789 Z-0.600 F400.000
G1 X23.057 Y172.755 Z-0.600 F400.000
G1 X22.850 Y172.741 Z-0.600 F400.000
G1 X21.445 Y172.741 Z-0.600 F400.000
G1 X21.336 Y172.730 Z-0.600 F400.000
G1 X21.307 Y172.722 Z-0.600 F400.000
G1 X21.281 Y172.707 Z-0.600 F400.000
G1 X21.257 Y172.688 Z-0.600 F400.000
G1 X21.238 Y172.664 Z-0.600 F400.000
G1 X21.224 Y172.638 Z-0.600 F400.000
G1 X21.215 Y172.609 Z-0.600 F400.000
G1 X21.204 Y172.500 Z-0.600 F400.000
G1 X21.204 Y169.609 Z-0.600 F400.000
G1 X21.207 Y169.549 Z-0.600 F400.000
G1 X21.210 Y169.531 Z-0.600 F400.000
G1 X21.215 Y169.515 Z-0.600 F400.000
G1 X21.238 Y169.458 Z-0.600 F400.000
G1 X25.159 Y161.043 Z-0.600 F400.000
G1 X25.286 Y160.702 Z-0.600 F400.000
G1 X25.375 Y160.349 Z-0.600 F400.000
G1 X25.425 Y159.989 Z-0.600 F400.000
G1 X25.438 Y159.712 Z-0.600 F400.000
G1 X25.438 Y136.844 Z-0.600 F400.000
G1 X25.424 Y136.637 Z-0.600 F400.000
G1 X25.390 Y136.378 Z-0.600 F400.000
G1 X25.283 Y135.978 Z-0.600 F400.000
G1 X25.183 Y135.737 Z-0.600 F400.000
G1 X24.975 Y135.378 Z-0.600 F400.000
G1 X24.817 Y135.171 Z-0.600 F400.000
G1 X24.524 Y134.878 Z-0.600 F400.000
G1 X24.316 Y134.719 Z-0.600 F400.000
G1 X23.958 Y134.512 Z-0.600 F400.000
G1 X23.716 Y134.412 Z-0.600 F400.000
G1 X23.316 Y134.305 Z-0.600 F400.000
G1 X23.057 Y134.271 Z-0.600 F400.000
G1 X22.850 Y134.257 Z-0.600 F400.000
G1 X21.445 Y134.257 Z-0.600 F400.000
G1 X21.336 Y134.246 Z-0.600 F400.000
G1 X21.307 Y134.238 Z-0.600 F400.000
G1 X21.281 Y134.223 Z-0.600 F400.000
G1 X21.257 Y134.204 Z-0.600 F400.000
G1 X21.238 Y134.180 Z-0.600 F400.000
G1 X21.224 Y134.154 Z-0.600 F400.000
G1 X21.215 Y134.125 Z-0.600 F400.000
G1 X21.204 Y134.016 Z-0.600 F400.000
G1 X21.204 Y131.125 Z-0.600 F400.000
G1 X21.207 Y131.065 Z-0.600 F400.000
G1 X21.210 Y131.047 Z-0.600 F400.000
G1 X21.215 Y131.031 Z-0.600 F400.000
G1 X21.238 Y130.974 Z-0.600 F400.000
G1 X25.159 Y122.559 Z-0.600 F400.000
G1 X25.286 Y122.218 Z-0.600 F400.000
G1 X25.375 Y121.865 Z-0.600 F400.000
G1 X25.425 Y121.505 Z-0.600 F400.000
G1 X25.438 Y121.228 Z-0.600 F400.000
G1 X25.438 Y98.360 Z-0.600 F400.000
G1 X25.424 Y98.153 Z-0.600 F400.000
G1 X25.390 Y97.894 Z-0.600 F400.000
G1 X25.283 Y97.494 Z-0.600 F400.000
G1 X25.183 Y97.253 Z-0.600 F400.000
G1 X24.975 Y96.894 Z-0.600 F400.000
G1 X24.817 Y96.687 Z-0.600 F400.000
G1 X24.524 Y96.394 Z-0.600 F400.000
G1 X24.316 Y96.235 Z-0.600 F400.000
G1 X23.958 Y96.028 Z-0.600 F400.000
G1 X23.716 Y95.928 Z-0.600 F400.000
G1 X23.316 Y95.821 Z-0.600 F400.000
G1 X23.057 Y95.787 Z-0.600 F400.000
G1 X22.850 Y95.773 Z-0.600 F400.000
G1 X21.445 Y95.773 Z-0.600 F400.000
G1 X21.336 Y95.762 Z-0.600 F400.000
G1 X21.307 Y95.753 Z-0.600 F400.000
G1 X21.281 Y95.739 Z-0.600 F400.000
G1 X21.257 Y95.720 Z-0.600 F400.000
G1 X21.238 Y95.696 Z-0.600 F400.000
G1 X21.224 Y95.670 Z-0.600 F400.000
G1 X21.215 Y95.641 Z-0.600 F400.000
G1 X21.204 Y95.532 Z-0.600 F400.000
G1 X21.204 Y92.641 Z-0.600 F400.000
G1 X21.207 Y92.581 Z-0.600 F400.000
G1 X21.210 Y92.563 Z-0.600 F400.000
G1 X21.215 Y92.546 Z-0.600 F400.000
G1 X21.238 Y92.490 Z-0.600 F400.000
G1 X25.159 Y84.075 Z-0.600 F400.000
G1 X25.286 Y83.734 Z-0.600 F400.000
G1 X25.375 Y83.381 Z-0.600 F400.000
G1 X25.425 Y83.021 Z-0.600 F400.000
G1 X25.438 Y82.744 Z-0.600 F400.000
G1 X25.438 Y59.876 Z-0.600 F400.000
G1 X25.424 Y59.669 Z-0.600 F400.000
G1 X25.390 Y59.410 Z-0.600 F400.000
G1 X25.283 Y59.010 Z-0.600 F400.000
G1 X25.183 Y58.769 Z-0.600 F400.000
G1 X24.975 Y58.410 Z-0.600 F400.000
G1 X24.817 Y58.203 Z-0.600 F400.000
G1 X24.524 Y57.910 Z-0.600 F400.000
G1 X24.316 Y57.751 Z-0.600 F400.000
G1 X23.958 Y57.544 Z-0.600 F400.000
G1 X23.716 Y57.444 Z-0.600 F400.000
G1 X23.316 Y57.337 Z-0.600 F400.000
G1 X23.057 Y57.303 Z-0.600 F400.000
G1 X22.850 Y57.289 Z-0.600 F400.000
G1 X21.445 Y57.289 Z-0.600 F400.000
G1 X21.336 Y57.278 Z-0.600 F400.000
G1 X21.307 Y57.269 Z-0.600 F400.000
G1 X21.281 Y57.255 Z-0.600 F400.000
G1 X21.257 Y57.236 Z-0.600 F400.000
G1 X21.238 Y57.212 Z-0.600 F400.000
G1 X21.224 Y57.186 Z-0.600 F400.000
G1 X21.215 Y57.157 Z-0.600 F400.000
G1 X21.204 Y57.048 Z-0.600 F400.000
G1 X21.204 Y54.157 Z-0.600 F400.000
G1 X21.207 Y54.097 Z-0.600 F400.000
G1 X21.210 Y54.079 Z-0.600 F400.000
G1 X21.215 Y54.062 Z-0.600 F400.000
G1 X21.238 Y54.006 Z-0.600 F400.000
G1 X25.159 Y45.591 Z-0.600 F400.000
G1 X25.286 Y45.250 Z-0.600 F400.000
G1 X25.375 Y44.897 Z-0.600 F400.000
G1 X25.425 Y44.537 Z-0.600 F400.000
G1 X25.438 Y44.260 Z-0.600 F400.000
G1 X25.430 Y35.624 Z-0.600 F400.000
G1 X25.396 Y35.283 Z-0.600 F400.000
G1 X25.336 Y34.977 Z-0.600 F400.000
G1 X25.236 Y34.649 Z-0.600 F400.000
G1 X25.117 Y34.362 Z-0.600 F400.000
G1 X24.955 Y34.059 Z-0.600 F400.000
G1 X24.782 Y33.800 Z-0.600 F400.000
G1 X24.565 Y33.535 Z-0.600 F400.000
G1 X24.345 Y33.315 Z-0.600 F400.000
G1 X24.079 Y33.097 Z-0.600 F400.000
G1 X23.821 Y32.924 Z-0.600 F400.000
G1 X23.518 Y32.763 Z-0.600 F400.000
G1 X23.231 Y32.644 Z-0.600 F400.000
G1 X22.902 Y32.544 Z-0.600 F400.000
G1 X22.597 Y32.483 Z-0.600 F400.000
G1 X22.100 Y32.442 Z-0.600 F400.000
G1 X19.328 Y32.442 Z-0.600 F400.000
G1 X19.220 Y32.431 Z-0.600 F400.000
G1 X19.191 Y32.423 Z-0.600 F400.000
G1 X19.164 Y32.408 Z-0.600 F400.000
G1 X19.141 Y32.389 Z-0.600 F400.000
G1 X19.121 Y32.366 Z-0.600 F400.000
G1 X19.107 Y32.339 Z-0.600 F400.000
G1 X19.098 Y32.310 Z-0.600 F400.000
G1 X19.087 Y32.202 Z-0.600 F400.000
G1 X19.087 Y30.495 Z-0.600 F400.000
G1 X19.098 Y30.387 Z-0.600 F400.000
G1 X19.107 Y30.358 Z-0.600 F400.000
G1 X19.121 Y30.331 Z-0.600 F400.000
G1 X19.141 Y30.308 Z-0.600 F400.000
G1 X19.164 Y30.288 Z-0.600 F400.000
G1 X19.191 Y30.274 Z-0.600 F400.000
G1 X19.220 Y30.265 Z-0.600 F400.000
G1 X19.330 Y30.254 Z-0.600 F400.000
G1 X22.256 Y30.247 Z-0.600 F400.000
G1 X22.597 Y30.213 Z-0.600 F400.000
G1 X22.902 Y30.153 Z-0.600 F400.000
G1 X23.231 Y30.053 Z-0.600 F400.000
G1 X23.518 Y29.934 Z-0.600 F400.000
G1 X23.821 Y29.772 Z-0.600 F400.000
G1 X24.079 Y29.599 Z-0.600 F400.000
G1 X24.345 Y29.382 Z-0.600 F400.000
G1 X24.565 Y29.162 Z-0.600 F400.000
G1 X24.782 Y28.896 Z-0.600 F400.000
G1 X24.955 Y28.638 Z-0.600 F400.000
G1 X25.117 Y28.335 Z-0.600 F400.000
G1 X25.236 Y28.048 Z-0.600 F400.000
G1 X25.336 Y27.719 Z-0.600 F400.000
G1 X25.396 Y27.414 Z-0.600 F400.000
G1 X25.438 Y26.917 Z-0.600 F400.000
G1 X25.438 Y3.000 Z-0.600 F400.000
G0 Z5.000
G0 X25.438 Y228.000
G0 Z3.000
G1 X25.438 Y228.000 Z-0.800 F250.000
G1 X25.438 Y213.812 Z-0.800 F400.000
G1 X25.424 Y213.605 Z-0.800 F400.000
G1 X25.390 Y213.346 Z-0.800 F400.000
G1 X25.283 Y212.946 Z-0.800 F400.000
G1 X25.183 Y212.705 Z-0.800 F400.000
G1 X24.975 Y212.346 Z-0.800 F400.000
G1 X24.817 Y212.139 Z-0.800 F400.000
G1 X24.524 Y211.846 Z-0.800 F400.000
G1 X24.316 Y211.687 Z-0.800 F400.000
G1 X23.958 Y211.480 Z-0.800 F400.000
G1 X23.716 Y211.380 Z-0.800 F400.000
G1 X23.316 Y211.273 Z-0.800 F400.000
G1 X23.057 Y211.239 Z-0.800 F400.000
G1 X22.850 Y211.225 Z-0.800 F400.000
G1 X21.445 Y211.225 Z-0.800 F400.000
G1 X21.336 Y211.214 Z-0.800 F400.000
G1 X21.307 Y211.206 Z-0.800 F400.000
G1 X21.281 Y211.191 Z-0.800 F400.000
G1 X21.257 Y211.172 Z-0.800 F400.000
G1 X21.238 Y211.149 Z-0.800 F400.000
G1 X21.224 Y211.122 Z-0.800 F400.000
G1 X21.215 Y211.093 Z-0.800 F400.000
G1 X21.204 Y210.985 Z-0.800 F400.000
G1 X21.204 Y208.093 Z-0.800 F400.000
G1 X21.207 Y208.033 Z-0.800 F400.000
G1 X21.210 Y208.015 Z-0.800 F400.000
G1 X21.215 Y207.999 Z-0.800 F400.000
G1 X21.238 Y207.942 Z-0.800 F400.000
G1 X25.159 Y199.527 Z-0.800 F400.000
G1 X25.286 Y199.186 Z-0.800 F400.000
G1 X25.375 Y198.833 Z-0.800 F400.000
G1 X25.425 Y198.473 Z-0.800 F400.000
G1 X25.438 Y198.196 Z-0.800 F400.000
G1 X25.438 Y175.328 Z-0.800 F400.000
G1 X25.424 Y175.121 Z-0.800 F400.000
G1 X25.390 Y174.862 Z-0.800 F400.000
G1 X25.283 Y174.462 Z-0.800 F400.000
G1 X25.183 Y174.221 Z-0.800 F400.000
G1 X24.975 Y173.862 Z-0.800 F400.000
G1 X24.817 Y173.655 Z-0.800 F400.000
G1 X24.524 Y173.362 Z-0.800 F400.000
G1 X24.316 Y173.203 Z-0.800 F400.000
G1 X23.958 Y172.996 Z-0.800 F400.000
G1 X23.716 Y172.896 Z-0.800 F400.000
G1 X23.316 Y172.789 Z-0.800 F400.000
G1 X23.057 Y172.755 Z-0.800 F400.000
G1 X22.850 Y172.741 Z-0.800 F400.000
G1 X21.445 Y172.741 Z-0.800 F400.000
G1 X21.336 Y172.730 Z-0.800 F400.000
G1 X21.307 Y172.722 Z-0.800 F400.000
G1 X21.281 Y172.707 Z-0.800 F400.000
G1 X21.257 Y172.688 Z-0.800 F400.000
G1 X21.238 Y172.664 Z-0.800 F400.000
G1 X21.224 Y172.638 Z-0.800 F400.000
G1 X21.215 Y172.609 Z-0.800 F400.000
G1 X21.204 Y172.500 Z-0.800 F400.000
G1 X21.204 Y169.609 Z-0.800 F400.000
G1 X21.207 Y169.549 Z-0.800 F400.000
G1 X21.210 Y169.531 Z-0.800 F400.000
G1 X21.215 Y169.515 Z-0.800 F400.000
G1 X21.238 Y169.458 Z-0.800 F400.000
G1 X25.159 Y161.043 Z-0.800 F400.000
G1 X25.286 Y160.702 Z-0.800 F400.000
G1 X25.375 Y160.349 Z-0.800 F400.000
G1 X25.425 Y159.989 Z-0.800 F400.000
G1 X25.438 Y159.712 Z-0.800 F400.000
G1 X25.438 Y136.844 Z-0.800 F400.000
G1 X25.424 Y136.637 Z-0.800 F400.000
G1 X25.390 Y136.378 Z-0.800 F400.000
G1 X25.283 Y135.978 Z-0.800 F400.000
G1 X25.183 Y135.737 Z-0.800 F400.000
G1 X24.975 Y135.378 Z-0.800 F400.000
G1 X24.817 Y135.171 Z-0.800 F400.000
G1 X24.524 Y134.878 Z-0.800 F400.000
G1 X24.316 Y134.719 Z-0.800 F400.000
G1 X23.958 Y134.512 Z-0.800 F400.000
G1 X23.716 Y134.412 Z-0.800 F400.000
G1 X23.316 Y134.305 Z-0.800 F400.000
G1 X23.057 Y134.271 Z-0.800 F400.000
G1 X22.850 Y134.257 Z-0.800 F400.000
G1 X21.445 Y134.257 Z-0.800 F400.000
G1 X21.336 Y134.246 Z-0.800 F400.000
G1 X21.307 Y134.238 Z-0.800 F400.000
G1 X21.281 Y134.223 Z-0.800 F400.000
G1 X21.257 Y134.204 Z-0.800 F400.000
G1 X21.238 Y134.180 Z-0.800 F400.000
G1 X21.224 Y134.154 Z-0.800 F400.000
G1 X21.215 Y134.125 Z-0.800 F400.000
G1 X21.204 Y134.016 Z-0.800 F400.000
G1 X21.204 Y131.125 Z-0.800 F400.000
G1 X21.207 Y131.065 Z-0.800 F400.000
G1 X21.210 Y131.047 Z-0.800 F400.000
G1 X21.215 Y131.031 Z-0.800 F400.000
G1 X21.238 Y130.974 Z-0.800 F400.000
G1 X25.159 Y122.559 Z-0.800 F400.000
G1 X25.286 Y122.218 Z-0.800 F400.000
G1 X25.375 Y121.865 Z-0.800 F400.000
G1 X25.425 Y121.505 Z-0.800 F400.000
G1 X25.438 Y121.228 Z-0.800 F400.000
G1 X25.438 Y98.360 Z-0.800 F400.000
G1 X25.424 Y98.153 Z-0.800 F400.000
G1 X25.390 Y97.894 Z-0.800 F400.000
G1 X25.283 Y97.494 Z-0.800 F400.000
G1 X25.183 Y97.253 Z-0.800 F400.000
G1 X24.975 Y96.894 Z-0.800 F400.000
G1 X24.817 Y96.687 Z-0.800 F400.000
G1 X24.524 Y96.394 Z-0.800 F400.000
G1 X24.316 Y96.235 Z-0.800 F400.000
G1 X23.958 Y96.028 Z-0.800 F400.000
G1 X23.716 Y95.928 Z-0.800 F400.000
G1 X23.316 Y95.821 Z-0.800 F400.000
G1 X23.057 Y95.787 Z-0.800 F400.000
G1 X22.850 Y95.773 Z-0.800 F400.000
G1 X21.445 Y95.773 Z-0.800 F400.000
G1 X21.336 Y95.762 Z-0.800 F400.000
G1 X21.307 Y95.753 Z-0.800 F400.000
G1 X21.281 Y95.739 Z-0.800 F400.000
G1 X21.257 Y95.720 Z-0.800 F400.000
G1 X21.238 Y95.696 Z-0.800 F400.000
G1 X21.224 Y95.670 Z-0.800 F400.000
G1 X21.215 Y95.641 Z-0.800 F400.000
G1 X21.204 Y95.532 Z-0.800 F400.000
G1 X21.204 Y92.641 Z-0.800 F400.000
G1 X21.207 Y92.581 Z-0.800 F400.000
G1 X21.210 Y92.563 Z-0.800 F400.000
G1 X21.215 Y92.546 Z-0.800 F400.000
G1 X21.238 Y92.490 Z-0.800 F400.000
G1 X25.159 Y84.075 Z-0.800 F400.000
G1 X25.286 Y83.734 Z-0.800 F400.000
G1 X25.375 Y83.381 Z-0.800 F400.000
G1 X25.425 Y83.021 Z-0.800 F400.000
G1 X25.438 Y82.744 Z-0.800 F400.000
G1 X25.438 Y59.876 Z-0.800 F400.000
G1 X25.424 Y59.669 Z-0.800 F400.000
G1 X25.390 Y59.410 Z-0.800 F400.000
G1 X25.283 Y59.010 Z-0.800 F400.000
G1 X25.183 Y58.769 Z-0.800 F400.000
G1 X24.975 Y58.410 Z-0.800 F400.000
G1 X24.817 Y58.203 Z-0.800 F400.000
G1 X24.524 Y57.910 Z-0.800 F400.000
G1 X24.316 Y57.751 Z-0.800 F400.000
G1 X23.958 Y57.544 Z-0.800 F400.000
G1 X23.716 Y57.444 Z-0.800 F400.000
G1 X23.316 Y57.337 Z-0.800 F400.000
G1 X23.057 Y57.303 Z-0.800 F400.000
G1 X22.850 Y57.289 Z-0.800 F400.000
G1 X21.445 Y57.289 Z-0.800 F400.000
G1 X21.336 Y57.278 Z-0.800 F400.000
G1 X21.307 Y57.269 Z-0.800 F400.000
G1 X21.281 Y57.255 Z-0.800 F400.000
G1 X21.257 Y57.236 Z-0.800 F400.000
G1 X21.238 Y57.212 Z-0.800 F400.000
G1 X21.224 Y57.186 Z-0.800 F400.000
G1 X21.215 Y57.157 Z-0.800 F400.000
G1 X21.204 Y57.048 Z-0.800 F400.000
G1 X21.204 Y54.157 Z-0.800 F400.000
G1 X21.207 Y54.097 Z-0.800 F400.000
G1 X21.210 Y54.079 Z-0.800 F400.000
G1 X21.215 Y54.062 Z-0.800 F400.000
G1 X21.238 Y54.006 Z-0.800 F400.000
G1 X25.159 Y45.591 Z-0.800 F400.000
G1 X25.286 Y45.250 Z-0.800 F400.000
G1 X25.375 Y44.897 Z-0.800 F400.000
G1 X25.425 Y44.537 Z-0.800 F400.000
G1 X25.438 Y44.260 Z-0.800 F400.000
G1 X25.430 Y35.624 Z-0.800 F400.000
G1 X25.396 Y35.283 Z-0.800 F400.000
G1 X25.336 Y34.977 Z-0.800 F400.000
G1 X25.236 Y34.649 Z-0.800 F400.000
G1 X25.117 Y34.362 Z-0.800 F400.000
G1 X24.955 Y34.059 Z-0.800 F400.000
G1 X24.782 Y33.800 Z-0.800 F400.000
G1 X24.565 Y33.535 Z-0.800 F400.000
G1 X24.345 Y33.315 Z-0.800 F400.000
G1 X24.079 Y33.097 Z-0.800 F400.000
G1 X23.821 Y32.924 Z-0.800 F400.000
G1 X23.518 Y32.763 Z-0.800 F400.000
G1 X23.231 Y32.644 Z-0.800 F400.000
G1 X22.902 Y32.544 Z-0.800 F400.000
G1 X22.597 Y32.483 Z-0.800 F400.000
G1 X22.100 Y32.442 Z-0.800 F400.000
G1 X19.328 Y32.442 Z-0.800 F400.000
G1 X19.220 Y32.431 Z-0.800 F400.000
G1 X19.191 Y32.423 Z-0.800 F400.000
G1 X19.164 Y32.408 Z-0.800 F400.000
G1 X19.141 Y32.389 Z-0.800 F400.000
G1 X19.121 Y32.366 Z-0.800 F400.000
G1 X19.107 Y32.339 Z-0.800 F400.000
G1 X19.098 Y32.310 Z-0.800 F400.000
G1 X19.087 Y32.202 Z-0.800 F400.000
G1 X19.087 Y30.495 Z-0.800 F400.000
G1 X19.098 Y30.387 Z-0.800 F400.000
G1 X19.107 Y30.358 Z-0.800 F400.000
G1 X19.121 Y30.331 Z-0.800 F400.000
G1 X19.141 Y30.308 Z-0.800 F400.000
G1 X19.164 Y30.288 Z-0.800 F400.000
G1 X19.191 Y30.274 Z-0.800 F400.000
G1 X19.220 Y30.265 Z-0.800 F400.000
G1 X19.330 Y30.254 Z-0.800 F400.000
G1 X22.256 Y30.247 Z-0.800 F400.000
G1 X22.597 Y30.213 Z-0.800 F400.000
G1 X22.902 Y30.153 Z-0.800 F400.000
G1 X23.231 Y30.053 Z-0.800 F400.000
G1 X23.518 Y29.934 Z-0.800 F400.000
G1 X23.821 Y29.772 Z-0.800 F400.000
G1 X24.079 Y29.599 Z-0.800 F400.000
G1 X24.345 Y29.382 Z-0.800 F400.000
G1 X24.565 Y29.162 Z-0.800 F400.000
G1 X24.782 Y28.896 Z-0.800 F400.000
G1 X24.955 Y28.638 Z-0.800 F400.000
G1 X25.117 Y28.335 Z-0.800 F400.000
G1 X25.236 Y28.048 Z-0.800 F400.000
G1 X25.336 Y27.719 Z-0.800 F400.000
G1 X25.396 Y27.414 Z-0.800 F400.000
G1 X25.438 Y26.917 Z-0.800 F400.000
G1 X25.438 Y3.000 Z-0.800 F400.000
G0 Z5.000
G0 X25.438 Y228.000
G0 Z3.000
G1 X25.438 Y228.000 Z-1.000 F250.000
G1 X25.438 Y213.812 Z-1.000 F400.000
G1 X25.424 Y213.605 Z-1.000 F400.000
G1 X25.390 Y213.346 Z-1.000 F400.000
G1 X25.283 Y212.946 Z-1.000 F400.000
G1 X25.183 Y212.705 Z-1.000 F400.000
G1 X24.975 Y212.346 Z-1.000 F400.000
G1 X24.817 Y212.139 Z-1.000 F400.000
G1 X24.524 Y211.846 Z-1.000 F400.000
G1 X24.316 Y211.687 Z-1.000 F400.000
G1 X23.958 Y211.480 Z-1.000 F400.000
G1 X23.716 Y211.380 Z-1.000 F400.000
G1 X23.316 Y211.273 Z-1.000 F400.000
G1 X23.057 Y211.239 Z-1.000 F400.000
G1 X22.850 Y211.225 Z-1.000 F400.000
G1 X21.445 Y211.225 Z-1.000 F400.000
G1 X21.336 Y211.214 Z-1.000 F400.000
G1 X21.307 Y211.206 Z-1.000 F400.000
G1 X21.281 Y211.191 Z-1.000 F400.000
G1 X21.257 Y211.172 Z-1.000 F400.000
G1 X21.238 Y211.149 Z-1.000 F400.000
G1 X21.224 Y211.122 Z-1.000 F400.000
G1 X21.215 Y211.093 Z-1.000 F400.000
G1 X21.204 Y210.985 Z-1.000 F400.000
G1 X21.204 Y208.093 Z-1.000 F400.000
G1 X21.207 Y208.033 Z-1.000 F400.000
G1 X21.210 Y208.015 Z-1.000 F400.000
G1 X21.215 Y207.999 Z-1.000 F400.000
G1 X21.238 Y207.942 Z-1.000 F400.000
G1 X25.159 Y199.527 Z-1.000 F400.000
G1 X25.286 Y199.186 Z-1.000 F400.000
G1 X25.375 Y198.833 Z-1.000 F400.000
G1 X25.425 Y198.473 Z-1.000 F400.000
G1 X25.438 Y198.196 Z-1.000 F400.000
G1 X25.438 Y175.328 Z-1.000 F400.000
G1 X25.424 Y175.121 Z-1.000 F400.000
G1 X25.390 Y174.862 Z-1.000 F400.000
G1 X25.283 Y174.462 Z-1.000 F400.000
G1 X25.183 Y174.221 Z-1.000 F400.000
G1 X24.975 Y173.862 Z-1.000 F400.000
G1 X24.817 Y173.655 Z-1.000 F400.000
G1 X24.524 Y173.362 Z-1.000 F400.000
G1 X24.316 Y173.203 Z-1.000 F400.000
G1 X23.958 Y172.996 Z-1.000 F400.000
G1 X23.716 Y172.896 Z-1.000 F400.000
G1 X23.316 Y172.789 Z-1.000 F400.000
G1 X23.057 Y172.755 Z-1.000 F400.000
G1 X22.850 Y172.741 Z-1.000 F400.000
G1 X21.445 Y172.741 Z-1.000 F400.000
G1 X21.336 Y172.730 Z-1.000 F400.000
G1 X21.307 Y172.722 Z-1.000 F400.000
G1 X21.281 Y172.707 Z-1.000 F400.000
G1 X21.257 Y172.688 Z-1.000 F400.000
G1 X21.238 Y172.664 Z-1.000 F400.000
G1 X21.224 Y172.638 Z-1.000 F400.000
G1 X21.215 Y172.609 Z-1.000 F400.000
G1 X21.204 Y172.500 Z-1.000 F400.000
G1 X21.204 Y169.609 Z-1.000 F400.000
G1 X21.207 Y169.549 Z-1.000 F400.000
G1 X21.210 Y169.531 Z-1.000 F400.000
G1 X21.215 Y169.515 Z-1.000 F400.000
G1 X21.238 Y169.458 Z-1.000 F400.000
G1 X25.159 Y161.043 Z-1.000 F400.000
G1 X25.286 Y160.702 Z-1.000 F400.000
G1 X25.375 Y160.349 Z-1.000 F400.000
G1 X25.425 Y159.989 Z-1.000 F400.000
G1 X25.438 Y159.712 Z-1.000 F400.000
G1 X25.438 Y136.844 Z-1.000 F400.000
G1 X25.424 Y136.637 Z-1.000 F400.000
G1 X25.390 Y136.378 Z-1.000 F400.000
G1 X25.283 Y135.978 Z-1.000 F400.000
G1 X25.183 Y135.737 Z-1.000 F400.000
G1 X24.975 Y135.378 Z-1.000 F400.000
G1 X24.817 Y135.171 Z-1.000 F400.000
G1 X24.524 Y134.878 Z-1.000 F400.000
G1 X24.316 Y134.719 Z-1.000 F400.000
G1 X23.958 Y134.512 Z-1.000 F400.000
G1 X23.716 Y134.412 Z-1.000 F400.000
G1 X23.316 Y134.305 Z-1.000 F400.000
G1 X23.057 Y134.271 Z-1.000 F400.000
G1 X22.850 Y134.257 Z-1.000 F400.000
G1 X21.445 Y134.257 Z-1.000 F400.000
G1 X21.336 Y134.246 Z-1.000 F400.000
G1 X21.307 Y134.238 Z-1.000 F400.000
G1 X21.281 Y134.223 Z-1.000 F400.000
G1 X21.257 Y134.204 Z-1.000 F400.000
G1 X21.238 Y134.180 Z-1.000 F400.000
G1 X21.224 Y134.154 Z-1.000 F400.000
G1 X21.215 Y134.125 Z-1.000 F400.000
G1 X21.204 Y134.016 Z-1.000 F400.000
G1 X21.204 Y131.125 Z-1.000 F400.000
G1 X21.207 Y131.065 Z-1.000 F400.000
G1 X21.210 Y131.047 Z-1.000 F400.000
G1 X21.215 Y131.031 Z-1.000 F400.000
G1 X21.238 Y130.974 Z-1.000 F400.000
G1 X25.159 Y122.559 Z-1.000 F400.000
G1 X25.286 Y122.218 Z-1.000 F400.000
G1 X25.375 Y121.865 Z-1.000 F400.000
G1 X25.425 Y121.505 Z-1.000 F400.000
G1 X25.438 Y121.228 Z-1.000 F400.000
G1 X25.438 Y98.360 Z-1.000 F400.000
G1 X25.424 Y98.153 Z-1.000 F400.000
G1 X25.390 Y97.894 Z-1.000 F400.000
G1 X25.283 Y97.494 Z-1.000 F400.000
G1 X25.183 Y97.253 Z-1.000 F400.000
G1 X24.975 Y96.894 Z-1.000 F400.000
G1 X24.817 Y96.687 Z-1.000 F400.000
G1 X24.524 Y96.394 Z-1.000 F400.000
G1 X24.316 Y96.235 Z-1.000 F400.000
G1 X23.958 Y96.028 Z-1.000 F400.000
G1 X23.716 Y95.928 Z-1.000 F400.000
G1 X23.316 Y95.821 Z-1.000 F400.000
G1 X23.057 Y95.787 Z-1.000 F400.000
G1 X22.850 Y95.773 Z-1.000 F400.000
G1 X21.445 Y95.773 Z-1.000 F400.000
G1 X21.336 Y95.762 Z-1.000 F400.000
G1 X21.307 Y95.753 Z-1.000 F400.000
G1 X21.281 Y95.739 Z-1.000 F400.000
G1 X21.257 Y95.720 Z-1.000 F400.000
G1 X21.238 Y95.696 Z-1.000 F400.000
G1 X21.224 Y95.670 Z-1.000 F400.000
G1 X21.215 Y95.641 Z-1.000 F400.000
G1 X21.204 Y95.532 Z-1.000 F400.000
G1 X21.204 Y92.641 Z-1.000 F400.000
G1 X21.207 Y92.581 Z-1.000 F400.000
G1 X21.210 Y92.563 Z-1.000 F400.000
G1 X21.215 Y92.546 Z-1.000 F400.000
G1 X21.238 Y92.490 Z-1.000 F400.000
G1 X25.159 Y84.075 Z-1.000 F400.000
G1 X25.286 Y83.734 Z-1.000 F400.000
G1 X25.375 Y83.381 Z-1.000 F400.000
G1 X25.425 Y83.021 Z-1.000 F400.000
G1 X25.438 Y82.744 Z-1.000 F400.000
G1 X25.438 Y59.876 Z-1.000 F400.000
G1 X25.424 Y59.669 Z-1.000 F400.000
G1 X25.390 Y59.410 Z-1.000 F400.000
G1 X25.283 Y59.010 Z-1.000 F400.000
G1 X25.183 Y58.769 Z-1.000 F400.000
G1 X24.975 Y58.410 Z-1.000 F400.000
G1 X24.817 Y58.203 Z-1.000 F400.000
G1 X24.524 Y57.910 Z-1.000 F400.000
G1 X24.316 Y57.751 Z-1.000 F400.000
G1 X23.958 Y57.544 Z-1.000 F400.000
G1 X23.716 Y57.444 Z-1.000 F400.000
G1 X23.316 Y57.337 Z-1.000 F400.000
G1 X23.057 Y57.303 Z-1.000 F400.000
G1 X22.850 Y57.289 Z-1.000 F400.000
G1 X21.445 Y57.289 Z-1.000 F400.000
G1 X21.336 Y57.278 Z-1.000 F400.000
G1 X21.307 Y57.269 Z-1.000 F400.000
G1 X21.281 Y57.255 Z-1.000 F400.000
G1 X21.257 Y57.236 Z-1.000 F400.000
G1 X21.238 Y57.212 Z-1.000 F400.000
G1 X21.224 Y57.186 Z-1.000 F400.000
G1 X21.215 Y57.157 Z-1.000 F400.000
G1 X21.204 Y57.048 Z-1.000 F400.000
G1 X21.204 Y54.157 Z-1.000 F400.000
G1 X21.207 Y54.097 Z-1.000 F400.000
G1 X21.210 Y54.079 Z-1.000 F400.000
G1 X21.215 Y54.062 Z-1.000 F400.000
G1 X21.238 Y54.006 Z-1.000 F400.000
G1 X25.159 Y45.591 Z-1.000 F400.000
G1 X25.286 Y45.250 Z-1.000 F400.000
G1 X25.375 Y44.897 Z-1.000 F400.000
G1 X25.425 Y44.537 Z-1.000 F400.000
G1 X25.438 Y44.260 Z-1.000 F400.000
G1 X25.430 Y35.624 Z-1.000 F400.000
G1 X25.396 Y35.283 Z-1.000 F400.000
G1 X25.336 Y34.977 Z-1.000 F400.000
G1 X25.236 Y34.649 Z-1.000 F400.000
G1 X25.117 Y34.362 Z-1.000 F400.000
G1 X24.955 Y34.059 Z-1.000 F400.000
G1 X24.782 Y33.800 Z-1.000 F400.000
G1 X24.565 Y33.535 Z-1.000 F400.000
G1 X24.345 Y33.315 Z-1.000 F400.000
G1 X24.079 Y33.097 Z-1.000 F400.000
G1 X23.821 Y32.924 Z-1.000 F400.000
G1 X23.518 Y32.763 Z-1.000 F400.000
G1 X23.231 Y32.644 Z-1.000 F400.000
G1 X22.902 Y32.544 Z-1.000 F400.000
G1 X22.597 Y32.483 Z-1.000 F400.000
G1 X22.100 Y32.442 Z-1.000 F400.000
G1 X19.328 Y32.442 Z-1.000 F400.000
G1 X19.220 Y32.431 Z-1.000 F400.000
G1 X19.191 Y32.423 Z-1.000 F400.000
G1 X19.164 Y32.408 Z-1.000 F400.000
G1 X19.141 Y32.389 Z-1.000 F400.000
G1 X19.121 Y32.366 Z-1.000 F400.000
G1 X19.107 Y32.339 Z-1.000 F400.000
G1 X19.098 Y32.310 Z-1.000 F400.000
G1 X19.087 Y32.202 Z-1.000 F400.000
G1 X19.087 Y30.495 Z-1.000 F400.000
G1 X19.098 Y30.387 Z-1.000 F400.000
G1 X19.107 Y30.358 Z-1.000 F400.000
G1 X19.121 Y30.331 Z-1.000 F400.000
G1 X19.141 Y30.308 Z-1.000 F400.000
G1 X19.164 Y30.288 Z-1.000 F400.000
G1 X19.191 Y30.274 Z-1.000 F400.000
G1 X19.220 Y30.265 Z-1.000 F400.000
G1 X19.330 Y30.254 Z-1.000 F400.000
G1 X22.256 Y30.247 Z-1.000 F400.000
G1 X22.597 Y30.213 Z-1.000 F400.000
G1 X22.902 Y30.153 Z-1.000 F400.000
G1 X23.231 Y30.053 Z-1.000 F400.000
G1 X23.518 Y29.934 Z-1.000 F400.000
G1 X23.821 Y29.772 Z-1.000 F400.000
G1 X24.079 Y29.599 Z-1.000 F400.000
G1 X24.345 Y29.382 Z-1.000 F400.000
G1 X24.565 Y29.162 Z-1.000 F400.000
G1 X24.782 Y28.896 Z-1.000 F400.000
G1 X24.955 Y28.638 Z-1.000 F400.000
G1 X25.117 Y28.335 Z-1.000 F400.000
G1 X25.236 Y28.048 Z-1.000 F400.000
G1 X25.336 Y27.719 Z-1.000 F400.000
G1 X25.396 Y27.414 Z-1.000 F400.000
G1 X25.438 Y26.917 Z-1.000 F400.000
G1 X25.438 Y3.000 Z-1.000 F400.000
G0 Z5.000
G0 X25.438 Y228.000
G0 Z3.000
G1 X25.438 Y228.000 Z-1.200 F250.000
G1 X25.438 Y213.812 Z-1.200 F400.000
G1 X25.424 Y213.605 Z-1.200 F400.000
G1 X25.390 Y213.346 Z-1.200 F400.000
G1 X25.283 Y212.946 Z-1.200 F400.000
G1 X25.183 Y212.705 Z-1.200 F400.000
G1 X24.975 Y212.346 Z-1.200 F400.000
G1 X24.817 Y212.139 Z-1.200 F400.000
G1 X24.524 Y211.846 Z-1.200 F400.000
G1 X24.316 Y211.687 Z-1.200 F400.000
G1 X23.958 Y211.480 Z-1.200 F400.000
G1 X23.716 Y211.380 Z-1.200 F400.000
G1 X23.316 Y211.273 Z-1.200 F400.000
G1 X23.057 Y211.239 Z-1.200 F400.000
G1 X22.850 Y211.225 Z-1.200 F400.000
G1 X21.445 Y211.225 Z-1.200 F400.000
G1 X21.336 Y211.214 Z-1.200 F400.000
G1 X21.307 Y211.206 Z-1.200 F400.000
G1 X21.281 Y211.191 Z-1.200 F400.000
G1 X21.257 Y211.172 Z-1.200 F400.000
G1 X21.238 Y211.149 Z-1.200 F400.000
G1 X21.224 Y211.122 Z-1.200 F400.000
G1 X21.215 Y211.093 Z-1.200 F400.000
G1 X21.204 Y210.985 Z-1.200 F400.000
G1 X21.204 Y208.093 Z-1.200 F400.000
G1 X21.207 Y208.033 Z-1.200 F400.000
G1 X21.210 Y208.015 Z-1.200 F400.000
G1 X21.215 Y207.999 Z-1.200 F400.000
G1 X21.238 Y207.942 Z-1.200 F400.000
G1 X25.159 Y199.527 Z-1.200 F400.000
G1 X25.286 Y199.186 Z-1.200 F400.000
G1 X25.375 Y198.833 Z-1.200 F400.000
G1 X25.425 Y198.473 Z-1.200 F400.000
G1 X25.438 Y198.196 Z-1.200 F400.000
G1 X25.438 Y175.328 Z-1.200 F400.000
G1 X25.424 Y175.121 Z-1.200 F400.000
G1 X25.390 Y174.862 Z-1.200 F400.000
G1 X25.283 Y174.462 Z-1.200 F400.000
G1 X25.183 Y174.221 Z-1.200 F400.000
G1 X24.975 Y173.862 Z-1.200 F400.000
G1 X24.817 Y173.655 Z-1.200 F400.000
G1 X24.524 Y173.362 Z-1.200 F400.000
G1 X24.316 Y173.203 Z-1.200 F400.000
G1 X23.958 Y172.996 Z-1.200 F400.000
G1 X23.716 Y172.896 Z-1.200 F400.000
G1 X23.316 Y172.789 Z-1.200 F400.000
G1 X23.057 Y172.755 Z-1.200 F400.000
G1 X22.850 Y172.741 Z-1.200 F400.000
G1 X21.445 Y172.741 Z-1.200 F400.000
G1 X21.336 Y172.730 Z-1.200 F400.000
G1 X21.307 Y172.722 Z-1.200 F400.000
G1 X21.281 Y172.707 Z-1.200 F400.000
G1 X21.257 Y172.688 Z-1.200 F400.000
G1 X21.238 Y172.664 Z-1.200 F400.000
G1 X21.224 Y172.638 Z-1.200 F400.000
G1 X21.215 Y172.609 Z-1.200 F400.000
G1 X21.204 Y172.500 Z-1.200 F400.000
G1 X21.204 Y169.609 Z-1.200 F400.000
G1 X21.207 Y169.549 Z-1.200 F400.000
G1 X21.210 Y169.531 Z-1.200 F400.000
G1 X21.215 Y169.515 Z-1.200 F400.000
G1 X21.238 Y169.458 Z-1.200 F400.000
G1 X25.159 Y161.043 Z-1.200 F400.000
G1 X25.286 Y160.702 Z-1.200 F400.000
G1 X25.375 Y160.349 Z-1.200 F400.000
G1 X25.425 Y159.989 Z-1.200 F400.000
G1 X25.438 Y159.712 Z-1.200 F400.000
G1 X25.438 Y136.844 Z-1.200 F400.000
G1 X25.424 Y136.637 Z-1.200 F400.000
G1 X25.390 Y136.378 Z-1.200 F400.000
G1 X25.283 Y135.978 Z-1.200 F400.000
G1 X25.183 Y135.737 Z-1.200 F400.000
G1 X24.975 Y135.378 Z-1.200 F400.000
G1 X24.817 Y135.171 Z-1.200 F400.000
G1 X24.524 Y134.878 Z-1.200 F400.000
G1 X24.316 Y134.719 Z-1.200 F400.000
G1 X23.958 Y134.512 Z-1.200 F400.000
G1 X23.716 Y134.412 Z-1.200 F400.000
G1 X23.316 Y134.305 Z-1.200 F400.000
G1 X23.057 Y134.271 Z-1.200 F400.000
G1 X22.850 Y134.257 Z-1.200 F400.000
G1 X21.445 Y134.257 Z-1.200 F400.000
G1 X21.336 Y134.246 Z-1.200 F400.000
G1 X21.307 Y134.238 Z-1.200 F400.000
G1 X21.281 Y134.223 Z-1.200 F400.000
G1 X21.257 Y134.204 Z-1.200 F400.000
G1 X21.238 Y134.180 Z-1.200 F400.000
G1 X21.224 Y134.154 Z-1.200 F400.000
G1 X21.215 Y134.125 Z-1.200 F400.000
G1 X21.204 Y134.016 Z-1.200 F400.000
G1 X21.204 Y131.125 Z-1.200 F400.000
G1 X21.207 Y131.065 Z-1.200 F400.000
G1 X21.210 Y131.047 Z-1.200 F400.000
G1 X21.215 Y131.031 Z-1.200 F400.000
G1 X21.238 Y130.974 Z-1.200 F400.000
G1 X25.159 Y122.559 Z-1.200 F400.000
G1 X25.286 Y122.218 Z-1.200 F400.000
G1 X25.375 Y121.865 Z-1.200 F400.000
G1 X25.425 Y121.505 Z-1.200 F400.000
G1 X25.438 Y121.228 Z-1.200 F400.000
G1 X25.438 Y98.360 Z-1.200 F400.000
G1 X25.424 Y98.153 Z-1.200 F400.000
G1 X25.390 Y97.894 Z-1.200 F400.000
G1 X25.283 Y97.494 Z-1.200 F400.000
G1 X25.183 Y97.253 Z-1.200 F400.000
G1 X24.975 Y96.894 Z-1.200 F400.000
G1 X24.817 Y96.687 Z-1.200 F400.000
G1 X24.524 Y96.394 Z-1.200 F400.000
G1 X24.316 Y96.235 Z-1.200 F400.000
G1 X23.958 Y96.028 Z-1.200 F400.000
G1 X23.716 Y95.928 Z-1.200 F400.000
G1 X23.316 Y95.821 Z-1.200 F400.000
G1 X23.057 Y95.787 Z-1.200 F400.000
G1 X22.850 Y95.773 Z-1.200 F400.000
G1 X21.445 Y95.773 Z-1.200 F400.000
G1 X21.336 Y95.762 Z-1.200 F400.000
G1 X21.307 Y95.753 Z-1.200 F400.000
G1 X21.281 Y95.739 Z-1.200 F400.000
G1 X21.257 Y95.720 Z-1.200 F400.000
G1 X21.238 Y95.696 Z-1.200 F400.000
G1 X21.224 Y95.670 Z-1.200 F400.000
G1 X21.215 Y95.641 Z-1.200 F400.000
G1 X21.204 Y95.532 Z-1.200 F400.000
G1 X21.204 Y92.641 Z-1.200 F400.000
G1 X21.207 Y92.581 Z-1.200 F400.000
G1 X21.210 Y92.563 Z-1.200 F400.000
G1 X21.215 Y92.546 Z-1.200 F400.000
G1 X21.238 Y92.490 Z-1.200 F400.000
G1 X25.159 Y84.075 Z-1.200 F400.000
G1 X25.286 Y83.734 Z-1.200 F400.000
G1 X25.375 Y83.381 Z-1.200 F400.000
G1 X25.425 Y83.021 Z-1.200 F400.000
G1 X25.438 Y82.744 Z-1.200 F400.000
G1 X25.438 Y59.876 Z-1.200 F400.000
G1 X25.424 Y59.669 Z-1.200 F400.000
G1 X25.390 Y59.410 Z-1.200 F400.000
G1 X25.283 Y59.010 Z-1.200 F400.000
G1 X25.183 Y58.769 Z-1.200 F400.000
G1 X24.975 Y58.410 Z-1.200 F400.000
G1 X24.817 Y58.203 Z-1.200 F400.000
G1 X24.524 Y57.910 Z-1.200 F400.000
G1 X24.316 Y57.751 Z-1.200 F400.000
G1 X23.958 Y57.544 Z-1.200 F400.000
G1 X23.716 Y57.444 Z-1.200 F400.000
G1 X23.316 Y57.337 Z-1.200 F400.000
G1 X23.057 Y57.303 Z-1.200 F400.000
G1 X22.850 Y57.289 Z-1.200 F400.000
G1 X21.445 Y57.289 Z-1.200 F400.000
G1 X21.336 Y57.278 Z-1.200 F400.000
G1 X21.307 Y57.269 Z-1.200 F400.000
G1 X21.281 Y57.255 Z-1.200 F400.000
G1 X21.257 Y57.236 Z-1.200 F400.000
G1 X21.238 Y57.212 Z-1.200 F400.000
G1 X21.224 Y57.186 Z-1.200 F400.000
G1 X21.215 Y57.157 Z-1.200 F400.000
G1 X21.204 Y57.048 Z-1.200 F400.000
G1 X21.204 Y54.157 Z-1.200 F400.000
G1 X21.207 Y54.097 Z-1.200 F400.000
G1 X21.210 Y54.079 Z-1.200 F400.000
G1 X21.215 Y54.062 Z-1.200 F400.000
G1 X21.238 Y54.006 Z-1.200 F400.000
G1 X25.159 Y45.591 Z-1.200 F400.000
G1 X25.286 Y45.250 Z-1.200 F400.000
G1 X25.375 Y44.897 Z-1.200 F400.000
G1 X25.425 Y44.537 Z-1.200 F400.000
G1 X25.438 Y44.260 Z-1.200 F400.000
G1 X25.430 Y35.624 Z-1.200 F400.000
G1 X25.396 Y35.283 Z-1.200 F400.000
G1 X25.336 Y34.977 Z-1.200 F400.000
G1 X25.236 Y34.649 Z-1.200 F400.000
G1 X25.117 Y34.362 Z-1.200 F400.000
G1 X24.955 Y34.059 Z-1.200 F400.000
G1 X24.782 Y33.800 Z-1.200 F400.000
G1 X24.565 Y33.535 Z-1.200 F400.000
G1 X24.345 Y33.315 Z-1.200 F400.000
G1 X24.079 Y33.097 Z-1.200 F400.000
G1 X23.821 Y32.924 Z-1.200 F400.000
G1 X23.518 Y32.763 Z-1.200 F400.000
G1 X23.231 Y32.644 Z-1.200 F400.000
G1 X22.902 Y32.544 Z-1.200 F400.000
G1 X22.597 Y32.483 Z-1.200 F400.000
G1 X22.100 Y32.442 Z-1.200 F400.000
G1 X19.328 Y32.442 Z-1.200 F400.000
G1 X19.220 Y32.431 Z-1.200 F400.000
G1 X19.191 Y32.423 Z-1.200 F400.000
G1 X19.164 Y32.408 Z-1.200 F400.000
G1 X19.141 Y32.389 Z-1.200 F400.000
G1 X19.121 Y32.366 Z-1.200 F400.000
G1 X19.107 Y32.339 Z-1.200 F400.000
G1 X19.098 Y32.310 Z-1.200 F400.000
G1 X19.087 Y32.202 Z-1.200 F400.000
G1 X19.087 Y30.495 Z-1.200 F400.000
G1 X19.098 Y30.387 Z-1.200 F400.000
G1 X19.107 Y30.358 Z-1.200 F400.000
G1 X19.121 Y30.331 Z-1.200 F400.000
G1 X19.141 Y30.308 Z-1.200 F400.000
G1 X19.164 Y30.288 Z-1.200 F400.000
G1 X19.191 Y30.274 Z-1.200 F400.000
G1 X19.220 Y30.265 Z-1.200 F400.000
G1 X19.330 Y30.254 Z-1.200 F400.000
G1 X22.256 Y30.247 Z-1.200 F400.000
G1 X22.597 Y30.213 Z-1.200 F400.000
G1 X22.902 Y30.153 Z-1.200 F400.000
G1 X23.231 Y30.053 Z-1.200 F400.000
G1 X23.518 Y29.934 Z-1.200 F400.000
G1 X23.821 Y29.772 Z-1.200 F400.000
G1 X24.079 Y29.599 Z-1.200 F400.000
G1 X24.345 Y29.382 Z-1.200 F400.000
G1 X24.565 Y29.162 Z-1.200 F400.000
G1 X24.782 Y28.896 Z-1.200 F400.000
G1 X24.955 Y28.638 Z-1.200 F400.000
G1 X25.117 Y28.335 Z-1.200 F400.000
G1 X25.236 Y28.048 Z-1.200 F400.000
G1 X25.336 Y27.719 Z-1.200 F400.000
G1 X25.396 Y27.414 Z-1.200 F400.000
G1 X25.438 Y26.917 Z-1.200 F400.000
G1 X25.438 Y3.000 Z-1.200 F400.000
G0 Z5.000
G0 X25.438 Y228.000
G0 Z3.000
G1 X25.438 Y228.000 Z-1.400 F250.000
G1 X25.438 Y213.812 Z-1.400 F400.000
G1 X25.424 Y213.605 Z-1.400 F400.000
G1 X25.390 Y213.346 Z-1.400 F400.000
G1 X25.283 Y212.946 Z-1.400 F400.000
G1 X25.183 Y212.705 Z-1.400 F400.000
G1 X24.975 Y212.346 Z-1.400 F400.000
G1 X24.817 Y212.139 Z-1.400 F400.000
G1 X24.524 Y211.846 Z-1.400 F400.000
G1 X24.316 Y211.687 Z-1.400 F400.000
G1 X23.958 Y211.480 Z-1.400 F400.000
G1 X23.716 Y211.380 Z-1.400 F400.000
G1 X23.316 Y211.273 Z-1.400 F400.000
G1 X23.057 Y211.239 Z-1.400 F400.000
G1 X22.850 Y211.225 Z-1.400 F400.000
G1 X21.445 Y211.225 Z-1.400 F400.000
G1 X21.336 Y211.214 Z-1.400 F400.000
G1 X21.307 Y211.206 Z-1.400 F400.000
G1 X21.281 Y211.191 Z-1.400 F400.000
G1 X21.257 Y211.172 Z-1.400 F400.000
G1 X21.238 Y211.149 Z-1.400 F400.000
G1 X21.224 Y211.122 Z-1.400 F400.000
G1 X21.215 Y211.093 Z-1.400 F400.000
G1 X21.204 Y210.985 Z-1.400 F400.000
G1 X21.204 Y208.093 Z-1.400 F400.000
G1 X21.207 Y208.033 Z-1.400 F400.000
G1 X21.210 Y208.015 Z-1.400 F400.000
G1 X21.215 Y207.999 Z-1.400 F400.000
G1 X21.238 Y207.942 Z-1.400 F400.000
G1 X25.159 Y199.527 Z-1.400 F400.000
G1 X25.286 Y199.186 Z-1.400 F400.000
G1 X25.375 Y198.833 Z-1.400 F400.000
G1 X25.425 Y198.473 Z-1.400 F400.000
G1 X25.438 Y198.196 Z-1.400 F400.000
G1 X25.438 Y175.328 Z-1.400 F400.000
G1 X25.424 Y175.121 Z-1.400 F400.000
G1 X25.390 Y174.862 Z-1.400 F400.000
G1 X25.283 Y174.462 Z-1.400 F400.000
G1 X25.183 Y174.221 Z-1.400 F400.000
G1 X24.975 Y173.862 Z-1.400 F400.000
G1 X24.817 Y173.655 Z-1.400 F400.000
G1 X24.524 Y173.362 Z-1.400 F400.000
G1 X24.316 Y173.203 Z-1.400 F400.000
G1 X23.958 Y172.996 Z-1.400 F400.000
G1 X23.716 Y172.896 Z-1.400 F400.000
G1 X23.316 Y172.789 Z-1.400 F400.000
G1 X23.057 Y172.755 Z-1.400 F400.000
G1 X22.850 Y172.741 Z-1.400 F400.000
G1 X21.445 Y172.741 Z-1.400 F400.000
G1 X21.336 Y172.730 Z-1.400 F400.000
G1 X21.307 Y172.722 Z-1.400 F400.000
G1 X21.281 Y172.707 Z-1.400 F400.000
G1 X21.257 Y172.688 Z-1.400 F400.000
G1 X21.238 Y172.664 Z-1.400 F400.000
G1 X21.224 Y172.638 Z-1.400 F400.000
G1 X21.215 Y172.609 Z-1.400 F400.000
G1 X21.204 Y172.500 Z-1.400 F400.000
G1 X21.204 Y169.609 Z-1.400 F400.000
G1 X21.207 Y169.549 Z-1.400 F400.000
G1 X21.210 Y169.531 Z-1.400 F400.000
G1 X21.215 Y169.515 Z-1.400 F400.000
G1 X21.238 Y169.458 Z-1.400 F400.000
G1 X25.159 Y161.043 Z-1.400 F400.000
G1 X25.286 Y160.702 Z-1.400 F400.000
G1 X25.375 Y160.349 Z-1.400 F400.000
G1 X25.425 Y159.989 Z-1.400 F400.000
G1 X25.438 Y159.712 Z-1.400 F400.000
G1 X25.438 Y136.844 Z-1.400 F400.000
G1 X25.424 Y136.637 Z-1.400 F400.000
G1 X25.390 Y136.378 Z-1.400 F400.000
G1 X25.283 Y135.978 Z-1.400 F400.000
G1 X25.183 Y135.737 Z-1.400 F400.000
G1 X24.975 Y135.378 Z-1.400 F400.000
G1 X24.817 Y135.171 Z-1.400 F400.000
G1 X24.524 Y134.878 Z-1.400 F400.000
G1 X24.316 Y134.719 Z-1.400 F400.000
G1 X23.958 Y134.512 Z-1.400 F400.000
G1 X23.716 Y134.412 Z-1.400 F400.000
G1 X23.316 Y134.305 Z-1.400 F400.000
G1 X23.057 Y134.271 Z-1.400 F400.000
G1 X22.850 Y134.257 Z-1.400 F400.000
G1 X21.445 Y134.257 Z-1.400 F400.000
G1 X21.336 Y134.246 Z-1.400 F400.000
G1 X21.307 Y134.238 Z-1.400 F400.000
G1 X21.281 Y134.223 Z-1.400 F400.000
G1 X21.257 Y134.204 Z-1.400 F400.000
G1 X21.238 Y134.180 Z-1.400 F400.000
G1 X21.224 Y134.154 Z-1.400 F400.000
G1 X21.215 Y134.125 Z-1.400 F400.000
G1 X21.204 Y134.016 Z-1.400 F400.000
G1 X21.204 Y131.125 Z-1.400 F400.000
G1 X21.207 Y131.065 Z-1.400 F400.000
G1 X21.210 Y131.047 Z-1.400 F400.000
G1 X21.215 Y131.031 Z-1.400 F400.000
G1 X21.238 Y130.974 Z-1.400 F400.000
G1 X25.159 Y122.559 Z-1.400 F400.000
G1 X25.286 Y122.218 Z-1.400 F400.000
G1 X25.375 Y121.865 Z-1.400 F400.000
G1 X25.425 Y121.505 Z-1.400 F400.000
G1 X25.438 Y121.228 Z-1.400 F400.000
G1 X25.438 Y98.360 Z-1.400 F400.000
G1 X25.424 Y98.153 Z-1.400 F400.000
G1 X25.390 Y97.894 Z-1.400 F400.000
G1 X25.283 Y97.494 Z-1.400 F400.000
G1 X25.183 Y97.253 Z-1.400 F400.000
G1 X24.975 Y96.894 Z-1.400 F400.000
G1 X24.817 Y96.687 Z-1.400 F400.000
G1 X24.524 Y96.394 Z-1.400 F400.000
G1 X24.316 Y96.235 Z-1.400 F400.000
G1 X23.958 Y96.028 Z-1.400 F400.000
G1 X23.716 Y95.928 Z-1.400 F400.000
G1 X23.316 Y95.821 Z-1.400 F400.000
G1 X23.057 Y95.787 Z-1.400 F400.000
G1 X22.850 Y95.773 Z-1.400 F400.000
G1 X21.445 Y95.773 Z-1.400 F400.000
G1 X21.336 Y95.762 Z-1.400 F400.000
G1 X21.307 Y95.753 Z-1.400 F400.000
G1 X21.281 Y95.739 Z-1.400 F400.000
G1 X21.257 Y95.720 Z-1.400 F400.000
G1 X21.238 Y95.696 Z-1.400 F400.000
G1 X21.224 Y95.670 Z-1.400 F400.000
G1 X21.215 Y95.641 Z-1.400 F400.000
G1 X21.204 Y95.532 Z-1.400 F400.000
G1 X21.204 Y92.641 Z-1.400 F400.000
G1 X21.207 Y92.581 Z-1.400 F400.000
G1 X21.210 Y92.563 Z-1.400 F400.000
G1 X21.215 Y92.546 Z-1.400 F400.000
G1 X21.238 Y92.490 Z-1.400 F400.000
G1 X25.159 Y84.075 Z-1.400 F400.000
G1 X25.286 Y83.734 Z-1.400 F400.000
G1 X25.375 Y83.381 Z-1.400 F400.000
G1 X25.425 Y83.021 Z-1.400 F400.000
G1 X25.438 Y82.744 Z-1.400 F400.000
G1 X25.438 Y59.876 Z-1.400 F400.000
G1 X25.424 Y59.669 Z-1.400 F400.000
G1 X25.390 Y59.410 Z-1.400 F400.000
G1 X25.283 Y59.010 Z-1.400 F400.000
G1 X25.183 Y58.769 Z-1.400 F400.000
G1 X24.975 Y58.410 Z-1.400 F400.000
G1 X24.817 Y58.203 Z-1.400 F400.000
G1 X24.524 Y57.910 Z-1.400 F400.000
G1 X24.316 Y57.751 Z-1.400 F400.000
G1 X23.958 Y57.544 Z-1.400 F400.000
G1 X23.716 Y57.444 Z-1.400 F400.000
G1 X23.316 Y57.337 Z-1.400 F400.000
G1 X23.057 Y57.303 Z-1.400 F400.000
G1 X22.850 Y57.289 Z-1.400 F400.000
G1 X21.445 Y57.289 Z-1.400 F400.000
G1 X21.336 Y57.278 Z-1.400 F400.000
G1 X21.307 Y57.269 Z-1.400 F400.000
G1 X21.281 Y57.255 Z-1.400 F400.000
G1 X21.257 Y57.236 Z-1.400 F400.000
G1 X21.238 Y57.212 Z-1.400 F400.000
G1 X21.224 Y57.186 Z-1.400 F400.000
G1 X21.215 Y57.157 Z-1.400 F400.000
G1 X21.204 Y57.048 Z-1.400 F400.000
G1 X21.204 Y54.157 Z-1.400 F400.000
G1 X21.207 Y54.097 Z-1.400 F400.000
G1 X21.210 Y54.079 Z-1.400 F400.000
G1 X21.215 Y54.062 Z-1.400 F400.000
G1 X21.238 Y54.006 Z-1.400 F400.000
G1 X25.159 Y45.591 Z-1.400 F400.000
G1 X25.286 Y45.250 Z-1.400 F400.000
G1 X25.375 Y44.897 Z-1.400 F400.000
G1 X25.425 Y44.537 Z-1.400 F400.000
G1 X25.438 Y44.260 Z-1.400 F400.000
G1 X25.430 Y35.624 Z-1.400 F400.000
G1 X25.396 Y35.283 Z-1.400 F400.000
G1 X25.336 Y34.977 Z-1.400 F400.000
G1 X25.236 Y34.649 Z-1.400 F400.000
G1 X25.117 Y34.362 Z-1.400 F400.000
G1 X24.955 Y34.059 Z-1.400 F400.000
G1 X24.782 Y33.800 Z-1.400 F400.000
G1 X24.565 Y33.535 Z-1.400 F400.000
G1 X24.345 Y33.315 Z-1.400 F400.000
G1 X24.079 Y33.097 Z-1.400 F400.000
G1 X23.821 Y32.924 Z-1.400 F400.000
G1 X23.518 Y32.763 Z-1.400 F400.000
G1 X23.231 Y32.644 Z-1.400 F400.000
G1 X22.902 Y32.544 Z-1.400 F400.000
G1 X22.597 Y32.483 Z-1.400 F400.000
G1 X22.100 Y32.442 Z-1.400 F400.000
G1 X19.328 Y32.442 Z-1.400 F400.000
G1 X19.220 Y32.431 Z-1.400 F400.000
G1 X19.191 Y32.423 Z-1.400 F400.000
G1 X19.164 Y32.408 Z-1.400 F400.000
G1 X19.141 Y32.389 Z-1.400 F400.000
G1 X19.121 Y32.366 Z-1.400 F400.000
G1 X19.107 Y32.339 Z-1.400 F400.000
G1 X19.098 Y32.310 Z-1.400 F400.000
G1 X19.087 Y32.202 Z-1.400 F400.000
G1 X19.087 Y30.495 Z-1.400 F400.000
G1 X19.098 Y30.387 Z-1.400 F400.000
G1 X19.107 Y30.358 Z-1.400 F400.000
G1 X19.121 Y30.331 Z-1.400 F400.000
G1 X19.141 Y30.308 Z-1.400 F400.000
G1 X19.164 Y30.288 Z-1.400 F400.000
G1 X19.191 Y30.274 Z-1.400 F400.000
G1 X19.220 Y30.265 Z-1.400 F400.000
G1 X19.330 Y30.254 Z-1.400 F400.000
G1 X22.256 Y30.247 Z-1.400 F400.000
G1 X22.597 Y30.213 Z-1.400 F400.000
G1 X22.902 Y30.153 Z-1.400 F400.000
G1 X23.231 Y30.053 Z-1.400 F400.000
G1 X23.518 Y29.934 Z-1.400 F400.000
G1 X23.821 Y29.772 Z-1.400 F400.000
G1 X24.079 Y29.599 Z-1.400 F400.000
G1 X24.345 Y29.382 Z-1.400 F400.000
G1 X24.565 Y29.162 Z-1.400 F400.000
G1 X24.782 Y28.896 Z-1.400 F400.000
G1 X24.955 Y28.638 Z-1.400 F400.000
G1 X25.117 Y28.335 Z-1.400 F400.000
G1 X25.236 Y28.048 Z-1.400 F400.000
G1 X25.336 Y27.719 Z-1.400 F400.000
G1 X25.396 Y27.414 Z-1.400 F400.000
G1 X25.438 Y26.917 Z-1.400 F400.000
G1 X25.438 Y3.000 Z-1.400 F400.000
G0 Z5.000
G0 X25.438 Y228.000
G0 Z3.000
G1 X25.438 Y228.000 Z-1.600 F250.000
G1 X25.438 Y213.812 Z-1.600 F400.000
G1 X25.424 Y213.605 Z-1.600 F400.000
G1 X25.390 Y213.346 Z-1.600 F400.000
G1 X25.283 Y212.946 Z-1.600 F400.000
G1 X25.183 Y212.705 Z-1.600 F400.000
G1 X24.975 Y212.346 Z-1.600 F400.000
G1 X24.817 Y212.139 Z-1.600 F400.000
G1 X24.524 Y211.846 Z-1.600 F400.000
G1 X24.316 Y211.687 Z-1.600 F400.000
G1 X23.958 Y211.480 Z-1.600 F400.000
G1 X23.716 Y211.380 Z-1.600 F400.000
G1 X23.316 Y211.273 Z-1.600 F400.000
G1 X23.057 Y211.239 Z-1.600 F400.000
G1 X22.850 Y211.225 Z-1.600 F400.000
G1 X21.445 Y211.225 Z-1.600 F400.000
G1 X21.336 Y211.214 Z-1.600 F400.000
G1 X21.307 Y211.206 Z-1.600 F400.000
G1 X21.281 Y211.191 Z-1.600 F400.000
G1 X21.257 Y211.172 Z-1.600 F400.000
G1 X21.238 Y211.149 Z-1.600 F400.000
G1 X21.224 Y211.122 Z-1.600 F400.000
G1 X21.215 Y211.093 Z-1.600 F400.000
G1 X21.204 Y210.985 Z-1.600 F400.000
G1 X21.204 Y208.093 Z-1.600 F400.000
G1 X21.207 Y208.033 Z-1.600 F400.000
G1 X21.210 Y208.015 Z-1.600 F400.000
G1 X21.215 Y207.999 Z-1.600 F400.000
G1 X21.238 Y207.942 Z-1.600 F400.000
G1 X25.159 Y199.527 Z-1.600 F400.000
G1 X25.286 Y199.186 Z-1.600 F400.000
G1 X25.375 Y198.833 Z-1.600 F400.000
G1 X25.425 Y198.473 Z-1.600 F400.000
G1 X25.438 Y198.196 Z-1.600 F400.000
G1 X25.438 Y175.328 Z-1.600 F400.000
G1 X25.424 Y175.121 Z-1.600 F400.000
G1 X25.390 Y174.862 Z-1.600 F400.000
G1 X25.283 Y174.462 Z-1.600 F400.000
G1 X25.183 Y174.221 Z-1.600 F400.000
G1 X24.975 Y173.862 Z-1.600 F400.000
G1 X24.817 Y173.655 Z-1.600 F400.000
G1 X24.524 Y173.362 Z-1.600 F400.000
G1 X24.316 Y173.203 Z-1.600 F400.000
G1 X23.958 Y172.996 Z-1.600 F400.000
G1 X23.716 Y172.896 Z-1.600 F400.000
G1 X23.316 Y172.789 Z-1.600 F400.000
G1 X23.057 Y172.755 Z-1.600 F400.000
G1 X22.850 Y172.741 Z-1.600 F400.000
G1 X21.445 Y172.741 Z-1.600 F400.000
G1 X21.336 Y172.730 Z-1.600 F400.000
G1 X21.307 Y172.722 Z-1.600 F400.000
G1 X21.281 Y172.707 Z-1.600 F400.000
G1 X21.257 Y172.688 Z-1.600 F400.000
G1 X21.238 Y172.664 Z-1.600 F400.000
G1 X21.224 Y172.638 Z-1.600 F400.000
G1 X21.215 Y172.609 Z-1.600 F400.000
G1 X21.204 Y172.500 Z-1.600 F400.000
G1 X21.204 Y169.609 Z-1.600 F400.000
G1 X21.207 Y169.549 Z-1.600 F400.000
G1 X21.210 Y169.531 Z-1.600 F400.000
G1 X21.215 Y169.515 Z-1.600 F400.000
G1 X21.238 Y169.458 Z-1.600 F400.000
G1 X25.159 Y161.043 Z-1.600 F400.000
G1 X25.286 Y160.702 Z-1.600 F400.000
G1 X25.375 Y160.349 Z-1.600 F400.000
G1 X25.425 Y159.989 Z-1.600 F400.000
G1 X25.438 Y159.712 Z-1.600 F400.000
G1 X25.438 Y136.844 Z-1.600 F400.000
G1 X25.424 Y136.637 Z-1.600 F400.000
G1 X25.390 Y136.378 Z-1.600 F400.000
G1 X25.283 Y135.978 Z-1.600 F400.000
G1 X25.183 Y135.737 Z-1.600 F400.000
G1 X24.975 Y135.378 Z-1.600 F400.000
G1 X24.817 Y135.171 Z-1.600 F400.000
G1 X24.524 Y134.878 Z-1.600 F400.000
G1 X24.316 Y134.719 Z-1.600 F400.000
G1 X23.958 Y134.512 Z-1.600 F400.000
G1 X23.716 Y134.412 Z-1.600 F400.000
G1 X23.316 Y134.305 Z-1.600 F400.000
G1 X23.057 Y134.271 Z-1.600 F400.000
G1 X22.850 Y134.257 Z-1.600 F400.000
G1 X21.445 Y134.257 Z-1.600 F400.000
G1 X21.336 Y134.246 Z-1.600 F400.000
G1 X21.307 Y134.238 Z-1.600 F400.000
G1 X21.281 Y134.223 Z-1.600 F400.000
G1 X21.257 Y134.204 Z-1.600 F400.000
G1 X21.238 Y134.180 Z-1.600 F400.000
G1 X21.224 Y134.154 Z-1.600 F400.000
G1 X21.215 Y134.125 Z-1.600 F400.000
G1 X21.204 Y134.016 Z-1.600 F400.000
G1 X21.204 Y131.125 Z-1.600 F400.000
G1 X21.207 Y131.065 Z-1.600 F400.000
G1 X21.210 Y131.047 Z-1.600 F400.000
G1 X21.215 Y131.031 Z-1.600 F400.000
G1 X21.238 Y130.974 Z-1.600 F400.000
G1 X25.159 Y122.559 Z-1.600 F400.000
G1 X25.286 Y122.218 Z-1.600 F400.000
G1 X25.375 Y121.865 Z-1.600 F400.000
G1 X25.425 Y121.505 Z-1.600 F400.000
G1 X25.438 Y121.228 Z-1.600 F400.000
G1 X25.438 Y98.360 Z-1.600 F400.000
G1 X25.424 Y98.153 Z-1.600 F400.000
G1 X25.390 Y97.894 Z-1.600 F400.000
G1 X25.283 Y97.494 Z-1.600 F400.000
G1 X25.183 Y97.253 Z-1.600 F400.000
G1 X24.975 Y96.894 Z-1.600 F400.000
G1 X24.817 Y96.687 Z-1.600 F400.000
G1 X24.524 Y96.394 Z-1.600 F400.000
G1 X24.316 Y96.235 Z-1.600 F400.000
G1 X23.958 Y96.028 Z-1.600 F400.000
G1 X23.716 Y95.928 Z-1.600 F400.000
G1 X23.316 Y95.821 Z-1.600 F400.000
G1 X23.057 Y95.787 Z-1.600 F400.000
G1 X22.850 Y95.773 Z-1.600 F400.000
G1 X21.445 Y95.773 Z-1.600 F400.000
G1 X21.336 Y95.762 Z-1.600 F400.000
G1 X21.307 Y95.753 Z-1.600 F400.000
G1 X21.281 Y95.739 Z-1.600 F400.000
G1 X21.257 Y95.720 Z-1.600 F400.000
G1 X21.238 Y95.696 Z-1.600 F400.000
G1 X21.224 Y95.670 Z-1.600 F400.000
G1 X21.215 Y95.641 Z-1.600 F400.000
G1 X21.204 Y95.532 Z-1.600 F400.000
G1 X21.204 Y92.641 Z-1.600 F400.000
G1 X21.207 Y92.581 Z-1.600 F400.000
G1 X21.210 Y92.563 Z-1.600 F400.000
G1 X21.215 Y92.546 Z-1.600 F400.000
G1 X21.238 Y92.490 Z-1.600 F400.000
G1 X25.159 Y84.075 Z-1.600 F400.000
G1 X25.286 Y83.734 Z-1.600 F400.000
G1 X25.375 Y83.381 Z-1.600 F400.000
G1 X25.425 Y83.021 Z-1.600 F400.000
G1 X25.438 Y82.744 Z-1.600 F400.000
G1 X25.438 Y59.876 Z-1.600 F400.000
G1 X25.424 Y59.669 Z-1.600 F400.000
G1 X25.390 Y59.410 Z-1.600 F400.000
G1 X25.283 Y59.010 Z-1.600 F400.000
G1 X25.183 Y58.769 Z-1.600 F400.000
G1 X24.975 Y58.410 Z-1.600 F400.000
G1 X24.817 Y58.203 Z-1.600 F400.000
G1 X24.524 Y57.910 Z-1.600 F400.000
G1 X24.316 Y57.751 Z-1.600 F400.000
G1 X23.958 Y57.544 Z-1.600 F400.000
G1 X23.716 Y57.444 Z-1.600 F400.000
G1 X23.316 Y57.337 Z-1.600 F400.000
G1 X23.057 Y57.303 Z-1.600 F400.000
G1 X22.850 Y57.289 Z-1.600 F400.000
G1 X21.445 Y57.289 Z-1.600 F400.000
G1 X21.336 Y57.278 Z-1.600 F400.000
G1 X21.307 Y57.269 Z-1.600 F400.000
G1 X21.281 Y57.255 Z-1.600 F400.000
G1 X21.257 Y57.236 Z-1.600 F400.000
G1 X21.238 Y57.212 Z-1.600 F400.000
G1 X21.224 Y57.186 Z-1.600 F400.000
G1 X21.215 Y57.157 Z-1.600 F400.000
G1 X21.204 Y57.048 Z-1.600 F400.000
G1 X21.204 Y54.157 Z-1.600 F400.000
G1 X21.207 Y54.097 Z-1.600 F400.000
G1 X21.210 Y54.079 Z-1.600 F400.000
G1 X21.215 Y54.062 Z-1.600 F400.000
G1 X21.238 Y54.006 Z-1.600 F400.000
G1 X25.159 Y45.591 Z-1.600 F400.000
G1 X25.286 Y45.250 Z-1.600 F400.000
G1 X25.375 Y44.897 Z-1.600 F400.000
G1 X25.425 Y44.537 Z-1.600 F400.000
G1 X25.438 Y44.260 Z-1.600 F400.000
G1 X25.430 Y35.624 Z-1.600 F400.000
G1 X25.396 Y35.283 Z-1.600 F400.000
G1 X25.336 Y34.977 Z-1.600 F400.000
G1 X25.236 Y34.649 Z-1.600 F400.000
G1 X25.117 Y34.362 Z-1.600 F400.000
G1 X24.955 Y34.059 Z-1.600 F400.000
G1 X24.782 Y33.800 Z-1.600 F400.000
G1 X24.565 Y33.535 Z-1.600 F400.000
G1 X24.345 Y33.315 Z-1.600 F400.000
G1 X24.079 Y33.097 Z-1.600 F400.000
G1 X23.821 Y32.924 Z-1.600 F400.000
G1 X23.518 Y32.763 Z-1.600 F400.000
G1 X23.231 Y32.644 Z-1.600 F400.000
G1 X22.902 Y32.544 Z-1.600 F400.000
G1 X22.597 Y32.483 Z-1.600 F400.000
G1 X22.100 Y32.442 Z-1.600 F400.000
G1 X19.328 Y32.442 Z-1.600 F400.000
G1 X19.220 Y32.431 Z-1.600 F400.000
G1 X19.191 Y32.423 Z-1.600 F400.000
G1 X19.164 Y32.408 Z-1.600 F400.000
G1 X19.141 Y32.389 Z-1.600 F400.000
G1 X19.121 Y32.366 Z-1.600 F400.000
G1 X19.107 Y32.339 Z-1.600 F400.000
G1 X19.098 Y32.310 Z-1.600 F400.000
G1 X19.087 Y32.202 Z-1.600 F400.000
G1 X19.087 Y30.495 Z-1.600 F400.000
G1 X19.098 Y30.387 Z-1.600 F400.000
G1 X19.107 Y30.358 Z-1.600 F400.000
G1 X19.121 Y30.331 Z-1.600 F400.000
G1 X19.141 Y30.308 Z-1.600 F400.000
G1 X19.164 Y30.288 Z-1.600 F400.000
G1 X19.191 Y30.274 Z-1.600 F400.000
G1 X19.220 Y30.265 Z-1.600 F400.000
G1 X19.330 Y30.254 Z-1.600 F400.000
G1 X22.256 Y30.247 Z-1.600 F400.000
G1 X22.597 Y30.213 Z-1.600 F400.000
G1 X22.902 Y30.153 Z-1.600 F400.000
G1 X23.231 Y30.053 Z-1.600 F400.000
G1 X23.518 Y29.934 Z-1.600 F400.000
G1 X23.821 Y29.772 Z-1.600 F400.000
G1 X24.079 Y29.599 Z-1.600 F400.000
G1 X24.345 Y29.382 Z-1.600 F400.000
G1 X24.565 Y29.162 Z-1.600 F400.000
G1 X24.782 Y28.896 Z-1.600 F400.000
G1 X24.955 Y28.638 Z-1.600 F400.000
G1 X25.117 Y28.335 Z-1.600 F400.000
G1 X25.236 Y28.048 Z-1.600 F400.000
G1 X25.336 Y27.719 Z-1.600 F400.000
G1 X25.396 Y27.414 Z-1.600 F400.000
G1 X25.438 Y26.917 Z-1.600 F400.000
G1 X25.438 Y3.000 Z-1.600 F400.000
G0 Z5.000
G0 X25.438 Y228.000
G0 Z3.000
G1 X25.438 Y228.000 Z-1.800 F250.000
G1 X25.438 Y213.812 Z-1.800 F400.000
G1 X25.424 Y213.605 Z-1.800 F400.000
G1 X25.390 Y213.346 Z-1.800 F400.000
G1 X25.283 Y212.946 Z-1.800 F400.000
G1 X25.183 Y212.705 Z-1.800 F400.000
G1 X24.975 Y212.346 Z-1.800 F400.000
G1 X24.817 Y212.139 Z-1.800 F400.000
G1 X24.524 Y211.846 Z-1.800 F400.000
G1 X24.316 Y211.687 Z-1.800 F400.000
G1 X23.958 Y211.480 Z-1.800 F400.000
G1 X23.716 Y211.380 Z-1.800 F400.000
G1 X23.316 Y211.273 Z-1.800 F400.000
G1 X23.057 Y211.239 Z-1.800 F400.000
G1 X22.850 Y211.225 Z-1.800 F400.000
G1 X21.445 Y211.225 Z-1.800 F400.000
G1 X21.336 Y211.214 Z-1.800 F400.000
G1 X21.307 Y211.206 Z-1.800 F400.000
G1 X21.281 Y211.191 Z-1.800 F400.000
G1 X21.257 Y211.172 Z-1.800 F400.000
G1 X21.238 Y211.149 Z-1.800 F400.000
G1 X21.224 Y211.122 Z-1.800 F400.000
G1 X21.215 Y211.093 Z-1.800 F400.000
G1 X21.204 Y210.985 Z-1.800 F400.000
G1 X21.204 Y208.093 Z-1.800 F400.000
G1 X21.207 Y208.033 Z-1.800 F400.000
G1 X21.210 Y208.015 Z-1.800 F400.000
G1 X21.215 Y207.999 Z-1.800 F400.000
G1 X21.238 Y207.942 Z-1.800 F400.000
G1 X25.159 Y199.527 Z-1.800 F400.000
G1 X25.286 Y199.186 Z-1.800 F400.000
G1 X25.375 Y198.833 Z-1.800 F400.000
G1 X25.425 Y198.473 Z-1.800 F400.000
G1 X25.438 Y198.196 Z-1.800 F400.000
G1 X25.438 Y175.328 Z-1.800 F400.000
G1 X25.424 Y175.121 Z-1.800 F400.000
G1 X25.390 Y174.862 Z-1.800 F400.000
G1 X25.283 Y174.462 Z-1.800 F400.000
G1 X25.183 Y174.221 Z-1.800 F400.000
G1 X24.975 Y173.862 Z-1.800 F400.000
G1 X24.817 Y173.655 Z-1.800 F400.000
G1 X24.524 Y173.362 Z-1.800 F400.000
G1 X24.316 Y173.203 Z-1.800 F400.000
G1 X23.958 Y172.996 Z-1.800 F400.000
G1 X23.716 Y172.896 Z-1.800 F400.000
G1 X23.316 Y172.789 Z-1.800 F400.000
G1 X23.057 Y172.755 Z-1.800 F400.000
G1 X22.850 Y172.741 Z-1.800 F400.000
G1 X21.445 Y172.741 Z-1.800 F400.000
G1 X21.336 Y172.730 Z-1.800 F400.000
G1 X21.307 Y172.722 Z-1.800 F400.000
G1 X21.281 Y172.707 Z-1.800 F400.000
G1 X21.257 Y172.688 Z-1.800 F400.000
G1 X21.238 Y172.664 Z-1.800 F400.000
G1 X21.224 Y172.638 Z-1.800 F400.000
G1 X21.215 Y172.609 Z-1.800 F400.000
G1 X21.204 Y172.500 Z-1.800 F400.000
G1 X21.204 Y169.609 Z-1.800 F400.000
G1 X21.207 Y169.549 Z-1.800 F400.000
G1 X21.210 Y169.531 Z-1.800 F400.000
G1 X21.215 Y169.515 Z-1.800 F400.000
G1 X21.238 Y169.458 Z-1.800 F400.000
G1 X25.159 Y161.043 Z-1.800 F400.000
G1 X25.286 Y160.702 Z-1.800 F400.000
G1 X25.375 Y160.349 Z-1.800 F400.000
G1 X25.425 Y159.989 Z-1.800 F400.000
G1 X25.438 Y159.712 Z-1.800 F400.000
G1 X25.438 Y136.844 Z-1.800 F400.000
G1 X25.424 Y136.637 Z-1.800 F400.000
G1 X25.390 Y136.378 Z-1.800 F400.000
G1 X25.283 Y135.978 Z-1.800 F400.000
G1 X25.183 Y135.737 Z-1.800 F400.000
G1 X24.975 Y135.378 Z-1.800 F400.000
G1 X24.817 Y135.171 Z-1.800 F400.000
G1 X24.524 Y134.878 Z-1.800 F400.000
G1 X24.316 Y134.719 Z-1.800 F400.000
G1 X23.958 Y134.512 Z-1.800 F400.000
G1 X23.716 Y134.412 Z-1.800 F400.000
G1 X23.316 Y134.305 Z-1.800 F400.000
G1 X23.057 Y134.271 Z-1.800 F400.000
G1 X22.850 Y134.257 Z-1.800 F400.000
G1 X21.445 Y134.257 Z-1.800 F400.000
G1 X21.336 Y134.246 Z-1.800 F400.000
G1 X21.307 Y134.238 Z-1.800 F400.000
G1 X21.281 Y134.223 Z-1.800 F400.000
G1 X21.257 Y134.204 Z-1.800 F400.000
G1 X21.238 Y134.180 Z-1.800 F400.000
G1 X21.224 Y134.154 Z-1.800 F400.000
G1 X21.215 Y134.125 Z-1.800 F400.000
G1 X21.204 Y134.016 Z-1.800 F400.000
G1 X21.204 Y131.125 Z-1.800 F400.000
G1 X21.207 Y131.065 Z-1.800 F400.000
G1 X21.210 Y131.047 Z-1.800 F400.000
G1 X21.215 Y131.031 Z-1.800 F400.000
G1 X21.238 Y130.974 Z-1.800 F400.000
G1 X25.159 Y122.559 Z-1.800 F400.000
G1 X25.286 Y122.218 Z-1.800 F400.000
G1 X25.375 Y121.865 Z-1.800 F400.000
G1 X25.425 Y121.505 Z-1.800 F400.000
G1 X25.438 Y121.228 Z-1.800 F400.000
G1 X25.438 Y98.360 Z-1.800 F400.000
G1 X25.424 Y98.153 Z-1.800 F400.000
G1 X25.390 Y97.894 Z-1.800 F400.000
G1 X25.283 Y97.494 Z-1.800 F400.000
G1 X25.183 Y97.253 Z-1.800 F400.000
G1 X24.975 Y96.894 Z-1.800 F400.000
G1 X24.817 Y96.687 Z-1.800 F400.000
G1 X24.524 Y96.394 Z-1.800 F400.000
G1 X24.316 Y96.235 Z-1.800 F400.000
G1 X23.958 Y96.028 Z-1.800 F400.000
G1 X23.716 Y95.928 Z-1.800 F400.000
G1 X23.316 Y95.821 Z-1.800 F400.000
G1 X23.057 Y95.787 Z-1.800 F400.000
G1 X22.850 Y95.773 Z-1.800 F400.000
G1 X21.445 Y95.773 Z-1.800 F400.000
G1 X21.336 Y95.762 Z-1.800 F400.000
G1 X21.307 Y95.753 Z-1.800 F400.000
G1 X21.281 Y95.739 Z-1.800 F400.000
G1 X21.257 Y95.720 Z-1.800 F400.000
G1 X21.238 Y95.696 Z-1.800 F400.000
G1 X21.224 Y95.670 Z-1.800 F400.000
G1 X21.215 Y95.641 Z-1.800 F400.000
G1 X21.204 Y95.532 Z-1.800 F400.000
G1 X21.204 Y92.641 Z-1.800 F400.000
G1 X21.207 Y92.581 Z-1.800 F400.000
G1 X21.210 Y92.563 Z-1.800 F400.000
G1 X21.215 Y92.546 Z-1.800 F400.000
G1 X21.238 Y92.490 Z-1.800 F400.000
G1 X25.159 Y84.075 Z-1.800 F400.000
G1 X25.286 Y83.734 Z-1.800 F400.000
G1 X25.375 Y83.381 Z-1.800 F400.000
G1 X25.425 Y83.021 Z-1.800 F400.000
G1 X25.438 Y82.744 Z-1.800 F400.000
G1 X25.438 Y59.876 Z-1.800 F400.000
G1 X25.424 Y59.669 Z-1.800 F400.000
G1 X25.390 Y59.410 Z-1.800 F400.000
G1 X25.283 Y59.010 Z-1.800 F400.000
G1 X25.183 Y58.769 Z-1.800 F400.000
G1 X24.975 Y58.410 Z-1.800 F400.000
G1 X24.817 Y58.203 Z-1.800 F400.000
G1 X24.524 Y57.910 Z-1.800 F400.000
G1 X24.316 Y57.751 Z-1.800 F400.000
G1 X23.958 Y57.544 Z-1.800 F400.000
G1 X23.716 Y57.444 Z-1.800 F400.000
G1 X23.316 Y57.337 Z-1.800 F400.000
G1 X23.057 Y57.303 Z-1.800 F400.000
G1 X22.850 Y57.289 Z-1.800 F400.000
G1 X21.445 Y57.289 Z-1.800 F400.000
G1 X21.336 Y57.278 Z-1.800 F400.000
G1 X21.307 Y57.269 Z-1.800 F400.000
G1 X21.281 Y57.255 Z-1.800 F400.000
G1 X21.257 Y57.236 Z-1.800 F400.000
G1 X21.238 Y57.212 Z-1.800 F400.000
G1 X21.224 Y57.186 Z-1.800 F400.000
G1 X21.215 Y57.157 Z-1.800 F400.000
G1 X21.204 Y57.048 Z-1.800 F400.000
G1 X21.204 Y54.157 Z-1.800 F400.000
G1 X21.207 Y54.097 Z-1.800 F400.000
G1 X21.210 Y54.079 Z-1.800 F400.000
G1 X21.215 Y54.062 Z-1.800 F400.000
G1 X21.238 Y54.006 Z-1.800 F400.000
G1 X25.159 Y45.591 Z-1.800 F400.000
G1 X25.286 Y45.250 Z-1.800 F400.000
G1 X25.375 Y44.897 Z-1.800 F400.000
G1 X25.425 Y44.537 Z-1.800 F400.000
G1 X25.438 Y44.260 Z-1.800 F400.000
G1 X25.430 Y35.624 Z-1.800 F400.000
G1 X25.396 Y35.283 Z-1.800 F400.000
G1 X25.336 Y34.977 Z-1.800 F400.000
G1 X25.236 Y34.649 Z-1.800 F400.000
G1 X25.117 Y34.362 Z-1.800 F400.000
G1 X24.955 Y34.059 Z-1.800 F400.000
G1 X24.782 Y33.800 Z-1.800 F400.000
G1 X24.565 Y33.535 Z-1.800 F400.000
G1 X24.345 Y33.315 Z-1.800 F400.000
G1 X24.079 Y33.097 Z-1.800 F400.000
G1 X23.821 Y32.924 Z-1.800 F400.000
G1 X23.518 Y32.763 Z-1.800 F400.000
G1 X23.231 Y32.644 Z-1.800 F400.000
G1 X22.902 Y32.544 Z-1.800 F400.000
G1 X22.597 Y32.483 Z-1.800 F400.000
G1 X22.100 Y32.442 Z-1.800 F400.000
G1 X19.328 Y32.442 Z-1.800 F400.000
G1 X19.220 Y32.431 Z-1.800 F400.000
G1 X19.191 Y32.423 Z-1.800 F400.000
G1 X19.164 Y32.408 Z-1.800 F400.000
G1 X19.141 Y32.389 Z-1.800 F400.000
G1 X19.121 Y32.366 Z-1.800 F400.000
G1 X19.107 Y32.339 Z-1.800 F400.000
G1 X19.098 Y32.310 Z-1.800 F400.000
G1 X19.087 Y32.202 Z-1.800 F400.000
G1 X19.087 Y30.495 Z-1.800 F400.000
G1 X19.098 Y30.387 Z-1.800 F400.000
G1 X19.107 Y30.358 Z-1.800 F400.000
G1 X19.121 Y30.331 Z-1.800 F400.000
G1 X19.141 Y30.308 Z-1.800 F400.000
G1 X19.164 Y30.288 Z-1.800 F400.000
G1 X19.191 Y30.274 Z-1.800 F400.000
G1 X19.220 Y30.265 Z-1.800 F400.000
G1 X19.330 Y30.254 Z-1.800 F400.000
G1 X22.256 Y30.247 Z-1.800 F400.000
G1 X22.597 Y30.213 Z-1.800 F400.000
G1 X22.902 Y30.153 Z-1.800 F400.000
G1 X23.231 Y30.053 Z-1.800 F400.000
G1 X23.518 Y29.934 Z-1.800 F400.000
G1 X23.821 Y29.772 Z-1.800 F400.000
G1 X24.079 Y29.599 Z-1.800 F400.000
G1 X24.345 Y29.382 Z-1.800 F400.000
G1 X24.565 Y29.162 Z-1.800 F400.000
G1 X24.782 Y28.896 Z-1.800 F400.000
G1 X24.955 Y28.638 Z-1.800 F400.000
G1 X25.117 Y28.335 Z-1.800 F400.000
G1 X25.236 Y28.048 Z-1.800 F400.000
G1 X25.336 Y27.719 Z-1.800 F400.000
G1 X25.396 Y27.414 Z-1.800 F400.000
G1 X25.438 Y26.917 Z-1.800 F400.000
G1 X25.438 Y3.000 Z-1.800 F400.000
G0 Z5.000
G0 X25.438 Y228.000
G0 Z3.000
G1 X25.438 Y228.000 Z-2.000 F250.000
G1 X25.438 Y213.812 Z-2.000 F400.000
G1 X25.424 Y213.605 Z-2.000 F400.000
G1 X25.390 Y213.346 Z-2.000 F400.000
G1 X25.283 Y212.946 Z-2.000 F400.000
G1 X25.183 Y212.705 Z-2.000 F400.000
G1 X24.975 Y212.346 Z-2.000 F400.000
G1 X24.817 Y212.139 Z-2.000 F400.000
G1 X24.524 Y211.846 Z-2.000 F400.000
G1 X24.316 Y211.687 Z-2.000 F400.000
G1 X23.958 Y211.480 Z-2.000 F400.000
G1 X23.716 Y211.380 Z-2.000 F400.000
G1 X23.316 Y211.273 Z-2.000 F400.000
G1 X23.057 Y211.239 Z-2.000 F400.000
G1 X22.850 Y211.225 Z-2.000 F400.000
G1 X21.445 Y211.225 Z-2.000 F400.000
G1 X21.336 Y211.214 Z-2.000 F400.000
G1 X21.307 Y211.206 Z-2.000 F400.000
G1 X21.281 Y211.191 Z-2.000 F400.000
G1 X21.257 Y211.172 Z-2.000 F400.000
G1 X21.238 Y211.149 Z-2.000 F400.000
G1 X21.224 Y211.122 Z-2.000 F400.000
G1 X21.215 Y211.093 Z-2.000 F400.000
G1 X21.204 Y210.985 Z-2.000 F400.000
G1 X21.204 Y208.093 Z-2.000 F400.000
G1 X21.207 Y208.033 Z-2.000 F400.000
G1 X21.210 Y208.015 Z-2.000 F400.000
G1 X21.215 Y207.999 Z-2.000 F400.000
G1 X21.238 Y207.942 Z-2.000 F400.000
G1 X25.159 Y199.527 Z-2.000 F400.000
G1 X25.286 Y199.186 Z-2.000 F400.000
G1 X25.375 Y198.833 Z-2.000 F400.000
G1 X25.425 Y198.473 Z-2.000 F400.000
G1 X25.438 Y198.196 Z-2.000 F400.000
G1 X25.438 Y175.328 Z-2.000 F400.000
G1 X25.424 Y175.121 Z-2.000 F400.000
G1 X25.390 Y174.862 Z-2.000 F400.000
G1 X25.283 Y174.462 Z-2.000 F400.000
G1 X25.183 Y174.221 Z-2.000 F400.000
G1 X24.975 Y173.862 Z-2.000 F400.000
G1 X24.817 Y173.655 Z-2.000 F400.000
G1 X24.524 Y173.362 Z-2.000 F400.000
G1 X24.316 Y173.203 Z-2.000 F400.000
G1 X23.958 Y172.996 Z-2.000 F400.000
G1 X23.716 Y172.896 Z-2.000 F400.000
G1 X23.316 Y172.789 Z-2.000 F400.000
G1 X23.057 Y172.755 Z-2.000 F400.000
G1 X22.850 Y172.741 Z-2.000 F400.000
G1 X21.445 Y172.741 Z-2.000 F400.000
G1 X21.336 Y172.730 Z-2.000 F400.000
G1 X21.307 Y172.722 Z-2.000 F400.000
G1 X21.281 Y172.707 Z-2.000 F400.000
G1 X21.257 Y172.688 Z-2.000 F400.000
G1 X21.238 Y172.664 Z-2.000 F400.000
G1 X21.224 Y172.638 Z-2.000 F400.000
G1 X21.215 Y172.609 Z-2.000 F400.000
G1 X21.204 Y172.500 Z-2.000 F400.000
G1 X21.204 Y169.609 Z-2.000 F400.000
G1 X21.207 Y169.549 Z-2.000 F400.000
G1 X21.210 Y169.531 Z-2.000 F400.000
G1 X21.215 Y169.515 Z-2.000 F400.000
G1 X21.238 Y169.458 Z-2.000 F400.000
G1 X25.159 Y161.043 Z-2.000 F400.000
G1 X25.286 Y160.702 Z-2.000 F400.000
G1 X25.375 Y160.349 Z-2.000 F400.000
G1 X25.425 Y159.989 Z-2.000 F400.000
G1 X25.438 Y159.712 Z-2.000 F400.000
G1 X25.438 Y136.844 Z-2.000 F400.000
G1 X25.424 Y136.637 Z-2.000 F400.000
G1 X25.390 Y136.378 Z-2.000 F400.000
G1 X25.283 Y135.978 Z-2.000 F400.000
G1 X25.183 Y135.737 Z-2.000 F400.000
G1 X24.975 Y135.378 Z-2.000 F400.000
G1 X24.817 Y135.171 Z-2.000 F400.000
G1 X24.524 Y134.878 Z-2.000 F400.000
G1 X24.316 Y134.719 Z-2.000 F400.000
G1 X23.958 Y134.512 Z-2.000 F400.000
G1 X23.716 Y134.412 Z-2.000 F400.000
G1 X23.316 Y134.305 Z-2.000 F400.000
G1 X23.057 Y134.271 Z-2.000 F400.000
G1 X22.850 Y134.257 Z-2.000 F400.000
G1 X21.445 Y134.257 Z-2.000 F400.000
G1 X21.336 Y134.246 Z-2.000 F400.000
G1 X21.307 Y134.238 Z-2.000 F400.000
G1 X21.281 Y134.223 Z-2.000 F400.000
G1 X21.257 Y134.204 Z-2.000 F400.000
G1 X21.238 Y134.180 Z-2.000 F400.000
G1 X21.224 Y134.154 Z-2.000 F400.000
G1 X21.215 Y134.125 Z-2.000 F400.000
G1 X21.204 Y134.016 Z-2.000 F400.000
G1 X21.204 Y131.125 Z-2.000 F400.000
G1 X21.207 Y131.065 Z-2.000 F400.000
G1 X21.210 Y131.047 Z-2.000 F400.000
G1 X21.215 Y131.031 Z-2.000 F400.000
G1 X21.238 Y130.974 Z-2.000 F400.000
G1 X25.159 Y122.559 Z-2.000 F400.000
G1 X25.286 Y122.218 Z-2.000 F400.000
G1 X25.375 Y121.865 Z-2.000 F400.000
G1 X25.425 Y121.505 Z-2.000 F400.000
G1 X25.438 Y121.228 Z-2.000 F400.000
G1 X25.438 Y98.360 Z-2.000 F400.000
G1 X25.424 Y98.153 Z-2.000 F400.000
G1 X25.390 Y97.894 Z-2.000 F400.000
G1 X25.283 Y97.494 Z-2.000 F400.000
G1 X25.183 Y97.253 Z-2.000 F400.000
G1 X24.975 Y96.894 Z-2.000 F400.000
G1 X24.817 Y96.687 Z-2.000 F400.000
G1 X24.524 Y96.394 Z-2.000 F400.000
G1 X24.316 Y96.235 Z-2.000 F400.000
G1 X23.958 Y96.028 Z-2.000 F400.000
G1 X23.716 Y95.928 Z-2.000 F400.000
G1 X23.316 Y95.821 Z-2.000 F400.000
G1 X23.057 Y95.787 Z-2.000 F400.000
G1 X22.850 Y95.773 Z-2.000 F400.000
G1 X21.445 Y95.773 Z-2.000 F400.000
G1 X21.336 Y95.762 Z-2.000 F400.000
G1 X21.307 Y95.753 Z-2.000 F400.000
G1 X21.281 Y95.739 Z-2.000 F400.000
G1 X21.257 Y95.720 Z-2.000 F400.000
G1 X21.238 Y95.696 Z-2.000 F400.000
G1 X21.224 Y95.670 Z-2.000 F400.000
G1 X21.215 Y95.641 Z-2.000 F400.000
G1 X21.204 Y95.532 Z-2.000 F400.000
G1 X21.204 Y92.641 Z-2.000 F400.000
G1 X21.207 Y92.581 Z-2.000 F400.000
G1 X21.210 Y92.563 Z-2.000 F400.000
G1 X21.215 Y92.546 Z-2.000 F400.000
G1 X21.238 Y92.490 Z-2.000 F400.000
G1 X25.159 Y84.075 Z-2.000 F400.000
G1 X25.286 Y83.734 Z-2.000 F400.000
G1 X25.375 Y83.381 Z-2.000 F400.000
G1 X25.425 Y83.021 Z-2.000 F400.000
G1 X25.438 Y82.744 Z-2.000 F400.000
G1 X25.438 Y59.876 Z-2.000 F400.000
G1 X25.424 Y59.669 Z-2.000 F400.000
G1 X25.390 Y59.410 Z-2.000 F400.000
G1 X25.283 Y59.010 Z-2.000 F400.000
G1 X25.183 Y58.769 Z-2.000 F400.000
G1 X24.975 Y58.410 Z-2.000 F400.000
G1 X24.817 Y58.203 Z-2.000 F400.000
G1 X24.524 Y57.910 Z-2.000 F400.000
G1 X24.316 Y57.751 Z-2.000 F400.000
G1 X23.958 Y57.544 Z-2.000 F400.000
G1 X23.716 Y57.444 Z-2.000 F400.000
G1 X23.316 Y57.337 Z-2.000 F400.000
G1 X23.057 Y57.303 Z-2.000 F400.000
G1 X22.850 Y57.289 Z-2.000 F400.000
G1 X21.445 Y57.289 Z-2.000 F400.000
G1 X21.336 Y57.278 Z-2.000 F400.000
G1 X21.307 Y57.269 Z-2.000 F400.000
G1 X21.281 Y57.255 Z-2.000 F400.000
G1 X21.257 Y57.236 Z-2.000 F400.000
G1 X21.238 Y57.212 Z-2.000 F400.000
G1 X21.224 Y57.186 Z-2.000 F400.000
G1 X21.215 Y57.157 Z-2.000 F400.000
G1 X21.204 Y57.048 Z-2.000 F400.000
G1 X21.204 Y54.157 Z-2.000 F400.000
G1 X21.207 Y54.097 Z-2.000 F400.000
G1 X21.210 Y54.079 Z-2.000 F400.000
G1 X21.215 Y54.062 Z-2.000 F400.000
G1 X21.238 Y54.006 Z-2.000 F400.000
G1 X25.159 Y45.591 Z-2.000 F400.000
G1 X25.286 Y45.250 Z-2.000 F400.000
G1 X25.375 Y44.897 Z-2.000 F400.000
G1 X25.425 Y44.537 Z-2.000 F400.000
G1 X25.438 Y44.260 Z-2.000 F400.000
G1 X25.430 Y35.624 Z-2.000 F400.000
G1 X25.396 Y35.283 Z-2.000 F400.000
G1 X25.336 Y34.977 Z-2.000 F400.000
G1 X25.236 Y34.649 Z-2.000 F400.000
G1 X25.117 Y34.362 Z-2.000 F400.000
G1 X24.955 Y34.059 Z-2.000 F400.000
G1 X24.782 Y33.800 Z-2.000 F400.000
G1 X24.565 Y33.535 Z-2.000 F400.000
G1 X24.345 Y33.315 Z-2.000 F400.000
G1 X24.079 Y33.097 Z-2.000 F400.000
G1 X23.821 Y32.924 Z-2.000 F400.000
G1 X23.518 Y32.763 Z-2.000 F400.000
G1 X23.231 Y32.644 Z-2.000 F400.000
G1 X22.902 Y32.544 Z-2.000 F400.000
G1 X22.597 Y32.483 Z-2.000 F400.000
G1 X22.100 Y32.442 Z-2.000 F400.000
G1 X19.328 Y32.442 Z-2.000 F400.000
G1 X19.220 Y32.431 Z-2.000 F400.000
G1 X19.191 Y32.423 Z-2.000 F400.000
G1 X19.164 Y32.408 Z-2.000 F400.000
G1 X19.141 Y32.389 Z-2.000 F400.000
G1 X19.121 Y32.366 Z-2.000 F400.000
G1 X19.107 Y32.339 Z-2.000 F400.000
G1 X19.098 Y32.310 Z-2.000 F400.000
G1 X19.087 Y32.202 Z-2.000 F400.000
G1 X19.087 Y30.495 Z-2.000 F400.000
G1 X19.098 Y30.387 Z-2.000 F400.000
G1 X19.107 Y30.358 Z-2.000 F400.000
G1 X19.121 Y30.331 Z-2.000 F400.000
G1 X19.141 Y30.308 Z-2.000 F400.000
G1 X19.164 Y30.288 Z-2.000 F400.000
G1 X19.191 Y30.274 Z-2.000 F400.000
G1 X19.220 Y30.265 Z-2.000 F400.000
G1 X19.330 Y30.254 Z-2.000 F400.000
G1 X22.256 Y30.247 Z-2.000 F400.000
G1 X22.597 Y30.213 Z-2.000 F400.000
G1 X22.902 Y30.153 Z-2.000 F400.000
G1 X23.231 Y30.053 Z-2.000 F400.000
G1 X23.518 Y29.934 Z-2.000 F400.000
G1 X23.821 Y29.772 Z-2.000 F400.000
G1 X24.079 Y29.599 Z-2.000 F400.000
G1 X24.345 Y29.382 Z-2.000 F400.000
G1 X24.565 Y29.162 Z-2.000 F400.000
G1 X24.782 Y28.896 Z-2.000 F400.000
G1 X24.955 Y28.638 Z-2.000 F400.000
G1 X25.117 Y28.335 Z-2.000 F400.000
G1 X25.236 Y28.048 Z-2.000 F400.000
G1 X25.336 Y27.719 Z-2.000 F400.000
G1 X25.396 Y27.414 Z-2.000 F400.000
G1 X25.438 Y26.917 Z-2.000 F400.000
G1 X25.438 Y3.000 Z-2.000 F400.000
G0 Z5.000
G0 X25.438 Y228.000
G0 Z3.000
G1 X25.438 Y228.000 Z-2.200 F250.000
G1 X25.438 Y213.812 Z-2.200 F400.000
G1 X25.424 Y213.605 Z-2.200 F400.000
G1 X25.390 Y213.346 Z-2.200 F400.000
G1 X25.283 Y212.946 Z-2.200 F400.000
G1 X25.183 Y212.705 Z-2.200 F400.000
G1 X24.975 Y212.346 Z-2.200 F400.000
G1 X24.817 Y212.139 Z-2.200 F400.000
G1 X24.524 Y211.846 Z-2.200 F400.000
G1 X24.316 Y211.687 Z-2.200 F400.000
G1 X23.958 Y211.480 Z-2.200 F400.000
G1 X23.716 Y211.380 Z-2.200 F400.000
G1 X23.316 Y211.273 Z-2.200 F400.000
G1 X23.057 Y211.239 Z-2.200 F400.000
G1 X22.850 Y211.225 Z-2.200 F400.000
G1 X21.445 Y211.225 Z-2.200 F400.000
G1 X21.336 Y211.214 Z-2.200 F400.000
G1 X21.307 Y211.206 Z-2.200 F400.000
G1 X21.281 Y211.191 Z-2.200 F400.000
G1 X21.257 Y211.172 Z-2.200 F400.000
G1 X21.238 Y211.149 Z-2.200 F400.000
G1 X21.224 Y211.122 Z-2.200 F400.000
G1 X21.215 Y211.093 Z-2.200 F400.000
G1 X21.204 Y210.985 Z-2.200 F400.000
G1 X21.204 Y208.093 Z-2.200 F400.000
G1 X21.207 Y208.033 Z-2.200 F400.000
G1 X21.210 Y208.015 Z-2.200 F400.000
G1 X21.215 Y207.999 Z-2.200 F400.000
G1 X21.238 Y207.942 Z-2.200 F400.000
G1 X25.159 Y199.527 Z-2.200 F400.000
G1 X25.286 Y199.186 Z-2.200 F400.000
G1 X25.375 Y198.833 Z-2.200 F400.000
G1 X25.425 Y198.473 Z-2.200 F400.000
G1 X25.438 Y198.196 Z-2.200 F400.000
G1 X25.438 Y175.328 Z-2.200 F400.000
G1 X25.424 Y175.121 Z-2.200 F400.000
G1 X25.390 Y174.862 Z-2.200 F400.000
G1 X25.283 Y174.462 Z-2.200 F400.000
G1 X25.183 Y174.221 Z-2.200 F400.000
G1 X24.975 Y173.862 Z-2.200 F400.000
G1 X24.817 Y173.655 Z-2.200 F400.000
G1 X24.524 Y173.362 Z-2.200 F400.000
G1 X24.316 Y173.203 Z-2.200 F400.000
G1 X23.958 Y172.996 Z-2.200 F400.000
G1 X23.716 Y172.896 Z-2.200 F400.000
G1 X23.316 Y172.789 Z-2.200 F400.000
G1 X23.057 Y172.755 Z-2.200 F400.000
G1 X22.850 Y172.741 Z-2.200 F400.000
G1 X21.445 Y172.741 Z-2.200 F400.000
G1 X21.336 Y172.730 Z-2.200 F400.000
G1 X21.307 Y172.722 Z-2.200 F400.000
G1 X21.281 Y172.707 Z-2.200 F400.000
G1 X21.257 Y172.688 Z-2.200 F400.000
G1 X21.238 Y172.664 Z-2.200 F400.000
G1 X21.224 Y172.638 Z-2.200 F400.000
G1 X21.215 Y172.609 Z-2.200 F400.000
G1 X21.204 Y172.500 Z-2.200 F400.000
G1 X21.204 Y169.609 Z-2.200 F400.000
G1 X21.207 Y169.549 Z-2.200 F400.000
G1 X21.210 Y169.531 Z-2.200 F400.000
G1 X21.215 Y169.515 Z-2.200 F400.000
G1 X21.238 Y169.458 Z-2.200 F400.000
G1 X25.159 Y161.043 Z-2.200 F400.000
G1 X25.286 Y160.702 Z-2.200 F400.000
G1 X25.375 Y160.349 Z-2.200 F400.000
G1 X25.425 Y159.989 Z-2.200 F400.000
G1 X25.438 Y159.712 Z-2.200 F400.000
G1 X25.438 Y136.844 Z-2.200 F400.000
G1 X25.424 Y136.637 Z-2.200 F400.000
G1 X25.390 Y136.378 Z-2.200 F400.000
G1 X25.283 Y135.978 Z-2.200 F400.000
G1 X25.183 Y135.737 Z-2.200 F400.000
G1 X24.975 Y135.378 Z-2.200 F400.000
G1 X24.817 Y135.171 Z-2.200 F400.000
G1 X24.524 Y134.878 Z-2.200 F400.000
G1 X24.316 Y134.719 Z-2.200 F400.000
G1 X23.958 Y134.512 Z-2.200 F400.000
G1 X23.716 Y134.412 Z-2.200 F400.000
G1 X23.316 Y134.305 Z-2.200 F400.000
G1 X23.057 Y134.271 Z-2.200 F400.000
G1 X22.850 Y134.257 Z-2.200 F400.000
G1 X21.445 Y134.257 Z-2.200 F400.000
G1 X21.336 Y134.246 Z-2.200 F400.000
G1 X21.307 Y134.238 Z-2.200 F400.000
G1 X21.281 Y134.223 Z-2.200 F400.000
G1 X21.257 Y134.204 Z-2.200 F400.000
G1 X21.238 Y134.180 Z-2.200 F400.000
G1 X21.224 Y134.154 Z-2.200 F400.000
G1 X21.215 Y134.125 Z-2.200 F400.000
G1 X21.204 Y134.016 Z-2.200 F400.000
G1 X21.204 Y131.125 Z-2.200 F400.000
G1 X21.207 Y131.065 Z-2.200 F400.000
G1 X21.210 Y131.047 Z-2.200 F400.000
G1 X21.215 Y131.031 Z-2.200 F400.000
G1 X21.238 Y130.974 Z-2.200 F400.000
G1 X25.159 Y122.559 Z-2.200 F400.000
G1 X25.286 Y122.218 Z-2.200 F400.000
G1 X25.375 Y121.865 Z-2.200 F400.000
G1 X25.425 Y121.505 Z-2.200 F400.000
G1 X25.438 Y121.228 Z-2.200 F400.000
G1 X25.438 Y98.360 Z-2.200 F400.000
G1 X25.424 Y98.153 Z-2.200 F400.000
G1 X25.390 Y97.894 Z-2.200 F400.000
G1 X25.283 Y97.494 Z-2.200 F400.000
G1 X25.183 Y97.253 Z-2.200 F400.000
G1 X24.975 Y96.894 Z-2.200 F400.000
G1 X24.817 Y96.687 Z-2.200 F400.000
G1 X24.524 Y96.394 Z-2.200 F400.000
G1 X24.316 Y96.235 Z-2.200 F400.000
G1 X23.958 Y96.028 Z-2.200 F400.000
G1 X23.716 Y95.928 Z-2.200 F400.000
G1 X23.316 Y95.821 Z-2.200 F400.000
G1 X23.057 Y95.787 Z-2.200 F400.000
G1 X22.850 Y95.773 Z-2.200 F400.000
G1 X21.445 Y95.773 Z-2.200 F400.000
G1 X21.336 Y95.762 Z-2.200 F400.000
G1 X21.307 Y95.753 Z-2.200 F400.000
G1 X21.281 Y95.739 Z-2.200 F400.000
G1 X21.257 Y95.720 Z-2.200 F400.000
G1 X21.238 Y95.696 Z-2.200 F400.000
G1 X21.224 Y95.670 Z-2.200 F400.000
G1 X21.215 Y95.641 Z-2.200 F400.000
G1 X21.204 Y95.532 Z-2.200 F400.000
G1 X21.204 Y92.641 Z-2.200 F400.000
G1 X21.207 Y92.581 Z-2.200 F400.000
G1 X21.210 Y92.563 Z-2.200 F400.000
G1 X21.215 Y92.546 Z-2.200 F400.000
G1 X21.238 Y92.490 Z-2.200 F400.000
G1 X25.159 Y84.075 Z-2.200 F400.000
G1 X25.286 Y83.734 Z-2.200 F400.000
G1 X25.375 Y83.381 Z-2.200 F400.000
G1 X25.425 Y83.021 Z-2.200 F400.000
G1 X25.438 Y82.744 Z-2.200 F400.000
G1 X25.438 Y59.876 Z-2.200 F400.000
G1 X25.424 Y59.669 Z-2.200 F400.000
G1 X25.390 Y59.410 Z-2.200 F400.000
G1 X25.283 Y59.010 Z-2.200 F400.000
G1 X25.183 Y58.769 Z-2.200 F400.000
G1 X24.975 Y58.410 Z-2.200 F400.000
G1 X24.817 Y58.203 Z-2.200 F400.000
G1 X24.524 Y57.910 Z-2.200 F400.000
G1 X24.316 Y57.751 Z-2.200 F400.000
G1 X23.958 Y57.544 Z-2.200 F400.000
G1 X23.716 Y57.444 Z-2.200 F400.000
G1 X23.316 Y57.337 Z-2.200 F400.000
G1 X23.057 Y57.303 Z-2.200 F400.000
G1 X22.850 Y57.289 Z-2.200 F400.000
G1 X21.445 Y57.289 Z-2.200 F400.000
G1 X21.336 Y57.278 Z-2.200 F400.000
G1 X21.307 Y57.269 Z-2.200 F400.000
G1 X21.281 Y57.255 Z-2.200 F400.000
G1 X21.257 Y57.236 Z-2.200 F400.000
G1 X21.238 Y57.212 Z-2.200 F400.000
G1 X21.224 Y57.186 Z-2.200 F400.000
G1 X21.215 Y57.157 Z-2.200 F400.000
G1 X21.204 Y57.048 Z-2.200 F400.000
G1 X21.204 Y54.157 Z-2.200 F400.000
G1 X21.207 Y54.097 Z-2.200 F400.000
G1 X21.210 Y54.079 Z-2.200 F400.000
G1 X21.215 Y54.062 Z-2.200 F400.000
G1 X21.238 Y54.006 Z-2.200 F400.000
G1 X25.159 Y45.591 Z-2.200 F400.000
G1 X25.286 Y45.250 Z-2.200 F400.000
G1 X25.375 Y44.897 Z-2.200 F400.000
G1 X25.425 Y44.537 Z-2.200 F400.000
G1 X25.438 Y44.260 Z-2.200 F400.000
G1 X25.430 Y35.624 Z-2.200 F400.000
G1 X25.396 Y35.283 Z-2.200 F400.000
G1 X25.336 Y34.977 Z-2.200 F400.000
G1 X25.236 Y34.649 Z-2.200 F400.000
G1 X25.117 Y34.362 Z-2.200 F400.000
G1 X24.955 Y34.059 Z-2.200 F400.000
G1 X24.782 Y33.800 Z-2.200 F400.000
G1 X24.565 Y33.535 Z-2.200 F400.000
G1 X24.345 Y33.315 Z-2.200 F400.000
G1 X24.079 Y33.097 Z-2.200 F400.000
G1 X23.821 Y32.924 Z-2.200 F400.000
G1 X23.518 Y32.763 Z-2.200 F400.000
G1 X23.231 Y32.644 Z-2.200 F400.000
G1 X22.902 Y32.544 Z-2.200 F400.000
G1 X22.597 Y32.483 Z-2.200 F400.000
G1 X22.100 Y32.442 Z-2.200 F400.000
G1 X19.328 Y32.442 Z-2.200 F400.000
G1 X19.220 Y32.431 Z-2.200 F400.000
G1 X19.191 Y32.423 Z-2.200 F400.000
G1 X19.164 Y32.408 Z-2.200 F400.000
G1 X19.141 Y32.389 Z-2.200 F400.000
G1 X19.121 Y32.366 Z-2.200 F400.000
G1 X19.107 Y32.339 Z-2.200 F400.000
G1 X19.098 Y32.310 Z-2.200 F400.000
G1 X19.087 Y32.202 Z-2.200 F400.000
G1 X19.087 Y30.495 Z-2.200 F400.000
G1 X19.098 Y30.387 Z-2.200 F400.000
G1 X19.107 Y30.358 Z-2.200 F400.000
G1 X19.121 Y30.331 Z-2.200 F400.000
G1 X19.141 Y30.308 Z-2.200 F400.000
G1 X19.164 Y30.288 Z-2.200 F400.000
G1 X19.191 Y30.274 Z-2.200 F400.000
G1 X19.220 Y30.265 Z-2.200 F400.000
G1 X19.330 Y30.254 Z-2.200 F400.000
G1 X22.256 Y30.247 Z-2.200 F400.000
G1 X22.597 Y30.213 Z-2.200 F400.000
G1 X22.902 Y30.153 Z-2.200 F400.000
G1 X23.231 Y30.053 Z-2.200 F400.000
G1 X23.518 Y29.934 Z-2.200 F400.000
G1 X23.821 Y29.772 Z-2.200 F400.000
G1 X24.079 Y29.599 Z-2.200 F400.000
G1 X24.345 Y29.382 Z-2.200 F400.000
G1 X24.565 Y29.162 Z-2.200 F400.000
G1 X24.782 Y28.896 Z-2.200 F400.000
G1 X24.955 Y28.638 Z-2.200 F400.000
G1 X25.117 Y28.335 Z-2.200 F400.000
G1 X25.236 Y28.048 Z-2.200 F400.000
G1 X25.336 Y27.719 Z-2.200 F400.000
G1 X25.396 Y27.414 Z-2.200 F400.000
G1 X25.438 Y26.917 Z-2.200 F400.000
G1 X25.438 Y3.000 Z-2.200 F400.000
G0 Z5.000
G0 X25.438 Y228.000
G0 Z3.000
G1 X25.438 Y228.000 Z-2.400 F250.000
G1 X25.438 Y213.812 Z-2.400 F400.000
G1 X25.424 Y213.605 Z-2.400 F400.000
G1 X25.390 Y213.346 Z-2.400 F400.000
G1 X25.283 Y212.946 Z-2.400 F400.000
G1 X25.183 Y212.705 Z-2.400 F400.000
G1 X24.975 Y212.346 Z-2.400 F400.000
G1 X24.817 Y212.139 Z-2.400 F400.000
G1 X24.524 Y211.846 Z-2.400 F400.000
G1 X24.316 Y211.687 Z-2.400 F400.000
G1 X23.958 Y211.480 Z-2.400 F400.000
G1 X23.716 Y211.380 Z-2.400 F400.000
G1 X23.316 Y211.273 Z-2.400 F400.000
G1 X23.057 Y211.239 Z-2.400 F400.000
G1 X22.850 Y211.225 Z-2.400 F400.000
G1 X21.445 Y211.225 Z-2.400 F400.000
G1 X21.336 Y211.214 Z-2.400 F400.000
G1 X21.307 Y211.206 Z-2.400 F400.000
G1 X21.281 Y211.191 Z-2.400 F400.000
G1 X21.257 Y211.172 Z-2.400 F400.000
G1 X21.238 Y211.149 Z-2.400 F400.000
G1 X21.224 Y211.122 Z-2.400 F400.000
G1 X21.215 Y211.093 Z-2.400 F400.000
G1 X21.204 Y210.985 Z-2.400 F400.000
G1 X21.204 Y208.093 Z-2.400 F400.000
G1 X21.207 Y208.033 Z-2.400 F400.000
G1 X21.210 Y208.015 Z-2.400 F400.000
G1 X21.215 Y207.999 Z-2.400 F400.000
G1 X21.238 Y207.942 Z-2.400 F400.000
G1 X25.159 Y199.527 Z-2.400 F400.000
G1 X25.286 Y199.186 Z-2.400 F400.000
G1 X25.375 Y198.833 Z-2.400 F400.000
G1 X25.425 Y198.473 Z-2.400 F400.000
G1 X25.438 Y198.196 Z-2.400 F400.000
G1 X25.438 Y175.328 Z-2.400 F400.000
G1 X25.424 Y175.121 Z-2.400 F400.000
G1 X25.390 Y174.862 Z-2.400 F400.000
G1 X25.283 Y174.462 Z-2.400 F400.000
G1 X25.183 Y174.221 Z-2.400 F400.000
G1 X24.975 Y173.862 Z-2.400 F400.000
G1 X24.817 Y173.655 Z-2.400 F400.000
G1 X24.524 Y173.362 Z-2.400 F400.000
G1 X24.316 Y173.203 Z-2.400 F400.000
G1 X23.958 Y172.996 Z-2.400 F400.000
G1 X23.716 Y172.896 Z-2.400 F400.000
G1 X23.316 Y172.789 Z-2.400 F400.000
G1 X23.057 Y172.755 Z-2.400 F400.000
G1 X22.850 Y172.741 Z-2.400 F400.000
G1 X21.445 Y172.741 Z-2.400 F400.000
G1 X21.336 Y172.730 Z-2.400 F400.000
G1 X21.307 Y172.722 Z-2.400 F400.000
G1 X21.281 Y172.707 Z-2.400 F400.000
G1 X21.257 Y172.688 Z-2.400 F400.000
G1 X21.238 Y172.664 Z-2.400 F400.000
G1 X21.224 Y172.638 Z-2.400 F400.000
G1 X21.215 Y172.609 Z-2.400 F400.000
G1 X21.204 Y172.500 Z-2.400 F400.000
G1 X21.204 Y169.609 Z-2.400 F400.000
G1 X21.207 Y169.549 Z-2.400 F400.000
G1 X21.210 Y169.531 Z-2.400 F400.000
G1 X21.215 Y169.515 Z-2.400 F400.000
G1 X21.238 Y169.458 Z-2.400 F400.000
G1 X25.159 Y161.043 Z-2.400 F400.000
G1 X25.286 Y160.702 Z-2.400 F400.000
G1 X25.375 Y160.349 Z-2.400 F400.000
G1 X25.425 Y159.989 Z-2.400 F400.000
G1 X25.438 Y159.712 Z-2.400 F400.000
G1 X25.438 Y136.844 Z-2.400 F400.000
G1 X25.424 Y136.637 Z-2.400 F400.000
G1 X25.390 Y136.378 Z-2.400 F400.000
G1 X25.283 Y135.978 Z-2.400 F400.000
G1 X25.183 Y135.737 Z-2.400 F400.000
G1 X24.975 Y135.378 Z-2.400 F400.000
G1 X24.817 Y135.171 Z-2.400 F400.000
G1 X24.524 Y134.878 Z-2.400 F400.000
G1 X24.316 Y134.719 Z-2.400 F400.000
G1 X23.958 Y134.512 Z-2.400 F400.000
G1 X23.716 Y134.412 Z-2.400 F400.000
G1 X23.316 Y134.305 Z-2.400 F400.000
G1 X23.057 Y134.271 Z-2.400 F400.000
G1 X22.850 Y134.257 Z-2.400 F400.000
G1 X21.445 Y134.257 Z-2.400 F400.000
G1 X21.336 Y134.246 Z-2.400 F400.000
G1 X21.307 Y134.238 Z-2.400 F400.000
G1 X21.281 Y134.223 Z-2.400 F400.000
G1 X21.257 Y134.204 Z-2.400 F400.000
G1 X21.238 Y134.180 Z-2.400 F400.000
G1 X21.224 Y134.154 Z-2.400 F400.000
G1 X21.215 Y134.125 Z-2.400 F400.000
G1 X21.204 Y134.016 Z-2.400 F400.000
G1 X21.204 Y131.125 Z-2.400 F400.000
G1 X21.207 Y131.065 Z-2.400 F400.000
G1 X21.210 Y131.047 Z-2.400 F400.000
G1 X21.215 Y131.031 Z-2.400 F400.000
G1 X21.238 Y130.974 Z-2.400 F400.000
G1 X25.159 Y122.559 Z-2.400 F400.000
G1 X25.286 Y122.218 Z-2.400 F400.000
G1 X25.375 Y121.865 Z-2.400 F400.000
G1 X25.425 Y121.505 Z-2.400 F400.000
G1 X25.438 Y121.228 Z-2.400 F400.000
G1 X25.438 Y98.360 Z-2.400 F400.000
G1 X25.424 Y98.153 Z-2.400 F400.000
G1 X25.390 Y97.894 Z-2.400 F400.000
G1 X25.283 Y97.494 Z-2.400 F400.000
G1 X25.183 Y97.253 Z-2.400 F400.000
G1 X24.975 Y96.894 Z-2.400 F400.000
G1 X24.817 Y96.687 Z-2.400 F400.000
G1 X24.524 Y96.394 Z-2.400 F400.000
G1 X24.316 Y96.235 Z-2.400 F400.000
G1 X23.958 Y96.028 Z-2.400 F400.000
G1 X23.716 Y95.928 Z-2.400 F400.000
G1 X23.316 Y95.821 Z-2.400 F400.000
G1 X23.057 Y95.787 Z-2.400 F400.000
G1 X22.850 Y95.773 Z-2.400 F400.000
G1 X21.445 Y95.773 Z-2.400 F400.000
G1 X21.336 Y95.762 Z-2.400 F400.000
G1 X21.307 Y95.753 Z-2.400 F400.000
G1 X21.281 Y95.739 Z-2.400 F400.000
G1 X21.257 Y95.720 Z-2.400 F400.000
G1 X21.238 Y95.696 Z-2.400 F400.000
G1 X21.224 Y95.670 Z-2.400 F400.000
G1 X21.215 Y95.641 Z-2.400 F400.000
G1 X21.204 Y95.532 Z-2.400 F400.000
G1 X21.204 Y92.641 Z-2.400 F400.000
G1 X21.207 Y92.581 Z-2.400 F400.000
G1 X21.210 Y92.563 Z-2.400 F400.000
G1 X21.215 Y92.546 Z-2.400 F400.000
G1 X21.238 Y92.490 Z-2.400 F400.000
G1 X25.159 Y84.075 Z-2.400 F400.000
G1 X25.286 Y83.734 Z-2.400 F400.000
G1 X25.375 Y83.381 Z-2.400 F400.000
G1 X25.425 Y83.021 Z-2.400 F400.000
G1 X25.438 Y82.744 Z-2.400 F400.000
G1 X25.438 Y59.876 Z-2.400 F400.000
G1 X25.424 Y59.669 Z-2.400 F400.000
G1 X25.390 Y59.410 Z-2.400 F400.000
G1 X25.283 Y59.010 Z-2.400 F400.000
G1 X25.183 Y58.769 Z-2.400 F400.000
G1 X24.975 Y58.410 Z-2.400 F400.000
G1 X24.817 Y58.203 Z-2.400 F400.000
G1 X24.524 Y57.910 Z-2.400 F400.000
G1 X24.316 Y57.751 Z-2.400 F400.000
G1 X23.958 Y57.544 Z-2.400 F400.000
G1 X23.716 Y57.444 Z-2.400 F400.000
G1 X23.316 Y57.337 Z-2.400 F400.000
G1 X23.057 Y57.303 Z-2.400 F400.000
G1 X22.850 Y57.289 Z-2.400 F400.000
G1 X21.445 Y57.289 Z-2.400 F400.000
G1 X21.336 Y57.278 Z-2.400 F400.000
G1 X21.307 Y57.269 Z-2.400 F400.000
G1 X21.281 Y57.255 Z-2.400 F400.000
G1 X21.257 Y57.236 Z-2.400 F400.000
G1 X21.238 Y57.212 Z-2.400 F400.000
G1 X21.224 Y57.186 Z-2.400 F400.000
G1 X21.215 Y57.157 Z-2.400 F400.000
G1 X21.204 Y57.048 Z-2.400 F400.000
G1 X21.204 Y54.157 Z-2.400 F400.000
G1 X21.207 Y54.097 Z-2.400 F400.000
G1 X21.210 Y54.079 Z-2.400 F400.000
G1 X21.215 Y54.062 Z-2.400 F400.000
G1 X21.238 Y54.006 Z-2.400 F400.000
G1 X25.159 Y45.591 Z-2.400 F400.000
G1 X25.286 Y45.250 Z-2.400 F400.000
G1 X25.375 Y44.897 Z-2.400 F400.000
G1 X25.425 Y44.537 Z-2.400 F400.000
G1 X25.438 Y44.260 Z-2.400 F400.000
G1 X25.430 Y35.624 Z-2.400 F400.000
G1 X25.396 Y35.283 Z-2.400 F400.000
G1 X25.336 Y34.977 Z-2.400 F400.000
G1 X25.236 Y34.649 Z-2.400 F400.000
G1 X25.117 Y34.362 Z-2.400 F400.000
G1 X24.955 Y34.059 Z-2.400 F400.000
G1 X24.782 Y33.800 Z-2.400 F400.000
G1 X24.565 Y33.535 Z-2.400 F400.000
G1 X24.345 Y33.315 Z-2.400 F400.000
G1 X24.079 Y33.097 Z-2.400 F400.000
G1 X23.821 Y32.924 Z-2.400 F400.000
G1 X23.518 Y32.763 Z-2.400 F400.000
G1 X23.231 Y32.644 Z-2.400 F400.000
G1 X22.902 Y32.544 Z-2.400 F400.000
G1 X22.597 Y32.483 Z-2.400 F400.000
G1 X22.100 Y32.442 Z-2.400 F400.000
G1 X19.328 Y32.442 Z-2.400 F400.000
G1 X19.220 Y32.431 Z-2.400 F400.000
G1 X19.191 Y32.423 Z-2.400 F400.000
G1 X19.164 Y32.408 Z-2.400 F400.000
G1 X19.141 Y32.389 Z-2.400 F400.000
G1 X19.121 Y32.366 Z-2.400 F400.000
G1 X19.107 Y32.339 Z-2.400 F400.000
G1 X19.098 Y32.310 Z-2.400 F400.000
G1 X19.087 Y32.202 Z-2.400 F400.000
G1 X19.087 Y30.495 Z-2.400 F400.000
G1 X19.098 Y30.387 Z-2.400 F400.000
G1 X19.107 Y30.358 Z-2.400 F400.000
G1 X19.121 Y30.331 Z-2.400 F400.000
G1 X19.141 Y30.308 Z-2.400 F400.000
G1 X19.164 Y30.288 Z-2.400 F400.000
G1 X19.191 Y30.274 Z-2.400 F400.000
G1 X19.220 Y30.265 Z-2.400 F400.000
G1 X19.330 Y30.254 Z-2.400 F400.000
G1 X22.256 Y30.247 Z-2.400 F400.000
G1 X22.597 Y30.213 Z-2.400 F400.000
G1 X22.902 Y30.153 Z-2.400 F400.000
G1 X23.231 Y30.053 Z-2.400 F400.000
G1 X23.518 Y29.934 Z-2.400 F400.000
G1 X23.821 Y29.772 Z-2.400 F400.000
G1 X24.079 Y29.599 Z-2.400 F400.000
G1 X24.345 Y29.382 Z-2.400 F400.000
G1 X24.565 Y29.162 Z-2.400 F400.000
G1 X24.782 Y28.896 Z-2.400 F400.000
G1 X24.955 Y28.638 Z-2.400 F400.000
G1 X25.117 Y28.335 Z-2.400 F400.000
G1 X25.236 Y28.048 Z-2.400 F400.000
G1 X25.336 Y27.719 Z-2.400 F400.000
G1 X25.396 Y27.414 Z-2.400 F400.000
G1 X25.438 Y26.917 Z-2.400 F400.000
G1 X25.438 Y3.000 Z-2.400 F400.000
G0 Z5.000
G0 X25.438 Y228.000
G0 Z3.000
G1 X25.438 Y228.000 Z-2.600 F250.000
G1 X25.438 Y213.812 Z-2.600 F400.000
G1 X25.424 Y213.605 Z-2.600 F400.000
G1 X25.390 Y213.346 Z-2.600 F400.000
G1 X25.283 Y212.946 Z-2.600 F400.000
G1 X25.183 Y212.705 Z-2.600 F400.000
G1 X24.975 Y212.346 Z-2.600 F400.000
G1 X24.817 Y212.139 Z-2.600 F400.000
G1 X24.524 Y211.846 Z-2.600 F400.000
G1 X24.316 Y211.687 Z-2.600 F400.000
G1 X23.958 Y211.480 Z-2.600 F400.000
G1 X23.716 Y211.380 Z-2.600 F400.000
G1 X23.316 Y211.273 Z-2.600 F400.000
G1 X23.057 Y211.239 Z-2.600 F400.000
G1 X22.850 Y211.225 Z-2.600 F400.000
G1 X21.445 Y211.225 Z-2.600 F400.000
G1 X21.336 Y211.214 Z-2.600 F400.000
G1 X21.307 Y211.206 Z-2.600 F400.000
G1 X21.281 Y211.191 Z-2.600 F400.000
G1 X21.257 Y211.172 Z-2.600 F400.000
G1 X21.238 Y211.149 Z-2.600 F400.000
G1 X21.224 Y211.122 Z-2.600 F400.000
G1 X21.215 Y211.093 Z-2.600 F400.000
G1 X21.204 Y210.985 Z-2.600 F400.000
G1 X21.204 Y208.093 Z-2.600 F400.000
G1 X21.207 Y208.033 Z-2.600 F400.000
G1 X21.210 Y208.015 Z-2.600 F400.000
G1 X21.215 Y207.999 Z-2.600 F400.000
G1 X21.238 Y207.942 Z-2.600 F400.000
G1 X25.159 Y199.527 Z-2.600 F400.000
G1 X25.286 Y199.186 Z-2.600 F400.000
G1 X25.375 Y198.833 Z-2.600 F400.000
G1 X25.425 Y198.473 Z-2.600 F400.000
G1 X25.438 Y198.196 Z-2.600 F400.000
G1 X25.438 Y175.328 Z-2.600 F400.000
G1 X25.424 Y175.121 Z-2.600 F400.000
G1 X25.390 Y174.862 Z-2.600 F400.000
G1 X25.283 Y174.462 Z-2.600 F400.000
G1 X25.183 Y174.221 Z-2.600 F400.000
G1 X24.975 Y173.862 Z-2.600 F400.000
G1 X24.817 Y173.655 Z-2.600 F400.000
G1 X24.524 Y173.362 Z-2.600 F400.000
G1 X24.316 Y173.203 Z-2.600 F400.000
G1 X23.958 Y172.996 Z-2.600 F400.000
G1 X23.716 Y172.896 Z-2.600 F400.000
G1 X23.316 Y172.789 Z-2.600 F400.000
G1 X23.057 Y172.755 Z-2.600 F400.000
G1 X22.850 Y172.741 Z-2.600 F400.000
G1 X21.445 Y172.741 Z-2.600 F400.000
G1 X21.336 Y172.730 Z-2.600 F400.000
G1 X21.307 Y172.722 Z-2.600 F400.000
G1 X21.281 Y172.707 Z-2.600 F400.000
G1 X21.257 Y172.688 Z-2.600 F400.000
G1 X21.238 Y172.664 Z-2.600 F400.000
G1 X21.224 Y172.638 Z-2.600 F400.000
G1 X21.215 Y172.609 Z-2.600 F400.000
G1 X21.204 Y172.500 Z-2.600 F400.000
G1 X21.204 Y169.609 Z-2.600 F400.000
G1 X21.207 Y169.549 Z-2.600 F400.000
G1 X21.210 Y169.531 Z-2.600 F400.000
G1 X21.215 Y169.515 Z-2.600 F400.000
G1 X21.238 Y169.458 Z-2.600 F400.000
G1 X25.159 Y161.043 Z-2.600 F400.000
G1 X25.286 Y160.702 Z-2.600 F400.000
G1 X25.375 Y160.349 Z-2.600 F400.000
G1 X25.425 Y159.989 Z-2.600 F400.000
G1 X25.438 Y159.712 Z-2.600 F400.000
G1 X25.438 Y136.844 Z-2.600 F400.000
G1 X25.424 Y136.637 Z-2.600 F400.000
G1 X25.390 Y136.378 Z-2.600 F400.000
G1 X25.283 Y135.978 Z-2.600 F400.000
G1 X25.183 Y135.737 Z-2.600 F400.000
G1 X24.975 Y135.378 Z-2.600 F400.000
G1 X24.817 Y135.171 Z-2.600 F400.000
G1 X24.524 Y134.878 Z-2.600 F400.000
G1 X24.316 Y134.719 Z-2.600 F400.000
G1 X23.958 Y134.512 Z-2.600 F400.000
G1 X23.716 Y134.412 Z-2.600 F400.000
G1 X23.316 Y134.305 Z-2.600 F400.000
G1 X23.057 Y134.271 Z-2.600 F400.000
G1 X22.850 Y134.257 Z-2.600 F400.000
G1 X21.445 Y134.257 Z-2.600 F400.000
G1 X21.336 Y134.246 Z-2.600 F400.000
G1 X21.307 Y134.238 Z-2.600 F400.000
G1 X21.281 Y134.223 Z-2.600 F400.000
G1 X21.257 Y134.204 Z-2.600 F400.000
G1 X21.238 Y134.180 Z-2.600 F400.000
G1 X21.224 Y134.154 Z-2.600 F400.000
G1 X21.215 Y134.125 Z-2.600 F400.000
G1 X21.204 Y134.016 Z-2.600 F400.000
G1 X21.204 Y131.125 Z-2.600 F400.000
G1 X21.207 Y131.065 Z-2.600 F400.000
G1 X21.210 Y131.047 Z-2.600 F400.000
G1 X21.215 Y131.031 Z-2.600 F400.000
G1 X21.238 Y130.974 Z-2.600 F400.000
G1 X25.159 Y122.559 Z-2.600 F400.000
G1 X25.286 Y122.218 Z-2.600 F400.000
G1 X25.375 Y121.865 Z-2.600 F400.000
G1 X25.425 Y121.505 Z-2.600 F400.000
G1 X25.438 Y121.228 Z-2.600 F400.000
G1 X25.438 Y98.360 Z-2.600 F400.000
G1 X25.424 Y98.153 Z-2.600 F400.000
G1 X25.390 Y97.894 Z-2.600 F400.000
G1 X25.283 Y97.494 Z-2.600 F400.000
G1 X25.183 Y97.253 Z-2.600 F400.000
G1 X24.975 Y96.894 Z-2.600 F400.000
G1 X24.817 Y96.687 Z-2.600 F400.000
G1 X24.524 Y96.394 Z-2.600 F400.000
G1 X24.316 Y96.235 Z-2.600 F400.000
G1 X23.958 Y96.028 Z-2.600 F400.000
G1 X23.716 Y95.928 Z-2.600 F400.000
G1 X23.316 Y95.821 Z-2.600 F400.000
G1 X23.057 Y95.787 Z-2.600 F400.000
G1 X22.850 Y95.773 Z-2.600 F400.000
G1 X21.445 Y95.773 Z-2.600 F400.000
G1 X21.336 Y95.762 Z-2.600 F400.000
G1 X21.307 Y95.753 Z-2.600 F400.000
G1 X21.281 Y95.739 Z-2.600 F400.000
G1 X21.257 Y95.720 Z-2.600 F400.000
G1 X21.238 Y95.696 Z-2.600 F400.000
G1 X21.224 Y95.670 Z-2.600 F400.000
G1 X21.215 Y95.641 Z-2.600 F400.000
G1 X21.204 Y95.532 Z-2.600 F400.000
G1 X21.204 Y92.641 Z-2.600 F400.000
G1 X21.207 Y92.581 Z-2.600 F400.000
G1 X21.210 Y92.563 Z-2.600 F400.000
G1 X21.215 Y92.546 Z-2.600 F400.000
G1 X21.238 Y92.490 Z-2.600 F400.000
G1 X25.159 Y84.075 Z-2.600 F400.000
G1 X25.286 Y83.734 Z-2.600 F400.000
G1 X25.375 Y83.381 Z-2.600 F400.000
G1 X25.425 Y83.021 Z-2.600 F400.000
G1 X25.438 Y82.744 Z-2.600 F400.000
G1 X25.438 Y59.876 Z-2.600 F400.000
G1 X25.424 Y59.669 Z-2.600 F400.000
G1 X25.390 Y59.410 Z-2.600 F400.000
G1 X25.283 Y59.010 Z-2.600 F400.000
G1 X25.183 Y58.769 Z-2.600 F400.000
G1 X24.975 Y58.410 Z-2.600 F400.000
G1 X24.817 Y58.203 Z-2.600 F400.000
G1 X24.524 Y57.910 Z-2.600 F400.000
G1 X24.316 Y57.751 Z-2.600 F400.000
G1 X23.958 Y57.544 Z-2.600 F400.000
G1 X23.716 Y57.444 Z-2.600 F400.000
G1 X23.316 Y57.337 Z-2.600 F400.000
G1 X23.057 Y57.303 Z-2.600 F400.000
G1 X22.850 Y57.289 Z-2.600 F400.000
G1 X21.445 Y57.289 Z-2.600 F400.000
G1 X21.336 Y57.278 Z-2.600 F400.000
G1 X21.307 Y57.269 Z-2.600 F400.000
G1 X21.281 Y57.255 Z-2.600 F400.000
G1 X21.257 Y57.236 Z-2.600 F400.000
G1 X21.238 Y57.212 Z-2.600 F400.000
G1 X21.224 Y57.186 Z-2.600 F400.000
G1 X21.215 Y57.157 Z-2.600 F400.000
G1 X21.204 Y57.048 Z-2.600 F400.000
G1 X21.204 Y54.157 Z-2.600 F400.000
G1 X21.207 Y54.097 Z-2.600 F400.000
G1 X21.210 Y54.079 Z-2.600 F400.000
G1 X21.215 Y54.062 Z-2.600 F400.000
G1 X21.238 Y54.006 Z-2.600 F400.000
G1 X25.159 Y45.591 Z-2.600 F400.000
G1 X25.286 Y45.250 Z-2.600 F400.000
G1 X25.375 Y44.897 Z-2.600 F400.000
G1 X25.425 Y44.537 Z-2.600 F400.000
G1 X25.438 Y44.260 Z-2.600 F400.000
G1 X25.430 Y35.624 Z-2.600 F400.000
G1 X25.396 Y35.283 Z-2.600 F400.000
G1 X25.336 Y34.977 Z-2.600 F400.000
G1 X25.236 Y34.649 Z-2.600 F400.000
G1 X25.117 Y34.362 Z-2.600 F400.000
G1 X24.955 Y34.059 Z-2.600 F400.000
G1 X24.782 Y33.800 Z-2.600 F400.000
G1 X24.565 Y33.535 Z-2.600 F400.000
G1 X24.345 Y33.315 Z-2.600 F400.000
G1 X24.079 Y33.097 Z-2.600 F400.000
G1 X23.821 Y32.924 Z-2.600 F400.000
G1 X23.518 Y32.763 Z-2.600 F400.000
G1 X23.231 Y32.644 Z-2.600 F400.000
G1 X22.902 Y32.544 Z-2.600 F400.000
G1 X22.597 Y32.483 Z-2.600 F400.000
G1 X22.100 Y32.442 Z-2.600 F400.000
G1 X19.328 Y32.442 Z-2.600 F400.000
G1 X19.220 Y32.431 Z-2.600 F400.000
G1 X19.191 Y32.423 Z-2.600 F400.000
G1 X19.164 Y32.408 Z-2.600 F400.000
G1 X19.141 Y32.389 Z-2.600 F400.000
G1 X19.121 Y32.366 Z-2.600 F400.000
G1 X19.107 Y32.339 Z-2.600 F400.000
G1 X19.098 Y32.310 Z-2.600 F400.000
G1 X19.087 Y32.202 Z-2.600 F400.000
G1 X19.087 Y30.495 Z-2.600 F400.000
G1 X19.098 Y30.387 Z-2.600 F400.000
G1 X19.107 Y30.358 Z-2.600 F400.000
G1 X19.121 Y30.331 Z-2.600 F400.000
G1 X19.141 Y30.308 Z-2.600 F400.000
G1 X19.164 Y30.288 Z-2.600 F400.000
G1 X19.191 Y30.274 Z-2.600 F400.000
G1 X19.220 Y30.265 Z-2.600 F400.000
G1 X19.330 Y30.254 Z-2.600 F400.000
G1 X22.256 Y30.247 Z-2.600 F400.000
G1 X22.597 Y30.213 Z-2.600 F400.000
G1 X22.902 Y30.153 Z-2.600 F400.000
G1 X23.231 Y30.053 Z-2.600 F400.000
G1 X23.518 Y29.934 Z-2.600 F400.000
G1 X23.821 Y29.772 Z-2.600 F400.000
G1 X24.079 Y29.599 Z-2.600 F400.000
G1 X24.345 Y29.382 Z-2.600 F400.000
G1 X24.565 Y29.162 Z-2.600 F400.000
G1 X24.782 Y28.896 Z-2.600 F400.000
G1 X24.955 Y28.638 Z-2.600 F400.000
G1 X25.117 Y28.335 Z-2.600 F400.000
G1 X25.236 Y28.048 Z-2.600 F400.000
G1 X25.336 Y27.719 Z-2.600 F400.000
G1 X25.396 Y27.414 Z-2.600 F400.000
G1 X25.438 Y26.917 Z-2.600 F400.000
G1 X25.438 Y3.000 Z-2.600 F400.000
G0 Z5.000
G0 X25.438 Y228.000
G0 Z3.000
G1 X25.438 Y228.000 Z-2.800 F250.000
G1 X25.438 Y213.812 Z-2.800 F400.000
G1 X25.424 Y213.605 Z-2.800 F400.000
G1 X25.390 Y213.346 Z-2.800 F400.000
G1 X25.283 Y212.946 Z-2.800 F400.000
G1 X25.183 Y212.705 Z-2.800 F400.000
G1 X24.975 Y212.346 Z-2.800 F400.000
G1 X24.817 Y212.139 Z-2.800 F400.000
G1 X24.524 Y211.846 Z-2.800 F400.000
G1 X24.316 Y211.687 Z-2.800 F400.000
G1 X23.958 Y211.480 Z-2.800 F400.000
G1 X23.716 Y211.380 Z-2.800 F400.000
G1 X23.316 Y211.273 Z-2.800 F400.000
G1 X23.057 Y211.239 Z-2.800 F400.000
G1 X22.850 Y211.225 Z-2.800 F400.000
G1 X21.445 Y211.225 Z-2.800 F400.000
G1 X21.336 Y211.214 Z-2.800 F400.000
G1 X21.307 Y211.206 Z-2.800 F400.000
G1 X21.281 Y211.191 Z-2.800 F400.000
G1 X21.257 Y211.172 Z-2.800 F400.000
G1 X21.238 Y211.149 Z-2.800 F400.000
G1 X21.224 Y211.122 Z-2.800 F400.000
G1 X21.215 Y211.093 Z-2.800 F400.000
G1 X21.204 Y210.985 Z-2.800 F400.000
G1 X21.204 Y208.093 Z-2.800 F400.000
G1 X21.207 Y208.033 Z-2.800 F400.000
G1 X21.210 Y208.015 Z-2.800 F400.000
G1 X21.215 Y207.999 Z-2.800 F400.000
G1 X21.238 Y207.942 Z-2.800 F400.000
G1 X25.159 Y199.527 Z-2.800 F400.000
G1 X25.286 Y199.186 Z-2.800 F400.000
G1 X25.375 Y198.833 Z-2.800 F400.000
G1 X25.425 Y198.473 Z-2.800 F400.000
G1 X25.438 Y198.196 Z-2.800 F400.000
G1 X25.438 Y175.328 Z-2.800 F400.000
G1 X25.424 Y175.121 Z-2.800 F400.000
G1 X25.390 Y174.862 Z-2.800 F400.000
G1 X25.283 Y174.462 Z-2.800 F400.000
G1 X25.183 Y174.221 Z-2.800 F400.000
G1 X24.975 Y173.862 Z-2.800 F400.000
G1 X24.817 Y173.655 Z-2.800 F400.000
G1 X24.524 Y173.362 Z-2.800 F400.000
G1 X24.316 Y173.203 Z-2.800 F400.000
G1 X23.958 Y172.996 Z-2.800 F400.000
G1 X23.716 Y172.896 Z-2.800 F400.000
G1 X23.316 Y172.789 Z-2.800 F400.000
G1 X23.057 Y172.755 Z-2.800 F400.000
G1 X22.850 Y172.741 Z-2.800 F400.000
G1 X21.445 Y172.741 Z-2.800 F400.000
G1 X21.336 Y172.730 Z-2.800 F400.000
G1 X21.307 Y172.722 Z-2.800 F400.000
G1 X21.281 Y172.707 Z-2.800 F400.000
G1 X21.257 Y172.688 Z-2.800 F400.000
G1 X21.238 Y172.664 Z-2.800 F400.000
G1 X21.224 Y172.638 Z-2.800 F400.000
G1 X21.215 Y172.609 Z-2.800 F400.000
G1 X21.204 Y172.500 Z-2.800 F400.000
G1 X21.204 Y169.609 Z-2.800 F400.000
G1 X21.207 Y169.549 Z-2.800 F400.000
G1 X21.210 Y169.531 Z-2.800 F400.000
G1 X21.215 Y169.515 Z-2.800 F400.000
G1 X21.238 Y169.458 Z-2.800 F400.000
G1 X25.159 Y161.043 Z-2.800 F400.000
G1 X25.286 Y160.702 Z-2.800 F400.000
G1 X25.375 Y160.349 Z-2.800 F400.000
G1 X25.425 Y159.989 Z-2.800 F400.000
G1 X25.438 Y159.712 Z-2.800 F400.000
G1 X25.438 Y136.844 Z-2.800 F400.000
G1 X25.424 Y136.637 Z-2.800 F400.000
G1 X25.390 Y136.378 Z-2.800 F400.000
G1 X25.283 Y135.978 Z-2.800 F400.000
G1 X25.183 Y135.737 Z-2.800 F400.000
G1 X24.975 Y135.378 Z-2.800 F400.000
G1 X24.817 Y135.171 Z-2.800 F400.000
G1 X24.524 Y134.878 Z-2.800 F400.000
G1 X24.316 Y134.719 Z-2.800 F400.000
G1 X23.958 Y134.512 Z-2.800 F400.000
G1 X23.716 Y134.412 Z-2.800 F400.000
G1 X23.316 Y134.305 Z-2.800 F400.000
G1 X23.057 Y134.271 Z-2.800 F400.000
G1 X22.850 Y134.257 Z-2.800 F400.000
G1 X21.445 Y134.257 Z-2.800 F400.000
G1 X21.336 Y134.246 Z-2.800 F400.000
G1 X21.307 Y134.238 Z-2.800 F400.000
G1 X21.281 Y134.223 Z-2.800 F400.000
G1 X21.257 Y134.204 Z-2.800 F400.000
G1 X21.238 Y134.180 Z-2.800 F400.000
G1 X21.224 Y134.154 Z-2.800 F400.000
G1 X21.215 Y134.125 Z-2.800 F400.000
G1 X21.204 Y134.016 Z-2.800 F400.000
G1 X21.204 Y131.125 Z-2.800 F400.000
G1 X21.207 Y131.065 Z-2.800 F400.000
G1 X21.210 Y131.047 Z-2.800 F400.000
G1 X21.215 Y131.031 Z-2.800 F400.000
G1 X21.238 Y130.974 Z-2.800 F400.000
G1 X25.159 Y122.559 Z-2.800 F400.000
G1 X25.286 Y122.218 Z-2.800 F400.000
G1 X25.375 Y121.865 Z-2.800 F400.000
G1 X25.425 Y121.505 Z-2.800 F400.000
G1 X25.438 Y121.228 Z-2.800 F400.000
G1 X25.438 Y98.360 Z-2.800 F400.000
G1 X25.424 Y98.153 Z-2.800 F400.000
G1 X25.390 Y97.894 Z-2.800 F400.000
G1 X25.283 Y97.494 Z-2.800 F400.000
G1 X25.183 Y97.253 Z-2.800 F400.000
G1 X24.975 Y96.894 Z-2.800 F400.000
G1 X24.817 Y96.687 Z-2.800 F400.000
G1 X24.524 Y96.394 Z-2.800 F400.000
G1 X24.316 Y96.235 Z-2.800 F400.000
G1 X23.958 Y96.028 Z-2.800 F400.000
G1 X23.716 Y95.928 Z-2.800 F400.000
G1 X23.316 Y95.821 Z-2.800 F400.000
G1 X23.057 Y95.787 Z-2.800 F400.000
G1 X22.850 Y95.773 Z-2.800 F400.000
G1 X21.445 Y95.773 Z-2.800 F400.000
G1 X21.336 Y95.762 Z-2.800 F400.000
G1 X21.307 Y95.753 Z-2.800 F400.000
G1 X21.281 Y95.739 Z-2.800 F400.000
G1 X21.257 Y95.720 Z-2.800 F400.000
G1 X21.238 Y95.696 Z-2.800 F400.000
G1 X21.224 Y95.670 Z-2.800 F400.000
G1 X21.215 Y95.641 Z-2.800 F400.000
G1 X21.204 Y95.532 Z-2.800 F400.000
G1 X21.204 Y92.641 Z-2.800 F400.000
G1 X21.207 Y92.581 Z-2.800 F400.000
G1 X21.210 Y92.563 Z-2.800 F400.000
G1 X21.215 Y92.546 Z-2.800 F400.000
G1 X21.238 Y92.490 Z-2.800 F400.000
G1 X25.159 Y84.075 Z-2.800 F400.000
G1 X25.286 Y83.734 Z-2.800 F400.000
G1 X25.375 Y83.381 Z-2.800 F400.000
G1 X25.425 Y83.021 Z-2.800 F400.000
G1 X25.438 Y82.744 Z-2.800 F400.000
G1 X25.438 Y59.876 Z-2.800 F400.000
G1 X25.424 Y59.669 Z-2.800 F400.000
G1 X25.390 Y59.410 Z-2.800 F400.000
G1 X25.283 Y59.010 Z-2.800 F400.000
G1 X25.183 Y58.769 Z-2.800 F400.000
G1 X24.975 Y58.410 Z-2.800 F400.000
G1 X24.817 Y58.203 Z-2.800 F400.000
G1 X24.524 Y57.910 Z-2.800 F400.000
G1 X24.316 Y57.751 Z-2.800 F400.000
G1 X23.958 Y57.544 Z-2.800 F400.000
G1 X23.716 Y57.444 Z-2.800 F400.000
G1 X23.316 Y57.337 Z-2.800 F400.000
G1 X23.057 Y57.303 Z-2.800 F400.000
G1 X22.850 Y57.289 Z-2.800 F400.000
G1 X21.445 Y57.289 Z-2.800 F400.000
G1 X21.336 Y57.278 Z-2.800 F400.000
G1 X21.307 Y57.269 Z-2.800 F400.000
G1 X21.281 Y57.255 Z-2.800 F400.000
G1 X21.257 Y57.236 Z-2.800 F400.000
G1 X21.238 Y57.212 Z-2.800 F400.000
G1 X21.224 Y57.186 Z-2.800 F400.000
G1 X21.215 Y57.157 Z-2.800 F400.000
G1 X21.204 Y57.048 Z-2.800 F400.000
G1 X21.204 Y54.157 Z-2.800 F400.000
G1 X21.207 Y54.097 Z-2.800 F400.000
G1 X21.210 Y54.079 Z-2.800 F400.000
G1 X21.215 Y54.062 Z-2.800 F400.000
G1 X21.238 Y54.006 Z-2.800 F400.000
G1 X25.159 Y45.591 Z-2.800 F400.000
G1 X25.286 Y45.250 Z-2.800 F400.000
G1 X25.375 Y44.897 Z-2.800 F400.000
G1 X25.425 Y44.537 Z-2.800 F400.000
G1 X25.438 Y44.260 Z-2.800 F400.000
G1 X25.430 Y35.624 Z-2.800 F400.000
G1 X25.396 Y35.283 Z-2.800 F400.000
G1 X25.336 Y34.977 Z-2.800 F400.000
G1 X25.236 Y34.649 Z-2.800 F400.000
G1 X25.117 Y34.362 Z-2.800 F400.000
G1 X24.955 Y34.059 Z-2.800 F400.000
G1 X24.782 Y33.800 Z-2.800 F400.000
G1 X24.565 Y33.535 Z-2.800 F400.000
G1 X24.345 Y33.315 Z-2.800 F400.000
G1 X24.079 Y33.097 Z-2.800 F400.000
G1 X23.821 Y32.924 Z-2.800 F400.000
G1 X23.518 Y32.763 Z-2.800 F400.000
G1 X23.231 Y32.644 Z-2.800 F400.000
G1 X22.902 Y32.544 Z-2.800 F400.000
G1 X22.597 Y32.483 Z-2.800 F400.000
G1 X22.100 Y32.442 Z-2.800 F400.000
G1 X19.328 Y32.442 Z-2.800 F400.000
G1 X19.220 Y32.431 Z-2.800 F400.000
G1 X19.191 Y32.423 Z-2.800 F400.000
G1 X19.164 Y32.408 Z-2.800 F400.000
G1 X19.141 Y32.389 Z-2.800 F400.000
G1 X19.121 Y32.366 Z-2.800 F400.000
G1 X19.107 Y32.339 Z-2.800 F400.000
G1 X19.098 Y32.310 Z-2.800 F400.000
G1 X19.087 Y32.202 Z-2.800 F400.000
G1 X19.087 Y30.495 Z-2.800 F400.000
G1 X19.098 Y30.387 Z-2.800 F400.000
G1 X19.107 Y30.358 Z-2.800 F400.000
G1 X19.121 Y30.331 Z-2.800 F400.000
G1 X19.141 Y30.308 Z-2.800 F400.000
G1 X19.164 Y30.288 Z-2.800 F400.000
G1 X19.191 Y30.274 Z-2.800 F400.000
G1 X19.220 Y30.265 Z-2.800 F400.000
G1 X19.330 Y30.254 Z-2.800 F400.000
G1 X22.256 Y30.247 Z-2.800 F400.000
G1 X22.597 Y30.213 Z-2.800 F400.000
G1 X22.902 Y30.153 Z-2.800 F400.000
G1 X23.231 Y30.053 Z-2.800 F400.000
G1 X23.518 Y29.934 Z-2.800 F400.000
G1 X23.821 Y29.772 Z-2.800 F400.000
G1 X24.079 Y29.599 Z-2.800 F400.000
G1 X24.345 Y29.382 Z-2.800 F400.000
G1 X24.565 Y29.162 Z-2.800 F400.000
G1 X24.782 Y28.896 Z-2.800 F400.000
G1 X24.955 Y28.638 Z-2.800 F400.000
G1 X25.117 Y28.335 Z-2.800 F400.000
G1 X25.236 Y28.048 Z-2.800 F400.000
G1 X25.336 Y27.719 Z-2.800 F400.000
G1 X25.396 Y27.414 Z-2.800 F400.000
G1 X25.438 Y26.917 Z-2.800 F400.000
G1 X25.438 Y3.000 Z-2.800 F400.000
G0 Z5.000
G0 X25.438 Y228.000
G0 Z3.000
G1 X25.438 Y228.000 Z-3.000 F250.000
G1 X25.438 Y213.812 Z-3.000 F400.000
G1 X25.424 Y213.605 Z-3.000 F400.000
G1 X25.390 Y213.346 Z-3.000 F400.000
G1 X25.283 Y212.946 Z-3.000 F400.000
G1 X25.183 Y212.705 Z-3.000 F400.000
G1 X24.975 Y212.346 Z-3.000 F400.000
G1 X24.817 Y212.139 Z-3.000 F400.000
G1 X24.524 Y211.846 Z-3.000 F400.000
G1 X24.316 Y211.687 Z-3.000 F400.000
G1 X23.958 Y211.480 Z-3.000 F400.000
G1 X23.716 Y211.380 Z-3.000 F400.000
G1 X23.316 Y211.273 Z-3.000 F400.000
G1 X23.057 Y211.239 Z-3.000 F400.000
G1 X22.850 Y211.225 Z-3.000 F400.000
G1 X21.445 Y211.225 Z-3.000 F400.000
G1 X21.336 Y211.214 Z-3.000 F400.000
G1 X21.307 Y211.206 Z-3.000 F400.000
G1 X21.281 Y211.191 Z-3.000 F400.000
G1 X21.257 Y211.172 Z-3.000 F400.000
G1 X21.238 Y211.149 Z-3.000 F400.000
G1 X21.224 Y211.122 Z-3.000 F400.000
G1 X21.215 Y211.093 Z-3.000 F400.000
G1 X21.204 Y210.985 Z-3.000 F400.000
G1 X21.204 Y208.093 Z-3.000 F400.000
G1 X21.207 Y208.033 Z-3.000 F400.000
G1 X21.210 Y208.015 Z-3.000 F400.000
G1 X21.215 Y207.999 Z-3.000 F400.000
G1 X21.238 Y207.942 Z-3.000 F400.000
G1 X25.159 Y199.527 Z-3.000 F400.000
G1 X25.286 Y199.186 Z-3.000 F400.000
G1 X25.375 Y198.833 Z-3.000 F400.000
G1 X25.425 Y198.473 Z-3.000 F400.000
G1 X25.438 Y198.196 Z-3.000 F400.000
G1 X25.438 Y175.328 Z-3.000 F400.000
G1 X25.424 Y175.121 Z-3.000 F400.000
G1 X25.390 Y174.862 Z-3.000 F400.000
G1 X25.283 Y174.462 Z-3.000 F400.000
G1 X25.183 Y174.221 Z-3.000 F400.000
G1 X24.975 Y173.862 Z-3.000 F400.000
G1 X24.817 Y173.655 Z-3.000 F400.000
G1 X24.524 Y173.362 Z-3.000 F400.000
G1 X24.316 Y173.203 Z-3.000 F400.000
G1 X23.958 Y172.996 Z-3.000 F400.000
G1 X23.716 Y172.896 Z-3.000 F400.000
G1 X23.316 Y172.789 Z-3.000 F400.000
G1 X23.057 Y172.755 Z-3.000 F400.000
G1 X22.850 Y172.741 Z-3.000 F400.000
G1 X21.445 Y172.741 Z-3.000 F400.000
G1 X21.336 Y172.730 Z-3.000 F400.000
G1 X21.307 Y172.722 Z-3.000 F400.000
G1 X21.281 Y172.707 Z-3.000 F400.000
G1 X21.257 Y172.688 Z-3.000 F400.000
G1 X21.238 Y172.664 Z-3.000 F400.000
G1 X21.224 Y172.638 Z-3.000 F400.000
G1 X21.215 Y172.609 Z-3.000 F400.000
G1 X21.204 Y172.500 Z-3.000 F400.000
G1 X21.204 Y169.609 Z-3.000 F400.000
G1 X21.207 Y169.549 Z-3.000 F400.000
G1 X21.210 Y169.531 Z-3.000 F400.000
G1 X21.215 Y169.515 Z-3.000 F400.000
G1 X21.238 Y169.458 Z-3.000 F400.000
G1 X25.159 Y161.043 Z-3.000 F400.000
G1 X25.286 Y160.702 Z-3.000 F400.000
G1 X25.375 Y160.349 Z-3.000 F400.000
G1 X25.425 Y159.989 Z-3.000 F400.000
G1 X25.438 Y159.712 Z-3.000 F400.000
G1 X25.438 Y136.844 Z-3.000 F400.000
G1 X25.424 Y136.637 Z-3.000 F400.000
G1 X25.390 Y136.378 Z-3.000 F400.000
G1 X25.283 Y135.978 Z-3.000 F400.000
G1 X25.183 Y135.737 Z-3.000 F400.000
G1 X24.975 Y135.378 Z-3.000 F400.000
G1 X24.817 Y135.171 Z-3.000 F400.000
G1 X24.524 Y134.878 Z-3.000 F400.000
G1 X24.316 Y134.719 Z-3.000 F400.000
G1 X23.958 Y134.512 Z-3.000 F400.000
G1 X23.716 Y134.412 Z-3.000 F400.000
G1 X23.316 Y134.305 Z-3.000 F400.000
G1 X23.057 Y134.271 Z-3.000 F400.000
G1 X22.850 Y134.257 Z-3.000 F400.000
G1 X21.445 Y134.257 Z-3.000 F400.000
G1 X21.336 Y134.246 Z-3.000 F400.000
G1 X21.307 Y134.238 Z-3.000 F400.000
G1 X21.281 Y134.223 Z-3.000 F400.000
G1 X21.257 Y134.204 Z-3.000 F400.000
G1 X21.238 Y134.180 Z-3.000 F400.000
G1 X21.224 Y134.154 Z-3.000 F400.000
G1 X21.215 Y134.125 Z-3.000 F400.000
G1 X21.204 Y134.016 Z-3.000 F400.000
G1 X21.204 Y131.125 Z-3.000 F400.000
G1 X21.207 Y131.065 Z-3.000 F400.000
G1 X21.210 Y131.047 Z-3.000 F400.000
G1 X21.215 Y131.031 Z-3.000 F400.000
G1 X21.238 Y130.974 Z-3.000 F400.000
G1 X25.159 Y122.559 Z-3.000 F400.000
G1 X25.286 Y122.218 Z-3.000 F400.000
G1 X25.375 Y121.865 Z-3.000 F400.000
G1 X25.425 Y121.505 Z-3.000 F400.000
G1 X25.438 Y121.228 Z-3.000 F400.000
G1 X25.438 Y98.360 Z-3.000 F400.000
G1 X25.424 Y98.153 Z-3.000 F400.000
G1 X25.390 Y97.894 Z-3.000 F400.000
G1 X25.283 Y97.494 Z-3.000 F400.000
G1 X25.183 Y97.253 Z-3.000 F400.000
G1 X24.975 Y96.894 Z-3.000 F400.000
G1 X24.817 Y96.687 Z-3.000 F400.000
G1 X24.524 Y96.394 Z-3.000 F400.000
G1 X24.316 Y96.235 Z-3.000 F400.000
G1 X23.958 Y96.028 Z-3.000 F400.000
G1 X23.716 Y95.928 Z-3.000 F400.000
G1 X23.316 Y95.821 Z-3.000 F400.000
G1 X23.057 Y95.787 Z-3.000 F400.000
G1 X22.850 Y95.773 Z-3.000 F400.000
G1 X21.445 Y95.773 Z-3.000 F400.000
G1 X21.336 Y95.762 Z-3.000 F400.000
G1 X21.307 Y95.753 Z-3.000 F400.000
G1 X21.281 Y95.739 Z-3.000 F400.000
G1 X21.257 Y95.720 Z-3.000 F400.000
G1 X21.238 Y95.696 Z-3.000 F400.000
G1 X21.224 Y95.670 Z-3.000 F400.000
G1 X21.215 Y95.641 Z-3.000 F400.000
G1 X21.204 Y95.532 Z-3.000 F400.000
G1 X21.204 Y92.641 Z-3.000 F400.000
G1 X21.207 Y92.581 Z-3.000 F400.000
G1 X21.210 Y92.563 Z-3.000 F400.000
G1 X21.215 Y92.546 Z-3.000 F400.000
G1 X21.238 Y92.490 Z-3.000 F400.000
G1 X25.159 Y84.075 Z-3.000 F400.000
G1 X25.286 Y83.734 Z-3.000 F400.000
G1 X25.375 Y83.381 Z-3.000 F400.000
G1 X25.425 Y83.021 Z-3.000 F400.000
G1 X25.438 Y82.744 Z-3.000 F400.000
G1 X25.438 Y59.876 Z-3.000 F400.000
G1 X25.424 Y59.669 Z-3.000 F400.000
G1 X25.390 Y59.410 Z-3.000 F400.000
G1 X25.283 Y59.010 Z-3.000 F400.000
G1 X25.183 Y58.769 Z-3.000 F400.000
G1 X24.975 Y58.410 Z-3.000 F400.000
G1 X24.817 Y58.203 Z-3.000 F400.000
G1 X24.524 Y57.910 Z-3.000 F400.000
G1 X24.316 Y57.751 Z-3.000 F400.000
G1 X23.958 Y57.544 Z-3.000 F400.000
G1 X23.716 Y57.444 Z-3.000 F400.000
G1 X23.316 Y57.337 Z-3.000 F400.000
G1 X23.057 Y57.303 Z-3.000 F400.000
G1 X22.850 Y57.289 Z-3.000 F400.000
G1 X21.445 Y57.289 Z-3.000 F400.000
G1 X21.336 Y57.278 Z-3.000 F400.000
G1 X21.307 Y57.269 Z-3.000 F400.000
G1 X21.281 Y57.255 Z-3.000 F400.000
G1 X21.257 Y57.236 Z-3.000 F400.000
G1 X21.238 Y57.212 Z-3.000 F400.000
G1 X21.224 Y57.186 Z-3.000 F400.000
G1 X21.215 Y57.157 Z-3.000 F400.000
G1 X21.204 Y57.048 Z-3.000 F400.000
G1 X21.204 Y54.157 Z-3.000 F400.000
G1 X21.207 Y54.097 Z-3.000 F400.000
G1 X21.210 Y54.079 Z-3.000 F400.000
G1 X21.215 Y54.062 Z-3.000 F400.000
G1 X21.238 Y54.006 Z-3.000 F400.000
G1 X25.159 Y45.591 Z-3.000 F400.000
G1 X25.286 Y45.250 Z-3.000 F400.000
G1 X25.375 Y44.897 Z-3.000 F400.000
G1 X25.425 Y44.537 Z-3.000 F400.000
G1 X25.438 Y44.260 Z-3.000 F400.000
G1 X25.430 Y35.624 Z-3.000 F400.000
G1 X25.396 Y35.283 Z-3.000 F400.000
G1 X25.336 Y34.977 Z-3.000 F400.000
G1 X25.236 Y34.649 Z-3.000 F400.000
G1 X25.117 Y34.362 Z-3.000 F400.000
G1 X24.955 Y34.059 Z-3.000 F400.000
G1 X24.782 Y33.800 Z-3.000 F400.000
G1 X24.565 Y33.535 Z-3.000 F400.000
G1 X24.345 Y33.315 Z-3.000 F400.000
G1 X24.079 Y33.097 Z-3.000 F400.000
G1 X23.821 Y32.924 Z-3.000 F400.000
G1 X23.518 Y32.763 Z-3.000 F400.000
G1 X23.231 Y32.644 Z-3.000 F400.000
G1 X22.902 Y32.544 Z-3.000 F400.000
G1 X22.597 Y32.483 Z-3.000 F400.000
G1 X22.100 Y32.442 Z-3.000 F400.000
G1 X19.328 Y32.442 Z-3.000 F400.000
G1 X19.220 Y32.431 Z-3.000 F400.000
G1 X19.191 Y32.423 Z-3.000 F400.000
G1 X19.164 Y32.408 Z-3.000 F400.000
G1 X19.141 Y32.389 Z-3.000 F400.000
G1 X19.121 Y32.366 Z-3.000 F400.000
G1 X19.107 Y32.339 Z-3.000 F400.000
G1 X19.098 Y32.310 Z-3.000 F400.000
G1 X19.087 Y32.202 Z-3.000 F400.000
G1 X19.087 Y30.495 Z-3.000 F400.000
G1 X19.098 Y30.387 Z-3.000 F400.000
G1 X19.107 Y30.358 Z-3.000 F400.000
G1 X19.121 Y30.331 Z-3.000 F400.000
G1 X19.141 Y30.308 Z-3.000 F400.000
G1 X19.164 Y30.288 Z-3.000 F400.000
G1 X19.191 Y30.274 Z-3.000 F400.000
G1 X19.220 Y30.265 Z-3.000 F400.000
G1 X19.330 Y30.254 Z-3.000 F400.000
G1 X22.256 Y30.247 Z-3.000 F400.000
G1 X22.597 Y30.213 Z-3.000 F400.000
G1 X22.902 Y30.153 Z-3.000 F400.000
G1 X23.231 Y30.053 Z-3.000 F400.000
G1 X23.518 Y29.934 Z-3.000 F400.000
G1 X23.821 Y29.772 Z-3.000 F400.000
G1 X24.079 Y29.599 Z-3.000 F400.000
G1 X24.345 Y29.382 Z-3.000 F400.000
G1 X24.565 Y29.162 Z-3.000 F400.000
G1 X24.782 Y28.896 Z-3.000 F400.000
G1 X24.955 Y28.638 Z-3.000 F400.000
G1 X25.117 Y28.335 Z-3.000 F400.000
G1 X25.236 Y28.048 Z-3.000 F400.000
G1 X25.336 Y27.719 Z-3.000 F400.000
G1 X25.396 Y27.414 Z-3.000 F400.000
G1 X25.438 Y26.917 Z-3.000 F400.000
G1 X25.438 Y3.000 Z-3.000 F400.000
G0 Z5.000
G0 X25.438 Y228.000
G0 Z3.000
G1 X25.438 Y228.000 Z-3.200 F250.000
G1 X25.438 Y213.812 Z-3.200 F400.000
G1 X25.424 Y213.605 Z-3.200 F400.000
G1 X25.390 Y213.346 Z-3.200 F400.000
G1 X25.283 Y212.946 Z-3.200 F400.000
G1 X25.183 Y212.705 Z-3.200 F400.000
G1 X24.975 Y212.346 Z-3.200 F400.000
G1 X24.817 Y212.139 Z-3.200 F400.000
G1 X24.524 Y211.846 Z-3.200 F400.000
G1 X24.316 Y211.687 Z-3.200 F400.000
G1 X23.958 Y211.480 Z-3.200 F400.000
G1 X23.716 Y211.380 Z-3.200 F400.000
G1 X23.316 Y211.273 Z-3.200 F400.000
G1 X23.057 Y211.239 Z-3.200 F400.000
G1 X22.850 Y211.225 Z-3.200 F400.000
G1 X21.445 Y211.225 Z-3.200 F400.000
G1 X21.336 Y211.214 Z-3.200 F400.000
G1 X21.307 Y211.206 Z-3.200 F400.000
G1 X21.281 Y211.191 Z-3.200 F400.000
G1 X21.257 Y211.172 Z-3.200 F400.000
G1 X21.238 Y211.149 Z-3.200 F400.000
G1 X21.224 Y211.122 Z-3.200 F400.000
G1 X21.215 Y211.093 Z-3.200 F400.000
G1 X21.204 Y210.985 Z-3.200 F400.000
G1 X21.204 Y208.093 Z-3.200 F400.000
G1 X21.207 Y208.033 Z-3.200 F400.000
G1 X21.210 Y208.015 Z-3.200 F400.000
G1 X21.215 Y207.999 Z-3.200 F400.000
G1 X21.238 Y207.942 Z-3.200 F400.000
G1 X25.159 Y199.527 Z-3.200 F400.000
G1 X25.286 Y199.186 Z-3.200 F400.000
G1 X25.375 Y198.833 Z-3.200 F400.000
G1 X25.425 Y198.473 Z-3.200 F400.000
G1 X25.438 Y198.196 Z-3.200 F400.000
G1 X25.438 Y175.328 Z-3.200 F400.000
G1 X25.424 Y175.121 Z-3.200 F400.000
G1 X25.390 Y174.862 Z-3.200 F400.000
G1 X25.283 Y174.462 Z-3.200 F400.000
G1 X25.183 Y174.221 Z-3.200 F400.000
G1 X24.975 Y173.862 Z-3.200 F400.000
G1 X24.817 Y173.655 Z-3.200 F400.000
G1 X24.524 Y173.362 Z-3.200 F400.000
G1 X24.316 Y173.203 Z-3.200 F400.000
G1 X23.958 Y172.996 Z-3.200 F400.000
G1 X23.716 Y172.896 Z-3.200 F400.000
G1 X23.316 Y172.789 Z-3.200 F400.000
G1 X23.057 Y172.755 Z-3.200 F400.000
G1 X22.850 Y172.741 Z-3.200 F400.000
G1 X21.445 Y172.741 Z-3.200 F400.000
G1 X21.336 Y172.730 Z-3.200 F400.000
G1 X21.307 Y172.722 Z-3.200 F400.000
G1 X21.281 Y172.707 Z-3.200 F400.000
G1 X21.257 Y172.688 Z-3.200 F400.000
G1 X21.238 Y172.664 Z-3.200 F400.000
G1 X21.224 Y172.638 Z-3.200 F400.000
G1 X21.215 Y172.609 Z-3.200 F400.000
G1 X21.204 Y172.500 Z-3.200 F400.000
G1 X21.204 Y169.609 Z-3.200 F400.000
G1 X21.207 Y169.549 Z-3.200 F400.000
G1 X21.210 Y169.531 Z-3.200 F400.000
G1 X21.215 Y169.515 Z-3.200 F400.000
G1 X21.238 Y169.458 Z-3.200 F400.000
G1 X25.159 Y161.043 Z-3.200 F400.000
G1 X25.286 Y160.702 Z-3.200 F400.000
G1 X25.375 Y160.349 Z-3.200 F400.000
G1 X25.425 Y159.989 Z-3.200 F400.000
G1 X25.438 Y159.712 Z-3.200 F400.000
G1 X25.438 Y136.844 Z-3.200 F400.000
G1 X25.424 Y136.637 Z-3.200 F400.000
G1 X25.390 Y136.378 Z-3.200 F400.000
G1 X25.283 Y135.978 Z-3.200 F400.000
G1 X25.183 Y135.737 Z-3.200 F400.000
G1 X24.975 Y135.378 Z-3.200 F400.000
G1 X24.817 Y135.171 Z-3.200 F400.000
G1 X24.524 Y134.878 Z-3.200 F400.000
G1 X24.316 Y134.719 Z-3.200 F400.000
G1 X23.958 Y134.512 Z-3.200 F400.000
G1 X23.716 Y134.412 Z-3.200 F400.000
G1 X23.316 Y134.305 Z-3.200 F400.000
G1 X23.057 Y134.271 Z-3.200 F400.000
G1 X22.850 Y134.257 Z-3.200 F400.000
G1 X21.445 Y134.257 Z-3.200 F400.000
G1 X21.336 Y134.246 Z-3.200 F400.000
G1 X21.307 Y134.238 Z-3.200 F400.000
G1 X21.281 Y134.223 Z-3.200 F400.000
G1 X21.257 Y134.204 Z-3.200 F400.000
G1 X21.238 Y134.180 Z-3.200 F400.000
G1 X21.224 Y134.154 Z-3.200 F400.000
G1 X21.215 Y134.125 Z-3.200 F400.000
G1 X21.204 Y134.016 Z-3.200 F400.000
G1 X21.204 Y131.125 Z-3.200 F400.000
G1 X21.207 Y131.065 Z-3.200 F400.000
G1 X21.210 Y131.047 Z-3.200 F400.000
G1 X21.215 Y131.031 Z-3.200 F400.000
G1 X21.238 Y130.974 Z-3.200 F400.000
G1 X25.159 Y122.559 Z-3.200 F400.000
G1 X25.286 Y122.218 Z-3.200 F400.000
G1 X25.375 Y121.865 Z-3.200 F400.000
G1 X25.425 Y121.505 Z-3.200 F400.000
G1 X25.438 Y121.228 Z-3.200 F400.000
G1 X25.438 Y98.360 Z-3.200 F400.000
G1 X25.424 Y98.153 Z-3.200 F400.000
G1 X25.390 Y97.894 Z-3.200 F400.000
G1 X25.283 Y97.494 Z-3.200 F400.000
G1 X25.183 Y97.253 Z-3.200 F400.000
G1 X24.975 Y96.894 Z-3.200 F400.000
G1 X24.817 Y96.687 Z-3.200 F400.000
G1 X24.524 Y96.394 Z-3.200 F400.000
G1 X24.316 Y96.235 Z-3.200 F400.000
G1 X23.958 Y96.028 Z-3.200 F400.000
G1 X23.716 Y95.928 Z-3.200 F400.000
G1 X23.316 Y95.821 Z-3.200 F400.000
G1 X23.057 Y95.787 Z-3.200 F400.000
G1 X22.850 Y95.773 Z-3.200 F400.000
G1 X21.445 Y95.773 Z-3.200 F400.000
G1 X21.336 Y95.762 Z-3.200 F400.000
G1 X21.307 Y95.753 Z-3.200 F400.000
G1 X21.281 Y95.739 Z-3.200 F400.000
G1 X21.257 Y95.720 Z-3.200 F400.000
G1 X21.238 Y95.696 Z-3.200 F400.000
G1 X21.224 Y95.670 Z-3.200 F400.000
G1 X21.215 Y95.641 Z-3.200 F400.000
G1 X21.204 Y95.532 Z-3.200 F400.000
G1 X21.204 Y92.641 Z-3.200 F400.000
G1 X21.207 Y92.581 Z-3.200 F400.000
G1 X21.210 Y92.563 Z-3.200 F400.000
G1 X21.215 Y92.546 Z-3.200 F400.000
G1 X21.238 Y92.490 Z-3.200 F400.000
G1 X25.159 Y84.075 Z-3.200 F400.000
G1 X25.286 Y83.734 Z-3.200 F400.000
G1 X25.375 Y83.381 Z-3.200 F400.000
G1 X25.425 Y83.021 Z-3.200 F400.000
G1 X25.438 Y82.744 Z-3.200 F400.000
G1 X25.438 Y59.876 Z-3.200 F400.000
G1 X25.424 Y59.669 Z-3.200 F400.000
G1 X25.390 Y59.410 Z-3.200 F400.000
G1 X25.283 Y59.010 Z-3.200 F400.000
G1 X25.183 Y58.769 Z-3.200 F400.000
G1 X24.975 Y58.410 Z-3.200 F400.000
G1 X24.817 Y58.203 Z-3.200 F400.000
G1 X24.524 Y57.910 Z-3.200 F400.000
G1 X24.316 Y57.751 Z-3.200 F400.000
G1 X23.958 Y57.544 Z-3.200 F400.000
G1 X23.716 Y57.444 Z-3.200 F400.000
G1 X23.316 Y57.337 Z-3.200 F400.000
G1 X23.057 Y57.303 Z-3.200 F400.000
G1 X22.850 Y57.289 Z-3.200 F400.000
G1 X21.445 Y57.289 Z-3.200 F400.000
G1 X21.336 Y57.278 Z-3.200 F400.000
G1 X21.307 Y57.269 Z-3.200 F400.000
G1 X21.281 Y57.255 Z-3.200 F400.000
G1 X21.257 Y57.236 Z-3.200 F400.000
G1 X21.238 Y57.212 Z-3.200 F400.000
G1 X21.224 Y57.186 Z-3.200 F400.000
G1 X21.215 Y57.157 Z-3.200 F400.000
G1 X21.204 Y57.048 Z-3.200 F400.000
G1 X21.204 Y54.157 Z-3.200 F400.000
G1 X21.207 Y54.097 Z-3.200 F400.000
G1 X21.210 Y54.079 Z-3.200 F400.000
G1 X21.215 Y54.062 Z-3.200 F400.000
G1 X21.238 Y54.006 Z-3.200 F400.000
G1 X25.159 Y45.591 Z-3.200 F400.000
G1 X25.286 Y45.250 Z-3.200 F400.000
G1 X25.375 Y44.897 Z-3.200 F400.000
G1 X25.425 Y44.537 Z-3.200 F400.000
G1 X25.438 Y44.260 Z-3.200 F400.000
G1 X25.430 Y35.624 Z-3.200 F400.000
G1 X25.396 Y35.283 Z-3.200 F400.000
G1 X25.336 Y34.977 Z-3.200 F400.000
G1 X25.236 Y34.649 Z-3.200 F400.000
G1 X25.117 Y34.362 Z-3.200 F400.000
G1 X24.955 Y34.059 Z-3.200 F400.000
G1 X24.782 Y33.800 Z-3.200 F400.000
G1 X24.565 Y33.535 Z-3.200 F400.000
G1 X24.345 Y33.315 Z-3.200 F400.000
G1 X24.079 Y33.097 Z-3.200 F400.000
G1 X23.821 Y32.924 Z-3.200 F400.000
G1 X23.518 Y32.763 Z-3.200 F400.000
G1 X23.231 Y32.644 Z-3.200 F400.000
G1 X22.902 Y32.544 Z-3.200 F400.000
G1 X22.597 Y32.483 Z-3.200 F400.000
G1 X22.100 Y32.442 Z-3.200 F400.000
G1 X19.328 Y32.442 Z-3.200 F400.000
G1 X19.220 Y32.431 Z-3.200 F400.000
G1 X19.191 Y32.423 Z-3.200 F400.000
G1 X19.164 Y32.408 Z-3.200 F400.000
G1 X19.141 Y32.389 Z-3.200 F400.000
G1 X19.121 Y32.366 Z-3.200 F400.000
G1 X19.107 Y32.339 Z-3.200 F400.000
G1 X19.098 Y32.310 Z-3.200 F400.000
G1 X19.087 Y32.202 Z-3.200 F400.000
G1 X19.087 Y30.495 Z-3.200 F400.000
G1 X19.098 Y30.387 Z-3.200 F400.000
G1 X19.107 Y30.358 Z-3.200 F400.000
G1 X19.121 Y30.331 Z-3.200 F400.000
G1 X19.141 Y30.308 Z-3.200 F400.000
G1 X19.164 Y30.288 Z-3.200 F400.000
G1 X19.191 Y30.274 Z-3.200 F400.000
G1 X19.220 Y30.265 Z-3.200 F400.000
G1 X19.330 Y30.254 Z-3.200 F400.000
G1 X22.256 Y30.247 Z-3.200 F400.000
G1 X22.597 Y30.213 Z-3.200 F400.000
G1 X22.902 Y30.153 Z-3.200 F400.000
G1 X23.231 Y30.053 Z-3.200 F400.000
G1 X23.518 Y29.934 Z-3.200 F400.000
G1 X23.821 Y29.772 Z-3.200 F400.000
G1 X24.079 Y29.599 Z-3.200 F400.000
G1 X24.345 Y29.382 Z-3.200 F400.000
G1 X24.565 Y29.162 Z-3.200 F400.000
G1 X24.782 Y28.896 Z-3.200 F400.000
G1 X24.955 Y28.638 Z-3.200 F400.000
G1 X25.117 Y28.335 Z-3.200 F400.000
G1 X25.236 Y28.048 Z-3.200 F400.000
G1 X25.336 Y27.719 Z-3.200 F400.000
G1 X25.396 Y27.414 Z-3.200 F400.000
G1 X25.438 Y26.917 Z-3.200 F400.000
G1 X25.438 Y3.000 Z-3.200 F400.000
G0 Z5.000
G0 X25.438 Y228.000
G0 Z3.000
G1 X25.438 Y228.000 Z-3.400 F250.000
G1 X25.438 Y213.812 Z-3.400 F400.000
G1 X25.424 Y213.605 Z-3.400 F400.000
G1 X25.390 Y213.346 Z-3.400 F400.000
G1 X25.283 Y212.946 Z-3.400 F400.000
G1 X25.183 Y212.705 Z-3.400 F400.000
G1 X24.975 Y212.346 Z-3.400 F400.000
G1 X24.817 Y212.139 Z-3.400 F400.000
G1 X24.524 Y211.846 Z-3.400 F400.000
G1 X24.316 Y211.687 Z-3.400 F400.000
G1 X23.958 Y211.480 Z-3.400 F400.000
G1 X23.716 Y211.380 Z-3.400 F400.000
G1 X23.316 Y211.273 Z-3.400 F400.000
G1 X23.057 Y211.239 Z-3.400 F400.000
G1 X22.850 Y211.225 Z-3.400 F400.000
G1 X21.445 Y211.225 Z-3.400 F400.000
G1 X21.336 Y211.214 Z-3.400 F400.000
G1 X21.307 Y211.206 Z-3.400 F400.000
G1 X21.281 Y211.191 Z-3.400 F400.000
G1 X21.257 Y211.172 Z-3.400 F400.000
G1 X21.238 Y211.149 Z-3.400 F400.000
G1 X21.224 Y211.122 Z-3.400 F400.000
G1 X21.215 Y211.093 Z-3.400 F400.000
G1 X21.204 Y210.985 Z-3.400 F400.000
G1 X21.204 Y208.093 Z-3.400 F400.000
G1 X21.207 Y208.033 Z-3.400 F400.000
G1 X21.210 Y208.015 Z-3.400 F400.000
G1 X21.215 Y207.999 Z-3.400 F400.000
G1 X21.238 Y207.942 Z-3.400 F400.000
G1 X25.159 Y199.527 Z-3.400 F400.000
G1 X25.286 Y199.186 Z-3.400 F400.000
G1 X25.375 Y198.833 Z-3.400 F400.000
G1 X25.425 Y198.473 Z-3.400 F400.000
G1 X25.438 Y198.196 Z-3.400 F400.000
G1 X25.438 Y175.328 Z-3.400 F400.000
G1 X25.424 Y175.121 Z-3.400 F400.000
G1 X25.390 Y174.862 Z-3.400 F400.000
G1 X25.283 Y174.462 Z-3.400 F400.000
G1 X25.183 Y174.221 Z-3.400 F400.000
G1 X24.975 Y173.862 Z-3.400 F400.000
G1 X24.817 Y173.655 Z-3.400 F400.000
G1 X24.524 Y173.362 Z-3.400 F400.000
G1 X24.316 Y173.203 Z-3.400 F400.000
G1 X23.958 Y172.996 Z-3.400 F400.000
G1 X23.716 Y172.896 Z-3.400 F400.000
G1 X23.316 Y172.789 Z-3.400 F400.000
G1 X23.057 Y172.755 Z-3.400 F400.000
G1 X22.850 Y172.741 Z-3.400 F400.000
G1 X21.445 Y172.741 Z-3.400 F400.000
G1 X21.336 Y172.730 Z-3.400 F400.000
G1 X21.307 Y172.722 Z-3.400 F400.000
G1 X21.281 Y172.707 Z-3.400 F400.000
G1 X21.257 Y172.688 Z-3.400 F400.000
G1 X21.238 Y172.664 Z-3.400 F400.000
G1 X21.224 Y172.638 Z-3.400 F400.000
G1 X21.215 Y172.609 Z-3.400 F400.000
G1 X21.204 Y172.500 Z-3.400 F400.000
G1 X21.204 Y169.609 Z-3.400 F400.000
G1 X21.207 Y169.549 Z-3.400 F400.000
G1 X21.210 Y169.531 Z-3.400 F400.000
G1 X21.215 Y169.515 Z-3.400 F400.000
G1 X21.238 Y169.458 Z-3.400 F400.000
G1 X25.159 Y161.043 Z-3.400 F400.000
G1 X25.286 Y160.702 Z-3.400 F400.000
G1 X25.375 Y160.349 Z-3.400 F400.000
G1 X25.425 Y159.989 Z-3.400 F400.000
G1 X25.438 Y159.712 Z-3.400 F400.000
G1 X25.438 Y136.844 Z-3.400 F400.000
G1 X25.424 Y136.637 Z-3.400 F400.000
G1 X25.390 Y136.378 Z-3.400 F400.000
G1 X25.283 Y135.978 Z-3.400 F400.000
G1 X25.183 Y135.737 Z-3.400 F400.000
G1 X24.975 Y135.378 Z-3.400 F400.000
G1 X24.817 Y135.171 Z-3.400 F400.000
G1 X24.524 Y134.878 Z-3.400 F400.000
G1 X24.316 Y134.719 Z-3.400 F400.000
G1 X23.958 Y134.512 Z-3.400 F400.000
G1 X23.716 Y134.412 Z-3.400 F400.000
G1 X23.316 Y134.305 Z-3.400 F400.000
G1 X23.057 Y134.271 Z-3.400 F400.000
G1 X22.850 Y134.257 Z-3.400 F400.000
G1 X21.445 Y134.257 Z-3.400 F400.000
G1 X21.336 Y134.246 Z-3.400 F400.000
G1 X21.307 Y134.238 Z-3.400 F400.000
G1 X21.281 Y134.223 Z-3.400 F400.000
G1 X21.257 Y134.204 Z-3.400 F400.000
G1 X21.238 Y134.180 Z-3.400 F400.000
G1 X21.224 Y134.154 Z-3.400 F400.000
G1 X21.215 Y134.125 Z-3.400 F400.000
G1 X21.204 Y134.016 Z-3.400 F400.000
G1 X21.204 Y131.125 Z-3.400 F400.000
G1 X21.207 Y131.065 Z-3.400 F400.000
G1 X21.210 Y131.047 Z-3.400 F400.000
G1 X21.215 Y131.031 Z-3.400 F400.000
G1 X21.238 Y130.974 Z-3.400 F400.000
G1 X25.159 Y122.559 Z-3.400 F400.000
G1 X25.286 Y122.218 Z-3.400 F400.000
G1 X25.375 Y121.865 Z-3.400 F400.000
G1 X25.425 Y121.505 Z-3.400 F400.000
G1 X25.438 Y121.228 Z-3.400 F400.000
G1 X25.438 Y98.360 Z-3.400 F400.000
G1 X25.424 Y98.153 Z-3.400 F400.000
G1 X25.390 Y97.894 Z-3.400 F400.000
G1 X25.283 Y97.494 Z-3.400 F400.000
G1 X25.183 Y97.253 Z-3.400 F400.000
G1 X24.975 Y96.894 Z-3.400 F400.000
G1 X24.817 Y96.687 Z-3.400 F400.000
G1 X24.524 Y96.394 Z-3.400 F400.000
G1 X24.316 Y96.235 Z-3.400 F400.000
G1 X23.958 Y96.028 Z-3.400 F400.000
G1 X23.716 Y95.928 Z-3.400 F400.000
G1 X23.316 Y95.821 Z-3.400 F400.000
G1 X23.057 Y95.787 Z-3.400 F400.000
G1 X22.850 Y95.773 Z-3.400 F400.000
G1 X21.445 Y95.773 Z-3.400 F400.000
G1 X21.336 Y95.762 Z-3.400 F400.000
G1 X21.307 Y95.753 Z-3.400 F400.000
G1 X21.281 Y95.739 Z-3.400 F400.000
G1 X21.257 Y95.720 Z-3.400 F400.000
G1 X21.238 Y95.696 Z-3.400 F400.000
G1 X21.224 Y95.670 Z-3.400 F400.000
G1 X21.215 Y95.641 Z-3.400 F400.000
G1 X21.204 Y95.532 Z-3.400 F400.000
G1 X21.204 Y92.641 Z-3.400 F400.000
G1 X21.207 Y92.581 Z-3.400 F400.000
G1 X21.210 Y92.563 Z-3.400 F400.000
G1 X21.215 Y92.546 Z-3.400 F400.000
G1 X21.238 Y92.490 Z-3.400 F400.000
G1 X25.159 Y84.075 Z-3.400 F400.000
G1 X25.286 Y83.734 Z-3.400 F400.000
G1 X25.375 Y83.381 Z-3.400 F400.000
G1 X25.425 Y83.021 Z-3.400 F400.000
G1 X25.438 Y82.744 Z-3.400 F400.000
G1 X25.438 Y59.876 Z-3.400 F400.000
G1 X25.424 Y59.669 Z-3.400 F400.000
G1 X25.390 Y59.410 Z-3.400 F400.000
G1 X25.283 Y59.010 Z-3.400 F400.000
G1 X25.183 Y58.769 Z-3.400 F400.000
G1 X24.975 Y58.410 Z-3.400 F400.000
G1 X24.817 Y58.203 Z-3.400 F400.000
G1 X24.524 Y57.910 Z-3.400 F400.000
G1 X24.316 Y57.751 Z-3.400 F400.000
G1 X23.958 Y57.544 Z-3.400 F400.000
G1 X23.716 Y57.444 Z-3.400 F400.000
G1 X23.316 Y57.337 Z-3.400 F400.000
G1 X23.057 Y57.303 Z-3.400 F400.000
G1 X22.850 Y57.289 Z-3.400 F400.000
G1 X21.445 Y57.289 Z-3.400 F400.000
G1 X21.336 Y57.278 Z-3.400 F400.000
G1 X21.307 Y57.269 Z-3.400 F400.000
G1 X21.281 Y57.255 Z-3.400 F400.000
G1 X21.257 Y57.236 Z-3.400 F400.000
G1 X21.238 Y57.212 Z-3.400 F400.000
G1 X21.224 Y57.186 Z-3.400 F400.000
G1 X21.215 Y57.157 Z-3.400 F400.000
G1 X21.204 Y57.048 Z-3.400 F400.000
G1 X21.204 Y54.157 Z-3.400 F400.000
G1 X21.207 Y54.097 Z-3.400 F400.000
G1 X21.210 Y54.079 Z-3.400 F400.000
G1 X21.215 Y54.062 Z-3.400 F400.000
G1 X21.238 Y54.006 Z-3.400 F400.000
G1 X25.159 Y45.591 Z-3.400 F400.000
G1 X25.286 Y45.250 Z-3.400 F400.000
G1 X25.375 Y44.897 Z-3.400 F400.000
G1 X25.425 Y44.537 Z-3.400 F400.000
G1 X25.438 Y44.260 Z-3.400 F400.000
G1 X25.430 Y35.624 Z-3.400 F400.000
G1 X25.396 Y35.283 Z-3.400 F400.000
G1 X25.336 Y34.977 Z-3.400 F400.000
G1 X25.236 Y34.649 Z-3.400 F400.000
G1 X25.117 Y34.362 Z-3.400 F400.000
G1 X24.955 Y34.059 Z-3.400 F400.000
G1 X24.782 Y33.800 Z-3.400 F400.000
G1 X24.565 Y33.535 Z-3.400 F400.000
G1 X24.345 Y33.315 Z-3.400 F400.000
G1 X24.079 Y33.097 Z-3.400 F400.000
G1 X23.821 Y32.924 Z-3.400 F400.000
G1 X23.518 Y32.763 Z-3.400 F400.000
G1 X23.231 Y32.644 Z-3.400 F400.000
G1 X22.902 Y32.544 Z-3.400 F400.000
G1 X22.597 Y32.483 Z-3.400 F400.000
G1 X22.100 Y32.442 Z-3.400 F400.000
G1 X19.328 Y32.442 Z-3.400 F400.000
G1 X19.220 Y32.431 Z-3.400 F400.000
G1 X19.191 Y32.423 Z-3.400 F400.000
G1 X19.164 Y32.408 Z-3.400 F400.000
G1 X19.141 Y32.389 Z-3.400 F400.000
G1 X19.121 Y32.366 Z-3.400 F400.000
G1 X19.107 Y32.339 Z-3.400 F400.000
G1 X19.098 Y32.310 Z-3.400 F400.000
G1 X19.087 Y32.202 Z-3.400 F400.000
G1 X19.087 Y30.495 Z-3.400 F400.000
G1 X19.098 Y30.387 Z-3.400 F400.000
G1 X19.107 Y30.358 Z-3.400 F400.000
G1 X19.121 Y30.331 Z-3.400 F400.000
G1 X19.141 Y30.308 Z-3.400 F400.000
G1 X19.164 Y30.288 Z-3.400 F400.000
G1 X19.191 Y30.274 Z-3.400 F400.000
G1 X19.220 Y30.265 Z-3.400 F400.000
G1 X19.330 Y30.254 Z-3.400 F400.000
G1 X22.256 Y30.247 Z-3.400 F400.000
G1 X22.597 Y30.213 Z-3.400 F400.000
G1 X22.902 Y30.153 Z-3.400 F400.000
G1 X23.231 Y30.053 Z-3.400 F400.000
G1 X23.518 Y29.934 Z-3.400 F400.000
G1 X23.821 Y29.772 Z-3.400 F400.000
G1 X24.079 Y29.599 Z-3.400 F400.000
G1 X24.345 Y29.382 Z-3.400 F400.000
G1 X24.565 Y29.162 Z-3.400 F400.000
G1 X24.782 Y28.896 Z-3.400 F400.000
G1 X24.955 Y28.638 Z-3.400 F400.000
G1 X25.117 Y28.335 Z-3.400 F400.000
G1 X25.236 Y28.048 Z-3.400 F400.000
G1 X25.336 Y27.719 Z-3.400 F400.000
G1 X25.396 Y27.414 Z-3.400 F400.000
G1 X25.438 Y26.917 Z-3.400 F400.000
G1 X25.438 Y3.000 Z-3.400 F400.000
G0 Z5.000
G0 X25.438 Y228.000
G0 Z3.000
G1 X25.438 Y228.000 Z-3.600 F250.000
G1 X25.438 Y213.812 Z-3.600 F400.000
G1 X25.424 Y213.605 Z-3.600 F400.000
G1 X25.390 Y213.346 Z-3.600 F400.000
G1 X25.283 Y212.946 Z-3.600 F400.000
G1 X25.183 Y212.705 Z-3.600 F400.000
G1 X24.975 Y212.346 Z-3.600 F400.000
G1 X24.817 Y212.139 Z-3.600 F400.000
G1 X24.524 Y211.846 Z-3.600 F400.000
G1 X24.316 Y211.687 Z-3.600 F400.000
G1 X23.958 Y211.480 Z-3.600 F400.000
G1 X23.716 Y211.380 Z-3.600 F400.000
G1 X23.316 Y211.273 Z-3.600 F400.000
G1 X23.057 Y211.239 Z-3.600 F400.000
G1 X22.850 Y211.225 Z-3.600 F400.000
G1 X21.445 Y211.225 Z-3.600 F400.000
G1 X21.336 Y211.214 Z-3.600 F400.000
G1 X21.307 Y211.206 Z-3.600 F400.000
G1 X21.281 Y211.191 Z-3.600 F400.000
G1 X21.257 Y211.172 Z-3.600 F400.000
G1 X21.238 Y211.149 Z-3.600 F400.000
G1 X21.224 Y211.122 Z-3.600 F400.000
G1 X21.215 Y211.093 Z-3.600 F400.000
G1 X21.204 Y210.985 Z-3.600 F400.000
G1 X21.204 Y208.093 Z-3.600 F400.000
G1 X21.207 Y208.033 Z-3.600 F400.000
G1 X21.210 Y208.015 Z-3.600 F400.000
G1 X21.215 Y207.999 Z-3.600 F400.000
G1 X21.238 Y207.942 Z-3.600 F400.000
G1 X25.159 Y199.527 Z-3.600 F400.000
G1 X25.286 Y199.186 Z-3.600 F400.000
G1 X25.375 Y198.833 Z-3.600 F400.000
G1 X25.425 Y198.473 Z-3.600 F400.000
G1 X25.438 Y198.196 Z-3.600 F400.000
G1 X25.438 Y175.328 Z-3.600 F400.000
G1 X25.424 Y175.121 Z-3.600 F400.000
G1 X25.390 Y174.862 Z-3.600 F400.000
G1 X25.283 Y174.462 Z-3.600 F400.000
G1 X25.183 Y174.221 Z-3.600 F400.000
G1 X24.975 Y173.862 Z-3.600 F400.000
G1 X24.817 Y173.655 Z-3.600 F400.000
G1 X24.524 Y173.362 Z-3.600 F400.000
G1 X24.316 Y173.203 Z-3.600 F400.000
G1 X23.958 Y172.996 Z-3.600 F400.000
G1 X23.716 Y172.896 Z-3.600 F400.000
G1 X23.316 Y172.789 Z-3.600 F400.000
G1 X23.057 Y172.755 Z-3.600 F400.000
G1 X22.850 Y172.741 Z-3.600 F400.000
G1 X21.445 Y172.741 Z-3.600 F400.000
G1 X21.336 Y172.730 Z-3.600 F400.000
G1 X21.307 Y172.722 Z-3.600 F400.000
G1 X21.281 Y172.707 Z-3.600 F400.000
G1 X21.257 Y172.688 Z-3.600 F400.000
G1 X21.238 Y172.664 Z-3.600 F400.000
G1 X21.224 Y172.638 Z-3.600 F400.000
G1 X21.215 Y172.609 Z-3.600 F400.000
G1 X21.204 Y172.500 Z-3.600 F400.000
G1 X21.204 Y169.609 Z-3.600 F400.000
G1 X21.207 Y169.549 Z-3.600 F400.000
G1 X21.210 Y169.531 Z-3.600 F400.000
G1 X21.215 Y169.515 Z-3.600 F400.000
G1 X21.238 Y169.458 Z-3.600 F400.000
G1 X25.159 Y161.043 Z-3.600 F400.000
G1 X25.286 Y160.702 Z-3.600 F400.000
G1 X25.375 Y160.349 Z-3.600 F400.000
G1 X25.425 Y159.989 Z-3.600 F400.000
G1 X25.438 Y159.712 Z-3.600 F400.000
G1 X25.438 Y136.844 Z-3.600 F400.000
G1 X25.424 Y136.637 Z-3.600 F400.000
G1 X25.390 Y136.378 Z-3.600 F400.000
G1 X25.283 Y135.978 Z-3.600 F400.000
G1 X25.183 Y135.737 Z-3.600 F400.000
G1 X24.975 Y135.378 Z-3.600 F400.000
G1 X24.817 Y135.171 Z-3.600 F400.000
G1 X24.524 Y134.878 Z-3.600 F400.000
G1 X24.316 Y134.719 Z-3.600 F400.000
G1 X23.958 Y134.512 Z-3.600 F400.000
G1 X23.716 Y134.412 Z-3.600 F400.000
G1 X23.316 Y134.305 Z-3.600 F400.000
G1 X23.057 Y134.271 Z-3.600 F400.000
G1 X22.850 Y134.257 Z-3.600 F400.000
G1 X21.445 Y134.257 Z-3.600 F400.000
G1 X21.336 Y134.246 Z-3.600 F400.000
G1 X21.307 Y134.238 Z-3.600 F400.000
G1 X21.281 Y134.223 Z-3.600 F400.000
G1 X21.257 Y134.204 Z-3.600 F400.000
G1 X21.238 Y134.180 Z-3.600 F400.000
G1 X21.224 Y134.154 Z-3.600 F400.000
G1 X21.215 Y134.125 Z-3.600 F400.000
G1 X21.204 Y134.016 Z-3.600 F400.000
G1 X21.204 Y131.125 Z-3.600 F400.000
G1 X21.207 Y131.065 Z-3.600 F400.000
G1 X21.210 Y131.047 Z-3.600 F400.000
G1 X21.215 Y131.031 Z-3.600 F400.000
G1 X21.238 Y130.974 Z-3.600 F400.000
G1 X25.159 Y122.559 Z-3.600 F400.000
G1 X25.286 Y122.218 Z-3.600 F400.000
G1 X25.375 Y121.865 Z-3.600 F400.000
G1 X25.425 Y121.505 Z-3.600 F400.000
G1 X25.438 Y121.228 Z-3.600 F400.000
G1 X25.438 Y98.360 Z-3.600 F400.000
G1 X25.424 Y98.153 Z-3.600 F400.000
G1 X25.390 Y97.894 Z-3.600 F400.000
G1 X25.283 Y97.494 Z-3.600 F400.000
G1 X25.183 Y97.253 Z-3.600 F400.000
G1 X24.975 Y96.894 Z-3.600 F400.000
G1 X24.817 Y96.687 Z-3.600 F400.000
G1 X24.524 Y96.394 Z-3.600 F400.000
G1 X24.316 Y96.235 Z-3.600 F400.000
G1 X23.958 Y96.028 Z-3.600 F400.000
G1 X23.716 Y95.928 Z-3.600 F400.000
G1 X23.316 Y95.821 Z-3.600 F400.000
G1 X23.057 Y95.787 Z-3.600 F400.000
G1 X22.850 Y95.773 Z-3.600 F400.000
G1 X21.445 Y95.773 Z-3.600 F400.000
G1 X21.336 Y95.762 Z-3.600 F400.000
G1 X21.307 Y95.753 Z-3.600 F400.000
G1 X21.281 Y95.739 Z-3.600 F400.000
G1 X21.257 Y95.720 Z-3.600 F400.000
G1 X21.238 Y95.696 Z-3.600 F400.000
G1 X21.224 Y95.670 Z-3.600 F400.000
G1 X21.215 Y95.641 Z-3.600 F400.000
G1 X21.204 Y95.532 Z-3.600 F400.000
G1 X21.204 Y92.641 Z-3.600 F400.000
G1 X21.207 Y92.581 Z-3.600 F400.000
G1 X21.210 Y92.563 Z-3.600 F400.000
G1 X21.215 Y92.546 Z-3.600 F400.000
G1 X21.238 Y92.490 Z-3.600 F400.000
G1 X25.159 Y84.075 Z-3.600 F400.000
G1 X25.286 Y83.734 Z-3.600 F400.000
G1 X25.375 Y83.381 Z-3.600 F400.000
G1 X25.425 Y83.021 Z-3.600 F400.000
G1 X25.438 Y82.744 Z-3.600 F400.000
G1 X25.438 Y59.876 Z-3.600 F400.000
G1 X25.424 Y59.669 Z-3.600 F400.000
G1 X25.390 Y59.410 Z-3.600 F400.000
G1 X25.283 Y59.010 Z-3.600 F400.000
G1 X25.183 Y58.769 Z-3.600 F400.000
G1 X24.975 Y58.410 Z-3.600 F400.000
G1 X24.817 Y58.203 Z-3.600 F400.000
G1 X24.524 Y57.910 Z-3.600 F400.000
G1 X24.316 Y57.751 Z-3.600 F400.000
G1 X23.958 Y57.544 Z-3.600 F400.000
G1 X23.716 Y57.444 Z-3.600 F400.000
G1 X23.316 Y57.337 Z-3.600 F400.000
G1 X23.057 Y57.303 Z-3.600 F400.000
G1 X22.850 Y57.289 Z-3.600 F400.000
G1 X21.445 Y57.289 Z-3.600 F400.000
G1 X21.336 Y57.278 Z-3.600 F400.000
G1 X21.307 Y57.269 Z-3.600 F400.000
G1 X21.281 Y57.255 Z-3.600 F400.000
G1 X21.257 Y57.236 Z-3.600 F400.000
G1 X21.238 Y57.212 Z-3.600 F400.000
G1 X21.224 Y57.186 Z-3.600 F400.000
G1 X21.215 Y57.157 Z-3.600 F400.000
G1 X21.204 Y57.048 Z-3.600 F400.000
G1 X21.204 Y54.157 Z-3.600 F400.000
G1 X21.207 Y54.097 Z-3.600 F400.000
G1 X21.210 Y54.079 Z-3.600 F400.000
G1 X21.215 Y54.062 Z-3.600 F400.000
G1 X21.238 Y54.006 Z-3.600 F400.000
G1 X25.159 Y45.591 Z-3.600 F400.000
G1 X25.286 Y45.250 Z-3.600 F400.000
G1 X25.375 Y44.897 Z-3.600 F400.000
G1 X25.425 Y44.537 Z-3.600 F400.000
G1 X25.438 Y44.260 Z-3.600 F400.000
G1 X25.430 Y35.624 Z-3.600 F400.000
G1 X25.396 Y35.283 Z-3.600 F400.000
G1 X25.336 Y34.977 Z-3.600 F400.000
G1 X25.236 Y34.649 Z-3.600 F400.000
G1 X25.117 Y34.362 Z-3.600 F400.000
G1 X24.955 Y34.059 Z-3.600 F400.000
G1 X24.782 Y33.800 Z-3.600 F400.000
G1 X24.565 Y33.535 Z-3.600 F400.000
G1 X24.345 Y33.315 Z-3.600 F400.000
G1 X24.079 Y33.097 Z-3.600 F400.000
G1 X23.821 Y32.924 Z-3.600 F400.000
G1 X23.518 Y32.763 Z-3.600 F400.000
G1 X23.231 Y32.644 Z-3.600 F400.000
G1 X22.902 Y32.544 Z-3.600 F400.000
G1 X22.597 Y32.483 Z-3.600 F400.000
G1 X22.100 Y32.442 Z-3.600 F400.000
G1 X19.328 Y32.442 Z-3.600 F400.000
G1 X19.220 Y32.431 Z-3.600 F400.000
G1 X19.191 Y32.423 Z-3.600 F400.000
G1 X19.164 Y32.408 Z-3.600 F400.000
G1 X19.141 Y32.389 Z-3.600 F400.000
G1 X19.121 Y32.366 Z-3.600 F400.000
G1 X19.107 Y32.339 Z-3.600 F400.000
G1 X19.098 Y32.310 Z-3.600 F400.000
G1 X19.087 Y32.202 Z-3.600 F400.000
G1 X19.087 Y30.495 Z-3.600 F400.000
G1 X19.098 Y30.387 Z-3.600 F400.000
G1 X19.107 Y30.358 Z-3.600 F400.000
G1 X19.121 Y30.331 Z-3.600 F400.000
G1 X19.141 Y30.308 Z-3.600 F400.000
G1 X19.164 Y30.288 Z-3.600 F400.000
G1 X19.191 Y30.274 Z-3.600 F400.000
G1 X19.220 Y30.265 Z-3.600 F400.000
G1 X19.330 Y30.254 Z-3.600 F400.000
G1 X22.256 Y30.247 Z-3.600 F400.000
G1 X22.597 Y30.213 Z-3.600 F400.000
G1 X22.902 Y30.153 Z-3.600 F400.000
G1 X23.231 Y30.053 Z-3.600 F400.000
G1 X23.518 Y29.934 Z-3.600 F400.000
G1 X23.821 Y29.772 Z-3.600 F400.000
G1 X24.079 Y29.599 Z-3.600 F400.000
G1 X24.345 Y29.382 Z-3.600 F400.000
G1 X24.565 Y29.162 Z-3.600 F400.000
G1 X24.782 Y28.896 Z-3.600 F400.000
G1 X24.955 Y28.638 Z-3.600 F400.000
G1 X25.117 Y28.335 Z-3.600 F400.000
G1 X25.236 Y28.048 Z-3.600 F400.000
G1 X25.336 Y27.719 Z-3.600 F400.000
G1 X25.396 Y27.414 Z-3.600 F400.000
G1 X25.438 Y26.917 Z-3.600 F400.000
G1 X25.438 Y3.000 Z-3.600 F400.000
G0 Z5.000
G0 X25.438 Y228.000
G0 Z3.000
G1 X25.438 Y228.000 Z-3.800 F250.000
G1 X25.438 Y213.812 Z-3.800 F400.000
G1 X25.424 Y213.605 Z-3.800 F400.000
G1 X25.390 Y213.346 Z-3.800 F400.000
G1 X25.283 Y212.946 Z-3.800 F400.000
G1 X25.183 Y212.705 Z-3.800 F400.000
G1 X24.975 Y212.346 Z-3.800 F400.000
G1 X24.817 Y212.139 Z-3.800 F400.000
G1 X24.524 Y211.846 Z-3.800 F400.000
G1 X24.316 Y211.687 Z-3.800 F400.000
G1 X23.958 Y211.480 Z-3.800 F400.000
G1 X23.716 Y211.380 Z-3.800 F400.000
G1 X23.316 Y211.273 Z-3.800 F400.000
G1 X23.057 Y211.239 Z-3.800 F400.000
G1 X22.850 Y211.225 Z-3.800 F400.000
G1 X21.445 Y211.225 Z-3.800 F400.000
G1 X21.336 Y211.214 Z-3.800 F400.000
G1 X21.307 Y211.206 Z-3.800 F400.000
G1 X21.281 Y211.191 Z-3.800 F400.000
G1 X21.257 Y211.172 Z-3.800 F400.000
G1 X21.238 Y211.149 Z-3.800 F400.000
G1 X21.224 Y211.122 Z-3.800 F400.000
G1 X21.215 Y211.093 Z-3.800 F400.000
G1 X21.204 Y210.985 Z-3.800 F400.000
G1 X21.204 Y208.093 Z-3.800 F400.000
G1 X21.207 Y208.033 Z-3.800 F400.000
G1 X21.210 Y208.015 Z-3.800 F400.000
G1 X21.215 Y207.999 Z-3.800 F400.000
G1 X21.238 Y207.942 Z-3.800 F400.000
G1 X25.159 Y199.527 Z-3.800 F400.000
G1 X25.286 Y199.186 Z-3.800 F400.000
G1 X25.375 Y198.833 Z-3.800 F400.000
G1 X25.425 Y198.473 Z-3.800 F400.000
G1 X25.438 Y198.196 Z-3.800 F400.000
G1 X25.438 Y175.328 Z-3.800 F400.000
G1 X25.424 Y175.121 Z-3.800 F400.000
G1 X25.390 Y174.862 Z-3.800 F400.000
G1 X25.283 Y174.462 Z-3.800 F400.000
G1 X25.183 Y174.221 Z-3.800 F400.000
G1 X24.975 Y173.862 Z-3.800 F400.000
G1 X24.817 Y173.655 Z-3.800 F400.000
G1 X24.524 Y173.362 Z-3.800 F400.000
G1 X24.316 Y173.203 Z-3.800 F400.000
G1 X23.958 Y172.996 Z-3.800 F400.000
G1 X23.716 Y172.896 Z-3.800 F400.000
G1 X23.316 Y172.789 Z-3.800 F400.000
G1 X23.057 Y172.755 Z-3.800 F400.000
G1 X22.850 Y172.741 Z-3.800 F400.000
G1 X21.445 Y172.741 Z-3.800 F400.000
G1 X21.336 Y172.730 Z-3.800 F400.000
G1 X21.307 Y172.722 Z-3.800 F400.000
G1 X21.281 Y172.707 Z-3.800 F400.000
G1 X21.257 Y172.688 Z-3.800 F400.000
G1 X21.238 Y172.664 Z-3.800 F400.000
G1 X21.224 Y172.638 Z-3.800 F400.000
G1 X21.215 Y172.609 Z-3.800 F400.000
G1 X21.204 Y172.500 Z-3.800 F400.000
G1 X21.204 Y169.609 Z-3.800 F400.000
G1 X21.207 Y169.549 Z-3.800 F400.000
G1 X21.210 Y169.531 Z-3.800 F400.000
G1 X21.215 Y169.515 Z-3.800 F400.000
G1 X21.238 Y169.458 Z-3.800 F400.000
G1 X25.159 Y161.043 Z-3.800 F400.000
G1 X25.286 Y160.702 Z-3.800 F400.000
G1 X25.375 Y160.349 Z-3.800 F400.000
G1 X25.425 Y159.989 Z-3.800 F400.000
G1 X25.438 Y159.712 Z-3.800 F400.000
G1 X25.438 Y136.844 Z-3.800 F400.000
G1 X25.424 Y136.637 Z-3.800 F400.000
G1 X25.390 Y136.378 Z-3.800 F400.000
G1 X25.283 Y135.978 Z-3.800 F400.000
G1 X25.183 Y135.737 Z-3.800 F400.000
G1 X24.975 Y135.378 Z-3.800 F400.000
G1 X24.817 Y135.171 Z-3.800 F400.000
G1 X24.524 Y134.878 Z-3.800 F400.000
G1 X24.316 Y134.719 Z-3.800 F400.000
G1 X23.958 Y134.512 Z-3.800 F400.000
G1 X23.716 Y134.412 Z-3.800 F400.000
G1 X23.316 Y134.305 Z-3.800 F400.000
G1 X23.057 Y134.271 Z-3.800 F400.000
G1 X22.850 Y134.257 Z-3.800 F400.000
G1 X21.445 Y134.257 Z-3.800 F400.000
G1 X21.336 Y134.246 Z-3.800 F400.000
G1 X21.307 Y134.238 Z-3.800 F400.000
G1 X21.281 Y134.223 Z-3.800 F400.000
G1 X21.257 Y134.204 Z-3.800 F400.000
G1 X21.238 Y134.180 Z-3.800 F400.000
G1 X21.224 Y134.154 Z-3.800 F400.000
G1 X21.215 Y134.125 Z-3.800 F400.000
G1 X21.204 Y134.016 Z-3.800 F400.000
G1 X21.204 Y131.125 Z-3.800 F400.000
G1 X21.207 Y131.065 Z-3.800 F400.000
G1 X21.210 Y131.047 Z-3.800 F400.000
G1 X21.215 Y131.031 Z-3.800 F400.000
G1 X21.238 Y130.974 Z-3.800 F400.000
G1 X25.159 Y122.559 Z-3.800 F400.000
G1 X25.286 Y122.218 Z-3.800 F400.000
G1 X25.375 Y121.865 Z-3.800 F400.000
G1 X25.425 Y121.505 Z-3.800 F400.000
G1 X25.438 Y121.228 Z-3.800 F400.000
G1 X25.438 Y98.360 Z-3.800 F400.000
G1 X25.424 Y98.153 Z-3.800 F400.000
G1 X25.390 Y97.894 Z-3.800 F400.000
G1 X25.283 Y97.494 Z-3.800 F400.000
G1 X25.183 Y97.253 Z-3.800 F400.000
G1 X24.975 Y96.894 Z-3.800 F400.000
G1 X24.817 Y96.687 Z-3.800 F400.000
G1 X24.524 Y96.394 Z-3.800 F400.000
G1 X24.316 Y96.235 Z-3.800 F400.000
G1 X23.958 Y96.028 Z-3.800 F400.000
G1 X23.716 Y95.928 Z-3.800 F400.000
G1 X23.316 Y95.821 Z-3.800 F400.000
G1 X23.057 Y95.787 Z-3.800 F400.000
G1 X22.850 Y95.773 Z-3.800 F400.000
G1 X21.445 Y95.773 Z-3.800 F400.000
G1 X21.336 Y95.762 Z-3.800 F400.000
G1 X21.307 Y95.753 Z-3.800 F400.000
G1 X21.281 Y95.739 Z-3.800 F400.000
G1 X21.257 Y95.720 Z-3.800 F400.000
G1 X21.238 Y95.696 Z-3.800 F400.000
G1 X21.224 Y95.670 Z-3.800 F400.000
G1 X21.215 Y95.641 Z-3.800 F400.000
G1 X21.204 Y95.532 Z-3.800 F400.000
G1 X21.204 Y92.641 Z-3.800 F400.000
G1 X21.207 Y92.581 Z-3.800 F400.000
G1 X21.210 Y92.563 Z-3.800 F400.000
G1 X21.215 Y92.546 Z-3.800 F400.000
G1 X21.238 Y92.490 Z-3.800 F400.000
G1 X25.159 Y84.075 Z-3.800 F400.000
G1 X25.286 Y83.734 Z-3.800 F400.000
G1 X25.375 Y83.381 Z-3.800 F400.000
G1 X25.425 Y83.021 Z-3.800 F400.000
G1 X25.438 Y82.744 Z-3.800 F400.000
G1 X25.438 Y59.876 Z-3.800 F400.000
G1 X25.424 Y59.669 Z-3.800 F400.000
G1 X25.390 Y59.410 Z-3.800 F400.000
G1 X25.283 Y59.010 Z-3.800 F400.000
G1 X25.183 Y58.769 Z-3.800 F400.000
G1 X24.975 Y58.410 Z-3.800 F400.000
G1 X24.817 Y58.203 Z-3.800 F400.000
G1 X24.524 Y57.910 Z-3.800 F400.000
G1 X24.316 Y57.751 Z-3.800 F400.000
G1 X23.958 Y57.544 Z-3.800 F400.000
G1 X23.716 Y57.444 Z-3.800 F400.000
G1 X23.316 Y57.337 Z-3.800 F400.000
G1 X23.057 Y57.303 Z-3.800 F400.000
G1 X22.850 Y57.289 Z-3.800 F400.000
G1 X21.445 Y57.289 Z-3.800 F400.000
G1 X21.336 Y57.278 Z-3.800 F400.000
G1 X21.307 Y57.269 Z-3.800 F400.000
G1 X21.281 Y57.255 Z-3.800 F400.000
G1 X21.257 Y57.236 Z-3.800 F400.000
G1 X21.238 Y57.212 Z-3.800 F400.000
G1 X21.224 Y57.186 Z-3.800 F400.000
G1 X21.215 Y57.157 Z-3.800 F400.000
G1 X21.204 Y57.048 Z-3.800 F400.000
G1 X21.204 Y54.157 Z-3.800 F400.000
G1 X21.207 Y54.097 Z-3.800 F400.000
G1 X21.210 Y54.079 Z-3.800 F400.000
G1 X21.215 Y54.062 Z-3.800 F400.000
G1 X21.238 Y54.006 Z-3.800 F400.000
G1 X25.159 Y45.591 Z-3.800 F400.000
G1 X25.286 Y45.250 Z-3.800 F400.000
G1 X25.375 Y44.897 Z-3.800 F400.000
G1 X25.425 Y44.537 Z-3.800 F400.000
G1 X25.438 Y44.260 Z-3.800 F400.000
G1 X25.430 Y35.624 Z-3.800 F400.000
G1 X25.396 Y35.283 Z-3.800 F400.000
G1 X25.336 Y34.977 Z-3.800 F400.000
G1 X25.236 Y34.649 Z-3.800 F400.000
G1 X25.117 Y34.362 Z-3.800 F400.000
G1 X24.955 Y34.059 Z-3.800 F400.000
G1 X24.782 Y33.800 Z-3.800 F400.000
G1 X24.565 Y33.535 Z-3.800 F400.000
G1 X24.345 Y33.315 Z-3.800 F400.000
G1 X24.079 Y33.097 Z-3.800 F400.000
G1 X23.821 Y32.924 Z-3.800 F400.000
G1 X23.518 Y32.763 Z-3.800 F400.000
G1 X23.231 Y32.644 Z-3.800 F400.000
G1 X22.902 Y32.544 Z-3.800 F400.000
G1 X22.597 Y32.483 Z-3.800 F400.000
G1 X22.100 Y32.442 Z-3.800 F400.000
G1 X19.328 Y32.442 Z-3.800 F400.000
G1 X19.220 Y32.431 Z-3.800 F400.000
G1 X19.191 Y32.423 Z-3.800 F400.000
G1 X19.164 Y32.408 Z-3.800 F400.000
G1 X19.141 Y32.389 Z-3.800 F400.000
G1 X19.121 Y32.366 Z-3.800 F400.000
G1 X19.107 Y32.339 Z-3.800 F400.000
G1 X19.098 Y32.310 Z-3.800 F400.000
G1 X19.087 Y32.202 Z-3.800 F400.000
G1 X19.087 Y30.495 Z-3.800 F400.000
G1 X19.098 Y30.387 Z-3.800 F400.000
G1 X19.107 Y30.358 Z-3.800 F400.000
G1 X19.121 Y30.331 Z-3.800 F400.000
G1 X19.141 Y30.308 Z-3.800 F400.000
G1 X19.164 Y30.288 Z-3.800 F400.000
G1 X19.191 Y30.274 Z-3.800 F400.000
G1 X19.220 Y30.265 Z-3.800 F400.000
G1 X19.330 Y30.254 Z-3.800 F400.000
G1 X22.256 Y30.247 Z-3.800 F400.000
G1 X22.597 Y30.213 Z-3.800 F400.000
G1 X22.902 Y30.153 Z-3.800 F400.000
G1 X23.231 Y30.053 Z-3.800 F400.000
G1 X23.518 Y29.934 Z-3.800 F400.000
G1 X23.821 Y29.772 Z-3.800 F400.000
G1 X24.079 Y29.599 Z-3.800 F400.000
G1 X24.345 Y29.382 Z-3.800 F400.000
G1 X24.565 Y29.162 Z-3.800 F400.000
G1 X24.782 Y28.896 Z-3.800 F400.000
G1 X24.955 Y28.638 Z-3.800 F400.000
G1 X25.117 Y28.335 Z-3.800 F400.000
G1 X25.236 Y28.048 Z-3.800 F400.000
G1 X25.336 Y27.719 Z-3.800 F400.000
G1 X25.396 Y27.414 Z-3.800 F400.000
G1 X25.438 Y26.917 Z-3.800 F400.000
G1 X25.438 Y3.000 Z-3.800 F400.000
G0 Z5.000
G0 X25.438 Y228.000
G0 Z3.000
G1 X25.438 Y228.000 Z-4.000 F250.000
G1 X25.438 Y213.812 Z-4.000 F400.000
G1 X25.424 Y213.605 Z-4.000 F400.000
G1 X25.390 Y213.346 Z-4.000 F400.000
G1 X25.283 Y212.946 Z-4.000 F400.000
G1 X25.183 Y212.705 Z-4.000 F400.000
G1 X24.975 Y212.346 Z-4.000 F400.000
G1 X24.817 Y212.139 Z-4.000 F400.000
G1 X24.524 Y211.846 Z-4.000 F400.000
G1 X24.316 Y211.687 Z-4.000 F400.000
G1 X23.958 Y211.480 Z-4.000 F400.000
G1 X23.716 Y211.380 Z-4.000 F400.000
G1 X23.316 Y211.273 Z-4.000 F400.000
G1 X23.057 Y211.239 Z-4.000 F400.000
G1 X22.850 Y211.225 Z-4.000 F400.000
G1 X21.445 Y211.225 Z-4.000 F400.000
G1 X21.336 Y211.214 Z-4.000 F400.000
G1 X21.307 Y211.206 Z-4.000 F400.000
G1 X21.281 Y211.191 Z-4.000 F400.000
G1 X21.257 Y211.172 Z-4.000 F400.000
G1 X21.238 Y211.149 Z-4.000 F400.000
G1 X21.224 Y211.122 Z-4.000 F400.000
G1 X21.215 Y211.093 Z-4.000 F400.000
G1 X21.204 Y210.985 Z-4.000 F400.000
G1 X21.204 Y208.093 Z-4.000 F400.000
G1 X21.207 Y208.033 Z-4.000 F400.000
G1 X21.210 Y208.015 Z-4.000 F400.000
G1 X21.215 Y207.999 Z-4.000 F400.000
G1 X21.238 Y207.942 Z-4.000 F400.000
G1 X25.159 Y199.527 Z-4.000 F400.000
G1 X25.286 Y199.186 Z-4.000 F400.000
G1 X25.375 Y198.833 Z-4.000 F400.000
G1 X25.425 Y198.473 Z-4.000 F400.000
G1 X25.438 Y198.196 Z-4.000 F400.000
G1 X25.438 Y175.328 Z-4.000 F400.000
G1 X25.424 Y175.121 Z-4.000 F400.000
G1 X25.390 Y174.862 Z-4.000 F400.000
G1 X25.283 Y174.462 Z-4.000 F400.000
G1 X25.183 Y174.221 Z-4.000 F400.000
G1 X24.975 Y173.862 Z-4.000 F400.000
G1 X24.817 Y173.655 Z-4.000 F400.000
G1 X24.524 Y173.362 Z-4.000 F400.000
G1 X24.316 Y173.203 Z-4.000 F400.000
G1 X23.958 Y172.996 Z-4.000 F400.000
G1 X23.716 Y172.896 Z-4.000 F400.000
G1 X23.316 Y172.789 Z-4.000 F400.000
G1 X23.057 Y172.755 Z-4.000 F400.000
G1 X22.850 Y172.741 Z-4.000 F400.000
G1 X21.445 Y172.741 Z-4.000 F400.000
G1 X21.336 Y172.730 Z-4.000 F400.000
G1 X21.307 Y172.722 Z-4.000 F400.000
G1 X21.281 Y172.707 Z-4.000 F400.000
G1 X21.257 Y172.688 Z-4.000 F400.000
G1 X21.238 Y172.664 Z-4.000 F400.000
G1 X21.224 Y172.638 Z-4.000 F400.000
G1 X21.215 Y172.609 Z-4.000 F400.000
G1 X21.204 Y172.500 Z-4.000 F400.000
G1 X21.204 Y169.609 Z-4.000 F400.000
G1 X21.207 Y169.549 Z-4.000 F400.000
G1 X21.210 Y169.531 Z-4.000 F400.000
G1 X21.215 Y169.515 Z-4.000 F400.000
G1 X21.238 Y169.458 Z-4.000 F400.000
G1 X25.159 Y161.043 Z-4.000 F400.000
G1 X25.286 Y160.702 Z-4.000 F400.000
G1 X25.375 Y160.349 Z-4.000 F400.000
G1 X25.425 Y159.989 Z-4.000 F400.000
G1 X25.438 Y159.712 Z-4.000 F400.000
G1 X25.438 Y136.844 Z-4.000 F400.000
G1 X25.424 Y136.637 Z-4.000 F400.000
G1 X25.390 Y136.378 Z-4.000 F400.000
G1 X25.283 Y135.978 Z-4.000 F400.000
G1 X25.183 Y135.737 Z-4.000 F400.000
G1 X24.975 Y135.378 Z-4.000 F400.000
G1 X24.817 Y135.171 Z-4.000 F400.000
G1 X24.524 Y134.878 Z-4.000 F400.000
G1 X24.316 Y134.719 Z-4.000 F400.000
G1 X23.958 Y134.512 Z-4.000 F400.000
G1 X23.716 Y134.412 Z-4.000 F400.000
G1 X23.316 Y134.305 Z-4.000 F400.000
G1 X23.057 Y134.271 Z-4.000 F400.000
G1 X22.850 Y134.257 Z-4.000 F400.000
G1 X21.445 Y134.257 Z-4.000 F400.000
G1 X21.336 Y134.246 Z-4.000 F400.000
G1 X21.307 Y134.238 Z-4.000 F400.000
G1 X21.281 Y134.223 Z-4.000 F400.000
G1 X21.257 Y134.204 Z-4.000 F400.000
G1 X21.238 Y134.180 Z-4.000 F400.000
G1 X21.224 Y134.154 Z-4.000 F400.000
G1 X21.215 Y134.125 Z-4.000 F400.000
G1 X21.204 Y134.016 Z-4.000 F400.000
G1 X21.204 Y131.125 Z-4.000 F400.000
G1 X21.207 Y131.065 Z-4.000 F400.000
G1 X21.210 Y131.047 Z-4.000 F400.000
G1 X21.215 Y131.031 Z-4.000 F400.000
G1 X21.238 Y130.974 Z-4.000 F400.000
G1 X25.159 Y122.559 Z-4.000 F400.000
G1 X25.286 Y122.218 Z-4.000 F400.000
G1 X25.375 Y121.865 Z-4.000 F400.000
G1 X25.425 Y121.505 Z-4.000 F400.000
G1 X25.438 Y121.228 Z-4.000 F400.000
G1 X25.438 Y98.360 Z-4.000 F400.000
G1 X25.424 Y98.153 Z-4.000 F400.000
G1 X25.390 Y97.894 Z-4.000 F400.000
G1 X25.283 Y97.494 Z-4.000 F400.000
G1 X25.183 Y97.253 Z-4.000 F400.000
G1 X24.975 Y96.894 Z-4.000 F400.000
G1 X24.817 Y96.687 Z-4.000 F400.000
G1 X24.524 Y96.394 Z-4.000 F400.000
G1 X24.316 Y96.235 Z-4.000 F400.000
G1 X23.958 Y96.028 Z-4.000 F400.000
G1 X23.716 Y95.928 Z-4.000 F400.000
G1 X23.316 Y95.821 Z-4.000 F400.000
G1 X23.057 Y95.787 Z-4.000 F400.000
G1 X22.850 Y95.773 Z-4.000 F400.000
G1 X21.445 Y95.773 Z-4.000 F400.000
G1 X21.336 Y95.762 Z-4.000 F400.000
G1 X21.307 Y95.753 Z-4.000 F400.000
G1 X21.281 Y95.739 Z-4.000 F400.000
G1 X21.257 Y95.720 Z-4.000 F400.000
G1 X21.238 Y95.696 Z-4.000 F400.000
G1 X21.224 Y95.670 Z-4.000 F400.000
G1 X21.215 Y95.641 Z-4.000 F400.000
G1 X21.204 Y95.532 Z-4.000 F400.000
G1 X21.204 Y92.641 Z-4.000 F400.000
G1 X21.207 Y92.581 Z-4.000 F400.000
G1 X21.210 Y92.563 Z-4.000 F400.000
G1 X21.215 Y92.546 Z-4.000 F400.000
G1 X21.238 Y92.490 Z-4.000 F400.000
G1 X25.159 Y84.075 Z-4.000 F400.000
G1 X25.286 Y83.734 Z-4.000 F400.000
G1 X25.375 Y83.381 Z-4.000 F400.000
G1 X25.425 Y83.021 Z-4.000 F400.000
G1 X25.438 Y82.744 Z-4.000 F400.000
G1 X25.438 Y59.876 Z-4.000 F400.000
G1 X25.424 Y59.669 Z-4.000 F400.000
G1 X25.390 Y59.410 Z-4.000 F400.000
G1 X25.283 Y59.010 Z-4.000 F400.000
G1 X25.183 Y58.769 Z-4.000 F400.000
G1 X24.975 Y58.410 Z-4.000 F400.000
G1 X24.817 Y58.203 Z-4.000 F400.000
G1 X24.524 Y57.910 Z-4.000 F400.000
G1 X24.316 Y57.751 Z-4.000 F400.000
G1 X23.958 Y57.544 Z-4.000 F400.000
G1 X23.716 Y57.444 Z-4.000 F400.000
G1 X23.316 Y57.337 Z-4.000 F400.000
G1 X23.057 Y57.303 Z-4.000 F400.000
G1 X22.850 Y57.289 Z-4.000 F400.000
G1 X21.445 Y57.289 Z-4.000 F400.000
G1 X21.336 Y57.278 Z-4.000 F400.000
G1 X21.307 Y57.269 Z-4.000 F400.000
G1 X21.281 Y57.255 Z-4.000 F400.000
G1 X21.257 Y57.236 Z-4.000 F400.000
G1 X21.238 Y57.212 Z-4.000 F400.000
G1 X21.224 Y57.186 Z-4.000 F400.000
G1 X21.215 Y57.157 Z-4.000 F400.000
G1 X21.204 Y57.048 Z-4.000 F400.000
G1 X21.204 Y54.157 Z-4.000 F400.000
G1 X21.207 Y54.097 Z-4.000 F400.000
G1 X21.210 Y54.079 Z-4.000 F400.000
G1 X21.215 Y54.062 Z-4.000 F400.000
G1 X21.238 Y54.006 Z-4.000 F400.000
G1 X25.159 Y45.591 Z-4.000 F400.000
G1 X25.286 Y45.250 Z-4.000 F400.000
G1 X25.375 Y44.897 Z-4.000 F400.000
G1 X25.425 Y44.537 Z-4.000 F400.000
G1 X25.438 Y44.260 Z-4.000 F400.000
G1 X25.430 Y35.624 Z-4.000 F400.000
G1 X25.396 Y35.283 Z-4.000 F400.000
G1 X25.336 Y34.977 Z-4.000 F400.000
G1 X25.236 Y34.649 Z-4.000 F400.000
G1 X25.117 Y34.362 Z-4.000 F400.000
G1 X24.955 Y34.059 Z-4.000 F400.000
G1 X24.782 Y33.800 Z-4.000 F400.000
G1 X24.565 Y33.535 Z-4.000 F400.000
G1 X24.345 Y33.315 Z-4.000 F400.000
G1 X24.079 Y33.097 Z-4.000 F400.000
G1 X23.821 Y32.924 Z-4.000 F400.000
G1 X23.518 Y32.763 Z-4.000 F400.000
G1 X23.231 Y32.644 Z-4.000 F400.000
G1 X22.902 Y32.544 Z-4.000 F400.000
G1 X22.597 Y32.483 Z-4.000 F400.000
G1 X22.100 Y32.442 Z-4.000 F400.000
G1 X19.328 Y32.442 Z-4.000 F400.000
G1 X19.220 Y32.431 Z-4.000 F400.000
G1 X19.191 Y32.423 Z-4.000 F400.000
G1 X19.164 Y32.408 Z-4.000 F400.000
G1 X19.141 Y32.389 Z-4.000 F400.000
G1 X19.121 Y32.366 Z-4.000 F400.000
G1 X19.107 Y32.339 Z-4.000 F400.000
G1 X19.098 Y32.310 Z-4.000 F400.000
G1 X19.087 Y32.202 Z-4.000 F400.000
G1 X19.087 Y30.495 Z-4.000 F400.000
G1 X19.098 Y30.387 Z-4.000 F400.000
G1 X19.107 Y30.358 Z-4.000 F400.000
G1 X19.121 Y30.331 Z-4.000 F400.000
G1 X19.141 Y30.308 Z-4.000 F400.000
G1 X19.164 Y30.288 Z-4.000 F400.000
G1 X19.191 Y30.274 Z-4.000 F400.000
G1 X19.220 Y30.265 Z-4.000 F400.000
G1 X19.330 Y30.254 Z-4.000 F400.000
G1 X22.256 Y30.247 Z-4.000 F400.000
G1 X22.597 Y30.213 Z-4.000 F400.000
G1 X22.902 Y30.153 Z-4.000 F400.000
G1 X23.231 Y30.053 Z-4.000 F400.000
G1 X23.518 Y29.934 Z-4.000 F400.000
G1 X23.821 Y29.772 Z-4.000 F400.000
G1 X24.079 Y29.599 Z-4.000 F400.000
G1 X24.345 Y29.382 Z-4.000 F400.000
G1 X24.565 Y29.162 Z-4.000 F400.000
G1 X24.782 Y28.896 Z-4.000 F400.000
G1 X24.955 Y28.638 Z-4.000 F400.000
G1 X25.117 Y28.335 Z-4.000 F400.000
G1 X25.236 Y28.048 Z-4.000 F400.000
G1 X25.336 Y27.719 Z-4.000 F400.000
G1 X25.396 Y27.414 Z-4.000 F400.000
G1 X25.438 Y26.917 Z-4.000 F400.000
G1 X25.438 Y3.000 Z-4.000 F400.000
G0 Z5.000
G0 X25.438 Y228.000
G0 Z3.000
G1 X25.438 Y228.000 Z-4.200 F250.000
G1 X25.438 Y213.812 Z-4.200 F400.000
G1 X25.424 Y213.605 Z-4.200 F400.000
G1 X25.390 Y213.346 Z-4.200 F400.000
G1 X25.283 Y212.946 Z-4.200 F400.000
G1 X25.183 Y212.705 Z-4.200 F400.000
G1 X24.975 Y212.346 Z-4.200 F400.000
G1 X24.817 Y212.139 Z-4.200 F400.000
G1 X24.524 Y211.846 Z-4.200 F400.000
G1 X24.316 Y211.687 Z-4.200 F400.000
G1 X23.958 Y211.480 Z-4.200 F400.000
G1 X23.716 Y211.380 Z-4.200 F400.000
G1 X23.316 Y211.273 Z-4.200 F400.000
G1 X23.057 Y211.239 Z-4.200 F400.000
G1 X22.850 Y211.225 Z-4.200 F400.000
G1 X21.445 Y211.225 Z-4.200 F400.000
G1 X21.336 Y211.214 Z-4.200 F400.000
G1 X21.307 Y211.206 Z-4.200 F400.000
G1 X21.281 Y211.191 Z-4.200 F400.000
G1 X21.257 Y211.172 Z-4.200 F400.000
G1 X21.238 Y211.149 Z-4.200 F400.000
G1 X21.224 Y211.122 Z-4.200 F400.000
G1 X21.215 Y211.093 Z-4.200 F400.000
G1 X21.204 Y210.985 Z-4.200 F400.000
G1 X21.204 Y208.093 Z-4.200 F400.000
G1 X21.207 Y208.033 Z-4.200 F400.000
G1 X21.210 Y208.015 Z-4.200 F400.000
G1 X21.215 Y207.999 Z-4.200 F400.000
G1 X21.238 Y207.942 Z-4.200 F400.000
G1 X25.159 Y199.527 Z-4.200 F400.000
G1 X25.286 Y199.186 Z-4.200 F400.000
G1 X25.375 Y198.833 Z-4.200 F400.000
G1 X25.425 Y198.473 Z-4.200 F400.000
G1 X25.438 Y198.196 Z-4.200 F400.000
G1 X25.438 Y175.328 Z-4.200 F400.000
G1 X25.424 Y175.121 Z-4.200 F400.000
G1 X25.390 Y174.862 Z-4.200 F400.000
G1 X25.283 Y174.462 Z-4.200 F400.000
G1 X25.183 Y174.221 Z-4.200 F400.000
G1 X24.975 Y173.862 Z-4.200 F400.000
G1 X24.817 Y173.655 Z-4.200 F400.000
G1 X24.524 Y173.362 Z-4.200 F400.000
G1 X24.316 Y173.203 Z-4.200 F400.000
G1 X23.958 Y172.996 Z-4.200 F400.000
G1 X23.716 Y172.896 Z-4.200 F400.000
G1 X23.316 Y172.789 Z-4.200 F400.000
G1 X23.057 Y172.755 Z-4.200 F400.000
G1 X22.850 Y172.741 Z-4.200 F400.000
G1 X21.445 Y172.741 Z-4.200 F400.000
G1 X21.336 Y172.730 Z-4.200 F400.000
G1 X21.307 Y172.722 Z-4.200 F400.000
G1 X21.281 Y172.707 Z-4.200 F400.000
G1 X21.257 Y172.688 Z-4.200 F400.000
G1 X21.238 Y172.664 Z-4.200 F400.000
G1 X21.224 Y172.638 Z-4.200 F400.000
G1 X21.215 Y172.609 Z-4.200 F400.000
G1 X21.204 Y172.500 Z-4.200 F400.000
G1 X21.204 Y169.609 Z-4.200 F400.000
G1 X21.207 Y169.549 Z-4.200 F400.000
G1 X21.210 Y169.531 Z-4.200 F400.000
G1 X21.215 Y169.515 Z-4.200 F400.000
G1 X21.238 Y169.458 Z-4.200 F400.000
G1 X25.159 Y161.043 Z-4.200 F400.000
G1 X25.286 Y160.702 Z-4.200 F400.000
G1 X25.375 Y160.349 Z-4.200 F400.000
G1 X25.425 Y159.989 Z-4.200 F400.000
G1 X25.438 Y159.712 Z-4.200 F400.000
G1 X25.438 Y136.844 Z-4.200 F400.000
G1 X25.424 Y136.637 Z-4.200 F400.000
G1 X25.390 Y136.378 Z-4.200 F400.000
G1 X25.283 Y135.978 Z-4.200 F400.000
G1 X25.183 Y135.737 Z-4.200 F400.000
G1 X24.975 Y135.378 Z-4.200 F400.000
G1 X24.817 Y135.171 Z-4.200 F400.000
G1 X24.524 Y134.878 Z-4.200 F400.000
G1 X24.316 Y134.719 Z-4.200 F400.000
G1 X23.958 Y134.512 Z-4.200 F400.000
G1 X23.716 Y134.412 Z-4.200 F400.000
G1 X23.316 Y134.305 Z-4.200 F400.000
G1 X23.057 Y134.271 Z-4.200 F400.000
G1 X22.850 Y134.257 Z-4.200 F400.000
G1 X21.445 Y134.257 Z-4.200 F400.000
G1 X21.336 Y134.246 Z-4.200 F400.000
G1 X21.307 Y134.238 Z-4.200 F400.000
G1 X21.281 Y134.223 Z-4.200 F400.000
G1 X21.257 Y134.204 Z-4.200 F400.000
G1 X21.238 Y134.180 Z-4.200 F400.000
G1 X21.224 Y134.154 Z-4.200 F400.000
G1 X21.215 Y134.125 Z-4.200 F400.000
G1 X21.204 Y134.016 Z-4.200 F400.000
G1 X21.204 Y131.125 Z-4.200 F400.000
G1 X21.207 Y131.065 Z-4.200 F400.000
G1 X21.210 Y131.047 Z-4.200 F400.000
G1 X21.215 Y131.031 Z-4.200 F400.000
G1 X21.238 Y130.974 Z-4.200 F400.000
G1 X25.159 Y122.559 Z-4.200 F400.000
G1 X25.286 Y122.218 Z-4.200 F400.000
G1 X25.375 Y121.865 Z-4.200 F400.000
G1 X25.425 Y121.505 Z-4.200 F400.000
G1 X25.438 Y121.228 Z-4.200 F400.000
G1 X25.438 Y98.360 Z-4.200 F400.000
G1 X25.424 Y98.153 Z-4.200 F400.000
G1 X25.390 Y97.894 Z-4.200 F400.000
G1 X25.283 Y97.494 Z-4.200 F400.000
G1 X25.183 Y97.253 Z-4.200 F400.000
G1 X24.975 Y96.894 Z-4.200 F400.000
G1 X24.817 Y96.687 Z-4.200 F400.000
G1 X24.524 Y96.394 Z-4.200 F400.000
G1 X24.316 Y96.235 Z-4.200 F400.000
G1 X23.958 Y96.028 Z-4.200 F400.000
G1 X23.716 Y95.928 Z-4.200 F400.000
G1 X23.316 Y95.821 Z-4.200 F400.000
G1 X23.057 Y95.787 Z-4.200 F400.000
G1 X22.850 Y95.773 Z-4.200 F400.000
G1 X21.445 Y95.773 Z-4.200 F400.000
G1 X21.336 Y95.762 Z-4.200 F400.000
G1 X21.307 Y95.753 Z-4.200 F400.000
G1 X21.281 Y95.739 Z-4.200 F400.000
G1 X21.257 Y95.720 Z-4.200 F400.000
G1 X21.238 Y95.696 Z-4.200 F400.000
G1 X21.224 Y95.670 Z-4.200 F400.000
G1 X21.215 Y95.641 Z-4.200 F400.000
G1 X21.204 Y95.532 Z-4.200 F400.000
G1 X21.204 Y92.641 Z-4.200 F400.000
G1 X21.207 Y92.581 Z-4.200 F400.000
G1 X21.210 Y92.563 Z-4.200 F400.000
G1 X21.215 Y92.546 Z-4.200 F400.000
G1 X21.238 Y92.490 Z-4.200 F400.000
G1 X25.159 Y84.075 Z-4.200 F400.000
G1 X25.286 Y83.734 Z-4.200 F400.000
G1 X25.375 Y83.381 Z-4.200 F400.000
G1 X25.425 Y83.021 Z-4.200 F400.000
G1 X25.438 Y82.744 Z-4.200 F400.000
G1 X25.438 Y59.876 Z-4.200 F400.000
G1 X25.424 Y59.669 Z-4.200 F400.000
G1 X25.390 Y59.410 Z-4.200 F400.000
G1 X25.283 Y59.010 Z-4.200 F400.000
G1 X25.183 Y58.769 Z-4.200 F400.000
G1 X24.975 Y58.410 Z-4.200 F400.000
G1 X24.817 Y58.203 Z-4.200 F400.000
G1 X24.524 Y57.910 Z-4.200 F400.000
G1 X24.316 Y57.751 Z-4.200 F400.000
G1 X23.958 Y57.544 Z-4.200 F400.000
G1 X23.716 Y57.444 Z-4.200 F400.000
G1 X23.316 Y57.337 Z-4.200 F400.000
G1 X23.057 Y57.303 Z-4.200 F400.000
G1 X22.850 Y57.289 Z-4.200 F400.000
G1 X21.445 Y57.289 Z-4.200 F400.000
G1 X21.336 Y57.278 Z-4.200 F400.000
G1 X21.307 Y57.269 Z-4.200 F400.000
G1 X21.281 Y57.255 Z-4.200 F400.000
G1 X21.257 Y57.236 Z-4.200 F400.000
G1 X21.238 Y57.212 Z-4.200 F400.000
G1 X21.224 Y57.186 Z-4.200 F400.000
G1 X21.215 Y57.157 Z-4.200 F400.000
G1 X21.204 Y57.048 Z-4.200 F400.000
G1 X21.204 Y54.157 Z-4.200 F400.000
G1 X21.207 Y54.097 Z-4.200 F400.000
G1 X21.210 Y54.079 Z-4.200 F400.000
G1 X21.215 Y54.062 Z-4.200 F400.000
G1 X21.238 Y54.006 Z-4.200 F400.000
G1 X25.159 Y45.591 Z-4.200 F400.000
G1 X25.286 Y45.250 Z-4.200 F400.000
G1 X25.375 Y44.897 Z-4.200 F400.000
G1 X25.425 Y44.537 Z-4.200 F400.000
G1 X25.438 Y44.260 Z-4.200 F400.000
G1 X25.430 Y35.624 Z-4.200 F400.000
G1 X25.396 Y35.283 Z-4.200 F400.000
G1 X25.336 Y34.977 Z-4.200 F400.000
G1 X25.236 Y34.649 Z-4.200 F400.000
G1 X25.117 Y34.362 Z-4.200 F400.000
G1 X24.955 Y34.059 Z-4.200 F400.000
G1 X24.782 Y33.800 Z-4.200 F400.000
G1 X24.565 Y33.535 Z-4.200 F400.000
G1 X24.345 Y33.315 Z-4.200 F400.000
G1 X24.079 Y33.097 Z-4.200 F400.000
G1 X23.821 Y32.924 Z-4.200 F400.000
G1 X23.518 Y32.763 Z-4.200 F400.000
G1 X23.231 Y32.644 Z-4.200 F400.000
G1 X22.902 Y32.544 Z-4.200 F400.000
G1 X22.597 Y32.483 Z-4.200 F400.000
G1 X22.100 Y32.442 Z-4.200 F400.000
G1 X19.328 Y32.442 Z-4.200 F400.000
G1 X19.220 Y32.431 Z-4.200 F400.000
G1 X19.191 Y32.423 Z-4.200 F400.000
G1 X19.164 Y32.408 Z-4.200 F400.000
G1 X19.141 Y32.389 Z-4.200 F400.000
G1 X19.121 Y32.366 Z-4.200 F400.000
G1 X19.107 Y32.339 Z-4.200 F400.000
G1 X19.098 Y32.310 Z-4.200 F400.000
G1 X19.087 Y32.202 Z-4.200 F400.000
G1 X19.087 Y30.495 Z-4.200 F400.000
G1 X19.098 Y30.387 Z-4.200 F400.000
G1 X19.107 Y30.358 Z-4.200 F400.000
G1 X19.121 Y30.331 Z-4.200 F400.000
G1 X19.141 Y30.308 Z-4.200 F400.000
G1 X19.164 Y30.288 Z-4.200 F400.000
G1 X19.191 Y30.274 Z-4.200 F400.000
G1 X19.220 Y30.265 Z-4.200 F400.000
G1 X19.330 Y30.254 Z-4.200 F400.000
G1 X22.256 Y30.247 Z-4.200 F400.000
G1 X22.597 Y30.213 Z-4.200 F400.000
G1 X22.902 Y30.153 Z-4.200 F400.000
G1 X23.231 Y30.053 Z-4.200 F400.000
G1 X23.518 Y29.934 Z-4.200 F400.000
G1 X23.821 Y29.772 Z-4.200 F400.000
G1 X24.079 Y29.599 Z-4.200 F400.000
G1 X24.345 Y29.382 Z-4.200 F400.000
G1 X24.565 Y29.162 Z-4.200 F400.000
G1 X24.782 Y28.896 Z-4.200 F400.000
G1 X24.955 Y28.638 Z-4.200 F400.000
G1 X25.117 Y28.335 Z-4.200 F400.000
G1 X25.236 Y28.048 Z-4.200 F400.000
G1 X25.336 Y27.719 Z-4.200 F400.000
G1 X25.396 Y27.414 Z-4.200 F400.000
G1 X25.438 Y26.917 Z-4.200 F400.000
G1 X25.438 Y3.000 Z-4.200 F400.000
G0 Z5.000
G0 X25.438 Y228.000
G0 Z3.000
G1 X25.438 Y228.000 Z-4.400 F250.000
G1 X25.438 Y213.812 Z-4.400 F400.000
G1 X25.424 Y213.605 Z-4.400 F400.000
G1 X25.390 Y213.346 Z-4.400 F400.000
G1 X25.283 Y212.946 Z-4.400 F400.000
G1 X25.183 Y212.705 Z-4.400 F400.000
G1 X24.975 Y212.346 Z-4.400 F400.000
G1 X24.817 Y212.139 Z-4.400 F400.000
G1 X24.524 Y211.846 Z-4.400 F400.000
G1 X24.316 Y211.687 Z-4.400 F400.000
G1 X23.958 Y211.480 Z-4.400 F400.000
G1 X23.716 Y211.380 Z-4.400 F400.000
G1 X23.316 Y211.273 Z-4.400 F400.000
G1 X23.057 Y211.239 Z-4.400 F400.000
G1 X22.850 Y211.225 Z-4.400 F400.000
G1 X21.445 Y211.225 Z-4.400 F400.000
G1 X21.336 Y211.214 Z-4.400 F400.000
G1 X21.307 Y211.206 Z-4.400 F400.000
G1 X21.281 Y211.191 Z-4.400 F400.000
G1 X21.257 Y211.172 Z-4.400 F400.000
G1 X21.238 Y211.149 Z-4.400 F400.000
G1 X21.224 Y211.122 Z-4.400 F400.000
G1 X21.215 Y211.093 Z-4.400 F400.000
G1 X21.204 Y210.985 Z-4.400 F400.000
G1 X21.204 Y208.093 Z-4.400 F400.000
G1 X21.207 Y208.033 Z-4.400 F400.000
G1 X21.210 Y208.015 Z-4.400 F400.000
G1 X21.215 Y207.999 Z-4.400 F400.000
G1 X21.238 Y207.942 Z-4.400 F400.000
G1 X25.159 Y199.527 Z-4.400 F400.000
G1 X25.286 Y199.186 Z-4.400 F400.000
G1 X25.375 Y198.833 Z-4.400 F400.000
G1 X25.425 Y198.473 Z-4.400 F400.000
G1 X25.438 Y198.196 Z-4.400 F400.000
G1 X25.438 Y175.328 Z-4.400 F400.000
G1 X25.424 Y175.121 Z-4.400 F400.000
G1 X25.390 Y174.862 Z-4.400 F400.000
G1 X25.283 Y174.462 Z-4.400 F400.000
G1 X25.183 Y174.221 Z-4.400 F400.000
G1 X24.975 Y173.862 Z-4.400 F400.000
G1 X24.817 Y173.655 Z-4.400 F400.000
G1 X24.524 Y173.362 Z-4.400 F400.000
G1 X24.316 Y173.203 Z-4.400 F400.000
G1 X23.958 Y172.996 Z-4.400 F400.000
G1 X23.716 Y172.896 Z-4.400 F400.000
G1 X23.316 Y172.789 Z-4.400 F400.000
G1 X23.057 Y172.755 Z-4.400 F400.000
G1 X22.850 Y172.741 Z-4.400 F400.000
G1 X21.445 Y172.741 Z-4.400 F400.000
G1 X21.336 Y172.730 Z-4.400 F400.000
G1 X21.307 Y172.722 Z-4.400 F400.000
G1 X21.281 Y172.707 Z-4.400 F400.000
G1 X21.257 Y172.688 Z-4.400 F400.000
G1 X21.238 Y172.664 Z-4.400 F400.000
G1 X21.224 Y172.638 Z-4.400 F400.000
G1 X21.215 Y172.609 Z-4.400 F400.000
G1 X21.204 Y172.500 Z-4.400 F400.000
G1 X21.204 Y169.609 Z-4.400 F400.000
G1 X21.207 Y169.549 Z-4.400 F400.000
G1 X21.210 Y169.531 Z-4.400 F400.000
G1 X21.215 Y169.515 Z-4.400 F400.000
G1 X21.238 Y169.458 Z-4.400 F400.000
G1 X25.159 Y161.043 Z-4.400 F400.000
G1 X25.286 Y160.702 Z-4.400 F400.000
G1 X25.375 Y160.349 Z-4.400 F400.000
G1 X25.425 Y159.989 Z-4.400 F400.000
G1 X25.438 Y159.712 Z-4.400 F400.000
G1 X25.438 Y136.844 Z-4.400 F400.000
G1 X25.424 Y136.637 Z-4.400 F400.000
G1 X25.390 Y136.378 Z-4.400 F400.000
G1 X25.283 Y135.978 Z-4.400 F400.000
G1 X25.183 Y135.737 Z-4.400 F400.000
G1 X24.975 Y135.378 Z-4.400 F400.000
G1 X24.817 Y135.171 Z-4.400 F400.000
G1 X24.524 Y134.878 Z-4.400 F400.000
G1 X24.316 Y134.719 Z-4.400 F400.000
G1 X23.958 Y134.512 Z-4.400 F400.000
G1 X23.716 Y134.412 Z-4.400 F400.000
G1 X23.316 Y134.305 Z-4.400 F400.000
G1 X23.057 Y134.271 Z-4.400 F400.000
G1 X22.850 Y134.257 Z-4.400 F400.000
G1 X21.445 Y134.257 Z-4.400 F400.000
G1 X21.336 Y134.246 Z-4.400 F400.000
G1 X21.307 Y134.238 Z-4.400 F400.000
G1 X21.281 Y134.223 Z-4.400 F400.000
G1 X21.257 Y134.204 Z-4.400 F400.000
G1 X21.238 Y134.180 Z-4.400 F400.000
G1 X21.224 Y134.154 Z-4.400 F400.000
G1 X21.215 Y134.125 Z-4.400 F400.000
G1 X21.204 Y134.016 Z-4.400 F400.000
G1 X21.204 Y131.125 Z-4.400 F400.000
G1 X21.207 Y131.065 Z-4.400 F400.000
G1 X21.210 Y131.047 Z-4.400 F400.000
G1 X21.215 Y131.031 Z-4.400 F400.000
G1 X21.238 Y130.974 Z-4.400 F400.000
G1 X25.159 Y122.559 Z-4.400 F400.000
G1 X25.286 Y122.218 Z-4.400 F400.000
G1 X25.375 Y121.865 Z-4.400 F400.000
G1 X25.425 Y121.505 Z-4.400 F400.000
G1 X25.438 Y121.228 Z-4.400 F400.000
G1 X25.438 Y98.360 Z-4.400 F400.000
G1 X25.424 Y98.153 Z-4.400 F400.000
G1 X25.390 Y97.894 Z-4.400 F400.000
G1 X25.283 Y97.494 Z-4.400 F400.000
G1 X25.183 Y97.253 Z-4.400 F400.000
G1 X24.975 Y96.894 Z-4.400 F400.000
G1 X24.817 Y96.687 Z-4.400 F400.000
G1 X24.524 Y96.394 Z-4.400 F400.000
G1 X24.316 Y96.235 Z-4.400 F400.000
G1 X23.958 Y96.028 Z-4.400 F400.000
G1 X23.716 Y95.928 Z-4.400 F400.000
G1 X23.316 Y95.821 Z-4.400 F400.000
G1 X23.057 Y95.787 Z-4.400 F400.000
G1 X22.850 Y95.773 Z-4.400 F400.000
G1 X21.445 Y95.773 Z-4.400 F400.000
G1 X21.336 Y95.762 Z-4.400 F400.000
G1 X21.307 Y95.753 Z-4.400 F400.000
G1 X21.281 Y95.739 Z-4.400 F400.000
G1 X21.257 Y95.720 Z-4.400 F400.000
G1 X21.238 Y95.696 Z-4.400 F400.000
G1 X21.224 Y95.670 Z-4.400 F400.000
G1 X21.215 Y95.641 Z-4.400 F400.000
G1 X21.204 Y95.532 Z-4.400 F400.000
G1 X21.204 Y92.641 Z-4.400 F400.000
G1 X21.207 Y92.581 Z-4.400 F400.000
G1 X21.210 Y92.563 Z-4.400 F400.000
G1 X21.215 Y92.546 Z-4.400 F400.000
G1 X21.238 Y92.490 Z-4.400 F400.000
G1 X25.159 Y84.075 Z-4.400 F400.000
G1 X25.286 Y83.734 Z-4.400 F400.000
G1 X25.375 Y83.381 Z-4.400 F400.000
G1 X25.425 Y83.021 Z-4.400 F400.000
G1 X25.438 Y82.744 Z-4.400 F400.000
G1 X25.438 Y59.876 Z-4.400 F400.000
G1 X25.424 Y59.669 Z-4.400 F400.000
G1 X25.390 Y59.410 Z-4.400 F400.000
G1 X25.283 Y59.010 Z-4.400 F400.000
G1 X25.183 Y58.769 Z-4.400 F400.000
G1 X24.975 Y58.410 Z-4.400 F400.000
G1 X24.817 Y58.203 Z-4.400 F400.000
G1 X24.524 Y57.910 Z-4.400 F400.000
G1 X24.316 Y57.751 Z-4.400 F400.000
G1 X23.958 Y57.544 Z-4.400 F400.000
G1 X23.716 Y57.444 Z-4.400 F400.000
G1 X23.316 Y57.337 Z-4.400 F400.000
G1 X23.057 Y57.303 Z-4.400 F400.000
G1 X22.850 Y57.289 Z-4.400 F400.000
G1 X21.445 Y57.289 Z-4.400 F400.000
G1 X21.336 Y57.278 Z-4.400 F400.000
G1 X21.307 Y57.269 Z-4.400 F400.000
G1 X21.281 Y57.255 Z-4.400 F400.000
G1 X21.257 Y57.236 Z-4.400 F400.000
G1 X21.238 Y57.212 Z-4.400 F400.000
G1 X21.224 Y57.186 Z-4.400 F400.000
G1 X21.215 Y57.157 Z-4.400 F400.000
G1 X21.204 Y57.048 Z-4.400 F400.000
G1 X21.204 Y54.157 Z-4.400 F400.000
G1 X21.207 Y54.097 Z-4.400 F400.000
G1 X21.210 Y54.079 Z-4.400 F400.000
G1 X21.215 Y54.062 Z-4.400 F400.000
G1 X21.238 Y54.006 Z-4.400 F400.000
G1 X25.159 Y45.591 Z-4.400 F400.000
G1 X25.286 Y45.250 Z-4.400 F400.000
G1 X25.375 Y44.897 Z-4.400 F400.000
G1 X25.425 Y44.537 Z-4.400 F400.000
G1 X25.438 Y44.260 Z-4.400 F400.000
G1 X25.430 Y35.624 Z-4.400 F400.000
G1 X25.396 Y35.283 Z-4.400 F400.000
G1 X25.336 Y34.977 Z-4.400 F400.000
G1 X25.236 Y34.649 Z-4.400 F400.000
G1 X25.117 Y34.362 Z-4.400 F400.000
G1 X24.955 Y34.059 Z-4.400 F400.000
G1 X24.782 Y33.800 Z-4.400 F400.000
G1 X24.565 Y33.535 Z-4.400 F400.000
G1 X24.345 Y33.315 Z-4.400 F400.000
G1 X24.079 Y33.097 Z-4.400 F400.000
G1 X23.821 Y32.924 Z-4.400 F400.000
G1 X23.518 Y32.763 Z-4.400 F400.000
G1 X23.231 Y32.644 Z-4.400 F400.000
G1 X22.902 Y32.544 Z-4.400 F400.000
G1 X22.597 Y32.483 Z-4.400 F400.000
G1 X22.100 Y32.442 Z-4.400 F400.000
G1 X19.328 Y32.442 Z-4.400 F400.000
G1 X19.220 Y32.431 Z-4.400 F400.000
G1 X19.191 Y32.423 Z-4.400 F400.000
G1 X19.164 Y32.408 Z-4.400 F400.000
G1 X19.141 Y32.389 Z-4.400 F400.000
G1 X19.121 Y32.366 Z-4.400 F400.000
G1 X19.107 Y32.339 Z-4.400 F400.000
G1 X19.098 Y32.310 Z-4.400 F400.000
G1 X19.087 Y32.202 Z-4.400 F400.000
G1 X19.087 Y30.495 Z-4.400 F400.000
G1 X19.098 Y30.387 Z-4.400 F400.000
G1 X19.107 Y30.358 Z-4.400 F400.000
G1 X19.121 Y30.331 Z-4.400 F400.000
G1 X19.141 Y30.308 Z-4.400 F400.000
G1 X19.164 Y30.288 Z-4.400 F400.000
G1 X19.191 Y30.274 Z-4.400 F400.000
G1 X19.220 Y30.265 Z-4.400 F400.000
G1 X19.330 Y30.254 Z-4.400 F400.000
G1 X22.256 Y30.247 Z-4.400 F400.000
G1 X22.597 Y30.213 Z-4.400 F400.000
G1 X22.902 Y30.153 Z-4.400 F400.000
G1 X23.231 Y30.053 Z-4.400 F400.000
G1 X23.518 Y29.934 Z-4.400 F400.000
G1 X23.821 Y29.772 Z-4.400 F400.000
G1 X24.079 Y29.599 Z-4.400 F400.000
G1 X24.345 Y29.382 Z-4.400 F400.000
G1 X24.565 Y29.162 Z-4.400 F400.000
G1 X24.782 Y28.896 Z-4.400 F400.000
G1 X24.955 Y28.638 Z-4.400 F400.000
G1 X25.117 Y28.335 Z-4.400 F400.000
G1 X25.236 Y28.048 Z-4.400 F400.000
G1 X25.336 Y27.719 Z-4.400 F400.000
G1 X25.396 Y27.414 Z-4.400 F400.000
G1 X25.438 Y26.917 Z-4.400 F400.000
G1 X25.438 Y3.000 Z-4.400 F400.000
G0 Z5.000
G0 X25.438 Y228.000
G0 Z3.000
G1 X25.438 Y228.000 Z-4.600 F250.000
G1 X25.438 Y213.812 Z-4.600 F400.000
G1 X25.424 Y213.605 Z-4.600 F400.000
G1 X25.390 Y213.346 Z-4.600 F400.000
G1 X25.283 Y212.946 Z-4.600 F400.000
G1 X25.183 Y212.705 Z-4.600 F400.000
G1 X24.975 Y212.346 Z-4.600 F400.000
G1 X24.817 Y212.139 Z-4.600 F400.000
G1 X24.524 Y211.846 Z-4.600 F400.000
G1 X24.316 Y211.687 Z-4.600 F400.000
G1 X23.958 Y211.480 Z-4.600 F400.000
G1 X23.716 Y211.380 Z-4.600 F400.000
G1 X23.316 Y211.273 Z-4.600 F400.000
G1 X23.057 Y211.239 Z-4.600 F400.000
G1 X22.850 Y211.225 Z-4.600 F400.000
G1 X21.445 Y211.225 Z-4.600 F400.000
G1 X21.336 Y211.214 Z-4.600 F400.000
G1 X21.307 Y211.206 Z-4.600 F400.000
G1 X21.281 Y211.191 Z-4.600 F400.000
G1 X21.257 Y211.172 Z-4.600 F400.000
G1 X21.238 Y211.149 Z-4.600 F400.000
G1 X21.224 Y211.122 Z-4.600 F400.000
G1 X21.215 Y211.093 Z-4.600 F400.000
G1 X21.204 Y210.985 Z-4.600 F400.000
G1 X21.204 Y208.093 Z-4.600 F400.000
G1 X21.207 Y208.033 Z-4.600 F400.000
G1 X21.210 Y208.015 Z-4.600 F400.000
G1 X21.215 Y207.999 Z-4.600 F400.000
G1 X21.238 Y207.942 Z-4.600 F400.000
G1 X25.159 Y199.527 Z-4.600 F400.000
G1 X25.286 Y199.186 Z-4.600 F400.000
G1 X25.375 Y198.833 Z-4.600 F400.000
G1 X25.425 Y198.473 Z-4.600 F400.000
G1 X25.438 Y198.196 Z-4.600 F400.000
G1 X25.438 Y175.328 Z-4.600 F400.000
G1 X25.424 Y175.121 Z-4.600 F400.000
G1 X25.390 Y174.862 Z-4.600 F400.000
G1 X25.283 Y174.462 Z-4.600 F400.000
G1 X25.183 Y174.221 Z-4.600 F400.000
G1 X24.975 Y173.862 Z-4.600 F400.000
G1 X24.817 Y173.655 Z-4.600 F400.000
G1 X24.524 Y173.362 Z-4.600 F400.000
G1 X24.316 Y173.203 Z-4.600 F400.000
G1 X23.958 Y172.996 Z-4.600 F400.000
G1 X23.716 Y172.896 Z-4.600 F400.000
G1 X23.316 Y172.789 Z-4.600 F400.000
G1 X23.057 Y172.755 Z-4.600 F400.000
G1 X22.850 Y172.741 Z-4.600 F400.000
G1 X21.445 Y172.741 Z-4.600 F400.000
G1 X21.336 Y172.730 Z-4.600 F400.000
G1 X21.307 Y172.722 Z-4.600 F400.000
G1 X21.281 Y172.707 Z-4.600 F400.000
G1 X21.257 Y172.688 Z-4.600 F400.000
G1 X21.238 Y172.664 Z-4.600 F400.000
G1 X21.224 Y172.638 Z-4.600 F400.000
G1 X21.215 Y172.609 Z-4.600 F400.000
G1 X21.204 Y172.500 Z-4.600 F400.000
G1 X21.204 Y169.609 Z-4.600 F400.000
G1 X21.207 Y169.549 Z-4.600 F400.000
G1 X21.210 Y169.531 Z-4.600 F400.000
G1 X21.215 Y169.515 Z-4.600 F400.000
G1 X21.238 Y169.458 Z-4.600 F400.000
G1 X25.159 Y161.043 Z-4.600 F400.000
G1 X25.286 Y160.702 Z-4.600 F400.000
G1 X25.375 Y160.349 Z-4.600 F400.000
G1 X25.425 Y159.989 Z-4.600 F400.000
G1 X25.438 Y159.712 Z-4.600 F400.000
G1 X25.438 Y136.844 Z-4.600 F400.000
G1 X25.424 Y136.637 Z-4.600 F400.000
G1 X25.390 Y136.378 Z-4.600 F400.000
G1 X25.283 Y135.978 Z-4.600 F400.000
G1 X25.183 Y135.737 Z-4.600 F400.000
G1 X24.975 Y135.378 Z-4.600 F400.000
G1 X24.817 Y135.171 Z-4.600 F400.000
G1 X24.524 Y134.878 Z-4.600 F400.000
G1 X24.316 Y134.719 Z-4.600 F400.000
G1 X23.958 Y134.512 Z-4.600 F400.000
G1 X23.716 Y134.412 Z-4.600 F400.000
G1 X23.316 Y134.305 Z-4.600 F400.000
G1 X23.057 Y134.271 Z-4.600 F400.000
G1 X22.850 Y134.257 Z-4.600 F400.000
G1 X21.445 Y134.257 Z-4.600 F400.000
G1 X21.336 Y134.246 Z-4.600 F400.000
G1 X21.307 Y134.238 Z-4.600 F400.000
G1 X21.281 Y134.223 Z-4.600 F400.000
G1 X21.257 Y134.204 Z-4.600 F400.000
G1 X21.238 Y134.180 Z-4.600 F400.000
G1 X21.224 Y134.154 Z-4.600 F400.000
G1 X21.215 Y134.125 Z-4.600 F400.000
G1 X21.204 Y134.016 Z-4.600 F400.000
G1 X21.204 Y131.125 Z-4.600 F400.000
G1 X21.207 Y131.065 Z-4.600 F400.000
G1 X21.210 Y131.047 Z-4.600 F400.000
G1 X21.215 Y131.031 Z-4.600 F400.000
G1 X21.238 Y130.974 Z-4.600 F400.000
G1 X25.159 Y122.559 Z-4.600 F400.000
G1 X25.286 Y122.218 Z-4.600 F400.000
G1 X25.375 Y121.865 Z-4.600 F400.000
G1 X25.425 Y121.505 Z-4.600 F400.000
G1 X25.438 Y121.228 Z-4.600 F400.000
G1 X25.438 Y98.360 Z-4.600 F400.000
G1 X25.424 Y98.153 Z-4.600 F400.000
G1 X25.390 Y97.894 Z-4.600 F400.000
G1 X25.283 Y97.494 Z-4.600 F400.000
G1 X25.183 Y97.253 Z-4.600 F400.000
G1 X24.975 Y96.894 Z-4.600 F400.000
G1 X24.817 Y96.687 Z-4.600 F400.000
G1 X24.524 Y96.394 Z-4.600 F400.000
G1 X24.316 Y96.235 Z-4.600 F400.000
G1 X23.958 Y96.028 Z-4.600 F400.000
G1 X23.716 Y95.928 Z-4.600 F400.000
G1 X23.316 Y95.821 Z-4.600 F400.000
G1 X23.057 Y95.787 Z-4.600 F400.000
G1 X22.850 Y95.773 Z-4.600 F400.000
G1 X21.445 Y95.773 Z-4.600 F400.000
G1 X21.336 Y95.762 Z-4.600 F400.000
G1 X21.307 Y95.753 Z-4.600 F400.000
G1 X21.281 Y95.739 Z-4.600 F400.000
G1 X21.257 Y95.720 Z-4.600 F400.000
G1 X21.238 Y95.696 Z-4.600 F400.000
G1 X21.224 Y95.670 Z-4.600 F400.000
G1 X21.215 Y95.641 Z-4.600 F400.000
G1 X21.204 Y95.532 Z-4.600 F400.000
G1 X21.204 Y92.641 Z-4.600 F400.000
G1 X21.207 Y92.581 Z-4.600 F400.000
G1 X21.210 Y92.563 Z-4.600 F400.000
G1 X21.215 Y92.546 Z-4.600 F400.000
G1 X21.238 Y92.490 Z-4.600 F400.000
G1 X25.159 Y84.075 Z-4.600 F400.000
G1 X25.286 Y83.734 Z-4.600 F400.000
G1 X25.375 Y83.381 Z-4.600 F400.000
G1 X25.425 Y83.021 Z-4.600 F400.000
G1 X25.438 Y82.744 Z-4.600 F400.000
G1 X25.438 Y59.876 Z-4.600 F400.000
G1 X25.424 Y59.669 Z-4.600 F400.000
G1 X25.390 Y59.410 Z-4.600 F400.000
G1 X25.283 Y59.010 Z-4.600 F400.000
G1 X25.183 Y58.769 Z-4.600 F400.000
G1 X24.975 Y58.410 Z-4.600 F400.000
G1 X24.817 Y58.203 Z-4.600 F400.000
G1 X24.524 Y57.910 Z-4.600 F400.000
G1 X24.316 Y57.751 Z-4.600 F400.000
G1 X23.958 Y57.544 Z-4.600 F400.000
G1 X23.716 Y57.444 Z-4.600 F400.000
G1 X23.316 Y57.337 Z-4.600 F400.000
G1 X23.057 Y57.303 Z-4.600 F400.000
G1 X22.850 Y57.289 Z-4.600 F400.000
G1 X21.445 Y57.289 Z-4.600 F400.000
G1 X21.336 Y57.278 Z-4.600 F400.000
G1 X21.307 Y57.269 Z-4.600 F400.000
G1 X21.281 Y57.255 Z-4.600 F400.000
G1 X21.257 Y57.236 Z-4.600 F400.000
G1 X21.238 Y57.212 Z-4.600 F400.000
G1 X21.224 Y57.186 Z-4.600 F400.000
G1 X21.215 Y57.157 Z-4.600 F400.000
G1 X21.204 Y57.048 Z-4.600 F400.000
G1 X21.204 Y54.157 Z-4.600 F400.000
G1 X21.207 Y54.097 Z-4.600 F400.000
G1 X21.210 Y54.079 Z-4.600 F400.000
G1 X21.215 Y54.062 Z-4.600 F400.000
G1 X21.238 Y54.006 Z-4.600 F400.000
G1 X25.159 Y45.591 Z-4.600 F400.000
G1 X25.286 Y45.250 Z-4.600 F400.000
G1 X25.375 Y44.897 Z-4.600 F400.000
G1 X25.425 Y44.537 Z-4.600 F400.000
G1 X25.438 Y44.260 Z-4.600 F400.000
G1 X25.430 Y35.624 Z-4.600 F400.000
G1 X25.396 Y35.283 Z-4.600 F400.000
G1 X25.336 Y34.977 Z-4.600 F400.000
G1 X25.236 Y34.649 Z-4.600 F400.000
G1 X25.117 Y34.362 Z-4.600 F400.000
G1 X24.955 Y34.059 Z-4.600 F400.000
G1 X24.782 Y33.800 Z-4.600 F400.000
G1 X24.565 Y33.535 Z-4.600 F400.000
G1 X24.345 Y33.315 Z-4.600 F400.000
G1 X24.079 Y33.097 Z-4.600 F400.000
G1 X23.821 Y32.924 Z-4.600 F400.000
G1 X23.518 Y32.763 Z-4.600 F400.000
G1 X23.231 Y32.644 Z-4.600 F400.000
G1 X22.902 Y32.544 Z-4.600 F400.000
G1 X22.597 Y32.483 Z-4.600 F400.000
G1 X22.100 Y32.442 Z-4.600 F400.000
G1 X19.328 Y32.442 Z-4.600 F400.000
G1 X19.220 Y32.431 Z-4.600 F400.000
G1 X19.191 Y32.423 Z-4.600 F400.000
G1 X19.164 Y32.408 Z-4.600 F400.000
G1 X19.141 Y32.389 Z-4.600 F400.000
G1 X19.121 Y32.366 Z-4.600 F400.000
G1 X19.107 Y32.339 Z-4.600 F400.000
G1 X19.098 Y32.310 Z-4.600 F400.000
G1 X19.087 Y32.202 Z-4.600 F400.000
G1 X19.087 Y30.495 Z-4.600 F400.000
G1 X19.098 Y30.387 Z-4.600 F400.000
G1 X19.107 Y30.358 Z-4.600 F400.000
G1 X19.121 Y30.331 Z-4.600 F400.000
G1 X19.141 Y30.308 Z-4.600 F400.000
G1 X19.164 Y30.288 Z-4.600 F400.000
G1 X19.191 Y30.274 Z-4.600 F400.000
G1 X19.220 Y30.265 Z-4.600 F400.000
G1 X19.330 Y30.254 Z-4.600 F400.000
G1 X22.256 Y30.247 Z-4.600 F400.000
G1 X22.597 Y30.213 Z-4.600 F400.000
G1 X22.902 Y30.153 Z-4.600 F400.000
G1 X23.231 Y30.053 Z-4.600 F400.000
G1 X23.518 Y29.934 Z-4.600 F400.000
G1 X23.821 Y29.772 Z-4.600 F400.000
G1 X24.079 Y29.599 Z-4.600 F400.000
G1 X24.345 Y29.382 Z-4.600 F400.000
G1 X24.565 Y29.162 Z-4.600 F400.000
G1 X24.782 Y28.896 Z-4.600 F400.000
G1 X24.955 Y28.638 Z-4.600 F400.000
G1 X25.117 Y28.335 Z-4.600 F400.000
G1 X25.236 Y28.048 Z-4.600 F400.000
G1 X25.336 Y27.719 Z-4.600 F400.000
G1 X25.396 Y27.414 Z-4.600 F400.000
G1 X25.438 Y26.917 Z-4.600 F400.000
G1 X25.438 Y3.000 Z-4.600 F400.000
G0 Z5.000
G0 X25.438 Y228.000
G0 Z3.000
G1 X25.438 Y228.000 Z-4.800 F250.000
G1 X25.438 Y213.812 Z-4.800 F400.000
G1 X25.424 Y213.605 Z-4.800 F400.000
G1 X25.390 Y213.346 Z-4.800 F400.000
G1 X25.283 Y212.946 Z-4.800 F400.000
G1 X25.183 Y212.705 Z-4.800 F400.000
G1 X24.975 Y212.346 Z-4.800 F400.000
G1 X24.817 Y212.139 Z-4.800 F400.000
G1 X24.524 Y211.846 Z-4.800 F400.000
G1 X24.316 Y211.687 Z-4.800 F400.000
G1 X23.958 Y211.480 Z-4.800 F400.000
G1 X23.716 Y211.380 Z-4.800 F400.000
G1 X23.316 Y211.273 Z-4.800 F400.000
G1 X23.057 Y211.239 Z-4.800 F400.000
G1 X22.850 Y211.225 Z-4.800 F400.000
G1 X21.445 Y211.225 Z-4.800 F400.000
G1 X21.336 Y211.214 Z-4.800 F400.000
G1 X21.307 Y211.206 Z-4.800 F400.000
G1 X21.281 Y211.191 Z-4.800 F400.000
G1 X21.257 Y211.172 Z-4.800 F400.000
G1 X21.238 Y211.149 Z-4.800 F400.000
G1 X21.224 Y211.122 Z-4.800 F400.000
G1 X21.215 Y211.093 Z-4.800 F400.000
G1 X21.204 Y210.985 Z-4.800 F400.000
G1 X21.204 Y208.093 Z-4.800 F400.000
G1 X21.207 Y208.033 Z-4.800 F400.000
G1 X21.210 Y208.015 Z-4.800 F400.000
G1 X21.215 Y207.999 Z-4.800 F400.000
G1 X21.238 Y207.942 Z-4.800 F400.000
G1 X25.159 Y199.527 Z-4.800 F400.000
G1 X25.286 Y199.186 Z-4.800 F400.000
G1 X25.375 Y198.833 Z-4.800 F400.000
G1 X25.425 Y198.473 Z-4.800 F400.000
G1 X25.438 Y198.196 Z-4.800 F400.000
G1 X25.438 Y175.328 Z-4.800 F400.000
G1 X25.424 Y175.121 Z-4.800 F400.000
G1 X25.390 Y174.862 Z-4.800 F400.000
G1 X25.283 Y174.462 Z-4.800 F400.000
G1 X25.183 Y174.221 Z-4.800 F400.000
G1 X24.975 Y173.862 Z-4.800 F400.000
G1 X24.817 Y173.655 Z-4.800 F400.000
G1 X24.524 Y173.362 Z-4.800 F400.000
G1 X24.316 Y173.203 Z-4.800 F400.000
G1 X23.958 Y172.996 Z-4.800 F400.000
G1 X23.716 Y172.896 Z-4.800 F400.000
G1 X23.316 Y172.789 Z-4.800 F400.000
G1 X23.057 Y172.755 Z-4.800 F400.000
G1 X22.850 Y172.741 Z-4.800 F400.000
G1 X21.445 Y172.741 Z-4.800 F400.000
G1 X21.336 Y172.730 Z-4.800 F400.000
G1 X21.307 Y172.722 Z-4.800 F400.000
G1 X21.281 Y172.707 Z-4.800 F400.000
G1 X21.257 Y172.688 Z-4.800 F400.000
G1 X21.238 Y172.664 Z-4.800 F400.000
G1 X21.224 Y172.638 Z-4.800 F400.000
G1 X21.215 Y172.609 Z-4.800 F400.000
G1 X21.204 Y172.500 Z-4.800 F400.000
G1 X21.204 Y169.609 Z-4.800 F400.000
G1 X21.207 Y169.549 Z-4.800 F400.000
G1 X21.210 Y169.531 Z-4.800 F400.000
G1 X21.215 Y169.515 Z-4.800 F400.000
G1 X21.238 Y169.458 Z-4.800 F400.000
G1 X25.159 Y161.043 Z-4.800 F400.000
G1 X25.286 Y160.702 Z-4.800 F400.000
G1 X25.375 Y160.349 Z-4.800 F400.000
G1 X25.425 Y159.989 Z-4.800 F400.000
G1 X25.438 Y159.712 Z-4.800 F400.000
G1 X25.438 Y136.844 Z-4.800 F400.000
G1 X25.424 Y136.637 Z-4.800 F400.000
G1 X25.390 Y136.378 Z-4.800 F400.000
G1 X25.283 Y135.978 Z-4.800 F400.000
G1 X25.183 Y135.737 Z-4.800 F400.000
G1 X24.975 Y135.378 Z-4.800 F400.000
G1 X24.817 Y135.171 Z-4.800 F400.000
G1 X24.524 Y134.878 Z-4.800 F400.000
G1 X24.316 Y134.719 Z-4.800 F400.000
G1 X23.958 Y134.512 Z-4.800 F400.000
G1 X23.716 Y134.412 Z-4.800 F400.000
G1 X23.316 Y134.305 Z-4.800 F400.000
G1 X23.057 Y134.271 Z-4.800 F400.000
G1 X22.850 Y134.257 Z-4.800 F400.000
G1 X21.445 Y134.257 Z-4.800 F400.000
G1 X21.336 Y134.246 Z-4.800 F400.000
G1 X21.307 Y134.238 Z-4.800 F400.000
G1 X21.281 Y134.223 Z-4.800 F400.000
G1 X21.257 Y134.204 Z-4.800 F400.000
G1 X21.238 Y134.180 Z-4.800 F400.000
G1 X21.224 Y134.154 Z-4.800 F400.000
G1 X21.215 Y134.125 Z-4.800 F400.000
G1 X21.204 Y134.016 Z-4.800 F400.000
G1 X21.204 Y131.125 Z-4.800 F400.000
G1 X21.207 Y131.065 Z-4.800 F400.000
G1 X21.210 Y131.047 Z-4.800 F400.000
G1 X21.215 Y131.031 Z-4.800 F400.000
G1 X21.238 Y130.974 Z-4.800 F400.000
G1 X25.159 Y122.559 Z-4.800 F400.000
G1 X25.286 Y122.218 Z-4.800 F400.000
G1 X25.375 Y121.865 Z-4.800 F400.000
G1 X25.425 Y121.505 Z-4.800 F400.000
G1 X25.438 Y121.228 Z-4.800 F400.000
G1 X25.438 Y98.360 Z-4.800 F400.000
G1 X25.424 Y98.153 Z-4.800 F400.000
G1 X25.390 Y97.894 Z-4.800 F400.000
G1 X25.283 Y97.494 Z-4.800 F400.000
G1 X25.183 Y97.253 Z-4.800 F400.000
G1 X24.975 Y96.894 Z-4.800 F400.000
G1 X24.817 Y96.687 Z-4.800 F400.000
G1 X24.524 Y96.394 Z-4.800 F400.000
G1 X24.316 Y96.235 Z-4.800 F400.000
G1 X23.958 Y96.028 Z-4.800 F400.000
G1 X23.716 Y95.928 Z-4.800 F400.000
G1 X23.316 Y95.821 Z-4.800 F400.000
G1 X23.057 Y95.787 Z-4.800 F400.000
G1 X22.850 Y95.773 Z-4.800 F400.000
G1 X21.445 Y95.773 Z-4.800 F400.000
G1 X21.336 Y95.762 Z-4.800 F400.000
G1 X21.307 Y95.753 Z-4.800 F400.000
G1 X21.281 Y95.739 Z-4.800 F400.000
G1 X21.257 Y95.720 Z-4.800 F400.000
G1 X21.238 Y95.696 Z-4.800 F400.000
G1 X21.224 Y95.670 Z-4.800 F400.000
G1 X21.215 Y95.641 Z-4.800 F400.000
G1 X21.204 Y95.532 Z-4.800 F400.000
G1 X21.204 Y92.641 Z-4.800 F400.000
G1 X21.207 Y92.581 Z-4.800 F400.000
G1 X21.210 Y92.563 Z-4.800 F400.000
G1 X21.215 Y92.546 Z-4.800 F400.000
G1 X21.238 Y92.490 Z-4.800 F400.000
G1 X25.159 Y84.075 Z-4.800 F400.000
G1 X25.286 Y83.734 Z-4.800 F400.000
G1 X25.375 Y83.381 Z-4.800 F400.000
G1 X25.425 Y83.021 Z-4.800 F400.000
G1 X25.438 Y82.744 Z-4.800 F400.000
G1 X25.438 Y59.876 Z-4.800 F400.000
G1 X25.424 Y59.669 Z-4.800 F400.000
G1 X25.390 Y59.410 Z-4.800 F400.000
G1 X25.283 Y59.010 Z-4.800 F400.000
G1 X25.183 Y58.769 Z-4.800 F400.000
G1 X24.975 Y58.410 Z-4.800 F400.000
G1 X24.817 Y58.203 Z-4.800 F400.000
G1 X24.524 Y57.910 Z-4.800 F400.000
G1 X24.316 Y57.751 Z-4.800 F400.000
G1 X23.958 Y57.544 Z-4.800 F400.000
G1 X23.716 Y57.444 Z-4.800 F400.000
G1 X23.316 Y57.337 Z-4.800 F400.000
G1 X23.057 Y57.303 Z-4.800 F400.000
G1 X22.850 Y57.289 Z-4.800 F400.000
G1 X21.445 Y57.289 Z-4.800 F400.000
G1 X21.336 Y57.278 Z-4.800 F400.000
G1 X21.307 Y57.269 Z-4.800 F400.000
G1 X21.281 Y57.255 Z-4.800 F400.000
G1 X21.257 Y57.236 Z-4.800 F400.000
G1 X21.238 Y57.212 Z-4.800 F400.000
G1 X21.224 Y57.186 Z-4.800 F400.000
G1 X21.215 Y57.157 Z-4.800 F400.000
G1 X21.204 Y57.048 Z-4.800 F400.000
G1 X21.204 Y54.157 Z-4.800 F400.000
G1 X21.207 Y54.097 Z-4.800 F400.000
G1 X21.210 Y54.079 Z-4.800 F400.000
G1 X21.215 Y54.062 Z-4.800 F400.000
G1 X21.238 Y54.006 Z-4.800 F400.000
G1 X25.159 Y45.591 Z-4.800 F400.000
G1 X25.286 Y45.250 Z-4.800 F400.000
G1 X25.375 Y44.897 Z-4.800 F400.000
G1 X25.425 Y44.537 Z-4.800 F400.000
G1 X25.438 Y44.260 Z-4.800 F400.000
G1 X25.430 Y35.624 Z-4.800 F400.000
G1 X25.396 Y35.283 Z-4.800 F400.000
G1 X25.336 Y34.977 Z-4.800 F400.000
G1 X25.236 Y34.649 Z-4.800 F400.000
G1 X25.117 Y34.362 Z-4.800 F400.000
G1 X24.955 Y34.059 Z-4.800 F400.000
G1 X24.782 Y33.800 Z-4.800 F400.000
G1 X24.565 Y33.535 Z-4.800 F400.000
G1 X24.345 Y33.315 Z-4.800 F400.000
G1 X24.079 Y33.097 Z-4.800 F400.000
G1 X23.821 Y32.924 Z-4.800 F400.000
G1 X23.518 Y32.763 Z-4.800 F400.000
G1 X23.231 Y32.644 Z-4.800 F400.000
G1 X22.902 Y32.544 Z-4.800 F400.000
G1 X22.597 Y32.483 Z-4.800 F400.000
G1 X22.100 Y32.442 Z-4.800 F400.000
G1 X19.328 Y32.442 Z-4.800 F400.000
G1 X19.220 Y32.431 Z-4.800 F400.000
G1 X19.191 Y32.423 Z-4.800 F400.000
G1 X19.164 Y32.408 Z-4.800 F400.000
G1 X19.141 Y32.389 Z-4.800 F400.000
G1 X19.121 Y32.366 Z-4.800 F400.000
G1 X19.107 Y32.339 Z-4.800 F400.000
G1 X19.098 Y32.310 Z-4.800 F400.000
G1 X19.087 Y32.202 Z-4.800 F400.000
G1 X19.087 Y30.495 Z-4.800 F400.000
G1 X19.098 Y30.387 Z-4.800 F400.000
G1 X19.107 Y30.358 Z-4.800 F400.000
G1 X19.121 Y30.331 Z-4.800 F400.000
G1 X19.141 Y30.308 Z-4.800 F400.000
G1 X19.164 Y30.288 Z-4.800 F400.000
G1 X19.191 Y30.274 Z-4.800 F400.000
G1 X19.220 Y30.265 Z-4.800 F400.000
G1 X19.330 Y30.254 Z-4.800 F400.000
G1 X22.256 Y30.247 Z-4.800 F400.000
G1 X22.597 Y30.213 Z-4.800 F400.000
G1 X22.902 Y30.153 Z-4.800 F400.000
G1 X23.231 Y30.053 Z-4.800 F400.000
G1 X23.518 Y29.934 Z-4.800 F400.000
G1 X23.821 Y29.772 Z-4.800 F400.000
G1 X24.079 Y29.599 Z-4.800 F400.000
G1 X24.345 Y29.382 Z-4.800 F400.000
G1 X24.565 Y29.162 Z-4.800 F400.000
G1 X24.782 Y28.896 Z-4.800 F400.000
G1 X24.955 Y28.638 Z-4.800 F400.000
G1 X25.117 Y28.335 Z-4.800 F400.000
G1 X25.236 Y28.048 Z-4.800 F400.000
G1 X25.336 Y27.719 Z-4.800 F400.000
G1 X25.396 Y27.414 Z-4.800 F400.000
G1 X25.438 Y26.917 Z-4.800 F400.000
G1 X25.438 Y3.000 Z-4.800 F400.000
G0 Z5.000
G0 X25.438 Y228.000
G0 Z3.000
G1 X25.438 Y228.000 Z-5.000 F250.000
G1 X25.438 Y213.812 Z-5.000 F400.000
G1 X25.424 Y213.605 Z-5.000 F400.000
G1 X25.390 Y213.346 Z-5.000 F400.000
G1 X25.283 Y212.946 Z-5.000 F400.000
G1 X25.183 Y212.705 Z-5.000 F400.000
G1 X24.975 Y212.346 Z-5.000 F400.000
G1 X24.817 Y212.139 Z-5.000 F400.000
G1 X24.524 Y211.846 Z-5.000 F400.000
G1 X24.316 Y211.687 Z-5.000 F400.000
G1 X23.958 Y211.480 Z-5.000 F400.000
G1 X23.716 Y211.380 Z-5.000 F400.000
G1 X23.316 Y211.273 Z-5.000 F400.000
G1 X23.057 Y211.239 Z-5.000 F400.000
G1 X22.850 Y211.225 Z-5.000 F400.000
G1 X21.445 Y211.225 Z-5.000 F400.000
G1 X21.336 Y211.214 Z-5.000 F400.000
G1 X21.307 Y211.206 Z-5.000 F400.000
G1 X21.281 Y211.191 Z-5.000 F400.000
G1 X21.257 Y211.172 Z-5.000 F400.000
G1 X21.238 Y211.149 Z-5.000 F400.000
G1 X21.224 Y211.122 Z-5.000 F400.000
G1 X21.215 Y211.093 Z-5.000 F400.000
G1 X21.204 Y210.985 Z-5.000 F400.000
G1 X21.204 Y208.093 Z-5.000 F400.000
G1 X21.207 Y208.033 Z-5.000 F400.000
G1 X21.210 Y208.015 Z-5.000 F400.000
G1 X21.215 Y207.999 Z-5.000 F400.000
G1 X21.238 Y207.942 Z-5.000 F400.000
G1 X25.159 Y199.527 Z-5.000 F400.000
G1 X25.286 Y199.186 Z-5.000 F400.000
G1 X25.375 Y198.833 Z-5.000 F400.000
G1 X25.425 Y198.473 Z-5.000 F400.000
G1 X25.438 Y198.196 Z-5.000 F400.000
G1 X25.438 Y175.328 Z-5.000 F400.000
G1 X25.424 Y175.121 Z-5.000 F400.000
G1 X25.390 Y174.862 Z-5.000 F400.000
G1 X25.283 Y174.462 Z-5.000 F400.000
G1 X25.183 Y174.221 Z-5.000 F400.000
G1 X24.975 Y173.862 Z-5.000 F400.000
G1 X24.817 Y173.655 Z-5.000 F400.000
G1 X24.524 Y173.362 Z-5.000 F400.000
G1 X24.316 Y173.203 Z-5.000 F400.000
G1 X23.958 Y172.996 Z-5.000 F400.000
G1 X23.716 Y172.896 Z-5.000 F400.000
G1 X23.316 Y172.789 Z-5.000 F400.000
G1 X23.057 Y172.755 Z-5.000 F400.000
G1 X22.850 Y172.741 Z-5.000 F400.000
G1 X21.445 Y172.741 Z-5.000 F400.000
G1 X21.336 Y172.730 Z-5.000 F400.000
G1 X21.307 Y172.722 Z-5.000 F400.000
G1 X21.281 Y172.707 Z-5.000 F400.000
G1 X21.257 Y172.688 Z-5.000 F400.000
G1 X21.238 Y172.664 Z-5.000 F400.000
G1 X21.224 Y172.638 Z-5.000 F400.000
G1 X21.215 Y172.609 Z-5.000 F400.000
G1 X21.204 Y172.500 Z-5.000 F400.000
G1 X21.204 Y169.609 Z-5.000 F400.000
G1 X21.207 Y169.549 Z-5.000 F400.000
G1 X21.210 Y169.531 Z-5.000 F400.000
G1 X21.215 Y169.515 Z-5.000 F400.000
G1 X21.238 Y169.458 Z-5.000 F400.000
G1 X25.159 Y161.043 Z-5.000 F400.000
G1 X25.286 Y160.702 Z-5.000 F400.000
G1 X25.375 Y160.349 Z-5.000 F400.000
G1 X25.425 Y159.989 Z-5.000 F400.000
G1 X25.438 Y159.712 Z-5.000 F400.000
G1 X25.438 Y136.844 Z-5.000 F400.000
G1 X25.424 Y136.637 Z-5.000 F400.000
G1 X25.390 Y136.378 Z-5.000 F400.000
G1 X25.283 Y135.978 Z-5.000 F400.000
G1 X25.183 Y135.737 Z-5.000 F400.000
G1 X24.975 Y135.378 Z-5.000 F400.000
G1 X24.817 Y135.171 Z-5.000 F400.000
G1 X24.524 Y134.878 Z-5.000 F400.000
G1 X24.316 Y134.719 Z-5.000 F400.000
G1 X23.958 Y134.512 Z-5.000 F400.000
G1 X23.716 Y134.412 Z-5.000 F400.000
G1 X23.316 Y134.305 Z-5.000 F400.000
G1 X23.057 Y134.271 Z-5.000 F400.000
G1 X22.850 Y134.257 Z-5.000 F400.000
G1 X21.445 Y134.257 Z-5.000 F400.000
G1 X21.336 Y134.246 Z-5.000 F400.000
G1 X21.307 Y134.238 Z-5.000 F400.000
G1 X21.281 Y134.223 Z-5.000 F400.000
G1 X21.257 Y134.204 Z-5.000 F400.000
G1 X21.238 Y134.180 Z-5.000 F400.000
G1 X21.224 Y134.154 Z-5.000 F400.000
G1 X21.215 Y134.125 Z-5.000 F400.000
G1 X21.204 Y134.016 Z-5.000 F400.000
G1 X21.204 Y131.125 Z-5.000 F400.000
G1 X21.207 Y131.065 Z-5.000 F400.000
G1 X21.210 Y131.047 Z-5.000 F400.000
G1 X21.215 Y131.031 Z-5.000 F400.000
G1 X21.238 Y130.974 Z-5.000 F400.000
G1 X25.159 Y122.559 Z-5.000 F400.000
G1 X25.286 Y122.218 Z-5.000 F400.000
G1 X25.375 Y121.865 Z-5.000 F400.000
G1 X25.425 Y121.505 Z-5.000 F400.000
G1 X25.438 Y121.228 Z-5.000 F400.000
G1 X25.438 Y98.360 Z-5.000 F400.000
G1 X25.424 Y98.153 Z-5.000 F400.000
G1 X25.390 Y97.894 Z-5.000 F400.000
G1 X25.283 Y97.494 Z-5.000 F400.000
G1 X25.183 Y97.253 Z-5.000 F400.000
G1 X24.975 Y96.894 Z-5.000 F400.000
G1 X24.817 Y96.687 Z-5.000 F400.000
G1 X24.524 Y96.394 Z-5.000 F400.000
G1 X24.316 Y96.235 Z-5.000 F400.000
G1 X23.958 Y96.028 Z-5.000 F400.000
G1 X23.716 Y95.928 Z-5.000 F400.000
G1 X23.316 Y95.821 Z-5.000 F400.000
G1 X23.057 Y95.787 Z-5.000 F400.000
G1 X22.850 Y95.773 Z-5.000 F400.000
G1 X21.445 Y95.773 Z-5.000 F400.000
G1 X21.336 Y95.762 Z-5.000 F400.000
G1 X21.307 Y95.753 Z-5.000 F400.000
G1 X21.281 Y95.739 Z-5.000 F400.000
G1 X21.257 Y95.720 Z-5.000 F400.000
G1 X21.238 Y95.696 Z-5.000 F400.000
G1 X21.224 Y95.670 Z-5.000 F400.000
G1 X21.215 Y95.641 Z-5.000 F400.000
G1 X21.204 Y95.532 Z-5.000 F400.000
G1 X21.204 Y92.641 Z-5.000 F400.000
G1 X21.207 Y92.581 Z-5.000 F400.000
G1 X21.210 Y92.563 Z-5.000 F400.000
G1 X21.215 Y92.546 Z-5.000 F400.000
G1 X21.238 Y92.490 Z-5.000 F400.000
G1 X25.159 Y84.075 Z-5.000 F400.000
G1 X25.286 Y83.734 Z-5.000 F400.000
G1 X25.375 Y83.381 Z-5.000 F400.000
G1 X25.425 Y83.021 Z-5.000 F400.000
G1 X25.438 Y82.744 Z-5.000 F400.000
G1 X25.438 Y59.876 Z-5.000 F400.000
G1 X25.424 Y59.669 Z-5.000 F400.000
G1 X25.390 Y59.410 Z-5.000 F400.000
G1 X25.283 Y59.010 Z-5.000 F400.000
G1 X25.183 Y58.769 Z-5.000 F400.000
G1 X24.975 Y58.410 Z-5.000 F400.000
G1 X24.817 Y58.203 Z-5.000 F400.000
G1 X24.524 Y57.910 Z-5.000 F400.000
G1 X24.316 Y57.751 Z-5.000 F400.000
G1 X23.958 Y57.544 Z-5.000 F400.000
G1 X23.716 Y57.444 Z-5.000 F400.000
G1 X23.316 Y57.337 Z-5.000 F400.000
G1 X23.057 Y57.303 Z-5.000 F400.000
G1 X22.850 Y57.289 Z-5.000 F400.000
G1 X21.445 Y57.289 Z-5.000 F400.000
G1 X21.336 Y57.278 Z-5.000 F400.000
G1 X21.307 Y57.269 Z-5.000 F400.000
G1 X21.281 Y57.255 Z-5.000 F400.000
G1 X21.257 Y57.236 Z-5.000 F400.000
G1 X21.238 Y57.212 Z-5.000 F400.000
G1 X21.224 Y57.186 Z-5.000 F400.000
G1 X21.215 Y57.157 Z-5.000 F400.000
G1 X21.204 Y57.048 Z-5.000 F400.000
G1 X21.204 Y54.157 Z-5.000 F400.000
G1 X21.207 Y54.097 Z-5.000 F400.000
G1 X21.210 Y54.079 Z-5.000 F400.000
G1 X21.215 Y54.062 Z-5.000 F400.000
G1 X21.238 Y54.006 Z-5.000 F400.000
G1 X25.159 Y45.591 Z-5.000 F400.000
G1 X25.286 Y45.250 Z-5.000 F400.000
G1 X25.375 Y44.897 Z-5.000 F400.000
G1 X25.425 Y44.537 Z-5.000 F400.000
G1 X25.438 Y44.260 Z-5.000 F400.000
G1 X25.430 Y35.624 Z-5.000 F400.000
G1 X25.396 Y35.283 Z-5.000 F400.000
G1 X25.336 Y34.977 Z-5.000 F400.000
G1 X25.236 Y34.649 Z-5.000 F400.000
G1 X25.117 Y34.362 Z-5.000 F400.000
G1 X24.955 Y34.059 Z-5.000 F400.000
G1 X24.782 Y33.800 Z-5.000 F400.000
G1 X24.565 Y33.535 Z-5.000 F400.000
G1 X24.345 Y33.315 Z-5.000 F400.000
G1 X24.079 Y33.097 Z-5.000 F400.000
G1 X23.821 Y32.924 Z-5.000 F400.000
G1 X23.518 Y32.763 Z-5.000 F400.000
G1 X23.231 Y32.644 Z-5.000 F400.000
G1 X22.902 Y32.544 Z-5.000 F400.000
G1 X22.597 Y32.483 Z-5.000 F400.000
G1 X22.100 Y32.442 Z-5.000 F400.000
G1 X19.328 Y32.442 Z-5.000 F400.000
G1 X19.220 Y32.431 Z-5.000 F400.000
G1 X19.191 Y32.423 Z-5.000 F400.000
G1 X19.164 Y32.408 Z-5.000 F400.000
G1 X19.141 Y32.389 Z-5.000 F400.000
G1 X19.121 Y32.366 Z-5.000 F400.000
G1 X19.107 Y32.339 Z-5.000 F400.000
G1 X19.098 Y32.310 Z-5.000 F400.000
G1 X19.087 Y32.202 Z-5.000 F400.000
G1 X19.087 Y30.495 Z-5.000 F400.000
G1 X19.098 Y30.387 Z-5.000 F400.000
G1 X19.107 Y30.358 Z-5.000 F400.000
G1 X19.121 Y30.331 Z-5.000 F400.000
G1 X19.141 Y30.308 Z-5.000 F400.000
G1 X19.164 Y30.288 Z-5.000 F400.000
G1 X19.191 Y30.274 Z-5.000 F400.000
G1 X19.220 Y30.265 Z-5.000 F400.000
G1 X19.330 Y30.254 Z-5.000 F400.000
G1 X22.256 Y30.247 Z-5.000 F400.000
G1 X22.597 Y30.213 Z-5.000 F400.000
G1 X22.902 Y30.153 Z-5.000 F400.000
G1 X23.231 Y30.053 Z-5.000 F400.000
G1 X23.518 Y29.934 Z-5.000 F400.000
G1 X23.821 Y29.772 Z-5.000 F400.000
G1 X24.079 Y29.599 Z-5.000 F400.000
G1 X24.345 Y29.382 Z-5.000 F400.000
G1 X24.565 Y29.162 Z-5.000 F400.000
G1 X24.782 Y28.896 Z-5.000 F400.000
G1 X24.955 Y28.638 Z-5.000 F400.000
G1 X25.117 Y28.335 Z-5.000 F400.000
G1 X25.236 Y28.048 Z-5.000 F400.000
G1 X25.336 Y27.719 Z-5.000 F400.000
G1 X25.396 Y27.414 Z-5.000 F400.000
G1 X25.438 Y26.917 Z-5.000 F400.000
G1 X25.438 Y3.000 Z-5.000 F400.000
G0 Z5.000
G0 X25.438 Y228.000
G0 Z3.000
G1 X25.438 Y228.000 Z-5.200 F250.000
G1 X25.438 Y213.812 Z-5.200 F400.000
G1 X25.424 Y213.605 Z-5.200 F400.000
G1 X25.390 Y213.346 Z-5.200 F400.000
G1 X25.283 Y212.946 Z-5.200 F400.000
G1 X25.183 Y212.705 Z-5.200 F400.000
G1 X24.975 Y212.346 Z-5.200 F400.000
G1 X24.817 Y212.139 Z-5.200 F400.000
G1 X24.524 Y211.846 Z-5.200 F400.000
G1 X24.316 Y211.687 Z-5.200 F400.000
G1 X23.958 Y211.480 Z-5.200 F400.000
G1 X23.716 Y211.380 Z-5.200 F400.000
G1 X23.316 Y211.273 Z-5.200 F400.000
G1 X23.057 Y211.239 Z-5.200 F400.000
G1 X22.850 Y211.225 Z-5.200 F400.000
G1 X21.445 Y211.225 Z-5.200 F400.000
G1 X21.336 Y211.214 Z-5.200 F400.000
G1 X21.307 Y211.206 Z-5.200 F400.000
G1 X21.281 Y211.191 Z-5.200 F400.000
G1 X21.257 Y211.172 Z-5.200 F400.000
G1 X21.238 Y211.149 Z-5.200 F400.000
G1 X21.224 Y211.122 Z-5.200 F400.000
G1 X21.215 Y211.093 Z-5.200 F400.000
G1 X21.204 Y210.985 Z-5.200 F400.000
G1 X21.204 Y208.093 Z-5.200 F400.000
G1 X21.207 Y208.033 Z-5.200 F400.000
G1 X21.210 Y208.015 Z-5.200 F400.000
G1 X21.215 Y207.999 Z-5.200 F400.000
G1 X21.238 Y207.942 Z-5.200 F400.000
G1 X25.159 Y199.527 Z-5.200 F400.000
G1 X25.286 Y199.186 Z-5.200 F400.000
G1 X25.375 Y198.833 Z-5.200 F400.000
G1 X25.425 Y198.473 Z-5.200 F400.000
G1 X25.438 Y198.196 Z-5.200 F400.000
G1 X25.438 Y175.328 Z-5.200 F400.000
G1 X25.424 Y175.121 Z-5.200 F400.000
G1 X25.390 Y174.862 Z-5.200 F400.000
G1 X25.283 Y174.462 Z-5.200 F400.000
G1 X25.183 Y174.221 Z-5.200 F400.000
G1 X24.975 Y173.862 Z-5.200 F400.000
G1 X24.817 Y173.655 Z-5.200 F400.000
G1 X24.524 Y173.362 Z-5.200 F400.000
G1 X24.316 Y173.203 Z-5.200 F400.000
G1 X23.958 Y172.996 Z-5.200 F400.000
G1 X23.716 Y172.896 Z-5.200 F400.000
G1 X23.316 Y172.789 Z-5.200 F400.000
G1 X23.057 Y172.755 Z-5.200 F400.000
G1 X22.850 Y172.741 Z-5.200 F400.000
G1 X21.445 Y172.741 Z-5.200 F400.000
G1 X21.336 Y172.730 Z-5.200 F400.000
G1 X21.307 Y172.722 Z-5.200 F400.000
G1 X21.281 Y172.707 Z-5.200 F400.000
G1 X21.257 Y172.688 Z-5.200 F400.000
G1 X21.238 Y172.664 Z-5.200 F400.000
G1 X21.224 Y172.638 Z-5.200 F400.000
G1 X21.215 Y172.609 Z-5.200 F400.000
G1 X21.204 Y172.500 Z-5.200 F400.000
G1 X21.204 Y169.609 Z-5.200 F400.000
G1 X21.207 Y169.549 Z-5.200 F400.000
G1 X21.210 Y169.531 Z-5.200 F400.000
G1 X21.215 Y169.515 Z-5.200 F400.000
G1 X21.238 Y169.458 Z-5.200 F400.000
G1 X25.159 Y161.043 Z-5.200 F400.000
G1 X25.286 Y160.702 Z-5.200 F400.000
G1 X25.375 Y160.349 Z-5.200 F400.000
G1 X25.425 Y159.989 Z-5.200 F400.000
G1 X25.438 Y159.712 Z-5.200 F400.000
G1 X25.438 Y136.844 Z-5.200 F400.000
G1 X25.424 Y136.637 Z-5.200 F400.000
G1 X25.390 Y136.378 Z-5.200 F400.000
G1 X25.283 Y135.978 Z-5.200 F400.000
G1 X25.183 Y135.737 Z-5.200 F400.000
G1 X24.975 Y135.378 Z-5.200 F400.000
G1 X24.817 Y135.171 Z-5.200 F400.000
G1 X24.524 Y134.878 Z-5.200 F400.000
G1 X24.316 Y134.719 Z-5.200 F400.000
G1 X23.958 Y134.512 Z-5.200 F400.000
G1 X23.716 Y134.412 Z-5.200 F400.000
G1 X23.316 Y134.305 Z-5.200 F400.000
G1 X23.057 Y134.271 Z-5.200 F400.000
G1 X22.850 Y134.257 Z-5.200 F400.000
G1 X21.445 Y134.257 Z-5.200 F400.000
G1 X21.336 Y134.246 Z-5.200 F400.000
G1 X21.307 Y134.238 Z-5.200 F400.000
G1 X21.281 Y134.223 Z-5.200 F400.000
G1 X21.257 Y134.204 Z-5.200 F400.000
G1 X21.238 Y134.180 Z-5.200 F400.000
G1 X21.224 Y134.154 Z-5.200 F400.000
G1 X21.215 Y134.125 Z-5.200 F400.000
G1 X21.204 Y134.016 Z-5.200 F400.000
G1 X21.204 Y131.125 Z-5.200 F400.000
G1 X21.207 Y131.065 Z-5.200 F400.000
G1 X21.210 Y131.047 Z-5.200 F400.000
G1 X21.215 Y131.031 Z-5.200 F400.000
G1 X21.238 Y130.974 Z-5.200 F400.000
G1 X25.159 Y122.559 Z-5.200 F400.000
G1 X25.286 Y122.218 Z-5.200 F400.000
G1 X25.375 Y121.865 Z-5.200 F400.000
G1 X25.425 Y121.505 Z-5.200 F400.000
G1 X25.438 Y121.228 Z-5.200 F400.000
G1 X25.438 Y98.360 Z-5.200 F400.000
G1 X25.424 Y98.153 Z-5.200 F400.000
G1 X25.390 Y97.894 Z-5.200 F400.000
G1 X25.283 Y97.494 Z-5.200 F400.000
G1 X25.183 Y97.253 Z-5.200 F400.000
G1 X24.975 Y96.894 Z-5.200 F400.000
G1 X24.817 Y96.687 Z-5.200 F400.000
G1 X24.524 Y96.394 Z-5.200 F400.000
G1 X24.316 Y96.235 Z-5.200 F400.000
G1 X23.958 Y96.028 Z-5.200 F400.000
G1 X23.716 Y95.928 Z-5.200 F400.000
G1 X23.316 Y95.821 Z-5.200 F400.000
G1 X23.057 Y95.787 Z-5.200 F400.000
G1 X22.850 Y95.773 Z-5.200 F400.000
G1 X21.445 Y95.773 Z-5.200 F400.000
G1 X21.336 Y95.762 Z-5.200 F400.000
G1 X21.307 Y95.753 Z-5.200 F400.000
G1 X21.281 Y95.739 Z-5.200 F400.000
G1 X21.257 Y95.720 Z-5.200 F400.000
G1 X21.238 Y95.696 Z-5.200 F400.000
G1 X21.224 Y95.670 Z-5.200 F400.000
G1 X21.215 Y95.641 Z-5.200 F400.000
G1 X21.204 Y95.532 Z-5.200 F400.000
G1 X21.204 Y92.641 Z-5.200 F400.000
G1 X21.207 Y92.581 Z-5.200 F400.000
G1 X21.210 Y92.563 Z-5.200 F400.000
G1 X21.215 Y92.546 Z-5.200 F400.000
G1 X21.238 Y92.490 Z-5.200 F400.000
G1 X25.159 Y84.075 Z-5.200 F400.000
G1 X25.286 Y83.734 Z-5.200 F400.000
G1 X25.375 Y83.381 Z-5.200 F400.000
G1 X25.425 Y83.021 Z-5.200 F400.000
G1 X25.438 Y82.744 Z-5.200 F400.000
G1 X25.438 Y59.876 Z-5.200 F400.000
G1 X25.424 Y59.669 Z-5.200 F400.000
G1 X25.390 Y59.410 Z-5.200 F400.000
G1 X25.283 Y59.010 Z-5.200 F400.000
G1 X25.183 Y58.769 Z-5.200 F400.000
G1 X24.975 Y58.410 Z-5.200 F400.000
G1 X24.817 Y58.203 Z-5.200 F400.000
G1 X24.524 Y57.910 Z-5.200 F400.000
G1 X24.316 Y57.751 Z-5.200 F400.000
G1 X23.958 Y57.544 Z-5.200 F400.000
G1 X23.716 Y57.444 Z-5.200 F400.000
G1 X23.316 Y57.337 Z-5.200 F400.000
G1 X23.057 Y57.303 Z-5.200 F400.000
G1 X22.850 Y57.289 Z-5.200 F400.000
G1 X21.445 Y57.289 Z-5.200 F400.000
G1 X21.336 Y57.278 Z-5.200 F400.000
G1 X21.307 Y57.269 Z-5.200 F400.000
G1 X21.281 Y57.255 Z-5.200 F400.000
G1 X21.257 Y57.236 Z-5.200 F400.000
G1 X21.238 Y57.212 Z-5.200 F400.000
G1 X21.224 Y57.186 Z-5.200 F400.000
G1 X21.215 Y57.157 Z-5.200 F400.000
G1 X21.204 Y57.048 Z-5.200 F400.000
G1 X21.204 Y54.157 Z-5.200 F400.000
G1 X21.207 Y54.097 Z-5.200 F400.000
G1 X21.210 Y54.079 Z-5.200 F400.000
G1 X21.215 Y54.062 Z-5.200 F400.000
G1 X21.238 Y54.006 Z-5.200 F400.000
G1 X25.159 Y45.591 Z-5.200 F400.000
G1 X25.286 Y45.250 Z-5.200 F400.000
G1 X25.375 Y44.897 Z-5.200 F400.000
G1 X25.425 Y44.537 Z-5.200 F400.000
G1 X25.438 Y44.260 Z-5.200 F400.000
G1 X25.430 Y35.624 Z-5.200 F400.000
G1 X25.396 Y35.283 Z-5.200 F400.000
G1 X25.336 Y34.977 Z-5.200 F400.000
G1 X25.236 Y34.649 Z-5.200 F400.000
G1 X25.117 Y34.362 Z-5.200 F400.000
G1 X24.955 Y34.059 Z-5.200 F400.000
G1 X24.782 Y33.800 Z-5.200 F400.000
G1 X24.565 Y33.535 Z-5.200 F400.000
G1 X24.345 Y33.315 Z-5.200 F400.000
G1 X24.079 Y33.097 Z-5.200 F400.000
G1 X23.821 Y32.924 Z-5.200 F400.000
G1 X23.518 Y32.763 Z-5.200 F400.000
G1 X23.231 Y32.644 Z-5.200 F400.000
G1 X22.902 Y32.544 Z-5.200 F400.000
G1 X22.597 Y32.483 Z-5.200 F400.000
G1 X22.100 Y32.442 Z-5.200 F400.000
G1 X19.328 Y32.442 Z-5.200 F400.000
G1 X19.220 Y32.431 Z-5.200 F400.000
G1 X19.191 Y32.423 Z-5.200 F400.000
G1 X19.164 Y32.408 Z-5.200 F400.000
G1 X19.141 Y32.389 Z-5.200 F400.000
G1 X19.121 Y32.366 Z-5.200 F400.000
G1 X19.107 Y32.339 Z-5.200 F400.000
G1 X19.098 Y32.310 Z-5.200 F400.000
G1 X19.087 Y32.202 Z-5.200 F400.000
G1 X19.087 Y30.495 Z-5.200 F400.000
G1 X19.098 Y30.387 Z-5.200 F400.000
G1 X19.107 Y30.358 Z-5.200 F400.000
G1 X19.121 Y30.331 Z-5.200 F400.000
G1 X19.141 Y30.308 Z-5.200 F400.000
G1 X19.164 Y30.288 Z-5.200 F400.000
G1 X19.191 Y30.274 Z-5.200 F400.000
G1 X19.220 Y30.265 Z-5.200 F400.000
G1 X19.330 Y30.254 Z-5.200 F400.000
G1 X22.256 Y30.247 Z-5.200 F400.000
G1 X22.597 Y30.213 Z-5.200 F400.000
G1 X22.902 Y30.153 Z-5.200 F400.000
G1 X23.231 Y30.053 Z-5.200 F400.000
G1 X23.518 Y29.934 Z-5.200 F400.000
G1 X23.821 Y29.772 Z-5.200 F400.000
G1 X24.079 Y29.599 Z-5.200 F400.000
G1 X24.345 Y29.382 Z-5.200 F400.000
G1 X24.565 Y29.162 Z-5.200 F400.000
G1 X24.782 Y28.896 Z-5.200 F400.000
G1 X24.955 Y28.638 Z-5.200 F400.000
G1 X25.117 Y28.335 Z-5.200 F400.000
G1 X25.236 Y28.048 Z-5.200 F400.000
G1 X25.336 Y27.719 Z-5.200 F400.000
G1 X25.396 Y27.414 Z-5.200 F400.000
G1 X25.438 Y26.917 Z-5.200 F400.000
G1 X25.438 Y3.000 Z-5.200 F400.000
G0 Z5.000
G0 Z5.000
(Finish operation: Rack )
(Begin operation: RampEntryDressup)
(Path: RampEntryDressup)
G0 X0.000 Y0.000 Z5.000
G0 X23.850 Y229.588 Z5.000
G0 X23.850 Y229.588 Z3.000
G1 X11.150 Y229.588 Z2.334 F400.000
G1 X23.850 Y229.588 Z1.669 F400.000
G1 X11.150 Y229.588 Z1.003 F400.000
G1 X23.850 Y229.588 Z0.338 F400.000
G1 X13.590 Y229.588 Z-0.200 F400.000
G1 X23.850 Y229.588 Z-0.200 F400.000
G1 X11.150 Y229.588 Z-0.200 F400.000
G0 X11.150 Y229.588 Z5.000
G0 X23.850 Y229.588 Z5.000
G0 X23.850 Y229.588 Z3.000
G1 X11.150 Y229.588 Z2.334 F400.000
G1 X23.850 Y229.588 Z1.669 F400.000
G1 X11.150 Y229.588 Z1.003 F400.000
G1 X23.850 Y229.588 Z0.338 F400.000
G1 X11.150 Y229.588 Z-0.328 F400.000
G1 X12.526 Y229.588 Z-0.400 F400.000
G1 X23.850 Y229.588 Z-0.400 F400.000
G1 X11.150 Y229.588 Z-0.400 F400.000
G0 X11.150 Y229.588 Z5.000
G0 X23.850 Y229.588 Z5.000
G0 X23.850 Y229.588 Z3.000
G1 X11.150 Y229.588 Z2.334 F400.000
G1 X23.850 Y229.588 Z1.669 F400.000
G1 X11.150 Y229.588 Z1.003 F400.000
G1 X23.850 Y229.588 Z0.338 F400.000
G1 X11.150 Y229.588 Z-0.328 F400.000
G1 X16.342 Y229.588 Z-0.600 F400.000
G1 X23.850 Y229.588 Z-0.600 F400.000
G1 X11.150 Y229.588 Z-0.600 F400.000
G0 X11.150 Y229.588 Z5.000
G0 X23.850 Y229.588 Z5.000
G0 X23.850 Y229.588 Z3.000
G1 X11.150 Y229.588 Z2.334 F400.000
G1 X23.850 Y229.588 Z1.669 F400.000
G1 X11.150 Y229.588 Z1.003 F400.000
G1 X23.850 Y229.588 Z0.338 F400.000
G1 X11.150 Y229.588 Z-0.328 F400.000
G1 X20.158 Y229.588 Z-0.800 F400.000
G1 X23.850 Y229.588 Z-0.800 F400.000
G1 X11.150 Y229.588 Z-0.800 F400.000
G0 X11.150 Y229.588 Z5.000
G0 X23.850 Y229.588 Z5.000
G0 X23.850 Y229.588 Z3.000
G1 X11.150 Y229.588 Z2.334 F400.000
G1 X23.850 Y229.588 Z1.669 F400.000
G1 X11.150 Y229.588 Z1.003 F400.000
G1 X23.850 Y229.588 Z0.338 F400.000
G1 X11.150 Y229.588 Z-0.328 F400.000
G1 X23.850 Y229.588 Z-0.993 F400.000
G1 X23.725 Y229.588 Z-1.000 F400.000
G1 X23.850 Y229.588 Z-1.000 F400.000
G1 X11.150 Y229.588 Z-1.000 F400.000
G0 X11.150 Y229.588 Z5.000
G0 X23.850 Y229.588 Z5.000
G0 X23.850 Y229.588 Z3.000
G1 X11.150 Y229.588 Z2.334 F400.000
G1 X23.850 Y229.588 Z1.669 F400.000
G1 X11.150 Y229.588 Z1.003 F400.000
G1 X23.850 Y229.588 Z0.338 F400.000
G1 X11.150 Y229.588 Z-0.328 F400.000
G1 X23.850 Y229.588 Z-0.993 F400.000
G1 X19.909 Y229.588 Z-1.200 F400.000
G1 X23.850 Y229.588 Z-1.200 F400.000
G1 X11.150 Y229.588 Z-1.200 F400.000
G0 X11.150 Y229.588 Z5.000
G0 X23.850 Y229.588 Z5.000
G0 X23.850 Y229.588 Z3.000
G1 X11.150 Y229.588 Z2.334 F400.000
G1 X23.850 Y229.588 Z1.669 F400.000
G1 X11.150 Y229.588 Z1.003 F400.000
G1 X23.850 Y229.588 Z0.338 F400.000
G1 X11.150 Y229.588 Z-0.328 F400.000
G1 X23.850 Y229.588 Z-0.993 F400.000
G1 X16.093 Y229.588 Z-1.400 F400.000
G1 X23.850 Y229.588 Z-1.400 F400.000
G1 X11.150 Y229.588 Z-1.400 F400.000
G0 X11.150 Y229.588 Z5.000
G0 X23.850 Y229.588 Z5.000
G0 X23.850 Y229.588 Z3.000
G1 X11.150 Y229.588 Z2.334 F400.000
G1 X23.850 Y229.588 Z1.669 F400.000
G1 X11.150 Y229.588 Z1.003 F400.000
G1 X23.850 Y229.588 Z0.338 F400.000
G1 X11.150 Y229.588 Z-0.328 F400.000
G1 X23.850 Y229.588 Z-0.993 F400.000
G1 X12.277 Y229.588 Z-1.600 F400.000
G1 X23.850 Y229.588 Z-1.600 F400.000
G1 X11.150 Y229.588 Z-1.600 F400.000
G0 X11.150 Y229.588 Z5.000
G0 X23.850 Y229.588 Z5.000
G0 X23.850 Y229.588 Z3.000
G1 X11.150 Y229.588 Z2.334 F400.000
G1 X23.850 Y229.588 Z1.669 F400.000
G1 X11.150 Y229.588 Z1.003 F400.000
G1 X23.850 Y229.588 Z0.338 F400.000
G1 X11.150 Y229.588 Z-0.328 F400.000
G1 X23.850 Y229.588 Z-0.993 F400.000
G1 X11.150 Y229.588 Z-1.659 F400.000
G1 X13.839 Y229.588 Z-1.800 F400.000
G1 X23.850 Y229.588 Z-1.800 F400.000
G1 X11.150 Y229.588 Z-1.800 F400.000
G0 X11.150 Y229.588 Z5.000
G0 X23.850 Y229.588 Z5.000
G0 X23.850 Y229.588 Z3.000
G1 X11.150 Y229.588 Z2.334 F400.000
G1 X23.850 Y229.588 Z1.669 F400.000
G1 X11.150 Y229.588 Z1.003 F400.000
G1 X23.850 Y229.588 Z0.338 F400.000
G1 X11.150 Y229.588 Z-0.328 F400.000
G1 X23.850 Y229.588 Z-0.993 F400.000
G1 X11.150 Y229.588 Z-1.659 F400.000
G1 X17.656 Y229.588 Z-2.000 F400.000
G1 X23.850 Y229.588 Z-2.000 F400.000
G1 X11.150 Y229.588 Z-2.000 F400.000
G0 X11.150 Y229.588 Z5.000
G0 X23.850 Y229.588 Z5.000
G0 X23.850 Y229.588 Z3.000
G1 X11.150 Y229.588 Z2.334 F400.000
G1 X23.850 Y229.588 Z1.669 F400.000
G1 X11.150 Y229.588 Z1.003 F400.000
G1 X23.850 Y229.588 Z0.338 F400.000
G1 X11.150 Y229.588 Z-0.328 F400.000
G1 X23.850 Y229.588 Z-0.993 F400.000
G1 X11.150 Y229.588 Z-1.659 F400.000
G1 X21.472 Y229.588 Z-2.200 F400.000
G1 X23.850 Y229.588 Z-2.200 F400.000
G1 X11.150 Y229.588 Z-2.200 F400.000
G0 X11.150 Y229.588 Z5.000
G0 X23.850 Y229.588 Z5.000
G0 X23.850 Y229.588 Z3.000
G1 X11.150 Y229.588 Z2.334 F400.000
G1 X23.850 Y229.588 Z1.669 F400.000
G1 X11.150 Y229.588 Z1.003 F400.000
G1 X23.850 Y229.588 Z0.338 F400.000
G1 X11.150 Y229.588 Z-0.328 F400.000
G1 X23.850 Y229.588 Z-0.993 F400.000
G1 X11.150 Y229.588 Z-1.659 F400.000
G1 X23.850 Y229.588 Z-2.325 F400.000
G1 X22.412 Y229.588 Z-2.400 F400.000
G1 X23.850 Y229.588 Z-2.400 F400.000
G1 X11.150 Y229.588 Z-2.400 F400.000
G0 X11.150 Y229.588 Z5.000
G0 X23.850 Y229.588 Z5.000
G0 X23.850 Y229.588 Z3.000
G1 X11.150 Y229.588 Z2.334 F400.000
G1 X23.850 Y229.588 Z1.669 F400.000
G1 X11.150 Y229.588 Z1.003 F400.000
G1 X23.850 Y229.588 Z0.338 F400.000
G1 X11.150 Y229.588 Z-0.328 F400.000
G1 X23.850 Y229.588 Z-0.993 F400.000
G1 X11.150 Y229.588 Z-1.659 F400.000
G1 X23.850 Y229.588 Z-2.325 F400.000
G1 X18.596 Y229.588 Z-2.600 F400.000
G1 X23.850 Y229.588 Z-2.600 F400.000
G1 X11.150 Y229.588 Z-2.600 F400.000
G0 X11.150 Y229.588 Z5.000
G0 X23.850 Y229.588 Z5.000
G0 X23.850 Y229.588 Z3.000
G1 X11.150 Y229.588 Z2.334 F400.000
G1 X23.850 Y229.588 Z1.669 F400.000
G1 X11.150 Y229.588 Z1.003 F400.000
G1 X23.850 Y229.588 Z0.338 F400.000
G1 X11.150 Y229.588 Z-0.328 F400.000
G1 X23.850 Y229.588 Z-0.993 F400.000
G1 X11.150 Y229.588 Z-1.659 F400.000
G1 X23.850 Y229.588 Z-2.325 F400.000
G1 X14.779 Y229.588 Z-2.800 F400.000
G1 X23.850 Y229.588 Z-2.800 F400.000
G1 X11.150 Y229.588 Z-2.800 F400.000
G0 X11.150 Y229.588 Z5.000
G0 X23.850 Y229.588 Z5.000
G0 X23.850 Y229.588 Z3.000
G1 X11.150 Y229.588 Z2.334 F400.000
G1 X23.850 Y229.588 Z1.669 F400.000
G1 X11.150 Y229.588 Z1.003 F400.000
G1 X23.850 Y229.588 Z0.338 F400.000
G1 X11.150 Y229.588 Z-0.328 F400.000
G1 X23.850 Y229.588 Z-0.993 F400.000
G1 X11.150 Y229.588 Z-1.659 F400.000
G1 X23.850 Y229.588 Z-2.325 F400.000
G1 X11.150 Y229.588 Z-2.990 F400.000
G1 X11.337 Y229.588 Z-3.000 F400.000
G1 X23.850 Y229.588 Z-3.000 F400.000
G1 X11.150 Y229.588 Z-3.000 F400.000
G0 X11.150 Y229.588 Z5.000
G0 X23.850 Y229.588 Z5.000
G0 X23.850 Y229.588 Z3.000
G1 X11.150 Y229.588 Z2.334 F400.000
G1 X23.850 Y229.588 Z1.669 F400.000
G1 X11.150 Y229.588 Z1.003 F400.000
G1 X23.850 Y229.588 Z0.338 F400.000
G1 X11.150 Y229.588 Z-0.328 F400.000
G1 X23.850 Y229.588 Z-0.993 F400.000
G1 X11.150 Y229.588 Z-1.659 F400.000
G1 X23.850 Y229.588 Z-2.325 F400.000
G1 X11.150 Y229.588 Z-2.990 F400.000
G1 X15.153 Y229.588 Z-3.200 F400.000
G1 X23.850 Y229.588 Z-3.200 F400.000
G1 X11.150 Y229.588 Z-3.200 F400.000
G0 X11.150 Y229.588 Z5.000
G0 X23.850 Y229.588 Z5.000
G0 X23.850 Y229.588 Z3.000
G1 X11.150 Y229.588 Z2.334 F400.000
G1 X23.850 Y229.588 Z1.669 F400.000
G1 X11.150 Y229.588 Z1.003 F400.000
G1 X23.850 Y229.588 Z0.338 F400.000
G1 X11.150 Y229.588 Z-0.328 F400.000
G1 X23.850 Y229.588 Z-0.993 F400.000
G1 X11.150 Y229.588 Z-1.659 F400.000
G1 X23.850 Y229.588 Z-2.325 F400.000
G1 X11.150 Y229.588 Z-2.990 F400.000
G1 X18.969 Y229.588 Z-3.400 F400.000
G1 X23.850 Y229.588 Z-3.400 F400.000
G1 X11.150 Y229.588 Z-3.400 F400.000
G0 X11.150 Y229.588 Z5.000
G0 X23.850 Y229.588 Z5.000
G0 X23.850 Y229.588 Z3.000
G1 X11.150 Y229.588 Z2.334 F400.000
G1 X23.850 Y229.588 Z1.669 F400.000
G1 X11.150 Y229.588 Z1.003 F400.000
G1 X23.850 Y229.588 Z0.338 F400.000
G1 X11.150 Y229.588 Z-0.328 F400.000
G1 X23.850 Y229.588 Z-0.993 F400.000
G1 X11.150 Y229.588 Z-1.659 F400.000
G1 X23.850 Y229.588 Z-2.325 F400.000
G1 X11.150 Y229.588 Z-2.990 F400.000
G1 X22.786 Y229.588 Z-3.600 F400.000
G1 X23.850 Y229.588 Z-3.600 F400.000
G1 X11.150 Y229.588 Z-3.600 F400.000
G0 X11.150 Y229.588 Z5.000
G0 X23.850 Y229.588 Z5.000
G0 X23.850 Y229.588 Z3.000
G1 X11.150 Y229.588 Z2.334 F400.000
G1 X23.850 Y229.588 Z1.669 F400.000
G1 X11.150 Y229.588 Z1.003 F400.000
G1 X23.850 Y229.588 Z0.338 F400.000
G1 X11.150 Y229.588 Z-0.328 F400.000
G1 X23.850 Y229.588 Z-0.993 F400.000
G1 X11.150 Y229.588 Z-1.659 F400.000
G1 X23.850 Y229.588 Z-2.325 F400.000
G1 X11.150 Y229.588 Z-2.990 F400.000
G1 X23.850 Y229.588 Z-3.656 F400.000
G1 X21.098 Y229.588 Z-3.800 F400.000
G1 X23.850 Y229.588 Z-3.800 F400.000
G1 X11.150 Y229.588 Z-3.800 F400.000
G0 X11.150 Y229.588 Z5.000
G0 X23.850 Y229.588 Z5.000
G0 X23.850 Y229.588 Z3.000
G1 X11.150 Y229.588 Z2.334 F400.000
G1 X23.850 Y229.588 Z1.669 F400.000
G1 X11.150 Y229.588 Z1.003 F400.000
G1 X23.850 Y229.588 Z0.338 F400.000
G1 X11.150 Y229.588 Z-0.328 F400.000
G1 X23.850 Y229.588 Z-0.993 F400.000
G1 X11.150 Y229.588 Z-1.659 F400.000
G1 X23.850 Y229.588 Z-2.325 F400.000
G1 X11.150 Y229.588 Z-2.990 F400.000
G1 X23.850 Y229.588 Z-3.656 F400.000
G1 X17.282 Y229.588 Z-4.000 F400.000
G1 X23.850 Y229.588 Z-4.000 F400.000
G1 X11.150 Y229.588 Z-4.000 F400.000
G0 X11.150 Y229.588 Z5.000
G0 X23.850 Y229.588 Z5.000
G0 X23.850 Y229.588 Z3.000
G1 X11.150 Y229.588 Z2.334 F400.000
G1 X23.850 Y229.588 Z1.669 F400.000
G1 X11.150 Y229.588 Z1.003 F400.000
G1 X23.850 Y229.588 Z0.338 F400.000
G1 X11.150 Y229.588 Z-0.328 F400.000
G1 X23.850 Y229.588 Z-0.993 F400.000
G1 X11.150 Y229.588 Z-1.659 F400.000
G1 X23.850 Y229.588 Z-2.325 F400.000
G1 X11.150 Y229.588 Z-2.990 F400.000
G1 X23.850 Y229.588 Z-3.656 F400.000
G1 X13.466 Y229.588 Z-4.200 F400.000
G1 X23.850 Y229.588 Z-4.200 F400.000
G1 X11.150 Y229.588 Z-4.200 F400.000
G0 X11.150 Y229.588 Z5.000
G0 X23.850 Y229.588 Z5.000
G0 X23.850 Y229.588 Z3.000
G1 X11.150 Y229.588 Z2.334 F400.000
G1 X23.850 Y229.588 Z1.669 F400.000
G1 X11.150 Y229.588 Z1.003 F400.000
G1 X23.850 Y229.588 Z0.338 F400.000
G1 X11.150 Y229.588 Z-0.328 F400.000
G1 X23.850 Y229.588 Z-0.993 F400.000
G1 X11.150 Y229.588 Z-1.659 F400.000
G1 X23.850 Y229.588 Z-2.325 F400.000
G1 X11.150 Y229.588 Z-2.990 F400.000
G1 X23.850 Y229.588 Z-3.656 F400.000
G1 X11.150 Y229.588 Z-4.321 F400.000
G1 X12.650 Y229.588 Z-4.400 F400.000
G1 X23.850 Y229.588 Z-4.400 F400.000
G1 X11.150 Y229.588 Z-4.400 F400.000
G0 X11.150 Y229.588 Z5.000
G0 X23.850 Y229.588 Z5.000
G0 X23.850 Y229.588 Z3.000
G1 X11.150 Y229.588 Z2.334 F400.000
G1 X23.850 Y229.588 Z1.669 F400.000
G1 X11.150 Y229.588 Z1.003 F400.000
G1 X23.850 Y229.588 Z0.338 F400.000
G1 X11.150 Y229.588 Z-0.328 F400.000
G1 X23.850 Y229.588 Z-0.993 F400.000
G1 X11.150 Y229.588 Z-1.659 F400.000
G1 X23.850 Y229.588 Z-2.325 F400.000
G1 X11.150 Y229.588 Z-2.990 F400.000
G1 X23.850 Y229.588 Z-3.656 F400.000
G1 X11.150 Y229.588 Z-4.321 F400.000
G1 X16.467 Y229.588 Z-4.600 F400.000
G1 X23.850 Y229.588 Z-4.600 F400.000
G1 X11.150 Y229.588 Z-4.600 F400.000
G0 X11.150 Y229.588 Z5.000
G0 X23.850 Y229.588 Z5.000
G0 X23.850 Y229.588 Z3.000
G1 X11.150 Y229.588 Z2.334 F400.000
G1 X23.850 Y229.588 Z1.669 F400.000
G1 X11.150 Y229.588 Z1.003 F400.000
G1 X23.850 Y229.588 Z0.338 F400.000
G1 X11.150 Y229.588 Z-0.328 F400.000
G1 X23.850 Y229.588 Z-0.993 F400.000
G1 X11.150 Y229.588 Z-1.659 F400.000
G1 X23.850 Y229.588 Z-2.325 F400.000
G1 X11.150 Y229.588 Z-2.990 F400.000
G1 X23.850 Y229.588 Z-3.656 F400.000
G1 X11.150 Y229.588 Z-4.321 F400.000
G1 X20.283 Y229.588 Z-4.800 F400.000
G1 X23.850 Y229.588 Z-4.800 F400.000
G1 X11.150 Y229.588 Z-4.800 F400.000
G0 X11.150 Y229.588 Z5.000
G0 X23.850 Y229.588 Z5.000
G0 X23.850 Y229.588 Z3.000
G1 X11.150 Y229.588 Z2.334 F400.000
G1 X23.850 Y229.588 Z1.669 F400.000
G1 X11.150 Y229.588 Z1.003 F400.000
G1 X23.850 Y229.588 Z0.338 F400.000
G1 X11.150 Y229.588 Z-0.328 F400.000
G1 X23.850 Y229.588 Z-0.993 F400.000
G1 X11.150 Y229.588 Z-1.659 F400.000
G1 X23.850 Y229.588 Z-2.325 F400.000
G1 X11.150 Y229.588 Z-2.990 F400.000
G1 X23.850 Y229.588 Z-3.656 F400.000
G1 X11.150 Y229.588 Z-4.321 F400.000
G1 X23.850 Y229.588 Z-4.987 F400.000
G1 X23.601 Y229.588 Z-5.000 F400.000
G1 X23.850 Y229.588 Z-5.000 F400.000
G1 X11.150 Y229.588 Z-5.000 F400.000
G0 X11.150 Y229.588 Z5.000
G0 X23.850 Y229.588 Z5.000
G0 X23.850 Y229.588 Z3.000
G1 X11.150 Y229.588 Z2.334 F400.000
G1 X23.850 Y229.588 Z1.669 F400.000
G1 X11.150 Y229.588 Z1.003 F400.000
G1 X23.850 Y229.588 Z0.338 F400.000
G1 X11.150 Y229.588 Z-0.328 F400.000
G1 X23.850 Y229.588 Z-0.993 F400.000
G1 X11.150 Y229.588 Z-1.659 F400.000
G1 X23.850 Y229.588 Z-2.325 F400.000
G1 X11.150 Y229.588 Z-2.990 F400.000
G1 X23.850 Y229.588 Z-3.656 F400.000
G1 X11.150 Y229.588 Z-4.321 F400.000
G1 X23.850 Y229.588 Z-4.987 F400.000
G1 X19.785 Y229.588 Z-5.200 F400.000
G1 X23.850 Y229.588 Z-5.200 F400.000
G1 X11.150 Y229.588 Z-5.200 F400.000
G0 X11.150 Y229.588 Z5.000
(Finish operation: RampEntryDressup)
(Begin operation: RampEntryDressup001)
(Path: RampEntryDressup001)
G0 X0.000 Y0.000 Z5.000
G0 X23.850 Y1.413 Z5.000
G0 X23.850 Y1.413 Z3.000
G1 X11.150 Y1.413 Z2.334 F400.000
G1 X23.850 Y1.413 Z1.669 F400.000
G1 X11.150 Y1.413 Z1.003 F400.000
G1 X23.850 Y1.413 Z0.338 F400.000
G1 X17.407 Y1.413 Z0.000 F400.000
G1 X23.850 Y1.413 Z0.000 F400.000
G1 X11.150 Y1.413 Z0.000 F400.000
G0 X11.150 Y1.413 Z5.000
G0 X23.850 Y1.413 Z5.000
G0 X23.850 Y1.413 Z3.000
G1 X11.150 Y1.413 Z2.334 F400.000
G1 X23.850 Y1.413 Z1.669 F400.000
G1 X11.150 Y1.413 Z1.003 F400.000
G1 X23.850 Y1.413 Z0.338 F400.000
G1 X13.590 Y1.413 Z-0.200 F400.000
G1 X23.850 Y1.413 Z-0.200 F400.000
G1 X11.150 Y1.413 Z-0.200 F400.000
G0 X11.150 Y1.413 Z5.000
G0 X23.850 Y1.413 Z5.000
G0 X23.850 Y1.413 Z3.000
G1 X11.150 Y1.413 Z2.334 F400.000
G1 X23.850 Y1.413 Z1.669 F400.000
G1 X11.150 Y1.413 Z1.003 F400.000
G1 X23.850 Y1.413 Z0.338 F400.000
G1 X11.150 Y1.413 Z-0.328 F400.000
G1 X12.526 Y1.413 Z-0.400 F400.000
G1 X23.850 Y1.413 Z-0.400 F400.000
G1 X11.150 Y1.413 Z-0.400 F400.000
G0 X11.150 Y1.413 Z5.000
G0 X23.850 Y1.413 Z5.000
G0 X23.850 Y1.413 Z3.000
G1 X11.150 Y1.413 Z2.334 F400.000
G1 X23.850 Y1.413 Z1.669 F400.000
G1 X11.150 Y1.413 Z1.003 F400.000
G1 X23.850 Y1.413 Z0.338 F400.000
G1 X11.150 Y1.413 Z-0.328 F400.000
G1 X16.342 Y1.413 Z-0.600 F400.000
G1 X23.850 Y1.413 Z-0.600 F400.000
G1 X11.150 Y1.413 Z-0.600 F400.000
G0 X11.150 Y1.413 Z5.000
G0 X23.850 Y1.413 Z5.000
G0 X23.850 Y1.413 Z3.000
G1 X11.150 Y1.413 Z2.334 F400.000
G1 X23.850 Y1.413 Z1.669 F400.000
G1 X11.150 Y1.413 Z1.003 F400.000
G1 X23.850 Y1.413 Z0.338 F400.000
G1 X11.150 Y1.413 Z-0.328 F400.000
G1 X20.158 Y1.413 Z-0.800 F400.000
G1 X23.850 Y1.413 Z-0.800 F400.000
G1 X11.150 Y1.413 Z-0.800 F400.000
G0 X11.150 Y1.413 Z5.000
G0 X23.850 Y1.413 Z5.000
G0 X23.850 Y1.413 Z3.000
G1 X11.150 Y1.413 Z2.334 F400.000
G1 X23.850 Y1.413 Z1.669 F400.000
G1 X11.150 Y1.413 Z1.003 F400.000
G1 X23.850 Y1.413 Z0.338 F400.000
G1 X11.150 Y1.413 Z-0.328 F400.000
G1 X23.850 Y1.413 Z-0.993 F400.000
G1 X23.725 Y1.413 Z-1.000 F400.000
G1 X23.850 Y1.413 Z-1.000 F400.000
G1 X11.150 Y1.413 Z-1.000 F400.000
G0 X11.150 Y1.413 Z5.000
G0 X23.850 Y1.413 Z5.000
G0 X23.850 Y1.413 Z3.000
G1 X11.150 Y1.413 Z2.334 F400.000
G1 X23.850 Y1.413 Z1.669 F400.000
G1 X11.150 Y1.413 Z1.003 F400.000
G1 X23.850 Y1.413 Z0.338 F400.000
G1 X11.150 Y1.413 Z-0.328 F400.000
G1 X23.850 Y1.413 Z-0.993 F400.000
G1 X19.909 Y1.413 Z-1.200 F400.000
G1 X23.850 Y1.413 Z-1.200 F400.000
G1 X11.150 Y1.413 Z-1.200 F400.000
G0 X11.150 Y1.413 Z5.000
G0 X23.850 Y1.413 Z5.000
G0 X23.850 Y1.413 Z3.000
G1 X11.150 Y1.413 Z2.334 F400.000
G1 X23.850 Y1.413 Z1.669 F400.000
G1 X11.150 Y1.413 Z1.003 F400.000
G1 X23.850 Y1.413 Z0.338 F400.000
G1 X11.150 Y1.413 Z-0.328 F400.000
G1 X23.850 Y1.413 Z-0.993 F400.000
G1 X16.093 Y1.413 Z-1.400 F400.000
G1 X23.850 Y1.413 Z-1.400 F400.000
G1 X11.150 Y1.413 Z-1.400 F400.000
G0 X11.150 Y1.413 Z5.000
G0 X23.850 Y1.413 Z5.000
G0 X23.850 Y1.413 Z3.000
G1 X11.150 Y1.413 Z2.334 F400.000
G1 X23.850 Y1.413 Z1.669 F400.000
G1 X11.150 Y1.413 Z1.003 F400.000
G1 X23.850 Y1.413 Z0.338 F400.000
G1 X11.150 Y1.413 Z-0.328 F400.000
G1 X23.850 Y1.413 Z-0.993 F400.000
G1 X12.277 Y1.413 Z-1.600 F400.000
G1 X23.850 Y1.413 Z-1.600 F400.000
G1 X11.150 Y1.413 Z-1.600 F400.000
G0 X11.150 Y1.413 Z5.000
G0 X23.850 Y1.413 Z5.000
G0 X23.850 Y1.413 Z3.000
G1 X11.150 Y1.413 Z2.334 F400.000
G1 X23.850 Y1.413 Z1.669 F400.000
G1 X11.150 Y1.413 Z1.003 F400.000
G1 X23.850 Y1.413 Z0.338 F400.000
G1 X11.150 Y1.413 Z-0.328 F400.000
G1 X23.850 Y1.413 Z-0.993 F400.000
G1 X11.150 Y1.413 Z-1.659 F400.000
G1 X13.839 Y1.413 Z-1.800 F400.000
G1 X23.850 Y1.413 Z-1.800 F400.000
G1 X11.150 Y1.413 Z-1.800 F400.000
G0 X11.150 Y1.413 Z5.000
G0 X23.850 Y1.413 Z5.000
G0 X23.850 Y1.413 Z3.000
G1 X11.150 Y1.413 Z2.334 F400.000
G1 X23.850 Y1.413 Z1.669 F400.000
G1 X11.150 Y1.413 Z1.003 F400.000
G1 X23.850 Y1.413 Z0.338 F400.000
G1 X11.150 Y1.413 Z-0.328 F400.000
G1 X23.850 Y1.413 Z-0.993 F400.000
G1 X11.150 Y1.413 Z-1.659 F400.000
G1 X17.656 Y1.413 Z-2.000 F400.000
G1 X23.850 Y1.413 Z-2.000 F400.000
G1 X11.150 Y1.413 Z-2.000 F400.000
G0 X11.150 Y1.413 Z5.000
G0 X23.850 Y1.413 Z5.000
G0 X23.850 Y1.413 Z3.000
G1 X11.150 Y1.413 Z2.334 F400.000
G1 X23.850 Y1.413 Z1.669 F400.000
G1 X11.150 Y1.413 Z1.003 F400.000
G1 X23.850 Y1.413 Z0.338 F400.000
G1 X11.150 Y1.413 Z-0.328 F400.000
G1 X23.850 Y1.413 Z-0.993 F400.000
G1 X11.150 Y1.413 Z-1.659 F400.000
G1 X21.472 Y1.413 Z-2.200 F400.000
G1 X23.850 Y1.413 Z-2.200 F400.000
G1 X11.150 Y1.413 Z-2.200 F400.000
G0 X11.150 Y1.413 Z5.000
G0 X23.850 Y1.413 Z5.000
G0 X23.850 Y1.413 Z3.000
G1 X11.150 Y1.413 Z2.334 F400.000
G1 X23.850 Y1.413 Z1.669 F400.000
G1 X11.150 Y1.413 Z1.003 F400.000
G1 X23.850 Y1.413 Z0.338 F400.000
G1 X11.150 Y1.413 Z-0.328 F400.000
G1 X23.850 Y1.413 Z-0.993 F400.000
G1 X11.150 Y1.413 Z-1.659 F400.000
G1 X23.850 Y1.413 Z-2.325 F400.000
G1 X22.412 Y1.413 Z-2.400 F400.000
G1 X23.850 Y1.413 Z-2.400 F400.000
G1 X11.150 Y1.413 Z-2.400 F400.000
G0 X11.150 Y1.413 Z5.000
G0 X23.850 Y1.413 Z5.000
G0 X23.850 Y1.413 Z3.000
G1 X11.150 Y1.413 Z2.334 F400.000
G1 X23.850 Y1.413 Z1.669 F400.000
G1 X11.150 Y1.413 Z1.003 F400.000
G1 X23.850 Y1.413 Z0.338 F400.000
G1 X11.150 Y1.413 Z-0.328 F400.000
G1 X23.850 Y1.413 Z-0.993 F400.000
G1 X11.150 Y1.413 Z-1.659 F400.000
G1 X23.850 Y1.413 Z-2.325 F400.000
G1 X18.596 Y1.413 Z-2.600 F400.000
G1 X23.850 Y1.413 Z-2.600 F400.000
G1 X11.150 Y1.413 Z-2.600 F400.000
G0 X11.150 Y1.413 Z5.000
G0 X23.850 Y1.413 Z5.000
G0 X23.850 Y1.413 Z3.000
G1 X11.150 Y1.413 Z2.334 F400.000
G1 X23.850 Y1.413 Z1.669 F400.000
G1 X11.150 Y1.413 Z1.003 F400.000
G1 X23.850 Y1.413 Z0.338 F400.000
G1 X11.150 Y1.413 Z-0.328 F400.000
G1 X23.850 Y1.413 Z-0.993 F400.000
G1 X11.150 Y1.413 Z-1.659 F400.000
G1 X23.850 Y1.413 Z-2.325 F400.000
G1 X14.779 Y1.413 Z-2.800 F400.000
G1 X23.850 Y1.413 Z-2.800 F400.000
G1 X11.150 Y1.413 Z-2.800 F400.000
G0 X11.150 Y1.413 Z5.000
G0 X23.850 Y1.413 Z5.000
G0 X23.850 Y1.413 Z3.000
G1 X11.150 Y1.413 Z2.334 F400.000
G1 X23.850 Y1.413 Z1.669 F400.000
G1 X11.150 Y1.413 Z1.003 F400.000
G1 X23.850 Y1.413 Z0.338 F400.000
G1 X11.150 Y1.413 Z-0.328 F400.000
G1 X23.850 Y1.413 Z-0.993 F400.000
G1 X11.150 Y1.413 Z-1.659 F400.000
G1 X23.850 Y1.413 Z-2.325 F400.000
G1 X11.150 Y1.413 Z-2.990 F400.000
G1 X11.337 Y1.413 Z-3.000 F400.000
G1 X23.850 Y1.413 Z-3.000 F400.000
G1 X11.150 Y1.413 Z-3.000 F400.000
G0 X11.150 Y1.413 Z5.000
G0 X23.850 Y1.413 Z5.000
G0 X23.850 Y1.413 Z3.000
G1 X11.150 Y1.413 Z2.334 F400.000
G1 X23.850 Y1.413 Z1.669 F400.000
G1 X11.150 Y1.413 Z1.003 F400.000
G1 X23.850 Y1.413 Z0.338 F400.000
G1 X11.150 Y1.413 Z-0.328 F400.000
G1 X23.850 Y1.413 Z-0.993 F400.000
G1 X11.150 Y1.413 Z-1.659 F400.000
G1 X23.850 Y1.413 Z-2.325 F400.000
G1 X11.150 Y1.413 Z-2.990 F400.000
G1 X15.153 Y1.413 Z-3.200 F400.000
G1 X23.850 Y1.413 Z-3.200 F400.000
G1 X11.150 Y1.413 Z-3.200 F400.000
G0 X11.150 Y1.413 Z5.000
G0 X23.850 Y1.413 Z5.000
G0 X23.850 Y1.413 Z3.000
G1 X11.150 Y1.413 Z2.334 F400.000
G1 X23.850 Y1.413 Z1.669 F400.000
G1 X11.150 Y1.413 Z1.003 F400.000
G1 X23.850 Y1.413 Z0.338 F400.000
G1 X11.150 Y1.413 Z-0.328 F400.000
G1 X23.850 Y1.413 Z-0.993 F400.000
G1 X11.150 Y1.413 Z-1.659 F400.000
G1 X23.850 Y1.413 Z-2.325 F400.000
G1 X11.150 Y1.413 Z-2.990 F400.000
G1 X18.969 Y1.413 Z-3.400 F400.000
G1 X23.850 Y1.413 Z-3.400 F400.000
G1 X11.150 Y1.413 Z-3.400 F400.000
G0 X11.150 Y1.413 Z5.000
G0 X23.850 Y1.413 Z5.000
G0 X23.850 Y1.413 Z3.000
G1 X11.150 Y1.413 Z2.334 F400.000
G1 X23.850 Y1.413 Z1.669 F400.000
G1 X11.150 Y1.413 Z1.003 F400.000
G1 X23.850 Y1.413 Z0.338 F400.000
G1 X11.150 Y1.413 Z-0.328 F400.000
G1 X23.850 Y1.413 Z-0.993 F400.000
G1 X11.150 Y1.413 Z-1.659 F400.000
G1 X23.850 Y1.413 Z-2.325 F400.000
G1 X11.150 Y1.413 Z-2.990 F400.000
G1 X22.786 Y1.413 Z-3.600 F400.000
G1 X23.850 Y1.413 Z-3.600 F400.000
G1 X11.150 Y1.413 Z-3.600 F400.000
G0 X11.150 Y1.413 Z5.000
G0 X23.850 Y1.413 Z5.000
G0 X23.850 Y1.413 Z3.000
G1 X11.150 Y1.413 Z2.334 F400.000
G1 X23.850 Y1.413 Z1.669 F400.000
G1 X11.150 Y1.413 Z1.003 F400.000
G1 X23.850 Y1.413 Z0.338 F400.000
G1 X11.150 Y1.413 Z-0.328 F400.000
G1 X23.850 Y1.413 Z-0.993 F400.000
G1 X11.150 Y1.413 Z-1.659 F400.000
G1 X23.850 Y1.413 Z-2.325 F400.000
G1 X11.150 Y1.413 Z-2.990 F400.000
G1 X23.850 Y1.413 Z-3.656 F400.000
G1 X21.098 Y1.413 Z-3.800 F400.000
G1 X23.850 Y1.413 Z-3.800 F400.000
G1 X11.150 Y1.413 Z-3.800 F400.000
G0 X11.150 Y1.413 Z5.000
G0 X23.850 Y1.413 Z5.000
G0 X23.850 Y1.413 Z3.000
G1 X11.150 Y1.413 Z2.334 F400.000
G1 X23.850 Y1.413 Z1.669 F400.000
G1 X11.150 Y1.413 Z1.003 F400.000
G1 X23.850 Y1.413 Z0.338 F400.000
G1 X11.150 Y1.413 Z-0.328 F400.000
G1 X23.850 Y1.413 Z-0.993 F400.000
G1 X11.150 Y1.413 Z-1.659 F400.000
G1 X23.850 Y1.413 Z-2.325 F400.000
G1 X11.150 Y1.413 Z-2.990 F400.000
G1 X23.850 Y1.413 Z-3.656 F400.000
G1 X17.282 Y1.413 Z-4.000 F400.000
G1 X23.850 Y1.413 Z-4.000 F400.000
G1 X11.150 Y1.413 Z-4.000 F400.000
G0 X11.150 Y1.413 Z5.000
G0 X23.850 Y1.413 Z5.000
G0 X23.850 Y1.413 Z3.000
G1 X11.150 Y1.413 Z2.334 F400.000
G1 X23.850 Y1.413 Z1.669 F400.000
G1 X11.150 Y1.413 Z1.003 F400.000
G1 X23.850 Y1.413 Z0.338 F400.000
G1 X11.150 Y1.413 Z-0.328 F400.000
G1 X23.850 Y1.413 Z-0.993 F400.000
G1 X11.150 Y1.413 Z-1.659 F400.000
G1 X23.850 Y1.413 Z-2.325 F400.000
G1 X11.150 Y1.413 Z-2.990 F400.000
G1 X23.850 Y1.413 Z-3.656 F400.000
G1 X13.466 Y1.413 Z-4.200 F400.000
G1 X23.850 Y1.413 Z-4.200 F400.000
G1 X11.150 Y1.413 Z-4.200 F400.000
G0 X11.150 Y1.413 Z5.000
G0 X23.850 Y1.413 Z5.000
G0 X23.850 Y1.413 Z3.000
G1 X11.150 Y1.413 Z2.334 F400.000
G1 X23.850 Y1.413 Z1.669 F400.000
G1 X11.150 Y1.413 Z1.003 F400.000
G1 X23.850 Y1.413 Z0.338 F400.000
G1 X11.150 Y1.413 Z-0.328 F400.000
G1 X23.850 Y1.413 Z-0.993 F400.000
G1 X11.150 Y1.413 Z-1.659 F400.000
G1 X23.850 Y1.413 Z-2.325 F400.000
G1 X11.150 Y1.413 Z-2.990 F400.000
G1 X23.850 Y1.413 Z-3.656 F400.000
G1 X11.150 Y1.413 Z-4.321 F400.000
G1 X12.650 Y1.413 Z-4.400 F400.000
G1 X23.850 Y1.413 Z-4.400 F400.000
G1 X11.150 Y1.413 Z-4.400 F400.000
G0 X11.150 Y1.413 Z5.000
G0 X23.850 Y1.413 Z5.000
G0 X23.850 Y1.413 Z3.000
G1 X11.150 Y1.413 Z2.334 F400.000
G1 X23.850 Y1.413 Z1.669 F400.000
G1 X11.150 Y1.413 Z1.003 F400.000
G1 X23.850 Y1.413 Z0.338 F400.000
G1 X11.150 Y1.413 Z-0.328 F400.000
G1 X23.850 Y1.413 Z-0.993 F400.000
G1 X11.150 Y1.413 Z-1.659 F400.000
G1 X23.850 Y1.413 Z-2.325 F400.000
G1 X11.150 Y1.413 Z-2.990 F400.000
G1 X23.850 Y1.413 Z-3.656 F400.000
G1 X11.150 Y1.413 Z-4.321 F400.000
G1 X16.467 Y1.413 Z-4.600 F400.000
G1 X23.850 Y1.413 Z-4.600 F400.000
G1 X11.150 Y1.413 Z-4.600 F400.000
G0 X11.150 Y1.413 Z5.000
G0 X23.850 Y1.413 Z5.000
G0 X23.850 Y1.413 Z3.000
G1 X11.150 Y1.413 Z2.334 F400.000
G1 X23.850 Y1.413 Z1.669 F400.000
G1 X11.150 Y1.413 Z1.003 F400.000
G1 X23.850 Y1.413 Z0.338 F400.000
G1 X11.150 Y1.413 Z-0.328 F400.000
G1 X23.850 Y1.413 Z-0.993 F400.000
G1 X11.150 Y1.413 Z-1.659 F400.000
G1 X23.850 Y1.413 Z-2.325 F400.000
G1 X11.150 Y1.413 Z-2.990 F400.000
G1 X23.850 Y1.413 Z-3.656 F400.000
G1 X11.150 Y1.413 Z-4.321 F400.000
G1 X20.283 Y1.413 Z-4.800 F400.000
G1 X23.850 Y1.413 Z-4.800 F400.000
G1 X11.150 Y1.413 Z-4.800 F400.000
G0 X11.150 Y1.413 Z5.000
G0 X23.850 Y1.413 Z5.000
G0 X23.850 Y1.413 Z3.000
G1 X11.150 Y1.413 Z2.334 F400.000
G1 X23.850 Y1.413 Z1.669 F400.000
G1 X11.150 Y1.413 Z1.003 F400.000
G1 X23.850 Y1.413 Z0.338 F400.000
G1 X11.150 Y1.413 Z-0.328 F400.000
G1 X23.850 Y1.413 Z-0.993 F400.000
G1 X11.150 Y1.413 Z-1.659 F400.000
G1 X23.850 Y1.413 Z-2.325 F400.000
G1 X11.150 Y1.413 Z-2.990 F400.000
G1 X23.850 Y1.413 Z-3.656 F400.000
G1 X11.150 Y1.413 Z-4.321 F400.000
G1 X23.850 Y1.413 Z-4.987 F400.000
G1 X23.601 Y1.413 Z-5.000 F400.000
G1 X23.850 Y1.413 Z-5.000 F400.000
G1 X11.150 Y1.413 Z-5.000 F400.000
G0 X11.150 Y1.413 Z5.000
G0 X23.850 Y1.413 Z5.000
G0 X23.850 Y1.413 Z3.000
G1 X11.150 Y1.413 Z2.334 F400.000
G1 X23.850 Y1.413 Z1.669 F400.000
G1 X11.150 Y1.413 Z1.003 F400.000
G1 X23.850 Y1.413 Z0.338 F400.000
G1 X11.150 Y1.413 Z-0.328 F400.000
G1 X23.850 Y1.413 Z-0.993 F400.000
G1 X11.150 Y1.413 Z-1.659 F400.000
G1 X23.850 Y1.413 Z-2.325 F400.000
G1 X11.150 Y1.413 Z-2.990 F400.000
G1 X23.850 Y1.413 Z-3.656 F400.000
G1 X11.150 Y1.413 Z-4.321 F400.000
G1 X23.850 Y1.413 Z-4.987 F400.000
G1 X19.785 Y1.413 Z-5.200 F400.000
G1 X23.850 Y1.413 Z-5.200 F400.000
G1 X11.150 Y1.413 Z-5.200 F400.000
G0 X11.150 Y1.413 Z5.000
(Finish operation: RampEntryDressup001)
(Begin operation: RampEntryDressup002)
(Path: RampEntryDressup002)
G0 X0.000 Y0.000 Z5.000
G0 X9.563 Y228.000 Z5.000
G0 X9.563 Y228.000 Z3.000
G1 X9.563 Y197.470 Z1.400 F400.000
G1 X9.563 Y228.000 Z-0.200 F400.000
G1 X9.563 Y3.000 Z-0.200 F400.000
G0 X9.563 Y3.000 Z5.000
G0 X9.563 Y228.000 Z5.000
G0 X9.563 Y228.000 Z3.000
G1 X9.563 Y195.562 Z1.300 F400.000
G1 X9.563 Y228.000 Z-0.400 F400.000
G1 X9.563 Y3.000 Z-0.400 F400.000
G0 X9.563 Y3.000 Z5.000
G0 X9.563 Y228.000 Z5.000
G0 X9.563 Y228.000 Z3.000
G1 X9.563 Y193.654 Z1.200 F400.000
G1 X9.563 Y228.000 Z-0.600 F400.000
G1 X9.563 Y3.000 Z-0.600 F400.000
G0 X9.563 Y3.000 Z5.000
G0 X9.563 Y228.000 Z5.000
G0 X9.563 Y228.000 Z3.000
G1 X9.563 Y191.746 Z1.100 F400.000
G1 X9.563 Y228.000 Z-0.800 F400.000
G1 X9.563 Y3.000 Z-0.800 F400.000
G0 X9.563 Y3.000 Z5.000
G0 X9.563 Y228.000 Z5.000
G0 X9.563 Y228.000 Z3.000
G1 X9.563 Y189.838 Z1.000 F400.000
G1 X9.563 Y228.000 Z-1.000 F400.000
G1 X9.563 Y3.000 Z-1.000 F400.000
G0 X9.563 Y3.000 Z5.000
G0 X9.563 Y228.000 Z5.000
G0 X9.563 Y228.000 Z3.000
G1 X9.563 Y187.930 Z0.900 F400.000
G1 X9.563 Y228.000 Z-1.200 F400.000
G1 X9.563 Y3.000 Z-1.200 F400.000
G0 X9.563 Y3.000 Z5.000
G0 X9.563 Y228.000 Z5.000
G0 X9.563 Y228.000 Z3.000
G1 X9.563 Y186.021 Z0.800 F400.000
G1 X9.563 Y228.000 Z-1.400 F400.000
G1 X9.563 Y3.000 Z-1.400 F400.000
G0 X9.563 Y3.000 Z5.000
G0 X9.563 Y228.000 Z5.000
G0 X9.563 Y228.000 Z3.000
G1 X9.563 Y184.113 Z0.700 F400.000
G1 X9.563 Y228.000 Z-1.600 F400.000
G1 X9.563 Y3.000 Z-1.600 F400.000
G0 X9.563 Y3.000 Z5.000
G0 X9.563 Y228.000 Z5.000
G0 X9.563 Y228.000 Z3.000
G1 X9.563 Y182.205 Z0.600 F400.000
G1 X9.563 Y228.000 Z-1.800 F400.000
G1 X9.563 Y3.000 Z-1.800 F400.000
G0 X9.563 Y3.000 Z5.000
G0 X9.563 Y228.000 Z5.000
G0 X9.563 Y228.000 Z3.000
G1 X9.563 Y180.297 Z0.500 F400.000
G1 X9.563 Y228.000 Z-2.000 F400.000
G1 X9.563 Y3.000 Z-2.000 F400.000
G0 X9.563 Y3.000 Z5.000
G0 X9.563 Y228.000 Z5.000
G0 X9.563 Y228.000 Z3.000
G1 X9.563 Y178.389 Z0.400 F400.000
G1 X9.563 Y228.000 Z-2.200 F400.000
G1 X9.563 Y3.000 Z-2.200 F400.000
G0 X9.563 Y3.000 Z5.000
G0 X9.563 Y228.000 Z5.000
G0 X9.563 Y228.000 Z3.000
G1 X9.563 Y176.481 Z0.300 F400.000
G1 X9.563 Y228.000 Z-2.400 F400.000
G1 X9.563 Y3.000 Z-2.400 F400.000
G0 X9.563 Y3.000 Z5.000
G0 X9.563 Y228.000 Z5.000
G0 X9.563 Y228.000 Z3.000
G1 X9.563 Y174.573 Z0.200 F400.000
G1 X9.563 Y228.000 Z-2.600 F400.000
G1 X9.563 Y3.000 Z-2.600 F400.000
G0 X9.563 Y3.000 Z5.000
G0 X9.563 Y228.000 Z5.000
G0 X9.563 Y228.000 Z3.000
G1 X9.563 Y172.665 Z0.100 F400.000
G1 X9.563 Y228.000 Z-2.800 F400.000
G1 X9.563 Y3.000 Z-2.800 F400.000
G0 X9.563 Y3.000 Z5.000
G0 X9.563 Y228.000 Z5.000
G0 X9.563 Y228.000 Z3.000
G1 X9.563 Y170.757 Z0.000 F400.000
G1 X9.563 Y228.000 Z-3.000 F400.000
G1 X9.563 Y3.000 Z-3.000 F400.000
G0 X9.563 Y3.000 Z5.000
G0 X9.563 Y228.000 Z5.000
G0 X9.563 Y228.000 Z3.000
G1 X9.563 Y168.848 Z-0.100 F400.000
G1 X9.563 Y228.000 Z-3.200 F400.000
G1 X9.563 Y3.000 Z-3.200 F400.000
G0 X9.563 Y3.000 Z5.000
G0 X9.563 Y228.000 Z5.000
G0 X9.563 Y228.000 Z3.000
G1 X9.563 Y166.940 Z-0.200 F400.000
G1 X9.563 Y228.000 Z-3.400 F400.000
G1 X9.563 Y3.000 Z-3.400 F400.000
G0 X9.563 Y3.000 Z5.000
G0 X9.563 Y228.000 Z5.000
G0 X9.563 Y228.000 Z3.000
G1 X9.563 Y165.032 Z-0.300 F400.000
G1 X9.563 Y228.000 Z-3.600 F400.000
G1 X9.563 Y3.000 Z-3.600 F400.000
G0 X9.563 Y3.000 Z5.000
G0 X9.563 Y228.000 Z5.000
G0 X9.563 Y228.000 Z3.000
G1 X9.563 Y163.124 Z-0.400 F400.000
G1 X9.563 Y228.000 Z-3.800 F400.000
G1 X9.563 Y3.000 Z-3.800 F400.000
G0 X9.563 Y3.000 Z5.000
G0 X9.563 Y228.000 Z5.000
G0 X9.563 Y228.000 Z3.000
G1 X9.563 Y161.216 Z-0.500 F400.000
G1 X9.563 Y228.000 Z-4.000 F400.000
G1 X9.563 Y3.000 Z-4.000 F400.000
G0 X9.563 Y3.000 Z5.000
G0 X9.563 Y228.000 Z5.000
G0 X9.563 Y228.000 Z3.000
G1 X9.563 Y159.308 Z-0.600 F400.000
G1 X9.563 Y228.000 Z-4.200 F400.000
G1 X9.563 Y3.000 Z-4.200 F400.000
G0 X9.563 Y3.000 Z5.000
G0 X9.563 Y228.000 Z5.000
G0 X9.563 Y228.000 Z3.000
G1 X9.563 Y157.400 Z-0.700 F400.000
G1 X9.563 Y228.000 Z-4.400 F400.000
G1 X9.563 Y3.000 Z-4.400 F400.000
G0 X9.563 Y3.000 Z5.000
G0 X9.563 Y228.000 Z5.000
G0 X9.563 Y228.000 Z3.000
G1 X9.563 Y155.492 Z-0.800 F400.000
G1 X9.563 Y228.000 Z-4.600 F400.000
G1 X9.563 Y3.000 Z-4.600 F400.000
G0 X9.563 Y3.000 Z5.000
G0 X9.563 Y228.000 Z5.000
G0 X9.563 Y228.000 Z3.000
G1 X9.563 Y153.584 Z-0.900 F400.000
G1 X9.563 Y228.000 Z-4.800 F400.000
G1 X9.563 Y3.000 Z-4.800 F400.000
G0 X9.563 Y3.000 Z5.000
G0 X9.563 Y228.000 Z5.000
G0 X9.563 Y228.000 Z3.000
G1 X9.563 Y151.675 Z-1.000 F400.000
G1 X9.563 Y228.000 Z-5.000 F400.000
G1 X9.563 Y3.000 Z-5.000 F400.000
G0 X9.563 Y3.000 Z5.000
G0 X9.563 Y228.000 Z5.000
G0 X9.563 Y228.000 Z3.000
G1 X9.563 Y149.767 Z-1.100 F400.000
G1 X9.563 Y228.000 Z-5.200 F400.000
G1 X9.563 Y3.000 Z-5.200 F400.000
G0 X9.563 Y3.000 Z5.000
(Finish operation: RampEntryDressup002)
(Begin postamble)
M5
G17 G90
M2
