(Exported by FreeCAD)
(Post Processor: grbl_post)
(Output Time:2026-07-30 00:14:18.163965)
(Begin preamble)
G17 G90
G21
(Begin operation: Fixture)
(Path: Fixture)
G54
(Finish operation: Fixture)
(Begin operation: ALUMINUM | SpeTool Au3e 1/8 3FL | 5500rpm F101)
(Path: ALUMINUM | SpeTool Au3e 1/8 3FL | 5500rpm F101)
(ALUMINUM | SpeTool Au3e 1/8 3FL | 5500rpm F101)
(Begin toolchange)
( M6 T3 )
M3 S8000
(Finish operation: ALUMINUM | SpeTool Au3e 1/8 3FL | 5500rpm F101)
(Begin operation: Small Hole)
(Path: Small Hole)
(Small Hole)
(Begin Drilling)
G0 Z5.000
G90
( G98 )
G0 X-12.500 Y-8.590
(G83 X-12.500 Y-8.590 Z-5.400 F250.000 Q0.200 R3.000)
G0 X-12.500 Y-8.590
G0 Z3.000 F250.00
G1 Z2.800 F250.00
G0 Z3.000
G0 Z2.810
G1 Z2.600 F250.00
G0 Z3.000
G0 Z2.610
G1 Z2.400 F250.00
G0 Z3.000
G0 Z2.410
G1 Z2.200 F250.00
G0 Z3.000
G0 Z2.210
G1 Z2.000 F250.00
G0 Z3.000
G0 Z2.010
G1 Z1.800 F250.00
G0 Z3.000
G0 Z1.810
G1 Z1.600 F250.00
G0 Z3.000
G0 Z1.610
G1 Z1.400 F250.00
G0 Z3.000
G0 Z1.410
G1 Z1.200 F250.00
G0 Z3.000
G0 Z1.210
G1 Z1.000 F250.00
G0 Z3.000
G0 Z1.010
G1 Z0.800 F250.00
G0 Z3.000
G0 Z0.810
G1 Z0.600 F250.00
G0 Z3.000
G0 Z0.610
G1 Z0.400 F250.00
G0 Z3.000
G0 Z0.410
G1 Z0.200 F250.00
G0 Z3.000
G0 Z0.210
G1 Z0.000 F250.00
G0 Z3.000
G0 Z0.010
G1 Z-0.200 F250.00
G0 Z3.000
G0 Z-0.190
G1 Z-0.400 F250.00
G0 Z3.000
G0 Z-0.390
G1 Z-0.600 F250.00
G0 Z3.000
G0 Z-0.590
G1 Z-0.800 F250.00
G0 Z3.000
G0 Z-0.790
G1 Z-1.000 F250.00
G0 Z3.000
G0 Z-0.990
G1 Z-1.200 F250.00
G0 Z3.000
G0 Z-1.190
G1 Z-1.400 F250.00
G0 Z3.000
G0 Z-1.390
G1 Z-1.600 F250.00
G0 Z3.000
G0 Z-1.590
G1 Z-1.800 F250.00
G0 Z3.000
G0 Z-1.790
G1 Z-2.000 F250.00
G0 Z3.000
G0 Z-1.990
G1 Z-2.200 F250.00
G0 Z3.000
G0 Z-2.190
G1 Z-2.400 F250.00
G0 Z3.000
G0 Z-2.390
G1 Z-2.600 F250.00
G0 Z3.000
G0 Z-2.590
G1 Z-2.800 F250.00
G0 Z3.000
G0 Z-2.790
G1 Z-3.000 F250.00
G0 Z3.000
G0 Z-2.990
G1 Z-3.200 F250.00
G0 Z3.000
G0 Z-3.190
G1 Z-3.400 F250.00
G0 Z3.000
G0 Z-3.390
G1 Z-3.600 F250.00
G0 Z3.000
G0 Z-3.590
G1 Z-3.800 F250.00
G0 Z3.000
G0 Z-3.790
G1 Z-4.000 F250.00
G0 Z3.000
G0 Z-3.990
G1 Z-4.200 F250.00
G0 Z3.000
G0 Z-4.190
G1 Z-4.400 F250.00
G0 Z3.000
G0 Z-4.390
G1 Z-4.600 F250.00
G0 Z3.000
G0 Z-4.590
G1 Z-4.800 F250.00
G0 Z3.000
G0 Z-4.790
G1 Z-5.000 F250.00
G0 Z3.000
G0 Z-4.990
G1 Z-5.200 F250.00
G0 Z3.000
G0 Z-5.190
G1 Z-5.400 F250.00
G0 Z3.000
G0 Z-5.390
G1 Z-5.400 F250.00
G0 Z5.000
( G80 )
G0 Z5.000
(Finish operation: Small Hole)
(Begin operation: Big Hole)
(Path: Big Hole)
(Helix)
(helix cut operation)
G0 Z5.000
G0 Z5.000
G0 X-12.500 Y-8.590 Z5.000
G0 X-12.500 Y-8.590 Z0.000
G0 X-12.498 Y-8.590
G1 Z0.000 F250.000
G2 X-12.503 Y-8.590 Z-0.096 I-0.003 J0.000 F400.000
G2 X-12.498 Y-8.590 Z-0.193 I0.003 J0.000 F400.000
G2 X-12.503 Y-8.590 Z-0.289 I-0.003 J0.000 F400.000
G2 X-12.498 Y-8.590 Z-0.386 I0.003 J0.000 F400.000
G2 X-12.503 Y-8.590 Z-0.482 I-0.003 J0.000 F400.000
G2 X-12.498 Y-8.590 Z-0.579 I0.003 J0.000 F400.000
G2 X-12.503 Y-8.590 Z-0.675 I-0.003 J0.000 F400.000
G2 X-12.498 Y-8.590 Z-0.771 I0.003 J0.000 F400.000
G2 X-12.503 Y-8.590 Z-0.868 I-0.003 J0.000 F400.000
G2 X-12.498 Y-8.590 Z-0.964 I0.003 J0.000 F400.000
G2 X-12.503 Y-8.590 Z-1.061 I-0.003 J0.000 F400.000
G2 X-12.498 Y-8.590 Z-1.157 I0.003 J0.000 F400.000
G2 X-12.503 Y-8.590 Z-1.254 I-0.003 J0.000 F400.000
G2 X-12.498 Y-8.590 Z-1.350 I0.003 J0.000 F400.000
G2 X-12.503 Y-8.590 Z-1.446 I-0.003 J0.000 F400.000
G2 X-12.498 Y-8.590 Z-1.543 I0.003 J0.000 F400.000
G2 X-12.503 Y-8.590 Z-1.639 I-0.003 J0.000 F400.000
G2 X-12.498 Y-8.590 Z-1.736 I0.003 J0.000 F400.000
G2 X-12.503 Y-8.590 Z-1.832 I-0.003 J0.000 F400.000
G2 X-12.498 Y-8.590 Z-1.929 I0.003 J0.000 F400.000
G2 X-12.503 Y-8.590 Z-2.025 I-0.003 J0.000 F400.000
G2 X-12.498 Y-8.590 Z-2.121 I0.003 J0.000 F400.000
G2 X-12.503 Y-8.590 Z-2.218 I-0.003 J0.000 F400.000
G2 X-12.498 Y-8.590 Z-2.314 I0.003 J0.000 F400.000
G2 X-12.503 Y-8.590 Z-2.411 I-0.003 J0.000 F400.000
G2 X-12.498 Y-8.590 Z-2.507 I0.003 J0.000 F400.000
G2 X-12.503 Y-8.590 Z-2.604 I-0.003 J0.000 F400.000
G2 X-12.498 Y-8.590 Z-2.700 I0.003 J0.000 F400.000
G2 X-12.503 Y-8.590 Z-2.796 I-0.003 J0.000 F400.000
G2 X-12.498 Y-8.590 Z-2.893 I0.003 J0.000 F400.000
G2 X-12.503 Y-8.590 Z-2.989 I-0.003 J0.000 F400.000
G2 X-12.498 Y-8.590 Z-3.086 I0.003 J0.000 F400.000
G2 X-12.503 Y-8.590 Z-3.182 I-0.003 J0.000 F400.000
G2 X-12.498 Y-8.590 Z-3.279 I0.003 J0.000 F400.000
G2 X-12.503 Y-8.590 Z-3.375 I-0.003 J0.000 F400.000
G2 X-12.498 Y-8.590 Z-3.471 I0.003 J0.000 F400.000
G2 X-12.503 Y-8.590 Z-3.568 I-0.003 J0.000 F400.000
G2 X-12.498 Y-8.590 Z-3.664 I0.003 J0.000 F400.000
G2 X-12.503 Y-8.590 Z-3.761 I-0.003 J0.000 F400.000
G2 X-12.498 Y-8.590 Z-3.857 I0.003 J0.000 F400.000
G2 X-12.503 Y-8.590 Z-3.954 I-0.003 J0.000 F400.000
G2 X-12.498 Y-8.590 Z-4.050 I0.003 J0.000 F400.000
G2 X-12.503 Y-8.590 Z-4.146 I-0.003 J0.000 F400.000
G2 X-12.498 Y-8.590 Z-4.243 I0.003 J0.000 F400.000
G2 X-12.503 Y-8.590 Z-4.339 I-0.003 J0.000 F400.000
G2 X-12.498 Y-8.590 Z-4.436 I0.003 J0.000 F400.000
G2 X-12.503 Y-8.590 Z-4.532 I-0.003 J0.000 F400.000
G2 X-12.498 Y-8.590 Z-4.629 I0.003 J0.000 F400.000
G2 X-12.503 Y-8.590 Z-4.725 I-0.003 J0.000 F400.000
G2 X-12.498 Y-8.590 Z-4.821 I0.003 J0.000 F400.000
G2 X-12.503 Y-8.590 Z-4.918 I-0.003 J0.000 F400.000
G2 X-12.498 Y-8.590 Z-5.014 I0.003 J0.000 F400.000
G2 X-12.503 Y-8.590 Z-5.111 I-0.003 J0.000 F400.000
G2 X-12.498 Y-8.590 Z-5.207 I0.003 J0.000 F400.000
G2 X-12.503 Y-8.590 Z-5.304 I-0.003 J0.000 F400.000
G2 X-12.498 Y-8.590 Z-5.400 I0.003 J0.000 F400.000
G2 X-12.503 Y-8.590 Z-5.400 I-0.003 J0.000 F400.000
G2 X-12.498 Y-8.590 Z-5.400 I0.003 J0.000 F400.000
G0 X-12.500 Y-8.590 Z-5.400
G0 Z0.000
G0 Z5.000
G0 X-12.500 Y-220.500 Z5.000
G0 X-12.500 Y-220.500 Z0.000
G0 X-11.787 Y-220.500
G1 Z0.000 F250.000
G2 X-13.212 Y-220.500 Z-0.096 I-0.713 J0.000 F400.000
G2 X-11.787 Y-220.500 Z-0.193 I0.713 J0.000 F400.000
G2 X-13.212 Y-220.500 Z-0.289 I-0.713 J0.000 F400.000
G2 X-11.787 Y-220.500 Z-0.386 I0.713 J0.000 F400.000
G2 X-13.212 Y-220.500 Z-0.482 I-0.713 J0.000 F400.000
G2 X-11.787 Y-220.500 Z-0.579 I0.713 J0.000 F400.000
G2 X-13.212 Y-220.500 Z-0.675 I-0.713 J0.000 F400.000
G2 X-11.787 Y-220.500 Z-0.771 I0.713 J0.000 F400.000
G2 X-13.212 Y-220.500 Z-0.868 I-0.713 J0.000 F400.000
G2 X-11.787 Y-220.500 Z-0.964 I0.713 J0.000 F400.000
G2 X-13.212 Y-220.500 Z-1.061 I-0.713 J0.000 F400.000
G2 X-11.787 Y-220.500 Z-1.157 I0.713 J0.000 F400.000
G2 X-13.212 Y-220.500 Z-1.254 I-0.713 J0.000 F400.000
G2 X-11.787 Y-220.500 Z-1.350 I0.713 J0.000 F400.000
G2 X-13.212 Y-220.500 Z-1.446 I-0.713 J0.000 F400.000
G2 X-11.787 Y-220.500 Z-1.543 I0.713 J0.000 F400.000
G2 X-13.212 Y-220.500 Z-1.639 I-0.713 J0.000 F400.000
G2 X-11.787 Y-220.500 Z-1.736 I0.713 J0.000 F400.000
G2 X-13.212 Y-220.500 Z-1.832 I-0.713 J0.000 F400.000
G2 X-11.787 Y-220.500 Z-1.929 I0.713 J0.000 F400.000
G2 X-13.212 Y-220.500 Z-2.025 I-0.713 J0.000 F400.000
G2 X-11.787 Y-220.500 Z-2.121 I0.713 J0.000 F400.000
G2 X-13.212 Y-220.500 Z-2.218 I-0.713 J0.000 F400.000
G2 X-11.787 Y-220.500 Z-2.314 I0.713 J0.000 F400.000
G2 X-13.212 Y-220.500 Z-2.411 I-0.713 J0.000 F400.000
G2 X-11.787 Y-220.500 Z-2.507 I0.713 J0.000 F400.000
G2 X-13.212 Y-220.500 Z-2.604 I-0.713 J0.000 F400.000
G2 X-11.787 Y-220.500 Z-2.700 I0.713 J0.000 F400.000
G2 X-13.212 Y-220.500 Z-2.796 I-0.713 J0.000 F400.000
G2 X-11.787 Y-220.500 Z-2.893 I0.713 J0.000 F400.000
G2 X-13.212 Y-220.500 Z-2.989 I-0.713 J0.000 F400.000
G2 X-11.787 Y-220.500 Z-3.086 I0.713 J0.000 F400.000
G2 X-13.212 Y-220.500 Z-3.182 I-0.713 J0.000 F400.000
G2 X-11.787 Y-220.500 Z-3.279 I0.713 J0.000 F400.000
G2 X-13.212 Y-220.500 Z-3.375 I-0.713 J0.000 F400.000
G2 X-11.787 Y-220.500 Z-3.471 I0.713 J0.000 F400.000
G2 X-13.212 Y-220.500 Z-3.568 I-0.713 J0.000 F400.000
G2 X-11.787 Y-220.500 Z-3.664 I0.713 J0.000 F400.000
G2 X-13.212 Y-220.500 Z-3.761 I-0.713 J0.000 F400.000
G2 X-11.787 Y-220.500 Z-3.857 I0.713 J0.000 F400.000
G2 X-13.212 Y-220.500 Z-3.954 I-0.713 J0.000 F400.000
G2 X-11.787 Y-220.500 Z-4.050 I0.713 J0.000 F400.000
G2 X-13.212 Y-220.500 Z-4.146 I-0.713 J0.000 F400.000
G2 X-11.787 Y-220.500 Z-4.243 I0.713 J0.000 F400.000
G2 X-13.212 Y-220.500 Z-4.339 I-0.713 J0.000 F400.000
G2 X-11.787 Y-220.500 Z-4.436 I0.713 J0.000 F400.000
G2 X-13.212 Y-220.500 Z-4.532 I-0.713 J0.000 F400.000
G2 X-11.787 Y-220.500 Z-4.629 I0.713 J0.000 F400.000
G2 X-13.212 Y-220.500 Z-4.725 I-0.713 J0.000 F400.000
G2 X-11.787 Y-220.500 Z-4.821 I0.713 J0.000 F400.000
G2 X-13.212 Y-220.500 Z-4.918 I-0.713 J0.000 F400.000
G2 X-11.787 Y-220.500 Z-5.014 I0.713 J0.000 F400.000
G2 X-13.212 Y-220.500 Z-5.111 I-0.713 J0.000 F400.000
G2 X-11.787 Y-220.500 Z-5.207 I0.713 J0.000 F400.000
G2 X-13.212 Y-220.500 Z-5.304 I-0.713 J0.000 F400.000
G2 X-11.787 Y-220.500 Z-5.400 I0.713 J0.000 F400.000
G2 X-13.212 Y-220.500 Z-5.400 I-0.713 J0.000 F400.000
G2 X-11.787 Y-220.500 Z-5.400 I0.713 J0.000 F400.000
G0 X-12.500 Y-220.500 Z-5.400
G0 Z0.000
G0 Z5.000
(Finish operation: Big Hole)
(Begin operation: Countersink)
(Path: Countersink)
(Countersink)
G0 Z5.000
G0
G0 X-12.677 Y-219.840
G0 X-12.677 Y-219.840 Z3.000
G1 X-12.677 Y-219.840 Z-0.200 F250.000
G3 X-12.323 Y-221.160 Z-0.200 I0.177 J-0.660 K0.000 F400.000
G3 X-12.677 Y-219.840 Z-0.200 I-0.177 J0.660 K0.000 F400.000
G0 Z5.000
G0 X-12.883 Y-219.072 Z5.000
G0 X-12.883 Y-219.072 Z3.000
G1 X-12.883 Y-219.072 Z-0.200 F250.000
G3 X-12.117 Y-221.928 Z-0.200 I0.383 J-1.428 K0.000 F400.000
G3 X-12.883 Y-219.072 Z-0.200 I-0.383 J1.428 K0.000 F400.000
G0 Z5.000
G0 X-13.089 Y-218.303 Z5.000
G0 X-13.089 Y-218.303 Z3.000
G1 X-13.089 Y-218.303 Z-0.200 F250.000
G3 X-11.911 Y-222.697 Z-0.200 I0.589 J-2.197 K0.000 F400.000
G3 X-13.089 Y-218.303 Z-0.200 I-0.589 J2.197 K0.000 F400.000
G0 Z5.000
G0 X-13.294 Y-217.535 Z5.000
G0 X-13.294 Y-217.535 Z3.000
G1 X-13.294 Y-217.535 Z-0.200 F250.000
G3 X-15.465 Y-221.294 Z-0.200 I0.794 J-2.965 K0.000 F400.000
G3 X-11.706 Y-223.465 Z-0.200 I2.965 J0.794 K0.000 F400.000
G3 X-13.294 Y-217.535 Z-0.200 I-0.794 J2.965 K0.000 F400.000
G0 Z5.000
G0 X-12.625 Y-220.033 Z5.000
G0 X-12.625 Y-220.033 Z3.000
G1 X-12.625 Y-220.033 Z-0.400 F250.000
G3 X-12.375 Y-220.967 Z-0.400 I0.125 J-0.467 K0.000 F400.000
G3 X-12.625 Y-220.033 Z-0.400 I-0.125 J0.467 K0.000 F400.000
G0 Z5.000
G0 X-12.831 Y-219.265 Z5.000
G0 X-12.831 Y-219.265 Z3.000
G1 X-12.831 Y-219.265 Z-0.400 F250.000
G3 X-12.169 Y-221.735 Z-0.400 I0.331 J-1.235 K0.000 F400.000
G3 X-12.831 Y-219.265 Z-0.400 I-0.331 J1.235 K0.000 F400.000
G0 Z5.000
G0 X-13.037 Y-218.496 Z5.000
G0 X-13.037 Y-218.496 Z3.000
G1 X-13.037 Y-218.496 Z-0.400 F250.000
G3 X-11.963 Y-222.504 Z-0.400 I0.537 J-2.004 K0.000 F400.000
G3 X-13.037 Y-218.496 Z-0.400 I-0.537 J2.004 K0.000 F400.000
G0 Z5.000
G0 X-13.243 Y-217.728 Z5.000
G0 X-13.243 Y-217.728 Z3.000
G1 X-13.243 Y-217.728 Z-0.400 F250.000
G3 X-11.757 Y-223.272 Z-0.400 I0.743 J-2.772 K0.000 F400.000
G3 X-13.243 Y-217.728 Z-0.400 I-0.743 J2.772 K0.000 F400.000
G0 Z5.000
G0 X-12.576 Y-220.228 Z5.000
G0 X-12.576 Y-220.228 Z3.000
G1 X-12.576 Y-220.228 Z-0.600 F250.000
G3 X-12.772 Y-220.576 Z-0.600 I0.076 J-0.272 K0.000 F400.000
G3 X-12.424 Y-220.772 Z-0.600 I0.272 J0.076 K0.000 F400.000
G3 X-12.228 Y-220.424 Z-0.600 I-0.076 J0.272 K0.000 F400.000
G3 X-12.576 Y-220.228 Z-0.600 I-0.272 J-0.076 K0.000 F400.000
G0 Z5.000
G0 X-12.791 Y-219.462 Z5.000
G0 X-12.791 Y-219.462 Z3.000
G1 X-12.791 Y-219.462 Z-0.600 F250.000
G3 X-13.538 Y-220.791 Z-0.600 I0.291 J-1.038 K0.000 F400.000
G3 X-12.209 Y-221.538 Z-0.600 I1.038 J0.291 K0.000 F400.000
G3 X-11.462 Y-220.209 Z-0.600 I-0.291 J1.038 K0.000 F400.000
G3 X-12.791 Y-219.462 Z-0.600 I-1.038 J-0.291 K0.000 F400.000
G0 Z5.000
G0 X-13.006 Y-218.696 Z5.000
G0 X-13.006 Y-218.696 Z3.000
G1 X-13.006 Y-218.696 Z-0.600 F250.000
G3 X-14.304 Y-221.006 Z-0.600 I0.506 J-1.804 K0.000 F400.000
G3 X-11.994 Y-222.304 Z-0.600 I1.804 J0.506 K0.000 F400.000
G3 X-10.696 Y-219.994 Z-0.600 I-0.506 J1.804 K0.000 F400.000
G3 X-13.006 Y-218.696 Z-0.600 I-1.804 J-0.506 K0.000 F400.000
G0 Z5.000
G0 X-13.220 Y-217.930 Z5.000
G0 X-13.220 Y-217.930 Z3.000
G1 X-13.220 Y-217.930 Z-0.600 F250.000
G3 X-15.070 Y-221.220 Z-0.600 I0.720 J-2.570 K0.000 F400.000
G3 X-11.780 Y-223.070 Z-0.600 I2.570 J0.720 K0.000 F400.000
G3 X-9.930 Y-219.780 Z-0.600 I-0.720 J2.570 K0.000 F400.000
G3 X-13.220 Y-217.930 Z-0.600 I-2.570 J-0.720 K0.000 F400.000
G0 Z5.000
G0 X-12.522 Y-220.420 Z5.000
G0 X-12.522 Y-220.420 Z3.000
G1 X-12.522 Y-220.420 Z-0.800 F250.000
G3 X-12.580 Y-220.522 Z-0.800 I0.022 J-0.080 K0.000 F400.000
G3 X-12.478 Y-220.580 Z-0.800 I0.080 J0.022 K0.000 F400.000
G3 X-12.420 Y-220.478 Z-0.800 I-0.022 J0.080 K0.000 F400.000
G3 X-12.522 Y-220.420 Z-0.800 I-0.080 J-0.022 K0.000 F400.000
G0 Z5.000
G0 X-12.737 Y-219.654 Z5.000
G0 X-12.737 Y-219.654 Z3.000
G1 X-12.737 Y-219.654 Z-0.800 F250.000
G3 X-12.263 Y-221.346 Z-0.800 I0.237 J-0.846 K0.000 F400.000
G3 X-12.737 Y-219.654 Z-0.800 I-0.237 J0.846 K0.000 F400.000
G0 Z5.000
G0 X-12.952 Y-218.888 Z5.000
G0 X-12.952 Y-218.888 Z3.000
G1 X-12.952 Y-218.888 Z-0.800 F250.000
G3 X-12.048 Y-222.112 Z-0.800 I0.452 J-1.612 K0.000 F400.000
G3 X-12.952 Y-218.888 Z-0.800 I-0.452 J1.612 K0.000 F400.000
G0 Z5.000
G0 X-13.166 Y-218.122 Z5.000
G0 X-13.166 Y-218.122 Z3.000
G1 X-13.166 Y-218.122 Z-0.800 F250.000
G3 X-14.878 Y-221.166 Z-0.800 I0.666 J-2.378 K0.000 F400.000
G3 X-11.834 Y-222.878 Z-0.800 I2.378 J0.666 K0.000 F400.000
G3 X-10.122 Y-219.834 Z-0.800 I-0.666 J2.378 K0.000 F400.000
G3 X-13.166 Y-218.122 Z-0.800 I-2.378 J-0.666 K0.000 F400.000
G0 Z5.000
G0 X-12.691 Y-219.850 Z5.000
G0 X-12.691 Y-219.850 Z3.000
G1 X-12.691 Y-219.850 Z-1.000 F250.000
G3 X-12.309 Y-221.150 Z-1.000 I0.191 J-0.650 K0.000 F400.000
G3 X-12.691 Y-219.850 Z-1.000 I-0.191 J0.650 K0.000 F400.000
G0 Z5.000
G0 X-12.915 Y-219.086 Z5.000
G0 X-12.915 Y-219.086 Z3.000
G1 X-12.915 Y-219.086 Z-1.000 F250.000
G3 X-12.085 Y-221.914 Z-1.000 I0.415 J-1.414 K0.000 F400.000
G3 X-12.915 Y-219.086 Z-1.000 I-0.415 J1.414 K0.000 F400.000
G0 Z5.000
G0 X-13.139 Y-218.323 Z5.000
G0 X-13.139 Y-218.323 Z3.000
G1 X-13.139 Y-218.323 Z-1.000 F250.000
G3 X-11.861 Y-222.677 Z-1.000 I0.639 J-2.177 K0.000 F400.000
G3 X-13.139 Y-218.323 Z-1.000 I-0.639 J2.177 K0.000 F400.000
G0 Z5.000
G0 X-12.635 Y-220.042 Z5.000
G0 X-12.635 Y-220.042 Z3.000
G1 X-12.635 Y-220.042 Z-1.200 F250.000
G3 X-12.365 Y-220.958 Z-1.200 I0.135 J-0.458 K0.000 F400.000
G3 X-12.635 Y-220.042 Z-1.200 I-0.135 J0.458 K0.000 F400.000
G0 Z5.000
G0 X-12.859 Y-219.278 Z5.000
G0 X-12.859 Y-219.278 Z3.000
G1 X-12.859 Y-219.278 Z-1.200 F250.000
G3 X-12.141 Y-221.722 Z-1.200 I0.359 J-1.222 K0.000 F400.000
G3 X-12.859 Y-219.278 Z-1.200 I-0.359 J1.222 K0.000 F400.000
G0 Z5.000
G0 X-13.083 Y-218.515 Z5.000
G0 X-13.083 Y-218.515 Z3.000
G1 X-13.083 Y-218.515 Z-1.200 F250.000
G3 X-11.917 Y-222.485 Z-1.200 I0.583 J-1.985 K0.000 F400.000
G3 X-13.083 Y-218.515 Z-1.200 I-0.583 J1.985 K0.000 F400.000
G0 Z5.000
G0 X-12.582 Y-220.236 Z5.000
G0 X-12.582 Y-220.236 Z3.000
G1 X-12.582 Y-220.236 Z-1.400 F250.000
G3 X-12.418 Y-220.764 Z-1.400 I0.082 J-0.264 K0.000 F400.000
G3 X-12.582 Y-220.236 Z-1.400 I-0.082 J0.264 K0.000 F400.000
G0 Z5.000
G0 X-12.816 Y-219.475 Z5.000
G0 X-12.816 Y-219.475 Z3.000
G1 X-12.816 Y-219.475 Z-1.400 F250.000
G3 X-12.184 Y-221.525 Z-1.400 I0.316 J-1.025 K0.000 F400.000
G3 X-12.816 Y-219.475 Z-1.400 I-0.316 J1.025 K0.000 F400.000
G0 Z5.000
G0 X-13.051 Y-218.714 Z5.000
G0 X-13.051 Y-218.714 Z3.000
G1 X-13.051 Y-218.714 Z-1.400 F250.000
G3 X-11.949 Y-222.286 Z-1.400 I0.551 J-1.786 K0.000 F400.000
G3 X-13.051 Y-218.714 Z-1.400 I-0.551 J1.786 K0.000 F400.000
G0 Z5.000
G0 X-12.523 Y-220.427 Z5.000
G0 X-12.523 Y-220.427 Z3.000
G1 X-12.523 Y-220.427 Z-1.600 F250.000
G3 X-12.573 Y-220.523 Z-1.600 I0.023 J-0.073 K0.000 F400.000
G3 X-12.477 Y-220.573 Z-1.600 I0.073 J0.023 K0.000 F400.000
G3 X-12.427 Y-220.477 Z-1.600 I-0.023 J0.073 K0.000 F400.000
G3 X-12.523 Y-220.427 Z-1.600 I-0.073 J-0.023 K0.000 F400.000
G0 Z5.000
G0 X-12.757 Y-219.666 Z5.000
G0 X-12.757 Y-219.666 Z3.000
G1 X-12.757 Y-219.666 Z-1.600 F250.000
G3 X-12.243 Y-221.334 Z-1.600 I0.257 J-0.834 K0.000 F400.000
G3 X-12.757 Y-219.666 Z-1.600 I-0.257 J0.834 K0.000 F400.000
G0 Z5.000
G0 X-12.992 Y-218.905 Z5.000
G0 X-12.992 Y-218.905 Z3.000
G1 X-12.992 Y-218.905 Z-1.600 F250.000
G3 X-14.095 Y-220.992 Z-1.600 I0.492 J-1.595 K0.000 F400.000
G3 X-12.008 Y-222.095 Z-1.600 I1.595 J0.492 K0.000 F400.000
G3 X-10.905 Y-220.008 Z-1.600 I-0.492 J1.595 K0.000 F400.000
G3 X-12.992 Y-218.905 Z-1.600 I-1.595 J-0.492 K0.000 F400.000
G0 Z5.000
G0 X-12.708 Y-219.861 Z5.000
G0 X-12.708 Y-219.861 Z3.000
G1 X-12.708 Y-219.861 Z-1.800 F250.000
G3 X-13.139 Y-220.708 Z-1.800 I0.208 J-0.639 K0.000 F400.000
G3 X-12.292 Y-221.139 Z-1.800 I0.639 J0.208 K0.000 F400.000
G3 X-12.708 Y-219.861 Z-1.800 I-0.208 J0.639 K0.000 F400.000
G0 Z5.000
G0 X-12.954 Y-219.104 Z5.000
G0 X-12.954 Y-219.104 Z3.000
G1 X-12.954 Y-219.104 Z-1.800 F250.000
G3 X-12.046 Y-221.896 Z-1.800 I0.454 J-1.396 K0.000 F400.000
G3 X-12.954 Y-219.104 Z-1.800 I-0.454 J1.396 K0.000 F400.000
G0 Z5.000
G0 X-12.653 Y-220.054 Z5.000
G0 X-12.653 Y-220.054 Z3.000
G1 X-12.653 Y-220.054 Z-2.000 F250.000
G3 X-12.347 Y-220.946 Z-2.000 I0.153 J-0.446 K0.000 F400.000
G3 X-12.653 Y-220.054 Z-2.000 I-0.153 J0.446 K0.000 F400.000
G0 Z5.000
G0 X-12.912 Y-219.301 Z5.000
G0 X-12.912 Y-219.301 Z3.000
G1 X-12.912 Y-219.301 Z-2.000 F250.000
G3 X-12.088 Y-221.699 Z-2.000 I0.412 J-1.199 K0.000 F400.000
G3 X-12.912 Y-219.301 Z-2.000 I-0.412 J1.199 K0.000 F400.000
G0 Z5.000
G0 X-12.588 Y-220.244 Z5.000
G0 X-12.588 Y-220.244 Z3.000
G1 X-12.588 Y-220.244 Z-2.200 F250.000
G3 X-12.756 Y-220.588 Z-2.200 I0.088 J-0.256 K0.000 F400.000
G3 X-12.412 Y-220.756 Z-2.200 I0.256 J0.088 K0.000 F400.000
G3 X-12.244 Y-220.412 Z-2.200 I-0.088 J0.256 K0.000 F400.000
G3 X-12.588 Y-220.244 Z-2.200 I-0.256 J-0.088 K0.000 F400.000
G0 Z5.000
G0 X-12.847 Y-219.490 Z5.000
G0 X-12.847 Y-219.490 Z3.000
G1 X-12.847 Y-219.490 Z-2.200 F250.000
G3 X-12.153 Y-221.510 Z-2.200 I0.347 J-1.010 K0.000 F400.000
G3 X-12.847 Y-219.490 Z-2.200 I-0.347 J1.010 K0.000 F400.000
G0 Z5.000
G0 X-12.524 Y-220.434 Z5.000
G0 X-12.524 Y-220.434 Z3.000
G1 X-12.524 Y-220.434 Z-2.400 F250.000
G3 X-12.476 Y-220.566 Z-2.400 I0.024 J-0.066 K0.000 F400.000
G3 X-12.524 Y-220.434 Z-2.400 I-0.024 J0.066 K0.000 F400.000
G0 Z5.000
G0 X-12.797 Y-219.685 Z5.000
G0 X-12.797 Y-219.685 Z3.000
G1 X-12.797 Y-219.685 Z-2.400 F250.000
G3 X-12.203 Y-221.315 Z-2.400 I0.297 J-0.815 K0.000 F400.000
G3 X-11.685 Y-220.203 Z-2.400 I-0.297 J0.815 K0.000 F400.000
G3 X-12.797 Y-219.685 Z-2.400 I-0.815 J-0.297 K0.000 F400.000
G0 Z5.000
G0 X-12.755 Y-219.842 Z5.000
G0 X-12.755 Y-219.842 Z3.000
G1 X-12.755 Y-219.842 Z-2.600 F250.000
G3 X-12.245 Y-221.158 Z-2.600 I0.255 J-0.658 K0.000 F400.000
G3 X-12.755 Y-219.842 Z-2.600 I-0.255 J0.658 K0.000 F400.000
G1 X-12.755 Y-219.842 Z-2.800 F250.000
G3 X-12.245 Y-221.158 Z-2.800 I0.255 J-0.658 K0.000 F400.000
G3 X-12.755 Y-219.842 Z-2.800 I-0.255 J0.658 K0.000 F400.000
G1 X-12.755 Y-219.842 Z-3.000 F250.000
G3 X-12.245 Y-221.158 Z-3.000 I0.255 J-0.658 K0.000 F400.000
G3 X-12.755 Y-219.842 Z-3.000 I-0.255 J0.658 K0.000 F400.000
G1 X-12.755 Y-219.842 Z-3.200 F250.000
G3 X-12.245 Y-221.158 Z-3.200 I0.255 J-0.658 K0.000 F400.000
G3 X-12.755 Y-219.842 Z-3.200 I-0.255 J0.658 K0.000 F400.000
G1 X-12.755 Y-219.842 Z-3.400 F250.000
G3 X-12.245 Y-221.158 Z-3.400 I0.255 J-0.658 K0.000 F400.000
G3 X-12.755 Y-219.842 Z-3.400 I-0.255 J0.658 K0.000 F400.000
G1 X-12.755 Y-219.842 Z-3.600 F250.000
G3 X-12.245 Y-221.158 Z-3.600 I0.255 J-0.658 K0.000 F400.000
G3 X-12.755 Y-219.842 Z-3.600 I-0.255 J0.658 K0.000 F400.000
G1 X-12.755 Y-219.842 Z-3.800 F250.000
G3 X-12.245 Y-221.158 Z-3.800 I0.255 J-0.658 K0.000 F400.000
G3 X-12.755 Y-219.842 Z-3.800 I-0.255 J0.658 K0.000 F400.000
G1 X-12.755 Y-219.842 Z-4.000 F250.000
G3 X-12.245 Y-221.158 Z-4.000 I0.255 J-0.658 K0.000 F400.000
G3 X-12.755 Y-219.842 Z-4.000 I-0.255 J0.658 K0.000 F400.000
G1 X-12.755 Y-219.842 Z-4.200 F250.000
G3 X-12.245 Y-221.158 Z-4.200 I0.255 J-0.658 K0.000 F400.000
G3 X-12.755 Y-219.842 Z-4.200 I-0.255 J0.658 K0.000 F400.000
G1 X-12.755 Y-219.842 Z-4.400 F250.000
G3 X-12.245 Y-221.158 Z-4.400 I0.255 J-0.658 K0.000 F400.000
G3 X-12.755 Y-219.842 Z-4.400 I-0.255 J0.658 K0.000 F400.000
G1 X-12.755 Y-219.842 Z-4.600 F250.000
G3 X-12.245 Y-221.158 Z-4.600 I0.255 J-0.658 K0.000 F400.000
G3 X-12.755 Y-219.842 Z-4.600 I-0.255 J0.658 K0.000 F400.000
G1 X-12.755 Y-219.842 Z-4.800 F250.000
G3 X-12.245 Y-221.158 Z-4.800 I0.255 J-0.658 K0.000 F400.000
G3 X-12.755 Y-219.842 Z-4.800 I-0.255 J0.658 K0.000 F400.000
G1 X-12.755 Y-219.842 Z-5.000 F250.000
G3 X-12.245 Y-221.158 Z-5.000 I0.255 J-0.658 K0.000 F400.000
G3 X-12.755 Y-219.842 Z-5.000 I-0.255 J0.658 K0.000 F400.000
G0 Z5.000
G0 Z5.000
(Finish operation: Countersink)
(Begin operation: RampEntryDressup003)
(Path: RampEntryDressup003)
G0 X0.000 Y0.000 Z5.000
G0 X-20.437 Y-3.000 Z5.000
G0 X-20.437 Y-3.000 Z3.000
G1 X-20.437 Y-17.188 Z2.505 F400.000
G1 X-20.424 Y-17.395 Z2.497 F400.000
G1 X-20.390 Y-17.654 Z2.488 F400.000
G1 X-20.283 Y-18.054 Z2.474 F400.000
G1 X-20.183 Y-18.295 Z2.465 F400.000
G1 X-19.975 Y-18.654 Z2.450 F400.000
G1 X-19.817 Y-18.861 Z2.441 F400.000
G1 X-19.524 Y-19.154 Z2.427 F400.000
G1 X-19.316 Y-19.313 Z2.417 F400.000
G1 X-18.958 Y-19.520 Z2.403 F400.000
G1 X-18.716 Y-19.620 Z2.394 F400.000
G1 X-18.316 Y-19.727 Z2.379 F400.000
G1 X-18.057 Y-19.761 Z2.370 F400.000
G1 X-17.850 Y-19.775 Z2.363 F400.000
G1 X-16.445 Y-19.775 Z2.314 F400.000
G1 X-16.336 Y-19.786 Z2.310 F400.000
G1 X-16.307 Y-19.794 Z2.309 F400.000
G1 X-16.281 Y-19.809 Z2.308 F400.000
G1 X-16.257 Y-19.828 Z2.307 F400.000
G1 X-16.238 Y-19.851 Z2.306 F400.000
G1 X-16.224 Y-19.878 Z2.305 F400.000
G1 X-16.215 Y-19.907 Z2.304 F400.000
G1 X-16.204 Y-20.015 Z2.300 F400.000
G1 X-16.204 Y-22.907 Z2.199 F400.000
G1 X-16.207 Y-22.967 Z2.197 F400.000
G1 X-16.210 Y-22.985 Z2.196 F400.000
G1 X-16.215 Y-23.001 Z2.196 F400.000
G1 X-16.238 Y-23.058 Z2.194 F400.000
G1 X-20.125 Y-31.394 Z1.872 F400.000
G1 X-20.230 Y-31.650 Z1.863 F400.000
G1 X-20.337 Y-31.998 Z1.850 F400.000
G1 X-20.406 Y-32.355 Z1.837 F400.000
G1 X-20.435 Y-32.718 Z1.825 F400.000
G1 X-20.436 Y-44.876 Z1.400 F400.000
G1 X-20.435 Y-32.718 Z0.975 F400.000
G1 X-20.406 Y-32.355 Z0.963 F400.000
G1 X-20.337 Y-31.998 Z0.950 F400.000
G1 X-20.230 Y-31.650 Z0.937 F400.000
G1 X-20.125 Y-31.394 Z0.928 F400.000
G1 X-16.238 Y-23.058 Z0.606 F400.000
G1 X-16.215 Y-23.001 Z0.604 F400.000
G1 X-16.210 Y-22.985 Z0.604 F400.000
G1 X-16.207 Y-22.967 Z0.603 F400.000
G1 X-16.204 Y-22.907 Z0.601 F400.000
G1 X-16.204 Y-20.015 Z0.500 F400.000
G1 X-16.215 Y-19.907 Z0.496 F400.000
G1 X-16.224 Y-19.878 Z0.495 F400.000
G1 X-16.238 Y-19.851 Z0.494 F400.000
G1 X-16.257 Y-19.828 Z0.493 F400.000
G1 X-16.281 Y-19.809 Z0.492 F400.000
G1 X-16.307 Y-19.794 Z0.491 F400.000
G1 X-16.336 Y-19.786 Z0.490 F400.000
G1 X-16.445 Y-19.775 Z0.486 F400.000
G1 X-17.850 Y-19.775 Z0.437 F400.000
G1 X-18.057 Y-19.761 Z0.430 F400.000
G1 X-18.316 Y-19.727 Z0.421 F400.000
G1 X-18.716 Y-19.620 Z0.406 F400.000
G1 X-18.958 Y-19.520 Z0.397 F400.000
G1 X-19.316 Y-19.313 Z0.383 F400.000
G1 X-19.524 Y-19.154 Z0.373 F400.000
G1 X-19.817 Y-18.861 Z0.359 F400.000
G1 X-19.975 Y-18.654 Z0.350 F400.000
G1 X-20.183 Y-18.295 Z0.335 F400.000
G1 X-20.283 Y-18.054 Z0.326 F400.000
G1 X-20.390 Y-17.654 Z0.312 F400.000
G1 X-20.424 Y-17.395 Z0.303 F400.000
G1 X-20.437 Y-17.188 Z0.295 F400.000
G1 X-20.437 Y-3.000 Z-0.200 F400.000
G1 X-20.437 Y-17.188 Z-0.200 F400.000
G1 X-20.424 Y-17.395 Z-0.200 F400.000
G1 X-20.390 Y-17.654 Z-0.200 F400.000
G1 X-20.283 Y-18.054 Z-0.200 F400.000
G1 X-20.183 Y-18.295 Z-0.200 F400.000
G1 X-19.975 Y-18.654 Z-0.200 F400.000
G1 X-19.817 Y-18.861 Z-0.200 F400.000
G1 X-19.524 Y-19.154 Z-0.200 F400.000
G1 X-19.316 Y-19.313 Z-0.200 F400.000
G1 X-18.958 Y-19.520 Z-0.200 F400.000
G1 X-18.716 Y-19.620 Z-0.200 F400.000
G1 X-18.316 Y-19.727 Z-0.200 F400.000
G1 X-18.057 Y-19.761 Z-0.200 F400.000
G1 X-17.850 Y-19.775 Z-0.200 F400.000
G1 X-16.445 Y-19.775 Z-0.200 F400.000
G1 X-16.336 Y-19.786 Z-0.200 F400.000
G1 X-16.307 Y-19.794 Z-0.200 F400.000
G1 X-16.281 Y-19.809 Z-0.200 F400.000
G1 X-16.257 Y-19.828 Z-0.200 F400.000
G1 X-16.238 Y-19.851 Z-0.200 F400.000
G1 X-16.224 Y-19.878 Z-0.200 F400.000
G1 X-16.215 Y-19.907 Z-0.200 F400.000
G1 X-16.204 Y-20.015 Z-0.200 F400.000
G1 X-16.204 Y-22.907 Z-0.200 F400.000
G1 X-16.207 Y-22.967 Z-0.200 F400.000
G1 X-16.210 Y-22.985 Z-0.200 F400.000
G1 X-16.215 Y-23.001 Z-0.200 F400.000
G1 X-16.238 Y-23.058 Z-0.200 F400.000
G1 X-20.125 Y-31.394 Z-0.200 F400.000
G1 X-20.230 Y-31.650 Z-0.200 F400.000
G1 X-20.337 Y-31.998 Z-0.200 F400.000
G1 X-20.406 Y-32.355 Z-0.200 F400.000
G1 X-20.435 Y-32.718 Z-0.200 F400.000
G1 X-20.437 Y-55.672 Z-0.200 F400.000
G1 X-20.424 Y-55.879 Z-0.200 F400.000
G1 X-20.390 Y-56.138 Z-0.200 F400.000
G1 X-20.283 Y-56.538 Z-0.200 F400.000
G1 X-20.183 Y-56.779 Z-0.200 F400.000
G1 X-19.975 Y-57.138 Z-0.200 F400.000
G1 X-19.817 Y-57.345 Z-0.200 F400.000
G1 X-19.524 Y-57.638 Z-0.200 F400.000
G1 X-19.316 Y-57.797 Z-0.200 F400.000
G1 X-18.958 Y-58.004 Z-0.200 F400.000
G1 X-18.716 Y-58.104 Z-0.200 F400.000
G1 X-18.316 Y-58.211 Z-0.200 F400.000
G1 X-18.057 Y-58.245 Z-0.200 F400.000
G1 X-17.850 Y-58.259 Z-0.200 F400.000
G1 X-16.445 Y-58.259 Z-0.200 F400.000
G1 X-16.336 Y-58.270 Z-0.200 F400.000
G1 X-16.307 Y-58.278 Z-0.200 F400.000
G1 X-16.281 Y-58.293 Z-0.200 F400.000
G1 X-16.257 Y-58.312 Z-0.200 F400.000
G1 X-16.238 Y-58.336 Z-0.200 F400.000
G1 X-16.224 Y-58.362 Z-0.200 F400.000
G1 X-16.215 Y-58.391 Z-0.200 F400.000
G1 X-16.204 Y-58.500 Z-0.200 F400.000
G1 X-16.204 Y-61.391 Z-0.200 F400.000
G1 X-16.207 Y-61.451 Z-0.200 F400.000
G1 X-16.210 Y-61.469 Z-0.200 F400.000
G1 X-16.215 Y-61.485 Z-0.200 F400.000
G1 X-16.238 Y-61.542 Z-0.200 F400.000
G1 X-20.125 Y-69.878 Z-0.200 F400.000
G1 X-20.230 Y-70.134 Z-0.200 F400.000
G1 X-20.337 Y-70.482 Z-0.200 F400.000
G1 X-20.406 Y-70.839 Z-0.200 F400.000
G1 X-20.435 Y-71.202 Z-0.200 F400.000
G1 X-20.437 Y-94.156 Z-0.200 F400.000
G1 X-20.424 Y-94.363 Z-0.200 F400.000
G1 X-20.390 Y-94.622 Z-0.200 F400.000
G1 X-20.283 Y-95.022 Z-0.200 F400.000
G1 X-20.183 Y-95.263 Z-0.200 F400.000
G1 X-19.975 Y-95.622 Z-0.200 F400.000
G1 X-19.817 Y-95.829 Z-0.200 F400.000
G1 X-19.524 Y-96.122 Z-0.200 F400.000
G1 X-19.316 Y-96.281 Z-0.200 F400.000
G1 X-18.958 Y-96.488 Z-0.200 F400.000
G1 X-18.716 Y-96.588 Z-0.200 F400.000
G1 X-18.316 Y-96.695 Z-0.200 F400.000
G1 X-18.057 Y-96.729 Z-0.200 F400.000
G1 X-17.850 Y-96.743 Z-0.200 F400.000
G1 X-16.445 Y-96.743 Z-0.200 F400.000
G1 X-16.336 Y-96.754 Z-0.200 F400.000
G1 X-16.307 Y-96.762 Z-0.200 F400.000
G1 X-16.281 Y-96.777 Z-0.200 F400.000
G1 X-16.257 Y-96.796 Z-0.200 F400.000
G1 X-16.238 Y-96.820 Z-0.200 F400.000
G1 X-16.224 Y-96.846 Z-0.200 F400.000
G1 X-16.215 Y-96.875 Z-0.200 F400.000
G1 X-16.204 Y-96.984 Z-0.200 F400.000
G1 X-16.204 Y-99.875 Z-0.200 F400.000
G1 X-16.207 Y-99.935 Z-0.200 F400.000
G1 X-16.210 Y-99.953 Z-0.200 F400.000
G1 X-16.215 Y-99.969 Z-0.200 F400.000
G1 X-16.238 Y-100.026 Z-0.200 F400.000
G1 X-20.125 Y-108.362 Z-0.200 F400.000
G1 X-20.230 Y-108.618 Z-0.200 F400.000
G1 X-20.337 Y-108.966 Z-0.200 F400.000
G1 X-20.406 Y-109.323 Z-0.200 F400.000
G1 X-20.435 Y-109.686 Z-0.200 F400.000
G1 X-20.437 Y-132.640 Z-0.200 F400.000
G1 X-20.424 Y-132.847 Z-0.200 F400.000
G1 X-20.390 Y-133.106 Z-0.200 F400.000
G1 X-20.283 Y-133.506 Z-0.200 F400.000
G1 X-20.183 Y-133.747 Z-0.200 F400.000
G1 X-19.975 Y-134.106 Z-0.200 F400.000
G1 X-19.817 Y-134.313 Z-0.200 F400.000
G1 X-19.524 Y-134.606 Z-0.200 F400.000
G1 X-19.316 Y-134.765 Z-0.200 F400.000
G1 X-18.958 Y-134.972 Z-0.200 F400.000
G1 X-18.716 Y-135.072 Z-0.200 F400.000
G1 X-18.316 Y-135.179 Z-0.200 F400.000
G1 X-18.057 Y-135.213 Z-0.200 F400.000
G1 X-17.850 Y-135.227 Z-0.200 F400.000
G1 X-16.445 Y-135.227 Z-0.200 F400.000
G1 X-16.336 Y-135.238 Z-0.200 F400.000
G1 X-16.307 Y-135.247 Z-0.200 F400.000
G1 X-16.281 Y-135.261 Z-0.200 F400.000
G1 X-16.257 Y-135.280 Z-0.200 F400.000
G1 X-16.238 Y-135.304 Z-0.200 F400.000
G1 X-16.224 Y-135.330 Z-0.200 F400.000
G1 X-16.215 Y-135.359 Z-0.200 F400.000
G1 X-16.204 Y-135.468 Z-0.200 F400.000
G1 X-16.204 Y-138.359 Z-0.200 F400.000
G1 X-16.207 Y-138.419 Z-0.200 F400.000
G1 X-16.210 Y-138.437 Z-0.200 F400.000
G1 X-16.215 Y-138.454 Z-0.200 F400.000
G1 X-16.238 Y-138.510 Z-0.200 F400.000
G1 X-20.125 Y-146.846 Z-0.200 F400.000
G1 X-20.230 Y-147.102 Z-0.200 F400.000
G1 X-20.337 Y-147.450 Z-0.200 F400.000
G1 X-20.406 Y-147.807 Z-0.200 F400.000
G1 X-20.435 Y-148.170 Z-0.200 F400.000
G1 X-20.437 Y-171.124 Z-0.200 F400.000
G1 X-20.424 Y-171.331 Z-0.200 F400.000
G1 X-20.390 Y-171.590 Z-0.200 F400.000
G1 X-20.283 Y-171.990 Z-0.200 F400.000
G1 X-20.183 Y-172.231 Z-0.200 F400.000
G1 X-19.975 Y-172.590 Z-0.200 F400.000
G1 X-19.817 Y-172.797 Z-0.200 F400.000
G1 X-19.524 Y-173.090 Z-0.200 F400.000
G1 X-19.316 Y-173.249 Z-0.200 F400.000
G1 X-18.958 Y-173.456 Z-0.200 F400.000
G1 X-18.716 Y-173.556 Z-0.200 F400.000
G1 X-18.316 Y-173.663 Z-0.200 F400.000
G1 X-18.057 Y-173.697 Z-0.200 F400.000
G1 X-17.850 Y-173.711 Z-0.200 F400.000
G1 X-16.445 Y-173.711 Z-0.200 F400.000
G1 X-16.336 Y-173.722 Z-0.200 F400.000
G1 X-16.307 Y-173.731 Z-0.200 F400.000
G1 X-16.281 Y-173.745 Z-0.200 F400.000
G1 X-16.257 Y-173.764 Z-0.200 F400.000
G1 X-16.238 Y-173.788 Z-0.200 F400.000
G1 X-16.224 Y-173.814 Z-0.200 F400.000
G1 X-16.215 Y-173.843 Z-0.200 F400.000
G1 X-16.204 Y-173.952 Z-0.200 F400.000
G1 X-16.204 Y-176.843 Z-0.200 F400.000
G1 X-16.207 Y-176.903 Z-0.200 F400.000
G1 X-16.210 Y-176.921 Z-0.200 F400.000
G1 X-16.215 Y-176.938 Z-0.200 F400.000
G1 X-16.238 Y-176.994 Z-0.200 F400.000
G1 X-20.125 Y-185.330 Z-0.200 F400.000
G1 X-20.230 Y-185.586 Z-0.200 F400.000
G1 X-20.337 Y-185.934 Z-0.200 F400.000
G1 X-20.406 Y-186.291 Z-0.200 F400.000
G1 X-20.435 Y-186.654 Z-0.200 F400.000
G1 X-20.437 Y-195.220 Z-0.200 F400.000
G1 X-20.396 Y-195.717 Z-0.200 F400.000
G1 X-20.336 Y-196.023 Z-0.200 F400.000
G1 X-20.236 Y-196.351 Z-0.200 F400.000
G1 X-20.117 Y-196.638 Z-0.200 F400.000
G1 X-19.955 Y-196.941 Z-0.200 F400.000
G1 X-19.782 Y-197.200 Z-0.200 F400.000
G1 X-19.565 Y-197.465 Z-0.200 F400.000
G1 X-19.345 Y-197.685 Z-0.200 F400.000
G1 X-19.079 Y-197.903 Z-0.200 F400.000
G1 X-18.821 Y-198.076 Z-0.200 F400.000
G1 X-18.518 Y-198.237 Z-0.200 F400.000
G1 X-18.231 Y-198.356 Z-0.200 F400.000
G1 X-17.902 Y-198.456 Z-0.200 F400.000
G1 X-17.597 Y-198.517 Z-0.200 F400.000
G1 X-17.256 Y-198.550 Z-0.200 F400.000
G1 X-14.330 Y-198.558 Z-0.200 F400.000
G1 X-14.220 Y-198.569 Z-0.200 F400.000
G1 X-14.191 Y-198.577 Z-0.200 F400.000
G1 X-14.164 Y-198.592 Z-0.200 F400.000
G1 X-14.141 Y-198.611 Z-0.200 F400.000
G1 X-14.121 Y-198.634 Z-0.200 F400.000
G1 X-14.107 Y-198.661 Z-0.200 F400.000
G1 X-14.098 Y-198.690 Z-0.200 F400.000
G1 X-14.087 Y-198.798 Z-0.200 F400.000
G1 X-14.088 Y-200.505 Z-0.200 F400.000
G1 X-14.098 Y-200.613 Z-0.200 F400.000
G1 X-14.107 Y-200.642 Z-0.200 F400.000
G1 X-14.121 Y-200.669 Z-0.200 F400.000
G1 X-14.141 Y-200.692 Z-0.200 F400.000
G1 X-14.164 Y-200.712 Z-0.200 F400.000
G1 X-14.191 Y-200.726 Z-0.200 F400.000
G1 X-14.220 Y-200.735 Z-0.200 F400.000
G1 X-14.328 Y-200.745 Z-0.200 F400.000
G1 X-17.100 Y-200.745 Z-0.200 F400.000
G1 X-17.597 Y-200.787 Z-0.200 F400.000
G1 X-17.902 Y-200.847 Z-0.200 F400.000
G1 X-18.231 Y-200.947 Z-0.200 F400.000
G1 X-18.518 Y-201.066 Z-0.200 F400.000
G1 X-18.821 Y-201.228 Z-0.200 F400.000
G1 X-19.079 Y-201.401 Z-0.200 F400.000
G1 X-19.345 Y-201.618 Z-0.200 F400.000
G1 X-19.565 Y-201.838 Z-0.200 F400.000
G1 X-19.782 Y-202.104 Z-0.200 F400.000
G1 X-19.955 Y-202.362 Z-0.200 F400.000
G1 X-20.117 Y-202.665 Z-0.200 F400.000
G1 X-20.236 Y-202.952 Z-0.200 F400.000
G1 X-20.336 Y-203.281 Z-0.200 F400.000
G1 X-20.396 Y-203.586 Z-0.200 F400.000
G1 X-20.430 Y-203.927 Z-0.200 F400.000
G1 X-20.437 Y-228.000 Z-0.200 F400.000
G0 X-20.437 Y-228.000 Z5.000
G0 X-20.437 Y-3.000 Z5.000
G0 X-20.437 Y-3.000 Z3.000
G1 X-20.437 Y-17.188 Z2.505 F400.000
G1 X-20.424 Y-17.395 Z2.497 F400.000
G1 X-20.390 Y-17.654 Z2.488 F400.000
G1 X-20.283 Y-18.054 Z2.474 F400.000
G1 X-20.183 Y-18.295 Z2.465 F400.000
G1 X-19.975 Y-18.654 Z2.450 F400.000
G1 X-19.817 Y-18.861 Z2.441 F400.000
G1 X-19.524 Y-19.154 Z2.427 F400.000
G1 X-19.316 Y-19.313 Z2.417 F400.000
G1 X-18.958 Y-19.520 Z2.403 F400.000
G1 X-18.716 Y-19.620 Z2.394 F400.000
G1 X-18.316 Y-19.727 Z2.379 F400.000
G1 X-18.057 Y-19.761 Z2.370 F400.000
G1 X-17.850 Y-19.775 Z2.363 F400.000
G1 X-16.445 Y-19.775 Z2.314 F400.000
G1 X-16.336 Y-19.786 Z2.310 F400.000
G1 X-16.307 Y-19.794 Z2.309 F400.000
G1 X-16.281 Y-19.809 Z2.308 F400.000
G1 X-16.257 Y-19.828 Z2.307 F400.000
G1 X-16.238 Y-19.851 Z2.306 F400.000
G1 X-16.224 Y-19.878 Z2.305 F400.000
G1 X-16.215 Y-19.907 Z2.304 F400.000
G1 X-16.204 Y-20.015 Z2.300 F400.000
G1 X-16.204 Y-22.907 Z2.199 F400.000
G1 X-16.207 Y-22.967 Z2.197 F400.000
G1 X-16.210 Y-22.985 Z2.196 F400.000
G1 X-16.215 Y-23.001 Z2.196 F400.000
G1 X-16.238 Y-23.058 Z2.194 F400.000
G1 X-20.125 Y-31.394 Z1.872 F400.000
G1 X-20.230 Y-31.650 Z1.863 F400.000
G1 X-20.337 Y-31.998 Z1.850 F400.000
G1 X-20.406 Y-32.355 Z1.837 F400.000
G1 X-20.435 Y-32.718 Z1.825 F400.000
G1 X-20.437 Y-47.739 Z1.300 F400.000
G1 X-20.435 Y-32.718 Z0.775 F400.000
G1 X-20.406 Y-32.355 Z0.763 F400.000
G1 X-20.337 Y-31.998 Z0.750 F400.000
G1 X-20.230 Y-31.650 Z0.737 F400.000
G1 X-20.125 Y-31.394 Z0.728 F400.000
G1 X-16.238 Y-23.058 Z0.406 F400.000
G1 X-16.215 Y-23.001 Z0.404 F400.000
G1 X-16.210 Y-22.985 Z0.404 F400.000
G1 X-16.207 Y-22.967 Z0.403 F400.000
G1 X-16.204 Y-22.907 Z0.401 F400.000
G1 X-16.204 Y-20.015 Z0.300 F400.000
G1 X-16.215 Y-19.907 Z0.296 F400.000
G1 X-16.224 Y-19.878 Z0.295 F400.000
G1 X-16.238 Y-19.851 Z0.294 F400.000
G1 X-16.257 Y-19.828 Z0.293 F400.000
G1 X-16.281 Y-19.809 Z0.292 F400.000
G1 X-16.307 Y-19.794 Z0.291 F400.000
G1 X-16.336 Y-19.786 Z0.290 F400.000
G1 X-16.445 Y-19.775 Z0.286 F400.000
G1 X-17.850 Y-19.775 Z0.237 F400.000
G1 X-18.057 Y-19.761 Z0.230 F400.000
G1 X-18.316 Y-19.727 Z0.221 F400.000
G1 X-18.716 Y-19.620 Z0.206 F400.000
G1 X-18.958 Y-19.520 Z0.197 F400.000
G1 X-19.316 Y-19.313 Z0.183 F400.000
G1 X-19.524 Y-19.154 Z0.173 F400.000
G1 X-19.817 Y-18.861 Z0.159 F400.000
G1 X-19.975 Y-18.654 Z0.150 F400.000
G1 X-20.183 Y-18.295 Z0.135 F400.000
G1 X-20.283 Y-18.054 Z0.126 F400.000
G1 X-20.390 Y-17.654 Z0.112 F400.000
G1 X-20.424 Y-17.395 Z0.103 F400.000
G1 X-20.437 Y-17.188 Z0.095 F400.000
G1 X-20.437 Y-3.000 Z-0.400 F400.000
G1 X-20.437 Y-17.188 Z-0.400 F400.000
G1 X-20.424 Y-17.395 Z-0.400 F400.000
G1 X-20.390 Y-17.654 Z-0.400 F400.000
G1 X-20.283 Y-18.054 Z-0.400 F400.000
G1 X-20.183 Y-18.295 Z-0.400 F400.000
G1 X-19.975 Y-18.654 Z-0.400 F400.000
G1 X-19.817 Y-18.861 Z-0.400 F400.000
G1 X-19.524 Y-19.154 Z-0.400 F400.000
G1 X-19.316 Y-19.313 Z-0.400 F400.000
G1 X-18.958 Y-19.520 Z-0.400 F400.000
G1 X-18.716 Y-19.620 Z-0.400 F400.000
G1 X-18.316 Y-19.727 Z-0.400 F400.000
G1 X-18.057 Y-19.761 Z-0.400 F400.000
G1 X-17.850 Y-19.775 Z-0.400 F400.000
G1 X-16.445 Y-19.775 Z-0.400 F400.000
G1 X-16.336 Y-19.786 Z-0.400 F400.000
G1 X-16.307 Y-19.794 Z-0.400 F400.000
G1 X-16.281 Y-19.809 Z-0.400 F400.000
G1 X-16.257 Y-19.828 Z-0.400 F400.000
G1 X-16.238 Y-19.851 Z-0.400 F400.000
G1 X-16.224 Y-19.878 Z-0.400 F400.000
G1 X-16.215 Y-19.907 Z-0.400 F400.000
G1 X-16.204 Y-20.015 Z-0.400 F400.000
G1 X-16.204 Y-22.907 Z-0.400 F400.000
G1 X-16.207 Y-22.967 Z-0.400 F400.000
G1 X-16.210 Y-22.985 Z-0.400 F400.000
G1 X-16.215 Y-23.001 Z-0.400 F400.000
G1 X-16.238 Y-23.058 Z-0.400 F400.000
G1 X-20.125 Y-31.394 Z-0.400 F400.000
G1 X-20.230 Y-31.650 Z-0.400 F400.000
G1 X-20.337 Y-31.998 Z-0.400 F400.000
G1 X-20.406 Y-32.355 Z-0.400 F400.000
G1 X-20.435 Y-32.718 Z-0.400 F400.000
G1 X-20.437 Y-55.672 Z-0.400 F400.000
G1 X-20.424 Y-55.879 Z-0.400 F400.000
G1 X-20.390 Y-56.138 Z-0.400 F400.000
G1 X-20.283 Y-56.538 Z-0.400 F400.000
G1 X-20.183 Y-56.779 Z-0.400 F400.000
G1 X-19.975 Y-57.138 Z-0.400 F400.000
G1 X-19.817 Y-57.345 Z-0.400 F400.000
G1 X-19.524 Y-57.638 Z-0.400 F400.000
G1 X-19.316 Y-57.797 Z-0.400 F400.000
G1 X-18.958 Y-58.004 Z-0.400 F400.000
G1 X-18.716 Y-58.104 Z-0.400 F400.000
G1 X-18.316 Y-58.211 Z-0.400 F400.000
G1 X-18.057 Y-58.245 Z-0.400 F400.000
G1 X-17.850 Y-58.259 Z-0.400 F400.000
G1 X-16.445 Y-58.259 Z-0.400 F400.000
G1 X-16.336 Y-58.270 Z-0.400 F400.000
G1 X-16.307 Y-58.278 Z-0.400 F400.000
G1 X-16.281 Y-58.293 Z-0.400 F400.000
G1 X-16.257 Y-58.312 Z-0.400 F400.000
G1 X-16.238 Y-58.336 Z-0.400 F400.000
G1 X-16.224 Y-58.362 Z-0.400 F400.000
G1 X-16.215 Y-58.391 Z-0.400 F400.000
G1 X-16.204 Y-58.500 Z-0.400 F400.000
G1 X-16.204 Y-61.391 Z-0.400 F400.000
G1 X-16.207 Y-61.451 Z-0.400 F400.000
G1 X-16.210 Y-61.469 Z-0.400 F400.000
G1 X-16.215 Y-61.485 Z-0.400 F400.000
G1 X-16.238 Y-61.542 Z-0.400 F400.000
G1 X-20.125 Y-69.878 Z-0.400 F400.000
G1 X-20.230 Y-70.134 Z-0.400 F400.000
G1 X-20.337 Y-70.482 Z-0.400 F400.000
G1 X-20.406 Y-70.839 Z-0.400 F400.000
G1 X-20.435 Y-71.202 Z-0.400 F400.000
G1 X-20.437 Y-94.156 Z-0.400 F400.000
G1 X-20.424 Y-94.363 Z-0.400 F400.000
G1 X-20.390 Y-94.622 Z-0.400 F400.000
G1 X-20.283 Y-95.022 Z-0.400 F400.000
G1 X-20.183 Y-95.263 Z-0.400 F400.000
G1 X-19.975 Y-95.622 Z-0.400 F400.000
G1 X-19.817 Y-95.829 Z-0.400 F400.000
G1 X-19.524 Y-96.122 Z-0.400 F400.000
G1 X-19.316 Y-96.281 Z-0.400 F400.000
G1 X-18.958 Y-96.488 Z-0.400 F400.000
G1 X-18.716 Y-96.588 Z-0.400 F400.000
G1 X-18.316 Y-96.695 Z-0.400 F400.000
G1 X-18.057 Y-96.729 Z-0.400 F400.000
G1 X-17.850 Y-96.743 Z-0.400 F400.000
G1 X-16.445 Y-96.743 Z-0.400 F400.000
G1 X-16.336 Y-96.754 Z-0.400 F400.000
G1 X-16.307 Y-96.762 Z-0.400 F400.000
G1 X-16.281 Y-96.777 Z-0.400 F400.000
G1 X-16.257 Y-96.796 Z-0.400 F400.000
G1 X-16.238 Y-96.820 Z-0.400 F400.000
G1 X-16.224 Y-96.846 Z-0.400 F400.000
G1 X-16.215 Y-96.875 Z-0.400 F400.000
G1 X-16.204 Y-96.984 Z-0.400 F400.000
G1 X-16.204 Y-99.875 Z-0.400 F400.000
G1 X-16.207 Y-99.935 Z-0.400 F400.000
G1 X-16.210 Y-99.953 Z-0.400 F400.000
G1 X-16.215 Y-99.969 Z-0.400 F400.000
G1 X-16.238 Y-100.026 Z-0.400 F400.000
G1 X-20.125 Y-108.362 Z-0.400 F400.000
G1 X-20.230 Y-108.618 Z-0.400 F400.000
G1 X-20.337 Y-108.966 Z-0.400 F400.000
G1 X-20.406 Y-109.323 Z-0.400 F400.000
G1 X-20.435 Y-109.686 Z-0.400 F400.000
G1 X-20.437 Y-132.640 Z-0.400 F400.000
G1 X-20.424 Y-132.847 Z-0.400 F400.000
G1 X-20.390 Y-133.106 Z-0.400 F400.000
G1 X-20.283 Y-133.506 Z-0.400 F400.000
G1 X-20.183 Y-133.747 Z-0.400 F400.000
G1 X-19.975 Y-134.106 Z-0.400 F400.000
G1 X-19.817 Y-134.313 Z-0.400 F400.000
G1 X-19.524 Y-134.606 Z-0.400 F400.000
G1 X-19.316 Y-134.765 Z-0.400 F400.000
G1 X-18.958 Y-134.972 Z-0.400 F400.000
G1 X-18.716 Y-135.072 Z-0.400 F400.000
G1 X-18.316 Y-135.179 Z-0.400 F400.000
G1 X-18.057 Y-135.213 Z-0.400 F400.000
G1 X-17.850 Y-135.227 Z-0.400 F400.000
G1 X-16.445 Y-135.227 Z-0.400 F400.000
G1 X-16.336 Y-135.238 Z-0.400 F400.000
G1 X-16.307 Y-135.247 Z-0.400 F400.000
G1 X-16.281 Y-135.261 Z-0.400 F400.000
G1 X-16.257 Y-135.280 Z-0.400 F400.000
G1 X-16.238 Y-135.304 Z-0.400 F400.000
G1 X-16.224 Y-135.330 Z-0.400 F400.000
G1 X-16.215 Y-135.359 Z-0.400 F400.000
G1 X-16.204 Y-135.468 Z-0.400 F400.000
G1 X-16.204 Y-138.359 Z-0.400 F400.000
G1 X-16.207 Y-138.419 Z-0.400 F400.000
G1 X-16.210 Y-138.437 Z-0.400 F400.000
G1 X-16.215 Y-138.454 Z-0.400 F400.000
G1 X-16.238 Y-138.510 Z-0.400 F400.000
G1 X-20.125 Y-146.846 Z-0.400 F400.000
G1 X-20.230 Y-147.102 Z-0.400 F400.000
G1 X-20.337 Y-147.450 Z-0.400 F400.000
G1 X-20.406 Y-147.807 Z-0.400 F400.000
G1 X-20.435 Y-148.170 Z-0.400 F400.000
G1 X-20.437 Y-171.124 Z-0.400 F400.000
G1 X-20.424 Y-171.331 Z-0.400 F400.000
G1 X-20.390 Y-171.590 Z-0.400 F400.000
G1 X-20.283 Y-171.990 Z-0.400 F400.000
G1 X-20.183 Y-172.231 Z-0.400 F400.000
G1 X-19.975 Y-172.590 Z-0.400 F400.000
G1 X-19.817 Y-172.797 Z-0.400 F400.000
G1 X-19.524 Y-173.090 Z-0.400 F400.000
G1 X-19.316 Y-173.249 Z-0.400 F400.000
G1 X-18.958 Y-173.456 Z-0.400 F400.000
G1 X-18.716 Y-173.556 Z-0.400 F400.000
G1 X-18.316 Y-173.663 Z-0.400 F400.000
G1 X-18.057 Y-173.697 Z-0.400 F400.000
G1 X-17.850 Y-173.711 Z-0.400 F400.000
G1 X-16.445 Y-173.711 Z-0.400 F400.000
G1 X-16.336 Y-173.722 Z-0.400 F400.000
G1 X-16.307 Y-173.731 Z-0.400 F400.000
G1 X-16.281 Y-173.745 Z-0.400 F400.000
G1 X-16.257 Y-173.764 Z-0.400 F400.000
G1 X-16.238 Y-173.788 Z-0.400 F400.000
G1 X-16.224 Y-173.814 Z-0.400 F400.000
G1 X-16.215 Y-173.843 Z-0.400 F400.000
G1 X-16.204 Y-173.952 Z-0.400 F400.000
G1 X-16.204 Y-176.843 Z-0.400 F400.000
G1 X-16.207 Y-176.903 Z-0.400 F400.000
G1 X-16.210 Y-176.921 Z-0.400 F400.000
G1 X-16.215 Y-176.938 Z-0.400 F400.000
G1 X-16.238 Y-176.994 Z-0.400 F400.000
G1 X-20.125 Y-185.330 Z-0.400 F400.000
G1 X-20.230 Y-185.586 Z-0.400 F400.000
G1 X-20.337 Y-185.934 Z-0.400 F400.000
G1 X-20.406 Y-186.291 Z-0.400 F400.000
G1 X-20.435 Y-186.654 Z-0.400 F400.000
G1 X-20.437 Y-195.220 Z-0.400 F400.000
G1 X-20.396 Y-195.717 Z-0.400 F400.000
G1 X-20.336 Y-196.023 Z-0.400 F400.000
G1 X-20.236 Y-196.351 Z-0.400 F400.000
G1 X-20.117 Y-196.638 Z-0.400 F400.000
G1 X-19.955 Y-196.941 Z-0.400 F400.000
G1 X-19.782 Y-197.200 Z-0.400 F400.000
G1 X-19.565 Y-197.465 Z-0.400 F400.000
G1 X-19.345 Y-197.685 Z-0.400 F400.000
G1 X-19.079 Y-197.903 Z-0.400 F400.000
G1 X-18.821 Y-198.076 Z-0.400 F400.000
G1 X-18.518 Y-198.237 Z-0.400 F400.000
G1 X-18.231 Y-198.356 Z-0.400 F400.000
G1 X-17.902 Y-198.456 Z-0.400 F400.000
G1 X-17.597 Y-198.517 Z-0.400 F400.000
G1 X-17.256 Y-198.550 Z-0.400 F400.000
G1 X-14.330 Y-198.558 Z-0.400 F400.000
G1 X-14.220 Y-198.569 Z-0.400 F400.000
G1 X-14.191 Y-198.577 Z-0.400 F400.000
G1 X-14.164 Y-198.592 Z-0.400 F400.000
G1 X-14.141 Y-198.611 Z-0.400 F400.000
G1 X-14.121 Y-198.634 Z-0.400 F400.000
G1 X-14.107 Y-198.661 Z-0.400 F400.000
G1 X-14.098 Y-198.690 Z-0.400 F400.000
G1 X-14.087 Y-198.798 Z-0.400 F400.000
G1 X-14.088 Y-200.505 Z-0.400 F400.000
G1 X-14.098 Y-200.613 Z-0.400 F400.000
G1 X-14.107 Y-200.642 Z-0.400 F400.000
G1 X-14.121 Y-200.669 Z-0.400 F400.000
G1 X-14.141 Y-200.692 Z-0.400 F400.000
G1 X-14.164 Y-200.712 Z-0.400 F400.000
G1 X-14.191 Y-200.726 Z-0.400 F400.000
G1 X-14.220 Y-200.735 Z-0.400 F400.000
G1 X-14.328 Y-200.745 Z-0.400 F400.000
G1 X-17.100 Y-200.745 Z-0.400 F400.000
G1 X-17.597 Y-200.787 Z-0.400 F400.000
G1 X-17.902 Y-200.847 Z-0.400 F400.000
G1 X-18.231 Y-200.947 Z-0.400 F400.000
G1 X-18.518 Y-201.066 Z-0.400 F400.000
G1 X-18.821 Y-201.228 Z-0.400 F400.000
G1 X-19.079 Y-201.401 Z-0.400 F400.000
G1 X-19.345 Y-201.618 Z-0.400 F400.000
G1 X-19.565 Y-201.838 Z-0.400 F400.000
G1 X-19.782 Y-202.104 Z-0.400 F400.000
G1 X-19.955 Y-202.362 Z-0.400 F400.000
G1 X-20.117 Y-202.665 Z-0.400 F400.000
G1 X-20.236 Y-202.952 Z-0.400 F400.000
G1 X-20.336 Y-203.281 Z-0.400 F400.000
G1 X-20.396 Y-203.586 Z-0.400 F400.000
G1 X-20.430 Y-203.927 Z-0.400 F400.000
G1 X-20.437 Y-228.000 Z-0.400 F400.000
G0 X-20.437 Y-228.000 Z5.000
G0 X-20.437 Y-3.000 Z5.000
G0 X-20.437 Y-3.000 Z3.000
G1 X-20.437 Y-17.188 Z2.505 F400.000
G1 X-20.424 Y-17.395 Z2.497 F400.000
G1 X-20.390 Y-17.654 Z2.488 F400.000
G1 X-20.283 Y-18.054 Z2.474 F400.000
G1 X-20.183 Y-18.295 Z2.465 F400.000
G1 X-19.975 Y-18.654 Z2.450 F400.000
G1 X-19.817 Y-18.861 Z2.441 F400.000
G1 X-19.524 Y-19.154 Z2.427 F400.000
G1 X-19.316 Y-19.313 Z2.417 F400.000
G1 X-18.958 Y-19.520 Z2.403 F400.000
G1 X-18.716 Y-19.620 Z2.394 F400.000
G1 X-18.316 Y-19.727 Z2.379 F400.000
G1 X-18.057 Y-19.761 Z2.370 F400.000
G1 X-17.850 Y-19.775 Z2.363 F400.000
G1 X-16.445 Y-19.775 Z2.314 F400.000
G1 X-16.336 Y-19.786 Z2.310 F400.000
G1 X-16.307 Y-19.794 Z2.309 F400.000
G1 X-16.281 Y-19.809 Z2.308 F400.000
G1 X-16.257 Y-19.828 Z2.307 F400.000
G1 X-16.238 Y-19.851 Z2.306 F400.000
G1 X-16.224 Y-19.878 Z2.305 F400.000
G1 X-16.215 Y-19.907 Z2.304 F400.000
G1 X-16.204 Y-20.015 Z2.300 F400.000
G1 X-16.204 Y-22.907 Z2.199 F400.000
G1 X-16.207 Y-22.967 Z2.197 F400.000
G1 X-16.210 Y-22.985 Z2.196 F400.000
G1 X-16.215 Y-23.001 Z2.196 F400.000
G1 X-16.238 Y-23.058 Z2.194 F400.000
G1 X-20.125 Y-31.394 Z1.872 F400.000
G1 X-20.230 Y-31.650 Z1.863 F400.000
G1 X-20.337 Y-31.998 Z1.850 F400.000
G1 X-20.406 Y-32.355 Z1.837 F400.000
G1 X-20.435 Y-32.718 Z1.825 F400.000
G1 X-20.437 Y-50.603 Z1.200 F400.000
G1 X-20.435 Y-32.718 Z0.575 F400.000
G1 X-20.406 Y-32.355 Z0.563 F400.000
G1 X-20.337 Y-31.998 Z0.550 F400.000
G1 X-20.230 Y-31.650 Z0.537 F400.000
G1 X-20.125 Y-31.394 Z0.528 F400.000
G1 X-16.238 Y-23.058 Z0.206 F400.000
G1 X-16.215 Y-23.001 Z0.204 F400.000
G1 X-16.210 Y-22.985 Z0.204 F400.000
G1 X-16.207 Y-22.967 Z0.203 F400.000
G1 X-16.204 Y-22.907 Z0.201 F400.000
G1 X-16.204 Y-20.015 Z0.100 F400.000
G1 X-16.215 Y-19.907 Z0.096 F400.000
G1 X-16.224 Y-19.878 Z0.095 F400.000
G1 X-16.238 Y-19.851 Z0.094 F400.000
G1 X-16.257 Y-19.828 Z0.093 F400.000
G1 X-16.281 Y-19.809 Z0.092 F400.000
G1 X-16.307 Y-19.794 Z0.091 F400.000
G1 X-16.336 Y-19.786 Z0.090 F400.000
G1 X-16.445 Y-19.775 Z0.086 F400.000
G1 X-17.850 Y-19.775 Z0.037 F400.000
G1 X-18.057 Y-19.761 Z0.030 F400.000
G1 X-18.316 Y-19.727 Z0.021 F400.000
G1 X-18.716 Y-19.620 Z0.006 F400.000
G1 X-18.958 Y-19.520 Z-0.003 F400.000
G1 X-19.316 Y-19.313 Z-0.017 F400.000
G1 X-19.524 Y-19.154 Z-0.027 F400.000
G1 X-19.817 Y-18.861 Z-0.041 F400.000
G1 X-19.975 Y-18.654 Z-0.050 F400.000
G1 X-20.183 Y-18.295 Z-0.065 F400.000
G1 X-20.283 Y-18.054 Z-0.074 F400.000
G1 X-20.390 Y-17.654 Z-0.088 F400.000
G1 X-20.424 Y-17.395 Z-0.097 F400.000
G1 X-20.437 Y-17.188 Z-0.105 F400.000
G1 X-20.437 Y-3.000 Z-0.600 F400.000
G1 X-20.437 Y-17.188 Z-0.600 F400.000
G1 X-20.424 Y-17.395 Z-0.600 F400.000
G1 X-20.390 Y-17.654 Z-0.600 F400.000
G1 X-20.283 Y-18.054 Z-0.600 F400.000
G1 X-20.183 Y-18.295 Z-0.600 F400.000
G1 X-19.975 Y-18.654 Z-0.600 F400.000
G1 X-19.817 Y-18.861 Z-0.600 F400.000
G1 X-19.524 Y-19.154 Z-0.600 F400.000
G1 X-19.316 Y-19.313 Z-0.600 F400.000
G1 X-18.958 Y-19.520 Z-0.600 F400.000
G1 X-18.716 Y-19.620 Z-0.600 F400.000
G1 X-18.316 Y-19.727 Z-0.600 F400.000
G1 X-18.057 Y-19.761 Z-0.600 F400.000
G1 X-17.850 Y-19.775 Z-0.600 F400.000
G1 X-16.445 Y-19.775 Z-0.600 F400.000
G1 X-16.336 Y-19.786 Z-0.600 F400.000
G1 X-16.307 Y-19.794 Z-0.600 F400.000
G1 X-16.281 Y-19.809 Z-0.600 F400.000
G1 X-16.257 Y-19.828 Z-0.600 F400.000
G1 X-16.238 Y-19.851 Z-0.600 F400.000
G1 X-16.224 Y-19.878 Z-0.600 F400.000
G1 X-16.215 Y-19.907 Z-0.600 F400.000
G1 X-16.204 Y-20.015 Z-0.600 F400.000
G1 X-16.204 Y-22.907 Z-0.600 F400.000
G1 X-16.207 Y-22.967 Z-0.600 F400.000
G1 X-16.210 Y-22.985 Z-0.600 F400.000
G1 X-16.215 Y-23.001 Z-0.600 F400.000
G1 X-16.238 Y-23.058 Z-0.600 F400.000
G1 X-20.125 Y-31.394 Z-0.600 F400.000
G1 X-20.230 Y-31.650 Z-0.600 F400.000
G1 X-20.337 Y-31.998 Z-0.600 F400.000
G1 X-20.406 Y-32.355 Z-0.600 F400.000
G1 X-20.435 Y-32.718 Z-0.600 F400.000
G1 X-20.437 Y-55.672 Z-0.600 F400.000
G1 X-20.424 Y-55.879 Z-0.600 F400.000
G1 X-20.390 Y-56.138 Z-0.600 F400.000
G1 X-20.283 Y-56.538 Z-0.600 F400.000
G1 X-20.183 Y-56.779 Z-0.600 F400.000
G1 X-19.975 Y-57.138 Z-0.600 F400.000
G1 X-19.817 Y-57.345 Z-0.600 F400.000
G1 X-19.524 Y-57.638 Z-0.600 F400.000
G1 X-19.316 Y-57.797 Z-0.600 F400.000
G1 X-18.958 Y-58.004 Z-0.600 F400.000
G1 X-18.716 Y-58.104 Z-0.600 F400.000
G1 X-18.316 Y-58.211 Z-0.600 F400.000
G1 X-18.057 Y-58.245 Z-0.600 F400.000
G1 X-17.850 Y-58.259 Z-0.600 F400.000
G1 X-16.445 Y-58.259 Z-0.600 F400.000
G1 X-16.336 Y-58.270 Z-0.600 F400.000
G1 X-16.307 Y-58.278 Z-0.600 F400.000
G1 X-16.281 Y-58.293 Z-0.600 F400.000
G1 X-16.257 Y-58.312 Z-0.600 F400.000
G1 X-16.238 Y-58.336 Z-0.600 F400.000
G1 X-16.224 Y-58.362 Z-0.600 F400.000
G1 X-16.215 Y-58.391 Z-0.600 F400.000
G1 X-16.204 Y-58.500 Z-0.600 F400.000
G1 X-16.204 Y-61.391 Z-0.600 F400.000
G1 X-16.207 Y-61.451 Z-0.600 F400.000
G1 X-16.210 Y-61.469 Z-0.600 F400.000
G1 X-16.215 Y-61.485 Z-0.600 F400.000
G1 X-16.238 Y-61.542 Z-0.600 F400.000
G1 X-20.125 Y-69.878 Z-0.600 F400.000
G1 X-20.230 Y-70.134 Z-0.600 F400.000
G1 X-20.337 Y-70.482 Z-0.600 F400.000
G1 X-20.406 Y-70.839 Z-0.600 F400.000
G1 X-20.435 Y-71.202 Z-0.600 F400.000
G1 X-20.437 Y-94.156 Z-0.600 F400.000
G1 X-20.424 Y-94.363 Z-0.600 F400.000
G1 X-20.390 Y-94.622 Z-0.600 F400.000
G1 X-20.283 Y-95.022 Z-0.600 F400.000
G1 X-20.183 Y-95.263 Z-0.600 F400.000
G1 X-19.975 Y-95.622 Z-0.600 F400.000
G1 X-19.817 Y-95.829 Z-0.600 F400.000
G1 X-19.524 Y-96.122 Z-0.600 F400.000
G1 X-19.316 Y-96.281 Z-0.600 F400.000
G1 X-18.958 Y-96.488 Z-0.600 F400.000
G1 X-18.716 Y-96.588 Z-0.600 F400.000
G1 X-18.316 Y-96.695 Z-0.600 F400.000
G1 X-18.057 Y-96.729 Z-0.600 F400.000
G1 X-17.850 Y-96.743 Z-0.600 F400.000
G1 X-16.445 Y-96.743 Z-0.600 F400.000
G1 X-16.336 Y-96.754 Z-0.600 F400.000
G1 X-16.307 Y-96.762 Z-0.600 F400.000
G1 X-16.281 Y-96.777 Z-0.600 F400.000
G1 X-16.257 Y-96.796 Z-0.600 F400.000
G1 X-16.238 Y-96.820 Z-0.600 F400.000
G1 X-16.224 Y-96.846 Z-0.600 F400.000
G1 X-16.215 Y-96.875 Z-0.600 F400.000
G1 X-16.204 Y-96.984 Z-0.600 F400.000
G1 X-16.204 Y-99.875 Z-0.600 F400.000
G1 X-16.207 Y-99.935 Z-0.600 F400.000
G1 X-16.210 Y-99.953 Z-0.600 F400.000
G1 X-16.215 Y-99.969 Z-0.600 F400.000
G1 X-16.238 Y-100.026 Z-0.600 F400.000
G1 X-20.125 Y-108.362 Z-0.600 F400.000
G1 X-20.230 Y-108.618 Z-0.600 F400.000
G1 X-20.337 Y-108.966 Z-0.600 F400.000
G1 X-20.406 Y-109.323 Z-0.600 F400.000
G1 X-20.435 Y-109.686 Z-0.600 F400.000
G1 X-20.437 Y-132.640 Z-0.600 F400.000
G1 X-20.424 Y-132.847 Z-0.600 F400.000
G1 X-20.390 Y-133.106 Z-0.600 F400.000
G1 X-20.283 Y-133.506 Z-0.600 F400.000
G1 X-20.183 Y-133.747 Z-0.600 F400.000
G1 X-19.975 Y-134.106 Z-0.600 F400.000
G1 X-19.817 Y-134.313 Z-0.600 F400.000
G1 X-19.524 Y-134.606 Z-0.600 F400.000
G1 X-19.316 Y-134.765 Z-0.600 F400.000
G1 X-18.958 Y-134.972 Z-0.600 F400.000
G1 X-18.716 Y-135.072 Z-0.600 F400.000
G1 X-18.316 Y-135.179 Z-0.600 F400.000
G1 X-18.057 Y-135.213 Z-0.600 F400.000
G1 X-17.850 Y-135.227 Z-0.600 F400.000
G1 X-16.445 Y-135.227 Z-0.600 F400.000
G1 X-16.336 Y-135.238 Z-0.600 F400.000
G1 X-16.307 Y-135.247 Z-0.600 F400.000
G1 X-16.281 Y-135.261 Z-0.600 F400.000
G1 X-16.257 Y-135.280 Z-0.600 F400.000
G1 X-16.238 Y-135.304 Z-0.600 F400.000
G1 X-16.224 Y-135.330 Z-0.600 F400.000
G1 X-16.215 Y-135.359 Z-0.600 F400.000
G1 X-16.204 Y-135.468 Z-0.600 F400.000
G1 X-16.204 Y-138.359 Z-0.600 F400.000
G1 X-16.207 Y-138.419 Z-0.600 F400.000
G1 X-16.210 Y-138.437 Z-0.600 F400.000
G1 X-16.215 Y-138.454 Z-0.600 F400.000
G1 X-16.238 Y-138.510 Z-0.600 F400.000
G1 X-20.125 Y-146.846 Z-0.600 F400.000
G1 X-20.230 Y-147.102 Z-0.600 F400.000
G1 X-20.337 Y-147.450 Z-0.600 F400.000
G1 X-20.406 Y-147.807 Z-0.600 F400.000
G1 X-20.435 Y-148.170 Z-0.600 F400.000
G1 X-20.437 Y-171.124 Z-0.600 F400.000
G1 X-20.424 Y-171.331 Z-0.600 F400.000
G1 X-20.390 Y-171.590 Z-0.600 F400.000
G1 X-20.283 Y-171.990 Z-0.600 F400.000
G1 X-20.183 Y-172.231 Z-0.600 F400.000
G1 X-19.975 Y-172.590 Z-0.600 F400.000
G1 X-19.817 Y-172.797 Z-0.600 F400.000
G1 X-19.524 Y-173.090 Z-0.600 F400.000
G1 X-19.316 Y-173.249 Z-0.600 F400.000
G1 X-18.958 Y-173.456 Z-0.600 F400.000
G1 X-18.716 Y-173.556 Z-0.600 F400.000
G1 X-18.316 Y-173.663 Z-0.600 F400.000
G1 X-18.057 Y-173.697 Z-0.600 F400.000
G1 X-17.850 Y-173.711 Z-0.600 F400.000
G1 X-16.445 Y-173.711 Z-0.600 F400.000
G1 X-16.336 Y-173.722 Z-0.600 F400.000
G1 X-16.307 Y-173.731 Z-0.600 F400.000
G1 X-16.281 Y-173.745 Z-0.600 F400.000
G1 X-16.257 Y-173.764 Z-0.600 F400.000
G1 X-16.238 Y-173.788 Z-0.600 F400.000
G1 X-16.224 Y-173.814 Z-0.600 F400.000
G1 X-16.215 Y-173.843 Z-0.600 F400.000
G1 X-16.204 Y-173.952 Z-0.600 F400.000
G1 X-16.204 Y-176.843 Z-0.600 F400.000
G1 X-16.207 Y-176.903 Z-0.600 F400.000
G1 X-16.210 Y-176.921 Z-0.600 F400.000
G1 X-16.215 Y-176.938 Z-0.600 F400.000
G1 X-16.238 Y-176.994 Z-0.600 F400.000
G1 X-20.125 Y-185.330 Z-0.600 F400.000
G1 X-20.230 Y-185.586 Z-0.600 F400.000
G1 X-20.337 Y-185.934 Z-0.600 F400.000
G1 X-20.406 Y-186.291 Z-0.600 F400.000
G1 X-20.435 Y-186.654 Z-0.600 F400.000
G1 X-20.437 Y-195.220 Z-0.600 F400.000
G1 X-20.396 Y-195.717 Z-0.600 F400.000
G1 X-20.336 Y-196.023 Z-0.600 F400.000
G1 X-20.236 Y-196.351 Z-0.600 F400.000
G1 X-20.117 Y-196.638 Z-0.600 F400.000
G1 X-19.955 Y-196.941 Z-0.600 F400.000
G1 X-19.782 Y-197.200 Z-0.600 F400.000
G1 X-19.565 Y-197.465 Z-0.600 F400.000
G1 X-19.345 Y-197.685 Z-0.600 F400.000
G1 X-19.079 Y-197.903 Z-0.600 F400.000
G1 X-18.821 Y-198.076 Z-0.600 F400.000
G1 X-18.518 Y-198.237 Z-0.600 F400.000
G1 X-18.231 Y-198.356 Z-0.600 F400.000
G1 X-17.902 Y-198.456 Z-0.600 F400.000
G1 X-17.597 Y-198.517 Z-0.600 F400.000
G1 X-17.256 Y-198.550 Z-0.600 F400.000
G1 X-14.330 Y-198.558 Z-0.600 F400.000
G1 X-14.220 Y-198.569 Z-0.600 F400.000
G1 X-14.191 Y-198.577 Z-0.600 F400.000
G1 X-14.164 Y-198.592 Z-0.600 F400.000
G1 X-14.141 Y-198.611 Z-0.600 F400.000
G1 X-14.121 Y-198.634 Z-0.600 F400.000
G1 X-14.107 Y-198.661 Z-0.600 F400.000
G1 X-14.098 Y-198.690 Z-0.600 F400.000
G1 X-14.087 Y-198.798 Z-0.600 F400.000
G1 X-14.088 Y-200.505 Z-0.600 F400.000
G1 X-14.098 Y-200.613 Z-0.600 F400.000
G1 X-14.107 Y-200.642 Z-0.600 F400.000
G1 X-14.121 Y-200.669 Z-0.600 F400.000
G1 X-14.141 Y-200.692 Z-0.600 F400.000
G1 X-14.164 Y-200.712 Z-0.600 F400.000
G1 X-14.191 Y-200.726 Z-0.600 F400.000
G1 X-14.220 Y-200.735 Z-0.600 F400.000
G1 X-14.328 Y-200.745 Z-0.600 F400.000
G1 X-17.100 Y-200.745 Z-0.600 F400.000
G1 X-17.597 Y-200.787 Z-0.600 F400.000
G1 X-17.902 Y-200.847 Z-0.600 F400.000
G1 X-18.231 Y-200.947 Z-0.600 F400.000
G1 X-18.518 Y-201.066 Z-0.600 F400.000
G1 X-18.821 Y-201.228 Z-0.600 F400.000
G1 X-19.079 Y-201.401 Z-0.600 F400.000
G1 X-19.345 Y-201.618 Z-0.600 F400.000
G1 X-19.565 Y-201.838 Z-0.600 F400.000
G1 X-19.782 Y-202.104 Z-0.600 F400.000
G1 X-19.955 Y-202.362 Z-0.600 F400.000
G1 X-20.117 Y-202.665 Z-0.600 F400.000
G1 X-20.236 Y-202.952 Z-0.600 F400.000
G1 X-20.336 Y-203.281 Z-0.600 F400.000
G1 X-20.396 Y-203.586 Z-0.600 F400.000
G1 X-20.430 Y-203.927 Z-0.600 F400.000
G1 X-20.437 Y-228.000 Z-0.600 F400.000
G0 X-20.437 Y-228.000 Z5.000
G0 X-20.437 Y-3.000 Z5.000
G0 X-20.437 Y-3.000 Z3.000
G1 X-20.437 Y-17.188 Z2.505 F400.000
G1 X-20.424 Y-17.395 Z2.497 F400.000
G1 X-20.390 Y-17.654 Z2.488 F400.000
G1 X-20.283 Y-18.054 Z2.474 F400.000
G1 X-20.183 Y-18.295 Z2.465 F400.000
G1 X-19.975 Y-18.654 Z2.450 F400.000
G1 X-19.817 Y-18.861 Z2.441 F400.000
G1 X-19.524 Y-19.154 Z2.427 F400.000
G1 X-19.316 Y-19.313 Z2.417 F400.000
G1 X-18.958 Y-19.520 Z2.403 F400.000
G1 X-18.716 Y-19.620 Z2.394 F400.000
G1 X-18.316 Y-19.727 Z2.379 F400.000
G1 X-18.057 Y-19.761 Z2.370 F400.000
G1 X-17.850 Y-19.775 Z2.363 F400.000
G1 X-16.445 Y-19.775 Z2.314 F400.000
G1 X-16.336 Y-19.786 Z2.310 F400.000
G1 X-16.307 Y-19.794 Z2.309 F400.000
G1 X-16.281 Y-19.809 Z2.308 F400.000
G1 X-16.257 Y-19.828 Z2.307 F400.000
G1 X-16.238 Y-19.851 Z2.306 F400.000
G1 X-16.224 Y-19.878 Z2.305 F400.000
G1 X-16.215 Y-19.907 Z2.304 F400.000
G1 X-16.204 Y-20.015 Z2.300 F400.000
G1 X-16.204 Y-22.907 Z2.199 F400.000
G1 X-16.207 Y-22.967 Z2.197 F400.000
G1 X-16.210 Y-22.985 Z2.196 F400.000
G1 X-16.215 Y-23.001 Z2.196 F400.000
G1 X-16.238 Y-23.058 Z2.194 F400.000
G1 X-20.125 Y-31.394 Z1.872 F400.000
G1 X-20.230 Y-31.650 Z1.863 F400.000
G1 X-20.337 Y-31.998 Z1.850 F400.000
G1 X-20.406 Y-32.355 Z1.837 F400.000
G1 X-20.435 Y-32.718 Z1.825 F400.000
G1 X-20.437 Y-53.467 Z1.100 F400.000
G1 X-20.435 Y-32.718 Z0.375 F400.000
G1 X-20.406 Y-32.355 Z0.363 F400.000
G1 X-20.337 Y-31.998 Z0.350 F400.000
G1 X-20.230 Y-31.650 Z0.337 F400.000
G1 X-20.125 Y-31.394 Z0.328 F400.000
G1 X-16.238 Y-23.058 Z0.006 F400.000
G1 X-16.215 Y-23.001 Z0.004 F400.000
G1 X-16.210 Y-22.985 Z0.004 F400.000
G1 X-16.207 Y-22.967 Z0.003 F400.000
G1 X-16.204 Y-22.907 Z0.001 F400.000
G1 X-16.204 Y-20.015 Z-0.100 F400.000
G1 X-16.215 Y-19.907 Z-0.104 F400.000
G1 X-16.224 Y-19.878 Z-0.105 F400.000
G1 X-16.238 Y-19.851 Z-0.106 F400.000
G1 X-16.257 Y-19.828 Z-0.107 F400.000
G1 X-16.281 Y-19.809 Z-0.108 F400.000
G1 X-16.307 Y-19.794 Z-0.109 F400.000
G1 X-16.336 Y-19.786 Z-0.110 F400.000
G1 X-16.445 Y-19.775 Z-0.114 F400.000
G1 X-17.850 Y-19.775 Z-0.163 F400.000
G1 X-18.057 Y-19.761 Z-0.170 F400.000
G1 X-18.316 Y-19.727 Z-0.179 F400.000
G1 X-18.716 Y-19.620 Z-0.194 F400.000
G1 X-18.958 Y-19.520 Z-0.203 F400.000
G1 X-19.316 Y-19.313 Z-0.217 F400.000
G1 X-19.524 Y-19.154 Z-0.227 F400.000
G1 X-19.817 Y-18.861 Z-0.241 F400.000
G1 X-19.975 Y-18.654 Z-0.250 F400.000
G1 X-20.183 Y-18.295 Z-0.265 F400.000
G1 X-20.283 Y-18.054 Z-0.274 F400.000
G1 X-20.390 Y-17.654 Z-0.288 F400.000
G1 X-20.424 Y-17.395 Z-0.297 F400.000
G1 X-20.437 Y-17.188 Z-0.305 F400.000
G1 X-20.437 Y-3.000 Z-0.800 F400.000
G1 X-20.437 Y-17.188 Z-0.800 F400.000
G1 X-20.424 Y-17.395 Z-0.800 F400.000
G1 X-20.390 Y-17.654 Z-0.800 F400.000
G1 X-20.283 Y-18.054 Z-0.800 F400.000
G1 X-20.183 Y-18.295 Z-0.800 F400.000
G1 X-19.975 Y-18.654 Z-0.800 F400.000
G1 X-19.817 Y-18.861 Z-0.800 F400.000
G1 X-19.524 Y-19.154 Z-0.800 F400.000
G1 X-19.316 Y-19.313 Z-0.800 F400.000
G1 X-18.958 Y-19.520 Z-0.800 F400.000
G1 X-18.716 Y-19.620 Z-0.800 F400.000
G1 X-18.316 Y-19.727 Z-0.800 F400.000
G1 X-18.057 Y-19.761 Z-0.800 F400.000
G1 X-17.850 Y-19.775 Z-0.800 F400.000
G1 X-16.445 Y-19.775 Z-0.800 F400.000
G1 X-16.336 Y-19.786 Z-0.800 F400.000
G1 X-16.307 Y-19.794 Z-0.800 F400.000
G1 X-16.281 Y-19.809 Z-0.800 F400.000
G1 X-16.257 Y-19.828 Z-0.800 F400.000
G1 X-16.238 Y-19.851 Z-0.800 F400.000
G1 X-16.224 Y-19.878 Z-0.800 F400.000
G1 X-16.215 Y-19.907 Z-0.800 F400.000
G1 X-16.204 Y-20.015 Z-0.800 F400.000
G1 X-16.204 Y-22.907 Z-0.800 F400.000
G1 X-16.207 Y-22.967 Z-0.800 F400.000
G1 X-16.210 Y-22.985 Z-0.800 F400.000
G1 X-16.215 Y-23.001 Z-0.800 F400.000
G1 X-16.238 Y-23.058 Z-0.800 F400.000
G1 X-20.125 Y-31.394 Z-0.800 F400.000
G1 X-20.230 Y-31.650 Z-0.800 F400.000
G1 X-20.337 Y-31.998 Z-0.800 F400.000
G1 X-20.406 Y-32.355 Z-0.800 F400.000
G1 X-20.435 Y-32.718 Z-0.800 F400.000
G1 X-20.437 Y-55.672 Z-0.800 F400.000
G1 X-20.424 Y-55.879 Z-0.800 F400.000
G1 X-20.390 Y-56.138 Z-0.800 F400.000
G1 X-20.283 Y-56.538 Z-0.800 F400.000
G1 X-20.183 Y-56.779 Z-0.800 F400.000
G1 X-19.975 Y-57.138 Z-0.800 F400.000
G1 X-19.817 Y-57.345 Z-0.800 F400.000
G1 X-19.524 Y-57.638 Z-0.800 F400.000
G1 X-19.316 Y-57.797 Z-0.800 F400.000
G1 X-18.958 Y-58.004 Z-0.800 F400.000
G1 X-18.716 Y-58.104 Z-0.800 F400.000
G1 X-18.316 Y-58.211 Z-0.800 F400.000
G1 X-18.057 Y-58.245 Z-0.800 F400.000
G1 X-17.850 Y-58.259 Z-0.800 F400.000
G1 X-16.445 Y-58.259 Z-0.800 F400.000
G1 X-16.336 Y-58.270 Z-0.800 F400.000
G1 X-16.307 Y-58.278 Z-0.800 F400.000
G1 X-16.281 Y-58.293 Z-0.800 F400.000
G1 X-16.257 Y-58.312 Z-0.800 F400.000
G1 X-16.238 Y-58.336 Z-0.800 F400.000
G1 X-16.224 Y-58.362 Z-0.800 F400.000
G1 X-16.215 Y-58.391 Z-0.800 F400.000
G1 X-16.204 Y-58.500 Z-0.800 F400.000
G1 X-16.204 Y-61.391 Z-0.800 F400.000
G1 X-16.207 Y-61.451 Z-0.800 F400.000
G1 X-16.210 Y-61.469 Z-0.800 F400.000
G1 X-16.215 Y-61.485 Z-0.800 F400.000
G1 X-16.238 Y-61.542 Z-0.800 F400.000
G1 X-20.125 Y-69.878 Z-0.800 F400.000
G1 X-20.230 Y-70.134 Z-0.800 F400.000
G1 X-20.337 Y-70.482 Z-0.800 F400.000
G1 X-20.406 Y-70.839 Z-0.800 F400.000
G1 X-20.435 Y-71.202 Z-0.800 F400.000
G1 X-20.437 Y-94.156 Z-0.800 F400.000
G1 X-20.424 Y-94.363 Z-0.800 F400.000
G1 X-20.390 Y-94.622 Z-0.800 F400.000
G1 X-20.283 Y-95.022 Z-0.800 F400.000
G1 X-20.183 Y-95.263 Z-0.800 F400.000
G1 X-19.975 Y-95.622 Z-0.800 F400.000
G1 X-19.817 Y-95.829 Z-0.800 F400.000
G1 X-19.524 Y-96.122 Z-0.800 F400.000
G1 X-19.316 Y-96.281 Z-0.800 F400.000
G1 X-18.958 Y-96.488 Z-0.800 F400.000
G1 X-18.716 Y-96.588 Z-0.800 F400.000
G1 X-18.316 Y-96.695 Z-0.800 F400.000
G1 X-18.057 Y-96.729 Z-0.800 F400.000
G1 X-17.850 Y-96.743 Z-0.800 F400.000
G1 X-16.445 Y-96.743 Z-0.800 F400.000
G1 X-16.336 Y-96.754 Z-0.800 F400.000
G1 X-16.307 Y-96.762 Z-0.800 F400.000
G1 X-16.281 Y-96.777 Z-0.800 F400.000
G1 X-16.257 Y-96.796 Z-0.800 F400.000
G1 X-16.238 Y-96.820 Z-0.800 F400.000
G1 X-16.224 Y-96.846 Z-0.800 F400.000
G1 X-16.215 Y-96.875 Z-0.800 F400.000
G1 X-16.204 Y-96.984 Z-0.800 F400.000
G1 X-16.204 Y-99.875 Z-0.800 F400.000
G1 X-16.207 Y-99.935 Z-0.800 F400.000
G1 X-16.210 Y-99.953 Z-0.800 F400.000
G1 X-16.215 Y-99.969 Z-0.800 F400.000
G1 X-16.238 Y-100.026 Z-0.800 F400.000
G1 X-20.125 Y-108.362 Z-0.800 F400.000
G1 X-20.230 Y-108.618 Z-0.800 F400.000
G1 X-20.337 Y-108.966 Z-0.800 F400.000
G1 X-20.406 Y-109.323 Z-0.800 F400.000
G1 X-20.435 Y-109.686 Z-0.800 F400.000
G1 X-20.437 Y-132.640 Z-0.800 F400.000
G1 X-20.424 Y-132.847 Z-0.800 F400.000
G1 X-20.390 Y-133.106 Z-0.800 F400.000
G1 X-20.283 Y-133.506 Z-0.800 F400.000
G1 X-20.183 Y-133.747 Z-0.800 F400.000
G1 X-19.975 Y-134.106 Z-0.800 F400.000
G1 X-19.817 Y-134.313 Z-0.800 F400.000
G1 X-19.524 Y-134.606 Z-0.800 F400.000
G1 X-19.316 Y-134.765 Z-0.800 F400.000
G1 X-18.958 Y-134.972 Z-0.800 F400.000
G1 X-18.716 Y-135.072 Z-0.800 F400.000
G1 X-18.316 Y-135.179 Z-0.800 F400.000
G1 X-18.057 Y-135.213 Z-0.800 F400.000
G1 X-17.850 Y-135.227 Z-0.800 F400.000
G1 X-16.445 Y-135.227 Z-0.800 F400.000
G1 X-16.336 Y-135.238 Z-0.800 F400.000
G1 X-16.307 Y-135.247 Z-0.800 F400.000
G1 X-16.281 Y-135.261 Z-0.800 F400.000
G1 X-16.257 Y-135.280 Z-0.800 F400.000
G1 X-16.238 Y-135.304 Z-0.800 F400.000
G1 X-16.224 Y-135.330 Z-0.800 F400.000
G1 X-16.215 Y-135.359 Z-0.800 F400.000
G1 X-16.204 Y-135.468 Z-0.800 F400.000
G1 X-16.204 Y-138.359 Z-0.800 F400.000
G1 X-16.207 Y-138.419 Z-0.800 F400.000
G1 X-16.210 Y-138.437 Z-0.800 F400.000
G1 X-16.215 Y-138.454 Z-0.800 F400.000
G1 X-16.238 Y-138.510 Z-0.800 F400.000
G1 X-20.125 Y-146.846 Z-0.800 F400.000
G1 X-20.230 Y-147.102 Z-0.800 F400.000
G1 X-20.337 Y-147.450 Z-0.800 F400.000
G1 X-20.406 Y-147.807 Z-0.800 F400.000
G1 X-20.435 Y-148.170 Z-0.800 F400.000
G1 X-20.437 Y-171.124 Z-0.800 F400.000
G1 X-20.424 Y-171.331 Z-0.800 F400.000
G1 X-20.390 Y-171.590 Z-0.800 F400.000
G1 X-20.283 Y-171.990 Z-0.800 F400.000
G1 X-20.183 Y-172.231 Z-0.800 F400.000
G1 X-19.975 Y-172.590 Z-0.800 F400.000
G1 X-19.817 Y-172.797 Z-0.800 F400.000
G1 X-19.524 Y-173.090 Z-0.800 F400.000
G1 X-19.316 Y-173.249 Z-0.800 F400.000
G1 X-18.958 Y-173.456 Z-0.800 F400.000
G1 X-18.716 Y-173.556 Z-0.800 F400.000
G1 X-18.316 Y-173.663 Z-0.800 F400.000
G1 X-18.057 Y-173.697 Z-0.800 F400.000
G1 X-17.850 Y-173.711 Z-0.800 F400.000
G1 X-16.445 Y-173.711 Z-0.800 F400.000
G1 X-16.336 Y-173.722 Z-0.800 F400.000
G1 X-16.307 Y-173.731 Z-0.800 F400.000
G1 X-16.281 Y-173.745 Z-0.800 F400.000
G1 X-16.257 Y-173.764 Z-0.800 F400.000
G1 X-16.238 Y-173.788 Z-0.800 F400.000
G1 X-16.224 Y-173.814 Z-0.800 F400.000
G1 X-16.215 Y-173.843 Z-0.800 F400.000
G1 X-16.204 Y-173.952 Z-0.800 F400.000
G1 X-16.204 Y-176.843 Z-0.800 F400.000
G1 X-16.207 Y-176.903 Z-0.800 F400.000
G1 X-16.210 Y-176.921 Z-0.800 F400.000
G1 X-16.215 Y-176.938 Z-0.800 F400.000
G1 X-16.238 Y-176.994 Z-0.800 F400.000
G1 X-20.125 Y-185.330 Z-0.800 F400.000
G1 X-20.230 Y-185.586 Z-0.800 F400.000
G1 X-20.337 Y-185.934 Z-0.800 F400.000
G1 X-20.406 Y-186.291 Z-0.800 F400.000
G1 X-20.435 Y-186.654 Z-0.800 F400.000
G1 X-20.437 Y-195.220 Z-0.800 F400.000
G1 X-20.396 Y-195.717 Z-0.800 F400.000
G1 X-20.336 Y-196.023 Z-0.800 F400.000
G1 X-20.236 Y-196.351 Z-0.800 F400.000
G1 X-20.117 Y-196.638 Z-0.800 F400.000
G1 X-19.955 Y-196.941 Z-0.800 F400.000
G1 X-19.782 Y-197.200 Z-0.800 F400.000
G1 X-19.565 Y-197.465 Z-0.800 F400.000
G1 X-19.345 Y-197.685 Z-0.800 F400.000
G1 X-19.079 Y-197.903 Z-0.800 F400.000
G1 X-18.821 Y-198.076 Z-0.800 F400.000
G1 X-18.518 Y-198.237 Z-0.800 F400.000
G1 X-18.231 Y-198.356 Z-0.800 F400.000
G1 X-17.902 Y-198.456 Z-0.800 F400.000
G1 X-17.597 Y-198.517 Z-0.800 F400.000
G1 X-17.256 Y-198.550 Z-0.800 F400.000
G1 X-14.330 Y-198.558 Z-0.800 F400.000
G1 X-14.220 Y-198.569 Z-0.800 F400.000
G1 X-14.191 Y-198.577 Z-0.800 F400.000
G1 X-14.164 Y-198.592 Z-0.800 F400.000
G1 X-14.141 Y-198.611 Z-0.800 F400.000
G1 X-14.121 Y-198.634 Z-0.800 F400.000
G1 X-14.107 Y-198.661 Z-0.800 F400.000
G1 X-14.098 Y-198.690 Z-0.800 F400.000
G1 X-14.087 Y-198.798 Z-0.800 F400.000
G1 X-14.088 Y-200.505 Z-0.800 F400.000
G1 X-14.098 Y-200.613 Z-0.800 F400.000
G1 X-14.107 Y-200.642 Z-0.800 F400.000
G1 X-14.121 Y-200.669 Z-0.800 F400.000
G1 X-14.141 Y-200.692 Z-0.800 F400.000
G1 X-14.164 Y-200.712 Z-0.800 F400.000
G1 X-14.191 Y-200.726 Z-0.800 F400.000
G1 X-14.220 Y-200.735 Z-0.800 F400.000
G1 X-14.328 Y-200.745 Z-0.800 F400.000
G1 X-17.100 Y-200.745 Z-0.800 F400.000
G1 X-17.597 Y-200.787 Z-0.800 F400.000
G1 X-17.902 Y-200.847 Z-0.800 F400.000
G1 X-18.231 Y-200.947 Z-0.800 F400.000
G1 X-18.518 Y-201.066 Z-0.800 F400.000
G1 X-18.821 Y-201.228 Z-0.800 F400.000
G1 X-19.079 Y-201.401 Z-0.800 F400.000
G1 X-19.345 Y-201.618 Z-0.800 F400.000
G1 X-19.565 Y-201.838 Z-0.800 F400.000
G1 X-19.782 Y-202.104 Z-0.800 F400.000
G1 X-19.955 Y-202.362 Z-0.800 F400.000
G1 X-20.117 Y-202.665 Z-0.800 F400.000
G1 X-20.236 Y-202.952 Z-0.800 F400.000
G1 X-20.336 Y-203.281 Z-0.800 F400.000
G1 X-20.396 Y-203.586 Z-0.800 F400.000
G1 X-20.430 Y-203.927 Z-0.800 F400.000
G1 X-20.437 Y-228.000 Z-0.800 F400.000
G0 X-20.437 Y-228.000 Z5.000
G0 X-20.437 Y-3.000 Z5.000
G0 X-20.437 Y-3.000 Z3.000
G1 X-20.437 Y-17.188 Z2.505 F400.000
G1 X-20.424 Y-17.395 Z2.497 F400.000
G1 X-20.390 Y-17.654 Z2.488 F400.000
G1 X-20.283 Y-18.054 Z2.474 F400.000
G1 X-20.183 Y-18.295 Z2.465 F400.000
G1 X-19.975 Y-18.654 Z2.450 F400.000
G1 X-19.817 Y-18.861 Z2.441 F400.000
G1 X-19.524 Y-19.154 Z2.427 F400.000
G1 X-19.316 Y-19.313 Z2.417 F400.000
G1 X-18.958 Y-19.520 Z2.403 F400.000
G1 X-18.716 Y-19.620 Z2.394 F400.000
G1 X-18.316 Y-19.727 Z2.379 F400.000
G1 X-18.057 Y-19.761 Z2.370 F400.000
G1 X-17.850 Y-19.775 Z2.363 F400.000
G1 X-16.445 Y-19.775 Z2.314 F400.000
G1 X-16.336 Y-19.786 Z2.310 F400.000
G1 X-16.307 Y-19.794 Z2.309 F400.000
G1 X-16.281 Y-19.809 Z2.308 F400.000
G1 X-16.257 Y-19.828 Z2.307 F400.000
G1 X-16.238 Y-19.851 Z2.306 F400.000
G1 X-16.224 Y-19.878 Z2.305 F400.000
G1 X-16.215 Y-19.907 Z2.304 F400.000
G1 X-16.204 Y-20.015 Z2.300 F400.000
G1 X-16.204 Y-22.907 Z2.199 F400.000
G1 X-16.207 Y-22.967 Z2.197 F400.000
G1 X-16.210 Y-22.985 Z2.196 F400.000
G1 X-16.215 Y-23.001 Z2.196 F400.000
G1 X-16.238 Y-23.058 Z2.194 F400.000
G1 X-20.125 Y-31.394 Z1.872 F400.000
G1 X-20.230 Y-31.650 Z1.863 F400.000
G1 X-20.337 Y-31.998 Z1.850 F400.000
G1 X-20.406 Y-32.355 Z1.837 F400.000
G1 X-20.435 Y-32.718 Z1.825 F400.000
G1 X-20.437 Y-55.672 Z1.023 F400.000
G1 X-20.424 Y-55.879 Z1.016 F400.000
G1 X-20.390 Y-56.138 Z1.007 F400.000
G1 X-20.341 Y-56.321 Z1.000 F400.000
G1 X-20.390 Y-56.138 Z0.993 F400.000
G1 X-20.424 Y-55.879 Z0.984 F400.000
G1 X-20.437 Y-55.672 Z0.977 F400.000
G1 X-20.435 Y-32.718 Z0.175 F400.000
G1 X-20.406 Y-32.355 Z0.163 F400.000
G1 X-20.337 Y-31.998 Z0.150 F400.000
G1 X-20.230 Y-31.650 Z0.137 F400.000
G1 X-20.125 Y-31.394 Z0.128 F400.000
G1 X-16.238 Y-23.058 Z-0.194 F400.000
G1 X-16.215 Y-23.001 Z-0.196 F400.000
G1 X-16.210 Y-22.985 Z-0.196 F400.000
G1 X-16.207 Y-22.967 Z-0.197 F400.000
G1 X-16.204 Y-22.907 Z-0.199 F400.000
G1 X-16.204 Y-20.015 Z-0.300 F400.000
G1 X-16.215 Y-19.907 Z-0.304 F400.000
G1 X-16.224 Y-19.878 Z-0.305 F400.000
G1 X-16.238 Y-19.851 Z-0.306 F400.000
G1 X-16.257 Y-19.828 Z-0.307 F400.000
G1 X-16.281 Y-19.809 Z-0.308 F400.000
G1 X-16.307 Y-19.794 Z-0.309 F400.000
G1 X-16.336 Y-19.786 Z-0.310 F400.000
G1 X-16.445 Y-19.775 Z-0.314 F400.000
G1 X-17.850 Y-19.775 Z-0.363 F400.000
G1 X-18.057 Y-19.761 Z-0.370 F400.000
G1 X-18.316 Y-19.727 Z-0.379 F400.000
G1 X-18.716 Y-19.620 Z-0.394 F400.000
G1 X-18.958 Y-19.520 Z-0.403 F400.000
G1 X-19.316 Y-19.313 Z-0.417 F400.000
G1 X-19.524 Y-19.154 Z-0.427 F400.000
G1 X-19.817 Y-18.861 Z-0.441 F400.000
G1 X-19.975 Y-18.654 Z-0.450 F400.000
G1 X-20.183 Y-18.295 Z-0.465 F400.000
G1 X-20.283 Y-18.054 Z-0.474 F400.000
G1 X-20.390 Y-17.654 Z-0.488 F400.000
G1 X-20.424 Y-17.395 Z-0.497 F400.000
G1 X-20.437 Y-17.188 Z-0.505 F400.000
G1 X-20.437 Y-3.000 Z-1.000 F400.000
G1 X-20.437 Y-17.188 Z-1.000 F400.000
G1 X-20.424 Y-17.395 Z-1.000 F400.000
G1 X-20.390 Y-17.654 Z-1.000 F400.000
G1 X-20.283 Y-18.054 Z-1.000 F400.000
G1 X-20.183 Y-18.295 Z-1.000 F400.000
G1 X-19.975 Y-18.654 Z-1.000 F400.000
G1 X-19.817 Y-18.861 Z-1.000 F400.000
G1 X-19.524 Y-19.154 Z-1.000 F400.000
G1 X-19.316 Y-19.313 Z-1.000 F400.000
G1 X-18.958 Y-19.520 Z-1.000 F400.000
G1 X-18.716 Y-19.620 Z-1.000 F400.000
G1 X-18.316 Y-19.727 Z-1.000 F400.000
G1 X-18.057 Y-19.761 Z-1.000 F400.000
G1 X-17.850 Y-19.775 Z-1.000 F400.000
G1 X-16.445 Y-19.775 Z-1.000 F400.000
G1 X-16.336 Y-19.786 Z-1.000 F400.000
G1 X-16.307 Y-19.794 Z-1.000 F400.000
G1 X-16.281 Y-19.809 Z-1.000 F400.000
G1 X-16.257 Y-19.828 Z-1.000 F400.000
G1 X-16.238 Y-19.851 Z-1.000 F400.000
G1 X-16.224 Y-19.878 Z-1.000 F400.000
G1 X-16.215 Y-19.907 Z-1.000 F400.000
G1 X-16.204 Y-20.015 Z-1.000 F400.000
G1 X-16.204 Y-22.907 Z-1.000 F400.000
G1 X-16.207 Y-22.967 Z-1.000 F400.000
G1 X-16.210 Y-22.985 Z-1.000 F400.000
G1 X-16.215 Y-23.001 Z-1.000 F400.000
G1 X-16.238 Y-23.058 Z-1.000 F400.000
G1 X-20.125 Y-31.394 Z-1.000 F400.000
G1 X-20.230 Y-31.650 Z-1.000 F400.000
G1 X-20.337 Y-31.998 Z-1.000 F400.000
G1 X-20.406 Y-32.355 Z-1.000 F400.000
G1 X-20.435 Y-32.718 Z-1.000 F400.000
G1 X-20.437 Y-55.672 Z-1.000 F400.000
G1 X-20.424 Y-55.879 Z-1.000 F400.000
G1 X-20.390 Y-56.138 Z-1.000 F400.000
G1 X-20.283 Y-56.538 Z-1.000 F400.000
G1 X-20.183 Y-56.779 Z-1.000 F400.000
G1 X-19.975 Y-57.138 Z-1.000 F400.000
G1 X-19.817 Y-57.345 Z-1.000 F400.000
G1 X-19.524 Y-57.638 Z-1.000 F400.000
G1 X-19.316 Y-57.797 Z-1.000 F400.000
G1 X-18.958 Y-58.004 Z-1.000 F400.000
G1 X-18.716 Y-58.104 Z-1.000 F400.000
G1 X-18.316 Y-58.211 Z-1.000 F400.000
G1 X-18.057 Y-58.245 Z-1.000 F400.000
G1 X-17.850 Y-58.259 Z-1.000 F400.000
G1 X-16.445 Y-58.259 Z-1.000 F400.000
G1 X-16.336 Y-58.270 Z-1.000 F400.000
G1 X-16.307 Y-58.278 Z-1.000 F400.000
G1 X-16.281 Y-58.293 Z-1.000 F400.000
G1 X-16.257 Y-58.312 Z-1.000 F400.000
G1 X-16.238 Y-58.336 Z-1.000 F400.000
G1 X-16.224 Y-58.362 Z-1.000 F400.000
G1 X-16.215 Y-58.391 Z-1.000 F400.000
G1 X-16.204 Y-58.500 Z-1.000 F400.000
G1 X-16.204 Y-61.391 Z-1.000 F400.000
G1 X-16.207 Y-61.451 Z-1.000 F400.000
G1 X-16.210 Y-61.469 Z-1.000 F400.000
G1 X-16.215 Y-61.485 Z-1.000 F400.000
G1 X-16.238 Y-61.542 Z-1.000 F400.000
G1 X-20.125 Y-69.878 Z-1.000 F400.000
G1 X-20.230 Y-70.134 Z-1.000 F400.000
G1 X-20.337 Y-70.482 Z-1.000 F400.000
G1 X-20.406 Y-70.839 Z-1.000 F400.000
G1 X-20.435 Y-71.202 Z-1.000 F400.000
G1 X-20.437 Y-94.156 Z-1.000 F400.000
G1 X-20.424 Y-94.363 Z-1.000 F400.000
G1 X-20.390 Y-94.622 Z-1.000 F400.000
G1 X-20.283 Y-95.022 Z-1.000 F400.000
G1 X-20.183 Y-95.263 Z-1.000 F400.000
G1 X-19.975 Y-95.622 Z-1.000 F400.000
G1 X-19.817 Y-95.829 Z-1.000 F400.000
G1 X-19.524 Y-96.122 Z-1.000 F400.000
G1 X-19.316 Y-96.281 Z-1.000 F400.000
G1 X-18.958 Y-96.488 Z-1.000 F400.000
G1 X-18.716 Y-96.588 Z-1.000 F400.000
G1 X-18.316 Y-96.695 Z-1.000 F400.000
G1 X-18.057 Y-96.729 Z-1.000 F400.000
G1 X-17.850 Y-96.743 Z-1.000 F400.000
G1 X-16.445 Y-96.743 Z-1.000 F400.000
G1 X-16.336 Y-96.754 Z-1.000 F400.000
G1 X-16.307 Y-96.762 Z-1.000 F400.000
G1 X-16.281 Y-96.777 Z-1.000 F400.000
G1 X-16.257 Y-96.796 Z-1.000 F400.000
G1 X-16.238 Y-96.820 Z-1.000 F400.000
G1 X-16.224 Y-96.846 Z-1.000 F400.000
G1 X-16.215 Y-96.875 Z-1.000 F400.000
G1 X-16.204 Y-96.984 Z-1.000 F400.000
G1 X-16.204 Y-99.875 Z-1.000 F400.000
G1 X-16.207 Y-99.935 Z-1.000 F400.000
G1 X-16.210 Y-99.953 Z-1.000 F400.000
G1 X-16.215 Y-99.969 Z-1.000 F400.000
G1 X-16.238 Y-100.026 Z-1.000 F400.000
G1 X-20.125 Y-108.362 Z-1.000 F400.000
G1 X-20.230 Y-108.618 Z-1.000 F400.000
G1 X-20.337 Y-108.966 Z-1.000 F400.000
G1 X-20.406 Y-109.323 Z-1.000 F400.000
G1 X-20.435 Y-109.686 Z-1.000 F400.000
G1 X-20.437 Y-132.640 Z-1.000 F400.000
G1 X-20.424 Y-132.847 Z-1.000 F400.000
G1 X-20.390 Y-133.106 Z-1.000 F400.000
G1 X-20.283 Y-133.506 Z-1.000 F400.000
G1 X-20.183 Y-133.747 Z-1.000 F400.000
G1 X-19.975 Y-134.106 Z-1.000 F400.000
G1 X-19.817 Y-134.313 Z-1.000 F400.000
G1 X-19.524 Y-134.606 Z-1.000 F400.000
G1 X-19.316 Y-134.765 Z-1.000 F400.000
G1 X-18.958 Y-134.972 Z-1.000 F400.000
G1 X-18.716 Y-135.072 Z-1.000 F400.000
G1 X-18.316 Y-135.179 Z-1.000 F400.000
G1 X-18.057 Y-135.213 Z-1.000 F400.000
G1 X-17.850 Y-135.227 Z-1.000 F400.000
G1 X-16.445 Y-135.227 Z-1.000 F400.000
G1 X-16.336 Y-135.238 Z-1.000 F400.000
G1 X-16.307 Y-135.247 Z-1.000 F400.000
G1 X-16.281 Y-135.261 Z-1.000 F400.000
G1 X-16.257 Y-135.280 Z-1.000 F400.000
G1 X-16.238 Y-135.304 Z-1.000 F400.000
G1 X-16.224 Y-135.330 Z-1.000 F400.000
G1 X-16.215 Y-135.359 Z-1.000 F400.000
G1 X-16.204 Y-135.468 Z-1.000 F400.000
G1 X-16.204 Y-138.359 Z-1.000 F400.000
G1 X-16.207 Y-138.419 Z-1.000 F400.000
G1 X-16.210 Y-138.437 Z-1.000 F400.000
G1 X-16.215 Y-138.454 Z-1.000 F400.000
G1 X-16.238 Y-138.510 Z-1.000 F400.000
G1 X-20.125 Y-146.846 Z-1.000 F400.000
G1 X-20.230 Y-147.102 Z-1.000 F400.000
G1 X-20.337 Y-147.450 Z-1.000 F400.000
G1 X-20.406 Y-147.807 Z-1.000 F400.000
G1 X-20.435 Y-148.170 Z-1.000 F400.000
G1 X-20.437 Y-171.124 Z-1.000 F400.000
G1 X-20.424 Y-171.331 Z-1.000 F400.000
G1 X-20.390 Y-171.590 Z-1.000 F400.000
G1 X-20.283 Y-171.990 Z-1.000 F400.000
G1 X-20.183 Y-172.231 Z-1.000 F400.000
G1 X-19.975 Y-172.590 Z-1.000 F400.000
G1 X-19.817 Y-172.797 Z-1.000 F400.000
G1 X-19.524 Y-173.090 Z-1.000 F400.000
G1 X-19.316 Y-173.249 Z-1.000 F400.000
G1 X-18.958 Y-173.456 Z-1.000 F400.000
G1 X-18.716 Y-173.556 Z-1.000 F400.000
G1 X-18.316 Y-173.663 Z-1.000 F400.000
G1 X-18.057 Y-173.697 Z-1.000 F400.000
G1 X-17.850 Y-173.711 Z-1.000 F400.000
G1 X-16.445 Y-173.711 Z-1.000 F400.000
G1 X-16.336 Y-173.722 Z-1.000 F400.000
G1 X-16.307 Y-173.731 Z-1.000 F400.000
G1 X-16.281 Y-173.745 Z-1.000 F400.000
G1 X-16.257 Y-173.764 Z-1.000 F400.000
G1 X-16.238 Y-173.788 Z-1.000 F400.000
G1 X-16.224 Y-173.814 Z-1.000 F400.000
G1 X-16.215 Y-173.843 Z-1.000 F400.000
G1 X-16.204 Y-173.952 Z-1.000 F400.000
G1 X-16.204 Y-176.843 Z-1.000 F400.000
G1 X-16.207 Y-176.903 Z-1.000 F400.000
G1 X-16.210 Y-176.921 Z-1.000 F400.000
G1 X-16.215 Y-176.938 Z-1.000 F400.000
G1 X-16.238 Y-176.994 Z-1.000 F400.000
G1 X-20.125 Y-185.330 Z-1.000 F400.000
G1 X-20.230 Y-185.586 Z-1.000 F400.000
G1 X-20.337 Y-185.934 Z-1.000 F400.000
G1 X-20.406 Y-186.291 Z-1.000 F400.000
G1 X-20.435 Y-186.654 Z-1.000 F400.000
G1 X-20.437 Y-195.220 Z-1.000 F400.000
G1 X-20.396 Y-195.717 Z-1.000 F400.000
G1 X-20.336 Y-196.023 Z-1.000 F400.000
G1 X-20.236 Y-196.351 Z-1.000 F400.000
G1 X-20.117 Y-196.638 Z-1.000 F400.000
G1 X-19.955 Y-196.941 Z-1.000 F400.000
G1 X-19.782 Y-197.200 Z-1.000 F400.000
G1 X-19.565 Y-197.465 Z-1.000 F400.000
G1 X-19.345 Y-197.685 Z-1.000 F400.000
G1 X-19.079 Y-197.903 Z-1.000 F400.000
G1 X-18.821 Y-198.076 Z-1.000 F400.000
G1 X-18.518 Y-198.237 Z-1.000 F400.000
G1 X-18.231 Y-198.356 Z-1.000 F400.000
G1 X-17.902 Y-198.456 Z-1.000 F400.000
G1 X-17.597 Y-198.517 Z-1.000 F400.000
G1 X-17.256 Y-198.550 Z-1.000 F400.000
G1 X-14.330 Y-198.558 Z-1.000 F400.000
G1 X-14.220 Y-198.569 Z-1.000 F400.000
G1 X-14.191 Y-198.577 Z-1.000 F400.000
G1 X-14.164 Y-198.592 Z-1.000 F400.000
G1 X-14.141 Y-198.611 Z-1.000 F400.000
G1 X-14.121 Y-198.634 Z-1.000 F400.000
G1 X-14.107 Y-198.661 Z-1.000 F400.000
G1 X-14.098 Y-198.690 Z-1.000 F400.000
G1 X-14.087 Y-198.798 Z-1.000 F400.000
G1 X-14.088 Y-200.505 Z-1.000 F400.000
G1 X-14.098 Y-200.613 Z-1.000 F400.000
G1 X-14.107 Y-200.642 Z-1.000 F400.000
G1 X-14.121 Y-200.669 Z-1.000 F400.000
G1 X-14.141 Y-200.692 Z-1.000 F400.000
G1 X-14.164 Y-200.712 Z-1.000 F400.000
G1 X-14.191 Y-200.726 Z-1.000 F400.000
G1 X-14.220 Y-200.735 Z-1.000 F400.000
G1 X-14.328 Y-200.745 Z-1.000 F400.000
G1 X-17.100 Y-200.745 Z-1.000 F400.000
G1 X-17.597 Y-200.787 Z-1.000 F400.000
G1 X-17.902 Y-200.847 Z-1.000 F400.000
G1 X-18.231 Y-200.947 Z-1.000 F400.000
G1 X-18.518 Y-201.066 Z-1.000 F400.000
G1 X-18.821 Y-201.228 Z-1.000 F400.000
G1 X-19.079 Y-201.401 Z-1.000 F400.000
G1 X-19.345 Y-201.618 Z-1.000 F400.000
G1 X-19.565 Y-201.838 Z-1.000 F400.000
G1 X-19.782 Y-202.104 Z-1.000 F400.000
G1 X-19.955 Y-202.362 Z-1.000 F400.000
G1 X-20.117 Y-202.665 Z-1.000 F400.000
G1 X-20.236 Y-202.952 Z-1.000 F400.000
G1 X-20.336 Y-203.281 Z-1.000 F400.000
G1 X-20.396 Y-203.586 Z-1.000 F400.000
G1 X-20.430 Y-203.927 Z-1.000 F400.000
G1 X-20.437 Y-228.000 Z-1.000 F400.000
G0 X-20.437 Y-228.000 Z5.000
G0 X-20.437 Y-3.000 Z5.000
G0 X-20.437 Y-3.000 Z3.000
G1 X-20.437 Y-17.188 Z2.505 F400.000
G1 X-20.424 Y-17.395 Z2.497 F400.000
G1 X-20.390 Y-17.654 Z2.488 F400.000
G1 X-20.283 Y-18.054 Z2.474 F400.000
G1 X-20.183 Y-18.295 Z2.465 F400.000
G1 X-19.975 Y-18.654 Z2.450 F400.000
G1 X-19.817 Y-18.861 Z2.441 F400.000
G1 X-19.524 Y-19.154 Z2.427 F400.000
G1 X-19.316 Y-19.313 Z2.417 F400.000
G1 X-18.958 Y-19.520 Z2.403 F400.000
G1 X-18.716 Y-19.620 Z2.394 F400.000
G1 X-18.316 Y-19.727 Z2.379 F400.000
G1 X-18.057 Y-19.761 Z2.370 F400.000
G1 X-17.850 Y-19.775 Z2.363 F400.000
G1 X-16.445 Y-19.775 Z2.314 F400.000
G1 X-16.336 Y-19.786 Z2.310 F400.000
G1 X-16.307 Y-19.794 Z2.309 F400.000
G1 X-16.281 Y-19.809 Z2.308 F400.000
G1 X-16.257 Y-19.828 Z2.307 F400.000
G1 X-16.238 Y-19.851 Z2.306 F400.000
G1 X-16.224 Y-19.878 Z2.305 F400.000
G1 X-16.215 Y-19.907 Z2.304 F400.000
G1 X-16.204 Y-20.015 Z2.300 F400.000
G1 X-16.204 Y-22.907 Z2.199 F400.000
G1 X-16.207 Y-22.967 Z2.197 F400.000
G1 X-16.210 Y-22.985 Z2.196 F400.000
G1 X-16.215 Y-23.001 Z2.196 F400.000
G1 X-16.238 Y-23.058 Z2.194 F400.000
G1 X-20.125 Y-31.394 Z1.872 F400.000
G1 X-20.230 Y-31.650 Z1.863 F400.000
G1 X-20.337 Y-31.998 Z1.850 F400.000
G1 X-20.406 Y-32.355 Z1.837 F400.000
G1 X-20.435 Y-32.718 Z1.825 F400.000
G1 X-20.437 Y-55.672 Z1.023 F400.000
G1 X-20.424 Y-55.879 Z1.016 F400.000
G1 X-20.390 Y-56.138 Z1.007 F400.000
G1 X-20.283 Y-56.538 Z0.992 F400.000
G1 X-20.183 Y-56.779 Z0.983 F400.000
G1 X-19.975 Y-57.138 Z0.969 F400.000
G1 X-19.817 Y-57.345 Z0.959 F400.000
G1 X-19.524 Y-57.638 Z0.945 F400.000
G1 X-19.316 Y-57.797 Z0.936 F400.000
G1 X-18.958 Y-58.004 Z0.921 F400.000
G1 X-18.716 Y-58.104 Z0.912 F400.000
G1 X-18.377 Y-58.195 Z0.900 F400.000
G1 X-18.716 Y-58.104 Z0.888 F400.000
G1 X-18.958 Y-58.004 Z0.879 F400.000
G1 X-19.316 Y-57.797 Z0.864 F400.000
G1 X-19.524 Y-57.638 Z0.855 F400.000
G1 X-19.817 Y-57.345 Z0.841 F400.000
G1 X-19.975 Y-57.138 Z0.831 F400.000
G1 X-20.183 Y-56.779 Z0.817 F400.000
G1 X-20.283 Y-56.538 Z0.808 F400.000
G1 X-20.390 Y-56.138 Z0.793 F400.000
G1 X-20.424 Y-55.879 Z0.784 F400.000
G1 X-20.437 Y-55.672 Z0.777 F400.000
G1 X-20.435 Y-32.718 Z-0.025 F400.000
G1 X-20.406 Y-32.355 Z-0.037 F400.000
G1 X-20.337 Y-31.998 Z-0.050 F400.000
G1 X-20.230 Y-31.650 Z-0.063 F400.000
G1 X-20.125 Y-31.394 Z-0.072 F400.000
G1 X-16.238 Y-23.058 Z-0.394 F400.000
G1 X-16.215 Y-23.001 Z-0.396 F400.000
G1 X-16.210 Y-22.985 Z-0.396 F400.000
G1 X-16.207 Y-22.967 Z-0.397 F400.000
G1 X-16.204 Y-22.907 Z-0.399 F400.000
G1 X-16.204 Y-20.015 Z-0.500 F400.000
G1 X-16.215 Y-19.907 Z-0.504 F400.000
G1 X-16.224 Y-19.878 Z-0.505 F400.000
G1 X-16.238 Y-19.851 Z-0.506 F400.000
G1 X-16.257 Y-19.828 Z-0.507 F400.000
G1 X-16.281 Y-19.809 Z-0.508 F400.000
G1 X-16.307 Y-19.794 Z-0.509 F400.000
G1 X-16.336 Y-19.786 Z-0.510 F400.000
G1 X-16.445 Y-19.775 Z-0.514 F400.000
G1 X-17.850 Y-19.775 Z-0.563 F400.000
G1 X-18.057 Y-19.761 Z-0.570 F400.000
G1 X-18.316 Y-19.727 Z-0.579 F400.000
G1 X-18.716 Y-19.620 Z-0.594 F400.000
G1 X-18.958 Y-19.520 Z-0.603 F400.000
G1 X-19.316 Y-19.313 Z-0.617 F400.000
G1 X-19.524 Y-19.154 Z-0.627 F400.000
G1 X-19.817 Y-18.861 Z-0.641 F400.000
G1 X-19.975 Y-18.654 Z-0.650 F400.000
G1 X-20.183 Y-18.295 Z-0.665 F400.000
G1 X-20.283 Y-18.054 Z-0.674 F400.000
G1 X-20.390 Y-17.654 Z-0.688 F400.000
G1 X-20.424 Y-17.395 Z-0.697 F400.000
G1 X-20.437 Y-17.188 Z-0.705 F400.000
G1 X-20.437 Y-3.000 Z-1.200 F400.000
G1 X-20.437 Y-17.188 Z-1.200 F400.000
G1 X-20.424 Y-17.395 Z-1.200 F400.000
G1 X-20.390 Y-17.654 Z-1.200 F400.000
G1 X-20.283 Y-18.054 Z-1.200 F400.000
G1 X-20.183 Y-18.295 Z-1.200 F400.000
G1 X-19.975 Y-18.654 Z-1.200 F400.000
G1 X-19.817 Y-18.861 Z-1.200 F400.000
G1 X-19.524 Y-19.154 Z-1.200 F400.000
G1 X-19.316 Y-19.313 Z-1.200 F400.000
G1 X-18.958 Y-19.520 Z-1.200 F400.000
G1 X-18.716 Y-19.620 Z-1.200 F400.000
G1 X-18.316 Y-19.727 Z-1.200 F400.000
G1 X-18.057 Y-19.761 Z-1.200 F400.000
G1 X-17.850 Y-19.775 Z-1.200 F400.000
G1 X-16.445 Y-19.775 Z-1.200 F400.000
G1 X-16.336 Y-19.786 Z-1.200 F400.000
G1 X-16.307 Y-19.794 Z-1.200 F400.000
G1 X-16.281 Y-19.809 Z-1.200 F400.000
G1 X-16.257 Y-19.828 Z-1.200 F400.000
G1 X-16.238 Y-19.851 Z-1.200 F400.000
G1 X-16.224 Y-19.878 Z-1.200 F400.000
G1 X-16.215 Y-19.907 Z-1.200 F400.000
G1 X-16.204 Y-20.015 Z-1.200 F400.000
G1 X-16.204 Y-22.907 Z-1.200 F400.000
G1 X-16.207 Y-22.967 Z-1.200 F400.000
G1 X-16.210 Y-22.985 Z-1.200 F400.000
G1 X-16.215 Y-23.001 Z-1.200 F400.000
G1 X-16.238 Y-23.058 Z-1.200 F400.000
G1 X-20.125 Y-31.394 Z-1.200 F400.000
G1 X-20.230 Y-31.650 Z-1.200 F400.000
G1 X-20.337 Y-31.998 Z-1.200 F400.000
G1 X-20.406 Y-32.355 Z-1.200 F400.000
G1 X-20.435 Y-32.718 Z-1.200 F400.000
G1 X-20.437 Y-55.672 Z-1.200 F400.000
G1 X-20.424 Y-55.879 Z-1.200 F400.000
G1 X-20.390 Y-56.138 Z-1.200 F400.000
G1 X-20.283 Y-56.538 Z-1.200 F400.000
G1 X-20.183 Y-56.779 Z-1.200 F400.000
G1 X-19.975 Y-57.138 Z-1.200 F400.000
G1 X-19.817 Y-57.345 Z-1.200 F400.000
G1 X-19.524 Y-57.638 Z-1.200 F400.000
G1 X-19.316 Y-57.797 Z-1.200 F400.000
G1 X-18.958 Y-58.004 Z-1.200 F400.000
G1 X-18.716 Y-58.104 Z-1.200 F400.000
G1 X-18.316 Y-58.211 Z-1.200 F400.000
G1 X-18.057 Y-58.245 Z-1.200 F400.000
G1 X-17.850 Y-58.259 Z-1.200 F400.000
G1 X-16.445 Y-58.259 Z-1.200 F400.000
G1 X-16.336 Y-58.270 Z-1.200 F400.000
G1 X-16.307 Y-58.278 Z-1.200 F400.000
G1 X-16.281 Y-58.293 Z-1.200 F400.000
G1 X-16.257 Y-58.312 Z-1.200 F400.000
G1 X-16.238 Y-58.336 Z-1.200 F400.000
G1 X-16.224 Y-58.362 Z-1.200 F400.000
G1 X-16.215 Y-58.391 Z-1.200 F400.000
G1 X-16.204 Y-58.500 Z-1.200 F400.000
G1 X-16.204 Y-61.391 Z-1.200 F400.000
G1 X-16.207 Y-61.451 Z-1.200 F400.000
G1 X-16.210 Y-61.469 Z-1.200 F400.000
G1 X-16.215 Y-61.485 Z-1.200 F400.000
G1 X-16.238 Y-61.542 Z-1.200 F400.000
G1 X-20.125 Y-69.878 Z-1.200 F400.000
G1 X-20.230 Y-70.134 Z-1.200 F400.000
G1 X-20.337 Y-70.482 Z-1.200 F400.000
G1 X-20.406 Y-70.839 Z-1.200 F400.000
G1 X-20.435 Y-71.202 Z-1.200 F400.000
G1 X-20.437 Y-94.156 Z-1.200 F400.000
G1 X-20.424 Y-94.363 Z-1.200 F400.000
G1 X-20.390 Y-94.622 Z-1.200 F400.000
G1 X-20.283 Y-95.022 Z-1.200 F400.000
G1 X-20.183 Y-95.263 Z-1.200 F400.000
G1 X-19.975 Y-95.622 Z-1.200 F400.000
G1 X-19.817 Y-95.829 Z-1.200 F400.000
G1 X-19.524 Y-96.122 Z-1.200 F400.000
G1 X-19.316 Y-96.281 Z-1.200 F400.000
G1 X-18.958 Y-96.488 Z-1.200 F400.000
G1 X-18.716 Y-96.588 Z-1.200 F400.000
G1 X-18.316 Y-96.695 Z-1.200 F400.000
G1 X-18.057 Y-96.729 Z-1.200 F400.000
G1 X-17.850 Y-96.743 Z-1.200 F400.000
G1 X-16.445 Y-96.743 Z-1.200 F400.000
G1 X-16.336 Y-96.754 Z-1.200 F400.000
G1 X-16.307 Y-96.762 Z-1.200 F400.000
G1 X-16.281 Y-96.777 Z-1.200 F400.000
G1 X-16.257 Y-96.796 Z-1.200 F400.000
G1 X-16.238 Y-96.820 Z-1.200 F400.000
G1 X-16.224 Y-96.846 Z-1.200 F400.000
G1 X-16.215 Y-96.875 Z-1.200 F400.000
G1 X-16.204 Y-96.984 Z-1.200 F400.000
G1 X-16.204 Y-99.875 Z-1.200 F400.000
G1 X-16.207 Y-99.935 Z-1.200 F400.000
G1 X-16.210 Y-99.953 Z-1.200 F400.000
G1 X-16.215 Y-99.969 Z-1.200 F400.000
G1 X-16.238 Y-100.026 Z-1.200 F400.000
G1 X-20.125 Y-108.362 Z-1.200 F400.000
G1 X-20.230 Y-108.618 Z-1.200 F400.000
G1 X-20.337 Y-108.966 Z-1.200 F400.000
G1 X-20.406 Y-109.323 Z-1.200 F400.000
G1 X-20.435 Y-109.686 Z-1.200 F400.000
G1 X-20.437 Y-132.640 Z-1.200 F400.000
G1 X-20.424 Y-132.847 Z-1.200 F400.000
G1 X-20.390 Y-133.106 Z-1.200 F400.000
G1 X-20.283 Y-133.506 Z-1.200 F400.000
G1 X-20.183 Y-133.747 Z-1.200 F400.000
G1 X-19.975 Y-134.106 Z-1.200 F400.000
G1 X-19.817 Y-134.313 Z-1.200 F400.000
G1 X-19.524 Y-134.606 Z-1.200 F400.000
G1 X-19.316 Y-134.765 Z-1.200 F400.000
G1 X-18.958 Y-134.972 Z-1.200 F400.000
G1 X-18.716 Y-135.072 Z-1.200 F400.000
G1 X-18.316 Y-135.179 Z-1.200 F400.000
G1 X-18.057 Y-135.213 Z-1.200 F400.000
G1 X-17.850 Y-135.227 Z-1.200 F400.000
G1 X-16.445 Y-135.227 Z-1.200 F400.000
G1 X-16.336 Y-135.238 Z-1.200 F400.000
G1 X-16.307 Y-135.247 Z-1.200 F400.000
G1 X-16.281 Y-135.261 Z-1.200 F400.000
G1 X-16.257 Y-135.280 Z-1.200 F400.000
G1 X-16.238 Y-135.304 Z-1.200 F400.000
G1 X-16.224 Y-135.330 Z-1.200 F400.000
G1 X-16.215 Y-135.359 Z-1.200 F400.000
G1 X-16.204 Y-135.468 Z-1.200 F400.000
G1 X-16.204 Y-138.359 Z-1.200 F400.000
G1 X-16.207 Y-138.419 Z-1.200 F400.000
G1 X-16.210 Y-138.437 Z-1.200 F400.000
G1 X-16.215 Y-138.454 Z-1.200 F400.000
G1 X-16.238 Y-138.510 Z-1.200 F400.000
G1 X-20.125 Y-146.846 Z-1.200 F400.000
G1 X-20.230 Y-147.102 Z-1.200 F400.000
G1 X-20.337 Y-147.450 Z-1.200 F400.000
G1 X-20.406 Y-147.807 Z-1.200 F400.000
G1 X-20.435 Y-148.170 Z-1.200 F400.000
G1 X-20.437 Y-171.124 Z-1.200 F400.000
G1 X-20.424 Y-171.331 Z-1.200 F400.000
G1 X-20.390 Y-171.590 Z-1.200 F400.000
G1 X-20.283 Y-171.990 Z-1.200 F400.000
G1 X-20.183 Y-172.231 Z-1.200 F400.000
G1 X-19.975 Y-172.590 Z-1.200 F400.000
G1 X-19.817 Y-172.797 Z-1.200 F400.000
G1 X-19.524 Y-173.090 Z-1.200 F400.000
G1 X-19.316 Y-173.249 Z-1.200 F400.000
G1 X-18.958 Y-173.456 Z-1.200 F400.000
G1 X-18.716 Y-173.556 Z-1.200 F400.000
G1 X-18.316 Y-173.663 Z-1.200 F400.000
G1 X-18.057 Y-173.697 Z-1.200 F400.000
G1 X-17.850 Y-173.711 Z-1.200 F400.000
G1 X-16.445 Y-173.711 Z-1.200 F400.000
G1 X-16.336 Y-173.722 Z-1.200 F400.000
G1 X-16.307 Y-173.731 Z-1.200 F400.000
G1 X-16.281 Y-173.745 Z-1.200 F400.000
G1 X-16.257 Y-173.764 Z-1.200 F400.000
G1 X-16.238 Y-173.788 Z-1.200 F400.000
G1 X-16.224 Y-173.814 Z-1.200 F400.000
G1 X-16.215 Y-173.843 Z-1.200 F400.000
G1 X-16.204 Y-173.952 Z-1.200 F400.000
G1 X-16.204 Y-176.843 Z-1.200 F400.000
G1 X-16.207 Y-176.903 Z-1.200 F400.000
G1 X-16.210 Y-176.921 Z-1.200 F400.000
G1 X-16.215 Y-176.938 Z-1.200 F400.000
G1 X-16.238 Y-176.994 Z-1.200 F400.000
G1 X-20.125 Y-185.330 Z-1.200 F400.000
G1 X-20.230 Y-185.586 Z-1.200 F400.000
G1 X-20.337 Y-185.934 Z-1.200 F400.000
G1 X-20.406 Y-186.291 Z-1.200 F400.000
G1 X-20.435 Y-186.654 Z-1.200 F400.000
G1 X-20.437 Y-195.220 Z-1.200 F400.000
G1 X-20.396 Y-195.717 Z-1.200 F400.000
G1 X-20.336 Y-196.023 Z-1.200 F400.000
G1 X-20.236 Y-196.351 Z-1.200 F400.000
G1 X-20.117 Y-196.638 Z-1.200 F400.000
G1 X-19.955 Y-196.941 Z-1.200 F400.000
G1 X-19.782 Y-197.200 Z-1.200 F400.000
G1 X-19.565 Y-197.465 Z-1.200 F400.000
G1 X-19.345 Y-197.685 Z-1.200 F400.000
G1 X-19.079 Y-197.903 Z-1.200 F400.000
G1 X-18.821 Y-198.076 Z-1.200 F400.000
G1 X-18.518 Y-198.237 Z-1.200 F400.000
G1 X-18.231 Y-198.356 Z-1.200 F400.000
G1 X-17.902 Y-198.456 Z-1.200 F400.000
G1 X-17.597 Y-198.517 Z-1.200 F400.000
G1 X-17.256 Y-198.550 Z-1.200 F400.000
G1 X-14.330 Y-198.558 Z-1.200 F400.000
G1 X-14.220 Y-198.569 Z-1.200 F400.000
G1 X-14.191 Y-198.577 Z-1.200 F400.000
G1 X-14.164 Y-198.592 Z-1.200 F400.000
G1 X-14.141 Y-198.611 Z-1.200 F400.000
G1 X-14.121 Y-198.634 Z-1.200 F400.000
G1 X-14.107 Y-198.661 Z-1.200 F400.000
G1 X-14.098 Y-198.690 Z-1.200 F400.000
G1 X-14.087 Y-198.798 Z-1.200 F400.000
G1 X-14.088 Y-200.505 Z-1.200 F400.000
G1 X-14.098 Y-200.613 Z-1.200 F400.000
G1 X-14.107 Y-200.642 Z-1.200 F400.000
G1 X-14.121 Y-200.669 Z-1.200 F400.000
G1 X-14.141 Y-200.692 Z-1.200 F400.000
G1 X-14.164 Y-200.712 Z-1.200 F400.000
G1 X-14.191 Y-200.726 Z-1.200 F400.000
G1 X-14.220 Y-200.735 Z-1.200 F400.000
G1 X-14.328 Y-200.745 Z-1.200 F400.000
G1 X-17.100 Y-200.745 Z-1.200 F400.000
G1 X-17.597 Y-200.787 Z-1.200 F400.000
G1 X-17.902 Y-200.847 Z-1.200 F400.000
G1 X-18.231 Y-200.947 Z-1.200 F400.000
G1 X-18.518 Y-201.066 Z-1.200 F400.000
G1 X-18.821 Y-201.228 Z-1.200 F400.000
G1 X-19.079 Y-201.401 Z-1.200 F400.000
G1 X-19.345 Y-201.618 Z-1.200 F400.000
G1 X-19.565 Y-201.838 Z-1.200 F400.000
G1 X-19.782 Y-202.104 Z-1.200 F400.000
G1 X-19.955 Y-202.362 Z-1.200 F400.000
G1 X-20.117 Y-202.665 Z-1.200 F400.000
G1 X-20.236 Y-202.952 Z-1.200 F400.000
G1 X-20.336 Y-203.281 Z-1.200 F400.000
G1 X-20.396 Y-203.586 Z-1.200 F400.000
G1 X-20.430 Y-203.927 Z-1.200 F400.000
G1 X-20.437 Y-228.000 Z-1.200 F400.000
G0 X-20.437 Y-228.000 Z5.000
G0 X-20.437 Y-3.000 Z5.000
G0 X-20.437 Y-3.000 Z3.000
G1 X-20.437 Y-17.188 Z2.505 F400.000
G1 X-20.424 Y-17.395 Z2.497 F400.000
G1 X-20.390 Y-17.654 Z2.488 F400.000
G1 X-20.283 Y-18.054 Z2.474 F400.000
G1 X-20.183 Y-18.295 Z2.465 F400.000
G1 X-19.975 Y-18.654 Z2.450 F400.000
G1 X-19.817 Y-18.861 Z2.441 F400.000
G1 X-19.524 Y-19.154 Z2.427 F400.000
G1 X-19.316 Y-19.313 Z2.417 F400.000
G1 X-18.958 Y-19.520 Z2.403 F400.000
G1 X-18.716 Y-19.620 Z2.394 F400.000
G1 X-18.316 Y-19.727 Z2.379 F400.000
G1 X-18.057 Y-19.761 Z2.370 F400.000
G1 X-17.850 Y-19.775 Z2.363 F400.000
G1 X-16.445 Y-19.775 Z2.314 F400.000
G1 X-16.336 Y-19.786 Z2.310 F400.000
G1 X-16.307 Y-19.794 Z2.309 F400.000
G1 X-16.281 Y-19.809 Z2.308 F400.000
G1 X-16.257 Y-19.828 Z2.307 F400.000
G1 X-16.238 Y-19.851 Z2.306 F400.000
G1 X-16.224 Y-19.878 Z2.305 F400.000
G1 X-16.215 Y-19.907 Z2.304 F400.000
G1 X-16.204 Y-20.015 Z2.300 F400.000
G1 X-16.204 Y-22.907 Z2.199 F400.000
G1 X-16.207 Y-22.967 Z2.197 F400.000
G1 X-16.210 Y-22.985 Z2.196 F400.000
G1 X-16.215 Y-23.001 Z2.196 F400.000
G1 X-16.238 Y-23.058 Z2.194 F400.000
G1 X-20.125 Y-31.394 Z1.872 F400.000
G1 X-20.230 Y-31.650 Z1.863 F400.000
G1 X-20.337 Y-31.998 Z1.850 F400.000
G1 X-20.406 Y-32.355 Z1.837 F400.000
G1 X-20.435 Y-32.718 Z1.825 F400.000
G1 X-20.437 Y-55.672 Z1.023 F400.000
G1 X-20.424 Y-55.879 Z1.016 F400.000
G1 X-20.390 Y-56.138 Z1.007 F400.000
G1 X-20.283 Y-56.538 Z0.992 F400.000
G1 X-20.183 Y-56.779 Z0.983 F400.000
G1 X-19.975 Y-57.138 Z0.969 F400.000
G1 X-19.817 Y-57.345 Z0.959 F400.000
G1 X-19.524 Y-57.638 Z0.945 F400.000
G1 X-19.316 Y-57.797 Z0.936 F400.000
G1 X-18.958 Y-58.004 Z0.921 F400.000
G1 X-18.716 Y-58.104 Z0.912 F400.000
G1 X-18.316 Y-58.211 Z0.898 F400.000
G1 X-18.057 Y-58.245 Z0.889 F400.000
G1 X-17.850 Y-58.259 Z0.881 F400.000
G1 X-16.445 Y-58.259 Z0.832 F400.000
G1 X-16.336 Y-58.270 Z0.829 F400.000
G1 X-16.307 Y-58.278 Z0.828 F400.000
G1 X-16.281 Y-58.293 Z0.826 F400.000
G1 X-16.257 Y-58.312 Z0.825 F400.000
G1 X-16.238 Y-58.336 Z0.824 F400.000
G1 X-16.224 Y-58.362 Z0.823 F400.000
G1 X-16.215 Y-58.391 Z0.822 F400.000
G1 X-16.204 Y-58.500 Z0.818 F400.000
G1 X-16.204 Y-59.027 Z0.800 F400.000
G1 X-16.204 Y-58.500 Z0.782 F400.000
G1 X-16.215 Y-58.391 Z0.778 F400.000
G1 X-16.224 Y-58.362 Z0.777 F400.000
G1 X-16.238 Y-58.336 Z0.776 F400.000
G1 X-16.257 Y-58.312 Z0.775 F400.000
G1 X-16.281 Y-58.293 Z0.774 F400.000
G1 X-16.307 Y-58.278 Z0.772 F400.000
G1 X-16.336 Y-58.270 Z0.771 F400.000
G1 X-16.445 Y-58.259 Z0.768 F400.000
G1 X-17.850 Y-58.259 Z0.719 F400.000
G1 X-18.057 Y-58.245 Z0.711 F400.000
G1 X-18.316 Y-58.211 Z0.702 F400.000
G1 X-18.716 Y-58.104 Z0.688 F400.000
G1 X-18.958 Y-58.004 Z0.679 F400.000
G1 X-19.316 Y-57.797 Z0.664 F400.000
G1 X-19.524 Y-57.638 Z0.655 F400.000
G1 X-19.817 Y-57.345 Z0.641 F400.000
G1 X-19.975 Y-57.138 Z0.631 F400.000
G1 X-20.183 Y-56.779 Z0.617 F400.000
G1 X-20.283 Y-56.538 Z0.608 F400.000
G1 X-20.390 Y-56.138 Z0.593 F400.000
G1 X-20.424 Y-55.879 Z0.584 F400.000
G1 X-20.437 Y-55.672 Z0.577 F400.000
G1 X-20.435 Y-32.718 Z-0.225 F400.000
G1 X-20.406 Y-32.355 Z-0.237 F400.000
G1 X-20.337 Y-31.998 Z-0.250 F400.000
G1 X-20.230 Y-31.650 Z-0.263 F400.000
G1 X-20.125 Y-31.394 Z-0.272 F400.000
G1 X-16.238 Y-23.058 Z-0.594 F400.000
G1 X-16.215 Y-23.001 Z-0.596 F400.000
G1 X-16.210 Y-22.985 Z-0.596 F400.000
G1 X-16.207 Y-22.967 Z-0.597 F400.000
G1 X-16.204 Y-22.907 Z-0.599 F400.000
G1 X-16.204 Y-20.015 Z-0.700 F400.000
G1 X-16.215 Y-19.907 Z-0.704 F400.000
G1 X-16.224 Y-19.878 Z-0.705 F400.000
G1 X-16.238 Y-19.851 Z-0.706 F400.000
G1 X-16.257 Y-19.828 Z-0.707 F400.000
G1 X-16.281 Y-19.809 Z-0.708 F400.000
G1 X-16.307 Y-19.794 Z-0.709 F400.000
G1 X-16.336 Y-19.786 Z-0.710 F400.000
G1 X-16.445 Y-19.775 Z-0.714 F400.000
G1 X-17.850 Y-19.775 Z-0.763 F400.000
G1 X-18.057 Y-19.761 Z-0.770 F400.000
G1 X-18.316 Y-19.727 Z-0.779 F400.000
G1 X-18.716 Y-19.620 Z-0.794 F400.000
G1 X-18.958 Y-19.520 Z-0.803 F400.000
G1 X-19.316 Y-19.313 Z-0.817 F400.000
G1 X-19.524 Y-19.154 Z-0.827 F400.000
G1 X-19.817 Y-18.861 Z-0.841 F400.000
G1 X-19.975 Y-18.654 Z-0.850 F400.000
G1 X-20.183 Y-18.295 Z-0.865 F400.000
G1 X-20.283 Y-18.054 Z-0.874 F400.000
G1 X-20.390 Y-17.654 Z-0.888 F400.000
G1 X-20.424 Y-17.395 Z-0.897 F400.000
G1 X-20.437 Y-17.188 Z-0.905 F400.000
G1 X-20.437 Y-3.000 Z-1.400 F400.000
G1 X-20.437 Y-17.188 Z-1.400 F400.000
G1 X-20.424 Y-17.395 Z-1.400 F400.000
G1 X-20.390 Y-17.654 Z-1.400 F400.000
G1 X-20.283 Y-18.054 Z-1.400 F400.000
G1 X-20.183 Y-18.295 Z-1.400 F400.000
G1 X-19.975 Y-18.654 Z-1.400 F400.000
G1 X-19.817 Y-18.861 Z-1.400 F400.000
G1 X-19.524 Y-19.154 Z-1.400 F400.000
G1 X-19.316 Y-19.313 Z-1.400 F400.000
G1 X-18.958 Y-19.520 Z-1.400 F400.000
G1 X-18.716 Y-19.620 Z-1.400 F400.000
G1 X-18.316 Y-19.727 Z-1.400 F400.000
G1 X-18.057 Y-19.761 Z-1.400 F400.000
G1 X-17.850 Y-19.775 Z-1.400 F400.000
G1 X-16.445 Y-19.775 Z-1.400 F400.000
G1 X-16.336 Y-19.786 Z-1.400 F400.000
G1 X-16.307 Y-19.794 Z-1.400 F400.000
G1 X-16.281 Y-19.809 Z-1.400 F400.000
G1 X-16.257 Y-19.828 Z-1.400 F400.000
G1 X-16.238 Y-19.851 Z-1.400 F400.000
G1 X-16.224 Y-19.878 Z-1.400 F400.000
G1 X-16.215 Y-19.907 Z-1.400 F400.000
G1 X-16.204 Y-20.015 Z-1.400 F400.000
G1 X-16.204 Y-22.907 Z-1.400 F400.000
G1 X-16.207 Y-22.967 Z-1.400 F400.000
G1 X-16.210 Y-22.985 Z-1.400 F400.000
G1 X-16.215 Y-23.001 Z-1.400 F400.000
G1 X-16.238 Y-23.058 Z-1.400 F400.000
G1 X-20.125 Y-31.394 Z-1.400 F400.000
G1 X-20.230 Y-31.650 Z-1.400 F400.000
G1 X-20.337 Y-31.998 Z-1.400 F400.000
G1 X-20.406 Y-32.355 Z-1.400 F400.000
G1 X-20.435 Y-32.718 Z-1.400 F400.000
G1 X-20.437 Y-55.672 Z-1.400 F400.000
G1 X-20.424 Y-55.879 Z-1.400 F400.000
G1 X-20.390 Y-56.138 Z-1.400 F400.000
G1 X-20.283 Y-56.538 Z-1.400 F400.000
G1 X-20.183 Y-56.779 Z-1.400 F400.000
G1 X-19.975 Y-57.138 Z-1.400 F400.000
G1 X-19.817 Y-57.345 Z-1.400 F400.000
G1 X-19.524 Y-57.638 Z-1.400 F400.000
G1 X-19.316 Y-57.797 Z-1.400 F400.000
G1 X-18.958 Y-58.004 Z-1.400 F400.000
G1 X-18.716 Y-58.104 Z-1.400 F400.000
G1 X-18.316 Y-58.211 Z-1.400 F400.000
G1 X-18.057 Y-58.245 Z-1.400 F400.000
G1 X-17.850 Y-58.259 Z-1.400 F400.000
G1 X-16.445 Y-58.259 Z-1.400 F400.000
G1 X-16.336 Y-58.270 Z-1.400 F400.000
G1 X-16.307 Y-58.278 Z-1.400 F400.000
G1 X-16.281 Y-58.293 Z-1.400 F400.000
G1 X-16.257 Y-58.312 Z-1.400 F400.000
G1 X-16.238 Y-58.336 Z-1.400 F400.000
G1 X-16.224 Y-58.362 Z-1.400 F400.000
G1 X-16.215 Y-58.391 Z-1.400 F400.000
G1 X-16.204 Y-58.500 Z-1.400 F400.000
G1 X-16.204 Y-61.391 Z-1.400 F400.000
G1 X-16.207 Y-61.451 Z-1.400 F400.000
G1 X-16.210 Y-61.469 Z-1.400 F400.000
G1 X-16.215 Y-61.485 Z-1.400 F400.000
G1 X-16.238 Y-61.542 Z-1.400 F400.000
G1 X-20.125 Y-69.878 Z-1.400 F400.000
G1 X-20.230 Y-70.134 Z-1.400 F400.000
G1 X-20.337 Y-70.482 Z-1.400 F400.000
G1 X-20.406 Y-70.839 Z-1.400 F400.000
G1 X-20.435 Y-71.202 Z-1.400 F400.000
G1 X-20.437 Y-94.156 Z-1.400 F400.000
G1 X-20.424 Y-94.363 Z-1.400 F400.000
G1 X-20.390 Y-94.622 Z-1.400 F400.000
G1 X-20.283 Y-95.022 Z-1.400 F400.000
G1 X-20.183 Y-95.263 Z-1.400 F400.000
G1 X-19.975 Y-95.622 Z-1.400 F400.000
G1 X-19.817 Y-95.829 Z-1.400 F400.000
G1 X-19.524 Y-96.122 Z-1.400 F400.000
G1 X-19.316 Y-96.281 Z-1.400 F400.000
G1 X-18.958 Y-96.488 Z-1.400 F400.000
G1 X-18.716 Y-96.588 Z-1.400 F400.000
G1 X-18.316 Y-96.695 Z-1.400 F400.000
G1 X-18.057 Y-96.729 Z-1.400 F400.000
G1 X-17.850 Y-96.743 Z-1.400 F400.000
G1 X-16.445 Y-96.743 Z-1.400 F400.000
G1 X-16.336 Y-96.754 Z-1.400 F400.000
G1 X-16.307 Y-96.762 Z-1.400 F400.000
G1 X-16.281 Y-96.777 Z-1.400 F400.000
G1 X-16.257 Y-96.796 Z-1.400 F400.000
G1 X-16.238 Y-96.820 Z-1.400 F400.000
G1 X-16.224 Y-96.846 Z-1.400 F400.000
G1 X-16.215 Y-96.875 Z-1.400 F400.000
G1 X-16.204 Y-96.984 Z-1.400 F400.000
G1 X-16.204 Y-99.875 Z-1.400 F400.000
G1 X-16.207 Y-99.935 Z-1.400 F400.000
G1 X-16.210 Y-99.953 Z-1.400 F400.000
G1 X-16.215 Y-99.969 Z-1.400 F400.000
G1 X-16.238 Y-100.026 Z-1.400 F400.000
G1 X-20.125 Y-108.362 Z-1.400 F400.000
G1 X-20.230 Y-108.618 Z-1.400 F400.000
G1 X-20.337 Y-108.966 Z-1.400 F400.000
G1 X-20.406 Y-109.323 Z-1.400 F400.000
G1 X-20.435 Y-109.686 Z-1.400 F400.000
G1 X-20.437 Y-132.640 Z-1.400 F400.000
G1 X-20.424 Y-132.847 Z-1.400 F400.000
G1 X-20.390 Y-133.106 Z-1.400 F400.000
G1 X-20.283 Y-133.506 Z-1.400 F400.000
G1 X-20.183 Y-133.747 Z-1.400 F400.000
G1 X-19.975 Y-134.106 Z-1.400 F400.000
G1 X-19.817 Y-134.313 Z-1.400 F400.000
G1 X-19.524 Y-134.606 Z-1.400 F400.000
G1 X-19.316 Y-134.765 Z-1.400 F400.000
G1 X-18.958 Y-134.972 Z-1.400 F400.000
G1 X-18.716 Y-135.072 Z-1.400 F400.000
G1 X-18.316 Y-135.179 Z-1.400 F400.000
G1 X-18.057 Y-135.213 Z-1.400 F400.000
G1 X-17.850 Y-135.227 Z-1.400 F400.000
G1 X-16.445 Y-135.227 Z-1.400 F400.000
G1 X-16.336 Y-135.238 Z-1.400 F400.000
G1 X-16.307 Y-135.247 Z-1.400 F400.000
G1 X-16.281 Y-135.261 Z-1.400 F400.000
G1 X-16.257 Y-135.280 Z-1.400 F400.000
G1 X-16.238 Y-135.304 Z-1.400 F400.000
G1 X-16.224 Y-135.330 Z-1.400 F400.000
G1 X-16.215 Y-135.359 Z-1.400 F400.000
G1 X-16.204 Y-135.468 Z-1.400 F400.000
G1 X-16.204 Y-138.359 Z-1.400 F400.000
G1 X-16.207 Y-138.419 Z-1.400 F400.000
G1 X-16.210 Y-138.437 Z-1.400 F400.000
G1 X-16.215 Y-138.454 Z-1.400 F400.000
G1 X-16.238 Y-138.510 Z-1.400 F400.000
G1 X-20.125 Y-146.846 Z-1.400 F400.000
G1 X-20.230 Y-147.102 Z-1.400 F400.000
G1 X-20.337 Y-147.450 Z-1.400 F400.000
G1 X-20.406 Y-147.807 Z-1.400 F400.000
G1 X-20.435 Y-148.170 Z-1.400 F400.000
G1 X-20.437 Y-171.124 Z-1.400 F400.000
G1 X-20.424 Y-171.331 Z-1.400 F400.000
G1 X-20.390 Y-171.590 Z-1.400 F400.000
G1 X-20.283 Y-171.990 Z-1.400 F400.000
G1 X-20.183 Y-172.231 Z-1.400 F400.000
G1 X-19.975 Y-172.590 Z-1.400 F400.000
G1 X-19.817 Y-172.797 Z-1.400 F400.000
G1 X-19.524 Y-173.090 Z-1.400 F400.000
G1 X-19.316 Y-173.249 Z-1.400 F400.000
G1 X-18.958 Y-173.456 Z-1.400 F400.000
G1 X-18.716 Y-173.556 Z-1.400 F400.000
G1 X-18.316 Y-173.663 Z-1.400 F400.000
G1 X-18.057 Y-173.697 Z-1.400 F400.000
G1 X-17.850 Y-173.711 Z-1.400 F400.000
G1 X-16.445 Y-173.711 Z-1.400 F400.000
G1 X-16.336 Y-173.722 Z-1.400 F400.000
G1 X-16.307 Y-173.731 Z-1.400 F400.000
G1 X-16.281 Y-173.745 Z-1.400 F400.000
G1 X-16.257 Y-173.764 Z-1.400 F400.000
G1 X-16.238 Y-173.788 Z-1.400 F400.000
G1 X-16.224 Y-173.814 Z-1.400 F400.000
G1 X-16.215 Y-173.843 Z-1.400 F400.000
G1 X-16.204 Y-173.952 Z-1.400 F400.000
G1 X-16.204 Y-176.843 Z-1.400 F400.000
G1 X-16.207 Y-176.903 Z-1.400 F400.000
G1 X-16.210 Y-176.921 Z-1.400 F400.000
G1 X-16.215 Y-176.938 Z-1.400 F400.000
G1 X-16.238 Y-176.994 Z-1.400 F400.000
G1 X-20.125 Y-185.330 Z-1.400 F400.000
G1 X-20.230 Y-185.586 Z-1.400 F400.000
G1 X-20.337 Y-185.934 Z-1.400 F400.000
G1 X-20.406 Y-186.291 Z-1.400 F400.000
G1 X-20.435 Y-186.654 Z-1.400 F400.000
G1 X-20.437 Y-195.220 Z-1.400 F400.000
G1 X-20.396 Y-195.717 Z-1.400 F400.000
G1 X-20.336 Y-196.023 Z-1.400 F400.000
G1 X-20.236 Y-196.351 Z-1.400 F400.000
G1 X-20.117 Y-196.638 Z-1.400 F400.000
G1 X-19.955 Y-196.941 Z-1.400 F400.000
G1 X-19.782 Y-197.200 Z-1.400 F400.000
G1 X-19.565 Y-197.465 Z-1.400 F400.000
G1 X-19.345 Y-197.685 Z-1.400 F400.000
G1 X-19.079 Y-197.903 Z-1.400 F400.000
G1 X-18.821 Y-198.076 Z-1.400 F400.000
G1 X-18.518 Y-198.237 Z-1.400 F400.000
G1 X-18.231 Y-198.356 Z-1.400 F400.000
G1 X-17.902 Y-198.456 Z-1.400 F400.000
G1 X-17.597 Y-198.517 Z-1.400 F400.000
G1 X-17.256 Y-198.550 Z-1.400 F400.000
G1 X-14.330 Y-198.558 Z-1.400 F400.000
G1 X-14.220 Y-198.569 Z-1.400 F400.000
G1 X-14.191 Y-198.577 Z-1.400 F400.000
G1 X-14.164 Y-198.592 Z-1.400 F400.000
G1 X-14.141 Y-198.611 Z-1.400 F400.000
G1 X-14.121 Y-198.634 Z-1.400 F400.000
G1 X-14.107 Y-198.661 Z-1.400 F400.000
G1 X-14.098 Y-198.690 Z-1.400 F400.000
G1 X-14.087 Y-198.798 Z-1.400 F400.000
G1 X-14.088 Y-200.505 Z-1.400 F400.000
G1 X-14.098 Y-200.613 Z-1.400 F400.000
G1 X-14.107 Y-200.642 Z-1.400 F400.000
G1 X-14.121 Y-200.669 Z-1.400 F400.000
G1 X-14.141 Y-200.692 Z-1.400 F400.000
G1 X-14.164 Y-200.712 Z-1.400 F400.000
G1 X-14.191 Y-200.726 Z-1.400 F400.000
G1 X-14.220 Y-200.735 Z-1.400 F400.000
G1 X-14.328 Y-200.745 Z-1.400 F400.000
G1 X-17.100 Y-200.745 Z-1.400 F400.000
G1 X-17.597 Y-200.787 Z-1.400 F400.000
G1 X-17.902 Y-200.847 Z-1.400 F400.000
G1 X-18.231 Y-200.947 Z-1.400 F400.000
G1 X-18.518 Y-201.066 Z-1.400 F400.000
G1 X-18.821 Y-201.228 Z-1.400 F400.000
G1 X-19.079 Y-201.401 Z-1.400 F400.000
G1 X-19.345 Y-201.618 Z-1.400 F400.000
G1 X-19.565 Y-201.838 Z-1.400 F400.000
G1 X-19.782 Y-202.104 Z-1.400 F400.000
G1 X-19.955 Y-202.362 Z-1.400 F400.000
G1 X-20.117 Y-202.665 Z-1.400 F400.000
G1 X-20.236 Y-202.952 Z-1.400 F400.000
G1 X-20.336 Y-203.281 Z-1.400 F400.000
G1 X-20.396 Y-203.586 Z-1.400 F400.000
G1 X-20.430 Y-203.927 Z-1.400 F400.000
G1 X-20.437 Y-228.000 Z-1.400 F400.000
G0 X-20.437 Y-228.000 Z5.000
G0 X-20.437 Y-3.000 Z5.000
G0 X-20.437 Y-3.000 Z3.000
G1 X-20.437 Y-17.188 Z2.505 F400.000
G1 X-20.424 Y-17.395 Z2.497 F400.000
G1 X-20.390 Y-17.654 Z2.488 F400.000
G1 X-20.283 Y-18.054 Z2.474 F400.000
G1 X-20.183 Y-18.295 Z2.465 F400.000
G1 X-19.975 Y-18.654 Z2.450 F400.000
G1 X-19.817 Y-18.861 Z2.441 F400.000
G1 X-19.524 Y-19.154 Z2.427 F400.000
G1 X-19.316 Y-19.313 Z2.417 F400.000
G1 X-18.958 Y-19.520 Z2.403 F400.000
G1 X-18.716 Y-19.620 Z2.394 F400.000
G1 X-18.316 Y-19.727 Z2.379 F400.000
G1 X-18.057 Y-19.761 Z2.370 F400.000
G1 X-17.850 Y-19.775 Z2.363 F400.000
G1 X-16.445 Y-19.775 Z2.314 F400.000
G1 X-16.336 Y-19.786 Z2.310 F400.000
G1 X-16.307 Y-19.794 Z2.309 F400.000
G1 X-16.281 Y-19.809 Z2.308 F400.000
G1 X-16.257 Y-19.828 Z2.307 F400.000
G1 X-16.238 Y-19.851 Z2.306 F400.000
G1 X-16.224 Y-19.878 Z2.305 F400.000
G1 X-16.215 Y-19.907 Z2.304 F400.000
G1 X-16.204 Y-20.015 Z2.300 F400.000
G1 X-16.204 Y-22.907 Z2.199 F400.000
G1 X-16.207 Y-22.967 Z2.197 F400.000
G1 X-16.210 Y-22.985 Z2.196 F400.000
G1 X-16.215 Y-23.001 Z2.196 F400.000
G1 X-16.238 Y-23.058 Z2.194 F400.000
G1 X-20.125 Y-31.394 Z1.872 F400.000
G1 X-20.230 Y-31.650 Z1.863 F400.000
G1 X-20.337 Y-31.998 Z1.850 F400.000
G1 X-20.406 Y-32.355 Z1.837 F400.000
G1 X-20.435 Y-32.718 Z1.825 F400.000
G1 X-20.437 Y-55.672 Z1.023 F400.000
G1 X-20.424 Y-55.879 Z1.016 F400.000
G1 X-20.390 Y-56.138 Z1.007 F400.000
G1 X-20.283 Y-56.538 Z0.992 F400.000
G1 X-20.183 Y-56.779 Z0.983 F400.000
G1 X-19.975 Y-57.138 Z0.969 F400.000
G1 X-19.817 Y-57.345 Z0.959 F400.000
G1 X-19.524 Y-57.638 Z0.945 F400.000
G1 X-19.316 Y-57.797 Z0.936 F400.000
G1 X-18.958 Y-58.004 Z0.921 F400.000
G1 X-18.716 Y-58.104 Z0.912 F400.000
G1 X-18.316 Y-58.211 Z0.898 F400.000
G1 X-18.057 Y-58.245 Z0.889 F400.000
G1 X-17.850 Y-58.259 Z0.881 F400.000
G1 X-16.445 Y-58.259 Z0.832 F400.000
G1 X-16.336 Y-58.270 Z0.829 F400.000
G1 X-16.307 Y-58.278 Z0.828 F400.000
G1 X-16.281 Y-58.293 Z0.826 F400.000
G1 X-16.257 Y-58.312 Z0.825 F400.000
G1 X-16.238 Y-58.336 Z0.824 F400.000
G1 X-16.224 Y-58.362 Z0.823 F400.000
G1 X-16.215 Y-58.391 Z0.822 F400.000
G1 X-16.204 Y-58.500 Z0.818 F400.000
G1 X-16.204 Y-61.391 Z0.717 F400.000
G1 X-16.207 Y-61.451 Z0.715 F400.000
G1 X-16.210 Y-61.469 Z0.715 F400.000
G1 X-16.215 Y-61.485 Z0.714 F400.000
G1 X-16.238 Y-61.542 Z0.712 F400.000
G1 X-16.383 Y-61.853 Z0.700 F400.000
G1 X-16.238 Y-61.542 Z0.688 F400.000
G1 X-16.215 Y-61.485 Z0.686 F400.000
G1 X-16.210 Y-61.469 Z0.685 F400.000
G1 X-16.207 Y-61.451 Z0.685 F400.000
G1 X-16.204 Y-61.391 Z0.683 F400.000
G1 X-16.204 Y-58.500 Z0.582 F400.000
G1 X-16.215 Y-58.391 Z0.578 F400.000
G1 X-16.224 Y-58.362 Z0.577 F400.000
G1 X-16.238 Y-58.336 Z0.576 F400.000
G1 X-16.257 Y-58.312 Z0.575 F400.000
G1 X-16.281 Y-58.293 Z0.574 F400.000
G1 X-16.307 Y-58.278 Z0.572 F400.000
G1 X-16.336 Y-58.270 Z0.571 F400.000
G1 X-16.445 Y-58.259 Z0.568 F400.000
G1 X-17.850 Y-58.259 Z0.519 F400.000
G1 X-18.057 Y-58.245 Z0.511 F400.000
G1 X-18.316 Y-58.211 Z0.502 F400.000
G1 X-18.716 Y-58.104 Z0.488 F400.000
G1 X-18.958 Y-58.004 Z0.479 F400.000
G1 X-19.316 Y-57.797 Z0.464 F400.000
G1 X-19.524 Y-57.638 Z0.455 F400.000
G1 X-19.817 Y-57.345 Z0.441 F400.000
G1 X-19.975 Y-57.138 Z0.431 F400.000
G1 X-20.183 Y-56.779 Z0.417 F400.000
G1 X-20.283 Y-56.538 Z0.408 F400.000
G1 X-20.390 Y-56.138 Z0.393 F400.000
G1 X-20.424 Y-55.879 Z0.384 F400.000
G1 X-20.437 Y-55.672 Z0.377 F400.000
G1 X-20.435 Y-32.718 Z-0.425 F400.000
G1 X-20.406 Y-32.355 Z-0.437 F400.000
G1 X-20.337 Y-31.998 Z-0.450 F400.000
G1 X-20.230 Y-31.650 Z-0.463 F400.000
G1 X-20.125 Y-31.394 Z-0.472 F400.000
G1 X-16.238 Y-23.058 Z-0.794 F400.000
G1 X-16.215 Y-23.001 Z-0.796 F400.000
G1 X-16.210 Y-22.985 Z-0.796 F400.000
G1 X-16.207 Y-22.967 Z-0.797 F400.000
G1 X-16.204 Y-22.907 Z-0.799 F400.000
G1 X-16.204 Y-20.015 Z-0.900 F400.000
G1 X-16.215 Y-19.907 Z-0.904 F400.000
G1 X-16.224 Y-19.878 Z-0.905 F400.000
G1 X-16.238 Y-19.851 Z-0.906 F400.000
G1 X-16.257 Y-19.828 Z-0.907 F400.000
G1 X-16.281 Y-19.809 Z-0.908 F400.000
G1 X-16.307 Y-19.794 Z-0.909 F400.000
G1 X-16.336 Y-19.786 Z-0.910 F400.000
G1 X-16.445 Y-19.775 Z-0.914 F400.000
G1 X-17.850 Y-19.775 Z-0.963 F400.000
G1 X-18.057 Y-19.761 Z-0.970 F400.000
G1 X-18.316 Y-19.727 Z-0.979 F400.000
G1 X-18.716 Y-19.620 Z-0.994 F400.000
G1 X-18.958 Y-19.520 Z-1.003 F400.000
G1 X-19.316 Y-19.313 Z-1.017 F400.000
G1 X-19.524 Y-19.154 Z-1.027 F400.000
G1 X-19.817 Y-18.861 Z-1.041 F400.000
G1 X-19.975 Y-18.654 Z-1.050 F400.000
G1 X-20.183 Y-18.295 Z-1.065 F400.000
G1 X-20.283 Y-18.054 Z-1.074 F400.000
G1 X-20.390 Y-17.654 Z-1.088 F400.000
G1 X-20.424 Y-17.395 Z-1.097 F400.000
G1 X-20.437 Y-17.188 Z-1.105 F400.000
G1 X-20.437 Y-3.000 Z-1.600 F400.000
G1 X-20.437 Y-17.188 Z-1.600 F400.000
G1 X-20.424 Y-17.395 Z-1.600 F400.000
G1 X-20.390 Y-17.654 Z-1.600 F400.000
G1 X-20.283 Y-18.054 Z-1.600 F400.000
G1 X-20.183 Y-18.295 Z-1.600 F400.000
G1 X-19.975 Y-18.654 Z-1.600 F400.000
G1 X-19.817 Y-18.861 Z-1.600 F400.000
G1 X-19.524 Y-19.154 Z-1.600 F400.000
G1 X-19.316 Y-19.313 Z-1.600 F400.000
G1 X-18.958 Y-19.520 Z-1.600 F400.000
G1 X-18.716 Y-19.620 Z-1.600 F400.000
G1 X-18.316 Y-19.727 Z-1.600 F400.000
G1 X-18.057 Y-19.761 Z-1.600 F400.000
G1 X-17.850 Y-19.775 Z-1.600 F400.000
G1 X-16.445 Y-19.775 Z-1.600 F400.000
G1 X-16.336 Y-19.786 Z-1.600 F400.000
G1 X-16.307 Y-19.794 Z-1.600 F400.000
G1 X-16.281 Y-19.809 Z-1.600 F400.000
G1 X-16.257 Y-19.828 Z-1.600 F400.000
G1 X-16.238 Y-19.851 Z-1.600 F400.000
G1 X-16.224 Y-19.878 Z-1.600 F400.000
G1 X-16.215 Y-19.907 Z-1.600 F400.000
G1 X-16.204 Y-20.015 Z-1.600 F400.000
G1 X-16.204 Y-22.907 Z-1.600 F400.000
G1 X-16.207 Y-22.967 Z-1.600 F400.000
G1 X-16.210 Y-22.985 Z-1.600 F400.000
G1 X-16.215 Y-23.001 Z-1.600 F400.000
G1 X-16.238 Y-23.058 Z-1.600 F400.000
G1 X-20.125 Y-31.394 Z-1.600 F400.000
G1 X-20.230 Y-31.650 Z-1.600 F400.000
G1 X-20.337 Y-31.998 Z-1.600 F400.000
G1 X-20.406 Y-32.355 Z-1.600 F400.000
G1 X-20.435 Y-32.718 Z-1.600 F400.000
G1 X-20.437 Y-55.672 Z-1.600 F400.000
G1 X-20.424 Y-55.879 Z-1.600 F400.000
G1 X-20.390 Y-56.138 Z-1.600 F400.000
G1 X-20.283 Y-56.538 Z-1.600 F400.000
G1 X-20.183 Y-56.779 Z-1.600 F400.000
G1 X-19.975 Y-57.138 Z-1.600 F400.000
G1 X-19.817 Y-57.345 Z-1.600 F400.000
G1 X-19.524 Y-57.638 Z-1.600 F400.000
G1 X-19.316 Y-57.797 Z-1.600 F400.000
G1 X-18.958 Y-58.004 Z-1.600 F400.000
G1 X-18.716 Y-58.104 Z-1.600 F400.000
G1 X-18.316 Y-58.211 Z-1.600 F400.000
G1 X-18.057 Y-58.245 Z-1.600 F400.000
G1 X-17.850 Y-58.259 Z-1.600 F400.000
G1 X-16.445 Y-58.259 Z-1.600 F400.000
G1 X-16.336 Y-58.270 Z-1.600 F400.000
G1 X-16.307 Y-58.278 Z-1.600 F400.000
G1 X-16.281 Y-58.293 Z-1.600 F400.000
G1 X-16.257 Y-58.312 Z-1.600 F400.000
G1 X-16.238 Y-58.336 Z-1.600 F400.000
G1 X-16.224 Y-58.362 Z-1.600 F400.000
G1 X-16.215 Y-58.391 Z-1.600 F400.000
G1 X-16.204 Y-58.500 Z-1.600 F400.000
G1 X-16.204 Y-61.391 Z-1.600 F400.000
G1 X-16.207 Y-61.451 Z-1.600 F400.000
G1 X-16.210 Y-61.469 Z-1.600 F400.000
G1 X-16.215 Y-61.485 Z-1.600 F400.000
G1 X-16.238 Y-61.542 Z-1.600 F400.000
G1 X-20.125 Y-69.878 Z-1.600 F400.000
G1 X-20.230 Y-70.134 Z-1.600 F400.000
G1 X-20.337 Y-70.482 Z-1.600 F400.000
G1 X-20.406 Y-70.839 Z-1.600 F400.000
G1 X-20.435 Y-71.202 Z-1.600 F400.000
G1 X-20.437 Y-94.156 Z-1.600 F400.000
G1 X-20.424 Y-94.363 Z-1.600 F400.000
G1 X-20.390 Y-94.622 Z-1.600 F400.000
G1 X-20.283 Y-95.022 Z-1.600 F400.000
G1 X-20.183 Y-95.263 Z-1.600 F400.000
G1 X-19.975 Y-95.622 Z-1.600 F400.000
G1 X-19.817 Y-95.829 Z-1.600 F400.000
G1 X-19.524 Y-96.122 Z-1.600 F400.000
G1 X-19.316 Y-96.281 Z-1.600 F400.000
G1 X-18.958 Y-96.488 Z-1.600 F400.000
G1 X-18.716 Y-96.588 Z-1.600 F400.000
G1 X-18.316 Y-96.695 Z-1.600 F400.000
G1 X-18.057 Y-96.729 Z-1.600 F400.000
G1 X-17.850 Y-96.743 Z-1.600 F400.000
G1 X-16.445 Y-96.743 Z-1.600 F400.000
G1 X-16.336 Y-96.754 Z-1.600 F400.000
G1 X-16.307 Y-96.762 Z-1.600 F400.000
G1 X-16.281 Y-96.777 Z-1.600 F400.000
G1 X-16.257 Y-96.796 Z-1.600 F400.000
G1 X-16.238 Y-96.820 Z-1.600 F400.000
G1 X-16.224 Y-96.846 Z-1.600 F400.000
G1 X-16.215 Y-96.875 Z-1.600 F400.000
G1 X-16.204 Y-96.984 Z-1.600 F400.000
G1 X-16.204 Y-99.875 Z-1.600 F400.000
G1 X-16.207 Y-99.935 Z-1.600 F400.000
G1 X-16.210 Y-99.953 Z-1.600 F400.000
G1 X-16.215 Y-99.969 Z-1.600 F400.000
G1 X-16.238 Y-100.026 Z-1.600 F400.000
G1 X-20.125 Y-108.362 Z-1.600 F400.000
G1 X-20.230 Y-108.618 Z-1.600 F400.000
G1 X-20.337 Y-108.966 Z-1.600 F400.000
G1 X-20.406 Y-109.323 Z-1.600 F400.000
G1 X-20.435 Y-109.686 Z-1.600 F400.000
G1 X-20.437 Y-132.640 Z-1.600 F400.000
G1 X-20.424 Y-132.847 Z-1.600 F400.000
G1 X-20.390 Y-133.106 Z-1.600 F400.000
G1 X-20.283 Y-133.506 Z-1.600 F400.000
G1 X-20.183 Y-133.747 Z-1.600 F400.000
G1 X-19.975 Y-134.106 Z-1.600 F400.000
G1 X-19.817 Y-134.313 Z-1.600 F400.000
G1 X-19.524 Y-134.606 Z-1.600 F400.000
G1 X-19.316 Y-134.765 Z-1.600 F400.000
G1 X-18.958 Y-134.972 Z-1.600 F400.000
G1 X-18.716 Y-135.072 Z-1.600 F400.000
G1 X-18.316 Y-135.179 Z-1.600 F400.000
G1 X-18.057 Y-135.213 Z-1.600 F400.000
G1 X-17.850 Y-135.227 Z-1.600 F400.000
G1 X-16.445 Y-135.227 Z-1.600 F400.000
G1 X-16.336 Y-135.238 Z-1.600 F400.000
G1 X-16.307 Y-135.247 Z-1.600 F400.000
G1 X-16.281 Y-135.261 Z-1.600 F400.000
G1 X-16.257 Y-135.280 Z-1.600 F400.000
G1 X-16.238 Y-135.304 Z-1.600 F400.000
G1 X-16.224 Y-135.330 Z-1.600 F400.000
G1 X-16.215 Y-135.359 Z-1.600 F400.000
G1 X-16.204 Y-135.468 Z-1.600 F400.000
G1 X-16.204 Y-138.359 Z-1.600 F400.000
G1 X-16.207 Y-138.419 Z-1.600 F400.000
G1 X-16.210 Y-138.437 Z-1.600 F400.000
G1 X-16.215 Y-138.454 Z-1.600 F400.000
G1 X-16.238 Y-138.510 Z-1.600 F400.000
G1 X-20.125 Y-146.846 Z-1.600 F400.000
G1 X-20.230 Y-147.102 Z-1.600 F400.000
G1 X-20.337 Y-147.450 Z-1.600 F400.000
G1 X-20.406 Y-147.807 Z-1.600 F400.000
G1 X-20.435 Y-148.170 Z-1.600 F400.000
G1 X-20.437 Y-171.124 Z-1.600 F400.000
G1 X-20.424 Y-171.331 Z-1.600 F400.000
G1 X-20.390 Y-171.590 Z-1.600 F400.000
G1 X-20.283 Y-171.990 Z-1.600 F400.000
G1 X-20.183 Y-172.231 Z-1.600 F400.000
G1 X-19.975 Y-172.590 Z-1.600 F400.000
G1 X-19.817 Y-172.797 Z-1.600 F400.000
G1 X-19.524 Y-173.090 Z-1.600 F400.000
G1 X-19.316 Y-173.249 Z-1.600 F400.000
G1 X-18.958 Y-173.456 Z-1.600 F400.000
G1 X-18.716 Y-173.556 Z-1.600 F400.000
G1 X-18.316 Y-173.663 Z-1.600 F400.000
G1 X-18.057 Y-173.697 Z-1.600 F400.000
G1 X-17.850 Y-173.711 Z-1.600 F400.000
G1 X-16.445 Y-173.711 Z-1.600 F400.000
G1 X-16.336 Y-173.722 Z-1.600 F400.000
G1 X-16.307 Y-173.731 Z-1.600 F400.000
G1 X-16.281 Y-173.745 Z-1.600 F400.000
G1 X-16.257 Y-173.764 Z-1.600 F400.000
G1 X-16.238 Y-173.788 Z-1.600 F400.000
G1 X-16.224 Y-173.814 Z-1.600 F400.000
G1 X-16.215 Y-173.843 Z-1.600 F400.000
G1 X-16.204 Y-173.952 Z-1.600 F400.000
G1 X-16.204 Y-176.843 Z-1.600 F400.000
G1 X-16.207 Y-176.903 Z-1.600 F400.000
G1 X-16.210 Y-176.921 Z-1.600 F400.000
G1 X-16.215 Y-176.938 Z-1.600 F400.000
G1 X-16.238 Y-176.994 Z-1.600 F400.000
G1 X-20.125 Y-185.330 Z-1.600 F400.000
G1 X-20.230 Y-185.586 Z-1.600 F400.000
G1 X-20.337 Y-185.934 Z-1.600 F400.000
G1 X-20.406 Y-186.291 Z-1.600 F400.000
G1 X-20.435 Y-186.654 Z-1.600 F400.000
G1 X-20.437 Y-195.220 Z-1.600 F400.000
G1 X-20.396 Y-195.717 Z-1.600 F400.000
G1 X-20.336 Y-196.023 Z-1.600 F400.000
G1 X-20.236 Y-196.351 Z-1.600 F400.000
G1 X-20.117 Y-196.638 Z-1.600 F400.000
G1 X-19.955 Y-196.941 Z-1.600 F400.000
G1 X-19.782 Y-197.200 Z-1.600 F400.000
G1 X-19.565 Y-197.465 Z-1.600 F400.000
G1 X-19.345 Y-197.685 Z-1.600 F400.000
G1 X-19.079 Y-197.903 Z-1.600 F400.000
G1 X-18.821 Y-198.076 Z-1.600 F400.000
G1 X-18.518 Y-198.237 Z-1.600 F400.000
G1 X-18.231 Y-198.356 Z-1.600 F400.000
G1 X-17.902 Y-198.456 Z-1.600 F400.000
G1 X-17.597 Y-198.517 Z-1.600 F400.000
G1 X-17.256 Y-198.550 Z-1.600 F400.000
G1 X-14.330 Y-198.558 Z-1.600 F400.000
G1 X-14.220 Y-198.569 Z-1.600 F400.000
G1 X-14.191 Y-198.577 Z-1.600 F400.000
G1 X-14.164 Y-198.592 Z-1.600 F400.000
G1 X-14.141 Y-198.611 Z-1.600 F400.000
G1 X-14.121 Y-198.634 Z-1.600 F400.000
G1 X-14.107 Y-198.661 Z-1.600 F400.000
G1 X-14.098 Y-198.690 Z-1.600 F400.000
G1 X-14.087 Y-198.798 Z-1.600 F400.000
G1 X-14.088 Y-200.505 Z-1.600 F400.000
G1 X-14.098 Y-200.613 Z-1.600 F400.000
G1 X-14.107 Y-200.642 Z-1.600 F400.000
G1 X-14.121 Y-200.669 Z-1.600 F400.000
G1 X-14.141 Y-200.692 Z-1.600 F400.000
G1 X-14.164 Y-200.712 Z-1.600 F400.000
G1 X-14.191 Y-200.726 Z-1.600 F400.000
G1 X-14.220 Y-200.735 Z-1.600 F400.000
G1 X-14.328 Y-200.745 Z-1.600 F400.000
G1 X-17.100 Y-200.745 Z-1.600 F400.000
G1 X-17.597 Y-200.787 Z-1.600 F400.000
G1 X-17.902 Y-200.847 Z-1.600 F400.000
G1 X-18.231 Y-200.947 Z-1.600 F400.000
G1 X-18.518 Y-201.066 Z-1.600 F400.000
G1 X-18.821 Y-201.228 Z-1.600 F400.000
G1 X-19.079 Y-201.401 Z-1.600 F400.000
G1 X-19.345 Y-201.618 Z-1.600 F400.000
G1 X-19.565 Y-201.838 Z-1.600 F400.000
G1 X-19.782 Y-202.104 Z-1.600 F400.000
G1 X-19.955 Y-202.362 Z-1.600 F400.000
G1 X-20.117 Y-202.665 Z-1.600 F400.000
G1 X-20.236 Y-202.952 Z-1.600 F400.000
G1 X-20.336 Y-203.281 Z-1.600 F400.000
G1 X-20.396 Y-203.586 Z-1.600 F400.000
G1 X-20.430 Y-203.927 Z-1.600 F400.000
G1 X-20.437 Y-228.000 Z-1.600 F400.000
G0 X-20.437 Y-228.000 Z5.000
G0 X-20.437 Y-3.000 Z5.000
G0 X-20.437 Y-3.000 Z3.000
G1 X-20.437 Y-17.188 Z2.505 F400.000
G1 X-20.424 Y-17.395 Z2.497 F400.000
G1 X-20.390 Y-17.654 Z2.488 F400.000
G1 X-20.283 Y-18.054 Z2.474 F400.000
G1 X-20.183 Y-18.295 Z2.465 F400.000
G1 X-19.975 Y-18.654 Z2.450 F400.000
G1 X-19.817 Y-18.861 Z2.441 F400.000
G1 X-19.524 Y-19.154 Z2.427 F400.000
G1 X-19.316 Y-19.313 Z2.417 F400.000
G1 X-18.958 Y-19.520 Z2.403 F400.000
G1 X-18.716 Y-19.620 Z2.394 F400.000
G1 X-18.316 Y-19.727 Z2.379 F400.000
G1 X-18.057 Y-19.761 Z2.370 F400.000
G1 X-17.850 Y-19.775 Z2.363 F400.000
G1 X-16.445 Y-19.775 Z2.314 F400.000
G1 X-16.336 Y-19.786 Z2.310 F400.000
G1 X-16.307 Y-19.794 Z2.309 F400.000
G1 X-16.281 Y-19.809 Z2.308 F400.000
G1 X-16.257 Y-19.828 Z2.307 F400.000
G1 X-16.238 Y-19.851 Z2.306 F400.000
G1 X-16.224 Y-19.878 Z2.305 F400.000
G1 X-16.215 Y-19.907 Z2.304 F400.000
G1 X-16.204 Y-20.015 Z2.300 F400.000
G1 X-16.204 Y-22.907 Z2.199 F400.000
G1 X-16.207 Y-22.967 Z2.197 F400.000
G1 X-16.210 Y-22.985 Z2.196 F400.000
G1 X-16.215 Y-23.001 Z2.196 F400.000
G1 X-16.238 Y-23.058 Z2.194 F400.000
G1 X-20.125 Y-31.394 Z1.872 F400.000
G1 X-20.230 Y-31.650 Z1.863 F400.000
G1 X-20.337 Y-31.998 Z1.850 F400.000
G1 X-20.406 Y-32.355 Z1.837 F400.000
G1 X-20.435 Y-32.718 Z1.825 F400.000
G1 X-20.437 Y-55.672 Z1.023 F400.000
G1 X-20.424 Y-55.879 Z1.016 F400.000
G1 X-20.390 Y-56.138 Z1.007 F400.000
G1 X-20.283 Y-56.538 Z0.992 F400.000
G1 X-20.183 Y-56.779 Z0.983 F400.000
G1 X-19.975 Y-57.138 Z0.969 F400.000
G1 X-19.817 Y-57.345 Z0.959 F400.000
G1 X-19.524 Y-57.638 Z0.945 F400.000
G1 X-19.316 Y-57.797 Z0.936 F400.000
G1 X-18.958 Y-58.004 Z0.921 F400.000
G1 X-18.716 Y-58.104 Z0.912 F400.000
G1 X-18.316 Y-58.211 Z0.898 F400.000
G1 X-18.057 Y-58.245 Z0.889 F400.000
G1 X-17.850 Y-58.259 Z0.881 F400.000
G1 X-16.445 Y-58.259 Z0.832 F400.000
G1 X-16.336 Y-58.270 Z0.829 F400.000
G1 X-16.307 Y-58.278 Z0.828 F400.000
G1 X-16.281 Y-58.293 Z0.826 F400.000
G1 X-16.257 Y-58.312 Z0.825 F400.000
G1 X-16.238 Y-58.336 Z0.824 F400.000
G1 X-16.224 Y-58.362 Z0.823 F400.000
G1 X-16.215 Y-58.391 Z0.822 F400.000
G1 X-16.204 Y-58.500 Z0.818 F400.000
G1 X-16.204 Y-61.391 Z0.717 F400.000
G1 X-16.207 Y-61.451 Z0.715 F400.000
G1 X-16.210 Y-61.469 Z0.715 F400.000
G1 X-16.215 Y-61.485 Z0.714 F400.000
G1 X-16.238 Y-61.542 Z0.712 F400.000
G1 X-17.593 Y-64.448 Z0.600 F400.000
G1 X-16.238 Y-61.542 Z0.488 F400.000
G1 X-16.215 Y-61.485 Z0.486 F400.000
G1 X-16.210 Y-61.469 Z0.485 F400.000
G1 X-16.207 Y-61.451 Z0.485 F400.000
G1 X-16.204 Y-61.391 Z0.483 F400.000
G1 X-16.204 Y-58.500 Z0.382 F400.000
G1 X-16.215 Y-58.391 Z0.378 F400.000
G1 X-16.224 Y-58.362 Z0.377 F400.000
G1 X-16.238 Y-58.336 Z0.376 F400.000
G1 X-16.257 Y-58.312 Z0.375 F400.000
G1 X-16.281 Y-58.293 Z0.374 F400.000
G1 X-16.307 Y-58.278 Z0.372 F400.000
G1 X-16.336 Y-58.270 Z0.371 F400.000
G1 X-16.445 Y-58.259 Z0.368 F400.000
G1 X-17.850 Y-58.259 Z0.319 F400.000
G1 X-18.057 Y-58.245 Z0.311 F400.000
G1 X-18.316 Y-58.211 Z0.302 F400.000
G1 X-18.716 Y-58.104 Z0.288 F400.000
G1 X-18.958 Y-58.004 Z0.279 F400.000
G1 X-19.316 Y-57.797 Z0.264 F400.000
G1 X-19.524 Y-57.638 Z0.255 F400.000
G1 X-19.817 Y-57.345 Z0.241 F400.000
G1 X-19.975 Y-57.138 Z0.231 F400.000
G1 X-20.183 Y-56.779 Z0.217 F400.000
G1 X-20.283 Y-56.538 Z0.208 F400.000
G1 X-20.390 Y-56.138 Z0.193 F400.000
G1 X-20.424 Y-55.879 Z0.184 F400.000
G1 X-20.437 Y-55.672 Z0.177 F400.000
G1 X-20.435 Y-32.718 Z-0.625 F400.000
G1 X-20.406 Y-32.355 Z-0.637 F400.000
G1 X-20.337 Y-31.998 Z-0.650 F400.000
G1 X-20.230 Y-31.650 Z-0.663 F400.000
G1 X-20.125 Y-31.394 Z-0.672 F400.000
G1 X-16.238 Y-23.058 Z-0.994 F400.000
G1 X-16.215 Y-23.001 Z-0.996 F400.000
G1 X-16.210 Y-22.985 Z-0.996 F400.000
G1 X-16.207 Y-22.967 Z-0.997 F400.000
G1 X-16.204 Y-22.907 Z-0.999 F400.000
G1 X-16.204 Y-20.015 Z-1.100 F400.000
G1 X-16.215 Y-19.907 Z-1.104 F400.000
G1 X-16.224 Y-19.878 Z-1.105 F400.000
G1 X-16.238 Y-19.851 Z-1.106 F400.000
G1 X-16.257 Y-19.828 Z-1.107 F400.000
G1 X-16.281 Y-19.809 Z-1.108 F400.000
G1 X-16.307 Y-19.794 Z-1.109 F400.000
G1 X-16.336 Y-19.786 Z-1.110 F400.000
G1 X-16.445 Y-19.775 Z-1.114 F400.000
G1 X-17.850 Y-19.775 Z-1.163 F400.000
G1 X-18.057 Y-19.761 Z-1.170 F400.000
G1 X-18.316 Y-19.727 Z-1.179 F400.000
G1 X-18.716 Y-19.620 Z-1.194 F400.000
G1 X-18.958 Y-19.520 Z-1.203 F400.000
G1 X-19.316 Y-19.313 Z-1.217 F400.000
G1 X-19.524 Y-19.154 Z-1.227 F400.000
G1 X-19.817 Y-18.861 Z-1.241 F400.000
G1 X-19.975 Y-18.654 Z-1.250 F400.000
G1 X-20.183 Y-18.295 Z-1.265 F400.000
G1 X-20.283 Y-18.054 Z-1.274 F400.000
G1 X-20.390 Y-17.654 Z-1.288 F400.000
G1 X-20.424 Y-17.395 Z-1.297 F400.000
G1 X-20.437 Y-17.188 Z-1.305 F400.000
G1 X-20.437 Y-3.000 Z-1.800 F400.000
G1 X-20.437 Y-17.188 Z-1.800 F400.000
G1 X-20.424 Y-17.395 Z-1.800 F400.000
G1 X-20.390 Y-17.654 Z-1.800 F400.000
G1 X-20.283 Y-18.054 Z-1.800 F400.000
G1 X-20.183 Y-18.295 Z-1.800 F400.000
G1 X-19.975 Y-18.654 Z-1.800 F400.000
G1 X-19.817 Y-18.861 Z-1.800 F400.000
G1 X-19.524 Y-19.154 Z-1.800 F400.000
G1 X-19.316 Y-19.313 Z-1.800 F400.000
G1 X-18.958 Y-19.520 Z-1.800 F400.000
G1 X-18.716 Y-19.620 Z-1.800 F400.000
G1 X-18.316 Y-19.727 Z-1.800 F400.000
G1 X-18.057 Y-19.761 Z-1.800 F400.000
G1 X-17.850 Y-19.775 Z-1.800 F400.000
G1 X-16.445 Y-19.775 Z-1.800 F400.000
G1 X-16.336 Y-19.786 Z-1.800 F400.000
G1 X-16.307 Y-19.794 Z-1.800 F400.000
G1 X-16.281 Y-19.809 Z-1.800 F400.000
G1 X-16.257 Y-19.828 Z-1.800 F400.000
G1 X-16.238 Y-19.851 Z-1.800 F400.000
G1 X-16.224 Y-19.878 Z-1.800 F400.000
G1 X-16.215 Y-19.907 Z-1.800 F400.000
G1 X-16.204 Y-20.015 Z-1.800 F400.000
G1 X-16.204 Y-22.907 Z-1.800 F400.000
G1 X-16.207 Y-22.967 Z-1.800 F400.000
G1 X-16.210 Y-22.985 Z-1.800 F400.000
G1 X-16.215 Y-23.001 Z-1.800 F400.000
G1 X-16.238 Y-23.058 Z-1.800 F400.000
G1 X-20.125 Y-31.394 Z-1.800 F400.000
G1 X-20.230 Y-31.650 Z-1.800 F400.000
G1 X-20.337 Y-31.998 Z-1.800 F400.000
G1 X-20.406 Y-32.355 Z-1.800 F400.000
G1 X-20.435 Y-32.718 Z-1.800 F400.000
G1 X-20.437 Y-55.672 Z-1.800 F400.000
G1 X-20.424 Y-55.879 Z-1.800 F400.000
G1 X-20.390 Y-56.138 Z-1.800 F400.000
G1 X-20.283 Y-56.538 Z-1.800 F400.000
G1 X-20.183 Y-56.779 Z-1.800 F400.000
G1 X-19.975 Y-57.138 Z-1.800 F400.000
G1 X-19.817 Y-57.345 Z-1.800 F400.000
G1 X-19.524 Y-57.638 Z-1.800 F400.000
G1 X-19.316 Y-57.797 Z-1.800 F400.000
G1 X-18.958 Y-58.004 Z-1.800 F400.000
G1 X-18.716 Y-58.104 Z-1.800 F400.000
G1 X-18.316 Y-58.211 Z-1.800 F400.000
G1 X-18.057 Y-58.245 Z-1.800 F400.000
G1 X-17.850 Y-58.259 Z-1.800 F400.000
G1 X-16.445 Y-58.259 Z-1.800 F400.000
G1 X-16.336 Y-58.270 Z-1.800 F400.000
G1 X-16.307 Y-58.278 Z-1.800 F400.000
G1 X-16.281 Y-58.293 Z-1.800 F400.000
G1 X-16.257 Y-58.312 Z-1.800 F400.000
G1 X-16.238 Y-58.336 Z-1.800 F400.000
G1 X-16.224 Y-58.362 Z-1.800 F400.000
G1 X-16.215 Y-58.391 Z-1.800 F400.000
G1 X-16.204 Y-58.500 Z-1.800 F400.000
G1 X-16.204 Y-61.391 Z-1.800 F400.000
G1 X-16.207 Y-61.451 Z-1.800 F400.000
G1 X-16.210 Y-61.469 Z-1.800 F400.000
G1 X-16.215 Y-61.485 Z-1.800 F400.000
G1 X-16.238 Y-61.542 Z-1.800 F400.000
G1 X-20.125 Y-69.878 Z-1.800 F400.000
G1 X-20.230 Y-70.134 Z-1.800 F400.000
G1 X-20.337 Y-70.482 Z-1.800 F400.000
G1 X-20.406 Y-70.839 Z-1.800 F400.000
G1 X-20.435 Y-71.202 Z-1.800 F400.000
G1 X-20.437 Y-94.156 Z-1.800 F400.000
G1 X-20.424 Y-94.363 Z-1.800 F400.000
G1 X-20.390 Y-94.622 Z-1.800 F400.000
G1 X-20.283 Y-95.022 Z-1.800 F400.000
G1 X-20.183 Y-95.263 Z-1.800 F400.000
G1 X-19.975 Y-95.622 Z-1.800 F400.000
G1 X-19.817 Y-95.829 Z-1.800 F400.000
G1 X-19.524 Y-96.122 Z-1.800 F400.000
G1 X-19.316 Y-96.281 Z-1.800 F400.000
G1 X-18.958 Y-96.488 Z-1.800 F400.000
G1 X-18.716 Y-96.588 Z-1.800 F400.000
G1 X-18.316 Y-96.695 Z-1.800 F400.000
G1 X-18.057 Y-96.729 Z-1.800 F400.000
G1 X-17.850 Y-96.743 Z-1.800 F400.000
G1 X-16.445 Y-96.743 Z-1.800 F400.000
G1 X-16.336 Y-96.754 Z-1.800 F400.000
G1 X-16.307 Y-96.762 Z-1.800 F400.000
G1 X-16.281 Y-96.777 Z-1.800 F400.000
G1 X-16.257 Y-96.796 Z-1.800 F400.000
G1 X-16.238 Y-96.820 Z-1.800 F400.000
G1 X-16.224 Y-96.846 Z-1.800 F400.000
G1 X-16.215 Y-96.875 Z-1.800 F400.000
G1 X-16.204 Y-96.984 Z-1.800 F400.000
G1 X-16.204 Y-99.875 Z-1.800 F400.000
G1 X-16.207 Y-99.935 Z-1.800 F400.000
G1 X-16.210 Y-99.953 Z-1.800 F400.000
G1 X-16.215 Y-99.969 Z-1.800 F400.000
G1 X-16.238 Y-100.026 Z-1.800 F400.000
G1 X-20.125 Y-108.362 Z-1.800 F400.000
G1 X-20.230 Y-108.618 Z-1.800 F400.000
G1 X-20.337 Y-108.966 Z-1.800 F400.000
G1 X-20.406 Y-109.323 Z-1.800 F400.000
G1 X-20.435 Y-109.686 Z-1.800 F400.000
G1 X-20.437 Y-132.640 Z-1.800 F400.000
G1 X-20.424 Y-132.847 Z-1.800 F400.000
G1 X-20.390 Y-133.106 Z-1.800 F400.000
G1 X-20.283 Y-133.506 Z-1.800 F400.000
G1 X-20.183 Y-133.747 Z-1.800 F400.000
G1 X-19.975 Y-134.106 Z-1.800 F400.000
G1 X-19.817 Y-134.313 Z-1.800 F400.000
G1 X-19.524 Y-134.606 Z-1.800 F400.000
G1 X-19.316 Y-134.765 Z-1.800 F400.000
G1 X-18.958 Y-134.972 Z-1.800 F400.000
G1 X-18.716 Y-135.072 Z-1.800 F400.000
G1 X-18.316 Y-135.179 Z-1.800 F400.000
G1 X-18.057 Y-135.213 Z-1.800 F400.000
G1 X-17.850 Y-135.227 Z-1.800 F400.000
G1 X-16.445 Y-135.227 Z-1.800 F400.000
G1 X-16.336 Y-135.238 Z-1.800 F400.000
G1 X-16.307 Y-135.247 Z-1.800 F400.000
G1 X-16.281 Y-135.261 Z-1.800 F400.000
G1 X-16.257 Y-135.280 Z-1.800 F400.000
G1 X-16.238 Y-135.304 Z-1.800 F400.000
G1 X-16.224 Y-135.330 Z-1.800 F400.000
G1 X-16.215 Y-135.359 Z-1.800 F400.000
G1 X-16.204 Y-135.468 Z-1.800 F400.000
G1 X-16.204 Y-138.359 Z-1.800 F400.000
G1 X-16.207 Y-138.419 Z-1.800 F400.000
G1 X-16.210 Y-138.437 Z-1.800 F400.000
G1 X-16.215 Y-138.454 Z-1.800 F400.000
G1 X-16.238 Y-138.510 Z-1.800 F400.000
G1 X-20.125 Y-146.846 Z-1.800 F400.000
G1 X-20.230 Y-147.102 Z-1.800 F400.000
G1 X-20.337 Y-147.450 Z-1.800 F400.000
G1 X-20.406 Y-147.807 Z-1.800 F400.000
G1 X-20.435 Y-148.170 Z-1.800 F400.000
G1 X-20.437 Y-171.124 Z-1.800 F400.000
G1 X-20.424 Y-171.331 Z-1.800 F400.000
G1 X-20.390 Y-171.590 Z-1.800 F400.000
G1 X-20.283 Y-171.990 Z-1.800 F400.000
G1 X-20.183 Y-172.231 Z-1.800 F400.000
G1 X-19.975 Y-172.590 Z-1.800 F400.000
G1 X-19.817 Y-172.797 Z-1.800 F400.000
G1 X-19.524 Y-173.090 Z-1.800 F400.000
G1 X-19.316 Y-173.249 Z-1.800 F400.000
G1 X-18.958 Y-173.456 Z-1.800 F400.000
G1 X-18.716 Y-173.556 Z-1.800 F400.000
G1 X-18.316 Y-173.663 Z-1.800 F400.000
G1 X-18.057 Y-173.697 Z-1.800 F400.000
G1 X-17.850 Y-173.711 Z-1.800 F400.000
G1 X-16.445 Y-173.711 Z-1.800 F400.000
G1 X-16.336 Y-173.722 Z-1.800 F400.000
G1 X-16.307 Y-173.731 Z-1.800 F400.000
G1 X-16.281 Y-173.745 Z-1.800 F400.000
G1 X-16.257 Y-173.764 Z-1.800 F400.000
G1 X-16.238 Y-173.788 Z-1.800 F400.000
G1 X-16.224 Y-173.814 Z-1.800 F400.000
G1 X-16.215 Y-173.843 Z-1.800 F400.000
G1 X-16.204 Y-173.952 Z-1.800 F400.000
G1 X-16.204 Y-176.843 Z-1.800 F400.000
G1 X-16.207 Y-176.903 Z-1.800 F400.000
G1 X-16.210 Y-176.921 Z-1.800 F400.000
G1 X-16.215 Y-176.938 Z-1.800 F400.000
G1 X-16.238 Y-176.994 Z-1.800 F400.000
G1 X-20.125 Y-185.330 Z-1.800 F400.000
G1 X-20.230 Y-185.586 Z-1.800 F400.000
G1 X-20.337 Y-185.934 Z-1.800 F400.000
G1 X-20.406 Y-186.291 Z-1.800 F400.000
G1 X-20.435 Y-186.654 Z-1.800 F400.000
G1 X-20.437 Y-195.220 Z-1.800 F400.000
G1 X-20.396 Y-195.717 Z-1.800 F400.000
G1 X-20.336 Y-196.023 Z-1.800 F400.000
G1 X-20.236 Y-196.351 Z-1.800 F400.000
G1 X-20.117 Y-196.638 Z-1.800 F400.000
G1 X-19.955 Y-196.941 Z-1.800 F400.000
G1 X-19.782 Y-197.200 Z-1.800 F400.000
G1 X-19.565 Y-197.465 Z-1.800 F400.000
G1 X-19.345 Y-197.685 Z-1.800 F400.000
G1 X-19.079 Y-197.903 Z-1.800 F400.000
G1 X-18.821 Y-198.076 Z-1.800 F400.000
G1 X-18.518 Y-198.237 Z-1.800 F400.000
G1 X-18.231 Y-198.356 Z-1.800 F400.000
G1 X-17.902 Y-198.456 Z-1.800 F400.000
G1 X-17.597 Y-198.517 Z-1.800 F400.000
G1 X-17.256 Y-198.550 Z-1.800 F400.000
G1 X-14.330 Y-198.558 Z-1.800 F400.000
G1 X-14.220 Y-198.569 Z-1.800 F400.000
G1 X-14.191 Y-198.577 Z-1.800 F400.000
G1 X-14.164 Y-198.592 Z-1.800 F400.000
G1 X-14.141 Y-198.611 Z-1.800 F400.000
G1 X-14.121 Y-198.634 Z-1.800 F400.000
G1 X-14.107 Y-198.661 Z-1.800 F400.000
G1 X-14.098 Y-198.690 Z-1.800 F400.000
G1 X-14.087 Y-198.798 Z-1.800 F400.000
G1 X-14.088 Y-200.505 Z-1.800 F400.000
G1 X-14.098 Y-200.613 Z-1.800 F400.000
G1 X-14.107 Y-200.642 Z-1.800 F400.000
G1 X-14.121 Y-200.669 Z-1.800 F400.000
G1 X-14.141 Y-200.692 Z-1.800 F400.000
G1 X-14.164 Y-200.712 Z-1.800 F400.000
G1 X-14.191 Y-200.726 Z-1.800 F400.000
G1 X-14.220 Y-200.735 Z-1.800 F400.000
G1 X-14.328 Y-200.745 Z-1.800 F400.000
G1 X-17.100 Y-200.745 Z-1.800 F400.000
G1 X-17.597 Y-200.787 Z-1.800 F400.000
G1 X-17.902 Y-200.847 Z-1.800 F400.000
G1 X-18.231 Y-200.947 Z-1.800 F400.000
G1 X-18.518 Y-201.066 Z-1.800 F400.000
G1 X-18.821 Y-201.228 Z-1.800 F400.000
G1 X-19.079 Y-201.401 Z-1.800 F400.000
G1 X-19.345 Y-201.618 Z-1.800 F400.000
G1 X-19.565 Y-201.838 Z-1.800 F400.000
G1 X-19.782 Y-202.104 Z-1.800 F400.000
G1 X-19.955 Y-202.362 Z-1.800 F400.000
G1 X-20.117 Y-202.665 Z-1.800 F400.000
G1 X-20.236 Y-202.952 Z-1.800 F400.000
G1 X-20.336 Y-203.281 Z-1.800 F400.000
G1 X-20.396 Y-203.586 Z-1.800 F400.000
G1 X-20.430 Y-203.927 Z-1.800 F400.000
G1 X-20.437 Y-228.000 Z-1.800 F400.000
G0 X-20.437 Y-228.000 Z5.000
G0 X-20.437 Y-3.000 Z5.000
G0 X-20.437 Y-3.000 Z3.000
G1 X-20.437 Y-17.188 Z2.505 F400.000
G1 X-20.424 Y-17.395 Z2.497 F400.000
G1 X-20.390 Y-17.654 Z2.488 F400.000
G1 X-20.283 Y-18.054 Z2.474 F400.000
G1 X-20.183 Y-18.295 Z2.465 F400.000
G1 X-19.975 Y-18.654 Z2.450 F400.000
G1 X-19.817 Y-18.861 Z2.441 F400.000
G1 X-19.524 Y-19.154 Z2.427 F400.000
G1 X-19.316 Y-19.313 Z2.417 F400.000
G1 X-18.958 Y-19.520 Z2.403 F400.000
G1 X-18.716 Y-19.620 Z2.394 F400.000
G1 X-18.316 Y-19.727 Z2.379 F400.000
G1 X-18.057 Y-19.761 Z2.370 F400.000
G1 X-17.850 Y-19.775 Z2.363 F400.000
G1 X-16.445 Y-19.775 Z2.314 F400.000
G1 X-16.336 Y-19.786 Z2.310 F400.000
G1 X-16.307 Y-19.794 Z2.309 F400.000
G1 X-16.281 Y-19.809 Z2.308 F400.000
G1 X-16.257 Y-19.828 Z2.307 F400.000
G1 X-16.238 Y-19.851 Z2.306 F400.000
G1 X-16.224 Y-19.878 Z2.305 F400.000
G1 X-16.215 Y-19.907 Z2.304 F400.000
G1 X-16.204 Y-20.015 Z2.300 F400.000
G1 X-16.204 Y-22.907 Z2.199 F400.000
G1 X-16.207 Y-22.967 Z2.197 F400.000
G1 X-16.210 Y-22.985 Z2.196 F400.000
G1 X-16.215 Y-23.001 Z2.196 F400.000
G1 X-16.238 Y-23.058 Z2.194 F400.000
G1 X-20.125 Y-31.394 Z1.872 F400.000
G1 X-20.230 Y-31.650 Z1.863 F400.000
G1 X-20.337 Y-31.998 Z1.850 F400.000
G1 X-20.406 Y-32.355 Z1.837 F400.000
G1 X-20.435 Y-32.718 Z1.825 F400.000
G1 X-20.437 Y-55.672 Z1.023 F400.000
G1 X-20.424 Y-55.879 Z1.016 F400.000
G1 X-20.390 Y-56.138 Z1.007 F400.000
G1 X-20.283 Y-56.538 Z0.992 F400.000
G1 X-20.183 Y-56.779 Z0.983 F400.000
G1 X-19.975 Y-57.138 Z0.969 F400.000
G1 X-19.817 Y-57.345 Z0.959 F400.000
G1 X-19.524 Y-57.638 Z0.945 F400.000
G1 X-19.316 Y-57.797 Z0.936 F400.000
G1 X-18.958 Y-58.004 Z0.921 F400.000
G1 X-18.716 Y-58.104 Z0.912 F400.000
G1 X-18.316 Y-58.211 Z0.898 F400.000
G1 X-18.057 Y-58.245 Z0.889 F400.000
G1 X-17.850 Y-58.259 Z0.881 F400.000
G1 X-16.445 Y-58.259 Z0.832 F400.000
G1 X-16.336 Y-58.270 Z0.829 F400.000
G1 X-16.307 Y-58.278 Z0.828 F400.000
G1 X-16.281 Y-58.293 Z0.826 F400.000
G1 X-16.257 Y-58.312 Z0.825 F400.000
G1 X-16.238 Y-58.336 Z0.824 F400.000
G1 X-16.224 Y-58.362 Z0.823 F400.000
G1 X-16.215 Y-58.391 Z0.822 F400.000
G1 X-16.204 Y-58.500 Z0.818 F400.000
G1 X-16.204 Y-61.391 Z0.717 F400.000
G1 X-16.207 Y-61.451 Z0.715 F400.000
G1 X-16.210 Y-61.469 Z0.715 F400.000
G1 X-16.215 Y-61.485 Z0.714 F400.000
G1 X-16.238 Y-61.542 Z0.712 F400.000
G1 X-18.803 Y-67.044 Z0.500 F400.000
G1 X-16.238 Y-61.542 Z0.288 F400.000
G1 X-16.215 Y-61.485 Z0.286 F400.000
G1 X-16.210 Y-61.469 Z0.285 F400.000
G1 X-16.207 Y-61.451 Z0.285 F400.000
G1 X-16.204 Y-61.391 Z0.283 F400.000
G1 X-16.204 Y-58.500 Z0.182 F400.000
G1 X-16.215 Y-58.391 Z0.178 F400.000
G1 X-16.224 Y-58.362 Z0.177 F400.000
G1 X-16.238 Y-58.336 Z0.176 F400.000
G1 X-16.257 Y-58.312 Z0.175 F400.000
G1 X-16.281 Y-58.293 Z0.174 F400.000
G1 X-16.307 Y-58.278 Z0.172 F400.000
G1 X-16.336 Y-58.270 Z0.171 F400.000
G1 X-16.445 Y-58.259 Z0.168 F400.000
G1 X-17.850 Y-58.259 Z0.119 F400.000
G1 X-18.057 Y-58.245 Z0.111 F400.000
G1 X-18.316 Y-58.211 Z0.102 F400.000
G1 X-18.716 Y-58.104 Z0.088 F400.000
G1 X-18.958 Y-58.004 Z0.079 F400.000
G1 X-19.316 Y-57.797 Z0.064 F400.000
G1 X-19.524 Y-57.638 Z0.055 F400.000
G1 X-19.817 Y-57.345 Z0.041 F400.000
G1 X-19.975 Y-57.138 Z0.031 F400.000
G1 X-20.183 Y-56.779 Z0.017 F400.000
G1 X-20.283 Y-56.538 Z0.008 F400.000
G1 X-20.390 Y-56.138 Z-0.007 F400.000
G1 X-20.424 Y-55.879 Z-0.016 F400.000
G1 X-20.437 Y-55.672 Z-0.023 F400.000
G1 X-20.435 Y-32.718 Z-0.825 F400.000
G1 X-20.406 Y-32.355 Z-0.837 F400.000
G1 X-20.337 Y-31.998 Z-0.850 F400.000
G1 X-20.230 Y-31.650 Z-0.863 F400.000
G1 X-20.125 Y-31.394 Z-0.872 F400.000
G1 X-16.238 Y-23.058 Z-1.194 F400.000
G1 X-16.215 Y-23.001 Z-1.196 F400.000
G1 X-16.210 Y-22.985 Z-1.196 F400.000
G1 X-16.207 Y-22.967 Z-1.197 F400.000
G1 X-16.204 Y-22.907 Z-1.199 F400.000
G1 X-16.204 Y-20.015 Z-1.300 F400.000
G1 X-16.215 Y-19.907 Z-1.304 F400.000
G1 X-16.224 Y-19.878 Z-1.305 F400.000
G1 X-16.238 Y-19.851 Z-1.306 F400.000
G1 X-16.257 Y-19.828 Z-1.307 F400.000
G1 X-16.281 Y-19.809 Z-1.308 F400.000
G1 X-16.307 Y-19.794 Z-1.309 F400.000
G1 X-16.336 Y-19.786 Z-1.310 F400.000
G1 X-16.445 Y-19.775 Z-1.314 F400.000
G1 X-17.850 Y-19.775 Z-1.363 F400.000
G1 X-18.057 Y-19.761 Z-1.370 F400.000
G1 X-18.316 Y-19.727 Z-1.379 F400.000
G1 X-18.716 Y-19.620 Z-1.394 F400.000
G1 X-18.958 Y-19.520 Z-1.403 F400.000
G1 X-19.316 Y-19.313 Z-1.417 F400.000
G1 X-19.524 Y-19.154 Z-1.427 F400.000
G1 X-19.817 Y-18.861 Z-1.441 F400.000
G1 X-19.975 Y-18.654 Z-1.450 F400.000
G1 X-20.183 Y-18.295 Z-1.465 F400.000
G1 X-20.283 Y-18.054 Z-1.474 F400.000
G1 X-20.390 Y-17.654 Z-1.488 F400.000
G1 X-20.424 Y-17.395 Z-1.497 F400.000
G1 X-20.437 Y-17.188 Z-1.505 F400.000
G1 X-20.437 Y-3.000 Z-2.000 F400.000
G1 X-20.437 Y-17.188 Z-2.000 F400.000
G1 X-20.424 Y-17.395 Z-2.000 F400.000
G1 X-20.390 Y-17.654 Z-2.000 F400.000
G1 X-20.283 Y-18.054 Z-2.000 F400.000
G1 X-20.183 Y-18.295 Z-2.000 F400.000
G1 X-19.975 Y-18.654 Z-2.000 F400.000
G1 X-19.817 Y-18.861 Z-2.000 F400.000
G1 X-19.524 Y-19.154 Z-2.000 F400.000
G1 X-19.316 Y-19.313 Z-2.000 F400.000
G1 X-18.958 Y-19.520 Z-2.000 F400.000
G1 X-18.716 Y-19.620 Z-2.000 F400.000
G1 X-18.316 Y-19.727 Z-2.000 F400.000
G1 X-18.057 Y-19.761 Z-2.000 F400.000
G1 X-17.850 Y-19.775 Z-2.000 F400.000
G1 X-16.445 Y-19.775 Z-2.000 F400.000
G1 X-16.336 Y-19.786 Z-2.000 F400.000
G1 X-16.307 Y-19.794 Z-2.000 F400.000
G1 X-16.281 Y-19.809 Z-2.000 F400.000
G1 X-16.257 Y-19.828 Z-2.000 F400.000
G1 X-16.238 Y-19.851 Z-2.000 F400.000
G1 X-16.224 Y-19.878 Z-2.000 F400.000
G1 X-16.215 Y-19.907 Z-2.000 F400.000
G1 X-16.204 Y-20.015 Z-2.000 F400.000
G1 X-16.204 Y-22.907 Z-2.000 F400.000
G1 X-16.207 Y-22.967 Z-2.000 F400.000
G1 X-16.210 Y-22.985 Z-2.000 F400.000
G1 X-16.215 Y-23.001 Z-2.000 F400.000
G1 X-16.238 Y-23.058 Z-2.000 F400.000
G1 X-20.125 Y-31.394 Z-2.000 F400.000
G1 X-20.230 Y-31.650 Z-2.000 F400.000
G1 X-20.337 Y-31.998 Z-2.000 F400.000
G1 X-20.406 Y-32.355 Z-2.000 F400.000
G1 X-20.435 Y-32.718 Z-2.000 F400.000
G1 X-20.437 Y-55.672 Z-2.000 F400.000
G1 X-20.424 Y-55.879 Z-2.000 F400.000
G1 X-20.390 Y-56.138 Z-2.000 F400.000
G1 X-20.283 Y-56.538 Z-2.000 F400.000
G1 X-20.183 Y-56.779 Z-2.000 F400.000
G1 X-19.975 Y-57.138 Z-2.000 F400.000
G1 X-19.817 Y-57.345 Z-2.000 F400.000
G1 X-19.524 Y-57.638 Z-2.000 F400.000
G1 X-19.316 Y-57.797 Z-2.000 F400.000
G1 X-18.958 Y-58.004 Z-2.000 F400.000
G1 X-18.716 Y-58.104 Z-2.000 F400.000
G1 X-18.316 Y-58.211 Z-2.000 F400.000
G1 X-18.057 Y-58.245 Z-2.000 F400.000
G1 X-17.850 Y-58.259 Z-2.000 F400.000
G1 X-16.445 Y-58.259 Z-2.000 F400.000
G1 X-16.336 Y-58.270 Z-2.000 F400.000
G1 X-16.307 Y-58.278 Z-2.000 F400.000
G1 X-16.281 Y-58.293 Z-2.000 F400.000
G1 X-16.257 Y-58.312 Z-2.000 F400.000
G1 X-16.238 Y-58.336 Z-2.000 F400.000
G1 X-16.224 Y-58.362 Z-2.000 F400.000
G1 X-16.215 Y-58.391 Z-2.000 F400.000
G1 X-16.204 Y-58.500 Z-2.000 F400.000
G1 X-16.204 Y-61.391 Z-2.000 F400.000
G1 X-16.207 Y-61.451 Z-2.000 F400.000
G1 X-16.210 Y-61.469 Z-2.000 F400.000
G1 X-16.215 Y-61.485 Z-2.000 F400.000
G1 X-16.238 Y-61.542 Z-2.000 F400.000
G1 X-20.125 Y-69.878 Z-2.000 F400.000
G1 X-20.230 Y-70.134 Z-2.000 F400.000
G1 X-20.337 Y-70.482 Z-2.000 F400.000
G1 X-20.406 Y-70.839 Z-2.000 F400.000
G1 X-20.435 Y-71.202 Z-2.000 F400.000
G1 X-20.437 Y-94.156 Z-2.000 F400.000
G1 X-20.424 Y-94.363 Z-2.000 F400.000
G1 X-20.390 Y-94.622 Z-2.000 F400.000
G1 X-20.283 Y-95.022 Z-2.000 F400.000
G1 X-20.183 Y-95.263 Z-2.000 F400.000
G1 X-19.975 Y-95.622 Z-2.000 F400.000
G1 X-19.817 Y-95.829 Z-2.000 F400.000
G1 X-19.524 Y-96.122 Z-2.000 F400.000
G1 X-19.316 Y-96.281 Z-2.000 F400.000
G1 X-18.958 Y-96.488 Z-2.000 F400.000
G1 X-18.716 Y-96.588 Z-2.000 F400.000
G1 X-18.316 Y-96.695 Z-2.000 F400.000
G1 X-18.057 Y-96.729 Z-2.000 F400.000
G1 X-17.850 Y-96.743 Z-2.000 F400.000
G1 X-16.445 Y-96.743 Z-2.000 F400.000
G1 X-16.336 Y-96.754 Z-2.000 F400.000
G1 X-16.307 Y-96.762 Z-2.000 F400.000
G1 X-16.281 Y-96.777 Z-2.000 F400.000
G1 X-16.257 Y-96.796 Z-2.000 F400.000
G1 X-16.238 Y-96.820 Z-2.000 F400.000
G1 X-16.224 Y-96.846 Z-2.000 F400.000
G1 X-16.215 Y-96.875 Z-2.000 F400.000
G1 X-16.204 Y-96.984 Z-2.000 F400.000
G1 X-16.204 Y-99.875 Z-2.000 F400.000
G1 X-16.207 Y-99.935 Z-2.000 F400.000
G1 X-16.210 Y-99.953 Z-2.000 F400.000
G1 X-16.215 Y-99.969 Z-2.000 F400.000
G1 X-16.238 Y-100.026 Z-2.000 F400.000
G1 X-20.125 Y-108.362 Z-2.000 F400.000
G1 X-20.230 Y-108.618 Z-2.000 F400.000
G1 X-20.337 Y-108.966 Z-2.000 F400.000
G1 X-20.406 Y-109.323 Z-2.000 F400.000
G1 X-20.435 Y-109.686 Z-2.000 F400.000
G1 X-20.437 Y-132.640 Z-2.000 F400.000
G1 X-20.424 Y-132.847 Z-2.000 F400.000
G1 X-20.390 Y-133.106 Z-2.000 F400.000
G1 X-20.283 Y-133.506 Z-2.000 F400.000
G1 X-20.183 Y-133.747 Z-2.000 F400.000
G1 X-19.975 Y-134.106 Z-2.000 F400.000
G1 X-19.817 Y-134.313 Z-2.000 F400.000
G1 X-19.524 Y-134.606 Z-2.000 F400.000
G1 X-19.316 Y-134.765 Z-2.000 F400.000
G1 X-18.958 Y-134.972 Z-2.000 F400.000
G1 X-18.716 Y-135.072 Z-2.000 F400.000
G1 X-18.316 Y-135.179 Z-2.000 F400.000
G1 X-18.057 Y-135.213 Z-2.000 F400.000
G1 X-17.850 Y-135.227 Z-2.000 F400.000
G1 X-16.445 Y-135.227 Z-2.000 F400.000
G1 X-16.336 Y-135.238 Z-2.000 F400.000
G1 X-16.307 Y-135.247 Z-2.000 F400.000
G1 X-16.281 Y-135.261 Z-2.000 F400.000
G1 X-16.257 Y-135.280 Z-2.000 F400.000
G1 X-16.238 Y-135.304 Z-2.000 F400.000
G1 X-16.224 Y-135.330 Z-2.000 F400.000
G1 X-16.215 Y-135.359 Z-2.000 F400.000
G1 X-16.204 Y-135.468 Z-2.000 F400.000
G1 X-16.204 Y-138.359 Z-2.000 F400.000
G1 X-16.207 Y-138.419 Z-2.000 F400.000
G1 X-16.210 Y-138.437 Z-2.000 F400.000
G1 X-16.215 Y-138.454 Z-2.000 F400.000
G1 X-16.238 Y-138.510 Z-2.000 F400.000
G1 X-20.125 Y-146.846 Z-2.000 F400.000
G1 X-20.230 Y-147.102 Z-2.000 F400.000
G1 X-20.337 Y-147.450 Z-2.000 F400.000
G1 X-20.406 Y-147.807 Z-2.000 F400.000
G1 X-20.435 Y-148.170 Z-2.000 F400.000
G1 X-20.437 Y-171.124 Z-2.000 F400.000
G1 X-20.424 Y-171.331 Z-2.000 F400.000
G1 X-20.390 Y-171.590 Z-2.000 F400.000
G1 X-20.283 Y-171.990 Z-2.000 F400.000
G1 X-20.183 Y-172.231 Z-2.000 F400.000
G1 X-19.975 Y-172.590 Z-2.000 F400.000
G1 X-19.817 Y-172.797 Z-2.000 F400.000
G1 X-19.524 Y-173.090 Z-2.000 F400.000
G1 X-19.316 Y-173.249 Z-2.000 F400.000
G1 X-18.958 Y-173.456 Z-2.000 F400.000
G1 X-18.716 Y-173.556 Z-2.000 F400.000
G1 X-18.316 Y-173.663 Z-2.000 F400.000
G1 X-18.057 Y-173.697 Z-2.000 F400.000
G1 X-17.850 Y-173.711 Z-2.000 F400.000
G1 X-16.445 Y-173.711 Z-2.000 F400.000
G1 X-16.336 Y-173.722 Z-2.000 F400.000
G1 X-16.307 Y-173.731 Z-2.000 F400.000
G1 X-16.281 Y-173.745 Z-2.000 F400.000
G1 X-16.257 Y-173.764 Z-2.000 F400.000
G1 X-16.238 Y-173.788 Z-2.000 F400.000
G1 X-16.224 Y-173.814 Z-2.000 F400.000
G1 X-16.215 Y-173.843 Z-2.000 F400.000
G1 X-16.204 Y-173.952 Z-2.000 F400.000
G1 X-16.204 Y-176.843 Z-2.000 F400.000
G1 X-16.207 Y-176.903 Z-2.000 F400.000
G1 X-16.210 Y-176.921 Z-2.000 F400.000
G1 X-16.215 Y-176.938 Z-2.000 F400.000
G1 X-16.238 Y-176.994 Z-2.000 F400.000
G1 X-20.125 Y-185.330 Z-2.000 F400.000
G1 X-20.230 Y-185.586 Z-2.000 F400.000
G1 X-20.337 Y-185.934 Z-2.000 F400.000
G1 X-20.406 Y-186.291 Z-2.000 F400.000
G1 X-20.435 Y-186.654 Z-2.000 F400.000
G1 X-20.437 Y-195.220 Z-2.000 F400.000
G1 X-20.396 Y-195.717 Z-2.000 F400.000
G1 X-20.336 Y-196.023 Z-2.000 F400.000
G1 X-20.236 Y-196.351 Z-2.000 F400.000
G1 X-20.117 Y-196.638 Z-2.000 F400.000
G1 X-19.955 Y-196.941 Z-2.000 F400.000
G1 X-19.782 Y-197.200 Z-2.000 F400.000
G1 X-19.565 Y-197.465 Z-2.000 F400.000
G1 X-19.345 Y-197.685 Z-2.000 F400.000
G1 X-19.079 Y-197.903 Z-2.000 F400.000
G1 X-18.821 Y-198.076 Z-2.000 F400.000
G1 X-18.518 Y-198.237 Z-2.000 F400.000
G1 X-18.231 Y-198.356 Z-2.000 F400.000
G1 X-17.902 Y-198.456 Z-2.000 F400.000
G1 X-17.597 Y-198.517 Z-2.000 F400.000
G1 X-17.256 Y-198.550 Z-2.000 F400.000
G1 X-14.330 Y-198.558 Z-2.000 F400.000
G1 X-14.220 Y-198.569 Z-2.000 F400.000
G1 X-14.191 Y-198.577 Z-2.000 F400.000
G1 X-14.164 Y-198.592 Z-2.000 F400.000
G1 X-14.141 Y-198.611 Z-2.000 F400.000
G1 X-14.121 Y-198.634 Z-2.000 F400.000
G1 X-14.107 Y-198.661 Z-2.000 F400.000
G1 X-14.098 Y-198.690 Z-2.000 F400.000
G1 X-14.087 Y-198.798 Z-2.000 F400.000
G1 X-14.088 Y-200.505 Z-2.000 F400.000
G1 X-14.098 Y-200.613 Z-2.000 F400.000
G1 X-14.107 Y-200.642 Z-2.000 F400.000
G1 X-14.121 Y-200.669 Z-2.000 F400.000
G1 X-14.141 Y-200.692 Z-2.000 F400.000
G1 X-14.164 Y-200.712 Z-2.000 F400.000
G1 X-14.191 Y-200.726 Z-2.000 F400.000
G1 X-14.220 Y-200.735 Z-2.000 F400.000
G1 X-14.328 Y-200.745 Z-2.000 F400.000
G1 X-17.100 Y-200.745 Z-2.000 F400.000
G1 X-17.597 Y-200.787 Z-2.000 F400.000
G1 X-17.902 Y-200.847 Z-2.000 F400.000
G1 X-18.231 Y-200.947 Z-2.000 F400.000
G1 X-18.518 Y-201.066 Z-2.000 F400.000
G1 X-18.821 Y-201.228 Z-2.000 F400.000
G1 X-19.079 Y-201.401 Z-2.000 F400.000
G1 X-19.345 Y-201.618 Z-2.000 F400.000
G1 X-19.565 Y-201.838 Z-2.000 F400.000
G1 X-19.782 Y-202.104 Z-2.000 F400.000
G1 X-19.955 Y-202.362 Z-2.000 F400.000
G1 X-20.117 Y-202.665 Z-2.000 F400.000
G1 X-20.236 Y-202.952 Z-2.000 F400.000
G1 X-20.336 Y-203.281 Z-2.000 F400.000
G1 X-20.396 Y-203.586 Z-2.000 F400.000
G1 X-20.430 Y-203.927 Z-2.000 F400.000
G1 X-20.437 Y-228.000 Z-2.000 F400.000
G0 X-20.437 Y-228.000 Z5.000
G0 X-20.437 Y-3.000 Z5.000
G0 X-20.437 Y-3.000 Z3.000
G1 X-20.437 Y-17.188 Z2.505 F400.000
G1 X-20.424 Y-17.395 Z2.497 F400.000
G1 X-20.390 Y-17.654 Z2.488 F400.000
G1 X-20.283 Y-18.054 Z2.474 F400.000
G1 X-20.183 Y-18.295 Z2.465 F400.000
G1 X-19.975 Y-18.654 Z2.450 F400.000
G1 X-19.817 Y-18.861 Z2.441 F400.000
G1 X-19.524 Y-19.154 Z2.427 F400.000
G1 X-19.316 Y-19.313 Z2.417 F400.000
G1 X-18.958 Y-19.520 Z2.403 F400.000
G1 X-18.716 Y-19.620 Z2.394 F400.000
G1 X-18.316 Y-19.727 Z2.379 F400.000
G1 X-18.057 Y-19.761 Z2.370 F400.000
G1 X-17.850 Y-19.775 Z2.363 F400.000
G1 X-16.445 Y-19.775 Z2.314 F400.000
G1 X-16.336 Y-19.786 Z2.310 F400.000
G1 X-16.307 Y-19.794 Z2.309 F400.000
G1 X-16.281 Y-19.809 Z2.308 F400.000
G1 X-16.257 Y-19.828 Z2.307 F400.000
G1 X-16.238 Y-19.851 Z2.306 F400.000
G1 X-16.224 Y-19.878 Z2.305 F400.000
G1 X-16.215 Y-19.907 Z2.304 F400.000
G1 X-16.204 Y-20.015 Z2.300 F400.000
G1 X-16.204 Y-22.907 Z2.199 F400.000
G1 X-16.207 Y-22.967 Z2.197 F400.000
G1 X-16.210 Y-22.985 Z2.196 F400.000
G1 X-16.215 Y-23.001 Z2.196 F400.000
G1 X-16.238 Y-23.058 Z2.194 F400.000
G1 X-20.125 Y-31.394 Z1.872 F400.000
G1 X-20.230 Y-31.650 Z1.863 F400.000
G1 X-20.337 Y-31.998 Z1.850 F400.000
G1 X-20.406 Y-32.355 Z1.837 F400.000
G1 X-20.435 Y-32.718 Z1.825 F400.000
G1 X-20.437 Y-55.672 Z1.023 F400.000
G1 X-20.424 Y-55.879 Z1.016 F400.000
G1 X-20.390 Y-56.138 Z1.007 F400.000
G1 X-20.283 Y-56.538 Z0.992 F400.000
G1 X-20.183 Y-56.779 Z0.983 F400.000
G1 X-19.975 Y-57.138 Z0.969 F400.000
G1 X-19.817 Y-57.345 Z0.959 F400.000
G1 X-19.524 Y-57.638 Z0.945 F400.000
G1 X-19.316 Y-57.797 Z0.936 F400.000
G1 X-18.958 Y-58.004 Z0.921 F400.000
G1 X-18.716 Y-58.104 Z0.912 F400.000
G1 X-18.316 Y-58.211 Z0.898 F400.000
G1 X-18.057 Y-58.245 Z0.889 F400.000
G1 X-17.850 Y-58.259 Z0.881 F400.000
G1 X-16.445 Y-58.259 Z0.832 F400.000
G1 X-16.336 Y-58.270 Z0.829 F400.000
G1 X-16.307 Y-58.278 Z0.828 F400.000
G1 X-16.281 Y-58.293 Z0.826 F400.000
G1 X-16.257 Y-58.312 Z0.825 F400.000
G1 X-16.238 Y-58.336 Z0.824 F400.000
G1 X-16.224 Y-58.362 Z0.823 F400.000
G1 X-16.215 Y-58.391 Z0.822 F400.000
G1 X-16.204 Y-58.500 Z0.818 F400.000
G1 X-16.204 Y-61.391 Z0.717 F400.000
G1 X-16.207 Y-61.451 Z0.715 F400.000
G1 X-16.210 Y-61.469 Z0.715 F400.000
G1 X-16.215 Y-61.485 Z0.714 F400.000
G1 X-16.238 Y-61.542 Z0.712 F400.000
G1 X-20.013 Y-69.639 Z0.400 F400.000
G1 X-16.238 Y-61.542 Z0.088 F400.000
G1 X-16.215 Y-61.485 Z0.086 F400.000
G1 X-16.210 Y-61.469 Z0.085 F400.000
G1 X-16.207 Y-61.451 Z0.085 F400.000
G1 X-16.204 Y-61.391 Z0.083 F400.000
G1 X-16.204 Y-58.500 Z-0.018 F400.000
G1 X-16.215 Y-58.391 Z-0.022 F400.000
G1 X-16.224 Y-58.362 Z-0.023 F400.000
G1 X-16.238 Y-58.336 Z-0.024 F400.000
G1 X-16.257 Y-58.312 Z-0.025 F400.000
G1 X-16.281 Y-58.293 Z-0.026 F400.000
G1 X-16.307 Y-58.278 Z-0.028 F400.000
G1 X-16.336 Y-58.270 Z-0.029 F400.000
G1 X-16.445 Y-58.259 Z-0.032 F400.000
G1 X-17.850 Y-58.259 Z-0.081 F400.000
G1 X-18.057 Y-58.245 Z-0.089 F400.000
G1 X-18.316 Y-58.211 Z-0.098 F400.000
G1 X-18.716 Y-58.104 Z-0.112 F400.000
G1 X-18.958 Y-58.004 Z-0.121 F400.000
G1 X-19.316 Y-57.797 Z-0.136 F400.000
G1 X-19.524 Y-57.638 Z-0.145 F400.000
G1 X-19.817 Y-57.345 Z-0.159 F400.000
G1 X-19.975 Y-57.138 Z-0.169 F400.000
G1 X-20.183 Y-56.779 Z-0.183 F400.000
G1 X-20.283 Y-56.538 Z-0.192 F400.000
G1 X-20.390 Y-56.138 Z-0.207 F400.000
G1 X-20.424 Y-55.879 Z-0.216 F400.000
G1 X-20.437 Y-55.672 Z-0.223 F400.000
G1 X-20.435 Y-32.718 Z-1.025 F400.000
G1 X-20.406 Y-32.355 Z-1.037 F400.000
G1 X-20.337 Y-31.998 Z-1.050 F400.000
G1 X-20.230 Y-31.650 Z-1.063 F400.000
G1 X-20.125 Y-31.394 Z-1.072 F400.000
G1 X-16.238 Y-23.058 Z-1.394 F400.000
G1 X-16.215 Y-23.001 Z-1.396 F400.000
G1 X-16.210 Y-22.985 Z-1.396 F400.000
G1 X-16.207 Y-22.967 Z-1.397 F400.000
G1 X-16.204 Y-22.907 Z-1.399 F400.000
G1 X-16.204 Y-20.015 Z-1.500 F400.000
G1 X-16.215 Y-19.907 Z-1.504 F400.000
G1 X-16.224 Y-19.878 Z-1.505 F400.000
G1 X-16.238 Y-19.851 Z-1.506 F400.000
G1 X-16.257 Y-19.828 Z-1.507 F400.000
G1 X-16.281 Y-19.809 Z-1.508 F400.000
G1 X-16.307 Y-19.794 Z-1.509 F400.000
G1 X-16.336 Y-19.786 Z-1.510 F400.000
G1 X-16.445 Y-19.775 Z-1.514 F400.000
G1 X-17.850 Y-19.775 Z-1.563 F400.000
G1 X-18.057 Y-19.761 Z-1.570 F400.000
G1 X-18.316 Y-19.727 Z-1.579 F400.000
G1 X-18.716 Y-19.620 Z-1.594 F400.000
G1 X-18.958 Y-19.520 Z-1.603 F400.000
G1 X-19.316 Y-19.313 Z-1.617 F400.000
G1 X-19.524 Y-19.154 Z-1.627 F400.000
G1 X-19.817 Y-18.861 Z-1.641 F400.000
G1 X-19.975 Y-18.654 Z-1.650 F400.000
G1 X-20.183 Y-18.295 Z-1.665 F400.000
G1 X-20.283 Y-18.054 Z-1.674 F400.000
G1 X-20.390 Y-17.654 Z-1.688 F400.000
G1 X-20.424 Y-17.395 Z-1.697 F400.000
G1 X-20.437 Y-17.188 Z-1.705 F400.000
G1 X-20.437 Y-3.000 Z-2.200 F400.000
G1 X-20.437 Y-17.188 Z-2.200 F400.000
G1 X-20.424 Y-17.395 Z-2.200 F400.000
G1 X-20.390 Y-17.654 Z-2.200 F400.000
G1 X-20.283 Y-18.054 Z-2.200 F400.000
G1 X-20.183 Y-18.295 Z-2.200 F400.000
G1 X-19.975 Y-18.654 Z-2.200 F400.000
G1 X-19.817 Y-18.861 Z-2.200 F400.000
G1 X-19.524 Y-19.154 Z-2.200 F400.000
G1 X-19.316 Y-19.313 Z-2.200 F400.000
G1 X-18.958 Y-19.520 Z-2.200 F400.000
G1 X-18.716 Y-19.620 Z-2.200 F400.000
G1 X-18.316 Y-19.727 Z-2.200 F400.000
G1 X-18.057 Y-19.761 Z-2.200 F400.000
G1 X-17.850 Y-19.775 Z-2.200 F400.000
G1 X-16.445 Y-19.775 Z-2.200 F400.000
G1 X-16.336 Y-19.786 Z-2.200 F400.000
G1 X-16.307 Y-19.794 Z-2.200 F400.000
G1 X-16.281 Y-19.809 Z-2.200 F400.000
G1 X-16.257 Y-19.828 Z-2.200 F400.000
G1 X-16.238 Y-19.851 Z-2.200 F400.000
G1 X-16.224 Y-19.878 Z-2.200 F400.000
G1 X-16.215 Y-19.907 Z-2.200 F400.000
G1 X-16.204 Y-20.015 Z-2.200 F400.000
G1 X-16.204 Y-22.907 Z-2.200 F400.000
G1 X-16.207 Y-22.967 Z-2.200 F400.000
G1 X-16.210 Y-22.985 Z-2.200 F400.000
G1 X-16.215 Y-23.001 Z-2.200 F400.000
G1 X-16.238 Y-23.058 Z-2.200 F400.000
G1 X-20.125 Y-31.394 Z-2.200 F400.000
G1 X-20.230 Y-31.650 Z-2.200 F400.000
G1 X-20.337 Y-31.998 Z-2.200 F400.000
G1 X-20.406 Y-32.355 Z-2.200 F400.000
G1 X-20.435 Y-32.718 Z-2.200 F400.000
G1 X-20.437 Y-55.672 Z-2.200 F400.000
G1 X-20.424 Y-55.879 Z-2.200 F400.000
G1 X-20.390 Y-56.138 Z-2.200 F400.000
G1 X-20.283 Y-56.538 Z-2.200 F400.000
G1 X-20.183 Y-56.779 Z-2.200 F400.000
G1 X-19.975 Y-57.138 Z-2.200 F400.000
G1 X-19.817 Y-57.345 Z-2.200 F400.000
G1 X-19.524 Y-57.638 Z-2.200 F400.000
G1 X-19.316 Y-57.797 Z-2.200 F400.000
G1 X-18.958 Y-58.004 Z-2.200 F400.000
G1 X-18.716 Y-58.104 Z-2.200 F400.000
G1 X-18.316 Y-58.211 Z-2.200 F400.000
G1 X-18.057 Y-58.245 Z-2.200 F400.000
G1 X-17.850 Y-58.259 Z-2.200 F400.000
G1 X-16.445 Y-58.259 Z-2.200 F400.000
G1 X-16.336 Y-58.270 Z-2.200 F400.000
G1 X-16.307 Y-58.278 Z-2.200 F400.000
G1 X-16.281 Y-58.293 Z-2.200 F400.000
G1 X-16.257 Y-58.312 Z-2.200 F400.000
G1 X-16.238 Y-58.336 Z-2.200 F400.000
G1 X-16.224 Y-58.362 Z-2.200 F400.000
G1 X-16.215 Y-58.391 Z-2.200 F400.000
G1 X-16.204 Y-58.500 Z-2.200 F400.000
G1 X-16.204 Y-61.391 Z-2.200 F400.000
G1 X-16.207 Y-61.451 Z-2.200 F400.000
G1 X-16.210 Y-61.469 Z-2.200 F400.000
G1 X-16.215 Y-61.485 Z-2.200 F400.000
G1 X-16.238 Y-61.542 Z-2.200 F400.000
G1 X-20.125 Y-69.878 Z-2.200 F400.000
G1 X-20.230 Y-70.134 Z-2.200 F400.000
G1 X-20.337 Y-70.482 Z-2.200 F400.000
G1 X-20.406 Y-70.839 Z-2.200 F400.000
G1 X-20.435 Y-71.202 Z-2.200 F400.000
G1 X-20.437 Y-94.156 Z-2.200 F400.000
G1 X-20.424 Y-94.363 Z-2.200 F400.000
G1 X-20.390 Y-94.622 Z-2.200 F400.000
G1 X-20.283 Y-95.022 Z-2.200 F400.000
G1 X-20.183 Y-95.263 Z-2.200 F400.000
G1 X-19.975 Y-95.622 Z-2.200 F400.000
G1 X-19.817 Y-95.829 Z-2.200 F400.000
G1 X-19.524 Y-96.122 Z-2.200 F400.000
G1 X-19.316 Y-96.281 Z-2.200 F400.000
G1 X-18.958 Y-96.488 Z-2.200 F400.000
G1 X-18.716 Y-96.588 Z-2.200 F400.000
G1 X-18.316 Y-96.695 Z-2.200 F400.000
G1 X-18.057 Y-96.729 Z-2.200 F400.000
G1 X-17.850 Y-96.743 Z-2.200 F400.000
G1 X-16.445 Y-96.743 Z-2.200 F400.000
G1 X-16.336 Y-96.754 Z-2.200 F400.000
G1 X-16.307 Y-96.762 Z-2.200 F400.000
G1 X-16.281 Y-96.777 Z-2.200 F400.000
G1 X-16.257 Y-96.796 Z-2.200 F400.000
G1 X-16.238 Y-96.820 Z-2.200 F400.000
G1 X-16.224 Y-96.846 Z-2.200 F400.000
G1 X-16.215 Y-96.875 Z-2.200 F400.000
G1 X-16.204 Y-96.984 Z-2.200 F400.000
G1 X-16.204 Y-99.875 Z-2.200 F400.000
G1 X-16.207 Y-99.935 Z-2.200 F400.000
G1 X-16.210 Y-99.953 Z-2.200 F400.000
G1 X-16.215 Y-99.969 Z-2.200 F400.000
G1 X-16.238 Y-100.026 Z-2.200 F400.000
G1 X-20.125 Y-108.362 Z-2.200 F400.000
G1 X-20.230 Y-108.618 Z-2.200 F400.000
G1 X-20.337 Y-108.966 Z-2.200 F400.000
G1 X-20.406 Y-109.323 Z-2.200 F400.000
G1 X-20.435 Y-109.686 Z-2.200 F400.000
G1 X-20.437 Y-132.640 Z-2.200 F400.000
G1 X-20.424 Y-132.847 Z-2.200 F400.000
G1 X-20.390 Y-133.106 Z-2.200 F400.000
G1 X-20.283 Y-133.506 Z-2.200 F400.000
G1 X-20.183 Y-133.747 Z-2.200 F400.000
G1 X-19.975 Y-134.106 Z-2.200 F400.000
G1 X-19.817 Y-134.313 Z-2.200 F400.000
G1 X-19.524 Y-134.606 Z-2.200 F400.000
G1 X-19.316 Y-134.765 Z-2.200 F400.000
G1 X-18.958 Y-134.972 Z-2.200 F400.000
G1 X-18.716 Y-135.072 Z-2.200 F400.000
G1 X-18.316 Y-135.179 Z-2.200 F400.000
G1 X-18.057 Y-135.213 Z-2.200 F400.000
G1 X-17.850 Y-135.227 Z-2.200 F400.000
G1 X-16.445 Y-135.227 Z-2.200 F400.000
G1 X-16.336 Y-135.238 Z-2.200 F400.000
G1 X-16.307 Y-135.247 Z-2.200 F400.000
G1 X-16.281 Y-135.261 Z-2.200 F400.000
G1 X-16.257 Y-135.280 Z-2.200 F400.000
G1 X-16.238 Y-135.304 Z-2.200 F400.000
G1 X-16.224 Y-135.330 Z-2.200 F400.000
G1 X-16.215 Y-135.359 Z-2.200 F400.000
G1 X-16.204 Y-135.468 Z-2.200 F400.000
G1 X-16.204 Y-138.359 Z-2.200 F400.000
G1 X-16.207 Y-138.419 Z-2.200 F400.000
G1 X-16.210 Y-138.437 Z-2.200 F400.000
G1 X-16.215 Y-138.454 Z-2.200 F400.000
G1 X-16.238 Y-138.510 Z-2.200 F400.000
G1 X-20.125 Y-146.846 Z-2.200 F400.000
G1 X-20.230 Y-147.102 Z-2.200 F400.000
G1 X-20.337 Y-147.450 Z-2.200 F400.000
G1 X-20.406 Y-147.807 Z-2.200 F400.000
G1 X-20.435 Y-148.170 Z-2.200 F400.000
G1 X-20.437 Y-171.124 Z-2.200 F400.000
G1 X-20.424 Y-171.331 Z-2.200 F400.000
G1 X-20.390 Y-171.590 Z-2.200 F400.000
G1 X-20.283 Y-171.990 Z-2.200 F400.000
G1 X-20.183 Y-172.231 Z-2.200 F400.000
G1 X-19.975 Y-172.590 Z-2.200 F400.000
G1 X-19.817 Y-172.797 Z-2.200 F400.000
G1 X-19.524 Y-173.090 Z-2.200 F400.000
G1 X-19.316 Y-173.249 Z-2.200 F400.000
G1 X-18.958 Y-173.456 Z-2.200 F400.000
G1 X-18.716 Y-173.556 Z-2.200 F400.000
G1 X-18.316 Y-173.663 Z-2.200 F400.000
G1 X-18.057 Y-173.697 Z-2.200 F400.000
G1 X-17.850 Y-173.711 Z-2.200 F400.000
G1 X-16.445 Y-173.711 Z-2.200 F400.000
G1 X-16.336 Y-173.722 Z-2.200 F400.000
G1 X-16.307 Y-173.731 Z-2.200 F400.000
G1 X-16.281 Y-173.745 Z-2.200 F400.000
G1 X-16.257 Y-173.764 Z-2.200 F400.000
G1 X-16.238 Y-173.788 Z-2.200 F400.000
G1 X-16.224 Y-173.814 Z-2.200 F400.000
G1 X-16.215 Y-173.843 Z-2.200 F400.000
G1 X-16.204 Y-173.952 Z-2.200 F400.000
G1 X-16.204 Y-176.843 Z-2.200 F400.000
G1 X-16.207 Y-176.903 Z-2.200 F400.000
G1 X-16.210 Y-176.921 Z-2.200 F400.000
G1 X-16.215 Y-176.938 Z-2.200 F400.000
G1 X-16.238 Y-176.994 Z-2.200 F400.000
G1 X-20.125 Y-185.330 Z-2.200 F400.000
G1 X-20.230 Y-185.586 Z-2.200 F400.000
G1 X-20.337 Y-185.934 Z-2.200 F400.000
G1 X-20.406 Y-186.291 Z-2.200 F400.000
G1 X-20.435 Y-186.654 Z-2.200 F400.000
G1 X-20.437 Y-195.220 Z-2.200 F400.000
G1 X-20.396 Y-195.717 Z-2.200 F400.000
G1 X-20.336 Y-196.023 Z-2.200 F400.000
G1 X-20.236 Y-196.351 Z-2.200 F400.000
G1 X-20.117 Y-196.638 Z-2.200 F400.000
G1 X-19.955 Y-196.941 Z-2.200 F400.000
G1 X-19.782 Y-197.200 Z-2.200 F400.000
G1 X-19.565 Y-197.465 Z-2.200 F400.000
G1 X-19.345 Y-197.685 Z-2.200 F400.000
G1 X-19.079 Y-197.903 Z-2.200 F400.000
G1 X-18.821 Y-198.076 Z-2.200 F400.000
G1 X-18.518 Y-198.237 Z-2.200 F400.000
G1 X-18.231 Y-198.356 Z-2.200 F400.000
G1 X-17.902 Y-198.456 Z-2.200 F400.000
G1 X-17.597 Y-198.517 Z-2.200 F400.000
G1 X-17.256 Y-198.550 Z-2.200 F400.000
G1 X-14.330 Y-198.558 Z-2.200 F400.000
G1 X-14.220 Y-198.569 Z-2.200 F400.000
G1 X-14.191 Y-198.577 Z-2.200 F400.000
G1 X-14.164 Y-198.592 Z-2.200 F400.000
G1 X-14.141 Y-198.611 Z-2.200 F400.000
G1 X-14.121 Y-198.634 Z-2.200 F400.000
G1 X-14.107 Y-198.661 Z-2.200 F400.000
G1 X-14.098 Y-198.690 Z-2.200 F400.000
G1 X-14.087 Y-198.798 Z-2.200 F400.000
G1 X-14.088 Y-200.505 Z-2.200 F400.000
G1 X-14.098 Y-200.613 Z-2.200 F400.000
G1 X-14.107 Y-200.642 Z-2.200 F400.000
G1 X-14.121 Y-200.669 Z-2.200 F400.000
G1 X-14.141 Y-200.692 Z-2.200 F400.000
G1 X-14.164 Y-200.712 Z-2.200 F400.000
G1 X-14.191 Y-200.726 Z-2.200 F400.000
G1 X-14.220 Y-200.735 Z-2.200 F400.000
G1 X-14.328 Y-200.745 Z-2.200 F400.000
G1 X-17.100 Y-200.745 Z-2.200 F400.000
G1 X-17.597 Y-200.787 Z-2.200 F400.000
G1 X-17.902 Y-200.847 Z-2.200 F400.000
G1 X-18.231 Y-200.947 Z-2.200 F400.000
G1 X-18.518 Y-201.066 Z-2.200 F400.000
G1 X-18.821 Y-201.228 Z-2.200 F400.000
G1 X-19.079 Y-201.401 Z-2.200 F400.000
G1 X-19.345 Y-201.618 Z-2.200 F400.000
G1 X-19.565 Y-201.838 Z-2.200 F400.000
G1 X-19.782 Y-202.104 Z-2.200 F400.000
G1 X-19.955 Y-202.362 Z-2.200 F400.000
G1 X-20.117 Y-202.665 Z-2.200 F400.000
G1 X-20.236 Y-202.952 Z-2.200 F400.000
G1 X-20.336 Y-203.281 Z-2.200 F400.000
G1 X-20.396 Y-203.586 Z-2.200 F400.000
G1 X-20.430 Y-203.927 Z-2.200 F400.000
G1 X-20.437 Y-228.000 Z-2.200 F400.000
G0 X-20.437 Y-228.000 Z5.000
G0 X-20.437 Y-3.000 Z5.000
G0 X-20.437 Y-3.000 Z3.000
G1 X-20.437 Y-17.188 Z2.505 F400.000
G1 X-20.424 Y-17.395 Z2.497 F400.000
G1 X-20.390 Y-17.654 Z2.488 F400.000
G1 X-20.283 Y-18.054 Z2.474 F400.000
G1 X-20.183 Y-18.295 Z2.465 F400.000
G1 X-19.975 Y-18.654 Z2.450 F400.000
G1 X-19.817 Y-18.861 Z2.441 F400.000
G1 X-19.524 Y-19.154 Z2.427 F400.000
G1 X-19.316 Y-19.313 Z2.417 F400.000
G1 X-18.958 Y-19.520 Z2.403 F400.000
G1 X-18.716 Y-19.620 Z2.394 F400.000
G1 X-18.316 Y-19.727 Z2.379 F400.000
G1 X-18.057 Y-19.761 Z2.370 F400.000
G1 X-17.850 Y-19.775 Z2.363 F400.000
G1 X-16.445 Y-19.775 Z2.314 F400.000
G1 X-16.336 Y-19.786 Z2.310 F400.000
G1 X-16.307 Y-19.794 Z2.309 F400.000
G1 X-16.281 Y-19.809 Z2.308 F400.000
G1 X-16.257 Y-19.828 Z2.307 F400.000
G1 X-16.238 Y-19.851 Z2.306 F400.000
G1 X-16.224 Y-19.878 Z2.305 F400.000
G1 X-16.215 Y-19.907 Z2.304 F400.000
G1 X-16.204 Y-20.015 Z2.300 F400.000
G1 X-16.204 Y-22.907 Z2.199 F400.000
G1 X-16.207 Y-22.967 Z2.197 F400.000
G1 X-16.210 Y-22.985 Z2.196 F400.000
G1 X-16.215 Y-23.001 Z2.196 F400.000
G1 X-16.238 Y-23.058 Z2.194 F400.000
G1 X-20.125 Y-31.394 Z1.872 F400.000
G1 X-20.230 Y-31.650 Z1.863 F400.000
G1 X-20.337 Y-31.998 Z1.850 F400.000
G1 X-20.406 Y-32.355 Z1.837 F400.000
G1 X-20.435 Y-32.718 Z1.825 F400.000
G1 X-20.437 Y-55.672 Z1.023 F400.000
G1 X-20.424 Y-55.879 Z1.016 F400.000
G1 X-20.390 Y-56.138 Z1.007 F400.000
G1 X-20.283 Y-56.538 Z0.992 F400.000
G1 X-20.183 Y-56.779 Z0.983 F400.000
G1 X-19.975 Y-57.138 Z0.969 F400.000
G1 X-19.817 Y-57.345 Z0.959 F400.000
G1 X-19.524 Y-57.638 Z0.945 F400.000
G1 X-19.316 Y-57.797 Z0.936 F400.000
G1 X-18.958 Y-58.004 Z0.921 F400.000
G1 X-18.716 Y-58.104 Z0.912 F400.000
G1 X-18.316 Y-58.211 Z0.898 F400.000
G1 X-18.057 Y-58.245 Z0.889 F400.000
G1 X-17.850 Y-58.259 Z0.881 F400.000
G1 X-16.445 Y-58.259 Z0.832 F400.000
G1 X-16.336 Y-58.270 Z0.829 F400.000
G1 X-16.307 Y-58.278 Z0.828 F400.000
G1 X-16.281 Y-58.293 Z0.826 F400.000
G1 X-16.257 Y-58.312 Z0.825 F400.000
G1 X-16.238 Y-58.336 Z0.824 F400.000
G1 X-16.224 Y-58.362 Z0.823 F400.000
G1 X-16.215 Y-58.391 Z0.822 F400.000
G1 X-16.204 Y-58.500 Z0.818 F400.000
G1 X-16.204 Y-61.391 Z0.717 F400.000
G1 X-16.207 Y-61.451 Z0.715 F400.000
G1 X-16.210 Y-61.469 Z0.715 F400.000
G1 X-16.215 Y-61.485 Z0.714 F400.000
G1 X-16.238 Y-61.542 Z0.712 F400.000
G1 X-20.125 Y-69.878 Z0.391 F400.000
G1 X-20.230 Y-70.134 Z0.381 F400.000
G1 X-20.337 Y-70.482 Z0.368 F400.000
G1 X-20.406 Y-70.839 Z0.356 F400.000
G1 X-20.435 Y-71.202 Z0.343 F400.000
G1 X-20.435 Y-72.433 Z0.300 F400.000
G1 X-20.435 Y-71.202 Z0.257 F400.000
G1 X-20.406 Y-70.839 Z0.244 F400.000
G1 X-20.337 Y-70.482 Z0.232 F400.000
G1 X-20.230 Y-70.134 Z0.219 F400.000
G1 X-20.125 Y-69.878 Z0.209 F400.000
G1 X-16.238 Y-61.542 Z-0.112 F400.000
G1 X-16.215 Y-61.485 Z-0.114 F400.000
G1 X-16.210 Y-61.469 Z-0.115 F400.000
G1 X-16.207 Y-61.451 Z-0.115 F400.000
G1 X-16.204 Y-61.391 Z-0.117 F400.000
G1 X-16.204 Y-58.500 Z-0.218 F400.000
G1 X-16.215 Y-58.391 Z-0.222 F400.000
G1 X-16.224 Y-58.362 Z-0.223 F400.000
G1 X-16.238 Y-58.336 Z-0.224 F400.000
G1 X-16.257 Y-58.312 Z-0.225 F400.000
G1 X-16.281 Y-58.293 Z-0.226 F400.000
G1 X-16.307 Y-58.278 Z-0.228 F400.000
G1 X-16.336 Y-58.270 Z-0.229 F400.000
G1 X-16.445 Y-58.259 Z-0.232 F400.000
G1 X-17.850 Y-58.259 Z-0.281 F400.000
G1 X-18.057 Y-58.245 Z-0.289 F400.000
G1 X-18.316 Y-58.211 Z-0.298 F400.000
G1 X-18.716 Y-58.104 Z-0.312 F400.000
G1 X-18.958 Y-58.004 Z-0.321 F400.000
G1 X-19.316 Y-57.797 Z-0.336 F400.000
G1 X-19.524 Y-57.638 Z-0.345 F400.000
G1 X-19.817 Y-57.345 Z-0.359 F400.000
G1 X-19.975 Y-57.138 Z-0.369 F400.000
G1 X-20.183 Y-56.779 Z-0.383 F400.000
G1 X-20.283 Y-56.538 Z-0.392 F400.000
G1 X-20.390 Y-56.138 Z-0.407 F400.000
G1 X-20.424 Y-55.879 Z-0.416 F400.000
G1 X-20.437 Y-55.672 Z-0.423 F400.000
G1 X-20.435 Y-32.718 Z-1.225 F400.000
G1 X-20.406 Y-32.355 Z-1.237 F400.000
G1 X-20.337 Y-31.998 Z-1.250 F400.000
G1 X-20.230 Y-31.650 Z-1.263 F400.000
G1 X-20.125 Y-31.394 Z-1.272 F400.000
G1 X-16.238 Y-23.058 Z-1.594 F400.000
G1 X-16.215 Y-23.001 Z-1.596 F400.000
G1 X-16.210 Y-22.985 Z-1.596 F400.000
G1 X-16.207 Y-22.967 Z-1.597 F400.000
G1 X-16.204 Y-22.907 Z-1.599 F400.000
G1 X-16.204 Y-20.015 Z-1.700 F400.000
G1 X-16.215 Y-19.907 Z-1.704 F400.000
G1 X-16.224 Y-19.878 Z-1.705 F400.000
G1 X-16.238 Y-19.851 Z-1.706 F400.000
G1 X-16.257 Y-19.828 Z-1.707 F400.000
G1 X-16.281 Y-19.809 Z-1.708 F400.000
G1 X-16.307 Y-19.794 Z-1.709 F400.000
G1 X-16.336 Y-19.786 Z-1.710 F400.000
G1 X-16.445 Y-19.775 Z-1.714 F400.000
G1 X-17.850 Y-19.775 Z-1.763 F400.000
G1 X-18.057 Y-19.761 Z-1.770 F400.000
G1 X-18.316 Y-19.727 Z-1.779 F400.000
G1 X-18.716 Y-19.620 Z-1.794 F400.000
G1 X-18.958 Y-19.520 Z-1.803 F400.000
G1 X-19.316 Y-19.313 Z-1.817 F400.000
G1 X-19.524 Y-19.154 Z-1.827 F400.000
G1 X-19.817 Y-18.861 Z-1.841 F400.000
G1 X-19.975 Y-18.654 Z-1.850 F400.000
G1 X-20.183 Y-18.295 Z-1.865 F400.000
G1 X-20.283 Y-18.054 Z-1.874 F400.000
G1 X-20.390 Y-17.654 Z-1.888 F400.000
G1 X-20.424 Y-17.395 Z-1.897 F400.000
G1 X-20.437 Y-17.188 Z-1.905 F400.000
G1 X-20.437 Y-3.000 Z-2.400 F400.000
G1 X-20.437 Y-17.188 Z-2.400 F400.000
G1 X-20.424 Y-17.395 Z-2.400 F400.000
G1 X-20.390 Y-17.654 Z-2.400 F400.000
G1 X-20.283 Y-18.054 Z-2.400 F400.000
G1 X-20.183 Y-18.295 Z-2.400 F400.000
G1 X-19.975 Y-18.654 Z-2.400 F400.000
G1 X-19.817 Y-18.861 Z-2.400 F400.000
G1 X-19.524 Y-19.154 Z-2.400 F400.000
G1 X-19.316 Y-19.313 Z-2.400 F400.000
G1 X-18.958 Y-19.520 Z-2.400 F400.000
G1 X-18.716 Y-19.620 Z-2.400 F400.000
G1 X-18.316 Y-19.727 Z-2.400 F400.000
G1 X-18.057 Y-19.761 Z-2.400 F400.000
G1 X-17.850 Y-19.775 Z-2.400 F400.000
G1 X-16.445 Y-19.775 Z-2.400 F400.000
G1 X-16.336 Y-19.786 Z-2.400 F400.000
G1 X-16.307 Y-19.794 Z-2.400 F400.000
G1 X-16.281 Y-19.809 Z-2.400 F400.000
G1 X-16.257 Y-19.828 Z-2.400 F400.000
G1 X-16.238 Y-19.851 Z-2.400 F400.000
G1 X-16.224 Y-19.878 Z-2.400 F400.000
G1 X-16.215 Y-19.907 Z-2.400 F400.000
G1 X-16.204 Y-20.015 Z-2.400 F400.000
G1 X-16.204 Y-22.907 Z-2.400 F400.000
G1 X-16.207 Y-22.967 Z-2.400 F400.000
G1 X-16.210 Y-22.985 Z-2.400 F400.000
G1 X-16.215 Y-23.001 Z-2.400 F400.000
G1 X-16.238 Y-23.058 Z-2.400 F400.000
G1 X-20.125 Y-31.394 Z-2.400 F400.000
G1 X-20.230 Y-31.650 Z-2.400 F400.000
G1 X-20.337 Y-31.998 Z-2.400 F400.000
G1 X-20.406 Y-32.355 Z-2.400 F400.000
G1 X-20.435 Y-32.718 Z-2.400 F400.000
G1 X-20.437 Y-55.672 Z-2.400 F400.000
G1 X-20.424 Y-55.879 Z-2.400 F400.000
G1 X-20.390 Y-56.138 Z-2.400 F400.000
G1 X-20.283 Y-56.538 Z-2.400 F400.000
G1 X-20.183 Y-56.779 Z-2.400 F400.000
G1 X-19.975 Y-57.138 Z-2.400 F400.000
G1 X-19.817 Y-57.345 Z-2.400 F400.000
G1 X-19.524 Y-57.638 Z-2.400 F400.000
G1 X-19.316 Y-57.797 Z-2.400 F400.000
G1 X-18.958 Y-58.004 Z-2.400 F400.000
G1 X-18.716 Y-58.104 Z-2.400 F400.000
G1 X-18.316 Y-58.211 Z-2.400 F400.000
G1 X-18.057 Y-58.245 Z-2.400 F400.000
G1 X-17.850 Y-58.259 Z-2.400 F400.000
G1 X-16.445 Y-58.259 Z-2.400 F400.000
G1 X-16.336 Y-58.270 Z-2.400 F400.000
G1 X-16.307 Y-58.278 Z-2.400 F400.000
G1 X-16.281 Y-58.293 Z-2.400 F400.000
G1 X-16.257 Y-58.312 Z-2.400 F400.000
G1 X-16.238 Y-58.336 Z-2.400 F400.000
G1 X-16.224 Y-58.362 Z-2.400 F400.000
G1 X-16.215 Y-58.391 Z-2.400 F400.000
G1 X-16.204 Y-58.500 Z-2.400 F400.000
G1 X-16.204 Y-61.391 Z-2.400 F400.000
G1 X-16.207 Y-61.451 Z-2.400 F400.000
G1 X-16.210 Y-61.469 Z-2.400 F400.000
G1 X-16.215 Y-61.485 Z-2.400 F400.000
G1 X-16.238 Y-61.542 Z-2.400 F400.000
G1 X-20.125 Y-69.878 Z-2.400 F400.000
G1 X-20.230 Y-70.134 Z-2.400 F400.000
G1 X-20.337 Y-70.482 Z-2.400 F400.000
G1 X-20.406 Y-70.839 Z-2.400 F400.000
G1 X-20.435 Y-71.202 Z-2.400 F400.000
G1 X-20.437 Y-94.156 Z-2.400 F400.000
G1 X-20.424 Y-94.363 Z-2.400 F400.000
G1 X-20.390 Y-94.622 Z-2.400 F400.000
G1 X-20.283 Y-95.022 Z-2.400 F400.000
G1 X-20.183 Y-95.263 Z-2.400 F400.000
G1 X-19.975 Y-95.622 Z-2.400 F400.000
G1 X-19.817 Y-95.829 Z-2.400 F400.000
G1 X-19.524 Y-96.122 Z-2.400 F400.000
G1 X-19.316 Y-96.281 Z-2.400 F400.000
G1 X-18.958 Y-96.488 Z-2.400 F400.000
G1 X-18.716 Y-96.588 Z-2.400 F400.000
G1 X-18.316 Y-96.695 Z-2.400 F400.000
G1 X-18.057 Y-96.729 Z-2.400 F400.000
G1 X-17.850 Y-96.743 Z-2.400 F400.000
G1 X-16.445 Y-96.743 Z-2.400 F400.000
G1 X-16.336 Y-96.754 Z-2.400 F400.000
G1 X-16.307 Y-96.762 Z-2.400 F400.000
G1 X-16.281 Y-96.777 Z-2.400 F400.000
G1 X-16.257 Y-96.796 Z-2.400 F400.000
G1 X-16.238 Y-96.820 Z-2.400 F400.000
G1 X-16.224 Y-96.846 Z-2.400 F400.000
G1 X-16.215 Y-96.875 Z-2.400 F400.000
G1 X-16.204 Y-96.984 Z-2.400 F400.000
G1 X-16.204 Y-99.875 Z-2.400 F400.000
G1 X-16.207 Y-99.935 Z-2.400 F400.000
G1 X-16.210 Y-99.953 Z-2.400 F400.000
G1 X-16.215 Y-99.969 Z-2.400 F400.000
G1 X-16.238 Y-100.026 Z-2.400 F400.000
G1 X-20.125 Y-108.362 Z-2.400 F400.000
G1 X-20.230 Y-108.618 Z-2.400 F400.000
G1 X-20.337 Y-108.966 Z-2.400 F400.000
G1 X-20.406 Y-109.323 Z-2.400 F400.000
G1 X-20.435 Y-109.686 Z-2.400 F400.000
G1 X-20.437 Y-132.640 Z-2.400 F400.000
G1 X-20.424 Y-132.847 Z-2.400 F400.000
G1 X-20.390 Y-133.106 Z-2.400 F400.000
G1 X-20.283 Y-133.506 Z-2.400 F400.000
G1 X-20.183 Y-133.747 Z-2.400 F400.000
G1 X-19.975 Y-134.106 Z-2.400 F400.000
G1 X-19.817 Y-134.313 Z-2.400 F400.000
G1 X-19.524 Y-134.606 Z-2.400 F400.000
G1 X-19.316 Y-134.765 Z-2.400 F400.000
G1 X-18.958 Y-134.972 Z-2.400 F400.000
G1 X-18.716 Y-135.072 Z-2.400 F400.000
G1 X-18.316 Y-135.179 Z-2.400 F400.000
G1 X-18.057 Y-135.213 Z-2.400 F400.000
G1 X-17.850 Y-135.227 Z-2.400 F400.000
G1 X-16.445 Y-135.227 Z-2.400 F400.000
G1 X-16.336 Y-135.238 Z-2.400 F400.000
G1 X-16.307 Y-135.247 Z-2.400 F400.000
G1 X-16.281 Y-135.261 Z-2.400 F400.000
G1 X-16.257 Y-135.280 Z-2.400 F400.000
G1 X-16.238 Y-135.304 Z-2.400 F400.000
G1 X-16.224 Y-135.330 Z-2.400 F400.000
G1 X-16.215 Y-135.359 Z-2.400 F400.000
G1 X-16.204 Y-135.468 Z-2.400 F400.000
G1 X-16.204 Y-138.359 Z-2.400 F400.000
G1 X-16.207 Y-138.419 Z-2.400 F400.000
G1 X-16.210 Y-138.437 Z-2.400 F400.000
G1 X-16.215 Y-138.454 Z-2.400 F400.000
G1 X-16.238 Y-138.510 Z-2.400 F400.000
G1 X-20.125 Y-146.846 Z-2.400 F400.000
G1 X-20.230 Y-147.102 Z-2.400 F400.000
G1 X-20.337 Y-147.450 Z-2.400 F400.000
G1 X-20.406 Y-147.807 Z-2.400 F400.000
G1 X-20.435 Y-148.170 Z-2.400 F400.000
G1 X-20.437 Y-171.124 Z-2.400 F400.000
G1 X-20.424 Y-171.331 Z-2.400 F400.000
G1 X-20.390 Y-171.590 Z-2.400 F400.000
G1 X-20.283 Y-171.990 Z-2.400 F400.000
G1 X-20.183 Y-172.231 Z-2.400 F400.000
G1 X-19.975 Y-172.590 Z-2.400 F400.000
G1 X-19.817 Y-172.797 Z-2.400 F400.000
G1 X-19.524 Y-173.090 Z-2.400 F400.000
G1 X-19.316 Y-173.249 Z-2.400 F400.000
G1 X-18.958 Y-173.456 Z-2.400 F400.000
G1 X-18.716 Y-173.556 Z-2.400 F400.000
G1 X-18.316 Y-173.663 Z-2.400 F400.000
G1 X-18.057 Y-173.697 Z-2.400 F400.000
G1 X-17.850 Y-173.711 Z-2.400 F400.000
G1 X-16.445 Y-173.711 Z-2.400 F400.000
G1 X-16.336 Y-173.722 Z-2.400 F400.000
G1 X-16.307 Y-173.731 Z-2.400 F400.000
G1 X-16.281 Y-173.745 Z-2.400 F400.000
G1 X-16.257 Y-173.764 Z-2.400 F400.000
G1 X-16.238 Y-173.788 Z-2.400 F400.000
G1 X-16.224 Y-173.814 Z-2.400 F400.000
G1 X-16.215 Y-173.843 Z-2.400 F400.000
G1 X-16.204 Y-173.952 Z-2.400 F400.000
G1 X-16.204 Y-176.843 Z-2.400 F400.000
G1 X-16.207 Y-176.903 Z-2.400 F400.000
G1 X-16.210 Y-176.921 Z-2.400 F400.000
G1 X-16.215 Y-176.938 Z-2.400 F400.000
G1 X-16.238 Y-176.994 Z-2.400 F400.000
G1 X-20.125 Y-185.330 Z-2.400 F400.000
G1 X-20.230 Y-185.586 Z-2.400 F400.000
G1 X-20.337 Y-185.934 Z-2.400 F400.000
G1 X-20.406 Y-186.291 Z-2.400 F400.000
G1 X-20.435 Y-186.654 Z-2.400 F400.000
G1 X-20.437 Y-195.220 Z-2.400 F400.000
G1 X-20.396 Y-195.717 Z-2.400 F400.000
G1 X-20.336 Y-196.023 Z-2.400 F400.000
G1 X-20.236 Y-196.351 Z-2.400 F400.000
G1 X-20.117 Y-196.638 Z-2.400 F400.000
G1 X-19.955 Y-196.941 Z-2.400 F400.000
G1 X-19.782 Y-197.200 Z-2.400 F400.000
G1 X-19.565 Y-197.465 Z-2.400 F400.000
G1 X-19.345 Y-197.685 Z-2.400 F400.000
G1 X-19.079 Y-197.903 Z-2.400 F400.000
G1 X-18.821 Y-198.076 Z-2.400 F400.000
G1 X-18.518 Y-198.237 Z-2.400 F400.000
G1 X-18.231 Y-198.356 Z-2.400 F400.000
G1 X-17.902 Y-198.456 Z-2.400 F400.000
G1 X-17.597 Y-198.517 Z-2.400 F400.000
G1 X-17.256 Y-198.550 Z-2.400 F400.000
G1 X-14.330 Y-198.558 Z-2.400 F400.000
G1 X-14.220 Y-198.569 Z-2.400 F400.000
G1 X-14.191 Y-198.577 Z-2.400 F400.000
G1 X-14.164 Y-198.592 Z-2.400 F400.000
G1 X-14.141 Y-198.611 Z-2.400 F400.000
G1 X-14.121 Y-198.634 Z-2.400 F400.000
G1 X-14.107 Y-198.661 Z-2.400 F400.000
G1 X-14.098 Y-198.690 Z-2.400 F400.000
G1 X-14.087 Y-198.798 Z-2.400 F400.000
G1 X-14.088 Y-200.505 Z-2.400 F400.000
G1 X-14.098 Y-200.613 Z-2.400 F400.000
G1 X-14.107 Y-200.642 Z-2.400 F400.000
G1 X-14.121 Y-200.669 Z-2.400 F400.000
G1 X-14.141 Y-200.692 Z-2.400 F400.000
G1 X-14.164 Y-200.712 Z-2.400 F400.000
G1 X-14.191 Y-200.726 Z-2.400 F400.000
G1 X-14.220 Y-200.735 Z-2.400 F400.000
G1 X-14.328 Y-200.745 Z-2.400 F400.000
G1 X-17.100 Y-200.745 Z-2.400 F400.000
G1 X-17.597 Y-200.787 Z-2.400 F400.000
G1 X-17.902 Y-200.847 Z-2.400 F400.000
G1 X-18.231 Y-200.947 Z-2.400 F400.000
G1 X-18.518 Y-201.066 Z-2.400 F400.000
G1 X-18.821 Y-201.228 Z-2.400 F400.000
G1 X-19.079 Y-201.401 Z-2.400 F400.000
G1 X-19.345 Y-201.618 Z-2.400 F400.000
G1 X-19.565 Y-201.838 Z-2.400 F400.000
G1 X-19.782 Y-202.104 Z-2.400 F400.000
G1 X-19.955 Y-202.362 Z-2.400 F400.000
G1 X-20.117 Y-202.665 Z-2.400 F400.000
G1 X-20.236 Y-202.952 Z-2.400 F400.000
G1 X-20.336 Y-203.281 Z-2.400 F400.000
G1 X-20.396 Y-203.586 Z-2.400 F400.000
G1 X-20.430 Y-203.927 Z-2.400 F400.000
G1 X-20.437 Y-228.000 Z-2.400 F400.000
G0 X-20.437 Y-228.000 Z5.000
G0 X-20.437 Y-3.000 Z5.000
G0 X-20.437 Y-3.000 Z3.000
G1 X-20.437 Y-17.188 Z2.505 F400.000
G1 X-20.424 Y-17.395 Z2.497 F400.000
G1 X-20.390 Y-17.654 Z2.488 F400.000
G1 X-20.283 Y-18.054 Z2.474 F400.000
G1 X-20.183 Y-18.295 Z2.465 F400.000
G1 X-19.975 Y-18.654 Z2.450 F400.000
G1 X-19.817 Y-18.861 Z2.441 F400.000
G1 X-19.524 Y-19.154 Z2.427 F400.000
G1 X-19.316 Y-19.313 Z2.417 F400.000
G1 X-18.958 Y-19.520 Z2.403 F400.000
G1 X-18.716 Y-19.620 Z2.394 F400.000
G1 X-18.316 Y-19.727 Z2.379 F400.000
G1 X-18.057 Y-19.761 Z2.370 F400.000
G1 X-17.850 Y-19.775 Z2.363 F400.000
G1 X-16.445 Y-19.775 Z2.314 F400.000
G1 X-16.336 Y-19.786 Z2.310 F400.000
G1 X-16.307 Y-19.794 Z2.309 F400.000
G1 X-16.281 Y-19.809 Z2.308 F400.000
G1 X-16.257 Y-19.828 Z2.307 F400.000
G1 X-16.238 Y-19.851 Z2.306 F400.000
G1 X-16.224 Y-19.878 Z2.305 F400.000
G1 X-16.215 Y-19.907 Z2.304 F400.000
G1 X-16.204 Y-20.015 Z2.300 F400.000
G1 X-16.204 Y-22.907 Z2.199 F400.000
G1 X-16.207 Y-22.967 Z2.197 F400.000
G1 X-16.210 Y-22.985 Z2.196 F400.000
G1 X-16.215 Y-23.001 Z2.196 F400.000
G1 X-16.238 Y-23.058 Z2.194 F400.000
G1 X-20.125 Y-31.394 Z1.872 F400.000
G1 X-20.230 Y-31.650 Z1.863 F400.000
G1 X-20.337 Y-31.998 Z1.850 F400.000
G1 X-20.406 Y-32.355 Z1.837 F400.000
G1 X-20.435 Y-32.718 Z1.825 F400.000
G1 X-20.437 Y-55.672 Z1.023 F400.000
G1 X-20.424 Y-55.879 Z1.016 F400.000
G1 X-20.390 Y-56.138 Z1.007 F400.000
G1 X-20.283 Y-56.538 Z0.992 F400.000
G1 X-20.183 Y-56.779 Z0.983 F400.000
G1 X-19.975 Y-57.138 Z0.969 F400.000
G1 X-19.817 Y-57.345 Z0.959 F400.000
G1 X-19.524 Y-57.638 Z0.945 F400.000
G1 X-19.316 Y-57.797 Z0.936 F400.000
G1 X-18.958 Y-58.004 Z0.921 F400.000
G1 X-18.716 Y-58.104 Z0.912 F400.000
G1 X-18.316 Y-58.211 Z0.898 F400.000
G1 X-18.057 Y-58.245 Z0.889 F400.000
G1 X-17.850 Y-58.259 Z0.881 F400.000
G1 X-16.445 Y-58.259 Z0.832 F400.000
G1 X-16.336 Y-58.270 Z0.829 F400.000
G1 X-16.307 Y-58.278 Z0.828 F400.000
G1 X-16.281 Y-58.293 Z0.826 F400.000
G1 X-16.257 Y-58.312 Z0.825 F400.000
G1 X-16.238 Y-58.336 Z0.824 F400.000
G1 X-16.224 Y-58.362 Z0.823 F400.000
G1 X-16.215 Y-58.391 Z0.822 F400.000
G1 X-16.204 Y-58.500 Z0.818 F400.000
G1 X-16.204 Y-61.391 Z0.717 F400.000
G1 X-16.207 Y-61.451 Z0.715 F400.000
G1 X-16.210 Y-61.469 Z0.715 F400.000
G1 X-16.215 Y-61.485 Z0.714 F400.000
G1 X-16.238 Y-61.542 Z0.712 F400.000
G1 X-20.125 Y-69.878 Z0.391 F400.000
G1 X-20.230 Y-70.134 Z0.381 F400.000
G1 X-20.337 Y-70.482 Z0.368 F400.000
G1 X-20.406 Y-70.839 Z0.356 F400.000
G1 X-20.435 Y-71.202 Z0.343 F400.000
G1 X-20.436 Y-75.297 Z0.200 F400.000
G1 X-20.435 Y-71.202 Z0.057 F400.000
G1 X-20.406 Y-70.839 Z0.044 F400.000
G1 X-20.337 Y-70.482 Z0.032 F400.000
G1 X-20.230 Y-70.134 Z0.019 F400.000
G1 X-20.125 Y-69.878 Z0.009 F400.000
G1 X-16.238 Y-61.542 Z-0.312 F400.000
G1 X-16.215 Y-61.485 Z-0.314 F400.000
G1 X-16.210 Y-61.469 Z-0.315 F400.000
G1 X-16.207 Y-61.451 Z-0.315 F400.000
G1 X-16.204 Y-61.391 Z-0.317 F400.000
G1 X-16.204 Y-58.500 Z-0.418 F400.000
G1 X-16.215 Y-58.391 Z-0.422 F400.000
G1 X-16.224 Y-58.362 Z-0.423 F400.000
G1 X-16.238 Y-58.336 Z-0.424 F400.000
G1 X-16.257 Y-58.312 Z-0.425 F400.000
G1 X-16.281 Y-58.293 Z-0.426 F400.000
G1 X-16.307 Y-58.278 Z-0.428 F400.000
G1 X-16.336 Y-58.270 Z-0.429 F400.000
G1 X-16.445 Y-58.259 Z-0.432 F400.000
G1 X-17.850 Y-58.259 Z-0.481 F400.000
G1 X-18.057 Y-58.245 Z-0.489 F400.000
G1 X-18.316 Y-58.211 Z-0.498 F400.000
G1 X-18.716 Y-58.104 Z-0.512 F400.000
G1 X-18.958 Y-58.004 Z-0.521 F400.000
G1 X-19.316 Y-57.797 Z-0.536 F400.000
G1 X-19.524 Y-57.638 Z-0.545 F400.000
G1 X-19.817 Y-57.345 Z-0.559 F400.000
G1 X-19.975 Y-57.138 Z-0.569 F400.000
G1 X-20.183 Y-56.779 Z-0.583 F400.000
G1 X-20.283 Y-56.538 Z-0.592 F400.000
G1 X-20.390 Y-56.138 Z-0.607 F400.000
G1 X-20.424 Y-55.879 Z-0.616 F400.000
G1 X-20.437 Y-55.672 Z-0.623 F400.000
G1 X-20.435 Y-32.718 Z-1.425 F400.000
G1 X-20.406 Y-32.355 Z-1.437 F400.000
G1 X-20.337 Y-31.998 Z-1.450 F400.000
G1 X-20.230 Y-31.650 Z-1.463 F400.000
G1 X-20.125 Y-31.394 Z-1.472 F400.000
G1 X-16.238 Y-23.058 Z-1.794 F400.000
G1 X-16.215 Y-23.001 Z-1.796 F400.000
G1 X-16.210 Y-22.985 Z-1.796 F400.000
G1 X-16.207 Y-22.967 Z-1.797 F400.000
G1 X-16.204 Y-22.907 Z-1.799 F400.000
G1 X-16.204 Y-20.015 Z-1.900 F400.000
G1 X-16.215 Y-19.907 Z-1.904 F400.000
G1 X-16.224 Y-19.878 Z-1.905 F400.000
G1 X-16.238 Y-19.851 Z-1.906 F400.000
G1 X-16.257 Y-19.828 Z-1.907 F400.000
G1 X-16.281 Y-19.809 Z-1.908 F400.000
G1 X-16.307 Y-19.794 Z-1.909 F400.000
G1 X-16.336 Y-19.786 Z-1.910 F400.000
G1 X-16.445 Y-19.775 Z-1.914 F400.000
G1 X-17.850 Y-19.775 Z-1.963 F400.000
G1 X-18.057 Y-19.761 Z-1.970 F400.000
G1 X-18.316 Y-19.727 Z-1.979 F400.000
G1 X-18.716 Y-19.620 Z-1.994 F400.000
G1 X-18.958 Y-19.520 Z-2.003 F400.000
G1 X-19.316 Y-19.313 Z-2.017 F400.000
G1 X-19.524 Y-19.154 Z-2.027 F400.000
G1 X-19.817 Y-18.861 Z-2.041 F400.000
G1 X-19.975 Y-18.654 Z-2.050 F400.000
G1 X-20.183 Y-18.295 Z-2.065 F400.000
G1 X-20.283 Y-18.054 Z-2.074 F400.000
G1 X-20.390 Y-17.654 Z-2.088 F400.000
G1 X-20.424 Y-17.395 Z-2.097 F400.000
G1 X-20.437 Y-17.188 Z-2.105 F400.000
G1 X-20.437 Y-3.000 Z-2.600 F400.000
G1 X-20.437 Y-17.188 Z-2.600 F400.000
G1 X-20.424 Y-17.395 Z-2.600 F400.000
G1 X-20.390 Y-17.654 Z-2.600 F400.000
G1 X-20.283 Y-18.054 Z-2.600 F400.000
G1 X-20.183 Y-18.295 Z-2.600 F400.000
G1 X-19.975 Y-18.654 Z-2.600 F400.000
G1 X-19.817 Y-18.861 Z-2.600 F400.000
G1 X-19.524 Y-19.154 Z-2.600 F400.000
G1 X-19.316 Y-19.313 Z-2.600 F400.000
G1 X-18.958 Y-19.520 Z-2.600 F400.000
G1 X-18.716 Y-19.620 Z-2.600 F400.000
G1 X-18.316 Y-19.727 Z-2.600 F400.000
G1 X-18.057 Y-19.761 Z-2.600 F400.000
G1 X-17.850 Y-19.775 Z-2.600 F400.000
G1 X-16.445 Y-19.775 Z-2.600 F400.000
G1 X-16.336 Y-19.786 Z-2.600 F400.000
G1 X-16.307 Y-19.794 Z-2.600 F400.000
G1 X-16.281 Y-19.809 Z-2.600 F400.000
G1 X-16.257 Y-19.828 Z-2.600 F400.000
G1 X-16.238 Y-19.851 Z-2.600 F400.000
G1 X-16.224 Y-19.878 Z-2.600 F400.000
G1 X-16.215 Y-19.907 Z-2.600 F400.000
G1 X-16.204 Y-20.015 Z-2.600 F400.000
G1 X-16.204 Y-22.907 Z-2.600 F400.000
G1 X-16.207 Y-22.967 Z-2.600 F400.000
G1 X-16.210 Y-22.985 Z-2.600 F400.000
G1 X-16.215 Y-23.001 Z-2.600 F400.000
G1 X-16.238 Y-23.058 Z-2.600 F400.000
G1 X-20.125 Y-31.394 Z-2.600 F400.000
G1 X-20.230 Y-31.650 Z-2.600 F400.000
G1 X-20.337 Y-31.998 Z-2.600 F400.000
G1 X-20.406 Y-32.355 Z-2.600 F400.000
G1 X-20.435 Y-32.718 Z-2.600 F400.000
G1 X-20.437 Y-55.672 Z-2.600 F400.000
G1 X-20.424 Y-55.879 Z-2.600 F400.000
G1 X-20.390 Y-56.138 Z-2.600 F400.000
G1 X-20.283 Y-56.538 Z-2.600 F400.000
G1 X-20.183 Y-56.779 Z-2.600 F400.000
G1 X-19.975 Y-57.138 Z-2.600 F400.000
G1 X-19.817 Y-57.345 Z-2.600 F400.000
G1 X-19.524 Y-57.638 Z-2.600 F400.000
G1 X-19.316 Y-57.797 Z-2.600 F400.000
G1 X-18.958 Y-58.004 Z-2.600 F400.000
G1 X-18.716 Y-58.104 Z-2.600 F400.000
G1 X-18.316 Y-58.211 Z-2.600 F400.000
G1 X-18.057 Y-58.245 Z-2.600 F400.000
G1 X-17.850 Y-58.259 Z-2.600 F400.000
G1 X-16.445 Y-58.259 Z-2.600 F400.000
G1 X-16.336 Y-58.270 Z-2.600 F400.000
G1 X-16.307 Y-58.278 Z-2.600 F400.000
G1 X-16.281 Y-58.293 Z-2.600 F400.000
G1 X-16.257 Y-58.312 Z-2.600 F400.000
G1 X-16.238 Y-58.336 Z-2.600 F400.000
G1 X-16.224 Y-58.362 Z-2.600 F400.000
G1 X-16.215 Y-58.391 Z-2.600 F400.000
G1 X-16.204 Y-58.500 Z-2.600 F400.000
G1 X-16.204 Y-61.391 Z-2.600 F400.000
G1 X-16.207 Y-61.451 Z-2.600 F400.000
G1 X-16.210 Y-61.469 Z-2.600 F400.000
G1 X-16.215 Y-61.485 Z-2.600 F400.000
G1 X-16.238 Y-61.542 Z-2.600 F400.000
G1 X-20.125 Y-69.878 Z-2.600 F400.000
G1 X-20.230 Y-70.134 Z-2.600 F400.000
G1 X-20.337 Y-70.482 Z-2.600 F400.000
G1 X-20.406 Y-70.839 Z-2.600 F400.000
G1 X-20.435 Y-71.202 Z-2.600 F400.000
G1 X-20.437 Y-94.156 Z-2.600 F400.000
G1 X-20.424 Y-94.363 Z-2.600 F400.000
G1 X-20.390 Y-94.622 Z-2.600 F400.000
G1 X-20.283 Y-95.022 Z-2.600 F400.000
G1 X-20.183 Y-95.263 Z-2.600 F400.000
G1 X-19.975 Y-95.622 Z-2.600 F400.000
G1 X-19.817 Y-95.829 Z-2.600 F400.000
G1 X-19.524 Y-96.122 Z-2.600 F400.000
G1 X-19.316 Y-96.281 Z-2.600 F400.000
G1 X-18.958 Y-96.488 Z-2.600 F400.000
G1 X-18.716 Y-96.588 Z-2.600 F400.000
G1 X-18.316 Y-96.695 Z-2.600 F400.000
G1 X-18.057 Y-96.729 Z-2.600 F400.000
G1 X-17.850 Y-96.743 Z-2.600 F400.000
G1 X-16.445 Y-96.743 Z-2.600 F400.000
G1 X-16.336 Y-96.754 Z-2.600 F400.000
G1 X-16.307 Y-96.762 Z-2.600 F400.000
G1 X-16.281 Y-96.777 Z-2.600 F400.000
G1 X-16.257 Y-96.796 Z-2.600 F400.000
G1 X-16.238 Y-96.820 Z-2.600 F400.000
G1 X-16.224 Y-96.846 Z-2.600 F400.000
G1 X-16.215 Y-96.875 Z-2.600 F400.000
G1 X-16.204 Y-96.984 Z-2.600 F400.000
G1 X-16.204 Y-99.875 Z-2.600 F400.000
G1 X-16.207 Y-99.935 Z-2.600 F400.000
G1 X-16.210 Y-99.953 Z-2.600 F400.000
G1 X-16.215 Y-99.969 Z-2.600 F400.000
G1 X-16.238 Y-100.026 Z-2.600 F400.000
G1 X-20.125 Y-108.362 Z-2.600 F400.000
G1 X-20.230 Y-108.618 Z-2.600 F400.000
G1 X-20.337 Y-108.966 Z-2.600 F400.000
G1 X-20.406 Y-109.323 Z-2.600 F400.000
G1 X-20.435 Y-109.686 Z-2.600 F400.000
G1 X-20.437 Y-132.640 Z-2.600 F400.000
G1 X-20.424 Y-132.847 Z-2.600 F400.000
G1 X-20.390 Y-133.106 Z-2.600 F400.000
G1 X-20.283 Y-133.506 Z-2.600 F400.000
G1 X-20.183 Y-133.747 Z-2.600 F400.000
G1 X-19.975 Y-134.106 Z-2.600 F400.000
G1 X-19.817 Y-134.313 Z-2.600 F400.000
G1 X-19.524 Y-134.606 Z-2.600 F400.000
G1 X-19.316 Y-134.765 Z-2.600 F400.000
G1 X-18.958 Y-134.972 Z-2.600 F400.000
G1 X-18.716 Y-135.072 Z-2.600 F400.000
G1 X-18.316 Y-135.179 Z-2.600 F400.000
G1 X-18.057 Y-135.213 Z-2.600 F400.000
G1 X-17.850 Y-135.227 Z-2.600 F400.000
G1 X-16.445 Y-135.227 Z-2.600 F400.000
G1 X-16.336 Y-135.238 Z-2.600 F400.000
G1 X-16.307 Y-135.247 Z-2.600 F400.000
G1 X-16.281 Y-135.261 Z-2.600 F400.000
G1 X-16.257 Y-135.280 Z-2.600 F400.000
G1 X-16.238 Y-135.304 Z-2.600 F400.000
G1 X-16.224 Y-135.330 Z-2.600 F400.000
G1 X-16.215 Y-135.359 Z-2.600 F400.000
G1 X-16.204 Y-135.468 Z-2.600 F400.000
G1 X-16.204 Y-138.359 Z-2.600 F400.000
G1 X-16.207 Y-138.419 Z-2.600 F400.000
G1 X-16.210 Y-138.437 Z-2.600 F400.000
G1 X-16.215 Y-138.454 Z-2.600 F400.000
G1 X-16.238 Y-138.510 Z-2.600 F400.000
G1 X-20.125 Y-146.846 Z-2.600 F400.000
G1 X-20.230 Y-147.102 Z-2.600 F400.000
G1 X-20.337 Y-147.450 Z-2.600 F400.000
G1 X-20.406 Y-147.807 Z-2.600 F400.000
G1 X-20.435 Y-148.170 Z-2.600 F400.000
G1 X-20.437 Y-171.124 Z-2.600 F400.000
G1 X-20.424 Y-171.331 Z-2.600 F400.000
G1 X-20.390 Y-171.590 Z-2.600 F400.000
G1 X-20.283 Y-171.990 Z-2.600 F400.000
G1 X-20.183 Y-172.231 Z-2.600 F400.000
G1 X-19.975 Y-172.590 Z-2.600 F400.000
G1 X-19.817 Y-172.797 Z-2.600 F400.000
G1 X-19.524 Y-173.090 Z-2.600 F400.000
G1 X-19.316 Y-173.249 Z-2.600 F400.000
G1 X-18.958 Y-173.456 Z-2.600 F400.000
G1 X-18.716 Y-173.556 Z-2.600 F400.000
G1 X-18.316 Y-173.663 Z-2.600 F400.000
G1 X-18.057 Y-173.697 Z-2.600 F400.000
G1 X-17.850 Y-173.711 Z-2.600 F400.000
G1 X-16.445 Y-173.711 Z-2.600 F400.000
G1 X-16.336 Y-173.722 Z-2.600 F400.000
G1 X-16.307 Y-173.731 Z-2.600 F400.000
G1 X-16.281 Y-173.745 Z-2.600 F400.000
G1 X-16.257 Y-173.764 Z-2.600 F400.000
G1 X-16.238 Y-173.788 Z-2.600 F400.000
G1 X-16.224 Y-173.814 Z-2.600 F400.000
G1 X-16.215 Y-173.843 Z-2.600 F400.000
G1 X-16.204 Y-173.952 Z-2.600 F400.000
G1 X-16.204 Y-176.843 Z-2.600 F400.000
G1 X-16.207 Y-176.903 Z-2.600 F400.000
G1 X-16.210 Y-176.921 Z-2.600 F400.000
G1 X-16.215 Y-176.938 Z-2.600 F400.000
G1 X-16.238 Y-176.994 Z-2.600 F400.000
G1 X-20.125 Y-185.330 Z-2.600 F400.000
G1 X-20.230 Y-185.586 Z-2.600 F400.000
G1 X-20.337 Y-185.934 Z-2.600 F400.000
G1 X-20.406 Y-186.291 Z-2.600 F400.000
G1 X-20.435 Y-186.654 Z-2.600 F400.000
G1 X-20.437 Y-195.220 Z-2.600 F400.000
G1 X-20.396 Y-195.717 Z-2.600 F400.000
G1 X-20.336 Y-196.023 Z-2.600 F400.000
G1 X-20.236 Y-196.351 Z-2.600 F400.000
G1 X-20.117 Y-196.638 Z-2.600 F400.000
G1 X-19.955 Y-196.941 Z-2.600 F400.000
G1 X-19.782 Y-197.200 Z-2.600 F400.000
G1 X-19.565 Y-197.465 Z-2.600 F400.000
G1 X-19.345 Y-197.685 Z-2.600 F400.000
G1 X-19.079 Y-197.903 Z-2.600 F400.000
G1 X-18.821 Y-198.076 Z-2.600 F400.000
G1 X-18.518 Y-198.237 Z-2.600 F400.000
G1 X-18.231 Y-198.356 Z-2.600 F400.000
G1 X-17.902 Y-198.456 Z-2.600 F400.000
G1 X-17.597 Y-198.517 Z-2.600 F400.000
G1 X-17.256 Y-198.550 Z-2.600 F400.000
G1 X-14.330 Y-198.558 Z-2.600 F400.000
G1 X-14.220 Y-198.569 Z-2.600 F400.000
G1 X-14.191 Y-198.577 Z-2.600 F400.000
G1 X-14.164 Y-198.592 Z-2.600 F400.000
G1 X-14.141 Y-198.611 Z-2.600 F400.000
G1 X-14.121 Y-198.634 Z-2.600 F400.000
G1 X-14.107 Y-198.661 Z-2.600 F400.000
G1 X-14.098 Y-198.690 Z-2.600 F400.000
G1 X-14.087 Y-198.798 Z-2.600 F400.000
G1 X-14.088 Y-200.505 Z-2.600 F400.000
G1 X-14.098 Y-200.613 Z-2.600 F400.000
G1 X-14.107 Y-200.642 Z-2.600 F400.000
G1 X-14.121 Y-200.669 Z-2.600 F400.000
G1 X-14.141 Y-200.692 Z-2.600 F400.000
G1 X-14.164 Y-200.712 Z-2.600 F400.000
G1 X-14.191 Y-200.726 Z-2.600 F400.000
G1 X-14.220 Y-200.735 Z-2.600 F400.000
G1 X-14.328 Y-200.745 Z-2.600 F400.000
G1 X-17.100 Y-200.745 Z-2.600 F400.000
G1 X-17.597 Y-200.787 Z-2.600 F400.000
G1 X-17.902 Y-200.847 Z-2.600 F400.000
G1 X-18.231 Y-200.947 Z-2.600 F400.000
G1 X-18.518 Y-201.066 Z-2.600 F400.000
G1 X-18.821 Y-201.228 Z-2.600 F400.000
G1 X-19.079 Y-201.401 Z-2.600 F400.000
G1 X-19.345 Y-201.618 Z-2.600 F400.000
G1 X-19.565 Y-201.838 Z-2.600 F400.000
G1 X-19.782 Y-202.104 Z-2.600 F400.000
G1 X-19.955 Y-202.362 Z-2.600 F400.000
G1 X-20.117 Y-202.665 Z-2.600 F400.000
G1 X-20.236 Y-202.952 Z-2.600 F400.000
G1 X-20.336 Y-203.281 Z-2.600 F400.000
G1 X-20.396 Y-203.586 Z-2.600 F400.000
G1 X-20.430 Y-203.927 Z-2.600 F400.000
G1 X-20.437 Y-228.000 Z-2.600 F400.000
G0 X-20.437 Y-228.000 Z5.000
G0 X-20.437 Y-3.000 Z5.000
G0 X-20.437 Y-3.000 Z3.000
G1 X-20.437 Y-17.188 Z2.505 F400.000
G1 X-20.424 Y-17.395 Z2.497 F400.000
G1 X-20.390 Y-17.654 Z2.488 F400.000
G1 X-20.283 Y-18.054 Z2.474 F400.000
G1 X-20.183 Y-18.295 Z2.465 F400.000
G1 X-19.975 Y-18.654 Z2.450 F400.000
G1 X-19.817 Y-18.861 Z2.441 F400.000
G1 X-19.524 Y-19.154 Z2.427 F400.000
G1 X-19.316 Y-19.313 Z2.417 F400.000
G1 X-18.958 Y-19.520 Z2.403 F400.000
G1 X-18.716 Y-19.620 Z2.394 F400.000
G1 X-18.316 Y-19.727 Z2.379 F400.000
G1 X-18.057 Y-19.761 Z2.370 F400.000
G1 X-17.850 Y-19.775 Z2.363 F400.000
G1 X-16.445 Y-19.775 Z2.314 F400.000
G1 X-16.336 Y-19.786 Z2.310 F400.000
G1 X-16.307 Y-19.794 Z2.309 F400.000
G1 X-16.281 Y-19.809 Z2.308 F400.000
G1 X-16.257 Y-19.828 Z2.307 F400.000
G1 X-16.238 Y-19.851 Z2.306 F400.000
G1 X-16.224 Y-19.878 Z2.305 F400.000
G1 X-16.215 Y-19.907 Z2.304 F400.000
G1 X-16.204 Y-20.015 Z2.300 F400.000
G1 X-16.204 Y-22.907 Z2.199 F400.000
G1 X-16.207 Y-22.967 Z2.197 F400.000
G1 X-16.210 Y-22.985 Z2.196 F400.000
G1 X-16.215 Y-23.001 Z2.196 F400.000
G1 X-16.238 Y-23.058 Z2.194 F400.000
G1 X-20.125 Y-31.394 Z1.872 F400.000
G1 X-20.230 Y-31.650 Z1.863 F400.000
G1 X-20.337 Y-31.998 Z1.850 F400.000
G1 X-20.406 Y-32.355 Z1.837 F400.000
G1 X-20.435 Y-32.718 Z1.825 F400.000
G1 X-20.437 Y-55.672 Z1.023 F400.000
G1 X-20.424 Y-55.879 Z1.016 F400.000
G1 X-20.390 Y-56.138 Z1.007 F400.000
G1 X-20.283 Y-56.538 Z0.992 F400.000
G1 X-20.183 Y-56.779 Z0.983 F400.000
G1 X-19.975 Y-57.138 Z0.969 F400.000
G1 X-19.817 Y-57.345 Z0.959 F400.000
G1 X-19.524 Y-57.638 Z0.945 F400.000
G1 X-19.316 Y-57.797 Z0.936 F400.000
G1 X-18.958 Y-58.004 Z0.921 F400.000
G1 X-18.716 Y-58.104 Z0.912 F400.000
G1 X-18.316 Y-58.211 Z0.898 F400.000
G1 X-18.057 Y-58.245 Z0.889 F400.000
G1 X-17.850 Y-58.259 Z0.881 F400.000
G1 X-16.445 Y-58.259 Z0.832 F400.000
G1 X-16.336 Y-58.270 Z0.829 F400.000
G1 X-16.307 Y-58.278 Z0.828 F400.000
G1 X-16.281 Y-58.293 Z0.826 F400.000
G1 X-16.257 Y-58.312 Z0.825 F400.000
G1 X-16.238 Y-58.336 Z0.824 F400.000
G1 X-16.224 Y-58.362 Z0.823 F400.000
G1 X-16.215 Y-58.391 Z0.822 F400.000
G1 X-16.204 Y-58.500 Z0.818 F400.000
G1 X-16.204 Y-61.391 Z0.717 F400.000
G1 X-16.207 Y-61.451 Z0.715 F400.000
G1 X-16.210 Y-61.469 Z0.715 F400.000
G1 X-16.215 Y-61.485 Z0.714 F400.000
G1 X-16.238 Y-61.542 Z0.712 F400.000
G1 X-20.125 Y-69.878 Z0.391 F400.000
G1 X-20.230 Y-70.134 Z0.381 F400.000
G1 X-20.337 Y-70.482 Z0.368 F400.000
G1 X-20.406 Y-70.839 Z0.356 F400.000
G1 X-20.435 Y-71.202 Z0.343 F400.000
G1 X-20.436 Y-78.160 Z0.100 F400.000
G1 X-20.435 Y-71.202 Z-0.143 F400.000
G1 X-20.406 Y-70.839 Z-0.156 F400.000
G1 X-20.337 Y-70.482 Z-0.168 F400.000
G1 X-20.230 Y-70.134 Z-0.181 F400.000
G1 X-20.125 Y-69.878 Z-0.191 F400.000
G1 X-16.238 Y-61.542 Z-0.512 F400.000
G1 X-16.215 Y-61.485 Z-0.514 F400.000
G1 X-16.210 Y-61.469 Z-0.515 F400.000
G1 X-16.207 Y-61.451 Z-0.515 F400.000
G1 X-16.204 Y-61.391 Z-0.517 F400.000
G1 X-16.204 Y-58.500 Z-0.618 F400.000
G1 X-16.215 Y-58.391 Z-0.622 F400.000
G1 X-16.224 Y-58.362 Z-0.623 F400.000
G1 X-16.238 Y-58.336 Z-0.624 F400.000
G1 X-16.257 Y-58.312 Z-0.625 F400.000
G1 X-16.281 Y-58.293 Z-0.626 F400.000
G1 X-16.307 Y-58.278 Z-0.628 F400.000
G1 X-16.336 Y-58.270 Z-0.629 F400.000
G1 X-16.445 Y-58.259 Z-0.632 F400.000
G1 X-17.850 Y-58.259 Z-0.681 F400.000
G1 X-18.057 Y-58.245 Z-0.689 F400.000
G1 X-18.316 Y-58.211 Z-0.698 F400.000
G1 X-18.716 Y-58.104 Z-0.712 F400.000
G1 X-18.958 Y-58.004 Z-0.721 F400.000
G1 X-19.316 Y-57.797 Z-0.736 F400.000
G1 X-19.524 Y-57.638 Z-0.745 F400.000
G1 X-19.817 Y-57.345 Z-0.759 F400.000
G1 X-19.975 Y-57.138 Z-0.769 F400.000
G1 X-20.183 Y-56.779 Z-0.783 F400.000
G1 X-20.283 Y-56.538 Z-0.792 F400.000
G1 X-20.390 Y-56.138 Z-0.807 F400.000
G1 X-20.424 Y-55.879 Z-0.816 F400.000
G1 X-20.437 Y-55.672 Z-0.823 F400.000
G1 X-20.435 Y-32.718 Z-1.625 F400.000
G1 X-20.406 Y-32.355 Z-1.637 F400.000
G1 X-20.337 Y-31.998 Z-1.650 F400.000
G1 X-20.230 Y-31.650 Z-1.663 F400.000
G1 X-20.125 Y-31.394 Z-1.672 F400.000
G1 X-16.238 Y-23.058 Z-1.994 F400.000
G1 X-16.215 Y-23.001 Z-1.996 F400.000
G1 X-16.210 Y-22.985 Z-1.996 F400.000
G1 X-16.207 Y-22.967 Z-1.997 F400.000
G1 X-16.204 Y-22.907 Z-1.999 F400.000
G1 X-16.204 Y-20.015 Z-2.100 F400.000
G1 X-16.215 Y-19.907 Z-2.104 F400.000
G1 X-16.224 Y-19.878 Z-2.105 F400.000
G1 X-16.238 Y-19.851 Z-2.106 F400.000
G1 X-16.257 Y-19.828 Z-2.107 F400.000
G1 X-16.281 Y-19.809 Z-2.108 F400.000
G1 X-16.307 Y-19.794 Z-2.109 F400.000
G1 X-16.336 Y-19.786 Z-2.110 F400.000
G1 X-16.445 Y-19.775 Z-2.114 F400.000
G1 X-17.850 Y-19.775 Z-2.163 F400.000
G1 X-18.057 Y-19.761 Z-2.170 F400.000
G1 X-18.316 Y-19.727 Z-2.179 F400.000
G1 X-18.716 Y-19.620 Z-2.194 F400.000
G1 X-18.958 Y-19.520 Z-2.203 F400.000
G1 X-19.316 Y-19.313 Z-2.217 F400.000
G1 X-19.524 Y-19.154 Z-2.227 F400.000
G1 X-19.817 Y-18.861 Z-2.241 F400.000
G1 X-19.975 Y-18.654 Z-2.250 F400.000
G1 X-20.183 Y-18.295 Z-2.265 F400.000
G1 X-20.283 Y-18.054 Z-2.274 F400.000
G1 X-20.390 Y-17.654 Z-2.288 F400.000
G1 X-20.424 Y-17.395 Z-2.297 F400.000
G1 X-20.437 Y-17.188 Z-2.305 F400.000
G1 X-20.437 Y-3.000 Z-2.800 F400.000
G1 X-20.437 Y-17.188 Z-2.800 F400.000
G1 X-20.424 Y-17.395 Z-2.800 F400.000
G1 X-20.390 Y-17.654 Z-2.800 F400.000
G1 X-20.283 Y-18.054 Z-2.800 F400.000
G1 X-20.183 Y-18.295 Z-2.800 F400.000
G1 X-19.975 Y-18.654 Z-2.800 F400.000
G1 X-19.817 Y-18.861 Z-2.800 F400.000
G1 X-19.524 Y-19.154 Z-2.800 F400.000
G1 X-19.316 Y-19.313 Z-2.800 F400.000
G1 X-18.958 Y-19.520 Z-2.800 F400.000
G1 X-18.716 Y-19.620 Z-2.800 F400.000
G1 X-18.316 Y-19.727 Z-2.800 F400.000
G1 X-18.057 Y-19.761 Z-2.800 F400.000
G1 X-17.850 Y-19.775 Z-2.800 F400.000
G1 X-16.445 Y-19.775 Z-2.800 F400.000
G1 X-16.336 Y-19.786 Z-2.800 F400.000
G1 X-16.307 Y-19.794 Z-2.800 F400.000
G1 X-16.281 Y-19.809 Z-2.800 F400.000
G1 X-16.257 Y-19.828 Z-2.800 F400.000
G1 X-16.238 Y-19.851 Z-2.800 F400.000
G1 X-16.224 Y-19.878 Z-2.800 F400.000
G1 X-16.215 Y-19.907 Z-2.800 F400.000
G1 X-16.204 Y-20.015 Z-2.800 F400.000
G1 X-16.204 Y-22.907 Z-2.800 F400.000
G1 X-16.207 Y-22.967 Z-2.800 F400.000
G1 X-16.210 Y-22.985 Z-2.800 F400.000
G1 X-16.215 Y-23.001 Z-2.800 F400.000
G1 X-16.238 Y-23.058 Z-2.800 F400.000
G1 X-20.125 Y-31.394 Z-2.800 F400.000
G1 X-20.230 Y-31.650 Z-2.800 F400.000
G1 X-20.337 Y-31.998 Z-2.800 F400.000
G1 X-20.406 Y-32.355 Z-2.800 F400.000
G1 X-20.435 Y-32.718 Z-2.800 F400.000
G1 X-20.437 Y-55.672 Z-2.800 F400.000
G1 X-20.424 Y-55.879 Z-2.800 F400.000
G1 X-20.390 Y-56.138 Z-2.800 F400.000
G1 X-20.283 Y-56.538 Z-2.800 F400.000
G1 X-20.183 Y-56.779 Z-2.800 F400.000
G1 X-19.975 Y-57.138 Z-2.800 F400.000
G1 X-19.817 Y-57.345 Z-2.800 F400.000
G1 X-19.524 Y-57.638 Z-2.800 F400.000
G1 X-19.316 Y-57.797 Z-2.800 F400.000
G1 X-18.958 Y-58.004 Z-2.800 F400.000
G1 X-18.716 Y-58.104 Z-2.800 F400.000
G1 X-18.316 Y-58.211 Z-2.800 F400.000
G1 X-18.057 Y-58.245 Z-2.800 F400.000
G1 X-17.850 Y-58.259 Z-2.800 F400.000
G1 X-16.445 Y-58.259 Z-2.800 F400.000
G1 X-16.336 Y-58.270 Z-2.800 F400.000
G1 X-16.307 Y-58.278 Z-2.800 F400.000
G1 X-16.281 Y-58.293 Z-2.800 F400.000
G1 X-16.257 Y-58.312 Z-2.800 F400.000
G1 X-16.238 Y-58.336 Z-2.800 F400.000
G1 X-16.224 Y-58.362 Z-2.800 F400.000
G1 X-16.215 Y-58.391 Z-2.800 F400.000
G1 X-16.204 Y-58.500 Z-2.800 F400.000
G1 X-16.204 Y-61.391 Z-2.800 F400.000
G1 X-16.207 Y-61.451 Z-2.800 F400.000
G1 X-16.210 Y-61.469 Z-2.800 F400.000
G1 X-16.215 Y-61.485 Z-2.800 F400.000
G1 X-16.238 Y-61.542 Z-2.800 F400.000
G1 X-20.125 Y-69.878 Z-2.800 F400.000
G1 X-20.230 Y-70.134 Z-2.800 F400.000
G1 X-20.337 Y-70.482 Z-2.800 F400.000
G1 X-20.406 Y-70.839 Z-2.800 F400.000
G1 X-20.435 Y-71.202 Z-2.800 F400.000
G1 X-20.437 Y-94.156 Z-2.800 F400.000
G1 X-20.424 Y-94.363 Z-2.800 F400.000
G1 X-20.390 Y-94.622 Z-2.800 F400.000
G1 X-20.283 Y-95.022 Z-2.800 F400.000
G1 X-20.183 Y-95.263 Z-2.800 F400.000
G1 X-19.975 Y-95.622 Z-2.800 F400.000
G1 X-19.817 Y-95.829 Z-2.800 F400.000
G1 X-19.524 Y-96.122 Z-2.800 F400.000
G1 X-19.316 Y-96.281 Z-2.800 F400.000
G1 X-18.958 Y-96.488 Z-2.800 F400.000
G1 X-18.716 Y-96.588 Z-2.800 F400.000
G1 X-18.316 Y-96.695 Z-2.800 F400.000
G1 X-18.057 Y-96.729 Z-2.800 F400.000
G1 X-17.850 Y-96.743 Z-2.800 F400.000
G1 X-16.445 Y-96.743 Z-2.800 F400.000
G1 X-16.336 Y-96.754 Z-2.800 F400.000
G1 X-16.307 Y-96.762 Z-2.800 F400.000
G1 X-16.281 Y-96.777 Z-2.800 F400.000
G1 X-16.257 Y-96.796 Z-2.800 F400.000
G1 X-16.238 Y-96.820 Z-2.800 F400.000
G1 X-16.224 Y-96.846 Z-2.800 F400.000
G1 X-16.215 Y-96.875 Z-2.800 F400.000
G1 X-16.204 Y-96.984 Z-2.800 F400.000
G1 X-16.204 Y-99.875 Z-2.800 F400.000
G1 X-16.207 Y-99.935 Z-2.800 F400.000
G1 X-16.210 Y-99.953 Z-2.800 F400.000
G1 X-16.215 Y-99.969 Z-2.800 F400.000
G1 X-16.238 Y-100.026 Z-2.800 F400.000
G1 X-20.125 Y-108.362 Z-2.800 F400.000
G1 X-20.230 Y-108.618 Z-2.800 F400.000
G1 X-20.337 Y-108.966 Z-2.800 F400.000
G1 X-20.406 Y-109.323 Z-2.800 F400.000
G1 X-20.435 Y-109.686 Z-2.800 F400.000
G1 X-20.437 Y-132.640 Z-2.800 F400.000
G1 X-20.424 Y-132.847 Z-2.800 F400.000
G1 X-20.390 Y-133.106 Z-2.800 F400.000
G1 X-20.283 Y-133.506 Z-2.800 F400.000
G1 X-20.183 Y-133.747 Z-2.800 F400.000
G1 X-19.975 Y-134.106 Z-2.800 F400.000
G1 X-19.817 Y-134.313 Z-2.800 F400.000
G1 X-19.524 Y-134.606 Z-2.800 F400.000
G1 X-19.316 Y-134.765 Z-2.800 F400.000
G1 X-18.958 Y-134.972 Z-2.800 F400.000
G1 X-18.716 Y-135.072 Z-2.800 F400.000
G1 X-18.316 Y-135.179 Z-2.800 F400.000
G1 X-18.057 Y-135.213 Z-2.800 F400.000
G1 X-17.850 Y-135.227 Z-2.800 F400.000
G1 X-16.445 Y-135.227 Z-2.800 F400.000
G1 X-16.336 Y-135.238 Z-2.800 F400.000
G1 X-16.307 Y-135.247 Z-2.800 F400.000
G1 X-16.281 Y-135.261 Z-2.800 F400.000
G1 X-16.257 Y-135.280 Z-2.800 F400.000
G1 X-16.238 Y-135.304 Z-2.800 F400.000
G1 X-16.224 Y-135.330 Z-2.800 F400.000
G1 X-16.215 Y-135.359 Z-2.800 F400.000
G1 X-16.204 Y-135.468 Z-2.800 F400.000
G1 X-16.204 Y-138.359 Z-2.800 F400.000
G1 X-16.207 Y-138.419 Z-2.800 F400.000
G1 X-16.210 Y-138.437 Z-2.800 F400.000
G1 X-16.215 Y-138.454 Z-2.800 F400.000
G1 X-16.238 Y-138.510 Z-2.800 F400.000
G1 X-20.125 Y-146.846 Z-2.800 F400.000
G1 X-20.230 Y-147.102 Z-2.800 F400.000
G1 X-20.337 Y-147.450 Z-2.800 F400.000
G1 X-20.406 Y-147.807 Z-2.800 F400.000
G1 X-20.435 Y-148.170 Z-2.800 F400.000
G1 X-20.437 Y-171.124 Z-2.800 F400.000
G1 X-20.424 Y-171.331 Z-2.800 F400.000
G1 X-20.390 Y-171.590 Z-2.800 F400.000
G1 X-20.283 Y-171.990 Z-2.800 F400.000
G1 X-20.183 Y-172.231 Z-2.800 F400.000
G1 X-19.975 Y-172.590 Z-2.800 F400.000
G1 X-19.817 Y-172.797 Z-2.800 F400.000
G1 X-19.524 Y-173.090 Z-2.800 F400.000
G1 X-19.316 Y-173.249 Z-2.800 F400.000
G1 X-18.958 Y-173.456 Z-2.800 F400.000
G1 X-18.716 Y-173.556 Z-2.800 F400.000
G1 X-18.316 Y-173.663 Z-2.800 F400.000
G1 X-18.057 Y-173.697 Z-2.800 F400.000
G1 X-17.850 Y-173.711 Z-2.800 F400.000
G1 X-16.445 Y-173.711 Z-2.800 F400.000
G1 X-16.336 Y-173.722 Z-2.800 F400.000
G1 X-16.307 Y-173.731 Z-2.800 F400.000
G1 X-16.281 Y-173.745 Z-2.800 F400.000
G1 X-16.257 Y-173.764 Z-2.800 F400.000
G1 X-16.238 Y-173.788 Z-2.800 F400.000
G1 X-16.224 Y-173.814 Z-2.800 F400.000
G1 X-16.215 Y-173.843 Z-2.800 F400.000
G1 X-16.204 Y-173.952 Z-2.800 F400.000
G1 X-16.204 Y-176.843 Z-2.800 F400.000
G1 X-16.207 Y-176.903 Z-2.800 F400.000
G1 X-16.210 Y-176.921 Z-2.800 F400.000
G1 X-16.215 Y-176.938 Z-2.800 F400.000
G1 X-16.238 Y-176.994 Z-2.800 F400.000
G1 X-20.125 Y-185.330 Z-2.800 F400.000
G1 X-20.230 Y-185.586 Z-2.800 F400.000
G1 X-20.337 Y-185.934 Z-2.800 F400.000
G1 X-20.406 Y-186.291 Z-2.800 F400.000
G1 X-20.435 Y-186.654 Z-2.800 F400.000
G1 X-20.437 Y-195.220 Z-2.800 F400.000
G1 X-20.396 Y-195.717 Z-2.800 F400.000
G1 X-20.336 Y-196.023 Z-2.800 F400.000
G1 X-20.236 Y-196.351 Z-2.800 F400.000
G1 X-20.117 Y-196.638 Z-2.800 F400.000
G1 X-19.955 Y-196.941 Z-2.800 F400.000
G1 X-19.782 Y-197.200 Z-2.800 F400.000
G1 X-19.565 Y-197.465 Z-2.800 F400.000
G1 X-19.345 Y-197.685 Z-2.800 F400.000
G1 X-19.079 Y-197.903 Z-2.800 F400.000
G1 X-18.821 Y-198.076 Z-2.800 F400.000
G1 X-18.518 Y-198.237 Z-2.800 F400.000
G1 X-18.231 Y-198.356 Z-2.800 F400.000
G1 X-17.902 Y-198.456 Z-2.800 F400.000
G1 X-17.597 Y-198.517 Z-2.800 F400.000
G1 X-17.256 Y-198.550 Z-2.800 F400.000
G1 X-14.330 Y-198.558 Z-2.800 F400.000
G1 X-14.220 Y-198.569 Z-2.800 F400.000
G1 X-14.191 Y-198.577 Z-2.800 F400.000
G1 X-14.164 Y-198.592 Z-2.800 F400.000
G1 X-14.141 Y-198.611 Z-2.800 F400.000
G1 X-14.121 Y-198.634 Z-2.800 F400.000
G1 X-14.107 Y-198.661 Z-2.800 F400.000
G1 X-14.098 Y-198.690 Z-2.800 F400.000
G1 X-14.087 Y-198.798 Z-2.800 F400.000
G1 X-14.088 Y-200.505 Z-2.800 F400.000
G1 X-14.098 Y-200.613 Z-2.800 F400.000
G1 X-14.107 Y-200.642 Z-2.800 F400.000
G1 X-14.121 Y-200.669 Z-2.800 F400.000
G1 X-14.141 Y-200.692 Z-2.800 F400.000
G1 X-14.164 Y-200.712 Z-2.800 F400.000
G1 X-14.191 Y-200.726 Z-2.800 F400.000
G1 X-14.220 Y-200.735 Z-2.800 F400.000
G1 X-14.328 Y-200.745 Z-2.800 F400.000
G1 X-17.100 Y-200.745 Z-2.800 F400.000
G1 X-17.597 Y-200.787 Z-2.800 F400.000
G1 X-17.902 Y-200.847 Z-2.800 F400.000
G1 X-18.231 Y-200.947 Z-2.800 F400.000
G1 X-18.518 Y-201.066 Z-2.800 F400.000
G1 X-18.821 Y-201.228 Z-2.800 F400.000
G1 X-19.079 Y-201.401 Z-2.800 F400.000
G1 X-19.345 Y-201.618 Z-2.800 F400.000
G1 X-19.565 Y-201.838 Z-2.800 F400.000
G1 X-19.782 Y-202.104 Z-2.800 F400.000
G1 X-19.955 Y-202.362 Z-2.800 F400.000
G1 X-20.117 Y-202.665 Z-2.800 F400.000
G1 X-20.236 Y-202.952 Z-2.800 F400.000
G1 X-20.336 Y-203.281 Z-2.800 F400.000
G1 X-20.396 Y-203.586 Z-2.800 F400.000
G1 X-20.430 Y-203.927 Z-2.800 F400.000
G1 X-20.437 Y-228.000 Z-2.800 F400.000
G0 X-20.437 Y-228.000 Z5.000
G0 X-20.437 Y-3.000 Z5.000
G0 X-20.437 Y-3.000 Z3.000
G1 X-20.437 Y-17.188 Z2.505 F400.000
G1 X-20.424 Y-17.395 Z2.497 F400.000
G1 X-20.390 Y-17.654 Z2.488 F400.000
G1 X-20.283 Y-18.054 Z2.474 F400.000
G1 X-20.183 Y-18.295 Z2.465 F400.000
G1 X-19.975 Y-18.654 Z2.450 F400.000
G1 X-19.817 Y-18.861 Z2.441 F400.000
G1 X-19.524 Y-19.154 Z2.427 F400.000
G1 X-19.316 Y-19.313 Z2.417 F400.000
G1 X-18.958 Y-19.520 Z2.403 F400.000
G1 X-18.716 Y-19.620 Z2.394 F400.000
G1 X-18.316 Y-19.727 Z2.379 F400.000
G1 X-18.057 Y-19.761 Z2.370 F400.000
G1 X-17.850 Y-19.775 Z2.363 F400.000
G1 X-16.445 Y-19.775 Z2.314 F400.000
G1 X-16.336 Y-19.786 Z2.310 F400.000
G1 X-16.307 Y-19.794 Z2.309 F400.000
G1 X-16.281 Y-19.809 Z2.308 F400.000
G1 X-16.257 Y-19.828 Z2.307 F400.000
G1 X-16.238 Y-19.851 Z2.306 F400.000
G1 X-16.224 Y-19.878 Z2.305 F400.000
G1 X-16.215 Y-19.907 Z2.304 F400.000
G1 X-16.204 Y-20.015 Z2.300 F400.000
G1 X-16.204 Y-22.907 Z2.199 F400.000
G1 X-16.207 Y-22.967 Z2.197 F400.000
G1 X-16.210 Y-22.985 Z2.196 F400.000
G1 X-16.215 Y-23.001 Z2.196 F400.000
G1 X-16.238 Y-23.058 Z2.194 F400.000
G1 X-20.125 Y-31.394 Z1.872 F400.000
G1 X-20.230 Y-31.650 Z1.863 F400.000
G1 X-20.337 Y-31.998 Z1.850 F400.000
G1 X-20.406 Y-32.355 Z1.837 F400.000
G1 X-20.435 Y-32.718 Z1.825 F400.000
G1 X-20.437 Y-55.672 Z1.023 F400.000
G1 X-20.424 Y-55.879 Z1.016 F400.000
G1 X-20.390 Y-56.138 Z1.007 F400.000
G1 X-20.283 Y-56.538 Z0.992 F400.000
G1 X-20.183 Y-56.779 Z0.983 F400.000
G1 X-19.975 Y-57.138 Z0.969 F400.000
G1 X-19.817 Y-57.345 Z0.959 F400.000
G1 X-19.524 Y-57.638 Z0.945 F400.000
G1 X-19.316 Y-57.797 Z0.936 F400.000
G1 X-18.958 Y-58.004 Z0.921 F400.000
G1 X-18.716 Y-58.104 Z0.912 F400.000
G1 X-18.316 Y-58.211 Z0.898 F400.000
G1 X-18.057 Y-58.245 Z0.889 F400.000
G1 X-17.850 Y-58.259 Z0.881 F400.000
G1 X-16.445 Y-58.259 Z0.832 F400.000
G1 X-16.336 Y-58.270 Z0.829 F400.000
G1 X-16.307 Y-58.278 Z0.828 F400.000
G1 X-16.281 Y-58.293 Z0.826 F400.000
G1 X-16.257 Y-58.312 Z0.825 F400.000
G1 X-16.238 Y-58.336 Z0.824 F400.000
G1 X-16.224 Y-58.362 Z0.823 F400.000
G1 X-16.215 Y-58.391 Z0.822 F400.000
G1 X-16.204 Y-58.500 Z0.818 F400.000
G1 X-16.204 Y-61.391 Z0.717 F400.000
G1 X-16.207 Y-61.451 Z0.715 F400.000
G1 X-16.210 Y-61.469 Z0.715 F400.000
G1 X-16.215 Y-61.485 Z0.714 F400.000
G1 X-16.238 Y-61.542 Z0.712 F400.000
G1 X-20.125 Y-69.878 Z0.391 F400.000
G1 X-20.230 Y-70.134 Z0.381 F400.000
G1 X-20.337 Y-70.482 Z0.368 F400.000
G1 X-20.406 Y-70.839 Z0.356 F400.000
G1 X-20.435 Y-71.202 Z0.343 F400.000
G1 X-20.436 Y-81.024 Z0.000 F400.000
G1 X-20.435 Y-71.202 Z-0.343 F400.000
G1 X-20.406 Y-70.839 Z-0.356 F400.000
G1 X-20.337 Y-70.482 Z-0.368 F400.000
G1 X-20.230 Y-70.134 Z-0.381 F400.000
G1 X-20.125 Y-69.878 Z-0.391 F400.000
G1 X-16.238 Y-61.542 Z-0.712 F400.000
G1 X-16.215 Y-61.485 Z-0.714 F400.000
G1 X-16.210 Y-61.469 Z-0.715 F400.000
G1 X-16.207 Y-61.451 Z-0.715 F400.000
G1 X-16.204 Y-61.391 Z-0.717 F400.000
G1 X-16.204 Y-58.500 Z-0.818 F400.000
G1 X-16.215 Y-58.391 Z-0.822 F400.000
G1 X-16.224 Y-58.362 Z-0.823 F400.000
G1 X-16.238 Y-58.336 Z-0.824 F400.000
G1 X-16.257 Y-58.312 Z-0.825 F400.000
G1 X-16.281 Y-58.293 Z-0.826 F400.000
G1 X-16.307 Y-58.278 Z-0.828 F400.000
G1 X-16.336 Y-58.270 Z-0.829 F400.000
G1 X-16.445 Y-58.259 Z-0.832 F400.000
G1 X-17.850 Y-58.259 Z-0.881 F400.000
G1 X-18.057 Y-58.245 Z-0.889 F400.000
G1 X-18.316 Y-58.211 Z-0.898 F400.000
G1 X-18.716 Y-58.104 Z-0.912 F400.000
G1 X-18.958 Y-58.004 Z-0.921 F400.000
G1 X-19.316 Y-57.797 Z-0.936 F400.000
G1 X-19.524 Y-57.638 Z-0.945 F400.000
G1 X-19.817 Y-57.345 Z-0.959 F400.000
G1 X-19.975 Y-57.138 Z-0.969 F400.000
G1 X-20.183 Y-56.779 Z-0.983 F400.000
G1 X-20.283 Y-56.538 Z-0.992 F400.000
G1 X-20.390 Y-56.138 Z-1.007 F400.000
G1 X-20.424 Y-55.879 Z-1.016 F400.000
G1 X-20.437 Y-55.672 Z-1.023 F400.000
G1 X-20.435 Y-32.718 Z-1.825 F400.000
G1 X-20.406 Y-32.355 Z-1.837 F400.000
G1 X-20.337 Y-31.998 Z-1.850 F400.000
G1 X-20.230 Y-31.650 Z-1.863 F400.000
G1 X-20.125 Y-31.394 Z-1.872 F400.000
G1 X-16.238 Y-23.058 Z-2.194 F400.000
G1 X-16.215 Y-23.001 Z-2.196 F400.000
G1 X-16.210 Y-22.985 Z-2.196 F400.000
G1 X-16.207 Y-22.967 Z-2.197 F400.000
G1 X-16.204 Y-22.907 Z-2.199 F400.000
G1 X-16.204 Y-20.015 Z-2.300 F400.000
G1 X-16.215 Y-19.907 Z-2.304 F400.000
G1 X-16.224 Y-19.878 Z-2.305 F400.000
G1 X-16.238 Y-19.851 Z-2.306 F400.000
G1 X-16.257 Y-19.828 Z-2.307 F400.000
G1 X-16.281 Y-19.809 Z-2.308 F400.000
G1 X-16.307 Y-19.794 Z-2.309 F400.000
G1 X-16.336 Y-19.786 Z-2.310 F400.000
G1 X-16.445 Y-19.775 Z-2.314 F400.000
G1 X-17.850 Y-19.775 Z-2.363 F400.000
G1 X-18.057 Y-19.761 Z-2.370 F400.000
G1 X-18.316 Y-19.727 Z-2.379 F400.000
G1 X-18.716 Y-19.620 Z-2.394 F400.000
G1 X-18.958 Y-19.520 Z-2.403 F400.000
G1 X-19.316 Y-19.313 Z-2.417 F400.000
G1 X-19.524 Y-19.154 Z-2.427 F400.000
G1 X-19.817 Y-18.861 Z-2.441 F400.000
G1 X-19.975 Y-18.654 Z-2.450 F400.000
G1 X-20.183 Y-18.295 Z-2.465 F400.000
G1 X-20.283 Y-18.054 Z-2.474 F400.000
G1 X-20.390 Y-17.654 Z-2.488 F400.000
G1 X-20.424 Y-17.395 Z-2.497 F400.000
G1 X-20.437 Y-17.188 Z-2.505 F400.000
G1 X-20.437 Y-3.000 Z-3.000 F400.000
G1 X-20.437 Y-17.188 Z-3.000 F400.000
G1 X-20.424 Y-17.395 Z-3.000 F400.000
G1 X-20.390 Y-17.654 Z-3.000 F400.000
G1 X-20.283 Y-18.054 Z-3.000 F400.000
G1 X-20.183 Y-18.295 Z-3.000 F400.000
G1 X-19.975 Y-18.654 Z-3.000 F400.000
G1 X-19.817 Y-18.861 Z-3.000 F400.000
G1 X-19.524 Y-19.154 Z-3.000 F400.000
G1 X-19.316 Y-19.313 Z-3.000 F400.000
G1 X-18.958 Y-19.520 Z-3.000 F400.000
G1 X-18.716 Y-19.620 Z-3.000 F400.000
G1 X-18.316 Y-19.727 Z-3.000 F400.000
G1 X-18.057 Y-19.761 Z-3.000 F400.000
G1 X-17.850 Y-19.775 Z-3.000 F400.000
G1 X-16.445 Y-19.775 Z-3.000 F400.000
G1 X-16.336 Y-19.786 Z-3.000 F400.000
G1 X-16.307 Y-19.794 Z-3.000 F400.000
G1 X-16.281 Y-19.809 Z-3.000 F400.000
G1 X-16.257 Y-19.828 Z-3.000 F400.000
G1 X-16.238 Y-19.851 Z-3.000 F400.000
G1 X-16.224 Y-19.878 Z-3.000 F400.000
G1 X-16.215 Y-19.907 Z-3.000 F400.000
G1 X-16.204 Y-20.015 Z-3.000 F400.000
G1 X-16.204 Y-22.907 Z-3.000 F400.000
G1 X-16.207 Y-22.967 Z-3.000 F400.000
G1 X-16.210 Y-22.985 Z-3.000 F400.000
G1 X-16.215 Y-23.001 Z-3.000 F400.000
G1 X-16.238 Y-23.058 Z-3.000 F400.000
G1 X-20.125 Y-31.394 Z-3.000 F400.000
G1 X-20.230 Y-31.650 Z-3.000 F400.000
G1 X-20.337 Y-31.998 Z-3.000 F400.000
G1 X-20.406 Y-32.355 Z-3.000 F400.000
G1 X-20.435 Y-32.718 Z-3.000 F400.000
G1 X-20.437 Y-55.672 Z-3.000 F400.000
G1 X-20.424 Y-55.879 Z-3.000 F400.000
G1 X-20.390 Y-56.138 Z-3.000 F400.000
G1 X-20.283 Y-56.538 Z-3.000 F400.000
G1 X-20.183 Y-56.779 Z-3.000 F400.000
G1 X-19.975 Y-57.138 Z-3.000 F400.000
G1 X-19.817 Y-57.345 Z-3.000 F400.000
G1 X-19.524 Y-57.638 Z-3.000 F400.000
G1 X-19.316 Y-57.797 Z-3.000 F400.000
G1 X-18.958 Y-58.004 Z-3.000 F400.000
G1 X-18.716 Y-58.104 Z-3.000 F400.000
G1 X-18.316 Y-58.211 Z-3.000 F400.000
G1 X-18.057 Y-58.245 Z-3.000 F400.000
G1 X-17.850 Y-58.259 Z-3.000 F400.000
G1 X-16.445 Y-58.259 Z-3.000 F400.000
G1 X-16.336 Y-58.270 Z-3.000 F400.000
G1 X-16.307 Y-58.278 Z-3.000 F400.000
G1 X-16.281 Y-58.293 Z-3.000 F400.000
G1 X-16.257 Y-58.312 Z-3.000 F400.000
G1 X-16.238 Y-58.336 Z-3.000 F400.000
G1 X-16.224 Y-58.362 Z-3.000 F400.000
G1 X-16.215 Y-58.391 Z-3.000 F400.000
G1 X-16.204 Y-58.500 Z-3.000 F400.000
G1 X-16.204 Y-61.391 Z-3.000 F400.000
G1 X-16.207 Y-61.451 Z-3.000 F400.000
G1 X-16.210 Y-61.469 Z-3.000 F400.000
G1 X-16.215 Y-61.485 Z-3.000 F400.000
G1 X-16.238 Y-61.542 Z-3.000 F400.000
G1 X-20.125 Y-69.878 Z-3.000 F400.000
G1 X-20.230 Y-70.134 Z-3.000 F400.000
G1 X-20.337 Y-70.482 Z-3.000 F400.000
G1 X-20.406 Y-70.839 Z-3.000 F400.000
G1 X-20.435 Y-71.202 Z-3.000 F400.000
G1 X-20.437 Y-94.156 Z-3.000 F400.000
G1 X-20.424 Y-94.363 Z-3.000 F400.000
G1 X-20.390 Y-94.622 Z-3.000 F400.000
G1 X-20.283 Y-95.022 Z-3.000 F400.000
G1 X-20.183 Y-95.263 Z-3.000 F400.000
G1 X-19.975 Y-95.622 Z-3.000 F400.000
G1 X-19.817 Y-95.829 Z-3.000 F400.000
G1 X-19.524 Y-96.122 Z-3.000 F400.000
G1 X-19.316 Y-96.281 Z-3.000 F400.000
G1 X-18.958 Y-96.488 Z-3.000 F400.000
G1 X-18.716 Y-96.588 Z-3.000 F400.000
G1 X-18.316 Y-96.695 Z-3.000 F400.000
G1 X-18.057 Y-96.729 Z-3.000 F400.000
G1 X-17.850 Y-96.743 Z-3.000 F400.000
G1 X-16.445 Y-96.743 Z-3.000 F400.000
G1 X-16.336 Y-96.754 Z-3.000 F400.000
G1 X-16.307 Y-96.762 Z-3.000 F400.000
G1 X-16.281 Y-96.777 Z-3.000 F400.000
G1 X-16.257 Y-96.796 Z-3.000 F400.000
G1 X-16.238 Y-96.820 Z-3.000 F400.000
G1 X-16.224 Y-96.846 Z-3.000 F400.000
G1 X-16.215 Y-96.875 Z-3.000 F400.000
G1 X-16.204 Y-96.984 Z-3.000 F400.000
G1 X-16.204 Y-99.875 Z-3.000 F400.000
G1 X-16.207 Y-99.935 Z-3.000 F400.000
G1 X-16.210 Y-99.953 Z-3.000 F400.000
G1 X-16.215 Y-99.969 Z-3.000 F400.000
G1 X-16.238 Y-100.026 Z-3.000 F400.000
G1 X-20.125 Y-108.362 Z-3.000 F400.000
G1 X-20.230 Y-108.618 Z-3.000 F400.000
G1 X-20.337 Y-108.966 Z-3.000 F400.000
G1 X-20.406 Y-109.323 Z-3.000 F400.000
G1 X-20.435 Y-109.686 Z-3.000 F400.000
G1 X-20.437 Y-132.640 Z-3.000 F400.000
G1 X-20.424 Y-132.847 Z-3.000 F400.000
G1 X-20.390 Y-133.106 Z-3.000 F400.000
G1 X-20.283 Y-133.506 Z-3.000 F400.000
G1 X-20.183 Y-133.747 Z-3.000 F400.000
G1 X-19.975 Y-134.106 Z-3.000 F400.000
G1 X-19.817 Y-134.313 Z-3.000 F400.000
G1 X-19.524 Y-134.606 Z-3.000 F400.000
G1 X-19.316 Y-134.765 Z-3.000 F400.000
G1 X-18.958 Y-134.972 Z-3.000 F400.000
G1 X-18.716 Y-135.072 Z-3.000 F400.000
G1 X-18.316 Y-135.179 Z-3.000 F400.000
G1 X-18.057 Y-135.213 Z-3.000 F400.000
G1 X-17.850 Y-135.227 Z-3.000 F400.000
G1 X-16.445 Y-135.227 Z-3.000 F400.000
G1 X-16.336 Y-135.238 Z-3.000 F400.000
G1 X-16.307 Y-135.247 Z-3.000 F400.000
G1 X-16.281 Y-135.261 Z-3.000 F400.000
G1 X-16.257 Y-135.280 Z-3.000 F400.000
G1 X-16.238 Y-135.304 Z-3.000 F400.000
G1 X-16.224 Y-135.330 Z-3.000 F400.000
G1 X-16.215 Y-135.359 Z-3.000 F400.000
G1 X-16.204 Y-135.468 Z-3.000 F400.000
G1 X-16.204 Y-138.359 Z-3.000 F400.000
G1 X-16.207 Y-138.419 Z-3.000 F400.000
G1 X-16.210 Y-138.437 Z-3.000 F400.000
G1 X-16.215 Y-138.454 Z-3.000 F400.000
G1 X-16.238 Y-138.510 Z-3.000 F400.000
G1 X-20.125 Y-146.846 Z-3.000 F400.000
G1 X-20.230 Y-147.102 Z-3.000 F400.000
G1 X-20.337 Y-147.450 Z-3.000 F400.000
G1 X-20.406 Y-147.807 Z-3.000 F400.000
G1 X-20.435 Y-148.170 Z-3.000 F400.000
G1 X-20.437 Y-171.124 Z-3.000 F400.000
G1 X-20.424 Y-171.331 Z-3.000 F400.000
G1 X-20.390 Y-171.590 Z-3.000 F400.000
G1 X-20.283 Y-171.990 Z-3.000 F400.000
G1 X-20.183 Y-172.231 Z-3.000 F400.000
G1 X-19.975 Y-172.590 Z-3.000 F400.000
G1 X-19.817 Y-172.797 Z-3.000 F400.000
G1 X-19.524 Y-173.090 Z-3.000 F400.000
G1 X-19.316 Y-173.249 Z-3.000 F400.000
G1 X-18.958 Y-173.456 Z-3.000 F400.000
G1 X-18.716 Y-173.556 Z-3.000 F400.000
G1 X-18.316 Y-173.663 Z-3.000 F400.000
G1 X-18.057 Y-173.697 Z-3.000 F400.000
G1 X-17.850 Y-173.711 Z-3.000 F400.000
G1 X-16.445 Y-173.711 Z-3.000 F400.000
G1 X-16.336 Y-173.722 Z-3.000 F400.000
G1 X-16.307 Y-173.731 Z-3.000 F400.000
G1 X-16.281 Y-173.745 Z-3.000 F400.000
G1 X-16.257 Y-173.764 Z-3.000 F400.000
G1 X-16.238 Y-173.788 Z-3.000 F400.000
G1 X-16.224 Y-173.814 Z-3.000 F400.000
G1 X-16.215 Y-173.843 Z-3.000 F400.000
G1 X-16.204 Y-173.952 Z-3.000 F400.000
G1 X-16.204 Y-176.843 Z-3.000 F400.000
G1 X-16.207 Y-176.903 Z-3.000 F400.000
G1 X-16.210 Y-176.921 Z-3.000 F400.000
G1 X-16.215 Y-176.938 Z-3.000 F400.000
G1 X-16.238 Y-176.994 Z-3.000 F400.000
G1 X-20.125 Y-185.330 Z-3.000 F400.000
G1 X-20.230 Y-185.586 Z-3.000 F400.000
G1 X-20.337 Y-185.934 Z-3.000 F400.000
G1 X-20.406 Y-186.291 Z-3.000 F400.000
G1 X-20.435 Y-186.654 Z-3.000 F400.000
G1 X-20.437 Y-195.220 Z-3.000 F400.000
G1 X-20.396 Y-195.717 Z-3.000 F400.000
G1 X-20.336 Y-196.023 Z-3.000 F400.000
G1 X-20.236 Y-196.351 Z-3.000 F400.000
G1 X-20.117 Y-196.638 Z-3.000 F400.000
G1 X-19.955 Y-196.941 Z-3.000 F400.000
G1 X-19.782 Y-197.200 Z-3.000 F400.000
G1 X-19.565 Y-197.465 Z-3.000 F400.000
G1 X-19.345 Y-197.685 Z-3.000 F400.000
G1 X-19.079 Y-197.903 Z-3.000 F400.000
G1 X-18.821 Y-198.076 Z-3.000 F400.000
G1 X-18.518 Y-198.237 Z-3.000 F400.000
G1 X-18.231 Y-198.356 Z-3.000 F400.000
G1 X-17.902 Y-198.456 Z-3.000 F400.000
G1 X-17.597 Y-198.517 Z-3.000 F400.000
G1 X-17.256 Y-198.550 Z-3.000 F400.000
G1 X-14.330 Y-198.558 Z-3.000 F400.000
G1 X-14.220 Y-198.569 Z-3.000 F400.000
G1 X-14.191 Y-198.577 Z-3.000 F400.000
G1 X-14.164 Y-198.592 Z-3.000 F400.000
G1 X-14.141 Y-198.611 Z-3.000 F400.000
G1 X-14.121 Y-198.634 Z-3.000 F400.000
G1 X-14.107 Y-198.661 Z-3.000 F400.000
G1 X-14.098 Y-198.690 Z-3.000 F400.000
G1 X-14.087 Y-198.798 Z-3.000 F400.000
G1 X-14.088 Y-200.505 Z-3.000 F400.000
G1 X-14.098 Y-200.613 Z-3.000 F400.000
G1 X-14.107 Y-200.642 Z-3.000 F400.000
G1 X-14.121 Y-200.669 Z-3.000 F400.000
G1 X-14.141 Y-200.692 Z-3.000 F400.000
G1 X-14.164 Y-200.712 Z-3.000 F400.000
G1 X-14.191 Y-200.726 Z-3.000 F400.000
G1 X-14.220 Y-200.735 Z-3.000 F400.000
G1 X-14.328 Y-200.745 Z-3.000 F400.000
G1 X-17.100 Y-200.745 Z-3.000 F400.000
G1 X-17.597 Y-200.787 Z-3.000 F400.000
G1 X-17.902 Y-200.847 Z-3.000 F400.000
G1 X-18.231 Y-200.947 Z-3.000 F400.000
G1 X-18.518 Y-201.066 Z-3.000 F400.000
G1 X-18.821 Y-201.228 Z-3.000 F400.000
G1 X-19.079 Y-201.401 Z-3.000 F400.000
G1 X-19.345 Y-201.618 Z-3.000 F400.000
G1 X-19.565 Y-201.838 Z-3.000 F400.000
G1 X-19.782 Y-202.104 Z-3.000 F400.000
G1 X-19.955 Y-202.362 Z-3.000 F400.000
G1 X-20.117 Y-202.665 Z-3.000 F400.000
G1 X-20.236 Y-202.952 Z-3.000 F400.000
G1 X-20.336 Y-203.281 Z-3.000 F400.000
G1 X-20.396 Y-203.586 Z-3.000 F400.000
G1 X-20.430 Y-203.927 Z-3.000 F400.000
G1 X-20.437 Y-228.000 Z-3.000 F400.000
G0 X-20.437 Y-228.000 Z5.000
G0 X-20.437 Y-3.000 Z5.000
G0 X-20.437 Y-3.000 Z3.000
G1 X-20.437 Y-17.188 Z2.505 F400.000
G1 X-20.424 Y-17.395 Z2.497 F400.000
G1 X-20.390 Y-17.654 Z2.488 F400.000
G1 X-20.283 Y-18.054 Z2.474 F400.000
G1 X-20.183 Y-18.295 Z2.465 F400.000
G1 X-19.975 Y-18.654 Z2.450 F400.000
G1 X-19.817 Y-18.861 Z2.441 F400.000
G1 X-19.524 Y-19.154 Z2.427 F400.000
G1 X-19.316 Y-19.313 Z2.417 F400.000
G1 X-18.958 Y-19.520 Z2.403 F400.000
G1 X-18.716 Y-19.620 Z2.394 F400.000
G1 X-18.316 Y-19.727 Z2.379 F400.000
G1 X-18.057 Y-19.761 Z2.370 F400.000
G1 X-17.850 Y-19.775 Z2.363 F400.000
G1 X-16.445 Y-19.775 Z2.314 F400.000
G1 X-16.336 Y-19.786 Z2.310 F400.000
G1 X-16.307 Y-19.794 Z2.309 F400.000
G1 X-16.281 Y-19.809 Z2.308 F400.000
G1 X-16.257 Y-19.828 Z2.307 F400.000
G1 X-16.238 Y-19.851 Z2.306 F400.000
G1 X-16.224 Y-19.878 Z2.305 F400.000
G1 X-16.215 Y-19.907 Z2.304 F400.000
G1 X-16.204 Y-20.015 Z2.300 F400.000
G1 X-16.204 Y-22.907 Z2.199 F400.000
G1 X-16.207 Y-22.967 Z2.197 F400.000
G1 X-16.210 Y-22.985 Z2.196 F400.000
G1 X-16.215 Y-23.001 Z2.196 F400.000
G1 X-16.238 Y-23.058 Z2.194 F400.000
G1 X-20.125 Y-31.394 Z1.872 F400.000
G1 X-20.230 Y-31.650 Z1.863 F400.000
G1 X-20.337 Y-31.998 Z1.850 F400.000
G1 X-20.406 Y-32.355 Z1.837 F400.000
G1 X-20.435 Y-32.718 Z1.825 F400.000
G1 X-20.437 Y-55.672 Z1.023 F400.000
G1 X-20.424 Y-55.879 Z1.016 F400.000
G1 X-20.390 Y-56.138 Z1.007 F400.000
G1 X-20.283 Y-56.538 Z0.992 F400.000
G1 X-20.183 Y-56.779 Z0.983 F400.000
G1 X-19.975 Y-57.138 Z0.969 F400.000
G1 X-19.817 Y-57.345 Z0.959 F400.000
G1 X-19.524 Y-57.638 Z0.945 F400.000
G1 X-19.316 Y-57.797 Z0.936 F400.000
G1 X-18.958 Y-58.004 Z0.921 F400.000
G1 X-18.716 Y-58.104 Z0.912 F400.000
G1 X-18.316 Y-58.211 Z0.898 F400.000
G1 X-18.057 Y-58.245 Z0.889 F400.000
G1 X-17.850 Y-58.259 Z0.881 F400.000
G1 X-16.445 Y-58.259 Z0.832 F400.000
G1 X-16.336 Y-58.270 Z0.829 F400.000
G1 X-16.307 Y-58.278 Z0.828 F400.000
G1 X-16.281 Y-58.293 Z0.826 F400.000
G1 X-16.257 Y-58.312 Z0.825 F400.000
G1 X-16.238 Y-58.336 Z0.824 F400.000
G1 X-16.224 Y-58.362 Z0.823 F400.000
G1 X-16.215 Y-58.391 Z0.822 F400.000
G1 X-16.204 Y-58.500 Z0.818 F400.000
G1 X-16.204 Y-61.391 Z0.717 F400.000
G1 X-16.207 Y-61.451 Z0.715 F400.000
G1 X-16.210 Y-61.469 Z0.715 F400.000
G1 X-16.215 Y-61.485 Z0.714 F400.000
G1 X-16.238 Y-61.542 Z0.712 F400.000
G1 X-20.125 Y-69.878 Z0.391 F400.000
G1 X-20.230 Y-70.134 Z0.381 F400.000
G1 X-20.337 Y-70.482 Z0.368 F400.000
G1 X-20.406 Y-70.839 Z0.356 F400.000
G1 X-20.435 Y-71.202 Z0.343 F400.000
G1 X-20.436 Y-83.888 Z-0.100 F400.000
G1 X-20.435 Y-71.202 Z-0.543 F400.000
G1 X-20.406 Y-70.839 Z-0.556 F400.000
G1 X-20.337 Y-70.482 Z-0.568 F400.000
G1 X-20.230 Y-70.134 Z-0.581 F400.000
G1 X-20.125 Y-69.878 Z-0.591 F400.000
G1 X-16.238 Y-61.542 Z-0.912 F400.000
G1 X-16.215 Y-61.485 Z-0.914 F400.000
G1 X-16.210 Y-61.469 Z-0.915 F400.000
G1 X-16.207 Y-61.451 Z-0.915 F400.000
G1 X-16.204 Y-61.391 Z-0.917 F400.000
G1 X-16.204 Y-58.500 Z-1.018 F400.000
G1 X-16.215 Y-58.391 Z-1.022 F400.000
G1 X-16.224 Y-58.362 Z-1.023 F400.000
G1 X-16.238 Y-58.336 Z-1.024 F400.000
G1 X-16.257 Y-58.312 Z-1.025 F400.000
G1 X-16.281 Y-58.293 Z-1.026 F400.000
G1 X-16.307 Y-58.278 Z-1.028 F400.000
G1 X-16.336 Y-58.270 Z-1.029 F400.000
G1 X-16.445 Y-58.259 Z-1.032 F400.000
G1 X-17.850 Y-58.259 Z-1.081 F400.000
G1 X-18.057 Y-58.245 Z-1.089 F400.000
G1 X-18.316 Y-58.211 Z-1.098 F400.000
G1 X-18.716 Y-58.104 Z-1.112 F400.000
G1 X-18.958 Y-58.004 Z-1.121 F400.000
G1 X-19.316 Y-57.797 Z-1.136 F400.000
G1 X-19.524 Y-57.638 Z-1.145 F400.000
G1 X-19.817 Y-57.345 Z-1.159 F400.000
G1 X-19.975 Y-57.138 Z-1.169 F400.000
G1 X-20.183 Y-56.779 Z-1.183 F400.000
G1 X-20.283 Y-56.538 Z-1.192 F400.000
G1 X-20.390 Y-56.138 Z-1.207 F400.000
G1 X-20.424 Y-55.879 Z-1.216 F400.000
G1 X-20.437 Y-55.672 Z-1.223 F400.000
G1 X-20.435 Y-32.718 Z-2.025 F400.000
G1 X-20.406 Y-32.355 Z-2.037 F400.000
G1 X-20.337 Y-31.998 Z-2.050 F400.000
G1 X-20.230 Y-31.650 Z-2.063 F400.000
G1 X-20.125 Y-31.394 Z-2.072 F400.000
G1 X-16.238 Y-23.058 Z-2.394 F400.000
G1 X-16.215 Y-23.001 Z-2.396 F400.000
G1 X-16.210 Y-22.985 Z-2.396 F400.000
G1 X-16.207 Y-22.967 Z-2.397 F400.000
G1 X-16.204 Y-22.907 Z-2.399 F400.000
G1 X-16.204 Y-20.015 Z-2.500 F400.000
G1 X-16.215 Y-19.907 Z-2.504 F400.000
G1 X-16.224 Y-19.878 Z-2.505 F400.000
G1 X-16.238 Y-19.851 Z-2.506 F400.000
G1 X-16.257 Y-19.828 Z-2.507 F400.000
G1 X-16.281 Y-19.809 Z-2.508 F400.000
G1 X-16.307 Y-19.794 Z-2.509 F400.000
G1 X-16.336 Y-19.786 Z-2.510 F400.000
G1 X-16.445 Y-19.775 Z-2.514 F400.000
G1 X-17.850 Y-19.775 Z-2.563 F400.000
G1 X-18.057 Y-19.761 Z-2.570 F400.000
G1 X-18.316 Y-19.727 Z-2.579 F400.000
G1 X-18.716 Y-19.620 Z-2.594 F400.000
G1 X-18.958 Y-19.520 Z-2.603 F400.000
G1 X-19.316 Y-19.313 Z-2.617 F400.000
G1 X-19.524 Y-19.154 Z-2.627 F400.000
G1 X-19.817 Y-18.861 Z-2.641 F400.000
G1 X-19.975 Y-18.654 Z-2.650 F400.000
G1 X-20.183 Y-18.295 Z-2.665 F400.000
G1 X-20.283 Y-18.054 Z-2.674 F400.000
G1 X-20.390 Y-17.654 Z-2.688 F400.000
G1 X-20.424 Y-17.395 Z-2.697 F400.000
G1 X-20.437 Y-17.188 Z-2.705 F400.000
G1 X-20.437 Y-3.000 Z-3.200 F400.000
G1 X-20.437 Y-17.188 Z-3.200 F400.000
G1 X-20.424 Y-17.395 Z-3.200 F400.000
G1 X-20.390 Y-17.654 Z-3.200 F400.000
G1 X-20.283 Y-18.054 Z-3.200 F400.000
G1 X-20.183 Y-18.295 Z-3.200 F400.000
G1 X-19.975 Y-18.654 Z-3.200 F400.000
G1 X-19.817 Y-18.861 Z-3.200 F400.000
G1 X-19.524 Y-19.154 Z-3.200 F400.000
G1 X-19.316 Y-19.313 Z-3.200 F400.000
G1 X-18.958 Y-19.520 Z-3.200 F400.000
G1 X-18.716 Y-19.620 Z-3.200 F400.000
G1 X-18.316 Y-19.727 Z-3.200 F400.000
G1 X-18.057 Y-19.761 Z-3.200 F400.000
G1 X-17.850 Y-19.775 Z-3.200 F400.000
G1 X-16.445 Y-19.775 Z-3.200 F400.000
G1 X-16.336 Y-19.786 Z-3.200 F400.000
G1 X-16.307 Y-19.794 Z-3.200 F400.000
G1 X-16.281 Y-19.809 Z-3.200 F400.000
G1 X-16.257 Y-19.828 Z-3.200 F400.000
G1 X-16.238 Y-19.851 Z-3.200 F400.000
G1 X-16.224 Y-19.878 Z-3.200 F400.000
G1 X-16.215 Y-19.907 Z-3.200 F400.000
G1 X-16.204 Y-20.015 Z-3.200 F400.000
G1 X-16.204 Y-22.907 Z-3.200 F400.000
G1 X-16.207 Y-22.967 Z-3.200 F400.000
G1 X-16.210 Y-22.985 Z-3.200 F400.000
G1 X-16.215 Y-23.001 Z-3.200 F400.000
G1 X-16.238 Y-23.058 Z-3.200 F400.000
G1 X-20.125 Y-31.394 Z-3.200 F400.000
G1 X-20.230 Y-31.650 Z-3.200 F400.000
G1 X-20.337 Y-31.998 Z-3.200 F400.000
G1 X-20.406 Y-32.355 Z-3.200 F400.000
G1 X-20.435 Y-32.718 Z-3.200 F400.000
G1 X-20.437 Y-55.672 Z-3.200 F400.000
G1 X-20.424 Y-55.879 Z-3.200 F400.000
G1 X-20.390 Y-56.138 Z-3.200 F400.000
G1 X-20.283 Y-56.538 Z-3.200 F400.000
G1 X-20.183 Y-56.779 Z-3.200 F400.000
G1 X-19.975 Y-57.138 Z-3.200 F400.000
G1 X-19.817 Y-57.345 Z-3.200 F400.000
G1 X-19.524 Y-57.638 Z-3.200 F400.000
G1 X-19.316 Y-57.797 Z-3.200 F400.000
G1 X-18.958 Y-58.004 Z-3.200 F400.000
G1 X-18.716 Y-58.104 Z-3.200 F400.000
G1 X-18.316 Y-58.211 Z-3.200 F400.000
G1 X-18.057 Y-58.245 Z-3.200 F400.000
G1 X-17.850 Y-58.259 Z-3.200 F400.000
G1 X-16.445 Y-58.259 Z-3.200 F400.000
G1 X-16.336 Y-58.270 Z-3.200 F400.000
G1 X-16.307 Y-58.278 Z-3.200 F400.000
G1 X-16.281 Y-58.293 Z-3.200 F400.000
G1 X-16.257 Y-58.312 Z-3.200 F400.000
G1 X-16.238 Y-58.336 Z-3.200 F400.000
G1 X-16.224 Y-58.362 Z-3.200 F400.000
G1 X-16.215 Y-58.391 Z-3.200 F400.000
G1 X-16.204 Y-58.500 Z-3.200 F400.000
G1 X-16.204 Y-61.391 Z-3.200 F400.000
G1 X-16.207 Y-61.451 Z-3.200 F400.000
G1 X-16.210 Y-61.469 Z-3.200 F400.000
G1 X-16.215 Y-61.485 Z-3.200 F400.000
G1 X-16.238 Y-61.542 Z-3.200 F400.000
G1 X-20.125 Y-69.878 Z-3.200 F400.000
G1 X-20.230 Y-70.134 Z-3.200 F400.000
G1 X-20.337 Y-70.482 Z-3.200 F400.000
G1 X-20.406 Y-70.839 Z-3.200 F400.000
G1 X-20.435 Y-71.202 Z-3.200 F400.000
G1 X-20.437 Y-94.156 Z-3.200 F400.000
G1 X-20.424 Y-94.363 Z-3.200 F400.000
G1 X-20.390 Y-94.622 Z-3.200 F400.000
G1 X-20.283 Y-95.022 Z-3.200 F400.000
G1 X-20.183 Y-95.263 Z-3.200 F400.000
G1 X-19.975 Y-95.622 Z-3.200 F400.000
G1 X-19.817 Y-95.829 Z-3.200 F400.000
G1 X-19.524 Y-96.122 Z-3.200 F400.000
G1 X-19.316 Y-96.281 Z-3.200 F400.000
G1 X-18.958 Y-96.488 Z-3.200 F400.000
G1 X-18.716 Y-96.588 Z-3.200 F400.000
G1 X-18.316 Y-96.695 Z-3.200 F400.000
G1 X-18.057 Y-96.729 Z-3.200 F400.000
G1 X-17.850 Y-96.743 Z-3.200 F400.000
G1 X-16.445 Y-96.743 Z-3.200 F400.000
G1 X-16.336 Y-96.754 Z-3.200 F400.000
G1 X-16.307 Y-96.762 Z-3.200 F400.000
G1 X-16.281 Y-96.777 Z-3.200 F400.000
G1 X-16.257 Y-96.796 Z-3.200 F400.000
G1 X-16.238 Y-96.820 Z-3.200 F400.000
G1 X-16.224 Y-96.846 Z-3.200 F400.000
G1 X-16.215 Y-96.875 Z-3.200 F400.000
G1 X-16.204 Y-96.984 Z-3.200 F400.000
G1 X-16.204 Y-99.875 Z-3.200 F400.000
G1 X-16.207 Y-99.935 Z-3.200 F400.000
G1 X-16.210 Y-99.953 Z-3.200 F400.000
G1 X-16.215 Y-99.969 Z-3.200 F400.000
G1 X-16.238 Y-100.026 Z-3.200 F400.000
G1 X-20.125 Y-108.362 Z-3.200 F400.000
G1 X-20.230 Y-108.618 Z-3.200 F400.000
G1 X-20.337 Y-108.966 Z-3.200 F400.000
G1 X-20.406 Y-109.323 Z-3.200 F400.000
G1 X-20.435 Y-109.686 Z-3.200 F400.000
G1 X-20.437 Y-132.640 Z-3.200 F400.000
G1 X-20.424 Y-132.847 Z-3.200 F400.000
G1 X-20.390 Y-133.106 Z-3.200 F400.000
G1 X-20.283 Y-133.506 Z-3.200 F400.000
G1 X-20.183 Y-133.747 Z-3.200 F400.000
G1 X-19.975 Y-134.106 Z-3.200 F400.000
G1 X-19.817 Y-134.313 Z-3.200 F400.000
G1 X-19.524 Y-134.606 Z-3.200 F400.000
G1 X-19.316 Y-134.765 Z-3.200 F400.000
G1 X-18.958 Y-134.972 Z-3.200 F400.000
G1 X-18.716 Y-135.072 Z-3.200 F400.000
G1 X-18.316 Y-135.179 Z-3.200 F400.000
G1 X-18.057 Y-135.213 Z-3.200 F400.000
G1 X-17.850 Y-135.227 Z-3.200 F400.000
G1 X-16.445 Y-135.227 Z-3.200 F400.000
G1 X-16.336 Y-135.238 Z-3.200 F400.000
G1 X-16.307 Y-135.247 Z-3.200 F400.000
G1 X-16.281 Y-135.261 Z-3.200 F400.000
G1 X-16.257 Y-135.280 Z-3.200 F400.000
G1 X-16.238 Y-135.304 Z-3.200 F400.000
G1 X-16.224 Y-135.330 Z-3.200 F400.000
G1 X-16.215 Y-135.359 Z-3.200 F400.000
G1 X-16.204 Y-135.468 Z-3.200 F400.000
G1 X-16.204 Y-138.359 Z-3.200 F400.000
G1 X-16.207 Y-138.419 Z-3.200 F400.000
G1 X-16.210 Y-138.437 Z-3.200 F400.000
G1 X-16.215 Y-138.454 Z-3.200 F400.000
G1 X-16.238 Y-138.510 Z-3.200 F400.000
G1 X-20.125 Y-146.846 Z-3.200 F400.000
G1 X-20.230 Y-147.102 Z-3.200 F400.000
G1 X-20.337 Y-147.450 Z-3.200 F400.000
G1 X-20.406 Y-147.807 Z-3.200 F400.000
G1 X-20.435 Y-148.170 Z-3.200 F400.000
G1 X-20.437 Y-171.124 Z-3.200 F400.000
G1 X-20.424 Y-171.331 Z-3.200 F400.000
G1 X-20.390 Y-171.590 Z-3.200 F400.000
G1 X-20.283 Y-171.990 Z-3.200 F400.000
G1 X-20.183 Y-172.231 Z-3.200 F400.000
G1 X-19.975 Y-172.590 Z-3.200 F400.000
G1 X-19.817 Y-172.797 Z-3.200 F400.000
G1 X-19.524 Y-173.090 Z-3.200 F400.000
G1 X-19.316 Y-173.249 Z-3.200 F400.000
G1 X-18.958 Y-173.456 Z-3.200 F400.000
G1 X-18.716 Y-173.556 Z-3.200 F400.000
G1 X-18.316 Y-173.663 Z-3.200 F400.000
G1 X-18.057 Y-173.697 Z-3.200 F400.000
G1 X-17.850 Y-173.711 Z-3.200 F400.000
G1 X-16.445 Y-173.711 Z-3.200 F400.000
G1 X-16.336 Y-173.722 Z-3.200 F400.000
G1 X-16.307 Y-173.731 Z-3.200 F400.000
G1 X-16.281 Y-173.745 Z-3.200 F400.000
G1 X-16.257 Y-173.764 Z-3.200 F400.000
G1 X-16.238 Y-173.788 Z-3.200 F400.000
G1 X-16.224 Y-173.814 Z-3.200 F400.000
G1 X-16.215 Y-173.843 Z-3.200 F400.000
G1 X-16.204 Y-173.952 Z-3.200 F400.000
G1 X-16.204 Y-176.843 Z-3.200 F400.000
G1 X-16.207 Y-176.903 Z-3.200 F400.000
G1 X-16.210 Y-176.921 Z-3.200 F400.000
G1 X-16.215 Y-176.938 Z-3.200 F400.000
G1 X-16.238 Y-176.994 Z-3.200 F400.000
G1 X-20.125 Y-185.330 Z-3.200 F400.000
G1 X-20.230 Y-185.586 Z-3.200 F400.000
G1 X-20.337 Y-185.934 Z-3.200 F400.000
G1 X-20.406 Y-186.291 Z-3.200 F400.000
G1 X-20.435 Y-186.654 Z-3.200 F400.000
G1 X-20.437 Y-195.220 Z-3.200 F400.000
G1 X-20.396 Y-195.717 Z-3.200 F400.000
G1 X-20.336 Y-196.023 Z-3.200 F400.000
G1 X-20.236 Y-196.351 Z-3.200 F400.000
G1 X-20.117 Y-196.638 Z-3.200 F400.000
G1 X-19.955 Y-196.941 Z-3.200 F400.000
G1 X-19.782 Y-197.200 Z-3.200 F400.000
G1 X-19.565 Y-197.465 Z-3.200 F400.000
G1 X-19.345 Y-197.685 Z-3.200 F400.000
G1 X-19.079 Y-197.903 Z-3.200 F400.000
G1 X-18.821 Y-198.076 Z-3.200 F400.000
G1 X-18.518 Y-198.237 Z-3.200 F400.000
G1 X-18.231 Y-198.356 Z-3.200 F400.000
G1 X-17.902 Y-198.456 Z-3.200 F400.000
G1 X-17.597 Y-198.517 Z-3.200 F400.000
G1 X-17.256 Y-198.550 Z-3.200 F400.000
G1 X-14.330 Y-198.558 Z-3.200 F400.000
G1 X-14.220 Y-198.569 Z-3.200 F400.000
G1 X-14.191 Y-198.577 Z-3.200 F400.000
G1 X-14.164 Y-198.592 Z-3.200 F400.000
G1 X-14.141 Y-198.611 Z-3.200 F400.000
G1 X-14.121 Y-198.634 Z-3.200 F400.000
G1 X-14.107 Y-198.661 Z-3.200 F400.000
G1 X-14.098 Y-198.690 Z-3.200 F400.000
G1 X-14.087 Y-198.798 Z-3.200 F400.000
G1 X-14.088 Y-200.505 Z-3.200 F400.000
G1 X-14.098 Y-200.613 Z-3.200 F400.000
G1 X-14.107 Y-200.642 Z-3.200 F400.000
G1 X-14.121 Y-200.669 Z-3.200 F400.000
G1 X-14.141 Y-200.692 Z-3.200 F400.000
G1 X-14.164 Y-200.712 Z-3.200 F400.000
G1 X-14.191 Y-200.726 Z-3.200 F400.000
G1 X-14.220 Y-200.735 Z-3.200 F400.000
G1 X-14.328 Y-200.745 Z-3.200 F400.000
G1 X-17.100 Y-200.745 Z-3.200 F400.000
G1 X-17.597 Y-200.787 Z-3.200 F400.000
G1 X-17.902 Y-200.847 Z-3.200 F400.000
G1 X-18.231 Y-200.947 Z-3.200 F400.000
G1 X-18.518 Y-201.066 Z-3.200 F400.000
G1 X-18.821 Y-201.228 Z-3.200 F400.000
G1 X-19.079 Y-201.401 Z-3.200 F400.000
G1 X-19.345 Y-201.618 Z-3.200 F400.000
G1 X-19.565 Y-201.838 Z-3.200 F400.000
G1 X-19.782 Y-202.104 Z-3.200 F400.000
G1 X-19.955 Y-202.362 Z-3.200 F400.000
G1 X-20.117 Y-202.665 Z-3.200 F400.000
G1 X-20.236 Y-202.952 Z-3.200 F400.000
G1 X-20.336 Y-203.281 Z-3.200 F400.000
G1 X-20.396 Y-203.586 Z-3.200 F400.000
G1 X-20.430 Y-203.927 Z-3.200 F400.000
G1 X-20.437 Y-228.000 Z-3.200 F400.000
G0 X-20.437 Y-228.000 Z5.000
G0 X-20.437 Y-3.000 Z5.000
G0 X-20.437 Y-3.000 Z3.000
G1 X-20.437 Y-17.188 Z2.505 F400.000
G1 X-20.424 Y-17.395 Z2.497 F400.000
G1 X-20.390 Y-17.654 Z2.488 F400.000
G1 X-20.283 Y-18.054 Z2.474 F400.000
G1 X-20.183 Y-18.295 Z2.465 F400.000
G1 X-19.975 Y-18.654 Z2.450 F400.000
G1 X-19.817 Y-18.861 Z2.441 F400.000
G1 X-19.524 Y-19.154 Z2.427 F400.000
G1 X-19.316 Y-19.313 Z2.417 F400.000
G1 X-18.958 Y-19.520 Z2.403 F400.000
G1 X-18.716 Y-19.620 Z2.394 F400.000
G1 X-18.316 Y-19.727 Z2.379 F400.000
G1 X-18.057 Y-19.761 Z2.370 F400.000
G1 X-17.850 Y-19.775 Z2.363 F400.000
G1 X-16.445 Y-19.775 Z2.314 F400.000
G1 X-16.336 Y-19.786 Z2.310 F400.000
G1 X-16.307 Y-19.794 Z2.309 F400.000
G1 X-16.281 Y-19.809 Z2.308 F400.000
G1 X-16.257 Y-19.828 Z2.307 F400.000
G1 X-16.238 Y-19.851 Z2.306 F400.000
G1 X-16.224 Y-19.878 Z2.305 F400.000
G1 X-16.215 Y-19.907 Z2.304 F400.000
G1 X-16.204 Y-20.015 Z2.300 F400.000
G1 X-16.204 Y-22.907 Z2.199 F400.000
G1 X-16.207 Y-22.967 Z2.197 F400.000
G1 X-16.210 Y-22.985 Z2.196 F400.000
G1 X-16.215 Y-23.001 Z2.196 F400.000
G1 X-16.238 Y-23.058 Z2.194 F400.000
G1 X-20.125 Y-31.394 Z1.872 F400.000
G1 X-20.230 Y-31.650 Z1.863 F400.000
G1 X-20.337 Y-31.998 Z1.850 F400.000
G1 X-20.406 Y-32.355 Z1.837 F400.000
G1 X-20.435 Y-32.718 Z1.825 F400.000
G1 X-20.437 Y-55.672 Z1.023 F400.000
G1 X-20.424 Y-55.879 Z1.016 F400.000
G1 X-20.390 Y-56.138 Z1.007 F400.000
G1 X-20.283 Y-56.538 Z0.992 F400.000
G1 X-20.183 Y-56.779 Z0.983 F400.000
G1 X-19.975 Y-57.138 Z0.969 F400.000
G1 X-19.817 Y-57.345 Z0.959 F400.000
G1 X-19.524 Y-57.638 Z0.945 F400.000
G1 X-19.316 Y-57.797 Z0.936 F400.000
G1 X-18.958 Y-58.004 Z0.921 F400.000
G1 X-18.716 Y-58.104 Z0.912 F400.000
G1 X-18.316 Y-58.211 Z0.898 F400.000
G1 X-18.057 Y-58.245 Z0.889 F400.000
G1 X-17.850 Y-58.259 Z0.881 F400.000
G1 X-16.445 Y-58.259 Z0.832 F400.000
G1 X-16.336 Y-58.270 Z0.829 F400.000
G1 X-16.307 Y-58.278 Z0.828 F400.000
G1 X-16.281 Y-58.293 Z0.826 F400.000
G1 X-16.257 Y-58.312 Z0.825 F400.000
G1 X-16.238 Y-58.336 Z0.824 F400.000
G1 X-16.224 Y-58.362 Z0.823 F400.000
G1 X-16.215 Y-58.391 Z0.822 F400.000
G1 X-16.204 Y-58.500 Z0.818 F400.000
G1 X-16.204 Y-61.391 Z0.717 F400.000
G1 X-16.207 Y-61.451 Z0.715 F400.000
G1 X-16.210 Y-61.469 Z0.715 F400.000
G1 X-16.215 Y-61.485 Z0.714 F400.000
G1 X-16.238 Y-61.542 Z0.712 F400.000
G1 X-20.125 Y-69.878 Z0.391 F400.000
G1 X-20.230 Y-70.134 Z0.381 F400.000
G1 X-20.337 Y-70.482 Z0.368 F400.000
G1 X-20.406 Y-70.839 Z0.356 F400.000
G1 X-20.435 Y-71.202 Z0.343 F400.000
G1 X-20.437 Y-86.751 Z-0.200 F400.000
G1 X-20.435 Y-71.202 Z-0.743 F400.000
G1 X-20.406 Y-70.839 Z-0.756 F400.000
G1 X-20.337 Y-70.482 Z-0.768 F400.000
G1 X-20.230 Y-70.134 Z-0.781 F400.000
G1 X-20.125 Y-69.878 Z-0.791 F400.000
G1 X-16.238 Y-61.542 Z-1.112 F400.000
G1 X-16.215 Y-61.485 Z-1.114 F400.000
G1 X-16.210 Y-61.469 Z-1.115 F400.000
G1 X-16.207 Y-61.451 Z-1.115 F400.000
G1 X-16.204 Y-61.391 Z-1.117 F400.000
G1 X-16.204 Y-58.500 Z-1.218 F400.000
G1 X-16.215 Y-58.391 Z-1.222 F400.000
G1 X-16.224 Y-58.362 Z-1.223 F400.000
G1 X-16.238 Y-58.336 Z-1.224 F400.000
G1 X-16.257 Y-58.312 Z-1.225 F400.000
G1 X-16.281 Y-58.293 Z-1.226 F400.000
G1 X-16.307 Y-58.278 Z-1.228 F400.000
G1 X-16.336 Y-58.270 Z-1.229 F400.000
G1 X-16.445 Y-58.259 Z-1.232 F400.000
G1 X-17.850 Y-58.259 Z-1.281 F400.000
G1 X-18.057 Y-58.245 Z-1.289 F400.000
G1 X-18.316 Y-58.211 Z-1.298 F400.000
G1 X-18.716 Y-58.104 Z-1.312 F400.000
G1 X-18.958 Y-58.004 Z-1.321 F400.000
G1 X-19.316 Y-57.797 Z-1.336 F400.000
G1 X-19.524 Y-57.638 Z-1.345 F400.000
G1 X-19.817 Y-57.345 Z-1.359 F400.000
G1 X-19.975 Y-57.138 Z-1.369 F400.000
G1 X-20.183 Y-56.779 Z-1.383 F400.000
G1 X-20.283 Y-56.538 Z-1.392 F400.000
G1 X-20.390 Y-56.138 Z-1.407 F400.000
G1 X-20.424 Y-55.879 Z-1.416 F400.000
G1 X-20.437 Y-55.672 Z-1.423 F400.000
G1 X-20.435 Y-32.718 Z-2.225 F400.000
G1 X-20.406 Y-32.355 Z-2.237 F400.000
G1 X-20.337 Y-31.998 Z-2.250 F400.000
G1 X-20.230 Y-31.650 Z-2.263 F400.000
G1 X-20.125 Y-31.394 Z-2.272 F400.000
G1 X-16.238 Y-23.058 Z-2.594 F400.000
G1 X-16.215 Y-23.001 Z-2.596 F400.000
G1 X-16.210 Y-22.985 Z-2.596 F400.000
G1 X-16.207 Y-22.967 Z-2.597 F400.000
G1 X-16.204 Y-22.907 Z-2.599 F400.000
G1 X-16.204 Y-20.015 Z-2.700 F400.000
G1 X-16.215 Y-19.907 Z-2.704 F400.000
G1 X-16.224 Y-19.878 Z-2.705 F400.000
G1 X-16.238 Y-19.851 Z-2.706 F400.000
G1 X-16.257 Y-19.828 Z-2.707 F400.000
G1 X-16.281 Y-19.809 Z-2.708 F400.000
G1 X-16.307 Y-19.794 Z-2.709 F400.000
G1 X-16.336 Y-19.786 Z-2.710 F400.000
G1 X-16.445 Y-19.775 Z-2.714 F400.000
G1 X-17.850 Y-19.775 Z-2.763 F400.000
G1 X-18.057 Y-19.761 Z-2.770 F400.000
G1 X-18.316 Y-19.727 Z-2.779 F400.000
G1 X-18.716 Y-19.620 Z-2.794 F400.000
G1 X-18.958 Y-19.520 Z-2.803 F400.000
G1 X-19.316 Y-19.313 Z-2.817 F400.000
G1 X-19.524 Y-19.154 Z-2.827 F400.000
G1 X-19.817 Y-18.861 Z-2.841 F400.000
G1 X-19.975 Y-18.654 Z-2.850 F400.000
G1 X-20.183 Y-18.295 Z-2.865 F400.000
G1 X-20.283 Y-18.054 Z-2.874 F400.000
G1 X-20.390 Y-17.654 Z-2.888 F400.000
G1 X-20.424 Y-17.395 Z-2.897 F400.000
G1 X-20.437 Y-17.188 Z-2.905 F400.000
G1 X-20.437 Y-3.000 Z-3.400 F400.000
G1 X-20.437 Y-17.188 Z-3.400 F400.000
G1 X-20.424 Y-17.395 Z-3.400 F400.000
G1 X-20.390 Y-17.654 Z-3.400 F400.000
G1 X-20.283 Y-18.054 Z-3.400 F400.000
G1 X-20.183 Y-18.295 Z-3.400 F400.000
G1 X-19.975 Y-18.654 Z-3.400 F400.000
G1 X-19.817 Y-18.861 Z-3.400 F400.000
G1 X-19.524 Y-19.154 Z-3.400 F400.000
G1 X-19.316 Y-19.313 Z-3.400 F400.000
G1 X-18.958 Y-19.520 Z-3.400 F400.000
G1 X-18.716 Y-19.620 Z-3.400 F400.000
G1 X-18.316 Y-19.727 Z-3.400 F400.000
G1 X-18.057 Y-19.761 Z-3.400 F400.000
G1 X-17.850 Y-19.775 Z-3.400 F400.000
G1 X-16.445 Y-19.775 Z-3.400 F400.000
G1 X-16.336 Y-19.786 Z-3.400 F400.000
G1 X-16.307 Y-19.794 Z-3.400 F400.000
G1 X-16.281 Y-19.809 Z-3.400 F400.000
G1 X-16.257 Y-19.828 Z-3.400 F400.000
G1 X-16.238 Y-19.851 Z-3.400 F400.000
G1 X-16.224 Y-19.878 Z-3.400 F400.000
G1 X-16.215 Y-19.907 Z-3.400 F400.000
G1 X-16.204 Y-20.015 Z-3.400 F400.000
G1 X-16.204 Y-22.907 Z-3.400 F400.000
G1 X-16.207 Y-22.967 Z-3.400 F400.000
G1 X-16.210 Y-22.985 Z-3.400 F400.000
G1 X-16.215 Y-23.001 Z-3.400 F400.000
G1 X-16.238 Y-23.058 Z-3.400 F400.000
G1 X-20.125 Y-31.394 Z-3.400 F400.000
G1 X-20.230 Y-31.650 Z-3.400 F400.000
G1 X-20.337 Y-31.998 Z-3.400 F400.000
G1 X-20.406 Y-32.355 Z-3.400 F400.000
G1 X-20.435 Y-32.718 Z-3.400 F400.000
G1 X-20.437 Y-55.672 Z-3.400 F400.000
G1 X-20.424 Y-55.879 Z-3.400 F400.000
G1 X-20.390 Y-56.138 Z-3.400 F400.000
G1 X-20.283 Y-56.538 Z-3.400 F400.000
G1 X-20.183 Y-56.779 Z-3.400 F400.000
G1 X-19.975 Y-57.138 Z-3.400 F400.000
G1 X-19.817 Y-57.345 Z-3.400 F400.000
G1 X-19.524 Y-57.638 Z-3.400 F400.000
G1 X-19.316 Y-57.797 Z-3.400 F400.000
G1 X-18.958 Y-58.004 Z-3.400 F400.000
G1 X-18.716 Y-58.104 Z-3.400 F400.000
G1 X-18.316 Y-58.211 Z-3.400 F400.000
G1 X-18.057 Y-58.245 Z-3.400 F400.000
G1 X-17.850 Y-58.259 Z-3.400 F400.000
G1 X-16.445 Y-58.259 Z-3.400 F400.000
G1 X-16.336 Y-58.270 Z-3.400 F400.000
G1 X-16.307 Y-58.278 Z-3.400 F400.000
G1 X-16.281 Y-58.293 Z-3.400 F400.000
G1 X-16.257 Y-58.312 Z-3.400 F400.000
G1 X-16.238 Y-58.336 Z-3.400 F400.000
G1 X-16.224 Y-58.362 Z-3.400 F400.000
G1 X-16.215 Y-58.391 Z-3.400 F400.000
G1 X-16.204 Y-58.500 Z-3.400 F400.000
G1 X-16.204 Y-61.391 Z-3.400 F400.000
G1 X-16.207 Y-61.451 Z-3.400 F400.000
G1 X-16.210 Y-61.469 Z-3.400 F400.000
G1 X-16.215 Y-61.485 Z-3.400 F400.000
G1 X-16.238 Y-61.542 Z-3.400 F400.000
G1 X-20.125 Y-69.878 Z-3.400 F400.000
G1 X-20.230 Y-70.134 Z-3.400 F400.000
G1 X-20.337 Y-70.482 Z-3.400 F400.000
G1 X-20.406 Y-70.839 Z-3.400 F400.000
G1 X-20.435 Y-71.202 Z-3.400 F400.000
G1 X-20.437 Y-94.156 Z-3.400 F400.000
G1 X-20.424 Y-94.363 Z-3.400 F400.000
G1 X-20.390 Y-94.622 Z-3.400 F400.000
G1 X-20.283 Y-95.022 Z-3.400 F400.000
G1 X-20.183 Y-95.263 Z-3.400 F400.000
G1 X-19.975 Y-95.622 Z-3.400 F400.000
G1 X-19.817 Y-95.829 Z-3.400 F400.000
G1 X-19.524 Y-96.122 Z-3.400 F400.000
G1 X-19.316 Y-96.281 Z-3.400 F400.000
G1 X-18.958 Y-96.488 Z-3.400 F400.000
G1 X-18.716 Y-96.588 Z-3.400 F400.000
G1 X-18.316 Y-96.695 Z-3.400 F400.000
G1 X-18.057 Y-96.729 Z-3.400 F400.000
G1 X-17.850 Y-96.743 Z-3.400 F400.000
G1 X-16.445 Y-96.743 Z-3.400 F400.000
G1 X-16.336 Y-96.754 Z-3.400 F400.000
G1 X-16.307 Y-96.762 Z-3.400 F400.000
G1 X-16.281 Y-96.777 Z-3.400 F400.000
G1 X-16.257 Y-96.796 Z-3.400 F400.000
G1 X-16.238 Y-96.820 Z-3.400 F400.000
G1 X-16.224 Y-96.846 Z-3.400 F400.000
G1 X-16.215 Y-96.875 Z-3.400 F400.000
G1 X-16.204 Y-96.984 Z-3.400 F400.000
G1 X-16.204 Y-99.875 Z-3.400 F400.000
G1 X-16.207 Y-99.935 Z-3.400 F400.000
G1 X-16.210 Y-99.953 Z-3.400 F400.000
G1 X-16.215 Y-99.969 Z-3.400 F400.000
G1 X-16.238 Y-100.026 Z-3.400 F400.000
G1 X-20.125 Y-108.362 Z-3.400 F400.000
G1 X-20.230 Y-108.618 Z-3.400 F400.000
G1 X-20.337 Y-108.966 Z-3.400 F400.000
G1 X-20.406 Y-109.323 Z-3.400 F400.000
G1 X-20.435 Y-109.686 Z-3.400 F400.000
G1 X-20.437 Y-132.640 Z-3.400 F400.000
G1 X-20.424 Y-132.847 Z-3.400 F400.000
G1 X-20.390 Y-133.106 Z-3.400 F400.000
G1 X-20.283 Y-133.506 Z-3.400 F400.000
G1 X-20.183 Y-133.747 Z-3.400 F400.000
G1 X-19.975 Y-134.106 Z-3.400 F400.000
G1 X-19.817 Y-134.313 Z-3.400 F400.000
G1 X-19.524 Y-134.606 Z-3.400 F400.000
G1 X-19.316 Y-134.765 Z-3.400 F400.000
G1 X-18.958 Y-134.972 Z-3.400 F400.000
G1 X-18.716 Y-135.072 Z-3.400 F400.000
G1 X-18.316 Y-135.179 Z-3.400 F400.000
G1 X-18.057 Y-135.213 Z-3.400 F400.000
G1 X-17.850 Y-135.227 Z-3.400 F400.000
G1 X-16.445 Y-135.227 Z-3.400 F400.000
G1 X-16.336 Y-135.238 Z-3.400 F400.000
G1 X-16.307 Y-135.247 Z-3.400 F400.000
G1 X-16.281 Y-135.261 Z-3.400 F400.000
G1 X-16.257 Y-135.280 Z-3.400 F400.000
G1 X-16.238 Y-135.304 Z-3.400 F400.000
G1 X-16.224 Y-135.330 Z-3.400 F400.000
G1 X-16.215 Y-135.359 Z-3.400 F400.000
G1 X-16.204 Y-135.468 Z-3.400 F400.000
G1 X-16.204 Y-138.359 Z-3.400 F400.000
G1 X-16.207 Y-138.419 Z-3.400 F400.000
G1 X-16.210 Y-138.437 Z-3.400 F400.000
G1 X-16.215 Y-138.454 Z-3.400 F400.000
G1 X-16.238 Y-138.510 Z-3.400 F400.000
G1 X-20.125 Y-146.846 Z-3.400 F400.000
G1 X-20.230 Y-147.102 Z-3.400 F400.000
G1 X-20.337 Y-147.450 Z-3.400 F400.000
G1 X-20.406 Y-147.807 Z-3.400 F400.000
G1 X-20.435 Y-148.170 Z-3.400 F400.000
G1 X-20.437 Y-171.124 Z-3.400 F400.000
G1 X-20.424 Y-171.331 Z-3.400 F400.000
G1 X-20.390 Y-171.590 Z-3.400 F400.000
G1 X-20.283 Y-171.990 Z-3.400 F400.000
G1 X-20.183 Y-172.231 Z-3.400 F400.000
G1 X-19.975 Y-172.590 Z-3.400 F400.000
G1 X-19.817 Y-172.797 Z-3.400 F400.000
G1 X-19.524 Y-173.090 Z-3.400 F400.000
G1 X-19.316 Y-173.249 Z-3.400 F400.000
G1 X-18.958 Y-173.456 Z-3.400 F400.000
G1 X-18.716 Y-173.556 Z-3.400 F400.000
G1 X-18.316 Y-173.663 Z-3.400 F400.000
G1 X-18.057 Y-173.697 Z-3.400 F400.000
G1 X-17.850 Y-173.711 Z-3.400 F400.000
G1 X-16.445 Y-173.711 Z-3.400 F400.000
G1 X-16.336 Y-173.722 Z-3.400 F400.000
G1 X-16.307 Y-173.731 Z-3.400 F400.000
G1 X-16.281 Y-173.745 Z-3.400 F400.000
G1 X-16.257 Y-173.764 Z-3.400 F400.000
G1 X-16.238 Y-173.788 Z-3.400 F400.000
G1 X-16.224 Y-173.814 Z-3.400 F400.000
G1 X-16.215 Y-173.843 Z-3.400 F400.000
G1 X-16.204 Y-173.952 Z-3.400 F400.000
G1 X-16.204 Y-176.843 Z-3.400 F400.000
G1 X-16.207 Y-176.903 Z-3.400 F400.000
G1 X-16.210 Y-176.921 Z-3.400 F400.000
G1 X-16.215 Y-176.938 Z-3.400 F400.000
G1 X-16.238 Y-176.994 Z-3.400 F400.000
G1 X-20.125 Y-185.330 Z-3.400 F400.000
G1 X-20.230 Y-185.586 Z-3.400 F400.000
G1 X-20.337 Y-185.934 Z-3.400 F400.000
G1 X-20.406 Y-186.291 Z-3.400 F400.000
G1 X-20.435 Y-186.654 Z-3.400 F400.000
G1 X-20.437 Y-195.220 Z-3.400 F400.000
G1 X-20.396 Y-195.717 Z-3.400 F400.000
G1 X-20.336 Y-196.023 Z-3.400 F400.000
G1 X-20.236 Y-196.351 Z-3.400 F400.000
G1 X-20.117 Y-196.638 Z-3.400 F400.000
G1 X-19.955 Y-196.941 Z-3.400 F400.000
G1 X-19.782 Y-197.200 Z-3.400 F400.000
G1 X-19.565 Y-197.465 Z-3.400 F400.000
G1 X-19.345 Y-197.685 Z-3.400 F400.000
G1 X-19.079 Y-197.903 Z-3.400 F400.000
G1 X-18.821 Y-198.076 Z-3.400 F400.000
G1 X-18.518 Y-198.237 Z-3.400 F400.000
G1 X-18.231 Y-198.356 Z-3.400 F400.000
G1 X-17.902 Y-198.456 Z-3.400 F400.000
G1 X-17.597 Y-198.517 Z-3.400 F400.000
G1 X-17.256 Y-198.550 Z-3.400 F400.000
G1 X-14.330 Y-198.558 Z-3.400 F400.000
G1 X-14.220 Y-198.569 Z-3.400 F400.000
G1 X-14.191 Y-198.577 Z-3.400 F400.000
G1 X-14.164 Y-198.592 Z-3.400 F400.000
G1 X-14.141 Y-198.611 Z-3.400 F400.000
G1 X-14.121 Y-198.634 Z-3.400 F400.000
G1 X-14.107 Y-198.661 Z-3.400 F400.000
G1 X-14.098 Y-198.690 Z-3.400 F400.000
G1 X-14.087 Y-198.798 Z-3.400 F400.000
G1 X-14.088 Y-200.505 Z-3.400 F400.000
G1 X-14.098 Y-200.613 Z-3.400 F400.000
G1 X-14.107 Y-200.642 Z-3.400 F400.000
G1 X-14.121 Y-200.669 Z-3.400 F400.000
G1 X-14.141 Y-200.692 Z-3.400 F400.000
G1 X-14.164 Y-200.712 Z-3.400 F400.000
G1 X-14.191 Y-200.726 Z-3.400 F400.000
G1 X-14.220 Y-200.735 Z-3.400 F400.000
G1 X-14.328 Y-200.745 Z-3.400 F400.000
G1 X-17.100 Y-200.745 Z-3.400 F400.000
G1 X-17.597 Y-200.787 Z-3.400 F400.000
G1 X-17.902 Y-200.847 Z-3.400 F400.000
G1 X-18.231 Y-200.947 Z-3.400 F400.000
G1 X-18.518 Y-201.066 Z-3.400 F400.000
G1 X-18.821 Y-201.228 Z-3.400 F400.000
G1 X-19.079 Y-201.401 Z-3.400 F400.000
G1 X-19.345 Y-201.618 Z-3.400 F400.000
G1 X-19.565 Y-201.838 Z-3.400 F400.000
G1 X-19.782 Y-202.104 Z-3.400 F400.000
G1 X-19.955 Y-202.362 Z-3.400 F400.000
G1 X-20.117 Y-202.665 Z-3.400 F400.000
G1 X-20.236 Y-202.952 Z-3.400 F400.000
G1 X-20.336 Y-203.281 Z-3.400 F400.000
G1 X-20.396 Y-203.586 Z-3.400 F400.000
G1 X-20.430 Y-203.927 Z-3.400 F400.000
G1 X-20.437 Y-228.000 Z-3.400 F400.000
G0 X-20.437 Y-228.000 Z5.000
G0 X-20.437 Y-3.000 Z5.000
G0 X-20.437 Y-3.000 Z3.000
G1 X-20.437 Y-17.188 Z2.505 F400.000
G1 X-20.424 Y-17.395 Z2.497 F400.000
G1 X-20.390 Y-17.654 Z2.488 F400.000
G1 X-20.283 Y-18.054 Z2.474 F400.000
G1 X-20.183 Y-18.295 Z2.465 F400.000
G1 X-19.975 Y-18.654 Z2.450 F400.000
G1 X-19.817 Y-18.861 Z2.441 F400.000
G1 X-19.524 Y-19.154 Z2.427 F400.000
G1 X-19.316 Y-19.313 Z2.417 F400.000
G1 X-18.958 Y-19.520 Z2.403 F400.000
G1 X-18.716 Y-19.620 Z2.394 F400.000
G1 X-18.316 Y-19.727 Z2.379 F400.000
G1 X-18.057 Y-19.761 Z2.370 F400.000
G1 X-17.850 Y-19.775 Z2.363 F400.000
G1 X-16.445 Y-19.775 Z2.314 F400.000
G1 X-16.336 Y-19.786 Z2.310 F400.000
G1 X-16.307 Y-19.794 Z2.309 F400.000
G1 X-16.281 Y-19.809 Z2.308 F400.000
G1 X-16.257 Y-19.828 Z2.307 F400.000
G1 X-16.238 Y-19.851 Z2.306 F400.000
G1 X-16.224 Y-19.878 Z2.305 F400.000
G1 X-16.215 Y-19.907 Z2.304 F400.000
G1 X-16.204 Y-20.015 Z2.300 F400.000
G1 X-16.204 Y-22.907 Z2.199 F400.000
G1 X-16.207 Y-22.967 Z2.197 F400.000
G1 X-16.210 Y-22.985 Z2.196 F400.000
G1 X-16.215 Y-23.001 Z2.196 F400.000
G1 X-16.238 Y-23.058 Z2.194 F400.000
G1 X-20.125 Y-31.394 Z1.872 F400.000
G1 X-20.230 Y-31.650 Z1.863 F400.000
G1 X-20.337 Y-31.998 Z1.850 F400.000
G1 X-20.406 Y-32.355 Z1.837 F400.000
G1 X-20.435 Y-32.718 Z1.825 F400.000
G1 X-20.437 Y-55.672 Z1.023 F400.000
G1 X-20.424 Y-55.879 Z1.016 F400.000
G1 X-20.390 Y-56.138 Z1.007 F400.000
G1 X-20.283 Y-56.538 Z0.992 F400.000
G1 X-20.183 Y-56.779 Z0.983 F400.000
G1 X-19.975 Y-57.138 Z0.969 F400.000
G1 X-19.817 Y-57.345 Z0.959 F400.000
G1 X-19.524 Y-57.638 Z0.945 F400.000
G1 X-19.316 Y-57.797 Z0.936 F400.000
G1 X-18.958 Y-58.004 Z0.921 F400.000
G1 X-18.716 Y-58.104 Z0.912 F400.000
G1 X-18.316 Y-58.211 Z0.898 F400.000
G1 X-18.057 Y-58.245 Z0.889 F400.000
G1 X-17.850 Y-58.259 Z0.881 F400.000
G1 X-16.445 Y-58.259 Z0.832 F400.000
G1 X-16.336 Y-58.270 Z0.829 F400.000
G1 X-16.307 Y-58.278 Z0.828 F400.000
G1 X-16.281 Y-58.293 Z0.826 F400.000
G1 X-16.257 Y-58.312 Z0.825 F400.000
G1 X-16.238 Y-58.336 Z0.824 F400.000
G1 X-16.224 Y-58.362 Z0.823 F400.000
G1 X-16.215 Y-58.391 Z0.822 F400.000
G1 X-16.204 Y-58.500 Z0.818 F400.000
G1 X-16.204 Y-61.391 Z0.717 F400.000
G1 X-16.207 Y-61.451 Z0.715 F400.000
G1 X-16.210 Y-61.469 Z0.715 F400.000
G1 X-16.215 Y-61.485 Z0.714 F400.000
G1 X-16.238 Y-61.542 Z0.712 F400.000
G1 X-20.125 Y-69.878 Z0.391 F400.000
G1 X-20.230 Y-70.134 Z0.381 F400.000
G1 X-20.337 Y-70.482 Z0.368 F400.000
G1 X-20.406 Y-70.839 Z0.356 F400.000
G1 X-20.435 Y-71.202 Z0.343 F400.000
G1 X-20.437 Y-89.615 Z-0.300 F400.000
G1 X-20.435 Y-71.202 Z-0.943 F400.000
G1 X-20.406 Y-70.839 Z-0.956 F400.000
G1 X-20.337 Y-70.482 Z-0.968 F400.000
G1 X-20.230 Y-70.134 Z-0.981 F400.000
G1 X-20.125 Y-69.878 Z-0.991 F400.000
G1 X-16.238 Y-61.542 Z-1.312 F400.000
G1 X-16.215 Y-61.485 Z-1.314 F400.000
G1 X-16.210 Y-61.469 Z-1.315 F400.000
G1 X-16.207 Y-61.451 Z-1.315 F400.000
G1 X-16.204 Y-61.391 Z-1.317 F400.000
G1 X-16.204 Y-58.500 Z-1.418 F400.000
G1 X-16.215 Y-58.391 Z-1.422 F400.000
G1 X-16.224 Y-58.362 Z-1.423 F400.000
G1 X-16.238 Y-58.336 Z-1.424 F400.000
G1 X-16.257 Y-58.312 Z-1.425 F400.000
G1 X-16.281 Y-58.293 Z-1.426 F400.000
G1 X-16.307 Y-58.278 Z-1.428 F400.000
G1 X-16.336 Y-58.270 Z-1.429 F400.000
G1 X-16.445 Y-58.259 Z-1.432 F400.000
G1 X-17.850 Y-58.259 Z-1.481 F400.000
G1 X-18.057 Y-58.245 Z-1.489 F400.000
G1 X-18.316 Y-58.211 Z-1.498 F400.000
G1 X-18.716 Y-58.104 Z-1.512 F400.000
G1 X-18.958 Y-58.004 Z-1.521 F400.000
G1 X-19.316 Y-57.797 Z-1.536 F400.000
G1 X-19.524 Y-57.638 Z-1.545 F400.000
G1 X-19.817 Y-57.345 Z-1.559 F400.000
G1 X-19.975 Y-57.138 Z-1.569 F400.000
G1 X-20.183 Y-56.779 Z-1.583 F400.000
G1 X-20.283 Y-56.538 Z-1.592 F400.000
G1 X-20.390 Y-56.138 Z-1.607 F400.000
G1 X-20.424 Y-55.879 Z-1.616 F400.000
G1 X-20.437 Y-55.672 Z-1.623 F400.000
G1 X-20.435 Y-32.718 Z-2.425 F400.000
G1 X-20.406 Y-32.355 Z-2.437 F400.000
G1 X-20.337 Y-31.998 Z-2.450 F400.000
G1 X-20.230 Y-31.650 Z-2.463 F400.000
G1 X-20.125 Y-31.394 Z-2.472 F400.000
G1 X-16.238 Y-23.058 Z-2.794 F400.000
G1 X-16.215 Y-23.001 Z-2.796 F400.000
G1 X-16.210 Y-22.985 Z-2.796 F400.000
G1 X-16.207 Y-22.967 Z-2.797 F400.000
G1 X-16.204 Y-22.907 Z-2.799 F400.000
G1 X-16.204 Y-20.015 Z-2.900 F400.000
G1 X-16.215 Y-19.907 Z-2.904 F400.000
G1 X-16.224 Y-19.878 Z-2.905 F400.000
G1 X-16.238 Y-19.851 Z-2.906 F400.000
G1 X-16.257 Y-19.828 Z-2.907 F400.000
G1 X-16.281 Y-19.809 Z-2.908 F400.000
G1 X-16.307 Y-19.794 Z-2.909 F400.000
G1 X-16.336 Y-19.786 Z-2.910 F400.000
G1 X-16.445 Y-19.775 Z-2.914 F400.000
G1 X-17.850 Y-19.775 Z-2.963 F400.000
G1 X-18.057 Y-19.761 Z-2.970 F400.000
G1 X-18.316 Y-19.727 Z-2.979 F400.000
G1 X-18.716 Y-19.620 Z-2.994 F400.000
G1 X-18.958 Y-19.520 Z-3.003 F400.000
G1 X-19.316 Y-19.313 Z-3.017 F400.000
G1 X-19.524 Y-19.154 Z-3.027 F400.000
G1 X-19.817 Y-18.861 Z-3.041 F400.000
G1 X-19.975 Y-18.654 Z-3.050 F400.000
G1 X-20.183 Y-18.295 Z-3.065 F400.000
G1 X-20.283 Y-18.054 Z-3.074 F400.000
G1 X-20.390 Y-17.654 Z-3.088 F400.000
G1 X-20.424 Y-17.395 Z-3.097 F400.000
G1 X-20.437 Y-17.188 Z-3.105 F400.000
G1 X-20.437 Y-3.000 Z-3.600 F400.000
G1 X-20.437 Y-17.188 Z-3.600 F400.000
G1 X-20.424 Y-17.395 Z-3.600 F400.000
G1 X-20.390 Y-17.654 Z-3.600 F400.000
G1 X-20.283 Y-18.054 Z-3.600 F400.000
G1 X-20.183 Y-18.295 Z-3.600 F400.000
G1 X-19.975 Y-18.654 Z-3.600 F400.000
G1 X-19.817 Y-18.861 Z-3.600 F400.000
G1 X-19.524 Y-19.154 Z-3.600 F400.000
G1 X-19.316 Y-19.313 Z-3.600 F400.000
G1 X-18.958 Y-19.520 Z-3.600 F400.000
G1 X-18.716 Y-19.620 Z-3.600 F400.000
G1 X-18.316 Y-19.727 Z-3.600 F400.000
G1 X-18.057 Y-19.761 Z-3.600 F400.000
G1 X-17.850 Y-19.775 Z-3.600 F400.000
G1 X-16.445 Y-19.775 Z-3.600 F400.000
G1 X-16.336 Y-19.786 Z-3.600 F400.000
G1 X-16.307 Y-19.794 Z-3.600 F400.000
G1 X-16.281 Y-19.809 Z-3.600 F400.000
G1 X-16.257 Y-19.828 Z-3.600 F400.000
G1 X-16.238 Y-19.851 Z-3.600 F400.000
G1 X-16.224 Y-19.878 Z-3.600 F400.000
G1 X-16.215 Y-19.907 Z-3.600 F400.000
G1 X-16.204 Y-20.015 Z-3.600 F400.000
G1 X-16.204 Y-22.907 Z-3.600 F400.000
G1 X-16.207 Y-22.967 Z-3.600 F400.000
G1 X-16.210 Y-22.985 Z-3.600 F400.000
G1 X-16.215 Y-23.001 Z-3.600 F400.000
G1 X-16.238 Y-23.058 Z-3.600 F400.000
G1 X-20.125 Y-31.394 Z-3.600 F400.000
G1 X-20.230 Y-31.650 Z-3.600 F400.000
G1 X-20.337 Y-31.998 Z-3.600 F400.000
G1 X-20.406 Y-32.355 Z-3.600 F400.000
G1 X-20.435 Y-32.718 Z-3.600 F400.000
G1 X-20.437 Y-55.672 Z-3.600 F400.000
G1 X-20.424 Y-55.879 Z-3.600 F400.000
G1 X-20.390 Y-56.138 Z-3.600 F400.000
G1 X-20.283 Y-56.538 Z-3.600 F400.000
G1 X-20.183 Y-56.779 Z-3.600 F400.000
G1 X-19.975 Y-57.138 Z-3.600 F400.000
G1 X-19.817 Y-57.345 Z-3.600 F400.000
G1 X-19.524 Y-57.638 Z-3.600 F400.000
G1 X-19.316 Y-57.797 Z-3.600 F400.000
G1 X-18.958 Y-58.004 Z-3.600 F400.000
G1 X-18.716 Y-58.104 Z-3.600 F400.000
G1 X-18.316 Y-58.211 Z-3.600 F400.000
G1 X-18.057 Y-58.245 Z-3.600 F400.000
G1 X-17.850 Y-58.259 Z-3.600 F400.000
G1 X-16.445 Y-58.259 Z-3.600 F400.000
G1 X-16.336 Y-58.270 Z-3.600 F400.000
G1 X-16.307 Y-58.278 Z-3.600 F400.000
G1 X-16.281 Y-58.293 Z-3.600 F400.000
G1 X-16.257 Y-58.312 Z-3.600 F400.000
G1 X-16.238 Y-58.336 Z-3.600 F400.000
G1 X-16.224 Y-58.362 Z-3.600 F400.000
G1 X-16.215 Y-58.391 Z-3.600 F400.000
G1 X-16.204 Y-58.500 Z-3.600 F400.000
G1 X-16.204 Y-61.391 Z-3.600 F400.000
G1 X-16.207 Y-61.451 Z-3.600 F400.000
G1 X-16.210 Y-61.469 Z-3.600 F400.000
G1 X-16.215 Y-61.485 Z-3.600 F400.000
G1 X-16.238 Y-61.542 Z-3.600 F400.000
G1 X-20.125 Y-69.878 Z-3.600 F400.000
G1 X-20.230 Y-70.134 Z-3.600 F400.000
G1 X-20.337 Y-70.482 Z-3.600 F400.000
G1 X-20.406 Y-70.839 Z-3.600 F400.000
G1 X-20.435 Y-71.202 Z-3.600 F400.000
G1 X-20.437 Y-94.156 Z-3.600 F400.000
G1 X-20.424 Y-94.363 Z-3.600 F400.000
G1 X-20.390 Y-94.622 Z-3.600 F400.000
G1 X-20.283 Y-95.022 Z-3.600 F400.000
G1 X-20.183 Y-95.263 Z-3.600 F400.000
G1 X-19.975 Y-95.622 Z-3.600 F400.000
G1 X-19.817 Y-95.829 Z-3.600 F400.000
G1 X-19.524 Y-96.122 Z-3.600 F400.000
G1 X-19.316 Y-96.281 Z-3.600 F400.000
G1 X-18.958 Y-96.488 Z-3.600 F400.000
G1 X-18.716 Y-96.588 Z-3.600 F400.000
G1 X-18.316 Y-96.695 Z-3.600 F400.000
G1 X-18.057 Y-96.729 Z-3.600 F400.000
G1 X-17.850 Y-96.743 Z-3.600 F400.000
G1 X-16.445 Y-96.743 Z-3.600 F400.000
G1 X-16.336 Y-96.754 Z-3.600 F400.000
G1 X-16.307 Y-96.762 Z-3.600 F400.000
G1 X-16.281 Y-96.777 Z-3.600 F400.000
G1 X-16.257 Y-96.796 Z-3.600 F400.000
G1 X-16.238 Y-96.820 Z-3.600 F400.000
G1 X-16.224 Y-96.846 Z-3.600 F400.000
G1 X-16.215 Y-96.875 Z-3.600 F400.000
G1 X-16.204 Y-96.984 Z-3.600 F400.000
G1 X-16.204 Y-99.875 Z-3.600 F400.000
G1 X-16.207 Y-99.935 Z-3.600 F400.000
G1 X-16.210 Y-99.953 Z-3.600 F400.000
G1 X-16.215 Y-99.969 Z-3.600 F400.000
G1 X-16.238 Y-100.026 Z-3.600 F400.000
G1 X-20.125 Y-108.362 Z-3.600 F400.000
G1 X-20.230 Y-108.618 Z-3.600 F400.000
G1 X-20.337 Y-108.966 Z-3.600 F400.000
G1 X-20.406 Y-109.323 Z-3.600 F400.000
G1 X-20.435 Y-109.686 Z-3.600 F400.000
G1 X-20.437 Y-132.640 Z-3.600 F400.000
G1 X-20.424 Y-132.847 Z-3.600 F400.000
G1 X-20.390 Y-133.106 Z-3.600 F400.000
G1 X-20.283 Y-133.506 Z-3.600 F400.000
G1 X-20.183 Y-133.747 Z-3.600 F400.000
G1 X-19.975 Y-134.106 Z-3.600 F400.000
G1 X-19.817 Y-134.313 Z-3.600 F400.000
G1 X-19.524 Y-134.606 Z-3.600 F400.000
G1 X-19.316 Y-134.765 Z-3.600 F400.000
G1 X-18.958 Y-134.972 Z-3.600 F400.000
G1 X-18.716 Y-135.072 Z-3.600 F400.000
G1 X-18.316 Y-135.179 Z-3.600 F400.000
G1 X-18.057 Y-135.213 Z-3.600 F400.000
G1 X-17.850 Y-135.227 Z-3.600 F400.000
G1 X-16.445 Y-135.227 Z-3.600 F400.000
G1 X-16.336 Y-135.238 Z-3.600 F400.000
G1 X-16.307 Y-135.247 Z-3.600 F400.000
G1 X-16.281 Y-135.261 Z-3.600 F400.000
G1 X-16.257 Y-135.280 Z-3.600 F400.000
G1 X-16.238 Y-135.304 Z-3.600 F400.000
G1 X-16.224 Y-135.330 Z-3.600 F400.000
G1 X-16.215 Y-135.359 Z-3.600 F400.000
G1 X-16.204 Y-135.468 Z-3.600 F400.000
G1 X-16.204 Y-138.359 Z-3.600 F400.000
G1 X-16.207 Y-138.419 Z-3.600 F400.000
G1 X-16.210 Y-138.437 Z-3.600 F400.000
G1 X-16.215 Y-138.454 Z-3.600 F400.000
G1 X-16.238 Y-138.510 Z-3.600 F400.000
G1 X-20.125 Y-146.846 Z-3.600 F400.000
G1 X-20.230 Y-147.102 Z-3.600 F400.000
G1 X-20.337 Y-147.450 Z-3.600 F400.000
G1 X-20.406 Y-147.807 Z-3.600 F400.000
G1 X-20.435 Y-148.170 Z-3.600 F400.000
G1 X-20.437 Y-171.124 Z-3.600 F400.000
G1 X-20.424 Y-171.331 Z-3.600 F400.000
G1 X-20.390 Y-171.590 Z-3.600 F400.000
G1 X-20.283 Y-171.990 Z-3.600 F400.000
G1 X-20.183 Y-172.231 Z-3.600 F400.000
G1 X-19.975 Y-172.590 Z-3.600 F400.000
G1 X-19.817 Y-172.797 Z-3.600 F400.000
G1 X-19.524 Y-173.090 Z-3.600 F400.000
G1 X-19.316 Y-173.249 Z-3.600 F400.000
G1 X-18.958 Y-173.456 Z-3.600 F400.000
G1 X-18.716 Y-173.556 Z-3.600 F400.000
G1 X-18.316 Y-173.663 Z-3.600 F400.000
G1 X-18.057 Y-173.697 Z-3.600 F400.000
G1 X-17.850 Y-173.711 Z-3.600 F400.000
G1 X-16.445 Y-173.711 Z-3.600 F400.000
G1 X-16.336 Y-173.722 Z-3.600 F400.000
G1 X-16.307 Y-173.731 Z-3.600 F400.000
G1 X-16.281 Y-173.745 Z-3.600 F400.000
G1 X-16.257 Y-173.764 Z-3.600 F400.000
G1 X-16.238 Y-173.788 Z-3.600 F400.000
G1 X-16.224 Y-173.814 Z-3.600 F400.000
G1 X-16.215 Y-173.843 Z-3.600 F400.000
G1 X-16.204 Y-173.952 Z-3.600 F400.000
G1 X-16.204 Y-176.843 Z-3.600 F400.000
G1 X-16.207 Y-176.903 Z-3.600 F400.000
G1 X-16.210 Y-176.921 Z-3.600 F400.000
G1 X-16.215 Y-176.938 Z-3.600 F400.000
G1 X-16.238 Y-176.994 Z-3.600 F400.000
G1 X-20.125 Y-185.330 Z-3.600 F400.000
G1 X-20.230 Y-185.586 Z-3.600 F400.000
G1 X-20.337 Y-185.934 Z-3.600 F400.000
G1 X-20.406 Y-186.291 Z-3.600 F400.000
G1 X-20.435 Y-186.654 Z-3.600 F400.000
G1 X-20.437 Y-195.220 Z-3.600 F400.000
G1 X-20.396 Y-195.717 Z-3.600 F400.000
G1 X-20.336 Y-196.023 Z-3.600 F400.000
G1 X-20.236 Y-196.351 Z-3.600 F400.000
G1 X-20.117 Y-196.638 Z-3.600 F400.000
G1 X-19.955 Y-196.941 Z-3.600 F400.000
G1 X-19.782 Y-197.200 Z-3.600 F400.000
G1 X-19.565 Y-197.465 Z-3.600 F400.000
G1 X-19.345 Y-197.685 Z-3.600 F400.000
G1 X-19.079 Y-197.903 Z-3.600 F400.000
G1 X-18.821 Y-198.076 Z-3.600 F400.000
G1 X-18.518 Y-198.237 Z-3.600 F400.000
G1 X-18.231 Y-198.356 Z-3.600 F400.000
G1 X-17.902 Y-198.456 Z-3.600 F400.000
G1 X-17.597 Y-198.517 Z-3.600 F400.000
G1 X-17.256 Y-198.550 Z-3.600 F400.000
G1 X-14.330 Y-198.558 Z-3.600 F400.000
G1 X-14.220 Y-198.569 Z-3.600 F400.000
G1 X-14.191 Y-198.577 Z-3.600 F400.000
G1 X-14.164 Y-198.592 Z-3.600 F400.000
G1 X-14.141 Y-198.611 Z-3.600 F400.000
G1 X-14.121 Y-198.634 Z-3.600 F400.000
G1 X-14.107 Y-198.661 Z-3.600 F400.000
G1 X-14.098 Y-198.690 Z-3.600 F400.000
G1 X-14.087 Y-198.798 Z-3.600 F400.000
G1 X-14.088 Y-200.505 Z-3.600 F400.000
G1 X-14.098 Y-200.613 Z-3.600 F400.000
G1 X-14.107 Y-200.642 Z-3.600 F400.000
G1 X-14.121 Y-200.669 Z-3.600 F400.000
G1 X-14.141 Y-200.692 Z-3.600 F400.000
G1 X-14.164 Y-200.712 Z-3.600 F400.000
G1 X-14.191 Y-200.726 Z-3.600 F400.000
G1 X-14.220 Y-200.735 Z-3.600 F400.000
G1 X-14.328 Y-200.745 Z-3.600 F400.000
G1 X-17.100 Y-200.745 Z-3.600 F400.000
G1 X-17.597 Y-200.787 Z-3.600 F400.000
G1 X-17.902 Y-200.847 Z-3.600 F400.000
G1 X-18.231 Y-200.947 Z-3.600 F400.000
G1 X-18.518 Y-201.066 Z-3.600 F400.000
G1 X-18.821 Y-201.228 Z-3.600 F400.000
G1 X-19.079 Y-201.401 Z-3.600 F400.000
G1 X-19.345 Y-201.618 Z-3.600 F400.000
G1 X-19.565 Y-201.838 Z-3.600 F400.000
G1 X-19.782 Y-202.104 Z-3.600 F400.000
G1 X-19.955 Y-202.362 Z-3.600 F400.000
G1 X-20.117 Y-202.665 Z-3.600 F400.000
G1 X-20.236 Y-202.952 Z-3.600 F400.000
G1 X-20.336 Y-203.281 Z-3.600 F400.000
G1 X-20.396 Y-203.586 Z-3.600 F400.000
G1 X-20.430 Y-203.927 Z-3.600 F400.000
G1 X-20.437 Y-228.000 Z-3.600 F400.000
G0 X-20.437 Y-228.000 Z5.000
G0 X-20.437 Y-3.000 Z5.000
G0 X-20.437 Y-3.000 Z3.000
G1 X-20.437 Y-17.188 Z2.505 F400.000
G1 X-20.424 Y-17.395 Z2.497 F400.000
G1 X-20.390 Y-17.654 Z2.488 F400.000
G1 X-20.283 Y-18.054 Z2.474 F400.000
G1 X-20.183 Y-18.295 Z2.465 F400.000
G1 X-19.975 Y-18.654 Z2.450 F400.000
G1 X-19.817 Y-18.861 Z2.441 F400.000
G1 X-19.524 Y-19.154 Z2.427 F400.000
G1 X-19.316 Y-19.313 Z2.417 F400.000
G1 X-18.958 Y-19.520 Z2.403 F400.000
G1 X-18.716 Y-19.620 Z2.394 F400.000
G1 X-18.316 Y-19.727 Z2.379 F400.000
G1 X-18.057 Y-19.761 Z2.370 F400.000
G1 X-17.850 Y-19.775 Z2.363 F400.000
G1 X-16.445 Y-19.775 Z2.314 F400.000
G1 X-16.336 Y-19.786 Z2.310 F400.000
G1 X-16.307 Y-19.794 Z2.309 F400.000
G1 X-16.281 Y-19.809 Z2.308 F400.000
G1 X-16.257 Y-19.828 Z2.307 F400.000
G1 X-16.238 Y-19.851 Z2.306 F400.000
G1 X-16.224 Y-19.878 Z2.305 F400.000
G1 X-16.215 Y-19.907 Z2.304 F400.000
G1 X-16.204 Y-20.015 Z2.300 F400.000
G1 X-16.204 Y-22.907 Z2.199 F400.000
G1 X-16.207 Y-22.967 Z2.197 F400.000
G1 X-16.210 Y-22.985 Z2.196 F400.000
G1 X-16.215 Y-23.001 Z2.196 F400.000
G1 X-16.238 Y-23.058 Z2.194 F400.000
G1 X-20.125 Y-31.394 Z1.872 F400.000
G1 X-20.230 Y-31.650 Z1.863 F400.000
G1 X-20.337 Y-31.998 Z1.850 F400.000
G1 X-20.406 Y-32.355 Z1.837 F400.000
G1 X-20.435 Y-32.718 Z1.825 F400.000
G1 X-20.437 Y-55.672 Z1.023 F400.000
G1 X-20.424 Y-55.879 Z1.016 F400.000
G1 X-20.390 Y-56.138 Z1.007 F400.000
G1 X-20.283 Y-56.538 Z0.992 F400.000
G1 X-20.183 Y-56.779 Z0.983 F400.000
G1 X-19.975 Y-57.138 Z0.969 F400.000
G1 X-19.817 Y-57.345 Z0.959 F400.000
G1 X-19.524 Y-57.638 Z0.945 F400.000
G1 X-19.316 Y-57.797 Z0.936 F400.000
G1 X-18.958 Y-58.004 Z0.921 F400.000
G1 X-18.716 Y-58.104 Z0.912 F400.000
G1 X-18.316 Y-58.211 Z0.898 F400.000
G1 X-18.057 Y-58.245 Z0.889 F400.000
G1 X-17.850 Y-58.259 Z0.881 F400.000
G1 X-16.445 Y-58.259 Z0.832 F400.000
G1 X-16.336 Y-58.270 Z0.829 F400.000
G1 X-16.307 Y-58.278 Z0.828 F400.000
G1 X-16.281 Y-58.293 Z0.826 F400.000
G1 X-16.257 Y-58.312 Z0.825 F400.000
G1 X-16.238 Y-58.336 Z0.824 F400.000
G1 X-16.224 Y-58.362 Z0.823 F400.000
G1 X-16.215 Y-58.391 Z0.822 F400.000
G1 X-16.204 Y-58.500 Z0.818 F400.000
G1 X-16.204 Y-61.391 Z0.717 F400.000
G1 X-16.207 Y-61.451 Z0.715 F400.000
G1 X-16.210 Y-61.469 Z0.715 F400.000
G1 X-16.215 Y-61.485 Z0.714 F400.000
G1 X-16.238 Y-61.542 Z0.712 F400.000
G1 X-20.125 Y-69.878 Z0.391 F400.000
G1 X-20.230 Y-70.134 Z0.381 F400.000
G1 X-20.337 Y-70.482 Z0.368 F400.000
G1 X-20.406 Y-70.839 Z0.356 F400.000
G1 X-20.435 Y-71.202 Z0.343 F400.000
G1 X-20.437 Y-92.479 Z-0.400 F400.000
G1 X-20.435 Y-71.202 Z-1.143 F400.000
G1 X-20.406 Y-70.839 Z-1.156 F400.000
G1 X-20.337 Y-70.482 Z-1.168 F400.000
G1 X-20.230 Y-70.134 Z-1.181 F400.000
G1 X-20.125 Y-69.878 Z-1.191 F400.000
G1 X-16.238 Y-61.542 Z-1.512 F400.000
G1 X-16.215 Y-61.485 Z-1.514 F400.000
G1 X-16.210 Y-61.469 Z-1.515 F400.000
G1 X-16.207 Y-61.451 Z-1.515 F400.000
G1 X-16.204 Y-61.391 Z-1.517 F400.000
G1 X-16.204 Y-58.500 Z-1.618 F400.000
G1 X-16.215 Y-58.391 Z-1.622 F400.000
G1 X-16.224 Y-58.362 Z-1.623 F400.000
G1 X-16.238 Y-58.336 Z-1.624 F400.000
G1 X-16.257 Y-58.312 Z-1.625 F400.000
G1 X-16.281 Y-58.293 Z-1.626 F400.000
G1 X-16.307 Y-58.278 Z-1.628 F400.000
G1 X-16.336 Y-58.270 Z-1.629 F400.000
G1 X-16.445 Y-58.259 Z-1.632 F400.000
G1 X-17.850 Y-58.259 Z-1.681 F400.000
G1 X-18.057 Y-58.245 Z-1.689 F400.000
G1 X-18.316 Y-58.211 Z-1.698 F400.000
G1 X-18.716 Y-58.104 Z-1.712 F400.000
G1 X-18.958 Y-58.004 Z-1.721 F400.000
G1 X-19.316 Y-57.797 Z-1.736 F400.000
G1 X-19.524 Y-57.638 Z-1.745 F400.000
G1 X-19.817 Y-57.345 Z-1.759 F400.000
G1 X-19.975 Y-57.138 Z-1.769 F400.000
G1 X-20.183 Y-56.779 Z-1.783 F400.000
G1 X-20.283 Y-56.538 Z-1.792 F400.000
G1 X-20.390 Y-56.138 Z-1.807 F400.000
G1 X-20.424 Y-55.879 Z-1.816 F400.000
G1 X-20.437 Y-55.672 Z-1.823 F400.000
G1 X-20.435 Y-32.718 Z-2.625 F400.000
G1 X-20.406 Y-32.355 Z-2.637 F400.000
G1 X-20.337 Y-31.998 Z-2.650 F400.000
G1 X-20.230 Y-31.650 Z-2.663 F400.000
G1 X-20.125 Y-31.394 Z-2.672 F400.000
G1 X-16.238 Y-23.058 Z-2.994 F400.000
G1 X-16.215 Y-23.001 Z-2.996 F400.000
G1 X-16.210 Y-22.985 Z-2.996 F400.000
G1 X-16.207 Y-22.967 Z-2.997 F400.000
G1 X-16.204 Y-22.907 Z-2.999 F400.000
G1 X-16.204 Y-20.015 Z-3.100 F400.000
G1 X-16.215 Y-19.907 Z-3.104 F400.000
G1 X-16.224 Y-19.878 Z-3.105 F400.000
G1 X-16.238 Y-19.851 Z-3.106 F400.000
G1 X-16.257 Y-19.828 Z-3.107 F400.000
G1 X-16.281 Y-19.809 Z-3.108 F400.000
G1 X-16.307 Y-19.794 Z-3.109 F400.000
G1 X-16.336 Y-19.786 Z-3.110 F400.000
G1 X-16.445 Y-19.775 Z-3.114 F400.000
G1 X-17.850 Y-19.775 Z-3.163 F400.000
G1 X-18.057 Y-19.761 Z-3.170 F400.000
G1 X-18.316 Y-19.727 Z-3.179 F400.000
G1 X-18.716 Y-19.620 Z-3.194 F400.000
G1 X-18.958 Y-19.520 Z-3.203 F400.000
G1 X-19.316 Y-19.313 Z-3.217 F400.000
G1 X-19.524 Y-19.154 Z-3.227 F400.000
G1 X-19.817 Y-18.861 Z-3.241 F400.000
G1 X-19.975 Y-18.654 Z-3.250 F400.000
G1 X-20.183 Y-18.295 Z-3.265 F400.000
G1 X-20.283 Y-18.054 Z-3.274 F400.000
G1 X-20.390 Y-17.654 Z-3.288 F400.000
G1 X-20.424 Y-17.395 Z-3.297 F400.000
G1 X-20.437 Y-17.188 Z-3.305 F400.000
G1 X-20.437 Y-3.000 Z-3.800 F400.000
G1 X-20.437 Y-17.188 Z-3.800 F400.000
G1 X-20.424 Y-17.395 Z-3.800 F400.000
G1 X-20.390 Y-17.654 Z-3.800 F400.000
G1 X-20.283 Y-18.054 Z-3.800 F400.000
G1 X-20.183 Y-18.295 Z-3.800 F400.000
G1 X-19.975 Y-18.654 Z-3.800 F400.000
G1 X-19.817 Y-18.861 Z-3.800 F400.000
G1 X-19.524 Y-19.154 Z-3.800 F400.000
G1 X-19.316 Y-19.313 Z-3.800 F400.000
G1 X-18.958 Y-19.520 Z-3.800 F400.000
G1 X-18.716 Y-19.620 Z-3.800 F400.000
G1 X-18.316 Y-19.727 Z-3.800 F400.000
G1 X-18.057 Y-19.761 Z-3.800 F400.000
G1 X-17.850 Y-19.775 Z-3.800 F400.000
G1 X-16.445 Y-19.775 Z-3.800 F400.000
G1 X-16.336 Y-19.786 Z-3.800 F400.000
G1 X-16.307 Y-19.794 Z-3.800 F400.000
G1 X-16.281 Y-19.809 Z-3.800 F400.000
G1 X-16.257 Y-19.828 Z-3.800 F400.000
G1 X-16.238 Y-19.851 Z-3.800 F400.000
G1 X-16.224 Y-19.878 Z-3.800 F400.000
G1 X-16.215 Y-19.907 Z-3.800 F400.000
G1 X-16.204 Y-20.015 Z-3.800 F400.000
G1 X-16.204 Y-22.907 Z-3.800 F400.000
G1 X-16.207 Y-22.967 Z-3.800 F400.000
G1 X-16.210 Y-22.985 Z-3.800 F400.000
G1 X-16.215 Y-23.001 Z-3.800 F400.000
G1 X-16.238 Y-23.058 Z-3.800 F400.000
G1 X-20.125 Y-31.394 Z-3.800 F400.000
G1 X-20.230 Y-31.650 Z-3.800 F400.000
G1 X-20.337 Y-31.998 Z-3.800 F400.000
G1 X-20.406 Y-32.355 Z-3.800 F400.000
G1 X-20.435 Y-32.718 Z-3.800 F400.000
G1 X-20.437 Y-55.672 Z-3.800 F400.000
G1 X-20.424 Y-55.879 Z-3.800 F400.000
G1 X-20.390 Y-56.138 Z-3.800 F400.000
G1 X-20.283 Y-56.538 Z-3.800 F400.000
G1 X-20.183 Y-56.779 Z-3.800 F400.000
G1 X-19.975 Y-57.138 Z-3.800 F400.000
G1 X-19.817 Y-57.345 Z-3.800 F400.000
G1 X-19.524 Y-57.638 Z-3.800 F400.000
G1 X-19.316 Y-57.797 Z-3.800 F400.000
G1 X-18.958 Y-58.004 Z-3.800 F400.000
G1 X-18.716 Y-58.104 Z-3.800 F400.000
G1 X-18.316 Y-58.211 Z-3.800 F400.000
G1 X-18.057 Y-58.245 Z-3.800 F400.000
G1 X-17.850 Y-58.259 Z-3.800 F400.000
G1 X-16.445 Y-58.259 Z-3.800 F400.000
G1 X-16.336 Y-58.270 Z-3.800 F400.000
G1 X-16.307 Y-58.278 Z-3.800 F400.000
G1 X-16.281 Y-58.293 Z-3.800 F400.000
G1 X-16.257 Y-58.312 Z-3.800 F400.000
G1 X-16.238 Y-58.336 Z-3.800 F400.000
G1 X-16.224 Y-58.362 Z-3.800 F400.000
G1 X-16.215 Y-58.391 Z-3.800 F400.000
G1 X-16.204 Y-58.500 Z-3.800 F400.000
G1 X-16.204 Y-61.391 Z-3.800 F400.000
G1 X-16.207 Y-61.451 Z-3.800 F400.000
G1 X-16.210 Y-61.469 Z-3.800 F400.000
G1 X-16.215 Y-61.485 Z-3.800 F400.000
G1 X-16.238 Y-61.542 Z-3.800 F400.000
G1 X-20.125 Y-69.878 Z-3.800 F400.000
G1 X-20.230 Y-70.134 Z-3.800 F400.000
G1 X-20.337 Y-70.482 Z-3.800 F400.000
G1 X-20.406 Y-70.839 Z-3.800 F400.000
G1 X-20.435 Y-71.202 Z-3.800 F400.000
G1 X-20.437 Y-94.156 Z-3.800 F400.000
G1 X-20.424 Y-94.363 Z-3.800 F400.000
G1 X-20.390 Y-94.622 Z-3.800 F400.000
G1 X-20.283 Y-95.022 Z-3.800 F400.000
G1 X-20.183 Y-95.263 Z-3.800 F400.000
G1 X-19.975 Y-95.622 Z-3.800 F400.000
G1 X-19.817 Y-95.829 Z-3.800 F400.000
G1 X-19.524 Y-96.122 Z-3.800 F400.000
G1 X-19.316 Y-96.281 Z-3.800 F400.000
G1 X-18.958 Y-96.488 Z-3.800 F400.000
G1 X-18.716 Y-96.588 Z-3.800 F400.000
G1 X-18.316 Y-96.695 Z-3.800 F400.000
G1 X-18.057 Y-96.729 Z-3.800 F400.000
G1 X-17.850 Y-96.743 Z-3.800 F400.000
G1 X-16.445 Y-96.743 Z-3.800 F400.000
G1 X-16.336 Y-96.754 Z-3.800 F400.000
G1 X-16.307 Y-96.762 Z-3.800 F400.000
G1 X-16.281 Y-96.777 Z-3.800 F400.000
G1 X-16.257 Y-96.796 Z-3.800 F400.000
G1 X-16.238 Y-96.820 Z-3.800 F400.000
G1 X-16.224 Y-96.846 Z-3.800 F400.000
G1 X-16.215 Y-96.875 Z-3.800 F400.000
G1 X-16.204 Y-96.984 Z-3.800 F400.000
G1 X-16.204 Y-99.875 Z-3.800 F400.000
G1 X-16.207 Y-99.935 Z-3.800 F400.000
G1 X-16.210 Y-99.953 Z-3.800 F400.000
G1 X-16.215 Y-99.969 Z-3.800 F400.000
G1 X-16.238 Y-100.026 Z-3.800 F400.000
G1 X-20.125 Y-108.362 Z-3.800 F400.000
G1 X-20.230 Y-108.618 Z-3.800 F400.000
G1 X-20.337 Y-108.966 Z-3.800 F400.000
G1 X-20.406 Y-109.323 Z-3.800 F400.000
G1 X-20.435 Y-109.686 Z-3.800 F400.000
G1 X-20.437 Y-132.640 Z-3.800 F400.000
G1 X-20.424 Y-132.847 Z-3.800 F400.000
G1 X-20.390 Y-133.106 Z-3.800 F400.000
G1 X-20.283 Y-133.506 Z-3.800 F400.000
G1 X-20.183 Y-133.747 Z-3.800 F400.000
G1 X-19.975 Y-134.106 Z-3.800 F400.000
G1 X-19.817 Y-134.313 Z-3.800 F400.000
G1 X-19.524 Y-134.606 Z-3.800 F400.000
G1 X-19.316 Y-134.765 Z-3.800 F400.000
G1 X-18.958 Y-134.972 Z-3.800 F400.000
G1 X-18.716 Y-135.072 Z-3.800 F400.000
G1 X-18.316 Y-135.179 Z-3.800 F400.000
G1 X-18.057 Y-135.213 Z-3.800 F400.000
G1 X-17.850 Y-135.227 Z-3.800 F400.000
G1 X-16.445 Y-135.227 Z-3.800 F400.000
G1 X-16.336 Y-135.238 Z-3.800 F400.000
G1 X-16.307 Y-135.247 Z-3.800 F400.000
G1 X-16.281 Y-135.261 Z-3.800 F400.000
G1 X-16.257 Y-135.280 Z-3.800 F400.000
G1 X-16.238 Y-135.304 Z-3.800 F400.000
G1 X-16.224 Y-135.330 Z-3.800 F400.000
G1 X-16.215 Y-135.359 Z-3.800 F400.000
G1 X-16.204 Y-135.468 Z-3.800 F400.000
G1 X-16.204 Y-138.359 Z-3.800 F400.000
G1 X-16.207 Y-138.419 Z-3.800 F400.000
G1 X-16.210 Y-138.437 Z-3.800 F400.000
G1 X-16.215 Y-138.454 Z-3.800 F400.000
G1 X-16.238 Y-138.510 Z-3.800 F400.000
G1 X-20.125 Y-146.846 Z-3.800 F400.000
G1 X-20.230 Y-147.102 Z-3.800 F400.000
G1 X-20.337 Y-147.450 Z-3.800 F400.000
G1 X-20.406 Y-147.807 Z-3.800 F400.000
G1 X-20.435 Y-148.170 Z-3.800 F400.000
G1 X-20.437 Y-171.124 Z-3.800 F400.000
G1 X-20.424 Y-171.331 Z-3.800 F400.000
G1 X-20.390 Y-171.590 Z-3.800 F400.000
G1 X-20.283 Y-171.990 Z-3.800 F400.000
G1 X-20.183 Y-172.231 Z-3.800 F400.000
G1 X-19.975 Y-172.590 Z-3.800 F400.000
G1 X-19.817 Y-172.797 Z-3.800 F400.000
G1 X-19.524 Y-173.090 Z-3.800 F400.000
G1 X-19.316 Y-173.249 Z-3.800 F400.000
G1 X-18.958 Y-173.456 Z-3.800 F400.000
G1 X-18.716 Y-173.556 Z-3.800 F400.000
G1 X-18.316 Y-173.663 Z-3.800 F400.000
G1 X-18.057 Y-173.697 Z-3.800 F400.000
G1 X-17.850 Y-173.711 Z-3.800 F400.000
G1 X-16.445 Y-173.711 Z-3.800 F400.000
G1 X-16.336 Y-173.722 Z-3.800 F400.000
G1 X-16.307 Y-173.731 Z-3.800 F400.000
G1 X-16.281 Y-173.745 Z-3.800 F400.000
G1 X-16.257 Y-173.764 Z-3.800 F400.000
G1 X-16.238 Y-173.788 Z-3.800 F400.000
G1 X-16.224 Y-173.814 Z-3.800 F400.000
G1 X-16.215 Y-173.843 Z-3.800 F400.000
G1 X-16.204 Y-173.952 Z-3.800 F400.000
G1 X-16.204 Y-176.843 Z-3.800 F400.000
G1 X-16.207 Y-176.903 Z-3.800 F400.000
G1 X-16.210 Y-176.921 Z-3.800 F400.000
G1 X-16.215 Y-176.938 Z-3.800 F400.000
G1 X-16.238 Y-176.994 Z-3.800 F400.000
G1 X-20.125 Y-185.330 Z-3.800 F400.000
G1 X-20.230 Y-185.586 Z-3.800 F400.000
G1 X-20.337 Y-185.934 Z-3.800 F400.000
G1 X-20.406 Y-186.291 Z-3.800 F400.000
G1 X-20.435 Y-186.654 Z-3.800 F400.000
G1 X-20.437 Y-195.220 Z-3.800 F400.000
G1 X-20.396 Y-195.717 Z-3.800 F400.000
G1 X-20.336 Y-196.023 Z-3.800 F400.000
G1 X-20.236 Y-196.351 Z-3.800 F400.000
G1 X-20.117 Y-196.638 Z-3.800 F400.000
G1 X-19.955 Y-196.941 Z-3.800 F400.000
G1 X-19.782 Y-197.200 Z-3.800 F400.000
G1 X-19.565 Y-197.465 Z-3.800 F400.000
G1 X-19.345 Y-197.685 Z-3.800 F400.000
G1 X-19.079 Y-197.903 Z-3.800 F400.000
G1 X-18.821 Y-198.076 Z-3.800 F400.000
G1 X-18.518 Y-198.237 Z-3.800 F400.000
G1 X-18.231 Y-198.356 Z-3.800 F400.000
G1 X-17.902 Y-198.456 Z-3.800 F400.000
G1 X-17.597 Y-198.517 Z-3.800 F400.000
G1 X-17.256 Y-198.550 Z-3.800 F400.000
G1 X-14.330 Y-198.558 Z-3.800 F400.000
G1 X-14.220 Y-198.569 Z-3.800 F400.000
G1 X-14.191 Y-198.577 Z-3.800 F400.000
G1 X-14.164 Y-198.592 Z-3.800 F400.000
G1 X-14.141 Y-198.611 Z-3.800 F400.000
G1 X-14.121 Y-198.634 Z-3.800 F400.000
G1 X-14.107 Y-198.661 Z-3.800 F400.000
G1 X-14.098 Y-198.690 Z-3.800 F400.000
G1 X-14.087 Y-198.798 Z-3.800 F400.000
G1 X-14.088 Y-200.505 Z-3.800 F400.000
G1 X-14.098 Y-200.613 Z-3.800 F400.000
G1 X-14.107 Y-200.642 Z-3.800 F400.000
G1 X-14.121 Y-200.669 Z-3.800 F400.000
G1 X-14.141 Y-200.692 Z-3.800 F400.000
G1 X-14.164 Y-200.712 Z-3.800 F400.000
G1 X-14.191 Y-200.726 Z-3.800 F400.000
G1 X-14.220 Y-200.735 Z-3.800 F400.000
G1 X-14.328 Y-200.745 Z-3.800 F400.000
G1 X-17.100 Y-200.745 Z-3.800 F400.000
G1 X-17.597 Y-200.787 Z-3.800 F400.000
G1 X-17.902 Y-200.847 Z-3.800 F400.000
G1 X-18.231 Y-200.947 Z-3.800 F400.000
G1 X-18.518 Y-201.066 Z-3.800 F400.000
G1 X-18.821 Y-201.228 Z-3.800 F400.000
G1 X-19.079 Y-201.401 Z-3.800 F400.000
G1 X-19.345 Y-201.618 Z-3.800 F400.000
G1 X-19.565 Y-201.838 Z-3.800 F400.000
G1 X-19.782 Y-202.104 Z-3.800 F400.000
G1 X-19.955 Y-202.362 Z-3.800 F400.000
G1 X-20.117 Y-202.665 Z-3.800 F400.000
G1 X-20.236 Y-202.952 Z-3.800 F400.000
G1 X-20.336 Y-203.281 Z-3.800 F400.000
G1 X-20.396 Y-203.586 Z-3.800 F400.000
G1 X-20.430 Y-203.927 Z-3.800 F400.000
G1 X-20.437 Y-228.000 Z-3.800 F400.000
G0 X-20.437 Y-228.000 Z5.000
G0 X-20.437 Y-3.000 Z5.000
G0 X-20.437 Y-3.000 Z3.000
G1 X-20.437 Y-17.188 Z2.505 F400.000
G1 X-20.424 Y-17.395 Z2.497 F400.000
G1 X-20.390 Y-17.654 Z2.488 F400.000
G1 X-20.283 Y-18.054 Z2.474 F400.000
G1 X-20.183 Y-18.295 Z2.465 F400.000
G1 X-19.975 Y-18.654 Z2.450 F400.000
G1 X-19.817 Y-18.861 Z2.441 F400.000
G1 X-19.524 Y-19.154 Z2.427 F400.000
G1 X-19.316 Y-19.313 Z2.417 F400.000
G1 X-18.958 Y-19.520 Z2.403 F400.000
G1 X-18.716 Y-19.620 Z2.394 F400.000
G1 X-18.316 Y-19.727 Z2.379 F400.000
G1 X-18.057 Y-19.761 Z2.370 F400.000
G1 X-17.850 Y-19.775 Z2.363 F400.000
G1 X-16.445 Y-19.775 Z2.314 F400.000
G1 X-16.336 Y-19.786 Z2.310 F400.000
G1 X-16.307 Y-19.794 Z2.309 F400.000
G1 X-16.281 Y-19.809 Z2.308 F400.000
G1 X-16.257 Y-19.828 Z2.307 F400.000
G1 X-16.238 Y-19.851 Z2.306 F400.000
G1 X-16.224 Y-19.878 Z2.305 F400.000
G1 X-16.215 Y-19.907 Z2.304 F400.000
G1 X-16.204 Y-20.015 Z2.300 F400.000
G1 X-16.204 Y-22.907 Z2.199 F400.000
G1 X-16.207 Y-22.967 Z2.197 F400.000
G1 X-16.210 Y-22.985 Z2.196 F400.000
G1 X-16.215 Y-23.001 Z2.196 F400.000
G1 X-16.238 Y-23.058 Z2.194 F400.000
G1 X-20.125 Y-31.394 Z1.872 F400.000
G1 X-20.230 Y-31.650 Z1.863 F400.000
G1 X-20.337 Y-31.998 Z1.850 F400.000
G1 X-20.406 Y-32.355 Z1.837 F400.000
G1 X-20.435 Y-32.718 Z1.825 F400.000
G1 X-20.437 Y-55.672 Z1.023 F400.000
G1 X-20.424 Y-55.879 Z1.016 F400.000
G1 X-20.390 Y-56.138 Z1.007 F400.000
G1 X-20.283 Y-56.538 Z0.992 F400.000
G1 X-20.183 Y-56.779 Z0.983 F400.000
G1 X-19.975 Y-57.138 Z0.969 F400.000
G1 X-19.817 Y-57.345 Z0.959 F400.000
G1 X-19.524 Y-57.638 Z0.945 F400.000
G1 X-19.316 Y-57.797 Z0.936 F400.000
G1 X-18.958 Y-58.004 Z0.921 F400.000
G1 X-18.716 Y-58.104 Z0.912 F400.000
G1 X-18.316 Y-58.211 Z0.898 F400.000
G1 X-18.057 Y-58.245 Z0.889 F400.000
G1 X-17.850 Y-58.259 Z0.881 F400.000
G1 X-16.445 Y-58.259 Z0.832 F400.000
G1 X-16.336 Y-58.270 Z0.829 F400.000
G1 X-16.307 Y-58.278 Z0.828 F400.000
G1 X-16.281 Y-58.293 Z0.826 F400.000
G1 X-16.257 Y-58.312 Z0.825 F400.000
G1 X-16.238 Y-58.336 Z0.824 F400.000
G1 X-16.224 Y-58.362 Z0.823 F400.000
G1 X-16.215 Y-58.391 Z0.822 F400.000
G1 X-16.204 Y-58.500 Z0.818 F400.000
G1 X-16.204 Y-61.391 Z0.717 F400.000
G1 X-16.207 Y-61.451 Z0.715 F400.000
G1 X-16.210 Y-61.469 Z0.715 F400.000
G1 X-16.215 Y-61.485 Z0.714 F400.000
G1 X-16.238 Y-61.542 Z0.712 F400.000
G1 X-20.125 Y-69.878 Z0.391 F400.000
G1 X-20.230 Y-70.134 Z0.381 F400.000
G1 X-20.337 Y-70.482 Z0.368 F400.000
G1 X-20.406 Y-70.839 Z0.356 F400.000
G1 X-20.435 Y-71.202 Z0.343 F400.000
G1 X-20.437 Y-94.156 Z-0.459 F400.000
G1 X-20.424 Y-94.363 Z-0.466 F400.000
G1 X-20.390 Y-94.622 Z-0.475 F400.000
G1 X-20.283 Y-95.022 Z-0.489 F400.000
G1 X-20.183 Y-95.263 Z-0.499 F400.000
G1 X-20.161 Y-95.300 Z-0.500 F400.000
G1 X-20.183 Y-95.263 Z-0.501 F400.000
G1 X-20.283 Y-95.022 Z-0.511 F400.000
G1 X-20.390 Y-94.622 Z-0.525 F400.000
G1 X-20.424 Y-94.363 Z-0.534 F400.000
G1 X-20.437 Y-94.156 Z-0.541 F400.000
G1 X-20.435 Y-71.202 Z-1.343 F400.000
G1 X-20.406 Y-70.839 Z-1.356 F400.000
G1 X-20.337 Y-70.482 Z-1.368 F400.000
G1 X-20.230 Y-70.134 Z-1.381 F400.000
G1 X-20.125 Y-69.878 Z-1.391 F400.000
G1 X-16.238 Y-61.542 Z-1.712 F400.000
G1 X-16.215 Y-61.485 Z-1.714 F400.000
G1 X-16.210 Y-61.469 Z-1.715 F400.000
G1 X-16.207 Y-61.451 Z-1.715 F400.000
G1 X-16.204 Y-61.391 Z-1.717 F400.000
G1 X-16.204 Y-58.500 Z-1.818 F400.000
G1 X-16.215 Y-58.391 Z-1.822 F400.000
G1 X-16.224 Y-58.362 Z-1.823 F400.000
G1 X-16.238 Y-58.336 Z-1.824 F400.000
G1 X-16.257 Y-58.312 Z-1.825 F400.000
G1 X-16.281 Y-58.293 Z-1.826 F400.000
G1 X-16.307 Y-58.278 Z-1.828 F400.000
G1 X-16.336 Y-58.270 Z-1.829 F400.000
G1 X-16.445 Y-58.259 Z-1.832 F400.000
G1 X-17.850 Y-58.259 Z-1.881 F400.000
G1 X-18.057 Y-58.245 Z-1.889 F400.000
G1 X-18.316 Y-58.211 Z-1.898 F400.000
G1 X-18.716 Y-58.104 Z-1.912 F400.000
G1 X-18.958 Y-58.004 Z-1.921 F400.000
G1 X-19.316 Y-57.797 Z-1.936 F400.000
G1 X-19.524 Y-57.638 Z-1.945 F400.000
G1 X-19.817 Y-57.345 Z-1.959 F400.000
G1 X-19.975 Y-57.138 Z-1.969 F400.000
G1 X-20.183 Y-56.779 Z-1.983 F400.000
G1 X-20.283 Y-56.538 Z-1.992 F400.000
G1 X-20.390 Y-56.138 Z-2.007 F400.000
G1 X-20.424 Y-55.879 Z-2.016 F400.000
G1 X-20.437 Y-55.672 Z-2.023 F400.000
G1 X-20.435 Y-32.718 Z-2.825 F400.000
G1 X-20.406 Y-32.355 Z-2.837 F400.000
G1 X-20.337 Y-31.998 Z-2.850 F400.000
G1 X-20.230 Y-31.650 Z-2.863 F400.000
G1 X-20.125 Y-31.394 Z-2.872 F400.000
G1 X-16.238 Y-23.058 Z-3.194 F400.000
G1 X-16.215 Y-23.001 Z-3.196 F400.000
G1 X-16.210 Y-22.985 Z-3.196 F400.000
G1 X-16.207 Y-22.967 Z-3.197 F400.000
G1 X-16.204 Y-22.907 Z-3.199 F400.000
G1 X-16.204 Y-20.015 Z-3.300 F400.000
G1 X-16.215 Y-19.907 Z-3.304 F400.000
G1 X-16.224 Y-19.878 Z-3.305 F400.000
G1 X-16.238 Y-19.851 Z-3.306 F400.000
G1 X-16.257 Y-19.828 Z-3.307 F400.000
G1 X-16.281 Y-19.809 Z-3.308 F400.000
G1 X-16.307 Y-19.794 Z-3.309 F400.000
G1 X-16.336 Y-19.786 Z-3.310 F400.000
G1 X-16.445 Y-19.775 Z-3.314 F400.000
G1 X-17.850 Y-19.775 Z-3.363 F400.000
G1 X-18.057 Y-19.761 Z-3.370 F400.000
G1 X-18.316 Y-19.727 Z-3.379 F400.000
G1 X-18.716 Y-19.620 Z-3.394 F400.000
G1 X-18.958 Y-19.520 Z-3.403 F400.000
G1 X-19.316 Y-19.313 Z-3.417 F400.000
G1 X-19.524 Y-19.154 Z-3.427 F400.000
G1 X-19.817 Y-18.861 Z-3.441 F400.000
G1 X-19.975 Y-18.654 Z-3.450 F400.000
G1 X-20.183 Y-18.295 Z-3.465 F400.000
G1 X-20.283 Y-18.054 Z-3.474 F400.000
G1 X-20.390 Y-17.654 Z-3.488 F400.000
G1 X-20.424 Y-17.395 Z-3.497 F400.000
G1 X-20.437 Y-17.188 Z-3.505 F400.000
G1 X-20.437 Y-3.000 Z-4.000 F400.000
G1 X-20.437 Y-17.188 Z-4.000 F400.000
G1 X-20.424 Y-17.395 Z-4.000 F400.000
G1 X-20.390 Y-17.654 Z-4.000 F400.000
G1 X-20.283 Y-18.054 Z-4.000 F400.000
G1 X-20.183 Y-18.295 Z-4.000 F400.000
G1 X-19.975 Y-18.654 Z-4.000 F400.000
G1 X-19.817 Y-18.861 Z-4.000 F400.000
G1 X-19.524 Y-19.154 Z-4.000 F400.000
G1 X-19.316 Y-19.313 Z-4.000 F400.000
G1 X-18.958 Y-19.520 Z-4.000 F400.000
G1 X-18.716 Y-19.620 Z-4.000 F400.000
G1 X-18.316 Y-19.727 Z-4.000 F400.000
G1 X-18.057 Y-19.761 Z-4.000 F400.000
G1 X-17.850 Y-19.775 Z-4.000 F400.000
G1 X-16.445 Y-19.775 Z-4.000 F400.000
G1 X-16.336 Y-19.786 Z-4.000 F400.000
G1 X-16.307 Y-19.794 Z-4.000 F400.000
G1 X-16.281 Y-19.809 Z-4.000 F400.000
G1 X-16.257 Y-19.828 Z-4.000 F400.000
G1 X-16.238 Y-19.851 Z-4.000 F400.000
G1 X-16.224 Y-19.878 Z-4.000 F400.000
G1 X-16.215 Y-19.907 Z-4.000 F400.000
G1 X-16.204 Y-20.015 Z-4.000 F400.000
G1 X-16.204 Y-22.907 Z-4.000 F400.000
G1 X-16.207 Y-22.967 Z-4.000 F400.000
G1 X-16.210 Y-22.985 Z-4.000 F400.000
G1 X-16.215 Y-23.001 Z-4.000 F400.000
G1 X-16.238 Y-23.058 Z-4.000 F400.000
G1 X-20.125 Y-31.394 Z-4.000 F400.000
G1 X-20.230 Y-31.650 Z-4.000 F400.000
G1 X-20.337 Y-31.998 Z-4.000 F400.000
G1 X-20.406 Y-32.355 Z-4.000 F400.000
G1 X-20.435 Y-32.718 Z-4.000 F400.000
G1 X-20.437 Y-55.672 Z-4.000 F400.000
G1 X-20.424 Y-55.879 Z-4.000 F400.000
G1 X-20.390 Y-56.138 Z-4.000 F400.000
G1 X-20.283 Y-56.538 Z-4.000 F400.000
G1 X-20.183 Y-56.779 Z-4.000 F400.000
G1 X-19.975 Y-57.138 Z-4.000 F400.000
G1 X-19.817 Y-57.345 Z-4.000 F400.000
G1 X-19.524 Y-57.638 Z-4.000 F400.000
G1 X-19.316 Y-57.797 Z-4.000 F400.000
G1 X-18.958 Y-58.004 Z-4.000 F400.000
G1 X-18.716 Y-58.104 Z-4.000 F400.000
G1 X-18.316 Y-58.211 Z-4.000 F400.000
G1 X-18.057 Y-58.245 Z-4.000 F400.000
G1 X-17.850 Y-58.259 Z-4.000 F400.000
G1 X-16.445 Y-58.259 Z-4.000 F400.000
G1 X-16.336 Y-58.270 Z-4.000 F400.000
G1 X-16.307 Y-58.278 Z-4.000 F400.000
G1 X-16.281 Y-58.293 Z-4.000 F400.000
G1 X-16.257 Y-58.312 Z-4.000 F400.000
G1 X-16.238 Y-58.336 Z-4.000 F400.000
G1 X-16.224 Y-58.362 Z-4.000 F400.000
G1 X-16.215 Y-58.391 Z-4.000 F400.000
G1 X-16.204 Y-58.500 Z-4.000 F400.000
G1 X-16.204 Y-61.391 Z-4.000 F400.000
G1 X-16.207 Y-61.451 Z-4.000 F400.000
G1 X-16.210 Y-61.469 Z-4.000 F400.000
G1 X-16.215 Y-61.485 Z-4.000 F400.000
G1 X-16.238 Y-61.542 Z-4.000 F400.000
G1 X-20.125 Y-69.878 Z-4.000 F400.000
G1 X-20.230 Y-70.134 Z-4.000 F400.000
G1 X-20.337 Y-70.482 Z-4.000 F400.000
G1 X-20.406 Y-70.839 Z-4.000 F400.000
G1 X-20.435 Y-71.202 Z-4.000 F400.000
G1 X-20.437 Y-94.156 Z-4.000 F400.000
G1 X-20.424 Y-94.363 Z-4.000 F400.000
G1 X-20.390 Y-94.622 Z-4.000 F400.000
G1 X-20.283 Y-95.022 Z-4.000 F400.000
G1 X-20.183 Y-95.263 Z-4.000 F400.000
G1 X-19.975 Y-95.622 Z-4.000 F400.000
G1 X-19.817 Y-95.829 Z-4.000 F400.000
G1 X-19.524 Y-96.122 Z-4.000 F400.000
G1 X-19.316 Y-96.281 Z-4.000 F400.000
G1 X-18.958 Y-96.488 Z-4.000 F400.000
G1 X-18.716 Y-96.588 Z-4.000 F400.000
G1 X-18.316 Y-96.695 Z-4.000 F400.000
G1 X-18.057 Y-96.729 Z-4.000 F400.000
G1 X-17.850 Y-96.743 Z-4.000 F400.000
G1 X-16.445 Y-96.743 Z-4.000 F400.000
G1 X-16.336 Y-96.754 Z-4.000 F400.000
G1 X-16.307 Y-96.762 Z-4.000 F400.000
G1 X-16.281 Y-96.777 Z-4.000 F400.000
G1 X-16.257 Y-96.796 Z-4.000 F400.000
G1 X-16.238 Y-96.820 Z-4.000 F400.000
G1 X-16.224 Y-96.846 Z-4.000 F400.000
G1 X-16.215 Y-96.875 Z-4.000 F400.000
G1 X-16.204 Y-96.984 Z-4.000 F400.000
G1 X-16.204 Y-99.875 Z-4.000 F400.000
G1 X-16.207 Y-99.935 Z-4.000 F400.000
G1 X-16.210 Y-99.953 Z-4.000 F400.000
G1 X-16.215 Y-99.969 Z-4.000 F400.000
G1 X-16.238 Y-100.026 Z-4.000 F400.000
G1 X-20.125 Y-108.362 Z-4.000 F400.000
G1 X-20.230 Y-108.618 Z-4.000 F400.000
G1 X-20.337 Y-108.966 Z-4.000 F400.000
G1 X-20.406 Y-109.323 Z-4.000 F400.000
G1 X-20.435 Y-109.686 Z-4.000 F400.000
G1 X-20.437 Y-132.640 Z-4.000 F400.000
G1 X-20.424 Y-132.847 Z-4.000 F400.000
G1 X-20.390 Y-133.106 Z-4.000 F400.000
G1 X-20.283 Y-133.506 Z-4.000 F400.000
G1 X-20.183 Y-133.747 Z-4.000 F400.000
G1 X-19.975 Y-134.106 Z-4.000 F400.000
G1 X-19.817 Y-134.313 Z-4.000 F400.000
G1 X-19.524 Y-134.606 Z-4.000 F400.000
G1 X-19.316 Y-134.765 Z-4.000 F400.000
G1 X-18.958 Y-134.972 Z-4.000 F400.000
G1 X-18.716 Y-135.072 Z-4.000 F400.000
G1 X-18.316 Y-135.179 Z-4.000 F400.000
G1 X-18.057 Y-135.213 Z-4.000 F400.000
G1 X-17.850 Y-135.227 Z-4.000 F400.000
G1 X-16.445 Y-135.227 Z-4.000 F400.000
G1 X-16.336 Y-135.238 Z-4.000 F400.000
G1 X-16.307 Y-135.247 Z-4.000 F400.000
G1 X-16.281 Y-135.261 Z-4.000 F400.000
G1 X-16.257 Y-135.280 Z-4.000 F400.000
G1 X-16.238 Y-135.304 Z-4.000 F400.000
G1 X-16.224 Y-135.330 Z-4.000 F400.000
G1 X-16.215 Y-135.359 Z-4.000 F400.000
G1 X-16.204 Y-135.468 Z-4.000 F400.000
G1 X-16.204 Y-138.359 Z-4.000 F400.000
G1 X-16.207 Y-138.419 Z-4.000 F400.000
G1 X-16.210 Y-138.437 Z-4.000 F400.000
G1 X-16.215 Y-138.454 Z-4.000 F400.000
G1 X-16.238 Y-138.510 Z-4.000 F400.000
G1 X-20.125 Y-146.846 Z-4.000 F400.000
G1 X-20.230 Y-147.102 Z-4.000 F400.000
G1 X-20.337 Y-147.450 Z-4.000 F400.000
G1 X-20.406 Y-147.807 Z-4.000 F400.000
G1 X-20.435 Y-148.170 Z-4.000 F400.000
G1 X-20.437 Y-171.124 Z-4.000 F400.000
G1 X-20.424 Y-171.331 Z-4.000 F400.000
G1 X-20.390 Y-171.590 Z-4.000 F400.000
G1 X-20.283 Y-171.990 Z-4.000 F400.000
G1 X-20.183 Y-172.231 Z-4.000 F400.000
G1 X-19.975 Y-172.590 Z-4.000 F400.000
G1 X-19.817 Y-172.797 Z-4.000 F400.000
G1 X-19.524 Y-173.090 Z-4.000 F400.000
G1 X-19.316 Y-173.249 Z-4.000 F400.000
G1 X-18.958 Y-173.456 Z-4.000 F400.000
G1 X-18.716 Y-173.556 Z-4.000 F400.000
G1 X-18.316 Y-173.663 Z-4.000 F400.000
G1 X-18.057 Y-173.697 Z-4.000 F400.000
G1 X-17.850 Y-173.711 Z-4.000 F400.000
G1 X-16.445 Y-173.711 Z-4.000 F400.000
G1 X-16.336 Y-173.722 Z-4.000 F400.000
G1 X-16.307 Y-173.731 Z-4.000 F400.000
G1 X-16.281 Y-173.745 Z-4.000 F400.000
G1 X-16.257 Y-173.764 Z-4.000 F400.000
G1 X-16.238 Y-173.788 Z-4.000 F400.000
G1 X-16.224 Y-173.814 Z-4.000 F400.000
G1 X-16.215 Y-173.843 Z-4.000 F400.000
G1 X-16.204 Y-173.952 Z-4.000 F400.000
G1 X-16.204 Y-176.843 Z-4.000 F400.000
G1 X-16.207 Y-176.903 Z-4.000 F400.000
G1 X-16.210 Y-176.921 Z-4.000 F400.000
G1 X-16.215 Y-176.938 Z-4.000 F400.000
G1 X-16.238 Y-176.994 Z-4.000 F400.000
G1 X-20.125 Y-185.330 Z-4.000 F400.000
G1 X-20.230 Y-185.586 Z-4.000 F400.000
G1 X-20.337 Y-185.934 Z-4.000 F400.000
G1 X-20.406 Y-186.291 Z-4.000 F400.000
G1 X-20.435 Y-186.654 Z-4.000 F400.000
G1 X-20.437 Y-195.220 Z-4.000 F400.000
G1 X-20.396 Y-195.717 Z-4.000 F400.000
G1 X-20.336 Y-196.023 Z-4.000 F400.000
G1 X-20.236 Y-196.351 Z-4.000 F400.000
G1 X-20.117 Y-196.638 Z-4.000 F400.000
G1 X-19.955 Y-196.941 Z-4.000 F400.000
G1 X-19.782 Y-197.200 Z-4.000 F400.000
G1 X-19.565 Y-197.465 Z-4.000 F400.000
G1 X-19.345 Y-197.685 Z-4.000 F400.000
G1 X-19.079 Y-197.903 Z-4.000 F400.000
G1 X-18.821 Y-198.076 Z-4.000 F400.000
G1 X-18.518 Y-198.237 Z-4.000 F400.000
G1 X-18.231 Y-198.356 Z-4.000 F400.000
G1 X-17.902 Y-198.456 Z-4.000 F400.000
G1 X-17.597 Y-198.517 Z-4.000 F400.000
G1 X-17.256 Y-198.550 Z-4.000 F400.000
G1 X-14.330 Y-198.558 Z-4.000 F400.000
G1 X-14.220 Y-198.569 Z-4.000 F400.000
G1 X-14.191 Y-198.577 Z-4.000 F400.000
G1 X-14.164 Y-198.592 Z-4.000 F400.000
G1 X-14.141 Y-198.611 Z-4.000 F400.000
G1 X-14.121 Y-198.634 Z-4.000 F400.000
G1 X-14.107 Y-198.661 Z-4.000 F400.000
G1 X-14.098 Y-198.690 Z-4.000 F400.000
G1 X-14.087 Y-198.798 Z-4.000 F400.000
G1 X-14.088 Y-200.505 Z-4.000 F400.000
G1 X-14.098 Y-200.613 Z-4.000 F400.000
G1 X-14.107 Y-200.642 Z-4.000 F400.000
G1 X-14.121 Y-200.669 Z-4.000 F400.000
G1 X-14.141 Y-200.692 Z-4.000 F400.000
G1 X-14.164 Y-200.712 Z-4.000 F400.000
G1 X-14.191 Y-200.726 Z-4.000 F400.000
G1 X-14.220 Y-200.735 Z-4.000 F400.000
G1 X-14.328 Y-200.745 Z-4.000 F400.000
G1 X-17.100 Y-200.745 Z-4.000 F400.000
G1 X-17.597 Y-200.787 Z-4.000 F400.000
G1 X-17.902 Y-200.847 Z-4.000 F400.000
G1 X-18.231 Y-200.947 Z-4.000 F400.000
G1 X-18.518 Y-201.066 Z-4.000 F400.000
G1 X-18.821 Y-201.228 Z-4.000 F400.000
G1 X-19.079 Y-201.401 Z-4.000 F400.000
G1 X-19.345 Y-201.618 Z-4.000 F400.000
G1 X-19.565 Y-201.838 Z-4.000 F400.000
G1 X-19.782 Y-202.104 Z-4.000 F400.000
G1 X-19.955 Y-202.362 Z-4.000 F400.000
G1 X-20.117 Y-202.665 Z-4.000 F400.000
G1 X-20.236 Y-202.952 Z-4.000 F400.000
G1 X-20.336 Y-203.281 Z-4.000 F400.000
G1 X-20.396 Y-203.586 Z-4.000 F400.000
G1 X-20.430 Y-203.927 Z-4.000 F400.000
G1 X-20.437 Y-228.000 Z-4.000 F400.000
G0 X-20.437 Y-228.000 Z5.000
G0 X-20.437 Y-3.000 Z5.000
G0 X-20.437 Y-3.000 Z3.000
G1 X-20.437 Y-17.188 Z2.505 F400.000
G1 X-20.424 Y-17.395 Z2.497 F400.000
G1 X-20.390 Y-17.654 Z2.488 F400.000
G1 X-20.283 Y-18.054 Z2.474 F400.000
G1 X-20.183 Y-18.295 Z2.465 F400.000
G1 X-19.975 Y-18.654 Z2.450 F400.000
G1 X-19.817 Y-18.861 Z2.441 F400.000
G1 X-19.524 Y-19.154 Z2.427 F400.000
G1 X-19.316 Y-19.313 Z2.417 F400.000
G1 X-18.958 Y-19.520 Z2.403 F400.000
G1 X-18.716 Y-19.620 Z2.394 F400.000
G1 X-18.316 Y-19.727 Z2.379 F400.000
G1 X-18.057 Y-19.761 Z2.370 F400.000
G1 X-17.850 Y-19.775 Z2.363 F400.000
G1 X-16.445 Y-19.775 Z2.314 F400.000
G1 X-16.336 Y-19.786 Z2.310 F400.000
G1 X-16.307 Y-19.794 Z2.309 F400.000
G1 X-16.281 Y-19.809 Z2.308 F400.000
G1 X-16.257 Y-19.828 Z2.307 F400.000
G1 X-16.238 Y-19.851 Z2.306 F400.000
G1 X-16.224 Y-19.878 Z2.305 F400.000
G1 X-16.215 Y-19.907 Z2.304 F400.000
G1 X-16.204 Y-20.015 Z2.300 F400.000
G1 X-16.204 Y-22.907 Z2.199 F400.000
G1 X-16.207 Y-22.967 Z2.197 F400.000
G1 X-16.210 Y-22.985 Z2.196 F400.000
G1 X-16.215 Y-23.001 Z2.196 F400.000
G1 X-16.238 Y-23.058 Z2.194 F400.000
G1 X-20.125 Y-31.394 Z1.872 F400.000
G1 X-20.230 Y-31.650 Z1.863 F400.000
G1 X-20.337 Y-31.998 Z1.850 F400.000
G1 X-20.406 Y-32.355 Z1.837 F400.000
G1 X-20.435 Y-32.718 Z1.825 F400.000
G1 X-20.437 Y-55.672 Z1.023 F400.000
G1 X-20.424 Y-55.879 Z1.016 F400.000
G1 X-20.390 Y-56.138 Z1.007 F400.000
G1 X-20.283 Y-56.538 Z0.992 F400.000
G1 X-20.183 Y-56.779 Z0.983 F400.000
G1 X-19.975 Y-57.138 Z0.969 F400.000
G1 X-19.817 Y-57.345 Z0.959 F400.000
G1 X-19.524 Y-57.638 Z0.945 F400.000
G1 X-19.316 Y-57.797 Z0.936 F400.000
G1 X-18.958 Y-58.004 Z0.921 F400.000
G1 X-18.716 Y-58.104 Z0.912 F400.000
G1 X-18.316 Y-58.211 Z0.898 F400.000
G1 X-18.057 Y-58.245 Z0.889 F400.000
G1 X-17.850 Y-58.259 Z0.881 F400.000
G1 X-16.445 Y-58.259 Z0.832 F400.000
G1 X-16.336 Y-58.270 Z0.829 F400.000
G1 X-16.307 Y-58.278 Z0.828 F400.000
G1 X-16.281 Y-58.293 Z0.826 F400.000
G1 X-16.257 Y-58.312 Z0.825 F400.000
G1 X-16.238 Y-58.336 Z0.824 F400.000
G1 X-16.224 Y-58.362 Z0.823 F400.000
G1 X-16.215 Y-58.391 Z0.822 F400.000
G1 X-16.204 Y-58.500 Z0.818 F400.000
G1 X-16.204 Y-61.391 Z0.717 F400.000
G1 X-16.207 Y-61.451 Z0.715 F400.000
G1 X-16.210 Y-61.469 Z0.715 F400.000
G1 X-16.215 Y-61.485 Z0.714 F400.000
G1 X-16.238 Y-61.542 Z0.712 F400.000
G1 X-20.125 Y-69.878 Z0.391 F400.000
G1 X-20.230 Y-70.134 Z0.381 F400.000
G1 X-20.337 Y-70.482 Z0.368 F400.000
G1 X-20.406 Y-70.839 Z0.356 F400.000
G1 X-20.435 Y-71.202 Z0.343 F400.000
G1 X-20.437 Y-94.156 Z-0.459 F400.000
G1 X-20.424 Y-94.363 Z-0.466 F400.000
G1 X-20.390 Y-94.622 Z-0.475 F400.000
G1 X-20.283 Y-95.022 Z-0.489 F400.000
G1 X-20.183 Y-95.263 Z-0.499 F400.000
G1 X-19.975 Y-95.622 Z-0.513 F400.000
G1 X-19.817 Y-95.829 Z-0.522 F400.000
G1 X-19.524 Y-96.122 Z-0.537 F400.000
G1 X-19.316 Y-96.281 Z-0.546 F400.000
G1 X-18.958 Y-96.488 Z-0.560 F400.000
G1 X-18.716 Y-96.588 Z-0.569 F400.000
G1 X-18.316 Y-96.695 Z-0.584 F400.000
G1 X-18.057 Y-96.729 Z-0.593 F400.000
G1 X-17.853 Y-96.743 Z-0.600 F400.000
G1 X-18.057 Y-96.729 Z-0.607 F400.000
G1 X-18.316 Y-96.695 Z-0.616 F400.000
G1 X-18.716 Y-96.588 Z-0.631 F400.000
G1 X-18.958 Y-96.488 Z-0.640 F400.000
G1 X-19.316 Y-96.281 Z-0.654 F400.000
G1 X-19.524 Y-96.122 Z-0.663 F400.000
G1 X-19.817 Y-95.829 Z-0.678 F400.000
G1 X-19.975 Y-95.622 Z-0.687 F400.000
G1 X-20.183 Y-95.263 Z-0.701 F400.000
G1 X-20.283 Y-95.022 Z-0.711 F400.000
G1 X-20.390 Y-94.622 Z-0.725 F400.000
G1 X-20.424 Y-94.363 Z-0.734 F400.000
G1 X-20.437 Y-94.156 Z-0.741 F400.000
G1 X-20.435 Y-71.202 Z-1.543 F400.000
G1 X-20.406 Y-70.839 Z-1.556 F400.000
G1 X-20.337 Y-70.482 Z-1.568 F400.000
G1 X-20.230 Y-70.134 Z-1.581 F400.000
G1 X-20.125 Y-69.878 Z-1.591 F400.000
G1 X-16.238 Y-61.542 Z-1.912 F400.000
G1 X-16.215 Y-61.485 Z-1.914 F400.000
G1 X-16.210 Y-61.469 Z-1.915 F400.000
G1 X-16.207 Y-61.451 Z-1.915 F400.000
G1 X-16.204 Y-61.391 Z-1.917 F400.000
G1 X-16.204 Y-58.500 Z-2.018 F400.000
G1 X-16.215 Y-58.391 Z-2.022 F400.000
G1 X-16.224 Y-58.362 Z-2.023 F400.000
G1 X-16.238 Y-58.336 Z-2.024 F400.000
G1 X-16.257 Y-58.312 Z-2.025 F400.000
G1 X-16.281 Y-58.293 Z-2.026 F400.000
G1 X-16.307 Y-58.278 Z-2.028 F400.000
G1 X-16.336 Y-58.270 Z-2.029 F400.000
G1 X-16.445 Y-58.259 Z-2.032 F400.000
G1 X-17.850 Y-58.259 Z-2.081 F400.000
G1 X-18.057 Y-58.245 Z-2.089 F400.000
G1 X-18.316 Y-58.211 Z-2.098 F400.000
G1 X-18.716 Y-58.104 Z-2.112 F400.000
G1 X-18.958 Y-58.004 Z-2.121 F400.000
G1 X-19.316 Y-57.797 Z-2.136 F400.000
G1 X-19.524 Y-57.638 Z-2.145 F400.000
G1 X-19.817 Y-57.345 Z-2.159 F400.000
G1 X-19.975 Y-57.138 Z-2.169 F400.000
G1 X-20.183 Y-56.779 Z-2.183 F400.000
G1 X-20.283 Y-56.538 Z-2.192 F400.000
G1 X-20.390 Y-56.138 Z-2.207 F400.000
G1 X-20.424 Y-55.879 Z-2.216 F400.000
G1 X-20.437 Y-55.672 Z-2.223 F400.000
G1 X-20.435 Y-32.718 Z-3.025 F400.000
G1 X-20.406 Y-32.355 Z-3.037 F400.000
G1 X-20.337 Y-31.998 Z-3.050 F400.000
G1 X-20.230 Y-31.650 Z-3.063 F400.000
G1 X-20.125 Y-31.394 Z-3.072 F400.000
G1 X-16.238 Y-23.058 Z-3.394 F400.000
G1 X-16.215 Y-23.001 Z-3.396 F400.000
G1 X-16.210 Y-22.985 Z-3.396 F400.000
G1 X-16.207 Y-22.967 Z-3.397 F400.000
G1 X-16.204 Y-22.907 Z-3.399 F400.000
G1 X-16.204 Y-20.015 Z-3.500 F400.000
G1 X-16.215 Y-19.907 Z-3.504 F400.000
G1 X-16.224 Y-19.878 Z-3.505 F400.000
G1 X-16.238 Y-19.851 Z-3.506 F400.000
G1 X-16.257 Y-19.828 Z-3.507 F400.000
G1 X-16.281 Y-19.809 Z-3.508 F400.000
G1 X-16.307 Y-19.794 Z-3.509 F400.000
G1 X-16.336 Y-19.786 Z-3.510 F400.000
G1 X-16.445 Y-19.775 Z-3.514 F400.000
G1 X-17.850 Y-19.775 Z-3.563 F400.000
G1 X-18.057 Y-19.761 Z-3.570 F400.000
G1 X-18.316 Y-19.727 Z-3.579 F400.000
G1 X-18.716 Y-19.620 Z-3.594 F400.000
G1 X-18.958 Y-19.520 Z-3.603 F400.000
G1 X-19.316 Y-19.313 Z-3.617 F400.000
G1 X-19.524 Y-19.154 Z-3.627 F400.000
G1 X-19.817 Y-18.861 Z-3.641 F400.000
G1 X-19.975 Y-18.654 Z-3.650 F400.000
G1 X-20.183 Y-18.295 Z-3.665 F400.000
G1 X-20.283 Y-18.054 Z-3.674 F400.000
G1 X-20.390 Y-17.654 Z-3.688 F400.000
G1 X-20.424 Y-17.395 Z-3.697 F400.000
G1 X-20.437 Y-17.188 Z-3.705 F400.000
G1 X-20.437 Y-3.000 Z-4.200 F400.000
G1 X-20.437 Y-17.188 Z-4.200 F400.000
G1 X-20.424 Y-17.395 Z-4.200 F400.000
G1 X-20.390 Y-17.654 Z-4.200 F400.000
G1 X-20.283 Y-18.054 Z-4.200 F400.000
G1 X-20.183 Y-18.295 Z-4.200 F400.000
G1 X-19.975 Y-18.654 Z-4.200 F400.000
G1 X-19.817 Y-18.861 Z-4.200 F400.000
G1 X-19.524 Y-19.154 Z-4.200 F400.000
G1 X-19.316 Y-19.313 Z-4.200 F400.000
G1 X-18.958 Y-19.520 Z-4.200 F400.000
G1 X-18.716 Y-19.620 Z-4.200 F400.000
G1 X-18.316 Y-19.727 Z-4.200 F400.000
G1 X-18.057 Y-19.761 Z-4.200 F400.000
G1 X-17.850 Y-19.775 Z-4.200 F400.000
G1 X-16.445 Y-19.775 Z-4.200 F400.000
G1 X-16.336 Y-19.786 Z-4.200 F400.000
G1 X-16.307 Y-19.794 Z-4.200 F400.000
G1 X-16.281 Y-19.809 Z-4.200 F400.000
G1 X-16.257 Y-19.828 Z-4.200 F400.000
G1 X-16.238 Y-19.851 Z-4.200 F400.000
G1 X-16.224 Y-19.878 Z-4.200 F400.000
G1 X-16.215 Y-19.907 Z-4.200 F400.000
G1 X-16.204 Y-20.015 Z-4.200 F400.000
G1 X-16.204 Y-22.907 Z-4.200 F400.000
G1 X-16.207 Y-22.967 Z-4.200 F400.000
G1 X-16.210 Y-22.985 Z-4.200 F400.000
G1 X-16.215 Y-23.001 Z-4.200 F400.000
G1 X-16.238 Y-23.058 Z-4.200 F400.000
G1 X-20.125 Y-31.394 Z-4.200 F400.000
G1 X-20.230 Y-31.650 Z-4.200 F400.000
G1 X-20.337 Y-31.998 Z-4.200 F400.000
G1 X-20.406 Y-32.355 Z-4.200 F400.000
G1 X-20.435 Y-32.718 Z-4.200 F400.000
G1 X-20.437 Y-55.672 Z-4.200 F400.000
G1 X-20.424 Y-55.879 Z-4.200 F400.000
G1 X-20.390 Y-56.138 Z-4.200 F400.000
G1 X-20.283 Y-56.538 Z-4.200 F400.000
G1 X-20.183 Y-56.779 Z-4.200 F400.000
G1 X-19.975 Y-57.138 Z-4.200 F400.000
G1 X-19.817 Y-57.345 Z-4.200 F400.000
G1 X-19.524 Y-57.638 Z-4.200 F400.000
G1 X-19.316 Y-57.797 Z-4.200 F400.000
G1 X-18.958 Y-58.004 Z-4.200 F400.000
G1 X-18.716 Y-58.104 Z-4.200 F400.000
G1 X-18.316 Y-58.211 Z-4.200 F400.000
G1 X-18.057 Y-58.245 Z-4.200 F400.000
G1 X-17.850 Y-58.259 Z-4.200 F400.000
G1 X-16.445 Y-58.259 Z-4.200 F400.000
G1 X-16.336 Y-58.270 Z-4.200 F400.000
G1 X-16.307 Y-58.278 Z-4.200 F400.000
G1 X-16.281 Y-58.293 Z-4.200 F400.000
G1 X-16.257 Y-58.312 Z-4.200 F400.000
G1 X-16.238 Y-58.336 Z-4.200 F400.000
G1 X-16.224 Y-58.362 Z-4.200 F400.000
G1 X-16.215 Y-58.391 Z-4.200 F400.000
G1 X-16.204 Y-58.500 Z-4.200 F400.000
G1 X-16.204 Y-61.391 Z-4.200 F400.000
G1 X-16.207 Y-61.451 Z-4.200 F400.000
G1 X-16.210 Y-61.469 Z-4.200 F400.000
G1 X-16.215 Y-61.485 Z-4.200 F400.000
G1 X-16.238 Y-61.542 Z-4.200 F400.000
G1 X-20.125 Y-69.878 Z-4.200 F400.000
G1 X-20.230 Y-70.134 Z-4.200 F400.000
G1 X-20.337 Y-70.482 Z-4.200 F400.000
G1 X-20.406 Y-70.839 Z-4.200 F400.000
G1 X-20.435 Y-71.202 Z-4.200 F400.000
G1 X-20.437 Y-94.156 Z-4.200 F400.000
G1 X-20.424 Y-94.363 Z-4.200 F400.000
G1 X-20.390 Y-94.622 Z-4.200 F400.000
G1 X-20.283 Y-95.022 Z-4.200 F400.000
G1 X-20.183 Y-95.263 Z-4.200 F400.000
G1 X-19.975 Y-95.622 Z-4.200 F400.000
G1 X-19.817 Y-95.829 Z-4.200 F400.000
G1 X-19.524 Y-96.122 Z-4.200 F400.000
G1 X-19.316 Y-96.281 Z-4.200 F400.000
G1 X-18.958 Y-96.488 Z-4.200 F400.000
G1 X-18.716 Y-96.588 Z-4.200 F400.000
G1 X-18.316 Y-96.695 Z-4.200 F400.000
G1 X-18.057 Y-96.729 Z-4.200 F400.000
G1 X-17.850 Y-96.743 Z-4.200 F400.000
G1 X-16.445 Y-96.743 Z-4.200 F400.000
G1 X-16.336 Y-96.754 Z-4.200 F400.000
G1 X-16.307 Y-96.762 Z-4.200 F400.000
G1 X-16.281 Y-96.777 Z-4.200 F400.000
G1 X-16.257 Y-96.796 Z-4.200 F400.000
G1 X-16.238 Y-96.820 Z-4.200 F400.000
G1 X-16.224 Y-96.846 Z-4.200 F400.000
G1 X-16.215 Y-96.875 Z-4.200 F400.000
G1 X-16.204 Y-96.984 Z-4.200 F400.000
G1 X-16.204 Y-99.875 Z-4.200 F400.000
G1 X-16.207 Y-99.935 Z-4.200 F400.000
G1 X-16.210 Y-99.953 Z-4.200 F400.000
G1 X-16.215 Y-99.969 Z-4.200 F400.000
G1 X-16.238 Y-100.026 Z-4.200 F400.000
G1 X-20.125 Y-108.362 Z-4.200 F400.000
G1 X-20.230 Y-108.618 Z-4.200 F400.000
G1 X-20.337 Y-108.966 Z-4.200 F400.000
G1 X-20.406 Y-109.323 Z-4.200 F400.000
G1 X-20.435 Y-109.686 Z-4.200 F400.000
G1 X-20.437 Y-132.640 Z-4.200 F400.000
G1 X-20.424 Y-132.847 Z-4.200 F400.000
G1 X-20.390 Y-133.106 Z-4.200 F400.000
G1 X-20.283 Y-133.506 Z-4.200 F400.000
G1 X-20.183 Y-133.747 Z-4.200 F400.000
G1 X-19.975 Y-134.106 Z-4.200 F400.000
G1 X-19.817 Y-134.313 Z-4.200 F400.000
G1 X-19.524 Y-134.606 Z-4.200 F400.000
G1 X-19.316 Y-134.765 Z-4.200 F400.000
G1 X-18.958 Y-134.972 Z-4.200 F400.000
G1 X-18.716 Y-135.072 Z-4.200 F400.000
G1 X-18.316 Y-135.179 Z-4.200 F400.000
G1 X-18.057 Y-135.213 Z-4.200 F400.000
G1 X-17.850 Y-135.227 Z-4.200 F400.000
G1 X-16.445 Y-135.227 Z-4.200 F400.000
G1 X-16.336 Y-135.238 Z-4.200 F400.000
G1 X-16.307 Y-135.247 Z-4.200 F400.000
G1 X-16.281 Y-135.261 Z-4.200 F400.000
G1 X-16.257 Y-135.280 Z-4.200 F400.000
G1 X-16.238 Y-135.304 Z-4.200 F400.000
G1 X-16.224 Y-135.330 Z-4.200 F400.000
G1 X-16.215 Y-135.359 Z-4.200 F400.000
G1 X-16.204 Y-135.468 Z-4.200 F400.000
G1 X-16.204 Y-138.359 Z-4.200 F400.000
G1 X-16.207 Y-138.419 Z-4.200 F400.000
G1 X-16.210 Y-138.437 Z-4.200 F400.000
G1 X-16.215 Y-138.454 Z-4.200 F400.000
G1 X-16.238 Y-138.510 Z-4.200 F400.000
G1 X-20.125 Y-146.846 Z-4.200 F400.000
G1 X-20.230 Y-147.102 Z-4.200 F400.000
G1 X-20.337 Y-147.450 Z-4.200 F400.000
G1 X-20.406 Y-147.807 Z-4.200 F400.000
G1 X-20.435 Y-148.170 Z-4.200 F400.000
G1 X-20.437 Y-171.124 Z-4.200 F400.000
G1 X-20.424 Y-171.331 Z-4.200 F400.000
G1 X-20.390 Y-171.590 Z-4.200 F400.000
G1 X-20.283 Y-171.990 Z-4.200 F400.000
G1 X-20.183 Y-172.231 Z-4.200 F400.000
G1 X-19.975 Y-172.590 Z-4.200 F400.000
G1 X-19.817 Y-172.797 Z-4.200 F400.000
G1 X-19.524 Y-173.090 Z-4.200 F400.000
G1 X-19.316 Y-173.249 Z-4.200 F400.000
G1 X-18.958 Y-173.456 Z-4.200 F400.000
G1 X-18.716 Y-173.556 Z-4.200 F400.000
G1 X-18.316 Y-173.663 Z-4.200 F400.000
G1 X-18.057 Y-173.697 Z-4.200 F400.000
G1 X-17.850 Y-173.711 Z-4.200 F400.000
G1 X-16.445 Y-173.711 Z-4.200 F400.000
G1 X-16.336 Y-173.722 Z-4.200 F400.000
G1 X-16.307 Y-173.731 Z-4.200 F400.000
G1 X-16.281 Y-173.745 Z-4.200 F400.000
G1 X-16.257 Y-173.764 Z-4.200 F400.000
G1 X-16.238 Y-173.788 Z-4.200 F400.000
G1 X-16.224 Y-173.814 Z-4.200 F400.000
G1 X-16.215 Y-173.843 Z-4.200 F400.000
G1 X-16.204 Y-173.952 Z-4.200 F400.000
G1 X-16.204 Y-176.843 Z-4.200 F400.000
G1 X-16.207 Y-176.903 Z-4.200 F400.000
G1 X-16.210 Y-176.921 Z-4.200 F400.000
G1 X-16.215 Y-176.938 Z-4.200 F400.000
G1 X-16.238 Y-176.994 Z-4.200 F400.000
G1 X-20.125 Y-185.330 Z-4.200 F400.000
G1 X-20.230 Y-185.586 Z-4.200 F400.000
G1 X-20.337 Y-185.934 Z-4.200 F400.000
G1 X-20.406 Y-186.291 Z-4.200 F400.000
G1 X-20.435 Y-186.654 Z-4.200 F400.000
G1 X-20.437 Y-195.220 Z-4.200 F400.000
G1 X-20.396 Y-195.717 Z-4.200 F400.000
G1 X-20.336 Y-196.023 Z-4.200 F400.000
G1 X-20.236 Y-196.351 Z-4.200 F400.000
G1 X-20.117 Y-196.638 Z-4.200 F400.000
G1 X-19.955 Y-196.941 Z-4.200 F400.000
G1 X-19.782 Y-197.200 Z-4.200 F400.000
G1 X-19.565 Y-197.465 Z-4.200 F400.000
G1 X-19.345 Y-197.685 Z-4.200 F400.000
G1 X-19.079 Y-197.903 Z-4.200 F400.000
G1 X-18.821 Y-198.076 Z-4.200 F400.000
G1 X-18.518 Y-198.237 Z-4.200 F400.000
G1 X-18.231 Y-198.356 Z-4.200 F400.000
G1 X-17.902 Y-198.456 Z-4.200 F400.000
G1 X-17.597 Y-198.517 Z-4.200 F400.000
G1 X-17.256 Y-198.550 Z-4.200 F400.000
G1 X-14.330 Y-198.558 Z-4.200 F400.000
G1 X-14.220 Y-198.569 Z-4.200 F400.000
G1 X-14.191 Y-198.577 Z-4.200 F400.000
G1 X-14.164 Y-198.592 Z-4.200 F400.000
G1 X-14.141 Y-198.611 Z-4.200 F400.000
G1 X-14.121 Y-198.634 Z-4.200 F400.000
G1 X-14.107 Y-198.661 Z-4.200 F400.000
G1 X-14.098 Y-198.690 Z-4.200 F400.000
G1 X-14.087 Y-198.798 Z-4.200 F400.000
G1 X-14.088 Y-200.505 Z-4.200 F400.000
G1 X-14.098 Y-200.613 Z-4.200 F400.000
G1 X-14.107 Y-200.642 Z-4.200 F400.000
G1 X-14.121 Y-200.669 Z-4.200 F400.000
G1 X-14.141 Y-200.692 Z-4.200 F400.000
G1 X-14.164 Y-200.712 Z-4.200 F400.000
G1 X-14.191 Y-200.726 Z-4.200 F400.000
G1 X-14.220 Y-200.735 Z-4.200 F400.000
G1 X-14.328 Y-200.745 Z-4.200 F400.000
G1 X-17.100 Y-200.745 Z-4.200 F400.000
G1 X-17.597 Y-200.787 Z-4.200 F400.000
G1 X-17.902 Y-200.847 Z-4.200 F400.000
G1 X-18.231 Y-200.947 Z-4.200 F400.000
G1 X-18.518 Y-201.066 Z-4.200 F400.000
G1 X-18.821 Y-201.228 Z-4.200 F400.000
G1 X-19.079 Y-201.401 Z-4.200 F400.000
G1 X-19.345 Y-201.618 Z-4.200 F400.000
G1 X-19.565 Y-201.838 Z-4.200 F400.000
G1 X-19.782 Y-202.104 Z-4.200 F400.000
G1 X-19.955 Y-202.362 Z-4.200 F400.000
G1 X-20.117 Y-202.665 Z-4.200 F400.000
G1 X-20.236 Y-202.952 Z-4.200 F400.000
G1 X-20.336 Y-203.281 Z-4.200 F400.000
G1 X-20.396 Y-203.586 Z-4.200 F400.000
G1 X-20.430 Y-203.927 Z-4.200 F400.000
G1 X-20.437 Y-228.000 Z-4.200 F400.000
G0 X-20.437 Y-228.000 Z5.000
G0 X-20.437 Y-3.000 Z5.000
G0 X-20.437 Y-3.000 Z3.000
G1 X-20.437 Y-17.188 Z2.505 F400.000
G1 X-20.424 Y-17.395 Z2.497 F400.000
G1 X-20.390 Y-17.654 Z2.488 F400.000
G1 X-20.283 Y-18.054 Z2.474 F400.000
G1 X-20.183 Y-18.295 Z2.465 F400.000
G1 X-19.975 Y-18.654 Z2.450 F400.000
G1 X-19.817 Y-18.861 Z2.441 F400.000
G1 X-19.524 Y-19.154 Z2.427 F400.000
G1 X-19.316 Y-19.313 Z2.417 F400.000
G1 X-18.958 Y-19.520 Z2.403 F400.000
G1 X-18.716 Y-19.620 Z2.394 F400.000
G1 X-18.316 Y-19.727 Z2.379 F400.000
G1 X-18.057 Y-19.761 Z2.370 F400.000
G1 X-17.850 Y-19.775 Z2.363 F400.000
G1 X-16.445 Y-19.775 Z2.314 F400.000
G1 X-16.336 Y-19.786 Z2.310 F400.000
G1 X-16.307 Y-19.794 Z2.309 F400.000
G1 X-16.281 Y-19.809 Z2.308 F400.000
G1 X-16.257 Y-19.828 Z2.307 F400.000
G1 X-16.238 Y-19.851 Z2.306 F400.000
G1 X-16.224 Y-19.878 Z2.305 F400.000
G1 X-16.215 Y-19.907 Z2.304 F400.000
G1 X-16.204 Y-20.015 Z2.300 F400.000
G1 X-16.204 Y-22.907 Z2.199 F400.000
G1 X-16.207 Y-22.967 Z2.197 F400.000
G1 X-16.210 Y-22.985 Z2.196 F400.000
G1 X-16.215 Y-23.001 Z2.196 F400.000
G1 X-16.238 Y-23.058 Z2.194 F400.000
G1 X-20.125 Y-31.394 Z1.872 F400.000
G1 X-20.230 Y-31.650 Z1.863 F400.000
G1 X-20.337 Y-31.998 Z1.850 F400.000
G1 X-20.406 Y-32.355 Z1.837 F400.000
G1 X-20.435 Y-32.718 Z1.825 F400.000
G1 X-20.437 Y-55.672 Z1.023 F400.000
G1 X-20.424 Y-55.879 Z1.016 F400.000
G1 X-20.390 Y-56.138 Z1.007 F400.000
G1 X-20.283 Y-56.538 Z0.992 F400.000
G1 X-20.183 Y-56.779 Z0.983 F400.000
G1 X-19.975 Y-57.138 Z0.969 F400.000
G1 X-19.817 Y-57.345 Z0.959 F400.000
G1 X-19.524 Y-57.638 Z0.945 F400.000
G1 X-19.316 Y-57.797 Z0.936 F400.000
G1 X-18.958 Y-58.004 Z0.921 F400.000
G1 X-18.716 Y-58.104 Z0.912 F400.000
G1 X-18.316 Y-58.211 Z0.898 F400.000
G1 X-18.057 Y-58.245 Z0.889 F400.000
G1 X-17.850 Y-58.259 Z0.881 F400.000
G1 X-16.445 Y-58.259 Z0.832 F400.000
G1 X-16.336 Y-58.270 Z0.829 F400.000
G1 X-16.307 Y-58.278 Z0.828 F400.000
G1 X-16.281 Y-58.293 Z0.826 F400.000
G1 X-16.257 Y-58.312 Z0.825 F400.000
G1 X-16.238 Y-58.336 Z0.824 F400.000
G1 X-16.224 Y-58.362 Z0.823 F400.000
G1 X-16.215 Y-58.391 Z0.822 F400.000
G1 X-16.204 Y-58.500 Z0.818 F400.000
G1 X-16.204 Y-61.391 Z0.717 F400.000
G1 X-16.207 Y-61.451 Z0.715 F400.000
G1 X-16.210 Y-61.469 Z0.715 F400.000
G1 X-16.215 Y-61.485 Z0.714 F400.000
G1 X-16.238 Y-61.542 Z0.712 F400.000
G1 X-20.125 Y-69.878 Z0.391 F400.000
G1 X-20.230 Y-70.134 Z0.381 F400.000
G1 X-20.337 Y-70.482 Z0.368 F400.000
G1 X-20.406 Y-70.839 Z0.356 F400.000
G1 X-20.435 Y-71.202 Z0.343 F400.000
G1 X-20.437 Y-94.156 Z-0.459 F400.000
G1 X-20.424 Y-94.363 Z-0.466 F400.000
G1 X-20.390 Y-94.622 Z-0.475 F400.000
G1 X-20.283 Y-95.022 Z-0.489 F400.000
G1 X-20.183 Y-95.263 Z-0.499 F400.000
G1 X-19.975 Y-95.622 Z-0.513 F400.000
G1 X-19.817 Y-95.829 Z-0.522 F400.000
G1 X-19.524 Y-96.122 Z-0.537 F400.000
G1 X-19.316 Y-96.281 Z-0.546 F400.000
G1 X-18.958 Y-96.488 Z-0.560 F400.000
G1 X-18.716 Y-96.588 Z-0.569 F400.000
G1 X-18.316 Y-96.695 Z-0.584 F400.000
G1 X-18.057 Y-96.729 Z-0.593 F400.000
G1 X-17.850 Y-96.743 Z-0.600 F400.000
G1 X-16.445 Y-96.743 Z-0.649 F400.000
G1 X-16.336 Y-96.754 Z-0.653 F400.000
G1 X-16.307 Y-96.762 Z-0.654 F400.000
G1 X-16.281 Y-96.777 Z-0.655 F400.000
G1 X-16.257 Y-96.796 Z-0.656 F400.000
G1 X-16.238 Y-96.820 Z-0.657 F400.000
G1 X-16.224 Y-96.846 Z-0.658 F400.000
G1 X-16.215 Y-96.875 Z-0.659 F400.000
G1 X-16.204 Y-96.984 Z-0.663 F400.000
G1 X-16.204 Y-98.039 Z-0.700 F400.000
G1 X-16.204 Y-96.984 Z-0.737 F400.000
G1 X-16.215 Y-96.875 Z-0.741 F400.000
G1 X-16.224 Y-96.846 Z-0.742 F400.000
G1 X-16.238 Y-96.820 Z-0.743 F400.000
G1 X-16.257 Y-96.796 Z-0.744 F400.000
G1 X-16.281 Y-96.777 Z-0.745 F400.000
G1 X-16.307 Y-96.762 Z-0.746 F400.000
G1 X-16.336 Y-96.754 Z-0.747 F400.000
G1 X-16.445 Y-96.743 Z-0.751 F400.000
G1 X-17.850 Y-96.743 Z-0.800 F400.000
G1 X-18.057 Y-96.729 Z-0.807 F400.000
G1 X-18.316 Y-96.695 Z-0.816 F400.000
G1 X-18.716 Y-96.588 Z-0.831 F400.000
G1 X-18.958 Y-96.488 Z-0.840 F400.000
G1 X-19.316 Y-96.281 Z-0.854 F400.000
G1 X-19.524 Y-96.122 Z-0.863 F400.000
G1 X-19.817 Y-95.829 Z-0.878 F400.000
G1 X-19.975 Y-95.622 Z-0.887 F400.000
G1 X-20.183 Y-95.263 Z-0.901 F400.000
G1 X-20.283 Y-95.022 Z-0.911 F400.000
G1 X-20.390 Y-94.622 Z-0.925 F400.000
G1 X-20.424 Y-94.363 Z-0.934 F400.000
G1 X-20.437 Y-94.156 Z-0.941 F400.000
G1 X-20.435 Y-71.202 Z-1.743 F400.000
G1 X-20.406 Y-70.839 Z-1.756 F400.000
G1 X-20.337 Y-70.482 Z-1.768 F400.000
G1 X-20.230 Y-70.134 Z-1.781 F400.000
G1 X-20.125 Y-69.878 Z-1.791 F400.000
G1 X-16.238 Y-61.542 Z-2.112 F400.000
G1 X-16.215 Y-61.485 Z-2.114 F400.000
G1 X-16.210 Y-61.469 Z-2.115 F400.000
G1 X-16.207 Y-61.451 Z-2.115 F400.000
G1 X-16.204 Y-61.391 Z-2.117 F400.000
G1 X-16.204 Y-58.500 Z-2.218 F400.000
G1 X-16.215 Y-58.391 Z-2.222 F400.000
G1 X-16.224 Y-58.362 Z-2.223 F400.000
G1 X-16.238 Y-58.336 Z-2.224 F400.000
G1 X-16.257 Y-58.312 Z-2.225 F400.000
G1 X-16.281 Y-58.293 Z-2.226 F400.000
G1 X-16.307 Y-58.278 Z-2.228 F400.000
G1 X-16.336 Y-58.270 Z-2.229 F400.000
G1 X-16.445 Y-58.259 Z-2.232 F400.000
G1 X-17.850 Y-58.259 Z-2.281 F400.000
G1 X-18.057 Y-58.245 Z-2.289 F400.000
G1 X-18.316 Y-58.211 Z-2.298 F400.000
G1 X-18.716 Y-58.104 Z-2.312 F400.000
G1 X-18.958 Y-58.004 Z-2.321 F400.000
G1 X-19.316 Y-57.797 Z-2.336 F400.000
G1 X-19.524 Y-57.638 Z-2.345 F400.000
G1 X-19.817 Y-57.345 Z-2.359 F400.000
G1 X-19.975 Y-57.138 Z-2.369 F400.000
G1 X-20.183 Y-56.779 Z-2.383 F400.000
G1 X-20.283 Y-56.538 Z-2.392 F400.000
G1 X-20.390 Y-56.138 Z-2.407 F400.000
G1 X-20.424 Y-55.879 Z-2.416 F400.000
G1 X-20.437 Y-55.672 Z-2.423 F400.000
G1 X-20.435 Y-32.718 Z-3.225 F400.000
G1 X-20.406 Y-32.355 Z-3.237 F400.000
G1 X-20.337 Y-31.998 Z-3.250 F400.000
G1 X-20.230 Y-31.650 Z-3.263 F400.000
G1 X-20.125 Y-31.394 Z-3.272 F400.000
G1 X-16.238 Y-23.058 Z-3.594 F400.000
G1 X-16.215 Y-23.001 Z-3.596 F400.000
G1 X-16.210 Y-22.985 Z-3.596 F400.000
G1 X-16.207 Y-22.967 Z-3.597 F400.000
G1 X-16.204 Y-22.907 Z-3.599 F400.000
G1 X-16.204 Y-20.015 Z-3.700 F400.000
G1 X-16.215 Y-19.907 Z-3.704 F400.000
G1 X-16.224 Y-19.878 Z-3.705 F400.000
G1 X-16.238 Y-19.851 Z-3.706 F400.000
G1 X-16.257 Y-19.828 Z-3.707 F400.000
G1 X-16.281 Y-19.809 Z-3.708 F400.000
G1 X-16.307 Y-19.794 Z-3.709 F400.000
G1 X-16.336 Y-19.786 Z-3.710 F400.000
G1 X-16.445 Y-19.775 Z-3.714 F400.000
G1 X-17.850 Y-19.775 Z-3.763 F400.000
G1 X-18.057 Y-19.761 Z-3.770 F400.000
G1 X-18.316 Y-19.727 Z-3.779 F400.000
G1 X-18.716 Y-19.620 Z-3.794 F400.000
G1 X-18.958 Y-19.520 Z-3.803 F400.000
G1 X-19.316 Y-19.313 Z-3.817 F400.000
G1 X-19.524 Y-19.154 Z-3.827 F400.000
G1 X-19.817 Y-18.861 Z-3.841 F400.000
G1 X-19.975 Y-18.654 Z-3.850 F400.000
G1 X-20.183 Y-18.295 Z-3.865 F400.000
G1 X-20.283 Y-18.054 Z-3.874 F400.000
G1 X-20.390 Y-17.654 Z-3.888 F400.000
G1 X-20.424 Y-17.395 Z-3.897 F400.000
G1 X-20.437 Y-17.188 Z-3.905 F400.000
G1 X-20.437 Y-3.000 Z-4.400 F400.000
G1 X-20.437 Y-17.188 Z-4.400 F400.000
G1 X-20.424 Y-17.395 Z-4.400 F400.000
G1 X-20.390 Y-17.654 Z-4.400 F400.000
G1 X-20.283 Y-18.054 Z-4.400 F400.000
G1 X-20.183 Y-18.295 Z-4.400 F400.000
G1 X-19.975 Y-18.654 Z-4.400 F400.000
G1 X-19.817 Y-18.861 Z-4.400 F400.000
G1 X-19.524 Y-19.154 Z-4.400 F400.000
G1 X-19.316 Y-19.313 Z-4.400 F400.000
G1 X-18.958 Y-19.520 Z-4.400 F400.000
G1 X-18.716 Y-19.620 Z-4.400 F400.000
G1 X-18.316 Y-19.727 Z-4.400 F400.000
G1 X-18.057 Y-19.761 Z-4.400 F400.000
G1 X-17.850 Y-19.775 Z-4.400 F400.000
G1 X-16.445 Y-19.775 Z-4.400 F400.000
G1 X-16.336 Y-19.786 Z-4.400 F400.000
G1 X-16.307 Y-19.794 Z-4.400 F400.000
G1 X-16.281 Y-19.809 Z-4.400 F400.000
G1 X-16.257 Y-19.828 Z-4.400 F400.000
G1 X-16.238 Y-19.851 Z-4.400 F400.000
G1 X-16.224 Y-19.878 Z-4.400 F400.000
G1 X-16.215 Y-19.907 Z-4.400 F400.000
G1 X-16.204 Y-20.015 Z-4.400 F400.000
G1 X-16.204 Y-22.907 Z-4.400 F400.000
G1 X-16.207 Y-22.967 Z-4.400 F400.000
G1 X-16.210 Y-22.985 Z-4.400 F400.000
G1 X-16.215 Y-23.001 Z-4.400 F400.000
G1 X-16.238 Y-23.058 Z-4.400 F400.000
G1 X-20.125 Y-31.394 Z-4.400 F400.000
G1 X-20.230 Y-31.650 Z-4.400 F400.000
G1 X-20.337 Y-31.998 Z-4.400 F400.000
G1 X-20.406 Y-32.355 Z-4.400 F400.000
G1 X-20.435 Y-32.718 Z-4.400 F400.000
G1 X-20.437 Y-55.672 Z-4.400 F400.000
G1 X-20.424 Y-55.879 Z-4.400 F400.000
G1 X-20.390 Y-56.138 Z-4.400 F400.000
G1 X-20.283 Y-56.538 Z-4.400 F400.000
G1 X-20.183 Y-56.779 Z-4.400 F400.000
G1 X-19.975 Y-57.138 Z-4.400 F400.000
G1 X-19.817 Y-57.345 Z-4.400 F400.000
G1 X-19.524 Y-57.638 Z-4.400 F400.000
G1 X-19.316 Y-57.797 Z-4.400 F400.000
G1 X-18.958 Y-58.004 Z-4.400 F400.000
G1 X-18.716 Y-58.104 Z-4.400 F400.000
G1 X-18.316 Y-58.211 Z-4.400 F400.000
G1 X-18.057 Y-58.245 Z-4.400 F400.000
G1 X-17.850 Y-58.259 Z-4.400 F400.000
G1 X-16.445 Y-58.259 Z-4.400 F400.000
G1 X-16.336 Y-58.270 Z-4.400 F400.000
G1 X-16.307 Y-58.278 Z-4.400 F400.000
G1 X-16.281 Y-58.293 Z-4.400 F400.000
G1 X-16.257 Y-58.312 Z-4.400 F400.000
G1 X-16.238 Y-58.336 Z-4.400 F400.000
G1 X-16.224 Y-58.362 Z-4.400 F400.000
G1 X-16.215 Y-58.391 Z-4.400 F400.000
G1 X-16.204 Y-58.500 Z-4.400 F400.000
G1 X-16.204 Y-61.391 Z-4.400 F400.000
G1 X-16.207 Y-61.451 Z-4.400 F400.000
G1 X-16.210 Y-61.469 Z-4.400 F400.000
G1 X-16.215 Y-61.485 Z-4.400 F400.000
G1 X-16.238 Y-61.542 Z-4.400 F400.000
G1 X-20.125 Y-69.878 Z-4.400 F400.000
G1 X-20.230 Y-70.134 Z-4.400 F400.000
G1 X-20.337 Y-70.482 Z-4.400 F400.000
G1 X-20.406 Y-70.839 Z-4.400 F400.000
G1 X-20.435 Y-71.202 Z-4.400 F400.000
G1 X-20.437 Y-94.156 Z-4.400 F400.000
G1 X-20.424 Y-94.363 Z-4.400 F400.000
G1 X-20.390 Y-94.622 Z-4.400 F400.000
G1 X-20.283 Y-95.022 Z-4.400 F400.000
G1 X-20.183 Y-95.263 Z-4.400 F400.000
G1 X-19.975 Y-95.622 Z-4.400 F400.000
G1 X-19.817 Y-95.829 Z-4.400 F400.000
G1 X-19.524 Y-96.122 Z-4.400 F400.000
G1 X-19.316 Y-96.281 Z-4.400 F400.000
G1 X-18.958 Y-96.488 Z-4.400 F400.000
G1 X-18.716 Y-96.588 Z-4.400 F400.000
G1 X-18.316 Y-96.695 Z-4.400 F400.000
G1 X-18.057 Y-96.729 Z-4.400 F400.000
G1 X-17.850 Y-96.743 Z-4.400 F400.000
G1 X-16.445 Y-96.743 Z-4.400 F400.000
G1 X-16.336 Y-96.754 Z-4.400 F400.000
G1 X-16.307 Y-96.762 Z-4.400 F400.000
G1 X-16.281 Y-96.777 Z-4.400 F400.000
G1 X-16.257 Y-96.796 Z-4.400 F400.000
G1 X-16.238 Y-96.820 Z-4.400 F400.000
G1 X-16.224 Y-96.846 Z-4.400 F400.000
G1 X-16.215 Y-96.875 Z-4.400 F400.000
G1 X-16.204 Y-96.984 Z-4.400 F400.000
G1 X-16.204 Y-99.875 Z-4.400 F400.000
G1 X-16.207 Y-99.935 Z-4.400 F400.000
G1 X-16.210 Y-99.953 Z-4.400 F400.000
G1 X-16.215 Y-99.969 Z-4.400 F400.000
G1 X-16.238 Y-100.026 Z-4.400 F400.000
G1 X-20.125 Y-108.362 Z-4.400 F400.000
G1 X-20.230 Y-108.618 Z-4.400 F400.000
G1 X-20.337 Y-108.966 Z-4.400 F400.000
G1 X-20.406 Y-109.323 Z-4.400 F400.000
G1 X-20.435 Y-109.686 Z-4.400 F400.000
G1 X-20.437 Y-132.640 Z-4.400 F400.000
G1 X-20.424 Y-132.847 Z-4.400 F400.000
G1 X-20.390 Y-133.106 Z-4.400 F400.000
G1 X-20.283 Y-133.506 Z-4.400 F400.000
G1 X-20.183 Y-133.747 Z-4.400 F400.000
G1 X-19.975 Y-134.106 Z-4.400 F400.000
G1 X-19.817 Y-134.313 Z-4.400 F400.000
G1 X-19.524 Y-134.606 Z-4.400 F400.000
G1 X-19.316 Y-134.765 Z-4.400 F400.000
G1 X-18.958 Y-134.972 Z-4.400 F400.000
G1 X-18.716 Y-135.072 Z-4.400 F400.000
G1 X-18.316 Y-135.179 Z-4.400 F400.000
G1 X-18.057 Y-135.213 Z-4.400 F400.000
G1 X-17.850 Y-135.227 Z-4.400 F400.000
G1 X-16.445 Y-135.227 Z-4.400 F400.000
G1 X-16.336 Y-135.238 Z-4.400 F400.000
G1 X-16.307 Y-135.247 Z-4.400 F400.000
G1 X-16.281 Y-135.261 Z-4.400 F400.000
G1 X-16.257 Y-135.280 Z-4.400 F400.000
G1 X-16.238 Y-135.304 Z-4.400 F400.000
G1 X-16.224 Y-135.330 Z-4.400 F400.000
G1 X-16.215 Y-135.359 Z-4.400 F400.000
G1 X-16.204 Y-135.468 Z-4.400 F400.000
G1 X-16.204 Y-138.359 Z-4.400 F400.000
G1 X-16.207 Y-138.419 Z-4.400 F400.000
G1 X-16.210 Y-138.437 Z-4.400 F400.000
G1 X-16.215 Y-138.454 Z-4.400 F400.000
G1 X-16.238 Y-138.510 Z-4.400 F400.000
G1 X-20.125 Y-146.846 Z-4.400 F400.000
G1 X-20.230 Y-147.102 Z-4.400 F400.000
G1 X-20.337 Y-147.450 Z-4.400 F400.000
G1 X-20.406 Y-147.807 Z-4.400 F400.000
G1 X-20.435 Y-148.170 Z-4.400 F400.000
G1 X-20.437 Y-171.124 Z-4.400 F400.000
G1 X-20.424 Y-171.331 Z-4.400 F400.000
G1 X-20.390 Y-171.590 Z-4.400 F400.000
G1 X-20.283 Y-171.990 Z-4.400 F400.000
G1 X-20.183 Y-172.231 Z-4.400 F400.000
G1 X-19.975 Y-172.590 Z-4.400 F400.000
G1 X-19.817 Y-172.797 Z-4.400 F400.000
G1 X-19.524 Y-173.090 Z-4.400 F400.000
G1 X-19.316 Y-173.249 Z-4.400 F400.000
G1 X-18.958 Y-173.456 Z-4.400 F400.000
G1 X-18.716 Y-173.556 Z-4.400 F400.000
G1 X-18.316 Y-173.663 Z-4.400 F400.000
G1 X-18.057 Y-173.697 Z-4.400 F400.000
G1 X-17.850 Y-173.711 Z-4.400 F400.000
G1 X-16.445 Y-173.711 Z-4.400 F400.000
G1 X-16.336 Y-173.722 Z-4.400 F400.000
G1 X-16.307 Y-173.731 Z-4.400 F400.000
G1 X-16.281 Y-173.745 Z-4.400 F400.000
G1 X-16.257 Y-173.764 Z-4.400 F400.000
G1 X-16.238 Y-173.788 Z-4.400 F400.000
G1 X-16.224 Y-173.814 Z-4.400 F400.000
G1 X-16.215 Y-173.843 Z-4.400 F400.000
G1 X-16.204 Y-173.952 Z-4.400 F400.000
G1 X-16.204 Y-176.843 Z-4.400 F400.000
G1 X-16.207 Y-176.903 Z-4.400 F400.000
G1 X-16.210 Y-176.921 Z-4.400 F400.000
G1 X-16.215 Y-176.938 Z-4.400 F400.000
G1 X-16.238 Y-176.994 Z-4.400 F400.000
G1 X-20.125 Y-185.330 Z-4.400 F400.000
G1 X-20.230 Y-185.586 Z-4.400 F400.000
G1 X-20.337 Y-185.934 Z-4.400 F400.000
G1 X-20.406 Y-186.291 Z-4.400 F400.000
G1 X-20.435 Y-186.654 Z-4.400 F400.000
G1 X-20.437 Y-195.220 Z-4.400 F400.000
G1 X-20.396 Y-195.717 Z-4.400 F400.000
G1 X-20.336 Y-196.023 Z-4.400 F400.000
G1 X-20.236 Y-196.351 Z-4.400 F400.000
G1 X-20.117 Y-196.638 Z-4.400 F400.000
G1 X-19.955 Y-196.941 Z-4.400 F400.000
G1 X-19.782 Y-197.200 Z-4.400 F400.000
G1 X-19.565 Y-197.465 Z-4.400 F400.000
G1 X-19.345 Y-197.685 Z-4.400 F400.000
G1 X-19.079 Y-197.903 Z-4.400 F400.000
G1 X-18.821 Y-198.076 Z-4.400 F400.000
G1 X-18.518 Y-198.237 Z-4.400 F400.000
G1 X-18.231 Y-198.356 Z-4.400 F400.000
G1 X-17.902 Y-198.456 Z-4.400 F400.000
G1 X-17.597 Y-198.517 Z-4.400 F400.000
G1 X-17.256 Y-198.550 Z-4.400 F400.000
G1 X-14.330 Y-198.558 Z-4.400 F400.000
G1 X-14.220 Y-198.569 Z-4.400 F400.000
G1 X-14.191 Y-198.577 Z-4.400 F400.000
G1 X-14.164 Y-198.592 Z-4.400 F400.000
G1 X-14.141 Y-198.611 Z-4.400 F400.000
G1 X-14.121 Y-198.634 Z-4.400 F400.000
G1 X-14.107 Y-198.661 Z-4.400 F400.000
G1 X-14.098 Y-198.690 Z-4.400 F400.000
G1 X-14.087 Y-198.798 Z-4.400 F400.000
G1 X-14.088 Y-200.505 Z-4.400 F400.000
G1 X-14.098 Y-200.613 Z-4.400 F400.000
G1 X-14.107 Y-200.642 Z-4.400 F400.000
G1 X-14.121 Y-200.669 Z-4.400 F400.000
G1 X-14.141 Y-200.692 Z-4.400 F400.000
G1 X-14.164 Y-200.712 Z-4.400 F400.000
G1 X-14.191 Y-200.726 Z-4.400 F400.000
G1 X-14.220 Y-200.735 Z-4.400 F400.000
G1 X-14.328 Y-200.745 Z-4.400 F400.000
G1 X-17.100 Y-200.745 Z-4.400 F400.000
G1 X-17.597 Y-200.787 Z-4.400 F400.000
G1 X-17.902 Y-200.847 Z-4.400 F400.000
G1 X-18.231 Y-200.947 Z-4.400 F400.000
G1 X-18.518 Y-201.066 Z-4.400 F400.000
G1 X-18.821 Y-201.228 Z-4.400 F400.000
G1 X-19.079 Y-201.401 Z-4.400 F400.000
G1 X-19.345 Y-201.618 Z-4.400 F400.000
G1 X-19.565 Y-201.838 Z-4.400 F400.000
G1 X-19.782 Y-202.104 Z-4.400 F400.000
G1 X-19.955 Y-202.362 Z-4.400 F400.000
G1 X-20.117 Y-202.665 Z-4.400 F400.000
G1 X-20.236 Y-202.952 Z-4.400 F400.000
G1 X-20.336 Y-203.281 Z-4.400 F400.000
G1 X-20.396 Y-203.586 Z-4.400 F400.000
G1 X-20.430 Y-203.927 Z-4.400 F400.000
G1 X-20.437 Y-228.000 Z-4.400 F400.000
G0 X-20.437 Y-228.000 Z5.000
G0 X-20.437 Y-3.000 Z5.000
G0 X-20.437 Y-3.000 Z3.000
G1 X-20.437 Y-17.188 Z2.505 F400.000
G1 X-20.424 Y-17.395 Z2.497 F400.000
G1 X-20.390 Y-17.654 Z2.488 F400.000
G1 X-20.283 Y-18.054 Z2.474 F400.000
G1 X-20.183 Y-18.295 Z2.465 F400.000
G1 X-19.975 Y-18.654 Z2.450 F400.000
G1 X-19.817 Y-18.861 Z2.441 F400.000
G1 X-19.524 Y-19.154 Z2.427 F400.000
G1 X-19.316 Y-19.313 Z2.417 F400.000
G1 X-18.958 Y-19.520 Z2.403 F400.000
G1 X-18.716 Y-19.620 Z2.394 F400.000
G1 X-18.316 Y-19.727 Z2.379 F400.000
G1 X-18.057 Y-19.761 Z2.370 F400.000
G1 X-17.850 Y-19.775 Z2.363 F400.000
G1 X-16.445 Y-19.775 Z2.314 F400.000
G1 X-16.336 Y-19.786 Z2.310 F400.000
G1 X-16.307 Y-19.794 Z2.309 F400.000
G1 X-16.281 Y-19.809 Z2.308 F400.000
G1 X-16.257 Y-19.828 Z2.307 F400.000
G1 X-16.238 Y-19.851 Z2.306 F400.000
G1 X-16.224 Y-19.878 Z2.305 F400.000
G1 X-16.215 Y-19.907 Z2.304 F400.000
G1 X-16.204 Y-20.015 Z2.300 F400.000
G1 X-16.204 Y-22.907 Z2.199 F400.000
G1 X-16.207 Y-22.967 Z2.197 F400.000
G1 X-16.210 Y-22.985 Z2.196 F400.000
G1 X-16.215 Y-23.001 Z2.196 F400.000
G1 X-16.238 Y-23.058 Z2.194 F400.000
G1 X-20.125 Y-31.394 Z1.872 F400.000
G1 X-20.230 Y-31.650 Z1.863 F400.000
G1 X-20.337 Y-31.998 Z1.850 F400.000
G1 X-20.406 Y-32.355 Z1.837 F400.000
G1 X-20.435 Y-32.718 Z1.825 F400.000
G1 X-20.437 Y-55.672 Z1.023 F400.000
G1 X-20.424 Y-55.879 Z1.016 F400.000
G1 X-20.390 Y-56.138 Z1.007 F400.000
G1 X-20.283 Y-56.538 Z0.992 F400.000
G1 X-20.183 Y-56.779 Z0.983 F400.000
G1 X-19.975 Y-57.138 Z0.969 F400.000
G1 X-19.817 Y-57.345 Z0.959 F400.000
G1 X-19.524 Y-57.638 Z0.945 F400.000
G1 X-19.316 Y-57.797 Z0.936 F400.000
G1 X-18.958 Y-58.004 Z0.921 F400.000
G1 X-18.716 Y-58.104 Z0.912 F400.000
G1 X-18.316 Y-58.211 Z0.898 F400.000
G1 X-18.057 Y-58.245 Z0.889 F400.000
G1 X-17.850 Y-58.259 Z0.881 F400.000
G1 X-16.445 Y-58.259 Z0.832 F400.000
G1 X-16.336 Y-58.270 Z0.829 F400.000
G1 X-16.307 Y-58.278 Z0.828 F400.000
G1 X-16.281 Y-58.293 Z0.826 F400.000
G1 X-16.257 Y-58.312 Z0.825 F400.000
G1 X-16.238 Y-58.336 Z0.824 F400.000
G1 X-16.224 Y-58.362 Z0.823 F400.000
G1 X-16.215 Y-58.391 Z0.822 F400.000
G1 X-16.204 Y-58.500 Z0.818 F400.000
G1 X-16.204 Y-61.391 Z0.717 F400.000
G1 X-16.207 Y-61.451 Z0.715 F400.000
G1 X-16.210 Y-61.469 Z0.715 F400.000
G1 X-16.215 Y-61.485 Z0.714 F400.000
G1 X-16.238 Y-61.542 Z0.712 F400.000
G1 X-20.125 Y-69.878 Z0.391 F400.000
G1 X-20.230 Y-70.134 Z0.381 F400.000
G1 X-20.337 Y-70.482 Z0.368 F400.000
G1 X-20.406 Y-70.839 Z0.356 F400.000
G1 X-20.435 Y-71.202 Z0.343 F400.000
G1 X-20.437 Y-94.156 Z-0.459 F400.000
G1 X-20.424 Y-94.363 Z-0.466 F400.000
G1 X-20.390 Y-94.622 Z-0.475 F400.000
G1 X-20.283 Y-95.022 Z-0.489 F400.000
G1 X-20.183 Y-95.263 Z-0.499 F400.000
G1 X-19.975 Y-95.622 Z-0.513 F400.000
G1 X-19.817 Y-95.829 Z-0.522 F400.000
G1 X-19.524 Y-96.122 Z-0.537 F400.000
G1 X-19.316 Y-96.281 Z-0.546 F400.000
G1 X-18.958 Y-96.488 Z-0.560 F400.000
G1 X-18.716 Y-96.588 Z-0.569 F400.000
G1 X-18.316 Y-96.695 Z-0.584 F400.000
G1 X-18.057 Y-96.729 Z-0.593 F400.000
G1 X-17.850 Y-96.743 Z-0.600 F400.000
G1 X-16.445 Y-96.743 Z-0.649 F400.000
G1 X-16.336 Y-96.754 Z-0.653 F400.000
G1 X-16.307 Y-96.762 Z-0.654 F400.000
G1 X-16.281 Y-96.777 Z-0.655 F400.000
G1 X-16.257 Y-96.796 Z-0.656 F400.000
G1 X-16.238 Y-96.820 Z-0.657 F400.000
G1 X-16.224 Y-96.846 Z-0.658 F400.000
G1 X-16.215 Y-96.875 Z-0.659 F400.000
G1 X-16.204 Y-96.984 Z-0.663 F400.000
G1 X-16.204 Y-99.875 Z-0.764 F400.000
G1 X-16.207 Y-99.935 Z-0.766 F400.000
G1 X-16.210 Y-99.953 Z-0.767 F400.000
G1 X-16.215 Y-99.969 Z-0.767 F400.000
G1 X-16.238 Y-100.026 Z-0.770 F400.000
G1 X-16.606 Y-100.815 Z-0.800 F400.000
G1 X-16.238 Y-100.026 Z-0.830 F400.000
G1 X-16.215 Y-99.969 Z-0.833 F400.000
G1 X-16.210 Y-99.953 Z-0.833 F400.000
G1 X-16.207 Y-99.935 Z-0.834 F400.000
G1 X-16.204 Y-99.875 Z-0.836 F400.000
G1 X-16.204 Y-96.984 Z-0.937 F400.000
G1 X-16.215 Y-96.875 Z-0.941 F400.000
G1 X-16.224 Y-96.846 Z-0.942 F400.000
G1 X-16.238 Y-96.820 Z-0.943 F400.000
G1 X-16.257 Y-96.796 Z-0.944 F400.000
G1 X-16.281 Y-96.777 Z-0.945 F400.000
G1 X-16.307 Y-96.762 Z-0.946 F400.000
G1 X-16.336 Y-96.754 Z-0.947 F400.000
G1 X-16.445 Y-96.743 Z-0.951 F400.000
G1 X-17.850 Y-96.743 Z-1.000 F400.000
G1 X-18.057 Y-96.729 Z-1.007 F400.000
G1 X-18.316 Y-96.695 Z-1.016 F400.000
G1 X-18.716 Y-96.588 Z-1.031 F400.000
G1 X-18.958 Y-96.488 Z-1.040 F400.000
G1 X-19.316 Y-96.281 Z-1.054 F400.000
G1 X-19.524 Y-96.122 Z-1.063 F400.000
G1 X-19.817 Y-95.829 Z-1.078 F400.000
G1 X-19.975 Y-95.622 Z-1.087 F400.000
G1 X-20.183 Y-95.263 Z-1.101 F400.000
G1 X-20.283 Y-95.022 Z-1.111 F400.000
G1 X-20.390 Y-94.622 Z-1.125 F400.000
G1 X-20.424 Y-94.363 Z-1.134 F400.000
G1 X-20.437 Y-94.156 Z-1.141 F400.000
G1 X-20.435 Y-71.202 Z-1.943 F400.000
G1 X-20.406 Y-70.839 Z-1.956 F400.000
G1 X-20.337 Y-70.482 Z-1.968 F400.000
G1 X-20.230 Y-70.134 Z-1.981 F400.000
G1 X-20.125 Y-69.878 Z-1.991 F400.000
G1 X-16.238 Y-61.542 Z-2.312 F400.000
G1 X-16.215 Y-61.485 Z-2.314 F400.000
G1 X-16.210 Y-61.469 Z-2.315 F400.000
G1 X-16.207 Y-61.451 Z-2.315 F400.000
G1 X-16.204 Y-61.391 Z-2.317 F400.000
G1 X-16.204 Y-58.500 Z-2.418 F400.000
G1 X-16.215 Y-58.391 Z-2.422 F400.000
G1 X-16.224 Y-58.362 Z-2.423 F400.000
G1 X-16.238 Y-58.336 Z-2.424 F400.000
G1 X-16.257 Y-58.312 Z-2.425 F400.000
G1 X-16.281 Y-58.293 Z-2.426 F400.000
G1 X-16.307 Y-58.278 Z-2.428 F400.000
G1 X-16.336 Y-58.270 Z-2.429 F400.000
G1 X-16.445 Y-58.259 Z-2.432 F400.000
G1 X-17.850 Y-58.259 Z-2.481 F400.000
G1 X-18.057 Y-58.245 Z-2.489 F400.000
G1 X-18.316 Y-58.211 Z-2.498 F400.000
G1 X-18.716 Y-58.104 Z-2.512 F400.000
G1 X-18.958 Y-58.004 Z-2.521 F400.000
G1 X-19.316 Y-57.797 Z-2.536 F400.000
G1 X-19.524 Y-57.638 Z-2.545 F400.000
G1 X-19.817 Y-57.345 Z-2.559 F400.000
G1 X-19.975 Y-57.138 Z-2.569 F400.000
G1 X-20.183 Y-56.779 Z-2.583 F400.000
G1 X-20.283 Y-56.538 Z-2.592 F400.000
G1 X-20.390 Y-56.138 Z-2.607 F400.000
G1 X-20.424 Y-55.879 Z-2.616 F400.000
G1 X-20.437 Y-55.672 Z-2.623 F400.000
G1 X-20.435 Y-32.718 Z-3.425 F400.000
G1 X-20.406 Y-32.355 Z-3.437 F400.000
G1 X-20.337 Y-31.998 Z-3.450 F400.000
G1 X-20.230 Y-31.650 Z-3.463 F400.000
G1 X-20.125 Y-31.394 Z-3.472 F400.000
G1 X-16.238 Y-23.058 Z-3.794 F400.000
G1 X-16.215 Y-23.001 Z-3.796 F400.000
G1 X-16.210 Y-22.985 Z-3.796 F400.000
G1 X-16.207 Y-22.967 Z-3.797 F400.000
G1 X-16.204 Y-22.907 Z-3.799 F400.000
G1 X-16.204 Y-20.015 Z-3.900 F400.000
G1 X-16.215 Y-19.907 Z-3.904 F400.000
G1 X-16.224 Y-19.878 Z-3.905 F400.000
G1 X-16.238 Y-19.851 Z-3.906 F400.000
G1 X-16.257 Y-19.828 Z-3.907 F400.000
G1 X-16.281 Y-19.809 Z-3.908 F400.000
G1 X-16.307 Y-19.794 Z-3.909 F400.000
G1 X-16.336 Y-19.786 Z-3.910 F400.000
G1 X-16.445 Y-19.775 Z-3.914 F400.000
G1 X-17.850 Y-19.775 Z-3.963 F400.000
G1 X-18.057 Y-19.761 Z-3.970 F400.000
G1 X-18.316 Y-19.727 Z-3.979 F400.000
G1 X-18.716 Y-19.620 Z-3.994 F400.000
G1 X-18.958 Y-19.520 Z-4.003 F400.000
G1 X-19.316 Y-19.313 Z-4.017 F400.000
G1 X-19.524 Y-19.154 Z-4.027 F400.000
G1 X-19.817 Y-18.861 Z-4.041 F400.000
G1 X-19.975 Y-18.654 Z-4.050 F400.000
G1 X-20.183 Y-18.295 Z-4.065 F400.000
G1 X-20.283 Y-18.054 Z-4.074 F400.000
G1 X-20.390 Y-17.654 Z-4.088 F400.000
G1 X-20.424 Y-17.395 Z-4.097 F400.000
G1 X-20.437 Y-17.188 Z-4.105 F400.000
G1 X-20.437 Y-3.000 Z-4.600 F400.000
G1 X-20.437 Y-17.188 Z-4.600 F400.000
G1 X-20.424 Y-17.395 Z-4.600 F400.000
G1 X-20.390 Y-17.654 Z-4.600 F400.000
G1 X-20.283 Y-18.054 Z-4.600 F400.000
G1 X-20.183 Y-18.295 Z-4.600 F400.000
G1 X-19.975 Y-18.654 Z-4.600 F400.000
G1 X-19.817 Y-18.861 Z-4.600 F400.000
G1 X-19.524 Y-19.154 Z-4.600 F400.000
G1 X-19.316 Y-19.313 Z-4.600 F400.000
G1 X-18.958 Y-19.520 Z-4.600 F400.000
G1 X-18.716 Y-19.620 Z-4.600 F400.000
G1 X-18.316 Y-19.727 Z-4.600 F400.000
G1 X-18.057 Y-19.761 Z-4.600 F400.000
G1 X-17.850 Y-19.775 Z-4.600 F400.000
G1 X-16.445 Y-19.775 Z-4.600 F400.000
G1 X-16.336 Y-19.786 Z-4.600 F400.000
G1 X-16.307 Y-19.794 Z-4.600 F400.000
G1 X-16.281 Y-19.809 Z-4.600 F400.000
G1 X-16.257 Y-19.828 Z-4.600 F400.000
G1 X-16.238 Y-19.851 Z-4.600 F400.000
G1 X-16.224 Y-19.878 Z-4.600 F400.000
G1 X-16.215 Y-19.907 Z-4.600 F400.000
G1 X-16.204 Y-20.015 Z-4.600 F400.000
G1 X-16.204 Y-22.907 Z-4.600 F400.000
G1 X-16.207 Y-22.967 Z-4.600 F400.000
G1 X-16.210 Y-22.985 Z-4.600 F400.000
G1 X-16.215 Y-23.001 Z-4.600 F400.000
G1 X-16.238 Y-23.058 Z-4.600 F400.000
G1 X-20.125 Y-31.394 Z-4.600 F400.000
G1 X-20.230 Y-31.650 Z-4.600 F400.000
G1 X-20.337 Y-31.998 Z-4.600 F400.000
G1 X-20.406 Y-32.355 Z-4.600 F400.000
G1 X-20.435 Y-32.718 Z-4.600 F400.000
G1 X-20.437 Y-55.672 Z-4.600 F400.000
G1 X-20.424 Y-55.879 Z-4.600 F400.000
G1 X-20.390 Y-56.138 Z-4.600 F400.000
G1 X-20.283 Y-56.538 Z-4.600 F400.000
G1 X-20.183 Y-56.779 Z-4.600 F400.000
G1 X-19.975 Y-57.138 Z-4.600 F400.000
G1 X-19.817 Y-57.345 Z-4.600 F400.000
G1 X-19.524 Y-57.638 Z-4.600 F400.000
G1 X-19.316 Y-57.797 Z-4.600 F400.000
G1 X-18.958 Y-58.004 Z-4.600 F400.000
G1 X-18.716 Y-58.104 Z-4.600 F400.000
G1 X-18.316 Y-58.211 Z-4.600 F400.000
G1 X-18.057 Y-58.245 Z-4.600 F400.000
G1 X-17.850 Y-58.259 Z-4.600 F400.000
G1 X-16.445 Y-58.259 Z-4.600 F400.000
G1 X-16.336 Y-58.270 Z-4.600 F400.000
G1 X-16.307 Y-58.278 Z-4.600 F400.000
G1 X-16.281 Y-58.293 Z-4.600 F400.000
G1 X-16.257 Y-58.312 Z-4.600 F400.000
G1 X-16.238 Y-58.336 Z-4.600 F400.000
G1 X-16.224 Y-58.362 Z-4.600 F400.000
G1 X-16.215 Y-58.391 Z-4.600 F400.000
G1 X-16.204 Y-58.500 Z-4.600 F400.000
G1 X-16.204 Y-61.391 Z-4.600 F400.000
G1 X-16.207 Y-61.451 Z-4.600 F400.000
G1 X-16.210 Y-61.469 Z-4.600 F400.000
G1 X-16.215 Y-61.485 Z-4.600 F400.000
G1 X-16.238 Y-61.542 Z-4.600 F400.000
G1 X-20.125 Y-69.878 Z-4.600 F400.000
G1 X-20.230 Y-70.134 Z-4.600 F400.000
G1 X-20.337 Y-70.482 Z-4.600 F400.000
G1 X-20.406 Y-70.839 Z-4.600 F400.000
G1 X-20.435 Y-71.202 Z-4.600 F400.000
G1 X-20.437 Y-94.156 Z-4.600 F400.000
G1 X-20.424 Y-94.363 Z-4.600 F400.000
G1 X-20.390 Y-94.622 Z-4.600 F400.000
G1 X-20.283 Y-95.022 Z-4.600 F400.000
G1 X-20.183 Y-95.263 Z-4.600 F400.000
G1 X-19.975 Y-95.622 Z-4.600 F400.000
G1 X-19.817 Y-95.829 Z-4.600 F400.000
G1 X-19.524 Y-96.122 Z-4.600 F400.000
G1 X-19.316 Y-96.281 Z-4.600 F400.000
G1 X-18.958 Y-96.488 Z-4.600 F400.000
G1 X-18.716 Y-96.588 Z-4.600 F400.000
G1 X-18.316 Y-96.695 Z-4.600 F400.000
G1 X-18.057 Y-96.729 Z-4.600 F400.000
G1 X-17.850 Y-96.743 Z-4.600 F400.000
G1 X-16.445 Y-96.743 Z-4.600 F400.000
G1 X-16.336 Y-96.754 Z-4.600 F400.000
G1 X-16.307 Y-96.762 Z-4.600 F400.000
G1 X-16.281 Y-96.777 Z-4.600 F400.000
G1 X-16.257 Y-96.796 Z-4.600 F400.000
G1 X-16.238 Y-96.820 Z-4.600 F400.000
G1 X-16.224 Y-96.846 Z-4.600 F400.000
G1 X-16.215 Y-96.875 Z-4.600 F400.000
G1 X-16.204 Y-96.984 Z-4.600 F400.000
G1 X-16.204 Y-99.875 Z-4.600 F400.000
G1 X-16.207 Y-99.935 Z-4.600 F400.000
G1 X-16.210 Y-99.953 Z-4.600 F400.000
G1 X-16.215 Y-99.969 Z-4.600 F400.000
G1 X-16.238 Y-100.026 Z-4.600 F400.000
G1 X-20.125 Y-108.362 Z-4.600 F400.000
G1 X-20.230 Y-108.618 Z-4.600 F400.000
G1 X-20.337 Y-108.966 Z-4.600 F400.000
G1 X-20.406 Y-109.323 Z-4.600 F400.000
G1 X-20.435 Y-109.686 Z-4.600 F400.000
G1 X-20.437 Y-132.640 Z-4.600 F400.000
G1 X-20.424 Y-132.847 Z-4.600 F400.000
G1 X-20.390 Y-133.106 Z-4.600 F400.000
G1 X-20.283 Y-133.506 Z-4.600 F400.000
G1 X-20.183 Y-133.747 Z-4.600 F400.000
G1 X-19.975 Y-134.106 Z-4.600 F400.000
G1 X-19.817 Y-134.313 Z-4.600 F400.000
G1 X-19.524 Y-134.606 Z-4.600 F400.000
G1 X-19.316 Y-134.765 Z-4.600 F400.000
G1 X-18.958 Y-134.972 Z-4.600 F400.000
G1 X-18.716 Y-135.072 Z-4.600 F400.000
G1 X-18.316 Y-135.179 Z-4.600 F400.000
G1 X-18.057 Y-135.213 Z-4.600 F400.000
G1 X-17.850 Y-135.227 Z-4.600 F400.000
G1 X-16.445 Y-135.227 Z-4.600 F400.000
G1 X-16.336 Y-135.238 Z-4.600 F400.000
G1 X-16.307 Y-135.247 Z-4.600 F400.000
G1 X-16.281 Y-135.261 Z-4.600 F400.000
G1 X-16.257 Y-135.280 Z-4.600 F400.000
G1 X-16.238 Y-135.304 Z-4.600 F400.000
G1 X-16.224 Y-135.330 Z-4.600 F400.000
G1 X-16.215 Y-135.359 Z-4.600 F400.000
G1 X-16.204 Y-135.468 Z-4.600 F400.000
G1 X-16.204 Y-138.359 Z-4.600 F400.000
G1 X-16.207 Y-138.419 Z-4.600 F400.000
G1 X-16.210 Y-138.437 Z-4.600 F400.000
G1 X-16.215 Y-138.454 Z-4.600 F400.000
G1 X-16.238 Y-138.510 Z-4.600 F400.000
G1 X-20.125 Y-146.846 Z-4.600 F400.000
G1 X-20.230 Y-147.102 Z-4.600 F400.000
G1 X-20.337 Y-147.450 Z-4.600 F400.000
G1 X-20.406 Y-147.807 Z-4.600 F400.000
G1 X-20.435 Y-148.170 Z-4.600 F400.000
G1 X-20.437 Y-171.124 Z-4.600 F400.000
G1 X-20.424 Y-171.331 Z-4.600 F400.000
G1 X-20.390 Y-171.590 Z-4.600 F400.000
G1 X-20.283 Y-171.990 Z-4.600 F400.000
G1 X-20.183 Y-172.231 Z-4.600 F400.000
G1 X-19.975 Y-172.590 Z-4.600 F400.000
G1 X-19.817 Y-172.797 Z-4.600 F400.000
G1 X-19.524 Y-173.090 Z-4.600 F400.000
G1 X-19.316 Y-173.249 Z-4.600 F400.000
G1 X-18.958 Y-173.456 Z-4.600 F400.000
G1 X-18.716 Y-173.556 Z-4.600 F400.000
G1 X-18.316 Y-173.663 Z-4.600 F400.000
G1 X-18.057 Y-173.697 Z-4.600 F400.000
G1 X-17.850 Y-173.711 Z-4.600 F400.000
G1 X-16.445 Y-173.711 Z-4.600 F400.000
G1 X-16.336 Y-173.722 Z-4.600 F400.000
G1 X-16.307 Y-173.731 Z-4.600 F400.000
G1 X-16.281 Y-173.745 Z-4.600 F400.000
G1 X-16.257 Y-173.764 Z-4.600 F400.000
G1 X-16.238 Y-173.788 Z-4.600 F400.000
G1 X-16.224 Y-173.814 Z-4.600 F400.000
G1 X-16.215 Y-173.843 Z-4.600 F400.000
G1 X-16.204 Y-173.952 Z-4.600 F400.000
G1 X-16.204 Y-176.843 Z-4.600 F400.000
G1 X-16.207 Y-176.903 Z-4.600 F400.000
G1 X-16.210 Y-176.921 Z-4.600 F400.000
G1 X-16.215 Y-176.938 Z-4.600 F400.000
G1 X-16.238 Y-176.994 Z-4.600 F400.000
G1 X-20.125 Y-185.330 Z-4.600 F400.000
G1 X-20.230 Y-185.586 Z-4.600 F400.000
G1 X-20.337 Y-185.934 Z-4.600 F400.000
G1 X-20.406 Y-186.291 Z-4.600 F400.000
G1 X-20.435 Y-186.654 Z-4.600 F400.000
G1 X-20.437 Y-195.220 Z-4.600 F400.000
G1 X-20.396 Y-195.717 Z-4.600 F400.000
G1 X-20.336 Y-196.023 Z-4.600 F400.000
G1 X-20.236 Y-196.351 Z-4.600 F400.000
G1 X-20.117 Y-196.638 Z-4.600 F400.000
G1 X-19.955 Y-196.941 Z-4.600 F400.000
G1 X-19.782 Y-197.200 Z-4.600 F400.000
G1 X-19.565 Y-197.465 Z-4.600 F400.000
G1 X-19.345 Y-197.685 Z-4.600 F400.000
G1 X-19.079 Y-197.903 Z-4.600 F400.000
G1 X-18.821 Y-198.076 Z-4.600 F400.000
G1 X-18.518 Y-198.237 Z-4.600 F400.000
G1 X-18.231 Y-198.356 Z-4.600 F400.000
G1 X-17.902 Y-198.456 Z-4.600 F400.000
G1 X-17.597 Y-198.517 Z-4.600 F400.000
G1 X-17.256 Y-198.550 Z-4.600 F400.000
G1 X-14.330 Y-198.558 Z-4.600 F400.000
G1 X-14.220 Y-198.569 Z-4.600 F400.000
G1 X-14.191 Y-198.577 Z-4.600 F400.000
G1 X-14.164 Y-198.592 Z-4.600 F400.000
G1 X-14.141 Y-198.611 Z-4.600 F400.000
G1 X-14.121 Y-198.634 Z-4.600 F400.000
G1 X-14.107 Y-198.661 Z-4.600 F400.000
G1 X-14.098 Y-198.690 Z-4.600 F400.000
G1 X-14.087 Y-198.798 Z-4.600 F400.000
G1 X-14.088 Y-200.505 Z-4.600 F400.000
G1 X-14.098 Y-200.613 Z-4.600 F400.000
G1 X-14.107 Y-200.642 Z-4.600 F400.000
G1 X-14.121 Y-200.669 Z-4.600 F400.000
G1 X-14.141 Y-200.692 Z-4.600 F400.000
G1 X-14.164 Y-200.712 Z-4.600 F400.000
G1 X-14.191 Y-200.726 Z-4.600 F400.000
G1 X-14.220 Y-200.735 Z-4.600 F400.000
G1 X-14.328 Y-200.745 Z-4.600 F400.000
G1 X-17.100 Y-200.745 Z-4.600 F400.000
G1 X-17.597 Y-200.787 Z-4.600 F400.000
G1 X-17.902 Y-200.847 Z-4.600 F400.000
G1 X-18.231 Y-200.947 Z-4.600 F400.000
G1 X-18.518 Y-201.066 Z-4.600 F400.000
G1 X-18.821 Y-201.228 Z-4.600 F400.000
G1 X-19.079 Y-201.401 Z-4.600 F400.000
G1 X-19.345 Y-201.618 Z-4.600 F400.000
G1 X-19.565 Y-201.838 Z-4.600 F400.000
G1 X-19.782 Y-202.104 Z-4.600 F400.000
G1 X-19.955 Y-202.362 Z-4.600 F400.000
G1 X-20.117 Y-202.665 Z-4.600 F400.000
G1 X-20.236 Y-202.952 Z-4.600 F400.000
G1 X-20.336 Y-203.281 Z-4.600 F400.000
G1 X-20.396 Y-203.586 Z-4.600 F400.000
G1 X-20.430 Y-203.927 Z-4.600 F400.000
G1 X-20.437 Y-228.000 Z-4.600 F400.000
G0 X-20.437 Y-228.000 Z5.000
G0 X-20.437 Y-3.000 Z5.000
G0 X-20.437 Y-3.000 Z3.000
G1 X-20.437 Y-17.188 Z2.505 F400.000
G1 X-20.424 Y-17.395 Z2.497 F400.000
G1 X-20.390 Y-17.654 Z2.488 F400.000
G1 X-20.283 Y-18.054 Z2.474 F400.000
G1 X-20.183 Y-18.295 Z2.465 F400.000
G1 X-19.975 Y-18.654 Z2.450 F400.000
G1 X-19.817 Y-18.861 Z2.441 F400.000
G1 X-19.524 Y-19.154 Z2.427 F400.000
G1 X-19.316 Y-19.313 Z2.417 F400.000
G1 X-18.958 Y-19.520 Z2.403 F400.000
G1 X-18.716 Y-19.620 Z2.394 F400.000
G1 X-18.316 Y-19.727 Z2.379 F400.000
G1 X-18.057 Y-19.761 Z2.370 F400.000
G1 X-17.850 Y-19.775 Z2.363 F400.000
G1 X-16.445 Y-19.775 Z2.314 F400.000
G1 X-16.336 Y-19.786 Z2.310 F400.000
G1 X-16.307 Y-19.794 Z2.309 F400.000
G1 X-16.281 Y-19.809 Z2.308 F400.000
G1 X-16.257 Y-19.828 Z2.307 F400.000
G1 X-16.238 Y-19.851 Z2.306 F400.000
G1 X-16.224 Y-19.878 Z2.305 F400.000
G1 X-16.215 Y-19.907 Z2.304 F400.000
G1 X-16.204 Y-20.015 Z2.300 F400.000
G1 X-16.204 Y-22.907 Z2.199 F400.000
G1 X-16.207 Y-22.967 Z2.197 F400.000
G1 X-16.210 Y-22.985 Z2.196 F400.000
G1 X-16.215 Y-23.001 Z2.196 F400.000
G1 X-16.238 Y-23.058 Z2.194 F400.000
G1 X-20.125 Y-31.394 Z1.872 F400.000
G1 X-20.230 Y-31.650 Z1.863 F400.000
G1 X-20.337 Y-31.998 Z1.850 F400.000
G1 X-20.406 Y-32.355 Z1.837 F400.000
G1 X-20.435 Y-32.718 Z1.825 F400.000
G1 X-20.437 Y-55.672 Z1.023 F400.000
G1 X-20.424 Y-55.879 Z1.016 F400.000
G1 X-20.390 Y-56.138 Z1.007 F400.000
G1 X-20.283 Y-56.538 Z0.992 F400.000
G1 X-20.183 Y-56.779 Z0.983 F400.000
G1 X-19.975 Y-57.138 Z0.969 F400.000
G1 X-19.817 Y-57.345 Z0.959 F400.000
G1 X-19.524 Y-57.638 Z0.945 F400.000
G1 X-19.316 Y-57.797 Z0.936 F400.000
G1 X-18.958 Y-58.004 Z0.921 F400.000
G1 X-18.716 Y-58.104 Z0.912 F400.000
G1 X-18.316 Y-58.211 Z0.898 F400.000
G1 X-18.057 Y-58.245 Z0.889 F400.000
G1 X-17.850 Y-58.259 Z0.881 F400.000
G1 X-16.445 Y-58.259 Z0.832 F400.000
G1 X-16.336 Y-58.270 Z0.829 F400.000
G1 X-16.307 Y-58.278 Z0.828 F400.000
G1 X-16.281 Y-58.293 Z0.826 F400.000
G1 X-16.257 Y-58.312 Z0.825 F400.000
G1 X-16.238 Y-58.336 Z0.824 F400.000
G1 X-16.224 Y-58.362 Z0.823 F400.000
G1 X-16.215 Y-58.391 Z0.822 F400.000
G1 X-16.204 Y-58.500 Z0.818 F400.000
G1 X-16.204 Y-61.391 Z0.717 F400.000
G1 X-16.207 Y-61.451 Z0.715 F400.000
G1 X-16.210 Y-61.469 Z0.715 F400.000
G1 X-16.215 Y-61.485 Z0.714 F400.000
G1 X-16.238 Y-61.542 Z0.712 F400.000
G1 X-20.125 Y-69.878 Z0.391 F400.000
G1 X-20.230 Y-70.134 Z0.381 F400.000
G1 X-20.337 Y-70.482 Z0.368 F400.000
G1 X-20.406 Y-70.839 Z0.356 F400.000
G1 X-20.435 Y-71.202 Z0.343 F400.000
G1 X-20.437 Y-94.156 Z-0.459 F400.000
G1 X-20.424 Y-94.363 Z-0.466 F400.000
G1 X-20.390 Y-94.622 Z-0.475 F400.000
G1 X-20.283 Y-95.022 Z-0.489 F400.000
G1 X-20.183 Y-95.263 Z-0.499 F400.000
G1 X-19.975 Y-95.622 Z-0.513 F400.000
G1 X-19.817 Y-95.829 Z-0.522 F400.000
G1 X-19.524 Y-96.122 Z-0.537 F400.000
G1 X-19.316 Y-96.281 Z-0.546 F400.000
G1 X-18.958 Y-96.488 Z-0.560 F400.000
G1 X-18.716 Y-96.588 Z-0.569 F400.000
G1 X-18.316 Y-96.695 Z-0.584 F400.000
G1 X-18.057 Y-96.729 Z-0.593 F400.000
G1 X-17.850 Y-96.743 Z-0.600 F400.000
G1 X-16.445 Y-96.743 Z-0.649 F400.000
G1 X-16.336 Y-96.754 Z-0.653 F400.000
G1 X-16.307 Y-96.762 Z-0.654 F400.000
G1 X-16.281 Y-96.777 Z-0.655 F400.000
G1 X-16.257 Y-96.796 Z-0.656 F400.000
G1 X-16.238 Y-96.820 Z-0.657 F400.000
G1 X-16.224 Y-96.846 Z-0.658 F400.000
G1 X-16.215 Y-96.875 Z-0.659 F400.000
G1 X-16.204 Y-96.984 Z-0.663 F400.000
G1 X-16.204 Y-99.875 Z-0.764 F400.000
G1 X-16.207 Y-99.935 Z-0.766 F400.000
G1 X-16.210 Y-99.953 Z-0.767 F400.000
G1 X-16.215 Y-99.969 Z-0.767 F400.000
G1 X-16.238 Y-100.026 Z-0.770 F400.000
G1 X-17.816 Y-103.411 Z-0.900 F400.000
G1 X-16.238 Y-100.026 Z-1.030 F400.000
G1 X-16.215 Y-99.969 Z-1.033 F400.000
G1 X-16.210 Y-99.953 Z-1.033 F400.000
G1 X-16.207 Y-99.935 Z-1.034 F400.000
G1 X-16.204 Y-99.875 Z-1.036 F400.000
G1 X-16.204 Y-96.984 Z-1.137 F400.000
G1 X-16.215 Y-96.875 Z-1.141 F400.000
G1 X-16.224 Y-96.846 Z-1.142 F400.000
G1 X-16.238 Y-96.820 Z-1.143 F400.000
G1 X-16.257 Y-96.796 Z-1.144 F400.000
G1 X-16.281 Y-96.777 Z-1.145 F400.000
G1 X-16.307 Y-96.762 Z-1.146 F400.000
G1 X-16.336 Y-96.754 Z-1.147 F400.000
G1 X-16.445 Y-96.743 Z-1.151 F400.000
G1 X-17.850 Y-96.743 Z-1.200 F400.000
G1 X-18.057 Y-96.729 Z-1.207 F400.000
G1 X-18.316 Y-96.695 Z-1.216 F400.000
G1 X-18.716 Y-96.588 Z-1.231 F400.000
G1 X-18.958 Y-96.488 Z-1.240 F400.000
G1 X-19.316 Y-96.281 Z-1.254 F400.000
G1 X-19.524 Y-96.122 Z-1.263 F400.000
G1 X-19.817 Y-95.829 Z-1.278 F400.000
G1 X-19.975 Y-95.622 Z-1.287 F400.000
G1 X-20.183 Y-95.263 Z-1.301 F400.000
G1 X-20.283 Y-95.022 Z-1.311 F400.000
G1 X-20.390 Y-94.622 Z-1.325 F400.000
G1 X-20.424 Y-94.363 Z-1.334 F400.000
G1 X-20.437 Y-94.156 Z-1.341 F400.000
G1 X-20.435 Y-71.202 Z-2.143 F400.000
G1 X-20.406 Y-70.839 Z-2.156 F400.000
G1 X-20.337 Y-70.482 Z-2.168 F400.000
G1 X-20.230 Y-70.134 Z-2.181 F400.000
G1 X-20.125 Y-69.878 Z-2.191 F400.000
G1 X-16.238 Y-61.542 Z-2.512 F400.000
G1 X-16.215 Y-61.485 Z-2.514 F400.000
G1 X-16.210 Y-61.469 Z-2.515 F400.000
G1 X-16.207 Y-61.451 Z-2.515 F400.000
G1 X-16.204 Y-61.391 Z-2.517 F400.000
G1 X-16.204 Y-58.500 Z-2.618 F400.000
G1 X-16.215 Y-58.391 Z-2.622 F400.000
G1 X-16.224 Y-58.362 Z-2.623 F400.000
G1 X-16.238 Y-58.336 Z-2.624 F400.000
G1 X-16.257 Y-58.312 Z-2.625 F400.000
G1 X-16.281 Y-58.293 Z-2.626 F400.000
G1 X-16.307 Y-58.278 Z-2.628 F400.000
G1 X-16.336 Y-58.270 Z-2.629 F400.000
G1 X-16.445 Y-58.259 Z-2.632 F400.000
G1 X-17.850 Y-58.259 Z-2.681 F400.000
G1 X-18.057 Y-58.245 Z-2.689 F400.000
G1 X-18.316 Y-58.211 Z-2.698 F400.000
G1 X-18.716 Y-58.104 Z-2.712 F400.000
G1 X-18.958 Y-58.004 Z-2.721 F400.000
G1 X-19.316 Y-57.797 Z-2.736 F400.000
G1 X-19.524 Y-57.638 Z-2.745 F400.000
G1 X-19.817 Y-57.345 Z-2.759 F400.000
G1 X-19.975 Y-57.138 Z-2.769 F400.000
G1 X-20.183 Y-56.779 Z-2.783 F400.000
G1 X-20.283 Y-56.538 Z-2.792 F400.000
G1 X-20.390 Y-56.138 Z-2.807 F400.000
G1 X-20.424 Y-55.879 Z-2.816 F400.000
G1 X-20.437 Y-55.672 Z-2.823 F400.000
G1 X-20.435 Y-32.718 Z-3.625 F400.000
G1 X-20.406 Y-32.355 Z-3.637 F400.000
G1 X-20.337 Y-31.998 Z-3.650 F400.000
G1 X-20.230 Y-31.650 Z-3.663 F400.000
G1 X-20.125 Y-31.394 Z-3.672 F400.000
G1 X-16.238 Y-23.058 Z-3.994 F400.000
G1 X-16.215 Y-23.001 Z-3.996 F400.000
G1 X-16.210 Y-22.985 Z-3.996 F400.000
G1 X-16.207 Y-22.967 Z-3.997 F400.000
G1 X-16.204 Y-22.907 Z-3.999 F400.000
G1 X-16.204 Y-20.015 Z-4.100 F400.000
G1 X-16.215 Y-19.907 Z-4.104 F400.000
G1 X-16.224 Y-19.878 Z-4.105 F400.000
G1 X-16.238 Y-19.851 Z-4.106 F400.000
G1 X-16.257 Y-19.828 Z-4.107 F400.000
G1 X-16.281 Y-19.809 Z-4.108 F400.000
G1 X-16.307 Y-19.794 Z-4.109 F400.000
G1 X-16.336 Y-19.786 Z-4.110 F400.000
G1 X-16.445 Y-19.775 Z-4.114 F400.000
G1 X-17.850 Y-19.775 Z-4.163 F400.000
G1 X-18.057 Y-19.761 Z-4.170 F400.000
G1 X-18.316 Y-19.727 Z-4.179 F400.000
G1 X-18.716 Y-19.620 Z-4.194 F400.000
G1 X-18.958 Y-19.520 Z-4.203 F400.000
G1 X-19.316 Y-19.313 Z-4.217 F400.000
G1 X-19.524 Y-19.154 Z-4.227 F400.000
G1 X-19.817 Y-18.861 Z-4.241 F400.000
G1 X-19.975 Y-18.654 Z-4.250 F400.000
G1 X-20.183 Y-18.295 Z-4.265 F400.000
G1 X-20.283 Y-18.054 Z-4.274 F400.000
G1 X-20.390 Y-17.654 Z-4.288 F400.000
G1 X-20.424 Y-17.395 Z-4.297 F400.000
G1 X-20.437 Y-17.188 Z-4.305 F400.000
G1 X-20.437 Y-3.000 Z-4.800 F400.000
G1 X-20.437 Y-17.188 Z-4.800 F400.000
G1 X-20.424 Y-17.395 Z-4.800 F400.000
G1 X-20.390 Y-17.654 Z-4.800 F400.000
G1 X-20.283 Y-18.054 Z-4.800 F400.000
G1 X-20.183 Y-18.295 Z-4.800 F400.000
G1 X-19.975 Y-18.654 Z-4.800 F400.000
G1 X-19.817 Y-18.861 Z-4.800 F400.000
G1 X-19.524 Y-19.154 Z-4.800 F400.000
G1 X-19.316 Y-19.313 Z-4.800 F400.000
G1 X-18.958 Y-19.520 Z-4.800 F400.000
G1 X-18.716 Y-19.620 Z-4.800 F400.000
G1 X-18.316 Y-19.727 Z-4.800 F400.000
G1 X-18.057 Y-19.761 Z-4.800 F400.000
G1 X-17.850 Y-19.775 Z-4.800 F400.000
G1 X-16.445 Y-19.775 Z-4.800 F400.000
G1 X-16.336 Y-19.786 Z-4.800 F400.000
G1 X-16.307 Y-19.794 Z-4.800 F400.000
G1 X-16.281 Y-19.809 Z-4.800 F400.000
G1 X-16.257 Y-19.828 Z-4.800 F400.000
G1 X-16.238 Y-19.851 Z-4.800 F400.000
G1 X-16.224 Y-19.878 Z-4.800 F400.000
G1 X-16.215 Y-19.907 Z-4.800 F400.000
G1 X-16.204 Y-20.015 Z-4.800 F400.000
G1 X-16.204 Y-22.907 Z-4.800 F400.000
G1 X-16.207 Y-22.967 Z-4.800 F400.000
G1 X-16.210 Y-22.985 Z-4.800 F400.000
G1 X-16.215 Y-23.001 Z-4.800 F400.000
G1 X-16.238 Y-23.058 Z-4.800 F400.000
G1 X-20.125 Y-31.394 Z-4.800 F400.000
G1 X-20.230 Y-31.650 Z-4.800 F400.000
G1 X-20.337 Y-31.998 Z-4.800 F400.000
G1 X-20.406 Y-32.355 Z-4.800 F400.000
G1 X-20.435 Y-32.718 Z-4.800 F400.000
G1 X-20.437 Y-55.672 Z-4.800 F400.000
G1 X-20.424 Y-55.879 Z-4.800 F400.000
G1 X-20.390 Y-56.138 Z-4.800 F400.000
G1 X-20.283 Y-56.538 Z-4.800 F400.000
G1 X-20.183 Y-56.779 Z-4.800 F400.000
G1 X-19.975 Y-57.138 Z-4.800 F400.000
G1 X-19.817 Y-57.345 Z-4.800 F400.000
G1 X-19.524 Y-57.638 Z-4.800 F400.000
G1 X-19.316 Y-57.797 Z-4.800 F400.000
G1 X-18.958 Y-58.004 Z-4.800 F400.000
G1 X-18.716 Y-58.104 Z-4.800 F400.000
G1 X-18.316 Y-58.211 Z-4.800 F400.000
G1 X-18.057 Y-58.245 Z-4.800 F400.000
G1 X-17.850 Y-58.259 Z-4.800 F400.000
G1 X-16.445 Y-58.259 Z-4.800 F400.000
G1 X-16.336 Y-58.270 Z-4.800 F400.000
G1 X-16.307 Y-58.278 Z-4.800 F400.000
G1 X-16.281 Y-58.293 Z-4.800 F400.000
G1 X-16.257 Y-58.312 Z-4.800 F400.000
G1 X-16.238 Y-58.336 Z-4.800 F400.000
G1 X-16.224 Y-58.362 Z-4.800 F400.000
G1 X-16.215 Y-58.391 Z-4.800 F400.000
G1 X-16.204 Y-58.500 Z-4.800 F400.000
G1 X-16.204 Y-61.391 Z-4.800 F400.000
G1 X-16.207 Y-61.451 Z-4.800 F400.000
G1 X-16.210 Y-61.469 Z-4.800 F400.000
G1 X-16.215 Y-61.485 Z-4.800 F400.000
G1 X-16.238 Y-61.542 Z-4.800 F400.000
G1 X-20.125 Y-69.878 Z-4.800 F400.000
G1 X-20.230 Y-70.134 Z-4.800 F400.000
G1 X-20.337 Y-70.482 Z-4.800 F400.000
G1 X-20.406 Y-70.839 Z-4.800 F400.000
G1 X-20.435 Y-71.202 Z-4.800 F400.000
G1 X-20.437 Y-94.156 Z-4.800 F400.000
G1 X-20.424 Y-94.363 Z-4.800 F400.000
G1 X-20.390 Y-94.622 Z-4.800 F400.000
G1 X-20.283 Y-95.022 Z-4.800 F400.000
G1 X-20.183 Y-95.263 Z-4.800 F400.000
G1 X-19.975 Y-95.622 Z-4.800 F400.000
G1 X-19.817 Y-95.829 Z-4.800 F400.000
G1 X-19.524 Y-96.122 Z-4.800 F400.000
G1 X-19.316 Y-96.281 Z-4.800 F400.000
G1 X-18.958 Y-96.488 Z-4.800 F400.000
G1 X-18.716 Y-96.588 Z-4.800 F400.000
G1 X-18.316 Y-96.695 Z-4.800 F400.000
G1 X-18.057 Y-96.729 Z-4.800 F400.000
G1 X-17.850 Y-96.743 Z-4.800 F400.000
G1 X-16.445 Y-96.743 Z-4.800 F400.000
G1 X-16.336 Y-96.754 Z-4.800 F400.000
G1 X-16.307 Y-96.762 Z-4.800 F400.000
G1 X-16.281 Y-96.777 Z-4.800 F400.000
G1 X-16.257 Y-96.796 Z-4.800 F400.000
G1 X-16.238 Y-96.820 Z-4.800 F400.000
G1 X-16.224 Y-96.846 Z-4.800 F400.000
G1 X-16.215 Y-96.875 Z-4.800 F400.000
G1 X-16.204 Y-96.984 Z-4.800 F400.000
G1 X-16.204 Y-99.875 Z-4.800 F400.000
G1 X-16.207 Y-99.935 Z-4.800 F400.000
G1 X-16.210 Y-99.953 Z-4.800 F400.000
G1 X-16.215 Y-99.969 Z-4.800 F400.000
G1 X-16.238 Y-100.026 Z-4.800 F400.000
G1 X-20.125 Y-108.362 Z-4.800 F400.000
G1 X-20.230 Y-108.618 Z-4.800 F400.000
G1 X-20.337 Y-108.966 Z-4.800 F400.000
G1 X-20.406 Y-109.323 Z-4.800 F400.000
G1 X-20.435 Y-109.686 Z-4.800 F400.000
G1 X-20.437 Y-132.640 Z-4.800 F400.000
G1 X-20.424 Y-132.847 Z-4.800 F400.000
G1 X-20.390 Y-133.106 Z-4.800 F400.000
G1 X-20.283 Y-133.506 Z-4.800 F400.000
G1 X-20.183 Y-133.747 Z-4.800 F400.000
G1 X-19.975 Y-134.106 Z-4.800 F400.000
G1 X-19.817 Y-134.313 Z-4.800 F400.000
G1 X-19.524 Y-134.606 Z-4.800 F400.000
G1 X-19.316 Y-134.765 Z-4.800 F400.000
G1 X-18.958 Y-134.972 Z-4.800 F400.000
G1 X-18.716 Y-135.072 Z-4.800 F400.000
G1 X-18.316 Y-135.179 Z-4.800 F400.000
G1 X-18.057 Y-135.213 Z-4.800 F400.000
G1 X-17.850 Y-135.227 Z-4.800 F400.000
G1 X-16.445 Y-135.227 Z-4.800 F400.000
G1 X-16.336 Y-135.238 Z-4.800 F400.000
G1 X-16.307 Y-135.247 Z-4.800 F400.000
G1 X-16.281 Y-135.261 Z-4.800 F400.000
G1 X-16.257 Y-135.280 Z-4.800 F400.000
G1 X-16.238 Y-135.304 Z-4.800 F400.000
G1 X-16.224 Y-135.330 Z-4.800 F400.000
G1 X-16.215 Y-135.359 Z-4.800 F400.000
G1 X-16.204 Y-135.468 Z-4.800 F400.000
G1 X-16.204 Y-138.359 Z-4.800 F400.000
G1 X-16.207 Y-138.419 Z-4.800 F400.000
G1 X-16.210 Y-138.437 Z-4.800 F400.000
G1 X-16.215 Y-138.454 Z-4.800 F400.000
G1 X-16.238 Y-138.510 Z-4.800 F400.000
G1 X-20.125 Y-146.846 Z-4.800 F400.000
G1 X-20.230 Y-147.102 Z-4.800 F400.000
G1 X-20.337 Y-147.450 Z-4.800 F400.000
G1 X-20.406 Y-147.807 Z-4.800 F400.000
G1 X-20.435 Y-148.170 Z-4.800 F400.000
G1 X-20.437 Y-171.124 Z-4.800 F400.000
G1 X-20.424 Y-171.331 Z-4.800 F400.000
G1 X-20.390 Y-171.590 Z-4.800 F400.000
G1 X-20.283 Y-171.990 Z-4.800 F400.000
G1 X-20.183 Y-172.231 Z-4.800 F400.000
G1 X-19.975 Y-172.590 Z-4.800 F400.000
G1 X-19.817 Y-172.797 Z-4.800 F400.000
G1 X-19.524 Y-173.090 Z-4.800 F400.000
G1 X-19.316 Y-173.249 Z-4.800 F400.000
G1 X-18.958 Y-173.456 Z-4.800 F400.000
G1 X-18.716 Y-173.556 Z-4.800 F400.000
G1 X-18.316 Y-173.663 Z-4.800 F400.000
G1 X-18.057 Y-173.697 Z-4.800 F400.000
G1 X-17.850 Y-173.711 Z-4.800 F400.000
G1 X-16.445 Y-173.711 Z-4.800 F400.000
G1 X-16.336 Y-173.722 Z-4.800 F400.000
G1 X-16.307 Y-173.731 Z-4.800 F400.000
G1 X-16.281 Y-173.745 Z-4.800 F400.000
G1 X-16.257 Y-173.764 Z-4.800 F400.000
G1 X-16.238 Y-173.788 Z-4.800 F400.000
G1 X-16.224 Y-173.814 Z-4.800 F400.000
G1 X-16.215 Y-173.843 Z-4.800 F400.000
G1 X-16.204 Y-173.952 Z-4.800 F400.000
G1 X-16.204 Y-176.843 Z-4.800 F400.000
G1 X-16.207 Y-176.903 Z-4.800 F400.000
G1 X-16.210 Y-176.921 Z-4.800 F400.000
G1 X-16.215 Y-176.938 Z-4.800 F400.000
G1 X-16.238 Y-176.994 Z-4.800 F400.000
G1 X-20.125 Y-185.330 Z-4.800 F400.000
G1 X-20.230 Y-185.586 Z-4.800 F400.000
G1 X-20.337 Y-185.934 Z-4.800 F400.000
G1 X-20.406 Y-186.291 Z-4.800 F400.000
G1 X-20.435 Y-186.654 Z-4.800 F400.000
G1 X-20.437 Y-195.220 Z-4.800 F400.000
G1 X-20.396 Y-195.717 Z-4.800 F400.000
G1 X-20.336 Y-196.023 Z-4.800 F400.000
G1 X-20.236 Y-196.351 Z-4.800 F400.000
G1 X-20.117 Y-196.638 Z-4.800 F400.000
G1 X-19.955 Y-196.941 Z-4.800 F400.000
G1 X-19.782 Y-197.200 Z-4.800 F400.000
G1 X-19.565 Y-197.465 Z-4.800 F400.000
G1 X-19.345 Y-197.685 Z-4.800 F400.000
G1 X-19.079 Y-197.903 Z-4.800 F400.000
G1 X-18.821 Y-198.076 Z-4.800 F400.000
G1 X-18.518 Y-198.237 Z-4.800 F400.000
G1 X-18.231 Y-198.356 Z-4.800 F400.000
G1 X-17.902 Y-198.456 Z-4.800 F400.000
G1 X-17.597 Y-198.517 Z-4.800 F400.000
G1 X-17.256 Y-198.550 Z-4.800 F400.000
G1 X-14.330 Y-198.558 Z-4.800 F400.000
G1 X-14.220 Y-198.569 Z-4.800 F400.000
G1 X-14.191 Y-198.577 Z-4.800 F400.000
G1 X-14.164 Y-198.592 Z-4.800 F400.000
G1 X-14.141 Y-198.611 Z-4.800 F400.000
G1 X-14.121 Y-198.634 Z-4.800 F400.000
G1 X-14.107 Y-198.661 Z-4.800 F400.000
G1 X-14.098 Y-198.690 Z-4.800 F400.000
G1 X-14.087 Y-198.798 Z-4.800 F400.000
G1 X-14.088 Y-200.505 Z-4.800 F400.000
G1 X-14.098 Y-200.613 Z-4.800 F400.000
G1 X-14.107 Y-200.642 Z-4.800 F400.000
G1 X-14.121 Y-200.669 Z-4.800 F400.000
G1 X-14.141 Y-200.692 Z-4.800 F400.000
G1 X-14.164 Y-200.712 Z-4.800 F400.000
G1 X-14.191 Y-200.726 Z-4.800 F400.000
G1 X-14.220 Y-200.735 Z-4.800 F400.000
G1 X-14.328 Y-200.745 Z-4.800 F400.000
G1 X-17.100 Y-200.745 Z-4.800 F400.000
G1 X-17.597 Y-200.787 Z-4.800 F400.000
G1 X-17.902 Y-200.847 Z-4.800 F400.000
G1 X-18.231 Y-200.947 Z-4.800 F400.000
G1 X-18.518 Y-201.066 Z-4.800 F400.000
G1 X-18.821 Y-201.228 Z-4.800 F400.000
G1 X-19.079 Y-201.401 Z-4.800 F400.000
G1 X-19.345 Y-201.618 Z-4.800 F400.000
G1 X-19.565 Y-201.838 Z-4.800 F400.000
G1 X-19.782 Y-202.104 Z-4.800 F400.000
G1 X-19.955 Y-202.362 Z-4.800 F400.000
G1 X-20.117 Y-202.665 Z-4.800 F400.000
G1 X-20.236 Y-202.952 Z-4.800 F400.000
G1 X-20.336 Y-203.281 Z-4.800 F400.000
G1 X-20.396 Y-203.586 Z-4.800 F400.000
G1 X-20.430 Y-203.927 Z-4.800 F400.000
G1 X-20.437 Y-228.000 Z-4.800 F400.000
G0 X-20.437 Y-228.000 Z5.000
G0 X-20.437 Y-3.000 Z5.000
G0 X-20.437 Y-3.000 Z3.000
G1 X-20.437 Y-17.188 Z2.505 F400.000
G1 X-20.424 Y-17.395 Z2.497 F400.000
G1 X-20.390 Y-17.654 Z2.488 F400.000
G1 X-20.283 Y-18.054 Z2.474 F400.000
G1 X-20.183 Y-18.295 Z2.465 F400.000
G1 X-19.975 Y-18.654 Z2.450 F400.000
G1 X-19.817 Y-18.861 Z2.441 F400.000
G1 X-19.524 Y-19.154 Z2.427 F400.000
G1 X-19.316 Y-19.313 Z2.417 F400.000
G1 X-18.958 Y-19.520 Z2.403 F400.000
G1 X-18.716 Y-19.620 Z2.394 F400.000
G1 X-18.316 Y-19.727 Z2.379 F400.000
G1 X-18.057 Y-19.761 Z2.370 F400.000
G1 X-17.850 Y-19.775 Z2.363 F400.000
G1 X-16.445 Y-19.775 Z2.314 F400.000
G1 X-16.336 Y-19.786 Z2.310 F400.000
G1 X-16.307 Y-19.794 Z2.309 F400.000
G1 X-16.281 Y-19.809 Z2.308 F400.000
G1 X-16.257 Y-19.828 Z2.307 F400.000
G1 X-16.238 Y-19.851 Z2.306 F400.000
G1 X-16.224 Y-19.878 Z2.305 F400.000
G1 X-16.215 Y-19.907 Z2.304 F400.000
G1 X-16.204 Y-20.015 Z2.300 F400.000
G1 X-16.204 Y-22.907 Z2.199 F400.000
G1 X-16.207 Y-22.967 Z2.197 F400.000
G1 X-16.210 Y-22.985 Z2.196 F400.000
G1 X-16.215 Y-23.001 Z2.196 F400.000
G1 X-16.238 Y-23.058 Z2.194 F400.000
G1 X-20.125 Y-31.394 Z1.872 F400.000
G1 X-20.230 Y-31.650 Z1.863 F400.000
G1 X-20.337 Y-31.998 Z1.850 F400.000
G1 X-20.406 Y-32.355 Z1.837 F400.000
G1 X-20.435 Y-32.718 Z1.825 F400.000
G1 X-20.437 Y-55.672 Z1.023 F400.000
G1 X-20.424 Y-55.879 Z1.016 F400.000
G1 X-20.390 Y-56.138 Z1.007 F400.000
G1 X-20.283 Y-56.538 Z0.992 F400.000
G1 X-20.183 Y-56.779 Z0.983 F400.000
G1 X-19.975 Y-57.138 Z0.969 F400.000
G1 X-19.817 Y-57.345 Z0.959 F400.000
G1 X-19.524 Y-57.638 Z0.945 F400.000
G1 X-19.316 Y-57.797 Z0.936 F400.000
G1 X-18.958 Y-58.004 Z0.921 F400.000
G1 X-18.716 Y-58.104 Z0.912 F400.000
G1 X-18.316 Y-58.211 Z0.898 F400.000
G1 X-18.057 Y-58.245 Z0.889 F400.000
G1 X-17.850 Y-58.259 Z0.881 F400.000
G1 X-16.445 Y-58.259 Z0.832 F400.000
G1 X-16.336 Y-58.270 Z0.829 F400.000
G1 X-16.307 Y-58.278 Z0.828 F400.000
G1 X-16.281 Y-58.293 Z0.826 F400.000
G1 X-16.257 Y-58.312 Z0.825 F400.000
G1 X-16.238 Y-58.336 Z0.824 F400.000
G1 X-16.224 Y-58.362 Z0.823 F400.000
G1 X-16.215 Y-58.391 Z0.822 F400.000
G1 X-16.204 Y-58.500 Z0.818 F400.000
G1 X-16.204 Y-61.391 Z0.717 F400.000
G1 X-16.207 Y-61.451 Z0.715 F400.000
G1 X-16.210 Y-61.469 Z0.715 F400.000
G1 X-16.215 Y-61.485 Z0.714 F400.000
G1 X-16.238 Y-61.542 Z0.712 F400.000
G1 X-20.125 Y-69.878 Z0.391 F400.000
G1 X-20.230 Y-70.134 Z0.381 F400.000
G1 X-20.337 Y-70.482 Z0.368 F400.000
G1 X-20.406 Y-70.839 Z0.356 F400.000
G1 X-20.435 Y-71.202 Z0.343 F400.000
G1 X-20.437 Y-94.156 Z-0.459 F400.000
G1 X-20.424 Y-94.363 Z-0.466 F400.000
G1 X-20.390 Y-94.622 Z-0.475 F400.000
G1 X-20.283 Y-95.022 Z-0.489 F400.000
G1 X-20.183 Y-95.263 Z-0.499 F400.000
G1 X-19.975 Y-95.622 Z-0.513 F400.000
G1 X-19.817 Y-95.829 Z-0.522 F400.000
G1 X-19.524 Y-96.122 Z-0.537 F400.000
G1 X-19.316 Y-96.281 Z-0.546 F400.000
G1 X-18.958 Y-96.488 Z-0.560 F400.000
G1 X-18.716 Y-96.588 Z-0.569 F400.000
G1 X-18.316 Y-96.695 Z-0.584 F400.000
G1 X-18.057 Y-96.729 Z-0.593 F400.000
G1 X-17.850 Y-96.743 Z-0.600 F400.000
G1 X-16.445 Y-96.743 Z-0.649 F400.000
G1 X-16.336 Y-96.754 Z-0.653 F400.000
G1 X-16.307 Y-96.762 Z-0.654 F400.000
G1 X-16.281 Y-96.777 Z-0.655 F400.000
G1 X-16.257 Y-96.796 Z-0.656 F400.000
G1 X-16.238 Y-96.820 Z-0.657 F400.000
G1 X-16.224 Y-96.846 Z-0.658 F400.000
G1 X-16.215 Y-96.875 Z-0.659 F400.000
G1 X-16.204 Y-96.984 Z-0.663 F400.000
G1 X-16.204 Y-99.875 Z-0.764 F400.000
G1 X-16.207 Y-99.935 Z-0.766 F400.000
G1 X-16.210 Y-99.953 Z-0.767 F400.000
G1 X-16.215 Y-99.969 Z-0.767 F400.000
G1 X-16.238 Y-100.026 Z-0.770 F400.000
G1 X-19.026 Y-106.006 Z-1.000 F400.000
G1 X-16.238 Y-100.026 Z-1.230 F400.000
G1 X-16.215 Y-99.969 Z-1.233 F400.000
G1 X-16.210 Y-99.953 Z-1.233 F400.000
G1 X-16.207 Y-99.935 Z-1.234 F400.000
G1 X-16.204 Y-99.875 Z-1.236 F400.000
G1 X-16.204 Y-96.984 Z-1.337 F400.000
G1 X-16.215 Y-96.875 Z-1.341 F400.000
G1 X-16.224 Y-96.846 Z-1.342 F400.000
G1 X-16.238 Y-96.820 Z-1.343 F400.000
G1 X-16.257 Y-96.796 Z-1.344 F400.000
G1 X-16.281 Y-96.777 Z-1.345 F400.000
G1 X-16.307 Y-96.762 Z-1.346 F400.000
G1 X-16.336 Y-96.754 Z-1.347 F400.000
G1 X-16.445 Y-96.743 Z-1.351 F400.000
G1 X-17.850 Y-96.743 Z-1.400 F400.000
G1 X-18.057 Y-96.729 Z-1.407 F400.000
G1 X-18.316 Y-96.695 Z-1.416 F400.000
G1 X-18.716 Y-96.588 Z-1.431 F400.000
G1 X-18.958 Y-96.488 Z-1.440 F400.000
G1 X-19.316 Y-96.281 Z-1.454 F400.000
G1 X-19.524 Y-96.122 Z-1.463 F400.000
G1 X-19.817 Y-95.829 Z-1.478 F400.000
G1 X-19.975 Y-95.622 Z-1.487 F400.000
G1 X-20.183 Y-95.263 Z-1.501 F400.000
G1 X-20.283 Y-95.022 Z-1.511 F400.000
G1 X-20.390 Y-94.622 Z-1.525 F400.000
G1 X-20.424 Y-94.363 Z-1.534 F400.000
G1 X-20.437 Y-94.156 Z-1.541 F400.000
G1 X-20.435 Y-71.202 Z-2.343 F400.000
G1 X-20.406 Y-70.839 Z-2.356 F400.000
G1 X-20.337 Y-70.482 Z-2.368 F400.000
G1 X-20.230 Y-70.134 Z-2.381 F400.000
G1 X-20.125 Y-69.878 Z-2.391 F400.000
G1 X-16.238 Y-61.542 Z-2.712 F400.000
G1 X-16.215 Y-61.485 Z-2.714 F400.000
G1 X-16.210 Y-61.469 Z-2.715 F400.000
G1 X-16.207 Y-61.451 Z-2.715 F400.000
G1 X-16.204 Y-61.391 Z-2.717 F400.000
G1 X-16.204 Y-58.500 Z-2.818 F400.000
G1 X-16.215 Y-58.391 Z-2.822 F400.000
G1 X-16.224 Y-58.362 Z-2.823 F400.000
G1 X-16.238 Y-58.336 Z-2.824 F400.000
G1 X-16.257 Y-58.312 Z-2.825 F400.000
G1 X-16.281 Y-58.293 Z-2.826 F400.000
G1 X-16.307 Y-58.278 Z-2.828 F400.000
G1 X-16.336 Y-58.270 Z-2.829 F400.000
G1 X-16.445 Y-58.259 Z-2.832 F400.000
G1 X-17.850 Y-58.259 Z-2.881 F400.000
G1 X-18.057 Y-58.245 Z-2.889 F400.000
G1 X-18.316 Y-58.211 Z-2.898 F400.000
G1 X-18.716 Y-58.104 Z-2.912 F400.000
G1 X-18.958 Y-58.004 Z-2.921 F400.000
G1 X-19.316 Y-57.797 Z-2.936 F400.000
G1 X-19.524 Y-57.638 Z-2.945 F400.000
G1 X-19.817 Y-57.345 Z-2.959 F400.000
G1 X-19.975 Y-57.138 Z-2.969 F400.000
G1 X-20.183 Y-56.779 Z-2.983 F400.000
G1 X-20.283 Y-56.538 Z-2.992 F400.000
G1 X-20.390 Y-56.138 Z-3.007 F400.000
G1 X-20.424 Y-55.879 Z-3.016 F400.000
G1 X-20.437 Y-55.672 Z-3.023 F400.000
G1 X-20.435 Y-32.718 Z-3.825 F400.000
G1 X-20.406 Y-32.355 Z-3.837 F400.000
G1 X-20.337 Y-31.998 Z-3.850 F400.000
G1 X-20.230 Y-31.650 Z-3.863 F400.000
G1 X-20.125 Y-31.394 Z-3.872 F400.000
G1 X-16.238 Y-23.058 Z-4.194 F400.000
G1 X-16.215 Y-23.001 Z-4.196 F400.000
G1 X-16.210 Y-22.985 Z-4.196 F400.000
G1 X-16.207 Y-22.967 Z-4.197 F400.000
G1 X-16.204 Y-22.907 Z-4.199 F400.000
G1 X-16.204 Y-20.015 Z-4.300 F400.000
G1 X-16.215 Y-19.907 Z-4.304 F400.000
G1 X-16.224 Y-19.878 Z-4.305 F400.000
G1 X-16.238 Y-19.851 Z-4.306 F400.000
G1 X-16.257 Y-19.828 Z-4.307 F400.000
G1 X-16.281 Y-19.809 Z-4.308 F400.000
G1 X-16.307 Y-19.794 Z-4.309 F400.000
G1 X-16.336 Y-19.786 Z-4.310 F400.000
G1 X-16.445 Y-19.775 Z-4.314 F400.000
G1 X-17.850 Y-19.775 Z-4.363 F400.000
G1 X-18.057 Y-19.761 Z-4.370 F400.000
G1 X-18.316 Y-19.727 Z-4.379 F400.000
G1 X-18.716 Y-19.620 Z-4.394 F400.000
G1 X-18.958 Y-19.520 Z-4.403 F400.000
G1 X-19.316 Y-19.313 Z-4.417 F400.000
G1 X-19.524 Y-19.154 Z-4.427 F400.000
G1 X-19.817 Y-18.861 Z-4.441 F400.000
G1 X-19.975 Y-18.654 Z-4.450 F400.000
G1 X-20.183 Y-18.295 Z-4.465 F400.000
G1 X-20.283 Y-18.054 Z-4.474 F400.000
G1 X-20.390 Y-17.654 Z-4.488 F400.000
G1 X-20.424 Y-17.395 Z-4.497 F400.000
G1 X-20.437 Y-17.188 Z-4.505 F400.000
G1 X-20.437 Y-3.000 Z-5.000 F400.000
G1 X-20.437 Y-17.188 Z-5.000 F400.000
G1 X-20.424 Y-17.395 Z-5.000 F400.000
G1 X-20.390 Y-17.654 Z-5.000 F400.000
G1 X-20.283 Y-18.054 Z-5.000 F400.000
G1 X-20.183 Y-18.295 Z-5.000 F400.000
G1 X-19.975 Y-18.654 Z-5.000 F400.000
G1 X-19.817 Y-18.861 Z-5.000 F400.000
G1 X-19.524 Y-19.154 Z-5.000 F400.000
G1 X-19.316 Y-19.313 Z-5.000 F400.000
G1 X-18.958 Y-19.520 Z-5.000 F400.000
G1 X-18.716 Y-19.620 Z-5.000 F400.000
G1 X-18.316 Y-19.727 Z-5.000 F400.000
G1 X-18.057 Y-19.761 Z-5.000 F400.000
G1 X-17.850 Y-19.775 Z-5.000 F400.000
G1 X-16.445 Y-19.775 Z-5.000 F400.000
G1 X-16.336 Y-19.786 Z-5.000 F400.000
G1 X-16.307 Y-19.794 Z-5.000 F400.000
G1 X-16.281 Y-19.809 Z-5.000 F400.000
G1 X-16.257 Y-19.828 Z-5.000 F400.000
G1 X-16.238 Y-19.851 Z-5.000 F400.000
G1 X-16.224 Y-19.878 Z-5.000 F400.000
G1 X-16.215 Y-19.907 Z-5.000 F400.000
G1 X-16.204 Y-20.015 Z-5.000 F400.000
G1 X-16.204 Y-22.907 Z-5.000 F400.000
G1 X-16.207 Y-22.967 Z-5.000 F400.000
G1 X-16.210 Y-22.985 Z-5.000 F400.000
G1 X-16.215 Y-23.001 Z-5.000 F400.000
G1 X-16.238 Y-23.058 Z-5.000 F400.000
G1 X-20.125 Y-31.394 Z-5.000 F400.000
G1 X-20.230 Y-31.650 Z-5.000 F400.000
G1 X-20.337 Y-31.998 Z-5.000 F400.000
G1 X-20.406 Y-32.355 Z-5.000 F400.000
G1 X-20.435 Y-32.718 Z-5.000 F400.000
G1 X-20.437 Y-55.672 Z-5.000 F400.000
G1 X-20.424 Y-55.879 Z-5.000 F400.000
G1 X-20.390 Y-56.138 Z-5.000 F400.000
G1 X-20.283 Y-56.538 Z-5.000 F400.000
G1 X-20.183 Y-56.779 Z-5.000 F400.000
G1 X-19.975 Y-57.138 Z-5.000 F400.000
G1 X-19.817 Y-57.345 Z-5.000 F400.000
G1 X-19.524 Y-57.638 Z-5.000 F400.000
G1 X-19.316 Y-57.797 Z-5.000 F400.000
G1 X-18.958 Y-58.004 Z-5.000 F400.000
G1 X-18.716 Y-58.104 Z-5.000 F400.000
G1 X-18.316 Y-58.211 Z-5.000 F400.000
G1 X-18.057 Y-58.245 Z-5.000 F400.000
G1 X-17.850 Y-58.259 Z-5.000 F400.000
G1 X-16.445 Y-58.259 Z-5.000 F400.000
G1 X-16.336 Y-58.270 Z-5.000 F400.000
G1 X-16.307 Y-58.278 Z-5.000 F400.000
G1 X-16.281 Y-58.293 Z-5.000 F400.000
G1 X-16.257 Y-58.312 Z-5.000 F400.000
G1 X-16.238 Y-58.336 Z-5.000 F400.000
G1 X-16.224 Y-58.362 Z-5.000 F400.000
G1 X-16.215 Y-58.391 Z-5.000 F400.000
G1 X-16.204 Y-58.500 Z-5.000 F400.000
G1 X-16.204 Y-61.391 Z-5.000 F400.000
G1 X-16.207 Y-61.451 Z-5.000 F400.000
G1 X-16.210 Y-61.469 Z-5.000 F400.000
G1 X-16.215 Y-61.485 Z-5.000 F400.000
G1 X-16.238 Y-61.542 Z-5.000 F400.000
G1 X-20.125 Y-69.878 Z-5.000 F400.000
G1 X-20.230 Y-70.134 Z-5.000 F400.000
G1 X-20.337 Y-70.482 Z-5.000 F400.000
G1 X-20.406 Y-70.839 Z-5.000 F400.000
G1 X-20.435 Y-71.202 Z-5.000 F400.000
G1 X-20.437 Y-94.156 Z-5.000 F400.000
G1 X-20.424 Y-94.363 Z-5.000 F400.000
G1 X-20.390 Y-94.622 Z-5.000 F400.000
G1 X-20.283 Y-95.022 Z-5.000 F400.000
G1 X-20.183 Y-95.263 Z-5.000 F400.000
G1 X-19.975 Y-95.622 Z-5.000 F400.000
G1 X-19.817 Y-95.829 Z-5.000 F400.000
G1 X-19.524 Y-96.122 Z-5.000 F400.000
G1 X-19.316 Y-96.281 Z-5.000 F400.000
G1 X-18.958 Y-96.488 Z-5.000 F400.000
G1 X-18.716 Y-96.588 Z-5.000 F400.000
G1 X-18.316 Y-96.695 Z-5.000 F400.000
G1 X-18.057 Y-96.729 Z-5.000 F400.000
G1 X-17.850 Y-96.743 Z-5.000 F400.000
G1 X-16.445 Y-96.743 Z-5.000 F400.000
G1 X-16.336 Y-96.754 Z-5.000 F400.000
G1 X-16.307 Y-96.762 Z-5.000 F400.000
G1 X-16.281 Y-96.777 Z-5.000 F400.000
G1 X-16.257 Y-96.796 Z-5.000 F400.000
G1 X-16.238 Y-96.820 Z-5.000 F400.000
G1 X-16.224 Y-96.846 Z-5.000 F400.000
G1 X-16.215 Y-96.875 Z-5.000 F400.000
G1 X-16.204 Y-96.984 Z-5.000 F400.000
G1 X-16.204 Y-99.875 Z-5.000 F400.000
G1 X-16.207 Y-99.935 Z-5.000 F400.000
G1 X-16.210 Y-99.953 Z-5.000 F400.000
G1 X-16.215 Y-99.969 Z-5.000 F400.000
G1 X-16.238 Y-100.026 Z-5.000 F400.000
G1 X-20.125 Y-108.362 Z-5.000 F400.000
G1 X-20.230 Y-108.618 Z-5.000 F400.000
G1 X-20.337 Y-108.966 Z-5.000 F400.000
G1 X-20.406 Y-109.323 Z-5.000 F400.000
G1 X-20.435 Y-109.686 Z-5.000 F400.000
G1 X-20.437 Y-132.640 Z-5.000 F400.000
G1 X-20.424 Y-132.847 Z-5.000 F400.000
G1 X-20.390 Y-133.106 Z-5.000 F400.000
G1 X-20.283 Y-133.506 Z-5.000 F400.000
G1 X-20.183 Y-133.747 Z-5.000 F400.000
G1 X-19.975 Y-134.106 Z-5.000 F400.000
G1 X-19.817 Y-134.313 Z-5.000 F400.000
G1 X-19.524 Y-134.606 Z-5.000 F400.000
G1 X-19.316 Y-134.765 Z-5.000 F400.000
G1 X-18.958 Y-134.972 Z-5.000 F400.000
G1 X-18.716 Y-135.072 Z-5.000 F400.000
G1 X-18.316 Y-135.179 Z-5.000 F400.000
G1 X-18.057 Y-135.213 Z-5.000 F400.000
G1 X-17.850 Y-135.227 Z-5.000 F400.000
G1 X-16.445 Y-135.227 Z-5.000 F400.000
G1 X-16.336 Y-135.238 Z-5.000 F400.000
G1 X-16.307 Y-135.247 Z-5.000 F400.000
G1 X-16.281 Y-135.261 Z-5.000 F400.000
G1 X-16.257 Y-135.280 Z-5.000 F400.000
G1 X-16.238 Y-135.304 Z-5.000 F400.000
G1 X-16.224 Y-135.330 Z-5.000 F400.000
G1 X-16.215 Y-135.359 Z-5.000 F400.000
G1 X-16.204 Y-135.468 Z-5.000 F400.000
G1 X-16.204 Y-138.359 Z-5.000 F400.000
G1 X-16.207 Y-138.419 Z-5.000 F400.000
G1 X-16.210 Y-138.437 Z-5.000 F400.000
G1 X-16.215 Y-138.454 Z-5.000 F400.000
G1 X-16.238 Y-138.510 Z-5.000 F400.000
G1 X-20.125 Y-146.846 Z-5.000 F400.000
G1 X-20.230 Y-147.102 Z-5.000 F400.000
G1 X-20.337 Y-147.450 Z-5.000 F400.000
G1 X-20.406 Y-147.807 Z-5.000 F400.000
G1 X-20.435 Y-148.170 Z-5.000 F400.000
G1 X-20.437 Y-171.124 Z-5.000 F400.000
G1 X-20.424 Y-171.331 Z-5.000 F400.000
G1 X-20.390 Y-171.590 Z-5.000 F400.000
G1 X-20.283 Y-171.990 Z-5.000 F400.000
G1 X-20.183 Y-172.231 Z-5.000 F400.000
G1 X-19.975 Y-172.590 Z-5.000 F400.000
G1 X-19.817 Y-172.797 Z-5.000 F400.000
G1 X-19.524 Y-173.090 Z-5.000 F400.000
G1 X-19.316 Y-173.249 Z-5.000 F400.000
G1 X-18.958 Y-173.456 Z-5.000 F400.000
G1 X-18.716 Y-173.556 Z-5.000 F400.000
G1 X-18.316 Y-173.663 Z-5.000 F400.000
G1 X-18.057 Y-173.697 Z-5.000 F400.000
G1 X-17.850 Y-173.711 Z-5.000 F400.000
G1 X-16.445 Y-173.711 Z-5.000 F400.000
G1 X-16.336 Y-173.722 Z-5.000 F400.000
G1 X-16.307 Y-173.731 Z-5.000 F400.000
G1 X-16.281 Y-173.745 Z-5.000 F400.000
G1 X-16.257 Y-173.764 Z-5.000 F400.000
G1 X-16.238 Y-173.788 Z-5.000 F400.000
G1 X-16.224 Y-173.814 Z-5.000 F400.000
G1 X-16.215 Y-173.843 Z-5.000 F400.000
G1 X-16.204 Y-173.952 Z-5.000 F400.000
G1 X-16.204 Y-176.843 Z-5.000 F400.000
G1 X-16.207 Y-176.903 Z-5.000 F400.000
G1 X-16.210 Y-176.921 Z-5.000 F400.000
G1 X-16.215 Y-176.938 Z-5.000 F400.000
G1 X-16.238 Y-176.994 Z-5.000 F400.000
G1 X-20.125 Y-185.330 Z-5.000 F400.000
G1 X-20.230 Y-185.586 Z-5.000 F400.000
G1 X-20.337 Y-185.934 Z-5.000 F400.000
G1 X-20.406 Y-186.291 Z-5.000 F400.000
G1 X-20.435 Y-186.654 Z-5.000 F400.000
G1 X-20.437 Y-195.220 Z-5.000 F400.000
G1 X-20.396 Y-195.717 Z-5.000 F400.000
G1 X-20.336 Y-196.023 Z-5.000 F400.000
G1 X-20.236 Y-196.351 Z-5.000 F400.000
G1 X-20.117 Y-196.638 Z-5.000 F400.000
G1 X-19.955 Y-196.941 Z-5.000 F400.000
G1 X-19.782 Y-197.200 Z-5.000 F400.000
G1 X-19.565 Y-197.465 Z-5.000 F400.000
G1 X-19.345 Y-197.685 Z-5.000 F400.000
G1 X-19.079 Y-197.903 Z-5.000 F400.000
G1 X-18.821 Y-198.076 Z-5.000 F400.000
G1 X-18.518 Y-198.237 Z-5.000 F400.000
G1 X-18.231 Y-198.356 Z-5.000 F400.000
G1 X-17.902 Y-198.456 Z-5.000 F400.000
G1 X-17.597 Y-198.517 Z-5.000 F400.000
G1 X-17.256 Y-198.550 Z-5.000 F400.000
G1 X-14.330 Y-198.558 Z-5.000 F400.000
G1 X-14.220 Y-198.569 Z-5.000 F400.000
G1 X-14.191 Y-198.577 Z-5.000 F400.000
G1 X-14.164 Y-198.592 Z-5.000 F400.000
G1 X-14.141 Y-198.611 Z-5.000 F400.000
G1 X-14.121 Y-198.634 Z-5.000 F400.000
G1 X-14.107 Y-198.661 Z-5.000 F400.000
G1 X-14.098 Y-198.690 Z-5.000 F400.000
G1 X-14.087 Y-198.798 Z-5.000 F400.000
G1 X-14.088 Y-200.505 Z-5.000 F400.000
G1 X-14.098 Y-200.613 Z-5.000 F400.000
G1 X-14.107 Y-200.642 Z-5.000 F400.000
G1 X-14.121 Y-200.669 Z-5.000 F400.000
G1 X-14.141 Y-200.692 Z-5.000 F400.000
G1 X-14.164 Y-200.712 Z-5.000 F400.000
G1 X-14.191 Y-200.726 Z-5.000 F400.000
G1 X-14.220 Y-200.735 Z-5.000 F400.000
G1 X-14.328 Y-200.745 Z-5.000 F400.000
G1 X-17.100 Y-200.745 Z-5.000 F400.000
G1 X-17.597 Y-200.787 Z-5.000 F400.000
G1 X-17.902 Y-200.847 Z-5.000 F400.000
G1 X-18.231 Y-200.947 Z-5.000 F400.000
G1 X-18.518 Y-201.066 Z-5.000 F400.000
G1 X-18.821 Y-201.228 Z-5.000 F400.000
G1 X-19.079 Y-201.401 Z-5.000 F400.000
G1 X-19.345 Y-201.618 Z-5.000 F400.000
G1 X-19.565 Y-201.838 Z-5.000 F400.000
G1 X-19.782 Y-202.104 Z-5.000 F400.000
G1 X-19.955 Y-202.362 Z-5.000 F400.000
G1 X-20.117 Y-202.665 Z-5.000 F400.000
G1 X-20.236 Y-202.952 Z-5.000 F400.000
G1 X-20.336 Y-203.281 Z-5.000 F400.000
G1 X-20.396 Y-203.586 Z-5.000 F400.000
G1 X-20.430 Y-203.927 Z-5.000 F400.000
G1 X-20.437 Y-228.000 Z-5.000 F400.000
G0 X-20.437 Y-228.000 Z5.000
G0 X-20.437 Y-3.000 Z5.000
G0 X-20.437 Y-3.000 Z3.000
G1 X-20.437 Y-17.188 Z2.505 F400.000
G1 X-20.424 Y-17.395 Z2.497 F400.000
G1 X-20.390 Y-17.654 Z2.488 F400.000
G1 X-20.283 Y-18.054 Z2.474 F400.000
G1 X-20.183 Y-18.295 Z2.465 F400.000
G1 X-19.975 Y-18.654 Z2.450 F400.000
G1 X-19.817 Y-18.861 Z2.441 F400.000
G1 X-19.524 Y-19.154 Z2.427 F400.000
G1 X-19.316 Y-19.313 Z2.417 F400.000
G1 X-18.958 Y-19.520 Z2.403 F400.000
G1 X-18.716 Y-19.620 Z2.394 F400.000
G1 X-18.316 Y-19.727 Z2.379 F400.000
G1 X-18.057 Y-19.761 Z2.370 F400.000
G1 X-17.850 Y-19.775 Z2.363 F400.000
G1 X-16.445 Y-19.775 Z2.314 F400.000
G1 X-16.336 Y-19.786 Z2.310 F400.000
G1 X-16.307 Y-19.794 Z2.309 F400.000
G1 X-16.281 Y-19.809 Z2.308 F400.000
G1 X-16.257 Y-19.828 Z2.307 F400.000
G1 X-16.238 Y-19.851 Z2.306 F400.000
G1 X-16.224 Y-19.878 Z2.305 F400.000
G1 X-16.215 Y-19.907 Z2.304 F400.000
G1 X-16.204 Y-20.015 Z2.300 F400.000
G1 X-16.204 Y-22.907 Z2.199 F400.000
G1 X-16.207 Y-22.967 Z2.197 F400.000
G1 X-16.210 Y-22.985 Z2.196 F400.000
G1 X-16.215 Y-23.001 Z2.196 F400.000
G1 X-16.238 Y-23.058 Z2.194 F400.000
G1 X-20.125 Y-31.394 Z1.872 F400.000
G1 X-20.230 Y-31.650 Z1.863 F400.000
G1 X-20.337 Y-31.998 Z1.850 F400.000
G1 X-20.406 Y-32.355 Z1.837 F400.000
G1 X-20.435 Y-32.718 Z1.825 F400.000
G1 X-20.437 Y-55.672 Z1.023 F400.000
G1 X-20.424 Y-55.879 Z1.016 F400.000
G1 X-20.390 Y-56.138 Z1.007 F400.000
G1 X-20.283 Y-56.538 Z0.992 F400.000
G1 X-20.183 Y-56.779 Z0.983 F400.000
G1 X-19.975 Y-57.138 Z0.969 F400.000
G1 X-19.817 Y-57.345 Z0.959 F400.000
G1 X-19.524 Y-57.638 Z0.945 F400.000
G1 X-19.316 Y-57.797 Z0.936 F400.000
G1 X-18.958 Y-58.004 Z0.921 F400.000
G1 X-18.716 Y-58.104 Z0.912 F400.000
G1 X-18.316 Y-58.211 Z0.898 F400.000
G1 X-18.057 Y-58.245 Z0.889 F400.000
G1 X-17.850 Y-58.259 Z0.881 F400.000
G1 X-16.445 Y-58.259 Z0.832 F400.000
G1 X-16.336 Y-58.270 Z0.829 F400.000
G1 X-16.307 Y-58.278 Z0.828 F400.000
G1 X-16.281 Y-58.293 Z0.826 F400.000
G1 X-16.257 Y-58.312 Z0.825 F400.000
G1 X-16.238 Y-58.336 Z0.824 F400.000
G1 X-16.224 Y-58.362 Z0.823 F400.000
G1 X-16.215 Y-58.391 Z0.822 F400.000
G1 X-16.204 Y-58.500 Z0.818 F400.000
G1 X-16.204 Y-61.391 Z0.717 F400.000
G1 X-16.207 Y-61.451 Z0.715 F400.000
G1 X-16.210 Y-61.469 Z0.715 F400.000
G1 X-16.215 Y-61.485 Z0.714 F400.000
G1 X-16.238 Y-61.542 Z0.712 F400.000
G1 X-20.125 Y-69.878 Z0.391 F400.000
G1 X-20.230 Y-70.134 Z0.381 F400.000
G1 X-20.337 Y-70.482 Z0.368 F400.000
G1 X-20.406 Y-70.839 Z0.356 F400.000
G1 X-20.435 Y-71.202 Z0.343 F400.000
G1 X-20.437 Y-94.156 Z-0.459 F400.000
G1 X-20.424 Y-94.363 Z-0.466 F400.000
G1 X-20.390 Y-94.622 Z-0.475 F400.000
G1 X-20.283 Y-95.022 Z-0.489 F400.000
G1 X-20.183 Y-95.263 Z-0.499 F400.000
G1 X-19.975 Y-95.622 Z-0.513 F400.000
G1 X-19.817 Y-95.829 Z-0.522 F400.000
G1 X-19.524 Y-96.122 Z-0.537 F400.000
G1 X-19.316 Y-96.281 Z-0.546 F400.000
G1 X-18.958 Y-96.488 Z-0.560 F400.000
G1 X-18.716 Y-96.588 Z-0.569 F400.000
G1 X-18.316 Y-96.695 Z-0.584 F400.000
G1 X-18.057 Y-96.729 Z-0.593 F400.000
G1 X-17.850 Y-96.743 Z-0.600 F400.000
G1 X-16.445 Y-96.743 Z-0.649 F400.000
G1 X-16.336 Y-96.754 Z-0.653 F400.000
G1 X-16.307 Y-96.762 Z-0.654 F400.000
G1 X-16.281 Y-96.777 Z-0.655 F400.000
G1 X-16.257 Y-96.796 Z-0.656 F400.000
G1 X-16.238 Y-96.820 Z-0.657 F400.000
G1 X-16.224 Y-96.846 Z-0.658 F400.000
G1 X-16.215 Y-96.875 Z-0.659 F400.000
G1 X-16.204 Y-96.984 Z-0.663 F400.000
G1 X-16.204 Y-99.875 Z-0.764 F400.000
G1 X-16.207 Y-99.935 Z-0.766 F400.000
G1 X-16.210 Y-99.953 Z-0.767 F400.000
G1 X-16.215 Y-99.969 Z-0.767 F400.000
G1 X-16.238 Y-100.026 Z-0.770 F400.000
G1 X-20.125 Y-108.362 Z-1.091 F400.000
G1 X-20.225 Y-108.606 Z-1.100 F400.000
G1 X-20.125 Y-108.362 Z-1.109 F400.000
G1 X-16.238 Y-100.026 Z-1.430 F400.000
G1 X-16.215 Y-99.969 Z-1.433 F400.000
G1 X-16.210 Y-99.953 Z-1.433 F400.000
G1 X-16.207 Y-99.935 Z-1.434 F400.000
G1 X-16.204 Y-99.875 Z-1.436 F400.000
G1 X-16.204 Y-96.984 Z-1.537 F400.000
G1 X-16.215 Y-96.875 Z-1.541 F400.000
G1 X-16.224 Y-96.846 Z-1.542 F400.000
G1 X-16.238 Y-96.820 Z-1.543 F400.000
G1 X-16.257 Y-96.796 Z-1.544 F400.000
G1 X-16.281 Y-96.777 Z-1.545 F400.000
G1 X-16.307 Y-96.762 Z-1.546 F400.000
G1 X-16.336 Y-96.754 Z-1.547 F400.000
G1 X-16.445 Y-96.743 Z-1.551 F400.000
G1 X-17.850 Y-96.743 Z-1.600 F400.000
G1 X-18.057 Y-96.729 Z-1.607 F400.000
G1 X-18.316 Y-96.695 Z-1.616 F400.000
G1 X-18.716 Y-96.588 Z-1.631 F400.000
G1 X-18.958 Y-96.488 Z-1.640 F400.000
G1 X-19.316 Y-96.281 Z-1.654 F400.000
G1 X-19.524 Y-96.122 Z-1.663 F400.000
G1 X-19.817 Y-95.829 Z-1.678 F400.000
G1 X-19.975 Y-95.622 Z-1.687 F400.000
G1 X-20.183 Y-95.263 Z-1.701 F400.000
G1 X-20.283 Y-95.022 Z-1.711 F400.000
G1 X-20.390 Y-94.622 Z-1.725 F400.000
G1 X-20.424 Y-94.363 Z-1.734 F400.000
G1 X-20.437 Y-94.156 Z-1.741 F400.000
G1 X-20.435 Y-71.202 Z-2.543 F400.000
G1 X-20.406 Y-70.839 Z-2.556 F400.000
G1 X-20.337 Y-70.482 Z-2.568 F400.000
G1 X-20.230 Y-70.134 Z-2.581 F400.000
G1 X-20.125 Y-69.878 Z-2.591 F400.000
G1 X-16.238 Y-61.542 Z-2.912 F400.000
G1 X-16.215 Y-61.485 Z-2.914 F400.000
G1 X-16.210 Y-61.469 Z-2.915 F400.000
G1 X-16.207 Y-61.451 Z-2.915 F400.000
G1 X-16.204 Y-61.391 Z-2.917 F400.000
G1 X-16.204 Y-58.500 Z-3.018 F400.000
G1 X-16.215 Y-58.391 Z-3.022 F400.000
G1 X-16.224 Y-58.362 Z-3.023 F400.000
G1 X-16.238 Y-58.336 Z-3.024 F400.000
G1 X-16.257 Y-58.312 Z-3.025 F400.000
G1 X-16.281 Y-58.293 Z-3.026 F400.000
G1 X-16.307 Y-58.278 Z-3.028 F400.000
G1 X-16.336 Y-58.270 Z-3.029 F400.000
G1 X-16.445 Y-58.259 Z-3.032 F400.000
G1 X-17.850 Y-58.259 Z-3.081 F400.000
G1 X-18.057 Y-58.245 Z-3.089 F400.000
G1 X-18.316 Y-58.211 Z-3.098 F400.000
G1 X-18.716 Y-58.104 Z-3.112 F400.000
G1 X-18.958 Y-58.004 Z-3.121 F400.000
G1 X-19.316 Y-57.797 Z-3.136 F400.000
G1 X-19.524 Y-57.638 Z-3.145 F400.000
G1 X-19.817 Y-57.345 Z-3.159 F400.000
G1 X-19.975 Y-57.138 Z-3.169 F400.000
G1 X-20.183 Y-56.779 Z-3.183 F400.000
G1 X-20.283 Y-56.538 Z-3.192 F400.000
G1 X-20.390 Y-56.138 Z-3.207 F400.000
G1 X-20.424 Y-55.879 Z-3.216 F400.000
G1 X-20.437 Y-55.672 Z-3.223 F400.000
G1 X-20.435 Y-32.718 Z-4.025 F400.000
G1 X-20.406 Y-32.355 Z-4.037 F400.000
G1 X-20.337 Y-31.998 Z-4.050 F400.000
G1 X-20.230 Y-31.650 Z-4.063 F400.000
G1 X-20.125 Y-31.394 Z-4.072 F400.000
G1 X-16.238 Y-23.058 Z-4.394 F400.000
G1 X-16.215 Y-23.001 Z-4.396 F400.000
G1 X-16.210 Y-22.985 Z-4.396 F400.000
G1 X-16.207 Y-22.967 Z-4.397 F400.000
G1 X-16.204 Y-22.907 Z-4.399 F400.000
G1 X-16.204 Y-20.015 Z-4.500 F400.000
G1 X-16.215 Y-19.907 Z-4.504 F400.000
G1 X-16.224 Y-19.878 Z-4.505 F400.000
G1 X-16.238 Y-19.851 Z-4.506 F400.000
G1 X-16.257 Y-19.828 Z-4.507 F400.000
G1 X-16.281 Y-19.809 Z-4.508 F400.000
G1 X-16.307 Y-19.794 Z-4.509 F400.000
G1 X-16.336 Y-19.786 Z-4.510 F400.000
G1 X-16.445 Y-19.775 Z-4.514 F400.000
G1 X-17.850 Y-19.775 Z-4.563 F400.000
G1 X-18.057 Y-19.761 Z-4.570 F400.000
G1 X-18.316 Y-19.727 Z-4.579 F400.000
G1 X-18.716 Y-19.620 Z-4.594 F400.000
G1 X-18.958 Y-19.520 Z-4.603 F400.000
G1 X-19.316 Y-19.313 Z-4.617 F400.000
G1 X-19.524 Y-19.154 Z-4.627 F400.000
G1 X-19.817 Y-18.861 Z-4.641 F400.000
G1 X-19.975 Y-18.654 Z-4.650 F400.000
G1 X-20.183 Y-18.295 Z-4.665 F400.000
G1 X-20.283 Y-18.054 Z-4.674 F400.000
G1 X-20.390 Y-17.654 Z-4.688 F400.000
G1 X-20.424 Y-17.395 Z-4.697 F400.000
G1 X-20.437 Y-17.188 Z-4.705 F400.000
G1 X-20.437 Y-3.000 Z-5.200 F400.000
G1 X-20.437 Y-17.188 Z-5.200 F400.000
G1 X-20.424 Y-17.395 Z-5.200 F400.000
G1 X-20.390 Y-17.654 Z-5.200 F400.000
G1 X-20.283 Y-18.054 Z-5.200 F400.000
G1 X-20.183 Y-18.295 Z-5.200 F400.000
G1 X-19.975 Y-18.654 Z-5.200 F400.000
G1 X-19.817 Y-18.861 Z-5.200 F400.000
G1 X-19.524 Y-19.154 Z-5.200 F400.000
G1 X-19.316 Y-19.313 Z-5.200 F400.000
G1 X-18.958 Y-19.520 Z-5.200 F400.000
G1 X-18.716 Y-19.620 Z-5.200 F400.000
G1 X-18.316 Y-19.727 Z-5.200 F400.000
G1 X-18.057 Y-19.761 Z-5.200 F400.000
G1 X-17.850 Y-19.775 Z-5.200 F400.000
G1 X-16.445 Y-19.775 Z-5.200 F400.000
G1 X-16.336 Y-19.786 Z-5.200 F400.000
G1 X-16.307 Y-19.794 Z-5.200 F400.000
G1 X-16.281 Y-19.809 Z-5.200 F400.000
G1 X-16.257 Y-19.828 Z-5.200 F400.000
G1 X-16.238 Y-19.851 Z-5.200 F400.000
G1 X-16.224 Y-19.878 Z-5.200 F400.000
G1 X-16.215 Y-19.907 Z-5.200 F400.000
G1 X-16.204 Y-20.015 Z-5.200 F400.000
G1 X-16.204 Y-22.907 Z-5.200 F400.000
G1 X-16.207 Y-22.967 Z-5.200 F400.000
G1 X-16.210 Y-22.985 Z-5.200 F400.000
G1 X-16.215 Y-23.001 Z-5.200 F400.000
G1 X-16.238 Y-23.058 Z-5.200 F400.000
G1 X-20.125 Y-31.394 Z-5.200 F400.000
G1 X-20.230 Y-31.650 Z-5.200 F400.000
G1 X-20.337 Y-31.998 Z-5.200 F400.000
G1 X-20.406 Y-32.355 Z-5.200 F400.000
G1 X-20.435 Y-32.718 Z-5.200 F400.000
G1 X-20.437 Y-55.672 Z-5.200 F400.000
G1 X-20.424 Y-55.879 Z-5.200 F400.000
G1 X-20.390 Y-56.138 Z-5.200 F400.000
G1 X-20.283 Y-56.538 Z-5.200 F400.000
G1 X-20.183 Y-56.779 Z-5.200 F400.000
G1 X-19.975 Y-57.138 Z-5.200 F400.000
G1 X-19.817 Y-57.345 Z-5.200 F400.000
G1 X-19.524 Y-57.638 Z-5.200 F400.000
G1 X-19.316 Y-57.797 Z-5.200 F400.000
G1 X-18.958 Y-58.004 Z-5.200 F400.000
G1 X-18.716 Y-58.104 Z-5.200 F400.000
G1 X-18.316 Y-58.211 Z-5.200 F400.000
G1 X-18.057 Y-58.245 Z-5.200 F400.000
G1 X-17.850 Y-58.259 Z-5.200 F400.000
G1 X-16.445 Y-58.259 Z-5.200 F400.000
G1 X-16.336 Y-58.270 Z-5.200 F400.000
G1 X-16.307 Y-58.278 Z-5.200 F400.000
G1 X-16.281 Y-58.293 Z-5.200 F400.000
G1 X-16.257 Y-58.312 Z-5.200 F400.000
G1 X-16.238 Y-58.336 Z-5.200 F400.000
G1 X-16.224 Y-58.362 Z-5.200 F400.000
G1 X-16.215 Y-58.391 Z-5.200 F400.000
G1 X-16.204 Y-58.500 Z-5.200 F400.000
G1 X-16.204 Y-61.391 Z-5.200 F400.000
G1 X-16.207 Y-61.451 Z-5.200 F400.000
G1 X-16.210 Y-61.469 Z-5.200 F400.000
G1 X-16.215 Y-61.485 Z-5.200 F400.000
G1 X-16.238 Y-61.542 Z-5.200 F400.000
G1 X-20.125 Y-69.878 Z-5.200 F400.000
G1 X-20.230 Y-70.134 Z-5.200 F400.000
G1 X-20.337 Y-70.482 Z-5.200 F400.000
G1 X-20.406 Y-70.839 Z-5.200 F400.000
G1 X-20.435 Y-71.202 Z-5.200 F400.000
G1 X-20.437 Y-94.156 Z-5.200 F400.000
G1 X-20.424 Y-94.363 Z-5.200 F400.000
G1 X-20.390 Y-94.622 Z-5.200 F400.000
G1 X-20.283 Y-95.022 Z-5.200 F400.000
G1 X-20.183 Y-95.263 Z-5.200 F400.000
G1 X-19.975 Y-95.622 Z-5.200 F400.000
G1 X-19.817 Y-95.829 Z-5.200 F400.000
G1 X-19.524 Y-96.122 Z-5.200 F400.000
G1 X-19.316 Y-96.281 Z-5.200 F400.000
G1 X-18.958 Y-96.488 Z-5.200 F400.000
G1 X-18.716 Y-96.588 Z-5.200 F400.000
G1 X-18.316 Y-96.695 Z-5.200 F400.000
G1 X-18.057 Y-96.729 Z-5.200 F400.000
G1 X-17.850 Y-96.743 Z-5.200 F400.000
G1 X-16.445 Y-96.743 Z-5.200 F400.000
G1 X-16.336 Y-96.754 Z-5.200 F400.000
G1 X-16.307 Y-96.762 Z-5.200 F400.000
G1 X-16.281 Y-96.777 Z-5.200 F400.000
G1 X-16.257 Y-96.796 Z-5.200 F400.000
G1 X-16.238 Y-96.820 Z-5.200 F400.000
G1 X-16.224 Y-96.846 Z-5.200 F400.000
G1 X-16.215 Y-96.875 Z-5.200 F400.000
G1 X-16.204 Y-96.984 Z-5.200 F400.000
G1 X-16.204 Y-99.875 Z-5.200 F400.000
G1 X-16.207 Y-99.935 Z-5.200 F400.000
G1 X-16.210 Y-99.953 Z-5.200 F400.000
G1 X-16.215 Y-99.969 Z-5.200 F400.000
G1 X-16.238 Y-100.026 Z-5.200 F400.000
G1 X-20.125 Y-108.362 Z-5.200 F400.000
G1 X-20.230 Y-108.618 Z-5.200 F400.000
G1 X-20.337 Y-108.966 Z-5.200 F400.000
G1 X-20.406 Y-109.323 Z-5.200 F400.000
G1 X-20.435 Y-109.686 Z-5.200 F400.000
G1 X-20.437 Y-132.640 Z-5.200 F400.000
G1 X-20.424 Y-132.847 Z-5.200 F400.000
G1 X-20.390 Y-133.106 Z-5.200 F400.000
G1 X-20.283 Y-133.506 Z-5.200 F400.000
G1 X-20.183 Y-133.747 Z-5.200 F400.000
G1 X-19.975 Y-134.106 Z-5.200 F400.000
G1 X-19.817 Y-134.313 Z-5.200 F400.000
G1 X-19.524 Y-134.606 Z-5.200 F400.000
G1 X-19.316 Y-134.765 Z-5.200 F400.000
G1 X-18.958 Y-134.972 Z-5.200 F400.000
G1 X-18.716 Y-135.072 Z-5.200 F400.000
G1 X-18.316 Y-135.179 Z-5.200 F400.000
G1 X-18.057 Y-135.213 Z-5.200 F400.000
G1 X-17.850 Y-135.227 Z-5.200 F400.000
G1 X-16.445 Y-135.227 Z-5.200 F400.000
G1 X-16.336 Y-135.238 Z-5.200 F400.000
G1 X-16.307 Y-135.247 Z-5.200 F400.000
G1 X-16.281 Y-135.261 Z-5.200 F400.000
G1 X-16.257 Y-135.280 Z-5.200 F400.000
G1 X-16.238 Y-135.304 Z-5.200 F400.000
G1 X-16.224 Y-135.330 Z-5.200 F400.000
G1 X-16.215 Y-135.359 Z-5.200 F400.000
G1 X-16.204 Y-135.468 Z-5.200 F400.000
G1 X-16.204 Y-138.359 Z-5.200 F400.000
G1 X-16.207 Y-138.419 Z-5.200 F400.000
G1 X-16.210 Y-138.437 Z-5.200 F400.000
G1 X-16.215 Y-138.454 Z-5.200 F400.000
G1 X-16.238 Y-138.510 Z-5.200 F400.000
G1 X-20.125 Y-146.846 Z-5.200 F400.000
G1 X-20.230 Y-147.102 Z-5.200 F400.000
G1 X-20.337 Y-147.450 Z-5.200 F400.000
G1 X-20.406 Y-147.807 Z-5.200 F400.000
G1 X-20.435 Y-148.170 Z-5.200 F400.000
G1 X-20.437 Y-171.124 Z-5.200 F400.000
G1 X-20.424 Y-171.331 Z-5.200 F400.000
G1 X-20.390 Y-171.590 Z-5.200 F400.000
G1 X-20.283 Y-171.990 Z-5.200 F400.000
G1 X-20.183 Y-172.231 Z-5.200 F400.000
G1 X-19.975 Y-172.590 Z-5.200 F400.000
G1 X-19.817 Y-172.797 Z-5.200 F400.000
G1 X-19.524 Y-173.090 Z-5.200 F400.000
G1 X-19.316 Y-173.249 Z-5.200 F400.000
G1 X-18.958 Y-173.456 Z-5.200 F400.000
G1 X-18.716 Y-173.556 Z-5.200 F400.000
G1 X-18.316 Y-173.663 Z-5.200 F400.000
G1 X-18.057 Y-173.697 Z-5.200 F400.000
G1 X-17.850 Y-173.711 Z-5.200 F400.000
G1 X-16.445 Y-173.711 Z-5.200 F400.000
G1 X-16.336 Y-173.722 Z-5.200 F400.000
G1 X-16.307 Y-173.731 Z-5.200 F400.000
G1 X-16.281 Y-173.745 Z-5.200 F400.000
G1 X-16.257 Y-173.764 Z-5.200 F400.000
G1 X-16.238 Y-173.788 Z-5.200 F400.000
G1 X-16.224 Y-173.814 Z-5.200 F400.000
G1 X-16.215 Y-173.843 Z-5.200 F400.000
G1 X-16.204 Y-173.952 Z-5.200 F400.000
G1 X-16.204 Y-176.843 Z-5.200 F400.000
G1 X-16.207 Y-176.903 Z-5.200 F400.000
G1 X-16.210 Y-176.921 Z-5.200 F400.000
G1 X-16.215 Y-176.938 Z-5.200 F400.000
G1 X-16.238 Y-176.994 Z-5.200 F400.000
G1 X-20.125 Y-185.330 Z-5.200 F400.000
G1 X-20.230 Y-185.586 Z-5.200 F400.000
G1 X-20.337 Y-185.934 Z-5.200 F400.000
G1 X-20.406 Y-186.291 Z-5.200 F400.000
G1 X-20.435 Y-186.654 Z-5.200 F400.000
G1 X-20.437 Y-195.220 Z-5.200 F400.000
G1 X-20.396 Y-195.717 Z-5.200 F400.000
G1 X-20.336 Y-196.023 Z-5.200 F400.000
G1 X-20.236 Y-196.351 Z-5.200 F400.000
G1 X-20.117 Y-196.638 Z-5.200 F400.000
G1 X-19.955 Y-196.941 Z-5.200 F400.000
G1 X-19.782 Y-197.200 Z-5.200 F400.000
G1 X-19.565 Y-197.465 Z-5.200 F400.000
G1 X-19.345 Y-197.685 Z-5.200 F400.000
G1 X-19.079 Y-197.903 Z-5.200 F400.000
G1 X-18.821 Y-198.076 Z-5.200 F400.000
G1 X-18.518 Y-198.237 Z-5.200 F400.000
G1 X-18.231 Y-198.356 Z-5.200 F400.000
G1 X-17.902 Y-198.456 Z-5.200 F400.000
G1 X-17.597 Y-198.517 Z-5.200 F400.000
G1 X-17.256 Y-198.550 Z-5.200 F400.000
G1 X-14.330 Y-198.558 Z-5.200 F400.000
G1 X-14.220 Y-198.569 Z-5.200 F400.000
G1 X-14.191 Y-198.577 Z-5.200 F400.000
G1 X-14.164 Y-198.592 Z-5.200 F400.000
G1 X-14.141 Y-198.611 Z-5.200 F400.000
G1 X-14.121 Y-198.634 Z-5.200 F400.000
G1 X-14.107 Y-198.661 Z-5.200 F400.000
G1 X-14.098 Y-198.690 Z-5.200 F400.000
G1 X-14.087 Y-198.798 Z-5.200 F400.000
G1 X-14.088 Y-200.505 Z-5.200 F400.000
G1 X-14.098 Y-200.613 Z-5.200 F400.000
G1 X-14.107 Y-200.642 Z-5.200 F400.000
G1 X-14.121 Y-200.669 Z-5.200 F400.000
G1 X-14.141 Y-200.692 Z-5.200 F400.000
G1 X-14.164 Y-200.712 Z-5.200 F400.000
G1 X-14.191 Y-200.726 Z-5.200 F400.000
G1 X-14.220 Y-200.735 Z-5.200 F400.000
G1 X-14.328 Y-200.745 Z-5.200 F400.000
G1 X-17.100 Y-200.745 Z-5.200 F400.000
G1 X-17.597 Y-200.787 Z-5.200 F400.000
G1 X-17.902 Y-200.847 Z-5.200 F400.000
G1 X-18.231 Y-200.947 Z-5.200 F400.000
G1 X-18.518 Y-201.066 Z-5.200 F400.000
G1 X-18.821 Y-201.228 Z-5.200 F400.000
G1 X-19.079 Y-201.401 Z-5.200 F400.000
G1 X-19.345 Y-201.618 Z-5.200 F400.000
G1 X-19.565 Y-201.838 Z-5.200 F400.000
G1 X-19.782 Y-202.104 Z-5.200 F400.000
G1 X-19.955 Y-202.362 Z-5.200 F400.000
G1 X-20.117 Y-202.665 Z-5.200 F400.000
G1 X-20.236 Y-202.952 Z-5.200 F400.000
G1 X-20.336 Y-203.281 Z-5.200 F400.000
G1 X-20.396 Y-203.586 Z-5.200 F400.000
G1 X-20.430 Y-203.927 Z-5.200 F400.000
G1 X-20.437 Y-228.000 Z-5.200 F400.000
G0 X-20.437 Y-228.000 Z5.000
G0 X-20.437 Y-3.000 Z5.000
G0 X-20.437 Y-3.000 Z3.000
G1 X-20.437 Y-17.188 Z2.505 F400.000
G1 X-20.424 Y-17.395 Z2.497 F400.000
G1 X-20.390 Y-17.654 Z2.488 F400.000
G1 X-20.283 Y-18.054 Z2.474 F400.000
G1 X-20.183 Y-18.295 Z2.465 F400.000
G1 X-19.975 Y-18.654 Z2.450 F400.000
G1 X-19.817 Y-18.861 Z2.441 F400.000
G1 X-19.524 Y-19.154 Z2.427 F400.000
G1 X-19.316 Y-19.313 Z2.417 F400.000
G1 X-18.958 Y-19.520 Z2.403 F400.000
G1 X-18.716 Y-19.620 Z2.394 F400.000
G1 X-18.316 Y-19.727 Z2.379 F400.000
G1 X-18.057 Y-19.761 Z2.370 F400.000
G1 X-17.850 Y-19.775 Z2.363 F400.000
G1 X-16.445 Y-19.775 Z2.314 F400.000
G1 X-16.336 Y-19.786 Z2.310 F400.000
G1 X-16.307 Y-19.794 Z2.309 F400.000
G1 X-16.281 Y-19.809 Z2.308 F400.000
G1 X-16.257 Y-19.828 Z2.307 F400.000
G1 X-16.238 Y-19.851 Z2.306 F400.000
G1 X-16.224 Y-19.878 Z2.305 F400.000
G1 X-16.215 Y-19.907 Z2.304 F400.000
G1 X-16.204 Y-20.015 Z2.300 F400.000
G1 X-16.204 Y-22.907 Z2.199 F400.000
G1 X-16.207 Y-22.967 Z2.197 F400.000
G1 X-16.210 Y-22.985 Z2.196 F400.000
G1 X-16.215 Y-23.001 Z2.196 F400.000
G1 X-16.238 Y-23.058 Z2.194 F400.000
G1 X-20.125 Y-31.394 Z1.872 F400.000
G1 X-20.230 Y-31.650 Z1.863 F400.000
G1 X-20.337 Y-31.998 Z1.850 F400.000
G1 X-20.406 Y-32.355 Z1.837 F400.000
G1 X-20.435 Y-32.718 Z1.825 F400.000
G1 X-20.437 Y-55.672 Z1.023 F400.000
G1 X-20.424 Y-55.879 Z1.016 F400.000
G1 X-20.390 Y-56.138 Z1.007 F400.000
G1 X-20.283 Y-56.538 Z0.992 F400.000
G1 X-20.183 Y-56.779 Z0.983 F400.000
G1 X-19.975 Y-57.138 Z0.969 F400.000
G1 X-19.817 Y-57.345 Z0.959 F400.000
G1 X-19.524 Y-57.638 Z0.945 F400.000
G1 X-19.316 Y-57.797 Z0.936 F400.000
G1 X-18.958 Y-58.004 Z0.921 F400.000
G1 X-18.716 Y-58.104 Z0.912 F400.000
G1 X-18.316 Y-58.211 Z0.898 F400.000
G1 X-18.057 Y-58.245 Z0.889 F400.000
G1 X-17.850 Y-58.259 Z0.881 F400.000
G1 X-16.445 Y-58.259 Z0.832 F400.000
G1 X-16.336 Y-58.270 Z0.829 F400.000
G1 X-16.307 Y-58.278 Z0.828 F400.000
G1 X-16.281 Y-58.293 Z0.826 F400.000
G1 X-16.257 Y-58.312 Z0.825 F400.000
G1 X-16.238 Y-58.336 Z0.824 F400.000
G1 X-16.224 Y-58.362 Z0.823 F400.000
G1 X-16.215 Y-58.391 Z0.822 F400.000
G1 X-16.204 Y-58.500 Z0.818 F400.000
G1 X-16.204 Y-61.391 Z0.717 F400.000
G1 X-16.207 Y-61.451 Z0.715 F400.000
G1 X-16.210 Y-61.469 Z0.715 F400.000
G1 X-16.215 Y-61.485 Z0.714 F400.000
G1 X-16.238 Y-61.542 Z0.712 F400.000
G1 X-20.125 Y-69.878 Z0.391 F400.000
G1 X-20.230 Y-70.134 Z0.381 F400.000
G1 X-20.337 Y-70.482 Z0.368 F400.000
G1 X-20.406 Y-70.839 Z0.356 F400.000
G1 X-20.435 Y-71.202 Z0.343 F400.000
G1 X-20.437 Y-94.156 Z-0.459 F400.000
G1 X-20.424 Y-94.363 Z-0.466 F400.000
G1 X-20.390 Y-94.622 Z-0.475 F400.000
G1 X-20.283 Y-95.022 Z-0.489 F400.000
G1 X-20.183 Y-95.263 Z-0.499 F400.000
G1 X-19.975 Y-95.622 Z-0.513 F400.000
G1 X-19.817 Y-95.829 Z-0.522 F400.000
G1 X-19.524 Y-96.122 Z-0.537 F400.000
G1 X-19.316 Y-96.281 Z-0.546 F400.000
G1 X-18.958 Y-96.488 Z-0.560 F400.000
G1 X-18.716 Y-96.588 Z-0.569 F400.000
G1 X-18.316 Y-96.695 Z-0.584 F400.000
G1 X-18.057 Y-96.729 Z-0.593 F400.000
G1 X-17.850 Y-96.743 Z-0.600 F400.000
G1 X-16.445 Y-96.743 Z-0.649 F400.000
G1 X-16.336 Y-96.754 Z-0.653 F400.000
G1 X-16.307 Y-96.762 Z-0.654 F400.000
G1 X-16.281 Y-96.777 Z-0.655 F400.000
G1 X-16.257 Y-96.796 Z-0.656 F400.000
G1 X-16.238 Y-96.820 Z-0.657 F400.000
G1 X-16.224 Y-96.846 Z-0.658 F400.000
G1 X-16.215 Y-96.875 Z-0.659 F400.000
G1 X-16.204 Y-96.984 Z-0.663 F400.000
G1 X-16.204 Y-99.875 Z-0.764 F400.000
G1 X-16.207 Y-99.935 Z-0.766 F400.000
G1 X-16.210 Y-99.953 Z-0.767 F400.000
G1 X-16.215 Y-99.969 Z-0.767 F400.000
G1 X-16.238 Y-100.026 Z-0.770 F400.000
G1 X-20.125 Y-108.362 Z-1.091 F400.000
G1 X-20.230 Y-108.618 Z-1.100 F400.000
G1 X-20.337 Y-108.966 Z-1.113 F400.000
G1 X-20.406 Y-109.323 Z-1.126 F400.000
G1 X-20.435 Y-109.686 Z-1.139 F400.000
G1 X-20.435 Y-111.445 Z-1.200 F400.000
G1 X-20.435 Y-109.686 Z-1.261 F400.000
G1 X-20.406 Y-109.323 Z-1.274 F400.000
G1 X-20.337 Y-108.966 Z-1.287 F400.000
G1 X-20.230 Y-108.618 Z-1.300 F400.000
G1 X-20.125 Y-108.362 Z-1.309 F400.000
G1 X-16.238 Y-100.026 Z-1.630 F400.000
G1 X-16.215 Y-99.969 Z-1.633 F400.000
G1 X-16.210 Y-99.953 Z-1.633 F400.000
G1 X-16.207 Y-99.935 Z-1.634 F400.000
G1 X-16.204 Y-99.875 Z-1.636 F400.000
G1 X-16.204 Y-96.984 Z-1.737 F400.000
G1 X-16.215 Y-96.875 Z-1.741 F400.000
G1 X-16.224 Y-96.846 Z-1.742 F400.000
G1 X-16.238 Y-96.820 Z-1.743 F400.000
G1 X-16.257 Y-96.796 Z-1.744 F400.000
G1 X-16.281 Y-96.777 Z-1.745 F400.000
G1 X-16.307 Y-96.762 Z-1.746 F400.000
G1 X-16.336 Y-96.754 Z-1.747 F400.000
G1 X-16.445 Y-96.743 Z-1.751 F400.000
G1 X-17.850 Y-96.743 Z-1.800 F400.000
G1 X-18.057 Y-96.729 Z-1.807 F400.000
G1 X-18.316 Y-96.695 Z-1.816 F400.000
G1 X-18.716 Y-96.588 Z-1.831 F400.000
G1 X-18.958 Y-96.488 Z-1.840 F400.000
G1 X-19.316 Y-96.281 Z-1.854 F400.000
G1 X-19.524 Y-96.122 Z-1.863 F400.000
G1 X-19.817 Y-95.829 Z-1.878 F400.000
G1 X-19.975 Y-95.622 Z-1.887 F400.000
G1 X-20.183 Y-95.263 Z-1.901 F400.000
G1 X-20.283 Y-95.022 Z-1.911 F400.000
G1 X-20.390 Y-94.622 Z-1.925 F400.000
G1 X-20.424 Y-94.363 Z-1.934 F400.000
G1 X-20.437 Y-94.156 Z-1.941 F400.000
G1 X-20.435 Y-71.202 Z-2.743 F400.000
G1 X-20.406 Y-70.839 Z-2.756 F400.000
G1 X-20.337 Y-70.482 Z-2.768 F400.000
G1 X-20.230 Y-70.134 Z-2.781 F400.000
G1 X-20.125 Y-69.878 Z-2.791 F400.000
G1 X-16.238 Y-61.542 Z-3.112 F400.000
G1 X-16.215 Y-61.485 Z-3.114 F400.000
G1 X-16.210 Y-61.469 Z-3.115 F400.000
G1 X-16.207 Y-61.451 Z-3.115 F400.000
G1 X-16.204 Y-61.391 Z-3.117 F400.000
G1 X-16.204 Y-58.500 Z-3.218 F400.000
G1 X-16.215 Y-58.391 Z-3.222 F400.000
G1 X-16.224 Y-58.362 Z-3.223 F400.000
G1 X-16.238 Y-58.336 Z-3.224 F400.000
G1 X-16.257 Y-58.312 Z-3.225 F400.000
G1 X-16.281 Y-58.293 Z-3.226 F400.000
G1 X-16.307 Y-58.278 Z-3.228 F400.000
G1 X-16.336 Y-58.270 Z-3.229 F400.000
G1 X-16.445 Y-58.259 Z-3.232 F400.000
G1 X-17.850 Y-58.259 Z-3.281 F400.000
G1 X-18.057 Y-58.245 Z-3.289 F400.000
G1 X-18.316 Y-58.211 Z-3.298 F400.000
G1 X-18.716 Y-58.104 Z-3.312 F400.000
G1 X-18.958 Y-58.004 Z-3.321 F400.000
G1 X-19.316 Y-57.797 Z-3.336 F400.000
G1 X-19.524 Y-57.638 Z-3.345 F400.000
G1 X-19.817 Y-57.345 Z-3.359 F400.000
G1 X-19.975 Y-57.138 Z-3.369 F400.000
G1 X-20.183 Y-56.779 Z-3.383 F400.000
G1 X-20.283 Y-56.538 Z-3.392 F400.000
G1 X-20.390 Y-56.138 Z-3.407 F400.000
G1 X-20.424 Y-55.879 Z-3.416 F400.000
G1 X-20.437 Y-55.672 Z-3.423 F400.000
G1 X-20.435 Y-32.718 Z-4.225 F400.000
G1 X-20.406 Y-32.355 Z-4.237 F400.000
G1 X-20.337 Y-31.998 Z-4.250 F400.000
G1 X-20.230 Y-31.650 Z-4.263 F400.000
G1 X-20.125 Y-31.394 Z-4.272 F400.000
G1 X-16.238 Y-23.058 Z-4.594 F400.000
G1 X-16.215 Y-23.001 Z-4.596 F400.000
G1 X-16.210 Y-22.985 Z-4.596 F400.000
G1 X-16.207 Y-22.967 Z-4.597 F400.000
G1 X-16.204 Y-22.907 Z-4.599 F400.000
G1 X-16.204 Y-20.015 Z-4.700 F400.000
G1 X-16.215 Y-19.907 Z-4.704 F400.000
G1 X-16.224 Y-19.878 Z-4.705 F400.000
G1 X-16.238 Y-19.851 Z-4.706 F400.000
G1 X-16.257 Y-19.828 Z-4.707 F400.000
G1 X-16.281 Y-19.809 Z-4.708 F400.000
G1 X-16.307 Y-19.794 Z-4.709 F400.000
G1 X-16.336 Y-19.786 Z-4.710 F400.000
G1 X-16.445 Y-19.775 Z-4.714 F400.000
G1 X-17.850 Y-19.775 Z-4.763 F400.000
G1 X-18.057 Y-19.761 Z-4.770 F400.000
G1 X-18.316 Y-19.727 Z-4.779 F400.000
G1 X-18.716 Y-19.620 Z-4.794 F400.000
G1 X-18.958 Y-19.520 Z-4.803 F400.000
G1 X-19.316 Y-19.313 Z-4.817 F400.000
G1 X-19.524 Y-19.154 Z-4.827 F400.000
G1 X-19.817 Y-18.861 Z-4.841 F400.000
G1 X-19.975 Y-18.654 Z-4.850 F400.000
G1 X-20.183 Y-18.295 Z-4.865 F400.000
G1 X-20.283 Y-18.054 Z-4.874 F400.000
G1 X-20.390 Y-17.654 Z-4.888 F400.000
G1 X-20.424 Y-17.395 Z-4.897 F400.000
G1 X-20.437 Y-17.188 Z-4.905 F400.000
G1 X-20.437 Y-3.000 Z-5.400 F400.000
G1 X-20.437 Y-17.188 Z-5.400 F400.000
G1 X-20.424 Y-17.395 Z-5.400 F400.000
G1 X-20.390 Y-17.654 Z-5.400 F400.000
G1 X-20.283 Y-18.054 Z-5.400 F400.000
G1 X-20.183 Y-18.295 Z-5.400 F400.000
G1 X-19.975 Y-18.654 Z-5.400 F400.000
G1 X-19.817 Y-18.861 Z-5.400 F400.000
G1 X-19.524 Y-19.154 Z-5.400 F400.000
G1 X-19.316 Y-19.313 Z-5.400 F400.000
G1 X-18.958 Y-19.520 Z-5.400 F400.000
G1 X-18.716 Y-19.620 Z-5.400 F400.000
G1 X-18.316 Y-19.727 Z-5.400 F400.000
G1 X-18.057 Y-19.761 Z-5.400 F400.000
G1 X-17.850 Y-19.775 Z-5.400 F400.000
G1 X-16.445 Y-19.775 Z-5.400 F400.000
G1 X-16.336 Y-19.786 Z-5.400 F400.000
G1 X-16.307 Y-19.794 Z-5.400 F400.000
G1 X-16.281 Y-19.809 Z-5.400 F400.000
G1 X-16.257 Y-19.828 Z-5.400 F400.000
G1 X-16.238 Y-19.851 Z-5.400 F400.000
G1 X-16.224 Y-19.878 Z-5.400 F400.000
G1 X-16.215 Y-19.907 Z-5.400 F400.000
G1 X-16.204 Y-20.015 Z-5.400 F400.000
G1 X-16.204 Y-22.907 Z-5.400 F400.000
G1 X-16.207 Y-22.967 Z-5.400 F400.000
G1 X-16.210 Y-22.985 Z-5.400 F400.000
G1 X-16.215 Y-23.001 Z-5.400 F400.000
G1 X-16.238 Y-23.058 Z-5.400 F400.000
G1 X-20.125 Y-31.394 Z-5.400 F400.000
G1 X-20.230 Y-31.650 Z-5.400 F400.000
G1 X-20.337 Y-31.998 Z-5.400 F400.000
G1 X-20.406 Y-32.355 Z-5.400 F400.000
G1 X-20.435 Y-32.718 Z-5.400 F400.000
G1 X-20.437 Y-55.672 Z-5.400 F400.000
G1 X-20.424 Y-55.879 Z-5.400 F400.000
G1 X-20.390 Y-56.138 Z-5.400 F400.000
G1 X-20.283 Y-56.538 Z-5.400 F400.000
G1 X-20.183 Y-56.779 Z-5.400 F400.000
G1 X-19.975 Y-57.138 Z-5.400 F400.000
G1 X-19.817 Y-57.345 Z-5.400 F400.000
G1 X-19.524 Y-57.638 Z-5.400 F400.000
G1 X-19.316 Y-57.797 Z-5.400 F400.000
G1 X-18.958 Y-58.004 Z-5.400 F400.000
G1 X-18.716 Y-58.104 Z-5.400 F400.000
G1 X-18.316 Y-58.211 Z-5.400 F400.000
G1 X-18.057 Y-58.245 Z-5.400 F400.000
G1 X-17.850 Y-58.259 Z-5.400 F400.000
G1 X-16.445 Y-58.259 Z-5.400 F400.000
G1 X-16.336 Y-58.270 Z-5.400 F400.000
G1 X-16.307 Y-58.278 Z-5.400 F400.000
G1 X-16.281 Y-58.293 Z-5.400 F400.000
G1 X-16.257 Y-58.312 Z-5.400 F400.000
G1 X-16.238 Y-58.336 Z-5.400 F400.000
G1 X-16.224 Y-58.362 Z-5.400 F400.000
G1 X-16.215 Y-58.391 Z-5.400 F400.000
G1 X-16.204 Y-58.500 Z-5.400 F400.000
G1 X-16.204 Y-61.391 Z-5.400 F400.000
G1 X-16.207 Y-61.451 Z-5.400 F400.000
G1 X-16.210 Y-61.469 Z-5.400 F400.000
G1 X-16.215 Y-61.485 Z-5.400 F400.000
G1 X-16.238 Y-61.542 Z-5.400 F400.000
G1 X-20.125 Y-69.878 Z-5.400 F400.000
G1 X-20.230 Y-70.134 Z-5.400 F400.000
G1 X-20.337 Y-70.482 Z-5.400 F400.000
G1 X-20.406 Y-70.839 Z-5.400 F400.000
G1 X-20.435 Y-71.202 Z-5.400 F400.000
G1 X-20.437 Y-94.156 Z-5.400 F400.000
G1 X-20.424 Y-94.363 Z-5.400 F400.000
G1 X-20.390 Y-94.622 Z-5.400 F400.000
G1 X-20.283 Y-95.022 Z-5.400 F400.000
G1 X-20.183 Y-95.263 Z-5.400 F400.000
G1 X-19.975 Y-95.622 Z-5.400 F400.000
G1 X-19.817 Y-95.829 Z-5.400 F400.000
G1 X-19.524 Y-96.122 Z-5.400 F400.000
G1 X-19.316 Y-96.281 Z-5.400 F400.000
G1 X-18.958 Y-96.488 Z-5.400 F400.000
G1 X-18.716 Y-96.588 Z-5.400 F400.000
G1 X-18.316 Y-96.695 Z-5.400 F400.000
G1 X-18.057 Y-96.729 Z-5.400 F400.000
G1 X-17.850 Y-96.743 Z-5.400 F400.000
G1 X-16.445 Y-96.743 Z-5.400 F400.000
G1 X-16.336 Y-96.754 Z-5.400 F400.000
G1 X-16.307 Y-96.762 Z-5.400 F400.000
G1 X-16.281 Y-96.777 Z-5.400 F400.000
G1 X-16.257 Y-96.796 Z-5.400 F400.000
G1 X-16.238 Y-96.820 Z-5.400 F400.000
G1 X-16.224 Y-96.846 Z-5.400 F400.000
G1 X-16.215 Y-96.875 Z-5.400 F400.000
G1 X-16.204 Y-96.984 Z-5.400 F400.000
G1 X-16.204 Y-99.875 Z-5.400 F400.000
G1 X-16.207 Y-99.935 Z-5.400 F400.000
G1 X-16.210 Y-99.953 Z-5.400 F400.000
G1 X-16.215 Y-99.969 Z-5.400 F400.000
G1 X-16.238 Y-100.026 Z-5.400 F400.000
G1 X-20.125 Y-108.362 Z-5.400 F400.000
G1 X-20.230 Y-108.618 Z-5.400 F400.000
G1 X-20.337 Y-108.966 Z-5.400 F400.000
G1 X-20.406 Y-109.323 Z-5.400 F400.000
G1 X-20.435 Y-109.686 Z-5.400 F400.000
G1 X-20.437 Y-132.640 Z-5.400 F400.000
G1 X-20.424 Y-132.847 Z-5.400 F400.000
G1 X-20.390 Y-133.106 Z-5.400 F400.000
G1 X-20.283 Y-133.506 Z-5.400 F400.000
G1 X-20.183 Y-133.747 Z-5.400 F400.000
G1 X-19.975 Y-134.106 Z-5.400 F400.000
G1 X-19.817 Y-134.313 Z-5.400 F400.000
G1 X-19.524 Y-134.606 Z-5.400 F400.000
G1 X-19.316 Y-134.765 Z-5.400 F400.000
G1 X-18.958 Y-134.972 Z-5.400 F400.000
G1 X-18.716 Y-135.072 Z-5.400 F400.000
G1 X-18.316 Y-135.179 Z-5.400 F400.000
G1 X-18.057 Y-135.213 Z-5.400 F400.000
G1 X-17.850 Y-135.227 Z-5.400 F400.000
G1 X-16.445 Y-135.227 Z-5.400 F400.000
G1 X-16.336 Y-135.238 Z-5.400 F400.000
G1 X-16.307 Y-135.247 Z-5.400 F400.000
G1 X-16.281 Y-135.261 Z-5.400 F400.000
G1 X-16.257 Y-135.280 Z-5.400 F400.000
G1 X-16.238 Y-135.304 Z-5.400 F400.000
G1 X-16.224 Y-135.330 Z-5.400 F400.000
G1 X-16.215 Y-135.359 Z-5.400 F400.000
G1 X-16.204 Y-135.468 Z-5.400 F400.000
G1 X-16.204 Y-138.359 Z-5.400 F400.000
G1 X-16.207 Y-138.419 Z-5.400 F400.000
G1 X-16.210 Y-138.437 Z-5.400 F400.000
G1 X-16.215 Y-138.454 Z-5.400 F400.000
G1 X-16.238 Y-138.510 Z-5.400 F400.000
G1 X-20.125 Y-146.846 Z-5.400 F400.000
G1 X-20.230 Y-147.102 Z-5.400 F400.000
G1 X-20.337 Y-147.450 Z-5.400 F400.000
G1 X-20.406 Y-147.807 Z-5.400 F400.000
G1 X-20.435 Y-148.170 Z-5.400 F400.000
G1 X-20.437 Y-171.124 Z-5.400 F400.000
G1 X-20.424 Y-171.331 Z-5.400 F400.000
G1 X-20.390 Y-171.590 Z-5.400 F400.000
G1 X-20.283 Y-171.990 Z-5.400 F400.000
G1 X-20.183 Y-172.231 Z-5.400 F400.000
G1 X-19.975 Y-172.590 Z-5.400 F400.000
G1 X-19.817 Y-172.797 Z-5.400 F400.000
G1 X-19.524 Y-173.090 Z-5.400 F400.000
G1 X-19.316 Y-173.249 Z-5.400 F400.000
G1 X-18.958 Y-173.456 Z-5.400 F400.000
G1 X-18.716 Y-173.556 Z-5.400 F400.000
G1 X-18.316 Y-173.663 Z-5.400 F400.000
G1 X-18.057 Y-173.697 Z-5.400 F400.000
G1 X-17.850 Y-173.711 Z-5.400 F400.000
G1 X-16.445 Y-173.711 Z-5.400 F400.000
G1 X-16.336 Y-173.722 Z-5.400 F400.000
G1 X-16.307 Y-173.731 Z-5.400 F400.000
G1 X-16.281 Y-173.745 Z-5.400 F400.000
G1 X-16.257 Y-173.764 Z-5.400 F400.000
G1 X-16.238 Y-173.788 Z-5.400 F400.000
G1 X-16.224 Y-173.814 Z-5.400 F400.000
G1 X-16.215 Y-173.843 Z-5.400 F400.000
G1 X-16.204 Y-173.952 Z-5.400 F400.000
G1 X-16.204 Y-176.843 Z-5.400 F400.000
G1 X-16.207 Y-176.903 Z-5.400 F400.000
G1 X-16.210 Y-176.921 Z-5.400 F400.000
G1 X-16.215 Y-176.938 Z-5.400 F400.000
G1 X-16.238 Y-176.994 Z-5.400 F400.000
G1 X-20.125 Y-185.330 Z-5.400 F400.000
G1 X-20.230 Y-185.586 Z-5.400 F400.000
G1 X-20.337 Y-185.934 Z-5.400 F400.000
G1 X-20.406 Y-186.291 Z-5.400 F400.000
G1 X-20.435 Y-186.654 Z-5.400 F400.000
G1 X-20.437 Y-195.220 Z-5.400 F400.000
G1 X-20.396 Y-195.717 Z-5.400 F400.000
G1 X-20.336 Y-196.023 Z-5.400 F400.000
G1 X-20.236 Y-196.351 Z-5.400 F400.000
G1 X-20.117 Y-196.638 Z-5.400 F400.000
G1 X-19.955 Y-196.941 Z-5.400 F400.000
G1 X-19.782 Y-197.200 Z-5.400 F400.000
G1 X-19.565 Y-197.465 Z-5.400 F400.000
G1 X-19.345 Y-197.685 Z-5.400 F400.000
G1 X-19.079 Y-197.903 Z-5.400 F400.000
G1 X-18.821 Y-198.076 Z-5.400 F400.000
G1 X-18.518 Y-198.237 Z-5.400 F400.000
G1 X-18.231 Y-198.356 Z-5.400 F400.000
G1 X-17.902 Y-198.456 Z-5.400 F400.000
G1 X-17.597 Y-198.517 Z-5.400 F400.000
G1 X-17.256 Y-198.550 Z-5.400 F400.000
G1 X-14.330 Y-198.558 Z-5.400 F400.000
G1 X-14.220 Y-198.569 Z-5.400 F400.000
G1 X-14.191 Y-198.577 Z-5.400 F400.000
G1 X-14.164 Y-198.592 Z-5.400 F400.000
G1 X-14.141 Y-198.611 Z-5.400 F400.000
G1 X-14.121 Y-198.634 Z-5.400 F400.000
G1 X-14.107 Y-198.661 Z-5.400 F400.000
G1 X-14.098 Y-198.690 Z-5.400 F400.000
G1 X-14.087 Y-198.798 Z-5.400 F400.000
G1 X-14.088 Y-200.505 Z-5.400 F400.000
G1 X-14.098 Y-200.613 Z-5.400 F400.000
G1 X-14.107 Y-200.642 Z-5.400 F400.000
G1 X-14.121 Y-200.669 Z-5.400 F400.000
G1 X-14.141 Y-200.692 Z-5.400 F400.000
G1 X-14.164 Y-200.712 Z-5.400 F400.000
G1 X-14.191 Y-200.726 Z-5.400 F400.000
G1 X-14.220 Y-200.735 Z-5.400 F400.000
G1 X-14.328 Y-200.745 Z-5.400 F400.000
G1 X-17.100 Y-200.745 Z-5.400 F400.000
G1 X-17.597 Y-200.787 Z-5.400 F400.000
G1 X-17.902 Y-200.847 Z-5.400 F400.000
G1 X-18.231 Y-200.947 Z-5.400 F400.000
G1 X-18.518 Y-201.066 Z-5.400 F400.000
G1 X-18.821 Y-201.228 Z-5.400 F400.000
G1 X-19.079 Y-201.401 Z-5.400 F400.000
G1 X-19.345 Y-201.618 Z-5.400 F400.000
G1 X-19.565 Y-201.838 Z-5.400 F400.000
G1 X-19.782 Y-202.104 Z-5.400 F400.000
G1 X-19.955 Y-202.362 Z-5.400 F400.000
G1 X-20.117 Y-202.665 Z-5.400 F400.000
G1 X-20.236 Y-202.952 Z-5.400 F400.000
G1 X-20.336 Y-203.281 Z-5.400 F400.000
G1 X-20.396 Y-203.586 Z-5.400 F400.000
G1 X-20.430 Y-203.927 Z-5.400 F400.000
G1 X-20.437 Y-228.000 Z-5.400 F400.000
G0 X-20.437 Y-228.000 Z5.000
(Finish operation: RampEntryDressup003)
(Begin operation: RampEntryDressup002)
(Path: RampEntryDressup002)
G0 X0.000 Y0.000 Z5.000
G0 X-4.562 Y-3.000 Z5.000
G0 X-4.562 Y-3.000 Z3.000
G1 X-4.562 Y-33.530 Z1.400 F400.000
G1 X-4.562 Y-3.000 Z-0.200 F400.000
G1 X-4.562 Y-228.000 Z-0.200 F400.000
G0 X-4.562 Y-228.000 Z5.000
G0 X-4.562 Y-3.000 Z5.000
G0 X-4.562 Y-3.000 Z3.000
G1 X-4.562 Y-35.438 Z1.300 F400.000
G1 X-4.562 Y-3.000 Z-0.400 F400.000
G1 X-4.562 Y-228.000 Z-0.400 F400.000
G0 X-4.562 Y-228.000 Z5.000
G0 X-4.562 Y-3.000 Z5.000
G0 X-4.562 Y-3.000 Z3.000
G1 X-4.562 Y-37.346 Z1.200 F400.000
G1 X-4.562 Y-3.000 Z-0.600 F400.000
G1 X-4.562 Y-228.000 Z-0.600 F400.000
G0 X-4.562 Y-228.000 Z5.000
G0 X-4.562 Y-3.000 Z5.000
G0 X-4.562 Y-3.000 Z3.000
G1 X-4.562 Y-39.254 Z1.100 F400.000
G1 X-4.562 Y-3.000 Z-0.800 F400.000
G1 X-4.562 Y-228.000 Z-0.800 F400.000
G0 X-4.562 Y-228.000 Z5.000
G0 X-4.562 Y-3.000 Z5.000
G0 X-4.562 Y-3.000 Z3.000
G1 X-4.562 Y-41.162 Z1.000 F400.000
G1 X-4.562 Y-3.000 Z-1.000 F400.000
G1 X-4.562 Y-228.000 Z-1.000 F400.000
G0 X-4.562 Y-228.000 Z5.000
G0 X-4.562 Y-3.000 Z5.000
G0 X-4.562 Y-3.000 Z3.000
G1 X-4.562 Y-43.070 Z0.900 F400.000
G1 X-4.562 Y-3.000 Z-1.200 F400.000
G1 X-4.562 Y-228.000 Z-1.200 F400.000
G0 X-4.562 Y-228.000 Z5.000
G0 X-4.562 Y-3.000 Z5.000
G0 X-4.562 Y-3.000 Z3.000
G1 X-4.562 Y-44.979 Z0.800 F400.000
G1 X-4.562 Y-3.000 Z-1.400 F400.000
G1 X-4.562 Y-228.000 Z-1.400 F400.000
G0 X-4.562 Y-228.000 Z5.000
G0 X-4.562 Y-3.000 Z5.000
G0 X-4.562 Y-3.000 Z3.000
G1 X-4.562 Y-46.887 Z0.700 F400.000
G1 X-4.562 Y-3.000 Z-1.600 F400.000
G1 X-4.562 Y-228.000 Z-1.600 F400.000
G0 X-4.562 Y-228.000 Z5.000
G0 X-4.562 Y-3.000 Z5.000
G0 X-4.562 Y-3.000 Z3.000
G1 X-4.562 Y-48.795 Z0.600 F400.000
G1 X-4.562 Y-3.000 Z-1.800 F400.000
G1 X-4.562 Y-228.000 Z-1.800 F400.000
G0 X-4.562 Y-228.000 Z5.000
G0 X-4.562 Y-3.000 Z5.000
G0 X-4.562 Y-3.000 Z3.000
G1 X-4.562 Y-50.703 Z0.500 F400.000
G1 X-4.562 Y-3.000 Z-2.000 F400.000
G1 X-4.562 Y-228.000 Z-2.000 F400.000
G0 X-4.562 Y-228.000 Z5.000
G0 X-4.562 Y-3.000 Z5.000
G0 X-4.562 Y-3.000 Z3.000
G1 X-4.562 Y-52.611 Z0.400 F400.000
G1 X-4.562 Y-3.000 Z-2.200 F400.000
G1 X-4.562 Y-228.000 Z-2.200 F400.000
G0 X-4.562 Y-228.000 Z5.000
G0 X-4.562 Y-3.000 Z5.000
G0 X-4.562 Y-3.000 Z3.000
G1 X-4.562 Y-54.519 Z0.300 F400.000
G1 X-4.562 Y-3.000 Z-2.400 F400.000
G1 X-4.562 Y-228.000 Z-2.400 F400.000
G0 X-4.562 Y-228.000 Z5.000
G0 X-4.562 Y-3.000 Z5.000
G0 X-4.562 Y-3.000 Z3.000
G1 X-4.562 Y-56.427 Z0.200 F400.000
G1 X-4.562 Y-3.000 Z-2.600 F400.000
G1 X-4.562 Y-228.000 Z-2.600 F400.000
G0 X-4.562 Y-228.000 Z5.000
G0 X-4.562 Y-3.000 Z5.000
G0 X-4.562 Y-3.000 Z3.000
G1 X-4.562 Y-58.335 Z0.100 F400.000
G1 X-4.562 Y-3.000 Z-2.800 F400.000
G1 X-4.562 Y-228.000 Z-2.800 F400.000
G0 X-4.562 Y-228.000 Z5.000
G0 X-4.562 Y-3.000 Z5.000
G0 X-4.562 Y-3.000 Z3.000
G1 X-4.562 Y-60.243 Z0.000 F400.000
G1 X-4.562 Y-3.000 Z-3.000 F400.000
G1 X-4.562 Y-228.000 Z-3.000 F400.000
G0 X-4.562 Y-228.000 Z5.000
G0 X-4.562 Y-3.000 Z5.000
G0 X-4.562 Y-3.000 Z3.000
G1 X-4.562 Y-62.152 Z-0.100 F400.000
G1 X-4.562 Y-3.000 Z-3.200 F400.000
G1 X-4.562 Y-228.000 Z-3.200 F400.000
G0 X-4.562 Y-228.000 Z5.000
G0 X-4.562 Y-3.000 Z5.000
G0 X-4.562 Y-3.000 Z3.000
G1 X-4.562 Y-64.060 Z-0.200 F400.000
G1 X-4.562 Y-3.000 Z-3.400 F400.000
G1 X-4.562 Y-228.000 Z-3.400 F400.000
G0 X-4.562 Y-228.000 Z5.000
G0 X-4.562 Y-3.000 Z5.000
G0 X-4.562 Y-3.000 Z3.000
G1 X-4.562 Y-65.968 Z-0.300 F400.000
G1 X-4.562 Y-3.000 Z-3.600 F400.000
G1 X-4.562 Y-228.000 Z-3.600 F400.000
G0 X-4.562 Y-228.000 Z5.000
G0 X-4.562 Y-3.000 Z5.000
G0 X-4.562 Y-3.000 Z3.000
G1 X-4.562 Y-67.876 Z-0.400 F400.000
G1 X-4.562 Y-3.000 Z-3.800 F400.000
G1 X-4.562 Y-228.000 Z-3.800 F400.000
G0 X-4.562 Y-228.000 Z5.000
G0 X-4.562 Y-3.000 Z5.000
G0 X-4.562 Y-3.000 Z3.000
G1 X-4.562 Y-69.784 Z-0.500 F400.000
G1 X-4.562 Y-3.000 Z-4.000 F400.000
G1 X-4.562 Y-228.000 Z-4.000 F400.000
G0 X-4.562 Y-228.000 Z5.000
G0 X-4.562 Y-3.000 Z5.000
G0 X-4.562 Y-3.000 Z3.000
G1 X-4.562 Y-71.692 Z-0.600 F400.000
G1 X-4.562 Y-3.000 Z-4.200 F400.000
G1 X-4.562 Y-228.000 Z-4.200 F400.000
G0 X-4.562 Y-228.000 Z5.000
G0 X-4.562 Y-3.000 Z5.000
G0 X-4.562 Y-3.000 Z3.000
G1 X-4.562 Y-73.600 Z-0.700 F400.000
G1 X-4.562 Y-3.000 Z-4.400 F400.000
G1 X-4.562 Y-228.000 Z-4.400 F400.000
G0 X-4.562 Y-228.000 Z5.000
G0 X-4.562 Y-3.000 Z5.000
G0 X-4.562 Y-3.000 Z3.000
G1 X-4.562 Y-75.508 Z-0.800 F400.000
G1 X-4.562 Y-3.000 Z-4.600 F400.000
G1 X-4.562 Y-228.000 Z-4.600 F400.000
G0 X-4.562 Y-228.000 Z5.000
G0 X-4.562 Y-3.000 Z5.000
G0 X-4.562 Y-3.000 Z3.000
G1 X-4.562 Y-77.416 Z-0.900 F400.000
G1 X-4.562 Y-3.000 Z-4.800 F400.000
G1 X-4.562 Y-228.000 Z-4.800 F400.000
G0 X-4.562 Y-228.000 Z5.000
G0 X-4.562 Y-3.000 Z5.000
G0 X-4.562 Y-3.000 Z3.000
G1 X-4.562 Y-79.325 Z-1.000 F400.000
G1 X-4.562 Y-3.000 Z-5.000 F400.000
G1 X-4.562 Y-228.000 Z-5.000 F400.000
G0 X-4.562 Y-228.000 Z5.000
G0 X-4.562 Y-3.000 Z5.000
G0 X-4.562 Y-3.000 Z3.000
G1 X-4.562 Y-81.233 Z-1.100 F400.000
G1 X-4.562 Y-3.000 Z-5.200 F400.000
G1 X-4.562 Y-228.000 Z-5.200 F400.000
G0 X-4.562 Y-228.000 Z5.000
G0 X-4.562 Y-3.000 Z5.000
G0 X-4.562 Y-3.000 Z3.000
G1 X-4.562 Y-83.141 Z-1.200 F400.000
G1 X-4.562 Y-3.000 Z-5.400 F400.000
G1 X-4.562 Y-228.000 Z-5.400 F400.000
G0 X-4.562 Y-228.000 Z5.000
(Finish operation: RampEntryDressup002)
(Begin operation: RampEntryDressup)
(Path: RampEntryDressup)
G0 X0.000 Y0.000 Z5.000
G0 X-18.850 Y-229.588 Z5.000
G0 X-18.850 Y-229.588 Z3.000
G1 X-6.150 Y-229.588 Z2.334 F400.000
G1 X-18.850 Y-229.588 Z1.669 F400.000
G1 X-6.150 Y-229.588 Z1.003 F400.000
G1 X-18.850 Y-229.588 Z0.338 F400.000
G1 X-8.590 Y-229.588 Z-0.200 F400.000
G1 X-18.850 Y-229.588 Z-0.200 F400.000
G1 X-6.150 Y-229.588 Z-0.200 F400.000
G0 X-6.150 Y-229.588 Z5.000
G0 X-18.850 Y-229.588 Z5.000
G0 X-18.850 Y-229.588 Z3.000
G1 X-6.150 Y-229.588 Z2.334 F400.000
G1 X-18.850 Y-229.588 Z1.669 F400.000
G1 X-6.150 Y-229.588 Z1.003 F400.000
G1 X-18.850 Y-229.588 Z0.338 F400.000
G1 X-6.150 Y-229.588 Z-0.328 F400.000
G1 X-7.526 Y-229.588 Z-0.400 F400.000
G1 X-18.850 Y-229.588 Z-0.400 F400.000
G1 X-6.150 Y-229.588 Z-0.400 F400.000
G0 X-6.150 Y-229.588 Z5.000
G0 X-18.850 Y-229.588 Z5.000
G0 X-18.850 Y-229.588 Z3.000
G1 X-6.150 Y-229.588 Z2.334 F400.000
G1 X-18.850 Y-229.588 Z1.669 F400.000
G1 X-6.150 Y-229.588 Z1.003 F400.000
G1 X-18.850 Y-229.588 Z0.338 F400.000
G1 X-6.150 Y-229.588 Z-0.328 F400.000
G1 X-11.342 Y-229.588 Z-0.600 F400.000
G1 X-18.850 Y-229.588 Z-0.600 F400.000
G1 X-6.150 Y-229.588 Z-0.600 F400.000
G0 X-6.150 Y-229.588 Z5.000
G0 X-18.850 Y-229.588 Z5.000
G0 X-18.850 Y-229.588 Z3.000
G1 X-6.150 Y-229.588 Z2.334 F400.000
G1 X-18.850 Y-229.588 Z1.669 F400.000
G1 X-6.150 Y-229.588 Z1.003 F400.000
G1 X-18.850 Y-229.588 Z0.338 F400.000
G1 X-6.150 Y-229.588 Z-0.328 F400.000
G1 X-15.158 Y-229.588 Z-0.800 F400.000
G1 X-18.850 Y-229.588 Z-0.800 F400.000
G1 X-6.150 Y-229.588 Z-0.800 F400.000
G0 X-6.150 Y-229.588 Z5.000
G0 X-18.850 Y-229.588 Z5.000
G0 X-18.850 Y-229.588 Z3.000
G1 X-6.150 Y-229.588 Z2.334 F400.000
G1 X-18.850 Y-229.588 Z1.669 F400.000
G1 X-6.150 Y-229.588 Z1.003 F400.000
G1 X-18.850 Y-229.588 Z0.338 F400.000
G1 X-6.150 Y-229.588 Z-0.328 F400.000
G1 X-18.850 Y-229.588 Z-0.993 F400.000
G1 X-18.725 Y-229.588 Z-1.000 F400.000
G1 X-18.850 Y-229.588 Z-1.000 F400.000
G1 X-6.150 Y-229.588 Z-1.000 F400.000
G0 X-6.150 Y-229.588 Z5.000
G0 X-18.850 Y-229.588 Z5.000
G0 X-18.850 Y-229.588 Z3.000
G1 X-6.150 Y-229.588 Z2.334 F400.000
G1 X-18.850 Y-229.588 Z1.669 F400.000
G1 X-6.150 Y-229.588 Z1.003 F400.000
G1 X-18.850 Y-229.588 Z0.338 F400.000
G1 X-6.150 Y-229.588 Z-0.328 F400.000
G1 X-18.850 Y-229.588 Z-0.993 F400.000
G1 X-14.909 Y-229.588 Z-1.200 F400.000
G1 X-18.850 Y-229.588 Z-1.200 F400.000
G1 X-6.150 Y-229.588 Z-1.200 F400.000
G0 X-6.150 Y-229.588 Z5.000
G0 X-18.850 Y-229.588 Z5.000
G0 X-18.850 Y-229.588 Z3.000
G1 X-6.150 Y-229.588 Z2.334 F400.000
G1 X-18.850 Y-229.588 Z1.669 F400.000
G1 X-6.150 Y-229.588 Z1.003 F400.000
G1 X-18.850 Y-229.588 Z0.338 F400.000
G1 X-6.150 Y-229.588 Z-0.328 F400.000
G1 X-18.850 Y-229.588 Z-0.993 F400.000
G1 X-11.093 Y-229.588 Z-1.400 F400.000
G1 X-18.850 Y-229.588 Z-1.400 F400.000
G1 X-6.150 Y-229.588 Z-1.400 F400.000
G0 X-6.150 Y-229.588 Z5.000
G0 X-18.850 Y-229.588 Z5.000
G0 X-18.850 Y-229.588 Z3.000
G1 X-6.150 Y-229.588 Z2.334 F400.000
G1 X-18.850 Y-229.588 Z1.669 F400.000
G1 X-6.150 Y-229.588 Z1.003 F400.000
G1 X-18.850 Y-229.588 Z0.338 F400.000
G1 X-6.150 Y-229.588 Z-0.328 F400.000
G1 X-18.850 Y-229.588 Z-0.993 F400.000
G1 X-7.277 Y-229.588 Z-1.600 F400.000
G1 X-18.850 Y-229.588 Z-1.600 F400.000
G1 X-6.150 Y-229.588 Z-1.600 F400.000
G0 X-6.150 Y-229.588 Z5.000
G0 X-18.850 Y-229.588 Z5.000
G0 X-18.850 Y-229.588 Z3.000
G1 X-6.150 Y-229.588 Z2.334 F400.000
G1 X-18.850 Y-229.588 Z1.669 F400.000
G1 X-6.150 Y-229.588 Z1.003 F400.000
G1 X-18.850 Y-229.588 Z0.338 F400.000
G1 X-6.150 Y-229.588 Z-0.328 F400.000
G1 X-18.850 Y-229.588 Z-0.993 F400.000
G1 X-6.150 Y-229.588 Z-1.659 F400.000
G1 X-8.839 Y-229.588 Z-1.800 F400.000
G1 X-18.850 Y-229.588 Z-1.800 F400.000
G1 X-6.150 Y-229.588 Z-1.800 F400.000
G0 X-6.150 Y-229.588 Z5.000
G0 X-18.850 Y-229.588 Z5.000
G0 X-18.850 Y-229.588 Z3.000
G1 X-6.150 Y-229.588 Z2.334 F400.000
G1 X-18.850 Y-229.588 Z1.669 F400.000
G1 X-6.150 Y-229.588 Z1.003 F400.000
G1 X-18.850 Y-229.588 Z0.338 F400.000
G1 X-6.150 Y-229.588 Z-0.328 F400.000
G1 X-18.850 Y-229.588 Z-0.993 F400.000
G1 X-6.150 Y-229.588 Z-1.659 F400.000
G1 X-12.656 Y-229.588 Z-2.000 F400.000
G1 X-18.850 Y-229.588 Z-2.000 F400.000
G1 X-6.150 Y-229.588 Z-2.000 F400.000
G0 X-6.150 Y-229.588 Z5.000
G0 X-18.850 Y-229.588 Z5.000
G0 X-18.850 Y-229.588 Z3.000
G1 X-6.150 Y-229.588 Z2.334 F400.000
G1 X-18.850 Y-229.588 Z1.669 F400.000
G1 X-6.150 Y-229.588 Z1.003 F400.000
G1 X-18.850 Y-229.588 Z0.338 F400.000
G1 X-6.150 Y-229.588 Z-0.328 F400.000
G1 X-18.850 Y-229.588 Z-0.993 F400.000
G1 X-6.150 Y-229.588 Z-1.659 F400.000
G1 X-16.472 Y-229.588 Z-2.200 F400.000
G1 X-18.850 Y-229.588 Z-2.200 F400.000
G1 X-6.150 Y-229.588 Z-2.200 F400.000
G0 X-6.150 Y-229.588 Z5.000
G0 X-18.850 Y-229.588 Z5.000
G0 X-18.850 Y-229.588 Z3.000
G1 X-6.150 Y-229.588 Z2.334 F400.000
G1 X-18.850 Y-229.588 Z1.669 F400.000
G1 X-6.150 Y-229.588 Z1.003 F400.000
G1 X-18.850 Y-229.588 Z0.338 F400.000
G1 X-6.150 Y-229.588 Z-0.328 F400.000
G1 X-18.850 Y-229.588 Z-0.993 F400.000
G1 X-6.150 Y-229.588 Z-1.659 F400.000
G1 X-18.850 Y-229.588 Z-2.325 F400.000
G1 X-17.412 Y-229.588 Z-2.400 F400.000
G1 X-18.850 Y-229.588 Z-2.400 F400.000
G1 X-6.150 Y-229.588 Z-2.400 F400.000
G0 X-6.150 Y-229.588 Z5.000
G0 X-18.850 Y-229.588 Z5.000
G0 X-18.850 Y-229.588 Z3.000
G1 X-6.150 Y-229.588 Z2.334 F400.000
G1 X-18.850 Y-229.588 Z1.669 F400.000
G1 X-6.150 Y-229.588 Z1.003 F400.000
G1 X-18.850 Y-229.588 Z0.338 F400.000
G1 X-6.150 Y-229.588 Z-0.328 F400.000
G1 X-18.850 Y-229.588 Z-0.993 F400.000
G1 X-6.150 Y-229.588 Z-1.659 F400.000
G1 X-18.850 Y-229.588 Z-2.325 F400.000
G1 X-13.596 Y-229.588 Z-2.600 F400.000
G1 X-18.850 Y-229.588 Z-2.600 F400.000
G1 X-6.150 Y-229.588 Z-2.600 F400.000
G0 X-6.150 Y-229.588 Z5.000
G0 X-18.850 Y-229.588 Z5.000
G0 X-18.850 Y-229.588 Z3.000
G1 X-6.150 Y-229.588 Z2.334 F400.000
G1 X-18.850 Y-229.588 Z1.669 F400.000
G1 X-6.150 Y-229.588 Z1.003 F400.000
G1 X-18.850 Y-229.588 Z0.338 F400.000
G1 X-6.150 Y-229.588 Z-0.328 F400.000
G1 X-18.850 Y-229.588 Z-0.993 F400.000
G1 X-6.150 Y-229.588 Z-1.659 F400.000
G1 X-18.850 Y-229.588 Z-2.325 F400.000
G1 X-9.779 Y-229.588 Z-2.800 F400.000
G1 X-18.850 Y-229.588 Z-2.800 F400.000
G1 X-6.150 Y-229.588 Z-2.800 F400.000
G0 X-6.150 Y-229.588 Z5.000
G0 X-18.850 Y-229.588 Z5.000
G0 X-18.850 Y-229.588 Z3.000
G1 X-6.150 Y-229.588 Z2.334 F400.000
G1 X-18.850 Y-229.588 Z1.669 F400.000
G1 X-6.150 Y-229.588 Z1.003 F400.000
G1 X-18.850 Y-229.588 Z0.338 F400.000
G1 X-6.150 Y-229.588 Z-0.328 F400.000
G1 X-18.850 Y-229.588 Z-0.993 F400.000
G1 X-6.150 Y-229.588 Z-1.659 F400.000
G1 X-18.850 Y-229.588 Z-2.325 F400.000
G1 X-6.150 Y-229.588 Z-2.990 F400.000
G1 X-6.337 Y-229.588 Z-3.000 F400.000
G1 X-18.850 Y-229.588 Z-3.000 F400.000
G1 X-6.150 Y-229.588 Z-3.000 F400.000
G0 X-6.150 Y-229.588 Z5.000
G0 X-18.850 Y-229.588 Z5.000
G0 X-18.850 Y-229.588 Z3.000
G1 X-6.150 Y-229.588 Z2.334 F400.000
G1 X-18.850 Y-229.588 Z1.669 F400.000
G1 X-6.150 Y-229.588 Z1.003 F400.000
G1 X-18.850 Y-229.588 Z0.338 F400.000
G1 X-6.150 Y-229.588 Z-0.328 F400.000
G1 X-18.850 Y-229.588 Z-0.993 F400.000
G1 X-6.150 Y-229.588 Z-1.659 F400.000
G1 X-18.850 Y-229.588 Z-2.325 F400.000
G1 X-6.150 Y-229.588 Z-2.990 F400.000
G1 X-10.153 Y-229.588 Z-3.200 F400.000
G1 X-18.850 Y-229.588 Z-3.200 F400.000
G1 X-6.150 Y-229.588 Z-3.200 F400.000
G0 X-6.150 Y-229.588 Z5.000
G0 X-18.850 Y-229.588 Z5.000
G0 X-18.850 Y-229.588 Z3.000
G1 X-6.150 Y-229.588 Z2.334 F400.000
G1 X-18.850 Y-229.588 Z1.669 F400.000
G1 X-6.150 Y-229.588 Z1.003 F400.000
G1 X-18.850 Y-229.588 Z0.338 F400.000
G1 X-6.150 Y-229.588 Z-0.328 F400.000
G1 X-18.850 Y-229.588 Z-0.993 F400.000
G1 X-6.150 Y-229.588 Z-1.659 F400.000
G1 X-18.850 Y-229.588 Z-2.325 F400.000
G1 X-6.150 Y-229.588 Z-2.990 F400.000
G1 X-13.969 Y-229.588 Z-3.400 F400.000
G1 X-18.850 Y-229.588 Z-3.400 F400.000
G1 X-6.150 Y-229.588 Z-3.400 F400.000
G0 X-6.150 Y-229.588 Z5.000
G0 X-18.850 Y-229.588 Z5.000
G0 X-18.850 Y-229.588 Z3.000
G1 X-6.150 Y-229.588 Z2.334 F400.000
G1 X-18.850 Y-229.588 Z1.669 F400.000
G1 X-6.150 Y-229.588 Z1.003 F400.000
G1 X-18.850 Y-229.588 Z0.338 F400.000
G1 X-6.150 Y-229.588 Z-0.328 F400.000
G1 X-18.850 Y-229.588 Z-0.993 F400.000
G1 X-6.150 Y-229.588 Z-1.659 F400.000
G1 X-18.850 Y-229.588 Z-2.325 F400.000
G1 X-6.150 Y-229.588 Z-2.990 F400.000
G1 X-17.786 Y-229.588 Z-3.600 F400.000
G1 X-18.850 Y-229.588 Z-3.600 F400.000
G1 X-6.150 Y-229.588 Z-3.600 F400.000
G0 X-6.150 Y-229.588 Z5.000
G0 X-18.850 Y-229.588 Z5.000
G0 X-18.850 Y-229.588 Z3.000
G1 X-6.150 Y-229.588 Z2.334 F400.000
G1 X-18.850 Y-229.588 Z1.669 F400.000
G1 X-6.150 Y-229.588 Z1.003 F400.000
G1 X-18.850 Y-229.588 Z0.338 F400.000
G1 X-6.150 Y-229.588 Z-0.328 F400.000
G1 X-18.850 Y-229.588 Z-0.993 F400.000
G1 X-6.150 Y-229.588 Z-1.659 F400.000
G1 X-18.850 Y-229.588 Z-2.325 F400.000
G1 X-6.150 Y-229.588 Z-2.990 F400.000
G1 X-18.850 Y-229.588 Z-3.656 F400.000
G1 X-16.098 Y-229.588 Z-3.800 F400.000
G1 X-18.850 Y-229.588 Z-3.800 F400.000
G1 X-6.150 Y-229.588 Z-3.800 F400.000
G0 X-6.150 Y-229.588 Z5.000
G0 X-18.850 Y-229.588 Z5.000
G0 X-18.850 Y-229.588 Z3.000
G1 X-6.150 Y-229.588 Z2.334 F400.000
G1 X-18.850 Y-229.588 Z1.669 F400.000
G1 X-6.150 Y-229.588 Z1.003 F400.000
G1 X-18.850 Y-229.588 Z0.338 F400.000
G1 X-6.150 Y-229.588 Z-0.328 F400.000
G1 X-18.850 Y-229.588 Z-0.993 F400.000
G1 X-6.150 Y-229.588 Z-1.659 F400.000
G1 X-18.850 Y-229.588 Z-2.325 F400.000
G1 X-6.150 Y-229.588 Z-2.990 F400.000
G1 X-18.850 Y-229.588 Z-3.656 F400.000
G1 X-12.282 Y-229.588 Z-4.000 F400.000
G1 X-18.850 Y-229.588 Z-4.000 F400.000
G1 X-6.150 Y-229.588 Z-4.000 F400.000
G0 X-6.150 Y-229.588 Z5.000
G0 X-18.850 Y-229.588 Z5.000
G0 X-18.850 Y-229.588 Z3.000
G1 X-6.150 Y-229.588 Z2.334 F400.000
G1 X-18.850 Y-229.588 Z1.669 F400.000
G1 X-6.150 Y-229.588 Z1.003 F400.000
G1 X-18.850 Y-229.588 Z0.338 F400.000
G1 X-6.150 Y-229.588 Z-0.328 F400.000
G1 X-18.850 Y-229.588 Z-0.993 F400.000
G1 X-6.150 Y-229.588 Z-1.659 F400.000
G1 X-18.850 Y-229.588 Z-2.325 F400.000
G1 X-6.150 Y-229.588 Z-2.990 F400.000
G1 X-18.850 Y-229.588 Z-3.656 F400.000
G1 X-8.466 Y-229.588 Z-4.200 F400.000
G1 X-18.850 Y-229.588 Z-4.200 F400.000
G1 X-6.150 Y-229.588 Z-4.200 F400.000
G0 X-6.150 Y-229.588 Z5.000
G0 X-18.850 Y-229.588 Z5.000
G0 X-18.850 Y-229.588 Z3.000
G1 X-6.150 Y-229.588 Z2.334 F400.000
G1 X-18.850 Y-229.588 Z1.669 F400.000
G1 X-6.150 Y-229.588 Z1.003 F400.000
G1 X-18.850 Y-229.588 Z0.338 F400.000
G1 X-6.150 Y-229.588 Z-0.328 F400.000
G1 X-18.850 Y-229.588 Z-0.993 F400.000
G1 X-6.150 Y-229.588 Z-1.659 F400.000
G1 X-18.850 Y-229.588 Z-2.325 F400.000
G1 X-6.150 Y-229.588 Z-2.990 F400.000
G1 X-18.850 Y-229.588 Z-3.656 F400.000
G1 X-6.150 Y-229.588 Z-4.321 F400.000
G1 X-7.650 Y-229.588 Z-4.400 F400.000
G1 X-18.850 Y-229.588 Z-4.400 F400.000
G1 X-6.150 Y-229.588 Z-4.400 F400.000
G0 X-6.150 Y-229.588 Z5.000
G0 X-18.850 Y-229.588 Z5.000
G0 X-18.850 Y-229.588 Z3.000
G1 X-6.150 Y-229.588 Z2.334 F400.000
G1 X-18.850 Y-229.588 Z1.669 F400.000
G1 X-6.150 Y-229.588 Z1.003 F400.000
G1 X-18.850 Y-229.588 Z0.338 F400.000
G1 X-6.150 Y-229.588 Z-0.328 F400.000
G1 X-18.850 Y-229.588 Z-0.993 F400.000
G1 X-6.150 Y-229.588 Z-1.659 F400.000
G1 X-18.850 Y-229.588 Z-2.325 F400.000
G1 X-6.150 Y-229.588 Z-2.990 F400.000
G1 X-18.850 Y-229.588 Z-3.656 F400.000
G1 X-6.150 Y-229.588 Z-4.321 F400.000
G1 X-11.467 Y-229.588 Z-4.600 F400.000
G1 X-18.850 Y-229.588 Z-4.600 F400.000
G1 X-6.150 Y-229.588 Z-4.600 F400.000
G0 X-6.150 Y-229.588 Z5.000
G0 X-18.850 Y-229.588 Z5.000
G0 X-18.850 Y-229.588 Z3.000
G1 X-6.150 Y-229.588 Z2.334 F400.000
G1 X-18.850 Y-229.588 Z1.669 F400.000
G1 X-6.150 Y-229.588 Z1.003 F400.000
G1 X-18.850 Y-229.588 Z0.338 F400.000
G1 X-6.150 Y-229.588 Z-0.328 F400.000
G1 X-18.850 Y-229.588 Z-0.993 F400.000
G1 X-6.150 Y-229.588 Z-1.659 F400.000
G1 X-18.850 Y-229.588 Z-2.325 F400.000
G1 X-6.150 Y-229.588 Z-2.990 F400.000
G1 X-18.850 Y-229.588 Z-3.656 F400.000
G1 X-6.150 Y-229.588 Z-4.321 F400.000
G1 X-15.283 Y-229.588 Z-4.800 F400.000
G1 X-18.850 Y-229.588 Z-4.800 F400.000
G1 X-6.150 Y-229.588 Z-4.800 F400.000
G0 X-6.150 Y-229.588 Z5.000
G0 X-18.850 Y-229.588 Z5.000
G0 X-18.850 Y-229.588 Z3.000
G1 X-6.150 Y-229.588 Z2.334 F400.000
G1 X-18.850 Y-229.588 Z1.669 F400.000
G1 X-6.150 Y-229.588 Z1.003 F400.000
G1 X-18.850 Y-229.588 Z0.338 F400.000
G1 X-6.150 Y-229.588 Z-0.328 F400.000
G1 X-18.850 Y-229.588 Z-0.993 F400.000
G1 X-6.150 Y-229.588 Z-1.659 F400.000
G1 X-18.850 Y-229.588 Z-2.325 F400.000
G1 X-6.150 Y-229.588 Z-2.990 F400.000
G1 X-18.850 Y-229.588 Z-3.656 F400.000
G1 X-6.150 Y-229.588 Z-4.321 F400.000
G1 X-18.850 Y-229.588 Z-4.987 F400.000
G1 X-18.601 Y-229.588 Z-5.000 F400.000
G1 X-18.850 Y-229.588 Z-5.000 F400.000
G1 X-6.150 Y-229.588 Z-5.000 F400.000
G0 X-6.150 Y-229.588 Z5.000
G0 X-18.850 Y-229.588 Z5.000
G0 X-18.850 Y-229.588 Z3.000
G1 X-6.150 Y-229.588 Z2.334 F400.000
G1 X-18.850 Y-229.588 Z1.669 F400.000
G1 X-6.150 Y-229.588 Z1.003 F400.000
G1 X-18.850 Y-229.588 Z0.338 F400.000
G1 X-6.150 Y-229.588 Z-0.328 F400.000
G1 X-18.850 Y-229.588 Z-0.993 F400.000
G1 X-6.150 Y-229.588 Z-1.659 F400.000
G1 X-18.850 Y-229.588 Z-2.325 F400.000
G1 X-6.150 Y-229.588 Z-2.990 F400.000
G1 X-18.850 Y-229.588 Z-3.656 F400.000
G1 X-6.150 Y-229.588 Z-4.321 F400.000
G1 X-18.850 Y-229.588 Z-4.987 F400.000
G1 X-14.785 Y-229.588 Z-5.200 F400.000
G1 X-18.850 Y-229.588 Z-5.200 F400.000
G1 X-6.150 Y-229.588 Z-5.200 F400.000
G0 X-6.150 Y-229.588 Z5.000
G0 X-18.850 Y-229.588 Z5.000
G0 X-18.850 Y-229.588 Z3.000
G1 X-6.150 Y-229.588 Z2.334 F400.000
G1 X-18.850 Y-229.588 Z1.669 F400.000
G1 X-6.150 Y-229.588 Z1.003 F400.000
G1 X-18.850 Y-229.588 Z0.338 F400.000
G1 X-6.150 Y-229.588 Z-0.328 F400.000
G1 X-18.850 Y-229.588 Z-0.993 F400.000
G1 X-6.150 Y-229.588 Z-1.659 F400.000
G1 X-18.850 Y-229.588 Z-2.325 F400.000
G1 X-6.150 Y-229.588 Z-2.990 F400.000
G1 X-18.850 Y-229.588 Z-3.656 F400.000
G1 X-6.150 Y-229.588 Z-4.321 F400.000
G1 X-18.850 Y-229.588 Z-4.987 F400.000
G1 X-10.968 Y-229.588 Z-5.400 F400.000
G1 X-18.850 Y-229.588 Z-5.400 F400.000
G1 X-6.150 Y-229.588 Z-5.400 F400.000
G0 X-6.150 Y-229.588 Z5.000
(Finish operation: RampEntryDressup)
(Begin operation: Close Short Edge)
(Path: Close Short Edge)
(Close Short Edge)
(Compensated Tool Path. Diameter: 3.175)
G0 Z5.000
G0 X-6.150 Y-1.412
G0 Z3.000
G1 X-6.150 Y-1.412 Z-0.000 F250.000
G1 X-18.850 Y-1.412 Z-0.000 F400.000
G0 Z5.000
G0 X-6.150 Y-1.412
G0 Z3.000
G1 X-6.150 Y-1.412 Z-0.200 F250.000
G1 X-18.850 Y-1.412 Z-0.200 F400.000
G0 Z5.000
G0 X-6.150 Y-1.412
G0 Z3.000
G1 X-6.150 Y-1.412 Z-0.400 F250.000
G1 X-18.850 Y-1.412 Z-0.400 F400.000
G0 Z5.000
G0 X-6.150 Y-1.412
G0 Z3.000
G1 X-6.150 Y-1.412 Z-0.600 F250.000
G1 X-18.850 Y-1.412 Z-0.600 F400.000
G0 Z5.000
G0 X-6.150 Y-1.412
G0 Z3.000
G1 X-6.150 Y-1.412 Z-0.800 F250.000
G1 X-18.850 Y-1.412 Z-0.800 F400.000
G0 Z5.000
G0 X-6.150 Y-1.412
G0 Z3.000
G1 X-6.150 Y-1.412 Z-1.000 F250.000
G1 X-18.850 Y-1.412 Z-1.000 F400.000
G0 Z5.000
G0 X-6.150 Y-1.412
G0 Z3.000
G1 X-6.150 Y-1.412 Z-1.200 F250.000
G1 X-18.850 Y-1.412 Z-1.200 F400.000
G0 Z5.000
G0 X-6.150 Y-1.412
G0 Z3.000
G1 X-6.150 Y-1.412 Z-1.400 F250.000
G1 X-18.850 Y-1.412 Z-1.400 F400.000
G0 Z5.000
G0 X-6.150 Y-1.412
G0 Z3.000
G1 X-6.150 Y-1.412 Z-1.600 F250.000
G1 X-18.850 Y-1.412 Z-1.600 F400.000
G0 Z5.000
G0 X-6.150 Y-1.412
G0 Z3.000
G1 X-6.150 Y-1.412 Z-1.800 F250.000
G1 X-18.850 Y-1.412 Z-1.800 F400.000
G0 Z5.000
G0 X-6.150 Y-1.412
G0 Z3.000
G1 X-6.150 Y-1.412 Z-2.000 F250.000
G1 X-18.850 Y-1.412 Z-2.000 F400.000
G0 Z5.000
G0 X-6.150 Y-1.412
G0 Z3.000
G1 X-6.150 Y-1.412 Z-2.200 F250.000
G1 X-18.850 Y-1.412 Z-2.200 F400.000
G0 Z5.000
G0 X-6.150 Y-1.412
G0 Z3.000
G1 X-6.150 Y-1.412 Z-2.400 F250.000
G1 X-18.850 Y-1.412 Z-2.400 F400.000
G0 Z5.000
G0 X-6.150 Y-1.412
G0 Z3.000
G1 X-6.150 Y-1.412 Z-2.600 F250.000
G1 X-18.850 Y-1.412 Z-2.600 F400.000
G0 Z5.000
G0 X-6.150 Y-1.412
G0 Z3.000
G1 X-6.150 Y-1.412 Z-2.800 F250.000
G1 X-18.850 Y-1.412 Z-2.800 F400.000
G0 Z5.000
G0 X-6.150 Y-1.412
G0 Z3.000
G1 X-6.150 Y-1.412 Z-3.000 F250.000
G1 X-18.850 Y-1.412 Z-3.000 F400.000
G0 Z5.000
G0 X-6.150 Y-1.412
G0 Z3.000
G1 X-6.150 Y-1.412 Z-3.200 F250.000
G1 X-18.850 Y-1.412 Z-3.200 F400.000
G0 Z5.000
G0 X-6.150 Y-1.412
G0 Z3.000
G1 X-6.150 Y-1.412 Z-3.400 F250.000
G1 X-18.850 Y-1.412 Z-3.400 F400.000
G0 Z5.000
G0 X-6.150 Y-1.412
G0 Z3.000
G1 X-6.150 Y-1.412 Z-3.600 F250.000
G1 X-18.850 Y-1.412 Z-3.600 F400.000
G0 Z5.000
G0 X-6.150 Y-1.412
G0 Z3.000
G1 X-6.150 Y-1.412 Z-3.800 F250.000
G1 X-18.850 Y-1.412 Z-3.800 F400.000
G0 Z5.000
G0 X-6.150 Y-1.412
G0 Z3.000
G1 X-6.150 Y-1.412 Z-4.000 F250.000
G1 X-18.850 Y-1.412 Z-4.000 F400.000
G0 Z5.000
G0 X-6.150 Y-1.412
G0 Z3.000
G1 X-6.150 Y-1.412 Z-4.200 F250.000
G1 X-18.850 Y-1.412 Z-4.200 F400.000
G0 Z5.000
G0 X-6.150 Y-1.412
G0 Z3.000
G1 X-6.150 Y-1.412 Z-4.400 F250.000
G1 X-18.850 Y-1.412 Z-4.400 F400.000
G0 Z5.000
G0 X-6.150 Y-1.412
G0 Z3.000
G1 X-6.150 Y-1.412 Z-4.600 F250.000
G1 X-18.850 Y-1.412 Z-4.600 F400.000
G0 Z5.000
G0 X-6.150 Y-1.412
G0 Z3.000
G1 X-6.150 Y-1.412 Z-4.800 F250.000
G1 X-18.850 Y-1.412 Z-4.800 F400.000
G0 Z5.000
G0 X-6.150 Y-1.412
G0 Z3.000
G1 X-6.150 Y-1.412 Z-5.000 F250.000
G1 X-18.850 Y-1.412 Z-5.000 F400.000
G0 Z5.000
G0 Z5.000
(Finish operation: Close Short Edge)
(Begin postamble)
M5
G17 G90
M2
