(Exported by FreeCAD)
(Post Processor: grbl_post)
(Output Time:2026-07-29 13:00:46.276302)
(Begin preamble)
G17 G90
G21
(Begin operation: Fixture)
(Path: Fixture)
G54
(Finish operation: Fixture)
(Begin operation: ALUMINUM | SpeTool Au3e 1/8 3FL | 5500rpm F101)
(Path: ALUMINUM | SpeTool Au3e 1/8 3FL | 5500rpm F101)
(ALUMINUM | SpeTool Au3e 1/8 3FL | 5500rpm F101)
(Begin toolchange)
( M6 T3 )
M3 S8000
(Finish operation: ALUMINUM | SpeTool Au3e 1/8 3FL | 5500rpm F101)
(Begin operation: Small Hole)
(Path: Small Hole)
(Small Hole)
(Begin Drilling)
G0 Z5.000
G90
( G98 )
G0 X-12.500 Y-8.590
(G83 X-12.500 Y-8.590 Z-5.400 F250.000 Q0.200 R3.000)
G0 X-12.500 Y-8.590
G0 Z3.000 F250.00
G1 Z2.800 F250.00
G0 Z3.000
G0 Z2.810
G1 Z2.600 F250.00
G0 Z3.000
G0 Z2.610
G1 Z2.400 F250.00
G0 Z3.000
G0 Z2.410
G1 Z2.200 F250.00
G0 Z3.000
G0 Z2.210
G1 Z2.000 F250.00
G0 Z3.000
G0 Z2.010
G1 Z1.800 F250.00
G0 Z3.000
G0 Z1.810
G1 Z1.600 F250.00
G0 Z3.000
G0 Z1.610
G1 Z1.400 F250.00
G0 Z3.000
G0 Z1.410
G1 Z1.200 F250.00
G0 Z3.000
G0 Z1.210
G1 Z1.000 F250.00
G0 Z3.000
G0 Z1.010
G1 Z0.800 F250.00
G0 Z3.000
G0 Z0.810
G1 Z0.600 F250.00
G0 Z3.000
G0 Z0.610
G1 Z0.400 F250.00
G0 Z3.000
G0 Z0.410
G1 Z0.200 F250.00
G0 Z3.000
G0 Z0.210
G1 Z0.000 F250.00
G0 Z3.000
G0 Z0.010
G1 Z-0.200 F250.00
G0 Z3.000
G0 Z-0.190
G1 Z-0.400 F250.00
G0 Z3.000
G0 Z-0.390
G1 Z-0.600 F250.00
G0 Z3.000
G0 Z-0.590
G1 Z-0.800 F250.00
G0 Z3.000
G0 Z-0.790
G1 Z-1.000 F250.00
G0 Z3.000
G0 Z-0.990
G1 Z-1.200 F250.00
G0 Z3.000
G0 Z-1.190
G1 Z-1.400 F250.00
G0 Z3.000
G0 Z-1.390
G1 Z-1.600 F250.00
G0 Z3.000
G0 Z-1.590
G1 Z-1.800 F250.00
G0 Z3.000
G0 Z-1.790
G1 Z-2.000 F250.00
G0 Z3.000
G0 Z-1.990
G1 Z-2.200 F250.00
G0 Z3.000
G0 Z-2.190
G1 Z-2.400 F250.00
G0 Z3.000
G0 Z-2.390
G1 Z-2.600 F250.00
G0 Z3.000
G0 Z-2.590
G1 Z-2.800 F250.00
G0 Z3.000
G0 Z-2.790
G1 Z-3.000 F250.00
G0 Z3.000
G0 Z-2.990
G1 Z-3.200 F250.00
G0 Z3.000
G0 Z-3.190
G1 Z-3.400 F250.00
G0 Z3.000
G0 Z-3.390
G1 Z-3.600 F250.00
G0 Z3.000
G0 Z-3.590
G1 Z-3.800 F250.00
G0 Z3.000
G0 Z-3.790
G1 Z-4.000 F250.00
G0 Z3.000
G0 Z-3.990
G1 Z-4.200 F250.00
G0 Z3.000
G0 Z-4.190
G1 Z-4.400 F250.00
G0 Z3.000
G0 Z-4.390
G1 Z-4.600 F250.00
G0 Z3.000
G0 Z-4.590
G1 Z-4.800 F250.00
G0 Z3.000
G0 Z-4.790
G1 Z-5.000 F250.00
G0 Z3.000
G0 Z-4.990
G1 Z-5.200 F250.00
G0 Z3.000
G0 Z-5.190
G1 Z-5.400 F250.00
G0 Z3.000
G0 Z-5.390
G1 Z-5.400 F250.00
G0 Z5.000
( G80 )
G0 Z5.000
(Finish operation: Small Hole)
(Begin operation: Big Hole)
(Path: Big Hole)
(Helix)
(helix cut operation)
G0 Z5.000
G0 Z5.000
G0 X-12.500 Y-8.590 Z5.000
G0 X-12.500 Y-8.590 Z0.000
G0 X-12.498 Y-8.590
G1 Z0.000 F250.000
G2 X-12.503 Y-8.590 Z-0.096 I-0.003 J0.000 F400.000
G2 X-12.498 Y-8.590 Z-0.193 I0.003 J0.000 F400.000
G2 X-12.503 Y-8.590 Z-0.289 I-0.003 J0.000 F400.000
G2 X-12.498 Y-8.590 Z-0.386 I0.003 J0.000 F400.000
G2 X-12.503 Y-8.590 Z-0.482 I-0.003 J0.000 F400.000
G2 X-12.498 Y-8.590 Z-0.579 I0.003 J0.000 F400.000
G2 X-12.503 Y-8.590 Z-0.675 I-0.003 J0.000 F400.000
G2 X-12.498 Y-8.590 Z-0.771 I0.003 J0.000 F400.000
G2 X-12.503 Y-8.590 Z-0.868 I-0.003 J0.000 F400.000
G2 X-12.498 Y-8.590 Z-0.964 I0.003 J0.000 F400.000
G2 X-12.503 Y-8.590 Z-1.061 I-0.003 J0.000 F400.000
G2 X-12.498 Y-8.590 Z-1.157 I0.003 J0.000 F400.000
G2 X-12.503 Y-8.590 Z-1.254 I-0.003 J0.000 F400.000
G2 X-12.498 Y-8.590 Z-1.350 I0.003 J0.000 F400.000
G2 X-12.503 Y-8.590 Z-1.446 I-0.003 J0.000 F400.000
G2 X-12.498 Y-8.590 Z-1.543 I0.003 J0.000 F400.000
G2 X-12.503 Y-8.590 Z-1.639 I-0.003 J0.000 F400.000
G2 X-12.498 Y-8.590 Z-1.736 I0.003 J0.000 F400.000
G2 X-12.503 Y-8.590 Z-1.832 I-0.003 J0.000 F400.000
G2 X-12.498 Y-8.590 Z-1.929 I0.003 J0.000 F400.000
G2 X-12.503 Y-8.590 Z-2.025 I-0.003 J0.000 F400.000
G2 X-12.498 Y-8.590 Z-2.121 I0.003 J0.000 F400.000
G2 X-12.503 Y-8.590 Z-2.218 I-0.003 J0.000 F400.000
G2 X-12.498 Y-8.590 Z-2.314 I0.003 J0.000 F400.000
G2 X-12.503 Y-8.590 Z-2.411 I-0.003 J0.000 F400.000
G2 X-12.498 Y-8.590 Z-2.507 I0.003 J0.000 F400.000
G2 X-12.503 Y-8.590 Z-2.604 I-0.003 J0.000 F400.000
G2 X-12.498 Y-8.590 Z-2.700 I0.003 J0.000 F400.000
G2 X-12.503 Y-8.590 Z-2.796 I-0.003 J0.000 F400.000
G2 X-12.498 Y-8.590 Z-2.893 I0.003 J0.000 F400.000
G2 X-12.503 Y-8.590 Z-2.989 I-0.003 J0.000 F400.000
G2 X-12.498 Y-8.590 Z-3.086 I0.003 J0.000 F400.000
G2 X-12.503 Y-8.590 Z-3.182 I-0.003 J0.000 F400.000
G2 X-12.498 Y-8.590 Z-3.279 I0.003 J0.000 F400.000
G2 X-12.503 Y-8.590 Z-3.375 I-0.003 J0.000 F400.000
G2 X-12.498 Y-8.590 Z-3.471 I0.003 J0.000 F400.000
G2 X-12.503 Y-8.590 Z-3.568 I-0.003 J0.000 F400.000
G2 X-12.498 Y-8.590 Z-3.664 I0.003 J0.000 F400.000
G2 X-12.503 Y-8.590 Z-3.761 I-0.003 J0.000 F400.000
G2 X-12.498 Y-8.590 Z-3.857 I0.003 J0.000 F400.000
G2 X-12.503 Y-8.590 Z-3.954 I-0.003 J0.000 F400.000
G2 X-12.498 Y-8.590 Z-4.050 I0.003 J0.000 F400.000
G2 X-12.503 Y-8.590 Z-4.146 I-0.003 J0.000 F400.000
G2 X-12.498 Y-8.590 Z-4.243 I0.003 J0.000 F400.000
G2 X-12.503 Y-8.590 Z-4.339 I-0.003 J0.000 F400.000
G2 X-12.498 Y-8.590 Z-4.436 I0.003 J0.000 F400.000
G2 X-12.503 Y-8.590 Z-4.532 I-0.003 J0.000 F400.000
G2 X-12.498 Y-8.590 Z-4.629 I0.003 J0.000 F400.000
G2 X-12.503 Y-8.590 Z-4.725 I-0.003 J0.000 F400.000
G2 X-12.498 Y-8.590 Z-4.821 I0.003 J0.000 F400.000
G2 X-12.503 Y-8.590 Z-4.918 I-0.003 J0.000 F400.000
G2 X-12.498 Y-8.590 Z-5.014 I0.003 J0.000 F400.000
G2 X-12.503 Y-8.590 Z-5.111 I-0.003 J0.000 F400.000
G2 X-12.498 Y-8.590 Z-5.207 I0.003 J0.000 F400.000
G2 X-12.503 Y-8.590 Z-5.304 I-0.003 J0.000 F400.000
G2 X-12.498 Y-8.590 Z-5.400 I0.003 J0.000 F400.000
G2 X-12.503 Y-8.590 Z-5.400 I-0.003 J0.000 F400.000
G2 X-12.498 Y-8.590 Z-5.400 I0.003 J0.000 F400.000
G0 X-12.500 Y-8.590 Z-5.400
G0 Z0.000
G0 Z5.000
G0 X-12.500 Y-220.500 Z5.000
G0 X-12.500 Y-220.500 Z0.000
G0 X-11.787 Y-220.500
G1 Z0.000 F250.000
G2 X-13.212 Y-220.500 Z-0.096 I-0.713 J0.000 F400.000
G2 X-11.787 Y-220.500 Z-0.193 I0.713 J0.000 F400.000
G2 X-13.212 Y-220.500 Z-0.289 I-0.713 J0.000 F400.000
G2 X-11.787 Y-220.500 Z-0.386 I0.713 J0.000 F400.000
G2 X-13.212 Y-220.500 Z-0.482 I-0.713 J0.000 F400.000
G2 X-11.787 Y-220.500 Z-0.579 I0.713 J0.000 F400.000
G2 X-13.212 Y-220.500 Z-0.675 I-0.713 J0.000 F400.000
G2 X-11.787 Y-220.500 Z-0.771 I0.713 J0.000 F400.000
G2 X-13.212 Y-220.500 Z-0.868 I-0.713 J0.000 F400.000
G2 X-11.787 Y-220.500 Z-0.964 I0.713 J0.000 F400.000
G2 X-13.212 Y-220.500 Z-1.061 I-0.713 J0.000 F400.000
G2 X-11.787 Y-220.500 Z-1.157 I0.713 J0.000 F400.000
G2 X-13.212 Y-220.500 Z-1.254 I-0.713 J0.000 F400.000
G2 X-11.787 Y-220.500 Z-1.350 I0.713 J0.000 F400.000
G2 X-13.212 Y-220.500 Z-1.446 I-0.713 J0.000 F400.000
G2 X-11.787 Y-220.500 Z-1.543 I0.713 J0.000 F400.000
G2 X-13.212 Y-220.500 Z-1.639 I-0.713 J0.000 F400.000
G2 X-11.787 Y-220.500 Z-1.736 I0.713 J0.000 F400.000
G2 X-13.212 Y-220.500 Z-1.832 I-0.713 J0.000 F400.000
G2 X-11.787 Y-220.500 Z-1.929 I0.713 J0.000 F400.000
G2 X-13.212 Y-220.500 Z-2.025 I-0.713 J0.000 F400.000
G2 X-11.787 Y-220.500 Z-2.121 I0.713 J0.000 F400.000
G2 X-13.212 Y-220.500 Z-2.218 I-0.713 J0.000 F400.000
G2 X-11.787 Y-220.500 Z-2.314 I0.713 J0.000 F400.000
G2 X-13.212 Y-220.500 Z-2.411 I-0.713 J0.000 F400.000
G2 X-11.787 Y-220.500 Z-2.507 I0.713 J0.000 F400.000
G2 X-13.212 Y-220.500 Z-2.604 I-0.713 J0.000 F400.000
G2 X-11.787 Y-220.500 Z-2.700 I0.713 J0.000 F400.000
G2 X-13.212 Y-220.500 Z-2.796 I-0.713 J0.000 F400.000
G2 X-11.787 Y-220.500 Z-2.893 I0.713 J0.000 F400.000
G2 X-13.212 Y-220.500 Z-2.989 I-0.713 J0.000 F400.000
G2 X-11.787 Y-220.500 Z-3.086 I0.713 J0.000 F400.000
G2 X-13.212 Y-220.500 Z-3.182 I-0.713 J0.000 F400.000
G2 X-11.787 Y-220.500 Z-3.279 I0.713 J0.000 F400.000
G2 X-13.212 Y-220.500 Z-3.375 I-0.713 J0.000 F400.000
G2 X-11.787 Y-220.500 Z-3.471 I0.713 J0.000 F400.000
G2 X-13.212 Y-220.500 Z-3.568 I-0.713 J0.000 F400.000
G2 X-11.787 Y-220.500 Z-3.664 I0.713 J0.000 F400.000
G2 X-13.212 Y-220.500 Z-3.761 I-0.713 J0.000 F400.000
G2 X-11.787 Y-220.500 Z-3.857 I0.713 J0.000 F400.000
G2 X-13.212 Y-220.500 Z-3.954 I-0.713 J0.000 F400.000
G2 X-11.787 Y-220.500 Z-4.050 I0.713 J0.000 F400.000
G2 X-13.212 Y-220.500 Z-4.146 I-0.713 J0.000 F400.000
G2 X-11.787 Y-220.500 Z-4.243 I0.713 J0.000 F400.000
G2 X-13.212 Y-220.500 Z-4.339 I-0.713 J0.000 F400.000
G2 X-11.787 Y-220.500 Z-4.436 I0.713 J0.000 F400.000
G2 X-13.212 Y-220.500 Z-4.532 I-0.713 J0.000 F400.000
G2 X-11.787 Y-220.500 Z-4.629 I0.713 J0.000 F400.000
G2 X-13.212 Y-220.500 Z-4.725 I-0.713 J0.000 F400.000
G2 X-11.787 Y-220.500 Z-4.821 I0.713 J0.000 F400.000
G2 X-13.212 Y-220.500 Z-4.918 I-0.713 J0.000 F400.000
G2 X-11.787 Y-220.500 Z-5.014 I0.713 J0.000 F400.000
G2 X-13.212 Y-220.500 Z-5.111 I-0.713 J0.000 F400.000
G2 X-11.787 Y-220.500 Z-5.207 I0.713 J0.000 F400.000
G2 X-13.212 Y-220.500 Z-5.304 I-0.713 J0.000 F400.000
G2 X-11.787 Y-220.500 Z-5.400 I0.713 J0.000 F400.000
G2 X-13.212 Y-220.500 Z-5.400 I-0.713 J0.000 F400.000
G2 X-11.787 Y-220.500 Z-5.400 I0.713 J0.000 F400.000
G0 X-12.500 Y-220.500 Z-5.400
G0 Z0.000
G0 Z5.000
(Finish operation: Big Hole)
(Begin operation: Countersink)
(Path: Countersink)
(Countersink)
G0 Z5.000
G0
G0 X-12.677 Y-219.840
G0 X-12.677 Y-219.840 Z3.000
G1 X-12.677 Y-219.840 Z-0.200 F250.000
G3 X-12.323 Y-221.160 Z-0.200 I0.177 J-0.660 K0.000 F400.000
G3 X-12.677 Y-219.840 Z-0.200 I-0.177 J0.660 K0.000 F400.000
G0 Z5.000
G0 X-12.883 Y-219.072 Z5.000
G0 X-12.883 Y-219.072 Z3.000
G1 X-12.883 Y-219.072 Z-0.200 F250.000
G3 X-12.117 Y-221.928 Z-0.200 I0.383 J-1.428 K0.000 F400.000
G3 X-12.883 Y-219.072 Z-0.200 I-0.383 J1.428 K0.000 F400.000
G0 Z5.000
G0 X-13.089 Y-218.303 Z5.000
G0 X-13.089 Y-218.303 Z3.000
G1 X-13.089 Y-218.303 Z-0.200 F250.000
G3 X-11.911 Y-222.697 Z-0.200 I0.589 J-2.197 K0.000 F400.000
G3 X-13.089 Y-218.303 Z-0.200 I-0.589 J2.197 K0.000 F400.000
G0 Z5.000
G0 X-13.294 Y-217.535 Z5.000
G0 X-13.294 Y-217.535 Z3.000
G1 X-13.294 Y-217.535 Z-0.200 F250.000
G3 X-15.465 Y-221.294 Z-0.200 I0.794 J-2.965 K0.000 F400.000
G3 X-11.706 Y-223.465 Z-0.200 I2.965 J0.794 K0.000 F400.000
G3 X-13.294 Y-217.535 Z-0.200 I-0.794 J2.965 K0.000 F400.000
G0 Z5.000
G0 X-12.625 Y-220.033 Z5.000
G0 X-12.625 Y-220.033 Z3.000
G1 X-12.625 Y-220.033 Z-0.400 F250.000
G3 X-12.375 Y-220.967 Z-0.400 I0.125 J-0.467 K0.000 F400.000
G3 X-12.625 Y-220.033 Z-0.400 I-0.125 J0.467 K0.000 F400.000
G0 Z5.000
G0 X-12.831 Y-219.265 Z5.000
G0 X-12.831 Y-219.265 Z3.000
G1 X-12.831 Y-219.265 Z-0.400 F250.000
G3 X-12.169 Y-221.735 Z-0.400 I0.331 J-1.235 K0.000 F400.000
G3 X-12.831 Y-219.265 Z-0.400 I-0.331 J1.235 K0.000 F400.000
G0 Z5.000
G0 X-13.037 Y-218.496 Z5.000
G0 X-13.037 Y-218.496 Z3.000
G1 X-13.037 Y-218.496 Z-0.400 F250.000
G3 X-11.963 Y-222.504 Z-0.400 I0.537 J-2.004 K0.000 F400.000
G3 X-13.037 Y-218.496 Z-0.400 I-0.537 J2.004 K0.000 F400.000
G0 Z5.000
G0 X-13.243 Y-217.728 Z5.000
G0 X-13.243 Y-217.728 Z3.000
G1 X-13.243 Y-217.728 Z-0.400 F250.000
G3 X-11.757 Y-223.272 Z-0.400 I0.743 J-2.772 K0.000 F400.000
G3 X-13.243 Y-217.728 Z-0.400 I-0.743 J2.772 K0.000 F400.000
G0 Z5.000
G0 X-12.576 Y-220.228 Z5.000
G0 X-12.576 Y-220.228 Z3.000
G1 X-12.576 Y-220.228 Z-0.600 F250.000
G3 X-12.772 Y-220.576 Z-0.600 I0.076 J-0.272 K0.000 F400.000
G3 X-12.424 Y-220.772 Z-0.600 I0.272 J0.076 K0.000 F400.000
G3 X-12.228 Y-220.424 Z-0.600 I-0.076 J0.272 K0.000 F400.000
G3 X-12.576 Y-220.228 Z-0.600 I-0.272 J-0.076 K0.000 F400.000
G0 Z5.000
G0 X-12.791 Y-219.462 Z5.000
G0 X-12.791 Y-219.462 Z3.000
G1 X-12.791 Y-219.462 Z-0.600 F250.000
G3 X-13.538 Y-220.791 Z-0.600 I0.291 J-1.038 K0.000 F400.000
G3 X-12.209 Y-221.538 Z-0.600 I1.038 J0.291 K0.000 F400.000
G3 X-11.462 Y-220.209 Z-0.600 I-0.291 J1.038 K0.000 F400.000
G3 X-12.791 Y-219.462 Z-0.600 I-1.038 J-0.291 K0.000 F400.000
G0 Z5.000
G0 X-13.006 Y-218.696 Z5.000
G0 X-13.006 Y-218.696 Z3.000
G1 X-13.006 Y-218.696 Z-0.600 F250.000
G3 X-14.304 Y-221.006 Z-0.600 I0.506 J-1.804 K0.000 F400.000
G3 X-11.994 Y-222.304 Z-0.600 I1.804 J0.506 K0.000 F400.000
G3 X-10.696 Y-219.994 Z-0.600 I-0.506 J1.804 K0.000 F400.000
G3 X-13.006 Y-218.696 Z-0.600 I-1.804 J-0.506 K0.000 F400.000
G0 Z5.000
G0 X-13.220 Y-217.930 Z5.000
G0 X-13.220 Y-217.930 Z3.000
G1 X-13.220 Y-217.930 Z-0.600 F250.000
G3 X-15.070 Y-221.220 Z-0.600 I0.720 J-2.570 K0.000 F400.000
G3 X-11.780 Y-223.070 Z-0.600 I2.570 J0.720 K0.000 F400.000
G3 X-9.930 Y-219.780 Z-0.600 I-0.720 J2.570 K0.000 F400.000
G3 X-13.220 Y-217.930 Z-0.600 I-2.570 J-0.720 K0.000 F400.000
G0 Z5.000
G0 X-12.522 Y-220.420 Z5.000
G0 X-12.522 Y-220.420 Z3.000
G1 X-12.522 Y-220.420 Z-0.800 F250.000
G3 X-12.580 Y-220.522 Z-0.800 I0.022 J-0.080 K0.000 F400.000
G3 X-12.478 Y-220.580 Z-0.800 I0.080 J0.022 K0.000 F400.000
G3 X-12.420 Y-220.478 Z-0.800 I-0.022 J0.080 K0.000 F400.000
G3 X-12.522 Y-220.420 Z-0.800 I-0.080 J-0.022 K0.000 F400.000
G0 Z5.000
G0 X-12.737 Y-219.654 Z5.000
G0 X-12.737 Y-219.654 Z3.000
G1 X-12.737 Y-219.654 Z-0.800 F250.000
G3 X-12.263 Y-221.346 Z-0.800 I0.237 J-0.846 K0.000 F400.000
G3 X-12.737 Y-219.654 Z-0.800 I-0.237 J0.846 K0.000 F400.000
G0 Z5.000
G0 X-12.952 Y-218.888 Z5.000
G0 X-12.952 Y-218.888 Z3.000
G1 X-12.952 Y-218.888 Z-0.800 F250.000
G3 X-12.048 Y-222.112 Z-0.800 I0.452 J-1.612 K0.000 F400.000
G3 X-12.952 Y-218.888 Z-0.800 I-0.452 J1.612 K0.000 F400.000
G0 Z5.000
G0 X-13.166 Y-218.122 Z5.000
G0 X-13.166 Y-218.122 Z3.000
G1 X-13.166 Y-218.122 Z-0.800 F250.000
G3 X-14.878 Y-221.166 Z-0.800 I0.666 J-2.378 K0.000 F400.000
G3 X-11.834 Y-222.878 Z-0.800 I2.378 J0.666 K0.000 F400.000
G3 X-10.122 Y-219.834 Z-0.800 I-0.666 J2.378 K0.000 F400.000
G3 X-13.166 Y-218.122 Z-0.800 I-2.378 J-0.666 K0.000 F400.000
G0 Z5.000
G0 X-12.691 Y-219.850 Z5.000
G0 X-12.691 Y-219.850 Z3.000
G1 X-12.691 Y-219.850 Z-1.000 F250.000
G3 X-12.309 Y-221.150 Z-1.000 I0.191 J-0.650 K0.000 F400.000
G3 X-12.691 Y-219.850 Z-1.000 I-0.191 J0.650 K0.000 F400.000
G0 Z5.000
G0 X-12.915 Y-219.086 Z5.000
G0 X-12.915 Y-219.086 Z3.000
G1 X-12.915 Y-219.086 Z-1.000 F250.000
G3 X-12.085 Y-221.914 Z-1.000 I0.415 J-1.414 K0.000 F400.000
G3 X-12.915 Y-219.086 Z-1.000 I-0.415 J1.414 K0.000 F400.000
G0 Z5.000
G0 X-13.139 Y-218.323 Z5.000
G0 X-13.139 Y-218.323 Z3.000
G1 X-13.139 Y-218.323 Z-1.000 F250.000
G3 X-11.861 Y-222.677 Z-1.000 I0.639 J-2.177 K0.000 F400.000
G3 X-13.139 Y-218.323 Z-1.000 I-0.639 J2.177 K0.000 F400.000
G0 Z5.000
G0 X-12.635 Y-220.042 Z5.000
G0 X-12.635 Y-220.042 Z3.000
G1 X-12.635 Y-220.042 Z-1.200 F250.000
G3 X-12.365 Y-220.958 Z-1.200 I0.135 J-0.458 K0.000 F400.000
G3 X-12.635 Y-220.042 Z-1.200 I-0.135 J0.458 K0.000 F400.000
G0 Z5.000
G0 X-12.859 Y-219.278 Z5.000
G0 X-12.859 Y-219.278 Z3.000
G1 X-12.859 Y-219.278 Z-1.200 F250.000
G3 X-12.141 Y-221.722 Z-1.200 I0.359 J-1.222 K0.000 F400.000
G3 X-12.859 Y-219.278 Z-1.200 I-0.359 J1.222 K0.000 F400.000
G0 Z5.000
G0 X-13.083 Y-218.515 Z5.000
G0 X-13.083 Y-218.515 Z3.000
G1 X-13.083 Y-218.515 Z-1.200 F250.000
G3 X-11.917 Y-222.485 Z-1.200 I0.583 J-1.985 K0.000 F400.000
G3 X-13.083 Y-218.515 Z-1.200 I-0.583 J1.985 K0.000 F400.000
G0 Z5.000
G0 X-12.582 Y-220.236 Z5.000
G0 X-12.582 Y-220.236 Z3.000
G1 X-12.582 Y-220.236 Z-1.400 F250.000
G3 X-12.418 Y-220.764 Z-1.400 I0.082 J-0.264 K0.000 F400.000
G3 X-12.582 Y-220.236 Z-1.400 I-0.082 J0.264 K0.000 F400.000
G0 Z5.000
G0 X-12.816 Y-219.475 Z5.000
G0 X-12.816 Y-219.475 Z3.000
G1 X-12.816 Y-219.475 Z-1.400 F250.000
G3 X-12.184 Y-221.525 Z-1.400 I0.316 J-1.025 K0.000 F400.000
G3 X-12.816 Y-219.475 Z-1.400 I-0.316 J1.025 K0.000 F400.000
G0 Z5.000
G0 X-13.051 Y-218.714 Z5.000
G0 X-13.051 Y-218.714 Z3.000
G1 X-13.051 Y-218.714 Z-1.400 F250.000
G3 X-11.949 Y-222.286 Z-1.400 I0.551 J-1.786 K0.000 F400.000
G3 X-13.051 Y-218.714 Z-1.400 I-0.551 J1.786 K0.000 F400.000
G0 Z5.000
G0 X-12.523 Y-220.427 Z5.000
G0 X-12.523 Y-220.427 Z3.000
G1 X-12.523 Y-220.427 Z-1.600 F250.000
G3 X-12.573 Y-220.523 Z-1.600 I0.023 J-0.073 K0.000 F400.000
G3 X-12.477 Y-220.573 Z-1.600 I0.073 J0.023 K0.000 F400.000
G3 X-12.427 Y-220.477 Z-1.600 I-0.023 J0.073 K0.000 F400.000
G3 X-12.523 Y-220.427 Z-1.600 I-0.073 J-0.023 K0.000 F400.000
G0 Z5.000
G0 X-12.757 Y-219.666 Z5.000
G0 X-12.757 Y-219.666 Z3.000
G1 X-12.757 Y-219.666 Z-1.600 F250.000
G3 X-12.243 Y-221.334 Z-1.600 I0.257 J-0.834 K0.000 F400.000
G3 X-12.757 Y-219.666 Z-1.600 I-0.257 J0.834 K0.000 F400.000
G0 Z5.000
G0 X-12.992 Y-218.905 Z5.000
G0 X-12.992 Y-218.905 Z3.000
G1 X-12.992 Y-218.905 Z-1.600 F250.000
G3 X-14.095 Y-220.992 Z-1.600 I0.492 J-1.595 K0.000 F400.000
G3 X-12.008 Y-222.095 Z-1.600 I1.595 J0.492 K0.000 F400.000
G3 X-10.905 Y-220.008 Z-1.600 I-0.492 J1.595 K0.000 F400.000
G3 X-12.992 Y-218.905 Z-1.600 I-1.595 J-0.492 K0.000 F400.000
G0 Z5.000
G0 X-12.708 Y-219.861 Z5.000
G0 X-12.708 Y-219.861 Z3.000
G1 X-12.708 Y-219.861 Z-1.800 F250.000
G3 X-13.139 Y-220.708 Z-1.800 I0.208 J-0.639 K0.000 F400.000
G3 X-12.292 Y-221.139 Z-1.800 I0.639 J0.208 K0.000 F400.000
G3 X-12.708 Y-219.861 Z-1.800 I-0.208 J0.639 K0.000 F400.000
G0 Z5.000
G0 X-12.954 Y-219.104 Z5.000
G0 X-12.954 Y-219.104 Z3.000
G1 X-12.954 Y-219.104 Z-1.800 F250.000
G3 X-12.046 Y-221.896 Z-1.800 I0.454 J-1.396 K0.000 F400.000
G3 X-12.954 Y-219.104 Z-1.800 I-0.454 J1.396 K0.000 F400.000
G0 Z5.000
G0 X-12.653 Y-220.054 Z5.000
G0 X-12.653 Y-220.054 Z3.000
G1 X-12.653 Y-220.054 Z-2.000 F250.000
G3 X-12.347 Y-220.946 Z-2.000 I0.153 J-0.446 K0.000 F400.000
G3 X-12.653 Y-220.054 Z-2.000 I-0.153 J0.446 K0.000 F400.000
G0 Z5.000
G0 X-12.912 Y-219.301 Z5.000
G0 X-12.912 Y-219.301 Z3.000
G1 X-12.912 Y-219.301 Z-2.000 F250.000
G3 X-12.088 Y-221.699 Z-2.000 I0.412 J-1.199 K0.000 F400.000
G3 X-12.912 Y-219.301 Z-2.000 I-0.412 J1.199 K0.000 F400.000
G0 Z5.000
G0 X-12.588 Y-220.244 Z5.000
G0 X-12.588 Y-220.244 Z3.000
G1 X-12.588 Y-220.244 Z-2.200 F250.000
G3 X-12.756 Y-220.588 Z-2.200 I0.088 J-0.256 K0.000 F400.000
G3 X-12.412 Y-220.756 Z-2.200 I0.256 J0.088 K0.000 F400.000
G3 X-12.244 Y-220.412 Z-2.200 I-0.088 J0.256 K0.000 F400.000
G3 X-12.588 Y-220.244 Z-2.200 I-0.256 J-0.088 K0.000 F400.000
G0 Z5.000
G0 X-12.847 Y-219.490 Z5.000
G0 X-12.847 Y-219.490 Z3.000
G1 X-12.847 Y-219.490 Z-2.200 F250.000
G3 X-12.153 Y-221.510 Z-2.200 I0.347 J-1.010 K0.000 F400.000
G3 X-12.847 Y-219.490 Z-2.200 I-0.347 J1.010 K0.000 F400.000
G0 Z5.000
G0 X-12.524 Y-220.434 Z5.000
G0 X-12.524 Y-220.434 Z3.000
G1 X-12.524 Y-220.434 Z-2.400 F250.000
G3 X-12.476 Y-220.566 Z-2.400 I0.024 J-0.066 K0.000 F400.000
G3 X-12.524 Y-220.434 Z-2.400 I-0.024 J0.066 K0.000 F400.000
G0 Z5.000
G0 X-12.797 Y-219.685 Z5.000
G0 X-12.797 Y-219.685 Z3.000
G1 X-12.797 Y-219.685 Z-2.400 F250.000
G3 X-12.203 Y-221.315 Z-2.400 I0.297 J-0.815 K0.000 F400.000
G3 X-11.685 Y-220.203 Z-2.400 I-0.297 J0.815 K0.000 F400.000
G3 X-12.797 Y-219.685 Z-2.400 I-0.815 J-0.297 K0.000 F400.000
G0 Z5.000
G0 X-12.755 Y-219.842 Z5.000
G0 X-12.755 Y-219.842 Z3.000
G1 X-12.755 Y-219.842 Z-2.600 F250.000
G3 X-12.245 Y-221.158 Z-2.600 I0.255 J-0.658 K0.000 F400.000
G3 X-12.755 Y-219.842 Z-2.600 I-0.255 J0.658 K0.000 F400.000
G1 X-12.755 Y-219.842 Z-2.800 F250.000
G3 X-12.245 Y-221.158 Z-2.800 I0.255 J-0.658 K0.000 F400.000
G3 X-12.755 Y-219.842 Z-2.800 I-0.255 J0.658 K0.000 F400.000
G1 X-12.755 Y-219.842 Z-3.000 F250.000
G3 X-12.245 Y-221.158 Z-3.000 I0.255 J-0.658 K0.000 F400.000
G3 X-12.755 Y-219.842 Z-3.000 I-0.255 J0.658 K0.000 F400.000
G1 X-12.755 Y-219.842 Z-3.200 F250.000
G3 X-12.245 Y-221.158 Z-3.200 I0.255 J-0.658 K0.000 F400.000
G3 X-12.755 Y-219.842 Z-3.200 I-0.255 J0.658 K0.000 F400.000
G1 X-12.755 Y-219.842 Z-3.400 F250.000
G3 X-12.245 Y-221.158 Z-3.400 I0.255 J-0.658 K0.000 F400.000
G3 X-12.755 Y-219.842 Z-3.400 I-0.255 J0.658 K0.000 F400.000
G1 X-12.755 Y-219.842 Z-3.600 F250.000
G3 X-12.245 Y-221.158 Z-3.600 I0.255 J-0.658 K0.000 F400.000
G3 X-12.755 Y-219.842 Z-3.600 I-0.255 J0.658 K0.000 F400.000
G1 X-12.755 Y-219.842 Z-3.800 F250.000
G3 X-12.245 Y-221.158 Z-3.800 I0.255 J-0.658 K0.000 F400.000
G3 X-12.755 Y-219.842 Z-3.800 I-0.255 J0.658 K0.000 F400.000
G1 X-12.755 Y-219.842 Z-4.000 F250.000
G3 X-12.245 Y-221.158 Z-4.000 I0.255 J-0.658 K0.000 F400.000
G3 X-12.755 Y-219.842 Z-4.000 I-0.255 J0.658 K0.000 F400.000
G1 X-12.755 Y-219.842 Z-4.200 F250.000
G3 X-12.245 Y-221.158 Z-4.200 I0.255 J-0.658 K0.000 F400.000
G3 X-12.755 Y-219.842 Z-4.200 I-0.255 J0.658 K0.000 F400.000
G1 X-12.755 Y-219.842 Z-4.400 F250.000
G3 X-12.245 Y-221.158 Z-4.400 I0.255 J-0.658 K0.000 F400.000
G3 X-12.755 Y-219.842 Z-4.400 I-0.255 J0.658 K0.000 F400.000
G1 X-12.755 Y-219.842 Z-4.600 F250.000
G3 X-12.245 Y-221.158 Z-4.600 I0.255 J-0.658 K0.000 F400.000
G3 X-12.755 Y-219.842 Z-4.600 I-0.255 J0.658 K0.000 F400.000
G1 X-12.755 Y-219.842 Z-4.800 F250.000
G3 X-12.245 Y-221.158 Z-4.800 I0.255 J-0.658 K0.000 F400.000
G3 X-12.755 Y-219.842 Z-4.800 I-0.255 J0.658 K0.000 F400.000
G1 X-12.755 Y-219.842 Z-5.000 F250.000
G3 X-12.245 Y-221.158 Z-5.000 I0.255 J-0.658 K0.000 F400.000
G3 X-12.755 Y-219.842 Z-5.000 I-0.255 J0.658 K0.000 F400.000
G0 Z5.000
G0 Z5.000
(Finish operation: Countersink)
(Begin operation: RampEntryDressup003)
(Path: RampEntryDressup003)
G0 X0.000 Y0.000 Z5.000
G0 X-20.437 Y-228.000 Z5.000
G0 X-20.437 Y-228.000 Z3.000
G1 X-20.430 Y-203.927 Z2.159 F400.000
G1 X-20.396 Y-203.586 Z2.147 F400.000
G1 X-20.336 Y-203.281 Z2.137 F400.000
G1 X-20.236 Y-202.952 Z2.125 F400.000
G1 X-20.117 Y-202.665 Z2.114 F400.000
G1 X-19.955 Y-202.362 Z2.102 F400.000
G1 X-19.782 Y-202.104 Z2.091 F400.000
G1 X-19.565 Y-201.838 Z2.079 F400.000
G1 X-19.345 Y-201.618 Z2.068 F400.000
G1 X-19.079 Y-201.401 Z2.056 F400.000
G1 X-18.821 Y-201.228 Z2.045 F400.000
G1 X-18.518 Y-201.066 Z2.033 F400.000
G1 X-18.231 Y-200.947 Z2.022 F400.000
G1 X-17.902 Y-200.847 Z2.010 F400.000
G1 X-17.597 Y-200.787 Z1.999 F400.000
G1 X-17.100 Y-200.745 Z1.982 F400.000
G1 X-14.328 Y-200.745 Z1.885 F400.000
G1 X-14.220 Y-200.735 Z1.881 F400.000
G1 X-14.191 Y-200.726 Z1.880 F400.000
G1 X-14.164 Y-200.712 Z1.879 F400.000
G1 X-14.141 Y-200.692 Z1.878 F400.000
G1 X-14.121 Y-200.669 Z1.877 F400.000
G1 X-14.107 Y-200.642 Z1.876 F400.000
G1 X-14.098 Y-200.613 Z1.875 F400.000
G1 X-14.088 Y-200.505 Z1.871 F400.000
G1 X-14.087 Y-198.798 Z1.812 F400.000
G1 X-14.098 Y-198.690 Z1.808 F400.000
G1 X-14.107 Y-198.661 Z1.807 F400.000
G1 X-14.121 Y-198.634 Z1.806 F400.000
G1 X-14.141 Y-198.611 Z1.805 F400.000
G1 X-14.164 Y-198.592 Z1.804 F400.000
G1 X-14.191 Y-198.577 Z1.803 F400.000
G1 X-14.220 Y-198.569 Z1.802 F400.000
G1 X-14.330 Y-198.558 Z1.798 F400.000
G1 X-17.256 Y-198.550 Z1.695 F400.000
G1 X-17.597 Y-198.517 Z1.684 F400.000
G1 X-17.902 Y-198.456 Z1.673 F400.000
G1 X-18.231 Y-198.356 Z1.661 F400.000
G1 X-18.518 Y-198.237 Z1.650 F400.000
G1 X-18.821 Y-198.076 Z1.638 F400.000
G1 X-19.079 Y-197.903 Z1.627 F400.000
G1 X-19.345 Y-197.685 Z1.615 F400.000
G1 X-19.565 Y-197.465 Z1.604 F400.000
G1 X-19.782 Y-197.200 Z1.592 F400.000
G1 X-19.955 Y-196.941 Z1.581 F400.000
G1 X-20.117 Y-196.638 Z1.569 F400.000
G1 X-20.236 Y-196.351 Z1.558 F400.000
G1 X-20.336 Y-196.023 Z1.546 F400.000
G1 X-20.396 Y-195.717 Z1.536 F400.000
G1 X-20.437 Y-195.220 Z1.518 F400.000
G1 X-20.437 Y-191.837 Z1.400 F400.000
G1 X-20.437 Y-195.220 Z1.282 F400.000
G1 X-20.396 Y-195.717 Z1.264 F400.000
G1 X-20.336 Y-196.023 Z1.254 F400.000
G1 X-20.236 Y-196.351 Z1.242 F400.000
G1 X-20.117 Y-196.638 Z1.231 F400.000
G1 X-19.955 Y-196.941 Z1.219 F400.000
G1 X-19.782 Y-197.200 Z1.208 F400.000
G1 X-19.565 Y-197.465 Z1.196 F400.000
G1 X-19.345 Y-197.685 Z1.185 F400.000
G1 X-19.079 Y-197.903 Z1.173 F400.000
G1 X-18.821 Y-198.076 Z1.162 F400.000
G1 X-18.518 Y-198.237 Z1.150 F400.000
G1 X-18.231 Y-198.356 Z1.139 F400.000
G1 X-17.902 Y-198.456 Z1.127 F400.000
G1 X-17.597 Y-198.517 Z1.116 F400.000
G1 X-17.256 Y-198.550 Z1.105 F400.000
G1 X-14.330 Y-198.558 Z1.002 F400.000
G1 X-14.220 Y-198.569 Z0.998 F400.000
G1 X-14.191 Y-198.577 Z0.997 F400.000
G1 X-14.164 Y-198.592 Z0.996 F400.000
G1 X-14.141 Y-198.611 Z0.995 F400.000
G1 X-14.121 Y-198.634 Z0.994 F400.000
G1 X-14.107 Y-198.661 Z0.993 F400.000
G1 X-14.098 Y-198.690 Z0.992 F400.000
G1 X-14.087 Y-198.798 Z0.988 F400.000
G1 X-14.088 Y-200.505 Z0.929 F400.000
G1 X-14.098 Y-200.613 Z0.925 F400.000
G1 X-14.107 Y-200.642 Z0.924 F400.000
G1 X-14.121 Y-200.669 Z0.923 F400.000
G1 X-14.141 Y-200.692 Z0.922 F400.000
G1 X-14.164 Y-200.712 Z0.921 F400.000
G1 X-14.191 Y-200.726 Z0.920 F400.000
G1 X-14.220 Y-200.735 Z0.919 F400.000
G1 X-14.328 Y-200.745 Z0.915 F400.000
G1 X-17.100 Y-200.745 Z0.818 F400.000
G1 X-17.597 Y-200.787 Z0.801 F400.000
G1 X-17.902 Y-200.847 Z0.790 F400.000
G1 X-18.231 Y-200.947 Z0.778 F400.000
G1 X-18.518 Y-201.066 Z0.767 F400.000
G1 X-18.821 Y-201.228 Z0.755 F400.000
G1 X-19.079 Y-201.401 Z0.744 F400.000
G1 X-19.345 Y-201.618 Z0.732 F400.000
G1 X-19.565 Y-201.838 Z0.721 F400.000
G1 X-19.782 Y-202.104 Z0.709 F400.000
G1 X-19.955 Y-202.362 Z0.698 F400.000
G1 X-20.117 Y-202.665 Z0.686 F400.000
G1 X-20.236 Y-202.952 Z0.675 F400.000
G1 X-20.336 Y-203.281 Z0.663 F400.000
G1 X-20.396 Y-203.586 Z0.653 F400.000
G1 X-20.430 Y-203.927 Z0.641 F400.000
G1 X-20.437 Y-228.000 Z-0.200 F400.000
G1 X-20.430 Y-203.927 Z-0.200 F400.000
G1 X-20.396 Y-203.586 Z-0.200 F400.000
G1 X-20.336 Y-203.281 Z-0.200 F400.000
G1 X-20.236 Y-202.952 Z-0.200 F400.000
G1 X-20.117 Y-202.665 Z-0.200 F400.000
G1 X-19.955 Y-202.362 Z-0.200 F400.000
G1 X-19.782 Y-202.104 Z-0.200 F400.000
G1 X-19.565 Y-201.838 Z-0.200 F400.000
G1 X-19.345 Y-201.618 Z-0.200 F400.000
G1 X-19.079 Y-201.401 Z-0.200 F400.000
G1 X-18.821 Y-201.228 Z-0.200 F400.000
G1 X-18.518 Y-201.066 Z-0.200 F400.000
G1 X-18.231 Y-200.947 Z-0.200 F400.000
G1 X-17.902 Y-200.847 Z-0.200 F400.000
G1 X-17.597 Y-200.787 Z-0.200 F400.000
G1 X-17.100 Y-200.745 Z-0.200 F400.000
G1 X-14.328 Y-200.745 Z-0.200 F400.000
G1 X-14.220 Y-200.735 Z-0.200 F400.000
G1 X-14.191 Y-200.726 Z-0.200 F400.000
G1 X-14.164 Y-200.712 Z-0.200 F400.000
G1 X-14.141 Y-200.692 Z-0.200 F400.000
G1 X-14.121 Y-200.669 Z-0.200 F400.000
G1 X-14.107 Y-200.642 Z-0.200 F400.000
G1 X-14.098 Y-200.613 Z-0.200 F400.000
G1 X-14.088 Y-200.505 Z-0.200 F400.000
G1 X-14.087 Y-198.798 Z-0.200 F400.000
G1 X-14.098 Y-198.690 Z-0.200 F400.000
G1 X-14.107 Y-198.661 Z-0.200 F400.000
G1 X-14.121 Y-198.634 Z-0.200 F400.000
G1 X-14.141 Y-198.611 Z-0.200 F400.000
G1 X-14.164 Y-198.592 Z-0.200 F400.000
G1 X-14.191 Y-198.577 Z-0.200 F400.000
G1 X-14.220 Y-198.569 Z-0.200 F400.000
G1 X-14.330 Y-198.558 Z-0.200 F400.000
G1 X-17.256 Y-198.550 Z-0.200 F400.000
G1 X-17.597 Y-198.517 Z-0.200 F400.000
G1 X-17.902 Y-198.456 Z-0.200 F400.000
G1 X-18.231 Y-198.356 Z-0.200 F400.000
G1 X-18.518 Y-198.237 Z-0.200 F400.000
G1 X-18.821 Y-198.076 Z-0.200 F400.000
G1 X-19.079 Y-197.903 Z-0.200 F400.000
G1 X-19.345 Y-197.685 Z-0.200 F400.000
G1 X-19.565 Y-197.465 Z-0.200 F400.000
G1 X-19.782 Y-197.200 Z-0.200 F400.000
G1 X-19.955 Y-196.941 Z-0.200 F400.000
G1 X-20.117 Y-196.638 Z-0.200 F400.000
G1 X-20.236 Y-196.351 Z-0.200 F400.000
G1 X-20.336 Y-196.023 Z-0.200 F400.000
G1 X-20.396 Y-195.717 Z-0.200 F400.000
G1 X-20.437 Y-195.220 Z-0.200 F400.000
G1 X-20.435 Y-186.654 Z-0.200 F400.000
G1 X-20.406 Y-186.291 Z-0.200 F400.000
G1 X-20.337 Y-185.934 Z-0.200 F400.000
G1 X-20.230 Y-185.586 Z-0.200 F400.000
G1 X-20.125 Y-185.330 Z-0.200 F400.000
G1 X-16.238 Y-176.994 Z-0.200 F400.000
G1 X-16.215 Y-176.938 Z-0.200 F400.000
G1 X-16.210 Y-176.921 Z-0.200 F400.000
G1 X-16.207 Y-176.903 Z-0.200 F400.000
G1 X-16.204 Y-176.843 Z-0.200 F400.000
G1 X-16.204 Y-173.952 Z-0.200 F400.000
G1 X-16.215 Y-173.843 Z-0.200 F400.000
G1 X-16.224 Y-173.814 Z-0.200 F400.000
G1 X-16.238 Y-173.788 Z-0.200 F400.000
G1 X-16.257 Y-173.764 Z-0.200 F400.000
G1 X-16.281 Y-173.745 Z-0.200 F400.000
G1 X-16.307 Y-173.731 Z-0.200 F400.000
G1 X-16.336 Y-173.722 Z-0.200 F400.000
G1 X-16.445 Y-173.711 Z-0.200 F400.000
G1 X-17.850 Y-173.711 Z-0.200 F400.000
G1 X-18.057 Y-173.697 Z-0.200 F400.000
G1 X-18.316 Y-173.663 Z-0.200 F400.000
G1 X-18.716 Y-173.556 Z-0.200 F400.000
G1 X-18.958 Y-173.456 Z-0.200 F400.000
G1 X-19.316 Y-173.249 Z-0.200 F400.000
G1 X-19.524 Y-173.090 Z-0.200 F400.000
G1 X-19.817 Y-172.797 Z-0.200 F400.000
G1 X-19.975 Y-172.590 Z-0.200 F400.000
G1 X-20.183 Y-172.231 Z-0.200 F400.000
G1 X-20.283 Y-171.990 Z-0.200 F400.000
G1 X-20.390 Y-171.590 Z-0.200 F400.000
G1 X-20.424 Y-171.331 Z-0.200 F400.000
G1 X-20.437 Y-171.124 Z-0.200 F400.000
G1 X-20.435 Y-148.170 Z-0.200 F400.000
G1 X-20.406 Y-147.807 Z-0.200 F400.000
G1 X-20.337 Y-147.450 Z-0.200 F400.000
G1 X-20.230 Y-147.102 Z-0.200 F400.000
G1 X-20.125 Y-146.846 Z-0.200 F400.000
G1 X-16.238 Y-138.510 Z-0.200 F400.000
G1 X-16.215 Y-138.454 Z-0.200 F400.000
G1 X-16.210 Y-138.437 Z-0.200 F400.000
G1 X-16.207 Y-138.419 Z-0.200 F400.000
G1 X-16.204 Y-138.359 Z-0.200 F400.000
G1 X-16.204 Y-135.468 Z-0.200 F400.000
G1 X-16.215 Y-135.359 Z-0.200 F400.000
G1 X-16.224 Y-135.330 Z-0.200 F400.000
G1 X-16.238 Y-135.304 Z-0.200 F400.000
G1 X-16.257 Y-135.280 Z-0.200 F400.000
G1 X-16.281 Y-135.261 Z-0.200 F400.000
G1 X-16.307 Y-135.247 Z-0.200 F400.000
G1 X-16.336 Y-135.238 Z-0.200 F400.000
G1 X-16.445 Y-135.227 Z-0.200 F400.000
G1 X-17.850 Y-135.227 Z-0.200 F400.000
G1 X-18.057 Y-135.213 Z-0.200 F400.000
G1 X-18.316 Y-135.179 Z-0.200 F400.000
G1 X-18.716 Y-135.072 Z-0.200 F400.000
G1 X-18.958 Y-134.972 Z-0.200 F400.000
G1 X-19.316 Y-134.765 Z-0.200 F400.000
G1 X-19.524 Y-134.606 Z-0.200 F400.000
G1 X-19.817 Y-134.313 Z-0.200 F400.000
G1 X-19.975 Y-134.106 Z-0.200 F400.000
G1 X-20.183 Y-133.747 Z-0.200 F400.000
G1 X-20.283 Y-133.506 Z-0.200 F400.000
G1 X-20.390 Y-133.106 Z-0.200 F400.000
G1 X-20.424 Y-132.847 Z-0.200 F400.000
G1 X-20.437 Y-132.640 Z-0.200 F400.000
G1 X-20.435 Y-109.686 Z-0.200 F400.000
G1 X-20.406 Y-109.323 Z-0.200 F400.000
G1 X-20.337 Y-108.966 Z-0.200 F400.000
G1 X-20.230 Y-108.618 Z-0.200 F400.000
G1 X-20.125 Y-108.362 Z-0.200 F400.000
G1 X-16.238 Y-100.026 Z-0.200 F400.000
G1 X-16.215 Y-99.969 Z-0.200 F400.000
G1 X-16.210 Y-99.953 Z-0.200 F400.000
G1 X-16.207 Y-99.935 Z-0.200 F400.000
G1 X-16.204 Y-99.875 Z-0.200 F400.000
G1 X-16.204 Y-96.984 Z-0.200 F400.000
G1 X-16.215 Y-96.875 Z-0.200 F400.000
G1 X-16.224 Y-96.846 Z-0.200 F400.000
G1 X-16.238 Y-96.820 Z-0.200 F400.000
G1 X-16.257 Y-96.796 Z-0.200 F400.000
G1 X-16.281 Y-96.777 Z-0.200 F400.000
G1 X-16.307 Y-96.762 Z-0.200 F400.000
G1 X-16.336 Y-96.754 Z-0.200 F400.000
G1 X-16.445 Y-96.743 Z-0.200 F400.000
G1 X-17.850 Y-96.743 Z-0.200 F400.000
G1 X-18.057 Y-96.729 Z-0.200 F400.000
G1 X-18.316 Y-96.695 Z-0.200 F400.000
G1 X-18.716 Y-96.588 Z-0.200 F400.000
G1 X-18.958 Y-96.488 Z-0.200 F400.000
G1 X-19.316 Y-96.281 Z-0.200 F400.000
G1 X-19.524 Y-96.122 Z-0.200 F400.000
G1 X-19.817 Y-95.829 Z-0.200 F400.000
G1 X-19.975 Y-95.622 Z-0.200 F400.000
G1 X-20.183 Y-95.263 Z-0.200 F400.000
G1 X-20.283 Y-95.022 Z-0.200 F400.000
G1 X-20.390 Y-94.622 Z-0.200 F400.000
G1 X-20.424 Y-94.363 Z-0.200 F400.000
G1 X-20.437 Y-94.156 Z-0.200 F400.000
G1 X-20.435 Y-71.202 Z-0.200 F400.000
G1 X-20.406 Y-70.839 Z-0.200 F400.000
G1 X-20.337 Y-70.482 Z-0.200 F400.000
G1 X-20.230 Y-70.134 Z-0.200 F400.000
G1 X-20.125 Y-69.878 Z-0.200 F400.000
G1 X-16.238 Y-61.542 Z-0.200 F400.000
G1 X-16.215 Y-61.485 Z-0.200 F400.000
G1 X-16.210 Y-61.469 Z-0.200 F400.000
G1 X-16.207 Y-61.451 Z-0.200 F400.000
G1 X-16.204 Y-61.391 Z-0.200 F400.000
G1 X-16.204 Y-58.500 Z-0.200 F400.000
G1 X-16.215 Y-58.391 Z-0.200 F400.000
G1 X-16.224 Y-58.362 Z-0.200 F400.000
G1 X-16.238 Y-58.336 Z-0.200 F400.000
G1 X-16.257 Y-58.312 Z-0.200 F400.000
G1 X-16.281 Y-58.293 Z-0.200 F400.000
G1 X-16.307 Y-58.278 Z-0.200 F400.000
G1 X-16.336 Y-58.270 Z-0.200 F400.000
G1 X-16.445 Y-58.259 Z-0.200 F400.000
G1 X-17.850 Y-58.259 Z-0.200 F400.000
G1 X-18.057 Y-58.245 Z-0.200 F400.000
G1 X-18.316 Y-58.211 Z-0.200 F400.000
G1 X-18.716 Y-58.104 Z-0.200 F400.000
G1 X-18.958 Y-58.004 Z-0.200 F400.000
G1 X-19.316 Y-57.797 Z-0.200 F400.000
G1 X-19.524 Y-57.638 Z-0.200 F400.000
G1 X-19.817 Y-57.345 Z-0.200 F400.000
G1 X-19.975 Y-57.138 Z-0.200 F400.000
G1 X-20.183 Y-56.779 Z-0.200 F400.000
G1 X-20.283 Y-56.538 Z-0.200 F400.000
G1 X-20.390 Y-56.138 Z-0.200 F400.000
G1 X-20.424 Y-55.879 Z-0.200 F400.000
G1 X-20.437 Y-55.672 Z-0.200 F400.000
G1 X-20.435 Y-32.718 Z-0.200 F400.000
G1 X-20.406 Y-32.355 Z-0.200 F400.000
G1 X-20.337 Y-31.998 Z-0.200 F400.000
G1 X-20.230 Y-31.650 Z-0.200 F400.000
G1 X-20.125 Y-31.394 Z-0.200 F400.000
G1 X-16.238 Y-23.058 Z-0.200 F400.000
G1 X-16.215 Y-23.001 Z-0.200 F400.000
G1 X-16.210 Y-22.985 Z-0.200 F400.000
G1 X-16.207 Y-22.967 Z-0.200 F400.000
G1 X-16.204 Y-22.907 Z-0.200 F400.000
G1 X-16.204 Y-20.015 Z-0.200 F400.000
G1 X-16.215 Y-19.907 Z-0.200 F400.000
G1 X-16.224 Y-19.878 Z-0.200 F400.000
G1 X-16.238 Y-19.851 Z-0.200 F400.000
G1 X-16.257 Y-19.828 Z-0.200 F400.000
G1 X-16.281 Y-19.809 Z-0.200 F400.000
G1 X-16.307 Y-19.794 Z-0.200 F400.000
G1 X-16.336 Y-19.786 Z-0.200 F400.000
G1 X-16.445 Y-19.775 Z-0.200 F400.000
G1 X-17.850 Y-19.775 Z-0.200 F400.000
G1 X-18.057 Y-19.761 Z-0.200 F400.000
G1 X-18.316 Y-19.727 Z-0.200 F400.000
G1 X-18.716 Y-19.620 Z-0.200 F400.000
G1 X-18.958 Y-19.520 Z-0.200 F400.000
G1 X-19.316 Y-19.313 Z-0.200 F400.000
G1 X-19.524 Y-19.154 Z-0.200 F400.000
G1 X-19.817 Y-18.861 Z-0.200 F400.000
G1 X-19.975 Y-18.654 Z-0.200 F400.000
G1 X-20.183 Y-18.295 Z-0.200 F400.000
G1 X-20.283 Y-18.054 Z-0.200 F400.000
G1 X-20.390 Y-17.654 Z-0.200 F400.000
G1 X-20.424 Y-17.395 Z-0.200 F400.000
G1 X-20.437 Y-17.188 Z-0.200 F400.000
G1 X-20.437 Y-3.000 Z-0.200 F400.000
G0 X-20.437 Y-3.000 Z5.000
G0 X-20.437 Y-228.000 Z5.000
G0 X-20.437 Y-228.000 Z3.000
G1 X-20.430 Y-203.927 Z2.159 F400.000
G1 X-20.396 Y-203.586 Z2.147 F400.000
G1 X-20.336 Y-203.281 Z2.137 F400.000
G1 X-20.236 Y-202.952 Z2.125 F400.000
G1 X-20.117 Y-202.665 Z2.114 F400.000
G1 X-19.955 Y-202.362 Z2.102 F400.000
G1 X-19.782 Y-202.104 Z2.091 F400.000
G1 X-19.565 Y-201.838 Z2.079 F400.000
G1 X-19.345 Y-201.618 Z2.068 F400.000
G1 X-19.079 Y-201.401 Z2.056 F400.000
G1 X-18.821 Y-201.228 Z2.045 F400.000
G1 X-18.518 Y-201.066 Z2.033 F400.000
G1 X-18.231 Y-200.947 Z2.022 F400.000
G1 X-17.902 Y-200.847 Z2.010 F400.000
G1 X-17.597 Y-200.787 Z1.999 F400.000
G1 X-17.100 Y-200.745 Z1.982 F400.000
G1 X-14.328 Y-200.745 Z1.885 F400.000
G1 X-14.220 Y-200.735 Z1.881 F400.000
G1 X-14.191 Y-200.726 Z1.880 F400.000
G1 X-14.164 Y-200.712 Z1.879 F400.000
G1 X-14.141 Y-200.692 Z1.878 F400.000
G1 X-14.121 Y-200.669 Z1.877 F400.000
G1 X-14.107 Y-200.642 Z1.876 F400.000
G1 X-14.098 Y-200.613 Z1.875 F400.000
G1 X-14.088 Y-200.505 Z1.871 F400.000
G1 X-14.087 Y-198.798 Z1.812 F400.000
G1 X-14.098 Y-198.690 Z1.808 F400.000
G1 X-14.107 Y-198.661 Z1.807 F400.000
G1 X-14.121 Y-198.634 Z1.806 F400.000
G1 X-14.141 Y-198.611 Z1.805 F400.000
G1 X-14.164 Y-198.592 Z1.804 F400.000
G1 X-14.191 Y-198.577 Z1.803 F400.000
G1 X-14.220 Y-198.569 Z1.802 F400.000
G1 X-14.330 Y-198.558 Z1.798 F400.000
G1 X-17.256 Y-198.550 Z1.695 F400.000
G1 X-17.597 Y-198.517 Z1.684 F400.000
G1 X-17.902 Y-198.456 Z1.673 F400.000
G1 X-18.231 Y-198.356 Z1.661 F400.000
G1 X-18.518 Y-198.237 Z1.650 F400.000
G1 X-18.821 Y-198.076 Z1.638 F400.000
G1 X-19.079 Y-197.903 Z1.627 F400.000
G1 X-19.345 Y-197.685 Z1.615 F400.000
G1 X-19.565 Y-197.465 Z1.604 F400.000
G1 X-19.782 Y-197.200 Z1.592 F400.000
G1 X-19.955 Y-196.941 Z1.581 F400.000
G1 X-20.117 Y-196.638 Z1.569 F400.000
G1 X-20.236 Y-196.351 Z1.558 F400.000
G1 X-20.336 Y-196.023 Z1.546 F400.000
G1 X-20.396 Y-195.717 Z1.536 F400.000
G1 X-20.437 Y-195.220 Z1.518 F400.000
G1 X-20.436 Y-188.974 Z1.300 F400.000
G1 X-20.437 Y-195.220 Z1.082 F400.000
G1 X-20.396 Y-195.717 Z1.064 F400.000
G1 X-20.336 Y-196.023 Z1.054 F400.000
G1 X-20.236 Y-196.351 Z1.042 F400.000
G1 X-20.117 Y-196.638 Z1.031 F400.000
G1 X-19.955 Y-196.941 Z1.019 F400.000
G1 X-19.782 Y-197.200 Z1.008 F400.000
G1 X-19.565 Y-197.465 Z0.996 F400.000
G1 X-19.345 Y-197.685 Z0.985 F400.000
G1 X-19.079 Y-197.903 Z0.973 F400.000
G1 X-18.821 Y-198.076 Z0.962 F400.000
G1 X-18.518 Y-198.237 Z0.950 F400.000
G1 X-18.231 Y-198.356 Z0.939 F400.000
G1 X-17.902 Y-198.456 Z0.927 F400.000
G1 X-17.597 Y-198.517 Z0.916 F400.000
G1 X-17.256 Y-198.550 Z0.905 F400.000
G1 X-14.330 Y-198.558 Z0.802 F400.000
G1 X-14.220 Y-198.569 Z0.798 F400.000
G1 X-14.191 Y-198.577 Z0.797 F400.000
G1 X-14.164 Y-198.592 Z0.796 F400.000
G1 X-14.141 Y-198.611 Z0.795 F400.000
G1 X-14.121 Y-198.634 Z0.794 F400.000
G1 X-14.107 Y-198.661 Z0.793 F400.000
G1 X-14.098 Y-198.690 Z0.792 F400.000
G1 X-14.087 Y-198.798 Z0.788 F400.000
G1 X-14.088 Y-200.505 Z0.729 F400.000
G1 X-14.098 Y-200.613 Z0.725 F400.000
G1 X-14.107 Y-200.642 Z0.724 F400.000
G1 X-14.121 Y-200.669 Z0.723 F400.000
G1 X-14.141 Y-200.692 Z0.722 F400.000
G1 X-14.164 Y-200.712 Z0.721 F400.000
G1 X-14.191 Y-200.726 Z0.720 F400.000
G1 X-14.220 Y-200.735 Z0.719 F400.000
G1 X-14.328 Y-200.745 Z0.715 F400.000
G1 X-17.100 Y-200.745 Z0.618 F400.000
G1 X-17.597 Y-200.787 Z0.601 F400.000
G1 X-17.902 Y-200.847 Z0.590 F400.000
G1 X-18.231 Y-200.947 Z0.578 F400.000
G1 X-18.518 Y-201.066 Z0.567 F400.000
G1 X-18.821 Y-201.228 Z0.555 F400.000
G1 X-19.079 Y-201.401 Z0.544 F400.000
G1 X-19.345 Y-201.618 Z0.532 F400.000
G1 X-19.565 Y-201.838 Z0.521 F400.000
G1 X-19.782 Y-202.104 Z0.509 F400.000
G1 X-19.955 Y-202.362 Z0.498 F400.000
G1 X-20.117 Y-202.665 Z0.486 F400.000
G1 X-20.236 Y-202.952 Z0.475 F400.000
G1 X-20.336 Y-203.281 Z0.463 F400.000
G1 X-20.396 Y-203.586 Z0.453 F400.000
G1 X-20.430 Y-203.927 Z0.441 F400.000
G1 X-20.437 Y-228.000 Z-0.400 F400.000
G1 X-20.430 Y-203.927 Z-0.400 F400.000
G1 X-20.396 Y-203.586 Z-0.400 F400.000
G1 X-20.336 Y-203.281 Z-0.400 F400.000
G1 X-20.236 Y-202.952 Z-0.400 F400.000
G1 X-20.117 Y-202.665 Z-0.400 F400.000
G1 X-19.955 Y-202.362 Z-0.400 F400.000
G1 X-19.782 Y-202.104 Z-0.400 F400.000
G1 X-19.565 Y-201.838 Z-0.400 F400.000
G1 X-19.345 Y-201.618 Z-0.400 F400.000
G1 X-19.079 Y-201.401 Z-0.400 F400.000
G1 X-18.821 Y-201.228 Z-0.400 F400.000
G1 X-18.518 Y-201.066 Z-0.400 F400.000
G1 X-18.231 Y-200.947 Z-0.400 F400.000
G1 X-17.902 Y-200.847 Z-0.400 F400.000
G1 X-17.597 Y-200.787 Z-0.400 F400.000
G1 X-17.100 Y-200.745 Z-0.400 F400.000
G1 X-14.328 Y-200.745 Z-0.400 F400.000
G1 X-14.220 Y-200.735 Z-0.400 F400.000
G1 X-14.191 Y-200.726 Z-0.400 F400.000
G1 X-14.164 Y-200.712 Z-0.400 F400.000
G1 X-14.141 Y-200.692 Z-0.400 F400.000
G1 X-14.121 Y-200.669 Z-0.400 F400.000
G1 X-14.107 Y-200.642 Z-0.400 F400.000
G1 X-14.098 Y-200.613 Z-0.400 F400.000
G1 X-14.088 Y-200.505 Z-0.400 F400.000
G1 X-14.087 Y-198.798 Z-0.400 F400.000
G1 X-14.098 Y-198.690 Z-0.400 F400.000
G1 X-14.107 Y-198.661 Z-0.400 F400.000
G1 X-14.121 Y-198.634 Z-0.400 F400.000
G1 X-14.141 Y-198.611 Z-0.400 F400.000
G1 X-14.164 Y-198.592 Z-0.400 F400.000
G1 X-14.191 Y-198.577 Z-0.400 F400.000
G1 X-14.220 Y-198.569 Z-0.400 F400.000
G1 X-14.330 Y-198.558 Z-0.400 F400.000
G1 X-17.256 Y-198.550 Z-0.400 F400.000
G1 X-17.597 Y-198.517 Z-0.400 F400.000
G1 X-17.902 Y-198.456 Z-0.400 F400.000
G1 X-18.231 Y-198.356 Z-0.400 F400.000
G1 X-18.518 Y-198.237 Z-0.400 F400.000
G1 X-18.821 Y-198.076 Z-0.400 F400.000
G1 X-19.079 Y-197.903 Z-0.400 F400.000
G1 X-19.345 Y-197.685 Z-0.400 F400.000
G1 X-19.565 Y-197.465 Z-0.400 F400.000
G1 X-19.782 Y-197.200 Z-0.400 F400.000
G1 X-19.955 Y-196.941 Z-0.400 F400.000
G1 X-20.117 Y-196.638 Z-0.400 F400.000
G1 X-20.236 Y-196.351 Z-0.400 F400.000
G1 X-20.336 Y-196.023 Z-0.400 F400.000
G1 X-20.396 Y-195.717 Z-0.400 F400.000
G1 X-20.437 Y-195.220 Z-0.400 F400.000
G1 X-20.435 Y-186.654 Z-0.400 F400.000
G1 X-20.406 Y-186.291 Z-0.400 F400.000
G1 X-20.337 Y-185.934 Z-0.400 F400.000
G1 X-20.230 Y-185.586 Z-0.400 F400.000
G1 X-20.125 Y-185.330 Z-0.400 F400.000
G1 X-16.238 Y-176.994 Z-0.400 F400.000
G1 X-16.215 Y-176.938 Z-0.400 F400.000
G1 X-16.210 Y-176.921 Z-0.400 F400.000
G1 X-16.207 Y-176.903 Z-0.400 F400.000
G1 X-16.204 Y-176.843 Z-0.400 F400.000
G1 X-16.204 Y-173.952 Z-0.400 F400.000
G1 X-16.215 Y-173.843 Z-0.400 F400.000
G1 X-16.224 Y-173.814 Z-0.400 F400.000
G1 X-16.238 Y-173.788 Z-0.400 F400.000
G1 X-16.257 Y-173.764 Z-0.400 F400.000
G1 X-16.281 Y-173.745 Z-0.400 F400.000
G1 X-16.307 Y-173.731 Z-0.400 F400.000
G1 X-16.336 Y-173.722 Z-0.400 F400.000
G1 X-16.445 Y-173.711 Z-0.400 F400.000
G1 X-17.850 Y-173.711 Z-0.400 F400.000
G1 X-18.057 Y-173.697 Z-0.400 F400.000
G1 X-18.316 Y-173.663 Z-0.400 F400.000
G1 X-18.716 Y-173.556 Z-0.400 F400.000
G1 X-18.958 Y-173.456 Z-0.400 F400.000
G1 X-19.316 Y-173.249 Z-0.400 F400.000
G1 X-19.524 Y-173.090 Z-0.400 F400.000
G1 X-19.817 Y-172.797 Z-0.400 F400.000
G1 X-19.975 Y-172.590 Z-0.400 F400.000
G1 X-20.183 Y-172.231 Z-0.400 F400.000
G1 X-20.283 Y-171.990 Z-0.400 F400.000
G1 X-20.390 Y-171.590 Z-0.400 F400.000
G1 X-20.424 Y-171.331 Z-0.400 F400.000
G1 X-20.437 Y-171.124 Z-0.400 F400.000
G1 X-20.435 Y-148.170 Z-0.400 F400.000
G1 X-20.406 Y-147.807 Z-0.400 F400.000
G1 X-20.337 Y-147.450 Z-0.400 F400.000
G1 X-20.230 Y-147.102 Z-0.400 F400.000
G1 X-20.125 Y-146.846 Z-0.400 F400.000
G1 X-16.238 Y-138.510 Z-0.400 F400.000
G1 X-16.215 Y-138.454 Z-0.400 F400.000
G1 X-16.210 Y-138.437 Z-0.400 F400.000
G1 X-16.207 Y-138.419 Z-0.400 F400.000
G1 X-16.204 Y-138.359 Z-0.400 F400.000
G1 X-16.204 Y-135.468 Z-0.400 F400.000
G1 X-16.215 Y-135.359 Z-0.400 F400.000
G1 X-16.224 Y-135.330 Z-0.400 F400.000
G1 X-16.238 Y-135.304 Z-0.400 F400.000
G1 X-16.257 Y-135.280 Z-0.400 F400.000
G1 X-16.281 Y-135.261 Z-0.400 F400.000
G1 X-16.307 Y-135.247 Z-0.400 F400.000
G1 X-16.336 Y-135.238 Z-0.400 F400.000
G1 X-16.445 Y-135.227 Z-0.400 F400.000
G1 X-17.850 Y-135.227 Z-0.400 F400.000
G1 X-18.057 Y-135.213 Z-0.400 F400.000
G1 X-18.316 Y-135.179 Z-0.400 F400.000
G1 X-18.716 Y-135.072 Z-0.400 F400.000
G1 X-18.958 Y-134.972 Z-0.400 F400.000
G1 X-19.316 Y-134.765 Z-0.400 F400.000
G1 X-19.524 Y-134.606 Z-0.400 F400.000
G1 X-19.817 Y-134.313 Z-0.400 F400.000
G1 X-19.975 Y-134.106 Z-0.400 F400.000
G1 X-20.183 Y-133.747 Z-0.400 F400.000
G1 X-20.283 Y-133.506 Z-0.400 F400.000
G1 X-20.390 Y-133.106 Z-0.400 F400.000
G1 X-20.424 Y-132.847 Z-0.400 F400.000
G1 X-20.437 Y-132.640 Z-0.400 F400.000
G1 X-20.435 Y-109.686 Z-0.400 F400.000
G1 X-20.406 Y-109.323 Z-0.400 F400.000
G1 X-20.337 Y-108.966 Z-0.400 F400.000
G1 X-20.230 Y-108.618 Z-0.400 F400.000
G1 X-20.125 Y-108.362 Z-0.400 F400.000
G1 X-16.238 Y-100.026 Z-0.400 F400.000
G1 X-16.215 Y-99.969 Z-0.400 F400.000
G1 X-16.210 Y-99.953 Z-0.400 F400.000
G1 X-16.207 Y-99.935 Z-0.400 F400.000
G1 X-16.204 Y-99.875 Z-0.400 F400.000
G1 X-16.204 Y-96.984 Z-0.400 F400.000
G1 X-16.215 Y-96.875 Z-0.400 F400.000
G1 X-16.224 Y-96.846 Z-0.400 F400.000
G1 X-16.238 Y-96.820 Z-0.400 F400.000
G1 X-16.257 Y-96.796 Z-0.400 F400.000
G1 X-16.281 Y-96.777 Z-0.400 F400.000
G1 X-16.307 Y-96.762 Z-0.400 F400.000
G1 X-16.336 Y-96.754 Z-0.400 F400.000
G1 X-16.445 Y-96.743 Z-0.400 F400.000
G1 X-17.850 Y-96.743 Z-0.400 F400.000
G1 X-18.057 Y-96.729 Z-0.400 F400.000
G1 X-18.316 Y-96.695 Z-0.400 F400.000
G1 X-18.716 Y-96.588 Z-0.400 F400.000
G1 X-18.958 Y-96.488 Z-0.400 F400.000
G1 X-19.316 Y-96.281 Z-0.400 F400.000
G1 X-19.524 Y-96.122 Z-0.400 F400.000
G1 X-19.817 Y-95.829 Z-0.400 F400.000
G1 X-19.975 Y-95.622 Z-0.400 F400.000
G1 X-20.183 Y-95.263 Z-0.400 F400.000
G1 X-20.283 Y-95.022 Z-0.400 F400.000
G1 X-20.390 Y-94.622 Z-0.400 F400.000
G1 X-20.424 Y-94.363 Z-0.400 F400.000
G1 X-20.437 Y-94.156 Z-0.400 F400.000
G1 X-20.435 Y-71.202 Z-0.400 F400.000
G1 X-20.406 Y-70.839 Z-0.400 F400.000
G1 X-20.337 Y-70.482 Z-0.400 F400.000
G1 X-20.230 Y-70.134 Z-0.400 F400.000
G1 X-20.125 Y-69.878 Z-0.400 F400.000
G1 X-16.238 Y-61.542 Z-0.400 F400.000
G1 X-16.215 Y-61.485 Z-0.400 F400.000
G1 X-16.210 Y-61.469 Z-0.400 F400.000
G1 X-16.207 Y-61.451 Z-0.400 F400.000
G1 X-16.204 Y-61.391 Z-0.400 F400.000
G1 X-16.204 Y-58.500 Z-0.400 F400.000
G1 X-16.215 Y-58.391 Z-0.400 F400.000
G1 X-16.224 Y-58.362 Z-0.400 F400.000
G1 X-16.238 Y-58.336 Z-0.400 F400.000
G1 X-16.257 Y-58.312 Z-0.400 F400.000
G1 X-16.281 Y-58.293 Z-0.400 F400.000
G1 X-16.307 Y-58.278 Z-0.400 F400.000
G1 X-16.336 Y-58.270 Z-0.400 F400.000
G1 X-16.445 Y-58.259 Z-0.400 F400.000
G1 X-17.850 Y-58.259 Z-0.400 F400.000
G1 X-18.057 Y-58.245 Z-0.400 F400.000
G1 X-18.316 Y-58.211 Z-0.400 F400.000
G1 X-18.716 Y-58.104 Z-0.400 F400.000
G1 X-18.958 Y-58.004 Z-0.400 F400.000
G1 X-19.316 Y-57.797 Z-0.400 F400.000
G1 X-19.524 Y-57.638 Z-0.400 F400.000
G1 X-19.817 Y-57.345 Z-0.400 F400.000
G1 X-19.975 Y-57.138 Z-0.400 F400.000
G1 X-20.183 Y-56.779 Z-0.400 F400.000
G1 X-20.283 Y-56.538 Z-0.400 F400.000
G1 X-20.390 Y-56.138 Z-0.400 F400.000
G1 X-20.424 Y-55.879 Z-0.400 F400.000
G1 X-20.437 Y-55.672 Z-0.400 F400.000
G1 X-20.435 Y-32.718 Z-0.400 F400.000
G1 X-20.406 Y-32.355 Z-0.400 F400.000
G1 X-20.337 Y-31.998 Z-0.400 F400.000
G1 X-20.230 Y-31.650 Z-0.400 F400.000
G1 X-20.125 Y-31.394 Z-0.400 F400.000
G1 X-16.238 Y-23.058 Z-0.400 F400.000
G1 X-16.215 Y-23.001 Z-0.400 F400.000
G1 X-16.210 Y-22.985 Z-0.400 F400.000
G1 X-16.207 Y-22.967 Z-0.400 F400.000
G1 X-16.204 Y-22.907 Z-0.400 F400.000
G1 X-16.204 Y-20.015 Z-0.400 F400.000
G1 X-16.215 Y-19.907 Z-0.400 F400.000
G1 X-16.224 Y-19.878 Z-0.400 F400.000
G1 X-16.238 Y-19.851 Z-0.400 F400.000
G1 X-16.257 Y-19.828 Z-0.400 F400.000
G1 X-16.281 Y-19.809 Z-0.400 F400.000
G1 X-16.307 Y-19.794 Z-0.400 F400.000
G1 X-16.336 Y-19.786 Z-0.400 F400.000
G1 X-16.445 Y-19.775 Z-0.400 F400.000
G1 X-17.850 Y-19.775 Z-0.400 F400.000
G1 X-18.057 Y-19.761 Z-0.400 F400.000
G1 X-18.316 Y-19.727 Z-0.400 F400.000
G1 X-18.716 Y-19.620 Z-0.400 F400.000
G1 X-18.958 Y-19.520 Z-0.400 F400.000
G1 X-19.316 Y-19.313 Z-0.400 F400.000
G1 X-19.524 Y-19.154 Z-0.400 F400.000
G1 X-19.817 Y-18.861 Z-0.400 F400.000
G1 X-19.975 Y-18.654 Z-0.400 F400.000
G1 X-20.183 Y-18.295 Z-0.400 F400.000
G1 X-20.283 Y-18.054 Z-0.400 F400.000
G1 X-20.390 Y-17.654 Z-0.400 F400.000
G1 X-20.424 Y-17.395 Z-0.400 F400.000
G1 X-20.437 Y-17.188 Z-0.400 F400.000
G1 X-20.437 Y-3.000 Z-0.400 F400.000
G0 X-20.437 Y-3.000 Z5.000
G0 X-20.437 Y-228.000 Z5.000
G0 X-20.437 Y-228.000 Z3.000
G1 X-20.430 Y-203.927 Z2.159 F400.000
G1 X-20.396 Y-203.586 Z2.147 F400.000
G1 X-20.336 Y-203.281 Z2.137 F400.000
G1 X-20.236 Y-202.952 Z2.125 F400.000
G1 X-20.117 Y-202.665 Z2.114 F400.000
G1 X-19.955 Y-202.362 Z2.102 F400.000
G1 X-19.782 Y-202.104 Z2.091 F400.000
G1 X-19.565 Y-201.838 Z2.079 F400.000
G1 X-19.345 Y-201.618 Z2.068 F400.000
G1 X-19.079 Y-201.401 Z2.056 F400.000
G1 X-18.821 Y-201.228 Z2.045 F400.000
G1 X-18.518 Y-201.066 Z2.033 F400.000
G1 X-18.231 Y-200.947 Z2.022 F400.000
G1 X-17.902 Y-200.847 Z2.010 F400.000
G1 X-17.597 Y-200.787 Z1.999 F400.000
G1 X-17.100 Y-200.745 Z1.982 F400.000
G1 X-14.328 Y-200.745 Z1.885 F400.000
G1 X-14.220 Y-200.735 Z1.881 F400.000
G1 X-14.191 Y-200.726 Z1.880 F400.000
G1 X-14.164 Y-200.712 Z1.879 F400.000
G1 X-14.141 Y-200.692 Z1.878 F400.000
G1 X-14.121 Y-200.669 Z1.877 F400.000
G1 X-14.107 Y-200.642 Z1.876 F400.000
G1 X-14.098 Y-200.613 Z1.875 F400.000
G1 X-14.088 Y-200.505 Z1.871 F400.000
G1 X-14.087 Y-198.798 Z1.812 F400.000
G1 X-14.098 Y-198.690 Z1.808 F400.000
G1 X-14.107 Y-198.661 Z1.807 F400.000
G1 X-14.121 Y-198.634 Z1.806 F400.000
G1 X-14.141 Y-198.611 Z1.805 F400.000
G1 X-14.164 Y-198.592 Z1.804 F400.000
G1 X-14.191 Y-198.577 Z1.803 F400.000
G1 X-14.220 Y-198.569 Z1.802 F400.000
G1 X-14.330 Y-198.558 Z1.798 F400.000
G1 X-17.256 Y-198.550 Z1.695 F400.000
G1 X-17.597 Y-198.517 Z1.684 F400.000
G1 X-17.902 Y-198.456 Z1.673 F400.000
G1 X-18.231 Y-198.356 Z1.661 F400.000
G1 X-18.518 Y-198.237 Z1.650 F400.000
G1 X-18.821 Y-198.076 Z1.638 F400.000
G1 X-19.079 Y-197.903 Z1.627 F400.000
G1 X-19.345 Y-197.685 Z1.615 F400.000
G1 X-19.565 Y-197.465 Z1.604 F400.000
G1 X-19.782 Y-197.200 Z1.592 F400.000
G1 X-19.955 Y-196.941 Z1.581 F400.000
G1 X-20.117 Y-196.638 Z1.569 F400.000
G1 X-20.236 Y-196.351 Z1.558 F400.000
G1 X-20.336 Y-196.023 Z1.546 F400.000
G1 X-20.396 Y-195.717 Z1.536 F400.000
G1 X-20.437 Y-195.220 Z1.518 F400.000
G1 X-20.435 Y-186.654 Z1.219 F400.000
G1 X-20.406 Y-186.291 Z1.206 F400.000
G1 X-20.372 Y-186.115 Z1.200 F400.000
G1 X-20.406 Y-186.291 Z1.194 F400.000
G1 X-20.435 Y-186.654 Z1.181 F400.000
G1 X-20.437 Y-195.220 Z0.882 F400.000
G1 X-20.396 Y-195.717 Z0.864 F400.000
G1 X-20.336 Y-196.023 Z0.854 F400.000
G1 X-20.236 Y-196.351 Z0.842 F400.000
G1 X-20.117 Y-196.638 Z0.831 F400.000
G1 X-19.955 Y-196.941 Z0.819 F400.000
G1 X-19.782 Y-197.200 Z0.808 F400.000
G1 X-19.565 Y-197.465 Z0.796 F400.000
G1 X-19.345 Y-197.685 Z0.785 F400.000
G1 X-19.079 Y-197.903 Z0.773 F400.000
G1 X-18.821 Y-198.076 Z0.762 F400.000
G1 X-18.518 Y-198.237 Z0.750 F400.000
G1 X-18.231 Y-198.356 Z0.739 F400.000
G1 X-17.902 Y-198.456 Z0.727 F400.000
G1 X-17.597 Y-198.517 Z0.716 F400.000
G1 X-17.256 Y-198.550 Z0.705 F400.000
G1 X-14.330 Y-198.558 Z0.602 F400.000
G1 X-14.220 Y-198.569 Z0.598 F400.000
G1 X-14.191 Y-198.577 Z0.597 F400.000
G1 X-14.164 Y-198.592 Z0.596 F400.000
G1 X-14.141 Y-198.611 Z0.595 F400.000
G1 X-14.121 Y-198.634 Z0.594 F400.000
G1 X-14.107 Y-198.661 Z0.593 F400.000
G1 X-14.098 Y-198.690 Z0.592 F400.000
G1 X-14.087 Y-198.798 Z0.588 F400.000
G1 X-14.088 Y-200.505 Z0.529 F400.000
G1 X-14.098 Y-200.613 Z0.525 F400.000
G1 X-14.107 Y-200.642 Z0.524 F400.000
G1 X-14.121 Y-200.669 Z0.523 F400.000
G1 X-14.141 Y-200.692 Z0.522 F400.000
G1 X-14.164 Y-200.712 Z0.521 F400.000
G1 X-14.191 Y-200.726 Z0.520 F400.000
G1 X-14.220 Y-200.735 Z0.519 F400.000
G1 X-14.328 Y-200.745 Z0.515 F400.000
G1 X-17.100 Y-200.745 Z0.418 F400.000
G1 X-17.597 Y-200.787 Z0.401 F400.000
G1 X-17.902 Y-200.847 Z0.390 F400.000
G1 X-18.231 Y-200.947 Z0.378 F400.000
G1 X-18.518 Y-201.066 Z0.367 F400.000
G1 X-18.821 Y-201.228 Z0.355 F400.000
G1 X-19.079 Y-201.401 Z0.344 F400.000
G1 X-19.345 Y-201.618 Z0.332 F400.000
G1 X-19.565 Y-201.838 Z0.321 F400.000
G1 X-19.782 Y-202.104 Z0.309 F400.000
G1 X-19.955 Y-202.362 Z0.298 F400.000
G1 X-20.117 Y-202.665 Z0.286 F400.000
G1 X-20.236 Y-202.952 Z0.275 F400.000
G1 X-20.336 Y-203.281 Z0.263 F400.000
G1 X-20.396 Y-203.586 Z0.253 F400.000
G1 X-20.430 Y-203.927 Z0.241 F400.000
G1 X-20.437 Y-228.000 Z-0.600 F400.000
G1 X-20.430 Y-203.927 Z-0.600 F400.000
G1 X-20.396 Y-203.586 Z-0.600 F400.000
G1 X-20.336 Y-203.281 Z-0.600 F400.000
G1 X-20.236 Y-202.952 Z-0.600 F400.000
G1 X-20.117 Y-202.665 Z-0.600 F400.000
G1 X-19.955 Y-202.362 Z-0.600 F400.000
G1 X-19.782 Y-202.104 Z-0.600 F400.000
G1 X-19.565 Y-201.838 Z-0.600 F400.000
G1 X-19.345 Y-201.618 Z-0.600 F400.000
G1 X-19.079 Y-201.401 Z-0.600 F400.000
G1 X-18.821 Y-201.228 Z-0.600 F400.000
G1 X-18.518 Y-201.066 Z-0.600 F400.000
G1 X-18.231 Y-200.947 Z-0.600 F400.000
G1 X-17.902 Y-200.847 Z-0.600 F400.000
G1 X-17.597 Y-200.787 Z-0.600 F400.000
G1 X-17.100 Y-200.745 Z-0.600 F400.000
G1 X-14.328 Y-200.745 Z-0.600 F400.000
G1 X-14.220 Y-200.735 Z-0.600 F400.000
G1 X-14.191 Y-200.726 Z-0.600 F400.000
G1 X-14.164 Y-200.712 Z-0.600 F400.000
G1 X-14.141 Y-200.692 Z-0.600 F400.000
G1 X-14.121 Y-200.669 Z-0.600 F400.000
G1 X-14.107 Y-200.642 Z-0.600 F400.000
G1 X-14.098 Y-200.613 Z-0.600 F400.000
G1 X-14.088 Y-200.505 Z-0.600 F400.000
G1 X-14.087 Y-198.798 Z-0.600 F400.000
G1 X-14.098 Y-198.690 Z-0.600 F400.000
G1 X-14.107 Y-198.661 Z-0.600 F400.000
G1 X-14.121 Y-198.634 Z-0.600 F400.000
G1 X-14.141 Y-198.611 Z-0.600 F400.000
G1 X-14.164 Y-198.592 Z-0.600 F400.000
G1 X-14.191 Y-198.577 Z-0.600 F400.000
G1 X-14.220 Y-198.569 Z-0.600 F400.000
G1 X-14.330 Y-198.558 Z-0.600 F400.000
G1 X-17.256 Y-198.550 Z-0.600 F400.000
G1 X-17.597 Y-198.517 Z-0.600 F400.000
G1 X-17.902 Y-198.456 Z-0.600 F400.000
G1 X-18.231 Y-198.356 Z-0.600 F400.000
G1 X-18.518 Y-198.237 Z-0.600 F400.000
G1 X-18.821 Y-198.076 Z-0.600 F400.000
G1 X-19.079 Y-197.903 Z-0.600 F400.000
G1 X-19.345 Y-197.685 Z-0.600 F400.000
G1 X-19.565 Y-197.465 Z-0.600 F400.000
G1 X-19.782 Y-197.200 Z-0.600 F400.000
G1 X-19.955 Y-196.941 Z-0.600 F400.000
G1 X-20.117 Y-196.638 Z-0.600 F400.000
G1 X-20.236 Y-196.351 Z-0.600 F400.000
G1 X-20.336 Y-196.023 Z-0.600 F400.000
G1 X-20.396 Y-195.717 Z-0.600 F400.000
G1 X-20.437 Y-195.220 Z-0.600 F400.000
G1 X-20.435 Y-186.654 Z-0.600 F400.000
G1 X-20.406 Y-186.291 Z-0.600 F400.000
G1 X-20.337 Y-185.934 Z-0.600 F400.000
G1 X-20.230 Y-185.586 Z-0.600 F400.000
G1 X-20.125 Y-185.330 Z-0.600 F400.000
G1 X-16.238 Y-176.994 Z-0.600 F400.000
G1 X-16.215 Y-176.938 Z-0.600 F400.000
G1 X-16.210 Y-176.921 Z-0.600 F400.000
G1 X-16.207 Y-176.903 Z-0.600 F400.000
G1 X-16.204 Y-176.843 Z-0.600 F400.000
G1 X-16.204 Y-173.952 Z-0.600 F400.000
G1 X-16.215 Y-173.843 Z-0.600 F400.000
G1 X-16.224 Y-173.814 Z-0.600 F400.000
G1 X-16.238 Y-173.788 Z-0.600 F400.000
G1 X-16.257 Y-173.764 Z-0.600 F400.000
G1 X-16.281 Y-173.745 Z-0.600 F400.000
G1 X-16.307 Y-173.731 Z-0.600 F400.000
G1 X-16.336 Y-173.722 Z-0.600 F400.000
G1 X-16.445 Y-173.711 Z-0.600 F400.000
G1 X-17.850 Y-173.711 Z-0.600 F400.000
G1 X-18.057 Y-173.697 Z-0.600 F400.000
G1 X-18.316 Y-173.663 Z-0.600 F400.000
G1 X-18.716 Y-173.556 Z-0.600 F400.000
G1 X-18.958 Y-173.456 Z-0.600 F400.000
G1 X-19.316 Y-173.249 Z-0.600 F400.000
G1 X-19.524 Y-173.090 Z-0.600 F400.000
G1 X-19.817 Y-172.797 Z-0.600 F400.000
G1 X-19.975 Y-172.590 Z-0.600 F400.000
G1 X-20.183 Y-172.231 Z-0.600 F400.000
G1 X-20.283 Y-171.990 Z-0.600 F400.000
G1 X-20.390 Y-171.590 Z-0.600 F400.000
G1 X-20.424 Y-171.331 Z-0.600 F400.000
G1 X-20.437 Y-171.124 Z-0.600 F400.000
G1 X-20.435 Y-148.170 Z-0.600 F400.000
G1 X-20.406 Y-147.807 Z-0.600 F400.000
G1 X-20.337 Y-147.450 Z-0.600 F400.000
G1 X-20.230 Y-147.102 Z-0.600 F400.000
G1 X-20.125 Y-146.846 Z-0.600 F400.000
G1 X-16.238 Y-138.510 Z-0.600 F400.000
G1 X-16.215 Y-138.454 Z-0.600 F400.000
G1 X-16.210 Y-138.437 Z-0.600 F400.000
G1 X-16.207 Y-138.419 Z-0.600 F400.000
G1 X-16.204 Y-138.359 Z-0.600 F400.000
G1 X-16.204 Y-135.468 Z-0.600 F400.000
G1 X-16.215 Y-135.359 Z-0.600 F400.000
G1 X-16.224 Y-135.330 Z-0.600 F400.000
G1 X-16.238 Y-135.304 Z-0.600 F400.000
G1 X-16.257 Y-135.280 Z-0.600 F400.000
G1 X-16.281 Y-135.261 Z-0.600 F400.000
G1 X-16.307 Y-135.247 Z-0.600 F400.000
G1 X-16.336 Y-135.238 Z-0.600 F400.000
G1 X-16.445 Y-135.227 Z-0.600 F400.000
G1 X-17.850 Y-135.227 Z-0.600 F400.000
G1 X-18.057 Y-135.213 Z-0.600 F400.000
G1 X-18.316 Y-135.179 Z-0.600 F400.000
G1 X-18.716 Y-135.072 Z-0.600 F400.000
G1 X-18.958 Y-134.972 Z-0.600 F400.000
G1 X-19.316 Y-134.765 Z-0.600 F400.000
G1 X-19.524 Y-134.606 Z-0.600 F400.000
G1 X-19.817 Y-134.313 Z-0.600 F400.000
G1 X-19.975 Y-134.106 Z-0.600 F400.000
G1 X-20.183 Y-133.747 Z-0.600 F400.000
G1 X-20.283 Y-133.506 Z-0.600 F400.000
G1 X-20.390 Y-133.106 Z-0.600 F400.000
G1 X-20.424 Y-132.847 Z-0.600 F400.000
G1 X-20.437 Y-132.640 Z-0.600 F400.000
G1 X-20.435 Y-109.686 Z-0.600 F400.000
G1 X-20.406 Y-109.323 Z-0.600 F400.000
G1 X-20.337 Y-108.966 Z-0.600 F400.000
G1 X-20.230 Y-108.618 Z-0.600 F400.000
G1 X-20.125 Y-108.362 Z-0.600 F400.000
G1 X-16.238 Y-100.026 Z-0.600 F400.000
G1 X-16.215 Y-99.969 Z-0.600 F400.000
G1 X-16.210 Y-99.953 Z-0.600 F400.000
G1 X-16.207 Y-99.935 Z-0.600 F400.000
G1 X-16.204 Y-99.875 Z-0.600 F400.000
G1 X-16.204 Y-96.984 Z-0.600 F400.000
G1 X-16.215 Y-96.875 Z-0.600 F400.000
G1 X-16.224 Y-96.846 Z-0.600 F400.000
G1 X-16.238 Y-96.820 Z-0.600 F400.000
G1 X-16.257 Y-96.796 Z-0.600 F400.000
G1 X-16.281 Y-96.777 Z-0.600 F400.000
G1 X-16.307 Y-96.762 Z-0.600 F400.000
G1 X-16.336 Y-96.754 Z-0.600 F400.000
G1 X-16.445 Y-96.743 Z-0.600 F400.000
G1 X-17.850 Y-96.743 Z-0.600 F400.000
G1 X-18.057 Y-96.729 Z-0.600 F400.000
G1 X-18.316 Y-96.695 Z-0.600 F400.000
G1 X-18.716 Y-96.588 Z-0.600 F400.000
G1 X-18.958 Y-96.488 Z-0.600 F400.000
G1 X-19.316 Y-96.281 Z-0.600 F400.000
G1 X-19.524 Y-96.122 Z-0.600 F400.000
G1 X-19.817 Y-95.829 Z-0.600 F400.000
G1 X-19.975 Y-95.622 Z-0.600 F400.000
G1 X-20.183 Y-95.263 Z-0.600 F400.000
G1 X-20.283 Y-95.022 Z-0.600 F400.000
G1 X-20.390 Y-94.622 Z-0.600 F400.000
G1 X-20.424 Y-94.363 Z-0.600 F400.000
G1 X-20.437 Y-94.156 Z-0.600 F400.000
G1 X-20.435 Y-71.202 Z-0.600 F400.000
G1 X-20.406 Y-70.839 Z-0.600 F400.000
G1 X-20.337 Y-70.482 Z-0.600 F400.000
G1 X-20.230 Y-70.134 Z-0.600 F400.000
G1 X-20.125 Y-69.878 Z-0.600 F400.000
G1 X-16.238 Y-61.542 Z-0.600 F400.000
G1 X-16.215 Y-61.485 Z-0.600 F400.000
G1 X-16.210 Y-61.469 Z-0.600 F400.000
G1 X-16.207 Y-61.451 Z-0.600 F400.000
G1 X-16.204 Y-61.391 Z-0.600 F400.000
G1 X-16.204 Y-58.500 Z-0.600 F400.000
G1 X-16.215 Y-58.391 Z-0.600 F400.000
G1 X-16.224 Y-58.362 Z-0.600 F400.000
G1 X-16.238 Y-58.336 Z-0.600 F400.000
G1 X-16.257 Y-58.312 Z-0.600 F400.000
G1 X-16.281 Y-58.293 Z-0.600 F400.000
G1 X-16.307 Y-58.278 Z-0.600 F400.000
G1 X-16.336 Y-58.270 Z-0.600 F400.000
G1 X-16.445 Y-58.259 Z-0.600 F400.000
G1 X-17.850 Y-58.259 Z-0.600 F400.000
G1 X-18.057 Y-58.245 Z-0.600 F400.000
G1 X-18.316 Y-58.211 Z-0.600 F400.000
G1 X-18.716 Y-58.104 Z-0.600 F400.000
G1 X-18.958 Y-58.004 Z-0.600 F400.000
G1 X-19.316 Y-57.797 Z-0.600 F400.000
G1 X-19.524 Y-57.638 Z-0.600 F400.000
G1 X-19.817 Y-57.345 Z-0.600 F400.000
G1 X-19.975 Y-57.138 Z-0.600 F400.000
G1 X-20.183 Y-56.779 Z-0.600 F400.000
G1 X-20.283 Y-56.538 Z-0.600 F400.000
G1 X-20.390 Y-56.138 Z-0.600 F400.000
G1 X-20.424 Y-55.879 Z-0.600 F400.000
G1 X-20.437 Y-55.672 Z-0.600 F400.000
G1 X-20.435 Y-32.718 Z-0.600 F400.000
G1 X-20.406 Y-32.355 Z-0.600 F400.000
G1 X-20.337 Y-31.998 Z-0.600 F400.000
G1 X-20.230 Y-31.650 Z-0.600 F400.000
G1 X-20.125 Y-31.394 Z-0.600 F400.000
G1 X-16.238 Y-23.058 Z-0.600 F400.000
G1 X-16.215 Y-23.001 Z-0.600 F400.000
G1 X-16.210 Y-22.985 Z-0.600 F400.000
G1 X-16.207 Y-22.967 Z-0.600 F400.000
G1 X-16.204 Y-22.907 Z-0.600 F400.000
G1 X-16.204 Y-20.015 Z-0.600 F400.000
G1 X-16.215 Y-19.907 Z-0.600 F400.000
G1 X-16.224 Y-19.878 Z-0.600 F400.000
G1 X-16.238 Y-19.851 Z-0.600 F400.000
G1 X-16.257 Y-19.828 Z-0.600 F400.000
G1 X-16.281 Y-19.809 Z-0.600 F400.000
G1 X-16.307 Y-19.794 Z-0.600 F400.000
G1 X-16.336 Y-19.786 Z-0.600 F400.000
G1 X-16.445 Y-19.775 Z-0.600 F400.000
G1 X-17.850 Y-19.775 Z-0.600 F400.000
G1 X-18.057 Y-19.761 Z-0.600 F400.000
G1 X-18.316 Y-19.727 Z-0.600 F400.000
G1 X-18.716 Y-19.620 Z-0.600 F400.000
G1 X-18.958 Y-19.520 Z-0.600 F400.000
G1 X-19.316 Y-19.313 Z-0.600 F400.000
G1 X-19.524 Y-19.154 Z-0.600 F400.000
G1 X-19.817 Y-18.861 Z-0.600 F400.000
G1 X-19.975 Y-18.654 Z-0.600 F400.000
G1 X-20.183 Y-18.295 Z-0.600 F400.000
G1 X-20.283 Y-18.054 Z-0.600 F400.000
G1 X-20.390 Y-17.654 Z-0.600 F400.000
G1 X-20.424 Y-17.395 Z-0.600 F400.000
G1 X-20.437 Y-17.188 Z-0.600 F400.000
G1 X-20.437 Y-3.000 Z-0.600 F400.000
G0 X-20.437 Y-3.000 Z5.000
G0 X-20.437 Y-228.000 Z5.000
G0 X-20.437 Y-228.000 Z3.000
G1 X-20.430 Y-203.927 Z2.159 F400.000
G1 X-20.396 Y-203.586 Z2.147 F400.000
G1 X-20.336 Y-203.281 Z2.137 F400.000
G1 X-20.236 Y-202.952 Z2.125 F400.000
G1 X-20.117 Y-202.665 Z2.114 F400.000
G1 X-19.955 Y-202.362 Z2.102 F400.000
G1 X-19.782 Y-202.104 Z2.091 F400.000
G1 X-19.565 Y-201.838 Z2.079 F400.000
G1 X-19.345 Y-201.618 Z2.068 F400.000
G1 X-19.079 Y-201.401 Z2.056 F400.000
G1 X-18.821 Y-201.228 Z2.045 F400.000
G1 X-18.518 Y-201.066 Z2.033 F400.000
G1 X-18.231 Y-200.947 Z2.022 F400.000
G1 X-17.902 Y-200.847 Z2.010 F400.000
G1 X-17.597 Y-200.787 Z1.999 F400.000
G1 X-17.100 Y-200.745 Z1.982 F400.000
G1 X-14.328 Y-200.745 Z1.885 F400.000
G1 X-14.220 Y-200.735 Z1.881 F400.000
G1 X-14.191 Y-200.726 Z1.880 F400.000
G1 X-14.164 Y-200.712 Z1.879 F400.000
G1 X-14.141 Y-200.692 Z1.878 F400.000
G1 X-14.121 Y-200.669 Z1.877 F400.000
G1 X-14.107 Y-200.642 Z1.876 F400.000
G1 X-14.098 Y-200.613 Z1.875 F400.000
G1 X-14.088 Y-200.505 Z1.871 F400.000
G1 X-14.087 Y-198.798 Z1.812 F400.000
G1 X-14.098 Y-198.690 Z1.808 F400.000
G1 X-14.107 Y-198.661 Z1.807 F400.000
G1 X-14.121 Y-198.634 Z1.806 F400.000
G1 X-14.141 Y-198.611 Z1.805 F400.000
G1 X-14.164 Y-198.592 Z1.804 F400.000
G1 X-14.191 Y-198.577 Z1.803 F400.000
G1 X-14.220 Y-198.569 Z1.802 F400.000
G1 X-14.330 Y-198.558 Z1.798 F400.000
G1 X-17.256 Y-198.550 Z1.695 F400.000
G1 X-17.597 Y-198.517 Z1.684 F400.000
G1 X-17.902 Y-198.456 Z1.673 F400.000
G1 X-18.231 Y-198.356 Z1.661 F400.000
G1 X-18.518 Y-198.237 Z1.650 F400.000
G1 X-18.821 Y-198.076 Z1.638 F400.000
G1 X-19.079 Y-197.903 Z1.627 F400.000
G1 X-19.345 Y-197.685 Z1.615 F400.000
G1 X-19.565 Y-197.465 Z1.604 F400.000
G1 X-19.782 Y-197.200 Z1.592 F400.000
G1 X-19.955 Y-196.941 Z1.581 F400.000
G1 X-20.117 Y-196.638 Z1.569 F400.000
G1 X-20.236 Y-196.351 Z1.558 F400.000
G1 X-20.336 Y-196.023 Z1.546 F400.000
G1 X-20.396 Y-195.717 Z1.536 F400.000
G1 X-20.437 Y-195.220 Z1.518 F400.000
G1 X-20.435 Y-186.654 Z1.219 F400.000
G1 X-20.406 Y-186.291 Z1.206 F400.000
G1 X-20.337 Y-185.934 Z1.194 F400.000
G1 X-20.230 Y-185.586 Z1.181 F400.000
G1 X-20.125 Y-185.330 Z1.171 F400.000
G1 X-19.263 Y-183.482 Z1.100 F400.000
G1 X-20.125 Y-185.330 Z1.029 F400.000
G1 X-20.230 Y-185.586 Z1.019 F400.000
G1 X-20.337 Y-185.934 Z1.006 F400.000
G1 X-20.406 Y-186.291 Z0.994 F400.000
G1 X-20.435 Y-186.654 Z0.981 F400.000
G1 X-20.437 Y-195.220 Z0.682 F400.000
G1 X-20.396 Y-195.717 Z0.664 F400.000
G1 X-20.336 Y-196.023 Z0.654 F400.000
G1 X-20.236 Y-196.351 Z0.642 F400.000
G1 X-20.117 Y-196.638 Z0.631 F400.000
G1 X-19.955 Y-196.941 Z0.619 F400.000
G1 X-19.782 Y-197.200 Z0.608 F400.000
G1 X-19.565 Y-197.465 Z0.596 F400.000
G1 X-19.345 Y-197.685 Z0.585 F400.000
G1 X-19.079 Y-197.903 Z0.573 F400.000
G1 X-18.821 Y-198.076 Z0.562 F400.000
G1 X-18.518 Y-198.237 Z0.550 F400.000
G1 X-18.231 Y-198.356 Z0.539 F400.000
G1 X-17.902 Y-198.456 Z0.527 F400.000
G1 X-17.597 Y-198.517 Z0.516 F400.000
G1 X-17.256 Y-198.550 Z0.505 F400.000
G1 X-14.330 Y-198.558 Z0.402 F400.000
G1 X-14.220 Y-198.569 Z0.398 F400.000
G1 X-14.191 Y-198.577 Z0.397 F400.000
G1 X-14.164 Y-198.592 Z0.396 F400.000
G1 X-14.141 Y-198.611 Z0.395 F400.000
G1 X-14.121 Y-198.634 Z0.394 F400.000
G1 X-14.107 Y-198.661 Z0.393 F400.000
G1 X-14.098 Y-198.690 Z0.392 F400.000
G1 X-14.087 Y-198.798 Z0.388 F400.000
G1 X-14.088 Y-200.505 Z0.329 F400.000
G1 X-14.098 Y-200.613 Z0.325 F400.000
G1 X-14.107 Y-200.642 Z0.324 F400.000
G1 X-14.121 Y-200.669 Z0.323 F400.000
G1 X-14.141 Y-200.692 Z0.322 F400.000
G1 X-14.164 Y-200.712 Z0.321 F400.000
G1 X-14.191 Y-200.726 Z0.320 F400.000
G1 X-14.220 Y-200.735 Z0.319 F400.000
G1 X-14.328 Y-200.745 Z0.315 F400.000
G1 X-17.100 Y-200.745 Z0.218 F400.000
G1 X-17.597 Y-200.787 Z0.201 F400.000
G1 X-17.902 Y-200.847 Z0.190 F400.000
G1 X-18.231 Y-200.947 Z0.178 F400.000
G1 X-18.518 Y-201.066 Z0.167 F400.000
G1 X-18.821 Y-201.228 Z0.155 F400.000
G1 X-19.079 Y-201.401 Z0.144 F400.000
G1 X-19.345 Y-201.618 Z0.132 F400.000
G1 X-19.565 Y-201.838 Z0.121 F400.000
G1 X-19.782 Y-202.104 Z0.109 F400.000
G1 X-19.955 Y-202.362 Z0.098 F400.000
G1 X-20.117 Y-202.665 Z0.086 F400.000
G1 X-20.236 Y-202.952 Z0.075 F400.000
G1 X-20.336 Y-203.281 Z0.063 F400.000
G1 X-20.396 Y-203.586 Z0.053 F400.000
G1 X-20.430 Y-203.927 Z0.041 F400.000
G1 X-20.437 Y-228.000 Z-0.800 F400.000
G1 X-20.430 Y-203.927 Z-0.800 F400.000
G1 X-20.396 Y-203.586 Z-0.800 F400.000
G1 X-20.336 Y-203.281 Z-0.800 F400.000
G1 X-20.236 Y-202.952 Z-0.800 F400.000
G1 X-20.117 Y-202.665 Z-0.800 F400.000
G1 X-19.955 Y-202.362 Z-0.800 F400.000
G1 X-19.782 Y-202.104 Z-0.800 F400.000
G1 X-19.565 Y-201.838 Z-0.800 F400.000
G1 X-19.345 Y-201.618 Z-0.800 F400.000
G1 X-19.079 Y-201.401 Z-0.800 F400.000
G1 X-18.821 Y-201.228 Z-0.800 F400.000
G1 X-18.518 Y-201.066 Z-0.800 F400.000
G1 X-18.231 Y-200.947 Z-0.800 F400.000
G1 X-17.902 Y-200.847 Z-0.800 F400.000
G1 X-17.597 Y-200.787 Z-0.800 F400.000
G1 X-17.100 Y-200.745 Z-0.800 F400.000
G1 X-14.328 Y-200.745 Z-0.800 F400.000
G1 X-14.220 Y-200.735 Z-0.800 F400.000
G1 X-14.191 Y-200.726 Z-0.800 F400.000
G1 X-14.164 Y-200.712 Z-0.800 F400.000
G1 X-14.141 Y-200.692 Z-0.800 F400.000
G1 X-14.121 Y-200.669 Z-0.800 F400.000
G1 X-14.107 Y-200.642 Z-0.800 F400.000
G1 X-14.098 Y-200.613 Z-0.800 F400.000
G1 X-14.088 Y-200.505 Z-0.800 F400.000
G1 X-14.087 Y-198.798 Z-0.800 F400.000
G1 X-14.098 Y-198.690 Z-0.800 F400.000
G1 X-14.107 Y-198.661 Z-0.800 F400.000
G1 X-14.121 Y-198.634 Z-0.800 F400.000
G1 X-14.141 Y-198.611 Z-0.800 F400.000
G1 X-14.164 Y-198.592 Z-0.800 F400.000
G1 X-14.191 Y-198.577 Z-0.800 F400.000
G1 X-14.220 Y-198.569 Z-0.800 F400.000
G1 X-14.330 Y-198.558 Z-0.800 F400.000
G1 X-17.256 Y-198.550 Z-0.800 F400.000
G1 X-17.597 Y-198.517 Z-0.800 F400.000
G1 X-17.902 Y-198.456 Z-0.800 F400.000
G1 X-18.231 Y-198.356 Z-0.800 F400.000
G1 X-18.518 Y-198.237 Z-0.800 F400.000
G1 X-18.821 Y-198.076 Z-0.800 F400.000
G1 X-19.079 Y-197.903 Z-0.800 F400.000
G1 X-19.345 Y-197.685 Z-0.800 F400.000
G1 X-19.565 Y-197.465 Z-0.800 F400.000
G1 X-19.782 Y-197.200 Z-0.800 F400.000
G1 X-19.955 Y-196.941 Z-0.800 F400.000
G1 X-20.117 Y-196.638 Z-0.800 F400.000
G1 X-20.236 Y-196.351 Z-0.800 F400.000
G1 X-20.336 Y-196.023 Z-0.800 F400.000
G1 X-20.396 Y-195.717 Z-0.800 F400.000
G1 X-20.437 Y-195.220 Z-0.800 F400.000
G1 X-20.435 Y-186.654 Z-0.800 F400.000
G1 X-20.406 Y-186.291 Z-0.800 F400.000
G1 X-20.337 Y-185.934 Z-0.800 F400.000
G1 X-20.230 Y-185.586 Z-0.800 F400.000
G1 X-20.125 Y-185.330 Z-0.800 F400.000
G1 X-16.238 Y-176.994 Z-0.800 F400.000
G1 X-16.215 Y-176.938 Z-0.800 F400.000
G1 X-16.210 Y-176.921 Z-0.800 F400.000
G1 X-16.207 Y-176.903 Z-0.800 F400.000
G1 X-16.204 Y-176.843 Z-0.800 F400.000
G1 X-16.204 Y-173.952 Z-0.800 F400.000
G1 X-16.215 Y-173.843 Z-0.800 F400.000
G1 X-16.224 Y-173.814 Z-0.800 F400.000
G1 X-16.238 Y-173.788 Z-0.800 F400.000
G1 X-16.257 Y-173.764 Z-0.800 F400.000
G1 X-16.281 Y-173.745 Z-0.800 F400.000
G1 X-16.307 Y-173.731 Z-0.800 F400.000
G1 X-16.336 Y-173.722 Z-0.800 F400.000
G1 X-16.445 Y-173.711 Z-0.800 F400.000
G1 X-17.850 Y-173.711 Z-0.800 F400.000
G1 X-18.057 Y-173.697 Z-0.800 F400.000
G1 X-18.316 Y-173.663 Z-0.800 F400.000
G1 X-18.716 Y-173.556 Z-0.800 F400.000
G1 X-18.958 Y-173.456 Z-0.800 F400.000
G1 X-19.316 Y-173.249 Z-0.800 F400.000
G1 X-19.524 Y-173.090 Z-0.800 F400.000
G1 X-19.817 Y-172.797 Z-0.800 F400.000
G1 X-19.975 Y-172.590 Z-0.800 F400.000
G1 X-20.183 Y-172.231 Z-0.800 F400.000
G1 X-20.283 Y-171.990 Z-0.800 F400.000
G1 X-20.390 Y-171.590 Z-0.800 F400.000
G1 X-20.424 Y-171.331 Z-0.800 F400.000
G1 X-20.437 Y-171.124 Z-0.800 F400.000
G1 X-20.435 Y-148.170 Z-0.800 F400.000
G1 X-20.406 Y-147.807 Z-0.800 F400.000
G1 X-20.337 Y-147.450 Z-0.800 F400.000
G1 X-20.230 Y-147.102 Z-0.800 F400.000
G1 X-20.125 Y-146.846 Z-0.800 F400.000
G1 X-16.238 Y-138.510 Z-0.800 F400.000
G1 X-16.215 Y-138.454 Z-0.800 F400.000
G1 X-16.210 Y-138.437 Z-0.800 F400.000
G1 X-16.207 Y-138.419 Z-0.800 F400.000
G1 X-16.204 Y-138.359 Z-0.800 F400.000
G1 X-16.204 Y-135.468 Z-0.800 F400.000
G1 X-16.215 Y-135.359 Z-0.800 F400.000
G1 X-16.224 Y-135.330 Z-0.800 F400.000
G1 X-16.238 Y-135.304 Z-0.800 F400.000
G1 X-16.257 Y-135.280 Z-0.800 F400.000
G1 X-16.281 Y-135.261 Z-0.800 F400.000
G1 X-16.307 Y-135.247 Z-0.800 F400.000
G1 X-16.336 Y-135.238 Z-0.800 F400.000
G1 X-16.445 Y-135.227 Z-0.800 F400.000
G1 X-17.850 Y-135.227 Z-0.800 F400.000
G1 X-18.057 Y-135.213 Z-0.800 F400.000
G1 X-18.316 Y-135.179 Z-0.800 F400.000
G1 X-18.716 Y-135.072 Z-0.800 F400.000
G1 X-18.958 Y-134.972 Z-0.800 F400.000
G1 X-19.316 Y-134.765 Z-0.800 F400.000
G1 X-19.524 Y-134.606 Z-0.800 F400.000
G1 X-19.817 Y-134.313 Z-0.800 F400.000
G1 X-19.975 Y-134.106 Z-0.800 F400.000
G1 X-20.183 Y-133.747 Z-0.800 F400.000
G1 X-20.283 Y-133.506 Z-0.800 F400.000
G1 X-20.390 Y-133.106 Z-0.800 F400.000
G1 X-20.424 Y-132.847 Z-0.800 F400.000
G1 X-20.437 Y-132.640 Z-0.800 F400.000
G1 X-20.435 Y-109.686 Z-0.800 F400.000
G1 X-20.406 Y-109.323 Z-0.800 F400.000
G1 X-20.337 Y-108.966 Z-0.800 F400.000
G1 X-20.230 Y-108.618 Z-0.800 F400.000
G1 X-20.125 Y-108.362 Z-0.800 F400.000
G1 X-16.238 Y-100.026 Z-0.800 F400.000
G1 X-16.215 Y-99.969 Z-0.800 F400.000
G1 X-16.210 Y-99.953 Z-0.800 F400.000
G1 X-16.207 Y-99.935 Z-0.800 F400.000
G1 X-16.204 Y-99.875 Z-0.800 F400.000
G1 X-16.204 Y-96.984 Z-0.800 F400.000
G1 X-16.215 Y-96.875 Z-0.800 F400.000
G1 X-16.224 Y-96.846 Z-0.800 F400.000
G1 X-16.238 Y-96.820 Z-0.800 F400.000
G1 X-16.257 Y-96.796 Z-0.800 F400.000
G1 X-16.281 Y-96.777 Z-0.800 F400.000
G1 X-16.307 Y-96.762 Z-0.800 F400.000
G1 X-16.336 Y-96.754 Z-0.800 F400.000
G1 X-16.445 Y-96.743 Z-0.800 F400.000
G1 X-17.850 Y-96.743 Z-0.800 F400.000
G1 X-18.057 Y-96.729 Z-0.800 F400.000
G1 X-18.316 Y-96.695 Z-0.800 F400.000
G1 X-18.716 Y-96.588 Z-0.800 F400.000
G1 X-18.958 Y-96.488 Z-0.800 F400.000
G1 X-19.316 Y-96.281 Z-0.800 F400.000
G1 X-19.524 Y-96.122 Z-0.800 F400.000
G1 X-19.817 Y-95.829 Z-0.800 F400.000
G1 X-19.975 Y-95.622 Z-0.800 F400.000
G1 X-20.183 Y-95.263 Z-0.800 F400.000
G1 X-20.283 Y-95.022 Z-0.800 F400.000
G1 X-20.390 Y-94.622 Z-0.800 F400.000
G1 X-20.424 Y-94.363 Z-0.800 F400.000
G1 X-20.437 Y-94.156 Z-0.800 F400.000
G1 X-20.435 Y-71.202 Z-0.800 F400.000
G1 X-20.406 Y-70.839 Z-0.800 F400.000
G1 X-20.337 Y-70.482 Z-0.800 F400.000
G1 X-20.230 Y-70.134 Z-0.800 F400.000
G1 X-20.125 Y-69.878 Z-0.800 F400.000
G1 X-16.238 Y-61.542 Z-0.800 F400.000
G1 X-16.215 Y-61.485 Z-0.800 F400.000
G1 X-16.210 Y-61.469 Z-0.800 F400.000
G1 X-16.207 Y-61.451 Z-0.800 F400.000
G1 X-16.204 Y-61.391 Z-0.800 F400.000
G1 X-16.204 Y-58.500 Z-0.800 F400.000
G1 X-16.215 Y-58.391 Z-0.800 F400.000
G1 X-16.224 Y-58.362 Z-0.800 F400.000
G1 X-16.238 Y-58.336 Z-0.800 F400.000
G1 X-16.257 Y-58.312 Z-0.800 F400.000
G1 X-16.281 Y-58.293 Z-0.800 F400.000
G1 X-16.307 Y-58.278 Z-0.800 F400.000
G1 X-16.336 Y-58.270 Z-0.800 F400.000
G1 X-16.445 Y-58.259 Z-0.800 F400.000
G1 X-17.850 Y-58.259 Z-0.800 F400.000
G1 X-18.057 Y-58.245 Z-0.800 F400.000
G1 X-18.316 Y-58.211 Z-0.800 F400.000
G1 X-18.716 Y-58.104 Z-0.800 F400.000
G1 X-18.958 Y-58.004 Z-0.800 F400.000
G1 X-19.316 Y-57.797 Z-0.800 F400.000
G1 X-19.524 Y-57.638 Z-0.800 F400.000
G1 X-19.817 Y-57.345 Z-0.800 F400.000
G1 X-19.975 Y-57.138 Z-0.800 F400.000
G1 X-20.183 Y-56.779 Z-0.800 F400.000
G1 X-20.283 Y-56.538 Z-0.800 F400.000
G1 X-20.390 Y-56.138 Z-0.800 F400.000
G1 X-20.424 Y-55.879 Z-0.800 F400.000
G1 X-20.437 Y-55.672 Z-0.800 F400.000
G1 X-20.435 Y-32.718 Z-0.800 F400.000
G1 X-20.406 Y-32.355 Z-0.800 F400.000
G1 X-20.337 Y-31.998 Z-0.800 F400.000
G1 X-20.230 Y-31.650 Z-0.800 F400.000
G1 X-20.125 Y-31.394 Z-0.800 F400.000
G1 X-16.238 Y-23.058 Z-0.800 F400.000
G1 X-16.215 Y-23.001 Z-0.800 F400.000
G1 X-16.210 Y-22.985 Z-0.800 F400.000
G1 X-16.207 Y-22.967 Z-0.800 F400.000
G1 X-16.204 Y-22.907 Z-0.800 F400.000
G1 X-16.204 Y-20.015 Z-0.800 F400.000
G1 X-16.215 Y-19.907 Z-0.800 F400.000
G1 X-16.224 Y-19.878 Z-0.800 F400.000
G1 X-16.238 Y-19.851 Z-0.800 F400.000
G1 X-16.257 Y-19.828 Z-0.800 F400.000
G1 X-16.281 Y-19.809 Z-0.800 F400.000
G1 X-16.307 Y-19.794 Z-0.800 F400.000
G1 X-16.336 Y-19.786 Z-0.800 F400.000
G1 X-16.445 Y-19.775 Z-0.800 F400.000
G1 X-17.850 Y-19.775 Z-0.800 F400.000
G1 X-18.057 Y-19.761 Z-0.800 F400.000
G1 X-18.316 Y-19.727 Z-0.800 F400.000
G1 X-18.716 Y-19.620 Z-0.800 F400.000
G1 X-18.958 Y-19.520 Z-0.800 F400.000
G1 X-19.316 Y-19.313 Z-0.800 F400.000
G1 X-19.524 Y-19.154 Z-0.800 F400.000
G1 X-19.817 Y-18.861 Z-0.800 F400.000
G1 X-19.975 Y-18.654 Z-0.800 F400.000
G1 X-20.183 Y-18.295 Z-0.800 F400.000
G1 X-20.283 Y-18.054 Z-0.800 F400.000
G1 X-20.390 Y-17.654 Z-0.800 F400.000
G1 X-20.424 Y-17.395 Z-0.800 F400.000
G1 X-20.437 Y-17.188 Z-0.800 F400.000
G1 X-20.437 Y-3.000 Z-0.800 F400.000
G0 X-20.437 Y-3.000 Z5.000
G0 X-20.437 Y-228.000 Z5.000
G0 X-20.437 Y-228.000 Z3.000
G1 X-20.430 Y-203.927 Z2.159 F400.000
G1 X-20.396 Y-203.586 Z2.147 F400.000
G1 X-20.336 Y-203.281 Z2.137 F400.000
G1 X-20.236 Y-202.952 Z2.125 F400.000
G1 X-20.117 Y-202.665 Z2.114 F400.000
G1 X-19.955 Y-202.362 Z2.102 F400.000
G1 X-19.782 Y-202.104 Z2.091 F400.000
G1 X-19.565 Y-201.838 Z2.079 F400.000
G1 X-19.345 Y-201.618 Z2.068 F400.000
G1 X-19.079 Y-201.401 Z2.056 F400.000
G1 X-18.821 Y-201.228 Z2.045 F400.000
G1 X-18.518 Y-201.066 Z2.033 F400.000
G1 X-18.231 Y-200.947 Z2.022 F400.000
G1 X-17.902 Y-200.847 Z2.010 F400.000
G1 X-17.597 Y-200.787 Z1.999 F400.000
G1 X-17.100 Y-200.745 Z1.982 F400.000
G1 X-14.328 Y-200.745 Z1.885 F400.000
G1 X-14.220 Y-200.735 Z1.881 F400.000
G1 X-14.191 Y-200.726 Z1.880 F400.000
G1 X-14.164 Y-200.712 Z1.879 F400.000
G1 X-14.141 Y-200.692 Z1.878 F400.000
G1 X-14.121 Y-200.669 Z1.877 F400.000
G1 X-14.107 Y-200.642 Z1.876 F400.000
G1 X-14.098 Y-200.613 Z1.875 F400.000
G1 X-14.088 Y-200.505 Z1.871 F400.000
G1 X-14.087 Y-198.798 Z1.812 F400.000
G1 X-14.098 Y-198.690 Z1.808 F400.000
G1 X-14.107 Y-198.661 Z1.807 F400.000
G1 X-14.121 Y-198.634 Z1.806 F400.000
G1 X-14.141 Y-198.611 Z1.805 F400.000
G1 X-14.164 Y-198.592 Z1.804 F400.000
G1 X-14.191 Y-198.577 Z1.803 F400.000
G1 X-14.220 Y-198.569 Z1.802 F400.000
G1 X-14.330 Y-198.558 Z1.798 F400.000
G1 X-17.256 Y-198.550 Z1.695 F400.000
G1 X-17.597 Y-198.517 Z1.684 F400.000
G1 X-17.902 Y-198.456 Z1.673 F400.000
G1 X-18.231 Y-198.356 Z1.661 F400.000
G1 X-18.518 Y-198.237 Z1.650 F400.000
G1 X-18.821 Y-198.076 Z1.638 F400.000
G1 X-19.079 Y-197.903 Z1.627 F400.000
G1 X-19.345 Y-197.685 Z1.615 F400.000
G1 X-19.565 Y-197.465 Z1.604 F400.000
G1 X-19.782 Y-197.200 Z1.592 F400.000
G1 X-19.955 Y-196.941 Z1.581 F400.000
G1 X-20.117 Y-196.638 Z1.569 F400.000
G1 X-20.236 Y-196.351 Z1.558 F400.000
G1 X-20.336 Y-196.023 Z1.546 F400.000
G1 X-20.396 Y-195.717 Z1.536 F400.000
G1 X-20.437 Y-195.220 Z1.518 F400.000
G1 X-20.435 Y-186.654 Z1.219 F400.000
G1 X-20.406 Y-186.291 Z1.206 F400.000
G1 X-20.337 Y-185.934 Z1.194 F400.000
G1 X-20.230 Y-185.586 Z1.181 F400.000
G1 X-20.125 Y-185.330 Z1.171 F400.000
G1 X-18.053 Y-180.887 Z1.000 F400.000
G1 X-20.125 Y-185.330 Z0.829 F400.000
G1 X-20.230 Y-185.586 Z0.819 F400.000
G1 X-20.337 Y-185.934 Z0.806 F400.000
G1 X-20.406 Y-186.291 Z0.794 F400.000
G1 X-20.435 Y-186.654 Z0.781 F400.000
G1 X-20.437 Y-195.220 Z0.482 F400.000
G1 X-20.396 Y-195.717 Z0.464 F400.000
G1 X-20.336 Y-196.023 Z0.454 F400.000
G1 X-20.236 Y-196.351 Z0.442 F400.000
G1 X-20.117 Y-196.638 Z0.431 F400.000
G1 X-19.955 Y-196.941 Z0.419 F400.000
G1 X-19.782 Y-197.200 Z0.408 F400.000
G1 X-19.565 Y-197.465 Z0.396 F400.000
G1 X-19.345 Y-197.685 Z0.385 F400.000
G1 X-19.079 Y-197.903 Z0.373 F400.000
G1 X-18.821 Y-198.076 Z0.362 F400.000
G1 X-18.518 Y-198.237 Z0.350 F400.000
G1 X-18.231 Y-198.356 Z0.339 F400.000
G1 X-17.902 Y-198.456 Z0.327 F400.000
G1 X-17.597 Y-198.517 Z0.316 F400.000
G1 X-17.256 Y-198.550 Z0.305 F400.000
G1 X-14.330 Y-198.558 Z0.202 F400.000
G1 X-14.220 Y-198.569 Z0.198 F400.000
G1 X-14.191 Y-198.577 Z0.197 F400.000
G1 X-14.164 Y-198.592 Z0.196 F400.000
G1 X-14.141 Y-198.611 Z0.195 F400.000
G1 X-14.121 Y-198.634 Z0.194 F400.000
G1 X-14.107 Y-198.661 Z0.193 F400.000
G1 X-14.098 Y-198.690 Z0.192 F400.000
G1 X-14.087 Y-198.798 Z0.188 F400.000
G1 X-14.088 Y-200.505 Z0.129 F400.000
G1 X-14.098 Y-200.613 Z0.125 F400.000
G1 X-14.107 Y-200.642 Z0.124 F400.000
G1 X-14.121 Y-200.669 Z0.123 F400.000
G1 X-14.141 Y-200.692 Z0.122 F400.000
G1 X-14.164 Y-200.712 Z0.121 F400.000
G1 X-14.191 Y-200.726 Z0.120 F400.000
G1 X-14.220 Y-200.735 Z0.119 F400.000
G1 X-14.328 Y-200.745 Z0.115 F400.000
G1 X-17.100 Y-200.745 Z0.018 F400.000
G1 X-17.597 Y-200.787 Z0.001 F400.000
G1 X-17.902 Y-200.847 Z-0.010 F400.000
G1 X-18.231 Y-200.947 Z-0.022 F400.000
G1 X-18.518 Y-201.066 Z-0.033 F400.000
G1 X-18.821 Y-201.228 Z-0.045 F400.000
G1 X-19.079 Y-201.401 Z-0.056 F400.000
G1 X-19.345 Y-201.618 Z-0.068 F400.000
G1 X-19.565 Y-201.838 Z-0.079 F400.000
G1 X-19.782 Y-202.104 Z-0.091 F400.000
G1 X-19.955 Y-202.362 Z-0.102 F400.000
G1 X-20.117 Y-202.665 Z-0.114 F400.000
G1 X-20.236 Y-202.952 Z-0.125 F400.000
G1 X-20.336 Y-203.281 Z-0.137 F400.000
G1 X-20.396 Y-203.586 Z-0.147 F400.000
G1 X-20.430 Y-203.927 Z-0.159 F400.000
G1 X-20.437 Y-228.000 Z-1.000 F400.000
G1 X-20.430 Y-203.927 Z-1.000 F400.000
G1 X-20.396 Y-203.586 Z-1.000 F400.000
G1 X-20.336 Y-203.281 Z-1.000 F400.000
G1 X-20.236 Y-202.952 Z-1.000 F400.000
G1 X-20.117 Y-202.665 Z-1.000 F400.000
G1 X-19.955 Y-202.362 Z-1.000 F400.000
G1 X-19.782 Y-202.104 Z-1.000 F400.000
G1 X-19.565 Y-201.838 Z-1.000 F400.000
G1 X-19.345 Y-201.618 Z-1.000 F400.000
G1 X-19.079 Y-201.401 Z-1.000 F400.000
G1 X-18.821 Y-201.228 Z-1.000 F400.000
G1 X-18.518 Y-201.066 Z-1.000 F400.000
G1 X-18.231 Y-200.947 Z-1.000 F400.000
G1 X-17.902 Y-200.847 Z-1.000 F400.000
G1 X-17.597 Y-200.787 Z-1.000 F400.000
G1 X-17.100 Y-200.745 Z-1.000 F400.000
G1 X-14.328 Y-200.745 Z-1.000 F400.000
G1 X-14.220 Y-200.735 Z-1.000 F400.000
G1 X-14.191 Y-200.726 Z-1.000 F400.000
G1 X-14.164 Y-200.712 Z-1.000 F400.000
G1 X-14.141 Y-200.692 Z-1.000 F400.000
G1 X-14.121 Y-200.669 Z-1.000 F400.000
G1 X-14.107 Y-200.642 Z-1.000 F400.000
G1 X-14.098 Y-200.613 Z-1.000 F400.000
G1 X-14.088 Y-200.505 Z-1.000 F400.000
G1 X-14.087 Y-198.798 Z-1.000 F400.000
G1 X-14.098 Y-198.690 Z-1.000 F400.000
G1 X-14.107 Y-198.661 Z-1.000 F400.000
G1 X-14.121 Y-198.634 Z-1.000 F400.000
G1 X-14.141 Y-198.611 Z-1.000 F400.000
G1 X-14.164 Y-198.592 Z-1.000 F400.000
G1 X-14.191 Y-198.577 Z-1.000 F400.000
G1 X-14.220 Y-198.569 Z-1.000 F400.000
G1 X-14.330 Y-198.558 Z-1.000 F400.000
G1 X-17.256 Y-198.550 Z-1.000 F400.000
G1 X-17.597 Y-198.517 Z-1.000 F400.000
G1 X-17.902 Y-198.456 Z-1.000 F400.000
G1 X-18.231 Y-198.356 Z-1.000 F400.000
G1 X-18.518 Y-198.237 Z-1.000 F400.000
G1 X-18.821 Y-198.076 Z-1.000 F400.000
G1 X-19.079 Y-197.903 Z-1.000 F400.000
G1 X-19.345 Y-197.685 Z-1.000 F400.000
G1 X-19.565 Y-197.465 Z-1.000 F400.000
G1 X-19.782 Y-197.200 Z-1.000 F400.000
G1 X-19.955 Y-196.941 Z-1.000 F400.000
G1 X-20.117 Y-196.638 Z-1.000 F400.000
G1 X-20.236 Y-196.351 Z-1.000 F400.000
G1 X-20.336 Y-196.023 Z-1.000 F400.000
G1 X-20.396 Y-195.717 Z-1.000 F400.000
G1 X-20.437 Y-195.220 Z-1.000 F400.000
G1 X-20.435 Y-186.654 Z-1.000 F400.000
G1 X-20.406 Y-186.291 Z-1.000 F400.000
G1 X-20.337 Y-185.934 Z-1.000 F400.000
G1 X-20.230 Y-185.586 Z-1.000 F400.000
G1 X-20.125 Y-185.330 Z-1.000 F400.000
G1 X-16.238 Y-176.994 Z-1.000 F400.000
G1 X-16.215 Y-176.938 Z-1.000 F400.000
G1 X-16.210 Y-176.921 Z-1.000 F400.000
G1 X-16.207 Y-176.903 Z-1.000 F400.000
G1 X-16.204 Y-176.843 Z-1.000 F400.000
G1 X-16.204 Y-173.952 Z-1.000 F400.000
G1 X-16.215 Y-173.843 Z-1.000 F400.000
G1 X-16.224 Y-173.814 Z-1.000 F400.000
G1 X-16.238 Y-173.788 Z-1.000 F400.000
G1 X-16.257 Y-173.764 Z-1.000 F400.000
G1 X-16.281 Y-173.745 Z-1.000 F400.000
G1 X-16.307 Y-173.731 Z-1.000 F400.000
G1 X-16.336 Y-173.722 Z-1.000 F400.000
G1 X-16.445 Y-173.711 Z-1.000 F400.000
G1 X-17.850 Y-173.711 Z-1.000 F400.000
G1 X-18.057 Y-173.697 Z-1.000 F400.000
G1 X-18.316 Y-173.663 Z-1.000 F400.000
G1 X-18.716 Y-173.556 Z-1.000 F400.000
G1 X-18.958 Y-173.456 Z-1.000 F400.000
G1 X-19.316 Y-173.249 Z-1.000 F400.000
G1 X-19.524 Y-173.090 Z-1.000 F400.000
G1 X-19.817 Y-172.797 Z-1.000 F400.000
G1 X-19.975 Y-172.590 Z-1.000 F400.000
G1 X-20.183 Y-172.231 Z-1.000 F400.000
G1 X-20.283 Y-171.990 Z-1.000 F400.000
G1 X-20.390 Y-171.590 Z-1.000 F400.000
G1 X-20.424 Y-171.331 Z-1.000 F400.000
G1 X-20.437 Y-171.124 Z-1.000 F400.000
G1 X-20.435 Y-148.170 Z-1.000 F400.000
G1 X-20.406 Y-147.807 Z-1.000 F400.000
G1 X-20.337 Y-147.450 Z-1.000 F400.000
G1 X-20.230 Y-147.102 Z-1.000 F400.000
G1 X-20.125 Y-146.846 Z-1.000 F400.000
G1 X-16.238 Y-138.510 Z-1.000 F400.000
G1 X-16.215 Y-138.454 Z-1.000 F400.000
G1 X-16.210 Y-138.437 Z-1.000 F400.000
G1 X-16.207 Y-138.419 Z-1.000 F400.000
G1 X-16.204 Y-138.359 Z-1.000 F400.000
G1 X-16.204 Y-135.468 Z-1.000 F400.000
G1 X-16.215 Y-135.359 Z-1.000 F400.000
G1 X-16.224 Y-135.330 Z-1.000 F400.000
G1 X-16.238 Y-135.304 Z-1.000 F400.000
G1 X-16.257 Y-135.280 Z-1.000 F400.000
G1 X-16.281 Y-135.261 Z-1.000 F400.000
G1 X-16.307 Y-135.247 Z-1.000 F400.000
G1 X-16.336 Y-135.238 Z-1.000 F400.000
G1 X-16.445 Y-135.227 Z-1.000 F400.000
G1 X-17.850 Y-135.227 Z-1.000 F400.000
G1 X-18.057 Y-135.213 Z-1.000 F400.000
G1 X-18.316 Y-135.179 Z-1.000 F400.000
G1 X-18.716 Y-135.072 Z-1.000 F400.000
G1 X-18.958 Y-134.972 Z-1.000 F400.000
G1 X-19.316 Y-134.765 Z-1.000 F400.000
G1 X-19.524 Y-134.606 Z-1.000 F400.000
G1 X-19.817 Y-134.313 Z-1.000 F400.000
G1 X-19.975 Y-134.106 Z-1.000 F400.000
G1 X-20.183 Y-133.747 Z-1.000 F400.000
G1 X-20.283 Y-133.506 Z-1.000 F400.000
G1 X-20.390 Y-133.106 Z-1.000 F400.000
G1 X-20.424 Y-132.847 Z-1.000 F400.000
G1 X-20.437 Y-132.640 Z-1.000 F400.000
G1 X-20.435 Y-109.686 Z-1.000 F400.000
G1 X-20.406 Y-109.323 Z-1.000 F400.000
G1 X-20.337 Y-108.966 Z-1.000 F400.000
G1 X-20.230 Y-108.618 Z-1.000 F400.000
G1 X-20.125 Y-108.362 Z-1.000 F400.000
G1 X-16.238 Y-100.026 Z-1.000 F400.000
G1 X-16.215 Y-99.969 Z-1.000 F400.000
G1 X-16.210 Y-99.953 Z-1.000 F400.000
G1 X-16.207 Y-99.935 Z-1.000 F400.000
G1 X-16.204 Y-99.875 Z-1.000 F400.000
G1 X-16.204 Y-96.984 Z-1.000 F400.000
G1 X-16.215 Y-96.875 Z-1.000 F400.000
G1 X-16.224 Y-96.846 Z-1.000 F400.000
G1 X-16.238 Y-96.820 Z-1.000 F400.000
G1 X-16.257 Y-96.796 Z-1.000 F400.000
G1 X-16.281 Y-96.777 Z-1.000 F400.000
G1 X-16.307 Y-96.762 Z-1.000 F400.000
G1 X-16.336 Y-96.754 Z-1.000 F400.000
G1 X-16.445 Y-96.743 Z-1.000 F400.000
G1 X-17.850 Y-96.743 Z-1.000 F400.000
G1 X-18.057 Y-96.729 Z-1.000 F400.000
G1 X-18.316 Y-96.695 Z-1.000 F400.000
G1 X-18.716 Y-96.588 Z-1.000 F400.000
G1 X-18.958 Y-96.488 Z-1.000 F400.000
G1 X-19.316 Y-96.281 Z-1.000 F400.000
G1 X-19.524 Y-96.122 Z-1.000 F400.000
G1 X-19.817 Y-95.829 Z-1.000 F400.000
G1 X-19.975 Y-95.622 Z-1.000 F400.000
G1 X-20.183 Y-95.263 Z-1.000 F400.000
G1 X-20.283 Y-95.022 Z-1.000 F400.000
G1 X-20.390 Y-94.622 Z-1.000 F400.000
G1 X-20.424 Y-94.363 Z-1.000 F400.000
G1 X-20.437 Y-94.156 Z-1.000 F400.000
G1 X-20.435 Y-71.202 Z-1.000 F400.000
G1 X-20.406 Y-70.839 Z-1.000 F400.000
G1 X-20.337 Y-70.482 Z-1.000 F400.000
G1 X-20.230 Y-70.134 Z-1.000 F400.000
G1 X-20.125 Y-69.878 Z-1.000 F400.000
G1 X-16.238 Y-61.542 Z-1.000 F400.000
G1 X-16.215 Y-61.485 Z-1.000 F400.000
G1 X-16.210 Y-61.469 Z-1.000 F400.000
G1 X-16.207 Y-61.451 Z-1.000 F400.000
G1 X-16.204 Y-61.391 Z-1.000 F400.000
G1 X-16.204 Y-58.500 Z-1.000 F400.000
G1 X-16.215 Y-58.391 Z-1.000 F400.000
G1 X-16.224 Y-58.362 Z-1.000 F400.000
G1 X-16.238 Y-58.336 Z-1.000 F400.000
G1 X-16.257 Y-58.312 Z-1.000 F400.000
G1 X-16.281 Y-58.293 Z-1.000 F400.000
G1 X-16.307 Y-58.278 Z-1.000 F400.000
G1 X-16.336 Y-58.270 Z-1.000 F400.000
G1 X-16.445 Y-58.259 Z-1.000 F400.000
G1 X-17.850 Y-58.259 Z-1.000 F400.000
G1 X-18.057 Y-58.245 Z-1.000 F400.000
G1 X-18.316 Y-58.211 Z-1.000 F400.000
G1 X-18.716 Y-58.104 Z-1.000 F400.000
G1 X-18.958 Y-58.004 Z-1.000 F400.000
G1 X-19.316 Y-57.797 Z-1.000 F400.000
G1 X-19.524 Y-57.638 Z-1.000 F400.000
G1 X-19.817 Y-57.345 Z-1.000 F400.000
G1 X-19.975 Y-57.138 Z-1.000 F400.000
G1 X-20.183 Y-56.779 Z-1.000 F400.000
G1 X-20.283 Y-56.538 Z-1.000 F400.000
G1 X-20.390 Y-56.138 Z-1.000 F400.000
G1 X-20.424 Y-55.879 Z-1.000 F400.000
G1 X-20.437 Y-55.672 Z-1.000 F400.000
G1 X-20.435 Y-32.718 Z-1.000 F400.000
G1 X-20.406 Y-32.355 Z-1.000 F400.000
G1 X-20.337 Y-31.998 Z-1.000 F400.000
G1 X-20.230 Y-31.650 Z-1.000 F400.000
G1 X-20.125 Y-31.394 Z-1.000 F400.000
G1 X-16.238 Y-23.058 Z-1.000 F400.000
G1 X-16.215 Y-23.001 Z-1.000 F400.000
G1 X-16.210 Y-22.985 Z-1.000 F400.000
G1 X-16.207 Y-22.967 Z-1.000 F400.000
G1 X-16.204 Y-22.907 Z-1.000 F400.000
G1 X-16.204 Y-20.015 Z-1.000 F400.000
G1 X-16.215 Y-19.907 Z-1.000 F400.000
G1 X-16.224 Y-19.878 Z-1.000 F400.000
G1 X-16.238 Y-19.851 Z-1.000 F400.000
G1 X-16.257 Y-19.828 Z-1.000 F400.000
G1 X-16.281 Y-19.809 Z-1.000 F400.000
G1 X-16.307 Y-19.794 Z-1.000 F400.000
G1 X-16.336 Y-19.786 Z-1.000 F400.000
G1 X-16.445 Y-19.775 Z-1.000 F400.000
G1 X-17.850 Y-19.775 Z-1.000 F400.000
G1 X-18.057 Y-19.761 Z-1.000 F400.000
G1 X-18.316 Y-19.727 Z-1.000 F400.000
G1 X-18.716 Y-19.620 Z-1.000 F400.000
G1 X-18.958 Y-19.520 Z-1.000 F400.000
G1 X-19.316 Y-19.313 Z-1.000 F400.000
G1 X-19.524 Y-19.154 Z-1.000 F400.000
G1 X-19.817 Y-18.861 Z-1.000 F400.000
G1 X-19.975 Y-18.654 Z-1.000 F400.000
G1 X-20.183 Y-18.295 Z-1.000 F400.000
G1 X-20.283 Y-18.054 Z-1.000 F400.000
G1 X-20.390 Y-17.654 Z-1.000 F400.000
G1 X-20.424 Y-17.395 Z-1.000 F400.000
G1 X-20.437 Y-17.188 Z-1.000 F400.000
G1 X-20.437 Y-3.000 Z-1.000 F400.000
G0 X-20.437 Y-3.000 Z5.000
G0 X-20.437 Y-228.000 Z5.000
G0 X-20.437 Y-228.000 Z3.000
G1 X-20.430 Y-203.927 Z2.159 F400.000
G1 X-20.396 Y-203.586 Z2.147 F400.000
G1 X-20.336 Y-203.281 Z2.137 F400.000
G1 X-20.236 Y-202.952 Z2.125 F400.000
G1 X-20.117 Y-202.665 Z2.114 F400.000
G1 X-19.955 Y-202.362 Z2.102 F400.000
G1 X-19.782 Y-202.104 Z2.091 F400.000
G1 X-19.565 Y-201.838 Z2.079 F400.000
G1 X-19.345 Y-201.618 Z2.068 F400.000
G1 X-19.079 Y-201.401 Z2.056 F400.000
G1 X-18.821 Y-201.228 Z2.045 F400.000
G1 X-18.518 Y-201.066 Z2.033 F400.000
G1 X-18.231 Y-200.947 Z2.022 F400.000
G1 X-17.902 Y-200.847 Z2.010 F400.000
G1 X-17.597 Y-200.787 Z1.999 F400.000
G1 X-17.100 Y-200.745 Z1.982 F400.000
G1 X-14.328 Y-200.745 Z1.885 F400.000
G1 X-14.220 Y-200.735 Z1.881 F400.000
G1 X-14.191 Y-200.726 Z1.880 F400.000
G1 X-14.164 Y-200.712 Z1.879 F400.000
G1 X-14.141 Y-200.692 Z1.878 F400.000
G1 X-14.121 Y-200.669 Z1.877 F400.000
G1 X-14.107 Y-200.642 Z1.876 F400.000
G1 X-14.098 Y-200.613 Z1.875 F400.000
G1 X-14.088 Y-200.505 Z1.871 F400.000
G1 X-14.087 Y-198.798 Z1.812 F400.000
G1 X-14.098 Y-198.690 Z1.808 F400.000
G1 X-14.107 Y-198.661 Z1.807 F400.000
G1 X-14.121 Y-198.634 Z1.806 F400.000
G1 X-14.141 Y-198.611 Z1.805 F400.000
G1 X-14.164 Y-198.592 Z1.804 F400.000
G1 X-14.191 Y-198.577 Z1.803 F400.000
G1 X-14.220 Y-198.569 Z1.802 F400.000
G1 X-14.330 Y-198.558 Z1.798 F400.000
G1 X-17.256 Y-198.550 Z1.695 F400.000
G1 X-17.597 Y-198.517 Z1.684 F400.000
G1 X-17.902 Y-198.456 Z1.673 F400.000
G1 X-18.231 Y-198.356 Z1.661 F400.000
G1 X-18.518 Y-198.237 Z1.650 F400.000
G1 X-18.821 Y-198.076 Z1.638 F400.000
G1 X-19.079 Y-197.903 Z1.627 F400.000
G1 X-19.345 Y-197.685 Z1.615 F400.000
G1 X-19.565 Y-197.465 Z1.604 F400.000
G1 X-19.782 Y-197.200 Z1.592 F400.000
G1 X-19.955 Y-196.941 Z1.581 F400.000
G1 X-20.117 Y-196.638 Z1.569 F400.000
G1 X-20.236 Y-196.351 Z1.558 F400.000
G1 X-20.336 Y-196.023 Z1.546 F400.000
G1 X-20.396 Y-195.717 Z1.536 F400.000
G1 X-20.437 Y-195.220 Z1.518 F400.000
G1 X-20.435 Y-186.654 Z1.219 F400.000
G1 X-20.406 Y-186.291 Z1.206 F400.000
G1 X-20.337 Y-185.934 Z1.194 F400.000
G1 X-20.230 Y-185.586 Z1.181 F400.000
G1 X-20.125 Y-185.330 Z1.171 F400.000
G1 X-16.843 Y-178.292 Z0.900 F400.000
G1 X-20.125 Y-185.330 Z0.629 F400.000
G1 X-20.230 Y-185.586 Z0.619 F400.000
G1 X-20.337 Y-185.934 Z0.606 F400.000
G1 X-20.406 Y-186.291 Z0.594 F400.000
G1 X-20.435 Y-186.654 Z0.581 F400.000
G1 X-20.437 Y-195.220 Z0.282 F400.000
G1 X-20.396 Y-195.717 Z0.264 F400.000
G1 X-20.336 Y-196.023 Z0.254 F400.000
G1 X-20.236 Y-196.351 Z0.242 F400.000
G1 X-20.117 Y-196.638 Z0.231 F400.000
G1 X-19.955 Y-196.941 Z0.219 F400.000
G1 X-19.782 Y-197.200 Z0.208 F400.000
G1 X-19.565 Y-197.465 Z0.196 F400.000
G1 X-19.345 Y-197.685 Z0.185 F400.000
G1 X-19.079 Y-197.903 Z0.173 F400.000
G1 X-18.821 Y-198.076 Z0.162 F400.000
G1 X-18.518 Y-198.237 Z0.150 F400.000
G1 X-18.231 Y-198.356 Z0.139 F400.000
G1 X-17.902 Y-198.456 Z0.127 F400.000
G1 X-17.597 Y-198.517 Z0.116 F400.000
G1 X-17.256 Y-198.550 Z0.105 F400.000
G1 X-14.330 Y-198.558 Z0.002 F400.000
G1 X-14.220 Y-198.569 Z-0.002 F400.000
G1 X-14.191 Y-198.577 Z-0.003 F400.000
G1 X-14.164 Y-198.592 Z-0.004 F400.000
G1 X-14.141 Y-198.611 Z-0.005 F400.000
G1 X-14.121 Y-198.634 Z-0.006 F400.000
G1 X-14.107 Y-198.661 Z-0.007 F400.000
G1 X-14.098 Y-198.690 Z-0.008 F400.000
G1 X-14.087 Y-198.798 Z-0.012 F400.000
G1 X-14.088 Y-200.505 Z-0.071 F400.000
G1 X-14.098 Y-200.613 Z-0.075 F400.000
G1 X-14.107 Y-200.642 Z-0.076 F400.000
G1 X-14.121 Y-200.669 Z-0.077 F400.000
G1 X-14.141 Y-200.692 Z-0.078 F400.000
G1 X-14.164 Y-200.712 Z-0.079 F400.000
G1 X-14.191 Y-200.726 Z-0.080 F400.000
G1 X-14.220 Y-200.735 Z-0.081 F400.000
G1 X-14.328 Y-200.745 Z-0.085 F400.000
G1 X-17.100 Y-200.745 Z-0.182 F400.000
G1 X-17.597 Y-200.787 Z-0.199 F400.000
G1 X-17.902 Y-200.847 Z-0.210 F400.000
G1 X-18.231 Y-200.947 Z-0.222 F400.000
G1 X-18.518 Y-201.066 Z-0.233 F400.000
G1 X-18.821 Y-201.228 Z-0.245 F400.000
G1 X-19.079 Y-201.401 Z-0.256 F400.000
G1 X-19.345 Y-201.618 Z-0.268 F400.000
G1 X-19.565 Y-201.838 Z-0.279 F400.000
G1 X-19.782 Y-202.104 Z-0.291 F400.000
G1 X-19.955 Y-202.362 Z-0.302 F400.000
G1 X-20.117 Y-202.665 Z-0.314 F400.000
G1 X-20.236 Y-202.952 Z-0.325 F400.000
G1 X-20.336 Y-203.281 Z-0.337 F400.000
G1 X-20.396 Y-203.586 Z-0.347 F400.000
G1 X-20.430 Y-203.927 Z-0.359 F400.000
G1 X-20.437 Y-228.000 Z-1.200 F400.000
G1 X-20.430 Y-203.927 Z-1.200 F400.000
G1 X-20.396 Y-203.586 Z-1.200 F400.000
G1 X-20.336 Y-203.281 Z-1.200 F400.000
G1 X-20.236 Y-202.952 Z-1.200 F400.000
G1 X-20.117 Y-202.665 Z-1.200 F400.000
G1 X-19.955 Y-202.362 Z-1.200 F400.000
G1 X-19.782 Y-202.104 Z-1.200 F400.000
G1 X-19.565 Y-201.838 Z-1.200 F400.000
G1 X-19.345 Y-201.618 Z-1.200 F400.000
G1 X-19.079 Y-201.401 Z-1.200 F400.000
G1 X-18.821 Y-201.228 Z-1.200 F400.000
G1 X-18.518 Y-201.066 Z-1.200 F400.000
G1 X-18.231 Y-200.947 Z-1.200 F400.000
G1 X-17.902 Y-200.847 Z-1.200 F400.000
G1 X-17.597 Y-200.787 Z-1.200 F400.000
G1 X-17.100 Y-200.745 Z-1.200 F400.000
G1 X-14.328 Y-200.745 Z-1.200 F400.000
G1 X-14.220 Y-200.735 Z-1.200 F400.000
G1 X-14.191 Y-200.726 Z-1.200 F400.000
G1 X-14.164 Y-200.712 Z-1.200 F400.000
G1 X-14.141 Y-200.692 Z-1.200 F400.000
G1 X-14.121 Y-200.669 Z-1.200 F400.000
G1 X-14.107 Y-200.642 Z-1.200 F400.000
G1 X-14.098 Y-200.613 Z-1.200 F400.000
G1 X-14.088 Y-200.505 Z-1.200 F400.000
G1 X-14.087 Y-198.798 Z-1.200 F400.000
G1 X-14.098 Y-198.690 Z-1.200 F400.000
G1 X-14.107 Y-198.661 Z-1.200 F400.000
G1 X-14.121 Y-198.634 Z-1.200 F400.000
G1 X-14.141 Y-198.611 Z-1.200 F400.000
G1 X-14.164 Y-198.592 Z-1.200 F400.000
G1 X-14.191 Y-198.577 Z-1.200 F400.000
G1 X-14.220 Y-198.569 Z-1.200 F400.000
G1 X-14.330 Y-198.558 Z-1.200 F400.000
G1 X-17.256 Y-198.550 Z-1.200 F400.000
G1 X-17.597 Y-198.517 Z-1.200 F400.000
G1 X-17.902 Y-198.456 Z-1.200 F400.000
G1 X-18.231 Y-198.356 Z-1.200 F400.000
G1 X-18.518 Y-198.237 Z-1.200 F400.000
G1 X-18.821 Y-198.076 Z-1.200 F400.000
G1 X-19.079 Y-197.903 Z-1.200 F400.000
G1 X-19.345 Y-197.685 Z-1.200 F400.000
G1 X-19.565 Y-197.465 Z-1.200 F400.000
G1 X-19.782 Y-197.200 Z-1.200 F400.000
G1 X-19.955 Y-196.941 Z-1.200 F400.000
G1 X-20.117 Y-196.638 Z-1.200 F400.000
G1 X-20.236 Y-196.351 Z-1.200 F400.000
G1 X-20.336 Y-196.023 Z-1.200 F400.000
G1 X-20.396 Y-195.717 Z-1.200 F400.000
G1 X-20.437 Y-195.220 Z-1.200 F400.000
G1 X-20.435 Y-186.654 Z-1.200 F400.000
G1 X-20.406 Y-186.291 Z-1.200 F400.000
G1 X-20.337 Y-185.934 Z-1.200 F400.000
G1 X-20.230 Y-185.586 Z-1.200 F400.000
G1 X-20.125 Y-185.330 Z-1.200 F400.000
G1 X-16.238 Y-176.994 Z-1.200 F400.000
G1 X-16.215 Y-176.938 Z-1.200 F400.000
G1 X-16.210 Y-176.921 Z-1.200 F400.000
G1 X-16.207 Y-176.903 Z-1.200 F400.000
G1 X-16.204 Y-176.843 Z-1.200 F400.000
G1 X-16.204 Y-173.952 Z-1.200 F400.000
G1 X-16.215 Y-173.843 Z-1.200 F400.000
G1 X-16.224 Y-173.814 Z-1.200 F400.000
G1 X-16.238 Y-173.788 Z-1.200 F400.000
G1 X-16.257 Y-173.764 Z-1.200 F400.000
G1 X-16.281 Y-173.745 Z-1.200 F400.000
G1 X-16.307 Y-173.731 Z-1.200 F400.000
G1 X-16.336 Y-173.722 Z-1.200 F400.000
G1 X-16.445 Y-173.711 Z-1.200 F400.000
G1 X-17.850 Y-173.711 Z-1.200 F400.000
G1 X-18.057 Y-173.697 Z-1.200 F400.000
G1 X-18.316 Y-173.663 Z-1.200 F400.000
G1 X-18.716 Y-173.556 Z-1.200 F400.000
G1 X-18.958 Y-173.456 Z-1.200 F400.000
G1 X-19.316 Y-173.249 Z-1.200 F400.000
G1 X-19.524 Y-173.090 Z-1.200 F400.000
G1 X-19.817 Y-172.797 Z-1.200 F400.000
G1 X-19.975 Y-172.590 Z-1.200 F400.000
G1 X-20.183 Y-172.231 Z-1.200 F400.000
G1 X-20.283 Y-171.990 Z-1.200 F400.000
G1 X-20.390 Y-171.590 Z-1.200 F400.000
G1 X-20.424 Y-171.331 Z-1.200 F400.000
G1 X-20.437 Y-171.124 Z-1.200 F400.000
G1 X-20.435 Y-148.170 Z-1.200 F400.000
G1 X-20.406 Y-147.807 Z-1.200 F400.000
G1 X-20.337 Y-147.450 Z-1.200 F400.000
G1 X-20.230 Y-147.102 Z-1.200 F400.000
G1 X-20.125 Y-146.846 Z-1.200 F400.000
G1 X-16.238 Y-138.510 Z-1.200 F400.000
G1 X-16.215 Y-138.454 Z-1.200 F400.000
G1 X-16.210 Y-138.437 Z-1.200 F400.000
G1 X-16.207 Y-138.419 Z-1.200 F400.000
G1 X-16.204 Y-138.359 Z-1.200 F400.000
G1 X-16.204 Y-135.468 Z-1.200 F400.000
G1 X-16.215 Y-135.359 Z-1.200 F400.000
G1 X-16.224 Y-135.330 Z-1.200 F400.000
G1 X-16.238 Y-135.304 Z-1.200 F400.000
G1 X-16.257 Y-135.280 Z-1.200 F400.000
G1 X-16.281 Y-135.261 Z-1.200 F400.000
G1 X-16.307 Y-135.247 Z-1.200 F400.000
G1 X-16.336 Y-135.238 Z-1.200 F400.000
G1 X-16.445 Y-135.227 Z-1.200 F400.000
G1 X-17.850 Y-135.227 Z-1.200 F400.000
G1 X-18.057 Y-135.213 Z-1.200 F400.000
G1 X-18.316 Y-135.179 Z-1.200 F400.000
G1 X-18.716 Y-135.072 Z-1.200 F400.000
G1 X-18.958 Y-134.972 Z-1.200 F400.000
G1 X-19.316 Y-134.765 Z-1.200 F400.000
G1 X-19.524 Y-134.606 Z-1.200 F400.000
G1 X-19.817 Y-134.313 Z-1.200 F400.000
G1 X-19.975 Y-134.106 Z-1.200 F400.000
G1 X-20.183 Y-133.747 Z-1.200 F400.000
G1 X-20.283 Y-133.506 Z-1.200 F400.000
G1 X-20.390 Y-133.106 Z-1.200 F400.000
G1 X-20.424 Y-132.847 Z-1.200 F400.000
G1 X-20.437 Y-132.640 Z-1.200 F400.000
G1 X-20.435 Y-109.686 Z-1.200 F400.000
G1 X-20.406 Y-109.323 Z-1.200 F400.000
G1 X-20.337 Y-108.966 Z-1.200 F400.000
G1 X-20.230 Y-108.618 Z-1.200 F400.000
G1 X-20.125 Y-108.362 Z-1.200 F400.000
G1 X-16.238 Y-100.026 Z-1.200 F400.000
G1 X-16.215 Y-99.969 Z-1.200 F400.000
G1 X-16.210 Y-99.953 Z-1.200 F400.000
G1 X-16.207 Y-99.935 Z-1.200 F400.000
G1 X-16.204 Y-99.875 Z-1.200 F400.000
G1 X-16.204 Y-96.984 Z-1.200 F400.000
G1 X-16.215 Y-96.875 Z-1.200 F400.000
G1 X-16.224 Y-96.846 Z-1.200 F400.000
G1 X-16.238 Y-96.820 Z-1.200 F400.000
G1 X-16.257 Y-96.796 Z-1.200 F400.000
G1 X-16.281 Y-96.777 Z-1.200 F400.000
G1 X-16.307 Y-96.762 Z-1.200 F400.000
G1 X-16.336 Y-96.754 Z-1.200 F400.000
G1 X-16.445 Y-96.743 Z-1.200 F400.000
G1 X-17.850 Y-96.743 Z-1.200 F400.000
G1 X-18.057 Y-96.729 Z-1.200 F400.000
G1 X-18.316 Y-96.695 Z-1.200 F400.000
G1 X-18.716 Y-96.588 Z-1.200 F400.000
G1 X-18.958 Y-96.488 Z-1.200 F400.000
G1 X-19.316 Y-96.281 Z-1.200 F400.000
G1 X-19.524 Y-96.122 Z-1.200 F400.000
G1 X-19.817 Y-95.829 Z-1.200 F400.000
G1 X-19.975 Y-95.622 Z-1.200 F400.000
G1 X-20.183 Y-95.263 Z-1.200 F400.000
G1 X-20.283 Y-95.022 Z-1.200 F400.000
G1 X-20.390 Y-94.622 Z-1.200 F400.000
G1 X-20.424 Y-94.363 Z-1.200 F400.000
G1 X-20.437 Y-94.156 Z-1.200 F400.000
G1 X-20.435 Y-71.202 Z-1.200 F400.000
G1 X-20.406 Y-70.839 Z-1.200 F400.000
G1 X-20.337 Y-70.482 Z-1.200 F400.000
G1 X-20.230 Y-70.134 Z-1.200 F400.000
G1 X-20.125 Y-69.878 Z-1.200 F400.000
G1 X-16.238 Y-61.542 Z-1.200 F400.000
G1 X-16.215 Y-61.485 Z-1.200 F400.000
G1 X-16.210 Y-61.469 Z-1.200 F400.000
G1 X-16.207 Y-61.451 Z-1.200 F400.000
G1 X-16.204 Y-61.391 Z-1.200 F400.000
G1 X-16.204 Y-58.500 Z-1.200 F400.000
G1 X-16.215 Y-58.391 Z-1.200 F400.000
G1 X-16.224 Y-58.362 Z-1.200 F400.000
G1 X-16.238 Y-58.336 Z-1.200 F400.000
G1 X-16.257 Y-58.312 Z-1.200 F400.000
G1 X-16.281 Y-58.293 Z-1.200 F400.000
G1 X-16.307 Y-58.278 Z-1.200 F400.000
G1 X-16.336 Y-58.270 Z-1.200 F400.000
G1 X-16.445 Y-58.259 Z-1.200 F400.000
G1 X-17.850 Y-58.259 Z-1.200 F400.000
G1 X-18.057 Y-58.245 Z-1.200 F400.000
G1 X-18.316 Y-58.211 Z-1.200 F400.000
G1 X-18.716 Y-58.104 Z-1.200 F400.000
G1 X-18.958 Y-58.004 Z-1.200 F400.000
G1 X-19.316 Y-57.797 Z-1.200 F400.000
G1 X-19.524 Y-57.638 Z-1.200 F400.000
G1 X-19.817 Y-57.345 Z-1.200 F400.000
G1 X-19.975 Y-57.138 Z-1.200 F400.000
G1 X-20.183 Y-56.779 Z-1.200 F400.000
G1 X-20.283 Y-56.538 Z-1.200 F400.000
G1 X-20.390 Y-56.138 Z-1.200 F400.000
G1 X-20.424 Y-55.879 Z-1.200 F400.000
G1 X-20.437 Y-55.672 Z-1.200 F400.000
G1 X-20.435 Y-32.718 Z-1.200 F400.000
G1 X-20.406 Y-32.355 Z-1.200 F400.000
G1 X-20.337 Y-31.998 Z-1.200 F400.000
G1 X-20.230 Y-31.650 Z-1.200 F400.000
G1 X-20.125 Y-31.394 Z-1.200 F400.000
G1 X-16.238 Y-23.058 Z-1.200 F400.000
G1 X-16.215 Y-23.001 Z-1.200 F400.000
G1 X-16.210 Y-22.985 Z-1.200 F400.000
G1 X-16.207 Y-22.967 Z-1.200 F400.000
G1 X-16.204 Y-22.907 Z-1.200 F400.000
G1 X-16.204 Y-20.015 Z-1.200 F400.000
G1 X-16.215 Y-19.907 Z-1.200 F400.000
G1 X-16.224 Y-19.878 Z-1.200 F400.000
G1 X-16.238 Y-19.851 Z-1.200 F400.000
G1 X-16.257 Y-19.828 Z-1.200 F400.000
G1 X-16.281 Y-19.809 Z-1.200 F400.000
G1 X-16.307 Y-19.794 Z-1.200 F400.000
G1 X-16.336 Y-19.786 Z-1.200 F400.000
G1 X-16.445 Y-19.775 Z-1.200 F400.000
G1 X-17.850 Y-19.775 Z-1.200 F400.000
G1 X-18.057 Y-19.761 Z-1.200 F400.000
G1 X-18.316 Y-19.727 Z-1.200 F400.000
G1 X-18.716 Y-19.620 Z-1.200 F400.000
G1 X-18.958 Y-19.520 Z-1.200 F400.000
G1 X-19.316 Y-19.313 Z-1.200 F400.000
G1 X-19.524 Y-19.154 Z-1.200 F400.000
G1 X-19.817 Y-18.861 Z-1.200 F400.000
G1 X-19.975 Y-18.654 Z-1.200 F400.000
G1 X-20.183 Y-18.295 Z-1.200 F400.000
G1 X-20.283 Y-18.054 Z-1.200 F400.000
G1 X-20.390 Y-17.654 Z-1.200 F400.000
G1 X-20.424 Y-17.395 Z-1.200 F400.000
G1 X-20.437 Y-17.188 Z-1.200 F400.000
G1 X-20.437 Y-3.000 Z-1.200 F400.000
G0 X-20.437 Y-3.000 Z5.000
G0 X-20.437 Y-228.000 Z5.000
G0 X-20.437 Y-228.000 Z3.000
G1 X-20.430 Y-203.927 Z2.159 F400.000
G1 X-20.396 Y-203.586 Z2.147 F400.000
G1 X-20.336 Y-203.281 Z2.137 F400.000
G1 X-20.236 Y-202.952 Z2.125 F400.000
G1 X-20.117 Y-202.665 Z2.114 F400.000
G1 X-19.955 Y-202.362 Z2.102 F400.000
G1 X-19.782 Y-202.104 Z2.091 F400.000
G1 X-19.565 Y-201.838 Z2.079 F400.000
G1 X-19.345 Y-201.618 Z2.068 F400.000
G1 X-19.079 Y-201.401 Z2.056 F400.000
G1 X-18.821 Y-201.228 Z2.045 F400.000
G1 X-18.518 Y-201.066 Z2.033 F400.000
G1 X-18.231 Y-200.947 Z2.022 F400.000
G1 X-17.902 Y-200.847 Z2.010 F400.000
G1 X-17.597 Y-200.787 Z1.999 F400.000
G1 X-17.100 Y-200.745 Z1.982 F400.000
G1 X-14.328 Y-200.745 Z1.885 F400.000
G1 X-14.220 Y-200.735 Z1.881 F400.000
G1 X-14.191 Y-200.726 Z1.880 F400.000
G1 X-14.164 Y-200.712 Z1.879 F400.000
G1 X-14.141 Y-200.692 Z1.878 F400.000
G1 X-14.121 Y-200.669 Z1.877 F400.000
G1 X-14.107 Y-200.642 Z1.876 F400.000
G1 X-14.098 Y-200.613 Z1.875 F400.000
G1 X-14.088 Y-200.505 Z1.871 F400.000
G1 X-14.087 Y-198.798 Z1.812 F400.000
G1 X-14.098 Y-198.690 Z1.808 F400.000
G1 X-14.107 Y-198.661 Z1.807 F400.000
G1 X-14.121 Y-198.634 Z1.806 F400.000
G1 X-14.141 Y-198.611 Z1.805 F400.000
G1 X-14.164 Y-198.592 Z1.804 F400.000
G1 X-14.191 Y-198.577 Z1.803 F400.000
G1 X-14.220 Y-198.569 Z1.802 F400.000
G1 X-14.330 Y-198.558 Z1.798 F400.000
G1 X-17.256 Y-198.550 Z1.695 F400.000
G1 X-17.597 Y-198.517 Z1.684 F400.000
G1 X-17.902 Y-198.456 Z1.673 F400.000
G1 X-18.231 Y-198.356 Z1.661 F400.000
G1 X-18.518 Y-198.237 Z1.650 F400.000
G1 X-18.821 Y-198.076 Z1.638 F400.000
G1 X-19.079 Y-197.903 Z1.627 F400.000
G1 X-19.345 Y-197.685 Z1.615 F400.000
G1 X-19.565 Y-197.465 Z1.604 F400.000
G1 X-19.782 Y-197.200 Z1.592 F400.000
G1 X-19.955 Y-196.941 Z1.581 F400.000
G1 X-20.117 Y-196.638 Z1.569 F400.000
G1 X-20.236 Y-196.351 Z1.558 F400.000
G1 X-20.336 Y-196.023 Z1.546 F400.000
G1 X-20.396 Y-195.717 Z1.536 F400.000
G1 X-20.437 Y-195.220 Z1.518 F400.000
G1 X-20.435 Y-186.654 Z1.219 F400.000
G1 X-20.406 Y-186.291 Z1.206 F400.000
G1 X-20.337 Y-185.934 Z1.194 F400.000
G1 X-20.230 Y-185.586 Z1.181 F400.000
G1 X-20.125 Y-185.330 Z1.171 F400.000
G1 X-16.238 Y-176.994 Z0.850 F400.000
G1 X-16.215 Y-176.938 Z0.848 F400.000
G1 X-16.210 Y-176.921 Z0.847 F400.000
G1 X-16.207 Y-176.903 Z0.847 F400.000
G1 X-16.204 Y-176.843 Z0.845 F400.000
G1 X-16.204 Y-175.567 Z0.800 F400.000
G1 X-16.204 Y-176.843 Z0.755 F400.000
G1 X-16.207 Y-176.903 Z0.753 F400.000
G1 X-16.210 Y-176.921 Z0.753 F400.000
G1 X-16.215 Y-176.938 Z0.752 F400.000
G1 X-16.238 Y-176.994 Z0.750 F400.000
G1 X-20.125 Y-185.330 Z0.429 F400.000
G1 X-20.230 Y-185.586 Z0.419 F400.000
G1 X-20.337 Y-185.934 Z0.406 F400.000
G1 X-20.406 Y-186.291 Z0.394 F400.000
G1 X-20.435 Y-186.654 Z0.381 F400.000
G1 X-20.437 Y-195.220 Z0.082 F400.000
G1 X-20.396 Y-195.717 Z0.064 F400.000
G1 X-20.336 Y-196.023 Z0.054 F400.000
G1 X-20.236 Y-196.351 Z0.042 F400.000
G1 X-20.117 Y-196.638 Z0.031 F400.000
G1 X-19.955 Y-196.941 Z0.019 F400.000
G1 X-19.782 Y-197.200 Z0.008 F400.000
G1 X-19.565 Y-197.465 Z-0.004 F400.000
G1 X-19.345 Y-197.685 Z-0.015 F400.000
G1 X-19.079 Y-197.903 Z-0.027 F400.000
G1 X-18.821 Y-198.076 Z-0.038 F400.000
G1 X-18.518 Y-198.237 Z-0.050 F400.000
G1 X-18.231 Y-198.356 Z-0.061 F400.000
G1 X-17.902 Y-198.456 Z-0.073 F400.000
G1 X-17.597 Y-198.517 Z-0.084 F400.000
G1 X-17.256 Y-198.550 Z-0.095 F400.000
G1 X-14.330 Y-198.558 Z-0.198 F400.000
G1 X-14.220 Y-198.569 Z-0.202 F400.000
G1 X-14.191 Y-198.577 Z-0.203 F400.000
G1 X-14.164 Y-198.592 Z-0.204 F400.000
G1 X-14.141 Y-198.611 Z-0.205 F400.000
G1 X-14.121 Y-198.634 Z-0.206 F400.000
G1 X-14.107 Y-198.661 Z-0.207 F400.000
G1 X-14.098 Y-198.690 Z-0.208 F400.000
G1 X-14.087 Y-198.798 Z-0.212 F400.000
G1 X-14.088 Y-200.505 Z-0.271 F400.000
G1 X-14.098 Y-200.613 Z-0.275 F400.000
G1 X-14.107 Y-200.642 Z-0.276 F400.000
G1 X-14.121 Y-200.669 Z-0.277 F400.000
G1 X-14.141 Y-200.692 Z-0.278 F400.000
G1 X-14.164 Y-200.712 Z-0.279 F400.000
G1 X-14.191 Y-200.726 Z-0.280 F400.000
G1 X-14.220 Y-200.735 Z-0.281 F400.000
G1 X-14.328 Y-200.745 Z-0.285 F400.000
G1 X-17.100 Y-200.745 Z-0.382 F400.000
G1 X-17.597 Y-200.787 Z-0.399 F400.000
G1 X-17.902 Y-200.847 Z-0.410 F400.000
G1 X-18.231 Y-200.947 Z-0.422 F400.000
G1 X-18.518 Y-201.066 Z-0.433 F400.000
G1 X-18.821 Y-201.228 Z-0.445 F400.000
G1 X-19.079 Y-201.401 Z-0.456 F400.000
G1 X-19.345 Y-201.618 Z-0.468 F400.000
G1 X-19.565 Y-201.838 Z-0.479 F400.000
G1 X-19.782 Y-202.104 Z-0.491 F400.000
G1 X-19.955 Y-202.362 Z-0.502 F400.000
G1 X-20.117 Y-202.665 Z-0.514 F400.000
G1 X-20.236 Y-202.952 Z-0.525 F400.000
G1 X-20.336 Y-203.281 Z-0.537 F400.000
G1 X-20.396 Y-203.586 Z-0.547 F400.000
G1 X-20.430 Y-203.927 Z-0.559 F400.000
G1 X-20.437 Y-228.000 Z-1.400 F400.000
G1 X-20.430 Y-203.927 Z-1.400 F400.000
G1 X-20.396 Y-203.586 Z-1.400 F400.000
G1 X-20.336 Y-203.281 Z-1.400 F400.000
G1 X-20.236 Y-202.952 Z-1.400 F400.000
G1 X-20.117 Y-202.665 Z-1.400 F400.000
G1 X-19.955 Y-202.362 Z-1.400 F400.000
G1 X-19.782 Y-202.104 Z-1.400 F400.000
G1 X-19.565 Y-201.838 Z-1.400 F400.000
G1 X-19.345 Y-201.618 Z-1.400 F400.000
G1 X-19.079 Y-201.401 Z-1.400 F400.000
G1 X-18.821 Y-201.228 Z-1.400 F400.000
G1 X-18.518 Y-201.066 Z-1.400 F400.000
G1 X-18.231 Y-200.947 Z-1.400 F400.000
G1 X-17.902 Y-200.847 Z-1.400 F400.000
G1 X-17.597 Y-200.787 Z-1.400 F400.000
G1 X-17.100 Y-200.745 Z-1.400 F400.000
G1 X-14.328 Y-200.745 Z-1.400 F400.000
G1 X-14.220 Y-200.735 Z-1.400 F400.000
G1 X-14.191 Y-200.726 Z-1.400 F400.000
G1 X-14.164 Y-200.712 Z-1.400 F400.000
G1 X-14.141 Y-200.692 Z-1.400 F400.000
G1 X-14.121 Y-200.669 Z-1.400 F400.000
G1 X-14.107 Y-200.642 Z-1.400 F400.000
G1 X-14.098 Y-200.613 Z-1.400 F400.000
G1 X-14.088 Y-200.505 Z-1.400 F400.000
G1 X-14.087 Y-198.798 Z-1.400 F400.000
G1 X-14.098 Y-198.690 Z-1.400 F400.000
G1 X-14.107 Y-198.661 Z-1.400 F400.000
G1 X-14.121 Y-198.634 Z-1.400 F400.000
G1 X-14.141 Y-198.611 Z-1.400 F400.000
G1 X-14.164 Y-198.592 Z-1.400 F400.000
G1 X-14.191 Y-198.577 Z-1.400 F400.000
G1 X-14.220 Y-198.569 Z-1.400 F400.000
G1 X-14.330 Y-198.558 Z-1.400 F400.000
G1 X-17.256 Y-198.550 Z-1.400 F400.000
G1 X-17.597 Y-198.517 Z-1.400 F400.000
G1 X-17.902 Y-198.456 Z-1.400 F400.000
G1 X-18.231 Y-198.356 Z-1.400 F400.000
G1 X-18.518 Y-198.237 Z-1.400 F400.000
G1 X-18.821 Y-198.076 Z-1.400 F400.000
G1 X-19.079 Y-197.903 Z-1.400 F400.000
G1 X-19.345 Y-197.685 Z-1.400 F400.000
G1 X-19.565 Y-197.465 Z-1.400 F400.000
G1 X-19.782 Y-197.200 Z-1.400 F400.000
G1 X-19.955 Y-196.941 Z-1.400 F400.000
G1 X-20.117 Y-196.638 Z-1.400 F400.000
G1 X-20.236 Y-196.351 Z-1.400 F400.000
G1 X-20.336 Y-196.023 Z-1.400 F400.000
G1 X-20.396 Y-195.717 Z-1.400 F400.000
G1 X-20.437 Y-195.220 Z-1.400 F400.000
G1 X-20.435 Y-186.654 Z-1.400 F400.000
G1 X-20.406 Y-186.291 Z-1.400 F400.000
G1 X-20.337 Y-185.934 Z-1.400 F400.000
G1 X-20.230 Y-185.586 Z-1.400 F400.000
G1 X-20.125 Y-185.330 Z-1.400 F400.000
G1 X-16.238 Y-176.994 Z-1.400 F400.000
G1 X-16.215 Y-176.938 Z-1.400 F400.000
G1 X-16.210 Y-176.921 Z-1.400 F400.000
G1 X-16.207 Y-176.903 Z-1.400 F400.000
G1 X-16.204 Y-176.843 Z-1.400 F400.000
G1 X-16.204 Y-173.952 Z-1.400 F400.000
G1 X-16.215 Y-173.843 Z-1.400 F400.000
G1 X-16.224 Y-173.814 Z-1.400 F400.000
G1 X-16.238 Y-173.788 Z-1.400 F400.000
G1 X-16.257 Y-173.764 Z-1.400 F400.000
G1 X-16.281 Y-173.745 Z-1.400 F400.000
G1 X-16.307 Y-173.731 Z-1.400 F400.000
G1 X-16.336 Y-173.722 Z-1.400 F400.000
G1 X-16.445 Y-173.711 Z-1.400 F400.000
G1 X-17.850 Y-173.711 Z-1.400 F400.000
G1 X-18.057 Y-173.697 Z-1.400 F400.000
G1 X-18.316 Y-173.663 Z-1.400 F400.000
G1 X-18.716 Y-173.556 Z-1.400 F400.000
G1 X-18.958 Y-173.456 Z-1.400 F400.000
G1 X-19.316 Y-173.249 Z-1.400 F400.000
G1 X-19.524 Y-173.090 Z-1.400 F400.000
G1 X-19.817 Y-172.797 Z-1.400 F400.000
G1 X-19.975 Y-172.590 Z-1.400 F400.000
G1 X-20.183 Y-172.231 Z-1.400 F400.000
G1 X-20.283 Y-171.990 Z-1.400 F400.000
G1 X-20.390 Y-171.590 Z-1.400 F400.000
G1 X-20.424 Y-171.331 Z-1.400 F400.000
G1 X-20.437 Y-171.124 Z-1.400 F400.000
G1 X-20.435 Y-148.170 Z-1.400 F400.000
G1 X-20.406 Y-147.807 Z-1.400 F400.000
G1 X-20.337 Y-147.450 Z-1.400 F400.000
G1 X-20.230 Y-147.102 Z-1.400 F400.000
G1 X-20.125 Y-146.846 Z-1.400 F400.000
G1 X-16.238 Y-138.510 Z-1.400 F400.000
G1 X-16.215 Y-138.454 Z-1.400 F400.000
G1 X-16.210 Y-138.437 Z-1.400 F400.000
G1 X-16.207 Y-138.419 Z-1.400 F400.000
G1 X-16.204 Y-138.359 Z-1.400 F400.000
G1 X-16.204 Y-135.468 Z-1.400 F400.000
G1 X-16.215 Y-135.359 Z-1.400 F400.000
G1 X-16.224 Y-135.330 Z-1.400 F400.000
G1 X-16.238 Y-135.304 Z-1.400 F400.000
G1 X-16.257 Y-135.280 Z-1.400 F400.000
G1 X-16.281 Y-135.261 Z-1.400 F400.000
G1 X-16.307 Y-135.247 Z-1.400 F400.000
G1 X-16.336 Y-135.238 Z-1.400 F400.000
G1 X-16.445 Y-135.227 Z-1.400 F400.000
G1 X-17.850 Y-135.227 Z-1.400 F400.000
G1 X-18.057 Y-135.213 Z-1.400 F400.000
G1 X-18.316 Y-135.179 Z-1.400 F400.000
G1 X-18.716 Y-135.072 Z-1.400 F400.000
G1 X-18.958 Y-134.972 Z-1.400 F400.000
G1 X-19.316 Y-134.765 Z-1.400 F400.000
G1 X-19.524 Y-134.606 Z-1.400 F400.000
G1 X-19.817 Y-134.313 Z-1.400 F400.000
G1 X-19.975 Y-134.106 Z-1.400 F400.000
G1 X-20.183 Y-133.747 Z-1.400 F400.000
G1 X-20.283 Y-133.506 Z-1.400 F400.000
G1 X-20.390 Y-133.106 Z-1.400 F400.000
G1 X-20.424 Y-132.847 Z-1.400 F400.000
G1 X-20.437 Y-132.640 Z-1.400 F400.000
G1 X-20.435 Y-109.686 Z-1.400 F400.000
G1 X-20.406 Y-109.323 Z-1.400 F400.000
G1 X-20.337 Y-108.966 Z-1.400 F400.000
G1 X-20.230 Y-108.618 Z-1.400 F400.000
G1 X-20.125 Y-108.362 Z-1.400 F400.000
G1 X-16.238 Y-100.026 Z-1.400 F400.000
G1 X-16.215 Y-99.969 Z-1.400 F400.000
G1 X-16.210 Y-99.953 Z-1.400 F400.000
G1 X-16.207 Y-99.935 Z-1.400 F400.000
G1 X-16.204 Y-99.875 Z-1.400 F400.000
G1 X-16.204 Y-96.984 Z-1.400 F400.000
G1 X-16.215 Y-96.875 Z-1.400 F400.000
G1 X-16.224 Y-96.846 Z-1.400 F400.000
G1 X-16.238 Y-96.820 Z-1.400 F400.000
G1 X-16.257 Y-96.796 Z-1.400 F400.000
G1 X-16.281 Y-96.777 Z-1.400 F400.000
G1 X-16.307 Y-96.762 Z-1.400 F400.000
G1 X-16.336 Y-96.754 Z-1.400 F400.000
G1 X-16.445 Y-96.743 Z-1.400 F400.000
G1 X-17.850 Y-96.743 Z-1.400 F400.000
G1 X-18.057 Y-96.729 Z-1.400 F400.000
G1 X-18.316 Y-96.695 Z-1.400 F400.000
G1 X-18.716 Y-96.588 Z-1.400 F400.000
G1 X-18.958 Y-96.488 Z-1.400 F400.000
G1 X-19.316 Y-96.281 Z-1.400 F400.000
G1 X-19.524 Y-96.122 Z-1.400 F400.000
G1 X-19.817 Y-95.829 Z-1.400 F400.000
G1 X-19.975 Y-95.622 Z-1.400 F400.000
G1 X-20.183 Y-95.263 Z-1.400 F400.000
G1 X-20.283 Y-95.022 Z-1.400 F400.000
G1 X-20.390 Y-94.622 Z-1.400 F400.000
G1 X-20.424 Y-94.363 Z-1.400 F400.000
G1 X-20.437 Y-94.156 Z-1.400 F400.000
G1 X-20.435 Y-71.202 Z-1.400 F400.000
G1 X-20.406 Y-70.839 Z-1.400 F400.000
G1 X-20.337 Y-70.482 Z-1.400 F400.000
G1 X-20.230 Y-70.134 Z-1.400 F400.000
G1 X-20.125 Y-69.878 Z-1.400 F400.000
G1 X-16.238 Y-61.542 Z-1.400 F400.000
G1 X-16.215 Y-61.485 Z-1.400 F400.000
G1 X-16.210 Y-61.469 Z-1.400 F400.000
G1 X-16.207 Y-61.451 Z-1.400 F400.000
G1 X-16.204 Y-61.391 Z-1.400 F400.000
G1 X-16.204 Y-58.500 Z-1.400 F400.000
G1 X-16.215 Y-58.391 Z-1.400 F400.000
G1 X-16.224 Y-58.362 Z-1.400 F400.000
G1 X-16.238 Y-58.336 Z-1.400 F400.000
G1 X-16.257 Y-58.312 Z-1.400 F400.000
G1 X-16.281 Y-58.293 Z-1.400 F400.000
G1 X-16.307 Y-58.278 Z-1.400 F400.000
G1 X-16.336 Y-58.270 Z-1.400 F400.000
G1 X-16.445 Y-58.259 Z-1.400 F400.000
G1 X-17.850 Y-58.259 Z-1.400 F400.000
G1 X-18.057 Y-58.245 Z-1.400 F400.000
G1 X-18.316 Y-58.211 Z-1.400 F400.000
G1 X-18.716 Y-58.104 Z-1.400 F400.000
G1 X-18.958 Y-58.004 Z-1.400 F400.000
G1 X-19.316 Y-57.797 Z-1.400 F400.000
G1 X-19.524 Y-57.638 Z-1.400 F400.000
G1 X-19.817 Y-57.345 Z-1.400 F400.000
G1 X-19.975 Y-57.138 Z-1.400 F400.000
G1 X-20.183 Y-56.779 Z-1.400 F400.000
G1 X-20.283 Y-56.538 Z-1.400 F400.000
G1 X-20.390 Y-56.138 Z-1.400 F400.000
G1 X-20.424 Y-55.879 Z-1.400 F400.000
G1 X-20.437 Y-55.672 Z-1.400 F400.000
G1 X-20.435 Y-32.718 Z-1.400 F400.000
G1 X-20.406 Y-32.355 Z-1.400 F400.000
G1 X-20.337 Y-31.998 Z-1.400 F400.000
G1 X-20.230 Y-31.650 Z-1.400 F400.000
G1 X-20.125 Y-31.394 Z-1.400 F400.000
G1 X-16.238 Y-23.058 Z-1.400 F400.000
G1 X-16.215 Y-23.001 Z-1.400 F400.000
G1 X-16.210 Y-22.985 Z-1.400 F400.000
G1 X-16.207 Y-22.967 Z-1.400 F400.000
G1 X-16.204 Y-22.907 Z-1.400 F400.000
G1 X-16.204 Y-20.015 Z-1.400 F400.000
G1 X-16.215 Y-19.907 Z-1.400 F400.000
G1 X-16.224 Y-19.878 Z-1.400 F400.000
G1 X-16.238 Y-19.851 Z-1.400 F400.000
G1 X-16.257 Y-19.828 Z-1.400 F400.000
G1 X-16.281 Y-19.809 Z-1.400 F400.000
G1 X-16.307 Y-19.794 Z-1.400 F400.000
G1 X-16.336 Y-19.786 Z-1.400 F400.000
G1 X-16.445 Y-19.775 Z-1.400 F400.000
G1 X-17.850 Y-19.775 Z-1.400 F400.000
G1 X-18.057 Y-19.761 Z-1.400 F400.000
G1 X-18.316 Y-19.727 Z-1.400 F400.000
G1 X-18.716 Y-19.620 Z-1.400 F400.000
G1 X-18.958 Y-19.520 Z-1.400 F400.000
G1 X-19.316 Y-19.313 Z-1.400 F400.000
G1 X-19.524 Y-19.154 Z-1.400 F400.000
G1 X-19.817 Y-18.861 Z-1.400 F400.000
G1 X-19.975 Y-18.654 Z-1.400 F400.000
G1 X-20.183 Y-18.295 Z-1.400 F400.000
G1 X-20.283 Y-18.054 Z-1.400 F400.000
G1 X-20.390 Y-17.654 Z-1.400 F400.000
G1 X-20.424 Y-17.395 Z-1.400 F400.000
G1 X-20.437 Y-17.188 Z-1.400 F400.000
G1 X-20.437 Y-3.000 Z-1.400 F400.000
G0 X-20.437 Y-3.000 Z5.000
G0 X-20.437 Y-228.000 Z5.000
G0 X-20.437 Y-228.000 Z3.000
G1 X-20.430 Y-203.927 Z2.159 F400.000
G1 X-20.396 Y-203.586 Z2.147 F400.000
G1 X-20.336 Y-203.281 Z2.137 F400.000
G1 X-20.236 Y-202.952 Z2.125 F400.000
G1 X-20.117 Y-202.665 Z2.114 F400.000
G1 X-19.955 Y-202.362 Z2.102 F400.000
G1 X-19.782 Y-202.104 Z2.091 F400.000
G1 X-19.565 Y-201.838 Z2.079 F400.000
G1 X-19.345 Y-201.618 Z2.068 F400.000
G1 X-19.079 Y-201.401 Z2.056 F400.000
G1 X-18.821 Y-201.228 Z2.045 F400.000
G1 X-18.518 Y-201.066 Z2.033 F400.000
G1 X-18.231 Y-200.947 Z2.022 F400.000
G1 X-17.902 Y-200.847 Z2.010 F400.000
G1 X-17.597 Y-200.787 Z1.999 F400.000
G1 X-17.100 Y-200.745 Z1.982 F400.000
G1 X-14.328 Y-200.745 Z1.885 F400.000
G1 X-14.220 Y-200.735 Z1.881 F400.000
G1 X-14.191 Y-200.726 Z1.880 F400.000
G1 X-14.164 Y-200.712 Z1.879 F400.000
G1 X-14.141 Y-200.692 Z1.878 F400.000
G1 X-14.121 Y-200.669 Z1.877 F400.000
G1 X-14.107 Y-200.642 Z1.876 F400.000
G1 X-14.098 Y-200.613 Z1.875 F400.000
G1 X-14.088 Y-200.505 Z1.871 F400.000
G1 X-14.087 Y-198.798 Z1.812 F400.000
G1 X-14.098 Y-198.690 Z1.808 F400.000
G1 X-14.107 Y-198.661 Z1.807 F400.000
G1 X-14.121 Y-198.634 Z1.806 F400.000
G1 X-14.141 Y-198.611 Z1.805 F400.000
G1 X-14.164 Y-198.592 Z1.804 F400.000
G1 X-14.191 Y-198.577 Z1.803 F400.000
G1 X-14.220 Y-198.569 Z1.802 F400.000
G1 X-14.330 Y-198.558 Z1.798 F400.000
G1 X-17.256 Y-198.550 Z1.695 F400.000
G1 X-17.597 Y-198.517 Z1.684 F400.000
G1 X-17.902 Y-198.456 Z1.673 F400.000
G1 X-18.231 Y-198.356 Z1.661 F400.000
G1 X-18.518 Y-198.237 Z1.650 F400.000
G1 X-18.821 Y-198.076 Z1.638 F400.000
G1 X-19.079 Y-197.903 Z1.627 F400.000
G1 X-19.345 Y-197.685 Z1.615 F400.000
G1 X-19.565 Y-197.465 Z1.604 F400.000
G1 X-19.782 Y-197.200 Z1.592 F400.000
G1 X-19.955 Y-196.941 Z1.581 F400.000
G1 X-20.117 Y-196.638 Z1.569 F400.000
G1 X-20.236 Y-196.351 Z1.558 F400.000
G1 X-20.336 Y-196.023 Z1.546 F400.000
G1 X-20.396 Y-195.717 Z1.536 F400.000
G1 X-20.437 Y-195.220 Z1.518 F400.000
G1 X-20.435 Y-186.654 Z1.219 F400.000
G1 X-20.406 Y-186.291 Z1.206 F400.000
G1 X-20.337 Y-185.934 Z1.194 F400.000
G1 X-20.230 Y-185.586 Z1.181 F400.000
G1 X-20.125 Y-185.330 Z1.171 F400.000
G1 X-16.238 Y-176.994 Z0.850 F400.000
G1 X-16.215 Y-176.938 Z0.848 F400.000
G1 X-16.210 Y-176.921 Z0.847 F400.000
G1 X-16.207 Y-176.903 Z0.847 F400.000
G1 X-16.204 Y-176.843 Z0.845 F400.000
G1 X-16.204 Y-173.952 Z0.744 F400.000
G1 X-16.215 Y-173.843 Z0.740 F400.000
G1 X-16.224 Y-173.814 Z0.739 F400.000
G1 X-16.238 Y-173.788 Z0.738 F400.000
G1 X-16.257 Y-173.764 Z0.737 F400.000
G1 X-16.281 Y-173.745 Z0.736 F400.000
G1 X-16.307 Y-173.731 Z0.734 F400.000
G1 X-16.336 Y-173.722 Z0.733 F400.000
G1 X-16.445 Y-173.711 Z0.730 F400.000
G1 X-17.293 Y-173.711 Z0.700 F400.000
G1 X-16.445 Y-173.711 Z0.670 F400.000
G1 X-16.336 Y-173.722 Z0.667 F400.000
G1 X-16.307 Y-173.731 Z0.666 F400.000
G1 X-16.281 Y-173.745 Z0.664 F400.000
G1 X-16.257 Y-173.764 Z0.663 F400.000
G1 X-16.238 Y-173.788 Z0.662 F400.000
G1 X-16.224 Y-173.814 Z0.661 F400.000
G1 X-16.215 Y-173.843 Z0.660 F400.000
G1 X-16.204 Y-173.952 Z0.656 F400.000
G1 X-16.204 Y-176.843 Z0.555 F400.000
G1 X-16.207 Y-176.903 Z0.553 F400.000
G1 X-16.210 Y-176.921 Z0.553 F400.000
G1 X-16.215 Y-176.938 Z0.552 F400.000
G1 X-16.238 Y-176.994 Z0.550 F400.000
G1 X-20.125 Y-185.330 Z0.229 F400.000
G1 X-20.230 Y-185.586 Z0.219 F400.000
G1 X-20.337 Y-185.934 Z0.206 F400.000
G1 X-20.406 Y-186.291 Z0.194 F400.000
G1 X-20.435 Y-186.654 Z0.181 F400.000
G1 X-20.437 Y-195.220 Z-0.118 F400.000
G1 X-20.396 Y-195.717 Z-0.136 F400.000
G1 X-20.336 Y-196.023 Z-0.146 F400.000
G1 X-20.236 Y-196.351 Z-0.158 F400.000
G1 X-20.117 Y-196.638 Z-0.169 F400.000
G1 X-19.955 Y-196.941 Z-0.181 F400.000
G1 X-19.782 Y-197.200 Z-0.192 F400.000
G1 X-19.565 Y-197.465 Z-0.204 F400.000
G1 X-19.345 Y-197.685 Z-0.215 F400.000
G1 X-19.079 Y-197.903 Z-0.227 F400.000
G1 X-18.821 Y-198.076 Z-0.238 F400.000
G1 X-18.518 Y-198.237 Z-0.250 F400.000
G1 X-18.231 Y-198.356 Z-0.261 F400.000
G1 X-17.902 Y-198.456 Z-0.273 F400.000
G1 X-17.597 Y-198.517 Z-0.284 F400.000
G1 X-17.256 Y-198.550 Z-0.295 F400.000
G1 X-14.330 Y-198.558 Z-0.398 F400.000
G1 X-14.220 Y-198.569 Z-0.402 F400.000
G1 X-14.191 Y-198.577 Z-0.403 F400.000
G1 X-14.164 Y-198.592 Z-0.404 F400.000
G1 X-14.141 Y-198.611 Z-0.405 F400.000
G1 X-14.121 Y-198.634 Z-0.406 F400.000
G1 X-14.107 Y-198.661 Z-0.407 F400.000
G1 X-14.098 Y-198.690 Z-0.408 F400.000
G1 X-14.087 Y-198.798 Z-0.412 F400.000
G1 X-14.088 Y-200.505 Z-0.471 F400.000
G1 X-14.098 Y-200.613 Z-0.475 F400.000
G1 X-14.107 Y-200.642 Z-0.476 F400.000
G1 X-14.121 Y-200.669 Z-0.477 F400.000
G1 X-14.141 Y-200.692 Z-0.478 F400.000
G1 X-14.164 Y-200.712 Z-0.479 F400.000
G1 X-14.191 Y-200.726 Z-0.480 F400.000
G1 X-14.220 Y-200.735 Z-0.481 F400.000
G1 X-14.328 Y-200.745 Z-0.485 F400.000
G1 X-17.100 Y-200.745 Z-0.582 F400.000
G1 X-17.597 Y-200.787 Z-0.599 F400.000
G1 X-17.902 Y-200.847 Z-0.610 F400.000
G1 X-18.231 Y-200.947 Z-0.622 F400.000
G1 X-18.518 Y-201.066 Z-0.633 F400.000
G1 X-18.821 Y-201.228 Z-0.645 F400.000
G1 X-19.079 Y-201.401 Z-0.656 F400.000
G1 X-19.345 Y-201.618 Z-0.668 F400.000
G1 X-19.565 Y-201.838 Z-0.679 F400.000
G1 X-19.782 Y-202.104 Z-0.691 F400.000
G1 X-19.955 Y-202.362 Z-0.702 F400.000
G1 X-20.117 Y-202.665 Z-0.714 F400.000
G1 X-20.236 Y-202.952 Z-0.725 F400.000
G1 X-20.336 Y-203.281 Z-0.737 F400.000
G1 X-20.396 Y-203.586 Z-0.747 F400.000
G1 X-20.430 Y-203.927 Z-0.759 F400.000
G1 X-20.437 Y-228.000 Z-1.600 F400.000
G1 X-20.430 Y-203.927 Z-1.600 F400.000
G1 X-20.396 Y-203.586 Z-1.600 F400.000
G1 X-20.336 Y-203.281 Z-1.600 F400.000
G1 X-20.236 Y-202.952 Z-1.600 F400.000
G1 X-20.117 Y-202.665 Z-1.600 F400.000
G1 X-19.955 Y-202.362 Z-1.600 F400.000
G1 X-19.782 Y-202.104 Z-1.600 F400.000
G1 X-19.565 Y-201.838 Z-1.600 F400.000
G1 X-19.345 Y-201.618 Z-1.600 F400.000
G1 X-19.079 Y-201.401 Z-1.600 F400.000
G1 X-18.821 Y-201.228 Z-1.600 F400.000
G1 X-18.518 Y-201.066 Z-1.600 F400.000
G1 X-18.231 Y-200.947 Z-1.600 F400.000
G1 X-17.902 Y-200.847 Z-1.600 F400.000
G1 X-17.597 Y-200.787 Z-1.600 F400.000
G1 X-17.100 Y-200.745 Z-1.600 F400.000
G1 X-14.328 Y-200.745 Z-1.600 F400.000
G1 X-14.220 Y-200.735 Z-1.600 F400.000
G1 X-14.191 Y-200.726 Z-1.600 F400.000
G1 X-14.164 Y-200.712 Z-1.600 F400.000
G1 X-14.141 Y-200.692 Z-1.600 F400.000
G1 X-14.121 Y-200.669 Z-1.600 F400.000
G1 X-14.107 Y-200.642 Z-1.600 F400.000
G1 X-14.098 Y-200.613 Z-1.600 F400.000
G1 X-14.088 Y-200.505 Z-1.600 F400.000
G1 X-14.087 Y-198.798 Z-1.600 F400.000
G1 X-14.098 Y-198.690 Z-1.600 F400.000
G1 X-14.107 Y-198.661 Z-1.600 F400.000
G1 X-14.121 Y-198.634 Z-1.600 F400.000
G1 X-14.141 Y-198.611 Z-1.600 F400.000
G1 X-14.164 Y-198.592 Z-1.600 F400.000
G1 X-14.191 Y-198.577 Z-1.600 F400.000
G1 X-14.220 Y-198.569 Z-1.600 F400.000
G1 X-14.330 Y-198.558 Z-1.600 F400.000
G1 X-17.256 Y-198.550 Z-1.600 F400.000
G1 X-17.597 Y-198.517 Z-1.600 F400.000
G1 X-17.902 Y-198.456 Z-1.600 F400.000
G1 X-18.231 Y-198.356 Z-1.600 F400.000
G1 X-18.518 Y-198.237 Z-1.600 F400.000
G1 X-18.821 Y-198.076 Z-1.600 F400.000
G1 X-19.079 Y-197.903 Z-1.600 F400.000
G1 X-19.345 Y-197.685 Z-1.600 F400.000
G1 X-19.565 Y-197.465 Z-1.600 F400.000
G1 X-19.782 Y-197.200 Z-1.600 F400.000
G1 X-19.955 Y-196.941 Z-1.600 F400.000
G1 X-20.117 Y-196.638 Z-1.600 F400.000
G1 X-20.236 Y-196.351 Z-1.600 F400.000
G1 X-20.336 Y-196.023 Z-1.600 F400.000
G1 X-20.396 Y-195.717 Z-1.600 F400.000
G1 X-20.437 Y-195.220 Z-1.600 F400.000
G1 X-20.435 Y-186.654 Z-1.600 F400.000
G1 X-20.406 Y-186.291 Z-1.600 F400.000
G1 X-20.337 Y-185.934 Z-1.600 F400.000
G1 X-20.230 Y-185.586 Z-1.600 F400.000
G1 X-20.125 Y-185.330 Z-1.600 F400.000
G1 X-16.238 Y-176.994 Z-1.600 F400.000
G1 X-16.215 Y-176.938 Z-1.600 F400.000
G1 X-16.210 Y-176.921 Z-1.600 F400.000
G1 X-16.207 Y-176.903 Z-1.600 F400.000
G1 X-16.204 Y-176.843 Z-1.600 F400.000
G1 X-16.204 Y-173.952 Z-1.600 F400.000
G1 X-16.215 Y-173.843 Z-1.600 F400.000
G1 X-16.224 Y-173.814 Z-1.600 F400.000
G1 X-16.238 Y-173.788 Z-1.600 F400.000
G1 X-16.257 Y-173.764 Z-1.600 F400.000
G1 X-16.281 Y-173.745 Z-1.600 F400.000
G1 X-16.307 Y-173.731 Z-1.600 F400.000
G1 X-16.336 Y-173.722 Z-1.600 F400.000
G1 X-16.445 Y-173.711 Z-1.600 F400.000
G1 X-17.850 Y-173.711 Z-1.600 F400.000
G1 X-18.057 Y-173.697 Z-1.600 F400.000
G1 X-18.316 Y-173.663 Z-1.600 F400.000
G1 X-18.716 Y-173.556 Z-1.600 F400.000
G1 X-18.958 Y-173.456 Z-1.600 F400.000
G1 X-19.316 Y-173.249 Z-1.600 F400.000
G1 X-19.524 Y-173.090 Z-1.600 F400.000
G1 X-19.817 Y-172.797 Z-1.600 F400.000
G1 X-19.975 Y-172.590 Z-1.600 F400.000
G1 X-20.183 Y-172.231 Z-1.600 F400.000
G1 X-20.283 Y-171.990 Z-1.600 F400.000
G1 X-20.390 Y-171.590 Z-1.600 F400.000
G1 X-20.424 Y-171.331 Z-1.600 F400.000
G1 X-20.437 Y-171.124 Z-1.600 F400.000
G1 X-20.435 Y-148.170 Z-1.600 F400.000
G1 X-20.406 Y-147.807 Z-1.600 F400.000
G1 X-20.337 Y-147.450 Z-1.600 F400.000
G1 X-20.230 Y-147.102 Z-1.600 F400.000
G1 X-20.125 Y-146.846 Z-1.600 F400.000
G1 X-16.238 Y-138.510 Z-1.600 F400.000
G1 X-16.215 Y-138.454 Z-1.600 F400.000
G1 X-16.210 Y-138.437 Z-1.600 F400.000
G1 X-16.207 Y-138.419 Z-1.600 F400.000
G1 X-16.204 Y-138.359 Z-1.600 F400.000
G1 X-16.204 Y-135.468 Z-1.600 F400.000
G1 X-16.215 Y-135.359 Z-1.600 F400.000
G1 X-16.224 Y-135.330 Z-1.600 F400.000
G1 X-16.238 Y-135.304 Z-1.600 F400.000
G1 X-16.257 Y-135.280 Z-1.600 F400.000
G1 X-16.281 Y-135.261 Z-1.600 F400.000
G1 X-16.307 Y-135.247 Z-1.600 F400.000
G1 X-16.336 Y-135.238 Z-1.600 F400.000
G1 X-16.445 Y-135.227 Z-1.600 F400.000
G1 X-17.850 Y-135.227 Z-1.600 F400.000
G1 X-18.057 Y-135.213 Z-1.600 F400.000
G1 X-18.316 Y-135.179 Z-1.600 F400.000
G1 X-18.716 Y-135.072 Z-1.600 F400.000
G1 X-18.958 Y-134.972 Z-1.600 F400.000
G1 X-19.316 Y-134.765 Z-1.600 F400.000
G1 X-19.524 Y-134.606 Z-1.600 F400.000
G1 X-19.817 Y-134.313 Z-1.600 F400.000
G1 X-19.975 Y-134.106 Z-1.600 F400.000
G1 X-20.183 Y-133.747 Z-1.600 F400.000
G1 X-20.283 Y-133.506 Z-1.600 F400.000
G1 X-20.390 Y-133.106 Z-1.600 F400.000
G1 X-20.424 Y-132.847 Z-1.600 F400.000
G1 X-20.437 Y-132.640 Z-1.600 F400.000
G1 X-20.435 Y-109.686 Z-1.600 F400.000
G1 X-20.406 Y-109.323 Z-1.600 F400.000
G1 X-20.337 Y-108.966 Z-1.600 F400.000
G1 X-20.230 Y-108.618 Z-1.600 F400.000
G1 X-20.125 Y-108.362 Z-1.600 F400.000
G1 X-16.238 Y-100.026 Z-1.600 F400.000
G1 X-16.215 Y-99.969 Z-1.600 F400.000
G1 X-16.210 Y-99.953 Z-1.600 F400.000
G1 X-16.207 Y-99.935 Z-1.600 F400.000
G1 X-16.204 Y-99.875 Z-1.600 F400.000
G1 X-16.204 Y-96.984 Z-1.600 F400.000
G1 X-16.215 Y-96.875 Z-1.600 F400.000
G1 X-16.224 Y-96.846 Z-1.600 F400.000
G1 X-16.238 Y-96.820 Z-1.600 F400.000
G1 X-16.257 Y-96.796 Z-1.600 F400.000
G1 X-16.281 Y-96.777 Z-1.600 F400.000
G1 X-16.307 Y-96.762 Z-1.600 F400.000
G1 X-16.336 Y-96.754 Z-1.600 F400.000
G1 X-16.445 Y-96.743 Z-1.600 F400.000
G1 X-17.850 Y-96.743 Z-1.600 F400.000
G1 X-18.057 Y-96.729 Z-1.600 F400.000
G1 X-18.316 Y-96.695 Z-1.600 F400.000
G1 X-18.716 Y-96.588 Z-1.600 F400.000
G1 X-18.958 Y-96.488 Z-1.600 F400.000
G1 X-19.316 Y-96.281 Z-1.600 F400.000
G1 X-19.524 Y-96.122 Z-1.600 F400.000
G1 X-19.817 Y-95.829 Z-1.600 F400.000
G1 X-19.975 Y-95.622 Z-1.600 F400.000
G1 X-20.183 Y-95.263 Z-1.600 F400.000
G1 X-20.283 Y-95.022 Z-1.600 F400.000
G1 X-20.390 Y-94.622 Z-1.600 F400.000
G1 X-20.424 Y-94.363 Z-1.600 F400.000
G1 X-20.437 Y-94.156 Z-1.600 F400.000
G1 X-20.435 Y-71.202 Z-1.600 F400.000
G1 X-20.406 Y-70.839 Z-1.600 F400.000
G1 X-20.337 Y-70.482 Z-1.600 F400.000
G1 X-20.230 Y-70.134 Z-1.600 F400.000
G1 X-20.125 Y-69.878 Z-1.600 F400.000
G1 X-16.238 Y-61.542 Z-1.600 F400.000
G1 X-16.215 Y-61.485 Z-1.600 F400.000
G1 X-16.210 Y-61.469 Z-1.600 F400.000
G1 X-16.207 Y-61.451 Z-1.600 F400.000
G1 X-16.204 Y-61.391 Z-1.600 F400.000
G1 X-16.204 Y-58.500 Z-1.600 F400.000
G1 X-16.215 Y-58.391 Z-1.600 F400.000
G1 X-16.224 Y-58.362 Z-1.600 F400.000
G1 X-16.238 Y-58.336 Z-1.600 F400.000
G1 X-16.257 Y-58.312 Z-1.600 F400.000
G1 X-16.281 Y-58.293 Z-1.600 F400.000
G1 X-16.307 Y-58.278 Z-1.600 F400.000
G1 X-16.336 Y-58.270 Z-1.600 F400.000
G1 X-16.445 Y-58.259 Z-1.600 F400.000
G1 X-17.850 Y-58.259 Z-1.600 F400.000
G1 X-18.057 Y-58.245 Z-1.600 F400.000
G1 X-18.316 Y-58.211 Z-1.600 F400.000
G1 X-18.716 Y-58.104 Z-1.600 F400.000
G1 X-18.958 Y-58.004 Z-1.600 F400.000
G1 X-19.316 Y-57.797 Z-1.600 F400.000
G1 X-19.524 Y-57.638 Z-1.600 F400.000
G1 X-19.817 Y-57.345 Z-1.600 F400.000
G1 X-19.975 Y-57.138 Z-1.600 F400.000
G1 X-20.183 Y-56.779 Z-1.600 F400.000
G1 X-20.283 Y-56.538 Z-1.600 F400.000
G1 X-20.390 Y-56.138 Z-1.600 F400.000
G1 X-20.424 Y-55.879 Z-1.600 F400.000
G1 X-20.437 Y-55.672 Z-1.600 F400.000
G1 X-20.435 Y-32.718 Z-1.600 F400.000
G1 X-20.406 Y-32.355 Z-1.600 F400.000
G1 X-20.337 Y-31.998 Z-1.600 F400.000
G1 X-20.230 Y-31.650 Z-1.600 F400.000
G1 X-20.125 Y-31.394 Z-1.600 F400.000
G1 X-16.238 Y-23.058 Z-1.600 F400.000
G1 X-16.215 Y-23.001 Z-1.600 F400.000
G1 X-16.210 Y-22.985 Z-1.600 F400.000
G1 X-16.207 Y-22.967 Z-1.600 F400.000
G1 X-16.204 Y-22.907 Z-1.600 F400.000
G1 X-16.204 Y-20.015 Z-1.600 F400.000
G1 X-16.215 Y-19.907 Z-1.600 F400.000
G1 X-16.224 Y-19.878 Z-1.600 F400.000
G1 X-16.238 Y-19.851 Z-1.600 F400.000
G1 X-16.257 Y-19.828 Z-1.600 F400.000
G1 X-16.281 Y-19.809 Z-1.600 F400.000
G1 X-16.307 Y-19.794 Z-1.600 F400.000
G1 X-16.336 Y-19.786 Z-1.600 F400.000
G1 X-16.445 Y-19.775 Z-1.600 F400.000
G1 X-17.850 Y-19.775 Z-1.600 F400.000
G1 X-18.057 Y-19.761 Z-1.600 F400.000
G1 X-18.316 Y-19.727 Z-1.600 F400.000
G1 X-18.716 Y-19.620 Z-1.600 F400.000
G1 X-18.958 Y-19.520 Z-1.600 F400.000
G1 X-19.316 Y-19.313 Z-1.600 F400.000
G1 X-19.524 Y-19.154 Z-1.600 F400.000
G1 X-19.817 Y-18.861 Z-1.600 F400.000
G1 X-19.975 Y-18.654 Z-1.600 F400.000
G1 X-20.183 Y-18.295 Z-1.600 F400.000
G1 X-20.283 Y-18.054 Z-1.600 F400.000
G1 X-20.390 Y-17.654 Z-1.600 F400.000
G1 X-20.424 Y-17.395 Z-1.600 F400.000
G1 X-20.437 Y-17.188 Z-1.600 F400.000
G1 X-20.437 Y-3.000 Z-1.600 F400.000
G0 X-20.437 Y-3.000 Z5.000
G0 X-20.437 Y-228.000 Z5.000
G0 X-20.437 Y-228.000 Z3.000
G1 X-20.430 Y-203.927 Z2.159 F400.000
G1 X-20.396 Y-203.586 Z2.147 F400.000
G1 X-20.336 Y-203.281 Z2.137 F400.000
G1 X-20.236 Y-202.952 Z2.125 F400.000
G1 X-20.117 Y-202.665 Z2.114 F400.000
G1 X-19.955 Y-202.362 Z2.102 F400.000
G1 X-19.782 Y-202.104 Z2.091 F400.000
G1 X-19.565 Y-201.838 Z2.079 F400.000
G1 X-19.345 Y-201.618 Z2.068 F400.000
G1 X-19.079 Y-201.401 Z2.056 F400.000
G1 X-18.821 Y-201.228 Z2.045 F400.000
G1 X-18.518 Y-201.066 Z2.033 F400.000
G1 X-18.231 Y-200.947 Z2.022 F400.000
G1 X-17.902 Y-200.847 Z2.010 F400.000
G1 X-17.597 Y-200.787 Z1.999 F400.000
G1 X-17.100 Y-200.745 Z1.982 F400.000
G1 X-14.328 Y-200.745 Z1.885 F400.000
G1 X-14.220 Y-200.735 Z1.881 F400.000
G1 X-14.191 Y-200.726 Z1.880 F400.000
G1 X-14.164 Y-200.712 Z1.879 F400.000
G1 X-14.141 Y-200.692 Z1.878 F400.000
G1 X-14.121 Y-200.669 Z1.877 F400.000
G1 X-14.107 Y-200.642 Z1.876 F400.000
G1 X-14.098 Y-200.613 Z1.875 F400.000
G1 X-14.088 Y-200.505 Z1.871 F400.000
G1 X-14.087 Y-198.798 Z1.812 F400.000
G1 X-14.098 Y-198.690 Z1.808 F400.000
G1 X-14.107 Y-198.661 Z1.807 F400.000
G1 X-14.121 Y-198.634 Z1.806 F400.000
G1 X-14.141 Y-198.611 Z1.805 F400.000
G1 X-14.164 Y-198.592 Z1.804 F400.000
G1 X-14.191 Y-198.577 Z1.803 F400.000
G1 X-14.220 Y-198.569 Z1.802 F400.000
G1 X-14.330 Y-198.558 Z1.798 F400.000
G1 X-17.256 Y-198.550 Z1.695 F400.000
G1 X-17.597 Y-198.517 Z1.684 F400.000
G1 X-17.902 Y-198.456 Z1.673 F400.000
G1 X-18.231 Y-198.356 Z1.661 F400.000
G1 X-18.518 Y-198.237 Z1.650 F400.000
G1 X-18.821 Y-198.076 Z1.638 F400.000
G1 X-19.079 Y-197.903 Z1.627 F400.000
G1 X-19.345 Y-197.685 Z1.615 F400.000
G1 X-19.565 Y-197.465 Z1.604 F400.000
G1 X-19.782 Y-197.200 Z1.592 F400.000
G1 X-19.955 Y-196.941 Z1.581 F400.000
G1 X-20.117 Y-196.638 Z1.569 F400.000
G1 X-20.236 Y-196.351 Z1.558 F400.000
G1 X-20.336 Y-196.023 Z1.546 F400.000
G1 X-20.396 Y-195.717 Z1.536 F400.000
G1 X-20.437 Y-195.220 Z1.518 F400.000
G1 X-20.435 Y-186.654 Z1.219 F400.000
G1 X-20.406 Y-186.291 Z1.206 F400.000
G1 X-20.337 Y-185.934 Z1.194 F400.000
G1 X-20.230 Y-185.586 Z1.181 F400.000
G1 X-20.125 Y-185.330 Z1.171 F400.000
G1 X-16.238 Y-176.994 Z0.850 F400.000
G1 X-16.215 Y-176.938 Z0.848 F400.000
G1 X-16.210 Y-176.921 Z0.847 F400.000
G1 X-16.207 Y-176.903 Z0.847 F400.000
G1 X-16.204 Y-176.843 Z0.845 F400.000
G1 X-16.204 Y-173.952 Z0.744 F400.000
G1 X-16.215 Y-173.843 Z0.740 F400.000
G1 X-16.224 Y-173.814 Z0.739 F400.000
G1 X-16.238 Y-173.788 Z0.738 F400.000
G1 X-16.257 Y-173.764 Z0.737 F400.000
G1 X-16.281 Y-173.745 Z0.736 F400.000
G1 X-16.307 Y-173.731 Z0.734 F400.000
G1 X-16.336 Y-173.722 Z0.733 F400.000
G1 X-16.445 Y-173.711 Z0.730 F400.000
G1 X-17.850 Y-173.711 Z0.681 F400.000
G1 X-18.057 Y-173.697 Z0.673 F400.000
G1 X-18.316 Y-173.663 Z0.664 F400.000
G1 X-18.716 Y-173.556 Z0.650 F400.000
G1 X-18.958 Y-173.456 Z0.641 F400.000
G1 X-19.316 Y-173.249 Z0.626 F400.000
G1 X-19.524 Y-173.090 Z0.617 F400.000
G1 X-19.817 Y-172.797 Z0.603 F400.000
G1 X-19.861 Y-172.740 Z0.600 F400.000
G1 X-19.817 Y-172.797 Z0.597 F400.000
G1 X-19.524 Y-173.090 Z0.583 F400.000
G1 X-19.316 Y-173.249 Z0.574 F400.000
G1 X-18.958 Y-173.456 Z0.559 F400.000
G1 X-18.716 Y-173.556 Z0.550 F400.000
G1 X-18.316 Y-173.663 Z0.536 F400.000
G1 X-18.057 Y-173.697 Z0.527 F400.000
G1 X-17.850 Y-173.711 Z0.519 F400.000
G1 X-16.445 Y-173.711 Z0.470 F400.000
G1 X-16.336 Y-173.722 Z0.467 F400.000
G1 X-16.307 Y-173.731 Z0.466 F400.000
G1 X-16.281 Y-173.745 Z0.464 F400.000
G1 X-16.257 Y-173.764 Z0.463 F400.000
G1 X-16.238 Y-173.788 Z0.462 F400.000
G1 X-16.224 Y-173.814 Z0.461 F400.000
G1 X-16.215 Y-173.843 Z0.460 F400.000
G1 X-16.204 Y-173.952 Z0.456 F400.000
G1 X-16.204 Y-176.843 Z0.355 F400.000
G1 X-16.207 Y-176.903 Z0.353 F400.000
G1 X-16.210 Y-176.921 Z0.353 F400.000
G1 X-16.215 Y-176.938 Z0.352 F400.000
G1 X-16.238 Y-176.994 Z0.350 F400.000
G1 X-20.125 Y-185.330 Z0.029 F400.000
G1 X-20.230 Y-185.586 Z0.019 F400.000
G1 X-20.337 Y-185.934 Z0.006 F400.000
G1 X-20.406 Y-186.291 Z-0.006 F400.000
G1 X-20.435 Y-186.654 Z-0.019 F400.000
G1 X-20.437 Y-195.220 Z-0.318 F400.000
G1 X-20.396 Y-195.717 Z-0.336 F400.000
G1 X-20.336 Y-196.023 Z-0.346 F400.000
G1 X-20.236 Y-196.351 Z-0.358 F400.000
G1 X-20.117 Y-196.638 Z-0.369 F400.000
G1 X-19.955 Y-196.941 Z-0.381 F400.000
G1 X-19.782 Y-197.200 Z-0.392 F400.000
G1 X-19.565 Y-197.465 Z-0.404 F400.000
G1 X-19.345 Y-197.685 Z-0.415 F400.000
G1 X-19.079 Y-197.903 Z-0.427 F400.000
G1 X-18.821 Y-198.076 Z-0.438 F400.000
G1 X-18.518 Y-198.237 Z-0.450 F400.000
G1 X-18.231 Y-198.356 Z-0.461 F400.000
G1 X-17.902 Y-198.456 Z-0.473 F400.000
G1 X-17.597 Y-198.517 Z-0.484 F400.000
G1 X-17.256 Y-198.550 Z-0.495 F400.000
G1 X-14.330 Y-198.558 Z-0.598 F400.000
G1 X-14.220 Y-198.569 Z-0.602 F400.000
G1 X-14.191 Y-198.577 Z-0.603 F400.000
G1 X-14.164 Y-198.592 Z-0.604 F400.000
G1 X-14.141 Y-198.611 Z-0.605 F400.000
G1 X-14.121 Y-198.634 Z-0.606 F400.000
G1 X-14.107 Y-198.661 Z-0.607 F400.000
G1 X-14.098 Y-198.690 Z-0.608 F400.000
G1 X-14.087 Y-198.798 Z-0.612 F400.000
G1 X-14.088 Y-200.505 Z-0.671 F400.000
G1 X-14.098 Y-200.613 Z-0.675 F400.000
G1 X-14.107 Y-200.642 Z-0.676 F400.000
G1 X-14.121 Y-200.669 Z-0.677 F400.000
G1 X-14.141 Y-200.692 Z-0.678 F400.000
G1 X-14.164 Y-200.712 Z-0.679 F400.000
G1 X-14.191 Y-200.726 Z-0.680 F400.000
G1 X-14.220 Y-200.735 Z-0.681 F400.000
G1 X-14.328 Y-200.745 Z-0.685 F400.000
G1 X-17.100 Y-200.745 Z-0.782 F400.000
G1 X-17.597 Y-200.787 Z-0.799 F400.000
G1 X-17.902 Y-200.847 Z-0.810 F400.000
G1 X-18.231 Y-200.947 Z-0.822 F400.000
G1 X-18.518 Y-201.066 Z-0.833 F400.000
G1 X-18.821 Y-201.228 Z-0.845 F400.000
G1 X-19.079 Y-201.401 Z-0.856 F400.000
G1 X-19.345 Y-201.618 Z-0.868 F400.000
G1 X-19.565 Y-201.838 Z-0.879 F400.000
G1 X-19.782 Y-202.104 Z-0.891 F400.000
G1 X-19.955 Y-202.362 Z-0.902 F400.000
G1 X-20.117 Y-202.665 Z-0.914 F400.000
G1 X-20.236 Y-202.952 Z-0.925 F400.000
G1 X-20.336 Y-203.281 Z-0.937 F400.000
G1 X-20.396 Y-203.586 Z-0.947 F400.000
G1 X-20.430 Y-203.927 Z-0.959 F400.000
G1 X-20.437 Y-228.000 Z-1.800 F400.000
G1 X-20.430 Y-203.927 Z-1.800 F400.000
G1 X-20.396 Y-203.586 Z-1.800 F400.000
G1 X-20.336 Y-203.281 Z-1.800 F400.000
G1 X-20.236 Y-202.952 Z-1.800 F400.000
G1 X-20.117 Y-202.665 Z-1.800 F400.000
G1 X-19.955 Y-202.362 Z-1.800 F400.000
G1 X-19.782 Y-202.104 Z-1.800 F400.000
G1 X-19.565 Y-201.838 Z-1.800 F400.000
G1 X-19.345 Y-201.618 Z-1.800 F400.000
G1 X-19.079 Y-201.401 Z-1.800 F400.000
G1 X-18.821 Y-201.228 Z-1.800 F400.000
G1 X-18.518 Y-201.066 Z-1.800 F400.000
G1 X-18.231 Y-200.947 Z-1.800 F400.000
G1 X-17.902 Y-200.847 Z-1.800 F400.000
G1 X-17.597 Y-200.787 Z-1.800 F400.000
G1 X-17.100 Y-200.745 Z-1.800 F400.000
G1 X-14.328 Y-200.745 Z-1.800 F400.000
G1 X-14.220 Y-200.735 Z-1.800 F400.000
G1 X-14.191 Y-200.726 Z-1.800 F400.000
G1 X-14.164 Y-200.712 Z-1.800 F400.000
G1 X-14.141 Y-200.692 Z-1.800 F400.000
G1 X-14.121 Y-200.669 Z-1.800 F400.000
G1 X-14.107 Y-200.642 Z-1.800 F400.000
G1 X-14.098 Y-200.613 Z-1.800 F400.000
G1 X-14.088 Y-200.505 Z-1.800 F400.000
G1 X-14.087 Y-198.798 Z-1.800 F400.000
G1 X-14.098 Y-198.690 Z-1.800 F400.000
G1 X-14.107 Y-198.661 Z-1.800 F400.000
G1 X-14.121 Y-198.634 Z-1.800 F400.000
G1 X-14.141 Y-198.611 Z-1.800 F400.000
G1 X-14.164 Y-198.592 Z-1.800 F400.000
G1 X-14.191 Y-198.577 Z-1.800 F400.000
G1 X-14.220 Y-198.569 Z-1.800 F400.000
G1 X-14.330 Y-198.558 Z-1.800 F400.000
G1 X-17.256 Y-198.550 Z-1.800 F400.000
G1 X-17.597 Y-198.517 Z-1.800 F400.000
G1 X-17.902 Y-198.456 Z-1.800 F400.000
G1 X-18.231 Y-198.356 Z-1.800 F400.000
G1 X-18.518 Y-198.237 Z-1.800 F400.000
G1 X-18.821 Y-198.076 Z-1.800 F400.000
G1 X-19.079 Y-197.903 Z-1.800 F400.000
G1 X-19.345 Y-197.685 Z-1.800 F400.000
G1 X-19.565 Y-197.465 Z-1.800 F400.000
G1 X-19.782 Y-197.200 Z-1.800 F400.000
G1 X-19.955 Y-196.941 Z-1.800 F400.000
G1 X-20.117 Y-196.638 Z-1.800 F400.000
G1 X-20.236 Y-196.351 Z-1.800 F400.000
G1 X-20.336 Y-196.023 Z-1.800 F400.000
G1 X-20.396 Y-195.717 Z-1.800 F400.000
G1 X-20.437 Y-195.220 Z-1.800 F400.000
G1 X-20.435 Y-186.654 Z-1.800 F400.000
G1 X-20.406 Y-186.291 Z-1.800 F400.000
G1 X-20.337 Y-185.934 Z-1.800 F400.000
G1 X-20.230 Y-185.586 Z-1.800 F400.000
G1 X-20.125 Y-185.330 Z-1.800 F400.000
G1 X-16.238 Y-176.994 Z-1.800 F400.000
G1 X-16.215 Y-176.938 Z-1.800 F400.000
G1 X-16.210 Y-176.921 Z-1.800 F400.000
G1 X-16.207 Y-176.903 Z-1.800 F400.000
G1 X-16.204 Y-176.843 Z-1.800 F400.000
G1 X-16.204 Y-173.952 Z-1.800 F400.000
G1 X-16.215 Y-173.843 Z-1.800 F400.000
G1 X-16.224 Y-173.814 Z-1.800 F400.000
G1 X-16.238 Y-173.788 Z-1.800 F400.000
G1 X-16.257 Y-173.764 Z-1.800 F400.000
G1 X-16.281 Y-173.745 Z-1.800 F400.000
G1 X-16.307 Y-173.731 Z-1.800 F400.000
G1 X-16.336 Y-173.722 Z-1.800 F400.000
G1 X-16.445 Y-173.711 Z-1.800 F400.000
G1 X-17.850 Y-173.711 Z-1.800 F400.000
G1 X-18.057 Y-173.697 Z-1.800 F400.000
G1 X-18.316 Y-173.663 Z-1.800 F400.000
G1 X-18.716 Y-173.556 Z-1.800 F400.000
G1 X-18.958 Y-173.456 Z-1.800 F400.000
G1 X-19.316 Y-173.249 Z-1.800 F400.000
G1 X-19.524 Y-173.090 Z-1.800 F400.000
G1 X-19.817 Y-172.797 Z-1.800 F400.000
G1 X-19.975 Y-172.590 Z-1.800 F400.000
G1 X-20.183 Y-172.231 Z-1.800 F400.000
G1 X-20.283 Y-171.990 Z-1.800 F400.000
G1 X-20.390 Y-171.590 Z-1.800 F400.000
G1 X-20.424 Y-171.331 Z-1.800 F400.000
G1 X-20.437 Y-171.124 Z-1.800 F400.000
G1 X-20.435 Y-148.170 Z-1.800 F400.000
G1 X-20.406 Y-147.807 Z-1.800 F400.000
G1 X-20.337 Y-147.450 Z-1.800 F400.000
G1 X-20.230 Y-147.102 Z-1.800 F400.000
G1 X-20.125 Y-146.846 Z-1.800 F400.000
G1 X-16.238 Y-138.510 Z-1.800 F400.000
G1 X-16.215 Y-138.454 Z-1.800 F400.000
G1 X-16.210 Y-138.437 Z-1.800 F400.000
G1 X-16.207 Y-138.419 Z-1.800 F400.000
G1 X-16.204 Y-138.359 Z-1.800 F400.000
G1 X-16.204 Y-135.468 Z-1.800 F400.000
G1 X-16.215 Y-135.359 Z-1.800 F400.000
G1 X-16.224 Y-135.330 Z-1.800 F400.000
G1 X-16.238 Y-135.304 Z-1.800 F400.000
G1 X-16.257 Y-135.280 Z-1.800 F400.000
G1 X-16.281 Y-135.261 Z-1.800 F400.000
G1 X-16.307 Y-135.247 Z-1.800 F400.000
G1 X-16.336 Y-135.238 Z-1.800 F400.000
G1 X-16.445 Y-135.227 Z-1.800 F400.000
G1 X-17.850 Y-135.227 Z-1.800 F400.000
G1 X-18.057 Y-135.213 Z-1.800 F400.000
G1 X-18.316 Y-135.179 Z-1.800 F400.000
G1 X-18.716 Y-135.072 Z-1.800 F400.000
G1 X-18.958 Y-134.972 Z-1.800 F400.000
G1 X-19.316 Y-134.765 Z-1.800 F400.000
G1 X-19.524 Y-134.606 Z-1.800 F400.000
G1 X-19.817 Y-134.313 Z-1.800 F400.000
G1 X-19.975 Y-134.106 Z-1.800 F400.000
G1 X-20.183 Y-133.747 Z-1.800 F400.000
G1 X-20.283 Y-133.506 Z-1.800 F400.000
G1 X-20.390 Y-133.106 Z-1.800 F400.000
G1 X-20.424 Y-132.847 Z-1.800 F400.000
G1 X-20.437 Y-132.640 Z-1.800 F400.000
G1 X-20.435 Y-109.686 Z-1.800 F400.000
G1 X-20.406 Y-109.323 Z-1.800 F400.000
G1 X-20.337 Y-108.966 Z-1.800 F400.000
G1 X-20.230 Y-108.618 Z-1.800 F400.000
G1 X-20.125 Y-108.362 Z-1.800 F400.000
G1 X-16.238 Y-100.026 Z-1.800 F400.000
G1 X-16.215 Y-99.969 Z-1.800 F400.000
G1 X-16.210 Y-99.953 Z-1.800 F400.000
G1 X-16.207 Y-99.935 Z-1.800 F400.000
G1 X-16.204 Y-99.875 Z-1.800 F400.000
G1 X-16.204 Y-96.984 Z-1.800 F400.000
G1 X-16.215 Y-96.875 Z-1.800 F400.000
G1 X-16.224 Y-96.846 Z-1.800 F400.000
G1 X-16.238 Y-96.820 Z-1.800 F400.000
G1 X-16.257 Y-96.796 Z-1.800 F400.000
G1 X-16.281 Y-96.777 Z-1.800 F400.000
G1 X-16.307 Y-96.762 Z-1.800 F400.000
G1 X-16.336 Y-96.754 Z-1.800 F400.000
G1 X-16.445 Y-96.743 Z-1.800 F400.000
G1 X-17.850 Y-96.743 Z-1.800 F400.000
G1 X-18.057 Y-96.729 Z-1.800 F400.000
G1 X-18.316 Y-96.695 Z-1.800 F400.000
G1 X-18.716 Y-96.588 Z-1.800 F400.000
G1 X-18.958 Y-96.488 Z-1.800 F400.000
G1 X-19.316 Y-96.281 Z-1.800 F400.000
G1 X-19.524 Y-96.122 Z-1.800 F400.000
G1 X-19.817 Y-95.829 Z-1.800 F400.000
G1 X-19.975 Y-95.622 Z-1.800 F400.000
G1 X-20.183 Y-95.263 Z-1.800 F400.000
G1 X-20.283 Y-95.022 Z-1.800 F400.000
G1 X-20.390 Y-94.622 Z-1.800 F400.000
G1 X-20.424 Y-94.363 Z-1.800 F400.000
G1 X-20.437 Y-94.156 Z-1.800 F400.000
G1 X-20.435 Y-71.202 Z-1.800 F400.000
G1 X-20.406 Y-70.839 Z-1.800 F400.000
G1 X-20.337 Y-70.482 Z-1.800 F400.000
G1 X-20.230 Y-70.134 Z-1.800 F400.000
G1 X-20.125 Y-69.878 Z-1.800 F400.000
G1 X-16.238 Y-61.542 Z-1.800 F400.000
G1 X-16.215 Y-61.485 Z-1.800 F400.000
G1 X-16.210 Y-61.469 Z-1.800 F400.000
G1 X-16.207 Y-61.451 Z-1.800 F400.000
G1 X-16.204 Y-61.391 Z-1.800 F400.000
G1 X-16.204 Y-58.500 Z-1.800 F400.000
G1 X-16.215 Y-58.391 Z-1.800 F400.000
G1 X-16.224 Y-58.362 Z-1.800 F400.000
G1 X-16.238 Y-58.336 Z-1.800 F400.000
G1 X-16.257 Y-58.312 Z-1.800 F400.000
G1 X-16.281 Y-58.293 Z-1.800 F400.000
G1 X-16.307 Y-58.278 Z-1.800 F400.000
G1 X-16.336 Y-58.270 Z-1.800 F400.000
G1 X-16.445 Y-58.259 Z-1.800 F400.000
G1 X-17.850 Y-58.259 Z-1.800 F400.000
G1 X-18.057 Y-58.245 Z-1.800 F400.000
G1 X-18.316 Y-58.211 Z-1.800 F400.000
G1 X-18.716 Y-58.104 Z-1.800 F400.000
G1 X-18.958 Y-58.004 Z-1.800 F400.000
G1 X-19.316 Y-57.797 Z-1.800 F400.000
G1 X-19.524 Y-57.638 Z-1.800 F400.000
G1 X-19.817 Y-57.345 Z-1.800 F400.000
G1 X-19.975 Y-57.138 Z-1.800 F400.000
G1 X-20.183 Y-56.779 Z-1.800 F400.000
G1 X-20.283 Y-56.538 Z-1.800 F400.000
G1 X-20.390 Y-56.138 Z-1.800 F400.000
G1 X-20.424 Y-55.879 Z-1.800 F400.000
G1 X-20.437 Y-55.672 Z-1.800 F400.000
G1 X-20.435 Y-32.718 Z-1.800 F400.000
G1 X-20.406 Y-32.355 Z-1.800 F400.000
G1 X-20.337 Y-31.998 Z-1.800 F400.000
G1 X-20.230 Y-31.650 Z-1.800 F400.000
G1 X-20.125 Y-31.394 Z-1.800 F400.000
G1 X-16.238 Y-23.058 Z-1.800 F400.000
G1 X-16.215 Y-23.001 Z-1.800 F400.000
G1 X-16.210 Y-22.985 Z-1.800 F400.000
G1 X-16.207 Y-22.967 Z-1.800 F400.000
G1 X-16.204 Y-22.907 Z-1.800 F400.000
G1 X-16.204 Y-20.015 Z-1.800 F400.000
G1 X-16.215 Y-19.907 Z-1.800 F400.000
G1 X-16.224 Y-19.878 Z-1.800 F400.000
G1 X-16.238 Y-19.851 Z-1.800 F400.000
G1 X-16.257 Y-19.828 Z-1.800 F400.000
G1 X-16.281 Y-19.809 Z-1.800 F400.000
G1 X-16.307 Y-19.794 Z-1.800 F400.000
G1 X-16.336 Y-19.786 Z-1.800 F400.000
G1 X-16.445 Y-19.775 Z-1.800 F400.000
G1 X-17.850 Y-19.775 Z-1.800 F400.000
G1 X-18.057 Y-19.761 Z-1.800 F400.000
G1 X-18.316 Y-19.727 Z-1.800 F400.000
G1 X-18.716 Y-19.620 Z-1.800 F400.000
G1 X-18.958 Y-19.520 Z-1.800 F400.000
G1 X-19.316 Y-19.313 Z-1.800 F400.000
G1 X-19.524 Y-19.154 Z-1.800 F400.000
G1 X-19.817 Y-18.861 Z-1.800 F400.000
G1 X-19.975 Y-18.654 Z-1.800 F400.000
G1 X-20.183 Y-18.295 Z-1.800 F400.000
G1 X-20.283 Y-18.054 Z-1.800 F400.000
G1 X-20.390 Y-17.654 Z-1.800 F400.000
G1 X-20.424 Y-17.395 Z-1.800 F400.000
G1 X-20.437 Y-17.188 Z-1.800 F400.000
G1 X-20.437 Y-3.000 Z-1.800 F400.000
G0 X-20.437 Y-3.000 Z5.000
G0 X-20.437 Y-228.000 Z5.000
G0 X-20.437 Y-228.000 Z3.000
G1 X-20.430 Y-203.927 Z2.159 F400.000
G1 X-20.396 Y-203.586 Z2.147 F400.000
G1 X-20.336 Y-203.281 Z2.137 F400.000
G1 X-20.236 Y-202.952 Z2.125 F400.000
G1 X-20.117 Y-202.665 Z2.114 F400.000
G1 X-19.955 Y-202.362 Z2.102 F400.000
G1 X-19.782 Y-202.104 Z2.091 F400.000
G1 X-19.565 Y-201.838 Z2.079 F400.000
G1 X-19.345 Y-201.618 Z2.068 F400.000
G1 X-19.079 Y-201.401 Z2.056 F400.000
G1 X-18.821 Y-201.228 Z2.045 F400.000
G1 X-18.518 Y-201.066 Z2.033 F400.000
G1 X-18.231 Y-200.947 Z2.022 F400.000
G1 X-17.902 Y-200.847 Z2.010 F400.000
G1 X-17.597 Y-200.787 Z1.999 F400.000
G1 X-17.100 Y-200.745 Z1.982 F400.000
G1 X-14.328 Y-200.745 Z1.885 F400.000
G1 X-14.220 Y-200.735 Z1.881 F400.000
G1 X-14.191 Y-200.726 Z1.880 F400.000
G1 X-14.164 Y-200.712 Z1.879 F400.000
G1 X-14.141 Y-200.692 Z1.878 F400.000
G1 X-14.121 Y-200.669 Z1.877 F400.000
G1 X-14.107 Y-200.642 Z1.876 F400.000
G1 X-14.098 Y-200.613 Z1.875 F400.000
G1 X-14.088 Y-200.505 Z1.871 F400.000
G1 X-14.087 Y-198.798 Z1.812 F400.000
G1 X-14.098 Y-198.690 Z1.808 F400.000
G1 X-14.107 Y-198.661 Z1.807 F400.000
G1 X-14.121 Y-198.634 Z1.806 F400.000
G1 X-14.141 Y-198.611 Z1.805 F400.000
G1 X-14.164 Y-198.592 Z1.804 F400.000
G1 X-14.191 Y-198.577 Z1.803 F400.000
G1 X-14.220 Y-198.569 Z1.802 F400.000
G1 X-14.330 Y-198.558 Z1.798 F400.000
G1 X-17.256 Y-198.550 Z1.695 F400.000
G1 X-17.597 Y-198.517 Z1.684 F400.000
G1 X-17.902 Y-198.456 Z1.673 F400.000
G1 X-18.231 Y-198.356 Z1.661 F400.000
G1 X-18.518 Y-198.237 Z1.650 F400.000
G1 X-18.821 Y-198.076 Z1.638 F400.000
G1 X-19.079 Y-197.903 Z1.627 F400.000
G1 X-19.345 Y-197.685 Z1.615 F400.000
G1 X-19.565 Y-197.465 Z1.604 F400.000
G1 X-19.782 Y-197.200 Z1.592 F400.000
G1 X-19.955 Y-196.941 Z1.581 F400.000
G1 X-20.117 Y-196.638 Z1.569 F400.000
G1 X-20.236 Y-196.351 Z1.558 F400.000
G1 X-20.336 Y-196.023 Z1.546 F400.000
G1 X-20.396 Y-195.717 Z1.536 F400.000
G1 X-20.437 Y-195.220 Z1.518 F400.000
G1 X-20.435 Y-186.654 Z1.219 F400.000
G1 X-20.406 Y-186.291 Z1.206 F400.000
G1 X-20.337 Y-185.934 Z1.194 F400.000
G1 X-20.230 Y-185.586 Z1.181 F400.000
G1 X-20.125 Y-185.330 Z1.171 F400.000
G1 X-16.238 Y-176.994 Z0.850 F400.000
G1 X-16.215 Y-176.938 Z0.848 F400.000
G1 X-16.210 Y-176.921 Z0.847 F400.000
G1 X-16.207 Y-176.903 Z0.847 F400.000
G1 X-16.204 Y-176.843 Z0.845 F400.000
G1 X-16.204 Y-173.952 Z0.744 F400.000
G1 X-16.215 Y-173.843 Z0.740 F400.000
G1 X-16.224 Y-173.814 Z0.739 F400.000
G1 X-16.238 Y-173.788 Z0.738 F400.000
G1 X-16.257 Y-173.764 Z0.737 F400.000
G1 X-16.281 Y-173.745 Z0.736 F400.000
G1 X-16.307 Y-173.731 Z0.734 F400.000
G1 X-16.336 Y-173.722 Z0.733 F400.000
G1 X-16.445 Y-173.711 Z0.730 F400.000
G1 X-17.850 Y-173.711 Z0.681 F400.000
G1 X-18.057 Y-173.697 Z0.673 F400.000
G1 X-18.316 Y-173.663 Z0.664 F400.000
G1 X-18.716 Y-173.556 Z0.650 F400.000
G1 X-18.958 Y-173.456 Z0.641 F400.000
G1 X-19.316 Y-173.249 Z0.626 F400.000
G1 X-19.524 Y-173.090 Z0.617 F400.000
G1 X-19.817 Y-172.797 Z0.603 F400.000
G1 X-19.975 Y-172.590 Z0.593 F400.000
G1 X-20.183 Y-172.231 Z0.579 F400.000
G1 X-20.283 Y-171.990 Z0.570 F400.000
G1 X-20.390 Y-171.590 Z0.555 F400.000
G1 X-20.424 Y-171.331 Z0.546 F400.000
G1 X-20.437 Y-171.124 Z0.539 F400.000
G1 X-20.437 Y-170.007 Z0.500 F400.000
G1 X-20.437 Y-171.124 Z0.461 F400.000
G1 X-20.424 Y-171.331 Z0.454 F400.000
G1 X-20.390 Y-171.590 Z0.445 F400.000
G1 X-20.283 Y-171.990 Z0.430 F400.000
G1 X-20.183 Y-172.231 Z0.421 F400.000
G1 X-19.975 Y-172.590 Z0.407 F400.000
G1 X-19.817 Y-172.797 Z0.397 F400.000
G1 X-19.524 Y-173.090 Z0.383 F400.000
G1 X-19.316 Y-173.249 Z0.374 F400.000
G1 X-18.958 Y-173.456 Z0.359 F400.000
G1 X-18.716 Y-173.556 Z0.350 F400.000
G1 X-18.316 Y-173.663 Z0.336 F400.000
G1 X-18.057 Y-173.697 Z0.327 F400.000
G1 X-17.850 Y-173.711 Z0.319 F400.000
G1 X-16.445 Y-173.711 Z0.270 F400.000
G1 X-16.336 Y-173.722 Z0.267 F400.000
G1 X-16.307 Y-173.731 Z0.266 F400.000
G1 X-16.281 Y-173.745 Z0.264 F400.000
G1 X-16.257 Y-173.764 Z0.263 F400.000
G1 X-16.238 Y-173.788 Z0.262 F400.000
G1 X-16.224 Y-173.814 Z0.261 F400.000
G1 X-16.215 Y-173.843 Z0.260 F400.000
G1 X-16.204 Y-173.952 Z0.256 F400.000
G1 X-16.204 Y-176.843 Z0.155 F400.000
G1 X-16.207 Y-176.903 Z0.153 F400.000
G1 X-16.210 Y-176.921 Z0.153 F400.000
G1 X-16.215 Y-176.938 Z0.152 F400.000
G1 X-16.238 Y-176.994 Z0.150 F400.000
G1 X-20.125 Y-185.330 Z-0.171 F400.000
G1 X-20.230 Y-185.586 Z-0.181 F400.000
G1 X-20.337 Y-185.934 Z-0.194 F400.000
G1 X-20.406 Y-186.291 Z-0.206 F400.000
G1 X-20.435 Y-186.654 Z-0.219 F400.000
G1 X-20.437 Y-195.220 Z-0.518 F400.000
G1 X-20.396 Y-195.717 Z-0.536 F400.000
G1 X-20.336 Y-196.023 Z-0.546 F400.000
G1 X-20.236 Y-196.351 Z-0.558 F400.000
G1 X-20.117 Y-196.638 Z-0.569 F400.000
G1 X-19.955 Y-196.941 Z-0.581 F400.000
G1 X-19.782 Y-197.200 Z-0.592 F400.000
G1 X-19.565 Y-197.465 Z-0.604 F400.000
G1 X-19.345 Y-197.685 Z-0.615 F400.000
G1 X-19.079 Y-197.903 Z-0.627 F400.000
G1 X-18.821 Y-198.076 Z-0.638 F400.000
G1 X-18.518 Y-198.237 Z-0.650 F400.000
G1 X-18.231 Y-198.356 Z-0.661 F400.000
G1 X-17.902 Y-198.456 Z-0.673 F400.000
G1 X-17.597 Y-198.517 Z-0.684 F400.000
G1 X-17.256 Y-198.550 Z-0.695 F400.000
G1 X-14.330 Y-198.558 Z-0.798 F400.000
G1 X-14.220 Y-198.569 Z-0.802 F400.000
G1 X-14.191 Y-198.577 Z-0.803 F400.000
G1 X-14.164 Y-198.592 Z-0.804 F400.000
G1 X-14.141 Y-198.611 Z-0.805 F400.000
G1 X-14.121 Y-198.634 Z-0.806 F400.000
G1 X-14.107 Y-198.661 Z-0.807 F400.000
G1 X-14.098 Y-198.690 Z-0.808 F400.000
G1 X-14.087 Y-198.798 Z-0.812 F400.000
G1 X-14.088 Y-200.505 Z-0.871 F400.000
G1 X-14.098 Y-200.613 Z-0.875 F400.000
G1 X-14.107 Y-200.642 Z-0.876 F400.000
G1 X-14.121 Y-200.669 Z-0.877 F400.000
G1 X-14.141 Y-200.692 Z-0.878 F400.000
G1 X-14.164 Y-200.712 Z-0.879 F400.000
G1 X-14.191 Y-200.726 Z-0.880 F400.000
G1 X-14.220 Y-200.735 Z-0.881 F400.000
G1 X-14.328 Y-200.745 Z-0.885 F400.000
G1 X-17.100 Y-200.745 Z-0.982 F400.000
G1 X-17.597 Y-200.787 Z-0.999 F400.000
G1 X-17.902 Y-200.847 Z-1.010 F400.000
G1 X-18.231 Y-200.947 Z-1.022 F400.000
G1 X-18.518 Y-201.066 Z-1.033 F400.000
G1 X-18.821 Y-201.228 Z-1.045 F400.000
G1 X-19.079 Y-201.401 Z-1.056 F400.000
G1 X-19.345 Y-201.618 Z-1.068 F400.000
G1 X-19.565 Y-201.838 Z-1.079 F400.000
G1 X-19.782 Y-202.104 Z-1.091 F400.000
G1 X-19.955 Y-202.362 Z-1.102 F400.000
G1 X-20.117 Y-202.665 Z-1.114 F400.000
G1 X-20.236 Y-202.952 Z-1.125 F400.000
G1 X-20.336 Y-203.281 Z-1.137 F400.000
G1 X-20.396 Y-203.586 Z-1.147 F400.000
G1 X-20.430 Y-203.927 Z-1.159 F400.000
G1 X-20.437 Y-228.000 Z-2.000 F400.000
G1 X-20.430 Y-203.927 Z-2.000 F400.000
G1 X-20.396 Y-203.586 Z-2.000 F400.000
G1 X-20.336 Y-203.281 Z-2.000 F400.000
G1 X-20.236 Y-202.952 Z-2.000 F400.000
G1 X-20.117 Y-202.665 Z-2.000 F400.000
G1 X-19.955 Y-202.362 Z-2.000 F400.000
G1 X-19.782 Y-202.104 Z-2.000 F400.000
G1 X-19.565 Y-201.838 Z-2.000 F400.000
G1 X-19.345 Y-201.618 Z-2.000 F400.000
G1 X-19.079 Y-201.401 Z-2.000 F400.000
G1 X-18.821 Y-201.228 Z-2.000 F400.000
G1 X-18.518 Y-201.066 Z-2.000 F400.000
G1 X-18.231 Y-200.947 Z-2.000 F400.000
G1 X-17.902 Y-200.847 Z-2.000 F400.000
G1 X-17.597 Y-200.787 Z-2.000 F400.000
G1 X-17.100 Y-200.745 Z-2.000 F400.000
G1 X-14.328 Y-200.745 Z-2.000 F400.000
G1 X-14.220 Y-200.735 Z-2.000 F400.000
G1 X-14.191 Y-200.726 Z-2.000 F400.000
G1 X-14.164 Y-200.712 Z-2.000 F400.000
G1 X-14.141 Y-200.692 Z-2.000 F400.000
G1 X-14.121 Y-200.669 Z-2.000 F400.000
G1 X-14.107 Y-200.642 Z-2.000 F400.000
G1 X-14.098 Y-200.613 Z-2.000 F400.000
G1 X-14.088 Y-200.505 Z-2.000 F400.000
G1 X-14.087 Y-198.798 Z-2.000 F400.000
G1 X-14.098 Y-198.690 Z-2.000 F400.000
G1 X-14.107 Y-198.661 Z-2.000 F400.000
G1 X-14.121 Y-198.634 Z-2.000 F400.000
G1 X-14.141 Y-198.611 Z-2.000 F400.000
G1 X-14.164 Y-198.592 Z-2.000 F400.000
G1 X-14.191 Y-198.577 Z-2.000 F400.000
G1 X-14.220 Y-198.569 Z-2.000 F400.000
G1 X-14.330 Y-198.558 Z-2.000 F400.000
G1 X-17.256 Y-198.550 Z-2.000 F400.000
G1 X-17.597 Y-198.517 Z-2.000 F400.000
G1 X-17.902 Y-198.456 Z-2.000 F400.000
G1 X-18.231 Y-198.356 Z-2.000 F400.000
G1 X-18.518 Y-198.237 Z-2.000 F400.000
G1 X-18.821 Y-198.076 Z-2.000 F400.000
G1 X-19.079 Y-197.903 Z-2.000 F400.000
G1 X-19.345 Y-197.685 Z-2.000 F400.000
G1 X-19.565 Y-197.465 Z-2.000 F400.000
G1 X-19.782 Y-197.200 Z-2.000 F400.000
G1 X-19.955 Y-196.941 Z-2.000 F400.000
G1 X-20.117 Y-196.638 Z-2.000 F400.000
G1 X-20.236 Y-196.351 Z-2.000 F400.000
G1 X-20.336 Y-196.023 Z-2.000 F400.000
G1 X-20.396 Y-195.717 Z-2.000 F400.000
G1 X-20.437 Y-195.220 Z-2.000 F400.000
G1 X-20.435 Y-186.654 Z-2.000 F400.000
G1 X-20.406 Y-186.291 Z-2.000 F400.000
G1 X-20.337 Y-185.934 Z-2.000 F400.000
G1 X-20.230 Y-185.586 Z-2.000 F400.000
G1 X-20.125 Y-185.330 Z-2.000 F400.000
G1 X-16.238 Y-176.994 Z-2.000 F400.000
G1 X-16.215 Y-176.938 Z-2.000 F400.000
G1 X-16.210 Y-176.921 Z-2.000 F400.000
G1 X-16.207 Y-176.903 Z-2.000 F400.000
G1 X-16.204 Y-176.843 Z-2.000 F400.000
G1 X-16.204 Y-173.952 Z-2.000 F400.000
G1 X-16.215 Y-173.843 Z-2.000 F400.000
G1 X-16.224 Y-173.814 Z-2.000 F400.000
G1 X-16.238 Y-173.788 Z-2.000 F400.000
G1 X-16.257 Y-173.764 Z-2.000 F400.000
G1 X-16.281 Y-173.745 Z-2.000 F400.000
G1 X-16.307 Y-173.731 Z-2.000 F400.000
G1 X-16.336 Y-173.722 Z-2.000 F400.000
G1 X-16.445 Y-173.711 Z-2.000 F400.000
G1 X-17.850 Y-173.711 Z-2.000 F400.000
G1 X-18.057 Y-173.697 Z-2.000 F400.000
G1 X-18.316 Y-173.663 Z-2.000 F400.000
G1 X-18.716 Y-173.556 Z-2.000 F400.000
G1 X-18.958 Y-173.456 Z-2.000 F400.000
G1 X-19.316 Y-173.249 Z-2.000 F400.000
G1 X-19.524 Y-173.090 Z-2.000 F400.000
G1 X-19.817 Y-172.797 Z-2.000 F400.000
G1 X-19.975 Y-172.590 Z-2.000 F400.000
G1 X-20.183 Y-172.231 Z-2.000 F400.000
G1 X-20.283 Y-171.990 Z-2.000 F400.000
G1 X-20.390 Y-171.590 Z-2.000 F400.000
G1 X-20.424 Y-171.331 Z-2.000 F400.000
G1 X-20.437 Y-171.124 Z-2.000 F400.000
G1 X-20.435 Y-148.170 Z-2.000 F400.000
G1 X-20.406 Y-147.807 Z-2.000 F400.000
G1 X-20.337 Y-147.450 Z-2.000 F400.000
G1 X-20.230 Y-147.102 Z-2.000 F400.000
G1 X-20.125 Y-146.846 Z-2.000 F400.000
G1 X-16.238 Y-138.510 Z-2.000 F400.000
G1 X-16.215 Y-138.454 Z-2.000 F400.000
G1 X-16.210 Y-138.437 Z-2.000 F400.000
G1 X-16.207 Y-138.419 Z-2.000 F400.000
G1 X-16.204 Y-138.359 Z-2.000 F400.000
G1 X-16.204 Y-135.468 Z-2.000 F400.000
G1 X-16.215 Y-135.359 Z-2.000 F400.000
G1 X-16.224 Y-135.330 Z-2.000 F400.000
G1 X-16.238 Y-135.304 Z-2.000 F400.000
G1 X-16.257 Y-135.280 Z-2.000 F400.000
G1 X-16.281 Y-135.261 Z-2.000 F400.000
G1 X-16.307 Y-135.247 Z-2.000 F400.000
G1 X-16.336 Y-135.238 Z-2.000 F400.000
G1 X-16.445 Y-135.227 Z-2.000 F400.000
G1 X-17.850 Y-135.227 Z-2.000 F400.000
G1 X-18.057 Y-135.213 Z-2.000 F400.000
G1 X-18.316 Y-135.179 Z-2.000 F400.000
G1 X-18.716 Y-135.072 Z-2.000 F400.000
G1 X-18.958 Y-134.972 Z-2.000 F400.000
G1 X-19.316 Y-134.765 Z-2.000 F400.000
G1 X-19.524 Y-134.606 Z-2.000 F400.000
G1 X-19.817 Y-134.313 Z-2.000 F400.000
G1 X-19.975 Y-134.106 Z-2.000 F400.000
G1 X-20.183 Y-133.747 Z-2.000 F400.000
G1 X-20.283 Y-133.506 Z-2.000 F400.000
G1 X-20.390 Y-133.106 Z-2.000 F400.000
G1 X-20.424 Y-132.847 Z-2.000 F400.000
G1 X-20.437 Y-132.640 Z-2.000 F400.000
G1 X-20.435 Y-109.686 Z-2.000 F400.000
G1 X-20.406 Y-109.323 Z-2.000 F400.000
G1 X-20.337 Y-108.966 Z-2.000 F400.000
G1 X-20.230 Y-108.618 Z-2.000 F400.000
G1 X-20.125 Y-108.362 Z-2.000 F400.000
G1 X-16.238 Y-100.026 Z-2.000 F400.000
G1 X-16.215 Y-99.969 Z-2.000 F400.000
G1 X-16.210 Y-99.953 Z-2.000 F400.000
G1 X-16.207 Y-99.935 Z-2.000 F400.000
G1 X-16.204 Y-99.875 Z-2.000 F400.000
G1 X-16.204 Y-96.984 Z-2.000 F400.000
G1 X-16.215 Y-96.875 Z-2.000 F400.000
G1 X-16.224 Y-96.846 Z-2.000 F400.000
G1 X-16.238 Y-96.820 Z-2.000 F400.000
G1 X-16.257 Y-96.796 Z-2.000 F400.000
G1 X-16.281 Y-96.777 Z-2.000 F400.000
G1 X-16.307 Y-96.762 Z-2.000 F400.000
G1 X-16.336 Y-96.754 Z-2.000 F400.000
G1 X-16.445 Y-96.743 Z-2.000 F400.000
G1 X-17.850 Y-96.743 Z-2.000 F400.000
G1 X-18.057 Y-96.729 Z-2.000 F400.000
G1 X-18.316 Y-96.695 Z-2.000 F400.000
G1 X-18.716 Y-96.588 Z-2.000 F400.000
G1 X-18.958 Y-96.488 Z-2.000 F400.000
G1 X-19.316 Y-96.281 Z-2.000 F400.000
G1 X-19.524 Y-96.122 Z-2.000 F400.000
G1 X-19.817 Y-95.829 Z-2.000 F400.000
G1 X-19.975 Y-95.622 Z-2.000 F400.000
G1 X-20.183 Y-95.263 Z-2.000 F400.000
G1 X-20.283 Y-95.022 Z-2.000 F400.000
G1 X-20.390 Y-94.622 Z-2.000 F400.000
G1 X-20.424 Y-94.363 Z-2.000 F400.000
G1 X-20.437 Y-94.156 Z-2.000 F400.000
G1 X-20.435 Y-71.202 Z-2.000 F400.000
G1 X-20.406 Y-70.839 Z-2.000 F400.000
G1 X-20.337 Y-70.482 Z-2.000 F400.000
G1 X-20.230 Y-70.134 Z-2.000 F400.000
G1 X-20.125 Y-69.878 Z-2.000 F400.000
G1 X-16.238 Y-61.542 Z-2.000 F400.000
G1 X-16.215 Y-61.485 Z-2.000 F400.000
G1 X-16.210 Y-61.469 Z-2.000 F400.000
G1 X-16.207 Y-61.451 Z-2.000 F400.000
G1 X-16.204 Y-61.391 Z-2.000 F400.000
G1 X-16.204 Y-58.500 Z-2.000 F400.000
G1 X-16.215 Y-58.391 Z-2.000 F400.000
G1 X-16.224 Y-58.362 Z-2.000 F400.000
G1 X-16.238 Y-58.336 Z-2.000 F400.000
G1 X-16.257 Y-58.312 Z-2.000 F400.000
G1 X-16.281 Y-58.293 Z-2.000 F400.000
G1 X-16.307 Y-58.278 Z-2.000 F400.000
G1 X-16.336 Y-58.270 Z-2.000 F400.000
G1 X-16.445 Y-58.259 Z-2.000 F400.000
G1 X-17.850 Y-58.259 Z-2.000 F400.000
G1 X-18.057 Y-58.245 Z-2.000 F400.000
G1 X-18.316 Y-58.211 Z-2.000 F400.000
G1 X-18.716 Y-58.104 Z-2.000 F400.000
G1 X-18.958 Y-58.004 Z-2.000 F400.000
G1 X-19.316 Y-57.797 Z-2.000 F400.000
G1 X-19.524 Y-57.638 Z-2.000 F400.000
G1 X-19.817 Y-57.345 Z-2.000 F400.000
G1 X-19.975 Y-57.138 Z-2.000 F400.000
G1 X-20.183 Y-56.779 Z-2.000 F400.000
G1 X-20.283 Y-56.538 Z-2.000 F400.000
G1 X-20.390 Y-56.138 Z-2.000 F400.000
G1 X-20.424 Y-55.879 Z-2.000 F400.000
G1 X-20.437 Y-55.672 Z-2.000 F400.000
G1 X-20.435 Y-32.718 Z-2.000 F400.000
G1 X-20.406 Y-32.355 Z-2.000 F400.000
G1 X-20.337 Y-31.998 Z-2.000 F400.000
G1 X-20.230 Y-31.650 Z-2.000 F400.000
G1 X-20.125 Y-31.394 Z-2.000 F400.000
G1 X-16.238 Y-23.058 Z-2.000 F400.000
G1 X-16.215 Y-23.001 Z-2.000 F400.000
G1 X-16.210 Y-22.985 Z-2.000 F400.000
G1 X-16.207 Y-22.967 Z-2.000 F400.000
G1 X-16.204 Y-22.907 Z-2.000 F400.000
G1 X-16.204 Y-20.015 Z-2.000 F400.000
G1 X-16.215 Y-19.907 Z-2.000 F400.000
G1 X-16.224 Y-19.878 Z-2.000 F400.000
G1 X-16.238 Y-19.851 Z-2.000 F400.000
G1 X-16.257 Y-19.828 Z-2.000 F400.000
G1 X-16.281 Y-19.809 Z-2.000 F400.000
G1 X-16.307 Y-19.794 Z-2.000 F400.000
G1 X-16.336 Y-19.786 Z-2.000 F400.000
G1 X-16.445 Y-19.775 Z-2.000 F400.000
G1 X-17.850 Y-19.775 Z-2.000 F400.000
G1 X-18.057 Y-19.761 Z-2.000 F400.000
G1 X-18.316 Y-19.727 Z-2.000 F400.000
G1 X-18.716 Y-19.620 Z-2.000 F400.000
G1 X-18.958 Y-19.520 Z-2.000 F400.000
G1 X-19.316 Y-19.313 Z-2.000 F400.000
G1 X-19.524 Y-19.154 Z-2.000 F400.000
G1 X-19.817 Y-18.861 Z-2.000 F400.000
G1 X-19.975 Y-18.654 Z-2.000 F400.000
G1 X-20.183 Y-18.295 Z-2.000 F400.000
G1 X-20.283 Y-18.054 Z-2.000 F400.000
G1 X-20.390 Y-17.654 Z-2.000 F400.000
G1 X-20.424 Y-17.395 Z-2.000 F400.000
G1 X-20.437 Y-17.188 Z-2.000 F400.000
G1 X-20.437 Y-3.000 Z-2.000 F400.000
G0 X-20.437 Y-3.000 Z5.000
G0 X-20.437 Y-228.000 Z5.000
G0 X-20.437 Y-228.000 Z3.000
G1 X-20.430 Y-203.927 Z2.159 F400.000
G1 X-20.396 Y-203.586 Z2.147 F400.000
G1 X-20.336 Y-203.281 Z2.137 F400.000
G1 X-20.236 Y-202.952 Z2.125 F400.000
G1 X-20.117 Y-202.665 Z2.114 F400.000
G1 X-19.955 Y-202.362 Z2.102 F400.000
G1 X-19.782 Y-202.104 Z2.091 F400.000
G1 X-19.565 Y-201.838 Z2.079 F400.000
G1 X-19.345 Y-201.618 Z2.068 F400.000
G1 X-19.079 Y-201.401 Z2.056 F400.000
G1 X-18.821 Y-201.228 Z2.045 F400.000
G1 X-18.518 Y-201.066 Z2.033 F400.000
G1 X-18.231 Y-200.947 Z2.022 F400.000
G1 X-17.902 Y-200.847 Z2.010 F400.000
G1 X-17.597 Y-200.787 Z1.999 F400.000
G1 X-17.100 Y-200.745 Z1.982 F400.000
G1 X-14.328 Y-200.745 Z1.885 F400.000
G1 X-14.220 Y-200.735 Z1.881 F400.000
G1 X-14.191 Y-200.726 Z1.880 F400.000
G1 X-14.164 Y-200.712 Z1.879 F400.000
G1 X-14.141 Y-200.692 Z1.878 F400.000
G1 X-14.121 Y-200.669 Z1.877 F400.000
G1 X-14.107 Y-200.642 Z1.876 F400.000
G1 X-14.098 Y-200.613 Z1.875 F400.000
G1 X-14.088 Y-200.505 Z1.871 F400.000
G1 X-14.087 Y-198.798 Z1.812 F400.000
G1 X-14.098 Y-198.690 Z1.808 F400.000
G1 X-14.107 Y-198.661 Z1.807 F400.000
G1 X-14.121 Y-198.634 Z1.806 F400.000
G1 X-14.141 Y-198.611 Z1.805 F400.000
G1 X-14.164 Y-198.592 Z1.804 F400.000
G1 X-14.191 Y-198.577 Z1.803 F400.000
G1 X-14.220 Y-198.569 Z1.802 F400.000
G1 X-14.330 Y-198.558 Z1.798 F400.000
G1 X-17.256 Y-198.550 Z1.695 F400.000
G1 X-17.597 Y-198.517 Z1.684 F400.000
G1 X-17.902 Y-198.456 Z1.673 F400.000
G1 X-18.231 Y-198.356 Z1.661 F400.000
G1 X-18.518 Y-198.237 Z1.650 F400.000
G1 X-18.821 Y-198.076 Z1.638 F400.000
G1 X-19.079 Y-197.903 Z1.627 F400.000
G1 X-19.345 Y-197.685 Z1.615 F400.000
G1 X-19.565 Y-197.465 Z1.604 F400.000
G1 X-19.782 Y-197.200 Z1.592 F400.000
G1 X-19.955 Y-196.941 Z1.581 F400.000
G1 X-20.117 Y-196.638 Z1.569 F400.000
G1 X-20.236 Y-196.351 Z1.558 F400.000
G1 X-20.336 Y-196.023 Z1.546 F400.000
G1 X-20.396 Y-195.717 Z1.536 F400.000
G1 X-20.437 Y-195.220 Z1.518 F400.000
G1 X-20.435 Y-186.654 Z1.219 F400.000
G1 X-20.406 Y-186.291 Z1.206 F400.000
G1 X-20.337 Y-185.934 Z1.194 F400.000
G1 X-20.230 Y-185.586 Z1.181 F400.000
G1 X-20.125 Y-185.330 Z1.171 F400.000
G1 X-16.238 Y-176.994 Z0.850 F400.000
G1 X-16.215 Y-176.938 Z0.848 F400.000
G1 X-16.210 Y-176.921 Z0.847 F400.000
G1 X-16.207 Y-176.903 Z0.847 F400.000
G1 X-16.204 Y-176.843 Z0.845 F400.000
G1 X-16.204 Y-173.952 Z0.744 F400.000
G1 X-16.215 Y-173.843 Z0.740 F400.000
G1 X-16.224 Y-173.814 Z0.739 F400.000
G1 X-16.238 Y-173.788 Z0.738 F400.000
G1 X-16.257 Y-173.764 Z0.737 F400.000
G1 X-16.281 Y-173.745 Z0.736 F400.000
G1 X-16.307 Y-173.731 Z0.734 F400.000
G1 X-16.336 Y-173.722 Z0.733 F400.000
G1 X-16.445 Y-173.711 Z0.730 F400.000
G1 X-17.850 Y-173.711 Z0.681 F400.000
G1 X-18.057 Y-173.697 Z0.673 F400.000
G1 X-18.316 Y-173.663 Z0.664 F400.000
G1 X-18.716 Y-173.556 Z0.650 F400.000
G1 X-18.958 Y-173.456 Z0.641 F400.000
G1 X-19.316 Y-173.249 Z0.626 F400.000
G1 X-19.524 Y-173.090 Z0.617 F400.000
G1 X-19.817 Y-172.797 Z0.603 F400.000
G1 X-19.975 Y-172.590 Z0.593 F400.000
G1 X-20.183 Y-172.231 Z0.579 F400.000
G1 X-20.283 Y-171.990 Z0.570 F400.000
G1 X-20.390 Y-171.590 Z0.555 F400.000
G1 X-20.424 Y-171.331 Z0.546 F400.000
G1 X-20.437 Y-171.124 Z0.539 F400.000
G1 X-20.437 Y-167.144 Z0.400 F400.000
G1 X-20.437 Y-171.124 Z0.261 F400.000
G1 X-20.424 Y-171.331 Z0.254 F400.000
G1 X-20.390 Y-171.590 Z0.245 F400.000
G1 X-20.283 Y-171.990 Z0.230 F400.000
G1 X-20.183 Y-172.231 Z0.221 F400.000
G1 X-19.975 Y-172.590 Z0.207 F400.000
G1 X-19.817 Y-172.797 Z0.197 F400.000
G1 X-19.524 Y-173.090 Z0.183 F400.000
G1 X-19.316 Y-173.249 Z0.174 F400.000
G1 X-18.958 Y-173.456 Z0.159 F400.000
G1 X-18.716 Y-173.556 Z0.150 F400.000
G1 X-18.316 Y-173.663 Z0.136 F400.000
G1 X-18.057 Y-173.697 Z0.127 F400.000
G1 X-17.850 Y-173.711 Z0.119 F400.000
G1 X-16.445 Y-173.711 Z0.070 F400.000
G1 X-16.336 Y-173.722 Z0.067 F400.000
G1 X-16.307 Y-173.731 Z0.066 F400.000
G1 X-16.281 Y-173.745 Z0.064 F400.000
G1 X-16.257 Y-173.764 Z0.063 F400.000
G1 X-16.238 Y-173.788 Z0.062 F400.000
G1 X-16.224 Y-173.814 Z0.061 F400.000
G1 X-16.215 Y-173.843 Z0.060 F400.000
G1 X-16.204 Y-173.952 Z0.056 F400.000
G1 X-16.204 Y-176.843 Z-0.045 F400.000
G1 X-16.207 Y-176.903 Z-0.047 F400.000
G1 X-16.210 Y-176.921 Z-0.047 F400.000
G1 X-16.215 Y-176.938 Z-0.048 F400.000
G1 X-16.238 Y-176.994 Z-0.050 F400.000
G1 X-20.125 Y-185.330 Z-0.371 F400.000
G1 X-20.230 Y-185.586 Z-0.381 F400.000
G1 X-20.337 Y-185.934 Z-0.394 F400.000
G1 X-20.406 Y-186.291 Z-0.406 F400.000
G1 X-20.435 Y-186.654 Z-0.419 F400.000
G1 X-20.437 Y-195.220 Z-0.718 F400.000
G1 X-20.396 Y-195.717 Z-0.736 F400.000
G1 X-20.336 Y-196.023 Z-0.746 F400.000
G1 X-20.236 Y-196.351 Z-0.758 F400.000
G1 X-20.117 Y-196.638 Z-0.769 F400.000
G1 X-19.955 Y-196.941 Z-0.781 F400.000
G1 X-19.782 Y-197.200 Z-0.792 F400.000
G1 X-19.565 Y-197.465 Z-0.804 F400.000
G1 X-19.345 Y-197.685 Z-0.815 F400.000
G1 X-19.079 Y-197.903 Z-0.827 F400.000
G1 X-18.821 Y-198.076 Z-0.838 F400.000
G1 X-18.518 Y-198.237 Z-0.850 F400.000
G1 X-18.231 Y-198.356 Z-0.861 F400.000
G1 X-17.902 Y-198.456 Z-0.873 F400.000
G1 X-17.597 Y-198.517 Z-0.884 F400.000
G1 X-17.256 Y-198.550 Z-0.895 F400.000
G1 X-14.330 Y-198.558 Z-0.998 F400.000
G1 X-14.220 Y-198.569 Z-1.002 F400.000
G1 X-14.191 Y-198.577 Z-1.003 F400.000
G1 X-14.164 Y-198.592 Z-1.004 F400.000
G1 X-14.141 Y-198.611 Z-1.005 F400.000
G1 X-14.121 Y-198.634 Z-1.006 F400.000
G1 X-14.107 Y-198.661 Z-1.007 F400.000
G1 X-14.098 Y-198.690 Z-1.008 F400.000
G1 X-14.087 Y-198.798 Z-1.012 F400.000
G1 X-14.088 Y-200.505 Z-1.071 F400.000
G1 X-14.098 Y-200.613 Z-1.075 F400.000
G1 X-14.107 Y-200.642 Z-1.076 F400.000
G1 X-14.121 Y-200.669 Z-1.077 F400.000
G1 X-14.141 Y-200.692 Z-1.078 F400.000
G1 X-14.164 Y-200.712 Z-1.079 F400.000
G1 X-14.191 Y-200.726 Z-1.080 F400.000
G1 X-14.220 Y-200.735 Z-1.081 F400.000
G1 X-14.328 Y-200.745 Z-1.085 F400.000
G1 X-17.100 Y-200.745 Z-1.182 F400.000
G1 X-17.597 Y-200.787 Z-1.199 F400.000
G1 X-17.902 Y-200.847 Z-1.210 F400.000
G1 X-18.231 Y-200.947 Z-1.222 F400.000
G1 X-18.518 Y-201.066 Z-1.233 F400.000
G1 X-18.821 Y-201.228 Z-1.245 F400.000
G1 X-19.079 Y-201.401 Z-1.256 F400.000
G1 X-19.345 Y-201.618 Z-1.268 F400.000
G1 X-19.565 Y-201.838 Z-1.279 F400.000
G1 X-19.782 Y-202.104 Z-1.291 F400.000
G1 X-19.955 Y-202.362 Z-1.302 F400.000
G1 X-20.117 Y-202.665 Z-1.314 F400.000
G1 X-20.236 Y-202.952 Z-1.325 F400.000
G1 X-20.336 Y-203.281 Z-1.337 F400.000
G1 X-20.396 Y-203.586 Z-1.347 F400.000
G1 X-20.430 Y-203.927 Z-1.359 F400.000
G1 X-20.437 Y-228.000 Z-2.200 F400.000
G1 X-20.430 Y-203.927 Z-2.200 F400.000
G1 X-20.396 Y-203.586 Z-2.200 F400.000
G1 X-20.336 Y-203.281 Z-2.200 F400.000
G1 X-20.236 Y-202.952 Z-2.200 F400.000
G1 X-20.117 Y-202.665 Z-2.200 F400.000
G1 X-19.955 Y-202.362 Z-2.200 F400.000
G1 X-19.782 Y-202.104 Z-2.200 F400.000
G1 X-19.565 Y-201.838 Z-2.200 F400.000
G1 X-19.345 Y-201.618 Z-2.200 F400.000
G1 X-19.079 Y-201.401 Z-2.200 F400.000
G1 X-18.821 Y-201.228 Z-2.200 F400.000
G1 X-18.518 Y-201.066 Z-2.200 F400.000
G1 X-18.231 Y-200.947 Z-2.200 F400.000
G1 X-17.902 Y-200.847 Z-2.200 F400.000
G1 X-17.597 Y-200.787 Z-2.200 F400.000
G1 X-17.100 Y-200.745 Z-2.200 F400.000
G1 X-14.328 Y-200.745 Z-2.200 F400.000
G1 X-14.220 Y-200.735 Z-2.200 F400.000
G1 X-14.191 Y-200.726 Z-2.200 F400.000
G1 X-14.164 Y-200.712 Z-2.200 F400.000
G1 X-14.141 Y-200.692 Z-2.200 F400.000
G1 X-14.121 Y-200.669 Z-2.200 F400.000
G1 X-14.107 Y-200.642 Z-2.200 F400.000
G1 X-14.098 Y-200.613 Z-2.200 F400.000
G1 X-14.088 Y-200.505 Z-2.200 F400.000
G1 X-14.087 Y-198.798 Z-2.200 F400.000
G1 X-14.098 Y-198.690 Z-2.200 F400.000
G1 X-14.107 Y-198.661 Z-2.200 F400.000
G1 X-14.121 Y-198.634 Z-2.200 F400.000
G1 X-14.141 Y-198.611 Z-2.200 F400.000
G1 X-14.164 Y-198.592 Z-2.200 F400.000
G1 X-14.191 Y-198.577 Z-2.200 F400.000
G1 X-14.220 Y-198.569 Z-2.200 F400.000
G1 X-14.330 Y-198.558 Z-2.200 F400.000
G1 X-17.256 Y-198.550 Z-2.200 F400.000
G1 X-17.597 Y-198.517 Z-2.200 F400.000
G1 X-17.902 Y-198.456 Z-2.200 F400.000
G1 X-18.231 Y-198.356 Z-2.200 F400.000
G1 X-18.518 Y-198.237 Z-2.200 F400.000
G1 X-18.821 Y-198.076 Z-2.200 F400.000
G1 X-19.079 Y-197.903 Z-2.200 F400.000
G1 X-19.345 Y-197.685 Z-2.200 F400.000
G1 X-19.565 Y-197.465 Z-2.200 F400.000
G1 X-19.782 Y-197.200 Z-2.200 F400.000
G1 X-19.955 Y-196.941 Z-2.200 F400.000
G1 X-20.117 Y-196.638 Z-2.200 F400.000
G1 X-20.236 Y-196.351 Z-2.200 F400.000
G1 X-20.336 Y-196.023 Z-2.200 F400.000
G1 X-20.396 Y-195.717 Z-2.200 F400.000
G1 X-20.437 Y-195.220 Z-2.200 F400.000
G1 X-20.435 Y-186.654 Z-2.200 F400.000
G1 X-20.406 Y-186.291 Z-2.200 F400.000
G1 X-20.337 Y-185.934 Z-2.200 F400.000
G1 X-20.230 Y-185.586 Z-2.200 F400.000
G1 X-20.125 Y-185.330 Z-2.200 F400.000
G1 X-16.238 Y-176.994 Z-2.200 F400.000
G1 X-16.215 Y-176.938 Z-2.200 F400.000
G1 X-16.210 Y-176.921 Z-2.200 F400.000
G1 X-16.207 Y-176.903 Z-2.200 F400.000
G1 X-16.204 Y-176.843 Z-2.200 F400.000
G1 X-16.204 Y-173.952 Z-2.200 F400.000
G1 X-16.215 Y-173.843 Z-2.200 F400.000
G1 X-16.224 Y-173.814 Z-2.200 F400.000
G1 X-16.238 Y-173.788 Z-2.200 F400.000
G1 X-16.257 Y-173.764 Z-2.200 F400.000
G1 X-16.281 Y-173.745 Z-2.200 F400.000
G1 X-16.307 Y-173.731 Z-2.200 F400.000
G1 X-16.336 Y-173.722 Z-2.200 F400.000
G1 X-16.445 Y-173.711 Z-2.200 F400.000
G1 X-17.850 Y-173.711 Z-2.200 F400.000
G1 X-18.057 Y-173.697 Z-2.200 F400.000
G1 X-18.316 Y-173.663 Z-2.200 F400.000
G1 X-18.716 Y-173.556 Z-2.200 F400.000
G1 X-18.958 Y-173.456 Z-2.200 F400.000
G1 X-19.316 Y-173.249 Z-2.200 F400.000
G1 X-19.524 Y-173.090 Z-2.200 F400.000
G1 X-19.817 Y-172.797 Z-2.200 F400.000
G1 X-19.975 Y-172.590 Z-2.200 F400.000
G1 X-20.183 Y-172.231 Z-2.200 F400.000
G1 X-20.283 Y-171.990 Z-2.200 F400.000
G1 X-20.390 Y-171.590 Z-2.200 F400.000
G1 X-20.424 Y-171.331 Z-2.200 F400.000
G1 X-20.437 Y-171.124 Z-2.200 F400.000
G1 X-20.435 Y-148.170 Z-2.200 F400.000
G1 X-20.406 Y-147.807 Z-2.200 F400.000
G1 X-20.337 Y-147.450 Z-2.200 F400.000
G1 X-20.230 Y-147.102 Z-2.200 F400.000
G1 X-20.125 Y-146.846 Z-2.200 F400.000
G1 X-16.238 Y-138.510 Z-2.200 F400.000
G1 X-16.215 Y-138.454 Z-2.200 F400.000
G1 X-16.210 Y-138.437 Z-2.200 F400.000
G1 X-16.207 Y-138.419 Z-2.200 F400.000
G1 X-16.204 Y-138.359 Z-2.200 F400.000
G1 X-16.204 Y-135.468 Z-2.200 F400.000
G1 X-16.215 Y-135.359 Z-2.200 F400.000
G1 X-16.224 Y-135.330 Z-2.200 F400.000
G1 X-16.238 Y-135.304 Z-2.200 F400.000
G1 X-16.257 Y-135.280 Z-2.200 F400.000
G1 X-16.281 Y-135.261 Z-2.200 F400.000
G1 X-16.307 Y-135.247 Z-2.200 F400.000
G1 X-16.336 Y-135.238 Z-2.200 F400.000
G1 X-16.445 Y-135.227 Z-2.200 F400.000
G1 X-17.850 Y-135.227 Z-2.200 F400.000
G1 X-18.057 Y-135.213 Z-2.200 F400.000
G1 X-18.316 Y-135.179 Z-2.200 F400.000
G1 X-18.716 Y-135.072 Z-2.200 F400.000
G1 X-18.958 Y-134.972 Z-2.200 F400.000
G1 X-19.316 Y-134.765 Z-2.200 F400.000
G1 X-19.524 Y-134.606 Z-2.200 F400.000
G1 X-19.817 Y-134.313 Z-2.200 F400.000
G1 X-19.975 Y-134.106 Z-2.200 F400.000
G1 X-20.183 Y-133.747 Z-2.200 F400.000
G1 X-20.283 Y-133.506 Z-2.200 F400.000
G1 X-20.390 Y-133.106 Z-2.200 F400.000
G1 X-20.424 Y-132.847 Z-2.200 F400.000
G1 X-20.437 Y-132.640 Z-2.200 F400.000
G1 X-20.435 Y-109.686 Z-2.200 F400.000
G1 X-20.406 Y-109.323 Z-2.200 F400.000
G1 X-20.337 Y-108.966 Z-2.200 F400.000
G1 X-20.230 Y-108.618 Z-2.200 F400.000
G1 X-20.125 Y-108.362 Z-2.200 F400.000
G1 X-16.238 Y-100.026 Z-2.200 F400.000
G1 X-16.215 Y-99.969 Z-2.200 F400.000
G1 X-16.210 Y-99.953 Z-2.200 F400.000
G1 X-16.207 Y-99.935 Z-2.200 F400.000
G1 X-16.204 Y-99.875 Z-2.200 F400.000
G1 X-16.204 Y-96.984 Z-2.200 F400.000
G1 X-16.215 Y-96.875 Z-2.200 F400.000
G1 X-16.224 Y-96.846 Z-2.200 F400.000
G1 X-16.238 Y-96.820 Z-2.200 F400.000
G1 X-16.257 Y-96.796 Z-2.200 F400.000
G1 X-16.281 Y-96.777 Z-2.200 F400.000
G1 X-16.307 Y-96.762 Z-2.200 F400.000
G1 X-16.336 Y-96.754 Z-2.200 F400.000
G1 X-16.445 Y-96.743 Z-2.200 F400.000
G1 X-17.850 Y-96.743 Z-2.200 F400.000
G1 X-18.057 Y-96.729 Z-2.200 F400.000
G1 X-18.316 Y-96.695 Z-2.200 F400.000
G1 X-18.716 Y-96.588 Z-2.200 F400.000
G1 X-18.958 Y-96.488 Z-2.200 F400.000
G1 X-19.316 Y-96.281 Z-2.200 F400.000
G1 X-19.524 Y-96.122 Z-2.200 F400.000
G1 X-19.817 Y-95.829 Z-2.200 F400.000
G1 X-19.975 Y-95.622 Z-2.200 F400.000
G1 X-20.183 Y-95.263 Z-2.200 F400.000
G1 X-20.283 Y-95.022 Z-2.200 F400.000
G1 X-20.390 Y-94.622 Z-2.200 F400.000
G1 X-20.424 Y-94.363 Z-2.200 F400.000
G1 X-20.437 Y-94.156 Z-2.200 F400.000
G1 X-20.435 Y-71.202 Z-2.200 F400.000
G1 X-20.406 Y-70.839 Z-2.200 F400.000
G1 X-20.337 Y-70.482 Z-2.200 F400.000
G1 X-20.230 Y-70.134 Z-2.200 F400.000
G1 X-20.125 Y-69.878 Z-2.200 F400.000
G1 X-16.238 Y-61.542 Z-2.200 F400.000
G1 X-16.215 Y-61.485 Z-2.200 F400.000
G1 X-16.210 Y-61.469 Z-2.200 F400.000
G1 X-16.207 Y-61.451 Z-2.200 F400.000
G1 X-16.204 Y-61.391 Z-2.200 F400.000
G1 X-16.204 Y-58.500 Z-2.200 F400.000
G1 X-16.215 Y-58.391 Z-2.200 F400.000
G1 X-16.224 Y-58.362 Z-2.200 F400.000
G1 X-16.238 Y-58.336 Z-2.200 F400.000
G1 X-16.257 Y-58.312 Z-2.200 F400.000
G1 X-16.281 Y-58.293 Z-2.200 F400.000
G1 X-16.307 Y-58.278 Z-2.200 F400.000
G1 X-16.336 Y-58.270 Z-2.200 F400.000
G1 X-16.445 Y-58.259 Z-2.200 F400.000
G1 X-17.850 Y-58.259 Z-2.200 F400.000
G1 X-18.057 Y-58.245 Z-2.200 F400.000
G1 X-18.316 Y-58.211 Z-2.200 F400.000
G1 X-18.716 Y-58.104 Z-2.200 F400.000
G1 X-18.958 Y-58.004 Z-2.200 F400.000
G1 X-19.316 Y-57.797 Z-2.200 F400.000
G1 X-19.524 Y-57.638 Z-2.200 F400.000
G1 X-19.817 Y-57.345 Z-2.200 F400.000
G1 X-19.975 Y-57.138 Z-2.200 F400.000
G1 X-20.183 Y-56.779 Z-2.200 F400.000
G1 X-20.283 Y-56.538 Z-2.200 F400.000
G1 X-20.390 Y-56.138 Z-2.200 F400.000
G1 X-20.424 Y-55.879 Z-2.200 F400.000
G1 X-20.437 Y-55.672 Z-2.200 F400.000
G1 X-20.435 Y-32.718 Z-2.200 F400.000
G1 X-20.406 Y-32.355 Z-2.200 F400.000
G1 X-20.337 Y-31.998 Z-2.200 F400.000
G1 X-20.230 Y-31.650 Z-2.200 F400.000
G1 X-20.125 Y-31.394 Z-2.200 F400.000
G1 X-16.238 Y-23.058 Z-2.200 F400.000
G1 X-16.215 Y-23.001 Z-2.200 F400.000
G1 X-16.210 Y-22.985 Z-2.200 F400.000
G1 X-16.207 Y-22.967 Z-2.200 F400.000
G1 X-16.204 Y-22.907 Z-2.200 F400.000
G1 X-16.204 Y-20.015 Z-2.200 F400.000
G1 X-16.215 Y-19.907 Z-2.200 F400.000
G1 X-16.224 Y-19.878 Z-2.200 F400.000
G1 X-16.238 Y-19.851 Z-2.200 F400.000
G1 X-16.257 Y-19.828 Z-2.200 F400.000
G1 X-16.281 Y-19.809 Z-2.200 F400.000
G1 X-16.307 Y-19.794 Z-2.200 F400.000
G1 X-16.336 Y-19.786 Z-2.200 F400.000
G1 X-16.445 Y-19.775 Z-2.200 F400.000
G1 X-17.850 Y-19.775 Z-2.200 F400.000
G1 X-18.057 Y-19.761 Z-2.200 F400.000
G1 X-18.316 Y-19.727 Z-2.200 F400.000
G1 X-18.716 Y-19.620 Z-2.200 F400.000
G1 X-18.958 Y-19.520 Z-2.200 F400.000
G1 X-19.316 Y-19.313 Z-2.200 F400.000
G1 X-19.524 Y-19.154 Z-2.200 F400.000
G1 X-19.817 Y-18.861 Z-2.200 F400.000
G1 X-19.975 Y-18.654 Z-2.200 F400.000
G1 X-20.183 Y-18.295 Z-2.200 F400.000
G1 X-20.283 Y-18.054 Z-2.200 F400.000
G1 X-20.390 Y-17.654 Z-2.200 F400.000
G1 X-20.424 Y-17.395 Z-2.200 F400.000
G1 X-20.437 Y-17.188 Z-2.200 F400.000
G1 X-20.437 Y-3.000 Z-2.200 F400.000
G0 X-20.437 Y-3.000 Z5.000
G0 X-20.437 Y-228.000 Z5.000
G0 X-20.437 Y-228.000 Z3.000
G1 X-20.430 Y-203.927 Z2.159 F400.000
G1 X-20.396 Y-203.586 Z2.147 F400.000
G1 X-20.336 Y-203.281 Z2.137 F400.000
G1 X-20.236 Y-202.952 Z2.125 F400.000
G1 X-20.117 Y-202.665 Z2.114 F400.000
G1 X-19.955 Y-202.362 Z2.102 F400.000
G1 X-19.782 Y-202.104 Z2.091 F400.000
G1 X-19.565 Y-201.838 Z2.079 F400.000
G1 X-19.345 Y-201.618 Z2.068 F400.000
G1 X-19.079 Y-201.401 Z2.056 F400.000
G1 X-18.821 Y-201.228 Z2.045 F400.000
G1 X-18.518 Y-201.066 Z2.033 F400.000
G1 X-18.231 Y-200.947 Z2.022 F400.000
G1 X-17.902 Y-200.847 Z2.010 F400.000
G1 X-17.597 Y-200.787 Z1.999 F400.000
G1 X-17.100 Y-200.745 Z1.982 F400.000
G1 X-14.328 Y-200.745 Z1.885 F400.000
G1 X-14.220 Y-200.735 Z1.881 F400.000
G1 X-14.191 Y-200.726 Z1.880 F400.000
G1 X-14.164 Y-200.712 Z1.879 F400.000
G1 X-14.141 Y-200.692 Z1.878 F400.000
G1 X-14.121 Y-200.669 Z1.877 F400.000
G1 X-14.107 Y-200.642 Z1.876 F400.000
G1 X-14.098 Y-200.613 Z1.875 F400.000
G1 X-14.088 Y-200.505 Z1.871 F400.000
G1 X-14.087 Y-198.798 Z1.812 F400.000
G1 X-14.098 Y-198.690 Z1.808 F400.000
G1 X-14.107 Y-198.661 Z1.807 F400.000
G1 X-14.121 Y-198.634 Z1.806 F400.000
G1 X-14.141 Y-198.611 Z1.805 F400.000
G1 X-14.164 Y-198.592 Z1.804 F400.000
G1 X-14.191 Y-198.577 Z1.803 F400.000
G1 X-14.220 Y-198.569 Z1.802 F400.000
G1 X-14.330 Y-198.558 Z1.798 F400.000
G1 X-17.256 Y-198.550 Z1.695 F400.000
G1 X-17.597 Y-198.517 Z1.684 F400.000
G1 X-17.902 Y-198.456 Z1.673 F400.000
G1 X-18.231 Y-198.356 Z1.661 F400.000
G1 X-18.518 Y-198.237 Z1.650 F400.000
G1 X-18.821 Y-198.076 Z1.638 F400.000
G1 X-19.079 Y-197.903 Z1.627 F400.000
G1 X-19.345 Y-197.685 Z1.615 F400.000
G1 X-19.565 Y-197.465 Z1.604 F400.000
G1 X-19.782 Y-197.200 Z1.592 F400.000
G1 X-19.955 Y-196.941 Z1.581 F400.000
G1 X-20.117 Y-196.638 Z1.569 F400.000
G1 X-20.236 Y-196.351 Z1.558 F400.000
G1 X-20.336 Y-196.023 Z1.546 F400.000
G1 X-20.396 Y-195.717 Z1.536 F400.000
G1 X-20.437 Y-195.220 Z1.518 F400.000
G1 X-20.435 Y-186.654 Z1.219 F400.000
G1 X-20.406 Y-186.291 Z1.206 F400.000
G1 X-20.337 Y-185.934 Z1.194 F400.000
G1 X-20.230 Y-185.586 Z1.181 F400.000
G1 X-20.125 Y-185.330 Z1.171 F400.000
G1 X-16.238 Y-176.994 Z0.850 F400.000
G1 X-16.215 Y-176.938 Z0.848 F400.000
G1 X-16.210 Y-176.921 Z0.847 F400.000
G1 X-16.207 Y-176.903 Z0.847 F400.000
G1 X-16.204 Y-176.843 Z0.845 F400.000
G1 X-16.204 Y-173.952 Z0.744 F400.000
G1 X-16.215 Y-173.843 Z0.740 F400.000
G1 X-16.224 Y-173.814 Z0.739 F400.000
G1 X-16.238 Y-173.788 Z0.738 F400.000
G1 X-16.257 Y-173.764 Z0.737 F400.000
G1 X-16.281 Y-173.745 Z0.736 F400.000
G1 X-16.307 Y-173.731 Z0.734 F400.000
G1 X-16.336 Y-173.722 Z0.733 F400.000
G1 X-16.445 Y-173.711 Z0.730 F400.000
G1 X-17.850 Y-173.711 Z0.681 F400.000
G1 X-18.057 Y-173.697 Z0.673 F400.000
G1 X-18.316 Y-173.663 Z0.664 F400.000
G1 X-18.716 Y-173.556 Z0.650 F400.000
G1 X-18.958 Y-173.456 Z0.641 F400.000
G1 X-19.316 Y-173.249 Z0.626 F400.000
G1 X-19.524 Y-173.090 Z0.617 F400.000
G1 X-19.817 Y-172.797 Z0.603 F400.000
G1 X-19.975 Y-172.590 Z0.593 F400.000
G1 X-20.183 Y-172.231 Z0.579 F400.000
G1 X-20.283 Y-171.990 Z0.570 F400.000
G1 X-20.390 Y-171.590 Z0.555 F400.000
G1 X-20.424 Y-171.331 Z0.546 F400.000
G1 X-20.437 Y-171.124 Z0.539 F400.000
G1 X-20.437 Y-164.280 Z0.300 F400.000
G1 X-20.437 Y-171.124 Z0.061 F400.000
G1 X-20.424 Y-171.331 Z0.054 F400.000
G1 X-20.390 Y-171.590 Z0.045 F400.000
G1 X-20.283 Y-171.990 Z0.030 F400.000
G1 X-20.183 Y-172.231 Z0.021 F400.000
G1 X-19.975 Y-172.590 Z0.007 F400.000
G1 X-19.817 Y-172.797 Z-0.003 F400.000
G1 X-19.524 Y-173.090 Z-0.017 F400.000
G1 X-19.316 Y-173.249 Z-0.026 F400.000
G1 X-18.958 Y-173.456 Z-0.041 F400.000
G1 X-18.716 Y-173.556 Z-0.050 F400.000
G1 X-18.316 Y-173.663 Z-0.064 F400.000
G1 X-18.057 Y-173.697 Z-0.073 F400.000
G1 X-17.850 Y-173.711 Z-0.081 F400.000
G1 X-16.445 Y-173.711 Z-0.130 F400.000
G1 X-16.336 Y-173.722 Z-0.133 F400.000
G1 X-16.307 Y-173.731 Z-0.134 F400.000
G1 X-16.281 Y-173.745 Z-0.136 F400.000
G1 X-16.257 Y-173.764 Z-0.137 F400.000
G1 X-16.238 Y-173.788 Z-0.138 F400.000
G1 X-16.224 Y-173.814 Z-0.139 F400.000
G1 X-16.215 Y-173.843 Z-0.140 F400.000
G1 X-16.204 Y-173.952 Z-0.144 F400.000
G1 X-16.204 Y-176.843 Z-0.245 F400.000
G1 X-16.207 Y-176.903 Z-0.247 F400.000
G1 X-16.210 Y-176.921 Z-0.247 F400.000
G1 X-16.215 Y-176.938 Z-0.248 F400.000
G1 X-16.238 Y-176.994 Z-0.250 F400.000
G1 X-20.125 Y-185.330 Z-0.571 F400.000
G1 X-20.230 Y-185.586 Z-0.581 F400.000
G1 X-20.337 Y-185.934 Z-0.594 F400.000
G1 X-20.406 Y-186.291 Z-0.606 F400.000
G1 X-20.435 Y-186.654 Z-0.619 F400.000
G1 X-20.437 Y-195.220 Z-0.918 F400.000
G1 X-20.396 Y-195.717 Z-0.936 F400.000
G1 X-20.336 Y-196.023 Z-0.946 F400.000
G1 X-20.236 Y-196.351 Z-0.958 F400.000
G1 X-20.117 Y-196.638 Z-0.969 F400.000
G1 X-19.955 Y-196.941 Z-0.981 F400.000
G1 X-19.782 Y-197.200 Z-0.992 F400.000
G1 X-19.565 Y-197.465 Z-1.004 F400.000
G1 X-19.345 Y-197.685 Z-1.015 F400.000
G1 X-19.079 Y-197.903 Z-1.027 F400.000
G1 X-18.821 Y-198.076 Z-1.038 F400.000
G1 X-18.518 Y-198.237 Z-1.050 F400.000
G1 X-18.231 Y-198.356 Z-1.061 F400.000
G1 X-17.902 Y-198.456 Z-1.073 F400.000
G1 X-17.597 Y-198.517 Z-1.084 F400.000
G1 X-17.256 Y-198.550 Z-1.095 F400.000
G1 X-14.330 Y-198.558 Z-1.198 F400.000
G1 X-14.220 Y-198.569 Z-1.202 F400.000
G1 X-14.191 Y-198.577 Z-1.203 F400.000
G1 X-14.164 Y-198.592 Z-1.204 F400.000
G1 X-14.141 Y-198.611 Z-1.205 F400.000
G1 X-14.121 Y-198.634 Z-1.206 F400.000
G1 X-14.107 Y-198.661 Z-1.207 F400.000
G1 X-14.098 Y-198.690 Z-1.208 F400.000
G1 X-14.087 Y-198.798 Z-1.212 F400.000
G1 X-14.088 Y-200.505 Z-1.271 F400.000
G1 X-14.098 Y-200.613 Z-1.275 F400.000
G1 X-14.107 Y-200.642 Z-1.276 F400.000
G1 X-14.121 Y-200.669 Z-1.277 F400.000
G1 X-14.141 Y-200.692 Z-1.278 F400.000
G1 X-14.164 Y-200.712 Z-1.279 F400.000
G1 X-14.191 Y-200.726 Z-1.280 F400.000
G1 X-14.220 Y-200.735 Z-1.281 F400.000
G1 X-14.328 Y-200.745 Z-1.285 F400.000
G1 X-17.100 Y-200.745 Z-1.382 F400.000
G1 X-17.597 Y-200.787 Z-1.399 F400.000
G1 X-17.902 Y-200.847 Z-1.410 F400.000
G1 X-18.231 Y-200.947 Z-1.422 F400.000
G1 X-18.518 Y-201.066 Z-1.433 F400.000
G1 X-18.821 Y-201.228 Z-1.445 F400.000
G1 X-19.079 Y-201.401 Z-1.456 F400.000
G1 X-19.345 Y-201.618 Z-1.468 F400.000
G1 X-19.565 Y-201.838 Z-1.479 F400.000
G1 X-19.782 Y-202.104 Z-1.491 F400.000
G1 X-19.955 Y-202.362 Z-1.502 F400.000
G1 X-20.117 Y-202.665 Z-1.514 F400.000
G1 X-20.236 Y-202.952 Z-1.525 F400.000
G1 X-20.336 Y-203.281 Z-1.537 F400.000
G1 X-20.396 Y-203.586 Z-1.547 F400.000
G1 X-20.430 Y-203.927 Z-1.559 F400.000
G1 X-20.437 Y-228.000 Z-2.400 F400.000
G1 X-20.430 Y-203.927 Z-2.400 F400.000
G1 X-20.396 Y-203.586 Z-2.400 F400.000
G1 X-20.336 Y-203.281 Z-2.400 F400.000
G1 X-20.236 Y-202.952 Z-2.400 F400.000
G1 X-20.117 Y-202.665 Z-2.400 F400.000
G1 X-19.955 Y-202.362 Z-2.400 F400.000
G1 X-19.782 Y-202.104 Z-2.400 F400.000
G1 X-19.565 Y-201.838 Z-2.400 F400.000
G1 X-19.345 Y-201.618 Z-2.400 F400.000
G1 X-19.079 Y-201.401 Z-2.400 F400.000
G1 X-18.821 Y-201.228 Z-2.400 F400.000
G1 X-18.518 Y-201.066 Z-2.400 F400.000
G1 X-18.231 Y-200.947 Z-2.400 F400.000
G1 X-17.902 Y-200.847 Z-2.400 F400.000
G1 X-17.597 Y-200.787 Z-2.400 F400.000
G1 X-17.100 Y-200.745 Z-2.400 F400.000
G1 X-14.328 Y-200.745 Z-2.400 F400.000
G1 X-14.220 Y-200.735 Z-2.400 F400.000
G1 X-14.191 Y-200.726 Z-2.400 F400.000
G1 X-14.164 Y-200.712 Z-2.400 F400.000
G1 X-14.141 Y-200.692 Z-2.400 F400.000
G1 X-14.121 Y-200.669 Z-2.400 F400.000
G1 X-14.107 Y-200.642 Z-2.400 F400.000
G1 X-14.098 Y-200.613 Z-2.400 F400.000
G1 X-14.088 Y-200.505 Z-2.400 F400.000
G1 X-14.087 Y-198.798 Z-2.400 F400.000
G1 X-14.098 Y-198.690 Z-2.400 F400.000
G1 X-14.107 Y-198.661 Z-2.400 F400.000
G1 X-14.121 Y-198.634 Z-2.400 F400.000
G1 X-14.141 Y-198.611 Z-2.400 F400.000
G1 X-14.164 Y-198.592 Z-2.400 F400.000
G1 X-14.191 Y-198.577 Z-2.400 F400.000
G1 X-14.220 Y-198.569 Z-2.400 F400.000
G1 X-14.330 Y-198.558 Z-2.400 F400.000
G1 X-17.256 Y-198.550 Z-2.400 F400.000
G1 X-17.597 Y-198.517 Z-2.400 F400.000
G1 X-17.902 Y-198.456 Z-2.400 F400.000
G1 X-18.231 Y-198.356 Z-2.400 F400.000
G1 X-18.518 Y-198.237 Z-2.400 F400.000
G1 X-18.821 Y-198.076 Z-2.400 F400.000
G1 X-19.079 Y-197.903 Z-2.400 F400.000
G1 X-19.345 Y-197.685 Z-2.400 F400.000
G1 X-19.565 Y-197.465 Z-2.400 F400.000
G1 X-19.782 Y-197.200 Z-2.400 F400.000
G1 X-19.955 Y-196.941 Z-2.400 F400.000
G1 X-20.117 Y-196.638 Z-2.400 F400.000
G1 X-20.236 Y-196.351 Z-2.400 F400.000
G1 X-20.336 Y-196.023 Z-2.400 F400.000
G1 X-20.396 Y-195.717 Z-2.400 F400.000
G1 X-20.437 Y-195.220 Z-2.400 F400.000
G1 X-20.435 Y-186.654 Z-2.400 F400.000
G1 X-20.406 Y-186.291 Z-2.400 F400.000
G1 X-20.337 Y-185.934 Z-2.400 F400.000
G1 X-20.230 Y-185.586 Z-2.400 F400.000
G1 X-20.125 Y-185.330 Z-2.400 F400.000
G1 X-16.238 Y-176.994 Z-2.400 F400.000
G1 X-16.215 Y-176.938 Z-2.400 F400.000
G1 X-16.210 Y-176.921 Z-2.400 F400.000
G1 X-16.207 Y-176.903 Z-2.400 F400.000
G1 X-16.204 Y-176.843 Z-2.400 F400.000
G1 X-16.204 Y-173.952 Z-2.400 F400.000
G1 X-16.215 Y-173.843 Z-2.400 F400.000
G1 X-16.224 Y-173.814 Z-2.400 F400.000
G1 X-16.238 Y-173.788 Z-2.400 F400.000
G1 X-16.257 Y-173.764 Z-2.400 F400.000
G1 X-16.281 Y-173.745 Z-2.400 F400.000
G1 X-16.307 Y-173.731 Z-2.400 F400.000
G1 X-16.336 Y-173.722 Z-2.400 F400.000
G1 X-16.445 Y-173.711 Z-2.400 F400.000
G1 X-17.850 Y-173.711 Z-2.400 F400.000
G1 X-18.057 Y-173.697 Z-2.400 F400.000
G1 X-18.316 Y-173.663 Z-2.400 F400.000
G1 X-18.716 Y-173.556 Z-2.400 F400.000
G1 X-18.958 Y-173.456 Z-2.400 F400.000
G1 X-19.316 Y-173.249 Z-2.400 F400.000
G1 X-19.524 Y-173.090 Z-2.400 F400.000
G1 X-19.817 Y-172.797 Z-2.400 F400.000
G1 X-19.975 Y-172.590 Z-2.400 F400.000
G1 X-20.183 Y-172.231 Z-2.400 F400.000
G1 X-20.283 Y-171.990 Z-2.400 F400.000
G1 X-20.390 Y-171.590 Z-2.400 F400.000
G1 X-20.424 Y-171.331 Z-2.400 F400.000
G1 X-20.437 Y-171.124 Z-2.400 F400.000
G1 X-20.435 Y-148.170 Z-2.400 F400.000
G1 X-20.406 Y-147.807 Z-2.400 F400.000
G1 X-20.337 Y-147.450 Z-2.400 F400.000
G1 X-20.230 Y-147.102 Z-2.400 F400.000
G1 X-20.125 Y-146.846 Z-2.400 F400.000
G1 X-16.238 Y-138.510 Z-2.400 F400.000
G1 X-16.215 Y-138.454 Z-2.400 F400.000
G1 X-16.210 Y-138.437 Z-2.400 F400.000
G1 X-16.207 Y-138.419 Z-2.400 F400.000
G1 X-16.204 Y-138.359 Z-2.400 F400.000
G1 X-16.204 Y-135.468 Z-2.400 F400.000
G1 X-16.215 Y-135.359 Z-2.400 F400.000
G1 X-16.224 Y-135.330 Z-2.400 F400.000
G1 X-16.238 Y-135.304 Z-2.400 F400.000
G1 X-16.257 Y-135.280 Z-2.400 F400.000
G1 X-16.281 Y-135.261 Z-2.400 F400.000
G1 X-16.307 Y-135.247 Z-2.400 F400.000
G1 X-16.336 Y-135.238 Z-2.400 F400.000
G1 X-16.445 Y-135.227 Z-2.400 F400.000
G1 X-17.850 Y-135.227 Z-2.400 F400.000
G1 X-18.057 Y-135.213 Z-2.400 F400.000
G1 X-18.316 Y-135.179 Z-2.400 F400.000
G1 X-18.716 Y-135.072 Z-2.400 F400.000
G1 X-18.958 Y-134.972 Z-2.400 F400.000
G1 X-19.316 Y-134.765 Z-2.400 F400.000
G1 X-19.524 Y-134.606 Z-2.400 F400.000
G1 X-19.817 Y-134.313 Z-2.400 F400.000
G1 X-19.975 Y-134.106 Z-2.400 F400.000
G1 X-20.183 Y-133.747 Z-2.400 F400.000
G1 X-20.283 Y-133.506 Z-2.400 F400.000
G1 X-20.390 Y-133.106 Z-2.400 F400.000
G1 X-20.424 Y-132.847 Z-2.400 F400.000
G1 X-20.437 Y-132.640 Z-2.400 F400.000
G1 X-20.435 Y-109.686 Z-2.400 F400.000
G1 X-20.406 Y-109.323 Z-2.400 F400.000
G1 X-20.337 Y-108.966 Z-2.400 F400.000
G1 X-20.230 Y-108.618 Z-2.400 F400.000
G1 X-20.125 Y-108.362 Z-2.400 F400.000
G1 X-16.238 Y-100.026 Z-2.400 F400.000
G1 X-16.215 Y-99.969 Z-2.400 F400.000
G1 X-16.210 Y-99.953 Z-2.400 F400.000
G1 X-16.207 Y-99.935 Z-2.400 F400.000
G1 X-16.204 Y-99.875 Z-2.400 F400.000
G1 X-16.204 Y-96.984 Z-2.400 F400.000
G1 X-16.215 Y-96.875 Z-2.400 F400.000
G1 X-16.224 Y-96.846 Z-2.400 F400.000
G1 X-16.238 Y-96.820 Z-2.400 F400.000
G1 X-16.257 Y-96.796 Z-2.400 F400.000
G1 X-16.281 Y-96.777 Z-2.400 F400.000
G1 X-16.307 Y-96.762 Z-2.400 F400.000
G1 X-16.336 Y-96.754 Z-2.400 F400.000
G1 X-16.445 Y-96.743 Z-2.400 F400.000
G1 X-17.850 Y-96.743 Z-2.400 F400.000
G1 X-18.057 Y-96.729 Z-2.400 F400.000
G1 X-18.316 Y-96.695 Z-2.400 F400.000
G1 X-18.716 Y-96.588 Z-2.400 F400.000
G1 X-18.958 Y-96.488 Z-2.400 F400.000
G1 X-19.316 Y-96.281 Z-2.400 F400.000
G1 X-19.524 Y-96.122 Z-2.400 F400.000
G1 X-19.817 Y-95.829 Z-2.400 F400.000
G1 X-19.975 Y-95.622 Z-2.400 F400.000
G1 X-20.183 Y-95.263 Z-2.400 F400.000
G1 X-20.283 Y-95.022 Z-2.400 F400.000
G1 X-20.390 Y-94.622 Z-2.400 F400.000
G1 X-20.424 Y-94.363 Z-2.400 F400.000
G1 X-20.437 Y-94.156 Z-2.400 F400.000
G1 X-20.435 Y-71.202 Z-2.400 F400.000
G1 X-20.406 Y-70.839 Z-2.400 F400.000
G1 X-20.337 Y-70.482 Z-2.400 F400.000
G1 X-20.230 Y-70.134 Z-2.400 F400.000
G1 X-20.125 Y-69.878 Z-2.400 F400.000
G1 X-16.238 Y-61.542 Z-2.400 F400.000
G1 X-16.215 Y-61.485 Z-2.400 F400.000
G1 X-16.210 Y-61.469 Z-2.400 F400.000
G1 X-16.207 Y-61.451 Z-2.400 F400.000
G1 X-16.204 Y-61.391 Z-2.400 F400.000
G1 X-16.204 Y-58.500 Z-2.400 F400.000
G1 X-16.215 Y-58.391 Z-2.400 F400.000
G1 X-16.224 Y-58.362 Z-2.400 F400.000
G1 X-16.238 Y-58.336 Z-2.400 F400.000
G1 X-16.257 Y-58.312 Z-2.400 F400.000
G1 X-16.281 Y-58.293 Z-2.400 F400.000
G1 X-16.307 Y-58.278 Z-2.400 F400.000
G1 X-16.336 Y-58.270 Z-2.400 F400.000
G1 X-16.445 Y-58.259 Z-2.400 F400.000
G1 X-17.850 Y-58.259 Z-2.400 F400.000
G1 X-18.057 Y-58.245 Z-2.400 F400.000
G1 X-18.316 Y-58.211 Z-2.400 F400.000
G1 X-18.716 Y-58.104 Z-2.400 F400.000
G1 X-18.958 Y-58.004 Z-2.400 F400.000
G1 X-19.316 Y-57.797 Z-2.400 F400.000
G1 X-19.524 Y-57.638 Z-2.400 F400.000
G1 X-19.817 Y-57.345 Z-2.400 F400.000
G1 X-19.975 Y-57.138 Z-2.400 F400.000
G1 X-20.183 Y-56.779 Z-2.400 F400.000
G1 X-20.283 Y-56.538 Z-2.400 F400.000
G1 X-20.390 Y-56.138 Z-2.400 F400.000
G1 X-20.424 Y-55.879 Z-2.400 F400.000
G1 X-20.437 Y-55.672 Z-2.400 F400.000
G1 X-20.435 Y-32.718 Z-2.400 F400.000
G1 X-20.406 Y-32.355 Z-2.400 F400.000
G1 X-20.337 Y-31.998 Z-2.400 F400.000
G1 X-20.230 Y-31.650 Z-2.400 F400.000
G1 X-20.125 Y-31.394 Z-2.400 F400.000
G1 X-16.238 Y-23.058 Z-2.400 F400.000
G1 X-16.215 Y-23.001 Z-2.400 F400.000
G1 X-16.210 Y-22.985 Z-2.400 F400.000
G1 X-16.207 Y-22.967 Z-2.400 F400.000
G1 X-16.204 Y-22.907 Z-2.400 F400.000
G1 X-16.204 Y-20.015 Z-2.400 F400.000
G1 X-16.215 Y-19.907 Z-2.400 F400.000
G1 X-16.224 Y-19.878 Z-2.400 F400.000
G1 X-16.238 Y-19.851 Z-2.400 F400.000
G1 X-16.257 Y-19.828 Z-2.400 F400.000
G1 X-16.281 Y-19.809 Z-2.400 F400.000
G1 X-16.307 Y-19.794 Z-2.400 F400.000
G1 X-16.336 Y-19.786 Z-2.400 F400.000
G1 X-16.445 Y-19.775 Z-2.400 F400.000
G1 X-17.850 Y-19.775 Z-2.400 F400.000
G1 X-18.057 Y-19.761 Z-2.400 F400.000
G1 X-18.316 Y-19.727 Z-2.400 F400.000
G1 X-18.716 Y-19.620 Z-2.400 F400.000
G1 X-18.958 Y-19.520 Z-2.400 F400.000
G1 X-19.316 Y-19.313 Z-2.400 F400.000
G1 X-19.524 Y-19.154 Z-2.400 F400.000
G1 X-19.817 Y-18.861 Z-2.400 F400.000
G1 X-19.975 Y-18.654 Z-2.400 F400.000
G1 X-20.183 Y-18.295 Z-2.400 F400.000
G1 X-20.283 Y-18.054 Z-2.400 F400.000
G1 X-20.390 Y-17.654 Z-2.400 F400.000
G1 X-20.424 Y-17.395 Z-2.400 F400.000
G1 X-20.437 Y-17.188 Z-2.400 F400.000
G1 X-20.437 Y-3.000 Z-2.400 F400.000
G0 X-20.437 Y-3.000 Z5.000
G0 X-20.437 Y-228.000 Z5.000
G0 X-20.437 Y-228.000 Z3.000
G1 X-20.430 Y-203.927 Z2.159 F400.000
G1 X-20.396 Y-203.586 Z2.147 F400.000
G1 X-20.336 Y-203.281 Z2.137 F400.000
G1 X-20.236 Y-202.952 Z2.125 F400.000
G1 X-20.117 Y-202.665 Z2.114 F400.000
G1 X-19.955 Y-202.362 Z2.102 F400.000
G1 X-19.782 Y-202.104 Z2.091 F400.000
G1 X-19.565 Y-201.838 Z2.079 F400.000
G1 X-19.345 Y-201.618 Z2.068 F400.000
G1 X-19.079 Y-201.401 Z2.056 F400.000
G1 X-18.821 Y-201.228 Z2.045 F400.000
G1 X-18.518 Y-201.066 Z2.033 F400.000
G1 X-18.231 Y-200.947 Z2.022 F400.000
G1 X-17.902 Y-200.847 Z2.010 F400.000
G1 X-17.597 Y-200.787 Z1.999 F400.000
G1 X-17.100 Y-200.745 Z1.982 F400.000
G1 X-14.328 Y-200.745 Z1.885 F400.000
G1 X-14.220 Y-200.735 Z1.881 F400.000
G1 X-14.191 Y-200.726 Z1.880 F400.000
G1 X-14.164 Y-200.712 Z1.879 F400.000
G1 X-14.141 Y-200.692 Z1.878 F400.000
G1 X-14.121 Y-200.669 Z1.877 F400.000
G1 X-14.107 Y-200.642 Z1.876 F400.000
G1 X-14.098 Y-200.613 Z1.875 F400.000
G1 X-14.088 Y-200.505 Z1.871 F400.000
G1 X-14.087 Y-198.798 Z1.812 F400.000
G1 X-14.098 Y-198.690 Z1.808 F400.000
G1 X-14.107 Y-198.661 Z1.807 F400.000
G1 X-14.121 Y-198.634 Z1.806 F400.000
G1 X-14.141 Y-198.611 Z1.805 F400.000
G1 X-14.164 Y-198.592 Z1.804 F400.000
G1 X-14.191 Y-198.577 Z1.803 F400.000
G1 X-14.220 Y-198.569 Z1.802 F400.000
G1 X-14.330 Y-198.558 Z1.798 F400.000
G1 X-17.256 Y-198.550 Z1.695 F400.000
G1 X-17.597 Y-198.517 Z1.684 F400.000
G1 X-17.902 Y-198.456 Z1.673 F400.000
G1 X-18.231 Y-198.356 Z1.661 F400.000
G1 X-18.518 Y-198.237 Z1.650 F400.000
G1 X-18.821 Y-198.076 Z1.638 F400.000
G1 X-19.079 Y-197.903 Z1.627 F400.000
G1 X-19.345 Y-197.685 Z1.615 F400.000
G1 X-19.565 Y-197.465 Z1.604 F400.000
G1 X-19.782 Y-197.200 Z1.592 F400.000
G1 X-19.955 Y-196.941 Z1.581 F400.000
G1 X-20.117 Y-196.638 Z1.569 F400.000
G1 X-20.236 Y-196.351 Z1.558 F400.000
G1 X-20.336 Y-196.023 Z1.546 F400.000
G1 X-20.396 Y-195.717 Z1.536 F400.000
G1 X-20.437 Y-195.220 Z1.518 F400.000
G1 X-20.435 Y-186.654 Z1.219 F400.000
G1 X-20.406 Y-186.291 Z1.206 F400.000
G1 X-20.337 Y-185.934 Z1.194 F400.000
G1 X-20.230 Y-185.586 Z1.181 F400.000
G1 X-20.125 Y-185.330 Z1.171 F400.000
G1 X-16.238 Y-176.994 Z0.850 F400.000
G1 X-16.215 Y-176.938 Z0.848 F400.000
G1 X-16.210 Y-176.921 Z0.847 F400.000
G1 X-16.207 Y-176.903 Z0.847 F400.000
G1 X-16.204 Y-176.843 Z0.845 F400.000
G1 X-16.204 Y-173.952 Z0.744 F400.000
G1 X-16.215 Y-173.843 Z0.740 F400.000
G1 X-16.224 Y-173.814 Z0.739 F400.000
G1 X-16.238 Y-173.788 Z0.738 F400.000
G1 X-16.257 Y-173.764 Z0.737 F400.000
G1 X-16.281 Y-173.745 Z0.736 F400.000
G1 X-16.307 Y-173.731 Z0.734 F400.000
G1 X-16.336 Y-173.722 Z0.733 F400.000
G1 X-16.445 Y-173.711 Z0.730 F400.000
G1 X-17.850 Y-173.711 Z0.681 F400.000
G1 X-18.057 Y-173.697 Z0.673 F400.000
G1 X-18.316 Y-173.663 Z0.664 F400.000
G1 X-18.716 Y-173.556 Z0.650 F400.000
G1 X-18.958 Y-173.456 Z0.641 F400.000
G1 X-19.316 Y-173.249 Z0.626 F400.000
G1 X-19.524 Y-173.090 Z0.617 F400.000
G1 X-19.817 Y-172.797 Z0.603 F400.000
G1 X-19.975 Y-172.590 Z0.593 F400.000
G1 X-20.183 Y-172.231 Z0.579 F400.000
G1 X-20.283 Y-171.990 Z0.570 F400.000
G1 X-20.390 Y-171.590 Z0.555 F400.000
G1 X-20.424 Y-171.331 Z0.546 F400.000
G1 X-20.437 Y-171.124 Z0.539 F400.000
G1 X-20.437 Y-161.416 Z0.200 F400.000
G1 X-20.437 Y-171.124 Z-0.139 F400.000
G1 X-20.424 Y-171.331 Z-0.146 F400.000
G1 X-20.390 Y-171.590 Z-0.155 F400.000
G1 X-20.283 Y-171.990 Z-0.170 F400.000
G1 X-20.183 Y-172.231 Z-0.179 F400.000
G1 X-19.975 Y-172.590 Z-0.193 F400.000
G1 X-19.817 Y-172.797 Z-0.203 F400.000
G1 X-19.524 Y-173.090 Z-0.217 F400.000
G1 X-19.316 Y-173.249 Z-0.226 F400.000
G1 X-18.958 Y-173.456 Z-0.241 F400.000
G1 X-18.716 Y-173.556 Z-0.250 F400.000
G1 X-18.316 Y-173.663 Z-0.264 F400.000
G1 X-18.057 Y-173.697 Z-0.273 F400.000
G1 X-17.850 Y-173.711 Z-0.281 F400.000
G1 X-16.445 Y-173.711 Z-0.330 F400.000
G1 X-16.336 Y-173.722 Z-0.333 F400.000
G1 X-16.307 Y-173.731 Z-0.334 F400.000
G1 X-16.281 Y-173.745 Z-0.336 F400.000
G1 X-16.257 Y-173.764 Z-0.337 F400.000
G1 X-16.238 Y-173.788 Z-0.338 F400.000
G1 X-16.224 Y-173.814 Z-0.339 F400.000
G1 X-16.215 Y-173.843 Z-0.340 F400.000
G1 X-16.204 Y-173.952 Z-0.344 F400.000
G1 X-16.204 Y-176.843 Z-0.445 F400.000
G1 X-16.207 Y-176.903 Z-0.447 F400.000
G1 X-16.210 Y-176.921 Z-0.447 F400.000
G1 X-16.215 Y-176.938 Z-0.448 F400.000
G1 X-16.238 Y-176.994 Z-0.450 F400.000
G1 X-20.125 Y-185.330 Z-0.771 F400.000
G1 X-20.230 Y-185.586 Z-0.781 F400.000
G1 X-20.337 Y-185.934 Z-0.794 F400.000
G1 X-20.406 Y-186.291 Z-0.806 F400.000
G1 X-20.435 Y-186.654 Z-0.819 F400.000
G1 X-20.437 Y-195.220 Z-1.118 F400.000
G1 X-20.396 Y-195.717 Z-1.136 F400.000
G1 X-20.336 Y-196.023 Z-1.146 F400.000
G1 X-20.236 Y-196.351 Z-1.158 F400.000
G1 X-20.117 Y-196.638 Z-1.169 F400.000
G1 X-19.955 Y-196.941 Z-1.181 F400.000
G1 X-19.782 Y-197.200 Z-1.192 F400.000
G1 X-19.565 Y-197.465 Z-1.204 F400.000
G1 X-19.345 Y-197.685 Z-1.215 F400.000
G1 X-19.079 Y-197.903 Z-1.227 F400.000
G1 X-18.821 Y-198.076 Z-1.238 F400.000
G1 X-18.518 Y-198.237 Z-1.250 F400.000
G1 X-18.231 Y-198.356 Z-1.261 F400.000
G1 X-17.902 Y-198.456 Z-1.273 F400.000
G1 X-17.597 Y-198.517 Z-1.284 F400.000
G1 X-17.256 Y-198.550 Z-1.295 F400.000
G1 X-14.330 Y-198.558 Z-1.398 F400.000
G1 X-14.220 Y-198.569 Z-1.402 F400.000
G1 X-14.191 Y-198.577 Z-1.403 F400.000
G1 X-14.164 Y-198.592 Z-1.404 F400.000
G1 X-14.141 Y-198.611 Z-1.405 F400.000
G1 X-14.121 Y-198.634 Z-1.406 F400.000
G1 X-14.107 Y-198.661 Z-1.407 F400.000
G1 X-14.098 Y-198.690 Z-1.408 F400.000
G1 X-14.087 Y-198.798 Z-1.412 F400.000
G1 X-14.088 Y-200.505 Z-1.471 F400.000
G1 X-14.098 Y-200.613 Z-1.475 F400.000
G1 X-14.107 Y-200.642 Z-1.476 F400.000
G1 X-14.121 Y-200.669 Z-1.477 F400.000
G1 X-14.141 Y-200.692 Z-1.478 F400.000
G1 X-14.164 Y-200.712 Z-1.479 F400.000
G1 X-14.191 Y-200.726 Z-1.480 F400.000
G1 X-14.220 Y-200.735 Z-1.481 F400.000
G1 X-14.328 Y-200.745 Z-1.485 F400.000
G1 X-17.100 Y-200.745 Z-1.582 F400.000
G1 X-17.597 Y-200.787 Z-1.599 F400.000
G1 X-17.902 Y-200.847 Z-1.610 F400.000
G1 X-18.231 Y-200.947 Z-1.622 F400.000
G1 X-18.518 Y-201.066 Z-1.633 F400.000
G1 X-18.821 Y-201.228 Z-1.645 F400.000
G1 X-19.079 Y-201.401 Z-1.656 F400.000
G1 X-19.345 Y-201.618 Z-1.668 F400.000
G1 X-19.565 Y-201.838 Z-1.679 F400.000
G1 X-19.782 Y-202.104 Z-1.691 F400.000
G1 X-19.955 Y-202.362 Z-1.702 F400.000
G1 X-20.117 Y-202.665 Z-1.714 F400.000
G1 X-20.236 Y-202.952 Z-1.725 F400.000
G1 X-20.336 Y-203.281 Z-1.737 F400.000
G1 X-20.396 Y-203.586 Z-1.747 F400.000
G1 X-20.430 Y-203.927 Z-1.759 F400.000
G1 X-20.437 Y-228.000 Z-2.600 F400.000
G1 X-20.430 Y-203.927 Z-2.600 F400.000
G1 X-20.396 Y-203.586 Z-2.600 F400.000
G1 X-20.336 Y-203.281 Z-2.600 F400.000
G1 X-20.236 Y-202.952 Z-2.600 F400.000
G1 X-20.117 Y-202.665 Z-2.600 F400.000
G1 X-19.955 Y-202.362 Z-2.600 F400.000
G1 X-19.782 Y-202.104 Z-2.600 F400.000
G1 X-19.565 Y-201.838 Z-2.600 F400.000
G1 X-19.345 Y-201.618 Z-2.600 F400.000
G1 X-19.079 Y-201.401 Z-2.600 F400.000
G1 X-18.821 Y-201.228 Z-2.600 F400.000
G1 X-18.518 Y-201.066 Z-2.600 F400.000
G1 X-18.231 Y-200.947 Z-2.600 F400.000
G1 X-17.902 Y-200.847 Z-2.600 F400.000
G1 X-17.597 Y-200.787 Z-2.600 F400.000
G1 X-17.100 Y-200.745 Z-2.600 F400.000
G1 X-14.328 Y-200.745 Z-2.600 F400.000
G1 X-14.220 Y-200.735 Z-2.600 F400.000
G1 X-14.191 Y-200.726 Z-2.600 F400.000
G1 X-14.164 Y-200.712 Z-2.600 F400.000
G1 X-14.141 Y-200.692 Z-2.600 F400.000
G1 X-14.121 Y-200.669 Z-2.600 F400.000
G1 X-14.107 Y-200.642 Z-2.600 F400.000
G1 X-14.098 Y-200.613 Z-2.600 F400.000
G1 X-14.088 Y-200.505 Z-2.600 F400.000
G1 X-14.087 Y-198.798 Z-2.600 F400.000
G1 X-14.098 Y-198.690 Z-2.600 F400.000
G1 X-14.107 Y-198.661 Z-2.600 F400.000
G1 X-14.121 Y-198.634 Z-2.600 F400.000
G1 X-14.141 Y-198.611 Z-2.600 F400.000
G1 X-14.164 Y-198.592 Z-2.600 F400.000
G1 X-14.191 Y-198.577 Z-2.600 F400.000
G1 X-14.220 Y-198.569 Z-2.600 F400.000
G1 X-14.330 Y-198.558 Z-2.600 F400.000
G1 X-17.256 Y-198.550 Z-2.600 F400.000
G1 X-17.597 Y-198.517 Z-2.600 F400.000
G1 X-17.902 Y-198.456 Z-2.600 F400.000
G1 X-18.231 Y-198.356 Z-2.600 F400.000
G1 X-18.518 Y-198.237 Z-2.600 F400.000
G1 X-18.821 Y-198.076 Z-2.600 F400.000
G1 X-19.079 Y-197.903 Z-2.600 F400.000
G1 X-19.345 Y-197.685 Z-2.600 F400.000
G1 X-19.565 Y-197.465 Z-2.600 F400.000
G1 X-19.782 Y-197.200 Z-2.600 F400.000
G1 X-19.955 Y-196.941 Z-2.600 F400.000
G1 X-20.117 Y-196.638 Z-2.600 F400.000
G1 X-20.236 Y-196.351 Z-2.600 F400.000
G1 X-20.336 Y-196.023 Z-2.600 F400.000
G1 X-20.396 Y-195.717 Z-2.600 F400.000
G1 X-20.437 Y-195.220 Z-2.600 F400.000
G1 X-20.435 Y-186.654 Z-2.600 F400.000
G1 X-20.406 Y-186.291 Z-2.600 F400.000
G1 X-20.337 Y-185.934 Z-2.600 F400.000
G1 X-20.230 Y-185.586 Z-2.600 F400.000
G1 X-20.125 Y-185.330 Z-2.600 F400.000
G1 X-16.238 Y-176.994 Z-2.600 F400.000
G1 X-16.215 Y-176.938 Z-2.600 F400.000
G1 X-16.210 Y-176.921 Z-2.600 F400.000
G1 X-16.207 Y-176.903 Z-2.600 F400.000
G1 X-16.204 Y-176.843 Z-2.600 F400.000
G1 X-16.204 Y-173.952 Z-2.600 F400.000
G1 X-16.215 Y-173.843 Z-2.600 F400.000
G1 X-16.224 Y-173.814 Z-2.600 F400.000
G1 X-16.238 Y-173.788 Z-2.600 F400.000
G1 X-16.257 Y-173.764 Z-2.600 F400.000
G1 X-16.281 Y-173.745 Z-2.600 F400.000
G1 X-16.307 Y-173.731 Z-2.600 F400.000
G1 X-16.336 Y-173.722 Z-2.600 F400.000
G1 X-16.445 Y-173.711 Z-2.600 F400.000
G1 X-17.850 Y-173.711 Z-2.600 F400.000
G1 X-18.057 Y-173.697 Z-2.600 F400.000
G1 X-18.316 Y-173.663 Z-2.600 F400.000
G1 X-18.716 Y-173.556 Z-2.600 F400.000
G1 X-18.958 Y-173.456 Z-2.600 F400.000
G1 X-19.316 Y-173.249 Z-2.600 F400.000
G1 X-19.524 Y-173.090 Z-2.600 F400.000
G1 X-19.817 Y-172.797 Z-2.600 F400.000
G1 X-19.975 Y-172.590 Z-2.600 F400.000
G1 X-20.183 Y-172.231 Z-2.600 F400.000
G1 X-20.283 Y-171.990 Z-2.600 F400.000
G1 X-20.390 Y-171.590 Z-2.600 F400.000
G1 X-20.424 Y-171.331 Z-2.600 F400.000
G1 X-20.437 Y-171.124 Z-2.600 F400.000
G1 X-20.435 Y-148.170 Z-2.600 F400.000
G1 X-20.406 Y-147.807 Z-2.600 F400.000
G1 X-20.337 Y-147.450 Z-2.600 F400.000
G1 X-20.230 Y-147.102 Z-2.600 F400.000
G1 X-20.125 Y-146.846 Z-2.600 F400.000
G1 X-16.238 Y-138.510 Z-2.600 F400.000
G1 X-16.215 Y-138.454 Z-2.600 F400.000
G1 X-16.210 Y-138.437 Z-2.600 F400.000
G1 X-16.207 Y-138.419 Z-2.600 F400.000
G1 X-16.204 Y-138.359 Z-2.600 F400.000
G1 X-16.204 Y-135.468 Z-2.600 F400.000
G1 X-16.215 Y-135.359 Z-2.600 F400.000
G1 X-16.224 Y-135.330 Z-2.600 F400.000
G1 X-16.238 Y-135.304 Z-2.600 F400.000
G1 X-16.257 Y-135.280 Z-2.600 F400.000
G1 X-16.281 Y-135.261 Z-2.600 F400.000
G1 X-16.307 Y-135.247 Z-2.600 F400.000
G1 X-16.336 Y-135.238 Z-2.600 F400.000
G1 X-16.445 Y-135.227 Z-2.600 F400.000
G1 X-17.850 Y-135.227 Z-2.600 F400.000
G1 X-18.057 Y-135.213 Z-2.600 F400.000
G1 X-18.316 Y-135.179 Z-2.600 F400.000
G1 X-18.716 Y-135.072 Z-2.600 F400.000
G1 X-18.958 Y-134.972 Z-2.600 F400.000
G1 X-19.316 Y-134.765 Z-2.600 F400.000
G1 X-19.524 Y-134.606 Z-2.600 F400.000
G1 X-19.817 Y-134.313 Z-2.600 F400.000
G1 X-19.975 Y-134.106 Z-2.600 F400.000
G1 X-20.183 Y-133.747 Z-2.600 F400.000
G1 X-20.283 Y-133.506 Z-2.600 F400.000
G1 X-20.390 Y-133.106 Z-2.600 F400.000
G1 X-20.424 Y-132.847 Z-2.600 F400.000
G1 X-20.437 Y-132.640 Z-2.600 F400.000
G1 X-20.435 Y-109.686 Z-2.600 F400.000
G1 X-20.406 Y-109.323 Z-2.600 F400.000
G1 X-20.337 Y-108.966 Z-2.600 F400.000
G1 X-20.230 Y-108.618 Z-2.600 F400.000
G1 X-20.125 Y-108.362 Z-2.600 F400.000
G1 X-16.238 Y-100.026 Z-2.600 F400.000
G1 X-16.215 Y-99.969 Z-2.600 F400.000
G1 X-16.210 Y-99.953 Z-2.600 F400.000
G1 X-16.207 Y-99.935 Z-2.600 F400.000
G1 X-16.204 Y-99.875 Z-2.600 F400.000
G1 X-16.204 Y-96.984 Z-2.600 F400.000
G1 X-16.215 Y-96.875 Z-2.600 F400.000
G1 X-16.224 Y-96.846 Z-2.600 F400.000
G1 X-16.238 Y-96.820 Z-2.600 F400.000
G1 X-16.257 Y-96.796 Z-2.600 F400.000
G1 X-16.281 Y-96.777 Z-2.600 F400.000
G1 X-16.307 Y-96.762 Z-2.600 F400.000
G1 X-16.336 Y-96.754 Z-2.600 F400.000
G1 X-16.445 Y-96.743 Z-2.600 F400.000
G1 X-17.850 Y-96.743 Z-2.600 F400.000
G1 X-18.057 Y-96.729 Z-2.600 F400.000
G1 X-18.316 Y-96.695 Z-2.600 F400.000
G1 X-18.716 Y-96.588 Z-2.600 F400.000
G1 X-18.958 Y-96.488 Z-2.600 F400.000
G1 X-19.316 Y-96.281 Z-2.600 F400.000
G1 X-19.524 Y-96.122 Z-2.600 F400.000
G1 X-19.817 Y-95.829 Z-2.600 F400.000
G1 X-19.975 Y-95.622 Z-2.600 F400.000
G1 X-20.183 Y-95.263 Z-2.600 F400.000
G1 X-20.283 Y-95.022 Z-2.600 F400.000
G1 X-20.390 Y-94.622 Z-2.600 F400.000
G1 X-20.424 Y-94.363 Z-2.600 F400.000
G1 X-20.437 Y-94.156 Z-2.600 F400.000
G1 X-20.435 Y-71.202 Z-2.600 F400.000
G1 X-20.406 Y-70.839 Z-2.600 F400.000
G1 X-20.337 Y-70.482 Z-2.600 F400.000
G1 X-20.230 Y-70.134 Z-2.600 F400.000
G1 X-20.125 Y-69.878 Z-2.600 F400.000
G1 X-16.238 Y-61.542 Z-2.600 F400.000
G1 X-16.215 Y-61.485 Z-2.600 F400.000
G1 X-16.210 Y-61.469 Z-2.600 F400.000
G1 X-16.207 Y-61.451 Z-2.600 F400.000
G1 X-16.204 Y-61.391 Z-2.600 F400.000
G1 X-16.204 Y-58.500 Z-2.600 F400.000
G1 X-16.215 Y-58.391 Z-2.600 F400.000
G1 X-16.224 Y-58.362 Z-2.600 F400.000
G1 X-16.238 Y-58.336 Z-2.600 F400.000
G1 X-16.257 Y-58.312 Z-2.600 F400.000
G1 X-16.281 Y-58.293 Z-2.600 F400.000
G1 X-16.307 Y-58.278 Z-2.600 F400.000
G1 X-16.336 Y-58.270 Z-2.600 F400.000
G1 X-16.445 Y-58.259 Z-2.600 F400.000
G1 X-17.850 Y-58.259 Z-2.600 F400.000
G1 X-18.057 Y-58.245 Z-2.600 F400.000
G1 X-18.316 Y-58.211 Z-2.600 F400.000
G1 X-18.716 Y-58.104 Z-2.600 F400.000
G1 X-18.958 Y-58.004 Z-2.600 F400.000
G1 X-19.316 Y-57.797 Z-2.600 F400.000
G1 X-19.524 Y-57.638 Z-2.600 F400.000
G1 X-19.817 Y-57.345 Z-2.600 F400.000
G1 X-19.975 Y-57.138 Z-2.600 F400.000
G1 X-20.183 Y-56.779 Z-2.600 F400.000
G1 X-20.283 Y-56.538 Z-2.600 F400.000
G1 X-20.390 Y-56.138 Z-2.600 F400.000
G1 X-20.424 Y-55.879 Z-2.600 F400.000
G1 X-20.437 Y-55.672 Z-2.600 F400.000
G1 X-20.435 Y-32.718 Z-2.600 F400.000
G1 X-20.406 Y-32.355 Z-2.600 F400.000
G1 X-20.337 Y-31.998 Z-2.600 F400.000
G1 X-20.230 Y-31.650 Z-2.600 F400.000
G1 X-20.125 Y-31.394 Z-2.600 F400.000
G1 X-16.238 Y-23.058 Z-2.600 F400.000
G1 X-16.215 Y-23.001 Z-2.600 F400.000
G1 X-16.210 Y-22.985 Z-2.600 F400.000
G1 X-16.207 Y-22.967 Z-2.600 F400.000
G1 X-16.204 Y-22.907 Z-2.600 F400.000
G1 X-16.204 Y-20.015 Z-2.600 F400.000
G1 X-16.215 Y-19.907 Z-2.600 F400.000
G1 X-16.224 Y-19.878 Z-2.600 F400.000
G1 X-16.238 Y-19.851 Z-2.600 F400.000
G1 X-16.257 Y-19.828 Z-2.600 F400.000
G1 X-16.281 Y-19.809 Z-2.600 F400.000
G1 X-16.307 Y-19.794 Z-2.600 F400.000
G1 X-16.336 Y-19.786 Z-2.600 F400.000
G1 X-16.445 Y-19.775 Z-2.600 F400.000
G1 X-17.850 Y-19.775 Z-2.600 F400.000
G1 X-18.057 Y-19.761 Z-2.600 F400.000
G1 X-18.316 Y-19.727 Z-2.600 F400.000
G1 X-18.716 Y-19.620 Z-2.600 F400.000
G1 X-18.958 Y-19.520 Z-2.600 F400.000
G1 X-19.316 Y-19.313 Z-2.600 F400.000
G1 X-19.524 Y-19.154 Z-2.600 F400.000
G1 X-19.817 Y-18.861 Z-2.600 F400.000
G1 X-19.975 Y-18.654 Z-2.600 F400.000
G1 X-20.183 Y-18.295 Z-2.600 F400.000
G1 X-20.283 Y-18.054 Z-2.600 F400.000
G1 X-20.390 Y-17.654 Z-2.600 F400.000
G1 X-20.424 Y-17.395 Z-2.600 F400.000
G1 X-20.437 Y-17.188 Z-2.600 F400.000
G1 X-20.437 Y-3.000 Z-2.600 F400.000
G0 X-20.437 Y-3.000 Z5.000
G0 X-20.437 Y-228.000 Z5.000
G0 X-20.437 Y-228.000 Z3.000
G1 X-20.430 Y-203.927 Z2.159 F400.000
G1 X-20.396 Y-203.586 Z2.147 F400.000
G1 X-20.336 Y-203.281 Z2.137 F400.000
G1 X-20.236 Y-202.952 Z2.125 F400.000
G1 X-20.117 Y-202.665 Z2.114 F400.000
G1 X-19.955 Y-202.362 Z2.102 F400.000
G1 X-19.782 Y-202.104 Z2.091 F400.000
G1 X-19.565 Y-201.838 Z2.079 F400.000
G1 X-19.345 Y-201.618 Z2.068 F400.000
G1 X-19.079 Y-201.401 Z2.056 F400.000
G1 X-18.821 Y-201.228 Z2.045 F400.000
G1 X-18.518 Y-201.066 Z2.033 F400.000
G1 X-18.231 Y-200.947 Z2.022 F400.000
G1 X-17.902 Y-200.847 Z2.010 F400.000
G1 X-17.597 Y-200.787 Z1.999 F400.000
G1 X-17.100 Y-200.745 Z1.982 F400.000
G1 X-14.328 Y-200.745 Z1.885 F400.000
G1 X-14.220 Y-200.735 Z1.881 F400.000
G1 X-14.191 Y-200.726 Z1.880 F400.000
G1 X-14.164 Y-200.712 Z1.879 F400.000
G1 X-14.141 Y-200.692 Z1.878 F400.000
G1 X-14.121 Y-200.669 Z1.877 F400.000
G1 X-14.107 Y-200.642 Z1.876 F400.000
G1 X-14.098 Y-200.613 Z1.875 F400.000
G1 X-14.088 Y-200.505 Z1.871 F400.000
G1 X-14.087 Y-198.798 Z1.812 F400.000
G1 X-14.098 Y-198.690 Z1.808 F400.000
G1 X-14.107 Y-198.661 Z1.807 F400.000
G1 X-14.121 Y-198.634 Z1.806 F400.000
G1 X-14.141 Y-198.611 Z1.805 F400.000
G1 X-14.164 Y-198.592 Z1.804 F400.000
G1 X-14.191 Y-198.577 Z1.803 F400.000
G1 X-14.220 Y-198.569 Z1.802 F400.000
G1 X-14.330 Y-198.558 Z1.798 F400.000
G1 X-17.256 Y-198.550 Z1.695 F400.000
G1 X-17.597 Y-198.517 Z1.684 F400.000
G1 X-17.902 Y-198.456 Z1.673 F400.000
G1 X-18.231 Y-198.356 Z1.661 F400.000
G1 X-18.518 Y-198.237 Z1.650 F400.000
G1 X-18.821 Y-198.076 Z1.638 F400.000
G1 X-19.079 Y-197.903 Z1.627 F400.000
G1 X-19.345 Y-197.685 Z1.615 F400.000
G1 X-19.565 Y-197.465 Z1.604 F400.000
G1 X-19.782 Y-197.200 Z1.592 F400.000
G1 X-19.955 Y-196.941 Z1.581 F400.000
G1 X-20.117 Y-196.638 Z1.569 F400.000
G1 X-20.236 Y-196.351 Z1.558 F400.000
G1 X-20.336 Y-196.023 Z1.546 F400.000
G1 X-20.396 Y-195.717 Z1.536 F400.000
G1 X-20.437 Y-195.220 Z1.518 F400.000
G1 X-20.435 Y-186.654 Z1.219 F400.000
G1 X-20.406 Y-186.291 Z1.206 F400.000
G1 X-20.337 Y-185.934 Z1.194 F400.000
G1 X-20.230 Y-185.586 Z1.181 F400.000
G1 X-20.125 Y-185.330 Z1.171 F400.000
G1 X-16.238 Y-176.994 Z0.850 F400.000
G1 X-16.215 Y-176.938 Z0.848 F400.000
G1 X-16.210 Y-176.921 Z0.847 F400.000
G1 X-16.207 Y-176.903 Z0.847 F400.000
G1 X-16.204 Y-176.843 Z0.845 F400.000
G1 X-16.204 Y-173.952 Z0.744 F400.000
G1 X-16.215 Y-173.843 Z0.740 F400.000
G1 X-16.224 Y-173.814 Z0.739 F400.000
G1 X-16.238 Y-173.788 Z0.738 F400.000
G1 X-16.257 Y-173.764 Z0.737 F400.000
G1 X-16.281 Y-173.745 Z0.736 F400.000
G1 X-16.307 Y-173.731 Z0.734 F400.000
G1 X-16.336 Y-173.722 Z0.733 F400.000
G1 X-16.445 Y-173.711 Z0.730 F400.000
G1 X-17.850 Y-173.711 Z0.681 F400.000
G1 X-18.057 Y-173.697 Z0.673 F400.000
G1 X-18.316 Y-173.663 Z0.664 F400.000
G1 X-18.716 Y-173.556 Z0.650 F400.000
G1 X-18.958 Y-173.456 Z0.641 F400.000
G1 X-19.316 Y-173.249 Z0.626 F400.000
G1 X-19.524 Y-173.090 Z0.617 F400.000
G1 X-19.817 Y-172.797 Z0.603 F400.000
G1 X-19.975 Y-172.590 Z0.593 F400.000
G1 X-20.183 Y-172.231 Z0.579 F400.000
G1 X-20.283 Y-171.990 Z0.570 F400.000
G1 X-20.390 Y-171.590 Z0.555 F400.000
G1 X-20.424 Y-171.331 Z0.546 F400.000
G1 X-20.437 Y-171.124 Z0.539 F400.000
G1 X-20.436 Y-158.553 Z0.100 F400.000
G1 X-20.437 Y-171.124 Z-0.339 F400.000
G1 X-20.424 Y-171.331 Z-0.346 F400.000
G1 X-20.390 Y-171.590 Z-0.355 F400.000
G1 X-20.283 Y-171.990 Z-0.370 F400.000
G1 X-20.183 Y-172.231 Z-0.379 F400.000
G1 X-19.975 Y-172.590 Z-0.393 F400.000
G1 X-19.817 Y-172.797 Z-0.403 F400.000
G1 X-19.524 Y-173.090 Z-0.417 F400.000
G1 X-19.316 Y-173.249 Z-0.426 F400.000
G1 X-18.958 Y-173.456 Z-0.441 F400.000
G1 X-18.716 Y-173.556 Z-0.450 F400.000
G1 X-18.316 Y-173.663 Z-0.464 F400.000
G1 X-18.057 Y-173.697 Z-0.473 F400.000
G1 X-17.850 Y-173.711 Z-0.481 F400.000
G1 X-16.445 Y-173.711 Z-0.530 F400.000
G1 X-16.336 Y-173.722 Z-0.533 F400.000
G1 X-16.307 Y-173.731 Z-0.534 F400.000
G1 X-16.281 Y-173.745 Z-0.536 F400.000
G1 X-16.257 Y-173.764 Z-0.537 F400.000
G1 X-16.238 Y-173.788 Z-0.538 F400.000
G1 X-16.224 Y-173.814 Z-0.539 F400.000
G1 X-16.215 Y-173.843 Z-0.540 F400.000
G1 X-16.204 Y-173.952 Z-0.544 F400.000
G1 X-16.204 Y-176.843 Z-0.645 F400.000
G1 X-16.207 Y-176.903 Z-0.647 F400.000
G1 X-16.210 Y-176.921 Z-0.647 F400.000
G1 X-16.215 Y-176.938 Z-0.648 F400.000
G1 X-16.238 Y-176.994 Z-0.650 F400.000
G1 X-20.125 Y-185.330 Z-0.971 F400.000
G1 X-20.230 Y-185.586 Z-0.981 F400.000
G1 X-20.337 Y-185.934 Z-0.994 F400.000
G1 X-20.406 Y-186.291 Z-1.006 F400.000
G1 X-20.435 Y-186.654 Z-1.019 F400.000
G1 X-20.437 Y-195.220 Z-1.318 F400.000
G1 X-20.396 Y-195.717 Z-1.336 F400.000
G1 X-20.336 Y-196.023 Z-1.346 F400.000
G1 X-20.236 Y-196.351 Z-1.358 F400.000
G1 X-20.117 Y-196.638 Z-1.369 F400.000
G1 X-19.955 Y-196.941 Z-1.381 F400.000
G1 X-19.782 Y-197.200 Z-1.392 F400.000
G1 X-19.565 Y-197.465 Z-1.404 F400.000
G1 X-19.345 Y-197.685 Z-1.415 F400.000
G1 X-19.079 Y-197.903 Z-1.427 F400.000
G1 X-18.821 Y-198.076 Z-1.438 F400.000
G1 X-18.518 Y-198.237 Z-1.450 F400.000
G1 X-18.231 Y-198.356 Z-1.461 F400.000
G1 X-17.902 Y-198.456 Z-1.473 F400.000
G1 X-17.597 Y-198.517 Z-1.484 F400.000
G1 X-17.256 Y-198.550 Z-1.495 F400.000
G1 X-14.330 Y-198.558 Z-1.598 F400.000
G1 X-14.220 Y-198.569 Z-1.602 F400.000
G1 X-14.191 Y-198.577 Z-1.603 F400.000
G1 X-14.164 Y-198.592 Z-1.604 F400.000
G1 X-14.141 Y-198.611 Z-1.605 F400.000
G1 X-14.121 Y-198.634 Z-1.606 F400.000
G1 X-14.107 Y-198.661 Z-1.607 F400.000
G1 X-14.098 Y-198.690 Z-1.608 F400.000
G1 X-14.087 Y-198.798 Z-1.612 F400.000
G1 X-14.088 Y-200.505 Z-1.671 F400.000
G1 X-14.098 Y-200.613 Z-1.675 F400.000
G1 X-14.107 Y-200.642 Z-1.676 F400.000
G1 X-14.121 Y-200.669 Z-1.677 F400.000
G1 X-14.141 Y-200.692 Z-1.678 F400.000
G1 X-14.164 Y-200.712 Z-1.679 F400.000
G1 X-14.191 Y-200.726 Z-1.680 F400.000
G1 X-14.220 Y-200.735 Z-1.681 F400.000
G1 X-14.328 Y-200.745 Z-1.685 F400.000
G1 X-17.100 Y-200.745 Z-1.782 F400.000
G1 X-17.597 Y-200.787 Z-1.799 F400.000
G1 X-17.902 Y-200.847 Z-1.810 F400.000
G1 X-18.231 Y-200.947 Z-1.822 F400.000
G1 X-18.518 Y-201.066 Z-1.833 F400.000
G1 X-18.821 Y-201.228 Z-1.845 F400.000
G1 X-19.079 Y-201.401 Z-1.856 F400.000
G1 X-19.345 Y-201.618 Z-1.868 F400.000
G1 X-19.565 Y-201.838 Z-1.879 F400.000
G1 X-19.782 Y-202.104 Z-1.891 F400.000
G1 X-19.955 Y-202.362 Z-1.902 F400.000
G1 X-20.117 Y-202.665 Z-1.914 F400.000
G1 X-20.236 Y-202.952 Z-1.925 F400.000
G1 X-20.336 Y-203.281 Z-1.937 F400.000
G1 X-20.396 Y-203.586 Z-1.947 F400.000
G1 X-20.430 Y-203.927 Z-1.959 F400.000
G1 X-20.437 Y-228.000 Z-2.800 F400.000
G1 X-20.430 Y-203.927 Z-2.800 F400.000
G1 X-20.396 Y-203.586 Z-2.800 F400.000
G1 X-20.336 Y-203.281 Z-2.800 F400.000
G1 X-20.236 Y-202.952 Z-2.800 F400.000
G1 X-20.117 Y-202.665 Z-2.800 F400.000
G1 X-19.955 Y-202.362 Z-2.800 F400.000
G1 X-19.782 Y-202.104 Z-2.800 F400.000
G1 X-19.565 Y-201.838 Z-2.800 F400.000
G1 X-19.345 Y-201.618 Z-2.800 F400.000
G1 X-19.079 Y-201.401 Z-2.800 F400.000
G1 X-18.821 Y-201.228 Z-2.800 F400.000
G1 X-18.518 Y-201.066 Z-2.800 F400.000
G1 X-18.231 Y-200.947 Z-2.800 F400.000
G1 X-17.902 Y-200.847 Z-2.800 F400.000
G1 X-17.597 Y-200.787 Z-2.800 F400.000
G1 X-17.100 Y-200.745 Z-2.800 F400.000
G1 X-14.328 Y-200.745 Z-2.800 F400.000
G1 X-14.220 Y-200.735 Z-2.800 F400.000
G1 X-14.191 Y-200.726 Z-2.800 F400.000
G1 X-14.164 Y-200.712 Z-2.800 F400.000
G1 X-14.141 Y-200.692 Z-2.800 F400.000
G1 X-14.121 Y-200.669 Z-2.800 F400.000
G1 X-14.107 Y-200.642 Z-2.800 F400.000
G1 X-14.098 Y-200.613 Z-2.800 F400.000
G1 X-14.088 Y-200.505 Z-2.800 F400.000
G1 X-14.087 Y-198.798 Z-2.800 F400.000
G1 X-14.098 Y-198.690 Z-2.800 F400.000
G1 X-14.107 Y-198.661 Z-2.800 F400.000
G1 X-14.121 Y-198.634 Z-2.800 F400.000
G1 X-14.141 Y-198.611 Z-2.800 F400.000
G1 X-14.164 Y-198.592 Z-2.800 F400.000
G1 X-14.191 Y-198.577 Z-2.800 F400.000
G1 X-14.220 Y-198.569 Z-2.800 F400.000
G1 X-14.330 Y-198.558 Z-2.800 F400.000
G1 X-17.256 Y-198.550 Z-2.800 F400.000
G1 X-17.597 Y-198.517 Z-2.800 F400.000
G1 X-17.902 Y-198.456 Z-2.800 F400.000
G1 X-18.231 Y-198.356 Z-2.800 F400.000
G1 X-18.518 Y-198.237 Z-2.800 F400.000
G1 X-18.821 Y-198.076 Z-2.800 F400.000
G1 X-19.079 Y-197.903 Z-2.800 F400.000
G1 X-19.345 Y-197.685 Z-2.800 F400.000
G1 X-19.565 Y-197.465 Z-2.800 F400.000
G1 X-19.782 Y-197.200 Z-2.800 F400.000
G1 X-19.955 Y-196.941 Z-2.800 F400.000
G1 X-20.117 Y-196.638 Z-2.800 F400.000
G1 X-20.236 Y-196.351 Z-2.800 F400.000
G1 X-20.336 Y-196.023 Z-2.800 F400.000
G1 X-20.396 Y-195.717 Z-2.800 F400.000
G1 X-20.437 Y-195.220 Z-2.800 F400.000
G1 X-20.435 Y-186.654 Z-2.800 F400.000
G1 X-20.406 Y-186.291 Z-2.800 F400.000
G1 X-20.337 Y-185.934 Z-2.800 F400.000
G1 X-20.230 Y-185.586 Z-2.800 F400.000
G1 X-20.125 Y-185.330 Z-2.800 F400.000
G1 X-16.238 Y-176.994 Z-2.800 F400.000
G1 X-16.215 Y-176.938 Z-2.800 F400.000
G1 X-16.210 Y-176.921 Z-2.800 F400.000
G1 X-16.207 Y-176.903 Z-2.800 F400.000
G1 X-16.204 Y-176.843 Z-2.800 F400.000
G1 X-16.204 Y-173.952 Z-2.800 F400.000
G1 X-16.215 Y-173.843 Z-2.800 F400.000
G1 X-16.224 Y-173.814 Z-2.800 F400.000
G1 X-16.238 Y-173.788 Z-2.800 F400.000
G1 X-16.257 Y-173.764 Z-2.800 F400.000
G1 X-16.281 Y-173.745 Z-2.800 F400.000
G1 X-16.307 Y-173.731 Z-2.800 F400.000
G1 X-16.336 Y-173.722 Z-2.800 F400.000
G1 X-16.445 Y-173.711 Z-2.800 F400.000
G1 X-17.850 Y-173.711 Z-2.800 F400.000
G1 X-18.057 Y-173.697 Z-2.800 F400.000
G1 X-18.316 Y-173.663 Z-2.800 F400.000
G1 X-18.716 Y-173.556 Z-2.800 F400.000
G1 X-18.958 Y-173.456 Z-2.800 F400.000
G1 X-19.316 Y-173.249 Z-2.800 F400.000
G1 X-19.524 Y-173.090 Z-2.800 F400.000
G1 X-19.817 Y-172.797 Z-2.800 F400.000
G1 X-19.975 Y-172.590 Z-2.800 F400.000
G1 X-20.183 Y-172.231 Z-2.800 F400.000
G1 X-20.283 Y-171.990 Z-2.800 F400.000
G1 X-20.390 Y-171.590 Z-2.800 F400.000
G1 X-20.424 Y-171.331 Z-2.800 F400.000
G1 X-20.437 Y-171.124 Z-2.800 F400.000
G1 X-20.435 Y-148.170 Z-2.800 F400.000
G1 X-20.406 Y-147.807 Z-2.800 F400.000
G1 X-20.337 Y-147.450 Z-2.800 F400.000
G1 X-20.230 Y-147.102 Z-2.800 F400.000
G1 X-20.125 Y-146.846 Z-2.800 F400.000
G1 X-16.238 Y-138.510 Z-2.800 F400.000
G1 X-16.215 Y-138.454 Z-2.800 F400.000
G1 X-16.210 Y-138.437 Z-2.800 F400.000
G1 X-16.207 Y-138.419 Z-2.800 F400.000
G1 X-16.204 Y-138.359 Z-2.800 F400.000
G1 X-16.204 Y-135.468 Z-2.800 F400.000
G1 X-16.215 Y-135.359 Z-2.800 F400.000
G1 X-16.224 Y-135.330 Z-2.800 F400.000
G1 X-16.238 Y-135.304 Z-2.800 F400.000
G1 X-16.257 Y-135.280 Z-2.800 F400.000
G1 X-16.281 Y-135.261 Z-2.800 F400.000
G1 X-16.307 Y-135.247 Z-2.800 F400.000
G1 X-16.336 Y-135.238 Z-2.800 F400.000
G1 X-16.445 Y-135.227 Z-2.800 F400.000
G1 X-17.850 Y-135.227 Z-2.800 F400.000
G1 X-18.057 Y-135.213 Z-2.800 F400.000
G1 X-18.316 Y-135.179 Z-2.800 F400.000
G1 X-18.716 Y-135.072 Z-2.800 F400.000
G1 X-18.958 Y-134.972 Z-2.800 F400.000
G1 X-19.316 Y-134.765 Z-2.800 F400.000
G1 X-19.524 Y-134.606 Z-2.800 F400.000
G1 X-19.817 Y-134.313 Z-2.800 F400.000
G1 X-19.975 Y-134.106 Z-2.800 F400.000
G1 X-20.183 Y-133.747 Z-2.800 F400.000
G1 X-20.283 Y-133.506 Z-2.800 F400.000
G1 X-20.390 Y-133.106 Z-2.800 F400.000
G1 X-20.424 Y-132.847 Z-2.800 F400.000
G1 X-20.437 Y-132.640 Z-2.800 F400.000
G1 X-20.435 Y-109.686 Z-2.800 F400.000
G1 X-20.406 Y-109.323 Z-2.800 F400.000
G1 X-20.337 Y-108.966 Z-2.800 F400.000
G1 X-20.230 Y-108.618 Z-2.800 F400.000
G1 X-20.125 Y-108.362 Z-2.800 F400.000
G1 X-16.238 Y-100.026 Z-2.800 F400.000
G1 X-16.215 Y-99.969 Z-2.800 F400.000
G1 X-16.210 Y-99.953 Z-2.800 F400.000
G1 X-16.207 Y-99.935 Z-2.800 F400.000
G1 X-16.204 Y-99.875 Z-2.800 F400.000
G1 X-16.204 Y-96.984 Z-2.800 F400.000
G1 X-16.215 Y-96.875 Z-2.800 F400.000
G1 X-16.224 Y-96.846 Z-2.800 F400.000
G1 X-16.238 Y-96.820 Z-2.800 F400.000
G1 X-16.257 Y-96.796 Z-2.800 F400.000
G1 X-16.281 Y-96.777 Z-2.800 F400.000
G1 X-16.307 Y-96.762 Z-2.800 F400.000
G1 X-16.336 Y-96.754 Z-2.800 F400.000
G1 X-16.445 Y-96.743 Z-2.800 F400.000
G1 X-17.850 Y-96.743 Z-2.800 F400.000
G1 X-18.057 Y-96.729 Z-2.800 F400.000
G1 X-18.316 Y-96.695 Z-2.800 F400.000
G1 X-18.716 Y-96.588 Z-2.800 F400.000
G1 X-18.958 Y-96.488 Z-2.800 F400.000
G1 X-19.316 Y-96.281 Z-2.800 F400.000
G1 X-19.524 Y-96.122 Z-2.800 F400.000
G1 X-19.817 Y-95.829 Z-2.800 F400.000
G1 X-19.975 Y-95.622 Z-2.800 F400.000
G1 X-20.183 Y-95.263 Z-2.800 F400.000
G1 X-20.283 Y-95.022 Z-2.800 F400.000
G1 X-20.390 Y-94.622 Z-2.800 F400.000
G1 X-20.424 Y-94.363 Z-2.800 F400.000
G1 X-20.437 Y-94.156 Z-2.800 F400.000
G1 X-20.435 Y-71.202 Z-2.800 F400.000
G1 X-20.406 Y-70.839 Z-2.800 F400.000
G1 X-20.337 Y-70.482 Z-2.800 F400.000
G1 X-20.230 Y-70.134 Z-2.800 F400.000
G1 X-20.125 Y-69.878 Z-2.800 F400.000
G1 X-16.238 Y-61.542 Z-2.800 F400.000
G1 X-16.215 Y-61.485 Z-2.800 F400.000
G1 X-16.210 Y-61.469 Z-2.800 F400.000
G1 X-16.207 Y-61.451 Z-2.800 F400.000
G1 X-16.204 Y-61.391 Z-2.800 F400.000
G1 X-16.204 Y-58.500 Z-2.800 F400.000
G1 X-16.215 Y-58.391 Z-2.800 F400.000
G1 X-16.224 Y-58.362 Z-2.800 F400.000
G1 X-16.238 Y-58.336 Z-2.800 F400.000
G1 X-16.257 Y-58.312 Z-2.800 F400.000
G1 X-16.281 Y-58.293 Z-2.800 F400.000
G1 X-16.307 Y-58.278 Z-2.800 F400.000
G1 X-16.336 Y-58.270 Z-2.800 F400.000
G1 X-16.445 Y-58.259 Z-2.800 F400.000
G1 X-17.850 Y-58.259 Z-2.800 F400.000
G1 X-18.057 Y-58.245 Z-2.800 F400.000
G1 X-18.316 Y-58.211 Z-2.800 F400.000
G1 X-18.716 Y-58.104 Z-2.800 F400.000
G1 X-18.958 Y-58.004 Z-2.800 F400.000
G1 X-19.316 Y-57.797 Z-2.800 F400.000
G1 X-19.524 Y-57.638 Z-2.800 F400.000
G1 X-19.817 Y-57.345 Z-2.800 F400.000
G1 X-19.975 Y-57.138 Z-2.800 F400.000
G1 X-20.183 Y-56.779 Z-2.800 F400.000
G1 X-20.283 Y-56.538 Z-2.800 F400.000
G1 X-20.390 Y-56.138 Z-2.800 F400.000
G1 X-20.424 Y-55.879 Z-2.800 F400.000
G1 X-20.437 Y-55.672 Z-2.800 F400.000
G1 X-20.435 Y-32.718 Z-2.800 F400.000
G1 X-20.406 Y-32.355 Z-2.800 F400.000
G1 X-20.337 Y-31.998 Z-2.800 F400.000
G1 X-20.230 Y-31.650 Z-2.800 F400.000
G1 X-20.125 Y-31.394 Z-2.800 F400.000
G1 X-16.238 Y-23.058 Z-2.800 F400.000
G1 X-16.215 Y-23.001 Z-2.800 F400.000
G1 X-16.210 Y-22.985 Z-2.800 F400.000
G1 X-16.207 Y-22.967 Z-2.800 F400.000
G1 X-16.204 Y-22.907 Z-2.800 F400.000
G1 X-16.204 Y-20.015 Z-2.800 F400.000
G1 X-16.215 Y-19.907 Z-2.800 F400.000
G1 X-16.224 Y-19.878 Z-2.800 F400.000
G1 X-16.238 Y-19.851 Z-2.800 F400.000
G1 X-16.257 Y-19.828 Z-2.800 F400.000
G1 X-16.281 Y-19.809 Z-2.800 F400.000
G1 X-16.307 Y-19.794 Z-2.800 F400.000
G1 X-16.336 Y-19.786 Z-2.800 F400.000
G1 X-16.445 Y-19.775 Z-2.800 F400.000
G1 X-17.850 Y-19.775 Z-2.800 F400.000
G1 X-18.057 Y-19.761 Z-2.800 F400.000
G1 X-18.316 Y-19.727 Z-2.800 F400.000
G1 X-18.716 Y-19.620 Z-2.800 F400.000
G1 X-18.958 Y-19.520 Z-2.800 F400.000
G1 X-19.316 Y-19.313 Z-2.800 F400.000
G1 X-19.524 Y-19.154 Z-2.800 F400.000
G1 X-19.817 Y-18.861 Z-2.800 F400.000
G1 X-19.975 Y-18.654 Z-2.800 F400.000
G1 X-20.183 Y-18.295 Z-2.800 F400.000
G1 X-20.283 Y-18.054 Z-2.800 F400.000
G1 X-20.390 Y-17.654 Z-2.800 F400.000
G1 X-20.424 Y-17.395 Z-2.800 F400.000
G1 X-20.437 Y-17.188 Z-2.800 F400.000
G1 X-20.437 Y-3.000 Z-2.800 F400.000
G0 X-20.437 Y-3.000 Z5.000
G0 X-20.437 Y-228.000 Z5.000
G0 X-20.437 Y-228.000 Z3.000
G1 X-20.430 Y-203.927 Z2.159 F400.000
G1 X-20.396 Y-203.586 Z2.147 F400.000
G1 X-20.336 Y-203.281 Z2.137 F400.000
G1 X-20.236 Y-202.952 Z2.125 F400.000
G1 X-20.117 Y-202.665 Z2.114 F400.000
G1 X-19.955 Y-202.362 Z2.102 F400.000
G1 X-19.782 Y-202.104 Z2.091 F400.000
G1 X-19.565 Y-201.838 Z2.079 F400.000
G1 X-19.345 Y-201.618 Z2.068 F400.000
G1 X-19.079 Y-201.401 Z2.056 F400.000
G1 X-18.821 Y-201.228 Z2.045 F400.000
G1 X-18.518 Y-201.066 Z2.033 F400.000
G1 X-18.231 Y-200.947 Z2.022 F400.000
G1 X-17.902 Y-200.847 Z2.010 F400.000
G1 X-17.597 Y-200.787 Z1.999 F400.000
G1 X-17.100 Y-200.745 Z1.982 F400.000
G1 X-14.328 Y-200.745 Z1.885 F400.000
G1 X-14.220 Y-200.735 Z1.881 F400.000
G1 X-14.191 Y-200.726 Z1.880 F400.000
G1 X-14.164 Y-200.712 Z1.879 F400.000
G1 X-14.141 Y-200.692 Z1.878 F400.000
G1 X-14.121 Y-200.669 Z1.877 F400.000
G1 X-14.107 Y-200.642 Z1.876 F400.000
G1 X-14.098 Y-200.613 Z1.875 F400.000
G1 X-14.088 Y-200.505 Z1.871 F400.000
G1 X-14.087 Y-198.798 Z1.812 F400.000
G1 X-14.098 Y-198.690 Z1.808 F400.000
G1 X-14.107 Y-198.661 Z1.807 F400.000
G1 X-14.121 Y-198.634 Z1.806 F400.000
G1 X-14.141 Y-198.611 Z1.805 F400.000
G1 X-14.164 Y-198.592 Z1.804 F400.000
G1 X-14.191 Y-198.577 Z1.803 F400.000
G1 X-14.220 Y-198.569 Z1.802 F400.000
G1 X-14.330 Y-198.558 Z1.798 F400.000
G1 X-17.256 Y-198.550 Z1.695 F400.000
G1 X-17.597 Y-198.517 Z1.684 F400.000
G1 X-17.902 Y-198.456 Z1.673 F400.000
G1 X-18.231 Y-198.356 Z1.661 F400.000
G1 X-18.518 Y-198.237 Z1.650 F400.000
G1 X-18.821 Y-198.076 Z1.638 F400.000
G1 X-19.079 Y-197.903 Z1.627 F400.000
G1 X-19.345 Y-197.685 Z1.615 F400.000
G1 X-19.565 Y-197.465 Z1.604 F400.000
G1 X-19.782 Y-197.200 Z1.592 F400.000
G1 X-19.955 Y-196.941 Z1.581 F400.000
G1 X-20.117 Y-196.638 Z1.569 F400.000
G1 X-20.236 Y-196.351 Z1.558 F400.000
G1 X-20.336 Y-196.023 Z1.546 F400.000
G1 X-20.396 Y-195.717 Z1.536 F400.000
G1 X-20.437 Y-195.220 Z1.518 F400.000
G1 X-20.435 Y-186.654 Z1.219 F400.000
G1 X-20.406 Y-186.291 Z1.206 F400.000
G1 X-20.337 Y-185.934 Z1.194 F400.000
G1 X-20.230 Y-185.586 Z1.181 F400.000
G1 X-20.125 Y-185.330 Z1.171 F400.000
G1 X-16.238 Y-176.994 Z0.850 F400.000
G1 X-16.215 Y-176.938 Z0.848 F400.000
G1 X-16.210 Y-176.921 Z0.847 F400.000
G1 X-16.207 Y-176.903 Z0.847 F400.000
G1 X-16.204 Y-176.843 Z0.845 F400.000
G1 X-16.204 Y-173.952 Z0.744 F400.000
G1 X-16.215 Y-173.843 Z0.740 F400.000
G1 X-16.224 Y-173.814 Z0.739 F400.000
G1 X-16.238 Y-173.788 Z0.738 F400.000
G1 X-16.257 Y-173.764 Z0.737 F400.000
G1 X-16.281 Y-173.745 Z0.736 F400.000
G1 X-16.307 Y-173.731 Z0.734 F400.000
G1 X-16.336 Y-173.722 Z0.733 F400.000
G1 X-16.445 Y-173.711 Z0.730 F400.000
G1 X-17.850 Y-173.711 Z0.681 F400.000
G1 X-18.057 Y-173.697 Z0.673 F400.000
G1 X-18.316 Y-173.663 Z0.664 F400.000
G1 X-18.716 Y-173.556 Z0.650 F400.000
G1 X-18.958 Y-173.456 Z0.641 F400.000
G1 X-19.316 Y-173.249 Z0.626 F400.000
G1 X-19.524 Y-173.090 Z0.617 F400.000
G1 X-19.817 Y-172.797 Z0.603 F400.000
G1 X-19.975 Y-172.590 Z0.593 F400.000
G1 X-20.183 Y-172.231 Z0.579 F400.000
G1 X-20.283 Y-171.990 Z0.570 F400.000
G1 X-20.390 Y-171.590 Z0.555 F400.000
G1 X-20.424 Y-171.331 Z0.546 F400.000
G1 X-20.437 Y-171.124 Z0.539 F400.000
G1 X-20.436 Y-155.689 Z-0.000 F400.000
G1 X-20.437 Y-171.124 Z-0.539 F400.000
G1 X-20.424 Y-171.331 Z-0.546 F400.000
G1 X-20.390 Y-171.590 Z-0.555 F400.000
G1 X-20.283 Y-171.990 Z-0.570 F400.000
G1 X-20.183 Y-172.231 Z-0.579 F400.000
G1 X-19.975 Y-172.590 Z-0.593 F400.000
G1 X-19.817 Y-172.797 Z-0.603 F400.000
G1 X-19.524 Y-173.090 Z-0.617 F400.000
G1 X-19.316 Y-173.249 Z-0.626 F400.000
G1 X-18.958 Y-173.456 Z-0.641 F400.000
G1 X-18.716 Y-173.556 Z-0.650 F400.000
G1 X-18.316 Y-173.663 Z-0.664 F400.000
G1 X-18.057 Y-173.697 Z-0.673 F400.000
G1 X-17.850 Y-173.711 Z-0.681 F400.000
G1 X-16.445 Y-173.711 Z-0.730 F400.000
G1 X-16.336 Y-173.722 Z-0.733 F400.000
G1 X-16.307 Y-173.731 Z-0.734 F400.000
G1 X-16.281 Y-173.745 Z-0.736 F400.000
G1 X-16.257 Y-173.764 Z-0.737 F400.000
G1 X-16.238 Y-173.788 Z-0.738 F400.000
G1 X-16.224 Y-173.814 Z-0.739 F400.000
G1 X-16.215 Y-173.843 Z-0.740 F400.000
G1 X-16.204 Y-173.952 Z-0.744 F400.000
G1 X-16.204 Y-176.843 Z-0.845 F400.000
G1 X-16.207 Y-176.903 Z-0.847 F400.000
G1 X-16.210 Y-176.921 Z-0.847 F400.000
G1 X-16.215 Y-176.938 Z-0.848 F400.000
G1 X-16.238 Y-176.994 Z-0.850 F400.000
G1 X-20.125 Y-185.330 Z-1.171 F400.000
G1 X-20.230 Y-185.586 Z-1.181 F400.000
G1 X-20.337 Y-185.934 Z-1.194 F400.000
G1 X-20.406 Y-186.291 Z-1.206 F400.000
G1 X-20.435 Y-186.654 Z-1.219 F400.000
G1 X-20.437 Y-195.220 Z-1.518 F400.000
G1 X-20.396 Y-195.717 Z-1.536 F400.000
G1 X-20.336 Y-196.023 Z-1.546 F400.000
G1 X-20.236 Y-196.351 Z-1.558 F400.000
G1 X-20.117 Y-196.638 Z-1.569 F400.000
G1 X-19.955 Y-196.941 Z-1.581 F400.000
G1 X-19.782 Y-197.200 Z-1.592 F400.000
G1 X-19.565 Y-197.465 Z-1.604 F400.000
G1 X-19.345 Y-197.685 Z-1.615 F400.000
G1 X-19.079 Y-197.903 Z-1.627 F400.000
G1 X-18.821 Y-198.076 Z-1.638 F400.000
G1 X-18.518 Y-198.237 Z-1.650 F400.000
G1 X-18.231 Y-198.356 Z-1.661 F400.000
G1 X-17.902 Y-198.456 Z-1.673 F400.000
G1 X-17.597 Y-198.517 Z-1.684 F400.000
G1 X-17.256 Y-198.550 Z-1.695 F400.000
G1 X-14.330 Y-198.558 Z-1.798 F400.000
G1 X-14.220 Y-198.569 Z-1.802 F400.000
G1 X-14.191 Y-198.577 Z-1.803 F400.000
G1 X-14.164 Y-198.592 Z-1.804 F400.000
G1 X-14.141 Y-198.611 Z-1.805 F400.000
G1 X-14.121 Y-198.634 Z-1.806 F400.000
G1 X-14.107 Y-198.661 Z-1.807 F400.000
G1 X-14.098 Y-198.690 Z-1.808 F400.000
G1 X-14.087 Y-198.798 Z-1.812 F400.000
G1 X-14.088 Y-200.505 Z-1.871 F400.000
G1 X-14.098 Y-200.613 Z-1.875 F400.000
G1 X-14.107 Y-200.642 Z-1.876 F400.000
G1 X-14.121 Y-200.669 Z-1.877 F400.000
G1 X-14.141 Y-200.692 Z-1.878 F400.000
G1 X-14.164 Y-200.712 Z-1.879 F400.000
G1 X-14.191 Y-200.726 Z-1.880 F400.000
G1 X-14.220 Y-200.735 Z-1.881 F400.000
G1 X-14.328 Y-200.745 Z-1.885 F400.000
G1 X-17.100 Y-200.745 Z-1.982 F400.000
G1 X-17.597 Y-200.787 Z-1.999 F400.000
G1 X-17.902 Y-200.847 Z-2.010 F400.000
G1 X-18.231 Y-200.947 Z-2.022 F400.000
G1 X-18.518 Y-201.066 Z-2.033 F400.000
G1 X-18.821 Y-201.228 Z-2.045 F400.000
G1 X-19.079 Y-201.401 Z-2.056 F400.000
G1 X-19.345 Y-201.618 Z-2.068 F400.000
G1 X-19.565 Y-201.838 Z-2.079 F400.000
G1 X-19.782 Y-202.104 Z-2.091 F400.000
G1 X-19.955 Y-202.362 Z-2.102 F400.000
G1 X-20.117 Y-202.665 Z-2.114 F400.000
G1 X-20.236 Y-202.952 Z-2.125 F400.000
G1 X-20.336 Y-203.281 Z-2.137 F400.000
G1 X-20.396 Y-203.586 Z-2.147 F400.000
G1 X-20.430 Y-203.927 Z-2.159 F400.000
G1 X-20.437 Y-228.000 Z-3.000 F400.000
G1 X-20.430 Y-203.927 Z-3.000 F400.000
G1 X-20.396 Y-203.586 Z-3.000 F400.000
G1 X-20.336 Y-203.281 Z-3.000 F400.000
G1 X-20.236 Y-202.952 Z-3.000 F400.000
G1 X-20.117 Y-202.665 Z-3.000 F400.000
G1 X-19.955 Y-202.362 Z-3.000 F400.000
G1 X-19.782 Y-202.104 Z-3.000 F400.000
G1 X-19.565 Y-201.838 Z-3.000 F400.000
G1 X-19.345 Y-201.618 Z-3.000 F400.000
G1 X-19.079 Y-201.401 Z-3.000 F400.000
G1 X-18.821 Y-201.228 Z-3.000 F400.000
G1 X-18.518 Y-201.066 Z-3.000 F400.000
G1 X-18.231 Y-200.947 Z-3.000 F400.000
G1 X-17.902 Y-200.847 Z-3.000 F400.000
G1 X-17.597 Y-200.787 Z-3.000 F400.000
G1 X-17.100 Y-200.745 Z-3.000 F400.000
G1 X-14.328 Y-200.745 Z-3.000 F400.000
G1 X-14.220 Y-200.735 Z-3.000 F400.000
G1 X-14.191 Y-200.726 Z-3.000 F400.000
G1 X-14.164 Y-200.712 Z-3.000 F400.000
G1 X-14.141 Y-200.692 Z-3.000 F400.000
G1 X-14.121 Y-200.669 Z-3.000 F400.000
G1 X-14.107 Y-200.642 Z-3.000 F400.000
G1 X-14.098 Y-200.613 Z-3.000 F400.000
G1 X-14.088 Y-200.505 Z-3.000 F400.000
G1 X-14.087 Y-198.798 Z-3.000 F400.000
G1 X-14.098 Y-198.690 Z-3.000 F400.000
G1 X-14.107 Y-198.661 Z-3.000 F400.000
G1 X-14.121 Y-198.634 Z-3.000 F400.000
G1 X-14.141 Y-198.611 Z-3.000 F400.000
G1 X-14.164 Y-198.592 Z-3.000 F400.000
G1 X-14.191 Y-198.577 Z-3.000 F400.000
G1 X-14.220 Y-198.569 Z-3.000 F400.000
G1 X-14.330 Y-198.558 Z-3.000 F400.000
G1 X-17.256 Y-198.550 Z-3.000 F400.000
G1 X-17.597 Y-198.517 Z-3.000 F400.000
G1 X-17.902 Y-198.456 Z-3.000 F400.000
G1 X-18.231 Y-198.356 Z-3.000 F400.000
G1 X-18.518 Y-198.237 Z-3.000 F400.000
G1 X-18.821 Y-198.076 Z-3.000 F400.000
G1 X-19.079 Y-197.903 Z-3.000 F400.000
G1 X-19.345 Y-197.685 Z-3.000 F400.000
G1 X-19.565 Y-197.465 Z-3.000 F400.000
G1 X-19.782 Y-197.200 Z-3.000 F400.000
G1 X-19.955 Y-196.941 Z-3.000 F400.000
G1 X-20.117 Y-196.638 Z-3.000 F400.000
G1 X-20.236 Y-196.351 Z-3.000 F400.000
G1 X-20.336 Y-196.023 Z-3.000 F400.000
G1 X-20.396 Y-195.717 Z-3.000 F400.000
G1 X-20.437 Y-195.220 Z-3.000 F400.000
G1 X-20.435 Y-186.654 Z-3.000 F400.000
G1 X-20.406 Y-186.291 Z-3.000 F400.000
G1 X-20.337 Y-185.934 Z-3.000 F400.000
G1 X-20.230 Y-185.586 Z-3.000 F400.000
G1 X-20.125 Y-185.330 Z-3.000 F400.000
G1 X-16.238 Y-176.994 Z-3.000 F400.000
G1 X-16.215 Y-176.938 Z-3.000 F400.000
G1 X-16.210 Y-176.921 Z-3.000 F400.000
G1 X-16.207 Y-176.903 Z-3.000 F400.000
G1 X-16.204 Y-176.843 Z-3.000 F400.000
G1 X-16.204 Y-173.952 Z-3.000 F400.000
G1 X-16.215 Y-173.843 Z-3.000 F400.000
G1 X-16.224 Y-173.814 Z-3.000 F400.000
G1 X-16.238 Y-173.788 Z-3.000 F400.000
G1 X-16.257 Y-173.764 Z-3.000 F400.000
G1 X-16.281 Y-173.745 Z-3.000 F400.000
G1 X-16.307 Y-173.731 Z-3.000 F400.000
G1 X-16.336 Y-173.722 Z-3.000 F400.000
G1 X-16.445 Y-173.711 Z-3.000 F400.000
G1 X-17.850 Y-173.711 Z-3.000 F400.000
G1 X-18.057 Y-173.697 Z-3.000 F400.000
G1 X-18.316 Y-173.663 Z-3.000 F400.000
G1 X-18.716 Y-173.556 Z-3.000 F400.000
G1 X-18.958 Y-173.456 Z-3.000 F400.000
G1 X-19.316 Y-173.249 Z-3.000 F400.000
G1 X-19.524 Y-173.090 Z-3.000 F400.000
G1 X-19.817 Y-172.797 Z-3.000 F400.000
G1 X-19.975 Y-172.590 Z-3.000 F400.000
G1 X-20.183 Y-172.231 Z-3.000 F400.000
G1 X-20.283 Y-171.990 Z-3.000 F400.000
G1 X-20.390 Y-171.590 Z-3.000 F400.000
G1 X-20.424 Y-171.331 Z-3.000 F400.000
G1 X-20.437 Y-171.124 Z-3.000 F400.000
G1 X-20.435 Y-148.170 Z-3.000 F400.000
G1 X-20.406 Y-147.807 Z-3.000 F400.000
G1 X-20.337 Y-147.450 Z-3.000 F400.000
G1 X-20.230 Y-147.102 Z-3.000 F400.000
G1 X-20.125 Y-146.846 Z-3.000 F400.000
G1 X-16.238 Y-138.510 Z-3.000 F400.000
G1 X-16.215 Y-138.454 Z-3.000 F400.000
G1 X-16.210 Y-138.437 Z-3.000 F400.000
G1 X-16.207 Y-138.419 Z-3.000 F400.000
G1 X-16.204 Y-138.359 Z-3.000 F400.000
G1 X-16.204 Y-135.468 Z-3.000 F400.000
G1 X-16.215 Y-135.359 Z-3.000 F400.000
G1 X-16.224 Y-135.330 Z-3.000 F400.000
G1 X-16.238 Y-135.304 Z-3.000 F400.000
G1 X-16.257 Y-135.280 Z-3.000 F400.000
G1 X-16.281 Y-135.261 Z-3.000 F400.000
G1 X-16.307 Y-135.247 Z-3.000 F400.000
G1 X-16.336 Y-135.238 Z-3.000 F400.000
G1 X-16.445 Y-135.227 Z-3.000 F400.000
G1 X-17.850 Y-135.227 Z-3.000 F400.000
G1 X-18.057 Y-135.213 Z-3.000 F400.000
G1 X-18.316 Y-135.179 Z-3.000 F400.000
G1 X-18.716 Y-135.072 Z-3.000 F400.000
G1 X-18.958 Y-134.972 Z-3.000 F400.000
G1 X-19.316 Y-134.765 Z-3.000 F400.000
G1 X-19.524 Y-134.606 Z-3.000 F400.000
G1 X-19.817 Y-134.313 Z-3.000 F400.000
G1 X-19.975 Y-134.106 Z-3.000 F400.000
G1 X-20.183 Y-133.747 Z-3.000 F400.000
G1 X-20.283 Y-133.506 Z-3.000 F400.000
G1 X-20.390 Y-133.106 Z-3.000 F400.000
G1 X-20.424 Y-132.847 Z-3.000 F400.000
G1 X-20.437 Y-132.640 Z-3.000 F400.000
G1 X-20.435 Y-109.686 Z-3.000 F400.000
G1 X-20.406 Y-109.323 Z-3.000 F400.000
G1 X-20.337 Y-108.966 Z-3.000 F400.000
G1 X-20.230 Y-108.618 Z-3.000 F400.000
G1 X-20.125 Y-108.362 Z-3.000 F400.000
G1 X-16.238 Y-100.026 Z-3.000 F400.000
G1 X-16.215 Y-99.969 Z-3.000 F400.000
G1 X-16.210 Y-99.953 Z-3.000 F400.000
G1 X-16.207 Y-99.935 Z-3.000 F400.000
G1 X-16.204 Y-99.875 Z-3.000 F400.000
G1 X-16.204 Y-96.984 Z-3.000 F400.000
G1 X-16.215 Y-96.875 Z-3.000 F400.000
G1 X-16.224 Y-96.846 Z-3.000 F400.000
G1 X-16.238 Y-96.820 Z-3.000 F400.000
G1 X-16.257 Y-96.796 Z-3.000 F400.000
G1 X-16.281 Y-96.777 Z-3.000 F400.000
G1 X-16.307 Y-96.762 Z-3.000 F400.000
G1 X-16.336 Y-96.754 Z-3.000 F400.000
G1 X-16.445 Y-96.743 Z-3.000 F400.000
G1 X-17.850 Y-96.743 Z-3.000 F400.000
G1 X-18.057 Y-96.729 Z-3.000 F400.000
G1 X-18.316 Y-96.695 Z-3.000 F400.000
G1 X-18.716 Y-96.588 Z-3.000 F400.000
G1 X-18.958 Y-96.488 Z-3.000 F400.000
G1 X-19.316 Y-96.281 Z-3.000 F400.000
G1 X-19.524 Y-96.122 Z-3.000 F400.000
G1 X-19.817 Y-95.829 Z-3.000 F400.000
G1 X-19.975 Y-95.622 Z-3.000 F400.000
G1 X-20.183 Y-95.263 Z-3.000 F400.000
G1 X-20.283 Y-95.022 Z-3.000 F400.000
G1 X-20.390 Y-94.622 Z-3.000 F400.000
G1 X-20.424 Y-94.363 Z-3.000 F400.000
G1 X-20.437 Y-94.156 Z-3.000 F400.000
G1 X-20.435 Y-71.202 Z-3.000 F400.000
G1 X-20.406 Y-70.839 Z-3.000 F400.000
G1 X-20.337 Y-70.482 Z-3.000 F400.000
G1 X-20.230 Y-70.134 Z-3.000 F400.000
G1 X-20.125 Y-69.878 Z-3.000 F400.000
G1 X-16.238 Y-61.542 Z-3.000 F400.000
G1 X-16.215 Y-61.485 Z-3.000 F400.000
G1 X-16.210 Y-61.469 Z-3.000 F400.000
G1 X-16.207 Y-61.451 Z-3.000 F400.000
G1 X-16.204 Y-61.391 Z-3.000 F400.000
G1 X-16.204 Y-58.500 Z-3.000 F400.000
G1 X-16.215 Y-58.391 Z-3.000 F400.000
G1 X-16.224 Y-58.362 Z-3.000 F400.000
G1 X-16.238 Y-58.336 Z-3.000 F400.000
G1 X-16.257 Y-58.312 Z-3.000 F400.000
G1 X-16.281 Y-58.293 Z-3.000 F400.000
G1 X-16.307 Y-58.278 Z-3.000 F400.000
G1 X-16.336 Y-58.270 Z-3.000 F400.000
G1 X-16.445 Y-58.259 Z-3.000 F400.000
G1 X-17.850 Y-58.259 Z-3.000 F400.000
G1 X-18.057 Y-58.245 Z-3.000 F400.000
G1 X-18.316 Y-58.211 Z-3.000 F400.000
G1 X-18.716 Y-58.104 Z-3.000 F400.000
G1 X-18.958 Y-58.004 Z-3.000 F400.000
G1 X-19.316 Y-57.797 Z-3.000 F400.000
G1 X-19.524 Y-57.638 Z-3.000 F400.000
G1 X-19.817 Y-57.345 Z-3.000 F400.000
G1 X-19.975 Y-57.138 Z-3.000 F400.000
G1 X-20.183 Y-56.779 Z-3.000 F400.000
G1 X-20.283 Y-56.538 Z-3.000 F400.000
G1 X-20.390 Y-56.138 Z-3.000 F400.000
G1 X-20.424 Y-55.879 Z-3.000 F400.000
G1 X-20.437 Y-55.672 Z-3.000 F400.000
G1 X-20.435 Y-32.718 Z-3.000 F400.000
G1 X-20.406 Y-32.355 Z-3.000 F400.000
G1 X-20.337 Y-31.998 Z-3.000 F400.000
G1 X-20.230 Y-31.650 Z-3.000 F400.000
G1 X-20.125 Y-31.394 Z-3.000 F400.000
G1 X-16.238 Y-23.058 Z-3.000 F400.000
G1 X-16.215 Y-23.001 Z-3.000 F400.000
G1 X-16.210 Y-22.985 Z-3.000 F400.000
G1 X-16.207 Y-22.967 Z-3.000 F400.000
G1 X-16.204 Y-22.907 Z-3.000 F400.000
G1 X-16.204 Y-20.015 Z-3.000 F400.000
G1 X-16.215 Y-19.907 Z-3.000 F400.000
G1 X-16.224 Y-19.878 Z-3.000 F400.000
G1 X-16.238 Y-19.851 Z-3.000 F400.000
G1 X-16.257 Y-19.828 Z-3.000 F400.000
G1 X-16.281 Y-19.809 Z-3.000 F400.000
G1 X-16.307 Y-19.794 Z-3.000 F400.000
G1 X-16.336 Y-19.786 Z-3.000 F400.000
G1 X-16.445 Y-19.775 Z-3.000 F400.000
G1 X-17.850 Y-19.775 Z-3.000 F400.000
G1 X-18.057 Y-19.761 Z-3.000 F400.000
G1 X-18.316 Y-19.727 Z-3.000 F400.000
G1 X-18.716 Y-19.620 Z-3.000 F400.000
G1 X-18.958 Y-19.520 Z-3.000 F400.000
G1 X-19.316 Y-19.313 Z-3.000 F400.000
G1 X-19.524 Y-19.154 Z-3.000 F400.000
G1 X-19.817 Y-18.861 Z-3.000 F400.000
G1 X-19.975 Y-18.654 Z-3.000 F400.000
G1 X-20.183 Y-18.295 Z-3.000 F400.000
G1 X-20.283 Y-18.054 Z-3.000 F400.000
G1 X-20.390 Y-17.654 Z-3.000 F400.000
G1 X-20.424 Y-17.395 Z-3.000 F400.000
G1 X-20.437 Y-17.188 Z-3.000 F400.000
G1 X-20.437 Y-3.000 Z-3.000 F400.000
G0 X-20.437 Y-3.000 Z5.000
G0 X-20.437 Y-228.000 Z5.000
G0 X-20.437 Y-228.000 Z3.000
G1 X-20.430 Y-203.927 Z2.159 F400.000
G1 X-20.396 Y-203.586 Z2.147 F400.000
G1 X-20.336 Y-203.281 Z2.137 F400.000
G1 X-20.236 Y-202.952 Z2.125 F400.000
G1 X-20.117 Y-202.665 Z2.114 F400.000
G1 X-19.955 Y-202.362 Z2.102 F400.000
G1 X-19.782 Y-202.104 Z2.091 F400.000
G1 X-19.565 Y-201.838 Z2.079 F400.000
G1 X-19.345 Y-201.618 Z2.068 F400.000
G1 X-19.079 Y-201.401 Z2.056 F400.000
G1 X-18.821 Y-201.228 Z2.045 F400.000
G1 X-18.518 Y-201.066 Z2.033 F400.000
G1 X-18.231 Y-200.947 Z2.022 F400.000
G1 X-17.902 Y-200.847 Z2.010 F400.000
G1 X-17.597 Y-200.787 Z1.999 F400.000
G1 X-17.100 Y-200.745 Z1.982 F400.000
G1 X-14.328 Y-200.745 Z1.885 F400.000
G1 X-14.220 Y-200.735 Z1.881 F400.000
G1 X-14.191 Y-200.726 Z1.880 F400.000
G1 X-14.164 Y-200.712 Z1.879 F400.000
G1 X-14.141 Y-200.692 Z1.878 F400.000
G1 X-14.121 Y-200.669 Z1.877 F400.000
G1 X-14.107 Y-200.642 Z1.876 F400.000
G1 X-14.098 Y-200.613 Z1.875 F400.000
G1 X-14.088 Y-200.505 Z1.871 F400.000
G1 X-14.087 Y-198.798 Z1.812 F400.000
G1 X-14.098 Y-198.690 Z1.808 F400.000
G1 X-14.107 Y-198.661 Z1.807 F400.000
G1 X-14.121 Y-198.634 Z1.806 F400.000
G1 X-14.141 Y-198.611 Z1.805 F400.000
G1 X-14.164 Y-198.592 Z1.804 F400.000
G1 X-14.191 Y-198.577 Z1.803 F400.000
G1 X-14.220 Y-198.569 Z1.802 F400.000
G1 X-14.330 Y-198.558 Z1.798 F400.000
G1 X-17.256 Y-198.550 Z1.695 F400.000
G1 X-17.597 Y-198.517 Z1.684 F400.000
G1 X-17.902 Y-198.456 Z1.673 F400.000
G1 X-18.231 Y-198.356 Z1.661 F400.000
G1 X-18.518 Y-198.237 Z1.650 F400.000
G1 X-18.821 Y-198.076 Z1.638 F400.000
G1 X-19.079 Y-197.903 Z1.627 F400.000
G1 X-19.345 Y-197.685 Z1.615 F400.000
G1 X-19.565 Y-197.465 Z1.604 F400.000
G1 X-19.782 Y-197.200 Z1.592 F400.000
G1 X-19.955 Y-196.941 Z1.581 F400.000
G1 X-20.117 Y-196.638 Z1.569 F400.000
G1 X-20.236 Y-196.351 Z1.558 F400.000
G1 X-20.336 Y-196.023 Z1.546 F400.000
G1 X-20.396 Y-195.717 Z1.536 F400.000
G1 X-20.437 Y-195.220 Z1.518 F400.000
G1 X-20.435 Y-186.654 Z1.219 F400.000
G1 X-20.406 Y-186.291 Z1.206 F400.000
G1 X-20.337 Y-185.934 Z1.194 F400.000
G1 X-20.230 Y-185.586 Z1.181 F400.000
G1 X-20.125 Y-185.330 Z1.171 F400.000
G1 X-16.238 Y-176.994 Z0.850 F400.000
G1 X-16.215 Y-176.938 Z0.848 F400.000
G1 X-16.210 Y-176.921 Z0.847 F400.000
G1 X-16.207 Y-176.903 Z0.847 F400.000
G1 X-16.204 Y-176.843 Z0.845 F400.000
G1 X-16.204 Y-173.952 Z0.744 F400.000
G1 X-16.215 Y-173.843 Z0.740 F400.000
G1 X-16.224 Y-173.814 Z0.739 F400.000
G1 X-16.238 Y-173.788 Z0.738 F400.000
G1 X-16.257 Y-173.764 Z0.737 F400.000
G1 X-16.281 Y-173.745 Z0.736 F400.000
G1 X-16.307 Y-173.731 Z0.734 F400.000
G1 X-16.336 Y-173.722 Z0.733 F400.000
G1 X-16.445 Y-173.711 Z0.730 F400.000
G1 X-17.850 Y-173.711 Z0.681 F400.000
G1 X-18.057 Y-173.697 Z0.673 F400.000
G1 X-18.316 Y-173.663 Z0.664 F400.000
G1 X-18.716 Y-173.556 Z0.650 F400.000
G1 X-18.958 Y-173.456 Z0.641 F400.000
G1 X-19.316 Y-173.249 Z0.626 F400.000
G1 X-19.524 Y-173.090 Z0.617 F400.000
G1 X-19.817 Y-172.797 Z0.603 F400.000
G1 X-19.975 Y-172.590 Z0.593 F400.000
G1 X-20.183 Y-172.231 Z0.579 F400.000
G1 X-20.283 Y-171.990 Z0.570 F400.000
G1 X-20.390 Y-171.590 Z0.555 F400.000
G1 X-20.424 Y-171.331 Z0.546 F400.000
G1 X-20.437 Y-171.124 Z0.539 F400.000
G1 X-20.436 Y-152.825 Z-0.100 F400.000
G1 X-20.437 Y-171.124 Z-0.739 F400.000
G1 X-20.424 Y-171.331 Z-0.746 F400.000
G1 X-20.390 Y-171.590 Z-0.755 F400.000
G1 X-20.283 Y-171.990 Z-0.770 F400.000
G1 X-20.183 Y-172.231 Z-0.779 F400.000
G1 X-19.975 Y-172.590 Z-0.793 F400.000
G1 X-19.817 Y-172.797 Z-0.803 F400.000
G1 X-19.524 Y-173.090 Z-0.817 F400.000
G1 X-19.316 Y-173.249 Z-0.826 F400.000
G1 X-18.958 Y-173.456 Z-0.841 F400.000
G1 X-18.716 Y-173.556 Z-0.850 F400.000
G1 X-18.316 Y-173.663 Z-0.864 F400.000
G1 X-18.057 Y-173.697 Z-0.873 F400.000
G1 X-17.850 Y-173.711 Z-0.881 F400.000
G1 X-16.445 Y-173.711 Z-0.930 F400.000
G1 X-16.336 Y-173.722 Z-0.933 F400.000
G1 X-16.307 Y-173.731 Z-0.934 F400.000
G1 X-16.281 Y-173.745 Z-0.936 F400.000
G1 X-16.257 Y-173.764 Z-0.937 F400.000
G1 X-16.238 Y-173.788 Z-0.938 F400.000
G1 X-16.224 Y-173.814 Z-0.939 F400.000
G1 X-16.215 Y-173.843 Z-0.940 F400.000
G1 X-16.204 Y-173.952 Z-0.944 F400.000
G1 X-16.204 Y-176.843 Z-1.045 F400.000
G1 X-16.207 Y-176.903 Z-1.047 F400.000
G1 X-16.210 Y-176.921 Z-1.047 F400.000
G1 X-16.215 Y-176.938 Z-1.048 F400.000
G1 X-16.238 Y-176.994 Z-1.050 F400.000
G1 X-20.125 Y-185.330 Z-1.371 F400.000
G1 X-20.230 Y-185.586 Z-1.381 F400.000
G1 X-20.337 Y-185.934 Z-1.394 F400.000
G1 X-20.406 Y-186.291 Z-1.406 F400.000
G1 X-20.435 Y-186.654 Z-1.419 F400.000
G1 X-20.437 Y-195.220 Z-1.718 F400.000
G1 X-20.396 Y-195.717 Z-1.736 F400.000
G1 X-20.336 Y-196.023 Z-1.746 F400.000
G1 X-20.236 Y-196.351 Z-1.758 F400.000
G1 X-20.117 Y-196.638 Z-1.769 F400.000
G1 X-19.955 Y-196.941 Z-1.781 F400.000
G1 X-19.782 Y-197.200 Z-1.792 F400.000
G1 X-19.565 Y-197.465 Z-1.804 F400.000
G1 X-19.345 Y-197.685 Z-1.815 F400.000
G1 X-19.079 Y-197.903 Z-1.827 F400.000
G1 X-18.821 Y-198.076 Z-1.838 F400.000
G1 X-18.518 Y-198.237 Z-1.850 F400.000
G1 X-18.231 Y-198.356 Z-1.861 F400.000
G1 X-17.902 Y-198.456 Z-1.873 F400.000
G1 X-17.597 Y-198.517 Z-1.884 F400.000
G1 X-17.256 Y-198.550 Z-1.895 F400.000
G1 X-14.330 Y-198.558 Z-1.998 F400.000
G1 X-14.220 Y-198.569 Z-2.002 F400.000
G1 X-14.191 Y-198.577 Z-2.003 F400.000
G1 X-14.164 Y-198.592 Z-2.004 F400.000
G1 X-14.141 Y-198.611 Z-2.005 F400.000
G1 X-14.121 Y-198.634 Z-2.006 F400.000
G1 X-14.107 Y-198.661 Z-2.007 F400.000
G1 X-14.098 Y-198.690 Z-2.008 F400.000
G1 X-14.087 Y-198.798 Z-2.012 F400.000
G1 X-14.088 Y-200.505 Z-2.071 F400.000
G1 X-14.098 Y-200.613 Z-2.075 F400.000
G1 X-14.107 Y-200.642 Z-2.076 F400.000
G1 X-14.121 Y-200.669 Z-2.077 F400.000
G1 X-14.141 Y-200.692 Z-2.078 F400.000
G1 X-14.164 Y-200.712 Z-2.079 F400.000
G1 X-14.191 Y-200.726 Z-2.080 F400.000
G1 X-14.220 Y-200.735 Z-2.081 F400.000
G1 X-14.328 Y-200.745 Z-2.085 F400.000
G1 X-17.100 Y-200.745 Z-2.182 F400.000
G1 X-17.597 Y-200.787 Z-2.199 F400.000
G1 X-17.902 Y-200.847 Z-2.210 F400.000
G1 X-18.231 Y-200.947 Z-2.222 F400.000
G1 X-18.518 Y-201.066 Z-2.233 F400.000
G1 X-18.821 Y-201.228 Z-2.245 F400.000
G1 X-19.079 Y-201.401 Z-2.256 F400.000
G1 X-19.345 Y-201.618 Z-2.268 F400.000
G1 X-19.565 Y-201.838 Z-2.279 F400.000
G1 X-19.782 Y-202.104 Z-2.291 F400.000
G1 X-19.955 Y-202.362 Z-2.302 F400.000
G1 X-20.117 Y-202.665 Z-2.314 F400.000
G1 X-20.236 Y-202.952 Z-2.325 F400.000
G1 X-20.336 Y-203.281 Z-2.337 F400.000
G1 X-20.396 Y-203.586 Z-2.347 F400.000
G1 X-20.430 Y-203.927 Z-2.359 F400.000
G1 X-20.437 Y-228.000 Z-3.200 F400.000
G1 X-20.430 Y-203.927 Z-3.200 F400.000
G1 X-20.396 Y-203.586 Z-3.200 F400.000
G1 X-20.336 Y-203.281 Z-3.200 F400.000
G1 X-20.236 Y-202.952 Z-3.200 F400.000
G1 X-20.117 Y-202.665 Z-3.200 F400.000
G1 X-19.955 Y-202.362 Z-3.200 F400.000
G1 X-19.782 Y-202.104 Z-3.200 F400.000
G1 X-19.565 Y-201.838 Z-3.200 F400.000
G1 X-19.345 Y-201.618 Z-3.200 F400.000
G1 X-19.079 Y-201.401 Z-3.200 F400.000
G1 X-18.821 Y-201.228 Z-3.200 F400.000
G1 X-18.518 Y-201.066 Z-3.200 F400.000
G1 X-18.231 Y-200.947 Z-3.200 F400.000
G1 X-17.902 Y-200.847 Z-3.200 F400.000
G1 X-17.597 Y-200.787 Z-3.200 F400.000
G1 X-17.100 Y-200.745 Z-3.200 F400.000
G1 X-14.328 Y-200.745 Z-3.200 F400.000
G1 X-14.220 Y-200.735 Z-3.200 F400.000
G1 X-14.191 Y-200.726 Z-3.200 F400.000
G1 X-14.164 Y-200.712 Z-3.200 F400.000
G1 X-14.141 Y-200.692 Z-3.200 F400.000
G1 X-14.121 Y-200.669 Z-3.200 F400.000
G1 X-14.107 Y-200.642 Z-3.200 F400.000
G1 X-14.098 Y-200.613 Z-3.200 F400.000
G1 X-14.088 Y-200.505 Z-3.200 F400.000
G1 X-14.087 Y-198.798 Z-3.200 F400.000
G1 X-14.098 Y-198.690 Z-3.200 F400.000
G1 X-14.107 Y-198.661 Z-3.200 F400.000
G1 X-14.121 Y-198.634 Z-3.200 F400.000
G1 X-14.141 Y-198.611 Z-3.200 F400.000
G1 X-14.164 Y-198.592 Z-3.200 F400.000
G1 X-14.191 Y-198.577 Z-3.200 F400.000
G1 X-14.220 Y-198.569 Z-3.200 F400.000
G1 X-14.330 Y-198.558 Z-3.200 F400.000
G1 X-17.256 Y-198.550 Z-3.200 F400.000
G1 X-17.597 Y-198.517 Z-3.200 F400.000
G1 X-17.902 Y-198.456 Z-3.200 F400.000
G1 X-18.231 Y-198.356 Z-3.200 F400.000
G1 X-18.518 Y-198.237 Z-3.200 F400.000
G1 X-18.821 Y-198.076 Z-3.200 F400.000
G1 X-19.079 Y-197.903 Z-3.200 F400.000
G1 X-19.345 Y-197.685 Z-3.200 F400.000
G1 X-19.565 Y-197.465 Z-3.200 F400.000
G1 X-19.782 Y-197.200 Z-3.200 F400.000
G1 X-19.955 Y-196.941 Z-3.200 F400.000
G1 X-20.117 Y-196.638 Z-3.200 F400.000
G1 X-20.236 Y-196.351 Z-3.200 F400.000
G1 X-20.336 Y-196.023 Z-3.200 F400.000
G1 X-20.396 Y-195.717 Z-3.200 F400.000
G1 X-20.437 Y-195.220 Z-3.200 F400.000
G1 X-20.435 Y-186.654 Z-3.200 F400.000
G1 X-20.406 Y-186.291 Z-3.200 F400.000
G1 X-20.337 Y-185.934 Z-3.200 F400.000
G1 X-20.230 Y-185.586 Z-3.200 F400.000
G1 X-20.125 Y-185.330 Z-3.200 F400.000
G1 X-16.238 Y-176.994 Z-3.200 F400.000
G1 X-16.215 Y-176.938 Z-3.200 F400.000
G1 X-16.210 Y-176.921 Z-3.200 F400.000
G1 X-16.207 Y-176.903 Z-3.200 F400.000
G1 X-16.204 Y-176.843 Z-3.200 F400.000
G1 X-16.204 Y-173.952 Z-3.200 F400.000
G1 X-16.215 Y-173.843 Z-3.200 F400.000
G1 X-16.224 Y-173.814 Z-3.200 F400.000
G1 X-16.238 Y-173.788 Z-3.200 F400.000
G1 X-16.257 Y-173.764 Z-3.200 F400.000
G1 X-16.281 Y-173.745 Z-3.200 F400.000
G1 X-16.307 Y-173.731 Z-3.200 F400.000
G1 X-16.336 Y-173.722 Z-3.200 F400.000
G1 X-16.445 Y-173.711 Z-3.200 F400.000
G1 X-17.850 Y-173.711 Z-3.200 F400.000
G1 X-18.057 Y-173.697 Z-3.200 F400.000
G1 X-18.316 Y-173.663 Z-3.200 F400.000
G1 X-18.716 Y-173.556 Z-3.200 F400.000
G1 X-18.958 Y-173.456 Z-3.200 F400.000
G1 X-19.316 Y-173.249 Z-3.200 F400.000
G1 X-19.524 Y-173.090 Z-3.200 F400.000
G1 X-19.817 Y-172.797 Z-3.200 F400.000
G1 X-19.975 Y-172.590 Z-3.200 F400.000
G1 X-20.183 Y-172.231 Z-3.200 F400.000
G1 X-20.283 Y-171.990 Z-3.200 F400.000
G1 X-20.390 Y-171.590 Z-3.200 F400.000
G1 X-20.424 Y-171.331 Z-3.200 F400.000
G1 X-20.437 Y-171.124 Z-3.200 F400.000
G1 X-20.435 Y-148.170 Z-3.200 F400.000
G1 X-20.406 Y-147.807 Z-3.200 F400.000
G1 X-20.337 Y-147.450 Z-3.200 F400.000
G1 X-20.230 Y-147.102 Z-3.200 F400.000
G1 X-20.125 Y-146.846 Z-3.200 F400.000
G1 X-16.238 Y-138.510 Z-3.200 F400.000
G1 X-16.215 Y-138.454 Z-3.200 F400.000
G1 X-16.210 Y-138.437 Z-3.200 F400.000
G1 X-16.207 Y-138.419 Z-3.200 F400.000
G1 X-16.204 Y-138.359 Z-3.200 F400.000
G1 X-16.204 Y-135.468 Z-3.200 F400.000
G1 X-16.215 Y-135.359 Z-3.200 F400.000
G1 X-16.224 Y-135.330 Z-3.200 F400.000
G1 X-16.238 Y-135.304 Z-3.200 F400.000
G1 X-16.257 Y-135.280 Z-3.200 F400.000
G1 X-16.281 Y-135.261 Z-3.200 F400.000
G1 X-16.307 Y-135.247 Z-3.200 F400.000
G1 X-16.336 Y-135.238 Z-3.200 F400.000
G1 X-16.445 Y-135.227 Z-3.200 F400.000
G1 X-17.850 Y-135.227 Z-3.200 F400.000
G1 X-18.057 Y-135.213 Z-3.200 F400.000
G1 X-18.316 Y-135.179 Z-3.200 F400.000
G1 X-18.716 Y-135.072 Z-3.200 F400.000
G1 X-18.958 Y-134.972 Z-3.200 F400.000
G1 X-19.316 Y-134.765 Z-3.200 F400.000
G1 X-19.524 Y-134.606 Z-3.200 F400.000
G1 X-19.817 Y-134.313 Z-3.200 F400.000
G1 X-19.975 Y-134.106 Z-3.200 F400.000
G1 X-20.183 Y-133.747 Z-3.200 F400.000
G1 X-20.283 Y-133.506 Z-3.200 F400.000
G1 X-20.390 Y-133.106 Z-3.200 F400.000
G1 X-20.424 Y-132.847 Z-3.200 F400.000
G1 X-20.437 Y-132.640 Z-3.200 F400.000
G1 X-20.435 Y-109.686 Z-3.200 F400.000
G1 X-20.406 Y-109.323 Z-3.200 F400.000
G1 X-20.337 Y-108.966 Z-3.200 F400.000
G1 X-20.230 Y-108.618 Z-3.200 F400.000
G1 X-20.125 Y-108.362 Z-3.200 F400.000
G1 X-16.238 Y-100.026 Z-3.200 F400.000
G1 X-16.215 Y-99.969 Z-3.200 F400.000
G1 X-16.210 Y-99.953 Z-3.200 F400.000
G1 X-16.207 Y-99.935 Z-3.200 F400.000
G1 X-16.204 Y-99.875 Z-3.200 F400.000
G1 X-16.204 Y-96.984 Z-3.200 F400.000
G1 X-16.215 Y-96.875 Z-3.200 F400.000
G1 X-16.224 Y-96.846 Z-3.200 F400.000
G1 X-16.238 Y-96.820 Z-3.200 F400.000
G1 X-16.257 Y-96.796 Z-3.200 F400.000
G1 X-16.281 Y-96.777 Z-3.200 F400.000
G1 X-16.307 Y-96.762 Z-3.200 F400.000
G1 X-16.336 Y-96.754 Z-3.200 F400.000
G1 X-16.445 Y-96.743 Z-3.200 F400.000
G1 X-17.850 Y-96.743 Z-3.200 F400.000
G1 X-18.057 Y-96.729 Z-3.200 F400.000
G1 X-18.316 Y-96.695 Z-3.200 F400.000
G1 X-18.716 Y-96.588 Z-3.200 F400.000
G1 X-18.958 Y-96.488 Z-3.200 F400.000
G1 X-19.316 Y-96.281 Z-3.200 F400.000
G1 X-19.524 Y-96.122 Z-3.200 F400.000
G1 X-19.817 Y-95.829 Z-3.200 F400.000
G1 X-19.975 Y-95.622 Z-3.200 F400.000
G1 X-20.183 Y-95.263 Z-3.200 F400.000
G1 X-20.283 Y-95.022 Z-3.200 F400.000
G1 X-20.390 Y-94.622 Z-3.200 F400.000
G1 X-20.424 Y-94.363 Z-3.200 F400.000
G1 X-20.437 Y-94.156 Z-3.200 F400.000
G1 X-20.435 Y-71.202 Z-3.200 F400.000
G1 X-20.406 Y-70.839 Z-3.200 F400.000
G1 X-20.337 Y-70.482 Z-3.200 F400.000
G1 X-20.230 Y-70.134 Z-3.200 F400.000
G1 X-20.125 Y-69.878 Z-3.200 F400.000
G1 X-16.238 Y-61.542 Z-3.200 F400.000
G1 X-16.215 Y-61.485 Z-3.200 F400.000
G1 X-16.210 Y-61.469 Z-3.200 F400.000
G1 X-16.207 Y-61.451 Z-3.200 F400.000
G1 X-16.204 Y-61.391 Z-3.200 F400.000
G1 X-16.204 Y-58.500 Z-3.200 F400.000
G1 X-16.215 Y-58.391 Z-3.200 F400.000
G1 X-16.224 Y-58.362 Z-3.200 F400.000
G1 X-16.238 Y-58.336 Z-3.200 F400.000
G1 X-16.257 Y-58.312 Z-3.200 F400.000
G1 X-16.281 Y-58.293 Z-3.200 F400.000
G1 X-16.307 Y-58.278 Z-3.200 F400.000
G1 X-16.336 Y-58.270 Z-3.200 F400.000
G1 X-16.445 Y-58.259 Z-3.200 F400.000
G1 X-17.850 Y-58.259 Z-3.200 F400.000
G1 X-18.057 Y-58.245 Z-3.200 F400.000
G1 X-18.316 Y-58.211 Z-3.200 F400.000
G1 X-18.716 Y-58.104 Z-3.200 F400.000
G1 X-18.958 Y-58.004 Z-3.200 F400.000
G1 X-19.316 Y-57.797 Z-3.200 F400.000
G1 X-19.524 Y-57.638 Z-3.200 F400.000
G1 X-19.817 Y-57.345 Z-3.200 F400.000
G1 X-19.975 Y-57.138 Z-3.200 F400.000
G1 X-20.183 Y-56.779 Z-3.200 F400.000
G1 X-20.283 Y-56.538 Z-3.200 F400.000
G1 X-20.390 Y-56.138 Z-3.200 F400.000
G1 X-20.424 Y-55.879 Z-3.200 F400.000
G1 X-20.437 Y-55.672 Z-3.200 F400.000
G1 X-20.435 Y-32.718 Z-3.200 F400.000
G1 X-20.406 Y-32.355 Z-3.200 F400.000
G1 X-20.337 Y-31.998 Z-3.200 F400.000
G1 X-20.230 Y-31.650 Z-3.200 F400.000
G1 X-20.125 Y-31.394 Z-3.200 F400.000
G1 X-16.238 Y-23.058 Z-3.200 F400.000
G1 X-16.215 Y-23.001 Z-3.200 F400.000
G1 X-16.210 Y-22.985 Z-3.200 F400.000
G1 X-16.207 Y-22.967 Z-3.200 F400.000
G1 X-16.204 Y-22.907 Z-3.200 F400.000
G1 X-16.204 Y-20.015 Z-3.200 F400.000
G1 X-16.215 Y-19.907 Z-3.200 F400.000
G1 X-16.224 Y-19.878 Z-3.200 F400.000
G1 X-16.238 Y-19.851 Z-3.200 F400.000
G1 X-16.257 Y-19.828 Z-3.200 F400.000
G1 X-16.281 Y-19.809 Z-3.200 F400.000
G1 X-16.307 Y-19.794 Z-3.200 F400.000
G1 X-16.336 Y-19.786 Z-3.200 F400.000
G1 X-16.445 Y-19.775 Z-3.200 F400.000
G1 X-17.850 Y-19.775 Z-3.200 F400.000
G1 X-18.057 Y-19.761 Z-3.200 F400.000
G1 X-18.316 Y-19.727 Z-3.200 F400.000
G1 X-18.716 Y-19.620 Z-3.200 F400.000
G1 X-18.958 Y-19.520 Z-3.200 F400.000
G1 X-19.316 Y-19.313 Z-3.200 F400.000
G1 X-19.524 Y-19.154 Z-3.200 F400.000
G1 X-19.817 Y-18.861 Z-3.200 F400.000
G1 X-19.975 Y-18.654 Z-3.200 F400.000
G1 X-20.183 Y-18.295 Z-3.200 F400.000
G1 X-20.283 Y-18.054 Z-3.200 F400.000
G1 X-20.390 Y-17.654 Z-3.200 F400.000
G1 X-20.424 Y-17.395 Z-3.200 F400.000
G1 X-20.437 Y-17.188 Z-3.200 F400.000
G1 X-20.437 Y-3.000 Z-3.200 F400.000
G0 X-20.437 Y-3.000 Z5.000
G0 X-20.437 Y-228.000 Z5.000
G0 X-20.437 Y-228.000 Z3.000
G1 X-20.430 Y-203.927 Z2.159 F400.000
G1 X-20.396 Y-203.586 Z2.147 F400.000
G1 X-20.336 Y-203.281 Z2.137 F400.000
G1 X-20.236 Y-202.952 Z2.125 F400.000
G1 X-20.117 Y-202.665 Z2.114 F400.000
G1 X-19.955 Y-202.362 Z2.102 F400.000
G1 X-19.782 Y-202.104 Z2.091 F400.000
G1 X-19.565 Y-201.838 Z2.079 F400.000
G1 X-19.345 Y-201.618 Z2.068 F400.000
G1 X-19.079 Y-201.401 Z2.056 F400.000
G1 X-18.821 Y-201.228 Z2.045 F400.000
G1 X-18.518 Y-201.066 Z2.033 F400.000
G1 X-18.231 Y-200.947 Z2.022 F400.000
G1 X-17.902 Y-200.847 Z2.010 F400.000
G1 X-17.597 Y-200.787 Z1.999 F400.000
G1 X-17.100 Y-200.745 Z1.982 F400.000
G1 X-14.328 Y-200.745 Z1.885 F400.000
G1 X-14.220 Y-200.735 Z1.881 F400.000
G1 X-14.191 Y-200.726 Z1.880 F400.000
G1 X-14.164 Y-200.712 Z1.879 F400.000
G1 X-14.141 Y-200.692 Z1.878 F400.000
G1 X-14.121 Y-200.669 Z1.877 F400.000
G1 X-14.107 Y-200.642 Z1.876 F400.000
G1 X-14.098 Y-200.613 Z1.875 F400.000
G1 X-14.088 Y-200.505 Z1.871 F400.000
G1 X-14.087 Y-198.798 Z1.812 F400.000
G1 X-14.098 Y-198.690 Z1.808 F400.000
G1 X-14.107 Y-198.661 Z1.807 F400.000
G1 X-14.121 Y-198.634 Z1.806 F400.000
G1 X-14.141 Y-198.611 Z1.805 F400.000
G1 X-14.164 Y-198.592 Z1.804 F400.000
G1 X-14.191 Y-198.577 Z1.803 F400.000
G1 X-14.220 Y-198.569 Z1.802 F400.000
G1 X-14.330 Y-198.558 Z1.798 F400.000
G1 X-17.256 Y-198.550 Z1.695 F400.000
G1 X-17.597 Y-198.517 Z1.684 F400.000
G1 X-17.902 Y-198.456 Z1.673 F400.000
G1 X-18.231 Y-198.356 Z1.661 F400.000
G1 X-18.518 Y-198.237 Z1.650 F400.000
G1 X-18.821 Y-198.076 Z1.638 F400.000
G1 X-19.079 Y-197.903 Z1.627 F400.000
G1 X-19.345 Y-197.685 Z1.615 F400.000
G1 X-19.565 Y-197.465 Z1.604 F400.000
G1 X-19.782 Y-197.200 Z1.592 F400.000
G1 X-19.955 Y-196.941 Z1.581 F400.000
G1 X-20.117 Y-196.638 Z1.569 F400.000
G1 X-20.236 Y-196.351 Z1.558 F400.000
G1 X-20.336 Y-196.023 Z1.546 F400.000
G1 X-20.396 Y-195.717 Z1.536 F400.000
G1 X-20.437 Y-195.220 Z1.518 F400.000
G1 X-20.435 Y-186.654 Z1.219 F400.000
G1 X-20.406 Y-186.291 Z1.206 F400.000
G1 X-20.337 Y-185.934 Z1.194 F400.000
G1 X-20.230 Y-185.586 Z1.181 F400.000
G1 X-20.125 Y-185.330 Z1.171 F400.000
G1 X-16.238 Y-176.994 Z0.850 F400.000
G1 X-16.215 Y-176.938 Z0.848 F400.000
G1 X-16.210 Y-176.921 Z0.847 F400.000
G1 X-16.207 Y-176.903 Z0.847 F400.000
G1 X-16.204 Y-176.843 Z0.845 F400.000
G1 X-16.204 Y-173.952 Z0.744 F400.000
G1 X-16.215 Y-173.843 Z0.740 F400.000
G1 X-16.224 Y-173.814 Z0.739 F400.000
G1 X-16.238 Y-173.788 Z0.738 F400.000
G1 X-16.257 Y-173.764 Z0.737 F400.000
G1 X-16.281 Y-173.745 Z0.736 F400.000
G1 X-16.307 Y-173.731 Z0.734 F400.000
G1 X-16.336 Y-173.722 Z0.733 F400.000
G1 X-16.445 Y-173.711 Z0.730 F400.000
G1 X-17.850 Y-173.711 Z0.681 F400.000
G1 X-18.057 Y-173.697 Z0.673 F400.000
G1 X-18.316 Y-173.663 Z0.664 F400.000
G1 X-18.716 Y-173.556 Z0.650 F400.000
G1 X-18.958 Y-173.456 Z0.641 F400.000
G1 X-19.316 Y-173.249 Z0.626 F400.000
G1 X-19.524 Y-173.090 Z0.617 F400.000
G1 X-19.817 Y-172.797 Z0.603 F400.000
G1 X-19.975 Y-172.590 Z0.593 F400.000
G1 X-20.183 Y-172.231 Z0.579 F400.000
G1 X-20.283 Y-171.990 Z0.570 F400.000
G1 X-20.390 Y-171.590 Z0.555 F400.000
G1 X-20.424 Y-171.331 Z0.546 F400.000
G1 X-20.437 Y-171.124 Z0.539 F400.000
G1 X-20.435 Y-149.962 Z-0.200 F400.000
G1 X-20.437 Y-171.124 Z-0.939 F400.000
G1 X-20.424 Y-171.331 Z-0.946 F400.000
G1 X-20.390 Y-171.590 Z-0.955 F400.000
G1 X-20.283 Y-171.990 Z-0.970 F400.000
G1 X-20.183 Y-172.231 Z-0.979 F400.000
G1 X-19.975 Y-172.590 Z-0.993 F400.000
G1 X-19.817 Y-172.797 Z-1.003 F400.000
G1 X-19.524 Y-173.090 Z-1.017 F400.000
G1 X-19.316 Y-173.249 Z-1.026 F400.000
G1 X-18.958 Y-173.456 Z-1.041 F400.000
G1 X-18.716 Y-173.556 Z-1.050 F400.000
G1 X-18.316 Y-173.663 Z-1.064 F400.000
G1 X-18.057 Y-173.697 Z-1.073 F400.000
G1 X-17.850 Y-173.711 Z-1.081 F400.000
G1 X-16.445 Y-173.711 Z-1.130 F400.000
G1 X-16.336 Y-173.722 Z-1.133 F400.000
G1 X-16.307 Y-173.731 Z-1.134 F400.000
G1 X-16.281 Y-173.745 Z-1.136 F400.000
G1 X-16.257 Y-173.764 Z-1.137 F400.000
G1 X-16.238 Y-173.788 Z-1.138 F400.000
G1 X-16.224 Y-173.814 Z-1.139 F400.000
G1 X-16.215 Y-173.843 Z-1.140 F400.000
G1 X-16.204 Y-173.952 Z-1.144 F400.000
G1 X-16.204 Y-176.843 Z-1.245 F400.000
G1 X-16.207 Y-176.903 Z-1.247 F400.000
G1 X-16.210 Y-176.921 Z-1.247 F400.000
G1 X-16.215 Y-176.938 Z-1.248 F400.000
G1 X-16.238 Y-176.994 Z-1.250 F400.000
G1 X-20.125 Y-185.330 Z-1.571 F400.000
G1 X-20.230 Y-185.586 Z-1.581 F400.000
G1 X-20.337 Y-185.934 Z-1.594 F400.000
G1 X-20.406 Y-186.291 Z-1.606 F400.000
G1 X-20.435 Y-186.654 Z-1.619 F400.000
G1 X-20.437 Y-195.220 Z-1.918 F400.000
G1 X-20.396 Y-195.717 Z-1.936 F400.000
G1 X-20.336 Y-196.023 Z-1.946 F400.000
G1 X-20.236 Y-196.351 Z-1.958 F400.000
G1 X-20.117 Y-196.638 Z-1.969 F400.000
G1 X-19.955 Y-196.941 Z-1.981 F400.000
G1 X-19.782 Y-197.200 Z-1.992 F400.000
G1 X-19.565 Y-197.465 Z-2.004 F400.000
G1 X-19.345 Y-197.685 Z-2.015 F400.000
G1 X-19.079 Y-197.903 Z-2.027 F400.000
G1 X-18.821 Y-198.076 Z-2.038 F400.000
G1 X-18.518 Y-198.237 Z-2.050 F400.000
G1 X-18.231 Y-198.356 Z-2.061 F400.000
G1 X-17.902 Y-198.456 Z-2.073 F400.000
G1 X-17.597 Y-198.517 Z-2.084 F400.000
G1 X-17.256 Y-198.550 Z-2.095 F400.000
G1 X-14.330 Y-198.558 Z-2.198 F400.000
G1 X-14.220 Y-198.569 Z-2.202 F400.000
G1 X-14.191 Y-198.577 Z-2.203 F400.000
G1 X-14.164 Y-198.592 Z-2.204 F400.000
G1 X-14.141 Y-198.611 Z-2.205 F400.000
G1 X-14.121 Y-198.634 Z-2.206 F400.000
G1 X-14.107 Y-198.661 Z-2.207 F400.000
G1 X-14.098 Y-198.690 Z-2.208 F400.000
G1 X-14.087 Y-198.798 Z-2.212 F400.000
G1 X-14.088 Y-200.505 Z-2.271 F400.000
G1 X-14.098 Y-200.613 Z-2.275 F400.000
G1 X-14.107 Y-200.642 Z-2.276 F400.000
G1 X-14.121 Y-200.669 Z-2.277 F400.000
G1 X-14.141 Y-200.692 Z-2.278 F400.000
G1 X-14.164 Y-200.712 Z-2.279 F400.000
G1 X-14.191 Y-200.726 Z-2.280 F400.000
G1 X-14.220 Y-200.735 Z-2.281 F400.000
G1 X-14.328 Y-200.745 Z-2.285 F400.000
G1 X-17.100 Y-200.745 Z-2.382 F400.000
G1 X-17.597 Y-200.787 Z-2.399 F400.000
G1 X-17.902 Y-200.847 Z-2.410 F400.000
G1 X-18.231 Y-200.947 Z-2.422 F400.000
G1 X-18.518 Y-201.066 Z-2.433 F400.000
G1 X-18.821 Y-201.228 Z-2.445 F400.000
G1 X-19.079 Y-201.401 Z-2.456 F400.000
G1 X-19.345 Y-201.618 Z-2.468 F400.000
G1 X-19.565 Y-201.838 Z-2.479 F400.000
G1 X-19.782 Y-202.104 Z-2.491 F400.000
G1 X-19.955 Y-202.362 Z-2.502 F400.000
G1 X-20.117 Y-202.665 Z-2.514 F400.000
G1 X-20.236 Y-202.952 Z-2.525 F400.000
G1 X-20.336 Y-203.281 Z-2.537 F400.000
G1 X-20.396 Y-203.586 Z-2.547 F400.000
G1 X-20.430 Y-203.927 Z-2.559 F400.000
G1 X-20.437 Y-228.000 Z-3.400 F400.000
G1 X-20.430 Y-203.927 Z-3.400 F400.000
G1 X-20.396 Y-203.586 Z-3.400 F400.000
G1 X-20.336 Y-203.281 Z-3.400 F400.000
G1 X-20.236 Y-202.952 Z-3.400 F400.000
G1 X-20.117 Y-202.665 Z-3.400 F400.000
G1 X-19.955 Y-202.362 Z-3.400 F400.000
G1 X-19.782 Y-202.104 Z-3.400 F400.000
G1 X-19.565 Y-201.838 Z-3.400 F400.000
G1 X-19.345 Y-201.618 Z-3.400 F400.000
G1 X-19.079 Y-201.401 Z-3.400 F400.000
G1 X-18.821 Y-201.228 Z-3.400 F400.000
G1 X-18.518 Y-201.066 Z-3.400 F400.000
G1 X-18.231 Y-200.947 Z-3.400 F400.000
G1 X-17.902 Y-200.847 Z-3.400 F400.000
G1 X-17.597 Y-200.787 Z-3.400 F400.000
G1 X-17.100 Y-200.745 Z-3.400 F400.000
G1 X-14.328 Y-200.745 Z-3.400 F400.000
G1 X-14.220 Y-200.735 Z-3.400 F400.000
G1 X-14.191 Y-200.726 Z-3.400 F400.000
G1 X-14.164 Y-200.712 Z-3.400 F400.000
G1 X-14.141 Y-200.692 Z-3.400 F400.000
G1 X-14.121 Y-200.669 Z-3.400 F400.000
G1 X-14.107 Y-200.642 Z-3.400 F400.000
G1 X-14.098 Y-200.613 Z-3.400 F400.000
G1 X-14.088 Y-200.505 Z-3.400 F400.000
G1 X-14.087 Y-198.798 Z-3.400 F400.000
G1 X-14.098 Y-198.690 Z-3.400 F400.000
G1 X-14.107 Y-198.661 Z-3.400 F400.000
G1 X-14.121 Y-198.634 Z-3.400 F400.000
G1 X-14.141 Y-198.611 Z-3.400 F400.000
G1 X-14.164 Y-198.592 Z-3.400 F400.000
G1 X-14.191 Y-198.577 Z-3.400 F400.000
G1 X-14.220 Y-198.569 Z-3.400 F400.000
G1 X-14.330 Y-198.558 Z-3.400 F400.000
G1 X-17.256 Y-198.550 Z-3.400 F400.000
G1 X-17.597 Y-198.517 Z-3.400 F400.000
G1 X-17.902 Y-198.456 Z-3.400 F400.000
G1 X-18.231 Y-198.356 Z-3.400 F400.000
G1 X-18.518 Y-198.237 Z-3.400 F400.000
G1 X-18.821 Y-198.076 Z-3.400 F400.000
G1 X-19.079 Y-197.903 Z-3.400 F400.000
G1 X-19.345 Y-197.685 Z-3.400 F400.000
G1 X-19.565 Y-197.465 Z-3.400 F400.000
G1 X-19.782 Y-197.200 Z-3.400 F400.000
G1 X-19.955 Y-196.941 Z-3.400 F400.000
G1 X-20.117 Y-196.638 Z-3.400 F400.000
G1 X-20.236 Y-196.351 Z-3.400 F400.000
G1 X-20.336 Y-196.023 Z-3.400 F400.000
G1 X-20.396 Y-195.717 Z-3.400 F400.000
G1 X-20.437 Y-195.220 Z-3.400 F400.000
G1 X-20.435 Y-186.654 Z-3.400 F400.000
G1 X-20.406 Y-186.291 Z-3.400 F400.000
G1 X-20.337 Y-185.934 Z-3.400 F400.000
G1 X-20.230 Y-185.586 Z-3.400 F400.000
G1 X-20.125 Y-185.330 Z-3.400 F400.000
G1 X-16.238 Y-176.994 Z-3.400 F400.000
G1 X-16.215 Y-176.938 Z-3.400 F400.000
G1 X-16.210 Y-176.921 Z-3.400 F400.000
G1 X-16.207 Y-176.903 Z-3.400 F400.000
G1 X-16.204 Y-176.843 Z-3.400 F400.000
G1 X-16.204 Y-173.952 Z-3.400 F400.000
G1 X-16.215 Y-173.843 Z-3.400 F400.000
G1 X-16.224 Y-173.814 Z-3.400 F400.000
G1 X-16.238 Y-173.788 Z-3.400 F400.000
G1 X-16.257 Y-173.764 Z-3.400 F400.000
G1 X-16.281 Y-173.745 Z-3.400 F400.000
G1 X-16.307 Y-173.731 Z-3.400 F400.000
G1 X-16.336 Y-173.722 Z-3.400 F400.000
G1 X-16.445 Y-173.711 Z-3.400 F400.000
G1 X-17.850 Y-173.711 Z-3.400 F400.000
G1 X-18.057 Y-173.697 Z-3.400 F400.000
G1 X-18.316 Y-173.663 Z-3.400 F400.000
G1 X-18.716 Y-173.556 Z-3.400 F400.000
G1 X-18.958 Y-173.456 Z-3.400 F400.000
G1 X-19.316 Y-173.249 Z-3.400 F400.000
G1 X-19.524 Y-173.090 Z-3.400 F400.000
G1 X-19.817 Y-172.797 Z-3.400 F400.000
G1 X-19.975 Y-172.590 Z-3.400 F400.000
G1 X-20.183 Y-172.231 Z-3.400 F400.000
G1 X-20.283 Y-171.990 Z-3.400 F400.000
G1 X-20.390 Y-171.590 Z-3.400 F400.000
G1 X-20.424 Y-171.331 Z-3.400 F400.000
G1 X-20.437 Y-171.124 Z-3.400 F400.000
G1 X-20.435 Y-148.170 Z-3.400 F400.000
G1 X-20.406 Y-147.807 Z-3.400 F400.000
G1 X-20.337 Y-147.450 Z-3.400 F400.000
G1 X-20.230 Y-147.102 Z-3.400 F400.000
G1 X-20.125 Y-146.846 Z-3.400 F400.000
G1 X-16.238 Y-138.510 Z-3.400 F400.000
G1 X-16.215 Y-138.454 Z-3.400 F400.000
G1 X-16.210 Y-138.437 Z-3.400 F400.000
G1 X-16.207 Y-138.419 Z-3.400 F400.000
G1 X-16.204 Y-138.359 Z-3.400 F400.000
G1 X-16.204 Y-135.468 Z-3.400 F400.000
G1 X-16.215 Y-135.359 Z-3.400 F400.000
G1 X-16.224 Y-135.330 Z-3.400 F400.000
G1 X-16.238 Y-135.304 Z-3.400 F400.000
G1 X-16.257 Y-135.280 Z-3.400 F400.000
G1 X-16.281 Y-135.261 Z-3.400 F400.000
G1 X-16.307 Y-135.247 Z-3.400 F400.000
G1 X-16.336 Y-135.238 Z-3.400 F400.000
G1 X-16.445 Y-135.227 Z-3.400 F400.000
G1 X-17.850 Y-135.227 Z-3.400 F400.000
G1 X-18.057 Y-135.213 Z-3.400 F400.000
G1 X-18.316 Y-135.179 Z-3.400 F400.000
G1 X-18.716 Y-135.072 Z-3.400 F400.000
G1 X-18.958 Y-134.972 Z-3.400 F400.000
G1 X-19.316 Y-134.765 Z-3.400 F400.000
G1 X-19.524 Y-134.606 Z-3.400 F400.000
G1 X-19.817 Y-134.313 Z-3.400 F400.000
G1 X-19.975 Y-134.106 Z-3.400 F400.000
G1 X-20.183 Y-133.747 Z-3.400 F400.000
G1 X-20.283 Y-133.506 Z-3.400 F400.000
G1 X-20.390 Y-133.106 Z-3.400 F400.000
G1 X-20.424 Y-132.847 Z-3.400 F400.000
G1 X-20.437 Y-132.640 Z-3.400 F400.000
G1 X-20.435 Y-109.686 Z-3.400 F400.000
G1 X-20.406 Y-109.323 Z-3.400 F400.000
G1 X-20.337 Y-108.966 Z-3.400 F400.000
G1 X-20.230 Y-108.618 Z-3.400 F400.000
G1 X-20.125 Y-108.362 Z-3.400 F400.000
G1 X-16.238 Y-100.026 Z-3.400 F400.000
G1 X-16.215 Y-99.969 Z-3.400 F400.000
G1 X-16.210 Y-99.953 Z-3.400 F400.000
G1 X-16.207 Y-99.935 Z-3.400 F400.000
G1 X-16.204 Y-99.875 Z-3.400 F400.000
G1 X-16.204 Y-96.984 Z-3.400 F400.000
G1 X-16.215 Y-96.875 Z-3.400 F400.000
G1 X-16.224 Y-96.846 Z-3.400 F400.000
G1 X-16.238 Y-96.820 Z-3.400 F400.000
G1 X-16.257 Y-96.796 Z-3.400 F400.000
G1 X-16.281 Y-96.777 Z-3.400 F400.000
G1 X-16.307 Y-96.762 Z-3.400 F400.000
G1 X-16.336 Y-96.754 Z-3.400 F400.000
G1 X-16.445 Y-96.743 Z-3.400 F400.000
G1 X-17.850 Y-96.743 Z-3.400 F400.000
G1 X-18.057 Y-96.729 Z-3.400 F400.000
G1 X-18.316 Y-96.695 Z-3.400 F400.000
G1 X-18.716 Y-96.588 Z-3.400 F400.000
G1 X-18.958 Y-96.488 Z-3.400 F400.000
G1 X-19.316 Y-96.281 Z-3.400 F400.000
G1 X-19.524 Y-96.122 Z-3.400 F400.000
G1 X-19.817 Y-95.829 Z-3.400 F400.000
G1 X-19.975 Y-95.622 Z-3.400 F400.000
G1 X-20.183 Y-95.263 Z-3.400 F400.000
G1 X-20.283 Y-95.022 Z-3.400 F400.000
G1 X-20.390 Y-94.622 Z-3.400 F400.000
G1 X-20.424 Y-94.363 Z-3.400 F400.000
G1 X-20.437 Y-94.156 Z-3.400 F400.000
G1 X-20.435 Y-71.202 Z-3.400 F400.000
G1 X-20.406 Y-70.839 Z-3.400 F400.000
G1 X-20.337 Y-70.482 Z-3.400 F400.000
G1 X-20.230 Y-70.134 Z-3.400 F400.000
G1 X-20.125 Y-69.878 Z-3.400 F400.000
G1 X-16.238 Y-61.542 Z-3.400 F400.000
G1 X-16.215 Y-61.485 Z-3.400 F400.000
G1 X-16.210 Y-61.469 Z-3.400 F400.000
G1 X-16.207 Y-61.451 Z-3.400 F400.000
G1 X-16.204 Y-61.391 Z-3.400 F400.000
G1 X-16.204 Y-58.500 Z-3.400 F400.000
G1 X-16.215 Y-58.391 Z-3.400 F400.000
G1 X-16.224 Y-58.362 Z-3.400 F400.000
G1 X-16.238 Y-58.336 Z-3.400 F400.000
G1 X-16.257 Y-58.312 Z-3.400 F400.000
G1 X-16.281 Y-58.293 Z-3.400 F400.000
G1 X-16.307 Y-58.278 Z-3.400 F400.000
G1 X-16.336 Y-58.270 Z-3.400 F400.000
G1 X-16.445 Y-58.259 Z-3.400 F400.000
G1 X-17.850 Y-58.259 Z-3.400 F400.000
G1 X-18.057 Y-58.245 Z-3.400 F400.000
G1 X-18.316 Y-58.211 Z-3.400 F400.000
G1 X-18.716 Y-58.104 Z-3.400 F400.000
G1 X-18.958 Y-58.004 Z-3.400 F400.000
G1 X-19.316 Y-57.797 Z-3.400 F400.000
G1 X-19.524 Y-57.638 Z-3.400 F400.000
G1 X-19.817 Y-57.345 Z-3.400 F400.000
G1 X-19.975 Y-57.138 Z-3.400 F400.000
G1 X-20.183 Y-56.779 Z-3.400 F400.000
G1 X-20.283 Y-56.538 Z-3.400 F400.000
G1 X-20.390 Y-56.138 Z-3.400 F400.000
G1 X-20.424 Y-55.879 Z-3.400 F400.000
G1 X-20.437 Y-55.672 Z-3.400 F400.000
G1 X-20.435 Y-32.718 Z-3.400 F400.000
G1 X-20.406 Y-32.355 Z-3.400 F400.000
G1 X-20.337 Y-31.998 Z-3.400 F400.000
G1 X-20.230 Y-31.650 Z-3.400 F400.000
G1 X-20.125 Y-31.394 Z-3.400 F400.000
G1 X-16.238 Y-23.058 Z-3.400 F400.000
G1 X-16.215 Y-23.001 Z-3.400 F400.000
G1 X-16.210 Y-22.985 Z-3.400 F400.000
G1 X-16.207 Y-22.967 Z-3.400 F400.000
G1 X-16.204 Y-22.907 Z-3.400 F400.000
G1 X-16.204 Y-20.015 Z-3.400 F400.000
G1 X-16.215 Y-19.907 Z-3.400 F400.000
G1 X-16.224 Y-19.878 Z-3.400 F400.000
G1 X-16.238 Y-19.851 Z-3.400 F400.000
G1 X-16.257 Y-19.828 Z-3.400 F400.000
G1 X-16.281 Y-19.809 Z-3.400 F400.000
G1 X-16.307 Y-19.794 Z-3.400 F400.000
G1 X-16.336 Y-19.786 Z-3.400 F400.000
G1 X-16.445 Y-19.775 Z-3.400 F400.000
G1 X-17.850 Y-19.775 Z-3.400 F400.000
G1 X-18.057 Y-19.761 Z-3.400 F400.000
G1 X-18.316 Y-19.727 Z-3.400 F400.000
G1 X-18.716 Y-19.620 Z-3.400 F400.000
G1 X-18.958 Y-19.520 Z-3.400 F400.000
G1 X-19.316 Y-19.313 Z-3.400 F400.000
G1 X-19.524 Y-19.154 Z-3.400 F400.000
G1 X-19.817 Y-18.861 Z-3.400 F400.000
G1 X-19.975 Y-18.654 Z-3.400 F400.000
G1 X-20.183 Y-18.295 Z-3.400 F400.000
G1 X-20.283 Y-18.054 Z-3.400 F400.000
G1 X-20.390 Y-17.654 Z-3.400 F400.000
G1 X-20.424 Y-17.395 Z-3.400 F400.000
G1 X-20.437 Y-17.188 Z-3.400 F400.000
G1 X-20.437 Y-3.000 Z-3.400 F400.000
G0 X-20.437 Y-3.000 Z5.000
G0 X-20.437 Y-228.000 Z5.000
G0 X-20.437 Y-228.000 Z3.000
G1 X-20.430 Y-203.927 Z2.159 F400.000
G1 X-20.396 Y-203.586 Z2.147 F400.000
G1 X-20.336 Y-203.281 Z2.137 F400.000
G1 X-20.236 Y-202.952 Z2.125 F400.000
G1 X-20.117 Y-202.665 Z2.114 F400.000
G1 X-19.955 Y-202.362 Z2.102 F400.000
G1 X-19.782 Y-202.104 Z2.091 F400.000
G1 X-19.565 Y-201.838 Z2.079 F400.000
G1 X-19.345 Y-201.618 Z2.068 F400.000
G1 X-19.079 Y-201.401 Z2.056 F400.000
G1 X-18.821 Y-201.228 Z2.045 F400.000
G1 X-18.518 Y-201.066 Z2.033 F400.000
G1 X-18.231 Y-200.947 Z2.022 F400.000
G1 X-17.902 Y-200.847 Z2.010 F400.000
G1 X-17.597 Y-200.787 Z1.999 F400.000
G1 X-17.100 Y-200.745 Z1.982 F400.000
G1 X-14.328 Y-200.745 Z1.885 F400.000
G1 X-14.220 Y-200.735 Z1.881 F400.000
G1 X-14.191 Y-200.726 Z1.880 F400.000
G1 X-14.164 Y-200.712 Z1.879 F400.000
G1 X-14.141 Y-200.692 Z1.878 F400.000
G1 X-14.121 Y-200.669 Z1.877 F400.000
G1 X-14.107 Y-200.642 Z1.876 F400.000
G1 X-14.098 Y-200.613 Z1.875 F400.000
G1 X-14.088 Y-200.505 Z1.871 F400.000
G1 X-14.087 Y-198.798 Z1.812 F400.000
G1 X-14.098 Y-198.690 Z1.808 F400.000
G1 X-14.107 Y-198.661 Z1.807 F400.000
G1 X-14.121 Y-198.634 Z1.806 F400.000
G1 X-14.141 Y-198.611 Z1.805 F400.000
G1 X-14.164 Y-198.592 Z1.804 F400.000
G1 X-14.191 Y-198.577 Z1.803 F400.000
G1 X-14.220 Y-198.569 Z1.802 F400.000
G1 X-14.330 Y-198.558 Z1.798 F400.000
G1 X-17.256 Y-198.550 Z1.695 F400.000
G1 X-17.597 Y-198.517 Z1.684 F400.000
G1 X-17.902 Y-198.456 Z1.673 F400.000
G1 X-18.231 Y-198.356 Z1.661 F400.000
G1 X-18.518 Y-198.237 Z1.650 F400.000
G1 X-18.821 Y-198.076 Z1.638 F400.000
G1 X-19.079 Y-197.903 Z1.627 F400.000
G1 X-19.345 Y-197.685 Z1.615 F400.000
G1 X-19.565 Y-197.465 Z1.604 F400.000
G1 X-19.782 Y-197.200 Z1.592 F400.000
G1 X-19.955 Y-196.941 Z1.581 F400.000
G1 X-20.117 Y-196.638 Z1.569 F400.000
G1 X-20.236 Y-196.351 Z1.558 F400.000
G1 X-20.336 Y-196.023 Z1.546 F400.000
G1 X-20.396 Y-195.717 Z1.536 F400.000
G1 X-20.437 Y-195.220 Z1.518 F400.000
G1 X-20.435 Y-186.654 Z1.219 F400.000
G1 X-20.406 Y-186.291 Z1.206 F400.000
G1 X-20.337 Y-185.934 Z1.194 F400.000
G1 X-20.230 Y-185.586 Z1.181 F400.000
G1 X-20.125 Y-185.330 Z1.171 F400.000
G1 X-16.238 Y-176.994 Z0.850 F400.000
G1 X-16.215 Y-176.938 Z0.848 F400.000
G1 X-16.210 Y-176.921 Z0.847 F400.000
G1 X-16.207 Y-176.903 Z0.847 F400.000
G1 X-16.204 Y-176.843 Z0.845 F400.000
G1 X-16.204 Y-173.952 Z0.744 F400.000
G1 X-16.215 Y-173.843 Z0.740 F400.000
G1 X-16.224 Y-173.814 Z0.739 F400.000
G1 X-16.238 Y-173.788 Z0.738 F400.000
G1 X-16.257 Y-173.764 Z0.737 F400.000
G1 X-16.281 Y-173.745 Z0.736 F400.000
G1 X-16.307 Y-173.731 Z0.734 F400.000
G1 X-16.336 Y-173.722 Z0.733 F400.000
G1 X-16.445 Y-173.711 Z0.730 F400.000
G1 X-17.850 Y-173.711 Z0.681 F400.000
G1 X-18.057 Y-173.697 Z0.673 F400.000
G1 X-18.316 Y-173.663 Z0.664 F400.000
G1 X-18.716 Y-173.556 Z0.650 F400.000
G1 X-18.958 Y-173.456 Z0.641 F400.000
G1 X-19.316 Y-173.249 Z0.626 F400.000
G1 X-19.524 Y-173.090 Z0.617 F400.000
G1 X-19.817 Y-172.797 Z0.603 F400.000
G1 X-19.975 Y-172.590 Z0.593 F400.000
G1 X-20.183 Y-172.231 Z0.579 F400.000
G1 X-20.283 Y-171.990 Z0.570 F400.000
G1 X-20.390 Y-171.590 Z0.555 F400.000
G1 X-20.424 Y-171.331 Z0.546 F400.000
G1 X-20.437 Y-171.124 Z0.539 F400.000
G1 X-20.435 Y-148.170 Z-0.263 F400.000
G1 X-20.406 Y-147.807 Z-0.275 F400.000
G1 X-20.337 Y-147.450 Z-0.288 F400.000
G1 X-20.236 Y-147.121 Z-0.300 F400.000
G1 X-20.337 Y-147.450 Z-0.312 F400.000
G1 X-20.406 Y-147.807 Z-0.325 F400.000
G1 X-20.435 Y-148.170 Z-0.337 F400.000
G1 X-20.437 Y-171.124 Z-1.139 F400.000
G1 X-20.424 Y-171.331 Z-1.146 F400.000
G1 X-20.390 Y-171.590 Z-1.155 F400.000
G1 X-20.283 Y-171.990 Z-1.170 F400.000
G1 X-20.183 Y-172.231 Z-1.179 F400.000
G1 X-19.975 Y-172.590 Z-1.193 F400.000
G1 X-19.817 Y-172.797 Z-1.203 F400.000
G1 X-19.524 Y-173.090 Z-1.217 F400.000
G1 X-19.316 Y-173.249 Z-1.226 F400.000
G1 X-18.958 Y-173.456 Z-1.241 F400.000
G1 X-18.716 Y-173.556 Z-1.250 F400.000
G1 X-18.316 Y-173.663 Z-1.264 F400.000
G1 X-18.057 Y-173.697 Z-1.273 F400.000
G1 X-17.850 Y-173.711 Z-1.281 F400.000
G1 X-16.445 Y-173.711 Z-1.330 F400.000
G1 X-16.336 Y-173.722 Z-1.333 F400.000
G1 X-16.307 Y-173.731 Z-1.334 F400.000
G1 X-16.281 Y-173.745 Z-1.336 F400.000
G1 X-16.257 Y-173.764 Z-1.337 F400.000
G1 X-16.238 Y-173.788 Z-1.338 F400.000
G1 X-16.224 Y-173.814 Z-1.339 F400.000
G1 X-16.215 Y-173.843 Z-1.340 F400.000
G1 X-16.204 Y-173.952 Z-1.344 F400.000
G1 X-16.204 Y-176.843 Z-1.445 F400.000
G1 X-16.207 Y-176.903 Z-1.447 F400.000
G1 X-16.210 Y-176.921 Z-1.447 F400.000
G1 X-16.215 Y-176.938 Z-1.448 F400.000
G1 X-16.238 Y-176.994 Z-1.450 F400.000
G1 X-20.125 Y-185.330 Z-1.771 F400.000
G1 X-20.230 Y-185.586 Z-1.781 F400.000
G1 X-20.337 Y-185.934 Z-1.794 F400.000
G1 X-20.406 Y-186.291 Z-1.806 F400.000
G1 X-20.435 Y-186.654 Z-1.819 F400.000
G1 X-20.437 Y-195.220 Z-2.118 F400.000
G1 X-20.396 Y-195.717 Z-2.136 F400.000
G1 X-20.336 Y-196.023 Z-2.146 F400.000
G1 X-20.236 Y-196.351 Z-2.158 F400.000
G1 X-20.117 Y-196.638 Z-2.169 F400.000
G1 X-19.955 Y-196.941 Z-2.181 F400.000
G1 X-19.782 Y-197.200 Z-2.192 F400.000
G1 X-19.565 Y-197.465 Z-2.204 F400.000
G1 X-19.345 Y-197.685 Z-2.215 F400.000
G1 X-19.079 Y-197.903 Z-2.227 F400.000
G1 X-18.821 Y-198.076 Z-2.238 F400.000
G1 X-18.518 Y-198.237 Z-2.250 F400.000
G1 X-18.231 Y-198.356 Z-2.261 F400.000
G1 X-17.902 Y-198.456 Z-2.273 F400.000
G1 X-17.597 Y-198.517 Z-2.284 F400.000
G1 X-17.256 Y-198.550 Z-2.295 F400.000
G1 X-14.330 Y-198.558 Z-2.398 F400.000
G1 X-14.220 Y-198.569 Z-2.402 F400.000
G1 X-14.191 Y-198.577 Z-2.403 F400.000
G1 X-14.164 Y-198.592 Z-2.404 F400.000
G1 X-14.141 Y-198.611 Z-2.405 F400.000
G1 X-14.121 Y-198.634 Z-2.406 F400.000
G1 X-14.107 Y-198.661 Z-2.407 F400.000
G1 X-14.098 Y-198.690 Z-2.408 F400.000
G1 X-14.087 Y-198.798 Z-2.412 F400.000
G1 X-14.088 Y-200.505 Z-2.471 F400.000
G1 X-14.098 Y-200.613 Z-2.475 F400.000
G1 X-14.107 Y-200.642 Z-2.476 F400.000
G1 X-14.121 Y-200.669 Z-2.477 F400.000
G1 X-14.141 Y-200.692 Z-2.478 F400.000
G1 X-14.164 Y-200.712 Z-2.479 F400.000
G1 X-14.191 Y-200.726 Z-2.480 F400.000
G1 X-14.220 Y-200.735 Z-2.481 F400.000
G1 X-14.328 Y-200.745 Z-2.485 F400.000
G1 X-17.100 Y-200.745 Z-2.582 F400.000
G1 X-17.597 Y-200.787 Z-2.599 F400.000
G1 X-17.902 Y-200.847 Z-2.610 F400.000
G1 X-18.231 Y-200.947 Z-2.622 F400.000
G1 X-18.518 Y-201.066 Z-2.633 F400.000
G1 X-18.821 Y-201.228 Z-2.645 F400.000
G1 X-19.079 Y-201.401 Z-2.656 F400.000
G1 X-19.345 Y-201.618 Z-2.668 F400.000
G1 X-19.565 Y-201.838 Z-2.679 F400.000
G1 X-19.782 Y-202.104 Z-2.691 F400.000
G1 X-19.955 Y-202.362 Z-2.702 F400.000
G1 X-20.117 Y-202.665 Z-2.714 F400.000
G1 X-20.236 Y-202.952 Z-2.725 F400.000
G1 X-20.336 Y-203.281 Z-2.737 F400.000
G1 X-20.396 Y-203.586 Z-2.747 F400.000
G1 X-20.430 Y-203.927 Z-2.759 F400.000
G1 X-20.437 Y-228.000 Z-3.600 F400.000
G1 X-20.430 Y-203.927 Z-3.600 F400.000
G1 X-20.396 Y-203.586 Z-3.600 F400.000
G1 X-20.336 Y-203.281 Z-3.600 F400.000
G1 X-20.236 Y-202.952 Z-3.600 F400.000
G1 X-20.117 Y-202.665 Z-3.600 F400.000
G1 X-19.955 Y-202.362 Z-3.600 F400.000
G1 X-19.782 Y-202.104 Z-3.600 F400.000
G1 X-19.565 Y-201.838 Z-3.600 F400.000
G1 X-19.345 Y-201.618 Z-3.600 F400.000
G1 X-19.079 Y-201.401 Z-3.600 F400.000
G1 X-18.821 Y-201.228 Z-3.600 F400.000
G1 X-18.518 Y-201.066 Z-3.600 F400.000
G1 X-18.231 Y-200.947 Z-3.600 F400.000
G1 X-17.902 Y-200.847 Z-3.600 F400.000
G1 X-17.597 Y-200.787 Z-3.600 F400.000
G1 X-17.100 Y-200.745 Z-3.600 F400.000
G1 X-14.328 Y-200.745 Z-3.600 F400.000
G1 X-14.220 Y-200.735 Z-3.600 F400.000
G1 X-14.191 Y-200.726 Z-3.600 F400.000
G1 X-14.164 Y-200.712 Z-3.600 F400.000
G1 X-14.141 Y-200.692 Z-3.600 F400.000
G1 X-14.121 Y-200.669 Z-3.600 F400.000
G1 X-14.107 Y-200.642 Z-3.600 F400.000
G1 X-14.098 Y-200.613 Z-3.600 F400.000
G1 X-14.088 Y-200.505 Z-3.600 F400.000
G1 X-14.087 Y-198.798 Z-3.600 F400.000
G1 X-14.098 Y-198.690 Z-3.600 F400.000
G1 X-14.107 Y-198.661 Z-3.600 F400.000
G1 X-14.121 Y-198.634 Z-3.600 F400.000
G1 X-14.141 Y-198.611 Z-3.600 F400.000
G1 X-14.164 Y-198.592 Z-3.600 F400.000
G1 X-14.191 Y-198.577 Z-3.600 F400.000
G1 X-14.220 Y-198.569 Z-3.600 F400.000
G1 X-14.330 Y-198.558 Z-3.600 F400.000
G1 X-17.256 Y-198.550 Z-3.600 F400.000
G1 X-17.597 Y-198.517 Z-3.600 F400.000
G1 X-17.902 Y-198.456 Z-3.600 F400.000
G1 X-18.231 Y-198.356 Z-3.600 F400.000
G1 X-18.518 Y-198.237 Z-3.600 F400.000
G1 X-18.821 Y-198.076 Z-3.600 F400.000
G1 X-19.079 Y-197.903 Z-3.600 F400.000
G1 X-19.345 Y-197.685 Z-3.600 F400.000
G1 X-19.565 Y-197.465 Z-3.600 F400.000
G1 X-19.782 Y-197.200 Z-3.600 F400.000
G1 X-19.955 Y-196.941 Z-3.600 F400.000
G1 X-20.117 Y-196.638 Z-3.600 F400.000
G1 X-20.236 Y-196.351 Z-3.600 F400.000
G1 X-20.336 Y-196.023 Z-3.600 F400.000
G1 X-20.396 Y-195.717 Z-3.600 F400.000
G1 X-20.437 Y-195.220 Z-3.600 F400.000
G1 X-20.435 Y-186.654 Z-3.600 F400.000
G1 X-20.406 Y-186.291 Z-3.600 F400.000
G1 X-20.337 Y-185.934 Z-3.600 F400.000
G1 X-20.230 Y-185.586 Z-3.600 F400.000
G1 X-20.125 Y-185.330 Z-3.600 F400.000
G1 X-16.238 Y-176.994 Z-3.600 F400.000
G1 X-16.215 Y-176.938 Z-3.600 F400.000
G1 X-16.210 Y-176.921 Z-3.600 F400.000
G1 X-16.207 Y-176.903 Z-3.600 F400.000
G1 X-16.204 Y-176.843 Z-3.600 F400.000
G1 X-16.204 Y-173.952 Z-3.600 F400.000
G1 X-16.215 Y-173.843 Z-3.600 F400.000
G1 X-16.224 Y-173.814 Z-3.600 F400.000
G1 X-16.238 Y-173.788 Z-3.600 F400.000
G1 X-16.257 Y-173.764 Z-3.600 F400.000
G1 X-16.281 Y-173.745 Z-3.600 F400.000
G1 X-16.307 Y-173.731 Z-3.600 F400.000
G1 X-16.336 Y-173.722 Z-3.600 F400.000
G1 X-16.445 Y-173.711 Z-3.600 F400.000
G1 X-17.850 Y-173.711 Z-3.600 F400.000
G1 X-18.057 Y-173.697 Z-3.600 F400.000
G1 X-18.316 Y-173.663 Z-3.600 F400.000
G1 X-18.716 Y-173.556 Z-3.600 F400.000
G1 X-18.958 Y-173.456 Z-3.600 F400.000
G1 X-19.316 Y-173.249 Z-3.600 F400.000
G1 X-19.524 Y-173.090 Z-3.600 F400.000
G1 X-19.817 Y-172.797 Z-3.600 F400.000
G1 X-19.975 Y-172.590 Z-3.600 F400.000
G1 X-20.183 Y-172.231 Z-3.600 F400.000
G1 X-20.283 Y-171.990 Z-3.600 F400.000
G1 X-20.390 Y-171.590 Z-3.600 F400.000
G1 X-20.424 Y-171.331 Z-3.600 F400.000
G1 X-20.437 Y-171.124 Z-3.600 F400.000
G1 X-20.435 Y-148.170 Z-3.600 F400.000
G1 X-20.406 Y-147.807 Z-3.600 F400.000
G1 X-20.337 Y-147.450 Z-3.600 F400.000
G1 X-20.230 Y-147.102 Z-3.600 F400.000
G1 X-20.125 Y-146.846 Z-3.600 F400.000
G1 X-16.238 Y-138.510 Z-3.600 F400.000
G1 X-16.215 Y-138.454 Z-3.600 F400.000
G1 X-16.210 Y-138.437 Z-3.600 F400.000
G1 X-16.207 Y-138.419 Z-3.600 F400.000
G1 X-16.204 Y-138.359 Z-3.600 F400.000
G1 X-16.204 Y-135.468 Z-3.600 F400.000
G1 X-16.215 Y-135.359 Z-3.600 F400.000
G1 X-16.224 Y-135.330 Z-3.600 F400.000
G1 X-16.238 Y-135.304 Z-3.600 F400.000
G1 X-16.257 Y-135.280 Z-3.600 F400.000
G1 X-16.281 Y-135.261 Z-3.600 F400.000
G1 X-16.307 Y-135.247 Z-3.600 F400.000
G1 X-16.336 Y-135.238 Z-3.600 F400.000
G1 X-16.445 Y-135.227 Z-3.600 F400.000
G1 X-17.850 Y-135.227 Z-3.600 F400.000
G1 X-18.057 Y-135.213 Z-3.600 F400.000
G1 X-18.316 Y-135.179 Z-3.600 F400.000
G1 X-18.716 Y-135.072 Z-3.600 F400.000
G1 X-18.958 Y-134.972 Z-3.600 F400.000
G1 X-19.316 Y-134.765 Z-3.600 F400.000
G1 X-19.524 Y-134.606 Z-3.600 F400.000
G1 X-19.817 Y-134.313 Z-3.600 F400.000
G1 X-19.975 Y-134.106 Z-3.600 F400.000
G1 X-20.183 Y-133.747 Z-3.600 F400.000
G1 X-20.283 Y-133.506 Z-3.600 F400.000
G1 X-20.390 Y-133.106 Z-3.600 F400.000
G1 X-20.424 Y-132.847 Z-3.600 F400.000
G1 X-20.437 Y-132.640 Z-3.600 F400.000
G1 X-20.435 Y-109.686 Z-3.600 F400.000
G1 X-20.406 Y-109.323 Z-3.600 F400.000
G1 X-20.337 Y-108.966 Z-3.600 F400.000
G1 X-20.230 Y-108.618 Z-3.600 F400.000
G1 X-20.125 Y-108.362 Z-3.600 F400.000
G1 X-16.238 Y-100.026 Z-3.600 F400.000
G1 X-16.215 Y-99.969 Z-3.600 F400.000
G1 X-16.210 Y-99.953 Z-3.600 F400.000
G1 X-16.207 Y-99.935 Z-3.600 F400.000
G1 X-16.204 Y-99.875 Z-3.600 F400.000
G1 X-16.204 Y-96.984 Z-3.600 F400.000
G1 X-16.215 Y-96.875 Z-3.600 F400.000
G1 X-16.224 Y-96.846 Z-3.600 F400.000
G1 X-16.238 Y-96.820 Z-3.600 F400.000
G1 X-16.257 Y-96.796 Z-3.600 F400.000
G1 X-16.281 Y-96.777 Z-3.600 F400.000
G1 X-16.307 Y-96.762 Z-3.600 F400.000
G1 X-16.336 Y-96.754 Z-3.600 F400.000
G1 X-16.445 Y-96.743 Z-3.600 F400.000
G1 X-17.850 Y-96.743 Z-3.600 F400.000
G1 X-18.057 Y-96.729 Z-3.600 F400.000
G1 X-18.316 Y-96.695 Z-3.600 F400.000
G1 X-18.716 Y-96.588 Z-3.600 F400.000
G1 X-18.958 Y-96.488 Z-3.600 F400.000
G1 X-19.316 Y-96.281 Z-3.600 F400.000
G1 X-19.524 Y-96.122 Z-3.600 F400.000
G1 X-19.817 Y-95.829 Z-3.600 F400.000
G1 X-19.975 Y-95.622 Z-3.600 F400.000
G1 X-20.183 Y-95.263 Z-3.600 F400.000
G1 X-20.283 Y-95.022 Z-3.600 F400.000
G1 X-20.390 Y-94.622 Z-3.600 F400.000
G1 X-20.424 Y-94.363 Z-3.600 F400.000
G1 X-20.437 Y-94.156 Z-3.600 F400.000
G1 X-20.435 Y-71.202 Z-3.600 F400.000
G1 X-20.406 Y-70.839 Z-3.600 F400.000
G1 X-20.337 Y-70.482 Z-3.600 F400.000
G1 X-20.230 Y-70.134 Z-3.600 F400.000
G1 X-20.125 Y-69.878 Z-3.600 F400.000
G1 X-16.238 Y-61.542 Z-3.600 F400.000
G1 X-16.215 Y-61.485 Z-3.600 F400.000
G1 X-16.210 Y-61.469 Z-3.600 F400.000
G1 X-16.207 Y-61.451 Z-3.600 F400.000
G1 X-16.204 Y-61.391 Z-3.600 F400.000
G1 X-16.204 Y-58.500 Z-3.600 F400.000
G1 X-16.215 Y-58.391 Z-3.600 F400.000
G1 X-16.224 Y-58.362 Z-3.600 F400.000
G1 X-16.238 Y-58.336 Z-3.600 F400.000
G1 X-16.257 Y-58.312 Z-3.600 F400.000
G1 X-16.281 Y-58.293 Z-3.600 F400.000
G1 X-16.307 Y-58.278 Z-3.600 F400.000
G1 X-16.336 Y-58.270 Z-3.600 F400.000
G1 X-16.445 Y-58.259 Z-3.600 F400.000
G1 X-17.850 Y-58.259 Z-3.600 F400.000
G1 X-18.057 Y-58.245 Z-3.600 F400.000
G1 X-18.316 Y-58.211 Z-3.600 F400.000
G1 X-18.716 Y-58.104 Z-3.600 F400.000
G1 X-18.958 Y-58.004 Z-3.600 F400.000
G1 X-19.316 Y-57.797 Z-3.600 F400.000
G1 X-19.524 Y-57.638 Z-3.600 F400.000
G1 X-19.817 Y-57.345 Z-3.600 F400.000
G1 X-19.975 Y-57.138 Z-3.600 F400.000
G1 X-20.183 Y-56.779 Z-3.600 F400.000
G1 X-20.283 Y-56.538 Z-3.600 F400.000
G1 X-20.390 Y-56.138 Z-3.600 F400.000
G1 X-20.424 Y-55.879 Z-3.600 F400.000
G1 X-20.437 Y-55.672 Z-3.600 F400.000
G1 X-20.435 Y-32.718 Z-3.600 F400.000
G1 X-20.406 Y-32.355 Z-3.600 F400.000
G1 X-20.337 Y-31.998 Z-3.600 F400.000
G1 X-20.230 Y-31.650 Z-3.600 F400.000
G1 X-20.125 Y-31.394 Z-3.600 F400.000
G1 X-16.238 Y-23.058 Z-3.600 F400.000
G1 X-16.215 Y-23.001 Z-3.600 F400.000
G1 X-16.210 Y-22.985 Z-3.600 F400.000
G1 X-16.207 Y-22.967 Z-3.600 F400.000
G1 X-16.204 Y-22.907 Z-3.600 F400.000
G1 X-16.204 Y-20.015 Z-3.600 F400.000
G1 X-16.215 Y-19.907 Z-3.600 F400.000
G1 X-16.224 Y-19.878 Z-3.600 F400.000
G1 X-16.238 Y-19.851 Z-3.600 F400.000
G1 X-16.257 Y-19.828 Z-3.600 F400.000
G1 X-16.281 Y-19.809 Z-3.600 F400.000
G1 X-16.307 Y-19.794 Z-3.600 F400.000
G1 X-16.336 Y-19.786 Z-3.600 F400.000
G1 X-16.445 Y-19.775 Z-3.600 F400.000
G1 X-17.850 Y-19.775 Z-3.600 F400.000
G1 X-18.057 Y-19.761 Z-3.600 F400.000
G1 X-18.316 Y-19.727 Z-3.600 F400.000
G1 X-18.716 Y-19.620 Z-3.600 F400.000
G1 X-18.958 Y-19.520 Z-3.600 F400.000
G1 X-19.316 Y-19.313 Z-3.600 F400.000
G1 X-19.524 Y-19.154 Z-3.600 F400.000
G1 X-19.817 Y-18.861 Z-3.600 F400.000
G1 X-19.975 Y-18.654 Z-3.600 F400.000
G1 X-20.183 Y-18.295 Z-3.600 F400.000
G1 X-20.283 Y-18.054 Z-3.600 F400.000
G1 X-20.390 Y-17.654 Z-3.600 F400.000
G1 X-20.424 Y-17.395 Z-3.600 F400.000
G1 X-20.437 Y-17.188 Z-3.600 F400.000
G1 X-20.437 Y-3.000 Z-3.600 F400.000
G0 X-20.437 Y-3.000 Z5.000
G0 X-20.437 Y-228.000 Z5.000
G0 X-20.437 Y-228.000 Z3.000
G1 X-20.430 Y-203.927 Z2.159 F400.000
G1 X-20.396 Y-203.586 Z2.147 F400.000
G1 X-20.336 Y-203.281 Z2.137 F400.000
G1 X-20.236 Y-202.952 Z2.125 F400.000
G1 X-20.117 Y-202.665 Z2.114 F400.000
G1 X-19.955 Y-202.362 Z2.102 F400.000
G1 X-19.782 Y-202.104 Z2.091 F400.000
G1 X-19.565 Y-201.838 Z2.079 F400.000
G1 X-19.345 Y-201.618 Z2.068 F400.000
G1 X-19.079 Y-201.401 Z2.056 F400.000
G1 X-18.821 Y-201.228 Z2.045 F400.000
G1 X-18.518 Y-201.066 Z2.033 F400.000
G1 X-18.231 Y-200.947 Z2.022 F400.000
G1 X-17.902 Y-200.847 Z2.010 F400.000
G1 X-17.597 Y-200.787 Z1.999 F400.000
G1 X-17.100 Y-200.745 Z1.982 F400.000
G1 X-14.328 Y-200.745 Z1.885 F400.000
G1 X-14.220 Y-200.735 Z1.881 F400.000
G1 X-14.191 Y-200.726 Z1.880 F400.000
G1 X-14.164 Y-200.712 Z1.879 F400.000
G1 X-14.141 Y-200.692 Z1.878 F400.000
G1 X-14.121 Y-200.669 Z1.877 F400.000
G1 X-14.107 Y-200.642 Z1.876 F400.000
G1 X-14.098 Y-200.613 Z1.875 F400.000
G1 X-14.088 Y-200.505 Z1.871 F400.000
G1 X-14.087 Y-198.798 Z1.812 F400.000
G1 X-14.098 Y-198.690 Z1.808 F400.000
G1 X-14.107 Y-198.661 Z1.807 F400.000
G1 X-14.121 Y-198.634 Z1.806 F400.000
G1 X-14.141 Y-198.611 Z1.805 F400.000
G1 X-14.164 Y-198.592 Z1.804 F400.000
G1 X-14.191 Y-198.577 Z1.803 F400.000
G1 X-14.220 Y-198.569 Z1.802 F400.000
G1 X-14.330 Y-198.558 Z1.798 F400.000
G1 X-17.256 Y-198.550 Z1.695 F400.000
G1 X-17.597 Y-198.517 Z1.684 F400.000
G1 X-17.902 Y-198.456 Z1.673 F400.000
G1 X-18.231 Y-198.356 Z1.661 F400.000
G1 X-18.518 Y-198.237 Z1.650 F400.000
G1 X-18.821 Y-198.076 Z1.638 F400.000
G1 X-19.079 Y-197.903 Z1.627 F400.000
G1 X-19.345 Y-197.685 Z1.615 F400.000
G1 X-19.565 Y-197.465 Z1.604 F400.000
G1 X-19.782 Y-197.200 Z1.592 F400.000
G1 X-19.955 Y-196.941 Z1.581 F400.000
G1 X-20.117 Y-196.638 Z1.569 F400.000
G1 X-20.236 Y-196.351 Z1.558 F400.000
G1 X-20.336 Y-196.023 Z1.546 F400.000
G1 X-20.396 Y-195.717 Z1.536 F400.000
G1 X-20.437 Y-195.220 Z1.518 F400.000
G1 X-20.435 Y-186.654 Z1.219 F400.000
G1 X-20.406 Y-186.291 Z1.206 F400.000
G1 X-20.337 Y-185.934 Z1.194 F400.000
G1 X-20.230 Y-185.586 Z1.181 F400.000
G1 X-20.125 Y-185.330 Z1.171 F400.000
G1 X-16.238 Y-176.994 Z0.850 F400.000
G1 X-16.215 Y-176.938 Z0.848 F400.000
G1 X-16.210 Y-176.921 Z0.847 F400.000
G1 X-16.207 Y-176.903 Z0.847 F400.000
G1 X-16.204 Y-176.843 Z0.845 F400.000
G1 X-16.204 Y-173.952 Z0.744 F400.000
G1 X-16.215 Y-173.843 Z0.740 F400.000
G1 X-16.224 Y-173.814 Z0.739 F400.000
G1 X-16.238 Y-173.788 Z0.738 F400.000
G1 X-16.257 Y-173.764 Z0.737 F400.000
G1 X-16.281 Y-173.745 Z0.736 F400.000
G1 X-16.307 Y-173.731 Z0.734 F400.000
G1 X-16.336 Y-173.722 Z0.733 F400.000
G1 X-16.445 Y-173.711 Z0.730 F400.000
G1 X-17.850 Y-173.711 Z0.681 F400.000
G1 X-18.057 Y-173.697 Z0.673 F400.000
G1 X-18.316 Y-173.663 Z0.664 F400.000
G1 X-18.716 Y-173.556 Z0.650 F400.000
G1 X-18.958 Y-173.456 Z0.641 F400.000
G1 X-19.316 Y-173.249 Z0.626 F400.000
G1 X-19.524 Y-173.090 Z0.617 F400.000
G1 X-19.817 Y-172.797 Z0.603 F400.000
G1 X-19.975 Y-172.590 Z0.593 F400.000
G1 X-20.183 Y-172.231 Z0.579 F400.000
G1 X-20.283 Y-171.990 Z0.570 F400.000
G1 X-20.390 Y-171.590 Z0.555 F400.000
G1 X-20.424 Y-171.331 Z0.546 F400.000
G1 X-20.437 Y-171.124 Z0.539 F400.000
G1 X-20.435 Y-148.170 Z-0.263 F400.000
G1 X-20.406 Y-147.807 Z-0.275 F400.000
G1 X-20.337 Y-147.450 Z-0.288 F400.000
G1 X-20.230 Y-147.102 Z-0.301 F400.000
G1 X-20.125 Y-146.846 Z-0.310 F400.000
G1 X-19.040 Y-144.520 Z-0.400 F400.000
G1 X-20.125 Y-146.846 Z-0.490 F400.000
G1 X-20.230 Y-147.102 Z-0.499 F400.000
G1 X-20.337 Y-147.450 Z-0.512 F400.000
G1 X-20.406 Y-147.807 Z-0.525 F400.000
G1 X-20.435 Y-148.170 Z-0.537 F400.000
G1 X-20.437 Y-171.124 Z-1.339 F400.000
G1 X-20.424 Y-171.331 Z-1.346 F400.000
G1 X-20.390 Y-171.590 Z-1.355 F400.000
G1 X-20.283 Y-171.990 Z-1.370 F400.000
G1 X-20.183 Y-172.231 Z-1.379 F400.000
G1 X-19.975 Y-172.590 Z-1.393 F400.000
G1 X-19.817 Y-172.797 Z-1.403 F400.000
G1 X-19.524 Y-173.090 Z-1.417 F400.000
G1 X-19.316 Y-173.249 Z-1.426 F400.000
G1 X-18.958 Y-173.456 Z-1.441 F400.000
G1 X-18.716 Y-173.556 Z-1.450 F400.000
G1 X-18.316 Y-173.663 Z-1.464 F400.000
G1 X-18.057 Y-173.697 Z-1.473 F400.000
G1 X-17.850 Y-173.711 Z-1.481 F400.000
G1 X-16.445 Y-173.711 Z-1.530 F400.000
G1 X-16.336 Y-173.722 Z-1.533 F400.000
G1 X-16.307 Y-173.731 Z-1.534 F400.000
G1 X-16.281 Y-173.745 Z-1.536 F400.000
G1 X-16.257 Y-173.764 Z-1.537 F400.000
G1 X-16.238 Y-173.788 Z-1.538 F400.000
G1 X-16.224 Y-173.814 Z-1.539 F400.000
G1 X-16.215 Y-173.843 Z-1.540 F400.000
G1 X-16.204 Y-173.952 Z-1.544 F400.000
G1 X-16.204 Y-176.843 Z-1.645 F400.000
G1 X-16.207 Y-176.903 Z-1.647 F400.000
G1 X-16.210 Y-176.921 Z-1.647 F400.000
G1 X-16.215 Y-176.938 Z-1.648 F400.000
G1 X-16.238 Y-176.994 Z-1.650 F400.000
G1 X-20.125 Y-185.330 Z-1.971 F400.000
G1 X-20.230 Y-185.586 Z-1.981 F400.000
G1 X-20.337 Y-185.934 Z-1.994 F400.000
G1 X-20.406 Y-186.291 Z-2.006 F400.000
G1 X-20.435 Y-186.654 Z-2.019 F400.000
G1 X-20.437 Y-195.220 Z-2.318 F400.000
G1 X-20.396 Y-195.717 Z-2.336 F400.000
G1 X-20.336 Y-196.023 Z-2.346 F400.000
G1 X-20.236 Y-196.351 Z-2.358 F400.000
G1 X-20.117 Y-196.638 Z-2.369 F400.000
G1 X-19.955 Y-196.941 Z-2.381 F400.000
G1 X-19.782 Y-197.200 Z-2.392 F400.000
G1 X-19.565 Y-197.465 Z-2.404 F400.000
G1 X-19.345 Y-197.685 Z-2.415 F400.000
G1 X-19.079 Y-197.903 Z-2.427 F400.000
G1 X-18.821 Y-198.076 Z-2.438 F400.000
G1 X-18.518 Y-198.237 Z-2.450 F400.000
G1 X-18.231 Y-198.356 Z-2.461 F400.000
G1 X-17.902 Y-198.456 Z-2.473 F400.000
G1 X-17.597 Y-198.517 Z-2.484 F400.000
G1 X-17.256 Y-198.550 Z-2.495 F400.000
G1 X-14.330 Y-198.558 Z-2.598 F400.000
G1 X-14.220 Y-198.569 Z-2.602 F400.000
G1 X-14.191 Y-198.577 Z-2.603 F400.000
G1 X-14.164 Y-198.592 Z-2.604 F400.000
G1 X-14.141 Y-198.611 Z-2.605 F400.000
G1 X-14.121 Y-198.634 Z-2.606 F400.000
G1 X-14.107 Y-198.661 Z-2.607 F400.000
G1 X-14.098 Y-198.690 Z-2.608 F400.000
G1 X-14.087 Y-198.798 Z-2.612 F400.000
G1 X-14.088 Y-200.505 Z-2.671 F400.000
G1 X-14.098 Y-200.613 Z-2.675 F400.000
G1 X-14.107 Y-200.642 Z-2.676 F400.000
G1 X-14.121 Y-200.669 Z-2.677 F400.000
G1 X-14.141 Y-200.692 Z-2.678 F400.000
G1 X-14.164 Y-200.712 Z-2.679 F400.000
G1 X-14.191 Y-200.726 Z-2.680 F400.000
G1 X-14.220 Y-200.735 Z-2.681 F400.000
G1 X-14.328 Y-200.745 Z-2.685 F400.000
G1 X-17.100 Y-200.745 Z-2.782 F400.000
G1 X-17.597 Y-200.787 Z-2.799 F400.000
G1 X-17.902 Y-200.847 Z-2.810 F400.000
G1 X-18.231 Y-200.947 Z-2.822 F400.000
G1 X-18.518 Y-201.066 Z-2.833 F400.000
G1 X-18.821 Y-201.228 Z-2.845 F400.000
G1 X-19.079 Y-201.401 Z-2.856 F400.000
G1 X-19.345 Y-201.618 Z-2.868 F400.000
G1 X-19.565 Y-201.838 Z-2.879 F400.000
G1 X-19.782 Y-202.104 Z-2.891 F400.000
G1 X-19.955 Y-202.362 Z-2.902 F400.000
G1 X-20.117 Y-202.665 Z-2.914 F400.000
G1 X-20.236 Y-202.952 Z-2.925 F400.000
G1 X-20.336 Y-203.281 Z-2.937 F400.000
G1 X-20.396 Y-203.586 Z-2.947 F400.000
G1 X-20.430 Y-203.927 Z-2.959 F400.000
G1 X-20.437 Y-228.000 Z-3.800 F400.000
G1 X-20.430 Y-203.927 Z-3.800 F400.000
G1 X-20.396 Y-203.586 Z-3.800 F400.000
G1 X-20.336 Y-203.281 Z-3.800 F400.000
G1 X-20.236 Y-202.952 Z-3.800 F400.000
G1 X-20.117 Y-202.665 Z-3.800 F400.000
G1 X-19.955 Y-202.362 Z-3.800 F400.000
G1 X-19.782 Y-202.104 Z-3.800 F400.000
G1 X-19.565 Y-201.838 Z-3.800 F400.000
G1 X-19.345 Y-201.618 Z-3.800 F400.000
G1 X-19.079 Y-201.401 Z-3.800 F400.000
G1 X-18.821 Y-201.228 Z-3.800 F400.000
G1 X-18.518 Y-201.066 Z-3.800 F400.000
G1 X-18.231 Y-200.947 Z-3.800 F400.000
G1 X-17.902 Y-200.847 Z-3.800 F400.000
G1 X-17.597 Y-200.787 Z-3.800 F400.000
G1 X-17.100 Y-200.745 Z-3.800 F400.000
G1 X-14.328 Y-200.745 Z-3.800 F400.000
G1 X-14.220 Y-200.735 Z-3.800 F400.000
G1 X-14.191 Y-200.726 Z-3.800 F400.000
G1 X-14.164 Y-200.712 Z-3.800 F400.000
G1 X-14.141 Y-200.692 Z-3.800 F400.000
G1 X-14.121 Y-200.669 Z-3.800 F400.000
G1 X-14.107 Y-200.642 Z-3.800 F400.000
G1 X-14.098 Y-200.613 Z-3.800 F400.000
G1 X-14.088 Y-200.505 Z-3.800 F400.000
G1 X-14.087 Y-198.798 Z-3.800 F400.000
G1 X-14.098 Y-198.690 Z-3.800 F400.000
G1 X-14.107 Y-198.661 Z-3.800 F400.000
G1 X-14.121 Y-198.634 Z-3.800 F400.000
G1 X-14.141 Y-198.611 Z-3.800 F400.000
G1 X-14.164 Y-198.592 Z-3.800 F400.000
G1 X-14.191 Y-198.577 Z-3.800 F400.000
G1 X-14.220 Y-198.569 Z-3.800 F400.000
G1 X-14.330 Y-198.558 Z-3.800 F400.000
G1 X-17.256 Y-198.550 Z-3.800 F400.000
G1 X-17.597 Y-198.517 Z-3.800 F400.000
G1 X-17.902 Y-198.456 Z-3.800 F400.000
G1 X-18.231 Y-198.356 Z-3.800 F400.000
G1 X-18.518 Y-198.237 Z-3.800 F400.000
G1 X-18.821 Y-198.076 Z-3.800 F400.000
G1 X-19.079 Y-197.903 Z-3.800 F400.000
G1 X-19.345 Y-197.685 Z-3.800 F400.000
G1 X-19.565 Y-197.465 Z-3.800 F400.000
G1 X-19.782 Y-197.200 Z-3.800 F400.000
G1 X-19.955 Y-196.941 Z-3.800 F400.000
G1 X-20.117 Y-196.638 Z-3.800 F400.000
G1 X-20.236 Y-196.351 Z-3.800 F400.000
G1 X-20.336 Y-196.023 Z-3.800 F400.000
G1 X-20.396 Y-195.717 Z-3.800 F400.000
G1 X-20.437 Y-195.220 Z-3.800 F400.000
G1 X-20.435 Y-186.654 Z-3.800 F400.000
G1 X-20.406 Y-186.291 Z-3.800 F400.000
G1 X-20.337 Y-185.934 Z-3.800 F400.000
G1 X-20.230 Y-185.586 Z-3.800 F400.000
G1 X-20.125 Y-185.330 Z-3.800 F400.000
G1 X-16.238 Y-176.994 Z-3.800 F400.000
G1 X-16.215 Y-176.938 Z-3.800 F400.000
G1 X-16.210 Y-176.921 Z-3.800 F400.000
G1 X-16.207 Y-176.903 Z-3.800 F400.000
G1 X-16.204 Y-176.843 Z-3.800 F400.000
G1 X-16.204 Y-173.952 Z-3.800 F400.000
G1 X-16.215 Y-173.843 Z-3.800 F400.000
G1 X-16.224 Y-173.814 Z-3.800 F400.000
G1 X-16.238 Y-173.788 Z-3.800 F400.000
G1 X-16.257 Y-173.764 Z-3.800 F400.000
G1 X-16.281 Y-173.745 Z-3.800 F400.000
G1 X-16.307 Y-173.731 Z-3.800 F400.000
G1 X-16.336 Y-173.722 Z-3.800 F400.000
G1 X-16.445 Y-173.711 Z-3.800 F400.000
G1 X-17.850 Y-173.711 Z-3.800 F400.000
G1 X-18.057 Y-173.697 Z-3.800 F400.000
G1 X-18.316 Y-173.663 Z-3.800 F400.000
G1 X-18.716 Y-173.556 Z-3.800 F400.000
G1 X-18.958 Y-173.456 Z-3.800 F400.000
G1 X-19.316 Y-173.249 Z-3.800 F400.000
G1 X-19.524 Y-173.090 Z-3.800 F400.000
G1 X-19.817 Y-172.797 Z-3.800 F400.000
G1 X-19.975 Y-172.590 Z-3.800 F400.000
G1 X-20.183 Y-172.231 Z-3.800 F400.000
G1 X-20.283 Y-171.990 Z-3.800 F400.000
G1 X-20.390 Y-171.590 Z-3.800 F400.000
G1 X-20.424 Y-171.331 Z-3.800 F400.000
G1 X-20.437 Y-171.124 Z-3.800 F400.000
G1 X-20.435 Y-148.170 Z-3.800 F400.000
G1 X-20.406 Y-147.807 Z-3.800 F400.000
G1 X-20.337 Y-147.450 Z-3.800 F400.000
G1 X-20.230 Y-147.102 Z-3.800 F400.000
G1 X-20.125 Y-146.846 Z-3.800 F400.000
G1 X-16.238 Y-138.510 Z-3.800 F400.000
G1 X-16.215 Y-138.454 Z-3.800 F400.000
G1 X-16.210 Y-138.437 Z-3.800 F400.000
G1 X-16.207 Y-138.419 Z-3.800 F400.000
G1 X-16.204 Y-138.359 Z-3.800 F400.000
G1 X-16.204 Y-135.468 Z-3.800 F400.000
G1 X-16.215 Y-135.359 Z-3.800 F400.000
G1 X-16.224 Y-135.330 Z-3.800 F400.000
G1 X-16.238 Y-135.304 Z-3.800 F400.000
G1 X-16.257 Y-135.280 Z-3.800 F400.000
G1 X-16.281 Y-135.261 Z-3.800 F400.000
G1 X-16.307 Y-135.247 Z-3.800 F400.000
G1 X-16.336 Y-135.238 Z-3.800 F400.000
G1 X-16.445 Y-135.227 Z-3.800 F400.000
G1 X-17.850 Y-135.227 Z-3.800 F400.000
G1 X-18.057 Y-135.213 Z-3.800 F400.000
G1 X-18.316 Y-135.179 Z-3.800 F400.000
G1 X-18.716 Y-135.072 Z-3.800 F400.000
G1 X-18.958 Y-134.972 Z-3.800 F400.000
G1 X-19.316 Y-134.765 Z-3.800 F400.000
G1 X-19.524 Y-134.606 Z-3.800 F400.000
G1 X-19.817 Y-134.313 Z-3.800 F400.000
G1 X-19.975 Y-134.106 Z-3.800 F400.000
G1 X-20.183 Y-133.747 Z-3.800 F400.000
G1 X-20.283 Y-133.506 Z-3.800 F400.000
G1 X-20.390 Y-133.106 Z-3.800 F400.000
G1 X-20.424 Y-132.847 Z-3.800 F400.000
G1 X-20.437 Y-132.640 Z-3.800 F400.000
G1 X-20.435 Y-109.686 Z-3.800 F400.000
G1 X-20.406 Y-109.323 Z-3.800 F400.000
G1 X-20.337 Y-108.966 Z-3.800 F400.000
G1 X-20.230 Y-108.618 Z-3.800 F400.000
G1 X-20.125 Y-108.362 Z-3.800 F400.000
G1 X-16.238 Y-100.026 Z-3.800 F400.000
G1 X-16.215 Y-99.969 Z-3.800 F400.000
G1 X-16.210 Y-99.953 Z-3.800 F400.000
G1 X-16.207 Y-99.935 Z-3.800 F400.000
G1 X-16.204 Y-99.875 Z-3.800 F400.000
G1 X-16.204 Y-96.984 Z-3.800 F400.000
G1 X-16.215 Y-96.875 Z-3.800 F400.000
G1 X-16.224 Y-96.846 Z-3.800 F400.000
G1 X-16.238 Y-96.820 Z-3.800 F400.000
G1 X-16.257 Y-96.796 Z-3.800 F400.000
G1 X-16.281 Y-96.777 Z-3.800 F400.000
G1 X-16.307 Y-96.762 Z-3.800 F400.000
G1 X-16.336 Y-96.754 Z-3.800 F400.000
G1 X-16.445 Y-96.743 Z-3.800 F400.000
G1 X-17.850 Y-96.743 Z-3.800 F400.000
G1 X-18.057 Y-96.729 Z-3.800 F400.000
G1 X-18.316 Y-96.695 Z-3.800 F400.000
G1 X-18.716 Y-96.588 Z-3.800 F400.000
G1 X-18.958 Y-96.488 Z-3.800 F400.000
G1 X-19.316 Y-96.281 Z-3.800 F400.000
G1 X-19.524 Y-96.122 Z-3.800 F400.000
G1 X-19.817 Y-95.829 Z-3.800 F400.000
G1 X-19.975 Y-95.622 Z-3.800 F400.000
G1 X-20.183 Y-95.263 Z-3.800 F400.000
G1 X-20.283 Y-95.022 Z-3.800 F400.000
G1 X-20.390 Y-94.622 Z-3.800 F400.000
G1 X-20.424 Y-94.363 Z-3.800 F400.000
G1 X-20.437 Y-94.156 Z-3.800 F400.000
G1 X-20.435 Y-71.202 Z-3.800 F400.000
G1 X-20.406 Y-70.839 Z-3.800 F400.000
G1 X-20.337 Y-70.482 Z-3.800 F400.000
G1 X-20.230 Y-70.134 Z-3.800 F400.000
G1 X-20.125 Y-69.878 Z-3.800 F400.000
G1 X-16.238 Y-61.542 Z-3.800 F400.000
G1 X-16.215 Y-61.485 Z-3.800 F400.000
G1 X-16.210 Y-61.469 Z-3.800 F400.000
G1 X-16.207 Y-61.451 Z-3.800 F400.000
G1 X-16.204 Y-61.391 Z-3.800 F400.000
G1 X-16.204 Y-58.500 Z-3.800 F400.000
G1 X-16.215 Y-58.391 Z-3.800 F400.000
G1 X-16.224 Y-58.362 Z-3.800 F400.000
G1 X-16.238 Y-58.336 Z-3.800 F400.000
G1 X-16.257 Y-58.312 Z-3.800 F400.000
G1 X-16.281 Y-58.293 Z-3.800 F400.000
G1 X-16.307 Y-58.278 Z-3.800 F400.000
G1 X-16.336 Y-58.270 Z-3.800 F400.000
G1 X-16.445 Y-58.259 Z-3.800 F400.000
G1 X-17.850 Y-58.259 Z-3.800 F400.000
G1 X-18.057 Y-58.245 Z-3.800 F400.000
G1 X-18.316 Y-58.211 Z-3.800 F400.000
G1 X-18.716 Y-58.104 Z-3.800 F400.000
G1 X-18.958 Y-58.004 Z-3.800 F400.000
G1 X-19.316 Y-57.797 Z-3.800 F400.000
G1 X-19.524 Y-57.638 Z-3.800 F400.000
G1 X-19.817 Y-57.345 Z-3.800 F400.000
G1 X-19.975 Y-57.138 Z-3.800 F400.000
G1 X-20.183 Y-56.779 Z-3.800 F400.000
G1 X-20.283 Y-56.538 Z-3.800 F400.000
G1 X-20.390 Y-56.138 Z-3.800 F400.000
G1 X-20.424 Y-55.879 Z-3.800 F400.000
G1 X-20.437 Y-55.672 Z-3.800 F400.000
G1 X-20.435 Y-32.718 Z-3.800 F400.000
G1 X-20.406 Y-32.355 Z-3.800 F400.000
G1 X-20.337 Y-31.998 Z-3.800 F400.000
G1 X-20.230 Y-31.650 Z-3.800 F400.000
G1 X-20.125 Y-31.394 Z-3.800 F400.000
G1 X-16.238 Y-23.058 Z-3.800 F400.000
G1 X-16.215 Y-23.001 Z-3.800 F400.000
G1 X-16.210 Y-22.985 Z-3.800 F400.000
G1 X-16.207 Y-22.967 Z-3.800 F400.000
G1 X-16.204 Y-22.907 Z-3.800 F400.000
G1 X-16.204 Y-20.015 Z-3.800 F400.000
G1 X-16.215 Y-19.907 Z-3.800 F400.000
G1 X-16.224 Y-19.878 Z-3.800 F400.000
G1 X-16.238 Y-19.851 Z-3.800 F400.000
G1 X-16.257 Y-19.828 Z-3.800 F400.000
G1 X-16.281 Y-19.809 Z-3.800 F400.000
G1 X-16.307 Y-19.794 Z-3.800 F400.000
G1 X-16.336 Y-19.786 Z-3.800 F400.000
G1 X-16.445 Y-19.775 Z-3.800 F400.000
G1 X-17.850 Y-19.775 Z-3.800 F400.000
G1 X-18.057 Y-19.761 Z-3.800 F400.000
G1 X-18.316 Y-19.727 Z-3.800 F400.000
G1 X-18.716 Y-19.620 Z-3.800 F400.000
G1 X-18.958 Y-19.520 Z-3.800 F400.000
G1 X-19.316 Y-19.313 Z-3.800 F400.000
G1 X-19.524 Y-19.154 Z-3.800 F400.000
G1 X-19.817 Y-18.861 Z-3.800 F400.000
G1 X-19.975 Y-18.654 Z-3.800 F400.000
G1 X-20.183 Y-18.295 Z-3.800 F400.000
G1 X-20.283 Y-18.054 Z-3.800 F400.000
G1 X-20.390 Y-17.654 Z-3.800 F400.000
G1 X-20.424 Y-17.395 Z-3.800 F400.000
G1 X-20.437 Y-17.188 Z-3.800 F400.000
G1 X-20.437 Y-3.000 Z-3.800 F400.000
G0 X-20.437 Y-3.000 Z5.000
G0 X-20.437 Y-228.000 Z5.000
G0 X-20.437 Y-228.000 Z3.000
G1 X-20.430 Y-203.927 Z2.159 F400.000
G1 X-20.396 Y-203.586 Z2.147 F400.000
G1 X-20.336 Y-203.281 Z2.137 F400.000
G1 X-20.236 Y-202.952 Z2.125 F400.000
G1 X-20.117 Y-202.665 Z2.114 F400.000
G1 X-19.955 Y-202.362 Z2.102 F400.000
G1 X-19.782 Y-202.104 Z2.091 F400.000
G1 X-19.565 Y-201.838 Z2.079 F400.000
G1 X-19.345 Y-201.618 Z2.068 F400.000
G1 X-19.079 Y-201.401 Z2.056 F400.000
G1 X-18.821 Y-201.228 Z2.045 F400.000
G1 X-18.518 Y-201.066 Z2.033 F400.000
G1 X-18.231 Y-200.947 Z2.022 F400.000
G1 X-17.902 Y-200.847 Z2.010 F400.000
G1 X-17.597 Y-200.787 Z1.999 F400.000
G1 X-17.100 Y-200.745 Z1.982 F400.000
G1 X-14.328 Y-200.745 Z1.885 F400.000
G1 X-14.220 Y-200.735 Z1.881 F400.000
G1 X-14.191 Y-200.726 Z1.880 F400.000
G1 X-14.164 Y-200.712 Z1.879 F400.000
G1 X-14.141 Y-200.692 Z1.878 F400.000
G1 X-14.121 Y-200.669 Z1.877 F400.000
G1 X-14.107 Y-200.642 Z1.876 F400.000
G1 X-14.098 Y-200.613 Z1.875 F400.000
G1 X-14.088 Y-200.505 Z1.871 F400.000
G1 X-14.087 Y-198.798 Z1.812 F400.000
G1 X-14.098 Y-198.690 Z1.808 F400.000
G1 X-14.107 Y-198.661 Z1.807 F400.000
G1 X-14.121 Y-198.634 Z1.806 F400.000
G1 X-14.141 Y-198.611 Z1.805 F400.000
G1 X-14.164 Y-198.592 Z1.804 F400.000
G1 X-14.191 Y-198.577 Z1.803 F400.000
G1 X-14.220 Y-198.569 Z1.802 F400.000
G1 X-14.330 Y-198.558 Z1.798 F400.000
G1 X-17.256 Y-198.550 Z1.695 F400.000
G1 X-17.597 Y-198.517 Z1.684 F400.000
G1 X-17.902 Y-198.456 Z1.673 F400.000
G1 X-18.231 Y-198.356 Z1.661 F400.000
G1 X-18.518 Y-198.237 Z1.650 F400.000
G1 X-18.821 Y-198.076 Z1.638 F400.000
G1 X-19.079 Y-197.903 Z1.627 F400.000
G1 X-19.345 Y-197.685 Z1.615 F400.000
G1 X-19.565 Y-197.465 Z1.604 F400.000
G1 X-19.782 Y-197.200 Z1.592 F400.000
G1 X-19.955 Y-196.941 Z1.581 F400.000
G1 X-20.117 Y-196.638 Z1.569 F400.000
G1 X-20.236 Y-196.351 Z1.558 F400.000
G1 X-20.336 Y-196.023 Z1.546 F400.000
G1 X-20.396 Y-195.717 Z1.536 F400.000
G1 X-20.437 Y-195.220 Z1.518 F400.000
G1 X-20.435 Y-186.654 Z1.219 F400.000
G1 X-20.406 Y-186.291 Z1.206 F400.000
G1 X-20.337 Y-185.934 Z1.194 F400.000
G1 X-20.230 Y-185.586 Z1.181 F400.000
G1 X-20.125 Y-185.330 Z1.171 F400.000
G1 X-16.238 Y-176.994 Z0.850 F400.000
G1 X-16.215 Y-176.938 Z0.848 F400.000
G1 X-16.210 Y-176.921 Z0.847 F400.000
G1 X-16.207 Y-176.903 Z0.847 F400.000
G1 X-16.204 Y-176.843 Z0.845 F400.000
G1 X-16.204 Y-173.952 Z0.744 F400.000
G1 X-16.215 Y-173.843 Z0.740 F400.000
G1 X-16.224 Y-173.814 Z0.739 F400.000
G1 X-16.238 Y-173.788 Z0.738 F400.000
G1 X-16.257 Y-173.764 Z0.737 F400.000
G1 X-16.281 Y-173.745 Z0.736 F400.000
G1 X-16.307 Y-173.731 Z0.734 F400.000
G1 X-16.336 Y-173.722 Z0.733 F400.000
G1 X-16.445 Y-173.711 Z0.730 F400.000
G1 X-17.850 Y-173.711 Z0.681 F400.000
G1 X-18.057 Y-173.697 Z0.673 F400.000
G1 X-18.316 Y-173.663 Z0.664 F400.000
G1 X-18.716 Y-173.556 Z0.650 F400.000
G1 X-18.958 Y-173.456 Z0.641 F400.000
G1 X-19.316 Y-173.249 Z0.626 F400.000
G1 X-19.524 Y-173.090 Z0.617 F400.000
G1 X-19.817 Y-172.797 Z0.603 F400.000
G1 X-19.975 Y-172.590 Z0.593 F400.000
G1 X-20.183 Y-172.231 Z0.579 F400.000
G1 X-20.283 Y-171.990 Z0.570 F400.000
G1 X-20.390 Y-171.590 Z0.555 F400.000
G1 X-20.424 Y-171.331 Z0.546 F400.000
G1 X-20.437 Y-171.124 Z0.539 F400.000
G1 X-20.435 Y-148.170 Z-0.263 F400.000
G1 X-20.406 Y-147.807 Z-0.275 F400.000
G1 X-20.337 Y-147.450 Z-0.288 F400.000
G1 X-20.230 Y-147.102 Z-0.301 F400.000
G1 X-20.125 Y-146.846 Z-0.310 F400.000
G1 X-17.830 Y-141.924 Z-0.500 F400.000
G1 X-20.125 Y-146.846 Z-0.690 F400.000
G1 X-20.230 Y-147.102 Z-0.699 F400.000
G1 X-20.337 Y-147.450 Z-0.712 F400.000
G1 X-20.406 Y-147.807 Z-0.725 F400.000
G1 X-20.435 Y-148.170 Z-0.737 F400.000
G1 X-20.437 Y-171.124 Z-1.539 F400.000
G1 X-20.424 Y-171.331 Z-1.546 F400.000
G1 X-20.390 Y-171.590 Z-1.555 F400.000
G1 X-20.283 Y-171.990 Z-1.570 F400.000
G1 X-20.183 Y-172.231 Z-1.579 F400.000
G1 X-19.975 Y-172.590 Z-1.593 F400.000
G1 X-19.817 Y-172.797 Z-1.603 F400.000
G1 X-19.524 Y-173.090 Z-1.617 F400.000
G1 X-19.316 Y-173.249 Z-1.626 F400.000
G1 X-18.958 Y-173.456 Z-1.641 F400.000
G1 X-18.716 Y-173.556 Z-1.650 F400.000
G1 X-18.316 Y-173.663 Z-1.664 F400.000
G1 X-18.057 Y-173.697 Z-1.673 F400.000
G1 X-17.850 Y-173.711 Z-1.681 F400.000
G1 X-16.445 Y-173.711 Z-1.730 F400.000
G1 X-16.336 Y-173.722 Z-1.733 F400.000
G1 X-16.307 Y-173.731 Z-1.734 F400.000
G1 X-16.281 Y-173.745 Z-1.736 F400.000
G1 X-16.257 Y-173.764 Z-1.737 F400.000
G1 X-16.238 Y-173.788 Z-1.738 F400.000
G1 X-16.224 Y-173.814 Z-1.739 F400.000
G1 X-16.215 Y-173.843 Z-1.740 F400.000
G1 X-16.204 Y-173.952 Z-1.744 F400.000
G1 X-16.204 Y-176.843 Z-1.845 F400.000
G1 X-16.207 Y-176.903 Z-1.847 F400.000
G1 X-16.210 Y-176.921 Z-1.847 F400.000
G1 X-16.215 Y-176.938 Z-1.848 F400.000
G1 X-16.238 Y-176.994 Z-1.850 F400.000
G1 X-20.125 Y-185.330 Z-2.171 F400.000
G1 X-20.230 Y-185.586 Z-2.181 F400.000
G1 X-20.337 Y-185.934 Z-2.194 F400.000
G1 X-20.406 Y-186.291 Z-2.206 F400.000
G1 X-20.435 Y-186.654 Z-2.219 F400.000
G1 X-20.437 Y-195.220 Z-2.518 F400.000
G1 X-20.396 Y-195.717 Z-2.536 F400.000
G1 X-20.336 Y-196.023 Z-2.546 F400.000
G1 X-20.236 Y-196.351 Z-2.558 F400.000
G1 X-20.117 Y-196.638 Z-2.569 F400.000
G1 X-19.955 Y-196.941 Z-2.581 F400.000
G1 X-19.782 Y-197.200 Z-2.592 F400.000
G1 X-19.565 Y-197.465 Z-2.604 F400.000
G1 X-19.345 Y-197.685 Z-2.615 F400.000
G1 X-19.079 Y-197.903 Z-2.627 F400.000
G1 X-18.821 Y-198.076 Z-2.638 F400.000
G1 X-18.518 Y-198.237 Z-2.650 F400.000
G1 X-18.231 Y-198.356 Z-2.661 F400.000
G1 X-17.902 Y-198.456 Z-2.673 F400.000
G1 X-17.597 Y-198.517 Z-2.684 F400.000
G1 X-17.256 Y-198.550 Z-2.695 F400.000
G1 X-14.330 Y-198.558 Z-2.798 F400.000
G1 X-14.220 Y-198.569 Z-2.802 F400.000
G1 X-14.191 Y-198.577 Z-2.803 F400.000
G1 X-14.164 Y-198.592 Z-2.804 F400.000
G1 X-14.141 Y-198.611 Z-2.805 F400.000
G1 X-14.121 Y-198.634 Z-2.806 F400.000
G1 X-14.107 Y-198.661 Z-2.807 F400.000
G1 X-14.098 Y-198.690 Z-2.808 F400.000
G1 X-14.087 Y-198.798 Z-2.812 F400.000
G1 X-14.088 Y-200.505 Z-2.871 F400.000
G1 X-14.098 Y-200.613 Z-2.875 F400.000
G1 X-14.107 Y-200.642 Z-2.876 F400.000
G1 X-14.121 Y-200.669 Z-2.877 F400.000
G1 X-14.141 Y-200.692 Z-2.878 F400.000
G1 X-14.164 Y-200.712 Z-2.879 F400.000
G1 X-14.191 Y-200.726 Z-2.880 F400.000
G1 X-14.220 Y-200.735 Z-2.881 F400.000
G1 X-14.328 Y-200.745 Z-2.885 F400.000
G1 X-17.100 Y-200.745 Z-2.982 F400.000
G1 X-17.597 Y-200.787 Z-2.999 F400.000
G1 X-17.902 Y-200.847 Z-3.010 F400.000
G1 X-18.231 Y-200.947 Z-3.022 F400.000
G1 X-18.518 Y-201.066 Z-3.033 F400.000
G1 X-18.821 Y-201.228 Z-3.045 F400.000
G1 X-19.079 Y-201.401 Z-3.056 F400.000
G1 X-19.345 Y-201.618 Z-3.068 F400.000
G1 X-19.565 Y-201.838 Z-3.079 F400.000
G1 X-19.782 Y-202.104 Z-3.091 F400.000
G1 X-19.955 Y-202.362 Z-3.102 F400.000
G1 X-20.117 Y-202.665 Z-3.114 F400.000
G1 X-20.236 Y-202.952 Z-3.125 F400.000
G1 X-20.336 Y-203.281 Z-3.137 F400.000
G1 X-20.396 Y-203.586 Z-3.147 F400.000
G1 X-20.430 Y-203.927 Z-3.159 F400.000
G1 X-20.437 Y-228.000 Z-4.000 F400.000
G1 X-20.430 Y-203.927 Z-4.000 F400.000
G1 X-20.396 Y-203.586 Z-4.000 F400.000
G1 X-20.336 Y-203.281 Z-4.000 F400.000
G1 X-20.236 Y-202.952 Z-4.000 F400.000
G1 X-20.117 Y-202.665 Z-4.000 F400.000
G1 X-19.955 Y-202.362 Z-4.000 F400.000
G1 X-19.782 Y-202.104 Z-4.000 F400.000
G1 X-19.565 Y-201.838 Z-4.000 F400.000
G1 X-19.345 Y-201.618 Z-4.000 F400.000
G1 X-19.079 Y-201.401 Z-4.000 F400.000
G1 X-18.821 Y-201.228 Z-4.000 F400.000
G1 X-18.518 Y-201.066 Z-4.000 F400.000
G1 X-18.231 Y-200.947 Z-4.000 F400.000
G1 X-17.902 Y-200.847 Z-4.000 F400.000
G1 X-17.597 Y-200.787 Z-4.000 F400.000
G1 X-17.100 Y-200.745 Z-4.000 F400.000
G1 X-14.328 Y-200.745 Z-4.000 F400.000
G1 X-14.220 Y-200.735 Z-4.000 F400.000
G1 X-14.191 Y-200.726 Z-4.000 F400.000
G1 X-14.164 Y-200.712 Z-4.000 F400.000
G1 X-14.141 Y-200.692 Z-4.000 F400.000
G1 X-14.121 Y-200.669 Z-4.000 F400.000
G1 X-14.107 Y-200.642 Z-4.000 F400.000
G1 X-14.098 Y-200.613 Z-4.000 F400.000
G1 X-14.088 Y-200.505 Z-4.000 F400.000
G1 X-14.087 Y-198.798 Z-4.000 F400.000
G1 X-14.098 Y-198.690 Z-4.000 F400.000
G1 X-14.107 Y-198.661 Z-4.000 F400.000
G1 X-14.121 Y-198.634 Z-4.000 F400.000
G1 X-14.141 Y-198.611 Z-4.000 F400.000
G1 X-14.164 Y-198.592 Z-4.000 F400.000
G1 X-14.191 Y-198.577 Z-4.000 F400.000
G1 X-14.220 Y-198.569 Z-4.000 F400.000
G1 X-14.330 Y-198.558 Z-4.000 F400.000
G1 X-17.256 Y-198.550 Z-4.000 F400.000
G1 X-17.597 Y-198.517 Z-4.000 F400.000
G1 X-17.902 Y-198.456 Z-4.000 F400.000
G1 X-18.231 Y-198.356 Z-4.000 F400.000
G1 X-18.518 Y-198.237 Z-4.000 F400.000
G1 X-18.821 Y-198.076 Z-4.000 F400.000
G1 X-19.079 Y-197.903 Z-4.000 F400.000
G1 X-19.345 Y-197.685 Z-4.000 F400.000
G1 X-19.565 Y-197.465 Z-4.000 F400.000
G1 X-19.782 Y-197.200 Z-4.000 F400.000
G1 X-19.955 Y-196.941 Z-4.000 F400.000
G1 X-20.117 Y-196.638 Z-4.000 F400.000
G1 X-20.236 Y-196.351 Z-4.000 F400.000
G1 X-20.336 Y-196.023 Z-4.000 F400.000
G1 X-20.396 Y-195.717 Z-4.000 F400.000
G1 X-20.437 Y-195.220 Z-4.000 F400.000
G1 X-20.435 Y-186.654 Z-4.000 F400.000
G1 X-20.406 Y-186.291 Z-4.000 F400.000
G1 X-20.337 Y-185.934 Z-4.000 F400.000
G1 X-20.230 Y-185.586 Z-4.000 F400.000
G1 X-20.125 Y-185.330 Z-4.000 F400.000
G1 X-16.238 Y-176.994 Z-4.000 F400.000
G1 X-16.215 Y-176.938 Z-4.000 F400.000
G1 X-16.210 Y-176.921 Z-4.000 F400.000
G1 X-16.207 Y-176.903 Z-4.000 F400.000
G1 X-16.204 Y-176.843 Z-4.000 F400.000
G1 X-16.204 Y-173.952 Z-4.000 F400.000
G1 X-16.215 Y-173.843 Z-4.000 F400.000
G1 X-16.224 Y-173.814 Z-4.000 F400.000
G1 X-16.238 Y-173.788 Z-4.000 F400.000
G1 X-16.257 Y-173.764 Z-4.000 F400.000
G1 X-16.281 Y-173.745 Z-4.000 F400.000
G1 X-16.307 Y-173.731 Z-4.000 F400.000
G1 X-16.336 Y-173.722 Z-4.000 F400.000
G1 X-16.445 Y-173.711 Z-4.000 F400.000
G1 X-17.850 Y-173.711 Z-4.000 F400.000
G1 X-18.057 Y-173.697 Z-4.000 F400.000
G1 X-18.316 Y-173.663 Z-4.000 F400.000
G1 X-18.716 Y-173.556 Z-4.000 F400.000
G1 X-18.958 Y-173.456 Z-4.000 F400.000
G1 X-19.316 Y-173.249 Z-4.000 F400.000
G1 X-19.524 Y-173.090 Z-4.000 F400.000
G1 X-19.817 Y-172.797 Z-4.000 F400.000
G1 X-19.975 Y-172.590 Z-4.000 F400.000
G1 X-20.183 Y-172.231 Z-4.000 F400.000
G1 X-20.283 Y-171.990 Z-4.000 F400.000
G1 X-20.390 Y-171.590 Z-4.000 F400.000
G1 X-20.424 Y-171.331 Z-4.000 F400.000
G1 X-20.437 Y-171.124 Z-4.000 F400.000
G1 X-20.435 Y-148.170 Z-4.000 F400.000
G1 X-20.406 Y-147.807 Z-4.000 F400.000
G1 X-20.337 Y-147.450 Z-4.000 F400.000
G1 X-20.230 Y-147.102 Z-4.000 F400.000
G1 X-20.125 Y-146.846 Z-4.000 F400.000
G1 X-16.238 Y-138.510 Z-4.000 F400.000
G1 X-16.215 Y-138.454 Z-4.000 F400.000
G1 X-16.210 Y-138.437 Z-4.000 F400.000
G1 X-16.207 Y-138.419 Z-4.000 F400.000
G1 X-16.204 Y-138.359 Z-4.000 F400.000
G1 X-16.204 Y-135.468 Z-4.000 F400.000
G1 X-16.215 Y-135.359 Z-4.000 F400.000
G1 X-16.224 Y-135.330 Z-4.000 F400.000
G1 X-16.238 Y-135.304 Z-4.000 F400.000
G1 X-16.257 Y-135.280 Z-4.000 F400.000
G1 X-16.281 Y-135.261 Z-4.000 F400.000
G1 X-16.307 Y-135.247 Z-4.000 F400.000
G1 X-16.336 Y-135.238 Z-4.000 F400.000
G1 X-16.445 Y-135.227 Z-4.000 F400.000
G1 X-17.850 Y-135.227 Z-4.000 F400.000
G1 X-18.057 Y-135.213 Z-4.000 F400.000
G1 X-18.316 Y-135.179 Z-4.000 F400.000
G1 X-18.716 Y-135.072 Z-4.000 F400.000
G1 X-18.958 Y-134.972 Z-4.000 F400.000
G1 X-19.316 Y-134.765 Z-4.000 F400.000
G1 X-19.524 Y-134.606 Z-4.000 F400.000
G1 X-19.817 Y-134.313 Z-4.000 F400.000
G1 X-19.975 Y-134.106 Z-4.000 F400.000
G1 X-20.183 Y-133.747 Z-4.000 F400.000
G1 X-20.283 Y-133.506 Z-4.000 F400.000
G1 X-20.390 Y-133.106 Z-4.000 F400.000
G1 X-20.424 Y-132.847 Z-4.000 F400.000
G1 X-20.437 Y-132.640 Z-4.000 F400.000
G1 X-20.435 Y-109.686 Z-4.000 F400.000
G1 X-20.406 Y-109.323 Z-4.000 F400.000
G1 X-20.337 Y-108.966 Z-4.000 F400.000
G1 X-20.230 Y-108.618 Z-4.000 F400.000
G1 X-20.125 Y-108.362 Z-4.000 F400.000
G1 X-16.238 Y-100.026 Z-4.000 F400.000
G1 X-16.215 Y-99.969 Z-4.000 F400.000
G1 X-16.210 Y-99.953 Z-4.000 F400.000
G1 X-16.207 Y-99.935 Z-4.000 F400.000
G1 X-16.204 Y-99.875 Z-4.000 F400.000
G1 X-16.204 Y-96.984 Z-4.000 F400.000
G1 X-16.215 Y-96.875 Z-4.000 F400.000
G1 X-16.224 Y-96.846 Z-4.000 F400.000
G1 X-16.238 Y-96.820 Z-4.000 F400.000
G1 X-16.257 Y-96.796 Z-4.000 F400.000
G1 X-16.281 Y-96.777 Z-4.000 F400.000
G1 X-16.307 Y-96.762 Z-4.000 F400.000
G1 X-16.336 Y-96.754 Z-4.000 F400.000
G1 X-16.445 Y-96.743 Z-4.000 F400.000
G1 X-17.850 Y-96.743 Z-4.000 F400.000
G1 X-18.057 Y-96.729 Z-4.000 F400.000
G1 X-18.316 Y-96.695 Z-4.000 F400.000
G1 X-18.716 Y-96.588 Z-4.000 F400.000
G1 X-18.958 Y-96.488 Z-4.000 F400.000
G1 X-19.316 Y-96.281 Z-4.000 F400.000
G1 X-19.524 Y-96.122 Z-4.000 F400.000
G1 X-19.817 Y-95.829 Z-4.000 F400.000
G1 X-19.975 Y-95.622 Z-4.000 F400.000
G1 X-20.183 Y-95.263 Z-4.000 F400.000
G1 X-20.283 Y-95.022 Z-4.000 F400.000
G1 X-20.390 Y-94.622 Z-4.000 F400.000
G1 X-20.424 Y-94.363 Z-4.000 F400.000
G1 X-20.437 Y-94.156 Z-4.000 F400.000
G1 X-20.435 Y-71.202 Z-4.000 F400.000
G1 X-20.406 Y-70.839 Z-4.000 F400.000
G1 X-20.337 Y-70.482 Z-4.000 F400.000
G1 X-20.230 Y-70.134 Z-4.000 F400.000
G1 X-20.125 Y-69.878 Z-4.000 F400.000
G1 X-16.238 Y-61.542 Z-4.000 F400.000
G1 X-16.215 Y-61.485 Z-4.000 F400.000
G1 X-16.210 Y-61.469 Z-4.000 F400.000
G1 X-16.207 Y-61.451 Z-4.000 F400.000
G1 X-16.204 Y-61.391 Z-4.000 F400.000
G1 X-16.204 Y-58.500 Z-4.000 F400.000
G1 X-16.215 Y-58.391 Z-4.000 F400.000
G1 X-16.224 Y-58.362 Z-4.000 F400.000
G1 X-16.238 Y-58.336 Z-4.000 F400.000
G1 X-16.257 Y-58.312 Z-4.000 F400.000
G1 X-16.281 Y-58.293 Z-4.000 F400.000
G1 X-16.307 Y-58.278 Z-4.000 F400.000
G1 X-16.336 Y-58.270 Z-4.000 F400.000
G1 X-16.445 Y-58.259 Z-4.000 F400.000
G1 X-17.850 Y-58.259 Z-4.000 F400.000
G1 X-18.057 Y-58.245 Z-4.000 F400.000
G1 X-18.316 Y-58.211 Z-4.000 F400.000
G1 X-18.716 Y-58.104 Z-4.000 F400.000
G1 X-18.958 Y-58.004 Z-4.000 F400.000
G1 X-19.316 Y-57.797 Z-4.000 F400.000
G1 X-19.524 Y-57.638 Z-4.000 F400.000
G1 X-19.817 Y-57.345 Z-4.000 F400.000
G1 X-19.975 Y-57.138 Z-4.000 F400.000
G1 X-20.183 Y-56.779 Z-4.000 F400.000
G1 X-20.283 Y-56.538 Z-4.000 F400.000
G1 X-20.390 Y-56.138 Z-4.000 F400.000
G1 X-20.424 Y-55.879 Z-4.000 F400.000
G1 X-20.437 Y-55.672 Z-4.000 F400.000
G1 X-20.435 Y-32.718 Z-4.000 F400.000
G1 X-20.406 Y-32.355 Z-4.000 F400.000
G1 X-20.337 Y-31.998 Z-4.000 F400.000
G1 X-20.230 Y-31.650 Z-4.000 F400.000
G1 X-20.125 Y-31.394 Z-4.000 F400.000
G1 X-16.238 Y-23.058 Z-4.000 F400.000
G1 X-16.215 Y-23.001 Z-4.000 F400.000
G1 X-16.210 Y-22.985 Z-4.000 F400.000
G1 X-16.207 Y-22.967 Z-4.000 F400.000
G1 X-16.204 Y-22.907 Z-4.000 F400.000
G1 X-16.204 Y-20.015 Z-4.000 F400.000
G1 X-16.215 Y-19.907 Z-4.000 F400.000
G1 X-16.224 Y-19.878 Z-4.000 F400.000
G1 X-16.238 Y-19.851 Z-4.000 F400.000
G1 X-16.257 Y-19.828 Z-4.000 F400.000
G1 X-16.281 Y-19.809 Z-4.000 F400.000
G1 X-16.307 Y-19.794 Z-4.000 F400.000
G1 X-16.336 Y-19.786 Z-4.000 F400.000
G1 X-16.445 Y-19.775 Z-4.000 F400.000
G1 X-17.850 Y-19.775 Z-4.000 F400.000
G1 X-18.057 Y-19.761 Z-4.000 F400.000
G1 X-18.316 Y-19.727 Z-4.000 F400.000
G1 X-18.716 Y-19.620 Z-4.000 F400.000
G1 X-18.958 Y-19.520 Z-4.000 F400.000
G1 X-19.316 Y-19.313 Z-4.000 F400.000
G1 X-19.524 Y-19.154 Z-4.000 F400.000
G1 X-19.817 Y-18.861 Z-4.000 F400.000
G1 X-19.975 Y-18.654 Z-4.000 F400.000
G1 X-20.183 Y-18.295 Z-4.000 F400.000
G1 X-20.283 Y-18.054 Z-4.000 F400.000
G1 X-20.390 Y-17.654 Z-4.000 F400.000
G1 X-20.424 Y-17.395 Z-4.000 F400.000
G1 X-20.437 Y-17.188 Z-4.000 F400.000
G1 X-20.437 Y-3.000 Z-4.000 F400.000
G0 X-20.437 Y-3.000 Z5.000
G0 X-20.437 Y-228.000 Z5.000
G0 X-20.437 Y-228.000 Z3.000
G1 X-20.430 Y-203.927 Z2.159 F400.000
G1 X-20.396 Y-203.586 Z2.147 F400.000
G1 X-20.336 Y-203.281 Z2.137 F400.000
G1 X-20.236 Y-202.952 Z2.125 F400.000
G1 X-20.117 Y-202.665 Z2.114 F400.000
G1 X-19.955 Y-202.362 Z2.102 F400.000
G1 X-19.782 Y-202.104 Z2.091 F400.000
G1 X-19.565 Y-201.838 Z2.079 F400.000
G1 X-19.345 Y-201.618 Z2.068 F400.000
G1 X-19.079 Y-201.401 Z2.056 F400.000
G1 X-18.821 Y-201.228 Z2.045 F400.000
G1 X-18.518 Y-201.066 Z2.033 F400.000
G1 X-18.231 Y-200.947 Z2.022 F400.000
G1 X-17.902 Y-200.847 Z2.010 F400.000
G1 X-17.597 Y-200.787 Z1.999 F400.000
G1 X-17.100 Y-200.745 Z1.982 F400.000
G1 X-14.328 Y-200.745 Z1.885 F400.000
G1 X-14.220 Y-200.735 Z1.881 F400.000
G1 X-14.191 Y-200.726 Z1.880 F400.000
G1 X-14.164 Y-200.712 Z1.879 F400.000
G1 X-14.141 Y-200.692 Z1.878 F400.000
G1 X-14.121 Y-200.669 Z1.877 F400.000
G1 X-14.107 Y-200.642 Z1.876 F400.000
G1 X-14.098 Y-200.613 Z1.875 F400.000
G1 X-14.088 Y-200.505 Z1.871 F400.000
G1 X-14.087 Y-198.798 Z1.812 F400.000
G1 X-14.098 Y-198.690 Z1.808 F400.000
G1 X-14.107 Y-198.661 Z1.807 F400.000
G1 X-14.121 Y-198.634 Z1.806 F400.000
G1 X-14.141 Y-198.611 Z1.805 F400.000
G1 X-14.164 Y-198.592 Z1.804 F400.000
G1 X-14.191 Y-198.577 Z1.803 F400.000
G1 X-14.220 Y-198.569 Z1.802 F400.000
G1 X-14.330 Y-198.558 Z1.798 F400.000
G1 X-17.256 Y-198.550 Z1.695 F400.000
G1 X-17.597 Y-198.517 Z1.684 F400.000
G1 X-17.902 Y-198.456 Z1.673 F400.000
G1 X-18.231 Y-198.356 Z1.661 F400.000
G1 X-18.518 Y-198.237 Z1.650 F400.000
G1 X-18.821 Y-198.076 Z1.638 F400.000
G1 X-19.079 Y-197.903 Z1.627 F400.000
G1 X-19.345 Y-197.685 Z1.615 F400.000
G1 X-19.565 Y-197.465 Z1.604 F400.000
G1 X-19.782 Y-197.200 Z1.592 F400.000
G1 X-19.955 Y-196.941 Z1.581 F400.000
G1 X-20.117 Y-196.638 Z1.569 F400.000
G1 X-20.236 Y-196.351 Z1.558 F400.000
G1 X-20.336 Y-196.023 Z1.546 F400.000
G1 X-20.396 Y-195.717 Z1.536 F400.000
G1 X-20.437 Y-195.220 Z1.518 F400.000
G1 X-20.435 Y-186.654 Z1.219 F400.000
G1 X-20.406 Y-186.291 Z1.206 F400.000
G1 X-20.337 Y-185.934 Z1.194 F400.000
G1 X-20.230 Y-185.586 Z1.181 F400.000
G1 X-20.125 Y-185.330 Z1.171 F400.000
G1 X-16.238 Y-176.994 Z0.850 F400.000
G1 X-16.215 Y-176.938 Z0.848 F400.000
G1 X-16.210 Y-176.921 Z0.847 F400.000
G1 X-16.207 Y-176.903 Z0.847 F400.000
G1 X-16.204 Y-176.843 Z0.845 F400.000
G1 X-16.204 Y-173.952 Z0.744 F400.000
G1 X-16.215 Y-173.843 Z0.740 F400.000
G1 X-16.224 Y-173.814 Z0.739 F400.000
G1 X-16.238 Y-173.788 Z0.738 F400.000
G1 X-16.257 Y-173.764 Z0.737 F400.000
G1 X-16.281 Y-173.745 Z0.736 F400.000
G1 X-16.307 Y-173.731 Z0.734 F400.000
G1 X-16.336 Y-173.722 Z0.733 F400.000
G1 X-16.445 Y-173.711 Z0.730 F400.000
G1 X-17.850 Y-173.711 Z0.681 F400.000
G1 X-18.057 Y-173.697 Z0.673 F400.000
G1 X-18.316 Y-173.663 Z0.664 F400.000
G1 X-18.716 Y-173.556 Z0.650 F400.000
G1 X-18.958 Y-173.456 Z0.641 F400.000
G1 X-19.316 Y-173.249 Z0.626 F400.000
G1 X-19.524 Y-173.090 Z0.617 F400.000
G1 X-19.817 Y-172.797 Z0.603 F400.000
G1 X-19.975 Y-172.590 Z0.593 F400.000
G1 X-20.183 Y-172.231 Z0.579 F400.000
G1 X-20.283 Y-171.990 Z0.570 F400.000
G1 X-20.390 Y-171.590 Z0.555 F400.000
G1 X-20.424 Y-171.331 Z0.546 F400.000
G1 X-20.437 Y-171.124 Z0.539 F400.000
G1 X-20.435 Y-148.170 Z-0.263 F400.000
G1 X-20.406 Y-147.807 Z-0.275 F400.000
G1 X-20.337 Y-147.450 Z-0.288 F400.000
G1 X-20.230 Y-147.102 Z-0.301 F400.000
G1 X-20.125 Y-146.846 Z-0.310 F400.000
G1 X-16.620 Y-139.329 Z-0.600 F400.000
G1 X-20.125 Y-146.846 Z-0.890 F400.000
G1 X-20.230 Y-147.102 Z-0.899 F400.000
G1 X-20.337 Y-147.450 Z-0.912 F400.000
G1 X-20.406 Y-147.807 Z-0.925 F400.000
G1 X-20.435 Y-148.170 Z-0.937 F400.000
G1 X-20.437 Y-171.124 Z-1.739 F400.000
G1 X-20.424 Y-171.331 Z-1.746 F400.000
G1 X-20.390 Y-171.590 Z-1.755 F400.000
G1 X-20.283 Y-171.990 Z-1.770 F400.000
G1 X-20.183 Y-172.231 Z-1.779 F400.000
G1 X-19.975 Y-172.590 Z-1.793 F400.000
G1 X-19.817 Y-172.797 Z-1.803 F400.000
G1 X-19.524 Y-173.090 Z-1.817 F400.000
G1 X-19.316 Y-173.249 Z-1.826 F400.000
G1 X-18.958 Y-173.456 Z-1.841 F400.000
G1 X-18.716 Y-173.556 Z-1.850 F400.000
G1 X-18.316 Y-173.663 Z-1.864 F400.000
G1 X-18.057 Y-173.697 Z-1.873 F400.000
G1 X-17.850 Y-173.711 Z-1.881 F400.000
G1 X-16.445 Y-173.711 Z-1.930 F400.000
G1 X-16.336 Y-173.722 Z-1.933 F400.000
G1 X-16.307 Y-173.731 Z-1.934 F400.000
G1 X-16.281 Y-173.745 Z-1.936 F400.000
G1 X-16.257 Y-173.764 Z-1.937 F400.000
G1 X-16.238 Y-173.788 Z-1.938 F400.000
G1 X-16.224 Y-173.814 Z-1.939 F400.000
G1 X-16.215 Y-173.843 Z-1.940 F400.000
G1 X-16.204 Y-173.952 Z-1.944 F400.000
G1 X-16.204 Y-176.843 Z-2.045 F400.000
G1 X-16.207 Y-176.903 Z-2.047 F400.000
G1 X-16.210 Y-176.921 Z-2.047 F400.000
G1 X-16.215 Y-176.938 Z-2.048 F400.000
G1 X-16.238 Y-176.994 Z-2.050 F400.000
G1 X-20.125 Y-185.330 Z-2.371 F400.000
G1 X-20.230 Y-185.586 Z-2.381 F400.000
G1 X-20.337 Y-185.934 Z-2.394 F400.000
G1 X-20.406 Y-186.291 Z-2.406 F400.000
G1 X-20.435 Y-186.654 Z-2.419 F400.000
G1 X-20.437 Y-195.220 Z-2.718 F400.000
G1 X-20.396 Y-195.717 Z-2.736 F400.000
G1 X-20.336 Y-196.023 Z-2.746 F400.000
G1 X-20.236 Y-196.351 Z-2.758 F400.000
G1 X-20.117 Y-196.638 Z-2.769 F400.000
G1 X-19.955 Y-196.941 Z-2.781 F400.000
G1 X-19.782 Y-197.200 Z-2.792 F400.000
G1 X-19.565 Y-197.465 Z-2.804 F400.000
G1 X-19.345 Y-197.685 Z-2.815 F400.000
G1 X-19.079 Y-197.903 Z-2.827 F400.000
G1 X-18.821 Y-198.076 Z-2.838 F400.000
G1 X-18.518 Y-198.237 Z-2.850 F400.000
G1 X-18.231 Y-198.356 Z-2.861 F400.000
G1 X-17.902 Y-198.456 Z-2.873 F400.000
G1 X-17.597 Y-198.517 Z-2.884 F400.000
G1 X-17.256 Y-198.550 Z-2.895 F400.000
G1 X-14.330 Y-198.558 Z-2.998 F400.000
G1 X-14.220 Y-198.569 Z-3.002 F400.000
G1 X-14.191 Y-198.577 Z-3.003 F400.000
G1 X-14.164 Y-198.592 Z-3.004 F400.000
G1 X-14.141 Y-198.611 Z-3.005 F400.000
G1 X-14.121 Y-198.634 Z-3.006 F400.000
G1 X-14.107 Y-198.661 Z-3.007 F400.000
G1 X-14.098 Y-198.690 Z-3.008 F400.000
G1 X-14.087 Y-198.798 Z-3.012 F400.000
G1 X-14.088 Y-200.505 Z-3.071 F400.000
G1 X-14.098 Y-200.613 Z-3.075 F400.000
G1 X-14.107 Y-200.642 Z-3.076 F400.000
G1 X-14.121 Y-200.669 Z-3.077 F400.000
G1 X-14.141 Y-200.692 Z-3.078 F400.000
G1 X-14.164 Y-200.712 Z-3.079 F400.000
G1 X-14.191 Y-200.726 Z-3.080 F400.000
G1 X-14.220 Y-200.735 Z-3.081 F400.000
G1 X-14.328 Y-200.745 Z-3.085 F400.000
G1 X-17.100 Y-200.745 Z-3.182 F400.000
G1 X-17.597 Y-200.787 Z-3.199 F400.000
G1 X-17.902 Y-200.847 Z-3.210 F400.000
G1 X-18.231 Y-200.947 Z-3.222 F400.000
G1 X-18.518 Y-201.066 Z-3.233 F400.000
G1 X-18.821 Y-201.228 Z-3.245 F400.000
G1 X-19.079 Y-201.401 Z-3.256 F400.000
G1 X-19.345 Y-201.618 Z-3.268 F400.000
G1 X-19.565 Y-201.838 Z-3.279 F400.000
G1 X-19.782 Y-202.104 Z-3.291 F400.000
G1 X-19.955 Y-202.362 Z-3.302 F400.000
G1 X-20.117 Y-202.665 Z-3.314 F400.000
G1 X-20.236 Y-202.952 Z-3.325 F400.000
G1 X-20.336 Y-203.281 Z-3.337 F400.000
G1 X-20.396 Y-203.586 Z-3.347 F400.000
G1 X-20.430 Y-203.927 Z-3.359 F400.000
G1 X-20.437 Y-228.000 Z-4.200 F400.000
G1 X-20.430 Y-203.927 Z-4.200 F400.000
G1 X-20.396 Y-203.586 Z-4.200 F400.000
G1 X-20.336 Y-203.281 Z-4.200 F400.000
G1 X-20.236 Y-202.952 Z-4.200 F400.000
G1 X-20.117 Y-202.665 Z-4.200 F400.000
G1 X-19.955 Y-202.362 Z-4.200 F400.000
G1 X-19.782 Y-202.104 Z-4.200 F400.000
G1 X-19.565 Y-201.838 Z-4.200 F400.000
G1 X-19.345 Y-201.618 Z-4.200 F400.000
G1 X-19.079 Y-201.401 Z-4.200 F400.000
G1 X-18.821 Y-201.228 Z-4.200 F400.000
G1 X-18.518 Y-201.066 Z-4.200 F400.000
G1 X-18.231 Y-200.947 Z-4.200 F400.000
G1 X-17.902 Y-200.847 Z-4.200 F400.000
G1 X-17.597 Y-200.787 Z-4.200 F400.000
G1 X-17.100 Y-200.745 Z-4.200 F400.000
G1 X-14.328 Y-200.745 Z-4.200 F400.000
G1 X-14.220 Y-200.735 Z-4.200 F400.000
G1 X-14.191 Y-200.726 Z-4.200 F400.000
G1 X-14.164 Y-200.712 Z-4.200 F400.000
G1 X-14.141 Y-200.692 Z-4.200 F400.000
G1 X-14.121 Y-200.669 Z-4.200 F400.000
G1 X-14.107 Y-200.642 Z-4.200 F400.000
G1 X-14.098 Y-200.613 Z-4.200 F400.000
G1 X-14.088 Y-200.505 Z-4.200 F400.000
G1 X-14.087 Y-198.798 Z-4.200 F400.000
G1 X-14.098 Y-198.690 Z-4.200 F400.000
G1 X-14.107 Y-198.661 Z-4.200 F400.000
G1 X-14.121 Y-198.634 Z-4.200 F400.000
G1 X-14.141 Y-198.611 Z-4.200 F400.000
G1 X-14.164 Y-198.592 Z-4.200 F400.000
G1 X-14.191 Y-198.577 Z-4.200 F400.000
G1 X-14.220 Y-198.569 Z-4.200 F400.000
G1 X-14.330 Y-198.558 Z-4.200 F400.000
G1 X-17.256 Y-198.550 Z-4.200 F400.000
G1 X-17.597 Y-198.517 Z-4.200 F400.000
G1 X-17.902 Y-198.456 Z-4.200 F400.000
G1 X-18.231 Y-198.356 Z-4.200 F400.000
G1 X-18.518 Y-198.237 Z-4.200 F400.000
G1 X-18.821 Y-198.076 Z-4.200 F400.000
G1 X-19.079 Y-197.903 Z-4.200 F400.000
G1 X-19.345 Y-197.685 Z-4.200 F400.000
G1 X-19.565 Y-197.465 Z-4.200 F400.000
G1 X-19.782 Y-197.200 Z-4.200 F400.000
G1 X-19.955 Y-196.941 Z-4.200 F400.000
G1 X-20.117 Y-196.638 Z-4.200 F400.000
G1 X-20.236 Y-196.351 Z-4.200 F400.000
G1 X-20.336 Y-196.023 Z-4.200 F400.000
G1 X-20.396 Y-195.717 Z-4.200 F400.000
G1 X-20.437 Y-195.220 Z-4.200 F400.000
G1 X-20.435 Y-186.654 Z-4.200 F400.000
G1 X-20.406 Y-186.291 Z-4.200 F400.000
G1 X-20.337 Y-185.934 Z-4.200 F400.000
G1 X-20.230 Y-185.586 Z-4.200 F400.000
G1 X-20.125 Y-185.330 Z-4.200 F400.000
G1 X-16.238 Y-176.994 Z-4.200 F400.000
G1 X-16.215 Y-176.938 Z-4.200 F400.000
G1 X-16.210 Y-176.921 Z-4.200 F400.000
G1 X-16.207 Y-176.903 Z-4.200 F400.000
G1 X-16.204 Y-176.843 Z-4.200 F400.000
G1 X-16.204 Y-173.952 Z-4.200 F400.000
G1 X-16.215 Y-173.843 Z-4.200 F400.000
G1 X-16.224 Y-173.814 Z-4.200 F400.000
G1 X-16.238 Y-173.788 Z-4.200 F400.000
G1 X-16.257 Y-173.764 Z-4.200 F400.000
G1 X-16.281 Y-173.745 Z-4.200 F400.000
G1 X-16.307 Y-173.731 Z-4.200 F400.000
G1 X-16.336 Y-173.722 Z-4.200 F400.000
G1 X-16.445 Y-173.711 Z-4.200 F400.000
G1 X-17.850 Y-173.711 Z-4.200 F400.000
G1 X-18.057 Y-173.697 Z-4.200 F400.000
G1 X-18.316 Y-173.663 Z-4.200 F400.000
G1 X-18.716 Y-173.556 Z-4.200 F400.000
G1 X-18.958 Y-173.456 Z-4.200 F400.000
G1 X-19.316 Y-173.249 Z-4.200 F400.000
G1 X-19.524 Y-173.090 Z-4.200 F400.000
G1 X-19.817 Y-172.797 Z-4.200 F400.000
G1 X-19.975 Y-172.590 Z-4.200 F400.000
G1 X-20.183 Y-172.231 Z-4.200 F400.000
G1 X-20.283 Y-171.990 Z-4.200 F400.000
G1 X-20.390 Y-171.590 Z-4.200 F400.000
G1 X-20.424 Y-171.331 Z-4.200 F400.000
G1 X-20.437 Y-171.124 Z-4.200 F400.000
G1 X-20.435 Y-148.170 Z-4.200 F400.000
G1 X-20.406 Y-147.807 Z-4.200 F400.000
G1 X-20.337 Y-147.450 Z-4.200 F400.000
G1 X-20.230 Y-147.102 Z-4.200 F400.000
G1 X-20.125 Y-146.846 Z-4.200 F400.000
G1 X-16.238 Y-138.510 Z-4.200 F400.000
G1 X-16.215 Y-138.454 Z-4.200 F400.000
G1 X-16.210 Y-138.437 Z-4.200 F400.000
G1 X-16.207 Y-138.419 Z-4.200 F400.000
G1 X-16.204 Y-138.359 Z-4.200 F400.000
G1 X-16.204 Y-135.468 Z-4.200 F400.000
G1 X-16.215 Y-135.359 Z-4.200 F400.000
G1 X-16.224 Y-135.330 Z-4.200 F400.000
G1 X-16.238 Y-135.304 Z-4.200 F400.000
G1 X-16.257 Y-135.280 Z-4.200 F400.000
G1 X-16.281 Y-135.261 Z-4.200 F400.000
G1 X-16.307 Y-135.247 Z-4.200 F400.000
G1 X-16.336 Y-135.238 Z-4.200 F400.000
G1 X-16.445 Y-135.227 Z-4.200 F400.000
G1 X-17.850 Y-135.227 Z-4.200 F400.000
G1 X-18.057 Y-135.213 Z-4.200 F400.000
G1 X-18.316 Y-135.179 Z-4.200 F400.000
G1 X-18.716 Y-135.072 Z-4.200 F400.000
G1 X-18.958 Y-134.972 Z-4.200 F400.000
G1 X-19.316 Y-134.765 Z-4.200 F400.000
G1 X-19.524 Y-134.606 Z-4.200 F400.000
G1 X-19.817 Y-134.313 Z-4.200 F400.000
G1 X-19.975 Y-134.106 Z-4.200 F400.000
G1 X-20.183 Y-133.747 Z-4.200 F400.000
G1 X-20.283 Y-133.506 Z-4.200 F400.000
G1 X-20.390 Y-133.106 Z-4.200 F400.000
G1 X-20.424 Y-132.847 Z-4.200 F400.000
G1 X-20.437 Y-132.640 Z-4.200 F400.000
G1 X-20.435 Y-109.686 Z-4.200 F400.000
G1 X-20.406 Y-109.323 Z-4.200 F400.000
G1 X-20.337 Y-108.966 Z-4.200 F400.000
G1 X-20.230 Y-108.618 Z-4.200 F400.000
G1 X-20.125 Y-108.362 Z-4.200 F400.000
G1 X-16.238 Y-100.026 Z-4.200 F400.000
G1 X-16.215 Y-99.969 Z-4.200 F400.000
G1 X-16.210 Y-99.953 Z-4.200 F400.000
G1 X-16.207 Y-99.935 Z-4.200 F400.000
G1 X-16.204 Y-99.875 Z-4.200 F400.000
G1 X-16.204 Y-96.984 Z-4.200 F400.000
G1 X-16.215 Y-96.875 Z-4.200 F400.000
G1 X-16.224 Y-96.846 Z-4.200 F400.000
G1 X-16.238 Y-96.820 Z-4.200 F400.000
G1 X-16.257 Y-96.796 Z-4.200 F400.000
G1 X-16.281 Y-96.777 Z-4.200 F400.000
G1 X-16.307 Y-96.762 Z-4.200 F400.000
G1 X-16.336 Y-96.754 Z-4.200 F400.000
G1 X-16.445 Y-96.743 Z-4.200 F400.000
G1 X-17.850 Y-96.743 Z-4.200 F400.000
G1 X-18.057 Y-96.729 Z-4.200 F400.000
G1 X-18.316 Y-96.695 Z-4.200 F400.000
G1 X-18.716 Y-96.588 Z-4.200 F400.000
G1 X-18.958 Y-96.488 Z-4.200 F400.000
G1 X-19.316 Y-96.281 Z-4.200 F400.000
G1 X-19.524 Y-96.122 Z-4.200 F400.000
G1 X-19.817 Y-95.829 Z-4.200 F400.000
G1 X-19.975 Y-95.622 Z-4.200 F400.000
G1 X-20.183 Y-95.263 Z-4.200 F400.000
G1 X-20.283 Y-95.022 Z-4.200 F400.000
G1 X-20.390 Y-94.622 Z-4.200 F400.000
G1 X-20.424 Y-94.363 Z-4.200 F400.000
G1 X-20.437 Y-94.156 Z-4.200 F400.000
G1 X-20.435 Y-71.202 Z-4.200 F400.000
G1 X-20.406 Y-70.839 Z-4.200 F400.000
G1 X-20.337 Y-70.482 Z-4.200 F400.000
G1 X-20.230 Y-70.134 Z-4.200 F400.000
G1 X-20.125 Y-69.878 Z-4.200 F400.000
G1 X-16.238 Y-61.542 Z-4.200 F400.000
G1 X-16.215 Y-61.485 Z-4.200 F400.000
G1 X-16.210 Y-61.469 Z-4.200 F400.000
G1 X-16.207 Y-61.451 Z-4.200 F400.000
G1 X-16.204 Y-61.391 Z-4.200 F400.000
G1 X-16.204 Y-58.500 Z-4.200 F400.000
G1 X-16.215 Y-58.391 Z-4.200 F400.000
G1 X-16.224 Y-58.362 Z-4.200 F400.000
G1 X-16.238 Y-58.336 Z-4.200 F400.000
G1 X-16.257 Y-58.312 Z-4.200 F400.000
G1 X-16.281 Y-58.293 Z-4.200 F400.000
G1 X-16.307 Y-58.278 Z-4.200 F400.000
G1 X-16.336 Y-58.270 Z-4.200 F400.000
G1 X-16.445 Y-58.259 Z-4.200 F400.000
G1 X-17.850 Y-58.259 Z-4.200 F400.000
G1 X-18.057 Y-58.245 Z-4.200 F400.000
G1 X-18.316 Y-58.211 Z-4.200 F400.000
G1 X-18.716 Y-58.104 Z-4.200 F400.000
G1 X-18.958 Y-58.004 Z-4.200 F400.000
G1 X-19.316 Y-57.797 Z-4.200 F400.000
G1 X-19.524 Y-57.638 Z-4.200 F400.000
G1 X-19.817 Y-57.345 Z-4.200 F400.000
G1 X-19.975 Y-57.138 Z-4.200 F400.000
G1 X-20.183 Y-56.779 Z-4.200 F400.000
G1 X-20.283 Y-56.538 Z-4.200 F400.000
G1 X-20.390 Y-56.138 Z-4.200 F400.000
G1 X-20.424 Y-55.879 Z-4.200 F400.000
G1 X-20.437 Y-55.672 Z-4.200 F400.000
G1 X-20.435 Y-32.718 Z-4.200 F400.000
G1 X-20.406 Y-32.355 Z-4.200 F400.000
G1 X-20.337 Y-31.998 Z-4.200 F400.000
G1 X-20.230 Y-31.650 Z-4.200 F400.000
G1 X-20.125 Y-31.394 Z-4.200 F400.000
G1 X-16.238 Y-23.058 Z-4.200 F400.000
G1 X-16.215 Y-23.001 Z-4.200 F400.000
G1 X-16.210 Y-22.985 Z-4.200 F400.000
G1 X-16.207 Y-22.967 Z-4.200 F400.000
G1 X-16.204 Y-22.907 Z-4.200 F400.000
G1 X-16.204 Y-20.015 Z-4.200 F400.000
G1 X-16.215 Y-19.907 Z-4.200 F400.000
G1 X-16.224 Y-19.878 Z-4.200 F400.000
G1 X-16.238 Y-19.851 Z-4.200 F400.000
G1 X-16.257 Y-19.828 Z-4.200 F400.000
G1 X-16.281 Y-19.809 Z-4.200 F400.000
G1 X-16.307 Y-19.794 Z-4.200 F400.000
G1 X-16.336 Y-19.786 Z-4.200 F400.000
G1 X-16.445 Y-19.775 Z-4.200 F400.000
G1 X-17.850 Y-19.775 Z-4.200 F400.000
G1 X-18.057 Y-19.761 Z-4.200 F400.000
G1 X-18.316 Y-19.727 Z-4.200 F400.000
G1 X-18.716 Y-19.620 Z-4.200 F400.000
G1 X-18.958 Y-19.520 Z-4.200 F400.000
G1 X-19.316 Y-19.313 Z-4.200 F400.000
G1 X-19.524 Y-19.154 Z-4.200 F400.000
G1 X-19.817 Y-18.861 Z-4.200 F400.000
G1 X-19.975 Y-18.654 Z-4.200 F400.000
G1 X-20.183 Y-18.295 Z-4.200 F400.000
G1 X-20.283 Y-18.054 Z-4.200 F400.000
G1 X-20.390 Y-17.654 Z-4.200 F400.000
G1 X-20.424 Y-17.395 Z-4.200 F400.000
G1 X-20.437 Y-17.188 Z-4.200 F400.000
G1 X-20.437 Y-3.000 Z-4.200 F400.000
G0 X-20.437 Y-3.000 Z5.000
G0 X-20.437 Y-228.000 Z5.000
G0 X-20.437 Y-228.000 Z3.000
G1 X-20.430 Y-203.927 Z2.159 F400.000
G1 X-20.396 Y-203.586 Z2.147 F400.000
G1 X-20.336 Y-203.281 Z2.137 F400.000
G1 X-20.236 Y-202.952 Z2.125 F400.000
G1 X-20.117 Y-202.665 Z2.114 F400.000
G1 X-19.955 Y-202.362 Z2.102 F400.000
G1 X-19.782 Y-202.104 Z2.091 F400.000
G1 X-19.565 Y-201.838 Z2.079 F400.000
G1 X-19.345 Y-201.618 Z2.068 F400.000
G1 X-19.079 Y-201.401 Z2.056 F400.000
G1 X-18.821 Y-201.228 Z2.045 F400.000
G1 X-18.518 Y-201.066 Z2.033 F400.000
G1 X-18.231 Y-200.947 Z2.022 F400.000
G1 X-17.902 Y-200.847 Z2.010 F400.000
G1 X-17.597 Y-200.787 Z1.999 F400.000
G1 X-17.100 Y-200.745 Z1.982 F400.000
G1 X-14.328 Y-200.745 Z1.885 F400.000
G1 X-14.220 Y-200.735 Z1.881 F400.000
G1 X-14.191 Y-200.726 Z1.880 F400.000
G1 X-14.164 Y-200.712 Z1.879 F400.000
G1 X-14.141 Y-200.692 Z1.878 F400.000
G1 X-14.121 Y-200.669 Z1.877 F400.000
G1 X-14.107 Y-200.642 Z1.876 F400.000
G1 X-14.098 Y-200.613 Z1.875 F400.000
G1 X-14.088 Y-200.505 Z1.871 F400.000
G1 X-14.087 Y-198.798 Z1.812 F400.000
G1 X-14.098 Y-198.690 Z1.808 F400.000
G1 X-14.107 Y-198.661 Z1.807 F400.000
G1 X-14.121 Y-198.634 Z1.806 F400.000
G1 X-14.141 Y-198.611 Z1.805 F400.000
G1 X-14.164 Y-198.592 Z1.804 F400.000
G1 X-14.191 Y-198.577 Z1.803 F400.000
G1 X-14.220 Y-198.569 Z1.802 F400.000
G1 X-14.330 Y-198.558 Z1.798 F400.000
G1 X-17.256 Y-198.550 Z1.695 F400.000
G1 X-17.597 Y-198.517 Z1.684 F400.000
G1 X-17.902 Y-198.456 Z1.673 F400.000
G1 X-18.231 Y-198.356 Z1.661 F400.000
G1 X-18.518 Y-198.237 Z1.650 F400.000
G1 X-18.821 Y-198.076 Z1.638 F400.000
G1 X-19.079 Y-197.903 Z1.627 F400.000
G1 X-19.345 Y-197.685 Z1.615 F400.000
G1 X-19.565 Y-197.465 Z1.604 F400.000
G1 X-19.782 Y-197.200 Z1.592 F400.000
G1 X-19.955 Y-196.941 Z1.581 F400.000
G1 X-20.117 Y-196.638 Z1.569 F400.000
G1 X-20.236 Y-196.351 Z1.558 F400.000
G1 X-20.336 Y-196.023 Z1.546 F400.000
G1 X-20.396 Y-195.717 Z1.536 F400.000
G1 X-20.437 Y-195.220 Z1.518 F400.000
G1 X-20.435 Y-186.654 Z1.219 F400.000
G1 X-20.406 Y-186.291 Z1.206 F400.000
G1 X-20.337 Y-185.934 Z1.194 F400.000
G1 X-20.230 Y-185.586 Z1.181 F400.000
G1 X-20.125 Y-185.330 Z1.171 F400.000
G1 X-16.238 Y-176.994 Z0.850 F400.000
G1 X-16.215 Y-176.938 Z0.848 F400.000
G1 X-16.210 Y-176.921 Z0.847 F400.000
G1 X-16.207 Y-176.903 Z0.847 F400.000
G1 X-16.204 Y-176.843 Z0.845 F400.000
G1 X-16.204 Y-173.952 Z0.744 F400.000
G1 X-16.215 Y-173.843 Z0.740 F400.000
G1 X-16.224 Y-173.814 Z0.739 F400.000
G1 X-16.238 Y-173.788 Z0.738 F400.000
G1 X-16.257 Y-173.764 Z0.737 F400.000
G1 X-16.281 Y-173.745 Z0.736 F400.000
G1 X-16.307 Y-173.731 Z0.734 F400.000
G1 X-16.336 Y-173.722 Z0.733 F400.000
G1 X-16.445 Y-173.711 Z0.730 F400.000
G1 X-17.850 Y-173.711 Z0.681 F400.000
G1 X-18.057 Y-173.697 Z0.673 F400.000
G1 X-18.316 Y-173.663 Z0.664 F400.000
G1 X-18.716 Y-173.556 Z0.650 F400.000
G1 X-18.958 Y-173.456 Z0.641 F400.000
G1 X-19.316 Y-173.249 Z0.626 F400.000
G1 X-19.524 Y-173.090 Z0.617 F400.000
G1 X-19.817 Y-172.797 Z0.603 F400.000
G1 X-19.975 Y-172.590 Z0.593 F400.000
G1 X-20.183 Y-172.231 Z0.579 F400.000
G1 X-20.283 Y-171.990 Z0.570 F400.000
G1 X-20.390 Y-171.590 Z0.555 F400.000
G1 X-20.424 Y-171.331 Z0.546 F400.000
G1 X-20.437 Y-171.124 Z0.539 F400.000
G1 X-20.435 Y-148.170 Z-0.263 F400.000
G1 X-20.406 Y-147.807 Z-0.275 F400.000
G1 X-20.337 Y-147.450 Z-0.288 F400.000
G1 X-20.230 Y-147.102 Z-0.301 F400.000
G1 X-20.125 Y-146.846 Z-0.310 F400.000
G1 X-16.238 Y-138.510 Z-0.632 F400.000
G1 X-16.215 Y-138.454 Z-0.634 F400.000
G1 X-16.210 Y-138.437 Z-0.634 F400.000
G1 X-16.207 Y-138.419 Z-0.635 F400.000
G1 X-16.204 Y-138.359 Z-0.637 F400.000
G1 X-16.204 Y-136.555 Z-0.700 F400.000
G1 X-16.204 Y-138.359 Z-0.763 F400.000
G1 X-16.207 Y-138.419 Z-0.765 F400.000
G1 X-16.210 Y-138.437 Z-0.766 F400.000
G1 X-16.215 Y-138.454 Z-0.766 F400.000
G1 X-16.238 Y-138.510 Z-0.768 F400.000
G1 X-20.125 Y-146.846 Z-1.090 F400.000
G1 X-20.230 Y-147.102 Z-1.099 F400.000
G1 X-20.337 Y-147.450 Z-1.112 F400.000
G1 X-20.406 Y-147.807 Z-1.125 F400.000
G1 X-20.435 Y-148.170 Z-1.137 F400.000
G1 X-20.437 Y-171.124 Z-1.939 F400.000
G1 X-20.424 Y-171.331 Z-1.946 F400.000
G1 X-20.390 Y-171.590 Z-1.955 F400.000
G1 X-20.283 Y-171.990 Z-1.970 F400.000
G1 X-20.183 Y-172.231 Z-1.979 F400.000
G1 X-19.975 Y-172.590 Z-1.993 F400.000
G1 X-19.817 Y-172.797 Z-2.003 F400.000
G1 X-19.524 Y-173.090 Z-2.017 F400.000
G1 X-19.316 Y-173.249 Z-2.026 F400.000
G1 X-18.958 Y-173.456 Z-2.041 F400.000
G1 X-18.716 Y-173.556 Z-2.050 F400.000
G1 X-18.316 Y-173.663 Z-2.064 F400.000
G1 X-18.057 Y-173.697 Z-2.073 F400.000
G1 X-17.850 Y-173.711 Z-2.081 F400.000
G1 X-16.445 Y-173.711 Z-2.130 F400.000
G1 X-16.336 Y-173.722 Z-2.133 F400.000
G1 X-16.307 Y-173.731 Z-2.134 F400.000
G1 X-16.281 Y-173.745 Z-2.136 F400.000
G1 X-16.257 Y-173.764 Z-2.137 F400.000
G1 X-16.238 Y-173.788 Z-2.138 F400.000
G1 X-16.224 Y-173.814 Z-2.139 F400.000
G1 X-16.215 Y-173.843 Z-2.140 F400.000
G1 X-16.204 Y-173.952 Z-2.144 F400.000
G1 X-16.204 Y-176.843 Z-2.245 F400.000
G1 X-16.207 Y-176.903 Z-2.247 F400.000
G1 X-16.210 Y-176.921 Z-2.247 F400.000
G1 X-16.215 Y-176.938 Z-2.248 F400.000
G1 X-16.238 Y-176.994 Z-2.250 F400.000
G1 X-20.125 Y-185.330 Z-2.571 F400.000
G1 X-20.230 Y-185.586 Z-2.581 F400.000
G1 X-20.337 Y-185.934 Z-2.594 F400.000
G1 X-20.406 Y-186.291 Z-2.606 F400.000
G1 X-20.435 Y-186.654 Z-2.619 F400.000
G1 X-20.437 Y-195.220 Z-2.918 F400.000
G1 X-20.396 Y-195.717 Z-2.936 F400.000
G1 X-20.336 Y-196.023 Z-2.946 F400.000
G1 X-20.236 Y-196.351 Z-2.958 F400.000
G1 X-20.117 Y-196.638 Z-2.969 F400.000
G1 X-19.955 Y-196.941 Z-2.981 F400.000
G1 X-19.782 Y-197.200 Z-2.992 F400.000
G1 X-19.565 Y-197.465 Z-3.004 F400.000
G1 X-19.345 Y-197.685 Z-3.015 F400.000
G1 X-19.079 Y-197.903 Z-3.027 F400.000
G1 X-18.821 Y-198.076 Z-3.038 F400.000
G1 X-18.518 Y-198.237 Z-3.050 F400.000
G1 X-18.231 Y-198.356 Z-3.061 F400.000
G1 X-17.902 Y-198.456 Z-3.073 F400.000
G1 X-17.597 Y-198.517 Z-3.084 F400.000
G1 X-17.256 Y-198.550 Z-3.095 F400.000
G1 X-14.330 Y-198.558 Z-3.198 F400.000
G1 X-14.220 Y-198.569 Z-3.202 F400.000
G1 X-14.191 Y-198.577 Z-3.203 F400.000
G1 X-14.164 Y-198.592 Z-3.204 F400.000
G1 X-14.141 Y-198.611 Z-3.205 F400.000
G1 X-14.121 Y-198.634 Z-3.206 F400.000
G1 X-14.107 Y-198.661 Z-3.207 F400.000
G1 X-14.098 Y-198.690 Z-3.208 F400.000
G1 X-14.087 Y-198.798 Z-3.212 F400.000
G1 X-14.088 Y-200.505 Z-3.271 F400.000
G1 X-14.098 Y-200.613 Z-3.275 F400.000
G1 X-14.107 Y-200.642 Z-3.276 F400.000
G1 X-14.121 Y-200.669 Z-3.277 F400.000
G1 X-14.141 Y-200.692 Z-3.278 F400.000
G1 X-14.164 Y-200.712 Z-3.279 F400.000
G1 X-14.191 Y-200.726 Z-3.280 F400.000
G1 X-14.220 Y-200.735 Z-3.281 F400.000
G1 X-14.328 Y-200.745 Z-3.285 F400.000
G1 X-17.100 Y-200.745 Z-3.382 F400.000
G1 X-17.597 Y-200.787 Z-3.399 F400.000
G1 X-17.902 Y-200.847 Z-3.410 F400.000
G1 X-18.231 Y-200.947 Z-3.422 F400.000
G1 X-18.518 Y-201.066 Z-3.433 F400.000
G1 X-18.821 Y-201.228 Z-3.445 F400.000
G1 X-19.079 Y-201.401 Z-3.456 F400.000
G1 X-19.345 Y-201.618 Z-3.468 F400.000
G1 X-19.565 Y-201.838 Z-3.479 F400.000
G1 X-19.782 Y-202.104 Z-3.491 F400.000
G1 X-19.955 Y-202.362 Z-3.502 F400.000
G1 X-20.117 Y-202.665 Z-3.514 F400.000
G1 X-20.236 Y-202.952 Z-3.525 F400.000
G1 X-20.336 Y-203.281 Z-3.537 F400.000
G1 X-20.396 Y-203.586 Z-3.547 F400.000
G1 X-20.430 Y-203.927 Z-3.559 F400.000
G1 X-20.437 Y-228.000 Z-4.400 F400.000
G1 X-20.430 Y-203.927 Z-4.400 F400.000
G1 X-20.396 Y-203.586 Z-4.400 F400.000
G1 X-20.336 Y-203.281 Z-4.400 F400.000
G1 X-20.236 Y-202.952 Z-4.400 F400.000
G1 X-20.117 Y-202.665 Z-4.400 F400.000
G1 X-19.955 Y-202.362 Z-4.400 F400.000
G1 X-19.782 Y-202.104 Z-4.400 F400.000
G1 X-19.565 Y-201.838 Z-4.400 F400.000
G1 X-19.345 Y-201.618 Z-4.400 F400.000
G1 X-19.079 Y-201.401 Z-4.400 F400.000
G1 X-18.821 Y-201.228 Z-4.400 F400.000
G1 X-18.518 Y-201.066 Z-4.400 F400.000
G1 X-18.231 Y-200.947 Z-4.400 F400.000
G1 X-17.902 Y-200.847 Z-4.400 F400.000
G1 X-17.597 Y-200.787 Z-4.400 F400.000
G1 X-17.100 Y-200.745 Z-4.400 F400.000
G1 X-14.328 Y-200.745 Z-4.400 F400.000
G1 X-14.220 Y-200.735 Z-4.400 F400.000
G1 X-14.191 Y-200.726 Z-4.400 F400.000
G1 X-14.164 Y-200.712 Z-4.400 F400.000
G1 X-14.141 Y-200.692 Z-4.400 F400.000
G1 X-14.121 Y-200.669 Z-4.400 F400.000
G1 X-14.107 Y-200.642 Z-4.400 F400.000
G1 X-14.098 Y-200.613 Z-4.400 F400.000
G1 X-14.088 Y-200.505 Z-4.400 F400.000
G1 X-14.087 Y-198.798 Z-4.400 F400.000
G1 X-14.098 Y-198.690 Z-4.400 F400.000
G1 X-14.107 Y-198.661 Z-4.400 F400.000
G1 X-14.121 Y-198.634 Z-4.400 F400.000
G1 X-14.141 Y-198.611 Z-4.400 F400.000
G1 X-14.164 Y-198.592 Z-4.400 F400.000
G1 X-14.191 Y-198.577 Z-4.400 F400.000
G1 X-14.220 Y-198.569 Z-4.400 F400.000
G1 X-14.330 Y-198.558 Z-4.400 F400.000
G1 X-17.256 Y-198.550 Z-4.400 F400.000
G1 X-17.597 Y-198.517 Z-4.400 F400.000
G1 X-17.902 Y-198.456 Z-4.400 F400.000
G1 X-18.231 Y-198.356 Z-4.400 F400.000
G1 X-18.518 Y-198.237 Z-4.400 F400.000
G1 X-18.821 Y-198.076 Z-4.400 F400.000
G1 X-19.079 Y-197.903 Z-4.400 F400.000
G1 X-19.345 Y-197.685 Z-4.400 F400.000
G1 X-19.565 Y-197.465 Z-4.400 F400.000
G1 X-19.782 Y-197.200 Z-4.400 F400.000
G1 X-19.955 Y-196.941 Z-4.400 F400.000
G1 X-20.117 Y-196.638 Z-4.400 F400.000
G1 X-20.236 Y-196.351 Z-4.400 F400.000
G1 X-20.336 Y-196.023 Z-4.400 F400.000
G1 X-20.396 Y-195.717 Z-4.400 F400.000
G1 X-20.437 Y-195.220 Z-4.400 F400.000
G1 X-20.435 Y-186.654 Z-4.400 F400.000
G1 X-20.406 Y-186.291 Z-4.400 F400.000
G1 X-20.337 Y-185.934 Z-4.400 F400.000
G1 X-20.230 Y-185.586 Z-4.400 F400.000
G1 X-20.125 Y-185.330 Z-4.400 F400.000
G1 X-16.238 Y-176.994 Z-4.400 F400.000
G1 X-16.215 Y-176.938 Z-4.400 F400.000
G1 X-16.210 Y-176.921 Z-4.400 F400.000
G1 X-16.207 Y-176.903 Z-4.400 F400.000
G1 X-16.204 Y-176.843 Z-4.400 F400.000
G1 X-16.204 Y-173.952 Z-4.400 F400.000
G1 X-16.215 Y-173.843 Z-4.400 F400.000
G1 X-16.224 Y-173.814 Z-4.400 F400.000
G1 X-16.238 Y-173.788 Z-4.400 F400.000
G1 X-16.257 Y-173.764 Z-4.400 F400.000
G1 X-16.281 Y-173.745 Z-4.400 F400.000
G1 X-16.307 Y-173.731 Z-4.400 F400.000
G1 X-16.336 Y-173.722 Z-4.400 F400.000
G1 X-16.445 Y-173.711 Z-4.400 F400.000
G1 X-17.850 Y-173.711 Z-4.400 F400.000
G1 X-18.057 Y-173.697 Z-4.400 F400.000
G1 X-18.316 Y-173.663 Z-4.400 F400.000
G1 X-18.716 Y-173.556 Z-4.400 F400.000
G1 X-18.958 Y-173.456 Z-4.400 F400.000
G1 X-19.316 Y-173.249 Z-4.400 F400.000
G1 X-19.524 Y-173.090 Z-4.400 F400.000
G1 X-19.817 Y-172.797 Z-4.400 F400.000
G1 X-19.975 Y-172.590 Z-4.400 F400.000
G1 X-20.183 Y-172.231 Z-4.400 F400.000
G1 X-20.283 Y-171.990 Z-4.400 F400.000
G1 X-20.390 Y-171.590 Z-4.400 F400.000
G1 X-20.424 Y-171.331 Z-4.400 F400.000
G1 X-20.437 Y-171.124 Z-4.400 F400.000
G1 X-20.435 Y-148.170 Z-4.400 F400.000
G1 X-20.406 Y-147.807 Z-4.400 F400.000
G1 X-20.337 Y-147.450 Z-4.400 F400.000
G1 X-20.230 Y-147.102 Z-4.400 F400.000
G1 X-20.125 Y-146.846 Z-4.400 F400.000
G1 X-16.238 Y-138.510 Z-4.400 F400.000
G1 X-16.215 Y-138.454 Z-4.400 F400.000
G1 X-16.210 Y-138.437 Z-4.400 F400.000
G1 X-16.207 Y-138.419 Z-4.400 F400.000
G1 X-16.204 Y-138.359 Z-4.400 F400.000
G1 X-16.204 Y-135.468 Z-4.400 F400.000
G1 X-16.215 Y-135.359 Z-4.400 F400.000
G1 X-16.224 Y-135.330 Z-4.400 F400.000
G1 X-16.238 Y-135.304 Z-4.400 F400.000
G1 X-16.257 Y-135.280 Z-4.400 F400.000
G1 X-16.281 Y-135.261 Z-4.400 F400.000
G1 X-16.307 Y-135.247 Z-4.400 F400.000
G1 X-16.336 Y-135.238 Z-4.400 F400.000
G1 X-16.445 Y-135.227 Z-4.400 F400.000
G1 X-17.850 Y-135.227 Z-4.400 F400.000
G1 X-18.057 Y-135.213 Z-4.400 F400.000
G1 X-18.316 Y-135.179 Z-4.400 F400.000
G1 X-18.716 Y-135.072 Z-4.400 F400.000
G1 X-18.958 Y-134.972 Z-4.400 F400.000
G1 X-19.316 Y-134.765 Z-4.400 F400.000
G1 X-19.524 Y-134.606 Z-4.400 F400.000
G1 X-19.817 Y-134.313 Z-4.400 F400.000
G1 X-19.975 Y-134.106 Z-4.400 F400.000
G1 X-20.183 Y-133.747 Z-4.400 F400.000
G1 X-20.283 Y-133.506 Z-4.400 F400.000
G1 X-20.390 Y-133.106 Z-4.400 F400.000
G1 X-20.424 Y-132.847 Z-4.400 F400.000
G1 X-20.437 Y-132.640 Z-4.400 F400.000
G1 X-20.435 Y-109.686 Z-4.400 F400.000
G1 X-20.406 Y-109.323 Z-4.400 F400.000
G1 X-20.337 Y-108.966 Z-4.400 F400.000
G1 X-20.230 Y-108.618 Z-4.400 F400.000
G1 X-20.125 Y-108.362 Z-4.400 F400.000
G1 X-16.238 Y-100.026 Z-4.400 F400.000
G1 X-16.215 Y-99.969 Z-4.400 F400.000
G1 X-16.210 Y-99.953 Z-4.400 F400.000
G1 X-16.207 Y-99.935 Z-4.400 F400.000
G1 X-16.204 Y-99.875 Z-4.400 F400.000
G1 X-16.204 Y-96.984 Z-4.400 F400.000
G1 X-16.215 Y-96.875 Z-4.400 F400.000
G1 X-16.224 Y-96.846 Z-4.400 F400.000
G1 X-16.238 Y-96.820 Z-4.400 F400.000
G1 X-16.257 Y-96.796 Z-4.400 F400.000
G1 X-16.281 Y-96.777 Z-4.400 F400.000
G1 X-16.307 Y-96.762 Z-4.400 F400.000
G1 X-16.336 Y-96.754 Z-4.400 F400.000
G1 X-16.445 Y-96.743 Z-4.400 F400.000
G1 X-17.850 Y-96.743 Z-4.400 F400.000
G1 X-18.057 Y-96.729 Z-4.400 F400.000
G1 X-18.316 Y-96.695 Z-4.400 F400.000
G1 X-18.716 Y-96.588 Z-4.400 F400.000
G1 X-18.958 Y-96.488 Z-4.400 F400.000
G1 X-19.316 Y-96.281 Z-4.400 F400.000
G1 X-19.524 Y-96.122 Z-4.400 F400.000
G1 X-19.817 Y-95.829 Z-4.400 F400.000
G1 X-19.975 Y-95.622 Z-4.400 F400.000
G1 X-20.183 Y-95.263 Z-4.400 F400.000
G1 X-20.283 Y-95.022 Z-4.400 F400.000
G1 X-20.390 Y-94.622 Z-4.400 F400.000
G1 X-20.424 Y-94.363 Z-4.400 F400.000
G1 X-20.437 Y-94.156 Z-4.400 F400.000
G1 X-20.435 Y-71.202 Z-4.400 F400.000
G1 X-20.406 Y-70.839 Z-4.400 F400.000
G1 X-20.337 Y-70.482 Z-4.400 F400.000
G1 X-20.230 Y-70.134 Z-4.400 F400.000
G1 X-20.125 Y-69.878 Z-4.400 F400.000
G1 X-16.238 Y-61.542 Z-4.400 F400.000
G1 X-16.215 Y-61.485 Z-4.400 F400.000
G1 X-16.210 Y-61.469 Z-4.400 F400.000
G1 X-16.207 Y-61.451 Z-4.400 F400.000
G1 X-16.204 Y-61.391 Z-4.400 F400.000
G1 X-16.204 Y-58.500 Z-4.400 F400.000
G1 X-16.215 Y-58.391 Z-4.400 F400.000
G1 X-16.224 Y-58.362 Z-4.400 F400.000
G1 X-16.238 Y-58.336 Z-4.400 F400.000
G1 X-16.257 Y-58.312 Z-4.400 F400.000
G1 X-16.281 Y-58.293 Z-4.400 F400.000
G1 X-16.307 Y-58.278 Z-4.400 F400.000
G1 X-16.336 Y-58.270 Z-4.400 F400.000
G1 X-16.445 Y-58.259 Z-4.400 F400.000
G1 X-17.850 Y-58.259 Z-4.400 F400.000
G1 X-18.057 Y-58.245 Z-4.400 F400.000
G1 X-18.316 Y-58.211 Z-4.400 F400.000
G1 X-18.716 Y-58.104 Z-4.400 F400.000
G1 X-18.958 Y-58.004 Z-4.400 F400.000
G1 X-19.316 Y-57.797 Z-4.400 F400.000
G1 X-19.524 Y-57.638 Z-4.400 F400.000
G1 X-19.817 Y-57.345 Z-4.400 F400.000
G1 X-19.975 Y-57.138 Z-4.400 F400.000
G1 X-20.183 Y-56.779 Z-4.400 F400.000
G1 X-20.283 Y-56.538 Z-4.400 F400.000
G1 X-20.390 Y-56.138 Z-4.400 F400.000
G1 X-20.424 Y-55.879 Z-4.400 F400.000
G1 X-20.437 Y-55.672 Z-4.400 F400.000
G1 X-20.435 Y-32.718 Z-4.400 F400.000
G1 X-20.406 Y-32.355 Z-4.400 F400.000
G1 X-20.337 Y-31.998 Z-4.400 F400.000
G1 X-20.230 Y-31.650 Z-4.400 F400.000
G1 X-20.125 Y-31.394 Z-4.400 F400.000
G1 X-16.238 Y-23.058 Z-4.400 F400.000
G1 X-16.215 Y-23.001 Z-4.400 F400.000
G1 X-16.210 Y-22.985 Z-4.400 F400.000
G1 X-16.207 Y-22.967 Z-4.400 F400.000
G1 X-16.204 Y-22.907 Z-4.400 F400.000
G1 X-16.204 Y-20.015 Z-4.400 F400.000
G1 X-16.215 Y-19.907 Z-4.400 F400.000
G1 X-16.224 Y-19.878 Z-4.400 F400.000
G1 X-16.238 Y-19.851 Z-4.400 F400.000
G1 X-16.257 Y-19.828 Z-4.400 F400.000
G1 X-16.281 Y-19.809 Z-4.400 F400.000
G1 X-16.307 Y-19.794 Z-4.400 F400.000
G1 X-16.336 Y-19.786 Z-4.400 F400.000
G1 X-16.445 Y-19.775 Z-4.400 F400.000
G1 X-17.850 Y-19.775 Z-4.400 F400.000
G1 X-18.057 Y-19.761 Z-4.400 F400.000
G1 X-18.316 Y-19.727 Z-4.400 F400.000
G1 X-18.716 Y-19.620 Z-4.400 F400.000
G1 X-18.958 Y-19.520 Z-4.400 F400.000
G1 X-19.316 Y-19.313 Z-4.400 F400.000
G1 X-19.524 Y-19.154 Z-4.400 F400.000
G1 X-19.817 Y-18.861 Z-4.400 F400.000
G1 X-19.975 Y-18.654 Z-4.400 F400.000
G1 X-20.183 Y-18.295 Z-4.400 F400.000
G1 X-20.283 Y-18.054 Z-4.400 F400.000
G1 X-20.390 Y-17.654 Z-4.400 F400.000
G1 X-20.424 Y-17.395 Z-4.400 F400.000
G1 X-20.437 Y-17.188 Z-4.400 F400.000
G1 X-20.437 Y-3.000 Z-4.400 F400.000
G0 X-20.437 Y-3.000 Z5.000
G0 X-20.437 Y-228.000 Z5.000
G0 X-20.437 Y-228.000 Z3.000
G1 X-20.430 Y-203.927 Z2.159 F400.000
G1 X-20.396 Y-203.586 Z2.147 F400.000
G1 X-20.336 Y-203.281 Z2.137 F400.000
G1 X-20.236 Y-202.952 Z2.125 F400.000
G1 X-20.117 Y-202.665 Z2.114 F400.000
G1 X-19.955 Y-202.362 Z2.102 F400.000
G1 X-19.782 Y-202.104 Z2.091 F400.000
G1 X-19.565 Y-201.838 Z2.079 F400.000
G1 X-19.345 Y-201.618 Z2.068 F400.000
G1 X-19.079 Y-201.401 Z2.056 F400.000
G1 X-18.821 Y-201.228 Z2.045 F400.000
G1 X-18.518 Y-201.066 Z2.033 F400.000
G1 X-18.231 Y-200.947 Z2.022 F400.000
G1 X-17.902 Y-200.847 Z2.010 F400.000
G1 X-17.597 Y-200.787 Z1.999 F400.000
G1 X-17.100 Y-200.745 Z1.982 F400.000
G1 X-14.328 Y-200.745 Z1.885 F400.000
G1 X-14.220 Y-200.735 Z1.881 F400.000
G1 X-14.191 Y-200.726 Z1.880 F400.000
G1 X-14.164 Y-200.712 Z1.879 F400.000
G1 X-14.141 Y-200.692 Z1.878 F400.000
G1 X-14.121 Y-200.669 Z1.877 F400.000
G1 X-14.107 Y-200.642 Z1.876 F400.000
G1 X-14.098 Y-200.613 Z1.875 F400.000
G1 X-14.088 Y-200.505 Z1.871 F400.000
G1 X-14.087 Y-198.798 Z1.812 F400.000
G1 X-14.098 Y-198.690 Z1.808 F400.000
G1 X-14.107 Y-198.661 Z1.807 F400.000
G1 X-14.121 Y-198.634 Z1.806 F400.000
G1 X-14.141 Y-198.611 Z1.805 F400.000
G1 X-14.164 Y-198.592 Z1.804 F400.000
G1 X-14.191 Y-198.577 Z1.803 F400.000
G1 X-14.220 Y-198.569 Z1.802 F400.000
G1 X-14.330 Y-198.558 Z1.798 F400.000
G1 X-17.256 Y-198.550 Z1.695 F400.000
G1 X-17.597 Y-198.517 Z1.684 F400.000
G1 X-17.902 Y-198.456 Z1.673 F400.000
G1 X-18.231 Y-198.356 Z1.661 F400.000
G1 X-18.518 Y-198.237 Z1.650 F400.000
G1 X-18.821 Y-198.076 Z1.638 F400.000
G1 X-19.079 Y-197.903 Z1.627 F400.000
G1 X-19.345 Y-197.685 Z1.615 F400.000
G1 X-19.565 Y-197.465 Z1.604 F400.000
G1 X-19.782 Y-197.200 Z1.592 F400.000
G1 X-19.955 Y-196.941 Z1.581 F400.000
G1 X-20.117 Y-196.638 Z1.569 F400.000
G1 X-20.236 Y-196.351 Z1.558 F400.000
G1 X-20.336 Y-196.023 Z1.546 F400.000
G1 X-20.396 Y-195.717 Z1.536 F400.000
G1 X-20.437 Y-195.220 Z1.518 F400.000
G1 X-20.435 Y-186.654 Z1.219 F400.000
G1 X-20.406 Y-186.291 Z1.206 F400.000
G1 X-20.337 Y-185.934 Z1.194 F400.000
G1 X-20.230 Y-185.586 Z1.181 F400.000
G1 X-20.125 Y-185.330 Z1.171 F400.000
G1 X-16.238 Y-176.994 Z0.850 F400.000
G1 X-16.215 Y-176.938 Z0.848 F400.000
G1 X-16.210 Y-176.921 Z0.847 F400.000
G1 X-16.207 Y-176.903 Z0.847 F400.000
G1 X-16.204 Y-176.843 Z0.845 F400.000
G1 X-16.204 Y-173.952 Z0.744 F400.000
G1 X-16.215 Y-173.843 Z0.740 F400.000
G1 X-16.224 Y-173.814 Z0.739 F400.000
G1 X-16.238 Y-173.788 Z0.738 F400.000
G1 X-16.257 Y-173.764 Z0.737 F400.000
G1 X-16.281 Y-173.745 Z0.736 F400.000
G1 X-16.307 Y-173.731 Z0.734 F400.000
G1 X-16.336 Y-173.722 Z0.733 F400.000
G1 X-16.445 Y-173.711 Z0.730 F400.000
G1 X-17.850 Y-173.711 Z0.681 F400.000
G1 X-18.057 Y-173.697 Z0.673 F400.000
G1 X-18.316 Y-173.663 Z0.664 F400.000
G1 X-18.716 Y-173.556 Z0.650 F400.000
G1 X-18.958 Y-173.456 Z0.641 F400.000
G1 X-19.316 Y-173.249 Z0.626 F400.000
G1 X-19.524 Y-173.090 Z0.617 F400.000
G1 X-19.817 Y-172.797 Z0.603 F400.000
G1 X-19.975 Y-172.590 Z0.593 F400.000
G1 X-20.183 Y-172.231 Z0.579 F400.000
G1 X-20.283 Y-171.990 Z0.570 F400.000
G1 X-20.390 Y-171.590 Z0.555 F400.000
G1 X-20.424 Y-171.331 Z0.546 F400.000
G1 X-20.437 Y-171.124 Z0.539 F400.000
G1 X-20.435 Y-148.170 Z-0.263 F400.000
G1 X-20.406 Y-147.807 Z-0.275 F400.000
G1 X-20.337 Y-147.450 Z-0.288 F400.000
G1 X-20.230 Y-147.102 Z-0.301 F400.000
G1 X-20.125 Y-146.846 Z-0.310 F400.000
G1 X-16.238 Y-138.510 Z-0.632 F400.000
G1 X-16.215 Y-138.454 Z-0.634 F400.000
G1 X-16.210 Y-138.437 Z-0.634 F400.000
G1 X-16.207 Y-138.419 Z-0.635 F400.000
G1 X-16.204 Y-138.359 Z-0.637 F400.000
G1 X-16.204 Y-135.468 Z-0.738 F400.000
G1 X-16.215 Y-135.359 Z-0.742 F400.000
G1 X-16.224 Y-135.330 Z-0.743 F400.000
G1 X-16.238 Y-135.304 Z-0.744 F400.000
G1 X-16.257 Y-135.280 Z-0.745 F400.000
G1 X-16.281 Y-135.261 Z-0.746 F400.000
G1 X-16.307 Y-135.247 Z-0.747 F400.000
G1 X-16.336 Y-135.238 Z-0.748 F400.000
G1 X-16.445 Y-135.227 Z-0.752 F400.000
G1 X-17.821 Y-135.227 Z-0.800 F400.000
G1 X-16.445 Y-135.227 Z-0.848 F400.000
G1 X-16.336 Y-135.238 Z-0.852 F400.000
G1 X-16.307 Y-135.247 Z-0.853 F400.000
G1 X-16.281 Y-135.261 Z-0.854 F400.000
G1 X-16.257 Y-135.280 Z-0.855 F400.000
G1 X-16.238 Y-135.304 Z-0.856 F400.000
G1 X-16.224 Y-135.330 Z-0.857 F400.000
G1 X-16.215 Y-135.359 Z-0.858 F400.000
G1 X-16.204 Y-135.468 Z-0.862 F400.000
G1 X-16.204 Y-138.359 Z-0.963 F400.000
G1 X-16.207 Y-138.419 Z-0.965 F400.000
G1 X-16.210 Y-138.437 Z-0.966 F400.000
G1 X-16.215 Y-138.454 Z-0.966 F400.000
G1 X-16.238 Y-138.510 Z-0.968 F400.000
G1 X-20.125 Y-146.846 Z-1.290 F400.000
G1 X-20.230 Y-147.102 Z-1.299 F400.000
G1 X-20.337 Y-147.450 Z-1.312 F400.000
G1 X-20.406 Y-147.807 Z-1.325 F400.000
G1 X-20.435 Y-148.170 Z-1.337 F400.000
G1 X-20.437 Y-171.124 Z-2.139 F400.000
G1 X-20.424 Y-171.331 Z-2.146 F400.000
G1 X-20.390 Y-171.590 Z-2.155 F400.000
G1 X-20.283 Y-171.990 Z-2.170 F400.000
G1 X-20.183 Y-172.231 Z-2.179 F400.000
G1 X-19.975 Y-172.590 Z-2.193 F400.000
G1 X-19.817 Y-172.797 Z-2.203 F400.000
G1 X-19.524 Y-173.090 Z-2.217 F400.000
G1 X-19.316 Y-173.249 Z-2.226 F400.000
G1 X-18.958 Y-173.456 Z-2.241 F400.000
G1 X-18.716 Y-173.556 Z-2.250 F400.000
G1 X-18.316 Y-173.663 Z-2.264 F400.000
G1 X-18.057 Y-173.697 Z-2.273 F400.000
G1 X-17.850 Y-173.711 Z-2.281 F400.000
G1 X-16.445 Y-173.711 Z-2.330 F400.000
G1 X-16.336 Y-173.722 Z-2.333 F400.000
G1 X-16.307 Y-173.731 Z-2.334 F400.000
G1 X-16.281 Y-173.745 Z-2.336 F400.000
G1 X-16.257 Y-173.764 Z-2.337 F400.000
G1 X-16.238 Y-173.788 Z-2.338 F400.000
G1 X-16.224 Y-173.814 Z-2.339 F400.000
G1 X-16.215 Y-173.843 Z-2.340 F400.000
G1 X-16.204 Y-173.952 Z-2.344 F400.000
G1 X-16.204 Y-176.843 Z-2.445 F400.000
G1 X-16.207 Y-176.903 Z-2.447 F400.000
G1 X-16.210 Y-176.921 Z-2.447 F400.000
G1 X-16.215 Y-176.938 Z-2.448 F400.000
G1 X-16.238 Y-176.994 Z-2.450 F400.000
G1 X-20.125 Y-185.330 Z-2.771 F400.000
G1 X-20.230 Y-185.586 Z-2.781 F400.000
G1 X-20.337 Y-185.934 Z-2.794 F400.000
G1 X-20.406 Y-186.291 Z-2.806 F400.000
G1 X-20.435 Y-186.654 Z-2.819 F400.000
G1 X-20.437 Y-195.220 Z-3.118 F400.000
G1 X-20.396 Y-195.717 Z-3.136 F400.000
G1 X-20.336 Y-196.023 Z-3.146 F400.000
G1 X-20.236 Y-196.351 Z-3.158 F400.000
G1 X-20.117 Y-196.638 Z-3.169 F400.000
G1 X-19.955 Y-196.941 Z-3.181 F400.000
G1 X-19.782 Y-197.200 Z-3.192 F400.000
G1 X-19.565 Y-197.465 Z-3.204 F400.000
G1 X-19.345 Y-197.685 Z-3.215 F400.000
G1 X-19.079 Y-197.903 Z-3.227 F400.000
G1 X-18.821 Y-198.076 Z-3.238 F400.000
G1 X-18.518 Y-198.237 Z-3.250 F400.000
G1 X-18.231 Y-198.356 Z-3.261 F400.000
G1 X-17.902 Y-198.456 Z-3.273 F400.000
G1 X-17.597 Y-198.517 Z-3.284 F400.000
G1 X-17.256 Y-198.550 Z-3.295 F400.000
G1 X-14.330 Y-198.558 Z-3.398 F400.000
G1 X-14.220 Y-198.569 Z-3.402 F400.000
G1 X-14.191 Y-198.577 Z-3.403 F400.000
G1 X-14.164 Y-198.592 Z-3.404 F400.000
G1 X-14.141 Y-198.611 Z-3.405 F400.000
G1 X-14.121 Y-198.634 Z-3.406 F400.000
G1 X-14.107 Y-198.661 Z-3.407 F400.000
G1 X-14.098 Y-198.690 Z-3.408 F400.000
G1 X-14.087 Y-198.798 Z-3.412 F400.000
G1 X-14.088 Y-200.505 Z-3.471 F400.000
G1 X-14.098 Y-200.613 Z-3.475 F400.000
G1 X-14.107 Y-200.642 Z-3.476 F400.000
G1 X-14.121 Y-200.669 Z-3.477 F400.000
G1 X-14.141 Y-200.692 Z-3.478 F400.000
G1 X-14.164 Y-200.712 Z-3.479 F400.000
G1 X-14.191 Y-200.726 Z-3.480 F400.000
G1 X-14.220 Y-200.735 Z-3.481 F400.000
G1 X-14.328 Y-200.745 Z-3.485 F400.000
G1 X-17.100 Y-200.745 Z-3.582 F400.000
G1 X-17.597 Y-200.787 Z-3.599 F400.000
G1 X-17.902 Y-200.847 Z-3.610 F400.000
G1 X-18.231 Y-200.947 Z-3.622 F400.000
G1 X-18.518 Y-201.066 Z-3.633 F400.000
G1 X-18.821 Y-201.228 Z-3.645 F400.000
G1 X-19.079 Y-201.401 Z-3.656 F400.000
G1 X-19.345 Y-201.618 Z-3.668 F400.000
G1 X-19.565 Y-201.838 Z-3.679 F400.000
G1 X-19.782 Y-202.104 Z-3.691 F400.000
G1 X-19.955 Y-202.362 Z-3.702 F400.000
G1 X-20.117 Y-202.665 Z-3.714 F400.000
G1 X-20.236 Y-202.952 Z-3.725 F400.000
G1 X-20.336 Y-203.281 Z-3.737 F400.000
G1 X-20.396 Y-203.586 Z-3.747 F400.000
G1 X-20.430 Y-203.927 Z-3.759 F400.000
G1 X-20.437 Y-228.000 Z-4.600 F400.000
G1 X-20.430 Y-203.927 Z-4.600 F400.000
G1 X-20.396 Y-203.586 Z-4.600 F400.000
G1 X-20.336 Y-203.281 Z-4.600 F400.000
G1 X-20.236 Y-202.952 Z-4.600 F400.000
G1 X-20.117 Y-202.665 Z-4.600 F400.000
G1 X-19.955 Y-202.362 Z-4.600 F400.000
G1 X-19.782 Y-202.104 Z-4.600 F400.000
G1 X-19.565 Y-201.838 Z-4.600 F400.000
G1 X-19.345 Y-201.618 Z-4.600 F400.000
G1 X-19.079 Y-201.401 Z-4.600 F400.000
G1 X-18.821 Y-201.228 Z-4.600 F400.000
G1 X-18.518 Y-201.066 Z-4.600 F400.000
G1 X-18.231 Y-200.947 Z-4.600 F400.000
G1 X-17.902 Y-200.847 Z-4.600 F400.000
G1 X-17.597 Y-200.787 Z-4.600 F400.000
G1 X-17.100 Y-200.745 Z-4.600 F400.000
G1 X-14.328 Y-200.745 Z-4.600 F400.000
G1 X-14.220 Y-200.735 Z-4.600 F400.000
G1 X-14.191 Y-200.726 Z-4.600 F400.000
G1 X-14.164 Y-200.712 Z-4.600 F400.000
G1 X-14.141 Y-200.692 Z-4.600 F400.000
G1 X-14.121 Y-200.669 Z-4.600 F400.000
G1 X-14.107 Y-200.642 Z-4.600 F400.000
G1 X-14.098 Y-200.613 Z-4.600 F400.000
G1 X-14.088 Y-200.505 Z-4.600 F400.000
G1 X-14.087 Y-198.798 Z-4.600 F400.000
G1 X-14.098 Y-198.690 Z-4.600 F400.000
G1 X-14.107 Y-198.661 Z-4.600 F400.000
G1 X-14.121 Y-198.634 Z-4.600 F400.000
G1 X-14.141 Y-198.611 Z-4.600 F400.000
G1 X-14.164 Y-198.592 Z-4.600 F400.000
G1 X-14.191 Y-198.577 Z-4.600 F400.000
G1 X-14.220 Y-198.569 Z-4.600 F400.000
G1 X-14.330 Y-198.558 Z-4.600 F400.000
G1 X-17.256 Y-198.550 Z-4.600 F400.000
G1 X-17.597 Y-198.517 Z-4.600 F400.000
G1 X-17.902 Y-198.456 Z-4.600 F400.000
G1 X-18.231 Y-198.356 Z-4.600 F400.000
G1 X-18.518 Y-198.237 Z-4.600 F400.000
G1 X-18.821 Y-198.076 Z-4.600 F400.000
G1 X-19.079 Y-197.903 Z-4.600 F400.000
G1 X-19.345 Y-197.685 Z-4.600 F400.000
G1 X-19.565 Y-197.465 Z-4.600 F400.000
G1 X-19.782 Y-197.200 Z-4.600 F400.000
G1 X-19.955 Y-196.941 Z-4.600 F400.000
G1 X-20.117 Y-196.638 Z-4.600 F400.000
G1 X-20.236 Y-196.351 Z-4.600 F400.000
G1 X-20.336 Y-196.023 Z-4.600 F400.000
G1 X-20.396 Y-195.717 Z-4.600 F400.000
G1 X-20.437 Y-195.220 Z-4.600 F400.000
G1 X-20.435 Y-186.654 Z-4.600 F400.000
G1 X-20.406 Y-186.291 Z-4.600 F400.000
G1 X-20.337 Y-185.934 Z-4.600 F400.000
G1 X-20.230 Y-185.586 Z-4.600 F400.000
G1 X-20.125 Y-185.330 Z-4.600 F400.000
G1 X-16.238 Y-176.994 Z-4.600 F400.000
G1 X-16.215 Y-176.938 Z-4.600 F400.000
G1 X-16.210 Y-176.921 Z-4.600 F400.000
G1 X-16.207 Y-176.903 Z-4.600 F400.000
G1 X-16.204 Y-176.843 Z-4.600 F400.000
G1 X-16.204 Y-173.952 Z-4.600 F400.000
G1 X-16.215 Y-173.843 Z-4.600 F400.000
G1 X-16.224 Y-173.814 Z-4.600 F400.000
G1 X-16.238 Y-173.788 Z-4.600 F400.000
G1 X-16.257 Y-173.764 Z-4.600 F400.000
G1 X-16.281 Y-173.745 Z-4.600 F400.000
G1 X-16.307 Y-173.731 Z-4.600 F400.000
G1 X-16.336 Y-173.722 Z-4.600 F400.000
G1 X-16.445 Y-173.711 Z-4.600 F400.000
G1 X-17.850 Y-173.711 Z-4.600 F400.000
G1 X-18.057 Y-173.697 Z-4.600 F400.000
G1 X-18.316 Y-173.663 Z-4.600 F400.000
G1 X-18.716 Y-173.556 Z-4.600 F400.000
G1 X-18.958 Y-173.456 Z-4.600 F400.000
G1 X-19.316 Y-173.249 Z-4.600 F400.000
G1 X-19.524 Y-173.090 Z-4.600 F400.000
G1 X-19.817 Y-172.797 Z-4.600 F400.000
G1 X-19.975 Y-172.590 Z-4.600 F400.000
G1 X-20.183 Y-172.231 Z-4.600 F400.000
G1 X-20.283 Y-171.990 Z-4.600 F400.000
G1 X-20.390 Y-171.590 Z-4.600 F400.000
G1 X-20.424 Y-171.331 Z-4.600 F400.000
G1 X-20.437 Y-171.124 Z-4.600 F400.000
G1 X-20.435 Y-148.170 Z-4.600 F400.000
G1 X-20.406 Y-147.807 Z-4.600 F400.000
G1 X-20.337 Y-147.450 Z-4.600 F400.000
G1 X-20.230 Y-147.102 Z-4.600 F400.000
G1 X-20.125 Y-146.846 Z-4.600 F400.000
G1 X-16.238 Y-138.510 Z-4.600 F400.000
G1 X-16.215 Y-138.454 Z-4.600 F400.000
G1 X-16.210 Y-138.437 Z-4.600 F400.000
G1 X-16.207 Y-138.419 Z-4.600 F400.000
G1 X-16.204 Y-138.359 Z-4.600 F400.000
G1 X-16.204 Y-135.468 Z-4.600 F400.000
G1 X-16.215 Y-135.359 Z-4.600 F400.000
G1 X-16.224 Y-135.330 Z-4.600 F400.000
G1 X-16.238 Y-135.304 Z-4.600 F400.000
G1 X-16.257 Y-135.280 Z-4.600 F400.000
G1 X-16.281 Y-135.261 Z-4.600 F400.000
G1 X-16.307 Y-135.247 Z-4.600 F400.000
G1 X-16.336 Y-135.238 Z-4.600 F400.000
G1 X-16.445 Y-135.227 Z-4.600 F400.000
G1 X-17.850 Y-135.227 Z-4.600 F400.000
G1 X-18.057 Y-135.213 Z-4.600 F400.000
G1 X-18.316 Y-135.179 Z-4.600 F400.000
G1 X-18.716 Y-135.072 Z-4.600 F400.000
G1 X-18.958 Y-134.972 Z-4.600 F400.000
G1 X-19.316 Y-134.765 Z-4.600 F400.000
G1 X-19.524 Y-134.606 Z-4.600 F400.000
G1 X-19.817 Y-134.313 Z-4.600 F400.000
G1 X-19.975 Y-134.106 Z-4.600 F400.000
G1 X-20.183 Y-133.747 Z-4.600 F400.000
G1 X-20.283 Y-133.506 Z-4.600 F400.000
G1 X-20.390 Y-133.106 Z-4.600 F400.000
G1 X-20.424 Y-132.847 Z-4.600 F400.000
G1 X-20.437 Y-132.640 Z-4.600 F400.000
G1 X-20.435 Y-109.686 Z-4.600 F400.000
G1 X-20.406 Y-109.323 Z-4.600 F400.000
G1 X-20.337 Y-108.966 Z-4.600 F400.000
G1 X-20.230 Y-108.618 Z-4.600 F400.000
G1 X-20.125 Y-108.362 Z-4.600 F400.000
G1 X-16.238 Y-100.026 Z-4.600 F400.000
G1 X-16.215 Y-99.969 Z-4.600 F400.000
G1 X-16.210 Y-99.953 Z-4.600 F400.000
G1 X-16.207 Y-99.935 Z-4.600 F400.000
G1 X-16.204 Y-99.875 Z-4.600 F400.000
G1 X-16.204 Y-96.984 Z-4.600 F400.000
G1 X-16.215 Y-96.875 Z-4.600 F400.000
G1 X-16.224 Y-96.846 Z-4.600 F400.000
G1 X-16.238 Y-96.820 Z-4.600 F400.000
G1 X-16.257 Y-96.796 Z-4.600 F400.000
G1 X-16.281 Y-96.777 Z-4.600 F400.000
G1 X-16.307 Y-96.762 Z-4.600 F400.000
G1 X-16.336 Y-96.754 Z-4.600 F400.000
G1 X-16.445 Y-96.743 Z-4.600 F400.000
G1 X-17.850 Y-96.743 Z-4.600 F400.000
G1 X-18.057 Y-96.729 Z-4.600 F400.000
G1 X-18.316 Y-96.695 Z-4.600 F400.000
G1 X-18.716 Y-96.588 Z-4.600 F400.000
G1 X-18.958 Y-96.488 Z-4.600 F400.000
G1 X-19.316 Y-96.281 Z-4.600 F400.000
G1 X-19.524 Y-96.122 Z-4.600 F400.000
G1 X-19.817 Y-95.829 Z-4.600 F400.000
G1 X-19.975 Y-95.622 Z-4.600 F400.000
G1 X-20.183 Y-95.263 Z-4.600 F400.000
G1 X-20.283 Y-95.022 Z-4.600 F400.000
G1 X-20.390 Y-94.622 Z-4.600 F400.000
G1 X-20.424 Y-94.363 Z-4.600 F400.000
G1 X-20.437 Y-94.156 Z-4.600 F400.000
G1 X-20.435 Y-71.202 Z-4.600 F400.000
G1 X-20.406 Y-70.839 Z-4.600 F400.000
G1 X-20.337 Y-70.482 Z-4.600 F400.000
G1 X-20.230 Y-70.134 Z-4.600 F400.000
G1 X-20.125 Y-69.878 Z-4.600 F400.000
G1 X-16.238 Y-61.542 Z-4.600 F400.000
G1 X-16.215 Y-61.485 Z-4.600 F400.000
G1 X-16.210 Y-61.469 Z-4.600 F400.000
G1 X-16.207 Y-61.451 Z-4.600 F400.000
G1 X-16.204 Y-61.391 Z-4.600 F400.000
G1 X-16.204 Y-58.500 Z-4.600 F400.000
G1 X-16.215 Y-58.391 Z-4.600 F400.000
G1 X-16.224 Y-58.362 Z-4.600 F400.000
G1 X-16.238 Y-58.336 Z-4.600 F400.000
G1 X-16.257 Y-58.312 Z-4.600 F400.000
G1 X-16.281 Y-58.293 Z-4.600 F400.000
G1 X-16.307 Y-58.278 Z-4.600 F400.000
G1 X-16.336 Y-58.270 Z-4.600 F400.000
G1 X-16.445 Y-58.259 Z-4.600 F400.000
G1 X-17.850 Y-58.259 Z-4.600 F400.000
G1 X-18.057 Y-58.245 Z-4.600 F400.000
G1 X-18.316 Y-58.211 Z-4.600 F400.000
G1 X-18.716 Y-58.104 Z-4.600 F400.000
G1 X-18.958 Y-58.004 Z-4.600 F400.000
G1 X-19.316 Y-57.797 Z-4.600 F400.000
G1 X-19.524 Y-57.638 Z-4.600 F400.000
G1 X-19.817 Y-57.345 Z-4.600 F400.000
G1 X-19.975 Y-57.138 Z-4.600 F400.000
G1 X-20.183 Y-56.779 Z-4.600 F400.000
G1 X-20.283 Y-56.538 Z-4.600 F400.000
G1 X-20.390 Y-56.138 Z-4.600 F400.000
G1 X-20.424 Y-55.879 Z-4.600 F400.000
G1 X-20.437 Y-55.672 Z-4.600 F400.000
G1 X-20.435 Y-32.718 Z-4.600 F400.000
G1 X-20.406 Y-32.355 Z-4.600 F400.000
G1 X-20.337 Y-31.998 Z-4.600 F400.000
G1 X-20.230 Y-31.650 Z-4.600 F400.000
G1 X-20.125 Y-31.394 Z-4.600 F400.000
G1 X-16.238 Y-23.058 Z-4.600 F400.000
G1 X-16.215 Y-23.001 Z-4.600 F400.000
G1 X-16.210 Y-22.985 Z-4.600 F400.000
G1 X-16.207 Y-22.967 Z-4.600 F400.000
G1 X-16.204 Y-22.907 Z-4.600 F400.000
G1 X-16.204 Y-20.015 Z-4.600 F400.000
G1 X-16.215 Y-19.907 Z-4.600 F400.000
G1 X-16.224 Y-19.878 Z-4.600 F400.000
G1 X-16.238 Y-19.851 Z-4.600 F400.000
G1 X-16.257 Y-19.828 Z-4.600 F400.000
G1 X-16.281 Y-19.809 Z-4.600 F400.000
G1 X-16.307 Y-19.794 Z-4.600 F400.000
G1 X-16.336 Y-19.786 Z-4.600 F400.000
G1 X-16.445 Y-19.775 Z-4.600 F400.000
G1 X-17.850 Y-19.775 Z-4.600 F400.000
G1 X-18.057 Y-19.761 Z-4.600 F400.000
G1 X-18.316 Y-19.727 Z-4.600 F400.000
G1 X-18.716 Y-19.620 Z-4.600 F400.000
G1 X-18.958 Y-19.520 Z-4.600 F400.000
G1 X-19.316 Y-19.313 Z-4.600 F400.000
G1 X-19.524 Y-19.154 Z-4.600 F400.000
G1 X-19.817 Y-18.861 Z-4.600 F400.000
G1 X-19.975 Y-18.654 Z-4.600 F400.000
G1 X-20.183 Y-18.295 Z-4.600 F400.000
G1 X-20.283 Y-18.054 Z-4.600 F400.000
G1 X-20.390 Y-17.654 Z-4.600 F400.000
G1 X-20.424 Y-17.395 Z-4.600 F400.000
G1 X-20.437 Y-17.188 Z-4.600 F400.000
G1 X-20.437 Y-3.000 Z-4.600 F400.000
G0 X-20.437 Y-3.000 Z5.000
G0 X-20.437 Y-228.000 Z5.000
G0 X-20.437 Y-228.000 Z3.000
G1 X-20.430 Y-203.927 Z2.159 F400.000
G1 X-20.396 Y-203.586 Z2.147 F400.000
G1 X-20.336 Y-203.281 Z2.137 F400.000
G1 X-20.236 Y-202.952 Z2.125 F400.000
G1 X-20.117 Y-202.665 Z2.114 F400.000
G1 X-19.955 Y-202.362 Z2.102 F400.000
G1 X-19.782 Y-202.104 Z2.091 F400.000
G1 X-19.565 Y-201.838 Z2.079 F400.000
G1 X-19.345 Y-201.618 Z2.068 F400.000
G1 X-19.079 Y-201.401 Z2.056 F400.000
G1 X-18.821 Y-201.228 Z2.045 F400.000
G1 X-18.518 Y-201.066 Z2.033 F400.000
G1 X-18.231 Y-200.947 Z2.022 F400.000
G1 X-17.902 Y-200.847 Z2.010 F400.000
G1 X-17.597 Y-200.787 Z1.999 F400.000
G1 X-17.100 Y-200.745 Z1.982 F400.000
G1 X-14.328 Y-200.745 Z1.885 F400.000
G1 X-14.220 Y-200.735 Z1.881 F400.000
G1 X-14.191 Y-200.726 Z1.880 F400.000
G1 X-14.164 Y-200.712 Z1.879 F400.000
G1 X-14.141 Y-200.692 Z1.878 F400.000
G1 X-14.121 Y-200.669 Z1.877 F400.000
G1 X-14.107 Y-200.642 Z1.876 F400.000
G1 X-14.098 Y-200.613 Z1.875 F400.000
G1 X-14.088 Y-200.505 Z1.871 F400.000
G1 X-14.087 Y-198.798 Z1.812 F400.000
G1 X-14.098 Y-198.690 Z1.808 F400.000
G1 X-14.107 Y-198.661 Z1.807 F400.000
G1 X-14.121 Y-198.634 Z1.806 F400.000
G1 X-14.141 Y-198.611 Z1.805 F400.000
G1 X-14.164 Y-198.592 Z1.804 F400.000
G1 X-14.191 Y-198.577 Z1.803 F400.000
G1 X-14.220 Y-198.569 Z1.802 F400.000
G1 X-14.330 Y-198.558 Z1.798 F400.000
G1 X-17.256 Y-198.550 Z1.695 F400.000
G1 X-17.597 Y-198.517 Z1.684 F400.000
G1 X-17.902 Y-198.456 Z1.673 F400.000
G1 X-18.231 Y-198.356 Z1.661 F400.000
G1 X-18.518 Y-198.237 Z1.650 F400.000
G1 X-18.821 Y-198.076 Z1.638 F400.000
G1 X-19.079 Y-197.903 Z1.627 F400.000
G1 X-19.345 Y-197.685 Z1.615 F400.000
G1 X-19.565 Y-197.465 Z1.604 F400.000
G1 X-19.782 Y-197.200 Z1.592 F400.000
G1 X-19.955 Y-196.941 Z1.581 F400.000
G1 X-20.117 Y-196.638 Z1.569 F400.000
G1 X-20.236 Y-196.351 Z1.558 F400.000
G1 X-20.336 Y-196.023 Z1.546 F400.000
G1 X-20.396 Y-195.717 Z1.536 F400.000
G1 X-20.437 Y-195.220 Z1.518 F400.000
G1 X-20.435 Y-186.654 Z1.219 F400.000
G1 X-20.406 Y-186.291 Z1.206 F400.000
G1 X-20.337 Y-185.934 Z1.194 F400.000
G1 X-20.230 Y-185.586 Z1.181 F400.000
G1 X-20.125 Y-185.330 Z1.171 F400.000
G1 X-16.238 Y-176.994 Z0.850 F400.000
G1 X-16.215 Y-176.938 Z0.848 F400.000
G1 X-16.210 Y-176.921 Z0.847 F400.000
G1 X-16.207 Y-176.903 Z0.847 F400.000
G1 X-16.204 Y-176.843 Z0.845 F400.000
G1 X-16.204 Y-173.952 Z0.744 F400.000
G1 X-16.215 Y-173.843 Z0.740 F400.000
G1 X-16.224 Y-173.814 Z0.739 F400.000
G1 X-16.238 Y-173.788 Z0.738 F400.000
G1 X-16.257 Y-173.764 Z0.737 F400.000
G1 X-16.281 Y-173.745 Z0.736 F400.000
G1 X-16.307 Y-173.731 Z0.734 F400.000
G1 X-16.336 Y-173.722 Z0.733 F400.000
G1 X-16.445 Y-173.711 Z0.730 F400.000
G1 X-17.850 Y-173.711 Z0.681 F400.000
G1 X-18.057 Y-173.697 Z0.673 F400.000
G1 X-18.316 Y-173.663 Z0.664 F400.000
G1 X-18.716 Y-173.556 Z0.650 F400.000
G1 X-18.958 Y-173.456 Z0.641 F400.000
G1 X-19.316 Y-173.249 Z0.626 F400.000
G1 X-19.524 Y-173.090 Z0.617 F400.000
G1 X-19.817 Y-172.797 Z0.603 F400.000
G1 X-19.975 Y-172.590 Z0.593 F400.000
G1 X-20.183 Y-172.231 Z0.579 F400.000
G1 X-20.283 Y-171.990 Z0.570 F400.000
G1 X-20.390 Y-171.590 Z0.555 F400.000
G1 X-20.424 Y-171.331 Z0.546 F400.000
G1 X-20.437 Y-171.124 Z0.539 F400.000
G1 X-20.435 Y-148.170 Z-0.263 F400.000
G1 X-20.406 Y-147.807 Z-0.275 F400.000
G1 X-20.337 Y-147.450 Z-0.288 F400.000
G1 X-20.230 Y-147.102 Z-0.301 F400.000
G1 X-20.125 Y-146.846 Z-0.310 F400.000
G1 X-16.238 Y-138.510 Z-0.632 F400.000
G1 X-16.215 Y-138.454 Z-0.634 F400.000
G1 X-16.210 Y-138.437 Z-0.634 F400.000
G1 X-16.207 Y-138.419 Z-0.635 F400.000
G1 X-16.204 Y-138.359 Z-0.637 F400.000
G1 X-16.204 Y-135.468 Z-0.738 F400.000
G1 X-16.215 Y-135.359 Z-0.742 F400.000
G1 X-16.224 Y-135.330 Z-0.743 F400.000
G1 X-16.238 Y-135.304 Z-0.744 F400.000
G1 X-16.257 Y-135.280 Z-0.745 F400.000
G1 X-16.281 Y-135.261 Z-0.746 F400.000
G1 X-16.307 Y-135.247 Z-0.747 F400.000
G1 X-16.336 Y-135.238 Z-0.748 F400.000
G1 X-16.445 Y-135.227 Z-0.752 F400.000
G1 X-17.850 Y-135.227 Z-0.801 F400.000
G1 X-18.057 Y-135.213 Z-0.808 F400.000
G1 X-18.316 Y-135.179 Z-0.817 F400.000
G1 X-18.716 Y-135.072 Z-0.832 F400.000
G1 X-18.958 Y-134.972 Z-0.841 F400.000
G1 X-19.316 Y-134.765 Z-0.855 F400.000
G1 X-19.524 Y-134.606 Z-0.865 F400.000
G1 X-19.817 Y-134.313 Z-0.879 F400.000
G1 X-19.975 Y-134.106 Z-0.888 F400.000
G1 X-20.145 Y-133.812 Z-0.900 F400.000
G1 X-19.975 Y-134.106 Z-0.912 F400.000
G1 X-19.817 Y-134.313 Z-0.921 F400.000
G1 X-19.524 Y-134.606 Z-0.935 F400.000
G1 X-19.316 Y-134.765 Z-0.945 F400.000
G1 X-18.958 Y-134.972 Z-0.959 F400.000
G1 X-18.716 Y-135.072 Z-0.968 F400.000
G1 X-18.316 Y-135.179 Z-0.983 F400.000
G1 X-18.057 Y-135.213 Z-0.992 F400.000
G1 X-17.850 Y-135.227 Z-0.999 F400.000
G1 X-16.445 Y-135.227 Z-1.048 F400.000
G1 X-16.336 Y-135.238 Z-1.052 F400.000
G1 X-16.307 Y-135.247 Z-1.053 F400.000
G1 X-16.281 Y-135.261 Z-1.054 F400.000
G1 X-16.257 Y-135.280 Z-1.055 F400.000
G1 X-16.238 Y-135.304 Z-1.056 F400.000
G1 X-16.224 Y-135.330 Z-1.057 F400.000
G1 X-16.215 Y-135.359 Z-1.058 F400.000
G1 X-16.204 Y-135.468 Z-1.062 F400.000
G1 X-16.204 Y-138.359 Z-1.163 F400.000
G1 X-16.207 Y-138.419 Z-1.165 F400.000
G1 X-16.210 Y-138.437 Z-1.166 F400.000
G1 X-16.215 Y-138.454 Z-1.166 F400.000
G1 X-16.238 Y-138.510 Z-1.168 F400.000
G1 X-20.125 Y-146.846 Z-1.490 F400.000
G1 X-20.230 Y-147.102 Z-1.499 F400.000
G1 X-20.337 Y-147.450 Z-1.512 F400.000
G1 X-20.406 Y-147.807 Z-1.525 F400.000
G1 X-20.435 Y-148.170 Z-1.537 F400.000
G1 X-20.437 Y-171.124 Z-2.339 F400.000
G1 X-20.424 Y-171.331 Z-2.346 F400.000
G1 X-20.390 Y-171.590 Z-2.355 F400.000
G1 X-20.283 Y-171.990 Z-2.370 F400.000
G1 X-20.183 Y-172.231 Z-2.379 F400.000
G1 X-19.975 Y-172.590 Z-2.393 F400.000
G1 X-19.817 Y-172.797 Z-2.403 F400.000
G1 X-19.524 Y-173.090 Z-2.417 F400.000
G1 X-19.316 Y-173.249 Z-2.426 F400.000
G1 X-18.958 Y-173.456 Z-2.441 F400.000
G1 X-18.716 Y-173.556 Z-2.450 F400.000
G1 X-18.316 Y-173.663 Z-2.464 F400.000
G1 X-18.057 Y-173.697 Z-2.473 F400.000
G1 X-17.850 Y-173.711 Z-2.481 F400.000
G1 X-16.445 Y-173.711 Z-2.530 F400.000
G1 X-16.336 Y-173.722 Z-2.533 F400.000
G1 X-16.307 Y-173.731 Z-2.534 F400.000
G1 X-16.281 Y-173.745 Z-2.536 F400.000
G1 X-16.257 Y-173.764 Z-2.537 F400.000
G1 X-16.238 Y-173.788 Z-2.538 F400.000
G1 X-16.224 Y-173.814 Z-2.539 F400.000
G1 X-16.215 Y-173.843 Z-2.540 F400.000
G1 X-16.204 Y-173.952 Z-2.544 F400.000
G1 X-16.204 Y-176.843 Z-2.645 F400.000
G1 X-16.207 Y-176.903 Z-2.647 F400.000
G1 X-16.210 Y-176.921 Z-2.647 F400.000
G1 X-16.215 Y-176.938 Z-2.648 F400.000
G1 X-16.238 Y-176.994 Z-2.650 F400.000
G1 X-20.125 Y-185.330 Z-2.971 F400.000
G1 X-20.230 Y-185.586 Z-2.981 F400.000
G1 X-20.337 Y-185.934 Z-2.994 F400.000
G1 X-20.406 Y-186.291 Z-3.006 F400.000
G1 X-20.435 Y-186.654 Z-3.019 F400.000
G1 X-20.437 Y-195.220 Z-3.318 F400.000
G1 X-20.396 Y-195.717 Z-3.336 F400.000
G1 X-20.336 Y-196.023 Z-3.346 F400.000
G1 X-20.236 Y-196.351 Z-3.358 F400.000
G1 X-20.117 Y-196.638 Z-3.369 F400.000
G1 X-19.955 Y-196.941 Z-3.381 F400.000
G1 X-19.782 Y-197.200 Z-3.392 F400.000
G1 X-19.565 Y-197.465 Z-3.404 F400.000
G1 X-19.345 Y-197.685 Z-3.415 F400.000
G1 X-19.079 Y-197.903 Z-3.427 F400.000
G1 X-18.821 Y-198.076 Z-3.438 F400.000
G1 X-18.518 Y-198.237 Z-3.450 F400.000
G1 X-18.231 Y-198.356 Z-3.461 F400.000
G1 X-17.902 Y-198.456 Z-3.473 F400.000
G1 X-17.597 Y-198.517 Z-3.484 F400.000
G1 X-17.256 Y-198.550 Z-3.495 F400.000
G1 X-14.330 Y-198.558 Z-3.598 F400.000
G1 X-14.220 Y-198.569 Z-3.602 F400.000
G1 X-14.191 Y-198.577 Z-3.603 F400.000
G1 X-14.164 Y-198.592 Z-3.604 F400.000
G1 X-14.141 Y-198.611 Z-3.605 F400.000
G1 X-14.121 Y-198.634 Z-3.606 F400.000
G1 X-14.107 Y-198.661 Z-3.607 F400.000
G1 X-14.098 Y-198.690 Z-3.608 F400.000
G1 X-14.087 Y-198.798 Z-3.612 F400.000
G1 X-14.088 Y-200.505 Z-3.671 F400.000
G1 X-14.098 Y-200.613 Z-3.675 F400.000
G1 X-14.107 Y-200.642 Z-3.676 F400.000
G1 X-14.121 Y-200.669 Z-3.677 F400.000
G1 X-14.141 Y-200.692 Z-3.678 F400.000
G1 X-14.164 Y-200.712 Z-3.679 F400.000
G1 X-14.191 Y-200.726 Z-3.680 F400.000
G1 X-14.220 Y-200.735 Z-3.681 F400.000
G1 X-14.328 Y-200.745 Z-3.685 F400.000
G1 X-17.100 Y-200.745 Z-3.782 F400.000
G1 X-17.597 Y-200.787 Z-3.799 F400.000
G1 X-17.902 Y-200.847 Z-3.810 F400.000
G1 X-18.231 Y-200.947 Z-3.822 F400.000
G1 X-18.518 Y-201.066 Z-3.833 F400.000
G1 X-18.821 Y-201.228 Z-3.845 F400.000
G1 X-19.079 Y-201.401 Z-3.856 F400.000
G1 X-19.345 Y-201.618 Z-3.868 F400.000
G1 X-19.565 Y-201.838 Z-3.879 F400.000
G1 X-19.782 Y-202.104 Z-3.891 F400.000
G1 X-19.955 Y-202.362 Z-3.902 F400.000
G1 X-20.117 Y-202.665 Z-3.914 F400.000
G1 X-20.236 Y-202.952 Z-3.925 F400.000
G1 X-20.336 Y-203.281 Z-3.937 F400.000
G1 X-20.396 Y-203.586 Z-3.947 F400.000
G1 X-20.430 Y-203.927 Z-3.959 F400.000
G1 X-20.437 Y-228.000 Z-4.800 F400.000
G1 X-20.430 Y-203.927 Z-4.800 F400.000
G1 X-20.396 Y-203.586 Z-4.800 F400.000
G1 X-20.336 Y-203.281 Z-4.800 F400.000
G1 X-20.236 Y-202.952 Z-4.800 F400.000
G1 X-20.117 Y-202.665 Z-4.800 F400.000
G1 X-19.955 Y-202.362 Z-4.800 F400.000
G1 X-19.782 Y-202.104 Z-4.800 F400.000
G1 X-19.565 Y-201.838 Z-4.800 F400.000
G1 X-19.345 Y-201.618 Z-4.800 F400.000
G1 X-19.079 Y-201.401 Z-4.800 F400.000
G1 X-18.821 Y-201.228 Z-4.800 F400.000
G1 X-18.518 Y-201.066 Z-4.800 F400.000
G1 X-18.231 Y-200.947 Z-4.800 F400.000
G1 X-17.902 Y-200.847 Z-4.800 F400.000
G1 X-17.597 Y-200.787 Z-4.800 F400.000
G1 X-17.100 Y-200.745 Z-4.800 F400.000
G1 X-14.328 Y-200.745 Z-4.800 F400.000
G1 X-14.220 Y-200.735 Z-4.800 F400.000
G1 X-14.191 Y-200.726 Z-4.800 F400.000
G1 X-14.164 Y-200.712 Z-4.800 F400.000
G1 X-14.141 Y-200.692 Z-4.800 F400.000
G1 X-14.121 Y-200.669 Z-4.800 F400.000
G1 X-14.107 Y-200.642 Z-4.800 F400.000
G1 X-14.098 Y-200.613 Z-4.800 F400.000
G1 X-14.088 Y-200.505 Z-4.800 F400.000
G1 X-14.087 Y-198.798 Z-4.800 F400.000
G1 X-14.098 Y-198.690 Z-4.800 F400.000
G1 X-14.107 Y-198.661 Z-4.800 F400.000
G1 X-14.121 Y-198.634 Z-4.800 F400.000
G1 X-14.141 Y-198.611 Z-4.800 F400.000
G1 X-14.164 Y-198.592 Z-4.800 F400.000
G1 X-14.191 Y-198.577 Z-4.800 F400.000
G1 X-14.220 Y-198.569 Z-4.800 F400.000
G1 X-14.330 Y-198.558 Z-4.800 F400.000
G1 X-17.256 Y-198.550 Z-4.800 F400.000
G1 X-17.597 Y-198.517 Z-4.800 F400.000
G1 X-17.902 Y-198.456 Z-4.800 F400.000
G1 X-18.231 Y-198.356 Z-4.800 F400.000
G1 X-18.518 Y-198.237 Z-4.800 F400.000
G1 X-18.821 Y-198.076 Z-4.800 F400.000
G1 X-19.079 Y-197.903 Z-4.800 F400.000
G1 X-19.345 Y-197.685 Z-4.800 F400.000
G1 X-19.565 Y-197.465 Z-4.800 F400.000
G1 X-19.782 Y-197.200 Z-4.800 F400.000
G1 X-19.955 Y-196.941 Z-4.800 F400.000
G1 X-20.117 Y-196.638 Z-4.800 F400.000
G1 X-20.236 Y-196.351 Z-4.800 F400.000
G1 X-20.336 Y-196.023 Z-4.800 F400.000
G1 X-20.396 Y-195.717 Z-4.800 F400.000
G1 X-20.437 Y-195.220 Z-4.800 F400.000
G1 X-20.435 Y-186.654 Z-4.800 F400.000
G1 X-20.406 Y-186.291 Z-4.800 F400.000
G1 X-20.337 Y-185.934 Z-4.800 F400.000
G1 X-20.230 Y-185.586 Z-4.800 F400.000
G1 X-20.125 Y-185.330 Z-4.800 F400.000
G1 X-16.238 Y-176.994 Z-4.800 F400.000
G1 X-16.215 Y-176.938 Z-4.800 F400.000
G1 X-16.210 Y-176.921 Z-4.800 F400.000
G1 X-16.207 Y-176.903 Z-4.800 F400.000
G1 X-16.204 Y-176.843 Z-4.800 F400.000
G1 X-16.204 Y-173.952 Z-4.800 F400.000
G1 X-16.215 Y-173.843 Z-4.800 F400.000
G1 X-16.224 Y-173.814 Z-4.800 F400.000
G1 X-16.238 Y-173.788 Z-4.800 F400.000
G1 X-16.257 Y-173.764 Z-4.800 F400.000
G1 X-16.281 Y-173.745 Z-4.800 F400.000
G1 X-16.307 Y-173.731 Z-4.800 F400.000
G1 X-16.336 Y-173.722 Z-4.800 F400.000
G1 X-16.445 Y-173.711 Z-4.800 F400.000
G1 X-17.850 Y-173.711 Z-4.800 F400.000
G1 X-18.057 Y-173.697 Z-4.800 F400.000
G1 X-18.316 Y-173.663 Z-4.800 F400.000
G1 X-18.716 Y-173.556 Z-4.800 F400.000
G1 X-18.958 Y-173.456 Z-4.800 F400.000
G1 X-19.316 Y-173.249 Z-4.800 F400.000
G1 X-19.524 Y-173.090 Z-4.800 F400.000
G1 X-19.817 Y-172.797 Z-4.800 F400.000
G1 X-19.975 Y-172.590 Z-4.800 F400.000
G1 X-20.183 Y-172.231 Z-4.800 F400.000
G1 X-20.283 Y-171.990 Z-4.800 F400.000
G1 X-20.390 Y-171.590 Z-4.800 F400.000
G1 X-20.424 Y-171.331 Z-4.800 F400.000
G1 X-20.437 Y-171.124 Z-4.800 F400.000
G1 X-20.435 Y-148.170 Z-4.800 F400.000
G1 X-20.406 Y-147.807 Z-4.800 F400.000
G1 X-20.337 Y-147.450 Z-4.800 F400.000
G1 X-20.230 Y-147.102 Z-4.800 F400.000
G1 X-20.125 Y-146.846 Z-4.800 F400.000
G1 X-16.238 Y-138.510 Z-4.800 F400.000
G1 X-16.215 Y-138.454 Z-4.800 F400.000
G1 X-16.210 Y-138.437 Z-4.800 F400.000
G1 X-16.207 Y-138.419 Z-4.800 F400.000
G1 X-16.204 Y-138.359 Z-4.800 F400.000
G1 X-16.204 Y-135.468 Z-4.800 F400.000
G1 X-16.215 Y-135.359 Z-4.800 F400.000
G1 X-16.224 Y-135.330 Z-4.800 F400.000
G1 X-16.238 Y-135.304 Z-4.800 F400.000
G1 X-16.257 Y-135.280 Z-4.800 F400.000
G1 X-16.281 Y-135.261 Z-4.800 F400.000
G1 X-16.307 Y-135.247 Z-4.800 F400.000
G1 X-16.336 Y-135.238 Z-4.800 F400.000
G1 X-16.445 Y-135.227 Z-4.800 F400.000
G1 X-17.850 Y-135.227 Z-4.800 F400.000
G1 X-18.057 Y-135.213 Z-4.800 F400.000
G1 X-18.316 Y-135.179 Z-4.800 F400.000
G1 X-18.716 Y-135.072 Z-4.800 F400.000
G1 X-18.958 Y-134.972 Z-4.800 F400.000
G1 X-19.316 Y-134.765 Z-4.800 F400.000
G1 X-19.524 Y-134.606 Z-4.800 F400.000
G1 X-19.817 Y-134.313 Z-4.800 F400.000
G1 X-19.975 Y-134.106 Z-4.800 F400.000
G1 X-20.183 Y-133.747 Z-4.800 F400.000
G1 X-20.283 Y-133.506 Z-4.800 F400.000
G1 X-20.390 Y-133.106 Z-4.800 F400.000
G1 X-20.424 Y-132.847 Z-4.800 F400.000
G1 X-20.437 Y-132.640 Z-4.800 F400.000
G1 X-20.435 Y-109.686 Z-4.800 F400.000
G1 X-20.406 Y-109.323 Z-4.800 F400.000
G1 X-20.337 Y-108.966 Z-4.800 F400.000
G1 X-20.230 Y-108.618 Z-4.800 F400.000
G1 X-20.125 Y-108.362 Z-4.800 F400.000
G1 X-16.238 Y-100.026 Z-4.800 F400.000
G1 X-16.215 Y-99.969 Z-4.800 F400.000
G1 X-16.210 Y-99.953 Z-4.800 F400.000
G1 X-16.207 Y-99.935 Z-4.800 F400.000
G1 X-16.204 Y-99.875 Z-4.800 F400.000
G1 X-16.204 Y-96.984 Z-4.800 F400.000
G1 X-16.215 Y-96.875 Z-4.800 F400.000
G1 X-16.224 Y-96.846 Z-4.800 F400.000
G1 X-16.238 Y-96.820 Z-4.800 F400.000
G1 X-16.257 Y-96.796 Z-4.800 F400.000
G1 X-16.281 Y-96.777 Z-4.800 F400.000
G1 X-16.307 Y-96.762 Z-4.800 F400.000
G1 X-16.336 Y-96.754 Z-4.800 F400.000
G1 X-16.445 Y-96.743 Z-4.800 F400.000
G1 X-17.850 Y-96.743 Z-4.800 F400.000
G1 X-18.057 Y-96.729 Z-4.800 F400.000
G1 X-18.316 Y-96.695 Z-4.800 F400.000
G1 X-18.716 Y-96.588 Z-4.800 F400.000
G1 X-18.958 Y-96.488 Z-4.800 F400.000
G1 X-19.316 Y-96.281 Z-4.800 F400.000
G1 X-19.524 Y-96.122 Z-4.800 F400.000
G1 X-19.817 Y-95.829 Z-4.800 F400.000
G1 X-19.975 Y-95.622 Z-4.800 F400.000
G1 X-20.183 Y-95.263 Z-4.800 F400.000
G1 X-20.283 Y-95.022 Z-4.800 F400.000
G1 X-20.390 Y-94.622 Z-4.800 F400.000
G1 X-20.424 Y-94.363 Z-4.800 F400.000
G1 X-20.437 Y-94.156 Z-4.800 F400.000
G1 X-20.435 Y-71.202 Z-4.800 F400.000
G1 X-20.406 Y-70.839 Z-4.800 F400.000
G1 X-20.337 Y-70.482 Z-4.800 F400.000
G1 X-20.230 Y-70.134 Z-4.800 F400.000
G1 X-20.125 Y-69.878 Z-4.800 F400.000
G1 X-16.238 Y-61.542 Z-4.800 F400.000
G1 X-16.215 Y-61.485 Z-4.800 F400.000
G1 X-16.210 Y-61.469 Z-4.800 F400.000
G1 X-16.207 Y-61.451 Z-4.800 F400.000
G1 X-16.204 Y-61.391 Z-4.800 F400.000
G1 X-16.204 Y-58.500 Z-4.800 F400.000
G1 X-16.215 Y-58.391 Z-4.800 F400.000
G1 X-16.224 Y-58.362 Z-4.800 F400.000
G1 X-16.238 Y-58.336 Z-4.800 F400.000
G1 X-16.257 Y-58.312 Z-4.800 F400.000
G1 X-16.281 Y-58.293 Z-4.800 F400.000
G1 X-16.307 Y-58.278 Z-4.800 F400.000
G1 X-16.336 Y-58.270 Z-4.800 F400.000
G1 X-16.445 Y-58.259 Z-4.800 F400.000
G1 X-17.850 Y-58.259 Z-4.800 F400.000
G1 X-18.057 Y-58.245 Z-4.800 F400.000
G1 X-18.316 Y-58.211 Z-4.800 F400.000
G1 X-18.716 Y-58.104 Z-4.800 F400.000
G1 X-18.958 Y-58.004 Z-4.800 F400.000
G1 X-19.316 Y-57.797 Z-4.800 F400.000
G1 X-19.524 Y-57.638 Z-4.800 F400.000
G1 X-19.817 Y-57.345 Z-4.800 F400.000
G1 X-19.975 Y-57.138 Z-4.800 F400.000
G1 X-20.183 Y-56.779 Z-4.800 F400.000
G1 X-20.283 Y-56.538 Z-4.800 F400.000
G1 X-20.390 Y-56.138 Z-4.800 F400.000
G1 X-20.424 Y-55.879 Z-4.800 F400.000
G1 X-20.437 Y-55.672 Z-4.800 F400.000
G1 X-20.435 Y-32.718 Z-4.800 F400.000
G1 X-20.406 Y-32.355 Z-4.800 F400.000
G1 X-20.337 Y-31.998 Z-4.800 F400.000
G1 X-20.230 Y-31.650 Z-4.800 F400.000
G1 X-20.125 Y-31.394 Z-4.800 F400.000
G1 X-16.238 Y-23.058 Z-4.800 F400.000
G1 X-16.215 Y-23.001 Z-4.800 F400.000
G1 X-16.210 Y-22.985 Z-4.800 F400.000
G1 X-16.207 Y-22.967 Z-4.800 F400.000
G1 X-16.204 Y-22.907 Z-4.800 F400.000
G1 X-16.204 Y-20.015 Z-4.800 F400.000
G1 X-16.215 Y-19.907 Z-4.800 F400.000
G1 X-16.224 Y-19.878 Z-4.800 F400.000
G1 X-16.238 Y-19.851 Z-4.800 F400.000
G1 X-16.257 Y-19.828 Z-4.800 F400.000
G1 X-16.281 Y-19.809 Z-4.800 F400.000
G1 X-16.307 Y-19.794 Z-4.800 F400.000
G1 X-16.336 Y-19.786 Z-4.800 F400.000
G1 X-16.445 Y-19.775 Z-4.800 F400.000
G1 X-17.850 Y-19.775 Z-4.800 F400.000
G1 X-18.057 Y-19.761 Z-4.800 F400.000
G1 X-18.316 Y-19.727 Z-4.800 F400.000
G1 X-18.716 Y-19.620 Z-4.800 F400.000
G1 X-18.958 Y-19.520 Z-4.800 F400.000
G1 X-19.316 Y-19.313 Z-4.800 F400.000
G1 X-19.524 Y-19.154 Z-4.800 F400.000
G1 X-19.817 Y-18.861 Z-4.800 F400.000
G1 X-19.975 Y-18.654 Z-4.800 F400.000
G1 X-20.183 Y-18.295 Z-4.800 F400.000
G1 X-20.283 Y-18.054 Z-4.800 F400.000
G1 X-20.390 Y-17.654 Z-4.800 F400.000
G1 X-20.424 Y-17.395 Z-4.800 F400.000
G1 X-20.437 Y-17.188 Z-4.800 F400.000
G1 X-20.437 Y-3.000 Z-4.800 F400.000
G0 X-20.437 Y-3.000 Z5.000
G0 X-20.437 Y-228.000 Z5.000
G0 X-20.437 Y-228.000 Z3.000
G1 X-20.430 Y-203.927 Z2.159 F400.000
G1 X-20.396 Y-203.586 Z2.147 F400.000
G1 X-20.336 Y-203.281 Z2.137 F400.000
G1 X-20.236 Y-202.952 Z2.125 F400.000
G1 X-20.117 Y-202.665 Z2.114 F400.000
G1 X-19.955 Y-202.362 Z2.102 F400.000
G1 X-19.782 Y-202.104 Z2.091 F400.000
G1 X-19.565 Y-201.838 Z2.079 F400.000
G1 X-19.345 Y-201.618 Z2.068 F400.000
G1 X-19.079 Y-201.401 Z2.056 F400.000
G1 X-18.821 Y-201.228 Z2.045 F400.000
G1 X-18.518 Y-201.066 Z2.033 F400.000
G1 X-18.231 Y-200.947 Z2.022 F400.000
G1 X-17.902 Y-200.847 Z2.010 F400.000
G1 X-17.597 Y-200.787 Z1.999 F400.000
G1 X-17.100 Y-200.745 Z1.982 F400.000
G1 X-14.328 Y-200.745 Z1.885 F400.000
G1 X-14.220 Y-200.735 Z1.881 F400.000
G1 X-14.191 Y-200.726 Z1.880 F400.000
G1 X-14.164 Y-200.712 Z1.879 F400.000
G1 X-14.141 Y-200.692 Z1.878 F400.000
G1 X-14.121 Y-200.669 Z1.877 F400.000
G1 X-14.107 Y-200.642 Z1.876 F400.000
G1 X-14.098 Y-200.613 Z1.875 F400.000
G1 X-14.088 Y-200.505 Z1.871 F400.000
G1 X-14.087 Y-198.798 Z1.812 F400.000
G1 X-14.098 Y-198.690 Z1.808 F400.000
G1 X-14.107 Y-198.661 Z1.807 F400.000
G1 X-14.121 Y-198.634 Z1.806 F400.000
G1 X-14.141 Y-198.611 Z1.805 F400.000
G1 X-14.164 Y-198.592 Z1.804 F400.000
G1 X-14.191 Y-198.577 Z1.803 F400.000
G1 X-14.220 Y-198.569 Z1.802 F400.000
G1 X-14.330 Y-198.558 Z1.798 F400.000
G1 X-17.256 Y-198.550 Z1.695 F400.000
G1 X-17.597 Y-198.517 Z1.684 F400.000
G1 X-17.902 Y-198.456 Z1.673 F400.000
G1 X-18.231 Y-198.356 Z1.661 F400.000
G1 X-18.518 Y-198.237 Z1.650 F400.000
G1 X-18.821 Y-198.076 Z1.638 F400.000
G1 X-19.079 Y-197.903 Z1.627 F400.000
G1 X-19.345 Y-197.685 Z1.615 F400.000
G1 X-19.565 Y-197.465 Z1.604 F400.000
G1 X-19.782 Y-197.200 Z1.592 F400.000
G1 X-19.955 Y-196.941 Z1.581 F400.000
G1 X-20.117 Y-196.638 Z1.569 F400.000
G1 X-20.236 Y-196.351 Z1.558 F400.000
G1 X-20.336 Y-196.023 Z1.546 F400.000
G1 X-20.396 Y-195.717 Z1.536 F400.000
G1 X-20.437 Y-195.220 Z1.518 F400.000
G1 X-20.435 Y-186.654 Z1.219 F400.000
G1 X-20.406 Y-186.291 Z1.206 F400.000
G1 X-20.337 Y-185.934 Z1.194 F400.000
G1 X-20.230 Y-185.586 Z1.181 F400.000
G1 X-20.125 Y-185.330 Z1.171 F400.000
G1 X-16.238 Y-176.994 Z0.850 F400.000
G1 X-16.215 Y-176.938 Z0.848 F400.000
G1 X-16.210 Y-176.921 Z0.847 F400.000
G1 X-16.207 Y-176.903 Z0.847 F400.000
G1 X-16.204 Y-176.843 Z0.845 F400.000
G1 X-16.204 Y-173.952 Z0.744 F400.000
G1 X-16.215 Y-173.843 Z0.740 F400.000
G1 X-16.224 Y-173.814 Z0.739 F400.000
G1 X-16.238 Y-173.788 Z0.738 F400.000
G1 X-16.257 Y-173.764 Z0.737 F400.000
G1 X-16.281 Y-173.745 Z0.736 F400.000
G1 X-16.307 Y-173.731 Z0.734 F400.000
G1 X-16.336 Y-173.722 Z0.733 F400.000
G1 X-16.445 Y-173.711 Z0.730 F400.000
G1 X-17.850 Y-173.711 Z0.681 F400.000
G1 X-18.057 Y-173.697 Z0.673 F400.000
G1 X-18.316 Y-173.663 Z0.664 F400.000
G1 X-18.716 Y-173.556 Z0.650 F400.000
G1 X-18.958 Y-173.456 Z0.641 F400.000
G1 X-19.316 Y-173.249 Z0.626 F400.000
G1 X-19.524 Y-173.090 Z0.617 F400.000
G1 X-19.817 Y-172.797 Z0.603 F400.000
G1 X-19.975 Y-172.590 Z0.593 F400.000
G1 X-20.183 Y-172.231 Z0.579 F400.000
G1 X-20.283 Y-171.990 Z0.570 F400.000
G1 X-20.390 Y-171.590 Z0.555 F400.000
G1 X-20.424 Y-171.331 Z0.546 F400.000
G1 X-20.437 Y-171.124 Z0.539 F400.000
G1 X-20.435 Y-148.170 Z-0.263 F400.000
G1 X-20.406 Y-147.807 Z-0.275 F400.000
G1 X-20.337 Y-147.450 Z-0.288 F400.000
G1 X-20.230 Y-147.102 Z-0.301 F400.000
G1 X-20.125 Y-146.846 Z-0.310 F400.000
G1 X-16.238 Y-138.510 Z-0.632 F400.000
G1 X-16.215 Y-138.454 Z-0.634 F400.000
G1 X-16.210 Y-138.437 Z-0.634 F400.000
G1 X-16.207 Y-138.419 Z-0.635 F400.000
G1 X-16.204 Y-138.359 Z-0.637 F400.000
G1 X-16.204 Y-135.468 Z-0.738 F400.000
G1 X-16.215 Y-135.359 Z-0.742 F400.000
G1 X-16.224 Y-135.330 Z-0.743 F400.000
G1 X-16.238 Y-135.304 Z-0.744 F400.000
G1 X-16.257 Y-135.280 Z-0.745 F400.000
G1 X-16.281 Y-135.261 Z-0.746 F400.000
G1 X-16.307 Y-135.247 Z-0.747 F400.000
G1 X-16.336 Y-135.238 Z-0.748 F400.000
G1 X-16.445 Y-135.227 Z-0.752 F400.000
G1 X-17.850 Y-135.227 Z-0.801 F400.000
G1 X-18.057 Y-135.213 Z-0.808 F400.000
G1 X-18.316 Y-135.179 Z-0.817 F400.000
G1 X-18.716 Y-135.072 Z-0.832 F400.000
G1 X-18.958 Y-134.972 Z-0.841 F400.000
G1 X-19.316 Y-134.765 Z-0.855 F400.000
G1 X-19.524 Y-134.606 Z-0.865 F400.000
G1 X-19.817 Y-134.313 Z-0.879 F400.000
G1 X-19.975 Y-134.106 Z-0.888 F400.000
G1 X-20.183 Y-133.747 Z-0.903 F400.000
G1 X-20.283 Y-133.506 Z-0.912 F400.000
G1 X-20.390 Y-133.106 Z-0.926 F400.000
G1 X-20.424 Y-132.847 Z-0.935 F400.000
G1 X-20.437 Y-132.640 Z-0.943 F400.000
G1 X-20.437 Y-130.995 Z-1.000 F400.000
G1 X-20.437 Y-132.640 Z-1.057 F400.000
G1 X-20.424 Y-132.847 Z-1.065 F400.000
G1 X-20.390 Y-133.106 Z-1.074 F400.000
G1 X-20.283 Y-133.506 Z-1.088 F400.000
G1 X-20.183 Y-133.747 Z-1.097 F400.000
G1 X-19.975 Y-134.106 Z-1.112 F400.000
G1 X-19.817 Y-134.313 Z-1.121 F400.000
G1 X-19.524 Y-134.606 Z-1.135 F400.000
G1 X-19.316 Y-134.765 Z-1.145 F400.000
G1 X-18.958 Y-134.972 Z-1.159 F400.000
G1 X-18.716 Y-135.072 Z-1.168 F400.000
G1 X-18.316 Y-135.179 Z-1.183 F400.000
G1 X-18.057 Y-135.213 Z-1.192 F400.000
G1 X-17.850 Y-135.227 Z-1.199 F400.000
G1 X-16.445 Y-135.227 Z-1.248 F400.000
G1 X-16.336 Y-135.238 Z-1.252 F400.000
G1 X-16.307 Y-135.247 Z-1.253 F400.000
G1 X-16.281 Y-135.261 Z-1.254 F400.000
G1 X-16.257 Y-135.280 Z-1.255 F400.000
G1 X-16.238 Y-135.304 Z-1.256 F400.000
G1 X-16.224 Y-135.330 Z-1.257 F400.000
G1 X-16.215 Y-135.359 Z-1.258 F400.000
G1 X-16.204 Y-135.468 Z-1.262 F400.000
G1 X-16.204 Y-138.359 Z-1.363 F400.000
G1 X-16.207 Y-138.419 Z-1.365 F400.000
G1 X-16.210 Y-138.437 Z-1.366 F400.000
G1 X-16.215 Y-138.454 Z-1.366 F400.000
G1 X-16.238 Y-138.510 Z-1.368 F400.000
G1 X-20.125 Y-146.846 Z-1.690 F400.000
G1 X-20.230 Y-147.102 Z-1.699 F400.000
G1 X-20.337 Y-147.450 Z-1.712 F400.000
G1 X-20.406 Y-147.807 Z-1.725 F400.000
G1 X-20.435 Y-148.170 Z-1.737 F400.000
G1 X-20.437 Y-171.124 Z-2.539 F400.000
G1 X-20.424 Y-171.331 Z-2.546 F400.000
G1 X-20.390 Y-171.590 Z-2.555 F400.000
G1 X-20.283 Y-171.990 Z-2.570 F400.000
G1 X-20.183 Y-172.231 Z-2.579 F400.000
G1 X-19.975 Y-172.590 Z-2.593 F400.000
G1 X-19.817 Y-172.797 Z-2.603 F400.000
G1 X-19.524 Y-173.090 Z-2.617 F400.000
G1 X-19.316 Y-173.249 Z-2.626 F400.000
G1 X-18.958 Y-173.456 Z-2.641 F400.000
G1 X-18.716 Y-173.556 Z-2.650 F400.000
G1 X-18.316 Y-173.663 Z-2.664 F400.000
G1 X-18.057 Y-173.697 Z-2.673 F400.000
G1 X-17.850 Y-173.711 Z-2.681 F400.000
G1 X-16.445 Y-173.711 Z-2.730 F400.000
G1 X-16.336 Y-173.722 Z-2.733 F400.000
G1 X-16.307 Y-173.731 Z-2.734 F400.000
G1 X-16.281 Y-173.745 Z-2.736 F400.000
G1 X-16.257 Y-173.764 Z-2.737 F400.000
G1 X-16.238 Y-173.788 Z-2.738 F400.000
G1 X-16.224 Y-173.814 Z-2.739 F400.000
G1 X-16.215 Y-173.843 Z-2.740 F400.000
G1 X-16.204 Y-173.952 Z-2.744 F400.000
G1 X-16.204 Y-176.843 Z-2.845 F400.000
G1 X-16.207 Y-176.903 Z-2.847 F400.000
G1 X-16.210 Y-176.921 Z-2.847 F400.000
G1 X-16.215 Y-176.938 Z-2.848 F400.000
G1 X-16.238 Y-176.994 Z-2.850 F400.000
G1 X-20.125 Y-185.330 Z-3.171 F400.000
G1 X-20.230 Y-185.586 Z-3.181 F400.000
G1 X-20.337 Y-185.934 Z-3.194 F400.000
G1 X-20.406 Y-186.291 Z-3.206 F400.000
G1 X-20.435 Y-186.654 Z-3.219 F400.000
G1 X-20.437 Y-195.220 Z-3.518 F400.000
G1 X-20.396 Y-195.717 Z-3.536 F400.000
G1 X-20.336 Y-196.023 Z-3.546 F400.000
G1 X-20.236 Y-196.351 Z-3.558 F400.000
G1 X-20.117 Y-196.638 Z-3.569 F400.000
G1 X-19.955 Y-196.941 Z-3.581 F400.000
G1 X-19.782 Y-197.200 Z-3.592 F400.000
G1 X-19.565 Y-197.465 Z-3.604 F400.000
G1 X-19.345 Y-197.685 Z-3.615 F400.000
G1 X-19.079 Y-197.903 Z-3.627 F400.000
G1 X-18.821 Y-198.076 Z-3.638 F400.000
G1 X-18.518 Y-198.237 Z-3.650 F400.000
G1 X-18.231 Y-198.356 Z-3.661 F400.000
G1 X-17.902 Y-198.456 Z-3.673 F400.000
G1 X-17.597 Y-198.517 Z-3.684 F400.000
G1 X-17.256 Y-198.550 Z-3.695 F400.000
G1 X-14.330 Y-198.558 Z-3.798 F400.000
G1 X-14.220 Y-198.569 Z-3.802 F400.000
G1 X-14.191 Y-198.577 Z-3.803 F400.000
G1 X-14.164 Y-198.592 Z-3.804 F400.000
G1 X-14.141 Y-198.611 Z-3.805 F400.000
G1 X-14.121 Y-198.634 Z-3.806 F400.000
G1 X-14.107 Y-198.661 Z-3.807 F400.000
G1 X-14.098 Y-198.690 Z-3.808 F400.000
G1 X-14.087 Y-198.798 Z-3.812 F400.000
G1 X-14.088 Y-200.505 Z-3.871 F400.000
G1 X-14.098 Y-200.613 Z-3.875 F400.000
G1 X-14.107 Y-200.642 Z-3.876 F400.000
G1 X-14.121 Y-200.669 Z-3.877 F400.000
G1 X-14.141 Y-200.692 Z-3.878 F400.000
G1 X-14.164 Y-200.712 Z-3.879 F400.000
G1 X-14.191 Y-200.726 Z-3.880 F400.000
G1 X-14.220 Y-200.735 Z-3.881 F400.000
G1 X-14.328 Y-200.745 Z-3.885 F400.000
G1 X-17.100 Y-200.745 Z-3.982 F400.000
G1 X-17.597 Y-200.787 Z-3.999 F400.000
G1 X-17.902 Y-200.847 Z-4.010 F400.000
G1 X-18.231 Y-200.947 Z-4.022 F400.000
G1 X-18.518 Y-201.066 Z-4.033 F400.000
G1 X-18.821 Y-201.228 Z-4.045 F400.000
G1 X-19.079 Y-201.401 Z-4.056 F400.000
G1 X-19.345 Y-201.618 Z-4.068 F400.000
G1 X-19.565 Y-201.838 Z-4.079 F400.000
G1 X-19.782 Y-202.104 Z-4.091 F400.000
G1 X-19.955 Y-202.362 Z-4.102 F400.000
G1 X-20.117 Y-202.665 Z-4.114 F400.000
G1 X-20.236 Y-202.952 Z-4.125 F400.000
G1 X-20.336 Y-203.281 Z-4.137 F400.000
G1 X-20.396 Y-203.586 Z-4.147 F400.000
G1 X-20.430 Y-203.927 Z-4.159 F400.000
G1 X-20.437 Y-228.000 Z-5.000 F400.000
G1 X-20.430 Y-203.927 Z-5.000 F400.000
G1 X-20.396 Y-203.586 Z-5.000 F400.000
G1 X-20.336 Y-203.281 Z-5.000 F400.000
G1 X-20.236 Y-202.952 Z-5.000 F400.000
G1 X-20.117 Y-202.665 Z-5.000 F400.000
G1 X-19.955 Y-202.362 Z-5.000 F400.000
G1 X-19.782 Y-202.104 Z-5.000 F400.000
G1 X-19.565 Y-201.838 Z-5.000 F400.000
G1 X-19.345 Y-201.618 Z-5.000 F400.000
G1 X-19.079 Y-201.401 Z-5.000 F400.000
G1 X-18.821 Y-201.228 Z-5.000 F400.000
G1 X-18.518 Y-201.066 Z-5.000 F400.000
G1 X-18.231 Y-200.947 Z-5.000 F400.000
G1 X-17.902 Y-200.847 Z-5.000 F400.000
G1 X-17.597 Y-200.787 Z-5.000 F400.000
G1 X-17.100 Y-200.745 Z-5.000 F400.000
G1 X-14.328 Y-200.745 Z-5.000 F400.000
G1 X-14.220 Y-200.735 Z-5.000 F400.000
G1 X-14.191 Y-200.726 Z-5.000 F400.000
G1 X-14.164 Y-200.712 Z-5.000 F400.000
G1 X-14.141 Y-200.692 Z-5.000 F400.000
G1 X-14.121 Y-200.669 Z-5.000 F400.000
G1 X-14.107 Y-200.642 Z-5.000 F400.000
G1 X-14.098 Y-200.613 Z-5.000 F400.000
G1 X-14.088 Y-200.505 Z-5.000 F400.000
G1 X-14.087 Y-198.798 Z-5.000 F400.000
G1 X-14.098 Y-198.690 Z-5.000 F400.000
G1 X-14.107 Y-198.661 Z-5.000 F400.000
G1 X-14.121 Y-198.634 Z-5.000 F400.000
G1 X-14.141 Y-198.611 Z-5.000 F400.000
G1 X-14.164 Y-198.592 Z-5.000 F400.000
G1 X-14.191 Y-198.577 Z-5.000 F400.000
G1 X-14.220 Y-198.569 Z-5.000 F400.000
G1 X-14.330 Y-198.558 Z-5.000 F400.000
G1 X-17.256 Y-198.550 Z-5.000 F400.000
G1 X-17.597 Y-198.517 Z-5.000 F400.000
G1 X-17.902 Y-198.456 Z-5.000 F400.000
G1 X-18.231 Y-198.356 Z-5.000 F400.000
G1 X-18.518 Y-198.237 Z-5.000 F400.000
G1 X-18.821 Y-198.076 Z-5.000 F400.000
G1 X-19.079 Y-197.903 Z-5.000 F400.000
G1 X-19.345 Y-197.685 Z-5.000 F400.000
G1 X-19.565 Y-197.465 Z-5.000 F400.000
G1 X-19.782 Y-197.200 Z-5.000 F400.000
G1 X-19.955 Y-196.941 Z-5.000 F400.000
G1 X-20.117 Y-196.638 Z-5.000 F400.000
G1 X-20.236 Y-196.351 Z-5.000 F400.000
G1 X-20.336 Y-196.023 Z-5.000 F400.000
G1 X-20.396 Y-195.717 Z-5.000 F400.000
G1 X-20.437 Y-195.220 Z-5.000 F400.000
G1 X-20.435 Y-186.654 Z-5.000 F400.000
G1 X-20.406 Y-186.291 Z-5.000 F400.000
G1 X-20.337 Y-185.934 Z-5.000 F400.000
G1 X-20.230 Y-185.586 Z-5.000 F400.000
G1 X-20.125 Y-185.330 Z-5.000 F400.000
G1 X-16.238 Y-176.994 Z-5.000 F400.000
G1 X-16.215 Y-176.938 Z-5.000 F400.000
G1 X-16.210 Y-176.921 Z-5.000 F400.000
G1 X-16.207 Y-176.903 Z-5.000 F400.000
G1 X-16.204 Y-176.843 Z-5.000 F400.000
G1 X-16.204 Y-173.952 Z-5.000 F400.000
G1 X-16.215 Y-173.843 Z-5.000 F400.000
G1 X-16.224 Y-173.814 Z-5.000 F400.000
G1 X-16.238 Y-173.788 Z-5.000 F400.000
G1 X-16.257 Y-173.764 Z-5.000 F400.000
G1 X-16.281 Y-173.745 Z-5.000 F400.000
G1 X-16.307 Y-173.731 Z-5.000 F400.000
G1 X-16.336 Y-173.722 Z-5.000 F400.000
G1 X-16.445 Y-173.711 Z-5.000 F400.000
G1 X-17.850 Y-173.711 Z-5.000 F400.000
G1 X-18.057 Y-173.697 Z-5.000 F400.000
G1 X-18.316 Y-173.663 Z-5.000 F400.000
G1 X-18.716 Y-173.556 Z-5.000 F400.000
G1 X-18.958 Y-173.456 Z-5.000 F400.000
G1 X-19.316 Y-173.249 Z-5.000 F400.000
G1 X-19.524 Y-173.090 Z-5.000 F400.000
G1 X-19.817 Y-172.797 Z-5.000 F400.000
G1 X-19.975 Y-172.590 Z-5.000 F400.000
G1 X-20.183 Y-172.231 Z-5.000 F400.000
G1 X-20.283 Y-171.990 Z-5.000 F400.000
G1 X-20.390 Y-171.590 Z-5.000 F400.000
G1 X-20.424 Y-171.331 Z-5.000 F400.000
G1 X-20.437 Y-171.124 Z-5.000 F400.000
G1 X-20.435 Y-148.170 Z-5.000 F400.000
G1 X-20.406 Y-147.807 Z-5.000 F400.000
G1 X-20.337 Y-147.450 Z-5.000 F400.000
G1 X-20.230 Y-147.102 Z-5.000 F400.000
G1 X-20.125 Y-146.846 Z-5.000 F400.000
G1 X-16.238 Y-138.510 Z-5.000 F400.000
G1 X-16.215 Y-138.454 Z-5.000 F400.000
G1 X-16.210 Y-138.437 Z-5.000 F400.000
G1 X-16.207 Y-138.419 Z-5.000 F400.000
G1 X-16.204 Y-138.359 Z-5.000 F400.000
G1 X-16.204 Y-135.468 Z-5.000 F400.000
G1 X-16.215 Y-135.359 Z-5.000 F400.000
G1 X-16.224 Y-135.330 Z-5.000 F400.000
G1 X-16.238 Y-135.304 Z-5.000 F400.000
G1 X-16.257 Y-135.280 Z-5.000 F400.000
G1 X-16.281 Y-135.261 Z-5.000 F400.000
G1 X-16.307 Y-135.247 Z-5.000 F400.000
G1 X-16.336 Y-135.238 Z-5.000 F400.000
G1 X-16.445 Y-135.227 Z-5.000 F400.000
G1 X-17.850 Y-135.227 Z-5.000 F400.000
G1 X-18.057 Y-135.213 Z-5.000 F400.000
G1 X-18.316 Y-135.179 Z-5.000 F400.000
G1 X-18.716 Y-135.072 Z-5.000 F400.000
G1 X-18.958 Y-134.972 Z-5.000 F400.000
G1 X-19.316 Y-134.765 Z-5.000 F400.000
G1 X-19.524 Y-134.606 Z-5.000 F400.000
G1 X-19.817 Y-134.313 Z-5.000 F400.000
G1 X-19.975 Y-134.106 Z-5.000 F400.000
G1 X-20.183 Y-133.747 Z-5.000 F400.000
G1 X-20.283 Y-133.506 Z-5.000 F400.000
G1 X-20.390 Y-133.106 Z-5.000 F400.000
G1 X-20.424 Y-132.847 Z-5.000 F400.000
G1 X-20.437 Y-132.640 Z-5.000 F400.000
G1 X-20.435 Y-109.686 Z-5.000 F400.000
G1 X-20.406 Y-109.323 Z-5.000 F400.000
G1 X-20.337 Y-108.966 Z-5.000 F400.000
G1 X-20.230 Y-108.618 Z-5.000 F400.000
G1 X-20.125 Y-108.362 Z-5.000 F400.000
G1 X-16.238 Y-100.026 Z-5.000 F400.000
G1 X-16.215 Y-99.969 Z-5.000 F400.000
G1 X-16.210 Y-99.953 Z-5.000 F400.000
G1 X-16.207 Y-99.935 Z-5.000 F400.000
G1 X-16.204 Y-99.875 Z-5.000 F400.000
G1 X-16.204 Y-96.984 Z-5.000 F400.000
G1 X-16.215 Y-96.875 Z-5.000 F400.000
G1 X-16.224 Y-96.846 Z-5.000 F400.000
G1 X-16.238 Y-96.820 Z-5.000 F400.000
G1 X-16.257 Y-96.796 Z-5.000 F400.000
G1 X-16.281 Y-96.777 Z-5.000 F400.000
G1 X-16.307 Y-96.762 Z-5.000 F400.000
G1 X-16.336 Y-96.754 Z-5.000 F400.000
G1 X-16.445 Y-96.743 Z-5.000 F400.000
G1 X-17.850 Y-96.743 Z-5.000 F400.000
G1 X-18.057 Y-96.729 Z-5.000 F400.000
G1 X-18.316 Y-96.695 Z-5.000 F400.000
G1 X-18.716 Y-96.588 Z-5.000 F400.000
G1 X-18.958 Y-96.488 Z-5.000 F400.000
G1 X-19.316 Y-96.281 Z-5.000 F400.000
G1 X-19.524 Y-96.122 Z-5.000 F400.000
G1 X-19.817 Y-95.829 Z-5.000 F400.000
G1 X-19.975 Y-95.622 Z-5.000 F400.000
G1 X-20.183 Y-95.263 Z-5.000 F400.000
G1 X-20.283 Y-95.022 Z-5.000 F400.000
G1 X-20.390 Y-94.622 Z-5.000 F400.000
G1 X-20.424 Y-94.363 Z-5.000 F400.000
G1 X-20.437 Y-94.156 Z-5.000 F400.000
G1 X-20.435 Y-71.202 Z-5.000 F400.000
G1 X-20.406 Y-70.839 Z-5.000 F400.000
G1 X-20.337 Y-70.482 Z-5.000 F400.000
G1 X-20.230 Y-70.134 Z-5.000 F400.000
G1 X-20.125 Y-69.878 Z-5.000 F400.000
G1 X-16.238 Y-61.542 Z-5.000 F400.000
G1 X-16.215 Y-61.485 Z-5.000 F400.000
G1 X-16.210 Y-61.469 Z-5.000 F400.000
G1 X-16.207 Y-61.451 Z-5.000 F400.000
G1 X-16.204 Y-61.391 Z-5.000 F400.000
G1 X-16.204 Y-58.500 Z-5.000 F400.000
G1 X-16.215 Y-58.391 Z-5.000 F400.000
G1 X-16.224 Y-58.362 Z-5.000 F400.000
G1 X-16.238 Y-58.336 Z-5.000 F400.000
G1 X-16.257 Y-58.312 Z-5.000 F400.000
G1 X-16.281 Y-58.293 Z-5.000 F400.000
G1 X-16.307 Y-58.278 Z-5.000 F400.000
G1 X-16.336 Y-58.270 Z-5.000 F400.000
G1 X-16.445 Y-58.259 Z-5.000 F400.000
G1 X-17.850 Y-58.259 Z-5.000 F400.000
G1 X-18.057 Y-58.245 Z-5.000 F400.000
G1 X-18.316 Y-58.211 Z-5.000 F400.000
G1 X-18.716 Y-58.104 Z-5.000 F400.000
G1 X-18.958 Y-58.004 Z-5.000 F400.000
G1 X-19.316 Y-57.797 Z-5.000 F400.000
G1 X-19.524 Y-57.638 Z-5.000 F400.000
G1 X-19.817 Y-57.345 Z-5.000 F400.000
G1 X-19.975 Y-57.138 Z-5.000 F400.000
G1 X-20.183 Y-56.779 Z-5.000 F400.000
G1 X-20.283 Y-56.538 Z-5.000 F400.000
G1 X-20.390 Y-56.138 Z-5.000 F400.000
G1 X-20.424 Y-55.879 Z-5.000 F400.000
G1 X-20.437 Y-55.672 Z-5.000 F400.000
G1 X-20.435 Y-32.718 Z-5.000 F400.000
G1 X-20.406 Y-32.355 Z-5.000 F400.000
G1 X-20.337 Y-31.998 Z-5.000 F400.000
G1 X-20.230 Y-31.650 Z-5.000 F400.000
G1 X-20.125 Y-31.394 Z-5.000 F400.000
G1 X-16.238 Y-23.058 Z-5.000 F400.000
G1 X-16.215 Y-23.001 Z-5.000 F400.000
G1 X-16.210 Y-22.985 Z-5.000 F400.000
G1 X-16.207 Y-22.967 Z-5.000 F400.000
G1 X-16.204 Y-22.907 Z-5.000 F400.000
G1 X-16.204 Y-20.015 Z-5.000 F400.000
G1 X-16.215 Y-19.907 Z-5.000 F400.000
G1 X-16.224 Y-19.878 Z-5.000 F400.000
G1 X-16.238 Y-19.851 Z-5.000 F400.000
G1 X-16.257 Y-19.828 Z-5.000 F400.000
G1 X-16.281 Y-19.809 Z-5.000 F400.000
G1 X-16.307 Y-19.794 Z-5.000 F400.000
G1 X-16.336 Y-19.786 Z-5.000 F400.000
G1 X-16.445 Y-19.775 Z-5.000 F400.000
G1 X-17.850 Y-19.775 Z-5.000 F400.000
G1 X-18.057 Y-19.761 Z-5.000 F400.000
G1 X-18.316 Y-19.727 Z-5.000 F400.000
G1 X-18.716 Y-19.620 Z-5.000 F400.000
G1 X-18.958 Y-19.520 Z-5.000 F400.000
G1 X-19.316 Y-19.313 Z-5.000 F400.000
G1 X-19.524 Y-19.154 Z-5.000 F400.000
G1 X-19.817 Y-18.861 Z-5.000 F400.000
G1 X-19.975 Y-18.654 Z-5.000 F400.000
G1 X-20.183 Y-18.295 Z-5.000 F400.000
G1 X-20.283 Y-18.054 Z-5.000 F400.000
G1 X-20.390 Y-17.654 Z-5.000 F400.000
G1 X-20.424 Y-17.395 Z-5.000 F400.000
G1 X-20.437 Y-17.188 Z-5.000 F400.000
G1 X-20.437 Y-3.000 Z-5.000 F400.000
G0 X-20.437 Y-3.000 Z5.000
G0 X-20.437 Y-228.000 Z5.000
G0 X-20.437 Y-228.000 Z3.000
G1 X-20.430 Y-203.927 Z2.159 F400.000
G1 X-20.396 Y-203.586 Z2.147 F400.000
G1 X-20.336 Y-203.281 Z2.137 F400.000
G1 X-20.236 Y-202.952 Z2.125 F400.000
G1 X-20.117 Y-202.665 Z2.114 F400.000
G1 X-19.955 Y-202.362 Z2.102 F400.000
G1 X-19.782 Y-202.104 Z2.091 F400.000
G1 X-19.565 Y-201.838 Z2.079 F400.000
G1 X-19.345 Y-201.618 Z2.068 F400.000
G1 X-19.079 Y-201.401 Z2.056 F400.000
G1 X-18.821 Y-201.228 Z2.045 F400.000
G1 X-18.518 Y-201.066 Z2.033 F400.000
G1 X-18.231 Y-200.947 Z2.022 F400.000
G1 X-17.902 Y-200.847 Z2.010 F400.000
G1 X-17.597 Y-200.787 Z1.999 F400.000
G1 X-17.100 Y-200.745 Z1.982 F400.000
G1 X-14.328 Y-200.745 Z1.885 F400.000
G1 X-14.220 Y-200.735 Z1.881 F400.000
G1 X-14.191 Y-200.726 Z1.880 F400.000
G1 X-14.164 Y-200.712 Z1.879 F400.000
G1 X-14.141 Y-200.692 Z1.878 F400.000
G1 X-14.121 Y-200.669 Z1.877 F400.000
G1 X-14.107 Y-200.642 Z1.876 F400.000
G1 X-14.098 Y-200.613 Z1.875 F400.000
G1 X-14.088 Y-200.505 Z1.871 F400.000
G1 X-14.087 Y-198.798 Z1.812 F400.000
G1 X-14.098 Y-198.690 Z1.808 F400.000
G1 X-14.107 Y-198.661 Z1.807 F400.000
G1 X-14.121 Y-198.634 Z1.806 F400.000
G1 X-14.141 Y-198.611 Z1.805 F400.000
G1 X-14.164 Y-198.592 Z1.804 F400.000
G1 X-14.191 Y-198.577 Z1.803 F400.000
G1 X-14.220 Y-198.569 Z1.802 F400.000
G1 X-14.330 Y-198.558 Z1.798 F400.000
G1 X-17.256 Y-198.550 Z1.695 F400.000
G1 X-17.597 Y-198.517 Z1.684 F400.000
G1 X-17.902 Y-198.456 Z1.673 F400.000
G1 X-18.231 Y-198.356 Z1.661 F400.000
G1 X-18.518 Y-198.237 Z1.650 F400.000
G1 X-18.821 Y-198.076 Z1.638 F400.000
G1 X-19.079 Y-197.903 Z1.627 F400.000
G1 X-19.345 Y-197.685 Z1.615 F400.000
G1 X-19.565 Y-197.465 Z1.604 F400.000
G1 X-19.782 Y-197.200 Z1.592 F400.000
G1 X-19.955 Y-196.941 Z1.581 F400.000
G1 X-20.117 Y-196.638 Z1.569 F400.000
G1 X-20.236 Y-196.351 Z1.558 F400.000
G1 X-20.336 Y-196.023 Z1.546 F400.000
G1 X-20.396 Y-195.717 Z1.536 F400.000
G1 X-20.437 Y-195.220 Z1.518 F400.000
G1 X-20.435 Y-186.654 Z1.219 F400.000
G1 X-20.406 Y-186.291 Z1.206 F400.000
G1 X-20.337 Y-185.934 Z1.194 F400.000
G1 X-20.230 Y-185.586 Z1.181 F400.000
G1 X-20.125 Y-185.330 Z1.171 F400.000
G1 X-16.238 Y-176.994 Z0.850 F400.000
G1 X-16.215 Y-176.938 Z0.848 F400.000
G1 X-16.210 Y-176.921 Z0.847 F400.000
G1 X-16.207 Y-176.903 Z0.847 F400.000
G1 X-16.204 Y-176.843 Z0.845 F400.000
G1 X-16.204 Y-173.952 Z0.744 F400.000
G1 X-16.215 Y-173.843 Z0.740 F400.000
G1 X-16.224 Y-173.814 Z0.739 F400.000
G1 X-16.238 Y-173.788 Z0.738 F400.000
G1 X-16.257 Y-173.764 Z0.737 F400.000
G1 X-16.281 Y-173.745 Z0.736 F400.000
G1 X-16.307 Y-173.731 Z0.734 F400.000
G1 X-16.336 Y-173.722 Z0.733 F400.000
G1 X-16.445 Y-173.711 Z0.730 F400.000
G1 X-17.850 Y-173.711 Z0.681 F400.000
G1 X-18.057 Y-173.697 Z0.673 F400.000
G1 X-18.316 Y-173.663 Z0.664 F400.000
G1 X-18.716 Y-173.556 Z0.650 F400.000
G1 X-18.958 Y-173.456 Z0.641 F400.000
G1 X-19.316 Y-173.249 Z0.626 F400.000
G1 X-19.524 Y-173.090 Z0.617 F400.000
G1 X-19.817 Y-172.797 Z0.603 F400.000
G1 X-19.975 Y-172.590 Z0.593 F400.000
G1 X-20.183 Y-172.231 Z0.579 F400.000
G1 X-20.283 Y-171.990 Z0.570 F400.000
G1 X-20.390 Y-171.590 Z0.555 F400.000
G1 X-20.424 Y-171.331 Z0.546 F400.000
G1 X-20.437 Y-171.124 Z0.539 F400.000
G1 X-20.435 Y-148.170 Z-0.263 F400.000
G1 X-20.406 Y-147.807 Z-0.275 F400.000
G1 X-20.337 Y-147.450 Z-0.288 F400.000
G1 X-20.230 Y-147.102 Z-0.301 F400.000
G1 X-20.125 Y-146.846 Z-0.310 F400.000
G1 X-16.238 Y-138.510 Z-0.632 F400.000
G1 X-16.215 Y-138.454 Z-0.634 F400.000
G1 X-16.210 Y-138.437 Z-0.634 F400.000
G1 X-16.207 Y-138.419 Z-0.635 F400.000
G1 X-16.204 Y-138.359 Z-0.637 F400.000
G1 X-16.204 Y-135.468 Z-0.738 F400.000
G1 X-16.215 Y-135.359 Z-0.742 F400.000
G1 X-16.224 Y-135.330 Z-0.743 F400.000
G1 X-16.238 Y-135.304 Z-0.744 F400.000
G1 X-16.257 Y-135.280 Z-0.745 F400.000
G1 X-16.281 Y-135.261 Z-0.746 F400.000
G1 X-16.307 Y-135.247 Z-0.747 F400.000
G1 X-16.336 Y-135.238 Z-0.748 F400.000
G1 X-16.445 Y-135.227 Z-0.752 F400.000
G1 X-17.850 Y-135.227 Z-0.801 F400.000
G1 X-18.057 Y-135.213 Z-0.808 F400.000
G1 X-18.316 Y-135.179 Z-0.817 F400.000
G1 X-18.716 Y-135.072 Z-0.832 F400.000
G1 X-18.958 Y-134.972 Z-0.841 F400.000
G1 X-19.316 Y-134.765 Z-0.855 F400.000
G1 X-19.524 Y-134.606 Z-0.865 F400.000
G1 X-19.817 Y-134.313 Z-0.879 F400.000
G1 X-19.975 Y-134.106 Z-0.888 F400.000
G1 X-20.183 Y-133.747 Z-0.903 F400.000
G1 X-20.283 Y-133.506 Z-0.912 F400.000
G1 X-20.390 Y-133.106 Z-0.926 F400.000
G1 X-20.424 Y-132.847 Z-0.935 F400.000
G1 X-20.437 Y-132.640 Z-0.943 F400.000
G1 X-20.437 Y-128.132 Z-1.100 F400.000
G1 X-20.437 Y-132.640 Z-1.257 F400.000
G1 X-20.424 Y-132.847 Z-1.265 F400.000
G1 X-20.390 Y-133.106 Z-1.274 F400.000
G1 X-20.283 Y-133.506 Z-1.288 F400.000
G1 X-20.183 Y-133.747 Z-1.297 F400.000
G1 X-19.975 Y-134.106 Z-1.312 F400.000
G1 X-19.817 Y-134.313 Z-1.321 F400.000
G1 X-19.524 Y-134.606 Z-1.335 F400.000
G1 X-19.316 Y-134.765 Z-1.345 F400.000
G1 X-18.958 Y-134.972 Z-1.359 F400.000
G1 X-18.716 Y-135.072 Z-1.368 F400.000
G1 X-18.316 Y-135.179 Z-1.383 F400.000
G1 X-18.057 Y-135.213 Z-1.392 F400.000
G1 X-17.850 Y-135.227 Z-1.399 F400.000
G1 X-16.445 Y-135.227 Z-1.448 F400.000
G1 X-16.336 Y-135.238 Z-1.452 F400.000
G1 X-16.307 Y-135.247 Z-1.453 F400.000
G1 X-16.281 Y-135.261 Z-1.454 F400.000
G1 X-16.257 Y-135.280 Z-1.455 F400.000
G1 X-16.238 Y-135.304 Z-1.456 F400.000
G1 X-16.224 Y-135.330 Z-1.457 F400.000
G1 X-16.215 Y-135.359 Z-1.458 F400.000
G1 X-16.204 Y-135.468 Z-1.462 F400.000
G1 X-16.204 Y-138.359 Z-1.563 F400.000
G1 X-16.207 Y-138.419 Z-1.565 F400.000
G1 X-16.210 Y-138.437 Z-1.566 F400.000
G1 X-16.215 Y-138.454 Z-1.566 F400.000
G1 X-16.238 Y-138.510 Z-1.568 F400.000
G1 X-20.125 Y-146.846 Z-1.890 F400.000
G1 X-20.230 Y-147.102 Z-1.899 F400.000
G1 X-20.337 Y-147.450 Z-1.912 F400.000
G1 X-20.406 Y-147.807 Z-1.925 F400.000
G1 X-20.435 Y-148.170 Z-1.937 F400.000
G1 X-20.437 Y-171.124 Z-2.739 F400.000
G1 X-20.424 Y-171.331 Z-2.746 F400.000
G1 X-20.390 Y-171.590 Z-2.755 F400.000
G1 X-20.283 Y-171.990 Z-2.770 F400.000
G1 X-20.183 Y-172.231 Z-2.779 F400.000
G1 X-19.975 Y-172.590 Z-2.793 F400.000
G1 X-19.817 Y-172.797 Z-2.803 F400.000
G1 X-19.524 Y-173.090 Z-2.817 F400.000
G1 X-19.316 Y-173.249 Z-2.826 F400.000
G1 X-18.958 Y-173.456 Z-2.841 F400.000
G1 X-18.716 Y-173.556 Z-2.850 F400.000
G1 X-18.316 Y-173.663 Z-2.864 F400.000
G1 X-18.057 Y-173.697 Z-2.873 F400.000
G1 X-17.850 Y-173.711 Z-2.881 F400.000
G1 X-16.445 Y-173.711 Z-2.930 F400.000
G1 X-16.336 Y-173.722 Z-2.933 F400.000
G1 X-16.307 Y-173.731 Z-2.934 F400.000
G1 X-16.281 Y-173.745 Z-2.936 F400.000
G1 X-16.257 Y-173.764 Z-2.937 F400.000
G1 X-16.238 Y-173.788 Z-2.938 F400.000
G1 X-16.224 Y-173.814 Z-2.939 F400.000
G1 X-16.215 Y-173.843 Z-2.940 F400.000
G1 X-16.204 Y-173.952 Z-2.944 F400.000
G1 X-16.204 Y-176.843 Z-3.045 F400.000
G1 X-16.207 Y-176.903 Z-3.047 F400.000
G1 X-16.210 Y-176.921 Z-3.047 F400.000
G1 X-16.215 Y-176.938 Z-3.048 F400.000
G1 X-16.238 Y-176.994 Z-3.050 F400.000
G1 X-20.125 Y-185.330 Z-3.371 F400.000
G1 X-20.230 Y-185.586 Z-3.381 F400.000
G1 X-20.337 Y-185.934 Z-3.394 F400.000
G1 X-20.406 Y-186.291 Z-3.406 F400.000
G1 X-20.435 Y-186.654 Z-3.419 F400.000
G1 X-20.437 Y-195.220 Z-3.718 F400.000
G1 X-20.396 Y-195.717 Z-3.736 F400.000
G1 X-20.336 Y-196.023 Z-3.746 F400.000
G1 X-20.236 Y-196.351 Z-3.758 F400.000
G1 X-20.117 Y-196.638 Z-3.769 F400.000
G1 X-19.955 Y-196.941 Z-3.781 F400.000
G1 X-19.782 Y-197.200 Z-3.792 F400.000
G1 X-19.565 Y-197.465 Z-3.804 F400.000
G1 X-19.345 Y-197.685 Z-3.815 F400.000
G1 X-19.079 Y-197.903 Z-3.827 F400.000
G1 X-18.821 Y-198.076 Z-3.838 F400.000
G1 X-18.518 Y-198.237 Z-3.850 F400.000
G1 X-18.231 Y-198.356 Z-3.861 F400.000
G1 X-17.902 Y-198.456 Z-3.873 F400.000
G1 X-17.597 Y-198.517 Z-3.884 F400.000
G1 X-17.256 Y-198.550 Z-3.895 F400.000
G1 X-14.330 Y-198.558 Z-3.998 F400.000
G1 X-14.220 Y-198.569 Z-4.002 F400.000
G1 X-14.191 Y-198.577 Z-4.003 F400.000
G1 X-14.164 Y-198.592 Z-4.004 F400.000
G1 X-14.141 Y-198.611 Z-4.005 F400.000
G1 X-14.121 Y-198.634 Z-4.006 F400.000
G1 X-14.107 Y-198.661 Z-4.007 F400.000
G1 X-14.098 Y-198.690 Z-4.008 F400.000
G1 X-14.087 Y-198.798 Z-4.012 F400.000
G1 X-14.088 Y-200.505 Z-4.071 F400.000
G1 X-14.098 Y-200.613 Z-4.075 F400.000
G1 X-14.107 Y-200.642 Z-4.076 F400.000
G1 X-14.121 Y-200.669 Z-4.077 F400.000
G1 X-14.141 Y-200.692 Z-4.078 F400.000
G1 X-14.164 Y-200.712 Z-4.079 F400.000
G1 X-14.191 Y-200.726 Z-4.080 F400.000
G1 X-14.220 Y-200.735 Z-4.081 F400.000
G1 X-14.328 Y-200.745 Z-4.085 F400.000
G1 X-17.100 Y-200.745 Z-4.182 F400.000
G1 X-17.597 Y-200.787 Z-4.199 F400.000
G1 X-17.902 Y-200.847 Z-4.210 F400.000
G1 X-18.231 Y-200.947 Z-4.222 F400.000
G1 X-18.518 Y-201.066 Z-4.233 F400.000
G1 X-18.821 Y-201.228 Z-4.245 F400.000
G1 X-19.079 Y-201.401 Z-4.256 F400.000
G1 X-19.345 Y-201.618 Z-4.268 F400.000
G1 X-19.565 Y-201.838 Z-4.279 F400.000
G1 X-19.782 Y-202.104 Z-4.291 F400.000
G1 X-19.955 Y-202.362 Z-4.302 F400.000
G1 X-20.117 Y-202.665 Z-4.314 F400.000
G1 X-20.236 Y-202.952 Z-4.325 F400.000
G1 X-20.336 Y-203.281 Z-4.337 F400.000
G1 X-20.396 Y-203.586 Z-4.347 F400.000
G1 X-20.430 Y-203.927 Z-4.359 F400.000
G1 X-20.437 Y-228.000 Z-5.200 F400.000
G1 X-20.430 Y-203.927 Z-5.200 F400.000
G1 X-20.396 Y-203.586 Z-5.200 F400.000
G1 X-20.336 Y-203.281 Z-5.200 F400.000
G1 X-20.236 Y-202.952 Z-5.200 F400.000
G1 X-20.117 Y-202.665 Z-5.200 F400.000
G1 X-19.955 Y-202.362 Z-5.200 F400.000
G1 X-19.782 Y-202.104 Z-5.200 F400.000
G1 X-19.565 Y-201.838 Z-5.200 F400.000
G1 X-19.345 Y-201.618 Z-5.200 F400.000
G1 X-19.079 Y-201.401 Z-5.200 F400.000
G1 X-18.821 Y-201.228 Z-5.200 F400.000
G1 X-18.518 Y-201.066 Z-5.200 F400.000
G1 X-18.231 Y-200.947 Z-5.200 F400.000
G1 X-17.902 Y-200.847 Z-5.200 F400.000
G1 X-17.597 Y-200.787 Z-5.200 F400.000
G1 X-17.100 Y-200.745 Z-5.200 F400.000
G1 X-14.328 Y-200.745 Z-5.200 F400.000
G1 X-14.220 Y-200.735 Z-5.200 F400.000
G1 X-14.191 Y-200.726 Z-5.200 F400.000
G1 X-14.164 Y-200.712 Z-5.200 F400.000
G1 X-14.141 Y-200.692 Z-5.200 F400.000
G1 X-14.121 Y-200.669 Z-5.200 F400.000
G1 X-14.107 Y-200.642 Z-5.200 F400.000
G1 X-14.098 Y-200.613 Z-5.200 F400.000
G1 X-14.088 Y-200.505 Z-5.200 F400.000
G1 X-14.087 Y-198.798 Z-5.200 F400.000
G1 X-14.098 Y-198.690 Z-5.200 F400.000
G1 X-14.107 Y-198.661 Z-5.200 F400.000
G1 X-14.121 Y-198.634 Z-5.200 F400.000
G1 X-14.141 Y-198.611 Z-5.200 F400.000
G1 X-14.164 Y-198.592 Z-5.200 F400.000
G1 X-14.191 Y-198.577 Z-5.200 F400.000
G1 X-14.220 Y-198.569 Z-5.200 F400.000
G1 X-14.330 Y-198.558 Z-5.200 F400.000
G1 X-17.256 Y-198.550 Z-5.200 F400.000
G1 X-17.597 Y-198.517 Z-5.200 F400.000
G1 X-17.902 Y-198.456 Z-5.200 F400.000
G1 X-18.231 Y-198.356 Z-5.200 F400.000
G1 X-18.518 Y-198.237 Z-5.200 F400.000
G1 X-18.821 Y-198.076 Z-5.200 F400.000
G1 X-19.079 Y-197.903 Z-5.200 F400.000
G1 X-19.345 Y-197.685 Z-5.200 F400.000
G1 X-19.565 Y-197.465 Z-5.200 F400.000
G1 X-19.782 Y-197.200 Z-5.200 F400.000
G1 X-19.955 Y-196.941 Z-5.200 F400.000
G1 X-20.117 Y-196.638 Z-5.200 F400.000
G1 X-20.236 Y-196.351 Z-5.200 F400.000
G1 X-20.336 Y-196.023 Z-5.200 F400.000
G1 X-20.396 Y-195.717 Z-5.200 F400.000
G1 X-20.437 Y-195.220 Z-5.200 F400.000
G1 X-20.435 Y-186.654 Z-5.200 F400.000
G1 X-20.406 Y-186.291 Z-5.200 F400.000
G1 X-20.337 Y-185.934 Z-5.200 F400.000
G1 X-20.230 Y-185.586 Z-5.200 F400.000
G1 X-20.125 Y-185.330 Z-5.200 F400.000
G1 X-16.238 Y-176.994 Z-5.200 F400.000
G1 X-16.215 Y-176.938 Z-5.200 F400.000
G1 X-16.210 Y-176.921 Z-5.200 F400.000
G1 X-16.207 Y-176.903 Z-5.200 F400.000
G1 X-16.204 Y-176.843 Z-5.200 F400.000
G1 X-16.204 Y-173.952 Z-5.200 F400.000
G1 X-16.215 Y-173.843 Z-5.200 F400.000
G1 X-16.224 Y-173.814 Z-5.200 F400.000
G1 X-16.238 Y-173.788 Z-5.200 F400.000
G1 X-16.257 Y-173.764 Z-5.200 F400.000
G1 X-16.281 Y-173.745 Z-5.200 F400.000
G1 X-16.307 Y-173.731 Z-5.200 F400.000
G1 X-16.336 Y-173.722 Z-5.200 F400.000
G1 X-16.445 Y-173.711 Z-5.200 F400.000
G1 X-17.850 Y-173.711 Z-5.200 F400.000
G1 X-18.057 Y-173.697 Z-5.200 F400.000
G1 X-18.316 Y-173.663 Z-5.200 F400.000
G1 X-18.716 Y-173.556 Z-5.200 F400.000
G1 X-18.958 Y-173.456 Z-5.200 F400.000
G1 X-19.316 Y-173.249 Z-5.200 F400.000
G1 X-19.524 Y-173.090 Z-5.200 F400.000
G1 X-19.817 Y-172.797 Z-5.200 F400.000
G1 X-19.975 Y-172.590 Z-5.200 F400.000
G1 X-20.183 Y-172.231 Z-5.200 F400.000
G1 X-20.283 Y-171.990 Z-5.200 F400.000
G1 X-20.390 Y-171.590 Z-5.200 F400.000
G1 X-20.424 Y-171.331 Z-5.200 F400.000
G1 X-20.437 Y-171.124 Z-5.200 F400.000
G1 X-20.435 Y-148.170 Z-5.200 F400.000
G1 X-20.406 Y-147.807 Z-5.200 F400.000
G1 X-20.337 Y-147.450 Z-5.200 F400.000
G1 X-20.230 Y-147.102 Z-5.200 F400.000
G1 X-20.125 Y-146.846 Z-5.200 F400.000
G1 X-16.238 Y-138.510 Z-5.200 F400.000
G1 X-16.215 Y-138.454 Z-5.200 F400.000
G1 X-16.210 Y-138.437 Z-5.200 F400.000
G1 X-16.207 Y-138.419 Z-5.200 F400.000
G1 X-16.204 Y-138.359 Z-5.200 F400.000
G1 X-16.204 Y-135.468 Z-5.200 F400.000
G1 X-16.215 Y-135.359 Z-5.200 F400.000
G1 X-16.224 Y-135.330 Z-5.200 F400.000
G1 X-16.238 Y-135.304 Z-5.200 F400.000
G1 X-16.257 Y-135.280 Z-5.200 F400.000
G1 X-16.281 Y-135.261 Z-5.200 F400.000
G1 X-16.307 Y-135.247 Z-5.200 F400.000
G1 X-16.336 Y-135.238 Z-5.200 F400.000
G1 X-16.445 Y-135.227 Z-5.200 F400.000
G1 X-17.850 Y-135.227 Z-5.200 F400.000
G1 X-18.057 Y-135.213 Z-5.200 F400.000
G1 X-18.316 Y-135.179 Z-5.200 F400.000
G1 X-18.716 Y-135.072 Z-5.200 F400.000
G1 X-18.958 Y-134.972 Z-5.200 F400.000
G1 X-19.316 Y-134.765 Z-5.200 F400.000
G1 X-19.524 Y-134.606 Z-5.200 F400.000
G1 X-19.817 Y-134.313 Z-5.200 F400.000
G1 X-19.975 Y-134.106 Z-5.200 F400.000
G1 X-20.183 Y-133.747 Z-5.200 F400.000
G1 X-20.283 Y-133.506 Z-5.200 F400.000
G1 X-20.390 Y-133.106 Z-5.200 F400.000
G1 X-20.424 Y-132.847 Z-5.200 F400.000
G1 X-20.437 Y-132.640 Z-5.200 F400.000
G1 X-20.435 Y-109.686 Z-5.200 F400.000
G1 X-20.406 Y-109.323 Z-5.200 F400.000
G1 X-20.337 Y-108.966 Z-5.200 F400.000
G1 X-20.230 Y-108.618 Z-5.200 F400.000
G1 X-20.125 Y-108.362 Z-5.200 F400.000
G1 X-16.238 Y-100.026 Z-5.200 F400.000
G1 X-16.215 Y-99.969 Z-5.200 F400.000
G1 X-16.210 Y-99.953 Z-5.200 F400.000
G1 X-16.207 Y-99.935 Z-5.200 F400.000
G1 X-16.204 Y-99.875 Z-5.200 F400.000
G1 X-16.204 Y-96.984 Z-5.200 F400.000
G1 X-16.215 Y-96.875 Z-5.200 F400.000
G1 X-16.224 Y-96.846 Z-5.200 F400.000
G1 X-16.238 Y-96.820 Z-5.200 F400.000
G1 X-16.257 Y-96.796 Z-5.200 F400.000
G1 X-16.281 Y-96.777 Z-5.200 F400.000
G1 X-16.307 Y-96.762 Z-5.200 F400.000
G1 X-16.336 Y-96.754 Z-5.200 F400.000
G1 X-16.445 Y-96.743 Z-5.200 F400.000
G1 X-17.850 Y-96.743 Z-5.200 F400.000
G1 X-18.057 Y-96.729 Z-5.200 F400.000
G1 X-18.316 Y-96.695 Z-5.200 F400.000
G1 X-18.716 Y-96.588 Z-5.200 F400.000
G1 X-18.958 Y-96.488 Z-5.200 F400.000
G1 X-19.316 Y-96.281 Z-5.200 F400.000
G1 X-19.524 Y-96.122 Z-5.200 F400.000
G1 X-19.817 Y-95.829 Z-5.200 F400.000
G1 X-19.975 Y-95.622 Z-5.200 F400.000
G1 X-20.183 Y-95.263 Z-5.200 F400.000
G1 X-20.283 Y-95.022 Z-5.200 F400.000
G1 X-20.390 Y-94.622 Z-5.200 F400.000
G1 X-20.424 Y-94.363 Z-5.200 F400.000
G1 X-20.437 Y-94.156 Z-5.200 F400.000
G1 X-20.435 Y-71.202 Z-5.200 F400.000
G1 X-20.406 Y-70.839 Z-5.200 F400.000
G1 X-20.337 Y-70.482 Z-5.200 F400.000
G1 X-20.230 Y-70.134 Z-5.200 F400.000
G1 X-20.125 Y-69.878 Z-5.200 F400.000
G1 X-16.238 Y-61.542 Z-5.200 F400.000
G1 X-16.215 Y-61.485 Z-5.200 F400.000
G1 X-16.210 Y-61.469 Z-5.200 F400.000
G1 X-16.207 Y-61.451 Z-5.200 F400.000
G1 X-16.204 Y-61.391 Z-5.200 F400.000
G1 X-16.204 Y-58.500 Z-5.200 F400.000
G1 X-16.215 Y-58.391 Z-5.200 F400.000
G1 X-16.224 Y-58.362 Z-5.200 F400.000
G1 X-16.238 Y-58.336 Z-5.200 F400.000
G1 X-16.257 Y-58.312 Z-5.200 F400.000
G1 X-16.281 Y-58.293 Z-5.200 F400.000
G1 X-16.307 Y-58.278 Z-5.200 F400.000
G1 X-16.336 Y-58.270 Z-5.200 F400.000
G1 X-16.445 Y-58.259 Z-5.200 F400.000
G1 X-17.850 Y-58.259 Z-5.200 F400.000
G1 X-18.057 Y-58.245 Z-5.200 F400.000
G1 X-18.316 Y-58.211 Z-5.200 F400.000
G1 X-18.716 Y-58.104 Z-5.200 F400.000
G1 X-18.958 Y-58.004 Z-5.200 F400.000
G1 X-19.316 Y-57.797 Z-5.200 F400.000
G1 X-19.524 Y-57.638 Z-5.200 F400.000
G1 X-19.817 Y-57.345 Z-5.200 F400.000
G1 X-19.975 Y-57.138 Z-5.200 F400.000
G1 X-20.183 Y-56.779 Z-5.200 F400.000
G1 X-20.283 Y-56.538 Z-5.200 F400.000
G1 X-20.390 Y-56.138 Z-5.200 F400.000
G1 X-20.424 Y-55.879 Z-5.200 F400.000
G1 X-20.437 Y-55.672 Z-5.200 F400.000
G1 X-20.435 Y-32.718 Z-5.200 F400.000
G1 X-20.406 Y-32.355 Z-5.200 F400.000
G1 X-20.337 Y-31.998 Z-5.200 F400.000
G1 X-20.230 Y-31.650 Z-5.200 F400.000
G1 X-20.125 Y-31.394 Z-5.200 F400.000
G1 X-16.238 Y-23.058 Z-5.200 F400.000
G1 X-16.215 Y-23.001 Z-5.200 F400.000
G1 X-16.210 Y-22.985 Z-5.200 F400.000
G1 X-16.207 Y-22.967 Z-5.200 F400.000
G1 X-16.204 Y-22.907 Z-5.200 F400.000
G1 X-16.204 Y-20.015 Z-5.200 F400.000
G1 X-16.215 Y-19.907 Z-5.200 F400.000
G1 X-16.224 Y-19.878 Z-5.200 F400.000
G1 X-16.238 Y-19.851 Z-5.200 F400.000
G1 X-16.257 Y-19.828 Z-5.200 F400.000
G1 X-16.281 Y-19.809 Z-5.200 F400.000
G1 X-16.307 Y-19.794 Z-5.200 F400.000
G1 X-16.336 Y-19.786 Z-5.200 F400.000
G1 X-16.445 Y-19.775 Z-5.200 F400.000
G1 X-17.850 Y-19.775 Z-5.200 F400.000
G1 X-18.057 Y-19.761 Z-5.200 F400.000
G1 X-18.316 Y-19.727 Z-5.200 F400.000
G1 X-18.716 Y-19.620 Z-5.200 F400.000
G1 X-18.958 Y-19.520 Z-5.200 F400.000
G1 X-19.316 Y-19.313 Z-5.200 F400.000
G1 X-19.524 Y-19.154 Z-5.200 F400.000
G1 X-19.817 Y-18.861 Z-5.200 F400.000
G1 X-19.975 Y-18.654 Z-5.200 F400.000
G1 X-20.183 Y-18.295 Z-5.200 F400.000
G1 X-20.283 Y-18.054 Z-5.200 F400.000
G1 X-20.390 Y-17.654 Z-5.200 F400.000
G1 X-20.424 Y-17.395 Z-5.200 F400.000
G1 X-20.437 Y-17.188 Z-5.200 F400.000
G1 X-20.437 Y-3.000 Z-5.200 F400.000
G0 X-20.437 Y-3.000 Z5.000
G0 X-20.437 Y-228.000 Z5.000
G0 X-20.437 Y-228.000 Z3.000
G1 X-20.430 Y-203.927 Z2.159 F400.000
G1 X-20.396 Y-203.586 Z2.147 F400.000
G1 X-20.336 Y-203.281 Z2.137 F400.000
G1 X-20.236 Y-202.952 Z2.125 F400.000
G1 X-20.117 Y-202.665 Z2.114 F400.000
G1 X-19.955 Y-202.362 Z2.102 F400.000
G1 X-19.782 Y-202.104 Z2.091 F400.000
G1 X-19.565 Y-201.838 Z2.079 F400.000
G1 X-19.345 Y-201.618 Z2.068 F400.000
G1 X-19.079 Y-201.401 Z2.056 F400.000
G1 X-18.821 Y-201.228 Z2.045 F400.000
G1 X-18.518 Y-201.066 Z2.033 F400.000
G1 X-18.231 Y-200.947 Z2.022 F400.000
G1 X-17.902 Y-200.847 Z2.010 F400.000
G1 X-17.597 Y-200.787 Z1.999 F400.000
G1 X-17.100 Y-200.745 Z1.982 F400.000
G1 X-14.328 Y-200.745 Z1.885 F400.000
G1 X-14.220 Y-200.735 Z1.881 F400.000
G1 X-14.191 Y-200.726 Z1.880 F400.000
G1 X-14.164 Y-200.712 Z1.879 F400.000
G1 X-14.141 Y-200.692 Z1.878 F400.000
G1 X-14.121 Y-200.669 Z1.877 F400.000
G1 X-14.107 Y-200.642 Z1.876 F400.000
G1 X-14.098 Y-200.613 Z1.875 F400.000
G1 X-14.088 Y-200.505 Z1.871 F400.000
G1 X-14.087 Y-198.798 Z1.812 F400.000
G1 X-14.098 Y-198.690 Z1.808 F400.000
G1 X-14.107 Y-198.661 Z1.807 F400.000
G1 X-14.121 Y-198.634 Z1.806 F400.000
G1 X-14.141 Y-198.611 Z1.805 F400.000
G1 X-14.164 Y-198.592 Z1.804 F400.000
G1 X-14.191 Y-198.577 Z1.803 F400.000
G1 X-14.220 Y-198.569 Z1.802 F400.000
G1 X-14.330 Y-198.558 Z1.798 F400.000
G1 X-17.256 Y-198.550 Z1.695 F400.000
G1 X-17.597 Y-198.517 Z1.684 F400.000
G1 X-17.902 Y-198.456 Z1.673 F400.000
G1 X-18.231 Y-198.356 Z1.661 F400.000
G1 X-18.518 Y-198.237 Z1.650 F400.000
G1 X-18.821 Y-198.076 Z1.638 F400.000
G1 X-19.079 Y-197.903 Z1.627 F400.000
G1 X-19.345 Y-197.685 Z1.615 F400.000
G1 X-19.565 Y-197.465 Z1.604 F400.000
G1 X-19.782 Y-197.200 Z1.592 F400.000
G1 X-19.955 Y-196.941 Z1.581 F400.000
G1 X-20.117 Y-196.638 Z1.569 F400.000
G1 X-20.236 Y-196.351 Z1.558 F400.000
G1 X-20.336 Y-196.023 Z1.546 F400.000
G1 X-20.396 Y-195.717 Z1.536 F400.000
G1 X-20.437 Y-195.220 Z1.518 F400.000
G1 X-20.435 Y-186.654 Z1.219 F400.000
G1 X-20.406 Y-186.291 Z1.206 F400.000
G1 X-20.337 Y-185.934 Z1.194 F400.000
G1 X-20.230 Y-185.586 Z1.181 F400.000
G1 X-20.125 Y-185.330 Z1.171 F400.000
G1 X-16.238 Y-176.994 Z0.850 F400.000
G1 X-16.215 Y-176.938 Z0.848 F400.000
G1 X-16.210 Y-176.921 Z0.847 F400.000
G1 X-16.207 Y-176.903 Z0.847 F400.000
G1 X-16.204 Y-176.843 Z0.845 F400.000
G1 X-16.204 Y-173.952 Z0.744 F400.000
G1 X-16.215 Y-173.843 Z0.740 F400.000
G1 X-16.224 Y-173.814 Z0.739 F400.000
G1 X-16.238 Y-173.788 Z0.738 F400.000
G1 X-16.257 Y-173.764 Z0.737 F400.000
G1 X-16.281 Y-173.745 Z0.736 F400.000
G1 X-16.307 Y-173.731 Z0.734 F400.000
G1 X-16.336 Y-173.722 Z0.733 F400.000
G1 X-16.445 Y-173.711 Z0.730 F400.000
G1 X-17.850 Y-173.711 Z0.681 F400.000
G1 X-18.057 Y-173.697 Z0.673 F400.000
G1 X-18.316 Y-173.663 Z0.664 F400.000
G1 X-18.716 Y-173.556 Z0.650 F400.000
G1 X-18.958 Y-173.456 Z0.641 F400.000
G1 X-19.316 Y-173.249 Z0.626 F400.000
G1 X-19.524 Y-173.090 Z0.617 F400.000
G1 X-19.817 Y-172.797 Z0.603 F400.000
G1 X-19.975 Y-172.590 Z0.593 F400.000
G1 X-20.183 Y-172.231 Z0.579 F400.000
G1 X-20.283 Y-171.990 Z0.570 F400.000
G1 X-20.390 Y-171.590 Z0.555 F400.000
G1 X-20.424 Y-171.331 Z0.546 F400.000
G1 X-20.437 Y-171.124 Z0.539 F400.000
G1 X-20.435 Y-148.170 Z-0.263 F400.000
G1 X-20.406 Y-147.807 Z-0.275 F400.000
G1 X-20.337 Y-147.450 Z-0.288 F400.000
G1 X-20.230 Y-147.102 Z-0.301 F400.000
G1 X-20.125 Y-146.846 Z-0.310 F400.000
G1 X-16.238 Y-138.510 Z-0.632 F400.000
G1 X-16.215 Y-138.454 Z-0.634 F400.000
G1 X-16.210 Y-138.437 Z-0.634 F400.000
G1 X-16.207 Y-138.419 Z-0.635 F400.000
G1 X-16.204 Y-138.359 Z-0.637 F400.000
G1 X-16.204 Y-135.468 Z-0.738 F400.000
G1 X-16.215 Y-135.359 Z-0.742 F400.000
G1 X-16.224 Y-135.330 Z-0.743 F400.000
G1 X-16.238 Y-135.304 Z-0.744 F400.000
G1 X-16.257 Y-135.280 Z-0.745 F400.000
G1 X-16.281 Y-135.261 Z-0.746 F400.000
G1 X-16.307 Y-135.247 Z-0.747 F400.000
G1 X-16.336 Y-135.238 Z-0.748 F400.000
G1 X-16.445 Y-135.227 Z-0.752 F400.000
G1 X-17.850 Y-135.227 Z-0.801 F400.000
G1 X-18.057 Y-135.213 Z-0.808 F400.000
G1 X-18.316 Y-135.179 Z-0.817 F400.000
G1 X-18.716 Y-135.072 Z-0.832 F400.000
G1 X-18.958 Y-134.972 Z-0.841 F400.000
G1 X-19.316 Y-134.765 Z-0.855 F400.000
G1 X-19.524 Y-134.606 Z-0.865 F400.000
G1 X-19.817 Y-134.313 Z-0.879 F400.000
G1 X-19.975 Y-134.106 Z-0.888 F400.000
G1 X-20.183 Y-133.747 Z-0.903 F400.000
G1 X-20.283 Y-133.506 Z-0.912 F400.000
G1 X-20.390 Y-133.106 Z-0.926 F400.000
G1 X-20.424 Y-132.847 Z-0.935 F400.000
G1 X-20.437 Y-132.640 Z-0.943 F400.000
G1 X-20.437 Y-125.268 Z-1.200 F400.000
G1 X-20.437 Y-132.640 Z-1.457 F400.000
G1 X-20.424 Y-132.847 Z-1.465 F400.000
G1 X-20.390 Y-133.106 Z-1.474 F400.000
G1 X-20.283 Y-133.506 Z-1.488 F400.000
G1 X-20.183 Y-133.747 Z-1.497 F400.000
G1 X-19.975 Y-134.106 Z-1.512 F400.000
G1 X-19.817 Y-134.313 Z-1.521 F400.000
G1 X-19.524 Y-134.606 Z-1.535 F400.000
G1 X-19.316 Y-134.765 Z-1.545 F400.000
G1 X-18.958 Y-134.972 Z-1.559 F400.000
G1 X-18.716 Y-135.072 Z-1.568 F400.000
G1 X-18.316 Y-135.179 Z-1.583 F400.000
G1 X-18.057 Y-135.213 Z-1.592 F400.000
G1 X-17.850 Y-135.227 Z-1.599 F400.000
G1 X-16.445 Y-135.227 Z-1.648 F400.000
G1 X-16.336 Y-135.238 Z-1.652 F400.000
G1 X-16.307 Y-135.247 Z-1.653 F400.000
G1 X-16.281 Y-135.261 Z-1.654 F400.000
G1 X-16.257 Y-135.280 Z-1.655 F400.000
G1 X-16.238 Y-135.304 Z-1.656 F400.000
G1 X-16.224 Y-135.330 Z-1.657 F400.000
G1 X-16.215 Y-135.359 Z-1.658 F400.000
G1 X-16.204 Y-135.468 Z-1.662 F400.000
G1 X-16.204 Y-138.359 Z-1.763 F400.000
G1 X-16.207 Y-138.419 Z-1.765 F400.000
G1 X-16.210 Y-138.437 Z-1.766 F400.000
G1 X-16.215 Y-138.454 Z-1.766 F400.000
G1 X-16.238 Y-138.510 Z-1.768 F400.000
G1 X-20.125 Y-146.846 Z-2.090 F400.000
G1 X-20.230 Y-147.102 Z-2.099 F400.000
G1 X-20.337 Y-147.450 Z-2.112 F400.000
G1 X-20.406 Y-147.807 Z-2.125 F400.000
G1 X-20.435 Y-148.170 Z-2.137 F400.000
G1 X-20.437 Y-171.124 Z-2.939 F400.000
G1 X-20.424 Y-171.331 Z-2.946 F400.000
G1 X-20.390 Y-171.590 Z-2.955 F400.000
G1 X-20.283 Y-171.990 Z-2.970 F400.000
G1 X-20.183 Y-172.231 Z-2.979 F400.000
G1 X-19.975 Y-172.590 Z-2.993 F400.000
G1 X-19.817 Y-172.797 Z-3.003 F400.000
G1 X-19.524 Y-173.090 Z-3.017 F400.000
G1 X-19.316 Y-173.249 Z-3.026 F400.000
G1 X-18.958 Y-173.456 Z-3.041 F400.000
G1 X-18.716 Y-173.556 Z-3.050 F400.000
G1 X-18.316 Y-173.663 Z-3.064 F400.000
G1 X-18.057 Y-173.697 Z-3.073 F400.000
G1 X-17.850 Y-173.711 Z-3.081 F400.000
G1 X-16.445 Y-173.711 Z-3.130 F400.000
G1 X-16.336 Y-173.722 Z-3.133 F400.000
G1 X-16.307 Y-173.731 Z-3.134 F400.000
G1 X-16.281 Y-173.745 Z-3.136 F400.000
G1 X-16.257 Y-173.764 Z-3.137 F400.000
G1 X-16.238 Y-173.788 Z-3.138 F400.000
G1 X-16.224 Y-173.814 Z-3.139 F400.000
G1 X-16.215 Y-173.843 Z-3.140 F400.000
G1 X-16.204 Y-173.952 Z-3.144 F400.000
G1 X-16.204 Y-176.843 Z-3.245 F400.000
G1 X-16.207 Y-176.903 Z-3.247 F400.000
G1 X-16.210 Y-176.921 Z-3.247 F400.000
G1 X-16.215 Y-176.938 Z-3.248 F400.000
G1 X-16.238 Y-176.994 Z-3.250 F400.000
G1 X-20.125 Y-185.330 Z-3.571 F400.000
G1 X-20.230 Y-185.586 Z-3.581 F400.000
G1 X-20.337 Y-185.934 Z-3.594 F400.000
G1 X-20.406 Y-186.291 Z-3.606 F400.000
G1 X-20.435 Y-186.654 Z-3.619 F400.000
G1 X-20.437 Y-195.220 Z-3.918 F400.000
G1 X-20.396 Y-195.717 Z-3.936 F400.000
G1 X-20.336 Y-196.023 Z-3.946 F400.000
G1 X-20.236 Y-196.351 Z-3.958 F400.000
G1 X-20.117 Y-196.638 Z-3.969 F400.000
G1 X-19.955 Y-196.941 Z-3.981 F400.000
G1 X-19.782 Y-197.200 Z-3.992 F400.000
G1 X-19.565 Y-197.465 Z-4.004 F400.000
G1 X-19.345 Y-197.685 Z-4.015 F400.000
G1 X-19.079 Y-197.903 Z-4.027 F400.000
G1 X-18.821 Y-198.076 Z-4.038 F400.000
G1 X-18.518 Y-198.237 Z-4.050 F400.000
G1 X-18.231 Y-198.356 Z-4.061 F400.000
G1 X-17.902 Y-198.456 Z-4.073 F400.000
G1 X-17.597 Y-198.517 Z-4.084 F400.000
G1 X-17.256 Y-198.550 Z-4.095 F400.000
G1 X-14.330 Y-198.558 Z-4.198 F400.000
G1 X-14.220 Y-198.569 Z-4.202 F400.000
G1 X-14.191 Y-198.577 Z-4.203 F400.000
G1 X-14.164 Y-198.592 Z-4.204 F400.000
G1 X-14.141 Y-198.611 Z-4.205 F400.000
G1 X-14.121 Y-198.634 Z-4.206 F400.000
G1 X-14.107 Y-198.661 Z-4.207 F400.000
G1 X-14.098 Y-198.690 Z-4.208 F400.000
G1 X-14.087 Y-198.798 Z-4.212 F400.000
G1 X-14.088 Y-200.505 Z-4.271 F400.000
G1 X-14.098 Y-200.613 Z-4.275 F400.000
G1 X-14.107 Y-200.642 Z-4.276 F400.000
G1 X-14.121 Y-200.669 Z-4.277 F400.000
G1 X-14.141 Y-200.692 Z-4.278 F400.000
G1 X-14.164 Y-200.712 Z-4.279 F400.000
G1 X-14.191 Y-200.726 Z-4.280 F400.000
G1 X-14.220 Y-200.735 Z-4.281 F400.000
G1 X-14.328 Y-200.745 Z-4.285 F400.000
G1 X-17.100 Y-200.745 Z-4.382 F400.000
G1 X-17.597 Y-200.787 Z-4.399 F400.000
G1 X-17.902 Y-200.847 Z-4.410 F400.000
G1 X-18.231 Y-200.947 Z-4.422 F400.000
G1 X-18.518 Y-201.066 Z-4.433 F400.000
G1 X-18.821 Y-201.228 Z-4.445 F400.000
G1 X-19.079 Y-201.401 Z-4.456 F400.000
G1 X-19.345 Y-201.618 Z-4.468 F400.000
G1 X-19.565 Y-201.838 Z-4.479 F400.000
G1 X-19.782 Y-202.104 Z-4.491 F400.000
G1 X-19.955 Y-202.362 Z-4.502 F400.000
G1 X-20.117 Y-202.665 Z-4.514 F400.000
G1 X-20.236 Y-202.952 Z-4.525 F400.000
G1 X-20.336 Y-203.281 Z-4.537 F400.000
G1 X-20.396 Y-203.586 Z-4.547 F400.000
G1 X-20.430 Y-203.927 Z-4.559 F400.000
G1 X-20.437 Y-228.000 Z-5.400 F400.000
G1 X-20.430 Y-203.927 Z-5.400 F400.000
G1 X-20.396 Y-203.586 Z-5.400 F400.000
G1 X-20.336 Y-203.281 Z-5.400 F400.000
G1 X-20.236 Y-202.952 Z-5.400 F400.000
G1 X-20.117 Y-202.665 Z-5.400 F400.000
G1 X-19.955 Y-202.362 Z-5.400 F400.000
G1 X-19.782 Y-202.104 Z-5.400 F400.000
G1 X-19.565 Y-201.838 Z-5.400 F400.000
G1 X-19.345 Y-201.618 Z-5.400 F400.000
G1 X-19.079 Y-201.401 Z-5.400 F400.000
G1 X-18.821 Y-201.228 Z-5.400 F400.000
G1 X-18.518 Y-201.066 Z-5.400 F400.000
G1 X-18.231 Y-200.947 Z-5.400 F400.000
G1 X-17.902 Y-200.847 Z-5.400 F400.000
G1 X-17.597 Y-200.787 Z-5.400 F400.000
G1 X-17.100 Y-200.745 Z-5.400 F400.000
G1 X-14.328 Y-200.745 Z-5.400 F400.000
G1 X-14.220 Y-200.735 Z-5.400 F400.000
G1 X-14.191 Y-200.726 Z-5.400 F400.000
G1 X-14.164 Y-200.712 Z-5.400 F400.000
G1 X-14.141 Y-200.692 Z-5.400 F400.000
G1 X-14.121 Y-200.669 Z-5.400 F400.000
G1 X-14.107 Y-200.642 Z-5.400 F400.000
G1 X-14.098 Y-200.613 Z-5.400 F400.000
G1 X-14.088 Y-200.505 Z-5.400 F400.000
G1 X-14.087 Y-198.798 Z-5.400 F400.000
G1 X-14.098 Y-198.690 Z-5.400 F400.000
G1 X-14.107 Y-198.661 Z-5.400 F400.000
G1 X-14.121 Y-198.634 Z-5.400 F400.000
G1 X-14.141 Y-198.611 Z-5.400 F400.000
G1 X-14.164 Y-198.592 Z-5.400 F400.000
G1 X-14.191 Y-198.577 Z-5.400 F400.000
G1 X-14.220 Y-198.569 Z-5.400 F400.000
G1 X-14.330 Y-198.558 Z-5.400 F400.000
G1 X-17.256 Y-198.550 Z-5.400 F400.000
G1 X-17.597 Y-198.517 Z-5.400 F400.000
G1 X-17.902 Y-198.456 Z-5.400 F400.000
G1 X-18.231 Y-198.356 Z-5.400 F400.000
G1 X-18.518 Y-198.237 Z-5.400 F400.000
G1 X-18.821 Y-198.076 Z-5.400 F400.000
G1 X-19.079 Y-197.903 Z-5.400 F400.000
G1 X-19.345 Y-197.685 Z-5.400 F400.000
G1 X-19.565 Y-197.465 Z-5.400 F400.000
G1 X-19.782 Y-197.200 Z-5.400 F400.000
G1 X-19.955 Y-196.941 Z-5.400 F400.000
G1 X-20.117 Y-196.638 Z-5.400 F400.000
G1 X-20.236 Y-196.351 Z-5.400 F400.000
G1 X-20.336 Y-196.023 Z-5.400 F400.000
G1 X-20.396 Y-195.717 Z-5.400 F400.000
G1 X-20.437 Y-195.220 Z-5.400 F400.000
G1 X-20.435 Y-186.654 Z-5.400 F400.000
G1 X-20.406 Y-186.291 Z-5.400 F400.000
G1 X-20.337 Y-185.934 Z-5.400 F400.000
G1 X-20.230 Y-185.586 Z-5.400 F400.000
G1 X-20.125 Y-185.330 Z-5.400 F400.000
G1 X-16.238 Y-176.994 Z-5.400 F400.000
G1 X-16.215 Y-176.938 Z-5.400 F400.000
G1 X-16.210 Y-176.921 Z-5.400 F400.000
G1 X-16.207 Y-176.903 Z-5.400 F400.000
G1 X-16.204 Y-176.843 Z-5.400 F400.000
G1 X-16.204 Y-173.952 Z-5.400 F400.000
G1 X-16.215 Y-173.843 Z-5.400 F400.000
G1 X-16.224 Y-173.814 Z-5.400 F400.000
G1 X-16.238 Y-173.788 Z-5.400 F400.000
G1 X-16.257 Y-173.764 Z-5.400 F400.000
G1 X-16.281 Y-173.745 Z-5.400 F400.000
G1 X-16.307 Y-173.731 Z-5.400 F400.000
G1 X-16.336 Y-173.722 Z-5.400 F400.000
G1 X-16.445 Y-173.711 Z-5.400 F400.000
G1 X-17.850 Y-173.711 Z-5.400 F400.000
G1 X-18.057 Y-173.697 Z-5.400 F400.000
G1 X-18.316 Y-173.663 Z-5.400 F400.000
G1 X-18.716 Y-173.556 Z-5.400 F400.000
G1 X-18.958 Y-173.456 Z-5.400 F400.000
G1 X-19.316 Y-173.249 Z-5.400 F400.000
G1 X-19.524 Y-173.090 Z-5.400 F400.000
G1 X-19.817 Y-172.797 Z-5.400 F400.000
G1 X-19.975 Y-172.590 Z-5.400 F400.000
G1 X-20.183 Y-172.231 Z-5.400 F400.000
G1 X-20.283 Y-171.990 Z-5.400 F400.000
G1 X-20.390 Y-171.590 Z-5.400 F400.000
G1 X-20.424 Y-171.331 Z-5.400 F400.000
G1 X-20.437 Y-171.124 Z-5.400 F400.000
G1 X-20.435 Y-148.170 Z-5.400 F400.000
G1 X-20.406 Y-147.807 Z-5.400 F400.000
G1 X-20.337 Y-147.450 Z-5.400 F400.000
G1 X-20.230 Y-147.102 Z-5.400 F400.000
G1 X-20.125 Y-146.846 Z-5.400 F400.000
G1 X-16.238 Y-138.510 Z-5.400 F400.000
G1 X-16.215 Y-138.454 Z-5.400 F400.000
G1 X-16.210 Y-138.437 Z-5.400 F400.000
G1 X-16.207 Y-138.419 Z-5.400 F400.000
G1 X-16.204 Y-138.359 Z-5.400 F400.000
G1 X-16.204 Y-135.468 Z-5.400 F400.000
G1 X-16.215 Y-135.359 Z-5.400 F400.000
G1 X-16.224 Y-135.330 Z-5.400 F400.000
G1 X-16.238 Y-135.304 Z-5.400 F400.000
G1 X-16.257 Y-135.280 Z-5.400 F400.000
G1 X-16.281 Y-135.261 Z-5.400 F400.000
G1 X-16.307 Y-135.247 Z-5.400 F400.000
G1 X-16.336 Y-135.238 Z-5.400 F400.000
G1 X-16.445 Y-135.227 Z-5.400 F400.000
G1 X-17.850 Y-135.227 Z-5.400 F400.000
G1 X-18.057 Y-135.213 Z-5.400 F400.000
G1 X-18.316 Y-135.179 Z-5.400 F400.000
G1 X-18.716 Y-135.072 Z-5.400 F400.000
G1 X-18.958 Y-134.972 Z-5.400 F400.000
G1 X-19.316 Y-134.765 Z-5.400 F400.000
G1 X-19.524 Y-134.606 Z-5.400 F400.000
G1 X-19.817 Y-134.313 Z-5.400 F400.000
G1 X-19.975 Y-134.106 Z-5.400 F400.000
G1 X-20.183 Y-133.747 Z-5.400 F400.000
G1 X-20.283 Y-133.506 Z-5.400 F400.000
G1 X-20.390 Y-133.106 Z-5.400 F400.000
G1 X-20.424 Y-132.847 Z-5.400 F400.000
G1 X-20.437 Y-132.640 Z-5.400 F400.000
G1 X-20.435 Y-109.686 Z-5.400 F400.000
G1 X-20.406 Y-109.323 Z-5.400 F400.000
G1 X-20.337 Y-108.966 Z-5.400 F400.000
G1 X-20.230 Y-108.618 Z-5.400 F400.000
G1 X-20.125 Y-108.362 Z-5.400 F400.000
G1 X-16.238 Y-100.026 Z-5.400 F400.000
G1 X-16.215 Y-99.969 Z-5.400 F400.000
G1 X-16.210 Y-99.953 Z-5.400 F400.000
G1 X-16.207 Y-99.935 Z-5.400 F400.000
G1 X-16.204 Y-99.875 Z-5.400 F400.000
G1 X-16.204 Y-96.984 Z-5.400 F400.000
G1 X-16.215 Y-96.875 Z-5.400 F400.000
G1 X-16.224 Y-96.846 Z-5.400 F400.000
G1 X-16.238 Y-96.820 Z-5.400 F400.000
G1 X-16.257 Y-96.796 Z-5.400 F400.000
G1 X-16.281 Y-96.777 Z-5.400 F400.000
G1 X-16.307 Y-96.762 Z-5.400 F400.000
G1 X-16.336 Y-96.754 Z-5.400 F400.000
G1 X-16.445 Y-96.743 Z-5.400 F400.000
G1 X-17.850 Y-96.743 Z-5.400 F400.000
G1 X-18.057 Y-96.729 Z-5.400 F400.000
G1 X-18.316 Y-96.695 Z-5.400 F400.000
G1 X-18.716 Y-96.588 Z-5.400 F400.000
G1 X-18.958 Y-96.488 Z-5.400 F400.000
G1 X-19.316 Y-96.281 Z-5.400 F400.000
G1 X-19.524 Y-96.122 Z-5.400 F400.000
G1 X-19.817 Y-95.829 Z-5.400 F400.000
G1 X-19.975 Y-95.622 Z-5.400 F400.000
G1 X-20.183 Y-95.263 Z-5.400 F400.000
G1 X-20.283 Y-95.022 Z-5.400 F400.000
G1 X-20.390 Y-94.622 Z-5.400 F400.000
G1 X-20.424 Y-94.363 Z-5.400 F400.000
G1 X-20.437 Y-94.156 Z-5.400 F400.000
G1 X-20.435 Y-71.202 Z-5.400 F400.000
G1 X-20.406 Y-70.839 Z-5.400 F400.000
G1 X-20.337 Y-70.482 Z-5.400 F400.000
G1 X-20.230 Y-70.134 Z-5.400 F400.000
G1 X-20.125 Y-69.878 Z-5.400 F400.000
G1 X-16.238 Y-61.542 Z-5.400 F400.000
G1 X-16.215 Y-61.485 Z-5.400 F400.000
G1 X-16.210 Y-61.469 Z-5.400 F400.000
G1 X-16.207 Y-61.451 Z-5.400 F400.000
G1 X-16.204 Y-61.391 Z-5.400 F400.000
G1 X-16.204 Y-58.500 Z-5.400 F400.000
G1 X-16.215 Y-58.391 Z-5.400 F400.000
G1 X-16.224 Y-58.362 Z-5.400 F400.000
G1 X-16.238 Y-58.336 Z-5.400 F400.000
G1 X-16.257 Y-58.312 Z-5.400 F400.000
G1 X-16.281 Y-58.293 Z-5.400 F400.000
G1 X-16.307 Y-58.278 Z-5.400 F400.000
G1 X-16.336 Y-58.270 Z-5.400 F400.000
G1 X-16.445 Y-58.259 Z-5.400 F400.000
G1 X-17.850 Y-58.259 Z-5.400 F400.000
G1 X-18.057 Y-58.245 Z-5.400 F400.000
G1 X-18.316 Y-58.211 Z-5.400 F400.000
G1 X-18.716 Y-58.104 Z-5.400 F400.000
G1 X-18.958 Y-58.004 Z-5.400 F400.000
G1 X-19.316 Y-57.797 Z-5.400 F400.000
G1 X-19.524 Y-57.638 Z-5.400 F400.000
G1 X-19.817 Y-57.345 Z-5.400 F400.000
G1 X-19.975 Y-57.138 Z-5.400 F400.000
G1 X-20.183 Y-56.779 Z-5.400 F400.000
G1 X-20.283 Y-56.538 Z-5.400 F400.000
G1 X-20.390 Y-56.138 Z-5.400 F400.000
G1 X-20.424 Y-55.879 Z-5.400 F400.000
G1 X-20.437 Y-55.672 Z-5.400 F400.000
G1 X-20.435 Y-32.718 Z-5.400 F400.000
G1 X-20.406 Y-32.355 Z-5.400 F400.000
G1 X-20.337 Y-31.998 Z-5.400 F400.000
G1 X-20.230 Y-31.650 Z-5.400 F400.000
G1 X-20.125 Y-31.394 Z-5.400 F400.000
G1 X-16.238 Y-23.058 Z-5.400 F400.000
G1 X-16.215 Y-23.001 Z-5.400 F400.000
G1 X-16.210 Y-22.985 Z-5.400 F400.000
G1 X-16.207 Y-22.967 Z-5.400 F400.000
G1 X-16.204 Y-22.907 Z-5.400 F400.000
G1 X-16.204 Y-20.015 Z-5.400 F400.000
G1 X-16.215 Y-19.907 Z-5.400 F400.000
G1 X-16.224 Y-19.878 Z-5.400 F400.000
G1 X-16.238 Y-19.851 Z-5.400 F400.000
G1 X-16.257 Y-19.828 Z-5.400 F400.000
G1 X-16.281 Y-19.809 Z-5.400 F400.000
G1 X-16.307 Y-19.794 Z-5.400 F400.000
G1 X-16.336 Y-19.786 Z-5.400 F400.000
G1 X-16.445 Y-19.775 Z-5.400 F400.000
G1 X-17.850 Y-19.775 Z-5.400 F400.000
G1 X-18.057 Y-19.761 Z-5.400 F400.000
G1 X-18.316 Y-19.727 Z-5.400 F400.000
G1 X-18.716 Y-19.620 Z-5.400 F400.000
G1 X-18.958 Y-19.520 Z-5.400 F400.000
G1 X-19.316 Y-19.313 Z-5.400 F400.000
G1 X-19.524 Y-19.154 Z-5.400 F400.000
G1 X-19.817 Y-18.861 Z-5.400 F400.000
G1 X-19.975 Y-18.654 Z-5.400 F400.000
G1 X-20.183 Y-18.295 Z-5.400 F400.000
G1 X-20.283 Y-18.054 Z-5.400 F400.000
G1 X-20.390 Y-17.654 Z-5.400 F400.000
G1 X-20.424 Y-17.395 Z-5.400 F400.000
G1 X-20.437 Y-17.188 Z-5.400 F400.000
G1 X-20.437 Y-3.000 Z-5.400 F400.000
G0 X-20.437 Y-3.000 Z5.000
(Finish operation: RampEntryDressup003)
(Begin operation: RampEntryDressup)
(Path: RampEntryDressup)
G0 X0.000 Y0.000 Z5.000
G0 X-18.850 Y-229.588 Z5.000
G0 X-18.850 Y-229.588 Z3.000
G1 X-6.150 Y-229.588 Z2.334 F400.000
G1 X-18.850 Y-229.588 Z1.669 F400.000
G1 X-6.150 Y-229.588 Z1.003 F400.000
G1 X-18.850 Y-229.588 Z0.338 F400.000
G1 X-8.590 Y-229.588 Z-0.200 F400.000
G1 X-18.850 Y-229.588 Z-0.200 F400.000
G1 X-6.150 Y-229.588 Z-0.200 F400.000
G0 X-6.150 Y-229.588 Z5.000
G0 X-18.850 Y-229.588 Z5.000
G0 X-18.850 Y-229.588 Z3.000
G1 X-6.150 Y-229.588 Z2.334 F400.000
G1 X-18.850 Y-229.588 Z1.669 F400.000
G1 X-6.150 Y-229.588 Z1.003 F400.000
G1 X-18.850 Y-229.588 Z0.338 F400.000
G1 X-6.150 Y-229.588 Z-0.328 F400.000
G1 X-7.526 Y-229.588 Z-0.400 F400.000
G1 X-18.850 Y-229.588 Z-0.400 F400.000
G1 X-6.150 Y-229.588 Z-0.400 F400.000
G0 X-6.150 Y-229.588 Z5.000
G0 X-18.850 Y-229.588 Z5.000
G0 X-18.850 Y-229.588 Z3.000
G1 X-6.150 Y-229.588 Z2.334 F400.000
G1 X-18.850 Y-229.588 Z1.669 F400.000
G1 X-6.150 Y-229.588 Z1.003 F400.000
G1 X-18.850 Y-229.588 Z0.338 F400.000
G1 X-6.150 Y-229.588 Z-0.328 F400.000
G1 X-11.342 Y-229.588 Z-0.600 F400.000
G1 X-18.850 Y-229.588 Z-0.600 F400.000
G1 X-6.150 Y-229.588 Z-0.600 F400.000
G0 X-6.150 Y-229.588 Z5.000
G0 X-18.850 Y-229.588 Z5.000
G0 X-18.850 Y-229.588 Z3.000
G1 X-6.150 Y-229.588 Z2.334 F400.000
G1 X-18.850 Y-229.588 Z1.669 F400.000
G1 X-6.150 Y-229.588 Z1.003 F400.000
G1 X-18.850 Y-229.588 Z0.338 F400.000
G1 X-6.150 Y-229.588 Z-0.328 F400.000
G1 X-15.158 Y-229.588 Z-0.800 F400.000
G1 X-18.850 Y-229.588 Z-0.800 F400.000
G1 X-6.150 Y-229.588 Z-0.800 F400.000
G0 X-6.150 Y-229.588 Z5.000
G0 X-18.850 Y-229.588 Z5.000
G0 X-18.850 Y-229.588 Z3.000
G1 X-6.150 Y-229.588 Z2.334 F400.000
G1 X-18.850 Y-229.588 Z1.669 F400.000
G1 X-6.150 Y-229.588 Z1.003 F400.000
G1 X-18.850 Y-229.588 Z0.338 F400.000
G1 X-6.150 Y-229.588 Z-0.328 F400.000
G1 X-18.850 Y-229.588 Z-0.993 F400.000
G1 X-18.725 Y-229.588 Z-1.000 F400.000
G1 X-18.850 Y-229.588 Z-1.000 F400.000
G1 X-6.150 Y-229.588 Z-1.000 F400.000
G0 X-6.150 Y-229.588 Z5.000
G0 X-18.850 Y-229.588 Z5.000
G0 X-18.850 Y-229.588 Z3.000
G1 X-6.150 Y-229.588 Z2.334 F400.000
G1 X-18.850 Y-229.588 Z1.669 F400.000
G1 X-6.150 Y-229.588 Z1.003 F400.000
G1 X-18.850 Y-229.588 Z0.338 F400.000
G1 X-6.150 Y-229.588 Z-0.328 F400.000
G1 X-18.850 Y-229.588 Z-0.993 F400.000
G1 X-14.909 Y-229.588 Z-1.200 F400.000
G1 X-18.850 Y-229.588 Z-1.200 F400.000
G1 X-6.150 Y-229.588 Z-1.200 F400.000
G0 X-6.150 Y-229.588 Z5.000
G0 X-18.850 Y-229.588 Z5.000
G0 X-18.850 Y-229.588 Z3.000
G1 X-6.150 Y-229.588 Z2.334 F400.000
G1 X-18.850 Y-229.588 Z1.669 F400.000
G1 X-6.150 Y-229.588 Z1.003 F400.000
G1 X-18.850 Y-229.588 Z0.338 F400.000
G1 X-6.150 Y-229.588 Z-0.328 F400.000
G1 X-18.850 Y-229.588 Z-0.993 F400.000
G1 X-11.093 Y-229.588 Z-1.400 F400.000
G1 X-18.850 Y-229.588 Z-1.400 F400.000
G1 X-6.150 Y-229.588 Z-1.400 F400.000
G0 X-6.150 Y-229.588 Z5.000
G0 X-18.850 Y-229.588 Z5.000
G0 X-18.850 Y-229.588 Z3.000
G1 X-6.150 Y-229.588 Z2.334 F400.000
G1 X-18.850 Y-229.588 Z1.669 F400.000
G1 X-6.150 Y-229.588 Z1.003 F400.000
G1 X-18.850 Y-229.588 Z0.338 F400.000
G1 X-6.150 Y-229.588 Z-0.328 F400.000
G1 X-18.850 Y-229.588 Z-0.993 F400.000
G1 X-7.277 Y-229.588 Z-1.600 F400.000
G1 X-18.850 Y-229.588 Z-1.600 F400.000
G1 X-6.150 Y-229.588 Z-1.600 F400.000
G0 X-6.150 Y-229.588 Z5.000
G0 X-18.850 Y-229.588 Z5.000
G0 X-18.850 Y-229.588 Z3.000
G1 X-6.150 Y-229.588 Z2.334 F400.000
G1 X-18.850 Y-229.588 Z1.669 F400.000
G1 X-6.150 Y-229.588 Z1.003 F400.000
G1 X-18.850 Y-229.588 Z0.338 F400.000
G1 X-6.150 Y-229.588 Z-0.328 F400.000
G1 X-18.850 Y-229.588 Z-0.993 F400.000
G1 X-6.150 Y-229.588 Z-1.659 F400.000
G1 X-8.839 Y-229.588 Z-1.800 F400.000
G1 X-18.850 Y-229.588 Z-1.800 F400.000
G1 X-6.150 Y-229.588 Z-1.800 F400.000
G0 X-6.150 Y-229.588 Z5.000
G0 X-18.850 Y-229.588 Z5.000
G0 X-18.850 Y-229.588 Z3.000
G1 X-6.150 Y-229.588 Z2.334 F400.000
G1 X-18.850 Y-229.588 Z1.669 F400.000
G1 X-6.150 Y-229.588 Z1.003 F400.000
G1 X-18.850 Y-229.588 Z0.338 F400.000
G1 X-6.150 Y-229.588 Z-0.328 F400.000
G1 X-18.850 Y-229.588 Z-0.993 F400.000
G1 X-6.150 Y-229.588 Z-1.659 F400.000
G1 X-12.656 Y-229.588 Z-2.000 F400.000
G1 X-18.850 Y-229.588 Z-2.000 F400.000
G1 X-6.150 Y-229.588 Z-2.000 F400.000
G0 X-6.150 Y-229.588 Z5.000
G0 X-18.850 Y-229.588 Z5.000
G0 X-18.850 Y-229.588 Z3.000
G1 X-6.150 Y-229.588 Z2.334 F400.000
G1 X-18.850 Y-229.588 Z1.669 F400.000
G1 X-6.150 Y-229.588 Z1.003 F400.000
G1 X-18.850 Y-229.588 Z0.338 F400.000
G1 X-6.150 Y-229.588 Z-0.328 F400.000
G1 X-18.850 Y-229.588 Z-0.993 F400.000
G1 X-6.150 Y-229.588 Z-1.659 F400.000
G1 X-16.472 Y-229.588 Z-2.200 F400.000
G1 X-18.850 Y-229.588 Z-2.200 F400.000
G1 X-6.150 Y-229.588 Z-2.200 F400.000
G0 X-6.150 Y-229.588 Z5.000
G0 X-18.850 Y-229.588 Z5.000
G0 X-18.850 Y-229.588 Z3.000
G1 X-6.150 Y-229.588 Z2.334 F400.000
G1 X-18.850 Y-229.588 Z1.669 F400.000
G1 X-6.150 Y-229.588 Z1.003 F400.000
G1 X-18.850 Y-229.588 Z0.338 F400.000
G1 X-6.150 Y-229.588 Z-0.328 F400.000
G1 X-18.850 Y-229.588 Z-0.993 F400.000
G1 X-6.150 Y-229.588 Z-1.659 F400.000
G1 X-18.850 Y-229.588 Z-2.325 F400.000
G1 X-17.412 Y-229.588 Z-2.400 F400.000
G1 X-18.850 Y-229.588 Z-2.400 F400.000
G1 X-6.150 Y-229.588 Z-2.400 F400.000
G0 X-6.150 Y-229.588 Z5.000
G0 X-18.850 Y-229.588 Z5.000
G0 X-18.850 Y-229.588 Z3.000
G1 X-6.150 Y-229.588 Z2.334 F400.000
G1 X-18.850 Y-229.588 Z1.669 F400.000
G1 X-6.150 Y-229.588 Z1.003 F400.000
G1 X-18.850 Y-229.588 Z0.338 F400.000
G1 X-6.150 Y-229.588 Z-0.328 F400.000
G1 X-18.850 Y-229.588 Z-0.993 F400.000
G1 X-6.150 Y-229.588 Z-1.659 F400.000
G1 X-18.850 Y-229.588 Z-2.325 F400.000
G1 X-13.596 Y-229.588 Z-2.600 F400.000
G1 X-18.850 Y-229.588 Z-2.600 F400.000
G1 X-6.150 Y-229.588 Z-2.600 F400.000
G0 X-6.150 Y-229.588 Z5.000
G0 X-18.850 Y-229.588 Z5.000
G0 X-18.850 Y-229.588 Z3.000
G1 X-6.150 Y-229.588 Z2.334 F400.000
G1 X-18.850 Y-229.588 Z1.669 F400.000
G1 X-6.150 Y-229.588 Z1.003 F400.000
G1 X-18.850 Y-229.588 Z0.338 F400.000
G1 X-6.150 Y-229.588 Z-0.328 F400.000
G1 X-18.850 Y-229.588 Z-0.993 F400.000
G1 X-6.150 Y-229.588 Z-1.659 F400.000
G1 X-18.850 Y-229.588 Z-2.325 F400.000
G1 X-9.779 Y-229.588 Z-2.800 F400.000
G1 X-18.850 Y-229.588 Z-2.800 F400.000
G1 X-6.150 Y-229.588 Z-2.800 F400.000
G0 X-6.150 Y-229.588 Z5.000
G0 X-18.850 Y-229.588 Z5.000
G0 X-18.850 Y-229.588 Z3.000
G1 X-6.150 Y-229.588 Z2.334 F400.000
G1 X-18.850 Y-229.588 Z1.669 F400.000
G1 X-6.150 Y-229.588 Z1.003 F400.000
G1 X-18.850 Y-229.588 Z0.338 F400.000
G1 X-6.150 Y-229.588 Z-0.328 F400.000
G1 X-18.850 Y-229.588 Z-0.993 F400.000
G1 X-6.150 Y-229.588 Z-1.659 F400.000
G1 X-18.850 Y-229.588 Z-2.325 F400.000
G1 X-6.150 Y-229.588 Z-2.990 F400.000
G1 X-6.337 Y-229.588 Z-3.000 F400.000
G1 X-18.850 Y-229.588 Z-3.000 F400.000
G1 X-6.150 Y-229.588 Z-3.000 F400.000
G0 X-6.150 Y-229.588 Z5.000
G0 X-18.850 Y-229.588 Z5.000
G0 X-18.850 Y-229.588 Z3.000
G1 X-6.150 Y-229.588 Z2.334 F400.000
G1 X-18.850 Y-229.588 Z1.669 F400.000
G1 X-6.150 Y-229.588 Z1.003 F400.000
G1 X-18.850 Y-229.588 Z0.338 F400.000
G1 X-6.150 Y-229.588 Z-0.328 F400.000
G1 X-18.850 Y-229.588 Z-0.993 F400.000
G1 X-6.150 Y-229.588 Z-1.659 F400.000
G1 X-18.850 Y-229.588 Z-2.325 F400.000
G1 X-6.150 Y-229.588 Z-2.990 F400.000
G1 X-10.153 Y-229.588 Z-3.200 F400.000
G1 X-18.850 Y-229.588 Z-3.200 F400.000
G1 X-6.150 Y-229.588 Z-3.200 F400.000
G0 X-6.150 Y-229.588 Z5.000
G0 X-18.850 Y-229.588 Z5.000
G0 X-18.850 Y-229.588 Z3.000
G1 X-6.150 Y-229.588 Z2.334 F400.000
G1 X-18.850 Y-229.588 Z1.669 F400.000
G1 X-6.150 Y-229.588 Z1.003 F400.000
G1 X-18.850 Y-229.588 Z0.338 F400.000
G1 X-6.150 Y-229.588 Z-0.328 F400.000
G1 X-18.850 Y-229.588 Z-0.993 F400.000
G1 X-6.150 Y-229.588 Z-1.659 F400.000
G1 X-18.850 Y-229.588 Z-2.325 F400.000
G1 X-6.150 Y-229.588 Z-2.990 F400.000
G1 X-13.969 Y-229.588 Z-3.400 F400.000
G1 X-18.850 Y-229.588 Z-3.400 F400.000
G1 X-6.150 Y-229.588 Z-3.400 F400.000
G0 X-6.150 Y-229.588 Z5.000
G0 X-18.850 Y-229.588 Z5.000
G0 X-18.850 Y-229.588 Z3.000
G1 X-6.150 Y-229.588 Z2.334 F400.000
G1 X-18.850 Y-229.588 Z1.669 F400.000
G1 X-6.150 Y-229.588 Z1.003 F400.000
G1 X-18.850 Y-229.588 Z0.338 F400.000
G1 X-6.150 Y-229.588 Z-0.328 F400.000
G1 X-18.850 Y-229.588 Z-0.993 F400.000
G1 X-6.150 Y-229.588 Z-1.659 F400.000
G1 X-18.850 Y-229.588 Z-2.325 F400.000
G1 X-6.150 Y-229.588 Z-2.990 F400.000
G1 X-17.786 Y-229.588 Z-3.600 F400.000
G1 X-18.850 Y-229.588 Z-3.600 F400.000
G1 X-6.150 Y-229.588 Z-3.600 F400.000
G0 X-6.150 Y-229.588 Z5.000
G0 X-18.850 Y-229.588 Z5.000
G0 X-18.850 Y-229.588 Z3.000
G1 X-6.150 Y-229.588 Z2.334 F400.000
G1 X-18.850 Y-229.588 Z1.669 F400.000
G1 X-6.150 Y-229.588 Z1.003 F400.000
G1 X-18.850 Y-229.588 Z0.338 F400.000
G1 X-6.150 Y-229.588 Z-0.328 F400.000
G1 X-18.850 Y-229.588 Z-0.993 F400.000
G1 X-6.150 Y-229.588 Z-1.659 F400.000
G1 X-18.850 Y-229.588 Z-2.325 F400.000
G1 X-6.150 Y-229.588 Z-2.990 F400.000
G1 X-18.850 Y-229.588 Z-3.656 F400.000
G1 X-16.098 Y-229.588 Z-3.800 F400.000
G1 X-18.850 Y-229.588 Z-3.800 F400.000
G1 X-6.150 Y-229.588 Z-3.800 F400.000
G0 X-6.150 Y-229.588 Z5.000
G0 X-18.850 Y-229.588 Z5.000
G0 X-18.850 Y-229.588 Z3.000
G1 X-6.150 Y-229.588 Z2.334 F400.000
G1 X-18.850 Y-229.588 Z1.669 F400.000
G1 X-6.150 Y-229.588 Z1.003 F400.000
G1 X-18.850 Y-229.588 Z0.338 F400.000
G1 X-6.150 Y-229.588 Z-0.328 F400.000
G1 X-18.850 Y-229.588 Z-0.993 F400.000
G1 X-6.150 Y-229.588 Z-1.659 F400.000
G1 X-18.850 Y-229.588 Z-2.325 F400.000
G1 X-6.150 Y-229.588 Z-2.990 F400.000
G1 X-18.850 Y-229.588 Z-3.656 F400.000
G1 X-12.282 Y-229.588 Z-4.000 F400.000
G1 X-18.850 Y-229.588 Z-4.000 F400.000
G1 X-6.150 Y-229.588 Z-4.000 F400.000
G0 X-6.150 Y-229.588 Z5.000
G0 X-18.850 Y-229.588 Z5.000
G0 X-18.850 Y-229.588 Z3.000
G1 X-6.150 Y-229.588 Z2.334 F400.000
G1 X-18.850 Y-229.588 Z1.669 F400.000
G1 X-6.150 Y-229.588 Z1.003 F400.000
G1 X-18.850 Y-229.588 Z0.338 F400.000
G1 X-6.150 Y-229.588 Z-0.328 F400.000
G1 X-18.850 Y-229.588 Z-0.993 F400.000
G1 X-6.150 Y-229.588 Z-1.659 F400.000
G1 X-18.850 Y-229.588 Z-2.325 F400.000
G1 X-6.150 Y-229.588 Z-2.990 F400.000
G1 X-18.850 Y-229.588 Z-3.656 F400.000
G1 X-8.466 Y-229.588 Z-4.200 F400.000
G1 X-18.850 Y-229.588 Z-4.200 F400.000
G1 X-6.150 Y-229.588 Z-4.200 F400.000
G0 X-6.150 Y-229.588 Z5.000
G0 X-18.850 Y-229.588 Z5.000
G0 X-18.850 Y-229.588 Z3.000
G1 X-6.150 Y-229.588 Z2.334 F400.000
G1 X-18.850 Y-229.588 Z1.669 F400.000
G1 X-6.150 Y-229.588 Z1.003 F400.000
G1 X-18.850 Y-229.588 Z0.338 F400.000
G1 X-6.150 Y-229.588 Z-0.328 F400.000
G1 X-18.850 Y-229.588 Z-0.993 F400.000
G1 X-6.150 Y-229.588 Z-1.659 F400.000
G1 X-18.850 Y-229.588 Z-2.325 F400.000
G1 X-6.150 Y-229.588 Z-2.990 F400.000
G1 X-18.850 Y-229.588 Z-3.656 F400.000
G1 X-6.150 Y-229.588 Z-4.321 F400.000
G1 X-7.650 Y-229.588 Z-4.400 F400.000
G1 X-18.850 Y-229.588 Z-4.400 F400.000
G1 X-6.150 Y-229.588 Z-4.400 F400.000
G0 X-6.150 Y-229.588 Z5.000
G0 X-18.850 Y-229.588 Z5.000
G0 X-18.850 Y-229.588 Z3.000
G1 X-6.150 Y-229.588 Z2.334 F400.000
G1 X-18.850 Y-229.588 Z1.669 F400.000
G1 X-6.150 Y-229.588 Z1.003 F400.000
G1 X-18.850 Y-229.588 Z0.338 F400.000
G1 X-6.150 Y-229.588 Z-0.328 F400.000
G1 X-18.850 Y-229.588 Z-0.993 F400.000
G1 X-6.150 Y-229.588 Z-1.659 F400.000
G1 X-18.850 Y-229.588 Z-2.325 F400.000
G1 X-6.150 Y-229.588 Z-2.990 F400.000
G1 X-18.850 Y-229.588 Z-3.656 F400.000
G1 X-6.150 Y-229.588 Z-4.321 F400.000
G1 X-11.467 Y-229.588 Z-4.600 F400.000
G1 X-18.850 Y-229.588 Z-4.600 F400.000
G1 X-6.150 Y-229.588 Z-4.600 F400.000
G0 X-6.150 Y-229.588 Z5.000
G0 X-18.850 Y-229.588 Z5.000
G0 X-18.850 Y-229.588 Z3.000
G1 X-6.150 Y-229.588 Z2.334 F400.000
G1 X-18.850 Y-229.588 Z1.669 F400.000
G1 X-6.150 Y-229.588 Z1.003 F400.000
G1 X-18.850 Y-229.588 Z0.338 F400.000
G1 X-6.150 Y-229.588 Z-0.328 F400.000
G1 X-18.850 Y-229.588 Z-0.993 F400.000
G1 X-6.150 Y-229.588 Z-1.659 F400.000
G1 X-18.850 Y-229.588 Z-2.325 F400.000
G1 X-6.150 Y-229.588 Z-2.990 F400.000
G1 X-18.850 Y-229.588 Z-3.656 F400.000
G1 X-6.150 Y-229.588 Z-4.321 F400.000
G1 X-15.283 Y-229.588 Z-4.800 F400.000
G1 X-18.850 Y-229.588 Z-4.800 F400.000
G1 X-6.150 Y-229.588 Z-4.800 F400.000
G0 X-6.150 Y-229.588 Z5.000
G0 X-18.850 Y-229.588 Z5.000
G0 X-18.850 Y-229.588 Z3.000
G1 X-6.150 Y-229.588 Z2.334 F400.000
G1 X-18.850 Y-229.588 Z1.669 F400.000
G1 X-6.150 Y-229.588 Z1.003 F400.000
G1 X-18.850 Y-229.588 Z0.338 F400.000
G1 X-6.150 Y-229.588 Z-0.328 F400.000
G1 X-18.850 Y-229.588 Z-0.993 F400.000
G1 X-6.150 Y-229.588 Z-1.659 F400.000
G1 X-18.850 Y-229.588 Z-2.325 F400.000
G1 X-6.150 Y-229.588 Z-2.990 F400.000
G1 X-18.850 Y-229.588 Z-3.656 F400.000
G1 X-6.150 Y-229.588 Z-4.321 F400.000
G1 X-18.850 Y-229.588 Z-4.987 F400.000
G1 X-18.601 Y-229.588 Z-5.000 F400.000
G1 X-18.850 Y-229.588 Z-5.000 F400.000
G1 X-6.150 Y-229.588 Z-5.000 F400.000
G0 X-6.150 Y-229.588 Z5.000
G0 X-18.850 Y-229.588 Z5.000
G0 X-18.850 Y-229.588 Z3.000
G1 X-6.150 Y-229.588 Z2.334 F400.000
G1 X-18.850 Y-229.588 Z1.669 F400.000
G1 X-6.150 Y-229.588 Z1.003 F400.000
G1 X-18.850 Y-229.588 Z0.338 F400.000
G1 X-6.150 Y-229.588 Z-0.328 F400.000
G1 X-18.850 Y-229.588 Z-0.993 F400.000
G1 X-6.150 Y-229.588 Z-1.659 F400.000
G1 X-18.850 Y-229.588 Z-2.325 F400.000
G1 X-6.150 Y-229.588 Z-2.990 F400.000
G1 X-18.850 Y-229.588 Z-3.656 F400.000
G1 X-6.150 Y-229.588 Z-4.321 F400.000
G1 X-18.850 Y-229.588 Z-4.987 F400.000
G1 X-14.785 Y-229.588 Z-5.200 F400.000
G1 X-18.850 Y-229.588 Z-5.200 F400.000
G1 X-6.150 Y-229.588 Z-5.200 F400.000
G0 X-6.150 Y-229.588 Z5.000
G0 X-18.850 Y-229.588 Z5.000
G0 X-18.850 Y-229.588 Z3.000
G1 X-6.150 Y-229.588 Z2.334 F400.000
G1 X-18.850 Y-229.588 Z1.669 F400.000
G1 X-6.150 Y-229.588 Z1.003 F400.000
G1 X-18.850 Y-229.588 Z0.338 F400.000
G1 X-6.150 Y-229.588 Z-0.328 F400.000
G1 X-18.850 Y-229.588 Z-0.993 F400.000
G1 X-6.150 Y-229.588 Z-1.659 F400.000
G1 X-18.850 Y-229.588 Z-2.325 F400.000
G1 X-6.150 Y-229.588 Z-2.990 F400.000
G1 X-18.850 Y-229.588 Z-3.656 F400.000
G1 X-6.150 Y-229.588 Z-4.321 F400.000
G1 X-18.850 Y-229.588 Z-4.987 F400.000
G1 X-10.968 Y-229.588 Z-5.400 F400.000
G1 X-18.850 Y-229.588 Z-5.400 F400.000
G1 X-6.150 Y-229.588 Z-5.400 F400.000
G0 X-6.150 Y-229.588 Z5.000
(Finish operation: RampEntryDressup)
(Begin operation: RampEntryDressup001)
(Path: RampEntryDressup001)
G0 X0.000 Y0.000 Z5.000
G0 X-18.850 Y-1.412 Z5.000
G0 X-18.850 Y-1.412 Z3.000
G1 X-6.150 Y-1.412 Z2.334 F400.000
G1 X-18.850 Y-1.412 Z1.669 F400.000
G1 X-6.150 Y-1.412 Z1.003 F400.000
G1 X-18.850 Y-1.412 Z0.338 F400.000
G1 X-12.407 Y-1.412 Z-0.000 F400.000
G1 X-18.850 Y-1.412 Z-0.000 F400.000
G1 X-6.150 Y-1.412 Z-0.000 F400.000
G0 X-6.150 Y-1.412 Z5.000
G0 X-18.850 Y-1.412 Z5.000
G0 X-18.850 Y-1.412 Z3.000
G1 X-6.150 Y-1.412 Z2.334 F400.000
G1 X-18.850 Y-1.412 Z1.669 F400.000
G1 X-6.150 Y-1.412 Z1.003 F400.000
G1 X-18.850 Y-1.412 Z0.338 F400.000
G1 X-8.590 Y-1.412 Z-0.200 F400.000
G1 X-18.850 Y-1.412 Z-0.200 F400.000
G1 X-6.150 Y-1.412 Z-0.200 F400.000
G0 X-6.150 Y-1.412 Z5.000
G0 X-18.850 Y-1.412 Z5.000
G0 X-18.850 Y-1.412 Z3.000
G1 X-6.150 Y-1.412 Z2.334 F400.000
G1 X-18.850 Y-1.412 Z1.669 F400.000
G1 X-6.150 Y-1.412 Z1.003 F400.000
G1 X-18.850 Y-1.412 Z0.338 F400.000
G1 X-6.150 Y-1.412 Z-0.328 F400.000
G1 X-7.526 Y-1.412 Z-0.400 F400.000
G1 X-18.850 Y-1.412 Z-0.400 F400.000
G1 X-6.150 Y-1.412 Z-0.400 F400.000
G0 X-6.150 Y-1.412 Z5.000
G0 X-18.850 Y-1.412 Z5.000
G0 X-18.850 Y-1.412 Z3.000
G1 X-6.150 Y-1.412 Z2.334 F400.000
G1 X-18.850 Y-1.412 Z1.669 F400.000
G1 X-6.150 Y-1.412 Z1.003 F400.000
G1 X-18.850 Y-1.412 Z0.338 F400.000
G1 X-6.150 Y-1.412 Z-0.328 F400.000
G1 X-11.342 Y-1.412 Z-0.600 F400.000
G1 X-18.850 Y-1.412 Z-0.600 F400.000
G1 X-6.150 Y-1.412 Z-0.600 F400.000
G0 X-6.150 Y-1.412 Z5.000
G0 X-18.850 Y-1.412 Z5.000
G0 X-18.850 Y-1.412 Z3.000
G1 X-6.150 Y-1.412 Z2.334 F400.000
G1 X-18.850 Y-1.412 Z1.669 F400.000
G1 X-6.150 Y-1.412 Z1.003 F400.000
G1 X-18.850 Y-1.412 Z0.338 F400.000
G1 X-6.150 Y-1.412 Z-0.328 F400.000
G1 X-15.158 Y-1.412 Z-0.800 F400.000
G1 X-18.850 Y-1.412 Z-0.800 F400.000
G1 X-6.150 Y-1.412 Z-0.800 F400.000
G0 X-6.150 Y-1.412 Z5.000
G0 X-18.850 Y-1.412 Z5.000
G0 X-18.850 Y-1.412 Z3.000
G1 X-6.150 Y-1.412 Z2.334 F400.000
G1 X-18.850 Y-1.412 Z1.669 F400.000
G1 X-6.150 Y-1.412 Z1.003 F400.000
G1 X-18.850 Y-1.412 Z0.338 F400.000
G1 X-6.150 Y-1.412 Z-0.328 F400.000
G1 X-18.850 Y-1.412 Z-0.993 F400.000
G1 X-18.725 Y-1.412 Z-1.000 F400.000
G1 X-18.850 Y-1.412 Z-1.000 F400.000
G1 X-6.150 Y-1.412 Z-1.000 F400.000
G0 X-6.150 Y-1.412 Z5.000
G0 X-18.850 Y-1.412 Z5.000
G0 X-18.850 Y-1.412 Z3.000
G1 X-6.150 Y-1.412 Z2.334 F400.000
G1 X-18.850 Y-1.412 Z1.669 F400.000
G1 X-6.150 Y-1.412 Z1.003 F400.000
G1 X-18.850 Y-1.412 Z0.338 F400.000
G1 X-6.150 Y-1.412 Z-0.328 F400.000
G1 X-18.850 Y-1.412 Z-0.993 F400.000
G1 X-14.909 Y-1.412 Z-1.200 F400.000
G1 X-18.850 Y-1.412 Z-1.200 F400.000
G1 X-6.150 Y-1.412 Z-1.200 F400.000
G0 X-6.150 Y-1.412 Z5.000
G0 X-18.850 Y-1.412 Z5.000
G0 X-18.850 Y-1.412 Z3.000
G1 X-6.150 Y-1.412 Z2.334 F400.000
G1 X-18.850 Y-1.412 Z1.669 F400.000
G1 X-6.150 Y-1.412 Z1.003 F400.000
G1 X-18.850 Y-1.412 Z0.338 F400.000
G1 X-6.150 Y-1.412 Z-0.328 F400.000
G1 X-18.850 Y-1.412 Z-0.993 F400.000
G1 X-11.093 Y-1.412 Z-1.400 F400.000
G1 X-18.850 Y-1.412 Z-1.400 F400.000
G1 X-6.150 Y-1.412 Z-1.400 F400.000
G0 X-6.150 Y-1.412 Z5.000
G0 X-18.850 Y-1.412 Z5.000
G0 X-18.850 Y-1.412 Z3.000
G1 X-6.150 Y-1.412 Z2.334 F400.000
G1 X-18.850 Y-1.412 Z1.669 F400.000
G1 X-6.150 Y-1.412 Z1.003 F400.000
G1 X-18.850 Y-1.412 Z0.338 F400.000
G1 X-6.150 Y-1.412 Z-0.328 F400.000
G1 X-18.850 Y-1.412 Z-0.993 F400.000
G1 X-7.277 Y-1.412 Z-1.600 F400.000
G1 X-18.850 Y-1.412 Z-1.600 F400.000
G1 X-6.150 Y-1.412 Z-1.600 F400.000
G0 X-6.150 Y-1.412 Z5.000
G0 X-18.850 Y-1.412 Z5.000
G0 X-18.850 Y-1.412 Z3.000
G1 X-6.150 Y-1.412 Z2.334 F400.000
G1 X-18.850 Y-1.412 Z1.669 F400.000
G1 X-6.150 Y-1.412 Z1.003 F400.000
G1 X-18.850 Y-1.412 Z0.338 F400.000
G1 X-6.150 Y-1.412 Z-0.328 F400.000
G1 X-18.850 Y-1.412 Z-0.993 F400.000
G1 X-6.150 Y-1.412 Z-1.659 F400.000
G1 X-8.839 Y-1.412 Z-1.800 F400.000
G1 X-18.850 Y-1.412 Z-1.800 F400.000
G1 X-6.150 Y-1.412 Z-1.800 F400.000
G0 X-6.150 Y-1.412 Z5.000
G0 X-18.850 Y-1.412 Z5.000
G0 X-18.850 Y-1.412 Z3.000
G1 X-6.150 Y-1.412 Z2.334 F400.000
G1 X-18.850 Y-1.412 Z1.669 F400.000
G1 X-6.150 Y-1.412 Z1.003 F400.000
G1 X-18.850 Y-1.412 Z0.338 F400.000
G1 X-6.150 Y-1.412 Z-0.328 F400.000
G1 X-18.850 Y-1.412 Z-0.993 F400.000
G1 X-6.150 Y-1.412 Z-1.659 F400.000
G1 X-12.656 Y-1.412 Z-2.000 F400.000
G1 X-18.850 Y-1.412 Z-2.000 F400.000
G1 X-6.150 Y-1.412 Z-2.000 F400.000
G0 X-6.150 Y-1.412 Z5.000
G0 X-18.850 Y-1.412 Z5.000
G0 X-18.850 Y-1.412 Z3.000
G1 X-6.150 Y-1.412 Z2.334 F400.000
G1 X-18.850 Y-1.412 Z1.669 F400.000
G1 X-6.150 Y-1.412 Z1.003 F400.000
G1 X-18.850 Y-1.412 Z0.338 F400.000
G1 X-6.150 Y-1.412 Z-0.328 F400.000
G1 X-18.850 Y-1.412 Z-0.993 F400.000
G1 X-6.150 Y-1.412 Z-1.659 F400.000
G1 X-16.472 Y-1.412 Z-2.200 F400.000
G1 X-18.850 Y-1.412 Z-2.200 F400.000
G1 X-6.150 Y-1.412 Z-2.200 F400.000
G0 X-6.150 Y-1.412 Z5.000
G0 X-18.850 Y-1.412 Z5.000
G0 X-18.850 Y-1.412 Z3.000
G1 X-6.150 Y-1.412 Z2.334 F400.000
G1 X-18.850 Y-1.412 Z1.669 F400.000
G1 X-6.150 Y-1.412 Z1.003 F400.000
G1 X-18.850 Y-1.412 Z0.338 F400.000
G1 X-6.150 Y-1.412 Z-0.328 F400.000
G1 X-18.850 Y-1.412 Z-0.993 F400.000
G1 X-6.150 Y-1.412 Z-1.659 F400.000
G1 X-18.850 Y-1.412 Z-2.325 F400.000
G1 X-17.412 Y-1.412 Z-2.400 F400.000
G1 X-18.850 Y-1.412 Z-2.400 F400.000
G1 X-6.150 Y-1.412 Z-2.400 F400.000
G0 X-6.150 Y-1.412 Z5.000
G0 X-18.850 Y-1.412 Z5.000
G0 X-18.850 Y-1.412 Z3.000
G1 X-6.150 Y-1.412 Z2.334 F400.000
G1 X-18.850 Y-1.412 Z1.669 F400.000
G1 X-6.150 Y-1.412 Z1.003 F400.000
G1 X-18.850 Y-1.412 Z0.338 F400.000
G1 X-6.150 Y-1.412 Z-0.328 F400.000
G1 X-18.850 Y-1.412 Z-0.993 F400.000
G1 X-6.150 Y-1.412 Z-1.659 F400.000
G1 X-18.850 Y-1.412 Z-2.325 F400.000
G1 X-13.596 Y-1.412 Z-2.600 F400.000
G1 X-18.850 Y-1.412 Z-2.600 F400.000
G1 X-6.150 Y-1.412 Z-2.600 F400.000
G0 X-6.150 Y-1.412 Z5.000
G0 X-18.850 Y-1.412 Z5.000
G0 X-18.850 Y-1.412 Z3.000
G1 X-6.150 Y-1.412 Z2.334 F400.000
G1 X-18.850 Y-1.412 Z1.669 F400.000
G1 X-6.150 Y-1.412 Z1.003 F400.000
G1 X-18.850 Y-1.412 Z0.338 F400.000
G1 X-6.150 Y-1.412 Z-0.328 F400.000
G1 X-18.850 Y-1.412 Z-0.993 F400.000
G1 X-6.150 Y-1.412 Z-1.659 F400.000
G1 X-18.850 Y-1.412 Z-2.325 F400.000
G1 X-9.779 Y-1.412 Z-2.800 F400.000
G1 X-18.850 Y-1.412 Z-2.800 F400.000
G1 X-6.150 Y-1.412 Z-2.800 F400.000
G0 X-6.150 Y-1.412 Z5.000
G0 X-18.850 Y-1.412 Z5.000
G0 X-18.850 Y-1.412 Z3.000
G1 X-6.150 Y-1.412 Z2.334 F400.000
G1 X-18.850 Y-1.412 Z1.669 F400.000
G1 X-6.150 Y-1.412 Z1.003 F400.000
G1 X-18.850 Y-1.412 Z0.338 F400.000
G1 X-6.150 Y-1.412 Z-0.328 F400.000
G1 X-18.850 Y-1.412 Z-0.993 F400.000
G1 X-6.150 Y-1.412 Z-1.659 F400.000
G1 X-18.850 Y-1.412 Z-2.325 F400.000
G1 X-6.150 Y-1.412 Z-2.990 F400.000
G1 X-6.337 Y-1.412 Z-3.000 F400.000
G1 X-18.850 Y-1.412 Z-3.000 F400.000
G1 X-6.150 Y-1.412 Z-3.000 F400.000
G0 X-6.150 Y-1.412 Z5.000
G0 X-18.850 Y-1.412 Z5.000
G0 X-18.850 Y-1.412 Z3.000
G1 X-6.150 Y-1.412 Z2.334 F400.000
G1 X-18.850 Y-1.412 Z1.669 F400.000
G1 X-6.150 Y-1.412 Z1.003 F400.000
G1 X-18.850 Y-1.412 Z0.338 F400.000
G1 X-6.150 Y-1.412 Z-0.328 F400.000
G1 X-18.850 Y-1.412 Z-0.993 F400.000
G1 X-6.150 Y-1.412 Z-1.659 F400.000
G1 X-18.850 Y-1.412 Z-2.325 F400.000
G1 X-6.150 Y-1.412 Z-2.990 F400.000
G1 X-10.153 Y-1.412 Z-3.200 F400.000
G1 X-18.850 Y-1.412 Z-3.200 F400.000
G1 X-6.150 Y-1.412 Z-3.200 F400.000
G0 X-6.150 Y-1.412 Z5.000
G0 X-18.850 Y-1.412 Z5.000
G0 X-18.850 Y-1.412 Z3.000
G1 X-6.150 Y-1.412 Z2.334 F400.000
G1 X-18.850 Y-1.412 Z1.669 F400.000
G1 X-6.150 Y-1.412 Z1.003 F400.000
G1 X-18.850 Y-1.412 Z0.338 F400.000
G1 X-6.150 Y-1.412 Z-0.328 F400.000
G1 X-18.850 Y-1.412 Z-0.993 F400.000
G1 X-6.150 Y-1.412 Z-1.659 F400.000
G1 X-18.850 Y-1.412 Z-2.325 F400.000
G1 X-6.150 Y-1.412 Z-2.990 F400.000
G1 X-13.969 Y-1.412 Z-3.400 F400.000
G1 X-18.850 Y-1.412 Z-3.400 F400.000
G1 X-6.150 Y-1.412 Z-3.400 F400.000
G0 X-6.150 Y-1.412 Z5.000
G0 X-18.850 Y-1.412 Z5.000
G0 X-18.850 Y-1.412 Z3.000
G1 X-6.150 Y-1.412 Z2.334 F400.000
G1 X-18.850 Y-1.412 Z1.669 F400.000
G1 X-6.150 Y-1.412 Z1.003 F400.000
G1 X-18.850 Y-1.412 Z0.338 F400.000
G1 X-6.150 Y-1.412 Z-0.328 F400.000
G1 X-18.850 Y-1.412 Z-0.993 F400.000
G1 X-6.150 Y-1.412 Z-1.659 F400.000
G1 X-18.850 Y-1.412 Z-2.325 F400.000
G1 X-6.150 Y-1.412 Z-2.990 F400.000
G1 X-17.786 Y-1.412 Z-3.600 F400.000
G1 X-18.850 Y-1.412 Z-3.600 F400.000
G1 X-6.150 Y-1.412 Z-3.600 F400.000
G0 X-6.150 Y-1.412 Z5.000
G0 X-18.850 Y-1.412 Z5.000
G0 X-18.850 Y-1.412 Z3.000
G1 X-6.150 Y-1.412 Z2.334 F400.000
G1 X-18.850 Y-1.412 Z1.669 F400.000
G1 X-6.150 Y-1.412 Z1.003 F400.000
G1 X-18.850 Y-1.412 Z0.338 F400.000
G1 X-6.150 Y-1.412 Z-0.328 F400.000
G1 X-18.850 Y-1.412 Z-0.993 F400.000
G1 X-6.150 Y-1.412 Z-1.659 F400.000
G1 X-18.850 Y-1.412 Z-2.325 F400.000
G1 X-6.150 Y-1.412 Z-2.990 F400.000
G1 X-18.850 Y-1.412 Z-3.656 F400.000
G1 X-16.098 Y-1.412 Z-3.800 F400.000
G1 X-18.850 Y-1.412 Z-3.800 F400.000
G1 X-6.150 Y-1.412 Z-3.800 F400.000
G0 X-6.150 Y-1.412 Z5.000
G0 X-18.850 Y-1.412 Z5.000
G0 X-18.850 Y-1.412 Z3.000
G1 X-6.150 Y-1.412 Z2.334 F400.000
G1 X-18.850 Y-1.412 Z1.669 F400.000
G1 X-6.150 Y-1.412 Z1.003 F400.000
G1 X-18.850 Y-1.412 Z0.338 F400.000
G1 X-6.150 Y-1.412 Z-0.328 F400.000
G1 X-18.850 Y-1.412 Z-0.993 F400.000
G1 X-6.150 Y-1.412 Z-1.659 F400.000
G1 X-18.850 Y-1.412 Z-2.325 F400.000
G1 X-6.150 Y-1.412 Z-2.990 F400.000
G1 X-18.850 Y-1.412 Z-3.656 F400.000
G1 X-12.282 Y-1.412 Z-4.000 F400.000
G1 X-18.850 Y-1.412 Z-4.000 F400.000
G1 X-6.150 Y-1.412 Z-4.000 F400.000
G0 X-6.150 Y-1.412 Z5.000
G0 X-18.850 Y-1.412 Z5.000
G0 X-18.850 Y-1.412 Z3.000
G1 X-6.150 Y-1.412 Z2.334 F400.000
G1 X-18.850 Y-1.412 Z1.669 F400.000
G1 X-6.150 Y-1.412 Z1.003 F400.000
G1 X-18.850 Y-1.412 Z0.338 F400.000
G1 X-6.150 Y-1.412 Z-0.328 F400.000
G1 X-18.850 Y-1.412 Z-0.993 F400.000
G1 X-6.150 Y-1.412 Z-1.659 F400.000
G1 X-18.850 Y-1.412 Z-2.325 F400.000
G1 X-6.150 Y-1.412 Z-2.990 F400.000
G1 X-18.850 Y-1.412 Z-3.656 F400.000
G1 X-8.466 Y-1.412 Z-4.200 F400.000
G1 X-18.850 Y-1.412 Z-4.200 F400.000
G1 X-6.150 Y-1.412 Z-4.200 F400.000
G0 X-6.150 Y-1.412 Z5.000
G0 X-18.850 Y-1.412 Z5.000
G0 X-18.850 Y-1.412 Z3.000
G1 X-6.150 Y-1.412 Z2.334 F400.000
G1 X-18.850 Y-1.412 Z1.669 F400.000
G1 X-6.150 Y-1.412 Z1.003 F400.000
G1 X-18.850 Y-1.412 Z0.338 F400.000
G1 X-6.150 Y-1.412 Z-0.328 F400.000
G1 X-18.850 Y-1.412 Z-0.993 F400.000
G1 X-6.150 Y-1.412 Z-1.659 F400.000
G1 X-18.850 Y-1.412 Z-2.325 F400.000
G1 X-6.150 Y-1.412 Z-2.990 F400.000
G1 X-18.850 Y-1.412 Z-3.656 F400.000
G1 X-6.150 Y-1.412 Z-4.321 F400.000
G1 X-7.650 Y-1.412 Z-4.400 F400.000
G1 X-18.850 Y-1.412 Z-4.400 F400.000
G1 X-6.150 Y-1.412 Z-4.400 F400.000
G0 X-6.150 Y-1.412 Z5.000
G0 X-18.850 Y-1.412 Z5.000
G0 X-18.850 Y-1.412 Z3.000
G1 X-6.150 Y-1.412 Z2.334 F400.000
G1 X-18.850 Y-1.412 Z1.669 F400.000
G1 X-6.150 Y-1.412 Z1.003 F400.000
G1 X-18.850 Y-1.412 Z0.338 F400.000
G1 X-6.150 Y-1.412 Z-0.328 F400.000
G1 X-18.850 Y-1.412 Z-0.993 F400.000
G1 X-6.150 Y-1.412 Z-1.659 F400.000
G1 X-18.850 Y-1.412 Z-2.325 F400.000
G1 X-6.150 Y-1.412 Z-2.990 F400.000
G1 X-18.850 Y-1.412 Z-3.656 F400.000
G1 X-6.150 Y-1.412 Z-4.321 F400.000
G1 X-11.467 Y-1.412 Z-4.600 F400.000
G1 X-18.850 Y-1.412 Z-4.600 F400.000
G1 X-6.150 Y-1.412 Z-4.600 F400.000
G0 X-6.150 Y-1.412 Z5.000
G0 X-18.850 Y-1.412 Z5.000
G0 X-18.850 Y-1.412 Z3.000
G1 X-6.150 Y-1.412 Z2.334 F400.000
G1 X-18.850 Y-1.412 Z1.669 F400.000
G1 X-6.150 Y-1.412 Z1.003 F400.000
G1 X-18.850 Y-1.412 Z0.338 F400.000
G1 X-6.150 Y-1.412 Z-0.328 F400.000
G1 X-18.850 Y-1.412 Z-0.993 F400.000
G1 X-6.150 Y-1.412 Z-1.659 F400.000
G1 X-18.850 Y-1.412 Z-2.325 F400.000
G1 X-6.150 Y-1.412 Z-2.990 F400.000
G1 X-18.850 Y-1.412 Z-3.656 F400.000
G1 X-6.150 Y-1.412 Z-4.321 F400.000
G1 X-15.283 Y-1.412 Z-4.800 F400.000
G1 X-18.850 Y-1.412 Z-4.800 F400.000
G1 X-6.150 Y-1.412 Z-4.800 F400.000
G0 X-6.150 Y-1.412 Z5.000
G0 X-18.850 Y-1.412 Z5.000
G0 X-18.850 Y-1.412 Z3.000
G1 X-6.150 Y-1.412 Z2.334 F400.000
G1 X-18.850 Y-1.412 Z1.669 F400.000
G1 X-6.150 Y-1.412 Z1.003 F400.000
G1 X-18.850 Y-1.412 Z0.338 F400.000
G1 X-6.150 Y-1.412 Z-0.328 F400.000
G1 X-18.850 Y-1.412 Z-0.993 F400.000
G1 X-6.150 Y-1.412 Z-1.659 F400.000
G1 X-18.850 Y-1.412 Z-2.325 F400.000
G1 X-6.150 Y-1.412 Z-2.990 F400.000
G1 X-18.850 Y-1.412 Z-3.656 F400.000
G1 X-6.150 Y-1.412 Z-4.321 F400.000
G1 X-18.850 Y-1.412 Z-4.987 F400.000
G1 X-18.601 Y-1.412 Z-5.000 F400.000
G1 X-18.850 Y-1.412 Z-5.000 F400.000
G1 X-6.150 Y-1.412 Z-5.000 F400.000
G0 X-6.150 Y-1.412 Z5.000
G0 X-18.850 Y-1.412 Z5.000
G0 X-18.850 Y-1.412 Z3.000
G1 X-6.150 Y-1.412 Z2.334 F400.000
G1 X-18.850 Y-1.412 Z1.669 F400.000
G1 X-6.150 Y-1.412 Z1.003 F400.000
G1 X-18.850 Y-1.412 Z0.338 F400.000
G1 X-6.150 Y-1.412 Z-0.328 F400.000
G1 X-18.850 Y-1.412 Z-0.993 F400.000
G1 X-6.150 Y-1.412 Z-1.659 F400.000
G1 X-18.850 Y-1.412 Z-2.325 F400.000
G1 X-6.150 Y-1.412 Z-2.990 F400.000
G1 X-18.850 Y-1.412 Z-3.656 F400.000
G1 X-6.150 Y-1.412 Z-4.321 F400.000
G1 X-18.850 Y-1.412 Z-4.987 F400.000
G1 X-14.785 Y-1.412 Z-5.200 F400.000
G1 X-18.850 Y-1.412 Z-5.200 F400.000
G1 X-6.150 Y-1.412 Z-5.200 F400.000
G0 X-6.150 Y-1.412 Z5.000
G0 X-18.850 Y-1.412 Z5.000
G0 X-18.850 Y-1.412 Z3.000
G1 X-6.150 Y-1.412 Z2.334 F400.000
G1 X-18.850 Y-1.412 Z1.669 F400.000
G1 X-6.150 Y-1.412 Z1.003 F400.000
G1 X-18.850 Y-1.412 Z0.338 F400.000
G1 X-6.150 Y-1.412 Z-0.328 F400.000
G1 X-18.850 Y-1.412 Z-0.993 F400.000
G1 X-6.150 Y-1.412 Z-1.659 F400.000
G1 X-18.850 Y-1.412 Z-2.325 F400.000
G1 X-6.150 Y-1.412 Z-2.990 F400.000
G1 X-18.850 Y-1.412 Z-3.656 F400.000
G1 X-6.150 Y-1.412 Z-4.321 F400.000
G1 X-18.850 Y-1.412 Z-4.987 F400.000
G1 X-10.968 Y-1.412 Z-5.400 F400.000
G1 X-18.850 Y-1.412 Z-5.400 F400.000
G1 X-6.150 Y-1.412 Z-5.400 F400.000
G0 X-6.150 Y-1.412 Z5.000
(Finish operation: RampEntryDressup001)
(Begin operation: RampEntryDressup002)
(Path: RampEntryDressup002)
G0 X0.000 Y0.000 Z5.000
G0 X-4.562 Y-228.000 Z5.000
G0 X-4.562 Y-228.000 Z3.000
G1 X-4.562 Y-197.470 Z1.400 F400.000
G1 X-4.562 Y-228.000 Z-0.200 F400.000
G1 X-4.562 Y-3.000 Z-0.200 F400.000
G0 X-4.562 Y-3.000 Z5.000
G0 X-4.562 Y-228.000 Z5.000
G0 X-4.562 Y-228.000 Z3.000
G1 X-4.562 Y-195.562 Z1.300 F400.000
G1 X-4.562 Y-228.000 Z-0.400 F400.000
G1 X-4.562 Y-3.000 Z-0.400 F400.000
G0 X-4.562 Y-3.000 Z5.000
G0 X-4.562 Y-228.000 Z5.000
G0 X-4.562 Y-228.000 Z3.000
G1 X-4.562 Y-193.654 Z1.200 F400.000
G1 X-4.562 Y-228.000 Z-0.600 F400.000
G1 X-4.562 Y-3.000 Z-0.600 F400.000
G0 X-4.562 Y-3.000 Z5.000
G0 X-4.562 Y-228.000 Z5.000
G0 X-4.562 Y-228.000 Z3.000
G1 X-4.562 Y-191.746 Z1.100 F400.000
G1 X-4.562 Y-228.000 Z-0.800 F400.000
G1 X-4.562 Y-3.000 Z-0.800 F400.000
G0 X-4.562 Y-3.000 Z5.000
G0 X-4.562 Y-228.000 Z5.000
G0 X-4.562 Y-228.000 Z3.000
G1 X-4.562 Y-189.838 Z1.000 F400.000
G1 X-4.562 Y-228.000 Z-1.000 F400.000
G1 X-4.562 Y-3.000 Z-1.000 F400.000
G0 X-4.562 Y-3.000 Z5.000
G0 X-4.562 Y-228.000 Z5.000
G0 X-4.562 Y-228.000 Z3.000
G1 X-4.562 Y-187.930 Z0.900 F400.000
G1 X-4.562 Y-228.000 Z-1.200 F400.000
G1 X-4.562 Y-3.000 Z-1.200 F400.000
G0 X-4.562 Y-3.000 Z5.000
G0 X-4.562 Y-228.000 Z5.000
G0 X-4.562 Y-228.000 Z3.000
G1 X-4.562 Y-186.021 Z0.800 F400.000
G1 X-4.562 Y-228.000 Z-1.400 F400.000
G1 X-4.562 Y-3.000 Z-1.400 F400.000
G0 X-4.562 Y-3.000 Z5.000
G0 X-4.562 Y-228.000 Z5.000
G0 X-4.562 Y-228.000 Z3.000
G1 X-4.562 Y-184.113 Z0.700 F400.000
G1 X-4.562 Y-228.000 Z-1.600 F400.000
G1 X-4.562 Y-3.000 Z-1.600 F400.000
G0 X-4.562 Y-3.000 Z5.000
G0 X-4.562 Y-228.000 Z5.000
G0 X-4.562 Y-228.000 Z3.000
G1 X-4.562 Y-182.205 Z0.600 F400.000
G1 X-4.562 Y-228.000 Z-1.800 F400.000
G1 X-4.562 Y-3.000 Z-1.800 F400.000
G0 X-4.562 Y-3.000 Z5.000
G0 X-4.562 Y-228.000 Z5.000
G0 X-4.562 Y-228.000 Z3.000
G1 X-4.562 Y-180.297 Z0.500 F400.000
G1 X-4.562 Y-228.000 Z-2.000 F400.000
G1 X-4.562 Y-3.000 Z-2.000 F400.000
G0 X-4.562 Y-3.000 Z5.000
G0 X-4.562 Y-228.000 Z5.000
G0 X-4.562 Y-228.000 Z3.000
G1 X-4.562 Y-178.389 Z0.400 F400.000
G1 X-4.562 Y-228.000 Z-2.200 F400.000
G1 X-4.562 Y-3.000 Z-2.200 F400.000
G0 X-4.562 Y-3.000 Z5.000
G0 X-4.562 Y-228.000 Z5.000
G0 X-4.562 Y-228.000 Z3.000
G1 X-4.562 Y-176.481 Z0.300 F400.000
G1 X-4.562 Y-228.000 Z-2.400 F400.000
G1 X-4.562 Y-3.000 Z-2.400 F400.000
G0 X-4.562 Y-3.000 Z5.000
G0 X-4.562 Y-228.000 Z5.000
G0 X-4.562 Y-228.000 Z3.000
G1 X-4.562 Y-174.573 Z0.200 F400.000
G1 X-4.562 Y-228.000 Z-2.600 F400.000
G1 X-4.562 Y-3.000 Z-2.600 F400.000
G0 X-4.562 Y-3.000 Z5.000
G0 X-4.562 Y-228.000 Z5.000
G0 X-4.562 Y-228.000 Z3.000
G1 X-4.562 Y-172.665 Z0.100 F400.000
G1 X-4.562 Y-228.000 Z-2.800 F400.000
G1 X-4.562 Y-3.000 Z-2.800 F400.000
G0 X-4.562 Y-3.000 Z5.000
G0 X-4.562 Y-228.000 Z5.000
G0 X-4.562 Y-228.000 Z3.000
G1 X-4.562 Y-170.757 Z0.000 F400.000
G1 X-4.562 Y-228.000 Z-3.000 F400.000
G1 X-4.562 Y-3.000 Z-3.000 F400.000
G0 X-4.562 Y-3.000 Z5.000
G0 X-4.562 Y-228.000 Z5.000
G0 X-4.562 Y-228.000 Z3.000
G1 X-4.562 Y-168.848 Z-0.100 F400.000
G1 X-4.562 Y-228.000 Z-3.200 F400.000
G1 X-4.562 Y-3.000 Z-3.200 F400.000
G0 X-4.562 Y-3.000 Z5.000
G0 X-4.562 Y-228.000 Z5.000
G0 X-4.562 Y-228.000 Z3.000
G1 X-4.562 Y-166.940 Z-0.200 F400.000
G1 X-4.562 Y-228.000 Z-3.400 F400.000
G1 X-4.562 Y-3.000 Z-3.400 F400.000
G0 X-4.562 Y-3.000 Z5.000
G0 X-4.562 Y-228.000 Z5.000
G0 X-4.562 Y-228.000 Z3.000
G1 X-4.562 Y-165.032 Z-0.300 F400.000
G1 X-4.562 Y-228.000 Z-3.600 F400.000
G1 X-4.562 Y-3.000 Z-3.600 F400.000
G0 X-4.562 Y-3.000 Z5.000
G0 X-4.562 Y-228.000 Z5.000
G0 X-4.562 Y-228.000 Z3.000
G1 X-4.562 Y-163.124 Z-0.400 F400.000
G1 X-4.562 Y-228.000 Z-3.800 F400.000
G1 X-4.562 Y-3.000 Z-3.800 F400.000
G0 X-4.562 Y-3.000 Z5.000
G0 X-4.562 Y-228.000 Z5.000
G0 X-4.562 Y-228.000 Z3.000
G1 X-4.562 Y-161.216 Z-0.500 F400.000
G1 X-4.562 Y-228.000 Z-4.000 F400.000
G1 X-4.562 Y-3.000 Z-4.000 F400.000
G0 X-4.562 Y-3.000 Z5.000
G0 X-4.562 Y-228.000 Z5.000
G0 X-4.562 Y-228.000 Z3.000
G1 X-4.562 Y-159.308 Z-0.600 F400.000
G1 X-4.562 Y-228.000 Z-4.200 F400.000
G1 X-4.562 Y-3.000 Z-4.200 F400.000
G0 X-4.562 Y-3.000 Z5.000
G0 X-4.562 Y-228.000 Z5.000
G0 X-4.562 Y-228.000 Z3.000
G1 X-4.562 Y-157.400 Z-0.700 F400.000
G1 X-4.562 Y-228.000 Z-4.400 F400.000
G1 X-4.562 Y-3.000 Z-4.400 F400.000
G0 X-4.562 Y-3.000 Z5.000
G0 X-4.562 Y-228.000 Z5.000
G0 X-4.562 Y-228.000 Z3.000
G1 X-4.562 Y-155.492 Z-0.800 F400.000
G1 X-4.562 Y-228.000 Z-4.600 F400.000
G1 X-4.562 Y-3.000 Z-4.600 F400.000
G0 X-4.562 Y-3.000 Z5.000
G0 X-4.562 Y-228.000 Z5.000
G0 X-4.562 Y-228.000 Z3.000
G1 X-4.562 Y-153.584 Z-0.900 F400.000
G1 X-4.562 Y-228.000 Z-4.800 F400.000
G1 X-4.562 Y-3.000 Z-4.800 F400.000
G0 X-4.562 Y-3.000 Z5.000
G0 X-4.562 Y-228.000 Z5.000
G0 X-4.562 Y-228.000 Z3.000
G1 X-4.562 Y-151.675 Z-1.000 F400.000
G1 X-4.562 Y-228.000 Z-5.000 F400.000
G1 X-4.562 Y-3.000 Z-5.000 F400.000
G0 X-4.562 Y-3.000 Z5.000
G0 X-4.562 Y-228.000 Z5.000
G0 X-4.562 Y-228.000 Z3.000
G1 X-4.562 Y-149.767 Z-1.100 F400.000
G1 X-4.562 Y-228.000 Z-5.200 F400.000
G1 X-4.562 Y-3.000 Z-5.200 F400.000
G0 X-4.562 Y-3.000 Z5.000
G0 X-4.562 Y-228.000 Z5.000
G0 X-4.562 Y-228.000 Z3.000
G1 X-4.562 Y-147.859 Z-1.200 F400.000
G1 X-4.562 Y-228.000 Z-5.400 F400.000
G1 X-4.562 Y-3.000 Z-5.400 F400.000
G0 X-4.562 Y-3.000 Z5.000
(Finish operation: RampEntryDressup002)
(Begin postamble)
M5
G17 G90
M2
