(Exported by FreeCAD)
(Post Processor: grbl_post)
(Output Time:2026-07-28 13:06:44.244218)
(Begin preamble)
G17 G90
G21
(Begin operation: Fixture)
(Path: Fixture)
G54
(Finish operation: Fixture)
(Begin operation: ALUMINUM | SpeTool Au3e 1/8 3FL | 5500rpm F101)
(Path: ALUMINUM | SpeTool Au3e 1/8 3FL | 5500rpm F101)
(ALUMINUM | SpeTool Au3e 1/8 3FL | 5500rpm F101)
(Begin toolchange)
( M6 T3 )
M3 S8000
(Finish operation: ALUMINUM | SpeTool Au3e 1/8 3FL | 5500rpm F101)
(Begin operation: Small Hole)
(Path: Small Hole)
(Small Hole)
(Begin Drilling)
G0 Z5.000
G90
( G98 )
G0 X-17.500 Y-8.590
(G83 X-17.500 Y-8.590 Z-5.400 F250.000 Q0.200 R3.000)
G0 X-17.500 Y-8.590
G0 Z3.000 F250.00
G1 Z2.800 F250.00
G0 Z3.000
G0 Z2.810
G1 Z2.600 F250.00
G0 Z3.000
G0 Z2.610
G1 Z2.400 F250.00
G0 Z3.000
G0 Z2.410
G1 Z2.200 F250.00
G0 Z3.000
G0 Z2.210
G1 Z2.000 F250.00
G0 Z3.000
G0 Z2.010
G1 Z1.800 F250.00
G0 Z3.000
G0 Z1.810
G1 Z1.600 F250.00
G0 Z3.000
G0 Z1.610
G1 Z1.400 F250.00
G0 Z3.000
G0 Z1.410
G1 Z1.200 F250.00
G0 Z3.000
G0 Z1.210
G1 Z1.000 F250.00
G0 Z3.000
G0 Z1.010
G1 Z0.800 F250.00
G0 Z3.000
G0 Z0.810
G1 Z0.600 F250.00
G0 Z3.000
G0 Z0.610
G1 Z0.400 F250.00
G0 Z3.000
G0 Z0.410
G1 Z0.200 F250.00
G0 Z3.000
G0 Z0.210
G1 Z0.000 F250.00
G0 Z3.000
G0 Z0.010
G1 Z-0.200 F250.00
G0 Z3.000
G0 Z-0.190
G1 Z-0.400 F250.00
G0 Z3.000
G0 Z-0.390
G1 Z-0.600 F250.00
G0 Z3.000
G0 Z-0.590
G1 Z-0.800 F250.00
G0 Z3.000
G0 Z-0.790
G1 Z-1.000 F250.00
G0 Z3.000
G0 Z-0.990
G1 Z-1.200 F250.00
G0 Z3.000
G0 Z-1.190
G1 Z-1.400 F250.00
G0 Z3.000
G0 Z-1.390
G1 Z-1.600 F250.00
G0 Z3.000
G0 Z-1.590
G1 Z-1.800 F250.00
G0 Z3.000
G0 Z-1.790
G1 Z-2.000 F250.00
G0 Z3.000
G0 Z-1.990
G1 Z-2.200 F250.00
G0 Z3.000
G0 Z-2.190
G1 Z-2.400 F250.00
G0 Z3.000
G0 Z-2.390
G1 Z-2.600 F250.00
G0 Z3.000
G0 Z-2.590
G1 Z-2.800 F250.00
G0 Z3.000
G0 Z-2.790
G1 Z-3.000 F250.00
G0 Z3.000
G0 Z-2.990
G1 Z-3.200 F250.00
G0 Z3.000
G0 Z-3.190
G1 Z-3.400 F250.00
G0 Z3.000
G0 Z-3.390
G1 Z-3.600 F250.00
G0 Z3.000
G0 Z-3.590
G1 Z-3.800 F250.00
G0 Z3.000
G0 Z-3.790
G1 Z-4.000 F250.00
G0 Z3.000
G0 Z-3.990
G1 Z-4.200 F250.00
G0 Z3.000
G0 Z-4.190
G1 Z-4.400 F250.00
G0 Z3.000
G0 Z-4.390
G1 Z-4.600 F250.00
G0 Z3.000
G0 Z-4.590
G1 Z-4.800 F250.00
G0 Z3.000
G0 Z-4.790
G1 Z-5.000 F250.00
G0 Z3.000
G0 Z-4.990
G1 Z-5.200 F250.00
G0 Z3.000
G0 Z-5.190
G1 Z-5.400 F250.00
G0 Z3.000
G0 Z-5.390
G1 Z-5.400 F250.00
G0 Z5.000
( G80 )
G0 Z5.000
(Finish operation: Small Hole)
(Begin operation: Countersink)
(Path: Countersink)
(Countersink)
G0 Z5.000
G0
G0 X-17.677 Y-219.840
G0 X-17.677 Y-219.840 Z3.000
G1 X-17.677 Y-219.840 Z-0.200 F250.000
G3 X-17.323 Y-221.160 Z-0.200 I0.177 J-0.660 K0.000 F400.000
G3 X-17.677 Y-219.840 Z-0.200 I-0.177 J0.660 K0.000 F400.000
G0 Z5.000
G0 X-17.883 Y-219.072 Z5.000
G0 X-17.883 Y-219.072 Z3.000
G1 X-17.883 Y-219.072 Z-0.200 F250.000
G3 X-17.117 Y-221.928 Z-0.200 I0.383 J-1.428 K0.000 F400.000
G3 X-17.883 Y-219.072 Z-0.200 I-0.383 J1.428 K0.000 F400.000
G0 Z5.000
G0 X-18.089 Y-218.303 Z5.000
G0 X-18.089 Y-218.303 Z3.000
G1 X-18.089 Y-218.303 Z-0.200 F250.000
G3 X-16.911 Y-222.697 Z-0.200 I0.589 J-2.197 K0.000 F400.000
G3 X-18.089 Y-218.303 Z-0.200 I-0.589 J2.197 K0.000 F400.000
G0 Z5.000
G0 X-18.294 Y-217.535 Z5.000
G0 X-18.294 Y-217.535 Z3.000
G1 X-18.294 Y-217.535 Z-0.200 F250.000
G3 X-20.465 Y-221.294 Z-0.200 I0.794 J-2.965 K0.000 F400.000
G3 X-16.706 Y-223.465 Z-0.200 I2.965 J0.794 K0.000 F400.000
G3 X-18.294 Y-217.535 Z-0.200 I-0.794 J2.965 K0.000 F400.000
G0 Z5.000
G0 X-17.625 Y-220.033 Z5.000
G0 X-17.625 Y-220.033 Z3.000
G1 X-17.625 Y-220.033 Z-0.400 F250.000
G3 X-17.375 Y-220.967 Z-0.400 I0.125 J-0.467 K0.000 F400.000
G3 X-17.625 Y-220.033 Z-0.400 I-0.125 J0.467 K0.000 F400.000
G0 Z5.000
G0 X-17.831 Y-219.265 Z5.000
G0 X-17.831 Y-219.265 Z3.000
G1 X-17.831 Y-219.265 Z-0.400 F250.000
G3 X-17.169 Y-221.735 Z-0.400 I0.331 J-1.235 K0.000 F400.000
G3 X-17.831 Y-219.265 Z-0.400 I-0.331 J1.235 K0.000 F400.000
G0 Z5.000
G0 X-18.037 Y-218.496 Z5.000
G0 X-18.037 Y-218.496 Z3.000
G1 X-18.037 Y-218.496 Z-0.400 F250.000
G3 X-16.963 Y-222.504 Z-0.400 I0.537 J-2.004 K0.000 F400.000
G3 X-18.037 Y-218.496 Z-0.400 I-0.537 J2.004 K0.000 F400.000
G0 Z5.000
G0 X-18.243 Y-217.728 Z5.000
G0 X-18.243 Y-217.728 Z3.000
G1 X-18.243 Y-217.728 Z-0.400 F250.000
G3 X-16.757 Y-223.272 Z-0.400 I0.743 J-2.772 K0.000 F400.000
G3 X-18.243 Y-217.728 Z-0.400 I-0.743 J2.772 K0.000 F400.000
G0 Z5.000
G0 X-17.576 Y-220.228 Z5.000
G0 X-17.576 Y-220.228 Z3.000
G1 X-17.576 Y-220.228 Z-0.600 F250.000
G3 X-17.772 Y-220.576 Z-0.600 I0.076 J-0.272 K0.000 F400.000
G3 X-17.424 Y-220.772 Z-0.600 I0.272 J0.076 K0.000 F400.000
G3 X-17.228 Y-220.424 Z-0.600 I-0.076 J0.272 K0.000 F400.000
G3 X-17.576 Y-220.228 Z-0.600 I-0.272 J-0.076 K0.000 F400.000
G0 Z5.000
G0 X-17.791 Y-219.462 Z5.000
G0 X-17.791 Y-219.462 Z3.000
G1 X-17.791 Y-219.462 Z-0.600 F250.000
G3 X-18.538 Y-220.791 Z-0.600 I0.291 J-1.038 K0.000 F400.000
G3 X-17.209 Y-221.538 Z-0.600 I1.038 J0.291 K0.000 F400.000
G3 X-16.462 Y-220.209 Z-0.600 I-0.291 J1.038 K0.000 F400.000
G3 X-17.791 Y-219.462 Z-0.600 I-1.038 J-0.291 K0.000 F400.000
G0 Z5.000
G0 X-18.006 Y-218.696 Z5.000
G0 X-18.006 Y-218.696 Z3.000
G1 X-18.006 Y-218.696 Z-0.600 F250.000
G3 X-19.304 Y-221.006 Z-0.600 I0.506 J-1.804 K0.000 F400.000
G3 X-16.994 Y-222.304 Z-0.600 I1.804 J0.506 K0.000 F400.000
G3 X-15.696 Y-219.994 Z-0.600 I-0.506 J1.804 K0.000 F400.000
G3 X-18.006 Y-218.696 Z-0.600 I-1.804 J-0.506 K0.000 F400.000
G0 Z5.000
G0 X-18.220 Y-217.930 Z5.000
G0 X-18.220 Y-217.930 Z3.000
G1 X-18.220 Y-217.930 Z-0.600 F250.000
G3 X-20.070 Y-221.220 Z-0.600 I0.720 J-2.570 K0.000 F400.000
G3 X-16.780 Y-223.070 Z-0.600 I2.570 J0.720 K0.000 F400.000
G3 X-14.930 Y-219.780 Z-0.600 I-0.720 J2.570 K0.000 F400.000
G3 X-18.220 Y-217.930 Z-0.600 I-2.570 J-0.720 K0.000 F400.000
G0 Z5.000
G0 X-17.522 Y-220.420 Z5.000
G0 X-17.522 Y-220.420 Z3.000
G1 X-17.522 Y-220.420 Z-0.800 F250.000
G3 X-17.580 Y-220.522 Z-0.800 I0.022 J-0.080 K0.000 F400.000
G3 X-17.478 Y-220.580 Z-0.800 I0.080 J0.022 K0.000 F400.000
G3 X-17.420 Y-220.478 Z-0.800 I-0.022 J0.080 K0.000 F400.000
G3 X-17.522 Y-220.420 Z-0.800 I-0.080 J-0.022 K0.000 F400.000
G0 Z5.000
G0 X-17.737 Y-219.654 Z5.000
G0 X-17.737 Y-219.654 Z3.000
G1 X-17.737 Y-219.654 Z-0.800 F250.000
G3 X-17.263 Y-221.346 Z-0.800 I0.237 J-0.846 K0.000 F400.000
G3 X-17.737 Y-219.654 Z-0.800 I-0.237 J0.846 K0.000 F400.000
G0 Z5.000
G0 X-17.952 Y-218.888 Z5.000
G0 X-17.952 Y-218.888 Z3.000
G1 X-17.952 Y-218.888 Z-0.800 F250.000
G3 X-17.048 Y-222.112 Z-0.800 I0.452 J-1.612 K0.000 F400.000
G3 X-17.952 Y-218.888 Z-0.800 I-0.452 J1.612 K0.000 F400.000
G0 Z5.000
G0 X-18.166 Y-218.122 Z5.000
G0 X-18.166 Y-218.122 Z3.000
G1 X-18.166 Y-218.122 Z-0.800 F250.000
G3 X-19.878 Y-221.166 Z-0.800 I0.666 J-2.378 K0.000 F400.000
G3 X-16.834 Y-222.878 Z-0.800 I2.378 J0.666 K0.000 F400.000
G3 X-15.122 Y-219.834 Z-0.800 I-0.666 J2.378 K0.000 F400.000
G3 X-18.166 Y-218.122 Z-0.800 I-2.378 J-0.666 K0.000 F400.000
G0 Z5.000
G0 X-17.691 Y-219.850 Z5.000
G0 X-17.691 Y-219.850 Z3.000
G1 X-17.691 Y-219.850 Z-1.000 F250.000
G3 X-17.309 Y-221.150 Z-1.000 I0.191 J-0.650 K0.000 F400.000
G3 X-17.691 Y-219.850 Z-1.000 I-0.191 J0.650 K0.000 F400.000
G0 Z5.000
G0 X-17.915 Y-219.086 Z5.000
G0 X-17.915 Y-219.086 Z3.000
G1 X-17.915 Y-219.086 Z-1.000 F250.000
G3 X-17.085 Y-221.914 Z-1.000 I0.415 J-1.414 K0.000 F400.000
G3 X-17.915 Y-219.086 Z-1.000 I-0.415 J1.414 K0.000 F400.000
G0 Z5.000
G0 X-18.139 Y-218.323 Z5.000
G0 X-18.139 Y-218.323 Z3.000
G1 X-18.139 Y-218.323 Z-1.000 F250.000
G3 X-16.861 Y-222.677 Z-1.000 I0.639 J-2.177 K0.000 F400.000
G3 X-18.139 Y-218.323 Z-1.000 I-0.639 J2.177 K0.000 F400.000
G0 Z5.000
G0 X-17.635 Y-220.042 Z5.000
G0 X-17.635 Y-220.042 Z3.000
G1 X-17.635 Y-220.042 Z-1.200 F250.000
G3 X-17.365 Y-220.958 Z-1.200 I0.135 J-0.458 K0.000 F400.000
G3 X-17.635 Y-220.042 Z-1.200 I-0.135 J0.458 K0.000 F400.000
G0 Z5.000
G0 X-17.859 Y-219.278 Z5.000
G0 X-17.859 Y-219.278 Z3.000
G1 X-17.859 Y-219.278 Z-1.200 F250.000
G3 X-17.141 Y-221.722 Z-1.200 I0.359 J-1.222 K0.000 F400.000
G3 X-17.859 Y-219.278 Z-1.200 I-0.359 J1.222 K0.000 F400.000
G0 Z5.000
G0 X-18.083 Y-218.515 Z5.000
G0 X-18.083 Y-218.515 Z3.000
G1 X-18.083 Y-218.515 Z-1.200 F250.000
G3 X-16.917 Y-222.485 Z-1.200 I0.583 J-1.985 K0.000 F400.000
G3 X-18.083 Y-218.515 Z-1.200 I-0.583 J1.985 K0.000 F400.000
G0 Z5.000
G0 X-17.582 Y-220.236 Z5.000
G0 X-17.582 Y-220.236 Z3.000
G1 X-17.582 Y-220.236 Z-1.400 F250.000
G3 X-17.418 Y-220.764 Z-1.400 I0.082 J-0.264 K0.000 F400.000
G3 X-17.582 Y-220.236 Z-1.400 I-0.082 J0.264 K0.000 F400.000
G0 Z5.000
G0 X-17.816 Y-219.475 Z5.000
G0 X-17.816 Y-219.475 Z3.000
G1 X-17.816 Y-219.475 Z-1.400 F250.000
G3 X-17.184 Y-221.525 Z-1.400 I0.316 J-1.025 K0.000 F400.000
G3 X-17.816 Y-219.475 Z-1.400 I-0.316 J1.025 K0.000 F400.000
G0 Z5.000
G0 X-18.051 Y-218.714 Z5.000
G0 X-18.051 Y-218.714 Z3.000
G1 X-18.051 Y-218.714 Z-1.400 F250.000
G3 X-16.949 Y-222.286 Z-1.400 I0.551 J-1.786 K0.000 F400.000
G3 X-18.051 Y-218.714 Z-1.400 I-0.551 J1.786 K0.000 F400.000
G0 Z5.000
G0 X-17.523 Y-220.427 Z5.000
G0 X-17.523 Y-220.427 Z3.000
G1 X-17.523 Y-220.427 Z-1.600 F250.000
G3 X-17.573 Y-220.523 Z-1.600 I0.023 J-0.073 K0.000 F400.000
G3 X-17.477 Y-220.573 Z-1.600 I0.073 J0.023 K0.000 F400.000
G3 X-17.427 Y-220.477 Z-1.600 I-0.023 J0.073 K0.000 F400.000
G3 X-17.523 Y-220.427 Z-1.600 I-0.073 J-0.023 K0.000 F400.000
G0 Z5.000
G0 X-17.757 Y-219.666 Z5.000
G0 X-17.757 Y-219.666 Z3.000
G1 X-17.757 Y-219.666 Z-1.600 F250.000
G3 X-17.243 Y-221.334 Z-1.600 I0.257 J-0.834 K0.000 F400.000
G3 X-17.757 Y-219.666 Z-1.600 I-0.257 J0.834 K0.000 F400.000
G0 Z5.000
G0 X-17.992 Y-218.905 Z5.000
G0 X-17.992 Y-218.905 Z3.000
G1 X-17.992 Y-218.905 Z-1.600 F250.000
G3 X-19.095 Y-220.992 Z-1.600 I0.492 J-1.595 K0.000 F400.000
G3 X-17.008 Y-222.095 Z-1.600 I1.595 J0.492 K0.000 F400.000
G3 X-15.905 Y-220.008 Z-1.600 I-0.492 J1.595 K0.000 F400.000
G3 X-17.992 Y-218.905 Z-1.600 I-1.595 J-0.492 K0.000 F400.000
G0 Z5.000
G0 X-17.708 Y-219.861 Z5.000
G0 X-17.708 Y-219.861 Z3.000
G1 X-17.708 Y-219.861 Z-1.800 F250.000
G3 X-18.139 Y-220.708 Z-1.800 I0.208 J-0.639 K0.000 F400.000
G3 X-17.292 Y-221.139 Z-1.800 I0.639 J0.208 K0.000 F400.000
G3 X-17.708 Y-219.861 Z-1.800 I-0.208 J0.639 K0.000 F400.000
G0 Z5.000
G0 X-17.954 Y-219.104 Z5.000
G0 X-17.954 Y-219.104 Z3.000
G1 X-17.954 Y-219.104 Z-1.800 F250.000
G3 X-17.046 Y-221.896 Z-1.800 I0.454 J-1.396 K0.000 F400.000
G3 X-17.954 Y-219.104 Z-1.800 I-0.454 J1.396 K0.000 F400.000
G0 Z5.000
G0 X-17.653 Y-220.054 Z5.000
G0 X-17.653 Y-220.054 Z3.000
G1 X-17.653 Y-220.054 Z-2.000 F250.000
G3 X-17.347 Y-220.946 Z-2.000 I0.153 J-0.446 K0.000 F400.000
G3 X-17.653 Y-220.054 Z-2.000 I-0.153 J0.446 K0.000 F400.000
G0 Z5.000
G0 X-17.912 Y-219.301 Z5.000
G0 X-17.912 Y-219.301 Z3.000
G1 X-17.912 Y-219.301 Z-2.000 F250.000
G3 X-17.088 Y-221.699 Z-2.000 I0.412 J-1.199 K0.000 F400.000
G3 X-17.912 Y-219.301 Z-2.000 I-0.412 J1.199 K0.000 F400.000
G0 Z5.000
G0 X-17.588 Y-220.244 Z5.000
G0 X-17.588 Y-220.244 Z3.000
G1 X-17.588 Y-220.244 Z-2.200 F250.000
G3 X-17.756 Y-220.588 Z-2.200 I0.088 J-0.256 K0.000 F400.000
G3 X-17.412 Y-220.756 Z-2.200 I0.256 J0.088 K0.000 F400.000
G3 X-17.244 Y-220.412 Z-2.200 I-0.088 J0.256 K0.000 F400.000
G3 X-17.588 Y-220.244 Z-2.200 I-0.256 J-0.088 K0.000 F400.000
G0 Z5.000
G0 X-17.847 Y-219.490 Z5.000
G0 X-17.847 Y-219.490 Z3.000
G1 X-17.847 Y-219.490 Z-2.200 F250.000
G3 X-17.153 Y-221.510 Z-2.200 I0.347 J-1.010 K0.000 F400.000
G3 X-17.847 Y-219.490 Z-2.200 I-0.347 J1.010 K0.000 F400.000
G0 Z5.000
G0 X-17.524 Y-220.434 Z5.000
G0 X-17.524 Y-220.434 Z3.000
G1 X-17.524 Y-220.434 Z-2.400 F250.000
G3 X-17.476 Y-220.566 Z-2.400 I0.024 J-0.066 K0.000 F400.000
G3 X-17.524 Y-220.434 Z-2.400 I-0.024 J0.066 K0.000 F400.000
G0 Z5.000
G0 X-17.797 Y-219.685 Z5.000
G0 X-17.797 Y-219.685 Z3.000
G1 X-17.797 Y-219.685 Z-2.400 F250.000
G3 X-17.203 Y-221.315 Z-2.400 I0.297 J-0.815 K0.000 F400.000
G3 X-16.685 Y-220.203 Z-2.400 I-0.297 J0.815 K0.000 F400.000
G3 X-17.797 Y-219.685 Z-2.400 I-0.815 J-0.297 K0.000 F400.000
G0 Z5.000
G0 X-17.755 Y-219.842 Z5.000
G0 X-17.755 Y-219.842 Z3.000
G1 X-17.755 Y-219.842 Z-2.600 F250.000
G3 X-17.245 Y-221.158 Z-2.600 I0.255 J-0.658 K0.000 F400.000
G3 X-17.755 Y-219.842 Z-2.600 I-0.255 J0.658 K0.000 F400.000
G1 X-17.755 Y-219.842 Z-2.800 F250.000
G3 X-17.245 Y-221.158 Z-2.800 I0.255 J-0.658 K0.000 F400.000
G3 X-17.755 Y-219.842 Z-2.800 I-0.255 J0.658 K0.000 F400.000
G1 X-17.755 Y-219.842 Z-3.000 F250.000
G3 X-17.245 Y-221.158 Z-3.000 I0.255 J-0.658 K0.000 F400.000
G3 X-17.755 Y-219.842 Z-3.000 I-0.255 J0.658 K0.000 F400.000
G1 X-17.755 Y-219.842 Z-3.200 F250.000
G3 X-17.245 Y-221.158 Z-3.200 I0.255 J-0.658 K0.000 F400.000
G3 X-17.755 Y-219.842 Z-3.200 I-0.255 J0.658 K0.000 F400.000
G1 X-17.755 Y-219.842 Z-3.400 F250.000
G3 X-17.245 Y-221.158 Z-3.400 I0.255 J-0.658 K0.000 F400.000
G3 X-17.755 Y-219.842 Z-3.400 I-0.255 J0.658 K0.000 F400.000
G1 X-17.755 Y-219.842 Z-3.600 F250.000
G3 X-17.245 Y-221.158 Z-3.600 I0.255 J-0.658 K0.000 F400.000
G3 X-17.755 Y-219.842 Z-3.600 I-0.255 J0.658 K0.000 F400.000
G1 X-17.755 Y-219.842 Z-3.800 F250.000
G3 X-17.245 Y-221.158 Z-3.800 I0.255 J-0.658 K0.000 F400.000
G3 X-17.755 Y-219.842 Z-3.800 I-0.255 J0.658 K0.000 F400.000
G1 X-17.755 Y-219.842 Z-4.000 F250.000
G3 X-17.245 Y-221.158 Z-4.000 I0.255 J-0.658 K0.000 F400.000
G3 X-17.755 Y-219.842 Z-4.000 I-0.255 J0.658 K0.000 F400.000
G1 X-17.755 Y-219.842 Z-4.200 F250.000
G3 X-17.245 Y-221.158 Z-4.200 I0.255 J-0.658 K0.000 F400.000
G3 X-17.755 Y-219.842 Z-4.200 I-0.255 J0.658 K0.000 F400.000
G1 X-17.755 Y-219.842 Z-4.400 F250.000
G3 X-17.245 Y-221.158 Z-4.400 I0.255 J-0.658 K0.000 F400.000
G3 X-17.755 Y-219.842 Z-4.400 I-0.255 J0.658 K0.000 F400.000
G1 X-17.755 Y-219.842 Z-4.600 F250.000
G3 X-17.245 Y-221.158 Z-4.600 I0.255 J-0.658 K0.000 F400.000
G3 X-17.755 Y-219.842 Z-4.600 I-0.255 J0.658 K0.000 F400.000
G1 X-17.755 Y-219.842 Z-4.800 F250.000
G3 X-17.245 Y-221.158 Z-4.800 I0.255 J-0.658 K0.000 F400.000
G3 X-17.755 Y-219.842 Z-4.800 I-0.255 J0.658 K0.000 F400.000
G1 X-17.755 Y-219.842 Z-5.000 F250.000
G3 X-17.245 Y-221.158 Z-5.000 I0.255 J-0.658 K0.000 F400.000
G3 X-17.755 Y-219.842 Z-5.000 I-0.255 J0.658 K0.000 F400.000
G0 Z5.000
G0 Z5.000
(Finish operation: Countersink)
(Begin operation: Rack )
(Path: Rack )
(Rack )
(Compensated Tool Path. Diameter: 3.175)
G0 Z5.000
G0 X-25.437 Y-228.000
G0 Z3.000
G1 X-25.437 Y-228.000 Z-0.200 F250.000
G1 X-25.430 Y-203.927 Z-0.200 F400.000
G1 X-25.396 Y-203.586 Z-0.200 F400.000
G1 X-25.336 Y-203.281 Z-0.200 F400.000
G1 X-25.236 Y-202.952 Z-0.200 F400.000
G1 X-25.117 Y-202.665 Z-0.200 F400.000
G1 X-24.955 Y-202.362 Z-0.200 F400.000
G1 X-24.782 Y-202.104 Z-0.200 F400.000
G1 X-24.565 Y-201.838 Z-0.200 F400.000
G1 X-24.345 Y-201.618 Z-0.200 F400.000
G1 X-24.079 Y-201.401 Z-0.200 F400.000
G1 X-23.821 Y-201.228 Z-0.200 F400.000
G1 X-23.518 Y-201.066 Z-0.200 F400.000
G1 X-23.231 Y-200.947 Z-0.200 F400.000
G1 X-22.902 Y-200.847 Z-0.200 F400.000
G1 X-22.597 Y-200.787 Z-0.200 F400.000
G1 X-22.100 Y-200.745 Z-0.200 F400.000
G1 X-19.328 Y-200.745 Z-0.200 F400.000
G1 X-19.220 Y-200.735 Z-0.200 F400.000
G1 X-19.191 Y-200.726 Z-0.200 F400.000
G1 X-19.164 Y-200.712 Z-0.200 F400.000
G1 X-19.141 Y-200.692 Z-0.200 F400.000
G1 X-19.121 Y-200.669 Z-0.200 F400.000
G1 X-19.107 Y-200.642 Z-0.200 F400.000
G1 X-19.098 Y-200.613 Z-0.200 F400.000
G1 X-19.088 Y-200.505 Z-0.200 F400.000
G1 X-19.087 Y-198.798 Z-0.200 F400.000
G1 X-19.098 Y-198.690 Z-0.200 F400.000
G1 X-19.107 Y-198.661 Z-0.200 F400.000
G1 X-19.121 Y-198.634 Z-0.200 F400.000
G1 X-19.141 Y-198.611 Z-0.200 F400.000
G1 X-19.164 Y-198.592 Z-0.200 F400.000
G1 X-19.191 Y-198.577 Z-0.200 F400.000
G1 X-19.220 Y-198.569 Z-0.200 F400.000
G1 X-19.330 Y-198.558 Z-0.200 F400.000
G1 X-22.256 Y-198.550 Z-0.200 F400.000
G1 X-22.597 Y-198.517 Z-0.200 F400.000
G1 X-22.902 Y-198.456 Z-0.200 F400.000
G1 X-23.231 Y-198.356 Z-0.200 F400.000
G1 X-23.518 Y-198.237 Z-0.200 F400.000
G1 X-23.821 Y-198.076 Z-0.200 F400.000
G1 X-24.079 Y-197.903 Z-0.200 F400.000
G1 X-24.345 Y-197.685 Z-0.200 F400.000
G1 X-24.565 Y-197.465 Z-0.200 F400.000
G1 X-24.782 Y-197.200 Z-0.200 F400.000
G1 X-24.955 Y-196.941 Z-0.200 F400.000
G1 X-25.117 Y-196.638 Z-0.200 F400.000
G1 X-25.236 Y-196.351 Z-0.200 F400.000
G1 X-25.336 Y-196.023 Z-0.200 F400.000
G1 X-25.396 Y-195.717 Z-0.200 F400.000
G1 X-25.437 Y-195.220 Z-0.200 F400.000
G1 X-25.435 Y-186.654 Z-0.200 F400.000
G1 X-25.406 Y-186.291 Z-0.200 F400.000
G1 X-25.337 Y-185.934 Z-0.200 F400.000
G1 X-25.230 Y-185.586 Z-0.200 F400.000
G1 X-25.125 Y-185.330 Z-0.200 F400.000
G1 X-21.238 Y-176.994 Z-0.200 F400.000
G1 X-21.215 Y-176.938 Z-0.200 F400.000
G1 X-21.210 Y-176.921 Z-0.200 F400.000
G1 X-21.207 Y-176.903 Z-0.200 F400.000
G1 X-21.204 Y-176.843 Z-0.200 F400.000
G1 X-21.204 Y-173.952 Z-0.200 F400.000
G1 X-21.215 Y-173.843 Z-0.200 F400.000
G1 X-21.224 Y-173.814 Z-0.200 F400.000
G1 X-21.238 Y-173.788 Z-0.200 F400.000
G1 X-21.257 Y-173.764 Z-0.200 F400.000
G1 X-21.281 Y-173.745 Z-0.200 F400.000
G1 X-21.307 Y-173.731 Z-0.200 F400.000
G1 X-21.336 Y-173.722 Z-0.200 F400.000
G1 X-21.445 Y-173.711 Z-0.200 F400.000
G1 X-22.850 Y-173.711 Z-0.200 F400.000
G1 X-23.057 Y-173.697 Z-0.200 F400.000
G1 X-23.316 Y-173.663 Z-0.200 F400.000
G1 X-23.716 Y-173.556 Z-0.200 F400.000
G1 X-23.958 Y-173.456 Z-0.200 F400.000
G1 X-24.316 Y-173.249 Z-0.200 F400.000
G1 X-24.524 Y-173.090 Z-0.200 F400.000
G1 X-24.817 Y-172.797 Z-0.200 F400.000
G1 X-24.975 Y-172.590 Z-0.200 F400.000
G1 X-25.183 Y-172.231 Z-0.200 F400.000
G1 X-25.283 Y-171.990 Z-0.200 F400.000
G1 X-25.390 Y-171.590 Z-0.200 F400.000
G1 X-25.424 Y-171.331 Z-0.200 F400.000
G1 X-25.437 Y-171.124 Z-0.200 F400.000
G1 X-25.435 Y-148.170 Z-0.200 F400.000
G1 X-25.406 Y-147.807 Z-0.200 F400.000
G1 X-25.337 Y-147.450 Z-0.200 F400.000
G1 X-25.230 Y-147.102 Z-0.200 F400.000
G1 X-25.125 Y-146.846 Z-0.200 F400.000
G1 X-21.238 Y-138.510 Z-0.200 F400.000
G1 X-21.215 Y-138.454 Z-0.200 F400.000
G1 X-21.210 Y-138.437 Z-0.200 F400.000
G1 X-21.207 Y-138.419 Z-0.200 F400.000
G1 X-21.204 Y-138.359 Z-0.200 F400.000
G1 X-21.204 Y-135.468 Z-0.200 F400.000
G1 X-21.215 Y-135.359 Z-0.200 F400.000
G1 X-21.224 Y-135.330 Z-0.200 F400.000
G1 X-21.238 Y-135.304 Z-0.200 F400.000
G1 X-21.257 Y-135.280 Z-0.200 F400.000
G1 X-21.281 Y-135.261 Z-0.200 F400.000
G1 X-21.307 Y-135.247 Z-0.200 F400.000
G1 X-21.336 Y-135.238 Z-0.200 F400.000
G1 X-21.445 Y-135.227 Z-0.200 F400.000
G1 X-22.850 Y-135.227 Z-0.200 F400.000
G1 X-23.057 Y-135.213 Z-0.200 F400.000
G1 X-23.316 Y-135.179 Z-0.200 F400.000
G1 X-23.716 Y-135.072 Z-0.200 F400.000
G1 X-23.958 Y-134.972 Z-0.200 F400.000
G1 X-24.316 Y-134.765 Z-0.200 F400.000
G1 X-24.524 Y-134.606 Z-0.200 F400.000
G1 X-24.817 Y-134.313 Z-0.200 F400.000
G1 X-24.975 Y-134.106 Z-0.200 F400.000
G1 X-25.183 Y-133.747 Z-0.200 F400.000
G1 X-25.283 Y-133.506 Z-0.200 F400.000
G1 X-25.390 Y-133.106 Z-0.200 F400.000
G1 X-25.424 Y-132.847 Z-0.200 F400.000
G1 X-25.437 Y-132.640 Z-0.200 F400.000
G1 X-25.435 Y-109.686 Z-0.200 F400.000
G1 X-25.406 Y-109.323 Z-0.200 F400.000
G1 X-25.337 Y-108.966 Z-0.200 F400.000
G1 X-25.230 Y-108.618 Z-0.200 F400.000
G1 X-25.125 Y-108.362 Z-0.200 F400.000
G1 X-21.238 Y-100.026 Z-0.200 F400.000
G1 X-21.215 Y-99.969 Z-0.200 F400.000
G1 X-21.210 Y-99.953 Z-0.200 F400.000
G1 X-21.207 Y-99.935 Z-0.200 F400.000
G1 X-21.204 Y-99.875 Z-0.200 F400.000
G1 X-21.204 Y-96.984 Z-0.200 F400.000
G1 X-21.215 Y-96.875 Z-0.200 F400.000
G1 X-21.224 Y-96.846 Z-0.200 F400.000
G1 X-21.238 Y-96.820 Z-0.200 F400.000
G1 X-21.257 Y-96.796 Z-0.200 F400.000
G1 X-21.281 Y-96.777 Z-0.200 F400.000
G1 X-21.307 Y-96.762 Z-0.200 F400.000
G1 X-21.336 Y-96.754 Z-0.200 F400.000
G1 X-21.445 Y-96.743 Z-0.200 F400.000
G1 X-22.850 Y-96.743 Z-0.200 F400.000
G1 X-23.057 Y-96.729 Z-0.200 F400.000
G1 X-23.316 Y-96.695 Z-0.200 F400.000
G1 X-23.716 Y-96.588 Z-0.200 F400.000
G1 X-23.958 Y-96.488 Z-0.200 F400.000
G1 X-24.316 Y-96.281 Z-0.200 F400.000
G1 X-24.524 Y-96.122 Z-0.200 F400.000
G1 X-24.817 Y-95.829 Z-0.200 F400.000
G1 X-24.975 Y-95.622 Z-0.200 F400.000
G1 X-25.183 Y-95.263 Z-0.200 F400.000
G1 X-25.283 Y-95.022 Z-0.200 F400.000
G1 X-25.390 Y-94.622 Z-0.200 F400.000
G1 X-25.424 Y-94.363 Z-0.200 F400.000
G1 X-25.437 Y-94.156 Z-0.200 F400.000
G1 X-25.435 Y-71.202 Z-0.200 F400.000
G1 X-25.406 Y-70.839 Z-0.200 F400.000
G1 X-25.337 Y-70.482 Z-0.200 F400.000
G1 X-25.230 Y-70.134 Z-0.200 F400.000
G1 X-25.125 Y-69.878 Z-0.200 F400.000
G1 X-21.238 Y-61.542 Z-0.200 F400.000
G1 X-21.215 Y-61.485 Z-0.200 F400.000
G1 X-21.210 Y-61.469 Z-0.200 F400.000
G1 X-21.207 Y-61.451 Z-0.200 F400.000
G1 X-21.204 Y-61.391 Z-0.200 F400.000
G1 X-21.204 Y-58.500 Z-0.200 F400.000
G1 X-21.215 Y-58.391 Z-0.200 F400.000
G1 X-21.224 Y-58.362 Z-0.200 F400.000
G1 X-21.238 Y-58.336 Z-0.200 F400.000
G1 X-21.257 Y-58.312 Z-0.200 F400.000
G1 X-21.281 Y-58.293 Z-0.200 F400.000
G1 X-21.307 Y-58.278 Z-0.200 F400.000
G1 X-21.336 Y-58.270 Z-0.200 F400.000
G1 X-21.445 Y-58.259 Z-0.200 F400.000
G1 X-22.850 Y-58.259 Z-0.200 F400.000
G1 X-23.057 Y-58.245 Z-0.200 F400.000
G1 X-23.316 Y-58.211 Z-0.200 F400.000
G1 X-23.716 Y-58.104 Z-0.200 F400.000
G1 X-23.958 Y-58.004 Z-0.200 F400.000
G1 X-24.316 Y-57.797 Z-0.200 F400.000
G1 X-24.524 Y-57.638 Z-0.200 F400.000
G1 X-24.817 Y-57.345 Z-0.200 F400.000
G1 X-24.975 Y-57.138 Z-0.200 F400.000
G1 X-25.183 Y-56.779 Z-0.200 F400.000
G1 X-25.283 Y-56.538 Z-0.200 F400.000
G1 X-25.390 Y-56.138 Z-0.200 F400.000
G1 X-25.424 Y-55.879 Z-0.200 F400.000
G1 X-25.437 Y-55.672 Z-0.200 F400.000
G1 X-25.435 Y-32.718 Z-0.200 F400.000
G1 X-25.406 Y-32.355 Z-0.200 F400.000
G1 X-25.337 Y-31.998 Z-0.200 F400.000
G1 X-25.230 Y-31.650 Z-0.200 F400.000
G1 X-25.125 Y-31.394 Z-0.200 F400.000
G1 X-21.238 Y-23.058 Z-0.200 F400.000
G1 X-21.215 Y-23.001 Z-0.200 F400.000
G1 X-21.210 Y-22.985 Z-0.200 F400.000
G1 X-21.207 Y-22.967 Z-0.200 F400.000
G1 X-21.204 Y-22.907 Z-0.200 F400.000
G1 X-21.204 Y-20.015 Z-0.200 F400.000
G1 X-21.215 Y-19.907 Z-0.200 F400.000
G1 X-21.224 Y-19.878 Z-0.200 F400.000
G1 X-21.238 Y-19.851 Z-0.200 F400.000
G1 X-21.257 Y-19.828 Z-0.200 F400.000
G1 X-21.281 Y-19.809 Z-0.200 F400.000
G1 X-21.307 Y-19.794 Z-0.200 F400.000
G1 X-21.336 Y-19.786 Z-0.200 F400.000
G1 X-21.445 Y-19.775 Z-0.200 F400.000
G1 X-22.850 Y-19.775 Z-0.200 F400.000
G1 X-23.057 Y-19.761 Z-0.200 F400.000
G1 X-23.316 Y-19.727 Z-0.200 F400.000
G1 X-23.716 Y-19.620 Z-0.200 F400.000
G1 X-23.958 Y-19.520 Z-0.200 F400.000
G1 X-24.316 Y-19.313 Z-0.200 F400.000
G1 X-24.524 Y-19.154 Z-0.200 F400.000
G1 X-24.817 Y-18.861 Z-0.200 F400.000
G1 X-24.975 Y-18.654 Z-0.200 F400.000
G1 X-25.183 Y-18.295 Z-0.200 F400.000
G1 X-25.283 Y-18.054 Z-0.200 F400.000
G1 X-25.390 Y-17.654 Z-0.200 F400.000
G1 X-25.424 Y-17.395 Z-0.200 F400.000
G1 X-25.437 Y-17.188 Z-0.200 F400.000
G1 X-25.437 Y-3.000 Z-0.200 F400.000
G0 Z5.000
G0 X-25.437 Y-228.000
G0 Z3.000
G1 X-25.437 Y-228.000 Z-0.400 F250.000
G1 X-25.430 Y-203.927 Z-0.400 F400.000
G1 X-25.396 Y-203.586 Z-0.400 F400.000
G1 X-25.336 Y-203.281 Z-0.400 F400.000
G1 X-25.236 Y-202.952 Z-0.400 F400.000
G1 X-25.117 Y-202.665 Z-0.400 F400.000
G1 X-24.955 Y-202.362 Z-0.400 F400.000
G1 X-24.782 Y-202.104 Z-0.400 F400.000
G1 X-24.565 Y-201.838 Z-0.400 F400.000
G1 X-24.345 Y-201.618 Z-0.400 F400.000
G1 X-24.079 Y-201.401 Z-0.400 F400.000
G1 X-23.821 Y-201.228 Z-0.400 F400.000
G1 X-23.518 Y-201.066 Z-0.400 F400.000
G1 X-23.231 Y-200.947 Z-0.400 F400.000
G1 X-22.902 Y-200.847 Z-0.400 F400.000
G1 X-22.597 Y-200.787 Z-0.400 F400.000
G1 X-22.100 Y-200.745 Z-0.400 F400.000
G1 X-19.328 Y-200.745 Z-0.400 F400.000
G1 X-19.220 Y-200.735 Z-0.400 F400.000
G1 X-19.191 Y-200.726 Z-0.400 F400.000
G1 X-19.164 Y-200.712 Z-0.400 F400.000
G1 X-19.141 Y-200.692 Z-0.400 F400.000
G1 X-19.121 Y-200.669 Z-0.400 F400.000
G1 X-19.107 Y-200.642 Z-0.400 F400.000
G1 X-19.098 Y-200.613 Z-0.400 F400.000
G1 X-19.088 Y-200.505 Z-0.400 F400.000
G1 X-19.087 Y-198.798 Z-0.400 F400.000
G1 X-19.098 Y-198.690 Z-0.400 F400.000
G1 X-19.107 Y-198.661 Z-0.400 F400.000
G1 X-19.121 Y-198.634 Z-0.400 F400.000
G1 X-19.141 Y-198.611 Z-0.400 F400.000
G1 X-19.164 Y-198.592 Z-0.400 F400.000
G1 X-19.191 Y-198.577 Z-0.400 F400.000
G1 X-19.220 Y-198.569 Z-0.400 F400.000
G1 X-19.330 Y-198.558 Z-0.400 F400.000
G1 X-22.256 Y-198.550 Z-0.400 F400.000
G1 X-22.597 Y-198.517 Z-0.400 F400.000
G1 X-22.902 Y-198.456 Z-0.400 F400.000
G1 X-23.231 Y-198.356 Z-0.400 F400.000
G1 X-23.518 Y-198.237 Z-0.400 F400.000
G1 X-23.821 Y-198.076 Z-0.400 F400.000
G1 X-24.079 Y-197.903 Z-0.400 F400.000
G1 X-24.345 Y-197.685 Z-0.400 F400.000
G1 X-24.565 Y-197.465 Z-0.400 F400.000
G1 X-24.782 Y-197.200 Z-0.400 F400.000
G1 X-24.955 Y-196.941 Z-0.400 F400.000
G1 X-25.117 Y-196.638 Z-0.400 F400.000
G1 X-25.236 Y-196.351 Z-0.400 F400.000
G1 X-25.336 Y-196.023 Z-0.400 F400.000
G1 X-25.396 Y-195.717 Z-0.400 F400.000
G1 X-25.437 Y-195.220 Z-0.400 F400.000
G1 X-25.435 Y-186.654 Z-0.400 F400.000
G1 X-25.406 Y-186.291 Z-0.400 F400.000
G1 X-25.337 Y-185.934 Z-0.400 F400.000
G1 X-25.230 Y-185.586 Z-0.400 F400.000
G1 X-25.125 Y-185.330 Z-0.400 F400.000
G1 X-21.238 Y-176.994 Z-0.400 F400.000
G1 X-21.215 Y-176.938 Z-0.400 F400.000
G1 X-21.210 Y-176.921 Z-0.400 F400.000
G1 X-21.207 Y-176.903 Z-0.400 F400.000
G1 X-21.204 Y-176.843 Z-0.400 F400.000
G1 X-21.204 Y-173.952 Z-0.400 F400.000
G1 X-21.215 Y-173.843 Z-0.400 F400.000
G1 X-21.224 Y-173.814 Z-0.400 F400.000
G1 X-21.238 Y-173.788 Z-0.400 F400.000
G1 X-21.257 Y-173.764 Z-0.400 F400.000
G1 X-21.281 Y-173.745 Z-0.400 F400.000
G1 X-21.307 Y-173.731 Z-0.400 F400.000
G1 X-21.336 Y-173.722 Z-0.400 F400.000
G1 X-21.445 Y-173.711 Z-0.400 F400.000
G1 X-22.850 Y-173.711 Z-0.400 F400.000
G1 X-23.057 Y-173.697 Z-0.400 F400.000
G1 X-23.316 Y-173.663 Z-0.400 F400.000
G1 X-23.716 Y-173.556 Z-0.400 F400.000
G1 X-23.958 Y-173.456 Z-0.400 F400.000
G1 X-24.316 Y-173.249 Z-0.400 F400.000
G1 X-24.524 Y-173.090 Z-0.400 F400.000
G1 X-24.817 Y-172.797 Z-0.400 F400.000
G1 X-24.975 Y-172.590 Z-0.400 F400.000
G1 X-25.183 Y-172.231 Z-0.400 F400.000
G1 X-25.283 Y-171.990 Z-0.400 F400.000
G1 X-25.390 Y-171.590 Z-0.400 F400.000
G1 X-25.424 Y-171.331 Z-0.400 F400.000
G1 X-25.437 Y-171.124 Z-0.400 F400.000
G1 X-25.435 Y-148.170 Z-0.400 F400.000
G1 X-25.406 Y-147.807 Z-0.400 F400.000
G1 X-25.337 Y-147.450 Z-0.400 F400.000
G1 X-25.230 Y-147.102 Z-0.400 F400.000
G1 X-25.125 Y-146.846 Z-0.400 F400.000
G1 X-21.238 Y-138.510 Z-0.400 F400.000
G1 X-21.215 Y-138.454 Z-0.400 F400.000
G1 X-21.210 Y-138.437 Z-0.400 F400.000
G1 X-21.207 Y-138.419 Z-0.400 F400.000
G1 X-21.204 Y-138.359 Z-0.400 F400.000
G1 X-21.204 Y-135.468 Z-0.400 F400.000
G1 X-21.215 Y-135.359 Z-0.400 F400.000
G1 X-21.224 Y-135.330 Z-0.400 F400.000
G1 X-21.238 Y-135.304 Z-0.400 F400.000
G1 X-21.257 Y-135.280 Z-0.400 F400.000
G1 X-21.281 Y-135.261 Z-0.400 F400.000
G1 X-21.307 Y-135.247 Z-0.400 F400.000
G1 X-21.336 Y-135.238 Z-0.400 F400.000
G1 X-21.445 Y-135.227 Z-0.400 F400.000
G1 X-22.850 Y-135.227 Z-0.400 F400.000
G1 X-23.057 Y-135.213 Z-0.400 F400.000
G1 X-23.316 Y-135.179 Z-0.400 F400.000
G1 X-23.716 Y-135.072 Z-0.400 F400.000
G1 X-23.958 Y-134.972 Z-0.400 F400.000
G1 X-24.316 Y-134.765 Z-0.400 F400.000
G1 X-24.524 Y-134.606 Z-0.400 F400.000
G1 X-24.817 Y-134.313 Z-0.400 F400.000
G1 X-24.975 Y-134.106 Z-0.400 F400.000
G1 X-25.183 Y-133.747 Z-0.400 F400.000
G1 X-25.283 Y-133.506 Z-0.400 F400.000
G1 X-25.390 Y-133.106 Z-0.400 F400.000
G1 X-25.424 Y-132.847 Z-0.400 F400.000
G1 X-25.437 Y-132.640 Z-0.400 F400.000
G1 X-25.435 Y-109.686 Z-0.400 F400.000
G1 X-25.406 Y-109.323 Z-0.400 F400.000
G1 X-25.337 Y-108.966 Z-0.400 F400.000
G1 X-25.230 Y-108.618 Z-0.400 F400.000
G1 X-25.125 Y-108.362 Z-0.400 F400.000
G1 X-21.238 Y-100.026 Z-0.400 F400.000
G1 X-21.215 Y-99.969 Z-0.400 F400.000
G1 X-21.210 Y-99.953 Z-0.400 F400.000
G1 X-21.207 Y-99.935 Z-0.400 F400.000
G1 X-21.204 Y-99.875 Z-0.400 F400.000
G1 X-21.204 Y-96.984 Z-0.400 F400.000
G1 X-21.215 Y-96.875 Z-0.400 F400.000
G1 X-21.224 Y-96.846 Z-0.400 F400.000
G1 X-21.238 Y-96.820 Z-0.400 F400.000
G1 X-21.257 Y-96.796 Z-0.400 F400.000
G1 X-21.281 Y-96.777 Z-0.400 F400.000
G1 X-21.307 Y-96.762 Z-0.400 F400.000
G1 X-21.336 Y-96.754 Z-0.400 F400.000
G1 X-21.445 Y-96.743 Z-0.400 F400.000
G1 X-22.850 Y-96.743 Z-0.400 F400.000
G1 X-23.057 Y-96.729 Z-0.400 F400.000
G1 X-23.316 Y-96.695 Z-0.400 F400.000
G1 X-23.716 Y-96.588 Z-0.400 F400.000
G1 X-23.958 Y-96.488 Z-0.400 F400.000
G1 X-24.316 Y-96.281 Z-0.400 F400.000
G1 X-24.524 Y-96.122 Z-0.400 F400.000
G1 X-24.817 Y-95.829 Z-0.400 F400.000
G1 X-24.975 Y-95.622 Z-0.400 F400.000
G1 X-25.183 Y-95.263 Z-0.400 F400.000
G1 X-25.283 Y-95.022 Z-0.400 F400.000
G1 X-25.390 Y-94.622 Z-0.400 F400.000
G1 X-25.424 Y-94.363 Z-0.400 F400.000
G1 X-25.437 Y-94.156 Z-0.400 F400.000
G1 X-25.435 Y-71.202 Z-0.400 F400.000
G1 X-25.406 Y-70.839 Z-0.400 F400.000
G1 X-25.337 Y-70.482 Z-0.400 F400.000
G1 X-25.230 Y-70.134 Z-0.400 F400.000
G1 X-25.125 Y-69.878 Z-0.400 F400.000
G1 X-21.238 Y-61.542 Z-0.400 F400.000
G1 X-21.215 Y-61.485 Z-0.400 F400.000
G1 X-21.210 Y-61.469 Z-0.400 F400.000
G1 X-21.207 Y-61.451 Z-0.400 F400.000
G1 X-21.204 Y-61.391 Z-0.400 F400.000
G1 X-21.204 Y-58.500 Z-0.400 F400.000
G1 X-21.215 Y-58.391 Z-0.400 F400.000
G1 X-21.224 Y-58.362 Z-0.400 F400.000
G1 X-21.238 Y-58.336 Z-0.400 F400.000
G1 X-21.257 Y-58.312 Z-0.400 F400.000
G1 X-21.281 Y-58.293 Z-0.400 F400.000
G1 X-21.307 Y-58.278 Z-0.400 F400.000
G1 X-21.336 Y-58.270 Z-0.400 F400.000
G1 X-21.445 Y-58.259 Z-0.400 F400.000
G1 X-22.850 Y-58.259 Z-0.400 F400.000
G1 X-23.057 Y-58.245 Z-0.400 F400.000
G1 X-23.316 Y-58.211 Z-0.400 F400.000
G1 X-23.716 Y-58.104 Z-0.400 F400.000
G1 X-23.958 Y-58.004 Z-0.400 F400.000
G1 X-24.316 Y-57.797 Z-0.400 F400.000
G1 X-24.524 Y-57.638 Z-0.400 F400.000
G1 X-24.817 Y-57.345 Z-0.400 F400.000
G1 X-24.975 Y-57.138 Z-0.400 F400.000
G1 X-25.183 Y-56.779 Z-0.400 F400.000
G1 X-25.283 Y-56.538 Z-0.400 F400.000
G1 X-25.390 Y-56.138 Z-0.400 F400.000
G1 X-25.424 Y-55.879 Z-0.400 F400.000
G1 X-25.437 Y-55.672 Z-0.400 F400.000
G1 X-25.435 Y-32.718 Z-0.400 F400.000
G1 X-25.406 Y-32.355 Z-0.400 F400.000
G1 X-25.337 Y-31.998 Z-0.400 F400.000
G1 X-25.230 Y-31.650 Z-0.400 F400.000
G1 X-25.125 Y-31.394 Z-0.400 F400.000
G1 X-21.238 Y-23.058 Z-0.400 F400.000
G1 X-21.215 Y-23.001 Z-0.400 F400.000
G1 X-21.210 Y-22.985 Z-0.400 F400.000
G1 X-21.207 Y-22.967 Z-0.400 F400.000
G1 X-21.204 Y-22.907 Z-0.400 F400.000
G1 X-21.204 Y-20.015 Z-0.400 F400.000
G1 X-21.215 Y-19.907 Z-0.400 F400.000
G1 X-21.224 Y-19.878 Z-0.400 F400.000
G1 X-21.238 Y-19.851 Z-0.400 F400.000
G1 X-21.257 Y-19.828 Z-0.400 F400.000
G1 X-21.281 Y-19.809 Z-0.400 F400.000
G1 X-21.307 Y-19.794 Z-0.400 F400.000
G1 X-21.336 Y-19.786 Z-0.400 F400.000
G1 X-21.445 Y-19.775 Z-0.400 F400.000
G1 X-22.850 Y-19.775 Z-0.400 F400.000
G1 X-23.057 Y-19.761 Z-0.400 F400.000
G1 X-23.316 Y-19.727 Z-0.400 F400.000
G1 X-23.716 Y-19.620 Z-0.400 F400.000
G1 X-23.958 Y-19.520 Z-0.400 F400.000
G1 X-24.316 Y-19.313 Z-0.400 F400.000
G1 X-24.524 Y-19.154 Z-0.400 F400.000
G1 X-24.817 Y-18.861 Z-0.400 F400.000
G1 X-24.975 Y-18.654 Z-0.400 F400.000
G1 X-25.183 Y-18.295 Z-0.400 F400.000
G1 X-25.283 Y-18.054 Z-0.400 F400.000
G1 X-25.390 Y-17.654 Z-0.400 F400.000
G1 X-25.424 Y-17.395 Z-0.400 F400.000
G1 X-25.437 Y-17.188 Z-0.400 F400.000
G1 X-25.437 Y-3.000 Z-0.400 F400.000
G0 Z5.000
G0 X-25.437 Y-228.000
G0 Z3.000
G1 X-25.437 Y-228.000 Z-0.600 F250.000
G1 X-25.430 Y-203.927 Z-0.600 F400.000
G1 X-25.396 Y-203.586 Z-0.600 F400.000
G1 X-25.336 Y-203.281 Z-0.600 F400.000
G1 X-25.236 Y-202.952 Z-0.600 F400.000
G1 X-25.117 Y-202.665 Z-0.600 F400.000
G1 X-24.955 Y-202.362 Z-0.600 F400.000
G1 X-24.782 Y-202.104 Z-0.600 F400.000
G1 X-24.565 Y-201.838 Z-0.600 F400.000
G1 X-24.345 Y-201.618 Z-0.600 F400.000
G1 X-24.079 Y-201.401 Z-0.600 F400.000
G1 X-23.821 Y-201.228 Z-0.600 F400.000
G1 X-23.518 Y-201.066 Z-0.600 F400.000
G1 X-23.231 Y-200.947 Z-0.600 F400.000
G1 X-22.902 Y-200.847 Z-0.600 F400.000
G1 X-22.597 Y-200.787 Z-0.600 F400.000
G1 X-22.100 Y-200.745 Z-0.600 F400.000
G1 X-19.328 Y-200.745 Z-0.600 F400.000
G1 X-19.220 Y-200.735 Z-0.600 F400.000
G1 X-19.191 Y-200.726 Z-0.600 F400.000
G1 X-19.164 Y-200.712 Z-0.600 F400.000
G1 X-19.141 Y-200.692 Z-0.600 F400.000
G1 X-19.121 Y-200.669 Z-0.600 F400.000
G1 X-19.107 Y-200.642 Z-0.600 F400.000
G1 X-19.098 Y-200.613 Z-0.600 F400.000
G1 X-19.088 Y-200.505 Z-0.600 F400.000
G1 X-19.087 Y-198.798 Z-0.600 F400.000
G1 X-19.098 Y-198.690 Z-0.600 F400.000
G1 X-19.107 Y-198.661 Z-0.600 F400.000
G1 X-19.121 Y-198.634 Z-0.600 F400.000
G1 X-19.141 Y-198.611 Z-0.600 F400.000
G1 X-19.164 Y-198.592 Z-0.600 F400.000
G1 X-19.191 Y-198.577 Z-0.600 F400.000
G1 X-19.220 Y-198.569 Z-0.600 F400.000
G1 X-19.330 Y-198.558 Z-0.600 F400.000
G1 X-22.256 Y-198.550 Z-0.600 F400.000
G1 X-22.597 Y-198.517 Z-0.600 F400.000
G1 X-22.902 Y-198.456 Z-0.600 F400.000
G1 X-23.231 Y-198.356 Z-0.600 F400.000
G1 X-23.518 Y-198.237 Z-0.600 F400.000
G1 X-23.821 Y-198.076 Z-0.600 F400.000
G1 X-24.079 Y-197.903 Z-0.600 F400.000
G1 X-24.345 Y-197.685 Z-0.600 F400.000
G1 X-24.565 Y-197.465 Z-0.600 F400.000
G1 X-24.782 Y-197.200 Z-0.600 F400.000
G1 X-24.955 Y-196.941 Z-0.600 F400.000
G1 X-25.117 Y-196.638 Z-0.600 F400.000
G1 X-25.236 Y-196.351 Z-0.600 F400.000
G1 X-25.336 Y-196.023 Z-0.600 F400.000
G1 X-25.396 Y-195.717 Z-0.600 F400.000
G1 X-25.437 Y-195.220 Z-0.600 F400.000
G1 X-25.435 Y-186.654 Z-0.600 F400.000
G1 X-25.406 Y-186.291 Z-0.600 F400.000
G1 X-25.337 Y-185.934 Z-0.600 F400.000
G1 X-25.230 Y-185.586 Z-0.600 F400.000
G1 X-25.125 Y-185.330 Z-0.600 F400.000
G1 X-21.238 Y-176.994 Z-0.600 F400.000
G1 X-21.215 Y-176.938 Z-0.600 F400.000
G1 X-21.210 Y-176.921 Z-0.600 F400.000
G1 X-21.207 Y-176.903 Z-0.600 F400.000
G1 X-21.204 Y-176.843 Z-0.600 F400.000
G1 X-21.204 Y-173.952 Z-0.600 F400.000
G1 X-21.215 Y-173.843 Z-0.600 F400.000
G1 X-21.224 Y-173.814 Z-0.600 F400.000
G1 X-21.238 Y-173.788 Z-0.600 F400.000
G1 X-21.257 Y-173.764 Z-0.600 F400.000
G1 X-21.281 Y-173.745 Z-0.600 F400.000
G1 X-21.307 Y-173.731 Z-0.600 F400.000
G1 X-21.336 Y-173.722 Z-0.600 F400.000
G1 X-21.445 Y-173.711 Z-0.600 F400.000
G1 X-22.850 Y-173.711 Z-0.600 F400.000
G1 X-23.057 Y-173.697 Z-0.600 F400.000
G1 X-23.316 Y-173.663 Z-0.600 F400.000
G1 X-23.716 Y-173.556 Z-0.600 F400.000
G1 X-23.958 Y-173.456 Z-0.600 F400.000
G1 X-24.316 Y-173.249 Z-0.600 F400.000
G1 X-24.524 Y-173.090 Z-0.600 F400.000
G1 X-24.817 Y-172.797 Z-0.600 F400.000
G1 X-24.975 Y-172.590 Z-0.600 F400.000
G1 X-25.183 Y-172.231 Z-0.600 F400.000
G1 X-25.283 Y-171.990 Z-0.600 F400.000
G1 X-25.390 Y-171.590 Z-0.600 F400.000
G1 X-25.424 Y-171.331 Z-0.600 F400.000
G1 X-25.437 Y-171.124 Z-0.600 F400.000
G1 X-25.435 Y-148.170 Z-0.600 F400.000
G1 X-25.406 Y-147.807 Z-0.600 F400.000
G1 X-25.337 Y-147.450 Z-0.600 F400.000
G1 X-25.230 Y-147.102 Z-0.600 F400.000
G1 X-25.125 Y-146.846 Z-0.600 F400.000
G1 X-21.238 Y-138.510 Z-0.600 F400.000
G1 X-21.215 Y-138.454 Z-0.600 F400.000
G1 X-21.210 Y-138.437 Z-0.600 F400.000
G1 X-21.207 Y-138.419 Z-0.600 F400.000
G1 X-21.204 Y-138.359 Z-0.600 F400.000
G1 X-21.204 Y-135.468 Z-0.600 F400.000
G1 X-21.215 Y-135.359 Z-0.600 F400.000
G1 X-21.224 Y-135.330 Z-0.600 F400.000
G1 X-21.238 Y-135.304 Z-0.600 F400.000
G1 X-21.257 Y-135.280 Z-0.600 F400.000
G1 X-21.281 Y-135.261 Z-0.600 F400.000
G1 X-21.307 Y-135.247 Z-0.600 F400.000
G1 X-21.336 Y-135.238 Z-0.600 F400.000
G1 X-21.445 Y-135.227 Z-0.600 F400.000
G1 X-22.850 Y-135.227 Z-0.600 F400.000
G1 X-23.057 Y-135.213 Z-0.600 F400.000
G1 X-23.316 Y-135.179 Z-0.600 F400.000
G1 X-23.716 Y-135.072 Z-0.600 F400.000
G1 X-23.958 Y-134.972 Z-0.600 F400.000
G1 X-24.316 Y-134.765 Z-0.600 F400.000
G1 X-24.524 Y-134.606 Z-0.600 F400.000
G1 X-24.817 Y-134.313 Z-0.600 F400.000
G1 X-24.975 Y-134.106 Z-0.600 F400.000
G1 X-25.183 Y-133.747 Z-0.600 F400.000
G1 X-25.283 Y-133.506 Z-0.600 F400.000
G1 X-25.390 Y-133.106 Z-0.600 F400.000
G1 X-25.424 Y-132.847 Z-0.600 F400.000
G1 X-25.437 Y-132.640 Z-0.600 F400.000
G1 X-25.435 Y-109.686 Z-0.600 F400.000
G1 X-25.406 Y-109.323 Z-0.600 F400.000
G1 X-25.337 Y-108.966 Z-0.600 F400.000
G1 X-25.230 Y-108.618 Z-0.600 F400.000
G1 X-25.125 Y-108.362 Z-0.600 F400.000
G1 X-21.238 Y-100.026 Z-0.600 F400.000
G1 X-21.215 Y-99.969 Z-0.600 F400.000
G1 X-21.210 Y-99.953 Z-0.600 F400.000
G1 X-21.207 Y-99.935 Z-0.600 F400.000
G1 X-21.204 Y-99.875 Z-0.600 F400.000
G1 X-21.204 Y-96.984 Z-0.600 F400.000
G1 X-21.215 Y-96.875 Z-0.600 F400.000
G1 X-21.224 Y-96.846 Z-0.600 F400.000
G1 X-21.238 Y-96.820 Z-0.600 F400.000
G1 X-21.257 Y-96.796 Z-0.600 F400.000
G1 X-21.281 Y-96.777 Z-0.600 F400.000
G1 X-21.307 Y-96.762 Z-0.600 F400.000
G1 X-21.336 Y-96.754 Z-0.600 F400.000
G1 X-21.445 Y-96.743 Z-0.600 F400.000
G1 X-22.850 Y-96.743 Z-0.600 F400.000
G1 X-23.057 Y-96.729 Z-0.600 F400.000
G1 X-23.316 Y-96.695 Z-0.600 F400.000
G1 X-23.716 Y-96.588 Z-0.600 F400.000
G1 X-23.958 Y-96.488 Z-0.600 F400.000
G1 X-24.316 Y-96.281 Z-0.600 F400.000
G1 X-24.524 Y-96.122 Z-0.600 F400.000
G1 X-24.817 Y-95.829 Z-0.600 F400.000
G1 X-24.975 Y-95.622 Z-0.600 F400.000
G1 X-25.183 Y-95.263 Z-0.600 F400.000
G1 X-25.283 Y-95.022 Z-0.600 F400.000
G1 X-25.390 Y-94.622 Z-0.600 F400.000
G1 X-25.424 Y-94.363 Z-0.600 F400.000
G1 X-25.437 Y-94.156 Z-0.600 F400.000
G1 X-25.435 Y-71.202 Z-0.600 F400.000
G1 X-25.406 Y-70.839 Z-0.600 F400.000
G1 X-25.337 Y-70.482 Z-0.600 F400.000
G1 X-25.230 Y-70.134 Z-0.600 F400.000
G1 X-25.125 Y-69.878 Z-0.600 F400.000
G1 X-21.238 Y-61.542 Z-0.600 F400.000
G1 X-21.215 Y-61.485 Z-0.600 F400.000
G1 X-21.210 Y-61.469 Z-0.600 F400.000
G1 X-21.207 Y-61.451 Z-0.600 F400.000
G1 X-21.204 Y-61.391 Z-0.600 F400.000
G1 X-21.204 Y-58.500 Z-0.600 F400.000
G1 X-21.215 Y-58.391 Z-0.600 F400.000
G1 X-21.224 Y-58.362 Z-0.600 F400.000
G1 X-21.238 Y-58.336 Z-0.600 F400.000
G1 X-21.257 Y-58.312 Z-0.600 F400.000
G1 X-21.281 Y-58.293 Z-0.600 F400.000
G1 X-21.307 Y-58.278 Z-0.600 F400.000
G1 X-21.336 Y-58.270 Z-0.600 F400.000
G1 X-21.445 Y-58.259 Z-0.600 F400.000
G1 X-22.850 Y-58.259 Z-0.600 F400.000
G1 X-23.057 Y-58.245 Z-0.600 F400.000
G1 X-23.316 Y-58.211 Z-0.600 F400.000
G1 X-23.716 Y-58.104 Z-0.600 F400.000
G1 X-23.958 Y-58.004 Z-0.600 F400.000
G1 X-24.316 Y-57.797 Z-0.600 F400.000
G1 X-24.524 Y-57.638 Z-0.600 F400.000
G1 X-24.817 Y-57.345 Z-0.600 F400.000
G1 X-24.975 Y-57.138 Z-0.600 F400.000
G1 X-25.183 Y-56.779 Z-0.600 F400.000
G1 X-25.283 Y-56.538 Z-0.600 F400.000
G1 X-25.390 Y-56.138 Z-0.600 F400.000
G1 X-25.424 Y-55.879 Z-0.600 F400.000
G1 X-25.437 Y-55.672 Z-0.600 F400.000
G1 X-25.435 Y-32.718 Z-0.600 F400.000
G1 X-25.406 Y-32.355 Z-0.600 F400.000
G1 X-25.337 Y-31.998 Z-0.600 F400.000
G1 X-25.230 Y-31.650 Z-0.600 F400.000
G1 X-25.125 Y-31.394 Z-0.600 F400.000
G1 X-21.238 Y-23.058 Z-0.600 F400.000
G1 X-21.215 Y-23.001 Z-0.600 F400.000
G1 X-21.210 Y-22.985 Z-0.600 F400.000
G1 X-21.207 Y-22.967 Z-0.600 F400.000
G1 X-21.204 Y-22.907 Z-0.600 F400.000
G1 X-21.204 Y-20.015 Z-0.600 F400.000
G1 X-21.215 Y-19.907 Z-0.600 F400.000
G1 X-21.224 Y-19.878 Z-0.600 F400.000
G1 X-21.238 Y-19.851 Z-0.600 F400.000
G1 X-21.257 Y-19.828 Z-0.600 F400.000
G1 X-21.281 Y-19.809 Z-0.600 F400.000
G1 X-21.307 Y-19.794 Z-0.600 F400.000
G1 X-21.336 Y-19.786 Z-0.600 F400.000
G1 X-21.445 Y-19.775 Z-0.600 F400.000
G1 X-22.850 Y-19.775 Z-0.600 F400.000
G1 X-23.057 Y-19.761 Z-0.600 F400.000
G1 X-23.316 Y-19.727 Z-0.600 F400.000
G1 X-23.716 Y-19.620 Z-0.600 F400.000
G1 X-23.958 Y-19.520 Z-0.600 F400.000
G1 X-24.316 Y-19.313 Z-0.600 F400.000
G1 X-24.524 Y-19.154 Z-0.600 F400.000
G1 X-24.817 Y-18.861 Z-0.600 F400.000
G1 X-24.975 Y-18.654 Z-0.600 F400.000
G1 X-25.183 Y-18.295 Z-0.600 F400.000
G1 X-25.283 Y-18.054 Z-0.600 F400.000
G1 X-25.390 Y-17.654 Z-0.600 F400.000
G1 X-25.424 Y-17.395 Z-0.600 F400.000
G1 X-25.437 Y-17.188 Z-0.600 F400.000
G1 X-25.437 Y-3.000 Z-0.600 F400.000
G0 Z5.000
G0 X-25.437 Y-228.000
G0 Z3.000
G1 X-25.437 Y-228.000 Z-0.800 F250.000
G1 X-25.430 Y-203.927 Z-0.800 F400.000
G1 X-25.396 Y-203.586 Z-0.800 F400.000
G1 X-25.336 Y-203.281 Z-0.800 F400.000
G1 X-25.236 Y-202.952 Z-0.800 F400.000
G1 X-25.117 Y-202.665 Z-0.800 F400.000
G1 X-24.955 Y-202.362 Z-0.800 F400.000
G1 X-24.782 Y-202.104 Z-0.800 F400.000
G1 X-24.565 Y-201.838 Z-0.800 F400.000
G1 X-24.345 Y-201.618 Z-0.800 F400.000
G1 X-24.079 Y-201.401 Z-0.800 F400.000
G1 X-23.821 Y-201.228 Z-0.800 F400.000
G1 X-23.518 Y-201.066 Z-0.800 F400.000
G1 X-23.231 Y-200.947 Z-0.800 F400.000
G1 X-22.902 Y-200.847 Z-0.800 F400.000
G1 X-22.597 Y-200.787 Z-0.800 F400.000
G1 X-22.100 Y-200.745 Z-0.800 F400.000
G1 X-19.328 Y-200.745 Z-0.800 F400.000
G1 X-19.220 Y-200.735 Z-0.800 F400.000
G1 X-19.191 Y-200.726 Z-0.800 F400.000
G1 X-19.164 Y-200.712 Z-0.800 F400.000
G1 X-19.141 Y-200.692 Z-0.800 F400.000
G1 X-19.121 Y-200.669 Z-0.800 F400.000
G1 X-19.107 Y-200.642 Z-0.800 F400.000
G1 X-19.098 Y-200.613 Z-0.800 F400.000
G1 X-19.088 Y-200.505 Z-0.800 F400.000
G1 X-19.087 Y-198.798 Z-0.800 F400.000
G1 X-19.098 Y-198.690 Z-0.800 F400.000
G1 X-19.107 Y-198.661 Z-0.800 F400.000
G1 X-19.121 Y-198.634 Z-0.800 F400.000
G1 X-19.141 Y-198.611 Z-0.800 F400.000
G1 X-19.164 Y-198.592 Z-0.800 F400.000
G1 X-19.191 Y-198.577 Z-0.800 F400.000
G1 X-19.220 Y-198.569 Z-0.800 F400.000
G1 X-19.330 Y-198.558 Z-0.800 F400.000
G1 X-22.256 Y-198.550 Z-0.800 F400.000
G1 X-22.597 Y-198.517 Z-0.800 F400.000
G1 X-22.902 Y-198.456 Z-0.800 F400.000
G1 X-23.231 Y-198.356 Z-0.800 F400.000
G1 X-23.518 Y-198.237 Z-0.800 F400.000
G1 X-23.821 Y-198.076 Z-0.800 F400.000
G1 X-24.079 Y-197.903 Z-0.800 F400.000
G1 X-24.345 Y-197.685 Z-0.800 F400.000
G1 X-24.565 Y-197.465 Z-0.800 F400.000
G1 X-24.782 Y-197.200 Z-0.800 F400.000
G1 X-24.955 Y-196.941 Z-0.800 F400.000
G1 X-25.117 Y-196.638 Z-0.800 F400.000
G1 X-25.236 Y-196.351 Z-0.800 F400.000
G1 X-25.336 Y-196.023 Z-0.800 F400.000
G1 X-25.396 Y-195.717 Z-0.800 F400.000
G1 X-25.437 Y-195.220 Z-0.800 F400.000
G1 X-25.435 Y-186.654 Z-0.800 F400.000
G1 X-25.406 Y-186.291 Z-0.800 F400.000
G1 X-25.337 Y-185.934 Z-0.800 F400.000
G1 X-25.230 Y-185.586 Z-0.800 F400.000
G1 X-25.125 Y-185.330 Z-0.800 F400.000
G1 X-21.238 Y-176.994 Z-0.800 F400.000
G1 X-21.215 Y-176.938 Z-0.800 F400.000
G1 X-21.210 Y-176.921 Z-0.800 F400.000
G1 X-21.207 Y-176.903 Z-0.800 F400.000
G1 X-21.204 Y-176.843 Z-0.800 F400.000
G1 X-21.204 Y-173.952 Z-0.800 F400.000
G1 X-21.215 Y-173.843 Z-0.800 F400.000
G1 X-21.224 Y-173.814 Z-0.800 F400.000
G1 X-21.238 Y-173.788 Z-0.800 F400.000
G1 X-21.257 Y-173.764 Z-0.800 F400.000
G1 X-21.281 Y-173.745 Z-0.800 F400.000
G1 X-21.307 Y-173.731 Z-0.800 F400.000
G1 X-21.336 Y-173.722 Z-0.800 F400.000
G1 X-21.445 Y-173.711 Z-0.800 F400.000
G1 X-22.850 Y-173.711 Z-0.800 F400.000
G1 X-23.057 Y-173.697 Z-0.800 F400.000
G1 X-23.316 Y-173.663 Z-0.800 F400.000
G1 X-23.716 Y-173.556 Z-0.800 F400.000
G1 X-23.958 Y-173.456 Z-0.800 F400.000
G1 X-24.316 Y-173.249 Z-0.800 F400.000
G1 X-24.524 Y-173.090 Z-0.800 F400.000
G1 X-24.817 Y-172.797 Z-0.800 F400.000
G1 X-24.975 Y-172.590 Z-0.800 F400.000
G1 X-25.183 Y-172.231 Z-0.800 F400.000
G1 X-25.283 Y-171.990 Z-0.800 F400.000
G1 X-25.390 Y-171.590 Z-0.800 F400.000
G1 X-25.424 Y-171.331 Z-0.800 F400.000
G1 X-25.437 Y-171.124 Z-0.800 F400.000
G1 X-25.435 Y-148.170 Z-0.800 F400.000
G1 X-25.406 Y-147.807 Z-0.800 F400.000
G1 X-25.337 Y-147.450 Z-0.800 F400.000
G1 X-25.230 Y-147.102 Z-0.800 F400.000
G1 X-25.125 Y-146.846 Z-0.800 F400.000
G1 X-21.238 Y-138.510 Z-0.800 F400.000
G1 X-21.215 Y-138.454 Z-0.800 F400.000
G1 X-21.210 Y-138.437 Z-0.800 F400.000
G1 X-21.207 Y-138.419 Z-0.800 F400.000
G1 X-21.204 Y-138.359 Z-0.800 F400.000
G1 X-21.204 Y-135.468 Z-0.800 F400.000
G1 X-21.215 Y-135.359 Z-0.800 F400.000
G1 X-21.224 Y-135.330 Z-0.800 F400.000
G1 X-21.238 Y-135.304 Z-0.800 F400.000
G1 X-21.257 Y-135.280 Z-0.800 F400.000
G1 X-21.281 Y-135.261 Z-0.800 F400.000
G1 X-21.307 Y-135.247 Z-0.800 F400.000
G1 X-21.336 Y-135.238 Z-0.800 F400.000
G1 X-21.445 Y-135.227 Z-0.800 F400.000
G1 X-22.850 Y-135.227 Z-0.800 F400.000
G1 X-23.057 Y-135.213 Z-0.800 F400.000
G1 X-23.316 Y-135.179 Z-0.800 F400.000
G1 X-23.716 Y-135.072 Z-0.800 F400.000
G1 X-23.958 Y-134.972 Z-0.800 F400.000
G1 X-24.316 Y-134.765 Z-0.800 F400.000
G1 X-24.524 Y-134.606 Z-0.800 F400.000
G1 X-24.817 Y-134.313 Z-0.800 F400.000
G1 X-24.975 Y-134.106 Z-0.800 F400.000
G1 X-25.183 Y-133.747 Z-0.800 F400.000
G1 X-25.283 Y-133.506 Z-0.800 F400.000
G1 X-25.390 Y-133.106 Z-0.800 F400.000
G1 X-25.424 Y-132.847 Z-0.800 F400.000
G1 X-25.437 Y-132.640 Z-0.800 F400.000
G1 X-25.435 Y-109.686 Z-0.800 F400.000
G1 X-25.406 Y-109.323 Z-0.800 F400.000
G1 X-25.337 Y-108.966 Z-0.800 F400.000
G1 X-25.230 Y-108.618 Z-0.800 F400.000
G1 X-25.125 Y-108.362 Z-0.800 F400.000
G1 X-21.238 Y-100.026 Z-0.800 F400.000
G1 X-21.215 Y-99.969 Z-0.800 F400.000
G1 X-21.210 Y-99.953 Z-0.800 F400.000
G1 X-21.207 Y-99.935 Z-0.800 F400.000
G1 X-21.204 Y-99.875 Z-0.800 F400.000
G1 X-21.204 Y-96.984 Z-0.800 F400.000
G1 X-21.215 Y-96.875 Z-0.800 F400.000
G1 X-21.224 Y-96.846 Z-0.800 F400.000
G1 X-21.238 Y-96.820 Z-0.800 F400.000
G1 X-21.257 Y-96.796 Z-0.800 F400.000
G1 X-21.281 Y-96.777 Z-0.800 F400.000
G1 X-21.307 Y-96.762 Z-0.800 F400.000
G1 X-21.336 Y-96.754 Z-0.800 F400.000
G1 X-21.445 Y-96.743 Z-0.800 F400.000
G1 X-22.850 Y-96.743 Z-0.800 F400.000
G1 X-23.057 Y-96.729 Z-0.800 F400.000
G1 X-23.316 Y-96.695 Z-0.800 F400.000
G1 X-23.716 Y-96.588 Z-0.800 F400.000
G1 X-23.958 Y-96.488 Z-0.800 F400.000
G1 X-24.316 Y-96.281 Z-0.800 F400.000
G1 X-24.524 Y-96.122 Z-0.800 F400.000
G1 X-24.817 Y-95.829 Z-0.800 F400.000
G1 X-24.975 Y-95.622 Z-0.800 F400.000
G1 X-25.183 Y-95.263 Z-0.800 F400.000
G1 X-25.283 Y-95.022 Z-0.800 F400.000
G1 X-25.390 Y-94.622 Z-0.800 F400.000
G1 X-25.424 Y-94.363 Z-0.800 F400.000
G1 X-25.437 Y-94.156 Z-0.800 F400.000
G1 X-25.435 Y-71.202 Z-0.800 F400.000
G1 X-25.406 Y-70.839 Z-0.800 F400.000
G1 X-25.337 Y-70.482 Z-0.800 F400.000
G1 X-25.230 Y-70.134 Z-0.800 F400.000
G1 X-25.125 Y-69.878 Z-0.800 F400.000
G1 X-21.238 Y-61.542 Z-0.800 F400.000
G1 X-21.215 Y-61.485 Z-0.800 F400.000
G1 X-21.210 Y-61.469 Z-0.800 F400.000
G1 X-21.207 Y-61.451 Z-0.800 F400.000
G1 X-21.204 Y-61.391 Z-0.800 F400.000
G1 X-21.204 Y-58.500 Z-0.800 F400.000
G1 X-21.215 Y-58.391 Z-0.800 F400.000
G1 X-21.224 Y-58.362 Z-0.800 F400.000
G1 X-21.238 Y-58.336 Z-0.800 F400.000
G1 X-21.257 Y-58.312 Z-0.800 F400.000
G1 X-21.281 Y-58.293 Z-0.800 F400.000
G1 X-21.307 Y-58.278 Z-0.800 F400.000
G1 X-21.336 Y-58.270 Z-0.800 F400.000
G1 X-21.445 Y-58.259 Z-0.800 F400.000
G1 X-22.850 Y-58.259 Z-0.800 F400.000
G1 X-23.057 Y-58.245 Z-0.800 F400.000
G1 X-23.316 Y-58.211 Z-0.800 F400.000
G1 X-23.716 Y-58.104 Z-0.800 F400.000
G1 X-23.958 Y-58.004 Z-0.800 F400.000
G1 X-24.316 Y-57.797 Z-0.800 F400.000
G1 X-24.524 Y-57.638 Z-0.800 F400.000
G1 X-24.817 Y-57.345 Z-0.800 F400.000
G1 X-24.975 Y-57.138 Z-0.800 F400.000
G1 X-25.183 Y-56.779 Z-0.800 F400.000
G1 X-25.283 Y-56.538 Z-0.800 F400.000
G1 X-25.390 Y-56.138 Z-0.800 F400.000
G1 X-25.424 Y-55.879 Z-0.800 F400.000
G1 X-25.437 Y-55.672 Z-0.800 F400.000
G1 X-25.435 Y-32.718 Z-0.800 F400.000
G1 X-25.406 Y-32.355 Z-0.800 F400.000
G1 X-25.337 Y-31.998 Z-0.800 F400.000
G1 X-25.230 Y-31.650 Z-0.800 F400.000
G1 X-25.125 Y-31.394 Z-0.800 F400.000
G1 X-21.238 Y-23.058 Z-0.800 F400.000
G1 X-21.215 Y-23.001 Z-0.800 F400.000
G1 X-21.210 Y-22.985 Z-0.800 F400.000
G1 X-21.207 Y-22.967 Z-0.800 F400.000
G1 X-21.204 Y-22.907 Z-0.800 F400.000
G1 X-21.204 Y-20.015 Z-0.800 F400.000
G1 X-21.215 Y-19.907 Z-0.800 F400.000
G1 X-21.224 Y-19.878 Z-0.800 F400.000
G1 X-21.238 Y-19.851 Z-0.800 F400.000
G1 X-21.257 Y-19.828 Z-0.800 F400.000
G1 X-21.281 Y-19.809 Z-0.800 F400.000
G1 X-21.307 Y-19.794 Z-0.800 F400.000
G1 X-21.336 Y-19.786 Z-0.800 F400.000
G1 X-21.445 Y-19.775 Z-0.800 F400.000
G1 X-22.850 Y-19.775 Z-0.800 F400.000
G1 X-23.057 Y-19.761 Z-0.800 F400.000
G1 X-23.316 Y-19.727 Z-0.800 F400.000
G1 X-23.716 Y-19.620 Z-0.800 F400.000
G1 X-23.958 Y-19.520 Z-0.800 F400.000
G1 X-24.316 Y-19.313 Z-0.800 F400.000
G1 X-24.524 Y-19.154 Z-0.800 F400.000
G1 X-24.817 Y-18.861 Z-0.800 F400.000
G1 X-24.975 Y-18.654 Z-0.800 F400.000
G1 X-25.183 Y-18.295 Z-0.800 F400.000
G1 X-25.283 Y-18.054 Z-0.800 F400.000
G1 X-25.390 Y-17.654 Z-0.800 F400.000
G1 X-25.424 Y-17.395 Z-0.800 F400.000
G1 X-25.437 Y-17.188 Z-0.800 F400.000
G1 X-25.437 Y-3.000 Z-0.800 F400.000
G0 Z5.000
G0 X-25.437 Y-228.000
G0 Z3.000
G1 X-25.437 Y-228.000 Z-1.000 F250.000
G1 X-25.430 Y-203.927 Z-1.000 F400.000
G1 X-25.396 Y-203.586 Z-1.000 F400.000
G1 X-25.336 Y-203.281 Z-1.000 F400.000
G1 X-25.236 Y-202.952 Z-1.000 F400.000
G1 X-25.117 Y-202.665 Z-1.000 F400.000
G1 X-24.955 Y-202.362 Z-1.000 F400.000
G1 X-24.782 Y-202.104 Z-1.000 F400.000
G1 X-24.565 Y-201.838 Z-1.000 F400.000
G1 X-24.345 Y-201.618 Z-1.000 F400.000
G1 X-24.079 Y-201.401 Z-1.000 F400.000
G1 X-23.821 Y-201.228 Z-1.000 F400.000
G1 X-23.518 Y-201.066 Z-1.000 F400.000
G1 X-23.231 Y-200.947 Z-1.000 F400.000
G1 X-22.902 Y-200.847 Z-1.000 F400.000
G1 X-22.597 Y-200.787 Z-1.000 F400.000
G1 X-22.100 Y-200.745 Z-1.000 F400.000
G1 X-19.328 Y-200.745 Z-1.000 F400.000
G1 X-19.220 Y-200.735 Z-1.000 F400.000
G1 X-19.191 Y-200.726 Z-1.000 F400.000
G1 X-19.164 Y-200.712 Z-1.000 F400.000
G1 X-19.141 Y-200.692 Z-1.000 F400.000
G1 X-19.121 Y-200.669 Z-1.000 F400.000
G1 X-19.107 Y-200.642 Z-1.000 F400.000
G1 X-19.098 Y-200.613 Z-1.000 F400.000
G1 X-19.088 Y-200.505 Z-1.000 F400.000
G1 X-19.087 Y-198.798 Z-1.000 F400.000
G1 X-19.098 Y-198.690 Z-1.000 F400.000
G1 X-19.107 Y-198.661 Z-1.000 F400.000
G1 X-19.121 Y-198.634 Z-1.000 F400.000
G1 X-19.141 Y-198.611 Z-1.000 F400.000
G1 X-19.164 Y-198.592 Z-1.000 F400.000
G1 X-19.191 Y-198.577 Z-1.000 F400.000
G1 X-19.220 Y-198.569 Z-1.000 F400.000
G1 X-19.330 Y-198.558 Z-1.000 F400.000
G1 X-22.256 Y-198.550 Z-1.000 F400.000
G1 X-22.597 Y-198.517 Z-1.000 F400.000
G1 X-22.902 Y-198.456 Z-1.000 F400.000
G1 X-23.231 Y-198.356 Z-1.000 F400.000
G1 X-23.518 Y-198.237 Z-1.000 F400.000
G1 X-23.821 Y-198.076 Z-1.000 F400.000
G1 X-24.079 Y-197.903 Z-1.000 F400.000
G1 X-24.345 Y-197.685 Z-1.000 F400.000
G1 X-24.565 Y-197.465 Z-1.000 F400.000
G1 X-24.782 Y-197.200 Z-1.000 F400.000
G1 X-24.955 Y-196.941 Z-1.000 F400.000
G1 X-25.117 Y-196.638 Z-1.000 F400.000
G1 X-25.236 Y-196.351 Z-1.000 F400.000
G1 X-25.336 Y-196.023 Z-1.000 F400.000
G1 X-25.396 Y-195.717 Z-1.000 F400.000
G1 X-25.437 Y-195.220 Z-1.000 F400.000
G1 X-25.435 Y-186.654 Z-1.000 F400.000
G1 X-25.406 Y-186.291 Z-1.000 F400.000
G1 X-25.337 Y-185.934 Z-1.000 F400.000
G1 X-25.230 Y-185.586 Z-1.000 F400.000
G1 X-25.125 Y-185.330 Z-1.000 F400.000
G1 X-21.238 Y-176.994 Z-1.000 F400.000
G1 X-21.215 Y-176.938 Z-1.000 F400.000
G1 X-21.210 Y-176.921 Z-1.000 F400.000
G1 X-21.207 Y-176.903 Z-1.000 F400.000
G1 X-21.204 Y-176.843 Z-1.000 F400.000
G1 X-21.204 Y-173.952 Z-1.000 F400.000
G1 X-21.215 Y-173.843 Z-1.000 F400.000
G1 X-21.224 Y-173.814 Z-1.000 F400.000
G1 X-21.238 Y-173.788 Z-1.000 F400.000
G1 X-21.257 Y-173.764 Z-1.000 F400.000
G1 X-21.281 Y-173.745 Z-1.000 F400.000
G1 X-21.307 Y-173.731 Z-1.000 F400.000
G1 X-21.336 Y-173.722 Z-1.000 F400.000
G1 X-21.445 Y-173.711 Z-1.000 F400.000
G1 X-22.850 Y-173.711 Z-1.000 F400.000
G1 X-23.057 Y-173.697 Z-1.000 F400.000
G1 X-23.316 Y-173.663 Z-1.000 F400.000
G1 X-23.716 Y-173.556 Z-1.000 F400.000
G1 X-23.958 Y-173.456 Z-1.000 F400.000
G1 X-24.316 Y-173.249 Z-1.000 F400.000
G1 X-24.524 Y-173.090 Z-1.000 F400.000
G1 X-24.817 Y-172.797 Z-1.000 F400.000
G1 X-24.975 Y-172.590 Z-1.000 F400.000
G1 X-25.183 Y-172.231 Z-1.000 F400.000
G1 X-25.283 Y-171.990 Z-1.000 F400.000
G1 X-25.390 Y-171.590 Z-1.000 F400.000
G1 X-25.424 Y-171.331 Z-1.000 F400.000
G1 X-25.437 Y-171.124 Z-1.000 F400.000
G1 X-25.435 Y-148.170 Z-1.000 F400.000
G1 X-25.406 Y-147.807 Z-1.000 F400.000
G1 X-25.337 Y-147.450 Z-1.000 F400.000
G1 X-25.230 Y-147.102 Z-1.000 F400.000
G1 X-25.125 Y-146.846 Z-1.000 F400.000
G1 X-21.238 Y-138.510 Z-1.000 F400.000
G1 X-21.215 Y-138.454 Z-1.000 F400.000
G1 X-21.210 Y-138.437 Z-1.000 F400.000
G1 X-21.207 Y-138.419 Z-1.000 F400.000
G1 X-21.204 Y-138.359 Z-1.000 F400.000
G1 X-21.204 Y-135.468 Z-1.000 F400.000
G1 X-21.215 Y-135.359 Z-1.000 F400.000
G1 X-21.224 Y-135.330 Z-1.000 F400.000
G1 X-21.238 Y-135.304 Z-1.000 F400.000
G1 X-21.257 Y-135.280 Z-1.000 F400.000
G1 X-21.281 Y-135.261 Z-1.000 F400.000
G1 X-21.307 Y-135.247 Z-1.000 F400.000
G1 X-21.336 Y-135.238 Z-1.000 F400.000
G1 X-21.445 Y-135.227 Z-1.000 F400.000
G1 X-22.850 Y-135.227 Z-1.000 F400.000
G1 X-23.057 Y-135.213 Z-1.000 F400.000
G1 X-23.316 Y-135.179 Z-1.000 F400.000
G1 X-23.716 Y-135.072 Z-1.000 F400.000
G1 X-23.958 Y-134.972 Z-1.000 F400.000
G1 X-24.316 Y-134.765 Z-1.000 F400.000
G1 X-24.524 Y-134.606 Z-1.000 F400.000
G1 X-24.817 Y-134.313 Z-1.000 F400.000
G1 X-24.975 Y-134.106 Z-1.000 F400.000
G1 X-25.183 Y-133.747 Z-1.000 F400.000
G1 X-25.283 Y-133.506 Z-1.000 F400.000
G1 X-25.390 Y-133.106 Z-1.000 F400.000
G1 X-25.424 Y-132.847 Z-1.000 F400.000
G1 X-25.437 Y-132.640 Z-1.000 F400.000
G1 X-25.435 Y-109.686 Z-1.000 F400.000
G1 X-25.406 Y-109.323 Z-1.000 F400.000
G1 X-25.337 Y-108.966 Z-1.000 F400.000
G1 X-25.230 Y-108.618 Z-1.000 F400.000
G1 X-25.125 Y-108.362 Z-1.000 F400.000
G1 X-21.238 Y-100.026 Z-1.000 F400.000
G1 X-21.215 Y-99.969 Z-1.000 F400.000
G1 X-21.210 Y-99.953 Z-1.000 F400.000
G1 X-21.207 Y-99.935 Z-1.000 F400.000
G1 X-21.204 Y-99.875 Z-1.000 F400.000
G1 X-21.204 Y-96.984 Z-1.000 F400.000
G1 X-21.215 Y-96.875 Z-1.000 F400.000
G1 X-21.224 Y-96.846 Z-1.000 F400.000
G1 X-21.238 Y-96.820 Z-1.000 F400.000
G1 X-21.257 Y-96.796 Z-1.000 F400.000
G1 X-21.281 Y-96.777 Z-1.000 F400.000
G1 X-21.307 Y-96.762 Z-1.000 F400.000
G1 X-21.336 Y-96.754 Z-1.000 F400.000
G1 X-21.445 Y-96.743 Z-1.000 F400.000
G1 X-22.850 Y-96.743 Z-1.000 F400.000
G1 X-23.057 Y-96.729 Z-1.000 F400.000
G1 X-23.316 Y-96.695 Z-1.000 F400.000
G1 X-23.716 Y-96.588 Z-1.000 F400.000
G1 X-23.958 Y-96.488 Z-1.000 F400.000
G1 X-24.316 Y-96.281 Z-1.000 F400.000
G1 X-24.524 Y-96.122 Z-1.000 F400.000
G1 X-24.817 Y-95.829 Z-1.000 F400.000
G1 X-24.975 Y-95.622 Z-1.000 F400.000
G1 X-25.183 Y-95.263 Z-1.000 F400.000
G1 X-25.283 Y-95.022 Z-1.000 F400.000
G1 X-25.390 Y-94.622 Z-1.000 F400.000
G1 X-25.424 Y-94.363 Z-1.000 F400.000
G1 X-25.437 Y-94.156 Z-1.000 F400.000
G1 X-25.435 Y-71.202 Z-1.000 F400.000
G1 X-25.406 Y-70.839 Z-1.000 F400.000
G1 X-25.337 Y-70.482 Z-1.000 F400.000
G1 X-25.230 Y-70.134 Z-1.000 F400.000
G1 X-25.125 Y-69.878 Z-1.000 F400.000
G1 X-21.238 Y-61.542 Z-1.000 F400.000
G1 X-21.215 Y-61.485 Z-1.000 F400.000
G1 X-21.210 Y-61.469 Z-1.000 F400.000
G1 X-21.207 Y-61.451 Z-1.000 F400.000
G1 X-21.204 Y-61.391 Z-1.000 F400.000
G1 X-21.204 Y-58.500 Z-1.000 F400.000
G1 X-21.215 Y-58.391 Z-1.000 F400.000
G1 X-21.224 Y-58.362 Z-1.000 F400.000
G1 X-21.238 Y-58.336 Z-1.000 F400.000
G1 X-21.257 Y-58.312 Z-1.000 F400.000
G1 X-21.281 Y-58.293 Z-1.000 F400.000
G1 X-21.307 Y-58.278 Z-1.000 F400.000
G1 X-21.336 Y-58.270 Z-1.000 F400.000
G1 X-21.445 Y-58.259 Z-1.000 F400.000
G1 X-22.850 Y-58.259 Z-1.000 F400.000
G1 X-23.057 Y-58.245 Z-1.000 F400.000
G1 X-23.316 Y-58.211 Z-1.000 F400.000
G1 X-23.716 Y-58.104 Z-1.000 F400.000
G1 X-23.958 Y-58.004 Z-1.000 F400.000
G1 X-24.316 Y-57.797 Z-1.000 F400.000
G1 X-24.524 Y-57.638 Z-1.000 F400.000
G1 X-24.817 Y-57.345 Z-1.000 F400.000
G1 X-24.975 Y-57.138 Z-1.000 F400.000
G1 X-25.183 Y-56.779 Z-1.000 F400.000
G1 X-25.283 Y-56.538 Z-1.000 F400.000
G1 X-25.390 Y-56.138 Z-1.000 F400.000
G1 X-25.424 Y-55.879 Z-1.000 F400.000
G1 X-25.437 Y-55.672 Z-1.000 F400.000
G1 X-25.435 Y-32.718 Z-1.000 F400.000
G1 X-25.406 Y-32.355 Z-1.000 F400.000
G1 X-25.337 Y-31.998 Z-1.000 F400.000
G1 X-25.230 Y-31.650 Z-1.000 F400.000
G1 X-25.125 Y-31.394 Z-1.000 F400.000
G1 X-21.238 Y-23.058 Z-1.000 F400.000
G1 X-21.215 Y-23.001 Z-1.000 F400.000
G1 X-21.210 Y-22.985 Z-1.000 F400.000
G1 X-21.207 Y-22.967 Z-1.000 F400.000
G1 X-21.204 Y-22.907 Z-1.000 F400.000
G1 X-21.204 Y-20.015 Z-1.000 F400.000
G1 X-21.215 Y-19.907 Z-1.000 F400.000
G1 X-21.224 Y-19.878 Z-1.000 F400.000
G1 X-21.238 Y-19.851 Z-1.000 F400.000
G1 X-21.257 Y-19.828 Z-1.000 F400.000
G1 X-21.281 Y-19.809 Z-1.000 F400.000
G1 X-21.307 Y-19.794 Z-1.000 F400.000
G1 X-21.336 Y-19.786 Z-1.000 F400.000
G1 X-21.445 Y-19.775 Z-1.000 F400.000
G1 X-22.850 Y-19.775 Z-1.000 F400.000
G1 X-23.057 Y-19.761 Z-1.000 F400.000
G1 X-23.316 Y-19.727 Z-1.000 F400.000
G1 X-23.716 Y-19.620 Z-1.000 F400.000
G1 X-23.958 Y-19.520 Z-1.000 F400.000
G1 X-24.316 Y-19.313 Z-1.000 F400.000
G1 X-24.524 Y-19.154 Z-1.000 F400.000
G1 X-24.817 Y-18.861 Z-1.000 F400.000
G1 X-24.975 Y-18.654 Z-1.000 F400.000
G1 X-25.183 Y-18.295 Z-1.000 F400.000
G1 X-25.283 Y-18.054 Z-1.000 F400.000
G1 X-25.390 Y-17.654 Z-1.000 F400.000
G1 X-25.424 Y-17.395 Z-1.000 F400.000
G1 X-25.437 Y-17.188 Z-1.000 F400.000
G1 X-25.437 Y-3.000 Z-1.000 F400.000
G0 Z5.000
G0 X-25.437 Y-228.000
G0 Z3.000
G1 X-25.437 Y-228.000 Z-1.200 F250.000
G1 X-25.430 Y-203.927 Z-1.200 F400.000
G1 X-25.396 Y-203.586 Z-1.200 F400.000
G1 X-25.336 Y-203.281 Z-1.200 F400.000
G1 X-25.236 Y-202.952 Z-1.200 F400.000
G1 X-25.117 Y-202.665 Z-1.200 F400.000
G1 X-24.955 Y-202.362 Z-1.200 F400.000
G1 X-24.782 Y-202.104 Z-1.200 F400.000
G1 X-24.565 Y-201.838 Z-1.200 F400.000
G1 X-24.345 Y-201.618 Z-1.200 F400.000
G1 X-24.079 Y-201.401 Z-1.200 F400.000
G1 X-23.821 Y-201.228 Z-1.200 F400.000
G1 X-23.518 Y-201.066 Z-1.200 F400.000
G1 X-23.231 Y-200.947 Z-1.200 F400.000
G1 X-22.902 Y-200.847 Z-1.200 F400.000
G1 X-22.597 Y-200.787 Z-1.200 F400.000
G1 X-22.100 Y-200.745 Z-1.200 F400.000
G1 X-19.328 Y-200.745 Z-1.200 F400.000
G1 X-19.220 Y-200.735 Z-1.200 F400.000
G1 X-19.191 Y-200.726 Z-1.200 F400.000
G1 X-19.164 Y-200.712 Z-1.200 F400.000
G1 X-19.141 Y-200.692 Z-1.200 F400.000
G1 X-19.121 Y-200.669 Z-1.200 F400.000
G1 X-19.107 Y-200.642 Z-1.200 F400.000
G1 X-19.098 Y-200.613 Z-1.200 F400.000
G1 X-19.088 Y-200.505 Z-1.200 F400.000
G1 X-19.087 Y-198.798 Z-1.200 F400.000
G1 X-19.098 Y-198.690 Z-1.200 F400.000
G1 X-19.107 Y-198.661 Z-1.200 F400.000
G1 X-19.121 Y-198.634 Z-1.200 F400.000
G1 X-19.141 Y-198.611 Z-1.200 F400.000
G1 X-19.164 Y-198.592 Z-1.200 F400.000
G1 X-19.191 Y-198.577 Z-1.200 F400.000
G1 X-19.220 Y-198.569 Z-1.200 F400.000
G1 X-19.330 Y-198.558 Z-1.200 F400.000
G1 X-22.256 Y-198.550 Z-1.200 F400.000
G1 X-22.597 Y-198.517 Z-1.200 F400.000
G1 X-22.902 Y-198.456 Z-1.200 F400.000
G1 X-23.231 Y-198.356 Z-1.200 F400.000
G1 X-23.518 Y-198.237 Z-1.200 F400.000
G1 X-23.821 Y-198.076 Z-1.200 F400.000
G1 X-24.079 Y-197.903 Z-1.200 F400.000
G1 X-24.345 Y-197.685 Z-1.200 F400.000
G1 X-24.565 Y-197.465 Z-1.200 F400.000
G1 X-24.782 Y-197.200 Z-1.200 F400.000
G1 X-24.955 Y-196.941 Z-1.200 F400.000
G1 X-25.117 Y-196.638 Z-1.200 F400.000
G1 X-25.236 Y-196.351 Z-1.200 F400.000
G1 X-25.336 Y-196.023 Z-1.200 F400.000
G1 X-25.396 Y-195.717 Z-1.200 F400.000
G1 X-25.437 Y-195.220 Z-1.200 F400.000
G1 X-25.435 Y-186.654 Z-1.200 F400.000
G1 X-25.406 Y-186.291 Z-1.200 F400.000
G1 X-25.337 Y-185.934 Z-1.200 F400.000
G1 X-25.230 Y-185.586 Z-1.200 F400.000
G1 X-25.125 Y-185.330 Z-1.200 F400.000
G1 X-21.238 Y-176.994 Z-1.200 F400.000
G1 X-21.215 Y-176.938 Z-1.200 F400.000
G1 X-21.210 Y-176.921 Z-1.200 F400.000
G1 X-21.207 Y-176.903 Z-1.200 F400.000
G1 X-21.204 Y-176.843 Z-1.200 F400.000
G1 X-21.204 Y-173.952 Z-1.200 F400.000
G1 X-21.215 Y-173.843 Z-1.200 F400.000
G1 X-21.224 Y-173.814 Z-1.200 F400.000
G1 X-21.238 Y-173.788 Z-1.200 F400.000
G1 X-21.257 Y-173.764 Z-1.200 F400.000
G1 X-21.281 Y-173.745 Z-1.200 F400.000
G1 X-21.307 Y-173.731 Z-1.200 F400.000
G1 X-21.336 Y-173.722 Z-1.200 F400.000
G1 X-21.445 Y-173.711 Z-1.200 F400.000
G1 X-22.850 Y-173.711 Z-1.200 F400.000
G1 X-23.057 Y-173.697 Z-1.200 F400.000
G1 X-23.316 Y-173.663 Z-1.200 F400.000
G1 X-23.716 Y-173.556 Z-1.200 F400.000
G1 X-23.958 Y-173.456 Z-1.200 F400.000
G1 X-24.316 Y-173.249 Z-1.200 F400.000
G1 X-24.524 Y-173.090 Z-1.200 F400.000
G1 X-24.817 Y-172.797 Z-1.200 F400.000
G1 X-24.975 Y-172.590 Z-1.200 F400.000
G1 X-25.183 Y-172.231 Z-1.200 F400.000
G1 X-25.283 Y-171.990 Z-1.200 F400.000
G1 X-25.390 Y-171.590 Z-1.200 F400.000
G1 X-25.424 Y-171.331 Z-1.200 F400.000
G1 X-25.437 Y-171.124 Z-1.200 F400.000
G1 X-25.435 Y-148.170 Z-1.200 F400.000
G1 X-25.406 Y-147.807 Z-1.200 F400.000
G1 X-25.337 Y-147.450 Z-1.200 F400.000
G1 X-25.230 Y-147.102 Z-1.200 F400.000
G1 X-25.125 Y-146.846 Z-1.200 F400.000
G1 X-21.238 Y-138.510 Z-1.200 F400.000
G1 X-21.215 Y-138.454 Z-1.200 F400.000
G1 X-21.210 Y-138.437 Z-1.200 F400.000
G1 X-21.207 Y-138.419 Z-1.200 F400.000
G1 X-21.204 Y-138.359 Z-1.200 F400.000
G1 X-21.204 Y-135.468 Z-1.200 F400.000
G1 X-21.215 Y-135.359 Z-1.200 F400.000
G1 X-21.224 Y-135.330 Z-1.200 F400.000
G1 X-21.238 Y-135.304 Z-1.200 F400.000
G1 X-21.257 Y-135.280 Z-1.200 F400.000
G1 X-21.281 Y-135.261 Z-1.200 F400.000
G1 X-21.307 Y-135.247 Z-1.200 F400.000
G1 X-21.336 Y-135.238 Z-1.200 F400.000
G1 X-21.445 Y-135.227 Z-1.200 F400.000
G1 X-22.850 Y-135.227 Z-1.200 F400.000
G1 X-23.057 Y-135.213 Z-1.200 F400.000
G1 X-23.316 Y-135.179 Z-1.200 F400.000
G1 X-23.716 Y-135.072 Z-1.200 F400.000
G1 X-23.958 Y-134.972 Z-1.200 F400.000
G1 X-24.316 Y-134.765 Z-1.200 F400.000
G1 X-24.524 Y-134.606 Z-1.200 F400.000
G1 X-24.817 Y-134.313 Z-1.200 F400.000
G1 X-24.975 Y-134.106 Z-1.200 F400.000
G1 X-25.183 Y-133.747 Z-1.200 F400.000
G1 X-25.283 Y-133.506 Z-1.200 F400.000
G1 X-25.390 Y-133.106 Z-1.200 F400.000
G1 X-25.424 Y-132.847 Z-1.200 F400.000
G1 X-25.437 Y-132.640 Z-1.200 F400.000
G1 X-25.435 Y-109.686 Z-1.200 F400.000
G1 X-25.406 Y-109.323 Z-1.200 F400.000
G1 X-25.337 Y-108.966 Z-1.200 F400.000
G1 X-25.230 Y-108.618 Z-1.200 F400.000
G1 X-25.125 Y-108.362 Z-1.200 F400.000
G1 X-21.238 Y-100.026 Z-1.200 F400.000
G1 X-21.215 Y-99.969 Z-1.200 F400.000
G1 X-21.210 Y-99.953 Z-1.200 F400.000
G1 X-21.207 Y-99.935 Z-1.200 F400.000
G1 X-21.204 Y-99.875 Z-1.200 F400.000
G1 X-21.204 Y-96.984 Z-1.200 F400.000
G1 X-21.215 Y-96.875 Z-1.200 F400.000
G1 X-21.224 Y-96.846 Z-1.200 F400.000
G1 X-21.238 Y-96.820 Z-1.200 F400.000
G1 X-21.257 Y-96.796 Z-1.200 F400.000
G1 X-21.281 Y-96.777 Z-1.200 F400.000
G1 X-21.307 Y-96.762 Z-1.200 F400.000
G1 X-21.336 Y-96.754 Z-1.200 F400.000
G1 X-21.445 Y-96.743 Z-1.200 F400.000
G1 X-22.850 Y-96.743 Z-1.200 F400.000
G1 X-23.057 Y-96.729 Z-1.200 F400.000
G1 X-23.316 Y-96.695 Z-1.200 F400.000
G1 X-23.716 Y-96.588 Z-1.200 F400.000
G1 X-23.958 Y-96.488 Z-1.200 F400.000
G1 X-24.316 Y-96.281 Z-1.200 F400.000
G1 X-24.524 Y-96.122 Z-1.200 F400.000
G1 X-24.817 Y-95.829 Z-1.200 F400.000
G1 X-24.975 Y-95.622 Z-1.200 F400.000
G1 X-25.183 Y-95.263 Z-1.200 F400.000
G1 X-25.283 Y-95.022 Z-1.200 F400.000
G1 X-25.390 Y-94.622 Z-1.200 F400.000
G1 X-25.424 Y-94.363 Z-1.200 F400.000
G1 X-25.437 Y-94.156 Z-1.200 F400.000
G1 X-25.435 Y-71.202 Z-1.200 F400.000
G1 X-25.406 Y-70.839 Z-1.200 F400.000
G1 X-25.337 Y-70.482 Z-1.200 F400.000
G1 X-25.230 Y-70.134 Z-1.200 F400.000
G1 X-25.125 Y-69.878 Z-1.200 F400.000
G1 X-21.238 Y-61.542 Z-1.200 F400.000
G1 X-21.215 Y-61.485 Z-1.200 F400.000
G1 X-21.210 Y-61.469 Z-1.200 F400.000
G1 X-21.207 Y-61.451 Z-1.200 F400.000
G1 X-21.204 Y-61.391 Z-1.200 F400.000
G1 X-21.204 Y-58.500 Z-1.200 F400.000
G1 X-21.215 Y-58.391 Z-1.200 F400.000
G1 X-21.224 Y-58.362 Z-1.200 F400.000
G1 X-21.238 Y-58.336 Z-1.200 F400.000
G1 X-21.257 Y-58.312 Z-1.200 F400.000
G1 X-21.281 Y-58.293 Z-1.200 F400.000
G1 X-21.307 Y-58.278 Z-1.200 F400.000
G1 X-21.336 Y-58.270 Z-1.200 F400.000
G1 X-21.445 Y-58.259 Z-1.200 F400.000
G1 X-22.850 Y-58.259 Z-1.200 F400.000
G1 X-23.057 Y-58.245 Z-1.200 F400.000
G1 X-23.316 Y-58.211 Z-1.200 F400.000
G1 X-23.716 Y-58.104 Z-1.200 F400.000
G1 X-23.958 Y-58.004 Z-1.200 F400.000
G1 X-24.316 Y-57.797 Z-1.200 F400.000
G1 X-24.524 Y-57.638 Z-1.200 F400.000
G1 X-24.817 Y-57.345 Z-1.200 F400.000
G1 X-24.975 Y-57.138 Z-1.200 F400.000
G1 X-25.183 Y-56.779 Z-1.200 F400.000
G1 X-25.283 Y-56.538 Z-1.200 F400.000
G1 X-25.390 Y-56.138 Z-1.200 F400.000
G1 X-25.424 Y-55.879 Z-1.200 F400.000
G1 X-25.437 Y-55.672 Z-1.200 F400.000
G1 X-25.435 Y-32.718 Z-1.200 F400.000
G1 X-25.406 Y-32.355 Z-1.200 F400.000
G1 X-25.337 Y-31.998 Z-1.200 F400.000
G1 X-25.230 Y-31.650 Z-1.200 F400.000
G1 X-25.125 Y-31.394 Z-1.200 F400.000
G1 X-21.238 Y-23.058 Z-1.200 F400.000
G1 X-21.215 Y-23.001 Z-1.200 F400.000
G1 X-21.210 Y-22.985 Z-1.200 F400.000
G1 X-21.207 Y-22.967 Z-1.200 F400.000
G1 X-21.204 Y-22.907 Z-1.200 F400.000
G1 X-21.204 Y-20.015 Z-1.200 F400.000
G1 X-21.215 Y-19.907 Z-1.200 F400.000
G1 X-21.224 Y-19.878 Z-1.200 F400.000
G1 X-21.238 Y-19.851 Z-1.200 F400.000
G1 X-21.257 Y-19.828 Z-1.200 F400.000
G1 X-21.281 Y-19.809 Z-1.200 F400.000
G1 X-21.307 Y-19.794 Z-1.200 F400.000
G1 X-21.336 Y-19.786 Z-1.200 F400.000
G1 X-21.445 Y-19.775 Z-1.200 F400.000
G1 X-22.850 Y-19.775 Z-1.200 F400.000
G1 X-23.057 Y-19.761 Z-1.200 F400.000
G1 X-23.316 Y-19.727 Z-1.200 F400.000
G1 X-23.716 Y-19.620 Z-1.200 F400.000
G1 X-23.958 Y-19.520 Z-1.200 F400.000
G1 X-24.316 Y-19.313 Z-1.200 F400.000
G1 X-24.524 Y-19.154 Z-1.200 F400.000
G1 X-24.817 Y-18.861 Z-1.200 F400.000
G1 X-24.975 Y-18.654 Z-1.200 F400.000
G1 X-25.183 Y-18.295 Z-1.200 F400.000
G1 X-25.283 Y-18.054 Z-1.200 F400.000
G1 X-25.390 Y-17.654 Z-1.200 F400.000
G1 X-25.424 Y-17.395 Z-1.200 F400.000
G1 X-25.437 Y-17.188 Z-1.200 F400.000
G1 X-25.437 Y-3.000 Z-1.200 F400.000
G0 Z5.000
G0 X-25.437 Y-228.000
G0 Z3.000
G1 X-25.437 Y-228.000 Z-1.400 F250.000
G1 X-25.430 Y-203.927 Z-1.400 F400.000
G1 X-25.396 Y-203.586 Z-1.400 F400.000
G1 X-25.336 Y-203.281 Z-1.400 F400.000
G1 X-25.236 Y-202.952 Z-1.400 F400.000
G1 X-25.117 Y-202.665 Z-1.400 F400.000
G1 X-24.955 Y-202.362 Z-1.400 F400.000
G1 X-24.782 Y-202.104 Z-1.400 F400.000
G1 X-24.565 Y-201.838 Z-1.400 F400.000
G1 X-24.345 Y-201.618 Z-1.400 F400.000
G1 X-24.079 Y-201.401 Z-1.400 F400.000
G1 X-23.821 Y-201.228 Z-1.400 F400.000
G1 X-23.518 Y-201.066 Z-1.400 F400.000
G1 X-23.231 Y-200.947 Z-1.400 F400.000
G1 X-22.902 Y-200.847 Z-1.400 F400.000
G1 X-22.597 Y-200.787 Z-1.400 F400.000
G1 X-22.100 Y-200.745 Z-1.400 F400.000
G1 X-19.328 Y-200.745 Z-1.400 F400.000
G1 X-19.220 Y-200.735 Z-1.400 F400.000
G1 X-19.191 Y-200.726 Z-1.400 F400.000
G1 X-19.164 Y-200.712 Z-1.400 F400.000
G1 X-19.141 Y-200.692 Z-1.400 F400.000
G1 X-19.121 Y-200.669 Z-1.400 F400.000
G1 X-19.107 Y-200.642 Z-1.400 F400.000
G1 X-19.098 Y-200.613 Z-1.400 F400.000
G1 X-19.088 Y-200.505 Z-1.400 F400.000
G1 X-19.087 Y-198.798 Z-1.400 F400.000
G1 X-19.098 Y-198.690 Z-1.400 F400.000
G1 X-19.107 Y-198.661 Z-1.400 F400.000
G1 X-19.121 Y-198.634 Z-1.400 F400.000
G1 X-19.141 Y-198.611 Z-1.400 F400.000
G1 X-19.164 Y-198.592 Z-1.400 F400.000
G1 X-19.191 Y-198.577 Z-1.400 F400.000
G1 X-19.220 Y-198.569 Z-1.400 F400.000
G1 X-19.330 Y-198.558 Z-1.400 F400.000
G1 X-22.256 Y-198.550 Z-1.400 F400.000
G1 X-22.597 Y-198.517 Z-1.400 F400.000
G1 X-22.902 Y-198.456 Z-1.400 F400.000
G1 X-23.231 Y-198.356 Z-1.400 F400.000
G1 X-23.518 Y-198.237 Z-1.400 F400.000
G1 X-23.821 Y-198.076 Z-1.400 F400.000
G1 X-24.079 Y-197.903 Z-1.400 F400.000
G1 X-24.345 Y-197.685 Z-1.400 F400.000
G1 X-24.565 Y-197.465 Z-1.400 F400.000
G1 X-24.782 Y-197.200 Z-1.400 F400.000
G1 X-24.955 Y-196.941 Z-1.400 F400.000
G1 X-25.117 Y-196.638 Z-1.400 F400.000
G1 X-25.236 Y-196.351 Z-1.400 F400.000
G1 X-25.336 Y-196.023 Z-1.400 F400.000
G1 X-25.396 Y-195.717 Z-1.400 F400.000
G1 X-25.437 Y-195.220 Z-1.400 F400.000
G1 X-25.435 Y-186.654 Z-1.400 F400.000
G1 X-25.406 Y-186.291 Z-1.400 F400.000
G1 X-25.337 Y-185.934 Z-1.400 F400.000
G1 X-25.230 Y-185.586 Z-1.400 F400.000
G1 X-25.125 Y-185.330 Z-1.400 F400.000
G1 X-21.238 Y-176.994 Z-1.400 F400.000
G1 X-21.215 Y-176.938 Z-1.400 F400.000
G1 X-21.210 Y-176.921 Z-1.400 F400.000
G1 X-21.207 Y-176.903 Z-1.400 F400.000
G1 X-21.204 Y-176.843 Z-1.400 F400.000
G1 X-21.204 Y-173.952 Z-1.400 F400.000
G1 X-21.215 Y-173.843 Z-1.400 F400.000
G1 X-21.224 Y-173.814 Z-1.400 F400.000
G1 X-21.238 Y-173.788 Z-1.400 F400.000
G1 X-21.257 Y-173.764 Z-1.400 F400.000
G1 X-21.281 Y-173.745 Z-1.400 F400.000
G1 X-21.307 Y-173.731 Z-1.400 F400.000
G1 X-21.336 Y-173.722 Z-1.400 F400.000
G1 X-21.445 Y-173.711 Z-1.400 F400.000
G1 X-22.850 Y-173.711 Z-1.400 F400.000
G1 X-23.057 Y-173.697 Z-1.400 F400.000
G1 X-23.316 Y-173.663 Z-1.400 F400.000
G1 X-23.716 Y-173.556 Z-1.400 F400.000
G1 X-23.958 Y-173.456 Z-1.400 F400.000
G1 X-24.316 Y-173.249 Z-1.400 F400.000
G1 X-24.524 Y-173.090 Z-1.400 F400.000
G1 X-24.817 Y-172.797 Z-1.400 F400.000
G1 X-24.975 Y-172.590 Z-1.400 F400.000
G1 X-25.183 Y-172.231 Z-1.400 F400.000
G1 X-25.283 Y-171.990 Z-1.400 F400.000
G1 X-25.390 Y-171.590 Z-1.400 F400.000
G1 X-25.424 Y-171.331 Z-1.400 F400.000
G1 X-25.437 Y-171.124 Z-1.400 F400.000
G1 X-25.435 Y-148.170 Z-1.400 F400.000
G1 X-25.406 Y-147.807 Z-1.400 F400.000
G1 X-25.337 Y-147.450 Z-1.400 F400.000
G1 X-25.230 Y-147.102 Z-1.400 F400.000
G1 X-25.125 Y-146.846 Z-1.400 F400.000
G1 X-21.238 Y-138.510 Z-1.400 F400.000
G1 X-21.215 Y-138.454 Z-1.400 F400.000
G1 X-21.210 Y-138.437 Z-1.400 F400.000
G1 X-21.207 Y-138.419 Z-1.400 F400.000
G1 X-21.204 Y-138.359 Z-1.400 F400.000
G1 X-21.204 Y-135.468 Z-1.400 F400.000
G1 X-21.215 Y-135.359 Z-1.400 F400.000
G1 X-21.224 Y-135.330 Z-1.400 F400.000
G1 X-21.238 Y-135.304 Z-1.400 F400.000
G1 X-21.257 Y-135.280 Z-1.400 F400.000
G1 X-21.281 Y-135.261 Z-1.400 F400.000
G1 X-21.307 Y-135.247 Z-1.400 F400.000
G1 X-21.336 Y-135.238 Z-1.400 F400.000
G1 X-21.445 Y-135.227 Z-1.400 F400.000
G1 X-22.850 Y-135.227 Z-1.400 F400.000
G1 X-23.057 Y-135.213 Z-1.400 F400.000
G1 X-23.316 Y-135.179 Z-1.400 F400.000
G1 X-23.716 Y-135.072 Z-1.400 F400.000
G1 X-23.958 Y-134.972 Z-1.400 F400.000
G1 X-24.316 Y-134.765 Z-1.400 F400.000
G1 X-24.524 Y-134.606 Z-1.400 F400.000
G1 X-24.817 Y-134.313 Z-1.400 F400.000
G1 X-24.975 Y-134.106 Z-1.400 F400.000
G1 X-25.183 Y-133.747 Z-1.400 F400.000
G1 X-25.283 Y-133.506 Z-1.400 F400.000
G1 X-25.390 Y-133.106 Z-1.400 F400.000
G1 X-25.424 Y-132.847 Z-1.400 F400.000
G1 X-25.437 Y-132.640 Z-1.400 F400.000
G1 X-25.435 Y-109.686 Z-1.400 F400.000
G1 X-25.406 Y-109.323 Z-1.400 F400.000
G1 X-25.337 Y-108.966 Z-1.400 F400.000
G1 X-25.230 Y-108.618 Z-1.400 F400.000
G1 X-25.125 Y-108.362 Z-1.400 F400.000
G1 X-21.238 Y-100.026 Z-1.400 F400.000
G1 X-21.215 Y-99.969 Z-1.400 F400.000
G1 X-21.210 Y-99.953 Z-1.400 F400.000
G1 X-21.207 Y-99.935 Z-1.400 F400.000
G1 X-21.204 Y-99.875 Z-1.400 F400.000
G1 X-21.204 Y-96.984 Z-1.400 F400.000
G1 X-21.215 Y-96.875 Z-1.400 F400.000
G1 X-21.224 Y-96.846 Z-1.400 F400.000
G1 X-21.238 Y-96.820 Z-1.400 F400.000
G1 X-21.257 Y-96.796 Z-1.400 F400.000
G1 X-21.281 Y-96.777 Z-1.400 F400.000
G1 X-21.307 Y-96.762 Z-1.400 F400.000
G1 X-21.336 Y-96.754 Z-1.400 F400.000
G1 X-21.445 Y-96.743 Z-1.400 F400.000
G1 X-22.850 Y-96.743 Z-1.400 F400.000
G1 X-23.057 Y-96.729 Z-1.400 F400.000
G1 X-23.316 Y-96.695 Z-1.400 F400.000
G1 X-23.716 Y-96.588 Z-1.400 F400.000
G1 X-23.958 Y-96.488 Z-1.400 F400.000
G1 X-24.316 Y-96.281 Z-1.400 F400.000
G1 X-24.524 Y-96.122 Z-1.400 F400.000
G1 X-24.817 Y-95.829 Z-1.400 F400.000
G1 X-24.975 Y-95.622 Z-1.400 F400.000
G1 X-25.183 Y-95.263 Z-1.400 F400.000
G1 X-25.283 Y-95.022 Z-1.400 F400.000
G1 X-25.390 Y-94.622 Z-1.400 F400.000
G1 X-25.424 Y-94.363 Z-1.400 F400.000
G1 X-25.437 Y-94.156 Z-1.400 F400.000
G1 X-25.435 Y-71.202 Z-1.400 F400.000
G1 X-25.406 Y-70.839 Z-1.400 F400.000
G1 X-25.337 Y-70.482 Z-1.400 F400.000
G1 X-25.230 Y-70.134 Z-1.400 F400.000
G1 X-25.125 Y-69.878 Z-1.400 F400.000
G1 X-21.238 Y-61.542 Z-1.400 F400.000
G1 X-21.215 Y-61.485 Z-1.400 F400.000
G1 X-21.210 Y-61.469 Z-1.400 F400.000
G1 X-21.207 Y-61.451 Z-1.400 F400.000
G1 X-21.204 Y-61.391 Z-1.400 F400.000
G1 X-21.204 Y-58.500 Z-1.400 F400.000
G1 X-21.215 Y-58.391 Z-1.400 F400.000
G1 X-21.224 Y-58.362 Z-1.400 F400.000
G1 X-21.238 Y-58.336 Z-1.400 F400.000
G1 X-21.257 Y-58.312 Z-1.400 F400.000
G1 X-21.281 Y-58.293 Z-1.400 F400.000
G1 X-21.307 Y-58.278 Z-1.400 F400.000
G1 X-21.336 Y-58.270 Z-1.400 F400.000
G1 X-21.445 Y-58.259 Z-1.400 F400.000
G1 X-22.850 Y-58.259 Z-1.400 F400.000
G1 X-23.057 Y-58.245 Z-1.400 F400.000
G1 X-23.316 Y-58.211 Z-1.400 F400.000
G1 X-23.716 Y-58.104 Z-1.400 F400.000
G1 X-23.958 Y-58.004 Z-1.400 F400.000
G1 X-24.316 Y-57.797 Z-1.400 F400.000
G1 X-24.524 Y-57.638 Z-1.400 F400.000
G1 X-24.817 Y-57.345 Z-1.400 F400.000
G1 X-24.975 Y-57.138 Z-1.400 F400.000
G1 X-25.183 Y-56.779 Z-1.400 F400.000
G1 X-25.283 Y-56.538 Z-1.400 F400.000
G1 X-25.390 Y-56.138 Z-1.400 F400.000
G1 X-25.424 Y-55.879 Z-1.400 F400.000
G1 X-25.437 Y-55.672 Z-1.400 F400.000
G1 X-25.435 Y-32.718 Z-1.400 F400.000
G1 X-25.406 Y-32.355 Z-1.400 F400.000
G1 X-25.337 Y-31.998 Z-1.400 F400.000
G1 X-25.230 Y-31.650 Z-1.400 F400.000
G1 X-25.125 Y-31.394 Z-1.400 F400.000
G1 X-21.238 Y-23.058 Z-1.400 F400.000
G1 X-21.215 Y-23.001 Z-1.400 F400.000
G1 X-21.210 Y-22.985 Z-1.400 F400.000
G1 X-21.207 Y-22.967 Z-1.400 F400.000
G1 X-21.204 Y-22.907 Z-1.400 F400.000
G1 X-21.204 Y-20.015 Z-1.400 F400.000
G1 X-21.215 Y-19.907 Z-1.400 F400.000
G1 X-21.224 Y-19.878 Z-1.400 F400.000
G1 X-21.238 Y-19.851 Z-1.400 F400.000
G1 X-21.257 Y-19.828 Z-1.400 F400.000
G1 X-21.281 Y-19.809 Z-1.400 F400.000
G1 X-21.307 Y-19.794 Z-1.400 F400.000
G1 X-21.336 Y-19.786 Z-1.400 F400.000
G1 X-21.445 Y-19.775 Z-1.400 F400.000
G1 X-22.850 Y-19.775 Z-1.400 F400.000
G1 X-23.057 Y-19.761 Z-1.400 F400.000
G1 X-23.316 Y-19.727 Z-1.400 F400.000
G1 X-23.716 Y-19.620 Z-1.400 F400.000
G1 X-23.958 Y-19.520 Z-1.400 F400.000
G1 X-24.316 Y-19.313 Z-1.400 F400.000
G1 X-24.524 Y-19.154 Z-1.400 F400.000
G1 X-24.817 Y-18.861 Z-1.400 F400.000
G1 X-24.975 Y-18.654 Z-1.400 F400.000
G1 X-25.183 Y-18.295 Z-1.400 F400.000
G1 X-25.283 Y-18.054 Z-1.400 F400.000
G1 X-25.390 Y-17.654 Z-1.400 F400.000
G1 X-25.424 Y-17.395 Z-1.400 F400.000
G1 X-25.437 Y-17.188 Z-1.400 F400.000
G1 X-25.437 Y-3.000 Z-1.400 F400.000
G0 Z5.000
G0 X-25.437 Y-228.000
G0 Z3.000
G1 X-25.437 Y-228.000 Z-1.600 F250.000
G1 X-25.430 Y-203.927 Z-1.600 F400.000
G1 X-25.396 Y-203.586 Z-1.600 F400.000
G1 X-25.336 Y-203.281 Z-1.600 F400.000
G1 X-25.236 Y-202.952 Z-1.600 F400.000
G1 X-25.117 Y-202.665 Z-1.600 F400.000
G1 X-24.955 Y-202.362 Z-1.600 F400.000
G1 X-24.782 Y-202.104 Z-1.600 F400.000
G1 X-24.565 Y-201.838 Z-1.600 F400.000
G1 X-24.345 Y-201.618 Z-1.600 F400.000
G1 X-24.079 Y-201.401 Z-1.600 F400.000
G1 X-23.821 Y-201.228 Z-1.600 F400.000
G1 X-23.518 Y-201.066 Z-1.600 F400.000
G1 X-23.231 Y-200.947 Z-1.600 F400.000
G1 X-22.902 Y-200.847 Z-1.600 F400.000
G1 X-22.597 Y-200.787 Z-1.600 F400.000
G1 X-22.100 Y-200.745 Z-1.600 F400.000
G1 X-19.328 Y-200.745 Z-1.600 F400.000
G1 X-19.220 Y-200.735 Z-1.600 F400.000
G1 X-19.191 Y-200.726 Z-1.600 F400.000
G1 X-19.164 Y-200.712 Z-1.600 F400.000
G1 X-19.141 Y-200.692 Z-1.600 F400.000
G1 X-19.121 Y-200.669 Z-1.600 F400.000
G1 X-19.107 Y-200.642 Z-1.600 F400.000
G1 X-19.098 Y-200.613 Z-1.600 F400.000
G1 X-19.088 Y-200.505 Z-1.600 F400.000
G1 X-19.087 Y-198.798 Z-1.600 F400.000
G1 X-19.098 Y-198.690 Z-1.600 F400.000
G1 X-19.107 Y-198.661 Z-1.600 F400.000
G1 X-19.121 Y-198.634 Z-1.600 F400.000
G1 X-19.141 Y-198.611 Z-1.600 F400.000
G1 X-19.164 Y-198.592 Z-1.600 F400.000
G1 X-19.191 Y-198.577 Z-1.600 F400.000
G1 X-19.220 Y-198.569 Z-1.600 F400.000
G1 X-19.330 Y-198.558 Z-1.600 F400.000
G1 X-22.256 Y-198.550 Z-1.600 F400.000
G1 X-22.597 Y-198.517 Z-1.600 F400.000
G1 X-22.902 Y-198.456 Z-1.600 F400.000
G1 X-23.231 Y-198.356 Z-1.600 F400.000
G1 X-23.518 Y-198.237 Z-1.600 F400.000
G1 X-23.821 Y-198.076 Z-1.600 F400.000
G1 X-24.079 Y-197.903 Z-1.600 F400.000
G1 X-24.345 Y-197.685 Z-1.600 F400.000
G1 X-24.565 Y-197.465 Z-1.600 F400.000
G1 X-24.782 Y-197.200 Z-1.600 F400.000
G1 X-24.955 Y-196.941 Z-1.600 F400.000
G1 X-25.117 Y-196.638 Z-1.600 F400.000
G1 X-25.236 Y-196.351 Z-1.600 F400.000
G1 X-25.336 Y-196.023 Z-1.600 F400.000
G1 X-25.396 Y-195.717 Z-1.600 F400.000
G1 X-25.437 Y-195.220 Z-1.600 F400.000
G1 X-25.435 Y-186.654 Z-1.600 F400.000
G1 X-25.406 Y-186.291 Z-1.600 F400.000
G1 X-25.337 Y-185.934 Z-1.600 F400.000
G1 X-25.230 Y-185.586 Z-1.600 F400.000
G1 X-25.125 Y-185.330 Z-1.600 F400.000
G1 X-21.238 Y-176.994 Z-1.600 F400.000
G1 X-21.215 Y-176.938 Z-1.600 F400.000
G1 X-21.210 Y-176.921 Z-1.600 F400.000
G1 X-21.207 Y-176.903 Z-1.600 F400.000
G1 X-21.204 Y-176.843 Z-1.600 F400.000
G1 X-21.204 Y-173.952 Z-1.600 F400.000
G1 X-21.215 Y-173.843 Z-1.600 F400.000
G1 X-21.224 Y-173.814 Z-1.600 F400.000
G1 X-21.238 Y-173.788 Z-1.600 F400.000
G1 X-21.257 Y-173.764 Z-1.600 F400.000
G1 X-21.281 Y-173.745 Z-1.600 F400.000
G1 X-21.307 Y-173.731 Z-1.600 F400.000
G1 X-21.336 Y-173.722 Z-1.600 F400.000
G1 X-21.445 Y-173.711 Z-1.600 F400.000
G1 X-22.850 Y-173.711 Z-1.600 F400.000
G1 X-23.057 Y-173.697 Z-1.600 F400.000
G1 X-23.316 Y-173.663 Z-1.600 F400.000
G1 X-23.716 Y-173.556 Z-1.600 F400.000
G1 X-23.958 Y-173.456 Z-1.600 F400.000
G1 X-24.316 Y-173.249 Z-1.600 F400.000
G1 X-24.524 Y-173.090 Z-1.600 F400.000
G1 X-24.817 Y-172.797 Z-1.600 F400.000
G1 X-24.975 Y-172.590 Z-1.600 F400.000
G1 X-25.183 Y-172.231 Z-1.600 F400.000
G1 X-25.283 Y-171.990 Z-1.600 F400.000
G1 X-25.390 Y-171.590 Z-1.600 F400.000
G1 X-25.424 Y-171.331 Z-1.600 F400.000
G1 X-25.437 Y-171.124 Z-1.600 F400.000
G1 X-25.435 Y-148.170 Z-1.600 F400.000
G1 X-25.406 Y-147.807 Z-1.600 F400.000
G1 X-25.337 Y-147.450 Z-1.600 F400.000
G1 X-25.230 Y-147.102 Z-1.600 F400.000
G1 X-25.125 Y-146.846 Z-1.600 F400.000
G1 X-21.238 Y-138.510 Z-1.600 F400.000
G1 X-21.215 Y-138.454 Z-1.600 F400.000
G1 X-21.210 Y-138.437 Z-1.600 F400.000
G1 X-21.207 Y-138.419 Z-1.600 F400.000
G1 X-21.204 Y-138.359 Z-1.600 F400.000
G1 X-21.204 Y-135.468 Z-1.600 F400.000
G1 X-21.215 Y-135.359 Z-1.600 F400.000
G1 X-21.224 Y-135.330 Z-1.600 F400.000
G1 X-21.238 Y-135.304 Z-1.600 F400.000
G1 X-21.257 Y-135.280 Z-1.600 F400.000
G1 X-21.281 Y-135.261 Z-1.600 F400.000
G1 X-21.307 Y-135.247 Z-1.600 F400.000
G1 X-21.336 Y-135.238 Z-1.600 F400.000
G1 X-21.445 Y-135.227 Z-1.600 F400.000
G1 X-22.850 Y-135.227 Z-1.600 F400.000
G1 X-23.057 Y-135.213 Z-1.600 F400.000
G1 X-23.316 Y-135.179 Z-1.600 F400.000
G1 X-23.716 Y-135.072 Z-1.600 F400.000
G1 X-23.958 Y-134.972 Z-1.600 F400.000
G1 X-24.316 Y-134.765 Z-1.600 F400.000
G1 X-24.524 Y-134.606 Z-1.600 F400.000
G1 X-24.817 Y-134.313 Z-1.600 F400.000
G1 X-24.975 Y-134.106 Z-1.600 F400.000
G1 X-25.183 Y-133.747 Z-1.600 F400.000
G1 X-25.283 Y-133.506 Z-1.600 F400.000
G1 X-25.390 Y-133.106 Z-1.600 F400.000
G1 X-25.424 Y-132.847 Z-1.600 F400.000
G1 X-25.437 Y-132.640 Z-1.600 F400.000
G1 X-25.435 Y-109.686 Z-1.600 F400.000
G1 X-25.406 Y-109.323 Z-1.600 F400.000
G1 X-25.337 Y-108.966 Z-1.600 F400.000
G1 X-25.230 Y-108.618 Z-1.600 F400.000
G1 X-25.125 Y-108.362 Z-1.600 F400.000
G1 X-21.238 Y-100.026 Z-1.600 F400.000
G1 X-21.215 Y-99.969 Z-1.600 F400.000
G1 X-21.210 Y-99.953 Z-1.600 F400.000
G1 X-21.207 Y-99.935 Z-1.600 F400.000
G1 X-21.204 Y-99.875 Z-1.600 F400.000
G1 X-21.204 Y-96.984 Z-1.600 F400.000
G1 X-21.215 Y-96.875 Z-1.600 F400.000
G1 X-21.224 Y-96.846 Z-1.600 F400.000
G1 X-21.238 Y-96.820 Z-1.600 F400.000
G1 X-21.257 Y-96.796 Z-1.600 F400.000
G1 X-21.281 Y-96.777 Z-1.600 F400.000
G1 X-21.307 Y-96.762 Z-1.600 F400.000
G1 X-21.336 Y-96.754 Z-1.600 F400.000
G1 X-21.445 Y-96.743 Z-1.600 F400.000
G1 X-22.850 Y-96.743 Z-1.600 F400.000
G1 X-23.057 Y-96.729 Z-1.600 F400.000
G1 X-23.316 Y-96.695 Z-1.600 F400.000
G1 X-23.716 Y-96.588 Z-1.600 F400.000
G1 X-23.958 Y-96.488 Z-1.600 F400.000
G1 X-24.316 Y-96.281 Z-1.600 F400.000
G1 X-24.524 Y-96.122 Z-1.600 F400.000
G1 X-24.817 Y-95.829 Z-1.600 F400.000
G1 X-24.975 Y-95.622 Z-1.600 F400.000
G1 X-25.183 Y-95.263 Z-1.600 F400.000
G1 X-25.283 Y-95.022 Z-1.600 F400.000
G1 X-25.390 Y-94.622 Z-1.600 F400.000
G1 X-25.424 Y-94.363 Z-1.600 F400.000
G1 X-25.437 Y-94.156 Z-1.600 F400.000
G1 X-25.435 Y-71.202 Z-1.600 F400.000
G1 X-25.406 Y-70.839 Z-1.600 F400.000
G1 X-25.337 Y-70.482 Z-1.600 F400.000
G1 X-25.230 Y-70.134 Z-1.600 F400.000
G1 X-25.125 Y-69.878 Z-1.600 F400.000
G1 X-21.238 Y-61.542 Z-1.600 F400.000
G1 X-21.215 Y-61.485 Z-1.600 F400.000
G1 X-21.210 Y-61.469 Z-1.600 F400.000
G1 X-21.207 Y-61.451 Z-1.600 F400.000
G1 X-21.204 Y-61.391 Z-1.600 F400.000
G1 X-21.204 Y-58.500 Z-1.600 F400.000
G1 X-21.215 Y-58.391 Z-1.600 F400.000
G1 X-21.224 Y-58.362 Z-1.600 F400.000
G1 X-21.238 Y-58.336 Z-1.600 F400.000
G1 X-21.257 Y-58.312 Z-1.600 F400.000
G1 X-21.281 Y-58.293 Z-1.600 F400.000
G1 X-21.307 Y-58.278 Z-1.600 F400.000
G1 X-21.336 Y-58.270 Z-1.600 F400.000
G1 X-21.445 Y-58.259 Z-1.600 F400.000
G1 X-22.850 Y-58.259 Z-1.600 F400.000
G1 X-23.057 Y-58.245 Z-1.600 F400.000
G1 X-23.316 Y-58.211 Z-1.600 F400.000
G1 X-23.716 Y-58.104 Z-1.600 F400.000
G1 X-23.958 Y-58.004 Z-1.600 F400.000
G1 X-24.316 Y-57.797 Z-1.600 F400.000
G1 X-24.524 Y-57.638 Z-1.600 F400.000
G1 X-24.817 Y-57.345 Z-1.600 F400.000
G1 X-24.975 Y-57.138 Z-1.600 F400.000
G1 X-25.183 Y-56.779 Z-1.600 F400.000
G1 X-25.283 Y-56.538 Z-1.600 F400.000
G1 X-25.390 Y-56.138 Z-1.600 F400.000
G1 X-25.424 Y-55.879 Z-1.600 F400.000
G1 X-25.437 Y-55.672 Z-1.600 F400.000
G1 X-25.435 Y-32.718 Z-1.600 F400.000
G1 X-25.406 Y-32.355 Z-1.600 F400.000
G1 X-25.337 Y-31.998 Z-1.600 F400.000
G1 X-25.230 Y-31.650 Z-1.600 F400.000
G1 X-25.125 Y-31.394 Z-1.600 F400.000
G1 X-21.238 Y-23.058 Z-1.600 F400.000
G1 X-21.215 Y-23.001 Z-1.600 F400.000
G1 X-21.210 Y-22.985 Z-1.600 F400.000
G1 X-21.207 Y-22.967 Z-1.600 F400.000
G1 X-21.204 Y-22.907 Z-1.600 F400.000
G1 X-21.204 Y-20.015 Z-1.600 F400.000
G1 X-21.215 Y-19.907 Z-1.600 F400.000
G1 X-21.224 Y-19.878 Z-1.600 F400.000
G1 X-21.238 Y-19.851 Z-1.600 F400.000
G1 X-21.257 Y-19.828 Z-1.600 F400.000
G1 X-21.281 Y-19.809 Z-1.600 F400.000
G1 X-21.307 Y-19.794 Z-1.600 F400.000
G1 X-21.336 Y-19.786 Z-1.600 F400.000
G1 X-21.445 Y-19.775 Z-1.600 F400.000
G1 X-22.850 Y-19.775 Z-1.600 F400.000
G1 X-23.057 Y-19.761 Z-1.600 F400.000
G1 X-23.316 Y-19.727 Z-1.600 F400.000
G1 X-23.716 Y-19.620 Z-1.600 F400.000
G1 X-23.958 Y-19.520 Z-1.600 F400.000
G1 X-24.316 Y-19.313 Z-1.600 F400.000
G1 X-24.524 Y-19.154 Z-1.600 F400.000
G1 X-24.817 Y-18.861 Z-1.600 F400.000
G1 X-24.975 Y-18.654 Z-1.600 F400.000
G1 X-25.183 Y-18.295 Z-1.600 F400.000
G1 X-25.283 Y-18.054 Z-1.600 F400.000
G1 X-25.390 Y-17.654 Z-1.600 F400.000
G1 X-25.424 Y-17.395 Z-1.600 F400.000
G1 X-25.437 Y-17.188 Z-1.600 F400.000
G1 X-25.437 Y-3.000 Z-1.600 F400.000
G0 Z5.000
G0 X-25.437 Y-228.000
G0 Z3.000
G1 X-25.437 Y-228.000 Z-1.800 F250.000
G1 X-25.430 Y-203.927 Z-1.800 F400.000
G1 X-25.396 Y-203.586 Z-1.800 F400.000
G1 X-25.336 Y-203.281 Z-1.800 F400.000
G1 X-25.236 Y-202.952 Z-1.800 F400.000
G1 X-25.117 Y-202.665 Z-1.800 F400.000
G1 X-24.955 Y-202.362 Z-1.800 F400.000
G1 X-24.782 Y-202.104 Z-1.800 F400.000
G1 X-24.565 Y-201.838 Z-1.800 F400.000
G1 X-24.345 Y-201.618 Z-1.800 F400.000
G1 X-24.079 Y-201.401 Z-1.800 F400.000
G1 X-23.821 Y-201.228 Z-1.800 F400.000
G1 X-23.518 Y-201.066 Z-1.800 F400.000
G1 X-23.231 Y-200.947 Z-1.800 F400.000
G1 X-22.902 Y-200.847 Z-1.800 F400.000
G1 X-22.597 Y-200.787 Z-1.800 F400.000
G1 X-22.100 Y-200.745 Z-1.800 F400.000
G1 X-19.328 Y-200.745 Z-1.800 F400.000
G1 X-19.220 Y-200.735 Z-1.800 F400.000
G1 X-19.191 Y-200.726 Z-1.800 F400.000
G1 X-19.164 Y-200.712 Z-1.800 F400.000
G1 X-19.141 Y-200.692 Z-1.800 F400.000
G1 X-19.121 Y-200.669 Z-1.800 F400.000
G1 X-19.107 Y-200.642 Z-1.800 F400.000
G1 X-19.098 Y-200.613 Z-1.800 F400.000
G1 X-19.088 Y-200.505 Z-1.800 F400.000
G1 X-19.087 Y-198.798 Z-1.800 F400.000
G1 X-19.098 Y-198.690 Z-1.800 F400.000
G1 X-19.107 Y-198.661 Z-1.800 F400.000
G1 X-19.121 Y-198.634 Z-1.800 F400.000
G1 X-19.141 Y-198.611 Z-1.800 F400.000
G1 X-19.164 Y-198.592 Z-1.800 F400.000
G1 X-19.191 Y-198.577 Z-1.800 F400.000
G1 X-19.220 Y-198.569 Z-1.800 F400.000
G1 X-19.330 Y-198.558 Z-1.800 F400.000
G1 X-22.256 Y-198.550 Z-1.800 F400.000
G1 X-22.597 Y-198.517 Z-1.800 F400.000
G1 X-22.902 Y-198.456 Z-1.800 F400.000
G1 X-23.231 Y-198.356 Z-1.800 F400.000
G1 X-23.518 Y-198.237 Z-1.800 F400.000
G1 X-23.821 Y-198.076 Z-1.800 F400.000
G1 X-24.079 Y-197.903 Z-1.800 F400.000
G1 X-24.345 Y-197.685 Z-1.800 F400.000
G1 X-24.565 Y-197.465 Z-1.800 F400.000
G1 X-24.782 Y-197.200 Z-1.800 F400.000
G1 X-24.955 Y-196.941 Z-1.800 F400.000
G1 X-25.117 Y-196.638 Z-1.800 F400.000
G1 X-25.236 Y-196.351 Z-1.800 F400.000
G1 X-25.336 Y-196.023 Z-1.800 F400.000
G1 X-25.396 Y-195.717 Z-1.800 F400.000
G1 X-25.437 Y-195.220 Z-1.800 F400.000
G1 X-25.435 Y-186.654 Z-1.800 F400.000
G1 X-25.406 Y-186.291 Z-1.800 F400.000
G1 X-25.337 Y-185.934 Z-1.800 F400.000
G1 X-25.230 Y-185.586 Z-1.800 F400.000
G1 X-25.125 Y-185.330 Z-1.800 F400.000
G1 X-21.238 Y-176.994 Z-1.800 F400.000
G1 X-21.215 Y-176.938 Z-1.800 F400.000
G1 X-21.210 Y-176.921 Z-1.800 F400.000
G1 X-21.207 Y-176.903 Z-1.800 F400.000
G1 X-21.204 Y-176.843 Z-1.800 F400.000
G1 X-21.204 Y-173.952 Z-1.800 F400.000
G1 X-21.215 Y-173.843 Z-1.800 F400.000
G1 X-21.224 Y-173.814 Z-1.800 F400.000
G1 X-21.238 Y-173.788 Z-1.800 F400.000
G1 X-21.257 Y-173.764 Z-1.800 F400.000
G1 X-21.281 Y-173.745 Z-1.800 F400.000
G1 X-21.307 Y-173.731 Z-1.800 F400.000
G1 X-21.336 Y-173.722 Z-1.800 F400.000
G1 X-21.445 Y-173.711 Z-1.800 F400.000
G1 X-22.850 Y-173.711 Z-1.800 F400.000
G1 X-23.057 Y-173.697 Z-1.800 F400.000
G1 X-23.316 Y-173.663 Z-1.800 F400.000
G1 X-23.716 Y-173.556 Z-1.800 F400.000
G1 X-23.958 Y-173.456 Z-1.800 F400.000
G1 X-24.316 Y-173.249 Z-1.800 F400.000
G1 X-24.524 Y-173.090 Z-1.800 F400.000
G1 X-24.817 Y-172.797 Z-1.800 F400.000
G1 X-24.975 Y-172.590 Z-1.800 F400.000
G1 X-25.183 Y-172.231 Z-1.800 F400.000
G1 X-25.283 Y-171.990 Z-1.800 F400.000
G1 X-25.390 Y-171.590 Z-1.800 F400.000
G1 X-25.424 Y-171.331 Z-1.800 F400.000
G1 X-25.437 Y-171.124 Z-1.800 F400.000
G1 X-25.435 Y-148.170 Z-1.800 F400.000
G1 X-25.406 Y-147.807 Z-1.800 F400.000
G1 X-25.337 Y-147.450 Z-1.800 F400.000
G1 X-25.230 Y-147.102 Z-1.800 F400.000
G1 X-25.125 Y-146.846 Z-1.800 F400.000
G1 X-21.238 Y-138.510 Z-1.800 F400.000
G1 X-21.215 Y-138.454 Z-1.800 F400.000
G1 X-21.210 Y-138.437 Z-1.800 F400.000
G1 X-21.207 Y-138.419 Z-1.800 F400.000
G1 X-21.204 Y-138.359 Z-1.800 F400.000
G1 X-21.204 Y-135.468 Z-1.800 F400.000
G1 X-21.215 Y-135.359 Z-1.800 F400.000
G1 X-21.224 Y-135.330 Z-1.800 F400.000
G1 X-21.238 Y-135.304 Z-1.800 F400.000
G1 X-21.257 Y-135.280 Z-1.800 F400.000
G1 X-21.281 Y-135.261 Z-1.800 F400.000
G1 X-21.307 Y-135.247 Z-1.800 F400.000
G1 X-21.336 Y-135.238 Z-1.800 F400.000
G1 X-21.445 Y-135.227 Z-1.800 F400.000
G1 X-22.850 Y-135.227 Z-1.800 F400.000
G1 X-23.057 Y-135.213 Z-1.800 F400.000
G1 X-23.316 Y-135.179 Z-1.800 F400.000
G1 X-23.716 Y-135.072 Z-1.800 F400.000
G1 X-23.958 Y-134.972 Z-1.800 F400.000
G1 X-24.316 Y-134.765 Z-1.800 F400.000
G1 X-24.524 Y-134.606 Z-1.800 F400.000
G1 X-24.817 Y-134.313 Z-1.800 F400.000
G1 X-24.975 Y-134.106 Z-1.800 F400.000
G1 X-25.183 Y-133.747 Z-1.800 F400.000
G1 X-25.283 Y-133.506 Z-1.800 F400.000
G1 X-25.390 Y-133.106 Z-1.800 F400.000
G1 X-25.424 Y-132.847 Z-1.800 F400.000
G1 X-25.437 Y-132.640 Z-1.800 F400.000
G1 X-25.435 Y-109.686 Z-1.800 F400.000
G1 X-25.406 Y-109.323 Z-1.800 F400.000
G1 X-25.337 Y-108.966 Z-1.800 F400.000
G1 X-25.230 Y-108.618 Z-1.800 F400.000
G1 X-25.125 Y-108.362 Z-1.800 F400.000
G1 X-21.238 Y-100.026 Z-1.800 F400.000
G1 X-21.215 Y-99.969 Z-1.800 F400.000
G1 X-21.210 Y-99.953 Z-1.800 F400.000
G1 X-21.207 Y-99.935 Z-1.800 F400.000
G1 X-21.204 Y-99.875 Z-1.800 F400.000
G1 X-21.204 Y-96.984 Z-1.800 F400.000
G1 X-21.215 Y-96.875 Z-1.800 F400.000
G1 X-21.224 Y-96.846 Z-1.800 F400.000
G1 X-21.238 Y-96.820 Z-1.800 F400.000
G1 X-21.257 Y-96.796 Z-1.800 F400.000
G1 X-21.281 Y-96.777 Z-1.800 F400.000
G1 X-21.307 Y-96.762 Z-1.800 F400.000
G1 X-21.336 Y-96.754 Z-1.800 F400.000
G1 X-21.445 Y-96.743 Z-1.800 F400.000
G1 X-22.850 Y-96.743 Z-1.800 F400.000
G1 X-23.057 Y-96.729 Z-1.800 F400.000
G1 X-23.316 Y-96.695 Z-1.800 F400.000
G1 X-23.716 Y-96.588 Z-1.800 F400.000
G1 X-23.958 Y-96.488 Z-1.800 F400.000
G1 X-24.316 Y-96.281 Z-1.800 F400.000
G1 X-24.524 Y-96.122 Z-1.800 F400.000
G1 X-24.817 Y-95.829 Z-1.800 F400.000
G1 X-24.975 Y-95.622 Z-1.800 F400.000
G1 X-25.183 Y-95.263 Z-1.800 F400.000
G1 X-25.283 Y-95.022 Z-1.800 F400.000
G1 X-25.390 Y-94.622 Z-1.800 F400.000
G1 X-25.424 Y-94.363 Z-1.800 F400.000
G1 X-25.437 Y-94.156 Z-1.800 F400.000
G1 X-25.435 Y-71.202 Z-1.800 F400.000
G1 X-25.406 Y-70.839 Z-1.800 F400.000
G1 X-25.337 Y-70.482 Z-1.800 F400.000
G1 X-25.230 Y-70.134 Z-1.800 F400.000
G1 X-25.125 Y-69.878 Z-1.800 F400.000
G1 X-21.238 Y-61.542 Z-1.800 F400.000
G1 X-21.215 Y-61.485 Z-1.800 F400.000
G1 X-21.210 Y-61.469 Z-1.800 F400.000
G1 X-21.207 Y-61.451 Z-1.800 F400.000
G1 X-21.204 Y-61.391 Z-1.800 F400.000
G1 X-21.204 Y-58.500 Z-1.800 F400.000
G1 X-21.215 Y-58.391 Z-1.800 F400.000
G1 X-21.224 Y-58.362 Z-1.800 F400.000
G1 X-21.238 Y-58.336 Z-1.800 F400.000
G1 X-21.257 Y-58.312 Z-1.800 F400.000
G1 X-21.281 Y-58.293 Z-1.800 F400.000
G1 X-21.307 Y-58.278 Z-1.800 F400.000
G1 X-21.336 Y-58.270 Z-1.800 F400.000
G1 X-21.445 Y-58.259 Z-1.800 F400.000
G1 X-22.850 Y-58.259 Z-1.800 F400.000
G1 X-23.057 Y-58.245 Z-1.800 F400.000
G1 X-23.316 Y-58.211 Z-1.800 F400.000
G1 X-23.716 Y-58.104 Z-1.800 F400.000
G1 X-23.958 Y-58.004 Z-1.800 F400.000
G1 X-24.316 Y-57.797 Z-1.800 F400.000
G1 X-24.524 Y-57.638 Z-1.800 F400.000
G1 X-24.817 Y-57.345 Z-1.800 F400.000
G1 X-24.975 Y-57.138 Z-1.800 F400.000
G1 X-25.183 Y-56.779 Z-1.800 F400.000
G1 X-25.283 Y-56.538 Z-1.800 F400.000
G1 X-25.390 Y-56.138 Z-1.800 F400.000
G1 X-25.424 Y-55.879 Z-1.800 F400.000
G1 X-25.437 Y-55.672 Z-1.800 F400.000
G1 X-25.435 Y-32.718 Z-1.800 F400.000
G1 X-25.406 Y-32.355 Z-1.800 F400.000
G1 X-25.337 Y-31.998 Z-1.800 F400.000
G1 X-25.230 Y-31.650 Z-1.800 F400.000
G1 X-25.125 Y-31.394 Z-1.800 F400.000
G1 X-21.238 Y-23.058 Z-1.800 F400.000
G1 X-21.215 Y-23.001 Z-1.800 F400.000
G1 X-21.210 Y-22.985 Z-1.800 F400.000
G1 X-21.207 Y-22.967 Z-1.800 F400.000
G1 X-21.204 Y-22.907 Z-1.800 F400.000
G1 X-21.204 Y-20.015 Z-1.800 F400.000
G1 X-21.215 Y-19.907 Z-1.800 F400.000
G1 X-21.224 Y-19.878 Z-1.800 F400.000
G1 X-21.238 Y-19.851 Z-1.800 F400.000
G1 X-21.257 Y-19.828 Z-1.800 F400.000
G1 X-21.281 Y-19.809 Z-1.800 F400.000
G1 X-21.307 Y-19.794 Z-1.800 F400.000
G1 X-21.336 Y-19.786 Z-1.800 F400.000
G1 X-21.445 Y-19.775 Z-1.800 F400.000
G1 X-22.850 Y-19.775 Z-1.800 F400.000
G1 X-23.057 Y-19.761 Z-1.800 F400.000
G1 X-23.316 Y-19.727 Z-1.800 F400.000
G1 X-23.716 Y-19.620 Z-1.800 F400.000
G1 X-23.958 Y-19.520 Z-1.800 F400.000
G1 X-24.316 Y-19.313 Z-1.800 F400.000
G1 X-24.524 Y-19.154 Z-1.800 F400.000
G1 X-24.817 Y-18.861 Z-1.800 F400.000
G1 X-24.975 Y-18.654 Z-1.800 F400.000
G1 X-25.183 Y-18.295 Z-1.800 F400.000
G1 X-25.283 Y-18.054 Z-1.800 F400.000
G1 X-25.390 Y-17.654 Z-1.800 F400.000
G1 X-25.424 Y-17.395 Z-1.800 F400.000
G1 X-25.437 Y-17.188 Z-1.800 F400.000
G1 X-25.437 Y-3.000 Z-1.800 F400.000
G0 Z5.000
G0 X-25.437 Y-228.000
G0 Z3.000
G1 X-25.437 Y-228.000 Z-2.000 F250.000
G1 X-25.430 Y-203.927 Z-2.000 F400.000
G1 X-25.396 Y-203.586 Z-2.000 F400.000
G1 X-25.336 Y-203.281 Z-2.000 F400.000
G1 X-25.236 Y-202.952 Z-2.000 F400.000
G1 X-25.117 Y-202.665 Z-2.000 F400.000
G1 X-24.955 Y-202.362 Z-2.000 F400.000
G1 X-24.782 Y-202.104 Z-2.000 F400.000
G1 X-24.565 Y-201.838 Z-2.000 F400.000
G1 X-24.345 Y-201.618 Z-2.000 F400.000
G1 X-24.079 Y-201.401 Z-2.000 F400.000
G1 X-23.821 Y-201.228 Z-2.000 F400.000
G1 X-23.518 Y-201.066 Z-2.000 F400.000
G1 X-23.231 Y-200.947 Z-2.000 F400.000
G1 X-22.902 Y-200.847 Z-2.000 F400.000
G1 X-22.597 Y-200.787 Z-2.000 F400.000
G1 X-22.100 Y-200.745 Z-2.000 F400.000
G1 X-19.328 Y-200.745 Z-2.000 F400.000
G1 X-19.220 Y-200.735 Z-2.000 F400.000
G1 X-19.191 Y-200.726 Z-2.000 F400.000
G1 X-19.164 Y-200.712 Z-2.000 F400.000
G1 X-19.141 Y-200.692 Z-2.000 F400.000
G1 X-19.121 Y-200.669 Z-2.000 F400.000
G1 X-19.107 Y-200.642 Z-2.000 F400.000
G1 X-19.098 Y-200.613 Z-2.000 F400.000
G1 X-19.088 Y-200.505 Z-2.000 F400.000
G1 X-19.087 Y-198.798 Z-2.000 F400.000
G1 X-19.098 Y-198.690 Z-2.000 F400.000
G1 X-19.107 Y-198.661 Z-2.000 F400.000
G1 X-19.121 Y-198.634 Z-2.000 F400.000
G1 X-19.141 Y-198.611 Z-2.000 F400.000
G1 X-19.164 Y-198.592 Z-2.000 F400.000
G1 X-19.191 Y-198.577 Z-2.000 F400.000
G1 X-19.220 Y-198.569 Z-2.000 F400.000
G1 X-19.330 Y-198.558 Z-2.000 F400.000
G1 X-22.256 Y-198.550 Z-2.000 F400.000
G1 X-22.597 Y-198.517 Z-2.000 F400.000
G1 X-22.902 Y-198.456 Z-2.000 F400.000
G1 X-23.231 Y-198.356 Z-2.000 F400.000
G1 X-23.518 Y-198.237 Z-2.000 F400.000
G1 X-23.821 Y-198.076 Z-2.000 F400.000
G1 X-24.079 Y-197.903 Z-2.000 F400.000
G1 X-24.345 Y-197.685 Z-2.000 F400.000
G1 X-24.565 Y-197.465 Z-2.000 F400.000
G1 X-24.782 Y-197.200 Z-2.000 F400.000
G1 X-24.955 Y-196.941 Z-2.000 F400.000
G1 X-25.117 Y-196.638 Z-2.000 F400.000
G1 X-25.236 Y-196.351 Z-2.000 F400.000
G1 X-25.336 Y-196.023 Z-2.000 F400.000
G1 X-25.396 Y-195.717 Z-2.000 F400.000
G1 X-25.437 Y-195.220 Z-2.000 F400.000
G1 X-25.435 Y-186.654 Z-2.000 F400.000
G1 X-25.406 Y-186.291 Z-2.000 F400.000
G1 X-25.337 Y-185.934 Z-2.000 F400.000
G1 X-25.230 Y-185.586 Z-2.000 F400.000
G1 X-25.125 Y-185.330 Z-2.000 F400.000
G1 X-21.238 Y-176.994 Z-2.000 F400.000
G1 X-21.215 Y-176.938 Z-2.000 F400.000
G1 X-21.210 Y-176.921 Z-2.000 F400.000
G1 X-21.207 Y-176.903 Z-2.000 F400.000
G1 X-21.204 Y-176.843 Z-2.000 F400.000
G1 X-21.204 Y-173.952 Z-2.000 F400.000
G1 X-21.215 Y-173.843 Z-2.000 F400.000
G1 X-21.224 Y-173.814 Z-2.000 F400.000
G1 X-21.238 Y-173.788 Z-2.000 F400.000
G1 X-21.257 Y-173.764 Z-2.000 F400.000
G1 X-21.281 Y-173.745 Z-2.000 F400.000
G1 X-21.307 Y-173.731 Z-2.000 F400.000
G1 X-21.336 Y-173.722 Z-2.000 F400.000
G1 X-21.445 Y-173.711 Z-2.000 F400.000
G1 X-22.850 Y-173.711 Z-2.000 F400.000
G1 X-23.057 Y-173.697 Z-2.000 F400.000
G1 X-23.316 Y-173.663 Z-2.000 F400.000
G1 X-23.716 Y-173.556 Z-2.000 F400.000
G1 X-23.958 Y-173.456 Z-2.000 F400.000
G1 X-24.316 Y-173.249 Z-2.000 F400.000
G1 X-24.524 Y-173.090 Z-2.000 F400.000
G1 X-24.817 Y-172.797 Z-2.000 F400.000
G1 X-24.975 Y-172.590 Z-2.000 F400.000
G1 X-25.183 Y-172.231 Z-2.000 F400.000
G1 X-25.283 Y-171.990 Z-2.000 F400.000
G1 X-25.390 Y-171.590 Z-2.000 F400.000
G1 X-25.424 Y-171.331 Z-2.000 F400.000
G1 X-25.437 Y-171.124 Z-2.000 F400.000
G1 X-25.435 Y-148.170 Z-2.000 F400.000
G1 X-25.406 Y-147.807 Z-2.000 F400.000
G1 X-25.337 Y-147.450 Z-2.000 F400.000
G1 X-25.230 Y-147.102 Z-2.000 F400.000
G1 X-25.125 Y-146.846 Z-2.000 F400.000
G1 X-21.238 Y-138.510 Z-2.000 F400.000
G1 X-21.215 Y-138.454 Z-2.000 F400.000
G1 X-21.210 Y-138.437 Z-2.000 F400.000
G1 X-21.207 Y-138.419 Z-2.000 F400.000
G1 X-21.204 Y-138.359 Z-2.000 F400.000
G1 X-21.204 Y-135.468 Z-2.000 F400.000
G1 X-21.215 Y-135.359 Z-2.000 F400.000
G1 X-21.224 Y-135.330 Z-2.000 F400.000
G1 X-21.238 Y-135.304 Z-2.000 F400.000
G1 X-21.257 Y-135.280 Z-2.000 F400.000
G1 X-21.281 Y-135.261 Z-2.000 F400.000
G1 X-21.307 Y-135.247 Z-2.000 F400.000
G1 X-21.336 Y-135.238 Z-2.000 F400.000
G1 X-21.445 Y-135.227 Z-2.000 F400.000
G1 X-22.850 Y-135.227 Z-2.000 F400.000
G1 X-23.057 Y-135.213 Z-2.000 F400.000
G1 X-23.316 Y-135.179 Z-2.000 F400.000
G1 X-23.716 Y-135.072 Z-2.000 F400.000
G1 X-23.958 Y-134.972 Z-2.000 F400.000
G1 X-24.316 Y-134.765 Z-2.000 F400.000
G1 X-24.524 Y-134.606 Z-2.000 F400.000
G1 X-24.817 Y-134.313 Z-2.000 F400.000
G1 X-24.975 Y-134.106 Z-2.000 F400.000
G1 X-25.183 Y-133.747 Z-2.000 F400.000
G1 X-25.283 Y-133.506 Z-2.000 F400.000
G1 X-25.390 Y-133.106 Z-2.000 F400.000
G1 X-25.424 Y-132.847 Z-2.000 F400.000
G1 X-25.437 Y-132.640 Z-2.000 F400.000
G1 X-25.435 Y-109.686 Z-2.000 F400.000
G1 X-25.406 Y-109.323 Z-2.000 F400.000
G1 X-25.337 Y-108.966 Z-2.000 F400.000
G1 X-25.230 Y-108.618 Z-2.000 F400.000
G1 X-25.125 Y-108.362 Z-2.000 F400.000
G1 X-21.238 Y-100.026 Z-2.000 F400.000
G1 X-21.215 Y-99.969 Z-2.000 F400.000
G1 X-21.210 Y-99.953 Z-2.000 F400.000
G1 X-21.207 Y-99.935 Z-2.000 F400.000
G1 X-21.204 Y-99.875 Z-2.000 F400.000
G1 X-21.204 Y-96.984 Z-2.000 F400.000
G1 X-21.215 Y-96.875 Z-2.000 F400.000
G1 X-21.224 Y-96.846 Z-2.000 F400.000
G1 X-21.238 Y-96.820 Z-2.000 F400.000
G1 X-21.257 Y-96.796 Z-2.000 F400.000
G1 X-21.281 Y-96.777 Z-2.000 F400.000
G1 X-21.307 Y-96.762 Z-2.000 F400.000
G1 X-21.336 Y-96.754 Z-2.000 F400.000
G1 X-21.445 Y-96.743 Z-2.000 F400.000
G1 X-22.850 Y-96.743 Z-2.000 F400.000
G1 X-23.057 Y-96.729 Z-2.000 F400.000
G1 X-23.316 Y-96.695 Z-2.000 F400.000
G1 X-23.716 Y-96.588 Z-2.000 F400.000
G1 X-23.958 Y-96.488 Z-2.000 F400.000
G1 X-24.316 Y-96.281 Z-2.000 F400.000
G1 X-24.524 Y-96.122 Z-2.000 F400.000
G1 X-24.817 Y-95.829 Z-2.000 F400.000
G1 X-24.975 Y-95.622 Z-2.000 F400.000
G1 X-25.183 Y-95.263 Z-2.000 F400.000
G1 X-25.283 Y-95.022 Z-2.000 F400.000
G1 X-25.390 Y-94.622 Z-2.000 F400.000
G1 X-25.424 Y-94.363 Z-2.000 F400.000
G1 X-25.437 Y-94.156 Z-2.000 F400.000
G1 X-25.435 Y-71.202 Z-2.000 F400.000
G1 X-25.406 Y-70.839 Z-2.000 F400.000
G1 X-25.337 Y-70.482 Z-2.000 F400.000
G1 X-25.230 Y-70.134 Z-2.000 F400.000
G1 X-25.125 Y-69.878 Z-2.000 F400.000
G1 X-21.238 Y-61.542 Z-2.000 F400.000
G1 X-21.215 Y-61.485 Z-2.000 F400.000
G1 X-21.210 Y-61.469 Z-2.000 F400.000
G1 X-21.207 Y-61.451 Z-2.000 F400.000
G1 X-21.204 Y-61.391 Z-2.000 F400.000
G1 X-21.204 Y-58.500 Z-2.000 F400.000
G1 X-21.215 Y-58.391 Z-2.000 F400.000
G1 X-21.224 Y-58.362 Z-2.000 F400.000
G1 X-21.238 Y-58.336 Z-2.000 F400.000
G1 X-21.257 Y-58.312 Z-2.000 F400.000
G1 X-21.281 Y-58.293 Z-2.000 F400.000
G1 X-21.307 Y-58.278 Z-2.000 F400.000
G1 X-21.336 Y-58.270 Z-2.000 F400.000
G1 X-21.445 Y-58.259 Z-2.000 F400.000
G1 X-22.850 Y-58.259 Z-2.000 F400.000
G1 X-23.057 Y-58.245 Z-2.000 F400.000
G1 X-23.316 Y-58.211 Z-2.000 F400.000
G1 X-23.716 Y-58.104 Z-2.000 F400.000
G1 X-23.958 Y-58.004 Z-2.000 F400.000
G1 X-24.316 Y-57.797 Z-2.000 F400.000
G1 X-24.524 Y-57.638 Z-2.000 F400.000
G1 X-24.817 Y-57.345 Z-2.000 F400.000
G1 X-24.975 Y-57.138 Z-2.000 F400.000
G1 X-25.183 Y-56.779 Z-2.000 F400.000
G1 X-25.283 Y-56.538 Z-2.000 F400.000
G1 X-25.390 Y-56.138 Z-2.000 F400.000
G1 X-25.424 Y-55.879 Z-2.000 F400.000
G1 X-25.437 Y-55.672 Z-2.000 F400.000
G1 X-25.435 Y-32.718 Z-2.000 F400.000
G1 X-25.406 Y-32.355 Z-2.000 F400.000
G1 X-25.337 Y-31.998 Z-2.000 F400.000
G1 X-25.230 Y-31.650 Z-2.000 F400.000
G1 X-25.125 Y-31.394 Z-2.000 F400.000
G1 X-21.238 Y-23.058 Z-2.000 F400.000
G1 X-21.215 Y-23.001 Z-2.000 F400.000
G1 X-21.210 Y-22.985 Z-2.000 F400.000
G1 X-21.207 Y-22.967 Z-2.000 F400.000
G1 X-21.204 Y-22.907 Z-2.000 F400.000
G1 X-21.204 Y-20.015 Z-2.000 F400.000
G1 X-21.215 Y-19.907 Z-2.000 F400.000
G1 X-21.224 Y-19.878 Z-2.000 F400.000
G1 X-21.238 Y-19.851 Z-2.000 F400.000
G1 X-21.257 Y-19.828 Z-2.000 F400.000
G1 X-21.281 Y-19.809 Z-2.000 F400.000
G1 X-21.307 Y-19.794 Z-2.000 F400.000
G1 X-21.336 Y-19.786 Z-2.000 F400.000
G1 X-21.445 Y-19.775 Z-2.000 F400.000
G1 X-22.850 Y-19.775 Z-2.000 F400.000
G1 X-23.057 Y-19.761 Z-2.000 F400.000
G1 X-23.316 Y-19.727 Z-2.000 F400.000
G1 X-23.716 Y-19.620 Z-2.000 F400.000
G1 X-23.958 Y-19.520 Z-2.000 F400.000
G1 X-24.316 Y-19.313 Z-2.000 F400.000
G1 X-24.524 Y-19.154 Z-2.000 F400.000
G1 X-24.817 Y-18.861 Z-2.000 F400.000
G1 X-24.975 Y-18.654 Z-2.000 F400.000
G1 X-25.183 Y-18.295 Z-2.000 F400.000
G1 X-25.283 Y-18.054 Z-2.000 F400.000
G1 X-25.390 Y-17.654 Z-2.000 F400.000
G1 X-25.424 Y-17.395 Z-2.000 F400.000
G1 X-25.437 Y-17.188 Z-2.000 F400.000
G1 X-25.437 Y-3.000 Z-2.000 F400.000
G0 Z5.000
G0 X-25.437 Y-228.000
G0 Z3.000
G1 X-25.437 Y-228.000 Z-2.200 F250.000
G1 X-25.430 Y-203.927 Z-2.200 F400.000
G1 X-25.396 Y-203.586 Z-2.200 F400.000
G1 X-25.336 Y-203.281 Z-2.200 F400.000
G1 X-25.236 Y-202.952 Z-2.200 F400.000
G1 X-25.117 Y-202.665 Z-2.200 F400.000
G1 X-24.955 Y-202.362 Z-2.200 F400.000
G1 X-24.782 Y-202.104 Z-2.200 F400.000
G1 X-24.565 Y-201.838 Z-2.200 F400.000
G1 X-24.345 Y-201.618 Z-2.200 F400.000
G1 X-24.079 Y-201.401 Z-2.200 F400.000
G1 X-23.821 Y-201.228 Z-2.200 F400.000
G1 X-23.518 Y-201.066 Z-2.200 F400.000
G1 X-23.231 Y-200.947 Z-2.200 F400.000
G1 X-22.902 Y-200.847 Z-2.200 F400.000
G1 X-22.597 Y-200.787 Z-2.200 F400.000
G1 X-22.100 Y-200.745 Z-2.200 F400.000
G1 X-19.328 Y-200.745 Z-2.200 F400.000
G1 X-19.220 Y-200.735 Z-2.200 F400.000
G1 X-19.191 Y-200.726 Z-2.200 F400.000
G1 X-19.164 Y-200.712 Z-2.200 F400.000
G1 X-19.141 Y-200.692 Z-2.200 F400.000
G1 X-19.121 Y-200.669 Z-2.200 F400.000
G1 X-19.107 Y-200.642 Z-2.200 F400.000
G1 X-19.098 Y-200.613 Z-2.200 F400.000
G1 X-19.088 Y-200.505 Z-2.200 F400.000
G1 X-19.087 Y-198.798 Z-2.200 F400.000
G1 X-19.098 Y-198.690 Z-2.200 F400.000
G1 X-19.107 Y-198.661 Z-2.200 F400.000
G1 X-19.121 Y-198.634 Z-2.200 F400.000
G1 X-19.141 Y-198.611 Z-2.200 F400.000
G1 X-19.164 Y-198.592 Z-2.200 F400.000
G1 X-19.191 Y-198.577 Z-2.200 F400.000
G1 X-19.220 Y-198.569 Z-2.200 F400.000
G1 X-19.330 Y-198.558 Z-2.200 F400.000
G1 X-22.256 Y-198.550 Z-2.200 F400.000
G1 X-22.597 Y-198.517 Z-2.200 F400.000
G1 X-22.902 Y-198.456 Z-2.200 F400.000
G1 X-23.231 Y-198.356 Z-2.200 F400.000
G1 X-23.518 Y-198.237 Z-2.200 F400.000
G1 X-23.821 Y-198.076 Z-2.200 F400.000
G1 X-24.079 Y-197.903 Z-2.200 F400.000
G1 X-24.345 Y-197.685 Z-2.200 F400.000
G1 X-24.565 Y-197.465 Z-2.200 F400.000
G1 X-24.782 Y-197.200 Z-2.200 F400.000
G1 X-24.955 Y-196.941 Z-2.200 F400.000
G1 X-25.117 Y-196.638 Z-2.200 F400.000
G1 X-25.236 Y-196.351 Z-2.200 F400.000
G1 X-25.336 Y-196.023 Z-2.200 F400.000
G1 X-25.396 Y-195.717 Z-2.200 F400.000
G1 X-25.437 Y-195.220 Z-2.200 F400.000
G1 X-25.435 Y-186.654 Z-2.200 F400.000
G1 X-25.406 Y-186.291 Z-2.200 F400.000
G1 X-25.337 Y-185.934 Z-2.200 F400.000
G1 X-25.230 Y-185.586 Z-2.200 F400.000
G1 X-25.125 Y-185.330 Z-2.200 F400.000
G1 X-21.238 Y-176.994 Z-2.200 F400.000
G1 X-21.215 Y-176.938 Z-2.200 F400.000
G1 X-21.210 Y-176.921 Z-2.200 F400.000
G1 X-21.207 Y-176.903 Z-2.200 F400.000
G1 X-21.204 Y-176.843 Z-2.200 F400.000
G1 X-21.204 Y-173.952 Z-2.200 F400.000
G1 X-21.215 Y-173.843 Z-2.200 F400.000
G1 X-21.224 Y-173.814 Z-2.200 F400.000
G1 X-21.238 Y-173.788 Z-2.200 F400.000
G1 X-21.257 Y-173.764 Z-2.200 F400.000
G1 X-21.281 Y-173.745 Z-2.200 F400.000
G1 X-21.307 Y-173.731 Z-2.200 F400.000
G1 X-21.336 Y-173.722 Z-2.200 F400.000
G1 X-21.445 Y-173.711 Z-2.200 F400.000
G1 X-22.850 Y-173.711 Z-2.200 F400.000
G1 X-23.057 Y-173.697 Z-2.200 F400.000
G1 X-23.316 Y-173.663 Z-2.200 F400.000
G1 X-23.716 Y-173.556 Z-2.200 F400.000
G1 X-23.958 Y-173.456 Z-2.200 F400.000
G1 X-24.316 Y-173.249 Z-2.200 F400.000
G1 X-24.524 Y-173.090 Z-2.200 F400.000
G1 X-24.817 Y-172.797 Z-2.200 F400.000
G1 X-24.975 Y-172.590 Z-2.200 F400.000
G1 X-25.183 Y-172.231 Z-2.200 F400.000
G1 X-25.283 Y-171.990 Z-2.200 F400.000
G1 X-25.390 Y-171.590 Z-2.200 F400.000
G1 X-25.424 Y-171.331 Z-2.200 F400.000
G1 X-25.437 Y-171.124 Z-2.200 F400.000
G1 X-25.435 Y-148.170 Z-2.200 F400.000
G1 X-25.406 Y-147.807 Z-2.200 F400.000
G1 X-25.337 Y-147.450 Z-2.200 F400.000
G1 X-25.230 Y-147.102 Z-2.200 F400.000
G1 X-25.125 Y-146.846 Z-2.200 F400.000
G1 X-21.238 Y-138.510 Z-2.200 F400.000
G1 X-21.215 Y-138.454 Z-2.200 F400.000
G1 X-21.210 Y-138.437 Z-2.200 F400.000
G1 X-21.207 Y-138.419 Z-2.200 F400.000
G1 X-21.204 Y-138.359 Z-2.200 F400.000
G1 X-21.204 Y-135.468 Z-2.200 F400.000
G1 X-21.215 Y-135.359 Z-2.200 F400.000
G1 X-21.224 Y-135.330 Z-2.200 F400.000
G1 X-21.238 Y-135.304 Z-2.200 F400.000
G1 X-21.257 Y-135.280 Z-2.200 F400.000
G1 X-21.281 Y-135.261 Z-2.200 F400.000
G1 X-21.307 Y-135.247 Z-2.200 F400.000
G1 X-21.336 Y-135.238 Z-2.200 F400.000
G1 X-21.445 Y-135.227 Z-2.200 F400.000
G1 X-22.850 Y-135.227 Z-2.200 F400.000
G1 X-23.057 Y-135.213 Z-2.200 F400.000
G1 X-23.316 Y-135.179 Z-2.200 F400.000
G1 X-23.716 Y-135.072 Z-2.200 F400.000
G1 X-23.958 Y-134.972 Z-2.200 F400.000
G1 X-24.316 Y-134.765 Z-2.200 F400.000
G1 X-24.524 Y-134.606 Z-2.200 F400.000
G1 X-24.817 Y-134.313 Z-2.200 F400.000
G1 X-24.975 Y-134.106 Z-2.200 F400.000
G1 X-25.183 Y-133.747 Z-2.200 F400.000
G1 X-25.283 Y-133.506 Z-2.200 F400.000
G1 X-25.390 Y-133.106 Z-2.200 F400.000
G1 X-25.424 Y-132.847 Z-2.200 F400.000
G1 X-25.437 Y-132.640 Z-2.200 F400.000
G1 X-25.435 Y-109.686 Z-2.200 F400.000
G1 X-25.406 Y-109.323 Z-2.200 F400.000
G1 X-25.337 Y-108.966 Z-2.200 F400.000
G1 X-25.230 Y-108.618 Z-2.200 F400.000
G1 X-25.125 Y-108.362 Z-2.200 F400.000
G1 X-21.238 Y-100.026 Z-2.200 F400.000
G1 X-21.215 Y-99.969 Z-2.200 F400.000
G1 X-21.210 Y-99.953 Z-2.200 F400.000
G1 X-21.207 Y-99.935 Z-2.200 F400.000
G1 X-21.204 Y-99.875 Z-2.200 F400.000
G1 X-21.204 Y-96.984 Z-2.200 F400.000
G1 X-21.215 Y-96.875 Z-2.200 F400.000
G1 X-21.224 Y-96.846 Z-2.200 F400.000
G1 X-21.238 Y-96.820 Z-2.200 F400.000
G1 X-21.257 Y-96.796 Z-2.200 F400.000
G1 X-21.281 Y-96.777 Z-2.200 F400.000
G1 X-21.307 Y-96.762 Z-2.200 F400.000
G1 X-21.336 Y-96.754 Z-2.200 F400.000
G1 X-21.445 Y-96.743 Z-2.200 F400.000
G1 X-22.850 Y-96.743 Z-2.200 F400.000
G1 X-23.057 Y-96.729 Z-2.200 F400.000
G1 X-23.316 Y-96.695 Z-2.200 F400.000
G1 X-23.716 Y-96.588 Z-2.200 F400.000
G1 X-23.958 Y-96.488 Z-2.200 F400.000
G1 X-24.316 Y-96.281 Z-2.200 F400.000
G1 X-24.524 Y-96.122 Z-2.200 F400.000
G1 X-24.817 Y-95.829 Z-2.200 F400.000
G1 X-24.975 Y-95.622 Z-2.200 F400.000
G1 X-25.183 Y-95.263 Z-2.200 F400.000
G1 X-25.283 Y-95.022 Z-2.200 F400.000
G1 X-25.390 Y-94.622 Z-2.200 F400.000
G1 X-25.424 Y-94.363 Z-2.200 F400.000
G1 X-25.437 Y-94.156 Z-2.200 F400.000
G1 X-25.435 Y-71.202 Z-2.200 F400.000
G1 X-25.406 Y-70.839 Z-2.200 F400.000
G1 X-25.337 Y-70.482 Z-2.200 F400.000
G1 X-25.230 Y-70.134 Z-2.200 F400.000
G1 X-25.125 Y-69.878 Z-2.200 F400.000
G1 X-21.238 Y-61.542 Z-2.200 F400.000
G1 X-21.215 Y-61.485 Z-2.200 F400.000
G1 X-21.210 Y-61.469 Z-2.200 F400.000
G1 X-21.207 Y-61.451 Z-2.200 F400.000
G1 X-21.204 Y-61.391 Z-2.200 F400.000
G1 X-21.204 Y-58.500 Z-2.200 F400.000
G1 X-21.215 Y-58.391 Z-2.200 F400.000
G1 X-21.224 Y-58.362 Z-2.200 F400.000
G1 X-21.238 Y-58.336 Z-2.200 F400.000
G1 X-21.257 Y-58.312 Z-2.200 F400.000
G1 X-21.281 Y-58.293 Z-2.200 F400.000
G1 X-21.307 Y-58.278 Z-2.200 F400.000
G1 X-21.336 Y-58.270 Z-2.200 F400.000
G1 X-21.445 Y-58.259 Z-2.200 F400.000
G1 X-22.850 Y-58.259 Z-2.200 F400.000
G1 X-23.057 Y-58.245 Z-2.200 F400.000
G1 X-23.316 Y-58.211 Z-2.200 F400.000
G1 X-23.716 Y-58.104 Z-2.200 F400.000
G1 X-23.958 Y-58.004 Z-2.200 F400.000
G1 X-24.316 Y-57.797 Z-2.200 F400.000
G1 X-24.524 Y-57.638 Z-2.200 F400.000
G1 X-24.817 Y-57.345 Z-2.200 F400.000
G1 X-24.975 Y-57.138 Z-2.200 F400.000
G1 X-25.183 Y-56.779 Z-2.200 F400.000
G1 X-25.283 Y-56.538 Z-2.200 F400.000
G1 X-25.390 Y-56.138 Z-2.200 F400.000
G1 X-25.424 Y-55.879 Z-2.200 F400.000
G1 X-25.437 Y-55.672 Z-2.200 F400.000
G1 X-25.435 Y-32.718 Z-2.200 F400.000
G1 X-25.406 Y-32.355 Z-2.200 F400.000
G1 X-25.337 Y-31.998 Z-2.200 F400.000
G1 X-25.230 Y-31.650 Z-2.200 F400.000
G1 X-25.125 Y-31.394 Z-2.200 F400.000
G1 X-21.238 Y-23.058 Z-2.200 F400.000
G1 X-21.215 Y-23.001 Z-2.200 F400.000
G1 X-21.210 Y-22.985 Z-2.200 F400.000
G1 X-21.207 Y-22.967 Z-2.200 F400.000
G1 X-21.204 Y-22.907 Z-2.200 F400.000
G1 X-21.204 Y-20.015 Z-2.200 F400.000
G1 X-21.215 Y-19.907 Z-2.200 F400.000
G1 X-21.224 Y-19.878 Z-2.200 F400.000
G1 X-21.238 Y-19.851 Z-2.200 F400.000
G1 X-21.257 Y-19.828 Z-2.200 F400.000
G1 X-21.281 Y-19.809 Z-2.200 F400.000
G1 X-21.307 Y-19.794 Z-2.200 F400.000
G1 X-21.336 Y-19.786 Z-2.200 F400.000
G1 X-21.445 Y-19.775 Z-2.200 F400.000
G1 X-22.850 Y-19.775 Z-2.200 F400.000
G1 X-23.057 Y-19.761 Z-2.200 F400.000
G1 X-23.316 Y-19.727 Z-2.200 F400.000
G1 X-23.716 Y-19.620 Z-2.200 F400.000
G1 X-23.958 Y-19.520 Z-2.200 F400.000
G1 X-24.316 Y-19.313 Z-2.200 F400.000
G1 X-24.524 Y-19.154 Z-2.200 F400.000
G1 X-24.817 Y-18.861 Z-2.200 F400.000
G1 X-24.975 Y-18.654 Z-2.200 F400.000
G1 X-25.183 Y-18.295 Z-2.200 F400.000
G1 X-25.283 Y-18.054 Z-2.200 F400.000
G1 X-25.390 Y-17.654 Z-2.200 F400.000
G1 X-25.424 Y-17.395 Z-2.200 F400.000
G1 X-25.437 Y-17.188 Z-2.200 F400.000
G1 X-25.437 Y-3.000 Z-2.200 F400.000
G0 Z5.000
G0 X-25.437 Y-228.000
G0 Z3.000
G1 X-25.437 Y-228.000 Z-2.400 F250.000
G1 X-25.430 Y-203.927 Z-2.400 F400.000
G1 X-25.396 Y-203.586 Z-2.400 F400.000
G1 X-25.336 Y-203.281 Z-2.400 F400.000
G1 X-25.236 Y-202.952 Z-2.400 F400.000
G1 X-25.117 Y-202.665 Z-2.400 F400.000
G1 X-24.955 Y-202.362 Z-2.400 F400.000
G1 X-24.782 Y-202.104 Z-2.400 F400.000
G1 X-24.565 Y-201.838 Z-2.400 F400.000
G1 X-24.345 Y-201.618 Z-2.400 F400.000
G1 X-24.079 Y-201.401 Z-2.400 F400.000
G1 X-23.821 Y-201.228 Z-2.400 F400.000
G1 X-23.518 Y-201.066 Z-2.400 F400.000
G1 X-23.231 Y-200.947 Z-2.400 F400.000
G1 X-22.902 Y-200.847 Z-2.400 F400.000
G1 X-22.597 Y-200.787 Z-2.400 F400.000
G1 X-22.100 Y-200.745 Z-2.400 F400.000
G1 X-19.328 Y-200.745 Z-2.400 F400.000
G1 X-19.220 Y-200.735 Z-2.400 F400.000
G1 X-19.191 Y-200.726 Z-2.400 F400.000
G1 X-19.164 Y-200.712 Z-2.400 F400.000
G1 X-19.141 Y-200.692 Z-2.400 F400.000
G1 X-19.121 Y-200.669 Z-2.400 F400.000
G1 X-19.107 Y-200.642 Z-2.400 F400.000
G1 X-19.098 Y-200.613 Z-2.400 F400.000
G1 X-19.088 Y-200.505 Z-2.400 F400.000
G1 X-19.087 Y-198.798 Z-2.400 F400.000
G1 X-19.098 Y-198.690 Z-2.400 F400.000
G1 X-19.107 Y-198.661 Z-2.400 F400.000
G1 X-19.121 Y-198.634 Z-2.400 F400.000
G1 X-19.141 Y-198.611 Z-2.400 F400.000
G1 X-19.164 Y-198.592 Z-2.400 F400.000
G1 X-19.191 Y-198.577 Z-2.400 F400.000
G1 X-19.220 Y-198.569 Z-2.400 F400.000
G1 X-19.330 Y-198.558 Z-2.400 F400.000
G1 X-22.256 Y-198.550 Z-2.400 F400.000
G1 X-22.597 Y-198.517 Z-2.400 F400.000
G1 X-22.902 Y-198.456 Z-2.400 F400.000
G1 X-23.231 Y-198.356 Z-2.400 F400.000
G1 X-23.518 Y-198.237 Z-2.400 F400.000
G1 X-23.821 Y-198.076 Z-2.400 F400.000
G1 X-24.079 Y-197.903 Z-2.400 F400.000
G1 X-24.345 Y-197.685 Z-2.400 F400.000
G1 X-24.565 Y-197.465 Z-2.400 F400.000
G1 X-24.782 Y-197.200 Z-2.400 F400.000
G1 X-24.955 Y-196.941 Z-2.400 F400.000
G1 X-25.117 Y-196.638 Z-2.400 F400.000
G1 X-25.236 Y-196.351 Z-2.400 F400.000
G1 X-25.336 Y-196.023 Z-2.400 F400.000
G1 X-25.396 Y-195.717 Z-2.400 F400.000
G1 X-25.437 Y-195.220 Z-2.400 F400.000
G1 X-25.435 Y-186.654 Z-2.400 F400.000
G1 X-25.406 Y-186.291 Z-2.400 F400.000
G1 X-25.337 Y-185.934 Z-2.400 F400.000
G1 X-25.230 Y-185.586 Z-2.400 F400.000
G1 X-25.125 Y-185.330 Z-2.400 F400.000
G1 X-21.238 Y-176.994 Z-2.400 F400.000
G1 X-21.215 Y-176.938 Z-2.400 F400.000
G1 X-21.210 Y-176.921 Z-2.400 F400.000
G1 X-21.207 Y-176.903 Z-2.400 F400.000
G1 X-21.204 Y-176.843 Z-2.400 F400.000
G1 X-21.204 Y-173.952 Z-2.400 F400.000
G1 X-21.215 Y-173.843 Z-2.400 F400.000
G1 X-21.224 Y-173.814 Z-2.400 F400.000
G1 X-21.238 Y-173.788 Z-2.400 F400.000
G1 X-21.257 Y-173.764 Z-2.400 F400.000
G1 X-21.281 Y-173.745 Z-2.400 F400.000
G1 X-21.307 Y-173.731 Z-2.400 F400.000
G1 X-21.336 Y-173.722 Z-2.400 F400.000
G1 X-21.445 Y-173.711 Z-2.400 F400.000
G1 X-22.850 Y-173.711 Z-2.400 F400.000
G1 X-23.057 Y-173.697 Z-2.400 F400.000
G1 X-23.316 Y-173.663 Z-2.400 F400.000
G1 X-23.716 Y-173.556 Z-2.400 F400.000
G1 X-23.958 Y-173.456 Z-2.400 F400.000
G1 X-24.316 Y-173.249 Z-2.400 F400.000
G1 X-24.524 Y-173.090 Z-2.400 F400.000
G1 X-24.817 Y-172.797 Z-2.400 F400.000
G1 X-24.975 Y-172.590 Z-2.400 F400.000
G1 X-25.183 Y-172.231 Z-2.400 F400.000
G1 X-25.283 Y-171.990 Z-2.400 F400.000
G1 X-25.390 Y-171.590 Z-2.400 F400.000
G1 X-25.424 Y-171.331 Z-2.400 F400.000
G1 X-25.437 Y-171.124 Z-2.400 F400.000
G1 X-25.435 Y-148.170 Z-2.400 F400.000
G1 X-25.406 Y-147.807 Z-2.400 F400.000
G1 X-25.337 Y-147.450 Z-2.400 F400.000
G1 X-25.230 Y-147.102 Z-2.400 F400.000
G1 X-25.125 Y-146.846 Z-2.400 F400.000
G1 X-21.238 Y-138.510 Z-2.400 F400.000
G1 X-21.215 Y-138.454 Z-2.400 F400.000
G1 X-21.210 Y-138.437 Z-2.400 F400.000
G1 X-21.207 Y-138.419 Z-2.400 F400.000
G1 X-21.204 Y-138.359 Z-2.400 F400.000
G1 X-21.204 Y-135.468 Z-2.400 F400.000
G1 X-21.215 Y-135.359 Z-2.400 F400.000
G1 X-21.224 Y-135.330 Z-2.400 F400.000
G1 X-21.238 Y-135.304 Z-2.400 F400.000
G1 X-21.257 Y-135.280 Z-2.400 F400.000
G1 X-21.281 Y-135.261 Z-2.400 F400.000
G1 X-21.307 Y-135.247 Z-2.400 F400.000
G1 X-21.336 Y-135.238 Z-2.400 F400.000
G1 X-21.445 Y-135.227 Z-2.400 F400.000
G1 X-22.850 Y-135.227 Z-2.400 F400.000
G1 X-23.057 Y-135.213 Z-2.400 F400.000
G1 X-23.316 Y-135.179 Z-2.400 F400.000
G1 X-23.716 Y-135.072 Z-2.400 F400.000
G1 X-23.958 Y-134.972 Z-2.400 F400.000
G1 X-24.316 Y-134.765 Z-2.400 F400.000
G1 X-24.524 Y-134.606 Z-2.400 F400.000
G1 X-24.817 Y-134.313 Z-2.400 F400.000
G1 X-24.975 Y-134.106 Z-2.400 F400.000
G1 X-25.183 Y-133.747 Z-2.400 F400.000
G1 X-25.283 Y-133.506 Z-2.400 F400.000
G1 X-25.390 Y-133.106 Z-2.400 F400.000
G1 X-25.424 Y-132.847 Z-2.400 F400.000
G1 X-25.437 Y-132.640 Z-2.400 F400.000
G1 X-25.435 Y-109.686 Z-2.400 F400.000
G1 X-25.406 Y-109.323 Z-2.400 F400.000
G1 X-25.337 Y-108.966 Z-2.400 F400.000
G1 X-25.230 Y-108.618 Z-2.400 F400.000
G1 X-25.125 Y-108.362 Z-2.400 F400.000
G1 X-21.238 Y-100.026 Z-2.400 F400.000
G1 X-21.215 Y-99.969 Z-2.400 F400.000
G1 X-21.210 Y-99.953 Z-2.400 F400.000
G1 X-21.207 Y-99.935 Z-2.400 F400.000
G1 X-21.204 Y-99.875 Z-2.400 F400.000
G1 X-21.204 Y-96.984 Z-2.400 F400.000
G1 X-21.215 Y-96.875 Z-2.400 F400.000
G1 X-21.224 Y-96.846 Z-2.400 F400.000
G1 X-21.238 Y-96.820 Z-2.400 F400.000
G1 X-21.257 Y-96.796 Z-2.400 F400.000
G1 X-21.281 Y-96.777 Z-2.400 F400.000
G1 X-21.307 Y-96.762 Z-2.400 F400.000
G1 X-21.336 Y-96.754 Z-2.400 F400.000
G1 X-21.445 Y-96.743 Z-2.400 F400.000
G1 X-22.850 Y-96.743 Z-2.400 F400.000
G1 X-23.057 Y-96.729 Z-2.400 F400.000
G1 X-23.316 Y-96.695 Z-2.400 F400.000
G1 X-23.716 Y-96.588 Z-2.400 F400.000
G1 X-23.958 Y-96.488 Z-2.400 F400.000
G1 X-24.316 Y-96.281 Z-2.400 F400.000
G1 X-24.524 Y-96.122 Z-2.400 F400.000
G1 X-24.817 Y-95.829 Z-2.400 F400.000
G1 X-24.975 Y-95.622 Z-2.400 F400.000
G1 X-25.183 Y-95.263 Z-2.400 F400.000
G1 X-25.283 Y-95.022 Z-2.400 F400.000
G1 X-25.390 Y-94.622 Z-2.400 F400.000
G1 X-25.424 Y-94.363 Z-2.400 F400.000
G1 X-25.437 Y-94.156 Z-2.400 F400.000
G1 X-25.435 Y-71.202 Z-2.400 F400.000
G1 X-25.406 Y-70.839 Z-2.400 F400.000
G1 X-25.337 Y-70.482 Z-2.400 F400.000
G1 X-25.230 Y-70.134 Z-2.400 F400.000
G1 X-25.125 Y-69.878 Z-2.400 F400.000
G1 X-21.238 Y-61.542 Z-2.400 F400.000
G1 X-21.215 Y-61.485 Z-2.400 F400.000
G1 X-21.210 Y-61.469 Z-2.400 F400.000
G1 X-21.207 Y-61.451 Z-2.400 F400.000
G1 X-21.204 Y-61.391 Z-2.400 F400.000
G1 X-21.204 Y-58.500 Z-2.400 F400.000
G1 X-21.215 Y-58.391 Z-2.400 F400.000
G1 X-21.224 Y-58.362 Z-2.400 F400.000
G1 X-21.238 Y-58.336 Z-2.400 F400.000
G1 X-21.257 Y-58.312 Z-2.400 F400.000
G1 X-21.281 Y-58.293 Z-2.400 F400.000
G1 X-21.307 Y-58.278 Z-2.400 F400.000
G1 X-21.336 Y-58.270 Z-2.400 F400.000
G1 X-21.445 Y-58.259 Z-2.400 F400.000
G1 X-22.850 Y-58.259 Z-2.400 F400.000
G1 X-23.057 Y-58.245 Z-2.400 F400.000
G1 X-23.316 Y-58.211 Z-2.400 F400.000
G1 X-23.716 Y-58.104 Z-2.400 F400.000
G1 X-23.958 Y-58.004 Z-2.400 F400.000
G1 X-24.316 Y-57.797 Z-2.400 F400.000
G1 X-24.524 Y-57.638 Z-2.400 F400.000
G1 X-24.817 Y-57.345 Z-2.400 F400.000
G1 X-24.975 Y-57.138 Z-2.400 F400.000
G1 X-25.183 Y-56.779 Z-2.400 F400.000
G1 X-25.283 Y-56.538 Z-2.400 F400.000
G1 X-25.390 Y-56.138 Z-2.400 F400.000
G1 X-25.424 Y-55.879 Z-2.400 F400.000
G1 X-25.437 Y-55.672 Z-2.400 F400.000
G1 X-25.435 Y-32.718 Z-2.400 F400.000
G1 X-25.406 Y-32.355 Z-2.400 F400.000
G1 X-25.337 Y-31.998 Z-2.400 F400.000
G1 X-25.230 Y-31.650 Z-2.400 F400.000
G1 X-25.125 Y-31.394 Z-2.400 F400.000
G1 X-21.238 Y-23.058 Z-2.400 F400.000
G1 X-21.215 Y-23.001 Z-2.400 F400.000
G1 X-21.210 Y-22.985 Z-2.400 F400.000
G1 X-21.207 Y-22.967 Z-2.400 F400.000
G1 X-21.204 Y-22.907 Z-2.400 F400.000
G1 X-21.204 Y-20.015 Z-2.400 F400.000
G1 X-21.215 Y-19.907 Z-2.400 F400.000
G1 X-21.224 Y-19.878 Z-2.400 F400.000
G1 X-21.238 Y-19.851 Z-2.400 F400.000
G1 X-21.257 Y-19.828 Z-2.400 F400.000
G1 X-21.281 Y-19.809 Z-2.400 F400.000
G1 X-21.307 Y-19.794 Z-2.400 F400.000
G1 X-21.336 Y-19.786 Z-2.400 F400.000
G1 X-21.445 Y-19.775 Z-2.400 F400.000
G1 X-22.850 Y-19.775 Z-2.400 F400.000
G1 X-23.057 Y-19.761 Z-2.400 F400.000
G1 X-23.316 Y-19.727 Z-2.400 F400.000
G1 X-23.716 Y-19.620 Z-2.400 F400.000
G1 X-23.958 Y-19.520 Z-2.400 F400.000
G1 X-24.316 Y-19.313 Z-2.400 F400.000
G1 X-24.524 Y-19.154 Z-2.400 F400.000
G1 X-24.817 Y-18.861 Z-2.400 F400.000
G1 X-24.975 Y-18.654 Z-2.400 F400.000
G1 X-25.183 Y-18.295 Z-2.400 F400.000
G1 X-25.283 Y-18.054 Z-2.400 F400.000
G1 X-25.390 Y-17.654 Z-2.400 F400.000
G1 X-25.424 Y-17.395 Z-2.400 F400.000
G1 X-25.437 Y-17.188 Z-2.400 F400.000
G1 X-25.437 Y-3.000 Z-2.400 F400.000
G0 Z5.000
G0 X-25.437 Y-228.000
G0 Z3.000
G1 X-25.437 Y-228.000 Z-2.600 F250.000
G1 X-25.430 Y-203.927 Z-2.600 F400.000
G1 X-25.396 Y-203.586 Z-2.600 F400.000
G1 X-25.336 Y-203.281 Z-2.600 F400.000
G1 X-25.236 Y-202.952 Z-2.600 F400.000
G1 X-25.117 Y-202.665 Z-2.600 F400.000
G1 X-24.955 Y-202.362 Z-2.600 F400.000
G1 X-24.782 Y-202.104 Z-2.600 F400.000
G1 X-24.565 Y-201.838 Z-2.600 F400.000
G1 X-24.345 Y-201.618 Z-2.600 F400.000
G1 X-24.079 Y-201.401 Z-2.600 F400.000
G1 X-23.821 Y-201.228 Z-2.600 F400.000
G1 X-23.518 Y-201.066 Z-2.600 F400.000
G1 X-23.231 Y-200.947 Z-2.600 F400.000
G1 X-22.902 Y-200.847 Z-2.600 F400.000
G1 X-22.597 Y-200.787 Z-2.600 F400.000
G1 X-22.100 Y-200.745 Z-2.600 F400.000
G1 X-19.328 Y-200.745 Z-2.600 F400.000
G1 X-19.220 Y-200.735 Z-2.600 F400.000
G1 X-19.191 Y-200.726 Z-2.600 F400.000
G1 X-19.164 Y-200.712 Z-2.600 F400.000
G1 X-19.141 Y-200.692 Z-2.600 F400.000
G1 X-19.121 Y-200.669 Z-2.600 F400.000
G1 X-19.107 Y-200.642 Z-2.600 F400.000
G1 X-19.098 Y-200.613 Z-2.600 F400.000
G1 X-19.088 Y-200.505 Z-2.600 F400.000
G1 X-19.087 Y-198.798 Z-2.600 F400.000
G1 X-19.098 Y-198.690 Z-2.600 F400.000
G1 X-19.107 Y-198.661 Z-2.600 F400.000
G1 X-19.121 Y-198.634 Z-2.600 F400.000
G1 X-19.141 Y-198.611 Z-2.600 F400.000
G1 X-19.164 Y-198.592 Z-2.600 F400.000
G1 X-19.191 Y-198.577 Z-2.600 F400.000
G1 X-19.220 Y-198.569 Z-2.600 F400.000
G1 X-19.330 Y-198.558 Z-2.600 F400.000
G1 X-22.256 Y-198.550 Z-2.600 F400.000
G1 X-22.597 Y-198.517 Z-2.600 F400.000
G1 X-22.902 Y-198.456 Z-2.600 F400.000
G1 X-23.231 Y-198.356 Z-2.600 F400.000
G1 X-23.518 Y-198.237 Z-2.600 F400.000
G1 X-23.821 Y-198.076 Z-2.600 F400.000
G1 X-24.079 Y-197.903 Z-2.600 F400.000
G1 X-24.345 Y-197.685 Z-2.600 F400.000
G1 X-24.565 Y-197.465 Z-2.600 F400.000
G1 X-24.782 Y-197.200 Z-2.600 F400.000
G1 X-24.955 Y-196.941 Z-2.600 F400.000
G1 X-25.117 Y-196.638 Z-2.600 F400.000
G1 X-25.236 Y-196.351 Z-2.600 F400.000
G1 X-25.336 Y-196.023 Z-2.600 F400.000
G1 X-25.396 Y-195.717 Z-2.600 F400.000
G1 X-25.437 Y-195.220 Z-2.600 F400.000
G1 X-25.435 Y-186.654 Z-2.600 F400.000
G1 X-25.406 Y-186.291 Z-2.600 F400.000
G1 X-25.337 Y-185.934 Z-2.600 F400.000
G1 X-25.230 Y-185.586 Z-2.600 F400.000
G1 X-25.125 Y-185.330 Z-2.600 F400.000
G1 X-21.238 Y-176.994 Z-2.600 F400.000
G1 X-21.215 Y-176.938 Z-2.600 F400.000
G1 X-21.210 Y-176.921 Z-2.600 F400.000
G1 X-21.207 Y-176.903 Z-2.600 F400.000
G1 X-21.204 Y-176.843 Z-2.600 F400.000
G1 X-21.204 Y-173.952 Z-2.600 F400.000
G1 X-21.215 Y-173.843 Z-2.600 F400.000
G1 X-21.224 Y-173.814 Z-2.600 F400.000
G1 X-21.238 Y-173.788 Z-2.600 F400.000
G1 X-21.257 Y-173.764 Z-2.600 F400.000
G1 X-21.281 Y-173.745 Z-2.600 F400.000
G1 X-21.307 Y-173.731 Z-2.600 F400.000
G1 X-21.336 Y-173.722 Z-2.600 F400.000
G1 X-21.445 Y-173.711 Z-2.600 F400.000
G1 X-22.850 Y-173.711 Z-2.600 F400.000
G1 X-23.057 Y-173.697 Z-2.600 F400.000
G1 X-23.316 Y-173.663 Z-2.600 F400.000
G1 X-23.716 Y-173.556 Z-2.600 F400.000
G1 X-23.958 Y-173.456 Z-2.600 F400.000
G1 X-24.316 Y-173.249 Z-2.600 F400.000
G1 X-24.524 Y-173.090 Z-2.600 F400.000
G1 X-24.817 Y-172.797 Z-2.600 F400.000
G1 X-24.975 Y-172.590 Z-2.600 F400.000
G1 X-25.183 Y-172.231 Z-2.600 F400.000
G1 X-25.283 Y-171.990 Z-2.600 F400.000
G1 X-25.390 Y-171.590 Z-2.600 F400.000
G1 X-25.424 Y-171.331 Z-2.600 F400.000
G1 X-25.437 Y-171.124 Z-2.600 F400.000
G1 X-25.435 Y-148.170 Z-2.600 F400.000
G1 X-25.406 Y-147.807 Z-2.600 F400.000
G1 X-25.337 Y-147.450 Z-2.600 F400.000
G1 X-25.230 Y-147.102 Z-2.600 F400.000
G1 X-25.125 Y-146.846 Z-2.600 F400.000
G1 X-21.238 Y-138.510 Z-2.600 F400.000
G1 X-21.215 Y-138.454 Z-2.600 F400.000
G1 X-21.210 Y-138.437 Z-2.600 F400.000
G1 X-21.207 Y-138.419 Z-2.600 F400.000
G1 X-21.204 Y-138.359 Z-2.600 F400.000
G1 X-21.204 Y-135.468 Z-2.600 F400.000
G1 X-21.215 Y-135.359 Z-2.600 F400.000
G1 X-21.224 Y-135.330 Z-2.600 F400.000
G1 X-21.238 Y-135.304 Z-2.600 F400.000
G1 X-21.257 Y-135.280 Z-2.600 F400.000
G1 X-21.281 Y-135.261 Z-2.600 F400.000
G1 X-21.307 Y-135.247 Z-2.600 F400.000
G1 X-21.336 Y-135.238 Z-2.600 F400.000
G1 X-21.445 Y-135.227 Z-2.600 F400.000
G1 X-22.850 Y-135.227 Z-2.600 F400.000
G1 X-23.057 Y-135.213 Z-2.600 F400.000
G1 X-23.316 Y-135.179 Z-2.600 F400.000
G1 X-23.716 Y-135.072 Z-2.600 F400.000
G1 X-23.958 Y-134.972 Z-2.600 F400.000
G1 X-24.316 Y-134.765 Z-2.600 F400.000
G1 X-24.524 Y-134.606 Z-2.600 F400.000
G1 X-24.817 Y-134.313 Z-2.600 F400.000
G1 X-24.975 Y-134.106 Z-2.600 F400.000
G1 X-25.183 Y-133.747 Z-2.600 F400.000
G1 X-25.283 Y-133.506 Z-2.600 F400.000
G1 X-25.390 Y-133.106 Z-2.600 F400.000
G1 X-25.424 Y-132.847 Z-2.600 F400.000
G1 X-25.437 Y-132.640 Z-2.600 F400.000
G1 X-25.435 Y-109.686 Z-2.600 F400.000
G1 X-25.406 Y-109.323 Z-2.600 F400.000
G1 X-25.337 Y-108.966 Z-2.600 F400.000
G1 X-25.230 Y-108.618 Z-2.600 F400.000
G1 X-25.125 Y-108.362 Z-2.600 F400.000
G1 X-21.238 Y-100.026 Z-2.600 F400.000
G1 X-21.215 Y-99.969 Z-2.600 F400.000
G1 X-21.210 Y-99.953 Z-2.600 F400.000
G1 X-21.207 Y-99.935 Z-2.600 F400.000
G1 X-21.204 Y-99.875 Z-2.600 F400.000
G1 X-21.204 Y-96.984 Z-2.600 F400.000
G1 X-21.215 Y-96.875 Z-2.600 F400.000
G1 X-21.224 Y-96.846 Z-2.600 F400.000
G1 X-21.238 Y-96.820 Z-2.600 F400.000
G1 X-21.257 Y-96.796 Z-2.600 F400.000
G1 X-21.281 Y-96.777 Z-2.600 F400.000
G1 X-21.307 Y-96.762 Z-2.600 F400.000
G1 X-21.336 Y-96.754 Z-2.600 F400.000
G1 X-21.445 Y-96.743 Z-2.600 F400.000
G1 X-22.850 Y-96.743 Z-2.600 F400.000
G1 X-23.057 Y-96.729 Z-2.600 F400.000
G1 X-23.316 Y-96.695 Z-2.600 F400.000
G1 X-23.716 Y-96.588 Z-2.600 F400.000
G1 X-23.958 Y-96.488 Z-2.600 F400.000
G1 X-24.316 Y-96.281 Z-2.600 F400.000
G1 X-24.524 Y-96.122 Z-2.600 F400.000
G1 X-24.817 Y-95.829 Z-2.600 F400.000
G1 X-24.975 Y-95.622 Z-2.600 F400.000
G1 X-25.183 Y-95.263 Z-2.600 F400.000
G1 X-25.283 Y-95.022 Z-2.600 F400.000
G1 X-25.390 Y-94.622 Z-2.600 F400.000
G1 X-25.424 Y-94.363 Z-2.600 F400.000
G1 X-25.437 Y-94.156 Z-2.600 F400.000
G1 X-25.435 Y-71.202 Z-2.600 F400.000
G1 X-25.406 Y-70.839 Z-2.600 F400.000
G1 X-25.337 Y-70.482 Z-2.600 F400.000
G1 X-25.230 Y-70.134 Z-2.600 F400.000
G1 X-25.125 Y-69.878 Z-2.600 F400.000
G1 X-21.238 Y-61.542 Z-2.600 F400.000
G1 X-21.215 Y-61.485 Z-2.600 F400.000
G1 X-21.210 Y-61.469 Z-2.600 F400.000
G1 X-21.207 Y-61.451 Z-2.600 F400.000
G1 X-21.204 Y-61.391 Z-2.600 F400.000
G1 X-21.204 Y-58.500 Z-2.600 F400.000
G1 X-21.215 Y-58.391 Z-2.600 F400.000
G1 X-21.224 Y-58.362 Z-2.600 F400.000
G1 X-21.238 Y-58.336 Z-2.600 F400.000
G1 X-21.257 Y-58.312 Z-2.600 F400.000
G1 X-21.281 Y-58.293 Z-2.600 F400.000
G1 X-21.307 Y-58.278 Z-2.600 F400.000
G1 X-21.336 Y-58.270 Z-2.600 F400.000
G1 X-21.445 Y-58.259 Z-2.600 F400.000
G1 X-22.850 Y-58.259 Z-2.600 F400.000
G1 X-23.057 Y-58.245 Z-2.600 F400.000
G1 X-23.316 Y-58.211 Z-2.600 F400.000
G1 X-23.716 Y-58.104 Z-2.600 F400.000
G1 X-23.958 Y-58.004 Z-2.600 F400.000
G1 X-24.316 Y-57.797 Z-2.600 F400.000
G1 X-24.524 Y-57.638 Z-2.600 F400.000
G1 X-24.817 Y-57.345 Z-2.600 F400.000
G1 X-24.975 Y-57.138 Z-2.600 F400.000
G1 X-25.183 Y-56.779 Z-2.600 F400.000
G1 X-25.283 Y-56.538 Z-2.600 F400.000
G1 X-25.390 Y-56.138 Z-2.600 F400.000
G1 X-25.424 Y-55.879 Z-2.600 F400.000
G1 X-25.437 Y-55.672 Z-2.600 F400.000
G1 X-25.435 Y-32.718 Z-2.600 F400.000
G1 X-25.406 Y-32.355 Z-2.600 F400.000
G1 X-25.337 Y-31.998 Z-2.600 F400.000
G1 X-25.230 Y-31.650 Z-2.600 F400.000
G1 X-25.125 Y-31.394 Z-2.600 F400.000
G1 X-21.238 Y-23.058 Z-2.600 F400.000
G1 X-21.215 Y-23.001 Z-2.600 F400.000
G1 X-21.210 Y-22.985 Z-2.600 F400.000
G1 X-21.207 Y-22.967 Z-2.600 F400.000
G1 X-21.204 Y-22.907 Z-2.600 F400.000
G1 X-21.204 Y-20.015 Z-2.600 F400.000
G1 X-21.215 Y-19.907 Z-2.600 F400.000
G1 X-21.224 Y-19.878 Z-2.600 F400.000
G1 X-21.238 Y-19.851 Z-2.600 F400.000
G1 X-21.257 Y-19.828 Z-2.600 F400.000
G1 X-21.281 Y-19.809 Z-2.600 F400.000
G1 X-21.307 Y-19.794 Z-2.600 F400.000
G1 X-21.336 Y-19.786 Z-2.600 F400.000
G1 X-21.445 Y-19.775 Z-2.600 F400.000
G1 X-22.850 Y-19.775 Z-2.600 F400.000
G1 X-23.057 Y-19.761 Z-2.600 F400.000
G1 X-23.316 Y-19.727 Z-2.600 F400.000
G1 X-23.716 Y-19.620 Z-2.600 F400.000
G1 X-23.958 Y-19.520 Z-2.600 F400.000
G1 X-24.316 Y-19.313 Z-2.600 F400.000
G1 X-24.524 Y-19.154 Z-2.600 F400.000
G1 X-24.817 Y-18.861 Z-2.600 F400.000
G1 X-24.975 Y-18.654 Z-2.600 F400.000
G1 X-25.183 Y-18.295 Z-2.600 F400.000
G1 X-25.283 Y-18.054 Z-2.600 F400.000
G1 X-25.390 Y-17.654 Z-2.600 F400.000
G1 X-25.424 Y-17.395 Z-2.600 F400.000
G1 X-25.437 Y-17.188 Z-2.600 F400.000
G1 X-25.437 Y-3.000 Z-2.600 F400.000
G0 Z5.000
G0 X-25.437 Y-228.000
G0 Z3.000
G1 X-25.437 Y-228.000 Z-2.800 F250.000
G1 X-25.430 Y-203.927 Z-2.800 F400.000
G1 X-25.396 Y-203.586 Z-2.800 F400.000
G1 X-25.336 Y-203.281 Z-2.800 F400.000
G1 X-25.236 Y-202.952 Z-2.800 F400.000
G1 X-25.117 Y-202.665 Z-2.800 F400.000
G1 X-24.955 Y-202.362 Z-2.800 F400.000
G1 X-24.782 Y-202.104 Z-2.800 F400.000
G1 X-24.565 Y-201.838 Z-2.800 F400.000
G1 X-24.345 Y-201.618 Z-2.800 F400.000
G1 X-24.079 Y-201.401 Z-2.800 F400.000
G1 X-23.821 Y-201.228 Z-2.800 F400.000
G1 X-23.518 Y-201.066 Z-2.800 F400.000
G1 X-23.231 Y-200.947 Z-2.800 F400.000
G1 X-22.902 Y-200.847 Z-2.800 F400.000
G1 X-22.597 Y-200.787 Z-2.800 F400.000
G1 X-22.100 Y-200.745 Z-2.800 F400.000
G1 X-19.328 Y-200.745 Z-2.800 F400.000
G1 X-19.220 Y-200.735 Z-2.800 F400.000
G1 X-19.191 Y-200.726 Z-2.800 F400.000
G1 X-19.164 Y-200.712 Z-2.800 F400.000
G1 X-19.141 Y-200.692 Z-2.800 F400.000
G1 X-19.121 Y-200.669 Z-2.800 F400.000
G1 X-19.107 Y-200.642 Z-2.800 F400.000
G1 X-19.098 Y-200.613 Z-2.800 F400.000
G1 X-19.088 Y-200.505 Z-2.800 F400.000
G1 X-19.087 Y-198.798 Z-2.800 F400.000
G1 X-19.098 Y-198.690 Z-2.800 F400.000
G1 X-19.107 Y-198.661 Z-2.800 F400.000
G1 X-19.121 Y-198.634 Z-2.800 F400.000
G1 X-19.141 Y-198.611 Z-2.800 F400.000
G1 X-19.164 Y-198.592 Z-2.800 F400.000
G1 X-19.191 Y-198.577 Z-2.800 F400.000
G1 X-19.220 Y-198.569 Z-2.800 F400.000
G1 X-19.330 Y-198.558 Z-2.800 F400.000
G1 X-22.256 Y-198.550 Z-2.800 F400.000
G1 X-22.597 Y-198.517 Z-2.800 F400.000
G1 X-22.902 Y-198.456 Z-2.800 F400.000
G1 X-23.231 Y-198.356 Z-2.800 F400.000
G1 X-23.518 Y-198.237 Z-2.800 F400.000
G1 X-23.821 Y-198.076 Z-2.800 F400.000
G1 X-24.079 Y-197.903 Z-2.800 F400.000
G1 X-24.345 Y-197.685 Z-2.800 F400.000
G1 X-24.565 Y-197.465 Z-2.800 F400.000
G1 X-24.782 Y-197.200 Z-2.800 F400.000
G1 X-24.955 Y-196.941 Z-2.800 F400.000
G1 X-25.117 Y-196.638 Z-2.800 F400.000
G1 X-25.236 Y-196.351 Z-2.800 F400.000
G1 X-25.336 Y-196.023 Z-2.800 F400.000
G1 X-25.396 Y-195.717 Z-2.800 F400.000
G1 X-25.437 Y-195.220 Z-2.800 F400.000
G1 X-25.435 Y-186.654 Z-2.800 F400.000
G1 X-25.406 Y-186.291 Z-2.800 F400.000
G1 X-25.337 Y-185.934 Z-2.800 F400.000
G1 X-25.230 Y-185.586 Z-2.800 F400.000
G1 X-25.125 Y-185.330 Z-2.800 F400.000
G1 X-21.238 Y-176.994 Z-2.800 F400.000
G1 X-21.215 Y-176.938 Z-2.800 F400.000
G1 X-21.210 Y-176.921 Z-2.800 F400.000
G1 X-21.207 Y-176.903 Z-2.800 F400.000
G1 X-21.204 Y-176.843 Z-2.800 F400.000
G1 X-21.204 Y-173.952 Z-2.800 F400.000
G1 X-21.215 Y-173.843 Z-2.800 F400.000
G1 X-21.224 Y-173.814 Z-2.800 F400.000
G1 X-21.238 Y-173.788 Z-2.800 F400.000
G1 X-21.257 Y-173.764 Z-2.800 F400.000
G1 X-21.281 Y-173.745 Z-2.800 F400.000
G1 X-21.307 Y-173.731 Z-2.800 F400.000
G1 X-21.336 Y-173.722 Z-2.800 F400.000
G1 X-21.445 Y-173.711 Z-2.800 F400.000
G1 X-22.850 Y-173.711 Z-2.800 F400.000
G1 X-23.057 Y-173.697 Z-2.800 F400.000
G1 X-23.316 Y-173.663 Z-2.800 F400.000
G1 X-23.716 Y-173.556 Z-2.800 F400.000
G1 X-23.958 Y-173.456 Z-2.800 F400.000
G1 X-24.316 Y-173.249 Z-2.800 F400.000
G1 X-24.524 Y-173.090 Z-2.800 F400.000
G1 X-24.817 Y-172.797 Z-2.800 F400.000
G1 X-24.975 Y-172.590 Z-2.800 F400.000
G1 X-25.183 Y-172.231 Z-2.800 F400.000
G1 X-25.283 Y-171.990 Z-2.800 F400.000
G1 X-25.390 Y-171.590 Z-2.800 F400.000
G1 X-25.424 Y-171.331 Z-2.800 F400.000
G1 X-25.437 Y-171.124 Z-2.800 F400.000
G1 X-25.435 Y-148.170 Z-2.800 F400.000
G1 X-25.406 Y-147.807 Z-2.800 F400.000
G1 X-25.337 Y-147.450 Z-2.800 F400.000
G1 X-25.230 Y-147.102 Z-2.800 F400.000
G1 X-25.125 Y-146.846 Z-2.800 F400.000
G1 X-21.238 Y-138.510 Z-2.800 F400.000
G1 X-21.215 Y-138.454 Z-2.800 F400.000
G1 X-21.210 Y-138.437 Z-2.800 F400.000
G1 X-21.207 Y-138.419 Z-2.800 F400.000
G1 X-21.204 Y-138.359 Z-2.800 F400.000
G1 X-21.204 Y-135.468 Z-2.800 F400.000
G1 X-21.215 Y-135.359 Z-2.800 F400.000
G1 X-21.224 Y-135.330 Z-2.800 F400.000
G1 X-21.238 Y-135.304 Z-2.800 F400.000
G1 X-21.257 Y-135.280 Z-2.800 F400.000
G1 X-21.281 Y-135.261 Z-2.800 F400.000
G1 X-21.307 Y-135.247 Z-2.800 F400.000
G1 X-21.336 Y-135.238 Z-2.800 F400.000
G1 X-21.445 Y-135.227 Z-2.800 F400.000
G1 X-22.850 Y-135.227 Z-2.800 F400.000
G1 X-23.057 Y-135.213 Z-2.800 F400.000
G1 X-23.316 Y-135.179 Z-2.800 F400.000
G1 X-23.716 Y-135.072 Z-2.800 F400.000
G1 X-23.958 Y-134.972 Z-2.800 F400.000
G1 X-24.316 Y-134.765 Z-2.800 F400.000
G1 X-24.524 Y-134.606 Z-2.800 F400.000
G1 X-24.817 Y-134.313 Z-2.800 F400.000
G1 X-24.975 Y-134.106 Z-2.800 F400.000
G1 X-25.183 Y-133.747 Z-2.800 F400.000
G1 X-25.283 Y-133.506 Z-2.800 F400.000
G1 X-25.390 Y-133.106 Z-2.800 F400.000
G1 X-25.424 Y-132.847 Z-2.800 F400.000
G1 X-25.437 Y-132.640 Z-2.800 F400.000
G1 X-25.435 Y-109.686 Z-2.800 F400.000
G1 X-25.406 Y-109.323 Z-2.800 F400.000
G1 X-25.337 Y-108.966 Z-2.800 F400.000
G1 X-25.230 Y-108.618 Z-2.800 F400.000
G1 X-25.125 Y-108.362 Z-2.800 F400.000
G1 X-21.238 Y-100.026 Z-2.800 F400.000
G1 X-21.215 Y-99.969 Z-2.800 F400.000
G1 X-21.210 Y-99.953 Z-2.800 F400.000
G1 X-21.207 Y-99.935 Z-2.800 F400.000
G1 X-21.204 Y-99.875 Z-2.800 F400.000
G1 X-21.204 Y-96.984 Z-2.800 F400.000
G1 X-21.215 Y-96.875 Z-2.800 F400.000
G1 X-21.224 Y-96.846 Z-2.800 F400.000
G1 X-21.238 Y-96.820 Z-2.800 F400.000
G1 X-21.257 Y-96.796 Z-2.800 F400.000
G1 X-21.281 Y-96.777 Z-2.800 F400.000
G1 X-21.307 Y-96.762 Z-2.800 F400.000
G1 X-21.336 Y-96.754 Z-2.800 F400.000
G1 X-21.445 Y-96.743 Z-2.800 F400.000
G1 X-22.850 Y-96.743 Z-2.800 F400.000
G1 X-23.057 Y-96.729 Z-2.800 F400.000
G1 X-23.316 Y-96.695 Z-2.800 F400.000
G1 X-23.716 Y-96.588 Z-2.800 F400.000
G1 X-23.958 Y-96.488 Z-2.800 F400.000
G1 X-24.316 Y-96.281 Z-2.800 F400.000
G1 X-24.524 Y-96.122 Z-2.800 F400.000
G1 X-24.817 Y-95.829 Z-2.800 F400.000
G1 X-24.975 Y-95.622 Z-2.800 F400.000
G1 X-25.183 Y-95.263 Z-2.800 F400.000
G1 X-25.283 Y-95.022 Z-2.800 F400.000
G1 X-25.390 Y-94.622 Z-2.800 F400.000
G1 X-25.424 Y-94.363 Z-2.800 F400.000
G1 X-25.437 Y-94.156 Z-2.800 F400.000
G1 X-25.435 Y-71.202 Z-2.800 F400.000
G1 X-25.406 Y-70.839 Z-2.800 F400.000
G1 X-25.337 Y-70.482 Z-2.800 F400.000
G1 X-25.230 Y-70.134 Z-2.800 F400.000
G1 X-25.125 Y-69.878 Z-2.800 F400.000
G1 X-21.238 Y-61.542 Z-2.800 F400.000
G1 X-21.215 Y-61.485 Z-2.800 F400.000
G1 X-21.210 Y-61.469 Z-2.800 F400.000
G1 X-21.207 Y-61.451 Z-2.800 F400.000
G1 X-21.204 Y-61.391 Z-2.800 F400.000
G1 X-21.204 Y-58.500 Z-2.800 F400.000
G1 X-21.215 Y-58.391 Z-2.800 F400.000
G1 X-21.224 Y-58.362 Z-2.800 F400.000
G1 X-21.238 Y-58.336 Z-2.800 F400.000
G1 X-21.257 Y-58.312 Z-2.800 F400.000
G1 X-21.281 Y-58.293 Z-2.800 F400.000
G1 X-21.307 Y-58.278 Z-2.800 F400.000
G1 X-21.336 Y-58.270 Z-2.800 F400.000
G1 X-21.445 Y-58.259 Z-2.800 F400.000
G1 X-22.850 Y-58.259 Z-2.800 F400.000
G1 X-23.057 Y-58.245 Z-2.800 F400.000
G1 X-23.316 Y-58.211 Z-2.800 F400.000
G1 X-23.716 Y-58.104 Z-2.800 F400.000
G1 X-23.958 Y-58.004 Z-2.800 F400.000
G1 X-24.316 Y-57.797 Z-2.800 F400.000
G1 X-24.524 Y-57.638 Z-2.800 F400.000
G1 X-24.817 Y-57.345 Z-2.800 F400.000
G1 X-24.975 Y-57.138 Z-2.800 F400.000
G1 X-25.183 Y-56.779 Z-2.800 F400.000
G1 X-25.283 Y-56.538 Z-2.800 F400.000
G1 X-25.390 Y-56.138 Z-2.800 F400.000
G1 X-25.424 Y-55.879 Z-2.800 F400.000
G1 X-25.437 Y-55.672 Z-2.800 F400.000
G1 X-25.435 Y-32.718 Z-2.800 F400.000
G1 X-25.406 Y-32.355 Z-2.800 F400.000
G1 X-25.337 Y-31.998 Z-2.800 F400.000
G1 X-25.230 Y-31.650 Z-2.800 F400.000
G1 X-25.125 Y-31.394 Z-2.800 F400.000
G1 X-21.238 Y-23.058 Z-2.800 F400.000
G1 X-21.215 Y-23.001 Z-2.800 F400.000
G1 X-21.210 Y-22.985 Z-2.800 F400.000
G1 X-21.207 Y-22.967 Z-2.800 F400.000
G1 X-21.204 Y-22.907 Z-2.800 F400.000
G1 X-21.204 Y-20.015 Z-2.800 F400.000
G1 X-21.215 Y-19.907 Z-2.800 F400.000
G1 X-21.224 Y-19.878 Z-2.800 F400.000
G1 X-21.238 Y-19.851 Z-2.800 F400.000
G1 X-21.257 Y-19.828 Z-2.800 F400.000
G1 X-21.281 Y-19.809 Z-2.800 F400.000
G1 X-21.307 Y-19.794 Z-2.800 F400.000
G1 X-21.336 Y-19.786 Z-2.800 F400.000
G1 X-21.445 Y-19.775 Z-2.800 F400.000
G1 X-22.850 Y-19.775 Z-2.800 F400.000
G1 X-23.057 Y-19.761 Z-2.800 F400.000
G1 X-23.316 Y-19.727 Z-2.800 F400.000
G1 X-23.716 Y-19.620 Z-2.800 F400.000
G1 X-23.958 Y-19.520 Z-2.800 F400.000
G1 X-24.316 Y-19.313 Z-2.800 F400.000
G1 X-24.524 Y-19.154 Z-2.800 F400.000
G1 X-24.817 Y-18.861 Z-2.800 F400.000
G1 X-24.975 Y-18.654 Z-2.800 F400.000
G1 X-25.183 Y-18.295 Z-2.800 F400.000
G1 X-25.283 Y-18.054 Z-2.800 F400.000
G1 X-25.390 Y-17.654 Z-2.800 F400.000
G1 X-25.424 Y-17.395 Z-2.800 F400.000
G1 X-25.437 Y-17.188 Z-2.800 F400.000
G1 X-25.437 Y-3.000 Z-2.800 F400.000
G0 Z5.000
G0 X-25.437 Y-228.000
G0 Z3.000
G1 X-25.437 Y-228.000 Z-3.000 F250.000
G1 X-25.430 Y-203.927 Z-3.000 F400.000
G1 X-25.396 Y-203.586 Z-3.000 F400.000
G1 X-25.336 Y-203.281 Z-3.000 F400.000
G1 X-25.236 Y-202.952 Z-3.000 F400.000
G1 X-25.117 Y-202.665 Z-3.000 F400.000
G1 X-24.955 Y-202.362 Z-3.000 F400.000
G1 X-24.782 Y-202.104 Z-3.000 F400.000
G1 X-24.565 Y-201.838 Z-3.000 F400.000
G1 X-24.345 Y-201.618 Z-3.000 F400.000
G1 X-24.079 Y-201.401 Z-3.000 F400.000
G1 X-23.821 Y-201.228 Z-3.000 F400.000
G1 X-23.518 Y-201.066 Z-3.000 F400.000
G1 X-23.231 Y-200.947 Z-3.000 F400.000
G1 X-22.902 Y-200.847 Z-3.000 F400.000
G1 X-22.597 Y-200.787 Z-3.000 F400.000
G1 X-22.100 Y-200.745 Z-3.000 F400.000
G1 X-19.328 Y-200.745 Z-3.000 F400.000
G1 X-19.220 Y-200.735 Z-3.000 F400.000
G1 X-19.191 Y-200.726 Z-3.000 F400.000
G1 X-19.164 Y-200.712 Z-3.000 F400.000
G1 X-19.141 Y-200.692 Z-3.000 F400.000
G1 X-19.121 Y-200.669 Z-3.000 F400.000
G1 X-19.107 Y-200.642 Z-3.000 F400.000
G1 X-19.098 Y-200.613 Z-3.000 F400.000
G1 X-19.088 Y-200.505 Z-3.000 F400.000
G1 X-19.087 Y-198.798 Z-3.000 F400.000
G1 X-19.098 Y-198.690 Z-3.000 F400.000
G1 X-19.107 Y-198.661 Z-3.000 F400.000
G1 X-19.121 Y-198.634 Z-3.000 F400.000
G1 X-19.141 Y-198.611 Z-3.000 F400.000
G1 X-19.164 Y-198.592 Z-3.000 F400.000
G1 X-19.191 Y-198.577 Z-3.000 F400.000
G1 X-19.220 Y-198.569 Z-3.000 F400.000
G1 X-19.330 Y-198.558 Z-3.000 F400.000
G1 X-22.256 Y-198.550 Z-3.000 F400.000
G1 X-22.597 Y-198.517 Z-3.000 F400.000
G1 X-22.902 Y-198.456 Z-3.000 F400.000
G1 X-23.231 Y-198.356 Z-3.000 F400.000
G1 X-23.518 Y-198.237 Z-3.000 F400.000
G1 X-23.821 Y-198.076 Z-3.000 F400.000
G1 X-24.079 Y-197.903 Z-3.000 F400.000
G1 X-24.345 Y-197.685 Z-3.000 F400.000
G1 X-24.565 Y-197.465 Z-3.000 F400.000
G1 X-24.782 Y-197.200 Z-3.000 F400.000
G1 X-24.955 Y-196.941 Z-3.000 F400.000
G1 X-25.117 Y-196.638 Z-3.000 F400.000
G1 X-25.236 Y-196.351 Z-3.000 F400.000
G1 X-25.336 Y-196.023 Z-3.000 F400.000
G1 X-25.396 Y-195.717 Z-3.000 F400.000
G1 X-25.437 Y-195.220 Z-3.000 F400.000
G1 X-25.435 Y-186.654 Z-3.000 F400.000
G1 X-25.406 Y-186.291 Z-3.000 F400.000
G1 X-25.337 Y-185.934 Z-3.000 F400.000
G1 X-25.230 Y-185.586 Z-3.000 F400.000
G1 X-25.125 Y-185.330 Z-3.000 F400.000
G1 X-21.238 Y-176.994 Z-3.000 F400.000
G1 X-21.215 Y-176.938 Z-3.000 F400.000
G1 X-21.210 Y-176.921 Z-3.000 F400.000
G1 X-21.207 Y-176.903 Z-3.000 F400.000
G1 X-21.204 Y-176.843 Z-3.000 F400.000
G1 X-21.204 Y-173.952 Z-3.000 F400.000
G1 X-21.215 Y-173.843 Z-3.000 F400.000
G1 X-21.224 Y-173.814 Z-3.000 F400.000
G1 X-21.238 Y-173.788 Z-3.000 F400.000
G1 X-21.257 Y-173.764 Z-3.000 F400.000
G1 X-21.281 Y-173.745 Z-3.000 F400.000
G1 X-21.307 Y-173.731 Z-3.000 F400.000
G1 X-21.336 Y-173.722 Z-3.000 F400.000
G1 X-21.445 Y-173.711 Z-3.000 F400.000
G1 X-22.850 Y-173.711 Z-3.000 F400.000
G1 X-23.057 Y-173.697 Z-3.000 F400.000
G1 X-23.316 Y-173.663 Z-3.000 F400.000
G1 X-23.716 Y-173.556 Z-3.000 F400.000
G1 X-23.958 Y-173.456 Z-3.000 F400.000
G1 X-24.316 Y-173.249 Z-3.000 F400.000
G1 X-24.524 Y-173.090 Z-3.000 F400.000
G1 X-24.817 Y-172.797 Z-3.000 F400.000
G1 X-24.975 Y-172.590 Z-3.000 F400.000
G1 X-25.183 Y-172.231 Z-3.000 F400.000
G1 X-25.283 Y-171.990 Z-3.000 F400.000
G1 X-25.390 Y-171.590 Z-3.000 F400.000
G1 X-25.424 Y-171.331 Z-3.000 F400.000
G1 X-25.437 Y-171.124 Z-3.000 F400.000
G1 X-25.435 Y-148.170 Z-3.000 F400.000
G1 X-25.406 Y-147.807 Z-3.000 F400.000
G1 X-25.337 Y-147.450 Z-3.000 F400.000
G1 X-25.230 Y-147.102 Z-3.000 F400.000
G1 X-25.125 Y-146.846 Z-3.000 F400.000
G1 X-21.238 Y-138.510 Z-3.000 F400.000
G1 X-21.215 Y-138.454 Z-3.000 F400.000
G1 X-21.210 Y-138.437 Z-3.000 F400.000
G1 X-21.207 Y-138.419 Z-3.000 F400.000
G1 X-21.204 Y-138.359 Z-3.000 F400.000
G1 X-21.204 Y-135.468 Z-3.000 F400.000
G1 X-21.215 Y-135.359 Z-3.000 F400.000
G1 X-21.224 Y-135.330 Z-3.000 F400.000
G1 X-21.238 Y-135.304 Z-3.000 F400.000
G1 X-21.257 Y-135.280 Z-3.000 F400.000
G1 X-21.281 Y-135.261 Z-3.000 F400.000
G1 X-21.307 Y-135.247 Z-3.000 F400.000
G1 X-21.336 Y-135.238 Z-3.000 F400.000
G1 X-21.445 Y-135.227 Z-3.000 F400.000
G1 X-22.850 Y-135.227 Z-3.000 F400.000
G1 X-23.057 Y-135.213 Z-3.000 F400.000
G1 X-23.316 Y-135.179 Z-3.000 F400.000
G1 X-23.716 Y-135.072 Z-3.000 F400.000
G1 X-23.958 Y-134.972 Z-3.000 F400.000
G1 X-24.316 Y-134.765 Z-3.000 F400.000
G1 X-24.524 Y-134.606 Z-3.000 F400.000
G1 X-24.817 Y-134.313 Z-3.000 F400.000
G1 X-24.975 Y-134.106 Z-3.000 F400.000
G1 X-25.183 Y-133.747 Z-3.000 F400.000
G1 X-25.283 Y-133.506 Z-3.000 F400.000
G1 X-25.390 Y-133.106 Z-3.000 F400.000
G1 X-25.424 Y-132.847 Z-3.000 F400.000
G1 X-25.437 Y-132.640 Z-3.000 F400.000
G1 X-25.435 Y-109.686 Z-3.000 F400.000
G1 X-25.406 Y-109.323 Z-3.000 F400.000
G1 X-25.337 Y-108.966 Z-3.000 F400.000
G1 X-25.230 Y-108.618 Z-3.000 F400.000
G1 X-25.125 Y-108.362 Z-3.000 F400.000
G1 X-21.238 Y-100.026 Z-3.000 F400.000
G1 X-21.215 Y-99.969 Z-3.000 F400.000
G1 X-21.210 Y-99.953 Z-3.000 F400.000
G1 X-21.207 Y-99.935 Z-3.000 F400.000
G1 X-21.204 Y-99.875 Z-3.000 F400.000
G1 X-21.204 Y-96.984 Z-3.000 F400.000
G1 X-21.215 Y-96.875 Z-3.000 F400.000
G1 X-21.224 Y-96.846 Z-3.000 F400.000
G1 X-21.238 Y-96.820 Z-3.000 F400.000
G1 X-21.257 Y-96.796 Z-3.000 F400.000
G1 X-21.281 Y-96.777 Z-3.000 F400.000
G1 X-21.307 Y-96.762 Z-3.000 F400.000
G1 X-21.336 Y-96.754 Z-3.000 F400.000
G1 X-21.445 Y-96.743 Z-3.000 F400.000
G1 X-22.850 Y-96.743 Z-3.000 F400.000
G1 X-23.057 Y-96.729 Z-3.000 F400.000
G1 X-23.316 Y-96.695 Z-3.000 F400.000
G1 X-23.716 Y-96.588 Z-3.000 F400.000
G1 X-23.958 Y-96.488 Z-3.000 F400.000
G1 X-24.316 Y-96.281 Z-3.000 F400.000
G1 X-24.524 Y-96.122 Z-3.000 F400.000
G1 X-24.817 Y-95.829 Z-3.000 F400.000
G1 X-24.975 Y-95.622 Z-3.000 F400.000
G1 X-25.183 Y-95.263 Z-3.000 F400.000
G1 X-25.283 Y-95.022 Z-3.000 F400.000
G1 X-25.390 Y-94.622 Z-3.000 F400.000
G1 X-25.424 Y-94.363 Z-3.000 F400.000
G1 X-25.437 Y-94.156 Z-3.000 F400.000
G1 X-25.435 Y-71.202 Z-3.000 F400.000
G1 X-25.406 Y-70.839 Z-3.000 F400.000
G1 X-25.337 Y-70.482 Z-3.000 F400.000
G1 X-25.230 Y-70.134 Z-3.000 F400.000
G1 X-25.125 Y-69.878 Z-3.000 F400.000
G1 X-21.238 Y-61.542 Z-3.000 F400.000
G1 X-21.215 Y-61.485 Z-3.000 F400.000
G1 X-21.210 Y-61.469 Z-3.000 F400.000
G1 X-21.207 Y-61.451 Z-3.000 F400.000
G1 X-21.204 Y-61.391 Z-3.000 F400.000
G1 X-21.204 Y-58.500 Z-3.000 F400.000
G1 X-21.215 Y-58.391 Z-3.000 F400.000
G1 X-21.224 Y-58.362 Z-3.000 F400.000
G1 X-21.238 Y-58.336 Z-3.000 F400.000
G1 X-21.257 Y-58.312 Z-3.000 F400.000
G1 X-21.281 Y-58.293 Z-3.000 F400.000
G1 X-21.307 Y-58.278 Z-3.000 F400.000
G1 X-21.336 Y-58.270 Z-3.000 F400.000
G1 X-21.445 Y-58.259 Z-3.000 F400.000
G1 X-22.850 Y-58.259 Z-3.000 F400.000
G1 X-23.057 Y-58.245 Z-3.000 F400.000
G1 X-23.316 Y-58.211 Z-3.000 F400.000
G1 X-23.716 Y-58.104 Z-3.000 F400.000
G1 X-23.958 Y-58.004 Z-3.000 F400.000
G1 X-24.316 Y-57.797 Z-3.000 F400.000
G1 X-24.524 Y-57.638 Z-3.000 F400.000
G1 X-24.817 Y-57.345 Z-3.000 F400.000
G1 X-24.975 Y-57.138 Z-3.000 F400.000
G1 X-25.183 Y-56.779 Z-3.000 F400.000
G1 X-25.283 Y-56.538 Z-3.000 F400.000
G1 X-25.390 Y-56.138 Z-3.000 F400.000
G1 X-25.424 Y-55.879 Z-3.000 F400.000
G1 X-25.437 Y-55.672 Z-3.000 F400.000
G1 X-25.435 Y-32.718 Z-3.000 F400.000
G1 X-25.406 Y-32.355 Z-3.000 F400.000
G1 X-25.337 Y-31.998 Z-3.000 F400.000
G1 X-25.230 Y-31.650 Z-3.000 F400.000
G1 X-25.125 Y-31.394 Z-3.000 F400.000
G1 X-21.238 Y-23.058 Z-3.000 F400.000
G1 X-21.215 Y-23.001 Z-3.000 F400.000
G1 X-21.210 Y-22.985 Z-3.000 F400.000
G1 X-21.207 Y-22.967 Z-3.000 F400.000
G1 X-21.204 Y-22.907 Z-3.000 F400.000
G1 X-21.204 Y-20.015 Z-3.000 F400.000
G1 X-21.215 Y-19.907 Z-3.000 F400.000
G1 X-21.224 Y-19.878 Z-3.000 F400.000
G1 X-21.238 Y-19.851 Z-3.000 F400.000
G1 X-21.257 Y-19.828 Z-3.000 F400.000
G1 X-21.281 Y-19.809 Z-3.000 F400.000
G1 X-21.307 Y-19.794 Z-3.000 F400.000
G1 X-21.336 Y-19.786 Z-3.000 F400.000
G1 X-21.445 Y-19.775 Z-3.000 F400.000
G1 X-22.850 Y-19.775 Z-3.000 F400.000
G1 X-23.057 Y-19.761 Z-3.000 F400.000
G1 X-23.316 Y-19.727 Z-3.000 F400.000
G1 X-23.716 Y-19.620 Z-3.000 F400.000
G1 X-23.958 Y-19.520 Z-3.000 F400.000
G1 X-24.316 Y-19.313 Z-3.000 F400.000
G1 X-24.524 Y-19.154 Z-3.000 F400.000
G1 X-24.817 Y-18.861 Z-3.000 F400.000
G1 X-24.975 Y-18.654 Z-3.000 F400.000
G1 X-25.183 Y-18.295 Z-3.000 F400.000
G1 X-25.283 Y-18.054 Z-3.000 F400.000
G1 X-25.390 Y-17.654 Z-3.000 F400.000
G1 X-25.424 Y-17.395 Z-3.000 F400.000
G1 X-25.437 Y-17.188 Z-3.000 F400.000
G1 X-25.437 Y-3.000 Z-3.000 F400.000
G0 Z5.000
G0 X-25.437 Y-228.000
G0 Z3.000
G1 X-25.437 Y-228.000 Z-3.200 F250.000
G1 X-25.430 Y-203.927 Z-3.200 F400.000
G1 X-25.396 Y-203.586 Z-3.200 F400.000
G1 X-25.336 Y-203.281 Z-3.200 F400.000
G1 X-25.236 Y-202.952 Z-3.200 F400.000
G1 X-25.117 Y-202.665 Z-3.200 F400.000
G1 X-24.955 Y-202.362 Z-3.200 F400.000
G1 X-24.782 Y-202.104 Z-3.200 F400.000
G1 X-24.565 Y-201.838 Z-3.200 F400.000
G1 X-24.345 Y-201.618 Z-3.200 F400.000
G1 X-24.079 Y-201.401 Z-3.200 F400.000
G1 X-23.821 Y-201.228 Z-3.200 F400.000
G1 X-23.518 Y-201.066 Z-3.200 F400.000
G1 X-23.231 Y-200.947 Z-3.200 F400.000
G1 X-22.902 Y-200.847 Z-3.200 F400.000
G1 X-22.597 Y-200.787 Z-3.200 F400.000
G1 X-22.100 Y-200.745 Z-3.200 F400.000
G1 X-19.328 Y-200.745 Z-3.200 F400.000
G1 X-19.220 Y-200.735 Z-3.200 F400.000
G1 X-19.191 Y-200.726 Z-3.200 F400.000
G1 X-19.164 Y-200.712 Z-3.200 F400.000
G1 X-19.141 Y-200.692 Z-3.200 F400.000
G1 X-19.121 Y-200.669 Z-3.200 F400.000
G1 X-19.107 Y-200.642 Z-3.200 F400.000
G1 X-19.098 Y-200.613 Z-3.200 F400.000
G1 X-19.088 Y-200.505 Z-3.200 F400.000
G1 X-19.087 Y-198.798 Z-3.200 F400.000
G1 X-19.098 Y-198.690 Z-3.200 F400.000
G1 X-19.107 Y-198.661 Z-3.200 F400.000
G1 X-19.121 Y-198.634 Z-3.200 F400.000
G1 X-19.141 Y-198.611 Z-3.200 F400.000
G1 X-19.164 Y-198.592 Z-3.200 F400.000
G1 X-19.191 Y-198.577 Z-3.200 F400.000
G1 X-19.220 Y-198.569 Z-3.200 F400.000
G1 X-19.330 Y-198.558 Z-3.200 F400.000
G1 X-22.256 Y-198.550 Z-3.200 F400.000
G1 X-22.597 Y-198.517 Z-3.200 F400.000
G1 X-22.902 Y-198.456 Z-3.200 F400.000
G1 X-23.231 Y-198.356 Z-3.200 F400.000
G1 X-23.518 Y-198.237 Z-3.200 F400.000
G1 X-23.821 Y-198.076 Z-3.200 F400.000
G1 X-24.079 Y-197.903 Z-3.200 F400.000
G1 X-24.345 Y-197.685 Z-3.200 F400.000
G1 X-24.565 Y-197.465 Z-3.200 F400.000
G1 X-24.782 Y-197.200 Z-3.200 F400.000
G1 X-24.955 Y-196.941 Z-3.200 F400.000
G1 X-25.117 Y-196.638 Z-3.200 F400.000
G1 X-25.236 Y-196.351 Z-3.200 F400.000
G1 X-25.336 Y-196.023 Z-3.200 F400.000
G1 X-25.396 Y-195.717 Z-3.200 F400.000
G1 X-25.437 Y-195.220 Z-3.200 F400.000
G1 X-25.435 Y-186.654 Z-3.200 F400.000
G1 X-25.406 Y-186.291 Z-3.200 F400.000
G1 X-25.337 Y-185.934 Z-3.200 F400.000
G1 X-25.230 Y-185.586 Z-3.200 F400.000
G1 X-25.125 Y-185.330 Z-3.200 F400.000
G1 X-21.238 Y-176.994 Z-3.200 F400.000
G1 X-21.215 Y-176.938 Z-3.200 F400.000
G1 X-21.210 Y-176.921 Z-3.200 F400.000
G1 X-21.207 Y-176.903 Z-3.200 F400.000
G1 X-21.204 Y-176.843 Z-3.200 F400.000
G1 X-21.204 Y-173.952 Z-3.200 F400.000
G1 X-21.215 Y-173.843 Z-3.200 F400.000
G1 X-21.224 Y-173.814 Z-3.200 F400.000
G1 X-21.238 Y-173.788 Z-3.200 F400.000
G1 X-21.257 Y-173.764 Z-3.200 F400.000
G1 X-21.281 Y-173.745 Z-3.200 F400.000
G1 X-21.307 Y-173.731 Z-3.200 F400.000
G1 X-21.336 Y-173.722 Z-3.200 F400.000
G1 X-21.445 Y-173.711 Z-3.200 F400.000
G1 X-22.850 Y-173.711 Z-3.200 F400.000
G1 X-23.057 Y-173.697 Z-3.200 F400.000
G1 X-23.316 Y-173.663 Z-3.200 F400.000
G1 X-23.716 Y-173.556 Z-3.200 F400.000
G1 X-23.958 Y-173.456 Z-3.200 F400.000
G1 X-24.316 Y-173.249 Z-3.200 F400.000
G1 X-24.524 Y-173.090 Z-3.200 F400.000
G1 X-24.817 Y-172.797 Z-3.200 F400.000
G1 X-24.975 Y-172.590 Z-3.200 F400.000
G1 X-25.183 Y-172.231 Z-3.200 F400.000
G1 X-25.283 Y-171.990 Z-3.200 F400.000
G1 X-25.390 Y-171.590 Z-3.200 F400.000
G1 X-25.424 Y-171.331 Z-3.200 F400.000
G1 X-25.437 Y-171.124 Z-3.200 F400.000
G1 X-25.435 Y-148.170 Z-3.200 F400.000
G1 X-25.406 Y-147.807 Z-3.200 F400.000
G1 X-25.337 Y-147.450 Z-3.200 F400.000
G1 X-25.230 Y-147.102 Z-3.200 F400.000
G1 X-25.125 Y-146.846 Z-3.200 F400.000
G1 X-21.238 Y-138.510 Z-3.200 F400.000
G1 X-21.215 Y-138.454 Z-3.200 F400.000
G1 X-21.210 Y-138.437 Z-3.200 F400.000
G1 X-21.207 Y-138.419 Z-3.200 F400.000
G1 X-21.204 Y-138.359 Z-3.200 F400.000
G1 X-21.204 Y-135.468 Z-3.200 F400.000
G1 X-21.215 Y-135.359 Z-3.200 F400.000
G1 X-21.224 Y-135.330 Z-3.200 F400.000
G1 X-21.238 Y-135.304 Z-3.200 F400.000
G1 X-21.257 Y-135.280 Z-3.200 F400.000
G1 X-21.281 Y-135.261 Z-3.200 F400.000
G1 X-21.307 Y-135.247 Z-3.200 F400.000
G1 X-21.336 Y-135.238 Z-3.200 F400.000
G1 X-21.445 Y-135.227 Z-3.200 F400.000
G1 X-22.850 Y-135.227 Z-3.200 F400.000
G1 X-23.057 Y-135.213 Z-3.200 F400.000
G1 X-23.316 Y-135.179 Z-3.200 F400.000
G1 X-23.716 Y-135.072 Z-3.200 F400.000
G1 X-23.958 Y-134.972 Z-3.200 F400.000
G1 X-24.316 Y-134.765 Z-3.200 F400.000
G1 X-24.524 Y-134.606 Z-3.200 F400.000
G1 X-24.817 Y-134.313 Z-3.200 F400.000
G1 X-24.975 Y-134.106 Z-3.200 F400.000
G1 X-25.183 Y-133.747 Z-3.200 F400.000
G1 X-25.283 Y-133.506 Z-3.200 F400.000
G1 X-25.390 Y-133.106 Z-3.200 F400.000
G1 X-25.424 Y-132.847 Z-3.200 F400.000
G1 X-25.437 Y-132.640 Z-3.200 F400.000
G1 X-25.435 Y-109.686 Z-3.200 F400.000
G1 X-25.406 Y-109.323 Z-3.200 F400.000
G1 X-25.337 Y-108.966 Z-3.200 F400.000
G1 X-25.230 Y-108.618 Z-3.200 F400.000
G1 X-25.125 Y-108.362 Z-3.200 F400.000
G1 X-21.238 Y-100.026 Z-3.200 F400.000
G1 X-21.215 Y-99.969 Z-3.200 F400.000
G1 X-21.210 Y-99.953 Z-3.200 F400.000
G1 X-21.207 Y-99.935 Z-3.200 F400.000
G1 X-21.204 Y-99.875 Z-3.200 F400.000
G1 X-21.204 Y-96.984 Z-3.200 F400.000
G1 X-21.215 Y-96.875 Z-3.200 F400.000
G1 X-21.224 Y-96.846 Z-3.200 F400.000
G1 X-21.238 Y-96.820 Z-3.200 F400.000
G1 X-21.257 Y-96.796 Z-3.200 F400.000
G1 X-21.281 Y-96.777 Z-3.200 F400.000
G1 X-21.307 Y-96.762 Z-3.200 F400.000
G1 X-21.336 Y-96.754 Z-3.200 F400.000
G1 X-21.445 Y-96.743 Z-3.200 F400.000
G1 X-22.850 Y-96.743 Z-3.200 F400.000
G1 X-23.057 Y-96.729 Z-3.200 F400.000
G1 X-23.316 Y-96.695 Z-3.200 F400.000
G1 X-23.716 Y-96.588 Z-3.200 F400.000
G1 X-23.958 Y-96.488 Z-3.200 F400.000
G1 X-24.316 Y-96.281 Z-3.200 F400.000
G1 X-24.524 Y-96.122 Z-3.200 F400.000
G1 X-24.817 Y-95.829 Z-3.200 F400.000
G1 X-24.975 Y-95.622 Z-3.200 F400.000
G1 X-25.183 Y-95.263 Z-3.200 F400.000
G1 X-25.283 Y-95.022 Z-3.200 F400.000
G1 X-25.390 Y-94.622 Z-3.200 F400.000
G1 X-25.424 Y-94.363 Z-3.200 F400.000
G1 X-25.437 Y-94.156 Z-3.200 F400.000
G1 X-25.435 Y-71.202 Z-3.200 F400.000
G1 X-25.406 Y-70.839 Z-3.200 F400.000
G1 X-25.337 Y-70.482 Z-3.200 F400.000
G1 X-25.230 Y-70.134 Z-3.200 F400.000
G1 X-25.125 Y-69.878 Z-3.200 F400.000
G1 X-21.238 Y-61.542 Z-3.200 F400.000
G1 X-21.215 Y-61.485 Z-3.200 F400.000
G1 X-21.210 Y-61.469 Z-3.200 F400.000
G1 X-21.207 Y-61.451 Z-3.200 F400.000
G1 X-21.204 Y-61.391 Z-3.200 F400.000
G1 X-21.204 Y-58.500 Z-3.200 F400.000
G1 X-21.215 Y-58.391 Z-3.200 F400.000
G1 X-21.224 Y-58.362 Z-3.200 F400.000
G1 X-21.238 Y-58.336 Z-3.200 F400.000
G1 X-21.257 Y-58.312 Z-3.200 F400.000
G1 X-21.281 Y-58.293 Z-3.200 F400.000
G1 X-21.307 Y-58.278 Z-3.200 F400.000
G1 X-21.336 Y-58.270 Z-3.200 F400.000
G1 X-21.445 Y-58.259 Z-3.200 F400.000
G1 X-22.850 Y-58.259 Z-3.200 F400.000
G1 X-23.057 Y-58.245 Z-3.200 F400.000
G1 X-23.316 Y-58.211 Z-3.200 F400.000
G1 X-23.716 Y-58.104 Z-3.200 F400.000
G1 X-23.958 Y-58.004 Z-3.200 F400.000
G1 X-24.316 Y-57.797 Z-3.200 F400.000
G1 X-24.524 Y-57.638 Z-3.200 F400.000
G1 X-24.817 Y-57.345 Z-3.200 F400.000
G1 X-24.975 Y-57.138 Z-3.200 F400.000
G1 X-25.183 Y-56.779 Z-3.200 F400.000
G1 X-25.283 Y-56.538 Z-3.200 F400.000
G1 X-25.390 Y-56.138 Z-3.200 F400.000
G1 X-25.424 Y-55.879 Z-3.200 F400.000
G1 X-25.437 Y-55.672 Z-3.200 F400.000
G1 X-25.435 Y-32.718 Z-3.200 F400.000
G1 X-25.406 Y-32.355 Z-3.200 F400.000
G1 X-25.337 Y-31.998 Z-3.200 F400.000
G1 X-25.230 Y-31.650 Z-3.200 F400.000
G1 X-25.125 Y-31.394 Z-3.200 F400.000
G1 X-21.238 Y-23.058 Z-3.200 F400.000
G1 X-21.215 Y-23.001 Z-3.200 F400.000
G1 X-21.210 Y-22.985 Z-3.200 F400.000
G1 X-21.207 Y-22.967 Z-3.200 F400.000
G1 X-21.204 Y-22.907 Z-3.200 F400.000
G1 X-21.204 Y-20.015 Z-3.200 F400.000
G1 X-21.215 Y-19.907 Z-3.200 F400.000
G1 X-21.224 Y-19.878 Z-3.200 F400.000
G1 X-21.238 Y-19.851 Z-3.200 F400.000
G1 X-21.257 Y-19.828 Z-3.200 F400.000
G1 X-21.281 Y-19.809 Z-3.200 F400.000
G1 X-21.307 Y-19.794 Z-3.200 F400.000
G1 X-21.336 Y-19.786 Z-3.200 F400.000
G1 X-21.445 Y-19.775 Z-3.200 F400.000
G1 X-22.850 Y-19.775 Z-3.200 F400.000
G1 X-23.057 Y-19.761 Z-3.200 F400.000
G1 X-23.316 Y-19.727 Z-3.200 F400.000
G1 X-23.716 Y-19.620 Z-3.200 F400.000
G1 X-23.958 Y-19.520 Z-3.200 F400.000
G1 X-24.316 Y-19.313 Z-3.200 F400.000
G1 X-24.524 Y-19.154 Z-3.200 F400.000
G1 X-24.817 Y-18.861 Z-3.200 F400.000
G1 X-24.975 Y-18.654 Z-3.200 F400.000
G1 X-25.183 Y-18.295 Z-3.200 F400.000
G1 X-25.283 Y-18.054 Z-3.200 F400.000
G1 X-25.390 Y-17.654 Z-3.200 F400.000
G1 X-25.424 Y-17.395 Z-3.200 F400.000
G1 X-25.437 Y-17.188 Z-3.200 F400.000
G1 X-25.437 Y-3.000 Z-3.200 F400.000
G0 Z5.000
G0 X-25.437 Y-228.000
G0 Z3.000
G1 X-25.437 Y-228.000 Z-3.400 F250.000
G1 X-25.430 Y-203.927 Z-3.400 F400.000
G1 X-25.396 Y-203.586 Z-3.400 F400.000
G1 X-25.336 Y-203.281 Z-3.400 F400.000
G1 X-25.236 Y-202.952 Z-3.400 F400.000
G1 X-25.117 Y-202.665 Z-3.400 F400.000
G1 X-24.955 Y-202.362 Z-3.400 F400.000
G1 X-24.782 Y-202.104 Z-3.400 F400.000
G1 X-24.565 Y-201.838 Z-3.400 F400.000
G1 X-24.345 Y-201.618 Z-3.400 F400.000
G1 X-24.079 Y-201.401 Z-3.400 F400.000
G1 X-23.821 Y-201.228 Z-3.400 F400.000
G1 X-23.518 Y-201.066 Z-3.400 F400.000
G1 X-23.231 Y-200.947 Z-3.400 F400.000
G1 X-22.902 Y-200.847 Z-3.400 F400.000
G1 X-22.597 Y-200.787 Z-3.400 F400.000
G1 X-22.100 Y-200.745 Z-3.400 F400.000
G1 X-19.328 Y-200.745 Z-3.400 F400.000
G1 X-19.220 Y-200.735 Z-3.400 F400.000
G1 X-19.191 Y-200.726 Z-3.400 F400.000
G1 X-19.164 Y-200.712 Z-3.400 F400.000
G1 X-19.141 Y-200.692 Z-3.400 F400.000
G1 X-19.121 Y-200.669 Z-3.400 F400.000
G1 X-19.107 Y-200.642 Z-3.400 F400.000
G1 X-19.098 Y-200.613 Z-3.400 F400.000
G1 X-19.088 Y-200.505 Z-3.400 F400.000
G1 X-19.087 Y-198.798 Z-3.400 F400.000
G1 X-19.098 Y-198.690 Z-3.400 F400.000
G1 X-19.107 Y-198.661 Z-3.400 F400.000
G1 X-19.121 Y-198.634 Z-3.400 F400.000
G1 X-19.141 Y-198.611 Z-3.400 F400.000
G1 X-19.164 Y-198.592 Z-3.400 F400.000
G1 X-19.191 Y-198.577 Z-3.400 F400.000
G1 X-19.220 Y-198.569 Z-3.400 F400.000
G1 X-19.330 Y-198.558 Z-3.400 F400.000
G1 X-22.256 Y-198.550 Z-3.400 F400.000
G1 X-22.597 Y-198.517 Z-3.400 F400.000
G1 X-22.902 Y-198.456 Z-3.400 F400.000
G1 X-23.231 Y-198.356 Z-3.400 F400.000
G1 X-23.518 Y-198.237 Z-3.400 F400.000
G1 X-23.821 Y-198.076 Z-3.400 F400.000
G1 X-24.079 Y-197.903 Z-3.400 F400.000
G1 X-24.345 Y-197.685 Z-3.400 F400.000
G1 X-24.565 Y-197.465 Z-3.400 F400.000
G1 X-24.782 Y-197.200 Z-3.400 F400.000
G1 X-24.955 Y-196.941 Z-3.400 F400.000
G1 X-25.117 Y-196.638 Z-3.400 F400.000
G1 X-25.236 Y-196.351 Z-3.400 F400.000
G1 X-25.336 Y-196.023 Z-3.400 F400.000
G1 X-25.396 Y-195.717 Z-3.400 F400.000
G1 X-25.437 Y-195.220 Z-3.400 F400.000
G1 X-25.435 Y-186.654 Z-3.400 F400.000
G1 X-25.406 Y-186.291 Z-3.400 F400.000
G1 X-25.337 Y-185.934 Z-3.400 F400.000
G1 X-25.230 Y-185.586 Z-3.400 F400.000
G1 X-25.125 Y-185.330 Z-3.400 F400.000
G1 X-21.238 Y-176.994 Z-3.400 F400.000
G1 X-21.215 Y-176.938 Z-3.400 F400.000
G1 X-21.210 Y-176.921 Z-3.400 F400.000
G1 X-21.207 Y-176.903 Z-3.400 F400.000
G1 X-21.204 Y-176.843 Z-3.400 F400.000
G1 X-21.204 Y-173.952 Z-3.400 F400.000
G1 X-21.215 Y-173.843 Z-3.400 F400.000
G1 X-21.224 Y-173.814 Z-3.400 F400.000
G1 X-21.238 Y-173.788 Z-3.400 F400.000
G1 X-21.257 Y-173.764 Z-3.400 F400.000
G1 X-21.281 Y-173.745 Z-3.400 F400.000
G1 X-21.307 Y-173.731 Z-3.400 F400.000
G1 X-21.336 Y-173.722 Z-3.400 F400.000
G1 X-21.445 Y-173.711 Z-3.400 F400.000
G1 X-22.850 Y-173.711 Z-3.400 F400.000
G1 X-23.057 Y-173.697 Z-3.400 F400.000
G1 X-23.316 Y-173.663 Z-3.400 F400.000
G1 X-23.716 Y-173.556 Z-3.400 F400.000
G1 X-23.958 Y-173.456 Z-3.400 F400.000
G1 X-24.316 Y-173.249 Z-3.400 F400.000
G1 X-24.524 Y-173.090 Z-3.400 F400.000
G1 X-24.817 Y-172.797 Z-3.400 F400.000
G1 X-24.975 Y-172.590 Z-3.400 F400.000
G1 X-25.183 Y-172.231 Z-3.400 F400.000
G1 X-25.283 Y-171.990 Z-3.400 F400.000
G1 X-25.390 Y-171.590 Z-3.400 F400.000
G1 X-25.424 Y-171.331 Z-3.400 F400.000
G1 X-25.437 Y-171.124 Z-3.400 F400.000
G1 X-25.435 Y-148.170 Z-3.400 F400.000
G1 X-25.406 Y-147.807 Z-3.400 F400.000
G1 X-25.337 Y-147.450 Z-3.400 F400.000
G1 X-25.230 Y-147.102 Z-3.400 F400.000
G1 X-25.125 Y-146.846 Z-3.400 F400.000
G1 X-21.238 Y-138.510 Z-3.400 F400.000
G1 X-21.215 Y-138.454 Z-3.400 F400.000
G1 X-21.210 Y-138.437 Z-3.400 F400.000
G1 X-21.207 Y-138.419 Z-3.400 F400.000
G1 X-21.204 Y-138.359 Z-3.400 F400.000
G1 X-21.204 Y-135.468 Z-3.400 F400.000
G1 X-21.215 Y-135.359 Z-3.400 F400.000
G1 X-21.224 Y-135.330 Z-3.400 F400.000
G1 X-21.238 Y-135.304 Z-3.400 F400.000
G1 X-21.257 Y-135.280 Z-3.400 F400.000
G1 X-21.281 Y-135.261 Z-3.400 F400.000
G1 X-21.307 Y-135.247 Z-3.400 F400.000
G1 X-21.336 Y-135.238 Z-3.400 F400.000
G1 X-21.445 Y-135.227 Z-3.400 F400.000
G1 X-22.850 Y-135.227 Z-3.400 F400.000
G1 X-23.057 Y-135.213 Z-3.400 F400.000
G1 X-23.316 Y-135.179 Z-3.400 F400.000
G1 X-23.716 Y-135.072 Z-3.400 F400.000
G1 X-23.958 Y-134.972 Z-3.400 F400.000
G1 X-24.316 Y-134.765 Z-3.400 F400.000
G1 X-24.524 Y-134.606 Z-3.400 F400.000
G1 X-24.817 Y-134.313 Z-3.400 F400.000
G1 X-24.975 Y-134.106 Z-3.400 F400.000
G1 X-25.183 Y-133.747 Z-3.400 F400.000
G1 X-25.283 Y-133.506 Z-3.400 F400.000
G1 X-25.390 Y-133.106 Z-3.400 F400.000
G1 X-25.424 Y-132.847 Z-3.400 F400.000
G1 X-25.437 Y-132.640 Z-3.400 F400.000
G1 X-25.435 Y-109.686 Z-3.400 F400.000
G1 X-25.406 Y-109.323 Z-3.400 F400.000
G1 X-25.337 Y-108.966 Z-3.400 F400.000
G1 X-25.230 Y-108.618 Z-3.400 F400.000
G1 X-25.125 Y-108.362 Z-3.400 F400.000
G1 X-21.238 Y-100.026 Z-3.400 F400.000
G1 X-21.215 Y-99.969 Z-3.400 F400.000
G1 X-21.210 Y-99.953 Z-3.400 F400.000
G1 X-21.207 Y-99.935 Z-3.400 F400.000
G1 X-21.204 Y-99.875 Z-3.400 F400.000
G1 X-21.204 Y-96.984 Z-3.400 F400.000
G1 X-21.215 Y-96.875 Z-3.400 F400.000
G1 X-21.224 Y-96.846 Z-3.400 F400.000
G1 X-21.238 Y-96.820 Z-3.400 F400.000
G1 X-21.257 Y-96.796 Z-3.400 F400.000
G1 X-21.281 Y-96.777 Z-3.400 F400.000
G1 X-21.307 Y-96.762 Z-3.400 F400.000
G1 X-21.336 Y-96.754 Z-3.400 F400.000
G1 X-21.445 Y-96.743 Z-3.400 F400.000
G1 X-22.850 Y-96.743 Z-3.400 F400.000
G1 X-23.057 Y-96.729 Z-3.400 F400.000
G1 X-23.316 Y-96.695 Z-3.400 F400.000
G1 X-23.716 Y-96.588 Z-3.400 F400.000
G1 X-23.958 Y-96.488 Z-3.400 F400.000
G1 X-24.316 Y-96.281 Z-3.400 F400.000
G1 X-24.524 Y-96.122 Z-3.400 F400.000
G1 X-24.817 Y-95.829 Z-3.400 F400.000
G1 X-24.975 Y-95.622 Z-3.400 F400.000
G1 X-25.183 Y-95.263 Z-3.400 F400.000
G1 X-25.283 Y-95.022 Z-3.400 F400.000
G1 X-25.390 Y-94.622 Z-3.400 F400.000
G1 X-25.424 Y-94.363 Z-3.400 F400.000
G1 X-25.437 Y-94.156 Z-3.400 F400.000
G1 X-25.435 Y-71.202 Z-3.400 F400.000
G1 X-25.406 Y-70.839 Z-3.400 F400.000
G1 X-25.337 Y-70.482 Z-3.400 F400.000
G1 X-25.230 Y-70.134 Z-3.400 F400.000
G1 X-25.125 Y-69.878 Z-3.400 F400.000
G1 X-21.238 Y-61.542 Z-3.400 F400.000
G1 X-21.215 Y-61.485 Z-3.400 F400.000
G1 X-21.210 Y-61.469 Z-3.400 F400.000
G1 X-21.207 Y-61.451 Z-3.400 F400.000
G1 X-21.204 Y-61.391 Z-3.400 F400.000
G1 X-21.204 Y-58.500 Z-3.400 F400.000
G1 X-21.215 Y-58.391 Z-3.400 F400.000
G1 X-21.224 Y-58.362 Z-3.400 F400.000
G1 X-21.238 Y-58.336 Z-3.400 F400.000
G1 X-21.257 Y-58.312 Z-3.400 F400.000
G1 X-21.281 Y-58.293 Z-3.400 F400.000
G1 X-21.307 Y-58.278 Z-3.400 F400.000
G1 X-21.336 Y-58.270 Z-3.400 F400.000
G1 X-21.445 Y-58.259 Z-3.400 F400.000
G1 X-22.850 Y-58.259 Z-3.400 F400.000
G1 X-23.057 Y-58.245 Z-3.400 F400.000
G1 X-23.316 Y-58.211 Z-3.400 F400.000
G1 X-23.716 Y-58.104 Z-3.400 F400.000
G1 X-23.958 Y-58.004 Z-3.400 F400.000
G1 X-24.316 Y-57.797 Z-3.400 F400.000
G1 X-24.524 Y-57.638 Z-3.400 F400.000
G1 X-24.817 Y-57.345 Z-3.400 F400.000
G1 X-24.975 Y-57.138 Z-3.400 F400.000
G1 X-25.183 Y-56.779 Z-3.400 F400.000
G1 X-25.283 Y-56.538 Z-3.400 F400.000
G1 X-25.390 Y-56.138 Z-3.400 F400.000
G1 X-25.424 Y-55.879 Z-3.400 F400.000
G1 X-25.437 Y-55.672 Z-3.400 F400.000
G1 X-25.435 Y-32.718 Z-3.400 F400.000
G1 X-25.406 Y-32.355 Z-3.400 F400.000
G1 X-25.337 Y-31.998 Z-3.400 F400.000
G1 X-25.230 Y-31.650 Z-3.400 F400.000
G1 X-25.125 Y-31.394 Z-3.400 F400.000
G1 X-21.238 Y-23.058 Z-3.400 F400.000
G1 X-21.215 Y-23.001 Z-3.400 F400.000
G1 X-21.210 Y-22.985 Z-3.400 F400.000
G1 X-21.207 Y-22.967 Z-3.400 F400.000
G1 X-21.204 Y-22.907 Z-3.400 F400.000
G1 X-21.204 Y-20.015 Z-3.400 F400.000
G1 X-21.215 Y-19.907 Z-3.400 F400.000
G1 X-21.224 Y-19.878 Z-3.400 F400.000
G1 X-21.238 Y-19.851 Z-3.400 F400.000
G1 X-21.257 Y-19.828 Z-3.400 F400.000
G1 X-21.281 Y-19.809 Z-3.400 F400.000
G1 X-21.307 Y-19.794 Z-3.400 F400.000
G1 X-21.336 Y-19.786 Z-3.400 F400.000
G1 X-21.445 Y-19.775 Z-3.400 F400.000
G1 X-22.850 Y-19.775 Z-3.400 F400.000
G1 X-23.057 Y-19.761 Z-3.400 F400.000
G1 X-23.316 Y-19.727 Z-3.400 F400.000
G1 X-23.716 Y-19.620 Z-3.400 F400.000
G1 X-23.958 Y-19.520 Z-3.400 F400.000
G1 X-24.316 Y-19.313 Z-3.400 F400.000
G1 X-24.524 Y-19.154 Z-3.400 F400.000
G1 X-24.817 Y-18.861 Z-3.400 F400.000
G1 X-24.975 Y-18.654 Z-3.400 F400.000
G1 X-25.183 Y-18.295 Z-3.400 F400.000
G1 X-25.283 Y-18.054 Z-3.400 F400.000
G1 X-25.390 Y-17.654 Z-3.400 F400.000
G1 X-25.424 Y-17.395 Z-3.400 F400.000
G1 X-25.437 Y-17.188 Z-3.400 F400.000
G1 X-25.437 Y-3.000 Z-3.400 F400.000
G0 Z5.000
G0 X-25.437 Y-228.000
G0 Z3.000
G1 X-25.437 Y-228.000 Z-3.600 F250.000
G1 X-25.430 Y-203.927 Z-3.600 F400.000
G1 X-25.396 Y-203.586 Z-3.600 F400.000
G1 X-25.336 Y-203.281 Z-3.600 F400.000
G1 X-25.236 Y-202.952 Z-3.600 F400.000
G1 X-25.117 Y-202.665 Z-3.600 F400.000
G1 X-24.955 Y-202.362 Z-3.600 F400.000
G1 X-24.782 Y-202.104 Z-3.600 F400.000
G1 X-24.565 Y-201.838 Z-3.600 F400.000
G1 X-24.345 Y-201.618 Z-3.600 F400.000
G1 X-24.079 Y-201.401 Z-3.600 F400.000
G1 X-23.821 Y-201.228 Z-3.600 F400.000
G1 X-23.518 Y-201.066 Z-3.600 F400.000
G1 X-23.231 Y-200.947 Z-3.600 F400.000
G1 X-22.902 Y-200.847 Z-3.600 F400.000
G1 X-22.597 Y-200.787 Z-3.600 F400.000
G1 X-22.100 Y-200.745 Z-3.600 F400.000
G1 X-19.328 Y-200.745 Z-3.600 F400.000
G1 X-19.220 Y-200.735 Z-3.600 F400.000
G1 X-19.191 Y-200.726 Z-3.600 F400.000
G1 X-19.164 Y-200.712 Z-3.600 F400.000
G1 X-19.141 Y-200.692 Z-3.600 F400.000
G1 X-19.121 Y-200.669 Z-3.600 F400.000
G1 X-19.107 Y-200.642 Z-3.600 F400.000
G1 X-19.098 Y-200.613 Z-3.600 F400.000
G1 X-19.088 Y-200.505 Z-3.600 F400.000
G1 X-19.087 Y-198.798 Z-3.600 F400.000
G1 X-19.098 Y-198.690 Z-3.600 F400.000
G1 X-19.107 Y-198.661 Z-3.600 F400.000
G1 X-19.121 Y-198.634 Z-3.600 F400.000
G1 X-19.141 Y-198.611 Z-3.600 F400.000
G1 X-19.164 Y-198.592 Z-3.600 F400.000
G1 X-19.191 Y-198.577 Z-3.600 F400.000
G1 X-19.220 Y-198.569 Z-3.600 F400.000
G1 X-19.330 Y-198.558 Z-3.600 F400.000
G1 X-22.256 Y-198.550 Z-3.600 F400.000
G1 X-22.597 Y-198.517 Z-3.600 F400.000
G1 X-22.902 Y-198.456 Z-3.600 F400.000
G1 X-23.231 Y-198.356 Z-3.600 F400.000
G1 X-23.518 Y-198.237 Z-3.600 F400.000
G1 X-23.821 Y-198.076 Z-3.600 F400.000
G1 X-24.079 Y-197.903 Z-3.600 F400.000
G1 X-24.345 Y-197.685 Z-3.600 F400.000
G1 X-24.565 Y-197.465 Z-3.600 F400.000
G1 X-24.782 Y-197.200 Z-3.600 F400.000
G1 X-24.955 Y-196.941 Z-3.600 F400.000
G1 X-25.117 Y-196.638 Z-3.600 F400.000
G1 X-25.236 Y-196.351 Z-3.600 F400.000
G1 X-25.336 Y-196.023 Z-3.600 F400.000
G1 X-25.396 Y-195.717 Z-3.600 F400.000
G1 X-25.437 Y-195.220 Z-3.600 F400.000
G1 X-25.435 Y-186.654 Z-3.600 F400.000
G1 X-25.406 Y-186.291 Z-3.600 F400.000
G1 X-25.337 Y-185.934 Z-3.600 F400.000
G1 X-25.230 Y-185.586 Z-3.600 F400.000
G1 X-25.125 Y-185.330 Z-3.600 F400.000
G1 X-21.238 Y-176.994 Z-3.600 F400.000
G1 X-21.215 Y-176.938 Z-3.600 F400.000
G1 X-21.210 Y-176.921 Z-3.600 F400.000
G1 X-21.207 Y-176.903 Z-3.600 F400.000
G1 X-21.204 Y-176.843 Z-3.600 F400.000
G1 X-21.204 Y-173.952 Z-3.600 F400.000
G1 X-21.215 Y-173.843 Z-3.600 F400.000
G1 X-21.224 Y-173.814 Z-3.600 F400.000
G1 X-21.238 Y-173.788 Z-3.600 F400.000
G1 X-21.257 Y-173.764 Z-3.600 F400.000
G1 X-21.281 Y-173.745 Z-3.600 F400.000
G1 X-21.307 Y-173.731 Z-3.600 F400.000
G1 X-21.336 Y-173.722 Z-3.600 F400.000
G1 X-21.445 Y-173.711 Z-3.600 F400.000
G1 X-22.850 Y-173.711 Z-3.600 F400.000
G1 X-23.057 Y-173.697 Z-3.600 F400.000
G1 X-23.316 Y-173.663 Z-3.600 F400.000
G1 X-23.716 Y-173.556 Z-3.600 F400.000
G1 X-23.958 Y-173.456 Z-3.600 F400.000
G1 X-24.316 Y-173.249 Z-3.600 F400.000
G1 X-24.524 Y-173.090 Z-3.600 F400.000
G1 X-24.817 Y-172.797 Z-3.600 F400.000
G1 X-24.975 Y-172.590 Z-3.600 F400.000
G1 X-25.183 Y-172.231 Z-3.600 F400.000
G1 X-25.283 Y-171.990 Z-3.600 F400.000
G1 X-25.390 Y-171.590 Z-3.600 F400.000
G1 X-25.424 Y-171.331 Z-3.600 F400.000
G1 X-25.437 Y-171.124 Z-3.600 F400.000
G1 X-25.435 Y-148.170 Z-3.600 F400.000
G1 X-25.406 Y-147.807 Z-3.600 F400.000
G1 X-25.337 Y-147.450 Z-3.600 F400.000
G1 X-25.230 Y-147.102 Z-3.600 F400.000
G1 X-25.125 Y-146.846 Z-3.600 F400.000
G1 X-21.238 Y-138.510 Z-3.600 F400.000
G1 X-21.215 Y-138.454 Z-3.600 F400.000
G1 X-21.210 Y-138.437 Z-3.600 F400.000
G1 X-21.207 Y-138.419 Z-3.600 F400.000
G1 X-21.204 Y-138.359 Z-3.600 F400.000
G1 X-21.204 Y-135.468 Z-3.600 F400.000
G1 X-21.215 Y-135.359 Z-3.600 F400.000
G1 X-21.224 Y-135.330 Z-3.600 F400.000
G1 X-21.238 Y-135.304 Z-3.600 F400.000
G1 X-21.257 Y-135.280 Z-3.600 F400.000
G1 X-21.281 Y-135.261 Z-3.600 F400.000
G1 X-21.307 Y-135.247 Z-3.600 F400.000
G1 X-21.336 Y-135.238 Z-3.600 F400.000
G1 X-21.445 Y-135.227 Z-3.600 F400.000
G1 X-22.850 Y-135.227 Z-3.600 F400.000
G1 X-23.057 Y-135.213 Z-3.600 F400.000
G1 X-23.316 Y-135.179 Z-3.600 F400.000
G1 X-23.716 Y-135.072 Z-3.600 F400.000
G1 X-23.958 Y-134.972 Z-3.600 F400.000
G1 X-24.316 Y-134.765 Z-3.600 F400.000
G1 X-24.524 Y-134.606 Z-3.600 F400.000
G1 X-24.817 Y-134.313 Z-3.600 F400.000
G1 X-24.975 Y-134.106 Z-3.600 F400.000
G1 X-25.183 Y-133.747 Z-3.600 F400.000
G1 X-25.283 Y-133.506 Z-3.600 F400.000
G1 X-25.390 Y-133.106 Z-3.600 F400.000
G1 X-25.424 Y-132.847 Z-3.600 F400.000
G1 X-25.437 Y-132.640 Z-3.600 F400.000
G1 X-25.435 Y-109.686 Z-3.600 F400.000
G1 X-25.406 Y-109.323 Z-3.600 F400.000
G1 X-25.337 Y-108.966 Z-3.600 F400.000
G1 X-25.230 Y-108.618 Z-3.600 F400.000
G1 X-25.125 Y-108.362 Z-3.600 F400.000
G1 X-21.238 Y-100.026 Z-3.600 F400.000
G1 X-21.215 Y-99.969 Z-3.600 F400.000
G1 X-21.210 Y-99.953 Z-3.600 F400.000
G1 X-21.207 Y-99.935 Z-3.600 F400.000
G1 X-21.204 Y-99.875 Z-3.600 F400.000
G1 X-21.204 Y-96.984 Z-3.600 F400.000
G1 X-21.215 Y-96.875 Z-3.600 F400.000
G1 X-21.224 Y-96.846 Z-3.600 F400.000
G1 X-21.238 Y-96.820 Z-3.600 F400.000
G1 X-21.257 Y-96.796 Z-3.600 F400.000
G1 X-21.281 Y-96.777 Z-3.600 F400.000
G1 X-21.307 Y-96.762 Z-3.600 F400.000
G1 X-21.336 Y-96.754 Z-3.600 F400.000
G1 X-21.445 Y-96.743 Z-3.600 F400.000
G1 X-22.850 Y-96.743 Z-3.600 F400.000
G1 X-23.057 Y-96.729 Z-3.600 F400.000
G1 X-23.316 Y-96.695 Z-3.600 F400.000
G1 X-23.716 Y-96.588 Z-3.600 F400.000
G1 X-23.958 Y-96.488 Z-3.600 F400.000
G1 X-24.316 Y-96.281 Z-3.600 F400.000
G1 X-24.524 Y-96.122 Z-3.600 F400.000
G1 X-24.817 Y-95.829 Z-3.600 F400.000
G1 X-24.975 Y-95.622 Z-3.600 F400.000
G1 X-25.183 Y-95.263 Z-3.600 F400.000
G1 X-25.283 Y-95.022 Z-3.600 F400.000
G1 X-25.390 Y-94.622 Z-3.600 F400.000
G1 X-25.424 Y-94.363 Z-3.600 F400.000
G1 X-25.437 Y-94.156 Z-3.600 F400.000
G1 X-25.435 Y-71.202 Z-3.600 F400.000
G1 X-25.406 Y-70.839 Z-3.600 F400.000
G1 X-25.337 Y-70.482 Z-3.600 F400.000
G1 X-25.230 Y-70.134 Z-3.600 F400.000
G1 X-25.125 Y-69.878 Z-3.600 F400.000
G1 X-21.238 Y-61.542 Z-3.600 F400.000
G1 X-21.215 Y-61.485 Z-3.600 F400.000
G1 X-21.210 Y-61.469 Z-3.600 F400.000
G1 X-21.207 Y-61.451 Z-3.600 F400.000
G1 X-21.204 Y-61.391 Z-3.600 F400.000
G1 X-21.204 Y-58.500 Z-3.600 F400.000
G1 X-21.215 Y-58.391 Z-3.600 F400.000
G1 X-21.224 Y-58.362 Z-3.600 F400.000
G1 X-21.238 Y-58.336 Z-3.600 F400.000
G1 X-21.257 Y-58.312 Z-3.600 F400.000
G1 X-21.281 Y-58.293 Z-3.600 F400.000
G1 X-21.307 Y-58.278 Z-3.600 F400.000
G1 X-21.336 Y-58.270 Z-3.600 F400.000
G1 X-21.445 Y-58.259 Z-3.600 F400.000
G1 X-22.850 Y-58.259 Z-3.600 F400.000
G1 X-23.057 Y-58.245 Z-3.600 F400.000
G1 X-23.316 Y-58.211 Z-3.600 F400.000
G1 X-23.716 Y-58.104 Z-3.600 F400.000
G1 X-23.958 Y-58.004 Z-3.600 F400.000
G1 X-24.316 Y-57.797 Z-3.600 F400.000
G1 X-24.524 Y-57.638 Z-3.600 F400.000
G1 X-24.817 Y-57.345 Z-3.600 F400.000
G1 X-24.975 Y-57.138 Z-3.600 F400.000
G1 X-25.183 Y-56.779 Z-3.600 F400.000
G1 X-25.283 Y-56.538 Z-3.600 F400.000
G1 X-25.390 Y-56.138 Z-3.600 F400.000
G1 X-25.424 Y-55.879 Z-3.600 F400.000
G1 X-25.437 Y-55.672 Z-3.600 F400.000
G1 X-25.435 Y-32.718 Z-3.600 F400.000
G1 X-25.406 Y-32.355 Z-3.600 F400.000
G1 X-25.337 Y-31.998 Z-3.600 F400.000
G1 X-25.230 Y-31.650 Z-3.600 F400.000
G1 X-25.125 Y-31.394 Z-3.600 F400.000
G1 X-21.238 Y-23.058 Z-3.600 F400.000
G1 X-21.215 Y-23.001 Z-3.600 F400.000
G1 X-21.210 Y-22.985 Z-3.600 F400.000
G1 X-21.207 Y-22.967 Z-3.600 F400.000
G1 X-21.204 Y-22.907 Z-3.600 F400.000
G1 X-21.204 Y-20.015 Z-3.600 F400.000
G1 X-21.215 Y-19.907 Z-3.600 F400.000
G1 X-21.224 Y-19.878 Z-3.600 F400.000
G1 X-21.238 Y-19.851 Z-3.600 F400.000
G1 X-21.257 Y-19.828 Z-3.600 F400.000
G1 X-21.281 Y-19.809 Z-3.600 F400.000
G1 X-21.307 Y-19.794 Z-3.600 F400.000
G1 X-21.336 Y-19.786 Z-3.600 F400.000
G1 X-21.445 Y-19.775 Z-3.600 F400.000
G1 X-22.850 Y-19.775 Z-3.600 F400.000
G1 X-23.057 Y-19.761 Z-3.600 F400.000
G1 X-23.316 Y-19.727 Z-3.600 F400.000
G1 X-23.716 Y-19.620 Z-3.600 F400.000
G1 X-23.958 Y-19.520 Z-3.600 F400.000
G1 X-24.316 Y-19.313 Z-3.600 F400.000
G1 X-24.524 Y-19.154 Z-3.600 F400.000
G1 X-24.817 Y-18.861 Z-3.600 F400.000
G1 X-24.975 Y-18.654 Z-3.600 F400.000
G1 X-25.183 Y-18.295 Z-3.600 F400.000
G1 X-25.283 Y-18.054 Z-3.600 F400.000
G1 X-25.390 Y-17.654 Z-3.600 F400.000
G1 X-25.424 Y-17.395 Z-3.600 F400.000
G1 X-25.437 Y-17.188 Z-3.600 F400.000
G1 X-25.437 Y-3.000 Z-3.600 F400.000
G0 Z5.000
G0 X-25.437 Y-228.000
G0 Z3.000
G1 X-25.437 Y-228.000 Z-3.800 F250.000
G1 X-25.430 Y-203.927 Z-3.800 F400.000
G1 X-25.396 Y-203.586 Z-3.800 F400.000
G1 X-25.336 Y-203.281 Z-3.800 F400.000
G1 X-25.236 Y-202.952 Z-3.800 F400.000
G1 X-25.117 Y-202.665 Z-3.800 F400.000
G1 X-24.955 Y-202.362 Z-3.800 F400.000
G1 X-24.782 Y-202.104 Z-3.800 F400.000
G1 X-24.565 Y-201.838 Z-3.800 F400.000
G1 X-24.345 Y-201.618 Z-3.800 F400.000
G1 X-24.079 Y-201.401 Z-3.800 F400.000
G1 X-23.821 Y-201.228 Z-3.800 F400.000
G1 X-23.518 Y-201.066 Z-3.800 F400.000
G1 X-23.231 Y-200.947 Z-3.800 F400.000
G1 X-22.902 Y-200.847 Z-3.800 F400.000
G1 X-22.597 Y-200.787 Z-3.800 F400.000
G1 X-22.100 Y-200.745 Z-3.800 F400.000
G1 X-19.328 Y-200.745 Z-3.800 F400.000
G1 X-19.220 Y-200.735 Z-3.800 F400.000
G1 X-19.191 Y-200.726 Z-3.800 F400.000
G1 X-19.164 Y-200.712 Z-3.800 F400.000
G1 X-19.141 Y-200.692 Z-3.800 F400.000
G1 X-19.121 Y-200.669 Z-3.800 F400.000
G1 X-19.107 Y-200.642 Z-3.800 F400.000
G1 X-19.098 Y-200.613 Z-3.800 F400.000
G1 X-19.088 Y-200.505 Z-3.800 F400.000
G1 X-19.087 Y-198.798 Z-3.800 F400.000
G1 X-19.098 Y-198.690 Z-3.800 F400.000
G1 X-19.107 Y-198.661 Z-3.800 F400.000
G1 X-19.121 Y-198.634 Z-3.800 F400.000
G1 X-19.141 Y-198.611 Z-3.800 F400.000
G1 X-19.164 Y-198.592 Z-3.800 F400.000
G1 X-19.191 Y-198.577 Z-3.800 F400.000
G1 X-19.220 Y-198.569 Z-3.800 F400.000
G1 X-19.330 Y-198.558 Z-3.800 F400.000
G1 X-22.256 Y-198.550 Z-3.800 F400.000
G1 X-22.597 Y-198.517 Z-3.800 F400.000
G1 X-22.902 Y-198.456 Z-3.800 F400.000
G1 X-23.231 Y-198.356 Z-3.800 F400.000
G1 X-23.518 Y-198.237 Z-3.800 F400.000
G1 X-23.821 Y-198.076 Z-3.800 F400.000
G1 X-24.079 Y-197.903 Z-3.800 F400.000
G1 X-24.345 Y-197.685 Z-3.800 F400.000
G1 X-24.565 Y-197.465 Z-3.800 F400.000
G1 X-24.782 Y-197.200 Z-3.800 F400.000
G1 X-24.955 Y-196.941 Z-3.800 F400.000
G1 X-25.117 Y-196.638 Z-3.800 F400.000
G1 X-25.236 Y-196.351 Z-3.800 F400.000
G1 X-25.336 Y-196.023 Z-3.800 F400.000
G1 X-25.396 Y-195.717 Z-3.800 F400.000
G1 X-25.437 Y-195.220 Z-3.800 F400.000
G1 X-25.435 Y-186.654 Z-3.800 F400.000
G1 X-25.406 Y-186.291 Z-3.800 F400.000
G1 X-25.337 Y-185.934 Z-3.800 F400.000
G1 X-25.230 Y-185.586 Z-3.800 F400.000
G1 X-25.125 Y-185.330 Z-3.800 F400.000
G1 X-21.238 Y-176.994 Z-3.800 F400.000
G1 X-21.215 Y-176.938 Z-3.800 F400.000
G1 X-21.210 Y-176.921 Z-3.800 F400.000
G1 X-21.207 Y-176.903 Z-3.800 F400.000
G1 X-21.204 Y-176.843 Z-3.800 F400.000
G1 X-21.204 Y-173.952 Z-3.800 F400.000
G1 X-21.215 Y-173.843 Z-3.800 F400.000
G1 X-21.224 Y-173.814 Z-3.800 F400.000
G1 X-21.238 Y-173.788 Z-3.800 F400.000
G1 X-21.257 Y-173.764 Z-3.800 F400.000
G1 X-21.281 Y-173.745 Z-3.800 F400.000
G1 X-21.307 Y-173.731 Z-3.800 F400.000
G1 X-21.336 Y-173.722 Z-3.800 F400.000
G1 X-21.445 Y-173.711 Z-3.800 F400.000
G1 X-22.850 Y-173.711 Z-3.800 F400.000
G1 X-23.057 Y-173.697 Z-3.800 F400.000
G1 X-23.316 Y-173.663 Z-3.800 F400.000
G1 X-23.716 Y-173.556 Z-3.800 F400.000
G1 X-23.958 Y-173.456 Z-3.800 F400.000
G1 X-24.316 Y-173.249 Z-3.800 F400.000
G1 X-24.524 Y-173.090 Z-3.800 F400.000
G1 X-24.817 Y-172.797 Z-3.800 F400.000
G1 X-24.975 Y-172.590 Z-3.800 F400.000
G1 X-25.183 Y-172.231 Z-3.800 F400.000
G1 X-25.283 Y-171.990 Z-3.800 F400.000
G1 X-25.390 Y-171.590 Z-3.800 F400.000
G1 X-25.424 Y-171.331 Z-3.800 F400.000
G1 X-25.437 Y-171.124 Z-3.800 F400.000
G1 X-25.435 Y-148.170 Z-3.800 F400.000
G1 X-25.406 Y-147.807 Z-3.800 F400.000
G1 X-25.337 Y-147.450 Z-3.800 F400.000
G1 X-25.230 Y-147.102 Z-3.800 F400.000
G1 X-25.125 Y-146.846 Z-3.800 F400.000
G1 X-21.238 Y-138.510 Z-3.800 F400.000
G1 X-21.215 Y-138.454 Z-3.800 F400.000
G1 X-21.210 Y-138.437 Z-3.800 F400.000
G1 X-21.207 Y-138.419 Z-3.800 F400.000
G1 X-21.204 Y-138.359 Z-3.800 F400.000
G1 X-21.204 Y-135.468 Z-3.800 F400.000
G1 X-21.215 Y-135.359 Z-3.800 F400.000
G1 X-21.224 Y-135.330 Z-3.800 F400.000
G1 X-21.238 Y-135.304 Z-3.800 F400.000
G1 X-21.257 Y-135.280 Z-3.800 F400.000
G1 X-21.281 Y-135.261 Z-3.800 F400.000
G1 X-21.307 Y-135.247 Z-3.800 F400.000
G1 X-21.336 Y-135.238 Z-3.800 F400.000
G1 X-21.445 Y-135.227 Z-3.800 F400.000
G1 X-22.850 Y-135.227 Z-3.800 F400.000
G1 X-23.057 Y-135.213 Z-3.800 F400.000
G1 X-23.316 Y-135.179 Z-3.800 F400.000
G1 X-23.716 Y-135.072 Z-3.800 F400.000
G1 X-23.958 Y-134.972 Z-3.800 F400.000
G1 X-24.316 Y-134.765 Z-3.800 F400.000
G1 X-24.524 Y-134.606 Z-3.800 F400.000
G1 X-24.817 Y-134.313 Z-3.800 F400.000
G1 X-24.975 Y-134.106 Z-3.800 F400.000
G1 X-25.183 Y-133.747 Z-3.800 F400.000
G1 X-25.283 Y-133.506 Z-3.800 F400.000
G1 X-25.390 Y-133.106 Z-3.800 F400.000
G1 X-25.424 Y-132.847 Z-3.800 F400.000
G1 X-25.437 Y-132.640 Z-3.800 F400.000
G1 X-25.435 Y-109.686 Z-3.800 F400.000
G1 X-25.406 Y-109.323 Z-3.800 F400.000
G1 X-25.337 Y-108.966 Z-3.800 F400.000
G1 X-25.230 Y-108.618 Z-3.800 F400.000
G1 X-25.125 Y-108.362 Z-3.800 F400.000
G1 X-21.238 Y-100.026 Z-3.800 F400.000
G1 X-21.215 Y-99.969 Z-3.800 F400.000
G1 X-21.210 Y-99.953 Z-3.800 F400.000
G1 X-21.207 Y-99.935 Z-3.800 F400.000
G1 X-21.204 Y-99.875 Z-3.800 F400.000
G1 X-21.204 Y-96.984 Z-3.800 F400.000
G1 X-21.215 Y-96.875 Z-3.800 F400.000
G1 X-21.224 Y-96.846 Z-3.800 F400.000
G1 X-21.238 Y-96.820 Z-3.800 F400.000
G1 X-21.257 Y-96.796 Z-3.800 F400.000
G1 X-21.281 Y-96.777 Z-3.800 F400.000
G1 X-21.307 Y-96.762 Z-3.800 F400.000
G1 X-21.336 Y-96.754 Z-3.800 F400.000
G1 X-21.445 Y-96.743 Z-3.800 F400.000
G1 X-22.850 Y-96.743 Z-3.800 F400.000
G1 X-23.057 Y-96.729 Z-3.800 F400.000
G1 X-23.316 Y-96.695 Z-3.800 F400.000
G1 X-23.716 Y-96.588 Z-3.800 F400.000
G1 X-23.958 Y-96.488 Z-3.800 F400.000
G1 X-24.316 Y-96.281 Z-3.800 F400.000
G1 X-24.524 Y-96.122 Z-3.800 F400.000
G1 X-24.817 Y-95.829 Z-3.800 F400.000
G1 X-24.975 Y-95.622 Z-3.800 F400.000
G1 X-25.183 Y-95.263 Z-3.800 F400.000
G1 X-25.283 Y-95.022 Z-3.800 F400.000
G1 X-25.390 Y-94.622 Z-3.800 F400.000
G1 X-25.424 Y-94.363 Z-3.800 F400.000
G1 X-25.437 Y-94.156 Z-3.800 F400.000
G1 X-25.435 Y-71.202 Z-3.800 F400.000
G1 X-25.406 Y-70.839 Z-3.800 F400.000
G1 X-25.337 Y-70.482 Z-3.800 F400.000
G1 X-25.230 Y-70.134 Z-3.800 F400.000
G1 X-25.125 Y-69.878 Z-3.800 F400.000
G1 X-21.238 Y-61.542 Z-3.800 F400.000
G1 X-21.215 Y-61.485 Z-3.800 F400.000
G1 X-21.210 Y-61.469 Z-3.800 F400.000
G1 X-21.207 Y-61.451 Z-3.800 F400.000
G1 X-21.204 Y-61.391 Z-3.800 F400.000
G1 X-21.204 Y-58.500 Z-3.800 F400.000
G1 X-21.215 Y-58.391 Z-3.800 F400.000
G1 X-21.224 Y-58.362 Z-3.800 F400.000
G1 X-21.238 Y-58.336 Z-3.800 F400.000
G1 X-21.257 Y-58.312 Z-3.800 F400.000
G1 X-21.281 Y-58.293 Z-3.800 F400.000
G1 X-21.307 Y-58.278 Z-3.800 F400.000
G1 X-21.336 Y-58.270 Z-3.800 F400.000
G1 X-21.445 Y-58.259 Z-3.800 F400.000
G1 X-22.850 Y-58.259 Z-3.800 F400.000
G1 X-23.057 Y-58.245 Z-3.800 F400.000
G1 X-23.316 Y-58.211 Z-3.800 F400.000
G1 X-23.716 Y-58.104 Z-3.800 F400.000
G1 X-23.958 Y-58.004 Z-3.800 F400.000
G1 X-24.316 Y-57.797 Z-3.800 F400.000
G1 X-24.524 Y-57.638 Z-3.800 F400.000
G1 X-24.817 Y-57.345 Z-3.800 F400.000
G1 X-24.975 Y-57.138 Z-3.800 F400.000
G1 X-25.183 Y-56.779 Z-3.800 F400.000
G1 X-25.283 Y-56.538 Z-3.800 F400.000
G1 X-25.390 Y-56.138 Z-3.800 F400.000
G1 X-25.424 Y-55.879 Z-3.800 F400.000
G1 X-25.437 Y-55.672 Z-3.800 F400.000
G1 X-25.435 Y-32.718 Z-3.800 F400.000
G1 X-25.406 Y-32.355 Z-3.800 F400.000
G1 X-25.337 Y-31.998 Z-3.800 F400.000
G1 X-25.230 Y-31.650 Z-3.800 F400.000
G1 X-25.125 Y-31.394 Z-3.800 F400.000
G1 X-21.238 Y-23.058 Z-3.800 F400.000
G1 X-21.215 Y-23.001 Z-3.800 F400.000
G1 X-21.210 Y-22.985 Z-3.800 F400.000
G1 X-21.207 Y-22.967 Z-3.800 F400.000
G1 X-21.204 Y-22.907 Z-3.800 F400.000
G1 X-21.204 Y-20.015 Z-3.800 F400.000
G1 X-21.215 Y-19.907 Z-3.800 F400.000
G1 X-21.224 Y-19.878 Z-3.800 F400.000
G1 X-21.238 Y-19.851 Z-3.800 F400.000
G1 X-21.257 Y-19.828 Z-3.800 F400.000
G1 X-21.281 Y-19.809 Z-3.800 F400.000
G1 X-21.307 Y-19.794 Z-3.800 F400.000
G1 X-21.336 Y-19.786 Z-3.800 F400.000
G1 X-21.445 Y-19.775 Z-3.800 F400.000
G1 X-22.850 Y-19.775 Z-3.800 F400.000
G1 X-23.057 Y-19.761 Z-3.800 F400.000
G1 X-23.316 Y-19.727 Z-3.800 F400.000
G1 X-23.716 Y-19.620 Z-3.800 F400.000
G1 X-23.958 Y-19.520 Z-3.800 F400.000
G1 X-24.316 Y-19.313 Z-3.800 F400.000
G1 X-24.524 Y-19.154 Z-3.800 F400.000
G1 X-24.817 Y-18.861 Z-3.800 F400.000
G1 X-24.975 Y-18.654 Z-3.800 F400.000
G1 X-25.183 Y-18.295 Z-3.800 F400.000
G1 X-25.283 Y-18.054 Z-3.800 F400.000
G1 X-25.390 Y-17.654 Z-3.800 F400.000
G1 X-25.424 Y-17.395 Z-3.800 F400.000
G1 X-25.437 Y-17.188 Z-3.800 F400.000
G1 X-25.437 Y-3.000 Z-3.800 F400.000
G0 Z5.000
G0 X-25.437 Y-228.000
G0 Z3.000
G1 X-25.437 Y-228.000 Z-4.000 F250.000
G1 X-25.430 Y-203.927 Z-4.000 F400.000
G1 X-25.396 Y-203.586 Z-4.000 F400.000
G1 X-25.336 Y-203.281 Z-4.000 F400.000
G1 X-25.236 Y-202.952 Z-4.000 F400.000
G1 X-25.117 Y-202.665 Z-4.000 F400.000
G1 X-24.955 Y-202.362 Z-4.000 F400.000
G1 X-24.782 Y-202.104 Z-4.000 F400.000
G1 X-24.565 Y-201.838 Z-4.000 F400.000
G1 X-24.345 Y-201.618 Z-4.000 F400.000
G1 X-24.079 Y-201.401 Z-4.000 F400.000
G1 X-23.821 Y-201.228 Z-4.000 F400.000
G1 X-23.518 Y-201.066 Z-4.000 F400.000
G1 X-23.231 Y-200.947 Z-4.000 F400.000
G1 X-22.902 Y-200.847 Z-4.000 F400.000
G1 X-22.597 Y-200.787 Z-4.000 F400.000
G1 X-22.100 Y-200.745 Z-4.000 F400.000
G1 X-19.328 Y-200.745 Z-4.000 F400.000
G1 X-19.220 Y-200.735 Z-4.000 F400.000
G1 X-19.191 Y-200.726 Z-4.000 F400.000
G1 X-19.164 Y-200.712 Z-4.000 F400.000
G1 X-19.141 Y-200.692 Z-4.000 F400.000
G1 X-19.121 Y-200.669 Z-4.000 F400.000
G1 X-19.107 Y-200.642 Z-4.000 F400.000
G1 X-19.098 Y-200.613 Z-4.000 F400.000
G1 X-19.088 Y-200.505 Z-4.000 F400.000
G1 X-19.087 Y-198.798 Z-4.000 F400.000
G1 X-19.098 Y-198.690 Z-4.000 F400.000
G1 X-19.107 Y-198.661 Z-4.000 F400.000
G1 X-19.121 Y-198.634 Z-4.000 F400.000
G1 X-19.141 Y-198.611 Z-4.000 F400.000
G1 X-19.164 Y-198.592 Z-4.000 F400.000
G1 X-19.191 Y-198.577 Z-4.000 F400.000
G1 X-19.220 Y-198.569 Z-4.000 F400.000
G1 X-19.330 Y-198.558 Z-4.000 F400.000
G1 X-22.256 Y-198.550 Z-4.000 F400.000
G1 X-22.597 Y-198.517 Z-4.000 F400.000
G1 X-22.902 Y-198.456 Z-4.000 F400.000
G1 X-23.231 Y-198.356 Z-4.000 F400.000
G1 X-23.518 Y-198.237 Z-4.000 F400.000
G1 X-23.821 Y-198.076 Z-4.000 F400.000
G1 X-24.079 Y-197.903 Z-4.000 F400.000
G1 X-24.345 Y-197.685 Z-4.000 F400.000
G1 X-24.565 Y-197.465 Z-4.000 F400.000
G1 X-24.782 Y-197.200 Z-4.000 F400.000
G1 X-24.955 Y-196.941 Z-4.000 F400.000
G1 X-25.117 Y-196.638 Z-4.000 F400.000
G1 X-25.236 Y-196.351 Z-4.000 F400.000
G1 X-25.336 Y-196.023 Z-4.000 F400.000
G1 X-25.396 Y-195.717 Z-4.000 F400.000
G1 X-25.437 Y-195.220 Z-4.000 F400.000
G1 X-25.435 Y-186.654 Z-4.000 F400.000
G1 X-25.406 Y-186.291 Z-4.000 F400.000
G1 X-25.337 Y-185.934 Z-4.000 F400.000
G1 X-25.230 Y-185.586 Z-4.000 F400.000
G1 X-25.125 Y-185.330 Z-4.000 F400.000
G1 X-21.238 Y-176.994 Z-4.000 F400.000
G1 X-21.215 Y-176.938 Z-4.000 F400.000
G1 X-21.210 Y-176.921 Z-4.000 F400.000
G1 X-21.207 Y-176.903 Z-4.000 F400.000
G1 X-21.204 Y-176.843 Z-4.000 F400.000
G1 X-21.204 Y-173.952 Z-4.000 F400.000
G1 X-21.215 Y-173.843 Z-4.000 F400.000
G1 X-21.224 Y-173.814 Z-4.000 F400.000
G1 X-21.238 Y-173.788 Z-4.000 F400.000
G1 X-21.257 Y-173.764 Z-4.000 F400.000
G1 X-21.281 Y-173.745 Z-4.000 F400.000
G1 X-21.307 Y-173.731 Z-4.000 F400.000
G1 X-21.336 Y-173.722 Z-4.000 F400.000
G1 X-21.445 Y-173.711 Z-4.000 F400.000
G1 X-22.850 Y-173.711 Z-4.000 F400.000
G1 X-23.057 Y-173.697 Z-4.000 F400.000
G1 X-23.316 Y-173.663 Z-4.000 F400.000
G1 X-23.716 Y-173.556 Z-4.000 F400.000
G1 X-23.958 Y-173.456 Z-4.000 F400.000
G1 X-24.316 Y-173.249 Z-4.000 F400.000
G1 X-24.524 Y-173.090 Z-4.000 F400.000
G1 X-24.817 Y-172.797 Z-4.000 F400.000
G1 X-24.975 Y-172.590 Z-4.000 F400.000
G1 X-25.183 Y-172.231 Z-4.000 F400.000
G1 X-25.283 Y-171.990 Z-4.000 F400.000
G1 X-25.390 Y-171.590 Z-4.000 F400.000
G1 X-25.424 Y-171.331 Z-4.000 F400.000
G1 X-25.437 Y-171.124 Z-4.000 F400.000
G1 X-25.435 Y-148.170 Z-4.000 F400.000
G1 X-25.406 Y-147.807 Z-4.000 F400.000
G1 X-25.337 Y-147.450 Z-4.000 F400.000
G1 X-25.230 Y-147.102 Z-4.000 F400.000
G1 X-25.125 Y-146.846 Z-4.000 F400.000
G1 X-21.238 Y-138.510 Z-4.000 F400.000
G1 X-21.215 Y-138.454 Z-4.000 F400.000
G1 X-21.210 Y-138.437 Z-4.000 F400.000
G1 X-21.207 Y-138.419 Z-4.000 F400.000
G1 X-21.204 Y-138.359 Z-4.000 F400.000
G1 X-21.204 Y-135.468 Z-4.000 F400.000
G1 X-21.215 Y-135.359 Z-4.000 F400.000
G1 X-21.224 Y-135.330 Z-4.000 F400.000
G1 X-21.238 Y-135.304 Z-4.000 F400.000
G1 X-21.257 Y-135.280 Z-4.000 F400.000
G1 X-21.281 Y-135.261 Z-4.000 F400.000
G1 X-21.307 Y-135.247 Z-4.000 F400.000
G1 X-21.336 Y-135.238 Z-4.000 F400.000
G1 X-21.445 Y-135.227 Z-4.000 F400.000
G1 X-22.850 Y-135.227 Z-4.000 F400.000
G1 X-23.057 Y-135.213 Z-4.000 F400.000
G1 X-23.316 Y-135.179 Z-4.000 F400.000
G1 X-23.716 Y-135.072 Z-4.000 F400.000
G1 X-23.958 Y-134.972 Z-4.000 F400.000
G1 X-24.316 Y-134.765 Z-4.000 F400.000
G1 X-24.524 Y-134.606 Z-4.000 F400.000
G1 X-24.817 Y-134.313 Z-4.000 F400.000
G1 X-24.975 Y-134.106 Z-4.000 F400.000
G1 X-25.183 Y-133.747 Z-4.000 F400.000
G1 X-25.283 Y-133.506 Z-4.000 F400.000
G1 X-25.390 Y-133.106 Z-4.000 F400.000
G1 X-25.424 Y-132.847 Z-4.000 F400.000
G1 X-25.437 Y-132.640 Z-4.000 F400.000
G1 X-25.435 Y-109.686 Z-4.000 F400.000
G1 X-25.406 Y-109.323 Z-4.000 F400.000
G1 X-25.337 Y-108.966 Z-4.000 F400.000
G1 X-25.230 Y-108.618 Z-4.000 F400.000
G1 X-25.125 Y-108.362 Z-4.000 F400.000
G1 X-21.238 Y-100.026 Z-4.000 F400.000
G1 X-21.215 Y-99.969 Z-4.000 F400.000
G1 X-21.210 Y-99.953 Z-4.000 F400.000
G1 X-21.207 Y-99.935 Z-4.000 F400.000
G1 X-21.204 Y-99.875 Z-4.000 F400.000
G1 X-21.204 Y-96.984 Z-4.000 F400.000
G1 X-21.215 Y-96.875 Z-4.000 F400.000
G1 X-21.224 Y-96.846 Z-4.000 F400.000
G1 X-21.238 Y-96.820 Z-4.000 F400.000
G1 X-21.257 Y-96.796 Z-4.000 F400.000
G1 X-21.281 Y-96.777 Z-4.000 F400.000
G1 X-21.307 Y-96.762 Z-4.000 F400.000
G1 X-21.336 Y-96.754 Z-4.000 F400.000
G1 X-21.445 Y-96.743 Z-4.000 F400.000
G1 X-22.850 Y-96.743 Z-4.000 F400.000
G1 X-23.057 Y-96.729 Z-4.000 F400.000
G1 X-23.316 Y-96.695 Z-4.000 F400.000
G1 X-23.716 Y-96.588 Z-4.000 F400.000
G1 X-23.958 Y-96.488 Z-4.000 F400.000
G1 X-24.316 Y-96.281 Z-4.000 F400.000
G1 X-24.524 Y-96.122 Z-4.000 F400.000
G1 X-24.817 Y-95.829 Z-4.000 F400.000
G1 X-24.975 Y-95.622 Z-4.000 F400.000
G1 X-25.183 Y-95.263 Z-4.000 F400.000
G1 X-25.283 Y-95.022 Z-4.000 F400.000
G1 X-25.390 Y-94.622 Z-4.000 F400.000
G1 X-25.424 Y-94.363 Z-4.000 F400.000
G1 X-25.437 Y-94.156 Z-4.000 F400.000
G1 X-25.435 Y-71.202 Z-4.000 F400.000
G1 X-25.406 Y-70.839 Z-4.000 F400.000
G1 X-25.337 Y-70.482 Z-4.000 F400.000
G1 X-25.230 Y-70.134 Z-4.000 F400.000
G1 X-25.125 Y-69.878 Z-4.000 F400.000
G1 X-21.238 Y-61.542 Z-4.000 F400.000
G1 X-21.215 Y-61.485 Z-4.000 F400.000
G1 X-21.210 Y-61.469 Z-4.000 F400.000
G1 X-21.207 Y-61.451 Z-4.000 F400.000
G1 X-21.204 Y-61.391 Z-4.000 F400.000
G1 X-21.204 Y-58.500 Z-4.000 F400.000
G1 X-21.215 Y-58.391 Z-4.000 F400.000
G1 X-21.224 Y-58.362 Z-4.000 F400.000
G1 X-21.238 Y-58.336 Z-4.000 F400.000
G1 X-21.257 Y-58.312 Z-4.000 F400.000
G1 X-21.281 Y-58.293 Z-4.000 F400.000
G1 X-21.307 Y-58.278 Z-4.000 F400.000
G1 X-21.336 Y-58.270 Z-4.000 F400.000
G1 X-21.445 Y-58.259 Z-4.000 F400.000
G1 X-22.850 Y-58.259 Z-4.000 F400.000
G1 X-23.057 Y-58.245 Z-4.000 F400.000
G1 X-23.316 Y-58.211 Z-4.000 F400.000
G1 X-23.716 Y-58.104 Z-4.000 F400.000
G1 X-23.958 Y-58.004 Z-4.000 F400.000
G1 X-24.316 Y-57.797 Z-4.000 F400.000
G1 X-24.524 Y-57.638 Z-4.000 F400.000
G1 X-24.817 Y-57.345 Z-4.000 F400.000
G1 X-24.975 Y-57.138 Z-4.000 F400.000
G1 X-25.183 Y-56.779 Z-4.000 F400.000
G1 X-25.283 Y-56.538 Z-4.000 F400.000
G1 X-25.390 Y-56.138 Z-4.000 F400.000
G1 X-25.424 Y-55.879 Z-4.000 F400.000
G1 X-25.437 Y-55.672 Z-4.000 F400.000
G1 X-25.435 Y-32.718 Z-4.000 F400.000
G1 X-25.406 Y-32.355 Z-4.000 F400.000
G1 X-25.337 Y-31.998 Z-4.000 F400.000
G1 X-25.230 Y-31.650 Z-4.000 F400.000
G1 X-25.125 Y-31.394 Z-4.000 F400.000
G1 X-21.238 Y-23.058 Z-4.000 F400.000
G1 X-21.215 Y-23.001 Z-4.000 F400.000
G1 X-21.210 Y-22.985 Z-4.000 F400.000
G1 X-21.207 Y-22.967 Z-4.000 F400.000
G1 X-21.204 Y-22.907 Z-4.000 F400.000
G1 X-21.204 Y-20.015 Z-4.000 F400.000
G1 X-21.215 Y-19.907 Z-4.000 F400.000
G1 X-21.224 Y-19.878 Z-4.000 F400.000
G1 X-21.238 Y-19.851 Z-4.000 F400.000
G1 X-21.257 Y-19.828 Z-4.000 F400.000
G1 X-21.281 Y-19.809 Z-4.000 F400.000
G1 X-21.307 Y-19.794 Z-4.000 F400.000
G1 X-21.336 Y-19.786 Z-4.000 F400.000
G1 X-21.445 Y-19.775 Z-4.000 F400.000
G1 X-22.850 Y-19.775 Z-4.000 F400.000
G1 X-23.057 Y-19.761 Z-4.000 F400.000
G1 X-23.316 Y-19.727 Z-4.000 F400.000
G1 X-23.716 Y-19.620 Z-4.000 F400.000
G1 X-23.958 Y-19.520 Z-4.000 F400.000
G1 X-24.316 Y-19.313 Z-4.000 F400.000
G1 X-24.524 Y-19.154 Z-4.000 F400.000
G1 X-24.817 Y-18.861 Z-4.000 F400.000
G1 X-24.975 Y-18.654 Z-4.000 F400.000
G1 X-25.183 Y-18.295 Z-4.000 F400.000
G1 X-25.283 Y-18.054 Z-4.000 F400.000
G1 X-25.390 Y-17.654 Z-4.000 F400.000
G1 X-25.424 Y-17.395 Z-4.000 F400.000
G1 X-25.437 Y-17.188 Z-4.000 F400.000
G1 X-25.437 Y-3.000 Z-4.000 F400.000
G0 Z5.000
G0 X-25.437 Y-228.000
G0 Z3.000
G1 X-25.437 Y-228.000 Z-4.200 F250.000
G1 X-25.430 Y-203.927 Z-4.200 F400.000
G1 X-25.396 Y-203.586 Z-4.200 F400.000
G1 X-25.336 Y-203.281 Z-4.200 F400.000
G1 X-25.236 Y-202.952 Z-4.200 F400.000
G1 X-25.117 Y-202.665 Z-4.200 F400.000
G1 X-24.955 Y-202.362 Z-4.200 F400.000
G1 X-24.782 Y-202.104 Z-4.200 F400.000
G1 X-24.565 Y-201.838 Z-4.200 F400.000
G1 X-24.345 Y-201.618 Z-4.200 F400.000
G1 X-24.079 Y-201.401 Z-4.200 F400.000
G1 X-23.821 Y-201.228 Z-4.200 F400.000
G1 X-23.518 Y-201.066 Z-4.200 F400.000
G1 X-23.231 Y-200.947 Z-4.200 F400.000
G1 X-22.902 Y-200.847 Z-4.200 F400.000
G1 X-22.597 Y-200.787 Z-4.200 F400.000
G1 X-22.100 Y-200.745 Z-4.200 F400.000
G1 X-19.328 Y-200.745 Z-4.200 F400.000
G1 X-19.220 Y-200.735 Z-4.200 F400.000
G1 X-19.191 Y-200.726 Z-4.200 F400.000
G1 X-19.164 Y-200.712 Z-4.200 F400.000
G1 X-19.141 Y-200.692 Z-4.200 F400.000
G1 X-19.121 Y-200.669 Z-4.200 F400.000
G1 X-19.107 Y-200.642 Z-4.200 F400.000
G1 X-19.098 Y-200.613 Z-4.200 F400.000
G1 X-19.088 Y-200.505 Z-4.200 F400.000
G1 X-19.087 Y-198.798 Z-4.200 F400.000
G1 X-19.098 Y-198.690 Z-4.200 F400.000
G1 X-19.107 Y-198.661 Z-4.200 F400.000
G1 X-19.121 Y-198.634 Z-4.200 F400.000
G1 X-19.141 Y-198.611 Z-4.200 F400.000
G1 X-19.164 Y-198.592 Z-4.200 F400.000
G1 X-19.191 Y-198.577 Z-4.200 F400.000
G1 X-19.220 Y-198.569 Z-4.200 F400.000
G1 X-19.330 Y-198.558 Z-4.200 F400.000
G1 X-22.256 Y-198.550 Z-4.200 F400.000
G1 X-22.597 Y-198.517 Z-4.200 F400.000
G1 X-22.902 Y-198.456 Z-4.200 F400.000
G1 X-23.231 Y-198.356 Z-4.200 F400.000
G1 X-23.518 Y-198.237 Z-4.200 F400.000
G1 X-23.821 Y-198.076 Z-4.200 F400.000
G1 X-24.079 Y-197.903 Z-4.200 F400.000
G1 X-24.345 Y-197.685 Z-4.200 F400.000
G1 X-24.565 Y-197.465 Z-4.200 F400.000
G1 X-24.782 Y-197.200 Z-4.200 F400.000
G1 X-24.955 Y-196.941 Z-4.200 F400.000
G1 X-25.117 Y-196.638 Z-4.200 F400.000
G1 X-25.236 Y-196.351 Z-4.200 F400.000
G1 X-25.336 Y-196.023 Z-4.200 F400.000
G1 X-25.396 Y-195.717 Z-4.200 F400.000
G1 X-25.437 Y-195.220 Z-4.200 F400.000
G1 X-25.435 Y-186.654 Z-4.200 F400.000
G1 X-25.406 Y-186.291 Z-4.200 F400.000
G1 X-25.337 Y-185.934 Z-4.200 F400.000
G1 X-25.230 Y-185.586 Z-4.200 F400.000
G1 X-25.125 Y-185.330 Z-4.200 F400.000
G1 X-21.238 Y-176.994 Z-4.200 F400.000
G1 X-21.215 Y-176.938 Z-4.200 F400.000
G1 X-21.210 Y-176.921 Z-4.200 F400.000
G1 X-21.207 Y-176.903 Z-4.200 F400.000
G1 X-21.204 Y-176.843 Z-4.200 F400.000
G1 X-21.204 Y-173.952 Z-4.200 F400.000
G1 X-21.215 Y-173.843 Z-4.200 F400.000
G1 X-21.224 Y-173.814 Z-4.200 F400.000
G1 X-21.238 Y-173.788 Z-4.200 F400.000
G1 X-21.257 Y-173.764 Z-4.200 F400.000
G1 X-21.281 Y-173.745 Z-4.200 F400.000
G1 X-21.307 Y-173.731 Z-4.200 F400.000
G1 X-21.336 Y-173.722 Z-4.200 F400.000
G1 X-21.445 Y-173.711 Z-4.200 F400.000
G1 X-22.850 Y-173.711 Z-4.200 F400.000
G1 X-23.057 Y-173.697 Z-4.200 F400.000
G1 X-23.316 Y-173.663 Z-4.200 F400.000
G1 X-23.716 Y-173.556 Z-4.200 F400.000
G1 X-23.958 Y-173.456 Z-4.200 F400.000
G1 X-24.316 Y-173.249 Z-4.200 F400.000
G1 X-24.524 Y-173.090 Z-4.200 F400.000
G1 X-24.817 Y-172.797 Z-4.200 F400.000
G1 X-24.975 Y-172.590 Z-4.200 F400.000
G1 X-25.183 Y-172.231 Z-4.200 F400.000
G1 X-25.283 Y-171.990 Z-4.200 F400.000
G1 X-25.390 Y-171.590 Z-4.200 F400.000
G1 X-25.424 Y-171.331 Z-4.200 F400.000
G1 X-25.437 Y-171.124 Z-4.200 F400.000
G1 X-25.435 Y-148.170 Z-4.200 F400.000
G1 X-25.406 Y-147.807 Z-4.200 F400.000
G1 X-25.337 Y-147.450 Z-4.200 F400.000
G1 X-25.230 Y-147.102 Z-4.200 F400.000
G1 X-25.125 Y-146.846 Z-4.200 F400.000
G1 X-21.238 Y-138.510 Z-4.200 F400.000
G1 X-21.215 Y-138.454 Z-4.200 F400.000
G1 X-21.210 Y-138.437 Z-4.200 F400.000
G1 X-21.207 Y-138.419 Z-4.200 F400.000
G1 X-21.204 Y-138.359 Z-4.200 F400.000
G1 X-21.204 Y-135.468 Z-4.200 F400.000
G1 X-21.215 Y-135.359 Z-4.200 F400.000
G1 X-21.224 Y-135.330 Z-4.200 F400.000
G1 X-21.238 Y-135.304 Z-4.200 F400.000
G1 X-21.257 Y-135.280 Z-4.200 F400.000
G1 X-21.281 Y-135.261 Z-4.200 F400.000
G1 X-21.307 Y-135.247 Z-4.200 F400.000
G1 X-21.336 Y-135.238 Z-4.200 F400.000
G1 X-21.445 Y-135.227 Z-4.200 F400.000
G1 X-22.850 Y-135.227 Z-4.200 F400.000
G1 X-23.057 Y-135.213 Z-4.200 F400.000
G1 X-23.316 Y-135.179 Z-4.200 F400.000
G1 X-23.716 Y-135.072 Z-4.200 F400.000
G1 X-23.958 Y-134.972 Z-4.200 F400.000
G1 X-24.316 Y-134.765 Z-4.200 F400.000
G1 X-24.524 Y-134.606 Z-4.200 F400.000
G1 X-24.817 Y-134.313 Z-4.200 F400.000
G1 X-24.975 Y-134.106 Z-4.200 F400.000
G1 X-25.183 Y-133.747 Z-4.200 F400.000
G1 X-25.283 Y-133.506 Z-4.200 F400.000
G1 X-25.390 Y-133.106 Z-4.200 F400.000
G1 X-25.424 Y-132.847 Z-4.200 F400.000
G1 X-25.437 Y-132.640 Z-4.200 F400.000
G1 X-25.435 Y-109.686 Z-4.200 F400.000
G1 X-25.406 Y-109.323 Z-4.200 F400.000
G1 X-25.337 Y-108.966 Z-4.200 F400.000
G1 X-25.230 Y-108.618 Z-4.200 F400.000
G1 X-25.125 Y-108.362 Z-4.200 F400.000
G1 X-21.238 Y-100.026 Z-4.200 F400.000
G1 X-21.215 Y-99.969 Z-4.200 F400.000
G1 X-21.210 Y-99.953 Z-4.200 F400.000
G1 X-21.207 Y-99.935 Z-4.200 F400.000
G1 X-21.204 Y-99.875 Z-4.200 F400.000
G1 X-21.204 Y-96.984 Z-4.200 F400.000
G1 X-21.215 Y-96.875 Z-4.200 F400.000
G1 X-21.224 Y-96.846 Z-4.200 F400.000
G1 X-21.238 Y-96.820 Z-4.200 F400.000
G1 X-21.257 Y-96.796 Z-4.200 F400.000
G1 X-21.281 Y-96.777 Z-4.200 F400.000
G1 X-21.307 Y-96.762 Z-4.200 F400.000
G1 X-21.336 Y-96.754 Z-4.200 F400.000
G1 X-21.445 Y-96.743 Z-4.200 F400.000
G1 X-22.850 Y-96.743 Z-4.200 F400.000
G1 X-23.057 Y-96.729 Z-4.200 F400.000
G1 X-23.316 Y-96.695 Z-4.200 F400.000
G1 X-23.716 Y-96.588 Z-4.200 F400.000
G1 X-23.958 Y-96.488 Z-4.200 F400.000
G1 X-24.316 Y-96.281 Z-4.200 F400.000
G1 X-24.524 Y-96.122 Z-4.200 F400.000
G1 X-24.817 Y-95.829 Z-4.200 F400.000
G1 X-24.975 Y-95.622 Z-4.200 F400.000
G1 X-25.183 Y-95.263 Z-4.200 F400.000
G1 X-25.283 Y-95.022 Z-4.200 F400.000
G1 X-25.390 Y-94.622 Z-4.200 F400.000
G1 X-25.424 Y-94.363 Z-4.200 F400.000
G1 X-25.437 Y-94.156 Z-4.200 F400.000
G1 X-25.435 Y-71.202 Z-4.200 F400.000
G1 X-25.406 Y-70.839 Z-4.200 F400.000
G1 X-25.337 Y-70.482 Z-4.200 F400.000
G1 X-25.230 Y-70.134 Z-4.200 F400.000
G1 X-25.125 Y-69.878 Z-4.200 F400.000
G1 X-21.238 Y-61.542 Z-4.200 F400.000
G1 X-21.215 Y-61.485 Z-4.200 F400.000
G1 X-21.210 Y-61.469 Z-4.200 F400.000
G1 X-21.207 Y-61.451 Z-4.200 F400.000
G1 X-21.204 Y-61.391 Z-4.200 F400.000
G1 X-21.204 Y-58.500 Z-4.200 F400.000
G1 X-21.215 Y-58.391 Z-4.200 F400.000
G1 X-21.224 Y-58.362 Z-4.200 F400.000
G1 X-21.238 Y-58.336 Z-4.200 F400.000
G1 X-21.257 Y-58.312 Z-4.200 F400.000
G1 X-21.281 Y-58.293 Z-4.200 F400.000
G1 X-21.307 Y-58.278 Z-4.200 F400.000
G1 X-21.336 Y-58.270 Z-4.200 F400.000
G1 X-21.445 Y-58.259 Z-4.200 F400.000
G1 X-22.850 Y-58.259 Z-4.200 F400.000
G1 X-23.057 Y-58.245 Z-4.200 F400.000
G1 X-23.316 Y-58.211 Z-4.200 F400.000
G1 X-23.716 Y-58.104 Z-4.200 F400.000
G1 X-23.958 Y-58.004 Z-4.200 F400.000
G1 X-24.316 Y-57.797 Z-4.200 F400.000
G1 X-24.524 Y-57.638 Z-4.200 F400.000
G1 X-24.817 Y-57.345 Z-4.200 F400.000
G1 X-24.975 Y-57.138 Z-4.200 F400.000
G1 X-25.183 Y-56.779 Z-4.200 F400.000
G1 X-25.283 Y-56.538 Z-4.200 F400.000
G1 X-25.390 Y-56.138 Z-4.200 F400.000
G1 X-25.424 Y-55.879 Z-4.200 F400.000
G1 X-25.437 Y-55.672 Z-4.200 F400.000
G1 X-25.435 Y-32.718 Z-4.200 F400.000
G1 X-25.406 Y-32.355 Z-4.200 F400.000
G1 X-25.337 Y-31.998 Z-4.200 F400.000
G1 X-25.230 Y-31.650 Z-4.200 F400.000
G1 X-25.125 Y-31.394 Z-4.200 F400.000
G1 X-21.238 Y-23.058 Z-4.200 F400.000
G1 X-21.215 Y-23.001 Z-4.200 F400.000
G1 X-21.210 Y-22.985 Z-4.200 F400.000
G1 X-21.207 Y-22.967 Z-4.200 F400.000
G1 X-21.204 Y-22.907 Z-4.200 F400.000
G1 X-21.204 Y-20.015 Z-4.200 F400.000
G1 X-21.215 Y-19.907 Z-4.200 F400.000
G1 X-21.224 Y-19.878 Z-4.200 F400.000
G1 X-21.238 Y-19.851 Z-4.200 F400.000
G1 X-21.257 Y-19.828 Z-4.200 F400.000
G1 X-21.281 Y-19.809 Z-4.200 F400.000
G1 X-21.307 Y-19.794 Z-4.200 F400.000
G1 X-21.336 Y-19.786 Z-4.200 F400.000
G1 X-21.445 Y-19.775 Z-4.200 F400.000
G1 X-22.850 Y-19.775 Z-4.200 F400.000
G1 X-23.057 Y-19.761 Z-4.200 F400.000
G1 X-23.316 Y-19.727 Z-4.200 F400.000
G1 X-23.716 Y-19.620 Z-4.200 F400.000
G1 X-23.958 Y-19.520 Z-4.200 F400.000
G1 X-24.316 Y-19.313 Z-4.200 F400.000
G1 X-24.524 Y-19.154 Z-4.200 F400.000
G1 X-24.817 Y-18.861 Z-4.200 F400.000
G1 X-24.975 Y-18.654 Z-4.200 F400.000
G1 X-25.183 Y-18.295 Z-4.200 F400.000
G1 X-25.283 Y-18.054 Z-4.200 F400.000
G1 X-25.390 Y-17.654 Z-4.200 F400.000
G1 X-25.424 Y-17.395 Z-4.200 F400.000
G1 X-25.437 Y-17.188 Z-4.200 F400.000
G1 X-25.437 Y-3.000 Z-4.200 F400.000
G0 Z5.000
G0 X-25.437 Y-228.000
G0 Z3.000
G1 X-25.437 Y-228.000 Z-4.400 F250.000
G1 X-25.430 Y-203.927 Z-4.400 F400.000
G1 X-25.396 Y-203.586 Z-4.400 F400.000
G1 X-25.336 Y-203.281 Z-4.400 F400.000
G1 X-25.236 Y-202.952 Z-4.400 F400.000
G1 X-25.117 Y-202.665 Z-4.400 F400.000
G1 X-24.955 Y-202.362 Z-4.400 F400.000
G1 X-24.782 Y-202.104 Z-4.400 F400.000
G1 X-24.565 Y-201.838 Z-4.400 F400.000
G1 X-24.345 Y-201.618 Z-4.400 F400.000
G1 X-24.079 Y-201.401 Z-4.400 F400.000
G1 X-23.821 Y-201.228 Z-4.400 F400.000
G1 X-23.518 Y-201.066 Z-4.400 F400.000
G1 X-23.231 Y-200.947 Z-4.400 F400.000
G1 X-22.902 Y-200.847 Z-4.400 F400.000
G1 X-22.597 Y-200.787 Z-4.400 F400.000
G1 X-22.100 Y-200.745 Z-4.400 F400.000
G1 X-19.328 Y-200.745 Z-4.400 F400.000
G1 X-19.220 Y-200.735 Z-4.400 F400.000
G1 X-19.191 Y-200.726 Z-4.400 F400.000
G1 X-19.164 Y-200.712 Z-4.400 F400.000
G1 X-19.141 Y-200.692 Z-4.400 F400.000
G1 X-19.121 Y-200.669 Z-4.400 F400.000
G1 X-19.107 Y-200.642 Z-4.400 F400.000
G1 X-19.098 Y-200.613 Z-4.400 F400.000
G1 X-19.088 Y-200.505 Z-4.400 F400.000
G1 X-19.087 Y-198.798 Z-4.400 F400.000
G1 X-19.098 Y-198.690 Z-4.400 F400.000
G1 X-19.107 Y-198.661 Z-4.400 F400.000
G1 X-19.121 Y-198.634 Z-4.400 F400.000
G1 X-19.141 Y-198.611 Z-4.400 F400.000
G1 X-19.164 Y-198.592 Z-4.400 F400.000
G1 X-19.191 Y-198.577 Z-4.400 F400.000
G1 X-19.220 Y-198.569 Z-4.400 F400.000
G1 X-19.330 Y-198.558 Z-4.400 F400.000
G1 X-22.256 Y-198.550 Z-4.400 F400.000
G1 X-22.597 Y-198.517 Z-4.400 F400.000
G1 X-22.902 Y-198.456 Z-4.400 F400.000
G1 X-23.231 Y-198.356 Z-4.400 F400.000
G1 X-23.518 Y-198.237 Z-4.400 F400.000
G1 X-23.821 Y-198.076 Z-4.400 F400.000
G1 X-24.079 Y-197.903 Z-4.400 F400.000
G1 X-24.345 Y-197.685 Z-4.400 F400.000
G1 X-24.565 Y-197.465 Z-4.400 F400.000
G1 X-24.782 Y-197.200 Z-4.400 F400.000
G1 X-24.955 Y-196.941 Z-4.400 F400.000
G1 X-25.117 Y-196.638 Z-4.400 F400.000
G1 X-25.236 Y-196.351 Z-4.400 F400.000
G1 X-25.336 Y-196.023 Z-4.400 F400.000
G1 X-25.396 Y-195.717 Z-4.400 F400.000
G1 X-25.437 Y-195.220 Z-4.400 F400.000
G1 X-25.435 Y-186.654 Z-4.400 F400.000
G1 X-25.406 Y-186.291 Z-4.400 F400.000
G1 X-25.337 Y-185.934 Z-4.400 F400.000
G1 X-25.230 Y-185.586 Z-4.400 F400.000
G1 X-25.125 Y-185.330 Z-4.400 F400.000
G1 X-21.238 Y-176.994 Z-4.400 F400.000
G1 X-21.215 Y-176.938 Z-4.400 F400.000
G1 X-21.210 Y-176.921 Z-4.400 F400.000
G1 X-21.207 Y-176.903 Z-4.400 F400.000
G1 X-21.204 Y-176.843 Z-4.400 F400.000
G1 X-21.204 Y-173.952 Z-4.400 F400.000
G1 X-21.215 Y-173.843 Z-4.400 F400.000
G1 X-21.224 Y-173.814 Z-4.400 F400.000
G1 X-21.238 Y-173.788 Z-4.400 F400.000
G1 X-21.257 Y-173.764 Z-4.400 F400.000
G1 X-21.281 Y-173.745 Z-4.400 F400.000
G1 X-21.307 Y-173.731 Z-4.400 F400.000
G1 X-21.336 Y-173.722 Z-4.400 F400.000
G1 X-21.445 Y-173.711 Z-4.400 F400.000
G1 X-22.850 Y-173.711 Z-4.400 F400.000
G1 X-23.057 Y-173.697 Z-4.400 F400.000
G1 X-23.316 Y-173.663 Z-4.400 F400.000
G1 X-23.716 Y-173.556 Z-4.400 F400.000
G1 X-23.958 Y-173.456 Z-4.400 F400.000
G1 X-24.316 Y-173.249 Z-4.400 F400.000
G1 X-24.524 Y-173.090 Z-4.400 F400.000
G1 X-24.817 Y-172.797 Z-4.400 F400.000
G1 X-24.975 Y-172.590 Z-4.400 F400.000
G1 X-25.183 Y-172.231 Z-4.400 F400.000
G1 X-25.283 Y-171.990 Z-4.400 F400.000
G1 X-25.390 Y-171.590 Z-4.400 F400.000
G1 X-25.424 Y-171.331 Z-4.400 F400.000
G1 X-25.437 Y-171.124 Z-4.400 F400.000
G1 X-25.435 Y-148.170 Z-4.400 F400.000
G1 X-25.406 Y-147.807 Z-4.400 F400.000
G1 X-25.337 Y-147.450 Z-4.400 F400.000
G1 X-25.230 Y-147.102 Z-4.400 F400.000
G1 X-25.125 Y-146.846 Z-4.400 F400.000
G1 X-21.238 Y-138.510 Z-4.400 F400.000
G1 X-21.215 Y-138.454 Z-4.400 F400.000
G1 X-21.210 Y-138.437 Z-4.400 F400.000
G1 X-21.207 Y-138.419 Z-4.400 F400.000
G1 X-21.204 Y-138.359 Z-4.400 F400.000
G1 X-21.204 Y-135.468 Z-4.400 F400.000
G1 X-21.215 Y-135.359 Z-4.400 F400.000
G1 X-21.224 Y-135.330 Z-4.400 F400.000
G1 X-21.238 Y-135.304 Z-4.400 F400.000
G1 X-21.257 Y-135.280 Z-4.400 F400.000
G1 X-21.281 Y-135.261 Z-4.400 F400.000
G1 X-21.307 Y-135.247 Z-4.400 F400.000
G1 X-21.336 Y-135.238 Z-4.400 F400.000
G1 X-21.445 Y-135.227 Z-4.400 F400.000
G1 X-22.850 Y-135.227 Z-4.400 F400.000
G1 X-23.057 Y-135.213 Z-4.400 F400.000
G1 X-23.316 Y-135.179 Z-4.400 F400.000
G1 X-23.716 Y-135.072 Z-4.400 F400.000
G1 X-23.958 Y-134.972 Z-4.400 F400.000
G1 X-24.316 Y-134.765 Z-4.400 F400.000
G1 X-24.524 Y-134.606 Z-4.400 F400.000
G1 X-24.817 Y-134.313 Z-4.400 F400.000
G1 X-24.975 Y-134.106 Z-4.400 F400.000
G1 X-25.183 Y-133.747 Z-4.400 F400.000
G1 X-25.283 Y-133.506 Z-4.400 F400.000
G1 X-25.390 Y-133.106 Z-4.400 F400.000
G1 X-25.424 Y-132.847 Z-4.400 F400.000
G1 X-25.437 Y-132.640 Z-4.400 F400.000
G1 X-25.435 Y-109.686 Z-4.400 F400.000
G1 X-25.406 Y-109.323 Z-4.400 F400.000
G1 X-25.337 Y-108.966 Z-4.400 F400.000
G1 X-25.230 Y-108.618 Z-4.400 F400.000
G1 X-25.125 Y-108.362 Z-4.400 F400.000
G1 X-21.238 Y-100.026 Z-4.400 F400.000
G1 X-21.215 Y-99.969 Z-4.400 F400.000
G1 X-21.210 Y-99.953 Z-4.400 F400.000
G1 X-21.207 Y-99.935 Z-4.400 F400.000
G1 X-21.204 Y-99.875 Z-4.400 F400.000
G1 X-21.204 Y-96.984 Z-4.400 F400.000
G1 X-21.215 Y-96.875 Z-4.400 F400.000
G1 X-21.224 Y-96.846 Z-4.400 F400.000
G1 X-21.238 Y-96.820 Z-4.400 F400.000
G1 X-21.257 Y-96.796 Z-4.400 F400.000
G1 X-21.281 Y-96.777 Z-4.400 F400.000
G1 X-21.307 Y-96.762 Z-4.400 F400.000
G1 X-21.336 Y-96.754 Z-4.400 F400.000
G1 X-21.445 Y-96.743 Z-4.400 F400.000
G1 X-22.850 Y-96.743 Z-4.400 F400.000
G1 X-23.057 Y-96.729 Z-4.400 F400.000
G1 X-23.316 Y-96.695 Z-4.400 F400.000
G1 X-23.716 Y-96.588 Z-4.400 F400.000
G1 X-23.958 Y-96.488 Z-4.400 F400.000
G1 X-24.316 Y-96.281 Z-4.400 F400.000
G1 X-24.524 Y-96.122 Z-4.400 F400.000
G1 X-24.817 Y-95.829 Z-4.400 F400.000
G1 X-24.975 Y-95.622 Z-4.400 F400.000
G1 X-25.183 Y-95.263 Z-4.400 F400.000
G1 X-25.283 Y-95.022 Z-4.400 F400.000
G1 X-25.390 Y-94.622 Z-4.400 F400.000
G1 X-25.424 Y-94.363 Z-4.400 F400.000
G1 X-25.437 Y-94.156 Z-4.400 F400.000
G1 X-25.435 Y-71.202 Z-4.400 F400.000
G1 X-25.406 Y-70.839 Z-4.400 F400.000
G1 X-25.337 Y-70.482 Z-4.400 F400.000
G1 X-25.230 Y-70.134 Z-4.400 F400.000
G1 X-25.125 Y-69.878 Z-4.400 F400.000
G1 X-21.238 Y-61.542 Z-4.400 F400.000
G1 X-21.215 Y-61.485 Z-4.400 F400.000
G1 X-21.210 Y-61.469 Z-4.400 F400.000
G1 X-21.207 Y-61.451 Z-4.400 F400.000
G1 X-21.204 Y-61.391 Z-4.400 F400.000
G1 X-21.204 Y-58.500 Z-4.400 F400.000
G1 X-21.215 Y-58.391 Z-4.400 F400.000
G1 X-21.224 Y-58.362 Z-4.400 F400.000
G1 X-21.238 Y-58.336 Z-4.400 F400.000
G1 X-21.257 Y-58.312 Z-4.400 F400.000
G1 X-21.281 Y-58.293 Z-4.400 F400.000
G1 X-21.307 Y-58.278 Z-4.400 F400.000
G1 X-21.336 Y-58.270 Z-4.400 F400.000
G1 X-21.445 Y-58.259 Z-4.400 F400.000
G1 X-22.850 Y-58.259 Z-4.400 F400.000
G1 X-23.057 Y-58.245 Z-4.400 F400.000
G1 X-23.316 Y-58.211 Z-4.400 F400.000
G1 X-23.716 Y-58.104 Z-4.400 F400.000
G1 X-23.958 Y-58.004 Z-4.400 F400.000
G1 X-24.316 Y-57.797 Z-4.400 F400.000
G1 X-24.524 Y-57.638 Z-4.400 F400.000
G1 X-24.817 Y-57.345 Z-4.400 F400.000
G1 X-24.975 Y-57.138 Z-4.400 F400.000
G1 X-25.183 Y-56.779 Z-4.400 F400.000
G1 X-25.283 Y-56.538 Z-4.400 F400.000
G1 X-25.390 Y-56.138 Z-4.400 F400.000
G1 X-25.424 Y-55.879 Z-4.400 F400.000
G1 X-25.437 Y-55.672 Z-4.400 F400.000
G1 X-25.435 Y-32.718 Z-4.400 F400.000
G1 X-25.406 Y-32.355 Z-4.400 F400.000
G1 X-25.337 Y-31.998 Z-4.400 F400.000
G1 X-25.230 Y-31.650 Z-4.400 F400.000
G1 X-25.125 Y-31.394 Z-4.400 F400.000
G1 X-21.238 Y-23.058 Z-4.400 F400.000
G1 X-21.215 Y-23.001 Z-4.400 F400.000
G1 X-21.210 Y-22.985 Z-4.400 F400.000
G1 X-21.207 Y-22.967 Z-4.400 F400.000
G1 X-21.204 Y-22.907 Z-4.400 F400.000
G1 X-21.204 Y-20.015 Z-4.400 F400.000
G1 X-21.215 Y-19.907 Z-4.400 F400.000
G1 X-21.224 Y-19.878 Z-4.400 F400.000
G1 X-21.238 Y-19.851 Z-4.400 F400.000
G1 X-21.257 Y-19.828 Z-4.400 F400.000
G1 X-21.281 Y-19.809 Z-4.400 F400.000
G1 X-21.307 Y-19.794 Z-4.400 F400.000
G1 X-21.336 Y-19.786 Z-4.400 F400.000
G1 X-21.445 Y-19.775 Z-4.400 F400.000
G1 X-22.850 Y-19.775 Z-4.400 F400.000
G1 X-23.057 Y-19.761 Z-4.400 F400.000
G1 X-23.316 Y-19.727 Z-4.400 F400.000
G1 X-23.716 Y-19.620 Z-4.400 F400.000
G1 X-23.958 Y-19.520 Z-4.400 F400.000
G1 X-24.316 Y-19.313 Z-4.400 F400.000
G1 X-24.524 Y-19.154 Z-4.400 F400.000
G1 X-24.817 Y-18.861 Z-4.400 F400.000
G1 X-24.975 Y-18.654 Z-4.400 F400.000
G1 X-25.183 Y-18.295 Z-4.400 F400.000
G1 X-25.283 Y-18.054 Z-4.400 F400.000
G1 X-25.390 Y-17.654 Z-4.400 F400.000
G1 X-25.424 Y-17.395 Z-4.400 F400.000
G1 X-25.437 Y-17.188 Z-4.400 F400.000
G1 X-25.437 Y-3.000 Z-4.400 F400.000
G0 Z5.000
G0 X-25.437 Y-228.000
G0 Z3.000
G1 X-25.437 Y-228.000 Z-4.600 F250.000
G1 X-25.430 Y-203.927 Z-4.600 F400.000
G1 X-25.396 Y-203.586 Z-4.600 F400.000
G1 X-25.336 Y-203.281 Z-4.600 F400.000
G1 X-25.236 Y-202.952 Z-4.600 F400.000
G1 X-25.117 Y-202.665 Z-4.600 F400.000
G1 X-24.955 Y-202.362 Z-4.600 F400.000
G1 X-24.782 Y-202.104 Z-4.600 F400.000
G1 X-24.565 Y-201.838 Z-4.600 F400.000
G1 X-24.345 Y-201.618 Z-4.600 F400.000
G1 X-24.079 Y-201.401 Z-4.600 F400.000
G1 X-23.821 Y-201.228 Z-4.600 F400.000
G1 X-23.518 Y-201.066 Z-4.600 F400.000
G1 X-23.231 Y-200.947 Z-4.600 F400.000
G1 X-22.902 Y-200.847 Z-4.600 F400.000
G1 X-22.597 Y-200.787 Z-4.600 F400.000
G1 X-22.100 Y-200.745 Z-4.600 F400.000
G1 X-19.328 Y-200.745 Z-4.600 F400.000
G1 X-19.220 Y-200.735 Z-4.600 F400.000
G1 X-19.191 Y-200.726 Z-4.600 F400.000
G1 X-19.164 Y-200.712 Z-4.600 F400.000
G1 X-19.141 Y-200.692 Z-4.600 F400.000
G1 X-19.121 Y-200.669 Z-4.600 F400.000
G1 X-19.107 Y-200.642 Z-4.600 F400.000
G1 X-19.098 Y-200.613 Z-4.600 F400.000
G1 X-19.088 Y-200.505 Z-4.600 F400.000
G1 X-19.087 Y-198.798 Z-4.600 F400.000
G1 X-19.098 Y-198.690 Z-4.600 F400.000
G1 X-19.107 Y-198.661 Z-4.600 F400.000
G1 X-19.121 Y-198.634 Z-4.600 F400.000
G1 X-19.141 Y-198.611 Z-4.600 F400.000
G1 X-19.164 Y-198.592 Z-4.600 F400.000
G1 X-19.191 Y-198.577 Z-4.600 F400.000
G1 X-19.220 Y-198.569 Z-4.600 F400.000
G1 X-19.330 Y-198.558 Z-4.600 F400.000
G1 X-22.256 Y-198.550 Z-4.600 F400.000
G1 X-22.597 Y-198.517 Z-4.600 F400.000
G1 X-22.902 Y-198.456 Z-4.600 F400.000
G1 X-23.231 Y-198.356 Z-4.600 F400.000
G1 X-23.518 Y-198.237 Z-4.600 F400.000
G1 X-23.821 Y-198.076 Z-4.600 F400.000
G1 X-24.079 Y-197.903 Z-4.600 F400.000
G1 X-24.345 Y-197.685 Z-4.600 F400.000
G1 X-24.565 Y-197.465 Z-4.600 F400.000
G1 X-24.782 Y-197.200 Z-4.600 F400.000
G1 X-24.955 Y-196.941 Z-4.600 F400.000
G1 X-25.117 Y-196.638 Z-4.600 F400.000
G1 X-25.236 Y-196.351 Z-4.600 F400.000
G1 X-25.336 Y-196.023 Z-4.600 F400.000
G1 X-25.396 Y-195.717 Z-4.600 F400.000
G1 X-25.437 Y-195.220 Z-4.600 F400.000
G1 X-25.435 Y-186.654 Z-4.600 F400.000
G1 X-25.406 Y-186.291 Z-4.600 F400.000
G1 X-25.337 Y-185.934 Z-4.600 F400.000
G1 X-25.230 Y-185.586 Z-4.600 F400.000
G1 X-25.125 Y-185.330 Z-4.600 F400.000
G1 X-21.238 Y-176.994 Z-4.600 F400.000
G1 X-21.215 Y-176.938 Z-4.600 F400.000
G1 X-21.210 Y-176.921 Z-4.600 F400.000
G1 X-21.207 Y-176.903 Z-4.600 F400.000
G1 X-21.204 Y-176.843 Z-4.600 F400.000
G1 X-21.204 Y-173.952 Z-4.600 F400.000
G1 X-21.215 Y-173.843 Z-4.600 F400.000
G1 X-21.224 Y-173.814 Z-4.600 F400.000
G1 X-21.238 Y-173.788 Z-4.600 F400.000
G1 X-21.257 Y-173.764 Z-4.600 F400.000
G1 X-21.281 Y-173.745 Z-4.600 F400.000
G1 X-21.307 Y-173.731 Z-4.600 F400.000
G1 X-21.336 Y-173.722 Z-4.600 F400.000
G1 X-21.445 Y-173.711 Z-4.600 F400.000
G1 X-22.850 Y-173.711 Z-4.600 F400.000
G1 X-23.057 Y-173.697 Z-4.600 F400.000
G1 X-23.316 Y-173.663 Z-4.600 F400.000
G1 X-23.716 Y-173.556 Z-4.600 F400.000
G1 X-23.958 Y-173.456 Z-4.600 F400.000
G1 X-24.316 Y-173.249 Z-4.600 F400.000
G1 X-24.524 Y-173.090 Z-4.600 F400.000
G1 X-24.817 Y-172.797 Z-4.600 F400.000
G1 X-24.975 Y-172.590 Z-4.600 F400.000
G1 X-25.183 Y-172.231 Z-4.600 F400.000
G1 X-25.283 Y-171.990 Z-4.600 F400.000
G1 X-25.390 Y-171.590 Z-4.600 F400.000
G1 X-25.424 Y-171.331 Z-4.600 F400.000
G1 X-25.437 Y-171.124 Z-4.600 F400.000
G1 X-25.435 Y-148.170 Z-4.600 F400.000
G1 X-25.406 Y-147.807 Z-4.600 F400.000
G1 X-25.337 Y-147.450 Z-4.600 F400.000
G1 X-25.230 Y-147.102 Z-4.600 F400.000
G1 X-25.125 Y-146.846 Z-4.600 F400.000
G1 X-21.238 Y-138.510 Z-4.600 F400.000
G1 X-21.215 Y-138.454 Z-4.600 F400.000
G1 X-21.210 Y-138.437 Z-4.600 F400.000
G1 X-21.207 Y-138.419 Z-4.600 F400.000
G1 X-21.204 Y-138.359 Z-4.600 F400.000
G1 X-21.204 Y-135.468 Z-4.600 F400.000
G1 X-21.215 Y-135.359 Z-4.600 F400.000
G1 X-21.224 Y-135.330 Z-4.600 F400.000
G1 X-21.238 Y-135.304 Z-4.600 F400.000
G1 X-21.257 Y-135.280 Z-4.600 F400.000
G1 X-21.281 Y-135.261 Z-4.600 F400.000
G1 X-21.307 Y-135.247 Z-4.600 F400.000
G1 X-21.336 Y-135.238 Z-4.600 F400.000
G1 X-21.445 Y-135.227 Z-4.600 F400.000
G1 X-22.850 Y-135.227 Z-4.600 F400.000
G1 X-23.057 Y-135.213 Z-4.600 F400.000
G1 X-23.316 Y-135.179 Z-4.600 F400.000
G1 X-23.716 Y-135.072 Z-4.600 F400.000
G1 X-23.958 Y-134.972 Z-4.600 F400.000
G1 X-24.316 Y-134.765 Z-4.600 F400.000
G1 X-24.524 Y-134.606 Z-4.600 F400.000
G1 X-24.817 Y-134.313 Z-4.600 F400.000
G1 X-24.975 Y-134.106 Z-4.600 F400.000
G1 X-25.183 Y-133.747 Z-4.600 F400.000
G1 X-25.283 Y-133.506 Z-4.600 F400.000
G1 X-25.390 Y-133.106 Z-4.600 F400.000
G1 X-25.424 Y-132.847 Z-4.600 F400.000
G1 X-25.437 Y-132.640 Z-4.600 F400.000
G1 X-25.435 Y-109.686 Z-4.600 F400.000
G1 X-25.406 Y-109.323 Z-4.600 F400.000
G1 X-25.337 Y-108.966 Z-4.600 F400.000
G1 X-25.230 Y-108.618 Z-4.600 F400.000
G1 X-25.125 Y-108.362 Z-4.600 F400.000
G1 X-21.238 Y-100.026 Z-4.600 F400.000
G1 X-21.215 Y-99.969 Z-4.600 F400.000
G1 X-21.210 Y-99.953 Z-4.600 F400.000
G1 X-21.207 Y-99.935 Z-4.600 F400.000
G1 X-21.204 Y-99.875 Z-4.600 F400.000
G1 X-21.204 Y-96.984 Z-4.600 F400.000
G1 X-21.215 Y-96.875 Z-4.600 F400.000
G1 X-21.224 Y-96.846 Z-4.600 F400.000
G1 X-21.238 Y-96.820 Z-4.600 F400.000
G1 X-21.257 Y-96.796 Z-4.600 F400.000
G1 X-21.281 Y-96.777 Z-4.600 F400.000
G1 X-21.307 Y-96.762 Z-4.600 F400.000
G1 X-21.336 Y-96.754 Z-4.600 F400.000
G1 X-21.445 Y-96.743 Z-4.600 F400.000
G1 X-22.850 Y-96.743 Z-4.600 F400.000
G1 X-23.057 Y-96.729 Z-4.600 F400.000
G1 X-23.316 Y-96.695 Z-4.600 F400.000
G1 X-23.716 Y-96.588 Z-4.600 F400.000
G1 X-23.958 Y-96.488 Z-4.600 F400.000
G1 X-24.316 Y-96.281 Z-4.600 F400.000
G1 X-24.524 Y-96.122 Z-4.600 F400.000
G1 X-24.817 Y-95.829 Z-4.600 F400.000
G1 X-24.975 Y-95.622 Z-4.600 F400.000
G1 X-25.183 Y-95.263 Z-4.600 F400.000
G1 X-25.283 Y-95.022 Z-4.600 F400.000
G1 X-25.390 Y-94.622 Z-4.600 F400.000
G1 X-25.424 Y-94.363 Z-4.600 F400.000
G1 X-25.437 Y-94.156 Z-4.600 F400.000
G1 X-25.435 Y-71.202 Z-4.600 F400.000
G1 X-25.406 Y-70.839 Z-4.600 F400.000
G1 X-25.337 Y-70.482 Z-4.600 F400.000
G1 X-25.230 Y-70.134 Z-4.600 F400.000
G1 X-25.125 Y-69.878 Z-4.600 F400.000
G1 X-21.238 Y-61.542 Z-4.600 F400.000
G1 X-21.215 Y-61.485 Z-4.600 F400.000
G1 X-21.210 Y-61.469 Z-4.600 F400.000
G1 X-21.207 Y-61.451 Z-4.600 F400.000
G1 X-21.204 Y-61.391 Z-4.600 F400.000
G1 X-21.204 Y-58.500 Z-4.600 F400.000
G1 X-21.215 Y-58.391 Z-4.600 F400.000
G1 X-21.224 Y-58.362 Z-4.600 F400.000
G1 X-21.238 Y-58.336 Z-4.600 F400.000
G1 X-21.257 Y-58.312 Z-4.600 F400.000
G1 X-21.281 Y-58.293 Z-4.600 F400.000
G1 X-21.307 Y-58.278 Z-4.600 F400.000
G1 X-21.336 Y-58.270 Z-4.600 F400.000
G1 X-21.445 Y-58.259 Z-4.600 F400.000
G1 X-22.850 Y-58.259 Z-4.600 F400.000
G1 X-23.057 Y-58.245 Z-4.600 F400.000
G1 X-23.316 Y-58.211 Z-4.600 F400.000
G1 X-23.716 Y-58.104 Z-4.600 F400.000
G1 X-23.958 Y-58.004 Z-4.600 F400.000
G1 X-24.316 Y-57.797 Z-4.600 F400.000
G1 X-24.524 Y-57.638 Z-4.600 F400.000
G1 X-24.817 Y-57.345 Z-4.600 F400.000
G1 X-24.975 Y-57.138 Z-4.600 F400.000
G1 X-25.183 Y-56.779 Z-4.600 F400.000
G1 X-25.283 Y-56.538 Z-4.600 F400.000
G1 X-25.390 Y-56.138 Z-4.600 F400.000
G1 X-25.424 Y-55.879 Z-4.600 F400.000
G1 X-25.437 Y-55.672 Z-4.600 F400.000
G1 X-25.435 Y-32.718 Z-4.600 F400.000
G1 X-25.406 Y-32.355 Z-4.600 F400.000
G1 X-25.337 Y-31.998 Z-4.600 F400.000
G1 X-25.230 Y-31.650 Z-4.600 F400.000
G1 X-25.125 Y-31.394 Z-4.600 F400.000
G1 X-21.238 Y-23.058 Z-4.600 F400.000
G1 X-21.215 Y-23.001 Z-4.600 F400.000
G1 X-21.210 Y-22.985 Z-4.600 F400.000
G1 X-21.207 Y-22.967 Z-4.600 F400.000
G1 X-21.204 Y-22.907 Z-4.600 F400.000
G1 X-21.204 Y-20.015 Z-4.600 F400.000
G1 X-21.215 Y-19.907 Z-4.600 F400.000
G1 X-21.224 Y-19.878 Z-4.600 F400.000
G1 X-21.238 Y-19.851 Z-4.600 F400.000
G1 X-21.257 Y-19.828 Z-4.600 F400.000
G1 X-21.281 Y-19.809 Z-4.600 F400.000
G1 X-21.307 Y-19.794 Z-4.600 F400.000
G1 X-21.336 Y-19.786 Z-4.600 F400.000
G1 X-21.445 Y-19.775 Z-4.600 F400.000
G1 X-22.850 Y-19.775 Z-4.600 F400.000
G1 X-23.057 Y-19.761 Z-4.600 F400.000
G1 X-23.316 Y-19.727 Z-4.600 F400.000
G1 X-23.716 Y-19.620 Z-4.600 F400.000
G1 X-23.958 Y-19.520 Z-4.600 F400.000
G1 X-24.316 Y-19.313 Z-4.600 F400.000
G1 X-24.524 Y-19.154 Z-4.600 F400.000
G1 X-24.817 Y-18.861 Z-4.600 F400.000
G1 X-24.975 Y-18.654 Z-4.600 F400.000
G1 X-25.183 Y-18.295 Z-4.600 F400.000
G1 X-25.283 Y-18.054 Z-4.600 F400.000
G1 X-25.390 Y-17.654 Z-4.600 F400.000
G1 X-25.424 Y-17.395 Z-4.600 F400.000
G1 X-25.437 Y-17.188 Z-4.600 F400.000
G1 X-25.437 Y-3.000 Z-4.600 F400.000
G0 Z5.000
G0 X-25.437 Y-228.000
G0 Z3.000
G1 X-25.437 Y-228.000 Z-4.800 F250.000
G1 X-25.430 Y-203.927 Z-4.800 F400.000
G1 X-25.396 Y-203.586 Z-4.800 F400.000
G1 X-25.336 Y-203.281 Z-4.800 F400.000
G1 X-25.236 Y-202.952 Z-4.800 F400.000
G1 X-25.117 Y-202.665 Z-4.800 F400.000
G1 X-24.955 Y-202.362 Z-4.800 F400.000
G1 X-24.782 Y-202.104 Z-4.800 F400.000
G1 X-24.565 Y-201.838 Z-4.800 F400.000
G1 X-24.345 Y-201.618 Z-4.800 F400.000
G1 X-24.079 Y-201.401 Z-4.800 F400.000
G1 X-23.821 Y-201.228 Z-4.800 F400.000
G1 X-23.518 Y-201.066 Z-4.800 F400.000
G1 X-23.231 Y-200.947 Z-4.800 F400.000
G1 X-22.902 Y-200.847 Z-4.800 F400.000
G1 X-22.597 Y-200.787 Z-4.800 F400.000
G1 X-22.100 Y-200.745 Z-4.800 F400.000
G1 X-19.328 Y-200.745 Z-4.800 F400.000
G1 X-19.220 Y-200.735 Z-4.800 F400.000
G1 X-19.191 Y-200.726 Z-4.800 F400.000
G1 X-19.164 Y-200.712 Z-4.800 F400.000
G1 X-19.141 Y-200.692 Z-4.800 F400.000
G1 X-19.121 Y-200.669 Z-4.800 F400.000
G1 X-19.107 Y-200.642 Z-4.800 F400.000
G1 X-19.098 Y-200.613 Z-4.800 F400.000
G1 X-19.088 Y-200.505 Z-4.800 F400.000
G1 X-19.087 Y-198.798 Z-4.800 F400.000
G1 X-19.098 Y-198.690 Z-4.800 F400.000
G1 X-19.107 Y-198.661 Z-4.800 F400.000
G1 X-19.121 Y-198.634 Z-4.800 F400.000
G1 X-19.141 Y-198.611 Z-4.800 F400.000
G1 X-19.164 Y-198.592 Z-4.800 F400.000
G1 X-19.191 Y-198.577 Z-4.800 F400.000
G1 X-19.220 Y-198.569 Z-4.800 F400.000
G1 X-19.330 Y-198.558 Z-4.800 F400.000
G1 X-22.256 Y-198.550 Z-4.800 F400.000
G1 X-22.597 Y-198.517 Z-4.800 F400.000
G1 X-22.902 Y-198.456 Z-4.800 F400.000
G1 X-23.231 Y-198.356 Z-4.800 F400.000
G1 X-23.518 Y-198.237 Z-4.800 F400.000
G1 X-23.821 Y-198.076 Z-4.800 F400.000
G1 X-24.079 Y-197.903 Z-4.800 F400.000
G1 X-24.345 Y-197.685 Z-4.800 F400.000
G1 X-24.565 Y-197.465 Z-4.800 F400.000
G1 X-24.782 Y-197.200 Z-4.800 F400.000
G1 X-24.955 Y-196.941 Z-4.800 F400.000
G1 X-25.117 Y-196.638 Z-4.800 F400.000
G1 X-25.236 Y-196.351 Z-4.800 F400.000
G1 X-25.336 Y-196.023 Z-4.800 F400.000
G1 X-25.396 Y-195.717 Z-4.800 F400.000
G1 X-25.437 Y-195.220 Z-4.800 F400.000
G1 X-25.435 Y-186.654 Z-4.800 F400.000
G1 X-25.406 Y-186.291 Z-4.800 F400.000
G1 X-25.337 Y-185.934 Z-4.800 F400.000
G1 X-25.230 Y-185.586 Z-4.800 F400.000
G1 X-25.125 Y-185.330 Z-4.800 F400.000
G1 X-21.238 Y-176.994 Z-4.800 F400.000
G1 X-21.215 Y-176.938 Z-4.800 F400.000
G1 X-21.210 Y-176.921 Z-4.800 F400.000
G1 X-21.207 Y-176.903 Z-4.800 F400.000
G1 X-21.204 Y-176.843 Z-4.800 F400.000
G1 X-21.204 Y-173.952 Z-4.800 F400.000
G1 X-21.215 Y-173.843 Z-4.800 F400.000
G1 X-21.224 Y-173.814 Z-4.800 F400.000
G1 X-21.238 Y-173.788 Z-4.800 F400.000
G1 X-21.257 Y-173.764 Z-4.800 F400.000
G1 X-21.281 Y-173.745 Z-4.800 F400.000
G1 X-21.307 Y-173.731 Z-4.800 F400.000
G1 X-21.336 Y-173.722 Z-4.800 F400.000
G1 X-21.445 Y-173.711 Z-4.800 F400.000
G1 X-22.850 Y-173.711 Z-4.800 F400.000
G1 X-23.057 Y-173.697 Z-4.800 F400.000
G1 X-23.316 Y-173.663 Z-4.800 F400.000
G1 X-23.716 Y-173.556 Z-4.800 F400.000
G1 X-23.958 Y-173.456 Z-4.800 F400.000
G1 X-24.316 Y-173.249 Z-4.800 F400.000
G1 X-24.524 Y-173.090 Z-4.800 F400.000
G1 X-24.817 Y-172.797 Z-4.800 F400.000
G1 X-24.975 Y-172.590 Z-4.800 F400.000
G1 X-25.183 Y-172.231 Z-4.800 F400.000
G1 X-25.283 Y-171.990 Z-4.800 F400.000
G1 X-25.390 Y-171.590 Z-4.800 F400.000
G1 X-25.424 Y-171.331 Z-4.800 F400.000
G1 X-25.437 Y-171.124 Z-4.800 F400.000
G1 X-25.435 Y-148.170 Z-4.800 F400.000
G1 X-25.406 Y-147.807 Z-4.800 F400.000
G1 X-25.337 Y-147.450 Z-4.800 F400.000
G1 X-25.230 Y-147.102 Z-4.800 F400.000
G1 X-25.125 Y-146.846 Z-4.800 F400.000
G1 X-21.238 Y-138.510 Z-4.800 F400.000
G1 X-21.215 Y-138.454 Z-4.800 F400.000
G1 X-21.210 Y-138.437 Z-4.800 F400.000
G1 X-21.207 Y-138.419 Z-4.800 F400.000
G1 X-21.204 Y-138.359 Z-4.800 F400.000
G1 X-21.204 Y-135.468 Z-4.800 F400.000
G1 X-21.215 Y-135.359 Z-4.800 F400.000
G1 X-21.224 Y-135.330 Z-4.800 F400.000
G1 X-21.238 Y-135.304 Z-4.800 F400.000
G1 X-21.257 Y-135.280 Z-4.800 F400.000
G1 X-21.281 Y-135.261 Z-4.800 F400.000
G1 X-21.307 Y-135.247 Z-4.800 F400.000
G1 X-21.336 Y-135.238 Z-4.800 F400.000
G1 X-21.445 Y-135.227 Z-4.800 F400.000
G1 X-22.850 Y-135.227 Z-4.800 F400.000
G1 X-23.057 Y-135.213 Z-4.800 F400.000
G1 X-23.316 Y-135.179 Z-4.800 F400.000
G1 X-23.716 Y-135.072 Z-4.800 F400.000
G1 X-23.958 Y-134.972 Z-4.800 F400.000
G1 X-24.316 Y-134.765 Z-4.800 F400.000
G1 X-24.524 Y-134.606 Z-4.800 F400.000
G1 X-24.817 Y-134.313 Z-4.800 F400.000
G1 X-24.975 Y-134.106 Z-4.800 F400.000
G1 X-25.183 Y-133.747 Z-4.800 F400.000
G1 X-25.283 Y-133.506 Z-4.800 F400.000
G1 X-25.390 Y-133.106 Z-4.800 F400.000
G1 X-25.424 Y-132.847 Z-4.800 F400.000
G1 X-25.437 Y-132.640 Z-4.800 F400.000
G1 X-25.435 Y-109.686 Z-4.800 F400.000
G1 X-25.406 Y-109.323 Z-4.800 F400.000
G1 X-25.337 Y-108.966 Z-4.800 F400.000
G1 X-25.230 Y-108.618 Z-4.800 F400.000
G1 X-25.125 Y-108.362 Z-4.800 F400.000
G1 X-21.238 Y-100.026 Z-4.800 F400.000
G1 X-21.215 Y-99.969 Z-4.800 F400.000
G1 X-21.210 Y-99.953 Z-4.800 F400.000
G1 X-21.207 Y-99.935 Z-4.800 F400.000
G1 X-21.204 Y-99.875 Z-4.800 F400.000
G1 X-21.204 Y-96.984 Z-4.800 F400.000
G1 X-21.215 Y-96.875 Z-4.800 F400.000
G1 X-21.224 Y-96.846 Z-4.800 F400.000
G1 X-21.238 Y-96.820 Z-4.800 F400.000
G1 X-21.257 Y-96.796 Z-4.800 F400.000
G1 X-21.281 Y-96.777 Z-4.800 F400.000
G1 X-21.307 Y-96.762 Z-4.800 F400.000
G1 X-21.336 Y-96.754 Z-4.800 F400.000
G1 X-21.445 Y-96.743 Z-4.800 F400.000
G1 X-22.850 Y-96.743 Z-4.800 F400.000
G1 X-23.057 Y-96.729 Z-4.800 F400.000
G1 X-23.316 Y-96.695 Z-4.800 F400.000
G1 X-23.716 Y-96.588 Z-4.800 F400.000
G1 X-23.958 Y-96.488 Z-4.800 F400.000
G1 X-24.316 Y-96.281 Z-4.800 F400.000
G1 X-24.524 Y-96.122 Z-4.800 F400.000
G1 X-24.817 Y-95.829 Z-4.800 F400.000
G1 X-24.975 Y-95.622 Z-4.800 F400.000
G1 X-25.183 Y-95.263 Z-4.800 F400.000
G1 X-25.283 Y-95.022 Z-4.800 F400.000
G1 X-25.390 Y-94.622 Z-4.800 F400.000
G1 X-25.424 Y-94.363 Z-4.800 F400.000
G1 X-25.437 Y-94.156 Z-4.800 F400.000
G1 X-25.435 Y-71.202 Z-4.800 F400.000
G1 X-25.406 Y-70.839 Z-4.800 F400.000
G1 X-25.337 Y-70.482 Z-4.800 F400.000
G1 X-25.230 Y-70.134 Z-4.800 F400.000
G1 X-25.125 Y-69.878 Z-4.800 F400.000
G1 X-21.238 Y-61.542 Z-4.800 F400.000
G1 X-21.215 Y-61.485 Z-4.800 F400.000
G1 X-21.210 Y-61.469 Z-4.800 F400.000
G1 X-21.207 Y-61.451 Z-4.800 F400.000
G1 X-21.204 Y-61.391 Z-4.800 F400.000
G1 X-21.204 Y-58.500 Z-4.800 F400.000
G1 X-21.215 Y-58.391 Z-4.800 F400.000
G1 X-21.224 Y-58.362 Z-4.800 F400.000
G1 X-21.238 Y-58.336 Z-4.800 F400.000
G1 X-21.257 Y-58.312 Z-4.800 F400.000
G1 X-21.281 Y-58.293 Z-4.800 F400.000
G1 X-21.307 Y-58.278 Z-4.800 F400.000
G1 X-21.336 Y-58.270 Z-4.800 F400.000
G1 X-21.445 Y-58.259 Z-4.800 F400.000
G1 X-22.850 Y-58.259 Z-4.800 F400.000
G1 X-23.057 Y-58.245 Z-4.800 F400.000
G1 X-23.316 Y-58.211 Z-4.800 F400.000
G1 X-23.716 Y-58.104 Z-4.800 F400.000
G1 X-23.958 Y-58.004 Z-4.800 F400.000
G1 X-24.316 Y-57.797 Z-4.800 F400.000
G1 X-24.524 Y-57.638 Z-4.800 F400.000
G1 X-24.817 Y-57.345 Z-4.800 F400.000
G1 X-24.975 Y-57.138 Z-4.800 F400.000
G1 X-25.183 Y-56.779 Z-4.800 F400.000
G1 X-25.283 Y-56.538 Z-4.800 F400.000
G1 X-25.390 Y-56.138 Z-4.800 F400.000
G1 X-25.424 Y-55.879 Z-4.800 F400.000
G1 X-25.437 Y-55.672 Z-4.800 F400.000
G1 X-25.435 Y-32.718 Z-4.800 F400.000
G1 X-25.406 Y-32.355 Z-4.800 F400.000
G1 X-25.337 Y-31.998 Z-4.800 F400.000
G1 X-25.230 Y-31.650 Z-4.800 F400.000
G1 X-25.125 Y-31.394 Z-4.800 F400.000
G1 X-21.238 Y-23.058 Z-4.800 F400.000
G1 X-21.215 Y-23.001 Z-4.800 F400.000
G1 X-21.210 Y-22.985 Z-4.800 F400.000
G1 X-21.207 Y-22.967 Z-4.800 F400.000
G1 X-21.204 Y-22.907 Z-4.800 F400.000
G1 X-21.204 Y-20.015 Z-4.800 F400.000
G1 X-21.215 Y-19.907 Z-4.800 F400.000
G1 X-21.224 Y-19.878 Z-4.800 F400.000
G1 X-21.238 Y-19.851 Z-4.800 F400.000
G1 X-21.257 Y-19.828 Z-4.800 F400.000
G1 X-21.281 Y-19.809 Z-4.800 F400.000
G1 X-21.307 Y-19.794 Z-4.800 F400.000
G1 X-21.336 Y-19.786 Z-4.800 F400.000
G1 X-21.445 Y-19.775 Z-4.800 F400.000
G1 X-22.850 Y-19.775 Z-4.800 F400.000
G1 X-23.057 Y-19.761 Z-4.800 F400.000
G1 X-23.316 Y-19.727 Z-4.800 F400.000
G1 X-23.716 Y-19.620 Z-4.800 F400.000
G1 X-23.958 Y-19.520 Z-4.800 F400.000
G1 X-24.316 Y-19.313 Z-4.800 F400.000
G1 X-24.524 Y-19.154 Z-4.800 F400.000
G1 X-24.817 Y-18.861 Z-4.800 F400.000
G1 X-24.975 Y-18.654 Z-4.800 F400.000
G1 X-25.183 Y-18.295 Z-4.800 F400.000
G1 X-25.283 Y-18.054 Z-4.800 F400.000
G1 X-25.390 Y-17.654 Z-4.800 F400.000
G1 X-25.424 Y-17.395 Z-4.800 F400.000
G1 X-25.437 Y-17.188 Z-4.800 F400.000
G1 X-25.437 Y-3.000 Z-4.800 F400.000
G0 Z5.000
G0 X-25.437 Y-228.000
G0 Z3.000
G1 X-25.437 Y-228.000 Z-5.000 F250.000
G1 X-25.430 Y-203.927 Z-5.000 F400.000
G1 X-25.396 Y-203.586 Z-5.000 F400.000
G1 X-25.336 Y-203.281 Z-5.000 F400.000
G1 X-25.236 Y-202.952 Z-5.000 F400.000
G1 X-25.117 Y-202.665 Z-5.000 F400.000
G1 X-24.955 Y-202.362 Z-5.000 F400.000
G1 X-24.782 Y-202.104 Z-5.000 F400.000
G1 X-24.565 Y-201.838 Z-5.000 F400.000
G1 X-24.345 Y-201.618 Z-5.000 F400.000
G1 X-24.079 Y-201.401 Z-5.000 F400.000
G1 X-23.821 Y-201.228 Z-5.000 F400.000
G1 X-23.518 Y-201.066 Z-5.000 F400.000
G1 X-23.231 Y-200.947 Z-5.000 F400.000
G1 X-22.902 Y-200.847 Z-5.000 F400.000
G1 X-22.597 Y-200.787 Z-5.000 F400.000
G1 X-22.100 Y-200.745 Z-5.000 F400.000
G1 X-19.328 Y-200.745 Z-5.000 F400.000
G1 X-19.220 Y-200.735 Z-5.000 F400.000
G1 X-19.191 Y-200.726 Z-5.000 F400.000
G1 X-19.164 Y-200.712 Z-5.000 F400.000
G1 X-19.141 Y-200.692 Z-5.000 F400.000
G1 X-19.121 Y-200.669 Z-5.000 F400.000
G1 X-19.107 Y-200.642 Z-5.000 F400.000
G1 X-19.098 Y-200.613 Z-5.000 F400.000
G1 X-19.088 Y-200.505 Z-5.000 F400.000
G1 X-19.087 Y-198.798 Z-5.000 F400.000
G1 X-19.098 Y-198.690 Z-5.000 F400.000
G1 X-19.107 Y-198.661 Z-5.000 F400.000
G1 X-19.121 Y-198.634 Z-5.000 F400.000
G1 X-19.141 Y-198.611 Z-5.000 F400.000
G1 X-19.164 Y-198.592 Z-5.000 F400.000
G1 X-19.191 Y-198.577 Z-5.000 F400.000
G1 X-19.220 Y-198.569 Z-5.000 F400.000
G1 X-19.330 Y-198.558 Z-5.000 F400.000
G1 X-22.256 Y-198.550 Z-5.000 F400.000
G1 X-22.597 Y-198.517 Z-5.000 F400.000
G1 X-22.902 Y-198.456 Z-5.000 F400.000
G1 X-23.231 Y-198.356 Z-5.000 F400.000
G1 X-23.518 Y-198.237 Z-5.000 F400.000
G1 X-23.821 Y-198.076 Z-5.000 F400.000
G1 X-24.079 Y-197.903 Z-5.000 F400.000
G1 X-24.345 Y-197.685 Z-5.000 F400.000
G1 X-24.565 Y-197.465 Z-5.000 F400.000
G1 X-24.782 Y-197.200 Z-5.000 F400.000
G1 X-24.955 Y-196.941 Z-5.000 F400.000
G1 X-25.117 Y-196.638 Z-5.000 F400.000
G1 X-25.236 Y-196.351 Z-5.000 F400.000
G1 X-25.336 Y-196.023 Z-5.000 F400.000
G1 X-25.396 Y-195.717 Z-5.000 F400.000
G1 X-25.437 Y-195.220 Z-5.000 F400.000
G1 X-25.435 Y-186.654 Z-5.000 F400.000
G1 X-25.406 Y-186.291 Z-5.000 F400.000
G1 X-25.337 Y-185.934 Z-5.000 F400.000
G1 X-25.230 Y-185.586 Z-5.000 F400.000
G1 X-25.125 Y-185.330 Z-5.000 F400.000
G1 X-21.238 Y-176.994 Z-5.000 F400.000
G1 X-21.215 Y-176.938 Z-5.000 F400.000
G1 X-21.210 Y-176.921 Z-5.000 F400.000
G1 X-21.207 Y-176.903 Z-5.000 F400.000
G1 X-21.204 Y-176.843 Z-5.000 F400.000
G1 X-21.204 Y-173.952 Z-5.000 F400.000
G1 X-21.215 Y-173.843 Z-5.000 F400.000
G1 X-21.224 Y-173.814 Z-5.000 F400.000
G1 X-21.238 Y-173.788 Z-5.000 F400.000
G1 X-21.257 Y-173.764 Z-5.000 F400.000
G1 X-21.281 Y-173.745 Z-5.000 F400.000
G1 X-21.307 Y-173.731 Z-5.000 F400.000
G1 X-21.336 Y-173.722 Z-5.000 F400.000
G1 X-21.445 Y-173.711 Z-5.000 F400.000
G1 X-22.850 Y-173.711 Z-5.000 F400.000
G1 X-23.057 Y-173.697 Z-5.000 F400.000
G1 X-23.316 Y-173.663 Z-5.000 F400.000
G1 X-23.716 Y-173.556 Z-5.000 F400.000
G1 X-23.958 Y-173.456 Z-5.000 F400.000
G1 X-24.316 Y-173.249 Z-5.000 F400.000
G1 X-24.524 Y-173.090 Z-5.000 F400.000
G1 X-24.817 Y-172.797 Z-5.000 F400.000
G1 X-24.975 Y-172.590 Z-5.000 F400.000
G1 X-25.183 Y-172.231 Z-5.000 F400.000
G1 X-25.283 Y-171.990 Z-5.000 F400.000
G1 X-25.390 Y-171.590 Z-5.000 F400.000
G1 X-25.424 Y-171.331 Z-5.000 F400.000
G1 X-25.437 Y-171.124 Z-5.000 F400.000
G1 X-25.435 Y-148.170 Z-5.000 F400.000
G1 X-25.406 Y-147.807 Z-5.000 F400.000
G1 X-25.337 Y-147.450 Z-5.000 F400.000
G1 X-25.230 Y-147.102 Z-5.000 F400.000
G1 X-25.125 Y-146.846 Z-5.000 F400.000
G1 X-21.238 Y-138.510 Z-5.000 F400.000
G1 X-21.215 Y-138.454 Z-5.000 F400.000
G1 X-21.210 Y-138.437 Z-5.000 F400.000
G1 X-21.207 Y-138.419 Z-5.000 F400.000
G1 X-21.204 Y-138.359 Z-5.000 F400.000
G1 X-21.204 Y-135.468 Z-5.000 F400.000
G1 X-21.215 Y-135.359 Z-5.000 F400.000
G1 X-21.224 Y-135.330 Z-5.000 F400.000
G1 X-21.238 Y-135.304 Z-5.000 F400.000
G1 X-21.257 Y-135.280 Z-5.000 F400.000
G1 X-21.281 Y-135.261 Z-5.000 F400.000
G1 X-21.307 Y-135.247 Z-5.000 F400.000
G1 X-21.336 Y-135.238 Z-5.000 F400.000
G1 X-21.445 Y-135.227 Z-5.000 F400.000
G1 X-22.850 Y-135.227 Z-5.000 F400.000
G1 X-23.057 Y-135.213 Z-5.000 F400.000
G1 X-23.316 Y-135.179 Z-5.000 F400.000
G1 X-23.716 Y-135.072 Z-5.000 F400.000
G1 X-23.958 Y-134.972 Z-5.000 F400.000
G1 X-24.316 Y-134.765 Z-5.000 F400.000
G1 X-24.524 Y-134.606 Z-5.000 F400.000
G1 X-24.817 Y-134.313 Z-5.000 F400.000
G1 X-24.975 Y-134.106 Z-5.000 F400.000
G1 X-25.183 Y-133.747 Z-5.000 F400.000
G1 X-25.283 Y-133.506 Z-5.000 F400.000
G1 X-25.390 Y-133.106 Z-5.000 F400.000
G1 X-25.424 Y-132.847 Z-5.000 F400.000
G1 X-25.437 Y-132.640 Z-5.000 F400.000
G1 X-25.435 Y-109.686 Z-5.000 F400.000
G1 X-25.406 Y-109.323 Z-5.000 F400.000
G1 X-25.337 Y-108.966 Z-5.000 F400.000
G1 X-25.230 Y-108.618 Z-5.000 F400.000
G1 X-25.125 Y-108.362 Z-5.000 F400.000
G1 X-21.238 Y-100.026 Z-5.000 F400.000
G1 X-21.215 Y-99.969 Z-5.000 F400.000
G1 X-21.210 Y-99.953 Z-5.000 F400.000
G1 X-21.207 Y-99.935 Z-5.000 F400.000
G1 X-21.204 Y-99.875 Z-5.000 F400.000
G1 X-21.204 Y-96.984 Z-5.000 F400.000
G1 X-21.215 Y-96.875 Z-5.000 F400.000
G1 X-21.224 Y-96.846 Z-5.000 F400.000
G1 X-21.238 Y-96.820 Z-5.000 F400.000
G1 X-21.257 Y-96.796 Z-5.000 F400.000
G1 X-21.281 Y-96.777 Z-5.000 F400.000
G1 X-21.307 Y-96.762 Z-5.000 F400.000
G1 X-21.336 Y-96.754 Z-5.000 F400.000
G1 X-21.445 Y-96.743 Z-5.000 F400.000
G1 X-22.850 Y-96.743 Z-5.000 F400.000
G1 X-23.057 Y-96.729 Z-5.000 F400.000
G1 X-23.316 Y-96.695 Z-5.000 F400.000
G1 X-23.716 Y-96.588 Z-5.000 F400.000
G1 X-23.958 Y-96.488 Z-5.000 F400.000
G1 X-24.316 Y-96.281 Z-5.000 F400.000
G1 X-24.524 Y-96.122 Z-5.000 F400.000
G1 X-24.817 Y-95.829 Z-5.000 F400.000
G1 X-24.975 Y-95.622 Z-5.000 F400.000
G1 X-25.183 Y-95.263 Z-5.000 F400.000
G1 X-25.283 Y-95.022 Z-5.000 F400.000
G1 X-25.390 Y-94.622 Z-5.000 F400.000
G1 X-25.424 Y-94.363 Z-5.000 F400.000
G1 X-25.437 Y-94.156 Z-5.000 F400.000
G1 X-25.435 Y-71.202 Z-5.000 F400.000
G1 X-25.406 Y-70.839 Z-5.000 F400.000
G1 X-25.337 Y-70.482 Z-5.000 F400.000
G1 X-25.230 Y-70.134 Z-5.000 F400.000
G1 X-25.125 Y-69.878 Z-5.000 F400.000
G1 X-21.238 Y-61.542 Z-5.000 F400.000
G1 X-21.215 Y-61.485 Z-5.000 F400.000
G1 X-21.210 Y-61.469 Z-5.000 F400.000
G1 X-21.207 Y-61.451 Z-5.000 F400.000
G1 X-21.204 Y-61.391 Z-5.000 F400.000
G1 X-21.204 Y-58.500 Z-5.000 F400.000
G1 X-21.215 Y-58.391 Z-5.000 F400.000
G1 X-21.224 Y-58.362 Z-5.000 F400.000
G1 X-21.238 Y-58.336 Z-5.000 F400.000
G1 X-21.257 Y-58.312 Z-5.000 F400.000
G1 X-21.281 Y-58.293 Z-5.000 F400.000
G1 X-21.307 Y-58.278 Z-5.000 F400.000
G1 X-21.336 Y-58.270 Z-5.000 F400.000
G1 X-21.445 Y-58.259 Z-5.000 F400.000
G1 X-22.850 Y-58.259 Z-5.000 F400.000
G1 X-23.057 Y-58.245 Z-5.000 F400.000
G1 X-23.316 Y-58.211 Z-5.000 F400.000
G1 X-23.716 Y-58.104 Z-5.000 F400.000
G1 X-23.958 Y-58.004 Z-5.000 F400.000
G1 X-24.316 Y-57.797 Z-5.000 F400.000
G1 X-24.524 Y-57.638 Z-5.000 F400.000
G1 X-24.817 Y-57.345 Z-5.000 F400.000
G1 X-24.975 Y-57.138 Z-5.000 F400.000
G1 X-25.183 Y-56.779 Z-5.000 F400.000
G1 X-25.283 Y-56.538 Z-5.000 F400.000
G1 X-25.390 Y-56.138 Z-5.000 F400.000
G1 X-25.424 Y-55.879 Z-5.000 F400.000
G1 X-25.437 Y-55.672 Z-5.000 F400.000
G1 X-25.435 Y-32.718 Z-5.000 F400.000
G1 X-25.406 Y-32.355 Z-5.000 F400.000
G1 X-25.337 Y-31.998 Z-5.000 F400.000
G1 X-25.230 Y-31.650 Z-5.000 F400.000
G1 X-25.125 Y-31.394 Z-5.000 F400.000
G1 X-21.238 Y-23.058 Z-5.000 F400.000
G1 X-21.215 Y-23.001 Z-5.000 F400.000
G1 X-21.210 Y-22.985 Z-5.000 F400.000
G1 X-21.207 Y-22.967 Z-5.000 F400.000
G1 X-21.204 Y-22.907 Z-5.000 F400.000
G1 X-21.204 Y-20.015 Z-5.000 F400.000
G1 X-21.215 Y-19.907 Z-5.000 F400.000
G1 X-21.224 Y-19.878 Z-5.000 F400.000
G1 X-21.238 Y-19.851 Z-5.000 F400.000
G1 X-21.257 Y-19.828 Z-5.000 F400.000
G1 X-21.281 Y-19.809 Z-5.000 F400.000
G1 X-21.307 Y-19.794 Z-5.000 F400.000
G1 X-21.336 Y-19.786 Z-5.000 F400.000
G1 X-21.445 Y-19.775 Z-5.000 F400.000
G1 X-22.850 Y-19.775 Z-5.000 F400.000
G1 X-23.057 Y-19.761 Z-5.000 F400.000
G1 X-23.316 Y-19.727 Z-5.000 F400.000
G1 X-23.716 Y-19.620 Z-5.000 F400.000
G1 X-23.958 Y-19.520 Z-5.000 F400.000
G1 X-24.316 Y-19.313 Z-5.000 F400.000
G1 X-24.524 Y-19.154 Z-5.000 F400.000
G1 X-24.817 Y-18.861 Z-5.000 F400.000
G1 X-24.975 Y-18.654 Z-5.000 F400.000
G1 X-25.183 Y-18.295 Z-5.000 F400.000
G1 X-25.283 Y-18.054 Z-5.000 F400.000
G1 X-25.390 Y-17.654 Z-5.000 F400.000
G1 X-25.424 Y-17.395 Z-5.000 F400.000
G1 X-25.437 Y-17.188 Z-5.000 F400.000
G1 X-25.437 Y-3.000 Z-5.000 F400.000
G0 Z5.000
G0 X-25.437 Y-228.000
G0 Z3.000
G1 X-25.437 Y-228.000 Z-5.200 F250.000
G1 X-25.430 Y-203.927 Z-5.200 F400.000
G1 X-25.396 Y-203.586 Z-5.200 F400.000
G1 X-25.336 Y-203.281 Z-5.200 F400.000
G1 X-25.236 Y-202.952 Z-5.200 F400.000
G1 X-25.117 Y-202.665 Z-5.200 F400.000
G1 X-24.955 Y-202.362 Z-5.200 F400.000
G1 X-24.782 Y-202.104 Z-5.200 F400.000
G1 X-24.565 Y-201.838 Z-5.200 F400.000
G1 X-24.345 Y-201.618 Z-5.200 F400.000
G1 X-24.079 Y-201.401 Z-5.200 F400.000
G1 X-23.821 Y-201.228 Z-5.200 F400.000
G1 X-23.518 Y-201.066 Z-5.200 F400.000
G1 X-23.231 Y-200.947 Z-5.200 F400.000
G1 X-22.902 Y-200.847 Z-5.200 F400.000
G1 X-22.597 Y-200.787 Z-5.200 F400.000
G1 X-22.100 Y-200.745 Z-5.200 F400.000
G1 X-19.328 Y-200.745 Z-5.200 F400.000
G1 X-19.220 Y-200.735 Z-5.200 F400.000
G1 X-19.191 Y-200.726 Z-5.200 F400.000
G1 X-19.164 Y-200.712 Z-5.200 F400.000
G1 X-19.141 Y-200.692 Z-5.200 F400.000
G1 X-19.121 Y-200.669 Z-5.200 F400.000
G1 X-19.107 Y-200.642 Z-5.200 F400.000
G1 X-19.098 Y-200.613 Z-5.200 F400.000
G1 X-19.088 Y-200.505 Z-5.200 F400.000
G1 X-19.087 Y-198.798 Z-5.200 F400.000
G1 X-19.098 Y-198.690 Z-5.200 F400.000
G1 X-19.107 Y-198.661 Z-5.200 F400.000
G1 X-19.121 Y-198.634 Z-5.200 F400.000
G1 X-19.141 Y-198.611 Z-5.200 F400.000
G1 X-19.164 Y-198.592 Z-5.200 F400.000
G1 X-19.191 Y-198.577 Z-5.200 F400.000
G1 X-19.220 Y-198.569 Z-5.200 F400.000
G1 X-19.330 Y-198.558 Z-5.200 F400.000
G1 X-22.256 Y-198.550 Z-5.200 F400.000
G1 X-22.597 Y-198.517 Z-5.200 F400.000
G1 X-22.902 Y-198.456 Z-5.200 F400.000
G1 X-23.231 Y-198.356 Z-5.200 F400.000
G1 X-23.518 Y-198.237 Z-5.200 F400.000
G1 X-23.821 Y-198.076 Z-5.200 F400.000
G1 X-24.079 Y-197.903 Z-5.200 F400.000
G1 X-24.345 Y-197.685 Z-5.200 F400.000
G1 X-24.565 Y-197.465 Z-5.200 F400.000
G1 X-24.782 Y-197.200 Z-5.200 F400.000
G1 X-24.955 Y-196.941 Z-5.200 F400.000
G1 X-25.117 Y-196.638 Z-5.200 F400.000
G1 X-25.236 Y-196.351 Z-5.200 F400.000
G1 X-25.336 Y-196.023 Z-5.200 F400.000
G1 X-25.396 Y-195.717 Z-5.200 F400.000
G1 X-25.437 Y-195.220 Z-5.200 F400.000
G1 X-25.435 Y-186.654 Z-5.200 F400.000
G1 X-25.406 Y-186.291 Z-5.200 F400.000
G1 X-25.337 Y-185.934 Z-5.200 F400.000
G1 X-25.230 Y-185.586 Z-5.200 F400.000
G1 X-25.125 Y-185.330 Z-5.200 F400.000
G1 X-21.238 Y-176.994 Z-5.200 F400.000
G1 X-21.215 Y-176.938 Z-5.200 F400.000
G1 X-21.210 Y-176.921 Z-5.200 F400.000
G1 X-21.207 Y-176.903 Z-5.200 F400.000
G1 X-21.204 Y-176.843 Z-5.200 F400.000
G1 X-21.204 Y-173.952 Z-5.200 F400.000
G1 X-21.215 Y-173.843 Z-5.200 F400.000
G1 X-21.224 Y-173.814 Z-5.200 F400.000
G1 X-21.238 Y-173.788 Z-5.200 F400.000
G1 X-21.257 Y-173.764 Z-5.200 F400.000
G1 X-21.281 Y-173.745 Z-5.200 F400.000
G1 X-21.307 Y-173.731 Z-5.200 F400.000
G1 X-21.336 Y-173.722 Z-5.200 F400.000
G1 X-21.445 Y-173.711 Z-5.200 F400.000
G1 X-22.850 Y-173.711 Z-5.200 F400.000
G1 X-23.057 Y-173.697 Z-5.200 F400.000
G1 X-23.316 Y-173.663 Z-5.200 F400.000
G1 X-23.716 Y-173.556 Z-5.200 F400.000
G1 X-23.958 Y-173.456 Z-5.200 F400.000
G1 X-24.316 Y-173.249 Z-5.200 F400.000
G1 X-24.524 Y-173.090 Z-5.200 F400.000
G1 X-24.817 Y-172.797 Z-5.200 F400.000
G1 X-24.975 Y-172.590 Z-5.200 F400.000
G1 X-25.183 Y-172.231 Z-5.200 F400.000
G1 X-25.283 Y-171.990 Z-5.200 F400.000
G1 X-25.390 Y-171.590 Z-5.200 F400.000
G1 X-25.424 Y-171.331 Z-5.200 F400.000
G1 X-25.437 Y-171.124 Z-5.200 F400.000
G1 X-25.435 Y-148.170 Z-5.200 F400.000
G1 X-25.406 Y-147.807 Z-5.200 F400.000
G1 X-25.337 Y-147.450 Z-5.200 F400.000
G1 X-25.230 Y-147.102 Z-5.200 F400.000
G1 X-25.125 Y-146.846 Z-5.200 F400.000
G1 X-21.238 Y-138.510 Z-5.200 F400.000
G1 X-21.215 Y-138.454 Z-5.200 F400.000
G1 X-21.210 Y-138.437 Z-5.200 F400.000
G1 X-21.207 Y-138.419 Z-5.200 F400.000
G1 X-21.204 Y-138.359 Z-5.200 F400.000
G1 X-21.204 Y-135.468 Z-5.200 F400.000
G1 X-21.215 Y-135.359 Z-5.200 F400.000
G1 X-21.224 Y-135.330 Z-5.200 F400.000
G1 X-21.238 Y-135.304 Z-5.200 F400.000
G1 X-21.257 Y-135.280 Z-5.200 F400.000
G1 X-21.281 Y-135.261 Z-5.200 F400.000
G1 X-21.307 Y-135.247 Z-5.200 F400.000
G1 X-21.336 Y-135.238 Z-5.200 F400.000
G1 X-21.445 Y-135.227 Z-5.200 F400.000
G1 X-22.850 Y-135.227 Z-5.200 F400.000
G1 X-23.057 Y-135.213 Z-5.200 F400.000
G1 X-23.316 Y-135.179 Z-5.200 F400.000
G1 X-23.716 Y-135.072 Z-5.200 F400.000
G1 X-23.958 Y-134.972 Z-5.200 F400.000
G1 X-24.316 Y-134.765 Z-5.200 F400.000
G1 X-24.524 Y-134.606 Z-5.200 F400.000
G1 X-24.817 Y-134.313 Z-5.200 F400.000
G1 X-24.975 Y-134.106 Z-5.200 F400.000
G1 X-25.183 Y-133.747 Z-5.200 F400.000
G1 X-25.283 Y-133.506 Z-5.200 F400.000
G1 X-25.390 Y-133.106 Z-5.200 F400.000
G1 X-25.424 Y-132.847 Z-5.200 F400.000
G1 X-25.437 Y-132.640 Z-5.200 F400.000
G1 X-25.435 Y-109.686 Z-5.200 F400.000
G1 X-25.406 Y-109.323 Z-5.200 F400.000
G1 X-25.337 Y-108.966 Z-5.200 F400.000
G1 X-25.230 Y-108.618 Z-5.200 F400.000
G1 X-25.125 Y-108.362 Z-5.200 F400.000
G1 X-21.238 Y-100.026 Z-5.200 F400.000
G1 X-21.215 Y-99.969 Z-5.200 F400.000
G1 X-21.210 Y-99.953 Z-5.200 F400.000
G1 X-21.207 Y-99.935 Z-5.200 F400.000
G1 X-21.204 Y-99.875 Z-5.200 F400.000
G1 X-21.204 Y-96.984 Z-5.200 F400.000
G1 X-21.215 Y-96.875 Z-5.200 F400.000
G1 X-21.224 Y-96.846 Z-5.200 F400.000
G1 X-21.238 Y-96.820 Z-5.200 F400.000
G1 X-21.257 Y-96.796 Z-5.200 F400.000
G1 X-21.281 Y-96.777 Z-5.200 F400.000
G1 X-21.307 Y-96.762 Z-5.200 F400.000
G1 X-21.336 Y-96.754 Z-5.200 F400.000
G1 X-21.445 Y-96.743 Z-5.200 F400.000
G1 X-22.850 Y-96.743 Z-5.200 F400.000
G1 X-23.057 Y-96.729 Z-5.200 F400.000
G1 X-23.316 Y-96.695 Z-5.200 F400.000
G1 X-23.716 Y-96.588 Z-5.200 F400.000
G1 X-23.958 Y-96.488 Z-5.200 F400.000
G1 X-24.316 Y-96.281 Z-5.200 F400.000
G1 X-24.524 Y-96.122 Z-5.200 F400.000
G1 X-24.817 Y-95.829 Z-5.200 F400.000
G1 X-24.975 Y-95.622 Z-5.200 F400.000
G1 X-25.183 Y-95.263 Z-5.200 F400.000
G1 X-25.283 Y-95.022 Z-5.200 F400.000
G1 X-25.390 Y-94.622 Z-5.200 F400.000
G1 X-25.424 Y-94.363 Z-5.200 F400.000
G1 X-25.437 Y-94.156 Z-5.200 F400.000
G1 X-25.435 Y-71.202 Z-5.200 F400.000
G1 X-25.406 Y-70.839 Z-5.200 F400.000
G1 X-25.337 Y-70.482 Z-5.200 F400.000
G1 X-25.230 Y-70.134 Z-5.200 F400.000
G1 X-25.125 Y-69.878 Z-5.200 F400.000
G1 X-21.238 Y-61.542 Z-5.200 F400.000
G1 X-21.215 Y-61.485 Z-5.200 F400.000
G1 X-21.210 Y-61.469 Z-5.200 F400.000
G1 X-21.207 Y-61.451 Z-5.200 F400.000
G1 X-21.204 Y-61.391 Z-5.200 F400.000
G1 X-21.204 Y-58.500 Z-5.200 F400.000
G1 X-21.215 Y-58.391 Z-5.200 F400.000
G1 X-21.224 Y-58.362 Z-5.200 F400.000
G1 X-21.238 Y-58.336 Z-5.200 F400.000
G1 X-21.257 Y-58.312 Z-5.200 F400.000
G1 X-21.281 Y-58.293 Z-5.200 F400.000
G1 X-21.307 Y-58.278 Z-5.200 F400.000
G1 X-21.336 Y-58.270 Z-5.200 F400.000
G1 X-21.445 Y-58.259 Z-5.200 F400.000
G1 X-22.850 Y-58.259 Z-5.200 F400.000
G1 X-23.057 Y-58.245 Z-5.200 F400.000
G1 X-23.316 Y-58.211 Z-5.200 F400.000
G1 X-23.716 Y-58.104 Z-5.200 F400.000
G1 X-23.958 Y-58.004 Z-5.200 F400.000
G1 X-24.316 Y-57.797 Z-5.200 F400.000
G1 X-24.524 Y-57.638 Z-5.200 F400.000
G1 X-24.817 Y-57.345 Z-5.200 F400.000
G1 X-24.975 Y-57.138 Z-5.200 F400.000
G1 X-25.183 Y-56.779 Z-5.200 F400.000
G1 X-25.283 Y-56.538 Z-5.200 F400.000
G1 X-25.390 Y-56.138 Z-5.200 F400.000
G1 X-25.424 Y-55.879 Z-5.200 F400.000
G1 X-25.437 Y-55.672 Z-5.200 F400.000
G1 X-25.435 Y-32.718 Z-5.200 F400.000
G1 X-25.406 Y-32.355 Z-5.200 F400.000
G1 X-25.337 Y-31.998 Z-5.200 F400.000
G1 X-25.230 Y-31.650 Z-5.200 F400.000
G1 X-25.125 Y-31.394 Z-5.200 F400.000
G1 X-21.238 Y-23.058 Z-5.200 F400.000
G1 X-21.215 Y-23.001 Z-5.200 F400.000
G1 X-21.210 Y-22.985 Z-5.200 F400.000
G1 X-21.207 Y-22.967 Z-5.200 F400.000
G1 X-21.204 Y-22.907 Z-5.200 F400.000
G1 X-21.204 Y-20.015 Z-5.200 F400.000
G1 X-21.215 Y-19.907 Z-5.200 F400.000
G1 X-21.224 Y-19.878 Z-5.200 F400.000
G1 X-21.238 Y-19.851 Z-5.200 F400.000
G1 X-21.257 Y-19.828 Z-5.200 F400.000
G1 X-21.281 Y-19.809 Z-5.200 F400.000
G1 X-21.307 Y-19.794 Z-5.200 F400.000
G1 X-21.336 Y-19.786 Z-5.200 F400.000
G1 X-21.445 Y-19.775 Z-5.200 F400.000
G1 X-22.850 Y-19.775 Z-5.200 F400.000
G1 X-23.057 Y-19.761 Z-5.200 F400.000
G1 X-23.316 Y-19.727 Z-5.200 F400.000
G1 X-23.716 Y-19.620 Z-5.200 F400.000
G1 X-23.958 Y-19.520 Z-5.200 F400.000
G1 X-24.316 Y-19.313 Z-5.200 F400.000
G1 X-24.524 Y-19.154 Z-5.200 F400.000
G1 X-24.817 Y-18.861 Z-5.200 F400.000
G1 X-24.975 Y-18.654 Z-5.200 F400.000
G1 X-25.183 Y-18.295 Z-5.200 F400.000
G1 X-25.283 Y-18.054 Z-5.200 F400.000
G1 X-25.390 Y-17.654 Z-5.200 F400.000
G1 X-25.424 Y-17.395 Z-5.200 F400.000
G1 X-25.437 Y-17.188 Z-5.200 F400.000
G1 X-25.437 Y-3.000 Z-5.200 F400.000
G0 Z5.000
G0 X-25.437 Y-228.000
G0 Z3.000
G1 X-25.437 Y-228.000 Z-5.400 F250.000
G1 X-25.430 Y-203.927 Z-5.400 F400.000
G1 X-25.396 Y-203.586 Z-5.400 F400.000
G1 X-25.336 Y-203.281 Z-5.400 F400.000
G1 X-25.236 Y-202.952 Z-5.400 F400.000
G1 X-25.117 Y-202.665 Z-5.400 F400.000
G1 X-24.955 Y-202.362 Z-5.400 F400.000
G1 X-24.782 Y-202.104 Z-5.400 F400.000
G1 X-24.565 Y-201.838 Z-5.400 F400.000
G1 X-24.345 Y-201.618 Z-5.400 F400.000
G1 X-24.079 Y-201.401 Z-5.400 F400.000
G1 X-23.821 Y-201.228 Z-5.400 F400.000
G1 X-23.518 Y-201.066 Z-5.400 F400.000
G1 X-23.231 Y-200.947 Z-5.400 F400.000
G1 X-22.902 Y-200.847 Z-5.400 F400.000
G1 X-22.597 Y-200.787 Z-5.400 F400.000
G1 X-22.100 Y-200.745 Z-5.400 F400.000
G1 X-19.328 Y-200.745 Z-5.400 F400.000
G1 X-19.220 Y-200.735 Z-5.400 F400.000
G1 X-19.191 Y-200.726 Z-5.400 F400.000
G1 X-19.164 Y-200.712 Z-5.400 F400.000
G1 X-19.141 Y-200.692 Z-5.400 F400.000
G1 X-19.121 Y-200.669 Z-5.400 F400.000
G1 X-19.107 Y-200.642 Z-5.400 F400.000
G1 X-19.098 Y-200.613 Z-5.400 F400.000
G1 X-19.088 Y-200.505 Z-5.400 F400.000
G1 X-19.087 Y-198.798 Z-5.400 F400.000
G1 X-19.098 Y-198.690 Z-5.400 F400.000
G1 X-19.107 Y-198.661 Z-5.400 F400.000
G1 X-19.121 Y-198.634 Z-5.400 F400.000
G1 X-19.141 Y-198.611 Z-5.400 F400.000
G1 X-19.164 Y-198.592 Z-5.400 F400.000
G1 X-19.191 Y-198.577 Z-5.400 F400.000
G1 X-19.220 Y-198.569 Z-5.400 F400.000
G1 X-19.330 Y-198.558 Z-5.400 F400.000
G1 X-22.256 Y-198.550 Z-5.400 F400.000
G1 X-22.597 Y-198.517 Z-5.400 F400.000
G1 X-22.902 Y-198.456 Z-5.400 F400.000
G1 X-23.231 Y-198.356 Z-5.400 F400.000
G1 X-23.518 Y-198.237 Z-5.400 F400.000
G1 X-23.821 Y-198.076 Z-5.400 F400.000
G1 X-24.079 Y-197.903 Z-5.400 F400.000
G1 X-24.345 Y-197.685 Z-5.400 F400.000
G1 X-24.565 Y-197.465 Z-5.400 F400.000
G1 X-24.782 Y-197.200 Z-5.400 F400.000
G1 X-24.955 Y-196.941 Z-5.400 F400.000
G1 X-25.117 Y-196.638 Z-5.400 F400.000
G1 X-25.236 Y-196.351 Z-5.400 F400.000
G1 X-25.336 Y-196.023 Z-5.400 F400.000
G1 X-25.396 Y-195.717 Z-5.400 F400.000
G1 X-25.437 Y-195.220 Z-5.400 F400.000
G1 X-25.435 Y-186.654 Z-5.400 F400.000
G1 X-25.406 Y-186.291 Z-5.400 F400.000
G1 X-25.337 Y-185.934 Z-5.400 F400.000
G1 X-25.230 Y-185.586 Z-5.400 F400.000
G1 X-25.125 Y-185.330 Z-5.400 F400.000
G1 X-21.238 Y-176.994 Z-5.400 F400.000
G1 X-21.215 Y-176.938 Z-5.400 F400.000
G1 X-21.210 Y-176.921 Z-5.400 F400.000
G1 X-21.207 Y-176.903 Z-5.400 F400.000
G1 X-21.204 Y-176.843 Z-5.400 F400.000
G1 X-21.204 Y-173.952 Z-5.400 F400.000
G1 X-21.215 Y-173.843 Z-5.400 F400.000
G1 X-21.224 Y-173.814 Z-5.400 F400.000
G1 X-21.238 Y-173.788 Z-5.400 F400.000
G1 X-21.257 Y-173.764 Z-5.400 F400.000
G1 X-21.281 Y-173.745 Z-5.400 F400.000
G1 X-21.307 Y-173.731 Z-5.400 F400.000
G1 X-21.336 Y-173.722 Z-5.400 F400.000
G1 X-21.445 Y-173.711 Z-5.400 F400.000
G1 X-22.850 Y-173.711 Z-5.400 F400.000
G1 X-23.057 Y-173.697 Z-5.400 F400.000
G1 X-23.316 Y-173.663 Z-5.400 F400.000
G1 X-23.716 Y-173.556 Z-5.400 F400.000
G1 X-23.958 Y-173.456 Z-5.400 F400.000
G1 X-24.316 Y-173.249 Z-5.400 F400.000
G1 X-24.524 Y-173.090 Z-5.400 F400.000
G1 X-24.817 Y-172.797 Z-5.400 F400.000
G1 X-24.975 Y-172.590 Z-5.400 F400.000
G1 X-25.183 Y-172.231 Z-5.400 F400.000
G1 X-25.283 Y-171.990 Z-5.400 F400.000
G1 X-25.390 Y-171.590 Z-5.400 F400.000
G1 X-25.424 Y-171.331 Z-5.400 F400.000
G1 X-25.437 Y-171.124 Z-5.400 F400.000
G1 X-25.435 Y-148.170 Z-5.400 F400.000
G1 X-25.406 Y-147.807 Z-5.400 F400.000
G1 X-25.337 Y-147.450 Z-5.400 F400.000
G1 X-25.230 Y-147.102 Z-5.400 F400.000
G1 X-25.125 Y-146.846 Z-5.400 F400.000
G1 X-21.238 Y-138.510 Z-5.400 F400.000
G1 X-21.215 Y-138.454 Z-5.400 F400.000
G1 X-21.210 Y-138.437 Z-5.400 F400.000
G1 X-21.207 Y-138.419 Z-5.400 F400.000
G1 X-21.204 Y-138.359 Z-5.400 F400.000
G1 X-21.204 Y-135.468 Z-5.400 F400.000
G1 X-21.215 Y-135.359 Z-5.400 F400.000
G1 X-21.224 Y-135.330 Z-5.400 F400.000
G1 X-21.238 Y-135.304 Z-5.400 F400.000
G1 X-21.257 Y-135.280 Z-5.400 F400.000
G1 X-21.281 Y-135.261 Z-5.400 F400.000
G1 X-21.307 Y-135.247 Z-5.400 F400.000
G1 X-21.336 Y-135.238 Z-5.400 F400.000
G1 X-21.445 Y-135.227 Z-5.400 F400.000
G1 X-22.850 Y-135.227 Z-5.400 F400.000
G1 X-23.057 Y-135.213 Z-5.400 F400.000
G1 X-23.316 Y-135.179 Z-5.400 F400.000
G1 X-23.716 Y-135.072 Z-5.400 F400.000
G1 X-23.958 Y-134.972 Z-5.400 F400.000
G1 X-24.316 Y-134.765 Z-5.400 F400.000
G1 X-24.524 Y-134.606 Z-5.400 F400.000
G1 X-24.817 Y-134.313 Z-5.400 F400.000
G1 X-24.975 Y-134.106 Z-5.400 F400.000
G1 X-25.183 Y-133.747 Z-5.400 F400.000
G1 X-25.283 Y-133.506 Z-5.400 F400.000
G1 X-25.390 Y-133.106 Z-5.400 F400.000
G1 X-25.424 Y-132.847 Z-5.400 F400.000
G1 X-25.437 Y-132.640 Z-5.400 F400.000
G1 X-25.435 Y-109.686 Z-5.400 F400.000
G1 X-25.406 Y-109.323 Z-5.400 F400.000
G1 X-25.337 Y-108.966 Z-5.400 F400.000
G1 X-25.230 Y-108.618 Z-5.400 F400.000
G1 X-25.125 Y-108.362 Z-5.400 F400.000
G1 X-21.238 Y-100.026 Z-5.400 F400.000
G1 X-21.215 Y-99.969 Z-5.400 F400.000
G1 X-21.210 Y-99.953 Z-5.400 F400.000
G1 X-21.207 Y-99.935 Z-5.400 F400.000
G1 X-21.204 Y-99.875 Z-5.400 F400.000
G1 X-21.204 Y-96.984 Z-5.400 F400.000
G1 X-21.215 Y-96.875 Z-5.400 F400.000
G1 X-21.224 Y-96.846 Z-5.400 F400.000
G1 X-21.238 Y-96.820 Z-5.400 F400.000
G1 X-21.257 Y-96.796 Z-5.400 F400.000
G1 X-21.281 Y-96.777 Z-5.400 F400.000
G1 X-21.307 Y-96.762 Z-5.400 F400.000
G1 X-21.336 Y-96.754 Z-5.400 F400.000
G1 X-21.445 Y-96.743 Z-5.400 F400.000
G1 X-22.850 Y-96.743 Z-5.400 F400.000
G1 X-23.057 Y-96.729 Z-5.400 F400.000
G1 X-23.316 Y-96.695 Z-5.400 F400.000
G1 X-23.716 Y-96.588 Z-5.400 F400.000
G1 X-23.958 Y-96.488 Z-5.400 F400.000
G1 X-24.316 Y-96.281 Z-5.400 F400.000
G1 X-24.524 Y-96.122 Z-5.400 F400.000
G1 X-24.817 Y-95.829 Z-5.400 F400.000
G1 X-24.975 Y-95.622 Z-5.400 F400.000
G1 X-25.183 Y-95.263 Z-5.400 F400.000
G1 X-25.283 Y-95.022 Z-5.400 F400.000
G1 X-25.390 Y-94.622 Z-5.400 F400.000
G1 X-25.424 Y-94.363 Z-5.400 F400.000
G1 X-25.437 Y-94.156 Z-5.400 F400.000
G1 X-25.435 Y-71.202 Z-5.400 F400.000
G1 X-25.406 Y-70.839 Z-5.400 F400.000
G1 X-25.337 Y-70.482 Z-5.400 F400.000
G1 X-25.230 Y-70.134 Z-5.400 F400.000
G1 X-25.125 Y-69.878 Z-5.400 F400.000
G1 X-21.238 Y-61.542 Z-5.400 F400.000
G1 X-21.215 Y-61.485 Z-5.400 F400.000
G1 X-21.210 Y-61.469 Z-5.400 F400.000
G1 X-21.207 Y-61.451 Z-5.400 F400.000
G1 X-21.204 Y-61.391 Z-5.400 F400.000
G1 X-21.204 Y-58.500 Z-5.400 F400.000
G1 X-21.215 Y-58.391 Z-5.400 F400.000
G1 X-21.224 Y-58.362 Z-5.400 F400.000
G1 X-21.238 Y-58.336 Z-5.400 F400.000
G1 X-21.257 Y-58.312 Z-5.400 F400.000
G1 X-21.281 Y-58.293 Z-5.400 F400.000
G1 X-21.307 Y-58.278 Z-5.400 F400.000
G1 X-21.336 Y-58.270 Z-5.400 F400.000
G1 X-21.445 Y-58.259 Z-5.400 F400.000
G1 X-22.850 Y-58.259 Z-5.400 F400.000
G1 X-23.057 Y-58.245 Z-5.400 F400.000
G1 X-23.316 Y-58.211 Z-5.400 F400.000
G1 X-23.716 Y-58.104 Z-5.400 F400.000
G1 X-23.958 Y-58.004 Z-5.400 F400.000
G1 X-24.316 Y-57.797 Z-5.400 F400.000
G1 X-24.524 Y-57.638 Z-5.400 F400.000
G1 X-24.817 Y-57.345 Z-5.400 F400.000
G1 X-24.975 Y-57.138 Z-5.400 F400.000
G1 X-25.183 Y-56.779 Z-5.400 F400.000
G1 X-25.283 Y-56.538 Z-5.400 F400.000
G1 X-25.390 Y-56.138 Z-5.400 F400.000
G1 X-25.424 Y-55.879 Z-5.400 F400.000
G1 X-25.437 Y-55.672 Z-5.400 F400.000
G1 X-25.435 Y-32.718 Z-5.400 F400.000
G1 X-25.406 Y-32.355 Z-5.400 F400.000
G1 X-25.337 Y-31.998 Z-5.400 F400.000
G1 X-25.230 Y-31.650 Z-5.400 F400.000
G1 X-25.125 Y-31.394 Z-5.400 F400.000
G1 X-21.238 Y-23.058 Z-5.400 F400.000
G1 X-21.215 Y-23.001 Z-5.400 F400.000
G1 X-21.210 Y-22.985 Z-5.400 F400.000
G1 X-21.207 Y-22.967 Z-5.400 F400.000
G1 X-21.204 Y-22.907 Z-5.400 F400.000
G1 X-21.204 Y-20.015 Z-5.400 F400.000
G1 X-21.215 Y-19.907 Z-5.400 F400.000
G1 X-21.224 Y-19.878 Z-5.400 F400.000
G1 X-21.238 Y-19.851 Z-5.400 F400.000
G1 X-21.257 Y-19.828 Z-5.400 F400.000
G1 X-21.281 Y-19.809 Z-5.400 F400.000
G1 X-21.307 Y-19.794 Z-5.400 F400.000
G1 X-21.336 Y-19.786 Z-5.400 F400.000
G1 X-21.445 Y-19.775 Z-5.400 F400.000
G1 X-22.850 Y-19.775 Z-5.400 F400.000
G1 X-23.057 Y-19.761 Z-5.400 F400.000
G1 X-23.316 Y-19.727 Z-5.400 F400.000
G1 X-23.716 Y-19.620 Z-5.400 F400.000
G1 X-23.958 Y-19.520 Z-5.400 F400.000
G1 X-24.316 Y-19.313 Z-5.400 F400.000
G1 X-24.524 Y-19.154 Z-5.400 F400.000
G1 X-24.817 Y-18.861 Z-5.400 F400.000
G1 X-24.975 Y-18.654 Z-5.400 F400.000
G1 X-25.183 Y-18.295 Z-5.400 F400.000
G1 X-25.283 Y-18.054 Z-5.400 F400.000
G1 X-25.390 Y-17.654 Z-5.400 F400.000
G1 X-25.424 Y-17.395 Z-5.400 F400.000
G1 X-25.437 Y-17.188 Z-5.400 F400.000
G1 X-25.437 Y-3.000 Z-5.400 F400.000
G0 Z5.000
G0 Z5.000
(Finish operation: Rack )
(Begin operation: RampEntryDressup)
(Path: RampEntryDressup)
G0 X0.000 Y0.000 Z5.000
G0 X-23.850 Y-229.588 Z5.000
G0 X-23.850 Y-229.588 Z3.000
G1 X-11.150 Y-229.588 Z2.334 F400.000
G1 X-23.850 Y-229.588 Z1.669 F400.000
G1 X-11.150 Y-229.588 Z1.003 F400.000
G1 X-23.850 Y-229.588 Z0.338 F400.000
G1 X-13.590 Y-229.588 Z-0.200 F400.000
G1 X-23.850 Y-229.588 Z-0.200 F400.000
G1 X-11.150 Y-229.588 Z-0.200 F400.000
G0 X-11.150 Y-229.588 Z5.000
G0 X-23.850 Y-229.588 Z5.000
G0 X-23.850 Y-229.588 Z3.000
G1 X-11.150 Y-229.588 Z2.334 F400.000
G1 X-23.850 Y-229.588 Z1.669 F400.000
G1 X-11.150 Y-229.588 Z1.003 F400.000
G1 X-23.850 Y-229.588 Z0.338 F400.000
G1 X-11.150 Y-229.588 Z-0.328 F400.000
G1 X-12.526 Y-229.588 Z-0.400 F400.000
G1 X-23.850 Y-229.588 Z-0.400 F400.000
G1 X-11.150 Y-229.588 Z-0.400 F400.000
G0 X-11.150 Y-229.588 Z5.000
G0 X-23.850 Y-229.588 Z5.000
G0 X-23.850 Y-229.588 Z3.000
G1 X-11.150 Y-229.588 Z2.334 F400.000
G1 X-23.850 Y-229.588 Z1.669 F400.000
G1 X-11.150 Y-229.588 Z1.003 F400.000
G1 X-23.850 Y-229.588 Z0.338 F400.000
G1 X-11.150 Y-229.588 Z-0.328 F400.000
G1 X-16.342 Y-229.588 Z-0.600 F400.000
G1 X-23.850 Y-229.588 Z-0.600 F400.000
G1 X-11.150 Y-229.588 Z-0.600 F400.000
G0 X-11.150 Y-229.588 Z5.000
G0 X-23.850 Y-229.588 Z5.000
G0 X-23.850 Y-229.588 Z3.000
G1 X-11.150 Y-229.588 Z2.334 F400.000
G1 X-23.850 Y-229.588 Z1.669 F400.000
G1 X-11.150 Y-229.588 Z1.003 F400.000
G1 X-23.850 Y-229.588 Z0.338 F400.000
G1 X-11.150 Y-229.588 Z-0.328 F400.000
G1 X-20.158 Y-229.588 Z-0.800 F400.000
G1 X-23.850 Y-229.588 Z-0.800 F400.000
G1 X-11.150 Y-229.588 Z-0.800 F400.000
G0 X-11.150 Y-229.588 Z5.000
G0 X-23.850 Y-229.588 Z5.000
G0 X-23.850 Y-229.588 Z3.000
G1 X-11.150 Y-229.588 Z2.334 F400.000
G1 X-23.850 Y-229.588 Z1.669 F400.000
G1 X-11.150 Y-229.588 Z1.003 F400.000
G1 X-23.850 Y-229.588 Z0.338 F400.000
G1 X-11.150 Y-229.588 Z-0.328 F400.000
G1 X-23.850 Y-229.588 Z-0.993 F400.000
G1 X-23.725 Y-229.588 Z-1.000 F400.000
G1 X-23.850 Y-229.588 Z-1.000 F400.000
G1 X-11.150 Y-229.588 Z-1.000 F400.000
G0 X-11.150 Y-229.588 Z5.000
G0 X-23.850 Y-229.588 Z5.000
G0 X-23.850 Y-229.588 Z3.000
G1 X-11.150 Y-229.588 Z2.334 F400.000
G1 X-23.850 Y-229.588 Z1.669 F400.000
G1 X-11.150 Y-229.588 Z1.003 F400.000
G1 X-23.850 Y-229.588 Z0.338 F400.000
G1 X-11.150 Y-229.588 Z-0.328 F400.000
G1 X-23.850 Y-229.588 Z-0.993 F400.000
G1 X-19.909 Y-229.588 Z-1.200 F400.000
G1 X-23.850 Y-229.588 Z-1.200 F400.000
G1 X-11.150 Y-229.588 Z-1.200 F400.000
G0 X-11.150 Y-229.588 Z5.000
G0 X-23.850 Y-229.588 Z5.000
G0 X-23.850 Y-229.588 Z3.000
G1 X-11.150 Y-229.588 Z2.334 F400.000
G1 X-23.850 Y-229.588 Z1.669 F400.000
G1 X-11.150 Y-229.588 Z1.003 F400.000
G1 X-23.850 Y-229.588 Z0.338 F400.000
G1 X-11.150 Y-229.588 Z-0.328 F400.000
G1 X-23.850 Y-229.588 Z-0.993 F400.000
G1 X-16.093 Y-229.588 Z-1.400 F400.000
G1 X-23.850 Y-229.588 Z-1.400 F400.000
G1 X-11.150 Y-229.588 Z-1.400 F400.000
G0 X-11.150 Y-229.588 Z5.000
G0 X-23.850 Y-229.588 Z5.000
G0 X-23.850 Y-229.588 Z3.000
G1 X-11.150 Y-229.588 Z2.334 F400.000
G1 X-23.850 Y-229.588 Z1.669 F400.000
G1 X-11.150 Y-229.588 Z1.003 F400.000
G1 X-23.850 Y-229.588 Z0.338 F400.000
G1 X-11.150 Y-229.588 Z-0.328 F400.000
G1 X-23.850 Y-229.588 Z-0.993 F400.000
G1 X-12.277 Y-229.588 Z-1.600 F400.000
G1 X-23.850 Y-229.588 Z-1.600 F400.000
G1 X-11.150 Y-229.588 Z-1.600 F400.000
G0 X-11.150 Y-229.588 Z5.000
G0 X-23.850 Y-229.588 Z5.000
G0 X-23.850 Y-229.588 Z3.000
G1 X-11.150 Y-229.588 Z2.334 F400.000
G1 X-23.850 Y-229.588 Z1.669 F400.000
G1 X-11.150 Y-229.588 Z1.003 F400.000
G1 X-23.850 Y-229.588 Z0.338 F400.000
G1 X-11.150 Y-229.588 Z-0.328 F400.000
G1 X-23.850 Y-229.588 Z-0.993 F400.000
G1 X-11.150 Y-229.588 Z-1.659 F400.000
G1 X-13.839 Y-229.588 Z-1.800 F400.000
G1 X-23.850 Y-229.588 Z-1.800 F400.000
G1 X-11.150 Y-229.588 Z-1.800 F400.000
G0 X-11.150 Y-229.588 Z5.000
G0 X-23.850 Y-229.588 Z5.000
G0 X-23.850 Y-229.588 Z3.000
G1 X-11.150 Y-229.588 Z2.334 F400.000
G1 X-23.850 Y-229.588 Z1.669 F400.000
G1 X-11.150 Y-229.588 Z1.003 F400.000
G1 X-23.850 Y-229.588 Z0.338 F400.000
G1 X-11.150 Y-229.588 Z-0.328 F400.000
G1 X-23.850 Y-229.588 Z-0.993 F400.000
G1 X-11.150 Y-229.588 Z-1.659 F400.000
G1 X-17.656 Y-229.588 Z-2.000 F400.000
G1 X-23.850 Y-229.588 Z-2.000 F400.000
G1 X-11.150 Y-229.588 Z-2.000 F400.000
G0 X-11.150 Y-229.588 Z5.000
G0 X-23.850 Y-229.588 Z5.000
G0 X-23.850 Y-229.588 Z3.000
G1 X-11.150 Y-229.588 Z2.334 F400.000
G1 X-23.850 Y-229.588 Z1.669 F400.000
G1 X-11.150 Y-229.588 Z1.003 F400.000
G1 X-23.850 Y-229.588 Z0.338 F400.000
G1 X-11.150 Y-229.588 Z-0.328 F400.000
G1 X-23.850 Y-229.588 Z-0.993 F400.000
G1 X-11.150 Y-229.588 Z-1.659 F400.000
G1 X-21.472 Y-229.588 Z-2.200 F400.000
G1 X-23.850 Y-229.588 Z-2.200 F400.000
G1 X-11.150 Y-229.588 Z-2.200 F400.000
G0 X-11.150 Y-229.588 Z5.000
G0 X-23.850 Y-229.588 Z5.000
G0 X-23.850 Y-229.588 Z3.000
G1 X-11.150 Y-229.588 Z2.334 F400.000
G1 X-23.850 Y-229.588 Z1.669 F400.000
G1 X-11.150 Y-229.588 Z1.003 F400.000
G1 X-23.850 Y-229.588 Z0.338 F400.000
G1 X-11.150 Y-229.588 Z-0.328 F400.000
G1 X-23.850 Y-229.588 Z-0.993 F400.000
G1 X-11.150 Y-229.588 Z-1.659 F400.000
G1 X-23.850 Y-229.588 Z-2.325 F400.000
G1 X-22.412 Y-229.588 Z-2.400 F400.000
G1 X-23.850 Y-229.588 Z-2.400 F400.000
G1 X-11.150 Y-229.588 Z-2.400 F400.000
G0 X-11.150 Y-229.588 Z5.000
G0 X-23.850 Y-229.588 Z5.000
G0 X-23.850 Y-229.588 Z3.000
G1 X-11.150 Y-229.588 Z2.334 F400.000
G1 X-23.850 Y-229.588 Z1.669 F400.000
G1 X-11.150 Y-229.588 Z1.003 F400.000
G1 X-23.850 Y-229.588 Z0.338 F400.000
G1 X-11.150 Y-229.588 Z-0.328 F400.000
G1 X-23.850 Y-229.588 Z-0.993 F400.000
G1 X-11.150 Y-229.588 Z-1.659 F400.000
G1 X-23.850 Y-229.588 Z-2.325 F400.000
G1 X-18.596 Y-229.588 Z-2.600 F400.000
G1 X-23.850 Y-229.588 Z-2.600 F400.000
G1 X-11.150 Y-229.588 Z-2.600 F400.000
G0 X-11.150 Y-229.588 Z5.000
G0 X-23.850 Y-229.588 Z5.000
G0 X-23.850 Y-229.588 Z3.000
G1 X-11.150 Y-229.588 Z2.334 F400.000
G1 X-23.850 Y-229.588 Z1.669 F400.000
G1 X-11.150 Y-229.588 Z1.003 F400.000
G1 X-23.850 Y-229.588 Z0.338 F400.000
G1 X-11.150 Y-229.588 Z-0.328 F400.000
G1 X-23.850 Y-229.588 Z-0.993 F400.000
G1 X-11.150 Y-229.588 Z-1.659 F400.000
G1 X-23.850 Y-229.588 Z-2.325 F400.000
G1 X-14.779 Y-229.588 Z-2.800 F400.000
G1 X-23.850 Y-229.588 Z-2.800 F400.000
G1 X-11.150 Y-229.588 Z-2.800 F400.000
G0 X-11.150 Y-229.588 Z5.000
G0 X-23.850 Y-229.588 Z5.000
G0 X-23.850 Y-229.588 Z3.000
G1 X-11.150 Y-229.588 Z2.334 F400.000
G1 X-23.850 Y-229.588 Z1.669 F400.000
G1 X-11.150 Y-229.588 Z1.003 F400.000
G1 X-23.850 Y-229.588 Z0.338 F400.000
G1 X-11.150 Y-229.588 Z-0.328 F400.000
G1 X-23.850 Y-229.588 Z-0.993 F400.000
G1 X-11.150 Y-229.588 Z-1.659 F400.000
G1 X-23.850 Y-229.588 Z-2.325 F400.000
G1 X-11.150 Y-229.588 Z-2.990 F400.000
G1 X-11.337 Y-229.588 Z-3.000 F400.000
G1 X-23.850 Y-229.588 Z-3.000 F400.000
G1 X-11.150 Y-229.588 Z-3.000 F400.000
G0 X-11.150 Y-229.588 Z5.000
G0 X-23.850 Y-229.588 Z5.000
G0 X-23.850 Y-229.588 Z3.000
G1 X-11.150 Y-229.588 Z2.334 F400.000
G1 X-23.850 Y-229.588 Z1.669 F400.000
G1 X-11.150 Y-229.588 Z1.003 F400.000
G1 X-23.850 Y-229.588 Z0.338 F400.000
G1 X-11.150 Y-229.588 Z-0.328 F400.000
G1 X-23.850 Y-229.588 Z-0.993 F400.000
G1 X-11.150 Y-229.588 Z-1.659 F400.000
G1 X-23.850 Y-229.588 Z-2.325 F400.000
G1 X-11.150 Y-229.588 Z-2.990 F400.000
G1 X-15.153 Y-229.588 Z-3.200 F400.000
G1 X-23.850 Y-229.588 Z-3.200 F400.000
G1 X-11.150 Y-229.588 Z-3.200 F400.000
G0 X-11.150 Y-229.588 Z5.000
G0 X-23.850 Y-229.588 Z5.000
G0 X-23.850 Y-229.588 Z3.000
G1 X-11.150 Y-229.588 Z2.334 F400.000
G1 X-23.850 Y-229.588 Z1.669 F400.000
G1 X-11.150 Y-229.588 Z1.003 F400.000
G1 X-23.850 Y-229.588 Z0.338 F400.000
G1 X-11.150 Y-229.588 Z-0.328 F400.000
G1 X-23.850 Y-229.588 Z-0.993 F400.000
G1 X-11.150 Y-229.588 Z-1.659 F400.000
G1 X-23.850 Y-229.588 Z-2.325 F400.000
G1 X-11.150 Y-229.588 Z-2.990 F400.000
G1 X-18.969 Y-229.588 Z-3.400 F400.000
G1 X-23.850 Y-229.588 Z-3.400 F400.000
G1 X-11.150 Y-229.588 Z-3.400 F400.000
G0 X-11.150 Y-229.588 Z5.000
G0 X-23.850 Y-229.588 Z5.000
G0 X-23.850 Y-229.588 Z3.000
G1 X-11.150 Y-229.588 Z2.334 F400.000
G1 X-23.850 Y-229.588 Z1.669 F400.000
G1 X-11.150 Y-229.588 Z1.003 F400.000
G1 X-23.850 Y-229.588 Z0.338 F400.000
G1 X-11.150 Y-229.588 Z-0.328 F400.000
G1 X-23.850 Y-229.588 Z-0.993 F400.000
G1 X-11.150 Y-229.588 Z-1.659 F400.000
G1 X-23.850 Y-229.588 Z-2.325 F400.000
G1 X-11.150 Y-229.588 Z-2.990 F400.000
G1 X-22.786 Y-229.588 Z-3.600 F400.000
G1 X-23.850 Y-229.588 Z-3.600 F400.000
G1 X-11.150 Y-229.588 Z-3.600 F400.000
G0 X-11.150 Y-229.588 Z5.000
G0 X-23.850 Y-229.588 Z5.000
G0 X-23.850 Y-229.588 Z3.000
G1 X-11.150 Y-229.588 Z2.334 F400.000
G1 X-23.850 Y-229.588 Z1.669 F400.000
G1 X-11.150 Y-229.588 Z1.003 F400.000
G1 X-23.850 Y-229.588 Z0.338 F400.000
G1 X-11.150 Y-229.588 Z-0.328 F400.000
G1 X-23.850 Y-229.588 Z-0.993 F400.000
G1 X-11.150 Y-229.588 Z-1.659 F400.000
G1 X-23.850 Y-229.588 Z-2.325 F400.000
G1 X-11.150 Y-229.588 Z-2.990 F400.000
G1 X-23.850 Y-229.588 Z-3.656 F400.000
G1 X-21.098 Y-229.588 Z-3.800 F400.000
G1 X-23.850 Y-229.588 Z-3.800 F400.000
G1 X-11.150 Y-229.588 Z-3.800 F400.000
G0 X-11.150 Y-229.588 Z5.000
G0 X-23.850 Y-229.588 Z5.000
G0 X-23.850 Y-229.588 Z3.000
G1 X-11.150 Y-229.588 Z2.334 F400.000
G1 X-23.850 Y-229.588 Z1.669 F400.000
G1 X-11.150 Y-229.588 Z1.003 F400.000
G1 X-23.850 Y-229.588 Z0.338 F400.000
G1 X-11.150 Y-229.588 Z-0.328 F400.000
G1 X-23.850 Y-229.588 Z-0.993 F400.000
G1 X-11.150 Y-229.588 Z-1.659 F400.000
G1 X-23.850 Y-229.588 Z-2.325 F400.000
G1 X-11.150 Y-229.588 Z-2.990 F400.000
G1 X-23.850 Y-229.588 Z-3.656 F400.000
G1 X-17.282 Y-229.588 Z-4.000 F400.000
G1 X-23.850 Y-229.588 Z-4.000 F400.000
G1 X-11.150 Y-229.588 Z-4.000 F400.000
G0 X-11.150 Y-229.588 Z5.000
G0 X-23.850 Y-229.588 Z5.000
G0 X-23.850 Y-229.588 Z3.000
G1 X-11.150 Y-229.588 Z2.334 F400.000
G1 X-23.850 Y-229.588 Z1.669 F400.000
G1 X-11.150 Y-229.588 Z1.003 F400.000
G1 X-23.850 Y-229.588 Z0.338 F400.000
G1 X-11.150 Y-229.588 Z-0.328 F400.000
G1 X-23.850 Y-229.588 Z-0.993 F400.000
G1 X-11.150 Y-229.588 Z-1.659 F400.000
G1 X-23.850 Y-229.588 Z-2.325 F400.000
G1 X-11.150 Y-229.588 Z-2.990 F400.000
G1 X-23.850 Y-229.588 Z-3.656 F400.000
G1 X-13.466 Y-229.588 Z-4.200 F400.000
G1 X-23.850 Y-229.588 Z-4.200 F400.000
G1 X-11.150 Y-229.588 Z-4.200 F400.000
G0 X-11.150 Y-229.588 Z5.000
G0 X-23.850 Y-229.588 Z5.000
G0 X-23.850 Y-229.588 Z3.000
G1 X-11.150 Y-229.588 Z2.334 F400.000
G1 X-23.850 Y-229.588 Z1.669 F400.000
G1 X-11.150 Y-229.588 Z1.003 F400.000
G1 X-23.850 Y-229.588 Z0.338 F400.000
G1 X-11.150 Y-229.588 Z-0.328 F400.000
G1 X-23.850 Y-229.588 Z-0.993 F400.000
G1 X-11.150 Y-229.588 Z-1.659 F400.000
G1 X-23.850 Y-229.588 Z-2.325 F400.000
G1 X-11.150 Y-229.588 Z-2.990 F400.000
G1 X-23.850 Y-229.588 Z-3.656 F400.000
G1 X-11.150 Y-229.588 Z-4.321 F400.000
G1 X-12.650 Y-229.588 Z-4.400 F400.000
G1 X-23.850 Y-229.588 Z-4.400 F400.000
G1 X-11.150 Y-229.588 Z-4.400 F400.000
G0 X-11.150 Y-229.588 Z5.000
G0 X-23.850 Y-229.588 Z5.000
G0 X-23.850 Y-229.588 Z3.000
G1 X-11.150 Y-229.588 Z2.334 F400.000
G1 X-23.850 Y-229.588 Z1.669 F400.000
G1 X-11.150 Y-229.588 Z1.003 F400.000
G1 X-23.850 Y-229.588 Z0.338 F400.000
G1 X-11.150 Y-229.588 Z-0.328 F400.000
G1 X-23.850 Y-229.588 Z-0.993 F400.000
G1 X-11.150 Y-229.588 Z-1.659 F400.000
G1 X-23.850 Y-229.588 Z-2.325 F400.000
G1 X-11.150 Y-229.588 Z-2.990 F400.000
G1 X-23.850 Y-229.588 Z-3.656 F400.000
G1 X-11.150 Y-229.588 Z-4.321 F400.000
G1 X-16.467 Y-229.588 Z-4.600 F400.000
G1 X-23.850 Y-229.588 Z-4.600 F400.000
G1 X-11.150 Y-229.588 Z-4.600 F400.000
G0 X-11.150 Y-229.588 Z5.000
G0 X-23.850 Y-229.588 Z5.000
G0 X-23.850 Y-229.588 Z3.000
G1 X-11.150 Y-229.588 Z2.334 F400.000
G1 X-23.850 Y-229.588 Z1.669 F400.000
G1 X-11.150 Y-229.588 Z1.003 F400.000
G1 X-23.850 Y-229.588 Z0.338 F400.000
G1 X-11.150 Y-229.588 Z-0.328 F400.000
G1 X-23.850 Y-229.588 Z-0.993 F400.000
G1 X-11.150 Y-229.588 Z-1.659 F400.000
G1 X-23.850 Y-229.588 Z-2.325 F400.000
G1 X-11.150 Y-229.588 Z-2.990 F400.000
G1 X-23.850 Y-229.588 Z-3.656 F400.000
G1 X-11.150 Y-229.588 Z-4.321 F400.000
G1 X-20.283 Y-229.588 Z-4.800 F400.000
G1 X-23.850 Y-229.588 Z-4.800 F400.000
G1 X-11.150 Y-229.588 Z-4.800 F400.000
G0 X-11.150 Y-229.588 Z5.000
G0 X-23.850 Y-229.588 Z5.000
G0 X-23.850 Y-229.588 Z3.000
G1 X-11.150 Y-229.588 Z2.334 F400.000
G1 X-23.850 Y-229.588 Z1.669 F400.000
G1 X-11.150 Y-229.588 Z1.003 F400.000
G1 X-23.850 Y-229.588 Z0.338 F400.000
G1 X-11.150 Y-229.588 Z-0.328 F400.000
G1 X-23.850 Y-229.588 Z-0.993 F400.000
G1 X-11.150 Y-229.588 Z-1.659 F400.000
G1 X-23.850 Y-229.588 Z-2.325 F400.000
G1 X-11.150 Y-229.588 Z-2.990 F400.000
G1 X-23.850 Y-229.588 Z-3.656 F400.000
G1 X-11.150 Y-229.588 Z-4.321 F400.000
G1 X-23.850 Y-229.588 Z-4.987 F400.000
G1 X-23.601 Y-229.588 Z-5.000 F400.000
G1 X-23.850 Y-229.588 Z-5.000 F400.000
G1 X-11.150 Y-229.588 Z-5.000 F400.000
G0 X-11.150 Y-229.588 Z5.000
G0 X-23.850 Y-229.588 Z5.000
G0 X-23.850 Y-229.588 Z3.000
G1 X-11.150 Y-229.588 Z2.334 F400.000
G1 X-23.850 Y-229.588 Z1.669 F400.000
G1 X-11.150 Y-229.588 Z1.003 F400.000
G1 X-23.850 Y-229.588 Z0.338 F400.000
G1 X-11.150 Y-229.588 Z-0.328 F400.000
G1 X-23.850 Y-229.588 Z-0.993 F400.000
G1 X-11.150 Y-229.588 Z-1.659 F400.000
G1 X-23.850 Y-229.588 Z-2.325 F400.000
G1 X-11.150 Y-229.588 Z-2.990 F400.000
G1 X-23.850 Y-229.588 Z-3.656 F400.000
G1 X-11.150 Y-229.588 Z-4.321 F400.000
G1 X-23.850 Y-229.588 Z-4.987 F400.000
G1 X-19.785 Y-229.588 Z-5.200 F400.000
G1 X-23.850 Y-229.588 Z-5.200 F400.000
G1 X-11.150 Y-229.588 Z-5.200 F400.000
G0 X-11.150 Y-229.588 Z5.000
G0 X-23.850 Y-229.588 Z5.000
G0 X-23.850 Y-229.588 Z3.000
G1 X-11.150 Y-229.588 Z2.334 F400.000
G1 X-23.850 Y-229.588 Z1.669 F400.000
G1 X-11.150 Y-229.588 Z1.003 F400.000
G1 X-23.850 Y-229.588 Z0.338 F400.000
G1 X-11.150 Y-229.588 Z-0.328 F400.000
G1 X-23.850 Y-229.588 Z-0.993 F400.000
G1 X-11.150 Y-229.588 Z-1.659 F400.000
G1 X-23.850 Y-229.588 Z-2.325 F400.000
G1 X-11.150 Y-229.588 Z-2.990 F400.000
G1 X-23.850 Y-229.588 Z-3.656 F400.000
G1 X-11.150 Y-229.588 Z-4.321 F400.000
G1 X-23.850 Y-229.588 Z-4.987 F400.000
G1 X-15.968 Y-229.588 Z-5.400 F400.000
G1 X-23.850 Y-229.588 Z-5.400 F400.000
G1 X-11.150 Y-229.588 Z-5.400 F400.000
G0 X-11.150 Y-229.588 Z5.000
(Finish operation: RampEntryDressup)
(Begin operation: RampEntryDressup001)
(Path: RampEntryDressup001)
G0 X0.000 Y0.000 Z5.000
G0 X-23.850 Y-1.412 Z5.000
G0 X-23.850 Y-1.412 Z3.000
G1 X-11.150 Y-1.412 Z2.334 F400.000
G1 X-23.850 Y-1.412 Z1.669 F400.000
G1 X-11.150 Y-1.412 Z1.003 F400.000
G1 X-23.850 Y-1.412 Z0.338 F400.000
G1 X-17.407 Y-1.412 Z-0.000 F400.000
G1 X-23.850 Y-1.412 Z-0.000 F400.000
G1 X-11.150 Y-1.412 Z-0.000 F400.000
G0 X-11.150 Y-1.412 Z5.000
G0 X-23.850 Y-1.412 Z5.000
G0 X-23.850 Y-1.412 Z3.000
G1 X-11.150 Y-1.412 Z2.334 F400.000
G1 X-23.850 Y-1.412 Z1.669 F400.000
G1 X-11.150 Y-1.412 Z1.003 F400.000
G1 X-23.850 Y-1.412 Z0.338 F400.000
G1 X-13.590 Y-1.412 Z-0.200 F400.000
G1 X-23.850 Y-1.412 Z-0.200 F400.000
G1 X-11.150 Y-1.412 Z-0.200 F400.000
G0 X-11.150 Y-1.412 Z5.000
G0 X-23.850 Y-1.412 Z5.000
G0 X-23.850 Y-1.412 Z3.000
G1 X-11.150 Y-1.412 Z2.334 F400.000
G1 X-23.850 Y-1.412 Z1.669 F400.000
G1 X-11.150 Y-1.412 Z1.003 F400.000
G1 X-23.850 Y-1.412 Z0.338 F400.000
G1 X-11.150 Y-1.412 Z-0.328 F400.000
G1 X-12.526 Y-1.412 Z-0.400 F400.000
G1 X-23.850 Y-1.412 Z-0.400 F400.000
G1 X-11.150 Y-1.412 Z-0.400 F400.000
G0 X-11.150 Y-1.412 Z5.000
G0 X-23.850 Y-1.412 Z5.000
G0 X-23.850 Y-1.412 Z3.000
G1 X-11.150 Y-1.412 Z2.334 F400.000
G1 X-23.850 Y-1.412 Z1.669 F400.000
G1 X-11.150 Y-1.412 Z1.003 F400.000
G1 X-23.850 Y-1.412 Z0.338 F400.000
G1 X-11.150 Y-1.412 Z-0.328 F400.000
G1 X-16.342 Y-1.412 Z-0.600 F400.000
G1 X-23.850 Y-1.412 Z-0.600 F400.000
G1 X-11.150 Y-1.412 Z-0.600 F400.000
G0 X-11.150 Y-1.412 Z5.000
G0 X-23.850 Y-1.412 Z5.000
G0 X-23.850 Y-1.412 Z3.000
G1 X-11.150 Y-1.412 Z2.334 F400.000
G1 X-23.850 Y-1.412 Z1.669 F400.000
G1 X-11.150 Y-1.412 Z1.003 F400.000
G1 X-23.850 Y-1.412 Z0.338 F400.000
G1 X-11.150 Y-1.412 Z-0.328 F400.000
G1 X-20.158 Y-1.412 Z-0.800 F400.000
G1 X-23.850 Y-1.412 Z-0.800 F400.000
G1 X-11.150 Y-1.412 Z-0.800 F400.000
G0 X-11.150 Y-1.412 Z5.000
G0 X-23.850 Y-1.412 Z5.000
G0 X-23.850 Y-1.412 Z3.000
G1 X-11.150 Y-1.412 Z2.334 F400.000
G1 X-23.850 Y-1.412 Z1.669 F400.000
G1 X-11.150 Y-1.412 Z1.003 F400.000
G1 X-23.850 Y-1.412 Z0.338 F400.000
G1 X-11.150 Y-1.412 Z-0.328 F400.000
G1 X-23.850 Y-1.412 Z-0.993 F400.000
G1 X-23.725 Y-1.412 Z-1.000 F400.000
G1 X-23.850 Y-1.412 Z-1.000 F400.000
G1 X-11.150 Y-1.412 Z-1.000 F400.000
G0 X-11.150 Y-1.412 Z5.000
G0 X-23.850 Y-1.412 Z5.000
G0 X-23.850 Y-1.412 Z3.000
G1 X-11.150 Y-1.412 Z2.334 F400.000
G1 X-23.850 Y-1.412 Z1.669 F400.000
G1 X-11.150 Y-1.412 Z1.003 F400.000
G1 X-23.850 Y-1.412 Z0.338 F400.000
G1 X-11.150 Y-1.412 Z-0.328 F400.000
G1 X-23.850 Y-1.412 Z-0.993 F400.000
G1 X-19.909 Y-1.412 Z-1.200 F400.000
G1 X-23.850 Y-1.412 Z-1.200 F400.000
G1 X-11.150 Y-1.412 Z-1.200 F400.000
G0 X-11.150 Y-1.412 Z5.000
G0 X-23.850 Y-1.412 Z5.000
G0 X-23.850 Y-1.412 Z3.000
G1 X-11.150 Y-1.412 Z2.334 F400.000
G1 X-23.850 Y-1.412 Z1.669 F400.000
G1 X-11.150 Y-1.412 Z1.003 F400.000
G1 X-23.850 Y-1.412 Z0.338 F400.000
G1 X-11.150 Y-1.412 Z-0.328 F400.000
G1 X-23.850 Y-1.412 Z-0.993 F400.000
G1 X-16.093 Y-1.412 Z-1.400 F400.000
G1 X-23.850 Y-1.412 Z-1.400 F400.000
G1 X-11.150 Y-1.412 Z-1.400 F400.000
G0 X-11.150 Y-1.412 Z5.000
G0 X-23.850 Y-1.412 Z5.000
G0 X-23.850 Y-1.412 Z3.000
G1 X-11.150 Y-1.412 Z2.334 F400.000
G1 X-23.850 Y-1.412 Z1.669 F400.000
G1 X-11.150 Y-1.412 Z1.003 F400.000
G1 X-23.850 Y-1.412 Z0.338 F400.000
G1 X-11.150 Y-1.412 Z-0.328 F400.000
G1 X-23.850 Y-1.412 Z-0.993 F400.000
G1 X-12.277 Y-1.412 Z-1.600 F400.000
G1 X-23.850 Y-1.412 Z-1.600 F400.000
G1 X-11.150 Y-1.412 Z-1.600 F400.000
G0 X-11.150 Y-1.412 Z5.000
G0 X-23.850 Y-1.412 Z5.000
G0 X-23.850 Y-1.412 Z3.000
G1 X-11.150 Y-1.412 Z2.334 F400.000
G1 X-23.850 Y-1.412 Z1.669 F400.000
G1 X-11.150 Y-1.412 Z1.003 F400.000
G1 X-23.850 Y-1.412 Z0.338 F400.000
G1 X-11.150 Y-1.412 Z-0.328 F400.000
G1 X-23.850 Y-1.412 Z-0.993 F400.000
G1 X-11.150 Y-1.412 Z-1.659 F400.000
G1 X-13.839 Y-1.412 Z-1.800 F400.000
G1 X-23.850 Y-1.412 Z-1.800 F400.000
G1 X-11.150 Y-1.412 Z-1.800 F400.000
G0 X-11.150 Y-1.412 Z5.000
G0 X-23.850 Y-1.412 Z5.000
G0 X-23.850 Y-1.412 Z3.000
G1 X-11.150 Y-1.412 Z2.334 F400.000
G1 X-23.850 Y-1.412 Z1.669 F400.000
G1 X-11.150 Y-1.412 Z1.003 F400.000
G1 X-23.850 Y-1.412 Z0.338 F400.000
G1 X-11.150 Y-1.412 Z-0.328 F400.000
G1 X-23.850 Y-1.412 Z-0.993 F400.000
G1 X-11.150 Y-1.412 Z-1.659 F400.000
G1 X-17.656 Y-1.412 Z-2.000 F400.000
G1 X-23.850 Y-1.412 Z-2.000 F400.000
G1 X-11.150 Y-1.412 Z-2.000 F400.000
G0 X-11.150 Y-1.412 Z5.000
G0 X-23.850 Y-1.412 Z5.000
G0 X-23.850 Y-1.412 Z3.000
G1 X-11.150 Y-1.412 Z2.334 F400.000
G1 X-23.850 Y-1.412 Z1.669 F400.000
G1 X-11.150 Y-1.412 Z1.003 F400.000
G1 X-23.850 Y-1.412 Z0.338 F400.000
G1 X-11.150 Y-1.412 Z-0.328 F400.000
G1 X-23.850 Y-1.412 Z-0.993 F400.000
G1 X-11.150 Y-1.412 Z-1.659 F400.000
G1 X-21.472 Y-1.412 Z-2.200 F400.000
G1 X-23.850 Y-1.412 Z-2.200 F400.000
G1 X-11.150 Y-1.412 Z-2.200 F400.000
G0 X-11.150 Y-1.412 Z5.000
G0 X-23.850 Y-1.412 Z5.000
G0 X-23.850 Y-1.412 Z3.000
G1 X-11.150 Y-1.412 Z2.334 F400.000
G1 X-23.850 Y-1.412 Z1.669 F400.000
G1 X-11.150 Y-1.412 Z1.003 F400.000
G1 X-23.850 Y-1.412 Z0.338 F400.000
G1 X-11.150 Y-1.412 Z-0.328 F400.000
G1 X-23.850 Y-1.412 Z-0.993 F400.000
G1 X-11.150 Y-1.412 Z-1.659 F400.000
G1 X-23.850 Y-1.412 Z-2.325 F400.000
G1 X-22.412 Y-1.412 Z-2.400 F400.000
G1 X-23.850 Y-1.412 Z-2.400 F400.000
G1 X-11.150 Y-1.412 Z-2.400 F400.000
G0 X-11.150 Y-1.412 Z5.000
G0 X-23.850 Y-1.412 Z5.000
G0 X-23.850 Y-1.412 Z3.000
G1 X-11.150 Y-1.412 Z2.334 F400.000
G1 X-23.850 Y-1.412 Z1.669 F400.000
G1 X-11.150 Y-1.412 Z1.003 F400.000
G1 X-23.850 Y-1.412 Z0.338 F400.000
G1 X-11.150 Y-1.412 Z-0.328 F400.000
G1 X-23.850 Y-1.412 Z-0.993 F400.000
G1 X-11.150 Y-1.412 Z-1.659 F400.000
G1 X-23.850 Y-1.412 Z-2.325 F400.000
G1 X-18.596 Y-1.412 Z-2.600 F400.000
G1 X-23.850 Y-1.412 Z-2.600 F400.000
G1 X-11.150 Y-1.412 Z-2.600 F400.000
G0 X-11.150 Y-1.412 Z5.000
G0 X-23.850 Y-1.412 Z5.000
G0 X-23.850 Y-1.412 Z3.000
G1 X-11.150 Y-1.412 Z2.334 F400.000
G1 X-23.850 Y-1.412 Z1.669 F400.000
G1 X-11.150 Y-1.412 Z1.003 F400.000
G1 X-23.850 Y-1.412 Z0.338 F400.000
G1 X-11.150 Y-1.412 Z-0.328 F400.000
G1 X-23.850 Y-1.412 Z-0.993 F400.000
G1 X-11.150 Y-1.412 Z-1.659 F400.000
G1 X-23.850 Y-1.412 Z-2.325 F400.000
G1 X-14.779 Y-1.412 Z-2.800 F400.000
G1 X-23.850 Y-1.412 Z-2.800 F400.000
G1 X-11.150 Y-1.412 Z-2.800 F400.000
G0 X-11.150 Y-1.412 Z5.000
G0 X-23.850 Y-1.412 Z5.000
G0 X-23.850 Y-1.412 Z3.000
G1 X-11.150 Y-1.412 Z2.334 F400.000
G1 X-23.850 Y-1.412 Z1.669 F400.000
G1 X-11.150 Y-1.412 Z1.003 F400.000
G1 X-23.850 Y-1.412 Z0.338 F400.000
G1 X-11.150 Y-1.412 Z-0.328 F400.000
G1 X-23.850 Y-1.412 Z-0.993 F400.000
G1 X-11.150 Y-1.412 Z-1.659 F400.000
G1 X-23.850 Y-1.412 Z-2.325 F400.000
G1 X-11.150 Y-1.412 Z-2.990 F400.000
G1 X-11.337 Y-1.412 Z-3.000 F400.000
G1 X-23.850 Y-1.412 Z-3.000 F400.000
G1 X-11.150 Y-1.412 Z-3.000 F400.000
G0 X-11.150 Y-1.412 Z5.000
G0 X-23.850 Y-1.412 Z5.000
G0 X-23.850 Y-1.412 Z3.000
G1 X-11.150 Y-1.412 Z2.334 F400.000
G1 X-23.850 Y-1.412 Z1.669 F400.000
G1 X-11.150 Y-1.412 Z1.003 F400.000
G1 X-23.850 Y-1.412 Z0.338 F400.000
G1 X-11.150 Y-1.412 Z-0.328 F400.000
G1 X-23.850 Y-1.412 Z-0.993 F400.000
G1 X-11.150 Y-1.412 Z-1.659 F400.000
G1 X-23.850 Y-1.412 Z-2.325 F400.000
G1 X-11.150 Y-1.412 Z-2.990 F400.000
G1 X-15.153 Y-1.412 Z-3.200 F400.000
G1 X-23.850 Y-1.412 Z-3.200 F400.000
G1 X-11.150 Y-1.412 Z-3.200 F400.000
G0 X-11.150 Y-1.412 Z5.000
G0 X-23.850 Y-1.412 Z5.000
G0 X-23.850 Y-1.412 Z3.000
G1 X-11.150 Y-1.412 Z2.334 F400.000
G1 X-23.850 Y-1.412 Z1.669 F400.000
G1 X-11.150 Y-1.412 Z1.003 F400.000
G1 X-23.850 Y-1.412 Z0.338 F400.000
G1 X-11.150 Y-1.412 Z-0.328 F400.000
G1 X-23.850 Y-1.412 Z-0.993 F400.000
G1 X-11.150 Y-1.412 Z-1.659 F400.000
G1 X-23.850 Y-1.412 Z-2.325 F400.000
G1 X-11.150 Y-1.412 Z-2.990 F400.000
G1 X-18.969 Y-1.412 Z-3.400 F400.000
G1 X-23.850 Y-1.412 Z-3.400 F400.000
G1 X-11.150 Y-1.412 Z-3.400 F400.000
G0 X-11.150 Y-1.412 Z5.000
G0 X-23.850 Y-1.412 Z5.000
G0 X-23.850 Y-1.412 Z3.000
G1 X-11.150 Y-1.412 Z2.334 F400.000
G1 X-23.850 Y-1.412 Z1.669 F400.000
G1 X-11.150 Y-1.412 Z1.003 F400.000
G1 X-23.850 Y-1.412 Z0.338 F400.000
G1 X-11.150 Y-1.412 Z-0.328 F400.000
G1 X-23.850 Y-1.412 Z-0.993 F400.000
G1 X-11.150 Y-1.412 Z-1.659 F400.000
G1 X-23.850 Y-1.412 Z-2.325 F400.000
G1 X-11.150 Y-1.412 Z-2.990 F400.000
G1 X-22.786 Y-1.412 Z-3.600 F400.000
G1 X-23.850 Y-1.412 Z-3.600 F400.000
G1 X-11.150 Y-1.412 Z-3.600 F400.000
G0 X-11.150 Y-1.412 Z5.000
G0 X-23.850 Y-1.412 Z5.000
G0 X-23.850 Y-1.412 Z3.000
G1 X-11.150 Y-1.412 Z2.334 F400.000
G1 X-23.850 Y-1.412 Z1.669 F400.000
G1 X-11.150 Y-1.412 Z1.003 F400.000
G1 X-23.850 Y-1.412 Z0.338 F400.000
G1 X-11.150 Y-1.412 Z-0.328 F400.000
G1 X-23.850 Y-1.412 Z-0.993 F400.000
G1 X-11.150 Y-1.412 Z-1.659 F400.000
G1 X-23.850 Y-1.412 Z-2.325 F400.000
G1 X-11.150 Y-1.412 Z-2.990 F400.000
G1 X-23.850 Y-1.412 Z-3.656 F400.000
G1 X-21.098 Y-1.412 Z-3.800 F400.000
G1 X-23.850 Y-1.412 Z-3.800 F400.000
G1 X-11.150 Y-1.412 Z-3.800 F400.000
G0 X-11.150 Y-1.412 Z5.000
G0 X-23.850 Y-1.412 Z5.000
G0 X-23.850 Y-1.412 Z3.000
G1 X-11.150 Y-1.412 Z2.334 F400.000
G1 X-23.850 Y-1.412 Z1.669 F400.000
G1 X-11.150 Y-1.412 Z1.003 F400.000
G1 X-23.850 Y-1.412 Z0.338 F400.000
G1 X-11.150 Y-1.412 Z-0.328 F400.000
G1 X-23.850 Y-1.412 Z-0.993 F400.000
G1 X-11.150 Y-1.412 Z-1.659 F400.000
G1 X-23.850 Y-1.412 Z-2.325 F400.000
G1 X-11.150 Y-1.412 Z-2.990 F400.000
G1 X-23.850 Y-1.412 Z-3.656 F400.000
G1 X-17.282 Y-1.412 Z-4.000 F400.000
G1 X-23.850 Y-1.412 Z-4.000 F400.000
G1 X-11.150 Y-1.412 Z-4.000 F400.000
G0 X-11.150 Y-1.412 Z5.000
G0 X-23.850 Y-1.412 Z5.000
G0 X-23.850 Y-1.412 Z3.000
G1 X-11.150 Y-1.412 Z2.334 F400.000
G1 X-23.850 Y-1.412 Z1.669 F400.000
G1 X-11.150 Y-1.412 Z1.003 F400.000
G1 X-23.850 Y-1.412 Z0.338 F400.000
G1 X-11.150 Y-1.412 Z-0.328 F400.000
G1 X-23.850 Y-1.412 Z-0.993 F400.000
G1 X-11.150 Y-1.412 Z-1.659 F400.000
G1 X-23.850 Y-1.412 Z-2.325 F400.000
G1 X-11.150 Y-1.412 Z-2.990 F400.000
G1 X-23.850 Y-1.412 Z-3.656 F400.000
G1 X-13.466 Y-1.412 Z-4.200 F400.000
G1 X-23.850 Y-1.412 Z-4.200 F400.000
G1 X-11.150 Y-1.412 Z-4.200 F400.000
G0 X-11.150 Y-1.412 Z5.000
G0 X-23.850 Y-1.412 Z5.000
G0 X-23.850 Y-1.412 Z3.000
G1 X-11.150 Y-1.412 Z2.334 F400.000
G1 X-23.850 Y-1.412 Z1.669 F400.000
G1 X-11.150 Y-1.412 Z1.003 F400.000
G1 X-23.850 Y-1.412 Z0.338 F400.000
G1 X-11.150 Y-1.412 Z-0.328 F400.000
G1 X-23.850 Y-1.412 Z-0.993 F400.000
G1 X-11.150 Y-1.412 Z-1.659 F400.000
G1 X-23.850 Y-1.412 Z-2.325 F400.000
G1 X-11.150 Y-1.412 Z-2.990 F400.000
G1 X-23.850 Y-1.412 Z-3.656 F400.000
G1 X-11.150 Y-1.412 Z-4.321 F400.000
G1 X-12.650 Y-1.412 Z-4.400 F400.000
G1 X-23.850 Y-1.412 Z-4.400 F400.000
G1 X-11.150 Y-1.412 Z-4.400 F400.000
G0 X-11.150 Y-1.412 Z5.000
G0 X-23.850 Y-1.412 Z5.000
G0 X-23.850 Y-1.412 Z3.000
G1 X-11.150 Y-1.412 Z2.334 F400.000
G1 X-23.850 Y-1.412 Z1.669 F400.000
G1 X-11.150 Y-1.412 Z1.003 F400.000
G1 X-23.850 Y-1.412 Z0.338 F400.000
G1 X-11.150 Y-1.412 Z-0.328 F400.000
G1 X-23.850 Y-1.412 Z-0.993 F400.000
G1 X-11.150 Y-1.412 Z-1.659 F400.000
G1 X-23.850 Y-1.412 Z-2.325 F400.000
G1 X-11.150 Y-1.412 Z-2.990 F400.000
G1 X-23.850 Y-1.412 Z-3.656 F400.000
G1 X-11.150 Y-1.412 Z-4.321 F400.000
G1 X-16.467 Y-1.412 Z-4.600 F400.000
G1 X-23.850 Y-1.412 Z-4.600 F400.000
G1 X-11.150 Y-1.412 Z-4.600 F400.000
G0 X-11.150 Y-1.412 Z5.000
G0 X-23.850 Y-1.412 Z5.000
G0 X-23.850 Y-1.412 Z3.000
G1 X-11.150 Y-1.412 Z2.334 F400.000
G1 X-23.850 Y-1.412 Z1.669 F400.000
G1 X-11.150 Y-1.412 Z1.003 F400.000
G1 X-23.850 Y-1.412 Z0.338 F400.000
G1 X-11.150 Y-1.412 Z-0.328 F400.000
G1 X-23.850 Y-1.412 Z-0.993 F400.000
G1 X-11.150 Y-1.412 Z-1.659 F400.000
G1 X-23.850 Y-1.412 Z-2.325 F400.000
G1 X-11.150 Y-1.412 Z-2.990 F400.000
G1 X-23.850 Y-1.412 Z-3.656 F400.000
G1 X-11.150 Y-1.412 Z-4.321 F400.000
G1 X-20.283 Y-1.412 Z-4.800 F400.000
G1 X-23.850 Y-1.412 Z-4.800 F400.000
G1 X-11.150 Y-1.412 Z-4.800 F400.000
G0 X-11.150 Y-1.412 Z5.000
G0 X-23.850 Y-1.412 Z5.000
G0 X-23.850 Y-1.412 Z3.000
G1 X-11.150 Y-1.412 Z2.334 F400.000
G1 X-23.850 Y-1.412 Z1.669 F400.000
G1 X-11.150 Y-1.412 Z1.003 F400.000
G1 X-23.850 Y-1.412 Z0.338 F400.000
G1 X-11.150 Y-1.412 Z-0.328 F400.000
G1 X-23.850 Y-1.412 Z-0.993 F400.000
G1 X-11.150 Y-1.412 Z-1.659 F400.000
G1 X-23.850 Y-1.412 Z-2.325 F400.000
G1 X-11.150 Y-1.412 Z-2.990 F400.000
G1 X-23.850 Y-1.412 Z-3.656 F400.000
G1 X-11.150 Y-1.412 Z-4.321 F400.000
G1 X-23.850 Y-1.412 Z-4.987 F400.000
G1 X-23.601 Y-1.412 Z-5.000 F400.000
G1 X-23.850 Y-1.412 Z-5.000 F400.000
G1 X-11.150 Y-1.412 Z-5.000 F400.000
G0 X-11.150 Y-1.412 Z5.000
G0 X-23.850 Y-1.412 Z5.000
G0 X-23.850 Y-1.412 Z3.000
G1 X-11.150 Y-1.412 Z2.334 F400.000
G1 X-23.850 Y-1.412 Z1.669 F400.000
G1 X-11.150 Y-1.412 Z1.003 F400.000
G1 X-23.850 Y-1.412 Z0.338 F400.000
G1 X-11.150 Y-1.412 Z-0.328 F400.000
G1 X-23.850 Y-1.412 Z-0.993 F400.000
G1 X-11.150 Y-1.412 Z-1.659 F400.000
G1 X-23.850 Y-1.412 Z-2.325 F400.000
G1 X-11.150 Y-1.412 Z-2.990 F400.000
G1 X-23.850 Y-1.412 Z-3.656 F400.000
G1 X-11.150 Y-1.412 Z-4.321 F400.000
G1 X-23.850 Y-1.412 Z-4.987 F400.000
G1 X-19.785 Y-1.412 Z-5.200 F400.000
G1 X-23.850 Y-1.412 Z-5.200 F400.000
G1 X-11.150 Y-1.412 Z-5.200 F400.000
G0 X-11.150 Y-1.412 Z5.000
G0 X-23.850 Y-1.412 Z5.000
G0 X-23.850 Y-1.412 Z3.000
G1 X-11.150 Y-1.412 Z2.334 F400.000
G1 X-23.850 Y-1.412 Z1.669 F400.000
G1 X-11.150 Y-1.412 Z1.003 F400.000
G1 X-23.850 Y-1.412 Z0.338 F400.000
G1 X-11.150 Y-1.412 Z-0.328 F400.000
G1 X-23.850 Y-1.412 Z-0.993 F400.000
G1 X-11.150 Y-1.412 Z-1.659 F400.000
G1 X-23.850 Y-1.412 Z-2.325 F400.000
G1 X-11.150 Y-1.412 Z-2.990 F400.000
G1 X-23.850 Y-1.412 Z-3.656 F400.000
G1 X-11.150 Y-1.412 Z-4.321 F400.000
G1 X-23.850 Y-1.412 Z-4.987 F400.000
G1 X-15.968 Y-1.412 Z-5.400 F400.000
G1 X-23.850 Y-1.412 Z-5.400 F400.000
G1 X-11.150 Y-1.412 Z-5.400 F400.000
G0 X-11.150 Y-1.412 Z5.000
(Finish operation: RampEntryDressup001)
(Begin operation: RampEntryDressup002)
(Path: RampEntryDressup002)
G0 X0.000 Y0.000 Z5.000
G0 X-9.562 Y-228.000 Z5.000
G0 X-9.562 Y-228.000 Z3.000
G1 X-9.562 Y-197.470 Z1.400 F400.000
G1 X-9.562 Y-228.000 Z-0.200 F400.000
G1 X-9.562 Y-3.000 Z-0.200 F400.000
G0 X-9.562 Y-3.000 Z5.000
G0 X-9.562 Y-228.000 Z5.000
G0 X-9.562 Y-228.000 Z3.000
G1 X-9.562 Y-195.562 Z1.300 F400.000
G1 X-9.562 Y-228.000 Z-0.400 F400.000
G1 X-9.562 Y-3.000 Z-0.400 F400.000
G0 X-9.562 Y-3.000 Z5.000
G0 X-9.562 Y-228.000 Z5.000
G0 X-9.562 Y-228.000 Z3.000
G1 X-9.562 Y-193.654 Z1.200 F400.000
G1 X-9.562 Y-228.000 Z-0.600 F400.000
G1 X-9.562 Y-3.000 Z-0.600 F400.000
G0 X-9.562 Y-3.000 Z5.000
G0 X-9.562 Y-228.000 Z5.000
G0 X-9.562 Y-228.000 Z3.000
G1 X-9.562 Y-191.746 Z1.100 F400.000
G1 X-9.562 Y-228.000 Z-0.800 F400.000
G1 X-9.562 Y-3.000 Z-0.800 F400.000
G0 X-9.562 Y-3.000 Z5.000
G0 X-9.562 Y-228.000 Z5.000
G0 X-9.562 Y-228.000 Z3.000
G1 X-9.562 Y-189.838 Z1.000 F400.000
G1 X-9.562 Y-228.000 Z-1.000 F400.000
G1 X-9.562 Y-3.000 Z-1.000 F400.000
G0 X-9.562 Y-3.000 Z5.000
G0 X-9.562 Y-228.000 Z5.000
G0 X-9.562 Y-228.000 Z3.000
G1 X-9.562 Y-187.930 Z0.900 F400.000
G1 X-9.562 Y-228.000 Z-1.200 F400.000
G1 X-9.562 Y-3.000 Z-1.200 F400.000
G0 X-9.562 Y-3.000 Z5.000
G0 X-9.562 Y-228.000 Z5.000
G0 X-9.562 Y-228.000 Z3.000
G1 X-9.562 Y-186.021 Z0.800 F400.000
G1 X-9.562 Y-228.000 Z-1.400 F400.000
G1 X-9.562 Y-3.000 Z-1.400 F400.000
G0 X-9.562 Y-3.000 Z5.000
G0 X-9.562 Y-228.000 Z5.000
G0 X-9.562 Y-228.000 Z3.000
G1 X-9.562 Y-184.113 Z0.700 F400.000
G1 X-9.562 Y-228.000 Z-1.600 F400.000
G1 X-9.562 Y-3.000 Z-1.600 F400.000
G0 X-9.562 Y-3.000 Z5.000
G0 X-9.562 Y-228.000 Z5.000
G0 X-9.562 Y-228.000 Z3.000
G1 X-9.562 Y-182.205 Z0.600 F400.000
G1 X-9.562 Y-228.000 Z-1.800 F400.000
G1 X-9.562 Y-3.000 Z-1.800 F400.000
G0 X-9.562 Y-3.000 Z5.000
G0 X-9.562 Y-228.000 Z5.000
G0 X-9.562 Y-228.000 Z3.000
G1 X-9.562 Y-180.297 Z0.500 F400.000
G1 X-9.562 Y-228.000 Z-2.000 F400.000
G1 X-9.562 Y-3.000 Z-2.000 F400.000
G0 X-9.562 Y-3.000 Z5.000
G0 X-9.562 Y-228.000 Z5.000
G0 X-9.562 Y-228.000 Z3.000
G1 X-9.562 Y-178.389 Z0.400 F400.000
G1 X-9.562 Y-228.000 Z-2.200 F400.000
G1 X-9.562 Y-3.000 Z-2.200 F400.000
G0 X-9.562 Y-3.000 Z5.000
G0 X-9.562 Y-228.000 Z5.000
G0 X-9.562 Y-228.000 Z3.000
G1 X-9.562 Y-176.481 Z0.300 F400.000
G1 X-9.562 Y-228.000 Z-2.400 F400.000
G1 X-9.562 Y-3.000 Z-2.400 F400.000
G0 X-9.562 Y-3.000 Z5.000
G0 X-9.562 Y-228.000 Z5.000
G0 X-9.562 Y-228.000 Z3.000
G1 X-9.562 Y-174.573 Z0.200 F400.000
G1 X-9.562 Y-228.000 Z-2.600 F400.000
G1 X-9.562 Y-3.000 Z-2.600 F400.000
G0 X-9.562 Y-3.000 Z5.000
G0 X-9.562 Y-228.000 Z5.000
G0 X-9.562 Y-228.000 Z3.000
G1 X-9.562 Y-172.665 Z0.100 F400.000
G1 X-9.562 Y-228.000 Z-2.800 F400.000
G1 X-9.562 Y-3.000 Z-2.800 F400.000
G0 X-9.562 Y-3.000 Z5.000
G0 X-9.562 Y-228.000 Z5.000
G0 X-9.562 Y-228.000 Z3.000
G1 X-9.562 Y-170.757 Z0.000 F400.000
G1 X-9.562 Y-228.000 Z-3.000 F400.000
G1 X-9.562 Y-3.000 Z-3.000 F400.000
G0 X-9.562 Y-3.000 Z5.000
G0 X-9.562 Y-228.000 Z5.000
G0 X-9.562 Y-228.000 Z3.000
G1 X-9.562 Y-168.848 Z-0.100 F400.000
G1 X-9.562 Y-228.000 Z-3.200 F400.000
G1 X-9.562 Y-3.000 Z-3.200 F400.000
G0 X-9.562 Y-3.000 Z5.000
G0 X-9.562 Y-228.000 Z5.000
G0 X-9.562 Y-228.000 Z3.000
G1 X-9.562 Y-166.940 Z-0.200 F400.000
G1 X-9.562 Y-228.000 Z-3.400 F400.000
G1 X-9.562 Y-3.000 Z-3.400 F400.000
G0 X-9.562 Y-3.000 Z5.000
G0 X-9.562 Y-228.000 Z5.000
G0 X-9.562 Y-228.000 Z3.000
G1 X-9.562 Y-165.032 Z-0.300 F400.000
G1 X-9.562 Y-228.000 Z-3.600 F400.000
G1 X-9.562 Y-3.000 Z-3.600 F400.000
G0 X-9.562 Y-3.000 Z5.000
G0 X-9.562 Y-228.000 Z5.000
G0 X-9.562 Y-228.000 Z3.000
G1 X-9.562 Y-163.124 Z-0.400 F400.000
G1 X-9.562 Y-228.000 Z-3.800 F400.000
G1 X-9.562 Y-3.000 Z-3.800 F400.000
G0 X-9.562 Y-3.000 Z5.000
G0 X-9.562 Y-228.000 Z5.000
G0 X-9.562 Y-228.000 Z3.000
G1 X-9.562 Y-161.216 Z-0.500 F400.000
G1 X-9.562 Y-228.000 Z-4.000 F400.000
G1 X-9.562 Y-3.000 Z-4.000 F400.000
G0 X-9.562 Y-3.000 Z5.000
G0 X-9.562 Y-228.000 Z5.000
G0 X-9.562 Y-228.000 Z3.000
G1 X-9.562 Y-159.308 Z-0.600 F400.000
G1 X-9.562 Y-228.000 Z-4.200 F400.000
G1 X-9.562 Y-3.000 Z-4.200 F400.000
G0 X-9.562 Y-3.000 Z5.000
G0 X-9.562 Y-228.000 Z5.000
G0 X-9.562 Y-228.000 Z3.000
G1 X-9.562 Y-157.400 Z-0.700 F400.000
G1 X-9.562 Y-228.000 Z-4.400 F400.000
G1 X-9.562 Y-3.000 Z-4.400 F400.000
G0 X-9.562 Y-3.000 Z5.000
G0 X-9.562 Y-228.000 Z5.000
G0 X-9.562 Y-228.000 Z3.000
G1 X-9.562 Y-155.492 Z-0.800 F400.000
G1 X-9.562 Y-228.000 Z-4.600 F400.000
G1 X-9.562 Y-3.000 Z-4.600 F400.000
G0 X-9.562 Y-3.000 Z5.000
G0 X-9.562 Y-228.000 Z5.000
G0 X-9.562 Y-228.000 Z3.000
G1 X-9.562 Y-153.584 Z-0.900 F400.000
G1 X-9.562 Y-228.000 Z-4.800 F400.000
G1 X-9.562 Y-3.000 Z-4.800 F400.000
G0 X-9.562 Y-3.000 Z5.000
G0 X-9.562 Y-228.000 Z5.000
G0 X-9.562 Y-228.000 Z3.000
G1 X-9.562 Y-151.675 Z-1.000 F400.000
G1 X-9.562 Y-228.000 Z-5.000 F400.000
G1 X-9.562 Y-3.000 Z-5.000 F400.000
G0 X-9.562 Y-3.000 Z5.000
G0 X-9.562 Y-228.000 Z5.000
G0 X-9.562 Y-228.000 Z3.000
G1 X-9.562 Y-149.767 Z-1.100 F400.000
G1 X-9.562 Y-228.000 Z-5.200 F400.000
G1 X-9.562 Y-3.000 Z-5.200 F400.000
G0 X-9.562 Y-3.000 Z5.000
G0 X-9.562 Y-228.000 Z5.000
G0 X-9.562 Y-228.000 Z3.000
G1 X-9.562 Y-147.859 Z-1.200 F400.000
G1 X-9.562 Y-228.000 Z-5.400 F400.000
G1 X-9.562 Y-3.000 Z-5.400 F400.000
G0 X-9.562 Y-3.000 Z5.000
(Finish operation: RampEntryDressup002)
(Begin postamble)
M5
G17 G90
M2
