ISO-10303-21;
HEADER;
FILE_DESCRIPTION(('FreeCAD Model'),'2;1');
FILE_NAME('Open CASCADE Shape Model','2026-07-08T10:36:01',(''),(''),
  'Open CASCADE STEP processor 7.8','FreeCAD','Unknown');
FILE_SCHEMA(('AUTOMOTIVE_DESIGN { 1 0 10303 214 1 1 1 1 }'));
ENDSEC;
DATA;
#1 = APPLICATION_PROTOCOL_DEFINITION('international standard',
  'automotive_design',2000,#2);
#2 = APPLICATION_CONTEXT(
  'core data for automotive mechanical design processes');
#3 = SHAPE_DEFINITION_REPRESENTATION(#4,#10);
#4 = PRODUCT_DEFINITION_SHAPE('','',#5);
#5 = PRODUCT_DEFINITION('design','',#6,#9);
#6 = PRODUCT_DEFINITION_FORMATION('','',#7);
#7 = PRODUCT('BarSupport','BarSupport','',(#8));
#8 = PRODUCT_CONTEXT('',#2,'mechanical');
#9 = PRODUCT_DEFINITION_CONTEXT('part definition',#2,'design');
#10 = ADVANCED_BREP_SHAPE_REPRESENTATION('',(#11,#15),#3260);
#11 = AXIS2_PLACEMENT_3D('',#12,#13,#14);
#12 = CARTESIAN_POINT('',(0.,0.,0.));
#13 = DIRECTION('',(0.,0.,1.));
#14 = DIRECTION('',(1.,0.,-0.));
#15 = MANIFOLD_SOLID_BREP('',#16);
#16 = CLOSED_SHELL('',(#17,#137,#223,#304,#385,#461,#578,#627,#676,#730,
    #1032,#1086,#1388,#1495,#1571,#1598,#1625,#1680,#1707,#1783,#1837,
    #1891,#1945,#1999,#2053,#2100,#2127,#2134,#2161,#2237,#2286,#2335,
    #2384,#2433,#2482,#2529,#2556,#2563,#2590,#2706,#2733,#2768,#2844,
    #2956,#3028,#3055,#3115,#3122,#3149,#3198,#3226,#3253));
#17 = ADVANCED_FACE('',(#18),#32,.T.);
#18 = FACE_BOUND('',#19,.T.);
#19 = EDGE_LOOP('',(#20,#55,#83,#111));
#20 = ORIENTED_EDGE('',*,*,#21,.F.);
#21 = EDGE_CURVE('',#22,#24,#26,.T.);
#22 = VERTEX_POINT('',#23);
#23 = CARTESIAN_POINT('',(-13.,-47.6,4.420908084057E-14));
#24 = VERTEX_POINT('',#25);
#25 = CARTESIAN_POINT('',(13.,-47.6,5.220268661787E-14));
#26 = SURFACE_CURVE('',#27,(#31,#43),.PCURVE_S1.);
#27 = LINE('',#28,#29);
#28 = CARTESIAN_POINT('',(-15.,-47.6,7.036593530074E-14));
#29 = VECTOR('',#30,1.);
#30 = DIRECTION('',(1.,-1.110223024625E-15,-1.110223024625E-16));
#31 = PCURVE('',#32,#37);
#32 = PLANE('',#33);
#33 = AXIS2_PLACEMENT_3D('',#34,#35,#36);
#34 = CARTESIAN_POINT('',(1.398413548702E-14,-32.5,4.690692279041E-14));
#35 = DIRECTION('',(1.221245327088E-15,1.110223024625E-16,-1.));
#36 = DIRECTION('',(-1.,8.881784197001E-16,1.110223024625E-16));
#37 = DEFINITIONAL_REPRESENTATION('',(#38),#42);
#38 = LINE('',#39,#40);
#39 = CARTESIAN_POINT('',(15.,-15.1));
#40 = VECTOR('',#41,1.);
#41 = DIRECTION('',(-1.,-1.110223024625E-15));
#42 = ( GEOMETRIC_REPRESENTATION_CONTEXT(2) 
PARAMETRIC_REPRESENTATION_CONTEXT() REPRESENTATION_CONTEXT('2D SPACE',''
  ) );
#43 = PCURVE('',#44,#49);
#44 = PLANE('',#45);
#45 = AXIS2_PLACEMENT_3D('',#46,#47,#48);
#46 = CARTESIAN_POINT('',(-15.,-47.6,-2.));
#47 = DIRECTION('',(2.22044604925E-16,-1.,1.221245327088E-15));
#48 = DIRECTION('',(-1.443289932013E-15,-1.110223024625E-16,1.));
#49 = DEFINITIONAL_REPRESENTATION('',(#50),#54);
#50 = LINE('',#51,#52);
#51 = CARTESIAN_POINT('',(2.,1.554312234475E-15));
#52 = VECTOR('',#53,1.);
#53 = DIRECTION('',(-1.110223024625E-15,-1.));
#54 = ( GEOMETRIC_REPRESENTATION_CONTEXT(2) 
PARAMETRIC_REPRESENTATION_CONTEXT() REPRESENTATION_CONTEXT('2D SPACE',''
  ) );
#55 = ORIENTED_EDGE('',*,*,#56,.F.);
#56 = EDGE_CURVE('',#57,#22,#59,.T.);
#57 = VERTEX_POINT('',#58);
#58 = CARTESIAN_POINT('',(-13.,-13.4,9.05178805198E-15));
#59 = SURFACE_CURVE('',#60,(#64,#71),.PCURVE_S1.);
#60 = LINE('',#61,#62);
#61 = CARTESIAN_POINT('',(-13.,-13.4,2.496891582382E-14));
#62 = VECTOR('',#63,1.);
#63 = DIRECTION('',(4.440892098501E-16,-1.,1.443289932013E-15));
#64 = PCURVE('',#32,#65);
#65 = DEFINITIONAL_REPRESENTATION('',(#66),#70);
#66 = LINE('',#67,#68);
#67 = CARTESIAN_POINT('',(13.,19.1));
#68 = VECTOR('',#69,1.);
#69 = DIRECTION('',(-8.881784197001E-16,-1.));
#70 = ( GEOMETRIC_REPRESENTATION_CONTEXT(2) 
PARAMETRIC_REPRESENTATION_CONTEXT() REPRESENTATION_CONTEXT('2D SPACE',''
  ) );
#71 = PCURVE('',#72,#77);
#72 = PLANE('',#73);
#73 = AXIS2_PLACEMENT_3D('',#74,#75,#76);
#74 = CARTESIAN_POINT('',(-14.,-13.4,1.));
#75 = DIRECTION('',(-0.707106781187,7.065416064077E-16,-0.707106781187)
  );
#76 = DIRECTION('',(3.330669073875E-16,-1.,1.33226762955E-15));
#77 = DEFINITIONAL_REPRESENTATION('',(#78),#82);
#78 = LINE('',#79,#80);
#79 = CARTESIAN_POINT('',(-1.110223024625E-16,-1.414213562373));
#80 = VECTOR('',#81,1.);
#81 = DIRECTION('',(1.,0.));
#82 = ( GEOMETRIC_REPRESENTATION_CONTEXT(2) 
PARAMETRIC_REPRESENTATION_CONTEXT() REPRESENTATION_CONTEXT('2D SPACE',''
  ) );
#83 = ORIENTED_EDGE('',*,*,#84,.T.);
#84 = EDGE_CURVE('',#57,#85,#87,.T.);
#85 = VERTEX_POINT('',#86);
#86 = CARTESIAN_POINT('',(13.,-13.4,2.25153229394E-14));
#87 = SURFACE_CURVE('',#88,(#92,#99),.PCURVE_S1.);
#88 = LINE('',#89,#90);
#89 = CARTESIAN_POINT('',(-15.,-13.4,2.099778779695E-14));
#90 = VECTOR('',#91,1.);
#91 = DIRECTION('',(1.,-1.110223024625E-15,-1.110223024625E-16));
#92 = PCURVE('',#32,#93);
#93 = DEFINITIONAL_REPRESENTATION('',(#94),#98);
#94 = LINE('',#95,#96);
#95 = CARTESIAN_POINT('',(15.,19.1));
#96 = VECTOR('',#97,1.);
#97 = DIRECTION('',(-1.,-1.110223024625E-15));
#98 = ( GEOMETRIC_REPRESENTATION_CONTEXT(2) 
PARAMETRIC_REPRESENTATION_CONTEXT() REPRESENTATION_CONTEXT('2D SPACE',''
  ) );
#99 = PCURVE('',#100,#105);
#100 = PLANE('',#101);
#101 = AXIS2_PLACEMENT_3D('',#102,#103,#104);
#102 = CARTESIAN_POINT('',(-15.,-13.4,2.099778779695E-14));
#103 = DIRECTION('',(-2.22044604925E-16,1.,-1.221245327088E-15));
#104 = DIRECTION('',(1.443289932013E-15,1.110223024625E-16,-1.));
#105 = DEFINITIONAL_REPRESENTATION('',(#106),#110);
#106 = LINE('',#107,#108);
#107 = CARTESIAN_POINT('',(0.,0.));
#108 = VECTOR('',#109,1.);
#109 = DIRECTION('',(1.110223024625E-15,-1.));
#110 = ( GEOMETRIC_REPRESENTATION_CONTEXT(2) 
PARAMETRIC_REPRESENTATION_CONTEXT() REPRESENTATION_CONTEXT('2D SPACE',''
  ) );
#111 = ORIENTED_EDGE('',*,*,#112,.T.);
#112 = EDGE_CURVE('',#85,#24,#113,.T.);
#113 = SURFACE_CURVE('',#114,(#118,#125),.PCURVE_S1.);
#114 = LINE('',#115,#116);
#115 = CARTESIAN_POINT('',(13.,-13.4,2.208233595979E-14));
#116 = VECTOR('',#117,1.);
#117 = DIRECTION('',(4.440892098501E-16,-1.,1.443289932013E-15));
#118 = PCURVE('',#32,#119);
#119 = DEFINITIONAL_REPRESENTATION('',(#120),#124);
#120 = LINE('',#121,#122);
#121 = CARTESIAN_POINT('',(-13.,19.1));
#122 = VECTOR('',#123,1.);
#123 = DIRECTION('',(-8.881784197001E-16,-1.));
#124 = ( GEOMETRIC_REPRESENTATION_CONTEXT(2) 
PARAMETRIC_REPRESENTATION_CONTEXT() REPRESENTATION_CONTEXT('2D SPACE',''
  ) );
#125 = PCURVE('',#126,#131);
#126 = PLANE('',#127);
#127 = AXIS2_PLACEMENT_3D('',#128,#129,#130);
#128 = CARTESIAN_POINT('',(14.,-13.4,1.));
#129 = DIRECTION('',(0.707106781187,-5.495323605393E-16,-0.707106781187)
  );
#130 = DIRECTION('',(-5.551115123126E-16,1.,-1.33226762955E-15));
#131 = DEFINITIONAL_REPRESENTATION('',(#132),#136);
#132 = LINE('',#133,#134);
#133 = CARTESIAN_POINT('',(1.443289932013E-15,-1.414213562373));
#134 = VECTOR('',#135,1.);
#135 = DIRECTION('',(-1.,1.256073966947E-15));
#136 = ( GEOMETRIC_REPRESENTATION_CONTEXT(2) 
PARAMETRIC_REPRESENTATION_CONTEXT() REPRESENTATION_CONTEXT('2D SPACE',''
  ) );
#137 = ADVANCED_FACE('',(#138),#44,.F.);
#138 = FACE_BOUND('',#139,.F.);
#139 = EDGE_LOOP('',(#140,#170,#196,#197));
#140 = ORIENTED_EDGE('',*,*,#141,.T.);
#141 = EDGE_CURVE('',#142,#144,#146,.T.);
#142 = VERTEX_POINT('',#143);
#143 = CARTESIAN_POINT('',(-13.,-47.6,-2.));
#144 = VERTEX_POINT('',#145);
#145 = CARTESIAN_POINT('',(13.,-47.6,-2.));
#146 = SURFACE_CURVE('',#147,(#151,#158),.PCURVE_S1.);
#147 = LINE('',#148,#149);
#148 = CARTESIAN_POINT('',(-15.,-47.6,-2.));
#149 = VECTOR('',#150,1.);
#150 = DIRECTION('',(1.,-1.110223024625E-15,-1.110223024625E-16));
#151 = PCURVE('',#44,#152);
#152 = DEFINITIONAL_REPRESENTATION('',(#153),#157);
#153 = LINE('',#154,#155);
#154 = CARTESIAN_POINT('',(0.,0.));
#155 = VECTOR('',#156,1.);
#156 = DIRECTION('',(-1.110223024625E-15,-1.));
#157 = ( GEOMETRIC_REPRESENTATION_CONTEXT(2) 
PARAMETRIC_REPRESENTATION_CONTEXT() REPRESENTATION_CONTEXT('2D SPACE',''
  ) );
#158 = PCURVE('',#159,#164);
#159 = PLANE('',#160);
#160 = AXIS2_PLACEMENT_3D('',#161,#162,#163);
#161 = CARTESIAN_POINT('',(-15.,-52.8,-2.));
#162 = DIRECTION('',(-1.221245327088E-15,1.110223024625E-16,1.));
#163 = DIRECTION('',(-4.440892098501E-16,1.,-1.443289932013E-15));
#164 = DEFINITIONAL_REPRESENTATION('',(#165),#169);
#165 = LINE('',#166,#167);
#166 = CARTESIAN_POINT('',(5.2,4.707345624411E-15));
#167 = VECTOR('',#168,1.);
#168 = DIRECTION('',(-1.110223024625E-15,-1.));
#169 = ( GEOMETRIC_REPRESENTATION_CONTEXT(2) 
PARAMETRIC_REPRESENTATION_CONTEXT() REPRESENTATION_CONTEXT('2D SPACE',''
  ) );
#170 = ORIENTED_EDGE('',*,*,#171,.T.);
#171 = EDGE_CURVE('',#144,#24,#172,.T.);
#172 = SURFACE_CURVE('',#173,(#177,#184),.PCURVE_S1.);
#173 = LINE('',#174,#175);
#174 = CARTESIAN_POINT('',(13.,-47.6,-2.));
#175 = VECTOR('',#176,1.);
#176 = DIRECTION('',(-1.443289932013E-15,-1.110223024625E-16,1.));
#177 = PCURVE('',#44,#178);
#178 = DEFINITIONAL_REPRESENTATION('',(#179),#183);
#179 = LINE('',#180,#181);
#180 = CARTESIAN_POINT('',(-3.264055692398E-14,-28.));
#181 = VECTOR('',#182,1.);
#182 = DIRECTION('',(1.,8.881784197001E-16));
#183 = ( GEOMETRIC_REPRESENTATION_CONTEXT(2) 
PARAMETRIC_REPRESENTATION_CONTEXT() REPRESENTATION_CONTEXT('2D SPACE',''
  ) );
#184 = PCURVE('',#185,#190);
#185 = PLANE('',#186);
#186 = AXIS2_PLACEMENT_3D('',#187,#188,#189);
#187 = CARTESIAN_POINT('',(14.,-48.6,-2.));
#188 = DIRECTION('',(-0.707106781187,-0.707106781187,7.978332737315E-16)
  );
#189 = DIRECTION('',(1.434248126213E-15,1.019804966633E-16,-1.));
#190 = DEFINITIONAL_REPRESENTATION('',(#191),#195);
#191 = LINE('',#192,#193);
#192 = CARTESIAN_POINT('',(-1.774937036747E-30,-1.414213562373));
#193 = VECTOR('',#194,1.);
#194 = DIRECTION('',(-1.,-5.916456789158E-31));
#195 = ( GEOMETRIC_REPRESENTATION_CONTEXT(2) 
PARAMETRIC_REPRESENTATION_CONTEXT() REPRESENTATION_CONTEXT('2D SPACE',''
  ) );
#196 = ORIENTED_EDGE('',*,*,#21,.F.);
#197 = ORIENTED_EDGE('',*,*,#198,.F.);
#198 = EDGE_CURVE('',#142,#22,#199,.T.);
#199 = SURFACE_CURVE('',#200,(#204,#211),.PCURVE_S1.);
#200 = LINE('',#201,#202);
#201 = CARTESIAN_POINT('',(-13.,-47.6,-2.));
#202 = VECTOR('',#203,1.);
#203 = DIRECTION('',(-1.443289932013E-15,-1.110223024625E-16,1.));
#204 = PCURVE('',#44,#205);
#205 = DEFINITIONAL_REPRESENTATION('',(#206),#210);
#206 = LINE('',#207,#208);
#207 = CARTESIAN_POINT('',(-3.10862446895E-15,-2.));
#208 = VECTOR('',#209,1.);
#209 = DIRECTION('',(1.,8.881784197001E-16));
#210 = ( GEOMETRIC_REPRESENTATION_CONTEXT(2) 
PARAMETRIC_REPRESENTATION_CONTEXT() REPRESENTATION_CONTEXT('2D SPACE',''
  ) );
#211 = PCURVE('',#212,#217);
#212 = PLANE('',#213);
#213 = AXIS2_PLACEMENT_3D('',#214,#215,#216);
#214 = CARTESIAN_POINT('',(-14.,-48.6,-2.));
#215 = DIRECTION('',(0.707106781187,-0.707106781187,7.850462293419E-16)
  );
#216 = DIRECTION('',(-1.33226762955E-15,-2.22044604925E-16,1.));
#217 = DEFINITIONAL_REPRESENTATION('',(#218),#222);
#218 = LINE('',#219,#220);
#219 = CARTESIAN_POINT('',(-1.998401444325E-15,-1.414213562373));
#220 = VECTOR('',#221,1.);
#221 = DIRECTION('',(1.,1.256073966947E-15));
#222 = ( GEOMETRIC_REPRESENTATION_CONTEXT(2) 
PARAMETRIC_REPRESENTATION_CONTEXT() REPRESENTATION_CONTEXT('2D SPACE',''
  ) );
#223 = ADVANCED_FACE('',(#224),#72,.T.);
#224 = FACE_BOUND('',#225,.T.);
#225 = EDGE_LOOP('',(#226,#254,#255,#278));
#226 = ORIENTED_EDGE('',*,*,#227,.T.);
#227 = EDGE_CURVE('',#228,#57,#230,.T.);
#228 = VERTEX_POINT('',#229);
#229 = CARTESIAN_POINT('',(-15.,-11.4,2.));
#230 = SURFACE_CURVE('',#231,(#235,#242),.PCURVE_S1.);
#231 = LINE('',#232,#233);
#232 = CARTESIAN_POINT('',(-13.66666666666,-12.73333333333,
    0.666666666667));
#233 = VECTOR('',#234,1.);
#234 = DIRECTION('',(0.57735026919,-0.57735026919,-0.57735026919));
#235 = PCURVE('',#72,#236);
#236 = DEFINITIONAL_REPRESENTATION('',(#237),#241);
#237 = LINE('',#238,#239);
#238 = CARTESIAN_POINT('',(-0.666666666667,-0.471404520791));
#239 = VECTOR('',#240,1.);
#240 = DIRECTION('',(0.57735026919,-0.816496580928));
#241 = ( GEOMETRIC_REPRESENTATION_CONTEXT(2) 
PARAMETRIC_REPRESENTATION_CONTEXT() REPRESENTATION_CONTEXT('2D SPACE',''
  ) );
#242 = PCURVE('',#243,#248);
#243 = PLANE('',#244);
#244 = AXIS2_PLACEMENT_3D('',#245,#246,#247);
#245 = CARTESIAN_POINT('',(-14.,-12.4,2.047251257409E-14));
#246 = DIRECTION('',(0.707106781187,0.707106781187,-9.420554752103E-16)
  );
#247 = DIRECTION('',(-1.33226762955E-15,6.902532920684E-31,1.));
#248 = DEFINITIONAL_REPRESENTATION('',(#249),#253);
#249 = LINE('',#250,#251);
#250 = CARTESIAN_POINT('',(0.666666666667,0.471404520791));
#251 = VECTOR('',#252,1.);
#252 = DIRECTION('',(-0.57735026919,0.816496580928));
#253 = ( GEOMETRIC_REPRESENTATION_CONTEXT(2) 
PARAMETRIC_REPRESENTATION_CONTEXT() REPRESENTATION_CONTEXT('2D SPACE',''
  ) );
#254 = ORIENTED_EDGE('',*,*,#56,.T.);
#255 = ORIENTED_EDGE('',*,*,#256,.T.);
#256 = EDGE_CURVE('',#22,#257,#259,.T.);
#257 = VERTEX_POINT('',#258);
#258 = CARTESIAN_POINT('',(-15.,-49.6,2.));
#259 = SURFACE_CURVE('',#260,(#264,#271),.PCURVE_S1.);
#260 = LINE('',#261,#262);
#261 = CARTESIAN_POINT('',(-7.633333333333,-42.23333333333,
    -5.366666666667));
#262 = VECTOR('',#263,1.);
#263 = DIRECTION('',(-0.57735026919,-0.57735026919,0.57735026919));
#264 = PCURVE('',#72,#265);
#265 = DEFINITIONAL_REPRESENTATION('',(#266),#270);
#266 = LINE('',#267,#268);
#267 = CARTESIAN_POINT('',(28.833333333333,-9.003826347109));
#268 = VECTOR('',#269,1.);
#269 = DIRECTION('',(0.57735026919,0.816496580928));
#270 = ( GEOMETRIC_REPRESENTATION_CONTEXT(2) 
PARAMETRIC_REPRESENTATION_CONTEXT() REPRESENTATION_CONTEXT('2D SPACE',''
  ) );
#271 = PCURVE('',#212,#272);
#272 = DEFINITIONAL_REPRESENTATION('',(#273),#277);
#273 = LINE('',#274,#275);
#274 = CARTESIAN_POINT('',(-3.366666666667,-9.003826347109));
#275 = VECTOR('',#276,1.);
#276 = DIRECTION('',(0.57735026919,0.816496580928));
#277 = ( GEOMETRIC_REPRESENTATION_CONTEXT(2) 
PARAMETRIC_REPRESENTATION_CONTEXT() REPRESENTATION_CONTEXT('2D SPACE',''
  ) );
#278 = ORIENTED_EDGE('',*,*,#279,.F.);
#279 = EDGE_CURVE('',#228,#257,#280,.T.);
#280 = SURFACE_CURVE('',#281,(#285,#292),.PCURVE_S1.);
#281 = LINE('',#282,#283);
#282 = CARTESIAN_POINT('',(-15.,-13.4,2.));
#283 = VECTOR('',#284,1.);
#284 = DIRECTION('',(4.440892098501E-16,-1.,1.443289932013E-15));
#285 = PCURVE('',#72,#286);
#286 = DEFINITIONAL_REPRESENTATION('',(#287),#291);
#287 = LINE('',#288,#289);
#288 = CARTESIAN_POINT('',(1.110223024625E-16,1.414213562373));
#289 = VECTOR('',#290,1.);
#290 = DIRECTION('',(1.,0.));
#291 = ( GEOMETRIC_REPRESENTATION_CONTEXT(2) 
PARAMETRIC_REPRESENTATION_CONTEXT() REPRESENTATION_CONTEXT('2D SPACE',''
  ) );
#292 = PCURVE('',#293,#298);
#293 = PLANE('',#294);
#294 = AXIS2_PLACEMENT_3D('',#295,#296,#297);
#295 = CARTESIAN_POINT('',(-15.,-29.09417768359,30.765284291497));
#296 = DIRECTION('',(-1.,8.881784197001E-16,1.110223024625E-16));
#297 = DIRECTION('',(4.440892098501E-16,-1.,1.221245327088E-15));
#298 = DEFINITIONAL_REPRESENTATION('',(#299),#303);
#299 = LINE('',#300,#301);
#300 = CARTESIAN_POINT('',(-15.69417768359,-28.76528429149));
#301 = VECTOR('',#302,1.);
#302 = DIRECTION('',(1.,1.110223024625E-15));
#303 = ( GEOMETRIC_REPRESENTATION_CONTEXT(2) 
PARAMETRIC_REPRESENTATION_CONTEXT() REPRESENTATION_CONTEXT('2D SPACE',''
  ) );
#304 = ADVANCED_FACE('',(#305),#126,.T.);
#305 = FACE_BOUND('',#306,.F.);
#306 = EDGE_LOOP('',(#307,#335,#336,#359));
#307 = ORIENTED_EDGE('',*,*,#308,.F.);
#308 = EDGE_CURVE('',#85,#309,#311,.T.);
#309 = VERTEX_POINT('',#310);
#310 = CARTESIAN_POINT('',(15.,-11.4,2.));
#311 = SURFACE_CURVE('',#312,(#316,#323),.PCURVE_S1.);
#312 = LINE('',#313,#314);
#313 = CARTESIAN_POINT('',(13.666666666667,-12.73333333333,
    0.666666666667));
#314 = VECTOR('',#315,1.);
#315 = DIRECTION('',(0.57735026919,0.57735026919,0.57735026919));
#316 = PCURVE('',#126,#317);
#317 = DEFINITIONAL_REPRESENTATION('',(#318),#322);
#318 = LINE('',#319,#320);
#319 = CARTESIAN_POINT('',(0.666666666667,-0.471404520791));
#320 = VECTOR('',#321,1.);
#321 = DIRECTION('',(0.57735026919,0.816496580928));
#322 = ( GEOMETRIC_REPRESENTATION_CONTEXT(2) 
PARAMETRIC_REPRESENTATION_CONTEXT() REPRESENTATION_CONTEXT('2D SPACE',''
  ) );
#323 = PCURVE('',#324,#329);
#324 = PLANE('',#325);
#325 = AXIS2_PLACEMENT_3D('',#326,#327,#328);
#326 = CARTESIAN_POINT('',(14.,-12.4,1.691979889529E-14));
#327 = DIRECTION('',(-0.707106781187,0.707106781187,-9.292684308207E-16)
  );
#328 = DIRECTION('',(-1.434248126213E-15,-1.200641082617E-16,1.));
#329 = DEFINITIONAL_REPRESENTATION('',(#330),#334);
#330 = LINE('',#331,#332);
#331 = CARTESIAN_POINT('',(0.666666666667,-0.471404520791));
#332 = VECTOR('',#333,1.);
#333 = DIRECTION('',(0.57735026919,0.816496580928));
#334 = ( GEOMETRIC_REPRESENTATION_CONTEXT(2) 
PARAMETRIC_REPRESENTATION_CONTEXT() REPRESENTATION_CONTEXT('2D SPACE',''
  ) );
#335 = ORIENTED_EDGE('',*,*,#112,.T.);
#336 = ORIENTED_EDGE('',*,*,#337,.T.);
#337 = EDGE_CURVE('',#24,#338,#340,.T.);
#338 = VERTEX_POINT('',#339);
#339 = CARTESIAN_POINT('',(15.,-49.6,2.));
#340 = SURFACE_CURVE('',#341,(#345,#352),.PCURVE_S1.);
#341 = LINE('',#342,#343);
#342 = CARTESIAN_POINT('',(7.633333333333,-42.23333333333,
    -5.366666666667));
#343 = VECTOR('',#344,1.);
#344 = DIRECTION('',(0.57735026919,-0.57735026919,0.57735026919));
#345 = PCURVE('',#126,#346);
#346 = DEFINITIONAL_REPRESENTATION('',(#347),#351);
#347 = LINE('',#348,#349);
#348 = CARTESIAN_POINT('',(-28.83333333333,-9.003826347109));
#349 = VECTOR('',#350,1.);
#350 = DIRECTION('',(-0.57735026919,0.816496580928));
#351 = ( GEOMETRIC_REPRESENTATION_CONTEXT(2) 
PARAMETRIC_REPRESENTATION_CONTEXT() REPRESENTATION_CONTEXT('2D SPACE',''
  ) );
#352 = PCURVE('',#185,#353);
#353 = DEFINITIONAL_REPRESENTATION('',(#354),#358);
#354 = LINE('',#355,#356);
#355 = CARTESIAN_POINT('',(3.366666666667,-9.003826347109));
#356 = VECTOR('',#357,1.);
#357 = DIRECTION('',(-0.57735026919,0.816496580928));
#358 = ( GEOMETRIC_REPRESENTATION_CONTEXT(2) 
PARAMETRIC_REPRESENTATION_CONTEXT() REPRESENTATION_CONTEXT('2D SPACE',''
  ) );
#359 = ORIENTED_EDGE('',*,*,#360,.F.);
#360 = EDGE_CURVE('',#309,#338,#361,.T.);
#361 = SURFACE_CURVE('',#362,(#366,#373),.PCURVE_S1.);
#362 = LINE('',#363,#364);
#363 = CARTESIAN_POINT('',(15.,-13.4,2.));
#364 = VECTOR('',#365,1.);
#365 = DIRECTION('',(4.440892098501E-16,-1.,1.443289932013E-15));
#366 = PCURVE('',#126,#367);
#367 = DEFINITIONAL_REPRESENTATION('',(#368),#372);
#368 = LINE('',#369,#370);
#369 = CARTESIAN_POINT('',(-1.443289932013E-15,1.414213562373));
#370 = VECTOR('',#371,1.);
#371 = DIRECTION('',(-1.,1.256073966947E-15));
#372 = ( GEOMETRIC_REPRESENTATION_CONTEXT(2) 
PARAMETRIC_REPRESENTATION_CONTEXT() REPRESENTATION_CONTEXT('2D SPACE',''
  ) );
#373 = PCURVE('',#374,#379);
#374 = PLANE('',#375);
#375 = AXIS2_PLACEMENT_3D('',#376,#377,#378);
#376 = CARTESIAN_POINT('',(15.,-29.09417768359,30.765284291497));
#377 = DIRECTION('',(1.,-8.881784197001E-16,1.124075255106E-16));
#378 = DIRECTION('',(-1.444675155061E-15,-1.110223024625E-16,1.));
#379 = DEFINITIONAL_REPRESENTATION('',(#380),#384);
#380 = LINE('',#381,#382);
#381 = CARTESIAN_POINT('',(-28.76528429149,-15.69417768359));
#382 = VECTOR('',#383,1.);
#383 = DIRECTION('',(1.110223024625E-15,1.));
#384 = ( GEOMETRIC_REPRESENTATION_CONTEXT(2) 
PARAMETRIC_REPRESENTATION_CONTEXT() REPRESENTATION_CONTEXT('2D SPACE',''
  ) );
#385 = ADVANCED_FACE('',(#386),#100,.F.);
#386 = FACE_BOUND('',#387,.F.);
#387 = EDGE_LOOP('',(#388,#389,#412,#440));
#388 = ORIENTED_EDGE('',*,*,#84,.T.);
#389 = ORIENTED_EDGE('',*,*,#390,.T.);
#390 = EDGE_CURVE('',#85,#391,#393,.T.);
#391 = VERTEX_POINT('',#392);
#392 = CARTESIAN_POINT('',(13.,-13.4,-2.));
#393 = SURFACE_CURVE('',#394,(#398,#405),.PCURVE_S1.);
#394 = LINE('',#395,#396);
#395 = CARTESIAN_POINT('',(13.,-13.4,1.803002191991E-14));
#396 = VECTOR('',#397,1.);
#397 = DIRECTION('',(1.443289932013E-15,1.110223024625E-16,-1.));
#398 = PCURVE('',#100,#399);
#399 = DEFINITIONAL_REPRESENTATION('',(#400),#404);
#400 = LINE('',#401,#402);
#401 = CARTESIAN_POINT('',(3.094538609759E-14,-28.));
#402 = VECTOR('',#403,1.);
#403 = DIRECTION('',(1.,-8.881784197001E-16));
#404 = ( GEOMETRIC_REPRESENTATION_CONTEXT(2) 
PARAMETRIC_REPRESENTATION_CONTEXT() REPRESENTATION_CONTEXT('2D SPACE',''
  ) );
#405 = PCURVE('',#324,#406);
#406 = DEFINITIONAL_REPRESENTATION('',(#407),#411);
#407 = LINE('',#408,#409);
#408 = CARTESIAN_POINT('',(1.7763568394E-15,-1.414213562373));
#409 = VECTOR('',#410,1.);
#410 = DIRECTION('',(-1.,1.256073966947E-15));
#411 = ( GEOMETRIC_REPRESENTATION_CONTEXT(2) 
PARAMETRIC_REPRESENTATION_CONTEXT() REPRESENTATION_CONTEXT('2D SPACE',''
  ) );
#412 = ORIENTED_EDGE('',*,*,#413,.F.);
#413 = EDGE_CURVE('',#414,#391,#416,.T.);
#414 = VERTEX_POINT('',#415);
#415 = CARTESIAN_POINT('',(-13.,-13.4,-2.));
#416 = SURFACE_CURVE('',#417,(#421,#428),.PCURVE_S1.);
#417 = LINE('',#418,#419);
#418 = CARTESIAN_POINT('',(-15.,-13.4,-2.));
#419 = VECTOR('',#420,1.);
#420 = DIRECTION('',(1.,-1.110223024625E-15,-1.110223024625E-16));
#421 = PCURVE('',#100,#422);
#422 = DEFINITIONAL_REPRESENTATION('',(#423),#427);
#423 = LINE('',#424,#425);
#424 = CARTESIAN_POINT('',(2.,-1.554312234475E-15));
#425 = VECTOR('',#426,1.);
#426 = DIRECTION('',(1.110223024625E-15,-1.));
#427 = ( GEOMETRIC_REPRESENTATION_CONTEXT(2) 
PARAMETRIC_REPRESENTATION_CONTEXT() REPRESENTATION_CONTEXT('2D SPACE',''
  ) );
#428 = PCURVE('',#429,#434);
#429 = PLANE('',#430);
#430 = AXIS2_PLACEMENT_3D('',#431,#432,#433);
#431 = CARTESIAN_POINT('',(-15.,-13.4,-2.));
#432 = DIRECTION('',(-1.221245327088E-15,1.110223024625E-16,1.));
#433 = DIRECTION('',(-4.440892098501E-16,1.,-1.443289932013E-15));
#434 = DEFINITIONAL_REPRESENTATION('',(#435),#439);
#435 = LINE('',#436,#437);
#436 = CARTESIAN_POINT('',(0.,0.));
#437 = VECTOR('',#438,1.);
#438 = DIRECTION('',(-1.110223024625E-15,-1.));
#439 = ( GEOMETRIC_REPRESENTATION_CONTEXT(2) 
PARAMETRIC_REPRESENTATION_CONTEXT() REPRESENTATION_CONTEXT('2D SPACE',''
  ) );
#440 = ORIENTED_EDGE('',*,*,#441,.F.);
#441 = EDGE_CURVE('',#57,#414,#442,.T.);
#442 = SURFACE_CURVE('',#443,(#447,#454),.PCURVE_S1.);
#443 = LINE('',#444,#445);
#444 = CARTESIAN_POINT('',(-13.,-13.4,2.180478020364E-14));
#445 = VECTOR('',#446,1.);
#446 = DIRECTION('',(1.443289932013E-15,1.110223024625E-16,-1.));
#447 = PCURVE('',#100,#448);
#448 = DEFINITIONAL_REPRESENTATION('',(#449),#453);
#449 = LINE('',#450,#451);
#450 = CARTESIAN_POINT('',(1.191409037634E-15,-2.));
#451 = VECTOR('',#452,1.);
#452 = DIRECTION('',(1.,-8.881784197001E-16));
#453 = ( GEOMETRIC_REPRESENTATION_CONTEXT(2) 
PARAMETRIC_REPRESENTATION_CONTEXT() REPRESENTATION_CONTEXT('2D SPACE',''
  ) );
#454 = PCURVE('',#243,#455);
#455 = DEFINITIONAL_REPRESENTATION('',(#456),#460);
#456 = LINE('',#457,#458);
#457 = CARTESIAN_POINT('',(-1.577721810442E-30,1.414213562373));
#458 = VECTOR('',#459,1.);
#459 = DIRECTION('',(-1.,6.902532920684E-31));
#460 = ( GEOMETRIC_REPRESENTATION_CONTEXT(2) 
PARAMETRIC_REPRESENTATION_CONTEXT() REPRESENTATION_CONTEXT('2D SPACE',''
  ) );
#461 = ADVANCED_FACE('',(#462,#547),#159,.F.);
#462 = FACE_BOUND('',#463,.F.);
#463 = EDGE_LOOP('',(#464,#494,#520,#521));
#464 = ORIENTED_EDGE('',*,*,#465,.T.);
#465 = EDGE_CURVE('',#466,#468,#470,.T.);
#466 = VERTEX_POINT('',#467);
#467 = CARTESIAN_POINT('',(-13.,-52.8,-2.));
#468 = VERTEX_POINT('',#469);
#469 = CARTESIAN_POINT('',(13.,-52.8,-2.));
#470 = SURFACE_CURVE('',#471,(#475,#482),.PCURVE_S1.);
#471 = LINE('',#472,#473);
#472 = CARTESIAN_POINT('',(-15.,-52.8,-2.));
#473 = VECTOR('',#474,1.);
#474 = DIRECTION('',(1.,-1.110223024625E-15,-1.110223024625E-16));
#475 = PCURVE('',#159,#476);
#476 = DEFINITIONAL_REPRESENTATION('',(#477),#481);
#477 = LINE('',#478,#479);
#478 = CARTESIAN_POINT('',(0.,0.));
#479 = VECTOR('',#480,1.);
#480 = DIRECTION('',(-1.110223024625E-15,-1.));
#481 = ( GEOMETRIC_REPRESENTATION_CONTEXT(2) 
PARAMETRIC_REPRESENTATION_CONTEXT() REPRESENTATION_CONTEXT('2D SPACE',''
  ) );
#482 = PCURVE('',#483,#488);
#483 = PLANE('',#484);
#484 = AXIS2_PLACEMENT_3D('',#485,#486,#487);
#485 = CARTESIAN_POINT('',(-15.,-52.8,7.787104294721E-14));
#486 = DIRECTION('',(-2.22044604925E-16,1.,-1.221245327088E-15));
#487 = DIRECTION('',(1.443289932013E-15,1.110223024625E-16,-1.));
#488 = DEFINITIONAL_REPRESENTATION('',(#489),#493);
#489 = LINE('',#490,#491);
#490 = CARTESIAN_POINT('',(2.,-1.554312234475E-15));
#491 = VECTOR('',#492,1.);
#492 = DIRECTION('',(1.110223024625E-15,-1.));
#493 = ( GEOMETRIC_REPRESENTATION_CONTEXT(2) 
PARAMETRIC_REPRESENTATION_CONTEXT() REPRESENTATION_CONTEXT('2D SPACE',''
  ) );
#494 = ORIENTED_EDGE('',*,*,#495,.T.);
#495 = EDGE_CURVE('',#468,#144,#496,.T.);
#496 = SURFACE_CURVE('',#497,(#501,#508),.PCURVE_S1.);
#497 = LINE('',#498,#499);
#498 = CARTESIAN_POINT('',(13.,-52.8,-2.));
#499 = VECTOR('',#500,1.);
#500 = DIRECTION('',(-4.440892098501E-16,1.,-1.443289932013E-15));
#501 = PCURVE('',#159,#502);
#502 = DEFINITIONAL_REPRESENTATION('',(#503),#507);
#503 = LINE('',#504,#505);
#504 = CARTESIAN_POINT('',(-1.86517468137E-14,-28.));
#505 = VECTOR('',#506,1.);
#506 = DIRECTION('',(1.,8.881784197001E-16));
#507 = ( GEOMETRIC_REPRESENTATION_CONTEXT(2) 
PARAMETRIC_REPRESENTATION_CONTEXT() REPRESENTATION_CONTEXT('2D SPACE',''
  ) );
#508 = PCURVE('',#509,#514);
#509 = PLANE('',#510);
#510 = AXIS2_PLACEMENT_3D('',#511,#512,#513);
#511 = CARTESIAN_POINT('',(14.,-52.8,-1.));
#512 = DIRECTION('',(-0.707106781187,6.937545620181E-16,0.707106781187)
  );
#513 = DIRECTION('',(4.531310156493E-16,-1.,1.434248126213E-15));
#514 = DEFINITIONAL_REPRESENTATION('',(#515),#519);
#515 = LINE('',#516,#517);
#516 = CARTESIAN_POINT('',(-1.443289932013E-15,-1.414213562373));
#517 = VECTOR('',#518,1.);
#518 = DIRECTION('',(-1.,-1.256073966947E-15));
#519 = ( GEOMETRIC_REPRESENTATION_CONTEXT(2) 
PARAMETRIC_REPRESENTATION_CONTEXT() REPRESENTATION_CONTEXT('2D SPACE',''
  ) );
#520 = ORIENTED_EDGE('',*,*,#141,.F.);
#521 = ORIENTED_EDGE('',*,*,#522,.F.);
#522 = EDGE_CURVE('',#466,#142,#523,.T.);
#523 = SURFACE_CURVE('',#524,(#528,#535),.PCURVE_S1.);
#524 = LINE('',#525,#526);
#525 = CARTESIAN_POINT('',(-13.,-52.8,-2.));
#526 = VECTOR('',#527,1.);
#527 = DIRECTION('',(-4.440892098501E-16,1.,-1.443289932013E-15));
#528 = PCURVE('',#159,#529);
#529 = DEFINITIONAL_REPRESENTATION('',(#530),#534);
#530 = LINE('',#531,#532);
#531 = CARTESIAN_POINT('',(-1.33226762955E-15,-2.));
#532 = VECTOR('',#533,1.);
#533 = DIRECTION('',(1.,8.881784197001E-16));
#534 = ( GEOMETRIC_REPRESENTATION_CONTEXT(2) 
PARAMETRIC_REPRESENTATION_CONTEXT() REPRESENTATION_CONTEXT('2D SPACE',''
  ) );
#535 = PCURVE('',#536,#541);
#536 = PLANE('',#537);
#537 = AXIS2_PLACEMENT_3D('',#538,#539,#540);
#538 = CARTESIAN_POINT('',(-14.,-52.8,-1.));
#539 = DIRECTION('',(0.707106781187,-5.623194049289E-16,0.707106781187)
  );
#540 = DIRECTION('',(4.350474040508E-16,-1.,1.434248126213E-15));
#541 = DEFINITIONAL_REPRESENTATION('',(#542),#546);
#542 = LINE('',#543,#544);
#543 = CARTESIAN_POINT('',(-1.110223024625E-16,1.414213562373));
#544 = VECTOR('',#545,1.);
#545 = DIRECTION('',(-1.,-3.697785493223E-32));
#546 = ( GEOMETRIC_REPRESENTATION_CONTEXT(2) 
PARAMETRIC_REPRESENTATION_CONTEXT() REPRESENTATION_CONTEXT('2D SPACE',''
  ) );
#547 = FACE_BOUND('',#548,.F.);
#548 = EDGE_LOOP('',(#549));
#549 = ORIENTED_EDGE('',*,*,#550,.F.);
#550 = EDGE_CURVE('',#551,#551,#553,.T.);
#551 = VERTEX_POINT('',#552);
#552 = CARTESIAN_POINT('',(2.5,-50.291558,-2.));
#553 = SURFACE_CURVE('',#554,(#559,#566),.PCURVE_S1.);
#554 = CIRCLE('',#555,2.5);
#555 = AXIS2_PLACEMENT_3D('',#556,#557,#558);
#556 = CARTESIAN_POINT('',(-1.191271196282E-14,-50.291558,-2.));
#557 = DIRECTION('',(2.341930812375E-31,8.881784197001E-16,1.));
#558 = DIRECTION('',(1.,-6.661338147751E-16,3.574525976783E-31));
#559 = PCURVE('',#159,#560);
#560 = DEFINITIONAL_REPRESENTATION('',(#561),#565);
#561 = CIRCLE('',#562,2.5);
#562 = AXIS2_PLACEMENT_2D('',#563,#564);
#563 = CARTESIAN_POINT('',(2.508442,-15.));
#564 = DIRECTION('',(-8.881784197001E-16,-1.));
#565 = ( GEOMETRIC_REPRESENTATION_CONTEXT(2) 
PARAMETRIC_REPRESENTATION_CONTEXT() REPRESENTATION_CONTEXT('2D SPACE',''
  ) );
#566 = PCURVE('',#567,#572);
#567 = CYLINDRICAL_SURFACE('',#568,2.5);
#568 = AXIS2_PLACEMENT_3D('',#569,#570,#571);
#569 = CARTESIAN_POINT('',(-8.6480825751E-14,-50.291558,109.94164315672)
  );
#570 = DIRECTION('',(-6.661338147751E-16,2.22044604925E-16,1.));
#571 = DIRECTION('',(1.,-6.661338147751E-16,3.574525976783E-31));
#572 = DEFINITIONAL_REPRESENTATION('',(#573),#577);
#573 = LINE('',#574,#575);
#574 = CARTESIAN_POINT('',(0.,-111.9416431567));
#575 = VECTOR('',#576,1.);
#576 = DIRECTION('',(1.,0.));
#577 = ( GEOMETRIC_REPRESENTATION_CONTEXT(2) 
PARAMETRIC_REPRESENTATION_CONTEXT() REPRESENTATION_CONTEXT('2D SPACE',''
  ) );
#578 = ADVANCED_FACE('',(#579),#212,.F.);
#579 = FACE_BOUND('',#580,.F.);
#580 = EDGE_LOOP('',(#581,#604,#605,#606));
#581 = ORIENTED_EDGE('',*,*,#582,.F.);
#582 = EDGE_CURVE('',#142,#583,#585,.T.);
#583 = VERTEX_POINT('',#584);
#584 = CARTESIAN_POINT('',(-15.,-49.6,4.487521465535E-14));
#585 = SURFACE_CURVE('',#586,(#590,#597),.PCURVE_S1.);
#586 = LINE('',#587,#588);
#587 = CARTESIAN_POINT('',(-14.53333333333,-49.13333333333,
    -0.466666666667));
#588 = VECTOR('',#589,1.);
#589 = DIRECTION('',(-0.57735026919,-0.57735026919,0.57735026919));
#590 = PCURVE('',#212,#591);
#591 = DEFINITIONAL_REPRESENTATION('',(#592),#596);
#592 = LINE('',#593,#594);
#593 = CARTESIAN_POINT('',(1.533333333333,0.754247233266));
#594 = VECTOR('',#595,1.);
#595 = DIRECTION('',(0.57735026919,0.816496580928));
#596 = ( GEOMETRIC_REPRESENTATION_CONTEXT(2) 
PARAMETRIC_REPRESENTATION_CONTEXT() REPRESENTATION_CONTEXT('2D SPACE',''
  ) );
#597 = PCURVE('',#536,#598);
#598 = DEFINITIONAL_REPRESENTATION('',(#599),#603);
#599 = LINE('',#600,#601);
#600 = CARTESIAN_POINT('',(-3.666666666667,-0.754247233266));
#601 = VECTOR('',#602,1.);
#602 = DIRECTION('',(0.57735026919,-0.816496580928));
#603 = ( GEOMETRIC_REPRESENTATION_CONTEXT(2) 
PARAMETRIC_REPRESENTATION_CONTEXT() REPRESENTATION_CONTEXT('2D SPACE',''
  ) );
#604 = ORIENTED_EDGE('',*,*,#198,.T.);
#605 = ORIENTED_EDGE('',*,*,#256,.T.);
#606 = ORIENTED_EDGE('',*,*,#607,.F.);
#607 = EDGE_CURVE('',#583,#257,#608,.T.);
#608 = SURFACE_CURVE('',#609,(#613,#620),.PCURVE_S1.);
#609 = LINE('',#610,#611);
#610 = CARTESIAN_POINT('',(-15.,-49.6,-2.));
#611 = VECTOR('',#612,1.);
#612 = DIRECTION('',(-1.443289932013E-15,-1.110223024625E-16,1.));
#613 = PCURVE('',#212,#614);
#614 = DEFINITIONAL_REPRESENTATION('',(#615),#619);
#615 = LINE('',#616,#617);
#616 = CARTESIAN_POINT('',(1.554312234475E-15,1.414213562373));
#617 = VECTOR('',#618,1.);
#618 = DIRECTION('',(1.,1.256073966947E-15));
#619 = ( GEOMETRIC_REPRESENTATION_CONTEXT(2) 
PARAMETRIC_REPRESENTATION_CONTEXT() REPRESENTATION_CONTEXT('2D SPACE',''
  ) );
#620 = PCURVE('',#293,#621);
#621 = DEFINITIONAL_REPRESENTATION('',(#622),#626);
#622 = LINE('',#623,#624);
#623 = CARTESIAN_POINT('',(20.505822316407,-32.76528429149));
#624 = VECTOR('',#625,1.);
#625 = DIRECTION('',(8.881784197001E-16,1.));
#626 = ( GEOMETRIC_REPRESENTATION_CONTEXT(2) 
PARAMETRIC_REPRESENTATION_CONTEXT() REPRESENTATION_CONTEXT('2D SPACE',''
  ) );
#627 = ADVANCED_FACE('',(#628),#185,.F.);
#628 = FACE_BOUND('',#629,.T.);
#629 = EDGE_LOOP('',(#630,#653,#654,#655));
#630 = ORIENTED_EDGE('',*,*,#631,.F.);
#631 = EDGE_CURVE('',#144,#632,#634,.T.);
#632 = VERTEX_POINT('',#633);
#633 = CARTESIAN_POINT('',(15.,-49.6,5.553335569175E-14));
#634 = SURFACE_CURVE('',#635,(#639,#646),.PCURVE_S1.);
#635 = LINE('',#636,#637);
#636 = CARTESIAN_POINT('',(14.533333333333,-49.13333333333,
    -0.466666666667));
#637 = VECTOR('',#638,1.);
#638 = DIRECTION('',(0.57735026919,-0.57735026919,0.57735026919));
#639 = PCURVE('',#185,#640);
#640 = DEFINITIONAL_REPRESENTATION('',(#641),#645);
#641 = LINE('',#642,#643);
#642 = CARTESIAN_POINT('',(-1.533333333333,0.754247233266));
#643 = VECTOR('',#644,1.);
#644 = DIRECTION('',(-0.57735026919,0.816496580928));
#645 = ( GEOMETRIC_REPRESENTATION_CONTEXT(2) 
PARAMETRIC_REPRESENTATION_CONTEXT() REPRESENTATION_CONTEXT('2D SPACE',''
  ) );
#646 = PCURVE('',#509,#647);
#647 = DEFINITIONAL_REPRESENTATION('',(#648),#652);
#648 = LINE('',#649,#650);
#649 = CARTESIAN_POINT('',(-3.666666666667,0.754247233266));
#650 = VECTOR('',#651,1.);
#651 = DIRECTION('',(0.57735026919,0.816496580928));
#652 = ( GEOMETRIC_REPRESENTATION_CONTEXT(2) 
PARAMETRIC_REPRESENTATION_CONTEXT() REPRESENTATION_CONTEXT('2D SPACE',''
  ) );
#653 = ORIENTED_EDGE('',*,*,#171,.T.);
#654 = ORIENTED_EDGE('',*,*,#337,.T.);
#655 = ORIENTED_EDGE('',*,*,#656,.F.);
#656 = EDGE_CURVE('',#632,#338,#657,.T.);
#657 = SURFACE_CURVE('',#658,(#662,#669),.PCURVE_S1.);
#658 = LINE('',#659,#660);
#659 = CARTESIAN_POINT('',(15.,-49.6,-2.));
#660 = VECTOR('',#661,1.);
#661 = DIRECTION('',(-1.443289932013E-15,-1.110223024625E-16,1.));
#662 = PCURVE('',#185,#663);
#663 = DEFINITIONAL_REPRESENTATION('',(#664),#668);
#664 = LINE('',#665,#666);
#665 = CARTESIAN_POINT('',(1.774937036747E-30,1.414213562373));
#666 = VECTOR('',#667,1.);
#667 = DIRECTION('',(-1.,-5.916456789158E-31));
#668 = ( GEOMETRIC_REPRESENTATION_CONTEXT(2) 
PARAMETRIC_REPRESENTATION_CONTEXT() REPRESENTATION_CONTEXT('2D SPACE',''
  ) );
#669 = PCURVE('',#374,#670);
#670 = DEFINITIONAL_REPRESENTATION('',(#671),#675);
#671 = LINE('',#672,#673);
#672 = CARTESIAN_POINT('',(-32.76528429149,20.505822316407));
#673 = VECTOR('',#674,1.);
#674 = DIRECTION('',(1.,8.881784197001E-16));
#675 = ( GEOMETRIC_REPRESENTATION_CONTEXT(2) 
PARAMETRIC_REPRESENTATION_CONTEXT() REPRESENTATION_CONTEXT('2D SPACE',''
  ) );
#676 = ADVANCED_FACE('',(#677),#243,.F.);
#677 = FACE_BOUND('',#678,.T.);
#678 = EDGE_LOOP('',(#679,#680,#703,#729));
#679 = ORIENTED_EDGE('',*,*,#227,.F.);
#680 = ORIENTED_EDGE('',*,*,#681,.T.);
#681 = EDGE_CURVE('',#228,#682,#684,.T.);
#682 = VERTEX_POINT('',#683);
#683 = CARTESIAN_POINT('',(-15.,-11.4,7.194245199571E-15));
#684 = SURFACE_CURVE('',#685,(#689,#696),.PCURVE_S1.);
#685 = LINE('',#686,#687);
#686 = CARTESIAN_POINT('',(-15.,-11.4,1.914024494454E-14));
#687 = VECTOR('',#688,1.);
#688 = DIRECTION('',(1.443289932013E-15,1.110223024625E-16,-1.));
#689 = PCURVE('',#243,#690);
#690 = DEFINITIONAL_REPRESENTATION('',(#691),#695);
#691 = LINE('',#692,#693);
#692 = CARTESIAN_POINT('',(-3.944304526105E-31,-1.414213562373));
#693 = VECTOR('',#694,1.);
#694 = DIRECTION('',(-1.,6.902532920684E-31));
#695 = ( GEOMETRIC_REPRESENTATION_CONTEXT(2) 
PARAMETRIC_REPRESENTATION_CONTEXT() REPRESENTATION_CONTEXT('2D SPACE',''
  ) );
#696 = PCURVE('',#293,#697);
#697 = DEFINITIONAL_REPRESENTATION('',(#698),#702);
#698 = LINE('',#699,#700);
#699 = CARTESIAN_POINT('',(-17.69417768359,-30.76528429149));
#700 = VECTOR('',#701,1.);
#701 = DIRECTION('',(-8.881784197001E-16,-1.));
#702 = ( GEOMETRIC_REPRESENTATION_CONTEXT(2) 
PARAMETRIC_REPRESENTATION_CONTEXT() REPRESENTATION_CONTEXT('2D SPACE',''
  ) );
#703 = ORIENTED_EDGE('',*,*,#704,.T.);
#704 = EDGE_CURVE('',#682,#414,#705,.T.);
#705 = SURFACE_CURVE('',#706,(#710,#717),.PCURVE_S1.);
#706 = LINE('',#707,#708);
#707 = CARTESIAN_POINT('',(-14.,-12.4,-1.));
#708 = VECTOR('',#709,1.);
#709 = DIRECTION('',(0.57735026919,-0.57735026919,-0.57735026919));
#710 = PCURVE('',#243,#711);
#711 = DEFINITIONAL_REPRESENTATION('',(#712),#716);
#712 = LINE('',#713,#714);
#713 = CARTESIAN_POINT('',(-1.,-1.727101704552E-15));
#714 = VECTOR('',#715,1.);
#715 = DIRECTION('',(-0.57735026919,0.816496580928));
#716 = ( GEOMETRIC_REPRESENTATION_CONTEXT(2) 
PARAMETRIC_REPRESENTATION_CONTEXT() REPRESENTATION_CONTEXT('2D SPACE',''
  ) );
#717 = PCURVE('',#718,#723);
#718 = PLANE('',#719);
#719 = AXIS2_PLACEMENT_3D('',#720,#721,#722);
#720 = CARTESIAN_POINT('',(-14.,-13.4,-1.));
#721 = DIRECTION('',(0.707106781187,-5.623194049289E-16,0.707106781187)
  );
#722 = DIRECTION('',(4.350474040508E-16,-1.,1.434248126213E-15));
#723 = DEFINITIONAL_REPRESENTATION('',(#724),#728);
#724 = LINE('',#725,#726);
#725 = CARTESIAN_POINT('',(-1.,-8.635508522761E-16));
#726 = VECTOR('',#727,1.);
#727 = DIRECTION('',(0.57735026919,0.816496580928));
#728 = ( GEOMETRIC_REPRESENTATION_CONTEXT(2) 
PARAMETRIC_REPRESENTATION_CONTEXT() REPRESENTATION_CONTEXT('2D SPACE',''
  ) );
#729 = ORIENTED_EDGE('',*,*,#441,.F.);
#730 = ADVANCED_FACE('',(#731),#293,.T.);
#731 = FACE_BOUND('',#732,.T.);
#732 = EDGE_LOOP('',(#733,#763,#791,#819,#847,#875,#896,#897,#898,#899,
    #922,#950,#978,#1006));
#733 = ORIENTED_EDGE('',*,*,#734,.F.);
#734 = EDGE_CURVE('',#735,#737,#739,.T.);
#735 = VERTEX_POINT('',#736);
#736 = CARTESIAN_POINT('',(-15.,-13.95,8.));
#737 = VERTEX_POINT('',#738);
#738 = CARTESIAN_POINT('',(-15.,-13.95,78.));
#739 = SURFACE_CURVE('',#740,(#744,#751),.PCURVE_S1.);
#740 = LINE('',#741,#742);
#741 = CARTESIAN_POINT('',(-15.,-13.95,10.));
#742 = VECTOR('',#743,1.);
#743 = DIRECTION('',(-1.443289932013E-15,-1.110223024625E-16,1.));
#744 = PCURVE('',#293,#745);
#745 = DEFINITIONAL_REPRESENTATION('',(#746),#750);
#746 = LINE('',#747,#748);
#747 = CARTESIAN_POINT('',(-15.14417768359,-20.76528429149));
#748 = VECTOR('',#749,1.);
#749 = DIRECTION('',(8.881784197001E-16,1.));
#750 = ( GEOMETRIC_REPRESENTATION_CONTEXT(2) 
PARAMETRIC_REPRESENTATION_CONTEXT() REPRESENTATION_CONTEXT('2D SPACE',''
  ) );
#751 = PCURVE('',#752,#757);
#752 = PLANE('',#753);
#753 = AXIS2_PLACEMENT_3D('',#754,#755,#756);
#754 = CARTESIAN_POINT('',(-14.,-12.95,10.));
#755 = DIRECTION('',(-0.707106781187,0.707106781187,-7.850462293419E-16)
  );
#756 = DIRECTION('',(-1.33226762955E-15,-2.22044604925E-16,1.));
#757 = DEFINITIONAL_REPRESENTATION('',(#758),#762);
#758 = LINE('',#759,#760);
#759 = CARTESIAN_POINT('',(1.33226762955E-15,-1.414213562373));
#760 = VECTOR('',#761,1.);
#761 = DIRECTION('',(1.,-1.256073966947E-15));
#762 = ( GEOMETRIC_REPRESENTATION_CONTEXT(2) 
PARAMETRIC_REPRESENTATION_CONTEXT() REPRESENTATION_CONTEXT('2D SPACE',''
  ) );
#763 = ORIENTED_EDGE('',*,*,#764,.F.);
#764 = EDGE_CURVE('',#765,#735,#767,.T.);
#765 = VERTEX_POINT('',#766);
#766 = CARTESIAN_POINT('',(-15.,-2.,8.));
#767 = SURFACE_CURVE('',#768,(#772,#779),.PCURVE_S1.);
#768 = LINE('',#769,#770);
#769 = CARTESIAN_POINT('',(-15.,1.554312234475E-14,8.));
#770 = VECTOR('',#771,1.);
#771 = DIRECTION('',(4.440892098501E-16,-1.,1.443289932013E-15));
#772 = PCURVE('',#293,#773);
#773 = DEFINITIONAL_REPRESENTATION('',(#774),#778);
#774 = LINE('',#775,#776);
#775 = CARTESIAN_POINT('',(-29.09417768359,-22.76528429149));
#776 = VECTOR('',#777,1.);
#777 = DIRECTION('',(1.,1.110223024625E-15));
#778 = ( GEOMETRIC_REPRESENTATION_CONTEXT(2) 
PARAMETRIC_REPRESENTATION_CONTEXT() REPRESENTATION_CONTEXT('2D SPACE',''
  ) );
#779 = PCURVE('',#780,#785);
#780 = PLANE('',#781);
#781 = AXIS2_PLACEMENT_3D('',#782,#783,#784);
#782 = CARTESIAN_POINT('',(-14.,1.476596622751E-14,9.));
#783 = DIRECTION('',(0.707106781187,-6.649101217223E-16,-0.707106781187)
  );
#784 = DIRECTION('',(-4.735271149819E-16,1.,-1.413852026881E-15));
#785 = DEFINITIONAL_REPRESENTATION('',(#786),#790);
#786 = LINE('',#787,#788);
#787 = CARTESIAN_POINT('',(1.7763568394E-15,-1.414213562373));
#788 = VECTOR('',#789,1.);
#789 = DIRECTION('',(-1.,1.256073966947E-15));
#790 = ( GEOMETRIC_REPRESENTATION_CONTEXT(2) 
PARAMETRIC_REPRESENTATION_CONTEXT() REPRESENTATION_CONTEXT('2D SPACE',''
  ) );
#791 = ORIENTED_EDGE('',*,*,#792,.F.);
#792 = EDGE_CURVE('',#793,#765,#795,.T.);
#793 = VERTEX_POINT('',#794);
#794 = CARTESIAN_POINT('',(-15.,-2.,2.));
#795 = SURFACE_CURVE('',#796,(#800,#807),.PCURVE_S1.);
#796 = LINE('',#797,#798);
#797 = CARTESIAN_POINT('',(-15.,-2.,4.107825191113E-15));
#798 = VECTOR('',#799,1.);
#799 = DIRECTION('',(-1.443289932013E-15,-1.110223024625E-16,1.));
#800 = PCURVE('',#293,#801);
#801 = DEFINITIONAL_REPRESENTATION('',(#802),#806);
#802 = LINE('',#803,#804);
#803 = CARTESIAN_POINT('',(-27.09417768359,-30.76528429149));
#804 = VECTOR('',#805,1.);
#805 = DIRECTION('',(8.881784197001E-16,1.));
#806 = ( GEOMETRIC_REPRESENTATION_CONTEXT(2) 
PARAMETRIC_REPRESENTATION_CONTEXT() REPRESENTATION_CONTEXT('2D SPACE',''
  ) );
#807 = PCURVE('',#808,#813);
#808 = PLANE('',#809);
#809 = AXIS2_PLACEMENT_3D('',#810,#811,#812);
#810 = CARTESIAN_POINT('',(-14.,-1.,2.997602166488E-15));
#811 = DIRECTION('',(0.707106781187,-0.707106781187,7.562017890461E-16)
  );
#812 = DIRECTION('',(1.311871530218E-15,2.424407042577E-16,-1.));
#813 = DEFINITIONAL_REPRESENTATION('',(#814),#818);
#814 = LINE('',#815,#816);
#815 = CARTESIAN_POINT('',(-1.7763568394E-15,-1.414213562373));
#816 = VECTOR('',#817,1.);
#817 = DIRECTION('',(-1.,-1.256073966947E-15));
#818 = ( GEOMETRIC_REPRESENTATION_CONTEXT(2) 
PARAMETRIC_REPRESENTATION_CONTEXT() REPRESENTATION_CONTEXT('2D SPACE',''
  ) );
#819 = ORIENTED_EDGE('',*,*,#820,.T.);
#820 = EDGE_CURVE('',#793,#821,#823,.T.);
#821 = VERTEX_POINT('',#822);
#822 = CARTESIAN_POINT('',(-15.,-10.2,2.));
#823 = SURFACE_CURVE('',#824,(#828,#835),.PCURVE_S1.);
#824 = LINE('',#825,#826);
#825 = CARTESIAN_POINT('',(-15.,1.709743457923E-14,2.));
#826 = VECTOR('',#827,1.);
#827 = DIRECTION('',(4.440892098501E-16,-1.,1.443289932013E-15));
#828 = PCURVE('',#293,#829);
#829 = DEFINITIONAL_REPRESENTATION('',(#830),#834);
#830 = LINE('',#831,#832);
#831 = CARTESIAN_POINT('',(-29.09417768359,-28.76528429149));
#832 = VECTOR('',#833,1.);
#833 = DIRECTION('',(1.,1.110223024625E-15));
#834 = ( GEOMETRIC_REPRESENTATION_CONTEXT(2) 
PARAMETRIC_REPRESENTATION_CONTEXT() REPRESENTATION_CONTEXT('2D SPACE',''
  ) );
#835 = PCURVE('',#836,#841);
#836 = PLANE('',#837);
#837 = AXIS2_PLACEMENT_3D('',#838,#839,#840);
#838 = CARTESIAN_POINT('',(-14.,1.609823385706E-14,1.));
#839 = DIRECTION('',(-0.707106781187,7.065416064077E-16,-0.707106781187)
  );
#840 = DIRECTION('',(-3.330669073875E-16,1.,-1.33226762955E-15));
#841 = DEFINITIONAL_REPRESENTATION('',(#842),#846);
#842 = LINE('',#843,#844);
#843 = CARTESIAN_POINT('',(-1.281898970984E-30,-1.414213562373));
#844 = VECTOR('',#845,1.);
#845 = DIRECTION('',(-1.,0.));
#846 = ( GEOMETRIC_REPRESENTATION_CONTEXT(2) 
PARAMETRIC_REPRESENTATION_CONTEXT() REPRESENTATION_CONTEXT('2D SPACE',''
  ) );
#847 = ORIENTED_EDGE('',*,*,#848,.F.);
#848 = EDGE_CURVE('',#849,#821,#851,.T.);
#849 = VERTEX_POINT('',#850);
#850 = CARTESIAN_POINT('',(-15.,-10.2,5.817568649036E-15));
#851 = SURFACE_CURVE('',#852,(#856,#863),.PCURVE_S1.);
#852 = LINE('',#853,#854);
#853 = CARTESIAN_POINT('',(-15.,-10.2,-2.));
#854 = VECTOR('',#855,1.);
#855 = DIRECTION('',(-1.443289932013E-15,-1.110223024625E-16,1.));
#856 = PCURVE('',#293,#857);
#857 = DEFINITIONAL_REPRESENTATION('',(#858),#862);
#858 = LINE('',#859,#860);
#859 = CARTESIAN_POINT('',(-18.89417768359,-32.76528429149));
#860 = VECTOR('',#861,1.);
#861 = DIRECTION('',(8.881784197001E-16,1.));
#862 = ( GEOMETRIC_REPRESENTATION_CONTEXT(2) 
PARAMETRIC_REPRESENTATION_CONTEXT() REPRESENTATION_CONTEXT('2D SPACE',''
  ) );
#863 = PCURVE('',#864,#869);
#864 = PLANE('',#865);
#865 = AXIS2_PLACEMENT_3D('',#866,#867,#868);
#866 = CARTESIAN_POINT('',(-14.,-9.2,-2.));
#867 = DIRECTION('',(0.707106781187,-0.707106781187,7.850462293419E-16)
  );
#868 = DIRECTION('',(1.33226762955E-15,2.22044604925E-16,-1.));
#869 = DEFINITIONAL_REPRESENTATION('',(#870),#874);
#870 = LINE('',#871,#872);
#871 = CARTESIAN_POINT('',(-1.554312234475E-15,-1.414213562373));
#872 = VECTOR('',#873,1.);
#873 = DIRECTION('',(-1.,-1.256073966947E-15));
#874 = ( GEOMETRIC_REPRESENTATION_CONTEXT(2) 
PARAMETRIC_REPRESENTATION_CONTEXT() REPRESENTATION_CONTEXT('2D SPACE',''
  ) );
#875 = ORIENTED_EDGE('',*,*,#876,.F.);
#876 = EDGE_CURVE('',#682,#849,#877,.T.);
#877 = SURFACE_CURVE('',#878,(#882,#889),.PCURVE_S1.);
#878 = LINE('',#879,#880);
#879 = CARTESIAN_POINT('',(-15.,-13.4,2.113864638886E-14));
#880 = VECTOR('',#881,1.);
#881 = DIRECTION('',(-4.440892098501E-16,1.,-1.443289932013E-15));
#882 = PCURVE('',#293,#883);
#883 = DEFINITIONAL_REPRESENTATION('',(#884),#888);
#884 = LINE('',#885,#886);
#885 = CARTESIAN_POINT('',(-15.69417768359,-30.76528429149));
#886 = VECTOR('',#887,1.);
#887 = DIRECTION('',(-1.,-1.110223024625E-15));
#888 = ( GEOMETRIC_REPRESENTATION_CONTEXT(2) 
PARAMETRIC_REPRESENTATION_CONTEXT() REPRESENTATION_CONTEXT('2D SPACE',''
  ) );
#889 = PCURVE('',#718,#890);
#890 = DEFINITIONAL_REPRESENTATION('',(#891),#895);
#891 = LINE('',#892,#893);
#892 = CARTESIAN_POINT('',(1.110223024625E-16,-1.414213562373));
#893 = VECTOR('',#894,1.);
#894 = DIRECTION('',(-1.,-3.697785493223E-32));
#895 = ( GEOMETRIC_REPRESENTATION_CONTEXT(2) 
PARAMETRIC_REPRESENTATION_CONTEXT() REPRESENTATION_CONTEXT('2D SPACE',''
  ) );
#896 = ORIENTED_EDGE('',*,*,#681,.F.);
#897 = ORIENTED_EDGE('',*,*,#279,.T.);
#898 = ORIENTED_EDGE('',*,*,#607,.F.);
#899 = ORIENTED_EDGE('',*,*,#900,.F.);
#900 = EDGE_CURVE('',#901,#583,#903,.T.);
#901 = VERTEX_POINT('',#902);
#902 = CARTESIAN_POINT('',(-15.,-50.8,4.669598041573E-14));
#903 = SURFACE_CURVE('',#904,(#908,#915),.PCURVE_S1.);
#904 = LINE('',#905,#906);
#905 = CARTESIAN_POINT('',(-15.,-52.8,7.813749647312E-14));
#906 = VECTOR('',#907,1.);
#907 = DIRECTION('',(-4.440892098501E-16,1.,-1.443289932013E-15));
#908 = PCURVE('',#293,#909);
#909 = DEFINITIONAL_REPRESENTATION('',(#910),#914);
#910 = LINE('',#911,#912);
#911 = CARTESIAN_POINT('',(23.705822316407,-30.76528429149));
#912 = VECTOR('',#913,1.);
#913 = DIRECTION('',(-1.,-1.110223024625E-15));
#914 = ( GEOMETRIC_REPRESENTATION_CONTEXT(2) 
PARAMETRIC_REPRESENTATION_CONTEXT() REPRESENTATION_CONTEXT('2D SPACE',''
  ) );
#915 = PCURVE('',#536,#916);
#916 = DEFINITIONAL_REPRESENTATION('',(#917),#921);
#917 = LINE('',#918,#919);
#918 = CARTESIAN_POINT('',(1.110223024625E-16,-1.414213562373));
#919 = VECTOR('',#920,1.);
#920 = DIRECTION('',(-1.,-3.697785493223E-32));
#921 = ( GEOMETRIC_REPRESENTATION_CONTEXT(2) 
PARAMETRIC_REPRESENTATION_CONTEXT() REPRESENTATION_CONTEXT('2D SPACE',''
  ) );
#922 = ORIENTED_EDGE('',*,*,#923,.F.);
#923 = EDGE_CURVE('',#924,#901,#926,.T.);
#924 = VERTEX_POINT('',#925);
#925 = CARTESIAN_POINT('',(-15.,-50.8,2.));
#926 = SURFACE_CURVE('',#927,(#931,#938),.PCURVE_S1.);
#927 = LINE('',#928,#929);
#928 = CARTESIAN_POINT('',(-15.,-50.8,7.613909502879E-14));
#929 = VECTOR('',#930,1.);
#930 = DIRECTION('',(1.443289932013E-15,1.110223024625E-16,-1.));
#931 = PCURVE('',#293,#932);
#932 = DEFINITIONAL_REPRESENTATION('',(#933),#937);
#933 = LINE('',#934,#935);
#934 = CARTESIAN_POINT('',(21.705822316407,-30.76528429149));
#935 = VECTOR('',#936,1.);
#936 = DIRECTION('',(-8.881784197001E-16,-1.));
#937 = ( GEOMETRIC_REPRESENTATION_CONTEXT(2) 
PARAMETRIC_REPRESENTATION_CONTEXT() REPRESENTATION_CONTEXT('2D SPACE',''
  ) );
#938 = PCURVE('',#939,#944);
#939 = PLANE('',#940);
#940 = AXIS2_PLACEMENT_3D('',#941,#942,#943);
#941 = CARTESIAN_POINT('',(-14.,-51.8,7.747136265834E-14));
#942 = DIRECTION('',(0.707106781187,0.707106781187,-9.420554752103E-16)
  );
#943 = DIRECTION('',(-1.33226762955E-15,6.902532920684E-31,1.));
#944 = DEFINITIONAL_REPRESENTATION('',(#945),#949);
#945 = LINE('',#946,#947);
#946 = CARTESIAN_POINT('',(1.577721810442E-30,-1.414213562373));
#947 = VECTOR('',#948,1.);
#948 = DIRECTION('',(-1.,6.902532920684E-31));
#949 = ( GEOMETRIC_REPRESENTATION_CONTEXT(2) 
PARAMETRIC_REPRESENTATION_CONTEXT() REPRESENTATION_CONTEXT('2D SPACE',''
  ) );
#950 = ORIENTED_EDGE('',*,*,#951,.T.);
#951 = EDGE_CURVE('',#924,#952,#954,.T.);
#952 = VERTEX_POINT('',#953);
#953 = CARTESIAN_POINT('',(-15.,-62.00979781418,2.));
#954 = SURFACE_CURVE('',#955,(#959,#966),.PCURVE_S1.);
#955 = LINE('',#956,#957);
#956 = CARTESIAN_POINT('',(-15.,-52.8,2.));
#957 = VECTOR('',#958,1.);
#958 = DIRECTION('',(4.440892098501E-16,-1.,1.443289932013E-15));
#959 = PCURVE('',#293,#960);
#960 = DEFINITIONAL_REPRESENTATION('',(#961),#965);
#961 = LINE('',#962,#963);
#962 = CARTESIAN_POINT('',(23.705822316407,-28.76528429149));
#963 = VECTOR('',#964,1.);
#964 = DIRECTION('',(1.,1.110223024625E-15));
#965 = ( GEOMETRIC_REPRESENTATION_CONTEXT(2) 
PARAMETRIC_REPRESENTATION_CONTEXT() REPRESENTATION_CONTEXT('2D SPACE',''
  ) );
#966 = PCURVE('',#967,#972);
#967 = PLANE('',#968);
#968 = AXIS2_PLACEMENT_3D('',#969,#970,#971);
#969 = CARTESIAN_POINT('',(-14.,-52.8,1.));
#970 = DIRECTION('',(-0.707106781187,7.065416064077E-16,-0.707106781187)
  );
#971 = DIRECTION('',(-3.330669073875E-16,1.,-1.33226762955E-15));
#972 = DEFINITIONAL_REPRESENTATION('',(#973),#977);
#973 = LINE('',#974,#975);
#974 = CARTESIAN_POINT('',(-1.110223024625E-16,-1.414213562373));
#975 = VECTOR('',#976,1.);
#976 = DIRECTION('',(-1.,0.));
#977 = ( GEOMETRIC_REPRESENTATION_CONTEXT(2) 
PARAMETRIC_REPRESENTATION_CONTEXT() REPRESENTATION_CONTEXT('2D SPACE',''
  ) );
#978 = ORIENTED_EDGE('',*,*,#979,.T.);
#979 = EDGE_CURVE('',#952,#980,#982,.T.);
#980 = VERTEX_POINT('',#981);
#981 = CARTESIAN_POINT('',(-15.,-30.61229781418,78.));
#982 = SURFACE_CURVE('',#983,(#987,#994),.PCURVE_S1.);
#983 = LINE('',#984,#985);
#984 = CARTESIAN_POINT('',(-15.,-63.15153032205,-0.7636490357));
#985 = VECTOR('',#986,1.);
#986 = DIRECTION('',(-1.503502986336E-15,0.38182451785,0.924234838971));
#987 = PCURVE('',#293,#988);
#988 = DEFINITIONAL_REPRESENTATION('',(#989),#993);
#989 = LINE('',#990,#991);
#990 = CARTESIAN_POINT('',(34.057352638465,-31.52893332719));
#991 = VECTOR('',#992,1.);
#992 = DIRECTION('',(-0.38182451785,0.924234838971));
#993 = ( GEOMETRIC_REPRESENTATION_CONTEXT(2) 
PARAMETRIC_REPRESENTATION_CONTEXT() REPRESENTATION_CONTEXT('2D SPACE',''
  ) );
#994 = PCURVE('',#995,#1000);
#995 = PLANE('',#996);
#996 = AXIS2_PLACEMENT_3D('',#997,#998,#999);
#997 = CARTESIAN_POINT('',(-14.,-64.07576516102,-0.38182451785));
#998 = DIRECTION('',(-0.707106781187,-0.653532722046,0.269990705795));
#999 = DIRECTION('',(1.464815080353E-15,-0.38182451785,-0.924234838971)
  );
#1000 = DEFINITIONAL_REPRESENTATION('',(#1001),#1005);
#1001 = LINE('',#1002,#1003);
#1002 = CARTESIAN_POINT('',(-3.497202527569E-15,-1.414213562373));
#1003 = VECTOR('',#1004,1.);
#1004 = DIRECTION('',(-1.,-3.608224830032E-16));
#1005 = ( GEOMETRIC_REPRESENTATION_CONTEXT(2) 
PARAMETRIC_REPRESENTATION_CONTEXT() REPRESENTATION_CONTEXT('2D SPACE',''
  ) );
#1006 = ORIENTED_EDGE('',*,*,#1007,.F.);
#1007 = EDGE_CURVE('',#737,#980,#1008,.T.);
#1008 = SURFACE_CURVE('',#1009,(#1013,#1020),.PCURVE_S1.);
#1009 = LINE('',#1010,#1011);
#1010 = CARTESIAN_POINT('',(-15.,-11.95,78.));
#1011 = VECTOR('',#1012,1.);
#1012 = DIRECTION('',(4.440892098501E-16,-1.,1.443289932013E-15));
#1013 = PCURVE('',#293,#1014);
#1014 = DEFINITIONAL_REPRESENTATION('',(#1015),#1019);
#1015 = LINE('',#1016,#1017);
#1016 = CARTESIAN_POINT('',(-17.14417768359,47.234715708503));
#1017 = VECTOR('',#1018,1.);
#1018 = DIRECTION('',(1.,1.110223024625E-15));
#1019 = ( GEOMETRIC_REPRESENTATION_CONTEXT(2) 
PARAMETRIC_REPRESENTATION_CONTEXT() REPRESENTATION_CONTEXT('2D SPACE',''
  ) );
#1020 = PCURVE('',#1021,#1026);
#1021 = PLANE('',#1022);
#1022 = AXIS2_PLACEMENT_3D('',#1023,#1024,#1025);
#1023 = CARTESIAN_POINT('',(-14.,-11.95,79.));
#1024 = DIRECTION('',(0.707106781187,-5.495323605393E-16,-0.707106781187
    ));
#1025 = DIRECTION('',(-5.551115123126E-16,1.,-1.33226762955E-15));
#1026 = DEFINITIONAL_REPRESENTATION('',(#1027),#1031);
#1027 = LINE('',#1028,#1029);
#1028 = CARTESIAN_POINT('',(1.443289932013E-15,-1.414213562373));
#1029 = VECTOR('',#1030,1.);
#1030 = DIRECTION('',(-1.,1.256073966947E-15));
#1031 = ( GEOMETRIC_REPRESENTATION_CONTEXT(2) 
PARAMETRIC_REPRESENTATION_CONTEXT() REPRESENTATION_CONTEXT('2D SPACE',''
  ) );
#1032 = ADVANCED_FACE('',(#1033),#324,.F.);
#1033 = FACE_BOUND('',#1034,.T.);
#1034 = EDGE_LOOP('',(#1035,#1036,#1037,#1065));
#1035 = ORIENTED_EDGE('',*,*,#308,.F.);
#1036 = ORIENTED_EDGE('',*,*,#390,.T.);
#1037 = ORIENTED_EDGE('',*,*,#1038,.T.);
#1038 = EDGE_CURVE('',#391,#1039,#1041,.T.);
#1039 = VERTEX_POINT('',#1040);
#1040 = CARTESIAN_POINT('',(15.,-11.4,1.72043360328E-14));
#1041 = SURFACE_CURVE('',#1042,(#1046,#1053),.PCURVE_S1.);
#1042 = LINE('',#1043,#1044);
#1043 = CARTESIAN_POINT('',(14.,-12.4,-1.));
#1044 = VECTOR('',#1045,1.);
#1045 = DIRECTION('',(0.57735026919,0.57735026919,0.57735026919));
#1046 = PCURVE('',#324,#1047);
#1047 = DEFINITIONAL_REPRESENTATION('',(#1048),#1052);
#1048 = LINE('',#1049,#1050);
#1049 = CARTESIAN_POINT('',(-1.,3.140184917368E-16));
#1050 = VECTOR('',#1051,1.);
#1051 = DIRECTION('',(0.57735026919,0.816496580928));
#1052 = ( GEOMETRIC_REPRESENTATION_CONTEXT(2) 
PARAMETRIC_REPRESENTATION_CONTEXT() REPRESENTATION_CONTEXT('2D SPACE',''
  ) );
#1053 = PCURVE('',#1054,#1059);
#1054 = PLANE('',#1055);
#1055 = AXIS2_PLACEMENT_3D('',#1056,#1057,#1058);
#1056 = CARTESIAN_POINT('',(14.,-13.4,-1.));
#1057 = DIRECTION('',(-0.707106781187,6.937545620181E-16,0.707106781187)
  );
#1058 = DIRECTION('',(4.531310156493E-16,-1.,1.434248126213E-15));
#1059 = DEFINITIONAL_REPRESENTATION('',(#1060),#1064);
#1060 = LINE('',#1061,#1062);
#1061 = CARTESIAN_POINT('',(-1.,-3.925231146709E-16));
#1062 = VECTOR('',#1063,1.);
#1063 = DIRECTION('',(-0.57735026919,0.816496580928));
#1064 = ( GEOMETRIC_REPRESENTATION_CONTEXT(2) 
PARAMETRIC_REPRESENTATION_CONTEXT() REPRESENTATION_CONTEXT('2D SPACE',''
  ) );
#1065 = ORIENTED_EDGE('',*,*,#1066,.F.);
#1066 = EDGE_CURVE('',#309,#1039,#1067,.T.);
#1067 = SURFACE_CURVE('',#1068,(#1072,#1079),.PCURVE_S1.);
#1068 = LINE('',#1069,#1070);
#1069 = CARTESIAN_POINT('',(15.,-11.4,1.580957587066E-14));
#1070 = VECTOR('',#1071,1.);
#1071 = DIRECTION('',(1.443289932013E-15,1.110223024625E-16,-1.));
#1072 = PCURVE('',#324,#1073);
#1073 = DEFINITIONAL_REPRESENTATION('',(#1074),#1078);
#1074 = LINE('',#1075,#1076);
#1075 = CARTESIAN_POINT('',(-1.7763568394E-15,1.414213562373));
#1076 = VECTOR('',#1077,1.);
#1077 = DIRECTION('',(-1.,1.256073966947E-15));
#1078 = ( GEOMETRIC_REPRESENTATION_CONTEXT(2) 
PARAMETRIC_REPRESENTATION_CONTEXT() REPRESENTATION_CONTEXT('2D SPACE',''
  ) );
#1079 = PCURVE('',#374,#1080);
#1080 = DEFINITIONAL_REPRESENTATION('',(#1081),#1085);
#1081 = LINE('',#1082,#1083);
#1082 = CARTESIAN_POINT('',(-30.76528429149,-17.69417768359));
#1083 = VECTOR('',#1084,1.);
#1084 = DIRECTION('',(-1.,-8.881784197001E-16));
#1085 = ( GEOMETRIC_REPRESENTATION_CONTEXT(2) 
PARAMETRIC_REPRESENTATION_CONTEXT() REPRESENTATION_CONTEXT('2D SPACE',''
  ) );
#1086 = ADVANCED_FACE('',(#1087),#374,.T.);
#1087 = FACE_BOUND('',#1088,.T.);
#1088 = EDGE_LOOP('',(#1089,#1119,#1147,#1175,#1203,#1231,#1252,#1253,
    #1254,#1255,#1278,#1306,#1334,#1362));
#1089 = ORIENTED_EDGE('',*,*,#1090,.T.);
#1090 = EDGE_CURVE('',#1091,#1093,#1095,.T.);
#1091 = VERTEX_POINT('',#1092);
#1092 = CARTESIAN_POINT('',(15.,-13.95,8.));
#1093 = VERTEX_POINT('',#1094);
#1094 = CARTESIAN_POINT('',(15.,-13.95,78.));
#1095 = SURFACE_CURVE('',#1096,(#1100,#1107),.PCURVE_S1.);
#1096 = LINE('',#1097,#1098);
#1097 = CARTESIAN_POINT('',(15.,-13.95,10.));
#1098 = VECTOR('',#1099,1.);
#1099 = DIRECTION('',(-1.443289932013E-15,-1.110223024625E-16,1.));
#1100 = PCURVE('',#374,#1101);
#1101 = DEFINITIONAL_REPRESENTATION('',(#1102),#1106);
#1102 = LINE('',#1103,#1104);
#1103 = CARTESIAN_POINT('',(-20.76528429149,-15.14417768359));
#1104 = VECTOR('',#1105,1.);
#1105 = DIRECTION('',(1.,8.881784197001E-16));
#1106 = ( GEOMETRIC_REPRESENTATION_CONTEXT(2) 
PARAMETRIC_REPRESENTATION_CONTEXT() REPRESENTATION_CONTEXT('2D SPACE',''
  ) );
#1107 = PCURVE('',#1108,#1113);
#1108 = PLANE('',#1109);
#1109 = AXIS2_PLACEMENT_3D('',#1110,#1111,#1112);
#1110 = CARTESIAN_POINT('',(14.,-12.95,10.));
#1111 = DIRECTION('',(0.707106781187,0.707106781187,-8.266777140273E-16)
  );
#1112 = DIRECTION('',(-1.413852026881E-15,-8.158439733063E-17,1.));
#1113 = DEFINITIONAL_REPRESENTATION('',(#1114),#1118);
#1114 = LINE('',#1115,#1116);
#1115 = CARTESIAN_POINT('',(-6.661338147751E-16,1.414213562373));
#1116 = VECTOR('',#1117,1.);
#1117 = DIRECTION('',(1.,-4.930380657631E-31));
#1118 = ( GEOMETRIC_REPRESENTATION_CONTEXT(2) 
PARAMETRIC_REPRESENTATION_CONTEXT() REPRESENTATION_CONTEXT('2D SPACE',''
  ) );
#1119 = ORIENTED_EDGE('',*,*,#1120,.T.);
#1120 = EDGE_CURVE('',#1093,#1121,#1123,.T.);
#1121 = VERTEX_POINT('',#1122);
#1122 = CARTESIAN_POINT('',(15.,-30.61229781418,78.));
#1123 = SURFACE_CURVE('',#1124,(#1128,#1135),.PCURVE_S1.);
#1124 = LINE('',#1125,#1126);
#1125 = CARTESIAN_POINT('',(15.,-11.95,78.));
#1126 = VECTOR('',#1127,1.);
#1127 = DIRECTION('',(4.440892098501E-16,-1.,1.443289932013E-15));
#1128 = PCURVE('',#374,#1129);
#1129 = DEFINITIONAL_REPRESENTATION('',(#1130),#1134);
#1130 = LINE('',#1131,#1132);
#1131 = CARTESIAN_POINT('',(47.234715708503,-17.14417768359));
#1132 = VECTOR('',#1133,1.);
#1133 = DIRECTION('',(1.110223024625E-15,1.));
#1134 = ( GEOMETRIC_REPRESENTATION_CONTEXT(2) 
PARAMETRIC_REPRESENTATION_CONTEXT() REPRESENTATION_CONTEXT('2D SPACE',''
  ) );
#1135 = PCURVE('',#1136,#1141);
#1136 = PLANE('',#1137);
#1137 = AXIS2_PLACEMENT_3D('',#1138,#1139,#1140);
#1138 = CARTESIAN_POINT('',(14.,-11.95,79.));
#1139 = DIRECTION('',(-0.707106781187,7.065416064077E-16,-0.707106781187
    ));
#1140 = DIRECTION('',(-3.330669073875E-16,1.,-1.33226762955E-15));
#1141 = DEFINITIONAL_REPRESENTATION('',(#1142),#1146);
#1142 = LINE('',#1143,#1144);
#1143 = CARTESIAN_POINT('',(1.110223024625E-16,1.414213562373));
#1144 = VECTOR('',#1145,1.);
#1145 = DIRECTION('',(-1.,0.));
#1146 = ( GEOMETRIC_REPRESENTATION_CONTEXT(2) 
PARAMETRIC_REPRESENTATION_CONTEXT() REPRESENTATION_CONTEXT('2D SPACE',''
  ) );
#1147 = ORIENTED_EDGE('',*,*,#1148,.F.);
#1148 = EDGE_CURVE('',#1149,#1121,#1151,.T.);
#1149 = VERTEX_POINT('',#1150);
#1150 = CARTESIAN_POINT('',(15.,-62.00979781418,2.));
#1151 = SURFACE_CURVE('',#1152,(#1156,#1163),.PCURVE_S1.);
#1152 = LINE('',#1153,#1154);
#1153 = CARTESIAN_POINT('',(15.,-63.15153032205,-0.7636490357));
#1154 = VECTOR('',#1155,1.);
#1155 = DIRECTION('',(-1.503502986336E-15,0.38182451785,0.924234838971)
  );
#1156 = PCURVE('',#374,#1157);
#1157 = DEFINITIONAL_REPRESENTATION('',(#1158),#1162);
#1158 = LINE('',#1159,#1160);
#1159 = CARTESIAN_POINT('',(-31.52893332719,34.057352638465));
#1160 = VECTOR('',#1161,1.);
#1161 = DIRECTION('',(0.924234838971,-0.38182451785));
#1162 = ( GEOMETRIC_REPRESENTATION_CONTEXT(2) 
PARAMETRIC_REPRESENTATION_CONTEXT() REPRESENTATION_CONTEXT('2D SPACE',''
  ) );
#1163 = PCURVE('',#1164,#1169);
#1164 = PLANE('',#1165);
#1165 = AXIS2_PLACEMENT_3D('',#1166,#1167,#1168);
#1166 = CARTESIAN_POINT('',(14.,-64.07576516102,-0.38182451785));
#1167 = DIRECTION('',(0.707106781187,-0.653532722046,0.269990705795));
#1168 = DIRECTION('',(1.298281626659E-15,-0.38182451785,-0.924234838971)
  );
#1169 = DEFINITIONAL_REPRESENTATION('',(#1170),#1174);
#1170 = LINE('',#1171,#1172);
#1171 = CARTESIAN_POINT('',(-1.554312234475E-15,1.414213562373));
#1172 = VECTOR('',#1173,1.);
#1173 = DIRECTION('',(-1.,-1.33226762955E-15));
#1174 = ( GEOMETRIC_REPRESENTATION_CONTEXT(2) 
PARAMETRIC_REPRESENTATION_CONTEXT() REPRESENTATION_CONTEXT('2D SPACE',''
  ) );
#1175 = ORIENTED_EDGE('',*,*,#1176,.F.);
#1176 = EDGE_CURVE('',#1177,#1149,#1179,.T.);
#1177 = VERTEX_POINT('',#1178);
#1178 = CARTESIAN_POINT('',(15.,-50.8,2.));
#1179 = SURFACE_CURVE('',#1180,(#1184,#1191),.PCURVE_S1.);
#1180 = LINE('',#1181,#1182);
#1181 = CARTESIAN_POINT('',(15.,-52.8,2.));
#1182 = VECTOR('',#1183,1.);
#1183 = DIRECTION('',(4.440892098501E-16,-1.,1.443289932013E-15));
#1184 = PCURVE('',#374,#1185);
#1185 = DEFINITIONAL_REPRESENTATION('',(#1186),#1190);
#1186 = LINE('',#1187,#1188);
#1187 = CARTESIAN_POINT('',(-28.76528429149,23.705822316407));
#1188 = VECTOR('',#1189,1.);
#1189 = DIRECTION('',(1.110223024625E-15,1.));
#1190 = ( GEOMETRIC_REPRESENTATION_CONTEXT(2) 
PARAMETRIC_REPRESENTATION_CONTEXT() REPRESENTATION_CONTEXT('2D SPACE',''
  ) );
#1191 = PCURVE('',#1192,#1197);
#1192 = PLANE('',#1193);
#1193 = AXIS2_PLACEMENT_3D('',#1194,#1195,#1196);
#1194 = CARTESIAN_POINT('',(14.,-52.8,1.));
#1195 = DIRECTION('',(0.707106781187,-5.495323605393E-16,-0.707106781187
    ));
#1196 = DIRECTION('',(-5.551115123126E-16,1.,-1.33226762955E-15));
#1197 = DEFINITIONAL_REPRESENTATION('',(#1198),#1202);
#1198 = LINE('',#1199,#1200);
#1199 = CARTESIAN_POINT('',(-1.443289932013E-15,1.414213562373));
#1200 = VECTOR('',#1201,1.);
#1201 = DIRECTION('',(-1.,1.256073966947E-15));
#1202 = ( GEOMETRIC_REPRESENTATION_CONTEXT(2) 
PARAMETRIC_REPRESENTATION_CONTEXT() REPRESENTATION_CONTEXT('2D SPACE',''
  ) );
#1203 = ORIENTED_EDGE('',*,*,#1204,.T.);
#1204 = EDGE_CURVE('',#1177,#1205,#1207,.T.);
#1205 = VERTEX_POINT('',#1206);
#1206 = CARTESIAN_POINT('',(15.,-50.8,5.670607124896E-14));
#1207 = SURFACE_CURVE('',#1208,(#1212,#1219),.PCURVE_S1.);
#1208 = LINE('',#1209,#1210);
#1209 = CARTESIAN_POINT('',(15.,-50.8,7.280842595492E-14));
#1210 = VECTOR('',#1211,1.);
#1211 = DIRECTION('',(1.443289932013E-15,1.110223024625E-16,-1.));
#1212 = PCURVE('',#374,#1213);
#1213 = DEFINITIONAL_REPRESENTATION('',(#1214),#1218);
#1214 = LINE('',#1215,#1216);
#1215 = CARTESIAN_POINT('',(-30.76528429149,21.705822316407));
#1216 = VECTOR('',#1217,1.);
#1217 = DIRECTION('',(-1.,-8.881784197001E-16));
#1218 = ( GEOMETRIC_REPRESENTATION_CONTEXT(2) 
PARAMETRIC_REPRESENTATION_CONTEXT() REPRESENTATION_CONTEXT('2D SPACE',''
  ) );
#1219 = PCURVE('',#1220,#1225);
#1220 = PLANE('',#1221);
#1221 = AXIS2_PLACEMENT_3D('',#1222,#1223,#1224);
#1222 = CARTESIAN_POINT('',(14.,-51.8,7.391864897954E-14));
#1223 = DIRECTION('',(-0.707106781187,0.707106781187,-9.004239905249E-16
    ));
#1224 = DIRECTION('',(-1.413852026881E-15,-1.404602075944E-16,1.));
#1225 = DEFINITIONAL_REPRESENTATION('',(#1226),#1230);
#1226 = LINE('',#1227,#1228);
#1227 = CARTESIAN_POINT('',(-1.7763568394E-15,1.414213562373));
#1228 = VECTOR('',#1229,1.);
#1229 = DIRECTION('',(-1.,1.256073966947E-15));
#1230 = ( GEOMETRIC_REPRESENTATION_CONTEXT(2) 
PARAMETRIC_REPRESENTATION_CONTEXT() REPRESENTATION_CONTEXT('2D SPACE',''
  ) );
#1231 = ORIENTED_EDGE('',*,*,#1232,.T.);
#1232 = EDGE_CURVE('',#1205,#632,#1233,.T.);
#1233 = SURFACE_CURVE('',#1234,(#1238,#1245),.PCURVE_S1.);
#1234 = LINE('',#1235,#1236);
#1235 = CARTESIAN_POINT('',(15.,-52.8,7.480682739924E-14));
#1236 = VECTOR('',#1237,1.);
#1237 = DIRECTION('',(-4.440892098501E-16,1.,-1.443289932013E-15));
#1238 = PCURVE('',#374,#1239);
#1239 = DEFINITIONAL_REPRESENTATION('',(#1240),#1244);
#1240 = LINE('',#1241,#1242);
#1241 = CARTESIAN_POINT('',(-30.76528429149,23.705822316407));
#1242 = VECTOR('',#1243,1.);
#1243 = DIRECTION('',(-1.110223024625E-15,-1.));
#1244 = ( GEOMETRIC_REPRESENTATION_CONTEXT(2) 
PARAMETRIC_REPRESENTATION_CONTEXT() REPRESENTATION_CONTEXT('2D SPACE',''
  ) );
#1245 = PCURVE('',#509,#1246);
#1246 = DEFINITIONAL_REPRESENTATION('',(#1247),#1251);
#1247 = LINE('',#1248,#1249);
#1248 = CARTESIAN_POINT('',(1.443289932013E-15,1.414213562373));
#1249 = VECTOR('',#1250,1.);
#1250 = DIRECTION('',(-1.,-1.256073966947E-15));
#1251 = ( GEOMETRIC_REPRESENTATION_CONTEXT(2) 
PARAMETRIC_REPRESENTATION_CONTEXT() REPRESENTATION_CONTEXT('2D SPACE',''
  ) );
#1252 = ORIENTED_EDGE('',*,*,#656,.T.);
#1253 = ORIENTED_EDGE('',*,*,#360,.F.);
#1254 = ORIENTED_EDGE('',*,*,#1066,.T.);
#1255 = ORIENTED_EDGE('',*,*,#1256,.T.);
#1256 = EDGE_CURVE('',#1039,#1257,#1259,.T.);
#1257 = VERTEX_POINT('',#1258);
#1258 = CARTESIAN_POINT('',(15.,-10.2,1.603162047559E-14));
#1259 = SURFACE_CURVE('',#1260,(#1264,#1271),.PCURVE_S1.);
#1260 = LINE('',#1261,#1262);
#1261 = CARTESIAN_POINT('',(15.,-13.4,1.780797731499E-14));
#1262 = VECTOR('',#1263,1.);
#1263 = DIRECTION('',(-4.440892098501E-16,1.,-1.443289932013E-15));
#1264 = PCURVE('',#374,#1265);
#1265 = DEFINITIONAL_REPRESENTATION('',(#1266),#1270);
#1266 = LINE('',#1267,#1268);
#1267 = CARTESIAN_POINT('',(-30.76528429149,-15.69417768359));
#1268 = VECTOR('',#1269,1.);
#1269 = DIRECTION('',(-1.110223024625E-15,-1.));
#1270 = ( GEOMETRIC_REPRESENTATION_CONTEXT(2) 
PARAMETRIC_REPRESENTATION_CONTEXT() REPRESENTATION_CONTEXT('2D SPACE',''
  ) );
#1271 = PCURVE('',#1054,#1272);
#1272 = DEFINITIONAL_REPRESENTATION('',(#1273),#1277);
#1273 = LINE('',#1274,#1275);
#1274 = CARTESIAN_POINT('',(1.443289932013E-15,1.414213562373));
#1275 = VECTOR('',#1276,1.);
#1276 = DIRECTION('',(-1.,-1.256073966947E-15));
#1277 = ( GEOMETRIC_REPRESENTATION_CONTEXT(2) 
PARAMETRIC_REPRESENTATION_CONTEXT() REPRESENTATION_CONTEXT('2D SPACE',''
  ) );
#1278 = ORIENTED_EDGE('',*,*,#1279,.T.);
#1279 = EDGE_CURVE('',#1257,#1280,#1282,.T.);
#1280 = VERTEX_POINT('',#1281);
#1281 = CARTESIAN_POINT('',(15.,-10.2,2.));
#1282 = SURFACE_CURVE('',#1283,(#1287,#1294),.PCURVE_S1.);
#1283 = LINE('',#1284,#1285);
#1284 = CARTESIAN_POINT('',(15.,-10.2,-2.));
#1285 = VECTOR('',#1286,1.);
#1286 = DIRECTION('',(-1.443289932013E-15,-1.110223024625E-16,1.));
#1287 = PCURVE('',#374,#1288);
#1288 = DEFINITIONAL_REPRESENTATION('',(#1289),#1293);
#1289 = LINE('',#1290,#1291);
#1290 = CARTESIAN_POINT('',(-32.76528429149,-18.89417768359));
#1291 = VECTOR('',#1292,1.);
#1292 = DIRECTION('',(1.,8.881784197001E-16));
#1293 = ( GEOMETRIC_REPRESENTATION_CONTEXT(2) 
PARAMETRIC_REPRESENTATION_CONTEXT() REPRESENTATION_CONTEXT('2D SPACE',''
  ) );
#1294 = PCURVE('',#1295,#1300);
#1295 = PLANE('',#1296);
#1296 = AXIS2_PLACEMENT_3D('',#1297,#1298,#1299);
#1297 = CARTESIAN_POINT('',(14.,-9.2,-2.));
#1298 = DIRECTION('',(-0.707106781187,-0.707106781187,7.978332737315E-16
    ));
#1299 = DIRECTION('',(1.434248126213E-15,1.019804966633E-16,-1.));
#1300 = DEFINITIONAL_REPRESENTATION('',(#1301),#1305);
#1301 = LINE('',#1302,#1303);
#1302 = CARTESIAN_POINT('',(1.183291357832E-30,1.414213562373));
#1303 = VECTOR('',#1304,1.);
#1304 = DIRECTION('',(-1.,-5.916456789158E-31));
#1305 = ( GEOMETRIC_REPRESENTATION_CONTEXT(2) 
PARAMETRIC_REPRESENTATION_CONTEXT() REPRESENTATION_CONTEXT('2D SPACE',''
  ) );
#1306 = ORIENTED_EDGE('',*,*,#1307,.F.);
#1307 = EDGE_CURVE('',#1308,#1280,#1310,.T.);
#1308 = VERTEX_POINT('',#1309);
#1309 = CARTESIAN_POINT('',(15.,-2.,2.));
#1310 = SURFACE_CURVE('',#1311,(#1315,#1322),.PCURVE_S1.);
#1311 = LINE('',#1312,#1313);
#1312 = CARTESIAN_POINT('',(15.,-1.665334536938E-14,2.));
#1313 = VECTOR('',#1314,1.);
#1314 = DIRECTION('',(4.440892098501E-16,-1.,1.443289932013E-15));
#1315 = PCURVE('',#374,#1316);
#1316 = DEFINITIONAL_REPRESENTATION('',(#1317),#1321);
#1317 = LINE('',#1318,#1319);
#1318 = CARTESIAN_POINT('',(-28.76528429149,-29.09417768359));
#1319 = VECTOR('',#1320,1.);
#1320 = DIRECTION('',(1.110223024625E-15,1.));
#1321 = ( GEOMETRIC_REPRESENTATION_CONTEXT(2) 
PARAMETRIC_REPRESENTATION_CONTEXT() REPRESENTATION_CONTEXT('2D SPACE',''
  ) );
#1322 = PCURVE('',#1323,#1328);
#1323 = PLANE('',#1324);
#1324 = AXIS2_PLACEMENT_3D('',#1325,#1326,#1327);
#1325 = CARTESIAN_POINT('',(14.,-1.587618925214E-14,1.));
#1326 = DIRECTION('',(0.707106781187,-5.495323605393E-16,-0.707106781187
    ));
#1327 = DIRECTION('',(-5.551115123126E-16,1.,-1.33226762955E-15));
#1328 = DEFINITIONAL_REPRESENTATION('',(#1329),#1333);
#1329 = LINE('',#1330,#1331);
#1330 = CARTESIAN_POINT('',(-1.7763568394E-15,1.414213562373));
#1331 = VECTOR('',#1332,1.);
#1332 = DIRECTION('',(-1.,1.256073966947E-15));
#1333 = ( GEOMETRIC_REPRESENTATION_CONTEXT(2) 
PARAMETRIC_REPRESENTATION_CONTEXT() REPRESENTATION_CONTEXT('2D SPACE',''
  ) );
#1334 = ORIENTED_EDGE('',*,*,#1335,.T.);
#1335 = EDGE_CURVE('',#1308,#1336,#1338,.T.);
#1336 = VERTEX_POINT('',#1337);
#1337 = CARTESIAN_POINT('',(15.,-2.,8.));
#1338 = SURFACE_CURVE('',#1339,(#1343,#1350),.PCURVE_S1.);
#1339 = LINE('',#1340,#1341);
#1340 = CARTESIAN_POINT('',(15.,-2.,7.771561172376E-16));
#1341 = VECTOR('',#1342,1.);
#1342 = DIRECTION('',(-1.443289932013E-15,-1.110223024625E-16,1.));
#1343 = PCURVE('',#374,#1344);
#1344 = DEFINITIONAL_REPRESENTATION('',(#1345),#1349);
#1345 = LINE('',#1346,#1347);
#1346 = CARTESIAN_POINT('',(-30.76528429149,-27.09417768359));
#1347 = VECTOR('',#1348,1.);
#1348 = DIRECTION('',(1.,8.881784197001E-16));
#1349 = ( GEOMETRIC_REPRESENTATION_CONTEXT(2) 
PARAMETRIC_REPRESENTATION_CONTEXT() REPRESENTATION_CONTEXT('2D SPACE',''
  ) );
#1350 = PCURVE('',#1351,#1356);
#1351 = PLANE('',#1352);
#1352 = AXIS2_PLACEMENT_3D('',#1353,#1354,#1355);
#1353 = CARTESIAN_POINT('',(14.,-1.,-5.551115123126E-16));
#1354 = DIRECTION('',(-0.707106781187,-0.707106781187,8.266777140273E-16
    ));
#1355 = DIRECTION('',(1.413852026881E-15,8.158439733063E-17,-1.));
#1356 = DEFINITIONAL_REPRESENTATION('',(#1357),#1361);
#1357 = LINE('',#1358,#1359);
#1358 = CARTESIAN_POINT('',(-3.944304526105E-31,1.414213562373));
#1359 = VECTOR('',#1360,1.);
#1360 = DIRECTION('',(-1.,0.));
#1361 = ( GEOMETRIC_REPRESENTATION_CONTEXT(2) 
PARAMETRIC_REPRESENTATION_CONTEXT() REPRESENTATION_CONTEXT('2D SPACE',''
  ) );
#1362 = ORIENTED_EDGE('',*,*,#1363,.T.);
#1363 = EDGE_CURVE('',#1336,#1091,#1364,.T.);
#1364 = SURFACE_CURVE('',#1365,(#1369,#1376),.PCURVE_S1.);
#1365 = LINE('',#1366,#1367);
#1366 = CARTESIAN_POINT('',(15.,-1.820765760385E-14,8.));
#1367 = VECTOR('',#1368,1.);
#1368 = DIRECTION('',(4.440892098501E-16,-1.,1.443289932013E-15));
#1369 = PCURVE('',#374,#1370);
#1370 = DEFINITIONAL_REPRESENTATION('',(#1371),#1375);
#1371 = LINE('',#1372,#1373);
#1372 = CARTESIAN_POINT('',(-22.76528429149,-29.09417768359));
#1373 = VECTOR('',#1374,1.);
#1374 = DIRECTION('',(1.110223024625E-15,1.));
#1375 = ( GEOMETRIC_REPRESENTATION_CONTEXT(2) 
PARAMETRIC_REPRESENTATION_CONTEXT() REPRESENTATION_CONTEXT('2D SPACE',''
  ) );
#1376 = PCURVE('',#1377,#1382);
#1377 = PLANE('',#1378);
#1378 = AXIS2_PLACEMENT_3D('',#1379,#1380,#1381);
#1379 = CARTESIAN_POINT('',(14.,-1.720845688169E-14,9.));
#1380 = DIRECTION('',(-0.707106781187,5.623194049289E-16,-0.707106781187
    ));
#1381 = DIRECTION('',(-4.350474040508E-16,1.,-1.434248126213E-15));
#1382 = DEFINITIONAL_REPRESENTATION('',(#1383),#1387);
#1383 = LINE('',#1384,#1385);
#1384 = CARTESIAN_POINT('',(-8.874685183736E-31,1.414213562373));
#1385 = VECTOR('',#1386,1.);
#1386 = DIRECTION('',(-1.,3.697785493223E-32));
#1387 = ( GEOMETRIC_REPRESENTATION_CONTEXT(2) 
PARAMETRIC_REPRESENTATION_CONTEXT() REPRESENTATION_CONTEXT('2D SPACE',''
  ) );
#1388 = ADVANCED_FACE('',(#1389,#1464),#429,.F.);
#1389 = FACE_BOUND('',#1390,.F.);
#1390 = EDGE_LOOP('',(#1391,#1392,#1415,#1443));
#1391 = ORIENTED_EDGE('',*,*,#413,.T.);
#1392 = ORIENTED_EDGE('',*,*,#1393,.T.);
#1393 = EDGE_CURVE('',#391,#1394,#1396,.T.);
#1394 = VERTEX_POINT('',#1395);
#1395 = CARTESIAN_POINT('',(13.,-8.2,-2.));
#1396 = SURFACE_CURVE('',#1397,(#1401,#1408),.PCURVE_S1.);
#1397 = LINE('',#1398,#1399);
#1398 = CARTESIAN_POINT('',(13.,-13.4,-2.));
#1399 = VECTOR('',#1400,1.);
#1400 = DIRECTION('',(-4.440892098501E-16,1.,-1.443289932013E-15));
#1401 = PCURVE('',#429,#1402);
#1402 = DEFINITIONAL_REPRESENTATION('',(#1403),#1407);
#1403 = LINE('',#1404,#1405);
#1404 = CARTESIAN_POINT('',(-3.28626015289E-14,-28.));
#1405 = VECTOR('',#1406,1.);
#1406 = DIRECTION('',(1.,8.881784197001E-16));
#1407 = ( GEOMETRIC_REPRESENTATION_CONTEXT(2) 
PARAMETRIC_REPRESENTATION_CONTEXT() REPRESENTATION_CONTEXT('2D SPACE',''
  ) );
#1408 = PCURVE('',#1054,#1409);
#1409 = DEFINITIONAL_REPRESENTATION('',(#1410),#1414);
#1410 = LINE('',#1411,#1412);
#1411 = CARTESIAN_POINT('',(-1.443289932013E-15,-1.414213562373));
#1412 = VECTOR('',#1413,1.);
#1413 = DIRECTION('',(-1.,-1.256073966947E-15));
#1414 = ( GEOMETRIC_REPRESENTATION_CONTEXT(2) 
PARAMETRIC_REPRESENTATION_CONTEXT() REPRESENTATION_CONTEXT('2D SPACE',''
  ) );
#1415 = ORIENTED_EDGE('',*,*,#1416,.F.);
#1416 = EDGE_CURVE('',#1417,#1394,#1419,.T.);
#1417 = VERTEX_POINT('',#1418);
#1418 = CARTESIAN_POINT('',(-13.,-8.2,-2.));
#1419 = SURFACE_CURVE('',#1420,(#1424,#1431),.PCURVE_S1.);
#1420 = LINE('',#1421,#1422);
#1421 = CARTESIAN_POINT('',(-15.,-8.2,-2.));
#1422 = VECTOR('',#1423,1.);
#1423 = DIRECTION('',(1.,-1.110223024625E-15,-1.110223024625E-16));
#1424 = PCURVE('',#429,#1425);
#1425 = DEFINITIONAL_REPRESENTATION('',(#1426),#1430);
#1426 = LINE('',#1427,#1428);
#1427 = CARTESIAN_POINT('',(5.2,4.707345624411E-15));
#1428 = VECTOR('',#1429,1.);
#1429 = DIRECTION('',(-1.110223024625E-15,-1.));
#1430 = ( GEOMETRIC_REPRESENTATION_CONTEXT(2) 
PARAMETRIC_REPRESENTATION_CONTEXT() REPRESENTATION_CONTEXT('2D SPACE',''
  ) );
#1431 = PCURVE('',#1432,#1437);
#1432 = PLANE('',#1433);
#1433 = AXIS2_PLACEMENT_3D('',#1434,#1435,#1436);
#1434 = CARTESIAN_POINT('',(-15.,-8.2,-2.));
#1435 = DIRECTION('',(2.22044604925E-16,-1.,1.221245327088E-15));
#1436 = DIRECTION('',(-1.443289932013E-15,-1.110223024625E-16,1.));
#1437 = DEFINITIONAL_REPRESENTATION('',(#1438),#1442);
#1438 = LINE('',#1439,#1440);
#1439 = CARTESIAN_POINT('',(0.,0.));
#1440 = VECTOR('',#1441,1.);
#1441 = DIRECTION('',(-1.110223024625E-15,-1.));
#1442 = ( GEOMETRIC_REPRESENTATION_CONTEXT(2) 
PARAMETRIC_REPRESENTATION_CONTEXT() REPRESENTATION_CONTEXT('2D SPACE',''
  ) );
#1443 = ORIENTED_EDGE('',*,*,#1444,.F.);
#1444 = EDGE_CURVE('',#414,#1417,#1445,.T.);
#1445 = SURFACE_CURVE('',#1446,(#1450,#1457),.PCURVE_S1.);
#1446 = LINE('',#1447,#1448);
#1447 = CARTESIAN_POINT('',(-13.,-13.4,-2.));
#1448 = VECTOR('',#1449,1.);
#1449 = DIRECTION('',(-4.440892098501E-16,1.,-1.443289932013E-15));
#1450 = PCURVE('',#429,#1451);
#1451 = DEFINITIONAL_REPRESENTATION('',(#1452),#1456);
#1452 = LINE('',#1453,#1454);
#1453 = CARTESIAN_POINT('',(-1.33226762955E-15,-2.));
#1454 = VECTOR('',#1455,1.);
#1455 = DIRECTION('',(1.,8.881784197001E-16));
#1456 = ( GEOMETRIC_REPRESENTATION_CONTEXT(2) 
PARAMETRIC_REPRESENTATION_CONTEXT() REPRESENTATION_CONTEXT('2D SPACE',''
  ) );
#1457 = PCURVE('',#718,#1458);
#1458 = DEFINITIONAL_REPRESENTATION('',(#1459),#1463);
#1459 = LINE('',#1460,#1461);
#1460 = CARTESIAN_POINT('',(-1.110223024625E-16,1.414213562373));
#1461 = VECTOR('',#1462,1.);
#1462 = DIRECTION('',(-1.,-3.697785493223E-32));
#1463 = ( GEOMETRIC_REPRESENTATION_CONTEXT(2) 
PARAMETRIC_REPRESENTATION_CONTEXT() REPRESENTATION_CONTEXT('2D SPACE',''
  ) );
#1464 = FACE_BOUND('',#1465,.F.);
#1465 = EDGE_LOOP('',(#1466));
#1466 = ORIENTED_EDGE('',*,*,#1467,.F.);
#1467 = EDGE_CURVE('',#1468,#1468,#1470,.T.);
#1468 = VERTEX_POINT('',#1469);
#1469 = CARTESIAN_POINT('',(2.5,-10.791558,-2.));
#1470 = SURFACE_CURVE('',#1471,(#1476,#1483),.PCURVE_S1.);
#1471 = CIRCLE('',#1472,2.5);
#1472 = AXIS2_PLACEMENT_3D('',#1473,#1474,#1475);
#1473 = CARTESIAN_POINT('',(-2.068347385736E-14,-10.791558,-2.));
#1474 = DIRECTION('',(2.341930812375E-31,8.881784197001E-16,1.));
#1475 = DIRECTION('',(1.,-6.661338147751E-16,3.574525976783E-31));
#1476 = PCURVE('',#429,#1477);
#1477 = DEFINITIONAL_REPRESENTATION('',(#1478),#1482);
#1478 = CIRCLE('',#1479,2.5);
#1479 = AXIS2_PLACEMENT_2D('',#1480,#1481);
#1480 = CARTESIAN_POINT('',(2.608442,-15.));
#1481 = DIRECTION('',(-8.881784197001E-16,-1.));
#1482 = ( GEOMETRIC_REPRESENTATION_CONTEXT(2) 
PARAMETRIC_REPRESENTATION_CONTEXT() REPRESENTATION_CONTEXT('2D SPACE',''
  ) );
#1483 = PCURVE('',#1484,#1489);
#1484 = CYLINDRICAL_SURFACE('',#1485,2.5);
#1485 = AXIS2_PLACEMENT_3D('',#1486,#1487,#1488);
#1486 = CARTESIAN_POINT('',(-9.525158764554E-14,-10.791558,
    109.94164315672));
#1487 = DIRECTION('',(-6.661338147751E-16,2.22044604925E-16,1.));
#1488 = DIRECTION('',(1.,-6.661338147751E-16,3.574525976783E-31));
#1489 = DEFINITIONAL_REPRESENTATION('',(#1490),#1494);
#1490 = LINE('',#1491,#1492);
#1491 = CARTESIAN_POINT('',(0.,-111.9416431567));
#1492 = VECTOR('',#1493,1.);
#1493 = DIRECTION('',(1.,0.));
#1494 = ( GEOMETRIC_REPRESENTATION_CONTEXT(2) 
PARAMETRIC_REPRESENTATION_CONTEXT() REPRESENTATION_CONTEXT('2D SPACE',''
  ) );
#1495 = ADVANCED_FACE('',(#1496),#483,.F.);
#1496 = FACE_BOUND('',#1497,.F.);
#1497 = EDGE_LOOP('',(#1498,#1528,#1549,#1550));
#1498 = ORIENTED_EDGE('',*,*,#1499,.T.);
#1499 = EDGE_CURVE('',#1500,#1502,#1504,.T.);
#1500 = VERTEX_POINT('',#1501);
#1501 = CARTESIAN_POINT('',(-13.,-52.8,4.842792833415E-14));
#1502 = VERTEX_POINT('',#1503);
#1503 = CARTESIAN_POINT('',(13.,-52.8,5.180300632901E-14));
#1504 = SURFACE_CURVE('',#1505,(#1509,#1516),.PCURVE_S1.);
#1505 = LINE('',#1506,#1507);
#1506 = CARTESIAN_POINT('',(-15.,-52.8,7.787104294721E-14));
#1507 = VECTOR('',#1508,1.);
#1508 = DIRECTION('',(1.,-1.110223024625E-15,-1.110223024625E-16));
#1509 = PCURVE('',#483,#1510);
#1510 = DEFINITIONAL_REPRESENTATION('',(#1511),#1515);
#1511 = LINE('',#1512,#1513);
#1512 = CARTESIAN_POINT('',(0.,0.));
#1513 = VECTOR('',#1514,1.);
#1514 = DIRECTION('',(1.110223024625E-15,-1.));
#1515 = ( GEOMETRIC_REPRESENTATION_CONTEXT(2) 
PARAMETRIC_REPRESENTATION_CONTEXT() REPRESENTATION_CONTEXT('2D SPACE',''
  ) );
#1516 = PCURVE('',#1517,#1522);
#1517 = PLANE('',#1518);
#1518 = AXIS2_PLACEMENT_3D('',#1519,#1520,#1521);
#1519 = CARTESIAN_POINT('',(1.398413548702E-14,-32.5,4.690692279041E-14)
  );
#1520 = DIRECTION('',(1.221245327088E-15,1.110223024625E-16,-1.));
#1521 = DIRECTION('',(-1.,8.881784197001E-16,1.110223024625E-16));
#1522 = DEFINITIONAL_REPRESENTATION('',(#1523),#1527);
#1523 = LINE('',#1524,#1525);
#1524 = CARTESIAN_POINT('',(15.,-20.3));
#1525 = VECTOR('',#1526,1.);
#1526 = DIRECTION('',(-1.,-1.110223024625E-15));
#1527 = ( GEOMETRIC_REPRESENTATION_CONTEXT(2) 
PARAMETRIC_REPRESENTATION_CONTEXT() REPRESENTATION_CONTEXT('2D SPACE',''
  ) );
#1528 = ORIENTED_EDGE('',*,*,#1529,.T.);
#1529 = EDGE_CURVE('',#1502,#468,#1530,.T.);
#1530 = SURFACE_CURVE('',#1531,(#1535,#1542),.PCURVE_S1.);
#1531 = LINE('',#1532,#1533);
#1532 = CARTESIAN_POINT('',(13.,-52.8,7.502887200417E-14));
#1533 = VECTOR('',#1534,1.);
#1534 = DIRECTION('',(1.443289932013E-15,1.110223024625E-16,-1.));
#1535 = PCURVE('',#483,#1536);
#1536 = DEFINITIONAL_REPRESENTATION('',(#1537),#1541);
#1537 = LINE('',#1538,#1539);
#1538 = CARTESIAN_POINT('',(3.081979116359E-14,-28.));
#1539 = VECTOR('',#1540,1.);
#1540 = DIRECTION('',(1.,-8.881784197001E-16));
#1541 = ( GEOMETRIC_REPRESENTATION_CONTEXT(2) 
PARAMETRIC_REPRESENTATION_CONTEXT() REPRESENTATION_CONTEXT('2D SPACE',''
  ) );
#1542 = PCURVE('',#1220,#1543);
#1543 = DEFINITIONAL_REPRESENTATION('',(#1544),#1548);
#1544 = LINE('',#1545,#1546);
#1545 = CARTESIAN_POINT('',(1.7763568394E-15,-1.414213562373));
#1546 = VECTOR('',#1547,1.);
#1547 = DIRECTION('',(-1.,1.256073966947E-15));
#1548 = ( GEOMETRIC_REPRESENTATION_CONTEXT(2) 
PARAMETRIC_REPRESENTATION_CONTEXT() REPRESENTATION_CONTEXT('2D SPACE',''
  ) );
#1549 = ORIENTED_EDGE('',*,*,#465,.F.);
#1550 = ORIENTED_EDGE('',*,*,#1551,.F.);
#1551 = EDGE_CURVE('',#1500,#466,#1552,.T.);
#1552 = SURFACE_CURVE('',#1553,(#1557,#1564),.PCURVE_S1.);
#1553 = LINE('',#1554,#1555);
#1554 = CARTESIAN_POINT('',(-13.,-52.8,7.880363028789E-14));
#1555 = VECTOR('',#1556,1.);
#1556 = DIRECTION('',(1.443289932013E-15,1.110223024625E-16,-1.));
#1557 = PCURVE('',#483,#1558);
#1558 = DEFINITIONAL_REPRESENTATION('',(#1559),#1563);
#1559 = LINE('',#1560,#1561);
#1560 = CARTESIAN_POINT('',(1.06581410364E-15,-2.));
#1561 = VECTOR('',#1562,1.);
#1562 = DIRECTION('',(1.,-8.881784197001E-16));
#1563 = ( GEOMETRIC_REPRESENTATION_CONTEXT(2) 
PARAMETRIC_REPRESENTATION_CONTEXT() REPRESENTATION_CONTEXT('2D SPACE',''
  ) );
#1564 = PCURVE('',#939,#1565);
#1565 = DEFINITIONAL_REPRESENTATION('',(#1566),#1570);
#1566 = LINE('',#1567,#1568);
#1567 = CARTESIAN_POINT('',(-3.155443620884E-30,1.414213562373));
#1568 = VECTOR('',#1569,1.);
#1569 = DIRECTION('',(-1.,6.902532920684E-31));
#1570 = ( GEOMETRIC_REPRESENTATION_CONTEXT(2) 
PARAMETRIC_REPRESENTATION_CONTEXT() REPRESENTATION_CONTEXT('2D SPACE',''
  ) );
#1571 = ADVANCED_FACE('',(#1572),#536,.F.);
#1572 = FACE_BOUND('',#1573,.T.);
#1573 = EDGE_LOOP('',(#1574,#1595,#1596,#1597));
#1574 = ORIENTED_EDGE('',*,*,#1575,.F.);
#1575 = EDGE_CURVE('',#901,#466,#1576,.T.);
#1576 = SURFACE_CURVE('',#1577,(#1581,#1588),.PCURVE_S1.);
#1577 = LINE('',#1578,#1579);
#1578 = CARTESIAN_POINT('',(-14.,-51.8,-1.));
#1579 = VECTOR('',#1580,1.);
#1580 = DIRECTION('',(0.57735026919,-0.57735026919,-0.57735026919));
#1581 = PCURVE('',#536,#1582);
#1582 = DEFINITIONAL_REPRESENTATION('',(#1583),#1587);
#1583 = LINE('',#1584,#1585);
#1584 = CARTESIAN_POINT('',(-1.,2.276634065091E-15));
#1585 = VECTOR('',#1586,1.);
#1586 = DIRECTION('',(0.57735026919,0.816496580928));
#1587 = ( GEOMETRIC_REPRESENTATION_CONTEXT(2) 
PARAMETRIC_REPRESENTATION_CONTEXT() REPRESENTATION_CONTEXT('2D SPACE',''
  ) );
#1588 = PCURVE('',#939,#1589);
#1589 = DEFINITIONAL_REPRESENTATION('',(#1590),#1594);
#1590 = LINE('',#1591,#1592);
#1591 = CARTESIAN_POINT('',(-1.,7.850462293419E-16));
#1592 = VECTOR('',#1593,1.);
#1593 = DIRECTION('',(-0.57735026919,0.816496580928));
#1594 = ( GEOMETRIC_REPRESENTATION_CONTEXT(2) 
PARAMETRIC_REPRESENTATION_CONTEXT() REPRESENTATION_CONTEXT('2D SPACE',''
  ) );
#1595 = ORIENTED_EDGE('',*,*,#900,.T.);
#1596 = ORIENTED_EDGE('',*,*,#582,.F.);
#1597 = ORIENTED_EDGE('',*,*,#522,.F.);
#1598 = ADVANCED_FACE('',(#1599),#509,.F.);
#1599 = FACE_BOUND('',#1600,.T.);
#1600 = EDGE_LOOP('',(#1601,#1622,#1623,#1624));
#1601 = ORIENTED_EDGE('',*,*,#1602,.F.);
#1602 = EDGE_CURVE('',#468,#1205,#1603,.T.);
#1603 = SURFACE_CURVE('',#1604,(#1608,#1615),.PCURVE_S1.);
#1604 = LINE('',#1605,#1606);
#1605 = CARTESIAN_POINT('',(14.,-51.8,-1.));
#1606 = VECTOR('',#1607,1.);
#1607 = DIRECTION('',(0.57735026919,0.57735026919,0.57735026919));
#1608 = PCURVE('',#509,#1609);
#1609 = DEFINITIONAL_REPRESENTATION('',(#1610),#1614);
#1610 = LINE('',#1611,#1612);
#1611 = CARTESIAN_POINT('',(-1.,2.747661802697E-15));
#1612 = VECTOR('',#1613,1.);
#1613 = DIRECTION('',(-0.57735026919,0.816496580928));
#1614 = ( GEOMETRIC_REPRESENTATION_CONTEXT(2) 
PARAMETRIC_REPRESENTATION_CONTEXT() REPRESENTATION_CONTEXT('2D SPACE',''
  ) );
#1615 = PCURVE('',#1220,#1616);
#1616 = DEFINITIONAL_REPRESENTATION('',(#1617),#1621);
#1617 = LINE('',#1618,#1619);
#1618 = CARTESIAN_POINT('',(-1.,2.826166425631E-15));
#1619 = VECTOR('',#1620,1.);
#1620 = DIRECTION('',(0.57735026919,0.816496580928));
#1621 = ( GEOMETRIC_REPRESENTATION_CONTEXT(2) 
PARAMETRIC_REPRESENTATION_CONTEXT() REPRESENTATION_CONTEXT('2D SPACE',''
  ) );
#1622 = ORIENTED_EDGE('',*,*,#495,.T.);
#1623 = ORIENTED_EDGE('',*,*,#631,.T.);
#1624 = ORIENTED_EDGE('',*,*,#1232,.F.);
#1625 = ADVANCED_FACE('',(#1626),#567,.F.);
#1626 = FACE_BOUND('',#1627,.F.);
#1627 = EDGE_LOOP('',(#1628,#1657,#1678,#1679));
#1628 = ORIENTED_EDGE('',*,*,#1629,.F.);
#1629 = EDGE_CURVE('',#1630,#1630,#1632,.T.);
#1630 = VERTEX_POINT('',#1631);
#1631 = CARTESIAN_POINT('',(2.5,-50.291558,10.));
#1632 = SURFACE_CURVE('',#1633,(#1638,#1645),.PCURVE_S1.);
#1633 = CIRCLE('',#1634,2.5);
#1634 = AXIS2_PLACEMENT_3D('',#1635,#1636,#1637);
#1635 = CARTESIAN_POINT('',(-2.885284081804E-14,-50.291558,10.));
#1636 = DIRECTION('',(-4.440892098501E-16,4.440892098501E-16,1.));
#1637 = DIRECTION('',(1.,-4.440892098501E-16,4.440892098501E-16));
#1638 = PCURVE('',#567,#1639);
#1639 = DEFINITIONAL_REPRESENTATION('',(#1640),#1644);
#1640 = LINE('',#1641,#1642);
#1641 = CARTESIAN_POINT('',(0.,-99.94164315672));
#1642 = VECTOR('',#1643,1.);
#1643 = DIRECTION('',(1.,0.));
#1644 = ( GEOMETRIC_REPRESENTATION_CONTEXT(2) 
PARAMETRIC_REPRESENTATION_CONTEXT() REPRESENTATION_CONTEXT('2D SPACE',''
  ) );
#1645 = PCURVE('',#1646,#1651);
#1646 = PLANE('',#1647);
#1647 = AXIS2_PLACEMENT_3D('',#1648,#1649,#1650);
#1648 = CARTESIAN_POINT('',(1.029378919641E-15,-30.541558,10.));
#1649 = DIRECTION('',(-5.551115123126E-16,-1.110223024625E-16,1.));
#1650 = DIRECTION('',(1.,-4.440892098501E-16,-1.110223024625E-16));
#1651 = DEFINITIONAL_REPRESENTATION('',(#1652),#1656);
#1652 = CIRCLE('',#1653,2.5);
#1653 = AXIS2_PLACEMENT_2D('',#1654,#1655);
#1654 = CARTESIAN_POINT('',(-1.655031571249E-14,-19.75));
#1655 = DIRECTION('',(1.,-6.661338147751E-16));
#1656 = ( GEOMETRIC_REPRESENTATION_CONTEXT(2) 
PARAMETRIC_REPRESENTATION_CONTEXT() REPRESENTATION_CONTEXT('2D SPACE',''
  ) );
#1657 = ORIENTED_EDGE('',*,*,#1658,.T.);
#1658 = EDGE_CURVE('',#1630,#551,#1659,.T.);
#1659 = SEAM_CURVE('',#1660,(#1664,#1671),.PCURVE_S1.);
#1660 = LINE('',#1661,#1662);
#1661 = CARTESIAN_POINT('',(2.5,-50.291558,109.94164315672));
#1662 = VECTOR('',#1663,1.);
#1663 = DIRECTION('',(8.881784197001E-16,-2.958228394579E-31,-1.));
#1664 = PCURVE('',#567,#1665);
#1665 = DEFINITIONAL_REPRESENTATION('',(#1666),#1670);
#1666 = LINE('',#1667,#1668);
#1667 = CARTESIAN_POINT('',(6.28318530718,0.));
#1668 = VECTOR('',#1669,1.);
#1669 = DIRECTION('',(0.,-1.));
#1670 = ( GEOMETRIC_REPRESENTATION_CONTEXT(2) 
PARAMETRIC_REPRESENTATION_CONTEXT() REPRESENTATION_CONTEXT('2D SPACE',''
  ) );
#1671 = PCURVE('',#567,#1672);
#1672 = DEFINITIONAL_REPRESENTATION('',(#1673),#1677);
#1673 = LINE('',#1674,#1675);
#1674 = CARTESIAN_POINT('',(0.,0.));
#1675 = VECTOR('',#1676,1.);
#1676 = DIRECTION('',(0.,-1.));
#1677 = ( GEOMETRIC_REPRESENTATION_CONTEXT(2) 
PARAMETRIC_REPRESENTATION_CONTEXT() REPRESENTATION_CONTEXT('2D SPACE',''
  ) );
#1678 = ORIENTED_EDGE('',*,*,#550,.T.);
#1679 = ORIENTED_EDGE('',*,*,#1658,.F.);
#1680 = ADVANCED_FACE('',(#1681),#718,.F.);
#1681 = FACE_BOUND('',#1682,.T.);
#1682 = EDGE_LOOP('',(#1683,#1684,#1685,#1706));
#1683 = ORIENTED_EDGE('',*,*,#704,.F.);
#1684 = ORIENTED_EDGE('',*,*,#876,.T.);
#1685 = ORIENTED_EDGE('',*,*,#1686,.T.);
#1686 = EDGE_CURVE('',#849,#1417,#1687,.T.);
#1687 = SURFACE_CURVE('',#1688,(#1692,#1699),.PCURVE_S1.);
#1688 = LINE('',#1689,#1690);
#1689 = CARTESIAN_POINT('',(-14.53333333333,-9.733333333333,
    -0.466666666667));
#1690 = VECTOR('',#1691,1.);
#1691 = DIRECTION('',(0.57735026919,0.57735026919,-0.57735026919));
#1692 = PCURVE('',#718,#1693);
#1693 = DEFINITIONAL_REPRESENTATION('',(#1694),#1698);
#1694 = LINE('',#1695,#1696);
#1695 = CARTESIAN_POINT('',(-3.666666666667,-0.754247233266));
#1696 = VECTOR('',#1697,1.);
#1697 = DIRECTION('',(-0.57735026919,0.816496580928));
#1698 = ( GEOMETRIC_REPRESENTATION_CONTEXT(2) 
PARAMETRIC_REPRESENTATION_CONTEXT() REPRESENTATION_CONTEXT('2D SPACE',''
  ) );
#1699 = PCURVE('',#864,#1700);
#1700 = DEFINITIONAL_REPRESENTATION('',(#1701),#1705);
#1701 = LINE('',#1702,#1703);
#1702 = CARTESIAN_POINT('',(-1.533333333333,-0.754247233266));
#1703 = VECTOR('',#1704,1.);
#1704 = DIRECTION('',(0.57735026919,0.816496580928));
#1705 = ( GEOMETRIC_REPRESENTATION_CONTEXT(2) 
PARAMETRIC_REPRESENTATION_CONTEXT() REPRESENTATION_CONTEXT('2D SPACE',''
  ) );
#1706 = ORIENTED_EDGE('',*,*,#1444,.F.);
#1707 = ADVANCED_FACE('',(#1708),#752,.T.);
#1708 = FACE_BOUND('',#1709,.T.);
#1709 = EDGE_LOOP('',(#1710,#1733,#1734,#1757));
#1710 = ORIENTED_EDGE('',*,*,#1711,.F.);
#1711 = EDGE_CURVE('',#735,#1712,#1714,.T.);
#1712 = VERTEX_POINT('',#1713);
#1713 = CARTESIAN_POINT('',(-13.,-11.95,10.));
#1714 = SURFACE_CURVE('',#1715,(#1719,#1726),.PCURVE_S1.);
#1715 = LINE('',#1716,#1717);
#1716 = CARTESIAN_POINT('',(-11.675,-10.625,11.325));
#1717 = VECTOR('',#1718,1.);
#1718 = DIRECTION('',(0.57735026919,0.57735026919,0.57735026919));
#1719 = PCURVE('',#752,#1720);
#1720 = DEFINITIONAL_REPRESENTATION('',(#1721),#1725);
#1721 = LINE('',#1722,#1723);
#1722 = CARTESIAN_POINT('',(1.325,3.288046532517));
#1723 = VECTOR('',#1724,1.);
#1724 = DIRECTION('',(0.57735026919,0.816496580928));
#1725 = ( GEOMETRIC_REPRESENTATION_CONTEXT(2) 
PARAMETRIC_REPRESENTATION_CONTEXT() REPRESENTATION_CONTEXT('2D SPACE',''
  ) );
#1726 = PCURVE('',#780,#1727);
#1727 = DEFINITIONAL_REPRESENTATION('',(#1728),#1732);
#1728 = LINE('',#1729,#1730);
#1729 = CARTESIAN_POINT('',(-10.625,3.288046532517));
#1730 = VECTOR('',#1731,1.);
#1731 = DIRECTION('',(0.57735026919,0.816496580928));
#1732 = ( GEOMETRIC_REPRESENTATION_CONTEXT(2) 
PARAMETRIC_REPRESENTATION_CONTEXT() REPRESENTATION_CONTEXT('2D SPACE',''
  ) );
#1733 = ORIENTED_EDGE('',*,*,#734,.T.);
#1734 = ORIENTED_EDGE('',*,*,#1735,.T.);
#1735 = EDGE_CURVE('',#737,#1736,#1738,.T.);
#1736 = VERTEX_POINT('',#1737);
#1737 = CARTESIAN_POINT('',(-13.,-11.95,80.));
#1738 = SURFACE_CURVE('',#1739,(#1743,#1750),.PCURVE_S1.);
#1739 = LINE('',#1740,#1741);
#1740 = CARTESIAN_POINT('',(-25.33333333333,-24.28333333333,
    67.666666666667));
#1741 = VECTOR('',#1742,1.);
#1742 = DIRECTION('',(0.57735026919,0.57735026919,0.57735026919));
#1743 = PCURVE('',#752,#1744);
#1744 = DEFINITIONAL_REPRESENTATION('',(#1745),#1749);
#1745 = LINE('',#1746,#1747);
#1746 = CARTESIAN_POINT('',(57.666666666667,-16.02775370689));
#1747 = VECTOR('',#1748,1.);
#1748 = DIRECTION('',(0.57735026919,0.816496580928));
#1749 = ( GEOMETRIC_REPRESENTATION_CONTEXT(2) 
PARAMETRIC_REPRESENTATION_CONTEXT() REPRESENTATION_CONTEXT('2D SPACE',''
  ) );
#1750 = PCURVE('',#1021,#1751);
#1751 = DEFINITIONAL_REPRESENTATION('',(#1752),#1756);
#1752 = LINE('',#1753,#1754);
#1753 = CARTESIAN_POINT('',(-12.33333333333,-16.02775370689));
#1754 = VECTOR('',#1755,1.);
#1755 = DIRECTION('',(0.57735026919,0.816496580928));
#1756 = ( GEOMETRIC_REPRESENTATION_CONTEXT(2) 
PARAMETRIC_REPRESENTATION_CONTEXT() REPRESENTATION_CONTEXT('2D SPACE',''
  ) );
#1757 = ORIENTED_EDGE('',*,*,#1758,.F.);
#1758 = EDGE_CURVE('',#1712,#1736,#1759,.T.);
#1759 = SURFACE_CURVE('',#1760,(#1764,#1771),.PCURVE_S1.);
#1760 = LINE('',#1761,#1762);
#1761 = CARTESIAN_POINT('',(-13.,-11.95,10.));
#1762 = VECTOR('',#1763,1.);
#1763 = DIRECTION('',(-1.443289932013E-15,-1.110223024625E-16,1.));
#1764 = PCURVE('',#752,#1765);
#1765 = DEFINITIONAL_REPRESENTATION('',(#1766),#1770);
#1766 = LINE('',#1767,#1768);
#1767 = CARTESIAN_POINT('',(-1.33226762955E-15,1.414213562373));
#1768 = VECTOR('',#1769,1.);
#1769 = DIRECTION('',(1.,-1.256073966947E-15));
#1770 = ( GEOMETRIC_REPRESENTATION_CONTEXT(2) 
PARAMETRIC_REPRESENTATION_CONTEXT() REPRESENTATION_CONTEXT('2D SPACE',''
  ) );
#1771 = PCURVE('',#1772,#1777);
#1772 = PLANE('',#1773);
#1773 = AXIS2_PLACEMENT_3D('',#1774,#1775,#1776);
#1774 = CARTESIAN_POINT('',(-5.860201213181E-14,-11.95,45.));
#1775 = DIRECTION('',(-2.072416312634E-16,1.,-1.221245327088E-15));
#1776 = DIRECTION('',(1.,-1.125025998287E-15,-1.110223024625E-16));
#1777 = DEFINITIONAL_REPRESENTATION('',(#1778),#1782);
#1778 = LINE('',#1779,#1780);
#1779 = CARTESIAN_POINT('',(-13.,35.));
#1780 = VECTOR('',#1781,1.);
#1781 = DIRECTION('',(-1.110223024625E-15,-1.));
#1782 = ( GEOMETRIC_REPRESENTATION_CONTEXT(2) 
PARAMETRIC_REPRESENTATION_CONTEXT() REPRESENTATION_CONTEXT('2D SPACE',''
  ) );
#1783 = ADVANCED_FACE('',(#1784),#780,.F.);
#1784 = FACE_BOUND('',#1785,.T.);
#1785 = EDGE_LOOP('',(#1786,#1809,#1810,#1811));
#1786 = ORIENTED_EDGE('',*,*,#1787,.F.);
#1787 = EDGE_CURVE('',#765,#1788,#1790,.T.);
#1788 = VERTEX_POINT('',#1789);
#1789 = CARTESIAN_POINT('',(-13.,1.199040866595E-14,10.));
#1790 = SURFACE_CURVE('',#1791,(#1795,#1802),.PCURVE_S1.);
#1791 = LINE('',#1792,#1793);
#1792 = CARTESIAN_POINT('',(-15.33333333333,-2.333333333333,
    7.666666666667));
#1793 = VECTOR('',#1794,1.);
#1794 = DIRECTION('',(0.57735026919,0.57735026919,0.57735026919));
#1795 = PCURVE('',#780,#1796);
#1796 = DEFINITIONAL_REPRESENTATION('',(#1797),#1801);
#1797 = LINE('',#1798,#1799);
#1798 = CARTESIAN_POINT('',(-2.333333333333,-1.885618083164));
#1799 = VECTOR('',#1800,1.);
#1800 = DIRECTION('',(0.57735026919,0.816496580928));
#1801 = ( GEOMETRIC_REPRESENTATION_CONTEXT(2) 
PARAMETRIC_REPRESENTATION_CONTEXT() REPRESENTATION_CONTEXT('2D SPACE',''
  ) );
#1802 = PCURVE('',#808,#1803);
#1803 = DEFINITIONAL_REPRESENTATION('',(#1804),#1808);
#1804 = LINE('',#1805,#1806);
#1805 = CARTESIAN_POINT('',(-7.666666666667,-1.885618083164));
#1806 = VECTOR('',#1807,1.);
#1807 = DIRECTION('',(-0.57735026919,0.816496580928));
#1808 = ( GEOMETRIC_REPRESENTATION_CONTEXT(2) 
PARAMETRIC_REPRESENTATION_CONTEXT() REPRESENTATION_CONTEXT('2D SPACE',''
  ) );
#1809 = ORIENTED_EDGE('',*,*,#764,.T.);
#1810 = ORIENTED_EDGE('',*,*,#1711,.T.);
#1811 = ORIENTED_EDGE('',*,*,#1812,.F.);
#1812 = EDGE_CURVE('',#1788,#1712,#1813,.T.);
#1813 = SURFACE_CURVE('',#1814,(#1818,#1825),.PCURVE_S1.);
#1814 = LINE('',#1815,#1816);
#1815 = CARTESIAN_POINT('',(-13.,1.398881011028E-14,10.));
#1816 = VECTOR('',#1817,1.);
#1817 = DIRECTION('',(4.440892098501E-16,-1.,1.443289932013E-15));
#1818 = PCURVE('',#780,#1819);
#1819 = DEFINITIONAL_REPRESENTATION('',(#1820),#1824);
#1820 = LINE('',#1821,#1822);
#1821 = CARTESIAN_POINT('',(-1.7763568394E-15,1.414213562373));
#1822 = VECTOR('',#1823,1.);
#1823 = DIRECTION('',(-1.,1.256073966947E-15));
#1824 = ( GEOMETRIC_REPRESENTATION_CONTEXT(2) 
PARAMETRIC_REPRESENTATION_CONTEXT() REPRESENTATION_CONTEXT('2D SPACE',''
  ) );
#1825 = PCURVE('',#1826,#1831);
#1826 = PLANE('',#1827);
#1827 = AXIS2_PLACEMENT_3D('',#1828,#1829,#1830);
#1828 = CARTESIAN_POINT('',(-15.,1.554312234475E-14,10.));
#1829 = DIRECTION('',(1.221245327088E-15,-1.110223024625E-16,-1.));
#1830 = DIRECTION('',(4.440892098501E-16,-1.,1.443289932013E-15));
#1831 = DEFINITIONAL_REPRESENTATION('',(#1832),#1836);
#1832 = LINE('',#1833,#1834);
#1833 = CARTESIAN_POINT('',(1.554312234475E-15,-2.));
#1834 = VECTOR('',#1835,1.);
#1835 = DIRECTION('',(1.,-8.881784197001E-16));
#1836 = ( GEOMETRIC_REPRESENTATION_CONTEXT(2) 
PARAMETRIC_REPRESENTATION_CONTEXT() REPRESENTATION_CONTEXT('2D SPACE',''
  ) );
#1837 = ADVANCED_FACE('',(#1838),#1021,.F.);
#1838 = FACE_BOUND('',#1839,.T.);
#1839 = EDGE_LOOP('',(#1840,#1841,#1842,#1865));
#1840 = ORIENTED_EDGE('',*,*,#1735,.F.);
#1841 = ORIENTED_EDGE('',*,*,#1007,.T.);
#1842 = ORIENTED_EDGE('',*,*,#1843,.T.);
#1843 = EDGE_CURVE('',#980,#1844,#1846,.T.);
#1844 = VERTEX_POINT('',#1845);
#1845 = CARTESIAN_POINT('',(-13.,-31.95,80.));
#1846 = SURFACE_CURVE('',#1847,(#1851,#1858),.PCURVE_S1.);
#1847 = LINE('',#1848,#1849);
#1848 = CARTESIAN_POINT('',(-28.37808870653,-21.66434856179,
    64.621911293471));
#1849 = VECTOR('',#1850,1.);
#1850 = DIRECTION('',(0.639220821433,-0.427543545025,0.639220821433));
#1851 = PCURVE('',#1021,#1852);
#1852 = DEFINITIONAL_REPRESENTATION('',(#1853),#1857);
#1853 = LINE('',#1854,#1855);
#1854 = CARTESIAN_POINT('',(-9.714348561798,-20.33368804977));
#1855 = VECTOR('',#1856,1.);
#1856 = DIRECTION('',(-0.427543545025,0.903994755022));
#1857 = ( GEOMETRIC_REPRESENTATION_CONTEXT(2) 
PARAMETRIC_REPRESENTATION_CONTEXT() REPRESENTATION_CONTEXT('2D SPACE',''
  ) );
#1858 = PCURVE('',#995,#1859);
#1859 = DEFINITIONAL_REPRESENTATION('',(#1860),#1864);
#1860 = LINE('',#1861,#1862);
#1861 = CARTESIAN_POINT('',(-76.27243599445,-20.33368804977));
#1862 = VECTOR('',#1863,1.);
#1863 = DIRECTION('',(-0.427543545025,0.903994755022));
#1864 = ( GEOMETRIC_REPRESENTATION_CONTEXT(2) 
PARAMETRIC_REPRESENTATION_CONTEXT() REPRESENTATION_CONTEXT('2D SPACE',''
  ) );
#1865 = ORIENTED_EDGE('',*,*,#1866,.F.);
#1866 = EDGE_CURVE('',#1736,#1844,#1867,.T.);
#1867 = SURFACE_CURVE('',#1868,(#1872,#1879),.PCURVE_S1.);
#1868 = LINE('',#1869,#1870);
#1869 = CARTESIAN_POINT('',(-13.,-11.95,80.));
#1870 = VECTOR('',#1871,1.);
#1871 = DIRECTION('',(4.440892098501E-16,-1.,1.443289932013E-15));
#1872 = PCURVE('',#1021,#1873);
#1873 = DEFINITIONAL_REPRESENTATION('',(#1874),#1878);
#1874 = LINE('',#1875,#1876);
#1875 = CARTESIAN_POINT('',(-1.443289932013E-15,1.414213562373));
#1876 = VECTOR('',#1877,1.);
#1877 = DIRECTION('',(-1.,1.256073966947E-15));
#1878 = ( GEOMETRIC_REPRESENTATION_CONTEXT(2) 
PARAMETRIC_REPRESENTATION_CONTEXT() REPRESENTATION_CONTEXT('2D SPACE',''
  ) );
#1879 = PCURVE('',#1880,#1885);
#1880 = PLANE('',#1881);
#1881 = AXIS2_PLACEMENT_3D('',#1882,#1883,#1884);
#1882 = CARTESIAN_POINT('',(-15.,-11.95,80.));
#1883 = DIRECTION('',(1.221245327088E-15,-1.110223024625E-16,-1.));
#1884 = DIRECTION('',(4.440892098501E-16,-1.,1.443289932013E-15));
#1885 = DEFINITIONAL_REPRESENTATION('',(#1886),#1890);
#1886 = LINE('',#1887,#1888);
#1887 = CARTESIAN_POINT('',(1.33226762955E-15,-2.));
#1888 = VECTOR('',#1889,1.);
#1889 = DIRECTION('',(1.,-8.881784197001E-16));
#1890 = ( GEOMETRIC_REPRESENTATION_CONTEXT(2) 
PARAMETRIC_REPRESENTATION_CONTEXT() REPRESENTATION_CONTEXT('2D SPACE',''
  ) );
#1891 = ADVANCED_FACE('',(#1892),#808,.F.);
#1892 = FACE_BOUND('',#1893,.T.);
#1893 = EDGE_LOOP('',(#1894,#1917,#1918,#1919));
#1894 = ORIENTED_EDGE('',*,*,#1895,.F.);
#1895 = EDGE_CURVE('',#793,#1896,#1898,.T.);
#1896 = VERTEX_POINT('',#1897);
#1897 = CARTESIAN_POINT('',(-13.,8.326672684689E-15,-4.329869796038E-15)
  );
#1898 = SURFACE_CURVE('',#1899,(#1903,#1910),.PCURVE_S1.);
#1899 = LINE('',#1900,#1901);
#1900 = CARTESIAN_POINT('',(-13.66666666666,-0.666666666667,
    0.666666666667));
#1901 = VECTOR('',#1902,1.);
#1902 = DIRECTION('',(0.57735026919,0.57735026919,-0.57735026919));
#1903 = PCURVE('',#808,#1904);
#1904 = DEFINITIONAL_REPRESENTATION('',(#1905),#1909);
#1905 = LINE('',#1906,#1907);
#1906 = CARTESIAN_POINT('',(-0.666666666667,0.471404520791));
#1907 = VECTOR('',#1908,1.);
#1908 = DIRECTION('',(0.57735026919,0.816496580928));
#1909 = ( GEOMETRIC_REPRESENTATION_CONTEXT(2) 
PARAMETRIC_REPRESENTATION_CONTEXT() REPRESENTATION_CONTEXT('2D SPACE',''
  ) );
#1910 = PCURVE('',#836,#1911);
#1911 = DEFINITIONAL_REPRESENTATION('',(#1912),#1916);
#1912 = LINE('',#1913,#1914);
#1913 = CARTESIAN_POINT('',(-0.666666666667,0.471404520791));
#1914 = VECTOR('',#1915,1.);
#1915 = DIRECTION('',(0.57735026919,0.816496580928));
#1916 = ( GEOMETRIC_REPRESENTATION_CONTEXT(2) 
PARAMETRIC_REPRESENTATION_CONTEXT() REPRESENTATION_CONTEXT('2D SPACE',''
  ) );
#1917 = ORIENTED_EDGE('',*,*,#792,.T.);
#1918 = ORIENTED_EDGE('',*,*,#1787,.T.);
#1919 = ORIENTED_EDGE('',*,*,#1920,.F.);
#1920 = EDGE_CURVE('',#1896,#1788,#1921,.T.);
#1921 = SURFACE_CURVE('',#1922,(#1926,#1933),.PCURVE_S1.);
#1922 = LINE('',#1923,#1924);
#1923 = CARTESIAN_POINT('',(-13.,1.454392162259E-14,1.887379141863E-15)
  );
#1924 = VECTOR('',#1925,1.);
#1925 = DIRECTION('',(-1.443289932013E-15,-1.110223024625E-16,1.));
#1926 = PCURVE('',#808,#1927);
#1927 = DEFINITIONAL_REPRESENTATION('',(#1928),#1932);
#1928 = LINE('',#1929,#1930);
#1929 = CARTESIAN_POINT('',(1.7763568394E-15,1.414213562373));
#1930 = VECTOR('',#1931,1.);
#1931 = DIRECTION('',(-1.,-1.256073966947E-15));
#1932 = ( GEOMETRIC_REPRESENTATION_CONTEXT(2) 
PARAMETRIC_REPRESENTATION_CONTEXT() REPRESENTATION_CONTEXT('2D SPACE',''
  ) );
#1933 = PCURVE('',#1934,#1939);
#1934 = PLANE('',#1935);
#1935 = AXIS2_PLACEMENT_3D('',#1936,#1937,#1938);
#1936 = CARTESIAN_POINT('',(-15.,1.665334536938E-14,1.665334536938E-15)
  );
#1937 = DIRECTION('',(2.22044604925E-16,-1.,1.221245327088E-15));
#1938 = DIRECTION('',(-1.443289932013E-15,-1.110223024625E-16,1.));
#1939 = DEFINITIONAL_REPRESENTATION('',(#1940),#1944);
#1940 = LINE('',#1941,#1942);
#1941 = CARTESIAN_POINT('',(-1.7763568394E-15,-2.));
#1942 = VECTOR('',#1943,1.);
#1943 = DIRECTION('',(1.,8.881784197001E-16));
#1944 = ( GEOMETRIC_REPRESENTATION_CONTEXT(2) 
PARAMETRIC_REPRESENTATION_CONTEXT() REPRESENTATION_CONTEXT('2D SPACE',''
  ) );
#1945 = ADVANCED_FACE('',(#1946),#995,.T.);
#1946 = FACE_BOUND('',#1947,.F.);
#1947 = EDGE_LOOP('',(#1948,#1971,#1972,#1973));
#1948 = ORIENTED_EDGE('',*,*,#1949,.F.);
#1949 = EDGE_CURVE('',#952,#1950,#1952,.T.);
#1950 = VERTEX_POINT('',#1951);
#1951 = CARTESIAN_POINT('',(-13.,-65.,5.395683899678E-14));
#1952 = SURFACE_CURVE('',#1953,(#1957,#1964),.PCURVE_S1.);
#1953 = LINE('',#1954,#1955);
#1954 = CARTESIAN_POINT('',(-15.62556254494,-61.07451856955,
    2.625562544945));
#1955 = VECTOR('',#1956,1.);
#1956 = DIRECTION('',(0.485910755681,-0.726485701874,-0.485910755681));
#1957 = PCURVE('',#995,#1958);
#1958 = DEFINITIONAL_REPRESENTATION('',(#1959),#1963);
#1959 = LINE('',#1960,#1961);
#1960 = CARTESIAN_POINT('',(-3.925481430446,-2.298892597547));
#1961 = VECTOR('',#1962,1.);
#1962 = DIRECTION('',(0.726485701874,0.687181580787));
#1963 = ( GEOMETRIC_REPRESENTATION_CONTEXT(2) 
PARAMETRIC_REPRESENTATION_CONTEXT() REPRESENTATION_CONTEXT('2D SPACE',''
  ) );
#1964 = PCURVE('',#967,#1965);
#1965 = DEFINITIONAL_REPRESENTATION('',(#1966),#1970);
#1966 = LINE('',#1967,#1968);
#1967 = CARTESIAN_POINT('',(-8.274518569554,-2.298892597547));
#1968 = VECTOR('',#1969,1.);
#1969 = DIRECTION('',(-0.726485701874,0.687181580787));
#1970 = ( GEOMETRIC_REPRESENTATION_CONTEXT(2) 
PARAMETRIC_REPRESENTATION_CONTEXT() REPRESENTATION_CONTEXT('2D SPACE',''
  ) );
#1971 = ORIENTED_EDGE('',*,*,#979,.T.);
#1972 = ORIENTED_EDGE('',*,*,#1843,.T.);
#1973 = ORIENTED_EDGE('',*,*,#1974,.F.);
#1974 = EDGE_CURVE('',#1950,#1844,#1975,.T.);
#1975 = SURFACE_CURVE('',#1976,(#1980,#1987),.PCURVE_S1.);
#1976 = LINE('',#1977,#1978);
#1977 = CARTESIAN_POINT('',(-13.,-65.,9.557115346197E-14));
#1978 = VECTOR('',#1979,1.);
#1979 = DIRECTION('',(-1.503502986336E-15,0.38182451785,0.924234838971)
  );
#1980 = PCURVE('',#995,#1981);
#1981 = DEFINITIONAL_REPRESENTATION('',(#1982),#1986);
#1982 = LINE('',#1983,#1984);
#1983 = CARTESIAN_POINT('',(-3.941291737419E-15,1.414213562373));
#1984 = VECTOR('',#1985,1.);
#1985 = DIRECTION('',(-1.,-3.608224830032E-16));
#1986 = ( GEOMETRIC_REPRESENTATION_CONTEXT(2) 
PARAMETRIC_REPRESENTATION_CONTEXT() REPRESENTATION_CONTEXT('2D SPACE',''
  ) );
#1987 = PCURVE('',#1988,#1993);
#1988 = PLANE('',#1989);
#1989 = AXIS2_PLACEMENT_3D('',#1990,#1991,#1992);
#1990 = CARTESIAN_POINT('',(-15.,-65.,9.547918011776E-14));
#1991 = DIRECTION('',(-2.610800485145E-16,-0.924234838971,0.38182451785)
  );
#1992 = DIRECTION('',(-1.503502986336E-15,0.38182451785,0.924234838971)
  );
#1993 = DEFINITIONAL_REPRESENTATION('',(#1994),#1998);
#1994 = LINE('',#1995,#1996);
#1995 = CARTESIAN_POINT('',(-2.363324879645E-15,-2.));
#1996 = VECTOR('',#1997,1.);
#1997 = DIRECTION('',(1.,1.160013735576E-15));
#1998 = ( GEOMETRIC_REPRESENTATION_CONTEXT(2) 
PARAMETRIC_REPRESENTATION_CONTEXT() REPRESENTATION_CONTEXT('2D SPACE',''
  ) );
#1999 = ADVANCED_FACE('',(#2000),#836,.T.);
#2000 = FACE_BOUND('',#2001,.F.);
#2001 = EDGE_LOOP('',(#2002,#2003,#2004,#2027));
#2002 = ORIENTED_EDGE('',*,*,#1895,.F.);
#2003 = ORIENTED_EDGE('',*,*,#820,.T.);
#2004 = ORIENTED_EDGE('',*,*,#2005,.T.);
#2005 = EDGE_CURVE('',#821,#2006,#2008,.T.);
#2006 = VERTEX_POINT('',#2007);
#2007 = CARTESIAN_POINT('',(-13.,-8.2,9.370282327836E-15));
#2008 = SURFACE_CURVE('',#2009,(#2013,#2020),.PCURVE_S1.);
#2009 = LINE('',#2010,#2011);
#2010 = CARTESIAN_POINT('',(-11.96666666666,-7.166666666667,
    -1.033333333333));
#2011 = VECTOR('',#2012,1.);
#2012 = DIRECTION('',(0.57735026919,0.57735026919,-0.57735026919));
#2013 = PCURVE('',#836,#2014);
#2014 = DEFINITIONAL_REPRESENTATION('',(#2015),#2019);
#2015 = LINE('',#2016,#2017);
#2016 = CARTESIAN_POINT('',(-7.166666666667,2.875567576825));
#2017 = VECTOR('',#2018,1.);
#2018 = DIRECTION('',(0.57735026919,0.816496580928));
#2019 = ( GEOMETRIC_REPRESENTATION_CONTEXT(2) 
PARAMETRIC_REPRESENTATION_CONTEXT() REPRESENTATION_CONTEXT('2D SPACE',''
  ) );
#2020 = PCURVE('',#864,#2021);
#2021 = DEFINITIONAL_REPRESENTATION('',(#2022),#2026);
#2022 = LINE('',#2023,#2024);
#2023 = CARTESIAN_POINT('',(-0.966666666667,2.875567576825));
#2024 = VECTOR('',#2025,1.);
#2025 = DIRECTION('',(0.57735026919,0.816496580928));
#2026 = ( GEOMETRIC_REPRESENTATION_CONTEXT(2) 
PARAMETRIC_REPRESENTATION_CONTEXT() REPRESENTATION_CONTEXT('2D SPACE',''
  ) );
#2027 = ORIENTED_EDGE('',*,*,#2028,.F.);
#2028 = EDGE_CURVE('',#1896,#2006,#2029,.T.);
#2029 = SURFACE_CURVE('',#2030,(#2034,#2041),.PCURVE_S1.);
#2030 = LINE('',#2031,#2032);
#2031 = CARTESIAN_POINT('',(-13.,1.50990331349E-14,8.604228440845E-15));
#2032 = VECTOR('',#2033,1.);
#2033 = DIRECTION('',(4.440892098501E-16,-1.,1.443289932013E-15));
#2034 = PCURVE('',#836,#2035);
#2035 = DEFINITIONAL_REPRESENTATION('',(#2036),#2040);
#2036 = LINE('',#2037,#2038);
#2037 = CARTESIAN_POINT('',(2.958228394579E-31,1.414213562373));
#2038 = VECTOR('',#2039,1.);
#2039 = DIRECTION('',(-1.,0.));
#2040 = ( GEOMETRIC_REPRESENTATION_CONTEXT(2) 
PARAMETRIC_REPRESENTATION_CONTEXT() REPRESENTATION_CONTEXT('2D SPACE',''
  ) );
#2041 = PCURVE('',#2042,#2047);
#2042 = PLANE('',#2043);
#2043 = AXIS2_PLACEMENT_3D('',#2044,#2045,#2046);
#2044 = CARTESIAN_POINT('',(1.398413548702E-14,-32.5,4.690692279041E-14)
  );
#2045 = DIRECTION('',(1.221245327088E-15,1.110223024625E-16,-1.));
#2046 = DIRECTION('',(-1.,8.881784197001E-16,1.110223024625E-16));
#2047 = DEFINITIONAL_REPRESENTATION('',(#2048),#2052);
#2048 = LINE('',#2049,#2050);
#2049 = CARTESIAN_POINT('',(13.,32.5));
#2050 = VECTOR('',#2051,1.);
#2051 = DIRECTION('',(-8.881784197001E-16,-1.));
#2052 = ( GEOMETRIC_REPRESENTATION_CONTEXT(2) 
PARAMETRIC_REPRESENTATION_CONTEXT() REPRESENTATION_CONTEXT('2D SPACE',''
  ) );
#2053 = ADVANCED_FACE('',(#2054),#967,.T.);
#2054 = FACE_BOUND('',#2055,.F.);
#2055 = EDGE_LOOP('',(#2056,#2077,#2078,#2079));
#2056 = ORIENTED_EDGE('',*,*,#2057,.F.);
#2057 = EDGE_CURVE('',#924,#1500,#2058,.T.);
#2058 = SURFACE_CURVE('',#2059,(#2063,#2070),.PCURVE_S1.);
#2059 = LINE('',#2060,#2061);
#2060 = CARTESIAN_POINT('',(-13.66666666666,-52.13333333333,
    0.666666666667));
#2061 = VECTOR('',#2062,1.);
#2062 = DIRECTION('',(0.57735026919,-0.57735026919,-0.57735026919));
#2063 = PCURVE('',#967,#2064);
#2064 = DEFINITIONAL_REPRESENTATION('',(#2065),#2069);
#2065 = LINE('',#2066,#2067);
#2066 = CARTESIAN_POINT('',(0.666666666667,0.471404520791));
#2067 = VECTOR('',#2068,1.);
#2068 = DIRECTION('',(-0.57735026919,0.816496580928));
#2069 = ( GEOMETRIC_REPRESENTATION_CONTEXT(2) 
PARAMETRIC_REPRESENTATION_CONTEXT() REPRESENTATION_CONTEXT('2D SPACE',''
  ) );
#2070 = PCURVE('',#939,#2071);
#2071 = DEFINITIONAL_REPRESENTATION('',(#2072),#2076);
#2072 = LINE('',#2073,#2074);
#2073 = CARTESIAN_POINT('',(0.666666666667,0.471404520791));
#2074 = VECTOR('',#2075,1.);
#2075 = DIRECTION('',(-0.57735026919,0.816496580928));
#2076 = ( GEOMETRIC_REPRESENTATION_CONTEXT(2) 
PARAMETRIC_REPRESENTATION_CONTEXT() REPRESENTATION_CONTEXT('2D SPACE',''
  ) );
#2077 = ORIENTED_EDGE('',*,*,#951,.T.);
#2078 = ORIENTED_EDGE('',*,*,#1949,.T.);
#2079 = ORIENTED_EDGE('',*,*,#2080,.F.);
#2080 = EDGE_CURVE('',#1500,#1950,#2081,.T.);
#2081 = SURFACE_CURVE('',#2082,(#2086,#2093),.PCURVE_S1.);
#2082 = LINE('',#2083,#2084);
#2083 = CARTESIAN_POINT('',(-13.,-52.8,7.308598171107E-14));
#2084 = VECTOR('',#2085,1.);
#2085 = DIRECTION('',(4.440892098501E-16,-1.,1.443289932013E-15));
#2086 = PCURVE('',#967,#2087);
#2087 = DEFINITIONAL_REPRESENTATION('',(#2088),#2092);
#2088 = LINE('',#2089,#2090);
#2089 = CARTESIAN_POINT('',(1.110223024625E-16,1.414213562373));
#2090 = VECTOR('',#2091,1.);
#2091 = DIRECTION('',(-1.,0.));
#2092 = ( GEOMETRIC_REPRESENTATION_CONTEXT(2) 
PARAMETRIC_REPRESENTATION_CONTEXT() REPRESENTATION_CONTEXT('2D SPACE',''
  ) );
#2093 = PCURVE('',#1517,#2094);
#2094 = DEFINITIONAL_REPRESENTATION('',(#2095),#2099);
#2095 = LINE('',#2096,#2097);
#2096 = CARTESIAN_POINT('',(13.,-20.3));
#2097 = VECTOR('',#2098,1.);
#2098 = DIRECTION('',(-8.881784197001E-16,-1.));
#2099 = ( GEOMETRIC_REPRESENTATION_CONTEXT(2) 
PARAMETRIC_REPRESENTATION_CONTEXT() REPRESENTATION_CONTEXT('2D SPACE',''
  ) );
#2100 = ADVANCED_FACE('',(#2101),#864,.F.);
#2101 = FACE_BOUND('',#2102,.T.);
#2102 = EDGE_LOOP('',(#2103,#2104,#2105,#2106));
#2103 = ORIENTED_EDGE('',*,*,#1686,.F.);
#2104 = ORIENTED_EDGE('',*,*,#848,.T.);
#2105 = ORIENTED_EDGE('',*,*,#2005,.T.);
#2106 = ORIENTED_EDGE('',*,*,#2107,.F.);
#2107 = EDGE_CURVE('',#1417,#2006,#2108,.T.);
#2108 = SURFACE_CURVE('',#2109,(#2113,#2120),.PCURVE_S1.);
#2109 = LINE('',#2110,#2111);
#2110 = CARTESIAN_POINT('',(-13.,-8.2,-2.));
#2111 = VECTOR('',#2112,1.);
#2112 = DIRECTION('',(-1.443289932013E-15,-1.110223024625E-16,1.));
#2113 = PCURVE('',#864,#2114);
#2114 = DEFINITIONAL_REPRESENTATION('',(#2115),#2119);
#2115 = LINE('',#2116,#2117);
#2116 = CARTESIAN_POINT('',(2.22044604925E-15,1.414213562373));
#2117 = VECTOR('',#2118,1.);
#2118 = DIRECTION('',(-1.,-1.256073966947E-15));
#2119 = ( GEOMETRIC_REPRESENTATION_CONTEXT(2) 
PARAMETRIC_REPRESENTATION_CONTEXT() REPRESENTATION_CONTEXT('2D SPACE',''
  ) );
#2120 = PCURVE('',#1432,#2121);
#2121 = DEFINITIONAL_REPRESENTATION('',(#2122),#2126);
#2122 = LINE('',#2123,#2124);
#2123 = CARTESIAN_POINT('',(-3.330669073875E-15,-2.));
#2124 = VECTOR('',#2125,1.);
#2125 = DIRECTION('',(1.,8.881784197001E-16));
#2126 = ( GEOMETRIC_REPRESENTATION_CONTEXT(2) 
PARAMETRIC_REPRESENTATION_CONTEXT() REPRESENTATION_CONTEXT('2D SPACE',''
  ) );
#2127 = ADVANCED_FACE('',(#2128),#939,.F.);
#2128 = FACE_BOUND('',#2129,.T.);
#2129 = EDGE_LOOP('',(#2130,#2131,#2132,#2133));
#2130 = ORIENTED_EDGE('',*,*,#2057,.F.);
#2131 = ORIENTED_EDGE('',*,*,#923,.T.);
#2132 = ORIENTED_EDGE('',*,*,#1575,.T.);
#2133 = ORIENTED_EDGE('',*,*,#1551,.F.);
#2134 = ADVANCED_FACE('',(#2135),#1054,.F.);
#2135 = FACE_BOUND('',#2136,.T.);
#2136 = EDGE_LOOP('',(#2137,#2138,#2139,#2160));
#2137 = ORIENTED_EDGE('',*,*,#1038,.F.);
#2138 = ORIENTED_EDGE('',*,*,#1393,.T.);
#2139 = ORIENTED_EDGE('',*,*,#2140,.T.);
#2140 = EDGE_CURVE('',#1394,#1257,#2141,.T.);
#2141 = SURFACE_CURVE('',#2142,(#2146,#2153),.PCURVE_S1.);
#2142 = LINE('',#2143,#2144);
#2143 = CARTESIAN_POINT('',(14.533333333333,-9.733333333333,
    -0.466666666667));
#2144 = VECTOR('',#2145,1.);
#2145 = DIRECTION('',(0.57735026919,-0.57735026919,0.57735026919));
#2146 = PCURVE('',#1054,#2147);
#2147 = DEFINITIONAL_REPRESENTATION('',(#2148),#2152);
#2148 = LINE('',#2149,#2150);
#2149 = CARTESIAN_POINT('',(-3.666666666667,0.754247233266));
#2150 = VECTOR('',#2151,1.);
#2151 = DIRECTION('',(0.57735026919,0.816496580928));
#2152 = ( GEOMETRIC_REPRESENTATION_CONTEXT(2) 
PARAMETRIC_REPRESENTATION_CONTEXT() REPRESENTATION_CONTEXT('2D SPACE',''
  ) );
#2153 = PCURVE('',#1295,#2154);
#2154 = DEFINITIONAL_REPRESENTATION('',(#2155),#2159);
#2155 = LINE('',#2156,#2157);
#2156 = CARTESIAN_POINT('',(-1.533333333333,0.754247233266));
#2157 = VECTOR('',#2158,1.);
#2158 = DIRECTION('',(-0.57735026919,0.816496580928));
#2159 = ( GEOMETRIC_REPRESENTATION_CONTEXT(2) 
PARAMETRIC_REPRESENTATION_CONTEXT() REPRESENTATION_CONTEXT('2D SPACE',''
  ) );
#2160 = ORIENTED_EDGE('',*,*,#1256,.F.);
#2161 = ADVANCED_FACE('',(#2162),#1108,.T.);
#2162 = FACE_BOUND('',#2163,.T.);
#2163 = EDGE_LOOP('',(#2164,#2187,#2215,#2236));
#2164 = ORIENTED_EDGE('',*,*,#2165,.F.);
#2165 = EDGE_CURVE('',#2166,#1091,#2168,.T.);
#2166 = VERTEX_POINT('',#2167);
#2167 = CARTESIAN_POINT('',(13.,-11.95,10.));
#2168 = SURFACE_CURVE('',#2169,(#2173,#2180),.PCURVE_S1.);
#2169 = LINE('',#2170,#2171);
#2170 = CARTESIAN_POINT('',(11.675,-10.625,11.325));
#2171 = VECTOR('',#2172,1.);
#2172 = DIRECTION('',(0.57735026919,-0.57735026919,-0.57735026919));
#2173 = PCURVE('',#1108,#2174);
#2174 = DEFINITIONAL_REPRESENTATION('',(#2175),#2179);
#2175 = LINE('',#2176,#2177);
#2176 = CARTESIAN_POINT('',(1.325,-3.288046532517));
#2177 = VECTOR('',#2178,1.);
#2178 = DIRECTION('',(-0.57735026919,0.816496580928));
#2179 = ( GEOMETRIC_REPRESENTATION_CONTEXT(2) 
PARAMETRIC_REPRESENTATION_CONTEXT() REPRESENTATION_CONTEXT('2D SPACE',''
  ) );
#2180 = PCURVE('',#1377,#2181);
#2181 = DEFINITIONAL_REPRESENTATION('',(#2182),#2186);
#2182 = LINE('',#2183,#2184);
#2183 = CARTESIAN_POINT('',(-10.625,-3.288046532517));
#2184 = VECTOR('',#2185,1.);
#2185 = DIRECTION('',(-0.57735026919,0.816496580928));
#2186 = ( GEOMETRIC_REPRESENTATION_CONTEXT(2) 
PARAMETRIC_REPRESENTATION_CONTEXT() REPRESENTATION_CONTEXT('2D SPACE',''
  ) );
#2187 = ORIENTED_EDGE('',*,*,#2188,.T.);
#2188 = EDGE_CURVE('',#2166,#2189,#2191,.T.);
#2189 = VERTEX_POINT('',#2190);
#2190 = CARTESIAN_POINT('',(13.,-11.95,80.));
#2191 = SURFACE_CURVE('',#2192,(#2196,#2203),.PCURVE_S1.);
#2192 = LINE('',#2193,#2194);
#2193 = CARTESIAN_POINT('',(13.,-11.95,10.));
#2194 = VECTOR('',#2195,1.);
#2195 = DIRECTION('',(-1.443289932013E-15,-1.110223024625E-16,1.));
#2196 = PCURVE('',#1108,#2197);
#2197 = DEFINITIONAL_REPRESENTATION('',(#2198),#2202);
#2198 = LINE('',#2199,#2200);
#2199 = CARTESIAN_POINT('',(6.661338147751E-16,-1.414213562373));
#2200 = VECTOR('',#2201,1.);
#2201 = DIRECTION('',(1.,-4.930380657631E-31));
#2202 = ( GEOMETRIC_REPRESENTATION_CONTEXT(2) 
PARAMETRIC_REPRESENTATION_CONTEXT() REPRESENTATION_CONTEXT('2D SPACE',''
  ) );
#2203 = PCURVE('',#2204,#2209);
#2204 = PLANE('',#2205);
#2205 = AXIS2_PLACEMENT_3D('',#2206,#2207,#2208);
#2206 = CARTESIAN_POINT('',(-5.860201213181E-14,-11.95,45.));
#2207 = DIRECTION('',(-2.072416312634E-16,1.,-1.221245327088E-15));
#2208 = DIRECTION('',(1.,-1.125025998287E-15,-1.110223024625E-16));
#2209 = DEFINITIONAL_REPRESENTATION('',(#2210),#2214);
#2210 = LINE('',#2211,#2212);
#2211 = CARTESIAN_POINT('',(13.,35.));
#2212 = VECTOR('',#2213,1.);
#2213 = DIRECTION('',(-1.110223024625E-15,-1.));
#2214 = ( GEOMETRIC_REPRESENTATION_CONTEXT(2) 
PARAMETRIC_REPRESENTATION_CONTEXT() REPRESENTATION_CONTEXT('2D SPACE',''
  ) );
#2215 = ORIENTED_EDGE('',*,*,#2216,.T.);
#2216 = EDGE_CURVE('',#2189,#1093,#2217,.T.);
#2217 = SURFACE_CURVE('',#2218,(#2222,#2229),.PCURVE_S1.);
#2218 = LINE('',#2219,#2220);
#2219 = CARTESIAN_POINT('',(25.333333333333,-24.28333333333,
    67.666666666667));
#2220 = VECTOR('',#2221,1.);
#2221 = DIRECTION('',(0.57735026919,-0.57735026919,-0.57735026919));
#2222 = PCURVE('',#1108,#2223);
#2223 = DEFINITIONAL_REPRESENTATION('',(#2224),#2228);
#2224 = LINE('',#2225,#2226);
#2225 = CARTESIAN_POINT('',(57.666666666667,16.027753706895));
#2226 = VECTOR('',#2227,1.);
#2227 = DIRECTION('',(-0.57735026919,0.816496580928));
#2228 = ( GEOMETRIC_REPRESENTATION_CONTEXT(2) 
PARAMETRIC_REPRESENTATION_CONTEXT() REPRESENTATION_CONTEXT('2D SPACE',''
  ) );
#2229 = PCURVE('',#1136,#2230);
#2230 = DEFINITIONAL_REPRESENTATION('',(#2231),#2235);
#2231 = LINE('',#2232,#2233);
#2232 = CARTESIAN_POINT('',(-12.33333333333,16.027753706895));
#2233 = VECTOR('',#2234,1.);
#2234 = DIRECTION('',(-0.57735026919,0.816496580928));
#2235 = ( GEOMETRIC_REPRESENTATION_CONTEXT(2) 
PARAMETRIC_REPRESENTATION_CONTEXT() REPRESENTATION_CONTEXT('2D SPACE',''
  ) );
#2236 = ORIENTED_EDGE('',*,*,#1090,.F.);
#2237 = ADVANCED_FACE('',(#2238),#1377,.F.);
#2238 = FACE_BOUND('',#2239,.T.);
#2239 = EDGE_LOOP('',(#2240,#2263,#2284,#2285));
#2240 = ORIENTED_EDGE('',*,*,#2241,.F.);
#2241 = EDGE_CURVE('',#2242,#1336,#2244,.T.);
#2242 = VERTEX_POINT('',#2243);
#2243 = CARTESIAN_POINT('',(13.,-5.884182030513E-15,10.));
#2244 = SURFACE_CURVE('',#2245,(#2249,#2256),.PCURVE_S1.);
#2245 = LINE('',#2246,#2247);
#2246 = CARTESIAN_POINT('',(15.333333333333,-2.333333333333,
    7.666666666667));
#2247 = VECTOR('',#2248,1.);
#2248 = DIRECTION('',(0.57735026919,-0.57735026919,-0.57735026919));
#2249 = PCURVE('',#1377,#2250);
#2250 = DEFINITIONAL_REPRESENTATION('',(#2251),#2255);
#2251 = LINE('',#2252,#2253);
#2252 = CARTESIAN_POINT('',(-2.333333333333,1.885618083164));
#2253 = VECTOR('',#2254,1.);
#2254 = DIRECTION('',(-0.57735026919,0.816496580928));
#2255 = ( GEOMETRIC_REPRESENTATION_CONTEXT(2) 
PARAMETRIC_REPRESENTATION_CONTEXT() REPRESENTATION_CONTEXT('2D SPACE',''
  ) );
#2256 = PCURVE('',#1351,#2257);
#2257 = DEFINITIONAL_REPRESENTATION('',(#2258),#2262);
#2258 = LINE('',#2259,#2260);
#2259 = CARTESIAN_POINT('',(-7.666666666667,1.885618083164));
#2260 = VECTOR('',#2261,1.);
#2261 = DIRECTION('',(0.57735026919,0.816496580928));
#2262 = ( GEOMETRIC_REPRESENTATION_CONTEXT(2) 
PARAMETRIC_REPRESENTATION_CONTEXT() REPRESENTATION_CONTEXT('2D SPACE',''
  ) );
#2263 = ORIENTED_EDGE('',*,*,#2264,.T.);
#2264 = EDGE_CURVE('',#2242,#2166,#2265,.T.);
#2265 = SURFACE_CURVE('',#2266,(#2270,#2277),.PCURVE_S1.);
#2266 = LINE('',#2267,#2268);
#2267 = CARTESIAN_POINT('',(13.,-1.620925615953E-14,10.));
#2268 = VECTOR('',#2269,1.);
#2269 = DIRECTION('',(4.440892098501E-16,-1.,1.443289932013E-15));
#2270 = PCURVE('',#1377,#2271);
#2271 = DEFINITIONAL_REPRESENTATION('',(#2272),#2276);
#2272 = LINE('',#2273,#2274);
#2273 = CARTESIAN_POINT('',(-4.930380657631E-31,-1.414213562373));
#2274 = VECTOR('',#2275,1.);
#2275 = DIRECTION('',(-1.,3.697785493223E-32));
#2276 = ( GEOMETRIC_REPRESENTATION_CONTEXT(2) 
PARAMETRIC_REPRESENTATION_CONTEXT() REPRESENTATION_CONTEXT('2D SPACE',''
  ) );
#2277 = PCURVE('',#1826,#2278);
#2278 = DEFINITIONAL_REPRESENTATION('',(#2279),#2283);
#2279 = LINE('',#2280,#2281);
#2280 = CARTESIAN_POINT('',(3.175237850428E-14,-28.));
#2281 = VECTOR('',#2282,1.);
#2282 = DIRECTION('',(1.,-8.881784197001E-16));
#2283 = ( GEOMETRIC_REPRESENTATION_CONTEXT(2) 
PARAMETRIC_REPRESENTATION_CONTEXT() REPRESENTATION_CONTEXT('2D SPACE',''
  ) );
#2284 = ORIENTED_EDGE('',*,*,#2165,.T.);
#2285 = ORIENTED_EDGE('',*,*,#1363,.F.);
#2286 = ADVANCED_FACE('',(#2287),#1136,.F.);
#2287 = FACE_BOUND('',#2288,.T.);
#2288 = EDGE_LOOP('',(#2289,#2290,#2313,#2334));
#2289 = ORIENTED_EDGE('',*,*,#2216,.F.);
#2290 = ORIENTED_EDGE('',*,*,#2291,.T.);
#2291 = EDGE_CURVE('',#2189,#2292,#2294,.T.);
#2292 = VERTEX_POINT('',#2293);
#2293 = CARTESIAN_POINT('',(13.,-31.95,80.));
#2294 = SURFACE_CURVE('',#2295,(#2299,#2306),.PCURVE_S1.);
#2295 = LINE('',#2296,#2297);
#2296 = CARTESIAN_POINT('',(13.,-11.95,80.));
#2297 = VECTOR('',#2298,1.);
#2298 = DIRECTION('',(4.440892098501E-16,-1.,1.443289932013E-15));
#2299 = PCURVE('',#1136,#2300);
#2300 = DEFINITIONAL_REPRESENTATION('',(#2301),#2305);
#2301 = LINE('',#2302,#2303);
#2302 = CARTESIAN_POINT('',(-1.110223024625E-16,-1.414213562373));
#2303 = VECTOR('',#2304,1.);
#2304 = DIRECTION('',(-1.,0.));
#2305 = ( GEOMETRIC_REPRESENTATION_CONTEXT(2) 
PARAMETRIC_REPRESENTATION_CONTEXT() REPRESENTATION_CONTEXT('2D SPACE',''
  ) );
#2306 = PCURVE('',#1880,#2307);
#2307 = DEFINITIONAL_REPRESENTATION('',(#2308),#2312);
#2308 = LINE('',#2309,#2310);
#2309 = CARTESIAN_POINT('',(3.28626015289E-14,-28.));
#2310 = VECTOR('',#2311,1.);
#2311 = DIRECTION('',(1.,-8.881784197001E-16));
#2312 = ( GEOMETRIC_REPRESENTATION_CONTEXT(2) 
PARAMETRIC_REPRESENTATION_CONTEXT() REPRESENTATION_CONTEXT('2D SPACE',''
  ) );
#2313 = ORIENTED_EDGE('',*,*,#2314,.T.);
#2314 = EDGE_CURVE('',#2292,#1121,#2315,.T.);
#2315 = SURFACE_CURVE('',#2316,(#2320,#2327),.PCURVE_S1.);
#2316 = LINE('',#2317,#2318);
#2317 = CARTESIAN_POINT('',(28.378088706529,-21.66434856179,
    64.621911293471));
#2318 = VECTOR('',#2319,1.);
#2319 = DIRECTION('',(0.639220821433,0.427543545025,-0.639220821433));
#2320 = PCURVE('',#1136,#2321);
#2321 = DEFINITIONAL_REPRESENTATION('',(#2322),#2326);
#2322 = LINE('',#2323,#2324);
#2323 = CARTESIAN_POINT('',(-9.714348561798,20.333688049777));
#2324 = VECTOR('',#2325,1.);
#2325 = DIRECTION('',(0.427543545025,0.903994755022));
#2326 = ( GEOMETRIC_REPRESENTATION_CONTEXT(2) 
PARAMETRIC_REPRESENTATION_CONTEXT() REPRESENTATION_CONTEXT('2D SPACE',''
  ) );
#2327 = PCURVE('',#1164,#2328);
#2328 = DEFINITIONAL_REPRESENTATION('',(#2329),#2333);
#2329 = LINE('',#2330,#2331);
#2330 = CARTESIAN_POINT('',(-76.27243599445,20.333688049777));
#2331 = VECTOR('',#2332,1.);
#2332 = DIRECTION('',(0.427543545025,0.903994755022));
#2333 = ( GEOMETRIC_REPRESENTATION_CONTEXT(2) 
PARAMETRIC_REPRESENTATION_CONTEXT() REPRESENTATION_CONTEXT('2D SPACE',''
  ) );
#2334 = ORIENTED_EDGE('',*,*,#1120,.F.);
#2335 = ADVANCED_FACE('',(#2336),#1351,.F.);
#2336 = FACE_BOUND('',#2337,.T.);
#2337 = EDGE_LOOP('',(#2338,#2361,#2382,#2383));
#2338 = ORIENTED_EDGE('',*,*,#2339,.F.);
#2339 = EDGE_CURVE('',#2340,#1308,#2342,.T.);
#2340 = VERTEX_POINT('',#2341);
#2341 = CARTESIAN_POINT('',(13.,-8.437694987151E-15,1.076916333886E-14)
  );
#2342 = SURFACE_CURVE('',#2343,(#2347,#2354),.PCURVE_S1.);
#2343 = LINE('',#2344,#2345);
#2344 = CARTESIAN_POINT('',(13.666666666667,-0.666666666667,
    0.666666666667));
#2345 = VECTOR('',#2346,1.);
#2346 = DIRECTION('',(0.57735026919,-0.57735026919,0.57735026919));
#2347 = PCURVE('',#1351,#2348);
#2348 = DEFINITIONAL_REPRESENTATION('',(#2349),#2353);
#2349 = LINE('',#2350,#2351);
#2350 = CARTESIAN_POINT('',(-0.666666666667,-0.471404520791));
#2351 = VECTOR('',#2352,1.);
#2352 = DIRECTION('',(-0.57735026919,0.816496580928));
#2353 = ( GEOMETRIC_REPRESENTATION_CONTEXT(2) 
PARAMETRIC_REPRESENTATION_CONTEXT() REPRESENTATION_CONTEXT('2D SPACE',''
  ) );
#2354 = PCURVE('',#1323,#2355);
#2355 = DEFINITIONAL_REPRESENTATION('',(#2356),#2360);
#2356 = LINE('',#2357,#2358);
#2357 = CARTESIAN_POINT('',(-0.666666666667,-0.471404520791));
#2358 = VECTOR('',#2359,1.);
#2359 = DIRECTION('',(-0.57735026919,0.816496580928));
#2360 = ( GEOMETRIC_REPRESENTATION_CONTEXT(2) 
PARAMETRIC_REPRESENTATION_CONTEXT() REPRESENTATION_CONTEXT('2D SPACE',''
  ) );
#2361 = ORIENTED_EDGE('',*,*,#2362,.T.);
#2362 = EDGE_CURVE('',#2340,#2242,#2363,.T.);
#2363 = SURFACE_CURVE('',#2364,(#2368,#2375),.PCURVE_S1.);
#2364 = LINE('',#2365,#2366);
#2365 = CARTESIAN_POINT('',(13.,-1.454392162259E-14,-1.887379141863E-15)
  );
#2366 = VECTOR('',#2367,1.);
#2367 = DIRECTION('',(-1.443289932013E-15,-1.110223024625E-16,1.));
#2368 = PCURVE('',#1351,#2369);
#2369 = DEFINITIONAL_REPRESENTATION('',(#2370),#2374);
#2370 = LINE('',#2371,#2372);
#2371 = CARTESIAN_POINT('',(-4.930380657631E-31,-1.414213562373));
#2372 = VECTOR('',#2373,1.);
#2373 = DIRECTION('',(-1.,0.));
#2374 = ( GEOMETRIC_REPRESENTATION_CONTEXT(2) 
PARAMETRIC_REPRESENTATION_CONTEXT() REPRESENTATION_CONTEXT('2D SPACE',''
  ) );
#2375 = PCURVE('',#1934,#2376);
#2376 = DEFINITIONAL_REPRESENTATION('',(#2377),#2381);
#2377 = LINE('',#2378,#2379);
#2378 = CARTESIAN_POINT('',(-3.153033389935E-14,-28.));
#2379 = VECTOR('',#2380,1.);
#2380 = DIRECTION('',(1.,8.881784197001E-16));
#2381 = ( GEOMETRIC_REPRESENTATION_CONTEXT(2) 
PARAMETRIC_REPRESENTATION_CONTEXT() REPRESENTATION_CONTEXT('2D SPACE',''
  ) );
#2382 = ORIENTED_EDGE('',*,*,#2241,.T.);
#2383 = ORIENTED_EDGE('',*,*,#1335,.F.);
#2384 = ADVANCED_FACE('',(#2385),#1164,.T.);
#2385 = FACE_BOUND('',#2386,.F.);
#2386 = EDGE_LOOP('',(#2387,#2410,#2431,#2432));
#2387 = ORIENTED_EDGE('',*,*,#2388,.F.);
#2388 = EDGE_CURVE('',#2389,#1149,#2391,.T.);
#2389 = VERTEX_POINT('',#2390);
#2390 = CARTESIAN_POINT('',(13.,-65.,7.016609515631E-14));
#2391 = SURFACE_CURVE('',#2392,(#2396,#2403),.PCURVE_S1.);
#2392 = LINE('',#2393,#2394);
#2393 = CARTESIAN_POINT('',(15.625562544945,-61.07451856955,
    2.625562544945));
#2394 = VECTOR('',#2395,1.);
#2395 = DIRECTION('',(0.485910755681,0.726485701874,0.485910755681));
#2396 = PCURVE('',#1164,#2397);
#2397 = DEFINITIONAL_REPRESENTATION('',(#2398),#2402);
#2398 = LINE('',#2399,#2400);
#2399 = CARTESIAN_POINT('',(-3.925481430446,2.298892597547));
#2400 = VECTOR('',#2401,1.);
#2401 = DIRECTION('',(-0.726485701874,0.687181580787));
#2402 = ( GEOMETRIC_REPRESENTATION_CONTEXT(2) 
PARAMETRIC_REPRESENTATION_CONTEXT() REPRESENTATION_CONTEXT('2D SPACE',''
  ) );
#2403 = PCURVE('',#1192,#2404);
#2404 = DEFINITIONAL_REPRESENTATION('',(#2405),#2409);
#2405 = LINE('',#2406,#2407);
#2406 = CARTESIAN_POINT('',(-8.274518569554,2.298892597547));
#2407 = VECTOR('',#2408,1.);
#2408 = DIRECTION('',(0.726485701874,0.687181580787));
#2409 = ( GEOMETRIC_REPRESENTATION_CONTEXT(2) 
PARAMETRIC_REPRESENTATION_CONTEXT() REPRESENTATION_CONTEXT('2D SPACE',''
  ) );
#2410 = ORIENTED_EDGE('',*,*,#2411,.T.);
#2411 = EDGE_CURVE('',#2389,#2292,#2412,.T.);
#2412 = SURFACE_CURVE('',#2413,(#2417,#2424),.PCURVE_S1.);
#2413 = LINE('',#2414,#2415);
#2414 = CARTESIAN_POINT('',(13.,-65.,9.161244848984E-14));
#2415 = VECTOR('',#2416,1.);
#2416 = DIRECTION('',(-1.503502986336E-15,0.38182451785,0.924234838971)
  );
#2417 = PCURVE('',#1164,#2418);
#2418 = DEFINITIONAL_REPRESENTATION('',(#2419),#2423);
#2419 = LINE('',#2420,#2421);
#2420 = CARTESIAN_POINT('',(-6.217248937901E-15,-1.414213562373));
#2421 = VECTOR('',#2422,1.);
#2422 = DIRECTION('',(-1.,-1.33226762955E-15));
#2423 = ( GEOMETRIC_REPRESENTATION_CONTEXT(2) 
PARAMETRIC_REPRESENTATION_CONTEXT() REPRESENTATION_CONTEXT('2D SPACE',''
  ) );
#2424 = PCURVE('',#1988,#2425);
#2425 = DEFINITIONAL_REPRESENTATION('',(#2426),#2430);
#2426 = LINE('',#2427,#2428);
#2427 = CARTESIAN_POINT('',(-3.715586625219E-14,-28.));
#2428 = VECTOR('',#2429,1.);
#2429 = DIRECTION('',(1.,1.160013735576E-15));
#2430 = ( GEOMETRIC_REPRESENTATION_CONTEXT(2) 
PARAMETRIC_REPRESENTATION_CONTEXT() REPRESENTATION_CONTEXT('2D SPACE',''
  ) );
#2431 = ORIENTED_EDGE('',*,*,#2314,.T.);
#2432 = ORIENTED_EDGE('',*,*,#1148,.F.);
#2433 = ADVANCED_FACE('',(#2434),#1323,.T.);
#2434 = FACE_BOUND('',#2435,.F.);
#2435 = EDGE_LOOP('',(#2436,#2437,#2460,#2481));
#2436 = ORIENTED_EDGE('',*,*,#2339,.F.);
#2437 = ORIENTED_EDGE('',*,*,#2438,.T.);
#2438 = EDGE_CURVE('',#2340,#2439,#2441,.T.);
#2439 = VERTEX_POINT('',#2440);
#2440 = CARTESIAN_POINT('',(13.,-8.2,1.247890679679E-14));
#2441 = SURFACE_CURVE('',#2442,(#2446,#2453),.PCURVE_S1.);
#2442 = LINE('',#2443,#2444);
#2443 = CARTESIAN_POINT('',(13.,-1.50990331349E-14,5.71764857682E-15));
#2444 = VECTOR('',#2445,1.);
#2445 = DIRECTION('',(4.440892098501E-16,-1.,1.443289932013E-15));
#2446 = PCURVE('',#1323,#2447);
#2447 = DEFINITIONAL_REPRESENTATION('',(#2448),#2452);
#2448 = LINE('',#2449,#2450);
#2449 = CARTESIAN_POINT('',(1.7763568394E-15,-1.414213562373));
#2450 = VECTOR('',#2451,1.);
#2451 = DIRECTION('',(-1.,1.256073966947E-15));
#2452 = ( GEOMETRIC_REPRESENTATION_CONTEXT(2) 
PARAMETRIC_REPRESENTATION_CONTEXT() REPRESENTATION_CONTEXT('2D SPACE',''
  ) );
#2453 = PCURVE('',#2042,#2454);
#2454 = DEFINITIONAL_REPRESENTATION('',(#2455),#2459);
#2455 = LINE('',#2456,#2457);
#2456 = CARTESIAN_POINT('',(-13.,32.5));
#2457 = VECTOR('',#2458,1.);
#2458 = DIRECTION('',(-8.881784197001E-16,-1.));
#2459 = ( GEOMETRIC_REPRESENTATION_CONTEXT(2) 
PARAMETRIC_REPRESENTATION_CONTEXT() REPRESENTATION_CONTEXT('2D SPACE',''
  ) );
#2460 = ORIENTED_EDGE('',*,*,#2461,.T.);
#2461 = EDGE_CURVE('',#2439,#1280,#2462,.T.);
#2462 = SURFACE_CURVE('',#2463,(#2467,#2474),.PCURVE_S1.);
#2463 = LINE('',#2464,#2465);
#2464 = CARTESIAN_POINT('',(11.966666666667,-7.166666666667,
    -1.033333333333));
#2465 = VECTOR('',#2466,1.);
#2466 = DIRECTION('',(0.57735026919,-0.57735026919,0.57735026919));
#2467 = PCURVE('',#1323,#2468);
#2468 = DEFINITIONAL_REPRESENTATION('',(#2469),#2473);
#2469 = LINE('',#2470,#2471);
#2470 = CARTESIAN_POINT('',(-7.166666666667,-2.875567576825));
#2471 = VECTOR('',#2472,1.);
#2472 = DIRECTION('',(-0.57735026919,0.816496580928));
#2473 = ( GEOMETRIC_REPRESENTATION_CONTEXT(2) 
PARAMETRIC_REPRESENTATION_CONTEXT() REPRESENTATION_CONTEXT('2D SPACE',''
  ) );
#2474 = PCURVE('',#1295,#2475);
#2475 = DEFINITIONAL_REPRESENTATION('',(#2476),#2480);
#2476 = LINE('',#2477,#2478);
#2477 = CARTESIAN_POINT('',(-0.966666666667,-2.875567576825));
#2478 = VECTOR('',#2479,1.);
#2479 = DIRECTION('',(-0.57735026919,0.816496580928));
#2480 = ( GEOMETRIC_REPRESENTATION_CONTEXT(2) 
PARAMETRIC_REPRESENTATION_CONTEXT() REPRESENTATION_CONTEXT('2D SPACE',''
  ) );
#2481 = ORIENTED_EDGE('',*,*,#1307,.F.);
#2482 = ADVANCED_FACE('',(#2483),#1192,.T.);
#2483 = FACE_BOUND('',#2484,.F.);
#2484 = EDGE_LOOP('',(#2485,#2506,#2527,#2528));
#2485 = ORIENTED_EDGE('',*,*,#2486,.F.);
#2486 = EDGE_CURVE('',#1502,#1177,#2487,.T.);
#2487 = SURFACE_CURVE('',#2488,(#2492,#2499),.PCURVE_S1.);
#2488 = LINE('',#2489,#2490);
#2489 = CARTESIAN_POINT('',(13.666666666667,-52.13333333333,
    0.666666666667));
#2490 = VECTOR('',#2491,1.);
#2491 = DIRECTION('',(0.57735026919,0.57735026919,0.57735026919));
#2492 = PCURVE('',#1192,#2493);
#2493 = DEFINITIONAL_REPRESENTATION('',(#2494),#2498);
#2494 = LINE('',#2495,#2496);
#2495 = CARTESIAN_POINT('',(0.666666666667,-0.471404520791));
#2496 = VECTOR('',#2497,1.);
#2497 = DIRECTION('',(0.57735026919,0.816496580928));
#2498 = ( GEOMETRIC_REPRESENTATION_CONTEXT(2) 
PARAMETRIC_REPRESENTATION_CONTEXT() REPRESENTATION_CONTEXT('2D SPACE',''
  ) );
#2499 = PCURVE('',#1220,#2500);
#2500 = DEFINITIONAL_REPRESENTATION('',(#2501),#2505);
#2501 = LINE('',#2502,#2503);
#2502 = CARTESIAN_POINT('',(0.666666666667,-0.471404520791));
#2503 = VECTOR('',#2504,1.);
#2504 = DIRECTION('',(0.57735026919,0.816496580928));
#2505 = ( GEOMETRIC_REPRESENTATION_CONTEXT(2) 
PARAMETRIC_REPRESENTATION_CONTEXT() REPRESENTATION_CONTEXT('2D SPACE',''
  ) );
#2506 = ORIENTED_EDGE('',*,*,#2507,.T.);
#2507 = EDGE_CURVE('',#1502,#2389,#2508,.T.);
#2508 = SURFACE_CURVE('',#2509,(#2513,#2520),.PCURVE_S1.);
#2509 = LINE('',#2510,#2511);
#2510 = CARTESIAN_POINT('',(13.,-52.8,7.019940184705E-14));
#2511 = VECTOR('',#2512,1.);
#2512 = DIRECTION('',(4.440892098501E-16,-1.,1.443289932013E-15));
#2513 = PCURVE('',#1192,#2514);
#2514 = DEFINITIONAL_REPRESENTATION('',(#2515),#2519);
#2515 = LINE('',#2516,#2517);
#2516 = CARTESIAN_POINT('',(1.443289932013E-15,-1.414213562373));
#2517 = VECTOR('',#2518,1.);
#2518 = DIRECTION('',(-1.,1.256073966947E-15));
#2519 = ( GEOMETRIC_REPRESENTATION_CONTEXT(2) 
PARAMETRIC_REPRESENTATION_CONTEXT() REPRESENTATION_CONTEXT('2D SPACE',''
  ) );
#2520 = PCURVE('',#1517,#2521);
#2521 = DEFINITIONAL_REPRESENTATION('',(#2522),#2526);
#2522 = LINE('',#2523,#2524);
#2523 = CARTESIAN_POINT('',(-13.,-20.3));
#2524 = VECTOR('',#2525,1.);
#2525 = DIRECTION('',(-8.881784197001E-16,-1.));
#2526 = ( GEOMETRIC_REPRESENTATION_CONTEXT(2) 
PARAMETRIC_REPRESENTATION_CONTEXT() REPRESENTATION_CONTEXT('2D SPACE',''
  ) );
#2527 = ORIENTED_EDGE('',*,*,#2388,.T.);
#2528 = ORIENTED_EDGE('',*,*,#1176,.F.);
#2529 = ADVANCED_FACE('',(#2530),#1295,.F.);
#2530 = FACE_BOUND('',#2531,.T.);
#2531 = EDGE_LOOP('',(#2532,#2533,#2554,#2555));
#2532 = ORIENTED_EDGE('',*,*,#2140,.F.);
#2533 = ORIENTED_EDGE('',*,*,#2534,.T.);
#2534 = EDGE_CURVE('',#1394,#2439,#2535,.T.);
#2535 = SURFACE_CURVE('',#2536,(#2540,#2547),.PCURVE_S1.);
#2536 = LINE('',#2537,#2538);
#2537 = CARTESIAN_POINT('',(13.,-8.2,-2.));
#2538 = VECTOR('',#2539,1.);
#2539 = DIRECTION('',(-1.443289932013E-15,-1.110223024625E-16,1.));
#2540 = PCURVE('',#1295,#2541);
#2541 = DEFINITIONAL_REPRESENTATION('',(#2542),#2546);
#2542 = LINE('',#2543,#2544);
#2543 = CARTESIAN_POINT('',(-1.183291357832E-30,-1.414213562373));
#2544 = VECTOR('',#2545,1.);
#2545 = DIRECTION('',(-1.,-5.916456789158E-31));
#2546 = ( GEOMETRIC_REPRESENTATION_CONTEXT(2) 
PARAMETRIC_REPRESENTATION_CONTEXT() REPRESENTATION_CONTEXT('2D SPACE',''
  ) );
#2547 = PCURVE('',#1432,#2548);
#2548 = DEFINITIONAL_REPRESENTATION('',(#2549),#2553);
#2549 = LINE('',#2550,#2551);
#2550 = CARTESIAN_POINT('',(-3.264055692398E-14,-28.));
#2551 = VECTOR('',#2552,1.);
#2552 = DIRECTION('',(1.,8.881784197001E-16));
#2553 = ( GEOMETRIC_REPRESENTATION_CONTEXT(2) 
PARAMETRIC_REPRESENTATION_CONTEXT() REPRESENTATION_CONTEXT('2D SPACE',''
  ) );
#2554 = ORIENTED_EDGE('',*,*,#2461,.T.);
#2555 = ORIENTED_EDGE('',*,*,#1279,.F.);
#2556 = ADVANCED_FACE('',(#2557),#1220,.F.);
#2557 = FACE_BOUND('',#2558,.T.);
#2558 = EDGE_LOOP('',(#2559,#2560,#2561,#2562));
#2559 = ORIENTED_EDGE('',*,*,#2486,.F.);
#2560 = ORIENTED_EDGE('',*,*,#1529,.T.);
#2561 = ORIENTED_EDGE('',*,*,#1602,.T.);
#2562 = ORIENTED_EDGE('',*,*,#1204,.F.);
#2563 = ADVANCED_FACE('',(#2564),#1432,.F.);
#2564 = FACE_BOUND('',#2565,.F.);
#2565 = EDGE_LOOP('',(#2566,#2567,#2568,#2589));
#2566 = ORIENTED_EDGE('',*,*,#1416,.T.);
#2567 = ORIENTED_EDGE('',*,*,#2534,.T.);
#2568 = ORIENTED_EDGE('',*,*,#2569,.F.);
#2569 = EDGE_CURVE('',#2006,#2439,#2570,.T.);
#2570 = SURFACE_CURVE('',#2571,(#2575,#2582),.PCURVE_S1.);
#2571 = LINE('',#2572,#2573);
#2572 = CARTESIAN_POINT('',(-15.,-8.2,1.349649606038E-14));
#2573 = VECTOR('',#2574,1.);
#2574 = DIRECTION('',(1.,-1.110223024625E-15,-1.110223024625E-16));
#2575 = PCURVE('',#1432,#2576);
#2576 = DEFINITIONAL_REPRESENTATION('',(#2577),#2581);
#2577 = LINE('',#2578,#2579);
#2578 = CARTESIAN_POINT('',(2.,1.554312234475E-15));
#2579 = VECTOR('',#2580,1.);
#2580 = DIRECTION('',(-1.110223024625E-15,-1.));
#2581 = ( GEOMETRIC_REPRESENTATION_CONTEXT(2) 
PARAMETRIC_REPRESENTATION_CONTEXT() REPRESENTATION_CONTEXT('2D SPACE',''
  ) );
#2582 = PCURVE('',#2042,#2583);
#2583 = DEFINITIONAL_REPRESENTATION('',(#2584),#2588);
#2584 = LINE('',#2585,#2586);
#2585 = CARTESIAN_POINT('',(15.,24.3));
#2586 = VECTOR('',#2587,1.);
#2587 = DIRECTION('',(-1.,-1.110223024625E-15));
#2588 = ( GEOMETRIC_REPRESENTATION_CONTEXT(2) 
PARAMETRIC_REPRESENTATION_CONTEXT() REPRESENTATION_CONTEXT('2D SPACE',''
  ) );
#2589 = ORIENTED_EDGE('',*,*,#2107,.F.);
#2590 = ADVANCED_FACE('',(#2591),#1484,.F.);
#2591 = FACE_BOUND('',#2592,.F.);
#2592 = EDGE_LOOP('',(#2593,#2616,#2649,#2678,#2704,#2705));
#2593 = ORIENTED_EDGE('',*,*,#2594,.F.);
#2594 = EDGE_CURVE('',#2595,#1468,#2597,.T.);
#2595 = VERTEX_POINT('',#2596);
#2596 = CARTESIAN_POINT('',(2.5,-10.791558,10.));
#2597 = SEAM_CURVE('',#2598,(#2602,#2609),.PCURVE_S1.);
#2598 = LINE('',#2599,#2600);
#2599 = CARTESIAN_POINT('',(2.5,-10.791558,109.94164315672));
#2600 = VECTOR('',#2601,1.);
#2601 = DIRECTION('',(8.881784197001E-16,-2.958228394579E-31,-1.));
#2602 = PCURVE('',#1484,#2603);
#2603 = DEFINITIONAL_REPRESENTATION('',(#2604),#2608);
#2604 = LINE('',#2605,#2606);
#2605 = CARTESIAN_POINT('',(6.28318530718,0.));
#2606 = VECTOR('',#2607,1.);
#2607 = DIRECTION('',(0.,-1.));
#2608 = ( GEOMETRIC_REPRESENTATION_CONTEXT(2) 
PARAMETRIC_REPRESENTATION_CONTEXT() REPRESENTATION_CONTEXT('2D SPACE',''
  ) );
#2609 = PCURVE('',#1484,#2610);
#2610 = DEFINITIONAL_REPRESENTATION('',(#2611),#2615);
#2611 = LINE('',#2612,#2613);
#2612 = CARTESIAN_POINT('',(0.,0.));
#2613 = VECTOR('',#2614,1.);
#2614 = DIRECTION('',(0.,-1.));
#2615 = ( GEOMETRIC_REPRESENTATION_CONTEXT(2) 
PARAMETRIC_REPRESENTATION_CONTEXT() REPRESENTATION_CONTEXT('2D SPACE',''
  ) );
#2616 = ORIENTED_EDGE('',*,*,#2617,.F.);
#2617 = EDGE_CURVE('',#2618,#2595,#2620,.T.);
#2618 = VERTEX_POINT('',#2619);
#2619 = CARTESIAN_POINT('',(2.215403379215,-11.95,10.));
#2620 = SURFACE_CURVE('',#2621,(#2626,#2633),.PCURVE_S1.);
#2621 = CIRCLE('',#2622,2.5);
#2622 = AXIS2_PLACEMENT_3D('',#2623,#2624,#2625);
#2623 = CARTESIAN_POINT('',(-2.867707963466E-14,-10.791558,10.));
#2624 = DIRECTION('',(2.341930812375E-31,8.881784197001E-16,1.));
#2625 = DIRECTION('',(1.,-6.661338147751E-16,3.574525976783E-31));
#2626 = PCURVE('',#1484,#2627);
#2627 = DEFINITIONAL_REPRESENTATION('',(#2628),#2632);
#2628 = LINE('',#2629,#2630);
#2629 = CARTESIAN_POINT('',(0.,-99.94164315672));
#2630 = VECTOR('',#2631,1.);
#2631 = DIRECTION('',(1.,0.));
#2632 = ( GEOMETRIC_REPRESENTATION_CONTEXT(2) 
PARAMETRIC_REPRESENTATION_CONTEXT() REPRESENTATION_CONTEXT('2D SPACE',''
  ) );
#2633 = PCURVE('',#2634,#2639);
#2634 = PLANE('',#2635);
#2635 = AXIS2_PLACEMENT_3D('',#2636,#2637,#2638);
#2636 = CARTESIAN_POINT('',(-15.,1.554312234475E-14,10.));
#2637 = DIRECTION('',(1.221245327088E-15,-1.110223024625E-16,-1.));
#2638 = DIRECTION('',(4.440892098501E-16,-1.,1.443289932013E-15));
#2639 = DEFINITIONAL_REPRESENTATION('',(#2640),#2648);
#2640 = ( BOUNDED_CURVE() B_SPLINE_CURVE(2,(#2641,#2642,#2643,#2644,
#2645,#2646,#2647),.UNSPECIFIED.,.T.,.F.) B_SPLINE_CURVE_WITH_KNOTS((1,2
    ,2,2,2,1),(-2.094395102393,0.,2.094395102393,4.188790204786,
6.28318530718,8.377580409573),.UNSPECIFIED.) CURVE() 
GEOMETRIC_REPRESENTATION_ITEM() RATIONAL_B_SPLINE_CURVE((1.,0.5,1.,0.5,
1.,0.5,1.)) REPRESENTATION_ITEM('') );
#2641 = CARTESIAN_POINT('',(10.791558,-17.5));
#2642 = CARTESIAN_POINT('',(6.461430981078,-17.5));
#2643 = CARTESIAN_POINT('',(8.626494490539,-13.75));
#2644 = CARTESIAN_POINT('',(10.791558,-10.));
#2645 = CARTESIAN_POINT('',(12.956621509461,-13.75));
#2646 = CARTESIAN_POINT('',(15.121685018922,-17.5));
#2647 = CARTESIAN_POINT('',(10.791558,-17.5));
#2648 = ( GEOMETRIC_REPRESENTATION_CONTEXT(2) 
PARAMETRIC_REPRESENTATION_CONTEXT() REPRESENTATION_CONTEXT('2D SPACE',''
  ) );
#2649 = ORIENTED_EDGE('',*,*,#2650,.F.);
#2650 = EDGE_CURVE('',#2651,#2618,#2653,.T.);
#2651 = VERTEX_POINT('',#2652);
#2652 = CARTESIAN_POINT('',(-2.215403379215,-11.95,10.));
#2653 = SURFACE_CURVE('',#2654,(#2659,#2666),.PCURVE_S1.);
#2654 = CIRCLE('',#2655,2.5);
#2655 = AXIS2_PLACEMENT_3D('',#2656,#2657,#2658);
#2656 = CARTESIAN_POINT('',(-2.885284081804E-14,-10.791558,10.));
#2657 = DIRECTION('',(-4.440892098501E-16,4.440892098501E-16,1.));
#2658 = DIRECTION('',(1.,-4.440892098501E-16,4.440892098501E-16));
#2659 = PCURVE('',#1484,#2660);
#2660 = DEFINITIONAL_REPRESENTATION('',(#2661),#2665);
#2661 = LINE('',#2662,#2663);
#2662 = CARTESIAN_POINT('',(0.,-99.94164315672));
#2663 = VECTOR('',#2664,1.);
#2664 = DIRECTION('',(1.,0.));
#2665 = ( GEOMETRIC_REPRESENTATION_CONTEXT(2) 
PARAMETRIC_REPRESENTATION_CONTEXT() REPRESENTATION_CONTEXT('2D SPACE',''
  ) );
#2666 = PCURVE('',#2667,#2672);
#2667 = PLANE('',#2668);
#2668 = AXIS2_PLACEMENT_3D('',#2669,#2670,#2671);
#2669 = CARTESIAN_POINT('',(1.029378919641E-15,-30.541558,10.));
#2670 = DIRECTION('',(-5.551115123126E-16,-1.110223024625E-16,1.));
#2671 = DIRECTION('',(1.,-4.440892098501E-16,-1.110223024625E-16));
#2672 = DEFINITIONAL_REPRESENTATION('',(#2673),#2677);
#2673 = CIRCLE('',#2674,2.5);
#2674 = AXIS2_PLACEMENT_2D('',#2675,#2676);
#2675 = CARTESIAN_POINT('',(-3.409183950157E-14,19.75));
#2676 = DIRECTION('',(1.,-6.661338147751E-16));
#2677 = ( GEOMETRIC_REPRESENTATION_CONTEXT(2) 
PARAMETRIC_REPRESENTATION_CONTEXT() REPRESENTATION_CONTEXT('2D SPACE',''
  ) );
#2678 = ORIENTED_EDGE('',*,*,#2679,.F.);
#2679 = EDGE_CURVE('',#2595,#2651,#2680,.T.);
#2680 = SURFACE_CURVE('',#2681,(#2686,#2693),.PCURVE_S1.);
#2681 = CIRCLE('',#2682,2.5);
#2682 = AXIS2_PLACEMENT_3D('',#2683,#2684,#2685);
#2683 = CARTESIAN_POINT('',(-2.867707963466E-14,-10.791558,10.));
#2684 = DIRECTION('',(2.341930812375E-31,8.881784197001E-16,1.));
#2685 = DIRECTION('',(1.,-6.661338147751E-16,3.574525976783E-31));
#2686 = PCURVE('',#1484,#2687);
#2687 = DEFINITIONAL_REPRESENTATION('',(#2688),#2692);
#2688 = LINE('',#2689,#2690);
#2689 = CARTESIAN_POINT('',(0.,-99.94164315672));
#2690 = VECTOR('',#2691,1.);
#2691 = DIRECTION('',(1.,0.));
#2692 = ( GEOMETRIC_REPRESENTATION_CONTEXT(2) 
PARAMETRIC_REPRESENTATION_CONTEXT() REPRESENTATION_CONTEXT('2D SPACE',''
  ) );
#2693 = PCURVE('',#2634,#2694);
#2694 = DEFINITIONAL_REPRESENTATION('',(#2695),#2703);
#2695 = ( BOUNDED_CURVE() B_SPLINE_CURVE(2,(#2696,#2697,#2698,#2699,
#2700,#2701,#2702),.UNSPECIFIED.,.T.,.F.) B_SPLINE_CURVE_WITH_KNOTS((1,2
    ,2,2,2,1),(-2.094395102393,0.,2.094395102393,4.188790204786,
6.28318530718,8.377580409573),.UNSPECIFIED.) CURVE() 
GEOMETRIC_REPRESENTATION_ITEM() RATIONAL_B_SPLINE_CURVE((1.,0.5,1.,0.5,
1.,0.5,1.)) REPRESENTATION_ITEM('') );
#2696 = CARTESIAN_POINT('',(10.791558,-17.5));
#2697 = CARTESIAN_POINT('',(6.461430981078,-17.5));
#2698 = CARTESIAN_POINT('',(8.626494490539,-13.75));
#2699 = CARTESIAN_POINT('',(10.791558,-10.));
#2700 = CARTESIAN_POINT('',(12.956621509461,-13.75));
#2701 = CARTESIAN_POINT('',(15.121685018922,-17.5));
#2702 = CARTESIAN_POINT('',(10.791558,-17.5));
#2703 = ( GEOMETRIC_REPRESENTATION_CONTEXT(2) 
PARAMETRIC_REPRESENTATION_CONTEXT() REPRESENTATION_CONTEXT('2D SPACE',''
  ) );
#2704 = ORIENTED_EDGE('',*,*,#2594,.T.);
#2705 = ORIENTED_EDGE('',*,*,#1467,.T.);
#2706 = ADVANCED_FACE('',(#2707),#1517,.T.);
#2707 = FACE_BOUND('',#2708,.T.);
#2708 = EDGE_LOOP('',(#2709,#2730,#2731,#2732));
#2709 = ORIENTED_EDGE('',*,*,#2710,.F.);
#2710 = EDGE_CURVE('',#1950,#2389,#2711,.T.);
#2711 = SURFACE_CURVE('',#2712,(#2716,#2723),.PCURVE_S1.);
#2712 = LINE('',#2713,#2714);
#2713 = CARTESIAN_POINT('',(-15.,-65.,9.547918011776E-14));
#2714 = VECTOR('',#2715,1.);
#2715 = DIRECTION('',(1.,-1.110223024625E-15,-1.110223024625E-16));
#2716 = PCURVE('',#1517,#2717);
#2717 = DEFINITIONAL_REPRESENTATION('',(#2718),#2722);
#2718 = LINE('',#2719,#2720);
#2719 = CARTESIAN_POINT('',(15.,-32.5));
#2720 = VECTOR('',#2721,1.);
#2721 = DIRECTION('',(-1.,-1.110223024625E-15));
#2722 = ( GEOMETRIC_REPRESENTATION_CONTEXT(2) 
PARAMETRIC_REPRESENTATION_CONTEXT() REPRESENTATION_CONTEXT('2D SPACE',''
  ) );
#2723 = PCURVE('',#1988,#2724);
#2724 = DEFINITIONAL_REPRESENTATION('',(#2725),#2729);
#2725 = LINE('',#2726,#2727);
#2726 = CARTESIAN_POINT('',(0.,0.));
#2727 = VECTOR('',#2728,1.);
#2728 = DIRECTION('',(-1.45001716947E-15,-1.));
#2729 = ( GEOMETRIC_REPRESENTATION_CONTEXT(2) 
PARAMETRIC_REPRESENTATION_CONTEXT() REPRESENTATION_CONTEXT('2D SPACE',''
  ) );
#2730 = ORIENTED_EDGE('',*,*,#2080,.F.);
#2731 = ORIENTED_EDGE('',*,*,#1499,.T.);
#2732 = ORIENTED_EDGE('',*,*,#2507,.T.);
#2733 = ADVANCED_FACE('',(#2734,#2765),#1646,.T.);
#2734 = FACE_BOUND('',#2735,.T.);
#2735 = EDGE_LOOP('',(#2736));
#2736 = ORIENTED_EDGE('',*,*,#2737,.T.);
#2737 = EDGE_CURVE('',#2738,#2738,#2740,.T.);
#2738 = VERTEX_POINT('',#2739);
#2739 = CARTESIAN_POINT('',(4.25,-50.291558,10.));
#2740 = SURFACE_CURVE('',#2741,(#2746,#2753),.PCURVE_S1.);
#2741 = CIRCLE('',#2742,4.25);
#2742 = AXIS2_PLACEMENT_3D('',#2743,#2744,#2745);
#2743 = CARTESIAN_POINT('',(7.836300053299E-15,-50.291558,10.));
#2744 = DIRECTION('',(1.110223024625E-16,5.551115123126E-16,1.));
#2745 = DIRECTION('',(1.,-4.440892098501E-16,-1.110223024625E-16));
#2746 = PCURVE('',#1646,#2747);
#2747 = DEFINITIONAL_REPRESENTATION('',(#2748),#2752);
#2748 = CIRCLE('',#2749,4.25);
#2749 = AXIS2_PLACEMENT_2D('',#2750,#2751);
#2750 = CARTESIAN_POINT('',(1.119230208093E-14,-19.75));
#2751 = DIRECTION('',(1.,-4.440892098501E-16));
#2752 = ( GEOMETRIC_REPRESENTATION_CONTEXT(2) 
PARAMETRIC_REPRESENTATION_CONTEXT() REPRESENTATION_CONTEXT('2D SPACE',''
  ) );
#2753 = PCURVE('',#2754,#2759);
#2754 = CYLINDRICAL_SURFACE('',#2755,4.25);
#2755 = AXIS2_PLACEMENT_3D('',#2756,#2757,#2758);
#2756 = CARTESIAN_POINT('',(-3.330669073875E-15,-50.291558,10.));
#2757 = DIRECTION('',(1.110223024625E-16,-3.330669073875E-16,-1.));
#2758 = DIRECTION('',(1.,-2.22044604925E-16,1.110223024625E-16));
#2759 = DEFINITIONAL_REPRESENTATION('',(#2760),#2764);
#2760 = LINE('',#2761,#2762);
#2761 = CARTESIAN_POINT('',(-0.,0.));
#2762 = VECTOR('',#2763,1.);
#2763 = DIRECTION('',(-1.,0.));
#2764 = ( GEOMETRIC_REPRESENTATION_CONTEXT(2) 
PARAMETRIC_REPRESENTATION_CONTEXT() REPRESENTATION_CONTEXT('2D SPACE',''
  ) );
#2765 = FACE_BOUND('',#2766,.T.);
#2766 = EDGE_LOOP('',(#2767));
#2767 = ORIENTED_EDGE('',*,*,#1629,.F.);
#2768 = ADVANCED_FACE('',(#2769),#1772,.T.);
#2769 = FACE_BOUND('',#2770,.T.);
#2770 = EDGE_LOOP('',(#2771,#2794,#2795,#2818));
#2771 = ORIENTED_EDGE('',*,*,#2772,.F.);
#2772 = EDGE_CURVE('',#1712,#2773,#2775,.T.);
#2773 = VERTEX_POINT('',#2774);
#2774 = CARTESIAN_POINT('',(-4.089072282638,-11.95,10.));
#2775 = SURFACE_CURVE('',#2776,(#2780,#2787),.PCURVE_S1.);
#2776 = LINE('',#2777,#2778);
#2777 = CARTESIAN_POINT('',(-15.,-11.95,10.));
#2778 = VECTOR('',#2779,1.);
#2779 = DIRECTION('',(1.,-1.110223024625E-15,-1.110223024625E-16));
#2780 = PCURVE('',#1772,#2781);
#2781 = DEFINITIONAL_REPRESENTATION('',(#2782),#2786);
#2782 = LINE('',#2783,#2784);
#2783 = CARTESIAN_POINT('',(-15.,35.));
#2784 = VECTOR('',#2785,1.);
#2785 = DIRECTION('',(1.,8.881784197001E-16));
#2786 = ( GEOMETRIC_REPRESENTATION_CONTEXT(2) 
PARAMETRIC_REPRESENTATION_CONTEXT() REPRESENTATION_CONTEXT('2D SPACE',''
  ) );
#2787 = PCURVE('',#1826,#2788);
#2788 = DEFINITIONAL_REPRESENTATION('',(#2789),#2793);
#2789 = LINE('',#2790,#2791);
#2790 = CARTESIAN_POINT('',(11.95,-9.758860386455E-15));
#2791 = VECTOR('',#2792,1.);
#2792 = DIRECTION('',(1.110223024625E-15,-1.));
#2793 = ( GEOMETRIC_REPRESENTATION_CONTEXT(2) 
PARAMETRIC_REPRESENTATION_CONTEXT() REPRESENTATION_CONTEXT('2D SPACE',''
  ) );
#2794 = ORIENTED_EDGE('',*,*,#1758,.T.);
#2795 = ORIENTED_EDGE('',*,*,#2796,.T.);
#2796 = EDGE_CURVE('',#1736,#2797,#2799,.T.);
#2797 = VERTEX_POINT('',#2798);
#2798 = CARTESIAN_POINT('',(-4.089072282638,-11.95,80.));
#2799 = SURFACE_CURVE('',#2800,(#2804,#2811),.PCURVE_S1.);
#2800 = LINE('',#2801,#2802);
#2801 = CARTESIAN_POINT('',(-15.,-11.95,80.));
#2802 = VECTOR('',#2803,1.);
#2803 = DIRECTION('',(1.,-1.110223024625E-15,-1.110223024625E-16));
#2804 = PCURVE('',#1772,#2805);
#2805 = DEFINITIONAL_REPRESENTATION('',(#2806),#2810);
#2806 = LINE('',#2807,#2808);
#2807 = CARTESIAN_POINT('',(-15.,-35.));
#2808 = VECTOR('',#2809,1.);
#2809 = DIRECTION('',(1.,8.881784197001E-16));
#2810 = ( GEOMETRIC_REPRESENTATION_CONTEXT(2) 
PARAMETRIC_REPRESENTATION_CONTEXT() REPRESENTATION_CONTEXT('2D SPACE',''
  ) );
#2811 = PCURVE('',#1880,#2812);
#2812 = DEFINITIONAL_REPRESENTATION('',(#2813),#2817);
#2813 = LINE('',#2814,#2815);
#2814 = CARTESIAN_POINT('',(0.,0.));
#2815 = VECTOR('',#2816,1.);
#2816 = DIRECTION('',(1.110223024625E-15,-1.));
#2817 = ( GEOMETRIC_REPRESENTATION_CONTEXT(2) 
PARAMETRIC_REPRESENTATION_CONTEXT() REPRESENTATION_CONTEXT('2D SPACE',''
  ) );
#2818 = ORIENTED_EDGE('',*,*,#2819,.T.);
#2819 = EDGE_CURVE('',#2797,#2773,#2820,.T.);
#2820 = SURFACE_CURVE('',#2821,(#2825,#2832),.PCURVE_S1.);
#2821 = LINE('',#2822,#2823);
#2822 = CARTESIAN_POINT('',(-4.089072282638,-11.95,10.));
#2823 = VECTOR('',#2824,1.);
#2824 = DIRECTION('',(1.110223024625E-16,-3.330669073875E-16,-1.));
#2825 = PCURVE('',#1772,#2826);
#2826 = DEFINITIONAL_REPRESENTATION('',(#2827),#2831);
#2827 = LINE('',#2828,#2829);
#2828 = CARTESIAN_POINT('',(-4.089072282638,35.));
#2829 = VECTOR('',#2830,1.);
#2830 = DIRECTION('',(2.22044604925E-16,1.));
#2831 = ( GEOMETRIC_REPRESENTATION_CONTEXT(2) 
PARAMETRIC_REPRESENTATION_CONTEXT() REPRESENTATION_CONTEXT('2D SPACE',''
  ) );
#2832 = PCURVE('',#2833,#2838);
#2833 = CYLINDRICAL_SURFACE('',#2834,4.25);
#2834 = AXIS2_PLACEMENT_3D('',#2835,#2836,#2837);
#2835 = CARTESIAN_POINT('',(-3.330669073875E-15,-10.791558,10.));
#2836 = DIRECTION('',(1.110223024625E-16,-3.330669073875E-16,-1.));
#2837 = DIRECTION('',(1.,-2.22044604925E-16,1.110223024625E-16));
#2838 = DEFINITIONAL_REPRESENTATION('',(#2839),#2843);
#2839 = LINE('',#2840,#2841);
#2840 = CARTESIAN_POINT('',(-3.41766058731,2.572257962186E-16));
#2841 = VECTOR('',#2842,1.);
#2842 = DIRECTION('',(-0.,1.));
#2843 = ( GEOMETRIC_REPRESENTATION_CONTEXT(2) 
PARAMETRIC_REPRESENTATION_CONTEXT() REPRESENTATION_CONTEXT('2D SPACE',''
  ) );
#2844 = ADVANCED_FACE('',(#2845),#1826,.F.);
#2845 = FACE_BOUND('',#2846,.F.);
#2846 = EDGE_LOOP('',(#2847,#2848,#2869,#2870,#2893,#2925,#2955));
#2847 = ORIENTED_EDGE('',*,*,#1812,.F.);
#2848 = ORIENTED_EDGE('',*,*,#2849,.T.);
#2849 = EDGE_CURVE('',#1788,#2242,#2850,.T.);
#2850 = SURFACE_CURVE('',#2851,(#2855,#2862),.PCURVE_S1.);
#2851 = LINE('',#2852,#2853);
#2852 = CARTESIAN_POINT('',(-15.,1.554312234475E-14,10.));
#2853 = VECTOR('',#2854,1.);
#2854 = DIRECTION('',(1.,-1.110223024625E-15,-1.110223024625E-16));
#2855 = PCURVE('',#1826,#2856);
#2856 = DEFINITIONAL_REPRESENTATION('',(#2857),#2861);
#2857 = LINE('',#2858,#2859);
#2858 = CARTESIAN_POINT('',(0.,0.));
#2859 = VECTOR('',#2860,1.);
#2860 = DIRECTION('',(1.110223024625E-15,-1.));
#2861 = ( GEOMETRIC_REPRESENTATION_CONTEXT(2) 
PARAMETRIC_REPRESENTATION_CONTEXT() REPRESENTATION_CONTEXT('2D SPACE',''
  ) );
#2862 = PCURVE('',#1934,#2863);
#2863 = DEFINITIONAL_REPRESENTATION('',(#2864),#2868);
#2864 = LINE('',#2865,#2866);
#2865 = CARTESIAN_POINT('',(10.,7.771561172376E-15));
#2866 = VECTOR('',#2867,1.);
#2867 = DIRECTION('',(-1.110223024625E-15,-1.));
#2868 = ( GEOMETRIC_REPRESENTATION_CONTEXT(2) 
PARAMETRIC_REPRESENTATION_CONTEXT() REPRESENTATION_CONTEXT('2D SPACE',''
  ) );
#2869 = ORIENTED_EDGE('',*,*,#2264,.T.);
#2870 = ORIENTED_EDGE('',*,*,#2871,.F.);
#2871 = EDGE_CURVE('',#2872,#2166,#2874,.T.);
#2872 = VERTEX_POINT('',#2873);
#2873 = CARTESIAN_POINT('',(4.089072282638,-11.95,10.));
#2874 = SURFACE_CURVE('',#2875,(#2879,#2886),.PCURVE_S1.);
#2875 = LINE('',#2876,#2877);
#2876 = CARTESIAN_POINT('',(-15.,-11.95,10.));
#2877 = VECTOR('',#2878,1.);
#2878 = DIRECTION('',(1.,-1.110223024625E-15,-1.110223024625E-16));
#2879 = PCURVE('',#1826,#2880);
#2880 = DEFINITIONAL_REPRESENTATION('',(#2881),#2885);
#2881 = LINE('',#2882,#2883);
#2882 = CARTESIAN_POINT('',(11.95,-9.758860386455E-15));
#2883 = VECTOR('',#2884,1.);
#2884 = DIRECTION('',(1.110223024625E-15,-1.));
#2885 = ( GEOMETRIC_REPRESENTATION_CONTEXT(2) 
PARAMETRIC_REPRESENTATION_CONTEXT() REPRESENTATION_CONTEXT('2D SPACE',''
  ) );
#2886 = PCURVE('',#2204,#2887);
#2887 = DEFINITIONAL_REPRESENTATION('',(#2888),#2892);
#2888 = LINE('',#2889,#2890);
#2889 = CARTESIAN_POINT('',(-15.,35.));
#2890 = VECTOR('',#2891,1.);
#2891 = DIRECTION('',(1.,8.881784197001E-16));
#2892 = ( GEOMETRIC_REPRESENTATION_CONTEXT(2) 
PARAMETRIC_REPRESENTATION_CONTEXT() REPRESENTATION_CONTEXT('2D SPACE',''
  ) );
#2893 = ORIENTED_EDGE('',*,*,#2894,.T.);
#2894 = EDGE_CURVE('',#2872,#2895,#2897,.T.);
#2895 = VERTEX_POINT('',#2896);
#2896 = CARTESIAN_POINT('',(4.25,-10.791558,10.));
#2897 = SURFACE_CURVE('',#2898,(#2903,#2914),.PCURVE_S1.);
#2898 = CIRCLE('',#2899,4.25);
#2899 = AXIS2_PLACEMENT_3D('',#2900,#2901,#2902);
#2900 = CARTESIAN_POINT('',(-9.344618412399E-16,-10.791558,10.));
#2901 = DIRECTION('',(1.110223024625E-16,5.551115123126E-16,1.));
#2902 = DIRECTION('',(1.,-4.440892098501E-16,-1.110223024625E-16));
#2903 = PCURVE('',#1826,#2904);
#2904 = DEFINITIONAL_REPRESENTATION('',(#2905),#2913);
#2905 = ( BOUNDED_CURVE() B_SPLINE_CURVE(2,(#2906,#2907,#2908,#2909,
#2910,#2911,#2912),.UNSPECIFIED.,.T.,.F.) B_SPLINE_CURVE_WITH_KNOTS((1,2
    ,2,2,2,1),(-2.094395102393,0.,2.094395102393,4.188790204786,
6.28318530718,8.377580409573),.UNSPECIFIED.) CURVE() 
GEOMETRIC_REPRESENTATION_ITEM() RATIONAL_B_SPLINE_CURVE((1.,0.5,1.,0.5,
1.,0.5,1.)) REPRESENTATION_ITEM('') );
#2906 = CARTESIAN_POINT('',(10.791558,-19.25));
#2907 = CARTESIAN_POINT('',(3.430342067832,-19.25));
#2908 = CARTESIAN_POINT('',(7.110950033916,-12.875));
#2909 = CARTESIAN_POINT('',(10.791558,-6.5));
#2910 = CARTESIAN_POINT('',(14.472165966084,-12.875));
#2911 = CARTESIAN_POINT('',(18.152773932168,-19.25));
#2912 = CARTESIAN_POINT('',(10.791558,-19.25));
#2913 = ( GEOMETRIC_REPRESENTATION_CONTEXT(2) 
PARAMETRIC_REPRESENTATION_CONTEXT() REPRESENTATION_CONTEXT('2D SPACE',''
  ) );
#2914 = PCURVE('',#2634,#2915);
#2915 = DEFINITIONAL_REPRESENTATION('',(#2916),#2924);
#2916 = ( BOUNDED_CURVE() B_SPLINE_CURVE(2,(#2917,#2918,#2919,#2920,
#2921,#2922,#2923),.UNSPECIFIED.,.T.,.F.) B_SPLINE_CURVE_WITH_KNOTS((1,2
    ,2,2,2,1),(-2.094395102393,0.,2.094395102393,4.188790204786,
6.28318530718,8.377580409573),.UNSPECIFIED.) CURVE() 
GEOMETRIC_REPRESENTATION_ITEM() RATIONAL_B_SPLINE_CURVE((1.,0.5,1.,0.5,
1.,0.5,1.)) REPRESENTATION_ITEM('') );
#2917 = CARTESIAN_POINT('',(10.791558,-19.25));
#2918 = CARTESIAN_POINT('',(3.430342067832,-19.25));
#2919 = CARTESIAN_POINT('',(7.110950033916,-12.875));
#2920 = CARTESIAN_POINT('',(10.791558,-6.5));
#2921 = CARTESIAN_POINT('',(14.472165966084,-12.875));
#2922 = CARTESIAN_POINT('',(18.152773932168,-19.25));
#2923 = CARTESIAN_POINT('',(10.791558,-19.25));
#2924 = ( GEOMETRIC_REPRESENTATION_CONTEXT(2) 
PARAMETRIC_REPRESENTATION_CONTEXT() REPRESENTATION_CONTEXT('2D SPACE',''
  ) );
#2925 = ORIENTED_EDGE('',*,*,#2926,.T.);
#2926 = EDGE_CURVE('',#2895,#2773,#2927,.T.);
#2927 = SURFACE_CURVE('',#2928,(#2933,#2944),.PCURVE_S1.);
#2928 = CIRCLE('',#2929,4.25);
#2929 = AXIS2_PLACEMENT_3D('',#2930,#2931,#2932);
#2930 = CARTESIAN_POINT('',(-9.344618412399E-16,-10.791558,10.));
#2931 = DIRECTION('',(1.110223024625E-16,5.551115123126E-16,1.));
#2932 = DIRECTION('',(1.,-4.440892098501E-16,-1.110223024625E-16));
#2933 = PCURVE('',#1826,#2934);
#2934 = DEFINITIONAL_REPRESENTATION('',(#2935),#2943);
#2935 = ( BOUNDED_CURVE() B_SPLINE_CURVE(2,(#2936,#2937,#2938,#2939,
#2940,#2941,#2942),.UNSPECIFIED.,.T.,.F.) B_SPLINE_CURVE_WITH_KNOTS((1,2
    ,2,2,2,1),(-2.094395102393,0.,2.094395102393,4.188790204786,
6.28318530718,8.377580409573),.UNSPECIFIED.) CURVE() 
GEOMETRIC_REPRESENTATION_ITEM() RATIONAL_B_SPLINE_CURVE((1.,0.5,1.,0.5,
1.,0.5,1.)) REPRESENTATION_ITEM('') );
#2936 = CARTESIAN_POINT('',(10.791558,-19.25));
#2937 = CARTESIAN_POINT('',(3.430342067832,-19.25));
#2938 = CARTESIAN_POINT('',(7.110950033916,-12.875));
#2939 = CARTESIAN_POINT('',(10.791558,-6.5));
#2940 = CARTESIAN_POINT('',(14.472165966084,-12.875));
#2941 = CARTESIAN_POINT('',(18.152773932168,-19.25));
#2942 = CARTESIAN_POINT('',(10.791558,-19.25));
#2943 = ( GEOMETRIC_REPRESENTATION_CONTEXT(2) 
PARAMETRIC_REPRESENTATION_CONTEXT() REPRESENTATION_CONTEXT('2D SPACE',''
  ) );
#2944 = PCURVE('',#2634,#2945);
#2945 = DEFINITIONAL_REPRESENTATION('',(#2946),#2954);
#2946 = ( BOUNDED_CURVE() B_SPLINE_CURVE(2,(#2947,#2948,#2949,#2950,
#2951,#2952,#2953),.UNSPECIFIED.,.T.,.F.) B_SPLINE_CURVE_WITH_KNOTS((1,2
    ,2,2,2,1),(-2.094395102393,0.,2.094395102393,4.188790204786,
6.28318530718,8.377580409573),.UNSPECIFIED.) CURVE() 
GEOMETRIC_REPRESENTATION_ITEM() RATIONAL_B_SPLINE_CURVE((1.,0.5,1.,0.5,
1.,0.5,1.)) REPRESENTATION_ITEM('') );
#2947 = CARTESIAN_POINT('',(10.791558,-19.25));
#2948 = CARTESIAN_POINT('',(3.430342067832,-19.25));
#2949 = CARTESIAN_POINT('',(7.110950033916,-12.875));
#2950 = CARTESIAN_POINT('',(10.791558,-6.5));
#2951 = CARTESIAN_POINT('',(14.472165966084,-12.875));
#2952 = CARTESIAN_POINT('',(18.152773932168,-19.25));
#2953 = CARTESIAN_POINT('',(10.791558,-19.25));
#2954 = ( GEOMETRIC_REPRESENTATION_CONTEXT(2) 
PARAMETRIC_REPRESENTATION_CONTEXT() REPRESENTATION_CONTEXT('2D SPACE',''
  ) );
#2955 = ORIENTED_EDGE('',*,*,#2772,.F.);
#2956 = ADVANCED_FACE('',(#2957),#1880,.F.);
#2957 = FACE_BOUND('',#2958,.F.);
#2958 = EDGE_LOOP('',(#2959,#2960,#2961,#2985,#3006,#3007));
#2959 = ORIENTED_EDGE('',*,*,#1866,.F.);
#2960 = ORIENTED_EDGE('',*,*,#2796,.T.);
#2961 = ORIENTED_EDGE('',*,*,#2962,.F.);
#2962 = EDGE_CURVE('',#2963,#2797,#2965,.T.);
#2963 = VERTEX_POINT('',#2964);
#2964 = CARTESIAN_POINT('',(4.089072282638,-11.95,80.));
#2965 = SURFACE_CURVE('',#2966,(#2971,#2978),.PCURVE_S1.);
#2966 = CIRCLE('',#2967,4.25);
#2967 = AXIS2_PLACEMENT_3D('',#2968,#2969,#2970);
#2968 = CARTESIAN_POINT('',(-1.110223024625E-14,-10.791558,80.));
#2969 = DIRECTION('',(1.110223024625E-16,-3.330669073875E-16,-1.));
#2970 = DIRECTION('',(1.,-2.22044604925E-16,1.110223024625E-16));
#2971 = PCURVE('',#1880,#2972);
#2972 = DEFINITIONAL_REPRESENTATION('',(#2973),#2977);
#2973 = CIRCLE('',#2974,4.25);
#2974 = AXIS2_PLACEMENT_2D('',#2975,#2976);
#2975 = CARTESIAN_POINT('',(-1.158442,-15.));
#2976 = DIRECTION('',(6.661338147751E-16,-1.));
#2977 = ( GEOMETRIC_REPRESENTATION_CONTEXT(2) 
PARAMETRIC_REPRESENTATION_CONTEXT() REPRESENTATION_CONTEXT('2D SPACE',''
  ) );
#2978 = PCURVE('',#2833,#2979);
#2979 = DEFINITIONAL_REPRESENTATION('',(#2980),#2984);
#2980 = LINE('',#2981,#2982);
#2981 = CARTESIAN_POINT('',(-6.28318530718,-70.));
#2982 = VECTOR('',#2983,1.);
#2983 = DIRECTION('',(1.,-0.));
#2984 = ( GEOMETRIC_REPRESENTATION_CONTEXT(2) 
PARAMETRIC_REPRESENTATION_CONTEXT() REPRESENTATION_CONTEXT('2D SPACE',''
  ) );
#2985 = ORIENTED_EDGE('',*,*,#2986,.T.);
#2986 = EDGE_CURVE('',#2963,#2189,#2987,.T.);
#2987 = SURFACE_CURVE('',#2988,(#2992,#2999),.PCURVE_S1.);
#2988 = LINE('',#2989,#2990);
#2989 = CARTESIAN_POINT('',(-15.,-11.95,80.));
#2990 = VECTOR('',#2991,1.);
#2991 = DIRECTION('',(1.,-1.110223024625E-15,-1.110223024625E-16));
#2992 = PCURVE('',#1880,#2993);
#2993 = DEFINITIONAL_REPRESENTATION('',(#2994),#2998);
#2994 = LINE('',#2995,#2996);
#2995 = CARTESIAN_POINT('',(0.,0.));
#2996 = VECTOR('',#2997,1.);
#2997 = DIRECTION('',(1.110223024625E-15,-1.));
#2998 = ( GEOMETRIC_REPRESENTATION_CONTEXT(2) 
PARAMETRIC_REPRESENTATION_CONTEXT() REPRESENTATION_CONTEXT('2D SPACE',''
  ) );
#2999 = PCURVE('',#2204,#3000);
#3000 = DEFINITIONAL_REPRESENTATION('',(#3001),#3005);
#3001 = LINE('',#3002,#3003);
#3002 = CARTESIAN_POINT('',(-15.,-35.));
#3003 = VECTOR('',#3004,1.);
#3004 = DIRECTION('',(1.,8.881784197001E-16));
#3005 = ( GEOMETRIC_REPRESENTATION_CONTEXT(2) 
PARAMETRIC_REPRESENTATION_CONTEXT() REPRESENTATION_CONTEXT('2D SPACE',''
  ) );
#3006 = ORIENTED_EDGE('',*,*,#2291,.T.);
#3007 = ORIENTED_EDGE('',*,*,#3008,.F.);
#3008 = EDGE_CURVE('',#1844,#2292,#3009,.T.);
#3009 = SURFACE_CURVE('',#3010,(#3014,#3021),.PCURVE_S1.);
#3010 = LINE('',#3011,#3012);
#3011 = CARTESIAN_POINT('',(-15.,-31.95,80.));
#3012 = VECTOR('',#3013,1.);
#3013 = DIRECTION('',(1.,-1.110223024625E-15,-1.110223024625E-16));
#3014 = PCURVE('',#1880,#3015);
#3015 = DEFINITIONAL_REPRESENTATION('',(#3016),#3020);
#3016 = LINE('',#3017,#3018);
#3017 = CARTESIAN_POINT('',(20.,-1.86517468137E-14));
#3018 = VECTOR('',#3019,1.);
#3019 = DIRECTION('',(1.110223024625E-15,-1.));
#3020 = ( GEOMETRIC_REPRESENTATION_CONTEXT(2) 
PARAMETRIC_REPRESENTATION_CONTEXT() REPRESENTATION_CONTEXT('2D SPACE',''
  ) );
#3021 = PCURVE('',#1988,#3022);
#3022 = DEFINITIONAL_REPRESENTATION('',(#3023),#3027);
#3023 = LINE('',#3024,#3025);
#3024 = CARTESIAN_POINT('',(86.55808743266,9.970912984159E-14));
#3025 = VECTOR('',#3026,1.);
#3026 = DIRECTION('',(-1.45001716947E-15,-1.));
#3027 = ( GEOMETRIC_REPRESENTATION_CONTEXT(2) 
PARAMETRIC_REPRESENTATION_CONTEXT() REPRESENTATION_CONTEXT('2D SPACE',''
  ) );
#3028 = ADVANCED_FACE('',(#3029),#1934,.F.);
#3029 = FACE_BOUND('',#3030,.F.);
#3030 = EDGE_LOOP('',(#3031,#3052,#3053,#3054));
#3031 = ORIENTED_EDGE('',*,*,#3032,.T.);
#3032 = EDGE_CURVE('',#1896,#2340,#3033,.T.);
#3033 = SURFACE_CURVE('',#3034,(#3038,#3045),.PCURVE_S1.);
#3034 = LINE('',#3035,#3036);
#3035 = CARTESIAN_POINT('',(-15.,1.665334536938E-14,1.665334536938E-15)
  );
#3036 = VECTOR('',#3037,1.);
#3037 = DIRECTION('',(1.,-1.110223024625E-15,-1.110223024625E-16));
#3038 = PCURVE('',#1934,#3039);
#3039 = DEFINITIONAL_REPRESENTATION('',(#3040),#3044);
#3040 = LINE('',#3041,#3042);
#3041 = CARTESIAN_POINT('',(0.,0.));
#3042 = VECTOR('',#3043,1.);
#3043 = DIRECTION('',(-1.110223024625E-15,-1.));
#3044 = ( GEOMETRIC_REPRESENTATION_CONTEXT(2) 
PARAMETRIC_REPRESENTATION_CONTEXT() REPRESENTATION_CONTEXT('2D SPACE',''
  ) );
#3045 = PCURVE('',#2042,#3046);
#3046 = DEFINITIONAL_REPRESENTATION('',(#3047),#3051);
#3047 = LINE('',#3048,#3049);
#3048 = CARTESIAN_POINT('',(15.,32.5));
#3049 = VECTOR('',#3050,1.);
#3050 = DIRECTION('',(-1.,-1.110223024625E-15));
#3051 = ( GEOMETRIC_REPRESENTATION_CONTEXT(2) 
PARAMETRIC_REPRESENTATION_CONTEXT() REPRESENTATION_CONTEXT('2D SPACE',''
  ) );
#3052 = ORIENTED_EDGE('',*,*,#2362,.T.);
#3053 = ORIENTED_EDGE('',*,*,#2849,.F.);
#3054 = ORIENTED_EDGE('',*,*,#1920,.F.);
#3055 = ADVANCED_FACE('',(#3056,#3062),#1988,.T.);
#3056 = FACE_BOUND('',#3057,.T.);
#3057 = EDGE_LOOP('',(#3058,#3059,#3060,#3061));
#3058 = ORIENTED_EDGE('',*,*,#2710,.T.);
#3059 = ORIENTED_EDGE('',*,*,#2411,.T.);
#3060 = ORIENTED_EDGE('',*,*,#3008,.F.);
#3061 = ORIENTED_EDGE('',*,*,#1974,.F.);
#3062 = FACE_BOUND('',#3063,.T.);
#3063 = EDGE_LOOP('',(#3064));
#3064 = ORIENTED_EDGE('',*,*,#3065,.F.);
#3065 = EDGE_CURVE('',#3066,#3066,#3068,.T.);
#3066 = VERTEX_POINT('',#3067);
#3067 = CARTESIAN_POINT('',(4.25,-50.291558,35.602885325265));
#3068 = SURFACE_CURVE('',#3069,(#3074,#3081),.PCURVE_S1.);
#3069 = ELLIPSE('',#3070,11.130767672884,4.25);
#3070 = AXIS2_PLACEMENT_3D('',#3071,#3072,#3073);
#3071 = CARTESIAN_POINT('',(-6.17316035237E-15,-50.291558,
    35.602885325265));
#3072 = DIRECTION('',(-5.019586194358E-16,-0.924234838971,0.38182451785)
  );
#3073 = DIRECTION('',(-8.724817761036E-17,-0.38182451785,-0.924234838971
    ));
#3074 = PCURVE('',#1988,#3075);
#3075 = DEFINITIONAL_REPRESENTATION('',(#3076),#3080);
#3076 = ELLIPSE('',#3077,11.130767672884,4.25);
#3077 = AXIS2_PLACEMENT_2D('',#3078,#3079);
#3078 = CARTESIAN_POINT('',(38.52147076049,-15.));
#3079 = DIRECTION('',(-1.,-1.492694394178E-16));
#3080 = ( GEOMETRIC_REPRESENTATION_CONTEXT(2) 
PARAMETRIC_REPRESENTATION_CONTEXT() REPRESENTATION_CONTEXT('2D SPACE',''
  ) );
#3081 = PCURVE('',#2754,#3082);
#3082 = DEFINITIONAL_REPRESENTATION('',(#3083),#3114);
#3083 = B_SPLINE_CURVE_WITH_KNOTS('',8,(#3084,#3085,#3086,#3087,#3088,
    #3089,#3090,#3091,#3092,#3093,#3094,#3095,#3096,#3097,#3098,#3099,
    #3100,#3101,#3102,#3103,#3104,#3105,#3106,#3107,#3108,#3109,#3110,
    #3111,#3112,#3113),.UNSPECIFIED.,.F.,.F.,(9,7,7,7,9),(1.570796326795
    ,3.14159265359,4.319689898686,6.08683576633,7.853981633974),
  .UNSPECIFIED.);
#3084 = CARTESIAN_POINT('',(0.,-25.60288532526));
#3085 = CARTESIAN_POINT('',(-0.196349540849,-27.6228200874));
#3086 = CARTESIAN_POINT('',(-0.392699081698,-29.64275532911));
#3087 = CARTESIAN_POINT('',(-0.589048622547,-31.54402023638));
#3088 = CARTESIAN_POINT('',(-0.785398163399,-33.20796778186));
#3089 = CARTESIAN_POINT('',(-0.981747704244,-34.53051424375));
#3090 = CARTESIAN_POINT('',(-1.178097245096,-35.43705585972));
#3091 = CARTESIAN_POINT('',(-1.374446785946,-35.89032859304));
#3092 = CARTESIAN_POINT('',(-1.718058482432,-35.89032859304));
#3093 = CARTESIAN_POINT('',(-1.865320638069,-35.63536200771));
#3094 = CARTESIAN_POINT('',(-2.012582793706,-35.125435118));
#3095 = CARTESIAN_POINT('',(-2.159844949343,-34.3723248386));
#3096 = CARTESIAN_POINT('',(-2.30710710498,-33.39965446245));
#3097 = CARTESIAN_POINT('',(-2.454369260617,-32.24141200062));
#3098 = CARTESIAN_POINT('',(-2.601631416254,-30.93935171305));
#3099 = CARTESIAN_POINT('',(-2.969786805347,-27.44027099351));
#3100 = CARTESIAN_POINT('',(-3.190680038801,-25.12128581892));
#3101 = CARTESIAN_POINT('',(-3.411573272249,-22.73887848301));
#3102 = CARTESIAN_POINT('',(-3.632466505711,-20.47193337525));
#3103 = CARTESIAN_POINT('',(-3.853359739169,-18.49807509333));
#3104 = CARTESIAN_POINT('',(-4.074252972624,-16.96242064937));
#3105 = CARTESIAN_POINT('',(-4.29514620608,-15.95644083384));
#3106 = CARTESIAN_POINT('',(-4.736932672991,-15.06978395664));
#3107 = CARTESIAN_POINT('',(-4.957825906444,-15.18910640422));
#3108 = CARTESIAN_POINT('',(-5.178719139898,-15.90403266144));
#3109 = CARTESIAN_POINT('',(-5.399612373367,-17.1889970158));
#3110 = CARTESIAN_POINT('',(-5.620505606799,-18.9545739043));
#3111 = CARTESIAN_POINT('',(-5.841398840265,-21.05803085269));
#3112 = CARTESIAN_POINT('',(-6.062292073724,-23.33045871785));
#3113 = CARTESIAN_POINT('',(-6.28318530718,-25.60288532526));
#3114 = ( GEOMETRIC_REPRESENTATION_CONTEXT(2) 
PARAMETRIC_REPRESENTATION_CONTEXT() REPRESENTATION_CONTEXT('2D SPACE',''
  ) );
#3115 = ADVANCED_FACE('',(#3116),#2042,.T.);
#3116 = FACE_BOUND('',#3117,.T.);
#3117 = EDGE_LOOP('',(#3118,#3119,#3120,#3121));
#3118 = ORIENTED_EDGE('',*,*,#2569,.F.);
#3119 = ORIENTED_EDGE('',*,*,#2028,.F.);
#3120 = ORIENTED_EDGE('',*,*,#3032,.T.);
#3121 = ORIENTED_EDGE('',*,*,#2438,.T.);
#3122 = ADVANCED_FACE('',(#3123),#2204,.T.);
#3123 = FACE_BOUND('',#3124,.T.);
#3124 = EDGE_LOOP('',(#3125,#3126,#3147,#3148));
#3125 = ORIENTED_EDGE('',*,*,#2871,.F.);
#3126 = ORIENTED_EDGE('',*,*,#3127,.F.);
#3127 = EDGE_CURVE('',#2963,#2872,#3128,.T.);
#3128 = SURFACE_CURVE('',#3129,(#3133,#3140),.PCURVE_S1.);
#3129 = LINE('',#3130,#3131);
#3130 = CARTESIAN_POINT('',(4.089072282638,-11.95,10.));
#3131 = VECTOR('',#3132,1.);
#3132 = DIRECTION('',(1.110223024625E-16,-3.330669073875E-16,-1.));
#3133 = PCURVE('',#2204,#3134);
#3134 = DEFINITIONAL_REPRESENTATION('',(#3135),#3139);
#3135 = LINE('',#3136,#3137);
#3136 = CARTESIAN_POINT('',(4.089072282638,35.));
#3137 = VECTOR('',#3138,1.);
#3138 = DIRECTION('',(2.22044604925E-16,1.));
#3139 = ( GEOMETRIC_REPRESENTATION_CONTEXT(2) 
PARAMETRIC_REPRESENTATION_CONTEXT() REPRESENTATION_CONTEXT('2D SPACE',''
  ) );
#3140 = PCURVE('',#2833,#3141);
#3141 = DEFINITIONAL_REPRESENTATION('',(#3142),#3146);
#3142 = LINE('',#3143,#3144);
#3143 = CARTESIAN_POINT('',(-6.007117373459,2.572257962186E-16));
#3144 = VECTOR('',#3145,1.);
#3145 = DIRECTION('',(-0.,1.));
#3146 = ( GEOMETRIC_REPRESENTATION_CONTEXT(2) 
PARAMETRIC_REPRESENTATION_CONTEXT() REPRESENTATION_CONTEXT('2D SPACE',''
  ) );
#3147 = ORIENTED_EDGE('',*,*,#2986,.T.);
#3148 = ORIENTED_EDGE('',*,*,#2188,.F.);
#3149 = ADVANCED_FACE('',(#3150),#2634,.F.);
#3150 = FACE_BOUND('',#3151,.F.);
#3151 = EDGE_LOOP('',(#3152,#3173,#3174,#3175,#3196,#3197));
#3152 = ORIENTED_EDGE('',*,*,#3153,.F.);
#3153 = EDGE_CURVE('',#2773,#2651,#3154,.T.);
#3154 = SURFACE_CURVE('',#3155,(#3159,#3166),.PCURVE_S1.);
#3155 = LINE('',#3156,#3157);
#3156 = CARTESIAN_POINT('',(-15.,-11.95,10.));
#3157 = VECTOR('',#3158,1.);
#3158 = DIRECTION('',(1.,-1.110223024625E-15,-1.110223024625E-16));
#3159 = PCURVE('',#2634,#3160);
#3160 = DEFINITIONAL_REPRESENTATION('',(#3161),#3165);
#3161 = LINE('',#3162,#3163);
#3162 = CARTESIAN_POINT('',(11.95,-9.758860386455E-15));
#3163 = VECTOR('',#3164,1.);
#3164 = DIRECTION('',(1.110223024625E-15,-1.));
#3165 = ( GEOMETRIC_REPRESENTATION_CONTEXT(2) 
PARAMETRIC_REPRESENTATION_CONTEXT() REPRESENTATION_CONTEXT('2D SPACE',''
  ) );
#3166 = PCURVE('',#2667,#3167);
#3167 = DEFINITIONAL_REPRESENTATION('',(#3168),#3172);
#3168 = LINE('',#3169,#3170);
#3169 = CARTESIAN_POINT('',(-15.,18.591558));
#3170 = VECTOR('',#3171,1.);
#3171 = DIRECTION('',(1.,-1.110223024625E-15));
#3172 = ( GEOMETRIC_REPRESENTATION_CONTEXT(2) 
PARAMETRIC_REPRESENTATION_CONTEXT() REPRESENTATION_CONTEXT('2D SPACE',''
  ) );
#3173 = ORIENTED_EDGE('',*,*,#2926,.F.);
#3174 = ORIENTED_EDGE('',*,*,#2894,.F.);
#3175 = ORIENTED_EDGE('',*,*,#3176,.F.);
#3176 = EDGE_CURVE('',#2618,#2872,#3177,.T.);
#3177 = SURFACE_CURVE('',#3178,(#3182,#3189),.PCURVE_S1.);
#3178 = LINE('',#3179,#3180);
#3179 = CARTESIAN_POINT('',(-15.,-11.95,10.));
#3180 = VECTOR('',#3181,1.);
#3181 = DIRECTION('',(1.,-1.110223024625E-15,-1.110223024625E-16));
#3182 = PCURVE('',#2634,#3183);
#3183 = DEFINITIONAL_REPRESENTATION('',(#3184),#3188);
#3184 = LINE('',#3185,#3186);
#3185 = CARTESIAN_POINT('',(11.95,-9.758860386455E-15));
#3186 = VECTOR('',#3187,1.);
#3187 = DIRECTION('',(1.110223024625E-15,-1.));
#3188 = ( GEOMETRIC_REPRESENTATION_CONTEXT(2) 
PARAMETRIC_REPRESENTATION_CONTEXT() REPRESENTATION_CONTEXT('2D SPACE',''
  ) );
#3189 = PCURVE('',#2667,#3190);
#3190 = DEFINITIONAL_REPRESENTATION('',(#3191),#3195);
#3191 = LINE('',#3192,#3193);
#3192 = CARTESIAN_POINT('',(-15.,18.591558));
#3193 = VECTOR('',#3194,1.);
#3194 = DIRECTION('',(1.,-1.110223024625E-15));
#3195 = ( GEOMETRIC_REPRESENTATION_CONTEXT(2) 
PARAMETRIC_REPRESENTATION_CONTEXT() REPRESENTATION_CONTEXT('2D SPACE',''
  ) );
#3196 = ORIENTED_EDGE('',*,*,#2617,.T.);
#3197 = ORIENTED_EDGE('',*,*,#2679,.T.);
#3198 = ADVANCED_FACE('',(#3199),#2667,.T.);
#3199 = FACE_BOUND('',#3200,.T.);
#3200 = EDGE_LOOP('',(#3201,#3202,#3224,#3225));
#3201 = ORIENTED_EDGE('',*,*,#3153,.F.);
#3202 = ORIENTED_EDGE('',*,*,#3203,.T.);
#3203 = EDGE_CURVE('',#2773,#2872,#3204,.T.);
#3204 = SURFACE_CURVE('',#3205,(#3210,#3217),.PCURVE_S1.);
#3205 = CIRCLE('',#3206,4.25);
#3206 = AXIS2_PLACEMENT_3D('',#3207,#3208,#3209);
#3207 = CARTESIAN_POINT('',(-9.344618412399E-16,-10.791558,10.));
#3208 = DIRECTION('',(1.110223024625E-16,5.551115123126E-16,1.));
#3209 = DIRECTION('',(1.,-4.440892098501E-16,-1.110223024625E-16));
#3210 = PCURVE('',#2667,#3211);
#3211 = DEFINITIONAL_REPRESENTATION('',(#3212),#3216);
#3212 = CIRCLE('',#3213,4.25);
#3213 = AXIS2_PLACEMENT_2D('',#3214,#3215);
#3214 = CARTESIAN_POINT('',(-6.34922170815E-15,19.75));
#3215 = DIRECTION('',(1.,-4.440892098501E-16));
#3216 = ( GEOMETRIC_REPRESENTATION_CONTEXT(2) 
PARAMETRIC_REPRESENTATION_CONTEXT() REPRESENTATION_CONTEXT('2D SPACE',''
  ) );
#3217 = PCURVE('',#2833,#3218);
#3218 = DEFINITIONAL_REPRESENTATION('',(#3219),#3223);
#3219 = LINE('',#3220,#3221);
#3220 = CARTESIAN_POINT('',(-0.,0.));
#3221 = VECTOR('',#3222,1.);
#3222 = DIRECTION('',(-1.,0.));
#3223 = ( GEOMETRIC_REPRESENTATION_CONTEXT(2) 
PARAMETRIC_REPRESENTATION_CONTEXT() REPRESENTATION_CONTEXT('2D SPACE',''
  ) );
#3224 = ORIENTED_EDGE('',*,*,#3176,.F.);
#3225 = ORIENTED_EDGE('',*,*,#2650,.F.);
#3226 = ADVANCED_FACE('',(#3227),#2754,.F.);
#3227 = FACE_BOUND('',#3228,.T.);
#3228 = EDGE_LOOP('',(#3229,#3230,#3251,#3252));
#3229 = ORIENTED_EDGE('',*,*,#2737,.F.);
#3230 = ORIENTED_EDGE('',*,*,#3231,.T.);
#3231 = EDGE_CURVE('',#2738,#3066,#3232,.T.);
#3232 = SEAM_CURVE('',#3233,(#3237,#3244),.PCURVE_S1.);
#3233 = LINE('',#3234,#3235);
#3234 = CARTESIAN_POINT('',(4.25,-50.291558,10.));
#3235 = VECTOR('',#3236,1.);
#3236 = DIRECTION('',(-3.330669073875E-16,1.110223024625E-16,1.));
#3237 = PCURVE('',#2754,#3238);
#3238 = DEFINITIONAL_REPRESENTATION('',(#3239),#3243);
#3239 = LINE('',#3240,#3241);
#3240 = CARTESIAN_POINT('',(-6.28318530718,0.));
#3241 = VECTOR('',#3242,1.);
#3242 = DIRECTION('',(-0.,-1.));
#3243 = ( GEOMETRIC_REPRESENTATION_CONTEXT(2) 
PARAMETRIC_REPRESENTATION_CONTEXT() REPRESENTATION_CONTEXT('2D SPACE',''
  ) );
#3244 = PCURVE('',#2754,#3245);
#3245 = DEFINITIONAL_REPRESENTATION('',(#3246),#3250);
#3246 = LINE('',#3247,#3248);
#3247 = CARTESIAN_POINT('',(-0.,0.));
#3248 = VECTOR('',#3249,1.);
#3249 = DIRECTION('',(-0.,-1.));
#3250 = ( GEOMETRIC_REPRESENTATION_CONTEXT(2) 
PARAMETRIC_REPRESENTATION_CONTEXT() REPRESENTATION_CONTEXT('2D SPACE',''
  ) );
#3251 = ORIENTED_EDGE('',*,*,#3065,.T.);
#3252 = ORIENTED_EDGE('',*,*,#3231,.F.);
#3253 = ADVANCED_FACE('',(#3254),#2833,.F.);
#3254 = FACE_BOUND('',#3255,.T.);
#3255 = EDGE_LOOP('',(#3256,#3257,#3258,#3259));
#3256 = ORIENTED_EDGE('',*,*,#3203,.F.);
#3257 = ORIENTED_EDGE('',*,*,#2819,.F.);
#3258 = ORIENTED_EDGE('',*,*,#2962,.F.);
#3259 = ORIENTED_EDGE('',*,*,#3127,.T.);
#3260 = ( GEOMETRIC_REPRESENTATION_CONTEXT(3) 
GLOBAL_UNCERTAINTY_ASSIGNED_CONTEXT((#3264)) 
GLOBAL_UNIT_ASSIGNED_CONTEXT((#3261,#3262,#3263)) REPRESENTATION_CONTEXT
('Context #1','3D Context with UNIT and UNCERTAINTY') );
#3261 = ( LENGTH_UNIT() NAMED_UNIT(*) SI_UNIT(.MILLI.,.METRE.) );
#3262 = ( NAMED_UNIT(*) PLANE_ANGLE_UNIT() SI_UNIT($,.RADIAN.) );
#3263 = ( NAMED_UNIT(*) SI_UNIT($,.STERADIAN.) SOLID_ANGLE_UNIT() );
#3264 = UNCERTAINTY_MEASURE_WITH_UNIT(LENGTH_MEASURE(1.E-07),#3261,
  'distance_accuracy_value','confusion accuracy');
#3265 = PRODUCT_RELATED_PRODUCT_CATEGORY('part',$,(#7));
#3266 = MECHANICAL_DESIGN_GEOMETRIC_PRESENTATION_REPRESENTATION('',(
    #3267),#3260);
#3267 = STYLED_ITEM('color',(#3268),#15);
#3268 = PRESENTATION_STYLE_ASSIGNMENT((#3269,#3277));
#3269 = SURFACE_STYLE_USAGE(.BOTH.,#3270);
#3270 = SURFACE_SIDE_STYLE('',(#3271,#3275));
#3271 = SURFACE_STYLE_FILL_AREA(#3272);
#3272 = FILL_AREA_STYLE('',(#3273));
#3273 = FILL_AREA_STYLE_COLOUR('',#3274);
#3274 = COLOUR_RGB('',0.447058818107,0.474509808674,0.501960817233);
#3275 = SURFACE_STYLE_RENDERING_WITH_PROPERTIES(.NORMAL_SHADING.,#3274,(
    #3276));
#3276 = SURFACE_STYLE_TRANSPARENT(0.699999988079);
#3277 = CURVE_STYLE('',#3278,POSITIVE_LENGTH_MEASURE(0.1),#3279);
#3278 = DRAUGHTING_PRE_DEFINED_CURVE_FONT('continuous');
#3279 = COLOUR_RGB('',9.803921802644E-02,9.803921802644E-02,
  9.803921802644E-02);
ENDSEC;
END-ISO-10303-21;
