(Exported by FreeCAD)
(Post Processor: grbl_post)
(Output Time:2026-07-17 00:21:39.120024)
(Begin preamble)
G17 G90
G21
(Begin operation: Fixture)
(Path: Fixture)
G54
(Finish operation: Fixture)
(Begin operation: ALUMINUM | SpeTool Au3e 1/8 3FL | 5500rpm F103)
(Path: ALUMINUM | SpeTool Au3e 1/8 3FL | 5500rpm F103)
(ALUMINUM | SpeTool Au3e 1/8 3FL | 5500rpm F103)
(Begin toolchange)
( M6 T2 )
M3 S8000
(Finish operation: ALUMINUM | SpeTool Au3e 1/8 3FL | 5500rpm F103)
(Begin operation: Helix002)
(Path: Helix002)
(Helix002)
(helix cut operation)
G0 Z5.000
G0 Z5.000
G0 X-17.875 Y-10.000 Z5.000
G0 X-17.875 Y-10.000 Z0.003
G0 X-17.163 Y-10.000
G1 Z0.003 F250.000
G2 X-18.587 Y-10.000 Z-0.142 I-0.712 J0.000 F400.000
G2 X-17.163 Y-10.000 Z-0.287 I0.712 J0.000 F400.000
G2 X-18.587 Y-10.000 Z-0.431 I-0.712 J0.000 F400.000
G2 X-17.163 Y-10.000 Z-0.576 I0.712 J0.000 F400.000
G2 X-18.587 Y-10.000 Z-0.720 I-0.712 J0.000 F400.000
G2 X-17.163 Y-10.000 Z-0.865 I0.712 J0.000 F400.000
G2 X-18.587 Y-10.000 Z-1.009 I-0.712 J0.000 F400.000
G2 X-17.163 Y-10.000 Z-1.154 I0.712 J0.000 F400.000
G2 X-18.587 Y-10.000 Z-1.298 I-0.712 J0.000 F400.000
G2 X-17.163 Y-10.000 Z-1.443 I0.712 J0.000 F400.000
G2 X-18.587 Y-10.000 Z-1.587 I-0.712 J0.000 F400.000
G2 X-17.163 Y-10.000 Z-1.732 I0.712 J0.000 F400.000
G2 X-18.587 Y-10.000 Z-1.876 I-0.712 J0.000 F400.000
G2 X-17.163 Y-10.000 Z-2.021 I0.712 J0.000 F400.000
G2 X-18.587 Y-10.000 Z-2.165 I-0.712 J0.000 F400.000
G2 X-17.163 Y-10.000 Z-2.310 I0.712 J0.000 F400.000
G2 X-18.587 Y-10.000 Z-2.454 I-0.712 J0.000 F400.000
G2 X-17.163 Y-10.000 Z-2.599 I0.712 J0.000 F400.000
G2 X-18.587 Y-10.000 Z-2.743 I-0.712 J0.000 F400.000
G2 X-17.163 Y-10.000 Z-2.888 I0.712 J0.000 F400.000
G2 X-18.587 Y-10.000 Z-3.032 I-0.712 J0.000 F400.000
G2 X-17.163 Y-10.000 Z-3.177 I0.712 J0.000 F400.000
G2 X-18.587 Y-10.000 Z-3.321 I-0.712 J0.000 F400.000
G2 X-17.163 Y-10.000 Z-3.466 I0.712 J0.000 F400.000
G2 X-18.587 Y-10.000 Z-3.610 I-0.712 J0.000 F400.000
G2 X-17.163 Y-10.000 Z-3.755 I0.712 J0.000 F400.000
G2 X-18.587 Y-10.000 Z-3.899 I-0.712 J0.000 F400.000
G2 X-17.163 Y-10.000 Z-4.044 I0.712 J0.000 F400.000
G2 X-18.587 Y-10.000 Z-4.188 I-0.712 J0.000 F400.000
G2 X-17.163 Y-10.000 Z-4.333 I0.712 J0.000 F400.000
G2 X-18.587 Y-10.000 Z-4.477 I-0.712 J0.000 F400.000
G2 X-17.163 Y-10.000 Z-4.622 I0.712 J0.000 F400.000
G2 X-18.587 Y-10.000 Z-4.766 I-0.712 J0.000 F400.000
G2 X-17.163 Y-10.000 Z-4.911 I0.712 J0.000 F400.000
G2 X-18.587 Y-10.000 Z-5.055 I-0.712 J0.000 F400.000
G2 X-17.163 Y-10.000 Z-5.200 I0.712 J0.000 F400.000
G2 X-18.587 Y-10.000 Z-5.200 I-0.712 J0.000 F400.000
G2 X-17.163 Y-10.000 Z-5.200 I0.712 J0.000 F400.000
G0 X-17.875 Y-10.000 Z-5.200
G0 Z0.003
G0 Z5.000
G0 X-17.875 Y-221.500 Z5.000
G0 X-17.875 Y-221.500 Z0.003
G0 X-17.462 Y-221.500
G1 Z0.003 F250.000
G2 X-18.288 Y-221.500 Z-0.142 I-0.413 J0.000 F400.000
G2 X-17.462 Y-221.500 Z-0.287 I0.413 J0.000 F400.000
G2 X-18.288 Y-221.500 Z-0.431 I-0.413 J0.000 F400.000
G2 X-17.462 Y-221.500 Z-0.576 I0.413 J0.000 F400.000
G2 X-18.288 Y-221.500 Z-0.720 I-0.413 J0.000 F400.000
G2 X-17.462 Y-221.500 Z-0.865 I0.413 J0.000 F400.000
G2 X-18.288 Y-221.500 Z-1.009 I-0.413 J0.000 F400.000
G2 X-17.462 Y-221.500 Z-1.154 I0.413 J0.000 F400.000
G2 X-18.288 Y-221.500 Z-1.298 I-0.413 J0.000 F400.000
G2 X-17.462 Y-221.500 Z-1.443 I0.413 J0.000 F400.000
G2 X-18.288 Y-221.500 Z-1.587 I-0.413 J0.000 F400.000
G2 X-17.462 Y-221.500 Z-1.732 I0.413 J0.000 F400.000
G2 X-18.288 Y-221.500 Z-1.876 I-0.413 J0.000 F400.000
G2 X-17.462 Y-221.500 Z-2.021 I0.413 J0.000 F400.000
G2 X-18.288 Y-221.500 Z-2.165 I-0.413 J0.000 F400.000
G2 X-17.462 Y-221.500 Z-2.310 I0.413 J0.000 F400.000
G2 X-18.288 Y-221.500 Z-2.454 I-0.413 J0.000 F400.000
G2 X-17.462 Y-221.500 Z-2.599 I0.413 J0.000 F400.000
G2 X-18.288 Y-221.500 Z-2.743 I-0.413 J0.000 F400.000
G2 X-17.462 Y-221.500 Z-2.888 I0.413 J0.000 F400.000
G2 X-18.288 Y-221.500 Z-3.032 I-0.413 J0.000 F400.000
G2 X-17.462 Y-221.500 Z-3.177 I0.413 J0.000 F400.000
G2 X-18.288 Y-221.500 Z-3.321 I-0.413 J0.000 F400.000
G2 X-17.462 Y-221.500 Z-3.466 I0.413 J0.000 F400.000
G2 X-18.288 Y-221.500 Z-3.610 I-0.413 J0.000 F400.000
G2 X-17.462 Y-221.500 Z-3.755 I0.413 J0.000 F400.000
G2 X-18.288 Y-221.500 Z-3.899 I-0.413 J0.000 F400.000
G2 X-17.462 Y-221.500 Z-4.044 I0.413 J0.000 F400.000
G2 X-18.288 Y-221.500 Z-4.188 I-0.413 J0.000 F400.000
G2 X-17.462 Y-221.500 Z-4.333 I0.413 J0.000 F400.000
G2 X-18.288 Y-221.500 Z-4.477 I-0.413 J0.000 F400.000
G2 X-17.462 Y-221.500 Z-4.622 I0.413 J0.000 F400.000
G2 X-18.288 Y-221.500 Z-4.766 I-0.413 J0.000 F400.000
G2 X-17.462 Y-221.500 Z-4.911 I0.413 J0.000 F400.000
G2 X-18.288 Y-221.500 Z-5.055 I-0.413 J0.000 F400.000
G2 X-17.462 Y-221.500 Z-5.200 I0.413 J0.000 F400.000
G2 X-18.288 Y-221.500 Z-5.200 I-0.413 J0.000 F400.000
G2 X-17.462 Y-221.500 Z-5.200 I0.413 J0.000 F400.000
G0 X-17.875 Y-221.500 Z-5.200
G0 Z0.003
G0 Z5.000
(Finish operation: Helix002)
(Begin operation: Helix003)
(Path: Helix003)
(Helix003)
(helix cut operation)
G0 Z5.000
G0 Z5.000
G0 X-17.875 Y-10.000 Z5.000
G0 X-17.875 Y-10.000 Z0.303
G0 X-16.288 Y-10.000
G1 Z0.303 F250.000
G3 X-19.462 Y-10.000 Z0.159 I-1.587 J0.000 F400.000
G3 X-16.288 Y-10.000 Z0.016 I1.587 J0.000 F400.000
G3 X-19.462 Y-10.000 Z-0.127 I-1.587 J0.000 F400.000
G3 X-16.288 Y-10.000 Z-0.270 I1.587 J0.000 F400.000
G3 X-19.462 Y-10.000 Z-0.413 I-1.587 J0.000 F400.000
G3 X-16.288 Y-10.000 Z-0.556 I1.587 J0.000 F400.000
G3 X-19.462 Y-10.000 Z-0.699 I-1.587 J0.000 F400.000
G3 X-16.288 Y-10.000 Z-0.842 I1.587 J0.000 F400.000
G3 X-19.462 Y-10.000 Z-0.986 I-1.587 J0.000 F400.000
G3 X-16.288 Y-10.000 Z-1.129 I1.587 J0.000 F400.000
G3 X-19.462 Y-10.000 Z-1.272 I-1.587 J0.000 F400.000
G3 X-16.288 Y-10.000 Z-1.415 I1.587 J0.000 F400.000
G3 X-19.462 Y-10.000 Z-1.558 I-1.587 J0.000 F400.000
G3 X-16.288 Y-10.000 Z-1.701 I1.587 J0.000 F400.000
G3 X-19.462 Y-10.000 Z-1.844 I-1.587 J0.000 F400.000
G3 X-16.288 Y-10.000 Z-1.987 I1.587 J0.000 F400.000
G3 X-19.462 Y-10.000 Z-2.131 I-1.587 J0.000 F400.000
G3 X-16.288 Y-10.000 Z-2.274 I1.587 J0.000 F400.000
G3 X-19.462 Y-10.000 Z-2.417 I-1.587 J0.000 F400.000
G3 X-16.288 Y-10.000 Z-2.560 I1.587 J0.000 F400.000
G3 X-19.462 Y-10.000 Z-2.560 I-1.587 J0.000 F400.000
G3 X-16.288 Y-10.000 Z-2.560 I1.587 J0.000 F400.000
G0 X-17.875 Y-10.000 Z-2.560
G0 Z0.303
G0 X-15.445 Y-10.000
G1 Z0.303 F250.000
G3 X-20.305 Y-10.000 Z0.159 I-2.430 J0.000 F400.000
G3 X-15.445 Y-10.000 Z0.016 I2.430 J0.000 F400.000
G3 X-20.305 Y-10.000 Z-0.127 I-2.430 J0.000 F400.000
G3 X-15.445 Y-10.000 Z-0.270 I2.430 J0.000 F400.000
G3 X-20.305 Y-10.000 Z-0.413 I-2.430 J0.000 F400.000
G3 X-15.445 Y-10.000 Z-0.556 I2.430 J0.000 F400.000
G3 X-20.305 Y-10.000 Z-0.699 I-2.430 J0.000 F400.000
G3 X-15.445 Y-10.000 Z-0.842 I2.430 J0.000 F400.000
G3 X-20.305 Y-10.000 Z-0.986 I-2.430 J0.000 F400.000
G3 X-15.445 Y-10.000 Z-1.129 I2.430 J0.000 F400.000
G3 X-20.305 Y-10.000 Z-1.272 I-2.430 J0.000 F400.000
G3 X-15.445 Y-10.000 Z-1.415 I2.430 J0.000 F400.000
G3 X-20.305 Y-10.000 Z-1.558 I-2.430 J0.000 F400.000
G3 X-15.445 Y-10.000 Z-1.701 I2.430 J0.000 F400.000
G3 X-20.305 Y-10.000 Z-1.844 I-2.430 J0.000 F400.000
G3 X-15.445 Y-10.000 Z-1.987 I2.430 J0.000 F400.000
G3 X-20.305 Y-10.000 Z-2.131 I-2.430 J0.000 F400.000
G3 X-15.445 Y-10.000 Z-2.274 I2.430 J0.000 F400.000
G3 X-20.305 Y-10.000 Z-2.417 I-2.430 J0.000 F400.000
G3 X-15.445 Y-10.000 Z-2.560 I2.430 J0.000 F400.000
G3 X-20.305 Y-10.000 Z-2.560 I-2.430 J0.000 F400.000
G3 X-15.445 Y-10.000 Z-2.560 I2.430 J0.000 F400.000
G0 X-17.875 Y-10.000 Z-2.560
G0 Z0.303
G0 X-14.602 Y-10.000
G1 Z0.303 F250.000
G3 X-21.148 Y-10.000 Z0.159 I-3.273 J0.000 F400.000
G3 X-14.602 Y-10.000 Z0.016 I3.273 J0.000 F400.000
G3 X-21.148 Y-10.000 Z-0.127 I-3.273 J0.000 F400.000
G3 X-14.602 Y-10.000 Z-0.270 I3.273 J0.000 F400.000
G3 X-21.148 Y-10.000 Z-0.413 I-3.273 J0.000 F400.000
G3 X-14.602 Y-10.000 Z-0.556 I3.273 J0.000 F400.000
G3 X-21.148 Y-10.000 Z-0.699 I-3.273 J0.000 F400.000
G3 X-14.602 Y-10.000 Z-0.842 I3.273 J0.000 F400.000
G3 X-21.148 Y-10.000 Z-0.986 I-3.273 J0.000 F400.000
G3 X-14.602 Y-10.000 Z-1.129 I3.273 J0.000 F400.000
G3 X-21.148 Y-10.000 Z-1.272 I-3.273 J0.000 F400.000
G3 X-14.602 Y-10.000 Z-1.415 I3.273 J0.000 F400.000
G3 X-21.148 Y-10.000 Z-1.558 I-3.273 J0.000 F400.000
G3 X-14.602 Y-10.000 Z-1.701 I3.273 J0.000 F400.000
G3 X-21.148 Y-10.000 Z-1.844 I-3.273 J0.000 F400.000
G3 X-14.602 Y-10.000 Z-1.987 I3.273 J0.000 F400.000
G3 X-21.148 Y-10.000 Z-2.131 I-3.273 J0.000 F400.000
G3 X-14.602 Y-10.000 Z-2.274 I3.273 J0.000 F400.000
G3 X-21.148 Y-10.000 Z-2.417 I-3.273 J0.000 F400.000
G3 X-14.602 Y-10.000 Z-2.560 I3.273 J0.000 F400.000
G3 X-21.148 Y-10.000 Z-2.560 I-3.273 J0.000 F400.000
G3 X-14.602 Y-10.000 Z-2.560 I3.273 J0.000 F400.000
G0 X-17.875 Y-10.000 Z-2.560
G0 Z0.303
G0 Z5.000
(Finish operation: Helix003)
(Begin operation: Profile007)
(Path: Profile007)
(Profile007)
(Compensated Tool Path. Diameter: 3.175)
G0 Z5.000
G0 X-25.812 Y-2.500
G0 Z3.000
G1 X-25.812 Y-2.500 Z-0.200 F250.000
G1 X-25.812 Y-21.017 Z-0.200 F400.000
G1 X-25.771 Y-21.514 Z-0.200 F400.000
G1 X-25.711 Y-21.819 Z-0.200 F400.000
G1 X-25.611 Y-22.148 Z-0.200 F400.000
G1 X-25.492 Y-22.435 Z-0.200 F400.000
G1 X-25.330 Y-22.738 Z-0.200 F400.000
G1 X-25.157 Y-22.996 Z-0.200 F400.000
G1 X-24.940 Y-23.262 Z-0.200 F400.000
G1 X-24.720 Y-23.482 Z-0.200 F400.000
G1 X-24.454 Y-23.699 Z-0.200 F400.000
G1 X-24.196 Y-23.872 Z-0.200 F400.000
G1 X-23.893 Y-24.034 Z-0.200 F400.000
G1 X-23.606 Y-24.153 Z-0.200 F400.000
G1 X-23.277 Y-24.253 Z-0.200 F400.000
G1 X-22.972 Y-24.313 Z-0.200 F400.000
G1 X-22.631 Y-24.347 Z-0.200 F400.000
G1 X-19.705 Y-24.354 Z-0.200 F400.000
G1 X-19.595 Y-24.365 Z-0.200 F400.000
G1 X-19.566 Y-24.374 Z-0.200 F400.000
G1 X-19.539 Y-24.388 Z-0.200 F400.000
G1 X-19.516 Y-24.408 Z-0.200 F400.000
G1 X-19.496 Y-24.431 Z-0.200 F400.000
G1 X-19.482 Y-24.458 Z-0.200 F400.000
G1 X-19.473 Y-24.487 Z-0.200 F400.000
G1 X-19.462 Y-24.595 Z-0.200 F400.000
G1 X-19.463 Y-26.302 Z-0.200 F400.000
G1 X-19.473 Y-26.410 Z-0.200 F400.000
G1 X-19.482 Y-26.439 Z-0.200 F400.000
G1 X-19.496 Y-26.466 Z-0.200 F400.000
G1 X-19.516 Y-26.489 Z-0.200 F400.000
G1 X-19.539 Y-26.508 Z-0.200 F400.000
G1 X-19.566 Y-26.523 Z-0.200 F400.000
G1 X-19.595 Y-26.531 Z-0.200 F400.000
G1 X-19.703 Y-26.542 Z-0.200 F400.000
G1 X-22.475 Y-26.542 Z-0.200 F400.000
G1 X-22.972 Y-26.583 Z-0.200 F400.000
G1 X-23.277 Y-26.644 Z-0.200 F400.000
G1 X-23.606 Y-26.744 Z-0.200 F400.000
G1 X-23.893 Y-26.863 Z-0.200 F400.000
G1 X-24.196 Y-27.024 Z-0.200 F400.000
G1 X-24.454 Y-27.197 Z-0.200 F400.000
G1 X-24.720 Y-27.415 Z-0.200 F400.000
G1 X-24.940 Y-27.635 Z-0.200 F400.000
G1 X-25.157 Y-27.900 Z-0.200 F400.000
G1 X-25.330 Y-28.159 Z-0.200 F400.000
G1 X-25.492 Y-28.462 Z-0.200 F400.000
G1 X-25.611 Y-28.749 Z-0.200 F400.000
G1 X-25.711 Y-29.077 Z-0.200 F400.000
G1 X-25.771 Y-29.383 Z-0.200 F400.000
G1 X-25.805 Y-29.724 Z-0.200 F400.000
G1 X-25.812 Y-38.360 Z-0.200 F400.000
G1 X-25.800 Y-38.637 Z-0.200 F400.000
G1 X-25.750 Y-38.997 Z-0.200 F400.000
G1 X-25.661 Y-39.350 Z-0.200 F400.000
G1 X-25.534 Y-39.691 Z-0.200 F400.000
G1 X-21.613 Y-48.106 Z-0.200 F400.000
G1 X-21.590 Y-48.162 Z-0.200 F400.000
G1 X-21.585 Y-48.179 Z-0.200 F400.000
G1 X-21.582 Y-48.197 Z-0.200 F400.000
G1 X-21.579 Y-48.257 Z-0.200 F400.000
G1 X-21.579 Y-51.148 Z-0.200 F400.000
G1 X-21.590 Y-51.257 Z-0.200 F400.000
G1 X-21.599 Y-51.286 Z-0.200 F400.000
G1 X-21.613 Y-51.312 Z-0.200 F400.000
G1 X-21.632 Y-51.336 Z-0.200 F400.000
G1 X-21.656 Y-51.355 Z-0.200 F400.000
G1 X-21.682 Y-51.369 Z-0.200 F400.000
G1 X-21.711 Y-51.378 Z-0.200 F400.000
G1 X-21.820 Y-51.389 Z-0.200 F400.000
G1 X-23.225 Y-51.389 Z-0.200 F400.000
G1 X-23.432 Y-51.403 Z-0.200 F400.000
G1 X-23.691 Y-51.437 Z-0.200 F400.000
G1 X-24.091 Y-51.544 Z-0.200 F400.000
G1 X-24.333 Y-51.644 Z-0.200 F400.000
G1 X-24.691 Y-51.851 Z-0.200 F400.000
G1 X-24.899 Y-52.010 Z-0.200 F400.000
G1 X-25.192 Y-52.303 Z-0.200 F400.000
G1 X-25.350 Y-52.510 Z-0.200 F400.000
G1 X-25.558 Y-52.869 Z-0.200 F400.000
G1 X-25.658 Y-53.110 Z-0.200 F400.000
G1 X-25.765 Y-53.510 Z-0.200 F400.000
G1 X-25.799 Y-53.769 Z-0.200 F400.000
G1 X-25.812 Y-53.976 Z-0.200 F400.000
G1 X-25.812 Y-76.639 Z-0.200 F400.000
G1 X-25.800 Y-76.916 Z-0.200 F400.000
G1 X-25.750 Y-77.276 Z-0.200 F400.000
G1 X-25.661 Y-77.629 Z-0.200 F400.000
G1 X-25.534 Y-77.970 Z-0.200 F400.000
G1 X-21.613 Y-86.385 Z-0.200 F400.000
G1 X-21.590 Y-86.441 Z-0.200 F400.000
G1 X-21.585 Y-86.458 Z-0.200 F400.000
G1 X-21.582 Y-86.476 Z-0.200 F400.000
G1 X-21.579 Y-86.536 Z-0.200 F400.000
G1 X-21.579 Y-89.427 Z-0.200 F400.000
G1 X-21.590 Y-89.536 Z-0.200 F400.000
G1 X-21.599 Y-89.565 Z-0.200 F400.000
G1 X-21.613 Y-89.591 Z-0.200 F400.000
G1 X-21.632 Y-89.615 Z-0.200 F400.000
G1 X-21.656 Y-89.634 Z-0.200 F400.000
G1 X-21.682 Y-89.649 Z-0.200 F400.000
G1 X-21.711 Y-89.657 Z-0.200 F400.000
G1 X-21.820 Y-89.668 Z-0.200 F400.000
G1 X-23.225 Y-89.668 Z-0.200 F400.000
G1 X-23.432 Y-89.682 Z-0.200 F400.000
G1 X-23.691 Y-89.716 Z-0.200 F400.000
G1 X-24.091 Y-89.823 Z-0.200 F400.000
G1 X-24.333 Y-89.923 Z-0.200 F400.000
G1 X-24.691 Y-90.130 Z-0.200 F400.000
G1 X-24.899 Y-90.289 Z-0.200 F400.000
G1 X-25.192 Y-90.582 Z-0.200 F400.000
G1 X-25.350 Y-90.789 Z-0.200 F400.000
G1 X-25.558 Y-91.148 Z-0.200 F400.000
G1 X-25.658 Y-91.389 Z-0.200 F400.000
G1 X-25.765 Y-91.789 Z-0.200 F400.000
G1 X-25.799 Y-92.048 Z-0.200 F400.000
G1 X-25.812 Y-92.255 Z-0.200 F400.000
G1 X-25.812 Y-114.918 Z-0.200 F400.000
G1 X-25.800 Y-115.195 Z-0.200 F400.000
G1 X-25.750 Y-115.555 Z-0.200 F400.000
G1 X-25.661 Y-115.908 Z-0.200 F400.000
G1 X-25.534 Y-116.249 Z-0.200 F400.000
G1 X-21.613 Y-124.664 Z-0.200 F400.000
G1 X-21.590 Y-124.721 Z-0.200 F400.000
G1 X-21.585 Y-124.737 Z-0.200 F400.000
G1 X-21.582 Y-124.755 Z-0.200 F400.000
G1 X-21.579 Y-124.815 Z-0.200 F400.000
G1 X-21.579 Y-127.706 Z-0.200 F400.000
G1 X-21.590 Y-127.815 Z-0.200 F400.000
G1 X-21.599 Y-127.844 Z-0.200 F400.000
G1 X-21.613 Y-127.870 Z-0.200 F400.000
G1 X-21.632 Y-127.894 Z-0.200 F400.000
G1 X-21.656 Y-127.913 Z-0.200 F400.000
G1 X-21.682 Y-127.928 Z-0.200 F400.000
G1 X-21.711 Y-127.936 Z-0.200 F400.000
G1 X-21.820 Y-127.947 Z-0.200 F400.000
G1 X-23.225 Y-127.947 Z-0.200 F400.000
G1 X-23.432 Y-127.961 Z-0.200 F400.000
G1 X-23.691 Y-127.995 Z-0.200 F400.000
G1 X-24.091 Y-128.102 Z-0.200 F400.000
G1 X-24.333 Y-128.202 Z-0.200 F400.000
G1 X-24.691 Y-128.409 Z-0.200 F400.000
G1 X-24.899 Y-128.568 Z-0.200 F400.000
G1 X-25.192 Y-128.861 Z-0.200 F400.000
G1 X-25.350 Y-129.068 Z-0.200 F400.000
G1 X-25.558 Y-129.427 Z-0.200 F400.000
G1 X-25.658 Y-129.668 Z-0.200 F400.000
G1 X-25.765 Y-130.068 Z-0.200 F400.000
G1 X-25.799 Y-130.327 Z-0.200 F400.000
G1 X-25.812 Y-130.534 Z-0.200 F400.000
G1 X-25.812 Y-153.197 Z-0.200 F400.000
G1 X-25.800 Y-153.474 Z-0.200 F400.000
G1 X-25.750 Y-153.834 Z-0.200 F400.000
G1 X-25.661 Y-154.187 Z-0.200 F400.000
G1 X-25.534 Y-154.528 Z-0.200 F400.000
G1 X-21.613 Y-162.943 Z-0.200 F400.000
G1 X-21.590 Y-163.000 Z-0.200 F400.000
G1 X-21.585 Y-163.016 Z-0.200 F400.000
G1 X-21.582 Y-163.034 Z-0.200 F400.000
G1 X-21.579 Y-163.094 Z-0.200 F400.000
G1 X-21.579 Y-165.986 Z-0.200 F400.000
G1 X-21.590 Y-166.094 Z-0.200 F400.000
G1 X-21.599 Y-166.123 Z-0.200 F400.000
G1 X-21.613 Y-166.150 Z-0.200 F400.000
G1 X-21.632 Y-166.173 Z-0.200 F400.000
G1 X-21.656 Y-166.192 Z-0.200 F400.000
G1 X-21.682 Y-166.207 Z-0.200 F400.000
G1 X-21.711 Y-166.215 Z-0.200 F400.000
G1 X-21.820 Y-166.226 Z-0.200 F400.000
G1 X-23.225 Y-166.226 Z-0.200 F400.000
G1 X-23.432 Y-166.240 Z-0.200 F400.000
G1 X-23.691 Y-166.274 Z-0.200 F400.000
G1 X-24.091 Y-166.381 Z-0.200 F400.000
G1 X-24.333 Y-166.481 Z-0.200 F400.000
G1 X-24.691 Y-166.688 Z-0.200 F400.000
G1 X-24.899 Y-166.847 Z-0.200 F400.000
G1 X-25.192 Y-167.140 Z-0.200 F400.000
G1 X-25.350 Y-167.347 Z-0.200 F400.000
G1 X-25.558 Y-167.706 Z-0.200 F400.000
G1 X-25.658 Y-167.947 Z-0.200 F400.000
G1 X-25.765 Y-168.347 Z-0.200 F400.000
G1 X-25.799 Y-168.606 Z-0.200 F400.000
G1 X-25.812 Y-168.813 Z-0.200 F400.000
G1 X-25.812 Y-191.476 Z-0.200 F400.000
G1 X-25.800 Y-191.753 Z-0.200 F400.000
G1 X-25.750 Y-192.113 Z-0.200 F400.000
G1 X-25.661 Y-192.466 Z-0.200 F400.000
G1 X-25.534 Y-192.807 Z-0.200 F400.000
G1 X-21.613 Y-201.222 Z-0.200 F400.000
G1 X-21.590 Y-201.279 Z-0.200 F400.000
G1 X-21.585 Y-201.295 Z-0.200 F400.000
G1 X-21.582 Y-201.313 Z-0.200 F400.000
G1 X-21.579 Y-201.373 Z-0.200 F400.000
G1 X-21.579 Y-204.265 Z-0.200 F400.000
G1 X-21.590 Y-204.373 Z-0.200 F400.000
G1 X-21.599 Y-204.402 Z-0.200 F400.000
G1 X-21.613 Y-204.429 Z-0.200 F400.000
G1 X-21.632 Y-204.452 Z-0.200 F400.000
G1 X-21.656 Y-204.471 Z-0.200 F400.000
G1 X-21.682 Y-204.486 Z-0.200 F400.000
G1 X-21.711 Y-204.494 Z-0.200 F400.000
G1 X-21.820 Y-204.505 Z-0.200 F400.000
G1 X-23.225 Y-204.505 Z-0.200 F400.000
G1 X-23.432 Y-204.519 Z-0.200 F400.000
G1 X-23.691 Y-204.553 Z-0.200 F400.000
G1 X-24.091 Y-204.660 Z-0.200 F400.000
G1 X-24.333 Y-204.760 Z-0.200 F400.000
G1 X-24.691 Y-204.967 Z-0.200 F400.000
G1 X-24.899 Y-205.126 Z-0.200 F400.000
G1 X-25.192 Y-205.419 Z-0.200 F400.000
G1 X-25.350 Y-205.626 Z-0.200 F400.000
G1 X-25.558 Y-205.985 Z-0.200 F400.000
G1 X-25.658 Y-206.226 Z-0.200 F400.000
G1 X-25.765 Y-206.626 Z-0.200 F400.000
G1 X-25.799 Y-206.885 Z-0.200 F400.000
G1 X-25.812 Y-207.093 Z-0.200 F400.000
G1 X-25.812 Y-227.500 Z-0.200 F400.000
G0 Z5.000
G0 X-25.812 Y-2.500
G0 Z3.000
G1 X-25.812 Y-2.500 Z-0.400 F250.000
G1 X-25.812 Y-21.017 Z-0.400 F400.000
G1 X-25.771 Y-21.514 Z-0.400 F400.000
G1 X-25.711 Y-21.819 Z-0.400 F400.000
G1 X-25.611 Y-22.148 Z-0.400 F400.000
G1 X-25.492 Y-22.435 Z-0.400 F400.000
G1 X-25.330 Y-22.738 Z-0.400 F400.000
G1 X-25.157 Y-22.996 Z-0.400 F400.000
G1 X-24.940 Y-23.262 Z-0.400 F400.000
G1 X-24.720 Y-23.482 Z-0.400 F400.000
G1 X-24.454 Y-23.699 Z-0.400 F400.000
G1 X-24.196 Y-23.872 Z-0.400 F400.000
G1 X-23.893 Y-24.034 Z-0.400 F400.000
G1 X-23.606 Y-24.153 Z-0.400 F400.000
G1 X-23.277 Y-24.253 Z-0.400 F400.000
G1 X-22.972 Y-24.313 Z-0.400 F400.000
G1 X-22.631 Y-24.347 Z-0.400 F400.000
G1 X-19.705 Y-24.354 Z-0.400 F400.000
G1 X-19.595 Y-24.365 Z-0.400 F400.000
G1 X-19.566 Y-24.374 Z-0.400 F400.000
G1 X-19.539 Y-24.388 Z-0.400 F400.000
G1 X-19.516 Y-24.408 Z-0.400 F400.000
G1 X-19.496 Y-24.431 Z-0.400 F400.000
G1 X-19.482 Y-24.458 Z-0.400 F400.000
G1 X-19.473 Y-24.487 Z-0.400 F400.000
G1 X-19.462 Y-24.595 Z-0.400 F400.000
G1 X-19.463 Y-26.302 Z-0.400 F400.000
G1 X-19.473 Y-26.410 Z-0.400 F400.000
G1 X-19.482 Y-26.439 Z-0.400 F400.000
G1 X-19.496 Y-26.466 Z-0.400 F400.000
G1 X-19.516 Y-26.489 Z-0.400 F400.000
G1 X-19.539 Y-26.508 Z-0.400 F400.000
G1 X-19.566 Y-26.523 Z-0.400 F400.000
G1 X-19.595 Y-26.531 Z-0.400 F400.000
G1 X-19.703 Y-26.542 Z-0.400 F400.000
G1 X-22.475 Y-26.542 Z-0.400 F400.000
G1 X-22.972 Y-26.583 Z-0.400 F400.000
G1 X-23.277 Y-26.644 Z-0.400 F400.000
G1 X-23.606 Y-26.744 Z-0.400 F400.000
G1 X-23.893 Y-26.863 Z-0.400 F400.000
G1 X-24.196 Y-27.024 Z-0.400 F400.000
G1 X-24.454 Y-27.197 Z-0.400 F400.000
G1 X-24.720 Y-27.415 Z-0.400 F400.000
G1 X-24.940 Y-27.635 Z-0.400 F400.000
G1 X-25.157 Y-27.900 Z-0.400 F400.000
G1 X-25.330 Y-28.159 Z-0.400 F400.000
G1 X-25.492 Y-28.462 Z-0.400 F400.000
G1 X-25.611 Y-28.749 Z-0.400 F400.000
G1 X-25.711 Y-29.077 Z-0.400 F400.000
G1 X-25.771 Y-29.383 Z-0.400 F400.000
G1 X-25.805 Y-29.724 Z-0.400 F400.000
G1 X-25.812 Y-38.360 Z-0.400 F400.000
G1 X-25.800 Y-38.637 Z-0.400 F400.000
G1 X-25.750 Y-38.997 Z-0.400 F400.000
G1 X-25.661 Y-39.350 Z-0.400 F400.000
G1 X-25.534 Y-39.691 Z-0.400 F400.000
G1 X-21.613 Y-48.106 Z-0.400 F400.000
G1 X-21.590 Y-48.162 Z-0.400 F400.000
G1 X-21.585 Y-48.179 Z-0.400 F400.000
G1 X-21.582 Y-48.197 Z-0.400 F400.000
G1 X-21.579 Y-48.257 Z-0.400 F400.000
G1 X-21.579 Y-51.148 Z-0.400 F400.000
G1 X-21.590 Y-51.257 Z-0.400 F400.000
G1 X-21.599 Y-51.286 Z-0.400 F400.000
G1 X-21.613 Y-51.312 Z-0.400 F400.000
G1 X-21.632 Y-51.336 Z-0.400 F400.000
G1 X-21.656 Y-51.355 Z-0.400 F400.000
G1 X-21.682 Y-51.369 Z-0.400 F400.000
G1 X-21.711 Y-51.378 Z-0.400 F400.000
G1 X-21.820 Y-51.389 Z-0.400 F400.000
G1 X-23.225 Y-51.389 Z-0.400 F400.000
G1 X-23.432 Y-51.403 Z-0.400 F400.000
G1 X-23.691 Y-51.437 Z-0.400 F400.000
G1 X-24.091 Y-51.544 Z-0.400 F400.000
G1 X-24.333 Y-51.644 Z-0.400 F400.000
G1 X-24.691 Y-51.851 Z-0.400 F400.000
G1 X-24.899 Y-52.010 Z-0.400 F400.000
G1 X-25.192 Y-52.303 Z-0.400 F400.000
G1 X-25.350 Y-52.510 Z-0.400 F400.000
G1 X-25.558 Y-52.869 Z-0.400 F400.000
G1 X-25.658 Y-53.110 Z-0.400 F400.000
G1 X-25.765 Y-53.510 Z-0.400 F400.000
G1 X-25.799 Y-53.769 Z-0.400 F400.000
G1 X-25.812 Y-53.976 Z-0.400 F400.000
G1 X-25.812 Y-76.639 Z-0.400 F400.000
G1 X-25.800 Y-76.916 Z-0.400 F400.000
G1 X-25.750 Y-77.276 Z-0.400 F400.000
G1 X-25.661 Y-77.629 Z-0.400 F400.000
G1 X-25.534 Y-77.970 Z-0.400 F400.000
G1 X-21.613 Y-86.385 Z-0.400 F400.000
G1 X-21.590 Y-86.441 Z-0.400 F400.000
G1 X-21.585 Y-86.458 Z-0.400 F400.000
G1 X-21.582 Y-86.476 Z-0.400 F400.000
G1 X-21.579 Y-86.536 Z-0.400 F400.000
G1 X-21.579 Y-89.427 Z-0.400 F400.000
G1 X-21.590 Y-89.536 Z-0.400 F400.000
G1 X-21.599 Y-89.565 Z-0.400 F400.000
G1 X-21.613 Y-89.591 Z-0.400 F400.000
G1 X-21.632 Y-89.615 Z-0.400 F400.000
G1 X-21.656 Y-89.634 Z-0.400 F400.000
G1 X-21.682 Y-89.649 Z-0.400 F400.000
G1 X-21.711 Y-89.657 Z-0.400 F400.000
G1 X-21.820 Y-89.668 Z-0.400 F400.000
G1 X-23.225 Y-89.668 Z-0.400 F400.000
G1 X-23.432 Y-89.682 Z-0.400 F400.000
G1 X-23.691 Y-89.716 Z-0.400 F400.000
G1 X-24.091 Y-89.823 Z-0.400 F400.000
G1 X-24.333 Y-89.923 Z-0.400 F400.000
G1 X-24.691 Y-90.130 Z-0.400 F400.000
G1 X-24.899 Y-90.289 Z-0.400 F400.000
G1 X-25.192 Y-90.582 Z-0.400 F400.000
G1 X-25.350 Y-90.789 Z-0.400 F400.000
G1 X-25.558 Y-91.148 Z-0.400 F400.000
G1 X-25.658 Y-91.389 Z-0.400 F400.000
G1 X-25.765 Y-91.789 Z-0.400 F400.000
G1 X-25.799 Y-92.048 Z-0.400 F400.000
G1 X-25.812 Y-92.255 Z-0.400 F400.000
G1 X-25.812 Y-114.918 Z-0.400 F400.000
G1 X-25.800 Y-115.195 Z-0.400 F400.000
G1 X-25.750 Y-115.555 Z-0.400 F400.000
G1 X-25.661 Y-115.908 Z-0.400 F400.000
G1 X-25.534 Y-116.249 Z-0.400 F400.000
G1 X-21.613 Y-124.664 Z-0.400 F400.000
G1 X-21.590 Y-124.721 Z-0.400 F400.000
G1 X-21.585 Y-124.737 Z-0.400 F400.000
G1 X-21.582 Y-124.755 Z-0.400 F400.000
G1 X-21.579 Y-124.815 Z-0.400 F400.000
G1 X-21.579 Y-127.706 Z-0.400 F400.000
G1 X-21.590 Y-127.815 Z-0.400 F400.000
G1 X-21.599 Y-127.844 Z-0.400 F400.000
G1 X-21.613 Y-127.870 Z-0.400 F400.000
G1 X-21.632 Y-127.894 Z-0.400 F400.000
G1 X-21.656 Y-127.913 Z-0.400 F400.000
G1 X-21.682 Y-127.928 Z-0.400 F400.000
G1 X-21.711 Y-127.936 Z-0.400 F400.000
G1 X-21.820 Y-127.947 Z-0.400 F400.000
G1 X-23.225 Y-127.947 Z-0.400 F400.000
G1 X-23.432 Y-127.961 Z-0.400 F400.000
G1 X-23.691 Y-127.995 Z-0.400 F400.000
G1 X-24.091 Y-128.102 Z-0.400 F400.000
G1 X-24.333 Y-128.202 Z-0.400 F400.000
G1 X-24.691 Y-128.409 Z-0.400 F400.000
G1 X-24.899 Y-128.568 Z-0.400 F400.000
G1 X-25.192 Y-128.861 Z-0.400 F400.000
G1 X-25.350 Y-129.068 Z-0.400 F400.000
G1 X-25.558 Y-129.427 Z-0.400 F400.000
G1 X-25.658 Y-129.668 Z-0.400 F400.000
G1 X-25.765 Y-130.068 Z-0.400 F400.000
G1 X-25.799 Y-130.327 Z-0.400 F400.000
G1 X-25.812 Y-130.534 Z-0.400 F400.000
G1 X-25.812 Y-153.197 Z-0.400 F400.000
G1 X-25.800 Y-153.474 Z-0.400 F400.000
G1 X-25.750 Y-153.834 Z-0.400 F400.000
G1 X-25.661 Y-154.187 Z-0.400 F400.000
G1 X-25.534 Y-154.528 Z-0.400 F400.000
G1 X-21.613 Y-162.943 Z-0.400 F400.000
G1 X-21.590 Y-163.000 Z-0.400 F400.000
G1 X-21.585 Y-163.016 Z-0.400 F400.000
G1 X-21.582 Y-163.034 Z-0.400 F400.000
G1 X-21.579 Y-163.094 Z-0.400 F400.000
G1 X-21.579 Y-165.986 Z-0.400 F400.000
G1 X-21.590 Y-166.094 Z-0.400 F400.000
G1 X-21.599 Y-166.123 Z-0.400 F400.000
G1 X-21.613 Y-166.150 Z-0.400 F400.000
G1 X-21.632 Y-166.173 Z-0.400 F400.000
G1 X-21.656 Y-166.192 Z-0.400 F400.000
G1 X-21.682 Y-166.207 Z-0.400 F400.000
G1 X-21.711 Y-166.215 Z-0.400 F400.000
G1 X-21.820 Y-166.226 Z-0.400 F400.000
G1 X-23.225 Y-166.226 Z-0.400 F400.000
G1 X-23.432 Y-166.240 Z-0.400 F400.000
G1 X-23.691 Y-166.274 Z-0.400 F400.000
G1 X-24.091 Y-166.381 Z-0.400 F400.000
G1 X-24.333 Y-166.481 Z-0.400 F400.000
G1 X-24.691 Y-166.688 Z-0.400 F400.000
G1 X-24.899 Y-166.847 Z-0.400 F400.000
G1 X-25.192 Y-167.140 Z-0.400 F400.000
G1 X-25.350 Y-167.347 Z-0.400 F400.000
G1 X-25.558 Y-167.706 Z-0.400 F400.000
G1 X-25.658 Y-167.947 Z-0.400 F400.000
G1 X-25.765 Y-168.347 Z-0.400 F400.000
G1 X-25.799 Y-168.606 Z-0.400 F400.000
G1 X-25.812 Y-168.813 Z-0.400 F400.000
G1 X-25.812 Y-191.476 Z-0.400 F400.000
G1 X-25.800 Y-191.753 Z-0.400 F400.000
G1 X-25.750 Y-192.113 Z-0.400 F400.000
G1 X-25.661 Y-192.466 Z-0.400 F400.000
G1 X-25.534 Y-192.807 Z-0.400 F400.000
G1 X-21.613 Y-201.222 Z-0.400 F400.000
G1 X-21.590 Y-201.279 Z-0.400 F400.000
G1 X-21.585 Y-201.295 Z-0.400 F400.000
G1 X-21.582 Y-201.313 Z-0.400 F400.000
G1 X-21.579 Y-201.373 Z-0.400 F400.000
G1 X-21.579 Y-204.265 Z-0.400 F400.000
G1 X-21.590 Y-204.373 Z-0.400 F400.000
G1 X-21.599 Y-204.402 Z-0.400 F400.000
G1 X-21.613 Y-204.429 Z-0.400 F400.000
G1 X-21.632 Y-204.452 Z-0.400 F400.000
G1 X-21.656 Y-204.471 Z-0.400 F400.000
G1 X-21.682 Y-204.486 Z-0.400 F400.000
G1 X-21.711 Y-204.494 Z-0.400 F400.000
G1 X-21.820 Y-204.505 Z-0.400 F400.000
G1 X-23.225 Y-204.505 Z-0.400 F400.000
G1 X-23.432 Y-204.519 Z-0.400 F400.000
G1 X-23.691 Y-204.553 Z-0.400 F400.000
G1 X-24.091 Y-204.660 Z-0.400 F400.000
G1 X-24.333 Y-204.760 Z-0.400 F400.000
G1 X-24.691 Y-204.967 Z-0.400 F400.000
G1 X-24.899 Y-205.126 Z-0.400 F400.000
G1 X-25.192 Y-205.419 Z-0.400 F400.000
G1 X-25.350 Y-205.626 Z-0.400 F400.000
G1 X-25.558 Y-205.985 Z-0.400 F400.000
G1 X-25.658 Y-206.226 Z-0.400 F400.000
G1 X-25.765 Y-206.626 Z-0.400 F400.000
G1 X-25.799 Y-206.885 Z-0.400 F400.000
G1 X-25.812 Y-207.093 Z-0.400 F400.000
G1 X-25.812 Y-227.500 Z-0.400 F400.000
G0 Z5.000
G0 X-25.812 Y-2.500
G0 Z3.000
G1 X-25.812 Y-2.500 Z-0.600 F250.000
G1 X-25.812 Y-21.017 Z-0.600 F400.000
G1 X-25.771 Y-21.514 Z-0.600 F400.000
G1 X-25.711 Y-21.819 Z-0.600 F400.000
G1 X-25.611 Y-22.148 Z-0.600 F400.000
G1 X-25.492 Y-22.435 Z-0.600 F400.000
G1 X-25.330 Y-22.738 Z-0.600 F400.000
G1 X-25.157 Y-22.996 Z-0.600 F400.000
G1 X-24.940 Y-23.262 Z-0.600 F400.000
G1 X-24.720 Y-23.482 Z-0.600 F400.000
G1 X-24.454 Y-23.699 Z-0.600 F400.000
G1 X-24.196 Y-23.872 Z-0.600 F400.000
G1 X-23.893 Y-24.034 Z-0.600 F400.000
G1 X-23.606 Y-24.153 Z-0.600 F400.000
G1 X-23.277 Y-24.253 Z-0.600 F400.000
G1 X-22.972 Y-24.313 Z-0.600 F400.000
G1 X-22.631 Y-24.347 Z-0.600 F400.000
G1 X-19.705 Y-24.354 Z-0.600 F400.000
G1 X-19.595 Y-24.365 Z-0.600 F400.000
G1 X-19.566 Y-24.374 Z-0.600 F400.000
G1 X-19.539 Y-24.388 Z-0.600 F400.000
G1 X-19.516 Y-24.408 Z-0.600 F400.000
G1 X-19.496 Y-24.431 Z-0.600 F400.000
G1 X-19.482 Y-24.458 Z-0.600 F400.000
G1 X-19.473 Y-24.487 Z-0.600 F400.000
G1 X-19.462 Y-24.595 Z-0.600 F400.000
G1 X-19.463 Y-26.302 Z-0.600 F400.000
G1 X-19.473 Y-26.410 Z-0.600 F400.000
G1 X-19.482 Y-26.439 Z-0.600 F400.000
G1 X-19.496 Y-26.466 Z-0.600 F400.000
G1 X-19.516 Y-26.489 Z-0.600 F400.000
G1 X-19.539 Y-26.508 Z-0.600 F400.000
G1 X-19.566 Y-26.523 Z-0.600 F400.000
G1 X-19.595 Y-26.531 Z-0.600 F400.000
G1 X-19.703 Y-26.542 Z-0.600 F400.000
G1 X-22.475 Y-26.542 Z-0.600 F400.000
G1 X-22.972 Y-26.583 Z-0.600 F400.000
G1 X-23.277 Y-26.644 Z-0.600 F400.000
G1 X-23.606 Y-26.744 Z-0.600 F400.000
G1 X-23.893 Y-26.863 Z-0.600 F400.000
G1 X-24.196 Y-27.024 Z-0.600 F400.000
G1 X-24.454 Y-27.197 Z-0.600 F400.000
G1 X-24.720 Y-27.415 Z-0.600 F400.000
G1 X-24.940 Y-27.635 Z-0.600 F400.000
G1 X-25.157 Y-27.900 Z-0.600 F400.000
G1 X-25.330 Y-28.159 Z-0.600 F400.000
G1 X-25.492 Y-28.462 Z-0.600 F400.000
G1 X-25.611 Y-28.749 Z-0.600 F400.000
G1 X-25.711 Y-29.077 Z-0.600 F400.000
G1 X-25.771 Y-29.383 Z-0.600 F400.000
G1 X-25.805 Y-29.724 Z-0.600 F400.000
G1 X-25.812 Y-38.360 Z-0.600 F400.000
G1 X-25.800 Y-38.637 Z-0.600 F400.000
G1 X-25.750 Y-38.997 Z-0.600 F400.000
G1 X-25.661 Y-39.350 Z-0.600 F400.000
G1 X-25.534 Y-39.691 Z-0.600 F400.000
G1 X-21.613 Y-48.106 Z-0.600 F400.000
G1 X-21.590 Y-48.162 Z-0.600 F400.000
G1 X-21.585 Y-48.179 Z-0.600 F400.000
G1 X-21.582 Y-48.197 Z-0.600 F400.000
G1 X-21.579 Y-48.257 Z-0.600 F400.000
G1 X-21.579 Y-51.148 Z-0.600 F400.000
G1 X-21.590 Y-51.257 Z-0.600 F400.000
G1 X-21.599 Y-51.286 Z-0.600 F400.000
G1 X-21.613 Y-51.312 Z-0.600 F400.000
G1 X-21.632 Y-51.336 Z-0.600 F400.000
G1 X-21.656 Y-51.355 Z-0.600 F400.000
G1 X-21.682 Y-51.369 Z-0.600 F400.000
G1 X-21.711 Y-51.378 Z-0.600 F400.000
G1 X-21.820 Y-51.389 Z-0.600 F400.000
G1 X-23.225 Y-51.389 Z-0.600 F400.000
G1 X-23.432 Y-51.403 Z-0.600 F400.000
G1 X-23.691 Y-51.437 Z-0.600 F400.000
G1 X-24.091 Y-51.544 Z-0.600 F400.000
G1 X-24.333 Y-51.644 Z-0.600 F400.000
G1 X-24.691 Y-51.851 Z-0.600 F400.000
G1 X-24.899 Y-52.010 Z-0.600 F400.000
G1 X-25.192 Y-52.303 Z-0.600 F400.000
G1 X-25.350 Y-52.510 Z-0.600 F400.000
G1 X-25.558 Y-52.869 Z-0.600 F400.000
G1 X-25.658 Y-53.110 Z-0.600 F400.000
G1 X-25.765 Y-53.510 Z-0.600 F400.000
G1 X-25.799 Y-53.769 Z-0.600 F400.000
G1 X-25.812 Y-53.976 Z-0.600 F400.000
G1 X-25.812 Y-76.639 Z-0.600 F400.000
G1 X-25.800 Y-76.916 Z-0.600 F400.000
G1 X-25.750 Y-77.276 Z-0.600 F400.000
G1 X-25.661 Y-77.629 Z-0.600 F400.000
G1 X-25.534 Y-77.970 Z-0.600 F400.000
G1 X-21.613 Y-86.385 Z-0.600 F400.000
G1 X-21.590 Y-86.441 Z-0.600 F400.000
G1 X-21.585 Y-86.458 Z-0.600 F400.000
G1 X-21.582 Y-86.476 Z-0.600 F400.000
G1 X-21.579 Y-86.536 Z-0.600 F400.000
G1 X-21.579 Y-89.427 Z-0.600 F400.000
G1 X-21.590 Y-89.536 Z-0.600 F400.000
G1 X-21.599 Y-89.565 Z-0.600 F400.000
G1 X-21.613 Y-89.591 Z-0.600 F400.000
G1 X-21.632 Y-89.615 Z-0.600 F400.000
G1 X-21.656 Y-89.634 Z-0.600 F400.000
G1 X-21.682 Y-89.649 Z-0.600 F400.000
G1 X-21.711 Y-89.657 Z-0.600 F400.000
G1 X-21.820 Y-89.668 Z-0.600 F400.000
G1 X-23.225 Y-89.668 Z-0.600 F400.000
G1 X-23.432 Y-89.682 Z-0.600 F400.000
G1 X-23.691 Y-89.716 Z-0.600 F400.000
G1 X-24.091 Y-89.823 Z-0.600 F400.000
G1 X-24.333 Y-89.923 Z-0.600 F400.000
G1 X-24.691 Y-90.130 Z-0.600 F400.000
G1 X-24.899 Y-90.289 Z-0.600 F400.000
G1 X-25.192 Y-90.582 Z-0.600 F400.000
G1 X-25.350 Y-90.789 Z-0.600 F400.000
G1 X-25.558 Y-91.148 Z-0.600 F400.000
G1 X-25.658 Y-91.389 Z-0.600 F400.000
G1 X-25.765 Y-91.789 Z-0.600 F400.000
G1 X-25.799 Y-92.048 Z-0.600 F400.000
G1 X-25.812 Y-92.255 Z-0.600 F400.000
G1 X-25.812 Y-114.918 Z-0.600 F400.000
G1 X-25.800 Y-115.195 Z-0.600 F400.000
G1 X-25.750 Y-115.555 Z-0.600 F400.000
G1 X-25.661 Y-115.908 Z-0.600 F400.000
G1 X-25.534 Y-116.249 Z-0.600 F400.000
G1 X-21.613 Y-124.664 Z-0.600 F400.000
G1 X-21.590 Y-124.721 Z-0.600 F400.000
G1 X-21.585 Y-124.737 Z-0.600 F400.000
G1 X-21.582 Y-124.755 Z-0.600 F400.000
G1 X-21.579 Y-124.815 Z-0.600 F400.000
G1 X-21.579 Y-127.706 Z-0.600 F400.000
G1 X-21.590 Y-127.815 Z-0.600 F400.000
G1 X-21.599 Y-127.844 Z-0.600 F400.000
G1 X-21.613 Y-127.870 Z-0.600 F400.000
G1 X-21.632 Y-127.894 Z-0.600 F400.000
G1 X-21.656 Y-127.913 Z-0.600 F400.000
G1 X-21.682 Y-127.928 Z-0.600 F400.000
G1 X-21.711 Y-127.936 Z-0.600 F400.000
G1 X-21.820 Y-127.947 Z-0.600 F400.000
G1 X-23.225 Y-127.947 Z-0.600 F400.000
G1 X-23.432 Y-127.961 Z-0.600 F400.000
G1 X-23.691 Y-127.995 Z-0.600 F400.000
G1 X-24.091 Y-128.102 Z-0.600 F400.000
G1 X-24.333 Y-128.202 Z-0.600 F400.000
G1 X-24.691 Y-128.409 Z-0.600 F400.000
G1 X-24.899 Y-128.568 Z-0.600 F400.000
G1 X-25.192 Y-128.861 Z-0.600 F400.000
G1 X-25.350 Y-129.068 Z-0.600 F400.000
G1 X-25.558 Y-129.427 Z-0.600 F400.000
G1 X-25.658 Y-129.668 Z-0.600 F400.000
G1 X-25.765 Y-130.068 Z-0.600 F400.000
G1 X-25.799 Y-130.327 Z-0.600 F400.000
G1 X-25.812 Y-130.534 Z-0.600 F400.000
G1 X-25.812 Y-153.197 Z-0.600 F400.000
G1 X-25.800 Y-153.474 Z-0.600 F400.000
G1 X-25.750 Y-153.834 Z-0.600 F400.000
G1 X-25.661 Y-154.187 Z-0.600 F400.000
G1 X-25.534 Y-154.528 Z-0.600 F400.000
G1 X-21.613 Y-162.943 Z-0.600 F400.000
G1 X-21.590 Y-163.000 Z-0.600 F400.000
G1 X-21.585 Y-163.016 Z-0.600 F400.000
G1 X-21.582 Y-163.034 Z-0.600 F400.000
G1 X-21.579 Y-163.094 Z-0.600 F400.000
G1 X-21.579 Y-165.986 Z-0.600 F400.000
G1 X-21.590 Y-166.094 Z-0.600 F400.000
G1 X-21.599 Y-166.123 Z-0.600 F400.000
G1 X-21.613 Y-166.150 Z-0.600 F400.000
G1 X-21.632 Y-166.173 Z-0.600 F400.000
G1 X-21.656 Y-166.192 Z-0.600 F400.000
G1 X-21.682 Y-166.207 Z-0.600 F400.000
G1 X-21.711 Y-166.215 Z-0.600 F400.000
G1 X-21.820 Y-166.226 Z-0.600 F400.000
G1 X-23.225 Y-166.226 Z-0.600 F400.000
G1 X-23.432 Y-166.240 Z-0.600 F400.000
G1 X-23.691 Y-166.274 Z-0.600 F400.000
G1 X-24.091 Y-166.381 Z-0.600 F400.000
G1 X-24.333 Y-166.481 Z-0.600 F400.000
G1 X-24.691 Y-166.688 Z-0.600 F400.000
G1 X-24.899 Y-166.847 Z-0.600 F400.000
G1 X-25.192 Y-167.140 Z-0.600 F400.000
G1 X-25.350 Y-167.347 Z-0.600 F400.000
G1 X-25.558 Y-167.706 Z-0.600 F400.000
G1 X-25.658 Y-167.947 Z-0.600 F400.000
G1 X-25.765 Y-168.347 Z-0.600 F400.000
G1 X-25.799 Y-168.606 Z-0.600 F400.000
G1 X-25.812 Y-168.813 Z-0.600 F400.000
G1 X-25.812 Y-191.476 Z-0.600 F400.000
G1 X-25.800 Y-191.753 Z-0.600 F400.000
G1 X-25.750 Y-192.113 Z-0.600 F400.000
G1 X-25.661 Y-192.466 Z-0.600 F400.000
G1 X-25.534 Y-192.807 Z-0.600 F400.000
G1 X-21.613 Y-201.222 Z-0.600 F400.000
G1 X-21.590 Y-201.279 Z-0.600 F400.000
G1 X-21.585 Y-201.295 Z-0.600 F400.000
G1 X-21.582 Y-201.313 Z-0.600 F400.000
G1 X-21.579 Y-201.373 Z-0.600 F400.000
G1 X-21.579 Y-204.265 Z-0.600 F400.000
G1 X-21.590 Y-204.373 Z-0.600 F400.000
G1 X-21.599 Y-204.402 Z-0.600 F400.000
G1 X-21.613 Y-204.429 Z-0.600 F400.000
G1 X-21.632 Y-204.452 Z-0.600 F400.000
G1 X-21.656 Y-204.471 Z-0.600 F400.000
G1 X-21.682 Y-204.486 Z-0.600 F400.000
G1 X-21.711 Y-204.494 Z-0.600 F400.000
G1 X-21.820 Y-204.505 Z-0.600 F400.000
G1 X-23.225 Y-204.505 Z-0.600 F400.000
G1 X-23.432 Y-204.519 Z-0.600 F400.000
G1 X-23.691 Y-204.553 Z-0.600 F400.000
G1 X-24.091 Y-204.660 Z-0.600 F400.000
G1 X-24.333 Y-204.760 Z-0.600 F400.000
G1 X-24.691 Y-204.967 Z-0.600 F400.000
G1 X-24.899 Y-205.126 Z-0.600 F400.000
G1 X-25.192 Y-205.419 Z-0.600 F400.000
G1 X-25.350 Y-205.626 Z-0.600 F400.000
G1 X-25.558 Y-205.985 Z-0.600 F400.000
G1 X-25.658 Y-206.226 Z-0.600 F400.000
G1 X-25.765 Y-206.626 Z-0.600 F400.000
G1 X-25.799 Y-206.885 Z-0.600 F400.000
G1 X-25.812 Y-207.093 Z-0.600 F400.000
G1 X-25.812 Y-227.500 Z-0.600 F400.000
G0 Z5.000
G0 X-25.812 Y-2.500
G0 Z3.000
G1 X-25.812 Y-2.500 Z-0.800 F250.000
G1 X-25.812 Y-21.017 Z-0.800 F400.000
G1 X-25.771 Y-21.514 Z-0.800 F400.000
G1 X-25.711 Y-21.819 Z-0.800 F400.000
G1 X-25.611 Y-22.148 Z-0.800 F400.000
G1 X-25.492 Y-22.435 Z-0.800 F400.000
G1 X-25.330 Y-22.738 Z-0.800 F400.000
G1 X-25.157 Y-22.996 Z-0.800 F400.000
G1 X-24.940 Y-23.262 Z-0.800 F400.000
G1 X-24.720 Y-23.482 Z-0.800 F400.000
G1 X-24.454 Y-23.699 Z-0.800 F400.000
G1 X-24.196 Y-23.872 Z-0.800 F400.000
G1 X-23.893 Y-24.034 Z-0.800 F400.000
G1 X-23.606 Y-24.153 Z-0.800 F400.000
G1 X-23.277 Y-24.253 Z-0.800 F400.000
G1 X-22.972 Y-24.313 Z-0.800 F400.000
G1 X-22.631 Y-24.347 Z-0.800 F400.000
G1 X-19.705 Y-24.354 Z-0.800 F400.000
G1 X-19.595 Y-24.365 Z-0.800 F400.000
G1 X-19.566 Y-24.374 Z-0.800 F400.000
G1 X-19.539 Y-24.388 Z-0.800 F400.000
G1 X-19.516 Y-24.408 Z-0.800 F400.000
G1 X-19.496 Y-24.431 Z-0.800 F400.000
G1 X-19.482 Y-24.458 Z-0.800 F400.000
G1 X-19.473 Y-24.487 Z-0.800 F400.000
G1 X-19.462 Y-24.595 Z-0.800 F400.000
G1 X-19.463 Y-26.302 Z-0.800 F400.000
G1 X-19.473 Y-26.410 Z-0.800 F400.000
G1 X-19.482 Y-26.439 Z-0.800 F400.000
G1 X-19.496 Y-26.466 Z-0.800 F400.000
G1 X-19.516 Y-26.489 Z-0.800 F400.000
G1 X-19.539 Y-26.508 Z-0.800 F400.000
G1 X-19.566 Y-26.523 Z-0.800 F400.000
G1 X-19.595 Y-26.531 Z-0.800 F400.000
G1 X-19.703 Y-26.542 Z-0.800 F400.000
G1 X-22.475 Y-26.542 Z-0.800 F400.000
G1 X-22.972 Y-26.583 Z-0.800 F400.000
G1 X-23.277 Y-26.644 Z-0.800 F400.000
G1 X-23.606 Y-26.744 Z-0.800 F400.000
G1 X-23.893 Y-26.863 Z-0.800 F400.000
G1 X-24.196 Y-27.024 Z-0.800 F400.000
G1 X-24.454 Y-27.197 Z-0.800 F400.000
G1 X-24.720 Y-27.415 Z-0.800 F400.000
G1 X-24.940 Y-27.635 Z-0.800 F400.000
G1 X-25.157 Y-27.900 Z-0.800 F400.000
G1 X-25.330 Y-28.159 Z-0.800 F400.000
G1 X-25.492 Y-28.462 Z-0.800 F400.000
G1 X-25.611 Y-28.749 Z-0.800 F400.000
G1 X-25.711 Y-29.077 Z-0.800 F400.000
G1 X-25.771 Y-29.383 Z-0.800 F400.000
G1 X-25.805 Y-29.724 Z-0.800 F400.000
G1 X-25.812 Y-38.360 Z-0.800 F400.000
G1 X-25.800 Y-38.637 Z-0.800 F400.000
G1 X-25.750 Y-38.997 Z-0.800 F400.000
G1 X-25.661 Y-39.350 Z-0.800 F400.000
G1 X-25.534 Y-39.691 Z-0.800 F400.000
G1 X-21.613 Y-48.106 Z-0.800 F400.000
G1 X-21.590 Y-48.162 Z-0.800 F400.000
G1 X-21.585 Y-48.179 Z-0.800 F400.000
G1 X-21.582 Y-48.197 Z-0.800 F400.000
G1 X-21.579 Y-48.257 Z-0.800 F400.000
G1 X-21.579 Y-51.148 Z-0.800 F400.000
G1 X-21.590 Y-51.257 Z-0.800 F400.000
G1 X-21.599 Y-51.286 Z-0.800 F400.000
G1 X-21.613 Y-51.312 Z-0.800 F400.000
G1 X-21.632 Y-51.336 Z-0.800 F400.000
G1 X-21.656 Y-51.355 Z-0.800 F400.000
G1 X-21.682 Y-51.369 Z-0.800 F400.000
G1 X-21.711 Y-51.378 Z-0.800 F400.000
G1 X-21.820 Y-51.389 Z-0.800 F400.000
G1 X-23.225 Y-51.389 Z-0.800 F400.000
G1 X-23.432 Y-51.403 Z-0.800 F400.000
G1 X-23.691 Y-51.437 Z-0.800 F400.000
G1 X-24.091 Y-51.544 Z-0.800 F400.000
G1 X-24.333 Y-51.644 Z-0.800 F400.000
G1 X-24.691 Y-51.851 Z-0.800 F400.000
G1 X-24.899 Y-52.010 Z-0.800 F400.000
G1 X-25.192 Y-52.303 Z-0.800 F400.000
G1 X-25.350 Y-52.510 Z-0.800 F400.000
G1 X-25.558 Y-52.869 Z-0.800 F400.000
G1 X-25.658 Y-53.110 Z-0.800 F400.000
G1 X-25.765 Y-53.510 Z-0.800 F400.000
G1 X-25.799 Y-53.769 Z-0.800 F400.000
G1 X-25.812 Y-53.976 Z-0.800 F400.000
G1 X-25.812 Y-76.639 Z-0.800 F400.000
G1 X-25.800 Y-76.916 Z-0.800 F400.000
G1 X-25.750 Y-77.276 Z-0.800 F400.000
G1 X-25.661 Y-77.629 Z-0.800 F400.000
G1 X-25.534 Y-77.970 Z-0.800 F400.000
G1 X-21.613 Y-86.385 Z-0.800 F400.000
G1 X-21.590 Y-86.441 Z-0.800 F400.000
G1 X-21.585 Y-86.458 Z-0.800 F400.000
G1 X-21.582 Y-86.476 Z-0.800 F400.000
G1 X-21.579 Y-86.536 Z-0.800 F400.000
G1 X-21.579 Y-89.427 Z-0.800 F400.000
G1 X-21.590 Y-89.536 Z-0.800 F400.000
G1 X-21.599 Y-89.565 Z-0.800 F400.000
G1 X-21.613 Y-89.591 Z-0.800 F400.000
G1 X-21.632 Y-89.615 Z-0.800 F400.000
G1 X-21.656 Y-89.634 Z-0.800 F400.000
G1 X-21.682 Y-89.649 Z-0.800 F400.000
G1 X-21.711 Y-89.657 Z-0.800 F400.000
G1 X-21.820 Y-89.668 Z-0.800 F400.000
G1 X-23.225 Y-89.668 Z-0.800 F400.000
G1 X-23.432 Y-89.682 Z-0.800 F400.000
G1 X-23.691 Y-89.716 Z-0.800 F400.000
G1 X-24.091 Y-89.823 Z-0.800 F400.000
G1 X-24.333 Y-89.923 Z-0.800 F400.000
G1 X-24.691 Y-90.130 Z-0.800 F400.000
G1 X-24.899 Y-90.289 Z-0.800 F400.000
G1 X-25.192 Y-90.582 Z-0.800 F400.000
G1 X-25.350 Y-90.789 Z-0.800 F400.000
G1 X-25.558 Y-91.148 Z-0.800 F400.000
G1 X-25.658 Y-91.389 Z-0.800 F400.000
G1 X-25.765 Y-91.789 Z-0.800 F400.000
G1 X-25.799 Y-92.048 Z-0.800 F400.000
G1 X-25.812 Y-92.255 Z-0.800 F400.000
G1 X-25.812 Y-114.918 Z-0.800 F400.000
G1 X-25.800 Y-115.195 Z-0.800 F400.000
G1 X-25.750 Y-115.555 Z-0.800 F400.000
G1 X-25.661 Y-115.908 Z-0.800 F400.000
G1 X-25.534 Y-116.249 Z-0.800 F400.000
G1 X-21.613 Y-124.664 Z-0.800 F400.000
G1 X-21.590 Y-124.721 Z-0.800 F400.000
G1 X-21.585 Y-124.737 Z-0.800 F400.000
G1 X-21.582 Y-124.755 Z-0.800 F400.000
G1 X-21.579 Y-124.815 Z-0.800 F400.000
G1 X-21.579 Y-127.706 Z-0.800 F400.000
G1 X-21.590 Y-127.815 Z-0.800 F400.000
G1 X-21.599 Y-127.844 Z-0.800 F400.000
G1 X-21.613 Y-127.870 Z-0.800 F400.000
G1 X-21.632 Y-127.894 Z-0.800 F400.000
G1 X-21.656 Y-127.913 Z-0.800 F400.000
G1 X-21.682 Y-127.928 Z-0.800 F400.000
G1 X-21.711 Y-127.936 Z-0.800 F400.000
G1 X-21.820 Y-127.947 Z-0.800 F400.000
G1 X-23.225 Y-127.947 Z-0.800 F400.000
G1 X-23.432 Y-127.961 Z-0.800 F400.000
G1 X-23.691 Y-127.995 Z-0.800 F400.000
G1 X-24.091 Y-128.102 Z-0.800 F400.000
G1 X-24.333 Y-128.202 Z-0.800 F400.000
G1 X-24.691 Y-128.409 Z-0.800 F400.000
G1 X-24.899 Y-128.568 Z-0.800 F400.000
G1 X-25.192 Y-128.861 Z-0.800 F400.000
G1 X-25.350 Y-129.068 Z-0.800 F400.000
G1 X-25.558 Y-129.427 Z-0.800 F400.000
G1 X-25.658 Y-129.668 Z-0.800 F400.000
G1 X-25.765 Y-130.068 Z-0.800 F400.000
G1 X-25.799 Y-130.327 Z-0.800 F400.000
G1 X-25.812 Y-130.534 Z-0.800 F400.000
G1 X-25.812 Y-153.197 Z-0.800 F400.000
G1 X-25.800 Y-153.474 Z-0.800 F400.000
G1 X-25.750 Y-153.834 Z-0.800 F400.000
G1 X-25.661 Y-154.187 Z-0.800 F400.000
G1 X-25.534 Y-154.528 Z-0.800 F400.000
G1 X-21.613 Y-162.943 Z-0.800 F400.000
G1 X-21.590 Y-163.000 Z-0.800 F400.000
G1 X-21.585 Y-163.016 Z-0.800 F400.000
G1 X-21.582 Y-163.034 Z-0.800 F400.000
G1 X-21.579 Y-163.094 Z-0.800 F400.000
G1 X-21.579 Y-165.986 Z-0.800 F400.000
G1 X-21.590 Y-166.094 Z-0.800 F400.000
G1 X-21.599 Y-166.123 Z-0.800 F400.000
G1 X-21.613 Y-166.150 Z-0.800 F400.000
G1 X-21.632 Y-166.173 Z-0.800 F400.000
G1 X-21.656 Y-166.192 Z-0.800 F400.000
G1 X-21.682 Y-166.207 Z-0.800 F400.000
G1 X-21.711 Y-166.215 Z-0.800 F400.000
G1 X-21.820 Y-166.226 Z-0.800 F400.000
G1 X-23.225 Y-166.226 Z-0.800 F400.000
G1 X-23.432 Y-166.240 Z-0.800 F400.000
G1 X-23.691 Y-166.274 Z-0.800 F400.000
G1 X-24.091 Y-166.381 Z-0.800 F400.000
G1 X-24.333 Y-166.481 Z-0.800 F400.000
G1 X-24.691 Y-166.688 Z-0.800 F400.000
G1 X-24.899 Y-166.847 Z-0.800 F400.000
G1 X-25.192 Y-167.140 Z-0.800 F400.000
G1 X-25.350 Y-167.347 Z-0.800 F400.000
G1 X-25.558 Y-167.706 Z-0.800 F400.000
G1 X-25.658 Y-167.947 Z-0.800 F400.000
G1 X-25.765 Y-168.347 Z-0.800 F400.000
G1 X-25.799 Y-168.606 Z-0.800 F400.000
G1 X-25.812 Y-168.813 Z-0.800 F400.000
G1 X-25.812 Y-191.476 Z-0.800 F400.000
G1 X-25.800 Y-191.753 Z-0.800 F400.000
G1 X-25.750 Y-192.113 Z-0.800 F400.000
G1 X-25.661 Y-192.466 Z-0.800 F400.000
G1 X-25.534 Y-192.807 Z-0.800 F400.000
G1 X-21.613 Y-201.222 Z-0.800 F400.000
G1 X-21.590 Y-201.279 Z-0.800 F400.000
G1 X-21.585 Y-201.295 Z-0.800 F400.000
G1 X-21.582 Y-201.313 Z-0.800 F400.000
G1 X-21.579 Y-201.373 Z-0.800 F400.000
G1 X-21.579 Y-204.265 Z-0.800 F400.000
G1 X-21.590 Y-204.373 Z-0.800 F400.000
G1 X-21.599 Y-204.402 Z-0.800 F400.000
G1 X-21.613 Y-204.429 Z-0.800 F400.000
G1 X-21.632 Y-204.452 Z-0.800 F400.000
G1 X-21.656 Y-204.471 Z-0.800 F400.000
G1 X-21.682 Y-204.486 Z-0.800 F400.000
G1 X-21.711 Y-204.494 Z-0.800 F400.000
G1 X-21.820 Y-204.505 Z-0.800 F400.000
G1 X-23.225 Y-204.505 Z-0.800 F400.000
G1 X-23.432 Y-204.519 Z-0.800 F400.000
G1 X-23.691 Y-204.553 Z-0.800 F400.000
G1 X-24.091 Y-204.660 Z-0.800 F400.000
G1 X-24.333 Y-204.760 Z-0.800 F400.000
G1 X-24.691 Y-204.967 Z-0.800 F400.000
G1 X-24.899 Y-205.126 Z-0.800 F400.000
G1 X-25.192 Y-205.419 Z-0.800 F400.000
G1 X-25.350 Y-205.626 Z-0.800 F400.000
G1 X-25.558 Y-205.985 Z-0.800 F400.000
G1 X-25.658 Y-206.226 Z-0.800 F400.000
G1 X-25.765 Y-206.626 Z-0.800 F400.000
G1 X-25.799 Y-206.885 Z-0.800 F400.000
G1 X-25.812 Y-207.093 Z-0.800 F400.000
G1 X-25.812 Y-227.500 Z-0.800 F400.000
G0 Z5.000
G0 X-25.812 Y-2.500
G0 Z3.000
G1 X-25.812 Y-2.500 Z-1.000 F250.000
G1 X-25.812 Y-21.017 Z-1.000 F400.000
G1 X-25.771 Y-21.514 Z-1.000 F400.000
G1 X-25.711 Y-21.819 Z-1.000 F400.000
G1 X-25.611 Y-22.148 Z-1.000 F400.000
G1 X-25.492 Y-22.435 Z-1.000 F400.000
G1 X-25.330 Y-22.738 Z-1.000 F400.000
G1 X-25.157 Y-22.996 Z-1.000 F400.000
G1 X-24.940 Y-23.262 Z-1.000 F400.000
G1 X-24.720 Y-23.482 Z-1.000 F400.000
G1 X-24.454 Y-23.699 Z-1.000 F400.000
G1 X-24.196 Y-23.872 Z-1.000 F400.000
G1 X-23.893 Y-24.034 Z-1.000 F400.000
G1 X-23.606 Y-24.153 Z-1.000 F400.000
G1 X-23.277 Y-24.253 Z-1.000 F400.000
G1 X-22.972 Y-24.313 Z-1.000 F400.000
G1 X-22.631 Y-24.347 Z-1.000 F400.000
G1 X-19.705 Y-24.354 Z-1.000 F400.000
G1 X-19.595 Y-24.365 Z-1.000 F400.000
G1 X-19.566 Y-24.374 Z-1.000 F400.000
G1 X-19.539 Y-24.388 Z-1.000 F400.000
G1 X-19.516 Y-24.408 Z-1.000 F400.000
G1 X-19.496 Y-24.431 Z-1.000 F400.000
G1 X-19.482 Y-24.458 Z-1.000 F400.000
G1 X-19.473 Y-24.487 Z-1.000 F400.000
G1 X-19.462 Y-24.595 Z-1.000 F400.000
G1 X-19.463 Y-26.302 Z-1.000 F400.000
G1 X-19.473 Y-26.410 Z-1.000 F400.000
G1 X-19.482 Y-26.439 Z-1.000 F400.000
G1 X-19.496 Y-26.466 Z-1.000 F400.000
G1 X-19.516 Y-26.489 Z-1.000 F400.000
G1 X-19.539 Y-26.508 Z-1.000 F400.000
G1 X-19.566 Y-26.523 Z-1.000 F400.000
G1 X-19.595 Y-26.531 Z-1.000 F400.000
G1 X-19.703 Y-26.542 Z-1.000 F400.000
G1 X-22.475 Y-26.542 Z-1.000 F400.000
G1 X-22.972 Y-26.583 Z-1.000 F400.000
G1 X-23.277 Y-26.644 Z-1.000 F400.000
G1 X-23.606 Y-26.744 Z-1.000 F400.000
G1 X-23.893 Y-26.863 Z-1.000 F400.000
G1 X-24.196 Y-27.024 Z-1.000 F400.000
G1 X-24.454 Y-27.197 Z-1.000 F400.000
G1 X-24.720 Y-27.415 Z-1.000 F400.000
G1 X-24.940 Y-27.635 Z-1.000 F400.000
G1 X-25.157 Y-27.900 Z-1.000 F400.000
G1 X-25.330 Y-28.159 Z-1.000 F400.000
G1 X-25.492 Y-28.462 Z-1.000 F400.000
G1 X-25.611 Y-28.749 Z-1.000 F400.000
G1 X-25.711 Y-29.077 Z-1.000 F400.000
G1 X-25.771 Y-29.383 Z-1.000 F400.000
G1 X-25.805 Y-29.724 Z-1.000 F400.000
G1 X-25.812 Y-38.360 Z-1.000 F400.000
G1 X-25.800 Y-38.637 Z-1.000 F400.000
G1 X-25.750 Y-38.997 Z-1.000 F400.000
G1 X-25.661 Y-39.350 Z-1.000 F400.000
G1 X-25.534 Y-39.691 Z-1.000 F400.000
G1 X-21.613 Y-48.106 Z-1.000 F400.000
G1 X-21.590 Y-48.162 Z-1.000 F400.000
G1 X-21.585 Y-48.179 Z-1.000 F400.000
G1 X-21.582 Y-48.197 Z-1.000 F400.000
G1 X-21.579 Y-48.257 Z-1.000 F400.000
G1 X-21.579 Y-51.148 Z-1.000 F400.000
G1 X-21.590 Y-51.257 Z-1.000 F400.000
G1 X-21.599 Y-51.286 Z-1.000 F400.000
G1 X-21.613 Y-51.312 Z-1.000 F400.000
G1 X-21.632 Y-51.336 Z-1.000 F400.000
G1 X-21.656 Y-51.355 Z-1.000 F400.000
G1 X-21.682 Y-51.369 Z-1.000 F400.000
G1 X-21.711 Y-51.378 Z-1.000 F400.000
G1 X-21.820 Y-51.389 Z-1.000 F400.000
G1 X-23.225 Y-51.389 Z-1.000 F400.000
G1 X-23.432 Y-51.403 Z-1.000 F400.000
G1 X-23.691 Y-51.437 Z-1.000 F400.000
G1 X-24.091 Y-51.544 Z-1.000 F400.000
G1 X-24.333 Y-51.644 Z-1.000 F400.000
G1 X-24.691 Y-51.851 Z-1.000 F400.000
G1 X-24.899 Y-52.010 Z-1.000 F400.000
G1 X-25.192 Y-52.303 Z-1.000 F400.000
G1 X-25.350 Y-52.510 Z-1.000 F400.000
G1 X-25.558 Y-52.869 Z-1.000 F400.000
G1 X-25.658 Y-53.110 Z-1.000 F400.000
G1 X-25.765 Y-53.510 Z-1.000 F400.000
G1 X-25.799 Y-53.769 Z-1.000 F400.000
G1 X-25.812 Y-53.976 Z-1.000 F400.000
G1 X-25.812 Y-76.639 Z-1.000 F400.000
G1 X-25.800 Y-76.916 Z-1.000 F400.000
G1 X-25.750 Y-77.276 Z-1.000 F400.000
G1 X-25.661 Y-77.629 Z-1.000 F400.000
G1 X-25.534 Y-77.970 Z-1.000 F400.000
G1 X-21.613 Y-86.385 Z-1.000 F400.000
G1 X-21.590 Y-86.441 Z-1.000 F400.000
G1 X-21.585 Y-86.458 Z-1.000 F400.000
G1 X-21.582 Y-86.476 Z-1.000 F400.000
G1 X-21.579 Y-86.536 Z-1.000 F400.000
G1 X-21.579 Y-89.427 Z-1.000 F400.000
G1 X-21.590 Y-89.536 Z-1.000 F400.000
G1 X-21.599 Y-89.565 Z-1.000 F400.000
G1 X-21.613 Y-89.591 Z-1.000 F400.000
G1 X-21.632 Y-89.615 Z-1.000 F400.000
G1 X-21.656 Y-89.634 Z-1.000 F400.000
G1 X-21.682 Y-89.649 Z-1.000 F400.000
G1 X-21.711 Y-89.657 Z-1.000 F400.000
G1 X-21.820 Y-89.668 Z-1.000 F400.000
G1 X-23.225 Y-89.668 Z-1.000 F400.000
G1 X-23.432 Y-89.682 Z-1.000 F400.000
G1 X-23.691 Y-89.716 Z-1.000 F400.000
G1 X-24.091 Y-89.823 Z-1.000 F400.000
G1 X-24.333 Y-89.923 Z-1.000 F400.000
G1 X-24.691 Y-90.130 Z-1.000 F400.000
G1 X-24.899 Y-90.289 Z-1.000 F400.000
G1 X-25.192 Y-90.582 Z-1.000 F400.000
G1 X-25.350 Y-90.789 Z-1.000 F400.000
G1 X-25.558 Y-91.148 Z-1.000 F400.000
G1 X-25.658 Y-91.389 Z-1.000 F400.000
G1 X-25.765 Y-91.789 Z-1.000 F400.000
G1 X-25.799 Y-92.048 Z-1.000 F400.000
G1 X-25.812 Y-92.255 Z-1.000 F400.000
G1 X-25.812 Y-114.918 Z-1.000 F400.000
G1 X-25.800 Y-115.195 Z-1.000 F400.000
G1 X-25.750 Y-115.555 Z-1.000 F400.000
G1 X-25.661 Y-115.908 Z-1.000 F400.000
G1 X-25.534 Y-116.249 Z-1.000 F400.000
G1 X-21.613 Y-124.664 Z-1.000 F400.000
G1 X-21.590 Y-124.721 Z-1.000 F400.000
G1 X-21.585 Y-124.737 Z-1.000 F400.000
G1 X-21.582 Y-124.755 Z-1.000 F400.000
G1 X-21.579 Y-124.815 Z-1.000 F400.000
G1 X-21.579 Y-127.706 Z-1.000 F400.000
G1 X-21.590 Y-127.815 Z-1.000 F400.000
G1 X-21.599 Y-127.844 Z-1.000 F400.000
G1 X-21.613 Y-127.870 Z-1.000 F400.000
G1 X-21.632 Y-127.894 Z-1.000 F400.000
G1 X-21.656 Y-127.913 Z-1.000 F400.000
G1 X-21.682 Y-127.928 Z-1.000 F400.000
G1 X-21.711 Y-127.936 Z-1.000 F400.000
G1 X-21.820 Y-127.947 Z-1.000 F400.000
G1 X-23.225 Y-127.947 Z-1.000 F400.000
G1 X-23.432 Y-127.961 Z-1.000 F400.000
G1 X-23.691 Y-127.995 Z-1.000 F400.000
G1 X-24.091 Y-128.102 Z-1.000 F400.000
G1 X-24.333 Y-128.202 Z-1.000 F400.000
G1 X-24.691 Y-128.409 Z-1.000 F400.000
G1 X-24.899 Y-128.568 Z-1.000 F400.000
G1 X-25.192 Y-128.861 Z-1.000 F400.000
G1 X-25.350 Y-129.068 Z-1.000 F400.000
G1 X-25.558 Y-129.427 Z-1.000 F400.000
G1 X-25.658 Y-129.668 Z-1.000 F400.000
G1 X-25.765 Y-130.068 Z-1.000 F400.000
G1 X-25.799 Y-130.327 Z-1.000 F400.000
G1 X-25.812 Y-130.534 Z-1.000 F400.000
G1 X-25.812 Y-153.197 Z-1.000 F400.000
G1 X-25.800 Y-153.474 Z-1.000 F400.000
G1 X-25.750 Y-153.834 Z-1.000 F400.000
G1 X-25.661 Y-154.187 Z-1.000 F400.000
G1 X-25.534 Y-154.528 Z-1.000 F400.000
G1 X-21.613 Y-162.943 Z-1.000 F400.000
G1 X-21.590 Y-163.000 Z-1.000 F400.000
G1 X-21.585 Y-163.016 Z-1.000 F400.000
G1 X-21.582 Y-163.034 Z-1.000 F400.000
G1 X-21.579 Y-163.094 Z-1.000 F400.000
G1 X-21.579 Y-165.986 Z-1.000 F400.000
G1 X-21.590 Y-166.094 Z-1.000 F400.000
G1 X-21.599 Y-166.123 Z-1.000 F400.000
G1 X-21.613 Y-166.150 Z-1.000 F400.000
G1 X-21.632 Y-166.173 Z-1.000 F400.000
G1 X-21.656 Y-166.192 Z-1.000 F400.000
G1 X-21.682 Y-166.207 Z-1.000 F400.000
G1 X-21.711 Y-166.215 Z-1.000 F400.000
G1 X-21.820 Y-166.226 Z-1.000 F400.000
G1 X-23.225 Y-166.226 Z-1.000 F400.000
G1 X-23.432 Y-166.240 Z-1.000 F400.000
G1 X-23.691 Y-166.274 Z-1.000 F400.000
G1 X-24.091 Y-166.381 Z-1.000 F400.000
G1 X-24.333 Y-166.481 Z-1.000 F400.000
G1 X-24.691 Y-166.688 Z-1.000 F400.000
G1 X-24.899 Y-166.847 Z-1.000 F400.000
G1 X-25.192 Y-167.140 Z-1.000 F400.000
G1 X-25.350 Y-167.347 Z-1.000 F400.000
G1 X-25.558 Y-167.706 Z-1.000 F400.000
G1 X-25.658 Y-167.947 Z-1.000 F400.000
G1 X-25.765 Y-168.347 Z-1.000 F400.000
G1 X-25.799 Y-168.606 Z-1.000 F400.000
G1 X-25.812 Y-168.813 Z-1.000 F400.000
G1 X-25.812 Y-191.476 Z-1.000 F400.000
G1 X-25.800 Y-191.753 Z-1.000 F400.000
G1 X-25.750 Y-192.113 Z-1.000 F400.000
G1 X-25.661 Y-192.466 Z-1.000 F400.000
G1 X-25.534 Y-192.807 Z-1.000 F400.000
G1 X-21.613 Y-201.222 Z-1.000 F400.000
G1 X-21.590 Y-201.279 Z-1.000 F400.000
G1 X-21.585 Y-201.295 Z-1.000 F400.000
G1 X-21.582 Y-201.313 Z-1.000 F400.000
G1 X-21.579 Y-201.373 Z-1.000 F400.000
G1 X-21.579 Y-204.265 Z-1.000 F400.000
G1 X-21.590 Y-204.373 Z-1.000 F400.000
G1 X-21.599 Y-204.402 Z-1.000 F400.000
G1 X-21.613 Y-204.429 Z-1.000 F400.000
G1 X-21.632 Y-204.452 Z-1.000 F400.000
G1 X-21.656 Y-204.471 Z-1.000 F400.000
G1 X-21.682 Y-204.486 Z-1.000 F400.000
G1 X-21.711 Y-204.494 Z-1.000 F400.000
G1 X-21.820 Y-204.505 Z-1.000 F400.000
G1 X-23.225 Y-204.505 Z-1.000 F400.000
G1 X-23.432 Y-204.519 Z-1.000 F400.000
G1 X-23.691 Y-204.553 Z-1.000 F400.000
G1 X-24.091 Y-204.660 Z-1.000 F400.000
G1 X-24.333 Y-204.760 Z-1.000 F400.000
G1 X-24.691 Y-204.967 Z-1.000 F400.000
G1 X-24.899 Y-205.126 Z-1.000 F400.000
G1 X-25.192 Y-205.419 Z-1.000 F400.000
G1 X-25.350 Y-205.626 Z-1.000 F400.000
G1 X-25.558 Y-205.985 Z-1.000 F400.000
G1 X-25.658 Y-206.226 Z-1.000 F400.000
G1 X-25.765 Y-206.626 Z-1.000 F400.000
G1 X-25.799 Y-206.885 Z-1.000 F400.000
G1 X-25.812 Y-207.093 Z-1.000 F400.000
G1 X-25.812 Y-227.500 Z-1.000 F400.000
G0 Z5.000
G0 X-25.812 Y-2.500
G0 Z3.000
G1 X-25.812 Y-2.500 Z-1.200 F250.000
G1 X-25.812 Y-21.017 Z-1.200 F400.000
G1 X-25.771 Y-21.514 Z-1.200 F400.000
G1 X-25.711 Y-21.819 Z-1.200 F400.000
G1 X-25.611 Y-22.148 Z-1.200 F400.000
G1 X-25.492 Y-22.435 Z-1.200 F400.000
G1 X-25.330 Y-22.738 Z-1.200 F400.000
G1 X-25.157 Y-22.996 Z-1.200 F400.000
G1 X-24.940 Y-23.262 Z-1.200 F400.000
G1 X-24.720 Y-23.482 Z-1.200 F400.000
G1 X-24.454 Y-23.699 Z-1.200 F400.000
G1 X-24.196 Y-23.872 Z-1.200 F400.000
G1 X-23.893 Y-24.034 Z-1.200 F400.000
G1 X-23.606 Y-24.153 Z-1.200 F400.000
G1 X-23.277 Y-24.253 Z-1.200 F400.000
G1 X-22.972 Y-24.313 Z-1.200 F400.000
G1 X-22.631 Y-24.347 Z-1.200 F400.000
G1 X-19.705 Y-24.354 Z-1.200 F400.000
G1 X-19.595 Y-24.365 Z-1.200 F400.000
G1 X-19.566 Y-24.374 Z-1.200 F400.000
G1 X-19.539 Y-24.388 Z-1.200 F400.000
G1 X-19.516 Y-24.408 Z-1.200 F400.000
G1 X-19.496 Y-24.431 Z-1.200 F400.000
G1 X-19.482 Y-24.458 Z-1.200 F400.000
G1 X-19.473 Y-24.487 Z-1.200 F400.000
G1 X-19.462 Y-24.595 Z-1.200 F400.000
G1 X-19.463 Y-26.302 Z-1.200 F400.000
G1 X-19.473 Y-26.410 Z-1.200 F400.000
G1 X-19.482 Y-26.439 Z-1.200 F400.000
G1 X-19.496 Y-26.466 Z-1.200 F400.000
G1 X-19.516 Y-26.489 Z-1.200 F400.000
G1 X-19.539 Y-26.508 Z-1.200 F400.000
G1 X-19.566 Y-26.523 Z-1.200 F400.000
G1 X-19.595 Y-26.531 Z-1.200 F400.000
G1 X-19.703 Y-26.542 Z-1.200 F400.000
G1 X-22.475 Y-26.542 Z-1.200 F400.000
G1 X-22.972 Y-26.583 Z-1.200 F400.000
G1 X-23.277 Y-26.644 Z-1.200 F400.000
G1 X-23.606 Y-26.744 Z-1.200 F400.000
G1 X-23.893 Y-26.863 Z-1.200 F400.000
G1 X-24.196 Y-27.024 Z-1.200 F400.000
G1 X-24.454 Y-27.197 Z-1.200 F400.000
G1 X-24.720 Y-27.415 Z-1.200 F400.000
G1 X-24.940 Y-27.635 Z-1.200 F400.000
G1 X-25.157 Y-27.900 Z-1.200 F400.000
G1 X-25.330 Y-28.159 Z-1.200 F400.000
G1 X-25.492 Y-28.462 Z-1.200 F400.000
G1 X-25.611 Y-28.749 Z-1.200 F400.000
G1 X-25.711 Y-29.077 Z-1.200 F400.000
G1 X-25.771 Y-29.383 Z-1.200 F400.000
G1 X-25.805 Y-29.724 Z-1.200 F400.000
G1 X-25.812 Y-38.360 Z-1.200 F400.000
G1 X-25.800 Y-38.637 Z-1.200 F400.000
G1 X-25.750 Y-38.997 Z-1.200 F400.000
G1 X-25.661 Y-39.350 Z-1.200 F400.000
G1 X-25.534 Y-39.691 Z-1.200 F400.000
G1 X-21.613 Y-48.106 Z-1.200 F400.000
G1 X-21.590 Y-48.162 Z-1.200 F400.000
G1 X-21.585 Y-48.179 Z-1.200 F400.000
G1 X-21.582 Y-48.197 Z-1.200 F400.000
G1 X-21.579 Y-48.257 Z-1.200 F400.000
G1 X-21.579 Y-51.148 Z-1.200 F400.000
G1 X-21.590 Y-51.257 Z-1.200 F400.000
G1 X-21.599 Y-51.286 Z-1.200 F400.000
G1 X-21.613 Y-51.312 Z-1.200 F400.000
G1 X-21.632 Y-51.336 Z-1.200 F400.000
G1 X-21.656 Y-51.355 Z-1.200 F400.000
G1 X-21.682 Y-51.369 Z-1.200 F400.000
G1 X-21.711 Y-51.378 Z-1.200 F400.000
G1 X-21.820 Y-51.389 Z-1.200 F400.000
G1 X-23.225 Y-51.389 Z-1.200 F400.000
G1 X-23.432 Y-51.403 Z-1.200 F400.000
G1 X-23.691 Y-51.437 Z-1.200 F400.000
G1 X-24.091 Y-51.544 Z-1.200 F400.000
G1 X-24.333 Y-51.644 Z-1.200 F400.000
G1 X-24.691 Y-51.851 Z-1.200 F400.000
G1 X-24.899 Y-52.010 Z-1.200 F400.000
G1 X-25.192 Y-52.303 Z-1.200 F400.000
G1 X-25.350 Y-52.510 Z-1.200 F400.000
G1 X-25.558 Y-52.869 Z-1.200 F400.000
G1 X-25.658 Y-53.110 Z-1.200 F400.000
G1 X-25.765 Y-53.510 Z-1.200 F400.000
G1 X-25.799 Y-53.769 Z-1.200 F400.000
G1 X-25.812 Y-53.976 Z-1.200 F400.000
G1 X-25.812 Y-76.639 Z-1.200 F400.000
G1 X-25.800 Y-76.916 Z-1.200 F400.000
G1 X-25.750 Y-77.276 Z-1.200 F400.000
G1 X-25.661 Y-77.629 Z-1.200 F400.000
G1 X-25.534 Y-77.970 Z-1.200 F400.000
G1 X-21.613 Y-86.385 Z-1.200 F400.000
G1 X-21.590 Y-86.441 Z-1.200 F400.000
G1 X-21.585 Y-86.458 Z-1.200 F400.000
G1 X-21.582 Y-86.476 Z-1.200 F400.000
G1 X-21.579 Y-86.536 Z-1.200 F400.000
G1 X-21.579 Y-89.427 Z-1.200 F400.000
G1 X-21.590 Y-89.536 Z-1.200 F400.000
G1 X-21.599 Y-89.565 Z-1.200 F400.000
G1 X-21.613 Y-89.591 Z-1.200 F400.000
G1 X-21.632 Y-89.615 Z-1.200 F400.000
G1 X-21.656 Y-89.634 Z-1.200 F400.000
G1 X-21.682 Y-89.649 Z-1.200 F400.000
G1 X-21.711 Y-89.657 Z-1.200 F400.000
G1 X-21.820 Y-89.668 Z-1.200 F400.000
G1 X-23.225 Y-89.668 Z-1.200 F400.000
G1 X-23.432 Y-89.682 Z-1.200 F400.000
G1 X-23.691 Y-89.716 Z-1.200 F400.000
G1 X-24.091 Y-89.823 Z-1.200 F400.000
G1 X-24.333 Y-89.923 Z-1.200 F400.000
G1 X-24.691 Y-90.130 Z-1.200 F400.000
G1 X-24.899 Y-90.289 Z-1.200 F400.000
G1 X-25.192 Y-90.582 Z-1.200 F400.000
G1 X-25.350 Y-90.789 Z-1.200 F400.000
G1 X-25.558 Y-91.148 Z-1.200 F400.000
G1 X-25.658 Y-91.389 Z-1.200 F400.000
G1 X-25.765 Y-91.789 Z-1.200 F400.000
G1 X-25.799 Y-92.048 Z-1.200 F400.000
G1 X-25.812 Y-92.255 Z-1.200 F400.000
G1 X-25.812 Y-114.918 Z-1.200 F400.000
G1 X-25.800 Y-115.195 Z-1.200 F400.000
G1 X-25.750 Y-115.555 Z-1.200 F400.000
G1 X-25.661 Y-115.908 Z-1.200 F400.000
G1 X-25.534 Y-116.249 Z-1.200 F400.000
G1 X-21.613 Y-124.664 Z-1.200 F400.000
G1 X-21.590 Y-124.721 Z-1.200 F400.000
G1 X-21.585 Y-124.737 Z-1.200 F400.000
G1 X-21.582 Y-124.755 Z-1.200 F400.000
G1 X-21.579 Y-124.815 Z-1.200 F400.000
G1 X-21.579 Y-127.706 Z-1.200 F400.000
G1 X-21.590 Y-127.815 Z-1.200 F400.000
G1 X-21.599 Y-127.844 Z-1.200 F400.000
G1 X-21.613 Y-127.870 Z-1.200 F400.000
G1 X-21.632 Y-127.894 Z-1.200 F400.000
G1 X-21.656 Y-127.913 Z-1.200 F400.000
G1 X-21.682 Y-127.928 Z-1.200 F400.000
G1 X-21.711 Y-127.936 Z-1.200 F400.000
G1 X-21.820 Y-127.947 Z-1.200 F400.000
G1 X-23.225 Y-127.947 Z-1.200 F400.000
G1 X-23.432 Y-127.961 Z-1.200 F400.000
G1 X-23.691 Y-127.995 Z-1.200 F400.000
G1 X-24.091 Y-128.102 Z-1.200 F400.000
G1 X-24.333 Y-128.202 Z-1.200 F400.000
G1 X-24.691 Y-128.409 Z-1.200 F400.000
G1 X-24.899 Y-128.568 Z-1.200 F400.000
G1 X-25.192 Y-128.861 Z-1.200 F400.000
G1 X-25.350 Y-129.068 Z-1.200 F400.000
G1 X-25.558 Y-129.427 Z-1.200 F400.000
G1 X-25.658 Y-129.668 Z-1.200 F400.000
G1 X-25.765 Y-130.068 Z-1.200 F400.000
G1 X-25.799 Y-130.327 Z-1.200 F400.000
G1 X-25.812 Y-130.534 Z-1.200 F400.000
G1 X-25.812 Y-153.197 Z-1.200 F400.000
G1 X-25.800 Y-153.474 Z-1.200 F400.000
G1 X-25.750 Y-153.834 Z-1.200 F400.000
G1 X-25.661 Y-154.187 Z-1.200 F400.000
G1 X-25.534 Y-154.528 Z-1.200 F400.000
G1 X-21.613 Y-162.943 Z-1.200 F400.000
G1 X-21.590 Y-163.000 Z-1.200 F400.000
G1 X-21.585 Y-163.016 Z-1.200 F400.000
G1 X-21.582 Y-163.034 Z-1.200 F400.000
G1 X-21.579 Y-163.094 Z-1.200 F400.000
G1 X-21.579 Y-165.986 Z-1.200 F400.000
G1 X-21.590 Y-166.094 Z-1.200 F400.000
G1 X-21.599 Y-166.123 Z-1.200 F400.000
G1 X-21.613 Y-166.150 Z-1.200 F400.000
G1 X-21.632 Y-166.173 Z-1.200 F400.000
G1 X-21.656 Y-166.192 Z-1.200 F400.000
G1 X-21.682 Y-166.207 Z-1.200 F400.000
G1 X-21.711 Y-166.215 Z-1.200 F400.000
G1 X-21.820 Y-166.226 Z-1.200 F400.000
G1 X-23.225 Y-166.226 Z-1.200 F400.000
G1 X-23.432 Y-166.240 Z-1.200 F400.000
G1 X-23.691 Y-166.274 Z-1.200 F400.000
G1 X-24.091 Y-166.381 Z-1.200 F400.000
G1 X-24.333 Y-166.481 Z-1.200 F400.000
G1 X-24.691 Y-166.688 Z-1.200 F400.000
G1 X-24.899 Y-166.847 Z-1.200 F400.000
G1 X-25.192 Y-167.140 Z-1.200 F400.000
G1 X-25.350 Y-167.347 Z-1.200 F400.000
G1 X-25.558 Y-167.706 Z-1.200 F400.000
G1 X-25.658 Y-167.947 Z-1.200 F400.000
G1 X-25.765 Y-168.347 Z-1.200 F400.000
G1 X-25.799 Y-168.606 Z-1.200 F400.000
G1 X-25.812 Y-168.813 Z-1.200 F400.000
G1 X-25.812 Y-191.476 Z-1.200 F400.000
G1 X-25.800 Y-191.753 Z-1.200 F400.000
G1 X-25.750 Y-192.113 Z-1.200 F400.000
G1 X-25.661 Y-192.466 Z-1.200 F400.000
G1 X-25.534 Y-192.807 Z-1.200 F400.000
G1 X-21.613 Y-201.222 Z-1.200 F400.000
G1 X-21.590 Y-201.279 Z-1.200 F400.000
G1 X-21.585 Y-201.295 Z-1.200 F400.000
G1 X-21.582 Y-201.313 Z-1.200 F400.000
G1 X-21.579 Y-201.373 Z-1.200 F400.000
G1 X-21.579 Y-204.265 Z-1.200 F400.000
G1 X-21.590 Y-204.373 Z-1.200 F400.000
G1 X-21.599 Y-204.402 Z-1.200 F400.000
G1 X-21.613 Y-204.429 Z-1.200 F400.000
G1 X-21.632 Y-204.452 Z-1.200 F400.000
G1 X-21.656 Y-204.471 Z-1.200 F400.000
G1 X-21.682 Y-204.486 Z-1.200 F400.000
G1 X-21.711 Y-204.494 Z-1.200 F400.000
G1 X-21.820 Y-204.505 Z-1.200 F400.000
G1 X-23.225 Y-204.505 Z-1.200 F400.000
G1 X-23.432 Y-204.519 Z-1.200 F400.000
G1 X-23.691 Y-204.553 Z-1.200 F400.000
G1 X-24.091 Y-204.660 Z-1.200 F400.000
G1 X-24.333 Y-204.760 Z-1.200 F400.000
G1 X-24.691 Y-204.967 Z-1.200 F400.000
G1 X-24.899 Y-205.126 Z-1.200 F400.000
G1 X-25.192 Y-205.419 Z-1.200 F400.000
G1 X-25.350 Y-205.626 Z-1.200 F400.000
G1 X-25.558 Y-205.985 Z-1.200 F400.000
G1 X-25.658 Y-206.226 Z-1.200 F400.000
G1 X-25.765 Y-206.626 Z-1.200 F400.000
G1 X-25.799 Y-206.885 Z-1.200 F400.000
G1 X-25.812 Y-207.093 Z-1.200 F400.000
G1 X-25.812 Y-227.500 Z-1.200 F400.000
G0 Z5.000
G0 X-25.812 Y-2.500
G0 Z3.000
G1 X-25.812 Y-2.500 Z-1.400 F250.000
G1 X-25.812 Y-21.017 Z-1.400 F400.000
G1 X-25.771 Y-21.514 Z-1.400 F400.000
G1 X-25.711 Y-21.819 Z-1.400 F400.000
G1 X-25.611 Y-22.148 Z-1.400 F400.000
G1 X-25.492 Y-22.435 Z-1.400 F400.000
G1 X-25.330 Y-22.738 Z-1.400 F400.000
G1 X-25.157 Y-22.996 Z-1.400 F400.000
G1 X-24.940 Y-23.262 Z-1.400 F400.000
G1 X-24.720 Y-23.482 Z-1.400 F400.000
G1 X-24.454 Y-23.699 Z-1.400 F400.000
G1 X-24.196 Y-23.872 Z-1.400 F400.000
G1 X-23.893 Y-24.034 Z-1.400 F400.000
G1 X-23.606 Y-24.153 Z-1.400 F400.000
G1 X-23.277 Y-24.253 Z-1.400 F400.000
G1 X-22.972 Y-24.313 Z-1.400 F400.000
G1 X-22.631 Y-24.347 Z-1.400 F400.000
G1 X-19.705 Y-24.354 Z-1.400 F400.000
G1 X-19.595 Y-24.365 Z-1.400 F400.000
G1 X-19.566 Y-24.374 Z-1.400 F400.000
G1 X-19.539 Y-24.388 Z-1.400 F400.000
G1 X-19.516 Y-24.408 Z-1.400 F400.000
G1 X-19.496 Y-24.431 Z-1.400 F400.000
G1 X-19.482 Y-24.458 Z-1.400 F400.000
G1 X-19.473 Y-24.487 Z-1.400 F400.000
G1 X-19.462 Y-24.595 Z-1.400 F400.000
G1 X-19.463 Y-26.302 Z-1.400 F400.000
G1 X-19.473 Y-26.410 Z-1.400 F400.000
G1 X-19.482 Y-26.439 Z-1.400 F400.000
G1 X-19.496 Y-26.466 Z-1.400 F400.000
G1 X-19.516 Y-26.489 Z-1.400 F400.000
G1 X-19.539 Y-26.508 Z-1.400 F400.000
G1 X-19.566 Y-26.523 Z-1.400 F400.000
G1 X-19.595 Y-26.531 Z-1.400 F400.000
G1 X-19.703 Y-26.542 Z-1.400 F400.000
G1 X-22.475 Y-26.542 Z-1.400 F400.000
G1 X-22.972 Y-26.583 Z-1.400 F400.000
G1 X-23.277 Y-26.644 Z-1.400 F400.000
G1 X-23.606 Y-26.744 Z-1.400 F400.000
G1 X-23.893 Y-26.863 Z-1.400 F400.000
G1 X-24.196 Y-27.024 Z-1.400 F400.000
G1 X-24.454 Y-27.197 Z-1.400 F400.000
G1 X-24.720 Y-27.415 Z-1.400 F400.000
G1 X-24.940 Y-27.635 Z-1.400 F400.000
G1 X-25.157 Y-27.900 Z-1.400 F400.000
G1 X-25.330 Y-28.159 Z-1.400 F400.000
G1 X-25.492 Y-28.462 Z-1.400 F400.000
G1 X-25.611 Y-28.749 Z-1.400 F400.000
G1 X-25.711 Y-29.077 Z-1.400 F400.000
G1 X-25.771 Y-29.383 Z-1.400 F400.000
G1 X-25.805 Y-29.724 Z-1.400 F400.000
G1 X-25.812 Y-38.360 Z-1.400 F400.000
G1 X-25.800 Y-38.637 Z-1.400 F400.000
G1 X-25.750 Y-38.997 Z-1.400 F400.000
G1 X-25.661 Y-39.350 Z-1.400 F400.000
G1 X-25.534 Y-39.691 Z-1.400 F400.000
G1 X-21.613 Y-48.106 Z-1.400 F400.000
G1 X-21.590 Y-48.162 Z-1.400 F400.000
G1 X-21.585 Y-48.179 Z-1.400 F400.000
G1 X-21.582 Y-48.197 Z-1.400 F400.000
G1 X-21.579 Y-48.257 Z-1.400 F400.000
G1 X-21.579 Y-51.148 Z-1.400 F400.000
G1 X-21.590 Y-51.257 Z-1.400 F400.000
G1 X-21.599 Y-51.286 Z-1.400 F400.000
G1 X-21.613 Y-51.312 Z-1.400 F400.000
G1 X-21.632 Y-51.336 Z-1.400 F400.000
G1 X-21.656 Y-51.355 Z-1.400 F400.000
G1 X-21.682 Y-51.369 Z-1.400 F400.000
G1 X-21.711 Y-51.378 Z-1.400 F400.000
G1 X-21.820 Y-51.389 Z-1.400 F400.000
G1 X-23.225 Y-51.389 Z-1.400 F400.000
G1 X-23.432 Y-51.403 Z-1.400 F400.000
G1 X-23.691 Y-51.437 Z-1.400 F400.000
G1 X-24.091 Y-51.544 Z-1.400 F400.000
G1 X-24.333 Y-51.644 Z-1.400 F400.000
G1 X-24.691 Y-51.851 Z-1.400 F400.000
G1 X-24.899 Y-52.010 Z-1.400 F400.000
G1 X-25.192 Y-52.303 Z-1.400 F400.000
G1 X-25.350 Y-52.510 Z-1.400 F400.000
G1 X-25.558 Y-52.869 Z-1.400 F400.000
G1 X-25.658 Y-53.110 Z-1.400 F400.000
G1 X-25.765 Y-53.510 Z-1.400 F400.000
G1 X-25.799 Y-53.769 Z-1.400 F400.000
G1 X-25.812 Y-53.976 Z-1.400 F400.000
G1 X-25.812 Y-76.639 Z-1.400 F400.000
G1 X-25.800 Y-76.916 Z-1.400 F400.000
G1 X-25.750 Y-77.276 Z-1.400 F400.000
G1 X-25.661 Y-77.629 Z-1.400 F400.000
G1 X-25.534 Y-77.970 Z-1.400 F400.000
G1 X-21.613 Y-86.385 Z-1.400 F400.000
G1 X-21.590 Y-86.441 Z-1.400 F400.000
G1 X-21.585 Y-86.458 Z-1.400 F400.000
G1 X-21.582 Y-86.476 Z-1.400 F400.000
G1 X-21.579 Y-86.536 Z-1.400 F400.000
G1 X-21.579 Y-89.427 Z-1.400 F400.000
G1 X-21.590 Y-89.536 Z-1.400 F400.000
G1 X-21.599 Y-89.565 Z-1.400 F400.000
G1 X-21.613 Y-89.591 Z-1.400 F400.000
G1 X-21.632 Y-89.615 Z-1.400 F400.000
G1 X-21.656 Y-89.634 Z-1.400 F400.000
G1 X-21.682 Y-89.649 Z-1.400 F400.000
G1 X-21.711 Y-89.657 Z-1.400 F400.000
G1 X-21.820 Y-89.668 Z-1.400 F400.000
G1 X-23.225 Y-89.668 Z-1.400 F400.000
G1 X-23.432 Y-89.682 Z-1.400 F400.000
G1 X-23.691 Y-89.716 Z-1.400 F400.000
G1 X-24.091 Y-89.823 Z-1.400 F400.000
G1 X-24.333 Y-89.923 Z-1.400 F400.000
G1 X-24.691 Y-90.130 Z-1.400 F400.000
G1 X-24.899 Y-90.289 Z-1.400 F400.000
G1 X-25.192 Y-90.582 Z-1.400 F400.000
G1 X-25.350 Y-90.789 Z-1.400 F400.000
G1 X-25.558 Y-91.148 Z-1.400 F400.000
G1 X-25.658 Y-91.389 Z-1.400 F400.000
G1 X-25.765 Y-91.789 Z-1.400 F400.000
G1 X-25.799 Y-92.048 Z-1.400 F400.000
G1 X-25.812 Y-92.255 Z-1.400 F400.000
G1 X-25.812 Y-114.918 Z-1.400 F400.000
G1 X-25.800 Y-115.195 Z-1.400 F400.000
G1 X-25.750 Y-115.555 Z-1.400 F400.000
G1 X-25.661 Y-115.908 Z-1.400 F400.000
G1 X-25.534 Y-116.249 Z-1.400 F400.000
G1 X-21.613 Y-124.664 Z-1.400 F400.000
G1 X-21.590 Y-124.721 Z-1.400 F400.000
G1 X-21.585 Y-124.737 Z-1.400 F400.000
G1 X-21.582 Y-124.755 Z-1.400 F400.000
G1 X-21.579 Y-124.815 Z-1.400 F400.000
G1 X-21.579 Y-127.706 Z-1.400 F400.000
G1 X-21.590 Y-127.815 Z-1.400 F400.000
G1 X-21.599 Y-127.844 Z-1.400 F400.000
G1 X-21.613 Y-127.870 Z-1.400 F400.000
G1 X-21.632 Y-127.894 Z-1.400 F400.000
G1 X-21.656 Y-127.913 Z-1.400 F400.000
G1 X-21.682 Y-127.928 Z-1.400 F400.000
G1 X-21.711 Y-127.936 Z-1.400 F400.000
G1 X-21.820 Y-127.947 Z-1.400 F400.000
G1 X-23.225 Y-127.947 Z-1.400 F400.000
G1 X-23.432 Y-127.961 Z-1.400 F400.000
G1 X-23.691 Y-127.995 Z-1.400 F400.000
G1 X-24.091 Y-128.102 Z-1.400 F400.000
G1 X-24.333 Y-128.202 Z-1.400 F400.000
G1 X-24.691 Y-128.409 Z-1.400 F400.000
G1 X-24.899 Y-128.568 Z-1.400 F400.000
G1 X-25.192 Y-128.861 Z-1.400 F400.000
G1 X-25.350 Y-129.068 Z-1.400 F400.000
G1 X-25.558 Y-129.427 Z-1.400 F400.000
G1 X-25.658 Y-129.668 Z-1.400 F400.000
G1 X-25.765 Y-130.068 Z-1.400 F400.000
G1 X-25.799 Y-130.327 Z-1.400 F400.000
G1 X-25.812 Y-130.534 Z-1.400 F400.000
G1 X-25.812 Y-153.197 Z-1.400 F400.000
G1 X-25.800 Y-153.474 Z-1.400 F400.000
G1 X-25.750 Y-153.834 Z-1.400 F400.000
G1 X-25.661 Y-154.187 Z-1.400 F400.000
G1 X-25.534 Y-154.528 Z-1.400 F400.000
G1 X-21.613 Y-162.943 Z-1.400 F400.000
G1 X-21.590 Y-163.000 Z-1.400 F400.000
G1 X-21.585 Y-163.016 Z-1.400 F400.000
G1 X-21.582 Y-163.034 Z-1.400 F400.000
G1 X-21.579 Y-163.094 Z-1.400 F400.000
G1 X-21.579 Y-165.986 Z-1.400 F400.000
G1 X-21.590 Y-166.094 Z-1.400 F400.000
G1 X-21.599 Y-166.123 Z-1.400 F400.000
G1 X-21.613 Y-166.150 Z-1.400 F400.000
G1 X-21.632 Y-166.173 Z-1.400 F400.000
G1 X-21.656 Y-166.192 Z-1.400 F400.000
G1 X-21.682 Y-166.207 Z-1.400 F400.000
G1 X-21.711 Y-166.215 Z-1.400 F400.000
G1 X-21.820 Y-166.226 Z-1.400 F400.000
G1 X-23.225 Y-166.226 Z-1.400 F400.000
G1 X-23.432 Y-166.240 Z-1.400 F400.000
G1 X-23.691 Y-166.274 Z-1.400 F400.000
G1 X-24.091 Y-166.381 Z-1.400 F400.000
G1 X-24.333 Y-166.481 Z-1.400 F400.000
G1 X-24.691 Y-166.688 Z-1.400 F400.000
G1 X-24.899 Y-166.847 Z-1.400 F400.000
G1 X-25.192 Y-167.140 Z-1.400 F400.000
G1 X-25.350 Y-167.347 Z-1.400 F400.000
G1 X-25.558 Y-167.706 Z-1.400 F400.000
G1 X-25.658 Y-167.947 Z-1.400 F400.000
G1 X-25.765 Y-168.347 Z-1.400 F400.000
G1 X-25.799 Y-168.606 Z-1.400 F400.000
G1 X-25.812 Y-168.813 Z-1.400 F400.000
G1 X-25.812 Y-191.476 Z-1.400 F400.000
G1 X-25.800 Y-191.753 Z-1.400 F400.000
G1 X-25.750 Y-192.113 Z-1.400 F400.000
G1 X-25.661 Y-192.466 Z-1.400 F400.000
G1 X-25.534 Y-192.807 Z-1.400 F400.000
G1 X-21.613 Y-201.222 Z-1.400 F400.000
G1 X-21.590 Y-201.279 Z-1.400 F400.000
G1 X-21.585 Y-201.295 Z-1.400 F400.000
G1 X-21.582 Y-201.313 Z-1.400 F400.000
G1 X-21.579 Y-201.373 Z-1.400 F400.000
G1 X-21.579 Y-204.265 Z-1.400 F400.000
G1 X-21.590 Y-204.373 Z-1.400 F400.000
G1 X-21.599 Y-204.402 Z-1.400 F400.000
G1 X-21.613 Y-204.429 Z-1.400 F400.000
G1 X-21.632 Y-204.452 Z-1.400 F400.000
G1 X-21.656 Y-204.471 Z-1.400 F400.000
G1 X-21.682 Y-204.486 Z-1.400 F400.000
G1 X-21.711 Y-204.494 Z-1.400 F400.000
G1 X-21.820 Y-204.505 Z-1.400 F400.000
G1 X-23.225 Y-204.505 Z-1.400 F400.000
G1 X-23.432 Y-204.519 Z-1.400 F400.000
G1 X-23.691 Y-204.553 Z-1.400 F400.000
G1 X-24.091 Y-204.660 Z-1.400 F400.000
G1 X-24.333 Y-204.760 Z-1.400 F400.000
G1 X-24.691 Y-204.967 Z-1.400 F400.000
G1 X-24.899 Y-205.126 Z-1.400 F400.000
G1 X-25.192 Y-205.419 Z-1.400 F400.000
G1 X-25.350 Y-205.626 Z-1.400 F400.000
G1 X-25.558 Y-205.985 Z-1.400 F400.000
G1 X-25.658 Y-206.226 Z-1.400 F400.000
G1 X-25.765 Y-206.626 Z-1.400 F400.000
G1 X-25.799 Y-206.885 Z-1.400 F400.000
G1 X-25.812 Y-207.093 Z-1.400 F400.000
G1 X-25.812 Y-227.500 Z-1.400 F400.000
G0 Z5.000
G0 X-25.812 Y-2.500
G0 Z3.000
G1 X-25.812 Y-2.500 Z-1.600 F250.000
G1 X-25.812 Y-21.017 Z-1.600 F400.000
G1 X-25.771 Y-21.514 Z-1.600 F400.000
G1 X-25.711 Y-21.819 Z-1.600 F400.000
G1 X-25.611 Y-22.148 Z-1.600 F400.000
G1 X-25.492 Y-22.435 Z-1.600 F400.000
G1 X-25.330 Y-22.738 Z-1.600 F400.000
G1 X-25.157 Y-22.996 Z-1.600 F400.000
G1 X-24.940 Y-23.262 Z-1.600 F400.000
G1 X-24.720 Y-23.482 Z-1.600 F400.000
G1 X-24.454 Y-23.699 Z-1.600 F400.000
G1 X-24.196 Y-23.872 Z-1.600 F400.000
G1 X-23.893 Y-24.034 Z-1.600 F400.000
G1 X-23.606 Y-24.153 Z-1.600 F400.000
G1 X-23.277 Y-24.253 Z-1.600 F400.000
G1 X-22.972 Y-24.313 Z-1.600 F400.000
G1 X-22.631 Y-24.347 Z-1.600 F400.000
G1 X-19.705 Y-24.354 Z-1.600 F400.000
G1 X-19.595 Y-24.365 Z-1.600 F400.000
G1 X-19.566 Y-24.374 Z-1.600 F400.000
G1 X-19.539 Y-24.388 Z-1.600 F400.000
G1 X-19.516 Y-24.408 Z-1.600 F400.000
G1 X-19.496 Y-24.431 Z-1.600 F400.000
G1 X-19.482 Y-24.458 Z-1.600 F400.000
G1 X-19.473 Y-24.487 Z-1.600 F400.000
G1 X-19.462 Y-24.595 Z-1.600 F400.000
G1 X-19.463 Y-26.302 Z-1.600 F400.000
G1 X-19.473 Y-26.410 Z-1.600 F400.000
G1 X-19.482 Y-26.439 Z-1.600 F400.000
G1 X-19.496 Y-26.466 Z-1.600 F400.000
G1 X-19.516 Y-26.489 Z-1.600 F400.000
G1 X-19.539 Y-26.508 Z-1.600 F400.000
G1 X-19.566 Y-26.523 Z-1.600 F400.000
G1 X-19.595 Y-26.531 Z-1.600 F400.000
G1 X-19.703 Y-26.542 Z-1.600 F400.000
G1 X-22.475 Y-26.542 Z-1.600 F400.000
G1 X-22.972 Y-26.583 Z-1.600 F400.000
G1 X-23.277 Y-26.644 Z-1.600 F400.000
G1 X-23.606 Y-26.744 Z-1.600 F400.000
G1 X-23.893 Y-26.863 Z-1.600 F400.000
G1 X-24.196 Y-27.024 Z-1.600 F400.000
G1 X-24.454 Y-27.197 Z-1.600 F400.000
G1 X-24.720 Y-27.415 Z-1.600 F400.000
G1 X-24.940 Y-27.635 Z-1.600 F400.000
G1 X-25.157 Y-27.900 Z-1.600 F400.000
G1 X-25.330 Y-28.159 Z-1.600 F400.000
G1 X-25.492 Y-28.462 Z-1.600 F400.000
G1 X-25.611 Y-28.749 Z-1.600 F400.000
G1 X-25.711 Y-29.077 Z-1.600 F400.000
G1 X-25.771 Y-29.383 Z-1.600 F400.000
G1 X-25.805 Y-29.724 Z-1.600 F400.000
G1 X-25.812 Y-38.360 Z-1.600 F400.000
G1 X-25.800 Y-38.637 Z-1.600 F400.000
G1 X-25.750 Y-38.997 Z-1.600 F400.000
G1 X-25.661 Y-39.350 Z-1.600 F400.000
G1 X-25.534 Y-39.691 Z-1.600 F400.000
G1 X-21.613 Y-48.106 Z-1.600 F400.000
G1 X-21.590 Y-48.162 Z-1.600 F400.000
G1 X-21.585 Y-48.179 Z-1.600 F400.000
G1 X-21.582 Y-48.197 Z-1.600 F400.000
G1 X-21.579 Y-48.257 Z-1.600 F400.000
G1 X-21.579 Y-51.148 Z-1.600 F400.000
G1 X-21.590 Y-51.257 Z-1.600 F400.000
G1 X-21.599 Y-51.286 Z-1.600 F400.000
G1 X-21.613 Y-51.312 Z-1.600 F400.000
G1 X-21.632 Y-51.336 Z-1.600 F400.000
G1 X-21.656 Y-51.355 Z-1.600 F400.000
G1 X-21.682 Y-51.369 Z-1.600 F400.000
G1 X-21.711 Y-51.378 Z-1.600 F400.000
G1 X-21.820 Y-51.389 Z-1.600 F400.000
G1 X-23.225 Y-51.389 Z-1.600 F400.000
G1 X-23.432 Y-51.403 Z-1.600 F400.000
G1 X-23.691 Y-51.437 Z-1.600 F400.000
G1 X-24.091 Y-51.544 Z-1.600 F400.000
G1 X-24.333 Y-51.644 Z-1.600 F400.000
G1 X-24.691 Y-51.851 Z-1.600 F400.000
G1 X-24.899 Y-52.010 Z-1.600 F400.000
G1 X-25.192 Y-52.303 Z-1.600 F400.000
G1 X-25.350 Y-52.510 Z-1.600 F400.000
G1 X-25.558 Y-52.869 Z-1.600 F400.000
G1 X-25.658 Y-53.110 Z-1.600 F400.000
G1 X-25.765 Y-53.510 Z-1.600 F400.000
G1 X-25.799 Y-53.769 Z-1.600 F400.000
G1 X-25.812 Y-53.976 Z-1.600 F400.000
G1 X-25.812 Y-76.639 Z-1.600 F400.000
G1 X-25.800 Y-76.916 Z-1.600 F400.000
G1 X-25.750 Y-77.276 Z-1.600 F400.000
G1 X-25.661 Y-77.629 Z-1.600 F400.000
G1 X-25.534 Y-77.970 Z-1.600 F400.000
G1 X-21.613 Y-86.385 Z-1.600 F400.000
G1 X-21.590 Y-86.441 Z-1.600 F400.000
G1 X-21.585 Y-86.458 Z-1.600 F400.000
G1 X-21.582 Y-86.476 Z-1.600 F400.000
G1 X-21.579 Y-86.536 Z-1.600 F400.000
G1 X-21.579 Y-89.427 Z-1.600 F400.000
G1 X-21.590 Y-89.536 Z-1.600 F400.000
G1 X-21.599 Y-89.565 Z-1.600 F400.000
G1 X-21.613 Y-89.591 Z-1.600 F400.000
G1 X-21.632 Y-89.615 Z-1.600 F400.000
G1 X-21.656 Y-89.634 Z-1.600 F400.000
G1 X-21.682 Y-89.649 Z-1.600 F400.000
G1 X-21.711 Y-89.657 Z-1.600 F400.000
G1 X-21.820 Y-89.668 Z-1.600 F400.000
G1 X-23.225 Y-89.668 Z-1.600 F400.000
G1 X-23.432 Y-89.682 Z-1.600 F400.000
G1 X-23.691 Y-89.716 Z-1.600 F400.000
G1 X-24.091 Y-89.823 Z-1.600 F400.000
G1 X-24.333 Y-89.923 Z-1.600 F400.000
G1 X-24.691 Y-90.130 Z-1.600 F400.000
G1 X-24.899 Y-90.289 Z-1.600 F400.000
G1 X-25.192 Y-90.582 Z-1.600 F400.000
G1 X-25.350 Y-90.789 Z-1.600 F400.000
G1 X-25.558 Y-91.148 Z-1.600 F400.000
G1 X-25.658 Y-91.389 Z-1.600 F400.000
G1 X-25.765 Y-91.789 Z-1.600 F400.000
G1 X-25.799 Y-92.048 Z-1.600 F400.000
G1 X-25.812 Y-92.255 Z-1.600 F400.000
G1 X-25.812 Y-114.918 Z-1.600 F400.000
G1 X-25.800 Y-115.195 Z-1.600 F400.000
G1 X-25.750 Y-115.555 Z-1.600 F400.000
G1 X-25.661 Y-115.908 Z-1.600 F400.000
G1 X-25.534 Y-116.249 Z-1.600 F400.000
G1 X-21.613 Y-124.664 Z-1.600 F400.000
G1 X-21.590 Y-124.721 Z-1.600 F400.000
G1 X-21.585 Y-124.737 Z-1.600 F400.000
G1 X-21.582 Y-124.755 Z-1.600 F400.000
G1 X-21.579 Y-124.815 Z-1.600 F400.000
G1 X-21.579 Y-127.706 Z-1.600 F400.000
G1 X-21.590 Y-127.815 Z-1.600 F400.000
G1 X-21.599 Y-127.844 Z-1.600 F400.000
G1 X-21.613 Y-127.870 Z-1.600 F400.000
G1 X-21.632 Y-127.894 Z-1.600 F400.000
G1 X-21.656 Y-127.913 Z-1.600 F400.000
G1 X-21.682 Y-127.928 Z-1.600 F400.000
G1 X-21.711 Y-127.936 Z-1.600 F400.000
G1 X-21.820 Y-127.947 Z-1.600 F400.000
G1 X-23.225 Y-127.947 Z-1.600 F400.000
G1 X-23.432 Y-127.961 Z-1.600 F400.000
G1 X-23.691 Y-127.995 Z-1.600 F400.000
G1 X-24.091 Y-128.102 Z-1.600 F400.000
G1 X-24.333 Y-128.202 Z-1.600 F400.000
G1 X-24.691 Y-128.409 Z-1.600 F400.000
G1 X-24.899 Y-128.568 Z-1.600 F400.000
G1 X-25.192 Y-128.861 Z-1.600 F400.000
G1 X-25.350 Y-129.068 Z-1.600 F400.000
G1 X-25.558 Y-129.427 Z-1.600 F400.000
G1 X-25.658 Y-129.668 Z-1.600 F400.000
G1 X-25.765 Y-130.068 Z-1.600 F400.000
G1 X-25.799 Y-130.327 Z-1.600 F400.000
G1 X-25.812 Y-130.534 Z-1.600 F400.000
G1 X-25.812 Y-153.197 Z-1.600 F400.000
G1 X-25.800 Y-153.474 Z-1.600 F400.000
G1 X-25.750 Y-153.834 Z-1.600 F400.000
G1 X-25.661 Y-154.187 Z-1.600 F400.000
G1 X-25.534 Y-154.528 Z-1.600 F400.000
G1 X-21.613 Y-162.943 Z-1.600 F400.000
G1 X-21.590 Y-163.000 Z-1.600 F400.000
G1 X-21.585 Y-163.016 Z-1.600 F400.000
G1 X-21.582 Y-163.034 Z-1.600 F400.000
G1 X-21.579 Y-163.094 Z-1.600 F400.000
G1 X-21.579 Y-165.986 Z-1.600 F400.000
G1 X-21.590 Y-166.094 Z-1.600 F400.000
G1 X-21.599 Y-166.123 Z-1.600 F400.000
G1 X-21.613 Y-166.150 Z-1.600 F400.000
G1 X-21.632 Y-166.173 Z-1.600 F400.000
G1 X-21.656 Y-166.192 Z-1.600 F400.000
G1 X-21.682 Y-166.207 Z-1.600 F400.000
G1 X-21.711 Y-166.215 Z-1.600 F400.000
G1 X-21.820 Y-166.226 Z-1.600 F400.000
G1 X-23.225 Y-166.226 Z-1.600 F400.000
G1 X-23.432 Y-166.240 Z-1.600 F400.000
G1 X-23.691 Y-166.274 Z-1.600 F400.000
G1 X-24.091 Y-166.381 Z-1.600 F400.000
G1 X-24.333 Y-166.481 Z-1.600 F400.000
G1 X-24.691 Y-166.688 Z-1.600 F400.000
G1 X-24.899 Y-166.847 Z-1.600 F400.000
G1 X-25.192 Y-167.140 Z-1.600 F400.000
G1 X-25.350 Y-167.347 Z-1.600 F400.000
G1 X-25.558 Y-167.706 Z-1.600 F400.000
G1 X-25.658 Y-167.947 Z-1.600 F400.000
G1 X-25.765 Y-168.347 Z-1.600 F400.000
G1 X-25.799 Y-168.606 Z-1.600 F400.000
G1 X-25.812 Y-168.813 Z-1.600 F400.000
G1 X-25.812 Y-191.476 Z-1.600 F400.000
G1 X-25.800 Y-191.753 Z-1.600 F400.000
G1 X-25.750 Y-192.113 Z-1.600 F400.000
G1 X-25.661 Y-192.466 Z-1.600 F400.000
G1 X-25.534 Y-192.807 Z-1.600 F400.000
G1 X-21.613 Y-201.222 Z-1.600 F400.000
G1 X-21.590 Y-201.279 Z-1.600 F400.000
G1 X-21.585 Y-201.295 Z-1.600 F400.000
G1 X-21.582 Y-201.313 Z-1.600 F400.000
G1 X-21.579 Y-201.373 Z-1.600 F400.000
G1 X-21.579 Y-204.265 Z-1.600 F400.000
G1 X-21.590 Y-204.373 Z-1.600 F400.000
G1 X-21.599 Y-204.402 Z-1.600 F400.000
G1 X-21.613 Y-204.429 Z-1.600 F400.000
G1 X-21.632 Y-204.452 Z-1.600 F400.000
G1 X-21.656 Y-204.471 Z-1.600 F400.000
G1 X-21.682 Y-204.486 Z-1.600 F400.000
G1 X-21.711 Y-204.494 Z-1.600 F400.000
G1 X-21.820 Y-204.505 Z-1.600 F400.000
G1 X-23.225 Y-204.505 Z-1.600 F400.000
G1 X-23.432 Y-204.519 Z-1.600 F400.000
G1 X-23.691 Y-204.553 Z-1.600 F400.000
G1 X-24.091 Y-204.660 Z-1.600 F400.000
G1 X-24.333 Y-204.760 Z-1.600 F400.000
G1 X-24.691 Y-204.967 Z-1.600 F400.000
G1 X-24.899 Y-205.126 Z-1.600 F400.000
G1 X-25.192 Y-205.419 Z-1.600 F400.000
G1 X-25.350 Y-205.626 Z-1.600 F400.000
G1 X-25.558 Y-205.985 Z-1.600 F400.000
G1 X-25.658 Y-206.226 Z-1.600 F400.000
G1 X-25.765 Y-206.626 Z-1.600 F400.000
G1 X-25.799 Y-206.885 Z-1.600 F400.000
G1 X-25.812 Y-207.093 Z-1.600 F400.000
G1 X-25.812 Y-227.500 Z-1.600 F400.000
G0 Z5.000
G0 X-25.812 Y-2.500
G0 Z3.000
G1 X-25.812 Y-2.500 Z-1.800 F250.000
G1 X-25.812 Y-21.017 Z-1.800 F400.000
G1 X-25.771 Y-21.514 Z-1.800 F400.000
G1 X-25.711 Y-21.819 Z-1.800 F400.000
G1 X-25.611 Y-22.148 Z-1.800 F400.000
G1 X-25.492 Y-22.435 Z-1.800 F400.000
G1 X-25.330 Y-22.738 Z-1.800 F400.000
G1 X-25.157 Y-22.996 Z-1.800 F400.000
G1 X-24.940 Y-23.262 Z-1.800 F400.000
G1 X-24.720 Y-23.482 Z-1.800 F400.000
G1 X-24.454 Y-23.699 Z-1.800 F400.000
G1 X-24.196 Y-23.872 Z-1.800 F400.000
G1 X-23.893 Y-24.034 Z-1.800 F400.000
G1 X-23.606 Y-24.153 Z-1.800 F400.000
G1 X-23.277 Y-24.253 Z-1.800 F400.000
G1 X-22.972 Y-24.313 Z-1.800 F400.000
G1 X-22.631 Y-24.347 Z-1.800 F400.000
G1 X-19.705 Y-24.354 Z-1.800 F400.000
G1 X-19.595 Y-24.365 Z-1.800 F400.000
G1 X-19.566 Y-24.374 Z-1.800 F400.000
G1 X-19.539 Y-24.388 Z-1.800 F400.000
G1 X-19.516 Y-24.408 Z-1.800 F400.000
G1 X-19.496 Y-24.431 Z-1.800 F400.000
G1 X-19.482 Y-24.458 Z-1.800 F400.000
G1 X-19.473 Y-24.487 Z-1.800 F400.000
G1 X-19.462 Y-24.595 Z-1.800 F400.000
G1 X-19.463 Y-26.302 Z-1.800 F400.000
G1 X-19.473 Y-26.410 Z-1.800 F400.000
G1 X-19.482 Y-26.439 Z-1.800 F400.000
G1 X-19.496 Y-26.466 Z-1.800 F400.000
G1 X-19.516 Y-26.489 Z-1.800 F400.000
G1 X-19.539 Y-26.508 Z-1.800 F400.000
G1 X-19.566 Y-26.523 Z-1.800 F400.000
G1 X-19.595 Y-26.531 Z-1.800 F400.000
G1 X-19.703 Y-26.542 Z-1.800 F400.000
G1 X-22.475 Y-26.542 Z-1.800 F400.000
G1 X-22.972 Y-26.583 Z-1.800 F400.000
G1 X-23.277 Y-26.644 Z-1.800 F400.000
G1 X-23.606 Y-26.744 Z-1.800 F400.000
G1 X-23.893 Y-26.863 Z-1.800 F400.000
G1 X-24.196 Y-27.024 Z-1.800 F400.000
G1 X-24.454 Y-27.197 Z-1.800 F400.000
G1 X-24.720 Y-27.415 Z-1.800 F400.000
G1 X-24.940 Y-27.635 Z-1.800 F400.000
G1 X-25.157 Y-27.900 Z-1.800 F400.000
G1 X-25.330 Y-28.159 Z-1.800 F400.000
G1 X-25.492 Y-28.462 Z-1.800 F400.000
G1 X-25.611 Y-28.749 Z-1.800 F400.000
G1 X-25.711 Y-29.077 Z-1.800 F400.000
G1 X-25.771 Y-29.383 Z-1.800 F400.000
G1 X-25.805 Y-29.724 Z-1.800 F400.000
G1 X-25.812 Y-38.360 Z-1.800 F400.000
G1 X-25.800 Y-38.637 Z-1.800 F400.000
G1 X-25.750 Y-38.997 Z-1.800 F400.000
G1 X-25.661 Y-39.350 Z-1.800 F400.000
G1 X-25.534 Y-39.691 Z-1.800 F400.000
G1 X-21.613 Y-48.106 Z-1.800 F400.000
G1 X-21.590 Y-48.162 Z-1.800 F400.000
G1 X-21.585 Y-48.179 Z-1.800 F400.000
G1 X-21.582 Y-48.197 Z-1.800 F400.000
G1 X-21.579 Y-48.257 Z-1.800 F400.000
G1 X-21.579 Y-51.148 Z-1.800 F400.000
G1 X-21.590 Y-51.257 Z-1.800 F400.000
G1 X-21.599 Y-51.286 Z-1.800 F400.000
G1 X-21.613 Y-51.312 Z-1.800 F400.000
G1 X-21.632 Y-51.336 Z-1.800 F400.000
G1 X-21.656 Y-51.355 Z-1.800 F400.000
G1 X-21.682 Y-51.369 Z-1.800 F400.000
G1 X-21.711 Y-51.378 Z-1.800 F400.000
G1 X-21.820 Y-51.389 Z-1.800 F400.000
G1 X-23.225 Y-51.389 Z-1.800 F400.000
G1 X-23.432 Y-51.403 Z-1.800 F400.000
G1 X-23.691 Y-51.437 Z-1.800 F400.000
G1 X-24.091 Y-51.544 Z-1.800 F400.000
G1 X-24.333 Y-51.644 Z-1.800 F400.000
G1 X-24.691 Y-51.851 Z-1.800 F400.000
G1 X-24.899 Y-52.010 Z-1.800 F400.000
G1 X-25.192 Y-52.303 Z-1.800 F400.000
G1 X-25.350 Y-52.510 Z-1.800 F400.000
G1 X-25.558 Y-52.869 Z-1.800 F400.000
G1 X-25.658 Y-53.110 Z-1.800 F400.000
G1 X-25.765 Y-53.510 Z-1.800 F400.000
G1 X-25.799 Y-53.769 Z-1.800 F400.000
G1 X-25.812 Y-53.976 Z-1.800 F400.000
G1 X-25.812 Y-76.639 Z-1.800 F400.000
G1 X-25.800 Y-76.916 Z-1.800 F400.000
G1 X-25.750 Y-77.276 Z-1.800 F400.000
G1 X-25.661 Y-77.629 Z-1.800 F400.000
G1 X-25.534 Y-77.970 Z-1.800 F400.000
G1 X-21.613 Y-86.385 Z-1.800 F400.000
G1 X-21.590 Y-86.441 Z-1.800 F400.000
G1 X-21.585 Y-86.458 Z-1.800 F400.000
G1 X-21.582 Y-86.476 Z-1.800 F400.000
G1 X-21.579 Y-86.536 Z-1.800 F400.000
G1 X-21.579 Y-89.427 Z-1.800 F400.000
G1 X-21.590 Y-89.536 Z-1.800 F400.000
G1 X-21.599 Y-89.565 Z-1.800 F400.000
G1 X-21.613 Y-89.591 Z-1.800 F400.000
G1 X-21.632 Y-89.615 Z-1.800 F400.000
G1 X-21.656 Y-89.634 Z-1.800 F400.000
G1 X-21.682 Y-89.649 Z-1.800 F400.000
G1 X-21.711 Y-89.657 Z-1.800 F400.000
G1 X-21.820 Y-89.668 Z-1.800 F400.000
G1 X-23.225 Y-89.668 Z-1.800 F400.000
G1 X-23.432 Y-89.682 Z-1.800 F400.000
G1 X-23.691 Y-89.716 Z-1.800 F400.000
G1 X-24.091 Y-89.823 Z-1.800 F400.000
G1 X-24.333 Y-89.923 Z-1.800 F400.000
G1 X-24.691 Y-90.130 Z-1.800 F400.000
G1 X-24.899 Y-90.289 Z-1.800 F400.000
G1 X-25.192 Y-90.582 Z-1.800 F400.000
G1 X-25.350 Y-90.789 Z-1.800 F400.000
G1 X-25.558 Y-91.148 Z-1.800 F400.000
G1 X-25.658 Y-91.389 Z-1.800 F400.000
G1 X-25.765 Y-91.789 Z-1.800 F400.000
G1 X-25.799 Y-92.048 Z-1.800 F400.000
G1 X-25.812 Y-92.255 Z-1.800 F400.000
G1 X-25.812 Y-114.918 Z-1.800 F400.000
G1 X-25.800 Y-115.195 Z-1.800 F400.000
G1 X-25.750 Y-115.555 Z-1.800 F400.000
G1 X-25.661 Y-115.908 Z-1.800 F400.000
G1 X-25.534 Y-116.249 Z-1.800 F400.000
G1 X-21.613 Y-124.664 Z-1.800 F400.000
G1 X-21.590 Y-124.721 Z-1.800 F400.000
G1 X-21.585 Y-124.737 Z-1.800 F400.000
G1 X-21.582 Y-124.755 Z-1.800 F400.000
G1 X-21.579 Y-124.815 Z-1.800 F400.000
G1 X-21.579 Y-127.706 Z-1.800 F400.000
G1 X-21.590 Y-127.815 Z-1.800 F400.000
G1 X-21.599 Y-127.844 Z-1.800 F400.000
G1 X-21.613 Y-127.870 Z-1.800 F400.000
G1 X-21.632 Y-127.894 Z-1.800 F400.000
G1 X-21.656 Y-127.913 Z-1.800 F400.000
G1 X-21.682 Y-127.928 Z-1.800 F400.000
G1 X-21.711 Y-127.936 Z-1.800 F400.000
G1 X-21.820 Y-127.947 Z-1.800 F400.000
G1 X-23.225 Y-127.947 Z-1.800 F400.000
G1 X-23.432 Y-127.961 Z-1.800 F400.000
G1 X-23.691 Y-127.995 Z-1.800 F400.000
G1 X-24.091 Y-128.102 Z-1.800 F400.000
G1 X-24.333 Y-128.202 Z-1.800 F400.000
G1 X-24.691 Y-128.409 Z-1.800 F400.000
G1 X-24.899 Y-128.568 Z-1.800 F400.000
G1 X-25.192 Y-128.861 Z-1.800 F400.000
G1 X-25.350 Y-129.068 Z-1.800 F400.000
G1 X-25.558 Y-129.427 Z-1.800 F400.000
G1 X-25.658 Y-129.668 Z-1.800 F400.000
G1 X-25.765 Y-130.068 Z-1.800 F400.000
G1 X-25.799 Y-130.327 Z-1.800 F400.000
G1 X-25.812 Y-130.534 Z-1.800 F400.000
G1 X-25.812 Y-153.197 Z-1.800 F400.000
G1 X-25.800 Y-153.474 Z-1.800 F400.000
G1 X-25.750 Y-153.834 Z-1.800 F400.000
G1 X-25.661 Y-154.187 Z-1.800 F400.000
G1 X-25.534 Y-154.528 Z-1.800 F400.000
G1 X-21.613 Y-162.943 Z-1.800 F400.000
G1 X-21.590 Y-163.000 Z-1.800 F400.000
G1 X-21.585 Y-163.016 Z-1.800 F400.000
G1 X-21.582 Y-163.034 Z-1.800 F400.000
G1 X-21.579 Y-163.094 Z-1.800 F400.000
G1 X-21.579 Y-165.986 Z-1.800 F400.000
G1 X-21.590 Y-166.094 Z-1.800 F400.000
G1 X-21.599 Y-166.123 Z-1.800 F400.000
G1 X-21.613 Y-166.150 Z-1.800 F400.000
G1 X-21.632 Y-166.173 Z-1.800 F400.000
G1 X-21.656 Y-166.192 Z-1.800 F400.000
G1 X-21.682 Y-166.207 Z-1.800 F400.000
G1 X-21.711 Y-166.215 Z-1.800 F400.000
G1 X-21.820 Y-166.226 Z-1.800 F400.000
G1 X-23.225 Y-166.226 Z-1.800 F400.000
G1 X-23.432 Y-166.240 Z-1.800 F400.000
G1 X-23.691 Y-166.274 Z-1.800 F400.000
G1 X-24.091 Y-166.381 Z-1.800 F400.000
G1 X-24.333 Y-166.481 Z-1.800 F400.000
G1 X-24.691 Y-166.688 Z-1.800 F400.000
G1 X-24.899 Y-166.847 Z-1.800 F400.000
G1 X-25.192 Y-167.140 Z-1.800 F400.000
G1 X-25.350 Y-167.347 Z-1.800 F400.000
G1 X-25.558 Y-167.706 Z-1.800 F400.000
G1 X-25.658 Y-167.947 Z-1.800 F400.000
G1 X-25.765 Y-168.347 Z-1.800 F400.000
G1 X-25.799 Y-168.606 Z-1.800 F400.000
G1 X-25.812 Y-168.813 Z-1.800 F400.000
G1 X-25.812 Y-191.476 Z-1.800 F400.000
G1 X-25.800 Y-191.753 Z-1.800 F400.000
G1 X-25.750 Y-192.113 Z-1.800 F400.000
G1 X-25.661 Y-192.466 Z-1.800 F400.000
G1 X-25.534 Y-192.807 Z-1.800 F400.000
G1 X-21.613 Y-201.222 Z-1.800 F400.000
G1 X-21.590 Y-201.279 Z-1.800 F400.000
G1 X-21.585 Y-201.295 Z-1.800 F400.000
G1 X-21.582 Y-201.313 Z-1.800 F400.000
G1 X-21.579 Y-201.373 Z-1.800 F400.000
G1 X-21.579 Y-204.265 Z-1.800 F400.000
G1 X-21.590 Y-204.373 Z-1.800 F400.000
G1 X-21.599 Y-204.402 Z-1.800 F400.000
G1 X-21.613 Y-204.429 Z-1.800 F400.000
G1 X-21.632 Y-204.452 Z-1.800 F400.000
G1 X-21.656 Y-204.471 Z-1.800 F400.000
G1 X-21.682 Y-204.486 Z-1.800 F400.000
G1 X-21.711 Y-204.494 Z-1.800 F400.000
G1 X-21.820 Y-204.505 Z-1.800 F400.000
G1 X-23.225 Y-204.505 Z-1.800 F400.000
G1 X-23.432 Y-204.519 Z-1.800 F400.000
G1 X-23.691 Y-204.553 Z-1.800 F400.000
G1 X-24.091 Y-204.660 Z-1.800 F400.000
G1 X-24.333 Y-204.760 Z-1.800 F400.000
G1 X-24.691 Y-204.967 Z-1.800 F400.000
G1 X-24.899 Y-205.126 Z-1.800 F400.000
G1 X-25.192 Y-205.419 Z-1.800 F400.000
G1 X-25.350 Y-205.626 Z-1.800 F400.000
G1 X-25.558 Y-205.985 Z-1.800 F400.000
G1 X-25.658 Y-206.226 Z-1.800 F400.000
G1 X-25.765 Y-206.626 Z-1.800 F400.000
G1 X-25.799 Y-206.885 Z-1.800 F400.000
G1 X-25.812 Y-207.093 Z-1.800 F400.000
G1 X-25.812 Y-227.500 Z-1.800 F400.000
G0 Z5.000
G0 X-25.812 Y-2.500
G0 Z3.000
G1 X-25.812 Y-2.500 Z-2.000 F250.000
G1 X-25.812 Y-21.017 Z-2.000 F400.000
G1 X-25.771 Y-21.514 Z-2.000 F400.000
G1 X-25.711 Y-21.819 Z-2.000 F400.000
G1 X-25.611 Y-22.148 Z-2.000 F400.000
G1 X-25.492 Y-22.435 Z-2.000 F400.000
G1 X-25.330 Y-22.738 Z-2.000 F400.000
G1 X-25.157 Y-22.996 Z-2.000 F400.000
G1 X-24.940 Y-23.262 Z-2.000 F400.000
G1 X-24.720 Y-23.482 Z-2.000 F400.000
G1 X-24.454 Y-23.699 Z-2.000 F400.000
G1 X-24.196 Y-23.872 Z-2.000 F400.000
G1 X-23.893 Y-24.034 Z-2.000 F400.000
G1 X-23.606 Y-24.153 Z-2.000 F400.000
G1 X-23.277 Y-24.253 Z-2.000 F400.000
G1 X-22.972 Y-24.313 Z-2.000 F400.000
G1 X-22.631 Y-24.347 Z-2.000 F400.000
G1 X-19.705 Y-24.354 Z-2.000 F400.000
G1 X-19.595 Y-24.365 Z-2.000 F400.000
G1 X-19.566 Y-24.374 Z-2.000 F400.000
G1 X-19.539 Y-24.388 Z-2.000 F400.000
G1 X-19.516 Y-24.408 Z-2.000 F400.000
G1 X-19.496 Y-24.431 Z-2.000 F400.000
G1 X-19.482 Y-24.458 Z-2.000 F400.000
G1 X-19.473 Y-24.487 Z-2.000 F400.000
G1 X-19.462 Y-24.595 Z-2.000 F400.000
G1 X-19.463 Y-26.302 Z-2.000 F400.000
G1 X-19.473 Y-26.410 Z-2.000 F400.000
G1 X-19.482 Y-26.439 Z-2.000 F400.000
G1 X-19.496 Y-26.466 Z-2.000 F400.000
G1 X-19.516 Y-26.489 Z-2.000 F400.000
G1 X-19.539 Y-26.508 Z-2.000 F400.000
G1 X-19.566 Y-26.523 Z-2.000 F400.000
G1 X-19.595 Y-26.531 Z-2.000 F400.000
G1 X-19.703 Y-26.542 Z-2.000 F400.000
G1 X-22.475 Y-26.542 Z-2.000 F400.000
G1 X-22.972 Y-26.583 Z-2.000 F400.000
G1 X-23.277 Y-26.644 Z-2.000 F400.000
G1 X-23.606 Y-26.744 Z-2.000 F400.000
G1 X-23.893 Y-26.863 Z-2.000 F400.000
G1 X-24.196 Y-27.024 Z-2.000 F400.000
G1 X-24.454 Y-27.197 Z-2.000 F400.000
G1 X-24.720 Y-27.415 Z-2.000 F400.000
G1 X-24.940 Y-27.635 Z-2.000 F400.000
G1 X-25.157 Y-27.900 Z-2.000 F400.000
G1 X-25.330 Y-28.159 Z-2.000 F400.000
G1 X-25.492 Y-28.462 Z-2.000 F400.000
G1 X-25.611 Y-28.749 Z-2.000 F400.000
G1 X-25.711 Y-29.077 Z-2.000 F400.000
G1 X-25.771 Y-29.383 Z-2.000 F400.000
G1 X-25.805 Y-29.724 Z-2.000 F400.000
G1 X-25.812 Y-38.360 Z-2.000 F400.000
G1 X-25.800 Y-38.637 Z-2.000 F400.000
G1 X-25.750 Y-38.997 Z-2.000 F400.000
G1 X-25.661 Y-39.350 Z-2.000 F400.000
G1 X-25.534 Y-39.691 Z-2.000 F400.000
G1 X-21.613 Y-48.106 Z-2.000 F400.000
G1 X-21.590 Y-48.162 Z-2.000 F400.000
G1 X-21.585 Y-48.179 Z-2.000 F400.000
G1 X-21.582 Y-48.197 Z-2.000 F400.000
G1 X-21.579 Y-48.257 Z-2.000 F400.000
G1 X-21.579 Y-51.148 Z-2.000 F400.000
G1 X-21.590 Y-51.257 Z-2.000 F400.000
G1 X-21.599 Y-51.286 Z-2.000 F400.000
G1 X-21.613 Y-51.312 Z-2.000 F400.000
G1 X-21.632 Y-51.336 Z-2.000 F400.000
G1 X-21.656 Y-51.355 Z-2.000 F400.000
G1 X-21.682 Y-51.369 Z-2.000 F400.000
G1 X-21.711 Y-51.378 Z-2.000 F400.000
G1 X-21.820 Y-51.389 Z-2.000 F400.000
G1 X-23.225 Y-51.389 Z-2.000 F400.000
G1 X-23.432 Y-51.403 Z-2.000 F400.000
G1 X-23.691 Y-51.437 Z-2.000 F400.000
G1 X-24.091 Y-51.544 Z-2.000 F400.000
G1 X-24.333 Y-51.644 Z-2.000 F400.000
G1 X-24.691 Y-51.851 Z-2.000 F400.000
G1 X-24.899 Y-52.010 Z-2.000 F400.000
G1 X-25.192 Y-52.303 Z-2.000 F400.000
G1 X-25.350 Y-52.510 Z-2.000 F400.000
G1 X-25.558 Y-52.869 Z-2.000 F400.000
G1 X-25.658 Y-53.110 Z-2.000 F400.000
G1 X-25.765 Y-53.510 Z-2.000 F400.000
G1 X-25.799 Y-53.769 Z-2.000 F400.000
G1 X-25.812 Y-53.976 Z-2.000 F400.000
G1 X-25.812 Y-76.639 Z-2.000 F400.000
G1 X-25.800 Y-76.916 Z-2.000 F400.000
G1 X-25.750 Y-77.276 Z-2.000 F400.000
G1 X-25.661 Y-77.629 Z-2.000 F400.000
G1 X-25.534 Y-77.970 Z-2.000 F400.000
G1 X-21.613 Y-86.385 Z-2.000 F400.000
G1 X-21.590 Y-86.441 Z-2.000 F400.000
G1 X-21.585 Y-86.458 Z-2.000 F400.000
G1 X-21.582 Y-86.476 Z-2.000 F400.000
G1 X-21.579 Y-86.536 Z-2.000 F400.000
G1 X-21.579 Y-89.427 Z-2.000 F400.000
G1 X-21.590 Y-89.536 Z-2.000 F400.000
G1 X-21.599 Y-89.565 Z-2.000 F400.000
G1 X-21.613 Y-89.591 Z-2.000 F400.000
G1 X-21.632 Y-89.615 Z-2.000 F400.000
G1 X-21.656 Y-89.634 Z-2.000 F400.000
G1 X-21.682 Y-89.649 Z-2.000 F400.000
G1 X-21.711 Y-89.657 Z-2.000 F400.000
G1 X-21.820 Y-89.668 Z-2.000 F400.000
G1 X-23.225 Y-89.668 Z-2.000 F400.000
G1 X-23.432 Y-89.682 Z-2.000 F400.000
G1 X-23.691 Y-89.716 Z-2.000 F400.000
G1 X-24.091 Y-89.823 Z-2.000 F400.000
G1 X-24.333 Y-89.923 Z-2.000 F400.000
G1 X-24.691 Y-90.130 Z-2.000 F400.000
G1 X-24.899 Y-90.289 Z-2.000 F400.000
G1 X-25.192 Y-90.582 Z-2.000 F400.000
G1 X-25.350 Y-90.789 Z-2.000 F400.000
G1 X-25.558 Y-91.148 Z-2.000 F400.000
G1 X-25.658 Y-91.389 Z-2.000 F400.000
G1 X-25.765 Y-91.789 Z-2.000 F400.000
G1 X-25.799 Y-92.048 Z-2.000 F400.000
G1 X-25.812 Y-92.255 Z-2.000 F400.000
G1 X-25.812 Y-114.918 Z-2.000 F400.000
G1 X-25.800 Y-115.195 Z-2.000 F400.000
G1 X-25.750 Y-115.555 Z-2.000 F400.000
G1 X-25.661 Y-115.908 Z-2.000 F400.000
G1 X-25.534 Y-116.249 Z-2.000 F400.000
G1 X-21.613 Y-124.664 Z-2.000 F400.000
G1 X-21.590 Y-124.721 Z-2.000 F400.000
G1 X-21.585 Y-124.737 Z-2.000 F400.000
G1 X-21.582 Y-124.755 Z-2.000 F400.000
G1 X-21.579 Y-124.815 Z-2.000 F400.000
G1 X-21.579 Y-127.706 Z-2.000 F400.000
G1 X-21.590 Y-127.815 Z-2.000 F400.000
G1 X-21.599 Y-127.844 Z-2.000 F400.000
G1 X-21.613 Y-127.870 Z-2.000 F400.000
G1 X-21.632 Y-127.894 Z-2.000 F400.000
G1 X-21.656 Y-127.913 Z-2.000 F400.000
G1 X-21.682 Y-127.928 Z-2.000 F400.000
G1 X-21.711 Y-127.936 Z-2.000 F400.000
G1 X-21.820 Y-127.947 Z-2.000 F400.000
G1 X-23.225 Y-127.947 Z-2.000 F400.000
G1 X-23.432 Y-127.961 Z-2.000 F400.000
G1 X-23.691 Y-127.995 Z-2.000 F400.000
G1 X-24.091 Y-128.102 Z-2.000 F400.000
G1 X-24.333 Y-128.202 Z-2.000 F400.000
G1 X-24.691 Y-128.409 Z-2.000 F400.000
G1 X-24.899 Y-128.568 Z-2.000 F400.000
G1 X-25.192 Y-128.861 Z-2.000 F400.000
G1 X-25.350 Y-129.068 Z-2.000 F400.000
G1 X-25.558 Y-129.427 Z-2.000 F400.000
G1 X-25.658 Y-129.668 Z-2.000 F400.000
G1 X-25.765 Y-130.068 Z-2.000 F400.000
G1 X-25.799 Y-130.327 Z-2.000 F400.000
G1 X-25.812 Y-130.534 Z-2.000 F400.000
G1 X-25.812 Y-153.197 Z-2.000 F400.000
G1 X-25.800 Y-153.474 Z-2.000 F400.000
G1 X-25.750 Y-153.834 Z-2.000 F400.000
G1 X-25.661 Y-154.187 Z-2.000 F400.000
G1 X-25.534 Y-154.528 Z-2.000 F400.000
G1 X-21.613 Y-162.943 Z-2.000 F400.000
G1 X-21.590 Y-163.000 Z-2.000 F400.000
G1 X-21.585 Y-163.016 Z-2.000 F400.000
G1 X-21.582 Y-163.034 Z-2.000 F400.000
G1 X-21.579 Y-163.094 Z-2.000 F400.000
G1 X-21.579 Y-165.986 Z-2.000 F400.000
G1 X-21.590 Y-166.094 Z-2.000 F400.000
G1 X-21.599 Y-166.123 Z-2.000 F400.000
G1 X-21.613 Y-166.150 Z-2.000 F400.000
G1 X-21.632 Y-166.173 Z-2.000 F400.000
G1 X-21.656 Y-166.192 Z-2.000 F400.000
G1 X-21.682 Y-166.207 Z-2.000 F400.000
G1 X-21.711 Y-166.215 Z-2.000 F400.000
G1 X-21.820 Y-166.226 Z-2.000 F400.000
G1 X-23.225 Y-166.226 Z-2.000 F400.000
G1 X-23.432 Y-166.240 Z-2.000 F400.000
G1 X-23.691 Y-166.274 Z-2.000 F400.000
G1 X-24.091 Y-166.381 Z-2.000 F400.000
G1 X-24.333 Y-166.481 Z-2.000 F400.000
G1 X-24.691 Y-166.688 Z-2.000 F400.000
G1 X-24.899 Y-166.847 Z-2.000 F400.000
G1 X-25.192 Y-167.140 Z-2.000 F400.000
G1 X-25.350 Y-167.347 Z-2.000 F400.000
G1 X-25.558 Y-167.706 Z-2.000 F400.000
G1 X-25.658 Y-167.947 Z-2.000 F400.000
G1 X-25.765 Y-168.347 Z-2.000 F400.000
G1 X-25.799 Y-168.606 Z-2.000 F400.000
G1 X-25.812 Y-168.813 Z-2.000 F400.000
G1 X-25.812 Y-191.476 Z-2.000 F400.000
G1 X-25.800 Y-191.753 Z-2.000 F400.000
G1 X-25.750 Y-192.113 Z-2.000 F400.000
G1 X-25.661 Y-192.466 Z-2.000 F400.000
G1 X-25.534 Y-192.807 Z-2.000 F400.000
G1 X-21.613 Y-201.222 Z-2.000 F400.000
G1 X-21.590 Y-201.279 Z-2.000 F400.000
G1 X-21.585 Y-201.295 Z-2.000 F400.000
G1 X-21.582 Y-201.313 Z-2.000 F400.000
G1 X-21.579 Y-201.373 Z-2.000 F400.000
G1 X-21.579 Y-204.265 Z-2.000 F400.000
G1 X-21.590 Y-204.373 Z-2.000 F400.000
G1 X-21.599 Y-204.402 Z-2.000 F400.000
G1 X-21.613 Y-204.429 Z-2.000 F400.000
G1 X-21.632 Y-204.452 Z-2.000 F400.000
G1 X-21.656 Y-204.471 Z-2.000 F400.000
G1 X-21.682 Y-204.486 Z-2.000 F400.000
G1 X-21.711 Y-204.494 Z-2.000 F400.000
G1 X-21.820 Y-204.505 Z-2.000 F400.000
G1 X-23.225 Y-204.505 Z-2.000 F400.000
G1 X-23.432 Y-204.519 Z-2.000 F400.000
G1 X-23.691 Y-204.553 Z-2.000 F400.000
G1 X-24.091 Y-204.660 Z-2.000 F400.000
G1 X-24.333 Y-204.760 Z-2.000 F400.000
G1 X-24.691 Y-204.967 Z-2.000 F400.000
G1 X-24.899 Y-205.126 Z-2.000 F400.000
G1 X-25.192 Y-205.419 Z-2.000 F400.000
G1 X-25.350 Y-205.626 Z-2.000 F400.000
G1 X-25.558 Y-205.985 Z-2.000 F400.000
G1 X-25.658 Y-206.226 Z-2.000 F400.000
G1 X-25.765 Y-206.626 Z-2.000 F400.000
G1 X-25.799 Y-206.885 Z-2.000 F400.000
G1 X-25.812 Y-207.093 Z-2.000 F400.000
G1 X-25.812 Y-227.500 Z-2.000 F400.000
G0 Z5.000
G0 X-25.812 Y-2.500
G0 Z3.000
G1 X-25.812 Y-2.500 Z-2.200 F250.000
G1 X-25.812 Y-21.017 Z-2.200 F400.000
G1 X-25.771 Y-21.514 Z-2.200 F400.000
G1 X-25.711 Y-21.819 Z-2.200 F400.000
G1 X-25.611 Y-22.148 Z-2.200 F400.000
G1 X-25.492 Y-22.435 Z-2.200 F400.000
G1 X-25.330 Y-22.738 Z-2.200 F400.000
G1 X-25.157 Y-22.996 Z-2.200 F400.000
G1 X-24.940 Y-23.262 Z-2.200 F400.000
G1 X-24.720 Y-23.482 Z-2.200 F400.000
G1 X-24.454 Y-23.699 Z-2.200 F400.000
G1 X-24.196 Y-23.872 Z-2.200 F400.000
G1 X-23.893 Y-24.034 Z-2.200 F400.000
G1 X-23.606 Y-24.153 Z-2.200 F400.000
G1 X-23.277 Y-24.253 Z-2.200 F400.000
G1 X-22.972 Y-24.313 Z-2.200 F400.000
G1 X-22.631 Y-24.347 Z-2.200 F400.000
G1 X-19.705 Y-24.354 Z-2.200 F400.000
G1 X-19.595 Y-24.365 Z-2.200 F400.000
G1 X-19.566 Y-24.374 Z-2.200 F400.000
G1 X-19.539 Y-24.388 Z-2.200 F400.000
G1 X-19.516 Y-24.408 Z-2.200 F400.000
G1 X-19.496 Y-24.431 Z-2.200 F400.000
G1 X-19.482 Y-24.458 Z-2.200 F400.000
G1 X-19.473 Y-24.487 Z-2.200 F400.000
G1 X-19.462 Y-24.595 Z-2.200 F400.000
G1 X-19.463 Y-26.302 Z-2.200 F400.000
G1 X-19.473 Y-26.410 Z-2.200 F400.000
G1 X-19.482 Y-26.439 Z-2.200 F400.000
G1 X-19.496 Y-26.466 Z-2.200 F400.000
G1 X-19.516 Y-26.489 Z-2.200 F400.000
G1 X-19.539 Y-26.508 Z-2.200 F400.000
G1 X-19.566 Y-26.523 Z-2.200 F400.000
G1 X-19.595 Y-26.531 Z-2.200 F400.000
G1 X-19.703 Y-26.542 Z-2.200 F400.000
G1 X-22.475 Y-26.542 Z-2.200 F400.000
G1 X-22.972 Y-26.583 Z-2.200 F400.000
G1 X-23.277 Y-26.644 Z-2.200 F400.000
G1 X-23.606 Y-26.744 Z-2.200 F400.000
G1 X-23.893 Y-26.863 Z-2.200 F400.000
G1 X-24.196 Y-27.024 Z-2.200 F400.000
G1 X-24.454 Y-27.197 Z-2.200 F400.000
G1 X-24.720 Y-27.415 Z-2.200 F400.000
G1 X-24.940 Y-27.635 Z-2.200 F400.000
G1 X-25.157 Y-27.900 Z-2.200 F400.000
G1 X-25.330 Y-28.159 Z-2.200 F400.000
G1 X-25.492 Y-28.462 Z-2.200 F400.000
G1 X-25.611 Y-28.749 Z-2.200 F400.000
G1 X-25.711 Y-29.077 Z-2.200 F400.000
G1 X-25.771 Y-29.383 Z-2.200 F400.000
G1 X-25.805 Y-29.724 Z-2.200 F400.000
G1 X-25.812 Y-38.360 Z-2.200 F400.000
G1 X-25.800 Y-38.637 Z-2.200 F400.000
G1 X-25.750 Y-38.997 Z-2.200 F400.000
G1 X-25.661 Y-39.350 Z-2.200 F400.000
G1 X-25.534 Y-39.691 Z-2.200 F400.000
G1 X-21.613 Y-48.106 Z-2.200 F400.000
G1 X-21.590 Y-48.162 Z-2.200 F400.000
G1 X-21.585 Y-48.179 Z-2.200 F400.000
G1 X-21.582 Y-48.197 Z-2.200 F400.000
G1 X-21.579 Y-48.257 Z-2.200 F400.000
G1 X-21.579 Y-51.148 Z-2.200 F400.000
G1 X-21.590 Y-51.257 Z-2.200 F400.000
G1 X-21.599 Y-51.286 Z-2.200 F400.000
G1 X-21.613 Y-51.312 Z-2.200 F400.000
G1 X-21.632 Y-51.336 Z-2.200 F400.000
G1 X-21.656 Y-51.355 Z-2.200 F400.000
G1 X-21.682 Y-51.369 Z-2.200 F400.000
G1 X-21.711 Y-51.378 Z-2.200 F400.000
G1 X-21.820 Y-51.389 Z-2.200 F400.000
G1 X-23.225 Y-51.389 Z-2.200 F400.000
G1 X-23.432 Y-51.403 Z-2.200 F400.000
G1 X-23.691 Y-51.437 Z-2.200 F400.000
G1 X-24.091 Y-51.544 Z-2.200 F400.000
G1 X-24.333 Y-51.644 Z-2.200 F400.000
G1 X-24.691 Y-51.851 Z-2.200 F400.000
G1 X-24.899 Y-52.010 Z-2.200 F400.000
G1 X-25.192 Y-52.303 Z-2.200 F400.000
G1 X-25.350 Y-52.510 Z-2.200 F400.000
G1 X-25.558 Y-52.869 Z-2.200 F400.000
G1 X-25.658 Y-53.110 Z-2.200 F400.000
G1 X-25.765 Y-53.510 Z-2.200 F400.000
G1 X-25.799 Y-53.769 Z-2.200 F400.000
G1 X-25.812 Y-53.976 Z-2.200 F400.000
G1 X-25.812 Y-76.639 Z-2.200 F400.000
G1 X-25.800 Y-76.916 Z-2.200 F400.000
G1 X-25.750 Y-77.276 Z-2.200 F400.000
G1 X-25.661 Y-77.629 Z-2.200 F400.000
G1 X-25.534 Y-77.970 Z-2.200 F400.000
G1 X-21.613 Y-86.385 Z-2.200 F400.000
G1 X-21.590 Y-86.441 Z-2.200 F400.000
G1 X-21.585 Y-86.458 Z-2.200 F400.000
G1 X-21.582 Y-86.476 Z-2.200 F400.000
G1 X-21.579 Y-86.536 Z-2.200 F400.000
G1 X-21.579 Y-89.427 Z-2.200 F400.000
G1 X-21.590 Y-89.536 Z-2.200 F400.000
G1 X-21.599 Y-89.565 Z-2.200 F400.000
G1 X-21.613 Y-89.591 Z-2.200 F400.000
G1 X-21.632 Y-89.615 Z-2.200 F400.000
G1 X-21.656 Y-89.634 Z-2.200 F400.000
G1 X-21.682 Y-89.649 Z-2.200 F400.000
G1 X-21.711 Y-89.657 Z-2.200 F400.000
G1 X-21.820 Y-89.668 Z-2.200 F400.000
G1 X-23.225 Y-89.668 Z-2.200 F400.000
G1 X-23.432 Y-89.682 Z-2.200 F400.000
G1 X-23.691 Y-89.716 Z-2.200 F400.000
G1 X-24.091 Y-89.823 Z-2.200 F400.000
G1 X-24.333 Y-89.923 Z-2.200 F400.000
G1 X-24.691 Y-90.130 Z-2.200 F400.000
G1 X-24.899 Y-90.289 Z-2.200 F400.000
G1 X-25.192 Y-90.582 Z-2.200 F400.000
G1 X-25.350 Y-90.789 Z-2.200 F400.000
G1 X-25.558 Y-91.148 Z-2.200 F400.000
G1 X-25.658 Y-91.389 Z-2.200 F400.000
G1 X-25.765 Y-91.789 Z-2.200 F400.000
G1 X-25.799 Y-92.048 Z-2.200 F400.000
G1 X-25.812 Y-92.255 Z-2.200 F400.000
G1 X-25.812 Y-114.918 Z-2.200 F400.000
G1 X-25.800 Y-115.195 Z-2.200 F400.000
G1 X-25.750 Y-115.555 Z-2.200 F400.000
G1 X-25.661 Y-115.908 Z-2.200 F400.000
G1 X-25.534 Y-116.249 Z-2.200 F400.000
G1 X-21.613 Y-124.664 Z-2.200 F400.000
G1 X-21.590 Y-124.721 Z-2.200 F400.000
G1 X-21.585 Y-124.737 Z-2.200 F400.000
G1 X-21.582 Y-124.755 Z-2.200 F400.000
G1 X-21.579 Y-124.815 Z-2.200 F400.000
G1 X-21.579 Y-127.706 Z-2.200 F400.000
G1 X-21.590 Y-127.815 Z-2.200 F400.000
G1 X-21.599 Y-127.844 Z-2.200 F400.000
G1 X-21.613 Y-127.870 Z-2.200 F400.000
G1 X-21.632 Y-127.894 Z-2.200 F400.000
G1 X-21.656 Y-127.913 Z-2.200 F400.000
G1 X-21.682 Y-127.928 Z-2.200 F400.000
G1 X-21.711 Y-127.936 Z-2.200 F400.000
G1 X-21.820 Y-127.947 Z-2.200 F400.000
G1 X-23.225 Y-127.947 Z-2.200 F400.000
G1 X-23.432 Y-127.961 Z-2.200 F400.000
G1 X-23.691 Y-127.995 Z-2.200 F400.000
G1 X-24.091 Y-128.102 Z-2.200 F400.000
G1 X-24.333 Y-128.202 Z-2.200 F400.000
G1 X-24.691 Y-128.409 Z-2.200 F400.000
G1 X-24.899 Y-128.568 Z-2.200 F400.000
G1 X-25.192 Y-128.861 Z-2.200 F400.000
G1 X-25.350 Y-129.068 Z-2.200 F400.000
G1 X-25.558 Y-129.427 Z-2.200 F400.000
G1 X-25.658 Y-129.668 Z-2.200 F400.000
G1 X-25.765 Y-130.068 Z-2.200 F400.000
G1 X-25.799 Y-130.327 Z-2.200 F400.000
G1 X-25.812 Y-130.534 Z-2.200 F400.000
G1 X-25.812 Y-153.197 Z-2.200 F400.000
G1 X-25.800 Y-153.474 Z-2.200 F400.000
G1 X-25.750 Y-153.834 Z-2.200 F400.000
G1 X-25.661 Y-154.187 Z-2.200 F400.000
G1 X-25.534 Y-154.528 Z-2.200 F400.000
G1 X-21.613 Y-162.943 Z-2.200 F400.000
G1 X-21.590 Y-163.000 Z-2.200 F400.000
G1 X-21.585 Y-163.016 Z-2.200 F400.000
G1 X-21.582 Y-163.034 Z-2.200 F400.000
G1 X-21.579 Y-163.094 Z-2.200 F400.000
G1 X-21.579 Y-165.986 Z-2.200 F400.000
G1 X-21.590 Y-166.094 Z-2.200 F400.000
G1 X-21.599 Y-166.123 Z-2.200 F400.000
G1 X-21.613 Y-166.150 Z-2.200 F400.000
G1 X-21.632 Y-166.173 Z-2.200 F400.000
G1 X-21.656 Y-166.192 Z-2.200 F400.000
G1 X-21.682 Y-166.207 Z-2.200 F400.000
G1 X-21.711 Y-166.215 Z-2.200 F400.000
G1 X-21.820 Y-166.226 Z-2.200 F400.000
G1 X-23.225 Y-166.226 Z-2.200 F400.000
G1 X-23.432 Y-166.240 Z-2.200 F400.000
G1 X-23.691 Y-166.274 Z-2.200 F400.000
G1 X-24.091 Y-166.381 Z-2.200 F400.000
G1 X-24.333 Y-166.481 Z-2.200 F400.000
G1 X-24.691 Y-166.688 Z-2.200 F400.000
G1 X-24.899 Y-166.847 Z-2.200 F400.000
G1 X-25.192 Y-167.140 Z-2.200 F400.000
G1 X-25.350 Y-167.347 Z-2.200 F400.000
G1 X-25.558 Y-167.706 Z-2.200 F400.000
G1 X-25.658 Y-167.947 Z-2.200 F400.000
G1 X-25.765 Y-168.347 Z-2.200 F400.000
G1 X-25.799 Y-168.606 Z-2.200 F400.000
G1 X-25.812 Y-168.813 Z-2.200 F400.000
G1 X-25.812 Y-191.476 Z-2.200 F400.000
G1 X-25.800 Y-191.753 Z-2.200 F400.000
G1 X-25.750 Y-192.113 Z-2.200 F400.000
G1 X-25.661 Y-192.466 Z-2.200 F400.000
G1 X-25.534 Y-192.807 Z-2.200 F400.000
G1 X-21.613 Y-201.222 Z-2.200 F400.000
G1 X-21.590 Y-201.279 Z-2.200 F400.000
G1 X-21.585 Y-201.295 Z-2.200 F400.000
G1 X-21.582 Y-201.313 Z-2.200 F400.000
G1 X-21.579 Y-201.373 Z-2.200 F400.000
G1 X-21.579 Y-204.265 Z-2.200 F400.000
G1 X-21.590 Y-204.373 Z-2.200 F400.000
G1 X-21.599 Y-204.402 Z-2.200 F400.000
G1 X-21.613 Y-204.429 Z-2.200 F400.000
G1 X-21.632 Y-204.452 Z-2.200 F400.000
G1 X-21.656 Y-204.471 Z-2.200 F400.000
G1 X-21.682 Y-204.486 Z-2.200 F400.000
G1 X-21.711 Y-204.494 Z-2.200 F400.000
G1 X-21.820 Y-204.505 Z-2.200 F400.000
G1 X-23.225 Y-204.505 Z-2.200 F400.000
G1 X-23.432 Y-204.519 Z-2.200 F400.000
G1 X-23.691 Y-204.553 Z-2.200 F400.000
G1 X-24.091 Y-204.660 Z-2.200 F400.000
G1 X-24.333 Y-204.760 Z-2.200 F400.000
G1 X-24.691 Y-204.967 Z-2.200 F400.000
G1 X-24.899 Y-205.126 Z-2.200 F400.000
G1 X-25.192 Y-205.419 Z-2.200 F400.000
G1 X-25.350 Y-205.626 Z-2.200 F400.000
G1 X-25.558 Y-205.985 Z-2.200 F400.000
G1 X-25.658 Y-206.226 Z-2.200 F400.000
G1 X-25.765 Y-206.626 Z-2.200 F400.000
G1 X-25.799 Y-206.885 Z-2.200 F400.000
G1 X-25.812 Y-207.093 Z-2.200 F400.000
G1 X-25.812 Y-227.500 Z-2.200 F400.000
G0 Z5.000
G0 X-25.812 Y-2.500
G0 Z3.000
G1 X-25.812 Y-2.500 Z-2.400 F250.000
G1 X-25.812 Y-21.017 Z-2.400 F400.000
G1 X-25.771 Y-21.514 Z-2.400 F400.000
G1 X-25.711 Y-21.819 Z-2.400 F400.000
G1 X-25.611 Y-22.148 Z-2.400 F400.000
G1 X-25.492 Y-22.435 Z-2.400 F400.000
G1 X-25.330 Y-22.738 Z-2.400 F400.000
G1 X-25.157 Y-22.996 Z-2.400 F400.000
G1 X-24.940 Y-23.262 Z-2.400 F400.000
G1 X-24.720 Y-23.482 Z-2.400 F400.000
G1 X-24.454 Y-23.699 Z-2.400 F400.000
G1 X-24.196 Y-23.872 Z-2.400 F400.000
G1 X-23.893 Y-24.034 Z-2.400 F400.000
G1 X-23.606 Y-24.153 Z-2.400 F400.000
G1 X-23.277 Y-24.253 Z-2.400 F400.000
G1 X-22.972 Y-24.313 Z-2.400 F400.000
G1 X-22.631 Y-24.347 Z-2.400 F400.000
G1 X-19.705 Y-24.354 Z-2.400 F400.000
G1 X-19.595 Y-24.365 Z-2.400 F400.000
G1 X-19.566 Y-24.374 Z-2.400 F400.000
G1 X-19.539 Y-24.388 Z-2.400 F400.000
G1 X-19.516 Y-24.408 Z-2.400 F400.000
G1 X-19.496 Y-24.431 Z-2.400 F400.000
G1 X-19.482 Y-24.458 Z-2.400 F400.000
G1 X-19.473 Y-24.487 Z-2.400 F400.000
G1 X-19.462 Y-24.595 Z-2.400 F400.000
G1 X-19.463 Y-26.302 Z-2.400 F400.000
G1 X-19.473 Y-26.410 Z-2.400 F400.000
G1 X-19.482 Y-26.439 Z-2.400 F400.000
G1 X-19.496 Y-26.466 Z-2.400 F400.000
G1 X-19.516 Y-26.489 Z-2.400 F400.000
G1 X-19.539 Y-26.508 Z-2.400 F400.000
G1 X-19.566 Y-26.523 Z-2.400 F400.000
G1 X-19.595 Y-26.531 Z-2.400 F400.000
G1 X-19.703 Y-26.542 Z-2.400 F400.000
G1 X-22.475 Y-26.542 Z-2.400 F400.000
G1 X-22.972 Y-26.583 Z-2.400 F400.000
G1 X-23.277 Y-26.644 Z-2.400 F400.000
G1 X-23.606 Y-26.744 Z-2.400 F400.000
G1 X-23.893 Y-26.863 Z-2.400 F400.000
G1 X-24.196 Y-27.024 Z-2.400 F400.000
G1 X-24.454 Y-27.197 Z-2.400 F400.000
G1 X-24.720 Y-27.415 Z-2.400 F400.000
G1 X-24.940 Y-27.635 Z-2.400 F400.000
G1 X-25.157 Y-27.900 Z-2.400 F400.000
G1 X-25.330 Y-28.159 Z-2.400 F400.000
G1 X-25.492 Y-28.462 Z-2.400 F400.000
G1 X-25.611 Y-28.749 Z-2.400 F400.000
G1 X-25.711 Y-29.077 Z-2.400 F400.000
G1 X-25.771 Y-29.383 Z-2.400 F400.000
G1 X-25.805 Y-29.724 Z-2.400 F400.000
G1 X-25.812 Y-38.360 Z-2.400 F400.000
G1 X-25.800 Y-38.637 Z-2.400 F400.000
G1 X-25.750 Y-38.997 Z-2.400 F400.000
G1 X-25.661 Y-39.350 Z-2.400 F400.000
G1 X-25.534 Y-39.691 Z-2.400 F400.000
G1 X-21.613 Y-48.106 Z-2.400 F400.000
G1 X-21.590 Y-48.162 Z-2.400 F400.000
G1 X-21.585 Y-48.179 Z-2.400 F400.000
G1 X-21.582 Y-48.197 Z-2.400 F400.000
G1 X-21.579 Y-48.257 Z-2.400 F400.000
G1 X-21.579 Y-51.148 Z-2.400 F400.000
G1 X-21.590 Y-51.257 Z-2.400 F400.000
G1 X-21.599 Y-51.286 Z-2.400 F400.000
G1 X-21.613 Y-51.312 Z-2.400 F400.000
G1 X-21.632 Y-51.336 Z-2.400 F400.000
G1 X-21.656 Y-51.355 Z-2.400 F400.000
G1 X-21.682 Y-51.369 Z-2.400 F400.000
G1 X-21.711 Y-51.378 Z-2.400 F400.000
G1 X-21.820 Y-51.389 Z-2.400 F400.000
G1 X-23.225 Y-51.389 Z-2.400 F400.000
G1 X-23.432 Y-51.403 Z-2.400 F400.000
G1 X-23.691 Y-51.437 Z-2.400 F400.000
G1 X-24.091 Y-51.544 Z-2.400 F400.000
G1 X-24.333 Y-51.644 Z-2.400 F400.000
G1 X-24.691 Y-51.851 Z-2.400 F400.000
G1 X-24.899 Y-52.010 Z-2.400 F400.000
G1 X-25.192 Y-52.303 Z-2.400 F400.000
G1 X-25.350 Y-52.510 Z-2.400 F400.000
G1 X-25.558 Y-52.869 Z-2.400 F400.000
G1 X-25.658 Y-53.110 Z-2.400 F400.000
G1 X-25.765 Y-53.510 Z-2.400 F400.000
G1 X-25.799 Y-53.769 Z-2.400 F400.000
G1 X-25.812 Y-53.976 Z-2.400 F400.000
G1 X-25.812 Y-76.639 Z-2.400 F400.000
G1 X-25.800 Y-76.916 Z-2.400 F400.000
G1 X-25.750 Y-77.276 Z-2.400 F400.000
G1 X-25.661 Y-77.629 Z-2.400 F400.000
G1 X-25.534 Y-77.970 Z-2.400 F400.000
G1 X-21.613 Y-86.385 Z-2.400 F400.000
G1 X-21.590 Y-86.441 Z-2.400 F400.000
G1 X-21.585 Y-86.458 Z-2.400 F400.000
G1 X-21.582 Y-86.476 Z-2.400 F400.000
G1 X-21.579 Y-86.536 Z-2.400 F400.000
G1 X-21.579 Y-89.427 Z-2.400 F400.000
G1 X-21.590 Y-89.536 Z-2.400 F400.000
G1 X-21.599 Y-89.565 Z-2.400 F400.000
G1 X-21.613 Y-89.591 Z-2.400 F400.000
G1 X-21.632 Y-89.615 Z-2.400 F400.000
G1 X-21.656 Y-89.634 Z-2.400 F400.000
G1 X-21.682 Y-89.649 Z-2.400 F400.000
G1 X-21.711 Y-89.657 Z-2.400 F400.000
G1 X-21.820 Y-89.668 Z-2.400 F400.000
G1 X-23.225 Y-89.668 Z-2.400 F400.000
G1 X-23.432 Y-89.682 Z-2.400 F400.000
G1 X-23.691 Y-89.716 Z-2.400 F400.000
G1 X-24.091 Y-89.823 Z-2.400 F400.000
G1 X-24.333 Y-89.923 Z-2.400 F400.000
G1 X-24.691 Y-90.130 Z-2.400 F400.000
G1 X-24.899 Y-90.289 Z-2.400 F400.000
G1 X-25.192 Y-90.582 Z-2.400 F400.000
G1 X-25.350 Y-90.789 Z-2.400 F400.000
G1 X-25.558 Y-91.148 Z-2.400 F400.000
G1 X-25.658 Y-91.389 Z-2.400 F400.000
G1 X-25.765 Y-91.789 Z-2.400 F400.000
G1 X-25.799 Y-92.048 Z-2.400 F400.000
G1 X-25.812 Y-92.255 Z-2.400 F400.000
G1 X-25.812 Y-114.918 Z-2.400 F400.000
G1 X-25.800 Y-115.195 Z-2.400 F400.000
G1 X-25.750 Y-115.555 Z-2.400 F400.000
G1 X-25.661 Y-115.908 Z-2.400 F400.000
G1 X-25.534 Y-116.249 Z-2.400 F400.000
G1 X-21.613 Y-124.664 Z-2.400 F400.000
G1 X-21.590 Y-124.721 Z-2.400 F400.000
G1 X-21.585 Y-124.737 Z-2.400 F400.000
G1 X-21.582 Y-124.755 Z-2.400 F400.000
G1 X-21.579 Y-124.815 Z-2.400 F400.000
G1 X-21.579 Y-127.706 Z-2.400 F400.000
G1 X-21.590 Y-127.815 Z-2.400 F400.000
G1 X-21.599 Y-127.844 Z-2.400 F400.000
G1 X-21.613 Y-127.870 Z-2.400 F400.000
G1 X-21.632 Y-127.894 Z-2.400 F400.000
G1 X-21.656 Y-127.913 Z-2.400 F400.000
G1 X-21.682 Y-127.928 Z-2.400 F400.000
G1 X-21.711 Y-127.936 Z-2.400 F400.000
G1 X-21.820 Y-127.947 Z-2.400 F400.000
G1 X-23.225 Y-127.947 Z-2.400 F400.000
G1 X-23.432 Y-127.961 Z-2.400 F400.000
G1 X-23.691 Y-127.995 Z-2.400 F400.000
G1 X-24.091 Y-128.102 Z-2.400 F400.000
G1 X-24.333 Y-128.202 Z-2.400 F400.000
G1 X-24.691 Y-128.409 Z-2.400 F400.000
G1 X-24.899 Y-128.568 Z-2.400 F400.000
G1 X-25.192 Y-128.861 Z-2.400 F400.000
G1 X-25.350 Y-129.068 Z-2.400 F400.000
G1 X-25.558 Y-129.427 Z-2.400 F400.000
G1 X-25.658 Y-129.668 Z-2.400 F400.000
G1 X-25.765 Y-130.068 Z-2.400 F400.000
G1 X-25.799 Y-130.327 Z-2.400 F400.000
G1 X-25.812 Y-130.534 Z-2.400 F400.000
G1 X-25.812 Y-153.197 Z-2.400 F400.000
G1 X-25.800 Y-153.474 Z-2.400 F400.000
G1 X-25.750 Y-153.834 Z-2.400 F400.000
G1 X-25.661 Y-154.187 Z-2.400 F400.000
G1 X-25.534 Y-154.528 Z-2.400 F400.000
G1 X-21.613 Y-162.943 Z-2.400 F400.000
G1 X-21.590 Y-163.000 Z-2.400 F400.000
G1 X-21.585 Y-163.016 Z-2.400 F400.000
G1 X-21.582 Y-163.034 Z-2.400 F400.000
G1 X-21.579 Y-163.094 Z-2.400 F400.000
G1 X-21.579 Y-165.986 Z-2.400 F400.000
G1 X-21.590 Y-166.094 Z-2.400 F400.000
G1 X-21.599 Y-166.123 Z-2.400 F400.000
G1 X-21.613 Y-166.150 Z-2.400 F400.000
G1 X-21.632 Y-166.173 Z-2.400 F400.000
G1 X-21.656 Y-166.192 Z-2.400 F400.000
G1 X-21.682 Y-166.207 Z-2.400 F400.000
G1 X-21.711 Y-166.215 Z-2.400 F400.000
G1 X-21.820 Y-166.226 Z-2.400 F400.000
G1 X-23.225 Y-166.226 Z-2.400 F400.000
G1 X-23.432 Y-166.240 Z-2.400 F400.000
G1 X-23.691 Y-166.274 Z-2.400 F400.000
G1 X-24.091 Y-166.381 Z-2.400 F400.000
G1 X-24.333 Y-166.481 Z-2.400 F400.000
G1 X-24.691 Y-166.688 Z-2.400 F400.000
G1 X-24.899 Y-166.847 Z-2.400 F400.000
G1 X-25.192 Y-167.140 Z-2.400 F400.000
G1 X-25.350 Y-167.347 Z-2.400 F400.000
G1 X-25.558 Y-167.706 Z-2.400 F400.000
G1 X-25.658 Y-167.947 Z-2.400 F400.000
G1 X-25.765 Y-168.347 Z-2.400 F400.000
G1 X-25.799 Y-168.606 Z-2.400 F400.000
G1 X-25.812 Y-168.813 Z-2.400 F400.000
G1 X-25.812 Y-191.476 Z-2.400 F400.000
G1 X-25.800 Y-191.753 Z-2.400 F400.000
G1 X-25.750 Y-192.113 Z-2.400 F400.000
G1 X-25.661 Y-192.466 Z-2.400 F400.000
G1 X-25.534 Y-192.807 Z-2.400 F400.000
G1 X-21.613 Y-201.222 Z-2.400 F400.000
G1 X-21.590 Y-201.279 Z-2.400 F400.000
G1 X-21.585 Y-201.295 Z-2.400 F400.000
G1 X-21.582 Y-201.313 Z-2.400 F400.000
G1 X-21.579 Y-201.373 Z-2.400 F400.000
G1 X-21.579 Y-204.265 Z-2.400 F400.000
G1 X-21.590 Y-204.373 Z-2.400 F400.000
G1 X-21.599 Y-204.402 Z-2.400 F400.000
G1 X-21.613 Y-204.429 Z-2.400 F400.000
G1 X-21.632 Y-204.452 Z-2.400 F400.000
G1 X-21.656 Y-204.471 Z-2.400 F400.000
G1 X-21.682 Y-204.486 Z-2.400 F400.000
G1 X-21.711 Y-204.494 Z-2.400 F400.000
G1 X-21.820 Y-204.505 Z-2.400 F400.000
G1 X-23.225 Y-204.505 Z-2.400 F400.000
G1 X-23.432 Y-204.519 Z-2.400 F400.000
G1 X-23.691 Y-204.553 Z-2.400 F400.000
G1 X-24.091 Y-204.660 Z-2.400 F400.000
G1 X-24.333 Y-204.760 Z-2.400 F400.000
G1 X-24.691 Y-204.967 Z-2.400 F400.000
G1 X-24.899 Y-205.126 Z-2.400 F400.000
G1 X-25.192 Y-205.419 Z-2.400 F400.000
G1 X-25.350 Y-205.626 Z-2.400 F400.000
G1 X-25.558 Y-205.985 Z-2.400 F400.000
G1 X-25.658 Y-206.226 Z-2.400 F400.000
G1 X-25.765 Y-206.626 Z-2.400 F400.000
G1 X-25.799 Y-206.885 Z-2.400 F400.000
G1 X-25.812 Y-207.093 Z-2.400 F400.000
G1 X-25.812 Y-227.500 Z-2.400 F400.000
G0 Z5.000
G0 X-25.812 Y-2.500
G0 Z3.000
G1 X-25.812 Y-2.500 Z-2.600 F250.000
G1 X-25.812 Y-21.017 Z-2.600 F400.000
G1 X-25.771 Y-21.514 Z-2.600 F400.000
G1 X-25.711 Y-21.819 Z-2.600 F400.000
G1 X-25.611 Y-22.148 Z-2.600 F400.000
G1 X-25.492 Y-22.435 Z-2.600 F400.000
G1 X-25.330 Y-22.738 Z-2.600 F400.000
G1 X-25.157 Y-22.996 Z-2.600 F400.000
G1 X-24.940 Y-23.262 Z-2.600 F400.000
G1 X-24.720 Y-23.482 Z-2.600 F400.000
G1 X-24.454 Y-23.699 Z-2.600 F400.000
G1 X-24.196 Y-23.872 Z-2.600 F400.000
G1 X-23.893 Y-24.034 Z-2.600 F400.000
G1 X-23.606 Y-24.153 Z-2.600 F400.000
G1 X-23.277 Y-24.253 Z-2.600 F400.000
G1 X-22.972 Y-24.313 Z-2.600 F400.000
G1 X-22.631 Y-24.347 Z-2.600 F400.000
G1 X-19.705 Y-24.354 Z-2.600 F400.000
G1 X-19.595 Y-24.365 Z-2.600 F400.000
G1 X-19.566 Y-24.374 Z-2.600 F400.000
G1 X-19.539 Y-24.388 Z-2.600 F400.000
G1 X-19.516 Y-24.408 Z-2.600 F400.000
G1 X-19.496 Y-24.431 Z-2.600 F400.000
G1 X-19.482 Y-24.458 Z-2.600 F400.000
G1 X-19.473 Y-24.487 Z-2.600 F400.000
G1 X-19.462 Y-24.595 Z-2.600 F400.000
G1 X-19.463 Y-26.302 Z-2.600 F400.000
G1 X-19.473 Y-26.410 Z-2.600 F400.000
G1 X-19.482 Y-26.439 Z-2.600 F400.000
G1 X-19.496 Y-26.466 Z-2.600 F400.000
G1 X-19.516 Y-26.489 Z-2.600 F400.000
G1 X-19.539 Y-26.508 Z-2.600 F400.000
G1 X-19.566 Y-26.523 Z-2.600 F400.000
G1 X-19.595 Y-26.531 Z-2.600 F400.000
G1 X-19.703 Y-26.542 Z-2.600 F400.000
G1 X-22.475 Y-26.542 Z-2.600 F400.000
G1 X-22.972 Y-26.583 Z-2.600 F400.000
G1 X-23.277 Y-26.644 Z-2.600 F400.000
G1 X-23.606 Y-26.744 Z-2.600 F400.000
G1 X-23.893 Y-26.863 Z-2.600 F400.000
G1 X-24.196 Y-27.024 Z-2.600 F400.000
G1 X-24.454 Y-27.197 Z-2.600 F400.000
G1 X-24.720 Y-27.415 Z-2.600 F400.000
G1 X-24.940 Y-27.635 Z-2.600 F400.000
G1 X-25.157 Y-27.900 Z-2.600 F400.000
G1 X-25.330 Y-28.159 Z-2.600 F400.000
G1 X-25.492 Y-28.462 Z-2.600 F400.000
G1 X-25.611 Y-28.749 Z-2.600 F400.000
G1 X-25.711 Y-29.077 Z-2.600 F400.000
G1 X-25.771 Y-29.383 Z-2.600 F400.000
G1 X-25.805 Y-29.724 Z-2.600 F400.000
G1 X-25.812 Y-38.360 Z-2.600 F400.000
G1 X-25.800 Y-38.637 Z-2.600 F400.000
G1 X-25.750 Y-38.997 Z-2.600 F400.000
G1 X-25.661 Y-39.350 Z-2.600 F400.000
G1 X-25.534 Y-39.691 Z-2.600 F400.000
G1 X-21.613 Y-48.106 Z-2.600 F400.000
G1 X-21.590 Y-48.162 Z-2.600 F400.000
G1 X-21.585 Y-48.179 Z-2.600 F400.000
G1 X-21.582 Y-48.197 Z-2.600 F400.000
G1 X-21.579 Y-48.257 Z-2.600 F400.000
G1 X-21.579 Y-51.148 Z-2.600 F400.000
G1 X-21.590 Y-51.257 Z-2.600 F400.000
G1 X-21.599 Y-51.286 Z-2.600 F400.000
G1 X-21.613 Y-51.312 Z-2.600 F400.000
G1 X-21.632 Y-51.336 Z-2.600 F400.000
G1 X-21.656 Y-51.355 Z-2.600 F400.000
G1 X-21.682 Y-51.369 Z-2.600 F400.000
G1 X-21.711 Y-51.378 Z-2.600 F400.000
G1 X-21.820 Y-51.389 Z-2.600 F400.000
G1 X-23.225 Y-51.389 Z-2.600 F400.000
G1 X-23.432 Y-51.403 Z-2.600 F400.000
G1 X-23.691 Y-51.437 Z-2.600 F400.000
G1 X-24.091 Y-51.544 Z-2.600 F400.000
G1 X-24.333 Y-51.644 Z-2.600 F400.000
G1 X-24.691 Y-51.851 Z-2.600 F400.000
G1 X-24.899 Y-52.010 Z-2.600 F400.000
G1 X-25.192 Y-52.303 Z-2.600 F400.000
G1 X-25.350 Y-52.510 Z-2.600 F400.000
G1 X-25.558 Y-52.869 Z-2.600 F400.000
G1 X-25.658 Y-53.110 Z-2.600 F400.000
G1 X-25.765 Y-53.510 Z-2.600 F400.000
G1 X-25.799 Y-53.769 Z-2.600 F400.000
G1 X-25.812 Y-53.976 Z-2.600 F400.000
G1 X-25.812 Y-76.639 Z-2.600 F400.000
G1 X-25.800 Y-76.916 Z-2.600 F400.000
G1 X-25.750 Y-77.276 Z-2.600 F400.000
G1 X-25.661 Y-77.629 Z-2.600 F400.000
G1 X-25.534 Y-77.970 Z-2.600 F400.000
G1 X-21.613 Y-86.385 Z-2.600 F400.000
G1 X-21.590 Y-86.441 Z-2.600 F400.000
G1 X-21.585 Y-86.458 Z-2.600 F400.000
G1 X-21.582 Y-86.476 Z-2.600 F400.000
G1 X-21.579 Y-86.536 Z-2.600 F400.000
G1 X-21.579 Y-89.427 Z-2.600 F400.000
G1 X-21.590 Y-89.536 Z-2.600 F400.000
G1 X-21.599 Y-89.565 Z-2.600 F400.000
G1 X-21.613 Y-89.591 Z-2.600 F400.000
G1 X-21.632 Y-89.615 Z-2.600 F400.000
G1 X-21.656 Y-89.634 Z-2.600 F400.000
G1 X-21.682 Y-89.649 Z-2.600 F400.000
G1 X-21.711 Y-89.657 Z-2.600 F400.000
G1 X-21.820 Y-89.668 Z-2.600 F400.000
G1 X-23.225 Y-89.668 Z-2.600 F400.000
G1 X-23.432 Y-89.682 Z-2.600 F400.000
G1 X-23.691 Y-89.716 Z-2.600 F400.000
G1 X-24.091 Y-89.823 Z-2.600 F400.000
G1 X-24.333 Y-89.923 Z-2.600 F400.000
G1 X-24.691 Y-90.130 Z-2.600 F400.000
G1 X-24.899 Y-90.289 Z-2.600 F400.000
G1 X-25.192 Y-90.582 Z-2.600 F400.000
G1 X-25.350 Y-90.789 Z-2.600 F400.000
G1 X-25.558 Y-91.148 Z-2.600 F400.000
G1 X-25.658 Y-91.389 Z-2.600 F400.000
G1 X-25.765 Y-91.789 Z-2.600 F400.000
G1 X-25.799 Y-92.048 Z-2.600 F400.000
G1 X-25.812 Y-92.255 Z-2.600 F400.000
G1 X-25.812 Y-114.918 Z-2.600 F400.000
G1 X-25.800 Y-115.195 Z-2.600 F400.000
G1 X-25.750 Y-115.555 Z-2.600 F400.000
G1 X-25.661 Y-115.908 Z-2.600 F400.000
G1 X-25.534 Y-116.249 Z-2.600 F400.000
G1 X-21.613 Y-124.664 Z-2.600 F400.000
G1 X-21.590 Y-124.721 Z-2.600 F400.000
G1 X-21.585 Y-124.737 Z-2.600 F400.000
G1 X-21.582 Y-124.755 Z-2.600 F400.000
G1 X-21.579 Y-124.815 Z-2.600 F400.000
G1 X-21.579 Y-127.706 Z-2.600 F400.000
G1 X-21.590 Y-127.815 Z-2.600 F400.000
G1 X-21.599 Y-127.844 Z-2.600 F400.000
G1 X-21.613 Y-127.870 Z-2.600 F400.000
G1 X-21.632 Y-127.894 Z-2.600 F400.000
G1 X-21.656 Y-127.913 Z-2.600 F400.000
G1 X-21.682 Y-127.928 Z-2.600 F400.000
G1 X-21.711 Y-127.936 Z-2.600 F400.000
G1 X-21.820 Y-127.947 Z-2.600 F400.000
G1 X-23.225 Y-127.947 Z-2.600 F400.000
G1 X-23.432 Y-127.961 Z-2.600 F400.000
G1 X-23.691 Y-127.995 Z-2.600 F400.000
G1 X-24.091 Y-128.102 Z-2.600 F400.000
G1 X-24.333 Y-128.202 Z-2.600 F400.000
G1 X-24.691 Y-128.409 Z-2.600 F400.000
G1 X-24.899 Y-128.568 Z-2.600 F400.000
G1 X-25.192 Y-128.861 Z-2.600 F400.000
G1 X-25.350 Y-129.068 Z-2.600 F400.000
G1 X-25.558 Y-129.427 Z-2.600 F400.000
G1 X-25.658 Y-129.668 Z-2.600 F400.000
G1 X-25.765 Y-130.068 Z-2.600 F400.000
G1 X-25.799 Y-130.327 Z-2.600 F400.000
G1 X-25.812 Y-130.534 Z-2.600 F400.000
G1 X-25.812 Y-153.197 Z-2.600 F400.000
G1 X-25.800 Y-153.474 Z-2.600 F400.000
G1 X-25.750 Y-153.834 Z-2.600 F400.000
G1 X-25.661 Y-154.187 Z-2.600 F400.000
G1 X-25.534 Y-154.528 Z-2.600 F400.000
G1 X-21.613 Y-162.943 Z-2.600 F400.000
G1 X-21.590 Y-163.000 Z-2.600 F400.000
G1 X-21.585 Y-163.016 Z-2.600 F400.000
G1 X-21.582 Y-163.034 Z-2.600 F400.000
G1 X-21.579 Y-163.094 Z-2.600 F400.000
G1 X-21.579 Y-165.986 Z-2.600 F400.000
G1 X-21.590 Y-166.094 Z-2.600 F400.000
G1 X-21.599 Y-166.123 Z-2.600 F400.000
G1 X-21.613 Y-166.150 Z-2.600 F400.000
G1 X-21.632 Y-166.173 Z-2.600 F400.000
G1 X-21.656 Y-166.192 Z-2.600 F400.000
G1 X-21.682 Y-166.207 Z-2.600 F400.000
G1 X-21.711 Y-166.215 Z-2.600 F400.000
G1 X-21.820 Y-166.226 Z-2.600 F400.000
G1 X-23.225 Y-166.226 Z-2.600 F400.000
G1 X-23.432 Y-166.240 Z-2.600 F400.000
G1 X-23.691 Y-166.274 Z-2.600 F400.000
G1 X-24.091 Y-166.381 Z-2.600 F400.000
G1 X-24.333 Y-166.481 Z-2.600 F400.000
G1 X-24.691 Y-166.688 Z-2.600 F400.000
G1 X-24.899 Y-166.847 Z-2.600 F400.000
G1 X-25.192 Y-167.140 Z-2.600 F400.000
G1 X-25.350 Y-167.347 Z-2.600 F400.000
G1 X-25.558 Y-167.706 Z-2.600 F400.000
G1 X-25.658 Y-167.947 Z-2.600 F400.000
G1 X-25.765 Y-168.347 Z-2.600 F400.000
G1 X-25.799 Y-168.606 Z-2.600 F400.000
G1 X-25.812 Y-168.813 Z-2.600 F400.000
G1 X-25.812 Y-191.476 Z-2.600 F400.000
G1 X-25.800 Y-191.753 Z-2.600 F400.000
G1 X-25.750 Y-192.113 Z-2.600 F400.000
G1 X-25.661 Y-192.466 Z-2.600 F400.000
G1 X-25.534 Y-192.807 Z-2.600 F400.000
G1 X-21.613 Y-201.222 Z-2.600 F400.000
G1 X-21.590 Y-201.279 Z-2.600 F400.000
G1 X-21.585 Y-201.295 Z-2.600 F400.000
G1 X-21.582 Y-201.313 Z-2.600 F400.000
G1 X-21.579 Y-201.373 Z-2.600 F400.000
G1 X-21.579 Y-204.265 Z-2.600 F400.000
G1 X-21.590 Y-204.373 Z-2.600 F400.000
G1 X-21.599 Y-204.402 Z-2.600 F400.000
G1 X-21.613 Y-204.429 Z-2.600 F400.000
G1 X-21.632 Y-204.452 Z-2.600 F400.000
G1 X-21.656 Y-204.471 Z-2.600 F400.000
G1 X-21.682 Y-204.486 Z-2.600 F400.000
G1 X-21.711 Y-204.494 Z-2.600 F400.000
G1 X-21.820 Y-204.505 Z-2.600 F400.000
G1 X-23.225 Y-204.505 Z-2.600 F400.000
G1 X-23.432 Y-204.519 Z-2.600 F400.000
G1 X-23.691 Y-204.553 Z-2.600 F400.000
G1 X-24.091 Y-204.660 Z-2.600 F400.000
G1 X-24.333 Y-204.760 Z-2.600 F400.000
G1 X-24.691 Y-204.967 Z-2.600 F400.000
G1 X-24.899 Y-205.126 Z-2.600 F400.000
G1 X-25.192 Y-205.419 Z-2.600 F400.000
G1 X-25.350 Y-205.626 Z-2.600 F400.000
G1 X-25.558 Y-205.985 Z-2.600 F400.000
G1 X-25.658 Y-206.226 Z-2.600 F400.000
G1 X-25.765 Y-206.626 Z-2.600 F400.000
G1 X-25.799 Y-206.885 Z-2.600 F400.000
G1 X-25.812 Y-207.093 Z-2.600 F400.000
G1 X-25.812 Y-227.500 Z-2.600 F400.000
G0 Z5.000
G0 X-25.812 Y-2.500
G0 Z3.000
G1 X-25.812 Y-2.500 Z-2.800 F250.000
G1 X-25.812 Y-21.017 Z-2.800 F400.000
G1 X-25.771 Y-21.514 Z-2.800 F400.000
G1 X-25.711 Y-21.819 Z-2.800 F400.000
G1 X-25.611 Y-22.148 Z-2.800 F400.000
G1 X-25.492 Y-22.435 Z-2.800 F400.000
G1 X-25.330 Y-22.738 Z-2.800 F400.000
G1 X-25.157 Y-22.996 Z-2.800 F400.000
G1 X-24.940 Y-23.262 Z-2.800 F400.000
G1 X-24.720 Y-23.482 Z-2.800 F400.000
G1 X-24.454 Y-23.699 Z-2.800 F400.000
G1 X-24.196 Y-23.872 Z-2.800 F400.000
G1 X-23.893 Y-24.034 Z-2.800 F400.000
G1 X-23.606 Y-24.153 Z-2.800 F400.000
G1 X-23.277 Y-24.253 Z-2.800 F400.000
G1 X-22.972 Y-24.313 Z-2.800 F400.000
G1 X-22.631 Y-24.347 Z-2.800 F400.000
G1 X-19.705 Y-24.354 Z-2.800 F400.000
G1 X-19.595 Y-24.365 Z-2.800 F400.000
G1 X-19.566 Y-24.374 Z-2.800 F400.000
G1 X-19.539 Y-24.388 Z-2.800 F400.000
G1 X-19.516 Y-24.408 Z-2.800 F400.000
G1 X-19.496 Y-24.431 Z-2.800 F400.000
G1 X-19.482 Y-24.458 Z-2.800 F400.000
G1 X-19.473 Y-24.487 Z-2.800 F400.000
G1 X-19.462 Y-24.595 Z-2.800 F400.000
G1 X-19.463 Y-26.302 Z-2.800 F400.000
G1 X-19.473 Y-26.410 Z-2.800 F400.000
G1 X-19.482 Y-26.439 Z-2.800 F400.000
G1 X-19.496 Y-26.466 Z-2.800 F400.000
G1 X-19.516 Y-26.489 Z-2.800 F400.000
G1 X-19.539 Y-26.508 Z-2.800 F400.000
G1 X-19.566 Y-26.523 Z-2.800 F400.000
G1 X-19.595 Y-26.531 Z-2.800 F400.000
G1 X-19.703 Y-26.542 Z-2.800 F400.000
G1 X-22.475 Y-26.542 Z-2.800 F400.000
G1 X-22.972 Y-26.583 Z-2.800 F400.000
G1 X-23.277 Y-26.644 Z-2.800 F400.000
G1 X-23.606 Y-26.744 Z-2.800 F400.000
G1 X-23.893 Y-26.863 Z-2.800 F400.000
G1 X-24.196 Y-27.024 Z-2.800 F400.000
G1 X-24.454 Y-27.197 Z-2.800 F400.000
G1 X-24.720 Y-27.415 Z-2.800 F400.000
G1 X-24.940 Y-27.635 Z-2.800 F400.000
G1 X-25.157 Y-27.900 Z-2.800 F400.000
G1 X-25.330 Y-28.159 Z-2.800 F400.000
G1 X-25.492 Y-28.462 Z-2.800 F400.000
G1 X-25.611 Y-28.749 Z-2.800 F400.000
G1 X-25.711 Y-29.077 Z-2.800 F400.000
G1 X-25.771 Y-29.383 Z-2.800 F400.000
G1 X-25.805 Y-29.724 Z-2.800 F400.000
G1 X-25.812 Y-38.360 Z-2.800 F400.000
G1 X-25.800 Y-38.637 Z-2.800 F400.000
G1 X-25.750 Y-38.997 Z-2.800 F400.000
G1 X-25.661 Y-39.350 Z-2.800 F400.000
G1 X-25.534 Y-39.691 Z-2.800 F400.000
G1 X-21.613 Y-48.106 Z-2.800 F400.000
G1 X-21.590 Y-48.162 Z-2.800 F400.000
G1 X-21.585 Y-48.179 Z-2.800 F400.000
G1 X-21.582 Y-48.197 Z-2.800 F400.000
G1 X-21.579 Y-48.257 Z-2.800 F400.000
G1 X-21.579 Y-51.148 Z-2.800 F400.000
G1 X-21.590 Y-51.257 Z-2.800 F400.000
G1 X-21.599 Y-51.286 Z-2.800 F400.000
G1 X-21.613 Y-51.312 Z-2.800 F400.000
G1 X-21.632 Y-51.336 Z-2.800 F400.000
G1 X-21.656 Y-51.355 Z-2.800 F400.000
G1 X-21.682 Y-51.369 Z-2.800 F400.000
G1 X-21.711 Y-51.378 Z-2.800 F400.000
G1 X-21.820 Y-51.389 Z-2.800 F400.000
G1 X-23.225 Y-51.389 Z-2.800 F400.000
G1 X-23.432 Y-51.403 Z-2.800 F400.000
G1 X-23.691 Y-51.437 Z-2.800 F400.000
G1 X-24.091 Y-51.544 Z-2.800 F400.000
G1 X-24.333 Y-51.644 Z-2.800 F400.000
G1 X-24.691 Y-51.851 Z-2.800 F400.000
G1 X-24.899 Y-52.010 Z-2.800 F400.000
G1 X-25.192 Y-52.303 Z-2.800 F400.000
G1 X-25.350 Y-52.510 Z-2.800 F400.000
G1 X-25.558 Y-52.869 Z-2.800 F400.000
G1 X-25.658 Y-53.110 Z-2.800 F400.000
G1 X-25.765 Y-53.510 Z-2.800 F400.000
G1 X-25.799 Y-53.769 Z-2.800 F400.000
G1 X-25.812 Y-53.976 Z-2.800 F400.000
G1 X-25.812 Y-76.639 Z-2.800 F400.000
G1 X-25.800 Y-76.916 Z-2.800 F400.000
G1 X-25.750 Y-77.276 Z-2.800 F400.000
G1 X-25.661 Y-77.629 Z-2.800 F400.000
G1 X-25.534 Y-77.970 Z-2.800 F400.000
G1 X-21.613 Y-86.385 Z-2.800 F400.000
G1 X-21.590 Y-86.441 Z-2.800 F400.000
G1 X-21.585 Y-86.458 Z-2.800 F400.000
G1 X-21.582 Y-86.476 Z-2.800 F400.000
G1 X-21.579 Y-86.536 Z-2.800 F400.000
G1 X-21.579 Y-89.427 Z-2.800 F400.000
G1 X-21.590 Y-89.536 Z-2.800 F400.000
G1 X-21.599 Y-89.565 Z-2.800 F400.000
G1 X-21.613 Y-89.591 Z-2.800 F400.000
G1 X-21.632 Y-89.615 Z-2.800 F400.000
G1 X-21.656 Y-89.634 Z-2.800 F400.000
G1 X-21.682 Y-89.649 Z-2.800 F400.000
G1 X-21.711 Y-89.657 Z-2.800 F400.000
G1 X-21.820 Y-89.668 Z-2.800 F400.000
G1 X-23.225 Y-89.668 Z-2.800 F400.000
G1 X-23.432 Y-89.682 Z-2.800 F400.000
G1 X-23.691 Y-89.716 Z-2.800 F400.000
G1 X-24.091 Y-89.823 Z-2.800 F400.000
G1 X-24.333 Y-89.923 Z-2.800 F400.000
G1 X-24.691 Y-90.130 Z-2.800 F400.000
G1 X-24.899 Y-90.289 Z-2.800 F400.000
G1 X-25.192 Y-90.582 Z-2.800 F400.000
G1 X-25.350 Y-90.789 Z-2.800 F400.000
G1 X-25.558 Y-91.148 Z-2.800 F400.000
G1 X-25.658 Y-91.389 Z-2.800 F400.000
G1 X-25.765 Y-91.789 Z-2.800 F400.000
G1 X-25.799 Y-92.048 Z-2.800 F400.000
G1 X-25.812 Y-92.255 Z-2.800 F400.000
G1 X-25.812 Y-114.918 Z-2.800 F400.000
G1 X-25.800 Y-115.195 Z-2.800 F400.000
G1 X-25.750 Y-115.555 Z-2.800 F400.000
G1 X-25.661 Y-115.908 Z-2.800 F400.000
G1 X-25.534 Y-116.249 Z-2.800 F400.000
G1 X-21.613 Y-124.664 Z-2.800 F400.000
G1 X-21.590 Y-124.721 Z-2.800 F400.000
G1 X-21.585 Y-124.737 Z-2.800 F400.000
G1 X-21.582 Y-124.755 Z-2.800 F400.000
G1 X-21.579 Y-124.815 Z-2.800 F400.000
G1 X-21.579 Y-127.706 Z-2.800 F400.000
G1 X-21.590 Y-127.815 Z-2.800 F400.000
G1 X-21.599 Y-127.844 Z-2.800 F400.000
G1 X-21.613 Y-127.870 Z-2.800 F400.000
G1 X-21.632 Y-127.894 Z-2.800 F400.000
G1 X-21.656 Y-127.913 Z-2.800 F400.000
G1 X-21.682 Y-127.928 Z-2.800 F400.000
G1 X-21.711 Y-127.936 Z-2.800 F400.000
G1 X-21.820 Y-127.947 Z-2.800 F400.000
G1 X-23.225 Y-127.947 Z-2.800 F400.000
G1 X-23.432 Y-127.961 Z-2.800 F400.000
G1 X-23.691 Y-127.995 Z-2.800 F400.000
G1 X-24.091 Y-128.102 Z-2.800 F400.000
G1 X-24.333 Y-128.202 Z-2.800 F400.000
G1 X-24.691 Y-128.409 Z-2.800 F400.000
G1 X-24.899 Y-128.568 Z-2.800 F400.000
G1 X-25.192 Y-128.861 Z-2.800 F400.000
G1 X-25.350 Y-129.068 Z-2.800 F400.000
G1 X-25.558 Y-129.427 Z-2.800 F400.000
G1 X-25.658 Y-129.668 Z-2.800 F400.000
G1 X-25.765 Y-130.068 Z-2.800 F400.000
G1 X-25.799 Y-130.327 Z-2.800 F400.000
G1 X-25.812 Y-130.534 Z-2.800 F400.000
G1 X-25.812 Y-153.197 Z-2.800 F400.000
G1 X-25.800 Y-153.474 Z-2.800 F400.000
G1 X-25.750 Y-153.834 Z-2.800 F400.000
G1 X-25.661 Y-154.187 Z-2.800 F400.000
G1 X-25.534 Y-154.528 Z-2.800 F400.000
G1 X-21.613 Y-162.943 Z-2.800 F400.000
G1 X-21.590 Y-163.000 Z-2.800 F400.000
G1 X-21.585 Y-163.016 Z-2.800 F400.000
G1 X-21.582 Y-163.034 Z-2.800 F400.000
G1 X-21.579 Y-163.094 Z-2.800 F400.000
G1 X-21.579 Y-165.986 Z-2.800 F400.000
G1 X-21.590 Y-166.094 Z-2.800 F400.000
G1 X-21.599 Y-166.123 Z-2.800 F400.000
G1 X-21.613 Y-166.150 Z-2.800 F400.000
G1 X-21.632 Y-166.173 Z-2.800 F400.000
G1 X-21.656 Y-166.192 Z-2.800 F400.000
G1 X-21.682 Y-166.207 Z-2.800 F400.000
G1 X-21.711 Y-166.215 Z-2.800 F400.000
G1 X-21.820 Y-166.226 Z-2.800 F400.000
G1 X-23.225 Y-166.226 Z-2.800 F400.000
G1 X-23.432 Y-166.240 Z-2.800 F400.000
G1 X-23.691 Y-166.274 Z-2.800 F400.000
G1 X-24.091 Y-166.381 Z-2.800 F400.000
G1 X-24.333 Y-166.481 Z-2.800 F400.000
G1 X-24.691 Y-166.688 Z-2.800 F400.000
G1 X-24.899 Y-166.847 Z-2.800 F400.000
G1 X-25.192 Y-167.140 Z-2.800 F400.000
G1 X-25.350 Y-167.347 Z-2.800 F400.000
G1 X-25.558 Y-167.706 Z-2.800 F400.000
G1 X-25.658 Y-167.947 Z-2.800 F400.000
G1 X-25.765 Y-168.347 Z-2.800 F400.000
G1 X-25.799 Y-168.606 Z-2.800 F400.000
G1 X-25.812 Y-168.813 Z-2.800 F400.000
G1 X-25.812 Y-191.476 Z-2.800 F400.000
G1 X-25.800 Y-191.753 Z-2.800 F400.000
G1 X-25.750 Y-192.113 Z-2.800 F400.000
G1 X-25.661 Y-192.466 Z-2.800 F400.000
G1 X-25.534 Y-192.807 Z-2.800 F400.000
G1 X-21.613 Y-201.222 Z-2.800 F400.000
G1 X-21.590 Y-201.279 Z-2.800 F400.000
G1 X-21.585 Y-201.295 Z-2.800 F400.000
G1 X-21.582 Y-201.313 Z-2.800 F400.000
G1 X-21.579 Y-201.373 Z-2.800 F400.000
G1 X-21.579 Y-204.265 Z-2.800 F400.000
G1 X-21.590 Y-204.373 Z-2.800 F400.000
G1 X-21.599 Y-204.402 Z-2.800 F400.000
G1 X-21.613 Y-204.429 Z-2.800 F400.000
G1 X-21.632 Y-204.452 Z-2.800 F400.000
G1 X-21.656 Y-204.471 Z-2.800 F400.000
G1 X-21.682 Y-204.486 Z-2.800 F400.000
G1 X-21.711 Y-204.494 Z-2.800 F400.000
G1 X-21.820 Y-204.505 Z-2.800 F400.000
G1 X-23.225 Y-204.505 Z-2.800 F400.000
G1 X-23.432 Y-204.519 Z-2.800 F400.000
G1 X-23.691 Y-204.553 Z-2.800 F400.000
G1 X-24.091 Y-204.660 Z-2.800 F400.000
G1 X-24.333 Y-204.760 Z-2.800 F400.000
G1 X-24.691 Y-204.967 Z-2.800 F400.000
G1 X-24.899 Y-205.126 Z-2.800 F400.000
G1 X-25.192 Y-205.419 Z-2.800 F400.000
G1 X-25.350 Y-205.626 Z-2.800 F400.000
G1 X-25.558 Y-205.985 Z-2.800 F400.000
G1 X-25.658 Y-206.226 Z-2.800 F400.000
G1 X-25.765 Y-206.626 Z-2.800 F400.000
G1 X-25.799 Y-206.885 Z-2.800 F400.000
G1 X-25.812 Y-207.093 Z-2.800 F400.000
G1 X-25.812 Y-227.500 Z-2.800 F400.000
G0 Z5.000
G0 X-25.812 Y-2.500
G0 Z3.000
G1 X-25.812 Y-2.500 Z-3.000 F250.000
G1 X-25.812 Y-21.017 Z-3.000 F400.000
G1 X-25.771 Y-21.514 Z-3.000 F400.000
G1 X-25.711 Y-21.819 Z-3.000 F400.000
G1 X-25.611 Y-22.148 Z-3.000 F400.000
G1 X-25.492 Y-22.435 Z-3.000 F400.000
G1 X-25.330 Y-22.738 Z-3.000 F400.000
G1 X-25.157 Y-22.996 Z-3.000 F400.000
G1 X-24.940 Y-23.262 Z-3.000 F400.000
G1 X-24.720 Y-23.482 Z-3.000 F400.000
G1 X-24.454 Y-23.699 Z-3.000 F400.000
G1 X-24.196 Y-23.872 Z-3.000 F400.000
G1 X-23.893 Y-24.034 Z-3.000 F400.000
G1 X-23.606 Y-24.153 Z-3.000 F400.000
G1 X-23.277 Y-24.253 Z-3.000 F400.000
G1 X-22.972 Y-24.313 Z-3.000 F400.000
G1 X-22.631 Y-24.347 Z-3.000 F400.000
G1 X-19.705 Y-24.354 Z-3.000 F400.000
G1 X-19.595 Y-24.365 Z-3.000 F400.000
G1 X-19.566 Y-24.374 Z-3.000 F400.000
G1 X-19.539 Y-24.388 Z-3.000 F400.000
G1 X-19.516 Y-24.408 Z-3.000 F400.000
G1 X-19.496 Y-24.431 Z-3.000 F400.000
G1 X-19.482 Y-24.458 Z-3.000 F400.000
G1 X-19.473 Y-24.487 Z-3.000 F400.000
G1 X-19.462 Y-24.595 Z-3.000 F400.000
G1 X-19.463 Y-26.302 Z-3.000 F400.000
G1 X-19.473 Y-26.410 Z-3.000 F400.000
G1 X-19.482 Y-26.439 Z-3.000 F400.000
G1 X-19.496 Y-26.466 Z-3.000 F400.000
G1 X-19.516 Y-26.489 Z-3.000 F400.000
G1 X-19.539 Y-26.508 Z-3.000 F400.000
G1 X-19.566 Y-26.523 Z-3.000 F400.000
G1 X-19.595 Y-26.531 Z-3.000 F400.000
G1 X-19.703 Y-26.542 Z-3.000 F400.000
G1 X-22.475 Y-26.542 Z-3.000 F400.000
G1 X-22.972 Y-26.583 Z-3.000 F400.000
G1 X-23.277 Y-26.644 Z-3.000 F400.000
G1 X-23.606 Y-26.744 Z-3.000 F400.000
G1 X-23.893 Y-26.863 Z-3.000 F400.000
G1 X-24.196 Y-27.024 Z-3.000 F400.000
G1 X-24.454 Y-27.197 Z-3.000 F400.000
G1 X-24.720 Y-27.415 Z-3.000 F400.000
G1 X-24.940 Y-27.635 Z-3.000 F400.000
G1 X-25.157 Y-27.900 Z-3.000 F400.000
G1 X-25.330 Y-28.159 Z-3.000 F400.000
G1 X-25.492 Y-28.462 Z-3.000 F400.000
G1 X-25.611 Y-28.749 Z-3.000 F400.000
G1 X-25.711 Y-29.077 Z-3.000 F400.000
G1 X-25.771 Y-29.383 Z-3.000 F400.000
G1 X-25.805 Y-29.724 Z-3.000 F400.000
G1 X-25.812 Y-38.360 Z-3.000 F400.000
G1 X-25.800 Y-38.637 Z-3.000 F400.000
G1 X-25.750 Y-38.997 Z-3.000 F400.000
G1 X-25.661 Y-39.350 Z-3.000 F400.000
G1 X-25.534 Y-39.691 Z-3.000 F400.000
G1 X-21.613 Y-48.106 Z-3.000 F400.000
G1 X-21.590 Y-48.162 Z-3.000 F400.000
G1 X-21.585 Y-48.179 Z-3.000 F400.000
G1 X-21.582 Y-48.197 Z-3.000 F400.000
G1 X-21.579 Y-48.257 Z-3.000 F400.000
G1 X-21.579 Y-51.148 Z-3.000 F400.000
G1 X-21.590 Y-51.257 Z-3.000 F400.000
G1 X-21.599 Y-51.286 Z-3.000 F400.000
G1 X-21.613 Y-51.312 Z-3.000 F400.000
G1 X-21.632 Y-51.336 Z-3.000 F400.000
G1 X-21.656 Y-51.355 Z-3.000 F400.000
G1 X-21.682 Y-51.369 Z-3.000 F400.000
G1 X-21.711 Y-51.378 Z-3.000 F400.000
G1 X-21.820 Y-51.389 Z-3.000 F400.000
G1 X-23.225 Y-51.389 Z-3.000 F400.000
G1 X-23.432 Y-51.403 Z-3.000 F400.000
G1 X-23.691 Y-51.437 Z-3.000 F400.000
G1 X-24.091 Y-51.544 Z-3.000 F400.000
G1 X-24.333 Y-51.644 Z-3.000 F400.000
G1 X-24.691 Y-51.851 Z-3.000 F400.000
G1 X-24.899 Y-52.010 Z-3.000 F400.000
G1 X-25.192 Y-52.303 Z-3.000 F400.000
G1 X-25.350 Y-52.510 Z-3.000 F400.000
G1 X-25.558 Y-52.869 Z-3.000 F400.000
G1 X-25.658 Y-53.110 Z-3.000 F400.000
G1 X-25.765 Y-53.510 Z-3.000 F400.000
G1 X-25.799 Y-53.769 Z-3.000 F400.000
G1 X-25.812 Y-53.976 Z-3.000 F400.000
G1 X-25.812 Y-76.639 Z-3.000 F400.000
G1 X-25.800 Y-76.916 Z-3.000 F400.000
G1 X-25.750 Y-77.276 Z-3.000 F400.000
G1 X-25.661 Y-77.629 Z-3.000 F400.000
G1 X-25.534 Y-77.970 Z-3.000 F400.000
G1 X-21.613 Y-86.385 Z-3.000 F400.000
G1 X-21.590 Y-86.441 Z-3.000 F400.000
G1 X-21.585 Y-86.458 Z-3.000 F400.000
G1 X-21.582 Y-86.476 Z-3.000 F400.000
G1 X-21.579 Y-86.536 Z-3.000 F400.000
G1 X-21.579 Y-89.427 Z-3.000 F400.000
G1 X-21.590 Y-89.536 Z-3.000 F400.000
G1 X-21.599 Y-89.565 Z-3.000 F400.000
G1 X-21.613 Y-89.591 Z-3.000 F400.000
G1 X-21.632 Y-89.615 Z-3.000 F400.000
G1 X-21.656 Y-89.634 Z-3.000 F400.000
G1 X-21.682 Y-89.649 Z-3.000 F400.000
G1 X-21.711 Y-89.657 Z-3.000 F400.000
G1 X-21.820 Y-89.668 Z-3.000 F400.000
G1 X-23.225 Y-89.668 Z-3.000 F400.000
G1 X-23.432 Y-89.682 Z-3.000 F400.000
G1 X-23.691 Y-89.716 Z-3.000 F400.000
G1 X-24.091 Y-89.823 Z-3.000 F400.000
G1 X-24.333 Y-89.923 Z-3.000 F400.000
G1 X-24.691 Y-90.130 Z-3.000 F400.000
G1 X-24.899 Y-90.289 Z-3.000 F400.000
G1 X-25.192 Y-90.582 Z-3.000 F400.000
G1 X-25.350 Y-90.789 Z-3.000 F400.000
G1 X-25.558 Y-91.148 Z-3.000 F400.000
G1 X-25.658 Y-91.389 Z-3.000 F400.000
G1 X-25.765 Y-91.789 Z-3.000 F400.000
G1 X-25.799 Y-92.048 Z-3.000 F400.000
G1 X-25.812 Y-92.255 Z-3.000 F400.000
G1 X-25.812 Y-114.918 Z-3.000 F400.000
G1 X-25.800 Y-115.195 Z-3.000 F400.000
G1 X-25.750 Y-115.555 Z-3.000 F400.000
G1 X-25.661 Y-115.908 Z-3.000 F400.000
G1 X-25.534 Y-116.249 Z-3.000 F400.000
G1 X-21.613 Y-124.664 Z-3.000 F400.000
G1 X-21.590 Y-124.721 Z-3.000 F400.000
G1 X-21.585 Y-124.737 Z-3.000 F400.000
G1 X-21.582 Y-124.755 Z-3.000 F400.000
G1 X-21.579 Y-124.815 Z-3.000 F400.000
G1 X-21.579 Y-127.706 Z-3.000 F400.000
G1 X-21.590 Y-127.815 Z-3.000 F400.000
G1 X-21.599 Y-127.844 Z-3.000 F400.000
G1 X-21.613 Y-127.870 Z-3.000 F400.000
G1 X-21.632 Y-127.894 Z-3.000 F400.000
G1 X-21.656 Y-127.913 Z-3.000 F400.000
G1 X-21.682 Y-127.928 Z-3.000 F400.000
G1 X-21.711 Y-127.936 Z-3.000 F400.000
G1 X-21.820 Y-127.947 Z-3.000 F400.000
G1 X-23.225 Y-127.947 Z-3.000 F400.000
G1 X-23.432 Y-127.961 Z-3.000 F400.000
G1 X-23.691 Y-127.995 Z-3.000 F400.000
G1 X-24.091 Y-128.102 Z-3.000 F400.000
G1 X-24.333 Y-128.202 Z-3.000 F400.000
G1 X-24.691 Y-128.409 Z-3.000 F400.000
G1 X-24.899 Y-128.568 Z-3.000 F400.000
G1 X-25.192 Y-128.861 Z-3.000 F400.000
G1 X-25.350 Y-129.068 Z-3.000 F400.000
G1 X-25.558 Y-129.427 Z-3.000 F400.000
G1 X-25.658 Y-129.668 Z-3.000 F400.000
G1 X-25.765 Y-130.068 Z-3.000 F400.000
G1 X-25.799 Y-130.327 Z-3.000 F400.000
G1 X-25.812 Y-130.534 Z-3.000 F400.000
G1 X-25.812 Y-153.197 Z-3.000 F400.000
G1 X-25.800 Y-153.474 Z-3.000 F400.000
G1 X-25.750 Y-153.834 Z-3.000 F400.000
G1 X-25.661 Y-154.187 Z-3.000 F400.000
G1 X-25.534 Y-154.528 Z-3.000 F400.000
G1 X-21.613 Y-162.943 Z-3.000 F400.000
G1 X-21.590 Y-163.000 Z-3.000 F400.000
G1 X-21.585 Y-163.016 Z-3.000 F400.000
G1 X-21.582 Y-163.034 Z-3.000 F400.000
G1 X-21.579 Y-163.094 Z-3.000 F400.000
G1 X-21.579 Y-165.986 Z-3.000 F400.000
G1 X-21.590 Y-166.094 Z-3.000 F400.000
G1 X-21.599 Y-166.123 Z-3.000 F400.000
G1 X-21.613 Y-166.150 Z-3.000 F400.000
G1 X-21.632 Y-166.173 Z-3.000 F400.000
G1 X-21.656 Y-166.192 Z-3.000 F400.000
G1 X-21.682 Y-166.207 Z-3.000 F400.000
G1 X-21.711 Y-166.215 Z-3.000 F400.000
G1 X-21.820 Y-166.226 Z-3.000 F400.000
G1 X-23.225 Y-166.226 Z-3.000 F400.000
G1 X-23.432 Y-166.240 Z-3.000 F400.000
G1 X-23.691 Y-166.274 Z-3.000 F400.000
G1 X-24.091 Y-166.381 Z-3.000 F400.000
G1 X-24.333 Y-166.481 Z-3.000 F400.000
G1 X-24.691 Y-166.688 Z-3.000 F400.000
G1 X-24.899 Y-166.847 Z-3.000 F400.000
G1 X-25.192 Y-167.140 Z-3.000 F400.000
G1 X-25.350 Y-167.347 Z-3.000 F400.000
G1 X-25.558 Y-167.706 Z-3.000 F400.000
G1 X-25.658 Y-167.947 Z-3.000 F400.000
G1 X-25.765 Y-168.347 Z-3.000 F400.000
G1 X-25.799 Y-168.606 Z-3.000 F400.000
G1 X-25.812 Y-168.813 Z-3.000 F400.000
G1 X-25.812 Y-191.476 Z-3.000 F400.000
G1 X-25.800 Y-191.753 Z-3.000 F400.000
G1 X-25.750 Y-192.113 Z-3.000 F400.000
G1 X-25.661 Y-192.466 Z-3.000 F400.000
G1 X-25.534 Y-192.807 Z-3.000 F400.000
G1 X-21.613 Y-201.222 Z-3.000 F400.000
G1 X-21.590 Y-201.279 Z-3.000 F400.000
G1 X-21.585 Y-201.295 Z-3.000 F400.000
G1 X-21.582 Y-201.313 Z-3.000 F400.000
G1 X-21.579 Y-201.373 Z-3.000 F400.000
G1 X-21.579 Y-204.265 Z-3.000 F400.000
G1 X-21.590 Y-204.373 Z-3.000 F400.000
G1 X-21.599 Y-204.402 Z-3.000 F400.000
G1 X-21.613 Y-204.429 Z-3.000 F400.000
G1 X-21.632 Y-204.452 Z-3.000 F400.000
G1 X-21.656 Y-204.471 Z-3.000 F400.000
G1 X-21.682 Y-204.486 Z-3.000 F400.000
G1 X-21.711 Y-204.494 Z-3.000 F400.000
G1 X-21.820 Y-204.505 Z-3.000 F400.000
G1 X-23.225 Y-204.505 Z-3.000 F400.000
G1 X-23.432 Y-204.519 Z-3.000 F400.000
G1 X-23.691 Y-204.553 Z-3.000 F400.000
G1 X-24.091 Y-204.660 Z-3.000 F400.000
G1 X-24.333 Y-204.760 Z-3.000 F400.000
G1 X-24.691 Y-204.967 Z-3.000 F400.000
G1 X-24.899 Y-205.126 Z-3.000 F400.000
G1 X-25.192 Y-205.419 Z-3.000 F400.000
G1 X-25.350 Y-205.626 Z-3.000 F400.000
G1 X-25.558 Y-205.985 Z-3.000 F400.000
G1 X-25.658 Y-206.226 Z-3.000 F400.000
G1 X-25.765 Y-206.626 Z-3.000 F400.000
G1 X-25.799 Y-206.885 Z-3.000 F400.000
G1 X-25.812 Y-207.093 Z-3.000 F400.000
G1 X-25.812 Y-227.500 Z-3.000 F400.000
G0 Z5.000
G0 X-25.812 Y-2.500
G0 Z3.000
G1 X-25.812 Y-2.500 Z-3.200 F250.000
G1 X-25.812 Y-21.017 Z-3.200 F400.000
G1 X-25.771 Y-21.514 Z-3.200 F400.000
G1 X-25.711 Y-21.819 Z-3.200 F400.000
G1 X-25.611 Y-22.148 Z-3.200 F400.000
G1 X-25.492 Y-22.435 Z-3.200 F400.000
G1 X-25.330 Y-22.738 Z-3.200 F400.000
G1 X-25.157 Y-22.996 Z-3.200 F400.000
G1 X-24.940 Y-23.262 Z-3.200 F400.000
G1 X-24.720 Y-23.482 Z-3.200 F400.000
G1 X-24.454 Y-23.699 Z-3.200 F400.000
G1 X-24.196 Y-23.872 Z-3.200 F400.000
G1 X-23.893 Y-24.034 Z-3.200 F400.000
G1 X-23.606 Y-24.153 Z-3.200 F400.000
G1 X-23.277 Y-24.253 Z-3.200 F400.000
G1 X-22.972 Y-24.313 Z-3.200 F400.000
G1 X-22.631 Y-24.347 Z-3.200 F400.000
G1 X-19.705 Y-24.354 Z-3.200 F400.000
G1 X-19.595 Y-24.365 Z-3.200 F400.000
G1 X-19.566 Y-24.374 Z-3.200 F400.000
G1 X-19.539 Y-24.388 Z-3.200 F400.000
G1 X-19.516 Y-24.408 Z-3.200 F400.000
G1 X-19.496 Y-24.431 Z-3.200 F400.000
G1 X-19.482 Y-24.458 Z-3.200 F400.000
G1 X-19.473 Y-24.487 Z-3.200 F400.000
G1 X-19.462 Y-24.595 Z-3.200 F400.000
G1 X-19.463 Y-26.302 Z-3.200 F400.000
G1 X-19.473 Y-26.410 Z-3.200 F400.000
G1 X-19.482 Y-26.439 Z-3.200 F400.000
G1 X-19.496 Y-26.466 Z-3.200 F400.000
G1 X-19.516 Y-26.489 Z-3.200 F400.000
G1 X-19.539 Y-26.508 Z-3.200 F400.000
G1 X-19.566 Y-26.523 Z-3.200 F400.000
G1 X-19.595 Y-26.531 Z-3.200 F400.000
G1 X-19.703 Y-26.542 Z-3.200 F400.000
G1 X-22.475 Y-26.542 Z-3.200 F400.000
G1 X-22.972 Y-26.583 Z-3.200 F400.000
G1 X-23.277 Y-26.644 Z-3.200 F400.000
G1 X-23.606 Y-26.744 Z-3.200 F400.000
G1 X-23.893 Y-26.863 Z-3.200 F400.000
G1 X-24.196 Y-27.024 Z-3.200 F400.000
G1 X-24.454 Y-27.197 Z-3.200 F400.000
G1 X-24.720 Y-27.415 Z-3.200 F400.000
G1 X-24.940 Y-27.635 Z-3.200 F400.000
G1 X-25.157 Y-27.900 Z-3.200 F400.000
G1 X-25.330 Y-28.159 Z-3.200 F400.000
G1 X-25.492 Y-28.462 Z-3.200 F400.000
G1 X-25.611 Y-28.749 Z-3.200 F400.000
G1 X-25.711 Y-29.077 Z-3.200 F400.000
G1 X-25.771 Y-29.383 Z-3.200 F400.000
G1 X-25.805 Y-29.724 Z-3.200 F400.000
G1 X-25.812 Y-38.360 Z-3.200 F400.000
G1 X-25.800 Y-38.637 Z-3.200 F400.000
G1 X-25.750 Y-38.997 Z-3.200 F400.000
G1 X-25.661 Y-39.350 Z-3.200 F400.000
G1 X-25.534 Y-39.691 Z-3.200 F400.000
G1 X-21.613 Y-48.106 Z-3.200 F400.000
G1 X-21.590 Y-48.162 Z-3.200 F400.000
G1 X-21.585 Y-48.179 Z-3.200 F400.000
G1 X-21.582 Y-48.197 Z-3.200 F400.000
G1 X-21.579 Y-48.257 Z-3.200 F400.000
G1 X-21.579 Y-51.148 Z-3.200 F400.000
G1 X-21.590 Y-51.257 Z-3.200 F400.000
G1 X-21.599 Y-51.286 Z-3.200 F400.000
G1 X-21.613 Y-51.312 Z-3.200 F400.000
G1 X-21.632 Y-51.336 Z-3.200 F400.000
G1 X-21.656 Y-51.355 Z-3.200 F400.000
G1 X-21.682 Y-51.369 Z-3.200 F400.000
G1 X-21.711 Y-51.378 Z-3.200 F400.000
G1 X-21.820 Y-51.389 Z-3.200 F400.000
G1 X-23.225 Y-51.389 Z-3.200 F400.000
G1 X-23.432 Y-51.403 Z-3.200 F400.000
G1 X-23.691 Y-51.437 Z-3.200 F400.000
G1 X-24.091 Y-51.544 Z-3.200 F400.000
G1 X-24.333 Y-51.644 Z-3.200 F400.000
G1 X-24.691 Y-51.851 Z-3.200 F400.000
G1 X-24.899 Y-52.010 Z-3.200 F400.000
G1 X-25.192 Y-52.303 Z-3.200 F400.000
G1 X-25.350 Y-52.510 Z-3.200 F400.000
G1 X-25.558 Y-52.869 Z-3.200 F400.000
G1 X-25.658 Y-53.110 Z-3.200 F400.000
G1 X-25.765 Y-53.510 Z-3.200 F400.000
G1 X-25.799 Y-53.769 Z-3.200 F400.000
G1 X-25.812 Y-53.976 Z-3.200 F400.000
G1 X-25.812 Y-76.639 Z-3.200 F400.000
G1 X-25.800 Y-76.916 Z-3.200 F400.000
G1 X-25.750 Y-77.276 Z-3.200 F400.000
G1 X-25.661 Y-77.629 Z-3.200 F400.000
G1 X-25.534 Y-77.970 Z-3.200 F400.000
G1 X-21.613 Y-86.385 Z-3.200 F400.000
G1 X-21.590 Y-86.441 Z-3.200 F400.000
G1 X-21.585 Y-86.458 Z-3.200 F400.000
G1 X-21.582 Y-86.476 Z-3.200 F400.000
G1 X-21.579 Y-86.536 Z-3.200 F400.000
G1 X-21.579 Y-89.427 Z-3.200 F400.000
G1 X-21.590 Y-89.536 Z-3.200 F400.000
G1 X-21.599 Y-89.565 Z-3.200 F400.000
G1 X-21.613 Y-89.591 Z-3.200 F400.000
G1 X-21.632 Y-89.615 Z-3.200 F400.000
G1 X-21.656 Y-89.634 Z-3.200 F400.000
G1 X-21.682 Y-89.649 Z-3.200 F400.000
G1 X-21.711 Y-89.657 Z-3.200 F400.000
G1 X-21.820 Y-89.668 Z-3.200 F400.000
G1 X-23.225 Y-89.668 Z-3.200 F400.000
G1 X-23.432 Y-89.682 Z-3.200 F400.000
G1 X-23.691 Y-89.716 Z-3.200 F400.000
G1 X-24.091 Y-89.823 Z-3.200 F400.000
G1 X-24.333 Y-89.923 Z-3.200 F400.000
G1 X-24.691 Y-90.130 Z-3.200 F400.000
G1 X-24.899 Y-90.289 Z-3.200 F400.000
G1 X-25.192 Y-90.582 Z-3.200 F400.000
G1 X-25.350 Y-90.789 Z-3.200 F400.000
G1 X-25.558 Y-91.148 Z-3.200 F400.000
G1 X-25.658 Y-91.389 Z-3.200 F400.000
G1 X-25.765 Y-91.789 Z-3.200 F400.000
G1 X-25.799 Y-92.048 Z-3.200 F400.000
G1 X-25.812 Y-92.255 Z-3.200 F400.000
G1 X-25.812 Y-114.918 Z-3.200 F400.000
G1 X-25.800 Y-115.195 Z-3.200 F400.000
G1 X-25.750 Y-115.555 Z-3.200 F400.000
G1 X-25.661 Y-115.908 Z-3.200 F400.000
G1 X-25.534 Y-116.249 Z-3.200 F400.000
G1 X-21.613 Y-124.664 Z-3.200 F400.000
G1 X-21.590 Y-124.721 Z-3.200 F400.000
G1 X-21.585 Y-124.737 Z-3.200 F400.000
G1 X-21.582 Y-124.755 Z-3.200 F400.000
G1 X-21.579 Y-124.815 Z-3.200 F400.000
G1 X-21.579 Y-127.706 Z-3.200 F400.000
G1 X-21.590 Y-127.815 Z-3.200 F400.000
G1 X-21.599 Y-127.844 Z-3.200 F400.000
G1 X-21.613 Y-127.870 Z-3.200 F400.000
G1 X-21.632 Y-127.894 Z-3.200 F400.000
G1 X-21.656 Y-127.913 Z-3.200 F400.000
G1 X-21.682 Y-127.928 Z-3.200 F400.000
G1 X-21.711 Y-127.936 Z-3.200 F400.000
G1 X-21.820 Y-127.947 Z-3.200 F400.000
G1 X-23.225 Y-127.947 Z-3.200 F400.000
G1 X-23.432 Y-127.961 Z-3.200 F400.000
G1 X-23.691 Y-127.995 Z-3.200 F400.000
G1 X-24.091 Y-128.102 Z-3.200 F400.000
G1 X-24.333 Y-128.202 Z-3.200 F400.000
G1 X-24.691 Y-128.409 Z-3.200 F400.000
G1 X-24.899 Y-128.568 Z-3.200 F400.000
G1 X-25.192 Y-128.861 Z-3.200 F400.000
G1 X-25.350 Y-129.068 Z-3.200 F400.000
G1 X-25.558 Y-129.427 Z-3.200 F400.000
G1 X-25.658 Y-129.668 Z-3.200 F400.000
G1 X-25.765 Y-130.068 Z-3.200 F400.000
G1 X-25.799 Y-130.327 Z-3.200 F400.000
G1 X-25.812 Y-130.534 Z-3.200 F400.000
G1 X-25.812 Y-153.197 Z-3.200 F400.000
G1 X-25.800 Y-153.474 Z-3.200 F400.000
G1 X-25.750 Y-153.834 Z-3.200 F400.000
G1 X-25.661 Y-154.187 Z-3.200 F400.000
G1 X-25.534 Y-154.528 Z-3.200 F400.000
G1 X-21.613 Y-162.943 Z-3.200 F400.000
G1 X-21.590 Y-163.000 Z-3.200 F400.000
G1 X-21.585 Y-163.016 Z-3.200 F400.000
G1 X-21.582 Y-163.034 Z-3.200 F400.000
G1 X-21.579 Y-163.094 Z-3.200 F400.000
G1 X-21.579 Y-165.986 Z-3.200 F400.000
G1 X-21.590 Y-166.094 Z-3.200 F400.000
G1 X-21.599 Y-166.123 Z-3.200 F400.000
G1 X-21.613 Y-166.150 Z-3.200 F400.000
G1 X-21.632 Y-166.173 Z-3.200 F400.000
G1 X-21.656 Y-166.192 Z-3.200 F400.000
G1 X-21.682 Y-166.207 Z-3.200 F400.000
G1 X-21.711 Y-166.215 Z-3.200 F400.000
G1 X-21.820 Y-166.226 Z-3.200 F400.000
G1 X-23.225 Y-166.226 Z-3.200 F400.000
G1 X-23.432 Y-166.240 Z-3.200 F400.000
G1 X-23.691 Y-166.274 Z-3.200 F400.000
G1 X-24.091 Y-166.381 Z-3.200 F400.000
G1 X-24.333 Y-166.481 Z-3.200 F400.000
G1 X-24.691 Y-166.688 Z-3.200 F400.000
G1 X-24.899 Y-166.847 Z-3.200 F400.000
G1 X-25.192 Y-167.140 Z-3.200 F400.000
G1 X-25.350 Y-167.347 Z-3.200 F400.000
G1 X-25.558 Y-167.706 Z-3.200 F400.000
G1 X-25.658 Y-167.947 Z-3.200 F400.000
G1 X-25.765 Y-168.347 Z-3.200 F400.000
G1 X-25.799 Y-168.606 Z-3.200 F400.000
G1 X-25.812 Y-168.813 Z-3.200 F400.000
G1 X-25.812 Y-191.476 Z-3.200 F400.000
G1 X-25.800 Y-191.753 Z-3.200 F400.000
G1 X-25.750 Y-192.113 Z-3.200 F400.000
G1 X-25.661 Y-192.466 Z-3.200 F400.000
G1 X-25.534 Y-192.807 Z-3.200 F400.000
G1 X-21.613 Y-201.222 Z-3.200 F400.000
G1 X-21.590 Y-201.279 Z-3.200 F400.000
G1 X-21.585 Y-201.295 Z-3.200 F400.000
G1 X-21.582 Y-201.313 Z-3.200 F400.000
G1 X-21.579 Y-201.373 Z-3.200 F400.000
G1 X-21.579 Y-204.265 Z-3.200 F400.000
G1 X-21.590 Y-204.373 Z-3.200 F400.000
G1 X-21.599 Y-204.402 Z-3.200 F400.000
G1 X-21.613 Y-204.429 Z-3.200 F400.000
G1 X-21.632 Y-204.452 Z-3.200 F400.000
G1 X-21.656 Y-204.471 Z-3.200 F400.000
G1 X-21.682 Y-204.486 Z-3.200 F400.000
G1 X-21.711 Y-204.494 Z-3.200 F400.000
G1 X-21.820 Y-204.505 Z-3.200 F400.000
G1 X-23.225 Y-204.505 Z-3.200 F400.000
G1 X-23.432 Y-204.519 Z-3.200 F400.000
G1 X-23.691 Y-204.553 Z-3.200 F400.000
G1 X-24.091 Y-204.660 Z-3.200 F400.000
G1 X-24.333 Y-204.760 Z-3.200 F400.000
G1 X-24.691 Y-204.967 Z-3.200 F400.000
G1 X-24.899 Y-205.126 Z-3.200 F400.000
G1 X-25.192 Y-205.419 Z-3.200 F400.000
G1 X-25.350 Y-205.626 Z-3.200 F400.000
G1 X-25.558 Y-205.985 Z-3.200 F400.000
G1 X-25.658 Y-206.226 Z-3.200 F400.000
G1 X-25.765 Y-206.626 Z-3.200 F400.000
G1 X-25.799 Y-206.885 Z-3.200 F400.000
G1 X-25.812 Y-207.093 Z-3.200 F400.000
G1 X-25.812 Y-227.500 Z-3.200 F400.000
G0 Z5.000
G0 X-25.812 Y-2.500
G0 Z3.000
G1 X-25.812 Y-2.500 Z-3.400 F250.000
G1 X-25.812 Y-21.017 Z-3.400 F400.000
G1 X-25.771 Y-21.514 Z-3.400 F400.000
G1 X-25.711 Y-21.819 Z-3.400 F400.000
G1 X-25.611 Y-22.148 Z-3.400 F400.000
G1 X-25.492 Y-22.435 Z-3.400 F400.000
G1 X-25.330 Y-22.738 Z-3.400 F400.000
G1 X-25.157 Y-22.996 Z-3.400 F400.000
G1 X-24.940 Y-23.262 Z-3.400 F400.000
G1 X-24.720 Y-23.482 Z-3.400 F400.000
G1 X-24.454 Y-23.699 Z-3.400 F400.000
G1 X-24.196 Y-23.872 Z-3.400 F400.000
G1 X-23.893 Y-24.034 Z-3.400 F400.000
G1 X-23.606 Y-24.153 Z-3.400 F400.000
G1 X-23.277 Y-24.253 Z-3.400 F400.000
G1 X-22.972 Y-24.313 Z-3.400 F400.000
G1 X-22.631 Y-24.347 Z-3.400 F400.000
G1 X-19.705 Y-24.354 Z-3.400 F400.000
G1 X-19.595 Y-24.365 Z-3.400 F400.000
G1 X-19.566 Y-24.374 Z-3.400 F400.000
G1 X-19.539 Y-24.388 Z-3.400 F400.000
G1 X-19.516 Y-24.408 Z-3.400 F400.000
G1 X-19.496 Y-24.431 Z-3.400 F400.000
G1 X-19.482 Y-24.458 Z-3.400 F400.000
G1 X-19.473 Y-24.487 Z-3.400 F400.000
G1 X-19.462 Y-24.595 Z-3.400 F400.000
G1 X-19.463 Y-26.302 Z-3.400 F400.000
G1 X-19.473 Y-26.410 Z-3.400 F400.000
G1 X-19.482 Y-26.439 Z-3.400 F400.000
G1 X-19.496 Y-26.466 Z-3.400 F400.000
G1 X-19.516 Y-26.489 Z-3.400 F400.000
G1 X-19.539 Y-26.508 Z-3.400 F400.000
G1 X-19.566 Y-26.523 Z-3.400 F400.000
G1 X-19.595 Y-26.531 Z-3.400 F400.000
G1 X-19.703 Y-26.542 Z-3.400 F400.000
G1 X-22.475 Y-26.542 Z-3.400 F400.000
G1 X-22.972 Y-26.583 Z-3.400 F400.000
G1 X-23.277 Y-26.644 Z-3.400 F400.000
G1 X-23.606 Y-26.744 Z-3.400 F400.000
G1 X-23.893 Y-26.863 Z-3.400 F400.000
G1 X-24.196 Y-27.024 Z-3.400 F400.000
G1 X-24.454 Y-27.197 Z-3.400 F400.000
G1 X-24.720 Y-27.415 Z-3.400 F400.000
G1 X-24.940 Y-27.635 Z-3.400 F400.000
G1 X-25.157 Y-27.900 Z-3.400 F400.000
G1 X-25.330 Y-28.159 Z-3.400 F400.000
G1 X-25.492 Y-28.462 Z-3.400 F400.000
G1 X-25.611 Y-28.749 Z-3.400 F400.000
G1 X-25.711 Y-29.077 Z-3.400 F400.000
G1 X-25.771 Y-29.383 Z-3.400 F400.000
G1 X-25.805 Y-29.724 Z-3.400 F400.000
G1 X-25.812 Y-38.360 Z-3.400 F400.000
G1 X-25.800 Y-38.637 Z-3.400 F400.000
G1 X-25.750 Y-38.997 Z-3.400 F400.000
G1 X-25.661 Y-39.350 Z-3.400 F400.000
G1 X-25.534 Y-39.691 Z-3.400 F400.000
G1 X-21.613 Y-48.106 Z-3.400 F400.000
G1 X-21.590 Y-48.162 Z-3.400 F400.000
G1 X-21.585 Y-48.179 Z-3.400 F400.000
G1 X-21.582 Y-48.197 Z-3.400 F400.000
G1 X-21.579 Y-48.257 Z-3.400 F400.000
G1 X-21.579 Y-51.148 Z-3.400 F400.000
G1 X-21.590 Y-51.257 Z-3.400 F400.000
G1 X-21.599 Y-51.286 Z-3.400 F400.000
G1 X-21.613 Y-51.312 Z-3.400 F400.000
G1 X-21.632 Y-51.336 Z-3.400 F400.000
G1 X-21.656 Y-51.355 Z-3.400 F400.000
G1 X-21.682 Y-51.369 Z-3.400 F400.000
G1 X-21.711 Y-51.378 Z-3.400 F400.000
G1 X-21.820 Y-51.389 Z-3.400 F400.000
G1 X-23.225 Y-51.389 Z-3.400 F400.000
G1 X-23.432 Y-51.403 Z-3.400 F400.000
G1 X-23.691 Y-51.437 Z-3.400 F400.000
G1 X-24.091 Y-51.544 Z-3.400 F400.000
G1 X-24.333 Y-51.644 Z-3.400 F400.000
G1 X-24.691 Y-51.851 Z-3.400 F400.000
G1 X-24.899 Y-52.010 Z-3.400 F400.000
G1 X-25.192 Y-52.303 Z-3.400 F400.000
G1 X-25.350 Y-52.510 Z-3.400 F400.000
G1 X-25.558 Y-52.869 Z-3.400 F400.000
G1 X-25.658 Y-53.110 Z-3.400 F400.000
G1 X-25.765 Y-53.510 Z-3.400 F400.000
G1 X-25.799 Y-53.769 Z-3.400 F400.000
G1 X-25.812 Y-53.976 Z-3.400 F400.000
G1 X-25.812 Y-76.639 Z-3.400 F400.000
G1 X-25.800 Y-76.916 Z-3.400 F400.000
G1 X-25.750 Y-77.276 Z-3.400 F400.000
G1 X-25.661 Y-77.629 Z-3.400 F400.000
G1 X-25.534 Y-77.970 Z-3.400 F400.000
G1 X-21.613 Y-86.385 Z-3.400 F400.000
G1 X-21.590 Y-86.441 Z-3.400 F400.000
G1 X-21.585 Y-86.458 Z-3.400 F400.000
G1 X-21.582 Y-86.476 Z-3.400 F400.000
G1 X-21.579 Y-86.536 Z-3.400 F400.000
G1 X-21.579 Y-89.427 Z-3.400 F400.000
G1 X-21.590 Y-89.536 Z-3.400 F400.000
G1 X-21.599 Y-89.565 Z-3.400 F400.000
G1 X-21.613 Y-89.591 Z-3.400 F400.000
G1 X-21.632 Y-89.615 Z-3.400 F400.000
G1 X-21.656 Y-89.634 Z-3.400 F400.000
G1 X-21.682 Y-89.649 Z-3.400 F400.000
G1 X-21.711 Y-89.657 Z-3.400 F400.000
G1 X-21.820 Y-89.668 Z-3.400 F400.000
G1 X-23.225 Y-89.668 Z-3.400 F400.000
G1 X-23.432 Y-89.682 Z-3.400 F400.000
G1 X-23.691 Y-89.716 Z-3.400 F400.000
G1 X-24.091 Y-89.823 Z-3.400 F400.000
G1 X-24.333 Y-89.923 Z-3.400 F400.000
G1 X-24.691 Y-90.130 Z-3.400 F400.000
G1 X-24.899 Y-90.289 Z-3.400 F400.000
G1 X-25.192 Y-90.582 Z-3.400 F400.000
G1 X-25.350 Y-90.789 Z-3.400 F400.000
G1 X-25.558 Y-91.148 Z-3.400 F400.000
G1 X-25.658 Y-91.389 Z-3.400 F400.000
G1 X-25.765 Y-91.789 Z-3.400 F400.000
G1 X-25.799 Y-92.048 Z-3.400 F400.000
G1 X-25.812 Y-92.255 Z-3.400 F400.000
G1 X-25.812 Y-114.918 Z-3.400 F400.000
G1 X-25.800 Y-115.195 Z-3.400 F400.000
G1 X-25.750 Y-115.555 Z-3.400 F400.000
G1 X-25.661 Y-115.908 Z-3.400 F400.000
G1 X-25.534 Y-116.249 Z-3.400 F400.000
G1 X-21.613 Y-124.664 Z-3.400 F400.000
G1 X-21.590 Y-124.721 Z-3.400 F400.000
G1 X-21.585 Y-124.737 Z-3.400 F400.000
G1 X-21.582 Y-124.755 Z-3.400 F400.000
G1 X-21.579 Y-124.815 Z-3.400 F400.000
G1 X-21.579 Y-127.706 Z-3.400 F400.000
G1 X-21.590 Y-127.815 Z-3.400 F400.000
G1 X-21.599 Y-127.844 Z-3.400 F400.000
G1 X-21.613 Y-127.870 Z-3.400 F400.000
G1 X-21.632 Y-127.894 Z-3.400 F400.000
G1 X-21.656 Y-127.913 Z-3.400 F400.000
G1 X-21.682 Y-127.928 Z-3.400 F400.000
G1 X-21.711 Y-127.936 Z-3.400 F400.000
G1 X-21.820 Y-127.947 Z-3.400 F400.000
G1 X-23.225 Y-127.947 Z-3.400 F400.000
G1 X-23.432 Y-127.961 Z-3.400 F400.000
G1 X-23.691 Y-127.995 Z-3.400 F400.000
G1 X-24.091 Y-128.102 Z-3.400 F400.000
G1 X-24.333 Y-128.202 Z-3.400 F400.000
G1 X-24.691 Y-128.409 Z-3.400 F400.000
G1 X-24.899 Y-128.568 Z-3.400 F400.000
G1 X-25.192 Y-128.861 Z-3.400 F400.000
G1 X-25.350 Y-129.068 Z-3.400 F400.000
G1 X-25.558 Y-129.427 Z-3.400 F400.000
G1 X-25.658 Y-129.668 Z-3.400 F400.000
G1 X-25.765 Y-130.068 Z-3.400 F400.000
G1 X-25.799 Y-130.327 Z-3.400 F400.000
G1 X-25.812 Y-130.534 Z-3.400 F400.000
G1 X-25.812 Y-153.197 Z-3.400 F400.000
G1 X-25.800 Y-153.474 Z-3.400 F400.000
G1 X-25.750 Y-153.834 Z-3.400 F400.000
G1 X-25.661 Y-154.187 Z-3.400 F400.000
G1 X-25.534 Y-154.528 Z-3.400 F400.000
G1 X-21.613 Y-162.943 Z-3.400 F400.000
G1 X-21.590 Y-163.000 Z-3.400 F400.000
G1 X-21.585 Y-163.016 Z-3.400 F400.000
G1 X-21.582 Y-163.034 Z-3.400 F400.000
G1 X-21.579 Y-163.094 Z-3.400 F400.000
G1 X-21.579 Y-165.986 Z-3.400 F400.000
G1 X-21.590 Y-166.094 Z-3.400 F400.000
G1 X-21.599 Y-166.123 Z-3.400 F400.000
G1 X-21.613 Y-166.150 Z-3.400 F400.000
G1 X-21.632 Y-166.173 Z-3.400 F400.000
G1 X-21.656 Y-166.192 Z-3.400 F400.000
G1 X-21.682 Y-166.207 Z-3.400 F400.000
G1 X-21.711 Y-166.215 Z-3.400 F400.000
G1 X-21.820 Y-166.226 Z-3.400 F400.000
G1 X-23.225 Y-166.226 Z-3.400 F400.000
G1 X-23.432 Y-166.240 Z-3.400 F400.000
G1 X-23.691 Y-166.274 Z-3.400 F400.000
G1 X-24.091 Y-166.381 Z-3.400 F400.000
G1 X-24.333 Y-166.481 Z-3.400 F400.000
G1 X-24.691 Y-166.688 Z-3.400 F400.000
G1 X-24.899 Y-166.847 Z-3.400 F400.000
G1 X-25.192 Y-167.140 Z-3.400 F400.000
G1 X-25.350 Y-167.347 Z-3.400 F400.000
G1 X-25.558 Y-167.706 Z-3.400 F400.000
G1 X-25.658 Y-167.947 Z-3.400 F400.000
G1 X-25.765 Y-168.347 Z-3.400 F400.000
G1 X-25.799 Y-168.606 Z-3.400 F400.000
G1 X-25.812 Y-168.813 Z-3.400 F400.000
G1 X-25.812 Y-191.476 Z-3.400 F400.000
G1 X-25.800 Y-191.753 Z-3.400 F400.000
G1 X-25.750 Y-192.113 Z-3.400 F400.000
G1 X-25.661 Y-192.466 Z-3.400 F400.000
G1 X-25.534 Y-192.807 Z-3.400 F400.000
G1 X-21.613 Y-201.222 Z-3.400 F400.000
G1 X-21.590 Y-201.279 Z-3.400 F400.000
G1 X-21.585 Y-201.295 Z-3.400 F400.000
G1 X-21.582 Y-201.313 Z-3.400 F400.000
G1 X-21.579 Y-201.373 Z-3.400 F400.000
G1 X-21.579 Y-204.265 Z-3.400 F400.000
G1 X-21.590 Y-204.373 Z-3.400 F400.000
G1 X-21.599 Y-204.402 Z-3.400 F400.000
G1 X-21.613 Y-204.429 Z-3.400 F400.000
G1 X-21.632 Y-204.452 Z-3.400 F400.000
G1 X-21.656 Y-204.471 Z-3.400 F400.000
G1 X-21.682 Y-204.486 Z-3.400 F400.000
G1 X-21.711 Y-204.494 Z-3.400 F400.000
G1 X-21.820 Y-204.505 Z-3.400 F400.000
G1 X-23.225 Y-204.505 Z-3.400 F400.000
G1 X-23.432 Y-204.519 Z-3.400 F400.000
G1 X-23.691 Y-204.553 Z-3.400 F400.000
G1 X-24.091 Y-204.660 Z-3.400 F400.000
G1 X-24.333 Y-204.760 Z-3.400 F400.000
G1 X-24.691 Y-204.967 Z-3.400 F400.000
G1 X-24.899 Y-205.126 Z-3.400 F400.000
G1 X-25.192 Y-205.419 Z-3.400 F400.000
G1 X-25.350 Y-205.626 Z-3.400 F400.000
G1 X-25.558 Y-205.985 Z-3.400 F400.000
G1 X-25.658 Y-206.226 Z-3.400 F400.000
G1 X-25.765 Y-206.626 Z-3.400 F400.000
G1 X-25.799 Y-206.885 Z-3.400 F400.000
G1 X-25.812 Y-207.093 Z-3.400 F400.000
G1 X-25.812 Y-227.500 Z-3.400 F400.000
G0 Z5.000
G0 X-25.812 Y-2.500
G0 Z3.000
G1 X-25.812 Y-2.500 Z-3.600 F250.000
G1 X-25.812 Y-21.017 Z-3.600 F400.000
G1 X-25.771 Y-21.514 Z-3.600 F400.000
G1 X-25.711 Y-21.819 Z-3.600 F400.000
G1 X-25.611 Y-22.148 Z-3.600 F400.000
G1 X-25.492 Y-22.435 Z-3.600 F400.000
G1 X-25.330 Y-22.738 Z-3.600 F400.000
G1 X-25.157 Y-22.996 Z-3.600 F400.000
G1 X-24.940 Y-23.262 Z-3.600 F400.000
G1 X-24.720 Y-23.482 Z-3.600 F400.000
G1 X-24.454 Y-23.699 Z-3.600 F400.000
G1 X-24.196 Y-23.872 Z-3.600 F400.000
G1 X-23.893 Y-24.034 Z-3.600 F400.000
G1 X-23.606 Y-24.153 Z-3.600 F400.000
G1 X-23.277 Y-24.253 Z-3.600 F400.000
G1 X-22.972 Y-24.313 Z-3.600 F400.000
G1 X-22.631 Y-24.347 Z-3.600 F400.000
G1 X-19.705 Y-24.354 Z-3.600 F400.000
G1 X-19.595 Y-24.365 Z-3.600 F400.000
G1 X-19.566 Y-24.374 Z-3.600 F400.000
G1 X-19.539 Y-24.388 Z-3.600 F400.000
G1 X-19.516 Y-24.408 Z-3.600 F400.000
G1 X-19.496 Y-24.431 Z-3.600 F400.000
G1 X-19.482 Y-24.458 Z-3.600 F400.000
G1 X-19.473 Y-24.487 Z-3.600 F400.000
G1 X-19.462 Y-24.595 Z-3.600 F400.000
G1 X-19.463 Y-26.302 Z-3.600 F400.000
G1 X-19.473 Y-26.410 Z-3.600 F400.000
G1 X-19.482 Y-26.439 Z-3.600 F400.000
G1 X-19.496 Y-26.466 Z-3.600 F400.000
G1 X-19.516 Y-26.489 Z-3.600 F400.000
G1 X-19.539 Y-26.508 Z-3.600 F400.000
G1 X-19.566 Y-26.523 Z-3.600 F400.000
G1 X-19.595 Y-26.531 Z-3.600 F400.000
G1 X-19.703 Y-26.542 Z-3.600 F400.000
G1 X-22.475 Y-26.542 Z-3.600 F400.000
G1 X-22.972 Y-26.583 Z-3.600 F400.000
G1 X-23.277 Y-26.644 Z-3.600 F400.000
G1 X-23.606 Y-26.744 Z-3.600 F400.000
G1 X-23.893 Y-26.863 Z-3.600 F400.000
G1 X-24.196 Y-27.024 Z-3.600 F400.000
G1 X-24.454 Y-27.197 Z-3.600 F400.000
G1 X-24.720 Y-27.415 Z-3.600 F400.000
G1 X-24.940 Y-27.635 Z-3.600 F400.000
G1 X-25.157 Y-27.900 Z-3.600 F400.000
G1 X-25.330 Y-28.159 Z-3.600 F400.000
G1 X-25.492 Y-28.462 Z-3.600 F400.000
G1 X-25.611 Y-28.749 Z-3.600 F400.000
G1 X-25.711 Y-29.077 Z-3.600 F400.000
G1 X-25.771 Y-29.383 Z-3.600 F400.000
G1 X-25.805 Y-29.724 Z-3.600 F400.000
G1 X-25.812 Y-38.360 Z-3.600 F400.000
G1 X-25.800 Y-38.637 Z-3.600 F400.000
G1 X-25.750 Y-38.997 Z-3.600 F400.000
G1 X-25.661 Y-39.350 Z-3.600 F400.000
G1 X-25.534 Y-39.691 Z-3.600 F400.000
G1 X-21.613 Y-48.106 Z-3.600 F400.000
G1 X-21.590 Y-48.162 Z-3.600 F400.000
G1 X-21.585 Y-48.179 Z-3.600 F400.000
G1 X-21.582 Y-48.197 Z-3.600 F400.000
G1 X-21.579 Y-48.257 Z-3.600 F400.000
G1 X-21.579 Y-51.148 Z-3.600 F400.000
G1 X-21.590 Y-51.257 Z-3.600 F400.000
G1 X-21.599 Y-51.286 Z-3.600 F400.000
G1 X-21.613 Y-51.312 Z-3.600 F400.000
G1 X-21.632 Y-51.336 Z-3.600 F400.000
G1 X-21.656 Y-51.355 Z-3.600 F400.000
G1 X-21.682 Y-51.369 Z-3.600 F400.000
G1 X-21.711 Y-51.378 Z-3.600 F400.000
G1 X-21.820 Y-51.389 Z-3.600 F400.000
G1 X-23.225 Y-51.389 Z-3.600 F400.000
G1 X-23.432 Y-51.403 Z-3.600 F400.000
G1 X-23.691 Y-51.437 Z-3.600 F400.000
G1 X-24.091 Y-51.544 Z-3.600 F400.000
G1 X-24.333 Y-51.644 Z-3.600 F400.000
G1 X-24.691 Y-51.851 Z-3.600 F400.000
G1 X-24.899 Y-52.010 Z-3.600 F400.000
G1 X-25.192 Y-52.303 Z-3.600 F400.000
G1 X-25.350 Y-52.510 Z-3.600 F400.000
G1 X-25.558 Y-52.869 Z-3.600 F400.000
G1 X-25.658 Y-53.110 Z-3.600 F400.000
G1 X-25.765 Y-53.510 Z-3.600 F400.000
G1 X-25.799 Y-53.769 Z-3.600 F400.000
G1 X-25.812 Y-53.976 Z-3.600 F400.000
G1 X-25.812 Y-76.639 Z-3.600 F400.000
G1 X-25.800 Y-76.916 Z-3.600 F400.000
G1 X-25.750 Y-77.276 Z-3.600 F400.000
G1 X-25.661 Y-77.629 Z-3.600 F400.000
G1 X-25.534 Y-77.970 Z-3.600 F400.000
G1 X-21.613 Y-86.385 Z-3.600 F400.000
G1 X-21.590 Y-86.441 Z-3.600 F400.000
G1 X-21.585 Y-86.458 Z-3.600 F400.000
G1 X-21.582 Y-86.476 Z-3.600 F400.000
G1 X-21.579 Y-86.536 Z-3.600 F400.000
G1 X-21.579 Y-89.427 Z-3.600 F400.000
G1 X-21.590 Y-89.536 Z-3.600 F400.000
G1 X-21.599 Y-89.565 Z-3.600 F400.000
G1 X-21.613 Y-89.591 Z-3.600 F400.000
G1 X-21.632 Y-89.615 Z-3.600 F400.000
G1 X-21.656 Y-89.634 Z-3.600 F400.000
G1 X-21.682 Y-89.649 Z-3.600 F400.000
G1 X-21.711 Y-89.657 Z-3.600 F400.000
G1 X-21.820 Y-89.668 Z-3.600 F400.000
G1 X-23.225 Y-89.668 Z-3.600 F400.000
G1 X-23.432 Y-89.682 Z-3.600 F400.000
G1 X-23.691 Y-89.716 Z-3.600 F400.000
G1 X-24.091 Y-89.823 Z-3.600 F400.000
G1 X-24.333 Y-89.923 Z-3.600 F400.000
G1 X-24.691 Y-90.130 Z-3.600 F400.000
G1 X-24.899 Y-90.289 Z-3.600 F400.000
G1 X-25.192 Y-90.582 Z-3.600 F400.000
G1 X-25.350 Y-90.789 Z-3.600 F400.000
G1 X-25.558 Y-91.148 Z-3.600 F400.000
G1 X-25.658 Y-91.389 Z-3.600 F400.000
G1 X-25.765 Y-91.789 Z-3.600 F400.000
G1 X-25.799 Y-92.048 Z-3.600 F400.000
G1 X-25.812 Y-92.255 Z-3.600 F400.000
G1 X-25.812 Y-114.918 Z-3.600 F400.000
G1 X-25.800 Y-115.195 Z-3.600 F400.000
G1 X-25.750 Y-115.555 Z-3.600 F400.000
G1 X-25.661 Y-115.908 Z-3.600 F400.000
G1 X-25.534 Y-116.249 Z-3.600 F400.000
G1 X-21.613 Y-124.664 Z-3.600 F400.000
G1 X-21.590 Y-124.721 Z-3.600 F400.000
G1 X-21.585 Y-124.737 Z-3.600 F400.000
G1 X-21.582 Y-124.755 Z-3.600 F400.000
G1 X-21.579 Y-124.815 Z-3.600 F400.000
G1 X-21.579 Y-127.706 Z-3.600 F400.000
G1 X-21.590 Y-127.815 Z-3.600 F400.000
G1 X-21.599 Y-127.844 Z-3.600 F400.000
G1 X-21.613 Y-127.870 Z-3.600 F400.000
G1 X-21.632 Y-127.894 Z-3.600 F400.000
G1 X-21.656 Y-127.913 Z-3.600 F400.000
G1 X-21.682 Y-127.928 Z-3.600 F400.000
G1 X-21.711 Y-127.936 Z-3.600 F400.000
G1 X-21.820 Y-127.947 Z-3.600 F400.000
G1 X-23.225 Y-127.947 Z-3.600 F400.000
G1 X-23.432 Y-127.961 Z-3.600 F400.000
G1 X-23.691 Y-127.995 Z-3.600 F400.000
G1 X-24.091 Y-128.102 Z-3.600 F400.000
G1 X-24.333 Y-128.202 Z-3.600 F400.000
G1 X-24.691 Y-128.409 Z-3.600 F400.000
G1 X-24.899 Y-128.568 Z-3.600 F400.000
G1 X-25.192 Y-128.861 Z-3.600 F400.000
G1 X-25.350 Y-129.068 Z-3.600 F400.000
G1 X-25.558 Y-129.427 Z-3.600 F400.000
G1 X-25.658 Y-129.668 Z-3.600 F400.000
G1 X-25.765 Y-130.068 Z-3.600 F400.000
G1 X-25.799 Y-130.327 Z-3.600 F400.000
G1 X-25.812 Y-130.534 Z-3.600 F400.000
G1 X-25.812 Y-153.197 Z-3.600 F400.000
G1 X-25.800 Y-153.474 Z-3.600 F400.000
G1 X-25.750 Y-153.834 Z-3.600 F400.000
G1 X-25.661 Y-154.187 Z-3.600 F400.000
G1 X-25.534 Y-154.528 Z-3.600 F400.000
G1 X-21.613 Y-162.943 Z-3.600 F400.000
G1 X-21.590 Y-163.000 Z-3.600 F400.000
G1 X-21.585 Y-163.016 Z-3.600 F400.000
G1 X-21.582 Y-163.034 Z-3.600 F400.000
G1 X-21.579 Y-163.094 Z-3.600 F400.000
G1 X-21.579 Y-165.986 Z-3.600 F400.000
G1 X-21.590 Y-166.094 Z-3.600 F400.000
G1 X-21.599 Y-166.123 Z-3.600 F400.000
G1 X-21.613 Y-166.150 Z-3.600 F400.000
G1 X-21.632 Y-166.173 Z-3.600 F400.000
G1 X-21.656 Y-166.192 Z-3.600 F400.000
G1 X-21.682 Y-166.207 Z-3.600 F400.000
G1 X-21.711 Y-166.215 Z-3.600 F400.000
G1 X-21.820 Y-166.226 Z-3.600 F400.000
G1 X-23.225 Y-166.226 Z-3.600 F400.000
G1 X-23.432 Y-166.240 Z-3.600 F400.000
G1 X-23.691 Y-166.274 Z-3.600 F400.000
G1 X-24.091 Y-166.381 Z-3.600 F400.000
G1 X-24.333 Y-166.481 Z-3.600 F400.000
G1 X-24.691 Y-166.688 Z-3.600 F400.000
G1 X-24.899 Y-166.847 Z-3.600 F400.000
G1 X-25.192 Y-167.140 Z-3.600 F400.000
G1 X-25.350 Y-167.347 Z-3.600 F400.000
G1 X-25.558 Y-167.706 Z-3.600 F400.000
G1 X-25.658 Y-167.947 Z-3.600 F400.000
G1 X-25.765 Y-168.347 Z-3.600 F400.000
G1 X-25.799 Y-168.606 Z-3.600 F400.000
G1 X-25.812 Y-168.813 Z-3.600 F400.000
G1 X-25.812 Y-191.476 Z-3.600 F400.000
G1 X-25.800 Y-191.753 Z-3.600 F400.000
G1 X-25.750 Y-192.113 Z-3.600 F400.000
G1 X-25.661 Y-192.466 Z-3.600 F400.000
G1 X-25.534 Y-192.807 Z-3.600 F400.000
G1 X-21.613 Y-201.222 Z-3.600 F400.000
G1 X-21.590 Y-201.279 Z-3.600 F400.000
G1 X-21.585 Y-201.295 Z-3.600 F400.000
G1 X-21.582 Y-201.313 Z-3.600 F400.000
G1 X-21.579 Y-201.373 Z-3.600 F400.000
G1 X-21.579 Y-204.265 Z-3.600 F400.000
G1 X-21.590 Y-204.373 Z-3.600 F400.000
G1 X-21.599 Y-204.402 Z-3.600 F400.000
G1 X-21.613 Y-204.429 Z-3.600 F400.000
G1 X-21.632 Y-204.452 Z-3.600 F400.000
G1 X-21.656 Y-204.471 Z-3.600 F400.000
G1 X-21.682 Y-204.486 Z-3.600 F400.000
G1 X-21.711 Y-204.494 Z-3.600 F400.000
G1 X-21.820 Y-204.505 Z-3.600 F400.000
G1 X-23.225 Y-204.505 Z-3.600 F400.000
G1 X-23.432 Y-204.519 Z-3.600 F400.000
G1 X-23.691 Y-204.553 Z-3.600 F400.000
G1 X-24.091 Y-204.660 Z-3.600 F400.000
G1 X-24.333 Y-204.760 Z-3.600 F400.000
G1 X-24.691 Y-204.967 Z-3.600 F400.000
G1 X-24.899 Y-205.126 Z-3.600 F400.000
G1 X-25.192 Y-205.419 Z-3.600 F400.000
G1 X-25.350 Y-205.626 Z-3.600 F400.000
G1 X-25.558 Y-205.985 Z-3.600 F400.000
G1 X-25.658 Y-206.226 Z-3.600 F400.000
G1 X-25.765 Y-206.626 Z-3.600 F400.000
G1 X-25.799 Y-206.885 Z-3.600 F400.000
G1 X-25.812 Y-207.093 Z-3.600 F400.000
G1 X-25.812 Y-227.500 Z-3.600 F400.000
G0 Z5.000
G0 X-25.812 Y-2.500
G0 Z3.000
G1 X-25.812 Y-2.500 Z-3.800 F250.000
G1 X-25.812 Y-21.017 Z-3.800 F400.000
G1 X-25.771 Y-21.514 Z-3.800 F400.000
G1 X-25.711 Y-21.819 Z-3.800 F400.000
G1 X-25.611 Y-22.148 Z-3.800 F400.000
G1 X-25.492 Y-22.435 Z-3.800 F400.000
G1 X-25.330 Y-22.738 Z-3.800 F400.000
G1 X-25.157 Y-22.996 Z-3.800 F400.000
G1 X-24.940 Y-23.262 Z-3.800 F400.000
G1 X-24.720 Y-23.482 Z-3.800 F400.000
G1 X-24.454 Y-23.699 Z-3.800 F400.000
G1 X-24.196 Y-23.872 Z-3.800 F400.000
G1 X-23.893 Y-24.034 Z-3.800 F400.000
G1 X-23.606 Y-24.153 Z-3.800 F400.000
G1 X-23.277 Y-24.253 Z-3.800 F400.000
G1 X-22.972 Y-24.313 Z-3.800 F400.000
G1 X-22.631 Y-24.347 Z-3.800 F400.000
G1 X-19.705 Y-24.354 Z-3.800 F400.000
G1 X-19.595 Y-24.365 Z-3.800 F400.000
G1 X-19.566 Y-24.374 Z-3.800 F400.000
G1 X-19.539 Y-24.388 Z-3.800 F400.000
G1 X-19.516 Y-24.408 Z-3.800 F400.000
G1 X-19.496 Y-24.431 Z-3.800 F400.000
G1 X-19.482 Y-24.458 Z-3.800 F400.000
G1 X-19.473 Y-24.487 Z-3.800 F400.000
G1 X-19.462 Y-24.595 Z-3.800 F400.000
G1 X-19.463 Y-26.302 Z-3.800 F400.000
G1 X-19.473 Y-26.410 Z-3.800 F400.000
G1 X-19.482 Y-26.439 Z-3.800 F400.000
G1 X-19.496 Y-26.466 Z-3.800 F400.000
G1 X-19.516 Y-26.489 Z-3.800 F400.000
G1 X-19.539 Y-26.508 Z-3.800 F400.000
G1 X-19.566 Y-26.523 Z-3.800 F400.000
G1 X-19.595 Y-26.531 Z-3.800 F400.000
G1 X-19.703 Y-26.542 Z-3.800 F400.000
G1 X-22.475 Y-26.542 Z-3.800 F400.000
G1 X-22.972 Y-26.583 Z-3.800 F400.000
G1 X-23.277 Y-26.644 Z-3.800 F400.000
G1 X-23.606 Y-26.744 Z-3.800 F400.000
G1 X-23.893 Y-26.863 Z-3.800 F400.000
G1 X-24.196 Y-27.024 Z-3.800 F400.000
G1 X-24.454 Y-27.197 Z-3.800 F400.000
G1 X-24.720 Y-27.415 Z-3.800 F400.000
G1 X-24.940 Y-27.635 Z-3.800 F400.000
G1 X-25.157 Y-27.900 Z-3.800 F400.000
G1 X-25.330 Y-28.159 Z-3.800 F400.000
G1 X-25.492 Y-28.462 Z-3.800 F400.000
G1 X-25.611 Y-28.749 Z-3.800 F400.000
G1 X-25.711 Y-29.077 Z-3.800 F400.000
G1 X-25.771 Y-29.383 Z-3.800 F400.000
G1 X-25.805 Y-29.724 Z-3.800 F400.000
G1 X-25.812 Y-38.360 Z-3.800 F400.000
G1 X-25.800 Y-38.637 Z-3.800 F400.000
G1 X-25.750 Y-38.997 Z-3.800 F400.000
G1 X-25.661 Y-39.350 Z-3.800 F400.000
G1 X-25.534 Y-39.691 Z-3.800 F400.000
G1 X-21.613 Y-48.106 Z-3.800 F400.000
G1 X-21.590 Y-48.162 Z-3.800 F400.000
G1 X-21.585 Y-48.179 Z-3.800 F400.000
G1 X-21.582 Y-48.197 Z-3.800 F400.000
G1 X-21.579 Y-48.257 Z-3.800 F400.000
G1 X-21.579 Y-51.148 Z-3.800 F400.000
G1 X-21.590 Y-51.257 Z-3.800 F400.000
G1 X-21.599 Y-51.286 Z-3.800 F400.000
G1 X-21.613 Y-51.312 Z-3.800 F400.000
G1 X-21.632 Y-51.336 Z-3.800 F400.000
G1 X-21.656 Y-51.355 Z-3.800 F400.000
G1 X-21.682 Y-51.369 Z-3.800 F400.000
G1 X-21.711 Y-51.378 Z-3.800 F400.000
G1 X-21.820 Y-51.389 Z-3.800 F400.000
G1 X-23.225 Y-51.389 Z-3.800 F400.000
G1 X-23.432 Y-51.403 Z-3.800 F400.000
G1 X-23.691 Y-51.437 Z-3.800 F400.000
G1 X-24.091 Y-51.544 Z-3.800 F400.000
G1 X-24.333 Y-51.644 Z-3.800 F400.000
G1 X-24.691 Y-51.851 Z-3.800 F400.000
G1 X-24.899 Y-52.010 Z-3.800 F400.000
G1 X-25.192 Y-52.303 Z-3.800 F400.000
G1 X-25.350 Y-52.510 Z-3.800 F400.000
G1 X-25.558 Y-52.869 Z-3.800 F400.000
G1 X-25.658 Y-53.110 Z-3.800 F400.000
G1 X-25.765 Y-53.510 Z-3.800 F400.000
G1 X-25.799 Y-53.769 Z-3.800 F400.000
G1 X-25.812 Y-53.976 Z-3.800 F400.000
G1 X-25.812 Y-76.639 Z-3.800 F400.000
G1 X-25.800 Y-76.916 Z-3.800 F400.000
G1 X-25.750 Y-77.276 Z-3.800 F400.000
G1 X-25.661 Y-77.629 Z-3.800 F400.000
G1 X-25.534 Y-77.970 Z-3.800 F400.000
G1 X-21.613 Y-86.385 Z-3.800 F400.000
G1 X-21.590 Y-86.441 Z-3.800 F400.000
G1 X-21.585 Y-86.458 Z-3.800 F400.000
G1 X-21.582 Y-86.476 Z-3.800 F400.000
G1 X-21.579 Y-86.536 Z-3.800 F400.000
G1 X-21.579 Y-89.427 Z-3.800 F400.000
G1 X-21.590 Y-89.536 Z-3.800 F400.000
G1 X-21.599 Y-89.565 Z-3.800 F400.000
G1 X-21.613 Y-89.591 Z-3.800 F400.000
G1 X-21.632 Y-89.615 Z-3.800 F400.000
G1 X-21.656 Y-89.634 Z-3.800 F400.000
G1 X-21.682 Y-89.649 Z-3.800 F400.000
G1 X-21.711 Y-89.657 Z-3.800 F400.000
G1 X-21.820 Y-89.668 Z-3.800 F400.000
G1 X-23.225 Y-89.668 Z-3.800 F400.000
G1 X-23.432 Y-89.682 Z-3.800 F400.000
G1 X-23.691 Y-89.716 Z-3.800 F400.000
G1 X-24.091 Y-89.823 Z-3.800 F400.000
G1 X-24.333 Y-89.923 Z-3.800 F400.000
G1 X-24.691 Y-90.130 Z-3.800 F400.000
G1 X-24.899 Y-90.289 Z-3.800 F400.000
G1 X-25.192 Y-90.582 Z-3.800 F400.000
G1 X-25.350 Y-90.789 Z-3.800 F400.000
G1 X-25.558 Y-91.148 Z-3.800 F400.000
G1 X-25.658 Y-91.389 Z-3.800 F400.000
G1 X-25.765 Y-91.789 Z-3.800 F400.000
G1 X-25.799 Y-92.048 Z-3.800 F400.000
G1 X-25.812 Y-92.255 Z-3.800 F400.000
G1 X-25.812 Y-114.918 Z-3.800 F400.000
G1 X-25.800 Y-115.195 Z-3.800 F400.000
G1 X-25.750 Y-115.555 Z-3.800 F400.000
G1 X-25.661 Y-115.908 Z-3.800 F400.000
G1 X-25.534 Y-116.249 Z-3.800 F400.000
G1 X-21.613 Y-124.664 Z-3.800 F400.000
G1 X-21.590 Y-124.721 Z-3.800 F400.000
G1 X-21.585 Y-124.737 Z-3.800 F400.000
G1 X-21.582 Y-124.755 Z-3.800 F400.000
G1 X-21.579 Y-124.815 Z-3.800 F400.000
G1 X-21.579 Y-127.706 Z-3.800 F400.000
G1 X-21.590 Y-127.815 Z-3.800 F400.000
G1 X-21.599 Y-127.844 Z-3.800 F400.000
G1 X-21.613 Y-127.870 Z-3.800 F400.000
G1 X-21.632 Y-127.894 Z-3.800 F400.000
G1 X-21.656 Y-127.913 Z-3.800 F400.000
G1 X-21.682 Y-127.928 Z-3.800 F400.000
G1 X-21.711 Y-127.936 Z-3.800 F400.000
G1 X-21.820 Y-127.947 Z-3.800 F400.000
G1 X-23.225 Y-127.947 Z-3.800 F400.000
G1 X-23.432 Y-127.961 Z-3.800 F400.000
G1 X-23.691 Y-127.995 Z-3.800 F400.000
G1 X-24.091 Y-128.102 Z-3.800 F400.000
G1 X-24.333 Y-128.202 Z-3.800 F400.000
G1 X-24.691 Y-128.409 Z-3.800 F400.000
G1 X-24.899 Y-128.568 Z-3.800 F400.000
G1 X-25.192 Y-128.861 Z-3.800 F400.000
G1 X-25.350 Y-129.068 Z-3.800 F400.000
G1 X-25.558 Y-129.427 Z-3.800 F400.000
G1 X-25.658 Y-129.668 Z-3.800 F400.000
G1 X-25.765 Y-130.068 Z-3.800 F400.000
G1 X-25.799 Y-130.327 Z-3.800 F400.000
G1 X-25.812 Y-130.534 Z-3.800 F400.000
G1 X-25.812 Y-153.197 Z-3.800 F400.000
G1 X-25.800 Y-153.474 Z-3.800 F400.000
G1 X-25.750 Y-153.834 Z-3.800 F400.000
G1 X-25.661 Y-154.187 Z-3.800 F400.000
G1 X-25.534 Y-154.528 Z-3.800 F400.000
G1 X-21.613 Y-162.943 Z-3.800 F400.000
G1 X-21.590 Y-163.000 Z-3.800 F400.000
G1 X-21.585 Y-163.016 Z-3.800 F400.000
G1 X-21.582 Y-163.034 Z-3.800 F400.000
G1 X-21.579 Y-163.094 Z-3.800 F400.000
G1 X-21.579 Y-165.986 Z-3.800 F400.000
G1 X-21.590 Y-166.094 Z-3.800 F400.000
G1 X-21.599 Y-166.123 Z-3.800 F400.000
G1 X-21.613 Y-166.150 Z-3.800 F400.000
G1 X-21.632 Y-166.173 Z-3.800 F400.000
G1 X-21.656 Y-166.192 Z-3.800 F400.000
G1 X-21.682 Y-166.207 Z-3.800 F400.000
G1 X-21.711 Y-166.215 Z-3.800 F400.000
G1 X-21.820 Y-166.226 Z-3.800 F400.000
G1 X-23.225 Y-166.226 Z-3.800 F400.000
G1 X-23.432 Y-166.240 Z-3.800 F400.000
G1 X-23.691 Y-166.274 Z-3.800 F400.000
G1 X-24.091 Y-166.381 Z-3.800 F400.000
G1 X-24.333 Y-166.481 Z-3.800 F400.000
G1 X-24.691 Y-166.688 Z-3.800 F400.000
G1 X-24.899 Y-166.847 Z-3.800 F400.000
G1 X-25.192 Y-167.140 Z-3.800 F400.000
G1 X-25.350 Y-167.347 Z-3.800 F400.000
G1 X-25.558 Y-167.706 Z-3.800 F400.000
G1 X-25.658 Y-167.947 Z-3.800 F400.000
G1 X-25.765 Y-168.347 Z-3.800 F400.000
G1 X-25.799 Y-168.606 Z-3.800 F400.000
G1 X-25.812 Y-168.813 Z-3.800 F400.000
G1 X-25.812 Y-191.476 Z-3.800 F400.000
G1 X-25.800 Y-191.753 Z-3.800 F400.000
G1 X-25.750 Y-192.113 Z-3.800 F400.000
G1 X-25.661 Y-192.466 Z-3.800 F400.000
G1 X-25.534 Y-192.807 Z-3.800 F400.000
G1 X-21.613 Y-201.222 Z-3.800 F400.000
G1 X-21.590 Y-201.279 Z-3.800 F400.000
G1 X-21.585 Y-201.295 Z-3.800 F400.000
G1 X-21.582 Y-201.313 Z-3.800 F400.000
G1 X-21.579 Y-201.373 Z-3.800 F400.000
G1 X-21.579 Y-204.265 Z-3.800 F400.000
G1 X-21.590 Y-204.373 Z-3.800 F400.000
G1 X-21.599 Y-204.402 Z-3.800 F400.000
G1 X-21.613 Y-204.429 Z-3.800 F400.000
G1 X-21.632 Y-204.452 Z-3.800 F400.000
G1 X-21.656 Y-204.471 Z-3.800 F400.000
G1 X-21.682 Y-204.486 Z-3.800 F400.000
G1 X-21.711 Y-204.494 Z-3.800 F400.000
G1 X-21.820 Y-204.505 Z-3.800 F400.000
G1 X-23.225 Y-204.505 Z-3.800 F400.000
G1 X-23.432 Y-204.519 Z-3.800 F400.000
G1 X-23.691 Y-204.553 Z-3.800 F400.000
G1 X-24.091 Y-204.660 Z-3.800 F400.000
G1 X-24.333 Y-204.760 Z-3.800 F400.000
G1 X-24.691 Y-204.967 Z-3.800 F400.000
G1 X-24.899 Y-205.126 Z-3.800 F400.000
G1 X-25.192 Y-205.419 Z-3.800 F400.000
G1 X-25.350 Y-205.626 Z-3.800 F400.000
G1 X-25.558 Y-205.985 Z-3.800 F400.000
G1 X-25.658 Y-206.226 Z-3.800 F400.000
G1 X-25.765 Y-206.626 Z-3.800 F400.000
G1 X-25.799 Y-206.885 Z-3.800 F400.000
G1 X-25.812 Y-207.093 Z-3.800 F400.000
G1 X-25.812 Y-227.500 Z-3.800 F400.000
G0 Z5.000
G0 X-25.812 Y-2.500
G0 Z3.000
G1 X-25.812 Y-2.500 Z-4.000 F250.000
G1 X-25.812 Y-21.017 Z-4.000 F400.000
G1 X-25.771 Y-21.514 Z-4.000 F400.000
G1 X-25.711 Y-21.819 Z-4.000 F400.000
G1 X-25.611 Y-22.148 Z-4.000 F400.000
G1 X-25.492 Y-22.435 Z-4.000 F400.000
G1 X-25.330 Y-22.738 Z-4.000 F400.000
G1 X-25.157 Y-22.996 Z-4.000 F400.000
G1 X-24.940 Y-23.262 Z-4.000 F400.000
G1 X-24.720 Y-23.482 Z-4.000 F400.000
G1 X-24.454 Y-23.699 Z-4.000 F400.000
G1 X-24.196 Y-23.872 Z-4.000 F400.000
G1 X-23.893 Y-24.034 Z-4.000 F400.000
G1 X-23.606 Y-24.153 Z-4.000 F400.000
G1 X-23.277 Y-24.253 Z-4.000 F400.000
G1 X-22.972 Y-24.313 Z-4.000 F400.000
G1 X-22.631 Y-24.347 Z-4.000 F400.000
G1 X-19.705 Y-24.354 Z-4.000 F400.000
G1 X-19.595 Y-24.365 Z-4.000 F400.000
G1 X-19.566 Y-24.374 Z-4.000 F400.000
G1 X-19.539 Y-24.388 Z-4.000 F400.000
G1 X-19.516 Y-24.408 Z-4.000 F400.000
G1 X-19.496 Y-24.431 Z-4.000 F400.000
G1 X-19.482 Y-24.458 Z-4.000 F400.000
G1 X-19.473 Y-24.487 Z-4.000 F400.000
G1 X-19.462 Y-24.595 Z-4.000 F400.000
G1 X-19.463 Y-26.302 Z-4.000 F400.000
G1 X-19.473 Y-26.410 Z-4.000 F400.000
G1 X-19.482 Y-26.439 Z-4.000 F400.000
G1 X-19.496 Y-26.466 Z-4.000 F400.000
G1 X-19.516 Y-26.489 Z-4.000 F400.000
G1 X-19.539 Y-26.508 Z-4.000 F400.000
G1 X-19.566 Y-26.523 Z-4.000 F400.000
G1 X-19.595 Y-26.531 Z-4.000 F400.000
G1 X-19.703 Y-26.542 Z-4.000 F400.000
G1 X-22.475 Y-26.542 Z-4.000 F400.000
G1 X-22.972 Y-26.583 Z-4.000 F400.000
G1 X-23.277 Y-26.644 Z-4.000 F400.000
G1 X-23.606 Y-26.744 Z-4.000 F400.000
G1 X-23.893 Y-26.863 Z-4.000 F400.000
G1 X-24.196 Y-27.024 Z-4.000 F400.000
G1 X-24.454 Y-27.197 Z-4.000 F400.000
G1 X-24.720 Y-27.415 Z-4.000 F400.000
G1 X-24.940 Y-27.635 Z-4.000 F400.000
G1 X-25.157 Y-27.900 Z-4.000 F400.000
G1 X-25.330 Y-28.159 Z-4.000 F400.000
G1 X-25.492 Y-28.462 Z-4.000 F400.000
G1 X-25.611 Y-28.749 Z-4.000 F400.000
G1 X-25.711 Y-29.077 Z-4.000 F400.000
G1 X-25.771 Y-29.383 Z-4.000 F400.000
G1 X-25.805 Y-29.724 Z-4.000 F400.000
G1 X-25.812 Y-38.360 Z-4.000 F400.000
G1 X-25.800 Y-38.637 Z-4.000 F400.000
G1 X-25.750 Y-38.997 Z-4.000 F400.000
G1 X-25.661 Y-39.350 Z-4.000 F400.000
G1 X-25.534 Y-39.691 Z-4.000 F400.000
G1 X-21.613 Y-48.106 Z-4.000 F400.000
G1 X-21.590 Y-48.162 Z-4.000 F400.000
G1 X-21.585 Y-48.179 Z-4.000 F400.000
G1 X-21.582 Y-48.197 Z-4.000 F400.000
G1 X-21.579 Y-48.257 Z-4.000 F400.000
G1 X-21.579 Y-51.148 Z-4.000 F400.000
G1 X-21.590 Y-51.257 Z-4.000 F400.000
G1 X-21.599 Y-51.286 Z-4.000 F400.000
G1 X-21.613 Y-51.312 Z-4.000 F400.000
G1 X-21.632 Y-51.336 Z-4.000 F400.000
G1 X-21.656 Y-51.355 Z-4.000 F400.000
G1 X-21.682 Y-51.369 Z-4.000 F400.000
G1 X-21.711 Y-51.378 Z-4.000 F400.000
G1 X-21.820 Y-51.389 Z-4.000 F400.000
G1 X-23.225 Y-51.389 Z-4.000 F400.000
G1 X-23.432 Y-51.403 Z-4.000 F400.000
G1 X-23.691 Y-51.437 Z-4.000 F400.000
G1 X-24.091 Y-51.544 Z-4.000 F400.000
G1 X-24.333 Y-51.644 Z-4.000 F400.000
G1 X-24.691 Y-51.851 Z-4.000 F400.000
G1 X-24.899 Y-52.010 Z-4.000 F400.000
G1 X-25.192 Y-52.303 Z-4.000 F400.000
G1 X-25.350 Y-52.510 Z-4.000 F400.000
G1 X-25.558 Y-52.869 Z-4.000 F400.000
G1 X-25.658 Y-53.110 Z-4.000 F400.000
G1 X-25.765 Y-53.510 Z-4.000 F400.000
G1 X-25.799 Y-53.769 Z-4.000 F400.000
G1 X-25.812 Y-53.976 Z-4.000 F400.000
G1 X-25.812 Y-76.639 Z-4.000 F400.000
G1 X-25.800 Y-76.916 Z-4.000 F400.000
G1 X-25.750 Y-77.276 Z-4.000 F400.000
G1 X-25.661 Y-77.629 Z-4.000 F400.000
G1 X-25.534 Y-77.970 Z-4.000 F400.000
G1 X-21.613 Y-86.385 Z-4.000 F400.000
G1 X-21.590 Y-86.441 Z-4.000 F400.000
G1 X-21.585 Y-86.458 Z-4.000 F400.000
G1 X-21.582 Y-86.476 Z-4.000 F400.000
G1 X-21.579 Y-86.536 Z-4.000 F400.000
G1 X-21.579 Y-89.427 Z-4.000 F400.000
G1 X-21.590 Y-89.536 Z-4.000 F400.000
G1 X-21.599 Y-89.565 Z-4.000 F400.000
G1 X-21.613 Y-89.591 Z-4.000 F400.000
G1 X-21.632 Y-89.615 Z-4.000 F400.000
G1 X-21.656 Y-89.634 Z-4.000 F400.000
G1 X-21.682 Y-89.649 Z-4.000 F400.000
G1 X-21.711 Y-89.657 Z-4.000 F400.000
G1 X-21.820 Y-89.668 Z-4.000 F400.000
G1 X-23.225 Y-89.668 Z-4.000 F400.000
G1 X-23.432 Y-89.682 Z-4.000 F400.000
G1 X-23.691 Y-89.716 Z-4.000 F400.000
G1 X-24.091 Y-89.823 Z-4.000 F400.000
G1 X-24.333 Y-89.923 Z-4.000 F400.000
G1 X-24.691 Y-90.130 Z-4.000 F400.000
G1 X-24.899 Y-90.289 Z-4.000 F400.000
G1 X-25.192 Y-90.582 Z-4.000 F400.000
G1 X-25.350 Y-90.789 Z-4.000 F400.000
G1 X-25.558 Y-91.148 Z-4.000 F400.000
G1 X-25.658 Y-91.389 Z-4.000 F400.000
G1 X-25.765 Y-91.789 Z-4.000 F400.000
G1 X-25.799 Y-92.048 Z-4.000 F400.000
G1 X-25.812 Y-92.255 Z-4.000 F400.000
G1 X-25.812 Y-114.918 Z-4.000 F400.000
G1 X-25.800 Y-115.195 Z-4.000 F400.000
G1 X-25.750 Y-115.555 Z-4.000 F400.000
G1 X-25.661 Y-115.908 Z-4.000 F400.000
G1 X-25.534 Y-116.249 Z-4.000 F400.000
G1 X-21.613 Y-124.664 Z-4.000 F400.000
G1 X-21.590 Y-124.721 Z-4.000 F400.000
G1 X-21.585 Y-124.737 Z-4.000 F400.000
G1 X-21.582 Y-124.755 Z-4.000 F400.000
G1 X-21.579 Y-124.815 Z-4.000 F400.000
G1 X-21.579 Y-127.706 Z-4.000 F400.000
G1 X-21.590 Y-127.815 Z-4.000 F400.000
G1 X-21.599 Y-127.844 Z-4.000 F400.000
G1 X-21.613 Y-127.870 Z-4.000 F400.000
G1 X-21.632 Y-127.894 Z-4.000 F400.000
G1 X-21.656 Y-127.913 Z-4.000 F400.000
G1 X-21.682 Y-127.928 Z-4.000 F400.000
G1 X-21.711 Y-127.936 Z-4.000 F400.000
G1 X-21.820 Y-127.947 Z-4.000 F400.000
G1 X-23.225 Y-127.947 Z-4.000 F400.000
G1 X-23.432 Y-127.961 Z-4.000 F400.000
G1 X-23.691 Y-127.995 Z-4.000 F400.000
G1 X-24.091 Y-128.102 Z-4.000 F400.000
G1 X-24.333 Y-128.202 Z-4.000 F400.000
G1 X-24.691 Y-128.409 Z-4.000 F400.000
G1 X-24.899 Y-128.568 Z-4.000 F400.000
G1 X-25.192 Y-128.861 Z-4.000 F400.000
G1 X-25.350 Y-129.068 Z-4.000 F400.000
G1 X-25.558 Y-129.427 Z-4.000 F400.000
G1 X-25.658 Y-129.668 Z-4.000 F400.000
G1 X-25.765 Y-130.068 Z-4.000 F400.000
G1 X-25.799 Y-130.327 Z-4.000 F400.000
G1 X-25.812 Y-130.534 Z-4.000 F400.000
G1 X-25.812 Y-153.197 Z-4.000 F400.000
G1 X-25.800 Y-153.474 Z-4.000 F400.000
G1 X-25.750 Y-153.834 Z-4.000 F400.000
G1 X-25.661 Y-154.187 Z-4.000 F400.000
G1 X-25.534 Y-154.528 Z-4.000 F400.000
G1 X-21.613 Y-162.943 Z-4.000 F400.000
G1 X-21.590 Y-163.000 Z-4.000 F400.000
G1 X-21.585 Y-163.016 Z-4.000 F400.000
G1 X-21.582 Y-163.034 Z-4.000 F400.000
G1 X-21.579 Y-163.094 Z-4.000 F400.000
G1 X-21.579 Y-165.986 Z-4.000 F400.000
G1 X-21.590 Y-166.094 Z-4.000 F400.000
G1 X-21.599 Y-166.123 Z-4.000 F400.000
G1 X-21.613 Y-166.150 Z-4.000 F400.000
G1 X-21.632 Y-166.173 Z-4.000 F400.000
G1 X-21.656 Y-166.192 Z-4.000 F400.000
G1 X-21.682 Y-166.207 Z-4.000 F400.000
G1 X-21.711 Y-166.215 Z-4.000 F400.000
G1 X-21.820 Y-166.226 Z-4.000 F400.000
G1 X-23.225 Y-166.226 Z-4.000 F400.000
G1 X-23.432 Y-166.240 Z-4.000 F400.000
G1 X-23.691 Y-166.274 Z-4.000 F400.000
G1 X-24.091 Y-166.381 Z-4.000 F400.000
G1 X-24.333 Y-166.481 Z-4.000 F400.000
G1 X-24.691 Y-166.688 Z-4.000 F400.000
G1 X-24.899 Y-166.847 Z-4.000 F400.000
G1 X-25.192 Y-167.140 Z-4.000 F400.000
G1 X-25.350 Y-167.347 Z-4.000 F400.000
G1 X-25.558 Y-167.706 Z-4.000 F400.000
G1 X-25.658 Y-167.947 Z-4.000 F400.000
G1 X-25.765 Y-168.347 Z-4.000 F400.000
G1 X-25.799 Y-168.606 Z-4.000 F400.000
G1 X-25.812 Y-168.813 Z-4.000 F400.000
G1 X-25.812 Y-191.476 Z-4.000 F400.000
G1 X-25.800 Y-191.753 Z-4.000 F400.000
G1 X-25.750 Y-192.113 Z-4.000 F400.000
G1 X-25.661 Y-192.466 Z-4.000 F400.000
G1 X-25.534 Y-192.807 Z-4.000 F400.000
G1 X-21.613 Y-201.222 Z-4.000 F400.000
G1 X-21.590 Y-201.279 Z-4.000 F400.000
G1 X-21.585 Y-201.295 Z-4.000 F400.000
G1 X-21.582 Y-201.313 Z-4.000 F400.000
G1 X-21.579 Y-201.373 Z-4.000 F400.000
G1 X-21.579 Y-204.265 Z-4.000 F400.000
G1 X-21.590 Y-204.373 Z-4.000 F400.000
G1 X-21.599 Y-204.402 Z-4.000 F400.000
G1 X-21.613 Y-204.429 Z-4.000 F400.000
G1 X-21.632 Y-204.452 Z-4.000 F400.000
G1 X-21.656 Y-204.471 Z-4.000 F400.000
G1 X-21.682 Y-204.486 Z-4.000 F400.000
G1 X-21.711 Y-204.494 Z-4.000 F400.000
G1 X-21.820 Y-204.505 Z-4.000 F400.000
G1 X-23.225 Y-204.505 Z-4.000 F400.000
G1 X-23.432 Y-204.519 Z-4.000 F400.000
G1 X-23.691 Y-204.553 Z-4.000 F400.000
G1 X-24.091 Y-204.660 Z-4.000 F400.000
G1 X-24.333 Y-204.760 Z-4.000 F400.000
G1 X-24.691 Y-204.967 Z-4.000 F400.000
G1 X-24.899 Y-205.126 Z-4.000 F400.000
G1 X-25.192 Y-205.419 Z-4.000 F400.000
G1 X-25.350 Y-205.626 Z-4.000 F400.000
G1 X-25.558 Y-205.985 Z-4.000 F400.000
G1 X-25.658 Y-206.226 Z-4.000 F400.000
G1 X-25.765 Y-206.626 Z-4.000 F400.000
G1 X-25.799 Y-206.885 Z-4.000 F400.000
G1 X-25.812 Y-207.093 Z-4.000 F400.000
G1 X-25.812 Y-227.500 Z-4.000 F400.000
G0 Z5.000
G0 X-25.812 Y-2.500
G0 Z3.000
G1 X-25.812 Y-2.500 Z-4.200 F250.000
G1 X-25.812 Y-21.017 Z-4.200 F400.000
G1 X-25.771 Y-21.514 Z-4.200 F400.000
G1 X-25.711 Y-21.819 Z-4.200 F400.000
G1 X-25.611 Y-22.148 Z-4.200 F400.000
G1 X-25.492 Y-22.435 Z-4.200 F400.000
G1 X-25.330 Y-22.738 Z-4.200 F400.000
G1 X-25.157 Y-22.996 Z-4.200 F400.000
G1 X-24.940 Y-23.262 Z-4.200 F400.000
G1 X-24.720 Y-23.482 Z-4.200 F400.000
G1 X-24.454 Y-23.699 Z-4.200 F400.000
G1 X-24.196 Y-23.872 Z-4.200 F400.000
G1 X-23.893 Y-24.034 Z-4.200 F400.000
G1 X-23.606 Y-24.153 Z-4.200 F400.000
G1 X-23.277 Y-24.253 Z-4.200 F400.000
G1 X-22.972 Y-24.313 Z-4.200 F400.000
G1 X-22.631 Y-24.347 Z-4.200 F400.000
G1 X-19.705 Y-24.354 Z-4.200 F400.000
G1 X-19.595 Y-24.365 Z-4.200 F400.000
G1 X-19.566 Y-24.374 Z-4.200 F400.000
G1 X-19.539 Y-24.388 Z-4.200 F400.000
G1 X-19.516 Y-24.408 Z-4.200 F400.000
G1 X-19.496 Y-24.431 Z-4.200 F400.000
G1 X-19.482 Y-24.458 Z-4.200 F400.000
G1 X-19.473 Y-24.487 Z-4.200 F400.000
G1 X-19.462 Y-24.595 Z-4.200 F400.000
G1 X-19.463 Y-26.302 Z-4.200 F400.000
G1 X-19.473 Y-26.410 Z-4.200 F400.000
G1 X-19.482 Y-26.439 Z-4.200 F400.000
G1 X-19.496 Y-26.466 Z-4.200 F400.000
G1 X-19.516 Y-26.489 Z-4.200 F400.000
G1 X-19.539 Y-26.508 Z-4.200 F400.000
G1 X-19.566 Y-26.523 Z-4.200 F400.000
G1 X-19.595 Y-26.531 Z-4.200 F400.000
G1 X-19.703 Y-26.542 Z-4.200 F400.000
G1 X-22.475 Y-26.542 Z-4.200 F400.000
G1 X-22.972 Y-26.583 Z-4.200 F400.000
G1 X-23.277 Y-26.644 Z-4.200 F400.000
G1 X-23.606 Y-26.744 Z-4.200 F400.000
G1 X-23.893 Y-26.863 Z-4.200 F400.000
G1 X-24.196 Y-27.024 Z-4.200 F400.000
G1 X-24.454 Y-27.197 Z-4.200 F400.000
G1 X-24.720 Y-27.415 Z-4.200 F400.000
G1 X-24.940 Y-27.635 Z-4.200 F400.000
G1 X-25.157 Y-27.900 Z-4.200 F400.000
G1 X-25.330 Y-28.159 Z-4.200 F400.000
G1 X-25.492 Y-28.462 Z-4.200 F400.000
G1 X-25.611 Y-28.749 Z-4.200 F400.000
G1 X-25.711 Y-29.077 Z-4.200 F400.000
G1 X-25.771 Y-29.383 Z-4.200 F400.000
G1 X-25.805 Y-29.724 Z-4.200 F400.000
G1 X-25.812 Y-38.360 Z-4.200 F400.000
G1 X-25.800 Y-38.637 Z-4.200 F400.000
G1 X-25.750 Y-38.997 Z-4.200 F400.000
G1 X-25.661 Y-39.350 Z-4.200 F400.000
G1 X-25.534 Y-39.691 Z-4.200 F400.000
G1 X-21.613 Y-48.106 Z-4.200 F400.000
G1 X-21.590 Y-48.162 Z-4.200 F400.000
G1 X-21.585 Y-48.179 Z-4.200 F400.000
G1 X-21.582 Y-48.197 Z-4.200 F400.000
G1 X-21.579 Y-48.257 Z-4.200 F400.000
G1 X-21.579 Y-51.148 Z-4.200 F400.000
G1 X-21.590 Y-51.257 Z-4.200 F400.000
G1 X-21.599 Y-51.286 Z-4.200 F400.000
G1 X-21.613 Y-51.312 Z-4.200 F400.000
G1 X-21.632 Y-51.336 Z-4.200 F400.000
G1 X-21.656 Y-51.355 Z-4.200 F400.000
G1 X-21.682 Y-51.369 Z-4.200 F400.000
G1 X-21.711 Y-51.378 Z-4.200 F400.000
G1 X-21.820 Y-51.389 Z-4.200 F400.000
G1 X-23.225 Y-51.389 Z-4.200 F400.000
G1 X-23.432 Y-51.403 Z-4.200 F400.000
G1 X-23.691 Y-51.437 Z-4.200 F400.000
G1 X-24.091 Y-51.544 Z-4.200 F400.000
G1 X-24.333 Y-51.644 Z-4.200 F400.000
G1 X-24.691 Y-51.851 Z-4.200 F400.000
G1 X-24.899 Y-52.010 Z-4.200 F400.000
G1 X-25.192 Y-52.303 Z-4.200 F400.000
G1 X-25.350 Y-52.510 Z-4.200 F400.000
G1 X-25.558 Y-52.869 Z-4.200 F400.000
G1 X-25.658 Y-53.110 Z-4.200 F400.000
G1 X-25.765 Y-53.510 Z-4.200 F400.000
G1 X-25.799 Y-53.769 Z-4.200 F400.000
G1 X-25.812 Y-53.976 Z-4.200 F400.000
G1 X-25.812 Y-76.639 Z-4.200 F400.000
G1 X-25.800 Y-76.916 Z-4.200 F400.000
G1 X-25.750 Y-77.276 Z-4.200 F400.000
G1 X-25.661 Y-77.629 Z-4.200 F400.000
G1 X-25.534 Y-77.970 Z-4.200 F400.000
G1 X-21.613 Y-86.385 Z-4.200 F400.000
G1 X-21.590 Y-86.441 Z-4.200 F400.000
G1 X-21.585 Y-86.458 Z-4.200 F400.000
G1 X-21.582 Y-86.476 Z-4.200 F400.000
G1 X-21.579 Y-86.536 Z-4.200 F400.000
G1 X-21.579 Y-89.427 Z-4.200 F400.000
G1 X-21.590 Y-89.536 Z-4.200 F400.000
G1 X-21.599 Y-89.565 Z-4.200 F400.000
G1 X-21.613 Y-89.591 Z-4.200 F400.000
G1 X-21.632 Y-89.615 Z-4.200 F400.000
G1 X-21.656 Y-89.634 Z-4.200 F400.000
G1 X-21.682 Y-89.649 Z-4.200 F400.000
G1 X-21.711 Y-89.657 Z-4.200 F400.000
G1 X-21.820 Y-89.668 Z-4.200 F400.000
G1 X-23.225 Y-89.668 Z-4.200 F400.000
G1 X-23.432 Y-89.682 Z-4.200 F400.000
G1 X-23.691 Y-89.716 Z-4.200 F400.000
G1 X-24.091 Y-89.823 Z-4.200 F400.000
G1 X-24.333 Y-89.923 Z-4.200 F400.000
G1 X-24.691 Y-90.130 Z-4.200 F400.000
G1 X-24.899 Y-90.289 Z-4.200 F400.000
G1 X-25.192 Y-90.582 Z-4.200 F400.000
G1 X-25.350 Y-90.789 Z-4.200 F400.000
G1 X-25.558 Y-91.148 Z-4.200 F400.000
G1 X-25.658 Y-91.389 Z-4.200 F400.000
G1 X-25.765 Y-91.789 Z-4.200 F400.000
G1 X-25.799 Y-92.048 Z-4.200 F400.000
G1 X-25.812 Y-92.255 Z-4.200 F400.000
G1 X-25.812 Y-114.918 Z-4.200 F400.000
G1 X-25.800 Y-115.195 Z-4.200 F400.000
G1 X-25.750 Y-115.555 Z-4.200 F400.000
G1 X-25.661 Y-115.908 Z-4.200 F400.000
G1 X-25.534 Y-116.249 Z-4.200 F400.000
G1 X-21.613 Y-124.664 Z-4.200 F400.000
G1 X-21.590 Y-124.721 Z-4.200 F400.000
G1 X-21.585 Y-124.737 Z-4.200 F400.000
G1 X-21.582 Y-124.755 Z-4.200 F400.000
G1 X-21.579 Y-124.815 Z-4.200 F400.000
G1 X-21.579 Y-127.706 Z-4.200 F400.000
G1 X-21.590 Y-127.815 Z-4.200 F400.000
G1 X-21.599 Y-127.844 Z-4.200 F400.000
G1 X-21.613 Y-127.870 Z-4.200 F400.000
G1 X-21.632 Y-127.894 Z-4.200 F400.000
G1 X-21.656 Y-127.913 Z-4.200 F400.000
G1 X-21.682 Y-127.928 Z-4.200 F400.000
G1 X-21.711 Y-127.936 Z-4.200 F400.000
G1 X-21.820 Y-127.947 Z-4.200 F400.000
G1 X-23.225 Y-127.947 Z-4.200 F400.000
G1 X-23.432 Y-127.961 Z-4.200 F400.000
G1 X-23.691 Y-127.995 Z-4.200 F400.000
G1 X-24.091 Y-128.102 Z-4.200 F400.000
G1 X-24.333 Y-128.202 Z-4.200 F400.000
G1 X-24.691 Y-128.409 Z-4.200 F400.000
G1 X-24.899 Y-128.568 Z-4.200 F400.000
G1 X-25.192 Y-128.861 Z-4.200 F400.000
G1 X-25.350 Y-129.068 Z-4.200 F400.000
G1 X-25.558 Y-129.427 Z-4.200 F400.000
G1 X-25.658 Y-129.668 Z-4.200 F400.000
G1 X-25.765 Y-130.068 Z-4.200 F400.000
G1 X-25.799 Y-130.327 Z-4.200 F400.000
G1 X-25.812 Y-130.534 Z-4.200 F400.000
G1 X-25.812 Y-153.197 Z-4.200 F400.000
G1 X-25.800 Y-153.474 Z-4.200 F400.000
G1 X-25.750 Y-153.834 Z-4.200 F400.000
G1 X-25.661 Y-154.187 Z-4.200 F400.000
G1 X-25.534 Y-154.528 Z-4.200 F400.000
G1 X-21.613 Y-162.943 Z-4.200 F400.000
G1 X-21.590 Y-163.000 Z-4.200 F400.000
G1 X-21.585 Y-163.016 Z-4.200 F400.000
G1 X-21.582 Y-163.034 Z-4.200 F400.000
G1 X-21.579 Y-163.094 Z-4.200 F400.000
G1 X-21.579 Y-165.986 Z-4.200 F400.000
G1 X-21.590 Y-166.094 Z-4.200 F400.000
G1 X-21.599 Y-166.123 Z-4.200 F400.000
G1 X-21.613 Y-166.150 Z-4.200 F400.000
G1 X-21.632 Y-166.173 Z-4.200 F400.000
G1 X-21.656 Y-166.192 Z-4.200 F400.000
G1 X-21.682 Y-166.207 Z-4.200 F400.000
G1 X-21.711 Y-166.215 Z-4.200 F400.000
G1 X-21.820 Y-166.226 Z-4.200 F400.000
G1 X-23.225 Y-166.226 Z-4.200 F400.000
G1 X-23.432 Y-166.240 Z-4.200 F400.000
G1 X-23.691 Y-166.274 Z-4.200 F400.000
G1 X-24.091 Y-166.381 Z-4.200 F400.000
G1 X-24.333 Y-166.481 Z-4.200 F400.000
G1 X-24.691 Y-166.688 Z-4.200 F400.000
G1 X-24.899 Y-166.847 Z-4.200 F400.000
G1 X-25.192 Y-167.140 Z-4.200 F400.000
G1 X-25.350 Y-167.347 Z-4.200 F400.000
G1 X-25.558 Y-167.706 Z-4.200 F400.000
G1 X-25.658 Y-167.947 Z-4.200 F400.000
G1 X-25.765 Y-168.347 Z-4.200 F400.000
G1 X-25.799 Y-168.606 Z-4.200 F400.000
G1 X-25.812 Y-168.813 Z-4.200 F400.000
G1 X-25.812 Y-191.476 Z-4.200 F400.000
G1 X-25.800 Y-191.753 Z-4.200 F400.000
G1 X-25.750 Y-192.113 Z-4.200 F400.000
G1 X-25.661 Y-192.466 Z-4.200 F400.000
G1 X-25.534 Y-192.807 Z-4.200 F400.000
G1 X-21.613 Y-201.222 Z-4.200 F400.000
G1 X-21.590 Y-201.279 Z-4.200 F400.000
G1 X-21.585 Y-201.295 Z-4.200 F400.000
G1 X-21.582 Y-201.313 Z-4.200 F400.000
G1 X-21.579 Y-201.373 Z-4.200 F400.000
G1 X-21.579 Y-204.265 Z-4.200 F400.000
G1 X-21.590 Y-204.373 Z-4.200 F400.000
G1 X-21.599 Y-204.402 Z-4.200 F400.000
G1 X-21.613 Y-204.429 Z-4.200 F400.000
G1 X-21.632 Y-204.452 Z-4.200 F400.000
G1 X-21.656 Y-204.471 Z-4.200 F400.000
G1 X-21.682 Y-204.486 Z-4.200 F400.000
G1 X-21.711 Y-204.494 Z-4.200 F400.000
G1 X-21.820 Y-204.505 Z-4.200 F400.000
G1 X-23.225 Y-204.505 Z-4.200 F400.000
G1 X-23.432 Y-204.519 Z-4.200 F400.000
G1 X-23.691 Y-204.553 Z-4.200 F400.000
G1 X-24.091 Y-204.660 Z-4.200 F400.000
G1 X-24.333 Y-204.760 Z-4.200 F400.000
G1 X-24.691 Y-204.967 Z-4.200 F400.000
G1 X-24.899 Y-205.126 Z-4.200 F400.000
G1 X-25.192 Y-205.419 Z-4.200 F400.000
G1 X-25.350 Y-205.626 Z-4.200 F400.000
G1 X-25.558 Y-205.985 Z-4.200 F400.000
G1 X-25.658 Y-206.226 Z-4.200 F400.000
G1 X-25.765 Y-206.626 Z-4.200 F400.000
G1 X-25.799 Y-206.885 Z-4.200 F400.000
G1 X-25.812 Y-207.093 Z-4.200 F400.000
G1 X-25.812 Y-227.500 Z-4.200 F400.000
G0 Z5.000
G0 X-25.812 Y-2.500
G0 Z3.000
G1 X-25.812 Y-2.500 Z-4.400 F250.000
G1 X-25.812 Y-21.017 Z-4.400 F400.000
G1 X-25.771 Y-21.514 Z-4.400 F400.000
G1 X-25.711 Y-21.819 Z-4.400 F400.000
G1 X-25.611 Y-22.148 Z-4.400 F400.000
G1 X-25.492 Y-22.435 Z-4.400 F400.000
G1 X-25.330 Y-22.738 Z-4.400 F400.000
G1 X-25.157 Y-22.996 Z-4.400 F400.000
G1 X-24.940 Y-23.262 Z-4.400 F400.000
G1 X-24.720 Y-23.482 Z-4.400 F400.000
G1 X-24.454 Y-23.699 Z-4.400 F400.000
G1 X-24.196 Y-23.872 Z-4.400 F400.000
G1 X-23.893 Y-24.034 Z-4.400 F400.000
G1 X-23.606 Y-24.153 Z-4.400 F400.000
G1 X-23.277 Y-24.253 Z-4.400 F400.000
G1 X-22.972 Y-24.313 Z-4.400 F400.000
G1 X-22.631 Y-24.347 Z-4.400 F400.000
G1 X-19.705 Y-24.354 Z-4.400 F400.000
G1 X-19.595 Y-24.365 Z-4.400 F400.000
G1 X-19.566 Y-24.374 Z-4.400 F400.000
G1 X-19.539 Y-24.388 Z-4.400 F400.000
G1 X-19.516 Y-24.408 Z-4.400 F400.000
G1 X-19.496 Y-24.431 Z-4.400 F400.000
G1 X-19.482 Y-24.458 Z-4.400 F400.000
G1 X-19.473 Y-24.487 Z-4.400 F400.000
G1 X-19.462 Y-24.595 Z-4.400 F400.000
G1 X-19.463 Y-26.302 Z-4.400 F400.000
G1 X-19.473 Y-26.410 Z-4.400 F400.000
G1 X-19.482 Y-26.439 Z-4.400 F400.000
G1 X-19.496 Y-26.466 Z-4.400 F400.000
G1 X-19.516 Y-26.489 Z-4.400 F400.000
G1 X-19.539 Y-26.508 Z-4.400 F400.000
G1 X-19.566 Y-26.523 Z-4.400 F400.000
G1 X-19.595 Y-26.531 Z-4.400 F400.000
G1 X-19.703 Y-26.542 Z-4.400 F400.000
G1 X-22.475 Y-26.542 Z-4.400 F400.000
G1 X-22.972 Y-26.583 Z-4.400 F400.000
G1 X-23.277 Y-26.644 Z-4.400 F400.000
G1 X-23.606 Y-26.744 Z-4.400 F400.000
G1 X-23.893 Y-26.863 Z-4.400 F400.000
G1 X-24.196 Y-27.024 Z-4.400 F400.000
G1 X-24.454 Y-27.197 Z-4.400 F400.000
G1 X-24.720 Y-27.415 Z-4.400 F400.000
G1 X-24.940 Y-27.635 Z-4.400 F400.000
G1 X-25.157 Y-27.900 Z-4.400 F400.000
G1 X-25.330 Y-28.159 Z-4.400 F400.000
G1 X-25.492 Y-28.462 Z-4.400 F400.000
G1 X-25.611 Y-28.749 Z-4.400 F400.000
G1 X-25.711 Y-29.077 Z-4.400 F400.000
G1 X-25.771 Y-29.383 Z-4.400 F400.000
G1 X-25.805 Y-29.724 Z-4.400 F400.000
G1 X-25.812 Y-38.360 Z-4.400 F400.000
G1 X-25.800 Y-38.637 Z-4.400 F400.000
G1 X-25.750 Y-38.997 Z-4.400 F400.000
G1 X-25.661 Y-39.350 Z-4.400 F400.000
G1 X-25.534 Y-39.691 Z-4.400 F400.000
G1 X-21.613 Y-48.106 Z-4.400 F400.000
G1 X-21.590 Y-48.162 Z-4.400 F400.000
G1 X-21.585 Y-48.179 Z-4.400 F400.000
G1 X-21.582 Y-48.197 Z-4.400 F400.000
G1 X-21.579 Y-48.257 Z-4.400 F400.000
G1 X-21.579 Y-51.148 Z-4.400 F400.000
G1 X-21.590 Y-51.257 Z-4.400 F400.000
G1 X-21.599 Y-51.286 Z-4.400 F400.000
G1 X-21.613 Y-51.312 Z-4.400 F400.000
G1 X-21.632 Y-51.336 Z-4.400 F400.000
G1 X-21.656 Y-51.355 Z-4.400 F400.000
G1 X-21.682 Y-51.369 Z-4.400 F400.000
G1 X-21.711 Y-51.378 Z-4.400 F400.000
G1 X-21.820 Y-51.389 Z-4.400 F400.000
G1 X-23.225 Y-51.389 Z-4.400 F400.000
G1 X-23.432 Y-51.403 Z-4.400 F400.000
G1 X-23.691 Y-51.437 Z-4.400 F400.000
G1 X-24.091 Y-51.544 Z-4.400 F400.000
G1 X-24.333 Y-51.644 Z-4.400 F400.000
G1 X-24.691 Y-51.851 Z-4.400 F400.000
G1 X-24.899 Y-52.010 Z-4.400 F400.000
G1 X-25.192 Y-52.303 Z-4.400 F400.000
G1 X-25.350 Y-52.510 Z-4.400 F400.000
G1 X-25.558 Y-52.869 Z-4.400 F400.000
G1 X-25.658 Y-53.110 Z-4.400 F400.000
G1 X-25.765 Y-53.510 Z-4.400 F400.000
G1 X-25.799 Y-53.769 Z-4.400 F400.000
G1 X-25.812 Y-53.976 Z-4.400 F400.000
G1 X-25.812 Y-76.639 Z-4.400 F400.000
G1 X-25.800 Y-76.916 Z-4.400 F400.000
G1 X-25.750 Y-77.276 Z-4.400 F400.000
G1 X-25.661 Y-77.629 Z-4.400 F400.000
G1 X-25.534 Y-77.970 Z-4.400 F400.000
G1 X-21.613 Y-86.385 Z-4.400 F400.000
G1 X-21.590 Y-86.441 Z-4.400 F400.000
G1 X-21.585 Y-86.458 Z-4.400 F400.000
G1 X-21.582 Y-86.476 Z-4.400 F400.000
G1 X-21.579 Y-86.536 Z-4.400 F400.000
G1 X-21.579 Y-89.427 Z-4.400 F400.000
G1 X-21.590 Y-89.536 Z-4.400 F400.000
G1 X-21.599 Y-89.565 Z-4.400 F400.000
G1 X-21.613 Y-89.591 Z-4.400 F400.000
G1 X-21.632 Y-89.615 Z-4.400 F400.000
G1 X-21.656 Y-89.634 Z-4.400 F400.000
G1 X-21.682 Y-89.649 Z-4.400 F400.000
G1 X-21.711 Y-89.657 Z-4.400 F400.000
G1 X-21.820 Y-89.668 Z-4.400 F400.000
G1 X-23.225 Y-89.668 Z-4.400 F400.000
G1 X-23.432 Y-89.682 Z-4.400 F400.000
G1 X-23.691 Y-89.716 Z-4.400 F400.000
G1 X-24.091 Y-89.823 Z-4.400 F400.000
G1 X-24.333 Y-89.923 Z-4.400 F400.000
G1 X-24.691 Y-90.130 Z-4.400 F400.000
G1 X-24.899 Y-90.289 Z-4.400 F400.000
G1 X-25.192 Y-90.582 Z-4.400 F400.000
G1 X-25.350 Y-90.789 Z-4.400 F400.000
G1 X-25.558 Y-91.148 Z-4.400 F400.000
G1 X-25.658 Y-91.389 Z-4.400 F400.000
G1 X-25.765 Y-91.789 Z-4.400 F400.000
G1 X-25.799 Y-92.048 Z-4.400 F400.000
G1 X-25.812 Y-92.255 Z-4.400 F400.000
G1 X-25.812 Y-114.918 Z-4.400 F400.000
G1 X-25.800 Y-115.195 Z-4.400 F400.000
G1 X-25.750 Y-115.555 Z-4.400 F400.000
G1 X-25.661 Y-115.908 Z-4.400 F400.000
G1 X-25.534 Y-116.249 Z-4.400 F400.000
G1 X-21.613 Y-124.664 Z-4.400 F400.000
G1 X-21.590 Y-124.721 Z-4.400 F400.000
G1 X-21.585 Y-124.737 Z-4.400 F400.000
G1 X-21.582 Y-124.755 Z-4.400 F400.000
G1 X-21.579 Y-124.815 Z-4.400 F400.000
G1 X-21.579 Y-127.706 Z-4.400 F400.000
G1 X-21.590 Y-127.815 Z-4.400 F400.000
G1 X-21.599 Y-127.844 Z-4.400 F400.000
G1 X-21.613 Y-127.870 Z-4.400 F400.000
G1 X-21.632 Y-127.894 Z-4.400 F400.000
G1 X-21.656 Y-127.913 Z-4.400 F400.000
G1 X-21.682 Y-127.928 Z-4.400 F400.000
G1 X-21.711 Y-127.936 Z-4.400 F400.000
G1 X-21.820 Y-127.947 Z-4.400 F400.000
G1 X-23.225 Y-127.947 Z-4.400 F400.000
G1 X-23.432 Y-127.961 Z-4.400 F400.000
G1 X-23.691 Y-127.995 Z-4.400 F400.000
G1 X-24.091 Y-128.102 Z-4.400 F400.000
G1 X-24.333 Y-128.202 Z-4.400 F400.000
G1 X-24.691 Y-128.409 Z-4.400 F400.000
G1 X-24.899 Y-128.568 Z-4.400 F400.000
G1 X-25.192 Y-128.861 Z-4.400 F400.000
G1 X-25.350 Y-129.068 Z-4.400 F400.000
G1 X-25.558 Y-129.427 Z-4.400 F400.000
G1 X-25.658 Y-129.668 Z-4.400 F400.000
G1 X-25.765 Y-130.068 Z-4.400 F400.000
G1 X-25.799 Y-130.327 Z-4.400 F400.000
G1 X-25.812 Y-130.534 Z-4.400 F400.000
G1 X-25.812 Y-153.197 Z-4.400 F400.000
G1 X-25.800 Y-153.474 Z-4.400 F400.000
G1 X-25.750 Y-153.834 Z-4.400 F400.000
G1 X-25.661 Y-154.187 Z-4.400 F400.000
G1 X-25.534 Y-154.528 Z-4.400 F400.000
G1 X-21.613 Y-162.943 Z-4.400 F400.000
G1 X-21.590 Y-163.000 Z-4.400 F400.000
G1 X-21.585 Y-163.016 Z-4.400 F400.000
G1 X-21.582 Y-163.034 Z-4.400 F400.000
G1 X-21.579 Y-163.094 Z-4.400 F400.000
G1 X-21.579 Y-165.986 Z-4.400 F400.000
G1 X-21.590 Y-166.094 Z-4.400 F400.000
G1 X-21.599 Y-166.123 Z-4.400 F400.000
G1 X-21.613 Y-166.150 Z-4.400 F400.000
G1 X-21.632 Y-166.173 Z-4.400 F400.000
G1 X-21.656 Y-166.192 Z-4.400 F400.000
G1 X-21.682 Y-166.207 Z-4.400 F400.000
G1 X-21.711 Y-166.215 Z-4.400 F400.000
G1 X-21.820 Y-166.226 Z-4.400 F400.000
G1 X-23.225 Y-166.226 Z-4.400 F400.000
G1 X-23.432 Y-166.240 Z-4.400 F400.000
G1 X-23.691 Y-166.274 Z-4.400 F400.000
G1 X-24.091 Y-166.381 Z-4.400 F400.000
G1 X-24.333 Y-166.481 Z-4.400 F400.000
G1 X-24.691 Y-166.688 Z-4.400 F400.000
G1 X-24.899 Y-166.847 Z-4.400 F400.000
G1 X-25.192 Y-167.140 Z-4.400 F400.000
G1 X-25.350 Y-167.347 Z-4.400 F400.000
G1 X-25.558 Y-167.706 Z-4.400 F400.000
G1 X-25.658 Y-167.947 Z-4.400 F400.000
G1 X-25.765 Y-168.347 Z-4.400 F400.000
G1 X-25.799 Y-168.606 Z-4.400 F400.000
G1 X-25.812 Y-168.813 Z-4.400 F400.000
G1 X-25.812 Y-191.476 Z-4.400 F400.000
G1 X-25.800 Y-191.753 Z-4.400 F400.000
G1 X-25.750 Y-192.113 Z-4.400 F400.000
G1 X-25.661 Y-192.466 Z-4.400 F400.000
G1 X-25.534 Y-192.807 Z-4.400 F400.000
G1 X-21.613 Y-201.222 Z-4.400 F400.000
G1 X-21.590 Y-201.279 Z-4.400 F400.000
G1 X-21.585 Y-201.295 Z-4.400 F400.000
G1 X-21.582 Y-201.313 Z-4.400 F400.000
G1 X-21.579 Y-201.373 Z-4.400 F400.000
G1 X-21.579 Y-204.265 Z-4.400 F400.000
G1 X-21.590 Y-204.373 Z-4.400 F400.000
G1 X-21.599 Y-204.402 Z-4.400 F400.000
G1 X-21.613 Y-204.429 Z-4.400 F400.000
G1 X-21.632 Y-204.452 Z-4.400 F400.000
G1 X-21.656 Y-204.471 Z-4.400 F400.000
G1 X-21.682 Y-204.486 Z-4.400 F400.000
G1 X-21.711 Y-204.494 Z-4.400 F400.000
G1 X-21.820 Y-204.505 Z-4.400 F400.000
G1 X-23.225 Y-204.505 Z-4.400 F400.000
G1 X-23.432 Y-204.519 Z-4.400 F400.000
G1 X-23.691 Y-204.553 Z-4.400 F400.000
G1 X-24.091 Y-204.660 Z-4.400 F400.000
G1 X-24.333 Y-204.760 Z-4.400 F400.000
G1 X-24.691 Y-204.967 Z-4.400 F400.000
G1 X-24.899 Y-205.126 Z-4.400 F400.000
G1 X-25.192 Y-205.419 Z-4.400 F400.000
G1 X-25.350 Y-205.626 Z-4.400 F400.000
G1 X-25.558 Y-205.985 Z-4.400 F400.000
G1 X-25.658 Y-206.226 Z-4.400 F400.000
G1 X-25.765 Y-206.626 Z-4.400 F400.000
G1 X-25.799 Y-206.885 Z-4.400 F400.000
G1 X-25.812 Y-207.093 Z-4.400 F400.000
G1 X-25.812 Y-227.500 Z-4.400 F400.000
G0 Z5.000
G0 X-25.812 Y-2.500
G0 Z3.000
G1 X-25.812 Y-2.500 Z-4.600 F250.000
G1 X-25.812 Y-21.017 Z-4.600 F400.000
G1 X-25.771 Y-21.514 Z-4.600 F400.000
G1 X-25.711 Y-21.819 Z-4.600 F400.000
G1 X-25.611 Y-22.148 Z-4.600 F400.000
G1 X-25.492 Y-22.435 Z-4.600 F400.000
G1 X-25.330 Y-22.738 Z-4.600 F400.000
G1 X-25.157 Y-22.996 Z-4.600 F400.000
G1 X-24.940 Y-23.262 Z-4.600 F400.000
G1 X-24.720 Y-23.482 Z-4.600 F400.000
G1 X-24.454 Y-23.699 Z-4.600 F400.000
G1 X-24.196 Y-23.872 Z-4.600 F400.000
G1 X-23.893 Y-24.034 Z-4.600 F400.000
G1 X-23.606 Y-24.153 Z-4.600 F400.000
G1 X-23.277 Y-24.253 Z-4.600 F400.000
G1 X-22.972 Y-24.313 Z-4.600 F400.000
G1 X-22.631 Y-24.347 Z-4.600 F400.000
G1 X-19.705 Y-24.354 Z-4.600 F400.000
G1 X-19.595 Y-24.365 Z-4.600 F400.000
G1 X-19.566 Y-24.374 Z-4.600 F400.000
G1 X-19.539 Y-24.388 Z-4.600 F400.000
G1 X-19.516 Y-24.408 Z-4.600 F400.000
G1 X-19.496 Y-24.431 Z-4.600 F400.000
G1 X-19.482 Y-24.458 Z-4.600 F400.000
G1 X-19.473 Y-24.487 Z-4.600 F400.000
G1 X-19.462 Y-24.595 Z-4.600 F400.000
G1 X-19.463 Y-26.302 Z-4.600 F400.000
G1 X-19.473 Y-26.410 Z-4.600 F400.000
G1 X-19.482 Y-26.439 Z-4.600 F400.000
G1 X-19.496 Y-26.466 Z-4.600 F400.000
G1 X-19.516 Y-26.489 Z-4.600 F400.000
G1 X-19.539 Y-26.508 Z-4.600 F400.000
G1 X-19.566 Y-26.523 Z-4.600 F400.000
G1 X-19.595 Y-26.531 Z-4.600 F400.000
G1 X-19.703 Y-26.542 Z-4.600 F400.000
G1 X-22.475 Y-26.542 Z-4.600 F400.000
G1 X-22.972 Y-26.583 Z-4.600 F400.000
G1 X-23.277 Y-26.644 Z-4.600 F400.000
G1 X-23.606 Y-26.744 Z-4.600 F400.000
G1 X-23.893 Y-26.863 Z-4.600 F400.000
G1 X-24.196 Y-27.024 Z-4.600 F400.000
G1 X-24.454 Y-27.197 Z-4.600 F400.000
G1 X-24.720 Y-27.415 Z-4.600 F400.000
G1 X-24.940 Y-27.635 Z-4.600 F400.000
G1 X-25.157 Y-27.900 Z-4.600 F400.000
G1 X-25.330 Y-28.159 Z-4.600 F400.000
G1 X-25.492 Y-28.462 Z-4.600 F400.000
G1 X-25.611 Y-28.749 Z-4.600 F400.000
G1 X-25.711 Y-29.077 Z-4.600 F400.000
G1 X-25.771 Y-29.383 Z-4.600 F400.000
G1 X-25.805 Y-29.724 Z-4.600 F400.000
G1 X-25.812 Y-38.360 Z-4.600 F400.000
G1 X-25.800 Y-38.637 Z-4.600 F400.000
G1 X-25.750 Y-38.997 Z-4.600 F400.000
G1 X-25.661 Y-39.350 Z-4.600 F400.000
G1 X-25.534 Y-39.691 Z-4.600 F400.000
G1 X-21.613 Y-48.106 Z-4.600 F400.000
G1 X-21.590 Y-48.162 Z-4.600 F400.000
G1 X-21.585 Y-48.179 Z-4.600 F400.000
G1 X-21.582 Y-48.197 Z-4.600 F400.000
G1 X-21.579 Y-48.257 Z-4.600 F400.000
G1 X-21.579 Y-51.148 Z-4.600 F400.000
G1 X-21.590 Y-51.257 Z-4.600 F400.000
G1 X-21.599 Y-51.286 Z-4.600 F400.000
G1 X-21.613 Y-51.312 Z-4.600 F400.000
G1 X-21.632 Y-51.336 Z-4.600 F400.000
G1 X-21.656 Y-51.355 Z-4.600 F400.000
G1 X-21.682 Y-51.369 Z-4.600 F400.000
G1 X-21.711 Y-51.378 Z-4.600 F400.000
G1 X-21.820 Y-51.389 Z-4.600 F400.000
G1 X-23.225 Y-51.389 Z-4.600 F400.000
G1 X-23.432 Y-51.403 Z-4.600 F400.000
G1 X-23.691 Y-51.437 Z-4.600 F400.000
G1 X-24.091 Y-51.544 Z-4.600 F400.000
G1 X-24.333 Y-51.644 Z-4.600 F400.000
G1 X-24.691 Y-51.851 Z-4.600 F400.000
G1 X-24.899 Y-52.010 Z-4.600 F400.000
G1 X-25.192 Y-52.303 Z-4.600 F400.000
G1 X-25.350 Y-52.510 Z-4.600 F400.000
G1 X-25.558 Y-52.869 Z-4.600 F400.000
G1 X-25.658 Y-53.110 Z-4.600 F400.000
G1 X-25.765 Y-53.510 Z-4.600 F400.000
G1 X-25.799 Y-53.769 Z-4.600 F400.000
G1 X-25.812 Y-53.976 Z-4.600 F400.000
G1 X-25.812 Y-76.639 Z-4.600 F400.000
G1 X-25.800 Y-76.916 Z-4.600 F400.000
G1 X-25.750 Y-77.276 Z-4.600 F400.000
G1 X-25.661 Y-77.629 Z-4.600 F400.000
G1 X-25.534 Y-77.970 Z-4.600 F400.000
G1 X-21.613 Y-86.385 Z-4.600 F400.000
G1 X-21.590 Y-86.441 Z-4.600 F400.000
G1 X-21.585 Y-86.458 Z-4.600 F400.000
G1 X-21.582 Y-86.476 Z-4.600 F400.000
G1 X-21.579 Y-86.536 Z-4.600 F400.000
G1 X-21.579 Y-89.427 Z-4.600 F400.000
G1 X-21.590 Y-89.536 Z-4.600 F400.000
G1 X-21.599 Y-89.565 Z-4.600 F400.000
G1 X-21.613 Y-89.591 Z-4.600 F400.000
G1 X-21.632 Y-89.615 Z-4.600 F400.000
G1 X-21.656 Y-89.634 Z-4.600 F400.000
G1 X-21.682 Y-89.649 Z-4.600 F400.000
G1 X-21.711 Y-89.657 Z-4.600 F400.000
G1 X-21.820 Y-89.668 Z-4.600 F400.000
G1 X-23.225 Y-89.668 Z-4.600 F400.000
G1 X-23.432 Y-89.682 Z-4.600 F400.000
G1 X-23.691 Y-89.716 Z-4.600 F400.000
G1 X-24.091 Y-89.823 Z-4.600 F400.000
G1 X-24.333 Y-89.923 Z-4.600 F400.000
G1 X-24.691 Y-90.130 Z-4.600 F400.000
G1 X-24.899 Y-90.289 Z-4.600 F400.000
G1 X-25.192 Y-90.582 Z-4.600 F400.000
G1 X-25.350 Y-90.789 Z-4.600 F400.000
G1 X-25.558 Y-91.148 Z-4.600 F400.000
G1 X-25.658 Y-91.389 Z-4.600 F400.000
G1 X-25.765 Y-91.789 Z-4.600 F400.000
G1 X-25.799 Y-92.048 Z-4.600 F400.000
G1 X-25.812 Y-92.255 Z-4.600 F400.000
G1 X-25.812 Y-114.918 Z-4.600 F400.000
G1 X-25.800 Y-115.195 Z-4.600 F400.000
G1 X-25.750 Y-115.555 Z-4.600 F400.000
G1 X-25.661 Y-115.908 Z-4.600 F400.000
G1 X-25.534 Y-116.249 Z-4.600 F400.000
G1 X-21.613 Y-124.664 Z-4.600 F400.000
G1 X-21.590 Y-124.721 Z-4.600 F400.000
G1 X-21.585 Y-124.737 Z-4.600 F400.000
G1 X-21.582 Y-124.755 Z-4.600 F400.000
G1 X-21.579 Y-124.815 Z-4.600 F400.000
G1 X-21.579 Y-127.706 Z-4.600 F400.000
G1 X-21.590 Y-127.815 Z-4.600 F400.000
G1 X-21.599 Y-127.844 Z-4.600 F400.000
G1 X-21.613 Y-127.870 Z-4.600 F400.000
G1 X-21.632 Y-127.894 Z-4.600 F400.000
G1 X-21.656 Y-127.913 Z-4.600 F400.000
G1 X-21.682 Y-127.928 Z-4.600 F400.000
G1 X-21.711 Y-127.936 Z-4.600 F400.000
G1 X-21.820 Y-127.947 Z-4.600 F400.000
G1 X-23.225 Y-127.947 Z-4.600 F400.000
G1 X-23.432 Y-127.961 Z-4.600 F400.000
G1 X-23.691 Y-127.995 Z-4.600 F400.000
G1 X-24.091 Y-128.102 Z-4.600 F400.000
G1 X-24.333 Y-128.202 Z-4.600 F400.000
G1 X-24.691 Y-128.409 Z-4.600 F400.000
G1 X-24.899 Y-128.568 Z-4.600 F400.000
G1 X-25.192 Y-128.861 Z-4.600 F400.000
G1 X-25.350 Y-129.068 Z-4.600 F400.000
G1 X-25.558 Y-129.427 Z-4.600 F400.000
G1 X-25.658 Y-129.668 Z-4.600 F400.000
G1 X-25.765 Y-130.068 Z-4.600 F400.000
G1 X-25.799 Y-130.327 Z-4.600 F400.000
G1 X-25.812 Y-130.534 Z-4.600 F400.000
G1 X-25.812 Y-153.197 Z-4.600 F400.000
G1 X-25.800 Y-153.474 Z-4.600 F400.000
G1 X-25.750 Y-153.834 Z-4.600 F400.000
G1 X-25.661 Y-154.187 Z-4.600 F400.000
G1 X-25.534 Y-154.528 Z-4.600 F400.000
G1 X-21.613 Y-162.943 Z-4.600 F400.000
G1 X-21.590 Y-163.000 Z-4.600 F400.000
G1 X-21.585 Y-163.016 Z-4.600 F400.000
G1 X-21.582 Y-163.034 Z-4.600 F400.000
G1 X-21.579 Y-163.094 Z-4.600 F400.000
G1 X-21.579 Y-165.986 Z-4.600 F400.000
G1 X-21.590 Y-166.094 Z-4.600 F400.000
G1 X-21.599 Y-166.123 Z-4.600 F400.000
G1 X-21.613 Y-166.150 Z-4.600 F400.000
G1 X-21.632 Y-166.173 Z-4.600 F400.000
G1 X-21.656 Y-166.192 Z-4.600 F400.000
G1 X-21.682 Y-166.207 Z-4.600 F400.000
G1 X-21.711 Y-166.215 Z-4.600 F400.000
G1 X-21.820 Y-166.226 Z-4.600 F400.000
G1 X-23.225 Y-166.226 Z-4.600 F400.000
G1 X-23.432 Y-166.240 Z-4.600 F400.000
G1 X-23.691 Y-166.274 Z-4.600 F400.000
G1 X-24.091 Y-166.381 Z-4.600 F400.000
G1 X-24.333 Y-166.481 Z-4.600 F400.000
G1 X-24.691 Y-166.688 Z-4.600 F400.000
G1 X-24.899 Y-166.847 Z-4.600 F400.000
G1 X-25.192 Y-167.140 Z-4.600 F400.000
G1 X-25.350 Y-167.347 Z-4.600 F400.000
G1 X-25.558 Y-167.706 Z-4.600 F400.000
G1 X-25.658 Y-167.947 Z-4.600 F400.000
G1 X-25.765 Y-168.347 Z-4.600 F400.000
G1 X-25.799 Y-168.606 Z-4.600 F400.000
G1 X-25.812 Y-168.813 Z-4.600 F400.000
G1 X-25.812 Y-191.476 Z-4.600 F400.000
G1 X-25.800 Y-191.753 Z-4.600 F400.000
G1 X-25.750 Y-192.113 Z-4.600 F400.000
G1 X-25.661 Y-192.466 Z-4.600 F400.000
G1 X-25.534 Y-192.807 Z-4.600 F400.000
G1 X-21.613 Y-201.222 Z-4.600 F400.000
G1 X-21.590 Y-201.279 Z-4.600 F400.000
G1 X-21.585 Y-201.295 Z-4.600 F400.000
G1 X-21.582 Y-201.313 Z-4.600 F400.000
G1 X-21.579 Y-201.373 Z-4.600 F400.000
G1 X-21.579 Y-204.265 Z-4.600 F400.000
G1 X-21.590 Y-204.373 Z-4.600 F400.000
G1 X-21.599 Y-204.402 Z-4.600 F400.000
G1 X-21.613 Y-204.429 Z-4.600 F400.000
G1 X-21.632 Y-204.452 Z-4.600 F400.000
G1 X-21.656 Y-204.471 Z-4.600 F400.000
G1 X-21.682 Y-204.486 Z-4.600 F400.000
G1 X-21.711 Y-204.494 Z-4.600 F400.000
G1 X-21.820 Y-204.505 Z-4.600 F400.000
G1 X-23.225 Y-204.505 Z-4.600 F400.000
G1 X-23.432 Y-204.519 Z-4.600 F400.000
G1 X-23.691 Y-204.553 Z-4.600 F400.000
G1 X-24.091 Y-204.660 Z-4.600 F400.000
G1 X-24.333 Y-204.760 Z-4.600 F400.000
G1 X-24.691 Y-204.967 Z-4.600 F400.000
G1 X-24.899 Y-205.126 Z-4.600 F400.000
G1 X-25.192 Y-205.419 Z-4.600 F400.000
G1 X-25.350 Y-205.626 Z-4.600 F400.000
G1 X-25.558 Y-205.985 Z-4.600 F400.000
G1 X-25.658 Y-206.226 Z-4.600 F400.000
G1 X-25.765 Y-206.626 Z-4.600 F400.000
G1 X-25.799 Y-206.885 Z-4.600 F400.000
G1 X-25.812 Y-207.093 Z-4.600 F400.000
G1 X-25.812 Y-227.500 Z-4.600 F400.000
G0 Z5.000
G0 X-25.812 Y-2.500
G0 Z3.000
G1 X-25.812 Y-2.500 Z-4.800 F250.000
G1 X-25.812 Y-21.017 Z-4.800 F400.000
G1 X-25.771 Y-21.514 Z-4.800 F400.000
G1 X-25.711 Y-21.819 Z-4.800 F400.000
G1 X-25.611 Y-22.148 Z-4.800 F400.000
G1 X-25.492 Y-22.435 Z-4.800 F400.000
G1 X-25.330 Y-22.738 Z-4.800 F400.000
G1 X-25.157 Y-22.996 Z-4.800 F400.000
G1 X-24.940 Y-23.262 Z-4.800 F400.000
G1 X-24.720 Y-23.482 Z-4.800 F400.000
G1 X-24.454 Y-23.699 Z-4.800 F400.000
G1 X-24.196 Y-23.872 Z-4.800 F400.000
G1 X-23.893 Y-24.034 Z-4.800 F400.000
G1 X-23.606 Y-24.153 Z-4.800 F400.000
G1 X-23.277 Y-24.253 Z-4.800 F400.000
G1 X-22.972 Y-24.313 Z-4.800 F400.000
G1 X-22.631 Y-24.347 Z-4.800 F400.000
G1 X-19.705 Y-24.354 Z-4.800 F400.000
G1 X-19.595 Y-24.365 Z-4.800 F400.000
G1 X-19.566 Y-24.374 Z-4.800 F400.000
G1 X-19.539 Y-24.388 Z-4.800 F400.000
G1 X-19.516 Y-24.408 Z-4.800 F400.000
G1 X-19.496 Y-24.431 Z-4.800 F400.000
G1 X-19.482 Y-24.458 Z-4.800 F400.000
G1 X-19.473 Y-24.487 Z-4.800 F400.000
G1 X-19.462 Y-24.595 Z-4.800 F400.000
G1 X-19.463 Y-26.302 Z-4.800 F400.000
G1 X-19.473 Y-26.410 Z-4.800 F400.000
G1 X-19.482 Y-26.439 Z-4.800 F400.000
G1 X-19.496 Y-26.466 Z-4.800 F400.000
G1 X-19.516 Y-26.489 Z-4.800 F400.000
G1 X-19.539 Y-26.508 Z-4.800 F400.000
G1 X-19.566 Y-26.523 Z-4.800 F400.000
G1 X-19.595 Y-26.531 Z-4.800 F400.000
G1 X-19.703 Y-26.542 Z-4.800 F400.000
G1 X-22.475 Y-26.542 Z-4.800 F400.000
G1 X-22.972 Y-26.583 Z-4.800 F400.000
G1 X-23.277 Y-26.644 Z-4.800 F400.000
G1 X-23.606 Y-26.744 Z-4.800 F400.000
G1 X-23.893 Y-26.863 Z-4.800 F400.000
G1 X-24.196 Y-27.024 Z-4.800 F400.000
G1 X-24.454 Y-27.197 Z-4.800 F400.000
G1 X-24.720 Y-27.415 Z-4.800 F400.000
G1 X-24.940 Y-27.635 Z-4.800 F400.000
G1 X-25.157 Y-27.900 Z-4.800 F400.000
G1 X-25.330 Y-28.159 Z-4.800 F400.000
G1 X-25.492 Y-28.462 Z-4.800 F400.000
G1 X-25.611 Y-28.749 Z-4.800 F400.000
G1 X-25.711 Y-29.077 Z-4.800 F400.000
G1 X-25.771 Y-29.383 Z-4.800 F400.000
G1 X-25.805 Y-29.724 Z-4.800 F400.000
G1 X-25.812 Y-38.360 Z-4.800 F400.000
G1 X-25.800 Y-38.637 Z-4.800 F400.000
G1 X-25.750 Y-38.997 Z-4.800 F400.000
G1 X-25.661 Y-39.350 Z-4.800 F400.000
G1 X-25.534 Y-39.691 Z-4.800 F400.000
G1 X-21.613 Y-48.106 Z-4.800 F400.000
G1 X-21.590 Y-48.162 Z-4.800 F400.000
G1 X-21.585 Y-48.179 Z-4.800 F400.000
G1 X-21.582 Y-48.197 Z-4.800 F400.000
G1 X-21.579 Y-48.257 Z-4.800 F400.000
G1 X-21.579 Y-51.148 Z-4.800 F400.000
G1 X-21.590 Y-51.257 Z-4.800 F400.000
G1 X-21.599 Y-51.286 Z-4.800 F400.000
G1 X-21.613 Y-51.312 Z-4.800 F400.000
G1 X-21.632 Y-51.336 Z-4.800 F400.000
G1 X-21.656 Y-51.355 Z-4.800 F400.000
G1 X-21.682 Y-51.369 Z-4.800 F400.000
G1 X-21.711 Y-51.378 Z-4.800 F400.000
G1 X-21.820 Y-51.389 Z-4.800 F400.000
G1 X-23.225 Y-51.389 Z-4.800 F400.000
G1 X-23.432 Y-51.403 Z-4.800 F400.000
G1 X-23.691 Y-51.437 Z-4.800 F400.000
G1 X-24.091 Y-51.544 Z-4.800 F400.000
G1 X-24.333 Y-51.644 Z-4.800 F400.000
G1 X-24.691 Y-51.851 Z-4.800 F400.000
G1 X-24.899 Y-52.010 Z-4.800 F400.000
G1 X-25.192 Y-52.303 Z-4.800 F400.000
G1 X-25.350 Y-52.510 Z-4.800 F400.000
G1 X-25.558 Y-52.869 Z-4.800 F400.000
G1 X-25.658 Y-53.110 Z-4.800 F400.000
G1 X-25.765 Y-53.510 Z-4.800 F400.000
G1 X-25.799 Y-53.769 Z-4.800 F400.000
G1 X-25.812 Y-53.976 Z-4.800 F400.000
G1 X-25.812 Y-76.639 Z-4.800 F400.000
G1 X-25.800 Y-76.916 Z-4.800 F400.000
G1 X-25.750 Y-77.276 Z-4.800 F400.000
G1 X-25.661 Y-77.629 Z-4.800 F400.000
G1 X-25.534 Y-77.970 Z-4.800 F400.000
G1 X-21.613 Y-86.385 Z-4.800 F400.000
G1 X-21.590 Y-86.441 Z-4.800 F400.000
G1 X-21.585 Y-86.458 Z-4.800 F400.000
G1 X-21.582 Y-86.476 Z-4.800 F400.000
G1 X-21.579 Y-86.536 Z-4.800 F400.000
G1 X-21.579 Y-89.427 Z-4.800 F400.000
G1 X-21.590 Y-89.536 Z-4.800 F400.000
G1 X-21.599 Y-89.565 Z-4.800 F400.000
G1 X-21.613 Y-89.591 Z-4.800 F400.000
G1 X-21.632 Y-89.615 Z-4.800 F400.000
G1 X-21.656 Y-89.634 Z-4.800 F400.000
G1 X-21.682 Y-89.649 Z-4.800 F400.000
G1 X-21.711 Y-89.657 Z-4.800 F400.000
G1 X-21.820 Y-89.668 Z-4.800 F400.000
G1 X-23.225 Y-89.668 Z-4.800 F400.000
G1 X-23.432 Y-89.682 Z-4.800 F400.000
G1 X-23.691 Y-89.716 Z-4.800 F400.000
G1 X-24.091 Y-89.823 Z-4.800 F400.000
G1 X-24.333 Y-89.923 Z-4.800 F400.000
G1 X-24.691 Y-90.130 Z-4.800 F400.000
G1 X-24.899 Y-90.289 Z-4.800 F400.000
G1 X-25.192 Y-90.582 Z-4.800 F400.000
G1 X-25.350 Y-90.789 Z-4.800 F400.000
G1 X-25.558 Y-91.148 Z-4.800 F400.000
G1 X-25.658 Y-91.389 Z-4.800 F400.000
G1 X-25.765 Y-91.789 Z-4.800 F400.000
G1 X-25.799 Y-92.048 Z-4.800 F400.000
G1 X-25.812 Y-92.255 Z-4.800 F400.000
G1 X-25.812 Y-114.918 Z-4.800 F400.000
G1 X-25.800 Y-115.195 Z-4.800 F400.000
G1 X-25.750 Y-115.555 Z-4.800 F400.000
G1 X-25.661 Y-115.908 Z-4.800 F400.000
G1 X-25.534 Y-116.249 Z-4.800 F400.000
G1 X-21.613 Y-124.664 Z-4.800 F400.000
G1 X-21.590 Y-124.721 Z-4.800 F400.000
G1 X-21.585 Y-124.737 Z-4.800 F400.000
G1 X-21.582 Y-124.755 Z-4.800 F400.000
G1 X-21.579 Y-124.815 Z-4.800 F400.000
G1 X-21.579 Y-127.706 Z-4.800 F400.000
G1 X-21.590 Y-127.815 Z-4.800 F400.000
G1 X-21.599 Y-127.844 Z-4.800 F400.000
G1 X-21.613 Y-127.870 Z-4.800 F400.000
G1 X-21.632 Y-127.894 Z-4.800 F400.000
G1 X-21.656 Y-127.913 Z-4.800 F400.000
G1 X-21.682 Y-127.928 Z-4.800 F400.000
G1 X-21.711 Y-127.936 Z-4.800 F400.000
G1 X-21.820 Y-127.947 Z-4.800 F400.000
G1 X-23.225 Y-127.947 Z-4.800 F400.000
G1 X-23.432 Y-127.961 Z-4.800 F400.000
G1 X-23.691 Y-127.995 Z-4.800 F400.000
G1 X-24.091 Y-128.102 Z-4.800 F400.000
G1 X-24.333 Y-128.202 Z-4.800 F400.000
G1 X-24.691 Y-128.409 Z-4.800 F400.000
G1 X-24.899 Y-128.568 Z-4.800 F400.000
G1 X-25.192 Y-128.861 Z-4.800 F400.000
G1 X-25.350 Y-129.068 Z-4.800 F400.000
G1 X-25.558 Y-129.427 Z-4.800 F400.000
G1 X-25.658 Y-129.668 Z-4.800 F400.000
G1 X-25.765 Y-130.068 Z-4.800 F400.000
G1 X-25.799 Y-130.327 Z-4.800 F400.000
G1 X-25.812 Y-130.534 Z-4.800 F400.000
G1 X-25.812 Y-153.197 Z-4.800 F400.000
G1 X-25.800 Y-153.474 Z-4.800 F400.000
G1 X-25.750 Y-153.834 Z-4.800 F400.000
G1 X-25.661 Y-154.187 Z-4.800 F400.000
G1 X-25.534 Y-154.528 Z-4.800 F400.000
G1 X-21.613 Y-162.943 Z-4.800 F400.000
G1 X-21.590 Y-163.000 Z-4.800 F400.000
G1 X-21.585 Y-163.016 Z-4.800 F400.000
G1 X-21.582 Y-163.034 Z-4.800 F400.000
G1 X-21.579 Y-163.094 Z-4.800 F400.000
G1 X-21.579 Y-165.986 Z-4.800 F400.000
G1 X-21.590 Y-166.094 Z-4.800 F400.000
G1 X-21.599 Y-166.123 Z-4.800 F400.000
G1 X-21.613 Y-166.150 Z-4.800 F400.000
G1 X-21.632 Y-166.173 Z-4.800 F400.000
G1 X-21.656 Y-166.192 Z-4.800 F400.000
G1 X-21.682 Y-166.207 Z-4.800 F400.000
G1 X-21.711 Y-166.215 Z-4.800 F400.000
G1 X-21.820 Y-166.226 Z-4.800 F400.000
G1 X-23.225 Y-166.226 Z-4.800 F400.000
G1 X-23.432 Y-166.240 Z-4.800 F400.000
G1 X-23.691 Y-166.274 Z-4.800 F400.000
G1 X-24.091 Y-166.381 Z-4.800 F400.000
G1 X-24.333 Y-166.481 Z-4.800 F400.000
G1 X-24.691 Y-166.688 Z-4.800 F400.000
G1 X-24.899 Y-166.847 Z-4.800 F400.000
G1 X-25.192 Y-167.140 Z-4.800 F400.000
G1 X-25.350 Y-167.347 Z-4.800 F400.000
G1 X-25.558 Y-167.706 Z-4.800 F400.000
G1 X-25.658 Y-167.947 Z-4.800 F400.000
G1 X-25.765 Y-168.347 Z-4.800 F400.000
G1 X-25.799 Y-168.606 Z-4.800 F400.000
G1 X-25.812 Y-168.813 Z-4.800 F400.000
G1 X-25.812 Y-191.476 Z-4.800 F400.000
G1 X-25.800 Y-191.753 Z-4.800 F400.000
G1 X-25.750 Y-192.113 Z-4.800 F400.000
G1 X-25.661 Y-192.466 Z-4.800 F400.000
G1 X-25.534 Y-192.807 Z-4.800 F400.000
G1 X-21.613 Y-201.222 Z-4.800 F400.000
G1 X-21.590 Y-201.279 Z-4.800 F400.000
G1 X-21.585 Y-201.295 Z-4.800 F400.000
G1 X-21.582 Y-201.313 Z-4.800 F400.000
G1 X-21.579 Y-201.373 Z-4.800 F400.000
G1 X-21.579 Y-204.265 Z-4.800 F400.000
G1 X-21.590 Y-204.373 Z-4.800 F400.000
G1 X-21.599 Y-204.402 Z-4.800 F400.000
G1 X-21.613 Y-204.429 Z-4.800 F400.000
G1 X-21.632 Y-204.452 Z-4.800 F400.000
G1 X-21.656 Y-204.471 Z-4.800 F400.000
G1 X-21.682 Y-204.486 Z-4.800 F400.000
G1 X-21.711 Y-204.494 Z-4.800 F400.000
G1 X-21.820 Y-204.505 Z-4.800 F400.000
G1 X-23.225 Y-204.505 Z-4.800 F400.000
G1 X-23.432 Y-204.519 Z-4.800 F400.000
G1 X-23.691 Y-204.553 Z-4.800 F400.000
G1 X-24.091 Y-204.660 Z-4.800 F400.000
G1 X-24.333 Y-204.760 Z-4.800 F400.000
G1 X-24.691 Y-204.967 Z-4.800 F400.000
G1 X-24.899 Y-205.126 Z-4.800 F400.000
G1 X-25.192 Y-205.419 Z-4.800 F400.000
G1 X-25.350 Y-205.626 Z-4.800 F400.000
G1 X-25.558 Y-205.985 Z-4.800 F400.000
G1 X-25.658 Y-206.226 Z-4.800 F400.000
G1 X-25.765 Y-206.626 Z-4.800 F400.000
G1 X-25.799 Y-206.885 Z-4.800 F400.000
G1 X-25.812 Y-207.093 Z-4.800 F400.000
G1 X-25.812 Y-227.500 Z-4.800 F400.000
G0 Z5.000
G0 X-25.812 Y-2.500
G0 Z3.000
G1 X-25.812 Y-2.500 Z-5.000 F250.000
G1 X-25.812 Y-21.017 Z-5.000 F400.000
G1 X-25.771 Y-21.514 Z-5.000 F400.000
G1 X-25.711 Y-21.819 Z-5.000 F400.000
G1 X-25.611 Y-22.148 Z-5.000 F400.000
G1 X-25.492 Y-22.435 Z-5.000 F400.000
G1 X-25.330 Y-22.738 Z-5.000 F400.000
G1 X-25.157 Y-22.996 Z-5.000 F400.000
G1 X-24.940 Y-23.262 Z-5.000 F400.000
G1 X-24.720 Y-23.482 Z-5.000 F400.000
G1 X-24.454 Y-23.699 Z-5.000 F400.000
G1 X-24.196 Y-23.872 Z-5.000 F400.000
G1 X-23.893 Y-24.034 Z-5.000 F400.000
G1 X-23.606 Y-24.153 Z-5.000 F400.000
G1 X-23.277 Y-24.253 Z-5.000 F400.000
G1 X-22.972 Y-24.313 Z-5.000 F400.000
G1 X-22.631 Y-24.347 Z-5.000 F400.000
G1 X-19.705 Y-24.354 Z-5.000 F400.000
G1 X-19.595 Y-24.365 Z-5.000 F400.000
G1 X-19.566 Y-24.374 Z-5.000 F400.000
G1 X-19.539 Y-24.388 Z-5.000 F400.000
G1 X-19.516 Y-24.408 Z-5.000 F400.000
G1 X-19.496 Y-24.431 Z-5.000 F400.000
G1 X-19.482 Y-24.458 Z-5.000 F400.000
G1 X-19.473 Y-24.487 Z-5.000 F400.000
G1 X-19.462 Y-24.595 Z-5.000 F400.000
G1 X-19.463 Y-26.302 Z-5.000 F400.000
G1 X-19.473 Y-26.410 Z-5.000 F400.000
G1 X-19.482 Y-26.439 Z-5.000 F400.000
G1 X-19.496 Y-26.466 Z-5.000 F400.000
G1 X-19.516 Y-26.489 Z-5.000 F400.000
G1 X-19.539 Y-26.508 Z-5.000 F400.000
G1 X-19.566 Y-26.523 Z-5.000 F400.000
G1 X-19.595 Y-26.531 Z-5.000 F400.000
G1 X-19.703 Y-26.542 Z-5.000 F400.000
G1 X-22.475 Y-26.542 Z-5.000 F400.000
G1 X-22.972 Y-26.583 Z-5.000 F400.000
G1 X-23.277 Y-26.644 Z-5.000 F400.000
G1 X-23.606 Y-26.744 Z-5.000 F400.000
G1 X-23.893 Y-26.863 Z-5.000 F400.000
G1 X-24.196 Y-27.024 Z-5.000 F400.000
G1 X-24.454 Y-27.197 Z-5.000 F400.000
G1 X-24.720 Y-27.415 Z-5.000 F400.000
G1 X-24.940 Y-27.635 Z-5.000 F400.000
G1 X-25.157 Y-27.900 Z-5.000 F400.000
G1 X-25.330 Y-28.159 Z-5.000 F400.000
G1 X-25.492 Y-28.462 Z-5.000 F400.000
G1 X-25.611 Y-28.749 Z-5.000 F400.000
G1 X-25.711 Y-29.077 Z-5.000 F400.000
G1 X-25.771 Y-29.383 Z-5.000 F400.000
G1 X-25.805 Y-29.724 Z-5.000 F400.000
G1 X-25.812 Y-38.360 Z-5.000 F400.000
G1 X-25.800 Y-38.637 Z-5.000 F400.000
G1 X-25.750 Y-38.997 Z-5.000 F400.000
G1 X-25.661 Y-39.350 Z-5.000 F400.000
G1 X-25.534 Y-39.691 Z-5.000 F400.000
G1 X-21.613 Y-48.106 Z-5.000 F400.000
G1 X-21.590 Y-48.162 Z-5.000 F400.000
G1 X-21.585 Y-48.179 Z-5.000 F400.000
G1 X-21.582 Y-48.197 Z-5.000 F400.000
G1 X-21.579 Y-48.257 Z-5.000 F400.000
G1 X-21.579 Y-51.148 Z-5.000 F400.000
G1 X-21.590 Y-51.257 Z-5.000 F400.000
G1 X-21.599 Y-51.286 Z-5.000 F400.000
G1 X-21.613 Y-51.312 Z-5.000 F400.000
G1 X-21.632 Y-51.336 Z-5.000 F400.000
G1 X-21.656 Y-51.355 Z-5.000 F400.000
G1 X-21.682 Y-51.369 Z-5.000 F400.000
G1 X-21.711 Y-51.378 Z-5.000 F400.000
G1 X-21.820 Y-51.389 Z-5.000 F400.000
G1 X-23.225 Y-51.389 Z-5.000 F400.000
G1 X-23.432 Y-51.403 Z-5.000 F400.000
G1 X-23.691 Y-51.437 Z-5.000 F400.000
G1 X-24.091 Y-51.544 Z-5.000 F400.000
G1 X-24.333 Y-51.644 Z-5.000 F400.000
G1 X-24.691 Y-51.851 Z-5.000 F400.000
G1 X-24.899 Y-52.010 Z-5.000 F400.000
G1 X-25.192 Y-52.303 Z-5.000 F400.000
G1 X-25.350 Y-52.510 Z-5.000 F400.000
G1 X-25.558 Y-52.869 Z-5.000 F400.000
G1 X-25.658 Y-53.110 Z-5.000 F400.000
G1 X-25.765 Y-53.510 Z-5.000 F400.000
G1 X-25.799 Y-53.769 Z-5.000 F400.000
G1 X-25.812 Y-53.976 Z-5.000 F400.000
G1 X-25.812 Y-76.639 Z-5.000 F400.000
G1 X-25.800 Y-76.916 Z-5.000 F400.000
G1 X-25.750 Y-77.276 Z-5.000 F400.000
G1 X-25.661 Y-77.629 Z-5.000 F400.000
G1 X-25.534 Y-77.970 Z-5.000 F400.000
G1 X-21.613 Y-86.385 Z-5.000 F400.000
G1 X-21.590 Y-86.441 Z-5.000 F400.000
G1 X-21.585 Y-86.458 Z-5.000 F400.000
G1 X-21.582 Y-86.476 Z-5.000 F400.000
G1 X-21.579 Y-86.536 Z-5.000 F400.000
G1 X-21.579 Y-89.427 Z-5.000 F400.000
G1 X-21.590 Y-89.536 Z-5.000 F400.000
G1 X-21.599 Y-89.565 Z-5.000 F400.000
G1 X-21.613 Y-89.591 Z-5.000 F400.000
G1 X-21.632 Y-89.615 Z-5.000 F400.000
G1 X-21.656 Y-89.634 Z-5.000 F400.000
G1 X-21.682 Y-89.649 Z-5.000 F400.000
G1 X-21.711 Y-89.657 Z-5.000 F400.000
G1 X-21.820 Y-89.668 Z-5.000 F400.000
G1 X-23.225 Y-89.668 Z-5.000 F400.000
G1 X-23.432 Y-89.682 Z-5.000 F400.000
G1 X-23.691 Y-89.716 Z-5.000 F400.000
G1 X-24.091 Y-89.823 Z-5.000 F400.000
G1 X-24.333 Y-89.923 Z-5.000 F400.000
G1 X-24.691 Y-90.130 Z-5.000 F400.000
G1 X-24.899 Y-90.289 Z-5.000 F400.000
G1 X-25.192 Y-90.582 Z-5.000 F400.000
G1 X-25.350 Y-90.789 Z-5.000 F400.000
G1 X-25.558 Y-91.148 Z-5.000 F400.000
G1 X-25.658 Y-91.389 Z-5.000 F400.000
G1 X-25.765 Y-91.789 Z-5.000 F400.000
G1 X-25.799 Y-92.048 Z-5.000 F400.000
G1 X-25.812 Y-92.255 Z-5.000 F400.000
G1 X-25.812 Y-114.918 Z-5.000 F400.000
G1 X-25.800 Y-115.195 Z-5.000 F400.000
G1 X-25.750 Y-115.555 Z-5.000 F400.000
G1 X-25.661 Y-115.908 Z-5.000 F400.000
G1 X-25.534 Y-116.249 Z-5.000 F400.000
G1 X-21.613 Y-124.664 Z-5.000 F400.000
G1 X-21.590 Y-124.721 Z-5.000 F400.000
G1 X-21.585 Y-124.737 Z-5.000 F400.000
G1 X-21.582 Y-124.755 Z-5.000 F400.000
G1 X-21.579 Y-124.815 Z-5.000 F400.000
G1 X-21.579 Y-127.706 Z-5.000 F400.000
G1 X-21.590 Y-127.815 Z-5.000 F400.000
G1 X-21.599 Y-127.844 Z-5.000 F400.000
G1 X-21.613 Y-127.870 Z-5.000 F400.000
G1 X-21.632 Y-127.894 Z-5.000 F400.000
G1 X-21.656 Y-127.913 Z-5.000 F400.000
G1 X-21.682 Y-127.928 Z-5.000 F400.000
G1 X-21.711 Y-127.936 Z-5.000 F400.000
G1 X-21.820 Y-127.947 Z-5.000 F400.000
G1 X-23.225 Y-127.947 Z-5.000 F400.000
G1 X-23.432 Y-127.961 Z-5.000 F400.000
G1 X-23.691 Y-127.995 Z-5.000 F400.000
G1 X-24.091 Y-128.102 Z-5.000 F400.000
G1 X-24.333 Y-128.202 Z-5.000 F400.000
G1 X-24.691 Y-128.409 Z-5.000 F400.000
G1 X-24.899 Y-128.568 Z-5.000 F400.000
G1 X-25.192 Y-128.861 Z-5.000 F400.000
G1 X-25.350 Y-129.068 Z-5.000 F400.000
G1 X-25.558 Y-129.427 Z-5.000 F400.000
G1 X-25.658 Y-129.668 Z-5.000 F400.000
G1 X-25.765 Y-130.068 Z-5.000 F400.000
G1 X-25.799 Y-130.327 Z-5.000 F400.000
G1 X-25.812 Y-130.534 Z-5.000 F400.000
G1 X-25.812 Y-153.197 Z-5.000 F400.000
G1 X-25.800 Y-153.474 Z-5.000 F400.000
G1 X-25.750 Y-153.834 Z-5.000 F400.000
G1 X-25.661 Y-154.187 Z-5.000 F400.000
G1 X-25.534 Y-154.528 Z-5.000 F400.000
G1 X-21.613 Y-162.943 Z-5.000 F400.000
G1 X-21.590 Y-163.000 Z-5.000 F400.000
G1 X-21.585 Y-163.016 Z-5.000 F400.000
G1 X-21.582 Y-163.034 Z-5.000 F400.000
G1 X-21.579 Y-163.094 Z-5.000 F400.000
G1 X-21.579 Y-165.986 Z-5.000 F400.000
G1 X-21.590 Y-166.094 Z-5.000 F400.000
G1 X-21.599 Y-166.123 Z-5.000 F400.000
G1 X-21.613 Y-166.150 Z-5.000 F400.000
G1 X-21.632 Y-166.173 Z-5.000 F400.000
G1 X-21.656 Y-166.192 Z-5.000 F400.000
G1 X-21.682 Y-166.207 Z-5.000 F400.000
G1 X-21.711 Y-166.215 Z-5.000 F400.000
G1 X-21.820 Y-166.226 Z-5.000 F400.000
G1 X-23.225 Y-166.226 Z-5.000 F400.000
G1 X-23.432 Y-166.240 Z-5.000 F400.000
G1 X-23.691 Y-166.274 Z-5.000 F400.000
G1 X-24.091 Y-166.381 Z-5.000 F400.000
G1 X-24.333 Y-166.481 Z-5.000 F400.000
G1 X-24.691 Y-166.688 Z-5.000 F400.000
G1 X-24.899 Y-166.847 Z-5.000 F400.000
G1 X-25.192 Y-167.140 Z-5.000 F400.000
G1 X-25.350 Y-167.347 Z-5.000 F400.000
G1 X-25.558 Y-167.706 Z-5.000 F400.000
G1 X-25.658 Y-167.947 Z-5.000 F400.000
G1 X-25.765 Y-168.347 Z-5.000 F400.000
G1 X-25.799 Y-168.606 Z-5.000 F400.000
G1 X-25.812 Y-168.813 Z-5.000 F400.000
G1 X-25.812 Y-191.476 Z-5.000 F400.000
G1 X-25.800 Y-191.753 Z-5.000 F400.000
G1 X-25.750 Y-192.113 Z-5.000 F400.000
G1 X-25.661 Y-192.466 Z-5.000 F400.000
G1 X-25.534 Y-192.807 Z-5.000 F400.000
G1 X-21.613 Y-201.222 Z-5.000 F400.000
G1 X-21.590 Y-201.279 Z-5.000 F400.000
G1 X-21.585 Y-201.295 Z-5.000 F400.000
G1 X-21.582 Y-201.313 Z-5.000 F400.000
G1 X-21.579 Y-201.373 Z-5.000 F400.000
G1 X-21.579 Y-204.265 Z-5.000 F400.000
G1 X-21.590 Y-204.373 Z-5.000 F400.000
G1 X-21.599 Y-204.402 Z-5.000 F400.000
G1 X-21.613 Y-204.429 Z-5.000 F400.000
G1 X-21.632 Y-204.452 Z-5.000 F400.000
G1 X-21.656 Y-204.471 Z-5.000 F400.000
G1 X-21.682 Y-204.486 Z-5.000 F400.000
G1 X-21.711 Y-204.494 Z-5.000 F400.000
G1 X-21.820 Y-204.505 Z-5.000 F400.000
G1 X-23.225 Y-204.505 Z-5.000 F400.000
G1 X-23.432 Y-204.519 Z-5.000 F400.000
G1 X-23.691 Y-204.553 Z-5.000 F400.000
G1 X-24.091 Y-204.660 Z-5.000 F400.000
G1 X-24.333 Y-204.760 Z-5.000 F400.000
G1 X-24.691 Y-204.967 Z-5.000 F400.000
G1 X-24.899 Y-205.126 Z-5.000 F400.000
G1 X-25.192 Y-205.419 Z-5.000 F400.000
G1 X-25.350 Y-205.626 Z-5.000 F400.000
G1 X-25.558 Y-205.985 Z-5.000 F400.000
G1 X-25.658 Y-206.226 Z-5.000 F400.000
G1 X-25.765 Y-206.626 Z-5.000 F400.000
G1 X-25.799 Y-206.885 Z-5.000 F400.000
G1 X-25.812 Y-207.093 Z-5.000 F400.000
G1 X-25.812 Y-227.500 Z-5.000 F400.000
G0 Z5.000
G0 X-25.812 Y-2.500
G0 Z3.000
G1 X-25.812 Y-2.500 Z-5.200 F250.000
G1 X-25.812 Y-21.017 Z-5.200 F400.000
G1 X-25.771 Y-21.514 Z-5.200 F400.000
G1 X-25.711 Y-21.819 Z-5.200 F400.000
G1 X-25.611 Y-22.148 Z-5.200 F400.000
G1 X-25.492 Y-22.435 Z-5.200 F400.000
G1 X-25.330 Y-22.738 Z-5.200 F400.000
G1 X-25.157 Y-22.996 Z-5.200 F400.000
G1 X-24.940 Y-23.262 Z-5.200 F400.000
G1 X-24.720 Y-23.482 Z-5.200 F400.000
G1 X-24.454 Y-23.699 Z-5.200 F400.000
G1 X-24.196 Y-23.872 Z-5.200 F400.000
G1 X-23.893 Y-24.034 Z-5.200 F400.000
G1 X-23.606 Y-24.153 Z-5.200 F400.000
G1 X-23.277 Y-24.253 Z-5.200 F400.000
G1 X-22.972 Y-24.313 Z-5.200 F400.000
G1 X-22.631 Y-24.347 Z-5.200 F400.000
G1 X-19.705 Y-24.354 Z-5.200 F400.000
G1 X-19.595 Y-24.365 Z-5.200 F400.000
G1 X-19.566 Y-24.374 Z-5.200 F400.000
G1 X-19.539 Y-24.388 Z-5.200 F400.000
G1 X-19.516 Y-24.408 Z-5.200 F400.000
G1 X-19.496 Y-24.431 Z-5.200 F400.000
G1 X-19.482 Y-24.458 Z-5.200 F400.000
G1 X-19.473 Y-24.487 Z-5.200 F400.000
G1 X-19.462 Y-24.595 Z-5.200 F400.000
G1 X-19.463 Y-26.302 Z-5.200 F400.000
G1 X-19.473 Y-26.410 Z-5.200 F400.000
G1 X-19.482 Y-26.439 Z-5.200 F400.000
G1 X-19.496 Y-26.466 Z-5.200 F400.000
G1 X-19.516 Y-26.489 Z-5.200 F400.000
G1 X-19.539 Y-26.508 Z-5.200 F400.000
G1 X-19.566 Y-26.523 Z-5.200 F400.000
G1 X-19.595 Y-26.531 Z-5.200 F400.000
G1 X-19.703 Y-26.542 Z-5.200 F400.000
G1 X-22.475 Y-26.542 Z-5.200 F400.000
G1 X-22.972 Y-26.583 Z-5.200 F400.000
G1 X-23.277 Y-26.644 Z-5.200 F400.000
G1 X-23.606 Y-26.744 Z-5.200 F400.000
G1 X-23.893 Y-26.863 Z-5.200 F400.000
G1 X-24.196 Y-27.024 Z-5.200 F400.000
G1 X-24.454 Y-27.197 Z-5.200 F400.000
G1 X-24.720 Y-27.415 Z-5.200 F400.000
G1 X-24.940 Y-27.635 Z-5.200 F400.000
G1 X-25.157 Y-27.900 Z-5.200 F400.000
G1 X-25.330 Y-28.159 Z-5.200 F400.000
G1 X-25.492 Y-28.462 Z-5.200 F400.000
G1 X-25.611 Y-28.749 Z-5.200 F400.000
G1 X-25.711 Y-29.077 Z-5.200 F400.000
G1 X-25.771 Y-29.383 Z-5.200 F400.000
G1 X-25.805 Y-29.724 Z-5.200 F400.000
G1 X-25.812 Y-38.360 Z-5.200 F400.000
G1 X-25.800 Y-38.637 Z-5.200 F400.000
G1 X-25.750 Y-38.997 Z-5.200 F400.000
G1 X-25.661 Y-39.350 Z-5.200 F400.000
G1 X-25.534 Y-39.691 Z-5.200 F400.000
G1 X-21.613 Y-48.106 Z-5.200 F400.000
G1 X-21.590 Y-48.162 Z-5.200 F400.000
G1 X-21.585 Y-48.179 Z-5.200 F400.000
G1 X-21.582 Y-48.197 Z-5.200 F400.000
G1 X-21.579 Y-48.257 Z-5.200 F400.000
G1 X-21.579 Y-51.148 Z-5.200 F400.000
G1 X-21.590 Y-51.257 Z-5.200 F400.000
G1 X-21.599 Y-51.286 Z-5.200 F400.000
G1 X-21.613 Y-51.312 Z-5.200 F400.000
G1 X-21.632 Y-51.336 Z-5.200 F400.000
G1 X-21.656 Y-51.355 Z-5.200 F400.000
G1 X-21.682 Y-51.369 Z-5.200 F400.000
G1 X-21.711 Y-51.378 Z-5.200 F400.000
G1 X-21.820 Y-51.389 Z-5.200 F400.000
G1 X-23.225 Y-51.389 Z-5.200 F400.000
G1 X-23.432 Y-51.403 Z-5.200 F400.000
G1 X-23.691 Y-51.437 Z-5.200 F400.000
G1 X-24.091 Y-51.544 Z-5.200 F400.000
G1 X-24.333 Y-51.644 Z-5.200 F400.000
G1 X-24.691 Y-51.851 Z-5.200 F400.000
G1 X-24.899 Y-52.010 Z-5.200 F400.000
G1 X-25.192 Y-52.303 Z-5.200 F400.000
G1 X-25.350 Y-52.510 Z-5.200 F400.000
G1 X-25.558 Y-52.869 Z-5.200 F400.000
G1 X-25.658 Y-53.110 Z-5.200 F400.000
G1 X-25.765 Y-53.510 Z-5.200 F400.000
G1 X-25.799 Y-53.769 Z-5.200 F400.000
G1 X-25.812 Y-53.976 Z-5.200 F400.000
G1 X-25.812 Y-76.639 Z-5.200 F400.000
G1 X-25.800 Y-76.916 Z-5.200 F400.000
G1 X-25.750 Y-77.276 Z-5.200 F400.000
G1 X-25.661 Y-77.629 Z-5.200 F400.000
G1 X-25.534 Y-77.970 Z-5.200 F400.000
G1 X-21.613 Y-86.385 Z-5.200 F400.000
G1 X-21.590 Y-86.441 Z-5.200 F400.000
G1 X-21.585 Y-86.458 Z-5.200 F400.000
G1 X-21.582 Y-86.476 Z-5.200 F400.000
G1 X-21.579 Y-86.536 Z-5.200 F400.000
G1 X-21.579 Y-89.427 Z-5.200 F400.000
G1 X-21.590 Y-89.536 Z-5.200 F400.000
G1 X-21.599 Y-89.565 Z-5.200 F400.000
G1 X-21.613 Y-89.591 Z-5.200 F400.000
G1 X-21.632 Y-89.615 Z-5.200 F400.000
G1 X-21.656 Y-89.634 Z-5.200 F400.000
G1 X-21.682 Y-89.649 Z-5.200 F400.000
G1 X-21.711 Y-89.657 Z-5.200 F400.000
G1 X-21.820 Y-89.668 Z-5.200 F400.000
G1 X-23.225 Y-89.668 Z-5.200 F400.000
G1 X-23.432 Y-89.682 Z-5.200 F400.000
G1 X-23.691 Y-89.716 Z-5.200 F400.000
G1 X-24.091 Y-89.823 Z-5.200 F400.000
G1 X-24.333 Y-89.923 Z-5.200 F400.000
G1 X-24.691 Y-90.130 Z-5.200 F400.000
G1 X-24.899 Y-90.289 Z-5.200 F400.000
G1 X-25.192 Y-90.582 Z-5.200 F400.000
G1 X-25.350 Y-90.789 Z-5.200 F400.000
G1 X-25.558 Y-91.148 Z-5.200 F400.000
G1 X-25.658 Y-91.389 Z-5.200 F400.000
G1 X-25.765 Y-91.789 Z-5.200 F400.000
G1 X-25.799 Y-92.048 Z-5.200 F400.000
G1 X-25.812 Y-92.255 Z-5.200 F400.000
G1 X-25.812 Y-114.918 Z-5.200 F400.000
G1 X-25.800 Y-115.195 Z-5.200 F400.000
G1 X-25.750 Y-115.555 Z-5.200 F400.000
G1 X-25.661 Y-115.908 Z-5.200 F400.000
G1 X-25.534 Y-116.249 Z-5.200 F400.000
G1 X-21.613 Y-124.664 Z-5.200 F400.000
G1 X-21.590 Y-124.721 Z-5.200 F400.000
G1 X-21.585 Y-124.737 Z-5.200 F400.000
G1 X-21.582 Y-124.755 Z-5.200 F400.000
G1 X-21.579 Y-124.815 Z-5.200 F400.000
G1 X-21.579 Y-127.706 Z-5.200 F400.000
G1 X-21.590 Y-127.815 Z-5.200 F400.000
G1 X-21.599 Y-127.844 Z-5.200 F400.000
G1 X-21.613 Y-127.870 Z-5.200 F400.000
G1 X-21.632 Y-127.894 Z-5.200 F400.000
G1 X-21.656 Y-127.913 Z-5.200 F400.000
G1 X-21.682 Y-127.928 Z-5.200 F400.000
G1 X-21.711 Y-127.936 Z-5.200 F400.000
G1 X-21.820 Y-127.947 Z-5.200 F400.000
G1 X-23.225 Y-127.947 Z-5.200 F400.000
G1 X-23.432 Y-127.961 Z-5.200 F400.000
G1 X-23.691 Y-127.995 Z-5.200 F400.000
G1 X-24.091 Y-128.102 Z-5.200 F400.000
G1 X-24.333 Y-128.202 Z-5.200 F400.000
G1 X-24.691 Y-128.409 Z-5.200 F400.000
G1 X-24.899 Y-128.568 Z-5.200 F400.000
G1 X-25.192 Y-128.861 Z-5.200 F400.000
G1 X-25.350 Y-129.068 Z-5.200 F400.000
G1 X-25.558 Y-129.427 Z-5.200 F400.000
G1 X-25.658 Y-129.668 Z-5.200 F400.000
G1 X-25.765 Y-130.068 Z-5.200 F400.000
G1 X-25.799 Y-130.327 Z-5.200 F400.000
G1 X-25.812 Y-130.534 Z-5.200 F400.000
G1 X-25.812 Y-153.197 Z-5.200 F400.000
G1 X-25.800 Y-153.474 Z-5.200 F400.000
G1 X-25.750 Y-153.834 Z-5.200 F400.000
G1 X-25.661 Y-154.187 Z-5.200 F400.000
G1 X-25.534 Y-154.528 Z-5.200 F400.000
G1 X-21.613 Y-162.943 Z-5.200 F400.000
G1 X-21.590 Y-163.000 Z-5.200 F400.000
G1 X-21.585 Y-163.016 Z-5.200 F400.000
G1 X-21.582 Y-163.034 Z-5.200 F400.000
G1 X-21.579 Y-163.094 Z-5.200 F400.000
G1 X-21.579 Y-165.986 Z-5.200 F400.000
G1 X-21.590 Y-166.094 Z-5.200 F400.000
G1 X-21.599 Y-166.123 Z-5.200 F400.000
G1 X-21.613 Y-166.150 Z-5.200 F400.000
G1 X-21.632 Y-166.173 Z-5.200 F400.000
G1 X-21.656 Y-166.192 Z-5.200 F400.000
G1 X-21.682 Y-166.207 Z-5.200 F400.000
G1 X-21.711 Y-166.215 Z-5.200 F400.000
G1 X-21.820 Y-166.226 Z-5.200 F400.000
G1 X-23.225 Y-166.226 Z-5.200 F400.000
G1 X-23.432 Y-166.240 Z-5.200 F400.000
G1 X-23.691 Y-166.274 Z-5.200 F400.000
G1 X-24.091 Y-166.381 Z-5.200 F400.000
G1 X-24.333 Y-166.481 Z-5.200 F400.000
G1 X-24.691 Y-166.688 Z-5.200 F400.000
G1 X-24.899 Y-166.847 Z-5.200 F400.000
G1 X-25.192 Y-167.140 Z-5.200 F400.000
G1 X-25.350 Y-167.347 Z-5.200 F400.000
G1 X-25.558 Y-167.706 Z-5.200 F400.000
G1 X-25.658 Y-167.947 Z-5.200 F400.000
G1 X-25.765 Y-168.347 Z-5.200 F400.000
G1 X-25.799 Y-168.606 Z-5.200 F400.000
G1 X-25.812 Y-168.813 Z-5.200 F400.000
G1 X-25.812 Y-191.476 Z-5.200 F400.000
G1 X-25.800 Y-191.753 Z-5.200 F400.000
G1 X-25.750 Y-192.113 Z-5.200 F400.000
G1 X-25.661 Y-192.466 Z-5.200 F400.000
G1 X-25.534 Y-192.807 Z-5.200 F400.000
G1 X-21.613 Y-201.222 Z-5.200 F400.000
G1 X-21.590 Y-201.279 Z-5.200 F400.000
G1 X-21.585 Y-201.295 Z-5.200 F400.000
G1 X-21.582 Y-201.313 Z-5.200 F400.000
G1 X-21.579 Y-201.373 Z-5.200 F400.000
G1 X-21.579 Y-204.265 Z-5.200 F400.000
G1 X-21.590 Y-204.373 Z-5.200 F400.000
G1 X-21.599 Y-204.402 Z-5.200 F400.000
G1 X-21.613 Y-204.429 Z-5.200 F400.000
G1 X-21.632 Y-204.452 Z-5.200 F400.000
G1 X-21.656 Y-204.471 Z-5.200 F400.000
G1 X-21.682 Y-204.486 Z-5.200 F400.000
G1 X-21.711 Y-204.494 Z-5.200 F400.000
G1 X-21.820 Y-204.505 Z-5.200 F400.000
G1 X-23.225 Y-204.505 Z-5.200 F400.000
G1 X-23.432 Y-204.519 Z-5.200 F400.000
G1 X-23.691 Y-204.553 Z-5.200 F400.000
G1 X-24.091 Y-204.660 Z-5.200 F400.000
G1 X-24.333 Y-204.760 Z-5.200 F400.000
G1 X-24.691 Y-204.967 Z-5.200 F400.000
G1 X-24.899 Y-205.126 Z-5.200 F400.000
G1 X-25.192 Y-205.419 Z-5.200 F400.000
G1 X-25.350 Y-205.626 Z-5.200 F400.000
G1 X-25.558 Y-205.985 Z-5.200 F400.000
G1 X-25.658 Y-206.226 Z-5.200 F400.000
G1 X-25.765 Y-206.626 Z-5.200 F400.000
G1 X-25.799 Y-206.885 Z-5.200 F400.000
G1 X-25.812 Y-207.093 Z-5.200 F400.000
G1 X-25.812 Y-227.500 Z-5.200 F400.000
G0 Z5.000
G0 Z5.000
(Finish operation: Profile007)
(Begin operation: RampEntryDressup004)
(Path: RampEntryDressup004)
G0 X0.000 Y0.000 Z5.000
G0 X-11.525 Y-0.913 Z5.000
G0 X-11.525 Y-0.913 Z3.000
G1 X-24.225 Y-0.913 Z2.112 F400.000
G1 X-11.525 Y-0.913 Z1.224 F400.000
G1 X-24.225 Y-0.913 Z0.336 F400.000
G1 X-16.563 Y-0.913 Z-0.200 F400.000
G1 X-11.525 Y-0.913 Z-0.200 F400.000
G1 X-24.225 Y-0.913 Z-0.200 F400.000
G0 X-24.225 Y-0.913 Z5.000
G0 X-11.525 Y-0.913 Z5.000
G0 X-11.525 Y-0.913 Z3.000
G1 X-24.225 Y-0.913 Z2.112 F400.000
G1 X-11.525 Y-0.913 Z1.224 F400.000
G1 X-24.225 Y-0.913 Z0.336 F400.000
G1 X-13.703 Y-0.913 Z-0.400 F400.000
G1 X-11.525 Y-0.913 Z-0.400 F400.000
G1 X-24.225 Y-0.913 Z-0.400 F400.000
G0 X-24.225 Y-0.913 Z5.000
G0 X-11.525 Y-0.913 Z5.000
G0 X-11.525 Y-0.913 Z3.000
G1 X-24.225 Y-0.913 Z2.112 F400.000
G1 X-11.525 Y-0.913 Z1.224 F400.000
G1 X-24.225 Y-0.913 Z0.336 F400.000
G1 X-11.525 Y-0.913 Z-0.552 F400.000
G1 X-12.207 Y-0.913 Z-0.600 F400.000
G1 X-11.525 Y-0.913 Z-0.600 F400.000
G1 X-24.225 Y-0.913 Z-0.600 F400.000
G0 X-24.225 Y-0.913 Z5.000
G0 X-11.525 Y-0.913 Z5.000
G0 X-11.525 Y-0.913 Z3.000
G1 X-24.225 Y-0.913 Z2.112 F400.000
G1 X-11.525 Y-0.913 Z1.224 F400.000
G1 X-24.225 Y-0.913 Z0.336 F400.000
G1 X-11.525 Y-0.913 Z-0.552 F400.000
G1 X-15.068 Y-0.913 Z-0.800 F400.000
G1 X-11.525 Y-0.913 Z-0.800 F400.000
G1 X-24.225 Y-0.913 Z-0.800 F400.000
G0 X-24.225 Y-0.913 Z5.000
G0 X-11.525 Y-0.913 Z5.000
G0 X-11.525 Y-0.913 Z3.000
G1 X-24.225 Y-0.913 Z2.112 F400.000
G1 X-11.525 Y-0.913 Z1.224 F400.000
G1 X-24.225 Y-0.913 Z0.336 F400.000
G1 X-11.525 Y-0.913 Z-0.552 F400.000
G1 X-17.928 Y-0.913 Z-1.000 F400.000
G1 X-11.525 Y-0.913 Z-1.000 F400.000
G1 X-24.225 Y-0.913 Z-1.000 F400.000
G0 X-24.225 Y-0.913 Z5.000
G0 X-11.525 Y-0.913 Z5.000
G0 X-11.525 Y-0.913 Z3.000
G1 X-24.225 Y-0.913 Z2.112 F400.000
G1 X-11.525 Y-0.913 Z1.224 F400.000
G1 X-24.225 Y-0.913 Z0.336 F400.000
G1 X-11.525 Y-0.913 Z-0.552 F400.000
G1 X-20.788 Y-0.913 Z-1.200 F400.000
G1 X-11.525 Y-0.913 Z-1.200 F400.000
G1 X-24.225 Y-0.913 Z-1.200 F400.000
G0 X-24.225 Y-0.913 Z5.000
G0 X-11.525 Y-0.913 Z5.000
G0 X-11.525 Y-0.913 Z3.000
G1 X-24.225 Y-0.913 Z2.112 F400.000
G1 X-11.525 Y-0.913 Z1.224 F400.000
G1 X-24.225 Y-0.913 Z0.336 F400.000
G1 X-11.525 Y-0.913 Z-0.552 F400.000
G1 X-23.648 Y-0.913 Z-1.400 F400.000
G1 X-11.525 Y-0.913 Z-1.400 F400.000
G1 X-24.225 Y-0.913 Z-1.400 F400.000
G0 X-24.225 Y-0.913 Z5.000
G0 X-11.525 Y-0.913 Z5.000
G0 X-11.525 Y-0.913 Z3.000
G1 X-24.225 Y-0.913 Z2.112 F400.000
G1 X-11.525 Y-0.913 Z1.224 F400.000
G1 X-24.225 Y-0.913 Z0.336 F400.000
G1 X-11.525 Y-0.913 Z-0.552 F400.000
G1 X-24.225 Y-0.913 Z-1.440 F400.000
G1 X-21.942 Y-0.913 Z-1.600 F400.000
G1 X-11.525 Y-0.913 Z-1.600 F400.000
G1 X-24.225 Y-0.913 Z-1.600 F400.000
G0 X-24.225 Y-0.913 Z5.000
G0 X-11.525 Y-0.913 Z5.000
G0 X-11.525 Y-0.913 Z3.000
G1 X-24.225 Y-0.913 Z2.112 F400.000
G1 X-11.525 Y-0.913 Z1.224 F400.000
G1 X-24.225 Y-0.913 Z0.336 F400.000
G1 X-11.525 Y-0.913 Z-0.552 F400.000
G1 X-24.225 Y-0.913 Z-1.440 F400.000
G1 X-19.082 Y-0.913 Z-1.800 F400.000
G1 X-11.525 Y-0.913 Z-1.800 F400.000
G1 X-24.225 Y-0.913 Z-1.800 F400.000
G0 X-24.225 Y-0.913 Z5.000
G0 X-11.525 Y-0.913 Z5.000
G0 X-11.525 Y-0.913 Z3.000
G1 X-24.225 Y-0.913 Z2.112 F400.000
G1 X-11.525 Y-0.913 Z1.224 F400.000
G1 X-24.225 Y-0.913 Z0.336 F400.000
G1 X-11.525 Y-0.913 Z-0.552 F400.000
G1 X-24.225 Y-0.913 Z-1.440 F400.000
G1 X-16.222 Y-0.913 Z-2.000 F400.000
G1 X-11.525 Y-0.913 Z-2.000 F400.000
G1 X-24.225 Y-0.913 Z-2.000 F400.000
G0 X-24.225 Y-0.913 Z5.000
G0 X-11.525 Y-0.913 Z5.000
G0 X-11.525 Y-0.913 Z3.000
G1 X-24.225 Y-0.913 Z2.112 F400.000
G1 X-11.525 Y-0.913 Z1.224 F400.000
G1 X-24.225 Y-0.913 Z0.336 F400.000
G1 X-11.525 Y-0.913 Z-0.552 F400.000
G1 X-24.225 Y-0.913 Z-1.440 F400.000
G1 X-13.362 Y-0.913 Z-2.200 F400.000
G1 X-11.525 Y-0.913 Z-2.200 F400.000
G1 X-24.225 Y-0.913 Z-2.200 F400.000
G0 X-24.225 Y-0.913 Z5.000
G0 X-11.525 Y-0.913 Z5.000
G0 X-11.525 Y-0.913 Z3.000
G1 X-24.225 Y-0.913 Z2.112 F400.000
G1 X-11.525 Y-0.913 Z1.224 F400.000
G1 X-24.225 Y-0.913 Z0.336 F400.000
G1 X-11.525 Y-0.913 Z-0.552 F400.000
G1 X-24.225 Y-0.913 Z-1.440 F400.000
G1 X-11.525 Y-0.913 Z-2.328 F400.000
G1 X-12.549 Y-0.913 Z-2.400 F400.000
G1 X-11.525 Y-0.913 Z-2.400 F400.000
G1 X-24.225 Y-0.913 Z-2.400 F400.000
G0 X-24.225 Y-0.913 Z5.000
G0 X-11.525 Y-0.913 Z5.000
G0 X-11.525 Y-0.913 Z3.000
G1 X-24.225 Y-0.913 Z2.112 F400.000
G1 X-11.525 Y-0.913 Z1.224 F400.000
G1 X-24.225 Y-0.913 Z0.336 F400.000
G1 X-11.525 Y-0.913 Z-0.552 F400.000
G1 X-24.225 Y-0.913 Z-1.440 F400.000
G1 X-11.525 Y-0.913 Z-2.328 F400.000
G1 X-15.409 Y-0.913 Z-2.600 F400.000
G1 X-11.525 Y-0.913 Z-2.600 F400.000
G1 X-24.225 Y-0.913 Z-2.600 F400.000
G0 X-24.225 Y-0.913 Z5.000
G0 X-11.525 Y-0.913 Z5.000
G0 X-11.525 Y-0.913 Z3.000
G1 X-24.225 Y-0.913 Z2.112 F400.000
G1 X-11.525 Y-0.913 Z1.224 F400.000
G1 X-24.225 Y-0.913 Z0.336 F400.000
G1 X-11.525 Y-0.913 Z-0.552 F400.000
G1 X-24.225 Y-0.913 Z-1.440 F400.000
G1 X-11.525 Y-0.913 Z-2.328 F400.000
G1 X-18.269 Y-0.913 Z-2.800 F400.000
G1 X-11.525 Y-0.913 Z-2.800 F400.000
G1 X-24.225 Y-0.913 Z-2.800 F400.000
G0 X-24.225 Y-0.913 Z5.000
G0 X-11.525 Y-0.913 Z5.000
G0 X-11.525 Y-0.913 Z3.000
G1 X-24.225 Y-0.913 Z2.112 F400.000
G1 X-11.525 Y-0.913 Z1.224 F400.000
G1 X-24.225 Y-0.913 Z0.336 F400.000
G1 X-11.525 Y-0.913 Z-0.552 F400.000
G1 X-24.225 Y-0.913 Z-1.440 F400.000
G1 X-11.525 Y-0.913 Z-2.328 F400.000
G1 X-21.129 Y-0.913 Z-3.000 F400.000
G1 X-11.525 Y-0.913 Z-3.000 F400.000
G1 X-24.225 Y-0.913 Z-3.000 F400.000
G0 X-24.225 Y-0.913 Z5.000
G0 X-11.525 Y-0.913 Z5.000
G0 X-11.525 Y-0.913 Z3.000
G1 X-24.225 Y-0.913 Z2.112 F400.000
G1 X-11.525 Y-0.913 Z1.224 F400.000
G1 X-24.225 Y-0.913 Z0.336 F400.000
G1 X-11.525 Y-0.913 Z-0.552 F400.000
G1 X-24.225 Y-0.913 Z-1.440 F400.000
G1 X-11.525 Y-0.913 Z-2.328 F400.000
G1 X-23.989 Y-0.913 Z-3.200 F400.000
G1 X-11.525 Y-0.913 Z-3.200 F400.000
G1 X-24.225 Y-0.913 Z-3.200 F400.000
G0 X-24.225 Y-0.913 Z5.000
G0 X-11.525 Y-0.913 Z5.000
G0 X-11.525 Y-0.913 Z3.000
G1 X-24.225 Y-0.913 Z2.112 F400.000
G1 X-11.525 Y-0.913 Z1.224 F400.000
G1 X-24.225 Y-0.913 Z0.336 F400.000
G1 X-11.525 Y-0.913 Z-0.552 F400.000
G1 X-24.225 Y-0.913 Z-1.440 F400.000
G1 X-11.525 Y-0.913 Z-2.328 F400.000
G1 X-24.225 Y-0.913 Z-3.216 F400.000
G1 X-21.601 Y-0.913 Z-3.400 F400.000
G1 X-11.525 Y-0.913 Z-3.400 F400.000
G1 X-24.225 Y-0.913 Z-3.400 F400.000
G0 X-24.225 Y-0.913 Z5.000
G0 X-11.525 Y-0.913 Z5.000
G0 X-11.525 Y-0.913 Z3.000
G1 X-24.225 Y-0.913 Z2.112 F400.000
G1 X-11.525 Y-0.913 Z1.224 F400.000
G1 X-24.225 Y-0.913 Z0.336 F400.000
G1 X-11.525 Y-0.913 Z-0.552 F400.000
G1 X-24.225 Y-0.913 Z-1.440 F400.000
G1 X-11.525 Y-0.913 Z-2.328 F400.000
G1 X-24.225 Y-0.913 Z-3.216 F400.000
G1 X-18.741 Y-0.913 Z-3.600 F400.000
G1 X-11.525 Y-0.913 Z-3.600 F400.000
G1 X-24.225 Y-0.913 Z-3.600 F400.000
G0 X-24.225 Y-0.913 Z5.000
G0 X-11.525 Y-0.913 Z5.000
G0 X-11.525 Y-0.913 Z3.000
G1 X-24.225 Y-0.913 Z2.112 F400.000
G1 X-11.525 Y-0.913 Z1.224 F400.000
G1 X-24.225 Y-0.913 Z0.336 F400.000
G1 X-11.525 Y-0.913 Z-0.552 F400.000
G1 X-24.225 Y-0.913 Z-1.440 F400.000
G1 X-11.525 Y-0.913 Z-2.328 F400.000
G1 X-24.225 Y-0.913 Z-3.216 F400.000
G1 X-15.880 Y-0.913 Z-3.800 F400.000
G1 X-11.525 Y-0.913 Z-3.800 F400.000
G1 X-24.225 Y-0.913 Z-3.800 F400.000
G0 X-24.225 Y-0.913 Z5.000
G0 X-11.525 Y-0.913 Z5.000
G0 X-11.525 Y-0.913 Z3.000
G1 X-24.225 Y-0.913 Z2.112 F400.000
G1 X-11.525 Y-0.913 Z1.224 F400.000
G1 X-24.225 Y-0.913 Z0.336 F400.000
G1 X-11.525 Y-0.913 Z-0.552 F400.000
G1 X-24.225 Y-0.913 Z-1.440 F400.000
G1 X-11.525 Y-0.913 Z-2.328 F400.000
G1 X-24.225 Y-0.913 Z-3.216 F400.000
G1 X-13.020 Y-0.913 Z-4.000 F400.000
G1 X-11.525 Y-0.913 Z-4.000 F400.000
G1 X-24.225 Y-0.913 Z-4.000 F400.000
G0 X-24.225 Y-0.913 Z5.000
G0 X-11.525 Y-0.913 Z5.000
G0 X-11.525 Y-0.913 Z3.000
G1 X-24.225 Y-0.913 Z2.112 F400.000
G1 X-11.525 Y-0.913 Z1.224 F400.000
G1 X-24.225 Y-0.913 Z0.336 F400.000
G1 X-11.525 Y-0.913 Z-0.552 F400.000
G1 X-24.225 Y-0.913 Z-1.440 F400.000
G1 X-11.525 Y-0.913 Z-2.328 F400.000
G1 X-24.225 Y-0.913 Z-3.216 F400.000
G1 X-11.525 Y-0.913 Z-4.105 F400.000
G1 X-12.890 Y-0.913 Z-4.200 F400.000
G1 X-11.525 Y-0.913 Z-4.200 F400.000
G1 X-24.225 Y-0.913 Z-4.200 F400.000
G0 X-24.225 Y-0.913 Z5.000
G0 X-11.525 Y-0.913 Z5.000
G0 X-11.525 Y-0.913 Z3.000
G1 X-24.225 Y-0.913 Z2.112 F400.000
G1 X-11.525 Y-0.913 Z1.224 F400.000
G1 X-24.225 Y-0.913 Z0.336 F400.000
G1 X-11.525 Y-0.913 Z-0.552 F400.000
G1 X-24.225 Y-0.913 Z-1.440 F400.000
G1 X-11.525 Y-0.913 Z-2.328 F400.000
G1 X-24.225 Y-0.913 Z-3.216 F400.000
G1 X-11.525 Y-0.913 Z-4.105 F400.000
G1 X-15.750 Y-0.913 Z-4.400 F400.000
G1 X-11.525 Y-0.913 Z-4.400 F400.000
G1 X-24.225 Y-0.913 Z-4.400 F400.000
G0 X-24.225 Y-0.913 Z5.000
G0 X-11.525 Y-0.913 Z5.000
G0 X-11.525 Y-0.913 Z3.000
G1 X-24.225 Y-0.913 Z2.112 F400.000
G1 X-11.525 Y-0.913 Z1.224 F400.000
G1 X-24.225 Y-0.913 Z0.336 F400.000
G1 X-11.525 Y-0.913 Z-0.552 F400.000
G1 X-24.225 Y-0.913 Z-1.440 F400.000
G1 X-11.525 Y-0.913 Z-2.328 F400.000
G1 X-24.225 Y-0.913 Z-3.216 F400.000
G1 X-11.525 Y-0.913 Z-4.105 F400.000
G1 X-18.610 Y-0.913 Z-4.600 F400.000
G1 X-11.525 Y-0.913 Z-4.600 F400.000
G1 X-24.225 Y-0.913 Z-4.600 F400.000
G0 X-24.225 Y-0.913 Z5.000
G0 X-11.525 Y-0.913 Z5.000
G0 X-11.525 Y-0.913 Z3.000
G1 X-24.225 Y-0.913 Z2.112 F400.000
G1 X-11.525 Y-0.913 Z1.224 F400.000
G1 X-24.225 Y-0.913 Z0.336 F400.000
G1 X-11.525 Y-0.913 Z-0.552 F400.000
G1 X-24.225 Y-0.913 Z-1.440 F400.000
G1 X-11.525 Y-0.913 Z-2.328 F400.000
G1 X-24.225 Y-0.913 Z-3.216 F400.000
G1 X-11.525 Y-0.913 Z-4.105 F400.000
G1 X-21.470 Y-0.913 Z-4.800 F400.000
G1 X-11.525 Y-0.913 Z-4.800 F400.000
G1 X-24.225 Y-0.913 Z-4.800 F400.000
G0 X-24.225 Y-0.913 Z5.000
G0 X-11.525 Y-0.913 Z5.000
G0 X-11.525 Y-0.913 Z3.000
G1 X-24.225 Y-0.913 Z2.112 F400.000
G1 X-11.525 Y-0.913 Z1.224 F400.000
G1 X-24.225 Y-0.913 Z0.336 F400.000
G1 X-11.525 Y-0.913 Z-0.552 F400.000
G1 X-24.225 Y-0.913 Z-1.440 F400.000
G1 X-11.525 Y-0.913 Z-2.328 F400.000
G1 X-24.225 Y-0.913 Z-3.216 F400.000
G1 X-11.525 Y-0.913 Z-4.105 F400.000
G1 X-24.225 Y-0.913 Z-4.993 F400.000
G1 X-24.120 Y-0.913 Z-5.000 F400.000
G1 X-11.525 Y-0.913 Z-5.000 F400.000
G1 X-24.225 Y-0.913 Z-5.000 F400.000
G0 X-24.225 Y-0.913 Z5.000
G0 X-11.525 Y-0.913 Z5.000
G0 X-11.525 Y-0.913 Z3.000
G1 X-24.225 Y-0.913 Z2.112 F400.000
G1 X-11.525 Y-0.913 Z1.224 F400.000
G1 X-24.225 Y-0.913 Z0.336 F400.000
G1 X-11.525 Y-0.913 Z-0.552 F400.000
G1 X-24.225 Y-0.913 Z-1.440 F400.000
G1 X-11.525 Y-0.913 Z-2.328 F400.000
G1 X-24.225 Y-0.913 Z-3.216 F400.000
G1 X-11.525 Y-0.913 Z-4.105 F400.000
G1 X-24.225 Y-0.913 Z-4.993 F400.000
G1 X-21.260 Y-0.913 Z-5.200 F400.000
G1 X-11.525 Y-0.913 Z-5.200 F400.000
G1 X-24.225 Y-0.913 Z-5.200 F400.000
G0 X-24.225 Y-0.913 Z5.000
(Finish operation: RampEntryDressup004)
(Begin operation: RampEntryDressup005)
(Path: RampEntryDressup005)
G0 X0.000 Y0.000 Z5.000
G0 X-11.525 Y-229.088 Z5.000
G0 X-11.525 Y-229.088 Z3.000
G1 X-24.225 Y-229.088 Z2.112 F400.000
G1 X-11.525 Y-229.088 Z1.224 F400.000
G1 X-24.225 Y-229.088 Z0.336 F400.000
G1 X-16.563 Y-229.088 Z-0.200 F400.000
G1 X-11.525 Y-229.088 Z-0.200 F400.000
G1 X-24.225 Y-229.088 Z-0.200 F400.000
G0 X-24.225 Y-229.088 Z5.000
G0 X-11.525 Y-229.088 Z5.000
G0 X-11.525 Y-229.088 Z3.000
G1 X-24.225 Y-229.088 Z2.112 F400.000
G1 X-11.525 Y-229.088 Z1.224 F400.000
G1 X-24.225 Y-229.088 Z0.336 F400.000
G1 X-13.703 Y-229.088 Z-0.400 F400.000
G1 X-11.525 Y-229.088 Z-0.400 F400.000
G1 X-24.225 Y-229.088 Z-0.400 F400.000
G0 X-24.225 Y-229.088 Z5.000
G0 X-11.525 Y-229.088 Z5.000
G0 X-11.525 Y-229.088 Z3.000
G1 X-24.225 Y-229.088 Z2.112 F400.000
G1 X-11.525 Y-229.088 Z1.224 F400.000
G1 X-24.225 Y-229.088 Z0.336 F400.000
G1 X-11.525 Y-229.088 Z-0.552 F400.000
G1 X-12.207 Y-229.088 Z-0.600 F400.000
G1 X-11.525 Y-229.088 Z-0.600 F400.000
G1 X-24.225 Y-229.088 Z-0.600 F400.000
G0 X-24.225 Y-229.088 Z5.000
G0 X-11.525 Y-229.088 Z5.000
G0 X-11.525 Y-229.088 Z3.000
G1 X-24.225 Y-229.088 Z2.112 F400.000
G1 X-11.525 Y-229.088 Z1.224 F400.000
G1 X-24.225 Y-229.088 Z0.336 F400.000
G1 X-11.525 Y-229.088 Z-0.552 F400.000
G1 X-15.068 Y-229.088 Z-0.800 F400.000
G1 X-11.525 Y-229.088 Z-0.800 F400.000
G1 X-24.225 Y-229.088 Z-0.800 F400.000
G0 X-24.225 Y-229.088 Z5.000
G0 X-11.525 Y-229.088 Z5.000
G0 X-11.525 Y-229.088 Z3.000
G1 X-24.225 Y-229.088 Z2.112 F400.000
G1 X-11.525 Y-229.088 Z1.224 F400.000
G1 X-24.225 Y-229.088 Z0.336 F400.000
G1 X-11.525 Y-229.088 Z-0.552 F400.000
G1 X-17.928 Y-229.088 Z-1.000 F400.000
G1 X-11.525 Y-229.088 Z-1.000 F400.000
G1 X-24.225 Y-229.088 Z-1.000 F400.000
G0 X-24.225 Y-229.088 Z5.000
G0 X-11.525 Y-229.088 Z5.000
G0 X-11.525 Y-229.088 Z3.000
G1 X-24.225 Y-229.088 Z2.112 F400.000
G1 X-11.525 Y-229.088 Z1.224 F400.000
G1 X-24.225 Y-229.088 Z0.336 F400.000
G1 X-11.525 Y-229.088 Z-0.552 F400.000
G1 X-20.788 Y-229.088 Z-1.200 F400.000
G1 X-11.525 Y-229.088 Z-1.200 F400.000
G1 X-24.225 Y-229.088 Z-1.200 F400.000
G0 X-24.225 Y-229.088 Z5.000
G0 X-11.525 Y-229.088 Z5.000
G0 X-11.525 Y-229.088 Z3.000
G1 X-24.225 Y-229.088 Z2.112 F400.000
G1 X-11.525 Y-229.088 Z1.224 F400.000
G1 X-24.225 Y-229.088 Z0.336 F400.000
G1 X-11.525 Y-229.088 Z-0.552 F400.000
G1 X-23.648 Y-229.088 Z-1.400 F400.000
G1 X-11.525 Y-229.088 Z-1.400 F400.000
G1 X-24.225 Y-229.088 Z-1.400 F400.000
G0 X-24.225 Y-229.088 Z5.000
G0 X-11.525 Y-229.088 Z5.000
G0 X-11.525 Y-229.088 Z3.000
G1 X-24.225 Y-229.088 Z2.112 F400.000
G1 X-11.525 Y-229.088 Z1.224 F400.000
G1 X-24.225 Y-229.088 Z0.336 F400.000
G1 X-11.525 Y-229.088 Z-0.552 F400.000
G1 X-24.225 Y-229.088 Z-1.440 F400.000
G1 X-21.942 Y-229.088 Z-1.600 F400.000
G1 X-11.525 Y-229.088 Z-1.600 F400.000
G1 X-24.225 Y-229.088 Z-1.600 F400.000
G0 X-24.225 Y-229.088 Z5.000
G0 X-11.525 Y-229.088 Z5.000
G0 X-11.525 Y-229.088 Z3.000
G1 X-24.225 Y-229.088 Z2.112 F400.000
G1 X-11.525 Y-229.088 Z1.224 F400.000
G1 X-24.225 Y-229.088 Z0.336 F400.000
G1 X-11.525 Y-229.088 Z-0.552 F400.000
G1 X-24.225 Y-229.088 Z-1.440 F400.000
G1 X-19.082 Y-229.088 Z-1.800 F400.000
G1 X-11.525 Y-229.088 Z-1.800 F400.000
G1 X-24.225 Y-229.088 Z-1.800 F400.000
G0 X-24.225 Y-229.088 Z5.000
G0 X-11.525 Y-229.088 Z5.000
G0 X-11.525 Y-229.088 Z3.000
G1 X-24.225 Y-229.088 Z2.112 F400.000
G1 X-11.525 Y-229.088 Z1.224 F400.000
G1 X-24.225 Y-229.088 Z0.336 F400.000
G1 X-11.525 Y-229.088 Z-0.552 F400.000
G1 X-24.225 Y-229.088 Z-1.440 F400.000
G1 X-16.222 Y-229.088 Z-2.000 F400.000
G1 X-11.525 Y-229.088 Z-2.000 F400.000
G1 X-24.225 Y-229.088 Z-2.000 F400.000
G0 X-24.225 Y-229.088 Z5.000
G0 X-11.525 Y-229.088 Z5.000
G0 X-11.525 Y-229.088 Z3.000
G1 X-24.225 Y-229.088 Z2.112 F400.000
G1 X-11.525 Y-229.088 Z1.224 F400.000
G1 X-24.225 Y-229.088 Z0.336 F400.000
G1 X-11.525 Y-229.088 Z-0.552 F400.000
G1 X-24.225 Y-229.088 Z-1.440 F400.000
G1 X-13.362 Y-229.088 Z-2.200 F400.000
G1 X-11.525 Y-229.088 Z-2.200 F400.000
G1 X-24.225 Y-229.088 Z-2.200 F400.000
G0 X-24.225 Y-229.088 Z5.000
G0 X-11.525 Y-229.088 Z5.000
G0 X-11.525 Y-229.088 Z3.000
G1 X-24.225 Y-229.088 Z2.112 F400.000
G1 X-11.525 Y-229.088 Z1.224 F400.000
G1 X-24.225 Y-229.088 Z0.336 F400.000
G1 X-11.525 Y-229.088 Z-0.552 F400.000
G1 X-24.225 Y-229.088 Z-1.440 F400.000
G1 X-11.525 Y-229.088 Z-2.328 F400.000
G1 X-12.549 Y-229.088 Z-2.400 F400.000
G1 X-11.525 Y-229.088 Z-2.400 F400.000
G1 X-24.225 Y-229.088 Z-2.400 F400.000
G0 X-24.225 Y-229.088 Z5.000
G0 X-11.525 Y-229.088 Z5.000
G0 X-11.525 Y-229.088 Z3.000
G1 X-24.225 Y-229.088 Z2.112 F400.000
G1 X-11.525 Y-229.088 Z1.224 F400.000
G1 X-24.225 Y-229.088 Z0.336 F400.000
G1 X-11.525 Y-229.088 Z-0.552 F400.000
G1 X-24.225 Y-229.088 Z-1.440 F400.000
G1 X-11.525 Y-229.088 Z-2.328 F400.000
G1 X-15.409 Y-229.088 Z-2.600 F400.000
G1 X-11.525 Y-229.088 Z-2.600 F400.000
G1 X-24.225 Y-229.088 Z-2.600 F400.000
G0 X-24.225 Y-229.088 Z5.000
G0 X-11.525 Y-229.088 Z5.000
G0 X-11.525 Y-229.088 Z3.000
G1 X-24.225 Y-229.088 Z2.112 F400.000
G1 X-11.525 Y-229.088 Z1.224 F400.000
G1 X-24.225 Y-229.088 Z0.336 F400.000
G1 X-11.525 Y-229.088 Z-0.552 F400.000
G1 X-24.225 Y-229.088 Z-1.440 F400.000
G1 X-11.525 Y-229.088 Z-2.328 F400.000
G1 X-18.269 Y-229.088 Z-2.800 F400.000
G1 X-11.525 Y-229.088 Z-2.800 F400.000
G1 X-24.225 Y-229.088 Z-2.800 F400.000
G0 X-24.225 Y-229.088 Z5.000
G0 X-11.525 Y-229.088 Z5.000
G0 X-11.525 Y-229.088 Z3.000
G1 X-24.225 Y-229.088 Z2.112 F400.000
G1 X-11.525 Y-229.088 Z1.224 F400.000
G1 X-24.225 Y-229.088 Z0.336 F400.000
G1 X-11.525 Y-229.088 Z-0.552 F400.000
G1 X-24.225 Y-229.088 Z-1.440 F400.000
G1 X-11.525 Y-229.088 Z-2.328 F400.000
G1 X-21.129 Y-229.088 Z-3.000 F400.000
G1 X-11.525 Y-229.088 Z-3.000 F400.000
G1 X-24.225 Y-229.088 Z-3.000 F400.000
G0 X-24.225 Y-229.088 Z5.000
G0 X-11.525 Y-229.088 Z5.000
G0 X-11.525 Y-229.088 Z3.000
G1 X-24.225 Y-229.088 Z2.112 F400.000
G1 X-11.525 Y-229.088 Z1.224 F400.000
G1 X-24.225 Y-229.088 Z0.336 F400.000
G1 X-11.525 Y-229.088 Z-0.552 F400.000
G1 X-24.225 Y-229.088 Z-1.440 F400.000
G1 X-11.525 Y-229.088 Z-2.328 F400.000
G1 X-23.989 Y-229.088 Z-3.200 F400.000
G1 X-11.525 Y-229.088 Z-3.200 F400.000
G1 X-24.225 Y-229.088 Z-3.200 F400.000
G0 X-24.225 Y-229.088 Z5.000
G0 X-11.525 Y-229.088 Z5.000
G0 X-11.525 Y-229.088 Z3.000
G1 X-24.225 Y-229.088 Z2.112 F400.000
G1 X-11.525 Y-229.088 Z1.224 F400.000
G1 X-24.225 Y-229.088 Z0.336 F400.000
G1 X-11.525 Y-229.088 Z-0.552 F400.000
G1 X-24.225 Y-229.088 Z-1.440 F400.000
G1 X-11.525 Y-229.088 Z-2.328 F400.000
G1 X-24.225 Y-229.088 Z-3.216 F400.000
G1 X-21.601 Y-229.088 Z-3.400 F400.000
G1 X-11.525 Y-229.088 Z-3.400 F400.000
G1 X-24.225 Y-229.088 Z-3.400 F400.000
G0 X-24.225 Y-229.088 Z5.000
G0 X-11.525 Y-229.088 Z5.000
G0 X-11.525 Y-229.088 Z3.000
G1 X-24.225 Y-229.088 Z2.112 F400.000
G1 X-11.525 Y-229.088 Z1.224 F400.000
G1 X-24.225 Y-229.088 Z0.336 F400.000
G1 X-11.525 Y-229.088 Z-0.552 F400.000
G1 X-24.225 Y-229.088 Z-1.440 F400.000
G1 X-11.525 Y-229.088 Z-2.328 F400.000
G1 X-24.225 Y-229.088 Z-3.216 F400.000
G1 X-18.741 Y-229.088 Z-3.600 F400.000
G1 X-11.525 Y-229.088 Z-3.600 F400.000
G1 X-24.225 Y-229.088 Z-3.600 F400.000
G0 X-24.225 Y-229.088 Z5.000
G0 X-11.525 Y-229.088 Z5.000
G0 X-11.525 Y-229.088 Z3.000
G1 X-24.225 Y-229.088 Z2.112 F400.000
G1 X-11.525 Y-229.088 Z1.224 F400.000
G1 X-24.225 Y-229.088 Z0.336 F400.000
G1 X-11.525 Y-229.088 Z-0.552 F400.000
G1 X-24.225 Y-229.088 Z-1.440 F400.000
G1 X-11.525 Y-229.088 Z-2.328 F400.000
G1 X-24.225 Y-229.088 Z-3.216 F400.000
G1 X-15.880 Y-229.088 Z-3.800 F400.000
G1 X-11.525 Y-229.088 Z-3.800 F400.000
G1 X-24.225 Y-229.088 Z-3.800 F400.000
G0 X-24.225 Y-229.088 Z5.000
G0 X-11.525 Y-229.088 Z5.000
G0 X-11.525 Y-229.088 Z3.000
G1 X-24.225 Y-229.088 Z2.112 F400.000
G1 X-11.525 Y-229.088 Z1.224 F400.000
G1 X-24.225 Y-229.088 Z0.336 F400.000
G1 X-11.525 Y-229.088 Z-0.552 F400.000
G1 X-24.225 Y-229.088 Z-1.440 F400.000
G1 X-11.525 Y-229.088 Z-2.328 F400.000
G1 X-24.225 Y-229.088 Z-3.216 F400.000
G1 X-13.020 Y-229.088 Z-4.000 F400.000
G1 X-11.525 Y-229.088 Z-4.000 F400.000
G1 X-24.225 Y-229.088 Z-4.000 F400.000
G0 X-24.225 Y-229.088 Z5.000
G0 X-11.525 Y-229.088 Z5.000
G0 X-11.525 Y-229.088 Z3.000
G1 X-24.225 Y-229.088 Z2.112 F400.000
G1 X-11.525 Y-229.088 Z1.224 F400.000
G1 X-24.225 Y-229.088 Z0.336 F400.000
G1 X-11.525 Y-229.088 Z-0.552 F400.000
G1 X-24.225 Y-229.088 Z-1.440 F400.000
G1 X-11.525 Y-229.088 Z-2.328 F400.000
G1 X-24.225 Y-229.088 Z-3.216 F400.000
G1 X-11.525 Y-229.088 Z-4.105 F400.000
G1 X-12.890 Y-229.088 Z-4.200 F400.000
G1 X-11.525 Y-229.088 Z-4.200 F400.000
G1 X-24.225 Y-229.088 Z-4.200 F400.000
G0 X-24.225 Y-229.088 Z5.000
G0 X-11.525 Y-229.088 Z5.000
G0 X-11.525 Y-229.088 Z3.000
G1 X-24.225 Y-229.088 Z2.112 F400.000
G1 X-11.525 Y-229.088 Z1.224 F400.000
G1 X-24.225 Y-229.088 Z0.336 F400.000
G1 X-11.525 Y-229.088 Z-0.552 F400.000
G1 X-24.225 Y-229.088 Z-1.440 F400.000
G1 X-11.525 Y-229.088 Z-2.328 F400.000
G1 X-24.225 Y-229.088 Z-3.216 F400.000
G1 X-11.525 Y-229.088 Z-4.105 F400.000
G1 X-15.750 Y-229.088 Z-4.400 F400.000
G1 X-11.525 Y-229.088 Z-4.400 F400.000
G1 X-24.225 Y-229.088 Z-4.400 F400.000
G0 X-24.225 Y-229.088 Z5.000
G0 X-11.525 Y-229.088 Z5.000
G0 X-11.525 Y-229.088 Z3.000
G1 X-24.225 Y-229.088 Z2.112 F400.000
G1 X-11.525 Y-229.088 Z1.224 F400.000
G1 X-24.225 Y-229.088 Z0.336 F400.000
G1 X-11.525 Y-229.088 Z-0.552 F400.000
G1 X-24.225 Y-229.088 Z-1.440 F400.000
G1 X-11.525 Y-229.088 Z-2.328 F400.000
G1 X-24.225 Y-229.088 Z-3.216 F400.000
G1 X-11.525 Y-229.088 Z-4.105 F400.000
G1 X-18.610 Y-229.088 Z-4.600 F400.000
G1 X-11.525 Y-229.088 Z-4.600 F400.000
G1 X-24.225 Y-229.088 Z-4.600 F400.000
G0 X-24.225 Y-229.088 Z5.000
G0 X-11.525 Y-229.088 Z5.000
G0 X-11.525 Y-229.088 Z3.000
G1 X-24.225 Y-229.088 Z2.112 F400.000
G1 X-11.525 Y-229.088 Z1.224 F400.000
G1 X-24.225 Y-229.088 Z0.336 F400.000
G1 X-11.525 Y-229.088 Z-0.552 F400.000
G1 X-24.225 Y-229.088 Z-1.440 F400.000
G1 X-11.525 Y-229.088 Z-2.328 F400.000
G1 X-24.225 Y-229.088 Z-3.216 F400.000
G1 X-11.525 Y-229.088 Z-4.105 F400.000
G1 X-21.470 Y-229.088 Z-4.800 F400.000
G1 X-11.525 Y-229.088 Z-4.800 F400.000
G1 X-24.225 Y-229.088 Z-4.800 F400.000
G0 X-24.225 Y-229.088 Z5.000
G0 X-11.525 Y-229.088 Z5.000
G0 X-11.525 Y-229.088 Z3.000
G1 X-24.225 Y-229.088 Z2.112 F400.000
G1 X-11.525 Y-229.088 Z1.224 F400.000
G1 X-24.225 Y-229.088 Z0.336 F400.000
G1 X-11.525 Y-229.088 Z-0.552 F400.000
G1 X-24.225 Y-229.088 Z-1.440 F400.000
G1 X-11.525 Y-229.088 Z-2.328 F400.000
G1 X-24.225 Y-229.088 Z-3.216 F400.000
G1 X-11.525 Y-229.088 Z-4.105 F400.000
G1 X-24.225 Y-229.088 Z-4.993 F400.000
G1 X-24.120 Y-229.088 Z-5.000 F400.000
G1 X-11.525 Y-229.088 Z-5.000 F400.000
G1 X-24.225 Y-229.088 Z-5.000 F400.000
G0 X-24.225 Y-229.088 Z5.000
G0 X-11.525 Y-229.088 Z5.000
G0 X-11.525 Y-229.088 Z3.000
G1 X-24.225 Y-229.088 Z2.112 F400.000
G1 X-11.525 Y-229.088 Z1.224 F400.000
G1 X-24.225 Y-229.088 Z0.336 F400.000
G1 X-11.525 Y-229.088 Z-0.552 F400.000
G1 X-24.225 Y-229.088 Z-1.440 F400.000
G1 X-11.525 Y-229.088 Z-2.328 F400.000
G1 X-24.225 Y-229.088 Z-3.216 F400.000
G1 X-11.525 Y-229.088 Z-4.105 F400.000
G1 X-24.225 Y-229.088 Z-4.993 F400.000
G1 X-21.260 Y-229.088 Z-5.200 F400.000
G1 X-11.525 Y-229.088 Z-5.200 F400.000
G1 X-24.225 Y-229.088 Z-5.200 F400.000
G0 X-24.225 Y-229.088 Z5.000
(Finish operation: RampEntryDressup005)
(Begin operation: RampEntryDressup003)
(Path: RampEntryDressup003)
G0 X0.000 Y0.000 Z5.000
G0 X-9.937 Y-227.500 Z5.000
G0 X-9.937 Y-227.500 Z3.000
G1 X-9.937 Y-181.682 Z1.400 F400.000
G1 X-9.937 Y-227.500 Z-0.200 F400.000
G1 X-9.937 Y-2.500 Z-0.200 F400.000
G0 X-9.937 Y-2.500 Z5.000
G0 X-9.937 Y-227.500 Z5.000
G0 X-9.937 Y-227.500 Z3.000
G1 X-9.937 Y-178.818 Z1.300 F400.000
G1 X-9.937 Y-227.500 Z-0.400 F400.000
G1 X-9.937 Y-2.500 Z-0.400 F400.000
G0 X-9.937 Y-2.500 Z5.000
G0 X-9.937 Y-227.500 Z5.000
G0 X-9.937 Y-227.500 Z3.000
G1 X-9.937 Y-175.955 Z1.200 F400.000
G1 X-9.937 Y-227.500 Z-0.600 F400.000
G1 X-9.937 Y-2.500 Z-0.600 F400.000
G0 X-9.937 Y-2.500 Z5.000
G0 X-9.937 Y-227.500 Z5.000
G0 X-9.937 Y-227.500 Z3.000
G1 X-9.937 Y-173.091 Z1.100 F400.000
G1 X-9.937 Y-227.500 Z-0.800 F400.000
G1 X-9.937 Y-2.500 Z-0.800 F400.000
G0 X-9.937 Y-2.500 Z5.000
G0 X-9.937 Y-227.500 Z5.000
G0 X-9.937 Y-227.500 Z3.000
G1 X-9.937 Y-170.227 Z1.000 F400.000
G1 X-9.937 Y-227.500 Z-1.000 F400.000
G1 X-9.937 Y-2.500 Z-1.000 F400.000
G0 X-9.937 Y-2.500 Z5.000
G0 X-9.937 Y-227.500 Z5.000
G0 X-9.937 Y-227.500 Z3.000
G1 X-9.937 Y-167.364 Z0.900 F400.000
G1 X-9.937 Y-227.500 Z-1.200 F400.000
G1 X-9.937 Y-2.500 Z-1.200 F400.000
G0 X-9.937 Y-2.500 Z5.000
G0 X-9.937 Y-227.500 Z5.000
G0 X-9.937 Y-227.500 Z3.000
G1 X-9.937 Y-164.500 Z0.800 F400.000
G1 X-9.937 Y-227.500 Z-1.400 F400.000
G1 X-9.937 Y-2.500 Z-1.400 F400.000
G0 X-9.937 Y-2.500 Z5.000
G0 X-9.937 Y-227.500 Z5.000
G0 X-9.937 Y-227.500 Z3.000
G1 X-9.937 Y-161.637 Z0.700 F400.000
G1 X-9.937 Y-227.500 Z-1.600 F400.000
G1 X-9.937 Y-2.500 Z-1.600 F400.000
G0 X-9.937 Y-2.500 Z5.000
G0 X-9.937 Y-227.500 Z5.000
G0 X-9.937 Y-227.500 Z3.000
G1 X-9.937 Y-158.773 Z0.600 F400.000
G1 X-9.937 Y-227.500 Z-1.800 F400.000
G1 X-9.937 Y-2.500 Z-1.800 F400.000
G0 X-9.937 Y-2.500 Z5.000
G0 X-9.937 Y-227.500 Z5.000
G0 X-9.937 Y-227.500 Z3.000
G1 X-9.937 Y-155.909 Z0.500 F400.000
G1 X-9.937 Y-227.500 Z-2.000 F400.000
G1 X-9.937 Y-2.500 Z-2.000 F400.000
G0 X-9.937 Y-2.500 Z5.000
G0 X-9.937 Y-227.500 Z5.000
G0 X-9.937 Y-227.500 Z3.000
G1 X-9.937 Y-153.046 Z0.400 F400.000
G1 X-9.937 Y-227.500 Z-2.200 F400.000
G1 X-9.937 Y-2.500 Z-2.200 F400.000
G0 X-9.937 Y-2.500 Z5.000
G0 X-9.937 Y-227.500 Z5.000
G0 X-9.937 Y-227.500 Z3.000
G1 X-9.937 Y-150.182 Z0.300 F400.000
G1 X-9.937 Y-227.500 Z-2.400 F400.000
G1 X-9.937 Y-2.500 Z-2.400 F400.000
G0 X-9.937 Y-2.500 Z5.000
G0 X-9.937 Y-227.500 Z5.000
G0 X-9.937 Y-227.500 Z3.000
G1 X-9.937 Y-147.318 Z0.200 F400.000
G1 X-9.937 Y-227.500 Z-2.600 F400.000
G1 X-9.937 Y-2.500 Z-2.600 F400.000
G0 X-9.937 Y-2.500 Z5.000
G0 X-9.937 Y-227.500 Z5.000
G0 X-9.937 Y-227.500 Z3.000
G1 X-9.937 Y-144.455 Z0.100 F400.000
G1 X-9.937 Y-227.500 Z-2.800 F400.000
G1 X-9.937 Y-2.500 Z-2.800 F400.000
G0 X-9.937 Y-2.500 Z5.000
G0 X-9.937 Y-227.500 Z5.000
G0 X-9.937 Y-227.500 Z3.000
G1 X-9.937 Y-141.591 Z0.000 F400.000
G1 X-9.937 Y-227.500 Z-3.000 F400.000
G1 X-9.937 Y-2.500 Z-3.000 F400.000
G0 X-9.937 Y-2.500 Z5.000
G0 X-9.937 Y-227.500 Z5.000
G0 X-9.937 Y-227.500 Z3.000
G1 X-9.937 Y-138.728 Z-0.100 F400.000
G1 X-9.937 Y-227.500 Z-3.200 F400.000
G1 X-9.937 Y-2.500 Z-3.200 F400.000
G0 X-9.937 Y-2.500 Z5.000
G0 X-9.937 Y-227.500 Z5.000
G0 X-9.937 Y-227.500 Z3.000
G1 X-9.937 Y-135.864 Z-0.200 F400.000
G1 X-9.937 Y-227.500 Z-3.400 F400.000
G1 X-9.937 Y-2.500 Z-3.400 F400.000
G0 X-9.937 Y-2.500 Z5.000
G0 X-9.937 Y-227.500 Z5.000
G0 X-9.937 Y-227.500 Z3.000
G1 X-9.937 Y-133.000 Z-0.300 F400.000
G1 X-9.937 Y-227.500 Z-3.600 F400.000
G1 X-9.937 Y-2.500 Z-3.600 F400.000
G0 X-9.937 Y-2.500 Z5.000
G0 X-9.937 Y-227.500 Z5.000
G0 X-9.937 Y-227.500 Z3.000
G1 X-9.937 Y-130.137 Z-0.400 F400.000
G1 X-9.937 Y-227.500 Z-3.800 F400.000
G1 X-9.937 Y-2.500 Z-3.800 F400.000
G0 X-9.937 Y-2.500 Z5.000
G0 X-9.937 Y-227.500 Z5.000
G0 X-9.937 Y-227.500 Z3.000
G1 X-9.937 Y-127.273 Z-0.500 F400.000
G1 X-9.937 Y-227.500 Z-4.000 F400.000
G1 X-9.937 Y-2.500 Z-4.000 F400.000
G0 X-9.937 Y-2.500 Z5.000
G0 X-9.937 Y-227.500 Z5.000
G0 X-9.937 Y-227.500 Z3.000
G1 X-9.937 Y-124.409 Z-0.600 F400.000
G1 X-9.937 Y-227.500 Z-4.200 F400.000
G1 X-9.937 Y-2.500 Z-4.200 F400.000
G0 X-9.937 Y-2.500 Z5.000
G0 X-9.937 Y-227.500 Z5.000
G0 X-9.937 Y-227.500 Z3.000
G1 X-9.937 Y-121.546 Z-0.700 F400.000
G1 X-9.937 Y-227.500 Z-4.400 F400.000
G1 X-9.937 Y-2.500 Z-4.400 F400.000
G0 X-9.937 Y-2.500 Z5.000
G0 X-9.937 Y-227.500 Z5.000
G0 X-9.937 Y-227.500 Z3.000
G1 X-9.937 Y-118.682 Z-0.800 F400.000
G1 X-9.937 Y-227.500 Z-4.600 F400.000
G1 X-9.937 Y-2.500 Z-4.600 F400.000
G0 X-9.937 Y-2.500 Z5.000
G0 X-9.937 Y-227.500 Z5.000
G0 X-9.937 Y-227.500 Z3.000
G1 X-9.937 Y-115.819 Z-0.900 F400.000
G1 X-9.937 Y-227.500 Z-4.800 F400.000
G1 X-9.937 Y-2.500 Z-4.800 F400.000
G0 X-9.937 Y-2.500 Z5.000
G0 X-9.937 Y-227.500 Z5.000
G0 X-9.937 Y-227.500 Z3.000
G1 X-9.937 Y-112.955 Z-1.000 F400.000
G1 X-9.937 Y-227.500 Z-5.000 F400.000
G1 X-9.937 Y-2.500 Z-5.000 F400.000
G0 X-9.937 Y-2.500 Z5.000
G0 X-9.937 Y-227.500 Z5.000
G0 X-9.937 Y-227.500 Z3.000
G1 X-9.937 Y-110.091 Z-1.100 F400.000
G1 X-9.937 Y-227.500 Z-5.200 F400.000
G1 X-9.937 Y-2.500 Z-5.200 F400.000
G0 X-9.937 Y-2.500 Z5.000
(Finish operation: RampEntryDressup003)
(Begin postamble)
M5
G17 G90
M2
