(Exported by FreeCAD)
(Post Processor: grbl_post)
(Output Time:2026-07-17 19:17:07.968326)
(Begin preamble)
G17 G90
G21
(Begin operation: Fixture)
(Path: Fixture)
G54
(Finish operation: Fixture)
(Begin operation: ALUMINUM | SpeTool Au3e 1/8 3FL | 5500rpm F101)
(Path: ALUMINUM | SpeTool Au3e 1/8 3FL | 5500rpm F101)
(ALUMINUM | SpeTool Au3e 1/8 3FL | 5500rpm F101)
(Begin toolchange)
( M6 T3 )
M3 S8000
(Finish operation: ALUMINUM | SpeTool Au3e 1/8 3FL | 5500rpm F101)
(Begin operation: HolePair)
(Path: HolePair)
(HolePair)
(helix cut operation)
G0 Z5.000
G0 Z5.000
G0 X-12.700 Y-8.500 Z5.000
G0 X-12.700 Y-8.500 Z0.001
G0 X-12.287 Y-8.500
G1 Z0.001 F250.000
G2 X-13.112 Y-8.500 Z-0.095 I-0.413 J0.000 F400.000
G2 X-12.287 Y-8.500 Z-0.191 I0.413 J0.000 F400.000
G2 X-13.112 Y-8.500 Z-0.288 I-0.413 J0.000 F400.000
G2 X-12.287 Y-8.500 Z-0.384 I0.413 J0.000 F400.000
G2 X-13.112 Y-8.500 Z-0.480 I-0.413 J0.000 F400.000
G2 X-12.287 Y-8.500 Z-0.577 I0.413 J0.000 F400.000
G2 X-13.112 Y-8.500 Z-0.673 I-0.413 J0.000 F400.000
G2 X-12.287 Y-8.500 Z-0.769 I0.413 J0.000 F400.000
G2 X-13.112 Y-8.500 Z-0.866 I-0.413 J0.000 F400.000
G2 X-12.287 Y-8.500 Z-0.962 I0.413 J0.000 F400.000
G2 X-13.112 Y-8.500 Z-1.058 I-0.413 J0.000 F400.000
G2 X-12.287 Y-8.500 Z-1.155 I0.413 J0.000 F400.000
G2 X-13.112 Y-8.500 Z-1.251 I-0.413 J0.000 F400.000
G2 X-12.287 Y-8.500 Z-1.347 I0.413 J0.000 F400.000
G2 X-13.112 Y-8.500 Z-1.444 I-0.413 J0.000 F400.000
G2 X-12.287 Y-8.500 Z-1.540 I0.413 J0.000 F400.000
G2 X-13.112 Y-8.500 Z-1.636 I-0.413 J0.000 F400.000
G2 X-12.287 Y-8.500 Z-1.732 I0.413 J0.000 F400.000
G2 X-13.112 Y-8.500 Z-1.829 I-0.413 J0.000 F400.000
G2 X-12.287 Y-8.500 Z-1.925 I0.413 J0.000 F400.000
G2 X-13.112 Y-8.500 Z-2.021 I-0.413 J0.000 F400.000
G2 X-12.287 Y-8.500 Z-2.118 I0.413 J0.000 F400.000
G2 X-13.112 Y-8.500 Z-2.214 I-0.413 J0.000 F400.000
G2 X-12.287 Y-8.500 Z-2.310 I0.413 J0.000 F400.000
G2 X-13.112 Y-8.500 Z-2.407 I-0.413 J0.000 F400.000
G2 X-12.287 Y-8.500 Z-2.503 I0.413 J0.000 F400.000
G2 X-13.112 Y-8.500 Z-2.599 I-0.413 J0.000 F400.000
G2 X-12.287 Y-8.500 Z-2.696 I0.413 J0.000 F400.000
G2 X-13.112 Y-8.500 Z-2.792 I-0.413 J0.000 F400.000
G2 X-12.287 Y-8.500 Z-2.888 I0.413 J0.000 F400.000
G2 X-13.112 Y-8.500 Z-2.985 I-0.413 J0.000 F400.000
G2 X-12.287 Y-8.500 Z-3.081 I0.413 J0.000 F400.000
G2 X-13.112 Y-8.500 Z-3.177 I-0.413 J0.000 F400.000
G2 X-12.287 Y-8.500 Z-3.274 I0.413 J0.000 F400.000
G2 X-13.112 Y-8.500 Z-3.370 I-0.413 J0.000 F400.000
G2 X-12.287 Y-8.500 Z-3.466 I0.413 J0.000 F400.000
G2 X-13.112 Y-8.500 Z-3.563 I-0.413 J0.000 F400.000
G2 X-12.287 Y-8.500 Z-3.659 I0.413 J0.000 F400.000
G2 X-13.112 Y-8.500 Z-3.755 I-0.413 J0.000 F400.000
G2 X-12.287 Y-8.500 Z-3.852 I0.413 J0.000 F400.000
G2 X-13.112 Y-8.500 Z-3.948 I-0.413 J0.000 F400.000
G2 X-12.287 Y-8.500 Z-4.044 I0.413 J0.000 F400.000
G2 X-13.112 Y-8.500 Z-4.140 I-0.413 J0.000 F400.000
G2 X-12.287 Y-8.500 Z-4.237 I0.413 J0.000 F400.000
G2 X-13.112 Y-8.500 Z-4.333 I-0.413 J0.000 F400.000
G2 X-12.287 Y-8.500 Z-4.429 I0.413 J0.000 F400.000
G2 X-13.112 Y-8.500 Z-4.526 I-0.413 J0.000 F400.000
G2 X-12.287 Y-8.500 Z-4.622 I0.413 J0.000 F400.000
G2 X-13.112 Y-8.500 Z-4.718 I-0.413 J0.000 F400.000
G2 X-12.287 Y-8.500 Z-4.815 I0.413 J0.000 F400.000
G2 X-13.112 Y-8.500 Z-4.911 I-0.413 J0.000 F400.000
G2 X-12.287 Y-8.500 Z-5.007 I0.413 J0.000 F400.000
G2 X-13.112 Y-8.500 Z-5.104 I-0.413 J0.000 F400.000
G2 X-12.287 Y-8.500 Z-5.200 I0.413 J0.000 F400.000
G2 X-13.112 Y-8.500 Z-5.200 I-0.413 J0.000 F400.000
G2 X-12.287 Y-8.500 Z-5.200 I0.413 J0.000 F400.000
G0 X-12.700 Y-8.500 Z-5.200
G0 Z0.001
G0 Z5.000
G0 X-12.700 Y-220.000 Z5.000
G0 X-12.700 Y-220.000 Z0.001
G0 X-11.988 Y-220.000
G1 Z0.001 F250.000
G2 X-13.413 Y-220.000 Z-0.095 I-0.713 J0.000 F400.000
G2 X-11.988 Y-220.000 Z-0.191 I0.713 J0.000 F400.000
G2 X-13.413 Y-220.000 Z-0.288 I-0.713 J0.000 F400.000
G2 X-11.988 Y-220.000 Z-0.384 I0.713 J0.000 F400.000
G2 X-13.413 Y-220.000 Z-0.480 I-0.713 J0.000 F400.000
G2 X-11.988 Y-220.000 Z-0.577 I0.713 J0.000 F400.000
G2 X-13.413 Y-220.000 Z-0.673 I-0.713 J0.000 F400.000
G2 X-11.988 Y-220.000 Z-0.769 I0.713 J0.000 F400.000
G2 X-13.413 Y-220.000 Z-0.866 I-0.713 J0.000 F400.000
G2 X-11.988 Y-220.000 Z-0.962 I0.713 J0.000 F400.000
G2 X-13.413 Y-220.000 Z-1.058 I-0.713 J0.000 F400.000
G2 X-11.988 Y-220.000 Z-1.155 I0.713 J0.000 F400.000
G2 X-13.413 Y-220.000 Z-1.251 I-0.713 J0.000 F400.000
G2 X-11.988 Y-220.000 Z-1.347 I0.713 J0.000 F400.000
G2 X-13.413 Y-220.000 Z-1.444 I-0.713 J0.000 F400.000
G2 X-11.988 Y-220.000 Z-1.540 I0.713 J0.000 F400.000
G2 X-13.413 Y-220.000 Z-1.636 I-0.713 J0.000 F400.000
G2 X-11.988 Y-220.000 Z-1.732 I0.713 J0.000 F400.000
G2 X-13.413 Y-220.000 Z-1.829 I-0.713 J0.000 F400.000
G2 X-11.988 Y-220.000 Z-1.925 I0.713 J0.000 F400.000
G2 X-13.413 Y-220.000 Z-2.021 I-0.713 J0.000 F400.000
G2 X-11.988 Y-220.000 Z-2.118 I0.713 J0.000 F400.000
G2 X-13.413 Y-220.000 Z-2.214 I-0.713 J0.000 F400.000
G2 X-11.988 Y-220.000 Z-2.310 I0.713 J0.000 F400.000
G2 X-13.413 Y-220.000 Z-2.407 I-0.713 J0.000 F400.000
G2 X-11.988 Y-220.000 Z-2.503 I0.713 J0.000 F400.000
G2 X-13.413 Y-220.000 Z-2.599 I-0.713 J0.000 F400.000
G2 X-11.988 Y-220.000 Z-2.696 I0.713 J0.000 F400.000
G2 X-13.413 Y-220.000 Z-2.792 I-0.713 J0.000 F400.000
G2 X-11.988 Y-220.000 Z-2.888 I0.713 J0.000 F400.000
G2 X-13.413 Y-220.000 Z-2.985 I-0.713 J0.000 F400.000
G2 X-11.988 Y-220.000 Z-3.081 I0.713 J0.000 F400.000
G2 X-13.413 Y-220.000 Z-3.177 I-0.713 J0.000 F400.000
G2 X-11.988 Y-220.000 Z-3.274 I0.713 J0.000 F400.000
G2 X-13.413 Y-220.000 Z-3.370 I-0.713 J0.000 F400.000
G2 X-11.988 Y-220.000 Z-3.466 I0.713 J0.000 F400.000
G2 X-13.413 Y-220.000 Z-3.563 I-0.713 J0.000 F400.000
G2 X-11.988 Y-220.000 Z-3.659 I0.713 J0.000 F400.000
G2 X-13.413 Y-220.000 Z-3.755 I-0.713 J0.000 F400.000
G2 X-11.988 Y-220.000 Z-3.852 I0.713 J0.000 F400.000
G2 X-13.413 Y-220.000 Z-3.948 I-0.713 J0.000 F400.000
G2 X-11.988 Y-220.000 Z-4.044 I0.713 J0.000 F400.000
G2 X-13.413 Y-220.000 Z-4.140 I-0.713 J0.000 F400.000
G2 X-11.988 Y-220.000 Z-4.237 I0.713 J0.000 F400.000
G2 X-13.413 Y-220.000 Z-4.333 I-0.713 J0.000 F400.000
G2 X-11.988 Y-220.000 Z-4.429 I0.713 J0.000 F400.000
G2 X-13.413 Y-220.000 Z-4.526 I-0.713 J0.000 F400.000
G2 X-11.988 Y-220.000 Z-4.622 I0.713 J0.000 F400.000
G2 X-13.413 Y-220.000 Z-4.718 I-0.713 J0.000 F400.000
G2 X-11.988 Y-220.000 Z-4.815 I0.713 J0.000 F400.000
G2 X-13.413 Y-220.000 Z-4.911 I-0.713 J0.000 F400.000
G2 X-11.988 Y-220.000 Z-5.007 I0.713 J0.000 F400.000
G2 X-13.413 Y-220.000 Z-5.104 I-0.713 J0.000 F400.000
G2 X-11.988 Y-220.000 Z-5.200 I0.713 J0.000 F400.000
G2 X-13.413 Y-220.000 Z-5.200 I-0.713 J0.000 F400.000
G2 X-11.988 Y-220.000 Z-5.200 I0.713 J0.000 F400.000
G0 X-12.700 Y-220.000 Z-5.200
G0 Z0.001
G0 Z5.000
(Finish operation: HolePair)
(Begin operation: CounterBore)
(Path: CounterBore)
(CounterBore)
(helix cut operation)
G0 Z5.000
G0 Z5.000
G0 X-12.700 Y-220.000 Z5.000
G0 X-12.700 Y-220.000 Z0.000
G0 X-9.427 Y-220.000
G1 Z0.000 F250.000
G2 X-15.973 Y-220.000 Z-0.098 I-3.273 J0.000 F400.000
G2 X-9.427 Y-220.000 Z-0.197 I3.273 J0.000 F400.000
G2 X-15.973 Y-220.000 Z-0.295 I-3.273 J0.000 F400.000
G2 X-9.427 Y-220.000 Z-0.394 I3.273 J0.000 F400.000
G2 X-15.973 Y-220.000 Z-0.492 I-3.273 J0.000 F400.000
G2 X-9.427 Y-220.000 Z-0.591 I3.273 J0.000 F400.000
G2 X-15.973 Y-220.000 Z-0.689 I-3.273 J0.000 F400.000
G2 X-9.427 Y-220.000 Z-0.788 I3.273 J0.000 F400.000
G2 X-15.973 Y-220.000 Z-0.886 I-3.273 J0.000 F400.000
G2 X-9.427 Y-220.000 Z-0.985 I3.273 J0.000 F400.000
G2 X-15.973 Y-220.000 Z-1.083 I-3.273 J0.000 F400.000
G2 X-9.427 Y-220.000 Z-1.182 I3.273 J0.000 F400.000
G2 X-15.973 Y-220.000 Z-1.280 I-3.273 J0.000 F400.000
G2 X-9.427 Y-220.000 Z-1.378 I3.273 J0.000 F400.000
G2 X-15.973 Y-220.000 Z-1.477 I-3.273 J0.000 F400.000
G2 X-9.427 Y-220.000 Z-1.575 I3.273 J0.000 F400.000
G2 X-15.973 Y-220.000 Z-1.674 I-3.273 J0.000 F400.000
G2 X-9.427 Y-220.000 Z-1.772 I3.273 J0.000 F400.000
G2 X-15.973 Y-220.000 Z-1.871 I-3.273 J0.000 F400.000
G2 X-9.427 Y-220.000 Z-1.969 I3.273 J0.000 F400.000
G2 X-15.973 Y-220.000 Z-2.068 I-3.273 J0.000 F400.000
G2 X-9.427 Y-220.000 Z-2.166 I3.273 J0.000 F400.000
G2 X-15.973 Y-220.000 Z-2.265 I-3.273 J0.000 F400.000
G2 X-9.427 Y-220.000 Z-2.363 I3.273 J0.000 F400.000
G2 X-15.973 Y-220.000 Z-2.462 I-3.273 J0.000 F400.000
G2 X-9.427 Y-220.000 Z-2.560 I3.273 J0.000 F400.000
G2 X-15.973 Y-220.000 Z-2.560 I-3.273 J0.000 F400.000
G2 X-9.427 Y-220.000 Z-2.560 I3.273 J0.000 F400.000
G0 Z0.000
G0 X-10.270 Y-220.000
G1 Z0.000 F250.000
G2 X-15.130 Y-220.000 Z-0.098 I-2.430 J0.000 F400.000
G2 X-10.270 Y-220.000 Z-0.197 I2.430 J0.000 F400.000
G2 X-15.130 Y-220.000 Z-0.295 I-2.430 J0.000 F400.000
G2 X-10.270 Y-220.000 Z-0.394 I2.430 J0.000 F400.000
G2 X-15.130 Y-220.000 Z-0.492 I-2.430 J0.000 F400.000
G2 X-10.270 Y-220.000 Z-0.591 I2.430 J0.000 F400.000
G2 X-15.130 Y-220.000 Z-0.689 I-2.430 J0.000 F400.000
G2 X-10.270 Y-220.000 Z-0.788 I2.430 J0.000 F400.000
G2 X-15.130 Y-220.000 Z-0.886 I-2.430 J0.000 F400.000
G2 X-10.270 Y-220.000 Z-0.985 I2.430 J0.000 F400.000
G2 X-15.130 Y-220.000 Z-1.083 I-2.430 J0.000 F400.000
G2 X-10.270 Y-220.000 Z-1.182 I2.430 J0.000 F400.000
G2 X-15.130 Y-220.000 Z-1.280 I-2.430 J0.000 F400.000
G2 X-10.270 Y-220.000 Z-1.378 I2.430 J0.000 F400.000
G2 X-15.130 Y-220.000 Z-1.477 I-2.430 J0.000 F400.000
G2 X-10.270 Y-220.000 Z-1.575 I2.430 J0.000 F400.000
G2 X-15.130 Y-220.000 Z-1.674 I-2.430 J0.000 F400.000
G2 X-10.270 Y-220.000 Z-1.772 I2.430 J0.000 F400.000
G2 X-15.130 Y-220.000 Z-1.871 I-2.430 J0.000 F400.000
G2 X-10.270 Y-220.000 Z-1.969 I2.430 J0.000 F400.000
G2 X-15.130 Y-220.000 Z-2.068 I-2.430 J0.000 F400.000
G2 X-10.270 Y-220.000 Z-2.166 I2.430 J0.000 F400.000
G2 X-15.130 Y-220.000 Z-2.265 I-2.430 J0.000 F400.000
G2 X-10.270 Y-220.000 Z-2.363 I2.430 J0.000 F400.000
G2 X-15.130 Y-220.000 Z-2.462 I-2.430 J0.000 F400.000
G2 X-10.270 Y-220.000 Z-2.560 I2.430 J0.000 F400.000
G2 X-15.130 Y-220.000 Z-2.560 I-2.430 J0.000 F400.000
G2 X-10.270 Y-220.000 Z-2.560 I2.430 J0.000 F400.000
G0 Z0.000
G0 X-11.113 Y-220.000
G1 Z0.000 F250.000
G2 X-14.288 Y-220.000 Z-0.098 I-1.587 J0.000 F400.000
G2 X-11.113 Y-220.000 Z-0.197 I1.587 J0.000 F400.000
G2 X-14.288 Y-220.000 Z-0.295 I-1.587 J0.000 F400.000
G2 X-11.113 Y-220.000 Z-0.394 I1.587 J0.000 F400.000
G2 X-14.288 Y-220.000 Z-0.492 I-1.587 J0.000 F400.000
G2 X-11.113 Y-220.000 Z-0.591 I1.587 J0.000 F400.000
G2 X-14.288 Y-220.000 Z-0.689 I-1.587 J0.000 F400.000
G2 X-11.113 Y-220.000 Z-0.788 I1.587 J0.000 F400.000
G2 X-14.288 Y-220.000 Z-0.886 I-1.587 J0.000 F400.000
G2 X-11.113 Y-220.000 Z-0.985 I1.587 J0.000 F400.000
G2 X-14.288 Y-220.000 Z-1.083 I-1.587 J0.000 F400.000
G2 X-11.113 Y-220.000 Z-1.182 I1.587 J0.000 F400.000
G2 X-14.288 Y-220.000 Z-1.280 I-1.587 J0.000 F400.000
G2 X-11.113 Y-220.000 Z-1.378 I1.587 J0.000 F400.000
G2 X-14.288 Y-220.000 Z-1.477 I-1.587 J0.000 F400.000
G2 X-11.113 Y-220.000 Z-1.575 I1.587 J0.000 F400.000
G2 X-14.288 Y-220.000 Z-1.674 I-1.587 J0.000 F400.000
G2 X-11.113 Y-220.000 Z-1.772 I1.587 J0.000 F400.000
G2 X-14.288 Y-220.000 Z-1.871 I-1.587 J0.000 F400.000
G2 X-11.113 Y-220.000 Z-1.969 I1.587 J0.000 F400.000
G2 X-14.288 Y-220.000 Z-2.068 I-1.587 J0.000 F400.000
G2 X-11.113 Y-220.000 Z-2.166 I1.587 J0.000 F400.000
G2 X-14.288 Y-220.000 Z-2.265 I-1.587 J0.000 F400.000
G2 X-11.113 Y-220.000 Z-2.363 I1.587 J0.000 F400.000
G2 X-14.288 Y-220.000 Z-2.462 I-1.587 J0.000 F400.000
G2 X-11.113 Y-220.000 Z-2.560 I1.587 J0.000 F400.000
G2 X-14.288 Y-220.000 Z-2.560 I-1.587 J0.000 F400.000
G2 X-11.113 Y-220.000 Z-2.560 I1.587 J0.000 F400.000
G0 Z0.000
G0 Z5.000
(Finish operation: CounterBore)
(Begin operation: RackGeometry)
(Path: RackGeometry)
(RackGeometry)
(Compensated Tool Path. Diameter: 3.175)
G0 Z5.000
G0 X-20.637 Y-2.500
G0 Z3.000
G1 X-20.637 Y-2.500 Z-0.200 F250.000
G1 X-20.637 Y-22.908 Z-0.200 F400.000
G1 X-20.624 Y-23.115 Z-0.200 F400.000
G1 X-20.590 Y-23.374 Z-0.200 F400.000
G1 X-20.483 Y-23.774 Z-0.200 F400.000
G1 X-20.383 Y-24.015 Z-0.200 F400.000
G1 X-20.175 Y-24.374 Z-0.200 F400.000
G1 X-20.017 Y-24.581 Z-0.200 F400.000
G1 X-19.724 Y-24.874 Z-0.200 F400.000
G1 X-19.516 Y-25.033 Z-0.200 F400.000
G1 X-19.158 Y-25.240 Z-0.200 F400.000
G1 X-18.916 Y-25.340 Z-0.200 F400.000
G1 X-18.516 Y-25.447 Z-0.200 F400.000
G1 X-18.257 Y-25.481 Z-0.200 F400.000
G1 X-18.050 Y-25.495 Z-0.200 F400.000
G1 X-16.645 Y-25.495 Z-0.200 F400.000
G1 X-16.536 Y-25.506 Z-0.200 F400.000
G1 X-16.507 Y-25.514 Z-0.200 F400.000
G1 X-16.481 Y-25.529 Z-0.200 F400.000
G1 X-16.457 Y-25.548 Z-0.200 F400.000
G1 X-16.438 Y-25.571 Z-0.200 F400.000
G1 X-16.424 Y-25.598 Z-0.200 F400.000
G1 X-16.415 Y-25.627 Z-0.200 F400.000
G1 X-16.404 Y-25.735 Z-0.200 F400.000
G1 X-16.404 Y-28.627 Z-0.200 F400.000
G1 X-16.407 Y-28.687 Z-0.200 F400.000
G1 X-16.410 Y-28.705 Z-0.200 F400.000
G1 X-16.415 Y-28.721 Z-0.200 F400.000
G1 X-16.438 Y-28.778 Z-0.200 F400.000
G1 X-20.325 Y-37.114 Z-0.200 F400.000
G1 X-20.430 Y-37.370 Z-0.200 F400.000
G1 X-20.537 Y-37.718 Z-0.200 F400.000
G1 X-20.606 Y-38.075 Z-0.200 F400.000
G1 X-20.635 Y-38.438 Z-0.200 F400.000
G1 X-20.637 Y-61.187 Z-0.200 F400.000
G1 X-20.624 Y-61.394 Z-0.200 F400.000
G1 X-20.590 Y-61.653 Z-0.200 F400.000
G1 X-20.483 Y-62.053 Z-0.200 F400.000
G1 X-20.383 Y-62.294 Z-0.200 F400.000
G1 X-20.175 Y-62.653 Z-0.200 F400.000
G1 X-20.017 Y-62.860 Z-0.200 F400.000
G1 X-19.724 Y-63.153 Z-0.200 F400.000
G1 X-19.516 Y-63.312 Z-0.200 F400.000
G1 X-19.158 Y-63.519 Z-0.200 F400.000
G1 X-18.916 Y-63.619 Z-0.200 F400.000
G1 X-18.516 Y-63.726 Z-0.200 F400.000
G1 X-18.257 Y-63.760 Z-0.200 F400.000
G1 X-18.050 Y-63.774 Z-0.200 F400.000
G1 X-16.645 Y-63.774 Z-0.200 F400.000
G1 X-16.536 Y-63.785 Z-0.200 F400.000
G1 X-16.507 Y-63.793 Z-0.200 F400.000
G1 X-16.481 Y-63.808 Z-0.200 F400.000
G1 X-16.457 Y-63.827 Z-0.200 F400.000
G1 X-16.438 Y-63.850 Z-0.200 F400.000
G1 X-16.424 Y-63.877 Z-0.200 F400.000
G1 X-16.415 Y-63.906 Z-0.200 F400.000
G1 X-16.404 Y-64.014 Z-0.200 F400.000
G1 X-16.404 Y-66.906 Z-0.200 F400.000
G1 X-16.407 Y-66.966 Z-0.200 F400.000
G1 X-16.410 Y-66.984 Z-0.200 F400.000
G1 X-16.415 Y-67.000 Z-0.200 F400.000
G1 X-16.438 Y-67.057 Z-0.200 F400.000
G1 X-20.325 Y-75.393 Z-0.200 F400.000
G1 X-20.430 Y-75.649 Z-0.200 F400.000
G1 X-20.537 Y-75.997 Z-0.200 F400.000
G1 X-20.606 Y-76.354 Z-0.200 F400.000
G1 X-20.635 Y-76.717 Z-0.200 F400.000
G1 X-20.637 Y-99.466 Z-0.200 F400.000
G1 X-20.624 Y-99.673 Z-0.200 F400.000
G1 X-20.590 Y-99.932 Z-0.200 F400.000
G1 X-20.483 Y-100.332 Z-0.200 F400.000
G1 X-20.383 Y-100.573 Z-0.200 F400.000
G1 X-20.175 Y-100.932 Z-0.200 F400.000
G1 X-20.017 Y-101.139 Z-0.200 F400.000
G1 X-19.724 Y-101.432 Z-0.200 F400.000
G1 X-19.516 Y-101.591 Z-0.200 F400.000
G1 X-19.158 Y-101.798 Z-0.200 F400.000
G1 X-18.916 Y-101.898 Z-0.200 F400.000
G1 X-18.516 Y-102.005 Z-0.200 F400.000
G1 X-18.257 Y-102.039 Z-0.200 F400.000
G1 X-18.050 Y-102.053 Z-0.200 F400.000
G1 X-16.645 Y-102.053 Z-0.200 F400.000
G1 X-16.536 Y-102.064 Z-0.200 F400.000
G1 X-16.507 Y-102.072 Z-0.200 F400.000
G1 X-16.481 Y-102.087 Z-0.200 F400.000
G1 X-16.457 Y-102.106 Z-0.200 F400.000
G1 X-16.438 Y-102.130 Z-0.200 F400.000
G1 X-16.424 Y-102.156 Z-0.200 F400.000
G1 X-16.415 Y-102.185 Z-0.200 F400.000
G1 X-16.404 Y-102.294 Z-0.200 F400.000
G1 X-16.404 Y-105.185 Z-0.200 F400.000
G1 X-16.407 Y-105.245 Z-0.200 F400.000
G1 X-16.410 Y-105.263 Z-0.200 F400.000
G1 X-16.415 Y-105.279 Z-0.200 F400.000
G1 X-16.438 Y-105.336 Z-0.200 F400.000
G1 X-20.325 Y-113.672 Z-0.200 F400.000
G1 X-20.430 Y-113.928 Z-0.200 F400.000
G1 X-20.537 Y-114.276 Z-0.200 F400.000
G1 X-20.606 Y-114.633 Z-0.200 F400.000
G1 X-20.635 Y-114.996 Z-0.200 F400.000
G1 X-20.637 Y-137.745 Z-0.200 F400.000
G1 X-20.624 Y-137.952 Z-0.200 F400.000
G1 X-20.590 Y-138.211 Z-0.200 F400.000
G1 X-20.483 Y-138.611 Z-0.200 F400.000
G1 X-20.383 Y-138.852 Z-0.200 F400.000
G1 X-20.175 Y-139.211 Z-0.200 F400.000
G1 X-20.017 Y-139.418 Z-0.200 F400.000
G1 X-19.724 Y-139.711 Z-0.200 F400.000
G1 X-19.516 Y-139.870 Z-0.200 F400.000
G1 X-19.158 Y-140.077 Z-0.200 F400.000
G1 X-18.916 Y-140.177 Z-0.200 F400.000
G1 X-18.516 Y-140.284 Z-0.200 F400.000
G1 X-18.257 Y-140.318 Z-0.200 F400.000
G1 X-18.050 Y-140.332 Z-0.200 F400.000
G1 X-16.645 Y-140.332 Z-0.200 F400.000
G1 X-16.536 Y-140.343 Z-0.200 F400.000
G1 X-16.507 Y-140.351 Z-0.200 F400.000
G1 X-16.481 Y-140.366 Z-0.200 F400.000
G1 X-16.457 Y-140.385 Z-0.200 F400.000
G1 X-16.438 Y-140.409 Z-0.200 F400.000
G1 X-16.424 Y-140.435 Z-0.200 F400.000
G1 X-16.415 Y-140.464 Z-0.200 F400.000
G1 X-16.404 Y-140.573 Z-0.200 F400.000
G1 X-16.404 Y-143.464 Z-0.200 F400.000
G1 X-16.407 Y-143.524 Z-0.200 F400.000
G1 X-16.410 Y-143.542 Z-0.200 F400.000
G1 X-16.415 Y-143.559 Z-0.200 F400.000
G1 X-16.438 Y-143.615 Z-0.200 F400.000
G1 X-20.325 Y-151.951 Z-0.200 F400.000
G1 X-20.430 Y-152.207 Z-0.200 F400.000
G1 X-20.537 Y-152.555 Z-0.200 F400.000
G1 X-20.606 Y-152.912 Z-0.200 F400.000
G1 X-20.635 Y-153.275 Z-0.200 F400.000
G1 X-20.637 Y-176.024 Z-0.200 F400.000
G1 X-20.624 Y-176.231 Z-0.200 F400.000
G1 X-20.590 Y-176.490 Z-0.200 F400.000
G1 X-20.483 Y-176.890 Z-0.200 F400.000
G1 X-20.383 Y-177.131 Z-0.200 F400.000
G1 X-20.175 Y-177.490 Z-0.200 F400.000
G1 X-20.017 Y-177.697 Z-0.200 F400.000
G1 X-19.724 Y-177.990 Z-0.200 F400.000
G1 X-19.516 Y-178.149 Z-0.200 F400.000
G1 X-19.158 Y-178.356 Z-0.200 F400.000
G1 X-18.916 Y-178.456 Z-0.200 F400.000
G1 X-18.516 Y-178.563 Z-0.200 F400.000
G1 X-18.257 Y-178.597 Z-0.200 F400.000
G1 X-18.050 Y-178.611 Z-0.200 F400.000
G1 X-16.645 Y-178.611 Z-0.200 F400.000
G1 X-16.536 Y-178.622 Z-0.200 F400.000
G1 X-16.507 Y-178.631 Z-0.200 F400.000
G1 X-16.481 Y-178.645 Z-0.200 F400.000
G1 X-16.457 Y-178.664 Z-0.200 F400.000
G1 X-16.438 Y-178.688 Z-0.200 F400.000
G1 X-16.424 Y-178.714 Z-0.200 F400.000
G1 X-16.415 Y-178.743 Z-0.200 F400.000
G1 X-16.404 Y-178.852 Z-0.200 F400.000
G1 X-16.404 Y-181.743 Z-0.200 F400.000
G1 X-16.407 Y-181.803 Z-0.200 F400.000
G1 X-16.410 Y-181.821 Z-0.200 F400.000
G1 X-16.415 Y-181.838 Z-0.200 F400.000
G1 X-16.438 Y-181.894 Z-0.200 F400.000
G1 X-20.325 Y-190.230 Z-0.200 F400.000
G1 X-20.430 Y-190.486 Z-0.200 F400.000
G1 X-20.537 Y-190.834 Z-0.200 F400.000
G1 X-20.606 Y-191.191 Z-0.200 F400.000
G1 X-20.635 Y-191.554 Z-0.200 F400.000
G1 X-20.637 Y-200.120 Z-0.200 F400.000
G1 X-20.596 Y-200.617 Z-0.200 F400.000
G1 X-20.536 Y-200.923 Z-0.200 F400.000
G1 X-20.436 Y-201.251 Z-0.200 F400.000
G1 X-20.317 Y-201.538 Z-0.200 F400.000
G1 X-20.155 Y-201.841 Z-0.200 F400.000
G1 X-19.982 Y-202.100 Z-0.200 F400.000
G1 X-19.765 Y-202.365 Z-0.200 F400.000
G1 X-19.545 Y-202.585 Z-0.200 F400.000
G1 X-19.279 Y-202.803 Z-0.200 F400.000
G1 X-19.021 Y-202.976 Z-0.200 F400.000
G1 X-18.718 Y-203.137 Z-0.200 F400.000
G1 X-18.431 Y-203.256 Z-0.200 F400.000
G1 X-18.102 Y-203.356 Z-0.200 F400.000
G1 X-17.797 Y-203.417 Z-0.200 F400.000
G1 X-17.456 Y-203.450 Z-0.200 F400.000
G1 X-14.530 Y-203.458 Z-0.200 F400.000
G1 X-14.420 Y-203.469 Z-0.200 F400.000
G1 X-14.391 Y-203.477 Z-0.200 F400.000
G1 X-14.364 Y-203.492 Z-0.200 F400.000
G1 X-14.341 Y-203.511 Z-0.200 F400.000
G1 X-14.321 Y-203.534 Z-0.200 F400.000
G1 X-14.307 Y-203.561 Z-0.200 F400.000
G1 X-14.298 Y-203.590 Z-0.200 F400.000
G1 X-14.287 Y-203.698 Z-0.200 F400.000
G1 X-14.288 Y-205.405 Z-0.200 F400.000
G1 X-14.298 Y-205.513 Z-0.200 F400.000
G1 X-14.307 Y-205.542 Z-0.200 F400.000
G1 X-14.321 Y-205.569 Z-0.200 F400.000
G1 X-14.341 Y-205.592 Z-0.200 F400.000
G1 X-14.364 Y-205.612 Z-0.200 F400.000
G1 X-14.391 Y-205.626 Z-0.200 F400.000
G1 X-14.420 Y-205.635 Z-0.200 F400.000
G1 X-14.528 Y-205.645 Z-0.200 F400.000
G1 X-17.300 Y-205.645 Z-0.200 F400.000
G1 X-17.797 Y-205.687 Z-0.200 F400.000
G1 X-18.102 Y-205.747 Z-0.200 F400.000
G1 X-18.431 Y-205.847 Z-0.200 F400.000
G1 X-18.718 Y-205.966 Z-0.200 F400.000
G1 X-19.021 Y-206.128 Z-0.200 F400.000
G1 X-19.279 Y-206.301 Z-0.200 F400.000
G1 X-19.545 Y-206.518 Z-0.200 F400.000
G1 X-19.765 Y-206.738 Z-0.200 F400.000
G1 X-19.982 Y-207.004 Z-0.200 F400.000
G1 X-20.155 Y-207.262 Z-0.200 F400.000
G1 X-20.317 Y-207.565 Z-0.200 F400.000
G1 X-20.436 Y-207.852 Z-0.200 F400.000
G1 X-20.536 Y-208.181 Z-0.200 F400.000
G1 X-20.596 Y-208.486 Z-0.200 F400.000
G1 X-20.630 Y-208.827 Z-0.200 F400.000
G1 X-20.637 Y-227.500 Z-0.200 F400.000
G0 Z5.000
G0 X-20.637 Y-2.500
G0 Z3.000
G1 X-20.637 Y-2.500 Z-0.400 F250.000
G1 X-20.637 Y-22.908 Z-0.400 F400.000
G1 X-20.624 Y-23.115 Z-0.400 F400.000
G1 X-20.590 Y-23.374 Z-0.400 F400.000
G1 X-20.483 Y-23.774 Z-0.400 F400.000
G1 X-20.383 Y-24.015 Z-0.400 F400.000
G1 X-20.175 Y-24.374 Z-0.400 F400.000
G1 X-20.017 Y-24.581 Z-0.400 F400.000
G1 X-19.724 Y-24.874 Z-0.400 F400.000
G1 X-19.516 Y-25.033 Z-0.400 F400.000
G1 X-19.158 Y-25.240 Z-0.400 F400.000
G1 X-18.916 Y-25.340 Z-0.400 F400.000
G1 X-18.516 Y-25.447 Z-0.400 F400.000
G1 X-18.257 Y-25.481 Z-0.400 F400.000
G1 X-18.050 Y-25.495 Z-0.400 F400.000
G1 X-16.645 Y-25.495 Z-0.400 F400.000
G1 X-16.536 Y-25.506 Z-0.400 F400.000
G1 X-16.507 Y-25.514 Z-0.400 F400.000
G1 X-16.481 Y-25.529 Z-0.400 F400.000
G1 X-16.457 Y-25.548 Z-0.400 F400.000
G1 X-16.438 Y-25.571 Z-0.400 F400.000
G1 X-16.424 Y-25.598 Z-0.400 F400.000
G1 X-16.415 Y-25.627 Z-0.400 F400.000
G1 X-16.404 Y-25.735 Z-0.400 F400.000
G1 X-16.404 Y-28.627 Z-0.400 F400.000
G1 X-16.407 Y-28.687 Z-0.400 F400.000
G1 X-16.410 Y-28.705 Z-0.400 F400.000
G1 X-16.415 Y-28.721 Z-0.400 F400.000
G1 X-16.438 Y-28.778 Z-0.400 F400.000
G1 X-20.325 Y-37.114 Z-0.400 F400.000
G1 X-20.430 Y-37.370 Z-0.400 F400.000
G1 X-20.537 Y-37.718 Z-0.400 F400.000
G1 X-20.606 Y-38.075 Z-0.400 F400.000
G1 X-20.635 Y-38.438 Z-0.400 F400.000
G1 X-20.637 Y-61.187 Z-0.400 F400.000
G1 X-20.624 Y-61.394 Z-0.400 F400.000
G1 X-20.590 Y-61.653 Z-0.400 F400.000
G1 X-20.483 Y-62.053 Z-0.400 F400.000
G1 X-20.383 Y-62.294 Z-0.400 F400.000
G1 X-20.175 Y-62.653 Z-0.400 F400.000
G1 X-20.017 Y-62.860 Z-0.400 F400.000
G1 X-19.724 Y-63.153 Z-0.400 F400.000
G1 X-19.516 Y-63.312 Z-0.400 F400.000
G1 X-19.158 Y-63.519 Z-0.400 F400.000
G1 X-18.916 Y-63.619 Z-0.400 F400.000
G1 X-18.516 Y-63.726 Z-0.400 F400.000
G1 X-18.257 Y-63.760 Z-0.400 F400.000
G1 X-18.050 Y-63.774 Z-0.400 F400.000
G1 X-16.645 Y-63.774 Z-0.400 F400.000
G1 X-16.536 Y-63.785 Z-0.400 F400.000
G1 X-16.507 Y-63.793 Z-0.400 F400.000
G1 X-16.481 Y-63.808 Z-0.400 F400.000
G1 X-16.457 Y-63.827 Z-0.400 F400.000
G1 X-16.438 Y-63.850 Z-0.400 F400.000
G1 X-16.424 Y-63.877 Z-0.400 F400.000
G1 X-16.415 Y-63.906 Z-0.400 F400.000
G1 X-16.404 Y-64.014 Z-0.400 F400.000
G1 X-16.404 Y-66.906 Z-0.400 F400.000
G1 X-16.407 Y-66.966 Z-0.400 F400.000
G1 X-16.410 Y-66.984 Z-0.400 F400.000
G1 X-16.415 Y-67.000 Z-0.400 F400.000
G1 X-16.438 Y-67.057 Z-0.400 F400.000
G1 X-20.325 Y-75.393 Z-0.400 F400.000
G1 X-20.430 Y-75.649 Z-0.400 F400.000
G1 X-20.537 Y-75.997 Z-0.400 F400.000
G1 X-20.606 Y-76.354 Z-0.400 F400.000
G1 X-20.635 Y-76.717 Z-0.400 F400.000
G1 X-20.637 Y-99.466 Z-0.400 F400.000
G1 X-20.624 Y-99.673 Z-0.400 F400.000
G1 X-20.590 Y-99.932 Z-0.400 F400.000
G1 X-20.483 Y-100.332 Z-0.400 F400.000
G1 X-20.383 Y-100.573 Z-0.400 F400.000
G1 X-20.175 Y-100.932 Z-0.400 F400.000
G1 X-20.017 Y-101.139 Z-0.400 F400.000
G1 X-19.724 Y-101.432 Z-0.400 F400.000
G1 X-19.516 Y-101.591 Z-0.400 F400.000
G1 X-19.158 Y-101.798 Z-0.400 F400.000
G1 X-18.916 Y-101.898 Z-0.400 F400.000
G1 X-18.516 Y-102.005 Z-0.400 F400.000
G1 X-18.257 Y-102.039 Z-0.400 F400.000
G1 X-18.050 Y-102.053 Z-0.400 F400.000
G1 X-16.645 Y-102.053 Z-0.400 F400.000
G1 X-16.536 Y-102.064 Z-0.400 F400.000
G1 X-16.507 Y-102.072 Z-0.400 F400.000
G1 X-16.481 Y-102.087 Z-0.400 F400.000
G1 X-16.457 Y-102.106 Z-0.400 F400.000
G1 X-16.438 Y-102.130 Z-0.400 F400.000
G1 X-16.424 Y-102.156 Z-0.400 F400.000
G1 X-16.415 Y-102.185 Z-0.400 F400.000
G1 X-16.404 Y-102.294 Z-0.400 F400.000
G1 X-16.404 Y-105.185 Z-0.400 F400.000
G1 X-16.407 Y-105.245 Z-0.400 F400.000
G1 X-16.410 Y-105.263 Z-0.400 F400.000
G1 X-16.415 Y-105.279 Z-0.400 F400.000
G1 X-16.438 Y-105.336 Z-0.400 F400.000
G1 X-20.325 Y-113.672 Z-0.400 F400.000
G1 X-20.430 Y-113.928 Z-0.400 F400.000
G1 X-20.537 Y-114.276 Z-0.400 F400.000
G1 X-20.606 Y-114.633 Z-0.400 F400.000
G1 X-20.635 Y-114.996 Z-0.400 F400.000
G1 X-20.637 Y-137.745 Z-0.400 F400.000
G1 X-20.624 Y-137.952 Z-0.400 F400.000
G1 X-20.590 Y-138.211 Z-0.400 F400.000
G1 X-20.483 Y-138.611 Z-0.400 F400.000
G1 X-20.383 Y-138.852 Z-0.400 F400.000
G1 X-20.175 Y-139.211 Z-0.400 F400.000
G1 X-20.017 Y-139.418 Z-0.400 F400.000
G1 X-19.724 Y-139.711 Z-0.400 F400.000
G1 X-19.516 Y-139.870 Z-0.400 F400.000
G1 X-19.158 Y-140.077 Z-0.400 F400.000
G1 X-18.916 Y-140.177 Z-0.400 F400.000
G1 X-18.516 Y-140.284 Z-0.400 F400.000
G1 X-18.257 Y-140.318 Z-0.400 F400.000
G1 X-18.050 Y-140.332 Z-0.400 F400.000
G1 X-16.645 Y-140.332 Z-0.400 F400.000
G1 X-16.536 Y-140.343 Z-0.400 F400.000
G1 X-16.507 Y-140.351 Z-0.400 F400.000
G1 X-16.481 Y-140.366 Z-0.400 F400.000
G1 X-16.457 Y-140.385 Z-0.400 F400.000
G1 X-16.438 Y-140.409 Z-0.400 F400.000
G1 X-16.424 Y-140.435 Z-0.400 F400.000
G1 X-16.415 Y-140.464 Z-0.400 F400.000
G1 X-16.404 Y-140.573 Z-0.400 F400.000
G1 X-16.404 Y-143.464 Z-0.400 F400.000
G1 X-16.407 Y-143.524 Z-0.400 F400.000
G1 X-16.410 Y-143.542 Z-0.400 F400.000
G1 X-16.415 Y-143.559 Z-0.400 F400.000
G1 X-16.438 Y-143.615 Z-0.400 F400.000
G1 X-20.325 Y-151.951 Z-0.400 F400.000
G1 X-20.430 Y-152.207 Z-0.400 F400.000
G1 X-20.537 Y-152.555 Z-0.400 F400.000
G1 X-20.606 Y-152.912 Z-0.400 F400.000
G1 X-20.635 Y-153.275 Z-0.400 F400.000
G1 X-20.637 Y-176.024 Z-0.400 F400.000
G1 X-20.624 Y-176.231 Z-0.400 F400.000
G1 X-20.590 Y-176.490 Z-0.400 F400.000
G1 X-20.483 Y-176.890 Z-0.400 F400.000
G1 X-20.383 Y-177.131 Z-0.400 F400.000
G1 X-20.175 Y-177.490 Z-0.400 F400.000
G1 X-20.017 Y-177.697 Z-0.400 F400.000
G1 X-19.724 Y-177.990 Z-0.400 F400.000
G1 X-19.516 Y-178.149 Z-0.400 F400.000
G1 X-19.158 Y-178.356 Z-0.400 F400.000
G1 X-18.916 Y-178.456 Z-0.400 F400.000
G1 X-18.516 Y-178.563 Z-0.400 F400.000
G1 X-18.257 Y-178.597 Z-0.400 F400.000
G1 X-18.050 Y-178.611 Z-0.400 F400.000
G1 X-16.645 Y-178.611 Z-0.400 F400.000
G1 X-16.536 Y-178.622 Z-0.400 F400.000
G1 X-16.507 Y-178.631 Z-0.400 F400.000
G1 X-16.481 Y-178.645 Z-0.400 F400.000
G1 X-16.457 Y-178.664 Z-0.400 F400.000
G1 X-16.438 Y-178.688 Z-0.400 F400.000
G1 X-16.424 Y-178.714 Z-0.400 F400.000
G1 X-16.415 Y-178.743 Z-0.400 F400.000
G1 X-16.404 Y-178.852 Z-0.400 F400.000
G1 X-16.404 Y-181.743 Z-0.400 F400.000
G1 X-16.407 Y-181.803 Z-0.400 F400.000
G1 X-16.410 Y-181.821 Z-0.400 F400.000
G1 X-16.415 Y-181.838 Z-0.400 F400.000
G1 X-16.438 Y-181.894 Z-0.400 F400.000
G1 X-20.325 Y-190.230 Z-0.400 F400.000
G1 X-20.430 Y-190.486 Z-0.400 F400.000
G1 X-20.537 Y-190.834 Z-0.400 F400.000
G1 X-20.606 Y-191.191 Z-0.400 F400.000
G1 X-20.635 Y-191.554 Z-0.400 F400.000
G1 X-20.637 Y-200.120 Z-0.400 F400.000
G1 X-20.596 Y-200.617 Z-0.400 F400.000
G1 X-20.536 Y-200.923 Z-0.400 F400.000
G1 X-20.436 Y-201.251 Z-0.400 F400.000
G1 X-20.317 Y-201.538 Z-0.400 F400.000
G1 X-20.155 Y-201.841 Z-0.400 F400.000
G1 X-19.982 Y-202.100 Z-0.400 F400.000
G1 X-19.765 Y-202.365 Z-0.400 F400.000
G1 X-19.545 Y-202.585 Z-0.400 F400.000
G1 X-19.279 Y-202.803 Z-0.400 F400.000
G1 X-19.021 Y-202.976 Z-0.400 F400.000
G1 X-18.718 Y-203.137 Z-0.400 F400.000
G1 X-18.431 Y-203.256 Z-0.400 F400.000
G1 X-18.102 Y-203.356 Z-0.400 F400.000
G1 X-17.797 Y-203.417 Z-0.400 F400.000
G1 X-17.456 Y-203.450 Z-0.400 F400.000
G1 X-14.530 Y-203.458 Z-0.400 F400.000
G1 X-14.420 Y-203.469 Z-0.400 F400.000
G1 X-14.391 Y-203.477 Z-0.400 F400.000
G1 X-14.364 Y-203.492 Z-0.400 F400.000
G1 X-14.341 Y-203.511 Z-0.400 F400.000
G1 X-14.321 Y-203.534 Z-0.400 F400.000
G1 X-14.307 Y-203.561 Z-0.400 F400.000
G1 X-14.298 Y-203.590 Z-0.400 F400.000
G1 X-14.287 Y-203.698 Z-0.400 F400.000
G1 X-14.288 Y-205.405 Z-0.400 F400.000
G1 X-14.298 Y-205.513 Z-0.400 F400.000
G1 X-14.307 Y-205.542 Z-0.400 F400.000
G1 X-14.321 Y-205.569 Z-0.400 F400.000
G1 X-14.341 Y-205.592 Z-0.400 F400.000
G1 X-14.364 Y-205.612 Z-0.400 F400.000
G1 X-14.391 Y-205.626 Z-0.400 F400.000
G1 X-14.420 Y-205.635 Z-0.400 F400.000
G1 X-14.528 Y-205.645 Z-0.400 F400.000
G1 X-17.300 Y-205.645 Z-0.400 F400.000
G1 X-17.797 Y-205.687 Z-0.400 F400.000
G1 X-18.102 Y-205.747 Z-0.400 F400.000
G1 X-18.431 Y-205.847 Z-0.400 F400.000
G1 X-18.718 Y-205.966 Z-0.400 F400.000
G1 X-19.021 Y-206.128 Z-0.400 F400.000
G1 X-19.279 Y-206.301 Z-0.400 F400.000
G1 X-19.545 Y-206.518 Z-0.400 F400.000
G1 X-19.765 Y-206.738 Z-0.400 F400.000
G1 X-19.982 Y-207.004 Z-0.400 F400.000
G1 X-20.155 Y-207.262 Z-0.400 F400.000
G1 X-20.317 Y-207.565 Z-0.400 F400.000
G1 X-20.436 Y-207.852 Z-0.400 F400.000
G1 X-20.536 Y-208.181 Z-0.400 F400.000
G1 X-20.596 Y-208.486 Z-0.400 F400.000
G1 X-20.630 Y-208.827 Z-0.400 F400.000
G1 X-20.637 Y-227.500 Z-0.400 F400.000
G0 Z5.000
G0 X-20.637 Y-2.500
G0 Z3.000
G1 X-20.637 Y-2.500 Z-0.600 F250.000
G1 X-20.637 Y-22.908 Z-0.600 F400.000
G1 X-20.624 Y-23.115 Z-0.600 F400.000
G1 X-20.590 Y-23.374 Z-0.600 F400.000
G1 X-20.483 Y-23.774 Z-0.600 F400.000
G1 X-20.383 Y-24.015 Z-0.600 F400.000
G1 X-20.175 Y-24.374 Z-0.600 F400.000
G1 X-20.017 Y-24.581 Z-0.600 F400.000
G1 X-19.724 Y-24.874 Z-0.600 F400.000
G1 X-19.516 Y-25.033 Z-0.600 F400.000
G1 X-19.158 Y-25.240 Z-0.600 F400.000
G1 X-18.916 Y-25.340 Z-0.600 F400.000
G1 X-18.516 Y-25.447 Z-0.600 F400.000
G1 X-18.257 Y-25.481 Z-0.600 F400.000
G1 X-18.050 Y-25.495 Z-0.600 F400.000
G1 X-16.645 Y-25.495 Z-0.600 F400.000
G1 X-16.536 Y-25.506 Z-0.600 F400.000
G1 X-16.507 Y-25.514 Z-0.600 F400.000
G1 X-16.481 Y-25.529 Z-0.600 F400.000
G1 X-16.457 Y-25.548 Z-0.600 F400.000
G1 X-16.438 Y-25.571 Z-0.600 F400.000
G1 X-16.424 Y-25.598 Z-0.600 F400.000
G1 X-16.415 Y-25.627 Z-0.600 F400.000
G1 X-16.404 Y-25.735 Z-0.600 F400.000
G1 X-16.404 Y-28.627 Z-0.600 F400.000
G1 X-16.407 Y-28.687 Z-0.600 F400.000
G1 X-16.410 Y-28.705 Z-0.600 F400.000
G1 X-16.415 Y-28.721 Z-0.600 F400.000
G1 X-16.438 Y-28.778 Z-0.600 F400.000
G1 X-20.325 Y-37.114 Z-0.600 F400.000
G1 X-20.430 Y-37.370 Z-0.600 F400.000
G1 X-20.537 Y-37.718 Z-0.600 F400.000
G1 X-20.606 Y-38.075 Z-0.600 F400.000
G1 X-20.635 Y-38.438 Z-0.600 F400.000
G1 X-20.637 Y-61.187 Z-0.600 F400.000
G1 X-20.624 Y-61.394 Z-0.600 F400.000
G1 X-20.590 Y-61.653 Z-0.600 F400.000
G1 X-20.483 Y-62.053 Z-0.600 F400.000
G1 X-20.383 Y-62.294 Z-0.600 F400.000
G1 X-20.175 Y-62.653 Z-0.600 F400.000
G1 X-20.017 Y-62.860 Z-0.600 F400.000
G1 X-19.724 Y-63.153 Z-0.600 F400.000
G1 X-19.516 Y-63.312 Z-0.600 F400.000
G1 X-19.158 Y-63.519 Z-0.600 F400.000
G1 X-18.916 Y-63.619 Z-0.600 F400.000
G1 X-18.516 Y-63.726 Z-0.600 F400.000
G1 X-18.257 Y-63.760 Z-0.600 F400.000
G1 X-18.050 Y-63.774 Z-0.600 F400.000
G1 X-16.645 Y-63.774 Z-0.600 F400.000
G1 X-16.536 Y-63.785 Z-0.600 F400.000
G1 X-16.507 Y-63.793 Z-0.600 F400.000
G1 X-16.481 Y-63.808 Z-0.600 F400.000
G1 X-16.457 Y-63.827 Z-0.600 F400.000
G1 X-16.438 Y-63.850 Z-0.600 F400.000
G1 X-16.424 Y-63.877 Z-0.600 F400.000
G1 X-16.415 Y-63.906 Z-0.600 F400.000
G1 X-16.404 Y-64.014 Z-0.600 F400.000
G1 X-16.404 Y-66.906 Z-0.600 F400.000
G1 X-16.407 Y-66.966 Z-0.600 F400.000
G1 X-16.410 Y-66.984 Z-0.600 F400.000
G1 X-16.415 Y-67.000 Z-0.600 F400.000
G1 X-16.438 Y-67.057 Z-0.600 F400.000
G1 X-20.325 Y-75.393 Z-0.600 F400.000
G1 X-20.430 Y-75.649 Z-0.600 F400.000
G1 X-20.537 Y-75.997 Z-0.600 F400.000
G1 X-20.606 Y-76.354 Z-0.600 F400.000
G1 X-20.635 Y-76.717 Z-0.600 F400.000
G1 X-20.637 Y-99.466 Z-0.600 F400.000
G1 X-20.624 Y-99.673 Z-0.600 F400.000
G1 X-20.590 Y-99.932 Z-0.600 F400.000
G1 X-20.483 Y-100.332 Z-0.600 F400.000
G1 X-20.383 Y-100.573 Z-0.600 F400.000
G1 X-20.175 Y-100.932 Z-0.600 F400.000
G1 X-20.017 Y-101.139 Z-0.600 F400.000
G1 X-19.724 Y-101.432 Z-0.600 F400.000
G1 X-19.516 Y-101.591 Z-0.600 F400.000
G1 X-19.158 Y-101.798 Z-0.600 F400.000
G1 X-18.916 Y-101.898 Z-0.600 F400.000
G1 X-18.516 Y-102.005 Z-0.600 F400.000
G1 X-18.257 Y-102.039 Z-0.600 F400.000
G1 X-18.050 Y-102.053 Z-0.600 F400.000
G1 X-16.645 Y-102.053 Z-0.600 F400.000
G1 X-16.536 Y-102.064 Z-0.600 F400.000
G1 X-16.507 Y-102.072 Z-0.600 F400.000
G1 X-16.481 Y-102.087 Z-0.600 F400.000
G1 X-16.457 Y-102.106 Z-0.600 F400.000
G1 X-16.438 Y-102.130 Z-0.600 F400.000
G1 X-16.424 Y-102.156 Z-0.600 F400.000
G1 X-16.415 Y-102.185 Z-0.600 F400.000
G1 X-16.404 Y-102.294 Z-0.600 F400.000
G1 X-16.404 Y-105.185 Z-0.600 F400.000
G1 X-16.407 Y-105.245 Z-0.600 F400.000
G1 X-16.410 Y-105.263 Z-0.600 F400.000
G1 X-16.415 Y-105.279 Z-0.600 F400.000
G1 X-16.438 Y-105.336 Z-0.600 F400.000
G1 X-20.325 Y-113.672 Z-0.600 F400.000
G1 X-20.430 Y-113.928 Z-0.600 F400.000
G1 X-20.537 Y-114.276 Z-0.600 F400.000
G1 X-20.606 Y-114.633 Z-0.600 F400.000
G1 X-20.635 Y-114.996 Z-0.600 F400.000
G1 X-20.637 Y-137.745 Z-0.600 F400.000
G1 X-20.624 Y-137.952 Z-0.600 F400.000
G1 X-20.590 Y-138.211 Z-0.600 F400.000
G1 X-20.483 Y-138.611 Z-0.600 F400.000
G1 X-20.383 Y-138.852 Z-0.600 F400.000
G1 X-20.175 Y-139.211 Z-0.600 F400.000
G1 X-20.017 Y-139.418 Z-0.600 F400.000
G1 X-19.724 Y-139.711 Z-0.600 F400.000
G1 X-19.516 Y-139.870 Z-0.600 F400.000
G1 X-19.158 Y-140.077 Z-0.600 F400.000
G1 X-18.916 Y-140.177 Z-0.600 F400.000
G1 X-18.516 Y-140.284 Z-0.600 F400.000
G1 X-18.257 Y-140.318 Z-0.600 F400.000
G1 X-18.050 Y-140.332 Z-0.600 F400.000
G1 X-16.645 Y-140.332 Z-0.600 F400.000
G1 X-16.536 Y-140.343 Z-0.600 F400.000
G1 X-16.507 Y-140.351 Z-0.600 F400.000
G1 X-16.481 Y-140.366 Z-0.600 F400.000
G1 X-16.457 Y-140.385 Z-0.600 F400.000
G1 X-16.438 Y-140.409 Z-0.600 F400.000
G1 X-16.424 Y-140.435 Z-0.600 F400.000
G1 X-16.415 Y-140.464 Z-0.600 F400.000
G1 X-16.404 Y-140.573 Z-0.600 F400.000
G1 X-16.404 Y-143.464 Z-0.600 F400.000
G1 X-16.407 Y-143.524 Z-0.600 F400.000
G1 X-16.410 Y-143.542 Z-0.600 F400.000
G1 X-16.415 Y-143.559 Z-0.600 F400.000
G1 X-16.438 Y-143.615 Z-0.600 F400.000
G1 X-20.325 Y-151.951 Z-0.600 F400.000
G1 X-20.430 Y-152.207 Z-0.600 F400.000
G1 X-20.537 Y-152.555 Z-0.600 F400.000
G1 X-20.606 Y-152.912 Z-0.600 F400.000
G1 X-20.635 Y-153.275 Z-0.600 F400.000
G1 X-20.637 Y-176.024 Z-0.600 F400.000
G1 X-20.624 Y-176.231 Z-0.600 F400.000
G1 X-20.590 Y-176.490 Z-0.600 F400.000
G1 X-20.483 Y-176.890 Z-0.600 F400.000
G1 X-20.383 Y-177.131 Z-0.600 F400.000
G1 X-20.175 Y-177.490 Z-0.600 F400.000
G1 X-20.017 Y-177.697 Z-0.600 F400.000
G1 X-19.724 Y-177.990 Z-0.600 F400.000
G1 X-19.516 Y-178.149 Z-0.600 F400.000
G1 X-19.158 Y-178.356 Z-0.600 F400.000
G1 X-18.916 Y-178.456 Z-0.600 F400.000
G1 X-18.516 Y-178.563 Z-0.600 F400.000
G1 X-18.257 Y-178.597 Z-0.600 F400.000
G1 X-18.050 Y-178.611 Z-0.600 F400.000
G1 X-16.645 Y-178.611 Z-0.600 F400.000
G1 X-16.536 Y-178.622 Z-0.600 F400.000
G1 X-16.507 Y-178.631 Z-0.600 F400.000
G1 X-16.481 Y-178.645 Z-0.600 F400.000
G1 X-16.457 Y-178.664 Z-0.600 F400.000
G1 X-16.438 Y-178.688 Z-0.600 F400.000
G1 X-16.424 Y-178.714 Z-0.600 F400.000
G1 X-16.415 Y-178.743 Z-0.600 F400.000
G1 X-16.404 Y-178.852 Z-0.600 F400.000
G1 X-16.404 Y-181.743 Z-0.600 F400.000
G1 X-16.407 Y-181.803 Z-0.600 F400.000
G1 X-16.410 Y-181.821 Z-0.600 F400.000
G1 X-16.415 Y-181.838 Z-0.600 F400.000
G1 X-16.438 Y-181.894 Z-0.600 F400.000
G1 X-20.325 Y-190.230 Z-0.600 F400.000
G1 X-20.430 Y-190.486 Z-0.600 F400.000
G1 X-20.537 Y-190.834 Z-0.600 F400.000
G1 X-20.606 Y-191.191 Z-0.600 F400.000
G1 X-20.635 Y-191.554 Z-0.600 F400.000
G1 X-20.637 Y-200.120 Z-0.600 F400.000
G1 X-20.596 Y-200.617 Z-0.600 F400.000
G1 X-20.536 Y-200.923 Z-0.600 F400.000
G1 X-20.436 Y-201.251 Z-0.600 F400.000
G1 X-20.317 Y-201.538 Z-0.600 F400.000
G1 X-20.155 Y-201.841 Z-0.600 F400.000
G1 X-19.982 Y-202.100 Z-0.600 F400.000
G1 X-19.765 Y-202.365 Z-0.600 F400.000
G1 X-19.545 Y-202.585 Z-0.600 F400.000
G1 X-19.279 Y-202.803 Z-0.600 F400.000
G1 X-19.021 Y-202.976 Z-0.600 F400.000
G1 X-18.718 Y-203.137 Z-0.600 F400.000
G1 X-18.431 Y-203.256 Z-0.600 F400.000
G1 X-18.102 Y-203.356 Z-0.600 F400.000
G1 X-17.797 Y-203.417 Z-0.600 F400.000
G1 X-17.456 Y-203.450 Z-0.600 F400.000
G1 X-14.530 Y-203.458 Z-0.600 F400.000
G1 X-14.420 Y-203.469 Z-0.600 F400.000
G1 X-14.391 Y-203.477 Z-0.600 F400.000
G1 X-14.364 Y-203.492 Z-0.600 F400.000
G1 X-14.341 Y-203.511 Z-0.600 F400.000
G1 X-14.321 Y-203.534 Z-0.600 F400.000
G1 X-14.307 Y-203.561 Z-0.600 F400.000
G1 X-14.298 Y-203.590 Z-0.600 F400.000
G1 X-14.287 Y-203.698 Z-0.600 F400.000
G1 X-14.288 Y-205.405 Z-0.600 F400.000
G1 X-14.298 Y-205.513 Z-0.600 F400.000
G1 X-14.307 Y-205.542 Z-0.600 F400.000
G1 X-14.321 Y-205.569 Z-0.600 F400.000
G1 X-14.341 Y-205.592 Z-0.600 F400.000
G1 X-14.364 Y-205.612 Z-0.600 F400.000
G1 X-14.391 Y-205.626 Z-0.600 F400.000
G1 X-14.420 Y-205.635 Z-0.600 F400.000
G1 X-14.528 Y-205.645 Z-0.600 F400.000
G1 X-17.300 Y-205.645 Z-0.600 F400.000
G1 X-17.797 Y-205.687 Z-0.600 F400.000
G1 X-18.102 Y-205.747 Z-0.600 F400.000
G1 X-18.431 Y-205.847 Z-0.600 F400.000
G1 X-18.718 Y-205.966 Z-0.600 F400.000
G1 X-19.021 Y-206.128 Z-0.600 F400.000
G1 X-19.279 Y-206.301 Z-0.600 F400.000
G1 X-19.545 Y-206.518 Z-0.600 F400.000
G1 X-19.765 Y-206.738 Z-0.600 F400.000
G1 X-19.982 Y-207.004 Z-0.600 F400.000
G1 X-20.155 Y-207.262 Z-0.600 F400.000
G1 X-20.317 Y-207.565 Z-0.600 F400.000
G1 X-20.436 Y-207.852 Z-0.600 F400.000
G1 X-20.536 Y-208.181 Z-0.600 F400.000
G1 X-20.596 Y-208.486 Z-0.600 F400.000
G1 X-20.630 Y-208.827 Z-0.600 F400.000
G1 X-20.637 Y-227.500 Z-0.600 F400.000
G0 Z5.000
G0 X-20.637 Y-2.500
G0 Z3.000
G1 X-20.637 Y-2.500 Z-0.800 F250.000
G1 X-20.637 Y-22.908 Z-0.800 F400.000
G1 X-20.624 Y-23.115 Z-0.800 F400.000
G1 X-20.590 Y-23.374 Z-0.800 F400.000
G1 X-20.483 Y-23.774 Z-0.800 F400.000
G1 X-20.383 Y-24.015 Z-0.800 F400.000
G1 X-20.175 Y-24.374 Z-0.800 F400.000
G1 X-20.017 Y-24.581 Z-0.800 F400.000
G1 X-19.724 Y-24.874 Z-0.800 F400.000
G1 X-19.516 Y-25.033 Z-0.800 F400.000
G1 X-19.158 Y-25.240 Z-0.800 F400.000
G1 X-18.916 Y-25.340 Z-0.800 F400.000
G1 X-18.516 Y-25.447 Z-0.800 F400.000
G1 X-18.257 Y-25.481 Z-0.800 F400.000
G1 X-18.050 Y-25.495 Z-0.800 F400.000
G1 X-16.645 Y-25.495 Z-0.800 F400.000
G1 X-16.536 Y-25.506 Z-0.800 F400.000
G1 X-16.507 Y-25.514 Z-0.800 F400.000
G1 X-16.481 Y-25.529 Z-0.800 F400.000
G1 X-16.457 Y-25.548 Z-0.800 F400.000
G1 X-16.438 Y-25.571 Z-0.800 F400.000
G1 X-16.424 Y-25.598 Z-0.800 F400.000
G1 X-16.415 Y-25.627 Z-0.800 F400.000
G1 X-16.404 Y-25.735 Z-0.800 F400.000
G1 X-16.404 Y-28.627 Z-0.800 F400.000
G1 X-16.407 Y-28.687 Z-0.800 F400.000
G1 X-16.410 Y-28.705 Z-0.800 F400.000
G1 X-16.415 Y-28.721 Z-0.800 F400.000
G1 X-16.438 Y-28.778 Z-0.800 F400.000
G1 X-20.325 Y-37.114 Z-0.800 F400.000
G1 X-20.430 Y-37.370 Z-0.800 F400.000
G1 X-20.537 Y-37.718 Z-0.800 F400.000
G1 X-20.606 Y-38.075 Z-0.800 F400.000
G1 X-20.635 Y-38.438 Z-0.800 F400.000
G1 X-20.637 Y-61.187 Z-0.800 F400.000
G1 X-20.624 Y-61.394 Z-0.800 F400.000
G1 X-20.590 Y-61.653 Z-0.800 F400.000
G1 X-20.483 Y-62.053 Z-0.800 F400.000
G1 X-20.383 Y-62.294 Z-0.800 F400.000
G1 X-20.175 Y-62.653 Z-0.800 F400.000
G1 X-20.017 Y-62.860 Z-0.800 F400.000
G1 X-19.724 Y-63.153 Z-0.800 F400.000
G1 X-19.516 Y-63.312 Z-0.800 F400.000
G1 X-19.158 Y-63.519 Z-0.800 F400.000
G1 X-18.916 Y-63.619 Z-0.800 F400.000
G1 X-18.516 Y-63.726 Z-0.800 F400.000
G1 X-18.257 Y-63.760 Z-0.800 F400.000
G1 X-18.050 Y-63.774 Z-0.800 F400.000
G1 X-16.645 Y-63.774 Z-0.800 F400.000
G1 X-16.536 Y-63.785 Z-0.800 F400.000
G1 X-16.507 Y-63.793 Z-0.800 F400.000
G1 X-16.481 Y-63.808 Z-0.800 F400.000
G1 X-16.457 Y-63.827 Z-0.800 F400.000
G1 X-16.438 Y-63.850 Z-0.800 F400.000
G1 X-16.424 Y-63.877 Z-0.800 F400.000
G1 X-16.415 Y-63.906 Z-0.800 F400.000
G1 X-16.404 Y-64.014 Z-0.800 F400.000
G1 X-16.404 Y-66.906 Z-0.800 F400.000
G1 X-16.407 Y-66.966 Z-0.800 F400.000
G1 X-16.410 Y-66.984 Z-0.800 F400.000
G1 X-16.415 Y-67.000 Z-0.800 F400.000
G1 X-16.438 Y-67.057 Z-0.800 F400.000
G1 X-20.325 Y-75.393 Z-0.800 F400.000
G1 X-20.430 Y-75.649 Z-0.800 F400.000
G1 X-20.537 Y-75.997 Z-0.800 F400.000
G1 X-20.606 Y-76.354 Z-0.800 F400.000
G1 X-20.635 Y-76.717 Z-0.800 F400.000
G1 X-20.637 Y-99.466 Z-0.800 F400.000
G1 X-20.624 Y-99.673 Z-0.800 F400.000
G1 X-20.590 Y-99.932 Z-0.800 F400.000
G1 X-20.483 Y-100.332 Z-0.800 F400.000
G1 X-20.383 Y-100.573 Z-0.800 F400.000
G1 X-20.175 Y-100.932 Z-0.800 F400.000
G1 X-20.017 Y-101.139 Z-0.800 F400.000
G1 X-19.724 Y-101.432 Z-0.800 F400.000
G1 X-19.516 Y-101.591 Z-0.800 F400.000
G1 X-19.158 Y-101.798 Z-0.800 F400.000
G1 X-18.916 Y-101.898 Z-0.800 F400.000
G1 X-18.516 Y-102.005 Z-0.800 F400.000
G1 X-18.257 Y-102.039 Z-0.800 F400.000
G1 X-18.050 Y-102.053 Z-0.800 F400.000
G1 X-16.645 Y-102.053 Z-0.800 F400.000
G1 X-16.536 Y-102.064 Z-0.800 F400.000
G1 X-16.507 Y-102.072 Z-0.800 F400.000
G1 X-16.481 Y-102.087 Z-0.800 F400.000
G1 X-16.457 Y-102.106 Z-0.800 F400.000
G1 X-16.438 Y-102.130 Z-0.800 F400.000
G1 X-16.424 Y-102.156 Z-0.800 F400.000
G1 X-16.415 Y-102.185 Z-0.800 F400.000
G1 X-16.404 Y-102.294 Z-0.800 F400.000
G1 X-16.404 Y-105.185 Z-0.800 F400.000
G1 X-16.407 Y-105.245 Z-0.800 F400.000
G1 X-16.410 Y-105.263 Z-0.800 F400.000
G1 X-16.415 Y-105.279 Z-0.800 F400.000
G1 X-16.438 Y-105.336 Z-0.800 F400.000
G1 X-20.325 Y-113.672 Z-0.800 F400.000
G1 X-20.430 Y-113.928 Z-0.800 F400.000
G1 X-20.537 Y-114.276 Z-0.800 F400.000
G1 X-20.606 Y-114.633 Z-0.800 F400.000
G1 X-20.635 Y-114.996 Z-0.800 F400.000
G1 X-20.637 Y-137.745 Z-0.800 F400.000
G1 X-20.624 Y-137.952 Z-0.800 F400.000
G1 X-20.590 Y-138.211 Z-0.800 F400.000
G1 X-20.483 Y-138.611 Z-0.800 F400.000
G1 X-20.383 Y-138.852 Z-0.800 F400.000
G1 X-20.175 Y-139.211 Z-0.800 F400.000
G1 X-20.017 Y-139.418 Z-0.800 F400.000
G1 X-19.724 Y-139.711 Z-0.800 F400.000
G1 X-19.516 Y-139.870 Z-0.800 F400.000
G1 X-19.158 Y-140.077 Z-0.800 F400.000
G1 X-18.916 Y-140.177 Z-0.800 F400.000
G1 X-18.516 Y-140.284 Z-0.800 F400.000
G1 X-18.257 Y-140.318 Z-0.800 F400.000
G1 X-18.050 Y-140.332 Z-0.800 F400.000
G1 X-16.645 Y-140.332 Z-0.800 F400.000
G1 X-16.536 Y-140.343 Z-0.800 F400.000
G1 X-16.507 Y-140.351 Z-0.800 F400.000
G1 X-16.481 Y-140.366 Z-0.800 F400.000
G1 X-16.457 Y-140.385 Z-0.800 F400.000
G1 X-16.438 Y-140.409 Z-0.800 F400.000
G1 X-16.424 Y-140.435 Z-0.800 F400.000
G1 X-16.415 Y-140.464 Z-0.800 F400.000
G1 X-16.404 Y-140.573 Z-0.800 F400.000
G1 X-16.404 Y-143.464 Z-0.800 F400.000
G1 X-16.407 Y-143.524 Z-0.800 F400.000
G1 X-16.410 Y-143.542 Z-0.800 F400.000
G1 X-16.415 Y-143.559 Z-0.800 F400.000
G1 X-16.438 Y-143.615 Z-0.800 F400.000
G1 X-20.325 Y-151.951 Z-0.800 F400.000
G1 X-20.430 Y-152.207 Z-0.800 F400.000
G1 X-20.537 Y-152.555 Z-0.800 F400.000
G1 X-20.606 Y-152.912 Z-0.800 F400.000
G1 X-20.635 Y-153.275 Z-0.800 F400.000
G1 X-20.637 Y-176.024 Z-0.800 F400.000
G1 X-20.624 Y-176.231 Z-0.800 F400.000
G1 X-20.590 Y-176.490 Z-0.800 F400.000
G1 X-20.483 Y-176.890 Z-0.800 F400.000
G1 X-20.383 Y-177.131 Z-0.800 F400.000
G1 X-20.175 Y-177.490 Z-0.800 F400.000
G1 X-20.017 Y-177.697 Z-0.800 F400.000
G1 X-19.724 Y-177.990 Z-0.800 F400.000
G1 X-19.516 Y-178.149 Z-0.800 F400.000
G1 X-19.158 Y-178.356 Z-0.800 F400.000
G1 X-18.916 Y-178.456 Z-0.800 F400.000
G1 X-18.516 Y-178.563 Z-0.800 F400.000
G1 X-18.257 Y-178.597 Z-0.800 F400.000
G1 X-18.050 Y-178.611 Z-0.800 F400.000
G1 X-16.645 Y-178.611 Z-0.800 F400.000
G1 X-16.536 Y-178.622 Z-0.800 F400.000
G1 X-16.507 Y-178.631 Z-0.800 F400.000
G1 X-16.481 Y-178.645 Z-0.800 F400.000
G1 X-16.457 Y-178.664 Z-0.800 F400.000
G1 X-16.438 Y-178.688 Z-0.800 F400.000
G1 X-16.424 Y-178.714 Z-0.800 F400.000
G1 X-16.415 Y-178.743 Z-0.800 F400.000
G1 X-16.404 Y-178.852 Z-0.800 F400.000
G1 X-16.404 Y-181.743 Z-0.800 F400.000
G1 X-16.407 Y-181.803 Z-0.800 F400.000
G1 X-16.410 Y-181.821 Z-0.800 F400.000
G1 X-16.415 Y-181.838 Z-0.800 F400.000
G1 X-16.438 Y-181.894 Z-0.800 F400.000
G1 X-20.325 Y-190.230 Z-0.800 F400.000
G1 X-20.430 Y-190.486 Z-0.800 F400.000
G1 X-20.537 Y-190.834 Z-0.800 F400.000
G1 X-20.606 Y-191.191 Z-0.800 F400.000
G1 X-20.635 Y-191.554 Z-0.800 F400.000
G1 X-20.637 Y-200.120 Z-0.800 F400.000
G1 X-20.596 Y-200.617 Z-0.800 F400.000
G1 X-20.536 Y-200.923 Z-0.800 F400.000
G1 X-20.436 Y-201.251 Z-0.800 F400.000
G1 X-20.317 Y-201.538 Z-0.800 F400.000
G1 X-20.155 Y-201.841 Z-0.800 F400.000
G1 X-19.982 Y-202.100 Z-0.800 F400.000
G1 X-19.765 Y-202.365 Z-0.800 F400.000
G1 X-19.545 Y-202.585 Z-0.800 F400.000
G1 X-19.279 Y-202.803 Z-0.800 F400.000
G1 X-19.021 Y-202.976 Z-0.800 F400.000
G1 X-18.718 Y-203.137 Z-0.800 F400.000
G1 X-18.431 Y-203.256 Z-0.800 F400.000
G1 X-18.102 Y-203.356 Z-0.800 F400.000
G1 X-17.797 Y-203.417 Z-0.800 F400.000
G1 X-17.456 Y-203.450 Z-0.800 F400.000
G1 X-14.530 Y-203.458 Z-0.800 F400.000
G1 X-14.420 Y-203.469 Z-0.800 F400.000
G1 X-14.391 Y-203.477 Z-0.800 F400.000
G1 X-14.364 Y-203.492 Z-0.800 F400.000
G1 X-14.341 Y-203.511 Z-0.800 F400.000
G1 X-14.321 Y-203.534 Z-0.800 F400.000
G1 X-14.307 Y-203.561 Z-0.800 F400.000
G1 X-14.298 Y-203.590 Z-0.800 F400.000
G1 X-14.287 Y-203.698 Z-0.800 F400.000
G1 X-14.288 Y-205.405 Z-0.800 F400.000
G1 X-14.298 Y-205.513 Z-0.800 F400.000
G1 X-14.307 Y-205.542 Z-0.800 F400.000
G1 X-14.321 Y-205.569 Z-0.800 F400.000
G1 X-14.341 Y-205.592 Z-0.800 F400.000
G1 X-14.364 Y-205.612 Z-0.800 F400.000
G1 X-14.391 Y-205.626 Z-0.800 F400.000
G1 X-14.420 Y-205.635 Z-0.800 F400.000
G1 X-14.528 Y-205.645 Z-0.800 F400.000
G1 X-17.300 Y-205.645 Z-0.800 F400.000
G1 X-17.797 Y-205.687 Z-0.800 F400.000
G1 X-18.102 Y-205.747 Z-0.800 F400.000
G1 X-18.431 Y-205.847 Z-0.800 F400.000
G1 X-18.718 Y-205.966 Z-0.800 F400.000
G1 X-19.021 Y-206.128 Z-0.800 F400.000
G1 X-19.279 Y-206.301 Z-0.800 F400.000
G1 X-19.545 Y-206.518 Z-0.800 F400.000
G1 X-19.765 Y-206.738 Z-0.800 F400.000
G1 X-19.982 Y-207.004 Z-0.800 F400.000
G1 X-20.155 Y-207.262 Z-0.800 F400.000
G1 X-20.317 Y-207.565 Z-0.800 F400.000
G1 X-20.436 Y-207.852 Z-0.800 F400.000
G1 X-20.536 Y-208.181 Z-0.800 F400.000
G1 X-20.596 Y-208.486 Z-0.800 F400.000
G1 X-20.630 Y-208.827 Z-0.800 F400.000
G1 X-20.637 Y-227.500 Z-0.800 F400.000
G0 Z5.000
G0 X-20.637 Y-2.500
G0 Z3.000
G1 X-20.637 Y-2.500 Z-1.000 F250.000
G1 X-20.637 Y-22.908 Z-1.000 F400.000
G1 X-20.624 Y-23.115 Z-1.000 F400.000
G1 X-20.590 Y-23.374 Z-1.000 F400.000
G1 X-20.483 Y-23.774 Z-1.000 F400.000
G1 X-20.383 Y-24.015 Z-1.000 F400.000
G1 X-20.175 Y-24.374 Z-1.000 F400.000
G1 X-20.017 Y-24.581 Z-1.000 F400.000
G1 X-19.724 Y-24.874 Z-1.000 F400.000
G1 X-19.516 Y-25.033 Z-1.000 F400.000
G1 X-19.158 Y-25.240 Z-1.000 F400.000
G1 X-18.916 Y-25.340 Z-1.000 F400.000
G1 X-18.516 Y-25.447 Z-1.000 F400.000
G1 X-18.257 Y-25.481 Z-1.000 F400.000
G1 X-18.050 Y-25.495 Z-1.000 F400.000
G1 X-16.645 Y-25.495 Z-1.000 F400.000
G1 X-16.536 Y-25.506 Z-1.000 F400.000
G1 X-16.507 Y-25.514 Z-1.000 F400.000
G1 X-16.481 Y-25.529 Z-1.000 F400.000
G1 X-16.457 Y-25.548 Z-1.000 F400.000
G1 X-16.438 Y-25.571 Z-1.000 F400.000
G1 X-16.424 Y-25.598 Z-1.000 F400.000
G1 X-16.415 Y-25.627 Z-1.000 F400.000
G1 X-16.404 Y-25.735 Z-1.000 F400.000
G1 X-16.404 Y-28.627 Z-1.000 F400.000
G1 X-16.407 Y-28.687 Z-1.000 F400.000
G1 X-16.410 Y-28.705 Z-1.000 F400.000
G1 X-16.415 Y-28.721 Z-1.000 F400.000
G1 X-16.438 Y-28.778 Z-1.000 F400.000
G1 X-20.325 Y-37.114 Z-1.000 F400.000
G1 X-20.430 Y-37.370 Z-1.000 F400.000
G1 X-20.537 Y-37.718 Z-1.000 F400.000
G1 X-20.606 Y-38.075 Z-1.000 F400.000
G1 X-20.635 Y-38.438 Z-1.000 F400.000
G1 X-20.637 Y-61.187 Z-1.000 F400.000
G1 X-20.624 Y-61.394 Z-1.000 F400.000
G1 X-20.590 Y-61.653 Z-1.000 F400.000
G1 X-20.483 Y-62.053 Z-1.000 F400.000
G1 X-20.383 Y-62.294 Z-1.000 F400.000
G1 X-20.175 Y-62.653 Z-1.000 F400.000
G1 X-20.017 Y-62.860 Z-1.000 F400.000
G1 X-19.724 Y-63.153 Z-1.000 F400.000
G1 X-19.516 Y-63.312 Z-1.000 F400.000
G1 X-19.158 Y-63.519 Z-1.000 F400.000
G1 X-18.916 Y-63.619 Z-1.000 F400.000
G1 X-18.516 Y-63.726 Z-1.000 F400.000
G1 X-18.257 Y-63.760 Z-1.000 F400.000
G1 X-18.050 Y-63.774 Z-1.000 F400.000
G1 X-16.645 Y-63.774 Z-1.000 F400.000
G1 X-16.536 Y-63.785 Z-1.000 F400.000
G1 X-16.507 Y-63.793 Z-1.000 F400.000
G1 X-16.481 Y-63.808 Z-1.000 F400.000
G1 X-16.457 Y-63.827 Z-1.000 F400.000
G1 X-16.438 Y-63.850 Z-1.000 F400.000
G1 X-16.424 Y-63.877 Z-1.000 F400.000
G1 X-16.415 Y-63.906 Z-1.000 F400.000
G1 X-16.404 Y-64.014 Z-1.000 F400.000
G1 X-16.404 Y-66.906 Z-1.000 F400.000
G1 X-16.407 Y-66.966 Z-1.000 F400.000
G1 X-16.410 Y-66.984 Z-1.000 F400.000
G1 X-16.415 Y-67.000 Z-1.000 F400.000
G1 X-16.438 Y-67.057 Z-1.000 F400.000
G1 X-20.325 Y-75.393 Z-1.000 F400.000
G1 X-20.430 Y-75.649 Z-1.000 F400.000
G1 X-20.537 Y-75.997 Z-1.000 F400.000
G1 X-20.606 Y-76.354 Z-1.000 F400.000
G1 X-20.635 Y-76.717 Z-1.000 F400.000
G1 X-20.637 Y-99.466 Z-1.000 F400.000
G1 X-20.624 Y-99.673 Z-1.000 F400.000
G1 X-20.590 Y-99.932 Z-1.000 F400.000
G1 X-20.483 Y-100.332 Z-1.000 F400.000
G1 X-20.383 Y-100.573 Z-1.000 F400.000
G1 X-20.175 Y-100.932 Z-1.000 F400.000
G1 X-20.017 Y-101.139 Z-1.000 F400.000
G1 X-19.724 Y-101.432 Z-1.000 F400.000
G1 X-19.516 Y-101.591 Z-1.000 F400.000
G1 X-19.158 Y-101.798 Z-1.000 F400.000
G1 X-18.916 Y-101.898 Z-1.000 F400.000
G1 X-18.516 Y-102.005 Z-1.000 F400.000
G1 X-18.257 Y-102.039 Z-1.000 F400.000
G1 X-18.050 Y-102.053 Z-1.000 F400.000
G1 X-16.645 Y-102.053 Z-1.000 F400.000
G1 X-16.536 Y-102.064 Z-1.000 F400.000
G1 X-16.507 Y-102.072 Z-1.000 F400.000
G1 X-16.481 Y-102.087 Z-1.000 F400.000
G1 X-16.457 Y-102.106 Z-1.000 F400.000
G1 X-16.438 Y-102.130 Z-1.000 F400.000
G1 X-16.424 Y-102.156 Z-1.000 F400.000
G1 X-16.415 Y-102.185 Z-1.000 F400.000
G1 X-16.404 Y-102.294 Z-1.000 F400.000
G1 X-16.404 Y-105.185 Z-1.000 F400.000
G1 X-16.407 Y-105.245 Z-1.000 F400.000
G1 X-16.410 Y-105.263 Z-1.000 F400.000
G1 X-16.415 Y-105.279 Z-1.000 F400.000
G1 X-16.438 Y-105.336 Z-1.000 F400.000
G1 X-20.325 Y-113.672 Z-1.000 F400.000
G1 X-20.430 Y-113.928 Z-1.000 F400.000
G1 X-20.537 Y-114.276 Z-1.000 F400.000
G1 X-20.606 Y-114.633 Z-1.000 F400.000
G1 X-20.635 Y-114.996 Z-1.000 F400.000
G1 X-20.637 Y-137.745 Z-1.000 F400.000
G1 X-20.624 Y-137.952 Z-1.000 F400.000
G1 X-20.590 Y-138.211 Z-1.000 F400.000
G1 X-20.483 Y-138.611 Z-1.000 F400.000
G1 X-20.383 Y-138.852 Z-1.000 F400.000
G1 X-20.175 Y-139.211 Z-1.000 F400.000
G1 X-20.017 Y-139.418 Z-1.000 F400.000
G1 X-19.724 Y-139.711 Z-1.000 F400.000
G1 X-19.516 Y-139.870 Z-1.000 F400.000
G1 X-19.158 Y-140.077 Z-1.000 F400.000
G1 X-18.916 Y-140.177 Z-1.000 F400.000
G1 X-18.516 Y-140.284 Z-1.000 F400.000
G1 X-18.257 Y-140.318 Z-1.000 F400.000
G1 X-18.050 Y-140.332 Z-1.000 F400.000
G1 X-16.645 Y-140.332 Z-1.000 F400.000
G1 X-16.536 Y-140.343 Z-1.000 F400.000
G1 X-16.507 Y-140.351 Z-1.000 F400.000
G1 X-16.481 Y-140.366 Z-1.000 F400.000
G1 X-16.457 Y-140.385 Z-1.000 F400.000
G1 X-16.438 Y-140.409 Z-1.000 F400.000
G1 X-16.424 Y-140.435 Z-1.000 F400.000
G1 X-16.415 Y-140.464 Z-1.000 F400.000
G1 X-16.404 Y-140.573 Z-1.000 F400.000
G1 X-16.404 Y-143.464 Z-1.000 F400.000
G1 X-16.407 Y-143.524 Z-1.000 F400.000
G1 X-16.410 Y-143.542 Z-1.000 F400.000
G1 X-16.415 Y-143.559 Z-1.000 F400.000
G1 X-16.438 Y-143.615 Z-1.000 F400.000
G1 X-20.325 Y-151.951 Z-1.000 F400.000
G1 X-20.430 Y-152.207 Z-1.000 F400.000
G1 X-20.537 Y-152.555 Z-1.000 F400.000
G1 X-20.606 Y-152.912 Z-1.000 F400.000
G1 X-20.635 Y-153.275 Z-1.000 F400.000
G1 X-20.637 Y-176.024 Z-1.000 F400.000
G1 X-20.624 Y-176.231 Z-1.000 F400.000
G1 X-20.590 Y-176.490 Z-1.000 F400.000
G1 X-20.483 Y-176.890 Z-1.000 F400.000
G1 X-20.383 Y-177.131 Z-1.000 F400.000
G1 X-20.175 Y-177.490 Z-1.000 F400.000
G1 X-20.017 Y-177.697 Z-1.000 F400.000
G1 X-19.724 Y-177.990 Z-1.000 F400.000
G1 X-19.516 Y-178.149 Z-1.000 F400.000
G1 X-19.158 Y-178.356 Z-1.000 F400.000
G1 X-18.916 Y-178.456 Z-1.000 F400.000
G1 X-18.516 Y-178.563 Z-1.000 F400.000
G1 X-18.257 Y-178.597 Z-1.000 F400.000
G1 X-18.050 Y-178.611 Z-1.000 F400.000
G1 X-16.645 Y-178.611 Z-1.000 F400.000
G1 X-16.536 Y-178.622 Z-1.000 F400.000
G1 X-16.507 Y-178.631 Z-1.000 F400.000
G1 X-16.481 Y-178.645 Z-1.000 F400.000
G1 X-16.457 Y-178.664 Z-1.000 F400.000
G1 X-16.438 Y-178.688 Z-1.000 F400.000
G1 X-16.424 Y-178.714 Z-1.000 F400.000
G1 X-16.415 Y-178.743 Z-1.000 F400.000
G1 X-16.404 Y-178.852 Z-1.000 F400.000
G1 X-16.404 Y-181.743 Z-1.000 F400.000
G1 X-16.407 Y-181.803 Z-1.000 F400.000
G1 X-16.410 Y-181.821 Z-1.000 F400.000
G1 X-16.415 Y-181.838 Z-1.000 F400.000
G1 X-16.438 Y-181.894 Z-1.000 F400.000
G1 X-20.325 Y-190.230 Z-1.000 F400.000
G1 X-20.430 Y-190.486 Z-1.000 F400.000
G1 X-20.537 Y-190.834 Z-1.000 F400.000
G1 X-20.606 Y-191.191 Z-1.000 F400.000
G1 X-20.635 Y-191.554 Z-1.000 F400.000
G1 X-20.637 Y-200.120 Z-1.000 F400.000
G1 X-20.596 Y-200.617 Z-1.000 F400.000
G1 X-20.536 Y-200.923 Z-1.000 F400.000
G1 X-20.436 Y-201.251 Z-1.000 F400.000
G1 X-20.317 Y-201.538 Z-1.000 F400.000
G1 X-20.155 Y-201.841 Z-1.000 F400.000
G1 X-19.982 Y-202.100 Z-1.000 F400.000
G1 X-19.765 Y-202.365 Z-1.000 F400.000
G1 X-19.545 Y-202.585 Z-1.000 F400.000
G1 X-19.279 Y-202.803 Z-1.000 F400.000
G1 X-19.021 Y-202.976 Z-1.000 F400.000
G1 X-18.718 Y-203.137 Z-1.000 F400.000
G1 X-18.431 Y-203.256 Z-1.000 F400.000
G1 X-18.102 Y-203.356 Z-1.000 F400.000
G1 X-17.797 Y-203.417 Z-1.000 F400.000
G1 X-17.456 Y-203.450 Z-1.000 F400.000
G1 X-14.530 Y-203.458 Z-1.000 F400.000
G1 X-14.420 Y-203.469 Z-1.000 F400.000
G1 X-14.391 Y-203.477 Z-1.000 F400.000
G1 X-14.364 Y-203.492 Z-1.000 F400.000
G1 X-14.341 Y-203.511 Z-1.000 F400.000
G1 X-14.321 Y-203.534 Z-1.000 F400.000
G1 X-14.307 Y-203.561 Z-1.000 F400.000
G1 X-14.298 Y-203.590 Z-1.000 F400.000
G1 X-14.287 Y-203.698 Z-1.000 F400.000
G1 X-14.288 Y-205.405 Z-1.000 F400.000
G1 X-14.298 Y-205.513 Z-1.000 F400.000
G1 X-14.307 Y-205.542 Z-1.000 F400.000
G1 X-14.321 Y-205.569 Z-1.000 F400.000
G1 X-14.341 Y-205.592 Z-1.000 F400.000
G1 X-14.364 Y-205.612 Z-1.000 F400.000
G1 X-14.391 Y-205.626 Z-1.000 F400.000
G1 X-14.420 Y-205.635 Z-1.000 F400.000
G1 X-14.528 Y-205.645 Z-1.000 F400.000
G1 X-17.300 Y-205.645 Z-1.000 F400.000
G1 X-17.797 Y-205.687 Z-1.000 F400.000
G1 X-18.102 Y-205.747 Z-1.000 F400.000
G1 X-18.431 Y-205.847 Z-1.000 F400.000
G1 X-18.718 Y-205.966 Z-1.000 F400.000
G1 X-19.021 Y-206.128 Z-1.000 F400.000
G1 X-19.279 Y-206.301 Z-1.000 F400.000
G1 X-19.545 Y-206.518 Z-1.000 F400.000
G1 X-19.765 Y-206.738 Z-1.000 F400.000
G1 X-19.982 Y-207.004 Z-1.000 F400.000
G1 X-20.155 Y-207.262 Z-1.000 F400.000
G1 X-20.317 Y-207.565 Z-1.000 F400.000
G1 X-20.436 Y-207.852 Z-1.000 F400.000
G1 X-20.536 Y-208.181 Z-1.000 F400.000
G1 X-20.596 Y-208.486 Z-1.000 F400.000
G1 X-20.630 Y-208.827 Z-1.000 F400.000
G1 X-20.637 Y-227.500 Z-1.000 F400.000
G0 Z5.000
G0 X-20.637 Y-2.500
G0 Z3.000
G1 X-20.637 Y-2.500 Z-1.200 F250.000
G1 X-20.637 Y-22.908 Z-1.200 F400.000
G1 X-20.624 Y-23.115 Z-1.200 F400.000
G1 X-20.590 Y-23.374 Z-1.200 F400.000
G1 X-20.483 Y-23.774 Z-1.200 F400.000
G1 X-20.383 Y-24.015 Z-1.200 F400.000
G1 X-20.175 Y-24.374 Z-1.200 F400.000
G1 X-20.017 Y-24.581 Z-1.200 F400.000
G1 X-19.724 Y-24.874 Z-1.200 F400.000
G1 X-19.516 Y-25.033 Z-1.200 F400.000
G1 X-19.158 Y-25.240 Z-1.200 F400.000
G1 X-18.916 Y-25.340 Z-1.200 F400.000
G1 X-18.516 Y-25.447 Z-1.200 F400.000
G1 X-18.257 Y-25.481 Z-1.200 F400.000
G1 X-18.050 Y-25.495 Z-1.200 F400.000
G1 X-16.645 Y-25.495 Z-1.200 F400.000
G1 X-16.536 Y-25.506 Z-1.200 F400.000
G1 X-16.507 Y-25.514 Z-1.200 F400.000
G1 X-16.481 Y-25.529 Z-1.200 F400.000
G1 X-16.457 Y-25.548 Z-1.200 F400.000
G1 X-16.438 Y-25.571 Z-1.200 F400.000
G1 X-16.424 Y-25.598 Z-1.200 F400.000
G1 X-16.415 Y-25.627 Z-1.200 F400.000
G1 X-16.404 Y-25.735 Z-1.200 F400.000
G1 X-16.404 Y-28.627 Z-1.200 F400.000
G1 X-16.407 Y-28.687 Z-1.200 F400.000
G1 X-16.410 Y-28.705 Z-1.200 F400.000
G1 X-16.415 Y-28.721 Z-1.200 F400.000
G1 X-16.438 Y-28.778 Z-1.200 F400.000
G1 X-20.325 Y-37.114 Z-1.200 F400.000
G1 X-20.430 Y-37.370 Z-1.200 F400.000
G1 X-20.537 Y-37.718 Z-1.200 F400.000
G1 X-20.606 Y-38.075 Z-1.200 F400.000
G1 X-20.635 Y-38.438 Z-1.200 F400.000
G1 X-20.637 Y-61.187 Z-1.200 F400.000
G1 X-20.624 Y-61.394 Z-1.200 F400.000
G1 X-20.590 Y-61.653 Z-1.200 F400.000
G1 X-20.483 Y-62.053 Z-1.200 F400.000
G1 X-20.383 Y-62.294 Z-1.200 F400.000
G1 X-20.175 Y-62.653 Z-1.200 F400.000
G1 X-20.017 Y-62.860 Z-1.200 F400.000
G1 X-19.724 Y-63.153 Z-1.200 F400.000
G1 X-19.516 Y-63.312 Z-1.200 F400.000
G1 X-19.158 Y-63.519 Z-1.200 F400.000
G1 X-18.916 Y-63.619 Z-1.200 F400.000
G1 X-18.516 Y-63.726 Z-1.200 F400.000
G1 X-18.257 Y-63.760 Z-1.200 F400.000
G1 X-18.050 Y-63.774 Z-1.200 F400.000
G1 X-16.645 Y-63.774 Z-1.200 F400.000
G1 X-16.536 Y-63.785 Z-1.200 F400.000
G1 X-16.507 Y-63.793 Z-1.200 F400.000
G1 X-16.481 Y-63.808 Z-1.200 F400.000
G1 X-16.457 Y-63.827 Z-1.200 F400.000
G1 X-16.438 Y-63.850 Z-1.200 F400.000
G1 X-16.424 Y-63.877 Z-1.200 F400.000
G1 X-16.415 Y-63.906 Z-1.200 F400.000
G1 X-16.404 Y-64.014 Z-1.200 F400.000
G1 X-16.404 Y-66.906 Z-1.200 F400.000
G1 X-16.407 Y-66.966 Z-1.200 F400.000
G1 X-16.410 Y-66.984 Z-1.200 F400.000
G1 X-16.415 Y-67.000 Z-1.200 F400.000
G1 X-16.438 Y-67.057 Z-1.200 F400.000
G1 X-20.325 Y-75.393 Z-1.200 F400.000
G1 X-20.430 Y-75.649 Z-1.200 F400.000
G1 X-20.537 Y-75.997 Z-1.200 F400.000
G1 X-20.606 Y-76.354 Z-1.200 F400.000
G1 X-20.635 Y-76.717 Z-1.200 F400.000
G1 X-20.637 Y-99.466 Z-1.200 F400.000
G1 X-20.624 Y-99.673 Z-1.200 F400.000
G1 X-20.590 Y-99.932 Z-1.200 F400.000
G1 X-20.483 Y-100.332 Z-1.200 F400.000
G1 X-20.383 Y-100.573 Z-1.200 F400.000
G1 X-20.175 Y-100.932 Z-1.200 F400.000
G1 X-20.017 Y-101.139 Z-1.200 F400.000
G1 X-19.724 Y-101.432 Z-1.200 F400.000
G1 X-19.516 Y-101.591 Z-1.200 F400.000
G1 X-19.158 Y-101.798 Z-1.200 F400.000
G1 X-18.916 Y-101.898 Z-1.200 F400.000
G1 X-18.516 Y-102.005 Z-1.200 F400.000
G1 X-18.257 Y-102.039 Z-1.200 F400.000
G1 X-18.050 Y-102.053 Z-1.200 F400.000
G1 X-16.645 Y-102.053 Z-1.200 F400.000
G1 X-16.536 Y-102.064 Z-1.200 F400.000
G1 X-16.507 Y-102.072 Z-1.200 F400.000
G1 X-16.481 Y-102.087 Z-1.200 F400.000
G1 X-16.457 Y-102.106 Z-1.200 F400.000
G1 X-16.438 Y-102.130 Z-1.200 F400.000
G1 X-16.424 Y-102.156 Z-1.200 F400.000
G1 X-16.415 Y-102.185 Z-1.200 F400.000
G1 X-16.404 Y-102.294 Z-1.200 F400.000
G1 X-16.404 Y-105.185 Z-1.200 F400.000
G1 X-16.407 Y-105.245 Z-1.200 F400.000
G1 X-16.410 Y-105.263 Z-1.200 F400.000
G1 X-16.415 Y-105.279 Z-1.200 F400.000
G1 X-16.438 Y-105.336 Z-1.200 F400.000
G1 X-20.325 Y-113.672 Z-1.200 F400.000
G1 X-20.430 Y-113.928 Z-1.200 F400.000
G1 X-20.537 Y-114.276 Z-1.200 F400.000
G1 X-20.606 Y-114.633 Z-1.200 F400.000
G1 X-20.635 Y-114.996 Z-1.200 F400.000
G1 X-20.637 Y-137.745 Z-1.200 F400.000
G1 X-20.624 Y-137.952 Z-1.200 F400.000
G1 X-20.590 Y-138.211 Z-1.200 F400.000
G1 X-20.483 Y-138.611 Z-1.200 F400.000
G1 X-20.383 Y-138.852 Z-1.200 F400.000
G1 X-20.175 Y-139.211 Z-1.200 F400.000
G1 X-20.017 Y-139.418 Z-1.200 F400.000
G1 X-19.724 Y-139.711 Z-1.200 F400.000
G1 X-19.516 Y-139.870 Z-1.200 F400.000
G1 X-19.158 Y-140.077 Z-1.200 F400.000
G1 X-18.916 Y-140.177 Z-1.200 F400.000
G1 X-18.516 Y-140.284 Z-1.200 F400.000
G1 X-18.257 Y-140.318 Z-1.200 F400.000
G1 X-18.050 Y-140.332 Z-1.200 F400.000
G1 X-16.645 Y-140.332 Z-1.200 F400.000
G1 X-16.536 Y-140.343 Z-1.200 F400.000
G1 X-16.507 Y-140.351 Z-1.200 F400.000
G1 X-16.481 Y-140.366 Z-1.200 F400.000
G1 X-16.457 Y-140.385 Z-1.200 F400.000
G1 X-16.438 Y-140.409 Z-1.200 F400.000
G1 X-16.424 Y-140.435 Z-1.200 F400.000
G1 X-16.415 Y-140.464 Z-1.200 F400.000
G1 X-16.404 Y-140.573 Z-1.200 F400.000
G1 X-16.404 Y-143.464 Z-1.200 F400.000
G1 X-16.407 Y-143.524 Z-1.200 F400.000
G1 X-16.410 Y-143.542 Z-1.200 F400.000
G1 X-16.415 Y-143.559 Z-1.200 F400.000
G1 X-16.438 Y-143.615 Z-1.200 F400.000
G1 X-20.325 Y-151.951 Z-1.200 F400.000
G1 X-20.430 Y-152.207 Z-1.200 F400.000
G1 X-20.537 Y-152.555 Z-1.200 F400.000
G1 X-20.606 Y-152.912 Z-1.200 F400.000
G1 X-20.635 Y-153.275 Z-1.200 F400.000
G1 X-20.637 Y-176.024 Z-1.200 F400.000
G1 X-20.624 Y-176.231 Z-1.200 F400.000
G1 X-20.590 Y-176.490 Z-1.200 F400.000
G1 X-20.483 Y-176.890 Z-1.200 F400.000
G1 X-20.383 Y-177.131 Z-1.200 F400.000
G1 X-20.175 Y-177.490 Z-1.200 F400.000
G1 X-20.017 Y-177.697 Z-1.200 F400.000
G1 X-19.724 Y-177.990 Z-1.200 F400.000
G1 X-19.516 Y-178.149 Z-1.200 F400.000
G1 X-19.158 Y-178.356 Z-1.200 F400.000
G1 X-18.916 Y-178.456 Z-1.200 F400.000
G1 X-18.516 Y-178.563 Z-1.200 F400.000
G1 X-18.257 Y-178.597 Z-1.200 F400.000
G1 X-18.050 Y-178.611 Z-1.200 F400.000
G1 X-16.645 Y-178.611 Z-1.200 F400.000
G1 X-16.536 Y-178.622 Z-1.200 F400.000
G1 X-16.507 Y-178.631 Z-1.200 F400.000
G1 X-16.481 Y-178.645 Z-1.200 F400.000
G1 X-16.457 Y-178.664 Z-1.200 F400.000
G1 X-16.438 Y-178.688 Z-1.200 F400.000
G1 X-16.424 Y-178.714 Z-1.200 F400.000
G1 X-16.415 Y-178.743 Z-1.200 F400.000
G1 X-16.404 Y-178.852 Z-1.200 F400.000
G1 X-16.404 Y-181.743 Z-1.200 F400.000
G1 X-16.407 Y-181.803 Z-1.200 F400.000
G1 X-16.410 Y-181.821 Z-1.200 F400.000
G1 X-16.415 Y-181.838 Z-1.200 F400.000
G1 X-16.438 Y-181.894 Z-1.200 F400.000
G1 X-20.325 Y-190.230 Z-1.200 F400.000
G1 X-20.430 Y-190.486 Z-1.200 F400.000
G1 X-20.537 Y-190.834 Z-1.200 F400.000
G1 X-20.606 Y-191.191 Z-1.200 F400.000
G1 X-20.635 Y-191.554 Z-1.200 F400.000
G1 X-20.637 Y-200.120 Z-1.200 F400.000
G1 X-20.596 Y-200.617 Z-1.200 F400.000
G1 X-20.536 Y-200.923 Z-1.200 F400.000
G1 X-20.436 Y-201.251 Z-1.200 F400.000
G1 X-20.317 Y-201.538 Z-1.200 F400.000
G1 X-20.155 Y-201.841 Z-1.200 F400.000
G1 X-19.982 Y-202.100 Z-1.200 F400.000
G1 X-19.765 Y-202.365 Z-1.200 F400.000
G1 X-19.545 Y-202.585 Z-1.200 F400.000
G1 X-19.279 Y-202.803 Z-1.200 F400.000
G1 X-19.021 Y-202.976 Z-1.200 F400.000
G1 X-18.718 Y-203.137 Z-1.200 F400.000
G1 X-18.431 Y-203.256 Z-1.200 F400.000
G1 X-18.102 Y-203.356 Z-1.200 F400.000
G1 X-17.797 Y-203.417 Z-1.200 F400.000
G1 X-17.456 Y-203.450 Z-1.200 F400.000
G1 X-14.530 Y-203.458 Z-1.200 F400.000
G1 X-14.420 Y-203.469 Z-1.200 F400.000
G1 X-14.391 Y-203.477 Z-1.200 F400.000
G1 X-14.364 Y-203.492 Z-1.200 F400.000
G1 X-14.341 Y-203.511 Z-1.200 F400.000
G1 X-14.321 Y-203.534 Z-1.200 F400.000
G1 X-14.307 Y-203.561 Z-1.200 F400.000
G1 X-14.298 Y-203.590 Z-1.200 F400.000
G1 X-14.287 Y-203.698 Z-1.200 F400.000
G1 X-14.288 Y-205.405 Z-1.200 F400.000
G1 X-14.298 Y-205.513 Z-1.200 F400.000
G1 X-14.307 Y-205.542 Z-1.200 F400.000
G1 X-14.321 Y-205.569 Z-1.200 F400.000
G1 X-14.341 Y-205.592 Z-1.200 F400.000
G1 X-14.364 Y-205.612 Z-1.200 F400.000
G1 X-14.391 Y-205.626 Z-1.200 F400.000
G1 X-14.420 Y-205.635 Z-1.200 F400.000
G1 X-14.528 Y-205.645 Z-1.200 F400.000
G1 X-17.300 Y-205.645 Z-1.200 F400.000
G1 X-17.797 Y-205.687 Z-1.200 F400.000
G1 X-18.102 Y-205.747 Z-1.200 F400.000
G1 X-18.431 Y-205.847 Z-1.200 F400.000
G1 X-18.718 Y-205.966 Z-1.200 F400.000
G1 X-19.021 Y-206.128 Z-1.200 F400.000
G1 X-19.279 Y-206.301 Z-1.200 F400.000
G1 X-19.545 Y-206.518 Z-1.200 F400.000
G1 X-19.765 Y-206.738 Z-1.200 F400.000
G1 X-19.982 Y-207.004 Z-1.200 F400.000
G1 X-20.155 Y-207.262 Z-1.200 F400.000
G1 X-20.317 Y-207.565 Z-1.200 F400.000
G1 X-20.436 Y-207.852 Z-1.200 F400.000
G1 X-20.536 Y-208.181 Z-1.200 F400.000
G1 X-20.596 Y-208.486 Z-1.200 F400.000
G1 X-20.630 Y-208.827 Z-1.200 F400.000
G1 X-20.637 Y-227.500 Z-1.200 F400.000
G0 Z5.000
G0 X-20.637 Y-2.500
G0 Z3.000
G1 X-20.637 Y-2.500 Z-1.400 F250.000
G1 X-20.637 Y-22.908 Z-1.400 F400.000
G1 X-20.624 Y-23.115 Z-1.400 F400.000
G1 X-20.590 Y-23.374 Z-1.400 F400.000
G1 X-20.483 Y-23.774 Z-1.400 F400.000
G1 X-20.383 Y-24.015 Z-1.400 F400.000
G1 X-20.175 Y-24.374 Z-1.400 F400.000
G1 X-20.017 Y-24.581 Z-1.400 F400.000
G1 X-19.724 Y-24.874 Z-1.400 F400.000
G1 X-19.516 Y-25.033 Z-1.400 F400.000
G1 X-19.158 Y-25.240 Z-1.400 F400.000
G1 X-18.916 Y-25.340 Z-1.400 F400.000
G1 X-18.516 Y-25.447 Z-1.400 F400.000
G1 X-18.257 Y-25.481 Z-1.400 F400.000
G1 X-18.050 Y-25.495 Z-1.400 F400.000
G1 X-16.645 Y-25.495 Z-1.400 F400.000
G1 X-16.536 Y-25.506 Z-1.400 F400.000
G1 X-16.507 Y-25.514 Z-1.400 F400.000
G1 X-16.481 Y-25.529 Z-1.400 F400.000
G1 X-16.457 Y-25.548 Z-1.400 F400.000
G1 X-16.438 Y-25.571 Z-1.400 F400.000
G1 X-16.424 Y-25.598 Z-1.400 F400.000
G1 X-16.415 Y-25.627 Z-1.400 F400.000
G1 X-16.404 Y-25.735 Z-1.400 F400.000
G1 X-16.404 Y-28.627 Z-1.400 F400.000
G1 X-16.407 Y-28.687 Z-1.400 F400.000
G1 X-16.410 Y-28.705 Z-1.400 F400.000
G1 X-16.415 Y-28.721 Z-1.400 F400.000
G1 X-16.438 Y-28.778 Z-1.400 F400.000
G1 X-20.325 Y-37.114 Z-1.400 F400.000
G1 X-20.430 Y-37.370 Z-1.400 F400.000
G1 X-20.537 Y-37.718 Z-1.400 F400.000
G1 X-20.606 Y-38.075 Z-1.400 F400.000
G1 X-20.635 Y-38.438 Z-1.400 F400.000
G1 X-20.637 Y-61.187 Z-1.400 F400.000
G1 X-20.624 Y-61.394 Z-1.400 F400.000
G1 X-20.590 Y-61.653 Z-1.400 F400.000
G1 X-20.483 Y-62.053 Z-1.400 F400.000
G1 X-20.383 Y-62.294 Z-1.400 F400.000
G1 X-20.175 Y-62.653 Z-1.400 F400.000
G1 X-20.017 Y-62.860 Z-1.400 F400.000
G1 X-19.724 Y-63.153 Z-1.400 F400.000
G1 X-19.516 Y-63.312 Z-1.400 F400.000
G1 X-19.158 Y-63.519 Z-1.400 F400.000
G1 X-18.916 Y-63.619 Z-1.400 F400.000
G1 X-18.516 Y-63.726 Z-1.400 F400.000
G1 X-18.257 Y-63.760 Z-1.400 F400.000
G1 X-18.050 Y-63.774 Z-1.400 F400.000
G1 X-16.645 Y-63.774 Z-1.400 F400.000
G1 X-16.536 Y-63.785 Z-1.400 F400.000
G1 X-16.507 Y-63.793 Z-1.400 F400.000
G1 X-16.481 Y-63.808 Z-1.400 F400.000
G1 X-16.457 Y-63.827 Z-1.400 F400.000
G1 X-16.438 Y-63.850 Z-1.400 F400.000
G1 X-16.424 Y-63.877 Z-1.400 F400.000
G1 X-16.415 Y-63.906 Z-1.400 F400.000
G1 X-16.404 Y-64.014 Z-1.400 F400.000
G1 X-16.404 Y-66.906 Z-1.400 F400.000
G1 X-16.407 Y-66.966 Z-1.400 F400.000
G1 X-16.410 Y-66.984 Z-1.400 F400.000
G1 X-16.415 Y-67.000 Z-1.400 F400.000
G1 X-16.438 Y-67.057 Z-1.400 F400.000
G1 X-20.325 Y-75.393 Z-1.400 F400.000
G1 X-20.430 Y-75.649 Z-1.400 F400.000
G1 X-20.537 Y-75.997 Z-1.400 F400.000
G1 X-20.606 Y-76.354 Z-1.400 F400.000
G1 X-20.635 Y-76.717 Z-1.400 F400.000
G1 X-20.637 Y-99.466 Z-1.400 F400.000
G1 X-20.624 Y-99.673 Z-1.400 F400.000
G1 X-20.590 Y-99.932 Z-1.400 F400.000
G1 X-20.483 Y-100.332 Z-1.400 F400.000
G1 X-20.383 Y-100.573 Z-1.400 F400.000
G1 X-20.175 Y-100.932 Z-1.400 F400.000
G1 X-20.017 Y-101.139 Z-1.400 F400.000
G1 X-19.724 Y-101.432 Z-1.400 F400.000
G1 X-19.516 Y-101.591 Z-1.400 F400.000
G1 X-19.158 Y-101.798 Z-1.400 F400.000
G1 X-18.916 Y-101.898 Z-1.400 F400.000
G1 X-18.516 Y-102.005 Z-1.400 F400.000
G1 X-18.257 Y-102.039 Z-1.400 F400.000
G1 X-18.050 Y-102.053 Z-1.400 F400.000
G1 X-16.645 Y-102.053 Z-1.400 F400.000
G1 X-16.536 Y-102.064 Z-1.400 F400.000
G1 X-16.507 Y-102.072 Z-1.400 F400.000
G1 X-16.481 Y-102.087 Z-1.400 F400.000
G1 X-16.457 Y-102.106 Z-1.400 F400.000
G1 X-16.438 Y-102.130 Z-1.400 F400.000
G1 X-16.424 Y-102.156 Z-1.400 F400.000
G1 X-16.415 Y-102.185 Z-1.400 F400.000
G1 X-16.404 Y-102.294 Z-1.400 F400.000
G1 X-16.404 Y-105.185 Z-1.400 F400.000
G1 X-16.407 Y-105.245 Z-1.400 F400.000
G1 X-16.410 Y-105.263 Z-1.400 F400.000
G1 X-16.415 Y-105.279 Z-1.400 F400.000
G1 X-16.438 Y-105.336 Z-1.400 F400.000
G1 X-20.325 Y-113.672 Z-1.400 F400.000
G1 X-20.430 Y-113.928 Z-1.400 F400.000
G1 X-20.537 Y-114.276 Z-1.400 F400.000
G1 X-20.606 Y-114.633 Z-1.400 F400.000
G1 X-20.635 Y-114.996 Z-1.400 F400.000
G1 X-20.637 Y-137.745 Z-1.400 F400.000
G1 X-20.624 Y-137.952 Z-1.400 F400.000
G1 X-20.590 Y-138.211 Z-1.400 F400.000
G1 X-20.483 Y-138.611 Z-1.400 F400.000
G1 X-20.383 Y-138.852 Z-1.400 F400.000
G1 X-20.175 Y-139.211 Z-1.400 F400.000
G1 X-20.017 Y-139.418 Z-1.400 F400.000
G1 X-19.724 Y-139.711 Z-1.400 F400.000
G1 X-19.516 Y-139.870 Z-1.400 F400.000
G1 X-19.158 Y-140.077 Z-1.400 F400.000
G1 X-18.916 Y-140.177 Z-1.400 F400.000
G1 X-18.516 Y-140.284 Z-1.400 F400.000
G1 X-18.257 Y-140.318 Z-1.400 F400.000
G1 X-18.050 Y-140.332 Z-1.400 F400.000
G1 X-16.645 Y-140.332 Z-1.400 F400.000
G1 X-16.536 Y-140.343 Z-1.400 F400.000
G1 X-16.507 Y-140.351 Z-1.400 F400.000
G1 X-16.481 Y-140.366 Z-1.400 F400.000
G1 X-16.457 Y-140.385 Z-1.400 F400.000
G1 X-16.438 Y-140.409 Z-1.400 F400.000
G1 X-16.424 Y-140.435 Z-1.400 F400.000
G1 X-16.415 Y-140.464 Z-1.400 F400.000
G1 X-16.404 Y-140.573 Z-1.400 F400.000
G1 X-16.404 Y-143.464 Z-1.400 F400.000
G1 X-16.407 Y-143.524 Z-1.400 F400.000
G1 X-16.410 Y-143.542 Z-1.400 F400.000
G1 X-16.415 Y-143.559 Z-1.400 F400.000
G1 X-16.438 Y-143.615 Z-1.400 F400.000
G1 X-20.325 Y-151.951 Z-1.400 F400.000
G1 X-20.430 Y-152.207 Z-1.400 F400.000
G1 X-20.537 Y-152.555 Z-1.400 F400.000
G1 X-20.606 Y-152.912 Z-1.400 F400.000
G1 X-20.635 Y-153.275 Z-1.400 F400.000
G1 X-20.637 Y-176.024 Z-1.400 F400.000
G1 X-20.624 Y-176.231 Z-1.400 F400.000
G1 X-20.590 Y-176.490 Z-1.400 F400.000
G1 X-20.483 Y-176.890 Z-1.400 F400.000
G1 X-20.383 Y-177.131 Z-1.400 F400.000
G1 X-20.175 Y-177.490 Z-1.400 F400.000
G1 X-20.017 Y-177.697 Z-1.400 F400.000
G1 X-19.724 Y-177.990 Z-1.400 F400.000
G1 X-19.516 Y-178.149 Z-1.400 F400.000
G1 X-19.158 Y-178.356 Z-1.400 F400.000
G1 X-18.916 Y-178.456 Z-1.400 F400.000
G1 X-18.516 Y-178.563 Z-1.400 F400.000
G1 X-18.257 Y-178.597 Z-1.400 F400.000
G1 X-18.050 Y-178.611 Z-1.400 F400.000
G1 X-16.645 Y-178.611 Z-1.400 F400.000
G1 X-16.536 Y-178.622 Z-1.400 F400.000
G1 X-16.507 Y-178.631 Z-1.400 F400.000
G1 X-16.481 Y-178.645 Z-1.400 F400.000
G1 X-16.457 Y-178.664 Z-1.400 F400.000
G1 X-16.438 Y-178.688 Z-1.400 F400.000
G1 X-16.424 Y-178.714 Z-1.400 F400.000
G1 X-16.415 Y-178.743 Z-1.400 F400.000
G1 X-16.404 Y-178.852 Z-1.400 F400.000
G1 X-16.404 Y-181.743 Z-1.400 F400.000
G1 X-16.407 Y-181.803 Z-1.400 F400.000
G1 X-16.410 Y-181.821 Z-1.400 F400.000
G1 X-16.415 Y-181.838 Z-1.400 F400.000
G1 X-16.438 Y-181.894 Z-1.400 F400.000
G1 X-20.325 Y-190.230 Z-1.400 F400.000
G1 X-20.430 Y-190.486 Z-1.400 F400.000
G1 X-20.537 Y-190.834 Z-1.400 F400.000
G1 X-20.606 Y-191.191 Z-1.400 F400.000
G1 X-20.635 Y-191.554 Z-1.400 F400.000
G1 X-20.637 Y-200.120 Z-1.400 F400.000
G1 X-20.596 Y-200.617 Z-1.400 F400.000
G1 X-20.536 Y-200.923 Z-1.400 F400.000
G1 X-20.436 Y-201.251 Z-1.400 F400.000
G1 X-20.317 Y-201.538 Z-1.400 F400.000
G1 X-20.155 Y-201.841 Z-1.400 F400.000
G1 X-19.982 Y-202.100 Z-1.400 F400.000
G1 X-19.765 Y-202.365 Z-1.400 F400.000
G1 X-19.545 Y-202.585 Z-1.400 F400.000
G1 X-19.279 Y-202.803 Z-1.400 F400.000
G1 X-19.021 Y-202.976 Z-1.400 F400.000
G1 X-18.718 Y-203.137 Z-1.400 F400.000
G1 X-18.431 Y-203.256 Z-1.400 F400.000
G1 X-18.102 Y-203.356 Z-1.400 F400.000
G1 X-17.797 Y-203.417 Z-1.400 F400.000
G1 X-17.456 Y-203.450 Z-1.400 F400.000
G1 X-14.530 Y-203.458 Z-1.400 F400.000
G1 X-14.420 Y-203.469 Z-1.400 F400.000
G1 X-14.391 Y-203.477 Z-1.400 F400.000
G1 X-14.364 Y-203.492 Z-1.400 F400.000
G1 X-14.341 Y-203.511 Z-1.400 F400.000
G1 X-14.321 Y-203.534 Z-1.400 F400.000
G1 X-14.307 Y-203.561 Z-1.400 F400.000
G1 X-14.298 Y-203.590 Z-1.400 F400.000
G1 X-14.287 Y-203.698 Z-1.400 F400.000
G1 X-14.288 Y-205.405 Z-1.400 F400.000
G1 X-14.298 Y-205.513 Z-1.400 F400.000
G1 X-14.307 Y-205.542 Z-1.400 F400.000
G1 X-14.321 Y-205.569 Z-1.400 F400.000
G1 X-14.341 Y-205.592 Z-1.400 F400.000
G1 X-14.364 Y-205.612 Z-1.400 F400.000
G1 X-14.391 Y-205.626 Z-1.400 F400.000
G1 X-14.420 Y-205.635 Z-1.400 F400.000
G1 X-14.528 Y-205.645 Z-1.400 F400.000
G1 X-17.300 Y-205.645 Z-1.400 F400.000
G1 X-17.797 Y-205.687 Z-1.400 F400.000
G1 X-18.102 Y-205.747 Z-1.400 F400.000
G1 X-18.431 Y-205.847 Z-1.400 F400.000
G1 X-18.718 Y-205.966 Z-1.400 F400.000
G1 X-19.021 Y-206.128 Z-1.400 F400.000
G1 X-19.279 Y-206.301 Z-1.400 F400.000
G1 X-19.545 Y-206.518 Z-1.400 F400.000
G1 X-19.765 Y-206.738 Z-1.400 F400.000
G1 X-19.982 Y-207.004 Z-1.400 F400.000
G1 X-20.155 Y-207.262 Z-1.400 F400.000
G1 X-20.317 Y-207.565 Z-1.400 F400.000
G1 X-20.436 Y-207.852 Z-1.400 F400.000
G1 X-20.536 Y-208.181 Z-1.400 F400.000
G1 X-20.596 Y-208.486 Z-1.400 F400.000
G1 X-20.630 Y-208.827 Z-1.400 F400.000
G1 X-20.637 Y-227.500 Z-1.400 F400.000
G0 Z5.000
G0 X-20.637 Y-2.500
G0 Z3.000
G1 X-20.637 Y-2.500 Z-1.600 F250.000
G1 X-20.637 Y-22.908 Z-1.600 F400.000
G1 X-20.624 Y-23.115 Z-1.600 F400.000
G1 X-20.590 Y-23.374 Z-1.600 F400.000
G1 X-20.483 Y-23.774 Z-1.600 F400.000
G1 X-20.383 Y-24.015 Z-1.600 F400.000
G1 X-20.175 Y-24.374 Z-1.600 F400.000
G1 X-20.017 Y-24.581 Z-1.600 F400.000
G1 X-19.724 Y-24.874 Z-1.600 F400.000
G1 X-19.516 Y-25.033 Z-1.600 F400.000
G1 X-19.158 Y-25.240 Z-1.600 F400.000
G1 X-18.916 Y-25.340 Z-1.600 F400.000
G1 X-18.516 Y-25.447 Z-1.600 F400.000
G1 X-18.257 Y-25.481 Z-1.600 F400.000
G1 X-18.050 Y-25.495 Z-1.600 F400.000
G1 X-16.645 Y-25.495 Z-1.600 F400.000
G1 X-16.536 Y-25.506 Z-1.600 F400.000
G1 X-16.507 Y-25.514 Z-1.600 F400.000
G1 X-16.481 Y-25.529 Z-1.600 F400.000
G1 X-16.457 Y-25.548 Z-1.600 F400.000
G1 X-16.438 Y-25.571 Z-1.600 F400.000
G1 X-16.424 Y-25.598 Z-1.600 F400.000
G1 X-16.415 Y-25.627 Z-1.600 F400.000
G1 X-16.404 Y-25.735 Z-1.600 F400.000
G1 X-16.404 Y-28.627 Z-1.600 F400.000
G1 X-16.407 Y-28.687 Z-1.600 F400.000
G1 X-16.410 Y-28.705 Z-1.600 F400.000
G1 X-16.415 Y-28.721 Z-1.600 F400.000
G1 X-16.438 Y-28.778 Z-1.600 F400.000
G1 X-20.325 Y-37.114 Z-1.600 F400.000
G1 X-20.430 Y-37.370 Z-1.600 F400.000
G1 X-20.537 Y-37.718 Z-1.600 F400.000
G1 X-20.606 Y-38.075 Z-1.600 F400.000
G1 X-20.635 Y-38.438 Z-1.600 F400.000
G1 X-20.637 Y-61.187 Z-1.600 F400.000
G1 X-20.624 Y-61.394 Z-1.600 F400.000
G1 X-20.590 Y-61.653 Z-1.600 F400.000
G1 X-20.483 Y-62.053 Z-1.600 F400.000
G1 X-20.383 Y-62.294 Z-1.600 F400.000
G1 X-20.175 Y-62.653 Z-1.600 F400.000
G1 X-20.017 Y-62.860 Z-1.600 F400.000
G1 X-19.724 Y-63.153 Z-1.600 F400.000
G1 X-19.516 Y-63.312 Z-1.600 F400.000
G1 X-19.158 Y-63.519 Z-1.600 F400.000
G1 X-18.916 Y-63.619 Z-1.600 F400.000
G1 X-18.516 Y-63.726 Z-1.600 F400.000
G1 X-18.257 Y-63.760 Z-1.600 F400.000
G1 X-18.050 Y-63.774 Z-1.600 F400.000
G1 X-16.645 Y-63.774 Z-1.600 F400.000
G1 X-16.536 Y-63.785 Z-1.600 F400.000
G1 X-16.507 Y-63.793 Z-1.600 F400.000
G1 X-16.481 Y-63.808 Z-1.600 F400.000
G1 X-16.457 Y-63.827 Z-1.600 F400.000
G1 X-16.438 Y-63.850 Z-1.600 F400.000
G1 X-16.424 Y-63.877 Z-1.600 F400.000
G1 X-16.415 Y-63.906 Z-1.600 F400.000
G1 X-16.404 Y-64.014 Z-1.600 F400.000
G1 X-16.404 Y-66.906 Z-1.600 F400.000
G1 X-16.407 Y-66.966 Z-1.600 F400.000
G1 X-16.410 Y-66.984 Z-1.600 F400.000
G1 X-16.415 Y-67.000 Z-1.600 F400.000
G1 X-16.438 Y-67.057 Z-1.600 F400.000
G1 X-20.325 Y-75.393 Z-1.600 F400.000
G1 X-20.430 Y-75.649 Z-1.600 F400.000
G1 X-20.537 Y-75.997 Z-1.600 F400.000
G1 X-20.606 Y-76.354 Z-1.600 F400.000
G1 X-20.635 Y-76.717 Z-1.600 F400.000
G1 X-20.637 Y-99.466 Z-1.600 F400.000
G1 X-20.624 Y-99.673 Z-1.600 F400.000
G1 X-20.590 Y-99.932 Z-1.600 F400.000
G1 X-20.483 Y-100.332 Z-1.600 F400.000
G1 X-20.383 Y-100.573 Z-1.600 F400.000
G1 X-20.175 Y-100.932 Z-1.600 F400.000
G1 X-20.017 Y-101.139 Z-1.600 F400.000
G1 X-19.724 Y-101.432 Z-1.600 F400.000
G1 X-19.516 Y-101.591 Z-1.600 F400.000
G1 X-19.158 Y-101.798 Z-1.600 F400.000
G1 X-18.916 Y-101.898 Z-1.600 F400.000
G1 X-18.516 Y-102.005 Z-1.600 F400.000
G1 X-18.257 Y-102.039 Z-1.600 F400.000
G1 X-18.050 Y-102.053 Z-1.600 F400.000
G1 X-16.645 Y-102.053 Z-1.600 F400.000
G1 X-16.536 Y-102.064 Z-1.600 F400.000
G1 X-16.507 Y-102.072 Z-1.600 F400.000
G1 X-16.481 Y-102.087 Z-1.600 F400.000
G1 X-16.457 Y-102.106 Z-1.600 F400.000
G1 X-16.438 Y-102.130 Z-1.600 F400.000
G1 X-16.424 Y-102.156 Z-1.600 F400.000
G1 X-16.415 Y-102.185 Z-1.600 F400.000
G1 X-16.404 Y-102.294 Z-1.600 F400.000
G1 X-16.404 Y-105.185 Z-1.600 F400.000
G1 X-16.407 Y-105.245 Z-1.600 F400.000
G1 X-16.410 Y-105.263 Z-1.600 F400.000
G1 X-16.415 Y-105.279 Z-1.600 F400.000
G1 X-16.438 Y-105.336 Z-1.600 F400.000
G1 X-20.325 Y-113.672 Z-1.600 F400.000
G1 X-20.430 Y-113.928 Z-1.600 F400.000
G1 X-20.537 Y-114.276 Z-1.600 F400.000
G1 X-20.606 Y-114.633 Z-1.600 F400.000
G1 X-20.635 Y-114.996 Z-1.600 F400.000
G1 X-20.637 Y-137.745 Z-1.600 F400.000
G1 X-20.624 Y-137.952 Z-1.600 F400.000
G1 X-20.590 Y-138.211 Z-1.600 F400.000
G1 X-20.483 Y-138.611 Z-1.600 F400.000
G1 X-20.383 Y-138.852 Z-1.600 F400.000
G1 X-20.175 Y-139.211 Z-1.600 F400.000
G1 X-20.017 Y-139.418 Z-1.600 F400.000
G1 X-19.724 Y-139.711 Z-1.600 F400.000
G1 X-19.516 Y-139.870 Z-1.600 F400.000
G1 X-19.158 Y-140.077 Z-1.600 F400.000
G1 X-18.916 Y-140.177 Z-1.600 F400.000
G1 X-18.516 Y-140.284 Z-1.600 F400.000
G1 X-18.257 Y-140.318 Z-1.600 F400.000
G1 X-18.050 Y-140.332 Z-1.600 F400.000
G1 X-16.645 Y-140.332 Z-1.600 F400.000
G1 X-16.536 Y-140.343 Z-1.600 F400.000
G1 X-16.507 Y-140.351 Z-1.600 F400.000
G1 X-16.481 Y-140.366 Z-1.600 F400.000
G1 X-16.457 Y-140.385 Z-1.600 F400.000
G1 X-16.438 Y-140.409 Z-1.600 F400.000
G1 X-16.424 Y-140.435 Z-1.600 F400.000
G1 X-16.415 Y-140.464 Z-1.600 F400.000
G1 X-16.404 Y-140.573 Z-1.600 F400.000
G1 X-16.404 Y-143.464 Z-1.600 F400.000
G1 X-16.407 Y-143.524 Z-1.600 F400.000
G1 X-16.410 Y-143.542 Z-1.600 F400.000
G1 X-16.415 Y-143.559 Z-1.600 F400.000
G1 X-16.438 Y-143.615 Z-1.600 F400.000
G1 X-20.325 Y-151.951 Z-1.600 F400.000
G1 X-20.430 Y-152.207 Z-1.600 F400.000
G1 X-20.537 Y-152.555 Z-1.600 F400.000
G1 X-20.606 Y-152.912 Z-1.600 F400.000
G1 X-20.635 Y-153.275 Z-1.600 F400.000
G1 X-20.637 Y-176.024 Z-1.600 F400.000
G1 X-20.624 Y-176.231 Z-1.600 F400.000
G1 X-20.590 Y-176.490 Z-1.600 F400.000
G1 X-20.483 Y-176.890 Z-1.600 F400.000
G1 X-20.383 Y-177.131 Z-1.600 F400.000
G1 X-20.175 Y-177.490 Z-1.600 F400.000
G1 X-20.017 Y-177.697 Z-1.600 F400.000
G1 X-19.724 Y-177.990 Z-1.600 F400.000
G1 X-19.516 Y-178.149 Z-1.600 F400.000
G1 X-19.158 Y-178.356 Z-1.600 F400.000
G1 X-18.916 Y-178.456 Z-1.600 F400.000
G1 X-18.516 Y-178.563 Z-1.600 F400.000
G1 X-18.257 Y-178.597 Z-1.600 F400.000
G1 X-18.050 Y-178.611 Z-1.600 F400.000
G1 X-16.645 Y-178.611 Z-1.600 F400.000
G1 X-16.536 Y-178.622 Z-1.600 F400.000
G1 X-16.507 Y-178.631 Z-1.600 F400.000
G1 X-16.481 Y-178.645 Z-1.600 F400.000
G1 X-16.457 Y-178.664 Z-1.600 F400.000
G1 X-16.438 Y-178.688 Z-1.600 F400.000
G1 X-16.424 Y-178.714 Z-1.600 F400.000
G1 X-16.415 Y-178.743 Z-1.600 F400.000
G1 X-16.404 Y-178.852 Z-1.600 F400.000
G1 X-16.404 Y-181.743 Z-1.600 F400.000
G1 X-16.407 Y-181.803 Z-1.600 F400.000
G1 X-16.410 Y-181.821 Z-1.600 F400.000
G1 X-16.415 Y-181.838 Z-1.600 F400.000
G1 X-16.438 Y-181.894 Z-1.600 F400.000
G1 X-20.325 Y-190.230 Z-1.600 F400.000
G1 X-20.430 Y-190.486 Z-1.600 F400.000
G1 X-20.537 Y-190.834 Z-1.600 F400.000
G1 X-20.606 Y-191.191 Z-1.600 F400.000
G1 X-20.635 Y-191.554 Z-1.600 F400.000
G1 X-20.637 Y-200.120 Z-1.600 F400.000
G1 X-20.596 Y-200.617 Z-1.600 F400.000
G1 X-20.536 Y-200.923 Z-1.600 F400.000
G1 X-20.436 Y-201.251 Z-1.600 F400.000
G1 X-20.317 Y-201.538 Z-1.600 F400.000
G1 X-20.155 Y-201.841 Z-1.600 F400.000
G1 X-19.982 Y-202.100 Z-1.600 F400.000
G1 X-19.765 Y-202.365 Z-1.600 F400.000
G1 X-19.545 Y-202.585 Z-1.600 F400.000
G1 X-19.279 Y-202.803 Z-1.600 F400.000
G1 X-19.021 Y-202.976 Z-1.600 F400.000
G1 X-18.718 Y-203.137 Z-1.600 F400.000
G1 X-18.431 Y-203.256 Z-1.600 F400.000
G1 X-18.102 Y-203.356 Z-1.600 F400.000
G1 X-17.797 Y-203.417 Z-1.600 F400.000
G1 X-17.456 Y-203.450 Z-1.600 F400.000
G1 X-14.530 Y-203.458 Z-1.600 F400.000
G1 X-14.420 Y-203.469 Z-1.600 F400.000
G1 X-14.391 Y-203.477 Z-1.600 F400.000
G1 X-14.364 Y-203.492 Z-1.600 F400.000
G1 X-14.341 Y-203.511 Z-1.600 F400.000
G1 X-14.321 Y-203.534 Z-1.600 F400.000
G1 X-14.307 Y-203.561 Z-1.600 F400.000
G1 X-14.298 Y-203.590 Z-1.600 F400.000
G1 X-14.287 Y-203.698 Z-1.600 F400.000
G1 X-14.288 Y-205.405 Z-1.600 F400.000
G1 X-14.298 Y-205.513 Z-1.600 F400.000
G1 X-14.307 Y-205.542 Z-1.600 F400.000
G1 X-14.321 Y-205.569 Z-1.600 F400.000
G1 X-14.341 Y-205.592 Z-1.600 F400.000
G1 X-14.364 Y-205.612 Z-1.600 F400.000
G1 X-14.391 Y-205.626 Z-1.600 F400.000
G1 X-14.420 Y-205.635 Z-1.600 F400.000
G1 X-14.528 Y-205.645 Z-1.600 F400.000
G1 X-17.300 Y-205.645 Z-1.600 F400.000
G1 X-17.797 Y-205.687 Z-1.600 F400.000
G1 X-18.102 Y-205.747 Z-1.600 F400.000
G1 X-18.431 Y-205.847 Z-1.600 F400.000
G1 X-18.718 Y-205.966 Z-1.600 F400.000
G1 X-19.021 Y-206.128 Z-1.600 F400.000
G1 X-19.279 Y-206.301 Z-1.600 F400.000
G1 X-19.545 Y-206.518 Z-1.600 F400.000
G1 X-19.765 Y-206.738 Z-1.600 F400.000
G1 X-19.982 Y-207.004 Z-1.600 F400.000
G1 X-20.155 Y-207.262 Z-1.600 F400.000
G1 X-20.317 Y-207.565 Z-1.600 F400.000
G1 X-20.436 Y-207.852 Z-1.600 F400.000
G1 X-20.536 Y-208.181 Z-1.600 F400.000
G1 X-20.596 Y-208.486 Z-1.600 F400.000
G1 X-20.630 Y-208.827 Z-1.600 F400.000
G1 X-20.637 Y-227.500 Z-1.600 F400.000
G0 Z5.000
G0 X-20.637 Y-2.500
G0 Z3.000
G1 X-20.637 Y-2.500 Z-1.800 F250.000
G1 X-20.637 Y-22.908 Z-1.800 F400.000
G1 X-20.624 Y-23.115 Z-1.800 F400.000
G1 X-20.590 Y-23.374 Z-1.800 F400.000
G1 X-20.483 Y-23.774 Z-1.800 F400.000
G1 X-20.383 Y-24.015 Z-1.800 F400.000
G1 X-20.175 Y-24.374 Z-1.800 F400.000
G1 X-20.017 Y-24.581 Z-1.800 F400.000
G1 X-19.724 Y-24.874 Z-1.800 F400.000
G1 X-19.516 Y-25.033 Z-1.800 F400.000
G1 X-19.158 Y-25.240 Z-1.800 F400.000
G1 X-18.916 Y-25.340 Z-1.800 F400.000
G1 X-18.516 Y-25.447 Z-1.800 F400.000
G1 X-18.257 Y-25.481 Z-1.800 F400.000
G1 X-18.050 Y-25.495 Z-1.800 F400.000
G1 X-16.645 Y-25.495 Z-1.800 F400.000
G1 X-16.536 Y-25.506 Z-1.800 F400.000
G1 X-16.507 Y-25.514 Z-1.800 F400.000
G1 X-16.481 Y-25.529 Z-1.800 F400.000
G1 X-16.457 Y-25.548 Z-1.800 F400.000
G1 X-16.438 Y-25.571 Z-1.800 F400.000
G1 X-16.424 Y-25.598 Z-1.800 F400.000
G1 X-16.415 Y-25.627 Z-1.800 F400.000
G1 X-16.404 Y-25.735 Z-1.800 F400.000
G1 X-16.404 Y-28.627 Z-1.800 F400.000
G1 X-16.407 Y-28.687 Z-1.800 F400.000
G1 X-16.410 Y-28.705 Z-1.800 F400.000
G1 X-16.415 Y-28.721 Z-1.800 F400.000
G1 X-16.438 Y-28.778 Z-1.800 F400.000
G1 X-20.325 Y-37.114 Z-1.800 F400.000
G1 X-20.430 Y-37.370 Z-1.800 F400.000
G1 X-20.537 Y-37.718 Z-1.800 F400.000
G1 X-20.606 Y-38.075 Z-1.800 F400.000
G1 X-20.635 Y-38.438 Z-1.800 F400.000
G1 X-20.637 Y-61.187 Z-1.800 F400.000
G1 X-20.624 Y-61.394 Z-1.800 F400.000
G1 X-20.590 Y-61.653 Z-1.800 F400.000
G1 X-20.483 Y-62.053 Z-1.800 F400.000
G1 X-20.383 Y-62.294 Z-1.800 F400.000
G1 X-20.175 Y-62.653 Z-1.800 F400.000
G1 X-20.017 Y-62.860 Z-1.800 F400.000
G1 X-19.724 Y-63.153 Z-1.800 F400.000
G1 X-19.516 Y-63.312 Z-1.800 F400.000
G1 X-19.158 Y-63.519 Z-1.800 F400.000
G1 X-18.916 Y-63.619 Z-1.800 F400.000
G1 X-18.516 Y-63.726 Z-1.800 F400.000
G1 X-18.257 Y-63.760 Z-1.800 F400.000
G1 X-18.050 Y-63.774 Z-1.800 F400.000
G1 X-16.645 Y-63.774 Z-1.800 F400.000
G1 X-16.536 Y-63.785 Z-1.800 F400.000
G1 X-16.507 Y-63.793 Z-1.800 F400.000
G1 X-16.481 Y-63.808 Z-1.800 F400.000
G1 X-16.457 Y-63.827 Z-1.800 F400.000
G1 X-16.438 Y-63.850 Z-1.800 F400.000
G1 X-16.424 Y-63.877 Z-1.800 F400.000
G1 X-16.415 Y-63.906 Z-1.800 F400.000
G1 X-16.404 Y-64.014 Z-1.800 F400.000
G1 X-16.404 Y-66.906 Z-1.800 F400.000
G1 X-16.407 Y-66.966 Z-1.800 F400.000
G1 X-16.410 Y-66.984 Z-1.800 F400.000
G1 X-16.415 Y-67.000 Z-1.800 F400.000
G1 X-16.438 Y-67.057 Z-1.800 F400.000
G1 X-20.325 Y-75.393 Z-1.800 F400.000
G1 X-20.430 Y-75.649 Z-1.800 F400.000
G1 X-20.537 Y-75.997 Z-1.800 F400.000
G1 X-20.606 Y-76.354 Z-1.800 F400.000
G1 X-20.635 Y-76.717 Z-1.800 F400.000
G1 X-20.637 Y-99.466 Z-1.800 F400.000
G1 X-20.624 Y-99.673 Z-1.800 F400.000
G1 X-20.590 Y-99.932 Z-1.800 F400.000
G1 X-20.483 Y-100.332 Z-1.800 F400.000
G1 X-20.383 Y-100.573 Z-1.800 F400.000
G1 X-20.175 Y-100.932 Z-1.800 F400.000
G1 X-20.017 Y-101.139 Z-1.800 F400.000
G1 X-19.724 Y-101.432 Z-1.800 F400.000
G1 X-19.516 Y-101.591 Z-1.800 F400.000
G1 X-19.158 Y-101.798 Z-1.800 F400.000
G1 X-18.916 Y-101.898 Z-1.800 F400.000
G1 X-18.516 Y-102.005 Z-1.800 F400.000
G1 X-18.257 Y-102.039 Z-1.800 F400.000
G1 X-18.050 Y-102.053 Z-1.800 F400.000
G1 X-16.645 Y-102.053 Z-1.800 F400.000
G1 X-16.536 Y-102.064 Z-1.800 F400.000
G1 X-16.507 Y-102.072 Z-1.800 F400.000
G1 X-16.481 Y-102.087 Z-1.800 F400.000
G1 X-16.457 Y-102.106 Z-1.800 F400.000
G1 X-16.438 Y-102.130 Z-1.800 F400.000
G1 X-16.424 Y-102.156 Z-1.800 F400.000
G1 X-16.415 Y-102.185 Z-1.800 F400.000
G1 X-16.404 Y-102.294 Z-1.800 F400.000
G1 X-16.404 Y-105.185 Z-1.800 F400.000
G1 X-16.407 Y-105.245 Z-1.800 F400.000
G1 X-16.410 Y-105.263 Z-1.800 F400.000
G1 X-16.415 Y-105.279 Z-1.800 F400.000
G1 X-16.438 Y-105.336 Z-1.800 F400.000
G1 X-20.325 Y-113.672 Z-1.800 F400.000
G1 X-20.430 Y-113.928 Z-1.800 F400.000
G1 X-20.537 Y-114.276 Z-1.800 F400.000
G1 X-20.606 Y-114.633 Z-1.800 F400.000
G1 X-20.635 Y-114.996 Z-1.800 F400.000
G1 X-20.637 Y-137.745 Z-1.800 F400.000
G1 X-20.624 Y-137.952 Z-1.800 F400.000
G1 X-20.590 Y-138.211 Z-1.800 F400.000
G1 X-20.483 Y-138.611 Z-1.800 F400.000
G1 X-20.383 Y-138.852 Z-1.800 F400.000
G1 X-20.175 Y-139.211 Z-1.800 F400.000
G1 X-20.017 Y-139.418 Z-1.800 F400.000
G1 X-19.724 Y-139.711 Z-1.800 F400.000
G1 X-19.516 Y-139.870 Z-1.800 F400.000
G1 X-19.158 Y-140.077 Z-1.800 F400.000
G1 X-18.916 Y-140.177 Z-1.800 F400.000
G1 X-18.516 Y-140.284 Z-1.800 F400.000
G1 X-18.257 Y-140.318 Z-1.800 F400.000
G1 X-18.050 Y-140.332 Z-1.800 F400.000
G1 X-16.645 Y-140.332 Z-1.800 F400.000
G1 X-16.536 Y-140.343 Z-1.800 F400.000
G1 X-16.507 Y-140.351 Z-1.800 F400.000
G1 X-16.481 Y-140.366 Z-1.800 F400.000
G1 X-16.457 Y-140.385 Z-1.800 F400.000
G1 X-16.438 Y-140.409 Z-1.800 F400.000
G1 X-16.424 Y-140.435 Z-1.800 F400.000
G1 X-16.415 Y-140.464 Z-1.800 F400.000
G1 X-16.404 Y-140.573 Z-1.800 F400.000
G1 X-16.404 Y-143.464 Z-1.800 F400.000
G1 X-16.407 Y-143.524 Z-1.800 F400.000
G1 X-16.410 Y-143.542 Z-1.800 F400.000
G1 X-16.415 Y-143.559 Z-1.800 F400.000
G1 X-16.438 Y-143.615 Z-1.800 F400.000
G1 X-20.325 Y-151.951 Z-1.800 F400.000
G1 X-20.430 Y-152.207 Z-1.800 F400.000
G1 X-20.537 Y-152.555 Z-1.800 F400.000
G1 X-20.606 Y-152.912 Z-1.800 F400.000
G1 X-20.635 Y-153.275 Z-1.800 F400.000
G1 X-20.637 Y-176.024 Z-1.800 F400.000
G1 X-20.624 Y-176.231 Z-1.800 F400.000
G1 X-20.590 Y-176.490 Z-1.800 F400.000
G1 X-20.483 Y-176.890 Z-1.800 F400.000
G1 X-20.383 Y-177.131 Z-1.800 F400.000
G1 X-20.175 Y-177.490 Z-1.800 F400.000
G1 X-20.017 Y-177.697 Z-1.800 F400.000
G1 X-19.724 Y-177.990 Z-1.800 F400.000
G1 X-19.516 Y-178.149 Z-1.800 F400.000
G1 X-19.158 Y-178.356 Z-1.800 F400.000
G1 X-18.916 Y-178.456 Z-1.800 F400.000
G1 X-18.516 Y-178.563 Z-1.800 F400.000
G1 X-18.257 Y-178.597 Z-1.800 F400.000
G1 X-18.050 Y-178.611 Z-1.800 F400.000
G1 X-16.645 Y-178.611 Z-1.800 F400.000
G1 X-16.536 Y-178.622 Z-1.800 F400.000
G1 X-16.507 Y-178.631 Z-1.800 F400.000
G1 X-16.481 Y-178.645 Z-1.800 F400.000
G1 X-16.457 Y-178.664 Z-1.800 F400.000
G1 X-16.438 Y-178.688 Z-1.800 F400.000
G1 X-16.424 Y-178.714 Z-1.800 F400.000
G1 X-16.415 Y-178.743 Z-1.800 F400.000
G1 X-16.404 Y-178.852 Z-1.800 F400.000
G1 X-16.404 Y-181.743 Z-1.800 F400.000
G1 X-16.407 Y-181.803 Z-1.800 F400.000
G1 X-16.410 Y-181.821 Z-1.800 F400.000
G1 X-16.415 Y-181.838 Z-1.800 F400.000
G1 X-16.438 Y-181.894 Z-1.800 F400.000
G1 X-20.325 Y-190.230 Z-1.800 F400.000
G1 X-20.430 Y-190.486 Z-1.800 F400.000
G1 X-20.537 Y-190.834 Z-1.800 F400.000
G1 X-20.606 Y-191.191 Z-1.800 F400.000
G1 X-20.635 Y-191.554 Z-1.800 F400.000
G1 X-20.637 Y-200.120 Z-1.800 F400.000
G1 X-20.596 Y-200.617 Z-1.800 F400.000
G1 X-20.536 Y-200.923 Z-1.800 F400.000
G1 X-20.436 Y-201.251 Z-1.800 F400.000
G1 X-20.317 Y-201.538 Z-1.800 F400.000
G1 X-20.155 Y-201.841 Z-1.800 F400.000
G1 X-19.982 Y-202.100 Z-1.800 F400.000
G1 X-19.765 Y-202.365 Z-1.800 F400.000
G1 X-19.545 Y-202.585 Z-1.800 F400.000
G1 X-19.279 Y-202.803 Z-1.800 F400.000
G1 X-19.021 Y-202.976 Z-1.800 F400.000
G1 X-18.718 Y-203.137 Z-1.800 F400.000
G1 X-18.431 Y-203.256 Z-1.800 F400.000
G1 X-18.102 Y-203.356 Z-1.800 F400.000
G1 X-17.797 Y-203.417 Z-1.800 F400.000
G1 X-17.456 Y-203.450 Z-1.800 F400.000
G1 X-14.530 Y-203.458 Z-1.800 F400.000
G1 X-14.420 Y-203.469 Z-1.800 F400.000
G1 X-14.391 Y-203.477 Z-1.800 F400.000
G1 X-14.364 Y-203.492 Z-1.800 F400.000
G1 X-14.341 Y-203.511 Z-1.800 F400.000
G1 X-14.321 Y-203.534 Z-1.800 F400.000
G1 X-14.307 Y-203.561 Z-1.800 F400.000
G1 X-14.298 Y-203.590 Z-1.800 F400.000
G1 X-14.287 Y-203.698 Z-1.800 F400.000
G1 X-14.288 Y-205.405 Z-1.800 F400.000
G1 X-14.298 Y-205.513 Z-1.800 F400.000
G1 X-14.307 Y-205.542 Z-1.800 F400.000
G1 X-14.321 Y-205.569 Z-1.800 F400.000
G1 X-14.341 Y-205.592 Z-1.800 F400.000
G1 X-14.364 Y-205.612 Z-1.800 F400.000
G1 X-14.391 Y-205.626 Z-1.800 F400.000
G1 X-14.420 Y-205.635 Z-1.800 F400.000
G1 X-14.528 Y-205.645 Z-1.800 F400.000
G1 X-17.300 Y-205.645 Z-1.800 F400.000
G1 X-17.797 Y-205.687 Z-1.800 F400.000
G1 X-18.102 Y-205.747 Z-1.800 F400.000
G1 X-18.431 Y-205.847 Z-1.800 F400.000
G1 X-18.718 Y-205.966 Z-1.800 F400.000
G1 X-19.021 Y-206.128 Z-1.800 F400.000
G1 X-19.279 Y-206.301 Z-1.800 F400.000
G1 X-19.545 Y-206.518 Z-1.800 F400.000
G1 X-19.765 Y-206.738 Z-1.800 F400.000
G1 X-19.982 Y-207.004 Z-1.800 F400.000
G1 X-20.155 Y-207.262 Z-1.800 F400.000
G1 X-20.317 Y-207.565 Z-1.800 F400.000
G1 X-20.436 Y-207.852 Z-1.800 F400.000
G1 X-20.536 Y-208.181 Z-1.800 F400.000
G1 X-20.596 Y-208.486 Z-1.800 F400.000
G1 X-20.630 Y-208.827 Z-1.800 F400.000
G1 X-20.637 Y-227.500 Z-1.800 F400.000
G0 Z5.000
G0 X-20.637 Y-2.500
G0 Z3.000
G1 X-20.637 Y-2.500 Z-2.000 F250.000
G1 X-20.637 Y-22.908 Z-2.000 F400.000
G1 X-20.624 Y-23.115 Z-2.000 F400.000
G1 X-20.590 Y-23.374 Z-2.000 F400.000
G1 X-20.483 Y-23.774 Z-2.000 F400.000
G1 X-20.383 Y-24.015 Z-2.000 F400.000
G1 X-20.175 Y-24.374 Z-2.000 F400.000
G1 X-20.017 Y-24.581 Z-2.000 F400.000
G1 X-19.724 Y-24.874 Z-2.000 F400.000
G1 X-19.516 Y-25.033 Z-2.000 F400.000
G1 X-19.158 Y-25.240 Z-2.000 F400.000
G1 X-18.916 Y-25.340 Z-2.000 F400.000
G1 X-18.516 Y-25.447 Z-2.000 F400.000
G1 X-18.257 Y-25.481 Z-2.000 F400.000
G1 X-18.050 Y-25.495 Z-2.000 F400.000
G1 X-16.645 Y-25.495 Z-2.000 F400.000
G1 X-16.536 Y-25.506 Z-2.000 F400.000
G1 X-16.507 Y-25.514 Z-2.000 F400.000
G1 X-16.481 Y-25.529 Z-2.000 F400.000
G1 X-16.457 Y-25.548 Z-2.000 F400.000
G1 X-16.438 Y-25.571 Z-2.000 F400.000
G1 X-16.424 Y-25.598 Z-2.000 F400.000
G1 X-16.415 Y-25.627 Z-2.000 F400.000
G1 X-16.404 Y-25.735 Z-2.000 F400.000
G1 X-16.404 Y-28.627 Z-2.000 F400.000
G1 X-16.407 Y-28.687 Z-2.000 F400.000
G1 X-16.410 Y-28.705 Z-2.000 F400.000
G1 X-16.415 Y-28.721 Z-2.000 F400.000
G1 X-16.438 Y-28.778 Z-2.000 F400.000
G1 X-20.325 Y-37.114 Z-2.000 F400.000
G1 X-20.430 Y-37.370 Z-2.000 F400.000
G1 X-20.537 Y-37.718 Z-2.000 F400.000
G1 X-20.606 Y-38.075 Z-2.000 F400.000
G1 X-20.635 Y-38.438 Z-2.000 F400.000
G1 X-20.637 Y-61.187 Z-2.000 F400.000
G1 X-20.624 Y-61.394 Z-2.000 F400.000
G1 X-20.590 Y-61.653 Z-2.000 F400.000
G1 X-20.483 Y-62.053 Z-2.000 F400.000
G1 X-20.383 Y-62.294 Z-2.000 F400.000
G1 X-20.175 Y-62.653 Z-2.000 F400.000
G1 X-20.017 Y-62.860 Z-2.000 F400.000
G1 X-19.724 Y-63.153 Z-2.000 F400.000
G1 X-19.516 Y-63.312 Z-2.000 F400.000
G1 X-19.158 Y-63.519 Z-2.000 F400.000
G1 X-18.916 Y-63.619 Z-2.000 F400.000
G1 X-18.516 Y-63.726 Z-2.000 F400.000
G1 X-18.257 Y-63.760 Z-2.000 F400.000
G1 X-18.050 Y-63.774 Z-2.000 F400.000
G1 X-16.645 Y-63.774 Z-2.000 F400.000
G1 X-16.536 Y-63.785 Z-2.000 F400.000
G1 X-16.507 Y-63.793 Z-2.000 F400.000
G1 X-16.481 Y-63.808 Z-2.000 F400.000
G1 X-16.457 Y-63.827 Z-2.000 F400.000
G1 X-16.438 Y-63.850 Z-2.000 F400.000
G1 X-16.424 Y-63.877 Z-2.000 F400.000
G1 X-16.415 Y-63.906 Z-2.000 F400.000
G1 X-16.404 Y-64.014 Z-2.000 F400.000
G1 X-16.404 Y-66.906 Z-2.000 F400.000
G1 X-16.407 Y-66.966 Z-2.000 F400.000
G1 X-16.410 Y-66.984 Z-2.000 F400.000
G1 X-16.415 Y-67.000 Z-2.000 F400.000
G1 X-16.438 Y-67.057 Z-2.000 F400.000
G1 X-20.325 Y-75.393 Z-2.000 F400.000
G1 X-20.430 Y-75.649 Z-2.000 F400.000
G1 X-20.537 Y-75.997 Z-2.000 F400.000
G1 X-20.606 Y-76.354 Z-2.000 F400.000
G1 X-20.635 Y-76.717 Z-2.000 F400.000
G1 X-20.637 Y-99.466 Z-2.000 F400.000
G1 X-20.624 Y-99.673 Z-2.000 F400.000
G1 X-20.590 Y-99.932 Z-2.000 F400.000
G1 X-20.483 Y-100.332 Z-2.000 F400.000
G1 X-20.383 Y-100.573 Z-2.000 F400.000
G1 X-20.175 Y-100.932 Z-2.000 F400.000
G1 X-20.017 Y-101.139 Z-2.000 F400.000
G1 X-19.724 Y-101.432 Z-2.000 F400.000
G1 X-19.516 Y-101.591 Z-2.000 F400.000
G1 X-19.158 Y-101.798 Z-2.000 F400.000
G1 X-18.916 Y-101.898 Z-2.000 F400.000
G1 X-18.516 Y-102.005 Z-2.000 F400.000
G1 X-18.257 Y-102.039 Z-2.000 F400.000
G1 X-18.050 Y-102.053 Z-2.000 F400.000
G1 X-16.645 Y-102.053 Z-2.000 F400.000
G1 X-16.536 Y-102.064 Z-2.000 F400.000
G1 X-16.507 Y-102.072 Z-2.000 F400.000
G1 X-16.481 Y-102.087 Z-2.000 F400.000
G1 X-16.457 Y-102.106 Z-2.000 F400.000
G1 X-16.438 Y-102.130 Z-2.000 F400.000
G1 X-16.424 Y-102.156 Z-2.000 F400.000
G1 X-16.415 Y-102.185 Z-2.000 F400.000
G1 X-16.404 Y-102.294 Z-2.000 F400.000
G1 X-16.404 Y-105.185 Z-2.000 F400.000
G1 X-16.407 Y-105.245 Z-2.000 F400.000
G1 X-16.410 Y-105.263 Z-2.000 F400.000
G1 X-16.415 Y-105.279 Z-2.000 F400.000
G1 X-16.438 Y-105.336 Z-2.000 F400.000
G1 X-20.325 Y-113.672 Z-2.000 F400.000
G1 X-20.430 Y-113.928 Z-2.000 F400.000
G1 X-20.537 Y-114.276 Z-2.000 F400.000
G1 X-20.606 Y-114.633 Z-2.000 F400.000
G1 X-20.635 Y-114.996 Z-2.000 F400.000
G1 X-20.637 Y-137.745 Z-2.000 F400.000
G1 X-20.624 Y-137.952 Z-2.000 F400.000
G1 X-20.590 Y-138.211 Z-2.000 F400.000
G1 X-20.483 Y-138.611 Z-2.000 F400.000
G1 X-20.383 Y-138.852 Z-2.000 F400.000
G1 X-20.175 Y-139.211 Z-2.000 F400.000
G1 X-20.017 Y-139.418 Z-2.000 F400.000
G1 X-19.724 Y-139.711 Z-2.000 F400.000
G1 X-19.516 Y-139.870 Z-2.000 F400.000
G1 X-19.158 Y-140.077 Z-2.000 F400.000
G1 X-18.916 Y-140.177 Z-2.000 F400.000
G1 X-18.516 Y-140.284 Z-2.000 F400.000
G1 X-18.257 Y-140.318 Z-2.000 F400.000
G1 X-18.050 Y-140.332 Z-2.000 F400.000
G1 X-16.645 Y-140.332 Z-2.000 F400.000
G1 X-16.536 Y-140.343 Z-2.000 F400.000
G1 X-16.507 Y-140.351 Z-2.000 F400.000
G1 X-16.481 Y-140.366 Z-2.000 F400.000
G1 X-16.457 Y-140.385 Z-2.000 F400.000
G1 X-16.438 Y-140.409 Z-2.000 F400.000
G1 X-16.424 Y-140.435 Z-2.000 F400.000
G1 X-16.415 Y-140.464 Z-2.000 F400.000
G1 X-16.404 Y-140.573 Z-2.000 F400.000
G1 X-16.404 Y-143.464 Z-2.000 F400.000
G1 X-16.407 Y-143.524 Z-2.000 F400.000
G1 X-16.410 Y-143.542 Z-2.000 F400.000
G1 X-16.415 Y-143.559 Z-2.000 F400.000
G1 X-16.438 Y-143.615 Z-2.000 F400.000
G1 X-20.325 Y-151.951 Z-2.000 F400.000
G1 X-20.430 Y-152.207 Z-2.000 F400.000
G1 X-20.537 Y-152.555 Z-2.000 F400.000
G1 X-20.606 Y-152.912 Z-2.000 F400.000
G1 X-20.635 Y-153.275 Z-2.000 F400.000
G1 X-20.637 Y-176.024 Z-2.000 F400.000
G1 X-20.624 Y-176.231 Z-2.000 F400.000
G1 X-20.590 Y-176.490 Z-2.000 F400.000
G1 X-20.483 Y-176.890 Z-2.000 F400.000
G1 X-20.383 Y-177.131 Z-2.000 F400.000
G1 X-20.175 Y-177.490 Z-2.000 F400.000
G1 X-20.017 Y-177.697 Z-2.000 F400.000
G1 X-19.724 Y-177.990 Z-2.000 F400.000
G1 X-19.516 Y-178.149 Z-2.000 F400.000
G1 X-19.158 Y-178.356 Z-2.000 F400.000
G1 X-18.916 Y-178.456 Z-2.000 F400.000
G1 X-18.516 Y-178.563 Z-2.000 F400.000
G1 X-18.257 Y-178.597 Z-2.000 F400.000
G1 X-18.050 Y-178.611 Z-2.000 F400.000
G1 X-16.645 Y-178.611 Z-2.000 F400.000
G1 X-16.536 Y-178.622 Z-2.000 F400.000
G1 X-16.507 Y-178.631 Z-2.000 F400.000
G1 X-16.481 Y-178.645 Z-2.000 F400.000
G1 X-16.457 Y-178.664 Z-2.000 F400.000
G1 X-16.438 Y-178.688 Z-2.000 F400.000
G1 X-16.424 Y-178.714 Z-2.000 F400.000
G1 X-16.415 Y-178.743 Z-2.000 F400.000
G1 X-16.404 Y-178.852 Z-2.000 F400.000
G1 X-16.404 Y-181.743 Z-2.000 F400.000
G1 X-16.407 Y-181.803 Z-2.000 F400.000
G1 X-16.410 Y-181.821 Z-2.000 F400.000
G1 X-16.415 Y-181.838 Z-2.000 F400.000
G1 X-16.438 Y-181.894 Z-2.000 F400.000
G1 X-20.325 Y-190.230 Z-2.000 F400.000
G1 X-20.430 Y-190.486 Z-2.000 F400.000
G1 X-20.537 Y-190.834 Z-2.000 F400.000
G1 X-20.606 Y-191.191 Z-2.000 F400.000
G1 X-20.635 Y-191.554 Z-2.000 F400.000
G1 X-20.637 Y-200.120 Z-2.000 F400.000
G1 X-20.596 Y-200.617 Z-2.000 F400.000
G1 X-20.536 Y-200.923 Z-2.000 F400.000
G1 X-20.436 Y-201.251 Z-2.000 F400.000
G1 X-20.317 Y-201.538 Z-2.000 F400.000
G1 X-20.155 Y-201.841 Z-2.000 F400.000
G1 X-19.982 Y-202.100 Z-2.000 F400.000
G1 X-19.765 Y-202.365 Z-2.000 F400.000
G1 X-19.545 Y-202.585 Z-2.000 F400.000
G1 X-19.279 Y-202.803 Z-2.000 F400.000
G1 X-19.021 Y-202.976 Z-2.000 F400.000
G1 X-18.718 Y-203.137 Z-2.000 F400.000
G1 X-18.431 Y-203.256 Z-2.000 F400.000
G1 X-18.102 Y-203.356 Z-2.000 F400.000
G1 X-17.797 Y-203.417 Z-2.000 F400.000
G1 X-17.456 Y-203.450 Z-2.000 F400.000
G1 X-14.530 Y-203.458 Z-2.000 F400.000
G1 X-14.420 Y-203.469 Z-2.000 F400.000
G1 X-14.391 Y-203.477 Z-2.000 F400.000
G1 X-14.364 Y-203.492 Z-2.000 F400.000
G1 X-14.341 Y-203.511 Z-2.000 F400.000
G1 X-14.321 Y-203.534 Z-2.000 F400.000
G1 X-14.307 Y-203.561 Z-2.000 F400.000
G1 X-14.298 Y-203.590 Z-2.000 F400.000
G1 X-14.287 Y-203.698 Z-2.000 F400.000
G1 X-14.288 Y-205.405 Z-2.000 F400.000
G1 X-14.298 Y-205.513 Z-2.000 F400.000
G1 X-14.307 Y-205.542 Z-2.000 F400.000
G1 X-14.321 Y-205.569 Z-2.000 F400.000
G1 X-14.341 Y-205.592 Z-2.000 F400.000
G1 X-14.364 Y-205.612 Z-2.000 F400.000
G1 X-14.391 Y-205.626 Z-2.000 F400.000
G1 X-14.420 Y-205.635 Z-2.000 F400.000
G1 X-14.528 Y-205.645 Z-2.000 F400.000
G1 X-17.300 Y-205.645 Z-2.000 F400.000
G1 X-17.797 Y-205.687 Z-2.000 F400.000
G1 X-18.102 Y-205.747 Z-2.000 F400.000
G1 X-18.431 Y-205.847 Z-2.000 F400.000
G1 X-18.718 Y-205.966 Z-2.000 F400.000
G1 X-19.021 Y-206.128 Z-2.000 F400.000
G1 X-19.279 Y-206.301 Z-2.000 F400.000
G1 X-19.545 Y-206.518 Z-2.000 F400.000
G1 X-19.765 Y-206.738 Z-2.000 F400.000
G1 X-19.982 Y-207.004 Z-2.000 F400.000
G1 X-20.155 Y-207.262 Z-2.000 F400.000
G1 X-20.317 Y-207.565 Z-2.000 F400.000
G1 X-20.436 Y-207.852 Z-2.000 F400.000
G1 X-20.536 Y-208.181 Z-2.000 F400.000
G1 X-20.596 Y-208.486 Z-2.000 F400.000
G1 X-20.630 Y-208.827 Z-2.000 F400.000
G1 X-20.637 Y-227.500 Z-2.000 F400.000
G0 Z5.000
G0 X-20.637 Y-2.500
G0 Z3.000
G1 X-20.637 Y-2.500 Z-2.200 F250.000
G1 X-20.637 Y-22.908 Z-2.200 F400.000
G1 X-20.624 Y-23.115 Z-2.200 F400.000
G1 X-20.590 Y-23.374 Z-2.200 F400.000
G1 X-20.483 Y-23.774 Z-2.200 F400.000
G1 X-20.383 Y-24.015 Z-2.200 F400.000
G1 X-20.175 Y-24.374 Z-2.200 F400.000
G1 X-20.017 Y-24.581 Z-2.200 F400.000
G1 X-19.724 Y-24.874 Z-2.200 F400.000
G1 X-19.516 Y-25.033 Z-2.200 F400.000
G1 X-19.158 Y-25.240 Z-2.200 F400.000
G1 X-18.916 Y-25.340 Z-2.200 F400.000
G1 X-18.516 Y-25.447 Z-2.200 F400.000
G1 X-18.257 Y-25.481 Z-2.200 F400.000
G1 X-18.050 Y-25.495 Z-2.200 F400.000
G1 X-16.645 Y-25.495 Z-2.200 F400.000
G1 X-16.536 Y-25.506 Z-2.200 F400.000
G1 X-16.507 Y-25.514 Z-2.200 F400.000
G1 X-16.481 Y-25.529 Z-2.200 F400.000
G1 X-16.457 Y-25.548 Z-2.200 F400.000
G1 X-16.438 Y-25.571 Z-2.200 F400.000
G1 X-16.424 Y-25.598 Z-2.200 F400.000
G1 X-16.415 Y-25.627 Z-2.200 F400.000
G1 X-16.404 Y-25.735 Z-2.200 F400.000
G1 X-16.404 Y-28.627 Z-2.200 F400.000
G1 X-16.407 Y-28.687 Z-2.200 F400.000
G1 X-16.410 Y-28.705 Z-2.200 F400.000
G1 X-16.415 Y-28.721 Z-2.200 F400.000
G1 X-16.438 Y-28.778 Z-2.200 F400.000
G1 X-20.325 Y-37.114 Z-2.200 F400.000
G1 X-20.430 Y-37.370 Z-2.200 F400.000
G1 X-20.537 Y-37.718 Z-2.200 F400.000
G1 X-20.606 Y-38.075 Z-2.200 F400.000
G1 X-20.635 Y-38.438 Z-2.200 F400.000
G1 X-20.637 Y-61.187 Z-2.200 F400.000
G1 X-20.624 Y-61.394 Z-2.200 F400.000
G1 X-20.590 Y-61.653 Z-2.200 F400.000
G1 X-20.483 Y-62.053 Z-2.200 F400.000
G1 X-20.383 Y-62.294 Z-2.200 F400.000
G1 X-20.175 Y-62.653 Z-2.200 F400.000
G1 X-20.017 Y-62.860 Z-2.200 F400.000
G1 X-19.724 Y-63.153 Z-2.200 F400.000
G1 X-19.516 Y-63.312 Z-2.200 F400.000
G1 X-19.158 Y-63.519 Z-2.200 F400.000
G1 X-18.916 Y-63.619 Z-2.200 F400.000
G1 X-18.516 Y-63.726 Z-2.200 F400.000
G1 X-18.257 Y-63.760 Z-2.200 F400.000
G1 X-18.050 Y-63.774 Z-2.200 F400.000
G1 X-16.645 Y-63.774 Z-2.200 F400.000
G1 X-16.536 Y-63.785 Z-2.200 F400.000
G1 X-16.507 Y-63.793 Z-2.200 F400.000
G1 X-16.481 Y-63.808 Z-2.200 F400.000
G1 X-16.457 Y-63.827 Z-2.200 F400.000
G1 X-16.438 Y-63.850 Z-2.200 F400.000
G1 X-16.424 Y-63.877 Z-2.200 F400.000
G1 X-16.415 Y-63.906 Z-2.200 F400.000
G1 X-16.404 Y-64.014 Z-2.200 F400.000
G1 X-16.404 Y-66.906 Z-2.200 F400.000
G1 X-16.407 Y-66.966 Z-2.200 F400.000
G1 X-16.410 Y-66.984 Z-2.200 F400.000
G1 X-16.415 Y-67.000 Z-2.200 F400.000
G1 X-16.438 Y-67.057 Z-2.200 F400.000
G1 X-20.325 Y-75.393 Z-2.200 F400.000
G1 X-20.430 Y-75.649 Z-2.200 F400.000
G1 X-20.537 Y-75.997 Z-2.200 F400.000
G1 X-20.606 Y-76.354 Z-2.200 F400.000
G1 X-20.635 Y-76.717 Z-2.200 F400.000
G1 X-20.637 Y-99.466 Z-2.200 F400.000
G1 X-20.624 Y-99.673 Z-2.200 F400.000
G1 X-20.590 Y-99.932 Z-2.200 F400.000
G1 X-20.483 Y-100.332 Z-2.200 F400.000
G1 X-20.383 Y-100.573 Z-2.200 F400.000
G1 X-20.175 Y-100.932 Z-2.200 F400.000
G1 X-20.017 Y-101.139 Z-2.200 F400.000
G1 X-19.724 Y-101.432 Z-2.200 F400.000
G1 X-19.516 Y-101.591 Z-2.200 F400.000
G1 X-19.158 Y-101.798 Z-2.200 F400.000
G1 X-18.916 Y-101.898 Z-2.200 F400.000
G1 X-18.516 Y-102.005 Z-2.200 F400.000
G1 X-18.257 Y-102.039 Z-2.200 F400.000
G1 X-18.050 Y-102.053 Z-2.200 F400.000
G1 X-16.645 Y-102.053 Z-2.200 F400.000
G1 X-16.536 Y-102.064 Z-2.200 F400.000
G1 X-16.507 Y-102.072 Z-2.200 F400.000
G1 X-16.481 Y-102.087 Z-2.200 F400.000
G1 X-16.457 Y-102.106 Z-2.200 F400.000
G1 X-16.438 Y-102.130 Z-2.200 F400.000
G1 X-16.424 Y-102.156 Z-2.200 F400.000
G1 X-16.415 Y-102.185 Z-2.200 F400.000
G1 X-16.404 Y-102.294 Z-2.200 F400.000
G1 X-16.404 Y-105.185 Z-2.200 F400.000
G1 X-16.407 Y-105.245 Z-2.200 F400.000
G1 X-16.410 Y-105.263 Z-2.200 F400.000
G1 X-16.415 Y-105.279 Z-2.200 F400.000
G1 X-16.438 Y-105.336 Z-2.200 F400.000
G1 X-20.325 Y-113.672 Z-2.200 F400.000
G1 X-20.430 Y-113.928 Z-2.200 F400.000
G1 X-20.537 Y-114.276 Z-2.200 F400.000
G1 X-20.606 Y-114.633 Z-2.200 F400.000
G1 X-20.635 Y-114.996 Z-2.200 F400.000
G1 X-20.637 Y-137.745 Z-2.200 F400.000
G1 X-20.624 Y-137.952 Z-2.200 F400.000
G1 X-20.590 Y-138.211 Z-2.200 F400.000
G1 X-20.483 Y-138.611 Z-2.200 F400.000
G1 X-20.383 Y-138.852 Z-2.200 F400.000
G1 X-20.175 Y-139.211 Z-2.200 F400.000
G1 X-20.017 Y-139.418 Z-2.200 F400.000
G1 X-19.724 Y-139.711 Z-2.200 F400.000
G1 X-19.516 Y-139.870 Z-2.200 F400.000
G1 X-19.158 Y-140.077 Z-2.200 F400.000
G1 X-18.916 Y-140.177 Z-2.200 F400.000
G1 X-18.516 Y-140.284 Z-2.200 F400.000
G1 X-18.257 Y-140.318 Z-2.200 F400.000
G1 X-18.050 Y-140.332 Z-2.200 F400.000
G1 X-16.645 Y-140.332 Z-2.200 F400.000
G1 X-16.536 Y-140.343 Z-2.200 F400.000
G1 X-16.507 Y-140.351 Z-2.200 F400.000
G1 X-16.481 Y-140.366 Z-2.200 F400.000
G1 X-16.457 Y-140.385 Z-2.200 F400.000
G1 X-16.438 Y-140.409 Z-2.200 F400.000
G1 X-16.424 Y-140.435 Z-2.200 F400.000
G1 X-16.415 Y-140.464 Z-2.200 F400.000
G1 X-16.404 Y-140.573 Z-2.200 F400.000
G1 X-16.404 Y-143.464 Z-2.200 F400.000
G1 X-16.407 Y-143.524 Z-2.200 F400.000
G1 X-16.410 Y-143.542 Z-2.200 F400.000
G1 X-16.415 Y-143.559 Z-2.200 F400.000
G1 X-16.438 Y-143.615 Z-2.200 F400.000
G1 X-20.325 Y-151.951 Z-2.200 F400.000
G1 X-20.430 Y-152.207 Z-2.200 F400.000
G1 X-20.537 Y-152.555 Z-2.200 F400.000
G1 X-20.606 Y-152.912 Z-2.200 F400.000
G1 X-20.635 Y-153.275 Z-2.200 F400.000
G1 X-20.637 Y-176.024 Z-2.200 F400.000
G1 X-20.624 Y-176.231 Z-2.200 F400.000
G1 X-20.590 Y-176.490 Z-2.200 F400.000
G1 X-20.483 Y-176.890 Z-2.200 F400.000
G1 X-20.383 Y-177.131 Z-2.200 F400.000
G1 X-20.175 Y-177.490 Z-2.200 F400.000
G1 X-20.017 Y-177.697 Z-2.200 F400.000
G1 X-19.724 Y-177.990 Z-2.200 F400.000
G1 X-19.516 Y-178.149 Z-2.200 F400.000
G1 X-19.158 Y-178.356 Z-2.200 F400.000
G1 X-18.916 Y-178.456 Z-2.200 F400.000
G1 X-18.516 Y-178.563 Z-2.200 F400.000
G1 X-18.257 Y-178.597 Z-2.200 F400.000
G1 X-18.050 Y-178.611 Z-2.200 F400.000
G1 X-16.645 Y-178.611 Z-2.200 F400.000
G1 X-16.536 Y-178.622 Z-2.200 F400.000
G1 X-16.507 Y-178.631 Z-2.200 F400.000
G1 X-16.481 Y-178.645 Z-2.200 F400.000
G1 X-16.457 Y-178.664 Z-2.200 F400.000
G1 X-16.438 Y-178.688 Z-2.200 F400.000
G1 X-16.424 Y-178.714 Z-2.200 F400.000
G1 X-16.415 Y-178.743 Z-2.200 F400.000
G1 X-16.404 Y-178.852 Z-2.200 F400.000
G1 X-16.404 Y-181.743 Z-2.200 F400.000
G1 X-16.407 Y-181.803 Z-2.200 F400.000
G1 X-16.410 Y-181.821 Z-2.200 F400.000
G1 X-16.415 Y-181.838 Z-2.200 F400.000
G1 X-16.438 Y-181.894 Z-2.200 F400.000
G1 X-20.325 Y-190.230 Z-2.200 F400.000
G1 X-20.430 Y-190.486 Z-2.200 F400.000
G1 X-20.537 Y-190.834 Z-2.200 F400.000
G1 X-20.606 Y-191.191 Z-2.200 F400.000
G1 X-20.635 Y-191.554 Z-2.200 F400.000
G1 X-20.637 Y-200.120 Z-2.200 F400.000
G1 X-20.596 Y-200.617 Z-2.200 F400.000
G1 X-20.536 Y-200.923 Z-2.200 F400.000
G1 X-20.436 Y-201.251 Z-2.200 F400.000
G1 X-20.317 Y-201.538 Z-2.200 F400.000
G1 X-20.155 Y-201.841 Z-2.200 F400.000
G1 X-19.982 Y-202.100 Z-2.200 F400.000
G1 X-19.765 Y-202.365 Z-2.200 F400.000
G1 X-19.545 Y-202.585 Z-2.200 F400.000
G1 X-19.279 Y-202.803 Z-2.200 F400.000
G1 X-19.021 Y-202.976 Z-2.200 F400.000
G1 X-18.718 Y-203.137 Z-2.200 F400.000
G1 X-18.431 Y-203.256 Z-2.200 F400.000
G1 X-18.102 Y-203.356 Z-2.200 F400.000
G1 X-17.797 Y-203.417 Z-2.200 F400.000
G1 X-17.456 Y-203.450 Z-2.200 F400.000
G1 X-14.530 Y-203.458 Z-2.200 F400.000
G1 X-14.420 Y-203.469 Z-2.200 F400.000
G1 X-14.391 Y-203.477 Z-2.200 F400.000
G1 X-14.364 Y-203.492 Z-2.200 F400.000
G1 X-14.341 Y-203.511 Z-2.200 F400.000
G1 X-14.321 Y-203.534 Z-2.200 F400.000
G1 X-14.307 Y-203.561 Z-2.200 F400.000
G1 X-14.298 Y-203.590 Z-2.200 F400.000
G1 X-14.287 Y-203.698 Z-2.200 F400.000
G1 X-14.288 Y-205.405 Z-2.200 F400.000
G1 X-14.298 Y-205.513 Z-2.200 F400.000
G1 X-14.307 Y-205.542 Z-2.200 F400.000
G1 X-14.321 Y-205.569 Z-2.200 F400.000
G1 X-14.341 Y-205.592 Z-2.200 F400.000
G1 X-14.364 Y-205.612 Z-2.200 F400.000
G1 X-14.391 Y-205.626 Z-2.200 F400.000
G1 X-14.420 Y-205.635 Z-2.200 F400.000
G1 X-14.528 Y-205.645 Z-2.200 F400.000
G1 X-17.300 Y-205.645 Z-2.200 F400.000
G1 X-17.797 Y-205.687 Z-2.200 F400.000
G1 X-18.102 Y-205.747 Z-2.200 F400.000
G1 X-18.431 Y-205.847 Z-2.200 F400.000
G1 X-18.718 Y-205.966 Z-2.200 F400.000
G1 X-19.021 Y-206.128 Z-2.200 F400.000
G1 X-19.279 Y-206.301 Z-2.200 F400.000
G1 X-19.545 Y-206.518 Z-2.200 F400.000
G1 X-19.765 Y-206.738 Z-2.200 F400.000
G1 X-19.982 Y-207.004 Z-2.200 F400.000
G1 X-20.155 Y-207.262 Z-2.200 F400.000
G1 X-20.317 Y-207.565 Z-2.200 F400.000
G1 X-20.436 Y-207.852 Z-2.200 F400.000
G1 X-20.536 Y-208.181 Z-2.200 F400.000
G1 X-20.596 Y-208.486 Z-2.200 F400.000
G1 X-20.630 Y-208.827 Z-2.200 F400.000
G1 X-20.637 Y-227.500 Z-2.200 F400.000
G0 Z5.000
G0 X-20.637 Y-2.500
G0 Z3.000
G1 X-20.637 Y-2.500 Z-2.400 F250.000
G1 X-20.637 Y-22.908 Z-2.400 F400.000
G1 X-20.624 Y-23.115 Z-2.400 F400.000
G1 X-20.590 Y-23.374 Z-2.400 F400.000
G1 X-20.483 Y-23.774 Z-2.400 F400.000
G1 X-20.383 Y-24.015 Z-2.400 F400.000
G1 X-20.175 Y-24.374 Z-2.400 F400.000
G1 X-20.017 Y-24.581 Z-2.400 F400.000
G1 X-19.724 Y-24.874 Z-2.400 F400.000
G1 X-19.516 Y-25.033 Z-2.400 F400.000
G1 X-19.158 Y-25.240 Z-2.400 F400.000
G1 X-18.916 Y-25.340 Z-2.400 F400.000
G1 X-18.516 Y-25.447 Z-2.400 F400.000
G1 X-18.257 Y-25.481 Z-2.400 F400.000
G1 X-18.050 Y-25.495 Z-2.400 F400.000
G1 X-16.645 Y-25.495 Z-2.400 F400.000
G1 X-16.536 Y-25.506 Z-2.400 F400.000
G1 X-16.507 Y-25.514 Z-2.400 F400.000
G1 X-16.481 Y-25.529 Z-2.400 F400.000
G1 X-16.457 Y-25.548 Z-2.400 F400.000
G1 X-16.438 Y-25.571 Z-2.400 F400.000
G1 X-16.424 Y-25.598 Z-2.400 F400.000
G1 X-16.415 Y-25.627 Z-2.400 F400.000
G1 X-16.404 Y-25.735 Z-2.400 F400.000
G1 X-16.404 Y-28.627 Z-2.400 F400.000
G1 X-16.407 Y-28.687 Z-2.400 F400.000
G1 X-16.410 Y-28.705 Z-2.400 F400.000
G1 X-16.415 Y-28.721 Z-2.400 F400.000
G1 X-16.438 Y-28.778 Z-2.400 F400.000
G1 X-20.325 Y-37.114 Z-2.400 F400.000
G1 X-20.430 Y-37.370 Z-2.400 F400.000
G1 X-20.537 Y-37.718 Z-2.400 F400.000
G1 X-20.606 Y-38.075 Z-2.400 F400.000
G1 X-20.635 Y-38.438 Z-2.400 F400.000
G1 X-20.637 Y-61.187 Z-2.400 F400.000
G1 X-20.624 Y-61.394 Z-2.400 F400.000
G1 X-20.590 Y-61.653 Z-2.400 F400.000
G1 X-20.483 Y-62.053 Z-2.400 F400.000
G1 X-20.383 Y-62.294 Z-2.400 F400.000
G1 X-20.175 Y-62.653 Z-2.400 F400.000
G1 X-20.017 Y-62.860 Z-2.400 F400.000
G1 X-19.724 Y-63.153 Z-2.400 F400.000
G1 X-19.516 Y-63.312 Z-2.400 F400.000
G1 X-19.158 Y-63.519 Z-2.400 F400.000
G1 X-18.916 Y-63.619 Z-2.400 F400.000
G1 X-18.516 Y-63.726 Z-2.400 F400.000
G1 X-18.257 Y-63.760 Z-2.400 F400.000
G1 X-18.050 Y-63.774 Z-2.400 F400.000
G1 X-16.645 Y-63.774 Z-2.400 F400.000
G1 X-16.536 Y-63.785 Z-2.400 F400.000
G1 X-16.507 Y-63.793 Z-2.400 F400.000
G1 X-16.481 Y-63.808 Z-2.400 F400.000
G1 X-16.457 Y-63.827 Z-2.400 F400.000
G1 X-16.438 Y-63.850 Z-2.400 F400.000
G1 X-16.424 Y-63.877 Z-2.400 F400.000
G1 X-16.415 Y-63.906 Z-2.400 F400.000
G1 X-16.404 Y-64.014 Z-2.400 F400.000
G1 X-16.404 Y-66.906 Z-2.400 F400.000
G1 X-16.407 Y-66.966 Z-2.400 F400.000
G1 X-16.410 Y-66.984 Z-2.400 F400.000
G1 X-16.415 Y-67.000 Z-2.400 F400.000
G1 X-16.438 Y-67.057 Z-2.400 F400.000
G1 X-20.325 Y-75.393 Z-2.400 F400.000
G1 X-20.430 Y-75.649 Z-2.400 F400.000
G1 X-20.537 Y-75.997 Z-2.400 F400.000
G1 X-20.606 Y-76.354 Z-2.400 F400.000
G1 X-20.635 Y-76.717 Z-2.400 F400.000
G1 X-20.637 Y-99.466 Z-2.400 F400.000
G1 X-20.624 Y-99.673 Z-2.400 F400.000
G1 X-20.590 Y-99.932 Z-2.400 F400.000
G1 X-20.483 Y-100.332 Z-2.400 F400.000
G1 X-20.383 Y-100.573 Z-2.400 F400.000
G1 X-20.175 Y-100.932 Z-2.400 F400.000
G1 X-20.017 Y-101.139 Z-2.400 F400.000
G1 X-19.724 Y-101.432 Z-2.400 F400.000
G1 X-19.516 Y-101.591 Z-2.400 F400.000
G1 X-19.158 Y-101.798 Z-2.400 F400.000
G1 X-18.916 Y-101.898 Z-2.400 F400.000
G1 X-18.516 Y-102.005 Z-2.400 F400.000
G1 X-18.257 Y-102.039 Z-2.400 F400.000
G1 X-18.050 Y-102.053 Z-2.400 F400.000
G1 X-16.645 Y-102.053 Z-2.400 F400.000
G1 X-16.536 Y-102.064 Z-2.400 F400.000
G1 X-16.507 Y-102.072 Z-2.400 F400.000
G1 X-16.481 Y-102.087 Z-2.400 F400.000
G1 X-16.457 Y-102.106 Z-2.400 F400.000
G1 X-16.438 Y-102.130 Z-2.400 F400.000
G1 X-16.424 Y-102.156 Z-2.400 F400.000
G1 X-16.415 Y-102.185 Z-2.400 F400.000
G1 X-16.404 Y-102.294 Z-2.400 F400.000
G1 X-16.404 Y-105.185 Z-2.400 F400.000
G1 X-16.407 Y-105.245 Z-2.400 F400.000
G1 X-16.410 Y-105.263 Z-2.400 F400.000
G1 X-16.415 Y-105.279 Z-2.400 F400.000
G1 X-16.438 Y-105.336 Z-2.400 F400.000
G1 X-20.325 Y-113.672 Z-2.400 F400.000
G1 X-20.430 Y-113.928 Z-2.400 F400.000
G1 X-20.537 Y-114.276 Z-2.400 F400.000
G1 X-20.606 Y-114.633 Z-2.400 F400.000
G1 X-20.635 Y-114.996 Z-2.400 F400.000
G1 X-20.637 Y-137.745 Z-2.400 F400.000
G1 X-20.624 Y-137.952 Z-2.400 F400.000
G1 X-20.590 Y-138.211 Z-2.400 F400.000
G1 X-20.483 Y-138.611 Z-2.400 F400.000
G1 X-20.383 Y-138.852 Z-2.400 F400.000
G1 X-20.175 Y-139.211 Z-2.400 F400.000
G1 X-20.017 Y-139.418 Z-2.400 F400.000
G1 X-19.724 Y-139.711 Z-2.400 F400.000
G1 X-19.516 Y-139.870 Z-2.400 F400.000
G1 X-19.158 Y-140.077 Z-2.400 F400.000
G1 X-18.916 Y-140.177 Z-2.400 F400.000
G1 X-18.516 Y-140.284 Z-2.400 F400.000
G1 X-18.257 Y-140.318 Z-2.400 F400.000
G1 X-18.050 Y-140.332 Z-2.400 F400.000
G1 X-16.645 Y-140.332 Z-2.400 F400.000
G1 X-16.536 Y-140.343 Z-2.400 F400.000
G1 X-16.507 Y-140.351 Z-2.400 F400.000
G1 X-16.481 Y-140.366 Z-2.400 F400.000
G1 X-16.457 Y-140.385 Z-2.400 F400.000
G1 X-16.438 Y-140.409 Z-2.400 F400.000
G1 X-16.424 Y-140.435 Z-2.400 F400.000
G1 X-16.415 Y-140.464 Z-2.400 F400.000
G1 X-16.404 Y-140.573 Z-2.400 F400.000
G1 X-16.404 Y-143.464 Z-2.400 F400.000
G1 X-16.407 Y-143.524 Z-2.400 F400.000
G1 X-16.410 Y-143.542 Z-2.400 F400.000
G1 X-16.415 Y-143.559 Z-2.400 F400.000
G1 X-16.438 Y-143.615 Z-2.400 F400.000
G1 X-20.325 Y-151.951 Z-2.400 F400.000
G1 X-20.430 Y-152.207 Z-2.400 F400.000
G1 X-20.537 Y-152.555 Z-2.400 F400.000
G1 X-20.606 Y-152.912 Z-2.400 F400.000
G1 X-20.635 Y-153.275 Z-2.400 F400.000
G1 X-20.637 Y-176.024 Z-2.400 F400.000
G1 X-20.624 Y-176.231 Z-2.400 F400.000
G1 X-20.590 Y-176.490 Z-2.400 F400.000
G1 X-20.483 Y-176.890 Z-2.400 F400.000
G1 X-20.383 Y-177.131 Z-2.400 F400.000
G1 X-20.175 Y-177.490 Z-2.400 F400.000
G1 X-20.017 Y-177.697 Z-2.400 F400.000
G1 X-19.724 Y-177.990 Z-2.400 F400.000
G1 X-19.516 Y-178.149 Z-2.400 F400.000
G1 X-19.158 Y-178.356 Z-2.400 F400.000
G1 X-18.916 Y-178.456 Z-2.400 F400.000
G1 X-18.516 Y-178.563 Z-2.400 F400.000
G1 X-18.257 Y-178.597 Z-2.400 F400.000
G1 X-18.050 Y-178.611 Z-2.400 F400.000
G1 X-16.645 Y-178.611 Z-2.400 F400.000
G1 X-16.536 Y-178.622 Z-2.400 F400.000
G1 X-16.507 Y-178.631 Z-2.400 F400.000
G1 X-16.481 Y-178.645 Z-2.400 F400.000
G1 X-16.457 Y-178.664 Z-2.400 F400.000
G1 X-16.438 Y-178.688 Z-2.400 F400.000
G1 X-16.424 Y-178.714 Z-2.400 F400.000
G1 X-16.415 Y-178.743 Z-2.400 F400.000
G1 X-16.404 Y-178.852 Z-2.400 F400.000
G1 X-16.404 Y-181.743 Z-2.400 F400.000
G1 X-16.407 Y-181.803 Z-2.400 F400.000
G1 X-16.410 Y-181.821 Z-2.400 F400.000
G1 X-16.415 Y-181.838 Z-2.400 F400.000
G1 X-16.438 Y-181.894 Z-2.400 F400.000
G1 X-20.325 Y-190.230 Z-2.400 F400.000
G1 X-20.430 Y-190.486 Z-2.400 F400.000
G1 X-20.537 Y-190.834 Z-2.400 F400.000
G1 X-20.606 Y-191.191 Z-2.400 F400.000
G1 X-20.635 Y-191.554 Z-2.400 F400.000
G1 X-20.637 Y-200.120 Z-2.400 F400.000
G1 X-20.596 Y-200.617 Z-2.400 F400.000
G1 X-20.536 Y-200.923 Z-2.400 F400.000
G1 X-20.436 Y-201.251 Z-2.400 F400.000
G1 X-20.317 Y-201.538 Z-2.400 F400.000
G1 X-20.155 Y-201.841 Z-2.400 F400.000
G1 X-19.982 Y-202.100 Z-2.400 F400.000
G1 X-19.765 Y-202.365 Z-2.400 F400.000
G1 X-19.545 Y-202.585 Z-2.400 F400.000
G1 X-19.279 Y-202.803 Z-2.400 F400.000
G1 X-19.021 Y-202.976 Z-2.400 F400.000
G1 X-18.718 Y-203.137 Z-2.400 F400.000
G1 X-18.431 Y-203.256 Z-2.400 F400.000
G1 X-18.102 Y-203.356 Z-2.400 F400.000
G1 X-17.797 Y-203.417 Z-2.400 F400.000
G1 X-17.456 Y-203.450 Z-2.400 F400.000
G1 X-14.530 Y-203.458 Z-2.400 F400.000
G1 X-14.420 Y-203.469 Z-2.400 F400.000
G1 X-14.391 Y-203.477 Z-2.400 F400.000
G1 X-14.364 Y-203.492 Z-2.400 F400.000
G1 X-14.341 Y-203.511 Z-2.400 F400.000
G1 X-14.321 Y-203.534 Z-2.400 F400.000
G1 X-14.307 Y-203.561 Z-2.400 F400.000
G1 X-14.298 Y-203.590 Z-2.400 F400.000
G1 X-14.287 Y-203.698 Z-2.400 F400.000
G1 X-14.288 Y-205.405 Z-2.400 F400.000
G1 X-14.298 Y-205.513 Z-2.400 F400.000
G1 X-14.307 Y-205.542 Z-2.400 F400.000
G1 X-14.321 Y-205.569 Z-2.400 F400.000
G1 X-14.341 Y-205.592 Z-2.400 F400.000
G1 X-14.364 Y-205.612 Z-2.400 F400.000
G1 X-14.391 Y-205.626 Z-2.400 F400.000
G1 X-14.420 Y-205.635 Z-2.400 F400.000
G1 X-14.528 Y-205.645 Z-2.400 F400.000
G1 X-17.300 Y-205.645 Z-2.400 F400.000
G1 X-17.797 Y-205.687 Z-2.400 F400.000
G1 X-18.102 Y-205.747 Z-2.400 F400.000
G1 X-18.431 Y-205.847 Z-2.400 F400.000
G1 X-18.718 Y-205.966 Z-2.400 F400.000
G1 X-19.021 Y-206.128 Z-2.400 F400.000
G1 X-19.279 Y-206.301 Z-2.400 F400.000
G1 X-19.545 Y-206.518 Z-2.400 F400.000
G1 X-19.765 Y-206.738 Z-2.400 F400.000
G1 X-19.982 Y-207.004 Z-2.400 F400.000
G1 X-20.155 Y-207.262 Z-2.400 F400.000
G1 X-20.317 Y-207.565 Z-2.400 F400.000
G1 X-20.436 Y-207.852 Z-2.400 F400.000
G1 X-20.536 Y-208.181 Z-2.400 F400.000
G1 X-20.596 Y-208.486 Z-2.400 F400.000
G1 X-20.630 Y-208.827 Z-2.400 F400.000
G1 X-20.637 Y-227.500 Z-2.400 F400.000
G0 Z5.000
G0 X-20.637 Y-2.500
G0 Z3.000
G1 X-20.637 Y-2.500 Z-2.600 F250.000
G1 X-20.637 Y-22.908 Z-2.600 F400.000
G1 X-20.624 Y-23.115 Z-2.600 F400.000
G1 X-20.590 Y-23.374 Z-2.600 F400.000
G1 X-20.483 Y-23.774 Z-2.600 F400.000
G1 X-20.383 Y-24.015 Z-2.600 F400.000
G1 X-20.175 Y-24.374 Z-2.600 F400.000
G1 X-20.017 Y-24.581 Z-2.600 F400.000
G1 X-19.724 Y-24.874 Z-2.600 F400.000
G1 X-19.516 Y-25.033 Z-2.600 F400.000
G1 X-19.158 Y-25.240 Z-2.600 F400.000
G1 X-18.916 Y-25.340 Z-2.600 F400.000
G1 X-18.516 Y-25.447 Z-2.600 F400.000
G1 X-18.257 Y-25.481 Z-2.600 F400.000
G1 X-18.050 Y-25.495 Z-2.600 F400.000
G1 X-16.645 Y-25.495 Z-2.600 F400.000
G1 X-16.536 Y-25.506 Z-2.600 F400.000
G1 X-16.507 Y-25.514 Z-2.600 F400.000
G1 X-16.481 Y-25.529 Z-2.600 F400.000
G1 X-16.457 Y-25.548 Z-2.600 F400.000
G1 X-16.438 Y-25.571 Z-2.600 F400.000
G1 X-16.424 Y-25.598 Z-2.600 F400.000
G1 X-16.415 Y-25.627 Z-2.600 F400.000
G1 X-16.404 Y-25.735 Z-2.600 F400.000
G1 X-16.404 Y-28.627 Z-2.600 F400.000
G1 X-16.407 Y-28.687 Z-2.600 F400.000
G1 X-16.410 Y-28.705 Z-2.600 F400.000
G1 X-16.415 Y-28.721 Z-2.600 F400.000
G1 X-16.438 Y-28.778 Z-2.600 F400.000
G1 X-20.325 Y-37.114 Z-2.600 F400.000
G1 X-20.430 Y-37.370 Z-2.600 F400.000
G1 X-20.537 Y-37.718 Z-2.600 F400.000
G1 X-20.606 Y-38.075 Z-2.600 F400.000
G1 X-20.635 Y-38.438 Z-2.600 F400.000
G1 X-20.637 Y-61.187 Z-2.600 F400.000
G1 X-20.624 Y-61.394 Z-2.600 F400.000
G1 X-20.590 Y-61.653 Z-2.600 F400.000
G1 X-20.483 Y-62.053 Z-2.600 F400.000
G1 X-20.383 Y-62.294 Z-2.600 F400.000
G1 X-20.175 Y-62.653 Z-2.600 F400.000
G1 X-20.017 Y-62.860 Z-2.600 F400.000
G1 X-19.724 Y-63.153 Z-2.600 F400.000
G1 X-19.516 Y-63.312 Z-2.600 F400.000
G1 X-19.158 Y-63.519 Z-2.600 F400.000
G1 X-18.916 Y-63.619 Z-2.600 F400.000
G1 X-18.516 Y-63.726 Z-2.600 F400.000
G1 X-18.257 Y-63.760 Z-2.600 F400.000
G1 X-18.050 Y-63.774 Z-2.600 F400.000
G1 X-16.645 Y-63.774 Z-2.600 F400.000
G1 X-16.536 Y-63.785 Z-2.600 F400.000
G1 X-16.507 Y-63.793 Z-2.600 F400.000
G1 X-16.481 Y-63.808 Z-2.600 F400.000
G1 X-16.457 Y-63.827 Z-2.600 F400.000
G1 X-16.438 Y-63.850 Z-2.600 F400.000
G1 X-16.424 Y-63.877 Z-2.600 F400.000
G1 X-16.415 Y-63.906 Z-2.600 F400.000
G1 X-16.404 Y-64.014 Z-2.600 F400.000
G1 X-16.404 Y-66.906 Z-2.600 F400.000
G1 X-16.407 Y-66.966 Z-2.600 F400.000
G1 X-16.410 Y-66.984 Z-2.600 F400.000
G1 X-16.415 Y-67.000 Z-2.600 F400.000
G1 X-16.438 Y-67.057 Z-2.600 F400.000
G1 X-20.325 Y-75.393 Z-2.600 F400.000
G1 X-20.430 Y-75.649 Z-2.600 F400.000
G1 X-20.537 Y-75.997 Z-2.600 F400.000
G1 X-20.606 Y-76.354 Z-2.600 F400.000
G1 X-20.635 Y-76.717 Z-2.600 F400.000
G1 X-20.637 Y-99.466 Z-2.600 F400.000
G1 X-20.624 Y-99.673 Z-2.600 F400.000
G1 X-20.590 Y-99.932 Z-2.600 F400.000
G1 X-20.483 Y-100.332 Z-2.600 F400.000
G1 X-20.383 Y-100.573 Z-2.600 F400.000
G1 X-20.175 Y-100.932 Z-2.600 F400.000
G1 X-20.017 Y-101.139 Z-2.600 F400.000
G1 X-19.724 Y-101.432 Z-2.600 F400.000
G1 X-19.516 Y-101.591 Z-2.600 F400.000
G1 X-19.158 Y-101.798 Z-2.600 F400.000
G1 X-18.916 Y-101.898 Z-2.600 F400.000
G1 X-18.516 Y-102.005 Z-2.600 F400.000
G1 X-18.257 Y-102.039 Z-2.600 F400.000
G1 X-18.050 Y-102.053 Z-2.600 F400.000
G1 X-16.645 Y-102.053 Z-2.600 F400.000
G1 X-16.536 Y-102.064 Z-2.600 F400.000
G1 X-16.507 Y-102.072 Z-2.600 F400.000
G1 X-16.481 Y-102.087 Z-2.600 F400.000
G1 X-16.457 Y-102.106 Z-2.600 F400.000
G1 X-16.438 Y-102.130 Z-2.600 F400.000
G1 X-16.424 Y-102.156 Z-2.600 F400.000
G1 X-16.415 Y-102.185 Z-2.600 F400.000
G1 X-16.404 Y-102.294 Z-2.600 F400.000
G1 X-16.404 Y-105.185 Z-2.600 F400.000
G1 X-16.407 Y-105.245 Z-2.600 F400.000
G1 X-16.410 Y-105.263 Z-2.600 F400.000
G1 X-16.415 Y-105.279 Z-2.600 F400.000
G1 X-16.438 Y-105.336 Z-2.600 F400.000
G1 X-20.325 Y-113.672 Z-2.600 F400.000
G1 X-20.430 Y-113.928 Z-2.600 F400.000
G1 X-20.537 Y-114.276 Z-2.600 F400.000
G1 X-20.606 Y-114.633 Z-2.600 F400.000
G1 X-20.635 Y-114.996 Z-2.600 F400.000
G1 X-20.637 Y-137.745 Z-2.600 F400.000
G1 X-20.624 Y-137.952 Z-2.600 F400.000
G1 X-20.590 Y-138.211 Z-2.600 F400.000
G1 X-20.483 Y-138.611 Z-2.600 F400.000
G1 X-20.383 Y-138.852 Z-2.600 F400.000
G1 X-20.175 Y-139.211 Z-2.600 F400.000
G1 X-20.017 Y-139.418 Z-2.600 F400.000
G1 X-19.724 Y-139.711 Z-2.600 F400.000
G1 X-19.516 Y-139.870 Z-2.600 F400.000
G1 X-19.158 Y-140.077 Z-2.600 F400.000
G1 X-18.916 Y-140.177 Z-2.600 F400.000
G1 X-18.516 Y-140.284 Z-2.600 F400.000
G1 X-18.257 Y-140.318 Z-2.600 F400.000
G1 X-18.050 Y-140.332 Z-2.600 F400.000
G1 X-16.645 Y-140.332 Z-2.600 F400.000
G1 X-16.536 Y-140.343 Z-2.600 F400.000
G1 X-16.507 Y-140.351 Z-2.600 F400.000
G1 X-16.481 Y-140.366 Z-2.600 F400.000
G1 X-16.457 Y-140.385 Z-2.600 F400.000
G1 X-16.438 Y-140.409 Z-2.600 F400.000
G1 X-16.424 Y-140.435 Z-2.600 F400.000
G1 X-16.415 Y-140.464 Z-2.600 F400.000
G1 X-16.404 Y-140.573 Z-2.600 F400.000
G1 X-16.404 Y-143.464 Z-2.600 F400.000
G1 X-16.407 Y-143.524 Z-2.600 F400.000
G1 X-16.410 Y-143.542 Z-2.600 F400.000
G1 X-16.415 Y-143.559 Z-2.600 F400.000
G1 X-16.438 Y-143.615 Z-2.600 F400.000
G1 X-20.325 Y-151.951 Z-2.600 F400.000
G1 X-20.430 Y-152.207 Z-2.600 F400.000
G1 X-20.537 Y-152.555 Z-2.600 F400.000
G1 X-20.606 Y-152.912 Z-2.600 F400.000
G1 X-20.635 Y-153.275 Z-2.600 F400.000
G1 X-20.637 Y-176.024 Z-2.600 F400.000
G1 X-20.624 Y-176.231 Z-2.600 F400.000
G1 X-20.590 Y-176.490 Z-2.600 F400.000
G1 X-20.483 Y-176.890 Z-2.600 F400.000
G1 X-20.383 Y-177.131 Z-2.600 F400.000
G1 X-20.175 Y-177.490 Z-2.600 F400.000
G1 X-20.017 Y-177.697 Z-2.600 F400.000
G1 X-19.724 Y-177.990 Z-2.600 F400.000
G1 X-19.516 Y-178.149 Z-2.600 F400.000
G1 X-19.158 Y-178.356 Z-2.600 F400.000
G1 X-18.916 Y-178.456 Z-2.600 F400.000
G1 X-18.516 Y-178.563 Z-2.600 F400.000
G1 X-18.257 Y-178.597 Z-2.600 F400.000
G1 X-18.050 Y-178.611 Z-2.600 F400.000
G1 X-16.645 Y-178.611 Z-2.600 F400.000
G1 X-16.536 Y-178.622 Z-2.600 F400.000
G1 X-16.507 Y-178.631 Z-2.600 F400.000
G1 X-16.481 Y-178.645 Z-2.600 F400.000
G1 X-16.457 Y-178.664 Z-2.600 F400.000
G1 X-16.438 Y-178.688 Z-2.600 F400.000
G1 X-16.424 Y-178.714 Z-2.600 F400.000
G1 X-16.415 Y-178.743 Z-2.600 F400.000
G1 X-16.404 Y-178.852 Z-2.600 F400.000
G1 X-16.404 Y-181.743 Z-2.600 F400.000
G1 X-16.407 Y-181.803 Z-2.600 F400.000
G1 X-16.410 Y-181.821 Z-2.600 F400.000
G1 X-16.415 Y-181.838 Z-2.600 F400.000
G1 X-16.438 Y-181.894 Z-2.600 F400.000
G1 X-20.325 Y-190.230 Z-2.600 F400.000
G1 X-20.430 Y-190.486 Z-2.600 F400.000
G1 X-20.537 Y-190.834 Z-2.600 F400.000
G1 X-20.606 Y-191.191 Z-2.600 F400.000
G1 X-20.635 Y-191.554 Z-2.600 F400.000
G1 X-20.637 Y-200.120 Z-2.600 F400.000
G1 X-20.596 Y-200.617 Z-2.600 F400.000
G1 X-20.536 Y-200.923 Z-2.600 F400.000
G1 X-20.436 Y-201.251 Z-2.600 F400.000
G1 X-20.317 Y-201.538 Z-2.600 F400.000
G1 X-20.155 Y-201.841 Z-2.600 F400.000
G1 X-19.982 Y-202.100 Z-2.600 F400.000
G1 X-19.765 Y-202.365 Z-2.600 F400.000
G1 X-19.545 Y-202.585 Z-2.600 F400.000
G1 X-19.279 Y-202.803 Z-2.600 F400.000
G1 X-19.021 Y-202.976 Z-2.600 F400.000
G1 X-18.718 Y-203.137 Z-2.600 F400.000
G1 X-18.431 Y-203.256 Z-2.600 F400.000
G1 X-18.102 Y-203.356 Z-2.600 F400.000
G1 X-17.797 Y-203.417 Z-2.600 F400.000
G1 X-17.456 Y-203.450 Z-2.600 F400.000
G1 X-14.530 Y-203.458 Z-2.600 F400.000
G1 X-14.420 Y-203.469 Z-2.600 F400.000
G1 X-14.391 Y-203.477 Z-2.600 F400.000
G1 X-14.364 Y-203.492 Z-2.600 F400.000
G1 X-14.341 Y-203.511 Z-2.600 F400.000
G1 X-14.321 Y-203.534 Z-2.600 F400.000
G1 X-14.307 Y-203.561 Z-2.600 F400.000
G1 X-14.298 Y-203.590 Z-2.600 F400.000
G1 X-14.287 Y-203.698 Z-2.600 F400.000
G1 X-14.288 Y-205.405 Z-2.600 F400.000
G1 X-14.298 Y-205.513 Z-2.600 F400.000
G1 X-14.307 Y-205.542 Z-2.600 F400.000
G1 X-14.321 Y-205.569 Z-2.600 F400.000
G1 X-14.341 Y-205.592 Z-2.600 F400.000
G1 X-14.364 Y-205.612 Z-2.600 F400.000
G1 X-14.391 Y-205.626 Z-2.600 F400.000
G1 X-14.420 Y-205.635 Z-2.600 F400.000
G1 X-14.528 Y-205.645 Z-2.600 F400.000
G1 X-17.300 Y-205.645 Z-2.600 F400.000
G1 X-17.797 Y-205.687 Z-2.600 F400.000
G1 X-18.102 Y-205.747 Z-2.600 F400.000
G1 X-18.431 Y-205.847 Z-2.600 F400.000
G1 X-18.718 Y-205.966 Z-2.600 F400.000
G1 X-19.021 Y-206.128 Z-2.600 F400.000
G1 X-19.279 Y-206.301 Z-2.600 F400.000
G1 X-19.545 Y-206.518 Z-2.600 F400.000
G1 X-19.765 Y-206.738 Z-2.600 F400.000
G1 X-19.982 Y-207.004 Z-2.600 F400.000
G1 X-20.155 Y-207.262 Z-2.600 F400.000
G1 X-20.317 Y-207.565 Z-2.600 F400.000
G1 X-20.436 Y-207.852 Z-2.600 F400.000
G1 X-20.536 Y-208.181 Z-2.600 F400.000
G1 X-20.596 Y-208.486 Z-2.600 F400.000
G1 X-20.630 Y-208.827 Z-2.600 F400.000
G1 X-20.637 Y-227.500 Z-2.600 F400.000
G0 Z5.000
G0 X-20.637 Y-2.500
G0 Z3.000
G1 X-20.637 Y-2.500 Z-2.800 F250.000
G1 X-20.637 Y-22.908 Z-2.800 F400.000
G1 X-20.624 Y-23.115 Z-2.800 F400.000
G1 X-20.590 Y-23.374 Z-2.800 F400.000
G1 X-20.483 Y-23.774 Z-2.800 F400.000
G1 X-20.383 Y-24.015 Z-2.800 F400.000
G1 X-20.175 Y-24.374 Z-2.800 F400.000
G1 X-20.017 Y-24.581 Z-2.800 F400.000
G1 X-19.724 Y-24.874 Z-2.800 F400.000
G1 X-19.516 Y-25.033 Z-2.800 F400.000
G1 X-19.158 Y-25.240 Z-2.800 F400.000
G1 X-18.916 Y-25.340 Z-2.800 F400.000
G1 X-18.516 Y-25.447 Z-2.800 F400.000
G1 X-18.257 Y-25.481 Z-2.800 F400.000
G1 X-18.050 Y-25.495 Z-2.800 F400.000
G1 X-16.645 Y-25.495 Z-2.800 F400.000
G1 X-16.536 Y-25.506 Z-2.800 F400.000
G1 X-16.507 Y-25.514 Z-2.800 F400.000
G1 X-16.481 Y-25.529 Z-2.800 F400.000
G1 X-16.457 Y-25.548 Z-2.800 F400.000
G1 X-16.438 Y-25.571 Z-2.800 F400.000
G1 X-16.424 Y-25.598 Z-2.800 F400.000
G1 X-16.415 Y-25.627 Z-2.800 F400.000
G1 X-16.404 Y-25.735 Z-2.800 F400.000
G1 X-16.404 Y-28.627 Z-2.800 F400.000
G1 X-16.407 Y-28.687 Z-2.800 F400.000
G1 X-16.410 Y-28.705 Z-2.800 F400.000
G1 X-16.415 Y-28.721 Z-2.800 F400.000
G1 X-16.438 Y-28.778 Z-2.800 F400.000
G1 X-20.325 Y-37.114 Z-2.800 F400.000
G1 X-20.430 Y-37.370 Z-2.800 F400.000
G1 X-20.537 Y-37.718 Z-2.800 F400.000
G1 X-20.606 Y-38.075 Z-2.800 F400.000
G1 X-20.635 Y-38.438 Z-2.800 F400.000
G1 X-20.637 Y-61.187 Z-2.800 F400.000
G1 X-20.624 Y-61.394 Z-2.800 F400.000
G1 X-20.590 Y-61.653 Z-2.800 F400.000
G1 X-20.483 Y-62.053 Z-2.800 F400.000
G1 X-20.383 Y-62.294 Z-2.800 F400.000
G1 X-20.175 Y-62.653 Z-2.800 F400.000
G1 X-20.017 Y-62.860 Z-2.800 F400.000
G1 X-19.724 Y-63.153 Z-2.800 F400.000
G1 X-19.516 Y-63.312 Z-2.800 F400.000
G1 X-19.158 Y-63.519 Z-2.800 F400.000
G1 X-18.916 Y-63.619 Z-2.800 F400.000
G1 X-18.516 Y-63.726 Z-2.800 F400.000
G1 X-18.257 Y-63.760 Z-2.800 F400.000
G1 X-18.050 Y-63.774 Z-2.800 F400.000
G1 X-16.645 Y-63.774 Z-2.800 F400.000
G1 X-16.536 Y-63.785 Z-2.800 F400.000
G1 X-16.507 Y-63.793 Z-2.800 F400.000
G1 X-16.481 Y-63.808 Z-2.800 F400.000
G1 X-16.457 Y-63.827 Z-2.800 F400.000
G1 X-16.438 Y-63.850 Z-2.800 F400.000
G1 X-16.424 Y-63.877 Z-2.800 F400.000
G1 X-16.415 Y-63.906 Z-2.800 F400.000
G1 X-16.404 Y-64.014 Z-2.800 F400.000
G1 X-16.404 Y-66.906 Z-2.800 F400.000
G1 X-16.407 Y-66.966 Z-2.800 F400.000
G1 X-16.410 Y-66.984 Z-2.800 F400.000
G1 X-16.415 Y-67.000 Z-2.800 F400.000
G1 X-16.438 Y-67.057 Z-2.800 F400.000
G1 X-20.325 Y-75.393 Z-2.800 F400.000
G1 X-20.430 Y-75.649 Z-2.800 F400.000
G1 X-20.537 Y-75.997 Z-2.800 F400.000
G1 X-20.606 Y-76.354 Z-2.800 F400.000
G1 X-20.635 Y-76.717 Z-2.800 F400.000
G1 X-20.637 Y-99.466 Z-2.800 F400.000
G1 X-20.624 Y-99.673 Z-2.800 F400.000
G1 X-20.590 Y-99.932 Z-2.800 F400.000
G1 X-20.483 Y-100.332 Z-2.800 F400.000
G1 X-20.383 Y-100.573 Z-2.800 F400.000
G1 X-20.175 Y-100.932 Z-2.800 F400.000
G1 X-20.017 Y-101.139 Z-2.800 F400.000
G1 X-19.724 Y-101.432 Z-2.800 F400.000
G1 X-19.516 Y-101.591 Z-2.800 F400.000
G1 X-19.158 Y-101.798 Z-2.800 F400.000
G1 X-18.916 Y-101.898 Z-2.800 F400.000
G1 X-18.516 Y-102.005 Z-2.800 F400.000
G1 X-18.257 Y-102.039 Z-2.800 F400.000
G1 X-18.050 Y-102.053 Z-2.800 F400.000
G1 X-16.645 Y-102.053 Z-2.800 F400.000
G1 X-16.536 Y-102.064 Z-2.800 F400.000
G1 X-16.507 Y-102.072 Z-2.800 F400.000
G1 X-16.481 Y-102.087 Z-2.800 F400.000
G1 X-16.457 Y-102.106 Z-2.800 F400.000
G1 X-16.438 Y-102.130 Z-2.800 F400.000
G1 X-16.424 Y-102.156 Z-2.800 F400.000
G1 X-16.415 Y-102.185 Z-2.800 F400.000
G1 X-16.404 Y-102.294 Z-2.800 F400.000
G1 X-16.404 Y-105.185 Z-2.800 F400.000
G1 X-16.407 Y-105.245 Z-2.800 F400.000
G1 X-16.410 Y-105.263 Z-2.800 F400.000
G1 X-16.415 Y-105.279 Z-2.800 F400.000
G1 X-16.438 Y-105.336 Z-2.800 F400.000
G1 X-20.325 Y-113.672 Z-2.800 F400.000
G1 X-20.430 Y-113.928 Z-2.800 F400.000
G1 X-20.537 Y-114.276 Z-2.800 F400.000
G1 X-20.606 Y-114.633 Z-2.800 F400.000
G1 X-20.635 Y-114.996 Z-2.800 F400.000
G1 X-20.637 Y-137.745 Z-2.800 F400.000
G1 X-20.624 Y-137.952 Z-2.800 F400.000
G1 X-20.590 Y-138.211 Z-2.800 F400.000
G1 X-20.483 Y-138.611 Z-2.800 F400.000
G1 X-20.383 Y-138.852 Z-2.800 F400.000
G1 X-20.175 Y-139.211 Z-2.800 F400.000
G1 X-20.017 Y-139.418 Z-2.800 F400.000
G1 X-19.724 Y-139.711 Z-2.800 F400.000
G1 X-19.516 Y-139.870 Z-2.800 F400.000
G1 X-19.158 Y-140.077 Z-2.800 F400.000
G1 X-18.916 Y-140.177 Z-2.800 F400.000
G1 X-18.516 Y-140.284 Z-2.800 F400.000
G1 X-18.257 Y-140.318 Z-2.800 F400.000
G1 X-18.050 Y-140.332 Z-2.800 F400.000
G1 X-16.645 Y-140.332 Z-2.800 F400.000
G1 X-16.536 Y-140.343 Z-2.800 F400.000
G1 X-16.507 Y-140.351 Z-2.800 F400.000
G1 X-16.481 Y-140.366 Z-2.800 F400.000
G1 X-16.457 Y-140.385 Z-2.800 F400.000
G1 X-16.438 Y-140.409 Z-2.800 F400.000
G1 X-16.424 Y-140.435 Z-2.800 F400.000
G1 X-16.415 Y-140.464 Z-2.800 F400.000
G1 X-16.404 Y-140.573 Z-2.800 F400.000
G1 X-16.404 Y-143.464 Z-2.800 F400.000
G1 X-16.407 Y-143.524 Z-2.800 F400.000
G1 X-16.410 Y-143.542 Z-2.800 F400.000
G1 X-16.415 Y-143.559 Z-2.800 F400.000
G1 X-16.438 Y-143.615 Z-2.800 F400.000
G1 X-20.325 Y-151.951 Z-2.800 F400.000
G1 X-20.430 Y-152.207 Z-2.800 F400.000
G1 X-20.537 Y-152.555 Z-2.800 F400.000
G1 X-20.606 Y-152.912 Z-2.800 F400.000
G1 X-20.635 Y-153.275 Z-2.800 F400.000
G1 X-20.637 Y-176.024 Z-2.800 F400.000
G1 X-20.624 Y-176.231 Z-2.800 F400.000
G1 X-20.590 Y-176.490 Z-2.800 F400.000
G1 X-20.483 Y-176.890 Z-2.800 F400.000
G1 X-20.383 Y-177.131 Z-2.800 F400.000
G1 X-20.175 Y-177.490 Z-2.800 F400.000
G1 X-20.017 Y-177.697 Z-2.800 F400.000
G1 X-19.724 Y-177.990 Z-2.800 F400.000
G1 X-19.516 Y-178.149 Z-2.800 F400.000
G1 X-19.158 Y-178.356 Z-2.800 F400.000
G1 X-18.916 Y-178.456 Z-2.800 F400.000
G1 X-18.516 Y-178.563 Z-2.800 F400.000
G1 X-18.257 Y-178.597 Z-2.800 F400.000
G1 X-18.050 Y-178.611 Z-2.800 F400.000
G1 X-16.645 Y-178.611 Z-2.800 F400.000
G1 X-16.536 Y-178.622 Z-2.800 F400.000
G1 X-16.507 Y-178.631 Z-2.800 F400.000
G1 X-16.481 Y-178.645 Z-2.800 F400.000
G1 X-16.457 Y-178.664 Z-2.800 F400.000
G1 X-16.438 Y-178.688 Z-2.800 F400.000
G1 X-16.424 Y-178.714 Z-2.800 F400.000
G1 X-16.415 Y-178.743 Z-2.800 F400.000
G1 X-16.404 Y-178.852 Z-2.800 F400.000
G1 X-16.404 Y-181.743 Z-2.800 F400.000
G1 X-16.407 Y-181.803 Z-2.800 F400.000
G1 X-16.410 Y-181.821 Z-2.800 F400.000
G1 X-16.415 Y-181.838 Z-2.800 F400.000
G1 X-16.438 Y-181.894 Z-2.800 F400.000
G1 X-20.325 Y-190.230 Z-2.800 F400.000
G1 X-20.430 Y-190.486 Z-2.800 F400.000
G1 X-20.537 Y-190.834 Z-2.800 F400.000
G1 X-20.606 Y-191.191 Z-2.800 F400.000
G1 X-20.635 Y-191.554 Z-2.800 F400.000
G1 X-20.637 Y-200.120 Z-2.800 F400.000
G1 X-20.596 Y-200.617 Z-2.800 F400.000
G1 X-20.536 Y-200.923 Z-2.800 F400.000
G1 X-20.436 Y-201.251 Z-2.800 F400.000
G1 X-20.317 Y-201.538 Z-2.800 F400.000
G1 X-20.155 Y-201.841 Z-2.800 F400.000
G1 X-19.982 Y-202.100 Z-2.800 F400.000
G1 X-19.765 Y-202.365 Z-2.800 F400.000
G1 X-19.545 Y-202.585 Z-2.800 F400.000
G1 X-19.279 Y-202.803 Z-2.800 F400.000
G1 X-19.021 Y-202.976 Z-2.800 F400.000
G1 X-18.718 Y-203.137 Z-2.800 F400.000
G1 X-18.431 Y-203.256 Z-2.800 F400.000
G1 X-18.102 Y-203.356 Z-2.800 F400.000
G1 X-17.797 Y-203.417 Z-2.800 F400.000
G1 X-17.456 Y-203.450 Z-2.800 F400.000
G1 X-14.530 Y-203.458 Z-2.800 F400.000
G1 X-14.420 Y-203.469 Z-2.800 F400.000
G1 X-14.391 Y-203.477 Z-2.800 F400.000
G1 X-14.364 Y-203.492 Z-2.800 F400.000
G1 X-14.341 Y-203.511 Z-2.800 F400.000
G1 X-14.321 Y-203.534 Z-2.800 F400.000
G1 X-14.307 Y-203.561 Z-2.800 F400.000
G1 X-14.298 Y-203.590 Z-2.800 F400.000
G1 X-14.287 Y-203.698 Z-2.800 F400.000
G1 X-14.288 Y-205.405 Z-2.800 F400.000
G1 X-14.298 Y-205.513 Z-2.800 F400.000
G1 X-14.307 Y-205.542 Z-2.800 F400.000
G1 X-14.321 Y-205.569 Z-2.800 F400.000
G1 X-14.341 Y-205.592 Z-2.800 F400.000
G1 X-14.364 Y-205.612 Z-2.800 F400.000
G1 X-14.391 Y-205.626 Z-2.800 F400.000
G1 X-14.420 Y-205.635 Z-2.800 F400.000
G1 X-14.528 Y-205.645 Z-2.800 F400.000
G1 X-17.300 Y-205.645 Z-2.800 F400.000
G1 X-17.797 Y-205.687 Z-2.800 F400.000
G1 X-18.102 Y-205.747 Z-2.800 F400.000
G1 X-18.431 Y-205.847 Z-2.800 F400.000
G1 X-18.718 Y-205.966 Z-2.800 F400.000
G1 X-19.021 Y-206.128 Z-2.800 F400.000
G1 X-19.279 Y-206.301 Z-2.800 F400.000
G1 X-19.545 Y-206.518 Z-2.800 F400.000
G1 X-19.765 Y-206.738 Z-2.800 F400.000
G1 X-19.982 Y-207.004 Z-2.800 F400.000
G1 X-20.155 Y-207.262 Z-2.800 F400.000
G1 X-20.317 Y-207.565 Z-2.800 F400.000
G1 X-20.436 Y-207.852 Z-2.800 F400.000
G1 X-20.536 Y-208.181 Z-2.800 F400.000
G1 X-20.596 Y-208.486 Z-2.800 F400.000
G1 X-20.630 Y-208.827 Z-2.800 F400.000
G1 X-20.637 Y-227.500 Z-2.800 F400.000
G0 Z5.000
G0 X-20.637 Y-2.500
G0 Z3.000
G1 X-20.637 Y-2.500 Z-3.000 F250.000
G1 X-20.637 Y-22.908 Z-3.000 F400.000
G1 X-20.624 Y-23.115 Z-3.000 F400.000
G1 X-20.590 Y-23.374 Z-3.000 F400.000
G1 X-20.483 Y-23.774 Z-3.000 F400.000
G1 X-20.383 Y-24.015 Z-3.000 F400.000
G1 X-20.175 Y-24.374 Z-3.000 F400.000
G1 X-20.017 Y-24.581 Z-3.000 F400.000
G1 X-19.724 Y-24.874 Z-3.000 F400.000
G1 X-19.516 Y-25.033 Z-3.000 F400.000
G1 X-19.158 Y-25.240 Z-3.000 F400.000
G1 X-18.916 Y-25.340 Z-3.000 F400.000
G1 X-18.516 Y-25.447 Z-3.000 F400.000
G1 X-18.257 Y-25.481 Z-3.000 F400.000
G1 X-18.050 Y-25.495 Z-3.000 F400.000
G1 X-16.645 Y-25.495 Z-3.000 F400.000
G1 X-16.536 Y-25.506 Z-3.000 F400.000
G1 X-16.507 Y-25.514 Z-3.000 F400.000
G1 X-16.481 Y-25.529 Z-3.000 F400.000
G1 X-16.457 Y-25.548 Z-3.000 F400.000
G1 X-16.438 Y-25.571 Z-3.000 F400.000
G1 X-16.424 Y-25.598 Z-3.000 F400.000
G1 X-16.415 Y-25.627 Z-3.000 F400.000
G1 X-16.404 Y-25.735 Z-3.000 F400.000
G1 X-16.404 Y-28.627 Z-3.000 F400.000
G1 X-16.407 Y-28.687 Z-3.000 F400.000
G1 X-16.410 Y-28.705 Z-3.000 F400.000
G1 X-16.415 Y-28.721 Z-3.000 F400.000
G1 X-16.438 Y-28.778 Z-3.000 F400.000
G1 X-20.325 Y-37.114 Z-3.000 F400.000
G1 X-20.430 Y-37.370 Z-3.000 F400.000
G1 X-20.537 Y-37.718 Z-3.000 F400.000
G1 X-20.606 Y-38.075 Z-3.000 F400.000
G1 X-20.635 Y-38.438 Z-3.000 F400.000
G1 X-20.637 Y-61.187 Z-3.000 F400.000
G1 X-20.624 Y-61.394 Z-3.000 F400.000
G1 X-20.590 Y-61.653 Z-3.000 F400.000
G1 X-20.483 Y-62.053 Z-3.000 F400.000
G1 X-20.383 Y-62.294 Z-3.000 F400.000
G1 X-20.175 Y-62.653 Z-3.000 F400.000
G1 X-20.017 Y-62.860 Z-3.000 F400.000
G1 X-19.724 Y-63.153 Z-3.000 F400.000
G1 X-19.516 Y-63.312 Z-3.000 F400.000
G1 X-19.158 Y-63.519 Z-3.000 F400.000
G1 X-18.916 Y-63.619 Z-3.000 F400.000
G1 X-18.516 Y-63.726 Z-3.000 F400.000
G1 X-18.257 Y-63.760 Z-3.000 F400.000
G1 X-18.050 Y-63.774 Z-3.000 F400.000
G1 X-16.645 Y-63.774 Z-3.000 F400.000
G1 X-16.536 Y-63.785 Z-3.000 F400.000
G1 X-16.507 Y-63.793 Z-3.000 F400.000
G1 X-16.481 Y-63.808 Z-3.000 F400.000
G1 X-16.457 Y-63.827 Z-3.000 F400.000
G1 X-16.438 Y-63.850 Z-3.000 F400.000
G1 X-16.424 Y-63.877 Z-3.000 F400.000
G1 X-16.415 Y-63.906 Z-3.000 F400.000
G1 X-16.404 Y-64.014 Z-3.000 F400.000
G1 X-16.404 Y-66.906 Z-3.000 F400.000
G1 X-16.407 Y-66.966 Z-3.000 F400.000
G1 X-16.410 Y-66.984 Z-3.000 F400.000
G1 X-16.415 Y-67.000 Z-3.000 F400.000
G1 X-16.438 Y-67.057 Z-3.000 F400.000
G1 X-20.325 Y-75.393 Z-3.000 F400.000
G1 X-20.430 Y-75.649 Z-3.000 F400.000
G1 X-20.537 Y-75.997 Z-3.000 F400.000
G1 X-20.606 Y-76.354 Z-3.000 F400.000
G1 X-20.635 Y-76.717 Z-3.000 F400.000
G1 X-20.637 Y-99.466 Z-3.000 F400.000
G1 X-20.624 Y-99.673 Z-3.000 F400.000
G1 X-20.590 Y-99.932 Z-3.000 F400.000
G1 X-20.483 Y-100.332 Z-3.000 F400.000
G1 X-20.383 Y-100.573 Z-3.000 F400.000
G1 X-20.175 Y-100.932 Z-3.000 F400.000
G1 X-20.017 Y-101.139 Z-3.000 F400.000
G1 X-19.724 Y-101.432 Z-3.000 F400.000
G1 X-19.516 Y-101.591 Z-3.000 F400.000
G1 X-19.158 Y-101.798 Z-3.000 F400.000
G1 X-18.916 Y-101.898 Z-3.000 F400.000
G1 X-18.516 Y-102.005 Z-3.000 F400.000
G1 X-18.257 Y-102.039 Z-3.000 F400.000
G1 X-18.050 Y-102.053 Z-3.000 F400.000
G1 X-16.645 Y-102.053 Z-3.000 F400.000
G1 X-16.536 Y-102.064 Z-3.000 F400.000
G1 X-16.507 Y-102.072 Z-3.000 F400.000
G1 X-16.481 Y-102.087 Z-3.000 F400.000
G1 X-16.457 Y-102.106 Z-3.000 F400.000
G1 X-16.438 Y-102.130 Z-3.000 F400.000
G1 X-16.424 Y-102.156 Z-3.000 F400.000
G1 X-16.415 Y-102.185 Z-3.000 F400.000
G1 X-16.404 Y-102.294 Z-3.000 F400.000
G1 X-16.404 Y-105.185 Z-3.000 F400.000
G1 X-16.407 Y-105.245 Z-3.000 F400.000
G1 X-16.410 Y-105.263 Z-3.000 F400.000
G1 X-16.415 Y-105.279 Z-3.000 F400.000
G1 X-16.438 Y-105.336 Z-3.000 F400.000
G1 X-20.325 Y-113.672 Z-3.000 F400.000
G1 X-20.430 Y-113.928 Z-3.000 F400.000
G1 X-20.537 Y-114.276 Z-3.000 F400.000
G1 X-20.606 Y-114.633 Z-3.000 F400.000
G1 X-20.635 Y-114.996 Z-3.000 F400.000
G1 X-20.637 Y-137.745 Z-3.000 F400.000
G1 X-20.624 Y-137.952 Z-3.000 F400.000
G1 X-20.590 Y-138.211 Z-3.000 F400.000
G1 X-20.483 Y-138.611 Z-3.000 F400.000
G1 X-20.383 Y-138.852 Z-3.000 F400.000
G1 X-20.175 Y-139.211 Z-3.000 F400.000
G1 X-20.017 Y-139.418 Z-3.000 F400.000
G1 X-19.724 Y-139.711 Z-3.000 F400.000
G1 X-19.516 Y-139.870 Z-3.000 F400.000
G1 X-19.158 Y-140.077 Z-3.000 F400.000
G1 X-18.916 Y-140.177 Z-3.000 F400.000
G1 X-18.516 Y-140.284 Z-3.000 F400.000
G1 X-18.257 Y-140.318 Z-3.000 F400.000
G1 X-18.050 Y-140.332 Z-3.000 F400.000
G1 X-16.645 Y-140.332 Z-3.000 F400.000
G1 X-16.536 Y-140.343 Z-3.000 F400.000
G1 X-16.507 Y-140.351 Z-3.000 F400.000
G1 X-16.481 Y-140.366 Z-3.000 F400.000
G1 X-16.457 Y-140.385 Z-3.000 F400.000
G1 X-16.438 Y-140.409 Z-3.000 F400.000
G1 X-16.424 Y-140.435 Z-3.000 F400.000
G1 X-16.415 Y-140.464 Z-3.000 F400.000
G1 X-16.404 Y-140.573 Z-3.000 F400.000
G1 X-16.404 Y-143.464 Z-3.000 F400.000
G1 X-16.407 Y-143.524 Z-3.000 F400.000
G1 X-16.410 Y-143.542 Z-3.000 F400.000
G1 X-16.415 Y-143.559 Z-3.000 F400.000
G1 X-16.438 Y-143.615 Z-3.000 F400.000
G1 X-20.325 Y-151.951 Z-3.000 F400.000
G1 X-20.430 Y-152.207 Z-3.000 F400.000
G1 X-20.537 Y-152.555 Z-3.000 F400.000
G1 X-20.606 Y-152.912 Z-3.000 F400.000
G1 X-20.635 Y-153.275 Z-3.000 F400.000
G1 X-20.637 Y-176.024 Z-3.000 F400.000
G1 X-20.624 Y-176.231 Z-3.000 F400.000
G1 X-20.590 Y-176.490 Z-3.000 F400.000
G1 X-20.483 Y-176.890 Z-3.000 F400.000
G1 X-20.383 Y-177.131 Z-3.000 F400.000
G1 X-20.175 Y-177.490 Z-3.000 F400.000
G1 X-20.017 Y-177.697 Z-3.000 F400.000
G1 X-19.724 Y-177.990 Z-3.000 F400.000
G1 X-19.516 Y-178.149 Z-3.000 F400.000
G1 X-19.158 Y-178.356 Z-3.000 F400.000
G1 X-18.916 Y-178.456 Z-3.000 F400.000
G1 X-18.516 Y-178.563 Z-3.000 F400.000
G1 X-18.257 Y-178.597 Z-3.000 F400.000
G1 X-18.050 Y-178.611 Z-3.000 F400.000
G1 X-16.645 Y-178.611 Z-3.000 F400.000
G1 X-16.536 Y-178.622 Z-3.000 F400.000
G1 X-16.507 Y-178.631 Z-3.000 F400.000
G1 X-16.481 Y-178.645 Z-3.000 F400.000
G1 X-16.457 Y-178.664 Z-3.000 F400.000
G1 X-16.438 Y-178.688 Z-3.000 F400.000
G1 X-16.424 Y-178.714 Z-3.000 F400.000
G1 X-16.415 Y-178.743 Z-3.000 F400.000
G1 X-16.404 Y-178.852 Z-3.000 F400.000
G1 X-16.404 Y-181.743 Z-3.000 F400.000
G1 X-16.407 Y-181.803 Z-3.000 F400.000
G1 X-16.410 Y-181.821 Z-3.000 F400.000
G1 X-16.415 Y-181.838 Z-3.000 F400.000
G1 X-16.438 Y-181.894 Z-3.000 F400.000
G1 X-20.325 Y-190.230 Z-3.000 F400.000
G1 X-20.430 Y-190.486 Z-3.000 F400.000
G1 X-20.537 Y-190.834 Z-3.000 F400.000
G1 X-20.606 Y-191.191 Z-3.000 F400.000
G1 X-20.635 Y-191.554 Z-3.000 F400.000
G1 X-20.637 Y-200.120 Z-3.000 F400.000
G1 X-20.596 Y-200.617 Z-3.000 F400.000
G1 X-20.536 Y-200.923 Z-3.000 F400.000
G1 X-20.436 Y-201.251 Z-3.000 F400.000
G1 X-20.317 Y-201.538 Z-3.000 F400.000
G1 X-20.155 Y-201.841 Z-3.000 F400.000
G1 X-19.982 Y-202.100 Z-3.000 F400.000
G1 X-19.765 Y-202.365 Z-3.000 F400.000
G1 X-19.545 Y-202.585 Z-3.000 F400.000
G1 X-19.279 Y-202.803 Z-3.000 F400.000
G1 X-19.021 Y-202.976 Z-3.000 F400.000
G1 X-18.718 Y-203.137 Z-3.000 F400.000
G1 X-18.431 Y-203.256 Z-3.000 F400.000
G1 X-18.102 Y-203.356 Z-3.000 F400.000
G1 X-17.797 Y-203.417 Z-3.000 F400.000
G1 X-17.456 Y-203.450 Z-3.000 F400.000
G1 X-14.530 Y-203.458 Z-3.000 F400.000
G1 X-14.420 Y-203.469 Z-3.000 F400.000
G1 X-14.391 Y-203.477 Z-3.000 F400.000
G1 X-14.364 Y-203.492 Z-3.000 F400.000
G1 X-14.341 Y-203.511 Z-3.000 F400.000
G1 X-14.321 Y-203.534 Z-3.000 F400.000
G1 X-14.307 Y-203.561 Z-3.000 F400.000
G1 X-14.298 Y-203.590 Z-3.000 F400.000
G1 X-14.287 Y-203.698 Z-3.000 F400.000
G1 X-14.288 Y-205.405 Z-3.000 F400.000
G1 X-14.298 Y-205.513 Z-3.000 F400.000
G1 X-14.307 Y-205.542 Z-3.000 F400.000
G1 X-14.321 Y-205.569 Z-3.000 F400.000
G1 X-14.341 Y-205.592 Z-3.000 F400.000
G1 X-14.364 Y-205.612 Z-3.000 F400.000
G1 X-14.391 Y-205.626 Z-3.000 F400.000
G1 X-14.420 Y-205.635 Z-3.000 F400.000
G1 X-14.528 Y-205.645 Z-3.000 F400.000
G1 X-17.300 Y-205.645 Z-3.000 F400.000
G1 X-17.797 Y-205.687 Z-3.000 F400.000
G1 X-18.102 Y-205.747 Z-3.000 F400.000
G1 X-18.431 Y-205.847 Z-3.000 F400.000
G1 X-18.718 Y-205.966 Z-3.000 F400.000
G1 X-19.021 Y-206.128 Z-3.000 F400.000
G1 X-19.279 Y-206.301 Z-3.000 F400.000
G1 X-19.545 Y-206.518 Z-3.000 F400.000
G1 X-19.765 Y-206.738 Z-3.000 F400.000
G1 X-19.982 Y-207.004 Z-3.000 F400.000
G1 X-20.155 Y-207.262 Z-3.000 F400.000
G1 X-20.317 Y-207.565 Z-3.000 F400.000
G1 X-20.436 Y-207.852 Z-3.000 F400.000
G1 X-20.536 Y-208.181 Z-3.000 F400.000
G1 X-20.596 Y-208.486 Z-3.000 F400.000
G1 X-20.630 Y-208.827 Z-3.000 F400.000
G1 X-20.637 Y-227.500 Z-3.000 F400.000
G0 Z5.000
G0 X-20.637 Y-2.500
G0 Z3.000
G1 X-20.637 Y-2.500 Z-3.200 F250.000
G1 X-20.637 Y-22.908 Z-3.200 F400.000
G1 X-20.624 Y-23.115 Z-3.200 F400.000
G1 X-20.590 Y-23.374 Z-3.200 F400.000
G1 X-20.483 Y-23.774 Z-3.200 F400.000
G1 X-20.383 Y-24.015 Z-3.200 F400.000
G1 X-20.175 Y-24.374 Z-3.200 F400.000
G1 X-20.017 Y-24.581 Z-3.200 F400.000
G1 X-19.724 Y-24.874 Z-3.200 F400.000
G1 X-19.516 Y-25.033 Z-3.200 F400.000
G1 X-19.158 Y-25.240 Z-3.200 F400.000
G1 X-18.916 Y-25.340 Z-3.200 F400.000
G1 X-18.516 Y-25.447 Z-3.200 F400.000
G1 X-18.257 Y-25.481 Z-3.200 F400.000
G1 X-18.050 Y-25.495 Z-3.200 F400.000
G1 X-16.645 Y-25.495 Z-3.200 F400.000
G1 X-16.536 Y-25.506 Z-3.200 F400.000
G1 X-16.507 Y-25.514 Z-3.200 F400.000
G1 X-16.481 Y-25.529 Z-3.200 F400.000
G1 X-16.457 Y-25.548 Z-3.200 F400.000
G1 X-16.438 Y-25.571 Z-3.200 F400.000
G1 X-16.424 Y-25.598 Z-3.200 F400.000
G1 X-16.415 Y-25.627 Z-3.200 F400.000
G1 X-16.404 Y-25.735 Z-3.200 F400.000
G1 X-16.404 Y-28.627 Z-3.200 F400.000
G1 X-16.407 Y-28.687 Z-3.200 F400.000
G1 X-16.410 Y-28.705 Z-3.200 F400.000
G1 X-16.415 Y-28.721 Z-3.200 F400.000
G1 X-16.438 Y-28.778 Z-3.200 F400.000
G1 X-20.325 Y-37.114 Z-3.200 F400.000
G1 X-20.430 Y-37.370 Z-3.200 F400.000
G1 X-20.537 Y-37.718 Z-3.200 F400.000
G1 X-20.606 Y-38.075 Z-3.200 F400.000
G1 X-20.635 Y-38.438 Z-3.200 F400.000
G1 X-20.637 Y-61.187 Z-3.200 F400.000
G1 X-20.624 Y-61.394 Z-3.200 F400.000
G1 X-20.590 Y-61.653 Z-3.200 F400.000
G1 X-20.483 Y-62.053 Z-3.200 F400.000
G1 X-20.383 Y-62.294 Z-3.200 F400.000
G1 X-20.175 Y-62.653 Z-3.200 F400.000
G1 X-20.017 Y-62.860 Z-3.200 F400.000
G1 X-19.724 Y-63.153 Z-3.200 F400.000
G1 X-19.516 Y-63.312 Z-3.200 F400.000
G1 X-19.158 Y-63.519 Z-3.200 F400.000
G1 X-18.916 Y-63.619 Z-3.200 F400.000
G1 X-18.516 Y-63.726 Z-3.200 F400.000
G1 X-18.257 Y-63.760 Z-3.200 F400.000
G1 X-18.050 Y-63.774 Z-3.200 F400.000
G1 X-16.645 Y-63.774 Z-3.200 F400.000
G1 X-16.536 Y-63.785 Z-3.200 F400.000
G1 X-16.507 Y-63.793 Z-3.200 F400.000
G1 X-16.481 Y-63.808 Z-3.200 F400.000
G1 X-16.457 Y-63.827 Z-3.200 F400.000
G1 X-16.438 Y-63.850 Z-3.200 F400.000
G1 X-16.424 Y-63.877 Z-3.200 F400.000
G1 X-16.415 Y-63.906 Z-3.200 F400.000
G1 X-16.404 Y-64.014 Z-3.200 F400.000
G1 X-16.404 Y-66.906 Z-3.200 F400.000
G1 X-16.407 Y-66.966 Z-3.200 F400.000
G1 X-16.410 Y-66.984 Z-3.200 F400.000
G1 X-16.415 Y-67.000 Z-3.200 F400.000
G1 X-16.438 Y-67.057 Z-3.200 F400.000
G1 X-20.325 Y-75.393 Z-3.200 F400.000
G1 X-20.430 Y-75.649 Z-3.200 F400.000
G1 X-20.537 Y-75.997 Z-3.200 F400.000
G1 X-20.606 Y-76.354 Z-3.200 F400.000
G1 X-20.635 Y-76.717 Z-3.200 F400.000
G1 X-20.637 Y-99.466 Z-3.200 F400.000
G1 X-20.624 Y-99.673 Z-3.200 F400.000
G1 X-20.590 Y-99.932 Z-3.200 F400.000
G1 X-20.483 Y-100.332 Z-3.200 F400.000
G1 X-20.383 Y-100.573 Z-3.200 F400.000
G1 X-20.175 Y-100.932 Z-3.200 F400.000
G1 X-20.017 Y-101.139 Z-3.200 F400.000
G1 X-19.724 Y-101.432 Z-3.200 F400.000
G1 X-19.516 Y-101.591 Z-3.200 F400.000
G1 X-19.158 Y-101.798 Z-3.200 F400.000
G1 X-18.916 Y-101.898 Z-3.200 F400.000
G1 X-18.516 Y-102.005 Z-3.200 F400.000
G1 X-18.257 Y-102.039 Z-3.200 F400.000
G1 X-18.050 Y-102.053 Z-3.200 F400.000
G1 X-16.645 Y-102.053 Z-3.200 F400.000
G1 X-16.536 Y-102.064 Z-3.200 F400.000
G1 X-16.507 Y-102.072 Z-3.200 F400.000
G1 X-16.481 Y-102.087 Z-3.200 F400.000
G1 X-16.457 Y-102.106 Z-3.200 F400.000
G1 X-16.438 Y-102.130 Z-3.200 F400.000
G1 X-16.424 Y-102.156 Z-3.200 F400.000
G1 X-16.415 Y-102.185 Z-3.200 F400.000
G1 X-16.404 Y-102.294 Z-3.200 F400.000
G1 X-16.404 Y-105.185 Z-3.200 F400.000
G1 X-16.407 Y-105.245 Z-3.200 F400.000
G1 X-16.410 Y-105.263 Z-3.200 F400.000
G1 X-16.415 Y-105.279 Z-3.200 F400.000
G1 X-16.438 Y-105.336 Z-3.200 F400.000
G1 X-20.325 Y-113.672 Z-3.200 F400.000
G1 X-20.430 Y-113.928 Z-3.200 F400.000
G1 X-20.537 Y-114.276 Z-3.200 F400.000
G1 X-20.606 Y-114.633 Z-3.200 F400.000
G1 X-20.635 Y-114.996 Z-3.200 F400.000
G1 X-20.637 Y-137.745 Z-3.200 F400.000
G1 X-20.624 Y-137.952 Z-3.200 F400.000
G1 X-20.590 Y-138.211 Z-3.200 F400.000
G1 X-20.483 Y-138.611 Z-3.200 F400.000
G1 X-20.383 Y-138.852 Z-3.200 F400.000
G1 X-20.175 Y-139.211 Z-3.200 F400.000
G1 X-20.017 Y-139.418 Z-3.200 F400.000
G1 X-19.724 Y-139.711 Z-3.200 F400.000
G1 X-19.516 Y-139.870 Z-3.200 F400.000
G1 X-19.158 Y-140.077 Z-3.200 F400.000
G1 X-18.916 Y-140.177 Z-3.200 F400.000
G1 X-18.516 Y-140.284 Z-3.200 F400.000
G1 X-18.257 Y-140.318 Z-3.200 F400.000
G1 X-18.050 Y-140.332 Z-3.200 F400.000
G1 X-16.645 Y-140.332 Z-3.200 F400.000
G1 X-16.536 Y-140.343 Z-3.200 F400.000
G1 X-16.507 Y-140.351 Z-3.200 F400.000
G1 X-16.481 Y-140.366 Z-3.200 F400.000
G1 X-16.457 Y-140.385 Z-3.200 F400.000
G1 X-16.438 Y-140.409 Z-3.200 F400.000
G1 X-16.424 Y-140.435 Z-3.200 F400.000
G1 X-16.415 Y-140.464 Z-3.200 F400.000
G1 X-16.404 Y-140.573 Z-3.200 F400.000
G1 X-16.404 Y-143.464 Z-3.200 F400.000
G1 X-16.407 Y-143.524 Z-3.200 F400.000
G1 X-16.410 Y-143.542 Z-3.200 F400.000
G1 X-16.415 Y-143.559 Z-3.200 F400.000
G1 X-16.438 Y-143.615 Z-3.200 F400.000
G1 X-20.325 Y-151.951 Z-3.200 F400.000
G1 X-20.430 Y-152.207 Z-3.200 F400.000
G1 X-20.537 Y-152.555 Z-3.200 F400.000
G1 X-20.606 Y-152.912 Z-3.200 F400.000
G1 X-20.635 Y-153.275 Z-3.200 F400.000
G1 X-20.637 Y-176.024 Z-3.200 F400.000
G1 X-20.624 Y-176.231 Z-3.200 F400.000
G1 X-20.590 Y-176.490 Z-3.200 F400.000
G1 X-20.483 Y-176.890 Z-3.200 F400.000
G1 X-20.383 Y-177.131 Z-3.200 F400.000
G1 X-20.175 Y-177.490 Z-3.200 F400.000
G1 X-20.017 Y-177.697 Z-3.200 F400.000
G1 X-19.724 Y-177.990 Z-3.200 F400.000
G1 X-19.516 Y-178.149 Z-3.200 F400.000
G1 X-19.158 Y-178.356 Z-3.200 F400.000
G1 X-18.916 Y-178.456 Z-3.200 F400.000
G1 X-18.516 Y-178.563 Z-3.200 F400.000
G1 X-18.257 Y-178.597 Z-3.200 F400.000
G1 X-18.050 Y-178.611 Z-3.200 F400.000
G1 X-16.645 Y-178.611 Z-3.200 F400.000
G1 X-16.536 Y-178.622 Z-3.200 F400.000
G1 X-16.507 Y-178.631 Z-3.200 F400.000
G1 X-16.481 Y-178.645 Z-3.200 F400.000
G1 X-16.457 Y-178.664 Z-3.200 F400.000
G1 X-16.438 Y-178.688 Z-3.200 F400.000
G1 X-16.424 Y-178.714 Z-3.200 F400.000
G1 X-16.415 Y-178.743 Z-3.200 F400.000
G1 X-16.404 Y-178.852 Z-3.200 F400.000
G1 X-16.404 Y-181.743 Z-3.200 F400.000
G1 X-16.407 Y-181.803 Z-3.200 F400.000
G1 X-16.410 Y-181.821 Z-3.200 F400.000
G1 X-16.415 Y-181.838 Z-3.200 F400.000
G1 X-16.438 Y-181.894 Z-3.200 F400.000
G1 X-20.325 Y-190.230 Z-3.200 F400.000
G1 X-20.430 Y-190.486 Z-3.200 F400.000
G1 X-20.537 Y-190.834 Z-3.200 F400.000
G1 X-20.606 Y-191.191 Z-3.200 F400.000
G1 X-20.635 Y-191.554 Z-3.200 F400.000
G1 X-20.637 Y-200.120 Z-3.200 F400.000
G1 X-20.596 Y-200.617 Z-3.200 F400.000
G1 X-20.536 Y-200.923 Z-3.200 F400.000
G1 X-20.436 Y-201.251 Z-3.200 F400.000
G1 X-20.317 Y-201.538 Z-3.200 F400.000
G1 X-20.155 Y-201.841 Z-3.200 F400.000
G1 X-19.982 Y-202.100 Z-3.200 F400.000
G1 X-19.765 Y-202.365 Z-3.200 F400.000
G1 X-19.545 Y-202.585 Z-3.200 F400.000
G1 X-19.279 Y-202.803 Z-3.200 F400.000
G1 X-19.021 Y-202.976 Z-3.200 F400.000
G1 X-18.718 Y-203.137 Z-3.200 F400.000
G1 X-18.431 Y-203.256 Z-3.200 F400.000
G1 X-18.102 Y-203.356 Z-3.200 F400.000
G1 X-17.797 Y-203.417 Z-3.200 F400.000
G1 X-17.456 Y-203.450 Z-3.200 F400.000
G1 X-14.530 Y-203.458 Z-3.200 F400.000
G1 X-14.420 Y-203.469 Z-3.200 F400.000
G1 X-14.391 Y-203.477 Z-3.200 F400.000
G1 X-14.364 Y-203.492 Z-3.200 F400.000
G1 X-14.341 Y-203.511 Z-3.200 F400.000
G1 X-14.321 Y-203.534 Z-3.200 F400.000
G1 X-14.307 Y-203.561 Z-3.200 F400.000
G1 X-14.298 Y-203.590 Z-3.200 F400.000
G1 X-14.287 Y-203.698 Z-3.200 F400.000
G1 X-14.288 Y-205.405 Z-3.200 F400.000
G1 X-14.298 Y-205.513 Z-3.200 F400.000
G1 X-14.307 Y-205.542 Z-3.200 F400.000
G1 X-14.321 Y-205.569 Z-3.200 F400.000
G1 X-14.341 Y-205.592 Z-3.200 F400.000
G1 X-14.364 Y-205.612 Z-3.200 F400.000
G1 X-14.391 Y-205.626 Z-3.200 F400.000
G1 X-14.420 Y-205.635 Z-3.200 F400.000
G1 X-14.528 Y-205.645 Z-3.200 F400.000
G1 X-17.300 Y-205.645 Z-3.200 F400.000
G1 X-17.797 Y-205.687 Z-3.200 F400.000
G1 X-18.102 Y-205.747 Z-3.200 F400.000
G1 X-18.431 Y-205.847 Z-3.200 F400.000
G1 X-18.718 Y-205.966 Z-3.200 F400.000
G1 X-19.021 Y-206.128 Z-3.200 F400.000
G1 X-19.279 Y-206.301 Z-3.200 F400.000
G1 X-19.545 Y-206.518 Z-3.200 F400.000
G1 X-19.765 Y-206.738 Z-3.200 F400.000
G1 X-19.982 Y-207.004 Z-3.200 F400.000
G1 X-20.155 Y-207.262 Z-3.200 F400.000
G1 X-20.317 Y-207.565 Z-3.200 F400.000
G1 X-20.436 Y-207.852 Z-3.200 F400.000
G1 X-20.536 Y-208.181 Z-3.200 F400.000
G1 X-20.596 Y-208.486 Z-3.200 F400.000
G1 X-20.630 Y-208.827 Z-3.200 F400.000
G1 X-20.637 Y-227.500 Z-3.200 F400.000
G0 Z5.000
G0 X-20.637 Y-2.500
G0 Z3.000
G1 X-20.637 Y-2.500 Z-3.400 F250.000
G1 X-20.637 Y-22.908 Z-3.400 F400.000
G1 X-20.624 Y-23.115 Z-3.400 F400.000
G1 X-20.590 Y-23.374 Z-3.400 F400.000
G1 X-20.483 Y-23.774 Z-3.400 F400.000
G1 X-20.383 Y-24.015 Z-3.400 F400.000
G1 X-20.175 Y-24.374 Z-3.400 F400.000
G1 X-20.017 Y-24.581 Z-3.400 F400.000
G1 X-19.724 Y-24.874 Z-3.400 F400.000
G1 X-19.516 Y-25.033 Z-3.400 F400.000
G1 X-19.158 Y-25.240 Z-3.400 F400.000
G1 X-18.916 Y-25.340 Z-3.400 F400.000
G1 X-18.516 Y-25.447 Z-3.400 F400.000
G1 X-18.257 Y-25.481 Z-3.400 F400.000
G1 X-18.050 Y-25.495 Z-3.400 F400.000
G1 X-16.645 Y-25.495 Z-3.400 F400.000
G1 X-16.536 Y-25.506 Z-3.400 F400.000
G1 X-16.507 Y-25.514 Z-3.400 F400.000
G1 X-16.481 Y-25.529 Z-3.400 F400.000
G1 X-16.457 Y-25.548 Z-3.400 F400.000
G1 X-16.438 Y-25.571 Z-3.400 F400.000
G1 X-16.424 Y-25.598 Z-3.400 F400.000
G1 X-16.415 Y-25.627 Z-3.400 F400.000
G1 X-16.404 Y-25.735 Z-3.400 F400.000
G1 X-16.404 Y-28.627 Z-3.400 F400.000
G1 X-16.407 Y-28.687 Z-3.400 F400.000
G1 X-16.410 Y-28.705 Z-3.400 F400.000
G1 X-16.415 Y-28.721 Z-3.400 F400.000
G1 X-16.438 Y-28.778 Z-3.400 F400.000
G1 X-20.325 Y-37.114 Z-3.400 F400.000
G1 X-20.430 Y-37.370 Z-3.400 F400.000
G1 X-20.537 Y-37.718 Z-3.400 F400.000
G1 X-20.606 Y-38.075 Z-3.400 F400.000
G1 X-20.635 Y-38.438 Z-3.400 F400.000
G1 X-20.637 Y-61.187 Z-3.400 F400.000
G1 X-20.624 Y-61.394 Z-3.400 F400.000
G1 X-20.590 Y-61.653 Z-3.400 F400.000
G1 X-20.483 Y-62.053 Z-3.400 F400.000
G1 X-20.383 Y-62.294 Z-3.400 F400.000
G1 X-20.175 Y-62.653 Z-3.400 F400.000
G1 X-20.017 Y-62.860 Z-3.400 F400.000
G1 X-19.724 Y-63.153 Z-3.400 F400.000
G1 X-19.516 Y-63.312 Z-3.400 F400.000
G1 X-19.158 Y-63.519 Z-3.400 F400.000
G1 X-18.916 Y-63.619 Z-3.400 F400.000
G1 X-18.516 Y-63.726 Z-3.400 F400.000
G1 X-18.257 Y-63.760 Z-3.400 F400.000
G1 X-18.050 Y-63.774 Z-3.400 F400.000
G1 X-16.645 Y-63.774 Z-3.400 F400.000
G1 X-16.536 Y-63.785 Z-3.400 F400.000
G1 X-16.507 Y-63.793 Z-3.400 F400.000
G1 X-16.481 Y-63.808 Z-3.400 F400.000
G1 X-16.457 Y-63.827 Z-3.400 F400.000
G1 X-16.438 Y-63.850 Z-3.400 F400.000
G1 X-16.424 Y-63.877 Z-3.400 F400.000
G1 X-16.415 Y-63.906 Z-3.400 F400.000
G1 X-16.404 Y-64.014 Z-3.400 F400.000
G1 X-16.404 Y-66.906 Z-3.400 F400.000
G1 X-16.407 Y-66.966 Z-3.400 F400.000
G1 X-16.410 Y-66.984 Z-3.400 F400.000
G1 X-16.415 Y-67.000 Z-3.400 F400.000
G1 X-16.438 Y-67.057 Z-3.400 F400.000
G1 X-20.325 Y-75.393 Z-3.400 F400.000
G1 X-20.430 Y-75.649 Z-3.400 F400.000
G1 X-20.537 Y-75.997 Z-3.400 F400.000
G1 X-20.606 Y-76.354 Z-3.400 F400.000
G1 X-20.635 Y-76.717 Z-3.400 F400.000
G1 X-20.637 Y-99.466 Z-3.400 F400.000
G1 X-20.624 Y-99.673 Z-3.400 F400.000
G1 X-20.590 Y-99.932 Z-3.400 F400.000
G1 X-20.483 Y-100.332 Z-3.400 F400.000
G1 X-20.383 Y-100.573 Z-3.400 F400.000
G1 X-20.175 Y-100.932 Z-3.400 F400.000
G1 X-20.017 Y-101.139 Z-3.400 F400.000
G1 X-19.724 Y-101.432 Z-3.400 F400.000
G1 X-19.516 Y-101.591 Z-3.400 F400.000
G1 X-19.158 Y-101.798 Z-3.400 F400.000
G1 X-18.916 Y-101.898 Z-3.400 F400.000
G1 X-18.516 Y-102.005 Z-3.400 F400.000
G1 X-18.257 Y-102.039 Z-3.400 F400.000
G1 X-18.050 Y-102.053 Z-3.400 F400.000
G1 X-16.645 Y-102.053 Z-3.400 F400.000
G1 X-16.536 Y-102.064 Z-3.400 F400.000
G1 X-16.507 Y-102.072 Z-3.400 F400.000
G1 X-16.481 Y-102.087 Z-3.400 F400.000
G1 X-16.457 Y-102.106 Z-3.400 F400.000
G1 X-16.438 Y-102.130 Z-3.400 F400.000
G1 X-16.424 Y-102.156 Z-3.400 F400.000
G1 X-16.415 Y-102.185 Z-3.400 F400.000
G1 X-16.404 Y-102.294 Z-3.400 F400.000
G1 X-16.404 Y-105.185 Z-3.400 F400.000
G1 X-16.407 Y-105.245 Z-3.400 F400.000
G1 X-16.410 Y-105.263 Z-3.400 F400.000
G1 X-16.415 Y-105.279 Z-3.400 F400.000
G1 X-16.438 Y-105.336 Z-3.400 F400.000
G1 X-20.325 Y-113.672 Z-3.400 F400.000
G1 X-20.430 Y-113.928 Z-3.400 F400.000
G1 X-20.537 Y-114.276 Z-3.400 F400.000
G1 X-20.606 Y-114.633 Z-3.400 F400.000
G1 X-20.635 Y-114.996 Z-3.400 F400.000
G1 X-20.637 Y-137.745 Z-3.400 F400.000
G1 X-20.624 Y-137.952 Z-3.400 F400.000
G1 X-20.590 Y-138.211 Z-3.400 F400.000
G1 X-20.483 Y-138.611 Z-3.400 F400.000
G1 X-20.383 Y-138.852 Z-3.400 F400.000
G1 X-20.175 Y-139.211 Z-3.400 F400.000
G1 X-20.017 Y-139.418 Z-3.400 F400.000
G1 X-19.724 Y-139.711 Z-3.400 F400.000
G1 X-19.516 Y-139.870 Z-3.400 F400.000
G1 X-19.158 Y-140.077 Z-3.400 F400.000
G1 X-18.916 Y-140.177 Z-3.400 F400.000
G1 X-18.516 Y-140.284 Z-3.400 F400.000
G1 X-18.257 Y-140.318 Z-3.400 F400.000
G1 X-18.050 Y-140.332 Z-3.400 F400.000
G1 X-16.645 Y-140.332 Z-3.400 F400.000
G1 X-16.536 Y-140.343 Z-3.400 F400.000
G1 X-16.507 Y-140.351 Z-3.400 F400.000
G1 X-16.481 Y-140.366 Z-3.400 F400.000
G1 X-16.457 Y-140.385 Z-3.400 F400.000
G1 X-16.438 Y-140.409 Z-3.400 F400.000
G1 X-16.424 Y-140.435 Z-3.400 F400.000
G1 X-16.415 Y-140.464 Z-3.400 F400.000
G1 X-16.404 Y-140.573 Z-3.400 F400.000
G1 X-16.404 Y-143.464 Z-3.400 F400.000
G1 X-16.407 Y-143.524 Z-3.400 F400.000
G1 X-16.410 Y-143.542 Z-3.400 F400.000
G1 X-16.415 Y-143.559 Z-3.400 F400.000
G1 X-16.438 Y-143.615 Z-3.400 F400.000
G1 X-20.325 Y-151.951 Z-3.400 F400.000
G1 X-20.430 Y-152.207 Z-3.400 F400.000
G1 X-20.537 Y-152.555 Z-3.400 F400.000
G1 X-20.606 Y-152.912 Z-3.400 F400.000
G1 X-20.635 Y-153.275 Z-3.400 F400.000
G1 X-20.637 Y-176.024 Z-3.400 F400.000
G1 X-20.624 Y-176.231 Z-3.400 F400.000
G1 X-20.590 Y-176.490 Z-3.400 F400.000
G1 X-20.483 Y-176.890 Z-3.400 F400.000
G1 X-20.383 Y-177.131 Z-3.400 F400.000
G1 X-20.175 Y-177.490 Z-3.400 F400.000
G1 X-20.017 Y-177.697 Z-3.400 F400.000
G1 X-19.724 Y-177.990 Z-3.400 F400.000
G1 X-19.516 Y-178.149 Z-3.400 F400.000
G1 X-19.158 Y-178.356 Z-3.400 F400.000
G1 X-18.916 Y-178.456 Z-3.400 F400.000
G1 X-18.516 Y-178.563 Z-3.400 F400.000
G1 X-18.257 Y-178.597 Z-3.400 F400.000
G1 X-18.050 Y-178.611 Z-3.400 F400.000
G1 X-16.645 Y-178.611 Z-3.400 F400.000
G1 X-16.536 Y-178.622 Z-3.400 F400.000
G1 X-16.507 Y-178.631 Z-3.400 F400.000
G1 X-16.481 Y-178.645 Z-3.400 F400.000
G1 X-16.457 Y-178.664 Z-3.400 F400.000
G1 X-16.438 Y-178.688 Z-3.400 F400.000
G1 X-16.424 Y-178.714 Z-3.400 F400.000
G1 X-16.415 Y-178.743 Z-3.400 F400.000
G1 X-16.404 Y-178.852 Z-3.400 F400.000
G1 X-16.404 Y-181.743 Z-3.400 F400.000
G1 X-16.407 Y-181.803 Z-3.400 F400.000
G1 X-16.410 Y-181.821 Z-3.400 F400.000
G1 X-16.415 Y-181.838 Z-3.400 F400.000
G1 X-16.438 Y-181.894 Z-3.400 F400.000
G1 X-20.325 Y-190.230 Z-3.400 F400.000
G1 X-20.430 Y-190.486 Z-3.400 F400.000
G1 X-20.537 Y-190.834 Z-3.400 F400.000
G1 X-20.606 Y-191.191 Z-3.400 F400.000
G1 X-20.635 Y-191.554 Z-3.400 F400.000
G1 X-20.637 Y-200.120 Z-3.400 F400.000
G1 X-20.596 Y-200.617 Z-3.400 F400.000
G1 X-20.536 Y-200.923 Z-3.400 F400.000
G1 X-20.436 Y-201.251 Z-3.400 F400.000
G1 X-20.317 Y-201.538 Z-3.400 F400.000
G1 X-20.155 Y-201.841 Z-3.400 F400.000
G1 X-19.982 Y-202.100 Z-3.400 F400.000
G1 X-19.765 Y-202.365 Z-3.400 F400.000
G1 X-19.545 Y-202.585 Z-3.400 F400.000
G1 X-19.279 Y-202.803 Z-3.400 F400.000
G1 X-19.021 Y-202.976 Z-3.400 F400.000
G1 X-18.718 Y-203.137 Z-3.400 F400.000
G1 X-18.431 Y-203.256 Z-3.400 F400.000
G1 X-18.102 Y-203.356 Z-3.400 F400.000
G1 X-17.797 Y-203.417 Z-3.400 F400.000
G1 X-17.456 Y-203.450 Z-3.400 F400.000
G1 X-14.530 Y-203.458 Z-3.400 F400.000
G1 X-14.420 Y-203.469 Z-3.400 F400.000
G1 X-14.391 Y-203.477 Z-3.400 F400.000
G1 X-14.364 Y-203.492 Z-3.400 F400.000
G1 X-14.341 Y-203.511 Z-3.400 F400.000
G1 X-14.321 Y-203.534 Z-3.400 F400.000
G1 X-14.307 Y-203.561 Z-3.400 F400.000
G1 X-14.298 Y-203.590 Z-3.400 F400.000
G1 X-14.287 Y-203.698 Z-3.400 F400.000
G1 X-14.288 Y-205.405 Z-3.400 F400.000
G1 X-14.298 Y-205.513 Z-3.400 F400.000
G1 X-14.307 Y-205.542 Z-3.400 F400.000
G1 X-14.321 Y-205.569 Z-3.400 F400.000
G1 X-14.341 Y-205.592 Z-3.400 F400.000
G1 X-14.364 Y-205.612 Z-3.400 F400.000
G1 X-14.391 Y-205.626 Z-3.400 F400.000
G1 X-14.420 Y-205.635 Z-3.400 F400.000
G1 X-14.528 Y-205.645 Z-3.400 F400.000
G1 X-17.300 Y-205.645 Z-3.400 F400.000
G1 X-17.797 Y-205.687 Z-3.400 F400.000
G1 X-18.102 Y-205.747 Z-3.400 F400.000
G1 X-18.431 Y-205.847 Z-3.400 F400.000
G1 X-18.718 Y-205.966 Z-3.400 F400.000
G1 X-19.021 Y-206.128 Z-3.400 F400.000
G1 X-19.279 Y-206.301 Z-3.400 F400.000
G1 X-19.545 Y-206.518 Z-3.400 F400.000
G1 X-19.765 Y-206.738 Z-3.400 F400.000
G1 X-19.982 Y-207.004 Z-3.400 F400.000
G1 X-20.155 Y-207.262 Z-3.400 F400.000
G1 X-20.317 Y-207.565 Z-3.400 F400.000
G1 X-20.436 Y-207.852 Z-3.400 F400.000
G1 X-20.536 Y-208.181 Z-3.400 F400.000
G1 X-20.596 Y-208.486 Z-3.400 F400.000
G1 X-20.630 Y-208.827 Z-3.400 F400.000
G1 X-20.637 Y-227.500 Z-3.400 F400.000
G0 Z5.000
G0 X-20.637 Y-2.500
G0 Z3.000
G1 X-20.637 Y-2.500 Z-3.600 F250.000
G1 X-20.637 Y-22.908 Z-3.600 F400.000
G1 X-20.624 Y-23.115 Z-3.600 F400.000
G1 X-20.590 Y-23.374 Z-3.600 F400.000
G1 X-20.483 Y-23.774 Z-3.600 F400.000
G1 X-20.383 Y-24.015 Z-3.600 F400.000
G1 X-20.175 Y-24.374 Z-3.600 F400.000
G1 X-20.017 Y-24.581 Z-3.600 F400.000
G1 X-19.724 Y-24.874 Z-3.600 F400.000
G1 X-19.516 Y-25.033 Z-3.600 F400.000
G1 X-19.158 Y-25.240 Z-3.600 F400.000
G1 X-18.916 Y-25.340 Z-3.600 F400.000
G1 X-18.516 Y-25.447 Z-3.600 F400.000
G1 X-18.257 Y-25.481 Z-3.600 F400.000
G1 X-18.050 Y-25.495 Z-3.600 F400.000
G1 X-16.645 Y-25.495 Z-3.600 F400.000
G1 X-16.536 Y-25.506 Z-3.600 F400.000
G1 X-16.507 Y-25.514 Z-3.600 F400.000
G1 X-16.481 Y-25.529 Z-3.600 F400.000
G1 X-16.457 Y-25.548 Z-3.600 F400.000
G1 X-16.438 Y-25.571 Z-3.600 F400.000
G1 X-16.424 Y-25.598 Z-3.600 F400.000
G1 X-16.415 Y-25.627 Z-3.600 F400.000
G1 X-16.404 Y-25.735 Z-3.600 F400.000
G1 X-16.404 Y-28.627 Z-3.600 F400.000
G1 X-16.407 Y-28.687 Z-3.600 F400.000
G1 X-16.410 Y-28.705 Z-3.600 F400.000
G1 X-16.415 Y-28.721 Z-3.600 F400.000
G1 X-16.438 Y-28.778 Z-3.600 F400.000
G1 X-20.325 Y-37.114 Z-3.600 F400.000
G1 X-20.430 Y-37.370 Z-3.600 F400.000
G1 X-20.537 Y-37.718 Z-3.600 F400.000
G1 X-20.606 Y-38.075 Z-3.600 F400.000
G1 X-20.635 Y-38.438 Z-3.600 F400.000
G1 X-20.637 Y-61.187 Z-3.600 F400.000
G1 X-20.624 Y-61.394 Z-3.600 F400.000
G1 X-20.590 Y-61.653 Z-3.600 F400.000
G1 X-20.483 Y-62.053 Z-3.600 F400.000
G1 X-20.383 Y-62.294 Z-3.600 F400.000
G1 X-20.175 Y-62.653 Z-3.600 F400.000
G1 X-20.017 Y-62.860 Z-3.600 F400.000
G1 X-19.724 Y-63.153 Z-3.600 F400.000
G1 X-19.516 Y-63.312 Z-3.600 F400.000
G1 X-19.158 Y-63.519 Z-3.600 F400.000
G1 X-18.916 Y-63.619 Z-3.600 F400.000
G1 X-18.516 Y-63.726 Z-3.600 F400.000
G1 X-18.257 Y-63.760 Z-3.600 F400.000
G1 X-18.050 Y-63.774 Z-3.600 F400.000
G1 X-16.645 Y-63.774 Z-3.600 F400.000
G1 X-16.536 Y-63.785 Z-3.600 F400.000
G1 X-16.507 Y-63.793 Z-3.600 F400.000
G1 X-16.481 Y-63.808 Z-3.600 F400.000
G1 X-16.457 Y-63.827 Z-3.600 F400.000
G1 X-16.438 Y-63.850 Z-3.600 F400.000
G1 X-16.424 Y-63.877 Z-3.600 F400.000
G1 X-16.415 Y-63.906 Z-3.600 F400.000
G1 X-16.404 Y-64.014 Z-3.600 F400.000
G1 X-16.404 Y-66.906 Z-3.600 F400.000
G1 X-16.407 Y-66.966 Z-3.600 F400.000
G1 X-16.410 Y-66.984 Z-3.600 F400.000
G1 X-16.415 Y-67.000 Z-3.600 F400.000
G1 X-16.438 Y-67.057 Z-3.600 F400.000
G1 X-20.325 Y-75.393 Z-3.600 F400.000
G1 X-20.430 Y-75.649 Z-3.600 F400.000
G1 X-20.537 Y-75.997 Z-3.600 F400.000
G1 X-20.606 Y-76.354 Z-3.600 F400.000
G1 X-20.635 Y-76.717 Z-3.600 F400.000
G1 X-20.637 Y-99.466 Z-3.600 F400.000
G1 X-20.624 Y-99.673 Z-3.600 F400.000
G1 X-20.590 Y-99.932 Z-3.600 F400.000
G1 X-20.483 Y-100.332 Z-3.600 F400.000
G1 X-20.383 Y-100.573 Z-3.600 F400.000
G1 X-20.175 Y-100.932 Z-3.600 F400.000
G1 X-20.017 Y-101.139 Z-3.600 F400.000
G1 X-19.724 Y-101.432 Z-3.600 F400.000
G1 X-19.516 Y-101.591 Z-3.600 F400.000
G1 X-19.158 Y-101.798 Z-3.600 F400.000
G1 X-18.916 Y-101.898 Z-3.600 F400.000
G1 X-18.516 Y-102.005 Z-3.600 F400.000
G1 X-18.257 Y-102.039 Z-3.600 F400.000
G1 X-18.050 Y-102.053 Z-3.600 F400.000
G1 X-16.645 Y-102.053 Z-3.600 F400.000
G1 X-16.536 Y-102.064 Z-3.600 F400.000
G1 X-16.507 Y-102.072 Z-3.600 F400.000
G1 X-16.481 Y-102.087 Z-3.600 F400.000
G1 X-16.457 Y-102.106 Z-3.600 F400.000
G1 X-16.438 Y-102.130 Z-3.600 F400.000
G1 X-16.424 Y-102.156 Z-3.600 F400.000
G1 X-16.415 Y-102.185 Z-3.600 F400.000
G1 X-16.404 Y-102.294 Z-3.600 F400.000
G1 X-16.404 Y-105.185 Z-3.600 F400.000
G1 X-16.407 Y-105.245 Z-3.600 F400.000
G1 X-16.410 Y-105.263 Z-3.600 F400.000
G1 X-16.415 Y-105.279 Z-3.600 F400.000
G1 X-16.438 Y-105.336 Z-3.600 F400.000
G1 X-20.325 Y-113.672 Z-3.600 F400.000
G1 X-20.430 Y-113.928 Z-3.600 F400.000
G1 X-20.537 Y-114.276 Z-3.600 F400.000
G1 X-20.606 Y-114.633 Z-3.600 F400.000
G1 X-20.635 Y-114.996 Z-3.600 F400.000
G1 X-20.637 Y-137.745 Z-3.600 F400.000
G1 X-20.624 Y-137.952 Z-3.600 F400.000
G1 X-20.590 Y-138.211 Z-3.600 F400.000
G1 X-20.483 Y-138.611 Z-3.600 F400.000
G1 X-20.383 Y-138.852 Z-3.600 F400.000
G1 X-20.175 Y-139.211 Z-3.600 F400.000
G1 X-20.017 Y-139.418 Z-3.600 F400.000
G1 X-19.724 Y-139.711 Z-3.600 F400.000
G1 X-19.516 Y-139.870 Z-3.600 F400.000
G1 X-19.158 Y-140.077 Z-3.600 F400.000
G1 X-18.916 Y-140.177 Z-3.600 F400.000
G1 X-18.516 Y-140.284 Z-3.600 F400.000
G1 X-18.257 Y-140.318 Z-3.600 F400.000
G1 X-18.050 Y-140.332 Z-3.600 F400.000
G1 X-16.645 Y-140.332 Z-3.600 F400.000
G1 X-16.536 Y-140.343 Z-3.600 F400.000
G1 X-16.507 Y-140.351 Z-3.600 F400.000
G1 X-16.481 Y-140.366 Z-3.600 F400.000
G1 X-16.457 Y-140.385 Z-3.600 F400.000
G1 X-16.438 Y-140.409 Z-3.600 F400.000
G1 X-16.424 Y-140.435 Z-3.600 F400.000
G1 X-16.415 Y-140.464 Z-3.600 F400.000
G1 X-16.404 Y-140.573 Z-3.600 F400.000
G1 X-16.404 Y-143.464 Z-3.600 F400.000
G1 X-16.407 Y-143.524 Z-3.600 F400.000
G1 X-16.410 Y-143.542 Z-3.600 F400.000
G1 X-16.415 Y-143.559 Z-3.600 F400.000
G1 X-16.438 Y-143.615 Z-3.600 F400.000
G1 X-20.325 Y-151.951 Z-3.600 F400.000
G1 X-20.430 Y-152.207 Z-3.600 F400.000
G1 X-20.537 Y-152.555 Z-3.600 F400.000
G1 X-20.606 Y-152.912 Z-3.600 F400.000
G1 X-20.635 Y-153.275 Z-3.600 F400.000
G1 X-20.637 Y-176.024 Z-3.600 F400.000
G1 X-20.624 Y-176.231 Z-3.600 F400.000
G1 X-20.590 Y-176.490 Z-3.600 F400.000
G1 X-20.483 Y-176.890 Z-3.600 F400.000
G1 X-20.383 Y-177.131 Z-3.600 F400.000
G1 X-20.175 Y-177.490 Z-3.600 F400.000
G1 X-20.017 Y-177.697 Z-3.600 F400.000
G1 X-19.724 Y-177.990 Z-3.600 F400.000
G1 X-19.516 Y-178.149 Z-3.600 F400.000
G1 X-19.158 Y-178.356 Z-3.600 F400.000
G1 X-18.916 Y-178.456 Z-3.600 F400.000
G1 X-18.516 Y-178.563 Z-3.600 F400.000
G1 X-18.257 Y-178.597 Z-3.600 F400.000
G1 X-18.050 Y-178.611 Z-3.600 F400.000
G1 X-16.645 Y-178.611 Z-3.600 F400.000
G1 X-16.536 Y-178.622 Z-3.600 F400.000
G1 X-16.507 Y-178.631 Z-3.600 F400.000
G1 X-16.481 Y-178.645 Z-3.600 F400.000
G1 X-16.457 Y-178.664 Z-3.600 F400.000
G1 X-16.438 Y-178.688 Z-3.600 F400.000
G1 X-16.424 Y-178.714 Z-3.600 F400.000
G1 X-16.415 Y-178.743 Z-3.600 F400.000
G1 X-16.404 Y-178.852 Z-3.600 F400.000
G1 X-16.404 Y-181.743 Z-3.600 F400.000
G1 X-16.407 Y-181.803 Z-3.600 F400.000
G1 X-16.410 Y-181.821 Z-3.600 F400.000
G1 X-16.415 Y-181.838 Z-3.600 F400.000
G1 X-16.438 Y-181.894 Z-3.600 F400.000
G1 X-20.325 Y-190.230 Z-3.600 F400.000
G1 X-20.430 Y-190.486 Z-3.600 F400.000
G1 X-20.537 Y-190.834 Z-3.600 F400.000
G1 X-20.606 Y-191.191 Z-3.600 F400.000
G1 X-20.635 Y-191.554 Z-3.600 F400.000
G1 X-20.637 Y-200.120 Z-3.600 F400.000
G1 X-20.596 Y-200.617 Z-3.600 F400.000
G1 X-20.536 Y-200.923 Z-3.600 F400.000
G1 X-20.436 Y-201.251 Z-3.600 F400.000
G1 X-20.317 Y-201.538 Z-3.600 F400.000
G1 X-20.155 Y-201.841 Z-3.600 F400.000
G1 X-19.982 Y-202.100 Z-3.600 F400.000
G1 X-19.765 Y-202.365 Z-3.600 F400.000
G1 X-19.545 Y-202.585 Z-3.600 F400.000
G1 X-19.279 Y-202.803 Z-3.600 F400.000
G1 X-19.021 Y-202.976 Z-3.600 F400.000
G1 X-18.718 Y-203.137 Z-3.600 F400.000
G1 X-18.431 Y-203.256 Z-3.600 F400.000
G1 X-18.102 Y-203.356 Z-3.600 F400.000
G1 X-17.797 Y-203.417 Z-3.600 F400.000
G1 X-17.456 Y-203.450 Z-3.600 F400.000
G1 X-14.530 Y-203.458 Z-3.600 F400.000
G1 X-14.420 Y-203.469 Z-3.600 F400.000
G1 X-14.391 Y-203.477 Z-3.600 F400.000
G1 X-14.364 Y-203.492 Z-3.600 F400.000
G1 X-14.341 Y-203.511 Z-3.600 F400.000
G1 X-14.321 Y-203.534 Z-3.600 F400.000
G1 X-14.307 Y-203.561 Z-3.600 F400.000
G1 X-14.298 Y-203.590 Z-3.600 F400.000
G1 X-14.287 Y-203.698 Z-3.600 F400.000
G1 X-14.288 Y-205.405 Z-3.600 F400.000
G1 X-14.298 Y-205.513 Z-3.600 F400.000
G1 X-14.307 Y-205.542 Z-3.600 F400.000
G1 X-14.321 Y-205.569 Z-3.600 F400.000
G1 X-14.341 Y-205.592 Z-3.600 F400.000
G1 X-14.364 Y-205.612 Z-3.600 F400.000
G1 X-14.391 Y-205.626 Z-3.600 F400.000
G1 X-14.420 Y-205.635 Z-3.600 F400.000
G1 X-14.528 Y-205.645 Z-3.600 F400.000
G1 X-17.300 Y-205.645 Z-3.600 F400.000
G1 X-17.797 Y-205.687 Z-3.600 F400.000
G1 X-18.102 Y-205.747 Z-3.600 F400.000
G1 X-18.431 Y-205.847 Z-3.600 F400.000
G1 X-18.718 Y-205.966 Z-3.600 F400.000
G1 X-19.021 Y-206.128 Z-3.600 F400.000
G1 X-19.279 Y-206.301 Z-3.600 F400.000
G1 X-19.545 Y-206.518 Z-3.600 F400.000
G1 X-19.765 Y-206.738 Z-3.600 F400.000
G1 X-19.982 Y-207.004 Z-3.600 F400.000
G1 X-20.155 Y-207.262 Z-3.600 F400.000
G1 X-20.317 Y-207.565 Z-3.600 F400.000
G1 X-20.436 Y-207.852 Z-3.600 F400.000
G1 X-20.536 Y-208.181 Z-3.600 F400.000
G1 X-20.596 Y-208.486 Z-3.600 F400.000
G1 X-20.630 Y-208.827 Z-3.600 F400.000
G1 X-20.637 Y-227.500 Z-3.600 F400.000
G0 Z5.000
G0 X-20.637 Y-2.500
G0 Z3.000
G1 X-20.637 Y-2.500 Z-3.800 F250.000
G1 X-20.637 Y-22.908 Z-3.800 F400.000
G1 X-20.624 Y-23.115 Z-3.800 F400.000
G1 X-20.590 Y-23.374 Z-3.800 F400.000
G1 X-20.483 Y-23.774 Z-3.800 F400.000
G1 X-20.383 Y-24.015 Z-3.800 F400.000
G1 X-20.175 Y-24.374 Z-3.800 F400.000
G1 X-20.017 Y-24.581 Z-3.800 F400.000
G1 X-19.724 Y-24.874 Z-3.800 F400.000
G1 X-19.516 Y-25.033 Z-3.800 F400.000
G1 X-19.158 Y-25.240 Z-3.800 F400.000
G1 X-18.916 Y-25.340 Z-3.800 F400.000
G1 X-18.516 Y-25.447 Z-3.800 F400.000
G1 X-18.257 Y-25.481 Z-3.800 F400.000
G1 X-18.050 Y-25.495 Z-3.800 F400.000
G1 X-16.645 Y-25.495 Z-3.800 F400.000
G1 X-16.536 Y-25.506 Z-3.800 F400.000
G1 X-16.507 Y-25.514 Z-3.800 F400.000
G1 X-16.481 Y-25.529 Z-3.800 F400.000
G1 X-16.457 Y-25.548 Z-3.800 F400.000
G1 X-16.438 Y-25.571 Z-3.800 F400.000
G1 X-16.424 Y-25.598 Z-3.800 F400.000
G1 X-16.415 Y-25.627 Z-3.800 F400.000
G1 X-16.404 Y-25.735 Z-3.800 F400.000
G1 X-16.404 Y-28.627 Z-3.800 F400.000
G1 X-16.407 Y-28.687 Z-3.800 F400.000
G1 X-16.410 Y-28.705 Z-3.800 F400.000
G1 X-16.415 Y-28.721 Z-3.800 F400.000
G1 X-16.438 Y-28.778 Z-3.800 F400.000
G1 X-20.325 Y-37.114 Z-3.800 F400.000
G1 X-20.430 Y-37.370 Z-3.800 F400.000
G1 X-20.537 Y-37.718 Z-3.800 F400.000
G1 X-20.606 Y-38.075 Z-3.800 F400.000
G1 X-20.635 Y-38.438 Z-3.800 F400.000
G1 X-20.637 Y-61.187 Z-3.800 F400.000
G1 X-20.624 Y-61.394 Z-3.800 F400.000
G1 X-20.590 Y-61.653 Z-3.800 F400.000
G1 X-20.483 Y-62.053 Z-3.800 F400.000
G1 X-20.383 Y-62.294 Z-3.800 F400.000
G1 X-20.175 Y-62.653 Z-3.800 F400.000
G1 X-20.017 Y-62.860 Z-3.800 F400.000
G1 X-19.724 Y-63.153 Z-3.800 F400.000
G1 X-19.516 Y-63.312 Z-3.800 F400.000
G1 X-19.158 Y-63.519 Z-3.800 F400.000
G1 X-18.916 Y-63.619 Z-3.800 F400.000
G1 X-18.516 Y-63.726 Z-3.800 F400.000
G1 X-18.257 Y-63.760 Z-3.800 F400.000
G1 X-18.050 Y-63.774 Z-3.800 F400.000
G1 X-16.645 Y-63.774 Z-3.800 F400.000
G1 X-16.536 Y-63.785 Z-3.800 F400.000
G1 X-16.507 Y-63.793 Z-3.800 F400.000
G1 X-16.481 Y-63.808 Z-3.800 F400.000
G1 X-16.457 Y-63.827 Z-3.800 F400.000
G1 X-16.438 Y-63.850 Z-3.800 F400.000
G1 X-16.424 Y-63.877 Z-3.800 F400.000
G1 X-16.415 Y-63.906 Z-3.800 F400.000
G1 X-16.404 Y-64.014 Z-3.800 F400.000
G1 X-16.404 Y-66.906 Z-3.800 F400.000
G1 X-16.407 Y-66.966 Z-3.800 F400.000
G1 X-16.410 Y-66.984 Z-3.800 F400.000
G1 X-16.415 Y-67.000 Z-3.800 F400.000
G1 X-16.438 Y-67.057 Z-3.800 F400.000
G1 X-20.325 Y-75.393 Z-3.800 F400.000
G1 X-20.430 Y-75.649 Z-3.800 F400.000
G1 X-20.537 Y-75.997 Z-3.800 F400.000
G1 X-20.606 Y-76.354 Z-3.800 F400.000
G1 X-20.635 Y-76.717 Z-3.800 F400.000
G1 X-20.637 Y-99.466 Z-3.800 F400.000
G1 X-20.624 Y-99.673 Z-3.800 F400.000
G1 X-20.590 Y-99.932 Z-3.800 F400.000
G1 X-20.483 Y-100.332 Z-3.800 F400.000
G1 X-20.383 Y-100.573 Z-3.800 F400.000
G1 X-20.175 Y-100.932 Z-3.800 F400.000
G1 X-20.017 Y-101.139 Z-3.800 F400.000
G1 X-19.724 Y-101.432 Z-3.800 F400.000
G1 X-19.516 Y-101.591 Z-3.800 F400.000
G1 X-19.158 Y-101.798 Z-3.800 F400.000
G1 X-18.916 Y-101.898 Z-3.800 F400.000
G1 X-18.516 Y-102.005 Z-3.800 F400.000
G1 X-18.257 Y-102.039 Z-3.800 F400.000
G1 X-18.050 Y-102.053 Z-3.800 F400.000
G1 X-16.645 Y-102.053 Z-3.800 F400.000
G1 X-16.536 Y-102.064 Z-3.800 F400.000
G1 X-16.507 Y-102.072 Z-3.800 F400.000
G1 X-16.481 Y-102.087 Z-3.800 F400.000
G1 X-16.457 Y-102.106 Z-3.800 F400.000
G1 X-16.438 Y-102.130 Z-3.800 F400.000
G1 X-16.424 Y-102.156 Z-3.800 F400.000
G1 X-16.415 Y-102.185 Z-3.800 F400.000
G1 X-16.404 Y-102.294 Z-3.800 F400.000
G1 X-16.404 Y-105.185 Z-3.800 F400.000
G1 X-16.407 Y-105.245 Z-3.800 F400.000
G1 X-16.410 Y-105.263 Z-3.800 F400.000
G1 X-16.415 Y-105.279 Z-3.800 F400.000
G1 X-16.438 Y-105.336 Z-3.800 F400.000
G1 X-20.325 Y-113.672 Z-3.800 F400.000
G1 X-20.430 Y-113.928 Z-3.800 F400.000
G1 X-20.537 Y-114.276 Z-3.800 F400.000
G1 X-20.606 Y-114.633 Z-3.800 F400.000
G1 X-20.635 Y-114.996 Z-3.800 F400.000
G1 X-20.637 Y-137.745 Z-3.800 F400.000
G1 X-20.624 Y-137.952 Z-3.800 F400.000
G1 X-20.590 Y-138.211 Z-3.800 F400.000
G1 X-20.483 Y-138.611 Z-3.800 F400.000
G1 X-20.383 Y-138.852 Z-3.800 F400.000
G1 X-20.175 Y-139.211 Z-3.800 F400.000
G1 X-20.017 Y-139.418 Z-3.800 F400.000
G1 X-19.724 Y-139.711 Z-3.800 F400.000
G1 X-19.516 Y-139.870 Z-3.800 F400.000
G1 X-19.158 Y-140.077 Z-3.800 F400.000
G1 X-18.916 Y-140.177 Z-3.800 F400.000
G1 X-18.516 Y-140.284 Z-3.800 F400.000
G1 X-18.257 Y-140.318 Z-3.800 F400.000
G1 X-18.050 Y-140.332 Z-3.800 F400.000
G1 X-16.645 Y-140.332 Z-3.800 F400.000
G1 X-16.536 Y-140.343 Z-3.800 F400.000
G1 X-16.507 Y-140.351 Z-3.800 F400.000
G1 X-16.481 Y-140.366 Z-3.800 F400.000
G1 X-16.457 Y-140.385 Z-3.800 F400.000
G1 X-16.438 Y-140.409 Z-3.800 F400.000
G1 X-16.424 Y-140.435 Z-3.800 F400.000
G1 X-16.415 Y-140.464 Z-3.800 F400.000
G1 X-16.404 Y-140.573 Z-3.800 F400.000
G1 X-16.404 Y-143.464 Z-3.800 F400.000
G1 X-16.407 Y-143.524 Z-3.800 F400.000
G1 X-16.410 Y-143.542 Z-3.800 F400.000
G1 X-16.415 Y-143.559 Z-3.800 F400.000
G1 X-16.438 Y-143.615 Z-3.800 F400.000
G1 X-20.325 Y-151.951 Z-3.800 F400.000
G1 X-20.430 Y-152.207 Z-3.800 F400.000
G1 X-20.537 Y-152.555 Z-3.800 F400.000
G1 X-20.606 Y-152.912 Z-3.800 F400.000
G1 X-20.635 Y-153.275 Z-3.800 F400.000
G1 X-20.637 Y-176.024 Z-3.800 F400.000
G1 X-20.624 Y-176.231 Z-3.800 F400.000
G1 X-20.590 Y-176.490 Z-3.800 F400.000
G1 X-20.483 Y-176.890 Z-3.800 F400.000
G1 X-20.383 Y-177.131 Z-3.800 F400.000
G1 X-20.175 Y-177.490 Z-3.800 F400.000
G1 X-20.017 Y-177.697 Z-3.800 F400.000
G1 X-19.724 Y-177.990 Z-3.800 F400.000
G1 X-19.516 Y-178.149 Z-3.800 F400.000
G1 X-19.158 Y-178.356 Z-3.800 F400.000
G1 X-18.916 Y-178.456 Z-3.800 F400.000
G1 X-18.516 Y-178.563 Z-3.800 F400.000
G1 X-18.257 Y-178.597 Z-3.800 F400.000
G1 X-18.050 Y-178.611 Z-3.800 F400.000
G1 X-16.645 Y-178.611 Z-3.800 F400.000
G1 X-16.536 Y-178.622 Z-3.800 F400.000
G1 X-16.507 Y-178.631 Z-3.800 F400.000
G1 X-16.481 Y-178.645 Z-3.800 F400.000
G1 X-16.457 Y-178.664 Z-3.800 F400.000
G1 X-16.438 Y-178.688 Z-3.800 F400.000
G1 X-16.424 Y-178.714 Z-3.800 F400.000
G1 X-16.415 Y-178.743 Z-3.800 F400.000
G1 X-16.404 Y-178.852 Z-3.800 F400.000
G1 X-16.404 Y-181.743 Z-3.800 F400.000
G1 X-16.407 Y-181.803 Z-3.800 F400.000
G1 X-16.410 Y-181.821 Z-3.800 F400.000
G1 X-16.415 Y-181.838 Z-3.800 F400.000
G1 X-16.438 Y-181.894 Z-3.800 F400.000
G1 X-20.325 Y-190.230 Z-3.800 F400.000
G1 X-20.430 Y-190.486 Z-3.800 F400.000
G1 X-20.537 Y-190.834 Z-3.800 F400.000
G1 X-20.606 Y-191.191 Z-3.800 F400.000
G1 X-20.635 Y-191.554 Z-3.800 F400.000
G1 X-20.637 Y-200.120 Z-3.800 F400.000
G1 X-20.596 Y-200.617 Z-3.800 F400.000
G1 X-20.536 Y-200.923 Z-3.800 F400.000
G1 X-20.436 Y-201.251 Z-3.800 F400.000
G1 X-20.317 Y-201.538 Z-3.800 F400.000
G1 X-20.155 Y-201.841 Z-3.800 F400.000
G1 X-19.982 Y-202.100 Z-3.800 F400.000
G1 X-19.765 Y-202.365 Z-3.800 F400.000
G1 X-19.545 Y-202.585 Z-3.800 F400.000
G1 X-19.279 Y-202.803 Z-3.800 F400.000
G1 X-19.021 Y-202.976 Z-3.800 F400.000
G1 X-18.718 Y-203.137 Z-3.800 F400.000
G1 X-18.431 Y-203.256 Z-3.800 F400.000
G1 X-18.102 Y-203.356 Z-3.800 F400.000
G1 X-17.797 Y-203.417 Z-3.800 F400.000
G1 X-17.456 Y-203.450 Z-3.800 F400.000
G1 X-14.530 Y-203.458 Z-3.800 F400.000
G1 X-14.420 Y-203.469 Z-3.800 F400.000
G1 X-14.391 Y-203.477 Z-3.800 F400.000
G1 X-14.364 Y-203.492 Z-3.800 F400.000
G1 X-14.341 Y-203.511 Z-3.800 F400.000
G1 X-14.321 Y-203.534 Z-3.800 F400.000
G1 X-14.307 Y-203.561 Z-3.800 F400.000
G1 X-14.298 Y-203.590 Z-3.800 F400.000
G1 X-14.287 Y-203.698 Z-3.800 F400.000
G1 X-14.288 Y-205.405 Z-3.800 F400.000
G1 X-14.298 Y-205.513 Z-3.800 F400.000
G1 X-14.307 Y-205.542 Z-3.800 F400.000
G1 X-14.321 Y-205.569 Z-3.800 F400.000
G1 X-14.341 Y-205.592 Z-3.800 F400.000
G1 X-14.364 Y-205.612 Z-3.800 F400.000
G1 X-14.391 Y-205.626 Z-3.800 F400.000
G1 X-14.420 Y-205.635 Z-3.800 F400.000
G1 X-14.528 Y-205.645 Z-3.800 F400.000
G1 X-17.300 Y-205.645 Z-3.800 F400.000
G1 X-17.797 Y-205.687 Z-3.800 F400.000
G1 X-18.102 Y-205.747 Z-3.800 F400.000
G1 X-18.431 Y-205.847 Z-3.800 F400.000
G1 X-18.718 Y-205.966 Z-3.800 F400.000
G1 X-19.021 Y-206.128 Z-3.800 F400.000
G1 X-19.279 Y-206.301 Z-3.800 F400.000
G1 X-19.545 Y-206.518 Z-3.800 F400.000
G1 X-19.765 Y-206.738 Z-3.800 F400.000
G1 X-19.982 Y-207.004 Z-3.800 F400.000
G1 X-20.155 Y-207.262 Z-3.800 F400.000
G1 X-20.317 Y-207.565 Z-3.800 F400.000
G1 X-20.436 Y-207.852 Z-3.800 F400.000
G1 X-20.536 Y-208.181 Z-3.800 F400.000
G1 X-20.596 Y-208.486 Z-3.800 F400.000
G1 X-20.630 Y-208.827 Z-3.800 F400.000
G1 X-20.637 Y-227.500 Z-3.800 F400.000
G0 Z5.000
G0 X-20.637 Y-2.500
G0 Z3.000
G1 X-20.637 Y-2.500 Z-4.000 F250.000
G1 X-20.637 Y-22.908 Z-4.000 F400.000
G1 X-20.624 Y-23.115 Z-4.000 F400.000
G1 X-20.590 Y-23.374 Z-4.000 F400.000
G1 X-20.483 Y-23.774 Z-4.000 F400.000
G1 X-20.383 Y-24.015 Z-4.000 F400.000
G1 X-20.175 Y-24.374 Z-4.000 F400.000
G1 X-20.017 Y-24.581 Z-4.000 F400.000
G1 X-19.724 Y-24.874 Z-4.000 F400.000
G1 X-19.516 Y-25.033 Z-4.000 F400.000
G1 X-19.158 Y-25.240 Z-4.000 F400.000
G1 X-18.916 Y-25.340 Z-4.000 F400.000
G1 X-18.516 Y-25.447 Z-4.000 F400.000
G1 X-18.257 Y-25.481 Z-4.000 F400.000
G1 X-18.050 Y-25.495 Z-4.000 F400.000
G1 X-16.645 Y-25.495 Z-4.000 F400.000
G1 X-16.536 Y-25.506 Z-4.000 F400.000
G1 X-16.507 Y-25.514 Z-4.000 F400.000
G1 X-16.481 Y-25.529 Z-4.000 F400.000
G1 X-16.457 Y-25.548 Z-4.000 F400.000
G1 X-16.438 Y-25.571 Z-4.000 F400.000
G1 X-16.424 Y-25.598 Z-4.000 F400.000
G1 X-16.415 Y-25.627 Z-4.000 F400.000
G1 X-16.404 Y-25.735 Z-4.000 F400.000
G1 X-16.404 Y-28.627 Z-4.000 F400.000
G1 X-16.407 Y-28.687 Z-4.000 F400.000
G1 X-16.410 Y-28.705 Z-4.000 F400.000
G1 X-16.415 Y-28.721 Z-4.000 F400.000
G1 X-16.438 Y-28.778 Z-4.000 F400.000
G1 X-20.325 Y-37.114 Z-4.000 F400.000
G1 X-20.430 Y-37.370 Z-4.000 F400.000
G1 X-20.537 Y-37.718 Z-4.000 F400.000
G1 X-20.606 Y-38.075 Z-4.000 F400.000
G1 X-20.635 Y-38.438 Z-4.000 F400.000
G1 X-20.637 Y-61.187 Z-4.000 F400.000
G1 X-20.624 Y-61.394 Z-4.000 F400.000
G1 X-20.590 Y-61.653 Z-4.000 F400.000
G1 X-20.483 Y-62.053 Z-4.000 F400.000
G1 X-20.383 Y-62.294 Z-4.000 F400.000
G1 X-20.175 Y-62.653 Z-4.000 F400.000
G1 X-20.017 Y-62.860 Z-4.000 F400.000
G1 X-19.724 Y-63.153 Z-4.000 F400.000
G1 X-19.516 Y-63.312 Z-4.000 F400.000
G1 X-19.158 Y-63.519 Z-4.000 F400.000
G1 X-18.916 Y-63.619 Z-4.000 F400.000
G1 X-18.516 Y-63.726 Z-4.000 F400.000
G1 X-18.257 Y-63.760 Z-4.000 F400.000
G1 X-18.050 Y-63.774 Z-4.000 F400.000
G1 X-16.645 Y-63.774 Z-4.000 F400.000
G1 X-16.536 Y-63.785 Z-4.000 F400.000
G1 X-16.507 Y-63.793 Z-4.000 F400.000
G1 X-16.481 Y-63.808 Z-4.000 F400.000
G1 X-16.457 Y-63.827 Z-4.000 F400.000
G1 X-16.438 Y-63.850 Z-4.000 F400.000
G1 X-16.424 Y-63.877 Z-4.000 F400.000
G1 X-16.415 Y-63.906 Z-4.000 F400.000
G1 X-16.404 Y-64.014 Z-4.000 F400.000
G1 X-16.404 Y-66.906 Z-4.000 F400.000
G1 X-16.407 Y-66.966 Z-4.000 F400.000
G1 X-16.410 Y-66.984 Z-4.000 F400.000
G1 X-16.415 Y-67.000 Z-4.000 F400.000
G1 X-16.438 Y-67.057 Z-4.000 F400.000
G1 X-20.325 Y-75.393 Z-4.000 F400.000
G1 X-20.430 Y-75.649 Z-4.000 F400.000
G1 X-20.537 Y-75.997 Z-4.000 F400.000
G1 X-20.606 Y-76.354 Z-4.000 F400.000
G1 X-20.635 Y-76.717 Z-4.000 F400.000
G1 X-20.637 Y-99.466 Z-4.000 F400.000
G1 X-20.624 Y-99.673 Z-4.000 F400.000
G1 X-20.590 Y-99.932 Z-4.000 F400.000
G1 X-20.483 Y-100.332 Z-4.000 F400.000
G1 X-20.383 Y-100.573 Z-4.000 F400.000
G1 X-20.175 Y-100.932 Z-4.000 F400.000
G1 X-20.017 Y-101.139 Z-4.000 F400.000
G1 X-19.724 Y-101.432 Z-4.000 F400.000
G1 X-19.516 Y-101.591 Z-4.000 F400.000
G1 X-19.158 Y-101.798 Z-4.000 F400.000
G1 X-18.916 Y-101.898 Z-4.000 F400.000
G1 X-18.516 Y-102.005 Z-4.000 F400.000
G1 X-18.257 Y-102.039 Z-4.000 F400.000
G1 X-18.050 Y-102.053 Z-4.000 F400.000
G1 X-16.645 Y-102.053 Z-4.000 F400.000
G1 X-16.536 Y-102.064 Z-4.000 F400.000
G1 X-16.507 Y-102.072 Z-4.000 F400.000
G1 X-16.481 Y-102.087 Z-4.000 F400.000
G1 X-16.457 Y-102.106 Z-4.000 F400.000
G1 X-16.438 Y-102.130 Z-4.000 F400.000
G1 X-16.424 Y-102.156 Z-4.000 F400.000
G1 X-16.415 Y-102.185 Z-4.000 F400.000
G1 X-16.404 Y-102.294 Z-4.000 F400.000
G1 X-16.404 Y-105.185 Z-4.000 F400.000
G1 X-16.407 Y-105.245 Z-4.000 F400.000
G1 X-16.410 Y-105.263 Z-4.000 F400.000
G1 X-16.415 Y-105.279 Z-4.000 F400.000
G1 X-16.438 Y-105.336 Z-4.000 F400.000
G1 X-20.325 Y-113.672 Z-4.000 F400.000
G1 X-20.430 Y-113.928 Z-4.000 F400.000
G1 X-20.537 Y-114.276 Z-4.000 F400.000
G1 X-20.606 Y-114.633 Z-4.000 F400.000
G1 X-20.635 Y-114.996 Z-4.000 F400.000
G1 X-20.637 Y-137.745 Z-4.000 F400.000
G1 X-20.624 Y-137.952 Z-4.000 F400.000
G1 X-20.590 Y-138.211 Z-4.000 F400.000
G1 X-20.483 Y-138.611 Z-4.000 F400.000
G1 X-20.383 Y-138.852 Z-4.000 F400.000
G1 X-20.175 Y-139.211 Z-4.000 F400.000
G1 X-20.017 Y-139.418 Z-4.000 F400.000
G1 X-19.724 Y-139.711 Z-4.000 F400.000
G1 X-19.516 Y-139.870 Z-4.000 F400.000
G1 X-19.158 Y-140.077 Z-4.000 F400.000
G1 X-18.916 Y-140.177 Z-4.000 F400.000
G1 X-18.516 Y-140.284 Z-4.000 F400.000
G1 X-18.257 Y-140.318 Z-4.000 F400.000
G1 X-18.050 Y-140.332 Z-4.000 F400.000
G1 X-16.645 Y-140.332 Z-4.000 F400.000
G1 X-16.536 Y-140.343 Z-4.000 F400.000
G1 X-16.507 Y-140.351 Z-4.000 F400.000
G1 X-16.481 Y-140.366 Z-4.000 F400.000
G1 X-16.457 Y-140.385 Z-4.000 F400.000
G1 X-16.438 Y-140.409 Z-4.000 F400.000
G1 X-16.424 Y-140.435 Z-4.000 F400.000
G1 X-16.415 Y-140.464 Z-4.000 F400.000
G1 X-16.404 Y-140.573 Z-4.000 F400.000
G1 X-16.404 Y-143.464 Z-4.000 F400.000
G1 X-16.407 Y-143.524 Z-4.000 F400.000
G1 X-16.410 Y-143.542 Z-4.000 F400.000
G1 X-16.415 Y-143.559 Z-4.000 F400.000
G1 X-16.438 Y-143.615 Z-4.000 F400.000
G1 X-20.325 Y-151.951 Z-4.000 F400.000
G1 X-20.430 Y-152.207 Z-4.000 F400.000
G1 X-20.537 Y-152.555 Z-4.000 F400.000
G1 X-20.606 Y-152.912 Z-4.000 F400.000
G1 X-20.635 Y-153.275 Z-4.000 F400.000
G1 X-20.637 Y-176.024 Z-4.000 F400.000
G1 X-20.624 Y-176.231 Z-4.000 F400.000
G1 X-20.590 Y-176.490 Z-4.000 F400.000
G1 X-20.483 Y-176.890 Z-4.000 F400.000
G1 X-20.383 Y-177.131 Z-4.000 F400.000
G1 X-20.175 Y-177.490 Z-4.000 F400.000
G1 X-20.017 Y-177.697 Z-4.000 F400.000
G1 X-19.724 Y-177.990 Z-4.000 F400.000
G1 X-19.516 Y-178.149 Z-4.000 F400.000
G1 X-19.158 Y-178.356 Z-4.000 F400.000
G1 X-18.916 Y-178.456 Z-4.000 F400.000
G1 X-18.516 Y-178.563 Z-4.000 F400.000
G1 X-18.257 Y-178.597 Z-4.000 F400.000
G1 X-18.050 Y-178.611 Z-4.000 F400.000
G1 X-16.645 Y-178.611 Z-4.000 F400.000
G1 X-16.536 Y-178.622 Z-4.000 F400.000
G1 X-16.507 Y-178.631 Z-4.000 F400.000
G1 X-16.481 Y-178.645 Z-4.000 F400.000
G1 X-16.457 Y-178.664 Z-4.000 F400.000
G1 X-16.438 Y-178.688 Z-4.000 F400.000
G1 X-16.424 Y-178.714 Z-4.000 F400.000
G1 X-16.415 Y-178.743 Z-4.000 F400.000
G1 X-16.404 Y-178.852 Z-4.000 F400.000
G1 X-16.404 Y-181.743 Z-4.000 F400.000
G1 X-16.407 Y-181.803 Z-4.000 F400.000
G1 X-16.410 Y-181.821 Z-4.000 F400.000
G1 X-16.415 Y-181.838 Z-4.000 F400.000
G1 X-16.438 Y-181.894 Z-4.000 F400.000
G1 X-20.325 Y-190.230 Z-4.000 F400.000
G1 X-20.430 Y-190.486 Z-4.000 F400.000
G1 X-20.537 Y-190.834 Z-4.000 F400.000
G1 X-20.606 Y-191.191 Z-4.000 F400.000
G1 X-20.635 Y-191.554 Z-4.000 F400.000
G1 X-20.637 Y-200.120 Z-4.000 F400.000
G1 X-20.596 Y-200.617 Z-4.000 F400.000
G1 X-20.536 Y-200.923 Z-4.000 F400.000
G1 X-20.436 Y-201.251 Z-4.000 F400.000
G1 X-20.317 Y-201.538 Z-4.000 F400.000
G1 X-20.155 Y-201.841 Z-4.000 F400.000
G1 X-19.982 Y-202.100 Z-4.000 F400.000
G1 X-19.765 Y-202.365 Z-4.000 F400.000
G1 X-19.545 Y-202.585 Z-4.000 F400.000
G1 X-19.279 Y-202.803 Z-4.000 F400.000
G1 X-19.021 Y-202.976 Z-4.000 F400.000
G1 X-18.718 Y-203.137 Z-4.000 F400.000
G1 X-18.431 Y-203.256 Z-4.000 F400.000
G1 X-18.102 Y-203.356 Z-4.000 F400.000
G1 X-17.797 Y-203.417 Z-4.000 F400.000
G1 X-17.456 Y-203.450 Z-4.000 F400.000
G1 X-14.530 Y-203.458 Z-4.000 F400.000
G1 X-14.420 Y-203.469 Z-4.000 F400.000
G1 X-14.391 Y-203.477 Z-4.000 F400.000
G1 X-14.364 Y-203.492 Z-4.000 F400.000
G1 X-14.341 Y-203.511 Z-4.000 F400.000
G1 X-14.321 Y-203.534 Z-4.000 F400.000
G1 X-14.307 Y-203.561 Z-4.000 F400.000
G1 X-14.298 Y-203.590 Z-4.000 F400.000
G1 X-14.287 Y-203.698 Z-4.000 F400.000
G1 X-14.288 Y-205.405 Z-4.000 F400.000
G1 X-14.298 Y-205.513 Z-4.000 F400.000
G1 X-14.307 Y-205.542 Z-4.000 F400.000
G1 X-14.321 Y-205.569 Z-4.000 F400.000
G1 X-14.341 Y-205.592 Z-4.000 F400.000
G1 X-14.364 Y-205.612 Z-4.000 F400.000
G1 X-14.391 Y-205.626 Z-4.000 F400.000
G1 X-14.420 Y-205.635 Z-4.000 F400.000
G1 X-14.528 Y-205.645 Z-4.000 F400.000
G1 X-17.300 Y-205.645 Z-4.000 F400.000
G1 X-17.797 Y-205.687 Z-4.000 F400.000
G1 X-18.102 Y-205.747 Z-4.000 F400.000
G1 X-18.431 Y-205.847 Z-4.000 F400.000
G1 X-18.718 Y-205.966 Z-4.000 F400.000
G1 X-19.021 Y-206.128 Z-4.000 F400.000
G1 X-19.279 Y-206.301 Z-4.000 F400.000
G1 X-19.545 Y-206.518 Z-4.000 F400.000
G1 X-19.765 Y-206.738 Z-4.000 F400.000
G1 X-19.982 Y-207.004 Z-4.000 F400.000
G1 X-20.155 Y-207.262 Z-4.000 F400.000
G1 X-20.317 Y-207.565 Z-4.000 F400.000
G1 X-20.436 Y-207.852 Z-4.000 F400.000
G1 X-20.536 Y-208.181 Z-4.000 F400.000
G1 X-20.596 Y-208.486 Z-4.000 F400.000
G1 X-20.630 Y-208.827 Z-4.000 F400.000
G1 X-20.637 Y-227.500 Z-4.000 F400.000
G0 Z5.000
G0 X-20.637 Y-2.500
G0 Z3.000
G1 X-20.637 Y-2.500 Z-4.200 F250.000
G1 X-20.637 Y-22.908 Z-4.200 F400.000
G1 X-20.624 Y-23.115 Z-4.200 F400.000
G1 X-20.590 Y-23.374 Z-4.200 F400.000
G1 X-20.483 Y-23.774 Z-4.200 F400.000
G1 X-20.383 Y-24.015 Z-4.200 F400.000
G1 X-20.175 Y-24.374 Z-4.200 F400.000
G1 X-20.017 Y-24.581 Z-4.200 F400.000
G1 X-19.724 Y-24.874 Z-4.200 F400.000
G1 X-19.516 Y-25.033 Z-4.200 F400.000
G1 X-19.158 Y-25.240 Z-4.200 F400.000
G1 X-18.916 Y-25.340 Z-4.200 F400.000
G1 X-18.516 Y-25.447 Z-4.200 F400.000
G1 X-18.257 Y-25.481 Z-4.200 F400.000
G1 X-18.050 Y-25.495 Z-4.200 F400.000
G1 X-16.645 Y-25.495 Z-4.200 F400.000
G1 X-16.536 Y-25.506 Z-4.200 F400.000
G1 X-16.507 Y-25.514 Z-4.200 F400.000
G1 X-16.481 Y-25.529 Z-4.200 F400.000
G1 X-16.457 Y-25.548 Z-4.200 F400.000
G1 X-16.438 Y-25.571 Z-4.200 F400.000
G1 X-16.424 Y-25.598 Z-4.200 F400.000
G1 X-16.415 Y-25.627 Z-4.200 F400.000
G1 X-16.404 Y-25.735 Z-4.200 F400.000
G1 X-16.404 Y-28.627 Z-4.200 F400.000
G1 X-16.407 Y-28.687 Z-4.200 F400.000
G1 X-16.410 Y-28.705 Z-4.200 F400.000
G1 X-16.415 Y-28.721 Z-4.200 F400.000
G1 X-16.438 Y-28.778 Z-4.200 F400.000
G1 X-20.325 Y-37.114 Z-4.200 F400.000
G1 X-20.430 Y-37.370 Z-4.200 F400.000
G1 X-20.537 Y-37.718 Z-4.200 F400.000
G1 X-20.606 Y-38.075 Z-4.200 F400.000
G1 X-20.635 Y-38.438 Z-4.200 F400.000
G1 X-20.637 Y-61.187 Z-4.200 F400.000
G1 X-20.624 Y-61.394 Z-4.200 F400.000
G1 X-20.590 Y-61.653 Z-4.200 F400.000
G1 X-20.483 Y-62.053 Z-4.200 F400.000
G1 X-20.383 Y-62.294 Z-4.200 F400.000
G1 X-20.175 Y-62.653 Z-4.200 F400.000
G1 X-20.017 Y-62.860 Z-4.200 F400.000
G1 X-19.724 Y-63.153 Z-4.200 F400.000
G1 X-19.516 Y-63.312 Z-4.200 F400.000
G1 X-19.158 Y-63.519 Z-4.200 F400.000
G1 X-18.916 Y-63.619 Z-4.200 F400.000
G1 X-18.516 Y-63.726 Z-4.200 F400.000
G1 X-18.257 Y-63.760 Z-4.200 F400.000
G1 X-18.050 Y-63.774 Z-4.200 F400.000
G1 X-16.645 Y-63.774 Z-4.200 F400.000
G1 X-16.536 Y-63.785 Z-4.200 F400.000
G1 X-16.507 Y-63.793 Z-4.200 F400.000
G1 X-16.481 Y-63.808 Z-4.200 F400.000
G1 X-16.457 Y-63.827 Z-4.200 F400.000
G1 X-16.438 Y-63.850 Z-4.200 F400.000
G1 X-16.424 Y-63.877 Z-4.200 F400.000
G1 X-16.415 Y-63.906 Z-4.200 F400.000
G1 X-16.404 Y-64.014 Z-4.200 F400.000
G1 X-16.404 Y-66.906 Z-4.200 F400.000
G1 X-16.407 Y-66.966 Z-4.200 F400.000
G1 X-16.410 Y-66.984 Z-4.200 F400.000
G1 X-16.415 Y-67.000 Z-4.200 F400.000
G1 X-16.438 Y-67.057 Z-4.200 F400.000
G1 X-20.325 Y-75.393 Z-4.200 F400.000
G1 X-20.430 Y-75.649 Z-4.200 F400.000
G1 X-20.537 Y-75.997 Z-4.200 F400.000
G1 X-20.606 Y-76.354 Z-4.200 F400.000
G1 X-20.635 Y-76.717 Z-4.200 F400.000
G1 X-20.637 Y-99.466 Z-4.200 F400.000
G1 X-20.624 Y-99.673 Z-4.200 F400.000
G1 X-20.590 Y-99.932 Z-4.200 F400.000
G1 X-20.483 Y-100.332 Z-4.200 F400.000
G1 X-20.383 Y-100.573 Z-4.200 F400.000
G1 X-20.175 Y-100.932 Z-4.200 F400.000
G1 X-20.017 Y-101.139 Z-4.200 F400.000
G1 X-19.724 Y-101.432 Z-4.200 F400.000
G1 X-19.516 Y-101.591 Z-4.200 F400.000
G1 X-19.158 Y-101.798 Z-4.200 F400.000
G1 X-18.916 Y-101.898 Z-4.200 F400.000
G1 X-18.516 Y-102.005 Z-4.200 F400.000
G1 X-18.257 Y-102.039 Z-4.200 F400.000
G1 X-18.050 Y-102.053 Z-4.200 F400.000
G1 X-16.645 Y-102.053 Z-4.200 F400.000
G1 X-16.536 Y-102.064 Z-4.200 F400.000
G1 X-16.507 Y-102.072 Z-4.200 F400.000
G1 X-16.481 Y-102.087 Z-4.200 F400.000
G1 X-16.457 Y-102.106 Z-4.200 F400.000
G1 X-16.438 Y-102.130 Z-4.200 F400.000
G1 X-16.424 Y-102.156 Z-4.200 F400.000
G1 X-16.415 Y-102.185 Z-4.200 F400.000
G1 X-16.404 Y-102.294 Z-4.200 F400.000
G1 X-16.404 Y-105.185 Z-4.200 F400.000
G1 X-16.407 Y-105.245 Z-4.200 F400.000
G1 X-16.410 Y-105.263 Z-4.200 F400.000
G1 X-16.415 Y-105.279 Z-4.200 F400.000
G1 X-16.438 Y-105.336 Z-4.200 F400.000
G1 X-20.325 Y-113.672 Z-4.200 F400.000
G1 X-20.430 Y-113.928 Z-4.200 F400.000
G1 X-20.537 Y-114.276 Z-4.200 F400.000
G1 X-20.606 Y-114.633 Z-4.200 F400.000
G1 X-20.635 Y-114.996 Z-4.200 F400.000
G1 X-20.637 Y-137.745 Z-4.200 F400.000
G1 X-20.624 Y-137.952 Z-4.200 F400.000
G1 X-20.590 Y-138.211 Z-4.200 F400.000
G1 X-20.483 Y-138.611 Z-4.200 F400.000
G1 X-20.383 Y-138.852 Z-4.200 F400.000
G1 X-20.175 Y-139.211 Z-4.200 F400.000
G1 X-20.017 Y-139.418 Z-4.200 F400.000
G1 X-19.724 Y-139.711 Z-4.200 F400.000
G1 X-19.516 Y-139.870 Z-4.200 F400.000
G1 X-19.158 Y-140.077 Z-4.200 F400.000
G1 X-18.916 Y-140.177 Z-4.200 F400.000
G1 X-18.516 Y-140.284 Z-4.200 F400.000
G1 X-18.257 Y-140.318 Z-4.200 F400.000
G1 X-18.050 Y-140.332 Z-4.200 F400.000
G1 X-16.645 Y-140.332 Z-4.200 F400.000
G1 X-16.536 Y-140.343 Z-4.200 F400.000
G1 X-16.507 Y-140.351 Z-4.200 F400.000
G1 X-16.481 Y-140.366 Z-4.200 F400.000
G1 X-16.457 Y-140.385 Z-4.200 F400.000
G1 X-16.438 Y-140.409 Z-4.200 F400.000
G1 X-16.424 Y-140.435 Z-4.200 F400.000
G1 X-16.415 Y-140.464 Z-4.200 F400.000
G1 X-16.404 Y-140.573 Z-4.200 F400.000
G1 X-16.404 Y-143.464 Z-4.200 F400.000
G1 X-16.407 Y-143.524 Z-4.200 F400.000
G1 X-16.410 Y-143.542 Z-4.200 F400.000
G1 X-16.415 Y-143.559 Z-4.200 F400.000
G1 X-16.438 Y-143.615 Z-4.200 F400.000
G1 X-20.325 Y-151.951 Z-4.200 F400.000
G1 X-20.430 Y-152.207 Z-4.200 F400.000
G1 X-20.537 Y-152.555 Z-4.200 F400.000
G1 X-20.606 Y-152.912 Z-4.200 F400.000
G1 X-20.635 Y-153.275 Z-4.200 F400.000
G1 X-20.637 Y-176.024 Z-4.200 F400.000
G1 X-20.624 Y-176.231 Z-4.200 F400.000
G1 X-20.590 Y-176.490 Z-4.200 F400.000
G1 X-20.483 Y-176.890 Z-4.200 F400.000
G1 X-20.383 Y-177.131 Z-4.200 F400.000
G1 X-20.175 Y-177.490 Z-4.200 F400.000
G1 X-20.017 Y-177.697 Z-4.200 F400.000
G1 X-19.724 Y-177.990 Z-4.200 F400.000
G1 X-19.516 Y-178.149 Z-4.200 F400.000
G1 X-19.158 Y-178.356 Z-4.200 F400.000
G1 X-18.916 Y-178.456 Z-4.200 F400.000
G1 X-18.516 Y-178.563 Z-4.200 F400.000
G1 X-18.257 Y-178.597 Z-4.200 F400.000
G1 X-18.050 Y-178.611 Z-4.200 F400.000
G1 X-16.645 Y-178.611 Z-4.200 F400.000
G1 X-16.536 Y-178.622 Z-4.200 F400.000
G1 X-16.507 Y-178.631 Z-4.200 F400.000
G1 X-16.481 Y-178.645 Z-4.200 F400.000
G1 X-16.457 Y-178.664 Z-4.200 F400.000
G1 X-16.438 Y-178.688 Z-4.200 F400.000
G1 X-16.424 Y-178.714 Z-4.200 F400.000
G1 X-16.415 Y-178.743 Z-4.200 F400.000
G1 X-16.404 Y-178.852 Z-4.200 F400.000
G1 X-16.404 Y-181.743 Z-4.200 F400.000
G1 X-16.407 Y-181.803 Z-4.200 F400.000
G1 X-16.410 Y-181.821 Z-4.200 F400.000
G1 X-16.415 Y-181.838 Z-4.200 F400.000
G1 X-16.438 Y-181.894 Z-4.200 F400.000
G1 X-20.325 Y-190.230 Z-4.200 F400.000
G1 X-20.430 Y-190.486 Z-4.200 F400.000
G1 X-20.537 Y-190.834 Z-4.200 F400.000
G1 X-20.606 Y-191.191 Z-4.200 F400.000
G1 X-20.635 Y-191.554 Z-4.200 F400.000
G1 X-20.637 Y-200.120 Z-4.200 F400.000
G1 X-20.596 Y-200.617 Z-4.200 F400.000
G1 X-20.536 Y-200.923 Z-4.200 F400.000
G1 X-20.436 Y-201.251 Z-4.200 F400.000
G1 X-20.317 Y-201.538 Z-4.200 F400.000
G1 X-20.155 Y-201.841 Z-4.200 F400.000
G1 X-19.982 Y-202.100 Z-4.200 F400.000
G1 X-19.765 Y-202.365 Z-4.200 F400.000
G1 X-19.545 Y-202.585 Z-4.200 F400.000
G1 X-19.279 Y-202.803 Z-4.200 F400.000
G1 X-19.021 Y-202.976 Z-4.200 F400.000
G1 X-18.718 Y-203.137 Z-4.200 F400.000
G1 X-18.431 Y-203.256 Z-4.200 F400.000
G1 X-18.102 Y-203.356 Z-4.200 F400.000
G1 X-17.797 Y-203.417 Z-4.200 F400.000
G1 X-17.456 Y-203.450 Z-4.200 F400.000
G1 X-14.530 Y-203.458 Z-4.200 F400.000
G1 X-14.420 Y-203.469 Z-4.200 F400.000
G1 X-14.391 Y-203.477 Z-4.200 F400.000
G1 X-14.364 Y-203.492 Z-4.200 F400.000
G1 X-14.341 Y-203.511 Z-4.200 F400.000
G1 X-14.321 Y-203.534 Z-4.200 F400.000
G1 X-14.307 Y-203.561 Z-4.200 F400.000
G1 X-14.298 Y-203.590 Z-4.200 F400.000
G1 X-14.287 Y-203.698 Z-4.200 F400.000
G1 X-14.288 Y-205.405 Z-4.200 F400.000
G1 X-14.298 Y-205.513 Z-4.200 F400.000
G1 X-14.307 Y-205.542 Z-4.200 F400.000
G1 X-14.321 Y-205.569 Z-4.200 F400.000
G1 X-14.341 Y-205.592 Z-4.200 F400.000
G1 X-14.364 Y-205.612 Z-4.200 F400.000
G1 X-14.391 Y-205.626 Z-4.200 F400.000
G1 X-14.420 Y-205.635 Z-4.200 F400.000
G1 X-14.528 Y-205.645 Z-4.200 F400.000
G1 X-17.300 Y-205.645 Z-4.200 F400.000
G1 X-17.797 Y-205.687 Z-4.200 F400.000
G1 X-18.102 Y-205.747 Z-4.200 F400.000
G1 X-18.431 Y-205.847 Z-4.200 F400.000
G1 X-18.718 Y-205.966 Z-4.200 F400.000
G1 X-19.021 Y-206.128 Z-4.200 F400.000
G1 X-19.279 Y-206.301 Z-4.200 F400.000
G1 X-19.545 Y-206.518 Z-4.200 F400.000
G1 X-19.765 Y-206.738 Z-4.200 F400.000
G1 X-19.982 Y-207.004 Z-4.200 F400.000
G1 X-20.155 Y-207.262 Z-4.200 F400.000
G1 X-20.317 Y-207.565 Z-4.200 F400.000
G1 X-20.436 Y-207.852 Z-4.200 F400.000
G1 X-20.536 Y-208.181 Z-4.200 F400.000
G1 X-20.596 Y-208.486 Z-4.200 F400.000
G1 X-20.630 Y-208.827 Z-4.200 F400.000
G1 X-20.637 Y-227.500 Z-4.200 F400.000
G0 Z5.000
G0 X-20.637 Y-2.500
G0 Z3.000
G1 X-20.637 Y-2.500 Z-4.400 F250.000
G1 X-20.637 Y-22.908 Z-4.400 F400.000
G1 X-20.624 Y-23.115 Z-4.400 F400.000
G1 X-20.590 Y-23.374 Z-4.400 F400.000
G1 X-20.483 Y-23.774 Z-4.400 F400.000
G1 X-20.383 Y-24.015 Z-4.400 F400.000
G1 X-20.175 Y-24.374 Z-4.400 F400.000
G1 X-20.017 Y-24.581 Z-4.400 F400.000
G1 X-19.724 Y-24.874 Z-4.400 F400.000
G1 X-19.516 Y-25.033 Z-4.400 F400.000
G1 X-19.158 Y-25.240 Z-4.400 F400.000
G1 X-18.916 Y-25.340 Z-4.400 F400.000
G1 X-18.516 Y-25.447 Z-4.400 F400.000
G1 X-18.257 Y-25.481 Z-4.400 F400.000
G1 X-18.050 Y-25.495 Z-4.400 F400.000
G1 X-16.645 Y-25.495 Z-4.400 F400.000
G1 X-16.536 Y-25.506 Z-4.400 F400.000
G1 X-16.507 Y-25.514 Z-4.400 F400.000
G1 X-16.481 Y-25.529 Z-4.400 F400.000
G1 X-16.457 Y-25.548 Z-4.400 F400.000
G1 X-16.438 Y-25.571 Z-4.400 F400.000
G1 X-16.424 Y-25.598 Z-4.400 F400.000
G1 X-16.415 Y-25.627 Z-4.400 F400.000
G1 X-16.404 Y-25.735 Z-4.400 F400.000
G1 X-16.404 Y-28.627 Z-4.400 F400.000
G1 X-16.407 Y-28.687 Z-4.400 F400.000
G1 X-16.410 Y-28.705 Z-4.400 F400.000
G1 X-16.415 Y-28.721 Z-4.400 F400.000
G1 X-16.438 Y-28.778 Z-4.400 F400.000
G1 X-20.325 Y-37.114 Z-4.400 F400.000
G1 X-20.430 Y-37.370 Z-4.400 F400.000
G1 X-20.537 Y-37.718 Z-4.400 F400.000
G1 X-20.606 Y-38.075 Z-4.400 F400.000
G1 X-20.635 Y-38.438 Z-4.400 F400.000
G1 X-20.637 Y-61.187 Z-4.400 F400.000
G1 X-20.624 Y-61.394 Z-4.400 F400.000
G1 X-20.590 Y-61.653 Z-4.400 F400.000
G1 X-20.483 Y-62.053 Z-4.400 F400.000
G1 X-20.383 Y-62.294 Z-4.400 F400.000
G1 X-20.175 Y-62.653 Z-4.400 F400.000
G1 X-20.017 Y-62.860 Z-4.400 F400.000
G1 X-19.724 Y-63.153 Z-4.400 F400.000
G1 X-19.516 Y-63.312 Z-4.400 F400.000
G1 X-19.158 Y-63.519 Z-4.400 F400.000
G1 X-18.916 Y-63.619 Z-4.400 F400.000
G1 X-18.516 Y-63.726 Z-4.400 F400.000
G1 X-18.257 Y-63.760 Z-4.400 F400.000
G1 X-18.050 Y-63.774 Z-4.400 F400.000
G1 X-16.645 Y-63.774 Z-4.400 F400.000
G1 X-16.536 Y-63.785 Z-4.400 F400.000
G1 X-16.507 Y-63.793 Z-4.400 F400.000
G1 X-16.481 Y-63.808 Z-4.400 F400.000
G1 X-16.457 Y-63.827 Z-4.400 F400.000
G1 X-16.438 Y-63.850 Z-4.400 F400.000
G1 X-16.424 Y-63.877 Z-4.400 F400.000
G1 X-16.415 Y-63.906 Z-4.400 F400.000
G1 X-16.404 Y-64.014 Z-4.400 F400.000
G1 X-16.404 Y-66.906 Z-4.400 F400.000
G1 X-16.407 Y-66.966 Z-4.400 F400.000
G1 X-16.410 Y-66.984 Z-4.400 F400.000
G1 X-16.415 Y-67.000 Z-4.400 F400.000
G1 X-16.438 Y-67.057 Z-4.400 F400.000
G1 X-20.325 Y-75.393 Z-4.400 F400.000
G1 X-20.430 Y-75.649 Z-4.400 F400.000
G1 X-20.537 Y-75.997 Z-4.400 F400.000
G1 X-20.606 Y-76.354 Z-4.400 F400.000
G1 X-20.635 Y-76.717 Z-4.400 F400.000
G1 X-20.637 Y-99.466 Z-4.400 F400.000
G1 X-20.624 Y-99.673 Z-4.400 F400.000
G1 X-20.590 Y-99.932 Z-4.400 F400.000
G1 X-20.483 Y-100.332 Z-4.400 F400.000
G1 X-20.383 Y-100.573 Z-4.400 F400.000
G1 X-20.175 Y-100.932 Z-4.400 F400.000
G1 X-20.017 Y-101.139 Z-4.400 F400.000
G1 X-19.724 Y-101.432 Z-4.400 F400.000
G1 X-19.516 Y-101.591 Z-4.400 F400.000
G1 X-19.158 Y-101.798 Z-4.400 F400.000
G1 X-18.916 Y-101.898 Z-4.400 F400.000
G1 X-18.516 Y-102.005 Z-4.400 F400.000
G1 X-18.257 Y-102.039 Z-4.400 F400.000
G1 X-18.050 Y-102.053 Z-4.400 F400.000
G1 X-16.645 Y-102.053 Z-4.400 F400.000
G1 X-16.536 Y-102.064 Z-4.400 F400.000
G1 X-16.507 Y-102.072 Z-4.400 F400.000
G1 X-16.481 Y-102.087 Z-4.400 F400.000
G1 X-16.457 Y-102.106 Z-4.400 F400.000
G1 X-16.438 Y-102.130 Z-4.400 F400.000
G1 X-16.424 Y-102.156 Z-4.400 F400.000
G1 X-16.415 Y-102.185 Z-4.400 F400.000
G1 X-16.404 Y-102.294 Z-4.400 F400.000
G1 X-16.404 Y-105.185 Z-4.400 F400.000
G1 X-16.407 Y-105.245 Z-4.400 F400.000
G1 X-16.410 Y-105.263 Z-4.400 F400.000
G1 X-16.415 Y-105.279 Z-4.400 F400.000
G1 X-16.438 Y-105.336 Z-4.400 F400.000
G1 X-20.325 Y-113.672 Z-4.400 F400.000
G1 X-20.430 Y-113.928 Z-4.400 F400.000
G1 X-20.537 Y-114.276 Z-4.400 F400.000
G1 X-20.606 Y-114.633 Z-4.400 F400.000
G1 X-20.635 Y-114.996 Z-4.400 F400.000
G1 X-20.637 Y-137.745 Z-4.400 F400.000
G1 X-20.624 Y-137.952 Z-4.400 F400.000
G1 X-20.590 Y-138.211 Z-4.400 F400.000
G1 X-20.483 Y-138.611 Z-4.400 F400.000
G1 X-20.383 Y-138.852 Z-4.400 F400.000
G1 X-20.175 Y-139.211 Z-4.400 F400.000
G1 X-20.017 Y-139.418 Z-4.400 F400.000
G1 X-19.724 Y-139.711 Z-4.400 F400.000
G1 X-19.516 Y-139.870 Z-4.400 F400.000
G1 X-19.158 Y-140.077 Z-4.400 F400.000
G1 X-18.916 Y-140.177 Z-4.400 F400.000
G1 X-18.516 Y-140.284 Z-4.400 F400.000
G1 X-18.257 Y-140.318 Z-4.400 F400.000
G1 X-18.050 Y-140.332 Z-4.400 F400.000
G1 X-16.645 Y-140.332 Z-4.400 F400.000
G1 X-16.536 Y-140.343 Z-4.400 F400.000
G1 X-16.507 Y-140.351 Z-4.400 F400.000
G1 X-16.481 Y-140.366 Z-4.400 F400.000
G1 X-16.457 Y-140.385 Z-4.400 F400.000
G1 X-16.438 Y-140.409 Z-4.400 F400.000
G1 X-16.424 Y-140.435 Z-4.400 F400.000
G1 X-16.415 Y-140.464 Z-4.400 F400.000
G1 X-16.404 Y-140.573 Z-4.400 F400.000
G1 X-16.404 Y-143.464 Z-4.400 F400.000
G1 X-16.407 Y-143.524 Z-4.400 F400.000
G1 X-16.410 Y-143.542 Z-4.400 F400.000
G1 X-16.415 Y-143.559 Z-4.400 F400.000
G1 X-16.438 Y-143.615 Z-4.400 F400.000
G1 X-20.325 Y-151.951 Z-4.400 F400.000
G1 X-20.430 Y-152.207 Z-4.400 F400.000
G1 X-20.537 Y-152.555 Z-4.400 F400.000
G1 X-20.606 Y-152.912 Z-4.400 F400.000
G1 X-20.635 Y-153.275 Z-4.400 F400.000
G1 X-20.637 Y-176.024 Z-4.400 F400.000
G1 X-20.624 Y-176.231 Z-4.400 F400.000
G1 X-20.590 Y-176.490 Z-4.400 F400.000
G1 X-20.483 Y-176.890 Z-4.400 F400.000
G1 X-20.383 Y-177.131 Z-4.400 F400.000
G1 X-20.175 Y-177.490 Z-4.400 F400.000
G1 X-20.017 Y-177.697 Z-4.400 F400.000
G1 X-19.724 Y-177.990 Z-4.400 F400.000
G1 X-19.516 Y-178.149 Z-4.400 F400.000
G1 X-19.158 Y-178.356 Z-4.400 F400.000
G1 X-18.916 Y-178.456 Z-4.400 F400.000
G1 X-18.516 Y-178.563 Z-4.400 F400.000
G1 X-18.257 Y-178.597 Z-4.400 F400.000
G1 X-18.050 Y-178.611 Z-4.400 F400.000
G1 X-16.645 Y-178.611 Z-4.400 F400.000
G1 X-16.536 Y-178.622 Z-4.400 F400.000
G1 X-16.507 Y-178.631 Z-4.400 F400.000
G1 X-16.481 Y-178.645 Z-4.400 F400.000
G1 X-16.457 Y-178.664 Z-4.400 F400.000
G1 X-16.438 Y-178.688 Z-4.400 F400.000
G1 X-16.424 Y-178.714 Z-4.400 F400.000
G1 X-16.415 Y-178.743 Z-4.400 F400.000
G1 X-16.404 Y-178.852 Z-4.400 F400.000
G1 X-16.404 Y-181.743 Z-4.400 F400.000
G1 X-16.407 Y-181.803 Z-4.400 F400.000
G1 X-16.410 Y-181.821 Z-4.400 F400.000
G1 X-16.415 Y-181.838 Z-4.400 F400.000
G1 X-16.438 Y-181.894 Z-4.400 F400.000
G1 X-20.325 Y-190.230 Z-4.400 F400.000
G1 X-20.430 Y-190.486 Z-4.400 F400.000
G1 X-20.537 Y-190.834 Z-4.400 F400.000
G1 X-20.606 Y-191.191 Z-4.400 F400.000
G1 X-20.635 Y-191.554 Z-4.400 F400.000
G1 X-20.637 Y-200.120 Z-4.400 F400.000
G1 X-20.596 Y-200.617 Z-4.400 F400.000
G1 X-20.536 Y-200.923 Z-4.400 F400.000
G1 X-20.436 Y-201.251 Z-4.400 F400.000
G1 X-20.317 Y-201.538 Z-4.400 F400.000
G1 X-20.155 Y-201.841 Z-4.400 F400.000
G1 X-19.982 Y-202.100 Z-4.400 F400.000
G1 X-19.765 Y-202.365 Z-4.400 F400.000
G1 X-19.545 Y-202.585 Z-4.400 F400.000
G1 X-19.279 Y-202.803 Z-4.400 F400.000
G1 X-19.021 Y-202.976 Z-4.400 F400.000
G1 X-18.718 Y-203.137 Z-4.400 F400.000
G1 X-18.431 Y-203.256 Z-4.400 F400.000
G1 X-18.102 Y-203.356 Z-4.400 F400.000
G1 X-17.797 Y-203.417 Z-4.400 F400.000
G1 X-17.456 Y-203.450 Z-4.400 F400.000
G1 X-14.530 Y-203.458 Z-4.400 F400.000
G1 X-14.420 Y-203.469 Z-4.400 F400.000
G1 X-14.391 Y-203.477 Z-4.400 F400.000
G1 X-14.364 Y-203.492 Z-4.400 F400.000
G1 X-14.341 Y-203.511 Z-4.400 F400.000
G1 X-14.321 Y-203.534 Z-4.400 F400.000
G1 X-14.307 Y-203.561 Z-4.400 F400.000
G1 X-14.298 Y-203.590 Z-4.400 F400.000
G1 X-14.287 Y-203.698 Z-4.400 F400.000
G1 X-14.288 Y-205.405 Z-4.400 F400.000
G1 X-14.298 Y-205.513 Z-4.400 F400.000
G1 X-14.307 Y-205.542 Z-4.400 F400.000
G1 X-14.321 Y-205.569 Z-4.400 F400.000
G1 X-14.341 Y-205.592 Z-4.400 F400.000
G1 X-14.364 Y-205.612 Z-4.400 F400.000
G1 X-14.391 Y-205.626 Z-4.400 F400.000
G1 X-14.420 Y-205.635 Z-4.400 F400.000
G1 X-14.528 Y-205.645 Z-4.400 F400.000
G1 X-17.300 Y-205.645 Z-4.400 F400.000
G1 X-17.797 Y-205.687 Z-4.400 F400.000
G1 X-18.102 Y-205.747 Z-4.400 F400.000
G1 X-18.431 Y-205.847 Z-4.400 F400.000
G1 X-18.718 Y-205.966 Z-4.400 F400.000
G1 X-19.021 Y-206.128 Z-4.400 F400.000
G1 X-19.279 Y-206.301 Z-4.400 F400.000
G1 X-19.545 Y-206.518 Z-4.400 F400.000
G1 X-19.765 Y-206.738 Z-4.400 F400.000
G1 X-19.982 Y-207.004 Z-4.400 F400.000
G1 X-20.155 Y-207.262 Z-4.400 F400.000
G1 X-20.317 Y-207.565 Z-4.400 F400.000
G1 X-20.436 Y-207.852 Z-4.400 F400.000
G1 X-20.536 Y-208.181 Z-4.400 F400.000
G1 X-20.596 Y-208.486 Z-4.400 F400.000
G1 X-20.630 Y-208.827 Z-4.400 F400.000
G1 X-20.637 Y-227.500 Z-4.400 F400.000
G0 Z5.000
G0 X-20.637 Y-2.500
G0 Z3.000
G1 X-20.637 Y-2.500 Z-4.600 F250.000
G1 X-20.637 Y-22.908 Z-4.600 F400.000
G1 X-20.624 Y-23.115 Z-4.600 F400.000
G1 X-20.590 Y-23.374 Z-4.600 F400.000
G1 X-20.483 Y-23.774 Z-4.600 F400.000
G1 X-20.383 Y-24.015 Z-4.600 F400.000
G1 X-20.175 Y-24.374 Z-4.600 F400.000
G1 X-20.017 Y-24.581 Z-4.600 F400.000
G1 X-19.724 Y-24.874 Z-4.600 F400.000
G1 X-19.516 Y-25.033 Z-4.600 F400.000
G1 X-19.158 Y-25.240 Z-4.600 F400.000
G1 X-18.916 Y-25.340 Z-4.600 F400.000
G1 X-18.516 Y-25.447 Z-4.600 F400.000
G1 X-18.257 Y-25.481 Z-4.600 F400.000
G1 X-18.050 Y-25.495 Z-4.600 F400.000
G1 X-16.645 Y-25.495 Z-4.600 F400.000
G1 X-16.536 Y-25.506 Z-4.600 F400.000
G1 X-16.507 Y-25.514 Z-4.600 F400.000
G1 X-16.481 Y-25.529 Z-4.600 F400.000
G1 X-16.457 Y-25.548 Z-4.600 F400.000
G1 X-16.438 Y-25.571 Z-4.600 F400.000
G1 X-16.424 Y-25.598 Z-4.600 F400.000
G1 X-16.415 Y-25.627 Z-4.600 F400.000
G1 X-16.404 Y-25.735 Z-4.600 F400.000
G1 X-16.404 Y-28.627 Z-4.600 F400.000
G1 X-16.407 Y-28.687 Z-4.600 F400.000
G1 X-16.410 Y-28.705 Z-4.600 F400.000
G1 X-16.415 Y-28.721 Z-4.600 F400.000
G1 X-16.438 Y-28.778 Z-4.600 F400.000
G1 X-20.325 Y-37.114 Z-4.600 F400.000
G1 X-20.430 Y-37.370 Z-4.600 F400.000
G1 X-20.537 Y-37.718 Z-4.600 F400.000
G1 X-20.606 Y-38.075 Z-4.600 F400.000
G1 X-20.635 Y-38.438 Z-4.600 F400.000
G1 X-20.637 Y-61.187 Z-4.600 F400.000
G1 X-20.624 Y-61.394 Z-4.600 F400.000
G1 X-20.590 Y-61.653 Z-4.600 F400.000
G1 X-20.483 Y-62.053 Z-4.600 F400.000
G1 X-20.383 Y-62.294 Z-4.600 F400.000
G1 X-20.175 Y-62.653 Z-4.600 F400.000
G1 X-20.017 Y-62.860 Z-4.600 F400.000
G1 X-19.724 Y-63.153 Z-4.600 F400.000
G1 X-19.516 Y-63.312 Z-4.600 F400.000
G1 X-19.158 Y-63.519 Z-4.600 F400.000
G1 X-18.916 Y-63.619 Z-4.600 F400.000
G1 X-18.516 Y-63.726 Z-4.600 F400.000
G1 X-18.257 Y-63.760 Z-4.600 F400.000
G1 X-18.050 Y-63.774 Z-4.600 F400.000
G1 X-16.645 Y-63.774 Z-4.600 F400.000
G1 X-16.536 Y-63.785 Z-4.600 F400.000
G1 X-16.507 Y-63.793 Z-4.600 F400.000
G1 X-16.481 Y-63.808 Z-4.600 F400.000
G1 X-16.457 Y-63.827 Z-4.600 F400.000
G1 X-16.438 Y-63.850 Z-4.600 F400.000
G1 X-16.424 Y-63.877 Z-4.600 F400.000
G1 X-16.415 Y-63.906 Z-4.600 F400.000
G1 X-16.404 Y-64.014 Z-4.600 F400.000
G1 X-16.404 Y-66.906 Z-4.600 F400.000
G1 X-16.407 Y-66.966 Z-4.600 F400.000
G1 X-16.410 Y-66.984 Z-4.600 F400.000
G1 X-16.415 Y-67.000 Z-4.600 F400.000
G1 X-16.438 Y-67.057 Z-4.600 F400.000
G1 X-20.325 Y-75.393 Z-4.600 F400.000
G1 X-20.430 Y-75.649 Z-4.600 F400.000
G1 X-20.537 Y-75.997 Z-4.600 F400.000
G1 X-20.606 Y-76.354 Z-4.600 F400.000
G1 X-20.635 Y-76.717 Z-4.600 F400.000
G1 X-20.637 Y-99.466 Z-4.600 F400.000
G1 X-20.624 Y-99.673 Z-4.600 F400.000
G1 X-20.590 Y-99.932 Z-4.600 F400.000
G1 X-20.483 Y-100.332 Z-4.600 F400.000
G1 X-20.383 Y-100.573 Z-4.600 F400.000
G1 X-20.175 Y-100.932 Z-4.600 F400.000
G1 X-20.017 Y-101.139 Z-4.600 F400.000
G1 X-19.724 Y-101.432 Z-4.600 F400.000
G1 X-19.516 Y-101.591 Z-4.600 F400.000
G1 X-19.158 Y-101.798 Z-4.600 F400.000
G1 X-18.916 Y-101.898 Z-4.600 F400.000
G1 X-18.516 Y-102.005 Z-4.600 F400.000
G1 X-18.257 Y-102.039 Z-4.600 F400.000
G1 X-18.050 Y-102.053 Z-4.600 F400.000
G1 X-16.645 Y-102.053 Z-4.600 F400.000
G1 X-16.536 Y-102.064 Z-4.600 F400.000
G1 X-16.507 Y-102.072 Z-4.600 F400.000
G1 X-16.481 Y-102.087 Z-4.600 F400.000
G1 X-16.457 Y-102.106 Z-4.600 F400.000
G1 X-16.438 Y-102.130 Z-4.600 F400.000
G1 X-16.424 Y-102.156 Z-4.600 F400.000
G1 X-16.415 Y-102.185 Z-4.600 F400.000
G1 X-16.404 Y-102.294 Z-4.600 F400.000
G1 X-16.404 Y-105.185 Z-4.600 F400.000
G1 X-16.407 Y-105.245 Z-4.600 F400.000
G1 X-16.410 Y-105.263 Z-4.600 F400.000
G1 X-16.415 Y-105.279 Z-4.600 F400.000
G1 X-16.438 Y-105.336 Z-4.600 F400.000
G1 X-20.325 Y-113.672 Z-4.600 F400.000
G1 X-20.430 Y-113.928 Z-4.600 F400.000
G1 X-20.537 Y-114.276 Z-4.600 F400.000
G1 X-20.606 Y-114.633 Z-4.600 F400.000
G1 X-20.635 Y-114.996 Z-4.600 F400.000
G1 X-20.637 Y-137.745 Z-4.600 F400.000
G1 X-20.624 Y-137.952 Z-4.600 F400.000
G1 X-20.590 Y-138.211 Z-4.600 F400.000
G1 X-20.483 Y-138.611 Z-4.600 F400.000
G1 X-20.383 Y-138.852 Z-4.600 F400.000
G1 X-20.175 Y-139.211 Z-4.600 F400.000
G1 X-20.017 Y-139.418 Z-4.600 F400.000
G1 X-19.724 Y-139.711 Z-4.600 F400.000
G1 X-19.516 Y-139.870 Z-4.600 F400.000
G1 X-19.158 Y-140.077 Z-4.600 F400.000
G1 X-18.916 Y-140.177 Z-4.600 F400.000
G1 X-18.516 Y-140.284 Z-4.600 F400.000
G1 X-18.257 Y-140.318 Z-4.600 F400.000
G1 X-18.050 Y-140.332 Z-4.600 F400.000
G1 X-16.645 Y-140.332 Z-4.600 F400.000
G1 X-16.536 Y-140.343 Z-4.600 F400.000
G1 X-16.507 Y-140.351 Z-4.600 F400.000
G1 X-16.481 Y-140.366 Z-4.600 F400.000
G1 X-16.457 Y-140.385 Z-4.600 F400.000
G1 X-16.438 Y-140.409 Z-4.600 F400.000
G1 X-16.424 Y-140.435 Z-4.600 F400.000
G1 X-16.415 Y-140.464 Z-4.600 F400.000
G1 X-16.404 Y-140.573 Z-4.600 F400.000
G1 X-16.404 Y-143.464 Z-4.600 F400.000
G1 X-16.407 Y-143.524 Z-4.600 F400.000
G1 X-16.410 Y-143.542 Z-4.600 F400.000
G1 X-16.415 Y-143.559 Z-4.600 F400.000
G1 X-16.438 Y-143.615 Z-4.600 F400.000
G1 X-20.325 Y-151.951 Z-4.600 F400.000
G1 X-20.430 Y-152.207 Z-4.600 F400.000
G1 X-20.537 Y-152.555 Z-4.600 F400.000
G1 X-20.606 Y-152.912 Z-4.600 F400.000
G1 X-20.635 Y-153.275 Z-4.600 F400.000
G1 X-20.637 Y-176.024 Z-4.600 F400.000
G1 X-20.624 Y-176.231 Z-4.600 F400.000
G1 X-20.590 Y-176.490 Z-4.600 F400.000
G1 X-20.483 Y-176.890 Z-4.600 F400.000
G1 X-20.383 Y-177.131 Z-4.600 F400.000
G1 X-20.175 Y-177.490 Z-4.600 F400.000
G1 X-20.017 Y-177.697 Z-4.600 F400.000
G1 X-19.724 Y-177.990 Z-4.600 F400.000
G1 X-19.516 Y-178.149 Z-4.600 F400.000
G1 X-19.158 Y-178.356 Z-4.600 F400.000
G1 X-18.916 Y-178.456 Z-4.600 F400.000
G1 X-18.516 Y-178.563 Z-4.600 F400.000
G1 X-18.257 Y-178.597 Z-4.600 F400.000
G1 X-18.050 Y-178.611 Z-4.600 F400.000
G1 X-16.645 Y-178.611 Z-4.600 F400.000
G1 X-16.536 Y-178.622 Z-4.600 F400.000
G1 X-16.507 Y-178.631 Z-4.600 F400.000
G1 X-16.481 Y-178.645 Z-4.600 F400.000
G1 X-16.457 Y-178.664 Z-4.600 F400.000
G1 X-16.438 Y-178.688 Z-4.600 F400.000
G1 X-16.424 Y-178.714 Z-4.600 F400.000
G1 X-16.415 Y-178.743 Z-4.600 F400.000
G1 X-16.404 Y-178.852 Z-4.600 F400.000
G1 X-16.404 Y-181.743 Z-4.600 F400.000
G1 X-16.407 Y-181.803 Z-4.600 F400.000
G1 X-16.410 Y-181.821 Z-4.600 F400.000
G1 X-16.415 Y-181.838 Z-4.600 F400.000
G1 X-16.438 Y-181.894 Z-4.600 F400.000
G1 X-20.325 Y-190.230 Z-4.600 F400.000
G1 X-20.430 Y-190.486 Z-4.600 F400.000
G1 X-20.537 Y-190.834 Z-4.600 F400.000
G1 X-20.606 Y-191.191 Z-4.600 F400.000
G1 X-20.635 Y-191.554 Z-4.600 F400.000
G1 X-20.637 Y-200.120 Z-4.600 F400.000
G1 X-20.596 Y-200.617 Z-4.600 F400.000
G1 X-20.536 Y-200.923 Z-4.600 F400.000
G1 X-20.436 Y-201.251 Z-4.600 F400.000
G1 X-20.317 Y-201.538 Z-4.600 F400.000
G1 X-20.155 Y-201.841 Z-4.600 F400.000
G1 X-19.982 Y-202.100 Z-4.600 F400.000
G1 X-19.765 Y-202.365 Z-4.600 F400.000
G1 X-19.545 Y-202.585 Z-4.600 F400.000
G1 X-19.279 Y-202.803 Z-4.600 F400.000
G1 X-19.021 Y-202.976 Z-4.600 F400.000
G1 X-18.718 Y-203.137 Z-4.600 F400.000
G1 X-18.431 Y-203.256 Z-4.600 F400.000
G1 X-18.102 Y-203.356 Z-4.600 F400.000
G1 X-17.797 Y-203.417 Z-4.600 F400.000
G1 X-17.456 Y-203.450 Z-4.600 F400.000
G1 X-14.530 Y-203.458 Z-4.600 F400.000
G1 X-14.420 Y-203.469 Z-4.600 F400.000
G1 X-14.391 Y-203.477 Z-4.600 F400.000
G1 X-14.364 Y-203.492 Z-4.600 F400.000
G1 X-14.341 Y-203.511 Z-4.600 F400.000
G1 X-14.321 Y-203.534 Z-4.600 F400.000
G1 X-14.307 Y-203.561 Z-4.600 F400.000
G1 X-14.298 Y-203.590 Z-4.600 F400.000
G1 X-14.287 Y-203.698 Z-4.600 F400.000
G1 X-14.288 Y-205.405 Z-4.600 F400.000
G1 X-14.298 Y-205.513 Z-4.600 F400.000
G1 X-14.307 Y-205.542 Z-4.600 F400.000
G1 X-14.321 Y-205.569 Z-4.600 F400.000
G1 X-14.341 Y-205.592 Z-4.600 F400.000
G1 X-14.364 Y-205.612 Z-4.600 F400.000
G1 X-14.391 Y-205.626 Z-4.600 F400.000
G1 X-14.420 Y-205.635 Z-4.600 F400.000
G1 X-14.528 Y-205.645 Z-4.600 F400.000
G1 X-17.300 Y-205.645 Z-4.600 F400.000
G1 X-17.797 Y-205.687 Z-4.600 F400.000
G1 X-18.102 Y-205.747 Z-4.600 F400.000
G1 X-18.431 Y-205.847 Z-4.600 F400.000
G1 X-18.718 Y-205.966 Z-4.600 F400.000
G1 X-19.021 Y-206.128 Z-4.600 F400.000
G1 X-19.279 Y-206.301 Z-4.600 F400.000
G1 X-19.545 Y-206.518 Z-4.600 F400.000
G1 X-19.765 Y-206.738 Z-4.600 F400.000
G1 X-19.982 Y-207.004 Z-4.600 F400.000
G1 X-20.155 Y-207.262 Z-4.600 F400.000
G1 X-20.317 Y-207.565 Z-4.600 F400.000
G1 X-20.436 Y-207.852 Z-4.600 F400.000
G1 X-20.536 Y-208.181 Z-4.600 F400.000
G1 X-20.596 Y-208.486 Z-4.600 F400.000
G1 X-20.630 Y-208.827 Z-4.600 F400.000
G1 X-20.637 Y-227.500 Z-4.600 F400.000
G0 Z5.000
G0 X-20.637 Y-2.500
G0 Z3.000
G1 X-20.637 Y-2.500 Z-4.800 F250.000
G1 X-20.637 Y-22.908 Z-4.800 F400.000
G1 X-20.624 Y-23.115 Z-4.800 F400.000
G1 X-20.590 Y-23.374 Z-4.800 F400.000
G1 X-20.483 Y-23.774 Z-4.800 F400.000
G1 X-20.383 Y-24.015 Z-4.800 F400.000
G1 X-20.175 Y-24.374 Z-4.800 F400.000
G1 X-20.017 Y-24.581 Z-4.800 F400.000
G1 X-19.724 Y-24.874 Z-4.800 F400.000
G1 X-19.516 Y-25.033 Z-4.800 F400.000
G1 X-19.158 Y-25.240 Z-4.800 F400.000
G1 X-18.916 Y-25.340 Z-4.800 F400.000
G1 X-18.516 Y-25.447 Z-4.800 F400.000
G1 X-18.257 Y-25.481 Z-4.800 F400.000
G1 X-18.050 Y-25.495 Z-4.800 F400.000
G1 X-16.645 Y-25.495 Z-4.800 F400.000
G1 X-16.536 Y-25.506 Z-4.800 F400.000
G1 X-16.507 Y-25.514 Z-4.800 F400.000
G1 X-16.481 Y-25.529 Z-4.800 F400.000
G1 X-16.457 Y-25.548 Z-4.800 F400.000
G1 X-16.438 Y-25.571 Z-4.800 F400.000
G1 X-16.424 Y-25.598 Z-4.800 F400.000
G1 X-16.415 Y-25.627 Z-4.800 F400.000
G1 X-16.404 Y-25.735 Z-4.800 F400.000
G1 X-16.404 Y-28.627 Z-4.800 F400.000
G1 X-16.407 Y-28.687 Z-4.800 F400.000
G1 X-16.410 Y-28.705 Z-4.800 F400.000
G1 X-16.415 Y-28.721 Z-4.800 F400.000
G1 X-16.438 Y-28.778 Z-4.800 F400.000
G1 X-20.325 Y-37.114 Z-4.800 F400.000
G1 X-20.430 Y-37.370 Z-4.800 F400.000
G1 X-20.537 Y-37.718 Z-4.800 F400.000
G1 X-20.606 Y-38.075 Z-4.800 F400.000
G1 X-20.635 Y-38.438 Z-4.800 F400.000
G1 X-20.637 Y-61.187 Z-4.800 F400.000
G1 X-20.624 Y-61.394 Z-4.800 F400.000
G1 X-20.590 Y-61.653 Z-4.800 F400.000
G1 X-20.483 Y-62.053 Z-4.800 F400.000
G1 X-20.383 Y-62.294 Z-4.800 F400.000
G1 X-20.175 Y-62.653 Z-4.800 F400.000
G1 X-20.017 Y-62.860 Z-4.800 F400.000
G1 X-19.724 Y-63.153 Z-4.800 F400.000
G1 X-19.516 Y-63.312 Z-4.800 F400.000
G1 X-19.158 Y-63.519 Z-4.800 F400.000
G1 X-18.916 Y-63.619 Z-4.800 F400.000
G1 X-18.516 Y-63.726 Z-4.800 F400.000
G1 X-18.257 Y-63.760 Z-4.800 F400.000
G1 X-18.050 Y-63.774 Z-4.800 F400.000
G1 X-16.645 Y-63.774 Z-4.800 F400.000
G1 X-16.536 Y-63.785 Z-4.800 F400.000
G1 X-16.507 Y-63.793 Z-4.800 F400.000
G1 X-16.481 Y-63.808 Z-4.800 F400.000
G1 X-16.457 Y-63.827 Z-4.800 F400.000
G1 X-16.438 Y-63.850 Z-4.800 F400.000
G1 X-16.424 Y-63.877 Z-4.800 F400.000
G1 X-16.415 Y-63.906 Z-4.800 F400.000
G1 X-16.404 Y-64.014 Z-4.800 F400.000
G1 X-16.404 Y-66.906 Z-4.800 F400.000
G1 X-16.407 Y-66.966 Z-4.800 F400.000
G1 X-16.410 Y-66.984 Z-4.800 F400.000
G1 X-16.415 Y-67.000 Z-4.800 F400.000
G1 X-16.438 Y-67.057 Z-4.800 F400.000
G1 X-20.325 Y-75.393 Z-4.800 F400.000
G1 X-20.430 Y-75.649 Z-4.800 F400.000
G1 X-20.537 Y-75.997 Z-4.800 F400.000
G1 X-20.606 Y-76.354 Z-4.800 F400.000
G1 X-20.635 Y-76.717 Z-4.800 F400.000
G1 X-20.637 Y-99.466 Z-4.800 F400.000
G1 X-20.624 Y-99.673 Z-4.800 F400.000
G1 X-20.590 Y-99.932 Z-4.800 F400.000
G1 X-20.483 Y-100.332 Z-4.800 F400.000
G1 X-20.383 Y-100.573 Z-4.800 F400.000
G1 X-20.175 Y-100.932 Z-4.800 F400.000
G1 X-20.017 Y-101.139 Z-4.800 F400.000
G1 X-19.724 Y-101.432 Z-4.800 F400.000
G1 X-19.516 Y-101.591 Z-4.800 F400.000
G1 X-19.158 Y-101.798 Z-4.800 F400.000
G1 X-18.916 Y-101.898 Z-4.800 F400.000
G1 X-18.516 Y-102.005 Z-4.800 F400.000
G1 X-18.257 Y-102.039 Z-4.800 F400.000
G1 X-18.050 Y-102.053 Z-4.800 F400.000
G1 X-16.645 Y-102.053 Z-4.800 F400.000
G1 X-16.536 Y-102.064 Z-4.800 F400.000
G1 X-16.507 Y-102.072 Z-4.800 F400.000
G1 X-16.481 Y-102.087 Z-4.800 F400.000
G1 X-16.457 Y-102.106 Z-4.800 F400.000
G1 X-16.438 Y-102.130 Z-4.800 F400.000
G1 X-16.424 Y-102.156 Z-4.800 F400.000
G1 X-16.415 Y-102.185 Z-4.800 F400.000
G1 X-16.404 Y-102.294 Z-4.800 F400.000
G1 X-16.404 Y-105.185 Z-4.800 F400.000
G1 X-16.407 Y-105.245 Z-4.800 F400.000
G1 X-16.410 Y-105.263 Z-4.800 F400.000
G1 X-16.415 Y-105.279 Z-4.800 F400.000
G1 X-16.438 Y-105.336 Z-4.800 F400.000
G1 X-20.325 Y-113.672 Z-4.800 F400.000
G1 X-20.430 Y-113.928 Z-4.800 F400.000
G1 X-20.537 Y-114.276 Z-4.800 F400.000
G1 X-20.606 Y-114.633 Z-4.800 F400.000
G1 X-20.635 Y-114.996 Z-4.800 F400.000
G1 X-20.637 Y-137.745 Z-4.800 F400.000
G1 X-20.624 Y-137.952 Z-4.800 F400.000
G1 X-20.590 Y-138.211 Z-4.800 F400.000
G1 X-20.483 Y-138.611 Z-4.800 F400.000
G1 X-20.383 Y-138.852 Z-4.800 F400.000
G1 X-20.175 Y-139.211 Z-4.800 F400.000
G1 X-20.017 Y-139.418 Z-4.800 F400.000
G1 X-19.724 Y-139.711 Z-4.800 F400.000
G1 X-19.516 Y-139.870 Z-4.800 F400.000
G1 X-19.158 Y-140.077 Z-4.800 F400.000
G1 X-18.916 Y-140.177 Z-4.800 F400.000
G1 X-18.516 Y-140.284 Z-4.800 F400.000
G1 X-18.257 Y-140.318 Z-4.800 F400.000
G1 X-18.050 Y-140.332 Z-4.800 F400.000
G1 X-16.645 Y-140.332 Z-4.800 F400.000
G1 X-16.536 Y-140.343 Z-4.800 F400.000
G1 X-16.507 Y-140.351 Z-4.800 F400.000
G1 X-16.481 Y-140.366 Z-4.800 F400.000
G1 X-16.457 Y-140.385 Z-4.800 F400.000
G1 X-16.438 Y-140.409 Z-4.800 F400.000
G1 X-16.424 Y-140.435 Z-4.800 F400.000
G1 X-16.415 Y-140.464 Z-4.800 F400.000
G1 X-16.404 Y-140.573 Z-4.800 F400.000
G1 X-16.404 Y-143.464 Z-4.800 F400.000
G1 X-16.407 Y-143.524 Z-4.800 F400.000
G1 X-16.410 Y-143.542 Z-4.800 F400.000
G1 X-16.415 Y-143.559 Z-4.800 F400.000
G1 X-16.438 Y-143.615 Z-4.800 F400.000
G1 X-20.325 Y-151.951 Z-4.800 F400.000
G1 X-20.430 Y-152.207 Z-4.800 F400.000
G1 X-20.537 Y-152.555 Z-4.800 F400.000
G1 X-20.606 Y-152.912 Z-4.800 F400.000
G1 X-20.635 Y-153.275 Z-4.800 F400.000
G1 X-20.637 Y-176.024 Z-4.800 F400.000
G1 X-20.624 Y-176.231 Z-4.800 F400.000
G1 X-20.590 Y-176.490 Z-4.800 F400.000
G1 X-20.483 Y-176.890 Z-4.800 F400.000
G1 X-20.383 Y-177.131 Z-4.800 F400.000
G1 X-20.175 Y-177.490 Z-4.800 F400.000
G1 X-20.017 Y-177.697 Z-4.800 F400.000
G1 X-19.724 Y-177.990 Z-4.800 F400.000
G1 X-19.516 Y-178.149 Z-4.800 F400.000
G1 X-19.158 Y-178.356 Z-4.800 F400.000
G1 X-18.916 Y-178.456 Z-4.800 F400.000
G1 X-18.516 Y-178.563 Z-4.800 F400.000
G1 X-18.257 Y-178.597 Z-4.800 F400.000
G1 X-18.050 Y-178.611 Z-4.800 F400.000
G1 X-16.645 Y-178.611 Z-4.800 F400.000
G1 X-16.536 Y-178.622 Z-4.800 F400.000
G1 X-16.507 Y-178.631 Z-4.800 F400.000
G1 X-16.481 Y-178.645 Z-4.800 F400.000
G1 X-16.457 Y-178.664 Z-4.800 F400.000
G1 X-16.438 Y-178.688 Z-4.800 F400.000
G1 X-16.424 Y-178.714 Z-4.800 F400.000
G1 X-16.415 Y-178.743 Z-4.800 F400.000
G1 X-16.404 Y-178.852 Z-4.800 F400.000
G1 X-16.404 Y-181.743 Z-4.800 F400.000
G1 X-16.407 Y-181.803 Z-4.800 F400.000
G1 X-16.410 Y-181.821 Z-4.800 F400.000
G1 X-16.415 Y-181.838 Z-4.800 F400.000
G1 X-16.438 Y-181.894 Z-4.800 F400.000
G1 X-20.325 Y-190.230 Z-4.800 F400.000
G1 X-20.430 Y-190.486 Z-4.800 F400.000
G1 X-20.537 Y-190.834 Z-4.800 F400.000
G1 X-20.606 Y-191.191 Z-4.800 F400.000
G1 X-20.635 Y-191.554 Z-4.800 F400.000
G1 X-20.637 Y-200.120 Z-4.800 F400.000
G1 X-20.596 Y-200.617 Z-4.800 F400.000
G1 X-20.536 Y-200.923 Z-4.800 F400.000
G1 X-20.436 Y-201.251 Z-4.800 F400.000
G1 X-20.317 Y-201.538 Z-4.800 F400.000
G1 X-20.155 Y-201.841 Z-4.800 F400.000
G1 X-19.982 Y-202.100 Z-4.800 F400.000
G1 X-19.765 Y-202.365 Z-4.800 F400.000
G1 X-19.545 Y-202.585 Z-4.800 F400.000
G1 X-19.279 Y-202.803 Z-4.800 F400.000
G1 X-19.021 Y-202.976 Z-4.800 F400.000
G1 X-18.718 Y-203.137 Z-4.800 F400.000
G1 X-18.431 Y-203.256 Z-4.800 F400.000
G1 X-18.102 Y-203.356 Z-4.800 F400.000
G1 X-17.797 Y-203.417 Z-4.800 F400.000
G1 X-17.456 Y-203.450 Z-4.800 F400.000
G1 X-14.530 Y-203.458 Z-4.800 F400.000
G1 X-14.420 Y-203.469 Z-4.800 F400.000
G1 X-14.391 Y-203.477 Z-4.800 F400.000
G1 X-14.364 Y-203.492 Z-4.800 F400.000
G1 X-14.341 Y-203.511 Z-4.800 F400.000
G1 X-14.321 Y-203.534 Z-4.800 F400.000
G1 X-14.307 Y-203.561 Z-4.800 F400.000
G1 X-14.298 Y-203.590 Z-4.800 F400.000
G1 X-14.287 Y-203.698 Z-4.800 F400.000
G1 X-14.288 Y-205.405 Z-4.800 F400.000
G1 X-14.298 Y-205.513 Z-4.800 F400.000
G1 X-14.307 Y-205.542 Z-4.800 F400.000
G1 X-14.321 Y-205.569 Z-4.800 F400.000
G1 X-14.341 Y-205.592 Z-4.800 F400.000
G1 X-14.364 Y-205.612 Z-4.800 F400.000
G1 X-14.391 Y-205.626 Z-4.800 F400.000
G1 X-14.420 Y-205.635 Z-4.800 F400.000
G1 X-14.528 Y-205.645 Z-4.800 F400.000
G1 X-17.300 Y-205.645 Z-4.800 F400.000
G1 X-17.797 Y-205.687 Z-4.800 F400.000
G1 X-18.102 Y-205.747 Z-4.800 F400.000
G1 X-18.431 Y-205.847 Z-4.800 F400.000
G1 X-18.718 Y-205.966 Z-4.800 F400.000
G1 X-19.021 Y-206.128 Z-4.800 F400.000
G1 X-19.279 Y-206.301 Z-4.800 F400.000
G1 X-19.545 Y-206.518 Z-4.800 F400.000
G1 X-19.765 Y-206.738 Z-4.800 F400.000
G1 X-19.982 Y-207.004 Z-4.800 F400.000
G1 X-20.155 Y-207.262 Z-4.800 F400.000
G1 X-20.317 Y-207.565 Z-4.800 F400.000
G1 X-20.436 Y-207.852 Z-4.800 F400.000
G1 X-20.536 Y-208.181 Z-4.800 F400.000
G1 X-20.596 Y-208.486 Z-4.800 F400.000
G1 X-20.630 Y-208.827 Z-4.800 F400.000
G1 X-20.637 Y-227.500 Z-4.800 F400.000
G0 Z5.000
G0 X-20.637 Y-2.500
G0 Z3.000
G1 X-20.637 Y-2.500 Z-5.000 F250.000
G1 X-20.637 Y-22.908 Z-5.000 F400.000
G1 X-20.624 Y-23.115 Z-5.000 F400.000
G1 X-20.590 Y-23.374 Z-5.000 F400.000
G1 X-20.483 Y-23.774 Z-5.000 F400.000
G1 X-20.383 Y-24.015 Z-5.000 F400.000
G1 X-20.175 Y-24.374 Z-5.000 F400.000
G1 X-20.017 Y-24.581 Z-5.000 F400.000
G1 X-19.724 Y-24.874 Z-5.000 F400.000
G1 X-19.516 Y-25.033 Z-5.000 F400.000
G1 X-19.158 Y-25.240 Z-5.000 F400.000
G1 X-18.916 Y-25.340 Z-5.000 F400.000
G1 X-18.516 Y-25.447 Z-5.000 F400.000
G1 X-18.257 Y-25.481 Z-5.000 F400.000
G1 X-18.050 Y-25.495 Z-5.000 F400.000
G1 X-16.645 Y-25.495 Z-5.000 F400.000
G1 X-16.536 Y-25.506 Z-5.000 F400.000
G1 X-16.507 Y-25.514 Z-5.000 F400.000
G1 X-16.481 Y-25.529 Z-5.000 F400.000
G1 X-16.457 Y-25.548 Z-5.000 F400.000
G1 X-16.438 Y-25.571 Z-5.000 F400.000
G1 X-16.424 Y-25.598 Z-5.000 F400.000
G1 X-16.415 Y-25.627 Z-5.000 F400.000
G1 X-16.404 Y-25.735 Z-5.000 F400.000
G1 X-16.404 Y-28.627 Z-5.000 F400.000
G1 X-16.407 Y-28.687 Z-5.000 F400.000
G1 X-16.410 Y-28.705 Z-5.000 F400.000
G1 X-16.415 Y-28.721 Z-5.000 F400.000
G1 X-16.438 Y-28.778 Z-5.000 F400.000
G1 X-20.325 Y-37.114 Z-5.000 F400.000
G1 X-20.430 Y-37.370 Z-5.000 F400.000
G1 X-20.537 Y-37.718 Z-5.000 F400.000
G1 X-20.606 Y-38.075 Z-5.000 F400.000
G1 X-20.635 Y-38.438 Z-5.000 F400.000
G1 X-20.637 Y-61.187 Z-5.000 F400.000
G1 X-20.624 Y-61.394 Z-5.000 F400.000
G1 X-20.590 Y-61.653 Z-5.000 F400.000
G1 X-20.483 Y-62.053 Z-5.000 F400.000
G1 X-20.383 Y-62.294 Z-5.000 F400.000
G1 X-20.175 Y-62.653 Z-5.000 F400.000
G1 X-20.017 Y-62.860 Z-5.000 F400.000
G1 X-19.724 Y-63.153 Z-5.000 F400.000
G1 X-19.516 Y-63.312 Z-5.000 F400.000
G1 X-19.158 Y-63.519 Z-5.000 F400.000
G1 X-18.916 Y-63.619 Z-5.000 F400.000
G1 X-18.516 Y-63.726 Z-5.000 F400.000
G1 X-18.257 Y-63.760 Z-5.000 F400.000
G1 X-18.050 Y-63.774 Z-5.000 F400.000
G1 X-16.645 Y-63.774 Z-5.000 F400.000
G1 X-16.536 Y-63.785 Z-5.000 F400.000
G1 X-16.507 Y-63.793 Z-5.000 F400.000
G1 X-16.481 Y-63.808 Z-5.000 F400.000
G1 X-16.457 Y-63.827 Z-5.000 F400.000
G1 X-16.438 Y-63.850 Z-5.000 F400.000
G1 X-16.424 Y-63.877 Z-5.000 F400.000
G1 X-16.415 Y-63.906 Z-5.000 F400.000
G1 X-16.404 Y-64.014 Z-5.000 F400.000
G1 X-16.404 Y-66.906 Z-5.000 F400.000
G1 X-16.407 Y-66.966 Z-5.000 F400.000
G1 X-16.410 Y-66.984 Z-5.000 F400.000
G1 X-16.415 Y-67.000 Z-5.000 F400.000
G1 X-16.438 Y-67.057 Z-5.000 F400.000
G1 X-20.325 Y-75.393 Z-5.000 F400.000
G1 X-20.430 Y-75.649 Z-5.000 F400.000
G1 X-20.537 Y-75.997 Z-5.000 F400.000
G1 X-20.606 Y-76.354 Z-5.000 F400.000
G1 X-20.635 Y-76.717 Z-5.000 F400.000
G1 X-20.637 Y-99.466 Z-5.000 F400.000
G1 X-20.624 Y-99.673 Z-5.000 F400.000
G1 X-20.590 Y-99.932 Z-5.000 F400.000
G1 X-20.483 Y-100.332 Z-5.000 F400.000
G1 X-20.383 Y-100.573 Z-5.000 F400.000
G1 X-20.175 Y-100.932 Z-5.000 F400.000
G1 X-20.017 Y-101.139 Z-5.000 F400.000
G1 X-19.724 Y-101.432 Z-5.000 F400.000
G1 X-19.516 Y-101.591 Z-5.000 F400.000
G1 X-19.158 Y-101.798 Z-5.000 F400.000
G1 X-18.916 Y-101.898 Z-5.000 F400.000
G1 X-18.516 Y-102.005 Z-5.000 F400.000
G1 X-18.257 Y-102.039 Z-5.000 F400.000
G1 X-18.050 Y-102.053 Z-5.000 F400.000
G1 X-16.645 Y-102.053 Z-5.000 F400.000
G1 X-16.536 Y-102.064 Z-5.000 F400.000
G1 X-16.507 Y-102.072 Z-5.000 F400.000
G1 X-16.481 Y-102.087 Z-5.000 F400.000
G1 X-16.457 Y-102.106 Z-5.000 F400.000
G1 X-16.438 Y-102.130 Z-5.000 F400.000
G1 X-16.424 Y-102.156 Z-5.000 F400.000
G1 X-16.415 Y-102.185 Z-5.000 F400.000
G1 X-16.404 Y-102.294 Z-5.000 F400.000
G1 X-16.404 Y-105.185 Z-5.000 F400.000
G1 X-16.407 Y-105.245 Z-5.000 F400.000
G1 X-16.410 Y-105.263 Z-5.000 F400.000
G1 X-16.415 Y-105.279 Z-5.000 F400.000
G1 X-16.438 Y-105.336 Z-5.000 F400.000
G1 X-20.325 Y-113.672 Z-5.000 F400.000
G1 X-20.430 Y-113.928 Z-5.000 F400.000
G1 X-20.537 Y-114.276 Z-5.000 F400.000
G1 X-20.606 Y-114.633 Z-5.000 F400.000
G1 X-20.635 Y-114.996 Z-5.000 F400.000
G1 X-20.637 Y-137.745 Z-5.000 F400.000
G1 X-20.624 Y-137.952 Z-5.000 F400.000
G1 X-20.590 Y-138.211 Z-5.000 F400.000
G1 X-20.483 Y-138.611 Z-5.000 F400.000
G1 X-20.383 Y-138.852 Z-5.000 F400.000
G1 X-20.175 Y-139.211 Z-5.000 F400.000
G1 X-20.017 Y-139.418 Z-5.000 F400.000
G1 X-19.724 Y-139.711 Z-5.000 F400.000
G1 X-19.516 Y-139.870 Z-5.000 F400.000
G1 X-19.158 Y-140.077 Z-5.000 F400.000
G1 X-18.916 Y-140.177 Z-5.000 F400.000
G1 X-18.516 Y-140.284 Z-5.000 F400.000
G1 X-18.257 Y-140.318 Z-5.000 F400.000
G1 X-18.050 Y-140.332 Z-5.000 F400.000
G1 X-16.645 Y-140.332 Z-5.000 F400.000
G1 X-16.536 Y-140.343 Z-5.000 F400.000
G1 X-16.507 Y-140.351 Z-5.000 F400.000
G1 X-16.481 Y-140.366 Z-5.000 F400.000
G1 X-16.457 Y-140.385 Z-5.000 F400.000
G1 X-16.438 Y-140.409 Z-5.000 F400.000
G1 X-16.424 Y-140.435 Z-5.000 F400.000
G1 X-16.415 Y-140.464 Z-5.000 F400.000
G1 X-16.404 Y-140.573 Z-5.000 F400.000
G1 X-16.404 Y-143.464 Z-5.000 F400.000
G1 X-16.407 Y-143.524 Z-5.000 F400.000
G1 X-16.410 Y-143.542 Z-5.000 F400.000
G1 X-16.415 Y-143.559 Z-5.000 F400.000
G1 X-16.438 Y-143.615 Z-5.000 F400.000
G1 X-20.325 Y-151.951 Z-5.000 F400.000
G1 X-20.430 Y-152.207 Z-5.000 F400.000
G1 X-20.537 Y-152.555 Z-5.000 F400.000
G1 X-20.606 Y-152.912 Z-5.000 F400.000
G1 X-20.635 Y-153.275 Z-5.000 F400.000
G1 X-20.637 Y-176.024 Z-5.000 F400.000
G1 X-20.624 Y-176.231 Z-5.000 F400.000
G1 X-20.590 Y-176.490 Z-5.000 F400.000
G1 X-20.483 Y-176.890 Z-5.000 F400.000
G1 X-20.383 Y-177.131 Z-5.000 F400.000
G1 X-20.175 Y-177.490 Z-5.000 F400.000
G1 X-20.017 Y-177.697 Z-5.000 F400.000
G1 X-19.724 Y-177.990 Z-5.000 F400.000
G1 X-19.516 Y-178.149 Z-5.000 F400.000
G1 X-19.158 Y-178.356 Z-5.000 F400.000
G1 X-18.916 Y-178.456 Z-5.000 F400.000
G1 X-18.516 Y-178.563 Z-5.000 F400.000
G1 X-18.257 Y-178.597 Z-5.000 F400.000
G1 X-18.050 Y-178.611 Z-5.000 F400.000
G1 X-16.645 Y-178.611 Z-5.000 F400.000
G1 X-16.536 Y-178.622 Z-5.000 F400.000
G1 X-16.507 Y-178.631 Z-5.000 F400.000
G1 X-16.481 Y-178.645 Z-5.000 F400.000
G1 X-16.457 Y-178.664 Z-5.000 F400.000
G1 X-16.438 Y-178.688 Z-5.000 F400.000
G1 X-16.424 Y-178.714 Z-5.000 F400.000
G1 X-16.415 Y-178.743 Z-5.000 F400.000
G1 X-16.404 Y-178.852 Z-5.000 F400.000
G1 X-16.404 Y-181.743 Z-5.000 F400.000
G1 X-16.407 Y-181.803 Z-5.000 F400.000
G1 X-16.410 Y-181.821 Z-5.000 F400.000
G1 X-16.415 Y-181.838 Z-5.000 F400.000
G1 X-16.438 Y-181.894 Z-5.000 F400.000
G1 X-20.325 Y-190.230 Z-5.000 F400.000
G1 X-20.430 Y-190.486 Z-5.000 F400.000
G1 X-20.537 Y-190.834 Z-5.000 F400.000
G1 X-20.606 Y-191.191 Z-5.000 F400.000
G1 X-20.635 Y-191.554 Z-5.000 F400.000
G1 X-20.637 Y-200.120 Z-5.000 F400.000
G1 X-20.596 Y-200.617 Z-5.000 F400.000
G1 X-20.536 Y-200.923 Z-5.000 F400.000
G1 X-20.436 Y-201.251 Z-5.000 F400.000
G1 X-20.317 Y-201.538 Z-5.000 F400.000
G1 X-20.155 Y-201.841 Z-5.000 F400.000
G1 X-19.982 Y-202.100 Z-5.000 F400.000
G1 X-19.765 Y-202.365 Z-5.000 F400.000
G1 X-19.545 Y-202.585 Z-5.000 F400.000
G1 X-19.279 Y-202.803 Z-5.000 F400.000
G1 X-19.021 Y-202.976 Z-5.000 F400.000
G1 X-18.718 Y-203.137 Z-5.000 F400.000
G1 X-18.431 Y-203.256 Z-5.000 F400.000
G1 X-18.102 Y-203.356 Z-5.000 F400.000
G1 X-17.797 Y-203.417 Z-5.000 F400.000
G1 X-17.456 Y-203.450 Z-5.000 F400.000
G1 X-14.530 Y-203.458 Z-5.000 F400.000
G1 X-14.420 Y-203.469 Z-5.000 F400.000
G1 X-14.391 Y-203.477 Z-5.000 F400.000
G1 X-14.364 Y-203.492 Z-5.000 F400.000
G1 X-14.341 Y-203.511 Z-5.000 F400.000
G1 X-14.321 Y-203.534 Z-5.000 F400.000
G1 X-14.307 Y-203.561 Z-5.000 F400.000
G1 X-14.298 Y-203.590 Z-5.000 F400.000
G1 X-14.287 Y-203.698 Z-5.000 F400.000
G1 X-14.288 Y-205.405 Z-5.000 F400.000
G1 X-14.298 Y-205.513 Z-5.000 F400.000
G1 X-14.307 Y-205.542 Z-5.000 F400.000
G1 X-14.321 Y-205.569 Z-5.000 F400.000
G1 X-14.341 Y-205.592 Z-5.000 F400.000
G1 X-14.364 Y-205.612 Z-5.000 F400.000
G1 X-14.391 Y-205.626 Z-5.000 F400.000
G1 X-14.420 Y-205.635 Z-5.000 F400.000
G1 X-14.528 Y-205.645 Z-5.000 F400.000
G1 X-17.300 Y-205.645 Z-5.000 F400.000
G1 X-17.797 Y-205.687 Z-5.000 F400.000
G1 X-18.102 Y-205.747 Z-5.000 F400.000
G1 X-18.431 Y-205.847 Z-5.000 F400.000
G1 X-18.718 Y-205.966 Z-5.000 F400.000
G1 X-19.021 Y-206.128 Z-5.000 F400.000
G1 X-19.279 Y-206.301 Z-5.000 F400.000
G1 X-19.545 Y-206.518 Z-5.000 F400.000
G1 X-19.765 Y-206.738 Z-5.000 F400.000
G1 X-19.982 Y-207.004 Z-5.000 F400.000
G1 X-20.155 Y-207.262 Z-5.000 F400.000
G1 X-20.317 Y-207.565 Z-5.000 F400.000
G1 X-20.436 Y-207.852 Z-5.000 F400.000
G1 X-20.536 Y-208.181 Z-5.000 F400.000
G1 X-20.596 Y-208.486 Z-5.000 F400.000
G1 X-20.630 Y-208.827 Z-5.000 F400.000
G1 X-20.637 Y-227.500 Z-5.000 F400.000
G0 Z5.000
G0 X-20.637 Y-2.500
G0 Z3.000
G1 X-20.637 Y-2.500 Z-5.200 F250.000
G1 X-20.637 Y-22.908 Z-5.200 F400.000
G1 X-20.624 Y-23.115 Z-5.200 F400.000
G1 X-20.590 Y-23.374 Z-5.200 F400.000
G1 X-20.483 Y-23.774 Z-5.200 F400.000
G1 X-20.383 Y-24.015 Z-5.200 F400.000
G1 X-20.175 Y-24.374 Z-5.200 F400.000
G1 X-20.017 Y-24.581 Z-5.200 F400.000
G1 X-19.724 Y-24.874 Z-5.200 F400.000
G1 X-19.516 Y-25.033 Z-5.200 F400.000
G1 X-19.158 Y-25.240 Z-5.200 F400.000
G1 X-18.916 Y-25.340 Z-5.200 F400.000
G1 X-18.516 Y-25.447 Z-5.200 F400.000
G1 X-18.257 Y-25.481 Z-5.200 F400.000
G1 X-18.050 Y-25.495 Z-5.200 F400.000
G1 X-16.645 Y-25.495 Z-5.200 F400.000
G1 X-16.536 Y-25.506 Z-5.200 F400.000
G1 X-16.507 Y-25.514 Z-5.200 F400.000
G1 X-16.481 Y-25.529 Z-5.200 F400.000
G1 X-16.457 Y-25.548 Z-5.200 F400.000
G1 X-16.438 Y-25.571 Z-5.200 F400.000
G1 X-16.424 Y-25.598 Z-5.200 F400.000
G1 X-16.415 Y-25.627 Z-5.200 F400.000
G1 X-16.404 Y-25.735 Z-5.200 F400.000
G1 X-16.404 Y-28.627 Z-5.200 F400.000
G1 X-16.407 Y-28.687 Z-5.200 F400.000
G1 X-16.410 Y-28.705 Z-5.200 F400.000
G1 X-16.415 Y-28.721 Z-5.200 F400.000
G1 X-16.438 Y-28.778 Z-5.200 F400.000
G1 X-20.325 Y-37.114 Z-5.200 F400.000
G1 X-20.430 Y-37.370 Z-5.200 F400.000
G1 X-20.537 Y-37.718 Z-5.200 F400.000
G1 X-20.606 Y-38.075 Z-5.200 F400.000
G1 X-20.635 Y-38.438 Z-5.200 F400.000
G1 X-20.637 Y-61.187 Z-5.200 F400.000
G1 X-20.624 Y-61.394 Z-5.200 F400.000
G1 X-20.590 Y-61.653 Z-5.200 F400.000
G1 X-20.483 Y-62.053 Z-5.200 F400.000
G1 X-20.383 Y-62.294 Z-5.200 F400.000
G1 X-20.175 Y-62.653 Z-5.200 F400.000
G1 X-20.017 Y-62.860 Z-5.200 F400.000
G1 X-19.724 Y-63.153 Z-5.200 F400.000
G1 X-19.516 Y-63.312 Z-5.200 F400.000
G1 X-19.158 Y-63.519 Z-5.200 F400.000
G1 X-18.916 Y-63.619 Z-5.200 F400.000
G1 X-18.516 Y-63.726 Z-5.200 F400.000
G1 X-18.257 Y-63.760 Z-5.200 F400.000
G1 X-18.050 Y-63.774 Z-5.200 F400.000
G1 X-16.645 Y-63.774 Z-5.200 F400.000
G1 X-16.536 Y-63.785 Z-5.200 F400.000
G1 X-16.507 Y-63.793 Z-5.200 F400.000
G1 X-16.481 Y-63.808 Z-5.200 F400.000
G1 X-16.457 Y-63.827 Z-5.200 F400.000
G1 X-16.438 Y-63.850 Z-5.200 F400.000
G1 X-16.424 Y-63.877 Z-5.200 F400.000
G1 X-16.415 Y-63.906 Z-5.200 F400.000
G1 X-16.404 Y-64.014 Z-5.200 F400.000
G1 X-16.404 Y-66.906 Z-5.200 F400.000
G1 X-16.407 Y-66.966 Z-5.200 F400.000
G1 X-16.410 Y-66.984 Z-5.200 F400.000
G1 X-16.415 Y-67.000 Z-5.200 F400.000
G1 X-16.438 Y-67.057 Z-5.200 F400.000
G1 X-20.325 Y-75.393 Z-5.200 F400.000
G1 X-20.430 Y-75.649 Z-5.200 F400.000
G1 X-20.537 Y-75.997 Z-5.200 F400.000
G1 X-20.606 Y-76.354 Z-5.200 F400.000
G1 X-20.635 Y-76.717 Z-5.200 F400.000
G1 X-20.637 Y-99.466 Z-5.200 F400.000
G1 X-20.624 Y-99.673 Z-5.200 F400.000
G1 X-20.590 Y-99.932 Z-5.200 F400.000
G1 X-20.483 Y-100.332 Z-5.200 F400.000
G1 X-20.383 Y-100.573 Z-5.200 F400.000
G1 X-20.175 Y-100.932 Z-5.200 F400.000
G1 X-20.017 Y-101.139 Z-5.200 F400.000
G1 X-19.724 Y-101.432 Z-5.200 F400.000
G1 X-19.516 Y-101.591 Z-5.200 F400.000
G1 X-19.158 Y-101.798 Z-5.200 F400.000
G1 X-18.916 Y-101.898 Z-5.200 F400.000
G1 X-18.516 Y-102.005 Z-5.200 F400.000
G1 X-18.257 Y-102.039 Z-5.200 F400.000
G1 X-18.050 Y-102.053 Z-5.200 F400.000
G1 X-16.645 Y-102.053 Z-5.200 F400.000
G1 X-16.536 Y-102.064 Z-5.200 F400.000
G1 X-16.507 Y-102.072 Z-5.200 F400.000
G1 X-16.481 Y-102.087 Z-5.200 F400.000
G1 X-16.457 Y-102.106 Z-5.200 F400.000
G1 X-16.438 Y-102.130 Z-5.200 F400.000
G1 X-16.424 Y-102.156 Z-5.200 F400.000
G1 X-16.415 Y-102.185 Z-5.200 F400.000
G1 X-16.404 Y-102.294 Z-5.200 F400.000
G1 X-16.404 Y-105.185 Z-5.200 F400.000
G1 X-16.407 Y-105.245 Z-5.200 F400.000
G1 X-16.410 Y-105.263 Z-5.200 F400.000
G1 X-16.415 Y-105.279 Z-5.200 F400.000
G1 X-16.438 Y-105.336 Z-5.200 F400.000
G1 X-20.325 Y-113.672 Z-5.200 F400.000
G1 X-20.430 Y-113.928 Z-5.200 F400.000
G1 X-20.537 Y-114.276 Z-5.200 F400.000
G1 X-20.606 Y-114.633 Z-5.200 F400.000
G1 X-20.635 Y-114.996 Z-5.200 F400.000
G1 X-20.637 Y-137.745 Z-5.200 F400.000
G1 X-20.624 Y-137.952 Z-5.200 F400.000
G1 X-20.590 Y-138.211 Z-5.200 F400.000
G1 X-20.483 Y-138.611 Z-5.200 F400.000
G1 X-20.383 Y-138.852 Z-5.200 F400.000
G1 X-20.175 Y-139.211 Z-5.200 F400.000
G1 X-20.017 Y-139.418 Z-5.200 F400.000
G1 X-19.724 Y-139.711 Z-5.200 F400.000
G1 X-19.516 Y-139.870 Z-5.200 F400.000
G1 X-19.158 Y-140.077 Z-5.200 F400.000
G1 X-18.916 Y-140.177 Z-5.200 F400.000
G1 X-18.516 Y-140.284 Z-5.200 F400.000
G1 X-18.257 Y-140.318 Z-5.200 F400.000
G1 X-18.050 Y-140.332 Z-5.200 F400.000
G1 X-16.645 Y-140.332 Z-5.200 F400.000
G1 X-16.536 Y-140.343 Z-5.200 F400.000
G1 X-16.507 Y-140.351 Z-5.200 F400.000
G1 X-16.481 Y-140.366 Z-5.200 F400.000
G1 X-16.457 Y-140.385 Z-5.200 F400.000
G1 X-16.438 Y-140.409 Z-5.200 F400.000
G1 X-16.424 Y-140.435 Z-5.200 F400.000
G1 X-16.415 Y-140.464 Z-5.200 F400.000
G1 X-16.404 Y-140.573 Z-5.200 F400.000
G1 X-16.404 Y-143.464 Z-5.200 F400.000
G1 X-16.407 Y-143.524 Z-5.200 F400.000
G1 X-16.410 Y-143.542 Z-5.200 F400.000
G1 X-16.415 Y-143.559 Z-5.200 F400.000
G1 X-16.438 Y-143.615 Z-5.200 F400.000
G1 X-20.325 Y-151.951 Z-5.200 F400.000
G1 X-20.430 Y-152.207 Z-5.200 F400.000
G1 X-20.537 Y-152.555 Z-5.200 F400.000
G1 X-20.606 Y-152.912 Z-5.200 F400.000
G1 X-20.635 Y-153.275 Z-5.200 F400.000
G1 X-20.637 Y-176.024 Z-5.200 F400.000
G1 X-20.624 Y-176.231 Z-5.200 F400.000
G1 X-20.590 Y-176.490 Z-5.200 F400.000
G1 X-20.483 Y-176.890 Z-5.200 F400.000
G1 X-20.383 Y-177.131 Z-5.200 F400.000
G1 X-20.175 Y-177.490 Z-5.200 F400.000
G1 X-20.017 Y-177.697 Z-5.200 F400.000
G1 X-19.724 Y-177.990 Z-5.200 F400.000
G1 X-19.516 Y-178.149 Z-5.200 F400.000
G1 X-19.158 Y-178.356 Z-5.200 F400.000
G1 X-18.916 Y-178.456 Z-5.200 F400.000
G1 X-18.516 Y-178.563 Z-5.200 F400.000
G1 X-18.257 Y-178.597 Z-5.200 F400.000
G1 X-18.050 Y-178.611 Z-5.200 F400.000
G1 X-16.645 Y-178.611 Z-5.200 F400.000
G1 X-16.536 Y-178.622 Z-5.200 F400.000
G1 X-16.507 Y-178.631 Z-5.200 F400.000
G1 X-16.481 Y-178.645 Z-5.200 F400.000
G1 X-16.457 Y-178.664 Z-5.200 F400.000
G1 X-16.438 Y-178.688 Z-5.200 F400.000
G1 X-16.424 Y-178.714 Z-5.200 F400.000
G1 X-16.415 Y-178.743 Z-5.200 F400.000
G1 X-16.404 Y-178.852 Z-5.200 F400.000
G1 X-16.404 Y-181.743 Z-5.200 F400.000
G1 X-16.407 Y-181.803 Z-5.200 F400.000
G1 X-16.410 Y-181.821 Z-5.200 F400.000
G1 X-16.415 Y-181.838 Z-5.200 F400.000
G1 X-16.438 Y-181.894 Z-5.200 F400.000
G1 X-20.325 Y-190.230 Z-5.200 F400.000
G1 X-20.430 Y-190.486 Z-5.200 F400.000
G1 X-20.537 Y-190.834 Z-5.200 F400.000
G1 X-20.606 Y-191.191 Z-5.200 F400.000
G1 X-20.635 Y-191.554 Z-5.200 F400.000
G1 X-20.637 Y-200.120 Z-5.200 F400.000
G1 X-20.596 Y-200.617 Z-5.200 F400.000
G1 X-20.536 Y-200.923 Z-5.200 F400.000
G1 X-20.436 Y-201.251 Z-5.200 F400.000
G1 X-20.317 Y-201.538 Z-5.200 F400.000
G1 X-20.155 Y-201.841 Z-5.200 F400.000
G1 X-19.982 Y-202.100 Z-5.200 F400.000
G1 X-19.765 Y-202.365 Z-5.200 F400.000
G1 X-19.545 Y-202.585 Z-5.200 F400.000
G1 X-19.279 Y-202.803 Z-5.200 F400.000
G1 X-19.021 Y-202.976 Z-5.200 F400.000
G1 X-18.718 Y-203.137 Z-5.200 F400.000
G1 X-18.431 Y-203.256 Z-5.200 F400.000
G1 X-18.102 Y-203.356 Z-5.200 F400.000
G1 X-17.797 Y-203.417 Z-5.200 F400.000
G1 X-17.456 Y-203.450 Z-5.200 F400.000
G1 X-14.530 Y-203.458 Z-5.200 F400.000
G1 X-14.420 Y-203.469 Z-5.200 F400.000
G1 X-14.391 Y-203.477 Z-5.200 F400.000
G1 X-14.364 Y-203.492 Z-5.200 F400.000
G1 X-14.341 Y-203.511 Z-5.200 F400.000
G1 X-14.321 Y-203.534 Z-5.200 F400.000
G1 X-14.307 Y-203.561 Z-5.200 F400.000
G1 X-14.298 Y-203.590 Z-5.200 F400.000
G1 X-14.287 Y-203.698 Z-5.200 F400.000
G1 X-14.288 Y-205.405 Z-5.200 F400.000
G1 X-14.298 Y-205.513 Z-5.200 F400.000
G1 X-14.307 Y-205.542 Z-5.200 F400.000
G1 X-14.321 Y-205.569 Z-5.200 F400.000
G1 X-14.341 Y-205.592 Z-5.200 F400.000
G1 X-14.364 Y-205.612 Z-5.200 F400.000
G1 X-14.391 Y-205.626 Z-5.200 F400.000
G1 X-14.420 Y-205.635 Z-5.200 F400.000
G1 X-14.528 Y-205.645 Z-5.200 F400.000
G1 X-17.300 Y-205.645 Z-5.200 F400.000
G1 X-17.797 Y-205.687 Z-5.200 F400.000
G1 X-18.102 Y-205.747 Z-5.200 F400.000
G1 X-18.431 Y-205.847 Z-5.200 F400.000
G1 X-18.718 Y-205.966 Z-5.200 F400.000
G1 X-19.021 Y-206.128 Z-5.200 F400.000
G1 X-19.279 Y-206.301 Z-5.200 F400.000
G1 X-19.545 Y-206.518 Z-5.200 F400.000
G1 X-19.765 Y-206.738 Z-5.200 F400.000
G1 X-19.982 Y-207.004 Z-5.200 F400.000
G1 X-20.155 Y-207.262 Z-5.200 F400.000
G1 X-20.317 Y-207.565 Z-5.200 F400.000
G1 X-20.436 Y-207.852 Z-5.200 F400.000
G1 X-20.536 Y-208.181 Z-5.200 F400.000
G1 X-20.596 Y-208.486 Z-5.200 F400.000
G1 X-20.630 Y-208.827 Z-5.200 F400.000
G1 X-20.637 Y-227.500 Z-5.200 F400.000
G0 Z5.000
G0 Z5.000
(Finish operation: RackGeometry)
(Begin operation: RampEntryDressup001)
(Path: RampEntryDressup001)
G0 X0.000 Y0.000 Z5.000
G0 X-19.050 Y-0.912 Z5.000
G0 X-19.050 Y-0.912 Z3.000
G1 X-6.350 Y-0.912 Z2.112 F400.000
G1 X-19.050 Y-0.912 Z1.224 F400.000
G1 X-6.350 Y-0.912 Z0.336 F400.000
G1 X-14.012 Y-0.912 Z-0.200 F400.000
G1 X-19.050 Y-0.912 Z-0.200 F400.000
G1 X-6.350 Y-0.912 Z-0.200 F400.000
G0 X-6.350 Y-0.912 Z5.000
G0 X-19.050 Y-0.912 Z5.000
G0 X-19.050 Y-0.912 Z3.000
G1 X-6.350 Y-0.912 Z2.112 F400.000
G1 X-19.050 Y-0.912 Z1.224 F400.000
G1 X-6.350 Y-0.912 Z0.336 F400.000
G1 X-16.872 Y-0.912 Z-0.400 F400.000
G1 X-19.050 Y-0.912 Z-0.400 F400.000
G1 X-6.350 Y-0.912 Z-0.400 F400.000
G0 X-6.350 Y-0.912 Z5.000
G0 X-19.050 Y-0.912 Z5.000
G0 X-19.050 Y-0.912 Z3.000
G1 X-6.350 Y-0.912 Z2.112 F400.000
G1 X-19.050 Y-0.912 Z1.224 F400.000
G1 X-6.350 Y-0.912 Z0.336 F400.000
G1 X-19.050 Y-0.912 Z-0.552 F400.000
G1 X-18.368 Y-0.912 Z-0.600 F400.000
G1 X-19.050 Y-0.912 Z-0.600 F400.000
G1 X-6.350 Y-0.912 Z-0.600 F400.000
G0 X-6.350 Y-0.912 Z5.000
G0 X-19.050 Y-0.912 Z5.000
G0 X-19.050 Y-0.912 Z3.000
G1 X-6.350 Y-0.912 Z2.112 F400.000
G1 X-19.050 Y-0.912 Z1.224 F400.000
G1 X-6.350 Y-0.912 Z0.336 F400.000
G1 X-19.050 Y-0.912 Z-0.552 F400.000
G1 X-15.507 Y-0.912 Z-0.800 F400.000
G1 X-19.050 Y-0.912 Z-0.800 F400.000
G1 X-6.350 Y-0.912 Z-0.800 F400.000
G0 X-6.350 Y-0.912 Z5.000
G0 X-19.050 Y-0.912 Z5.000
G0 X-19.050 Y-0.912 Z3.000
G1 X-6.350 Y-0.912 Z2.112 F400.000
G1 X-19.050 Y-0.912 Z1.224 F400.000
G1 X-6.350 Y-0.912 Z0.336 F400.000
G1 X-19.050 Y-0.912 Z-0.552 F400.000
G1 X-12.647 Y-0.912 Z-1.000 F400.000
G1 X-19.050 Y-0.912 Z-1.000 F400.000
G1 X-6.350 Y-0.912 Z-1.000 F400.000
G0 X-6.350 Y-0.912 Z5.000
G0 X-19.050 Y-0.912 Z5.000
G0 X-19.050 Y-0.912 Z3.000
G1 X-6.350 Y-0.912 Z2.112 F400.000
G1 X-19.050 Y-0.912 Z1.224 F400.000
G1 X-6.350 Y-0.912 Z0.336 F400.000
G1 X-19.050 Y-0.912 Z-0.552 F400.000
G1 X-9.787 Y-0.912 Z-1.200 F400.000
G1 X-19.050 Y-0.912 Z-1.200 F400.000
G1 X-6.350 Y-0.912 Z-1.200 F400.000
G0 X-6.350 Y-0.912 Z5.000
G0 X-19.050 Y-0.912 Z5.000
G0 X-19.050 Y-0.912 Z3.000
G1 X-6.350 Y-0.912 Z2.112 F400.000
G1 X-19.050 Y-0.912 Z1.224 F400.000
G1 X-6.350 Y-0.912 Z0.336 F400.000
G1 X-19.050 Y-0.912 Z-0.552 F400.000
G1 X-6.927 Y-0.912 Z-1.400 F400.000
G1 X-19.050 Y-0.912 Z-1.400 F400.000
G1 X-6.350 Y-0.912 Z-1.400 F400.000
G0 X-6.350 Y-0.912 Z5.000
G0 X-19.050 Y-0.912 Z5.000
G0 X-19.050 Y-0.912 Z3.000
G1 X-6.350 Y-0.912 Z2.112 F400.000
G1 X-19.050 Y-0.912 Z1.224 F400.000
G1 X-6.350 Y-0.912 Z0.336 F400.000
G1 X-19.050 Y-0.912 Z-0.552 F400.000
G1 X-6.350 Y-0.912 Z-1.440 F400.000
G1 X-8.633 Y-0.912 Z-1.600 F400.000
G1 X-19.050 Y-0.912 Z-1.600 F400.000
G1 X-6.350 Y-0.912 Z-1.600 F400.000
G0 X-6.350 Y-0.912 Z5.000
G0 X-19.050 Y-0.912 Z5.000
G0 X-19.050 Y-0.912 Z3.000
G1 X-6.350 Y-0.912 Z2.112 F400.000
G1 X-19.050 Y-0.912 Z1.224 F400.000
G1 X-6.350 Y-0.912 Z0.336 F400.000
G1 X-19.050 Y-0.912 Z-0.552 F400.000
G1 X-6.350 Y-0.912 Z-1.440 F400.000
G1 X-11.493 Y-0.912 Z-1.800 F400.000
G1 X-19.050 Y-0.912 Z-1.800 F400.000
G1 X-6.350 Y-0.912 Z-1.800 F400.000
G0 X-6.350 Y-0.912 Z5.000
G0 X-19.050 Y-0.912 Z5.000
G0 X-19.050 Y-0.912 Z3.000
G1 X-6.350 Y-0.912 Z2.112 F400.000
G1 X-19.050 Y-0.912 Z1.224 F400.000
G1 X-6.350 Y-0.912 Z0.336 F400.000
G1 X-19.050 Y-0.912 Z-0.552 F400.000
G1 X-6.350 Y-0.912 Z-1.440 F400.000
G1 X-14.353 Y-0.912 Z-2.000 F400.000
G1 X-19.050 Y-0.912 Z-2.000 F400.000
G1 X-6.350 Y-0.912 Z-2.000 F400.000
G0 X-6.350 Y-0.912 Z5.000
G0 X-19.050 Y-0.912 Z5.000
G0 X-19.050 Y-0.912 Z3.000
G1 X-6.350 Y-0.912 Z2.112 F400.000
G1 X-19.050 Y-0.912 Z1.224 F400.000
G1 X-6.350 Y-0.912 Z0.336 F400.000
G1 X-19.050 Y-0.912 Z-0.552 F400.000
G1 X-6.350 Y-0.912 Z-1.440 F400.000
G1 X-17.213 Y-0.912 Z-2.200 F400.000
G1 X-19.050 Y-0.912 Z-2.200 F400.000
G1 X-6.350 Y-0.912 Z-2.200 F400.000
G0 X-6.350 Y-0.912 Z5.000
G0 X-19.050 Y-0.912 Z5.000
G0 X-19.050 Y-0.912 Z3.000
G1 X-6.350 Y-0.912 Z2.112 F400.000
G1 X-19.050 Y-0.912 Z1.224 F400.000
G1 X-6.350 Y-0.912 Z0.336 F400.000
G1 X-19.050 Y-0.912 Z-0.552 F400.000
G1 X-6.350 Y-0.912 Z-1.440 F400.000
G1 X-19.050 Y-0.912 Z-2.328 F400.000
G1 X-18.026 Y-0.912 Z-2.400 F400.000
G1 X-19.050 Y-0.912 Z-2.400 F400.000
G1 X-6.350 Y-0.912 Z-2.400 F400.000
G0 X-6.350 Y-0.912 Z5.000
G0 X-19.050 Y-0.912 Z5.000
G0 X-19.050 Y-0.912 Z3.000
G1 X-6.350 Y-0.912 Z2.112 F400.000
G1 X-19.050 Y-0.912 Z1.224 F400.000
G1 X-6.350 Y-0.912 Z0.336 F400.000
G1 X-19.050 Y-0.912 Z-0.552 F400.000
G1 X-6.350 Y-0.912 Z-1.440 F400.000
G1 X-19.050 Y-0.912 Z-2.328 F400.000
G1 X-15.166 Y-0.912 Z-2.600 F400.000
G1 X-19.050 Y-0.912 Z-2.600 F400.000
G1 X-6.350 Y-0.912 Z-2.600 F400.000
G0 X-6.350 Y-0.912 Z5.000
G0 X-19.050 Y-0.912 Z5.000
G0 X-19.050 Y-0.912 Z3.000
G1 X-6.350 Y-0.912 Z2.112 F400.000
G1 X-19.050 Y-0.912 Z1.224 F400.000
G1 X-6.350 Y-0.912 Z0.336 F400.000
G1 X-19.050 Y-0.912 Z-0.552 F400.000
G1 X-6.350 Y-0.912 Z-1.440 F400.000
G1 X-19.050 Y-0.912 Z-2.328 F400.000
G1 X-12.306 Y-0.912 Z-2.800 F400.000
G1 X-19.050 Y-0.912 Z-2.800 F400.000
G1 X-6.350 Y-0.912 Z-2.800 F400.000
G0 X-6.350 Y-0.912 Z5.000
G0 X-19.050 Y-0.912 Z5.000
G0 X-19.050 Y-0.912 Z3.000
G1 X-6.350 Y-0.912 Z2.112 F400.000
G1 X-19.050 Y-0.912 Z1.224 F400.000
G1 X-6.350 Y-0.912 Z0.336 F400.000
G1 X-19.050 Y-0.912 Z-0.552 F400.000
G1 X-6.350 Y-0.912 Z-1.440 F400.000
G1 X-19.050 Y-0.912 Z-2.328 F400.000
G1 X-9.446 Y-0.912 Z-3.000 F400.000
G1 X-19.050 Y-0.912 Z-3.000 F400.000
G1 X-6.350 Y-0.912 Z-3.000 F400.000
G0 X-6.350 Y-0.912 Z5.000
G0 X-19.050 Y-0.912 Z5.000
G0 X-19.050 Y-0.912 Z3.000
G1 X-6.350 Y-0.912 Z2.112 F400.000
G1 X-19.050 Y-0.912 Z1.224 F400.000
G1 X-6.350 Y-0.912 Z0.336 F400.000
G1 X-19.050 Y-0.912 Z-0.552 F400.000
G1 X-6.350 Y-0.912 Z-1.440 F400.000
G1 X-19.050 Y-0.912 Z-2.328 F400.000
G1 X-6.586 Y-0.912 Z-3.200 F400.000
G1 X-19.050 Y-0.912 Z-3.200 F400.000
G1 X-6.350 Y-0.912 Z-3.200 F400.000
G0 X-6.350 Y-0.912 Z5.000
G0 X-19.050 Y-0.912 Z5.000
G0 X-19.050 Y-0.912 Z3.000
G1 X-6.350 Y-0.912 Z2.112 F400.000
G1 X-19.050 Y-0.912 Z1.224 F400.000
G1 X-6.350 Y-0.912 Z0.336 F400.000
G1 X-19.050 Y-0.912 Z-0.552 F400.000
G1 X-6.350 Y-0.912 Z-1.440 F400.000
G1 X-19.050 Y-0.912 Z-2.328 F400.000
G1 X-6.350 Y-0.912 Z-3.216 F400.000
G1 X-8.974 Y-0.912 Z-3.400 F400.000
G1 X-19.050 Y-0.912 Z-3.400 F400.000
G1 X-6.350 Y-0.912 Z-3.400 F400.000
G0 X-6.350 Y-0.912 Z5.000
G0 X-19.050 Y-0.912 Z5.000
G0 X-19.050 Y-0.912 Z3.000
G1 X-6.350 Y-0.912 Z2.112 F400.000
G1 X-19.050 Y-0.912 Z1.224 F400.000
G1 X-6.350 Y-0.912 Z0.336 F400.000
G1 X-19.050 Y-0.912 Z-0.552 F400.000
G1 X-6.350 Y-0.912 Z-1.440 F400.000
G1 X-19.050 Y-0.912 Z-2.328 F400.000
G1 X-6.350 Y-0.912 Z-3.216 F400.000
G1 X-11.834 Y-0.912 Z-3.600 F400.000
G1 X-19.050 Y-0.912 Z-3.600 F400.000
G1 X-6.350 Y-0.912 Z-3.600 F400.000
G0 X-6.350 Y-0.912 Z5.000
G0 X-19.050 Y-0.912 Z5.000
G0 X-19.050 Y-0.912 Z3.000
G1 X-6.350 Y-0.912 Z2.112 F400.000
G1 X-19.050 Y-0.912 Z1.224 F400.000
G1 X-6.350 Y-0.912 Z0.336 F400.000
G1 X-19.050 Y-0.912 Z-0.552 F400.000
G1 X-6.350 Y-0.912 Z-1.440 F400.000
G1 X-19.050 Y-0.912 Z-2.328 F400.000
G1 X-6.350 Y-0.912 Z-3.216 F400.000
G1 X-14.695 Y-0.912 Z-3.800 F400.000
G1 X-19.050 Y-0.912 Z-3.800 F400.000
G1 X-6.350 Y-0.912 Z-3.800 F400.000
G0 X-6.350 Y-0.912 Z5.000
G0 X-19.050 Y-0.912 Z5.000
G0 X-19.050 Y-0.912 Z3.000
G1 X-6.350 Y-0.912 Z2.112 F400.000
G1 X-19.050 Y-0.912 Z1.224 F400.000
G1 X-6.350 Y-0.912 Z0.336 F400.000
G1 X-19.050 Y-0.912 Z-0.552 F400.000
G1 X-6.350 Y-0.912 Z-1.440 F400.000
G1 X-19.050 Y-0.912 Z-2.328 F400.000
G1 X-6.350 Y-0.912 Z-3.216 F400.000
G1 X-17.555 Y-0.912 Z-4.000 F400.000
G1 X-19.050 Y-0.912 Z-4.000 F400.000
G1 X-6.350 Y-0.912 Z-4.000 F400.000
G0 X-6.350 Y-0.912 Z5.000
G0 X-19.050 Y-0.912 Z5.000
G0 X-19.050 Y-0.912 Z3.000
G1 X-6.350 Y-0.912 Z2.112 F400.000
G1 X-19.050 Y-0.912 Z1.224 F400.000
G1 X-6.350 Y-0.912 Z0.336 F400.000
G1 X-19.050 Y-0.912 Z-0.552 F400.000
G1 X-6.350 Y-0.912 Z-1.440 F400.000
G1 X-19.050 Y-0.912 Z-2.328 F400.000
G1 X-6.350 Y-0.912 Z-3.216 F400.000
G1 X-19.050 Y-0.912 Z-4.105 F400.000
G1 X-17.685 Y-0.912 Z-4.200 F400.000
G1 X-19.050 Y-0.912 Z-4.200 F400.000
G1 X-6.350 Y-0.912 Z-4.200 F400.000
G0 X-6.350 Y-0.912 Z5.000
G0 X-19.050 Y-0.912 Z5.000
G0 X-19.050 Y-0.912 Z3.000
G1 X-6.350 Y-0.912 Z2.112 F400.000
G1 X-19.050 Y-0.912 Z1.224 F400.000
G1 X-6.350 Y-0.912 Z0.336 F400.000
G1 X-19.050 Y-0.912 Z-0.552 F400.000
G1 X-6.350 Y-0.912 Z-1.440 F400.000
G1 X-19.050 Y-0.912 Z-2.328 F400.000
G1 X-6.350 Y-0.912 Z-3.216 F400.000
G1 X-19.050 Y-0.912 Z-4.105 F400.000
G1 X-14.825 Y-0.912 Z-4.400 F400.000
G1 X-19.050 Y-0.912 Z-4.400 F400.000
G1 X-6.350 Y-0.912 Z-4.400 F400.000
G0 X-6.350 Y-0.912 Z5.000
G0 X-19.050 Y-0.912 Z5.000
G0 X-19.050 Y-0.912 Z3.000
G1 X-6.350 Y-0.912 Z2.112 F400.000
G1 X-19.050 Y-0.912 Z1.224 F400.000
G1 X-6.350 Y-0.912 Z0.336 F400.000
G1 X-19.050 Y-0.912 Z-0.552 F400.000
G1 X-6.350 Y-0.912 Z-1.440 F400.000
G1 X-19.050 Y-0.912 Z-2.328 F400.000
G1 X-6.350 Y-0.912 Z-3.216 F400.000
G1 X-19.050 Y-0.912 Z-4.105 F400.000
G1 X-11.965 Y-0.912 Z-4.600 F400.000
G1 X-19.050 Y-0.912 Z-4.600 F400.000
G1 X-6.350 Y-0.912 Z-4.600 F400.000
G0 X-6.350 Y-0.912 Z5.000
G0 X-19.050 Y-0.912 Z5.000
G0 X-19.050 Y-0.912 Z3.000
G1 X-6.350 Y-0.912 Z2.112 F400.000
G1 X-19.050 Y-0.912 Z1.224 F400.000
G1 X-6.350 Y-0.912 Z0.336 F400.000
G1 X-19.050 Y-0.912 Z-0.552 F400.000
G1 X-6.350 Y-0.912 Z-1.440 F400.000
G1 X-19.050 Y-0.912 Z-2.328 F400.000
G1 X-6.350 Y-0.912 Z-3.216 F400.000
G1 X-19.050 Y-0.912 Z-4.105 F400.000
G1 X-9.105 Y-0.912 Z-4.800 F400.000
G1 X-19.050 Y-0.912 Z-4.800 F400.000
G1 X-6.350 Y-0.912 Z-4.800 F400.000
G0 X-6.350 Y-0.912 Z5.000
G0 X-19.050 Y-0.912 Z5.000
G0 X-19.050 Y-0.912 Z3.000
G1 X-6.350 Y-0.912 Z2.112 F400.000
G1 X-19.050 Y-0.912 Z1.224 F400.000
G1 X-6.350 Y-0.912 Z0.336 F400.000
G1 X-19.050 Y-0.912 Z-0.552 F400.000
G1 X-6.350 Y-0.912 Z-1.440 F400.000
G1 X-19.050 Y-0.912 Z-2.328 F400.000
G1 X-6.350 Y-0.912 Z-3.216 F400.000
G1 X-19.050 Y-0.912 Z-4.105 F400.000
G1 X-6.350 Y-0.912 Z-4.993 F400.000
G1 X-6.455 Y-0.912 Z-5.000 F400.000
G1 X-19.050 Y-0.912 Z-5.000 F400.000
G1 X-6.350 Y-0.912 Z-5.000 F400.000
G0 X-6.350 Y-0.912 Z5.000
G0 X-19.050 Y-0.912 Z5.000
G0 X-19.050 Y-0.912 Z3.000
G1 X-6.350 Y-0.912 Z2.112 F400.000
G1 X-19.050 Y-0.912 Z1.224 F400.000
G1 X-6.350 Y-0.912 Z0.336 F400.000
G1 X-19.050 Y-0.912 Z-0.552 F400.000
G1 X-6.350 Y-0.912 Z-1.440 F400.000
G1 X-19.050 Y-0.912 Z-2.328 F400.000
G1 X-6.350 Y-0.912 Z-3.216 F400.000
G1 X-19.050 Y-0.912 Z-4.105 F400.000
G1 X-6.350 Y-0.912 Z-4.993 F400.000
G1 X-9.315 Y-0.912 Z-5.200 F400.000
G1 X-19.050 Y-0.912 Z-5.200 F400.000
G1 X-6.350 Y-0.912 Z-5.200 F400.000
G0 X-6.350 Y-0.912 Z5.000
(Finish operation: RampEntryDressup001)
(Begin operation: RampEntryDressup002)
(Path: RampEntryDressup002)
G0 X0.000 Y0.000 Z5.000
G0 X-6.350 Y-229.088 Z5.000
G0 X-6.350 Y-229.088 Z3.000
G1 X-19.050 Y-229.088 Z2.112 F400.000
G1 X-6.350 Y-229.088 Z1.224 F400.000
G1 X-19.050 Y-229.088 Z0.336 F400.000
G1 X-11.388 Y-229.088 Z-0.200 F400.000
G1 X-6.350 Y-229.088 Z-0.200 F400.000
G1 X-19.050 Y-229.088 Z-0.200 F400.000
G0 X-19.050 Y-229.088 Z5.000
G0 X-6.350 Y-229.088 Z5.000
G0 X-6.350 Y-229.088 Z3.000
G1 X-19.050 Y-229.088 Z2.112 F400.000
G1 X-6.350 Y-229.088 Z1.224 F400.000
G1 X-19.050 Y-229.088 Z0.336 F400.000
G1 X-8.528 Y-229.088 Z-0.400 F400.000
G1 X-6.350 Y-229.088 Z-0.400 F400.000
G1 X-19.050 Y-229.088 Z-0.400 F400.000
G0 X-19.050 Y-229.088 Z5.000
G0 X-6.350 Y-229.088 Z5.000
G0 X-6.350 Y-229.088 Z3.000
G1 X-19.050 Y-229.088 Z2.112 F400.000
G1 X-6.350 Y-229.088 Z1.224 F400.000
G1 X-19.050 Y-229.088 Z0.336 F400.000
G1 X-6.350 Y-229.088 Z-0.552 F400.000
G1 X-7.032 Y-229.088 Z-0.600 F400.000
G1 X-6.350 Y-229.088 Z-0.600 F400.000
G1 X-19.050 Y-229.088 Z-0.600 F400.000
G0 X-19.050 Y-229.088 Z5.000
G0 X-6.350 Y-229.088 Z5.000
G0 X-6.350 Y-229.088 Z3.000
G1 X-19.050 Y-229.088 Z2.112 F400.000
G1 X-6.350 Y-229.088 Z1.224 F400.000
G1 X-19.050 Y-229.088 Z0.336 F400.000
G1 X-6.350 Y-229.088 Z-0.552 F400.000
G1 X-9.893 Y-229.088 Z-0.800 F400.000
G1 X-6.350 Y-229.088 Z-0.800 F400.000
G1 X-19.050 Y-229.088 Z-0.800 F400.000
G0 X-19.050 Y-229.088 Z5.000
G0 X-6.350 Y-229.088 Z5.000
G0 X-6.350 Y-229.088 Z3.000
G1 X-19.050 Y-229.088 Z2.112 F400.000
G1 X-6.350 Y-229.088 Z1.224 F400.000
G1 X-19.050 Y-229.088 Z0.336 F400.000
G1 X-6.350 Y-229.088 Z-0.552 F400.000
G1 X-12.753 Y-229.088 Z-1.000 F400.000
G1 X-6.350 Y-229.088 Z-1.000 F400.000
G1 X-19.050 Y-229.088 Z-1.000 F400.000
G0 X-19.050 Y-229.088 Z5.000
G0 X-6.350 Y-229.088 Z5.000
G0 X-6.350 Y-229.088 Z3.000
G1 X-19.050 Y-229.088 Z2.112 F400.000
G1 X-6.350 Y-229.088 Z1.224 F400.000
G1 X-19.050 Y-229.088 Z0.336 F400.000
G1 X-6.350 Y-229.088 Z-0.552 F400.000
G1 X-15.613 Y-229.088 Z-1.200 F400.000
G1 X-6.350 Y-229.088 Z-1.200 F400.000
G1 X-19.050 Y-229.088 Z-1.200 F400.000
G0 X-19.050 Y-229.088 Z5.000
G0 X-6.350 Y-229.088 Z5.000
G0 X-6.350 Y-229.088 Z3.000
G1 X-19.050 Y-229.088 Z2.112 F400.000
G1 X-6.350 Y-229.088 Z1.224 F400.000
G1 X-19.050 Y-229.088 Z0.336 F400.000
G1 X-6.350 Y-229.088 Z-0.552 F400.000
G1 X-18.473 Y-229.088 Z-1.400 F400.000
G1 X-6.350 Y-229.088 Z-1.400 F400.000
G1 X-19.050 Y-229.088 Z-1.400 F400.000
G0 X-19.050 Y-229.088 Z5.000
G0 X-6.350 Y-229.088 Z5.000
G0 X-6.350 Y-229.088 Z3.000
G1 X-19.050 Y-229.088 Z2.112 F400.000
G1 X-6.350 Y-229.088 Z1.224 F400.000
G1 X-19.050 Y-229.088 Z0.336 F400.000
G1 X-6.350 Y-229.088 Z-0.552 F400.000
G1 X-19.050 Y-229.088 Z-1.440 F400.000
G1 X-16.767 Y-229.088 Z-1.600 F400.000
G1 X-6.350 Y-229.088 Z-1.600 F400.000
G1 X-19.050 Y-229.088 Z-1.600 F400.000
G0 X-19.050 Y-229.088 Z5.000
G0 X-6.350 Y-229.088 Z5.000
G0 X-6.350 Y-229.088 Z3.000
G1 X-19.050 Y-229.088 Z2.112 F400.000
G1 X-6.350 Y-229.088 Z1.224 F400.000
G1 X-19.050 Y-229.088 Z0.336 F400.000
G1 X-6.350 Y-229.088 Z-0.552 F400.000
G1 X-19.050 Y-229.088 Z-1.440 F400.000
G1 X-13.907 Y-229.088 Z-1.800 F400.000
G1 X-6.350 Y-229.088 Z-1.800 F400.000
G1 X-19.050 Y-229.088 Z-1.800 F400.000
G0 X-19.050 Y-229.088 Z5.000
G0 X-6.350 Y-229.088 Z5.000
G0 X-6.350 Y-229.088 Z3.000
G1 X-19.050 Y-229.088 Z2.112 F400.000
G1 X-6.350 Y-229.088 Z1.224 F400.000
G1 X-19.050 Y-229.088 Z0.336 F400.000
G1 X-6.350 Y-229.088 Z-0.552 F400.000
G1 X-19.050 Y-229.088 Z-1.440 F400.000
G1 X-11.047 Y-229.088 Z-2.000 F400.000
G1 X-6.350 Y-229.088 Z-2.000 F400.000
G1 X-19.050 Y-229.088 Z-2.000 F400.000
G0 X-19.050 Y-229.088 Z5.000
G0 X-6.350 Y-229.088 Z5.000
G0 X-6.350 Y-229.088 Z3.000
G1 X-19.050 Y-229.088 Z2.112 F400.000
G1 X-6.350 Y-229.088 Z1.224 F400.000
G1 X-19.050 Y-229.088 Z0.336 F400.000
G1 X-6.350 Y-229.088 Z-0.552 F400.000
G1 X-19.050 Y-229.088 Z-1.440 F400.000
G1 X-8.187 Y-229.088 Z-2.200 F400.000
G1 X-6.350 Y-229.088 Z-2.200 F400.000
G1 X-19.050 Y-229.088 Z-2.200 F400.000
G0 X-19.050 Y-229.088 Z5.000
G0 X-6.350 Y-229.088 Z5.000
G0 X-6.350 Y-229.088 Z3.000
G1 X-19.050 Y-229.088 Z2.112 F400.000
G1 X-6.350 Y-229.088 Z1.224 F400.000
G1 X-19.050 Y-229.088 Z0.336 F400.000
G1 X-6.350 Y-229.088 Z-0.552 F400.000
G1 X-19.050 Y-229.088 Z-1.440 F400.000
G1 X-6.350 Y-229.088 Z-2.328 F400.000
G1 X-7.374 Y-229.088 Z-2.400 F400.000
G1 X-6.350 Y-229.088 Z-2.400 F400.000
G1 X-19.050 Y-229.088 Z-2.400 F400.000
G0 X-19.050 Y-229.088 Z5.000
G0 X-6.350 Y-229.088 Z5.000
G0 X-6.350 Y-229.088 Z3.000
G1 X-19.050 Y-229.088 Z2.112 F400.000
G1 X-6.350 Y-229.088 Z1.224 F400.000
G1 X-19.050 Y-229.088 Z0.336 F400.000
G1 X-6.350 Y-229.088 Z-0.552 F400.000
G1 X-19.050 Y-229.088 Z-1.440 F400.000
G1 X-6.350 Y-229.088 Z-2.328 F400.000
G1 X-10.234 Y-229.088 Z-2.600 F400.000
G1 X-6.350 Y-229.088 Z-2.600 F400.000
G1 X-19.050 Y-229.088 Z-2.600 F400.000
G0 X-19.050 Y-229.088 Z5.000
G0 X-6.350 Y-229.088 Z5.000
G0 X-6.350 Y-229.088 Z3.000
G1 X-19.050 Y-229.088 Z2.112 F400.000
G1 X-6.350 Y-229.088 Z1.224 F400.000
G1 X-19.050 Y-229.088 Z0.336 F400.000
G1 X-6.350 Y-229.088 Z-0.552 F400.000
G1 X-19.050 Y-229.088 Z-1.440 F400.000
G1 X-6.350 Y-229.088 Z-2.328 F400.000
G1 X-13.094 Y-229.088 Z-2.800 F400.000
G1 X-6.350 Y-229.088 Z-2.800 F400.000
G1 X-19.050 Y-229.088 Z-2.800 F400.000
G0 X-19.050 Y-229.088 Z5.000
G0 X-6.350 Y-229.088 Z5.000
G0 X-6.350 Y-229.088 Z3.000
G1 X-19.050 Y-229.088 Z2.112 F400.000
G1 X-6.350 Y-229.088 Z1.224 F400.000
G1 X-19.050 Y-229.088 Z0.336 F400.000
G1 X-6.350 Y-229.088 Z-0.552 F400.000
G1 X-19.050 Y-229.088 Z-1.440 F400.000
G1 X-6.350 Y-229.088 Z-2.328 F400.000
G1 X-15.954 Y-229.088 Z-3.000 F400.000
G1 X-6.350 Y-229.088 Z-3.000 F400.000
G1 X-19.050 Y-229.088 Z-3.000 F400.000
G0 X-19.050 Y-229.088 Z5.000
G0 X-6.350 Y-229.088 Z5.000
G0 X-6.350 Y-229.088 Z3.000
G1 X-19.050 Y-229.088 Z2.112 F400.000
G1 X-6.350 Y-229.088 Z1.224 F400.000
G1 X-19.050 Y-229.088 Z0.336 F400.000
G1 X-6.350 Y-229.088 Z-0.552 F400.000
G1 X-19.050 Y-229.088 Z-1.440 F400.000
G1 X-6.350 Y-229.088 Z-2.328 F400.000
G1 X-18.814 Y-229.088 Z-3.200 F400.000
G1 X-6.350 Y-229.088 Z-3.200 F400.000
G1 X-19.050 Y-229.088 Z-3.200 F400.000
G0 X-19.050 Y-229.088 Z5.000
G0 X-6.350 Y-229.088 Z5.000
G0 X-6.350 Y-229.088 Z3.000
G1 X-19.050 Y-229.088 Z2.112 F400.000
G1 X-6.350 Y-229.088 Z1.224 F400.000
G1 X-19.050 Y-229.088 Z0.336 F400.000
G1 X-6.350 Y-229.088 Z-0.552 F400.000
G1 X-19.050 Y-229.088 Z-1.440 F400.000
G1 X-6.350 Y-229.088 Z-2.328 F400.000
G1 X-19.050 Y-229.088 Z-3.216 F400.000
G1 X-16.426 Y-229.088 Z-3.400 F400.000
G1 X-6.350 Y-229.088 Z-3.400 F400.000
G1 X-19.050 Y-229.088 Z-3.400 F400.000
G0 X-19.050 Y-229.088 Z5.000
G0 X-6.350 Y-229.088 Z5.000
G0 X-6.350 Y-229.088 Z3.000
G1 X-19.050 Y-229.088 Z2.112 F400.000
G1 X-6.350 Y-229.088 Z1.224 F400.000
G1 X-19.050 Y-229.088 Z0.336 F400.000
G1 X-6.350 Y-229.088 Z-0.552 F400.000
G1 X-19.050 Y-229.088 Z-1.440 F400.000
G1 X-6.350 Y-229.088 Z-2.328 F400.000
G1 X-19.050 Y-229.088 Z-3.216 F400.000
G1 X-13.566 Y-229.088 Z-3.600 F400.000
G1 X-6.350 Y-229.088 Z-3.600 F400.000
G1 X-19.050 Y-229.088 Z-3.600 F400.000
G0 X-19.050 Y-229.088 Z5.000
G0 X-6.350 Y-229.088 Z5.000
G0 X-6.350 Y-229.088 Z3.000
G1 X-19.050 Y-229.088 Z2.112 F400.000
G1 X-6.350 Y-229.088 Z1.224 F400.000
G1 X-19.050 Y-229.088 Z0.336 F400.000
G1 X-6.350 Y-229.088 Z-0.552 F400.000
G1 X-19.050 Y-229.088 Z-1.440 F400.000
G1 X-6.350 Y-229.088 Z-2.328 F400.000
G1 X-19.050 Y-229.088 Z-3.216 F400.000
G1 X-10.705 Y-229.088 Z-3.800 F400.000
G1 X-6.350 Y-229.088 Z-3.800 F400.000
G1 X-19.050 Y-229.088 Z-3.800 F400.000
G0 X-19.050 Y-229.088 Z5.000
G0 X-6.350 Y-229.088 Z5.000
G0 X-6.350 Y-229.088 Z3.000
G1 X-19.050 Y-229.088 Z2.112 F400.000
G1 X-6.350 Y-229.088 Z1.224 F400.000
G1 X-19.050 Y-229.088 Z0.336 F400.000
G1 X-6.350 Y-229.088 Z-0.552 F400.000
G1 X-19.050 Y-229.088 Z-1.440 F400.000
G1 X-6.350 Y-229.088 Z-2.328 F400.000
G1 X-19.050 Y-229.088 Z-3.216 F400.000
G1 X-7.845 Y-229.088 Z-4.000 F400.000
G1 X-6.350 Y-229.088 Z-4.000 F400.000
G1 X-19.050 Y-229.088 Z-4.000 F400.000
G0 X-19.050 Y-229.088 Z5.000
G0 X-6.350 Y-229.088 Z5.000
G0 X-6.350 Y-229.088 Z3.000
G1 X-19.050 Y-229.088 Z2.112 F400.000
G1 X-6.350 Y-229.088 Z1.224 F400.000
G1 X-19.050 Y-229.088 Z0.336 F400.000
G1 X-6.350 Y-229.088 Z-0.552 F400.000
G1 X-19.050 Y-229.088 Z-1.440 F400.000
G1 X-6.350 Y-229.088 Z-2.328 F400.000
G1 X-19.050 Y-229.088 Z-3.216 F400.000
G1 X-6.350 Y-229.088 Z-4.105 F400.000
G1 X-7.715 Y-229.088 Z-4.200 F400.000
G1 X-6.350 Y-229.088 Z-4.200 F400.000
G1 X-19.050 Y-229.088 Z-4.200 F400.000
G0 X-19.050 Y-229.088 Z5.000
G0 X-6.350 Y-229.088 Z5.000
G0 X-6.350 Y-229.088 Z3.000
G1 X-19.050 Y-229.088 Z2.112 F400.000
G1 X-6.350 Y-229.088 Z1.224 F400.000
G1 X-19.050 Y-229.088 Z0.336 F400.000
G1 X-6.350 Y-229.088 Z-0.552 F400.000
G1 X-19.050 Y-229.088 Z-1.440 F400.000
G1 X-6.350 Y-229.088 Z-2.328 F400.000
G1 X-19.050 Y-229.088 Z-3.216 F400.000
G1 X-6.350 Y-229.088 Z-4.105 F400.000
G1 X-10.575 Y-229.088 Z-4.400 F400.000
G1 X-6.350 Y-229.088 Z-4.400 F400.000
G1 X-19.050 Y-229.088 Z-4.400 F400.000
G0 X-19.050 Y-229.088 Z5.000
G0 X-6.350 Y-229.088 Z5.000
G0 X-6.350 Y-229.088 Z3.000
G1 X-19.050 Y-229.088 Z2.112 F400.000
G1 X-6.350 Y-229.088 Z1.224 F400.000
G1 X-19.050 Y-229.088 Z0.336 F400.000
G1 X-6.350 Y-229.088 Z-0.552 F400.000
G1 X-19.050 Y-229.088 Z-1.440 F400.000
G1 X-6.350 Y-229.088 Z-2.328 F400.000
G1 X-19.050 Y-229.088 Z-3.216 F400.000
G1 X-6.350 Y-229.088 Z-4.105 F400.000
G1 X-13.435 Y-229.088 Z-4.600 F400.000
G1 X-6.350 Y-229.088 Z-4.600 F400.000
G1 X-19.050 Y-229.088 Z-4.600 F400.000
G0 X-19.050 Y-229.088 Z5.000
G0 X-6.350 Y-229.088 Z5.000
G0 X-6.350 Y-229.088 Z3.000
G1 X-19.050 Y-229.088 Z2.112 F400.000
G1 X-6.350 Y-229.088 Z1.224 F400.000
G1 X-19.050 Y-229.088 Z0.336 F400.000
G1 X-6.350 Y-229.088 Z-0.552 F400.000
G1 X-19.050 Y-229.088 Z-1.440 F400.000
G1 X-6.350 Y-229.088 Z-2.328 F400.000
G1 X-19.050 Y-229.088 Z-3.216 F400.000
G1 X-6.350 Y-229.088 Z-4.105 F400.000
G1 X-16.295 Y-229.088 Z-4.800 F400.000
G1 X-6.350 Y-229.088 Z-4.800 F400.000
G1 X-19.050 Y-229.088 Z-4.800 F400.000
G0 X-19.050 Y-229.088 Z5.000
G0 X-6.350 Y-229.088 Z5.000
G0 X-6.350 Y-229.088 Z3.000
G1 X-19.050 Y-229.088 Z2.112 F400.000
G1 X-6.350 Y-229.088 Z1.224 F400.000
G1 X-19.050 Y-229.088 Z0.336 F400.000
G1 X-6.350 Y-229.088 Z-0.552 F400.000
G1 X-19.050 Y-229.088 Z-1.440 F400.000
G1 X-6.350 Y-229.088 Z-2.328 F400.000
G1 X-19.050 Y-229.088 Z-3.216 F400.000
G1 X-6.350 Y-229.088 Z-4.105 F400.000
G1 X-19.050 Y-229.088 Z-4.993 F400.000
G1 X-18.945 Y-229.088 Z-5.000 F400.000
G1 X-6.350 Y-229.088 Z-5.000 F400.000
G1 X-19.050 Y-229.088 Z-5.000 F400.000
G0 X-19.050 Y-229.088 Z5.000
G0 X-6.350 Y-229.088 Z5.000
G0 X-6.350 Y-229.088 Z3.000
G1 X-19.050 Y-229.088 Z2.112 F400.000
G1 X-6.350 Y-229.088 Z1.224 F400.000
G1 X-19.050 Y-229.088 Z0.336 F400.000
G1 X-6.350 Y-229.088 Z-0.552 F400.000
G1 X-19.050 Y-229.088 Z-1.440 F400.000
G1 X-6.350 Y-229.088 Z-2.328 F400.000
G1 X-19.050 Y-229.088 Z-3.216 F400.000
G1 X-6.350 Y-229.088 Z-4.105 F400.000
G1 X-19.050 Y-229.088 Z-4.993 F400.000
G1 X-16.085 Y-229.088 Z-5.200 F400.000
G1 X-6.350 Y-229.088 Z-5.200 F400.000
G1 X-19.050 Y-229.088 Z-5.200 F400.000
G0 X-19.050 Y-229.088 Z5.000
(Finish operation: RampEntryDressup002)
(Begin operation: RampEntryDressup)
(Path: RampEntryDressup)
G0 X0.000 Y0.000 Z5.000
G0 X-4.763 Y-227.500 Z5.000
G0 X-4.763 Y-227.500 Z3.000
G1 X-4.763 Y-204.619 Z1.400 F400.000
G1 X-4.763 Y-227.500 Z-0.200 F400.000
G1 X-4.763 Y-2.500 Z-0.200 F400.000
G0 X-4.763 Y-2.500 Z5.000
G0 X-4.763 Y-227.500 Z5.000
G0 X-4.763 Y-227.500 Z3.000
G1 X-4.763 Y-203.189 Z1.300 F400.000
G1 X-4.763 Y-227.500 Z-0.400 F400.000
G1 X-4.763 Y-2.500 Z-0.400 F400.000
G0 X-4.763 Y-2.500 Z5.000
G0 X-4.763 Y-227.500 Z5.000
G0 X-4.763 Y-227.500 Z3.000
G1 X-4.763 Y-201.759 Z1.200 F400.000
G1 X-4.763 Y-227.500 Z-0.600 F400.000
G1 X-4.763 Y-2.500 Z-0.600 F400.000
G0 X-4.763 Y-2.500 Z5.000
G0 X-4.763 Y-227.500 Z5.000
G0 X-4.763 Y-227.500 Z3.000
G1 X-4.763 Y-200.329 Z1.100 F400.000
G1 X-4.763 Y-227.500 Z-0.800 F400.000
G1 X-4.763 Y-2.500 Z-0.800 F400.000
G0 X-4.763 Y-2.500 Z5.000
G0 X-4.763 Y-227.500 Z5.000
G0 X-4.763 Y-227.500 Z3.000
G1 X-4.763 Y-198.899 Z1.000 F400.000
G1 X-4.763 Y-227.500 Z-1.000 F400.000
G1 X-4.763 Y-2.500 Z-1.000 F400.000
G0 X-4.763 Y-2.500 Z5.000
G0 X-4.763 Y-227.500 Z5.000
G0 X-4.763 Y-227.500 Z3.000
G1 X-4.763 Y-197.469 Z0.900 F400.000
G1 X-4.763 Y-227.500 Z-1.200 F400.000
G1 X-4.763 Y-2.500 Z-1.200 F400.000
G0 X-4.763 Y-2.500 Z5.000
G0 X-4.763 Y-227.500 Z5.000
G0 X-4.763 Y-227.500 Z3.000
G1 X-4.763 Y-196.039 Z0.800 F400.000
G1 X-4.763 Y-227.500 Z-1.400 F400.000
G1 X-4.763 Y-2.500 Z-1.400 F400.000
G0 X-4.763 Y-2.500 Z5.000
G0 X-4.763 Y-227.500 Z5.000
G0 X-4.763 Y-227.500 Z3.000
G1 X-4.763 Y-194.608 Z0.700 F400.000
G1 X-4.763 Y-227.500 Z-1.600 F400.000
G1 X-4.763 Y-2.500 Z-1.600 F400.000
G0 X-4.763 Y-2.500 Z5.000
G0 X-4.763 Y-227.500 Z5.000
G0 X-4.763 Y-227.500 Z3.000
G1 X-4.763 Y-193.178 Z0.600 F400.000
G1 X-4.763 Y-227.500 Z-1.800 F400.000
G1 X-4.763 Y-2.500 Z-1.800 F400.000
G0 X-4.763 Y-2.500 Z5.000
G0 X-4.763 Y-227.500 Z5.000
G0 X-4.763 Y-227.500 Z3.000
G1 X-4.763 Y-191.748 Z0.500 F400.000
G1 X-4.763 Y-227.500 Z-2.000 F400.000
G1 X-4.763 Y-2.500 Z-2.000 F400.000
G0 X-4.763 Y-2.500 Z5.000
G0 X-4.763 Y-227.500 Z5.000
G0 X-4.763 Y-227.500 Z3.000
G1 X-4.763 Y-190.318 Z0.400 F400.000
G1 X-4.763 Y-227.500 Z-2.200 F400.000
G1 X-4.763 Y-2.500 Z-2.200 F400.000
G0 X-4.763 Y-2.500 Z5.000
G0 X-4.763 Y-227.500 Z5.000
G0 X-4.763 Y-227.500 Z3.000
G1 X-4.763 Y-188.888 Z0.300 F400.000
G1 X-4.763 Y-227.500 Z-2.400 F400.000
G1 X-4.763 Y-2.500 Z-2.400 F400.000
G0 X-4.763 Y-2.500 Z5.000
G0 X-4.763 Y-227.500 Z5.000
G0 X-4.763 Y-227.500 Z3.000
G1 X-4.763 Y-187.458 Z0.200 F400.000
G1 X-4.763 Y-227.500 Z-2.600 F400.000
G1 X-4.763 Y-2.500 Z-2.600 F400.000
G0 X-4.763 Y-2.500 Z5.000
G0 X-4.763 Y-227.500 Z5.000
G0 X-4.763 Y-227.500 Z3.000
G1 X-4.763 Y-186.028 Z0.100 F400.000
G1 X-4.763 Y-227.500 Z-2.800 F400.000
G1 X-4.763 Y-2.500 Z-2.800 F400.000
G0 X-4.763 Y-2.500 Z5.000
G0 X-4.763 Y-227.500 Z5.000
G0 X-4.763 Y-227.500 Z3.000
G1 X-4.763 Y-184.598 Z-0.000 F400.000
G1 X-4.763 Y-227.500 Z-3.000 F400.000
G1 X-4.763 Y-2.500 Z-3.000 F400.000
G0 X-4.763 Y-2.500 Z5.000
G0 X-4.763 Y-227.500 Z5.000
G0 X-4.763 Y-227.500 Z3.000
G1 X-4.763 Y-183.168 Z-0.100 F400.000
G1 X-4.763 Y-227.500 Z-3.200 F400.000
G1 X-4.763 Y-2.500 Z-3.200 F400.000
G0 X-4.763 Y-2.500 Z5.000
G0 X-4.763 Y-227.500 Z5.000
G0 X-4.763 Y-227.500 Z3.000
G1 X-4.763 Y-181.738 Z-0.200 F400.000
G1 X-4.763 Y-227.500 Z-3.400 F400.000
G1 X-4.763 Y-2.500 Z-3.400 F400.000
G0 X-4.763 Y-2.500 Z5.000
G0 X-4.763 Y-227.500 Z5.000
G0 X-4.763 Y-227.500 Z3.000
G1 X-4.763 Y-180.308 Z-0.300 F400.000
G1 X-4.763 Y-227.500 Z-3.600 F400.000
G1 X-4.763 Y-2.500 Z-3.600 F400.000
G0 X-4.763 Y-2.500 Z5.000
G0 X-4.763 Y-227.500 Z5.000
G0 X-4.763 Y-227.500 Z3.000
G1 X-4.763 Y-178.878 Z-0.400 F400.000
G1 X-4.763 Y-227.500 Z-3.800 F400.000
G1 X-4.763 Y-2.500 Z-3.800 F400.000
G0 X-4.763 Y-2.500 Z5.000
G0 X-4.763 Y-227.500 Z5.000
G0 X-4.763 Y-227.500 Z3.000
G1 X-4.763 Y-177.448 Z-0.500 F400.000
G1 X-4.763 Y-227.500 Z-4.000 F400.000
G1 X-4.763 Y-2.500 Z-4.000 F400.000
G0 X-4.763 Y-2.500 Z5.000
G0 X-4.763 Y-227.500 Z5.000
G0 X-4.763 Y-227.500 Z3.000
G1 X-4.763 Y-176.018 Z-0.600 F400.000
G1 X-4.763 Y-227.500 Z-4.200 F400.000
G1 X-4.763 Y-2.500 Z-4.200 F400.000
G0 X-4.763 Y-2.500 Z5.000
G0 X-4.763 Y-227.500 Z5.000
G0 X-4.763 Y-227.500 Z3.000
G1 X-4.763 Y-174.588 Z-0.700 F400.000
G1 X-4.763 Y-227.500 Z-4.400 F400.000
G1 X-4.763 Y-2.500 Z-4.400 F400.000
G0 X-4.763 Y-2.500 Z5.000
G0 X-4.763 Y-227.500 Z5.000
G0 X-4.763 Y-227.500 Z3.000
G1 X-4.763 Y-173.157 Z-0.800 F400.000
G1 X-4.763 Y-227.500 Z-4.600 F400.000
G1 X-4.763 Y-2.500 Z-4.600 F400.000
G0 X-4.763 Y-2.500 Z5.000
G0 X-4.763 Y-227.500 Z5.000
G0 X-4.763 Y-227.500 Z3.000
G1 X-4.763 Y-171.727 Z-0.900 F400.000
G1 X-4.763 Y-227.500 Z-4.800 F400.000
G1 X-4.763 Y-2.500 Z-4.800 F400.000
G0 X-4.763 Y-2.500 Z5.000
G0 X-4.763 Y-227.500 Z5.000
G0 X-4.763 Y-227.500 Z3.000
G1 X-4.763 Y-170.297 Z-1.000 F400.000
G1 X-4.763 Y-227.500 Z-5.000 F400.000
G1 X-4.763 Y-2.500 Z-5.000 F400.000
G0 X-4.763 Y-2.500 Z5.000
G0 X-4.763 Y-227.500 Z5.000
G0 X-4.763 Y-227.500 Z3.000
G1 X-4.763 Y-168.867 Z-1.100 F400.000
G1 X-4.763 Y-227.500 Z-5.200 F400.000
G1 X-4.763 Y-2.500 Z-5.200 F400.000
G0 X-4.763 Y-2.500 Z5.000
(Finish operation: RampEntryDressup)
(Begin postamble)
M5
G17 G90
M2
