ISO-10303-21;
HEADER;
FILE_DESCRIPTION(('FreeCAD Model'),'2;1');
FILE_NAME('Open CASCADE Shape Model','2026-07-23T13:50:03',(''),(''),
  'Open CASCADE STEP processor 7.8','FreeCAD','Unknown');
FILE_SCHEMA(('AUTOMOTIVE_DESIGN { 1 0 10303 214 1 1 1 1 }'));
ENDSEC;
DATA;
#1 = APPLICATION_PROTOCOL_DEFINITION('international standard',
  'automotive_design',2000,#2);
#2 = APPLICATION_CONTEXT(
  'core data for automotive mechanical design processes');
#3 = SHAPE_DEFINITION_REPRESENTATION(#4,#10);
#4 = PRODUCT_DEFINITION_SHAPE('','',#5);
#5 = PRODUCT_DEFINITION('design','',#6,#9);
#6 = PRODUCT_DEFINITION_FORMATION('','',#7);
#7 = PRODUCT('TelescopingBarArm-Left','TelescopingBarArm-Left','',(#8));
#8 = PRODUCT_CONTEXT('',#2,'mechanical');
#9 = PRODUCT_DEFINITION_CONTEXT('part definition',#2,'design');
#10 = ADVANCED_BREP_SHAPE_REPRESENTATION('',(#11,#15),#4568);
#11 = AXIS2_PLACEMENT_3D('',#12,#13,#14);
#12 = CARTESIAN_POINT('',(0.,0.,0.));
#13 = DIRECTION('',(0.,0.,1.));
#14 = DIRECTION('',(1.,0.,-0.));
#15 = MANIFOLD_SOLID_BREP('',#16);
#16 = CLOSED_SHELL('',(#17,#1671,#1726,#1807,#1856,#1910,#1959,#2013,
    #2062,#2116,#2165,#2219,#2268,#2322,#2371,#2425,#2474,#2528,#2577,
    #2631,#2680,#2734,#2783,#2837,#2886,#2940,#2989,#3043,#3092,#3146,
    #3195,#3249,#3298,#3352,#3401,#3455,#3504,#3558,#3607,#3661,#3710,
    #3764,#3813,#3867,#3916,#3970,#4019,#4073,#4122,#4176,#4225,#4274,
    #4323,#4372,#4399,#4453,#4507));
#17 = ADVANCED_FACE('',(#18,#58,#1636),#31,.F.);
#18 = FACE_BOUND('',#19,.T.);
#19 = EDGE_LOOP('',(#20));
#20 = ORIENTED_EDGE('',*,*,#21,.F.);
#21 = EDGE_CURVE('',#22,#22,#24,.T.);
#22 = VERTEX_POINT('',#23);
#23 = CARTESIAN_POINT('',(-18.5,211.1806,59.3676));
#24 = SURFACE_CURVE('',#25,(#30,#46),.PCURVE_S1.);
#25 = CIRCLE('',#26,4.8606);
#26 = AXIS2_PLACEMENT_3D('',#27,#28,#29);
#27 = CARTESIAN_POINT('',(-18.5,206.32,59.3676));
#28 = DIRECTION('',(1.,-5.916456789158E-31,-9.992007221626E-16));
#29 = DIRECTION('',(2.941990293065E-29,1.,2.885131747037E-14));
#30 = PCURVE('',#31,#36);
#31 = PLANE('',#32);
#32 = AXIS2_PLACEMENT_3D('',#33,#34,#35);
#33 = CARTESIAN_POINT('',(-18.5,102.0697643184,59.3676));
#34 = DIRECTION('',(-1.,-6.661338147751E-16,3.330669073875E-16));
#35 = DIRECTION('',(-9.992007221626E-16,9.992007221626E-16,-1.));
#36 = DEFINITIONAL_REPRESENTATION('',(#37),#45);
#37 = ( BOUNDED_CURVE() B_SPLINE_CURVE(2,(#38,#39,#40,#41,#42,#43,#44),
.UNSPECIFIED.,.T.,.F.) B_SPLINE_CURVE_WITH_KNOTS((1,2,2,2,2,1),(
    -2.094395102393,0.,2.094395102393,4.188790204786,6.28318530718,
8.377580409573),.UNSPECIFIED.) CURVE() GEOMETRIC_REPRESENTATION_ITEM() 
RATIONAL_B_SPLINE_CURVE((1.,0.5,1.,0.5,1.,0.5,1.)) REPRESENTATION_ITEM(
  '') );
#38 = CARTESIAN_POINT('',(6.299138808363E-14,-109.1108356816));
#39 = CARTESIAN_POINT('',(-8.418806155269,-109.1108356816));
#40 = CARTESIAN_POINT('',(-4.209403077634,-101.8199356816));
#41 = CARTESIAN_POINT('',(4.679348804362E-13,-94.5290356816));
#42 = CARTESIAN_POINT('',(4.209403077635,-101.8199356816));
#43 = CARTESIAN_POINT('',(8.418806155269,-109.1108356816));
#44 = CARTESIAN_POINT('',(6.299138808363E-14,-109.1108356816));
#45 = ( GEOMETRIC_REPRESENTATION_CONTEXT(2) 
PARAMETRIC_REPRESENTATION_CONTEXT() REPRESENTATION_CONTEXT('2D SPACE',''
  ) );
#46 = PCURVE('',#47,#52);
#47 = CONICAL_SURFACE('',#48,2.3,0.785398163397);
#48 = AXIS2_PLACEMENT_3D('',#49,#50,#51);
#49 = CARTESIAN_POINT('',(-21.0606,206.32,59.3676));
#50 = DIRECTION('',(1.,-5.916456789158E-31,-9.992007221626E-16));
#51 = DIRECTION('',(2.941990293065E-29,1.,2.885131747037E-14));
#52 = DEFINITIONAL_REPRESENTATION('',(#53),#57);
#53 = LINE('',#54,#55);
#54 = CARTESIAN_POINT('',(-0.,2.5606));
#55 = VECTOR('',#56,1.);
#56 = DIRECTION('',(1.,-0.));
#57 = ( GEOMETRIC_REPRESENTATION_CONTEXT(2) 
PARAMETRIC_REPRESENTATION_CONTEXT() REPRESENTATION_CONTEXT('2D SPACE',''
  ) );
#58 = FACE_BOUND('',#59,.T.);
#59 = EDGE_LOOP('',(#60,#95,#123,#151,#179,#207,#235,#268,#296,#329,#357
    ,#390,#418,#451,#479,#512,#540,#573,#601,#634,#662,#695,#723,#756,
    #784,#817,#845,#878,#906,#939,#967,#1000,#1028,#1061,#1089,#1122,
    #1150,#1183,#1211,#1244,#1272,#1305,#1333,#1366,#1394,#1427,#1455,
    #1488,#1516,#1549,#1577,#1610));
#60 = ORIENTED_EDGE('',*,*,#61,.T.);
#61 = EDGE_CURVE('',#62,#64,#66,.T.);
#62 = VERTEX_POINT('',#63);
#63 = CARTESIAN_POINT('',(-18.5,4.0075,64.7176));
#64 = VERTEX_POINT('',#65);
#65 = CARTESIAN_POINT('',(-18.5,3.0075,65.7176));
#66 = SURFACE_CURVE('',#67,(#72,#83),.PCURVE_S1.);
#67 = CIRCLE('',#68,1.);
#68 = AXIS2_PLACEMENT_3D('',#69,#70,#71);
#69 = CARTESIAN_POINT('',(-18.5,3.0075,64.7176));
#70 = DIRECTION('',(1.,-8.628166150855E-32,-3.330669073875E-16));
#71 = DIRECTION('',(-2.465190328816E-32,1.,-3.330669073875E-16));
#72 = PCURVE('',#31,#73);
#73 = DEFINITIONAL_REPRESENTATION('',(#74),#82);
#74 = ( BOUNDED_CURVE() B_SPLINE_CURVE(2,(#75,#76,#77,#78,#79,#80,#81),
.UNSPECIFIED.,.T.,.F.) B_SPLINE_CURVE_WITH_KNOTS((1,2,2,2,2,1),(
    -2.094395102393,0.,2.094395102393,4.188790204786,6.28318530718,
8.377580409573),.UNSPECIFIED.) CURVE() GEOMETRIC_REPRESENTATION_ITEM() 
RATIONAL_B_SPLINE_CURVE((1.,0.5,1.,0.5,1.,0.5,1.)) REPRESENTATION_ITEM(
  '') );
#75 = CARTESIAN_POINT('',(-5.35,98.0622643184));
#76 = CARTESIAN_POINT('',(-7.082050807569,98.0622643184));
#77 = CARTESIAN_POINT('',(-6.216025403785,99.5622643184));
#78 = CARTESIAN_POINT('',(-5.35,101.0622643184));
#79 = CARTESIAN_POINT('',(-4.483974596216,99.5622643184));
#80 = CARTESIAN_POINT('',(-3.617949192431,98.0622643184));
#81 = CARTESIAN_POINT('',(-5.35,98.0622643184));
#82 = ( GEOMETRIC_REPRESENTATION_CONTEXT(2) 
PARAMETRIC_REPRESENTATION_CONTEXT() REPRESENTATION_CONTEXT('2D SPACE',''
  ) );
#83 = PCURVE('',#84,#89);
#84 = CYLINDRICAL_SURFACE('',#85,1.);
#85 = AXIS2_PLACEMENT_3D('',#86,#87,#88);
#86 = CARTESIAN_POINT('',(-246.1677336141,3.0075,64.7176));
#87 = DIRECTION('',(-1.,8.628166150855E-32,3.330669073875E-16));
#88 = DIRECTION('',(-2.465190328816E-32,1.,-3.330669073875E-16));
#89 = DEFINITIONAL_REPRESENTATION('',(#90),#94);
#90 = LINE('',#91,#92);
#91 = CARTESIAN_POINT('',(-0.,-227.6677336141));
#92 = VECTOR('',#93,1.);
#93 = DIRECTION('',(-1.,0.));
#94 = ( GEOMETRIC_REPRESENTATION_CONTEXT(2) 
PARAMETRIC_REPRESENTATION_CONTEXT() REPRESENTATION_CONTEXT('2D SPACE',''
  ) );
#95 = ORIENTED_EDGE('',*,*,#96,.T.);
#96 = EDGE_CURVE('',#64,#97,#99,.T.);
#97 = VERTEX_POINT('',#98);
#98 = CARTESIAN_POINT('',(-18.5,-11.18,65.7176));
#99 = SURFACE_CURVE('',#100,(#104,#111),.PCURVE_S1.);
#100 = LINE('',#101,#102);
#101 = CARTESIAN_POINT('',(-18.5,213.82,65.7176));
#102 = VECTOR('',#103,1.);
#103 = DIRECTION('',(7.395570986447E-32,-1.,2.331468351713E-15));
#104 = PCURVE('',#31,#105);
#105 = DEFINITIONAL_REPRESENTATION('',(#106),#110);
#106 = LINE('',#107,#108);
#107 = CARTESIAN_POINT('',(-6.35,-111.7502356816));
#108 = VECTOR('',#109,1.);
#109 = DIRECTION('',(-2.6645352591E-15,1.));
#110 = ( GEOMETRIC_REPRESENTATION_CONTEXT(2) 
PARAMETRIC_REPRESENTATION_CONTEXT() REPRESENTATION_CONTEXT('2D SPACE',''
  ) );
#111 = PCURVE('',#112,#117);
#112 = PLANE('',#113);
#113 = AXIS2_PLACEMENT_3D('',#114,#115,#116);
#114 = CARTESIAN_POINT('',(-18.5,213.82,65.7176));
#115 = DIRECTION('',(-7.771561172376E-16,3.330669073875E-16,-1.));
#116 = DIRECTION('',(-1.972152263053E-31,1.,-1.887379141863E-15));
#117 = DEFINITIONAL_REPRESENTATION('',(#118),#122);
#118 = LINE('',#119,#120);
#119 = CARTESIAN_POINT('',(2.273736754432E-13,-1.7763568394E-14));
#120 = VECTOR('',#121,1.);
#121 = DIRECTION('',(-1.,-8.881784197001E-16));
#122 = ( GEOMETRIC_REPRESENTATION_CONTEXT(2) 
PARAMETRIC_REPRESENTATION_CONTEXT() REPRESENTATION_CONTEXT('2D SPACE',''
  ) );
#123 = ORIENTED_EDGE('',*,*,#124,.T.);
#124 = EDGE_CURVE('',#97,#125,#127,.T.);
#125 = VERTEX_POINT('',#126);
#126 = CARTESIAN_POINT('',(-18.5,-11.18,53.0176));
#127 = SURFACE_CURVE('',#128,(#132,#139),.PCURVE_S1.);
#128 = LINE('',#129,#130);
#129 = CARTESIAN_POINT('',(-18.5,-11.18,65.7176));
#130 = VECTOR('',#131,1.);
#131 = DIRECTION('',(-9.992007221626E-16,9.992007221626E-16,-1.));
#132 = PCURVE('',#31,#133);
#133 = DEFINITIONAL_REPRESENTATION('',(#134),#138);
#134 = LINE('',#135,#136);
#135 = CARTESIAN_POINT('',(-6.35,113.2497643184));
#136 = VECTOR('',#137,1.);
#137 = DIRECTION('',(1.,-2.6645352591E-15));
#138 = ( GEOMETRIC_REPRESENTATION_CONTEXT(2) 
PARAMETRIC_REPRESENTATION_CONTEXT() REPRESENTATION_CONTEXT('2D SPACE',''
  ) );
#139 = PCURVE('',#140,#145);
#140 = PLANE('',#141);
#141 = AXIS2_PLACEMENT_3D('',#142,#143,#144);
#142 = CARTESIAN_POINT('',(-18.5,-11.18,65.7176));
#143 = DIRECTION('',(-2.22044604925E-16,1.,-1.665334536938E-15));
#144 = DIRECTION('',(9.992007221626E-16,-5.551115123126E-16,1.));
#145 = DEFINITIONAL_REPRESENTATION('',(#146),#150);
#146 = LINE('',#147,#148);
#147 = CARTESIAN_POINT('',(4.263256414561E-14,-1.7763568394E-14));
#148 = VECTOR('',#149,1.);
#149 = DIRECTION('',(-1.,-8.881784197001E-16));
#150 = ( GEOMETRIC_REPRESENTATION_CONTEXT(2) 
PARAMETRIC_REPRESENTATION_CONTEXT() REPRESENTATION_CONTEXT('2D SPACE',''
  ) );
#151 = ORIENTED_EDGE('',*,*,#152,.T.);
#152 = EDGE_CURVE('',#125,#153,#155,.T.);
#153 = VERTEX_POINT('',#154);
#154 = CARTESIAN_POINT('',(-18.5,213.82,53.0176));
#155 = SURFACE_CURVE('',#156,(#160,#167),.PCURVE_S1.);
#156 = LINE('',#157,#158);
#157 = CARTESIAN_POINT('',(-18.5,-11.18,53.0176));
#158 = VECTOR('',#159,1.);
#159 = DIRECTION('',(-7.395570986447E-32,1.,-2.331468351713E-15));
#160 = PCURVE('',#31,#161);
#161 = DEFINITIONAL_REPRESENTATION('',(#162),#166);
#162 = LINE('',#163,#164);
#163 = CARTESIAN_POINT('',(6.35,113.24976431839));
#164 = VECTOR('',#165,1.);
#165 = DIRECTION('',(2.6645352591E-15,-1.));
#166 = ( GEOMETRIC_REPRESENTATION_CONTEXT(2) 
PARAMETRIC_REPRESENTATION_CONTEXT() REPRESENTATION_CONTEXT('2D SPACE',''
  ) );
#167 = PCURVE('',#168,#173);
#168 = PLANE('',#169);
#169 = AXIS2_PLACEMENT_3D('',#170,#171,#172);
#170 = CARTESIAN_POINT('',(-18.5,-11.18,53.0176));
#171 = DIRECTION('',(7.771561172376E-16,-3.330669073875E-16,1.));
#172 = DIRECTION('',(1.972152263053E-31,-1.,1.887379141863E-15));
#173 = DEFINITIONAL_REPRESENTATION('',(#174),#178);
#174 = LINE('',#175,#176);
#175 = CARTESIAN_POINT('',(8.881784197001E-15,-1.7763568394E-14));
#176 = VECTOR('',#177,1.);
#177 = DIRECTION('',(-1.,8.881784197001E-16));
#178 = ( GEOMETRIC_REPRESENTATION_CONTEXT(2) 
PARAMETRIC_REPRESENTATION_CONTEXT() REPRESENTATION_CONTEXT('2D SPACE',''
  ) );
#179 = ORIENTED_EDGE('',*,*,#180,.T.);
#180 = EDGE_CURVE('',#153,#181,#183,.T.);
#181 = VERTEX_POINT('',#182);
#182 = CARTESIAN_POINT('',(-18.5,213.82,65.7176));
#183 = SURFACE_CURVE('',#184,(#188,#195),.PCURVE_S1.);
#184 = LINE('',#185,#186);
#185 = CARTESIAN_POINT('',(-18.5,213.82,53.0176));
#186 = VECTOR('',#187,1.);
#187 = DIRECTION('',(9.992007221626E-16,-9.992007221626E-16,1.));
#188 = PCURVE('',#31,#189);
#189 = DEFINITIONAL_REPRESENTATION('',(#190),#194);
#190 = LINE('',#191,#192);
#191 = CARTESIAN_POINT('',(6.35,-111.7502356816));
#192 = VECTOR('',#193,1.);
#193 = DIRECTION('',(-1.,2.6645352591E-15));
#194 = ( GEOMETRIC_REPRESENTATION_CONTEXT(2) 
PARAMETRIC_REPRESENTATION_CONTEXT() REPRESENTATION_CONTEXT('2D SPACE',''
  ) );
#195 = PCURVE('',#196,#201);
#196 = PLANE('',#197);
#197 = AXIS2_PLACEMENT_3D('',#198,#199,#200);
#198 = CARTESIAN_POINT('',(-18.5,213.82,53.0176));
#199 = DIRECTION('',(2.22044604925E-16,-1.,1.665334536938E-15));
#200 = DIRECTION('',(-9.992007221626E-16,5.551115123126E-16,-1.));
#201 = DEFINITIONAL_REPRESENTATION('',(#202),#206);
#202 = LINE('',#203,#204);
#203 = CARTESIAN_POINT('',(6.394884621841E-14,-1.7763568394E-14));
#204 = VECTOR('',#205,1.);
#205 = DIRECTION('',(-1.,8.881784197001E-16));
#206 = ( GEOMETRIC_REPRESENTATION_CONTEXT(2) 
PARAMETRIC_REPRESENTATION_CONTEXT() REPRESENTATION_CONTEXT('2D SPACE',''
  ) );
#207 = ORIENTED_EDGE('',*,*,#208,.T.);
#208 = EDGE_CURVE('',#181,#209,#211,.T.);
#209 = VERTEX_POINT('',#210);
#210 = CARTESIAN_POINT('',(-18.5,189.90289656432,65.7176));
#211 = SURFACE_CURVE('',#212,(#216,#223),.PCURVE_S1.);
#212 = LINE('',#213,#214);
#213 = CARTESIAN_POINT('',(-18.5,213.82,65.7176));
#214 = VECTOR('',#215,1.);
#215 = DIRECTION('',(7.395570986447E-32,-1.,2.331468351713E-15));
#216 = PCURVE('',#31,#217);
#217 = DEFINITIONAL_REPRESENTATION('',(#218),#222);
#218 = LINE('',#219,#220);
#219 = CARTESIAN_POINT('',(-6.35,-111.7502356816));
#220 = VECTOR('',#221,1.);
#221 = DIRECTION('',(-2.6645352591E-15,1.));
#222 = ( GEOMETRIC_REPRESENTATION_CONTEXT(2) 
PARAMETRIC_REPRESENTATION_CONTEXT() REPRESENTATION_CONTEXT('2D SPACE',''
  ) );
#223 = PCURVE('',#224,#229);
#224 = PLANE('',#225);
#225 = AXIS2_PLACEMENT_3D('',#226,#227,#228);
#226 = CARTESIAN_POINT('',(-18.5,213.82,65.7176));
#227 = DIRECTION('',(-7.771561172376E-16,3.330669073875E-16,-1.));
#228 = DIRECTION('',(-1.972152263053E-31,1.,-1.887379141863E-15));
#229 = DEFINITIONAL_REPRESENTATION('',(#230),#234);
#230 = LINE('',#231,#232);
#231 = CARTESIAN_POINT('',(2.273736754432E-13,-1.7763568394E-14));
#232 = VECTOR('',#233,1.);
#233 = DIRECTION('',(-1.,-8.881784197001E-16));
#234 = ( GEOMETRIC_REPRESENTATION_CONTEXT(2) 
PARAMETRIC_REPRESENTATION_CONTEXT() REPRESENTATION_CONTEXT('2D SPACE',''
  ) );
#235 = ORIENTED_EDGE('',*,*,#236,.T.);
#236 = EDGE_CURVE('',#209,#237,#239,.T.);
#237 = VERTEX_POINT('',#238);
#238 = CARTESIAN_POINT('',(-18.5,188.15289656432,63.9676));
#239 = SURFACE_CURVE('',#240,(#245,#256),.PCURVE_S1.);
#240 = CIRCLE('',#241,1.75);
#241 = AXIS2_PLACEMENT_3D('',#242,#243,#244);
#242 = CARTESIAN_POINT('',(-18.5,189.90289656432,63.9676));
#243 = DIRECTION('',(1.,-6.162975822039E-31,-6.661338147751E-16));
#244 = DIRECTION('',(-1.232595164408E-31,1.,-1.110223024625E-15));
#245 = PCURVE('',#31,#246);
#246 = DEFINITIONAL_REPRESENTATION('',(#247),#255);
#247 = ( BOUNDED_CURVE() B_SPLINE_CURVE(2,(#248,#249,#250,#251,#252,#253
,#254),.UNSPECIFIED.,.T.,.F.) B_SPLINE_CURVE_WITH_KNOTS((1,2,2,2,2,1),(
    -2.094395102393,0.,2.094395102393,4.188790204786,6.28318530718,
8.377580409573),.UNSPECIFIED.) CURVE() GEOMETRIC_REPRESENTATION_ITEM() 
RATIONAL_B_SPLINE_CURVE((1.,0.5,1.,0.5,1.,0.5,1.)) REPRESENTATION_ITEM(
  '') );
#248 = CARTESIAN_POINT('',(-4.6,-89.58313224592));
#249 = CARTESIAN_POINT('',(-7.631088913245,-89.58313224592));
#250 = CARTESIAN_POINT('',(-6.115544456623,-86.95813224592));
#251 = CARTESIAN_POINT('',(-4.6,-84.33313224592));
#252 = CARTESIAN_POINT('',(-3.084455543377,-86.95813224592));
#253 = CARTESIAN_POINT('',(-1.568911086754,-89.58313224592));
#254 = CARTESIAN_POINT('',(-4.6,-89.58313224592));
#255 = ( GEOMETRIC_REPRESENTATION_CONTEXT(2) 
PARAMETRIC_REPRESENTATION_CONTEXT() REPRESENTATION_CONTEXT('2D SPACE',''
  ) );
#256 = PCURVE('',#257,#262);
#257 = CYLINDRICAL_SURFACE('',#258,1.75);
#258 = AXIS2_PLACEMENT_3D('',#259,#260,#261);
#259 = CARTESIAN_POINT('',(-246.1677336141,189.90289656432,63.9676));
#260 = DIRECTION('',(-1.,-2.22044604925E-16,4.440892098501E-16));
#261 = DIRECTION('',(-1.232595164408E-31,1.,-1.110223024625E-15));
#262 = DEFINITIONAL_REPRESENTATION('',(#263),#267);
#263 = LINE('',#264,#265);
#264 = CARTESIAN_POINT('',(-0.,-227.6677336141));
#265 = VECTOR('',#266,1.);
#266 = DIRECTION('',(-1.,0.));
#267 = ( GEOMETRIC_REPRESENTATION_CONTEXT(2) 
PARAMETRIC_REPRESENTATION_CONTEXT() REPRESENTATION_CONTEXT('2D SPACE',''
  ) );
#268 = ORIENTED_EDGE('',*,*,#269,.T.);
#269 = EDGE_CURVE('',#237,#270,#272,.T.);
#270 = VERTEX_POINT('',#271);
#271 = CARTESIAN_POINT('',(-18.5,188.15289656432,61.1176));
#272 = SURFACE_CURVE('',#273,(#277,#284),.PCURVE_S1.);
#273 = LINE('',#274,#275);
#274 = CARTESIAN_POINT('',(-18.5,188.15289656432,61.6676));
#275 = VECTOR('',#276,1.);
#276 = DIRECTION('',(-5.551115123126E-16,2.22044604925E-16,-1.));
#277 = PCURVE('',#31,#278);
#278 = DEFINITIONAL_REPRESENTATION('',(#279),#283);
#279 = LINE('',#280,#281);
#280 = CARTESIAN_POINT('',(-2.3,-86.08313224592));
#281 = VECTOR('',#282,1.);
#282 = DIRECTION('',(1.,-2.331468351713E-15));
#283 = ( GEOMETRIC_REPRESENTATION_CONTEXT(2) 
PARAMETRIC_REPRESENTATION_CONTEXT() REPRESENTATION_CONTEXT('2D SPACE',''
  ) );
#284 = PCURVE('',#285,#290);
#285 = PLANE('',#286);
#286 = AXIS2_PLACEMENT_3D('',#287,#288,#289);
#287 = CARTESIAN_POINT('',(-246.1677336141,188.15289656432,63.9676));
#288 = DIRECTION('',(2.22044604925E-16,-1.,8.881784197001E-16));
#289 = DIRECTION('',(6.661338147751E-16,-2.22044604925E-16,1.));
#290 = DEFINITIONAL_REPRESENTATION('',(#291),#295);
#291 = LINE('',#292,#293);
#292 = CARTESIAN_POINT('',(-2.3,-227.6677336141));
#293 = VECTOR('',#294,1.);
#294 = DIRECTION('',(-1.,3.330669073875E-16));
#295 = ( GEOMETRIC_REPRESENTATION_CONTEXT(2) 
PARAMETRIC_REPRESENTATION_CONTEXT() REPRESENTATION_CONTEXT('2D SPACE',''
  ) );
#296 = ORIENTED_EDGE('',*,*,#297,.F.);
#297 = EDGE_CURVE('',#298,#270,#300,.T.);
#298 = VERTEX_POINT('',#299);
#299 = CARTESIAN_POINT('',(-18.5,186.40289656432,59.3676));
#300 = SURFACE_CURVE('',#301,(#306,#317),.PCURVE_S1.);
#301 = CIRCLE('',#302,1.75);
#302 = AXIS2_PLACEMENT_3D('',#303,#304,#305);
#303 = CARTESIAN_POINT('',(-18.5,186.40289656432,61.1176));
#304 = DIRECTION('',(1.,-6.162975822039E-31,-6.661338147751E-16));
#305 = DIRECTION('',(-1.232595164408E-31,1.,-1.110223024625E-15));
#306 = PCURVE('',#31,#307);
#307 = DEFINITIONAL_REPRESENTATION('',(#308),#316);
#308 = ( BOUNDED_CURVE() B_SPLINE_CURVE(2,(#309,#310,#311,#312,#313,#314
,#315),.UNSPECIFIED.,.T.,.F.) B_SPLINE_CURVE_WITH_KNOTS((1,2,2,2,2,1),(
    -2.094395102393,0.,2.094395102393,4.188790204786,6.28318530718,
8.377580409573),.UNSPECIFIED.) CURVE() GEOMETRIC_REPRESENTATION_ITEM() 
RATIONAL_B_SPLINE_CURVE((1.,0.5,1.,0.5,1.,0.5,1.)) REPRESENTATION_ITEM(
  '') );
#309 = CARTESIAN_POINT('',(-1.75,-86.08313224592));
#310 = CARTESIAN_POINT('',(-4.781088913245,-86.08313224592));
#311 = CARTESIAN_POINT('',(-3.265544456623,-83.45813224592));
#312 = CARTESIAN_POINT('',(-1.75,-80.83313224592));
#313 = CARTESIAN_POINT('',(-0.234455543377,-83.45813224592));
#314 = CARTESIAN_POINT('',(1.281088913246,-86.08313224592));
#315 = CARTESIAN_POINT('',(-1.75,-86.08313224592));
#316 = ( GEOMETRIC_REPRESENTATION_CONTEXT(2) 
PARAMETRIC_REPRESENTATION_CONTEXT() REPRESENTATION_CONTEXT('2D SPACE',''
  ) );
#317 = PCURVE('',#318,#323);
#318 = CYLINDRICAL_SURFACE('',#319,1.75);
#319 = AXIS2_PLACEMENT_3D('',#320,#321,#322);
#320 = CARTESIAN_POINT('',(-246.1677336141,186.40289656432,61.1176));
#321 = DIRECTION('',(-1.,-2.22044604925E-16,4.440892098501E-16));
#322 = DIRECTION('',(-1.232595164408E-31,1.,-1.110223024625E-15));
#323 = DEFINITIONAL_REPRESENTATION('',(#324),#328);
#324 = LINE('',#325,#326);
#325 = CARTESIAN_POINT('',(-0.,-227.6677336141));
#326 = VECTOR('',#327,1.);
#327 = DIRECTION('',(-1.,0.));
#328 = ( GEOMETRIC_REPRESENTATION_CONTEXT(2) 
PARAMETRIC_REPRESENTATION_CONTEXT() REPRESENTATION_CONTEXT('2D SPACE',''
  ) );
#329 = ORIENTED_EDGE('',*,*,#330,.T.);
#330 = EDGE_CURVE('',#298,#331,#333,.T.);
#331 = VERTEX_POINT('',#332);
#332 = CARTESIAN_POINT('',(-18.5,184.54039656432,59.3676));
#333 = SURFACE_CURVE('',#334,(#338,#345),.PCURVE_S1.);
#334 = LINE('',#335,#336);
#335 = CARTESIAN_POINT('',(-18.5,144.23633044136,59.3676));
#336 = VECTOR('',#337,1.);
#337 = DIRECTION('',(4.440892098501E-16,-1.,1.110223024625E-15));
#338 = PCURVE('',#31,#339);
#339 = DEFINITIONAL_REPRESENTATION('',(#340),#344);
#340 = LINE('',#341,#342);
#341 = CARTESIAN_POINT('',(-5.347697023807E-15,-42.16656612296));
#342 = VECTOR('',#343,1.);
#343 = DIRECTION('',(-1.887379141863E-15,1.));
#344 = ( GEOMETRIC_REPRESENTATION_CONTEXT(2) 
PARAMETRIC_REPRESENTATION_CONTEXT() REPRESENTATION_CONTEXT('2D SPACE',''
  ) );
#345 = PCURVE('',#346,#351);
#346 = PLANE('',#347);
#347 = AXIS2_PLACEMENT_3D('',#348,#349,#350);
#348 = CARTESIAN_POINT('',(-246.1677336141,186.40289656432,59.3676));
#349 = DIRECTION('',(4.440892098501E-16,7.395570986447E-32,1.));
#350 = DIRECTION('',(-1.232595164408E-31,1.,-1.110223024625E-15));
#351 = DEFINITIONAL_REPRESENTATION('',(#352),#356);
#352 = LINE('',#353,#354);
#353 = CARTESIAN_POINT('',(-42.16656612296,-227.6677336141));
#354 = VECTOR('',#355,1.);
#355 = DIRECTION('',(-1.,5.669937756276E-31));
#356 = ( GEOMETRIC_REPRESENTATION_CONTEXT(2) 
PARAMETRIC_REPRESENTATION_CONTEXT() REPRESENTATION_CONTEXT('2D SPACE',''
  ) );
#357 = ORIENTED_EDGE('',*,*,#358,.F.);
#358 = EDGE_CURVE('',#359,#331,#361,.T.);
#359 = VERTEX_POINT('',#360);
#360 = CARTESIAN_POINT('',(-18.5,182.79039656432,61.1176));
#361 = SURFACE_CURVE('',#362,(#367,#378),.PCURVE_S1.);
#362 = CIRCLE('',#363,1.75);
#363 = AXIS2_PLACEMENT_3D('',#364,#365,#366);
#364 = CARTESIAN_POINT('',(-18.5,184.54039656432,61.1176));
#365 = DIRECTION('',(1.,-6.162975822039E-31,-6.661338147751E-16));
#366 = DIRECTION('',(-1.232595164408E-31,1.,-1.110223024625E-15));
#367 = PCURVE('',#31,#368);
#368 = DEFINITIONAL_REPRESENTATION('',(#369),#377);
#369 = ( BOUNDED_CURVE() B_SPLINE_CURVE(2,(#370,#371,#372,#373,#374,#375
,#376),.UNSPECIFIED.,.T.,.F.) B_SPLINE_CURVE_WITH_KNOTS((1,2,2,2,2,1),(
    -2.094395102393,0.,2.094395102393,4.188790204786,6.28318530718,
8.377580409573),.UNSPECIFIED.) CURVE() GEOMETRIC_REPRESENTATION_ITEM() 
RATIONAL_B_SPLINE_CURVE((1.,0.5,1.,0.5,1.,0.5,1.)) REPRESENTATION_ITEM(
  '') );
#370 = CARTESIAN_POINT('',(-1.75,-84.22063224592));
#371 = CARTESIAN_POINT('',(-4.781088913245,-84.22063224592));
#372 = CARTESIAN_POINT('',(-3.265544456623,-81.59563224592));
#373 = CARTESIAN_POINT('',(-1.75,-78.97063224592));
#374 = CARTESIAN_POINT('',(-0.234455543377,-81.59563224592));
#375 = CARTESIAN_POINT('',(1.281088913246,-84.22063224592));
#376 = CARTESIAN_POINT('',(-1.75,-84.22063224592));
#377 = ( GEOMETRIC_REPRESENTATION_CONTEXT(2) 
PARAMETRIC_REPRESENTATION_CONTEXT() REPRESENTATION_CONTEXT('2D SPACE',''
  ) );
#378 = PCURVE('',#379,#384);
#379 = CYLINDRICAL_SURFACE('',#380,1.75);
#380 = AXIS2_PLACEMENT_3D('',#381,#382,#383);
#381 = CARTESIAN_POINT('',(-246.1677336141,184.54039656432,61.1176));
#382 = DIRECTION('',(-1.,-2.22044604925E-16,4.440892098501E-16));
#383 = DIRECTION('',(-1.232595164408E-31,1.,-1.110223024625E-15));
#384 = DEFINITIONAL_REPRESENTATION('',(#385),#389);
#385 = LINE('',#386,#387);
#386 = CARTESIAN_POINT('',(-0.,-227.6677336141));
#387 = VECTOR('',#388,1.);
#388 = DIRECTION('',(-1.,0.));
#389 = ( GEOMETRIC_REPRESENTATION_CONTEXT(2) 
PARAMETRIC_REPRESENTATION_CONTEXT() REPRESENTATION_CONTEXT('2D SPACE',''
  ) );
#390 = ORIENTED_EDGE('',*,*,#391,.T.);
#391 = EDGE_CURVE('',#359,#392,#394,.T.);
#392 = VERTEX_POINT('',#393);
#393 = CARTESIAN_POINT('',(-18.5,182.79039656432,63.9676));
#394 = SURFACE_CURVE('',#395,(#399,#406),.PCURVE_S1.);
#395 = LINE('',#396,#397);
#396 = CARTESIAN_POINT('',(-18.5,182.79039656432,60.2426));
#397 = VECTOR('',#398,1.);
#398 = DIRECTION('',(5.551115123126E-16,-2.22044604925E-16,1.));
#399 = PCURVE('',#31,#400);
#400 = DEFINITIONAL_REPRESENTATION('',(#401),#405);
#401 = LINE('',#402,#403);
#402 = CARTESIAN_POINT('',(-0.875,-80.72063224592));
#403 = VECTOR('',#404,1.);
#404 = DIRECTION('',(-1.,2.331468351713E-15));
#405 = ( GEOMETRIC_REPRESENTATION_CONTEXT(2) 
PARAMETRIC_REPRESENTATION_CONTEXT() REPRESENTATION_CONTEXT('2D SPACE',''
  ) );
#406 = PCURVE('',#407,#412);
#407 = PLANE('',#408);
#408 = AXIS2_PLACEMENT_3D('',#409,#410,#411);
#409 = CARTESIAN_POINT('',(-246.1677336141,182.79039656432,61.1176));
#410 = DIRECTION('',(-2.22044604925E-16,1.,-8.881784197001E-16));
#411 = DIRECTION('',(-6.661338147751E-16,2.22044604925E-16,-1.));
#412 = DEFINITIONAL_REPRESENTATION('',(#413),#417);
#413 = LINE('',#414,#415);
#414 = CARTESIAN_POINT('',(0.875,-227.6677336141));
#415 = VECTOR('',#416,1.);
#416 = DIRECTION('',(-1.,-3.330669073875E-16));
#417 = ( GEOMETRIC_REPRESENTATION_CONTEXT(2) 
PARAMETRIC_REPRESENTATION_CONTEXT() REPRESENTATION_CONTEXT('2D SPACE',''
  ) );
#418 = ORIENTED_EDGE('',*,*,#419,.T.);
#419 = EDGE_CURVE('',#392,#420,#422,.T.);
#420 = VERTEX_POINT('',#421);
#421 = CARTESIAN_POINT('',(-18.5,181.04039656432,65.7176));
#422 = SURFACE_CURVE('',#423,(#428,#439),.PCURVE_S1.);
#423 = CIRCLE('',#424,1.75);
#424 = AXIS2_PLACEMENT_3D('',#425,#426,#427);
#425 = CARTESIAN_POINT('',(-18.5,181.04039656432,63.9676));
#426 = DIRECTION('',(1.,-6.162975822039E-31,-6.661338147751E-16));
#427 = DIRECTION('',(-1.232595164408E-31,1.,-1.110223024625E-15));
#428 = PCURVE('',#31,#429);
#429 = DEFINITIONAL_REPRESENTATION('',(#430),#438);
#430 = ( BOUNDED_CURVE() B_SPLINE_CURVE(2,(#431,#432,#433,#434,#435,#436
,#437),.UNSPECIFIED.,.T.,.F.) B_SPLINE_CURVE_WITH_KNOTS((1,2,2,2,2,1),(
    -2.094395102393,0.,2.094395102393,4.188790204786,6.28318530718,
8.377580409573),.UNSPECIFIED.) CURVE() GEOMETRIC_REPRESENTATION_ITEM() 
RATIONAL_B_SPLINE_CURVE((1.,0.5,1.,0.5,1.,0.5,1.)) REPRESENTATION_ITEM(
  '') );
#431 = CARTESIAN_POINT('',(-4.6,-80.72063224592));
#432 = CARTESIAN_POINT('',(-7.631088913245,-80.72063224592));
#433 = CARTESIAN_POINT('',(-6.115544456623,-78.09563224592));
#434 = CARTESIAN_POINT('',(-4.6,-75.47063224592));
#435 = CARTESIAN_POINT('',(-3.084455543377,-78.09563224592));
#436 = CARTESIAN_POINT('',(-1.568911086754,-80.72063224592));
#437 = CARTESIAN_POINT('',(-4.6,-80.72063224592));
#438 = ( GEOMETRIC_REPRESENTATION_CONTEXT(2) 
PARAMETRIC_REPRESENTATION_CONTEXT() REPRESENTATION_CONTEXT('2D SPACE',''
  ) );
#439 = PCURVE('',#440,#445);
#440 = CYLINDRICAL_SURFACE('',#441,1.75);
#441 = AXIS2_PLACEMENT_3D('',#442,#443,#444);
#442 = CARTESIAN_POINT('',(-246.1677336141,181.04039656432,63.9676));
#443 = DIRECTION('',(-1.,-2.22044604925E-16,4.440892098501E-16));
#444 = DIRECTION('',(-1.232595164408E-31,1.,-1.110223024625E-15));
#445 = DEFINITIONAL_REPRESENTATION('',(#446),#450);
#446 = LINE('',#447,#448);
#447 = CARTESIAN_POINT('',(-0.,-227.6677336141));
#448 = VECTOR('',#449,1.);
#449 = DIRECTION('',(-1.,0.));
#450 = ( GEOMETRIC_REPRESENTATION_CONTEXT(2) 
PARAMETRIC_REPRESENTATION_CONTEXT() REPRESENTATION_CONTEXT('2D SPACE',''
  ) );
#451 = ORIENTED_EDGE('',*,*,#452,.T.);
#452 = EDGE_CURVE('',#420,#453,#455,.T.);
#453 = VERTEX_POINT('',#454);
#454 = CARTESIAN_POINT('',(-18.5,172.56039656432,65.7176));
#455 = SURFACE_CURVE('',#456,(#460,#467),.PCURVE_S1.);
#456 = LINE('',#457,#458);
#457 = CARTESIAN_POINT('',(-18.5,213.82,65.7176));
#458 = VECTOR('',#459,1.);
#459 = DIRECTION('',(7.395570986447E-32,-1.,2.331468351713E-15));
#460 = PCURVE('',#31,#461);
#461 = DEFINITIONAL_REPRESENTATION('',(#462),#466);
#462 = LINE('',#463,#464);
#463 = CARTESIAN_POINT('',(-6.35,-111.7502356816));
#464 = VECTOR('',#465,1.);
#465 = DIRECTION('',(-2.6645352591E-15,1.));
#466 = ( GEOMETRIC_REPRESENTATION_CONTEXT(2) 
PARAMETRIC_REPRESENTATION_CONTEXT() REPRESENTATION_CONTEXT('2D SPACE',''
  ) );
#467 = PCURVE('',#468,#473);
#468 = PLANE('',#469);
#469 = AXIS2_PLACEMENT_3D('',#470,#471,#472);
#470 = CARTESIAN_POINT('',(-18.5,213.82,65.7176));
#471 = DIRECTION('',(-7.771561172376E-16,3.330669073875E-16,-1.));
#472 = DIRECTION('',(-1.972152263053E-31,1.,-1.887379141863E-15));
#473 = DEFINITIONAL_REPRESENTATION('',(#474),#478);
#474 = LINE('',#475,#476);
#475 = CARTESIAN_POINT('',(2.273736754432E-13,-1.7763568394E-14));
#476 = VECTOR('',#477,1.);
#477 = DIRECTION('',(-1.,-8.881784197001E-16));
#478 = ( GEOMETRIC_REPRESENTATION_CONTEXT(2) 
PARAMETRIC_REPRESENTATION_CONTEXT() REPRESENTATION_CONTEXT('2D SPACE',''
  ) );
#479 = ORIENTED_EDGE('',*,*,#480,.T.);
#480 = EDGE_CURVE('',#453,#481,#483,.T.);
#481 = VERTEX_POINT('',#482);
#482 = CARTESIAN_POINT('',(-18.5,171.82081473171,65.553638669091));
#483 = SURFACE_CURVE('',#484,(#489,#500),.PCURVE_S1.);
#484 = CIRCLE('',#485,1.75);
#485 = AXIS2_PLACEMENT_3D('',#486,#487,#488);
#486 = CARTESIAN_POINT('',(-18.5,172.56039660016,63.9676));
#487 = DIRECTION('',(1.,-1.110223024625E-16,-1.232595164408E-32));
#488 = DIRECTION('',(1.110223024625E-16,1.,-3.330669073875E-16));
#489 = PCURVE('',#31,#490);
#490 = DEFINITIONAL_REPRESENTATION('',(#491),#499);
#491 = ( BOUNDED_CURVE() B_SPLINE_CURVE(2,(#492,#493,#494,#495,#496,#497
,#498),.UNSPECIFIED.,.T.,.F.) B_SPLINE_CURVE_WITH_KNOTS((1,2,2,2,2,1),(
    -2.094395102393,0.,2.094395102393,4.188790204786,6.28318530718,
8.377580409573),.UNSPECIFIED.) CURVE() GEOMETRIC_REPRESENTATION_ITEM() 
RATIONAL_B_SPLINE_CURVE((1.,0.5,1.,0.5,1.,0.5,1.)) REPRESENTATION_ITEM(
  '') );
#492 = CARTESIAN_POINT('',(-4.6,-72.24063228176));
#493 = CARTESIAN_POINT('',(-7.631088913246,-72.24063228176));
#494 = CARTESIAN_POINT('',(-6.115544456623,-69.61563228176));
#495 = CARTESIAN_POINT('',(-4.6,-66.99063228176));
#496 = CARTESIAN_POINT('',(-3.084455543377,-69.61563228176));
#497 = CARTESIAN_POINT('',(-1.568911086754,-72.24063228176));
#498 = CARTESIAN_POINT('',(-4.6,-72.24063228176));
#499 = ( GEOMETRIC_REPRESENTATION_CONTEXT(2) 
PARAMETRIC_REPRESENTATION_CONTEXT() REPRESENTATION_CONTEXT('2D SPACE',''
  ) );
#500 = PCURVE('',#501,#506);
#501 = CYLINDRICAL_SURFACE('',#502,1.75);
#502 = AXIS2_PLACEMENT_3D('',#503,#504,#505);
#503 = CARTESIAN_POINT('',(-246.1677336141,172.56039660016,63.9676));
#504 = DIRECTION('',(-1.,1.110223024625E-16,0.));
#505 = DIRECTION('',(3.330669073875E-16,1.,-7.771561172376E-16));
#506 = DEFINITIONAL_REPRESENTATION('',(#507),#511);
#507 = LINE('',#508,#509);
#508 = CARTESIAN_POINT('',(2.22044604925E-16,-227.6677336141));
#509 = VECTOR('',#510,1.);
#510 = DIRECTION('',(-1.,0.));
#511 = ( GEOMETRIC_REPRESENTATION_CONTEXT(2) 
PARAMETRIC_REPRESENTATION_CONTEXT() REPRESENTATION_CONTEXT('2D SPACE',''
  ) );
#512 = ORIENTED_EDGE('',*,*,#513,.F.);
#513 = EDGE_CURVE('',#514,#481,#516,.T.);
#514 = VERTEX_POINT('',#515);
#515 = CARTESIAN_POINT('',(-18.5,163.4456346088,61.648228039352));
#516 = SURFACE_CURVE('',#517,(#521,#528),.PCURVE_S1.);
#517 = LINE('',#518,#519);
#518 = CARTESIAN_POINT('',(-18.5,137.80198918801,49.690399796625));
#519 = VECTOR('',#520,1.);
#520 = DIRECTION('',(-4.629621060956E-16,0.906307787037,0.422618261741)
  );
#521 = PCURVE('',#31,#522);
#522 = DEFINITIONAL_REPRESENTATION('',(#523),#527);
#523 = LINE('',#524,#525);
#524 = CARTESIAN_POINT('',(9.677200203375,-35.73222486961));
#525 = VECTOR('',#526,1.);
#526 = DIRECTION('',(-0.422618261741,-0.906307787037));
#527 = ( GEOMETRIC_REPRESENTATION_CONTEXT(2) 
PARAMETRIC_REPRESENTATION_CONTEXT() REPRESENTATION_CONTEXT('2D SPACE',''
  ) );
#528 = PCURVE('',#529,#534);
#529 = PLANE('',#530);
#530 = AXIS2_PLACEMENT_3D('',#531,#532,#533);
#531 = CARTESIAN_POINT('',(-246.1677336141,163.4456346088,
    61.648228039352));
#532 = DIRECTION('',(4.692005248116E-17,0.422618261741,-0.906307787037)
  );
#533 = DIRECTION('',(-3.957012367319E-16,-0.906307787037,-0.422618261741
    ));
#534 = DEFINITIONAL_REPRESENTATION('',(#535),#539);
#535 = LINE('',#536,#537);
#536 = CARTESIAN_POINT('',(28.294632119007,-227.6677336141));
#537 = VECTOR('',#538,1.);
#538 = DIRECTION('',(-1.,5.635824833521E-16));
#539 = ( GEOMETRIC_REPRESENTATION_CONTEXT(2) 
PARAMETRIC_REPRESENTATION_CONTEXT() REPRESENTATION_CONTEXT('2D SPACE',''
  ) );
#540 = ORIENTED_EDGE('',*,*,#541,.F.);
#541 = EDGE_CURVE('',#542,#514,#544,.T.);
#542 = VERTEX_POINT('',#543);
#543 = CARTESIAN_POINT('',(-18.5,162.70606130602,61.484266666677));
#544 = SURFACE_CURVE('',#545,(#550,#561),.PCURVE_S1.);
#545 = CIRCLE('',#546,1.75);
#546 = AXIS2_PLACEMENT_3D('',#547,#548,#549);
#547 = CARTESIAN_POINT('',(-18.5,162.70605265075,63.234266666667));
#548 = DIRECTION('',(1.,-1.110223024625E-16,-1.232595164408E-32));
#549 = DIRECTION('',(1.110223024625E-16,1.,-3.330669073875E-16));
#550 = PCURVE('',#31,#551);
#551 = DEFINITIONAL_REPRESENTATION('',(#552),#560);
#552 = ( BOUNDED_CURVE() B_SPLINE_CURVE(2,(#553,#554,#555,#556,#557,#558
,#559),.UNSPECIFIED.,.T.,.F.) B_SPLINE_CURVE_WITH_KNOTS((1,2,2,2,2,1),(
    -2.094395102393,0.,2.094395102393,4.188790204786,6.28318530718,
8.377580409573),.UNSPECIFIED.) CURVE() GEOMETRIC_REPRESENTATION_ITEM() 
RATIONAL_B_SPLINE_CURVE((1.,0.5,1.,0.5,1.,0.5,1.)) REPRESENTATION_ITEM(
  '') );
#553 = CARTESIAN_POINT('',(-3.866666666667,-62.38628833235));
#554 = CARTESIAN_POINT('',(-6.897755579912,-62.38628833235));
#555 = CARTESIAN_POINT('',(-5.382211123289,-59.76128833235));
#556 = CARTESIAN_POINT('',(-3.866666666667,-57.13628833235));
#557 = CARTESIAN_POINT('',(-2.351122210044,-59.76128833235));
#558 = CARTESIAN_POINT('',(-0.835577753421,-62.38628833235));
#559 = CARTESIAN_POINT('',(-3.866666666667,-62.38628833235));
#560 = ( GEOMETRIC_REPRESENTATION_CONTEXT(2) 
PARAMETRIC_REPRESENTATION_CONTEXT() REPRESENTATION_CONTEXT('2D SPACE',''
  ) );
#561 = PCURVE('',#562,#567);
#562 = CYLINDRICAL_SURFACE('',#563,1.75);
#563 = AXIS2_PLACEMENT_3D('',#564,#565,#566);
#564 = CARTESIAN_POINT('',(-246.1677336141,162.70605265075,
    63.234266666667));
#565 = DIRECTION('',(-1.,1.110223024625E-16,0.));
#566 = DIRECTION('',(3.330669073875E-16,1.,-7.771561172376E-16));
#567 = DEFINITIONAL_REPRESENTATION('',(#568),#572);
#568 = LINE('',#569,#570);
#569 = CARTESIAN_POINT('',(2.22044604925E-16,-227.6677336141));
#570 = VECTOR('',#571,1.);
#571 = DIRECTION('',(-1.,0.));
#572 = ( GEOMETRIC_REPRESENTATION_CONTEXT(2) 
PARAMETRIC_REPRESENTATION_CONTEXT() REPRESENTATION_CONTEXT('2D SPACE',''
  ) );
#573 = ORIENTED_EDGE('',*,*,#574,.F.);
#574 = EDGE_CURVE('',#575,#542,#577,.T.);
#575 = VERTEX_POINT('',#576);
#576 = CARTESIAN_POINT('',(-18.5,159.69356130602,61.484266666667));
#577 = SURFACE_CURVE('',#578,(#582,#589),.PCURVE_S1.);
#578 = LINE('',#579,#580);
#579 = CARTESIAN_POINT('',(-18.5,130.88166281221,61.484266666667));
#580 = VECTOR('',#581,1.);
#581 = DIRECTION('',(-6.661338147751E-16,1.,-1.110223024625E-16));
#582 = PCURVE('',#31,#583);
#583 = DEFINITIONAL_REPRESENTATION('',(#584),#588);
#584 = LINE('',#585,#586);
#585 = CARTESIAN_POINT('',(-2.116666666667,-28.81189849381));
#586 = VECTOR('',#587,1.);
#587 = DIRECTION('',(1.110223024625E-15,-1.));
#588 = ( GEOMETRIC_REPRESENTATION_CONTEXT(2) 
PARAMETRIC_REPRESENTATION_CONTEXT() REPRESENTATION_CONTEXT('2D SPACE',''
  ) );
#589 = PCURVE('',#590,#595);
#590 = PLANE('',#591);
#591 = AXIS2_PLACEMENT_3D('',#592,#593,#594);
#592 = CARTESIAN_POINT('',(-246.1677336141,159.69356130602,
    61.484266666667));
#593 = DIRECTION('',(-2.465190328816E-32,3.330669073875E-16,-1.));
#594 = DIRECTION('',(-3.330669073875E-16,-1.,7.771561172376E-16));
#595 = DEFINITIONAL_REPRESENTATION('',(#596),#600);
#596 = LINE('',#597,#598);
#597 = CARTESIAN_POINT('',(28.811898493813,-227.6677336141));
#598 = VECTOR('',#599,1.);
#599 = DIRECTION('',(-1.,7.771561172376E-16));
#600 = ( GEOMETRIC_REPRESENTATION_CONTEXT(2) 
PARAMETRIC_REPRESENTATION_CONTEXT() REPRESENTATION_CONTEXT('2D SPACE',''
  ) );
#601 = ORIENTED_EDGE('',*,*,#602,.F.);
#602 = EDGE_CURVE('',#603,#575,#605,.T.);
#603 = VERTEX_POINT('',#604);
#604 = CARTESIAN_POINT('',(-18.5,157.94356130602,63.234266666667));
#605 = SURFACE_CURVE('',#606,(#611,#622),.PCURVE_S1.);
#606 = CIRCLE('',#607,1.75);
#607 = AXIS2_PLACEMENT_3D('',#608,#609,#610);
#608 = CARTESIAN_POINT('',(-18.5,159.69356130602,63.234266666667));
#609 = DIRECTION('',(1.,-1.110223024625E-16,-1.232595164408E-32));
#610 = DIRECTION('',(1.110223024625E-16,1.,-3.330669073875E-16));
#611 = PCURVE('',#31,#612);
#612 = DEFINITIONAL_REPRESENTATION('',(#613),#621);
#613 = ( BOUNDED_CURVE() B_SPLINE_CURVE(2,(#614,#615,#616,#617,#618,#619
,#620),.UNSPECIFIED.,.T.,.F.) B_SPLINE_CURVE_WITH_KNOTS((1,2,2,2,2,1),(
    -2.094395102393,0.,2.094395102393,4.188790204786,6.28318530718,
8.377580409573),.UNSPECIFIED.) CURVE() GEOMETRIC_REPRESENTATION_ITEM() 
RATIONAL_B_SPLINE_CURVE((1.,0.5,1.,0.5,1.,0.5,1.)) REPRESENTATION_ITEM(
  '') );
#614 = CARTESIAN_POINT('',(-3.866666666667,-59.37379698762));
#615 = CARTESIAN_POINT('',(-6.897755579912,-59.37379698762));
#616 = CARTESIAN_POINT('',(-5.382211123289,-56.74879698762));
#617 = CARTESIAN_POINT('',(-3.866666666667,-54.12379698762));
#618 = CARTESIAN_POINT('',(-2.351122210044,-56.74879698762));
#619 = CARTESIAN_POINT('',(-0.835577753421,-59.37379698762));
#620 = CARTESIAN_POINT('',(-3.866666666667,-59.37379698762));
#621 = ( GEOMETRIC_REPRESENTATION_CONTEXT(2) 
PARAMETRIC_REPRESENTATION_CONTEXT() REPRESENTATION_CONTEXT('2D SPACE',''
  ) );
#622 = PCURVE('',#623,#628);
#623 = CYLINDRICAL_SURFACE('',#624,1.75);
#624 = AXIS2_PLACEMENT_3D('',#625,#626,#627);
#625 = CARTESIAN_POINT('',(-246.1677336141,159.69356130602,
    63.234266666667));
#626 = DIRECTION('',(-1.,1.110223024625E-16,0.));
#627 = DIRECTION('',(3.330669073875E-16,1.,-7.771561172376E-16));
#628 = DEFINITIONAL_REPRESENTATION('',(#629),#633);
#629 = LINE('',#630,#631);
#630 = CARTESIAN_POINT('',(2.22044604925E-16,-227.6677336141));
#631 = VECTOR('',#632,1.);
#632 = DIRECTION('',(-1.,0.));
#633 = ( GEOMETRIC_REPRESENTATION_CONTEXT(2) 
PARAMETRIC_REPRESENTATION_CONTEXT() REPRESENTATION_CONTEXT('2D SPACE',''
  ) );
#634 = ORIENTED_EDGE('',*,*,#635,.F.);
#635 = EDGE_CURVE('',#636,#603,#638,.T.);
#636 = VERTEX_POINT('',#637);
#637 = CARTESIAN_POINT('',(-18.5,157.94356130602,64.7176));
#638 = SURFACE_CURVE('',#639,(#643,#650),.PCURVE_S1.);
#639 = LINE('',#640,#641);
#640 = CARTESIAN_POINT('',(-18.5,157.94356130602,62.0426));
#641 = VECTOR('',#642,1.);
#642 = DIRECTION('',(-3.330669073875E-16,-1.110223024625E-16,-1.));
#643 = PCURVE('',#31,#644);
#644 = DEFINITIONAL_REPRESENTATION('',(#645),#649);
#645 = LINE('',#646,#647);
#646 = CARTESIAN_POINT('',(-2.675,-55.87379698762));
#647 = VECTOR('',#648,1.);
#648 = DIRECTION('',(1.,-2.22044604925E-15));
#649 = ( GEOMETRIC_REPRESENTATION_CONTEXT(2) 
PARAMETRIC_REPRESENTATION_CONTEXT() REPRESENTATION_CONTEXT('2D SPACE',''
  ) );
#650 = PCURVE('',#651,#656);
#651 = PLANE('',#652);
#652 = AXIS2_PLACEMENT_3D('',#653,#654,#655);
#653 = CARTESIAN_POINT('',(-246.1677336141,157.94356130602,64.7176));
#654 = DIRECTION('',(-1.110223024625E-16,-1.,5.551115123126E-16));
#655 = DIRECTION('',(2.22044604925E-16,-5.551115123126E-16,1.));
#656 = DEFINITIONAL_REPRESENTATION('',(#657),#661);
#657 = LINE('',#658,#659);
#658 = CARTESIAN_POINT('',(-2.675,-227.6677336141));
#659 = VECTOR('',#660,1.);
#660 = DIRECTION('',(-1.,3.330669073875E-16));
#661 = ( GEOMETRIC_REPRESENTATION_CONTEXT(2) 
PARAMETRIC_REPRESENTATION_CONTEXT() REPRESENTATION_CONTEXT('2D SPACE',''
  ) );
#662 = ORIENTED_EDGE('',*,*,#663,.T.);
#663 = EDGE_CURVE('',#636,#664,#666,.T.);
#664 = VERTEX_POINT('',#665);
#665 = CARTESIAN_POINT('',(-18.5,156.94356130602,65.7176));
#666 = SURFACE_CURVE('',#667,(#672,#683),.PCURVE_S1.);
#667 = CIRCLE('',#668,1.);
#668 = AXIS2_PLACEMENT_3D('',#669,#670,#671);
#669 = CARTESIAN_POINT('',(-18.5,156.94356130602,64.7176));
#670 = DIRECTION('',(1.,-1.110223024625E-16,-1.232595164408E-32));
#671 = DIRECTION('',(1.110223024625E-16,1.,-3.330669073875E-16));
#672 = PCURVE('',#31,#673);
#673 = DEFINITIONAL_REPRESENTATION('',(#674),#682);
#674 = ( BOUNDED_CURVE() B_SPLINE_CURVE(2,(#675,#676,#677,#678,#679,#680
,#681),.UNSPECIFIED.,.T.,.F.) B_SPLINE_CURVE_WITH_KNOTS((1,2,2,2,2,1),(
    -2.094395102393,0.,2.094395102393,4.188790204786,6.28318530718,
8.377580409573),.UNSPECIFIED.) CURVE() GEOMETRIC_REPRESENTATION_ITEM() 
RATIONAL_B_SPLINE_CURVE((1.,0.5,1.,0.5,1.,0.5,1.)) REPRESENTATION_ITEM(
  '') );
#675 = CARTESIAN_POINT('',(-5.35,-55.87379698762));
#676 = CARTESIAN_POINT('',(-7.082050807569,-55.87379698762));
#677 = CARTESIAN_POINT('',(-6.216025403784,-54.37379698762));
#678 = CARTESIAN_POINT('',(-5.35,-52.87379698762));
#679 = CARTESIAN_POINT('',(-4.483974596216,-54.37379698762));
#680 = CARTESIAN_POINT('',(-3.617949192431,-55.87379698762));
#681 = CARTESIAN_POINT('',(-5.35,-55.87379698762));
#682 = ( GEOMETRIC_REPRESENTATION_CONTEXT(2) 
PARAMETRIC_REPRESENTATION_CONTEXT() REPRESENTATION_CONTEXT('2D SPACE',''
  ) );
#683 = PCURVE('',#684,#689);
#684 = CYLINDRICAL_SURFACE('',#685,1.);
#685 = AXIS2_PLACEMENT_3D('',#686,#687,#688);
#686 = CARTESIAN_POINT('',(-246.1677336141,156.94356130602,64.7176));
#687 = DIRECTION('',(-1.,1.110223024625E-16,0.));
#688 = DIRECTION('',(3.330669073875E-16,1.,-7.771561172376E-16));
#689 = DEFINITIONAL_REPRESENTATION('',(#690),#694);
#690 = LINE('',#691,#692);
#691 = CARTESIAN_POINT('',(-0.,-227.6677336141));
#692 = VECTOR('',#693,1.);
#693 = DIRECTION('',(-1.,0.));
#694 = ( GEOMETRIC_REPRESENTATION_CONTEXT(2) 
PARAMETRIC_REPRESENTATION_CONTEXT() REPRESENTATION_CONTEXT('2D SPACE',''
  ) );
#695 = ORIENTED_EDGE('',*,*,#696,.T.);
#696 = EDGE_CURVE('',#664,#697,#699,.T.);
#697 = VERTEX_POINT('',#698);
#698 = CARTESIAN_POINT('',(-18.5,134.07638123781,65.7176));
#699 = SURFACE_CURVE('',#700,(#704,#711),.PCURVE_S1.);
#700 = LINE('',#701,#702);
#701 = CARTESIAN_POINT('',(-18.5,213.82,65.7176));
#702 = VECTOR('',#703,1.);
#703 = DIRECTION('',(7.395570986447E-32,-1.,2.331468351713E-15));
#704 = PCURVE('',#31,#705);
#705 = DEFINITIONAL_REPRESENTATION('',(#706),#710);
#706 = LINE('',#707,#708);
#707 = CARTESIAN_POINT('',(-6.35,-111.7502356816));
#708 = VECTOR('',#709,1.);
#709 = DIRECTION('',(-2.6645352591E-15,1.));
#710 = ( GEOMETRIC_REPRESENTATION_CONTEXT(2) 
PARAMETRIC_REPRESENTATION_CONTEXT() REPRESENTATION_CONTEXT('2D SPACE',''
  ) );
#711 = PCURVE('',#712,#717);
#712 = PLANE('',#713);
#713 = AXIS2_PLACEMENT_3D('',#714,#715,#716);
#714 = CARTESIAN_POINT('',(-18.5,213.82,65.7176));
#715 = DIRECTION('',(-7.771561172376E-16,3.330669073875E-16,-1.));
#716 = DIRECTION('',(-1.972152263053E-31,1.,-1.887379141863E-15));
#717 = DEFINITIONAL_REPRESENTATION('',(#718),#722);
#718 = LINE('',#719,#720);
#719 = CARTESIAN_POINT('',(2.273736754432E-13,-1.7763568394E-14));
#720 = VECTOR('',#721,1.);
#721 = DIRECTION('',(-1.,-8.881784197001E-16));
#722 = ( GEOMETRIC_REPRESENTATION_CONTEXT(2) 
PARAMETRIC_REPRESENTATION_CONTEXT() REPRESENTATION_CONTEXT('2D SPACE',''
  ) );
#723 = ORIENTED_EDGE('',*,*,#724,.T.);
#724 = EDGE_CURVE('',#697,#725,#727,.T.);
#725 = VERTEX_POINT('',#726);
#726 = CARTESIAN_POINT('',(-18.5,133.3367994052,65.553638669091));
#727 = SURFACE_CURVE('',#728,(#733,#744),.PCURVE_S1.);
#728 = CIRCLE('',#729,1.75);
#729 = AXIS2_PLACEMENT_3D('',#730,#731,#732);
#730 = CARTESIAN_POINT('',(-18.5,134.07638127365,63.9676));
#731 = DIRECTION('',(1.,-1.110223024625E-16,-1.232595164408E-32));
#732 = DIRECTION('',(1.110223024625E-16,1.,-3.330669073875E-16));
#733 = PCURVE('',#31,#734);
#734 = DEFINITIONAL_REPRESENTATION('',(#735),#743);
#735 = ( BOUNDED_CURVE() B_SPLINE_CURVE(2,(#736,#737,#738,#739,#740,#741
,#742),.UNSPECIFIED.,.T.,.F.) B_SPLINE_CURVE_WITH_KNOTS((1,2,2,2,2,1),(
    -2.094395102393,0.,2.094395102393,4.188790204786,6.28318530718,
8.377580409573),.UNSPECIFIED.) CURVE() GEOMETRIC_REPRESENTATION_ITEM() 
RATIONAL_B_SPLINE_CURVE((1.,0.5,1.,0.5,1.,0.5,1.)) REPRESENTATION_ITEM(
  '') );
#736 = CARTESIAN_POINT('',(-4.6,-33.75661695525));
#737 = CARTESIAN_POINT('',(-7.631088913246,-33.75661695525));
#738 = CARTESIAN_POINT('',(-6.115544456623,-31.13161695525));
#739 = CARTESIAN_POINT('',(-4.6,-28.50661695525));
#740 = CARTESIAN_POINT('',(-3.084455543377,-31.13161695525));
#741 = CARTESIAN_POINT('',(-1.568911086755,-33.75661695525));
#742 = CARTESIAN_POINT('',(-4.6,-33.75661695525));
#743 = ( GEOMETRIC_REPRESENTATION_CONTEXT(2) 
PARAMETRIC_REPRESENTATION_CONTEXT() REPRESENTATION_CONTEXT('2D SPACE',''
  ) );
#744 = PCURVE('',#745,#750);
#745 = CYLINDRICAL_SURFACE('',#746,1.75);
#746 = AXIS2_PLACEMENT_3D('',#747,#748,#749);
#747 = CARTESIAN_POINT('',(-246.1677336141,134.07638127365,63.9676));
#748 = DIRECTION('',(-1.,1.110223024625E-16,0.));
#749 = DIRECTION('',(3.330669073875E-16,1.,-7.771561172376E-16));
#750 = DEFINITIONAL_REPRESENTATION('',(#751),#755);
#751 = LINE('',#752,#753);
#752 = CARTESIAN_POINT('',(2.22044604925E-16,-227.6677336141));
#753 = VECTOR('',#754,1.);
#754 = DIRECTION('',(-1.,0.));
#755 = ( GEOMETRIC_REPRESENTATION_CONTEXT(2) 
PARAMETRIC_REPRESENTATION_CONTEXT() REPRESENTATION_CONTEXT('2D SPACE',''
  ) );
#756 = ORIENTED_EDGE('',*,*,#757,.F.);
#757 = EDGE_CURVE('',#758,#725,#760,.T.);
#758 = VERTEX_POINT('',#759);
#759 = CARTESIAN_POINT('',(-18.5,124.96161928229,61.648228039352));
#760 = SURFACE_CURVE('',#761,(#765,#772),.PCURVE_S1.);
#761 = LINE('',#762,#763);
#762 = CARTESIAN_POINT('',(-18.5,115.12323974884,57.060516319069));
#763 = VECTOR('',#764,1.);
#764 = DIRECTION('',(-4.629621060956E-16,0.906307787037,0.422618261741)
  );
#765 = PCURVE('',#31,#766);
#766 = DEFINITIONAL_REPRESENTATION('',(#767),#771);
#767 = LINE('',#768,#769);
#768 = CARTESIAN_POINT('',(2.307083680931,-13.05347543044));
#769 = VECTOR('',#770,1.);
#770 = DIRECTION('',(-0.422618261741,-0.906307787037));
#771 = ( GEOMETRIC_REPRESENTATION_CONTEXT(2) 
PARAMETRIC_REPRESENTATION_CONTEXT() REPRESENTATION_CONTEXT('2D SPACE',''
  ) );
#772 = PCURVE('',#773,#778);
#773 = PLANE('',#774);
#774 = AXIS2_PLACEMENT_3D('',#775,#776,#777);
#775 = CARTESIAN_POINT('',(-246.1677336141,124.96161928229,
    61.648228039352));
#776 = DIRECTION('',(4.692005248116E-17,0.422618261741,-0.906307787037)
  );
#777 = DIRECTION('',(-3.957012367319E-16,-0.906307787037,-0.422618261741
    ));
#778 = DEFINITIONAL_REPRESENTATION('',(#779),#783);
#779 = LINE('',#780,#781);
#780 = CARTESIAN_POINT('',(10.855450735581,-227.6677336141));
#781 = VECTOR('',#782,1.);
#782 = DIRECTION('',(-1.,5.635824833521E-16));
#783 = ( GEOMETRIC_REPRESENTATION_CONTEXT(2) 
PARAMETRIC_REPRESENTATION_CONTEXT() REPRESENTATION_CONTEXT('2D SPACE',''
  ) );
#784 = ORIENTED_EDGE('',*,*,#785,.F.);
#785 = EDGE_CURVE('',#786,#758,#788,.T.);
#786 = VERTEX_POINT('',#787);
#787 = CARTESIAN_POINT('',(-18.5,124.22204597952,61.484266666677));
#788 = SURFACE_CURVE('',#789,(#794,#805),.PCURVE_S1.);
#789 = CIRCLE('',#790,1.75);
#790 = AXIS2_PLACEMENT_3D('',#791,#792,#793);
#791 = CARTESIAN_POINT('',(-18.5,124.22203732425,63.234266666667));
#792 = DIRECTION('',(1.,-1.110223024625E-16,-1.232595164408E-32));
#793 = DIRECTION('',(1.110223024625E-16,1.,-3.330669073875E-16));
#794 = PCURVE('',#31,#795);
#795 = DEFINITIONAL_REPRESENTATION('',(#796),#804);
#796 = ( BOUNDED_CURVE() B_SPLINE_CURVE(2,(#797,#798,#799,#800,#801,#802
,#803),.UNSPECIFIED.,.T.,.F.) B_SPLINE_CURVE_WITH_KNOTS((1,2,2,2,2,1),(
    -2.094395102393,0.,2.094395102393,4.188790204786,6.28318530718,
8.377580409573),.UNSPECIFIED.) CURVE() GEOMETRIC_REPRESENTATION_ITEM() 
RATIONAL_B_SPLINE_CURVE((1.,0.5,1.,0.5,1.,0.5,1.)) REPRESENTATION_ITEM(
  '') );
#797 = CARTESIAN_POINT('',(-3.866666666667,-23.90227300585));
#798 = CARTESIAN_POINT('',(-6.897755579912,-23.90227300585));
#799 = CARTESIAN_POINT('',(-5.38221112329,-21.27727300585));
#800 = CARTESIAN_POINT('',(-3.866666666667,-18.65227300585));
#801 = CARTESIAN_POINT('',(-2.351122210044,-21.27727300585));
#802 = CARTESIAN_POINT('',(-0.835577753421,-23.90227300585));
#803 = CARTESIAN_POINT('',(-3.866666666667,-23.90227300585));
#804 = ( GEOMETRIC_REPRESENTATION_CONTEXT(2) 
PARAMETRIC_REPRESENTATION_CONTEXT() REPRESENTATION_CONTEXT('2D SPACE',''
  ) );
#805 = PCURVE('',#806,#811);
#806 = CYLINDRICAL_SURFACE('',#807,1.75);
#807 = AXIS2_PLACEMENT_3D('',#808,#809,#810);
#808 = CARTESIAN_POINT('',(-246.1677336141,124.22203732425,
    63.234266666667));
#809 = DIRECTION('',(-1.,1.110223024625E-16,0.));
#810 = DIRECTION('',(3.330669073875E-16,1.,-7.771561172376E-16));
#811 = DEFINITIONAL_REPRESENTATION('',(#812),#816);
#812 = LINE('',#813,#814);
#813 = CARTESIAN_POINT('',(2.22044604925E-16,-227.6677336141));
#814 = VECTOR('',#815,1.);
#815 = DIRECTION('',(-1.,0.));
#816 = ( GEOMETRIC_REPRESENTATION_CONTEXT(2) 
PARAMETRIC_REPRESENTATION_CONTEXT() REPRESENTATION_CONTEXT('2D SPACE',''
  ) );
#817 = ORIENTED_EDGE('',*,*,#818,.F.);
#818 = EDGE_CURVE('',#819,#786,#821,.T.);
#819 = VERTEX_POINT('',#820);
#820 = CARTESIAN_POINT('',(-18.5,121.20954597952,61.484266666667));
#821 = SURFACE_CURVE('',#822,(#826,#833),.PCURVE_S1.);
#822 = LINE('',#823,#824);
#823 = CARTESIAN_POINT('',(-18.5,111.63965514896,61.484266666667));
#824 = VECTOR('',#825,1.);
#825 = DIRECTION('',(-6.661338147751E-16,1.,-1.110223024625E-16));
#826 = PCURVE('',#31,#827);
#827 = DEFINITIONAL_REPRESENTATION('',(#828),#832);
#828 = LINE('',#829,#830);
#829 = CARTESIAN_POINT('',(-2.116666666667,-9.56989083056));
#830 = VECTOR('',#831,1.);
#831 = DIRECTION('',(1.110223024625E-15,-1.));
#832 = ( GEOMETRIC_REPRESENTATION_CONTEXT(2) 
PARAMETRIC_REPRESENTATION_CONTEXT() REPRESENTATION_CONTEXT('2D SPACE',''
  ) );
#833 = PCURVE('',#834,#839);
#834 = PLANE('',#835);
#835 = AXIS2_PLACEMENT_3D('',#836,#837,#838);
#836 = CARTESIAN_POINT('',(-246.1677336141,121.20954597952,
    61.484266666667));
#837 = DIRECTION('',(-2.465190328816E-32,3.330669073875E-16,-1.));
#838 = DIRECTION('',(-3.330669073875E-16,-1.,7.771561172376E-16));
#839 = DEFINITIONAL_REPRESENTATION('',(#840),#844);
#840 = LINE('',#841,#842);
#841 = CARTESIAN_POINT('',(9.56989083056,-227.6677336141));
#842 = VECTOR('',#843,1.);
#843 = DIRECTION('',(-1.,7.771561172376E-16));
#844 = ( GEOMETRIC_REPRESENTATION_CONTEXT(2) 
PARAMETRIC_REPRESENTATION_CONTEXT() REPRESENTATION_CONTEXT('2D SPACE',''
  ) );
#845 = ORIENTED_EDGE('',*,*,#846,.F.);
#846 = EDGE_CURVE('',#847,#819,#849,.T.);
#847 = VERTEX_POINT('',#848);
#848 = CARTESIAN_POINT('',(-18.5,119.45954597952,63.234266666667));
#849 = SURFACE_CURVE('',#850,(#855,#866),.PCURVE_S1.);
#850 = CIRCLE('',#851,1.75);
#851 = AXIS2_PLACEMENT_3D('',#852,#853,#854);
#852 = CARTESIAN_POINT('',(-18.5,121.20954597952,63.234266666667));
#853 = DIRECTION('',(1.,-1.110223024625E-16,-1.232595164408E-32));
#854 = DIRECTION('',(1.110223024625E-16,1.,-3.330669073875E-16));
#855 = PCURVE('',#31,#856);
#856 = DEFINITIONAL_REPRESENTATION('',(#857),#865);
#857 = ( BOUNDED_CURVE() B_SPLINE_CURVE(2,(#858,#859,#860,#861,#862,#863
,#864),.UNSPECIFIED.,.T.,.F.) B_SPLINE_CURVE_WITH_KNOTS((1,2,2,2,2,1),(
    -2.094395102393,0.,2.094395102393,4.188790204786,6.28318530718,
8.377580409573),.UNSPECIFIED.) CURVE() GEOMETRIC_REPRESENTATION_ITEM() 
RATIONAL_B_SPLINE_CURVE((1.,0.5,1.,0.5,1.,0.5,1.)) REPRESENTATION_ITEM(
  '') );
#858 = CARTESIAN_POINT('',(-3.866666666667,-20.88978166112));
#859 = CARTESIAN_POINT('',(-6.897755579912,-20.88978166112));
#860 = CARTESIAN_POINT('',(-5.38221112329,-18.26478166112));
#861 = CARTESIAN_POINT('',(-3.866666666667,-15.63978166112));
#862 = CARTESIAN_POINT('',(-2.351122210044,-18.26478166112));
#863 = CARTESIAN_POINT('',(-0.835577753421,-20.88978166112));
#864 = CARTESIAN_POINT('',(-3.866666666667,-20.88978166112));
#865 = ( GEOMETRIC_REPRESENTATION_CONTEXT(2) 
PARAMETRIC_REPRESENTATION_CONTEXT() REPRESENTATION_CONTEXT('2D SPACE',''
  ) );
#866 = PCURVE('',#867,#872);
#867 = CYLINDRICAL_SURFACE('',#868,1.75);
#868 = AXIS2_PLACEMENT_3D('',#869,#870,#871);
#869 = CARTESIAN_POINT('',(-246.1677336141,121.20954597952,
    63.234266666667));
#870 = DIRECTION('',(-1.,1.110223024625E-16,0.));
#871 = DIRECTION('',(3.330669073875E-16,1.,-7.771561172376E-16));
#872 = DEFINITIONAL_REPRESENTATION('',(#873),#877);
#873 = LINE('',#874,#875);
#874 = CARTESIAN_POINT('',(2.22044604925E-16,-227.6677336141));
#875 = VECTOR('',#876,1.);
#876 = DIRECTION('',(-1.,0.));
#877 = ( GEOMETRIC_REPRESENTATION_CONTEXT(2) 
PARAMETRIC_REPRESENTATION_CONTEXT() REPRESENTATION_CONTEXT('2D SPACE',''
  ) );
#878 = ORIENTED_EDGE('',*,*,#879,.F.);
#879 = EDGE_CURVE('',#880,#847,#882,.T.);
#880 = VERTEX_POINT('',#881);
#881 = CARTESIAN_POINT('',(-18.5,119.45954597952,64.7176));
#882 = SURFACE_CURVE('',#883,(#887,#894),.PCURVE_S1.);
#883 = LINE('',#884,#885);
#884 = CARTESIAN_POINT('',(-18.5,119.45954597952,62.0426));
#885 = VECTOR('',#886,1.);
#886 = DIRECTION('',(-3.330669073875E-16,-1.110223024625E-16,-1.));
#887 = PCURVE('',#31,#888);
#888 = DEFINITIONAL_REPRESENTATION('',(#889),#893);
#889 = LINE('',#890,#891);
#890 = CARTESIAN_POINT('',(-2.675,-17.38978166112));
#891 = VECTOR('',#892,1.);
#892 = DIRECTION('',(1.,-2.22044604925E-15));
#893 = ( GEOMETRIC_REPRESENTATION_CONTEXT(2) 
PARAMETRIC_REPRESENTATION_CONTEXT() REPRESENTATION_CONTEXT('2D SPACE',''
  ) );
#894 = PCURVE('',#895,#900);
#895 = PLANE('',#896);
#896 = AXIS2_PLACEMENT_3D('',#897,#898,#899);
#897 = CARTESIAN_POINT('',(-246.1677336141,119.45954597952,64.7176));
#898 = DIRECTION('',(-1.110223024625E-16,-1.,5.551115123126E-16));
#899 = DIRECTION('',(2.22044604925E-16,-5.551115123126E-16,1.));
#900 = DEFINITIONAL_REPRESENTATION('',(#901),#905);
#901 = LINE('',#902,#903);
#902 = CARTESIAN_POINT('',(-2.675,-227.6677336141));
#903 = VECTOR('',#904,1.);
#904 = DIRECTION('',(-1.,3.330669073875E-16));
#905 = ( GEOMETRIC_REPRESENTATION_CONTEXT(2) 
PARAMETRIC_REPRESENTATION_CONTEXT() REPRESENTATION_CONTEXT('2D SPACE',''
  ) );
#906 = ORIENTED_EDGE('',*,*,#907,.T.);
#907 = EDGE_CURVE('',#880,#908,#910,.T.);
#908 = VERTEX_POINT('',#909);
#909 = CARTESIAN_POINT('',(-18.5,118.45954597952,65.7176));
#910 = SURFACE_CURVE('',#911,(#916,#927),.PCURVE_S1.);
#911 = CIRCLE('',#912,1.);
#912 = AXIS2_PLACEMENT_3D('',#913,#914,#915);
#913 = CARTESIAN_POINT('',(-18.5,118.45954597952,64.7176));
#914 = DIRECTION('',(1.,-1.110223024625E-16,-1.232595164408E-32));
#915 = DIRECTION('',(1.110223024625E-16,1.,-3.330669073875E-16));
#916 = PCURVE('',#31,#917);
#917 = DEFINITIONAL_REPRESENTATION('',(#918),#926);
#918 = ( BOUNDED_CURVE() B_SPLINE_CURVE(2,(#919,#920,#921,#922,#923,#924
,#925),.UNSPECIFIED.,.T.,.F.) B_SPLINE_CURVE_WITH_KNOTS((1,2,2,2,2,1),(
    -2.094395102393,0.,2.094395102393,4.188790204786,6.28318530718,
8.377580409573),.UNSPECIFIED.) CURVE() GEOMETRIC_REPRESENTATION_ITEM() 
RATIONAL_B_SPLINE_CURVE((1.,0.5,1.,0.5,1.,0.5,1.)) REPRESENTATION_ITEM(
  '') );
#919 = CARTESIAN_POINT('',(-5.35,-17.38978166112));
#920 = CARTESIAN_POINT('',(-7.082050807569,-17.38978166112));
#921 = CARTESIAN_POINT('',(-6.216025403785,-15.88978166112));
#922 = CARTESIAN_POINT('',(-5.35,-14.38978166112));
#923 = CARTESIAN_POINT('',(-4.483974596216,-15.88978166112));
#924 = CARTESIAN_POINT('',(-3.617949192431,-17.38978166112));
#925 = CARTESIAN_POINT('',(-5.35,-17.38978166112));
#926 = ( GEOMETRIC_REPRESENTATION_CONTEXT(2) 
PARAMETRIC_REPRESENTATION_CONTEXT() REPRESENTATION_CONTEXT('2D SPACE',''
  ) );
#927 = PCURVE('',#928,#933);
#928 = CYLINDRICAL_SURFACE('',#929,1.);
#929 = AXIS2_PLACEMENT_3D('',#930,#931,#932);
#930 = CARTESIAN_POINT('',(-246.1677336141,118.45954597952,64.7176));
#931 = DIRECTION('',(-1.,1.110223024625E-16,0.));
#932 = DIRECTION('',(3.330669073875E-16,1.,-7.771561172376E-16));
#933 = DEFINITIONAL_REPRESENTATION('',(#934),#938);
#934 = LINE('',#935,#936);
#935 = CARTESIAN_POINT('',(-0.,-227.6677336141));
#936 = VECTOR('',#937,1.);
#937 = DIRECTION('',(-1.,0.));
#938 = ( GEOMETRIC_REPRESENTATION_CONTEXT(2) 
PARAMETRIC_REPRESENTATION_CONTEXT() REPRESENTATION_CONTEXT('2D SPACE',''
  ) );
#939 = ORIENTED_EDGE('',*,*,#940,.T.);
#940 = EDGE_CURVE('',#908,#941,#943,.T.);
#941 = VERTEX_POINT('',#942);
#942 = CARTESIAN_POINT('',(-18.5,95.592365911311,65.7176));
#943 = SURFACE_CURVE('',#944,(#948,#955),.PCURVE_S1.);
#944 = LINE('',#945,#946);
#945 = CARTESIAN_POINT('',(-18.5,213.82,65.7176));
#946 = VECTOR('',#947,1.);
#947 = DIRECTION('',(7.395570986447E-32,-1.,2.331468351713E-15));
#948 = PCURVE('',#31,#949);
#949 = DEFINITIONAL_REPRESENTATION('',(#950),#954);
#950 = LINE('',#951,#952);
#951 = CARTESIAN_POINT('',(-6.35,-111.7502356816));
#952 = VECTOR('',#953,1.);
#953 = DIRECTION('',(-2.6645352591E-15,1.));
#954 = ( GEOMETRIC_REPRESENTATION_CONTEXT(2) 
PARAMETRIC_REPRESENTATION_CONTEXT() REPRESENTATION_CONTEXT('2D SPACE',''
  ) );
#955 = PCURVE('',#956,#961);
#956 = PLANE('',#957);
#957 = AXIS2_PLACEMENT_3D('',#958,#959,#960);
#958 = CARTESIAN_POINT('',(-18.5,213.82,65.7176));
#959 = DIRECTION('',(-7.771561172376E-16,3.330669073875E-16,-1.));
#960 = DIRECTION('',(-1.972152263053E-31,1.,-1.887379141863E-15));
#961 = DEFINITIONAL_REPRESENTATION('',(#962),#966);
#962 = LINE('',#963,#964);
#963 = CARTESIAN_POINT('',(2.273736754432E-13,-1.7763568394E-14));
#964 = VECTOR('',#965,1.);
#965 = DIRECTION('',(-1.,-8.881784197001E-16));
#966 = ( GEOMETRIC_REPRESENTATION_CONTEXT(2) 
PARAMETRIC_REPRESENTATION_CONTEXT() REPRESENTATION_CONTEXT('2D SPACE',''
  ) );
#967 = ORIENTED_EDGE('',*,*,#968,.T.);
#968 = EDGE_CURVE('',#941,#969,#971,.T.);
#969 = VERTEX_POINT('',#970);
#970 = CARTESIAN_POINT('',(-18.5,94.852784078696,65.553638669091));
#971 = SURFACE_CURVE('',#972,(#977,#988),.PCURVE_S1.);
#972 = CIRCLE('',#973,1.75);
#973 = AXIS2_PLACEMENT_3D('',#974,#975,#976);
#974 = CARTESIAN_POINT('',(-18.5,95.592365947152,63.9676));
#975 = DIRECTION('',(1.,-1.110223024625E-16,-1.232595164408E-32));
#976 = DIRECTION('',(1.110223024625E-16,1.,-3.330669073875E-16));
#977 = PCURVE('',#31,#978);
#978 = DEFINITIONAL_REPRESENTATION('',(#979),#987);
#979 = ( BOUNDED_CURVE() B_SPLINE_CURVE(2,(#980,#981,#982,#983,#984,#985
,#986),.UNSPECIFIED.,.T.,.F.) B_SPLINE_CURVE_WITH_KNOTS((1,2,2,2,2,1),(
    -2.094395102393,0.,2.094395102393,4.188790204786,6.28318530718,
8.377580409573),.UNSPECIFIED.) CURVE() GEOMETRIC_REPRESENTATION_ITEM() 
RATIONAL_B_SPLINE_CURVE((1.,0.5,1.,0.5,1.,0.5,1.)) REPRESENTATION_ITEM(
  '') );
#980 = CARTESIAN_POINT('',(-4.6,4.727398371247));
#981 = CARTESIAN_POINT('',(-7.631088913246,4.727398371247));
#982 = CARTESIAN_POINT('',(-6.115544456623,7.352398371247));
#983 = CARTESIAN_POINT('',(-4.6,9.977398371247));
#984 = CARTESIAN_POINT('',(-3.084455543377,7.352398371247));
#985 = CARTESIAN_POINT('',(-1.568911086755,4.727398371247));
#986 = CARTESIAN_POINT('',(-4.6,4.727398371247));
#987 = ( GEOMETRIC_REPRESENTATION_CONTEXT(2) 
PARAMETRIC_REPRESENTATION_CONTEXT() REPRESENTATION_CONTEXT('2D SPACE',''
  ) );
#988 = PCURVE('',#989,#994);
#989 = CYLINDRICAL_SURFACE('',#990,1.75);
#990 = AXIS2_PLACEMENT_3D('',#991,#992,#993);
#991 = CARTESIAN_POINT('',(-246.1677336141,95.592365947152,63.9676));
#992 = DIRECTION('',(-1.,1.110223024625E-16,0.));
#993 = DIRECTION('',(3.330669073875E-16,1.,-7.771561172376E-16));
#994 = DEFINITIONAL_REPRESENTATION('',(#995),#999);
#995 = LINE('',#996,#997);
#996 = CARTESIAN_POINT('',(2.22044604925E-16,-227.6677336141));
#997 = VECTOR('',#998,1.);
#998 = DIRECTION('',(-1.,0.));
#999 = ( GEOMETRIC_REPRESENTATION_CONTEXT(2) 
PARAMETRIC_REPRESENTATION_CONTEXT() REPRESENTATION_CONTEXT('2D SPACE',''
  ) );
#1000 = ORIENTED_EDGE('',*,*,#1001,.F.);
#1001 = EDGE_CURVE('',#1002,#969,#1004,.T.);
#1002 = VERTEX_POINT('',#1003);
#1003 = CARTESIAN_POINT('',(-18.5,86.477603955791,61.648228039352));
#1004 = SURFACE_CURVE('',#1005,(#1009,#1016),.PCURVE_S1.);
#1005 = LINE('',#1006,#1007);
#1006 = CARTESIAN_POINT('',(-18.5,92.444490309684,64.430632841513));
#1007 = VECTOR('',#1008,1.);
#1008 = DIRECTION('',(-4.629621060956E-16,0.906307787037,0.422618261741)
  );
#1009 = PCURVE('',#31,#1010);
#1010 = DEFINITIONAL_REPRESENTATION('',(#1011),#1015);
#1011 = LINE('',#1012,#1013);
#1012 = CARTESIAN_POINT('',(-5.063032841513,9.625274008716));
#1013 = VECTOR('',#1014,1.);
#1014 = DIRECTION('',(-0.422618261741,-0.906307787037));
#1015 = ( GEOMETRIC_REPRESENTATION_CONTEXT(2) 
PARAMETRIC_REPRESENTATION_CONTEXT() REPRESENTATION_CONTEXT('2D SPACE',''
  ) );
#1016 = PCURVE('',#1017,#1022);
#1017 = PLANE('',#1018);
#1018 = AXIS2_PLACEMENT_3D('',#1019,#1020,#1021);
#1019 = CARTESIAN_POINT('',(-246.1677336141,86.477603955791,
    61.648228039352));
#1020 = DIRECTION('',(4.692005248116E-17,0.422618261741,-0.906307787037)
  );
#1021 = DIRECTION('',(-3.957012367319E-16,-0.906307787037,
    -0.422618261741));
#1022 = DEFINITIONAL_REPRESENTATION('',(#1023),#1027);
#1023 = LINE('',#1024,#1025);
#1024 = CARTESIAN_POINT('',(-6.583730647844,-227.6677336141));
#1025 = VECTOR('',#1026,1.);
#1026 = DIRECTION('',(-1.,5.635824833521E-16));
#1027 = ( GEOMETRIC_REPRESENTATION_CONTEXT(2) 
PARAMETRIC_REPRESENTATION_CONTEXT() REPRESENTATION_CONTEXT('2D SPACE',''
  ) );
#1028 = ORIENTED_EDGE('',*,*,#1029,.F.);
#1029 = EDGE_CURVE('',#1030,#1002,#1032,.T.);
#1030 = VERTEX_POINT('',#1031);
#1031 = CARTESIAN_POINT('',(-18.5,85.738030653013,61.484266666677));
#1032 = SURFACE_CURVE('',#1033,(#1038,#1049),.PCURVE_S1.);
#1033 = CIRCLE('',#1034,1.75);
#1034 = AXIS2_PLACEMENT_3D('',#1035,#1036,#1037);
#1035 = CARTESIAN_POINT('',(-18.5,85.738021997745,63.234266666667));
#1036 = DIRECTION('',(1.,-1.110223024625E-16,-1.232595164408E-32));
#1037 = DIRECTION('',(1.110223024625E-16,1.,-3.330669073875E-16));
#1038 = PCURVE('',#31,#1039);
#1039 = DEFINITIONAL_REPRESENTATION('',(#1040),#1048);
#1040 = ( BOUNDED_CURVE() B_SPLINE_CURVE(2,(#1041,#1042,#1043,#1044,
#1045,#1046,#1047),.UNSPECIFIED.,.T.,.F.) B_SPLINE_CURVE_WITH_KNOTS((1,2
    ,2,2,2,1),(-2.094395102393,0.,2.094395102393,4.188790204786,
6.28318530718,8.377580409573),.UNSPECIFIED.) CURVE() 
GEOMETRIC_REPRESENTATION_ITEM() RATIONAL_B_SPLINE_CURVE((1.,0.5,1.,0.5,
1.,0.5,1.)) REPRESENTATION_ITEM('') );
#1041 = CARTESIAN_POINT('',(-3.866666666667,14.581742320655));
#1042 = CARTESIAN_POINT('',(-6.897755579912,14.581742320655));
#1043 = CARTESIAN_POINT('',(-5.38221112329,17.206742320655));
#1044 = CARTESIAN_POINT('',(-3.866666666667,19.831742320655));
#1045 = CARTESIAN_POINT('',(-2.351122210044,17.206742320655));
#1046 = CARTESIAN_POINT('',(-0.835577753421,14.581742320655));
#1047 = CARTESIAN_POINT('',(-3.866666666667,14.581742320655));
#1048 = ( GEOMETRIC_REPRESENTATION_CONTEXT(2) 
PARAMETRIC_REPRESENTATION_CONTEXT() REPRESENTATION_CONTEXT('2D SPACE',''
  ) );
#1049 = PCURVE('',#1050,#1055);
#1050 = CYLINDRICAL_SURFACE('',#1051,1.75);
#1051 = AXIS2_PLACEMENT_3D('',#1052,#1053,#1054);
#1052 = CARTESIAN_POINT('',(-246.1677336141,85.738021997745,
    63.234266666667));
#1053 = DIRECTION('',(-1.,1.110223024625E-16,0.));
#1054 = DIRECTION('',(3.330669073875E-16,1.,-7.771561172376E-16));
#1055 = DEFINITIONAL_REPRESENTATION('',(#1056),#1060);
#1056 = LINE('',#1057,#1058);
#1057 = CARTESIAN_POINT('',(2.22044604925E-16,-227.6677336141));
#1058 = VECTOR('',#1059,1.);
#1059 = DIRECTION('',(-1.,0.));
#1060 = ( GEOMETRIC_REPRESENTATION_CONTEXT(2) 
PARAMETRIC_REPRESENTATION_CONTEXT() REPRESENTATION_CONTEXT('2D SPACE',''
  ) );
#1061 = ORIENTED_EDGE('',*,*,#1062,.F.);
#1062 = EDGE_CURVE('',#1063,#1030,#1065,.T.);
#1063 = VERTEX_POINT('',#1064);
#1064 = CARTESIAN_POINT('',(-18.5,82.725530653013,61.484266666667));
#1065 = SURFACE_CURVE('',#1066,(#1070,#1077),.PCURVE_S1.);
#1066 = LINE('',#1067,#1068);
#1067 = CARTESIAN_POINT('',(-18.5,92.397647485706,61.484266666667));
#1068 = VECTOR('',#1069,1.);
#1069 = DIRECTION('',(-6.661338147751E-16,1.,-1.110223024625E-16));
#1070 = PCURVE('',#31,#1071);
#1071 = DEFINITIONAL_REPRESENTATION('',(#1072),#1076);
#1072 = LINE('',#1073,#1074);
#1073 = CARTESIAN_POINT('',(-2.116666666667,9.672116832693));
#1074 = VECTOR('',#1075,1.);
#1075 = DIRECTION('',(1.110223024625E-15,-1.));
#1076 = ( GEOMETRIC_REPRESENTATION_CONTEXT(2) 
PARAMETRIC_REPRESENTATION_CONTEXT() REPRESENTATION_CONTEXT('2D SPACE',''
  ) );
#1077 = PCURVE('',#1078,#1083);
#1078 = PLANE('',#1079);
#1079 = AXIS2_PLACEMENT_3D('',#1080,#1081,#1082);
#1080 = CARTESIAN_POINT('',(-246.1677336141,82.725530653013,
    61.484266666667));
#1081 = DIRECTION('',(-2.465190328816E-32,3.330669073875E-16,-1.));
#1082 = DIRECTION('',(-3.330669073875E-16,-1.,7.771561172376E-16));
#1083 = DEFINITIONAL_REPRESENTATION('',(#1084),#1088);
#1084 = LINE('',#1085,#1086);
#1085 = CARTESIAN_POINT('',(-9.672116832693,-227.6677336141));
#1086 = VECTOR('',#1087,1.);
#1087 = DIRECTION('',(-1.,7.771561172376E-16));
#1088 = ( GEOMETRIC_REPRESENTATION_CONTEXT(2) 
PARAMETRIC_REPRESENTATION_CONTEXT() REPRESENTATION_CONTEXT('2D SPACE',''
  ) );
#1089 = ORIENTED_EDGE('',*,*,#1090,.F.);
#1090 = EDGE_CURVE('',#1091,#1063,#1093,.T.);
#1091 = VERTEX_POINT('',#1092);
#1092 = CARTESIAN_POINT('',(-18.5,80.975530653013,63.234266666667));
#1093 = SURFACE_CURVE('',#1094,(#1099,#1110),.PCURVE_S1.);
#1094 = CIRCLE('',#1095,1.75);
#1095 = AXIS2_PLACEMENT_3D('',#1096,#1097,#1098);
#1096 = CARTESIAN_POINT('',(-18.5,82.725530653013,63.234266666667));
#1097 = DIRECTION('',(1.,-1.110223024625E-16,-1.232595164408E-32));
#1098 = DIRECTION('',(1.110223024625E-16,1.,-3.330669073875E-16));
#1099 = PCURVE('',#31,#1100);
#1100 = DEFINITIONAL_REPRESENTATION('',(#1101),#1109);
#1101 = ( BOUNDED_CURVE() B_SPLINE_CURVE(2,(#1102,#1103,#1104,#1105,
#1106,#1107,#1108),.UNSPECIFIED.,.T.,.F.) B_SPLINE_CURVE_WITH_KNOTS((1,2
    ,2,2,2,1),(-2.094395102393,0.,2.094395102393,4.188790204786,
6.28318530718,8.377580409573),.UNSPECIFIED.) CURVE() 
GEOMETRIC_REPRESENTATION_ITEM() RATIONAL_B_SPLINE_CURVE((1.,0.5,1.,0.5,
1.,0.5,1.)) REPRESENTATION_ITEM('') );
#1102 = CARTESIAN_POINT('',(-3.866666666667,17.594233665386));
#1103 = CARTESIAN_POINT('',(-6.897755579912,17.594233665386));
#1104 = CARTESIAN_POINT('',(-5.38221112329,20.219233665386));
#1105 = CARTESIAN_POINT('',(-3.866666666667,22.844233665386));
#1106 = CARTESIAN_POINT('',(-2.351122210044,20.219233665386));
#1107 = CARTESIAN_POINT('',(-0.835577753421,17.594233665386));
#1108 = CARTESIAN_POINT('',(-3.866666666667,17.594233665386));
#1109 = ( GEOMETRIC_REPRESENTATION_CONTEXT(2) 
PARAMETRIC_REPRESENTATION_CONTEXT() REPRESENTATION_CONTEXT('2D SPACE',''
  ) );
#1110 = PCURVE('',#1111,#1116);
#1111 = CYLINDRICAL_SURFACE('',#1112,1.75);
#1112 = AXIS2_PLACEMENT_3D('',#1113,#1114,#1115);
#1113 = CARTESIAN_POINT('',(-246.1677336141,82.725530653013,
    63.234266666667));
#1114 = DIRECTION('',(-1.,1.110223024625E-16,0.));
#1115 = DIRECTION('',(3.330669073875E-16,1.,-7.771561172376E-16));
#1116 = DEFINITIONAL_REPRESENTATION('',(#1117),#1121);
#1117 = LINE('',#1118,#1119);
#1118 = CARTESIAN_POINT('',(2.22044604925E-16,-227.6677336141));
#1119 = VECTOR('',#1120,1.);
#1120 = DIRECTION('',(-1.,0.));
#1121 = ( GEOMETRIC_REPRESENTATION_CONTEXT(2) 
PARAMETRIC_REPRESENTATION_CONTEXT() REPRESENTATION_CONTEXT('2D SPACE',''
  ) );
#1122 = ORIENTED_EDGE('',*,*,#1123,.F.);
#1123 = EDGE_CURVE('',#1124,#1091,#1126,.T.);
#1124 = VERTEX_POINT('',#1125);
#1125 = CARTESIAN_POINT('',(-18.5,80.975530653013,64.7176));
#1126 = SURFACE_CURVE('',#1127,(#1131,#1138),.PCURVE_S1.);
#1127 = LINE('',#1128,#1129);
#1128 = CARTESIAN_POINT('',(-18.5,80.975530653013,62.0426));
#1129 = VECTOR('',#1130,1.);
#1130 = DIRECTION('',(-3.330669073875E-16,-1.110223024625E-16,-1.));
#1131 = PCURVE('',#31,#1132);
#1132 = DEFINITIONAL_REPRESENTATION('',(#1133),#1137);
#1133 = LINE('',#1134,#1135);
#1134 = CARTESIAN_POINT('',(-2.675,21.094233665386));
#1135 = VECTOR('',#1136,1.);
#1136 = DIRECTION('',(1.,-2.22044604925E-15));
#1137 = ( GEOMETRIC_REPRESENTATION_CONTEXT(2) 
PARAMETRIC_REPRESENTATION_CONTEXT() REPRESENTATION_CONTEXT('2D SPACE',''
  ) );
#1138 = PCURVE('',#1139,#1144);
#1139 = PLANE('',#1140);
#1140 = AXIS2_PLACEMENT_3D('',#1141,#1142,#1143);
#1141 = CARTESIAN_POINT('',(-246.1677336141,80.975530653013,64.7176));
#1142 = DIRECTION('',(-1.110223024625E-16,-1.,5.551115123126E-16));
#1143 = DIRECTION('',(2.22044604925E-16,-5.551115123126E-16,1.));
#1144 = DEFINITIONAL_REPRESENTATION('',(#1145),#1149);
#1145 = LINE('',#1146,#1147);
#1146 = CARTESIAN_POINT('',(-2.675,-227.6677336141));
#1147 = VECTOR('',#1148,1.);
#1148 = DIRECTION('',(-1.,3.330669073875E-16));
#1149 = ( GEOMETRIC_REPRESENTATION_CONTEXT(2) 
PARAMETRIC_REPRESENTATION_CONTEXT() REPRESENTATION_CONTEXT('2D SPACE',''
  ) );
#1150 = ORIENTED_EDGE('',*,*,#1151,.T.);
#1151 = EDGE_CURVE('',#1124,#1152,#1154,.T.);
#1152 = VERTEX_POINT('',#1153);
#1153 = CARTESIAN_POINT('',(-18.5,79.975530653013,65.7176));
#1154 = SURFACE_CURVE('',#1155,(#1160,#1171),.PCURVE_S1.);
#1155 = CIRCLE('',#1156,1.);
#1156 = AXIS2_PLACEMENT_3D('',#1157,#1158,#1159);
#1157 = CARTESIAN_POINT('',(-18.5,79.975530653013,64.7176));
#1158 = DIRECTION('',(1.,-1.110223024625E-16,-1.232595164408E-32));
#1159 = DIRECTION('',(1.110223024625E-16,1.,-3.330669073875E-16));
#1160 = PCURVE('',#31,#1161);
#1161 = DEFINITIONAL_REPRESENTATION('',(#1162),#1170);
#1162 = ( BOUNDED_CURVE() B_SPLINE_CURVE(2,(#1163,#1164,#1165,#1166,
#1167,#1168,#1169),.UNSPECIFIED.,.T.,.F.) B_SPLINE_CURVE_WITH_KNOTS((1,2
    ,2,2,2,1),(-2.094395102393,0.,2.094395102393,4.188790204786,
6.28318530718,8.377580409573),.UNSPECIFIED.) CURVE() 
GEOMETRIC_REPRESENTATION_ITEM() RATIONAL_B_SPLINE_CURVE((1.,0.5,1.,0.5,
1.,0.5,1.)) REPRESENTATION_ITEM('') );
#1163 = CARTESIAN_POINT('',(-5.35,21.094233665386));
#1164 = CARTESIAN_POINT('',(-7.082050807569,21.094233665386));
#1165 = CARTESIAN_POINT('',(-6.216025403785,22.594233665386));
#1166 = CARTESIAN_POINT('',(-5.35,24.094233665386));
#1167 = CARTESIAN_POINT('',(-4.483974596216,22.594233665386));
#1168 = CARTESIAN_POINT('',(-3.617949192431,21.094233665386));
#1169 = CARTESIAN_POINT('',(-5.35,21.094233665386));
#1170 = ( GEOMETRIC_REPRESENTATION_CONTEXT(2) 
PARAMETRIC_REPRESENTATION_CONTEXT() REPRESENTATION_CONTEXT('2D SPACE',''
  ) );
#1171 = PCURVE('',#1172,#1177);
#1172 = CYLINDRICAL_SURFACE('',#1173,1.);
#1173 = AXIS2_PLACEMENT_3D('',#1174,#1175,#1176);
#1174 = CARTESIAN_POINT('',(-246.1677336141,79.975530653013,64.7176));
#1175 = DIRECTION('',(-1.,1.110223024625E-16,0.));
#1176 = DIRECTION('',(3.330669073875E-16,1.,-7.771561172376E-16));
#1177 = DEFINITIONAL_REPRESENTATION('',(#1178),#1182);
#1178 = LINE('',#1179,#1180);
#1179 = CARTESIAN_POINT('',(-0.,-227.6677336141));
#1180 = VECTOR('',#1181,1.);
#1181 = DIRECTION('',(-1.,0.));
#1182 = ( GEOMETRIC_REPRESENTATION_CONTEXT(2) 
PARAMETRIC_REPRESENTATION_CONTEXT() REPRESENTATION_CONTEXT('2D SPACE',''
  ) );
#1183 = ORIENTED_EDGE('',*,*,#1184,.T.);
#1184 = EDGE_CURVE('',#1152,#1185,#1187,.T.);
#1185 = VERTEX_POINT('',#1186);
#1186 = CARTESIAN_POINT('',(-18.5,57.108350584805,65.7176));
#1187 = SURFACE_CURVE('',#1188,(#1192,#1199),.PCURVE_S1.);
#1188 = LINE('',#1189,#1190);
#1189 = CARTESIAN_POINT('',(-18.5,213.82,65.7176));
#1190 = VECTOR('',#1191,1.);
#1191 = DIRECTION('',(7.395570986447E-32,-1.,2.331468351713E-15));
#1192 = PCURVE('',#31,#1193);
#1193 = DEFINITIONAL_REPRESENTATION('',(#1194),#1198);
#1194 = LINE('',#1195,#1196);
#1195 = CARTESIAN_POINT('',(-6.35,-111.7502356816));
#1196 = VECTOR('',#1197,1.);
#1197 = DIRECTION('',(-2.6645352591E-15,1.));
#1198 = ( GEOMETRIC_REPRESENTATION_CONTEXT(2) 
PARAMETRIC_REPRESENTATION_CONTEXT() REPRESENTATION_CONTEXT('2D SPACE',''
  ) );
#1199 = PCURVE('',#1200,#1205);
#1200 = PLANE('',#1201);
#1201 = AXIS2_PLACEMENT_3D('',#1202,#1203,#1204);
#1202 = CARTESIAN_POINT('',(-18.5,213.82,65.7176));
#1203 = DIRECTION('',(-7.771561172376E-16,3.330669073875E-16,-1.));
#1204 = DIRECTION('',(-1.972152263053E-31,1.,-1.887379141863E-15));
#1205 = DEFINITIONAL_REPRESENTATION('',(#1206),#1210);
#1206 = LINE('',#1207,#1208);
#1207 = CARTESIAN_POINT('',(2.273736754432E-13,-1.7763568394E-14));
#1208 = VECTOR('',#1209,1.);
#1209 = DIRECTION('',(-1.,-8.881784197001E-16));
#1210 = ( GEOMETRIC_REPRESENTATION_CONTEXT(2) 
PARAMETRIC_REPRESENTATION_CONTEXT() REPRESENTATION_CONTEXT('2D SPACE',''
  ) );
#1211 = ORIENTED_EDGE('',*,*,#1212,.T.);
#1212 = EDGE_CURVE('',#1185,#1213,#1215,.T.);
#1213 = VERTEX_POINT('',#1214);
#1214 = CARTESIAN_POINT('',(-18.5,56.36876875219,65.553638669091));
#1215 = SURFACE_CURVE('',#1216,(#1221,#1232),.PCURVE_S1.);
#1216 = CIRCLE('',#1217,1.75);
#1217 = AXIS2_PLACEMENT_3D('',#1218,#1219,#1220);
#1218 = CARTESIAN_POINT('',(-18.5,57.108350620646,63.9676));
#1219 = DIRECTION('',(1.,-1.110223024625E-16,-1.232595164408E-32));
#1220 = DIRECTION('',(1.110223024625E-16,1.,-3.330669073875E-16));
#1221 = PCURVE('',#31,#1222);
#1222 = DEFINITIONAL_REPRESENTATION('',(#1223),#1231);
#1223 = ( BOUNDED_CURVE() B_SPLINE_CURVE(2,(#1224,#1225,#1226,#1227,
#1228,#1229,#1230),.UNSPECIFIED.,.T.,.F.) B_SPLINE_CURVE_WITH_KNOTS((1,2
    ,2,2,2,1),(-2.094395102393,0.,2.094395102393,4.188790204786,
6.28318530718,8.377580409573),.UNSPECIFIED.) CURVE() 
GEOMETRIC_REPRESENTATION_ITEM() RATIONAL_B_SPLINE_CURVE((1.,0.5,1.,0.5,
1.,0.5,1.)) REPRESENTATION_ITEM('') );
#1224 = CARTESIAN_POINT('',(-4.6,43.211413697754));
#1225 = CARTESIAN_POINT('',(-7.631088913246,43.211413697754));
#1226 = CARTESIAN_POINT('',(-6.115544456623,45.836413697754));
#1227 = CARTESIAN_POINT('',(-4.6,48.461413697754));
#1228 = CARTESIAN_POINT('',(-3.084455543377,45.836413697754));
#1229 = CARTESIAN_POINT('',(-1.568911086755,43.211413697754));
#1230 = CARTESIAN_POINT('',(-4.6,43.211413697754));
#1231 = ( GEOMETRIC_REPRESENTATION_CONTEXT(2) 
PARAMETRIC_REPRESENTATION_CONTEXT() REPRESENTATION_CONTEXT('2D SPACE',''
  ) );
#1232 = PCURVE('',#1233,#1238);
#1233 = CYLINDRICAL_SURFACE('',#1234,1.75);
#1234 = AXIS2_PLACEMENT_3D('',#1235,#1236,#1237);
#1235 = CARTESIAN_POINT('',(-246.1677336141,57.108350620646,63.9676));
#1236 = DIRECTION('',(-1.,1.110223024625E-16,0.));
#1237 = DIRECTION('',(3.330669073875E-16,1.,-7.771561172376E-16));
#1238 = DEFINITIONAL_REPRESENTATION('',(#1239),#1243);
#1239 = LINE('',#1240,#1241);
#1240 = CARTESIAN_POINT('',(2.22044604925E-16,-227.6677336141));
#1241 = VECTOR('',#1242,1.);
#1242 = DIRECTION('',(-1.,0.));
#1243 = ( GEOMETRIC_REPRESENTATION_CONTEXT(2) 
PARAMETRIC_REPRESENTATION_CONTEXT() REPRESENTATION_CONTEXT('2D SPACE',''
  ) );
#1244 = ORIENTED_EDGE('',*,*,#1245,.F.);
#1245 = EDGE_CURVE('',#1246,#1213,#1248,.T.);
#1246 = VERTEX_POINT('',#1247);
#1247 = CARTESIAN_POINT('',(-18.5,47.993588629284,61.648228039353));
#1248 = SURFACE_CURVE('',#1249,(#1253,#1260),.PCURVE_S1.);
#1249 = LINE('',#1250,#1251);
#1250 = CARTESIAN_POINT('',(-18.5,69.76574087052,71.800749363957));
#1251 = VECTOR('',#1252,1.);
#1252 = DIRECTION('',(-4.629621060956E-16,0.906307787037,0.422618261741)
  );
#1253 = PCURVE('',#31,#1254);
#1254 = DEFINITIONAL_REPRESENTATION('',(#1255),#1259);
#1255 = LINE('',#1256,#1257);
#1256 = CARTESIAN_POINT('',(-12.43314936395,32.304023447879));
#1257 = VECTOR('',#1258,1.);
#1258 = DIRECTION('',(-0.422618261741,-0.906307787037));
#1259 = ( GEOMETRIC_REPRESENTATION_CONTEXT(2) 
PARAMETRIC_REPRESENTATION_CONTEXT() REPRESENTATION_CONTEXT('2D SPACE',''
  ) );
#1260 = PCURVE('',#1261,#1266);
#1261 = PLANE('',#1262);
#1262 = AXIS2_PLACEMENT_3D('',#1263,#1264,#1265);
#1263 = CARTESIAN_POINT('',(-246.1677336141,47.993588629284,
    61.648228039352));
#1264 = DIRECTION('',(4.692005248116E-17,0.422618261741,-0.906307787037)
  );
#1265 = DIRECTION('',(-3.957012367319E-16,-0.906307787037,
    -0.422618261741));
#1266 = DEFINITIONAL_REPRESENTATION('',(#1267),#1271);
#1267 = LINE('',#1268,#1269);
#1268 = CARTESIAN_POINT('',(-24.02291203126,-227.6677336141));
#1269 = VECTOR('',#1270,1.);
#1270 = DIRECTION('',(-1.,5.635824833521E-16));
#1271 = ( GEOMETRIC_REPRESENTATION_CONTEXT(2) 
PARAMETRIC_REPRESENTATION_CONTEXT() REPRESENTATION_CONTEXT('2D SPACE',''
  ) );
#1272 = ORIENTED_EDGE('',*,*,#1273,.F.);
#1273 = EDGE_CURVE('',#1274,#1246,#1276,.T.);
#1274 = VERTEX_POINT('',#1275);
#1275 = CARTESIAN_POINT('',(-18.5,47.254015326507,61.484266666677));
#1276 = SURFACE_CURVE('',#1277,(#1282,#1293),.PCURVE_S1.);
#1277 = CIRCLE('',#1278,1.75);
#1278 = AXIS2_PLACEMENT_3D('',#1279,#1280,#1281);
#1279 = CARTESIAN_POINT('',(-18.5,47.254006671238,63.234266666667));
#1280 = DIRECTION('',(1.,-1.110223024625E-16,-1.232595164408E-32));
#1281 = DIRECTION('',(1.110223024625E-16,1.,-3.330669073875E-16));
#1282 = PCURVE('',#31,#1283);
#1283 = DEFINITIONAL_REPRESENTATION('',(#1284),#1292);
#1284 = ( BOUNDED_CURVE() B_SPLINE_CURVE(2,(#1285,#1286,#1287,#1288,
#1289,#1290,#1291),.UNSPECIFIED.,.T.,.F.) B_SPLINE_CURVE_WITH_KNOTS((1,2
    ,2,2,2,1),(-2.094395102393,0.,2.094395102393,4.188790204786,
6.28318530718,8.377580409573),.UNSPECIFIED.) CURVE() 
GEOMETRIC_REPRESENTATION_ITEM() RATIONAL_B_SPLINE_CURVE((1.,0.5,1.,0.5,
1.,0.5,1.)) REPRESENTATION_ITEM('') );
#1285 = CARTESIAN_POINT('',(-3.866666666667,53.065757647161));
#1286 = CARTESIAN_POINT('',(-6.897755579912,53.065757647161));
#1287 = CARTESIAN_POINT('',(-5.38221112329,55.690757647161));
#1288 = CARTESIAN_POINT('',(-3.866666666667,58.315757647161));
#1289 = CARTESIAN_POINT('',(-2.351122210044,55.690757647161));
#1290 = CARTESIAN_POINT('',(-0.835577753421,53.065757647161));
#1291 = CARTESIAN_POINT('',(-3.866666666667,53.065757647161));
#1292 = ( GEOMETRIC_REPRESENTATION_CONTEXT(2) 
PARAMETRIC_REPRESENTATION_CONTEXT() REPRESENTATION_CONTEXT('2D SPACE',''
  ) );
#1293 = PCURVE('',#1294,#1299);
#1294 = CYLINDRICAL_SURFACE('',#1295,1.75);
#1295 = AXIS2_PLACEMENT_3D('',#1296,#1297,#1298);
#1296 = CARTESIAN_POINT('',(-246.1677336141,47.254006671238,
    63.234266666667));
#1297 = DIRECTION('',(-1.,1.110223024625E-16,0.));
#1298 = DIRECTION('',(3.330669073875E-16,1.,-7.771561172376E-16));
#1299 = DEFINITIONAL_REPRESENTATION('',(#1300),#1304);
#1300 = LINE('',#1301,#1302);
#1301 = CARTESIAN_POINT('',(2.22044604925E-16,-227.6677336141));
#1302 = VECTOR('',#1303,1.);
#1303 = DIRECTION('',(-1.,0.));
#1304 = ( GEOMETRIC_REPRESENTATION_CONTEXT(2) 
PARAMETRIC_REPRESENTATION_CONTEXT() REPRESENTATION_CONTEXT('2D SPACE',''
  ) );
#1305 = ORIENTED_EDGE('',*,*,#1306,.F.);
#1306 = EDGE_CURVE('',#1307,#1274,#1309,.T.);
#1307 = VERTEX_POINT('',#1308);
#1308 = CARTESIAN_POINT('',(-18.5,44.241515326507,61.484266666667));
#1309 = SURFACE_CURVE('',#1310,(#1314,#1321),.PCURVE_S1.);
#1310 = LINE('',#1311,#1312);
#1311 = CARTESIAN_POINT('',(-18.5,73.155639822453,61.484266666667));
#1312 = VECTOR('',#1313,1.);
#1313 = DIRECTION('',(-6.661338147751E-16,1.,-1.110223024625E-16));
#1314 = PCURVE('',#31,#1315);
#1315 = DEFINITIONAL_REPRESENTATION('',(#1316),#1320);
#1316 = LINE('',#1317,#1318);
#1317 = CARTESIAN_POINT('',(-2.116666666667,28.914124495946));
#1318 = VECTOR('',#1319,1.);
#1319 = DIRECTION('',(1.110223024625E-15,-1.));
#1320 = ( GEOMETRIC_REPRESENTATION_CONTEXT(2) 
PARAMETRIC_REPRESENTATION_CONTEXT() REPRESENTATION_CONTEXT('2D SPACE',''
  ) );
#1321 = PCURVE('',#1322,#1327);
#1322 = PLANE('',#1323);
#1323 = AXIS2_PLACEMENT_3D('',#1324,#1325,#1326);
#1324 = CARTESIAN_POINT('',(-246.1677336141,44.241515326507,
    61.484266666667));
#1325 = DIRECTION('',(-2.465190328816E-32,3.330669073875E-16,-1.));
#1326 = DIRECTION('',(-3.330669073875E-16,-1.,7.771561172376E-16));
#1327 = DEFINITIONAL_REPRESENTATION('',(#1328),#1332);
#1328 = LINE('',#1329,#1330);
#1329 = CARTESIAN_POINT('',(-28.91412449594,-227.6677336141));
#1330 = VECTOR('',#1331,1.);
#1331 = DIRECTION('',(-1.,7.771561172376E-16));
#1332 = ( GEOMETRIC_REPRESENTATION_CONTEXT(2) 
PARAMETRIC_REPRESENTATION_CONTEXT() REPRESENTATION_CONTEXT('2D SPACE',''
  ) );
#1333 = ORIENTED_EDGE('',*,*,#1334,.F.);
#1334 = EDGE_CURVE('',#1335,#1307,#1337,.T.);
#1335 = VERTEX_POINT('',#1336);
#1336 = CARTESIAN_POINT('',(-18.5,42.491515326507,63.234266666667));
#1337 = SURFACE_CURVE('',#1338,(#1343,#1354),.PCURVE_S1.);
#1338 = CIRCLE('',#1339,1.75);
#1339 = AXIS2_PLACEMENT_3D('',#1340,#1341,#1342);
#1340 = CARTESIAN_POINT('',(-18.5,44.241515326507,63.234266666667));
#1341 = DIRECTION('',(1.,-1.110223024625E-16,-1.232595164408E-32));
#1342 = DIRECTION('',(1.110223024625E-16,1.,-3.330669073875E-16));
#1343 = PCURVE('',#31,#1344);
#1344 = DEFINITIONAL_REPRESENTATION('',(#1345),#1353);
#1345 = ( BOUNDED_CURVE() B_SPLINE_CURVE(2,(#1346,#1347,#1348,#1349,
#1350,#1351,#1352),.UNSPECIFIED.,.T.,.F.) B_SPLINE_CURVE_WITH_KNOTS((1,2
    ,2,2,2,1),(-2.094395102393,0.,2.094395102393,4.188790204786,
6.28318530718,8.377580409573),.UNSPECIFIED.) CURVE() 
GEOMETRIC_REPRESENTATION_ITEM() RATIONAL_B_SPLINE_CURVE((1.,0.5,1.,0.5,
1.,0.5,1.)) REPRESENTATION_ITEM('') );
#1346 = CARTESIAN_POINT('',(-3.866666666667,56.078248991893));
#1347 = CARTESIAN_POINT('',(-6.897755579912,56.078248991893));
#1348 = CARTESIAN_POINT('',(-5.38221112329,58.703248991893));
#1349 = CARTESIAN_POINT('',(-3.866666666667,61.328248991893));
#1350 = CARTESIAN_POINT('',(-2.351122210044,58.703248991893));
#1351 = CARTESIAN_POINT('',(-0.835577753421,56.078248991893));
#1352 = CARTESIAN_POINT('',(-3.866666666667,56.078248991893));
#1353 = ( GEOMETRIC_REPRESENTATION_CONTEXT(2) 
PARAMETRIC_REPRESENTATION_CONTEXT() REPRESENTATION_CONTEXT('2D SPACE',''
  ) );
#1354 = PCURVE('',#1355,#1360);
#1355 = CYLINDRICAL_SURFACE('',#1356,1.75);
#1356 = AXIS2_PLACEMENT_3D('',#1357,#1358,#1359);
#1357 = CARTESIAN_POINT('',(-246.1677336141,44.241515326507,
    63.234266666667));
#1358 = DIRECTION('',(-1.,1.110223024625E-16,0.));
#1359 = DIRECTION('',(3.330669073875E-16,1.,-7.771561172376E-16));
#1360 = DEFINITIONAL_REPRESENTATION('',(#1361),#1365);
#1361 = LINE('',#1362,#1363);
#1362 = CARTESIAN_POINT('',(2.22044604925E-16,-227.6677336141));
#1363 = VECTOR('',#1364,1.);
#1364 = DIRECTION('',(-1.,0.));
#1365 = ( GEOMETRIC_REPRESENTATION_CONTEXT(2) 
PARAMETRIC_REPRESENTATION_CONTEXT() REPRESENTATION_CONTEXT('2D SPACE',''
  ) );
#1366 = ORIENTED_EDGE('',*,*,#1367,.F.);
#1367 = EDGE_CURVE('',#1368,#1335,#1370,.T.);
#1368 = VERTEX_POINT('',#1369);
#1369 = CARTESIAN_POINT('',(-18.5,42.491515326507,64.7176));
#1370 = SURFACE_CURVE('',#1371,(#1375,#1382),.PCURVE_S1.);
#1371 = LINE('',#1372,#1373);
#1372 = CARTESIAN_POINT('',(-18.5,42.491515326507,62.0426));
#1373 = VECTOR('',#1374,1.);
#1374 = DIRECTION('',(-3.330669073875E-16,-1.110223024625E-16,-1.));
#1375 = PCURVE('',#31,#1376);
#1376 = DEFINITIONAL_REPRESENTATION('',(#1377),#1381);
#1377 = LINE('',#1378,#1379);
#1378 = CARTESIAN_POINT('',(-2.675,59.578248991893));
#1379 = VECTOR('',#1380,1.);
#1380 = DIRECTION('',(1.,-2.22044604925E-15));
#1381 = ( GEOMETRIC_REPRESENTATION_CONTEXT(2) 
PARAMETRIC_REPRESENTATION_CONTEXT() REPRESENTATION_CONTEXT('2D SPACE',''
  ) );
#1382 = PCURVE('',#1383,#1388);
#1383 = PLANE('',#1384);
#1384 = AXIS2_PLACEMENT_3D('',#1385,#1386,#1387);
#1385 = CARTESIAN_POINT('',(-246.1677336141,42.491515326507,64.7176));
#1386 = DIRECTION('',(-1.110223024625E-16,-1.,5.551115123126E-16));
#1387 = DIRECTION('',(2.22044604925E-16,-5.551115123126E-16,1.));
#1388 = DEFINITIONAL_REPRESENTATION('',(#1389),#1393);
#1389 = LINE('',#1390,#1391);
#1390 = CARTESIAN_POINT('',(-2.675,-227.6677336141));
#1391 = VECTOR('',#1392,1.);
#1392 = DIRECTION('',(-1.,3.330669073875E-16));
#1393 = ( GEOMETRIC_REPRESENTATION_CONTEXT(2) 
PARAMETRIC_REPRESENTATION_CONTEXT() REPRESENTATION_CONTEXT('2D SPACE',''
  ) );
#1394 = ORIENTED_EDGE('',*,*,#1395,.T.);
#1395 = EDGE_CURVE('',#1368,#1396,#1398,.T.);
#1396 = VERTEX_POINT('',#1397);
#1397 = CARTESIAN_POINT('',(-18.5,41.491515326507,65.7176));
#1398 = SURFACE_CURVE('',#1399,(#1404,#1415),.PCURVE_S1.);
#1399 = CIRCLE('',#1400,1.);
#1400 = AXIS2_PLACEMENT_3D('',#1401,#1402,#1403);
#1401 = CARTESIAN_POINT('',(-18.5,41.491515326507,64.7176));
#1402 = DIRECTION('',(1.,-1.110223024625E-16,-1.232595164408E-32));
#1403 = DIRECTION('',(1.110223024625E-16,1.,-3.330669073875E-16));
#1404 = PCURVE('',#31,#1405);
#1405 = DEFINITIONAL_REPRESENTATION('',(#1406),#1414);
#1406 = ( BOUNDED_CURVE() B_SPLINE_CURVE(2,(#1407,#1408,#1409,#1410,
#1411,#1412,#1413),.UNSPECIFIED.,.T.,.F.) B_SPLINE_CURVE_WITH_KNOTS((1,2
    ,2,2,2,1),(-2.094395102393,0.,2.094395102393,4.188790204786,
6.28318530718,8.377580409573),.UNSPECIFIED.) CURVE() 
GEOMETRIC_REPRESENTATION_ITEM() RATIONAL_B_SPLINE_CURVE((1.,0.5,1.,0.5,
1.,0.5,1.)) REPRESENTATION_ITEM('') );
#1407 = CARTESIAN_POINT('',(-5.35,59.578248991893));
#1408 = CARTESIAN_POINT('',(-7.082050807569,59.578248991893));
#1409 = CARTESIAN_POINT('',(-6.216025403785,61.078248991893));
#1410 = CARTESIAN_POINT('',(-5.35,62.578248991893));
#1411 = CARTESIAN_POINT('',(-4.483974596216,61.078248991893));
#1412 = CARTESIAN_POINT('',(-3.617949192431,59.578248991893));
#1413 = CARTESIAN_POINT('',(-5.35,59.578248991893));
#1414 = ( GEOMETRIC_REPRESENTATION_CONTEXT(2) 
PARAMETRIC_REPRESENTATION_CONTEXT() REPRESENTATION_CONTEXT('2D SPACE',''
  ) );
#1415 = PCURVE('',#1416,#1421);
#1416 = CYLINDRICAL_SURFACE('',#1417,1.);
#1417 = AXIS2_PLACEMENT_3D('',#1418,#1419,#1420);
#1418 = CARTESIAN_POINT('',(-246.1677336141,41.491515326507,64.7176));
#1419 = DIRECTION('',(-1.,1.110223024625E-16,0.));
#1420 = DIRECTION('',(3.330669073875E-16,1.,-7.771561172376E-16));
#1421 = DEFINITIONAL_REPRESENTATION('',(#1422),#1426);
#1422 = LINE('',#1423,#1424);
#1423 = CARTESIAN_POINT('',(-0.,-227.6677336141));
#1424 = VECTOR('',#1425,1.);
#1425 = DIRECTION('',(-1.,0.));
#1426 = ( GEOMETRIC_REPRESENTATION_CONTEXT(2) 
PARAMETRIC_REPRESENTATION_CONTEXT() REPRESENTATION_CONTEXT('2D SPACE',''
  ) );
#1427 = ORIENTED_EDGE('',*,*,#1428,.T.);
#1428 = EDGE_CURVE('',#1396,#1429,#1431,.T.);
#1429 = VERTEX_POINT('',#1430);
#1430 = CARTESIAN_POINT('',(-18.5,18.624335258298,65.7176));
#1431 = SURFACE_CURVE('',#1432,(#1436,#1443),.PCURVE_S1.);
#1432 = LINE('',#1433,#1434);
#1433 = CARTESIAN_POINT('',(-18.5,213.82,65.7176));
#1434 = VECTOR('',#1435,1.);
#1435 = DIRECTION('',(7.395570986447E-32,-1.,2.331468351713E-15));
#1436 = PCURVE('',#31,#1437);
#1437 = DEFINITIONAL_REPRESENTATION('',(#1438),#1442);
#1438 = LINE('',#1439,#1440);
#1439 = CARTESIAN_POINT('',(-6.35,-111.7502356816));
#1440 = VECTOR('',#1441,1.);
#1441 = DIRECTION('',(-2.6645352591E-15,1.));
#1442 = ( GEOMETRIC_REPRESENTATION_CONTEXT(2) 
PARAMETRIC_REPRESENTATION_CONTEXT() REPRESENTATION_CONTEXT('2D SPACE',''
  ) );
#1443 = PCURVE('',#1444,#1449);
#1444 = PLANE('',#1445);
#1445 = AXIS2_PLACEMENT_3D('',#1446,#1447,#1448);
#1446 = CARTESIAN_POINT('',(-18.5,213.82,65.7176));
#1447 = DIRECTION('',(-7.771561172376E-16,3.330669073875E-16,-1.));
#1448 = DIRECTION('',(-1.972152263053E-31,1.,-1.887379141863E-15));
#1449 = DEFINITIONAL_REPRESENTATION('',(#1450),#1454);
#1450 = LINE('',#1451,#1452);
#1451 = CARTESIAN_POINT('',(2.273736754432E-13,-1.7763568394E-14));
#1452 = VECTOR('',#1453,1.);
#1453 = DIRECTION('',(-1.,-8.881784197001E-16));
#1454 = ( GEOMETRIC_REPRESENTATION_CONTEXT(2) 
PARAMETRIC_REPRESENTATION_CONTEXT() REPRESENTATION_CONTEXT('2D SPACE',''
  ) );
#1455 = ORIENTED_EDGE('',*,*,#1456,.T.);
#1456 = EDGE_CURVE('',#1429,#1457,#1459,.T.);
#1457 = VERTEX_POINT('',#1458);
#1458 = CARTESIAN_POINT('',(-18.5,17.884753425683,65.553638669091));
#1459 = SURFACE_CURVE('',#1460,(#1465,#1476),.PCURVE_S1.);
#1460 = CIRCLE('',#1461,1.75);
#1461 = AXIS2_PLACEMENT_3D('',#1462,#1463,#1464);
#1462 = CARTESIAN_POINT('',(-18.5,18.624335294139,63.9676));
#1463 = DIRECTION('',(1.,-8.628166150855E-32,-3.330669073875E-16));
#1464 = DIRECTION('',(-2.465190328816E-32,1.,-3.330669073875E-16));
#1465 = PCURVE('',#31,#1466);
#1466 = DEFINITIONAL_REPRESENTATION('',(#1467),#1475);
#1467 = ( BOUNDED_CURVE() B_SPLINE_CURVE(2,(#1468,#1469,#1470,#1471,
#1472,#1473,#1474),.UNSPECIFIED.,.T.,.F.) B_SPLINE_CURVE_WITH_KNOTS((1,2
    ,2,2,2,1),(-2.094395102393,0.,2.094395102393,4.188790204786,
6.28318530718,8.377580409573),.UNSPECIFIED.) CURVE() 
GEOMETRIC_REPRESENTATION_ITEM() RATIONAL_B_SPLINE_CURVE((1.,0.5,1.,0.5,
1.,0.5,1.)) REPRESENTATION_ITEM('') );
#1468 = CARTESIAN_POINT('',(-4.6,81.695429024261));
#1469 = CARTESIAN_POINT('',(-7.631088913246,81.695429024261));
#1470 = CARTESIAN_POINT('',(-6.115544456623,84.320429024261));
#1471 = CARTESIAN_POINT('',(-4.6,86.945429024261));
#1472 = CARTESIAN_POINT('',(-3.084455543377,84.320429024261));
#1473 = CARTESIAN_POINT('',(-1.568911086755,81.695429024261));
#1474 = CARTESIAN_POINT('',(-4.6,81.695429024261));
#1475 = ( GEOMETRIC_REPRESENTATION_CONTEXT(2) 
PARAMETRIC_REPRESENTATION_CONTEXT() REPRESENTATION_CONTEXT('2D SPACE',''
  ) );
#1476 = PCURVE('',#1477,#1482);
#1477 = CYLINDRICAL_SURFACE('',#1478,1.75);
#1478 = AXIS2_PLACEMENT_3D('',#1479,#1480,#1481);
#1479 = CARTESIAN_POINT('',(-246.1677336141,18.624335294139,63.9676));
#1480 = DIRECTION('',(-1.,8.628166150855E-32,3.330669073875E-16));
#1481 = DIRECTION('',(-2.465190328816E-32,1.,-3.330669073875E-16));
#1482 = DEFINITIONAL_REPRESENTATION('',(#1483),#1487);
#1483 = LINE('',#1484,#1485);
#1484 = CARTESIAN_POINT('',(-0.,-227.6677336141));
#1485 = VECTOR('',#1486,1.);
#1486 = DIRECTION('',(-1.,0.));
#1487 = ( GEOMETRIC_REPRESENTATION_CONTEXT(2) 
PARAMETRIC_REPRESENTATION_CONTEXT() REPRESENTATION_CONTEXT('2D SPACE',''
  ) );
#1488 = ORIENTED_EDGE('',*,*,#1489,.F.);
#1489 = EDGE_CURVE('',#1490,#1457,#1492,.T.);
#1490 = VERTEX_POINT('',#1491);
#1491 = CARTESIAN_POINT('',(-18.5,9.509573302778,61.648228039353));
#1492 = SURFACE_CURVE('',#1493,(#1497,#1504),.PCURVE_S1.);
#1493 = LINE('',#1494,#1495);
#1494 = CARTESIAN_POINT('',(-18.5,47.086991431357,79.170865886401));
#1495 = VECTOR('',#1496,1.);
#1496 = DIRECTION('',(-4.629621060956E-16,0.906307787037,0.422618261741)
  );
#1497 = PCURVE('',#31,#1498);
#1498 = DEFINITIONAL_REPRESENTATION('',(#1499),#1503);
#1499 = LINE('',#1500,#1501);
#1500 = CARTESIAN_POINT('',(-19.8032658864,54.982772887043));
#1501 = VECTOR('',#1502,1.);
#1502 = DIRECTION('',(-0.422618261741,-0.906307787037));
#1503 = ( GEOMETRIC_REPRESENTATION_CONTEXT(2) 
PARAMETRIC_REPRESENTATION_CONTEXT() REPRESENTATION_CONTEXT('2D SPACE',''
  ) );
#1504 = PCURVE('',#1505,#1510);
#1505 = PLANE('',#1506);
#1506 = AXIS2_PLACEMENT_3D('',#1507,#1508,#1509);
#1507 = CARTESIAN_POINT('',(-246.1677336141,9.509573302778,
    61.648228039353));
#1508 = DIRECTION('',(-1.944604822188E-16,0.422618261741,-0.906307787037
    ));
#1509 = DIRECTION('',(-1.407601574435E-16,-0.906307787037,
    -0.422618261741));
#1510 = DEFINITIONAL_REPRESENTATION('',(#1511),#1515);
#1511 = LINE('',#1512,#1513);
#1512 = CARTESIAN_POINT('',(-41.46209341469,-227.6677336141));
#1513 = VECTOR('',#1514,1.);
#1514 = DIRECTION('',(-1.,6.037222635391E-16));
#1515 = ( GEOMETRIC_REPRESENTATION_CONTEXT(2) 
PARAMETRIC_REPRESENTATION_CONTEXT() REPRESENTATION_CONTEXT('2D SPACE',''
  ) );
#1516 = ORIENTED_EDGE('',*,*,#1517,.F.);
#1517 = EDGE_CURVE('',#1518,#1490,#1520,.T.);
#1518 = VERTEX_POINT('',#1519);
#1519 = CARTESIAN_POINT('',(-18.5,8.77,61.484266666677));
#1520 = SURFACE_CURVE('',#1521,(#1526,#1537),.PCURVE_S1.);
#1521 = CIRCLE('',#1522,1.75);
#1522 = AXIS2_PLACEMENT_3D('',#1523,#1524,#1525);
#1523 = CARTESIAN_POINT('',(-18.5,8.769991344732,63.234266666667));
#1524 = DIRECTION('',(1.,-8.628166150855E-32,-3.330669073875E-16));
#1525 = DIRECTION('',(-2.465190328816E-32,1.,-3.330669073875E-16));
#1526 = PCURVE('',#31,#1527);
#1527 = DEFINITIONAL_REPRESENTATION('',(#1528),#1536);
#1528 = ( BOUNDED_CURVE() B_SPLINE_CURVE(2,(#1529,#1530,#1531,#1532,
#1533,#1534,#1535),.UNSPECIFIED.,.T.,.F.) B_SPLINE_CURVE_WITH_KNOTS((1,2
    ,2,2,2,1),(-2.094395102393,0.,2.094395102393,4.188790204786,
6.28318530718,8.377580409573),.UNSPECIFIED.) CURVE() 
GEOMETRIC_REPRESENTATION_ITEM() RATIONAL_B_SPLINE_CURVE((1.,0.5,1.,0.5,
1.,0.5,1.)) REPRESENTATION_ITEM('') );
#1529 = CARTESIAN_POINT('',(-3.866666666667,91.549772973668));
#1530 = CARTESIAN_POINT('',(-6.897755579912,91.549772973668));
#1531 = CARTESIAN_POINT('',(-5.38221112329,94.174772973668));
#1532 = CARTESIAN_POINT('',(-3.866666666667,96.799772973668));
#1533 = CARTESIAN_POINT('',(-2.351122210044,94.174772973668));
#1534 = CARTESIAN_POINT('',(-0.835577753421,91.549772973668));
#1535 = CARTESIAN_POINT('',(-3.866666666667,91.549772973668));
#1536 = ( GEOMETRIC_REPRESENTATION_CONTEXT(2) 
PARAMETRIC_REPRESENTATION_CONTEXT() REPRESENTATION_CONTEXT('2D SPACE',''
  ) );
#1537 = PCURVE('',#1538,#1543);
#1538 = CYLINDRICAL_SURFACE('',#1539,1.75);
#1539 = AXIS2_PLACEMENT_3D('',#1540,#1541,#1542);
#1540 = CARTESIAN_POINT('',(-246.1677336141,8.769991344732,
    63.234266666667));
#1541 = DIRECTION('',(-1.,8.628166150855E-32,3.330669073875E-16));
#1542 = DIRECTION('',(-2.465190328816E-32,1.,-3.330669073875E-16));
#1543 = DEFINITIONAL_REPRESENTATION('',(#1544),#1548);
#1544 = LINE('',#1545,#1546);
#1545 = CARTESIAN_POINT('',(-0.,-227.6677336141));
#1546 = VECTOR('',#1547,1.);
#1547 = DIRECTION('',(-1.,0.));
#1548 = ( GEOMETRIC_REPRESENTATION_CONTEXT(2) 
PARAMETRIC_REPRESENTATION_CONTEXT() REPRESENTATION_CONTEXT('2D SPACE',''
  ) );
#1549 = ORIENTED_EDGE('',*,*,#1550,.F.);
#1550 = EDGE_CURVE('',#1551,#1518,#1553,.T.);
#1551 = VERTEX_POINT('',#1552);
#1552 = CARTESIAN_POINT('',(-18.5,5.7575,61.484266666667));
#1553 = SURFACE_CURVE('',#1554,(#1558,#1565),.PCURVE_S1.);
#1554 = LINE('',#1555,#1556);
#1555 = CARTESIAN_POINT('',(-18.5,53.9136321592,61.484266666667));
#1556 = VECTOR('',#1557,1.);
#1557 = DIRECTION('',(-6.661338147751E-16,1.,-3.330669073875E-16));
#1558 = PCURVE('',#31,#1559);
#1559 = DEFINITIONAL_REPRESENTATION('',(#1560),#1564);
#1560 = LINE('',#1561,#1562);
#1561 = CARTESIAN_POINT('',(-2.116666666667,48.1561321592));
#1562 = VECTOR('',#1563,1.);
#1563 = DIRECTION('',(1.33226762955E-15,-1.));
#1564 = ( GEOMETRIC_REPRESENTATION_CONTEXT(2) 
PARAMETRIC_REPRESENTATION_CONTEXT() REPRESENTATION_CONTEXT('2D SPACE',''
  ) );
#1565 = PCURVE('',#1566,#1571);
#1566 = PLANE('',#1567);
#1567 = AXIS2_PLACEMENT_3D('',#1568,#1569,#1570);
#1568 = CARTESIAN_POINT('',(-246.1677336141,5.7575,61.484266666667));
#1569 = DIRECTION('',(-1.110223024625E-16,-3.330669073875E-16,-1.));
#1570 = DIRECTION('',(2.465190328816E-32,-1.,3.330669073875E-16));
#1571 = DEFINITIONAL_REPRESENTATION('',(#1572),#1576);
#1572 = LINE('',#1573,#1574);
#1573 = CARTESIAN_POINT('',(-48.1561321592,-227.6677336141));
#1574 = VECTOR('',#1575,1.);
#1575 = DIRECTION('',(-1.,6.661338147751E-16));
#1576 = ( GEOMETRIC_REPRESENTATION_CONTEXT(2) 
PARAMETRIC_REPRESENTATION_CONTEXT() REPRESENTATION_CONTEXT('2D SPACE',''
  ) );
#1577 = ORIENTED_EDGE('',*,*,#1578,.F.);
#1578 = EDGE_CURVE('',#1579,#1551,#1581,.T.);
#1579 = VERTEX_POINT('',#1580);
#1580 = CARTESIAN_POINT('',(-18.5,4.0075,63.234266666667));
#1581 = SURFACE_CURVE('',#1582,(#1587,#1598),.PCURVE_S1.);
#1582 = CIRCLE('',#1583,1.75);
#1583 = AXIS2_PLACEMENT_3D('',#1584,#1585,#1586);
#1584 = CARTESIAN_POINT('',(-18.5,5.7575,63.234266666667));
#1585 = DIRECTION('',(1.,-8.628166150855E-32,-3.330669073875E-16));
#1586 = DIRECTION('',(-2.465190328816E-32,1.,-3.330669073875E-16));
#1587 = PCURVE('',#31,#1588);
#1588 = DEFINITIONAL_REPRESENTATION('',(#1589),#1597);
#1589 = ( BOUNDED_CURVE() B_SPLINE_CURVE(2,(#1590,#1591,#1592,#1593,
#1594,#1595,#1596),.UNSPECIFIED.,.T.,.F.) B_SPLINE_CURVE_WITH_KNOTS((1,2
    ,2,2,2,1),(-2.094395102393,0.,2.094395102393,4.188790204786,
6.28318530718,8.377580409573),.UNSPECIFIED.) CURVE() 
GEOMETRIC_REPRESENTATION_ITEM() RATIONAL_B_SPLINE_CURVE((1.,0.5,1.,0.5,
1.,0.5,1.)) REPRESENTATION_ITEM('') );
#1590 = CARTESIAN_POINT('',(-3.866666666667,94.5622643184));
#1591 = CARTESIAN_POINT('',(-6.897755579912,94.5622643184));
#1592 = CARTESIAN_POINT('',(-5.38221112329,97.1872643184));
#1593 = CARTESIAN_POINT('',(-3.866666666667,99.8122643184));
#1594 = CARTESIAN_POINT('',(-2.351122210044,97.1872643184));
#1595 = CARTESIAN_POINT('',(-0.835577753421,94.5622643184));
#1596 = CARTESIAN_POINT('',(-3.866666666667,94.5622643184));
#1597 = ( GEOMETRIC_REPRESENTATION_CONTEXT(2) 
PARAMETRIC_REPRESENTATION_CONTEXT() REPRESENTATION_CONTEXT('2D SPACE',''
  ) );
#1598 = PCURVE('',#1599,#1604);
#1599 = CYLINDRICAL_SURFACE('',#1600,1.75);
#1600 = AXIS2_PLACEMENT_3D('',#1601,#1602,#1603);
#1601 = CARTESIAN_POINT('',(-246.1677336141,5.7575,63.234266666667));
#1602 = DIRECTION('',(-1.,8.628166150855E-32,3.330669073875E-16));
#1603 = DIRECTION('',(-2.465190328816E-32,1.,-3.330669073875E-16));
#1604 = DEFINITIONAL_REPRESENTATION('',(#1605),#1609);
#1605 = LINE('',#1606,#1607);
#1606 = CARTESIAN_POINT('',(-0.,-227.6677336141));
#1607 = VECTOR('',#1608,1.);
#1608 = DIRECTION('',(-1.,0.));
#1609 = ( GEOMETRIC_REPRESENTATION_CONTEXT(2) 
PARAMETRIC_REPRESENTATION_CONTEXT() REPRESENTATION_CONTEXT('2D SPACE',''
  ) );
#1610 = ORIENTED_EDGE('',*,*,#1611,.F.);
#1611 = EDGE_CURVE('',#62,#1579,#1612,.T.);
#1612 = SURFACE_CURVE('',#1613,(#1617,#1624),.PCURVE_S1.);
#1613 = LINE('',#1614,#1615);
#1614 = CARTESIAN_POINT('',(-18.5,4.0075,62.0426));
#1615 = VECTOR('',#1616,1.);
#1616 = DIRECTION('',(-3.330669073875E-16,-1.110223024625E-16,-1.));
#1617 = PCURVE('',#31,#1618);
#1618 = DEFINITIONAL_REPRESENTATION('',(#1619),#1623);
#1619 = LINE('',#1620,#1621);
#1620 = CARTESIAN_POINT('',(-2.675,98.0622643184));
#1621 = VECTOR('',#1622,1.);
#1622 = DIRECTION('',(1.,-2.22044604925E-15));
#1623 = ( GEOMETRIC_REPRESENTATION_CONTEXT(2) 
PARAMETRIC_REPRESENTATION_CONTEXT() REPRESENTATION_CONTEXT('2D SPACE',''
  ) );
#1624 = PCURVE('',#1625,#1630);
#1625 = PLANE('',#1626);
#1626 = AXIS2_PLACEMENT_3D('',#1627,#1628,#1629);
#1627 = CARTESIAN_POINT('',(-246.1677336141,4.0075,64.7176));
#1628 = DIRECTION('',(2.22044604925E-16,-1.,1.110223024625E-16));
#1629 = DIRECTION('',(3.330669073875E-16,1.110223024625E-16,1.));
#1630 = DEFINITIONAL_REPRESENTATION('',(#1631),#1635);
#1631 = LINE('',#1632,#1633);
#1632 = CARTESIAN_POINT('',(-2.675,-227.6677336141));
#1633 = VECTOR('',#1634,1.);
#1634 = DIRECTION('',(-1.,2.465190328816E-31));
#1635 = ( GEOMETRIC_REPRESENTATION_CONTEXT(2) 
PARAMETRIC_REPRESENTATION_CONTEXT() REPRESENTATION_CONTEXT('2D SPACE',''
  ) );
#1636 = FACE_BOUND('',#1637,.T.);
#1637 = EDGE_LOOP('',(#1638));
#1638 = ORIENTED_EDGE('',*,*,#1639,.F.);
#1639 = EDGE_CURVE('',#1640,#1640,#1642,.T.);
#1640 = VERTEX_POINT('',#1641);
#1641 = CARTESIAN_POINT('',(-18.5,-4.,59.3676));
#1642 = SURFACE_CURVE('',#1643,(#1648,#1659),.PCURVE_S1.);
#1643 = CIRCLE('',#1644,1.59);
#1644 = AXIS2_PLACEMENT_3D('',#1645,#1646,#1647);
#1645 = CARTESIAN_POINT('',(-18.5,-5.59,59.3676));
#1646 = DIRECTION('',(1.,-2.255649150866E-30,-9.992007221626E-16));
#1647 = DIRECTION('',(-7.395570986447E-32,1.,-2.331468351713E-15));
#1648 = PCURVE('',#31,#1649);
#1649 = DEFINITIONAL_REPRESENTATION('',(#1650),#1658);
#1650 = ( BOUNDED_CURVE() B_SPLINE_CURVE(2,(#1651,#1652,#1653,#1654,
#1655,#1656,#1657),.UNSPECIFIED.,.T.,.F.) B_SPLINE_CURVE_WITH_KNOTS((1,2
    ,2,2,2,1),(-2.094395102393,0.,2.094395102393,4.188790204786,
6.28318530718,8.377580409573),.UNSPECIFIED.) CURVE() 
GEOMETRIC_REPRESENTATION_ITEM() RATIONAL_B_SPLINE_CURVE((1.,0.5,1.,0.5,
1.,0.5,1.)) REPRESENTATION_ITEM('') );
#1651 = CARTESIAN_POINT('',(-2.835617748945E-13,106.0697643184));
#1652 = CARTESIAN_POINT('',(-2.753960784035,106.0697643184));
#1653 = CARTESIAN_POINT('',(-1.376980392018,108.4547643184));
#1654 = CARTESIAN_POINT('',(-2.966610457625E-13,110.8397643184));
#1655 = CARTESIAN_POINT('',(1.376980392017,108.4547643184));
#1656 = CARTESIAN_POINT('',(2.753960784034,106.0697643184));
#1657 = CARTESIAN_POINT('',(-2.835617748945E-13,106.0697643184));
#1658 = ( GEOMETRIC_REPRESENTATION_CONTEXT(2) 
PARAMETRIC_REPRESENTATION_CONTEXT() REPRESENTATION_CONTEXT('2D SPACE',''
  ) );
#1659 = PCURVE('',#1660,#1665);
#1660 = CYLINDRICAL_SURFACE('',#1661,1.59);
#1661 = AXIS2_PLACEMENT_3D('',#1662,#1663,#1664);
#1662 = CARTESIAN_POINT('',(-18.5,-5.59,59.3676));
#1663 = DIRECTION('',(1.,4.440892098501E-16,-5.551115123126E-16));
#1664 = DIRECTION('',(-1.972152263053E-31,1.,-1.887379141863E-15));
#1665 = DEFINITIONAL_REPRESENTATION('',(#1666),#1670);
#1666 = LINE('',#1667,#1668);
#1667 = CARTESIAN_POINT('',(0.,0.));
#1668 = VECTOR('',#1669,1.);
#1669 = DIRECTION('',(1.,0.));
#1670 = ( GEOMETRIC_REPRESENTATION_CONTEXT(2) 
PARAMETRIC_REPRESENTATION_CONTEXT() REPRESENTATION_CONTEXT('2D SPACE',''
  ) );
#1671 = ADVANCED_FACE('',(#1672),#47,.F.);
#1672 = FACE_BOUND('',#1673,.T.);
#1673 = EDGE_LOOP('',(#1674,#1697,#1698,#1699));
#1674 = ORIENTED_EDGE('',*,*,#1675,.F.);
#1675 = EDGE_CURVE('',#22,#1676,#1678,.T.);
#1676 = VERTEX_POINT('',#1677);
#1677 = CARTESIAN_POINT('',(-21.0606,208.62,59.3676));
#1678 = SEAM_CURVE('',#1679,(#1683,#1690),.PCURVE_S1.);
#1679 = LINE('',#1680,#1681);
#1680 = CARTESIAN_POINT('',(-21.0606,208.62,59.3676));
#1681 = VECTOR('',#1682,1.);
#1682 = DIRECTION('',(-0.707106781187,-0.707106781187,
    -1.969442062306E-14));
#1683 = PCURVE('',#47,#1684);
#1684 = DEFINITIONAL_REPRESENTATION('',(#1685),#1689);
#1685 = LINE('',#1686,#1687);
#1686 = CARTESIAN_POINT('',(0.,-0.));
#1687 = VECTOR('',#1688,1.);
#1688 = DIRECTION('',(0.,-1.));
#1689 = ( GEOMETRIC_REPRESENTATION_CONTEXT(2) 
PARAMETRIC_REPRESENTATION_CONTEXT() REPRESENTATION_CONTEXT('2D SPACE',''
  ) );
#1690 = PCURVE('',#47,#1691);
#1691 = DEFINITIONAL_REPRESENTATION('',(#1692),#1696);
#1692 = LINE('',#1693,#1694);
#1693 = CARTESIAN_POINT('',(6.28318530718,-0.));
#1694 = VECTOR('',#1695,1.);
#1695 = DIRECTION('',(0.,-1.));
#1696 = ( GEOMETRIC_REPRESENTATION_CONTEXT(2) 
PARAMETRIC_REPRESENTATION_CONTEXT() REPRESENTATION_CONTEXT('2D SPACE',''
  ) );
#1697 = ORIENTED_EDGE('',*,*,#21,.T.);
#1698 = ORIENTED_EDGE('',*,*,#1675,.T.);
#1699 = ORIENTED_EDGE('',*,*,#1700,.F.);
#1700 = EDGE_CURVE('',#1676,#1676,#1701,.T.);
#1701 = SURFACE_CURVE('',#1702,(#1707,#1714),.PCURVE_S1.);
#1702 = CIRCLE('',#1703,2.3);
#1703 = AXIS2_PLACEMENT_3D('',#1704,#1705,#1706);
#1704 = CARTESIAN_POINT('',(-21.0606,206.32,59.3676));
#1705 = DIRECTION('',(1.,-5.916456789158E-31,-9.992007221626E-16));
#1706 = DIRECTION('',(2.941990293065E-29,1.,2.885131747037E-14));
#1707 = PCURVE('',#47,#1708);
#1708 = DEFINITIONAL_REPRESENTATION('',(#1709),#1713);
#1709 = LINE('',#1710,#1711);
#1710 = CARTESIAN_POINT('',(0.,-0.));
#1711 = VECTOR('',#1712,1.);
#1712 = DIRECTION('',(1.,-0.));
#1713 = ( GEOMETRIC_REPRESENTATION_CONTEXT(2) 
PARAMETRIC_REPRESENTATION_CONTEXT() REPRESENTATION_CONTEXT('2D SPACE',''
  ) );
#1714 = PCURVE('',#1715,#1720);
#1715 = CYLINDRICAL_SURFACE('',#1716,2.3);
#1716 = AXIS2_PLACEMENT_3D('',#1717,#1718,#1719);
#1717 = CARTESIAN_POINT('',(-18.5,206.32,59.3676));
#1718 = DIRECTION('',(1.,4.440892098501E-16,-5.551115123126E-16));
#1719 = DIRECTION('',(-1.972152263053E-31,1.,-1.887379141863E-15));
#1720 = DEFINITIONAL_REPRESENTATION('',(#1721),#1725);
#1721 = LINE('',#1722,#1723);
#1722 = CARTESIAN_POINT('',(0.,-2.5606));
#1723 = VECTOR('',#1724,1.);
#1724 = DIRECTION('',(1.,0.));
#1725 = ( GEOMETRIC_REPRESENTATION_CONTEXT(2) 
PARAMETRIC_REPRESENTATION_CONTEXT() REPRESENTATION_CONTEXT('2D SPACE',''
  ) );
#1726 = ADVANCED_FACE('',(#1727),#84,.T.);
#1727 = FACE_BOUND('',#1728,.F.);
#1728 = EDGE_LOOP('',(#1729,#1764,#1785,#1786));
#1729 = ORIENTED_EDGE('',*,*,#1730,.F.);
#1730 = EDGE_CURVE('',#1731,#1733,#1735,.T.);
#1731 = VERTEX_POINT('',#1732);
#1732 = CARTESIAN_POINT('',(-23.5,4.0075,64.7176));
#1733 = VERTEX_POINT('',#1734);
#1734 = CARTESIAN_POINT('',(-23.5,3.0075,65.7176));
#1735 = SURFACE_CURVE('',#1736,(#1741,#1748),.PCURVE_S1.);
#1736 = CIRCLE('',#1737,1.);
#1737 = AXIS2_PLACEMENT_3D('',#1738,#1739,#1740);
#1738 = CARTESIAN_POINT('',(-23.5,3.0075,64.7176));
#1739 = DIRECTION('',(1.,-8.628166150855E-32,-3.330669073875E-16));
#1740 = DIRECTION('',(-2.465190328816E-32,1.,-3.330669073875E-16));
#1741 = PCURVE('',#84,#1742);
#1742 = DEFINITIONAL_REPRESENTATION('',(#1743),#1747);
#1743 = LINE('',#1744,#1745);
#1744 = CARTESIAN_POINT('',(-0.,-222.6677336141));
#1745 = VECTOR('',#1746,1.);
#1746 = DIRECTION('',(-1.,0.));
#1747 = ( GEOMETRIC_REPRESENTATION_CONTEXT(2) 
PARAMETRIC_REPRESENTATION_CONTEXT() REPRESENTATION_CONTEXT('2D SPACE',''
  ) );
#1748 = PCURVE('',#1749,#1754);
#1749 = PLANE('',#1750);
#1750 = AXIS2_PLACEMENT_3D('',#1751,#1752,#1753);
#1751 = CARTESIAN_POINT('',(-23.5,102.0697643184,59.3676));
#1752 = DIRECTION('',(-1.,-6.661338147751E-16,3.330669073875E-16));
#1753 = DIRECTION('',(-9.992007221626E-16,9.992007221626E-16,-1.));
#1754 = DEFINITIONAL_REPRESENTATION('',(#1755),#1763);
#1755 = ( BOUNDED_CURVE() B_SPLINE_CURVE(2,(#1756,#1757,#1758,#1759,
#1760,#1761,#1762),.UNSPECIFIED.,.T.,.F.) B_SPLINE_CURVE_WITH_KNOTS((1,2
    ,2,2,2,1),(-2.094395102393,0.,2.094395102393,4.188790204786,
6.28318530718,8.377580409573),.UNSPECIFIED.) CURVE() 
GEOMETRIC_REPRESENTATION_ITEM() RATIONAL_B_SPLINE_CURVE((1.,0.5,1.,0.5,
1.,0.5,1.)) REPRESENTATION_ITEM('') );
#1756 = CARTESIAN_POINT('',(-5.35,98.0622643184));
#1757 = CARTESIAN_POINT('',(-7.082050807569,98.0622643184));
#1758 = CARTESIAN_POINT('',(-6.216025403785,99.5622643184));
#1759 = CARTESIAN_POINT('',(-5.35,101.0622643184));
#1760 = CARTESIAN_POINT('',(-4.483974596216,99.5622643184));
#1761 = CARTESIAN_POINT('',(-3.617949192431,98.0622643184));
#1762 = CARTESIAN_POINT('',(-5.35,98.0622643184));
#1763 = ( GEOMETRIC_REPRESENTATION_CONTEXT(2) 
PARAMETRIC_REPRESENTATION_CONTEXT() REPRESENTATION_CONTEXT('2D SPACE',''
  ) );
#1764 = ORIENTED_EDGE('',*,*,#1765,.T.);
#1765 = EDGE_CURVE('',#1731,#62,#1766,.T.);
#1766 = SURFACE_CURVE('',#1767,(#1771,#1778),.PCURVE_S1.);
#1767 = LINE('',#1768,#1769);
#1768 = CARTESIAN_POINT('',(-246.1677336141,4.0075,64.7176));
#1769 = VECTOR('',#1770,1.);
#1770 = DIRECTION('',(1.,2.22044604925E-16,-1.110223024625E-16));
#1771 = PCURVE('',#84,#1772);
#1772 = DEFINITIONAL_REPRESENTATION('',(#1773),#1777);
#1773 = LINE('',#1774,#1775);
#1774 = CARTESIAN_POINT('',(-1.114423774522E-16,0.));
#1775 = VECTOR('',#1776,1.);
#1776 = DIRECTION('',(-0.,-1.));
#1777 = ( GEOMETRIC_REPRESENTATION_CONTEXT(2) 
PARAMETRIC_REPRESENTATION_CONTEXT() REPRESENTATION_CONTEXT('2D SPACE',''
  ) );
#1778 = PCURVE('',#1625,#1779);
#1779 = DEFINITIONAL_REPRESENTATION('',(#1780),#1784);
#1780 = LINE('',#1781,#1782);
#1781 = CARTESIAN_POINT('',(0.,-0.));
#1782 = VECTOR('',#1783,1.);
#1783 = DIRECTION('',(2.22044604925E-16,-1.));
#1784 = ( GEOMETRIC_REPRESENTATION_CONTEXT(2) 
PARAMETRIC_REPRESENTATION_CONTEXT() REPRESENTATION_CONTEXT('2D SPACE',''
  ) );
#1785 = ORIENTED_EDGE('',*,*,#61,.T.);
#1786 = ORIENTED_EDGE('',*,*,#1787,.F.);
#1787 = EDGE_CURVE('',#1733,#64,#1788,.T.);
#1788 = SURFACE_CURVE('',#1789,(#1793,#1800),.PCURVE_S1.);
#1789 = LINE('',#1790,#1791);
#1790 = CARTESIAN_POINT('',(-246.1677336141,3.0075,65.7176));
#1791 = VECTOR('',#1792,1.);
#1792 = DIRECTION('',(1.,2.22044604925E-16,-1.110223024625E-16));
#1793 = PCURVE('',#84,#1794);
#1794 = DEFINITIONAL_REPRESENTATION('',(#1795),#1799);
#1795 = LINE('',#1796,#1797);
#1796 = CARTESIAN_POINT('',(-1.570796326795,0.));
#1797 = VECTOR('',#1798,1.);
#1798 = DIRECTION('',(-0.,-1.));
#1799 = ( GEOMETRIC_REPRESENTATION_CONTEXT(2) 
PARAMETRIC_REPRESENTATION_CONTEXT() REPRESENTATION_CONTEXT('2D SPACE',''
  ) );
#1800 = PCURVE('',#112,#1801);
#1801 = DEFINITIONAL_REPRESENTATION('',(#1802),#1806);
#1802 = LINE('',#1803,#1804);
#1803 = CARTESIAN_POINT('',(-210.8125,-227.6677336141));
#1804 = VECTOR('',#1805,1.);
#1805 = DIRECTION('',(2.22044604925E-16,1.));
#1806 = ( GEOMETRIC_REPRESENTATION_CONTEXT(2) 
PARAMETRIC_REPRESENTATION_CONTEXT() REPRESENTATION_CONTEXT('2D SPACE',''
  ) );
#1807 = ADVANCED_FACE('',(#1808),#1625,.F.);
#1808 = FACE_BOUND('',#1809,.T.);
#1809 = EDGE_LOOP('',(#1810,#1833,#1834,#1835));
#1810 = ORIENTED_EDGE('',*,*,#1811,.F.);
#1811 = EDGE_CURVE('',#1731,#1812,#1814,.T.);
#1812 = VERTEX_POINT('',#1813);
#1813 = CARTESIAN_POINT('',(-23.5,4.0075,63.234266666667));
#1814 = SURFACE_CURVE('',#1815,(#1819,#1826),.PCURVE_S1.);
#1815 = LINE('',#1816,#1817);
#1816 = CARTESIAN_POINT('',(-23.5,4.0075,62.0426));
#1817 = VECTOR('',#1818,1.);
#1818 = DIRECTION('',(-3.330669073875E-16,-1.110223024625E-16,-1.));
#1819 = PCURVE('',#1625,#1820);
#1820 = DEFINITIONAL_REPRESENTATION('',(#1821),#1825);
#1821 = LINE('',#1822,#1823);
#1822 = CARTESIAN_POINT('',(-2.675,-222.6677336141));
#1823 = VECTOR('',#1824,1.);
#1824 = DIRECTION('',(-1.,2.465190328816E-31));
#1825 = ( GEOMETRIC_REPRESENTATION_CONTEXT(2) 
PARAMETRIC_REPRESENTATION_CONTEXT() REPRESENTATION_CONTEXT('2D SPACE',''
  ) );
#1826 = PCURVE('',#1749,#1827);
#1827 = DEFINITIONAL_REPRESENTATION('',(#1828),#1832);
#1828 = LINE('',#1829,#1830);
#1829 = CARTESIAN_POINT('',(-2.675,98.0622643184));
#1830 = VECTOR('',#1831,1.);
#1831 = DIRECTION('',(1.,-2.22044604925E-15));
#1832 = ( GEOMETRIC_REPRESENTATION_CONTEXT(2) 
PARAMETRIC_REPRESENTATION_CONTEXT() REPRESENTATION_CONTEXT('2D SPACE',''
  ) );
#1833 = ORIENTED_EDGE('',*,*,#1765,.T.);
#1834 = ORIENTED_EDGE('',*,*,#1611,.T.);
#1835 = ORIENTED_EDGE('',*,*,#1836,.F.);
#1836 = EDGE_CURVE('',#1812,#1579,#1837,.T.);
#1837 = SURFACE_CURVE('',#1838,(#1842,#1849),.PCURVE_S1.);
#1838 = LINE('',#1839,#1840);
#1839 = CARTESIAN_POINT('',(-246.1677336141,4.0075,63.234266666667));
#1840 = VECTOR('',#1841,1.);
#1841 = DIRECTION('',(1.,2.22044604925E-16,-1.110223024625E-16));
#1842 = PCURVE('',#1625,#1843);
#1843 = DEFINITIONAL_REPRESENTATION('',(#1844),#1848);
#1844 = LINE('',#1845,#1846);
#1845 = CARTESIAN_POINT('',(-1.483333333333,-4.940492459582E-16));
#1846 = VECTOR('',#1847,1.);
#1847 = DIRECTION('',(2.22044604925E-16,-1.));
#1848 = ( GEOMETRIC_REPRESENTATION_CONTEXT(2) 
PARAMETRIC_REPRESENTATION_CONTEXT() REPRESENTATION_CONTEXT('2D SPACE',''
  ) );
#1849 = PCURVE('',#1599,#1850);
#1850 = DEFINITIONAL_REPRESENTATION('',(#1851),#1855);
#1851 = LINE('',#1852,#1853);
#1852 = CARTESIAN_POINT('',(-3.14159265359,0.));
#1853 = VECTOR('',#1854,1.);
#1854 = DIRECTION('',(-0.,-1.));
#1855 = ( GEOMETRIC_REPRESENTATION_CONTEXT(2) 
PARAMETRIC_REPRESENTATION_CONTEXT() REPRESENTATION_CONTEXT('2D SPACE',''
  ) );
#1856 = ADVANCED_FACE('',(#1857),#1599,.F.);
#1857 = FACE_BOUND('',#1858,.T.);
#1858 = EDGE_LOOP('',(#1859,#1887,#1888,#1889));
#1859 = ORIENTED_EDGE('',*,*,#1860,.F.);
#1860 = EDGE_CURVE('',#1812,#1861,#1863,.T.);
#1861 = VERTEX_POINT('',#1862);
#1862 = CARTESIAN_POINT('',(-23.5,5.7575,61.484266666667));
#1863 = SURFACE_CURVE('',#1864,(#1869,#1876),.PCURVE_S1.);
#1864 = CIRCLE('',#1865,1.75);
#1865 = AXIS2_PLACEMENT_3D('',#1866,#1867,#1868);
#1866 = CARTESIAN_POINT('',(-23.5,5.7575,63.234266666667));
#1867 = DIRECTION('',(1.,-8.628166150855E-32,-3.330669073875E-16));
#1868 = DIRECTION('',(-2.465190328816E-32,1.,-3.330669073875E-16));
#1869 = PCURVE('',#1599,#1870);
#1870 = DEFINITIONAL_REPRESENTATION('',(#1871),#1875);
#1871 = LINE('',#1872,#1873);
#1872 = CARTESIAN_POINT('',(-0.,-222.6677336141));
#1873 = VECTOR('',#1874,1.);
#1874 = DIRECTION('',(-1.,0.));
#1875 = ( GEOMETRIC_REPRESENTATION_CONTEXT(2) 
PARAMETRIC_REPRESENTATION_CONTEXT() REPRESENTATION_CONTEXT('2D SPACE',''
  ) );
#1876 = PCURVE('',#1749,#1877);
#1877 = DEFINITIONAL_REPRESENTATION('',(#1878),#1886);
#1878 = ( BOUNDED_CURVE() B_SPLINE_CURVE(2,(#1879,#1880,#1881,#1882,
#1883,#1884,#1885),.UNSPECIFIED.,.T.,.F.) B_SPLINE_CURVE_WITH_KNOTS((1,2
    ,2,2,2,1),(-2.094395102393,0.,2.094395102393,4.188790204786,
6.28318530718,8.377580409573),.UNSPECIFIED.) CURVE() 
GEOMETRIC_REPRESENTATION_ITEM() RATIONAL_B_SPLINE_CURVE((1.,0.5,1.,0.5,
1.,0.5,1.)) REPRESENTATION_ITEM('') );
#1879 = CARTESIAN_POINT('',(-3.866666666667,94.5622643184));
#1880 = CARTESIAN_POINT('',(-6.897755579912,94.5622643184));
#1881 = CARTESIAN_POINT('',(-5.38221112329,97.1872643184));
#1882 = CARTESIAN_POINT('',(-3.866666666667,99.8122643184));
#1883 = CARTESIAN_POINT('',(-2.351122210044,97.1872643184));
#1884 = CARTESIAN_POINT('',(-0.835577753421,94.5622643184));
#1885 = CARTESIAN_POINT('',(-3.866666666667,94.5622643184));
#1886 = ( GEOMETRIC_REPRESENTATION_CONTEXT(2) 
PARAMETRIC_REPRESENTATION_CONTEXT() REPRESENTATION_CONTEXT('2D SPACE',''
  ) );
#1887 = ORIENTED_EDGE('',*,*,#1836,.T.);
#1888 = ORIENTED_EDGE('',*,*,#1578,.T.);
#1889 = ORIENTED_EDGE('',*,*,#1890,.F.);
#1890 = EDGE_CURVE('',#1861,#1551,#1891,.T.);
#1891 = SURFACE_CURVE('',#1892,(#1896,#1903),.PCURVE_S1.);
#1892 = LINE('',#1893,#1894);
#1893 = CARTESIAN_POINT('',(-246.1677336141,5.7575,61.484266666667));
#1894 = VECTOR('',#1895,1.);
#1895 = DIRECTION('',(1.,2.22044604925E-16,-1.110223024625E-16));
#1896 = PCURVE('',#1599,#1897);
#1897 = DEFINITIONAL_REPRESENTATION('',(#1898),#1902);
#1898 = LINE('',#1899,#1900);
#1899 = CARTESIAN_POINT('',(-4.712388980385,0.));
#1900 = VECTOR('',#1901,1.);
#1901 = DIRECTION('',(-0.,-1.));
#1902 = ( GEOMETRIC_REPRESENTATION_CONTEXT(2) 
PARAMETRIC_REPRESENTATION_CONTEXT() REPRESENTATION_CONTEXT('2D SPACE',''
  ) );
#1903 = PCURVE('',#1566,#1904);
#1904 = DEFINITIONAL_REPRESENTATION('',(#1905),#1909);
#1905 = LINE('',#1906,#1907);
#1906 = CARTESIAN_POINT('',(-0.,0.));
#1907 = VECTOR('',#1908,1.);
#1908 = DIRECTION('',(-2.22044604925E-16,-1.));
#1909 = ( GEOMETRIC_REPRESENTATION_CONTEXT(2) 
PARAMETRIC_REPRESENTATION_CONTEXT() REPRESENTATION_CONTEXT('2D SPACE',''
  ) );
#1910 = ADVANCED_FACE('',(#1911),#1566,.F.);
#1911 = FACE_BOUND('',#1912,.T.);
#1912 = EDGE_LOOP('',(#1913,#1936,#1937,#1938));
#1913 = ORIENTED_EDGE('',*,*,#1914,.F.);
#1914 = EDGE_CURVE('',#1861,#1915,#1917,.T.);
#1915 = VERTEX_POINT('',#1916);
#1916 = CARTESIAN_POINT('',(-23.5,8.77,61.484266666677));
#1917 = SURFACE_CURVE('',#1918,(#1922,#1929),.PCURVE_S1.);
#1918 = LINE('',#1919,#1920);
#1919 = CARTESIAN_POINT('',(-23.5,53.9136321592,61.484266666667));
#1920 = VECTOR('',#1921,1.);
#1921 = DIRECTION('',(-6.661338147751E-16,1.,-3.330669073875E-16));
#1922 = PCURVE('',#1566,#1923);
#1923 = DEFINITIONAL_REPRESENTATION('',(#1924),#1928);
#1924 = LINE('',#1925,#1926);
#1925 = CARTESIAN_POINT('',(-48.1561321592,-222.6677336141));
#1926 = VECTOR('',#1927,1.);
#1927 = DIRECTION('',(-1.,6.661338147751E-16));
#1928 = ( GEOMETRIC_REPRESENTATION_CONTEXT(2) 
PARAMETRIC_REPRESENTATION_CONTEXT() REPRESENTATION_CONTEXT('2D SPACE',''
  ) );
#1929 = PCURVE('',#1749,#1930);
#1930 = DEFINITIONAL_REPRESENTATION('',(#1931),#1935);
#1931 = LINE('',#1932,#1933);
#1932 = CARTESIAN_POINT('',(-2.116666666667,48.1561321592));
#1933 = VECTOR('',#1934,1.);
#1934 = DIRECTION('',(1.33226762955E-15,-1.));
#1935 = ( GEOMETRIC_REPRESENTATION_CONTEXT(2) 
PARAMETRIC_REPRESENTATION_CONTEXT() REPRESENTATION_CONTEXT('2D SPACE',''
  ) );
#1936 = ORIENTED_EDGE('',*,*,#1890,.T.);
#1937 = ORIENTED_EDGE('',*,*,#1550,.T.);
#1938 = ORIENTED_EDGE('',*,*,#1939,.F.);
#1939 = EDGE_CURVE('',#1915,#1518,#1940,.T.);
#1940 = SURFACE_CURVE('',#1941,(#1945,#1952),.PCURVE_S1.);
#1941 = LINE('',#1942,#1943);
#1942 = CARTESIAN_POINT('',(-246.1677336141,8.77,61.484266666677));
#1943 = VECTOR('',#1944,1.);
#1944 = DIRECTION('',(1.,2.22044604925E-16,-1.110223024625E-16));
#1945 = PCURVE('',#1566,#1946);
#1946 = DEFINITIONAL_REPRESENTATION('',(#1947),#1951);
#1947 = LINE('',#1948,#1949);
#1948 = CARTESIAN_POINT('',(-3.0125,3.713192932779E-32));
#1949 = VECTOR('',#1950,1.);
#1950 = DIRECTION('',(-2.22044604925E-16,-1.));
#1951 = ( GEOMETRIC_REPRESENTATION_CONTEXT(2) 
PARAMETRIC_REPRESENTATION_CONTEXT() REPRESENTATION_CONTEXT('2D SPACE',''
  ) );
#1952 = PCURVE('',#1538,#1953);
#1953 = DEFINITIONAL_REPRESENTATION('',(#1954),#1958);
#1954 = LINE('',#1955,#1956);
#1955 = CARTESIAN_POINT('',(-4.712393926252,0.));
#1956 = VECTOR('',#1957,1.);
#1957 = DIRECTION('',(-0.,-1.));
#1958 = ( GEOMETRIC_REPRESENTATION_CONTEXT(2) 
PARAMETRIC_REPRESENTATION_CONTEXT() REPRESENTATION_CONTEXT('2D SPACE',''
  ) );
#1959 = ADVANCED_FACE('',(#1960),#1538,.F.);
#1960 = FACE_BOUND('',#1961,.T.);
#1961 = EDGE_LOOP('',(#1962,#1990,#1991,#1992));
#1962 = ORIENTED_EDGE('',*,*,#1963,.F.);
#1963 = EDGE_CURVE('',#1915,#1964,#1966,.T.);
#1964 = VERTEX_POINT('',#1965);
#1965 = CARTESIAN_POINT('',(-23.5,9.509573302778,61.648228039353));
#1966 = SURFACE_CURVE('',#1967,(#1972,#1979),.PCURVE_S1.);
#1967 = CIRCLE('',#1968,1.75);
#1968 = AXIS2_PLACEMENT_3D('',#1969,#1970,#1971);
#1969 = CARTESIAN_POINT('',(-23.5,8.769991344732,63.234266666667));
#1970 = DIRECTION('',(1.,-8.628166150855E-32,-3.330669073875E-16));
#1971 = DIRECTION('',(-2.465190328816E-32,1.,-3.330669073875E-16));
#1972 = PCURVE('',#1538,#1973);
#1973 = DEFINITIONAL_REPRESENTATION('',(#1974),#1978);
#1974 = LINE('',#1975,#1976);
#1975 = CARTESIAN_POINT('',(-0.,-222.6677336141));
#1976 = VECTOR('',#1977,1.);
#1977 = DIRECTION('',(-1.,0.));
#1978 = ( GEOMETRIC_REPRESENTATION_CONTEXT(2) 
PARAMETRIC_REPRESENTATION_CONTEXT() REPRESENTATION_CONTEXT('2D SPACE',''
  ) );
#1979 = PCURVE('',#1749,#1980);
#1980 = DEFINITIONAL_REPRESENTATION('',(#1981),#1989);
#1981 = ( BOUNDED_CURVE() B_SPLINE_CURVE(2,(#1982,#1983,#1984,#1985,
#1986,#1987,#1988),.UNSPECIFIED.,.T.,.F.) B_SPLINE_CURVE_WITH_KNOTS((1,2
    ,2,2,2,1),(-2.094395102393,0.,2.094395102393,4.188790204786,
6.28318530718,8.377580409573),.UNSPECIFIED.) CURVE() 
GEOMETRIC_REPRESENTATION_ITEM() RATIONAL_B_SPLINE_CURVE((1.,0.5,1.,0.5,
1.,0.5,1.)) REPRESENTATION_ITEM('') );
#1982 = CARTESIAN_POINT('',(-3.866666666667,91.549772973668));
#1983 = CARTESIAN_POINT('',(-6.897755579912,91.549772973668));
#1984 = CARTESIAN_POINT('',(-5.38221112329,94.174772973668));
#1985 = CARTESIAN_POINT('',(-3.866666666667,96.799772973668));
#1986 = CARTESIAN_POINT('',(-2.351122210044,94.174772973668));
#1987 = CARTESIAN_POINT('',(-0.835577753421,91.549772973668));
#1988 = CARTESIAN_POINT('',(-3.866666666667,91.549772973668));
#1989 = ( GEOMETRIC_REPRESENTATION_CONTEXT(2) 
PARAMETRIC_REPRESENTATION_CONTEXT() REPRESENTATION_CONTEXT('2D SPACE',''
  ) );
#1990 = ORIENTED_EDGE('',*,*,#1939,.T.);
#1991 = ORIENTED_EDGE('',*,*,#1517,.T.);
#1992 = ORIENTED_EDGE('',*,*,#1993,.F.);
#1993 = EDGE_CURVE('',#1964,#1490,#1994,.T.);
#1994 = SURFACE_CURVE('',#1995,(#1999,#2006),.PCURVE_S1.);
#1995 = LINE('',#1996,#1997);
#1996 = CARTESIAN_POINT('',(-246.1677336141,9.509573302778,
    61.648228039353));
#1997 = VECTOR('',#1998,1.);
#1998 = DIRECTION('',(1.,2.22044604925E-16,-1.110223024625E-16));
#1999 = PCURVE('',#1538,#2000);
#2000 = DEFINITIONAL_REPRESENTATION('',(#2001),#2005);
#2001 = LINE('',#2002,#2003);
#2002 = CARTESIAN_POINT('',(-5.148721293383,0.));
#2003 = VECTOR('',#2004,1.);
#2004 = DIRECTION('',(-0.,-1.));
#2005 = ( GEOMETRIC_REPRESENTATION_CONTEXT(2) 
PARAMETRIC_REPRESENTATION_CONTEXT() REPRESENTATION_CONTEXT('2D SPACE',''
  ) );
#2006 = PCURVE('',#1505,#2007);
#2007 = DEFINITIONAL_REPRESENTATION('',(#2008),#2012);
#2008 = LINE('',#2009,#2010);
#2009 = CARTESIAN_POINT('',(-0.,0.));
#2010 = VECTOR('',#2011,1.);
#2011 = DIRECTION('',(-2.950808594753E-16,-1.));
#2012 = ( GEOMETRIC_REPRESENTATION_CONTEXT(2) 
PARAMETRIC_REPRESENTATION_CONTEXT() REPRESENTATION_CONTEXT('2D SPACE',''
  ) );
#2013 = ADVANCED_FACE('',(#2014),#1505,.F.);
#2014 = FACE_BOUND('',#2015,.T.);
#2015 = EDGE_LOOP('',(#2016,#2039,#2040,#2041));
#2016 = ORIENTED_EDGE('',*,*,#2017,.F.);
#2017 = EDGE_CURVE('',#1964,#2018,#2020,.T.);
#2018 = VERTEX_POINT('',#2019);
#2019 = CARTESIAN_POINT('',(-23.5,17.884753425683,65.553638669091));
#2020 = SURFACE_CURVE('',#2021,(#2025,#2032),.PCURVE_S1.);
#2021 = LINE('',#2022,#2023);
#2022 = CARTESIAN_POINT('',(-23.5,47.086991431357,79.170865886401));
#2023 = VECTOR('',#2024,1.);
#2024 = DIRECTION('',(-4.629621060956E-16,0.906307787037,0.422618261741)
  );
#2025 = PCURVE('',#1505,#2026);
#2026 = DEFINITIONAL_REPRESENTATION('',(#2027),#2031);
#2027 = LINE('',#2028,#2029);
#2028 = CARTESIAN_POINT('',(-41.46209341469,-222.6677336141));
#2029 = VECTOR('',#2030,1.);
#2030 = DIRECTION('',(-1.,6.037222635391E-16));
#2031 = ( GEOMETRIC_REPRESENTATION_CONTEXT(2) 
PARAMETRIC_REPRESENTATION_CONTEXT() REPRESENTATION_CONTEXT('2D SPACE',''
  ) );
#2032 = PCURVE('',#1749,#2033);
#2033 = DEFINITIONAL_REPRESENTATION('',(#2034),#2038);
#2034 = LINE('',#2035,#2036);
#2035 = CARTESIAN_POINT('',(-19.8032658864,54.982772887043));
#2036 = VECTOR('',#2037,1.);
#2037 = DIRECTION('',(-0.422618261741,-0.906307787037));
#2038 = ( GEOMETRIC_REPRESENTATION_CONTEXT(2) 
PARAMETRIC_REPRESENTATION_CONTEXT() REPRESENTATION_CONTEXT('2D SPACE',''
  ) );
#2039 = ORIENTED_EDGE('',*,*,#1993,.T.);
#2040 = ORIENTED_EDGE('',*,*,#1489,.T.);
#2041 = ORIENTED_EDGE('',*,*,#2042,.F.);
#2042 = EDGE_CURVE('',#2018,#1457,#2043,.T.);
#2043 = SURFACE_CURVE('',#2044,(#2048,#2055),.PCURVE_S1.);
#2044 = LINE('',#2045,#2046);
#2045 = CARTESIAN_POINT('',(-246.1677336141,17.884753425683,
    65.553638669091));
#2046 = VECTOR('',#2047,1.);
#2047 = DIRECTION('',(1.,2.22044604925E-16,-1.110223024625E-16));
#2048 = PCURVE('',#1505,#2049);
#2049 = DEFINITIONAL_REPRESENTATION('',(#2050),#2054);
#2050 = LINE('',#2051,#2052);
#2051 = CARTESIAN_POINT('',(-9.240988814948,1.300763040525E-15));
#2052 = VECTOR('',#2053,1.);
#2053 = DIRECTION('',(-2.950808594753E-16,-1.));
#2054 = ( GEOMETRIC_REPRESENTATION_CONTEXT(2) 
PARAMETRIC_REPRESENTATION_CONTEXT() REPRESENTATION_CONTEXT('2D SPACE',''
  ) );
#2055 = PCURVE('',#1477,#2056);
#2056 = DEFINITIONAL_REPRESENTATION('',(#2057),#2061);
#2057 = LINE('',#2058,#2059);
#2058 = CARTESIAN_POINT('',(-2.007128583306,0.));
#2059 = VECTOR('',#2060,1.);
#2060 = DIRECTION('',(-0.,-1.));
#2061 = ( GEOMETRIC_REPRESENTATION_CONTEXT(2) 
PARAMETRIC_REPRESENTATION_CONTEXT() REPRESENTATION_CONTEXT('2D SPACE',''
  ) );
#2062 = ADVANCED_FACE('',(#2063),#1477,.T.);
#2063 = FACE_BOUND('',#2064,.F.);
#2064 = EDGE_LOOP('',(#2065,#2093,#2114,#2115));
#2065 = ORIENTED_EDGE('',*,*,#2066,.F.);
#2066 = EDGE_CURVE('',#2067,#2018,#2069,.T.);
#2067 = VERTEX_POINT('',#2068);
#2068 = CARTESIAN_POINT('',(-23.5,18.624335258298,65.7176));
#2069 = SURFACE_CURVE('',#2070,(#2075,#2082),.PCURVE_S1.);
#2070 = CIRCLE('',#2071,1.75);
#2071 = AXIS2_PLACEMENT_3D('',#2072,#2073,#2074);
#2072 = CARTESIAN_POINT('',(-23.5,18.624335294139,63.9676));
#2073 = DIRECTION('',(1.,-8.628166150855E-32,-3.330669073875E-16));
#2074 = DIRECTION('',(-2.465190328816E-32,1.,-3.330669073875E-16));
#2075 = PCURVE('',#1477,#2076);
#2076 = DEFINITIONAL_REPRESENTATION('',(#2077),#2081);
#2077 = LINE('',#2078,#2079);
#2078 = CARTESIAN_POINT('',(-0.,-222.6677336141));
#2079 = VECTOR('',#2080,1.);
#2080 = DIRECTION('',(-1.,0.));
#2081 = ( GEOMETRIC_REPRESENTATION_CONTEXT(2) 
PARAMETRIC_REPRESENTATION_CONTEXT() REPRESENTATION_CONTEXT('2D SPACE',''
  ) );
#2082 = PCURVE('',#1749,#2083);
#2083 = DEFINITIONAL_REPRESENTATION('',(#2084),#2092);
#2084 = ( BOUNDED_CURVE() B_SPLINE_CURVE(2,(#2085,#2086,#2087,#2088,
#2089,#2090,#2091),.UNSPECIFIED.,.T.,.F.) B_SPLINE_CURVE_WITH_KNOTS((1,2
    ,2,2,2,1),(-2.094395102393,0.,2.094395102393,4.188790204786,
6.28318530718,8.377580409573),.UNSPECIFIED.) CURVE() 
GEOMETRIC_REPRESENTATION_ITEM() RATIONAL_B_SPLINE_CURVE((1.,0.5,1.,0.5,
1.,0.5,1.)) REPRESENTATION_ITEM('') );
#2085 = CARTESIAN_POINT('',(-4.6,81.695429024261));
#2086 = CARTESIAN_POINT('',(-7.631088913246,81.695429024261));
#2087 = CARTESIAN_POINT('',(-6.115544456623,84.320429024261));
#2088 = CARTESIAN_POINT('',(-4.6,86.945429024261));
#2089 = CARTESIAN_POINT('',(-3.084455543377,84.320429024261));
#2090 = CARTESIAN_POINT('',(-1.568911086755,81.695429024261));
#2091 = CARTESIAN_POINT('',(-4.6,81.695429024261));
#2092 = ( GEOMETRIC_REPRESENTATION_CONTEXT(2) 
PARAMETRIC_REPRESENTATION_CONTEXT() REPRESENTATION_CONTEXT('2D SPACE',''
  ) );
#2093 = ORIENTED_EDGE('',*,*,#2094,.T.);
#2094 = EDGE_CURVE('',#2067,#1429,#2095,.T.);
#2095 = SURFACE_CURVE('',#2096,(#2100,#2107),.PCURVE_S1.);
#2096 = LINE('',#2097,#2098);
#2097 = CARTESIAN_POINT('',(-246.1677336141,18.624335258298,65.7176));
#2098 = VECTOR('',#2099,1.);
#2099 = DIRECTION('',(1.,2.22044604925E-16,-1.110223024625E-16));
#2100 = PCURVE('',#1477,#2101);
#2101 = DEFINITIONAL_REPRESENTATION('',(#2102),#2106);
#2102 = LINE('',#2103,#2104);
#2103 = CARTESIAN_POINT('',(-1.570796347275,0.));
#2104 = VECTOR('',#2105,1.);
#2105 = DIRECTION('',(-0.,-1.));
#2106 = ( GEOMETRIC_REPRESENTATION_CONTEXT(2) 
PARAMETRIC_REPRESENTATION_CONTEXT() REPRESENTATION_CONTEXT('2D SPACE',''
  ) );
#2107 = PCURVE('',#1444,#2108);
#2108 = DEFINITIONAL_REPRESENTATION('',(#2109),#2113);
#2109 = LINE('',#2110,#2111);
#2110 = CARTESIAN_POINT('',(-195.1956647417,-227.6677336141));
#2111 = VECTOR('',#2112,1.);
#2112 = DIRECTION('',(2.22044604925E-16,1.));
#2113 = ( GEOMETRIC_REPRESENTATION_CONTEXT(2) 
PARAMETRIC_REPRESENTATION_CONTEXT() REPRESENTATION_CONTEXT('2D SPACE',''
  ) );
#2114 = ORIENTED_EDGE('',*,*,#1456,.T.);
#2115 = ORIENTED_EDGE('',*,*,#2042,.F.);
#2116 = ADVANCED_FACE('',(#2117),#1444,.F.);
#2117 = FACE_BOUND('',#2118,.T.);
#2118 = EDGE_LOOP('',(#2119,#2120,#2143,#2164));
#2119 = ORIENTED_EDGE('',*,*,#1428,.F.);
#2120 = ORIENTED_EDGE('',*,*,#2121,.F.);
#2121 = EDGE_CURVE('',#2122,#1396,#2124,.T.);
#2122 = VERTEX_POINT('',#2123);
#2123 = CARTESIAN_POINT('',(-23.5,41.491515326507,65.7176));
#2124 = SURFACE_CURVE('',#2125,(#2129,#2136),.PCURVE_S1.);
#2125 = LINE('',#2126,#2127);
#2126 = CARTESIAN_POINT('',(-246.1677336141,41.491515326507,65.7176));
#2127 = VECTOR('',#2128,1.);
#2128 = DIRECTION('',(1.,1.110223024625E-16,2.22044604925E-16));
#2129 = PCURVE('',#1444,#2130);
#2130 = DEFINITIONAL_REPRESENTATION('',(#2131),#2135);
#2131 = LINE('',#2132,#2133);
#2132 = CARTESIAN_POINT('',(-172.3284846734,-227.6677336141));
#2133 = VECTOR('',#2134,1.);
#2134 = DIRECTION('',(1.110223024625E-16,1.));
#2135 = ( GEOMETRIC_REPRESENTATION_CONTEXT(2) 
PARAMETRIC_REPRESENTATION_CONTEXT() REPRESENTATION_CONTEXT('2D SPACE',''
  ) );
#2136 = PCURVE('',#1416,#2137);
#2137 = DEFINITIONAL_REPRESENTATION('',(#2138),#2142);
#2138 = LINE('',#2139,#2140);
#2139 = CARTESIAN_POINT('',(-1.570796326795,0.));
#2140 = VECTOR('',#2141,1.);
#2141 = DIRECTION('',(-0.,-1.));
#2142 = ( GEOMETRIC_REPRESENTATION_CONTEXT(2) 
PARAMETRIC_REPRESENTATION_CONTEXT() REPRESENTATION_CONTEXT('2D SPACE',''
  ) );
#2143 = ORIENTED_EDGE('',*,*,#2144,.T.);
#2144 = EDGE_CURVE('',#2122,#2067,#2145,.T.);
#2145 = SURFACE_CURVE('',#2146,(#2150,#2157),.PCURVE_S1.);
#2146 = LINE('',#2147,#2148);
#2147 = CARTESIAN_POINT('',(-23.5,213.82,65.7176));
#2148 = VECTOR('',#2149,1.);
#2149 = DIRECTION('',(7.395570986447E-32,-1.,2.331468351713E-15));
#2150 = PCURVE('',#1444,#2151);
#2151 = DEFINITIONAL_REPRESENTATION('',(#2152),#2156);
#2152 = LINE('',#2153,#2154);
#2153 = CARTESIAN_POINT('',(2.284838984679E-13,-5.));
#2154 = VECTOR('',#2155,1.);
#2155 = DIRECTION('',(-1.,-8.881784197001E-16));
#2156 = ( GEOMETRIC_REPRESENTATION_CONTEXT(2) 
PARAMETRIC_REPRESENTATION_CONTEXT() REPRESENTATION_CONTEXT('2D SPACE',''
  ) );
#2157 = PCURVE('',#1749,#2158);
#2158 = DEFINITIONAL_REPRESENTATION('',(#2159),#2163);
#2159 = LINE('',#2160,#2161);
#2160 = CARTESIAN_POINT('',(-6.35,-111.7502356816));
#2161 = VECTOR('',#2162,1.);
#2162 = DIRECTION('',(-2.6645352591E-15,1.));
#2163 = ( GEOMETRIC_REPRESENTATION_CONTEXT(2) 
PARAMETRIC_REPRESENTATION_CONTEXT() REPRESENTATION_CONTEXT('2D SPACE',''
  ) );
#2164 = ORIENTED_EDGE('',*,*,#2094,.T.);
#2165 = ADVANCED_FACE('',(#2166),#1416,.T.);
#2166 = FACE_BOUND('',#2167,.F.);
#2167 = EDGE_LOOP('',(#2168,#2196,#2217,#2218));
#2168 = ORIENTED_EDGE('',*,*,#2169,.F.);
#2169 = EDGE_CURVE('',#2170,#2122,#2172,.T.);
#2170 = VERTEX_POINT('',#2171);
#2171 = CARTESIAN_POINT('',(-23.5,42.491515326507,64.7176));
#2172 = SURFACE_CURVE('',#2173,(#2178,#2185),.PCURVE_S1.);
#2173 = CIRCLE('',#2174,1.);
#2174 = AXIS2_PLACEMENT_3D('',#2175,#2176,#2177);
#2175 = CARTESIAN_POINT('',(-23.5,41.491515326507,64.7176));
#2176 = DIRECTION('',(1.,-1.110223024625E-16,-1.232595164408E-32));
#2177 = DIRECTION('',(1.110223024625E-16,1.,-3.330669073875E-16));
#2178 = PCURVE('',#1416,#2179);
#2179 = DEFINITIONAL_REPRESENTATION('',(#2180),#2184);
#2180 = LINE('',#2181,#2182);
#2181 = CARTESIAN_POINT('',(-0.,-222.6677336141));
#2182 = VECTOR('',#2183,1.);
#2183 = DIRECTION('',(-1.,0.));
#2184 = ( GEOMETRIC_REPRESENTATION_CONTEXT(2) 
PARAMETRIC_REPRESENTATION_CONTEXT() REPRESENTATION_CONTEXT('2D SPACE',''
  ) );
#2185 = PCURVE('',#1749,#2186);
#2186 = DEFINITIONAL_REPRESENTATION('',(#2187),#2195);
#2187 = ( BOUNDED_CURVE() B_SPLINE_CURVE(2,(#2188,#2189,#2190,#2191,
#2192,#2193,#2194),.UNSPECIFIED.,.T.,.F.) B_SPLINE_CURVE_WITH_KNOTS((1,2
    ,2,2,2,1),(-2.094395102393,0.,2.094395102393,4.188790204786,
6.28318530718,8.377580409573),.UNSPECIFIED.) CURVE() 
GEOMETRIC_REPRESENTATION_ITEM() RATIONAL_B_SPLINE_CURVE((1.,0.5,1.,0.5,
1.,0.5,1.)) REPRESENTATION_ITEM('') );
#2188 = CARTESIAN_POINT('',(-5.35,59.578248991893));
#2189 = CARTESIAN_POINT('',(-7.082050807569,59.578248991893));
#2190 = CARTESIAN_POINT('',(-6.216025403785,61.078248991893));
#2191 = CARTESIAN_POINT('',(-5.35,62.578248991893));
#2192 = CARTESIAN_POINT('',(-4.483974596216,61.078248991893));
#2193 = CARTESIAN_POINT('',(-3.617949192431,59.578248991893));
#2194 = CARTESIAN_POINT('',(-5.35,59.578248991893));
#2195 = ( GEOMETRIC_REPRESENTATION_CONTEXT(2) 
PARAMETRIC_REPRESENTATION_CONTEXT() REPRESENTATION_CONTEXT('2D SPACE',''
  ) );
#2196 = ORIENTED_EDGE('',*,*,#2197,.T.);
#2197 = EDGE_CURVE('',#2170,#1368,#2198,.T.);
#2198 = SURFACE_CURVE('',#2199,(#2203,#2210),.PCURVE_S1.);
#2199 = LINE('',#2200,#2201);
#2200 = CARTESIAN_POINT('',(-246.1677336141,42.491515326507,64.7176));
#2201 = VECTOR('',#2202,1.);
#2202 = DIRECTION('',(1.,1.110223024625E-16,2.22044604925E-16));
#2203 = PCURVE('',#1416,#2204);
#2204 = DEFINITIONAL_REPRESENTATION('',(#2205),#2209);
#2205 = LINE('',#2206,#2207);
#2206 = CARTESIAN_POINT('',(-1.114423774522E-16,0.));
#2207 = VECTOR('',#2208,1.);
#2208 = DIRECTION('',(-0.,-1.));
#2209 = ( GEOMETRIC_REPRESENTATION_CONTEXT(2) 
PARAMETRIC_REPRESENTATION_CONTEXT() REPRESENTATION_CONTEXT('2D SPACE',''
  ) );
#2210 = PCURVE('',#1383,#2211);
#2211 = DEFINITIONAL_REPRESENTATION('',(#2212),#2216);
#2212 = LINE('',#2213,#2214);
#2213 = CARTESIAN_POINT('',(-0.,-0.));
#2214 = VECTOR('',#2215,1.);
#2215 = DIRECTION('',(6.661338147751E-16,-1.));
#2216 = ( GEOMETRIC_REPRESENTATION_CONTEXT(2) 
PARAMETRIC_REPRESENTATION_CONTEXT() REPRESENTATION_CONTEXT('2D SPACE',''
  ) );
#2217 = ORIENTED_EDGE('',*,*,#1395,.T.);
#2218 = ORIENTED_EDGE('',*,*,#2121,.F.);
#2219 = ADVANCED_FACE('',(#2220),#1383,.F.);
#2220 = FACE_BOUND('',#2221,.T.);
#2221 = EDGE_LOOP('',(#2222,#2245,#2246,#2247));
#2222 = ORIENTED_EDGE('',*,*,#2223,.F.);
#2223 = EDGE_CURVE('',#2170,#2224,#2226,.T.);
#2224 = VERTEX_POINT('',#2225);
#2225 = CARTESIAN_POINT('',(-23.5,42.491515326507,63.234266666667));
#2226 = SURFACE_CURVE('',#2227,(#2231,#2238),.PCURVE_S1.);
#2227 = LINE('',#2228,#2229);
#2228 = CARTESIAN_POINT('',(-23.5,42.491515326507,62.0426));
#2229 = VECTOR('',#2230,1.);
#2230 = DIRECTION('',(-3.330669073875E-16,-1.110223024625E-16,-1.));
#2231 = PCURVE('',#1383,#2232);
#2232 = DEFINITIONAL_REPRESENTATION('',(#2233),#2237);
#2233 = LINE('',#2234,#2235);
#2234 = CARTESIAN_POINT('',(-2.675,-222.6677336141));
#2235 = VECTOR('',#2236,1.);
#2236 = DIRECTION('',(-1.,3.330669073875E-16));
#2237 = ( GEOMETRIC_REPRESENTATION_CONTEXT(2) 
PARAMETRIC_REPRESENTATION_CONTEXT() REPRESENTATION_CONTEXT('2D SPACE',''
  ) );
#2238 = PCURVE('',#1749,#2239);
#2239 = DEFINITIONAL_REPRESENTATION('',(#2240),#2244);
#2240 = LINE('',#2241,#2242);
#2241 = CARTESIAN_POINT('',(-2.675,59.578248991893));
#2242 = VECTOR('',#2243,1.);
#2243 = DIRECTION('',(1.,-2.22044604925E-15));
#2244 = ( GEOMETRIC_REPRESENTATION_CONTEXT(2) 
PARAMETRIC_REPRESENTATION_CONTEXT() REPRESENTATION_CONTEXT('2D SPACE',''
  ) );
#2245 = ORIENTED_EDGE('',*,*,#2197,.T.);
#2246 = ORIENTED_EDGE('',*,*,#1367,.T.);
#2247 = ORIENTED_EDGE('',*,*,#2248,.F.);
#2248 = EDGE_CURVE('',#2224,#1335,#2249,.T.);
#2249 = SURFACE_CURVE('',#2250,(#2254,#2261),.PCURVE_S1.);
#2250 = LINE('',#2251,#2252);
#2251 = CARTESIAN_POINT('',(-246.1677336141,42.491515326507,
    63.234266666667));
#2252 = VECTOR('',#2253,1.);
#2253 = DIRECTION('',(1.,1.110223024625E-16,2.22044604925E-16));
#2254 = PCURVE('',#1383,#2255);
#2255 = DEFINITIONAL_REPRESENTATION('',(#2256),#2260);
#2256 = LINE('',#2257,#2258);
#2257 = CARTESIAN_POINT('',(-1.483333333333,4.940492459582E-16));
#2258 = VECTOR('',#2259,1.);
#2259 = DIRECTION('',(6.661338147751E-16,-1.));
#2260 = ( GEOMETRIC_REPRESENTATION_CONTEXT(2) 
PARAMETRIC_REPRESENTATION_CONTEXT() REPRESENTATION_CONTEXT('2D SPACE',''
  ) );
#2261 = PCURVE('',#1355,#2262);
#2262 = DEFINITIONAL_REPRESENTATION('',(#2263),#2267);
#2263 = LINE('',#2264,#2265);
#2264 = CARTESIAN_POINT('',(-3.14159265359,0.));
#2265 = VECTOR('',#2266,1.);
#2266 = DIRECTION('',(-0.,-1.));
#2267 = ( GEOMETRIC_REPRESENTATION_CONTEXT(2) 
PARAMETRIC_REPRESENTATION_CONTEXT() REPRESENTATION_CONTEXT('2D SPACE',''
  ) );
#2268 = ADVANCED_FACE('',(#2269),#1355,.F.);
#2269 = FACE_BOUND('',#2270,.T.);
#2270 = EDGE_LOOP('',(#2271,#2299,#2300,#2301));
#2271 = ORIENTED_EDGE('',*,*,#2272,.F.);
#2272 = EDGE_CURVE('',#2224,#2273,#2275,.T.);
#2273 = VERTEX_POINT('',#2274);
#2274 = CARTESIAN_POINT('',(-23.5,44.241515326507,61.484266666667));
#2275 = SURFACE_CURVE('',#2276,(#2281,#2288),.PCURVE_S1.);
#2276 = CIRCLE('',#2277,1.75);
#2277 = AXIS2_PLACEMENT_3D('',#2278,#2279,#2280);
#2278 = CARTESIAN_POINT('',(-23.5,44.241515326507,63.234266666667));
#2279 = DIRECTION('',(1.,-1.110223024625E-16,-1.232595164408E-32));
#2280 = DIRECTION('',(1.110223024625E-16,1.,-3.330669073875E-16));
#2281 = PCURVE('',#1355,#2282);
#2282 = DEFINITIONAL_REPRESENTATION('',(#2283),#2287);
#2283 = LINE('',#2284,#2285);
#2284 = CARTESIAN_POINT('',(2.22044604925E-16,-222.6677336141));
#2285 = VECTOR('',#2286,1.);
#2286 = DIRECTION('',(-1.,0.));
#2287 = ( GEOMETRIC_REPRESENTATION_CONTEXT(2) 
PARAMETRIC_REPRESENTATION_CONTEXT() REPRESENTATION_CONTEXT('2D SPACE',''
  ) );
#2288 = PCURVE('',#1749,#2289);
#2289 = DEFINITIONAL_REPRESENTATION('',(#2290),#2298);
#2290 = ( BOUNDED_CURVE() B_SPLINE_CURVE(2,(#2291,#2292,#2293,#2294,
#2295,#2296,#2297),.UNSPECIFIED.,.T.,.F.) B_SPLINE_CURVE_WITH_KNOTS((1,2
    ,2,2,2,1),(-2.094395102393,0.,2.094395102393,4.188790204786,
6.28318530718,8.377580409573),.UNSPECIFIED.) CURVE() 
GEOMETRIC_REPRESENTATION_ITEM() RATIONAL_B_SPLINE_CURVE((1.,0.5,1.,0.5,
1.,0.5,1.)) REPRESENTATION_ITEM('') );
#2291 = CARTESIAN_POINT('',(-3.866666666667,56.078248991893));
#2292 = CARTESIAN_POINT('',(-6.897755579912,56.078248991893));
#2293 = CARTESIAN_POINT('',(-5.38221112329,58.703248991893));
#2294 = CARTESIAN_POINT('',(-3.866666666667,61.328248991893));
#2295 = CARTESIAN_POINT('',(-2.351122210044,58.703248991893));
#2296 = CARTESIAN_POINT('',(-0.835577753421,56.078248991893));
#2297 = CARTESIAN_POINT('',(-3.866666666667,56.078248991893));
#2298 = ( GEOMETRIC_REPRESENTATION_CONTEXT(2) 
PARAMETRIC_REPRESENTATION_CONTEXT() REPRESENTATION_CONTEXT('2D SPACE',''
  ) );
#2299 = ORIENTED_EDGE('',*,*,#2248,.T.);
#2300 = ORIENTED_EDGE('',*,*,#1334,.T.);
#2301 = ORIENTED_EDGE('',*,*,#2302,.F.);
#2302 = EDGE_CURVE('',#2273,#1307,#2303,.T.);
#2303 = SURFACE_CURVE('',#2304,(#2308,#2315),.PCURVE_S1.);
#2304 = LINE('',#2305,#2306);
#2305 = CARTESIAN_POINT('',(-246.1677336141,44.241515326507,
    61.484266666667));
#2306 = VECTOR('',#2307,1.);
#2307 = DIRECTION('',(1.,1.110223024625E-16,2.22044604925E-16));
#2308 = PCURVE('',#1355,#2309);
#2309 = DEFINITIONAL_REPRESENTATION('',(#2310),#2314);
#2310 = LINE('',#2311,#2312);
#2311 = CARTESIAN_POINT('',(-4.712388980385,0.));
#2312 = VECTOR('',#2313,1.);
#2313 = DIRECTION('',(-0.,-1.));
#2314 = ( GEOMETRIC_REPRESENTATION_CONTEXT(2) 
PARAMETRIC_REPRESENTATION_CONTEXT() REPRESENTATION_CONTEXT('2D SPACE',''
  ) );
#2315 = PCURVE('',#1322,#2316);
#2316 = DEFINITIONAL_REPRESENTATION('',(#2317),#2321);
#2317 = LINE('',#2318,#2319);
#2318 = CARTESIAN_POINT('',(-0.,0.));
#2319 = VECTOR('',#2320,1.);
#2320 = DIRECTION('',(-6.661338147751E-16,-1.));
#2321 = ( GEOMETRIC_REPRESENTATION_CONTEXT(2) 
PARAMETRIC_REPRESENTATION_CONTEXT() REPRESENTATION_CONTEXT('2D SPACE',''
  ) );
#2322 = ADVANCED_FACE('',(#2323),#1322,.F.);
#2323 = FACE_BOUND('',#2324,.T.);
#2324 = EDGE_LOOP('',(#2325,#2348,#2349,#2350));
#2325 = ORIENTED_EDGE('',*,*,#2326,.F.);
#2326 = EDGE_CURVE('',#2273,#2327,#2329,.T.);
#2327 = VERTEX_POINT('',#2328);
#2328 = CARTESIAN_POINT('',(-23.5,47.254015326507,61.484266666677));
#2329 = SURFACE_CURVE('',#2330,(#2334,#2341),.PCURVE_S1.);
#2330 = LINE('',#2331,#2332);
#2331 = CARTESIAN_POINT('',(-23.5,73.155639822453,61.484266666667));
#2332 = VECTOR('',#2333,1.);
#2333 = DIRECTION('',(-6.661338147751E-16,1.,-1.110223024625E-16));
#2334 = PCURVE('',#1322,#2335);
#2335 = DEFINITIONAL_REPRESENTATION('',(#2336),#2340);
#2336 = LINE('',#2337,#2338);
#2337 = CARTESIAN_POINT('',(-28.91412449594,-222.6677336141));
#2338 = VECTOR('',#2339,1.);
#2339 = DIRECTION('',(-1.,7.771561172376E-16));
#2340 = ( GEOMETRIC_REPRESENTATION_CONTEXT(2) 
PARAMETRIC_REPRESENTATION_CONTEXT() REPRESENTATION_CONTEXT('2D SPACE',''
  ) );
#2341 = PCURVE('',#1749,#2342);
#2342 = DEFINITIONAL_REPRESENTATION('',(#2343),#2347);
#2343 = LINE('',#2344,#2345);
#2344 = CARTESIAN_POINT('',(-2.116666666667,28.914124495946));
#2345 = VECTOR('',#2346,1.);
#2346 = DIRECTION('',(1.110223024625E-15,-1.));
#2347 = ( GEOMETRIC_REPRESENTATION_CONTEXT(2) 
PARAMETRIC_REPRESENTATION_CONTEXT() REPRESENTATION_CONTEXT('2D SPACE',''
  ) );
#2348 = ORIENTED_EDGE('',*,*,#2302,.T.);
#2349 = ORIENTED_EDGE('',*,*,#1306,.T.);
#2350 = ORIENTED_EDGE('',*,*,#2351,.F.);
#2351 = EDGE_CURVE('',#2327,#1274,#2352,.T.);
#2352 = SURFACE_CURVE('',#2353,(#2357,#2364),.PCURVE_S1.);
#2353 = LINE('',#2354,#2355);
#2354 = CARTESIAN_POINT('',(-246.1677336141,47.254015326507,
    61.484266666677));
#2355 = VECTOR('',#2356,1.);
#2356 = DIRECTION('',(1.,1.110223024625E-16,2.22044604925E-16));
#2357 = PCURVE('',#1322,#2358);
#2358 = DEFINITIONAL_REPRESENTATION('',(#2359),#2363);
#2359 = LINE('',#2360,#2361);
#2360 = CARTESIAN_POINT('',(-3.0125,3.344546861683E-16));
#2361 = VECTOR('',#2362,1.);
#2362 = DIRECTION('',(-6.661338147751E-16,-1.));
#2363 = ( GEOMETRIC_REPRESENTATION_CONTEXT(2) 
PARAMETRIC_REPRESENTATION_CONTEXT() REPRESENTATION_CONTEXT('2D SPACE',''
  ) );
#2364 = PCURVE('',#1294,#2365);
#2365 = DEFINITIONAL_REPRESENTATION('',(#2366),#2370);
#2366 = LINE('',#2367,#2368);
#2367 = CARTESIAN_POINT('',(-4.712393926252,0.));
#2368 = VECTOR('',#2369,1.);
#2369 = DIRECTION('',(-0.,-1.));
#2370 = ( GEOMETRIC_REPRESENTATION_CONTEXT(2) 
PARAMETRIC_REPRESENTATION_CONTEXT() REPRESENTATION_CONTEXT('2D SPACE',''
  ) );
#2371 = ADVANCED_FACE('',(#2372),#1294,.F.);
#2372 = FACE_BOUND('',#2373,.T.);
#2373 = EDGE_LOOP('',(#2374,#2402,#2403,#2404));
#2374 = ORIENTED_EDGE('',*,*,#2375,.F.);
#2375 = EDGE_CURVE('',#2327,#2376,#2378,.T.);
#2376 = VERTEX_POINT('',#2377);
#2377 = CARTESIAN_POINT('',(-23.5,47.993588629284,61.648228039353));
#2378 = SURFACE_CURVE('',#2379,(#2384,#2391),.PCURVE_S1.);
#2379 = CIRCLE('',#2380,1.75);
#2380 = AXIS2_PLACEMENT_3D('',#2381,#2382,#2383);
#2381 = CARTESIAN_POINT('',(-23.5,47.254006671238,63.234266666667));
#2382 = DIRECTION('',(1.,-1.110223024625E-16,-1.232595164408E-32));
#2383 = DIRECTION('',(1.110223024625E-16,1.,-3.330669073875E-16));
#2384 = PCURVE('',#1294,#2385);
#2385 = DEFINITIONAL_REPRESENTATION('',(#2386),#2390);
#2386 = LINE('',#2387,#2388);
#2387 = CARTESIAN_POINT('',(-8.881784197001E-16,-222.6677336141));
#2388 = VECTOR('',#2389,1.);
#2389 = DIRECTION('',(-1.,0.));
#2390 = ( GEOMETRIC_REPRESENTATION_CONTEXT(2) 
PARAMETRIC_REPRESENTATION_CONTEXT() REPRESENTATION_CONTEXT('2D SPACE',''
  ) );
#2391 = PCURVE('',#1749,#2392);
#2392 = DEFINITIONAL_REPRESENTATION('',(#2393),#2401);
#2393 = ( BOUNDED_CURVE() B_SPLINE_CURVE(2,(#2394,#2395,#2396,#2397,
#2398,#2399,#2400),.UNSPECIFIED.,.T.,.F.) B_SPLINE_CURVE_WITH_KNOTS((1,2
    ,2,2,2,1),(-2.094395102393,0.,2.094395102393,4.188790204786,
6.28318530718,8.377580409573),.UNSPECIFIED.) CURVE() 
GEOMETRIC_REPRESENTATION_ITEM() RATIONAL_B_SPLINE_CURVE((1.,0.5,1.,0.5,
1.,0.5,1.)) REPRESENTATION_ITEM('') );
#2394 = CARTESIAN_POINT('',(-3.866666666667,53.065757647161));
#2395 = CARTESIAN_POINT('',(-6.897755579912,53.065757647161));
#2396 = CARTESIAN_POINT('',(-5.38221112329,55.690757647161));
#2397 = CARTESIAN_POINT('',(-3.866666666667,58.315757647161));
#2398 = CARTESIAN_POINT('',(-2.351122210044,55.690757647161));
#2399 = CARTESIAN_POINT('',(-0.835577753421,53.065757647161));
#2400 = CARTESIAN_POINT('',(-3.866666666667,53.065757647161));
#2401 = ( GEOMETRIC_REPRESENTATION_CONTEXT(2) 
PARAMETRIC_REPRESENTATION_CONTEXT() REPRESENTATION_CONTEXT('2D SPACE',''
  ) );
#2402 = ORIENTED_EDGE('',*,*,#2351,.T.);
#2403 = ORIENTED_EDGE('',*,*,#1273,.T.);
#2404 = ORIENTED_EDGE('',*,*,#2405,.F.);
#2405 = EDGE_CURVE('',#2376,#1246,#2406,.T.);
#2406 = SURFACE_CURVE('',#2407,(#2411,#2418),.PCURVE_S1.);
#2407 = LINE('',#2408,#2409);
#2408 = CARTESIAN_POINT('',(-246.1677336141,47.993588629284,
    61.648228039352));
#2409 = VECTOR('',#2410,1.);
#2410 = DIRECTION('',(1.,1.110223024625E-16,2.22044604925E-16));
#2411 = PCURVE('',#1294,#2412);
#2412 = DEFINITIONAL_REPRESENTATION('',(#2413),#2417);
#2413 = LINE('',#2414,#2415);
#2414 = CARTESIAN_POINT('',(-5.148721293383,0.));
#2415 = VECTOR('',#2416,1.);
#2416 = DIRECTION('',(-0.,-1.));
#2417 = ( GEOMETRIC_REPRESENTATION_CONTEXT(2) 
PARAMETRIC_REPRESENTATION_CONTEXT() REPRESENTATION_CONTEXT('2D SPACE',''
  ) );
#2418 = PCURVE('',#1261,#2419);
#2419 = DEFINITIONAL_REPRESENTATION('',(#2420),#2424);
#2420 = LINE('',#2421,#2422);
#2421 = CARTESIAN_POINT('',(-0.,0.));
#2422 = VECTOR('',#2423,1.);
#2423 = DIRECTION('',(-8.85242578426E-16,-1.));
#2424 = ( GEOMETRIC_REPRESENTATION_CONTEXT(2) 
PARAMETRIC_REPRESENTATION_CONTEXT() REPRESENTATION_CONTEXT('2D SPACE',''
  ) );
#2425 = ADVANCED_FACE('',(#2426),#1261,.F.);
#2426 = FACE_BOUND('',#2427,.T.);
#2427 = EDGE_LOOP('',(#2428,#2451,#2452,#2453));
#2428 = ORIENTED_EDGE('',*,*,#2429,.F.);
#2429 = EDGE_CURVE('',#2376,#2430,#2432,.T.);
#2430 = VERTEX_POINT('',#2431);
#2431 = CARTESIAN_POINT('',(-23.5,56.36876875219,65.553638669091));
#2432 = SURFACE_CURVE('',#2433,(#2437,#2444),.PCURVE_S1.);
#2433 = LINE('',#2434,#2435);
#2434 = CARTESIAN_POINT('',(-23.5,69.76574087052,71.800749363957));
#2435 = VECTOR('',#2436,1.);
#2436 = DIRECTION('',(-4.629621060956E-16,0.906307787037,0.422618261741)
  );
#2437 = PCURVE('',#1261,#2438);
#2438 = DEFINITIONAL_REPRESENTATION('',(#2439),#2443);
#2439 = LINE('',#2440,#2441);
#2440 = CARTESIAN_POINT('',(-24.02291203126,-222.6677336141));
#2441 = VECTOR('',#2442,1.);
#2442 = DIRECTION('',(-1.,5.635824833521E-16));
#2443 = ( GEOMETRIC_REPRESENTATION_CONTEXT(2) 
PARAMETRIC_REPRESENTATION_CONTEXT() REPRESENTATION_CONTEXT('2D SPACE',''
  ) );
#2444 = PCURVE('',#1749,#2445);
#2445 = DEFINITIONAL_REPRESENTATION('',(#2446),#2450);
#2446 = LINE('',#2447,#2448);
#2447 = CARTESIAN_POINT('',(-12.43314936395,32.304023447879));
#2448 = VECTOR('',#2449,1.);
#2449 = DIRECTION('',(-0.422618261741,-0.906307787037));
#2450 = ( GEOMETRIC_REPRESENTATION_CONTEXT(2) 
PARAMETRIC_REPRESENTATION_CONTEXT() REPRESENTATION_CONTEXT('2D SPACE',''
  ) );
#2451 = ORIENTED_EDGE('',*,*,#2405,.T.);
#2452 = ORIENTED_EDGE('',*,*,#1245,.T.);
#2453 = ORIENTED_EDGE('',*,*,#2454,.F.);
#2454 = EDGE_CURVE('',#2430,#1213,#2455,.T.);
#2455 = SURFACE_CURVE('',#2456,(#2460,#2467),.PCURVE_S1.);
#2456 = LINE('',#2457,#2458);
#2457 = CARTESIAN_POINT('',(-246.1677336141,56.36876875219,
    65.553638669091));
#2458 = VECTOR('',#2459,1.);
#2459 = DIRECTION('',(1.,1.110223024625E-16,2.22044604925E-16));
#2460 = PCURVE('',#1261,#2461);
#2461 = DEFINITIONAL_REPRESENTATION('',(#2462),#2466);
#2462 = LINE('',#2463,#2464);
#2463 = CARTESIAN_POINT('',(-9.240988814948,-3.709312597421E-16));
#2464 = VECTOR('',#2465,1.);
#2465 = DIRECTION('',(-8.85242578426E-16,-1.));
#2466 = ( GEOMETRIC_REPRESENTATION_CONTEXT(2) 
PARAMETRIC_REPRESENTATION_CONTEXT() REPRESENTATION_CONTEXT('2D SPACE',''
  ) );
#2467 = PCURVE('',#1233,#2468);
#2468 = DEFINITIONAL_REPRESENTATION('',(#2469),#2473);
#2469 = LINE('',#2470,#2471);
#2470 = CARTESIAN_POINT('',(-2.007128583306,0.));
#2471 = VECTOR('',#2472,1.);
#2472 = DIRECTION('',(-0.,-1.));
#2473 = ( GEOMETRIC_REPRESENTATION_CONTEXT(2) 
PARAMETRIC_REPRESENTATION_CONTEXT() REPRESENTATION_CONTEXT('2D SPACE',''
  ) );
#2474 = ADVANCED_FACE('',(#2475),#1233,.T.);
#2475 = FACE_BOUND('',#2476,.F.);
#2476 = EDGE_LOOP('',(#2477,#2505,#2526,#2527));
#2477 = ORIENTED_EDGE('',*,*,#2478,.F.);
#2478 = EDGE_CURVE('',#2479,#2430,#2481,.T.);
#2479 = VERTEX_POINT('',#2480);
#2480 = CARTESIAN_POINT('',(-23.5,57.108350584805,65.7176));
#2481 = SURFACE_CURVE('',#2482,(#2487,#2494),.PCURVE_S1.);
#2482 = CIRCLE('',#2483,1.75);
#2483 = AXIS2_PLACEMENT_3D('',#2484,#2485,#2486);
#2484 = CARTESIAN_POINT('',(-23.5,57.108350620646,63.9676));
#2485 = DIRECTION('',(1.,-1.110223024625E-16,-1.232595164408E-32));
#2486 = DIRECTION('',(1.110223024625E-16,1.,-3.330669073875E-16));
#2487 = PCURVE('',#1233,#2488);
#2488 = DEFINITIONAL_REPRESENTATION('',(#2489),#2493);
#2489 = LINE('',#2490,#2491);
#2490 = CARTESIAN_POINT('',(2.22044604925E-16,-222.6677336141));
#2491 = VECTOR('',#2492,1.);
#2492 = DIRECTION('',(-1.,0.));
#2493 = ( GEOMETRIC_REPRESENTATION_CONTEXT(2) 
PARAMETRIC_REPRESENTATION_CONTEXT() REPRESENTATION_CONTEXT('2D SPACE',''
  ) );
#2494 = PCURVE('',#1749,#2495);
#2495 = DEFINITIONAL_REPRESENTATION('',(#2496),#2504);
#2496 = ( BOUNDED_CURVE() B_SPLINE_CURVE(2,(#2497,#2498,#2499,#2500,
#2501,#2502,#2503),.UNSPECIFIED.,.T.,.F.) B_SPLINE_CURVE_WITH_KNOTS((1,2
    ,2,2,2,1),(-2.094395102393,0.,2.094395102393,4.188790204786,
6.28318530718,8.377580409573),.UNSPECIFIED.) CURVE() 
GEOMETRIC_REPRESENTATION_ITEM() RATIONAL_B_SPLINE_CURVE((1.,0.5,1.,0.5,
1.,0.5,1.)) REPRESENTATION_ITEM('') );
#2497 = CARTESIAN_POINT('',(-4.6,43.211413697754));
#2498 = CARTESIAN_POINT('',(-7.631088913246,43.211413697754));
#2499 = CARTESIAN_POINT('',(-6.115544456623,45.836413697754));
#2500 = CARTESIAN_POINT('',(-4.6,48.461413697754));
#2501 = CARTESIAN_POINT('',(-3.084455543377,45.836413697754));
#2502 = CARTESIAN_POINT('',(-1.568911086755,43.211413697754));
#2503 = CARTESIAN_POINT('',(-4.6,43.211413697754));
#2504 = ( GEOMETRIC_REPRESENTATION_CONTEXT(2) 
PARAMETRIC_REPRESENTATION_CONTEXT() REPRESENTATION_CONTEXT('2D SPACE',''
  ) );
#2505 = ORIENTED_EDGE('',*,*,#2506,.T.);
#2506 = EDGE_CURVE('',#2479,#1185,#2507,.T.);
#2507 = SURFACE_CURVE('',#2508,(#2512,#2519),.PCURVE_S1.);
#2508 = LINE('',#2509,#2510);
#2509 = CARTESIAN_POINT('',(-246.1677336141,57.108350584805,65.7176));
#2510 = VECTOR('',#2511,1.);
#2511 = DIRECTION('',(1.,1.110223024625E-16,2.22044604925E-16));
#2512 = PCURVE('',#1233,#2513);
#2513 = DEFINITIONAL_REPRESENTATION('',(#2514),#2518);
#2514 = LINE('',#2515,#2516);
#2515 = CARTESIAN_POINT('',(-1.570796347275,0.));
#2516 = VECTOR('',#2517,1.);
#2517 = DIRECTION('',(-0.,-1.));
#2518 = ( GEOMETRIC_REPRESENTATION_CONTEXT(2) 
PARAMETRIC_REPRESENTATION_CONTEXT() REPRESENTATION_CONTEXT('2D SPACE',''
  ) );
#2519 = PCURVE('',#1200,#2520);
#2520 = DEFINITIONAL_REPRESENTATION('',(#2521),#2525);
#2521 = LINE('',#2522,#2523);
#2522 = CARTESIAN_POINT('',(-156.7116494151,-227.6677336141));
#2523 = VECTOR('',#2524,1.);
#2524 = DIRECTION('',(1.110223024625E-16,1.));
#2525 = ( GEOMETRIC_REPRESENTATION_CONTEXT(2) 
PARAMETRIC_REPRESENTATION_CONTEXT() REPRESENTATION_CONTEXT('2D SPACE',''
  ) );
#2526 = ORIENTED_EDGE('',*,*,#1212,.T.);
#2527 = ORIENTED_EDGE('',*,*,#2454,.F.);
#2528 = ADVANCED_FACE('',(#2529),#1200,.F.);
#2529 = FACE_BOUND('',#2530,.T.);
#2530 = EDGE_LOOP('',(#2531,#2532,#2555,#2576));
#2531 = ORIENTED_EDGE('',*,*,#1184,.F.);
#2532 = ORIENTED_EDGE('',*,*,#2533,.F.);
#2533 = EDGE_CURVE('',#2534,#1152,#2536,.T.);
#2534 = VERTEX_POINT('',#2535);
#2535 = CARTESIAN_POINT('',(-23.5,79.975530653013,65.7176));
#2536 = SURFACE_CURVE('',#2537,(#2541,#2548),.PCURVE_S1.);
#2537 = LINE('',#2538,#2539);
#2538 = CARTESIAN_POINT('',(-246.1677336141,79.975530653013,65.7176));
#2539 = VECTOR('',#2540,1.);
#2540 = DIRECTION('',(1.,1.110223024625E-16,2.22044604925E-16));
#2541 = PCURVE('',#1200,#2542);
#2542 = DEFINITIONAL_REPRESENTATION('',(#2543),#2547);
#2543 = LINE('',#2544,#2545);
#2544 = CARTESIAN_POINT('',(-133.8444693469,-227.6677336141));
#2545 = VECTOR('',#2546,1.);
#2546 = DIRECTION('',(1.110223024625E-16,1.));
#2547 = ( GEOMETRIC_REPRESENTATION_CONTEXT(2) 
PARAMETRIC_REPRESENTATION_CONTEXT() REPRESENTATION_CONTEXT('2D SPACE',''
  ) );
#2548 = PCURVE('',#1172,#2549);
#2549 = DEFINITIONAL_REPRESENTATION('',(#2550),#2554);
#2550 = LINE('',#2551,#2552);
#2551 = CARTESIAN_POINT('',(-1.570796326795,0.));
#2552 = VECTOR('',#2553,1.);
#2553 = DIRECTION('',(-0.,-1.));
#2554 = ( GEOMETRIC_REPRESENTATION_CONTEXT(2) 
PARAMETRIC_REPRESENTATION_CONTEXT() REPRESENTATION_CONTEXT('2D SPACE',''
  ) );
#2555 = ORIENTED_EDGE('',*,*,#2556,.T.);
#2556 = EDGE_CURVE('',#2534,#2479,#2557,.T.);
#2557 = SURFACE_CURVE('',#2558,(#2562,#2569),.PCURVE_S1.);
#2558 = LINE('',#2559,#2560);
#2559 = CARTESIAN_POINT('',(-23.5,213.82,65.7176));
#2560 = VECTOR('',#2561,1.);
#2561 = DIRECTION('',(7.395570986447E-32,-1.,2.331468351713E-15));
#2562 = PCURVE('',#1200,#2563);
#2563 = DEFINITIONAL_REPRESENTATION('',(#2564),#2568);
#2564 = LINE('',#2565,#2566);
#2565 = CARTESIAN_POINT('',(2.284838984679E-13,-5.));
#2566 = VECTOR('',#2567,1.);
#2567 = DIRECTION('',(-1.,-8.881784197001E-16));
#2568 = ( GEOMETRIC_REPRESENTATION_CONTEXT(2) 
PARAMETRIC_REPRESENTATION_CONTEXT() REPRESENTATION_CONTEXT('2D SPACE',''
  ) );
#2569 = PCURVE('',#1749,#2570);
#2570 = DEFINITIONAL_REPRESENTATION('',(#2571),#2575);
#2571 = LINE('',#2572,#2573);
#2572 = CARTESIAN_POINT('',(-6.35,-111.7502356816));
#2573 = VECTOR('',#2574,1.);
#2574 = DIRECTION('',(-2.6645352591E-15,1.));
#2575 = ( GEOMETRIC_REPRESENTATION_CONTEXT(2) 
PARAMETRIC_REPRESENTATION_CONTEXT() REPRESENTATION_CONTEXT('2D SPACE',''
  ) );
#2576 = ORIENTED_EDGE('',*,*,#2506,.T.);
#2577 = ADVANCED_FACE('',(#2578),#1172,.T.);
#2578 = FACE_BOUND('',#2579,.F.);
#2579 = EDGE_LOOP('',(#2580,#2608,#2629,#2630));
#2580 = ORIENTED_EDGE('',*,*,#2581,.F.);
#2581 = EDGE_CURVE('',#2582,#2534,#2584,.T.);
#2582 = VERTEX_POINT('',#2583);
#2583 = CARTESIAN_POINT('',(-23.5,80.975530653013,64.7176));
#2584 = SURFACE_CURVE('',#2585,(#2590,#2597),.PCURVE_S1.);
#2585 = CIRCLE('',#2586,1.);
#2586 = AXIS2_PLACEMENT_3D('',#2587,#2588,#2589);
#2587 = CARTESIAN_POINT('',(-23.5,79.975530653013,64.7176));
#2588 = DIRECTION('',(1.,-1.110223024625E-16,-1.232595164408E-32));
#2589 = DIRECTION('',(1.110223024625E-16,1.,-3.330669073875E-16));
#2590 = PCURVE('',#1172,#2591);
#2591 = DEFINITIONAL_REPRESENTATION('',(#2592),#2596);
#2592 = LINE('',#2593,#2594);
#2593 = CARTESIAN_POINT('',(-0.,-222.6677336141));
#2594 = VECTOR('',#2595,1.);
#2595 = DIRECTION('',(-1.,0.));
#2596 = ( GEOMETRIC_REPRESENTATION_CONTEXT(2) 
PARAMETRIC_REPRESENTATION_CONTEXT() REPRESENTATION_CONTEXT('2D SPACE',''
  ) );
#2597 = PCURVE('',#1749,#2598);
#2598 = DEFINITIONAL_REPRESENTATION('',(#2599),#2607);
#2599 = ( BOUNDED_CURVE() B_SPLINE_CURVE(2,(#2600,#2601,#2602,#2603,
#2604,#2605,#2606),.UNSPECIFIED.,.T.,.F.) B_SPLINE_CURVE_WITH_KNOTS((1,2
    ,2,2,2,1),(-2.094395102393,0.,2.094395102393,4.188790204786,
6.28318530718,8.377580409573),.UNSPECIFIED.) CURVE() 
GEOMETRIC_REPRESENTATION_ITEM() RATIONAL_B_SPLINE_CURVE((1.,0.5,1.,0.5,
1.,0.5,1.)) REPRESENTATION_ITEM('') );
#2600 = CARTESIAN_POINT('',(-5.35,21.094233665386));
#2601 = CARTESIAN_POINT('',(-7.082050807569,21.094233665386));
#2602 = CARTESIAN_POINT('',(-6.216025403785,22.594233665386));
#2603 = CARTESIAN_POINT('',(-5.35,24.094233665386));
#2604 = CARTESIAN_POINT('',(-4.483974596216,22.594233665386));
#2605 = CARTESIAN_POINT('',(-3.617949192431,21.094233665386));
#2606 = CARTESIAN_POINT('',(-5.35,21.094233665386));
#2607 = ( GEOMETRIC_REPRESENTATION_CONTEXT(2) 
PARAMETRIC_REPRESENTATION_CONTEXT() REPRESENTATION_CONTEXT('2D SPACE',''
  ) );
#2608 = ORIENTED_EDGE('',*,*,#2609,.T.);
#2609 = EDGE_CURVE('',#2582,#1124,#2610,.T.);
#2610 = SURFACE_CURVE('',#2611,(#2615,#2622),.PCURVE_S1.);
#2611 = LINE('',#2612,#2613);
#2612 = CARTESIAN_POINT('',(-246.1677336141,80.975530653013,64.7176));
#2613 = VECTOR('',#2614,1.);
#2614 = DIRECTION('',(1.,1.110223024625E-16,2.22044604925E-16));
#2615 = PCURVE('',#1172,#2616);
#2616 = DEFINITIONAL_REPRESENTATION('',(#2617),#2621);
#2617 = LINE('',#2618,#2619);
#2618 = CARTESIAN_POINT('',(-1.114423774522E-16,0.));
#2619 = VECTOR('',#2620,1.);
#2620 = DIRECTION('',(-0.,-1.));
#2621 = ( GEOMETRIC_REPRESENTATION_CONTEXT(2) 
PARAMETRIC_REPRESENTATION_CONTEXT() REPRESENTATION_CONTEXT('2D SPACE',''
  ) );
#2622 = PCURVE('',#1139,#2623);
#2623 = DEFINITIONAL_REPRESENTATION('',(#2624),#2628);
#2624 = LINE('',#2625,#2626);
#2625 = CARTESIAN_POINT('',(-0.,-0.));
#2626 = VECTOR('',#2627,1.);
#2627 = DIRECTION('',(6.661338147751E-16,-1.));
#2628 = ( GEOMETRIC_REPRESENTATION_CONTEXT(2) 
PARAMETRIC_REPRESENTATION_CONTEXT() REPRESENTATION_CONTEXT('2D SPACE',''
  ) );
#2629 = ORIENTED_EDGE('',*,*,#1151,.T.);
#2630 = ORIENTED_EDGE('',*,*,#2533,.F.);
#2631 = ADVANCED_FACE('',(#2632),#1139,.F.);
#2632 = FACE_BOUND('',#2633,.T.);
#2633 = EDGE_LOOP('',(#2634,#2657,#2658,#2659));
#2634 = ORIENTED_EDGE('',*,*,#2635,.F.);
#2635 = EDGE_CURVE('',#2582,#2636,#2638,.T.);
#2636 = VERTEX_POINT('',#2637);
#2637 = CARTESIAN_POINT('',(-23.5,80.975530653013,63.234266666667));
#2638 = SURFACE_CURVE('',#2639,(#2643,#2650),.PCURVE_S1.);
#2639 = LINE('',#2640,#2641);
#2640 = CARTESIAN_POINT('',(-23.5,80.975530653013,62.0426));
#2641 = VECTOR('',#2642,1.);
#2642 = DIRECTION('',(-3.330669073875E-16,-1.110223024625E-16,-1.));
#2643 = PCURVE('',#1139,#2644);
#2644 = DEFINITIONAL_REPRESENTATION('',(#2645),#2649);
#2645 = LINE('',#2646,#2647);
#2646 = CARTESIAN_POINT('',(-2.675,-222.6677336141));
#2647 = VECTOR('',#2648,1.);
#2648 = DIRECTION('',(-1.,3.330669073875E-16));
#2649 = ( GEOMETRIC_REPRESENTATION_CONTEXT(2) 
PARAMETRIC_REPRESENTATION_CONTEXT() REPRESENTATION_CONTEXT('2D SPACE',''
  ) );
#2650 = PCURVE('',#1749,#2651);
#2651 = DEFINITIONAL_REPRESENTATION('',(#2652),#2656);
#2652 = LINE('',#2653,#2654);
#2653 = CARTESIAN_POINT('',(-2.675,21.094233665386));
#2654 = VECTOR('',#2655,1.);
#2655 = DIRECTION('',(1.,-2.22044604925E-15));
#2656 = ( GEOMETRIC_REPRESENTATION_CONTEXT(2) 
PARAMETRIC_REPRESENTATION_CONTEXT() REPRESENTATION_CONTEXT('2D SPACE',''
  ) );
#2657 = ORIENTED_EDGE('',*,*,#2609,.T.);
#2658 = ORIENTED_EDGE('',*,*,#1123,.T.);
#2659 = ORIENTED_EDGE('',*,*,#2660,.F.);
#2660 = EDGE_CURVE('',#2636,#1091,#2661,.T.);
#2661 = SURFACE_CURVE('',#2662,(#2666,#2673),.PCURVE_S1.);
#2662 = LINE('',#2663,#2664);
#2663 = CARTESIAN_POINT('',(-246.1677336141,80.975530653013,
    63.234266666667));
#2664 = VECTOR('',#2665,1.);
#2665 = DIRECTION('',(1.,1.110223024625E-16,2.22044604925E-16));
#2666 = PCURVE('',#1139,#2667);
#2667 = DEFINITIONAL_REPRESENTATION('',(#2668),#2672);
#2668 = LINE('',#2669,#2670);
#2669 = CARTESIAN_POINT('',(-1.483333333333,4.940492459582E-16));
#2670 = VECTOR('',#2671,1.);
#2671 = DIRECTION('',(6.661338147751E-16,-1.));
#2672 = ( GEOMETRIC_REPRESENTATION_CONTEXT(2) 
PARAMETRIC_REPRESENTATION_CONTEXT() REPRESENTATION_CONTEXT('2D SPACE',''
  ) );
#2673 = PCURVE('',#1111,#2674);
#2674 = DEFINITIONAL_REPRESENTATION('',(#2675),#2679);
#2675 = LINE('',#2676,#2677);
#2676 = CARTESIAN_POINT('',(-3.14159265359,0.));
#2677 = VECTOR('',#2678,1.);
#2678 = DIRECTION('',(-0.,-1.));
#2679 = ( GEOMETRIC_REPRESENTATION_CONTEXT(2) 
PARAMETRIC_REPRESENTATION_CONTEXT() REPRESENTATION_CONTEXT('2D SPACE',''
  ) );
#2680 = ADVANCED_FACE('',(#2681),#1111,.F.);
#2681 = FACE_BOUND('',#2682,.T.);
#2682 = EDGE_LOOP('',(#2683,#2711,#2712,#2713));
#2683 = ORIENTED_EDGE('',*,*,#2684,.F.);
#2684 = EDGE_CURVE('',#2636,#2685,#2687,.T.);
#2685 = VERTEX_POINT('',#2686);
#2686 = CARTESIAN_POINT('',(-23.5,82.725530653013,61.484266666667));
#2687 = SURFACE_CURVE('',#2688,(#2693,#2700),.PCURVE_S1.);
#2688 = CIRCLE('',#2689,1.75);
#2689 = AXIS2_PLACEMENT_3D('',#2690,#2691,#2692);
#2690 = CARTESIAN_POINT('',(-23.5,82.725530653013,63.234266666667));
#2691 = DIRECTION('',(1.,-1.110223024625E-16,-1.232595164408E-32));
#2692 = DIRECTION('',(1.110223024625E-16,1.,-3.330669073875E-16));
#2693 = PCURVE('',#1111,#2694);
#2694 = DEFINITIONAL_REPRESENTATION('',(#2695),#2699);
#2695 = LINE('',#2696,#2697);
#2696 = CARTESIAN_POINT('',(2.22044604925E-16,-222.6677336141));
#2697 = VECTOR('',#2698,1.);
#2698 = DIRECTION('',(-1.,0.));
#2699 = ( GEOMETRIC_REPRESENTATION_CONTEXT(2) 
PARAMETRIC_REPRESENTATION_CONTEXT() REPRESENTATION_CONTEXT('2D SPACE',''
  ) );
#2700 = PCURVE('',#1749,#2701);
#2701 = DEFINITIONAL_REPRESENTATION('',(#2702),#2710);
#2702 = ( BOUNDED_CURVE() B_SPLINE_CURVE(2,(#2703,#2704,#2705,#2706,
#2707,#2708,#2709),.UNSPECIFIED.,.T.,.F.) B_SPLINE_CURVE_WITH_KNOTS((1,2
    ,2,2,2,1),(-2.094395102393,0.,2.094395102393,4.188790204786,
6.28318530718,8.377580409573),.UNSPECIFIED.) CURVE() 
GEOMETRIC_REPRESENTATION_ITEM() RATIONAL_B_SPLINE_CURVE((1.,0.5,1.,0.5,
1.,0.5,1.)) REPRESENTATION_ITEM('') );
#2703 = CARTESIAN_POINT('',(-3.866666666667,17.594233665386));
#2704 = CARTESIAN_POINT('',(-6.897755579912,17.594233665386));
#2705 = CARTESIAN_POINT('',(-5.38221112329,20.219233665386));
#2706 = CARTESIAN_POINT('',(-3.866666666667,22.844233665386));
#2707 = CARTESIAN_POINT('',(-2.351122210044,20.219233665386));
#2708 = CARTESIAN_POINT('',(-0.835577753421,17.594233665386));
#2709 = CARTESIAN_POINT('',(-3.866666666667,17.594233665386));
#2710 = ( GEOMETRIC_REPRESENTATION_CONTEXT(2) 
PARAMETRIC_REPRESENTATION_CONTEXT() REPRESENTATION_CONTEXT('2D SPACE',''
  ) );
#2711 = ORIENTED_EDGE('',*,*,#2660,.T.);
#2712 = ORIENTED_EDGE('',*,*,#1090,.T.);
#2713 = ORIENTED_EDGE('',*,*,#2714,.F.);
#2714 = EDGE_CURVE('',#2685,#1063,#2715,.T.);
#2715 = SURFACE_CURVE('',#2716,(#2720,#2727),.PCURVE_S1.);
#2716 = LINE('',#2717,#2718);
#2717 = CARTESIAN_POINT('',(-246.1677336141,82.725530653013,
    61.484266666667));
#2718 = VECTOR('',#2719,1.);
#2719 = DIRECTION('',(1.,1.110223024625E-16,2.22044604925E-16));
#2720 = PCURVE('',#1111,#2721);
#2721 = DEFINITIONAL_REPRESENTATION('',(#2722),#2726);
#2722 = LINE('',#2723,#2724);
#2723 = CARTESIAN_POINT('',(-4.712388980385,0.));
#2724 = VECTOR('',#2725,1.);
#2725 = DIRECTION('',(-0.,-1.));
#2726 = ( GEOMETRIC_REPRESENTATION_CONTEXT(2) 
PARAMETRIC_REPRESENTATION_CONTEXT() REPRESENTATION_CONTEXT('2D SPACE',''
  ) );
#2727 = PCURVE('',#1078,#2728);
#2728 = DEFINITIONAL_REPRESENTATION('',(#2729),#2733);
#2729 = LINE('',#2730,#2731);
#2730 = CARTESIAN_POINT('',(-0.,0.));
#2731 = VECTOR('',#2732,1.);
#2732 = DIRECTION('',(-6.661338147751E-16,-1.));
#2733 = ( GEOMETRIC_REPRESENTATION_CONTEXT(2) 
PARAMETRIC_REPRESENTATION_CONTEXT() REPRESENTATION_CONTEXT('2D SPACE',''
  ) );
#2734 = ADVANCED_FACE('',(#2735),#1078,.F.);
#2735 = FACE_BOUND('',#2736,.T.);
#2736 = EDGE_LOOP('',(#2737,#2760,#2761,#2762));
#2737 = ORIENTED_EDGE('',*,*,#2738,.F.);
#2738 = EDGE_CURVE('',#2685,#2739,#2741,.T.);
#2739 = VERTEX_POINT('',#2740);
#2740 = CARTESIAN_POINT('',(-23.5,85.738030653013,61.484266666677));
#2741 = SURFACE_CURVE('',#2742,(#2746,#2753),.PCURVE_S1.);
#2742 = LINE('',#2743,#2744);
#2743 = CARTESIAN_POINT('',(-23.5,92.397647485706,61.484266666667));
#2744 = VECTOR('',#2745,1.);
#2745 = DIRECTION('',(-6.661338147751E-16,1.,-1.110223024625E-16));
#2746 = PCURVE('',#1078,#2747);
#2747 = DEFINITIONAL_REPRESENTATION('',(#2748),#2752);
#2748 = LINE('',#2749,#2750);
#2749 = CARTESIAN_POINT('',(-9.672116832693,-222.6677336141));
#2750 = VECTOR('',#2751,1.);
#2751 = DIRECTION('',(-1.,7.771561172376E-16));
#2752 = ( GEOMETRIC_REPRESENTATION_CONTEXT(2) 
PARAMETRIC_REPRESENTATION_CONTEXT() REPRESENTATION_CONTEXT('2D SPACE',''
  ) );
#2753 = PCURVE('',#1749,#2754);
#2754 = DEFINITIONAL_REPRESENTATION('',(#2755),#2759);
#2755 = LINE('',#2756,#2757);
#2756 = CARTESIAN_POINT('',(-2.116666666667,9.672116832693));
#2757 = VECTOR('',#2758,1.);
#2758 = DIRECTION('',(1.110223024625E-15,-1.));
#2759 = ( GEOMETRIC_REPRESENTATION_CONTEXT(2) 
PARAMETRIC_REPRESENTATION_CONTEXT() REPRESENTATION_CONTEXT('2D SPACE',''
  ) );
#2760 = ORIENTED_EDGE('',*,*,#2714,.T.);
#2761 = ORIENTED_EDGE('',*,*,#1062,.T.);
#2762 = ORIENTED_EDGE('',*,*,#2763,.F.);
#2763 = EDGE_CURVE('',#2739,#1030,#2764,.T.);
#2764 = SURFACE_CURVE('',#2765,(#2769,#2776),.PCURVE_S1.);
#2765 = LINE('',#2766,#2767);
#2766 = CARTESIAN_POINT('',(-246.1677336141,85.738030653013,
    61.484266666677));
#2767 = VECTOR('',#2768,1.);
#2768 = DIRECTION('',(1.,1.110223024625E-16,2.22044604925E-16));
#2769 = PCURVE('',#1078,#2770);
#2770 = DEFINITIONAL_REPRESENTATION('',(#2771),#2775);
#2771 = LINE('',#2772,#2773);
#2772 = CARTESIAN_POINT('',(-3.0125,3.344546861683E-16));
#2773 = VECTOR('',#2774,1.);
#2774 = DIRECTION('',(-6.661338147751E-16,-1.));
#2775 = ( GEOMETRIC_REPRESENTATION_CONTEXT(2) 
PARAMETRIC_REPRESENTATION_CONTEXT() REPRESENTATION_CONTEXT('2D SPACE',''
  ) );
#2776 = PCURVE('',#1050,#2777);
#2777 = DEFINITIONAL_REPRESENTATION('',(#2778),#2782);
#2778 = LINE('',#2779,#2780);
#2779 = CARTESIAN_POINT('',(-4.712393926252,0.));
#2780 = VECTOR('',#2781,1.);
#2781 = DIRECTION('',(-0.,-1.));
#2782 = ( GEOMETRIC_REPRESENTATION_CONTEXT(2) 
PARAMETRIC_REPRESENTATION_CONTEXT() REPRESENTATION_CONTEXT('2D SPACE',''
  ) );
#2783 = ADVANCED_FACE('',(#2784),#1050,.F.);
#2784 = FACE_BOUND('',#2785,.T.);
#2785 = EDGE_LOOP('',(#2786,#2814,#2815,#2816));
#2786 = ORIENTED_EDGE('',*,*,#2787,.F.);
#2787 = EDGE_CURVE('',#2739,#2788,#2790,.T.);
#2788 = VERTEX_POINT('',#2789);
#2789 = CARTESIAN_POINT('',(-23.5,86.477603955791,61.648228039352));
#2790 = SURFACE_CURVE('',#2791,(#2796,#2803),.PCURVE_S1.);
#2791 = CIRCLE('',#2792,1.75);
#2792 = AXIS2_PLACEMENT_3D('',#2793,#2794,#2795);
#2793 = CARTESIAN_POINT('',(-23.5,85.738021997745,63.234266666667));
#2794 = DIRECTION('',(1.,-1.110223024625E-16,-1.232595164408E-32));
#2795 = DIRECTION('',(1.110223024625E-16,1.,-3.330669073875E-16));
#2796 = PCURVE('',#1050,#2797);
#2797 = DEFINITIONAL_REPRESENTATION('',(#2798),#2802);
#2798 = LINE('',#2799,#2800);
#2799 = CARTESIAN_POINT('',(2.22044604925E-16,-222.6677336141));
#2800 = VECTOR('',#2801,1.);
#2801 = DIRECTION('',(-1.,0.));
#2802 = ( GEOMETRIC_REPRESENTATION_CONTEXT(2) 
PARAMETRIC_REPRESENTATION_CONTEXT() REPRESENTATION_CONTEXT('2D SPACE',''
  ) );
#2803 = PCURVE('',#1749,#2804);
#2804 = DEFINITIONAL_REPRESENTATION('',(#2805),#2813);
#2805 = ( BOUNDED_CURVE() B_SPLINE_CURVE(2,(#2806,#2807,#2808,#2809,
#2810,#2811,#2812),.UNSPECIFIED.,.T.,.F.) B_SPLINE_CURVE_WITH_KNOTS((1,2
    ,2,2,2,1),(-2.094395102393,0.,2.094395102393,4.188790204786,
6.28318530718,8.377580409573),.UNSPECIFIED.) CURVE() 
GEOMETRIC_REPRESENTATION_ITEM() RATIONAL_B_SPLINE_CURVE((1.,0.5,1.,0.5,
1.,0.5,1.)) REPRESENTATION_ITEM('') );
#2806 = CARTESIAN_POINT('',(-3.866666666667,14.581742320655));
#2807 = CARTESIAN_POINT('',(-6.897755579912,14.581742320655));
#2808 = CARTESIAN_POINT('',(-5.38221112329,17.206742320655));
#2809 = CARTESIAN_POINT('',(-3.866666666667,19.831742320655));
#2810 = CARTESIAN_POINT('',(-2.351122210044,17.206742320655));
#2811 = CARTESIAN_POINT('',(-0.835577753421,14.581742320655));
#2812 = CARTESIAN_POINT('',(-3.866666666667,14.581742320655));
#2813 = ( GEOMETRIC_REPRESENTATION_CONTEXT(2) 
PARAMETRIC_REPRESENTATION_CONTEXT() REPRESENTATION_CONTEXT('2D SPACE',''
  ) );
#2814 = ORIENTED_EDGE('',*,*,#2763,.T.);
#2815 = ORIENTED_EDGE('',*,*,#1029,.T.);
#2816 = ORIENTED_EDGE('',*,*,#2817,.F.);
#2817 = EDGE_CURVE('',#2788,#1002,#2818,.T.);
#2818 = SURFACE_CURVE('',#2819,(#2823,#2830),.PCURVE_S1.);
#2819 = LINE('',#2820,#2821);
#2820 = CARTESIAN_POINT('',(-246.1677336141,86.477603955791,
    61.648228039352));
#2821 = VECTOR('',#2822,1.);
#2822 = DIRECTION('',(1.,1.110223024625E-16,2.22044604925E-16));
#2823 = PCURVE('',#1050,#2824);
#2824 = DEFINITIONAL_REPRESENTATION('',(#2825),#2829);
#2825 = LINE('',#2826,#2827);
#2826 = CARTESIAN_POINT('',(-5.148721293383,0.));
#2827 = VECTOR('',#2828,1.);
#2828 = DIRECTION('',(-0.,-1.));
#2829 = ( GEOMETRIC_REPRESENTATION_CONTEXT(2) 
PARAMETRIC_REPRESENTATION_CONTEXT() REPRESENTATION_CONTEXT('2D SPACE',''
  ) );
#2830 = PCURVE('',#1017,#2831);
#2831 = DEFINITIONAL_REPRESENTATION('',(#2832),#2836);
#2832 = LINE('',#2833,#2834);
#2833 = CARTESIAN_POINT('',(-0.,0.));
#2834 = VECTOR('',#2835,1.);
#2835 = DIRECTION('',(-8.85242578426E-16,-1.));
#2836 = ( GEOMETRIC_REPRESENTATION_CONTEXT(2) 
PARAMETRIC_REPRESENTATION_CONTEXT() REPRESENTATION_CONTEXT('2D SPACE',''
  ) );
#2837 = ADVANCED_FACE('',(#2838),#1017,.F.);
#2838 = FACE_BOUND('',#2839,.T.);
#2839 = EDGE_LOOP('',(#2840,#2863,#2864,#2865));
#2840 = ORIENTED_EDGE('',*,*,#2841,.F.);
#2841 = EDGE_CURVE('',#2788,#2842,#2844,.T.);
#2842 = VERTEX_POINT('',#2843);
#2843 = CARTESIAN_POINT('',(-23.5,94.852784078696,65.553638669091));
#2844 = SURFACE_CURVE('',#2845,(#2849,#2856),.PCURVE_S1.);
#2845 = LINE('',#2846,#2847);
#2846 = CARTESIAN_POINT('',(-23.5,92.444490309684,64.430632841513));
#2847 = VECTOR('',#2848,1.);
#2848 = DIRECTION('',(-4.629621060956E-16,0.906307787037,0.422618261741)
  );
#2849 = PCURVE('',#1017,#2850);
#2850 = DEFINITIONAL_REPRESENTATION('',(#2851),#2855);
#2851 = LINE('',#2852,#2853);
#2852 = CARTESIAN_POINT('',(-6.583730647844,-222.6677336141));
#2853 = VECTOR('',#2854,1.);
#2854 = DIRECTION('',(-1.,5.635824833521E-16));
#2855 = ( GEOMETRIC_REPRESENTATION_CONTEXT(2) 
PARAMETRIC_REPRESENTATION_CONTEXT() REPRESENTATION_CONTEXT('2D SPACE',''
  ) );
#2856 = PCURVE('',#1749,#2857);
#2857 = DEFINITIONAL_REPRESENTATION('',(#2858),#2862);
#2858 = LINE('',#2859,#2860);
#2859 = CARTESIAN_POINT('',(-5.063032841513,9.625274008716));
#2860 = VECTOR('',#2861,1.);
#2861 = DIRECTION('',(-0.422618261741,-0.906307787037));
#2862 = ( GEOMETRIC_REPRESENTATION_CONTEXT(2) 
PARAMETRIC_REPRESENTATION_CONTEXT() REPRESENTATION_CONTEXT('2D SPACE',''
  ) );
#2863 = ORIENTED_EDGE('',*,*,#2817,.T.);
#2864 = ORIENTED_EDGE('',*,*,#1001,.T.);
#2865 = ORIENTED_EDGE('',*,*,#2866,.F.);
#2866 = EDGE_CURVE('',#2842,#969,#2867,.T.);
#2867 = SURFACE_CURVE('',#2868,(#2872,#2879),.PCURVE_S1.);
#2868 = LINE('',#2869,#2870);
#2869 = CARTESIAN_POINT('',(-246.1677336141,94.852784078697,
    65.553638669091));
#2870 = VECTOR('',#2871,1.);
#2871 = DIRECTION('',(1.,1.110223024625E-16,2.22044604925E-16));
#2872 = PCURVE('',#1017,#2873);
#2873 = DEFINITIONAL_REPRESENTATION('',(#2874),#2878);
#2874 = LINE('',#2875,#2876);
#2875 = CARTESIAN_POINT('',(-9.240988814948,-3.709312597421E-16));
#2876 = VECTOR('',#2877,1.);
#2877 = DIRECTION('',(-8.85242578426E-16,-1.));
#2878 = ( GEOMETRIC_REPRESENTATION_CONTEXT(2) 
PARAMETRIC_REPRESENTATION_CONTEXT() REPRESENTATION_CONTEXT('2D SPACE',''
  ) );
#2879 = PCURVE('',#989,#2880);
#2880 = DEFINITIONAL_REPRESENTATION('',(#2881),#2885);
#2881 = LINE('',#2882,#2883);
#2882 = CARTESIAN_POINT('',(-2.007128583306,0.));
#2883 = VECTOR('',#2884,1.);
#2884 = DIRECTION('',(-0.,-1.));
#2885 = ( GEOMETRIC_REPRESENTATION_CONTEXT(2) 
PARAMETRIC_REPRESENTATION_CONTEXT() REPRESENTATION_CONTEXT('2D SPACE',''
  ) );
#2886 = ADVANCED_FACE('',(#2887),#989,.T.);
#2887 = FACE_BOUND('',#2888,.F.);
#2888 = EDGE_LOOP('',(#2889,#2917,#2938,#2939));
#2889 = ORIENTED_EDGE('',*,*,#2890,.F.);
#2890 = EDGE_CURVE('',#2891,#2842,#2893,.T.);
#2891 = VERTEX_POINT('',#2892);
#2892 = CARTESIAN_POINT('',(-23.5,95.592365911311,65.7176));
#2893 = SURFACE_CURVE('',#2894,(#2899,#2906),.PCURVE_S1.);
#2894 = CIRCLE('',#2895,1.75);
#2895 = AXIS2_PLACEMENT_3D('',#2896,#2897,#2898);
#2896 = CARTESIAN_POINT('',(-23.5,95.592365947152,63.9676));
#2897 = DIRECTION('',(1.,-1.110223024625E-16,-1.232595164408E-32));
#2898 = DIRECTION('',(1.110223024625E-16,1.,-3.330669073875E-16));
#2899 = PCURVE('',#989,#2900);
#2900 = DEFINITIONAL_REPRESENTATION('',(#2901),#2905);
#2901 = LINE('',#2902,#2903);
#2902 = CARTESIAN_POINT('',(2.22044604925E-16,-222.6677336141));
#2903 = VECTOR('',#2904,1.);
#2904 = DIRECTION('',(-1.,0.));
#2905 = ( GEOMETRIC_REPRESENTATION_CONTEXT(2) 
PARAMETRIC_REPRESENTATION_CONTEXT() REPRESENTATION_CONTEXT('2D SPACE',''
  ) );
#2906 = PCURVE('',#1749,#2907);
#2907 = DEFINITIONAL_REPRESENTATION('',(#2908),#2916);
#2908 = ( BOUNDED_CURVE() B_SPLINE_CURVE(2,(#2909,#2910,#2911,#2912,
#2913,#2914,#2915),.UNSPECIFIED.,.T.,.F.) B_SPLINE_CURVE_WITH_KNOTS((1,2
    ,2,2,2,1),(-2.094395102393,0.,2.094395102393,4.188790204786,
6.28318530718,8.377580409573),.UNSPECIFIED.) CURVE() 
GEOMETRIC_REPRESENTATION_ITEM() RATIONAL_B_SPLINE_CURVE((1.,0.5,1.,0.5,
1.,0.5,1.)) REPRESENTATION_ITEM('') );
#2909 = CARTESIAN_POINT('',(-4.6,4.727398371247));
#2910 = CARTESIAN_POINT('',(-7.631088913246,4.727398371247));
#2911 = CARTESIAN_POINT('',(-6.115544456623,7.352398371247));
#2912 = CARTESIAN_POINT('',(-4.6,9.977398371247));
#2913 = CARTESIAN_POINT('',(-3.084455543377,7.352398371247));
#2914 = CARTESIAN_POINT('',(-1.568911086755,4.727398371247));
#2915 = CARTESIAN_POINT('',(-4.6,4.727398371247));
#2916 = ( GEOMETRIC_REPRESENTATION_CONTEXT(2) 
PARAMETRIC_REPRESENTATION_CONTEXT() REPRESENTATION_CONTEXT('2D SPACE',''
  ) );
#2917 = ORIENTED_EDGE('',*,*,#2918,.T.);
#2918 = EDGE_CURVE('',#2891,#941,#2919,.T.);
#2919 = SURFACE_CURVE('',#2920,(#2924,#2931),.PCURVE_S1.);
#2920 = LINE('',#2921,#2922);
#2921 = CARTESIAN_POINT('',(-246.1677336141,95.592365911311,65.7176));
#2922 = VECTOR('',#2923,1.);
#2923 = DIRECTION('',(1.,1.110223024625E-16,2.22044604925E-16));
#2924 = PCURVE('',#989,#2925);
#2925 = DEFINITIONAL_REPRESENTATION('',(#2926),#2930);
#2926 = LINE('',#2927,#2928);
#2927 = CARTESIAN_POINT('',(-1.570796347275,0.));
#2928 = VECTOR('',#2929,1.);
#2929 = DIRECTION('',(-0.,-1.));
#2930 = ( GEOMETRIC_REPRESENTATION_CONTEXT(2) 
PARAMETRIC_REPRESENTATION_CONTEXT() REPRESENTATION_CONTEXT('2D SPACE',''
  ) );
#2931 = PCURVE('',#956,#2932);
#2932 = DEFINITIONAL_REPRESENTATION('',(#2933),#2937);
#2933 = LINE('',#2934,#2935);
#2934 = CARTESIAN_POINT('',(-118.2276340886,-227.6677336141));
#2935 = VECTOR('',#2936,1.);
#2936 = DIRECTION('',(1.110223024625E-16,1.));
#2937 = ( GEOMETRIC_REPRESENTATION_CONTEXT(2) 
PARAMETRIC_REPRESENTATION_CONTEXT() REPRESENTATION_CONTEXT('2D SPACE',''
  ) );
#2938 = ORIENTED_EDGE('',*,*,#968,.T.);
#2939 = ORIENTED_EDGE('',*,*,#2866,.F.);
#2940 = ADVANCED_FACE('',(#2941),#956,.F.);
#2941 = FACE_BOUND('',#2942,.T.);
#2942 = EDGE_LOOP('',(#2943,#2944,#2967,#2988));
#2943 = ORIENTED_EDGE('',*,*,#940,.F.);
#2944 = ORIENTED_EDGE('',*,*,#2945,.F.);
#2945 = EDGE_CURVE('',#2946,#908,#2948,.T.);
#2946 = VERTEX_POINT('',#2947);
#2947 = CARTESIAN_POINT('',(-23.5,118.45954597952,65.7176));
#2948 = SURFACE_CURVE('',#2949,(#2953,#2960),.PCURVE_S1.);
#2949 = LINE('',#2950,#2951);
#2950 = CARTESIAN_POINT('',(-246.1677336141,118.45954597952,65.7176));
#2951 = VECTOR('',#2952,1.);
#2952 = DIRECTION('',(1.,1.110223024625E-16,2.22044604925E-16));
#2953 = PCURVE('',#956,#2954);
#2954 = DEFINITIONAL_REPRESENTATION('',(#2955),#2959);
#2955 = LINE('',#2956,#2957);
#2956 = CARTESIAN_POINT('',(-95.36045402048,-227.6677336141));
#2957 = VECTOR('',#2958,1.);
#2958 = DIRECTION('',(1.110223024625E-16,1.));
#2959 = ( GEOMETRIC_REPRESENTATION_CONTEXT(2) 
PARAMETRIC_REPRESENTATION_CONTEXT() REPRESENTATION_CONTEXT('2D SPACE',''
  ) );
#2960 = PCURVE('',#928,#2961);
#2961 = DEFINITIONAL_REPRESENTATION('',(#2962),#2966);
#2962 = LINE('',#2963,#2964);
#2963 = CARTESIAN_POINT('',(-1.570796326795,0.));
#2964 = VECTOR('',#2965,1.);
#2965 = DIRECTION('',(-0.,-1.));
#2966 = ( GEOMETRIC_REPRESENTATION_CONTEXT(2) 
PARAMETRIC_REPRESENTATION_CONTEXT() REPRESENTATION_CONTEXT('2D SPACE',''
  ) );
#2967 = ORIENTED_EDGE('',*,*,#2968,.T.);
#2968 = EDGE_CURVE('',#2946,#2891,#2969,.T.);
#2969 = SURFACE_CURVE('',#2970,(#2974,#2981),.PCURVE_S1.);
#2970 = LINE('',#2971,#2972);
#2971 = CARTESIAN_POINT('',(-23.5,213.82,65.7176));
#2972 = VECTOR('',#2973,1.);
#2973 = DIRECTION('',(7.395570986447E-32,-1.,2.331468351713E-15));
#2974 = PCURVE('',#956,#2975);
#2975 = DEFINITIONAL_REPRESENTATION('',(#2976),#2980);
#2976 = LINE('',#2977,#2978);
#2977 = CARTESIAN_POINT('',(2.284838984679E-13,-5.));
#2978 = VECTOR('',#2979,1.);
#2979 = DIRECTION('',(-1.,-8.881784197001E-16));
#2980 = ( GEOMETRIC_REPRESENTATION_CONTEXT(2) 
PARAMETRIC_REPRESENTATION_CONTEXT() REPRESENTATION_CONTEXT('2D SPACE',''
  ) );
#2981 = PCURVE('',#1749,#2982);
#2982 = DEFINITIONAL_REPRESENTATION('',(#2983),#2987);
#2983 = LINE('',#2984,#2985);
#2984 = CARTESIAN_POINT('',(-6.35,-111.7502356816));
#2985 = VECTOR('',#2986,1.);
#2986 = DIRECTION('',(-2.6645352591E-15,1.));
#2987 = ( GEOMETRIC_REPRESENTATION_CONTEXT(2) 
PARAMETRIC_REPRESENTATION_CONTEXT() REPRESENTATION_CONTEXT('2D SPACE',''
  ) );
#2988 = ORIENTED_EDGE('',*,*,#2918,.T.);
#2989 = ADVANCED_FACE('',(#2990),#928,.T.);
#2990 = FACE_BOUND('',#2991,.F.);
#2991 = EDGE_LOOP('',(#2992,#3020,#3041,#3042));
#2992 = ORIENTED_EDGE('',*,*,#2993,.F.);
#2993 = EDGE_CURVE('',#2994,#2946,#2996,.T.);
#2994 = VERTEX_POINT('',#2995);
#2995 = CARTESIAN_POINT('',(-23.5,119.45954597952,64.7176));
#2996 = SURFACE_CURVE('',#2997,(#3002,#3009),.PCURVE_S1.);
#2997 = CIRCLE('',#2998,1.);
#2998 = AXIS2_PLACEMENT_3D('',#2999,#3000,#3001);
#2999 = CARTESIAN_POINT('',(-23.5,118.45954597952,64.7176));
#3000 = DIRECTION('',(1.,-1.110223024625E-16,-1.232595164408E-32));
#3001 = DIRECTION('',(1.110223024625E-16,1.,-3.330669073875E-16));
#3002 = PCURVE('',#928,#3003);
#3003 = DEFINITIONAL_REPRESENTATION('',(#3004),#3008);
#3004 = LINE('',#3005,#3006);
#3005 = CARTESIAN_POINT('',(-0.,-222.6677336141));
#3006 = VECTOR('',#3007,1.);
#3007 = DIRECTION('',(-1.,0.));
#3008 = ( GEOMETRIC_REPRESENTATION_CONTEXT(2) 
PARAMETRIC_REPRESENTATION_CONTEXT() REPRESENTATION_CONTEXT('2D SPACE',''
  ) );
#3009 = PCURVE('',#1749,#3010);
#3010 = DEFINITIONAL_REPRESENTATION('',(#3011),#3019);
#3011 = ( BOUNDED_CURVE() B_SPLINE_CURVE(2,(#3012,#3013,#3014,#3015,
#3016,#3017,#3018),.UNSPECIFIED.,.T.,.F.) B_SPLINE_CURVE_WITH_KNOTS((1,2
    ,2,2,2,1),(-2.094395102393,0.,2.094395102393,4.188790204786,
6.28318530718,8.377580409573),.UNSPECIFIED.) CURVE() 
GEOMETRIC_REPRESENTATION_ITEM() RATIONAL_B_SPLINE_CURVE((1.,0.5,1.,0.5,
1.,0.5,1.)) REPRESENTATION_ITEM('') );
#3012 = CARTESIAN_POINT('',(-5.35,-17.38978166112));
#3013 = CARTESIAN_POINT('',(-7.082050807569,-17.38978166112));
#3014 = CARTESIAN_POINT('',(-6.216025403785,-15.88978166112));
#3015 = CARTESIAN_POINT('',(-5.35,-14.38978166112));
#3016 = CARTESIAN_POINT('',(-4.483974596216,-15.88978166112));
#3017 = CARTESIAN_POINT('',(-3.617949192431,-17.38978166112));
#3018 = CARTESIAN_POINT('',(-5.35,-17.38978166112));
#3019 = ( GEOMETRIC_REPRESENTATION_CONTEXT(2) 
PARAMETRIC_REPRESENTATION_CONTEXT() REPRESENTATION_CONTEXT('2D SPACE',''
  ) );
#3020 = ORIENTED_EDGE('',*,*,#3021,.T.);
#3021 = EDGE_CURVE('',#2994,#880,#3022,.T.);
#3022 = SURFACE_CURVE('',#3023,(#3027,#3034),.PCURVE_S1.);
#3023 = LINE('',#3024,#3025);
#3024 = CARTESIAN_POINT('',(-246.1677336141,119.45954597952,64.7176));
#3025 = VECTOR('',#3026,1.);
#3026 = DIRECTION('',(1.,1.110223024625E-16,2.22044604925E-16));
#3027 = PCURVE('',#928,#3028);
#3028 = DEFINITIONAL_REPRESENTATION('',(#3029),#3033);
#3029 = LINE('',#3030,#3031);
#3030 = CARTESIAN_POINT('',(-1.114423774522E-16,0.));
#3031 = VECTOR('',#3032,1.);
#3032 = DIRECTION('',(-0.,-1.));
#3033 = ( GEOMETRIC_REPRESENTATION_CONTEXT(2) 
PARAMETRIC_REPRESENTATION_CONTEXT() REPRESENTATION_CONTEXT('2D SPACE',''
  ) );
#3034 = PCURVE('',#895,#3035);
#3035 = DEFINITIONAL_REPRESENTATION('',(#3036),#3040);
#3036 = LINE('',#3037,#3038);
#3037 = CARTESIAN_POINT('',(-0.,-0.));
#3038 = VECTOR('',#3039,1.);
#3039 = DIRECTION('',(6.661338147751E-16,-1.));
#3040 = ( GEOMETRIC_REPRESENTATION_CONTEXT(2) 
PARAMETRIC_REPRESENTATION_CONTEXT() REPRESENTATION_CONTEXT('2D SPACE',''
  ) );
#3041 = ORIENTED_EDGE('',*,*,#907,.T.);
#3042 = ORIENTED_EDGE('',*,*,#2945,.F.);
#3043 = ADVANCED_FACE('',(#3044),#895,.F.);
#3044 = FACE_BOUND('',#3045,.T.);
#3045 = EDGE_LOOP('',(#3046,#3069,#3070,#3071));
#3046 = ORIENTED_EDGE('',*,*,#3047,.F.);
#3047 = EDGE_CURVE('',#2994,#3048,#3050,.T.);
#3048 = VERTEX_POINT('',#3049);
#3049 = CARTESIAN_POINT('',(-23.5,119.45954597952,63.234266666667));
#3050 = SURFACE_CURVE('',#3051,(#3055,#3062),.PCURVE_S1.);
#3051 = LINE('',#3052,#3053);
#3052 = CARTESIAN_POINT('',(-23.5,119.45954597952,62.0426));
#3053 = VECTOR('',#3054,1.);
#3054 = DIRECTION('',(-3.330669073875E-16,-1.110223024625E-16,-1.));
#3055 = PCURVE('',#895,#3056);
#3056 = DEFINITIONAL_REPRESENTATION('',(#3057),#3061);
#3057 = LINE('',#3058,#3059);
#3058 = CARTESIAN_POINT('',(-2.675,-222.6677336141));
#3059 = VECTOR('',#3060,1.);
#3060 = DIRECTION('',(-1.,3.330669073875E-16));
#3061 = ( GEOMETRIC_REPRESENTATION_CONTEXT(2) 
PARAMETRIC_REPRESENTATION_CONTEXT() REPRESENTATION_CONTEXT('2D SPACE',''
  ) );
#3062 = PCURVE('',#1749,#3063);
#3063 = DEFINITIONAL_REPRESENTATION('',(#3064),#3068);
#3064 = LINE('',#3065,#3066);
#3065 = CARTESIAN_POINT('',(-2.675,-17.38978166112));
#3066 = VECTOR('',#3067,1.);
#3067 = DIRECTION('',(1.,-2.22044604925E-15));
#3068 = ( GEOMETRIC_REPRESENTATION_CONTEXT(2) 
PARAMETRIC_REPRESENTATION_CONTEXT() REPRESENTATION_CONTEXT('2D SPACE',''
  ) );
#3069 = ORIENTED_EDGE('',*,*,#3021,.T.);
#3070 = ORIENTED_EDGE('',*,*,#879,.T.);
#3071 = ORIENTED_EDGE('',*,*,#3072,.F.);
#3072 = EDGE_CURVE('',#3048,#847,#3073,.T.);
#3073 = SURFACE_CURVE('',#3074,(#3078,#3085),.PCURVE_S1.);
#3074 = LINE('',#3075,#3076);
#3075 = CARTESIAN_POINT('',(-246.1677336141,119.45954597952,
    63.234266666667));
#3076 = VECTOR('',#3077,1.);
#3077 = DIRECTION('',(1.,1.110223024625E-16,2.22044604925E-16));
#3078 = PCURVE('',#895,#3079);
#3079 = DEFINITIONAL_REPRESENTATION('',(#3080),#3084);
#3080 = LINE('',#3081,#3082);
#3081 = CARTESIAN_POINT('',(-1.483333333333,4.940492459582E-16));
#3082 = VECTOR('',#3083,1.);
#3083 = DIRECTION('',(6.661338147751E-16,-1.));
#3084 = ( GEOMETRIC_REPRESENTATION_CONTEXT(2) 
PARAMETRIC_REPRESENTATION_CONTEXT() REPRESENTATION_CONTEXT('2D SPACE',''
  ) );
#3085 = PCURVE('',#867,#3086);
#3086 = DEFINITIONAL_REPRESENTATION('',(#3087),#3091);
#3087 = LINE('',#3088,#3089);
#3088 = CARTESIAN_POINT('',(-3.14159265359,0.));
#3089 = VECTOR('',#3090,1.);
#3090 = DIRECTION('',(-0.,-1.));
#3091 = ( GEOMETRIC_REPRESENTATION_CONTEXT(2) 
PARAMETRIC_REPRESENTATION_CONTEXT() REPRESENTATION_CONTEXT('2D SPACE',''
  ) );
#3092 = ADVANCED_FACE('',(#3093),#867,.F.);
#3093 = FACE_BOUND('',#3094,.T.);
#3094 = EDGE_LOOP('',(#3095,#3123,#3124,#3125));
#3095 = ORIENTED_EDGE('',*,*,#3096,.F.);
#3096 = EDGE_CURVE('',#3048,#3097,#3099,.T.);
#3097 = VERTEX_POINT('',#3098);
#3098 = CARTESIAN_POINT('',(-23.5,121.20954597952,61.484266666667));
#3099 = SURFACE_CURVE('',#3100,(#3105,#3112),.PCURVE_S1.);
#3100 = CIRCLE('',#3101,1.75);
#3101 = AXIS2_PLACEMENT_3D('',#3102,#3103,#3104);
#3102 = CARTESIAN_POINT('',(-23.5,121.20954597952,63.234266666667));
#3103 = DIRECTION('',(1.,-1.110223024625E-16,-1.232595164408E-32));
#3104 = DIRECTION('',(1.110223024625E-16,1.,-3.330669073875E-16));
#3105 = PCURVE('',#867,#3106);
#3106 = DEFINITIONAL_REPRESENTATION('',(#3107),#3111);
#3107 = LINE('',#3108,#3109);
#3108 = CARTESIAN_POINT('',(2.22044604925E-16,-222.6677336141));
#3109 = VECTOR('',#3110,1.);
#3110 = DIRECTION('',(-1.,0.));
#3111 = ( GEOMETRIC_REPRESENTATION_CONTEXT(2) 
PARAMETRIC_REPRESENTATION_CONTEXT() REPRESENTATION_CONTEXT('2D SPACE',''
  ) );
#3112 = PCURVE('',#1749,#3113);
#3113 = DEFINITIONAL_REPRESENTATION('',(#3114),#3122);
#3114 = ( BOUNDED_CURVE() B_SPLINE_CURVE(2,(#3115,#3116,#3117,#3118,
#3119,#3120,#3121),.UNSPECIFIED.,.T.,.F.) B_SPLINE_CURVE_WITH_KNOTS((1,2
    ,2,2,2,1),(-2.094395102393,0.,2.094395102393,4.188790204786,
6.28318530718,8.377580409573),.UNSPECIFIED.) CURVE() 
GEOMETRIC_REPRESENTATION_ITEM() RATIONAL_B_SPLINE_CURVE((1.,0.5,1.,0.5,
1.,0.5,1.)) REPRESENTATION_ITEM('') );
#3115 = CARTESIAN_POINT('',(-3.866666666667,-20.88978166112));
#3116 = CARTESIAN_POINT('',(-6.897755579912,-20.88978166112));
#3117 = CARTESIAN_POINT('',(-5.38221112329,-18.26478166112));
#3118 = CARTESIAN_POINT('',(-3.866666666667,-15.63978166112));
#3119 = CARTESIAN_POINT('',(-2.351122210044,-18.26478166112));
#3120 = CARTESIAN_POINT('',(-0.835577753421,-20.88978166112));
#3121 = CARTESIAN_POINT('',(-3.866666666667,-20.88978166112));
#3122 = ( GEOMETRIC_REPRESENTATION_CONTEXT(2) 
PARAMETRIC_REPRESENTATION_CONTEXT() REPRESENTATION_CONTEXT('2D SPACE',''
  ) );
#3123 = ORIENTED_EDGE('',*,*,#3072,.T.);
#3124 = ORIENTED_EDGE('',*,*,#846,.T.);
#3125 = ORIENTED_EDGE('',*,*,#3126,.F.);
#3126 = EDGE_CURVE('',#3097,#819,#3127,.T.);
#3127 = SURFACE_CURVE('',#3128,(#3132,#3139),.PCURVE_S1.);
#3128 = LINE('',#3129,#3130);
#3129 = CARTESIAN_POINT('',(-246.1677336141,121.20954597952,
    61.484266666667));
#3130 = VECTOR('',#3131,1.);
#3131 = DIRECTION('',(1.,1.110223024625E-16,2.22044604925E-16));
#3132 = PCURVE('',#867,#3133);
#3133 = DEFINITIONAL_REPRESENTATION('',(#3134),#3138);
#3134 = LINE('',#3135,#3136);
#3135 = CARTESIAN_POINT('',(-4.712388980385,0.));
#3136 = VECTOR('',#3137,1.);
#3137 = DIRECTION('',(-0.,-1.));
#3138 = ( GEOMETRIC_REPRESENTATION_CONTEXT(2) 
PARAMETRIC_REPRESENTATION_CONTEXT() REPRESENTATION_CONTEXT('2D SPACE',''
  ) );
#3139 = PCURVE('',#834,#3140);
#3140 = DEFINITIONAL_REPRESENTATION('',(#3141),#3145);
#3141 = LINE('',#3142,#3143);
#3142 = CARTESIAN_POINT('',(-0.,0.));
#3143 = VECTOR('',#3144,1.);
#3144 = DIRECTION('',(-6.661338147751E-16,-1.));
#3145 = ( GEOMETRIC_REPRESENTATION_CONTEXT(2) 
PARAMETRIC_REPRESENTATION_CONTEXT() REPRESENTATION_CONTEXT('2D SPACE',''
  ) );
#3146 = ADVANCED_FACE('',(#3147),#834,.F.);
#3147 = FACE_BOUND('',#3148,.T.);
#3148 = EDGE_LOOP('',(#3149,#3172,#3173,#3174));
#3149 = ORIENTED_EDGE('',*,*,#3150,.F.);
#3150 = EDGE_CURVE('',#3097,#3151,#3153,.T.);
#3151 = VERTEX_POINT('',#3152);
#3152 = CARTESIAN_POINT('',(-23.5,124.22204597952,61.484266666677));
#3153 = SURFACE_CURVE('',#3154,(#3158,#3165),.PCURVE_S1.);
#3154 = LINE('',#3155,#3156);
#3155 = CARTESIAN_POINT('',(-23.5,111.63965514896,61.484266666667));
#3156 = VECTOR('',#3157,1.);
#3157 = DIRECTION('',(-6.661338147751E-16,1.,-1.110223024625E-16));
#3158 = PCURVE('',#834,#3159);
#3159 = DEFINITIONAL_REPRESENTATION('',(#3160),#3164);
#3160 = LINE('',#3161,#3162);
#3161 = CARTESIAN_POINT('',(9.56989083056,-222.6677336141));
#3162 = VECTOR('',#3163,1.);
#3163 = DIRECTION('',(-1.,7.771561172376E-16));
#3164 = ( GEOMETRIC_REPRESENTATION_CONTEXT(2) 
PARAMETRIC_REPRESENTATION_CONTEXT() REPRESENTATION_CONTEXT('2D SPACE',''
  ) );
#3165 = PCURVE('',#1749,#3166);
#3166 = DEFINITIONAL_REPRESENTATION('',(#3167),#3171);
#3167 = LINE('',#3168,#3169);
#3168 = CARTESIAN_POINT('',(-2.116666666667,-9.56989083056));
#3169 = VECTOR('',#3170,1.);
#3170 = DIRECTION('',(1.110223024625E-15,-1.));
#3171 = ( GEOMETRIC_REPRESENTATION_CONTEXT(2) 
PARAMETRIC_REPRESENTATION_CONTEXT() REPRESENTATION_CONTEXT('2D SPACE',''
  ) );
#3172 = ORIENTED_EDGE('',*,*,#3126,.T.);
#3173 = ORIENTED_EDGE('',*,*,#818,.T.);
#3174 = ORIENTED_EDGE('',*,*,#3175,.F.);
#3175 = EDGE_CURVE('',#3151,#786,#3176,.T.);
#3176 = SURFACE_CURVE('',#3177,(#3181,#3188),.PCURVE_S1.);
#3177 = LINE('',#3178,#3179);
#3178 = CARTESIAN_POINT('',(-246.1677336141,124.22204597952,
    61.484266666677));
#3179 = VECTOR('',#3180,1.);
#3180 = DIRECTION('',(1.,1.110223024625E-16,2.22044604925E-16));
#3181 = PCURVE('',#834,#3182);
#3182 = DEFINITIONAL_REPRESENTATION('',(#3183),#3187);
#3183 = LINE('',#3184,#3185);
#3184 = CARTESIAN_POINT('',(-3.0125,3.344546861683E-16));
#3185 = VECTOR('',#3186,1.);
#3186 = DIRECTION('',(-6.661338147751E-16,-1.));
#3187 = ( GEOMETRIC_REPRESENTATION_CONTEXT(2) 
PARAMETRIC_REPRESENTATION_CONTEXT() REPRESENTATION_CONTEXT('2D SPACE',''
  ) );
#3188 = PCURVE('',#806,#3189);
#3189 = DEFINITIONAL_REPRESENTATION('',(#3190),#3194);
#3190 = LINE('',#3191,#3192);
#3191 = CARTESIAN_POINT('',(-4.712393926252,0.));
#3192 = VECTOR('',#3193,1.);
#3193 = DIRECTION('',(-0.,-1.));
#3194 = ( GEOMETRIC_REPRESENTATION_CONTEXT(2) 
PARAMETRIC_REPRESENTATION_CONTEXT() REPRESENTATION_CONTEXT('2D SPACE',''
  ) );
#3195 = ADVANCED_FACE('',(#3196),#806,.F.);
#3196 = FACE_BOUND('',#3197,.T.);
#3197 = EDGE_LOOP('',(#3198,#3226,#3227,#3228));
#3198 = ORIENTED_EDGE('',*,*,#3199,.F.);
#3199 = EDGE_CURVE('',#3151,#3200,#3202,.T.);
#3200 = VERTEX_POINT('',#3201);
#3201 = CARTESIAN_POINT('',(-23.5,124.96161928229,61.648228039352));
#3202 = SURFACE_CURVE('',#3203,(#3208,#3215),.PCURVE_S1.);
#3203 = CIRCLE('',#3204,1.75);
#3204 = AXIS2_PLACEMENT_3D('',#3205,#3206,#3207);
#3205 = CARTESIAN_POINT('',(-23.5,124.22203732425,63.234266666667));
#3206 = DIRECTION('',(1.,-1.110223024625E-16,-1.232595164408E-32));
#3207 = DIRECTION('',(1.110223024625E-16,1.,-3.330669073875E-16));
#3208 = PCURVE('',#806,#3209);
#3209 = DEFINITIONAL_REPRESENTATION('',(#3210),#3214);
#3210 = LINE('',#3211,#3212);
#3211 = CARTESIAN_POINT('',(2.22044604925E-16,-222.6677336141));
#3212 = VECTOR('',#3213,1.);
#3213 = DIRECTION('',(-1.,0.));
#3214 = ( GEOMETRIC_REPRESENTATION_CONTEXT(2) 
PARAMETRIC_REPRESENTATION_CONTEXT() REPRESENTATION_CONTEXT('2D SPACE',''
  ) );
#3215 = PCURVE('',#1749,#3216);
#3216 = DEFINITIONAL_REPRESENTATION('',(#3217),#3225);
#3217 = ( BOUNDED_CURVE() B_SPLINE_CURVE(2,(#3218,#3219,#3220,#3221,
#3222,#3223,#3224),.UNSPECIFIED.,.T.,.F.) B_SPLINE_CURVE_WITH_KNOTS((1,2
    ,2,2,2,1),(-2.094395102393,0.,2.094395102393,4.188790204786,
6.28318530718,8.377580409573),.UNSPECIFIED.) CURVE() 
GEOMETRIC_REPRESENTATION_ITEM() RATIONAL_B_SPLINE_CURVE((1.,0.5,1.,0.5,
1.,0.5,1.)) REPRESENTATION_ITEM('') );
#3218 = CARTESIAN_POINT('',(-3.866666666667,-23.90227300585));
#3219 = CARTESIAN_POINT('',(-6.897755579912,-23.90227300585));
#3220 = CARTESIAN_POINT('',(-5.38221112329,-21.27727300585));
#3221 = CARTESIAN_POINT('',(-3.866666666667,-18.65227300585));
#3222 = CARTESIAN_POINT('',(-2.351122210044,-21.27727300585));
#3223 = CARTESIAN_POINT('',(-0.835577753421,-23.90227300585));
#3224 = CARTESIAN_POINT('',(-3.866666666667,-23.90227300585));
#3225 = ( GEOMETRIC_REPRESENTATION_CONTEXT(2) 
PARAMETRIC_REPRESENTATION_CONTEXT() REPRESENTATION_CONTEXT('2D SPACE',''
  ) );
#3226 = ORIENTED_EDGE('',*,*,#3175,.T.);
#3227 = ORIENTED_EDGE('',*,*,#785,.T.);
#3228 = ORIENTED_EDGE('',*,*,#3229,.F.);
#3229 = EDGE_CURVE('',#3200,#758,#3230,.T.);
#3230 = SURFACE_CURVE('',#3231,(#3235,#3242),.PCURVE_S1.);
#3231 = LINE('',#3232,#3233);
#3232 = CARTESIAN_POINT('',(-246.1677336141,124.96161928229,
    61.648228039352));
#3233 = VECTOR('',#3234,1.);
#3234 = DIRECTION('',(1.,1.110223024625E-16,2.22044604925E-16));
#3235 = PCURVE('',#806,#3236);
#3236 = DEFINITIONAL_REPRESENTATION('',(#3237),#3241);
#3237 = LINE('',#3238,#3239);
#3238 = CARTESIAN_POINT('',(-5.148721293383,0.));
#3239 = VECTOR('',#3240,1.);
#3240 = DIRECTION('',(-0.,-1.));
#3241 = ( GEOMETRIC_REPRESENTATION_CONTEXT(2) 
PARAMETRIC_REPRESENTATION_CONTEXT() REPRESENTATION_CONTEXT('2D SPACE',''
  ) );
#3242 = PCURVE('',#773,#3243);
#3243 = DEFINITIONAL_REPRESENTATION('',(#3244),#3248);
#3244 = LINE('',#3245,#3246);
#3245 = CARTESIAN_POINT('',(-0.,0.));
#3246 = VECTOR('',#3247,1.);
#3247 = DIRECTION('',(-8.85242578426E-16,-1.));
#3248 = ( GEOMETRIC_REPRESENTATION_CONTEXT(2) 
PARAMETRIC_REPRESENTATION_CONTEXT() REPRESENTATION_CONTEXT('2D SPACE',''
  ) );
#3249 = ADVANCED_FACE('',(#3250),#773,.F.);
#3250 = FACE_BOUND('',#3251,.T.);
#3251 = EDGE_LOOP('',(#3252,#3275,#3276,#3277));
#3252 = ORIENTED_EDGE('',*,*,#3253,.F.);
#3253 = EDGE_CURVE('',#3200,#3254,#3256,.T.);
#3254 = VERTEX_POINT('',#3255);
#3255 = CARTESIAN_POINT('',(-23.5,133.3367994052,65.553638669091));
#3256 = SURFACE_CURVE('',#3257,(#3261,#3268),.PCURVE_S1.);
#3257 = LINE('',#3258,#3259);
#3258 = CARTESIAN_POINT('',(-23.5,115.12323974884,57.060516319069));
#3259 = VECTOR('',#3260,1.);
#3260 = DIRECTION('',(-4.629621060956E-16,0.906307787037,0.422618261741)
  );
#3261 = PCURVE('',#773,#3262);
#3262 = DEFINITIONAL_REPRESENTATION('',(#3263),#3267);
#3263 = LINE('',#3264,#3265);
#3264 = CARTESIAN_POINT('',(10.855450735581,-222.6677336141));
#3265 = VECTOR('',#3266,1.);
#3266 = DIRECTION('',(-1.,5.635824833521E-16));
#3267 = ( GEOMETRIC_REPRESENTATION_CONTEXT(2) 
PARAMETRIC_REPRESENTATION_CONTEXT() REPRESENTATION_CONTEXT('2D SPACE',''
  ) );
#3268 = PCURVE('',#1749,#3269);
#3269 = DEFINITIONAL_REPRESENTATION('',(#3270),#3274);
#3270 = LINE('',#3271,#3272);
#3271 = CARTESIAN_POINT('',(2.307083680931,-13.05347543044));
#3272 = VECTOR('',#3273,1.);
#3273 = DIRECTION('',(-0.422618261741,-0.906307787037));
#3274 = ( GEOMETRIC_REPRESENTATION_CONTEXT(2) 
PARAMETRIC_REPRESENTATION_CONTEXT() REPRESENTATION_CONTEXT('2D SPACE',''
  ) );
#3275 = ORIENTED_EDGE('',*,*,#3229,.T.);
#3276 = ORIENTED_EDGE('',*,*,#757,.T.);
#3277 = ORIENTED_EDGE('',*,*,#3278,.F.);
#3278 = EDGE_CURVE('',#3254,#725,#3279,.T.);
#3279 = SURFACE_CURVE('',#3280,(#3284,#3291),.PCURVE_S1.);
#3280 = LINE('',#3281,#3282);
#3281 = CARTESIAN_POINT('',(-246.1677336141,133.3367994052,
    65.553638669091));
#3282 = VECTOR('',#3283,1.);
#3283 = DIRECTION('',(1.,1.110223024625E-16,2.22044604925E-16));
#3284 = PCURVE('',#773,#3285);
#3285 = DEFINITIONAL_REPRESENTATION('',(#3286),#3290);
#3286 = LINE('',#3287,#3288);
#3287 = CARTESIAN_POINT('',(-9.240988814948,-3.709312597421E-16));
#3288 = VECTOR('',#3289,1.);
#3289 = DIRECTION('',(-8.85242578426E-16,-1.));
#3290 = ( GEOMETRIC_REPRESENTATION_CONTEXT(2) 
PARAMETRIC_REPRESENTATION_CONTEXT() REPRESENTATION_CONTEXT('2D SPACE',''
  ) );
#3291 = PCURVE('',#745,#3292);
#3292 = DEFINITIONAL_REPRESENTATION('',(#3293),#3297);
#3293 = LINE('',#3294,#3295);
#3294 = CARTESIAN_POINT('',(-2.007128583306,0.));
#3295 = VECTOR('',#3296,1.);
#3296 = DIRECTION('',(-0.,-1.));
#3297 = ( GEOMETRIC_REPRESENTATION_CONTEXT(2) 
PARAMETRIC_REPRESENTATION_CONTEXT() REPRESENTATION_CONTEXT('2D SPACE',''
  ) );
#3298 = ADVANCED_FACE('',(#3299),#745,.T.);
#3299 = FACE_BOUND('',#3300,.F.);
#3300 = EDGE_LOOP('',(#3301,#3329,#3350,#3351));
#3301 = ORIENTED_EDGE('',*,*,#3302,.F.);
#3302 = EDGE_CURVE('',#3303,#3254,#3305,.T.);
#3303 = VERTEX_POINT('',#3304);
#3304 = CARTESIAN_POINT('',(-23.5,134.07638123781,65.7176));
#3305 = SURFACE_CURVE('',#3306,(#3311,#3318),.PCURVE_S1.);
#3306 = CIRCLE('',#3307,1.75);
#3307 = AXIS2_PLACEMENT_3D('',#3308,#3309,#3310);
#3308 = CARTESIAN_POINT('',(-23.5,134.07638127365,63.9676));
#3309 = DIRECTION('',(1.,-1.110223024625E-16,-1.232595164408E-32));
#3310 = DIRECTION('',(1.110223024625E-16,1.,-3.330669073875E-16));
#3311 = PCURVE('',#745,#3312);
#3312 = DEFINITIONAL_REPRESENTATION('',(#3313),#3317);
#3313 = LINE('',#3314,#3315);
#3314 = CARTESIAN_POINT('',(2.22044604925E-16,-222.6677336141));
#3315 = VECTOR('',#3316,1.);
#3316 = DIRECTION('',(-1.,0.));
#3317 = ( GEOMETRIC_REPRESENTATION_CONTEXT(2) 
PARAMETRIC_REPRESENTATION_CONTEXT() REPRESENTATION_CONTEXT('2D SPACE',''
  ) );
#3318 = PCURVE('',#1749,#3319);
#3319 = DEFINITIONAL_REPRESENTATION('',(#3320),#3328);
#3320 = ( BOUNDED_CURVE() B_SPLINE_CURVE(2,(#3321,#3322,#3323,#3324,
#3325,#3326,#3327),.UNSPECIFIED.,.T.,.F.) B_SPLINE_CURVE_WITH_KNOTS((1,2
    ,2,2,2,1),(-2.094395102393,0.,2.094395102393,4.188790204786,
6.28318530718,8.377580409573),.UNSPECIFIED.) CURVE() 
GEOMETRIC_REPRESENTATION_ITEM() RATIONAL_B_SPLINE_CURVE((1.,0.5,1.,0.5,
1.,0.5,1.)) REPRESENTATION_ITEM('') );
#3321 = CARTESIAN_POINT('',(-4.6,-33.75661695525));
#3322 = CARTESIAN_POINT('',(-7.631088913246,-33.75661695525));
#3323 = CARTESIAN_POINT('',(-6.115544456623,-31.13161695525));
#3324 = CARTESIAN_POINT('',(-4.6,-28.50661695525));
#3325 = CARTESIAN_POINT('',(-3.084455543377,-31.13161695525));
#3326 = CARTESIAN_POINT('',(-1.568911086755,-33.75661695525));
#3327 = CARTESIAN_POINT('',(-4.6,-33.75661695525));
#3328 = ( GEOMETRIC_REPRESENTATION_CONTEXT(2) 
PARAMETRIC_REPRESENTATION_CONTEXT() REPRESENTATION_CONTEXT('2D SPACE',''
  ) );
#3329 = ORIENTED_EDGE('',*,*,#3330,.T.);
#3330 = EDGE_CURVE('',#3303,#697,#3331,.T.);
#3331 = SURFACE_CURVE('',#3332,(#3336,#3343),.PCURVE_S1.);
#3332 = LINE('',#3333,#3334);
#3333 = CARTESIAN_POINT('',(-246.1677336141,134.07638123781,65.7176));
#3334 = VECTOR('',#3335,1.);
#3335 = DIRECTION('',(1.,1.110223024625E-16,2.22044604925E-16));
#3336 = PCURVE('',#745,#3337);
#3337 = DEFINITIONAL_REPRESENTATION('',(#3338),#3342);
#3338 = LINE('',#3339,#3340);
#3339 = CARTESIAN_POINT('',(-1.570796347275,0.));
#3340 = VECTOR('',#3341,1.);
#3341 = DIRECTION('',(-0.,-1.));
#3342 = ( GEOMETRIC_REPRESENTATION_CONTEXT(2) 
PARAMETRIC_REPRESENTATION_CONTEXT() REPRESENTATION_CONTEXT('2D SPACE',''
  ) );
#3343 = PCURVE('',#712,#3344);
#3344 = DEFINITIONAL_REPRESENTATION('',(#3345),#3349);
#3345 = LINE('',#3346,#3347);
#3346 = CARTESIAN_POINT('',(-79.74361876218,-227.6677336141));
#3347 = VECTOR('',#3348,1.);
#3348 = DIRECTION('',(1.110223024625E-16,1.));
#3349 = ( GEOMETRIC_REPRESENTATION_CONTEXT(2) 
PARAMETRIC_REPRESENTATION_CONTEXT() REPRESENTATION_CONTEXT('2D SPACE',''
  ) );
#3350 = ORIENTED_EDGE('',*,*,#724,.T.);
#3351 = ORIENTED_EDGE('',*,*,#3278,.F.);
#3352 = ADVANCED_FACE('',(#3353),#712,.F.);
#3353 = FACE_BOUND('',#3354,.T.);
#3354 = EDGE_LOOP('',(#3355,#3356,#3379,#3400));
#3355 = ORIENTED_EDGE('',*,*,#696,.F.);
#3356 = ORIENTED_EDGE('',*,*,#3357,.F.);
#3357 = EDGE_CURVE('',#3358,#664,#3360,.T.);
#3358 = VERTEX_POINT('',#3359);
#3359 = CARTESIAN_POINT('',(-23.5,156.94356130602,65.7176));
#3360 = SURFACE_CURVE('',#3361,(#3365,#3372),.PCURVE_S1.);
#3361 = LINE('',#3362,#3363);
#3362 = CARTESIAN_POINT('',(-246.1677336141,156.94356130602,65.7176));
#3363 = VECTOR('',#3364,1.);
#3364 = DIRECTION('',(1.,1.110223024625E-16,2.22044604925E-16));
#3365 = PCURVE('',#712,#3366);
#3366 = DEFINITIONAL_REPRESENTATION('',(#3367),#3371);
#3367 = LINE('',#3368,#3369);
#3368 = CARTESIAN_POINT('',(-56.87643869397,-227.6677336141));
#3369 = VECTOR('',#3370,1.);
#3370 = DIRECTION('',(1.110223024625E-16,1.));
#3371 = ( GEOMETRIC_REPRESENTATION_CONTEXT(2) 
PARAMETRIC_REPRESENTATION_CONTEXT() REPRESENTATION_CONTEXT('2D SPACE',''
  ) );
#3372 = PCURVE('',#684,#3373);
#3373 = DEFINITIONAL_REPRESENTATION('',(#3374),#3378);
#3374 = LINE('',#3375,#3376);
#3375 = CARTESIAN_POINT('',(-1.570796326795,0.));
#3376 = VECTOR('',#3377,1.);
#3377 = DIRECTION('',(-0.,-1.));
#3378 = ( GEOMETRIC_REPRESENTATION_CONTEXT(2) 
PARAMETRIC_REPRESENTATION_CONTEXT() REPRESENTATION_CONTEXT('2D SPACE',''
  ) );
#3379 = ORIENTED_EDGE('',*,*,#3380,.T.);
#3380 = EDGE_CURVE('',#3358,#3303,#3381,.T.);
#3381 = SURFACE_CURVE('',#3382,(#3386,#3393),.PCURVE_S1.);
#3382 = LINE('',#3383,#3384);
#3383 = CARTESIAN_POINT('',(-23.5,213.82,65.7176));
#3384 = VECTOR('',#3385,1.);
#3385 = DIRECTION('',(7.395570986447E-32,-1.,2.331468351713E-15));
#3386 = PCURVE('',#712,#3387);
#3387 = DEFINITIONAL_REPRESENTATION('',(#3388),#3392);
#3388 = LINE('',#3389,#3390);
#3389 = CARTESIAN_POINT('',(2.284838984679E-13,-5.));
#3390 = VECTOR('',#3391,1.);
#3391 = DIRECTION('',(-1.,-8.881784197001E-16));
#3392 = ( GEOMETRIC_REPRESENTATION_CONTEXT(2) 
PARAMETRIC_REPRESENTATION_CONTEXT() REPRESENTATION_CONTEXT('2D SPACE',''
  ) );
#3393 = PCURVE('',#1749,#3394);
#3394 = DEFINITIONAL_REPRESENTATION('',(#3395),#3399);
#3395 = LINE('',#3396,#3397);
#3396 = CARTESIAN_POINT('',(-6.35,-111.7502356816));
#3397 = VECTOR('',#3398,1.);
#3398 = DIRECTION('',(-2.6645352591E-15,1.));
#3399 = ( GEOMETRIC_REPRESENTATION_CONTEXT(2) 
PARAMETRIC_REPRESENTATION_CONTEXT() REPRESENTATION_CONTEXT('2D SPACE',''
  ) );
#3400 = ORIENTED_EDGE('',*,*,#3330,.T.);
#3401 = ADVANCED_FACE('',(#3402),#684,.T.);
#3402 = FACE_BOUND('',#3403,.F.);
#3403 = EDGE_LOOP('',(#3404,#3432,#3453,#3454));
#3404 = ORIENTED_EDGE('',*,*,#3405,.F.);
#3405 = EDGE_CURVE('',#3406,#3358,#3408,.T.);
#3406 = VERTEX_POINT('',#3407);
#3407 = CARTESIAN_POINT('',(-23.5,157.94356130602,64.7176));
#3408 = SURFACE_CURVE('',#3409,(#3414,#3421),.PCURVE_S1.);
#3409 = CIRCLE('',#3410,1.);
#3410 = AXIS2_PLACEMENT_3D('',#3411,#3412,#3413);
#3411 = CARTESIAN_POINT('',(-23.5,156.94356130602,64.7176));
#3412 = DIRECTION('',(1.,-1.110223024625E-16,-1.232595164408E-32));
#3413 = DIRECTION('',(1.110223024625E-16,1.,-3.330669073875E-16));
#3414 = PCURVE('',#684,#3415);
#3415 = DEFINITIONAL_REPRESENTATION('',(#3416),#3420);
#3416 = LINE('',#3417,#3418);
#3417 = CARTESIAN_POINT('',(-0.,-222.6677336141));
#3418 = VECTOR('',#3419,1.);
#3419 = DIRECTION('',(-1.,0.));
#3420 = ( GEOMETRIC_REPRESENTATION_CONTEXT(2) 
PARAMETRIC_REPRESENTATION_CONTEXT() REPRESENTATION_CONTEXT('2D SPACE',''
  ) );
#3421 = PCURVE('',#1749,#3422);
#3422 = DEFINITIONAL_REPRESENTATION('',(#3423),#3431);
#3423 = ( BOUNDED_CURVE() B_SPLINE_CURVE(2,(#3424,#3425,#3426,#3427,
#3428,#3429,#3430),.UNSPECIFIED.,.T.,.F.) B_SPLINE_CURVE_WITH_KNOTS((1,2
    ,2,2,2,1),(-2.094395102393,0.,2.094395102393,4.188790204786,
6.28318530718,8.377580409573),.UNSPECIFIED.) CURVE() 
GEOMETRIC_REPRESENTATION_ITEM() RATIONAL_B_SPLINE_CURVE((1.,0.5,1.,0.5,
1.,0.5,1.)) REPRESENTATION_ITEM('') );
#3424 = CARTESIAN_POINT('',(-5.35,-55.87379698762));
#3425 = CARTESIAN_POINT('',(-7.082050807569,-55.87379698762));
#3426 = CARTESIAN_POINT('',(-6.216025403784,-54.37379698762));
#3427 = CARTESIAN_POINT('',(-5.35,-52.87379698762));
#3428 = CARTESIAN_POINT('',(-4.483974596216,-54.37379698762));
#3429 = CARTESIAN_POINT('',(-3.617949192431,-55.87379698762));
#3430 = CARTESIAN_POINT('',(-5.35,-55.87379698762));
#3431 = ( GEOMETRIC_REPRESENTATION_CONTEXT(2) 
PARAMETRIC_REPRESENTATION_CONTEXT() REPRESENTATION_CONTEXT('2D SPACE',''
  ) );
#3432 = ORIENTED_EDGE('',*,*,#3433,.T.);
#3433 = EDGE_CURVE('',#3406,#636,#3434,.T.);
#3434 = SURFACE_CURVE('',#3435,(#3439,#3446),.PCURVE_S1.);
#3435 = LINE('',#3436,#3437);
#3436 = CARTESIAN_POINT('',(-246.1677336141,157.94356130602,64.7176));
#3437 = VECTOR('',#3438,1.);
#3438 = DIRECTION('',(1.,1.110223024625E-16,2.22044604925E-16));
#3439 = PCURVE('',#684,#3440);
#3440 = DEFINITIONAL_REPRESENTATION('',(#3441),#3445);
#3441 = LINE('',#3442,#3443);
#3442 = CARTESIAN_POINT('',(-1.114423774522E-16,0.));
#3443 = VECTOR('',#3444,1.);
#3444 = DIRECTION('',(-0.,-1.));
#3445 = ( GEOMETRIC_REPRESENTATION_CONTEXT(2) 
PARAMETRIC_REPRESENTATION_CONTEXT() REPRESENTATION_CONTEXT('2D SPACE',''
  ) );
#3446 = PCURVE('',#651,#3447);
#3447 = DEFINITIONAL_REPRESENTATION('',(#3448),#3452);
#3448 = LINE('',#3449,#3450);
#3449 = CARTESIAN_POINT('',(-0.,-0.));
#3450 = VECTOR('',#3451,1.);
#3451 = DIRECTION('',(6.661338147751E-16,-1.));
#3452 = ( GEOMETRIC_REPRESENTATION_CONTEXT(2) 
PARAMETRIC_REPRESENTATION_CONTEXT() REPRESENTATION_CONTEXT('2D SPACE',''
  ) );
#3453 = ORIENTED_EDGE('',*,*,#663,.T.);
#3454 = ORIENTED_EDGE('',*,*,#3357,.F.);
#3455 = ADVANCED_FACE('',(#3456),#651,.F.);
#3456 = FACE_BOUND('',#3457,.T.);
#3457 = EDGE_LOOP('',(#3458,#3481,#3482,#3483));
#3458 = ORIENTED_EDGE('',*,*,#3459,.F.);
#3459 = EDGE_CURVE('',#3406,#3460,#3462,.T.);
#3460 = VERTEX_POINT('',#3461);
#3461 = CARTESIAN_POINT('',(-23.5,157.94356130602,63.234266666667));
#3462 = SURFACE_CURVE('',#3463,(#3467,#3474),.PCURVE_S1.);
#3463 = LINE('',#3464,#3465);
#3464 = CARTESIAN_POINT('',(-23.5,157.94356130602,62.0426));
#3465 = VECTOR('',#3466,1.);
#3466 = DIRECTION('',(-3.330669073875E-16,-1.110223024625E-16,-1.));
#3467 = PCURVE('',#651,#3468);
#3468 = DEFINITIONAL_REPRESENTATION('',(#3469),#3473);
#3469 = LINE('',#3470,#3471);
#3470 = CARTESIAN_POINT('',(-2.675,-222.6677336141));
#3471 = VECTOR('',#3472,1.);
#3472 = DIRECTION('',(-1.,3.330669073875E-16));
#3473 = ( GEOMETRIC_REPRESENTATION_CONTEXT(2) 
PARAMETRIC_REPRESENTATION_CONTEXT() REPRESENTATION_CONTEXT('2D SPACE',''
  ) );
#3474 = PCURVE('',#1749,#3475);
#3475 = DEFINITIONAL_REPRESENTATION('',(#3476),#3480);
#3476 = LINE('',#3477,#3478);
#3477 = CARTESIAN_POINT('',(-2.675,-55.87379698762));
#3478 = VECTOR('',#3479,1.);
#3479 = DIRECTION('',(1.,-2.22044604925E-15));
#3480 = ( GEOMETRIC_REPRESENTATION_CONTEXT(2) 
PARAMETRIC_REPRESENTATION_CONTEXT() REPRESENTATION_CONTEXT('2D SPACE',''
  ) );
#3481 = ORIENTED_EDGE('',*,*,#3433,.T.);
#3482 = ORIENTED_EDGE('',*,*,#635,.T.);
#3483 = ORIENTED_EDGE('',*,*,#3484,.F.);
#3484 = EDGE_CURVE('',#3460,#603,#3485,.T.);
#3485 = SURFACE_CURVE('',#3486,(#3490,#3497),.PCURVE_S1.);
#3486 = LINE('',#3487,#3488);
#3487 = CARTESIAN_POINT('',(-246.1677336141,157.94356130602,
    63.234266666667));
#3488 = VECTOR('',#3489,1.);
#3489 = DIRECTION('',(1.,1.110223024625E-16,2.22044604925E-16));
#3490 = PCURVE('',#651,#3491);
#3491 = DEFINITIONAL_REPRESENTATION('',(#3492),#3496);
#3492 = LINE('',#3493,#3494);
#3493 = CARTESIAN_POINT('',(-1.483333333333,4.940492459582E-16));
#3494 = VECTOR('',#3495,1.);
#3495 = DIRECTION('',(6.661338147751E-16,-1.));
#3496 = ( GEOMETRIC_REPRESENTATION_CONTEXT(2) 
PARAMETRIC_REPRESENTATION_CONTEXT() REPRESENTATION_CONTEXT('2D SPACE',''
  ) );
#3497 = PCURVE('',#623,#3498);
#3498 = DEFINITIONAL_REPRESENTATION('',(#3499),#3503);
#3499 = LINE('',#3500,#3501);
#3500 = CARTESIAN_POINT('',(-3.14159265359,0.));
#3501 = VECTOR('',#3502,1.);
#3502 = DIRECTION('',(-0.,-1.));
#3503 = ( GEOMETRIC_REPRESENTATION_CONTEXT(2) 
PARAMETRIC_REPRESENTATION_CONTEXT() REPRESENTATION_CONTEXT('2D SPACE',''
  ) );
#3504 = ADVANCED_FACE('',(#3505),#623,.F.);
#3505 = FACE_BOUND('',#3506,.T.);
#3506 = EDGE_LOOP('',(#3507,#3535,#3536,#3537));
#3507 = ORIENTED_EDGE('',*,*,#3508,.F.);
#3508 = EDGE_CURVE('',#3460,#3509,#3511,.T.);
#3509 = VERTEX_POINT('',#3510);
#3510 = CARTESIAN_POINT('',(-23.5,159.69356130602,61.484266666667));
#3511 = SURFACE_CURVE('',#3512,(#3517,#3524),.PCURVE_S1.);
#3512 = CIRCLE('',#3513,1.75);
#3513 = AXIS2_PLACEMENT_3D('',#3514,#3515,#3516);
#3514 = CARTESIAN_POINT('',(-23.5,159.69356130602,63.234266666667));
#3515 = DIRECTION('',(1.,-1.110223024625E-16,-1.232595164408E-32));
#3516 = DIRECTION('',(1.110223024625E-16,1.,-3.330669073875E-16));
#3517 = PCURVE('',#623,#3518);
#3518 = DEFINITIONAL_REPRESENTATION('',(#3519),#3523);
#3519 = LINE('',#3520,#3521);
#3520 = CARTESIAN_POINT('',(2.22044604925E-16,-222.6677336141));
#3521 = VECTOR('',#3522,1.);
#3522 = DIRECTION('',(-1.,0.));
#3523 = ( GEOMETRIC_REPRESENTATION_CONTEXT(2) 
PARAMETRIC_REPRESENTATION_CONTEXT() REPRESENTATION_CONTEXT('2D SPACE',''
  ) );
#3524 = PCURVE('',#1749,#3525);
#3525 = DEFINITIONAL_REPRESENTATION('',(#3526),#3534);
#3526 = ( BOUNDED_CURVE() B_SPLINE_CURVE(2,(#3527,#3528,#3529,#3530,
#3531,#3532,#3533),.UNSPECIFIED.,.T.,.F.) B_SPLINE_CURVE_WITH_KNOTS((1,2
    ,2,2,2,1),(-2.094395102393,0.,2.094395102393,4.188790204786,
6.28318530718,8.377580409573),.UNSPECIFIED.) CURVE() 
GEOMETRIC_REPRESENTATION_ITEM() RATIONAL_B_SPLINE_CURVE((1.,0.5,1.,0.5,
1.,0.5,1.)) REPRESENTATION_ITEM('') );
#3527 = CARTESIAN_POINT('',(-3.866666666667,-59.37379698762));
#3528 = CARTESIAN_POINT('',(-6.897755579912,-59.37379698762));
#3529 = CARTESIAN_POINT('',(-5.382211123289,-56.74879698762));
#3530 = CARTESIAN_POINT('',(-3.866666666667,-54.12379698762));
#3531 = CARTESIAN_POINT('',(-2.351122210044,-56.74879698762));
#3532 = CARTESIAN_POINT('',(-0.835577753421,-59.37379698762));
#3533 = CARTESIAN_POINT('',(-3.866666666667,-59.37379698762));
#3534 = ( GEOMETRIC_REPRESENTATION_CONTEXT(2) 
PARAMETRIC_REPRESENTATION_CONTEXT() REPRESENTATION_CONTEXT('2D SPACE',''
  ) );
#3535 = ORIENTED_EDGE('',*,*,#3484,.T.);
#3536 = ORIENTED_EDGE('',*,*,#602,.T.);
#3537 = ORIENTED_EDGE('',*,*,#3538,.F.);
#3538 = EDGE_CURVE('',#3509,#575,#3539,.T.);
#3539 = SURFACE_CURVE('',#3540,(#3544,#3551),.PCURVE_S1.);
#3540 = LINE('',#3541,#3542);
#3541 = CARTESIAN_POINT('',(-246.1677336141,159.69356130602,
    61.484266666667));
#3542 = VECTOR('',#3543,1.);
#3543 = DIRECTION('',(1.,1.110223024625E-16,2.22044604925E-16));
#3544 = PCURVE('',#623,#3545);
#3545 = DEFINITIONAL_REPRESENTATION('',(#3546),#3550);
#3546 = LINE('',#3547,#3548);
#3547 = CARTESIAN_POINT('',(-4.712388980385,0.));
#3548 = VECTOR('',#3549,1.);
#3549 = DIRECTION('',(-0.,-1.));
#3550 = ( GEOMETRIC_REPRESENTATION_CONTEXT(2) 
PARAMETRIC_REPRESENTATION_CONTEXT() REPRESENTATION_CONTEXT('2D SPACE',''
  ) );
#3551 = PCURVE('',#590,#3552);
#3552 = DEFINITIONAL_REPRESENTATION('',(#3553),#3557);
#3553 = LINE('',#3554,#3555);
#3554 = CARTESIAN_POINT('',(-0.,0.));
#3555 = VECTOR('',#3556,1.);
#3556 = DIRECTION('',(-6.661338147751E-16,-1.));
#3557 = ( GEOMETRIC_REPRESENTATION_CONTEXT(2) 
PARAMETRIC_REPRESENTATION_CONTEXT() REPRESENTATION_CONTEXT('2D SPACE',''
  ) );
#3558 = ADVANCED_FACE('',(#3559),#590,.F.);
#3559 = FACE_BOUND('',#3560,.T.);
#3560 = EDGE_LOOP('',(#3561,#3584,#3585,#3586));
#3561 = ORIENTED_EDGE('',*,*,#3562,.F.);
#3562 = EDGE_CURVE('',#3509,#3563,#3565,.T.);
#3563 = VERTEX_POINT('',#3564);
#3564 = CARTESIAN_POINT('',(-23.5,162.70606130602,61.484266666677));
#3565 = SURFACE_CURVE('',#3566,(#3570,#3577),.PCURVE_S1.);
#3566 = LINE('',#3567,#3568);
#3567 = CARTESIAN_POINT('',(-23.5,130.88166281221,61.484266666667));
#3568 = VECTOR('',#3569,1.);
#3569 = DIRECTION('',(-6.661338147751E-16,1.,-1.110223024625E-16));
#3570 = PCURVE('',#590,#3571);
#3571 = DEFINITIONAL_REPRESENTATION('',(#3572),#3576);
#3572 = LINE('',#3573,#3574);
#3573 = CARTESIAN_POINT('',(28.811898493813,-222.6677336141));
#3574 = VECTOR('',#3575,1.);
#3575 = DIRECTION('',(-1.,7.771561172376E-16));
#3576 = ( GEOMETRIC_REPRESENTATION_CONTEXT(2) 
PARAMETRIC_REPRESENTATION_CONTEXT() REPRESENTATION_CONTEXT('2D SPACE',''
  ) );
#3577 = PCURVE('',#1749,#3578);
#3578 = DEFINITIONAL_REPRESENTATION('',(#3579),#3583);
#3579 = LINE('',#3580,#3581);
#3580 = CARTESIAN_POINT('',(-2.116666666667,-28.81189849381));
#3581 = VECTOR('',#3582,1.);
#3582 = DIRECTION('',(1.110223024625E-15,-1.));
#3583 = ( GEOMETRIC_REPRESENTATION_CONTEXT(2) 
PARAMETRIC_REPRESENTATION_CONTEXT() REPRESENTATION_CONTEXT('2D SPACE',''
  ) );
#3584 = ORIENTED_EDGE('',*,*,#3538,.T.);
#3585 = ORIENTED_EDGE('',*,*,#574,.T.);
#3586 = ORIENTED_EDGE('',*,*,#3587,.F.);
#3587 = EDGE_CURVE('',#3563,#542,#3588,.T.);
#3588 = SURFACE_CURVE('',#3589,(#3593,#3600),.PCURVE_S1.);
#3589 = LINE('',#3590,#3591);
#3590 = CARTESIAN_POINT('',(-246.1677336141,162.70606130602,
    61.484266666677));
#3591 = VECTOR('',#3592,1.);
#3592 = DIRECTION('',(1.,1.110223024625E-16,2.22044604925E-16));
#3593 = PCURVE('',#590,#3594);
#3594 = DEFINITIONAL_REPRESENTATION('',(#3595),#3599);
#3595 = LINE('',#3596,#3597);
#3596 = CARTESIAN_POINT('',(-3.0125,3.344546861683E-16));
#3597 = VECTOR('',#3598,1.);
#3598 = DIRECTION('',(-6.661338147751E-16,-1.));
#3599 = ( GEOMETRIC_REPRESENTATION_CONTEXT(2) 
PARAMETRIC_REPRESENTATION_CONTEXT() REPRESENTATION_CONTEXT('2D SPACE',''
  ) );
#3600 = PCURVE('',#562,#3601);
#3601 = DEFINITIONAL_REPRESENTATION('',(#3602),#3606);
#3602 = LINE('',#3603,#3604);
#3603 = CARTESIAN_POINT('',(-4.712393926252,0.));
#3604 = VECTOR('',#3605,1.);
#3605 = DIRECTION('',(-0.,-1.));
#3606 = ( GEOMETRIC_REPRESENTATION_CONTEXT(2) 
PARAMETRIC_REPRESENTATION_CONTEXT() REPRESENTATION_CONTEXT('2D SPACE',''
  ) );
#3607 = ADVANCED_FACE('',(#3608),#562,.F.);
#3608 = FACE_BOUND('',#3609,.T.);
#3609 = EDGE_LOOP('',(#3610,#3638,#3639,#3640));
#3610 = ORIENTED_EDGE('',*,*,#3611,.F.);
#3611 = EDGE_CURVE('',#3563,#3612,#3614,.T.);
#3612 = VERTEX_POINT('',#3613);
#3613 = CARTESIAN_POINT('',(-23.5,163.4456346088,61.648228039352));
#3614 = SURFACE_CURVE('',#3615,(#3620,#3627),.PCURVE_S1.);
#3615 = CIRCLE('',#3616,1.75);
#3616 = AXIS2_PLACEMENT_3D('',#3617,#3618,#3619);
#3617 = CARTESIAN_POINT('',(-23.5,162.70605265075,63.234266666667));
#3618 = DIRECTION('',(1.,-1.110223024625E-16,-1.232595164408E-32));
#3619 = DIRECTION('',(1.110223024625E-16,1.,-3.330669073875E-16));
#3620 = PCURVE('',#562,#3621);
#3621 = DEFINITIONAL_REPRESENTATION('',(#3622),#3626);
#3622 = LINE('',#3623,#3624);
#3623 = CARTESIAN_POINT('',(2.22044604925E-16,-222.6677336141));
#3624 = VECTOR('',#3625,1.);
#3625 = DIRECTION('',(-1.,0.));
#3626 = ( GEOMETRIC_REPRESENTATION_CONTEXT(2) 
PARAMETRIC_REPRESENTATION_CONTEXT() REPRESENTATION_CONTEXT('2D SPACE',''
  ) );
#3627 = PCURVE('',#1749,#3628);
#3628 = DEFINITIONAL_REPRESENTATION('',(#3629),#3637);
#3629 = ( BOUNDED_CURVE() B_SPLINE_CURVE(2,(#3630,#3631,#3632,#3633,
#3634,#3635,#3636),.UNSPECIFIED.,.T.,.F.) B_SPLINE_CURVE_WITH_KNOTS((1,2
    ,2,2,2,1),(-2.094395102393,0.,2.094395102393,4.188790204786,
6.28318530718,8.377580409573),.UNSPECIFIED.) CURVE() 
GEOMETRIC_REPRESENTATION_ITEM() RATIONAL_B_SPLINE_CURVE((1.,0.5,1.,0.5,
1.,0.5,1.)) REPRESENTATION_ITEM('') );
#3630 = CARTESIAN_POINT('',(-3.866666666667,-62.38628833235));
#3631 = CARTESIAN_POINT('',(-6.897755579912,-62.38628833235));
#3632 = CARTESIAN_POINT('',(-5.382211123289,-59.76128833235));
#3633 = CARTESIAN_POINT('',(-3.866666666667,-57.13628833235));
#3634 = CARTESIAN_POINT('',(-2.351122210044,-59.76128833235));
#3635 = CARTESIAN_POINT('',(-0.835577753421,-62.38628833235));
#3636 = CARTESIAN_POINT('',(-3.866666666667,-62.38628833235));
#3637 = ( GEOMETRIC_REPRESENTATION_CONTEXT(2) 
PARAMETRIC_REPRESENTATION_CONTEXT() REPRESENTATION_CONTEXT('2D SPACE',''
  ) );
#3638 = ORIENTED_EDGE('',*,*,#3587,.T.);
#3639 = ORIENTED_EDGE('',*,*,#541,.T.);
#3640 = ORIENTED_EDGE('',*,*,#3641,.F.);
#3641 = EDGE_CURVE('',#3612,#514,#3642,.T.);
#3642 = SURFACE_CURVE('',#3643,(#3647,#3654),.PCURVE_S1.);
#3643 = LINE('',#3644,#3645);
#3644 = CARTESIAN_POINT('',(-246.1677336141,163.4456346088,
    61.648228039352));
#3645 = VECTOR('',#3646,1.);
#3646 = DIRECTION('',(1.,1.110223024625E-16,2.22044604925E-16));
#3647 = PCURVE('',#562,#3648);
#3648 = DEFINITIONAL_REPRESENTATION('',(#3649),#3653);
#3649 = LINE('',#3650,#3651);
#3650 = CARTESIAN_POINT('',(-5.148721293383,0.));
#3651 = VECTOR('',#3652,1.);
#3652 = DIRECTION('',(-0.,-1.));
#3653 = ( GEOMETRIC_REPRESENTATION_CONTEXT(2) 
PARAMETRIC_REPRESENTATION_CONTEXT() REPRESENTATION_CONTEXT('2D SPACE',''
  ) );
#3654 = PCURVE('',#529,#3655);
#3655 = DEFINITIONAL_REPRESENTATION('',(#3656),#3660);
#3656 = LINE('',#3657,#3658);
#3657 = CARTESIAN_POINT('',(-0.,0.));
#3658 = VECTOR('',#3659,1.);
#3659 = DIRECTION('',(-8.85242578426E-16,-1.));
#3660 = ( GEOMETRIC_REPRESENTATION_CONTEXT(2) 
PARAMETRIC_REPRESENTATION_CONTEXT() REPRESENTATION_CONTEXT('2D SPACE',''
  ) );
#3661 = ADVANCED_FACE('',(#3662),#529,.F.);
#3662 = FACE_BOUND('',#3663,.T.);
#3663 = EDGE_LOOP('',(#3664,#3687,#3688,#3689));
#3664 = ORIENTED_EDGE('',*,*,#3665,.F.);
#3665 = EDGE_CURVE('',#3612,#3666,#3668,.T.);
#3666 = VERTEX_POINT('',#3667);
#3667 = CARTESIAN_POINT('',(-23.5,171.82081473171,65.553638669091));
#3668 = SURFACE_CURVE('',#3669,(#3673,#3680),.PCURVE_S1.);
#3669 = LINE('',#3670,#3671);
#3670 = CARTESIAN_POINT('',(-23.5,137.80198918801,49.690399796625));
#3671 = VECTOR('',#3672,1.);
#3672 = DIRECTION('',(-4.629621060956E-16,0.906307787037,0.422618261741)
  );
#3673 = PCURVE('',#529,#3674);
#3674 = DEFINITIONAL_REPRESENTATION('',(#3675),#3679);
#3675 = LINE('',#3676,#3677);
#3676 = CARTESIAN_POINT('',(28.294632119007,-222.6677336141));
#3677 = VECTOR('',#3678,1.);
#3678 = DIRECTION('',(-1.,5.635824833521E-16));
#3679 = ( GEOMETRIC_REPRESENTATION_CONTEXT(2) 
PARAMETRIC_REPRESENTATION_CONTEXT() REPRESENTATION_CONTEXT('2D SPACE',''
  ) );
#3680 = PCURVE('',#1749,#3681);
#3681 = DEFINITIONAL_REPRESENTATION('',(#3682),#3686);
#3682 = LINE('',#3683,#3684);
#3683 = CARTESIAN_POINT('',(9.677200203375,-35.73222486961));
#3684 = VECTOR('',#3685,1.);
#3685 = DIRECTION('',(-0.422618261741,-0.906307787037));
#3686 = ( GEOMETRIC_REPRESENTATION_CONTEXT(2) 
PARAMETRIC_REPRESENTATION_CONTEXT() REPRESENTATION_CONTEXT('2D SPACE',''
  ) );
#3687 = ORIENTED_EDGE('',*,*,#3641,.T.);
#3688 = ORIENTED_EDGE('',*,*,#513,.T.);
#3689 = ORIENTED_EDGE('',*,*,#3690,.F.);
#3690 = EDGE_CURVE('',#3666,#481,#3691,.T.);
#3691 = SURFACE_CURVE('',#3692,(#3696,#3703),.PCURVE_S1.);
#3692 = LINE('',#3693,#3694);
#3693 = CARTESIAN_POINT('',(-246.1677336141,171.82081473171,
    65.553638669091));
#3694 = VECTOR('',#3695,1.);
#3695 = DIRECTION('',(1.,1.110223024625E-16,2.22044604925E-16));
#3696 = PCURVE('',#529,#3697);
#3697 = DEFINITIONAL_REPRESENTATION('',(#3698),#3702);
#3698 = LINE('',#3699,#3700);
#3699 = CARTESIAN_POINT('',(-9.240988814948,-3.709312597421E-16));
#3700 = VECTOR('',#3701,1.);
#3701 = DIRECTION('',(-8.85242578426E-16,-1.));
#3702 = ( GEOMETRIC_REPRESENTATION_CONTEXT(2) 
PARAMETRIC_REPRESENTATION_CONTEXT() REPRESENTATION_CONTEXT('2D SPACE',''
  ) );
#3703 = PCURVE('',#501,#3704);
#3704 = DEFINITIONAL_REPRESENTATION('',(#3705),#3709);
#3705 = LINE('',#3706,#3707);
#3706 = CARTESIAN_POINT('',(-2.007128583306,0.));
#3707 = VECTOR('',#3708,1.);
#3708 = DIRECTION('',(-0.,-1.));
#3709 = ( GEOMETRIC_REPRESENTATION_CONTEXT(2) 
PARAMETRIC_REPRESENTATION_CONTEXT() REPRESENTATION_CONTEXT('2D SPACE',''
  ) );
#3710 = ADVANCED_FACE('',(#3711),#501,.T.);
#3711 = FACE_BOUND('',#3712,.F.);
#3712 = EDGE_LOOP('',(#3713,#3741,#3762,#3763));
#3713 = ORIENTED_EDGE('',*,*,#3714,.F.);
#3714 = EDGE_CURVE('',#3715,#3666,#3717,.T.);
#3715 = VERTEX_POINT('',#3716);
#3716 = CARTESIAN_POINT('',(-23.5,172.56039656432,65.7176));
#3717 = SURFACE_CURVE('',#3718,(#3723,#3730),.PCURVE_S1.);
#3718 = CIRCLE('',#3719,1.75);
#3719 = AXIS2_PLACEMENT_3D('',#3720,#3721,#3722);
#3720 = CARTESIAN_POINT('',(-23.5,172.56039660016,63.9676));
#3721 = DIRECTION('',(1.,-1.110223024625E-16,-1.232595164408E-32));
#3722 = DIRECTION('',(1.110223024625E-16,1.,-3.330669073875E-16));
#3723 = PCURVE('',#501,#3724);
#3724 = DEFINITIONAL_REPRESENTATION('',(#3725),#3729);
#3725 = LINE('',#3726,#3727);
#3726 = CARTESIAN_POINT('',(2.22044604925E-16,-222.6677336141));
#3727 = VECTOR('',#3728,1.);
#3728 = DIRECTION('',(-1.,0.));
#3729 = ( GEOMETRIC_REPRESENTATION_CONTEXT(2) 
PARAMETRIC_REPRESENTATION_CONTEXT() REPRESENTATION_CONTEXT('2D SPACE',''
  ) );
#3730 = PCURVE('',#1749,#3731);
#3731 = DEFINITIONAL_REPRESENTATION('',(#3732),#3740);
#3732 = ( BOUNDED_CURVE() B_SPLINE_CURVE(2,(#3733,#3734,#3735,#3736,
#3737,#3738,#3739),.UNSPECIFIED.,.T.,.F.) B_SPLINE_CURVE_WITH_KNOTS((1,2
    ,2,2,2,1),(-2.094395102393,0.,2.094395102393,4.188790204786,
6.28318530718,8.377580409573),.UNSPECIFIED.) CURVE() 
GEOMETRIC_REPRESENTATION_ITEM() RATIONAL_B_SPLINE_CURVE((1.,0.5,1.,0.5,
1.,0.5,1.)) REPRESENTATION_ITEM('') );
#3733 = CARTESIAN_POINT('',(-4.6,-72.24063228176));
#3734 = CARTESIAN_POINT('',(-7.631088913246,-72.24063228176));
#3735 = CARTESIAN_POINT('',(-6.115544456623,-69.61563228176));
#3736 = CARTESIAN_POINT('',(-4.6,-66.99063228176));
#3737 = CARTESIAN_POINT('',(-3.084455543377,-69.61563228176));
#3738 = CARTESIAN_POINT('',(-1.568911086754,-72.24063228176));
#3739 = CARTESIAN_POINT('',(-4.6,-72.24063228176));
#3740 = ( GEOMETRIC_REPRESENTATION_CONTEXT(2) 
PARAMETRIC_REPRESENTATION_CONTEXT() REPRESENTATION_CONTEXT('2D SPACE',''
  ) );
#3741 = ORIENTED_EDGE('',*,*,#3742,.T.);
#3742 = EDGE_CURVE('',#3715,#453,#3743,.T.);
#3743 = SURFACE_CURVE('',#3744,(#3748,#3755),.PCURVE_S1.);
#3744 = LINE('',#3745,#3746);
#3745 = CARTESIAN_POINT('',(-246.1677336141,172.56039656432,65.7176));
#3746 = VECTOR('',#3747,1.);
#3747 = DIRECTION('',(1.,1.110223024625E-16,2.22044604925E-16));
#3748 = PCURVE('',#501,#3749);
#3749 = DEFINITIONAL_REPRESENTATION('',(#3750),#3754);
#3750 = LINE('',#3751,#3752);
#3751 = CARTESIAN_POINT('',(-1.570796347275,0.));
#3752 = VECTOR('',#3753,1.);
#3753 = DIRECTION('',(-0.,-1.));
#3754 = ( GEOMETRIC_REPRESENTATION_CONTEXT(2) 
PARAMETRIC_REPRESENTATION_CONTEXT() REPRESENTATION_CONTEXT('2D SPACE',''
  ) );
#3755 = PCURVE('',#468,#3756);
#3756 = DEFINITIONAL_REPRESENTATION('',(#3757),#3761);
#3757 = LINE('',#3758,#3759);
#3758 = CARTESIAN_POINT('',(-41.25960343567,-227.6677336141));
#3759 = VECTOR('',#3760,1.);
#3760 = DIRECTION('',(1.110223024625E-16,1.));
#3761 = ( GEOMETRIC_REPRESENTATION_CONTEXT(2) 
PARAMETRIC_REPRESENTATION_CONTEXT() REPRESENTATION_CONTEXT('2D SPACE',''
  ) );
#3762 = ORIENTED_EDGE('',*,*,#480,.T.);
#3763 = ORIENTED_EDGE('',*,*,#3690,.F.);
#3764 = ADVANCED_FACE('',(#3765),#468,.F.);
#3765 = FACE_BOUND('',#3766,.T.);
#3766 = EDGE_LOOP('',(#3767,#3768,#3791,#3812));
#3767 = ORIENTED_EDGE('',*,*,#452,.F.);
#3768 = ORIENTED_EDGE('',*,*,#3769,.F.);
#3769 = EDGE_CURVE('',#3770,#420,#3772,.T.);
#3770 = VERTEX_POINT('',#3771);
#3771 = CARTESIAN_POINT('',(-23.5,181.04039656432,65.7176));
#3772 = SURFACE_CURVE('',#3773,(#3777,#3784),.PCURVE_S1.);
#3773 = LINE('',#3774,#3775);
#3774 = CARTESIAN_POINT('',(-246.1677336141,181.04039656432,65.7176));
#3775 = VECTOR('',#3776,1.);
#3776 = DIRECTION('',(1.,4.440892098501E-16,-2.22044604925E-16));
#3777 = PCURVE('',#468,#3778);
#3778 = DEFINITIONAL_REPRESENTATION('',(#3779),#3783);
#3779 = LINE('',#3780,#3781);
#3780 = CARTESIAN_POINT('',(-32.77960343567,-227.6677336141));
#3781 = VECTOR('',#3782,1.);
#3782 = DIRECTION('',(6.661338147751E-16,1.));
#3783 = ( GEOMETRIC_REPRESENTATION_CONTEXT(2) 
PARAMETRIC_REPRESENTATION_CONTEXT() REPRESENTATION_CONTEXT('2D SPACE',''
  ) );
#3784 = PCURVE('',#440,#3785);
#3785 = DEFINITIONAL_REPRESENTATION('',(#3786),#3790);
#3786 = LINE('',#3787,#3788);
#3787 = CARTESIAN_POINT('',(-1.570796326795,0.));
#3788 = VECTOR('',#3789,1.);
#3789 = DIRECTION('',(-0.,-1.));
#3790 = ( GEOMETRIC_REPRESENTATION_CONTEXT(2) 
PARAMETRIC_REPRESENTATION_CONTEXT() REPRESENTATION_CONTEXT('2D SPACE',''
  ) );
#3791 = ORIENTED_EDGE('',*,*,#3792,.T.);
#3792 = EDGE_CURVE('',#3770,#3715,#3793,.T.);
#3793 = SURFACE_CURVE('',#3794,(#3798,#3805),.PCURVE_S1.);
#3794 = LINE('',#3795,#3796);
#3795 = CARTESIAN_POINT('',(-23.5,213.82,65.7176));
#3796 = VECTOR('',#3797,1.);
#3797 = DIRECTION('',(7.395570986447E-32,-1.,2.331468351713E-15));
#3798 = PCURVE('',#468,#3799);
#3799 = DEFINITIONAL_REPRESENTATION('',(#3800),#3804);
#3800 = LINE('',#3801,#3802);
#3801 = CARTESIAN_POINT('',(2.284838984679E-13,-5.));
#3802 = VECTOR('',#3803,1.);
#3803 = DIRECTION('',(-1.,-8.881784197001E-16));
#3804 = ( GEOMETRIC_REPRESENTATION_CONTEXT(2) 
PARAMETRIC_REPRESENTATION_CONTEXT() REPRESENTATION_CONTEXT('2D SPACE',''
  ) );
#3805 = PCURVE('',#1749,#3806);
#3806 = DEFINITIONAL_REPRESENTATION('',(#3807),#3811);
#3807 = LINE('',#3808,#3809);
#3808 = CARTESIAN_POINT('',(-6.35,-111.7502356816));
#3809 = VECTOR('',#3810,1.);
#3810 = DIRECTION('',(-2.6645352591E-15,1.));
#3811 = ( GEOMETRIC_REPRESENTATION_CONTEXT(2) 
PARAMETRIC_REPRESENTATION_CONTEXT() REPRESENTATION_CONTEXT('2D SPACE',''
  ) );
#3812 = ORIENTED_EDGE('',*,*,#3742,.T.);
#3813 = ADVANCED_FACE('',(#3814),#440,.T.);
#3814 = FACE_BOUND('',#3815,.F.);
#3815 = EDGE_LOOP('',(#3816,#3844,#3865,#3866));
#3816 = ORIENTED_EDGE('',*,*,#3817,.F.);
#3817 = EDGE_CURVE('',#3818,#3770,#3820,.T.);
#3818 = VERTEX_POINT('',#3819);
#3819 = CARTESIAN_POINT('',(-23.5,182.79039656432,63.9676));
#3820 = SURFACE_CURVE('',#3821,(#3826,#3833),.PCURVE_S1.);
#3821 = CIRCLE('',#3822,1.75);
#3822 = AXIS2_PLACEMENT_3D('',#3823,#3824,#3825);
#3823 = CARTESIAN_POINT('',(-23.5,181.04039656432,63.9676));
#3824 = DIRECTION('',(1.,-6.162975822039E-31,-6.661338147751E-16));
#3825 = DIRECTION('',(-1.232595164408E-31,1.,-1.110223024625E-15));
#3826 = PCURVE('',#440,#3827);
#3827 = DEFINITIONAL_REPRESENTATION('',(#3828),#3832);
#3828 = LINE('',#3829,#3830);
#3829 = CARTESIAN_POINT('',(-0.,-222.6677336141));
#3830 = VECTOR('',#3831,1.);
#3831 = DIRECTION('',(-1.,0.));
#3832 = ( GEOMETRIC_REPRESENTATION_CONTEXT(2) 
PARAMETRIC_REPRESENTATION_CONTEXT() REPRESENTATION_CONTEXT('2D SPACE',''
  ) );
#3833 = PCURVE('',#1749,#3834);
#3834 = DEFINITIONAL_REPRESENTATION('',(#3835),#3843);
#3835 = ( BOUNDED_CURVE() B_SPLINE_CURVE(2,(#3836,#3837,#3838,#3839,
#3840,#3841,#3842),.UNSPECIFIED.,.T.,.F.) B_SPLINE_CURVE_WITH_KNOTS((1,2
    ,2,2,2,1),(-2.094395102393,0.,2.094395102393,4.188790204786,
6.28318530718,8.377580409573),.UNSPECIFIED.) CURVE() 
GEOMETRIC_REPRESENTATION_ITEM() RATIONAL_B_SPLINE_CURVE((1.,0.5,1.,0.5,
1.,0.5,1.)) REPRESENTATION_ITEM('') );
#3836 = CARTESIAN_POINT('',(-4.6,-80.72063224592));
#3837 = CARTESIAN_POINT('',(-7.631088913245,-80.72063224592));
#3838 = CARTESIAN_POINT('',(-6.115544456623,-78.09563224592));
#3839 = CARTESIAN_POINT('',(-4.6,-75.47063224592));
#3840 = CARTESIAN_POINT('',(-3.084455543377,-78.09563224592));
#3841 = CARTESIAN_POINT('',(-1.568911086754,-80.72063224592));
#3842 = CARTESIAN_POINT('',(-4.6,-80.72063224592));
#3843 = ( GEOMETRIC_REPRESENTATION_CONTEXT(2) 
PARAMETRIC_REPRESENTATION_CONTEXT() REPRESENTATION_CONTEXT('2D SPACE',''
  ) );
#3844 = ORIENTED_EDGE('',*,*,#3845,.T.);
#3845 = EDGE_CURVE('',#3818,#392,#3846,.T.);
#3846 = SURFACE_CURVE('',#3847,(#3851,#3858),.PCURVE_S1.);
#3847 = LINE('',#3848,#3849);
#3848 = CARTESIAN_POINT('',(-246.1677336141,182.79039656432,63.9676));
#3849 = VECTOR('',#3850,1.);
#3850 = DIRECTION('',(1.,4.440892098501E-16,-2.22044604925E-16));
#3851 = PCURVE('',#440,#3852);
#3852 = DEFINITIONAL_REPRESENTATION('',(#3853),#3857);
#3853 = LINE('',#3854,#3855);
#3854 = CARTESIAN_POINT('',(-1.E-16,0.));
#3855 = VECTOR('',#3856,1.);
#3856 = DIRECTION('',(-0.,-1.));
#3857 = ( GEOMETRIC_REPRESENTATION_CONTEXT(2) 
PARAMETRIC_REPRESENTATION_CONTEXT() REPRESENTATION_CONTEXT('2D SPACE',''
  ) );
#3858 = PCURVE('',#407,#3859);
#3859 = DEFINITIONAL_REPRESENTATION('',(#3860),#3864);
#3860 = LINE('',#3861,#3862);
#3861 = CARTESIAN_POINT('',(-2.85,1.265654248073E-15));
#3862 = VECTOR('',#3863,1.);
#3863 = DIRECTION('',(-6.661338147751E-16,-1.));
#3864 = ( GEOMETRIC_REPRESENTATION_CONTEXT(2) 
PARAMETRIC_REPRESENTATION_CONTEXT() REPRESENTATION_CONTEXT('2D SPACE',''
  ) );
#3865 = ORIENTED_EDGE('',*,*,#419,.T.);
#3866 = ORIENTED_EDGE('',*,*,#3769,.F.);
#3867 = ADVANCED_FACE('',(#3868),#407,.T.);
#3868 = FACE_BOUND('',#3869,.F.);
#3869 = EDGE_LOOP('',(#3870,#3893,#3914,#3915));
#3870 = ORIENTED_EDGE('',*,*,#3871,.F.);
#3871 = EDGE_CURVE('',#3872,#3818,#3874,.T.);
#3872 = VERTEX_POINT('',#3873);
#3873 = CARTESIAN_POINT('',(-23.5,182.79039656432,61.1176));
#3874 = SURFACE_CURVE('',#3875,(#3879,#3886),.PCURVE_S1.);
#3875 = LINE('',#3876,#3877);
#3876 = CARTESIAN_POINT('',(-23.5,182.79039656432,60.2426));
#3877 = VECTOR('',#3878,1.);
#3878 = DIRECTION('',(5.551115123126E-16,-2.22044604925E-16,1.));
#3879 = PCURVE('',#407,#3880);
#3880 = DEFINITIONAL_REPRESENTATION('',(#3881),#3885);
#3881 = LINE('',#3882,#3883);
#3882 = CARTESIAN_POINT('',(0.875,-222.6677336141));
#3883 = VECTOR('',#3884,1.);
#3884 = DIRECTION('',(-1.,-3.330669073875E-16));
#3885 = ( GEOMETRIC_REPRESENTATION_CONTEXT(2) 
PARAMETRIC_REPRESENTATION_CONTEXT() REPRESENTATION_CONTEXT('2D SPACE',''
  ) );
#3886 = PCURVE('',#1749,#3887);
#3887 = DEFINITIONAL_REPRESENTATION('',(#3888),#3892);
#3888 = LINE('',#3889,#3890);
#3889 = CARTESIAN_POINT('',(-0.875,-80.72063224592));
#3890 = VECTOR('',#3891,1.);
#3891 = DIRECTION('',(-1.,2.331468351713E-15));
#3892 = ( GEOMETRIC_REPRESENTATION_CONTEXT(2) 
PARAMETRIC_REPRESENTATION_CONTEXT() REPRESENTATION_CONTEXT('2D SPACE',''
  ) );
#3893 = ORIENTED_EDGE('',*,*,#3894,.T.);
#3894 = EDGE_CURVE('',#3872,#359,#3895,.T.);
#3895 = SURFACE_CURVE('',#3896,(#3900,#3907),.PCURVE_S1.);
#3896 = LINE('',#3897,#3898);
#3897 = CARTESIAN_POINT('',(-246.1677336141,182.79039656432,61.1176));
#3898 = VECTOR('',#3899,1.);
#3899 = DIRECTION('',(1.,4.440892098501E-16,-2.22044604925E-16));
#3900 = PCURVE('',#407,#3901);
#3901 = DEFINITIONAL_REPRESENTATION('',(#3902),#3906);
#3902 = LINE('',#3903,#3904);
#3903 = CARTESIAN_POINT('',(-0.,0.));
#3904 = VECTOR('',#3905,1.);
#3905 = DIRECTION('',(-6.661338147751E-16,-1.));
#3906 = ( GEOMETRIC_REPRESENTATION_CONTEXT(2) 
PARAMETRIC_REPRESENTATION_CONTEXT() REPRESENTATION_CONTEXT('2D SPACE',''
  ) );
#3907 = PCURVE('',#379,#3908);
#3908 = DEFINITIONAL_REPRESENTATION('',(#3909),#3913);
#3909 = LINE('',#3910,#3911);
#3910 = CARTESIAN_POINT('',(-3.14159265359,0.));
#3911 = VECTOR('',#3912,1.);
#3912 = DIRECTION('',(-0.,-1.));
#3913 = ( GEOMETRIC_REPRESENTATION_CONTEXT(2) 
PARAMETRIC_REPRESENTATION_CONTEXT() REPRESENTATION_CONTEXT('2D SPACE',''
  ) );
#3914 = ORIENTED_EDGE('',*,*,#391,.T.);
#3915 = ORIENTED_EDGE('',*,*,#3845,.F.);
#3916 = ADVANCED_FACE('',(#3917),#379,.F.);
#3917 = FACE_BOUND('',#3918,.T.);
#3918 = EDGE_LOOP('',(#3919,#3947,#3948,#3949));
#3919 = ORIENTED_EDGE('',*,*,#3920,.F.);
#3920 = EDGE_CURVE('',#3872,#3921,#3923,.T.);
#3921 = VERTEX_POINT('',#3922);
#3922 = CARTESIAN_POINT('',(-23.5,184.54039656432,59.3676));
#3923 = SURFACE_CURVE('',#3924,(#3929,#3936),.PCURVE_S1.);
#3924 = CIRCLE('',#3925,1.75);
#3925 = AXIS2_PLACEMENT_3D('',#3926,#3927,#3928);
#3926 = CARTESIAN_POINT('',(-23.5,184.54039656432,61.1176));
#3927 = DIRECTION('',(1.,-6.162975822039E-31,-6.661338147751E-16));
#3928 = DIRECTION('',(-1.232595164408E-31,1.,-1.110223024625E-15));
#3929 = PCURVE('',#379,#3930);
#3930 = DEFINITIONAL_REPRESENTATION('',(#3931),#3935);
#3931 = LINE('',#3932,#3933);
#3932 = CARTESIAN_POINT('',(-0.,-222.6677336141));
#3933 = VECTOR('',#3934,1.);
#3934 = DIRECTION('',(-1.,0.));
#3935 = ( GEOMETRIC_REPRESENTATION_CONTEXT(2) 
PARAMETRIC_REPRESENTATION_CONTEXT() REPRESENTATION_CONTEXT('2D SPACE',''
  ) );
#3936 = PCURVE('',#1749,#3937);
#3937 = DEFINITIONAL_REPRESENTATION('',(#3938),#3946);
#3938 = ( BOUNDED_CURVE() B_SPLINE_CURVE(2,(#3939,#3940,#3941,#3942,
#3943,#3944,#3945),.UNSPECIFIED.,.T.,.F.) B_SPLINE_CURVE_WITH_KNOTS((1,2
    ,2,2,2,1),(-2.094395102393,0.,2.094395102393,4.188790204786,
6.28318530718,8.377580409573),.UNSPECIFIED.) CURVE() 
GEOMETRIC_REPRESENTATION_ITEM() RATIONAL_B_SPLINE_CURVE((1.,0.5,1.,0.5,
1.,0.5,1.)) REPRESENTATION_ITEM('') );
#3939 = CARTESIAN_POINT('',(-1.75,-84.22063224592));
#3940 = CARTESIAN_POINT('',(-4.781088913245,-84.22063224592));
#3941 = CARTESIAN_POINT('',(-3.265544456623,-81.59563224592));
#3942 = CARTESIAN_POINT('',(-1.75,-78.97063224592));
#3943 = CARTESIAN_POINT('',(-0.234455543377,-81.59563224592));
#3944 = CARTESIAN_POINT('',(1.281088913246,-84.22063224592));
#3945 = CARTESIAN_POINT('',(-1.75,-84.22063224592));
#3946 = ( GEOMETRIC_REPRESENTATION_CONTEXT(2) 
PARAMETRIC_REPRESENTATION_CONTEXT() REPRESENTATION_CONTEXT('2D SPACE',''
  ) );
#3947 = ORIENTED_EDGE('',*,*,#3894,.T.);
#3948 = ORIENTED_EDGE('',*,*,#358,.T.);
#3949 = ORIENTED_EDGE('',*,*,#3950,.F.);
#3950 = EDGE_CURVE('',#3921,#331,#3951,.T.);
#3951 = SURFACE_CURVE('',#3952,(#3956,#3963),.PCURVE_S1.);
#3952 = LINE('',#3953,#3954);
#3953 = CARTESIAN_POINT('',(-246.1677336141,184.54039656432,59.3676));
#3954 = VECTOR('',#3955,1.);
#3955 = DIRECTION('',(1.,4.440892098501E-16,-2.22044604925E-16));
#3956 = PCURVE('',#379,#3957);
#3957 = DEFINITIONAL_REPRESENTATION('',(#3958),#3962);
#3958 = LINE('',#3959,#3960);
#3959 = CARTESIAN_POINT('',(-4.712388980385,0.));
#3960 = VECTOR('',#3961,1.);
#3961 = DIRECTION('',(-0.,-1.));
#3962 = ( GEOMETRIC_REPRESENTATION_CONTEXT(2) 
PARAMETRIC_REPRESENTATION_CONTEXT() REPRESENTATION_CONTEXT('2D SPACE',''
  ) );
#3963 = PCURVE('',#346,#3964);
#3964 = DEFINITIONAL_REPRESENTATION('',(#3965),#3969);
#3965 = LINE('',#3966,#3967);
#3966 = CARTESIAN_POINT('',(-1.8625,1.033895191682E-15));
#3967 = VECTOR('',#3968,1.);
#3968 = DIRECTION('',(6.661338147751E-16,-1.));
#3969 = ( GEOMETRIC_REPRESENTATION_CONTEXT(2) 
PARAMETRIC_REPRESENTATION_CONTEXT() REPRESENTATION_CONTEXT('2D SPACE',''
  ) );
#3970 = ADVANCED_FACE('',(#3971),#346,.T.);
#3971 = FACE_BOUND('',#3972,.F.);
#3972 = EDGE_LOOP('',(#3973,#3996,#4017,#4018));
#3973 = ORIENTED_EDGE('',*,*,#3974,.F.);
#3974 = EDGE_CURVE('',#3975,#3921,#3977,.T.);
#3975 = VERTEX_POINT('',#3976);
#3976 = CARTESIAN_POINT('',(-23.5,186.40289656432,59.3676));
#3977 = SURFACE_CURVE('',#3978,(#3982,#3989),.PCURVE_S1.);
#3978 = LINE('',#3979,#3980);
#3979 = CARTESIAN_POINT('',(-23.5,144.23633044136,59.3676));
#3980 = VECTOR('',#3981,1.);
#3981 = DIRECTION('',(4.440892098501E-16,-1.,1.110223024625E-15));
#3982 = PCURVE('',#346,#3983);
#3983 = DEFINITIONAL_REPRESENTATION('',(#3984),#3988);
#3984 = LINE('',#3985,#3986);
#3985 = CARTESIAN_POINT('',(-42.16656612296,-222.6677336141));
#3986 = VECTOR('',#3987,1.);
#3987 = DIRECTION('',(-1.,5.669937756276E-31));
#3988 = ( GEOMETRIC_REPRESENTATION_CONTEXT(2) 
PARAMETRIC_REPRESENTATION_CONTEXT() REPRESENTATION_CONTEXT('2D SPACE',''
  ) );
#3989 = PCURVE('',#1749,#3990);
#3990 = DEFINITIONAL_REPRESENTATION('',(#3991),#3995);
#3991 = LINE('',#3992,#3993);
#3992 = CARTESIAN_POINT('',(-3.376940645421E-14,-42.16656612296));
#3993 = VECTOR('',#3994,1.);
#3994 = DIRECTION('',(-1.887379141863E-15,1.));
#3995 = ( GEOMETRIC_REPRESENTATION_CONTEXT(2) 
PARAMETRIC_REPRESENTATION_CONTEXT() REPRESENTATION_CONTEXT('2D SPACE',''
  ) );
#3996 = ORIENTED_EDGE('',*,*,#3997,.T.);
#3997 = EDGE_CURVE('',#3975,#298,#3998,.T.);
#3998 = SURFACE_CURVE('',#3999,(#4003,#4010),.PCURVE_S1.);
#3999 = LINE('',#4000,#4001);
#4000 = CARTESIAN_POINT('',(-246.1677336141,186.40289656432,59.3676));
#4001 = VECTOR('',#4002,1.);
#4002 = DIRECTION('',(1.,4.440892098501E-16,-2.22044604925E-16));
#4003 = PCURVE('',#346,#4004);
#4004 = DEFINITIONAL_REPRESENTATION('',(#4005),#4009);
#4005 = LINE('',#4006,#4007);
#4006 = CARTESIAN_POINT('',(-0.,0.));
#4007 = VECTOR('',#4008,1.);
#4008 = DIRECTION('',(6.661338147751E-16,-1.));
#4009 = ( GEOMETRIC_REPRESENTATION_CONTEXT(2) 
PARAMETRIC_REPRESENTATION_CONTEXT() REPRESENTATION_CONTEXT('2D SPACE',''
  ) );
#4010 = PCURVE('',#318,#4011);
#4011 = DEFINITIONAL_REPRESENTATION('',(#4012),#4016);
#4012 = LINE('',#4013,#4014);
#4013 = CARTESIAN_POINT('',(-4.712388980385,0.));
#4014 = VECTOR('',#4015,1.);
#4015 = DIRECTION('',(-0.,-1.));
#4016 = ( GEOMETRIC_REPRESENTATION_CONTEXT(2) 
PARAMETRIC_REPRESENTATION_CONTEXT() REPRESENTATION_CONTEXT('2D SPACE',''
  ) );
#4017 = ORIENTED_EDGE('',*,*,#330,.T.);
#4018 = ORIENTED_EDGE('',*,*,#3950,.F.);
#4019 = ADVANCED_FACE('',(#4020),#318,.F.);
#4020 = FACE_BOUND('',#4021,.T.);
#4021 = EDGE_LOOP('',(#4022,#4050,#4051,#4052));
#4022 = ORIENTED_EDGE('',*,*,#4023,.F.);
#4023 = EDGE_CURVE('',#3975,#4024,#4026,.T.);
#4024 = VERTEX_POINT('',#4025);
#4025 = CARTESIAN_POINT('',(-23.5,188.15289656432,61.1176));
#4026 = SURFACE_CURVE('',#4027,(#4032,#4039),.PCURVE_S1.);
#4027 = CIRCLE('',#4028,1.75);
#4028 = AXIS2_PLACEMENT_3D('',#4029,#4030,#4031);
#4029 = CARTESIAN_POINT('',(-23.5,186.40289656432,61.1176));
#4030 = DIRECTION('',(1.,-6.162975822039E-31,-6.661338147751E-16));
#4031 = DIRECTION('',(-1.232595164408E-31,1.,-1.110223024625E-15));
#4032 = PCURVE('',#318,#4033);
#4033 = DEFINITIONAL_REPRESENTATION('',(#4034),#4038);
#4034 = LINE('',#4035,#4036);
#4035 = CARTESIAN_POINT('',(-0.,-222.6677336141));
#4036 = VECTOR('',#4037,1.);
#4037 = DIRECTION('',(-1.,0.));
#4038 = ( GEOMETRIC_REPRESENTATION_CONTEXT(2) 
PARAMETRIC_REPRESENTATION_CONTEXT() REPRESENTATION_CONTEXT('2D SPACE',''
  ) );
#4039 = PCURVE('',#1749,#4040);
#4040 = DEFINITIONAL_REPRESENTATION('',(#4041),#4049);
#4041 = ( BOUNDED_CURVE() B_SPLINE_CURVE(2,(#4042,#4043,#4044,#4045,
#4046,#4047,#4048),.UNSPECIFIED.,.T.,.F.) B_SPLINE_CURVE_WITH_KNOTS((1,2
    ,2,2,2,1),(-2.094395102393,0.,2.094395102393,4.188790204786,
6.28318530718,8.377580409573),.UNSPECIFIED.) CURVE() 
GEOMETRIC_REPRESENTATION_ITEM() RATIONAL_B_SPLINE_CURVE((1.,0.5,1.,0.5,
1.,0.5,1.)) REPRESENTATION_ITEM('') );
#4042 = CARTESIAN_POINT('',(-1.75,-86.08313224592));
#4043 = CARTESIAN_POINT('',(-4.781088913245,-86.08313224592));
#4044 = CARTESIAN_POINT('',(-3.265544456623,-83.45813224592));
#4045 = CARTESIAN_POINT('',(-1.75,-80.83313224592));
#4046 = CARTESIAN_POINT('',(-0.234455543377,-83.45813224592));
#4047 = CARTESIAN_POINT('',(1.281088913246,-86.08313224592));
#4048 = CARTESIAN_POINT('',(-1.75,-86.08313224592));
#4049 = ( GEOMETRIC_REPRESENTATION_CONTEXT(2) 
PARAMETRIC_REPRESENTATION_CONTEXT() REPRESENTATION_CONTEXT('2D SPACE',''
  ) );
#4050 = ORIENTED_EDGE('',*,*,#3997,.T.);
#4051 = ORIENTED_EDGE('',*,*,#297,.T.);
#4052 = ORIENTED_EDGE('',*,*,#4053,.F.);
#4053 = EDGE_CURVE('',#4024,#270,#4054,.T.);
#4054 = SURFACE_CURVE('',#4055,(#4059,#4066),.PCURVE_S1.);
#4055 = LINE('',#4056,#4057);
#4056 = CARTESIAN_POINT('',(-246.1677336141,188.15289656432,61.1176));
#4057 = VECTOR('',#4058,1.);
#4058 = DIRECTION('',(1.,4.440892098501E-16,-2.22044604925E-16));
#4059 = PCURVE('',#318,#4060);
#4060 = DEFINITIONAL_REPRESENTATION('',(#4061),#4065);
#4061 = LINE('',#4062,#4063);
#4062 = CARTESIAN_POINT('',(-6.28318530718,0.));
#4063 = VECTOR('',#4064,1.);
#4064 = DIRECTION('',(-0.,-1.));
#4065 = ( GEOMETRIC_REPRESENTATION_CONTEXT(2) 
PARAMETRIC_REPRESENTATION_CONTEXT() REPRESENTATION_CONTEXT('2D SPACE',''
  ) );
#4066 = PCURVE('',#285,#4067);
#4067 = DEFINITIONAL_REPRESENTATION('',(#4068),#4072);
#4068 = LINE('',#4069,#4070);
#4069 = CARTESIAN_POINT('',(-2.85,-1.265654248073E-15));
#4070 = VECTOR('',#4071,1.);
#4071 = DIRECTION('',(6.661338147751E-16,-1.));
#4072 = ( GEOMETRIC_REPRESENTATION_CONTEXT(2) 
PARAMETRIC_REPRESENTATION_CONTEXT() REPRESENTATION_CONTEXT('2D SPACE',''
  ) );
#4073 = ADVANCED_FACE('',(#4074),#285,.T.);
#4074 = FACE_BOUND('',#4075,.F.);
#4075 = EDGE_LOOP('',(#4076,#4099,#4120,#4121));
#4076 = ORIENTED_EDGE('',*,*,#4077,.F.);
#4077 = EDGE_CURVE('',#4078,#4024,#4080,.T.);
#4078 = VERTEX_POINT('',#4079);
#4079 = CARTESIAN_POINT('',(-23.5,188.15289656432,63.9676));
#4080 = SURFACE_CURVE('',#4081,(#4085,#4092),.PCURVE_S1.);
#4081 = LINE('',#4082,#4083);
#4082 = CARTESIAN_POINT('',(-23.5,188.15289656432,61.6676));
#4083 = VECTOR('',#4084,1.);
#4084 = DIRECTION('',(-5.551115123126E-16,2.22044604925E-16,-1.));
#4085 = PCURVE('',#285,#4086);
#4086 = DEFINITIONAL_REPRESENTATION('',(#4087),#4091);
#4087 = LINE('',#4088,#4089);
#4088 = CARTESIAN_POINT('',(-2.3,-222.6677336141));
#4089 = VECTOR('',#4090,1.);
#4090 = DIRECTION('',(-1.,3.330669073875E-16));
#4091 = ( GEOMETRIC_REPRESENTATION_CONTEXT(2) 
PARAMETRIC_REPRESENTATION_CONTEXT() REPRESENTATION_CONTEXT('2D SPACE',''
  ) );
#4092 = PCURVE('',#1749,#4093);
#4093 = DEFINITIONAL_REPRESENTATION('',(#4094),#4098);
#4094 = LINE('',#4095,#4096);
#4095 = CARTESIAN_POINT('',(-2.3,-86.08313224592));
#4096 = VECTOR('',#4097,1.);
#4097 = DIRECTION('',(1.,-2.331468351713E-15));
#4098 = ( GEOMETRIC_REPRESENTATION_CONTEXT(2) 
PARAMETRIC_REPRESENTATION_CONTEXT() REPRESENTATION_CONTEXT('2D SPACE',''
  ) );
#4099 = ORIENTED_EDGE('',*,*,#4100,.T.);
#4100 = EDGE_CURVE('',#4078,#237,#4101,.T.);
#4101 = SURFACE_CURVE('',#4102,(#4106,#4113),.PCURVE_S1.);
#4102 = LINE('',#4103,#4104);
#4103 = CARTESIAN_POINT('',(-246.1677336141,188.15289656432,63.9676));
#4104 = VECTOR('',#4105,1.);
#4105 = DIRECTION('',(1.,4.440892098501E-16,-2.22044604925E-16));
#4106 = PCURVE('',#285,#4107);
#4107 = DEFINITIONAL_REPRESENTATION('',(#4108),#4112);
#4108 = LINE('',#4109,#4110);
#4109 = CARTESIAN_POINT('',(-0.,0.));
#4110 = VECTOR('',#4111,1.);
#4111 = DIRECTION('',(6.661338147751E-16,-1.));
#4112 = ( GEOMETRIC_REPRESENTATION_CONTEXT(2) 
PARAMETRIC_REPRESENTATION_CONTEXT() REPRESENTATION_CONTEXT('2D SPACE',''
  ) );
#4113 = PCURVE('',#257,#4114);
#4114 = DEFINITIONAL_REPRESENTATION('',(#4115),#4119);
#4115 = LINE('',#4116,#4117);
#4116 = CARTESIAN_POINT('',(-3.14159265359,0.));
#4117 = VECTOR('',#4118,1.);
#4118 = DIRECTION('',(-0.,-1.));
#4119 = ( GEOMETRIC_REPRESENTATION_CONTEXT(2) 
PARAMETRIC_REPRESENTATION_CONTEXT() REPRESENTATION_CONTEXT('2D SPACE',''
  ) );
#4120 = ORIENTED_EDGE('',*,*,#269,.T.);
#4121 = ORIENTED_EDGE('',*,*,#4053,.F.);
#4122 = ADVANCED_FACE('',(#4123),#257,.T.);
#4123 = FACE_BOUND('',#4124,.F.);
#4124 = EDGE_LOOP('',(#4125,#4153,#4174,#4175));
#4125 = ORIENTED_EDGE('',*,*,#4126,.F.);
#4126 = EDGE_CURVE('',#4127,#4078,#4129,.T.);
#4127 = VERTEX_POINT('',#4128);
#4128 = CARTESIAN_POINT('',(-23.5,189.90289656432,65.7176));
#4129 = SURFACE_CURVE('',#4130,(#4135,#4142),.PCURVE_S1.);
#4130 = CIRCLE('',#4131,1.75);
#4131 = AXIS2_PLACEMENT_3D('',#4132,#4133,#4134);
#4132 = CARTESIAN_POINT('',(-23.5,189.90289656432,63.9676));
#4133 = DIRECTION('',(1.,-6.162975822039E-31,-6.661338147751E-16));
#4134 = DIRECTION('',(-1.232595164408E-31,1.,-1.110223024625E-15));
#4135 = PCURVE('',#257,#4136);
#4136 = DEFINITIONAL_REPRESENTATION('',(#4137),#4141);
#4137 = LINE('',#4138,#4139);
#4138 = CARTESIAN_POINT('',(-0.,-222.6677336141));
#4139 = VECTOR('',#4140,1.);
#4140 = DIRECTION('',(-1.,0.));
#4141 = ( GEOMETRIC_REPRESENTATION_CONTEXT(2) 
PARAMETRIC_REPRESENTATION_CONTEXT() REPRESENTATION_CONTEXT('2D SPACE',''
  ) );
#4142 = PCURVE('',#1749,#4143);
#4143 = DEFINITIONAL_REPRESENTATION('',(#4144),#4152);
#4144 = ( BOUNDED_CURVE() B_SPLINE_CURVE(2,(#4145,#4146,#4147,#4148,
#4149,#4150,#4151),.UNSPECIFIED.,.T.,.F.) B_SPLINE_CURVE_WITH_KNOTS((1,2
    ,2,2,2,1),(-2.094395102393,0.,2.094395102393,4.188790204786,
6.28318530718,8.377580409573),.UNSPECIFIED.) CURVE() 
GEOMETRIC_REPRESENTATION_ITEM() RATIONAL_B_SPLINE_CURVE((1.,0.5,1.,0.5,
1.,0.5,1.)) REPRESENTATION_ITEM('') );
#4145 = CARTESIAN_POINT('',(-4.6,-89.58313224592));
#4146 = CARTESIAN_POINT('',(-7.631088913245,-89.58313224592));
#4147 = CARTESIAN_POINT('',(-6.115544456623,-86.95813224592));
#4148 = CARTESIAN_POINT('',(-4.6,-84.33313224592));
#4149 = CARTESIAN_POINT('',(-3.084455543377,-86.95813224592));
#4150 = CARTESIAN_POINT('',(-1.568911086754,-89.58313224592));
#4151 = CARTESIAN_POINT('',(-4.6,-89.58313224592));
#4152 = ( GEOMETRIC_REPRESENTATION_CONTEXT(2) 
PARAMETRIC_REPRESENTATION_CONTEXT() REPRESENTATION_CONTEXT('2D SPACE',''
  ) );
#4153 = ORIENTED_EDGE('',*,*,#4154,.T.);
#4154 = EDGE_CURVE('',#4127,#209,#4155,.T.);
#4155 = SURFACE_CURVE('',#4156,(#4160,#4167),.PCURVE_S1.);
#4156 = LINE('',#4157,#4158);
#4157 = CARTESIAN_POINT('',(-246.1677336141,189.90289656432,65.7176));
#4158 = VECTOR('',#4159,1.);
#4159 = DIRECTION('',(1.,4.440892098501E-16,-2.22044604925E-16));
#4160 = PCURVE('',#257,#4161);
#4161 = DEFINITIONAL_REPRESENTATION('',(#4162),#4166);
#4162 = LINE('',#4163,#4164);
#4163 = CARTESIAN_POINT('',(-1.570796326795,0.));
#4164 = VECTOR('',#4165,1.);
#4165 = DIRECTION('',(-0.,-1.));
#4166 = ( GEOMETRIC_REPRESENTATION_CONTEXT(2) 
PARAMETRIC_REPRESENTATION_CONTEXT() REPRESENTATION_CONTEXT('2D SPACE',''
  ) );
#4167 = PCURVE('',#224,#4168);
#4168 = DEFINITIONAL_REPRESENTATION('',(#4169),#4173);
#4169 = LINE('',#4170,#4171);
#4170 = CARTESIAN_POINT('',(-23.91710343567,-227.6677336141));
#4171 = VECTOR('',#4172,1.);
#4172 = DIRECTION('',(6.661338147751E-16,1.));
#4173 = ( GEOMETRIC_REPRESENTATION_CONTEXT(2) 
PARAMETRIC_REPRESENTATION_CONTEXT() REPRESENTATION_CONTEXT('2D SPACE',''
  ) );
#4174 = ORIENTED_EDGE('',*,*,#236,.T.);
#4175 = ORIENTED_EDGE('',*,*,#4100,.F.);
#4176 = ADVANCED_FACE('',(#4177),#224,.F.);
#4177 = FACE_BOUND('',#4178,.T.);
#4178 = EDGE_LOOP('',(#4179,#4180,#4203,#4224));
#4179 = ORIENTED_EDGE('',*,*,#208,.F.);
#4180 = ORIENTED_EDGE('',*,*,#4181,.T.);
#4181 = EDGE_CURVE('',#181,#4182,#4184,.T.);
#4182 = VERTEX_POINT('',#4183);
#4183 = CARTESIAN_POINT('',(-23.5,213.82,65.7176));
#4184 = SURFACE_CURVE('',#4185,(#4189,#4196),.PCURVE_S1.);
#4185 = LINE('',#4186,#4187);
#4186 = CARTESIAN_POINT('',(-18.5,213.82,65.7176));
#4187 = VECTOR('',#4188,1.);
#4188 = DIRECTION('',(-1.,-6.661338147751E-16,3.330669073875E-16));
#4189 = PCURVE('',#224,#4190);
#4190 = DEFINITIONAL_REPRESENTATION('',(#4191),#4195);
#4191 = LINE('',#4192,#4193);
#4192 = CARTESIAN_POINT('',(-0.,0.));
#4193 = VECTOR('',#4194,1.);
#4194 = DIRECTION('',(-1.110223024625E-15,-1.));
#4195 = ( GEOMETRIC_REPRESENTATION_CONTEXT(2) 
PARAMETRIC_REPRESENTATION_CONTEXT() REPRESENTATION_CONTEXT('2D SPACE',''
  ) );
#4196 = PCURVE('',#196,#4197);
#4197 = DEFINITIONAL_REPRESENTATION('',(#4198),#4202);
#4198 = LINE('',#4199,#4200);
#4199 = CARTESIAN_POINT('',(-12.7,1.071365218763E-14));
#4200 = VECTOR('',#4201,1.);
#4201 = DIRECTION('',(1.110223024625E-15,-1.));
#4202 = ( GEOMETRIC_REPRESENTATION_CONTEXT(2) 
PARAMETRIC_REPRESENTATION_CONTEXT() REPRESENTATION_CONTEXT('2D SPACE',''
  ) );
#4203 = ORIENTED_EDGE('',*,*,#4204,.T.);
#4204 = EDGE_CURVE('',#4182,#4127,#4205,.T.);
#4205 = SURFACE_CURVE('',#4206,(#4210,#4217),.PCURVE_S1.);
#4206 = LINE('',#4207,#4208);
#4207 = CARTESIAN_POINT('',(-23.5,213.82,65.7176));
#4208 = VECTOR('',#4209,1.);
#4209 = DIRECTION('',(7.395570986447E-32,-1.,2.331468351713E-15));
#4210 = PCURVE('',#224,#4211);
#4211 = DEFINITIONAL_REPRESENTATION('',(#4212),#4216);
#4212 = LINE('',#4213,#4214);
#4213 = CARTESIAN_POINT('',(2.284838984679E-13,-5.));
#4214 = VECTOR('',#4215,1.);
#4215 = DIRECTION('',(-1.,-8.881784197001E-16));
#4216 = ( GEOMETRIC_REPRESENTATION_CONTEXT(2) 
PARAMETRIC_REPRESENTATION_CONTEXT() REPRESENTATION_CONTEXT('2D SPACE',''
  ) );
#4217 = PCURVE('',#1749,#4218);
#4218 = DEFINITIONAL_REPRESENTATION('',(#4219),#4223);
#4219 = LINE('',#4220,#4221);
#4220 = CARTESIAN_POINT('',(-6.35,-111.7502356816));
#4221 = VECTOR('',#4222,1.);
#4222 = DIRECTION('',(-2.6645352591E-15,1.));
#4223 = ( GEOMETRIC_REPRESENTATION_CONTEXT(2) 
PARAMETRIC_REPRESENTATION_CONTEXT() REPRESENTATION_CONTEXT('2D SPACE',''
  ) );
#4224 = ORIENTED_EDGE('',*,*,#4154,.T.);
#4225 = ADVANCED_FACE('',(#4226),#196,.F.);
#4226 = FACE_BOUND('',#4227,.T.);
#4227 = EDGE_LOOP('',(#4228,#4251,#4272,#4273));
#4228 = ORIENTED_EDGE('',*,*,#4229,.T.);
#4229 = EDGE_CURVE('',#153,#4230,#4232,.T.);
#4230 = VERTEX_POINT('',#4231);
#4231 = CARTESIAN_POINT('',(-23.5,213.82,53.0176));
#4232 = SURFACE_CURVE('',#4233,(#4237,#4244),.PCURVE_S1.);
#4233 = LINE('',#4234,#4235);
#4234 = CARTESIAN_POINT('',(-18.5,213.82,53.0176));
#4235 = VECTOR('',#4236,1.);
#4236 = DIRECTION('',(-1.,-6.661338147751E-16,3.330669073875E-16));
#4237 = PCURVE('',#196,#4238);
#4238 = DEFINITIONAL_REPRESENTATION('',(#4239),#4243);
#4239 = LINE('',#4240,#4241);
#4240 = CARTESIAN_POINT('',(-0.,0.));
#4241 = VECTOR('',#4242,1.);
#4242 = DIRECTION('',(1.110223024625E-15,-1.));
#4243 = ( GEOMETRIC_REPRESENTATION_CONTEXT(2) 
PARAMETRIC_REPRESENTATION_CONTEXT() REPRESENTATION_CONTEXT('2D SPACE',''
  ) );
#4244 = PCURVE('',#168,#4245);
#4245 = DEFINITIONAL_REPRESENTATION('',(#4246),#4250);
#4246 = LINE('',#4247,#4248);
#4247 = CARTESIAN_POINT('',(-225.,2.000621890375E-13));
#4248 = VECTOR('',#4249,1.);
#4249 = DIRECTION('',(1.110223024625E-15,-1.));
#4250 = ( GEOMETRIC_REPRESENTATION_CONTEXT(2) 
PARAMETRIC_REPRESENTATION_CONTEXT() REPRESENTATION_CONTEXT('2D SPACE',''
  ) );
#4251 = ORIENTED_EDGE('',*,*,#4252,.T.);
#4252 = EDGE_CURVE('',#4230,#4182,#4253,.T.);
#4253 = SURFACE_CURVE('',#4254,(#4258,#4265),.PCURVE_S1.);
#4254 = LINE('',#4255,#4256);
#4255 = CARTESIAN_POINT('',(-23.5,213.82,53.0176));
#4256 = VECTOR('',#4257,1.);
#4257 = DIRECTION('',(9.992007221626E-16,-9.992007221626E-16,1.));
#4258 = PCURVE('',#196,#4259);
#4259 = DEFINITIONAL_REPRESENTATION('',(#4260),#4264);
#4260 = LINE('',#4261,#4262);
#4261 = CARTESIAN_POINT('',(8.537615059367E-14,-5.));
#4262 = VECTOR('',#4263,1.);
#4263 = DIRECTION('',(-1.,8.881784197001E-16));
#4264 = ( GEOMETRIC_REPRESENTATION_CONTEXT(2) 
PARAMETRIC_REPRESENTATION_CONTEXT() REPRESENTATION_CONTEXT('2D SPACE',''
  ) );
#4265 = PCURVE('',#1749,#4266);
#4266 = DEFINITIONAL_REPRESENTATION('',(#4267),#4271);
#4267 = LINE('',#4268,#4269);
#4268 = CARTESIAN_POINT('',(6.35,-111.7502356816));
#4269 = VECTOR('',#4270,1.);
#4270 = DIRECTION('',(-1.,2.6645352591E-15));
#4271 = ( GEOMETRIC_REPRESENTATION_CONTEXT(2) 
PARAMETRIC_REPRESENTATION_CONTEXT() REPRESENTATION_CONTEXT('2D SPACE',''
  ) );
#4272 = ORIENTED_EDGE('',*,*,#4181,.F.);
#4273 = ORIENTED_EDGE('',*,*,#180,.F.);
#4274 = ADVANCED_FACE('',(#4275),#168,.F.);
#4275 = FACE_BOUND('',#4276,.T.);
#4276 = EDGE_LOOP('',(#4277,#4300,#4321,#4322));
#4277 = ORIENTED_EDGE('',*,*,#4278,.T.);
#4278 = EDGE_CURVE('',#125,#4279,#4281,.T.);
#4279 = VERTEX_POINT('',#4280);
#4280 = CARTESIAN_POINT('',(-23.5,-11.18,53.0176));
#4281 = SURFACE_CURVE('',#4282,(#4286,#4293),.PCURVE_S1.);
#4282 = LINE('',#4283,#4284);
#4283 = CARTESIAN_POINT('',(-18.5,-11.18,53.0176));
#4284 = VECTOR('',#4285,1.);
#4285 = DIRECTION('',(-1.,-6.661338147751E-16,3.330669073875E-16));
#4286 = PCURVE('',#168,#4287);
#4287 = DEFINITIONAL_REPRESENTATION('',(#4288),#4292);
#4288 = LINE('',#4289,#4290);
#4289 = CARTESIAN_POINT('',(-0.,0.));
#4290 = VECTOR('',#4291,1.);
#4291 = DIRECTION('',(1.110223024625E-15,-1.));
#4292 = ( GEOMETRIC_REPRESENTATION_CONTEXT(2) 
PARAMETRIC_REPRESENTATION_CONTEXT() REPRESENTATION_CONTEXT('2D SPACE',''
  ) );
#4293 = PCURVE('',#140,#4294);
#4294 = DEFINITIONAL_REPRESENTATION('',(#4295),#4299);
#4295 = LINE('',#4296,#4297);
#4296 = CARTESIAN_POINT('',(-12.7,-1.071365218763E-14));
#4297 = VECTOR('',#4298,1.);
#4298 = DIRECTION('',(-1.110223024625E-15,-1.));
#4299 = ( GEOMETRIC_REPRESENTATION_CONTEXT(2) 
PARAMETRIC_REPRESENTATION_CONTEXT() REPRESENTATION_CONTEXT('2D SPACE',''
  ) );
#4300 = ORIENTED_EDGE('',*,*,#4301,.T.);
#4301 = EDGE_CURVE('',#4279,#4230,#4302,.T.);
#4302 = SURFACE_CURVE('',#4303,(#4307,#4314),.PCURVE_S1.);
#4303 = LINE('',#4304,#4305);
#4304 = CARTESIAN_POINT('',(-23.5,-11.18,53.0176));
#4305 = VECTOR('',#4306,1.);
#4306 = DIRECTION('',(-7.395570986447E-32,1.,-2.331468351713E-15));
#4307 = PCURVE('',#168,#4308);
#4308 = DEFINITIONAL_REPRESENTATION('',(#4309),#4313);
#4309 = LINE('',#4310,#4311);
#4310 = CARTESIAN_POINT('',(7.771561172376E-15,-5.));
#4311 = VECTOR('',#4312,1.);
#4312 = DIRECTION('',(-1.,8.881784197001E-16));
#4313 = ( GEOMETRIC_REPRESENTATION_CONTEXT(2) 
PARAMETRIC_REPRESENTATION_CONTEXT() REPRESENTATION_CONTEXT('2D SPACE',''
  ) );
#4314 = PCURVE('',#1749,#4315);
#4315 = DEFINITIONAL_REPRESENTATION('',(#4316),#4320);
#4316 = LINE('',#4317,#4318);
#4317 = CARTESIAN_POINT('',(6.35,113.24976431839));
#4318 = VECTOR('',#4319,1.);
#4319 = DIRECTION('',(2.6645352591E-15,-1.));
#4320 = ( GEOMETRIC_REPRESENTATION_CONTEXT(2) 
PARAMETRIC_REPRESENTATION_CONTEXT() REPRESENTATION_CONTEXT('2D SPACE',''
  ) );
#4321 = ORIENTED_EDGE('',*,*,#4229,.F.);
#4322 = ORIENTED_EDGE('',*,*,#152,.F.);
#4323 = ADVANCED_FACE('',(#4324),#140,.F.);
#4324 = FACE_BOUND('',#4325,.T.);
#4325 = EDGE_LOOP('',(#4326,#4349,#4370,#4371));
#4326 = ORIENTED_EDGE('',*,*,#4327,.T.);
#4327 = EDGE_CURVE('',#97,#4328,#4330,.T.);
#4328 = VERTEX_POINT('',#4329);
#4329 = CARTESIAN_POINT('',(-23.5,-11.18,65.7176));
#4330 = SURFACE_CURVE('',#4331,(#4335,#4342),.PCURVE_S1.);
#4331 = LINE('',#4332,#4333);
#4332 = CARTESIAN_POINT('',(-18.5,-11.18,65.7176));
#4333 = VECTOR('',#4334,1.);
#4334 = DIRECTION('',(-1.,-6.661338147751E-16,3.330669073875E-16));
#4335 = PCURVE('',#140,#4336);
#4336 = DEFINITIONAL_REPRESENTATION('',(#4337),#4341);
#4337 = LINE('',#4338,#4339);
#4338 = CARTESIAN_POINT('',(-0.,0.));
#4339 = VECTOR('',#4340,1.);
#4340 = DIRECTION('',(-1.110223024625E-15,-1.));
#4341 = ( GEOMETRIC_REPRESENTATION_CONTEXT(2) 
PARAMETRIC_REPRESENTATION_CONTEXT() REPRESENTATION_CONTEXT('2D SPACE',''
  ) );
#4342 = PCURVE('',#112,#4343);
#4343 = DEFINITIONAL_REPRESENTATION('',(#4344),#4348);
#4344 = LINE('',#4345,#4346);
#4345 = CARTESIAN_POINT('',(-225.,-2.000621890375E-13));
#4346 = VECTOR('',#4347,1.);
#4347 = DIRECTION('',(-1.110223024625E-15,-1.));
#4348 = ( GEOMETRIC_REPRESENTATION_CONTEXT(2) 
PARAMETRIC_REPRESENTATION_CONTEXT() REPRESENTATION_CONTEXT('2D SPACE',''
  ) );
#4349 = ORIENTED_EDGE('',*,*,#4350,.T.);
#4350 = EDGE_CURVE('',#4328,#4279,#4351,.T.);
#4351 = SURFACE_CURVE('',#4352,(#4356,#4363),.PCURVE_S1.);
#4352 = LINE('',#4353,#4354);
#4353 = CARTESIAN_POINT('',(-23.5,-11.18,65.7176));
#4354 = VECTOR('',#4355,1.);
#4355 = DIRECTION('',(-9.992007221626E-16,9.992007221626E-16,-1.));
#4356 = PCURVE('',#140,#4357);
#4357 = DEFINITIONAL_REPRESENTATION('',(#4358),#4362);
#4358 = LINE('',#4359,#4360);
#4359 = CARTESIAN_POINT('',(2.120525977034E-14,-5.));
#4360 = VECTOR('',#4361,1.);
#4361 = DIRECTION('',(-1.,-8.881784197001E-16));
#4362 = ( GEOMETRIC_REPRESENTATION_CONTEXT(2) 
PARAMETRIC_REPRESENTATION_CONTEXT() REPRESENTATION_CONTEXT('2D SPACE',''
  ) );
#4363 = PCURVE('',#1749,#4364);
#4364 = DEFINITIONAL_REPRESENTATION('',(#4365),#4369);
#4365 = LINE('',#4366,#4367);
#4366 = CARTESIAN_POINT('',(-6.35,113.2497643184));
#4367 = VECTOR('',#4368,1.);
#4368 = DIRECTION('',(1.,-2.6645352591E-15));
#4369 = ( GEOMETRIC_REPRESENTATION_CONTEXT(2) 
PARAMETRIC_REPRESENTATION_CONTEXT() REPRESENTATION_CONTEXT('2D SPACE',''
  ) );
#4370 = ORIENTED_EDGE('',*,*,#4278,.F.);
#4371 = ORIENTED_EDGE('',*,*,#124,.F.);
#4372 = ADVANCED_FACE('',(#4373),#112,.F.);
#4373 = FACE_BOUND('',#4374,.T.);
#4374 = EDGE_LOOP('',(#4375,#4376,#4377,#4398));
#4375 = ORIENTED_EDGE('',*,*,#96,.F.);
#4376 = ORIENTED_EDGE('',*,*,#1787,.F.);
#4377 = ORIENTED_EDGE('',*,*,#4378,.T.);
#4378 = EDGE_CURVE('',#1733,#4328,#4379,.T.);
#4379 = SURFACE_CURVE('',#4380,(#4384,#4391),.PCURVE_S1.);
#4380 = LINE('',#4381,#4382);
#4381 = CARTESIAN_POINT('',(-23.5,213.82,65.7176));
#4382 = VECTOR('',#4383,1.);
#4383 = DIRECTION('',(7.395570986447E-32,-1.,2.331468351713E-15));
#4384 = PCURVE('',#112,#4385);
#4385 = DEFINITIONAL_REPRESENTATION('',(#4386),#4390);
#4386 = LINE('',#4387,#4388);
#4387 = CARTESIAN_POINT('',(2.284838984679E-13,-5.));
#4388 = VECTOR('',#4389,1.);
#4389 = DIRECTION('',(-1.,-8.881784197001E-16));
#4390 = ( GEOMETRIC_REPRESENTATION_CONTEXT(2) 
PARAMETRIC_REPRESENTATION_CONTEXT() REPRESENTATION_CONTEXT('2D SPACE',''
  ) );
#4391 = PCURVE('',#1749,#4392);
#4392 = DEFINITIONAL_REPRESENTATION('',(#4393),#4397);
#4393 = LINE('',#4394,#4395);
#4394 = CARTESIAN_POINT('',(-6.35,-111.7502356816));
#4395 = VECTOR('',#4396,1.);
#4396 = DIRECTION('',(-2.6645352591E-15,1.));
#4397 = ( GEOMETRIC_REPRESENTATION_CONTEXT(2) 
PARAMETRIC_REPRESENTATION_CONTEXT() REPRESENTATION_CONTEXT('2D SPACE',''
  ) );
#4398 = ORIENTED_EDGE('',*,*,#4327,.F.);
#4399 = ADVANCED_FACE('',(#4400),#1660,.F.);
#4400 = FACE_BOUND('',#4401,.F.);
#4401 = EDGE_LOOP('',(#4402,#4425,#4451,#4452));
#4402 = ORIENTED_EDGE('',*,*,#4403,.T.);
#4403 = EDGE_CURVE('',#1640,#4404,#4406,.T.);
#4404 = VERTEX_POINT('',#4405);
#4405 = CARTESIAN_POINT('',(-23.5,-4.,59.3676));
#4406 = SEAM_CURVE('',#4407,(#4411,#4418),.PCURVE_S1.);
#4407 = LINE('',#4408,#4409);
#4408 = CARTESIAN_POINT('',(-18.5,-4.,59.3676));
#4409 = VECTOR('',#4410,1.);
#4410 = DIRECTION('',(-1.,-6.661338147751E-16,3.330669073875E-16));
#4411 = PCURVE('',#1660,#4412);
#4412 = DEFINITIONAL_REPRESENTATION('',(#4413),#4417);
#4413 = LINE('',#4414,#4415);
#4414 = CARTESIAN_POINT('',(0.,0.));
#4415 = VECTOR('',#4416,1.);
#4416 = DIRECTION('',(0.,-1.));
#4417 = ( GEOMETRIC_REPRESENTATION_CONTEXT(2) 
PARAMETRIC_REPRESENTATION_CONTEXT() REPRESENTATION_CONTEXT('2D SPACE',''
  ) );
#4418 = PCURVE('',#1660,#4419);
#4419 = DEFINITIONAL_REPRESENTATION('',(#4420),#4424);
#4420 = LINE('',#4421,#4422);
#4421 = CARTESIAN_POINT('',(6.28318530718,0.));
#4422 = VECTOR('',#4423,1.);
#4423 = DIRECTION('',(0.,-1.));
#4424 = ( GEOMETRIC_REPRESENTATION_CONTEXT(2) 
PARAMETRIC_REPRESENTATION_CONTEXT() REPRESENTATION_CONTEXT('2D SPACE',''
  ) );
#4425 = ORIENTED_EDGE('',*,*,#4426,.T.);
#4426 = EDGE_CURVE('',#4404,#4404,#4427,.T.);
#4427 = SURFACE_CURVE('',#4428,(#4433,#4440),.PCURVE_S1.);
#4428 = CIRCLE('',#4429,1.59);
#4429 = AXIS2_PLACEMENT_3D('',#4430,#4431,#4432);
#4430 = CARTESIAN_POINT('',(-23.5,-5.59,59.3676));
#4431 = DIRECTION('',(1.,-2.255649150866E-30,-9.992007221626E-16));
#4432 = DIRECTION('',(-7.395570986447E-32,1.,-2.331468351713E-15));
#4433 = PCURVE('',#1660,#4434);
#4434 = DEFINITIONAL_REPRESENTATION('',(#4435),#4439);
#4435 = LINE('',#4436,#4437);
#4436 = CARTESIAN_POINT('',(0.,-5.));
#4437 = VECTOR('',#4438,1.);
#4438 = DIRECTION('',(1.,0.));
#4439 = ( GEOMETRIC_REPRESENTATION_CONTEXT(2) 
PARAMETRIC_REPRESENTATION_CONTEXT() REPRESENTATION_CONTEXT('2D SPACE',''
  ) );
#4440 = PCURVE('',#1749,#4441);
#4441 = DEFINITIONAL_REPRESENTATION('',(#4442),#4450);
#4442 = ( BOUNDED_CURVE() B_SPLINE_CURVE(2,(#4443,#4444,#4445,#4446,
#4447,#4448,#4449),.UNSPECIFIED.,.T.,.F.) B_SPLINE_CURVE_WITH_KNOTS((1,2
    ,2,2,2,1),(-2.094395102393,0.,2.094395102393,4.188790204786,
6.28318530718,8.377580409573),.UNSPECIFIED.) CURVE() 
GEOMETRIC_REPRESENTATION_ITEM() RATIONAL_B_SPLINE_CURVE((1.,0.5,1.,0.5,
1.,0.5,1.)) REPRESENTATION_ITEM('') );
#4443 = CARTESIAN_POINT('',(-2.835617748945E-13,106.0697643184));
#4444 = CARTESIAN_POINT('',(-2.753960784035,106.0697643184));
#4445 = CARTESIAN_POINT('',(-1.376980392018,108.4547643184));
#4446 = CARTESIAN_POINT('',(-2.966610457625E-13,110.8397643184));
#4447 = CARTESIAN_POINT('',(1.376980392017,108.4547643184));
#4448 = CARTESIAN_POINT('',(2.753960784034,106.0697643184));
#4449 = CARTESIAN_POINT('',(-2.835617748945E-13,106.0697643184));
#4450 = ( GEOMETRIC_REPRESENTATION_CONTEXT(2) 
PARAMETRIC_REPRESENTATION_CONTEXT() REPRESENTATION_CONTEXT('2D SPACE',''
  ) );
#4451 = ORIENTED_EDGE('',*,*,#4403,.F.);
#4452 = ORIENTED_EDGE('',*,*,#1639,.F.);
#4453 = ADVANCED_FACE('',(#4454),#1715,.F.);
#4454 = FACE_BOUND('',#4455,.F.);
#4455 = EDGE_LOOP('',(#4456,#4479,#4505,#4506));
#4456 = ORIENTED_EDGE('',*,*,#4457,.T.);
#4457 = EDGE_CURVE('',#1676,#4458,#4460,.T.);
#4458 = VERTEX_POINT('',#4459);
#4459 = CARTESIAN_POINT('',(-23.5,208.62,59.3676));
#4460 = SEAM_CURVE('',#4461,(#4465,#4472),.PCURVE_S1.);
#4461 = LINE('',#4462,#4463);
#4462 = CARTESIAN_POINT('',(-18.5,208.62,59.3676));
#4463 = VECTOR('',#4464,1.);
#4464 = DIRECTION('',(-1.,-6.661338147751E-16,3.330669073875E-16));
#4465 = PCURVE('',#1715,#4466);
#4466 = DEFINITIONAL_REPRESENTATION('',(#4467),#4471);
#4467 = LINE('',#4468,#4469);
#4468 = CARTESIAN_POINT('',(0.,0.));
#4469 = VECTOR('',#4470,1.);
#4470 = DIRECTION('',(0.,-1.));
#4471 = ( GEOMETRIC_REPRESENTATION_CONTEXT(2) 
PARAMETRIC_REPRESENTATION_CONTEXT() REPRESENTATION_CONTEXT('2D SPACE',''
  ) );
#4472 = PCURVE('',#1715,#4473);
#4473 = DEFINITIONAL_REPRESENTATION('',(#4474),#4478);
#4474 = LINE('',#4475,#4476);
#4475 = CARTESIAN_POINT('',(6.28318530718,0.));
#4476 = VECTOR('',#4477,1.);
#4477 = DIRECTION('',(0.,-1.));
#4478 = ( GEOMETRIC_REPRESENTATION_CONTEXT(2) 
PARAMETRIC_REPRESENTATION_CONTEXT() REPRESENTATION_CONTEXT('2D SPACE',''
  ) );
#4479 = ORIENTED_EDGE('',*,*,#4480,.T.);
#4480 = EDGE_CURVE('',#4458,#4458,#4481,.T.);
#4481 = SURFACE_CURVE('',#4482,(#4487,#4494),.PCURVE_S1.);
#4482 = CIRCLE('',#4483,2.3);
#4483 = AXIS2_PLACEMENT_3D('',#4484,#4485,#4486);
#4484 = CARTESIAN_POINT('',(-23.5,206.32,59.3676));
#4485 = DIRECTION('',(1.,-2.255649150866E-30,-9.992007221626E-16));
#4486 = DIRECTION('',(-7.395570986447E-32,1.,-2.331468351713E-15));
#4487 = PCURVE('',#1715,#4488);
#4488 = DEFINITIONAL_REPRESENTATION('',(#4489),#4493);
#4489 = LINE('',#4490,#4491);
#4490 = CARTESIAN_POINT('',(0.,-5.));
#4491 = VECTOR('',#4492,1.);
#4492 = DIRECTION('',(1.,0.));
#4493 = ( GEOMETRIC_REPRESENTATION_CONTEXT(2) 
PARAMETRIC_REPRESENTATION_CONTEXT() REPRESENTATION_CONTEXT('2D SPACE',''
  ) );
#4494 = PCURVE('',#1749,#4495);
#4495 = DEFINITIONAL_REPRESENTATION('',(#4496),#4504);
#4496 = ( BOUNDED_CURVE() B_SPLINE_CURVE(2,(#4497,#4498,#4499,#4500,
#4501,#4502,#4503),.UNSPECIFIED.,.T.,.F.) B_SPLINE_CURVE_WITH_KNOTS((1,2
    ,2,2,2,1),(-2.094395102393,0.,2.094395102393,4.188790204786,
6.28318530718,8.377580409573),.UNSPECIFIED.) CURVE() 
GEOMETRIC_REPRESENTATION_ITEM() RATIONAL_B_SPLINE_CURVE((1.,0.5,1.,0.5,
1.,0.5,1.)) REPRESENTATION_ITEM('') );
#4497 = CARTESIAN_POINT('',(2.826575187795E-13,-106.5502356816));
#4498 = CARTESIAN_POINT('',(-3.983716857408,-106.5502356816));
#4499 = CARTESIAN_POINT('',(-1.991858428704,-103.1002356816));
#4500 = CARTESIAN_POINT('',(2.637088879641E-13,-99.6502356816));
#4501 = CARTESIAN_POINT('',(1.991858428704,-103.1002356816));
#4502 = CARTESIAN_POINT('',(3.983716857409,-106.5502356816));
#4503 = CARTESIAN_POINT('',(2.826575187795E-13,-106.5502356816));
#4504 = ( GEOMETRIC_REPRESENTATION_CONTEXT(2) 
PARAMETRIC_REPRESENTATION_CONTEXT() REPRESENTATION_CONTEXT('2D SPACE',''
  ) );
#4505 = ORIENTED_EDGE('',*,*,#4457,.F.);
#4506 = ORIENTED_EDGE('',*,*,#1700,.F.);
#4507 = ADVANCED_FACE('',(#4508,#4562,#4565),#1749,.T.);
#4508 = FACE_BOUND('',#4509,.F.);
#4509 = EDGE_LOOP('',(#4510,#4511,#4512,#4513,#4514,#4515,#4516,#4517,
    #4518,#4519,#4520,#4521,#4522,#4523,#4524,#4525,#4526,#4527,#4528,
    #4529,#4530,#4531,#4532,#4533,#4534,#4535,#4536,#4537,#4538,#4539,
    #4540,#4541,#4542,#4543,#4544,#4545,#4546,#4547,#4548,#4549,#4550,
    #4551,#4552,#4553,#4554,#4555,#4556,#4557,#4558,#4559,#4560,#4561));
#4510 = ORIENTED_EDGE('',*,*,#1730,.T.);
#4511 = ORIENTED_EDGE('',*,*,#4378,.T.);
#4512 = ORIENTED_EDGE('',*,*,#4350,.T.);
#4513 = ORIENTED_EDGE('',*,*,#4301,.T.);
#4514 = ORIENTED_EDGE('',*,*,#4252,.T.);
#4515 = ORIENTED_EDGE('',*,*,#4204,.T.);
#4516 = ORIENTED_EDGE('',*,*,#4126,.T.);
#4517 = ORIENTED_EDGE('',*,*,#4077,.T.);
#4518 = ORIENTED_EDGE('',*,*,#4023,.F.);
#4519 = ORIENTED_EDGE('',*,*,#3974,.T.);
#4520 = ORIENTED_EDGE('',*,*,#3920,.F.);
#4521 = ORIENTED_EDGE('',*,*,#3871,.T.);
#4522 = ORIENTED_EDGE('',*,*,#3817,.T.);
#4523 = ORIENTED_EDGE('',*,*,#3792,.T.);
#4524 = ORIENTED_EDGE('',*,*,#3714,.T.);
#4525 = ORIENTED_EDGE('',*,*,#3665,.F.);
#4526 = ORIENTED_EDGE('',*,*,#3611,.F.);
#4527 = ORIENTED_EDGE('',*,*,#3562,.F.);
#4528 = ORIENTED_EDGE('',*,*,#3508,.F.);
#4529 = ORIENTED_EDGE('',*,*,#3459,.F.);
#4530 = ORIENTED_EDGE('',*,*,#3405,.T.);
#4531 = ORIENTED_EDGE('',*,*,#3380,.T.);
#4532 = ORIENTED_EDGE('',*,*,#3302,.T.);
#4533 = ORIENTED_EDGE('',*,*,#3253,.F.);
#4534 = ORIENTED_EDGE('',*,*,#3199,.F.);
#4535 = ORIENTED_EDGE('',*,*,#3150,.F.);
#4536 = ORIENTED_EDGE('',*,*,#3096,.F.);
#4537 = ORIENTED_EDGE('',*,*,#3047,.F.);
#4538 = ORIENTED_EDGE('',*,*,#2993,.T.);
#4539 = ORIENTED_EDGE('',*,*,#2968,.T.);
#4540 = ORIENTED_EDGE('',*,*,#2890,.T.);
#4541 = ORIENTED_EDGE('',*,*,#2841,.F.);
#4542 = ORIENTED_EDGE('',*,*,#2787,.F.);
#4543 = ORIENTED_EDGE('',*,*,#2738,.F.);
#4544 = ORIENTED_EDGE('',*,*,#2684,.F.);
#4545 = ORIENTED_EDGE('',*,*,#2635,.F.);
#4546 = ORIENTED_EDGE('',*,*,#2581,.T.);
#4547 = ORIENTED_EDGE('',*,*,#2556,.T.);
#4548 = ORIENTED_EDGE('',*,*,#2478,.T.);
#4549 = ORIENTED_EDGE('',*,*,#2429,.F.);
#4550 = ORIENTED_EDGE('',*,*,#2375,.F.);
#4551 = ORIENTED_EDGE('',*,*,#2326,.F.);
#4552 = ORIENTED_EDGE('',*,*,#2272,.F.);
#4553 = ORIENTED_EDGE('',*,*,#2223,.F.);
#4554 = ORIENTED_EDGE('',*,*,#2169,.T.);
#4555 = ORIENTED_EDGE('',*,*,#2144,.T.);
#4556 = ORIENTED_EDGE('',*,*,#2066,.T.);
#4557 = ORIENTED_EDGE('',*,*,#2017,.F.);
#4558 = ORIENTED_EDGE('',*,*,#1963,.F.);
#4559 = ORIENTED_EDGE('',*,*,#1914,.F.);
#4560 = ORIENTED_EDGE('',*,*,#1860,.F.);
#4561 = ORIENTED_EDGE('',*,*,#1811,.F.);
#4562 = FACE_BOUND('',#4563,.F.);
#4563 = EDGE_LOOP('',(#4564));
#4564 = ORIENTED_EDGE('',*,*,#4480,.F.);
#4565 = FACE_BOUND('',#4566,.F.);
#4566 = EDGE_LOOP('',(#4567));
#4567 = ORIENTED_EDGE('',*,*,#4426,.F.);
#4568 = ( GEOMETRIC_REPRESENTATION_CONTEXT(3) 
GLOBAL_UNCERTAINTY_ASSIGNED_CONTEXT((#4572)) 
GLOBAL_UNIT_ASSIGNED_CONTEXT((#4569,#4570,#4571)) REPRESENTATION_CONTEXT
('Context #1','3D Context with UNIT and UNCERTAINTY') );
#4569 = ( LENGTH_UNIT() NAMED_UNIT(*) SI_UNIT(.MILLI.,.METRE.) );
#4570 = ( NAMED_UNIT(*) PLANE_ANGLE_UNIT() SI_UNIT($,.RADIAN.) );
#4571 = ( NAMED_UNIT(*) SI_UNIT($,.STERADIAN.) SOLID_ANGLE_UNIT() );
#4572 = UNCERTAINTY_MEASURE_WITH_UNIT(LENGTH_MEASURE(1.E-04),#4569,
  'distance_accuracy_value','confusion accuracy');
#4573 = PRODUCT_RELATED_PRODUCT_CATEGORY('part',$,(#7));
#4574 = MECHANICAL_DESIGN_GEOMETRIC_PRESENTATION_REPRESENTATION('',(
    #4575),#4568);
#4575 = STYLED_ITEM('color',(#4576),#15);
#4576 = PRESENTATION_STYLE_ASSIGNMENT((#4577,#4585));
#4577 = SURFACE_STYLE_USAGE(.BOTH.,#4578);
#4578 = SURFACE_SIDE_STYLE('',(#4579,#4583));
#4579 = SURFACE_STYLE_FILL_AREA(#4580);
#4580 = FILL_AREA_STYLE('',(#4581));
#4581 = FILL_AREA_STYLE_COLOUR('',#4582);
#4582 = COLOUR_RGB('',0.447058818107,0.474509808674,0.501960817233);
#4583 = SURFACE_STYLE_RENDERING_WITH_PROPERTIES(.NORMAL_SHADING.,#4582,(
    #4584));
#4584 = SURFACE_STYLE_TRANSPARENT(0.699999988079);
#4585 = CURVE_STYLE('',#4586,POSITIVE_LENGTH_MEASURE(0.1),#4587);
#4586 = DRAUGHTING_PRE_DEFINED_CURVE_FONT('continuous');
#4587 = COLOUR_RGB('',9.803921802644E-02,9.803921802644E-02,
  9.803921802644E-02);
ENDSEC;
END-ISO-10303-21;
