ISO-10303-21;
HEADER;
FILE_DESCRIPTION(('FreeCAD Model'),'2;1');
FILE_NAME('Open CASCADE Shape Model','2026-07-18T22:17:49',(''),(''),
  'Open CASCADE STEP processor 7.8','FreeCAD','Unknown');
FILE_SCHEMA(('AUTOMOTIVE_DESIGN { 1 0 10303 214 1 1 1 1 }'));
ENDSEC;
DATA;
#1 = APPLICATION_PROTOCOL_DEFINITION('international standard',
  'automotive_design',2000,#2);
#2 = APPLICATION_CONTEXT(
  'core data for automotive mechanical design processes');
#3 = SHAPE_DEFINITION_REPRESENTATION(#4,#10);
#4 = PRODUCT_DEFINITION_SHAPE('','',#5);
#5 = PRODUCT_DEFINITION('design','',#6,#9);
#6 = PRODUCT_DEFINITION_FORMATION('','',#7);
#7 = PRODUCT('LockingBody','LockingBody','',(#8));
#8 = PRODUCT_CONTEXT('',#2,'mechanical');
#9 = PRODUCT_DEFINITION_CONTEXT('part definition',#2,'design');
#10 = ADVANCED_BREP_SHAPE_REPRESENTATION('',(#11,#15),#14984);
#11 = AXIS2_PLACEMENT_3D('',#12,#13,#14);
#12 = CARTESIAN_POINT('',(0.,0.,0.));
#13 = DIRECTION('',(0.,0.,1.));
#14 = DIRECTION('',(1.,0.,-0.));
#15 = MANIFOLD_SOLID_BREP('',#16);
#16 = CLOSED_SHELL('',(#17,#1331,#1484,#1569,#1675,#1785,#1843,#1892,
    #1970,#2131,#2180,#2314,#2392,#2442,#2582,#2804,#2929,#2979,#3083,
    #3275,#3398,#3498,#3663,#3741,#3827,#3914,#4017,#4162,#4218,#4341,
    #4476,#4553,#4648,#4697,#4786,#4937,#5038,#5065,#5132,#5208,#5291,
    #5346,#6279,#6307,#6334,#6393,#6527,#6609,#7032,#7059,#7087,#7340,
    #7522,#7556,#7583,#7610,#7637,#7664,#7671,#7698,#7769,#7819,#7893,
    #7971,#8045,#8848,#8897,#8992,#9041,#9079,#9129,#9216,#9265,#9412,
    #9462,#9559,#9626,#9675,#9754,#9781,#9836,#9864,#9892,#9941,#9948,
    #9976,#9983,#9990,#10023,#10051,#10100,#10128,#10156,#10184,#10222,
    #10250,#10305,#10455,#10536,#10587,#10637,#10688,#10717,#10852,
    #10880,#10962,#11011,#11093,#11121,#11128,#11155,#11435,#11464,
    #11471,#11498,#11525,#11576,#11626,#11746,#11753,#11917,#12057,
    #12167,#12174,#12202,#12209,#12244,#12273,#12308,#12337,#12385,
    #12433,#12630,#12827,#12883,#12939,#12966,#12993,#13020,#13047,
    #13054,#13130,#13319,#13368,#13535,#13611,#13660,#13709,#13736,
    #13952,#14001,#14050,#14217,#14245,#14252,#14280,#14287,#14293,
    #14299,#14305,#14311,#14359,#14386,#14413,#14440,#14468,#14516,
    #14543,#14571,#14598,#14625,#14632,#14639,#14686,#14713,#14740,
    #14767,#14794,#14801,#14848,#14875,#14902,#14929,#14956,#14963,
    #14970,#14977));
#17 = ADVANCED_FACE('',(#18),#32,.T.);
#18 = FACE_BOUND('',#19,.T.);
#19 = EDGE_LOOP('',(#20,#55,#143,#171,#199,#222,#256,#284,#312,#340,#368
    ,#396,#430,#458,#481,#509,#597,#625,#653,#681,#709,#737,#765,#793,
    #821,#849,#937,#965,#993,#1021,#1109,#1137,#1165,#1193,#1221,#1249,
    #1277,#1305));
#20 = ORIENTED_EDGE('',*,*,#21,.T.);
#21 = EDGE_CURVE('',#22,#24,#26,.T.);
#22 = VERTEX_POINT('',#23);
#23 = CARTESIAN_POINT('',(26.67,2.542252557319,55.201617846279));
#24 = VERTEX_POINT('',#25);
#25 = CARTESIAN_POINT('',(26.67,2.824356273556,53.115635692557));
#26 = SURFACE_CURVE('',#27,(#31,#43),.PCURVE_S1.);
#27 = LINE('',#28,#29);
#28 = CARTESIAN_POINT('',(26.67,2.425139003243,56.0676));
#29 = VECTOR('',#30,1.);
#30 = DIRECTION('',(0.,0.134017846279,-0.990978918484));
#31 = PCURVE('',#32,#37);
#32 = PLANE('',#33);
#33 = AXIS2_PLACEMENT_3D('',#34,#35,#36);
#34 = CARTESIAN_POINT('',(144.0319086621,9.773372891849,1.731964307443)
  );
#35 = DIRECTION('',(0.,0.990978918484,0.134017846279));
#36 = DIRECTION('',(0.,-0.134017846279,0.990978918484));
#37 = DEFINITIONAL_REPRESENTATION('',(#38),#42);
#38 = LINE('',#39,#40);
#39 = CARTESIAN_POINT('',(54.830263973429,-117.3619086621));
#40 = VECTOR('',#41,1.);
#41 = DIRECTION('',(-1.,0.));
#42 = ( GEOMETRIC_REPRESENTATION_CONTEXT(2) 
PARAMETRIC_REPRESENTATION_CONTEXT() REPRESENTATION_CONTEXT('2D SPACE',''
  ) );
#43 = PCURVE('',#44,#49);
#44 = CYLINDRICAL_SURFACE('',#45,2.);
#45 = AXIS2_PLACEMENT_3D('',#46,#47,#48);
#46 = CARTESIAN_POINT('',(26.67,0.443181166276,55.799564307443));
#47 = DIRECTION('',(0.,0.134017846279,-0.990978918484));
#48 = DIRECTION('',(0.,0.990978918484,0.134017846279));
#49 = DEFINITIONAL_REPRESENTATION('',(#50),#54);
#50 = LINE('',#51,#52);
#51 = CARTESIAN_POINT('',(0.,0.));
#52 = VECTOR('',#53,1.);
#53 = DIRECTION('',(0.,1.));
#54 = ( GEOMETRIC_REPRESENTATION_CONTEXT(2) 
PARAMETRIC_REPRESENTATION_CONTEXT() REPRESENTATION_CONTEXT('2D SPACE',''
  ) );
#55 = ORIENTED_EDGE('',*,*,#56,.T.);
#56 = EDGE_CURVE('',#24,#57,#59,.T.);
#57 = VERTEX_POINT('',#58);
#58 = CARTESIAN_POINT('',(25.968133329357,3.085143893125,51.187272863498
    ));
#59 = SURFACE_CURVE('',#60,(#75,#93),.PCURVE_S1.);
#60 = ( BOUNDED_CURVE() B_SPLINE_CURVE(7,(#61,#62,#63,#64,#65,#66,#67,
    #68,#69,#70,#71,#72,#73,#74),.UNSPECIFIED.,.F.,.F.) 
B_SPLINE_CURVE_WITH_KNOTS((8,6,8),(2.978836635556,3.249018932154,
6.541119982866),.UNSPECIFIED.) CURVE() GEOMETRIC_REPRESENTATION_ITEM() 
RATIONAL_B_SPLINE_CURVE((1.,1.,1.,1.,1.,1.,1.,1.,1.,1.,1.,1.,1.,1.)) 
REPRESENTATION_ITEM('') );
#61 = CARTESIAN_POINT('',(26.67,2.824356273556,53.115635692557));
#62 = CARTESIAN_POINT('',(26.67,2.829753260233,53.07572832075));
#63 = CARTESIAN_POINT('',(26.669645881401,2.835159682671,53.035751177339
    ));
#64 = CARTESIAN_POINT('',(26.669007985618,2.84047349626,52.996458818977)
  );
#65 = CARTESIAN_POINT('',(26.66787825884,2.846071157315,52.955067584506)
  );
#66 = CARTESIAN_POINT('',(26.666599621253,2.850958170896,52.918931147694
    ));
#67 = CARTESIAN_POINT('',(26.664836548552,2.85773189024,52.868843691018)
  );
#68 = CARTESIAN_POINT('',(26.63705717944,2.90376490003,52.528458111611)
  );
#69 = CARTESIAN_POINT('',(26.573739977619,2.941973429265,52.245929716851
    ));
#70 = CARTESIAN_POINT('',(26.482701243675,2.979088574411,51.971486219831
    ));
#71 = CARTESIAN_POINT('',(26.362938519893,3.011561820821,51.731366687244
    ));
#72 = CARTESIAN_POINT('',(26.234238222811,3.039324104844,51.526081801981
    ));
#73 = CARTESIAN_POINT('',(26.103410512491,3.063341245292,51.348489932494
    ));
#74 = CARTESIAN_POINT('',(25.968133329357,3.085143893125,51.187272863498
    ));
#75 = PCURVE('',#32,#76);
#76 = DEFINITIONAL_REPRESENTATION('',(#77),#92);
#77 = ( BOUNDED_CURVE() B_SPLINE_CURVE(7,(#78,#79,#80,#81,#82,#83,#84,
    #85,#86,#87,#88,#89,#90,#91),.UNSPECIFIED.,.F.,.F.) 
B_SPLINE_CURVE_WITH_KNOTS((8,6,8),(2.978836635556,3.249018932154,
6.541119982866),.UNSPECIFIED.) CURVE() GEOMETRIC_REPRESENTATION_ITEM() 
RATIONAL_B_SPLINE_CURVE((1.,1.,1.,1.,1.,1.,1.,1.,1.,1.,1.,1.,1.,1.)) 
REPRESENTATION_ITEM('') );
#78 = CARTESIAN_POINT('',(51.851427337873,-117.3619086621));
#79 = CARTESIAN_POINT('',(51.811156681189,-117.3619086621));
#80 = CARTESIAN_POINT('',(51.770815617756,-117.3622627807));
#81 = CARTESIAN_POINT('',(51.731165573109,-117.3629006764));
#82 = CARTESIAN_POINT('',(51.68939754586,-117.3640304032));
#83 = CARTESIAN_POINT('',(51.652932151756,-117.3653090408));
#84 = CARTESIAN_POINT('',(51.602388738831,-117.3670721135));
#85 = CARTESIAN_POINT('',(51.258904560654,-117.3948514826));
#86 = CARTESIAN_POINT('',(50.973804252775,-117.4581686844));
#87 = CARTESIAN_POINT('',(50.696862441097,-117.5492074184));
#88 = CARTESIAN_POINT('',(50.454557051841,-117.6689701422));
#89 = CARTESIAN_POINT('',(50.24740341675,-117.7976704392));
#90 = CARTESIAN_POINT('',(50.068194892557,-117.9284981496));
#91 = CARTESIAN_POINT('',(49.905510231977,-118.0637753327));
#92 = ( GEOMETRIC_REPRESENTATION_CONTEXT(2) 
PARAMETRIC_REPRESENTATION_CONTEXT() REPRESENTATION_CONTEXT('2D SPACE',''
  ) );
#93 = PCURVE('',#94,#137);
#94 = ( BOUNDED_SURFACE() B_SPLINE_SURFACE(2,7,(
    (#95,#96,#97,#98,#99,#100,#101,#102,#103,#104,#105,#106,#107,#108)
    ,(#109,#110,#111,#112,#113,#114,#115,#116,#117,#118,#119,#120,#121
      ,#122)
    ,(#123,#124,#125,#126,#127,#128,#129,#130,#131,#132,#133,#134,#135
,#136
    )),.UNSPECIFIED.,.F.,.F.,.F.) B_SPLINE_SURFACE_WITH_KNOTS((3,3),(8,6
    ,8),(0.,3.562283347309),(2.978836635556,3.249018932154,
6.541119982866),.UNSPECIFIED.) GEOMETRIC_REPRESENTATION_ITEM() 
RATIONAL_B_SPLINE_SURFACE((
    (1.,1.,1.,1.,1.,1.,1.,1.,1.,1.,1.,1.,1.,1.)
    ,(0.707106781187,0.706741292788,0.706375238572,0.706008893122
      ,0.705640740579,0.705273755382,0.704902592975,0.700041443295
      ,0.695520560123,0.691111640342,0.686884048917,0.682980862047
      ,0.679352020372,0.675964122175)
,(1.,1.,1.,1.,1.,1.,1.,1.,1.,1.,1.,1.,1.,1.
))) REPRESENTATION_ITEM('') SURFACE() );
#95 = CARTESIAN_POINT('',(26.67,2.824356273556,53.115635692557));
#96 = CARTESIAN_POINT('',(26.67,2.829753260233,53.07572832075));
#97 = CARTESIAN_POINT('',(26.669645881401,2.835159682671,53.035751177339
    ));
#98 = CARTESIAN_POINT('',(26.669007985618,2.84047349626,52.996458818977)
  );
#99 = CARTESIAN_POINT('',(26.66787825884,2.846071157315,52.955067584506)
  );
#100 = CARTESIAN_POINT('',(26.666599621253,2.850958170896,
    52.918931147694));
#101 = CARTESIAN_POINT('',(26.664836548552,2.85773189024,52.868843691018
    ));
#102 = CARTESIAN_POINT('',(26.63705717944,2.90376490003,52.528458111611)
  );
#103 = CARTESIAN_POINT('',(26.573739977619,2.941973429265,
    52.245929716851));
#104 = CARTESIAN_POINT('',(26.482701243675,2.979088574411,
    51.971486219831));
#105 = CARTESIAN_POINT('',(26.362938519893,3.011561820821,
    51.731366687244));
#106 = CARTESIAN_POINT('',(26.234238222811,3.039324104844,
    51.526081801981));
#107 = CARTESIAN_POINT('',(26.103410512491,3.063341245292,
    51.348489932494));
#108 = CARTESIAN_POINT('',(25.968133329357,3.085143893125,
    51.187272863498));
#109 = CARTESIAN_POINT('',(28.67,2.824356273556,53.115635692557));
#110 = CARTESIAN_POINT('',(28.672068583808,2.829537318317,
    53.077325077396));
#111 = CARTESIAN_POINT('',(28.673796177936,2.834721056571,
    53.038994545523));
#112 = CARTESIAN_POINT('',(28.67518151574,2.839907526671,53.000643813339
    ));
#113 = CARTESIAN_POINT('',(28.676228636283,2.84509645393,52.962274911987
    ));
#114 = CARTESIAN_POINT('',(28.676927639971,2.850289480913,
    52.923875695718));
#115 = CARTESIAN_POINT('',(28.677294675,2.855479640624,52.885497681141)
  );
#116 = CARTESIAN_POINT('',(28.677453924108,2.924521961596,
    52.374972505084));
#117 = CARTESIAN_POINT('',(28.625547595141,2.988707064128,
    51.900363449229));
#118 = CARTESIAN_POINT('',(28.520718864388,3.051561619431,
    51.435592965556));
#119 = CARTESIAN_POINT('',(28.366002132216,3.111935239553,
    50.989167460041));
#120 = CARTESIAN_POINT('',(28.167280354151,3.168806152118,
    50.568642306171));
#121 = CARTESIAN_POINT('',(27.927474047775,3.222193742843,
    50.173874158598));
#122 = CARTESIAN_POINT('',(27.64464536331,3.271974169113,49.80577875671)
  );
#123 = CARTESIAN_POINT('',(28.67,0.842398436589,52.8476));
#124 = CARTESIAN_POINT('',(28.67,0.845527939996,52.809032102923));
#125 = CARTESIAN_POINT('',(28.669652695003,0.848659933539,
    52.770431228598));
#126 = CARTESIAN_POINT('',(28.668958660471,0.851793630204,
    52.731814723085));
#127 = CARTESIAN_POINT('',(28.667911676581,0.854928324893,
    52.693124244063));
#128 = CARTESIAN_POINT('',(28.666520816183,0.858063776595,
    52.654486461163));
#129 = CARTESIAN_POINT('',(28.664769437898,0.861197329215,
    52.615696648638));
#130 = CARTESIAN_POINT('',(28.637126361213,0.902526914221,
    52.105648866172));
#131 = CARTESIAN_POINT('',(28.559540131316,0.940561363322,
    51.635685100925));
#132 = CARTESIAN_POINT('',(28.430412877113,0.977424166169,
    51.180513312097));
#133 = CARTESIAN_POINT('',(28.253782536283,1.012453650521,
    50.747790739293));
#134 = CARTESIAN_POINT('',(28.037742204847,1.045171105764,
    50.346578725238));
#135 = CARTESIAN_POINT('',(27.786992989897,1.075454717925,
    49.975422052093));
#136 = CARTESIAN_POINT('',(27.500222215595,1.103186056158,
    49.633661951567));
#137 = DEFINITIONAL_REPRESENTATION('',(#138),#142);
#138 = LINE('',#139,#140);
#139 = CARTESIAN_POINT('',(0.,0.));
#140 = VECTOR('',#141,1.);
#141 = DIRECTION('',(0.,1.));
#142 = ( GEOMETRIC_REPRESENTATION_CONTEXT(2) 
PARAMETRIC_REPRESENTATION_CONTEXT() REPRESENTATION_CONTEXT('2D SPACE',''
  ) );
#143 = ORIENTED_EDGE('',*,*,#144,.T.);
#144 = EDGE_CURVE('',#57,#145,#147,.T.);
#145 = VERTEX_POINT('',#146);
#146 = CARTESIAN_POINT('',(17.811671687366,4.39972227677,41.466780398798
    ));
#147 = SURFACE_CURVE('',#148,(#152,#159),.PCURVE_S1.);
#148 = LINE('',#149,#150);
#149 = CARTESIAN_POINT('',(25.823710181642,3.108420597708,
    51.015156058354));
#150 = VECTOR('',#151,1.);
#151 = DIRECTION('',(-0.639365742696,0.103046691259,-0.76196642084));
#152 = PCURVE('',#32,#153);
#153 = DEFINITIONAL_REPRESENTATION('',(#154),#158);
#154 = LINE('',#155,#156);
#155 = CARTESIAN_POINT('',(49.731826612747,-118.2081984804));
#156 = VECTOR('',#157,1.);
#157 = DIRECTION('',(-0.768902755273,-0.639365742696));
#158 = ( GEOMETRIC_REPRESENTATION_CONTEXT(2) 
PARAMETRIC_REPRESENTATION_CONTEXT() REPRESENTATION_CONTEXT('2D SPACE',''
  ) );
#159 = PCURVE('',#160,#165);
#160 = CYLINDRICAL_SURFACE('',#161,2.);
#161 = AXIS2_PLACEMENT_3D('',#162,#163,#164);
#162 = CARTESIAN_POINT('',(25.823710181642,1.126462760741,
    50.747120365797));
#163 = DIRECTION('',(-0.639365742696,0.103046691259,-0.76196642084));
#164 = DIRECTION('',(1.387778780781E-17,0.990978918484,0.134017846279));
#165 = DEFINITIONAL_REPRESENTATION('',(#166),#170);
#166 = LINE('',#167,#168);
#167 = CARTESIAN_POINT('',(0.,0.));
#168 = VECTOR('',#169,1.);
#169 = DIRECTION('',(0.,1.));
#170 = ( GEOMETRIC_REPRESENTATION_CONTEXT(2) 
PARAMETRIC_REPRESENTATION_CONTEXT() REPRESENTATION_CONTEXT('2D SPACE',''
  ) );
#171 = ORIENTED_EDGE('',*,*,#172,.F.);
#172 = EDGE_CURVE('',#173,#145,#175,.T.);
#173 = VERTEX_POINT('',#174);
#174 = CARTESIAN_POINT('',(17.6286926874,4.886247055725,37.869231171942)
  );
#175 = SURFACE_CURVE('',#176,(#180,#187),.PCURVE_S1.);
#176 = LINE('',#177,#178);
#177 = CARTESIAN_POINT('',(16.02240764378,9.157215177391,6.288068755052)
  );
#178 = VECTOR('',#179,1.);
#179 = DIRECTION('',(5.033939118508E-02,-0.133847934319,0.989722524839)
  );
#180 = PCURVE('',#32,#181);
#181 = DEFINITIONAL_REPRESENTATION('',(#182),#186);
#182 = LINE('',#183,#184);
#183 = CARTESIAN_POINT('',(4.59757958785,-128.0095010183));
#184 = VECTOR('',#185,1.);
#185 = DIRECTION('',(0.99873216915,5.033939118508E-02));
#186 = ( GEOMETRIC_REPRESENTATION_CONTEXT(2) 
PARAMETRIC_REPRESENTATION_CONTEXT() REPRESENTATION_CONTEXT('2D SPACE',''
  ) );
#187 = PCURVE('',#188,#193);
#188 = PLANE('',#189);
#189 = AXIS2_PLACEMENT_3D('',#190,#191,#192);
#190 = CARTESIAN_POINT('',(15.992254157972,18.6,5.695221217495));
#191 = DIRECTION('',(-0.998709026329,1.127908072516E-17,
    5.07964637509E-02));
#192 = DIRECTION('',(5.07964637509E-02,2.217579511862E-16,0.998709026329
    ));
#193 = DEFINITIONAL_REPRESENTATION('',(#194),#198);
#194 = LINE('',#195,#196);
#195 = CARTESIAN_POINT('',(0.593613877444,-9.442784822609));
#196 = VECTOR('',#197,1.);
#197 = DIRECTION('',(0.991001882177,-0.133847934319));
#198 = ( GEOMETRIC_REPRESENTATION_CONTEXT(2) 
PARAMETRIC_REPRESENTATION_CONTEXT() REPRESENTATION_CONTEXT('2D SPACE',''
  ) );
#199 = ORIENTED_EDGE('',*,*,#200,.T.);
#200 = EDGE_CURVE('',#173,#201,#203,.T.);
#201 = VERTEX_POINT('',#202);
#202 = CARTESIAN_POINT('',(15.992254157972,9.237390596538,5.695221217495
    ));
#203 = SURFACE_CURVE('',#204,(#208,#215),.PCURVE_S1.);
#204 = LINE('',#205,#206);
#205 = CARTESIAN_POINT('',(16.02240764378,9.157215177391,6.288068755052)
  );
#206 = VECTOR('',#207,1.);
#207 = DIRECTION('',(-5.033939118508E-02,0.133847934319,-0.989722524839)
  );
#208 = PCURVE('',#32,#209);
#209 = DEFINITIONAL_REPRESENTATION('',(#210),#214);
#210 = LINE('',#211,#212);
#211 = CARTESIAN_POINT('',(4.59757958785,-128.0095010183));
#212 = VECTOR('',#213,1.);
#213 = DIRECTION('',(-0.99873216915,-5.033939118508E-02));
#214 = ( GEOMETRIC_REPRESENTATION_CONTEXT(2) 
PARAMETRIC_REPRESENTATION_CONTEXT() REPRESENTATION_CONTEXT('2D SPACE',''
  ) );
#215 = PCURVE('',#188,#216);
#216 = DEFINITIONAL_REPRESENTATION('',(#217),#221);
#217 = LINE('',#218,#219);
#218 = CARTESIAN_POINT('',(0.593613877444,-9.442784822609));
#219 = VECTOR('',#220,1.);
#220 = DIRECTION('',(-0.991001882177,0.133847934319));
#221 = ( GEOMETRIC_REPRESENTATION_CONTEXT(2) 
PARAMETRIC_REPRESENTATION_CONTEXT() REPRESENTATION_CONTEXT('2D SPACE',''
  ) );
#222 = ORIENTED_EDGE('',*,*,#223,.T.);
#223 = EDGE_CURVE('',#201,#224,#226,.T.);
#224 = VERTEX_POINT('',#225);
#225 = CARTESIAN_POINT('',(14.217092757701,9.773372891849,1.731964307443
    ));
#226 = SURFACE_CURVE('',#227,(#232,#239),.PCURVE_S1.);
#227 = ELLIPSE('',#228,6.054619213476,6.);
#228 = AXIS2_PLACEMENT_3D('',#229,#230,#231);
#229 = CARTESIAN_POINT('',(10.,9.196172972973,6.));
#230 = DIRECTION('',(0.,0.990978918484,0.134017846279));
#231 = DIRECTION('',(0.,0.134017846279,-0.990978918484));
#232 = PCURVE('',#32,#233);
#233 = DEFINITIONAL_REPRESENTATION('',(#234),#238);
#234 = ELLIPSE('',#235,6.054619213476,6.);
#235 = AXIS2_PLACEMENT_2D('',#236,#237);
#236 = CARTESIAN_POINT('',(4.30688848466,-134.0319086621));
#237 = DIRECTION('',(-1.,0.));
#238 = ( GEOMETRIC_REPRESENTATION_CONTEXT(2) 
PARAMETRIC_REPRESENTATION_CONTEXT() REPRESENTATION_CONTEXT('2D SPACE',''
  ) );
#239 = PCURVE('',#240,#245);
#240 = CYLINDRICAL_SURFACE('',#241,6.);
#241 = AXIS2_PLACEMENT_3D('',#242,#243,#244);
#242 = CARTESIAN_POINT('',(10.,18.6,6.));
#243 = DIRECTION('',(0.,1.,-2.22044604925E-16));
#244 = DIRECTION('',(1.,0.,0.));
#245 = DEFINITIONAL_REPRESENTATION('',(#246),#255);
#246 = B_SPLINE_CURVE_WITH_KNOTS('',7,(#247,#248,#249,#250,#251,#252,
    #253,#254),.UNSPECIFIED.,.F.,.F.,(8,8),(4.763207314395,6.28318530718
    ),.PIECEWISE_BEZIER_KNOTS.);
#247 = CARTESIAN_POINT('',(-6.232366973169,-9.362609403462));
#248 = CARTESIAN_POINT('',(-6.015227259914,-9.186643832052));
#249 = CARTESIAN_POINT('',(-5.798087546659,-9.012946143286));
#250 = CARTESIAN_POINT('',(-5.580947833406,-8.855062963691));
#251 = CARTESIAN_POINT('',(-5.363808120147,-8.726301304957));
#252 = CARTESIAN_POINT('',(-5.146668406895,-8.637035576702));
#253 = CARTESIAN_POINT('',(-4.92952869364,-8.5924));
#254 = CARTESIAN_POINT('',(-4.712388980385,-8.5924));
#255 = ( GEOMETRIC_REPRESENTATION_CONTEXT(2) 
PARAMETRIC_REPRESENTATION_CONTEXT() REPRESENTATION_CONTEXT('2D SPACE',''
  ) );
#256 = ORIENTED_EDGE('',*,*,#257,.T.);
#257 = EDGE_CURVE('',#224,#258,#260,.T.);
#258 = VERTEX_POINT('',#259);
#259 = CARTESIAN_POINT('',(8.,9.773372891849,1.731964307443));
#260 = SURFACE_CURVE('',#261,(#265,#272),.PCURVE_S1.);
#261 = LINE('',#262,#263);
#262 = CARTESIAN_POINT('',(144.0319086621,9.773372891849,1.731964307443)
  );
#263 = VECTOR('',#264,1.);
#264 = DIRECTION('',(-1.,0.,0.));
#265 = PCURVE('',#32,#266);
#266 = DEFINITIONAL_REPRESENTATION('',(#267),#271);
#267 = LINE('',#268,#269);
#268 = CARTESIAN_POINT('',(0.,0.));
#269 = VECTOR('',#270,1.);
#270 = DIRECTION('',(0.,-1.));
#271 = ( GEOMETRIC_REPRESENTATION_CONTEXT(2) 
PARAMETRIC_REPRESENTATION_CONTEXT() REPRESENTATION_CONTEXT('2D SPACE',''
  ) );
#272 = PCURVE('',#273,#278);
#273 = CYLINDRICAL_SURFACE('',#274,2.);
#274 = AXIS2_PLACEMENT_3D('',#275,#276,#277);
#275 = CARTESIAN_POINT('',(144.0319086621,11.755330728816,2.));
#276 = DIRECTION('',(1.,0.,0.));
#277 = DIRECTION('',(0.,1.,0.));
#278 = DEFINITIONAL_REPRESENTATION('',(#279),#283);
#279 = LINE('',#280,#281);
#280 = CARTESIAN_POINT('',(3.276014955,0.));
#281 = VECTOR('',#282,1.);
#282 = DIRECTION('',(0.,-1.));
#283 = ( GEOMETRIC_REPRESENTATION_CONTEXT(2) 
PARAMETRIC_REPRESENTATION_CONTEXT() REPRESENTATION_CONTEXT('2D SPACE',''
  ) );
#284 = ORIENTED_EDGE('',*,*,#285,.T.);
#285 = EDGE_CURVE('',#258,#286,#288,.T.);
#286 = VERTEX_POINT('',#287);
#287 = CARTESIAN_POINT('',(8.,6.763280472652,23.989732305821));
#288 = SURFACE_CURVE('',#289,(#293,#300),.PCURVE_S1.);
#289 = LINE('',#290,#291);
#290 = CARTESIAN_POINT('',(8.,10.0076,0.));
#291 = VECTOR('',#292,1.);
#292 = DIRECTION('',(0.,-0.134017846279,0.990978918484));
#293 = PCURVE('',#32,#294);
#294 = DEFINITIONAL_REPRESENTATION('',(#295),#299);
#295 = LINE('',#296,#297);
#296 = CARTESIAN_POINT('',(-1.747730728816,-136.0319086621));
#297 = VECTOR('',#298,1.);
#298 = DIRECTION('',(1.,0.));
#299 = ( GEOMETRIC_REPRESENTATION_CONTEXT(2) 
PARAMETRIC_REPRESENTATION_CONTEXT() REPRESENTATION_CONTEXT('2D SPACE',''
  ) );
#300 = PCURVE('',#301,#306);
#301 = PLANE('',#302);
#302 = AXIS2_PLACEMENT_3D('',#303,#304,#305);
#303 = CARTESIAN_POINT('',(8.,19.435418156564,8.355129101009));
#304 = DIRECTION('',(1.,0.,0.));
#305 = DIRECTION('',(0.,0.,1.));
#306 = DEFINITIONAL_REPRESENTATION('',(#307),#311);
#307 = LINE('',#308,#309);
#308 = CARTESIAN_POINT('',(-8.355129101009,9.427818156564));
#309 = VECTOR('',#310,1.);
#310 = DIRECTION('',(0.990978918484,0.134017846279));
#311 = ( GEOMETRIC_REPRESENTATION_CONTEXT(2) 
PARAMETRIC_REPRESENTATION_CONTEXT() REPRESENTATION_CONTEXT('2D SPACE',''
  ) );
#312 = ORIENTED_EDGE('',*,*,#313,.F.);
#313 = EDGE_CURVE('',#314,#286,#316,.T.);
#314 = VERTEX_POINT('',#315);
#315 = CARTESIAN_POINT('',(-8.,6.763280472652,23.989732305821));
#316 = SURFACE_CURVE('',#317,(#321,#328),.PCURVE_S1.);
#317 = LINE('',#318,#319);
#318 = CARTESIAN_POINT('',(-8.,6.763280472652,23.989732305821));
#319 = VECTOR('',#320,1.);
#320 = DIRECTION('',(1.,0.,0.));
#321 = PCURVE('',#32,#322);
#322 = DEFINITIONAL_REPRESENTATION('',(#323),#327);
#323 = LINE('',#324,#325);
#324 = CARTESIAN_POINT('',(22.460384962011,-152.0319086621));
#325 = VECTOR('',#326,1.);
#326 = DIRECTION('',(0.,1.));
#327 = ( GEOMETRIC_REPRESENTATION_CONTEXT(2) 
PARAMETRIC_REPRESENTATION_CONTEXT() REPRESENTATION_CONTEXT('2D SPACE',''
  ) );
#328 = PCURVE('',#329,#334);
#329 = CYLINDRICAL_SURFACE('',#330,15.);
#330 = AXIS2_PLACEMENT_3D('',#331,#332,#333);
#331 = CARTESIAN_POINT('',(-8.,21.627964249906,26.));
#332 = DIRECTION('',(-1.,0.,0.));
#333 = DIRECTION('',(0.,1.,0.));
#334 = DEFINITIONAL_REPRESENTATION('',(#335),#339);
#335 = LINE('',#336,#337);
#336 = CARTESIAN_POINT('',(-3.276014955,0.));
#337 = VECTOR('',#338,1.);
#338 = DIRECTION('',(-0.,-1.));
#339 = ( GEOMETRIC_REPRESENTATION_CONTEXT(2) 
PARAMETRIC_REPRESENTATION_CONTEXT() REPRESENTATION_CONTEXT('2D SPACE',''
  ) );
#340 = ORIENTED_EDGE('',*,*,#341,.F.);
#341 = EDGE_CURVE('',#342,#314,#344,.T.);
#342 = VERTEX_POINT('',#343);
#343 = CARTESIAN_POINT('',(-8.,9.773372891849,1.731964307443));
#344 = SURFACE_CURVE('',#345,(#349,#356),.PCURVE_S1.);
#345 = LINE('',#346,#347);
#346 = CARTESIAN_POINT('',(-8.,10.0076,0.));
#347 = VECTOR('',#348,1.);
#348 = DIRECTION('',(0.,-0.134017846279,0.990978918484));
#349 = PCURVE('',#32,#350);
#350 = DEFINITIONAL_REPRESENTATION('',(#351),#355);
#351 = LINE('',#352,#353);
#352 = CARTESIAN_POINT('',(-1.747730728816,-152.0319086621));
#353 = VECTOR('',#354,1.);
#354 = DIRECTION('',(1.,0.));
#355 = ( GEOMETRIC_REPRESENTATION_CONTEXT(2) 
PARAMETRIC_REPRESENTATION_CONTEXT() REPRESENTATION_CONTEXT('2D SPACE',''
  ) );
#356 = PCURVE('',#357,#362);
#357 = PLANE('',#358);
#358 = AXIS2_PLACEMENT_3D('',#359,#360,#361);
#359 = CARTESIAN_POINT('',(-8.,19.435418156564,8.355129101009));
#360 = DIRECTION('',(1.,0.,0.));
#361 = DIRECTION('',(0.,0.,1.));
#362 = DEFINITIONAL_REPRESENTATION('',(#363),#367);
#363 = LINE('',#364,#365);
#364 = CARTESIAN_POINT('',(-8.355129101009,9.427818156564));
#365 = VECTOR('',#366,1.);
#366 = DIRECTION('',(0.990978918484,0.134017846279));
#367 = ( GEOMETRIC_REPRESENTATION_CONTEXT(2) 
PARAMETRIC_REPRESENTATION_CONTEXT() REPRESENTATION_CONTEXT('2D SPACE',''
  ) );
#368 = ORIENTED_EDGE('',*,*,#369,.T.);
#369 = EDGE_CURVE('',#342,#370,#372,.T.);
#370 = VERTEX_POINT('',#371);
#371 = CARTESIAN_POINT('',(-14.2170927577,9.773372891849,1.731964307443)
  );
#372 = SURFACE_CURVE('',#373,(#377,#384),.PCURVE_S1.);
#373 = LINE('',#374,#375);
#374 = CARTESIAN_POINT('',(144.0319086621,9.773372891849,1.731964307443)
  );
#375 = VECTOR('',#376,1.);
#376 = DIRECTION('',(-1.,0.,0.));
#377 = PCURVE('',#32,#378);
#378 = DEFINITIONAL_REPRESENTATION('',(#379),#383);
#379 = LINE('',#380,#381);
#380 = CARTESIAN_POINT('',(0.,0.));
#381 = VECTOR('',#382,1.);
#382 = DIRECTION('',(0.,-1.));
#383 = ( GEOMETRIC_REPRESENTATION_CONTEXT(2) 
PARAMETRIC_REPRESENTATION_CONTEXT() REPRESENTATION_CONTEXT('2D SPACE',''
  ) );
#384 = PCURVE('',#385,#390);
#385 = CYLINDRICAL_SURFACE('',#386,2.);
#386 = AXIS2_PLACEMENT_3D('',#387,#388,#389);
#387 = CARTESIAN_POINT('',(144.0319086621,11.755330728816,2.));
#388 = DIRECTION('',(1.,0.,0.));
#389 = DIRECTION('',(0.,1.,0.));
#390 = DEFINITIONAL_REPRESENTATION('',(#391),#395);
#391 = LINE('',#392,#393);
#392 = CARTESIAN_POINT('',(3.276014955,0.));
#393 = VECTOR('',#394,1.);
#394 = DIRECTION('',(0.,-1.));
#395 = ( GEOMETRIC_REPRESENTATION_CONTEXT(2) 
PARAMETRIC_REPRESENTATION_CONTEXT() REPRESENTATION_CONTEXT('2D SPACE',''
  ) );
#396 = ORIENTED_EDGE('',*,*,#397,.T.);
#397 = EDGE_CURVE('',#370,#398,#400,.T.);
#398 = VERTEX_POINT('',#399);
#399 = CARTESIAN_POINT('',(-15.99225415797,9.237390596538,5.695221217495
    ));
#400 = SURFACE_CURVE('',#401,(#406,#413),.PCURVE_S1.);
#401 = ELLIPSE('',#402,6.054619213476,6.);
#402 = AXIS2_PLACEMENT_3D('',#403,#404,#405);
#403 = CARTESIAN_POINT('',(-10.,9.196172972973,6.));
#404 = DIRECTION('',(0.,0.990978918484,0.134017846279));
#405 = DIRECTION('',(0.,0.134017846279,-0.990978918484));
#406 = PCURVE('',#32,#407);
#407 = DEFINITIONAL_REPRESENTATION('',(#408),#412);
#408 = ELLIPSE('',#409,6.054619213476,6.);
#409 = AXIS2_PLACEMENT_2D('',#410,#411);
#410 = CARTESIAN_POINT('',(4.30688848466,-154.0319086621));
#411 = DIRECTION('',(-1.,0.));
#412 = ( GEOMETRIC_REPRESENTATION_CONTEXT(2) 
PARAMETRIC_REPRESENTATION_CONTEXT() REPRESENTATION_CONTEXT('2D SPACE',''
  ) );
#413 = PCURVE('',#414,#419);
#414 = CYLINDRICAL_SURFACE('',#415,6.);
#415 = AXIS2_PLACEMENT_3D('',#416,#417,#418);
#416 = CARTESIAN_POINT('',(-10.,18.6,6.));
#417 = DIRECTION('',(0.,1.,-2.22044604925E-16));
#418 = DIRECTION('',(1.,0.,0.));
#419 = DEFINITIONAL_REPRESENTATION('',(#420),#429);
#420 = B_SPLINE_CURVE_WITH_KNOTS('',7,(#421,#422,#423,#424,#425,#426,
    #427,#428),.UNSPECIFIED.,.F.,.F.,(8,8),(2.960594732334E-16,
    1.519977992784),.PIECEWISE_BEZIER_KNOTS.);
#421 = CARTESIAN_POINT('',(-4.712388980385,-8.5924));
#422 = CARTESIAN_POINT('',(-4.49524926713,-8.5924));
#423 = CARTESIAN_POINT('',(-4.278109553875,-8.637035576702));
#424 = CARTESIAN_POINT('',(-4.060969840619,-8.726301304959));
#425 = CARTESIAN_POINT('',(-3.843830127365,-8.855062963694));
#426 = CARTESIAN_POINT('',(-3.62669041411,-9.012946143286));
#427 = CARTESIAN_POINT('',(-3.409550700855,-9.186643832052));
#428 = CARTESIAN_POINT('',(-3.1924109876,-9.362609403462));
#429 = ( GEOMETRIC_REPRESENTATION_CONTEXT(2) 
PARAMETRIC_REPRESENTATION_CONTEXT() REPRESENTATION_CONTEXT('2D SPACE',''
  ) );
#430 = ORIENTED_EDGE('',*,*,#431,.F.);
#431 = EDGE_CURVE('',#432,#398,#434,.T.);
#432 = VERTEX_POINT('',#433);
#433 = CARTESIAN_POINT('',(-17.6286926874,4.886247055725,37.869231171942
    ));
#434 = SURFACE_CURVE('',#435,(#439,#446),.PCURVE_S1.);
#435 = LINE('',#436,#437);
#436 = CARTESIAN_POINT('',(-15.65742296559,10.127676759923,
    -0.887893224576));
#437 = VECTOR('',#438,1.);
#438 = DIRECTION('',(5.033939118508E-02,0.133847934319,-0.989722524839)
  );
#439 = PCURVE('',#32,#440);
#440 = DEFINITIONAL_REPRESENTATION('',(#441),#445);
#441 = LINE('',#442,#443);
#442 = CARTESIAN_POINT('',(-2.643706624988,-159.6893316277));
#443 = VECTOR('',#444,1.);
#444 = DIRECTION('',(-0.99873216915,5.033939118508E-02));
#445 = ( GEOMETRIC_REPRESENTATION_CONTEXT(2) 
PARAMETRIC_REPRESENTATION_CONTEXT() REPRESENTATION_CONTEXT('2D SPACE',''
  ) );
#446 = PCURVE('',#447,#452);
#447 = PLANE('',#448);
#448 = AXIS2_PLACEMENT_3D('',#449,#450,#451);
#449 = CARTESIAN_POINT('',(-15.99225415797,18.6,5.695221217495));
#450 = DIRECTION('',(-0.998709026329,-1.127908072516E-17,
    -5.07964637509E-02));
#451 = DIRECTION('',(-5.07964637509E-02,2.217579511862E-16,
    0.998709026329));
#452 = DEFINITIONAL_REPRESENTATION('',(#453),#457);
#453 = LINE('',#454,#455);
#454 = CARTESIAN_POINT('',(-6.591624055177,-8.472323240077));
#455 = VECTOR('',#456,1.);
#456 = DIRECTION('',(-0.991001882177,0.133847934319));
#457 = ( GEOMETRIC_REPRESENTATION_CONTEXT(2) 
PARAMETRIC_REPRESENTATION_CONTEXT() REPRESENTATION_CONTEXT('2D SPACE',''
  ) );
#458 = ORIENTED_EDGE('',*,*,#459,.T.);
#459 = EDGE_CURVE('',#432,#460,#462,.T.);
#460 = VERTEX_POINT('',#461);
#461 = CARTESIAN_POINT('',(-17.81167168736,4.39972227677,41.466780398798
    ));
#462 = SURFACE_CURVE('',#463,(#467,#474),.PCURVE_S1.);
#463 = LINE('',#464,#465);
#464 = CARTESIAN_POINT('',(-15.65742296559,10.127676759923,
    -0.887893224576));
#465 = VECTOR('',#466,1.);
#466 = DIRECTION('',(-5.033939118508E-02,-0.133847934319,0.989722524839)
  );
#467 = PCURVE('',#32,#468);
#468 = DEFINITIONAL_REPRESENTATION('',(#469),#473);
#469 = LINE('',#470,#471);
#470 = CARTESIAN_POINT('',(-2.643706624988,-159.6893316277));
#471 = VECTOR('',#472,1.);
#472 = DIRECTION('',(0.99873216915,-5.033939118508E-02));
#473 = ( GEOMETRIC_REPRESENTATION_CONTEXT(2) 
PARAMETRIC_REPRESENTATION_CONTEXT() REPRESENTATION_CONTEXT('2D SPACE',''
  ) );
#474 = PCURVE('',#447,#475);
#475 = DEFINITIONAL_REPRESENTATION('',(#476),#480);
#476 = LINE('',#477,#478);
#477 = CARTESIAN_POINT('',(-6.591624055177,-8.472323240077));
#478 = VECTOR('',#479,1.);
#479 = DIRECTION('',(0.991001882177,-0.133847934319));
#480 = ( GEOMETRIC_REPRESENTATION_CONTEXT(2) 
PARAMETRIC_REPRESENTATION_CONTEXT() REPRESENTATION_CONTEXT('2D SPACE',''
  ) );
#481 = ORIENTED_EDGE('',*,*,#482,.F.);
#482 = EDGE_CURVE('',#483,#460,#485,.T.);
#483 = VERTEX_POINT('',#484);
#484 = CARTESIAN_POINT('',(-25.96813332935,3.085143893125,
    51.187272863498));
#485 = SURFACE_CURVE('',#486,(#490,#497),.PCURVE_S1.);
#486 = LINE('',#487,#488);
#487 = CARTESIAN_POINT('',(-25.82371018164,3.108420597708,
    51.015156058354));
#488 = VECTOR('',#489,1.);
#489 = DIRECTION('',(0.639365742696,0.103046691259,-0.76196642084));
#490 = PCURVE('',#32,#491);
#491 = DEFINITIONAL_REPRESENTATION('',(#492),#496);
#492 = LINE('',#493,#494);
#493 = CARTESIAN_POINT('',(49.731826612747,-169.8556188437));
#494 = VECTOR('',#495,1.);
#495 = DIRECTION('',(-0.768902755273,0.639365742696));
#496 = ( GEOMETRIC_REPRESENTATION_CONTEXT(2) 
PARAMETRIC_REPRESENTATION_CONTEXT() REPRESENTATION_CONTEXT('2D SPACE',''
  ) );
#497 = PCURVE('',#498,#503);
#498 = CYLINDRICAL_SURFACE('',#499,2.);
#499 = AXIS2_PLACEMENT_3D('',#500,#501,#502);
#500 = CARTESIAN_POINT('',(-25.82371018164,1.126462760741,
    50.747120365797));
#501 = DIRECTION('',(0.639365742696,0.103046691259,-0.76196642084));
#502 = DIRECTION('',(-1.387778780781E-17,0.990978918484,0.134017846279)
  );
#503 = DEFINITIONAL_REPRESENTATION('',(#504),#508);
#504 = LINE('',#505,#506);
#505 = CARTESIAN_POINT('',(-0.,0.));
#506 = VECTOR('',#507,1.);
#507 = DIRECTION('',(-0.,1.));
#508 = ( GEOMETRIC_REPRESENTATION_CONTEXT(2) 
PARAMETRIC_REPRESENTATION_CONTEXT() REPRESENTATION_CONTEXT('2D SPACE',''
  ) );
#509 = ORIENTED_EDGE('',*,*,#510,.F.);
#510 = EDGE_CURVE('',#511,#483,#513,.T.);
#511 = VERTEX_POINT('',#512);
#512 = CARTESIAN_POINT('',(-26.67,2.824356273556,53.115635692557));
#513 = SURFACE_CURVE('',#514,(#529,#547),.PCURVE_S1.);
#514 = ( BOUNDED_CURVE() B_SPLINE_CURVE(7,(#515,#516,#517,#518,#519,#520
    ,#521,#522,#523,#524,#525,#526,#527,#528),.UNSPECIFIED.,.F.,.F.) 
B_SPLINE_CURVE_WITH_KNOTS((8,6,8),(2.978836635556,3.249018932154,
6.541119982877),.UNSPECIFIED.) CURVE() GEOMETRIC_REPRESENTATION_ITEM() 
RATIONAL_B_SPLINE_CURVE((1.,1.,1.,1.,1.,1.,1.,1.,1.,1.,1.,1.,1.,1.)) 
REPRESENTATION_ITEM('') );
#515 = CARTESIAN_POINT('',(-26.67,2.824356273556,53.115635692557));
#516 = CARTESIAN_POINT('',(-26.67,2.829753260233,53.07572832075));
#517 = CARTESIAN_POINT('',(-26.6696458814,2.835159682671,53.035751177339
    ));
#518 = CARTESIAN_POINT('',(-26.66900798561,2.84047349626,52.996458818977
    ));
#519 = CARTESIAN_POINT('',(-26.66787825884,2.846071157315,
    52.955067584507));
#520 = CARTESIAN_POINT('',(-26.66659962125,2.850958170897,
    52.918931147694));
#521 = CARTESIAN_POINT('',(-26.66483654855,2.85773189024,52.86884369102)
  );
#522 = CARTESIAN_POINT('',(-26.63705717944,2.903764900033,
    52.528458111592));
#523 = CARTESIAN_POINT('',(-26.57373997762,2.941973429259,
    52.245929716899));
#524 = CARTESIAN_POINT('',(-26.48270124366,2.97908857442,51.971486219767
    ));
#525 = CARTESIAN_POINT('',(-26.3629385199,3.011561820814,51.731366687291
    ));
#526 = CARTESIAN_POINT('',(-26.2342382228,3.039324104847,51.526081801959
    ));
#527 = CARTESIAN_POINT('',(-26.10341051249,3.063341245291,51.3484899325)
  );
#528 = CARTESIAN_POINT('',(-25.96813332935,3.085143893125,
    51.187272863498));
#529 = PCURVE('',#32,#530);
#530 = DEFINITIONAL_REPRESENTATION('',(#531),#546);
#531 = ( BOUNDED_CURVE() B_SPLINE_CURVE(7,(#532,#533,#534,#535,#536,#537
    ,#538,#539,#540,#541,#542,#543,#544,#545),.UNSPECIFIED.,.F.,.F.) 
B_SPLINE_CURVE_WITH_KNOTS((8,6,8),(2.978836635556,3.249018932154,
6.541119982877),.UNSPECIFIED.) CURVE() GEOMETRIC_REPRESENTATION_ITEM() 
RATIONAL_B_SPLINE_CURVE((1.,1.,1.,1.,1.,1.,1.,1.,1.,1.,1.,1.,1.,1.)) 
REPRESENTATION_ITEM('') );
#532 = CARTESIAN_POINT('',(51.851427337873,-170.7019086621));
#533 = CARTESIAN_POINT('',(51.811156681189,-170.7019086621));
#534 = CARTESIAN_POINT('',(51.770815617756,-170.7015545435));
#535 = CARTESIAN_POINT('',(51.731165573109,-170.7009166477));
#536 = CARTESIAN_POINT('',(51.689397545861,-170.6997869209));
#537 = CARTESIAN_POINT('',(51.652932151755,-170.6985082833));
#538 = CARTESIAN_POINT('',(51.602388738833,-170.6967452106));
#539 = CARTESIAN_POINT('',(51.258904560634,-170.6689658415));
#540 = CARTESIAN_POINT('',(50.973804252824,-170.6056486397));
#541 = CARTESIAN_POINT('',(50.696862441033,-170.5146099057));
#542 = CARTESIAN_POINT('',(50.45455705189,-170.394847182));
#543 = CARTESIAN_POINT('',(50.247403416728,-170.2661468849));
#544 = CARTESIAN_POINT('',(50.068194892564,-170.1353191746));
#545 = CARTESIAN_POINT('',(49.905510231977,-170.0000419914));
#546 = ( GEOMETRIC_REPRESENTATION_CONTEXT(2) 
PARAMETRIC_REPRESENTATION_CONTEXT() REPRESENTATION_CONTEXT('2D SPACE',''
  ) );
#547 = PCURVE('',#548,#591);
#548 = ( BOUNDED_SURFACE() B_SPLINE_SURFACE(2,7,(
    (#549,#550,#551,#552,#553,#554,#555,#556,#557,#558,#559,#560,#561
      ,#562)
    ,(#563,#564,#565,#566,#567,#568,#569,#570,#571,#572,#573,#574,#575
      ,#576)
    ,(#577,#578,#579,#580,#581,#582,#583,#584,#585,#586,#587,#588,#589
,#590
    )),.UNSPECIFIED.,.F.,.F.,.F.) B_SPLINE_SURFACE_WITH_KNOTS((3,3),(8,6
    ,8),(0.,3.562283347321),(2.978836635556,3.249018932154,
6.541119982877),.UNSPECIFIED.) GEOMETRIC_REPRESENTATION_ITEM() 
RATIONAL_B_SPLINE_SURFACE((
    (1.,1.,1.,1.,1.,1.,1.,1.,1.,1.,1.,1.,1.,1.)
    ,(0.707106781187,0.706741292788,0.706375238572,0.706008893122
      ,0.705640740579,0.705273755382,0.704902592975,0.700041443295
      ,0.695520560123,0.691111640342,0.686884048917,0.682980862047
      ,0.679352020372,0.675964122175)
,(1.,1.,1.,1.,1.,1.,1.,1.,1.,1.,1.,1.,1.,1.
))) REPRESENTATION_ITEM('') SURFACE() );
#549 = CARTESIAN_POINT('',(-26.67,2.824356273556,53.115635692557));
#550 = CARTESIAN_POINT('',(-26.67,2.829753260233,53.07572832075));
#551 = CARTESIAN_POINT('',(-26.6696458814,2.835159682671,53.035751177339
    ));
#552 = CARTESIAN_POINT('',(-26.66900798561,2.84047349626,52.996458818977
    ));
#553 = CARTESIAN_POINT('',(-26.66787825884,2.846071157315,
    52.955067584507));
#554 = CARTESIAN_POINT('',(-26.66659962125,2.850958170897,
    52.918931147694));
#555 = CARTESIAN_POINT('',(-26.66483654855,2.85773189024,52.86884369102)
  );
#556 = CARTESIAN_POINT('',(-26.63705717944,2.903764900033,
    52.528458111592));
#557 = CARTESIAN_POINT('',(-26.57373997762,2.941973429259,
    52.245929716899));
#558 = CARTESIAN_POINT('',(-26.48270124366,2.97908857442,51.971486219767
    ));
#559 = CARTESIAN_POINT('',(-26.3629385199,3.011561820814,51.731366687291
    ));
#560 = CARTESIAN_POINT('',(-26.2342382228,3.039324104847,51.526081801959
    ));
#561 = CARTESIAN_POINT('',(-26.10341051249,3.063341245291,51.3484899325)
  );
#562 = CARTESIAN_POINT('',(-25.96813332935,3.085143893125,
    51.187272863498));
#563 = CARTESIAN_POINT('',(-28.67,2.824356273556,53.115635692557));
#564 = CARTESIAN_POINT('',(-28.6720685838,2.829537318317,53.077325077396
    ));
#565 = CARTESIAN_POINT('',(-28.67379617793,2.834721056571,
    53.038994545523));
#566 = CARTESIAN_POINT('',(-28.67518151574,2.839907526671,
    53.000643813339));
#567 = CARTESIAN_POINT('',(-28.67622863628,2.84509645393,52.962274911987
    ));
#568 = CARTESIAN_POINT('',(-28.67692763997,2.850289480913,
    52.923875695718));
#569 = CARTESIAN_POINT('',(-28.677294675,2.855479640624,52.885497681141)
  );
#570 = CARTESIAN_POINT('',(-28.6774539241,2.924521961596,52.374972505083
    ));
#571 = CARTESIAN_POINT('',(-28.62554759514,2.988707064128,
    51.900363449234));
#572 = CARTESIAN_POINT('',(-28.52071886438,3.051561619432,
    51.435592965548));
#573 = CARTESIAN_POINT('',(-28.36600213221,3.111935239552,
    50.989167460048));
#574 = CARTESIAN_POINT('',(-28.16728035414,3.168806152119,
    50.568642306167));
#575 = CARTESIAN_POINT('',(-27.92747404777,3.222193742843,
    50.173874158599));
#576 = CARTESIAN_POINT('',(-27.64464536331,3.271974169113,49.80577875671
    ));
#577 = CARTESIAN_POINT('',(-28.67,0.842398436589,52.8476));
#578 = CARTESIAN_POINT('',(-28.67,0.845527939996,52.809032102923));
#579 = CARTESIAN_POINT('',(-28.669652695,0.848659933539,52.770431228598)
  );
#580 = CARTESIAN_POINT('',(-28.66895866047,0.851793630204,
    52.731814723085));
#581 = CARTESIAN_POINT('',(-28.66791167658,0.854928324893,
    52.693124244063));
#582 = CARTESIAN_POINT('',(-28.66652081618,0.858063776595,
    52.654486461162));
#583 = CARTESIAN_POINT('',(-28.66476943789,0.861197329215,
    52.615696648639));
#584 = CARTESIAN_POINT('',(-28.63712636121,0.902526914221,
    52.105648866165));
#585 = CARTESIAN_POINT('',(-28.55954013131,0.940561363321,
    51.635685100943));
#586 = CARTESIAN_POINT('',(-28.43041287711,0.977424166169,51.18051331208
    ));
#587 = CARTESIAN_POINT('',(-28.25378253627,1.012453650521,
    50.747790739299));
#588 = CARTESIAN_POINT('',(-28.03774220485,1.045171105763,
    50.346578725241));
#589 = CARTESIAN_POINT('',(-27.78699298989,1.075454717926,
    49.975422052088));
#590 = CARTESIAN_POINT('',(-27.50022221559,1.103186056158,
    49.633661951567));
#591 = DEFINITIONAL_REPRESENTATION('',(#592),#596);
#592 = LINE('',#593,#594);
#593 = CARTESIAN_POINT('',(0.,0.));
#594 = VECTOR('',#595,1.);
#595 = DIRECTION('',(0.,1.));
#596 = ( GEOMETRIC_REPRESENTATION_CONTEXT(2) 
PARAMETRIC_REPRESENTATION_CONTEXT() REPRESENTATION_CONTEXT('2D SPACE',''
  ) );
#597 = ORIENTED_EDGE('',*,*,#598,.F.);
#598 = EDGE_CURVE('',#599,#511,#601,.T.);
#599 = VERTEX_POINT('',#600);
#600 = CARTESIAN_POINT('',(-26.67,2.542252557319,55.201617846279));
#601 = SURFACE_CURVE('',#602,(#606,#613),.PCURVE_S1.);
#602 = LINE('',#603,#604);
#603 = CARTESIAN_POINT('',(-26.67,2.425139003243,56.0676));
#604 = VECTOR('',#605,1.);
#605 = DIRECTION('',(0.,0.134017846279,-0.990978918484));
#606 = PCURVE('',#32,#607);
#607 = DEFINITIONAL_REPRESENTATION('',(#608),#612);
#608 = LINE('',#609,#610);
#609 = CARTESIAN_POINT('',(54.830263973429,-170.7019086621));
#610 = VECTOR('',#611,1.);
#611 = DIRECTION('',(-1.,0.));
#612 = ( GEOMETRIC_REPRESENTATION_CONTEXT(2) 
PARAMETRIC_REPRESENTATION_CONTEXT() REPRESENTATION_CONTEXT('2D SPACE',''
  ) );
#613 = PCURVE('',#614,#619);
#614 = CYLINDRICAL_SURFACE('',#615,2.);
#615 = AXIS2_PLACEMENT_3D('',#616,#617,#618);
#616 = CARTESIAN_POINT('',(-26.67,0.443181166276,55.799564307443));
#617 = DIRECTION('',(0.,0.134017846279,-0.990978918484));
#618 = DIRECTION('',(0.,0.990978918484,0.134017846279));
#619 = DEFINITIONAL_REPRESENTATION('',(#620),#624);
#620 = LINE('',#621,#622);
#621 = CARTESIAN_POINT('',(-0.,0.));
#622 = VECTOR('',#623,1.);
#623 = DIRECTION('',(-0.,1.));
#624 = ( GEOMETRIC_REPRESENTATION_CONTEXT(2) 
PARAMETRIC_REPRESENTATION_CONTEXT() REPRESENTATION_CONTEXT('2D SPACE',''
  ) );
#625 = ORIENTED_EDGE('',*,*,#626,.F.);
#626 = EDGE_CURVE('',#627,#599,#629,.T.);
#627 = VERTEX_POINT('',#628);
#628 = CARTESIAN_POINT('',(-23.67,2.542252557319,55.201617846279));
#629 = SURFACE_CURVE('',#630,(#634,#641),.PCURVE_S1.);
#630 = LINE('',#631,#632);
#631 = CARTESIAN_POINT('',(-23.67,2.542252557319,55.201617846279));
#632 = VECTOR('',#633,1.);
#633 = DIRECTION('',(-1.,0.,0.));
#634 = PCURVE('',#32,#635);
#635 = DEFINITIONAL_REPRESENTATION('',(#636),#640);
#636 = LINE('',#637,#638);
#637 = CARTESIAN_POINT('',(53.956398609021,-167.7019086621));
#638 = VECTOR('',#639,1.);
#639 = DIRECTION('',(0.,-1.));
#640 = ( GEOMETRIC_REPRESENTATION_CONTEXT(2) 
PARAMETRIC_REPRESENTATION_CONTEXT() REPRESENTATION_CONTEXT('2D SPACE',''
  ) );
#641 = PCURVE('',#642,#647);
#642 = CYLINDRICAL_SURFACE('',#643,1.);
#643 = AXIS2_PLACEMENT_3D('',#644,#645,#646);
#644 = CARTESIAN_POINT('',(-23.67,1.551273638835,55.0676));
#645 = DIRECTION('',(-1.,0.,0.));
#646 = DIRECTION('',(0.,2.22044604925E-16,1.));
#647 = DEFINITIONAL_REPRESENTATION('',(#648),#652);
#648 = LINE('',#649,#650);
#649 = CARTESIAN_POINT('',(1.436374025385,0.));
#650 = VECTOR('',#651,1.);
#651 = DIRECTION('',(0.,1.));
#652 = ( GEOMETRIC_REPRESENTATION_CONTEXT(2) 
PARAMETRIC_REPRESENTATION_CONTEXT() REPRESENTATION_CONTEXT('2D SPACE',''
  ) );
#653 = ORIENTED_EDGE('',*,*,#654,.T.);
#654 = EDGE_CURVE('',#627,#655,#657,.T.);
#655 = VERTEX_POINT('',#656);
#656 = CARTESIAN_POINT('',(-23.67,2.860604841081,52.8476));
#657 = SURFACE_CURVE('',#658,(#662,#669),.PCURVE_S1.);
#658 = LINE('',#659,#660);
#659 = CARTESIAN_POINT('',(-23.67,6.458334797919,26.244616586795));
#660 = VECTOR('',#661,1.);
#661 = DIRECTION('',(0.,0.134017846279,-0.990978918484));
#662 = PCURVE('',#32,#663);
#663 = DEFINITIONAL_REPRESENTATION('',(#664),#668);
#664 = LINE('',#665,#666);
#665 = CARTESIAN_POINT('',(24.735795910636,-167.7019086621));
#666 = VECTOR('',#667,1.);
#667 = DIRECTION('',(-1.,0.));
#668 = ( GEOMETRIC_REPRESENTATION_CONTEXT(2) 
PARAMETRIC_REPRESENTATION_CONTEXT() REPRESENTATION_CONTEXT('2D SPACE',''
  ) );
#669 = PCURVE('',#670,#675);
#670 = PLANE('',#671);
#671 = AXIS2_PLACEMENT_3D('',#672,#673,#674);
#672 = CARTESIAN_POINT('',(-23.67,18.6,52.8476));
#673 = DIRECTION('',(1.,0.,0.));
#674 = DIRECTION('',(-0.,-2.22044604925E-16,-1.));
#675 = DEFINITIONAL_REPRESENTATION('',(#676),#680);
#676 = LINE('',#677,#678);
#677 = CARTESIAN_POINT('',(26.602983413205,-12.14166520208));
#678 = VECTOR('',#679,1.);
#679 = DIRECTION('',(0.990978918484,0.134017846279));
#680 = ( GEOMETRIC_REPRESENTATION_CONTEXT(2) 
PARAMETRIC_REPRESENTATION_CONTEXT() REPRESENTATION_CONTEXT('2D SPACE',''
  ) );
#681 = ORIENTED_EDGE('',*,*,#682,.F.);
#682 = EDGE_CURVE('',#683,#655,#685,.T.);
#683 = VERTEX_POINT('',#684);
#684 = CARTESIAN_POINT('',(-18.5,2.860604841081,52.8476));
#685 = SURFACE_CURVE('',#686,(#690,#697),.PCURVE_S1.);
#686 = LINE('',#687,#688);
#687 = CARTESIAN_POINT('',(60.180954331054,2.860604841081,52.8476));
#688 = VECTOR('',#689,1.);
#689 = DIRECTION('',(-1.,0.,0.));
#690 = PCURVE('',#32,#691);
#691 = DEFINITIONAL_REPRESENTATION('',(#692),#696);
#692 = LINE('',#693,#694);
#693 = CARTESIAN_POINT('',(51.580951662197,-83.85095433105));
#694 = VECTOR('',#695,1.);
#695 = DIRECTION('',(0.,-1.));
#696 = ( GEOMETRIC_REPRESENTATION_CONTEXT(2) 
PARAMETRIC_REPRESENTATION_CONTEXT() REPRESENTATION_CONTEXT('2D SPACE',''
  ) );
#697 = PCURVE('',#698,#703);
#698 = PLANE('',#699);
#699 = AXIS2_PLACEMENT_3D('',#700,#701,#702);
#700 = CARTESIAN_POINT('',(-23.67,18.6,52.8476));
#701 = DIRECTION('',(0.,-2.22044604925E-16,-1.));
#702 = DIRECTION('',(-1.,-0.,-0.));
#703 = DEFINITIONAL_REPRESENTATION('',(#704),#708);
#704 = LINE('',#705,#706);
#705 = CARTESIAN_POINT('',(-83.85095433105,-15.73939515891));
#706 = VECTOR('',#707,1.);
#707 = DIRECTION('',(1.,-0.));
#708 = ( GEOMETRIC_REPRESENTATION_CONTEXT(2) 
PARAMETRIC_REPRESENTATION_CONTEXT() REPRESENTATION_CONTEXT('2D SPACE',''
  ) );
#709 = ORIENTED_EDGE('',*,*,#710,.F.);
#710 = EDGE_CURVE('',#711,#683,#713,.T.);
#711 = VERTEX_POINT('',#712);
#712 = CARTESIAN_POINT('',(-18.5,1.097103435676,65.8876));
#713 = SURFACE_CURVE('',#714,(#718,#725),.PCURVE_S1.);
#714 = LINE('',#715,#716);
#715 = CARTESIAN_POINT('',(-18.5,6.458334797919,26.244616586795));
#716 = VECTOR('',#717,1.);
#717 = DIRECTION('',(0.,0.134017846279,-0.990978918484));
#718 = PCURVE('',#32,#719);
#719 = DEFINITIONAL_REPRESENTATION('',(#720),#724);
#720 = LINE('',#721,#722);
#721 = CARTESIAN_POINT('',(24.735795910636,-162.5319086621));
#722 = VECTOR('',#723,1.);
#723 = DIRECTION('',(-1.,0.));
#724 = ( GEOMETRIC_REPRESENTATION_CONTEXT(2) 
PARAMETRIC_REPRESENTATION_CONTEXT() REPRESENTATION_CONTEXT('2D SPACE',''
  ) );
#725 = PCURVE('',#726,#731);
#726 = PLANE('',#727);
#727 = AXIS2_PLACEMENT_3D('',#728,#729,#730);
#728 = CARTESIAN_POINT('',(-18.5,-9.170542240005,58.99858431654));
#729 = DIRECTION('',(-1.,0.,0.));
#730 = DIRECTION('',(0.,1.,2.22044604925E-16));
#731 = DEFINITIONAL_REPRESENTATION('',(#732),#736);
#732 = LINE('',#733,#734);
#733 = CARTESIAN_POINT('',(15.628877037924,32.753967729745));
#734 = VECTOR('',#735,1.);
#735 = DIRECTION('',(0.134017846279,0.990978918484));
#736 = ( GEOMETRIC_REPRESENTATION_CONTEXT(2) 
PARAMETRIC_REPRESENTATION_CONTEXT() REPRESENTATION_CONTEXT('2D SPACE',''
  ) );
#737 = ORIENTED_EDGE('',*,*,#738,.F.);
#738 = EDGE_CURVE('',#739,#711,#741,.T.);
#739 = VERTEX_POINT('',#740);
#740 = CARTESIAN_POINT('',(-23.67,1.097103435676,65.8876));
#741 = SURFACE_CURVE('',#742,(#746,#753),.PCURVE_S1.);
#742 = LINE('',#743,#744);
#743 = CARTESIAN_POINT('',(62.765954331054,1.097103435676,65.8876));
#744 = VECTOR('',#745,1.);
#745 = DIRECTION('',(1.,0.,0.));
#746 = PCURVE('',#32,#747);
#747 = DEFINITIONAL_REPRESENTATION('',(#748),#752);
#748 = LINE('',#749,#750);
#749 = CARTESIAN_POINT('',(64.739657419485,-81.26595433105));
#750 = VECTOR('',#751,1.);
#751 = DIRECTION('',(0.,1.));
#752 = ( GEOMETRIC_REPRESENTATION_CONTEXT(2) 
PARAMETRIC_REPRESENTATION_CONTEXT() REPRESENTATION_CONTEXT('2D SPACE',''
  ) );
#753 = PCURVE('',#754,#759);
#754 = PLANE('',#755);
#755 = AXIS2_PLACEMENT_3D('',#756,#757,#758);
#756 = CARTESIAN_POINT('',(-18.5,18.6,65.8876));
#757 = DIRECTION('',(0.,2.22044604925E-16,1.));
#758 = DIRECTION('',(1.,0.,0.));
#759 = DEFINITIONAL_REPRESENTATION('',(#760),#764);
#760 = LINE('',#761,#762);
#761 = CARTESIAN_POINT('',(81.265954331054,-17.50289656432));
#762 = VECTOR('',#763,1.);
#763 = DIRECTION('',(1.,-0.));
#764 = ( GEOMETRIC_REPRESENTATION_CONTEXT(2) 
PARAMETRIC_REPRESENTATION_CONTEXT() REPRESENTATION_CONTEXT('2D SPACE',''
  ) );
#765 = ORIENTED_EDGE('',*,*,#766,.F.);
#766 = EDGE_CURVE('',#767,#739,#769,.T.);
#767 = VERTEX_POINT('',#768);
#768 = CARTESIAN_POINT('',(-23.67,1.379207151913,63.801617846279));
#769 = SURFACE_CURVE('',#770,(#774,#781),.PCURVE_S1.);
#770 = LINE('',#771,#772);
#771 = CARTESIAN_POINT('',(-23.67,5.592421028354,32.647512280845));
#772 = VECTOR('',#773,1.);
#773 = DIRECTION('',(0.,-0.134017846279,0.990978918484));
#774 = PCURVE('',#32,#775);
#775 = DEFINITIONAL_REPRESENTATION('',(#776),#780);
#776 = LINE('',#777,#778);
#777 = CARTESIAN_POINT('',(31.196978459148,-167.7019086621));
#778 = VECTOR('',#779,1.);
#779 = DIRECTION('',(1.,0.));
#780 = ( GEOMETRIC_REPRESENTATION_CONTEXT(2) 
PARAMETRIC_REPRESENTATION_CONTEXT() REPRESENTATION_CONTEXT('2D SPACE',''
  ) );
#781 = PCURVE('',#782,#787);
#782 = PLANE('',#783);
#783 = AXIS2_PLACEMENT_3D('',#784,#785,#786);
#784 = CARTESIAN_POINT('',(-23.67,18.6,65.8876));
#785 = DIRECTION('',(-1.,0.,0.));
#786 = DIRECTION('',(0.,2.22044604925E-16,1.));
#787 = DEFINITIONAL_REPRESENTATION('',(#788),#792);
#788 = LINE('',#789,#790);
#789 = CARTESIAN_POINT('',(-33.24008771915,-13.00757897164));
#790 = VECTOR('',#791,1.);
#791 = DIRECTION('',(0.990978918484,-0.134017846279));
#792 = ( GEOMETRIC_REPRESENTATION_CONTEXT(2) 
PARAMETRIC_REPRESENTATION_CONTEXT() REPRESENTATION_CONTEXT('2D SPACE',''
  ) );
#793 = ORIENTED_EDGE('',*,*,#794,.T.);
#794 = EDGE_CURVE('',#767,#795,#797,.T.);
#795 = VERTEX_POINT('',#796);
#796 = CARTESIAN_POINT('',(-26.67,1.379207151913,63.801617846279));
#797 = SURFACE_CURVE('',#798,(#802,#809),.PCURVE_S1.);
#798 = LINE('',#799,#800);
#799 = CARTESIAN_POINT('',(-23.67,1.379207151913,63.801617846279));
#800 = VECTOR('',#801,1.);
#801 = DIRECTION('',(-1.,0.,0.));
#802 = PCURVE('',#32,#803);
#803 = DEFINITIONAL_REPRESENTATION('',(#804),#808);
#804 = LINE('',#805,#806);
#805 = CARTESIAN_POINT('',(62.634686148337,-167.7019086621));
#806 = VECTOR('',#807,1.);
#807 = DIRECTION('',(0.,-1.));
#808 = ( GEOMETRIC_REPRESENTATION_CONTEXT(2) 
PARAMETRIC_REPRESENTATION_CONTEXT() REPRESENTATION_CONTEXT('2D SPACE',''
  ) );
#809 = PCURVE('',#810,#815);
#810 = CYLINDRICAL_SURFACE('',#811,1.);
#811 = AXIS2_PLACEMENT_3D('',#812,#813,#814);
#812 = CARTESIAN_POINT('',(-23.67,0.38822823343,63.6676));
#813 = DIRECTION('',(-1.,0.,0.));
#814 = DIRECTION('',(0.,-2.22044604925E-16,-1.));
#815 = DEFINITIONAL_REPRESENTATION('',(#816),#820);
#816 = LINE('',#817,#818);
#817 = CARTESIAN_POINT('',(-1.705218628205,0.));
#818 = VECTOR('',#819,1.);
#819 = DIRECTION('',(-0.,1.));
#820 = ( GEOMETRIC_REPRESENTATION_CONTEXT(2) 
PARAMETRIC_REPRESENTATION_CONTEXT() REPRESENTATION_CONTEXT('2D SPACE',''
  ) );
#821 = ORIENTED_EDGE('',*,*,#822,.F.);
#822 = EDGE_CURVE('',#823,#795,#825,.T.);
#823 = VERTEX_POINT('',#824);
#824 = CARTESIAN_POINT('',(-26.67,1.060854868151,66.155635692557));
#825 = SURFACE_CURVE('',#826,(#830,#837),.PCURVE_S1.);
#826 = LINE('',#827,#828);
#827 = CARTESIAN_POINT('',(-26.67,1.097103435676,65.8876));
#828 = VECTOR('',#829,1.);
#829 = DIRECTION('',(0.,0.134017846279,-0.990978918484));
#830 = PCURVE('',#32,#831);
#831 = DEFINITIONAL_REPRESENTATION('',(#832),#836);
#832 = LINE('',#833,#834);
#833 = CARTESIAN_POINT('',(64.739657419485,-170.7019086621));
#834 = VECTOR('',#835,1.);
#835 = DIRECTION('',(-1.,0.));
#836 = ( GEOMETRIC_REPRESENTATION_CONTEXT(2) 
PARAMETRIC_REPRESENTATION_CONTEXT() REPRESENTATION_CONTEXT('2D SPACE',''
  ) );
#837 = PCURVE('',#838,#843);
#838 = CYLINDRICAL_SURFACE('',#839,2.);
#839 = AXIS2_PLACEMENT_3D('',#840,#841,#842);
#840 = CARTESIAN_POINT('',(-26.67,-0.884854401291,65.619564307443));
#841 = DIRECTION('',(0.,0.134017846279,-0.990978918484));
#842 = DIRECTION('',(0.,0.990978918484,0.134017846279));
#843 = DEFINITIONAL_REPRESENTATION('',(#844),#848);
#844 = LINE('',#845,#846);
#845 = CARTESIAN_POINT('',(-0.,0.));
#846 = VECTOR('',#847,1.);
#847 = DIRECTION('',(-0.,1.));
#848 = ( GEOMETRIC_REPRESENTATION_CONTEXT(2) 
PARAMETRIC_REPRESENTATION_CONTEXT() REPRESENTATION_CONTEXT('2D SPACE',''
  ) );
#849 = ORIENTED_EDGE('',*,*,#850,.F.);
#850 = EDGE_CURVE('',#851,#823,#853,.T.);
#851 = VERTEX_POINT('',#852);
#852 = CARTESIAN_POINT('',(-25.96813332935,0.800067248582,
    68.083998521617));
#853 = SURFACE_CURVE('',#854,(#869,#887),.PCURVE_S1.);
#854 = ( BOUNDED_CURVE() B_SPLINE_CURVE(7,(#855,#856,#857,#858,#859,#860
    ,#861,#862,#863,#864,#865,#866,#867,#868),.UNSPECIFIED.,.F.,.F.) 
B_SPLINE_CURVE_WITH_KNOTS((8,6,8),(10.583769837067,10.774235207425,
14.020989210042),.UNSPECIFIED.) CURVE() GEOMETRIC_REPRESENTATION_ITEM() 
RATIONAL_B_SPLINE_CURVE((1.,1.,1.,1.,1.,1.,1.,1.,1.,1.,1.,1.,1.,1.)) 
REPRESENTATION_ITEM('') );
#855 = CARTESIAN_POINT('',(-25.96813332935,0.800067248582,
    68.083998521617));
#856 = CARTESIAN_POINT('',(-25.98634362384,0.803002205006,
    68.062296337742));
#857 = CARTESIAN_POINT('',(-26.00445179973,0.805957106528,
    68.040446672225));
#858 = CARTESIAN_POINT('',(-26.0221598398,0.808877700172,68.0188506922)
  );
#859 = CARTESIAN_POINT('',(-26.04058797332,0.811962158019,
    67.996043037949));
#860 = CARTESIAN_POINT('',(-26.05669445127,0.814694476849,
    67.975839233498));
#861 = CARTESIAN_POINT('',(-26.07864175783,0.818405118033,67.94840134154
    ));
#862 = CARTESIAN_POINT('',(-26.28337019639,0.855492152095,
    67.674165708559));
#863 = CARTESIAN_POINT('',(-26.43233990703,0.891662118845,
    67.406711220021));
#864 = CARTESIAN_POINT('',(-26.54860801599,0.929494029961,67.12696768285
    ));
#865 = CARTESIAN_POINT('',(-26.61884121641,0.966423932307,
    66.853893941534));
#866 = CARTESIAN_POINT('',(-26.65491589089,1.000367038778,66.60290570471
    ));
#867 = CARTESIAN_POINT('',(-26.67,1.031293288924,66.374225250772));
#868 = CARTESIAN_POINT('',(-26.67,1.060854868151,66.155635692557));
#869 = PCURVE('',#32,#870);
#870 = DEFINITIONAL_REPRESENTATION('',(#871),#886);
#871 = ( BOUNDED_CURVE() B_SPLINE_CURVE(7,(#872,#873,#874,#875,#876,#877
    ,#878,#879,#880,#881,#882,#883,#884,#885),.UNSPECIFIED.,.F.,.F.) 
B_SPLINE_CURVE_WITH_KNOTS((8,6,8),(10.583769837067,10.774235207425,
14.020989210042),.UNSPECIFIED.) CURVE() GEOMETRIC_REPRESENTATION_ITEM() 
RATIONAL_B_SPLINE_CURVE((1.,1.,1.,1.,1.,1.,1.,1.,1.,1.,1.,1.,1.,1.)) 
REPRESENTATION_ITEM('') );
#872 = CARTESIAN_POINT('',(66.956050201057,-170.0000419914));
#873 = CARTESIAN_POINT('',(66.934150457813,-170.0182522859));
#874 = CARTESIAN_POINT('',(66.912101890372,-170.0363604618));
#875 = CARTESIAN_POINT('',(66.890309317773,-170.0540685019));
#876 = CARTESIAN_POINT('',(66.867294040832,-170.0724966354));
#877 = CARTESIAN_POINT('',(66.846906317063,-170.0886031133));
#878 = CARTESIAN_POINT('',(66.819218652425,-170.1105504199));
#879 = CARTESIAN_POINT('',(66.542486597015,-170.3152788585));
#880 = CARTESIAN_POINT('',(66.272597416176,-170.4642485691));
#881 = CARTESIAN_POINT('',(65.990307317009,-170.5805166781));
#882 = CARTESIAN_POINT('',(65.714747730197,-170.6507498785));
#883 = CARTESIAN_POINT('',(65.461474696692,-170.686824553));
#884 = CARTESIAN_POINT('',(65.230712518333,-170.7019086621));
#885 = CARTESIAN_POINT('',(65.01013309516,-170.7019086621));
#886 = ( GEOMETRIC_REPRESENTATION_CONTEXT(2) 
PARAMETRIC_REPRESENTATION_CONTEXT() REPRESENTATION_CONTEXT('2D SPACE',''
  ) );
#887 = PCURVE('',#888,#931);
#888 = ( BOUNDED_SURFACE() B_SPLINE_SURFACE(2,7,(
    (#889,#890,#891,#892,#893,#894,#895,#896,#897,#898,#899,#900,#901
      ,#902)
    ,(#903,#904,#905,#906,#907,#908,#909,#910,#911,#912,#913,#914,#915
      ,#916)
    ,(#917,#918,#919,#920,#921,#922,#923,#924,#925,#926,#927,#928,#929
,#930
    )),.UNSPECIFIED.,.F.,.F.,.F.) B_SPLINE_SURFACE_WITH_KNOTS((3,3),(8,6
    ,8),(0.,3.437219372975),(10.583769837067,10.774235207425,
14.020989210042),.UNSPECIFIED.) GEOMETRIC_REPRESENTATION_ITEM() 
RATIONAL_B_SPLINE_SURFACE((
    (1.,1.,1.,1.,1.,1.,1.,1.,1.,1.,1.,1.,1.,1.)
    ,(0.736934532732,0.736746415435,0.736558453276,0.736369942263
      ,0.736183465791,0.735991562077,0.735812533509,0.732204799369
      ,0.728432613713,0.72438782285,0.720138144924,0.715824640032
      ,0.71149459499,0.707106781187)
,(1.,1.,1.,1.,1.,1.,1.,1.,1.,1.,1.,1.,1.,1.
))) REPRESENTATION_ITEM('') SURFACE() );
#889 = CARTESIAN_POINT('',(-25.96813332935,0.800067248582,
    68.083998521617));
#890 = CARTESIAN_POINT('',(-25.98634362384,0.803002205006,
    68.062296337742));
#891 = CARTESIAN_POINT('',(-26.00445179973,0.805957106528,
    68.040446672225));
#892 = CARTESIAN_POINT('',(-26.0221598398,0.808877700172,68.0188506922)
  );
#893 = CARTESIAN_POINT('',(-26.04058797332,0.811962158019,
    67.996043037949));
#894 = CARTESIAN_POINT('',(-26.05669445127,0.814694476849,
    67.975839233498));
#895 = CARTESIAN_POINT('',(-26.07864175783,0.818405118033,67.94840134154
    ));
#896 = CARTESIAN_POINT('',(-26.28337019639,0.855492152095,
    67.674165708559));
#897 = CARTESIAN_POINT('',(-26.43233990703,0.891662118845,
    67.406711220021));
#898 = CARTESIAN_POINT('',(-26.54860801599,0.929494029961,67.12696768285
    ));
#899 = CARTESIAN_POINT('',(-26.61884121641,0.966423932307,
    66.853893941534));
#900 = CARTESIAN_POINT('',(-26.65491589089,1.000367038778,66.60290570471
    ));
#901 = CARTESIAN_POINT('',(-26.67,1.031293288924,66.374225250772));
#902 = CARTESIAN_POINT('',(-26.67,1.060854868151,66.155635692557));
#903 = CARTESIAN_POINT('',(-27.37870822555,0.642872971523,
    69.246352782614));
#904 = CARTESIAN_POINT('',(-27.39686004136,0.645583620248,
    69.226309215161));
#905 = CARTESIAN_POINT('',(-27.41489042582,0.648310440064,69.20614607251
    ));
#906 = CARTESIAN_POINT('',(-27.43280015782,0.651053288392,
    69.185864408949));
#907 = CARTESIAN_POINT('',(-27.45058544205,0.653812713958,
    69.165460166985));
#908 = CARTESIAN_POINT('',(-27.4682579246,0.656587644249,69.144941277185
    ));
#909 = CARTESIAN_POINT('',(-27.48577845037,0.659379965764,
    69.124293790067));
#910 = CARTESIAN_POINT('',(-27.8022227187,0.710269976274,68.747993700362
    ));
#911 = CARTESIAN_POINT('',(-28.06549652314,0.763173822095,
    68.356802546565));
#912 = CARTESIAN_POINT('',(-28.2836805521,0.819714648522,67.938718175121
    ));
#913 = CARTESIAN_POINT('',(-28.4524290151,0.878606938106,67.503246190911
    ));
#914 = CARTESIAN_POINT('',(-28.57201705794,0.938429500737,67.06089541403
    ));
#915 = CARTESIAN_POINT('',(-28.64533185025,0.999070188432,
    66.612495109322));
#916 = CARTESIAN_POINT('',(-28.67,1.060854868151,66.155635692557));
#917 = CARTESIAN_POINT('',(-27.50022221559,-1.181890588385,
    69.101538048433));
#918 = CARTESIAN_POINT('',(-27.51758176824,-1.18021188306,69.0808497392)
  );
#919 = CARTESIAN_POINT('',(-27.53482146171,-1.178515579222,
    69.060040564182));
#920 = CARTESIAN_POINT('',(-27.55196099281,-1.176801546966,
    69.039078769553));
#921 = CARTESIAN_POINT('',(-27.56892346777,-1.175070329193,
    69.018081393683));
#922 = CARTESIAN_POINT('',(-27.58592243534,-1.1733234128,68.99673260531)
  );
#923 = CARTESIAN_POINT('',(-27.60234423943,-1.171566348671,
    68.975876067676));
#924 = CARTESIAN_POINT('',(-27.91148101132,-1.139140731949,
    68.577688347435));
#925 = CARTESIAN_POINT('',(-28.16514099486,-1.105568619321,
    68.16461209024));
#926 = CARTESIAN_POINT('',(-28.36934504293,-1.069978536932,
    67.725754145751));
#927 = CARTESIAN_POINT('',(-28.52115581785,-1.033172172775,
    67.270285032615));
#928 = CARTESIAN_POINT('',(-28.6199308864,-0.996032540378,
    66.810978172046));
#929 = CARTESIAN_POINT('',(-28.67,-0.958673732481,66.350620856016));
#930 = CARTESIAN_POINT('',(-28.67,-0.921102968816,65.8876));
#931 = DEFINITIONAL_REPRESENTATION('',(#932),#936);
#932 = LINE('',#933,#934);
#933 = CARTESIAN_POINT('',(0.,0.));
#934 = VECTOR('',#935,1.);
#935 = DIRECTION('',(0.,1.));
#936 = ( GEOMETRIC_REPRESENTATION_CONTEXT(2) 
PARAMETRIC_REPRESENTATION_CONTEXT() REPRESENTATION_CONTEXT('2D SPACE',''
  ) );
#937 = ORIENTED_EDGE('',*,*,#938,.F.);
#938 = EDGE_CURVE('',#939,#851,#941,.T.);
#939 = VERTEX_POINT('',#940);
#940 = CARTESIAN_POINT('',(-21.33985306275,5.412648909864E-02,
    73.599768156871));
#941 = SURFACE_CURVE('',#942,(#946,#953),.PCURVE_S1.);
#942 = LINE('',#943,#944);
#943 = CARTESIAN_POINT('',(-22.31518409445,0.211320766157,
    72.437413895874));
#944 = VECTOR('',#945,1.);
#945 = DIRECTION('',(-0.639365742696,0.103046691259,-0.76196642084));
#946 = PCURVE('',#32,#947);
#947 = DEFINITIONAL_REPRESENTATION('',(#948),#952);
#948 = LINE('',#949,#950);
#949 = CARTESIAN_POINT('',(71.349095595926,-166.3470927565));
#950 = VECTOR('',#951,1.);
#951 = DIRECTION('',(-0.768902755273,-0.639365742696));
#952 = ( GEOMETRIC_REPRESENTATION_CONTEXT(2) 
PARAMETRIC_REPRESENTATION_CONTEXT() REPRESENTATION_CONTEXT('2D SPACE',''
  ) );
#953 = PCURVE('',#954,#959);
#954 = CYLINDRICAL_SURFACE('',#955,2.);
#955 = AXIS2_PLACEMENT_3D('',#956,#957,#958);
#956 = CARTESIAN_POINT('',(-22.31518409445,-1.77063707081,
    72.169378203316));
#957 = DIRECTION('',(-0.639365742696,0.103046691259,-0.76196642084));
#958 = DIRECTION('',(1.387778780781E-17,0.990978918484,0.134017846279));
#959 = DEFINITIONAL_REPRESENTATION('',(#960),#964);
#960 = LINE('',#961,#962);
#961 = CARTESIAN_POINT('',(-0.,0.));
#962 = VECTOR('',#963,1.);
#963 = DIRECTION('',(-0.,1.));
#964 = ( GEOMETRIC_REPRESENTATION_CONTEXT(2) 
PARAMETRIC_REPRESENTATION_CONTEXT() REPRESENTATION_CONTEXT('2D SPACE',''
  ) );
#965 = ORIENTED_EDGE('',*,*,#966,.F.);
#966 = EDGE_CURVE('',#967,#939,#969,.T.);
#967 = VERTEX_POINT('',#968);
#968 = CARTESIAN_POINT('',(21.339853062756,5.412648909864E-02,
    73.599768156871));
#969 = SURFACE_CURVE('',#970,(#974,#981),.PCURVE_S1.);
#970 = LINE('',#971,#972);
#971 = CARTESIAN_POINT('',(144.0319086621,5.412648909864E-02,
    73.599768156871));
#972 = VECTOR('',#973,1.);
#973 = DIRECTION('',(-1.,0.,0.));
#974 = PCURVE('',#32,#975);
#975 = DEFINITIONAL_REPRESENTATION('',(#976),#980);
#976 = LINE('',#977,#978);
#977 = CARTESIAN_POINT('',(72.522031002842,0.));
#978 = VECTOR('',#979,1.);
#979 = DIRECTION('',(0.,-1.));
#980 = ( GEOMETRIC_REPRESENTATION_CONTEXT(2) 
PARAMETRIC_REPRESENTATION_CONTEXT() REPRESENTATION_CONTEXT('2D SPACE',''
  ) );
#981 = PCURVE('',#982,#987);
#982 = CYLINDRICAL_SURFACE('',#983,6.);
#983 = AXIS2_PLACEMENT_3D('',#984,#985,#986);
#984 = CARTESIAN_POINT('',(144.0319086621,6.,74.403875234542));
#985 = DIRECTION('',(1.,0.,0.));
#986 = DIRECTION('',(0.,1.,0.));
#987 = DEFINITIONAL_REPRESENTATION('',(#988),#992);
#988 = LINE('',#989,#990);
#989 = CARTESIAN_POINT('',(3.276014955,0.));
#990 = VECTOR('',#991,1.);
#991 = DIRECTION('',(0.,-1.));
#992 = ( GEOMETRIC_REPRESENTATION_CONTEXT(2) 
PARAMETRIC_REPRESENTATION_CONTEXT() REPRESENTATION_CONTEXT('2D SPACE',''
  ) );
#993 = ORIENTED_EDGE('',*,*,#994,.T.);
#994 = EDGE_CURVE('',#967,#995,#997,.T.);
#995 = VERTEX_POINT('',#996);
#996 = CARTESIAN_POINT('',(25.968133329357,0.800067248582,
    68.083998521617));
#997 = SURFACE_CURVE('',#998,(#1002,#1009),.PCURVE_S1.);
#998 = LINE('',#999,#1000);
#999 = CARTESIAN_POINT('',(22.315184094456,0.211320766157,
    72.437413895874));
#1000 = VECTOR('',#1001,1.);
#1001 = DIRECTION('',(0.639365742696,0.103046691259,-0.76196642084));
#1002 = PCURVE('',#32,#1003);
#1003 = DEFINITIONAL_REPRESENTATION('',(#1004),#1008);
#1004 = LINE('',#1005,#1006);
#1005 = CARTESIAN_POINT('',(71.349095595926,-121.7167245676));
#1006 = VECTOR('',#1007,1.);
#1007 = DIRECTION('',(-0.768902755273,0.639365742696));
#1008 = ( GEOMETRIC_REPRESENTATION_CONTEXT(2) 
PARAMETRIC_REPRESENTATION_CONTEXT() REPRESENTATION_CONTEXT('2D SPACE',''
  ) );
#1009 = PCURVE('',#1010,#1015);
#1010 = CYLINDRICAL_SURFACE('',#1011,2.);
#1011 = AXIS2_PLACEMENT_3D('',#1012,#1013,#1014);
#1012 = CARTESIAN_POINT('',(22.315184094456,-1.77063707081,
    72.169378203316));
#1013 = DIRECTION('',(0.639365742696,0.103046691259,-0.76196642084));
#1014 = DIRECTION('',(-1.387778780781E-17,0.990978918484,0.134017846279)
  );
#1015 = DEFINITIONAL_REPRESENTATION('',(#1016),#1020);
#1016 = LINE('',#1017,#1018);
#1017 = CARTESIAN_POINT('',(0.,0.));
#1018 = VECTOR('',#1019,1.);
#1019 = DIRECTION('',(0.,1.));
#1020 = ( GEOMETRIC_REPRESENTATION_CONTEXT(2) 
PARAMETRIC_REPRESENTATION_CONTEXT() REPRESENTATION_CONTEXT('2D SPACE',''
  ) );
#1021 = ORIENTED_EDGE('',*,*,#1022,.T.);
#1022 = EDGE_CURVE('',#995,#1023,#1025,.T.);
#1023 = VERTEX_POINT('',#1024);
#1024 = CARTESIAN_POINT('',(26.67,1.060854868151,66.155635692557));
#1025 = SURFACE_CURVE('',#1026,(#1041,#1059),.PCURVE_S1.);
#1026 = ( BOUNDED_CURVE() B_SPLINE_CURVE(7,(#1027,#1028,#1029,#1030,
    #1031,#1032,#1033,#1034,#1035,#1036,#1037,#1038,#1039,#1040),
.UNSPECIFIED.,.F.,.F.) B_SPLINE_CURVE_WITH_KNOTS((8,6,8),(
    10.583769837067,10.774235207425,14.020989210037),.UNSPECIFIED.) 
CURVE() GEOMETRIC_REPRESENTATION_ITEM() RATIONAL_B_SPLINE_CURVE((1.,1.,
1.,1.,1.,1.,1.,1.,1.,1.,1.,1.,1.,1.)) REPRESENTATION_ITEM('') );
#1027 = CARTESIAN_POINT('',(25.968133329357,0.800067248582,
    68.083998521617));
#1028 = CARTESIAN_POINT('',(25.986343623843,0.803002205006,
    68.062296337741));
#1029 = CARTESIAN_POINT('',(26.004451799735,0.805957106528,
    68.040446672225));
#1030 = CARTESIAN_POINT('',(26.022159839808,0.808877700172,
    68.018850692198));
#1031 = CARTESIAN_POINT('',(26.040587973326,0.811962158019,
    67.996043037949));
#1032 = CARTESIAN_POINT('',(26.056694451277,0.81469447685,
    67.975839233494));
#1033 = CARTESIAN_POINT('',(26.078641757829,0.818405118032,
    67.948401341541));
#1034 = CARTESIAN_POINT('',(26.2833701964,0.855492152096,67.674165708553
    ));
#1035 = CARTESIAN_POINT('',(26.432339907025,0.891662118844,
    67.406711220029));
#1036 = CARTESIAN_POINT('',(26.54860801601,0.92949402996,67.126967682854
    ));
#1037 = CARTESIAN_POINT('',(26.618841216404,0.966423932309,
    66.853893941517));
#1038 = CARTESIAN_POINT('',(26.654915890897,1.000367038775,
    66.602905704731));
#1039 = CARTESIAN_POINT('',(26.67,1.031293288925,66.374225250761));
#1040 = CARTESIAN_POINT('',(26.67,1.060854868151,66.155635692557));
#1041 = PCURVE('',#32,#1042);
#1042 = DEFINITIONAL_REPRESENTATION('',(#1043),#1058);
#1043 = ( BOUNDED_CURVE() B_SPLINE_CURVE(7,(#1044,#1045,#1046,#1047,
    #1048,#1049,#1050,#1051,#1052,#1053,#1054,#1055,#1056,#1057),
.UNSPECIFIED.,.F.,.F.) B_SPLINE_CURVE_WITH_KNOTS((8,6,8),(
    10.583769837067,10.774235207425,14.020989210037),.UNSPECIFIED.) 
CURVE() GEOMETRIC_REPRESENTATION_ITEM() RATIONAL_B_SPLINE_CURVE((1.,1.,
1.,1.,1.,1.,1.,1.,1.,1.,1.,1.,1.,1.)) REPRESENTATION_ITEM('') );
#1044 = CARTESIAN_POINT('',(66.956050201056,-118.0637753327));
#1045 = CARTESIAN_POINT('',(66.934150457812,-118.0455650382));
#1046 = CARTESIAN_POINT('',(66.912101890372,-118.0274568623));
#1047 = CARTESIAN_POINT('',(66.890309317771,-118.0097488223));
#1048 = CARTESIAN_POINT('',(66.867294040833,-117.9913206887));
#1049 = CARTESIAN_POINT('',(66.846906317059,-117.9752142108));
#1050 = CARTESIAN_POINT('',(66.819218652427,-117.9532669042));
#1051 = CARTESIAN_POINT('',(66.542486597008,-117.7485384657));
#1052 = CARTESIAN_POINT('',(66.272597416184,-117.599568755));
#1053 = CARTESIAN_POINT('',(65.990307317013,-117.483300646));
#1054 = CARTESIAN_POINT('',(65.71474773018,-117.4130674457));
#1055 = CARTESIAN_POINT('',(65.461474696714,-117.3769927712));
#1056 = CARTESIAN_POINT('',(65.230712518321,-117.3619086621));
#1057 = CARTESIAN_POINT('',(65.01013309516,-117.3619086621));
#1058 = ( GEOMETRIC_REPRESENTATION_CONTEXT(2) 
PARAMETRIC_REPRESENTATION_CONTEXT() REPRESENTATION_CONTEXT('2D SPACE',''
  ) );
#1059 = PCURVE('',#1060,#1103);
#1060 = ( BOUNDED_SURFACE() B_SPLINE_SURFACE(2,7,(
    (#1061,#1062,#1063,#1064,#1065,#1066,#1067,#1068,#1069,#1070,#1071
      ,#1072,#1073,#1074)
    ,(#1075,#1076,#1077,#1078,#1079,#1080,#1081,#1082,#1083,#1084,#1085
      ,#1086,#1087,#1088)
    ,(#1089,#1090,#1091,#1092,#1093,#1094,#1095,#1096,#1097,#1098,#1099
      ,#1100,#1101,#1102
)),.UNSPECIFIED.,.F.,.F.,.F.) B_SPLINE_SURFACE_WITH_KNOTS((3,3),(8,6,8),
  (0.,3.437219372971),(10.583769837067,10.774235207425,14.020989210037),
.UNSPECIFIED.) GEOMETRIC_REPRESENTATION_ITEM() RATIONAL_B_SPLINE_SURFACE
((
    (1.,1.,1.,1.,1.,1.,1.,1.,1.,1.,1.,1.,1.,1.)
    ,(0.736934532732,0.736746415435,0.736558453276,0.736369942263
      ,0.736183465791,0.735991562077,0.735812533509,0.732204799369
      ,0.728432613713,0.72438782285,0.720138144924,0.715824640032
      ,0.71149459499,0.707106781187)
,(1.,1.,1.,1.,1.,1.,1.,1.,1.,1.,1.,1.,1.,1.
))) REPRESENTATION_ITEM('') SURFACE() );
#1061 = CARTESIAN_POINT('',(25.968133329357,0.800067248582,
    68.083998521617));
#1062 = CARTESIAN_POINT('',(25.986343623843,0.803002205006,
    68.062296337741));
#1063 = CARTESIAN_POINT('',(26.004451799735,0.805957106528,
    68.040446672225));
#1064 = CARTESIAN_POINT('',(26.022159839808,0.808877700172,
    68.018850692198));
#1065 = CARTESIAN_POINT('',(26.040587973326,0.811962158019,
    67.996043037949));
#1066 = CARTESIAN_POINT('',(26.056694451277,0.81469447685,
    67.975839233494));
#1067 = CARTESIAN_POINT('',(26.078641757829,0.818405118032,
    67.948401341541));
#1068 = CARTESIAN_POINT('',(26.2833701964,0.855492152096,67.674165708553
    ));
#1069 = CARTESIAN_POINT('',(26.432339907025,0.891662118844,
    67.406711220029));
#1070 = CARTESIAN_POINT('',(26.54860801601,0.92949402996,67.126967682854
    ));
#1071 = CARTESIAN_POINT('',(26.618841216404,0.966423932309,
    66.853893941517));
#1072 = CARTESIAN_POINT('',(26.654915890897,1.000367038775,
    66.602905704731));
#1073 = CARTESIAN_POINT('',(26.67,1.031293288925,66.374225250761));
#1074 = CARTESIAN_POINT('',(26.67,1.060854868151,66.155635692557));
#1075 = CARTESIAN_POINT('',(27.378708225554,0.642872971523,
    69.246352782614));
#1076 = CARTESIAN_POINT('',(27.396860041363,0.645583620248,
    69.226309215161));
#1077 = CARTESIAN_POINT('',(27.414890425829,0.648310440064,
    69.206146072511));
#1078 = CARTESIAN_POINT('',(27.432800157829,0.651053288392,
    69.185864408949));
#1079 = CARTESIAN_POINT('',(27.450585442053,0.653812713958,
    69.165460166985));
#1080 = CARTESIAN_POINT('',(27.468257924603,0.656587644249,
    69.144941277185));
#1081 = CARTESIAN_POINT('',(27.485778450377,0.659379965764,
    69.124293790067));
#1082 = CARTESIAN_POINT('',(27.8022227187,0.710269976274,68.747993700362
    ));
#1083 = CARTESIAN_POINT('',(28.065496523145,0.763173822095,
    68.356802546564));
#1084 = CARTESIAN_POINT('',(28.283680552104,0.819714648522,
    67.938718175123));
#1085 = CARTESIAN_POINT('',(28.452429015102,0.878606938106,
    67.50324619091));
#1086 = CARTESIAN_POINT('',(28.572017057947,0.938429500737,
    67.060895414031));
#1087 = CARTESIAN_POINT('',(28.64533185025,0.999070188432,
    66.612495109322));
#1088 = CARTESIAN_POINT('',(28.67,1.060854868151,66.155635692557));
#1089 = CARTESIAN_POINT('',(27.500222215595,-1.181890588385,
    69.101538048433));
#1090 = CARTESIAN_POINT('',(27.517581768242,-1.18021188306,69.0808497392
    ));
#1091 = CARTESIAN_POINT('',(27.534821461717,-1.178515579222,
    69.060040564182));
#1092 = CARTESIAN_POINT('',(27.551960992813,-1.176801546966,
    69.039078769552));
#1093 = CARTESIAN_POINT('',(27.568923467775,-1.175070329193,
    69.018081393683));
#1094 = CARTESIAN_POINT('',(27.585922435348,-1.1733234128,68.99673260531
    ));
#1095 = CARTESIAN_POINT('',(27.602344239433,-1.171566348671,
    68.975876067676));
#1096 = CARTESIAN_POINT('',(27.91148101132,-1.139140731949,
    68.577688347436));
#1097 = CARTESIAN_POINT('',(28.165140994867,-1.105568619321,
    68.164612090238));
#1098 = CARTESIAN_POINT('',(28.36934504293,-1.069978536932,
    67.725754145754));
#1099 = CARTESIAN_POINT('',(28.52115581786,-1.033172172774,
    67.270285032614));
#1100 = CARTESIAN_POINT('',(28.619930886407,-0.996032540378,
    66.810978172046));
#1101 = CARTESIAN_POINT('',(28.67,-0.958673732481,66.350620856016));
#1102 = CARTESIAN_POINT('',(28.67,-0.921102968816,65.8876));
#1103 = DEFINITIONAL_REPRESENTATION('',(#1104),#1108);
#1104 = LINE('',#1105,#1106);
#1105 = CARTESIAN_POINT('',(0.,0.));
#1106 = VECTOR('',#1107,1.);
#1107 = DIRECTION('',(0.,1.));
#1108 = ( GEOMETRIC_REPRESENTATION_CONTEXT(2) 
PARAMETRIC_REPRESENTATION_CONTEXT() REPRESENTATION_CONTEXT('2D SPACE',''
  ) );
#1109 = ORIENTED_EDGE('',*,*,#1110,.T.);
#1110 = EDGE_CURVE('',#1023,#1111,#1113,.T.);
#1111 = VERTEX_POINT('',#1112);
#1112 = CARTESIAN_POINT('',(26.67,1.379207151913,63.801617846279));
#1113 = SURFACE_CURVE('',#1114,(#1118,#1125),.PCURVE_S1.);
#1114 = LINE('',#1115,#1116);
#1115 = CARTESIAN_POINT('',(26.67,1.097103435676,65.8876));
#1116 = VECTOR('',#1117,1.);
#1117 = DIRECTION('',(0.,0.134017846279,-0.990978918484));
#1118 = PCURVE('',#32,#1119);
#1119 = DEFINITIONAL_REPRESENTATION('',(#1120),#1124);
#1120 = LINE('',#1121,#1122);
#1121 = CARTESIAN_POINT('',(64.739657419485,-117.3619086621));
#1122 = VECTOR('',#1123,1.);
#1123 = DIRECTION('',(-1.,0.));
#1124 = ( GEOMETRIC_REPRESENTATION_CONTEXT(2) 
PARAMETRIC_REPRESENTATION_CONTEXT() REPRESENTATION_CONTEXT('2D SPACE',''
  ) );
#1125 = PCURVE('',#1126,#1131);
#1126 = CYLINDRICAL_SURFACE('',#1127,2.);
#1127 = AXIS2_PLACEMENT_3D('',#1128,#1129,#1130);
#1128 = CARTESIAN_POINT('',(26.67,-0.884854401291,65.619564307443));
#1129 = DIRECTION('',(0.,0.134017846279,-0.990978918484));
#1130 = DIRECTION('',(0.,0.990978918484,0.134017846279));
#1131 = DEFINITIONAL_REPRESENTATION('',(#1132),#1136);
#1132 = LINE('',#1133,#1134);
#1133 = CARTESIAN_POINT('',(0.,0.));
#1134 = VECTOR('',#1135,1.);
#1135 = DIRECTION('',(0.,1.));
#1136 = ( GEOMETRIC_REPRESENTATION_CONTEXT(2) 
PARAMETRIC_REPRESENTATION_CONTEXT() REPRESENTATION_CONTEXT('2D SPACE',''
  ) );
#1137 = ORIENTED_EDGE('',*,*,#1138,.F.);
#1138 = EDGE_CURVE('',#1139,#1111,#1141,.T.);
#1139 = VERTEX_POINT('',#1140);
#1140 = CARTESIAN_POINT('',(23.67,1.379207151913,63.801617846279));
#1141 = SURFACE_CURVE('',#1142,(#1146,#1153),.PCURVE_S1.);
#1142 = LINE('',#1143,#1144);
#1143 = CARTESIAN_POINT('',(23.67,1.379207151913,63.801617846279));
#1144 = VECTOR('',#1145,1.);
#1145 = DIRECTION('',(1.,0.,0.));
#1146 = PCURVE('',#32,#1147);
#1147 = DEFINITIONAL_REPRESENTATION('',(#1148),#1152);
#1148 = LINE('',#1149,#1150);
#1149 = CARTESIAN_POINT('',(62.634686148337,-120.3619086621));
#1150 = VECTOR('',#1151,1.);
#1151 = DIRECTION('',(0.,1.));
#1152 = ( GEOMETRIC_REPRESENTATION_CONTEXT(2) 
PARAMETRIC_REPRESENTATION_CONTEXT() REPRESENTATION_CONTEXT('2D SPACE',''
  ) );
#1153 = PCURVE('',#1154,#1159);
#1154 = CYLINDRICAL_SURFACE('',#1155,1.);
#1155 = AXIS2_PLACEMENT_3D('',#1156,#1157,#1158);
#1156 = CARTESIAN_POINT('',(23.67,0.38822823343,63.6676));
#1157 = DIRECTION('',(1.,0.,0.));
#1158 = DIRECTION('',(0.,-2.22044604925E-16,-1.));
#1159 = DEFINITIONAL_REPRESENTATION('',(#1160),#1164);
#1160 = LINE('',#1161,#1162);
#1161 = CARTESIAN_POINT('',(1.705218628205,0.));
#1162 = VECTOR('',#1163,1.);
#1163 = DIRECTION('',(0.,1.));
#1164 = ( GEOMETRIC_REPRESENTATION_CONTEXT(2) 
PARAMETRIC_REPRESENTATION_CONTEXT() REPRESENTATION_CONTEXT('2D SPACE',''
  ) );
#1165 = ORIENTED_EDGE('',*,*,#1166,.T.);
#1166 = EDGE_CURVE('',#1139,#1167,#1169,.T.);
#1167 = VERTEX_POINT('',#1168);
#1168 = CARTESIAN_POINT('',(23.67,1.097103435676,65.8876));
#1169 = SURFACE_CURVE('',#1170,(#1174,#1181),.PCURVE_S1.);
#1170 = LINE('',#1171,#1172);
#1171 = CARTESIAN_POINT('',(23.67,5.592421028354,32.647512280845));
#1172 = VECTOR('',#1173,1.);
#1173 = DIRECTION('',(0.,-0.134017846279,0.990978918484));
#1174 = PCURVE('',#32,#1175);
#1175 = DEFINITIONAL_REPRESENTATION('',(#1176),#1180);
#1176 = LINE('',#1177,#1178);
#1177 = CARTESIAN_POINT('',(31.196978459148,-120.3619086621));
#1178 = VECTOR('',#1179,1.);
#1179 = DIRECTION('',(1.,0.));
#1180 = ( GEOMETRIC_REPRESENTATION_CONTEXT(2) 
PARAMETRIC_REPRESENTATION_CONTEXT() REPRESENTATION_CONTEXT('2D SPACE',''
  ) );
#1181 = PCURVE('',#1182,#1187);
#1182 = PLANE('',#1183);
#1183 = AXIS2_PLACEMENT_3D('',#1184,#1185,#1186);
#1184 = CARTESIAN_POINT('',(23.67,18.6,65.8876));
#1185 = DIRECTION('',(1.,0.,0.));
#1186 = DIRECTION('',(0.,-2.22044604925E-16,-1.));
#1187 = DEFINITIONAL_REPRESENTATION('',(#1188),#1192);
#1188 = LINE('',#1189,#1190);
#1189 = CARTESIAN_POINT('',(33.240087719155,-13.00757897164));
#1190 = VECTOR('',#1191,1.);
#1191 = DIRECTION('',(-0.990978918484,-0.134017846279));
#1192 = ( GEOMETRIC_REPRESENTATION_CONTEXT(2) 
PARAMETRIC_REPRESENTATION_CONTEXT() REPRESENTATION_CONTEXT('2D SPACE',''
  ) );
#1193 = ORIENTED_EDGE('',*,*,#1194,.T.);
#1194 = EDGE_CURVE('',#1167,#1195,#1197,.T.);
#1195 = VERTEX_POINT('',#1196);
#1196 = CARTESIAN_POINT('',(18.5,1.097103435676,65.8876));
#1197 = SURFACE_CURVE('',#1198,(#1202,#1209),.PCURVE_S1.);
#1198 = LINE('',#1199,#1200);
#1199 = CARTESIAN_POINT('',(81.265954331054,1.097103435676,65.8876));
#1200 = VECTOR('',#1201,1.);
#1201 = DIRECTION('',(-1.,0.,0.));
#1202 = PCURVE('',#32,#1203);
#1203 = DEFINITIONAL_REPRESENTATION('',(#1204),#1208);
#1204 = LINE('',#1205,#1206);
#1205 = CARTESIAN_POINT('',(64.739657419485,-62.76595433105));
#1206 = VECTOR('',#1207,1.);
#1207 = DIRECTION('',(0.,-1.));
#1208 = ( GEOMETRIC_REPRESENTATION_CONTEXT(2) 
PARAMETRIC_REPRESENTATION_CONTEXT() REPRESENTATION_CONTEXT('2D SPACE',''
  ) );
#1209 = PCURVE('',#1210,#1215);
#1210 = PLANE('',#1211);
#1211 = AXIS2_PLACEMENT_3D('',#1212,#1213,#1214);
#1212 = CARTESIAN_POINT('',(18.5,18.6,65.8876));
#1213 = DIRECTION('',(0.,2.22044604925E-16,1.));
#1214 = DIRECTION('',(1.,0.,0.));
#1215 = DEFINITIONAL_REPRESENTATION('',(#1216),#1220);
#1216 = LINE('',#1217,#1218);
#1217 = CARTESIAN_POINT('',(62.765954331054,-17.50289656432));
#1218 = VECTOR('',#1219,1.);
#1219 = DIRECTION('',(-1.,0.));
#1220 = ( GEOMETRIC_REPRESENTATION_CONTEXT(2) 
PARAMETRIC_REPRESENTATION_CONTEXT() REPRESENTATION_CONTEXT('2D SPACE',''
  ) );
#1221 = ORIENTED_EDGE('',*,*,#1222,.T.);
#1222 = EDGE_CURVE('',#1195,#1223,#1225,.T.);
#1223 = VERTEX_POINT('',#1224);
#1224 = CARTESIAN_POINT('',(18.5,2.860604841081,52.8476));
#1225 = SURFACE_CURVE('',#1226,(#1230,#1237),.PCURVE_S1.);
#1226 = LINE('',#1227,#1228);
#1227 = CARTESIAN_POINT('',(18.5,6.315405902397,27.301487192));
#1228 = VECTOR('',#1229,1.);
#1229 = DIRECTION('',(0.,0.134017846279,-0.990978918484));
#1230 = PCURVE('',#32,#1231);
#1231 = DEFINITIONAL_REPRESENTATION('',(#1232),#1236);
#1232 = LINE('',#1233,#1234);
#1233 = CARTESIAN_POINT('',(25.802287422708,-125.5319086621));
#1234 = VECTOR('',#1235,1.);
#1235 = DIRECTION('',(-1.,0.));
#1236 = ( GEOMETRIC_REPRESENTATION_CONTEXT(2) 
PARAMETRIC_REPRESENTATION_CONTEXT() REPRESENTATION_CONTEXT('2D SPACE',''
  ) );
#1237 = PCURVE('',#1238,#1243);
#1238 = PLANE('',#1239);
#1239 = AXIS2_PLACEMENT_3D('',#1240,#1241,#1242);
#1240 = CARTESIAN_POINT('',(18.5,-9.170542240005,58.99858431654));
#1241 = DIRECTION('',(1.,0.,0.));
#1242 = DIRECTION('',(0.,-1.,-2.22044604925E-16));
#1243 = DEFINITIONAL_REPRESENTATION('',(#1244),#1248);
#1244 = LINE('',#1245,#1246);
#1245 = CARTESIAN_POINT('',(-15.4859481424,31.69709712454));
#1246 = VECTOR('',#1247,1.);
#1247 = DIRECTION('',(-0.134017846279,0.990978918484));
#1248 = ( GEOMETRIC_REPRESENTATION_CONTEXT(2) 
PARAMETRIC_REPRESENTATION_CONTEXT() REPRESENTATION_CONTEXT('2D SPACE',''
  ) );
#1249 = ORIENTED_EDGE('',*,*,#1250,.T.);
#1250 = EDGE_CURVE('',#1223,#1251,#1253,.T.);
#1251 = VERTEX_POINT('',#1252);
#1252 = CARTESIAN_POINT('',(23.67,2.860604841081,52.8476));
#1253 = SURFACE_CURVE('',#1254,(#1258,#1265),.PCURVE_S1.);
#1254 = LINE('',#1255,#1256);
#1255 = CARTESIAN_POINT('',(83.850954331054,2.860604841081,52.8476));
#1256 = VECTOR('',#1257,1.);
#1257 = DIRECTION('',(1.,0.,0.));
#1258 = PCURVE('',#32,#1259);
#1259 = DEFINITIONAL_REPRESENTATION('',(#1260),#1264);
#1260 = LINE('',#1261,#1262);
#1261 = CARTESIAN_POINT('',(51.580951662197,-60.18095433105));
#1262 = VECTOR('',#1263,1.);
#1263 = DIRECTION('',(0.,1.));
#1264 = ( GEOMETRIC_REPRESENTATION_CONTEXT(2) 
PARAMETRIC_REPRESENTATION_CONTEXT() REPRESENTATION_CONTEXT('2D SPACE',''
  ) );
#1265 = PCURVE('',#1266,#1271);
#1266 = PLANE('',#1267);
#1267 = AXIS2_PLACEMENT_3D('',#1268,#1269,#1270);
#1268 = CARTESIAN_POINT('',(23.67,18.6,52.8476));
#1269 = DIRECTION('',(0.,-2.22044604925E-16,-1.));
#1270 = DIRECTION('',(-1.,0.,0.));
#1271 = DEFINITIONAL_REPRESENTATION('',(#1272),#1276);
#1272 = LINE('',#1273,#1274);
#1273 = CARTESIAN_POINT('',(-60.18095433105,-15.73939515891));
#1274 = VECTOR('',#1275,1.);
#1275 = DIRECTION('',(-1.,0.));
#1276 = ( GEOMETRIC_REPRESENTATION_CONTEXT(2) 
PARAMETRIC_REPRESENTATION_CONTEXT() REPRESENTATION_CONTEXT('2D SPACE',''
  ) );
#1277 = ORIENTED_EDGE('',*,*,#1278,.F.);
#1278 = EDGE_CURVE('',#1279,#1251,#1281,.T.);
#1279 = VERTEX_POINT('',#1280);
#1280 = CARTESIAN_POINT('',(23.67,2.542252557319,55.201617846279));
#1281 = SURFACE_CURVE('',#1282,(#1286,#1293),.PCURVE_S1.);
#1282 = LINE('',#1283,#1284);
#1283 = CARTESIAN_POINT('',(23.67,6.458334797919,26.244616586795));
#1284 = VECTOR('',#1285,1.);
#1285 = DIRECTION('',(0.,0.134017846279,-0.990978918484));
#1286 = PCURVE('',#32,#1287);
#1287 = DEFINITIONAL_REPRESENTATION('',(#1288),#1292);
#1288 = LINE('',#1289,#1290);
#1289 = CARTESIAN_POINT('',(24.735795910636,-120.3619086621));
#1290 = VECTOR('',#1291,1.);
#1291 = DIRECTION('',(-1.,0.));
#1292 = ( GEOMETRIC_REPRESENTATION_CONTEXT(2) 
PARAMETRIC_REPRESENTATION_CONTEXT() REPRESENTATION_CONTEXT('2D SPACE',''
  ) );
#1293 = PCURVE('',#1294,#1299);
#1294 = PLANE('',#1295);
#1295 = AXIS2_PLACEMENT_3D('',#1296,#1297,#1298);
#1296 = CARTESIAN_POINT('',(23.67,18.6,52.8476));
#1297 = DIRECTION('',(-1.,0.,0.));
#1298 = DIRECTION('',(0.,2.22044604925E-16,1.));
#1299 = DEFINITIONAL_REPRESENTATION('',(#1300),#1304);
#1300 = LINE('',#1301,#1302);
#1301 = CARTESIAN_POINT('',(-26.6029834132,-12.14166520208));
#1302 = VECTOR('',#1303,1.);
#1303 = DIRECTION('',(-0.990978918484,0.134017846279));
#1304 = ( GEOMETRIC_REPRESENTATION_CONTEXT(2) 
PARAMETRIC_REPRESENTATION_CONTEXT() REPRESENTATION_CONTEXT('2D SPACE',''
  ) );
#1305 = ORIENTED_EDGE('',*,*,#1306,.T.);
#1306 = EDGE_CURVE('',#1279,#22,#1307,.T.);
#1307 = SURFACE_CURVE('',#1308,(#1312,#1319),.PCURVE_S1.);
#1308 = LINE('',#1309,#1310);
#1309 = CARTESIAN_POINT('',(23.67,2.542252557319,55.201617846279));
#1310 = VECTOR('',#1311,1.);
#1311 = DIRECTION('',(1.,0.,0.));
#1312 = PCURVE('',#32,#1313);
#1313 = DEFINITIONAL_REPRESENTATION('',(#1314),#1318);
#1314 = LINE('',#1315,#1316);
#1315 = CARTESIAN_POINT('',(53.956398609021,-120.3619086621));
#1316 = VECTOR('',#1317,1.);
#1317 = DIRECTION('',(0.,1.));
#1318 = ( GEOMETRIC_REPRESENTATION_CONTEXT(2) 
PARAMETRIC_REPRESENTATION_CONTEXT() REPRESENTATION_CONTEXT('2D SPACE',''
  ) );
#1319 = PCURVE('',#1320,#1325);
#1320 = CYLINDRICAL_SURFACE('',#1321,1.);
#1321 = AXIS2_PLACEMENT_3D('',#1322,#1323,#1324);
#1322 = CARTESIAN_POINT('',(23.67,1.551273638835,55.0676));
#1323 = DIRECTION('',(1.,0.,0.));
#1324 = DIRECTION('',(0.,2.22044604925E-16,1.));
#1325 = DEFINITIONAL_REPRESENTATION('',(#1326),#1330);
#1326 = LINE('',#1327,#1328);
#1327 = CARTESIAN_POINT('',(-1.436374025385,0.));
#1328 = VECTOR('',#1329,1.);
#1329 = DIRECTION('',(-0.,1.));
#1330 = ( GEOMETRIC_REPRESENTATION_CONTEXT(2) 
PARAMETRIC_REPRESENTATION_CONTEXT() REPRESENTATION_CONTEXT('2D SPACE',''
  ) );
#1331 = ADVANCED_FACE('',(#1332),#44,.T.);
#1332 = FACE_BOUND('',#1333,.T.);
#1333 = EDGE_LOOP('',(#1334,#1335,#1399,#1427));
#1334 = ORIENTED_EDGE('',*,*,#21,.F.);
#1335 = ORIENTED_EDGE('',*,*,#1336,.T.);
#1336 = EDGE_CURVE('',#22,#1337,#1339,.T.);
#1337 = VERTEX_POINT('',#1338);
#1338 = CARTESIAN_POINT('',(28.67,0.542170436589,55.0676));
#1339 = SURFACE_CURVE('',#1340,(#1350,#1364),.PCURVE_S1.);
#1340 = ( BOUNDED_CURVE() B_SPLINE_CURVE(8,(#1341,#1342,#1343,#1344,
    #1345,#1346,#1347,#1348,#1349),.UNSPECIFIED.,.F.,.F.) 
B_SPLINE_CURVE_WITH_KNOTS((9,9),(3.,6.020570697649),
.PIECEWISE_BEZIER_KNOTS.) CURVE() GEOMETRIC_REPRESENTATION_ITEM() 
RATIONAL_B_SPLINE_CURVE((1.,1.,1.,1.,1.,1.,1.,1.,1.)) 
REPRESENTATION_ITEM('') );
#1341 = CARTESIAN_POINT('',(26.67,2.542252557319,55.201617846279));
#1342 = CARTESIAN_POINT('',(27.068146777495,2.542252557319,
    55.201617846279));
#1343 = CARTESIAN_POINT('',(27.472932707417,2.451634803971,
    55.195575819663));
#1344 = CARTESIAN_POINT('',(27.856470952624,2.265346660969,
    55.183127761838));
#1345 = CARTESIAN_POINT('',(28.186433191947,1.989373037134,
    55.165117458246));
#1346 = CARTESIAN_POINT('',(28.428625231413,1.652381668767,
    55.142108868897));
#1347 = CARTESIAN_POINT('',(28.588081480203,1.294053233486,
    55.117981028153));
#1348 = CARTESIAN_POINT('',(28.67,0.9206735485,55.092962064965));
#1349 = CARTESIAN_POINT('',(28.67,0.542170436589,55.0676));
#1350 = PCURVE('',#44,#1351);
#1351 = DEFINITIONAL_REPRESENTATION('',(#1352),#1363);
#1352 = B_SPLINE_CURVE_WITH_KNOTS('',9,(#1353,#1354,#1355,#1356,#1357,
    #1358,#1359,#1360,#1361,#1362),.UNSPECIFIED.,.F.,.F.,(10,10),(3.,
    6.020570697649),.PIECEWISE_BEZIER_KNOTS.);
#1353 = CARTESIAN_POINT('',(-9.892216386658E-17,0.873865364408));
#1354 = CARTESIAN_POINT('',(0.176954123331,0.873865364408));
#1355 = CARTESIAN_POINT('',(0.356491065352,0.86907497637));
#1356 = CARTESIAN_POINT('',(0.537324233304,0.859295827326));
#1357 = CARTESIAN_POINT('',(0.717883992795,0.844431799349));
#1358 = CARTESIAN_POINT('',(0.895207458654,0.826017692809));
#1359 = CARTESIAN_POINT('',(1.068553034887,0.805532416953));
#1360 = CARTESIAN_POINT('',(1.236351422106,0.783858823017));
#1361 = CARTESIAN_POINT('',(1.402579627325,0.761376771156));
#1362 = CARTESIAN_POINT('',(1.570796326795,0.73862752657));
#1363 = ( GEOMETRIC_REPRESENTATION_CONTEXT(2) 
PARAMETRIC_REPRESENTATION_CONTEXT() REPRESENTATION_CONTEXT('2D SPACE',''
  ) );
#1364 = PCURVE('',#1365,#1393);
#1365 = ( BOUNDED_SURFACE() B_SPLINE_SURFACE(2,8,(
    (#1366,#1367,#1368,#1369,#1370,#1371,#1372,#1373,#1374)
    ,(#1375,#1376,#1377,#1378,#1379,#1380,#1381,#1382,#1383)
    ,(#1384,#1385,#1386,#1387,#1388,#1389,#1390,#1391,#1392
)),.UNSPECIFIED.,.F.,.F.,.F.) B_SPLINE_SURFACE_WITH_KNOTS((3,3),(9,9),(
    0.,3.020570697649),(3.,6.020570697649),.PIECEWISE_BEZIER_KNOTS.) 
GEOMETRIC_REPRESENTATION_ITEM() RATIONAL_B_SPLINE_SURFACE((
    (1.,1.,1.,1.,1.,1.,1.,1.,1.)
    ,(0.752999948964,0.752999948964,0.750994621604,0.746858164843
      ,0.740858201378,0.733076724071,0.724788390918,0.716073625247
      ,0.707106781187)
,(1.,1.,1.,1.,1.,1.,1.,1.,1.))) REPRESENTATION_ITEM('') SURFACE() );
#1366 = CARTESIAN_POINT('',(26.67,1.551273638835,56.0676));
#1367 = CARTESIAN_POINT('',(26.880180296391,1.551273638835,56.0676));
#1368 = CARTESIAN_POINT('',(27.104525714165,1.50063535188,56.0676));
#1369 = CARTESIAN_POINT('',(27.319224726837,1.388187110899,56.0676));
#1370 = CARTESIAN_POINT('',(27.493874268026,1.219997150302,56.0676));
#1371 = CARTESIAN_POINT('',(27.594500964046,1.025503679229,56.0676));
#1372 = CARTESIAN_POINT('',(27.643901189269,0.85742882612,56.0676));
#1373 = CARTESIAN_POINT('',(27.670276965781,0.700717209904,56.0676));
#1374 = CARTESIAN_POINT('',(27.670000797344,0.540907627316,56.0676));
#1375 = CARTESIAN_POINT('',(26.67,2.425139003243,56.0676));
#1376 = CARTESIAN_POINT('',(27.045932962207,2.425139003243,56.0676));
#1377 = CARTESIAN_POINT('',(27.431394314858,2.343629932635,56.0676));
#1378 = CARTESIAN_POINT('',(27.801847458448,2.174158612234,56.0676));
#1379 = CARTESIAN_POINT('',(28.125330863711,1.91828597446,56.0676));
#1380 = CARTESIAN_POINT('',(28.368558134441,1.608186669626,56.0676));
#1381 = CARTESIAN_POINT('',(28.541706471099,1.274024670608,56.0676));
#1382 = CARTESIAN_POINT('',(28.644955544807,0.915902216212,56.0676));
#1383 = CARTESIAN_POINT('',(28.67,0.542170436589,56.0676));
#1384 = CARTESIAN_POINT('',(26.67,2.542252557319,55.201617846279));
#1385 = CARTESIAN_POINT('',(27.068146777495,2.542252557319,
    55.201617846279));
#1386 = CARTESIAN_POINT('',(27.472932707417,2.451634803971,
    55.195575819663));
#1387 = CARTESIAN_POINT('',(27.856470952624,2.265346660969,
    55.183127761838));
#1388 = CARTESIAN_POINT('',(28.186433191947,1.989373037134,
    55.165117458246));
#1389 = CARTESIAN_POINT('',(28.428625231413,1.652381668767,
    55.142108868897));
#1390 = CARTESIAN_POINT('',(28.588081480203,1.294053233486,
    55.117981028153));
#1391 = CARTESIAN_POINT('',(28.67,0.9206735485,55.092962064965));
#1392 = CARTESIAN_POINT('',(28.67,0.542170436589,55.0676));
#1393 = DEFINITIONAL_REPRESENTATION('',(#1394),#1398);
#1394 = LINE('',#1395,#1396);
#1395 = CARTESIAN_POINT('',(3.020570697649,0.));
#1396 = VECTOR('',#1397,1.);
#1397 = DIRECTION('',(0.,1.));
#1398 = ( GEOMETRIC_REPRESENTATION_CONTEXT(2) 
PARAMETRIC_REPRESENTATION_CONTEXT() REPRESENTATION_CONTEXT('2D SPACE',''
  ) );
#1399 = ORIENTED_EDGE('',*,*,#1400,.T.);
#1400 = EDGE_CURVE('',#1337,#1401,#1403,.T.);
#1401 = VERTEX_POINT('',#1402);
#1402 = CARTESIAN_POINT('',(28.67,0.842398436589,52.8476));
#1403 = SURFACE_CURVE('',#1404,(#1408,#1415),.PCURVE_S1.);
#1404 = LINE('',#1405,#1406);
#1405 = CARTESIAN_POINT('',(28.67,0.443181166276,55.799564307443));
#1406 = VECTOR('',#1407,1.);
#1407 = DIRECTION('',(0.,0.134017846279,-0.990978918484));
#1408 = PCURVE('',#44,#1409);
#1409 = DEFINITIONAL_REPRESENTATION('',(#1410),#1414);
#1410 = LINE('',#1411,#1412);
#1411 = CARTESIAN_POINT('',(1.570796326795,0.));
#1412 = VECTOR('',#1413,1.);
#1413 = DIRECTION('',(0.,1.));
#1414 = ( GEOMETRIC_REPRESENTATION_CONTEXT(2) 
PARAMETRIC_REPRESENTATION_CONTEXT() REPRESENTATION_CONTEXT('2D SPACE',''
  ) );
#1415 = PCURVE('',#1416,#1421);
#1416 = PLANE('',#1417);
#1417 = AXIS2_PLACEMENT_3D('',#1418,#1419,#1420);
#1418 = CARTESIAN_POINT('',(28.67,18.6,52.8476));
#1419 = DIRECTION('',(-1.,0.,0.));
#1420 = DIRECTION('',(0.,2.22044604925E-16,1.));
#1421 = DEFINITIONAL_REPRESENTATION('',(#1422),#1426);
#1422 = LINE('',#1423,#1424);
#1423 = CARTESIAN_POINT('',(2.951964307443,-18.15681883372));
#1424 = VECTOR('',#1425,1.);
#1425 = DIRECTION('',(-0.990978918484,0.134017846279));
#1426 = ( GEOMETRIC_REPRESENTATION_CONTEXT(2) 
PARAMETRIC_REPRESENTATION_CONTEXT() REPRESENTATION_CONTEXT('2D SPACE',''
  ) );
#1427 = ORIENTED_EDGE('',*,*,#1428,.F.);
#1428 = EDGE_CURVE('',#24,#1401,#1429,.T.);
#1429 = SURFACE_CURVE('',#1430,(#1435,#1442),.PCURVE_S1.);
#1430 = CIRCLE('',#1431,2.);
#1431 = AXIS2_PLACEMENT_3D('',#1432,#1433,#1434);
#1432 = CARTESIAN_POINT('',(26.67,0.842398436589,52.8476));
#1433 = DIRECTION('',(0.,0.134017846279,-0.990978918484));
#1434 = DIRECTION('',(0.,0.990978918484,0.134017846279));
#1435 = PCURVE('',#44,#1436);
#1436 = DEFINITIONAL_REPRESENTATION('',(#1437),#1441);
#1437 = LINE('',#1438,#1439);
#1438 = CARTESIAN_POINT('',(0.,2.978836635556));
#1439 = VECTOR('',#1440,1.);
#1440 = DIRECTION('',(1.,0.));
#1441 = ( GEOMETRIC_REPRESENTATION_CONTEXT(2) 
PARAMETRIC_REPRESENTATION_CONTEXT() REPRESENTATION_CONTEXT('2D SPACE',''
  ) );
#1442 = PCURVE('',#94,#1443);
#1443 = DEFINITIONAL_REPRESENTATION('',(#1444),#1483);
#1444 = B_SPLINE_CURVE_WITH_KNOTS('',7,(#1445,#1446,#1447,#1448,#1449,
    #1450,#1451,#1452,#1453,#1454,#1455,#1456,#1457,#1458,#1459,#1460,
    #1461,#1462,#1463,#1464,#1465,#1466,#1467,#1468,#1469,#1470,#1471,
    #1472,#1473,#1474,#1475,#1476,#1477,#1478,#1479,#1480,#1481,#1482),
  .UNSPECIFIED.,.F.,.F.,(8,6,6,6,6,6,8),(0.,0.196349540849,
    0.392699081699,0.785398163397,1.178097245096,1.374446785946,
    1.570796326795),.UNSPECIFIED.);
#1445 = CARTESIAN_POINT('',(0.,2.978836635556));
#1446 = CARTESIAN_POINT('',(7.065539243146E-02,2.978836635556));
#1447 = CARTESIAN_POINT('',(0.140353277184,2.978836635556));
#1448 = CARTESIAN_POINT('',(0.209161329874,2.978836635556));
#1449 = CARTESIAN_POINT('',(0.277145908317,2.978836635556));
#1450 = CARTESIAN_POINT('',(0.34436460894,2.978836635556));
#1451 = CARTESIAN_POINT('',(0.410876194409,2.978836635556));
#1452 = CARTESIAN_POINT('',(0.54259148204,2.978836635556));
#1453 = CARTESIAN_POINT('',(0.607795386697,2.978836635556));
#1454 = CARTESIAN_POINT('',(0.672399500343,2.978836635556));
#1455 = CARTESIAN_POINT('',(0.736454976395,2.978836635556));
#1456 = CARTESIAN_POINT('',(0.800010558488,2.978836635556));
#1457 = CARTESIAN_POINT('',(0.863112965433,2.978836635556));
#1458 = CARTESIAN_POINT('',(1.051195897628,2.978836635556));
#1459 = CARTESIAN_POINT('',(1.174952121912,2.978836635556));
#1460 = CARTESIAN_POINT('',(1.297436402339,2.978836635556));
#1461 = CARTESIAN_POINT('',(1.418982797538,2.978836635556));
#1462 = CARTESIAN_POINT('',(1.539909062322,2.978836635556));
#1463 = CARTESIAN_POINT('',(1.660525371077,2.978836635556));
#1464 = CARTESIAN_POINT('',(1.901757976232,2.978836635556));
#1465 = CARTESIAN_POINT('',(2.022374284988,2.978836635556));
#1466 = CARTESIAN_POINT('',(2.143300549771,2.978836635556));
#1467 = CARTESIAN_POINT('',(2.26484694497,2.978836635556));
#1468 = CARTESIAN_POINT('',(2.387331225398,2.978836635556));
#1469 = CARTESIAN_POINT('',(2.511087449681,2.978836635556));
#1470 = CARTESIAN_POINT('',(2.699170381876,2.978836635556));
#1471 = CARTESIAN_POINT('',(2.762272788821,2.978836635556));
#1472 = CARTESIAN_POINT('',(2.825828370915,2.978836635556));
#1473 = CARTESIAN_POINT('',(2.889883846966,2.978836635556));
#1474 = CARTESIAN_POINT('',(2.954487960612,2.978836635556));
#1475 = CARTESIAN_POINT('',(3.01969186527,2.978836635556));
#1476 = CARTESIAN_POINT('',(3.151407152901,2.978836635556));
#1477 = CARTESIAN_POINT('',(3.21791873837,2.978836635556));
#1478 = CARTESIAN_POINT('',(3.285137438993,2.978836635556));
#1479 = CARTESIAN_POINT('',(3.353122017436,2.978836635556));
#1480 = CARTESIAN_POINT('',(3.421930070126,2.978836635556));
#1481 = CARTESIAN_POINT('',(3.491627954878,2.978836635556));
#1482 = CARTESIAN_POINT('',(3.562283347309,2.978836635556));
#1483 = ( GEOMETRIC_REPRESENTATION_CONTEXT(2) 
PARAMETRIC_REPRESENTATION_CONTEXT() REPRESENTATION_CONTEXT('2D SPACE',''
  ) );
#1484 = ADVANCED_FACE('',(#1485),#1320,.T.);
#1485 = FACE_BOUND('',#1486,.F.);
#1486 = EDGE_LOOP('',(#1487,#1511,#1512,#1543));
#1487 = ORIENTED_EDGE('',*,*,#1488,.T.);
#1488 = EDGE_CURVE('',#1489,#1279,#1491,.T.);
#1489 = VERTEX_POINT('',#1490);
#1490 = CARTESIAN_POINT('',(23.67,1.551273638835,56.0676));
#1491 = SURFACE_CURVE('',#1492,(#1497,#1504),.PCURVE_S1.);
#1492 = CIRCLE('',#1493,1.);
#1493 = AXIS2_PLACEMENT_3D('',#1494,#1495,#1496);
#1494 = CARTESIAN_POINT('',(23.67,1.551273638835,55.0676));
#1495 = DIRECTION('',(-1.,-0.,0.));
#1496 = DIRECTION('',(0.,-1.,-2.22044604925E-16));
#1497 = PCURVE('',#1320,#1498);
#1498 = DEFINITIONAL_REPRESENTATION('',(#1499),#1503);
#1499 = LINE('',#1500,#1501);
#1500 = CARTESIAN_POINT('',(1.570796326795,-0.));
#1501 = VECTOR('',#1502,1.);
#1502 = DIRECTION('',(-1.,0.));
#1503 = ( GEOMETRIC_REPRESENTATION_CONTEXT(2) 
PARAMETRIC_REPRESENTATION_CONTEXT() REPRESENTATION_CONTEXT('2D SPACE',''
  ) );
#1504 = PCURVE('',#1294,#1505);
#1505 = DEFINITIONAL_REPRESENTATION('',(#1506),#1510);
#1506 = CIRCLE('',#1507,1.);
#1507 = AXIS2_PLACEMENT_2D('',#1508,#1509);
#1508 = CARTESIAN_POINT('',(2.22,-17.04872636116));
#1509 = DIRECTION('',(-4.440892098501E-16,-1.));
#1510 = ( GEOMETRIC_REPRESENTATION_CONTEXT(2) 
PARAMETRIC_REPRESENTATION_CONTEXT() REPRESENTATION_CONTEXT('2D SPACE',''
  ) );
#1511 = ORIENTED_EDGE('',*,*,#1306,.T.);
#1512 = ORIENTED_EDGE('',*,*,#1513,.F.);
#1513 = EDGE_CURVE('',#1514,#22,#1516,.T.);
#1514 = VERTEX_POINT('',#1515);
#1515 = CARTESIAN_POINT('',(26.67,1.551273638835,56.0676));
#1516 = SURFACE_CURVE('',#1517,(#1522,#1529),.PCURVE_S1.);
#1517 = CIRCLE('',#1518,1.);
#1518 = AXIS2_PLACEMENT_3D('',#1519,#1520,#1521);
#1519 = CARTESIAN_POINT('',(26.67,1.551273638835,55.0676));
#1520 = DIRECTION('',(-1.,0.,0.));
#1521 = DIRECTION('',(0.,2.22044604925E-16,1.));
#1522 = PCURVE('',#1320,#1523);
#1523 = DEFINITIONAL_REPRESENTATION('',(#1524),#1528);
#1524 = LINE('',#1525,#1526);
#1525 = CARTESIAN_POINT('',(-0.,3.));
#1526 = VECTOR('',#1527,1.);
#1527 = DIRECTION('',(-1.,0.));
#1528 = ( GEOMETRIC_REPRESENTATION_CONTEXT(2) 
PARAMETRIC_REPRESENTATION_CONTEXT() REPRESENTATION_CONTEXT('2D SPACE',''
  ) );
#1529 = PCURVE('',#1365,#1530);
#1530 = DEFINITIONAL_REPRESENTATION('',(#1531),#1542);
#1531 = B_SPLINE_CURVE_WITH_KNOTS('',9,(#1532,#1533,#1534,#1535,#1536,
    #1537,#1538,#1539,#1540,#1541),.UNSPECIFIED.,.F.,.F.,(10,10),(0.,
    1.436374025385),.PIECEWISE_BEZIER_KNOTS.);
#1532 = CARTESIAN_POINT('',(-2.22044604925E-16,3.));
#1533 = CARTESIAN_POINT('',(0.366306453197,3.));
#1534 = CARTESIAN_POINT('',(0.707925399671,3.));
#1535 = CARTESIAN_POINT('',(1.0344558165,3.));
#1536 = CARTESIAN_POINT('',(1.352564706899,3.));
#1537 = CARTESIAN_POINT('',(1.668005990749,3.));
#1538 = CARTESIAN_POINT('',(1.986114881149,3.));
#1539 = CARTESIAN_POINT('',(2.312645297978,3.));
#1540 = CARTESIAN_POINT('',(2.654264244452,3.));
#1541 = CARTESIAN_POINT('',(3.020570697649,3.));
#1542 = ( GEOMETRIC_REPRESENTATION_CONTEXT(2) 
PARAMETRIC_REPRESENTATION_CONTEXT() REPRESENTATION_CONTEXT('2D SPACE',''
  ) );
#1543 = ORIENTED_EDGE('',*,*,#1544,.F.);
#1544 = EDGE_CURVE('',#1489,#1514,#1545,.T.);
#1545 = SURFACE_CURVE('',#1546,(#1550,#1557),.PCURVE_S1.);
#1546 = LINE('',#1547,#1548);
#1547 = CARTESIAN_POINT('',(23.67,1.551273638835,56.0676));
#1548 = VECTOR('',#1549,1.);
#1549 = DIRECTION('',(1.,0.,0.));
#1550 = PCURVE('',#1320,#1551);
#1551 = DEFINITIONAL_REPRESENTATION('',(#1552),#1556);
#1552 = LINE('',#1553,#1554);
#1553 = CARTESIAN_POINT('',(-0.,0.));
#1554 = VECTOR('',#1555,1.);
#1555 = DIRECTION('',(-0.,1.));
#1556 = ( GEOMETRIC_REPRESENTATION_CONTEXT(2) 
PARAMETRIC_REPRESENTATION_CONTEXT() REPRESENTATION_CONTEXT('2D SPACE',''
  ) );
#1557 = PCURVE('',#1558,#1563);
#1558 = PLANE('',#1559);
#1559 = AXIS2_PLACEMENT_3D('',#1560,#1561,#1562);
#1560 = CARTESIAN_POINT('',(23.67,18.6,56.0676));
#1561 = DIRECTION('',(0.,2.22044604925E-16,1.));
#1562 = DIRECTION('',(1.,0.,0.));
#1563 = DEFINITIONAL_REPRESENTATION('',(#1564),#1568);
#1564 = LINE('',#1565,#1566);
#1565 = CARTESIAN_POINT('',(0.,-17.04872636116));
#1566 = VECTOR('',#1567,1.);
#1567 = DIRECTION('',(1.,0.));
#1568 = ( GEOMETRIC_REPRESENTATION_CONTEXT(2) 
PARAMETRIC_REPRESENTATION_CONTEXT() REPRESENTATION_CONTEXT('2D SPACE',''
  ) );
#1569 = ADVANCED_FACE('',(#1570),#94,.T.);
#1570 = FACE_BOUND('',#1571,.T.);
#1571 = EDGE_LOOP('',(#1572,#1573,#1646,#1674));
#1572 = ORIENTED_EDGE('',*,*,#1428,.T.);
#1573 = ORIENTED_EDGE('',*,*,#1574,.T.);
#1574 = EDGE_CURVE('',#1401,#1575,#1577,.T.);
#1575 = VERTEX_POINT('',#1576);
#1576 = CARTESIAN_POINT('',(27.500222215595,1.103186056158,
    49.633661951567));
#1577 = SURFACE_CURVE('',#1578,(#1593,#1600),.PCURVE_S1.);
#1578 = ( BOUNDED_CURVE() B_SPLINE_CURVE(7,(#1579,#1580,#1581,#1582,
    #1583,#1584,#1585,#1586,#1587,#1588,#1589,#1590,#1591,#1592),
.UNSPECIFIED.,.F.,.F.) B_SPLINE_CURVE_WITH_KNOTS((8,6,8),(2.978836635556
,3.249018932154,6.541119982866),.UNSPECIFIED.) CURVE() 
GEOMETRIC_REPRESENTATION_ITEM() RATIONAL_B_SPLINE_CURVE((1.,1.,1.,1.,1.,
1.,1.,1.,1.,1.,1.,1.,1.,1.)) REPRESENTATION_ITEM('') );
#1579 = CARTESIAN_POINT('',(28.67,0.842398436589,52.8476));
#1580 = CARTESIAN_POINT('',(28.67,0.845527939996,52.809032102923));
#1581 = CARTESIAN_POINT('',(28.669652695003,0.848659933539,
    52.770431228598));
#1582 = CARTESIAN_POINT('',(28.668958660471,0.851793630204,
    52.731814723085));
#1583 = CARTESIAN_POINT('',(28.667911676581,0.854928324893,
    52.693124244063));
#1584 = CARTESIAN_POINT('',(28.666520816183,0.858063776595,
    52.654486461163));
#1585 = CARTESIAN_POINT('',(28.664769437898,0.861197329215,
    52.615696648638));
#1586 = CARTESIAN_POINT('',(28.637126361213,0.902526914221,
    52.105648866172));
#1587 = CARTESIAN_POINT('',(28.559540131316,0.940561363322,
    51.635685100925));
#1588 = CARTESIAN_POINT('',(28.430412877113,0.977424166169,
    51.180513312097));
#1589 = CARTESIAN_POINT('',(28.253782536283,1.012453650521,
    50.747790739293));
#1590 = CARTESIAN_POINT('',(28.037742204847,1.045171105764,
    50.346578725238));
#1591 = CARTESIAN_POINT('',(27.786992989897,1.075454717925,
    49.975422052093));
#1592 = CARTESIAN_POINT('',(27.500222215595,1.103186056158,
    49.633661951567));
#1593 = PCURVE('',#94,#1594);
#1594 = DEFINITIONAL_REPRESENTATION('',(#1595),#1599);
#1595 = LINE('',#1596,#1597);
#1596 = CARTESIAN_POINT('',(3.562283347309,0.));
#1597 = VECTOR('',#1598,1.);
#1598 = DIRECTION('',(0.,1.));
#1599 = ( GEOMETRIC_REPRESENTATION_CONTEXT(2) 
PARAMETRIC_REPRESENTATION_CONTEXT() REPRESENTATION_CONTEXT('2D SPACE',''
  ) );
#1600 = PCURVE('',#1601,#1606);
#1601 = CYLINDRICAL_SURFACE('',#1602,5.);
#1602 = AXIS2_PLACEMENT_3D('',#1603,#1604,#1605);
#1603 = CARTESIAN_POINT('',(23.67,18.6,52.8476));
#1604 = DIRECTION('',(0.,1.,-2.22044604925E-16));
#1605 = DIRECTION('',(1.,0.,0.));
#1606 = DEFINITIONAL_REPRESENTATION('',(#1607),#1645);
#1607 = B_SPLINE_CURVE_WITH_KNOTS('',8,(#1608,#1609,#1610,#1611,#1612,
    #1613,#1614,#1615,#1616,#1617,#1618,#1619,#1620,#1621,#1622,#1623,
    #1624,#1625,#1626,#1627,#1628,#1629,#1630,#1631,#1632,#1633,#1634,
    #1635,#1636,#1637,#1638,#1639,#1640,#1641,#1642,#1643,#1644),
  .UNSPECIFIED.,.F.,.F.,(9,7,7,7,7,9),(2.978836635556,3.201479344763,
    3.42412205397,3.869407472384,4.759978309211,6.541119982866),
  .UNSPECIFIED.);
#1608 = CARTESIAN_POINT('',(-6.28318530718,-17.75760156341));
#1609 = CARTESIAN_POINT('',(-6.27762350424,-17.75534506479));
#1610 = CARTESIAN_POINT('',(-6.272058765949,-17.75308727977));
#1611 = CARTESIAN_POINT('',(-6.266490587828,-17.75082849737));
#1612 = CARTESIAN_POINT('',(-6.260918584387,-17.74856899018));
#1613 = CARTESIAN_POINT('',(-6.255342489116,-17.7463090143));
#1614 = CARTESIAN_POINT('',(-6.249762154497,-17.74404880935));
#1615 = CARTESIAN_POINT('',(-6.244177551993,-17.7417885985));
#1616 = CARTESIAN_POINT('',(-6.232999992118,-17.73726857835));
#1617 = CARTESIAN_POINT('',(-6.2274035126,-17.73500915911));
#1618 = CARTESIAN_POINT('',(-6.221833334689,-17.73274663373));
#1619 = CARTESIAN_POINT('',(-6.216230263679,-17.73048971239));
#1620 = CARTESIAN_POINT('',(-6.210649115506,-17.72822978451));
#1621 = CARTESIAN_POINT('',(-6.205057680068,-17.72597290565));
#1622 = CARTESIAN_POINT('',(-6.199468770576,-17.72371667858));
#1623 = CARTESIAN_POINT('',(-6.18270144145,-17.71695257669));
#1624 = CARTESIAN_POINT('',(-6.171523700544,-17.71244893481));
#1625 = CARTESIAN_POINT('',(-6.160348094863,-17.70795250158));
#1626 = CARTESIAN_POINT('',(-6.149176173112,-17.70346467578));
#1627 = CARTESIAN_POINT('',(-6.138009375997,-17.69898680562));
#1628 = CARTESIAN_POINT('',(-6.126849036215,-17.69452018885));
#1629 = CARTESIAN_POINT('',(-6.115696378463,-17.69006607266));
#1630 = CARTESIAN_POINT('',(-6.082264801372,-17.67674481584));
#1631 = CARTESIAN_POINT('',(-6.060012342608,-17.66791879634));
#1632 = CARTESIAN_POINT('',(-6.037804234771,-17.65915713737));
#1633 = CARTESIAN_POINT('',(-6.01564844679,-17.65046866972));
#1634 = CARTESIAN_POINT('',(-5.993551824896,-17.64186151281));
#1635 = CARTESIAN_POINT('',(-5.971520092621,-17.63334307469));
#1636 = CARTESIAN_POINT('',(-5.949557850794,-17.62492005204));
#1637 = CARTESIAN_POINT('',(-5.883890031057,-17.59995518644));
#1638 = CARTESIAN_POINT('',(-5.840401491787,-17.58371729783));
#1639 = CARTESIAN_POINT('',(-5.797233753557,-17.56793400493));
#1640 = CARTESIAN_POINT('',(-5.754388387885,-17.55264200477));
#1641 = CARTESIAN_POINT('',(-5.711834428022,-17.53786780968));
#1642 = CARTESIAN_POINT('',(-5.669505052979,-17.52363010616));
#1643 = CARTESIAN_POINT('',(-5.627294271558,-17.50994211374));
#1644 = CARTESIAN_POINT('',(-5.585053606382,-17.49681394384));
#1645 = ( GEOMETRIC_REPRESENTATION_CONTEXT(2) 
PARAMETRIC_REPRESENTATION_CONTEXT() REPRESENTATION_CONTEXT('2D SPACE',''
  ) );
#1646 = ORIENTED_EDGE('',*,*,#1647,.F.);
#1647 = EDGE_CURVE('',#57,#1575,#1648,.T.);
#1648 = SURFACE_CURVE('',#1649,(#1653,#1660),.PCURVE_S1.);
#1649 = ( BOUNDED_CURVE() B_SPLINE_CURVE(2,(#1650,#1651,#1652),
.UNSPECIFIED.,.F.,.F.) B_SPLINE_CURVE_WITH_KNOTS((3,3),(0.,
3.562283347309),.PIECEWISE_BEZIER_KNOTS.) CURVE() 
GEOMETRIC_REPRESENTATION_ITEM() RATIONAL_B_SPLINE_CURVE((1.,
0.675964122175,1.)) REPRESENTATION_ITEM('') );
#1650 = CARTESIAN_POINT('',(25.968133329357,3.085143893125,
    51.187272863498));
#1651 = CARTESIAN_POINT('',(27.64464536331,3.271974169113,49.80577875671
    ));
#1652 = CARTESIAN_POINT('',(27.500222215595,1.103186056158,
    49.633661951567));
#1653 = PCURVE('',#94,#1654);
#1654 = DEFINITIONAL_REPRESENTATION('',(#1655),#1659);
#1655 = LINE('',#1656,#1657);
#1656 = CARTESIAN_POINT('',(0.,6.541119982866));
#1657 = VECTOR('',#1658,1.);
#1658 = DIRECTION('',(1.,0.));
#1659 = ( GEOMETRIC_REPRESENTATION_CONTEXT(2) 
PARAMETRIC_REPRESENTATION_CONTEXT() REPRESENTATION_CONTEXT('2D SPACE',''
  ) );
#1660 = PCURVE('',#160,#1661);
#1661 = DEFINITIONAL_REPRESENTATION('',(#1662),#1673);
#1662 = B_SPLINE_CURVE_WITH_KNOTS('',9,(#1663,#1664,#1665,#1666,#1667,
    #1668,#1669,#1670,#1671,#1672),.UNSPECIFIED.,.F.,.F.,(10,10),(0.,
    3.562283347309),.PIECEWISE_BEZIER_KNOTS.);
#1663 = CARTESIAN_POINT('',(-1.110223024625E-16,-0.225885026473));
#1664 = CARTESIAN_POINT('',(0.163763229496,-0.225885026473));
#1665 = CARTESIAN_POINT('',(0.340791417614,-0.225885026473));
#1666 = CARTESIAN_POINT('',(0.52976410351,-0.225885026473));
#1667 = CARTESIAN_POINT('',(0.727617076059,-0.225885026473));
#1668 = CARTESIAN_POINT('',(0.929431165675,-0.225885026473));
#1669 = CARTESIAN_POINT('',(1.127284138223,-0.225885026473));
#1670 = CARTESIAN_POINT('',(1.316256824119,-0.225885026473));
#1671 = CARTESIAN_POINT('',(1.493285012237,-0.225885026473));
#1672 = CARTESIAN_POINT('',(1.657048241733,-0.225885026473));
#1673 = ( GEOMETRIC_REPRESENTATION_CONTEXT(2) 
PARAMETRIC_REPRESENTATION_CONTEXT() REPRESENTATION_CONTEXT('2D SPACE',''
  ) );
#1674 = ORIENTED_EDGE('',*,*,#56,.F.);
#1675 = ADVANCED_FACE('',(#1676),#1294,.T.);
#1676 = FACE_BOUND('',#1677,.T.);
#1677 = EDGE_LOOP('',(#1678,#1679,#1702,#1730,#1763,#1784));
#1678 = ORIENTED_EDGE('',*,*,#1278,.T.);
#1679 = ORIENTED_EDGE('',*,*,#1680,.T.);
#1680 = EDGE_CURVE('',#1251,#1681,#1683,.T.);
#1681 = VERTEX_POINT('',#1682);
#1682 = CARTESIAN_POINT('',(23.67,-18.865,52.8476));
#1683 = SURFACE_CURVE('',#1684,(#1688,#1695),.PCURVE_S1.);
#1684 = LINE('',#1685,#1686);
#1685 = CARTESIAN_POINT('',(23.67,18.6,52.8476));
#1686 = VECTOR('',#1687,1.);
#1687 = DIRECTION('',(0.,-1.,2.22044604925E-16));
#1688 = PCURVE('',#1294,#1689);
#1689 = DEFINITIONAL_REPRESENTATION('',(#1690),#1694);
#1690 = LINE('',#1691,#1692);
#1691 = CARTESIAN_POINT('',(0.,0.));
#1692 = VECTOR('',#1693,1.);
#1693 = DIRECTION('',(0.,-1.));
#1694 = ( GEOMETRIC_REPRESENTATION_CONTEXT(2) 
PARAMETRIC_REPRESENTATION_CONTEXT() REPRESENTATION_CONTEXT('2D SPACE',''
  ) );
#1695 = PCURVE('',#1266,#1696);
#1696 = DEFINITIONAL_REPRESENTATION('',(#1697),#1701);
#1697 = LINE('',#1698,#1699);
#1698 = CARTESIAN_POINT('',(0.,0.));
#1699 = VECTOR('',#1700,1.);
#1700 = DIRECTION('',(0.,-1.));
#1701 = ( GEOMETRIC_REPRESENTATION_CONTEXT(2) 
PARAMETRIC_REPRESENTATION_CONTEXT() REPRESENTATION_CONTEXT('2D SPACE',''
  ) );
#1702 = ORIENTED_EDGE('',*,*,#1703,.T.);
#1703 = EDGE_CURVE('',#1681,#1704,#1706,.T.);
#1704 = VERTEX_POINT('',#1705);
#1705 = CARTESIAN_POINT('',(23.67,-18.865,55.0676));
#1706 = SURFACE_CURVE('',#1707,(#1711,#1718),.PCURVE_S1.);
#1707 = LINE('',#1708,#1709);
#1708 = CARTESIAN_POINT('',(23.67,-18.865,52.8476));
#1709 = VECTOR('',#1710,1.);
#1710 = DIRECTION('',(0.,2.22044604925E-16,1.));
#1711 = PCURVE('',#1294,#1712);
#1712 = DEFINITIONAL_REPRESENTATION('',(#1713),#1717);
#1713 = LINE('',#1714,#1715);
#1714 = CARTESIAN_POINT('',(-1.213473765915E-15,-37.465));
#1715 = VECTOR('',#1716,1.);
#1716 = DIRECTION('',(1.,0.));
#1717 = ( GEOMETRIC_REPRESENTATION_CONTEXT(2) 
PARAMETRIC_REPRESENTATION_CONTEXT() REPRESENTATION_CONTEXT('2D SPACE',''
  ) );
#1718 = PCURVE('',#1719,#1724);
#1719 = PLANE('',#1720);
#1720 = AXIS2_PLACEMENT_3D('',#1721,#1722,#1723);
#1721 = CARTESIAN_POINT('',(2.921132095682E-16,-18.865,62.375295002826)
  );
#1722 = DIRECTION('',(0.,-1.,2.2369221865E-16));
#1723 = DIRECTION('',(0.,2.2369221865E-16,1.));
#1724 = DEFINITIONAL_REPRESENTATION('',(#1725),#1729);
#1725 = LINE('',#1726,#1727);
#1726 = CARTESIAN_POINT('',(-9.527695002826,-23.67));
#1727 = VECTOR('',#1728,1.);
#1728 = DIRECTION('',(1.,0.));
#1729 = ( GEOMETRIC_REPRESENTATION_CONTEXT(2) 
PARAMETRIC_REPRESENTATION_CONTEXT() REPRESENTATION_CONTEXT('2D SPACE',''
  ) );
#1730 = ORIENTED_EDGE('',*,*,#1731,.F.);
#1731 = EDGE_CURVE('',#1732,#1704,#1734,.T.);
#1732 = VERTEX_POINT('',#1733);
#1733 = CARTESIAN_POINT('',(23.67,-17.865,56.0676));
#1734 = SURFACE_CURVE('',#1735,(#1740,#1751),.PCURVE_S1.);
#1735 = CIRCLE('',#1736,1.);
#1736 = AXIS2_PLACEMENT_3D('',#1737,#1738,#1739);
#1737 = CARTESIAN_POINT('',(23.67,-17.865,55.0676));
#1738 = DIRECTION('',(1.,0.,-0.));
#1739 = DIRECTION('',(0.,1.,2.22044604925E-16));
#1740 = PCURVE('',#1294,#1741);
#1741 = DEFINITIONAL_REPRESENTATION('',(#1742),#1750);
#1742 = ( BOUNDED_CURVE() B_SPLINE_CURVE(2,(#1743,#1744,#1745,#1746,
#1747,#1748,#1749),.UNSPECIFIED.,.T.,.F.) B_SPLINE_CURVE_WITH_KNOTS((1,2
    ,2,2,2,1),(-2.094395102393,0.,2.094395102393,4.188790204786,
6.28318530718,8.377580409573),.UNSPECIFIED.) CURVE() 
GEOMETRIC_REPRESENTATION_ITEM() RATIONAL_B_SPLINE_CURVE((1.,0.5,1.,0.5,
1.,0.5,1.)) REPRESENTATION_ITEM('') );
#1743 = CARTESIAN_POINT('',(2.22,-35.465));
#1744 = CARTESIAN_POINT('',(3.952050807569,-35.465));
#1745 = CARTESIAN_POINT('',(3.086025403784,-36.965));
#1746 = CARTESIAN_POINT('',(2.22,-38.465));
#1747 = CARTESIAN_POINT('',(1.353974596216,-36.965));
#1748 = CARTESIAN_POINT('',(0.487949192431,-35.465));
#1749 = CARTESIAN_POINT('',(2.22,-35.465));
#1750 = ( GEOMETRIC_REPRESENTATION_CONTEXT(2) 
PARAMETRIC_REPRESENTATION_CONTEXT() REPRESENTATION_CONTEXT('2D SPACE',''
  ) );
#1751 = PCURVE('',#1752,#1757);
#1752 = CYLINDRICAL_SURFACE('',#1753,1.);
#1753 = AXIS2_PLACEMENT_3D('',#1754,#1755,#1756);
#1754 = CARTESIAN_POINT('',(26.67,-17.865,55.0676));
#1755 = DIRECTION('',(-1.,0.,0.));
#1756 = DIRECTION('',(0.,2.22044604925E-16,1.));
#1757 = DEFINITIONAL_REPRESENTATION('',(#1758),#1762);
#1758 = LINE('',#1759,#1760);
#1759 = CARTESIAN_POINT('',(1.570796326795,3.));
#1760 = VECTOR('',#1761,1.);
#1761 = DIRECTION('',(-1.,0.));
#1762 = ( GEOMETRIC_REPRESENTATION_CONTEXT(2) 
PARAMETRIC_REPRESENTATION_CONTEXT() REPRESENTATION_CONTEXT('2D SPACE',''
  ) );
#1763 = ORIENTED_EDGE('',*,*,#1764,.F.);
#1764 = EDGE_CURVE('',#1489,#1732,#1765,.T.);
#1765 = SURFACE_CURVE('',#1766,(#1770,#1777),.PCURVE_S1.);
#1766 = LINE('',#1767,#1768);
#1767 = CARTESIAN_POINT('',(23.67,18.6,56.0676));
#1768 = VECTOR('',#1769,1.);
#1769 = DIRECTION('',(0.,-1.,2.22044604925E-16));
#1770 = PCURVE('',#1294,#1771);
#1771 = DEFINITIONAL_REPRESENTATION('',(#1772),#1776);
#1772 = LINE('',#1773,#1774);
#1773 = CARTESIAN_POINT('',(3.22,-4.267697306659E-15));
#1774 = VECTOR('',#1775,1.);
#1775 = DIRECTION('',(0.,-1.));
#1776 = ( GEOMETRIC_REPRESENTATION_CONTEXT(2) 
PARAMETRIC_REPRESENTATION_CONTEXT() REPRESENTATION_CONTEXT('2D SPACE',''
  ) );
#1777 = PCURVE('',#1558,#1778);
#1778 = DEFINITIONAL_REPRESENTATION('',(#1779),#1783);
#1779 = LINE('',#1780,#1781);
#1780 = CARTESIAN_POINT('',(0.,0.));
#1781 = VECTOR('',#1782,1.);
#1782 = DIRECTION('',(0.,-1.));
#1783 = ( GEOMETRIC_REPRESENTATION_CONTEXT(2) 
PARAMETRIC_REPRESENTATION_CONTEXT() REPRESENTATION_CONTEXT('2D SPACE',''
  ) );
#1784 = ORIENTED_EDGE('',*,*,#1488,.T.);
#1785 = ADVANCED_FACE('',(#1786),#160,.T.);
#1786 = FACE_BOUND('',#1787,.T.);
#1787 = EDGE_LOOP('',(#1788,#1789,#1817,#1842));
#1788 = ORIENTED_EDGE('',*,*,#1647,.T.);
#1789 = ORIENTED_EDGE('',*,*,#1790,.T.);
#1790 = EDGE_CURVE('',#1575,#1791,#1793,.T.);
#1791 = VERTEX_POINT('',#1792);
#1792 = CARTESIAN_POINT('',(17.6286926874,2.694182238188,37.869231171942
    ));
#1793 = SURFACE_CURVE('',#1794,(#1798,#1805),.PCURVE_S1.);
#1794 = LINE('',#1795,#1796);
#1795 = CARTESIAN_POINT('',(27.35579906788,1.126462760741,
    49.461545146424));
#1796 = VECTOR('',#1797,1.);
#1797 = DIRECTION('',(-0.639365742696,0.103046691259,-0.76196642084));
#1798 = PCURVE('',#160,#1799);
#1799 = DEFINITIONAL_REPRESENTATION('',(#1800),#1804);
#1800 = LINE('',#1801,#1802);
#1801 = CARTESIAN_POINT('',(1.657048241733,0.));
#1802 = VECTOR('',#1803,1.);
#1803 = DIRECTION('',(0.,1.));
#1804 = ( GEOMETRIC_REPRESENTATION_CONTEXT(2) 
PARAMETRIC_REPRESENTATION_CONTEXT() REPRESENTATION_CONTEXT('2D SPACE',''
  ) );
#1805 = PCURVE('',#1806,#1811);
#1806 = PLANE('',#1807);
#1807 = AXIS2_PLACEMENT_3D('',#1808,#1809,#1810);
#1808 = CARTESIAN_POINT('',(27.500222215595,18.6,49.633661951567));
#1809 = DIRECTION('',(0.766044443119,-1.427275208436E-16,-0.642787609687
    ));
#1810 = DIRECTION('',(-0.642787609687,-1.700960357274E-16,
    -0.766044443119));
#1811 = DEFINITIONAL_REPRESENTATION('',(#1812),#1816);
#1812 = LINE('',#1813,#1814);
#1813 = CARTESIAN_POINT('',(0.224682532051,-17.47353723925));
#1814 = VECTOR('',#1815,1.);
#1815 = DIRECTION('',(0.994676519991,0.103046691259));
#1816 = ( GEOMETRIC_REPRESENTATION_CONTEXT(2) 
PARAMETRIC_REPRESENTATION_CONTEXT() REPRESENTATION_CONTEXT('2D SPACE',''
  ) );
#1817 = ORIENTED_EDGE('',*,*,#1818,.F.);
#1818 = EDGE_CURVE('',#145,#1791,#1819,.T.);
#1819 = SURFACE_CURVE('',#1820,(#1825,#1835),.PCURVE_S1.);
#1820 = ELLIPSE('',#1821,3.334249481283,2.);
#1821 = AXIS2_PLACEMENT_3D('',#1822,#1823,#1824);
#1822 = CARTESIAN_POINT('',(17.797159142709,2.420103429225,
    41.181449329008));
#1823 = DIRECTION('',(-0.998709026329,1.214306433184E-17,
    5.07964637509E-02));
#1824 = DIRECTION('',(-5.037343531306E-02,0.128788463125,-0.990391866273
    ));
#1825 = PCURVE('',#160,#1826);
#1826 = DEFINITIONAL_REPRESENTATION('',(#1827),#1834);
#1827 = B_SPLINE_CURVE_WITH_KNOTS('',5,(#1828,#1829,#1830,#1831,#1832,
    #1833),.UNSPECIFIED.,.F.,.F.,(6,6),(4.703880651619,6.360928893353),
  .PIECEWISE_BEZIER_KNOTS.);
#1828 = CARTESIAN_POINT('',(1.887379141863E-15,12.531228933992));
#1829 = CARTESIAN_POINT('',(0.331409648347,13.415335490327));
#1830 = CARTESIAN_POINT('',(0.662816343877,14.303593934254));
#1831 = CARTESIAN_POINT('',(0.994258444322,14.987230571195));
#1832 = CARTESIAN_POINT('',(1.325638593387,15.2823477708));
#1833 = CARTESIAN_POINT('',(1.657048241733,15.213680888599));
#1834 = ( GEOMETRIC_REPRESENTATION_CONTEXT(2) 
PARAMETRIC_REPRESENTATION_CONTEXT() REPRESENTATION_CONTEXT('2D SPACE',''
  ) );
#1835 = PCURVE('',#188,#1836);
#1836 = DEFINITIONAL_REPRESENTATION('',(#1837),#1841);
#1837 = ELLIPSE('',#1838,3.334249481283,2.);
#1838 = AXIS2_PLACEMENT_2D('',#1839,#1840);
#1839 = CARTESIAN_POINT('',(35.532099115959,-16.17989657077));
#1840 = DIRECTION('',(-0.991672088831,0.128788463125));
#1841 = ( GEOMETRIC_REPRESENTATION_CONTEXT(2) 
PARAMETRIC_REPRESENTATION_CONTEXT() REPRESENTATION_CONTEXT('2D SPACE',''
  ) );
#1842 = ORIENTED_EDGE('',*,*,#144,.F.);
#1843 = ADVANCED_FACE('',(#1844),#1266,.F.);
#1844 = FACE_BOUND('',#1845,.F.);
#1845 = EDGE_LOOP('',(#1846,#1847,#1848,#1871));
#1846 = ORIENTED_EDGE('',*,*,#1250,.T.);
#1847 = ORIENTED_EDGE('',*,*,#1680,.T.);
#1848 = ORIENTED_EDGE('',*,*,#1849,.T.);
#1849 = EDGE_CURVE('',#1681,#1850,#1852,.T.);
#1850 = VERTEX_POINT('',#1851);
#1851 = CARTESIAN_POINT('',(18.5,-18.865,52.8476));
#1852 = SURFACE_CURVE('',#1853,(#1857,#1864),.PCURVE_S1.);
#1853 = LINE('',#1854,#1855);
#1854 = CARTESIAN_POINT('',(23.67,-18.865,52.8476));
#1855 = VECTOR('',#1856,1.);
#1856 = DIRECTION('',(-1.,0.,0.));
#1857 = PCURVE('',#1266,#1858);
#1858 = DEFINITIONAL_REPRESENTATION('',(#1859),#1863);
#1859 = LINE('',#1860,#1861);
#1860 = CARTESIAN_POINT('',(0.,-37.465));
#1861 = VECTOR('',#1862,1.);
#1862 = DIRECTION('',(1.,0.));
#1863 = ( GEOMETRIC_REPRESENTATION_CONTEXT(2) 
PARAMETRIC_REPRESENTATION_CONTEXT() REPRESENTATION_CONTEXT('2D SPACE',''
  ) );
#1864 = PCURVE('',#1719,#1865);
#1865 = DEFINITIONAL_REPRESENTATION('',(#1866),#1870);
#1866 = LINE('',#1867,#1868);
#1867 = CARTESIAN_POINT('',(-9.527695002826,-23.67));
#1868 = VECTOR('',#1869,1.);
#1869 = DIRECTION('',(0.,1.));
#1870 = ( GEOMETRIC_REPRESENTATION_CONTEXT(2) 
PARAMETRIC_REPRESENTATION_CONTEXT() REPRESENTATION_CONTEXT('2D SPACE',''
  ) );
#1871 = ORIENTED_EDGE('',*,*,#1872,.F.);
#1872 = EDGE_CURVE('',#1223,#1850,#1873,.T.);
#1873 = SURFACE_CURVE('',#1874,(#1878,#1885),.PCURVE_S1.);
#1874 = LINE('',#1875,#1876);
#1875 = CARTESIAN_POINT('',(18.5,18.6,52.8476));
#1876 = VECTOR('',#1877,1.);
#1877 = DIRECTION('',(0.,-1.,2.22044604925E-16));
#1878 = PCURVE('',#1266,#1879);
#1879 = DEFINITIONAL_REPRESENTATION('',(#1880),#1884);
#1880 = LINE('',#1881,#1882);
#1881 = CARTESIAN_POINT('',(5.17,0.));
#1882 = VECTOR('',#1883,1.);
#1883 = DIRECTION('',(0.,-1.));
#1884 = ( GEOMETRIC_REPRESENTATION_CONTEXT(2) 
PARAMETRIC_REPRESENTATION_CONTEXT() REPRESENTATION_CONTEXT('2D SPACE',''
  ) );
#1885 = PCURVE('',#1238,#1886);
#1886 = DEFINITIONAL_REPRESENTATION('',(#1887),#1891);
#1887 = LINE('',#1888,#1889);
#1888 = CARTESIAN_POINT('',(-27.77054224,6.15098431654));
#1889 = VECTOR('',#1890,1.);
#1890 = DIRECTION('',(1.,-4.440892098501E-16));
#1891 = ( GEOMETRIC_REPRESENTATION_CONTEXT(2) 
PARAMETRIC_REPRESENTATION_CONTEXT() REPRESENTATION_CONTEXT('2D SPACE',''
  ) );
#1892 = ADVANCED_FACE('',(#1893),#188,.F.);
#1893 = FACE_BOUND('',#1894,.F.);
#1894 = EDGE_LOOP('',(#1895,#1918,#1919,#1920,#1921,#1944));
#1895 = ORIENTED_EDGE('',*,*,#1896,.F.);
#1896 = EDGE_CURVE('',#1791,#1897,#1899,.T.);
#1897 = VERTEX_POINT('',#1898);
#1898 = CARTESIAN_POINT('',(17.6286926874,-16.865,37.869231171942));
#1899 = SURFACE_CURVE('',#1900,(#1904,#1911),.PCURVE_S1.);
#1900 = LINE('',#1901,#1902);
#1901 = CARTESIAN_POINT('',(17.6286926874,18.6,37.869231171942));
#1902 = VECTOR('',#1903,1.);
#1903 = DIRECTION('',(0.,-1.,2.22044604925E-16));
#1904 = PCURVE('',#188,#1905);
#1905 = DEFINITIONAL_REPRESENTATION('',(#1906),#1910);
#1906 = LINE('',#1907,#1908);
#1907 = CARTESIAN_POINT('',(32.215599445136,-3.863797158822E-17));
#1908 = VECTOR('',#1909,1.);
#1909 = DIRECTION('',(0.,-1.));
#1910 = ( GEOMETRIC_REPRESENTATION_CONTEXT(2) 
PARAMETRIC_REPRESENTATION_CONTEXT() REPRESENTATION_CONTEXT('2D SPACE',''
  ) );
#1911 = PCURVE('',#1806,#1912);
#1912 = DEFINITIONAL_REPRESENTATION('',(#1913),#1917);
#1913 = LINE('',#1914,#1915);
#1914 = CARTESIAN_POINT('',(15.357373694568,2.61222838463E-15));
#1915 = VECTOR('',#1916,1.);
#1916 = DIRECTION('',(0.,-1.));
#1917 = ( GEOMETRIC_REPRESENTATION_CONTEXT(2) 
PARAMETRIC_REPRESENTATION_CONTEXT() REPRESENTATION_CONTEXT('2D SPACE',''
  ) );
#1918 = ORIENTED_EDGE('',*,*,#1818,.F.);
#1919 = ORIENTED_EDGE('',*,*,#172,.F.);
#1920 = ORIENTED_EDGE('',*,*,#200,.T.);
#1921 = ORIENTED_EDGE('',*,*,#1922,.T.);
#1922 = EDGE_CURVE('',#201,#1923,#1925,.T.);
#1923 = VERTEX_POINT('',#1924);
#1924 = CARTESIAN_POINT('',(15.992254157972,-16.865,5.695221217495));
#1925 = SURFACE_CURVE('',#1926,(#1930,#1937),.PCURVE_S1.);
#1926 = LINE('',#1927,#1928);
#1927 = CARTESIAN_POINT('',(15.992254157972,18.6,5.695221217495));
#1928 = VECTOR('',#1929,1.);
#1929 = DIRECTION('',(0.,-1.,2.22044604925E-16));
#1930 = PCURVE('',#188,#1931);
#1931 = DEFINITIONAL_REPRESENTATION('',(#1932),#1936);
#1932 = LINE('',#1933,#1934);
#1933 = CARTESIAN_POINT('',(0.,0.));
#1934 = VECTOR('',#1935,1.);
#1935 = DIRECTION('',(0.,-1.));
#1936 = ( GEOMETRIC_REPRESENTATION_CONTEXT(2) 
PARAMETRIC_REPRESENTATION_CONTEXT() REPRESENTATION_CONTEXT('2D SPACE',''
  ) );
#1937 = PCURVE('',#240,#1938);
#1938 = DEFINITIONAL_REPRESENTATION('',(#1939),#1943);
#1939 = LINE('',#1940,#1941);
#1940 = CARTESIAN_POINT('',(-6.232366973169,0.));
#1941 = VECTOR('',#1942,1.);
#1942 = DIRECTION('',(-0.,-1.));
#1943 = ( GEOMETRIC_REPRESENTATION_CONTEXT(2) 
PARAMETRIC_REPRESENTATION_CONTEXT() REPRESENTATION_CONTEXT('2D SPACE',''
  ) );
#1944 = ORIENTED_EDGE('',*,*,#1945,.T.);
#1945 = EDGE_CURVE('',#1923,#1897,#1946,.T.);
#1946 = SURFACE_CURVE('',#1947,(#1951,#1958),.PCURVE_S1.);
#1947 = LINE('',#1948,#1949);
#1948 = CARTESIAN_POINT('',(15.992254157972,-16.865,5.695221217495));
#1949 = VECTOR('',#1950,1.);
#1950 = DIRECTION('',(5.07964637509E-02,2.217579511862E-16,
    0.998709026329));
#1951 = PCURVE('',#188,#1952);
#1952 = DEFINITIONAL_REPRESENTATION('',(#1953),#1957);
#1953 = LINE('',#1954,#1955);
#1954 = CARTESIAN_POINT('',(-1.655423105605E-15,-35.465));
#1955 = VECTOR('',#1956,1.);
#1956 = DIRECTION('',(1.,0.));
#1957 = ( GEOMETRIC_REPRESENTATION_CONTEXT(2) 
PARAMETRIC_REPRESENTATION_CONTEXT() REPRESENTATION_CONTEXT('2D SPACE',''
  ) );
#1958 = PCURVE('',#1959,#1964);
#1959 = CYLINDRICAL_SURFACE('',#1960,2.);
#1960 = AXIS2_PLACEMENT_3D('',#1961,#1962,#1963);
#1961 = CARTESIAN_POINT('',(13.994836105315,-16.865,5.796814144996));
#1962 = DIRECTION('',(5.07964637509E-02,2.217579511862E-16,
    0.998709026329));
#1963 = DIRECTION('',(0.998709026329,-1.127908072516E-17,
    -5.07964637509E-02));
#1964 = DEFINITIONAL_REPRESENTATION('',(#1965),#1969);
#1965 = LINE('',#1966,#1967);
#1966 = CARTESIAN_POINT('',(-0.,0.));
#1967 = VECTOR('',#1968,1.);
#1968 = DIRECTION('',(-0.,1.));
#1969 = ( GEOMETRIC_REPRESENTATION_CONTEXT(2) 
PARAMETRIC_REPRESENTATION_CONTEXT() REPRESENTATION_CONTEXT('2D SPACE',''
  ) );
#1970 = ADVANCED_FACE('',(#1971),#1238,.T.);
#1971 = FACE_BOUND('',#1972,.T.);
#1972 = EDGE_LOOP('',(#1973,#1974,#1997,#2025,#2053,#2081,#2109,#2130));
#1973 = ORIENTED_EDGE('',*,*,#1222,.F.);
#1974 = ORIENTED_EDGE('',*,*,#1975,.T.);
#1975 = EDGE_CURVE('',#1195,#1976,#1978,.T.);
#1976 = VERTEX_POINT('',#1977);
#1977 = CARTESIAN_POINT('',(18.5,-9.0675,65.8876));
#1978 = SURFACE_CURVE('',#1979,(#1983,#1990),.PCURVE_S1.);
#1979 = LINE('',#1980,#1981);
#1980 = CARTESIAN_POINT('',(18.5,18.6,65.8876));
#1981 = VECTOR('',#1982,1.);
#1982 = DIRECTION('',(0.,-1.,2.22044604925E-16));
#1983 = PCURVE('',#1238,#1984);
#1984 = DEFINITIONAL_REPRESENTATION('',(#1985),#1989);
#1985 = LINE('',#1986,#1987);
#1986 = CARTESIAN_POINT('',(-27.77054224,-6.88901568346));
#1987 = VECTOR('',#1988,1.);
#1988 = DIRECTION('',(1.,-4.440892098501E-16));
#1989 = ( GEOMETRIC_REPRESENTATION_CONTEXT(2) 
PARAMETRIC_REPRESENTATION_CONTEXT() REPRESENTATION_CONTEXT('2D SPACE',''
  ) );
#1990 = PCURVE('',#1210,#1991);
#1991 = DEFINITIONAL_REPRESENTATION('',(#1992),#1996);
#1992 = LINE('',#1993,#1994);
#1993 = CARTESIAN_POINT('',(0.,0.));
#1994 = VECTOR('',#1995,1.);
#1995 = DIRECTION('',(0.,-1.));
#1996 = ( GEOMETRIC_REPRESENTATION_CONTEXT(2) 
PARAMETRIC_REPRESENTATION_CONTEXT() REPRESENTATION_CONTEXT('2D SPACE',''
  ) );
#1997 = ORIENTED_EDGE('',*,*,#1998,.F.);
#1998 = EDGE_CURVE('',#1999,#1976,#2001,.T.);
#1999 = VERTEX_POINT('',#2000);
#2000 = CARTESIAN_POINT('',(18.5,-9.0675,56.2376));
#2001 = SURFACE_CURVE('',#2002,(#2006,#2013),.PCURVE_S1.);
#2002 = LINE('',#2003,#2004);
#2003 = CARTESIAN_POINT('',(18.5,-9.0675,63.7438));
#2004 = VECTOR('',#2005,1.);
#2005 = DIRECTION('',(0.,0.,1.));
#2006 = PCURVE('',#1238,#2007);
#2007 = DEFINITIONAL_REPRESENTATION('',(#2008),#2012);
#2008 = LINE('',#2009,#2010);
#2009 = CARTESIAN_POINT('',(-0.103042240005,-4.74521568346));
#2010 = VECTOR('',#2011,1.);
#2011 = DIRECTION('',(-2.22044604925E-16,-1.));
#2012 = ( GEOMETRIC_REPRESENTATION_CONTEXT(2) 
PARAMETRIC_REPRESENTATION_CONTEXT() REPRESENTATION_CONTEXT('2D SPACE',''
  ) );
#2013 = PCURVE('',#2014,#2019);
#2014 = PLANE('',#2015);
#2015 = AXIS2_PLACEMENT_3D('',#2016,#2017,#2018);
#2016 = CARTESIAN_POINT('',(23.8,-9.0675,72.4876));
#2017 = DIRECTION('',(0.,-1.,0.));
#2018 = DIRECTION('',(0.,0.,-1.));
#2019 = DEFINITIONAL_REPRESENTATION('',(#2020),#2024);
#2020 = LINE('',#2021,#2022);
#2021 = CARTESIAN_POINT('',(8.7438,-5.3));
#2022 = VECTOR('',#2023,1.);
#2023 = DIRECTION('',(-1.,0.));
#2024 = ( GEOMETRIC_REPRESENTATION_CONTEXT(2) 
PARAMETRIC_REPRESENTATION_CONTEXT() REPRESENTATION_CONTEXT('2D SPACE',''
  ) );
#2025 = ORIENTED_EDGE('',*,*,#2026,.F.);
#2026 = EDGE_CURVE('',#2027,#1999,#2029,.T.);
#2027 = VERTEX_POINT('',#2028);
#2028 = CARTESIAN_POINT('',(18.5,-14.6,56.2376));
#2029 = SURFACE_CURVE('',#2030,(#2034,#2041),.PCURVE_S1.);
#2030 = LINE('',#2031,#2032);
#2031 = CARTESIAN_POINT('',(18.5,4.76625,56.2376));
#2032 = VECTOR('',#2033,1.);
#2033 = DIRECTION('',(0.,1.,0.));
#2034 = PCURVE('',#1238,#2035);
#2035 = DEFINITIONAL_REPRESENTATION('',(#2036),#2040);
#2036 = LINE('',#2037,#2038);
#2037 = CARTESIAN_POINT('',(-13.93679224,2.76098431654));
#2038 = VECTOR('',#2039,1.);
#2039 = DIRECTION('',(-1.,2.22044604925E-16));
#2040 = ( GEOMETRIC_REPRESENTATION_CONTEXT(2) 
PARAMETRIC_REPRESENTATION_CONTEXT() REPRESENTATION_CONTEXT('2D SPACE',''
  ) );
#2041 = PCURVE('',#2042,#2047);
#2042 = PLANE('',#2043);
#2043 = AXIS2_PLACEMENT_3D('',#2044,#2045,#2046);
#2044 = CARTESIAN_POINT('',(23.8,-9.0675,56.2376));
#2045 = DIRECTION('',(0.,0.,1.));
#2046 = DIRECTION('',(0.,-1.,0.));
#2047 = DEFINITIONAL_REPRESENTATION('',(#2048),#2052);
#2048 = LINE('',#2049,#2050);
#2049 = CARTESIAN_POINT('',(-13.83375,-5.3));
#2050 = VECTOR('',#2051,1.);
#2051 = DIRECTION('',(-1.,0.));
#2052 = ( GEOMETRIC_REPRESENTATION_CONTEXT(2) 
PARAMETRIC_REPRESENTATION_CONTEXT() REPRESENTATION_CONTEXT('2D SPACE',''
  ) );
#2053 = ORIENTED_EDGE('',*,*,#2054,.F.);
#2054 = EDGE_CURVE('',#2055,#2027,#2057,.T.);
#2055 = VERTEX_POINT('',#2056);
#2056 = CARTESIAN_POINT('',(18.5,-14.6,65.8876));
#2057 = SURFACE_CURVE('',#2058,(#2062,#2069),.PCURVE_S1.);
#2058 = LINE('',#2059,#2060);
#2059 = CARTESIAN_POINT('',(18.5,-14.6,55.6188));
#2060 = VECTOR('',#2061,1.);
#2061 = DIRECTION('',(0.,0.,-1.));
#2062 = PCURVE('',#1238,#2063);
#2063 = DEFINITIONAL_REPRESENTATION('',(#2064),#2068);
#2064 = LINE('',#2065,#2066);
#2065 = CARTESIAN_POINT('',(5.429457759995,3.37978431654));
#2066 = VECTOR('',#2067,1.);
#2067 = DIRECTION('',(2.22044604925E-16,1.));
#2068 = ( GEOMETRIC_REPRESENTATION_CONTEXT(2) 
PARAMETRIC_REPRESENTATION_CONTEXT() REPRESENTATION_CONTEXT('2D SPACE',''
  ) );
#2069 = PCURVE('',#2070,#2075);
#2070 = PLANE('',#2071);
#2071 = AXIS2_PLACEMENT_3D('',#2072,#2073,#2074);
#2072 = CARTESIAN_POINT('',(-1.72119678542E-16,-14.6,58.381259467709));
#2073 = DIRECTION('',(0.,1.,-4.9574564225E-19));
#2074 = DIRECTION('',(0.,-4.9574564225E-19,-1.));
#2075 = DEFINITIONAL_REPRESENTATION('',(#2076),#2080);
#2076 = LINE('',#2077,#2078);
#2077 = CARTESIAN_POINT('',(2.762459467709,-18.5));
#2078 = VECTOR('',#2079,1.);
#2079 = DIRECTION('',(1.,0.));
#2080 = ( GEOMETRIC_REPRESENTATION_CONTEXT(2) 
PARAMETRIC_REPRESENTATION_CONTEXT() REPRESENTATION_CONTEXT('2D SPACE',''
  ) );
#2081 = ORIENTED_EDGE('',*,*,#2082,.T.);
#2082 = EDGE_CURVE('',#2055,#2083,#2085,.T.);
#2083 = VERTEX_POINT('',#2084);
#2084 = CARTESIAN_POINT('',(18.5,-18.865,65.8876));
#2085 = SURFACE_CURVE('',#2086,(#2090,#2097),.PCURVE_S1.);
#2086 = LINE('',#2087,#2088);
#2087 = CARTESIAN_POINT('',(18.5,18.6,65.8876));
#2088 = VECTOR('',#2089,1.);
#2089 = DIRECTION('',(0.,-1.,2.22044604925E-16));
#2090 = PCURVE('',#1238,#2091);
#2091 = DEFINITIONAL_REPRESENTATION('',(#2092),#2096);
#2092 = LINE('',#2093,#2094);
#2093 = CARTESIAN_POINT('',(-27.77054224,-6.88901568346));
#2094 = VECTOR('',#2095,1.);
#2095 = DIRECTION('',(1.,-4.440892098501E-16));
#2096 = ( GEOMETRIC_REPRESENTATION_CONTEXT(2) 
PARAMETRIC_REPRESENTATION_CONTEXT() REPRESENTATION_CONTEXT('2D SPACE',''
  ) );
#2097 = PCURVE('',#2098,#2103);
#2098 = PLANE('',#2099);
#2099 = AXIS2_PLACEMENT_3D('',#2100,#2101,#2102);
#2100 = CARTESIAN_POINT('',(18.5,18.6,65.8876));
#2101 = DIRECTION('',(0.,2.22044604925E-16,1.));
#2102 = DIRECTION('',(1.,0.,0.));
#2103 = DEFINITIONAL_REPRESENTATION('',(#2104),#2108);
#2104 = LINE('',#2105,#2106);
#2105 = CARTESIAN_POINT('',(0.,0.));
#2106 = VECTOR('',#2107,1.);
#2107 = DIRECTION('',(0.,-1.));
#2108 = ( GEOMETRIC_REPRESENTATION_CONTEXT(2) 
PARAMETRIC_REPRESENTATION_CONTEXT() REPRESENTATION_CONTEXT('2D SPACE',''
  ) );
#2109 = ORIENTED_EDGE('',*,*,#2110,.F.);
#2110 = EDGE_CURVE('',#1850,#2083,#2111,.T.);
#2111 = SURFACE_CURVE('',#2112,(#2116,#2123),.PCURVE_S1.);
#2112 = LINE('',#2113,#2114);
#2113 = CARTESIAN_POINT('',(18.5,-18.865,52.8476));
#2114 = VECTOR('',#2115,1.);
#2115 = DIRECTION('',(0.,2.22044604925E-16,1.));
#2116 = PCURVE('',#1238,#2117);
#2117 = DEFINITIONAL_REPRESENTATION('',(#2118),#2122);
#2118 = LINE('',#2119,#2120);
#2119 = CARTESIAN_POINT('',(9.694457759995,6.15098431654));
#2120 = VECTOR('',#2121,1.);
#2121 = DIRECTION('',(-4.440892098501E-16,-1.));
#2122 = ( GEOMETRIC_REPRESENTATION_CONTEXT(2) 
PARAMETRIC_REPRESENTATION_CONTEXT() REPRESENTATION_CONTEXT('2D SPACE',''
  ) );
#2123 = PCURVE('',#1719,#2124);
#2124 = DEFINITIONAL_REPRESENTATION('',(#2125),#2129);
#2125 = LINE('',#2126,#2127);
#2126 = CARTESIAN_POINT('',(-9.527695002826,-18.5));
#2127 = VECTOR('',#2128,1.);
#2128 = DIRECTION('',(1.,0.));
#2129 = ( GEOMETRIC_REPRESENTATION_CONTEXT(2) 
PARAMETRIC_REPRESENTATION_CONTEXT() REPRESENTATION_CONTEXT('2D SPACE',''
  ) );
#2130 = ORIENTED_EDGE('',*,*,#1872,.F.);
#2131 = ADVANCED_FACE('',(#2132),#1210,.F.);
#2132 = FACE_BOUND('',#2133,.F.);
#2133 = EDGE_LOOP('',(#2134,#2157,#2158,#2159));
#2134 = ORIENTED_EDGE('',*,*,#2135,.F.);
#2135 = EDGE_CURVE('',#1167,#2136,#2138,.T.);
#2136 = VERTEX_POINT('',#2137);
#2137 = CARTESIAN_POINT('',(23.67,-9.0675,65.8876));
#2138 = SURFACE_CURVE('',#2139,(#2143,#2150),.PCURVE_S1.);
#2139 = LINE('',#2140,#2141);
#2140 = CARTESIAN_POINT('',(23.67,18.6,65.8876));
#2141 = VECTOR('',#2142,1.);
#2142 = DIRECTION('',(0.,-1.,2.22044604925E-16));
#2143 = PCURVE('',#1210,#2144);
#2144 = DEFINITIONAL_REPRESENTATION('',(#2145),#2149);
#2145 = LINE('',#2146,#2147);
#2146 = CARTESIAN_POINT('',(5.17,0.));
#2147 = VECTOR('',#2148,1.);
#2148 = DIRECTION('',(0.,-1.));
#2149 = ( GEOMETRIC_REPRESENTATION_CONTEXT(2) 
PARAMETRIC_REPRESENTATION_CONTEXT() REPRESENTATION_CONTEXT('2D SPACE',''
  ) );
#2150 = PCURVE('',#1182,#2151);
#2151 = DEFINITIONAL_REPRESENTATION('',(#2152),#2156);
#2152 = LINE('',#2153,#2154);
#2153 = CARTESIAN_POINT('',(0.,0.));
#2154 = VECTOR('',#2155,1.);
#2155 = DIRECTION('',(0.,-1.));
#2156 = ( GEOMETRIC_REPRESENTATION_CONTEXT(2) 
PARAMETRIC_REPRESENTATION_CONTEXT() REPRESENTATION_CONTEXT('2D SPACE',''
  ) );
#2157 = ORIENTED_EDGE('',*,*,#1194,.T.);
#2158 = ORIENTED_EDGE('',*,*,#1975,.T.);
#2159 = ORIENTED_EDGE('',*,*,#2160,.T.);
#2160 = EDGE_CURVE('',#1976,#2136,#2161,.T.);
#2161 = SURFACE_CURVE('',#2162,(#2166,#2173),.PCURVE_S1.);
#2162 = LINE('',#2163,#2164);
#2163 = CARTESIAN_POINT('',(21.15,-9.0675,65.8876));
#2164 = VECTOR('',#2165,1.);
#2165 = DIRECTION('',(1.,0.,0.));
#2166 = PCURVE('',#1210,#2167);
#2167 = DEFINITIONAL_REPRESENTATION('',(#2168),#2172);
#2168 = LINE('',#2169,#2170);
#2169 = CARTESIAN_POINT('',(2.65,-27.6675));
#2170 = VECTOR('',#2171,1.);
#2171 = DIRECTION('',(1.,0.));
#2172 = ( GEOMETRIC_REPRESENTATION_CONTEXT(2) 
PARAMETRIC_REPRESENTATION_CONTEXT() REPRESENTATION_CONTEXT('2D SPACE',''
  ) );
#2173 = PCURVE('',#2014,#2174);
#2174 = DEFINITIONAL_REPRESENTATION('',(#2175),#2179);
#2175 = LINE('',#2176,#2177);
#2176 = CARTESIAN_POINT('',(6.6,-2.65));
#2177 = VECTOR('',#2178,1.);
#2178 = DIRECTION('',(0.,1.));
#2179 = ( GEOMETRIC_REPRESENTATION_CONTEXT(2) 
PARAMETRIC_REPRESENTATION_CONTEXT() REPRESENTATION_CONTEXT('2D SPACE',''
  ) );
#2180 = ADVANCED_FACE('',(#2181),#240,.T.);
#2181 = FACE_BOUND('',#2182,.F.);
#2182 = EDGE_LOOP('',(#2183,#2184,#2185,#2259,#2287));
#2183 = ORIENTED_EDGE('',*,*,#1922,.F.);
#2184 = ORIENTED_EDGE('',*,*,#223,.T.);
#2185 = ORIENTED_EDGE('',*,*,#2186,.T.);
#2186 = EDGE_CURVE('',#224,#2187,#2189,.T.);
#2187 = VERTEX_POINT('',#2188);
#2188 = CARTESIAN_POINT('',(10.,11.755330728816,-1.305103883722E-15));
#2189 = SURFACE_CURVE('',#2190,(#2211,#2235),.PCURVE_S1.);
#2190 = B_SPLINE_CURVE_WITH_KNOTS('',7,(#2191,#2192,#2193,#2194,#2195,
    #2196,#2197,#2198,#2199,#2200,#2201,#2202,#2203,#2204,#2205,#2206,
    #2207,#2208,#2209,#2210),.UNSPECIFIED.,.F.,.F.,(8,6,6,8),(0.,
    0.178573506764,0.558531508148,1.),.UNSPECIFIED.);
#2191 = CARTESIAN_POINT('',(14.217092757701,9.773372891849,
    1.731964307443));
#2192 = CARTESIAN_POINT('',(14.117312474672,9.786705897441,
    1.633374993942));
#2193 = CARTESIAN_POINT('',(14.01598569225,9.80534433221,1.538636090678)
  );
#2194 = CARTESIAN_POINT('',(13.913400974188,9.828625234792,
    1.447810831397));
#2195 = CARTESIAN_POINT('',(13.809806937183,9.855978102605,
    1.360891554698));
#2196 = CARTESIAN_POINT('',(13.705406930336,9.886914175896,
    1.277821157806));
#2197 = CARTESIAN_POINT('',(13.600356105309,9.921018427922,
    1.198509454099));
#2198 = CARTESIAN_POINT('',(13.270081681655,10.036512835631,
    0.961848941843));
#2199 = CARTESIAN_POINT('',(13.042386886046,10.128047925011,
    0.816968397888));
#2200 = CARTESIAN_POINT('',(12.813129751115,10.229166005002,
    0.687593014664));
#2201 = CARTESIAN_POINT('',(12.58322382638,10.337504041048,0.57274767125
    ));
#2202 = CARTESIAN_POINT('',(12.353027042712,10.451445957255,
    0.471401116395));
#2203 = CARTESIAN_POINT('',(12.122395310837,10.569994891964,
    0.382613451873));
#2204 = CARTESIAN_POINT('',(11.621528132886,10.835147165749,
    0.216307693493));
#2205 = CARTESIAN_POINT('',(11.3515383189,10.98286071127,0.143144395941)
  );
#2206 = CARTESIAN_POINT('',(11.081283821335,11.134157395005,
    8.546606386582E-02));
#2207 = CARTESIAN_POINT('',(10.811032879068,11.2878577579,
    4.264725382512E-02));
#2208 = CARTESIAN_POINT('',(10.540831523233,11.443082245581,
    1.423370218315E-02));
#2209 = CARTESIAN_POINT('',(10.270560339859,11.599122430766,
    5.238154659451E-08));
#2210 = CARTESIAN_POINT('',(10.,11.755330728816,-1.386595121207E-15));
#2211 = PCURVE('',#240,#2212);
#2212 = DEFINITIONAL_REPRESENTATION('',(#2213),#2234);
#2213 = B_SPLINE_CURVE_WITH_KNOTS('',7,(#2214,#2215,#2216,#2217,#2218,
    #2219,#2220,#2221,#2222,#2223,#2224,#2225,#2226,#2227,#2228,#2229,
    #2230,#2231,#2232,#2233),.UNSPECIFIED.,.F.,.F.,(8,6,6,8),(0.,
    0.178573506764,0.558531508148,1.),.UNSPECIFIED.);
#2214 = CARTESIAN_POINT('',(-5.491783425267,-8.826627108151));
#2215 = CARTESIAN_POINT('',(-5.468404922785,-8.813294102559));
#2216 = CARTESIAN_POINT('',(-5.445294118115,-8.79465566779));
#2217 = CARTESIAN_POINT('',(-5.422471744035,-8.771374765208));
#2218 = CARTESIAN_POINT('',(-5.39994769745,-8.744021897395));
#2219 = CARTESIAN_POINT('',(-5.377723158537,-8.713085824104));
#2220 = CARTESIAN_POINT('',(-5.355791921219,-8.678981572078));
#2221 = CARTESIAN_POINT('',(-5.288073264472,-8.563487164369));
#2222 = CARTESIAN_POINT('',(-5.243161449154,-8.471952074989));
#2223 = CARTESIAN_POINT('',(-5.199383396802,-8.370833994998));
#2224 = CARTESIAN_POINT('',(-5.156644943249,-8.262495958952));
#2225 = CARTESIAN_POINT('',(-5.11480084433,-8.148554042745));
#2226 = CARTESIAN_POINT('',(-5.073657459667,-8.030005108036));
#2227 = CARTESIAN_POINT('',(-4.985698262178,-7.764852834251));
#2228 = CARTESIAN_POINT('',(-4.939149993356,-7.61713928873));
#2229 = CARTESIAN_POINT('',(-4.893200617038,-7.465842604996));
#2230 = CARTESIAN_POINT('',(-4.847710860342,-7.3121422421));
#2231 = CARTESIAN_POINT('',(-4.802527585023,-7.156917754418));
#2232 = CARTESIAN_POINT('',(-4.757482365803,-7.000877569234));
#2233 = CARTESIAN_POINT('',(-4.712388980385,-6.844669271184));
#2234 = ( GEOMETRIC_REPRESENTATION_CONTEXT(2) 
PARAMETRIC_REPRESENTATION_CONTEXT() REPRESENTATION_CONTEXT('2D SPACE',''
  ) );
#2235 = PCURVE('',#273,#2236);
#2236 = DEFINITIONAL_REPRESENTATION('',(#2237),#2258);
#2237 = B_SPLINE_CURVE_WITH_KNOTS('',7,(#2238,#2239,#2240,#2241,#2242,
    #2243,#2244,#2245,#2246,#2247,#2248,#2249,#2250,#2251,#2252,#2253,
    #2254,#2255,#2256,#2257),.UNSPECIFIED.,.F.,.F.,(8,6,6,8),(0.,
    0.178573506764,0.558531508148,1.),.UNSPECIFIED.);
#2238 = CARTESIAN_POINT('',(3.276014955,-129.8148159044));
#2239 = CARTESIAN_POINT('',(3.32575835098,-129.9145961874));
#2240 = CARTESIAN_POINT('',(3.373949450635,-130.0159229698));
#2241 = CARTESIAN_POINT('',(3.420713364232,-130.1185076879));
#2242 = CARTESIAN_POINT('',(3.466160676068,-130.2221017249));
#2243 = CARTESIAN_POINT('',(3.510393771892,-130.3265017317));
#2244 = CARTESIAN_POINT('',(3.553510929952,-130.4315525568));
#2245 = CARTESIAN_POINT('',(3.685180171115,-130.7618269804));
#2246 = CARTESIAN_POINT('',(3.770354480873,-130.989521776));
#2247 = CARTESIAN_POINT('',(3.85183615097,-131.2187789109));
#2248 = CARTESIAN_POINT('',(3.930203492485,-131.4486848357));
#2249 = CARTESIAN_POINT('',(4.006011724971,-131.6788816193));
#2250 = CARTESIAN_POINT('',(4.079814761647,-131.9095133512));
#2251 = CARTESIAN_POINT('',(4.236310235674,-132.4103805292));
#2252 = CARTESIAN_POINT('',(4.318316211929,-132.6803703432));
#2253 = CARTESIAN_POINT('',(4.398696221716,-132.9506248407));
#2254 = CARTESIAN_POINT('',(4.477875294511,-133.220875783));
#2255 = CARTESIAN_POINT('',(4.556264077403,-133.4910771388));
#2256 = CARTESIAN_POINT('',(4.634285020961,-133.7613483222));
#2257 = CARTESIAN_POINT('',(4.712388980385,-134.0319086621));
#2258 = ( GEOMETRIC_REPRESENTATION_CONTEXT(2) 
PARAMETRIC_REPRESENTATION_CONTEXT() REPRESENTATION_CONTEXT('2D SPACE',''
  ) );
#2259 = ORIENTED_EDGE('',*,*,#2260,.T.);
#2260 = EDGE_CURVE('',#2187,#2261,#2263,.T.);
#2261 = VERTEX_POINT('',#2262);
#2262 = CARTESIAN_POINT('',(10.,-16.865,2.91655588569E-15));
#2263 = SURFACE_CURVE('',#2264,(#2268,#2275),.PCURVE_S1.);
#2264 = LINE('',#2265,#2266);
#2265 = CARTESIAN_POINT('',(10.,18.6,-4.130029651606E-15));
#2266 = VECTOR('',#2267,1.);
#2267 = DIRECTION('',(0.,-1.,2.22044604925E-16));
#2268 = PCURVE('',#240,#2269);
#2269 = DEFINITIONAL_REPRESENTATION('',(#2270),#2274);
#2270 = LINE('',#2271,#2272);
#2271 = CARTESIAN_POINT('',(-4.712388980385,0.));
#2272 = VECTOR('',#2273,1.);
#2273 = DIRECTION('',(-0.,-1.));
#2274 = ( GEOMETRIC_REPRESENTATION_CONTEXT(2) 
PARAMETRIC_REPRESENTATION_CONTEXT() REPRESENTATION_CONTEXT('2D SPACE',''
  ) );
#2275 = PCURVE('',#2276,#2281);
#2276 = PLANE('',#2277);
#2277 = AXIS2_PLACEMENT_3D('',#2278,#2279,#2280);
#2278 = CARTESIAN_POINT('',(-4.01025352963E-16,5.999788039914,
    9.320713094947E-16));
#2279 = DIRECTION('',(0.,-9.945962849814E-17,-1.));
#2280 = DIRECTION('',(0.,1.,-9.945962849814E-17));
#2281 = DEFINITIONAL_REPRESENTATION('',(#2282),#2286);
#2282 = LINE('',#2283,#2284);
#2283 = CARTESIAN_POINT('',(12.600211960086,10.));
#2284 = VECTOR('',#2285,1.);
#2285 = DIRECTION('',(-1.,0.));
#2286 = ( GEOMETRIC_REPRESENTATION_CONTEXT(2) 
PARAMETRIC_REPRESENTATION_CONTEXT() REPRESENTATION_CONTEXT('2D SPACE',''
  ) );
#2287 = ORIENTED_EDGE('',*,*,#2288,.T.);
#2288 = EDGE_CURVE('',#2261,#1923,#2289,.T.);
#2289 = SURFACE_CURVE('',#2290,(#2295,#2302),.PCURVE_S1.);
#2290 = CIRCLE('',#2291,6.);
#2291 = AXIS2_PLACEMENT_3D('',#2292,#2293,#2294);
#2292 = CARTESIAN_POINT('',(10.,-16.865,6.));
#2293 = DIRECTION('',(1.094764425254E-47,-1.,2.2369221865E-16));
#2294 = DIRECTION('',(-2.960594732334E-16,-2.2369221865E-16,-1.));
#2295 = PCURVE('',#240,#2296);
#2296 = DEFINITIONAL_REPRESENTATION('',(#2297),#2301);
#2297 = LINE('',#2298,#2299);
#2298 = CARTESIAN_POINT('',(-4.712388980385,-35.465));
#2299 = VECTOR('',#2300,1.);
#2300 = DIRECTION('',(-1.,0.));
#2301 = ( GEOMETRIC_REPRESENTATION_CONTEXT(2) 
PARAMETRIC_REPRESENTATION_CONTEXT() REPRESENTATION_CONTEXT('2D SPACE',''
  ) );
#2302 = PCURVE('',#2303,#2308);
#2303 = TOROIDAL_SURFACE('',#2304,4.,2.);
#2304 = AXIS2_PLACEMENT_3D('',#2305,#2306,#2307);
#2305 = CARTESIAN_POINT('',(10.,-16.865,6.));
#2306 = DIRECTION('',(0.,-1.,2.2369221865E-16));
#2307 = DIRECTION('',(-2.960594732334E-16,-2.2369221865E-16,-1.));
#2308 = DEFINITIONAL_REPRESENTATION('',(#2309),#2313);
#2309 = LINE('',#2310,#2311);
#2310 = CARTESIAN_POINT('',(0.,0.));
#2311 = VECTOR('',#2312,1.);
#2312 = DIRECTION('',(1.,0.));
#2313 = ( GEOMETRIC_REPRESENTATION_CONTEXT(2) 
PARAMETRIC_REPRESENTATION_CONTEXT() REPRESENTATION_CONTEXT('2D SPACE',''
  ) );
#2314 = ADVANCED_FACE('',(#2315),#1182,.F.);
#2315 = FACE_BOUND('',#2316,.F.);
#2316 = EDGE_LOOP('',(#2317,#2347,#2369,#2370,#2371));
#2317 = ORIENTED_EDGE('',*,*,#2318,.F.);
#2318 = EDGE_CURVE('',#2319,#2321,#2323,.T.);
#2319 = VERTEX_POINT('',#2320);
#2320 = CARTESIAN_POINT('',(23.67,0.38822823343,62.6676));
#2321 = VERTEX_POINT('',#2322);
#2322 = CARTESIAN_POINT('',(23.67,-9.0675,62.6676));
#2323 = SURFACE_CURVE('',#2324,(#2328,#2335),.PCURVE_S1.);
#2324 = LINE('',#2325,#2326);
#2325 = CARTESIAN_POINT('',(23.67,18.6,62.6676));
#2326 = VECTOR('',#2327,1.);
#2327 = DIRECTION('',(0.,-1.,2.22044604925E-16));
#2328 = PCURVE('',#1182,#2329);
#2329 = DEFINITIONAL_REPRESENTATION('',(#2330),#2334);
#2330 = LINE('',#2331,#2332);
#2331 = CARTESIAN_POINT('',(3.22,7.149836278586E-16));
#2332 = VECTOR('',#2333,1.);
#2333 = DIRECTION('',(0.,-1.));
#2334 = ( GEOMETRIC_REPRESENTATION_CONTEXT(2) 
PARAMETRIC_REPRESENTATION_CONTEXT() REPRESENTATION_CONTEXT('2D SPACE',''
  ) );
#2335 = PCURVE('',#2336,#2341);
#2336 = PLANE('',#2337);
#2337 = AXIS2_PLACEMENT_3D('',#2338,#2339,#2340);
#2338 = CARTESIAN_POINT('',(23.67,18.6,62.6676));
#2339 = DIRECTION('',(0.,2.22044604925E-16,1.));
#2340 = DIRECTION('',(1.,0.,0.));
#2341 = DEFINITIONAL_REPRESENTATION('',(#2342),#2346);
#2342 = LINE('',#2343,#2344);
#2343 = CARTESIAN_POINT('',(0.,0.));
#2344 = VECTOR('',#2345,1.);
#2345 = DIRECTION('',(0.,-1.));
#2346 = ( GEOMETRIC_REPRESENTATION_CONTEXT(2) 
PARAMETRIC_REPRESENTATION_CONTEXT() REPRESENTATION_CONTEXT('2D SPACE',''
  ) );
#2347 = ORIENTED_EDGE('',*,*,#2348,.T.);
#2348 = EDGE_CURVE('',#2319,#1139,#2349,.T.);
#2349 = SURFACE_CURVE('',#2350,(#2355,#2362),.PCURVE_S1.);
#2350 = CIRCLE('',#2351,1.);
#2351 = AXIS2_PLACEMENT_3D('',#2352,#2353,#2354);
#2352 = CARTESIAN_POINT('',(23.67,0.38822823343,63.6676));
#2353 = DIRECTION('',(1.,0.,0.));
#2354 = DIRECTION('',(0.,-1.,-2.22044604925E-16));
#2355 = PCURVE('',#1182,#2356);
#2356 = DEFINITIONAL_REPRESENTATION('',(#2357),#2361);
#2357 = CIRCLE('',#2358,1.);
#2358 = AXIS2_PLACEMENT_2D('',#2359,#2360);
#2359 = CARTESIAN_POINT('',(2.22,-18.21177176657));
#2360 = DIRECTION('',(4.440892098501E-16,-1.));
#2361 = ( GEOMETRIC_REPRESENTATION_CONTEXT(2) 
PARAMETRIC_REPRESENTATION_CONTEXT() REPRESENTATION_CONTEXT('2D SPACE',''
  ) );
#2362 = PCURVE('',#1154,#2363);
#2363 = DEFINITIONAL_REPRESENTATION('',(#2364),#2368);
#2364 = LINE('',#2365,#2366);
#2365 = CARTESIAN_POINT('',(-1.570796326795,0.));
#2366 = VECTOR('',#2367,1.);
#2367 = DIRECTION('',(1.,0.));
#2368 = ( GEOMETRIC_REPRESENTATION_CONTEXT(2) 
PARAMETRIC_REPRESENTATION_CONTEXT() REPRESENTATION_CONTEXT('2D SPACE',''
  ) );
#2369 = ORIENTED_EDGE('',*,*,#1166,.T.);
#2370 = ORIENTED_EDGE('',*,*,#2135,.T.);
#2371 = ORIENTED_EDGE('',*,*,#2372,.T.);
#2372 = EDGE_CURVE('',#2136,#2321,#2373,.T.);
#2373 = SURFACE_CURVE('',#2374,(#2378,#2385),.PCURVE_S1.);
#2374 = LINE('',#2375,#2376);
#2375 = CARTESIAN_POINT('',(23.67,-9.0675,69.1876));
#2376 = VECTOR('',#2377,1.);
#2377 = DIRECTION('',(0.,0.,-1.));
#2378 = PCURVE('',#1182,#2379);
#2379 = DEFINITIONAL_REPRESENTATION('',(#2380),#2384);
#2380 = LINE('',#2381,#2382);
#2381 = CARTESIAN_POINT('',(-3.3,-27.6675));
#2382 = VECTOR('',#2383,1.);
#2383 = DIRECTION('',(1.,2.22044604925E-16));
#2384 = ( GEOMETRIC_REPRESENTATION_CONTEXT(2) 
PARAMETRIC_REPRESENTATION_CONTEXT() REPRESENTATION_CONTEXT('2D SPACE',''
  ) );
#2385 = PCURVE('',#2014,#2386);
#2386 = DEFINITIONAL_REPRESENTATION('',(#2387),#2391);
#2387 = LINE('',#2388,#2389);
#2388 = CARTESIAN_POINT('',(3.3,-0.13));
#2389 = VECTOR('',#2390,1.);
#2390 = DIRECTION('',(1.,0.));
#2391 = ( GEOMETRIC_REPRESENTATION_CONTEXT(2) 
PARAMETRIC_REPRESENTATION_CONTEXT() REPRESENTATION_CONTEXT('2D SPACE',''
  ) );
#2392 = ADVANCED_FACE('',(#2393),#273,.F.);
#2393 = FACE_BOUND('',#2394,.F.);
#2394 = EDGE_LOOP('',(#2395,#2396,#2397,#2421));
#2395 = ORIENTED_EDGE('',*,*,#2186,.F.);
#2396 = ORIENTED_EDGE('',*,*,#257,.T.);
#2397 = ORIENTED_EDGE('',*,*,#2398,.T.);
#2398 = EDGE_CURVE('',#258,#2399,#2401,.T.);
#2399 = VERTEX_POINT('',#2400);
#2400 = CARTESIAN_POINT('',(8.,11.755330728816,0.));
#2401 = SURFACE_CURVE('',#2402,(#2407,#2414),.PCURVE_S1.);
#2402 = CIRCLE('',#2403,2.);
#2403 = AXIS2_PLACEMENT_3D('',#2404,#2405,#2406);
#2404 = CARTESIAN_POINT('',(8.,11.755330728816,2.));
#2405 = DIRECTION('',(1.,0.,0.));
#2406 = DIRECTION('',(0.,1.,0.));
#2407 = PCURVE('',#273,#2408);
#2408 = DEFINITIONAL_REPRESENTATION('',(#2409),#2413);
#2409 = LINE('',#2410,#2411);
#2410 = CARTESIAN_POINT('',(0.,-136.0319086621));
#2411 = VECTOR('',#2412,1.);
#2412 = DIRECTION('',(1.,0.));
#2413 = ( GEOMETRIC_REPRESENTATION_CONTEXT(2) 
PARAMETRIC_REPRESENTATION_CONTEXT() REPRESENTATION_CONTEXT('2D SPACE',''
  ) );
#2414 = PCURVE('',#301,#2415);
#2415 = DEFINITIONAL_REPRESENTATION('',(#2416),#2420);
#2416 = CIRCLE('',#2417,2.);
#2417 = AXIS2_PLACEMENT_2D('',#2418,#2419);
#2418 = CARTESIAN_POINT('',(-6.355129101009,7.680087427748));
#2419 = DIRECTION('',(0.,-1.));
#2420 = ( GEOMETRIC_REPRESENTATION_CONTEXT(2) 
PARAMETRIC_REPRESENTATION_CONTEXT() REPRESENTATION_CONTEXT('2D SPACE',''
  ) );
#2421 = ORIENTED_EDGE('',*,*,#2422,.F.);
#2422 = EDGE_CURVE('',#2187,#2399,#2423,.T.);
#2423 = SURFACE_CURVE('',#2424,(#2428,#2435),.PCURVE_S1.);
#2424 = LINE('',#2425,#2426);
#2425 = CARTESIAN_POINT('',(144.0319086621,11.755330728816,0.));
#2426 = VECTOR('',#2427,1.);
#2427 = DIRECTION('',(-1.,0.,0.));
#2428 = PCURVE('',#273,#2429);
#2429 = DEFINITIONAL_REPRESENTATION('',(#2430),#2434);
#2430 = LINE('',#2431,#2432);
#2431 = CARTESIAN_POINT('',(4.712388980385,0.));
#2432 = VECTOR('',#2433,1.);
#2433 = DIRECTION('',(0.,-1.));
#2434 = ( GEOMETRIC_REPRESENTATION_CONTEXT(2) 
PARAMETRIC_REPRESENTATION_CONTEXT() REPRESENTATION_CONTEXT('2D SPACE',''
  ) );
#2435 = PCURVE('',#2276,#2436);
#2436 = DEFINITIONAL_REPRESENTATION('',(#2437),#2441);
#2437 = LINE('',#2438,#2439);
#2438 = CARTESIAN_POINT('',(5.755542688902,144.0319086621));
#2439 = VECTOR('',#2440,1.);
#2440 = DIRECTION('',(0.,-1.));
#2441 = ( GEOMETRIC_REPRESENTATION_CONTEXT(2) 
PARAMETRIC_REPRESENTATION_CONTEXT() REPRESENTATION_CONTEXT('2D SPACE',''
  ) );
#2442 = ADVANCED_FACE('',(#2443),#1154,.T.);
#2443 = FACE_BOUND('',#2444,.T.);
#2444 = EDGE_LOOP('',(#2445,#2446,#2447,#2561));
#2445 = ORIENTED_EDGE('',*,*,#2348,.T.);
#2446 = ORIENTED_EDGE('',*,*,#1138,.T.);
#2447 = ORIENTED_EDGE('',*,*,#2448,.F.);
#2448 = EDGE_CURVE('',#2449,#1111,#2451,.T.);
#2449 = VERTEX_POINT('',#2450);
#2450 = CARTESIAN_POINT('',(26.67,0.38822823343,62.6676));
#2451 = SURFACE_CURVE('',#2452,(#2457,#2464),.PCURVE_S1.);
#2452 = CIRCLE('',#2453,1.);
#2453 = AXIS2_PLACEMENT_3D('',#2454,#2455,#2456);
#2454 = CARTESIAN_POINT('',(26.67,0.38822823343,63.6676));
#2455 = DIRECTION('',(1.,0.,0.));
#2456 = DIRECTION('',(0.,-2.22044604925E-16,-1.));
#2457 = PCURVE('',#1154,#2458);
#2458 = DEFINITIONAL_REPRESENTATION('',(#2459),#2463);
#2459 = LINE('',#2460,#2461);
#2460 = CARTESIAN_POINT('',(0.,3.));
#2461 = VECTOR('',#2462,1.);
#2462 = DIRECTION('',(1.,0.));
#2463 = ( GEOMETRIC_REPRESENTATION_CONTEXT(2) 
PARAMETRIC_REPRESENTATION_CONTEXT() REPRESENTATION_CONTEXT('2D SPACE',''
  ) );
#2464 = PCURVE('',#2465,#2514);
#2465 = ( BOUNDED_SURFACE() B_SPLINE_SURFACE(2,8,(
    (#2466,#2467,#2468,#2469,#2470,#2471,#2472,#2473,#2474,#2475,#2476
      ,#2477,#2478,#2479,#2480,#2481)
    ,(#2482,#2483,#2484,#2485,#2486,#2487,#2488,#2489,#2490,#2491,#2492
      ,#2493,#2494,#2495,#2496,#2497)
    ,(#2498,#2499,#2500,#2501,#2502,#2503,#2504,#2505,#2506,#2507,#2508
      ,#2509,#2510,#2511,#2512,#2513
)),.UNSPECIFIED.,.F.,.F.,.F.) B_SPLINE_SURFACE_WITH_KNOTS((3,3),(9,7,9),
  (0.,3.291145965521),(3.000000000004,6.156491912282,6.291145965525),
.UNSPECIFIED.) GEOMETRIC_REPRESENTATION_ITEM() RATIONAL_B_SPLINE_SURFACE
((
    (1.,1.,1.,1.,1.,1.,1.,1.,1.,1.,1.,1.,1.,1.,1.,1.)
    ,(0.6580205748,0.6580205748,0.659915920142,0.663714286617
      ,0.669304932857,0.676620959293,0.685133946287,0.694460742072
      ,0.704291866193,0.704698018422,0.705100463686,0.70550254242
      ,0.705904667148,0.706305492307,0.706706303757,0.707106781187)
    ,(1.,1.,1.,1.,1.,1.,1.,1.,1.,1.,1.,1.,1.,1.,1.,1.
))) REPRESENTATION_ITEM('') SURFACE() );
#2466 = CARTESIAN_POINT('',(26.670000000002,0.38822823343,62.6676));
#2467 = CARTESIAN_POINT('',(26.835962078011,0.388228233429,62.6676));
#2468 = CARTESIAN_POINT('',(27.001958313548,0.357124905959,62.6676));
#2469 = CARTESIAN_POINT('',(27.163810424475,0.293924612205,62.6676));
#2470 = CARTESIAN_POINT('',(27.317878850961,0.200859916744,62.6676));
#2471 = CARTESIAN_POINT('',(27.457532804322,6.678409460485E-02,62.6676)
  );
#2472 = CARTESIAN_POINT('',(27.565188604545,-9.467641764917E-02,62.6676)
  );
#2473 = CARTESIAN_POINT('',(27.639669344625,-0.280920998821,62.6676));
#2474 = CARTESIAN_POINT('',(27.666573792465,-0.498539262517,62.6676));
#2475 = CARTESIAN_POINT('',(27.667606635885,-0.519406644267,62.6676));
#2476 = CARTESIAN_POINT('',(27.668364330085,-0.536507896926,62.6676));
#2477 = CARTESIAN_POINT('',(27.669017116465,-0.553031785184,62.6676));
#2478 = CARTESIAN_POINT('',(27.66953410652,-0.570321877138,62.6676));
#2479 = CARTESIAN_POINT('',(27.669830207476,-0.587015063123,62.6676));
#2480 = CARTESIAN_POINT('',(27.67,-0.603970239087,62.6676));
#2481 = CARTESIAN_POINT('',(27.67,-0.620874968816,62.6676));
#2482 = CARTESIAN_POINT('',(26.670000000004,1.532569273514,62.6676));
#2483 = CARTESIAN_POINT('',(27.062697283979,1.532569273513,62.6676));
#2484 = CARTESIAN_POINT('',(27.45317074279,1.444473721303,62.6676));
#2485 = CARTESIAN_POINT('',(27.819918997313,1.26947204864,62.6676));
#2486 = CARTESIAN_POINT('',(28.143227682862,1.015525397317,62.6676));
#2487 = CARTESIAN_POINT('',(28.403065561027,0.691359890831,62.6676));
#2488 = CARTESIAN_POINT('',(28.583913319492,0.318722390365,62.6676));
#2489 = CARTESIAN_POINT('',(28.674827081873,-8.309173871708E-02,62.6676)
  );
#2490 = CARTESIAN_POINT('',(28.674575213295,-0.502550749768,62.6676));
#2491 = CARTESIAN_POINT('',(28.67439660541,-0.519429527275,62.6676));
#2492 = CARTESIAN_POINT('',(28.674063998397,-0.536329399944,62.6676));
#2493 = CARTESIAN_POINT('',(28.673571395563,-0.553235115803,62.6676));
#2494 = CARTESIAN_POINT('',(28.672917997556,-0.57013959763,62.6676));
#2495 = CARTESIAN_POINT('',(28.672106150285,-0.587049228371,62.6676));
#2496 = CARTESIAN_POINT('',(28.671133363117,-0.603960659488,62.6676));
#2497 = CARTESIAN_POINT('',(28.67,-0.620874968816,62.6676));
#2498 = CARTESIAN_POINT('',(26.67,1.379207151913,63.801617846279));
#2499 = CARTESIAN_POINT('',(27.032310720019,1.379207151913,
    63.801617846279));
#2500 = CARTESIAN_POINT('',(27.394670761503,1.304230051466,
    63.796629567702));
#2501 = CARTESIAN_POINT('',(27.741131459353,1.153937682634,
    63.786629695064));
#2502 = CARTESIAN_POINT('',(28.057111432067,0.93200301217,
    63.771839506038));
#2503 = CARTESIAN_POINT('',(28.323651801012,0.639819511272,
    63.752254717158));
#2504 = CARTESIAN_POINT('',(28.522583566607,0.294153180438,
    63.729079457924));
#2505 = CARTESIAN_POINT('',(28.638636410101,-9.033748343311E-02,
    63.703226363496));
#2506 = CARTESIAN_POINT('',(28.666566626315,-0.502519369157,
    63.675546258009));
#2507 = CARTESIAN_POINT('',(28.667550605586,-0.519456206045,
    63.674401971459));
#2508 = CARTESIAN_POINT('',(28.668366563718,-0.536350268946,
    63.673267365503));
#2509 = CARTESIAN_POINT('',(28.669019832569,-0.553252118969,
    63.672133060609));
#2510 = CARTESIAN_POINT('',(28.669510576681,-0.570164604571,
    63.670997895835));
#2511 = CARTESIAN_POINT('',(28.669836562433,-0.58706419182,
    63.669865652235));
#2512 = CARTESIAN_POINT('',(28.67,-0.603970239087,63.668732721225));
#2513 = CARTESIAN_POINT('',(28.67,-0.620874968816,63.6676));
#2514 = DEFINITIONAL_REPRESENTATION('',(#2515),#2560);
#2515 = B_SPLINE_CURVE_WITH_KNOTS('',8,(#2516,#2517,#2518,#2519,#2520,
    #2521,#2522,#2523,#2524,#2525,#2526,#2527,#2528,#2529,#2530,#2531,
    #2532,#2533,#2534,#2535,#2536,#2537,#2538,#2539,#2540,#2541,#2542,
    #2543,#2544,#2545,#2546,#2547,#2548,#2549,#2550,#2551,#2552,#2553,
    #2554,#2555,#2556,#2557,#2558,#2559),.UNSPECIFIED.,.F.,.F.,(9,7,7,7,
    7,7,9),(0.,0.213152328526,0.426304657051,0.852609314102,
    1.278913971154,1.492066299679,1.705218628205),.UNSPECIFIED.);
#2516 = CARTESIAN_POINT('',(-2.22044604925E-16,3.000000000004));
#2517 = CARTESIAN_POINT('',(5.822671593752E-02,3.000000000004));
#2518 = CARTESIAN_POINT('',(0.115648656641,3.000000000004));
#2519 = CARTESIAN_POINT('',(0.172314602146,3.000000000004));
#2520 = CARTESIAN_POINT('',(0.228277039723,3.000000000004));
#2521 = CARTESIAN_POINT('',(0.283575204713,3.000000000004));
#2522 = CARTESIAN_POINT('',(0.338256009162,3.000000000004));
#2523 = CARTESIAN_POINT('',(0.392357929921,3.000000000004));
#2524 = CARTESIAN_POINT('',(0.499481754645,3.000000000004));
#2525 = CARTESIAN_POINT('',(0.552503704133,3.000000000004));
#2526 = CARTESIAN_POINT('',(0.605024138585,3.000000000004));
#2527 = CARTESIAN_POINT('',(0.657079659511,3.000000000004));
#2528 = CARTESIAN_POINT('',(0.708705219004,3.000000000004));
#2529 = CARTESIAN_POINT('',(0.759934316655,3.000000000004));
#2530 = CARTESIAN_POINT('',(0.810799196467,3.000000000004));
#2531 = CARTESIAN_POINT('',(0.962394738375,3.000000000004));
#2532 = CARTESIAN_POINT('',(1.062126288299,3.000000000004));
#2533 = CARTESIAN_POINT('',(1.160775004067,3.000000000004));
#2534 = CARTESIAN_POINT('',(1.258573132949,3.000000000005));
#2535 = CARTESIAN_POINT('',(1.355740858323,3.000000000004));
#2536 = CARTESIAN_POINT('',(1.452490781443,3.000000000004));
#2537 = CARTESIAN_POINT('',(1.549031885614,3.000000000004));
#2538 = CARTESIAN_POINT('',(1.742114079907,3.000000000004));
#2539 = CARTESIAN_POINT('',(1.838655184077,3.000000000004));
#2540 = CARTESIAN_POINT('',(1.935405107198,3.000000000004));
#2541 = CARTESIAN_POINT('',(2.032572832572,3.000000000005));
#2542 = CARTESIAN_POINT('',(2.130370961454,3.000000000004));
#2543 = CARTESIAN_POINT('',(2.229019677222,3.000000000004));
#2544 = CARTESIAN_POINT('',(2.328751227146,3.000000000004));
#2545 = CARTESIAN_POINT('',(2.480346769054,3.000000000004));
#2546 = CARTESIAN_POINT('',(2.531211648866,3.000000000004));
#2547 = CARTESIAN_POINT('',(2.582440746516,3.000000000004));
#2548 = CARTESIAN_POINT('',(2.63406630601,3.000000000005));
#2549 = CARTESIAN_POINT('',(2.686121826935,3.000000000004));
#2550 = CARTESIAN_POINT('',(2.738642261388,3.000000000004));
#2551 = CARTESIAN_POINT('',(2.791664210876,3.000000000004));
#2552 = CARTESIAN_POINT('',(2.8987880356,3.000000000004));
#2553 = CARTESIAN_POINT('',(2.952889956359,3.000000000005));
#2554 = CARTESIAN_POINT('',(3.007570760808,3.000000000004));
#2555 = CARTESIAN_POINT('',(3.062868925798,3.000000000005));
#2556 = CARTESIAN_POINT('',(3.118831363375,3.000000000004));
#2557 = CARTESIAN_POINT('',(3.17549730888,3.000000000005));
#2558 = CARTESIAN_POINT('',(3.232919249583,3.000000000004));
#2559 = CARTESIAN_POINT('',(3.291145965521,3.000000000004));
#2560 = ( GEOMETRIC_REPRESENTATION_CONTEXT(2) 
PARAMETRIC_REPRESENTATION_CONTEXT() REPRESENTATION_CONTEXT('2D SPACE',''
  ) );
#2561 = ORIENTED_EDGE('',*,*,#2562,.F.);
#2562 = EDGE_CURVE('',#2319,#2449,#2563,.T.);
#2563 = SURFACE_CURVE('',#2564,(#2568,#2575),.PCURVE_S1.);
#2564 = LINE('',#2565,#2566);
#2565 = CARTESIAN_POINT('',(23.67,0.38822823343,62.6676));
#2566 = VECTOR('',#2567,1.);
#2567 = DIRECTION('',(1.,0.,0.));
#2568 = PCURVE('',#1154,#2569);
#2569 = DEFINITIONAL_REPRESENTATION('',(#2570),#2574);
#2570 = LINE('',#2571,#2572);
#2571 = CARTESIAN_POINT('',(0.,0.));
#2572 = VECTOR('',#2573,1.);
#2573 = DIRECTION('',(0.,1.));
#2574 = ( GEOMETRIC_REPRESENTATION_CONTEXT(2) 
PARAMETRIC_REPRESENTATION_CONTEXT() REPRESENTATION_CONTEXT('2D SPACE',''
  ) );
#2575 = PCURVE('',#2336,#2576);
#2576 = DEFINITIONAL_REPRESENTATION('',(#2577),#2581);
#2577 = LINE('',#2578,#2579);
#2578 = CARTESIAN_POINT('',(0.,-18.21177176657));
#2579 = VECTOR('',#2580,1.);
#2580 = DIRECTION('',(1.,0.));
#2581 = ( GEOMETRIC_REPRESENTATION_CONTEXT(2) 
PARAMETRIC_REPRESENTATION_CONTEXT() REPRESENTATION_CONTEXT('2D SPACE',''
  ) );
#2582 = ADVANCED_FACE('',(#2583,#2773),#301,.T.);
#2583 = FACE_BOUND('',#2584,.T.);
#2584 = EDGE_LOOP('',(#2585,#2586,#2609,#2637,#2665,#2693,#2722,#2750,
    #2772));
#2585 = ORIENTED_EDGE('',*,*,#2398,.T.);
#2586 = ORIENTED_EDGE('',*,*,#2587,.T.);
#2587 = EDGE_CURVE('',#2399,#2588,#2590,.T.);
#2588 = VERTEX_POINT('',#2589);
#2589 = CARTESIAN_POINT('',(8.,32.0076,0.));
#2590 = SURFACE_CURVE('',#2591,(#2595,#2602),.PCURVE_S1.);
#2591 = LINE('',#2592,#2593);
#2592 = CARTESIAN_POINT('',(8.,10.0076,0.));
#2593 = VECTOR('',#2594,1.);
#2594 = DIRECTION('',(0.,1.,0.));
#2595 = PCURVE('',#301,#2596);
#2596 = DEFINITIONAL_REPRESENTATION('',(#2597),#2601);
#2597 = LINE('',#2598,#2599);
#2598 = CARTESIAN_POINT('',(-8.355129101009,9.427818156564));
#2599 = VECTOR('',#2600,1.);
#2600 = DIRECTION('',(0.,-1.));
#2601 = ( GEOMETRIC_REPRESENTATION_CONTEXT(2) 
PARAMETRIC_REPRESENTATION_CONTEXT() REPRESENTATION_CONTEXT('2D SPACE',''
  ) );
#2602 = PCURVE('',#2276,#2603);
#2603 = DEFINITIONAL_REPRESENTATION('',(#2604),#2608);
#2604 = LINE('',#2605,#2606);
#2605 = CARTESIAN_POINT('',(4.007811960086,8.));
#2606 = VECTOR('',#2607,1.);
#2607 = DIRECTION('',(1.,0.));
#2608 = ( GEOMETRIC_REPRESENTATION_CONTEXT(2) 
PARAMETRIC_REPRESENTATION_CONTEXT() REPRESENTATION_CONTEXT('2D SPACE',''
  ) );
#2609 = ORIENTED_EDGE('',*,*,#2610,.T.);
#2610 = EDGE_CURVE('',#2588,#2611,#2613,.T.);
#2611 = VERTEX_POINT('',#2612);
#2612 = CARTESIAN_POINT('',(8.,32.0076,3.));
#2613 = SURFACE_CURVE('',#2614,(#2618,#2625),.PCURVE_S1.);
#2614 = LINE('',#2615,#2616);
#2615 = CARTESIAN_POINT('',(8.,32.0076,0.));
#2616 = VECTOR('',#2617,1.);
#2617 = DIRECTION('',(0.,0.,1.));
#2618 = PCURVE('',#301,#2619);
#2619 = DEFINITIONAL_REPRESENTATION('',(#2620),#2624);
#2620 = LINE('',#2621,#2622);
#2621 = CARTESIAN_POINT('',(-8.355129101009,-12.57218184343));
#2622 = VECTOR('',#2623,1.);
#2623 = DIRECTION('',(1.,0.));
#2624 = ( GEOMETRIC_REPRESENTATION_CONTEXT(2) 
PARAMETRIC_REPRESENTATION_CONTEXT() REPRESENTATION_CONTEXT('2D SPACE',''
  ) );
#2625 = PCURVE('',#2626,#2631);
#2626 = PLANE('',#2627);
#2627 = AXIS2_PLACEMENT_3D('',#2628,#2629,#2630);
#2628 = CARTESIAN_POINT('',(-8.,32.0076,0.));
#2629 = DIRECTION('',(0.,-1.,0.));
#2630 = DIRECTION('',(0.,0.,1.));
#2631 = DEFINITIONAL_REPRESENTATION('',(#2632),#2636);
#2632 = LINE('',#2633,#2634);
#2633 = CARTESIAN_POINT('',(0.,-16.));
#2634 = VECTOR('',#2635,1.);
#2635 = DIRECTION('',(1.,0.));
#2636 = ( GEOMETRIC_REPRESENTATION_CONTEXT(2) 
PARAMETRIC_REPRESENTATION_CONTEXT() REPRESENTATION_CONTEXT('2D SPACE',''
  ) );
#2637 = ORIENTED_EDGE('',*,*,#2638,.T.);
#2638 = EDGE_CURVE('',#2611,#2639,#2641,.T.);
#2639 = VERTEX_POINT('',#2640);
#2640 = CARTESIAN_POINT('',(8.,35.0076,3.));
#2641 = SURFACE_CURVE('',#2642,(#2646,#2653),.PCURVE_S1.);
#2642 = LINE('',#2643,#2644);
#2643 = CARTESIAN_POINT('',(8.,32.0076,3.));
#2644 = VECTOR('',#2645,1.);
#2645 = DIRECTION('',(0.,1.,0.));
#2646 = PCURVE('',#301,#2647);
#2647 = DEFINITIONAL_REPRESENTATION('',(#2648),#2652);
#2648 = LINE('',#2649,#2650);
#2649 = CARTESIAN_POINT('',(-5.355129101009,-12.57218184343));
#2650 = VECTOR('',#2651,1.);
#2651 = DIRECTION('',(0.,-1.));
#2652 = ( GEOMETRIC_REPRESENTATION_CONTEXT(2) 
PARAMETRIC_REPRESENTATION_CONTEXT() REPRESENTATION_CONTEXT('2D SPACE',''
  ) );
#2653 = PCURVE('',#2654,#2659);
#2654 = PLANE('',#2655);
#2655 = AXIS2_PLACEMENT_3D('',#2656,#2657,#2658);
#2656 = CARTESIAN_POINT('',(-8.,32.0076,3.));
#2657 = DIRECTION('',(0.,0.,1.));
#2658 = DIRECTION('',(0.,1.,0.));
#2659 = DEFINITIONAL_REPRESENTATION('',(#2660),#2664);
#2660 = LINE('',#2661,#2662);
#2661 = CARTESIAN_POINT('',(0.,-16.));
#2662 = VECTOR('',#2663,1.);
#2663 = DIRECTION('',(1.,0.));
#2664 = ( GEOMETRIC_REPRESENTATION_CONTEXT(2) 
PARAMETRIC_REPRESENTATION_CONTEXT() REPRESENTATION_CONTEXT('2D SPACE',''
  ) );
#2665 = ORIENTED_EDGE('',*,*,#2666,.T.);
#2666 = EDGE_CURVE('',#2639,#2667,#2669,.T.);
#2667 = VERTEX_POINT('',#2668);
#2668 = CARTESIAN_POINT('',(8.,35.0076,4.));
#2669 = SURFACE_CURVE('',#2670,(#2674,#2681),.PCURVE_S1.);
#2670 = LINE('',#2671,#2672);
#2671 = CARTESIAN_POINT('',(8.,35.0076,3.));
#2672 = VECTOR('',#2673,1.);
#2673 = DIRECTION('',(0.,0.,1.));
#2674 = PCURVE('',#301,#2675);
#2675 = DEFINITIONAL_REPRESENTATION('',(#2676),#2680);
#2676 = LINE('',#2677,#2678);
#2677 = CARTESIAN_POINT('',(-5.355129101009,-15.57218184343));
#2678 = VECTOR('',#2679,1.);
#2679 = DIRECTION('',(1.,0.));
#2680 = ( GEOMETRIC_REPRESENTATION_CONTEXT(2) 
PARAMETRIC_REPRESENTATION_CONTEXT() REPRESENTATION_CONTEXT('2D SPACE',''
  ) );
#2681 = PCURVE('',#2682,#2687);
#2682 = PLANE('',#2683);
#2683 = AXIS2_PLACEMENT_3D('',#2684,#2685,#2686);
#2684 = CARTESIAN_POINT('',(-8.,35.0076,3.));
#2685 = DIRECTION('',(0.,-1.,0.));
#2686 = DIRECTION('',(0.,0.,1.));
#2687 = DEFINITIONAL_REPRESENTATION('',(#2688),#2692);
#2688 = LINE('',#2689,#2690);
#2689 = CARTESIAN_POINT('',(0.,-16.));
#2690 = VECTOR('',#2691,1.);
#2691 = DIRECTION('',(1.,0.));
#2692 = ( GEOMETRIC_REPRESENTATION_CONTEXT(2) 
PARAMETRIC_REPRESENTATION_CONTEXT() REPRESENTATION_CONTEXT('2D SPACE',''
  ) );
#2693 = ORIENTED_EDGE('',*,*,#2694,.T.);
#2694 = EDGE_CURVE('',#2667,#2695,#2697,.T.);
#2695 = VERTEX_POINT('',#2696);
#2696 = CARTESIAN_POINT('',(8.,28.0076,11.));
#2697 = SURFACE_CURVE('',#2698,(#2703,#2710),.PCURVE_S1.);
#2698 = CIRCLE('',#2699,7.);
#2699 = AXIS2_PLACEMENT_3D('',#2700,#2701,#2702);
#2700 = CARTESIAN_POINT('',(8.,28.0076,4.));
#2701 = DIRECTION('',(1.,0.,0.));
#2702 = DIRECTION('',(0.,1.,0.));
#2703 = PCURVE('',#301,#2704);
#2704 = DEFINITIONAL_REPRESENTATION('',(#2705),#2709);
#2705 = CIRCLE('',#2706,7.);
#2706 = AXIS2_PLACEMENT_2D('',#2707,#2708);
#2707 = CARTESIAN_POINT('',(-4.355129101009,-8.572181843436));
#2708 = DIRECTION('',(0.,-1.));
#2709 = ( GEOMETRIC_REPRESENTATION_CONTEXT(2) 
PARAMETRIC_REPRESENTATION_CONTEXT() REPRESENTATION_CONTEXT('2D SPACE',''
  ) );
#2710 = PCURVE('',#2711,#2716);
#2711 = CYLINDRICAL_SURFACE('',#2712,7.);
#2712 = AXIS2_PLACEMENT_3D('',#2713,#2714,#2715);
#2713 = CARTESIAN_POINT('',(-8.,28.0076,4.));
#2714 = DIRECTION('',(-1.,0.,0.));
#2715 = DIRECTION('',(0.,1.,0.));
#2716 = DEFINITIONAL_REPRESENTATION('',(#2717),#2721);
#2717 = LINE('',#2718,#2719);
#2718 = CARTESIAN_POINT('',(-0.,-16.));
#2719 = VECTOR('',#2720,1.);
#2720 = DIRECTION('',(-1.,0.));
#2721 = ( GEOMETRIC_REPRESENTATION_CONTEXT(2) 
PARAMETRIC_REPRESENTATION_CONTEXT() REPRESENTATION_CONTEXT('2D SPACE',''
  ) );
#2722 = ORIENTED_EDGE('',*,*,#2723,.F.);
#2723 = EDGE_CURVE('',#2724,#2695,#2726,.T.);
#2724 = VERTEX_POINT('',#2725);
#2725 = CARTESIAN_POINT('',(8.,21.627964249906,11.));
#2726 = SURFACE_CURVE('',#2727,(#2731,#2738),.PCURVE_S1.);
#2727 = LINE('',#2728,#2729);
#2728 = CARTESIAN_POINT('',(8.,21.627964249906,11.));
#2729 = VECTOR('',#2730,1.);
#2730 = DIRECTION('',(0.,1.,0.));
#2731 = PCURVE('',#301,#2732);
#2732 = DEFINITIONAL_REPRESENTATION('',(#2733),#2737);
#2733 = LINE('',#2734,#2735);
#2734 = CARTESIAN_POINT('',(2.644870898991,-2.192546093341));
#2735 = VECTOR('',#2736,1.);
#2736 = DIRECTION('',(0.,-1.));
#2737 = ( GEOMETRIC_REPRESENTATION_CONTEXT(2) 
PARAMETRIC_REPRESENTATION_CONTEXT() REPRESENTATION_CONTEXT('2D SPACE',''
  ) );
#2738 = PCURVE('',#2739,#2744);
#2739 = PLANE('',#2740);
#2740 = AXIS2_PLACEMENT_3D('',#2741,#2742,#2743);
#2741 = CARTESIAN_POINT('',(-8.,21.627964249906,11.));
#2742 = DIRECTION('',(0.,0.,1.));
#2743 = DIRECTION('',(0.,1.,0.));
#2744 = DEFINITIONAL_REPRESENTATION('',(#2745),#2749);
#2745 = LINE('',#2746,#2747);
#2746 = CARTESIAN_POINT('',(0.,-16.));
#2747 = VECTOR('',#2748,1.);
#2748 = DIRECTION('',(1.,0.));
#2749 = ( GEOMETRIC_REPRESENTATION_CONTEXT(2) 
PARAMETRIC_REPRESENTATION_CONTEXT() REPRESENTATION_CONTEXT('2D SPACE',''
  ) );
#2750 = ORIENTED_EDGE('',*,*,#2751,.F.);
#2751 = EDGE_CURVE('',#286,#2724,#2752,.T.);
#2752 = SURFACE_CURVE('',#2753,(#2758,#2765),.PCURVE_S1.);
#2753 = CIRCLE('',#2754,15.);
#2754 = AXIS2_PLACEMENT_3D('',#2755,#2756,#2757);
#2755 = CARTESIAN_POINT('',(8.,21.627964249906,26.));
#2756 = DIRECTION('',(1.,0.,0.));
#2757 = DIRECTION('',(0.,1.,0.));
#2758 = PCURVE('',#301,#2759);
#2759 = DEFINITIONAL_REPRESENTATION('',(#2760),#2764);
#2760 = CIRCLE('',#2761,15.);
#2761 = AXIS2_PLACEMENT_2D('',#2762,#2763);
#2762 = CARTESIAN_POINT('',(17.644870898991,-2.192546093341));
#2763 = DIRECTION('',(0.,-1.));
#2764 = ( GEOMETRIC_REPRESENTATION_CONTEXT(2) 
PARAMETRIC_REPRESENTATION_CONTEXT() REPRESENTATION_CONTEXT('2D SPACE',''
  ) );
#2765 = PCURVE('',#329,#2766);
#2766 = DEFINITIONAL_REPRESENTATION('',(#2767),#2771);
#2767 = LINE('',#2768,#2769);
#2768 = CARTESIAN_POINT('',(-0.,-16.));
#2769 = VECTOR('',#2770,1.);
#2770 = DIRECTION('',(-1.,0.));
#2771 = ( GEOMETRIC_REPRESENTATION_CONTEXT(2) 
PARAMETRIC_REPRESENTATION_CONTEXT() REPRESENTATION_CONTEXT('2D SPACE',''
  ) );
#2772 = ORIENTED_EDGE('',*,*,#285,.F.);
#2773 = FACE_BOUND('',#2774,.T.);
#2774 = EDGE_LOOP('',(#2775));
#2775 = ORIENTED_EDGE('',*,*,#2776,.F.);
#2776 = EDGE_CURVE('',#2777,#2777,#2779,.T.);
#2777 = VERTEX_POINT('',#2778);
#2778 = CARTESIAN_POINT('',(8.,29.6776,5.5));
#2779 = SURFACE_CURVE('',#2780,(#2785,#2792),.PCURVE_S1.);
#2780 = CIRCLE('',#2781,2.67);
#2781 = AXIS2_PLACEMENT_3D('',#2782,#2783,#2784);
#2782 = CARTESIAN_POINT('',(8.,27.0076,5.5));
#2783 = DIRECTION('',(1.,0.,0.));
#2784 = DIRECTION('',(0.,1.,0.));
#2785 = PCURVE('',#301,#2786);
#2786 = DEFINITIONAL_REPRESENTATION('',(#2787),#2791);
#2787 = CIRCLE('',#2788,2.67);
#2788 = AXIS2_PLACEMENT_2D('',#2789,#2790);
#2789 = CARTESIAN_POINT('',(-2.855129101009,-7.572181843436));
#2790 = DIRECTION('',(0.,-1.));
#2791 = ( GEOMETRIC_REPRESENTATION_CONTEXT(2) 
PARAMETRIC_REPRESENTATION_CONTEXT() REPRESENTATION_CONTEXT('2D SPACE',''
  ) );
#2792 = PCURVE('',#2793,#2798);
#2793 = CYLINDRICAL_SURFACE('',#2794,2.67);
#2794 = AXIS2_PLACEMENT_3D('',#2795,#2796,#2797);
#2795 = CARTESIAN_POINT('',(-8.,27.0076,5.5));
#2796 = DIRECTION('',(-1.,0.,0.));
#2797 = DIRECTION('',(0.,1.,0.));
#2798 = DEFINITIONAL_REPRESENTATION('',(#2799),#2803);
#2799 = LINE('',#2800,#2801);
#2800 = CARTESIAN_POINT('',(-0.,-16.));
#2801 = VECTOR('',#2802,1.);
#2802 = DIRECTION('',(-1.,0.));
#2803 = ( GEOMETRIC_REPRESENTATION_CONTEXT(2) 
PARAMETRIC_REPRESENTATION_CONTEXT() REPRESENTATION_CONTEXT('2D SPACE',''
  ) );
#2804 = ADVANCED_FACE('',(#2805),#1126,.T.);
#2805 = FACE_BOUND('',#2806,.T.);
#2806 = EDGE_LOOP('',(#2807,#2808,#2838,#2866));
#2807 = ORIENTED_EDGE('',*,*,#1110,.F.);
#2808 = ORIENTED_EDGE('',*,*,#2809,.T.);
#2809 = EDGE_CURVE('',#1023,#2810,#2812,.T.);
#2810 = VERTEX_POINT('',#2811);
#2811 = CARTESIAN_POINT('',(28.67,-0.921102968816,65.8876));
#2812 = SURFACE_CURVE('',#2813,(#2817,#2831),.PCURVE_S1.);
#2813 = ( BOUNDED_CURVE() B_SPLINE_CURVE(2,(#2814,#2815,#2816),
.UNSPECIFIED.,.F.,.F.) B_SPLINE_CURVE_WITH_KNOTS((3,3),(0.,
3.437219372971),.PIECEWISE_BEZIER_KNOTS.) CURVE() 
GEOMETRIC_REPRESENTATION_ITEM() RATIONAL_B_SPLINE_CURVE((1.,
0.707106781187,1.)) REPRESENTATION_ITEM('') );
#2814 = CARTESIAN_POINT('',(26.67,1.060854868151,66.155635692557));
#2815 = CARTESIAN_POINT('',(28.67,1.060854868151,66.155635692557));
#2816 = CARTESIAN_POINT('',(28.67,-0.921102968816,65.8876));
#2817 = PCURVE('',#1126,#2818);
#2818 = DEFINITIONAL_REPRESENTATION('',(#2819),#2830);
#2819 = B_SPLINE_CURVE_WITH_KNOTS('',9,(#2820,#2821,#2822,#2823,#2824,
    #2825,#2826,#2827,#2828,#2829),.UNSPECIFIED.,.F.,.F.,(10,10),(0.,
    3.437219372971),.PIECEWISE_BEZIER_KNOTS.);
#2820 = CARTESIAN_POINT('',(-1.110223024625E-16,-0.270475675676));
#2821 = CARTESIAN_POINT('',(0.157134840264,-0.270475675676));
#2822 = CARTESIAN_POINT('',(0.325774716821,-0.270475675676));
#2823 = CARTESIAN_POINT('',(0.50456638687,-0.270475675676));
#2824 = CARTESIAN_POINT('',(0.690744851612,-0.270475675676));
#2825 = CARTESIAN_POINT('',(0.880051475183,-0.270475675676));
#2826 = CARTESIAN_POINT('',(1.066229939925,-0.270475675676));
#2827 = CARTESIAN_POINT('',(1.245021609974,-0.270475675676));
#2828 = CARTESIAN_POINT('',(1.413661486531,-0.270475675676));
#2829 = CARTESIAN_POINT('',(1.570796326795,-0.270475675676));
#2830 = ( GEOMETRIC_REPRESENTATION_CONTEXT(2) 
PARAMETRIC_REPRESENTATION_CONTEXT() REPRESENTATION_CONTEXT('2D SPACE',''
  ) );
#2831 = PCURVE('',#1060,#2832);
#2832 = DEFINITIONAL_REPRESENTATION('',(#2833),#2837);
#2833 = LINE('',#2834,#2835);
#2834 = CARTESIAN_POINT('',(0.,14.020989210037));
#2835 = VECTOR('',#2836,1.);
#2836 = DIRECTION('',(1.,0.));
#2837 = ( GEOMETRIC_REPRESENTATION_CONTEXT(2) 
PARAMETRIC_REPRESENTATION_CONTEXT() REPRESENTATION_CONTEXT('2D SPACE',''
  ) );
#2838 = ORIENTED_EDGE('',*,*,#2839,.T.);
#2839 = EDGE_CURVE('',#2810,#2840,#2842,.T.);
#2840 = VERTEX_POINT('',#2841);
#2841 = CARTESIAN_POINT('',(28.67,-0.620874968816,63.6676));
#2842 = SURFACE_CURVE('',#2843,(#2847,#2854),.PCURVE_S1.);
#2843 = LINE('',#2844,#2845);
#2844 = CARTESIAN_POINT('',(28.67,-0.884854401291,65.619564307443));
#2845 = VECTOR('',#2846,1.);
#2846 = DIRECTION('',(0.,0.134017846279,-0.990978918484));
#2847 = PCURVE('',#1126,#2848);
#2848 = DEFINITIONAL_REPRESENTATION('',(#2849),#2853);
#2849 = LINE('',#2850,#2851);
#2850 = CARTESIAN_POINT('',(1.570796326795,0.));
#2851 = VECTOR('',#2852,1.);
#2852 = DIRECTION('',(0.,1.));
#2853 = ( GEOMETRIC_REPRESENTATION_CONTEXT(2) 
PARAMETRIC_REPRESENTATION_CONTEXT() REPRESENTATION_CONTEXT('2D SPACE',''
  ) );
#2854 = PCURVE('',#2855,#2860);
#2855 = PLANE('',#2856);
#2856 = AXIS2_PLACEMENT_3D('',#2857,#2858,#2859);
#2857 = CARTESIAN_POINT('',(28.67,18.6,62.6676));
#2858 = DIRECTION('',(-1.,0.,0.));
#2859 = DIRECTION('',(0.,2.22044604925E-16,1.));
#2860 = DEFINITIONAL_REPRESENTATION('',(#2861),#2865);
#2861 = LINE('',#2862,#2863);
#2862 = CARTESIAN_POINT('',(2.951964307443,-19.48485440129));
#2863 = VECTOR('',#2864,1.);
#2864 = DIRECTION('',(-0.990978918484,0.134017846279));
#2865 = ( GEOMETRIC_REPRESENTATION_CONTEXT(2) 
PARAMETRIC_REPRESENTATION_CONTEXT() REPRESENTATION_CONTEXT('2D SPACE',''
  ) );
#2866 = ORIENTED_EDGE('',*,*,#2867,.F.);
#2867 = EDGE_CURVE('',#1111,#2840,#2868,.T.);
#2868 = SURFACE_CURVE('',#2869,(#2886,#2922),.PCURVE_S1.);
#2869 = ( BOUNDED_CURVE() B_SPLINE_CURVE(8,(#2870,#2871,#2872,#2873,
    #2874,#2875,#2876,#2877,#2878,#2879,#2880,#2881,#2882,#2883,#2884,
#2885),.UNSPECIFIED.,.F.,.F.) B_SPLINE_CURVE_WITH_KNOTS((9,7,9),(
3.000000000004,6.156491912282,6.291145965525),.UNSPECIFIED.) CURVE() 
GEOMETRIC_REPRESENTATION_ITEM() RATIONAL_B_SPLINE_CURVE((1.,1.,1.,1.,1.,
1.,1.,1.,1.,1.,1.,1.,1.,1.,1.,1.)) REPRESENTATION_ITEM('') );
#2870 = CARTESIAN_POINT('',(26.67,1.379207151913,63.801617846279));
#2871 = CARTESIAN_POINT('',(27.032310720019,1.379207151913,
    63.801617846279));
#2872 = CARTESIAN_POINT('',(27.394670761503,1.304230051466,
    63.796629567702));
#2873 = CARTESIAN_POINT('',(27.741131459353,1.153937682634,
    63.786629695064));
#2874 = CARTESIAN_POINT('',(28.057111432067,0.93200301217,
    63.771839506038));
#2875 = CARTESIAN_POINT('',(28.323651801012,0.639819511272,
    63.752254717158));
#2876 = CARTESIAN_POINT('',(28.522583566607,0.294153180438,
    63.729079457924));
#2877 = CARTESIAN_POINT('',(28.638636410101,-9.033748343311E-02,
    63.703226363496));
#2878 = CARTESIAN_POINT('',(28.666566626315,-0.502519369157,
    63.675546258009));
#2879 = CARTESIAN_POINT('',(28.667550605586,-0.519456206045,
    63.674401971459));
#2880 = CARTESIAN_POINT('',(28.668366563718,-0.536350268946,
    63.673267365503));
#2881 = CARTESIAN_POINT('',(28.669019832569,-0.553252118969,
    63.672133060609));
#2882 = CARTESIAN_POINT('',(28.669510576681,-0.570164604571,
    63.670997895835));
#2883 = CARTESIAN_POINT('',(28.669836562433,-0.58706419182,
    63.669865652235));
#2884 = CARTESIAN_POINT('',(28.67,-0.603970239087,63.668732721225));
#2885 = CARTESIAN_POINT('',(28.67,-0.620874968816,63.6676));
#2886 = PCURVE('',#1126,#2887);
#2887 = DEFINITIONAL_REPRESENTATION('',(#2888),#2921);
#2888 = B_SPLINE_CURVE_WITH_KNOTS('',6,(#2889,#2890,#2891,#2892,#2893,
    #2894,#2895,#2896,#2897,#2898,#2899,#2900,#2901,#2902,#2903,#2904,
    #2905,#2906,#2907,#2908,#2909,#2910,#2911,#2912,#2913,#2914,#2915,
    #2916,#2917,#2918,#2919,#2920),.UNSPECIFIED.,.F.,.F.,(7,5,5,5,5,5,7)
  ,(3.000000000004,4.645572982765,5.468359474145,5.879752719835,
    6.08544934268,6.188297654103,6.291145965525),.UNSPECIFIED.);
#2889 = CARTESIAN_POINT('',(1.665334536938E-16,2.104971271148));
#2890 = CARTESIAN_POINT('',(0.125922226065,2.104971271148));
#2891 = CARTESIAN_POINT('',(0.251844068059,2.102379029601));
#2892 = CARTESIAN_POINT('',(0.378266563822,2.09719895586));
#2893 = CARTESIAN_POINT('',(0.50567344169,2.08948711091));
#2894 = CARTESIAN_POINT('',(0.634434666034,2.079388797452));
#2895 = CARTESIAN_POINT('',(0.829847641197,2.061069826265));
#2896 = CARTESIAN_POINT('',(0.895365530448,2.054435140369));
#2897 = CARTESIAN_POINT('',(0.961285860516,2.047306138633));
#2898 = CARTESIAN_POINT('',(1.027624289825,2.039725427772));
#2899 = CARTESIAN_POINT('',(1.09438992527,2.031744174889));
#2900 = CARTESIAN_POINT('',(1.195183020686,2.019261073761));
#2901 = CARTESIAN_POINT('',(1.228887884533,2.015014866687));
#2902 = CARTESIAN_POINT('',(1.26270064232,2.010690934927));
#2903 = CARTESIAN_POINT('',(1.296620382475,2.006297352219));
#2904 = CARTESIAN_POINT('',(1.330644553284,2.001842817366));
#2905 = CARTESIAN_POINT('',(1.381831167702,1.995083572667));
#2906 = CARTESIAN_POINT('',(1.398918615226,1.992817538738));
#2907 = CARTESIAN_POINT('',(1.416030333062,1.990539798654));
#2908 = CARTESIAN_POINT('',(1.433165348802,1.988251598625));
#2909 = CARTESIAN_POINT('',(1.450322690041,1.985954184858));
#2910 = CARTESIAN_POINT('',(1.476090731536,1.982496112913));
#2911 = CARTESIAN_POINT('',(1.484682181453,1.981340968628));
#2912 = CARTESIAN_POINT('',(1.493296236081,1.980186540359));
#2913 = CARTESIAN_POINT('',(1.501873063711,1.979024666107));
#2914 = CARTESIAN_POINT('',(1.51050701931,1.977868034871));
#2915 = CARTESIAN_POINT('',(1.527746664846,1.975549133289));
#2916 = CARTESIAN_POINT('',(1.536361527576,1.974387836686));
#2917 = CARTESIAN_POINT('',(1.544972677702,1.973225156329));
#2918 = CARTESIAN_POINT('',(1.553581362659,1.972061554275));
#2919 = CARTESIAN_POINT('',(1.562188829878,1.970897492583));
#2920 = CARTESIAN_POINT('',(1.570796326795,1.96973343331));
#2921 = ( GEOMETRIC_REPRESENTATION_CONTEXT(2) 
PARAMETRIC_REPRESENTATION_CONTEXT() REPRESENTATION_CONTEXT('2D SPACE',''
  ) );
#2922 = PCURVE('',#2465,#2923);
#2923 = DEFINITIONAL_REPRESENTATION('',(#2924),#2928);
#2924 = LINE('',#2925,#2926);
#2925 = CARTESIAN_POINT('',(3.291145965521,0.));
#2926 = VECTOR('',#2927,1.);
#2927 = DIRECTION('',(0.,1.));
#2928 = ( GEOMETRIC_REPRESENTATION_CONTEXT(2) 
PARAMETRIC_REPRESENTATION_CONTEXT() REPRESENTATION_CONTEXT('2D SPACE',''
  ) );
#2929 = ADVANCED_FACE('',(#2930),#329,.F.);
#2930 = FACE_BOUND('',#2931,.T.);
#2931 = EDGE_LOOP('',(#2932,#2933,#2934,#2957));
#2932 = ORIENTED_EDGE('',*,*,#313,.T.);
#2933 = ORIENTED_EDGE('',*,*,#2751,.T.);
#2934 = ORIENTED_EDGE('',*,*,#2935,.F.);
#2935 = EDGE_CURVE('',#2936,#2724,#2938,.T.);
#2936 = VERTEX_POINT('',#2937);
#2937 = CARTESIAN_POINT('',(-8.,21.627964249906,11.));
#2938 = SURFACE_CURVE('',#2939,(#2943,#2950),.PCURVE_S1.);
#2939 = LINE('',#2940,#2941);
#2940 = CARTESIAN_POINT('',(-8.,21.627964249906,11.));
#2941 = VECTOR('',#2942,1.);
#2942 = DIRECTION('',(1.,0.,0.));
#2943 = PCURVE('',#329,#2944);
#2944 = DEFINITIONAL_REPRESENTATION('',(#2945),#2949);
#2945 = LINE('',#2946,#2947);
#2946 = CARTESIAN_POINT('',(-4.712388980385,0.));
#2947 = VECTOR('',#2948,1.);
#2948 = DIRECTION('',(-0.,-1.));
#2949 = ( GEOMETRIC_REPRESENTATION_CONTEXT(2) 
PARAMETRIC_REPRESENTATION_CONTEXT() REPRESENTATION_CONTEXT('2D SPACE',''
  ) );
#2950 = PCURVE('',#2739,#2951);
#2951 = DEFINITIONAL_REPRESENTATION('',(#2952),#2956);
#2952 = LINE('',#2953,#2954);
#2953 = CARTESIAN_POINT('',(0.,0.));
#2954 = VECTOR('',#2955,1.);
#2955 = DIRECTION('',(0.,-1.));
#2956 = ( GEOMETRIC_REPRESENTATION_CONTEXT(2) 
PARAMETRIC_REPRESENTATION_CONTEXT() REPRESENTATION_CONTEXT('2D SPACE',''
  ) );
#2957 = ORIENTED_EDGE('',*,*,#2958,.F.);
#2958 = EDGE_CURVE('',#314,#2936,#2959,.T.);
#2959 = SURFACE_CURVE('',#2960,(#2965,#2972),.PCURVE_S1.);
#2960 = CIRCLE('',#2961,15.);
#2961 = AXIS2_PLACEMENT_3D('',#2962,#2963,#2964);
#2962 = CARTESIAN_POINT('',(-8.,21.627964249906,26.));
#2963 = DIRECTION('',(1.,0.,0.));
#2964 = DIRECTION('',(0.,1.,0.));
#2965 = PCURVE('',#329,#2966);
#2966 = DEFINITIONAL_REPRESENTATION('',(#2967),#2971);
#2967 = LINE('',#2968,#2969);
#2968 = CARTESIAN_POINT('',(-0.,0.));
#2969 = VECTOR('',#2970,1.);
#2970 = DIRECTION('',(-1.,0.));
#2971 = ( GEOMETRIC_REPRESENTATION_CONTEXT(2) 
PARAMETRIC_REPRESENTATION_CONTEXT() REPRESENTATION_CONTEXT('2D SPACE',''
  ) );
#2972 = PCURVE('',#357,#2973);
#2973 = DEFINITIONAL_REPRESENTATION('',(#2974),#2978);
#2974 = CIRCLE('',#2975,15.);
#2975 = AXIS2_PLACEMENT_2D('',#2976,#2977);
#2976 = CARTESIAN_POINT('',(17.644870898991,-2.192546093341));
#2977 = DIRECTION('',(0.,-1.));
#2978 = ( GEOMETRIC_REPRESENTATION_CONTEXT(2) 
PARAMETRIC_REPRESENTATION_CONTEXT() REPRESENTATION_CONTEXT('2D SPACE',''
  ) );
#2979 = ADVANCED_FACE('',(#2980),#1060,.T.);
#2980 = FACE_BOUND('',#2981,.T.);
#2981 = EDGE_LOOP('',(#2982,#3013,#3081,#3082));
#2982 = ORIENTED_EDGE('',*,*,#2983,.T.);
#2983 = EDGE_CURVE('',#995,#2984,#2986,.T.);
#2984 = VERTEX_POINT('',#2985);
#2985 = CARTESIAN_POINT('',(27.500222215595,-1.181890588385,
    69.101538048433));
#2986 = SURFACE_CURVE('',#2987,(#2992,#3006),.PCURVE_S1.);
#2987 = CIRCLE('',#2988,2.);
#2988 = AXIS2_PLACEMENT_3D('',#2989,#2990,#2991);
#2989 = CARTESIAN_POINT('',(25.968133329357,-1.181890588385,
    67.81596282906));
#2990 = DIRECTION('',(0.639365742696,0.103046691259,-0.76196642084));
#2991 = DIRECTION('',(-2.775557561563E-17,0.990978918484,0.134017846279)
  );
#2992 = PCURVE('',#1060,#2993);
#2993 = DEFINITIONAL_REPRESENTATION('',(#2994),#3005);
#2994 = B_SPLINE_CURVE_WITH_KNOTS('',9,(#2995,#2996,#2997,#2998,#2999,
    #3000,#3001,#3002,#3003,#3004),.UNSPECIFIED.,.F.,.F.,(10,10),(0.,
    1.484544411857),.PIECEWISE_BEZIER_KNOTS.);
#2995 = CARTESIAN_POINT('',(0.,10.583769837067));
#2996 = CARTESIAN_POINT('',(0.41937669677,10.583769837067));
#2997 = CARTESIAN_POINT('',(0.808467198652,10.583769837068));
#2998 = CARTESIAN_POINT('',(1.179271553519,10.583769837065));
#2999 = CARTESIAN_POINT('',(1.53989871775,10.583769837069));
#3000 = CARTESIAN_POINT('',(1.89732065522,10.583769837065));
#3001 = CARTESIAN_POINT('',(2.257947819452,10.583769837068));
#3002 = CARTESIAN_POINT('',(2.628752174319,10.583769837067));
#3003 = CARTESIAN_POINT('',(3.017842676201,10.583769837067));
#3004 = CARTESIAN_POINT('',(3.437219372971,10.583769837067));
#3005 = ( GEOMETRIC_REPRESENTATION_CONTEXT(2) 
PARAMETRIC_REPRESENTATION_CONTEXT() REPRESENTATION_CONTEXT('2D SPACE',''
  ) );
#3006 = PCURVE('',#1010,#3007);
#3007 = DEFINITIONAL_REPRESENTATION('',(#3008),#3012);
#3008 = LINE('',#3009,#3010);
#3009 = CARTESIAN_POINT('',(0.,5.713395308758));
#3010 = VECTOR('',#3011,1.);
#3011 = DIRECTION('',(1.,0.));
#3012 = ( GEOMETRIC_REPRESENTATION_CONTEXT(2) 
PARAMETRIC_REPRESENTATION_CONTEXT() REPRESENTATION_CONTEXT('2D SPACE',''
  ) );
#3013 = ORIENTED_EDGE('',*,*,#3014,.T.);
#3014 = EDGE_CURVE('',#2984,#2810,#3015,.T.);
#3015 = SURFACE_CURVE('',#3016,(#3031,#3038),.PCURVE_S1.);
#3016 = ( BOUNDED_CURVE() B_SPLINE_CURVE(7,(#3017,#3018,#3019,#3020,
    #3021,#3022,#3023,#3024,#3025,#3026,#3027,#3028,#3029,#3030),
.UNSPECIFIED.,.F.,.F.) B_SPLINE_CURVE_WITH_KNOTS((8,6,8),(
    10.583769837067,10.774235207425,14.020989210037),.UNSPECIFIED.) 
CURVE() GEOMETRIC_REPRESENTATION_ITEM() RATIONAL_B_SPLINE_CURVE((1.,1.,
1.,1.,1.,1.,1.,1.,1.,1.,1.,1.,1.,1.)) REPRESENTATION_ITEM('') );
#3017 = CARTESIAN_POINT('',(27.500222215595,-1.181890588385,
    69.101538048433));
#3018 = CARTESIAN_POINT('',(27.517581768242,-1.18021188306,69.0808497392
    ));
#3019 = CARTESIAN_POINT('',(27.534821461717,-1.178515579222,
    69.060040564182));
#3020 = CARTESIAN_POINT('',(27.551960992813,-1.176801546966,
    69.039078769552));
#3021 = CARTESIAN_POINT('',(27.568923467775,-1.175070329193,
    69.018081393683));
#3022 = CARTESIAN_POINT('',(27.585922435348,-1.1733234128,68.99673260531
    ));
#3023 = CARTESIAN_POINT('',(27.602344239433,-1.171566348671,
    68.975876067676));
#3024 = CARTESIAN_POINT('',(27.91148101132,-1.139140731949,
    68.577688347436));
#3025 = CARTESIAN_POINT('',(28.165140994867,-1.105568619321,
    68.164612090238));
#3026 = CARTESIAN_POINT('',(28.36934504293,-1.069978536932,
    67.725754145754));
#3027 = CARTESIAN_POINT('',(28.52115581786,-1.033172172774,
    67.270285032614));
#3028 = CARTESIAN_POINT('',(28.619930886407,-0.996032540378,
    66.810978172046));
#3029 = CARTESIAN_POINT('',(28.67,-0.958673732481,66.350620856016));
#3030 = CARTESIAN_POINT('',(28.67,-0.921102968816,65.8876));
#3031 = PCURVE('',#1060,#3032);
#3032 = DEFINITIONAL_REPRESENTATION('',(#3033),#3037);
#3033 = LINE('',#3034,#3035);
#3034 = CARTESIAN_POINT('',(3.437219372971,0.));
#3035 = VECTOR('',#3036,1.);
#3036 = DIRECTION('',(0.,1.));
#3037 = ( GEOMETRIC_REPRESENTATION_CONTEXT(2) 
PARAMETRIC_REPRESENTATION_CONTEXT() REPRESENTATION_CONTEXT('2D SPACE',''
  ) );
#3038 = PCURVE('',#3039,#3044);
#3039 = CYLINDRICAL_SURFACE('',#3040,5.);
#3040 = AXIS2_PLACEMENT_3D('',#3041,#3042,#3043);
#3041 = CARTESIAN_POINT('',(23.67,18.6,65.8876));
#3042 = DIRECTION('',(0.,1.,-2.22044604925E-16));
#3043 = DIRECTION('',(1.,0.,0.));
#3044 = DEFINITIONAL_REPRESENTATION('',(#3045),#3080);
#3045 = B_SPLINE_CURVE_WITH_KNOTS('',5,(#3046,#3047,#3048,#3049,#3050,
    #3051,#3052,#3053,#3054,#3055,#3056,#3057,#3058,#3059,#3060,#3061,
    #3062,#3063,#3064,#3065,#3066,#3067,#3068,#3069,#3070,#3071,#3072,
    #3073,#3074,#3075,#3076,#3077,#3078,#3079),.UNSPECIFIED.,.F.,.F.,(6,
    4,4,4,4,4,4,4,6),(10.583769837067,10.691182942472,10.744889495175,
    10.771742771526,10.798596047878,11.013422258688,11.44307468031,
    12.302379523552,14.020989210037),.UNSPECIFIED.);
#3046 = CARTESIAN_POINT('',(-0.698131700798,-19.78189058838));
#3047 = CARTESIAN_POINT('',(-0.693867179272,-19.78056519819));
#3048 = CARTESIAN_POINT('',(-0.689600026198,-19.77922797149));
#3049 = CARTESIAN_POINT('',(-0.685329440406,-19.77787907719));
#3050 = CARTESIAN_POINT('',(-0.681056449259,-19.77651885452));
#3051 = CARTESIAN_POINT('',(-0.674647638356,-19.77446229233));
#3052 = CARTESIAN_POINT('',(-0.672510843643,-19.77377398902));
#3053 = CARTESIAN_POINT('',(-0.67037542374,-19.77308297694));
#3054 = CARTESIAN_POINT('',(-0.668237888236,-19.77238886224));
#3055 = CARTESIAN_POINT('',(-0.665015091505,-19.771341744));
#3056 = CARTESIAN_POINT('',(-0.663938473889,-19.77099173885));
#3057 = CARTESIAN_POINT('',(-0.662857011503,-19.770640576));
#3058 = CARTESIAN_POINT('',(-0.661768211618,-19.77028806347));
#3059 = CARTESIAN_POINT('',(-0.659570951392,-19.76957995506));
#3060 = CARTESIAN_POINT('',(-0.65846140615,-19.76922429188));
#3061 = CARTESIAN_POINT('',(-0.657363714037,-19.76886953439));
#3062 = CARTESIAN_POINT('',(-0.656258912069,-19.76851358852));
#3063 = CARTESIAN_POINT('',(-0.646329226107,-19.76530796544));
#3064 = CARTESIAN_POINT('',(-0.637493073889,-19.7624317895));
#3065 = CARTESIAN_POINT('',(-0.628648679846,-19.75952979942));
#3066 = CARTESIAN_POINT('',(-0.619797566853,-19.75660291425));
#3067 = CARTESIAN_POINT('',(-0.593228639639,-19.7477503307));
#3068 = CARTESIAN_POINT('',(-0.57549496981,-19.74175267715));
#3069 = CARTESIAN_POINT('',(-0.557751013211,-19.7356663477));
#3070 = CARTESIAN_POINT('',(-0.540005801156,-19.7294983954));
#3071 = CARTESIAN_POINT('',(-0.486788291735,-19.71077022249));
#3072 = CARTESIAN_POINT('',(-0.45133438086,-19.69798540345));
#3073 = CARTESIAN_POINT('',(-0.415963882586,-19.68495698613));
#3074 = CARTESIAN_POINT('',(-0.380717222587,-19.67173457941));
#3075 = CARTESIAN_POINT('',(-0.275414359876,-19.63161572793));
#3076 = CARTESIAN_POINT('',(-0.205791997738,-19.60426403863));
#3077 = CARTESIAN_POINT('',(-0.136934248306,-19.57665956838));
#3078 = CARTESIAN_POINT('',(-6.862564755903E-02,-19.5489453214));
#3079 = CARTESIAN_POINT('',(-6.883382752676E-15,-19.52110296881));
#3080 = ( GEOMETRIC_REPRESENTATION_CONTEXT(2) 
PARAMETRIC_REPRESENTATION_CONTEXT() REPRESENTATION_CONTEXT('2D SPACE',''
  ) );
#3081 = ORIENTED_EDGE('',*,*,#2809,.F.);
#3082 = ORIENTED_EDGE('',*,*,#1022,.F.);
#3083 = ADVANCED_FACE('',(#3084,#3249),#357,.F.);
#3084 = FACE_BOUND('',#3085,.F.);
#3085 = EDGE_LOOP('',(#3086,#3110,#3133,#3156,#3179,#3202,#3226,#3247,
    #3248));
#3086 = ORIENTED_EDGE('',*,*,#3087,.T.);
#3087 = EDGE_CURVE('',#342,#3088,#3090,.T.);
#3088 = VERTEX_POINT('',#3089);
#3089 = CARTESIAN_POINT('',(-8.,11.755330728816,0.));
#3090 = SURFACE_CURVE('',#3091,(#3096,#3103),.PCURVE_S1.);
#3091 = CIRCLE('',#3092,2.);
#3092 = AXIS2_PLACEMENT_3D('',#3093,#3094,#3095);
#3093 = CARTESIAN_POINT('',(-8.,11.755330728816,2.));
#3094 = DIRECTION('',(1.,0.,0.));
#3095 = DIRECTION('',(0.,1.,0.));
#3096 = PCURVE('',#357,#3097);
#3097 = DEFINITIONAL_REPRESENTATION('',(#3098),#3102);
#3098 = CIRCLE('',#3099,2.);
#3099 = AXIS2_PLACEMENT_2D('',#3100,#3101);
#3100 = CARTESIAN_POINT('',(-6.355129101009,7.680087427748));
#3101 = DIRECTION('',(0.,-1.));
#3102 = ( GEOMETRIC_REPRESENTATION_CONTEXT(2) 
PARAMETRIC_REPRESENTATION_CONTEXT() REPRESENTATION_CONTEXT('2D SPACE',''
  ) );
#3103 = PCURVE('',#385,#3104);
#3104 = DEFINITIONAL_REPRESENTATION('',(#3105),#3109);
#3105 = LINE('',#3106,#3107);
#3106 = CARTESIAN_POINT('',(0.,-152.0319086621));
#3107 = VECTOR('',#3108,1.);
#3108 = DIRECTION('',(1.,0.));
#3109 = ( GEOMETRIC_REPRESENTATION_CONTEXT(2) 
PARAMETRIC_REPRESENTATION_CONTEXT() REPRESENTATION_CONTEXT('2D SPACE',''
  ) );
#3110 = ORIENTED_EDGE('',*,*,#3111,.T.);
#3111 = EDGE_CURVE('',#3088,#3112,#3114,.T.);
#3112 = VERTEX_POINT('',#3113);
#3113 = CARTESIAN_POINT('',(-8.,32.0076,0.));
#3114 = SURFACE_CURVE('',#3115,(#3119,#3126),.PCURVE_S1.);
#3115 = LINE('',#3116,#3117);
#3116 = CARTESIAN_POINT('',(-8.,10.0076,0.));
#3117 = VECTOR('',#3118,1.);
#3118 = DIRECTION('',(0.,1.,0.));
#3119 = PCURVE('',#357,#3120);
#3120 = DEFINITIONAL_REPRESENTATION('',(#3121),#3125);
#3121 = LINE('',#3122,#3123);
#3122 = CARTESIAN_POINT('',(-8.355129101009,9.427818156564));
#3123 = VECTOR('',#3124,1.);
#3124 = DIRECTION('',(0.,-1.));
#3125 = ( GEOMETRIC_REPRESENTATION_CONTEXT(2) 
PARAMETRIC_REPRESENTATION_CONTEXT() REPRESENTATION_CONTEXT('2D SPACE',''
  ) );
#3126 = PCURVE('',#2276,#3127);
#3127 = DEFINITIONAL_REPRESENTATION('',(#3128),#3132);
#3128 = LINE('',#3129,#3130);
#3129 = CARTESIAN_POINT('',(4.007811960086,-8.));
#3130 = VECTOR('',#3131,1.);
#3131 = DIRECTION('',(1.,0.));
#3132 = ( GEOMETRIC_REPRESENTATION_CONTEXT(2) 
PARAMETRIC_REPRESENTATION_CONTEXT() REPRESENTATION_CONTEXT('2D SPACE',''
  ) );
#3133 = ORIENTED_EDGE('',*,*,#3134,.T.);
#3134 = EDGE_CURVE('',#3112,#3135,#3137,.T.);
#3135 = VERTEX_POINT('',#3136);
#3136 = CARTESIAN_POINT('',(-8.,32.0076,3.));
#3137 = SURFACE_CURVE('',#3138,(#3142,#3149),.PCURVE_S1.);
#3138 = LINE('',#3139,#3140);
#3139 = CARTESIAN_POINT('',(-8.,32.0076,0.));
#3140 = VECTOR('',#3141,1.);
#3141 = DIRECTION('',(0.,0.,1.));
#3142 = PCURVE('',#357,#3143);
#3143 = DEFINITIONAL_REPRESENTATION('',(#3144),#3148);
#3144 = LINE('',#3145,#3146);
#3145 = CARTESIAN_POINT('',(-8.355129101009,-12.57218184343));
#3146 = VECTOR('',#3147,1.);
#3147 = DIRECTION('',(1.,0.));
#3148 = ( GEOMETRIC_REPRESENTATION_CONTEXT(2) 
PARAMETRIC_REPRESENTATION_CONTEXT() REPRESENTATION_CONTEXT('2D SPACE',''
  ) );
#3149 = PCURVE('',#2626,#3150);
#3150 = DEFINITIONAL_REPRESENTATION('',(#3151),#3155);
#3151 = LINE('',#3152,#3153);
#3152 = CARTESIAN_POINT('',(0.,0.));
#3153 = VECTOR('',#3154,1.);
#3154 = DIRECTION('',(1.,0.));
#3155 = ( GEOMETRIC_REPRESENTATION_CONTEXT(2) 
PARAMETRIC_REPRESENTATION_CONTEXT() REPRESENTATION_CONTEXT('2D SPACE',''
  ) );
#3156 = ORIENTED_EDGE('',*,*,#3157,.T.);
#3157 = EDGE_CURVE('',#3135,#3158,#3160,.T.);
#3158 = VERTEX_POINT('',#3159);
#3159 = CARTESIAN_POINT('',(-8.,35.0076,3.));
#3160 = SURFACE_CURVE('',#3161,(#3165,#3172),.PCURVE_S1.);
#3161 = LINE('',#3162,#3163);
#3162 = CARTESIAN_POINT('',(-8.,32.0076,3.));
#3163 = VECTOR('',#3164,1.);
#3164 = DIRECTION('',(0.,1.,0.));
#3165 = PCURVE('',#357,#3166);
#3166 = DEFINITIONAL_REPRESENTATION('',(#3167),#3171);
#3167 = LINE('',#3168,#3169);
#3168 = CARTESIAN_POINT('',(-5.355129101009,-12.57218184343));
#3169 = VECTOR('',#3170,1.);
#3170 = DIRECTION('',(0.,-1.));
#3171 = ( GEOMETRIC_REPRESENTATION_CONTEXT(2) 
PARAMETRIC_REPRESENTATION_CONTEXT() REPRESENTATION_CONTEXT('2D SPACE',''
  ) );
#3172 = PCURVE('',#2654,#3173);
#3173 = DEFINITIONAL_REPRESENTATION('',(#3174),#3178);
#3174 = LINE('',#3175,#3176);
#3175 = CARTESIAN_POINT('',(0.,0.));
#3176 = VECTOR('',#3177,1.);
#3177 = DIRECTION('',(1.,0.));
#3178 = ( GEOMETRIC_REPRESENTATION_CONTEXT(2) 
PARAMETRIC_REPRESENTATION_CONTEXT() REPRESENTATION_CONTEXT('2D SPACE',''
  ) );
#3179 = ORIENTED_EDGE('',*,*,#3180,.T.);
#3180 = EDGE_CURVE('',#3158,#3181,#3183,.T.);
#3181 = VERTEX_POINT('',#3182);
#3182 = CARTESIAN_POINT('',(-8.,35.0076,4.));
#3183 = SURFACE_CURVE('',#3184,(#3188,#3195),.PCURVE_S1.);
#3184 = LINE('',#3185,#3186);
#3185 = CARTESIAN_POINT('',(-8.,35.0076,3.));
#3186 = VECTOR('',#3187,1.);
#3187 = DIRECTION('',(0.,0.,1.));
#3188 = PCURVE('',#357,#3189);
#3189 = DEFINITIONAL_REPRESENTATION('',(#3190),#3194);
#3190 = LINE('',#3191,#3192);
#3191 = CARTESIAN_POINT('',(-5.355129101009,-15.57218184343));
#3192 = VECTOR('',#3193,1.);
#3193 = DIRECTION('',(1.,0.));
#3194 = ( GEOMETRIC_REPRESENTATION_CONTEXT(2) 
PARAMETRIC_REPRESENTATION_CONTEXT() REPRESENTATION_CONTEXT('2D SPACE',''
  ) );
#3195 = PCURVE('',#2682,#3196);
#3196 = DEFINITIONAL_REPRESENTATION('',(#3197),#3201);
#3197 = LINE('',#3198,#3199);
#3198 = CARTESIAN_POINT('',(0.,0.));
#3199 = VECTOR('',#3200,1.);
#3200 = DIRECTION('',(1.,0.));
#3201 = ( GEOMETRIC_REPRESENTATION_CONTEXT(2) 
PARAMETRIC_REPRESENTATION_CONTEXT() REPRESENTATION_CONTEXT('2D SPACE',''
  ) );
#3202 = ORIENTED_EDGE('',*,*,#3203,.T.);
#3203 = EDGE_CURVE('',#3181,#3204,#3206,.T.);
#3204 = VERTEX_POINT('',#3205);
#3205 = CARTESIAN_POINT('',(-8.,28.0076,11.));
#3206 = SURFACE_CURVE('',#3207,(#3212,#3219),.PCURVE_S1.);
#3207 = CIRCLE('',#3208,7.);
#3208 = AXIS2_PLACEMENT_3D('',#3209,#3210,#3211);
#3209 = CARTESIAN_POINT('',(-8.,28.0076,4.));
#3210 = DIRECTION('',(1.,0.,0.));
#3211 = DIRECTION('',(0.,1.,0.));
#3212 = PCURVE('',#357,#3213);
#3213 = DEFINITIONAL_REPRESENTATION('',(#3214),#3218);
#3214 = CIRCLE('',#3215,7.);
#3215 = AXIS2_PLACEMENT_2D('',#3216,#3217);
#3216 = CARTESIAN_POINT('',(-4.355129101009,-8.572181843436));
#3217 = DIRECTION('',(0.,-1.));
#3218 = ( GEOMETRIC_REPRESENTATION_CONTEXT(2) 
PARAMETRIC_REPRESENTATION_CONTEXT() REPRESENTATION_CONTEXT('2D SPACE',''
  ) );
#3219 = PCURVE('',#2711,#3220);
#3220 = DEFINITIONAL_REPRESENTATION('',(#3221),#3225);
#3221 = LINE('',#3222,#3223);
#3222 = CARTESIAN_POINT('',(-0.,0.));
#3223 = VECTOR('',#3224,1.);
#3224 = DIRECTION('',(-1.,0.));
#3225 = ( GEOMETRIC_REPRESENTATION_CONTEXT(2) 
PARAMETRIC_REPRESENTATION_CONTEXT() REPRESENTATION_CONTEXT('2D SPACE',''
  ) );
#3226 = ORIENTED_EDGE('',*,*,#3227,.F.);
#3227 = EDGE_CURVE('',#2936,#3204,#3228,.T.);
#3228 = SURFACE_CURVE('',#3229,(#3233,#3240),.PCURVE_S1.);
#3229 = LINE('',#3230,#3231);
#3230 = CARTESIAN_POINT('',(-8.,21.627964249906,11.));
#3231 = VECTOR('',#3232,1.);
#3232 = DIRECTION('',(0.,1.,0.));
#3233 = PCURVE('',#357,#3234);
#3234 = DEFINITIONAL_REPRESENTATION('',(#3235),#3239);
#3235 = LINE('',#3236,#3237);
#3236 = CARTESIAN_POINT('',(2.644870898991,-2.192546093341));
#3237 = VECTOR('',#3238,1.);
#3238 = DIRECTION('',(0.,-1.));
#3239 = ( GEOMETRIC_REPRESENTATION_CONTEXT(2) 
PARAMETRIC_REPRESENTATION_CONTEXT() REPRESENTATION_CONTEXT('2D SPACE',''
  ) );
#3240 = PCURVE('',#2739,#3241);
#3241 = DEFINITIONAL_REPRESENTATION('',(#3242),#3246);
#3242 = LINE('',#3243,#3244);
#3243 = CARTESIAN_POINT('',(0.,0.));
#3244 = VECTOR('',#3245,1.);
#3245 = DIRECTION('',(1.,0.));
#3246 = ( GEOMETRIC_REPRESENTATION_CONTEXT(2) 
PARAMETRIC_REPRESENTATION_CONTEXT() REPRESENTATION_CONTEXT('2D SPACE',''
  ) );
#3247 = ORIENTED_EDGE('',*,*,#2958,.F.);
#3248 = ORIENTED_EDGE('',*,*,#341,.F.);
#3249 = FACE_BOUND('',#3250,.F.);
#3250 = EDGE_LOOP('',(#3251));
#3251 = ORIENTED_EDGE('',*,*,#3252,.F.);
#3252 = EDGE_CURVE('',#3253,#3253,#3255,.T.);
#3253 = VERTEX_POINT('',#3254);
#3254 = CARTESIAN_POINT('',(-8.,29.6776,5.5));
#3255 = SURFACE_CURVE('',#3256,(#3261,#3268),.PCURVE_S1.);
#3256 = CIRCLE('',#3257,2.67);
#3257 = AXIS2_PLACEMENT_3D('',#3258,#3259,#3260);
#3258 = CARTESIAN_POINT('',(-8.,27.0076,5.5));
#3259 = DIRECTION('',(1.,0.,0.));
#3260 = DIRECTION('',(0.,1.,0.));
#3261 = PCURVE('',#357,#3262);
#3262 = DEFINITIONAL_REPRESENTATION('',(#3263),#3267);
#3263 = CIRCLE('',#3264,2.67);
#3264 = AXIS2_PLACEMENT_2D('',#3265,#3266);
#3265 = CARTESIAN_POINT('',(-2.855129101009,-7.572181843436));
#3266 = DIRECTION('',(0.,-1.));
#3267 = ( GEOMETRIC_REPRESENTATION_CONTEXT(2) 
PARAMETRIC_REPRESENTATION_CONTEXT() REPRESENTATION_CONTEXT('2D SPACE',''
  ) );
#3268 = PCURVE('',#2793,#3269);
#3269 = DEFINITIONAL_REPRESENTATION('',(#3270),#3274);
#3270 = LINE('',#3271,#3272);
#3271 = CARTESIAN_POINT('',(-0.,0.));
#3272 = VECTOR('',#3273,1.);
#3273 = DIRECTION('',(-1.,0.));
#3274 = ( GEOMETRIC_REPRESENTATION_CONTEXT(2) 
PARAMETRIC_REPRESENTATION_CONTEXT() REPRESENTATION_CONTEXT('2D SPACE',''
  ) );
#3275 = ADVANCED_FACE('',(#3276),#1010,.T.);
#3276 = FACE_BOUND('',#3277,.T.);
#3277 = EDGE_LOOP('',(#3278,#3370,#3396,#3397));
#3278 = ORIENTED_EDGE('',*,*,#3279,.T.);
#3279 = EDGE_CURVE('',#967,#3280,#3282,.T.);
#3280 = VERTEX_POINT('',#3281);
#3281 = CARTESIAN_POINT('',(22.871941948994,-1.927831347868,
    74.617307683687));
#3282 = SURFACE_CURVE('',#3283,(#3290,#3296),.PCURVE_S1.);
#3283 = B_SPLINE_CURVE_WITH_KNOTS('',5,(#3284,#3285,#3286,#3287,#3288,
    #3289),.UNSPECIFIED.,.F.,.F.,(6,6),(0.,1.),
  .PIECEWISE_BEZIER_KNOTS.);
#3284 = CARTESIAN_POINT('',(21.339853062756,5.412648909864E-02,
    73.599768156871));
#3285 = CARTESIAN_POINT('',(21.796441178197,3.244370812062E-03,
    73.976009888475));
#3286 = CARTESIAN_POINT('',(22.253336503245,-0.265552674525,
    74.323039055982));
#3287 = CARTESIAN_POINT('',(22.62482423306,-0.746120756479,
    74.569763284718));
#3288 = CARTESIAN_POINT('',(22.832609160738,-1.337174760126,
    74.664182675398));
#3289 = CARTESIAN_POINT('',(22.871941948994,-1.927831347868,
    74.617307683687));
#3290 = PCURVE('',#1010,#3291);
#3291 = DEFINITIONAL_REPRESENTATION('',(#3292),#3295);
#3292 = B_SPLINE_CURVE_WITH_KNOTS('',1,(#3293,#3294),.UNSPECIFIED.,.F.,
  .F.,(2,2),(0.,1.),.PIECEWISE_BEZIER_KNOTS.);
#3293 = CARTESIAN_POINT('',(7.016609515631E-14,-1.525466515593));
#3294 = CARTESIAN_POINT('',(1.484544411857,-1.525466515593));
#3295 = ( GEOMETRIC_REPRESENTATION_CONTEXT(2) 
PARAMETRIC_REPRESENTATION_CONTEXT() REPRESENTATION_CONTEXT('2D SPACE',''
  ) );
#3296 = PCURVE('',#3297,#3364);
#3297 = B_SPLINE_SURFACE_WITH_KNOTS('',10,5,(
    (#3298,#3299,#3300,#3301,#3302,#3303)
    ,(#3304,#3305,#3306,#3307,#3308,#3309)
    ,(#3310,#3311,#3312,#3313,#3314,#3315)
    ,(#3316,#3317,#3318,#3319,#3320,#3321)
    ,(#3322,#3323,#3324,#3325,#3326,#3327)
    ,(#3328,#3329,#3330,#3331,#3332,#3333)
    ,(#3334,#3335,#3336,#3337,#3338,#3339)
    ,(#3340,#3341,#3342,#3343,#3344,#3345)
    ,(#3346,#3347,#3348,#3349,#3350,#3351)
    ,(#3352,#3353,#3354,#3355,#3356,#3357)
    ,(#3358,#3359,#3360,#3361,#3362,#3363
    )),.UNSPECIFIED.,.F.,.F.,.F.,(11,11),(6,6),(0.,1.),(0.,1.),
  .PIECEWISE_BEZIER_KNOTS.);
#3298 = CARTESIAN_POINT('',(20.440218459688,-7.523426847161E-16,
    74.403875234542));
#3299 = CARTESIAN_POINT('',(20.921538378653,-5.200563537643E-16,
    74.807750601024));
#3300 = CARTESIAN_POINT('',(21.403307372244,-0.246030008091,
    75.21200278586));
#3301 = CARTESIAN_POINT('',(21.783837425387,-0.742776713274,
    75.531305413103));
#3302 = CARTESIAN_POINT('',(21.972307345926,-1.371681469282,
    75.689450453916));
#3303 = CARTESIAN_POINT('',(21.972307345926,-2.,75.689450453916));
#3304 = CARTESIAN_POINT('',(20.530314633301,-7.518088164473E-16,
    74.323345905606));
#3305 = CARTESIAN_POINT('',(21.009311581087,-5.420635372805E-03,
    74.724270988201));
#3306 = CARTESIAN_POINT('',(21.488783980547,-0.254002359911,
    75.122647987764));
#3307 = CARTESIAN_POINT('',(21.868559406692,-0.749624814216,
    75.434505348077));
#3308 = CARTESIAN_POINT('',(22.059067183437,-1.375086820319,
    75.586054105869));
#3309 = CARTESIAN_POINT('',(22.063154565404,-2.,75.581182953726));
#3310 = CARTESIAN_POINT('',(20.620341954489,1.203383552109E-03,
    74.242870493596));
#3311 = CARTESIAN_POINT('',(21.096329387368,-9.54318808258E-03,
    74.641660026646));
#3312 = CARTESIAN_POINT('',(21.571826260119,-0.262456077766,
    75.038881251173));
#3313 = CARTESIAN_POINT('',(21.950517116773,-0.756185646728,
    75.33590894572));
#3314 = CARTESIAN_POINT('',(22.143014764684,-1.377908412711,
    75.486009274312));
#3315 = CARTESIAN_POINT('',(22.150500213821,-1.999571147582,
    75.477088463411));
#3316 = CARTESIAN_POINT('',(20.710832017746,3.587887750324E-03,
    74.162605096923));
#3317 = CARTESIAN_POINT('',(21.185504094859,-1.244791501517E-02,
    74.557181922132));
#3318 = CARTESIAN_POINT('',(21.660340366347,-0.269460830317,
    74.945928867109));
#3319 = CARTESIAN_POINT('',(22.038095875306,-0.762568906352,
    75.2365643215));
#3320 = CARTESIAN_POINT('',(22.234126732453,-1.383234464463,
    75.377426259429));
#3321 = CARTESIAN_POINT('',(22.246779400006,-2.002568149526,
    75.362347397418));
#3322 = CARTESIAN_POINT('',(20.801188467764,7.214361067664E-03,
    74.082662778067));
#3323 = CARTESIAN_POINT('',(21.27181064266,-1.380712874254E-02,
    74.476003999178));
#3324 = CARTESIAN_POINT('',(21.742066383815,-0.270409855085,
    74.860187957368));
#3325 = CARTESIAN_POINT('',(22.11888650868,-0.761743013039,
    75.146480729713));
#3326 = CARTESIAN_POINT('',(22.314150765715,-1.376124324307,
    75.282057330234));
#3327 = CARTESIAN_POINT('',(22.329252240706,-1.990330403863,
    75.26406009316));
#3328 = CARTESIAN_POINT('',(20.891804779963,1.188072789296E-02,
    74.002902389268));
#3329 = CARTESIAN_POINT('',(21.360730928955,-1.450512622297E-02,
    74.392751219618));
#3330 = CARTESIAN_POINT('',(21.830002207934,-0.281436827049,
    74.767528933428));
#3331 = CARTESIAN_POINT('',(22.205866268992,-0.774419553059,
    75.050105533289));
#3332 = CARTESIAN_POINT('',(22.40380175113,-1.396950254828,
    75.175215446363));
#3333 = CARTESIAN_POINT('',(22.423754325144,-2.013272719926,
    75.1514368946));
#3334 = CARTESIAN_POINT('',(20.98212524347,1.793650242695E-02,
    73.922456196936));
#3335 = CARTESIAN_POINT('',(21.44901589932,-1.308014922501E-02,
    74.308672373896));
#3336 = CARTESIAN_POINT('',(21.916833609922,-0.272575462799,
    74.674991050819));
#3337 = CARTESIAN_POINT('',(22.291791762019,-0.761522752587,
    74.954279243172));
#3338 = CARTESIAN_POINT('',(22.491901279577,-1.368855853612,
    75.070222516757));
#3339 = CARTESIAN_POINT('',(22.516263224705,-1.975411973243,
    75.041189081127));
#3340 = CARTESIAN_POINT('',(21.072077367863,2.501741879856E-02,
    73.842510238037));
#3341 = CARTESIAN_POINT('',(21.535070852041,-1.130666416535E-02,
    74.2275914843));
#3342 = CARTESIAN_POINT('',(21.998527927126,-0.274954840278,
    74.589197699598));
#3343 = CARTESIAN_POINT('',(22.372571674704,-0.763097355763,
    74.864096307888));
#3344 = CARTESIAN_POINT('',(22.572179721482,-1.369989529528,
    74.974550395264));
#3345 = CARTESIAN_POINT('',(22.599095392501,-1.974342608434,
    74.94247354763));
#3346 = CARTESIAN_POINT('',(21.161435249895,3.350362325427E-02,
    73.761319202147));
#3347 = CARTESIAN_POINT('',(21.623198813201,-7.559713832217E-03,
    74.142374015647));
#3348 = CARTESIAN_POINT('',(22.086180278908,-0.271020325948,
    74.496059432947));
#3349 = CARTESIAN_POINT('',(22.45939581929,-0.756737138382,
    74.764786297864));
#3350 = CARTESIAN_POINT('',(22.66272528351,-1.35699717838,
    74.866642396396));
#3351 = CARTESIAN_POINT('',(22.694669571937,-1.955967031818,
    74.8285726759));
#3352 = CARTESIAN_POINT('',(21.25013005043,4.328098362427E-02,
    73.679963948579));
#3353 = CARTESIAN_POINT('',(21.709063217265,-2.827386073746E-03,
    74.059116661342));
#3354 = CARTESIAN_POINT('',(22.168382103403,-0.269659628387,
    74.412070068372));
#3355 = CARTESIAN_POINT('',(22.540627765127,-0.752394159395,
    74.666152844605));
#3356 = CARTESIAN_POINT('',(22.74629985637,-1.347589651625,
    74.767042098952));
#3357 = CARTESIAN_POINT('',(22.781578291876,-1.94239527467,
    74.724998896697));
#3358 = CARTESIAN_POINT('',(21.339853062756,5.412648909864E-02,
    73.599768156871));
#3359 = CARTESIAN_POINT('',(21.796441178197,3.244370812062E-03,
    73.976009888475));
#3360 = CARTESIAN_POINT('',(22.253336503245,-0.265552674525,
    74.323039055982));
#3361 = CARTESIAN_POINT('',(22.62482423306,-0.746120756479,
    74.569763284718));
#3362 = CARTESIAN_POINT('',(22.832609160738,-1.337174760126,
    74.664182675398));
#3363 = CARTESIAN_POINT('',(22.871941948994,-1.927831347868,
    74.617307683687));
#3364 = DEFINITIONAL_REPRESENTATION('',(#3365),#3369);
#3365 = LINE('',#3366,#3367);
#3366 = CARTESIAN_POINT('',(1.,0.));
#3367 = VECTOR('',#3368,1.);
#3368 = DIRECTION('',(0.,1.));
#3369 = ( GEOMETRIC_REPRESENTATION_CONTEXT(2) 
PARAMETRIC_REPRESENTATION_CONTEXT() REPRESENTATION_CONTEXT('2D SPACE',''
  ) );
#3370 = ORIENTED_EDGE('',*,*,#3371,.T.);
#3371 = EDGE_CURVE('',#3280,#2984,#3372,.T.);
#3372 = SURFACE_CURVE('',#3373,(#3377,#3384),.PCURVE_S1.);
#3373 = LINE('',#3374,#3375);
#3374 = CARTESIAN_POINT('',(23.847272980694,-1.77063707081,
    73.45495342269));
#3375 = VECTOR('',#3376,1.);
#3376 = DIRECTION('',(0.639365742696,0.103046691259,-0.76196642084));
#3377 = PCURVE('',#1010,#3378);
#3378 = DEFINITIONAL_REPRESENTATION('',(#3379),#3383);
#3379 = LINE('',#3380,#3381);
#3380 = CARTESIAN_POINT('',(1.484544411857,0.));
#3381 = VECTOR('',#3382,1.);
#3382 = DIRECTION('',(0.,1.));
#3383 = ( GEOMETRIC_REPRESENTATION_CONTEXT(2) 
PARAMETRIC_REPRESENTATION_CONTEXT() REPRESENTATION_CONTEXT('2D SPACE',''
  ) );
#3384 = PCURVE('',#3385,#3390);
#3385 = PLANE('',#3386);
#3386 = AXIS2_PLACEMENT_3D('',#3387,#3388,#3389);
#3387 = CARTESIAN_POINT('',(27.500222215595,18.6,69.101538048433));
#3388 = DIRECTION('',(-0.766044443119,-1.427275208436E-16,
    -0.642787609687));
#3389 = DIRECTION('',(-0.642787609687,1.700960357274E-16,0.766044443119)
  );
#3390 = DEFINITIONAL_REPRESENTATION('',(#3391),#3395);
#3391 = LINE('',#3392,#3393);
#3392 = CARTESIAN_POINT('',(5.682980163046,-20.37063707081));
#3393 = VECTOR('',#3394,1.);
#3394 = DIRECTION('',(-0.994676519991,0.103046691259));
#3395 = ( GEOMETRIC_REPRESENTATION_CONTEXT(2) 
PARAMETRIC_REPRESENTATION_CONTEXT() REPRESENTATION_CONTEXT('2D SPACE',''
  ) );
#3396 = ORIENTED_EDGE('',*,*,#2983,.F.);
#3397 = ORIENTED_EDGE('',*,*,#994,.F.);
#3398 = ADVANCED_FACE('',(#3399),#385,.F.);
#3399 = FACE_BOUND('',#3400,.F.);
#3400 = EDGE_LOOP('',(#3401,#3402,#3403,#3477));
#3401 = ORIENTED_EDGE('',*,*,#3087,.F.);
#3402 = ORIENTED_EDGE('',*,*,#369,.T.);
#3403 = ORIENTED_EDGE('',*,*,#3404,.T.);
#3404 = EDGE_CURVE('',#370,#3405,#3407,.T.);
#3405 = VERTEX_POINT('',#3406);
#3406 = CARTESIAN_POINT('',(-10.,11.755330728816,-1.305103883722E-15));
#3407 = SURFACE_CURVE('',#3408,(#3429,#3453),.PCURVE_S1.);
#3408 = B_SPLINE_CURVE_WITH_KNOTS('',7,(#3409,#3410,#3411,#3412,#3413,
    #3414,#3415,#3416,#3417,#3418,#3419,#3420,#3421,#3422,#3423,#3424,
    #3425,#3426,#3427,#3428),.UNSPECIFIED.,.F.,.F.,(8,6,6,8),(0.,
    0.178573506764,0.55853150815,1.),.UNSPECIFIED.);
#3409 = CARTESIAN_POINT('',(-14.2170927577,9.773372891849,1.731964307443
    ));
#3410 = CARTESIAN_POINT('',(-14.11731247467,9.786705897441,
    1.633374993942));
#3411 = CARTESIAN_POINT('',(-14.01598569225,9.80534433221,1.538636090678
    ));
#3412 = CARTESIAN_POINT('',(-13.91340097418,9.828625234792,
    1.447810831398));
#3413 = CARTESIAN_POINT('',(-13.80980693718,9.855978102605,
    1.360891554698));
#3414 = CARTESIAN_POINT('',(-13.70540693033,9.886914175896,
    1.277821157806));
#3415 = CARTESIAN_POINT('',(-13.6003561053,9.921018427922,1.198509454098
    ));
#3416 = CARTESIAN_POINT('',(-13.27008168165,10.036512835631,
    0.961848941841));
#3417 = CARTESIAN_POINT('',(-13.04238688605,10.12804792501,
    0.816968397891));
#3418 = CARTESIAN_POINT('',(-12.81312975111,10.229166005003,
    0.687593014662));
#3419 = CARTESIAN_POINT('',(-12.58322382638,10.337504041046,
    0.572747671251));
#3420 = CARTESIAN_POINT('',(-12.3530270427,10.451445957256,
    0.471401116394));
#3421 = CARTESIAN_POINT('',(-12.12239531083,10.569994891963,
    0.382613451873));
#3422 = CARTESIAN_POINT('',(-11.62152813288,10.835147165748,
    0.216307693494));
#3423 = CARTESIAN_POINT('',(-11.3515383189,10.98286071127,0.143144395941
    ));
#3424 = CARTESIAN_POINT('',(-11.08128382133,11.134157395005,
    8.546606386568E-02));
#3425 = CARTESIAN_POINT('',(-10.81103287906,11.287857757901,
    4.264725382504E-02));
#3426 = CARTESIAN_POINT('',(-10.54083152323,11.443082245582,
    1.423370218316E-02));
#3427 = CARTESIAN_POINT('',(-10.27056033986,11.599122430766,
    5.238155305958E-08));
#3428 = CARTESIAN_POINT('',(-10.,11.755330728816,-1.386595121207E-15));
#3429 = PCURVE('',#385,#3430);
#3430 = DEFINITIONAL_REPRESENTATION('',(#3431),#3452);
#3431 = B_SPLINE_CURVE_WITH_KNOTS('',7,(#3432,#3433,#3434,#3435,#3436,
    #3437,#3438,#3439,#3440,#3441,#3442,#3443,#3444,#3445,#3446,#3447,
    #3448,#3449,#3450,#3451),.UNSPECIFIED.,.F.,.F.,(8,6,6,8),(0.,
    0.178573506764,0.55853150815,1.),.UNSPECIFIED.);
#3432 = CARTESIAN_POINT('',(3.276014955,-158.2490014198));
#3433 = CARTESIAN_POINT('',(3.32575835098,-158.1492211367));
#3434 = CARTESIAN_POINT('',(3.373949450635,-158.0478943543));
#3435 = CARTESIAN_POINT('',(3.420713364232,-157.9453096362));
#3436 = CARTESIAN_POINT('',(3.466160676067,-157.8417155992));
#3437 = CARTESIAN_POINT('',(3.510393771892,-157.7373155924));
#3438 = CARTESIAN_POINT('',(3.553510929952,-157.6322647674));
#3439 = CARTESIAN_POINT('',(3.685180171115,-157.3019903437));
#3440 = CARTESIAN_POINT('',(3.770354480872,-157.0742955481));
#3441 = CARTESIAN_POINT('',(3.851836150971,-156.8450384132));
#3442 = CARTESIAN_POINT('',(3.930203492485,-156.6151324884));
#3443 = CARTESIAN_POINT('',(4.006011724972,-156.3849357048));
#3444 = CARTESIAN_POINT('',(4.079814761646,-156.1543039729));
#3445 = CARTESIAN_POINT('',(4.236310235673,-155.6534367949));
#3446 = CARTESIAN_POINT('',(4.318316211929,-155.383446981));
#3447 = CARTESIAN_POINT('',(4.398696221716,-155.1131924834));
#3448 = CARTESIAN_POINT('',(4.477875294512,-154.8429415411));
#3449 = CARTESIAN_POINT('',(4.556264077403,-154.5727401853));
#3450 = CARTESIAN_POINT('',(4.634285020961,-154.3024690019));
#3451 = CARTESIAN_POINT('',(4.712388980385,-154.0319086621));
#3452 = ( GEOMETRIC_REPRESENTATION_CONTEXT(2) 
PARAMETRIC_REPRESENTATION_CONTEXT() REPRESENTATION_CONTEXT('2D SPACE',''
  ) );
#3453 = PCURVE('',#414,#3454);
#3454 = DEFINITIONAL_REPRESENTATION('',(#3455),#3476);
#3455 = B_SPLINE_CURVE_WITH_KNOTS('',7,(#3456,#3457,#3458,#3459,#3460,
    #3461,#3462,#3463,#3464,#3465,#3466,#3467,#3468,#3469,#3470,#3471,
    #3472,#3473,#3474,#3475),.UNSPECIFIED.,.F.,.F.,(8,6,6,8),(0.,
    0.178573506764,0.55853150815,1.),.UNSPECIFIED.);
#3456 = CARTESIAN_POINT('',(-3.932994535502,-8.826627108151));
#3457 = CARTESIAN_POINT('',(-3.956373037984,-8.813294102559));
#3458 = CARTESIAN_POINT('',(-3.979483842654,-8.79465566779));
#3459 = CARTESIAN_POINT('',(-4.002306216734,-8.771374765208));
#3460 = CARTESIAN_POINT('',(-4.024830263319,-8.744021897395));
#3461 = CARTESIAN_POINT('',(-4.047054802232,-8.713085824104));
#3462 = CARTESIAN_POINT('',(-4.06898603955,-8.678981572078));
#3463 = CARTESIAN_POINT('',(-4.136704696298,-8.563487164369));
#3464 = CARTESIAN_POINT('',(-4.181616511615,-8.47195207499));
#3465 = CARTESIAN_POINT('',(-4.225394563968,-8.370833994997));
#3466 = CARTESIAN_POINT('',(-4.26813301752,-8.262495958954));
#3467 = CARTESIAN_POINT('',(-4.30997711644,-8.148554042744));
#3468 = CARTESIAN_POINT('',(-4.351120501103,-8.030005108037));
#3469 = CARTESIAN_POINT('',(-4.439079698591,-7.764852834252));
#3470 = CARTESIAN_POINT('',(-4.485627967413,-7.61713928873));
#3471 = CARTESIAN_POINT('',(-4.531577343732,-7.465842604995));
#3472 = CARTESIAN_POINT('',(-4.577067100427,-7.312142242099));
#3473 = CARTESIAN_POINT('',(-4.622250375747,-7.156917754418));
#3474 = CARTESIAN_POINT('',(-4.667295594966,-7.000877569234));
#3475 = CARTESIAN_POINT('',(-4.712388980385,-6.844669271184));
#3476 = ( GEOMETRIC_REPRESENTATION_CONTEXT(2) 
PARAMETRIC_REPRESENTATION_CONTEXT() REPRESENTATION_CONTEXT('2D SPACE',''
  ) );
#3477 = ORIENTED_EDGE('',*,*,#3478,.F.);
#3478 = EDGE_CURVE('',#3088,#3405,#3479,.T.);
#3479 = SURFACE_CURVE('',#3480,(#3484,#3491),.PCURVE_S1.);
#3480 = LINE('',#3481,#3482);
#3481 = CARTESIAN_POINT('',(144.0319086621,11.755330728816,0.));
#3482 = VECTOR('',#3483,1.);
#3483 = DIRECTION('',(-1.,0.,0.));
#3484 = PCURVE('',#385,#3485);
#3485 = DEFINITIONAL_REPRESENTATION('',(#3486),#3490);
#3486 = LINE('',#3487,#3488);
#3487 = CARTESIAN_POINT('',(4.712388980385,0.));
#3488 = VECTOR('',#3489,1.);
#3489 = DIRECTION('',(0.,-1.));
#3490 = ( GEOMETRIC_REPRESENTATION_CONTEXT(2) 
PARAMETRIC_REPRESENTATION_CONTEXT() REPRESENTATION_CONTEXT('2D SPACE',''
  ) );
#3491 = PCURVE('',#2276,#3492);
#3492 = DEFINITIONAL_REPRESENTATION('',(#3493),#3497);
#3493 = LINE('',#3494,#3495);
#3494 = CARTESIAN_POINT('',(5.755542688902,144.0319086621));
#3495 = VECTOR('',#3496,1.);
#3496 = DIRECTION('',(0.,-1.));
#3497 = ( GEOMETRIC_REPRESENTATION_CONTEXT(2) 
PARAMETRIC_REPRESENTATION_CONTEXT() REPRESENTATION_CONTEXT('2D SPACE',''
  ) );
#3498 = ADVANCED_FACE('',(#3499),#982,.F.);
#3499 = FACE_BOUND('',#3500,.F.);
#3500 = EDGE_LOOP('',(#3501,#3502,#3536,#3564));
#3501 = ORIENTED_EDGE('',*,*,#966,.F.);
#3502 = ORIENTED_EDGE('',*,*,#3503,.F.);
#3503 = EDGE_CURVE('',#3504,#967,#3506,.T.);
#3504 = VERTEX_POINT('',#3505);
#3505 = CARTESIAN_POINT('',(20.440218459688,-2.532168971068E-15,
    74.403875234542));
#3506 = SURFACE_CURVE('',#3507,(#3519,#3529),.PCURVE_S1.);
#3507 = B_SPLINE_CURVE_WITH_KNOTS('',10,(#3508,#3509,#3510,#3511,#3512,
    #3513,#3514,#3515,#3516,#3517,#3518),.UNSPECIFIED.,.F.,.F.,(11,11),(
    0.,1.),.PIECEWISE_BEZIER_KNOTS.);
#3508 = CARTESIAN_POINT('',(20.440218459688,-7.523426847161E-16,
    74.403875234542));
#3509 = CARTESIAN_POINT('',(20.530314633301,-7.518088164473E-16,
    74.323345905606));
#3510 = CARTESIAN_POINT('',(20.620341954489,1.203383552109E-03,
    74.242870493596));
#3511 = CARTESIAN_POINT('',(20.710832017746,3.587887750324E-03,
    74.162605096923));
#3512 = CARTESIAN_POINT('',(20.801188467764,7.214361067664E-03,
    74.082662778067));
#3513 = CARTESIAN_POINT('',(20.891804779963,1.188072789296E-02,
    74.002902389268));
#3514 = CARTESIAN_POINT('',(20.98212524347,1.793650242695E-02,
    73.922456196936));
#3515 = CARTESIAN_POINT('',(21.072077367863,2.501741879856E-02,
    73.842510238037));
#3516 = CARTESIAN_POINT('',(21.161435249895,3.350362325427E-02,
    73.761319202147));
#3517 = CARTESIAN_POINT('',(21.25013005043,4.328098362427E-02,
    73.679963948579));
#3518 = CARTESIAN_POINT('',(21.339853062756,5.412648909864E-02,
    73.599768156871));
#3519 = PCURVE('',#982,#3520);
#3520 = DEFINITIONAL_REPRESENTATION('',(#3521),#3528);
#3521 = B_SPLINE_CURVE_WITH_KNOTS('',5,(#3522,#3523,#3524,#3525,#3526,
    #3527),.UNSPECIFIED.,.F.,.F.,(6,6),(0.,1.),
  .PIECEWISE_BEZIER_KNOTS.);
#3522 = CARTESIAN_POINT('',(3.14159265359,-123.5916902024));
#3523 = CARTESIAN_POINT('',(3.168435763235,-123.4114978551));
#3524 = CARTESIAN_POINT('',(3.195323976926,-123.2317573245));
#3525 = CARTESIAN_POINT('',(3.221433509822,-123.0473937974));
#3526 = CARTESIAN_POINT('',(3.24903967826,-122.871501624));
#3527 = CARTESIAN_POINT('',(3.276014955,-122.6920555993));
#3528 = ( GEOMETRIC_REPRESENTATION_CONTEXT(2) 
PARAMETRIC_REPRESENTATION_CONTEXT() REPRESENTATION_CONTEXT('2D SPACE',''
  ) );
#3529 = PCURVE('',#3297,#3530);
#3530 = DEFINITIONAL_REPRESENTATION('',(#3531),#3535);
#3531 = LINE('',#3532,#3533);
#3532 = CARTESIAN_POINT('',(0.,0.));
#3533 = VECTOR('',#3534,1.);
#3534 = DIRECTION('',(1.,0.));
#3535 = ( GEOMETRIC_REPRESENTATION_CONTEXT(2) 
PARAMETRIC_REPRESENTATION_CONTEXT() REPRESENTATION_CONTEXT('2D SPACE',''
  ) );
#3536 = ORIENTED_EDGE('',*,*,#3537,.T.);
#3537 = EDGE_CURVE('',#3504,#3538,#3540,.T.);
#3538 = VERTEX_POINT('',#3539);
#3539 = CARTESIAN_POINT('',(-20.44021845968,-2.532168971068E-15,
    74.403875234542));
#3540 = SURFACE_CURVE('',#3541,(#3545,#3552),.PCURVE_S1.);
#3541 = LINE('',#3542,#3543);
#3542 = CARTESIAN_POINT('',(144.0319086621,0.,74.403875234542));
#3543 = VECTOR('',#3544,1.);
#3544 = DIRECTION('',(-1.,0.,0.));
#3545 = PCURVE('',#982,#3546);
#3546 = DEFINITIONAL_REPRESENTATION('',(#3547),#3551);
#3547 = LINE('',#3548,#3549);
#3548 = CARTESIAN_POINT('',(3.14159265359,0.));
#3549 = VECTOR('',#3550,1.);
#3550 = DIRECTION('',(0.,-1.));
#3551 = ( GEOMETRIC_REPRESENTATION_CONTEXT(2) 
PARAMETRIC_REPRESENTATION_CONTEXT() REPRESENTATION_CONTEXT('2D SPACE',''
  ) );
#3552 = PCURVE('',#3553,#3558);
#3553 = PLANE('',#3554);
#3554 = AXIS2_PLACEMENT_3D('',#3555,#3556,#3557);
#3555 = CARTESIAN_POINT('',(144.0319086621,0.,74.403875234542));
#3556 = DIRECTION('',(0.,1.,0.));
#3557 = DIRECTION('',(0.,0.,1.));
#3558 = DEFINITIONAL_REPRESENTATION('',(#3559),#3563);
#3559 = LINE('',#3560,#3561);
#3560 = CARTESIAN_POINT('',(0.,0.));
#3561 = VECTOR('',#3562,1.);
#3562 = DIRECTION('',(0.,-1.));
#3563 = ( GEOMETRIC_REPRESENTATION_CONTEXT(2) 
PARAMETRIC_REPRESENTATION_CONTEXT() REPRESENTATION_CONTEXT('2D SPACE',''
  ) );
#3564 = ORIENTED_EDGE('',*,*,#3565,.T.);
#3565 = EDGE_CURVE('',#3538,#939,#3566,.T.);
#3566 = SURFACE_CURVE('',#3567,(#3579,#3589),.PCURVE_S1.);
#3567 = B_SPLINE_CURVE_WITH_KNOTS('',10,(#3568,#3569,#3570,#3571,#3572,
    #3573,#3574,#3575,#3576,#3577,#3578),.UNSPECIFIED.,.F.,.F.,(11,11),(
    0.,1.),.PIECEWISE_BEZIER_KNOTS.);
#3568 = CARTESIAN_POINT('',(-20.44021845968,-1.08714431558E-15,
    74.403875234542));
#3569 = CARTESIAN_POINT('',(-20.5303146333,-1.087998226092E-15,
    74.323345905606));
#3570 = CARTESIAN_POINT('',(-20.62034195448,1.203383552097E-03,
    74.242870493601));
#3571 = CARTESIAN_POINT('',(-20.71083201774,3.587887750382E-03,
    74.162605096918));
#3572 = CARTESIAN_POINT('',(-20.80118846775,7.214361067521E-03,
    74.082662778082));
#3573 = CARTESIAN_POINT('',(-20.89180477996,1.188072789313E-02,
    74.002902389256));
#3574 = CARTESIAN_POINT('',(-20.98212524346,1.793650242682E-02,
    73.922456196955));
#3575 = CARTESIAN_POINT('',(-21.07207736786,2.501741879865E-02,
    73.842510238028));
#3576 = CARTESIAN_POINT('',(-21.16143524989,3.350362325423E-02,
    73.761319202156));
#3577 = CARTESIAN_POINT('',(-21.25013005043,4.328098362428E-02,
    73.679963948579));
#3578 = CARTESIAN_POINT('',(-21.33985306275,5.412648909864E-02,
    73.599768156871));
#3579 = PCURVE('',#982,#3580);
#3580 = DEFINITIONAL_REPRESENTATION('',(#3581),#3588);
#3581 = B_SPLINE_CURVE_WITH_KNOTS('',5,(#3582,#3583,#3584,#3585,#3586,
    #3587),.UNSPECIFIED.,.F.,.F.,(6,6),(0.,1.),
  .PIECEWISE_BEZIER_KNOTS.);
#3582 = CARTESIAN_POINT('',(3.14159265359,-164.4721271217));
#3583 = CARTESIAN_POINT('',(3.168435763235,-164.652319469));
#3584 = CARTESIAN_POINT('',(3.195323976926,-164.8320599996));
#3585 = CARTESIAN_POINT('',(3.221433509821,-165.0164235267));
#3586 = CARTESIAN_POINT('',(3.24903967826,-165.1923157002));
#3587 = CARTESIAN_POINT('',(3.276014955,-165.3717617248));
#3588 = ( GEOMETRIC_REPRESENTATION_CONTEXT(2) 
PARAMETRIC_REPRESENTATION_CONTEXT() REPRESENTATION_CONTEXT('2D SPACE',''
  ) );
#3589 = PCURVE('',#3590,#3657);
#3590 = B_SPLINE_SURFACE_WITH_KNOTS('',10,5,(
    (#3591,#3592,#3593,#3594,#3595,#3596)
    ,(#3597,#3598,#3599,#3600,#3601,#3602)
    ,(#3603,#3604,#3605,#3606,#3607,#3608)
    ,(#3609,#3610,#3611,#3612,#3613,#3614)
    ,(#3615,#3616,#3617,#3618,#3619,#3620)
    ,(#3621,#3622,#3623,#3624,#3625,#3626)
    ,(#3627,#3628,#3629,#3630,#3631,#3632)
    ,(#3633,#3634,#3635,#3636,#3637,#3638)
    ,(#3639,#3640,#3641,#3642,#3643,#3644)
    ,(#3645,#3646,#3647,#3648,#3649,#3650)
    ,(#3651,#3652,#3653,#3654,#3655,#3656
    )),.UNSPECIFIED.,.F.,.F.,.F.,(11,11),(6,6),(0.,1.),(0.,1.),
  .PIECEWISE_BEZIER_KNOTS.);
#3591 = CARTESIAN_POINT('',(-20.44021845968,-1.08714431558E-15,
    74.403875234542));
#3592 = CARTESIAN_POINT('',(-20.92153837865,-1.226782697877E-15,
    74.807750601024));
#3593 = CARTESIAN_POINT('',(-21.40330737224,-0.246030008091,
    75.21200278586));
#3594 = CARTESIAN_POINT('',(-21.78383742538,-0.742776713274,
    75.531305413103));
#3595 = CARTESIAN_POINT('',(-21.97230734592,-1.371681469282,
    75.689450453915));
#3596 = CARTESIAN_POINT('',(-21.97230734592,-2.,75.689450453915));
#3597 = CARTESIAN_POINT('',(-20.5303146333,-1.087998226092E-15,
    74.323345905606));
#3598 = CARTESIAN_POINT('',(-21.00931158108,-5.420635372806E-03,
    74.724270988201));
#3599 = CARTESIAN_POINT('',(-21.48878398054,-0.254002359911,
    75.122647987764));
#3600 = CARTESIAN_POINT('',(-21.86855940669,-0.749624814216,
    75.434505348077));
#3601 = CARTESIAN_POINT('',(-22.05906718343,-1.375086820319,
    75.586054105869));
#3602 = CARTESIAN_POINT('',(-22.0631545654,-2.,75.581182953726));
#3603 = CARTESIAN_POINT('',(-20.62034195448,1.203383552097E-03,
    74.242870493601));
#3604 = CARTESIAN_POINT('',(-21.09632938736,-9.543188082603E-03,
    74.641660026651));
#3605 = CARTESIAN_POINT('',(-21.57182626011,-0.262456077766,
    75.038881251179));
#3606 = CARTESIAN_POINT('',(-21.95051711677,-0.756185646728,
    75.335908945726));
#3607 = CARTESIAN_POINT('',(-22.14301476468,-1.377908412711,
    75.486009274319));
#3608 = CARTESIAN_POINT('',(-22.15050021382,-1.999571147582,
    75.477088463418));
#3609 = CARTESIAN_POINT('',(-20.71083201774,3.587887750382E-03,
    74.162605096918));
#3610 = CARTESIAN_POINT('',(-21.18550409486,-1.24479150151E-02,
    74.557181922127));
#3611 = CARTESIAN_POINT('',(-21.66034036634,-0.269460830316,
    74.945928867103));
#3612 = CARTESIAN_POINT('',(-22.0380958753,-0.762568906352,
    75.236564321493));
#3613 = CARTESIAN_POINT('',(-22.23412673245,-1.383234464463,
    75.377426259422));
#3614 = CARTESIAN_POINT('',(-22.2467794,-2.002568149526,75.36234739741)
  );
#3615 = CARTESIAN_POINT('',(-20.80118846775,7.214361067521E-03,
    74.082662778082));
#3616 = CARTESIAN_POINT('',(-21.27181064265,-1.380712874264E-02,
    74.476003999194));
#3617 = CARTESIAN_POINT('',(-21.74206638381,-0.270409855086,
    74.860187957385));
#3618 = CARTESIAN_POINT('',(-22.11888650867,-0.76174301304,
    75.14648072973));
#3619 = CARTESIAN_POINT('',(-22.31415076571,-1.376124324307,
    75.282057330251));
#3620 = CARTESIAN_POINT('',(-22.3292522407,-1.990330403864,
    75.264060093177));
#3621 = CARTESIAN_POINT('',(-20.89180477996,1.188072789313E-02,
    74.002902389256));
#3622 = CARTESIAN_POINT('',(-21.36073092896,-1.450512622282E-02,
    74.392751219606));
#3623 = CARTESIAN_POINT('',(-21.83000220793,-0.281436827049,
    74.767528933416));
#3624 = CARTESIAN_POINT('',(-22.20586626899,-0.774419553059,
    75.050105533277));
#3625 = CARTESIAN_POINT('',(-22.40380175112,-1.396950254828,
    75.175215446351));
#3626 = CARTESIAN_POINT('',(-22.42375432514,-2.013272719926,
    75.151436894588));
#3627 = CARTESIAN_POINT('',(-20.98212524346,1.793650242682E-02,
    73.922456196955));
#3628 = CARTESIAN_POINT('',(-21.44901589931,-1.308014922509E-02,
    74.308672373915));
#3629 = CARTESIAN_POINT('',(-21.91683360991,-0.272575462799,
    74.674991050836));
#3630 = CARTESIAN_POINT('',(-22.29179176201,-0.761522752587,
    74.954279243187));
#3631 = CARTESIAN_POINT('',(-22.49190127957,-1.368855853612,
    75.07022251677));
#3632 = CARTESIAN_POINT('',(-22.5162632247,-1.975411973243,
    75.04118908114));
#3633 = CARTESIAN_POINT('',(-21.07207736786,2.501741879865E-02,
    73.842510238028));
#3634 = CARTESIAN_POINT('',(-21.53507085204,-1.130666416526E-02,
    74.227591484292));
#3635 = CARTESIAN_POINT('',(-21.99852792712,-0.274954840278,
    74.589197699592));
#3636 = CARTESIAN_POINT('',(-22.3725716747,-0.763097355763,
    74.864096307882));
#3637 = CARTESIAN_POINT('',(-22.57217972148,-1.369989529528,
    74.97455039526));
#3638 = CARTESIAN_POINT('',(-22.5990953925,-1.974342608434,
    74.942473547626));
#3639 = CARTESIAN_POINT('',(-21.16143524989,3.350362325423E-02,
    73.761319202156));
#3640 = CARTESIAN_POINT('',(-21.62319881319,-7.55971383222E-03,
    74.142374015655));
#3641 = CARTESIAN_POINT('',(-22.0861802789,-0.271020325948,
    74.496059432953));
#3642 = CARTESIAN_POINT('',(-22.45939581928,-0.756737138382,
    74.764786297869));
#3643 = CARTESIAN_POINT('',(-22.6627252835,-1.35699717838,
    74.866642396399));
#3644 = CARTESIAN_POINT('',(-22.69466957193,-1.955967031818,
    74.828572675903));
#3645 = CARTESIAN_POINT('',(-21.25013005043,4.328098362428E-02,
    73.679963948579));
#3646 = CARTESIAN_POINT('',(-21.70906321726,-2.827386073729E-03,
    74.059116661342));
#3647 = CARTESIAN_POINT('',(-22.1683821034,-0.269659628387,
    74.412070068372));
#3648 = CARTESIAN_POINT('',(-22.54062776512,-0.752394159395,
    74.666152844605));
#3649 = CARTESIAN_POINT('',(-22.74629985637,-1.347589651625,
    74.767042098952));
#3650 = CARTESIAN_POINT('',(-22.78157829187,-1.94239527467,
    74.724998896697));
#3651 = CARTESIAN_POINT('',(-21.33985306275,5.412648909864E-02,
    73.599768156871));
#3652 = CARTESIAN_POINT('',(-21.79644117819,3.244370812062E-03,
    73.976009888476));
#3653 = CARTESIAN_POINT('',(-22.25333650324,-0.265552674525,
    74.323039055982));
#3654 = CARTESIAN_POINT('',(-22.62482423306,-0.746120756479,
    74.569763284718));
#3655 = CARTESIAN_POINT('',(-22.83260916073,-1.337174760126,
    74.664182675398));
#3656 = CARTESIAN_POINT('',(-22.87194194899,-1.927831347868,
    74.617307683687));
#3657 = DEFINITIONAL_REPRESENTATION('',(#3658),#3662);
#3658 = LINE('',#3659,#3660);
#3659 = CARTESIAN_POINT('',(0.,0.));
#3660 = VECTOR('',#3661,1.);
#3661 = DIRECTION('',(1.,0.));
#3662 = ( GEOMETRIC_REPRESENTATION_CONTEXT(2) 
PARAMETRIC_REPRESENTATION_CONTEXT() REPRESENTATION_CONTEXT('2D SPACE',''
  ) );
#3663 = ADVANCED_FACE('',(#3664),#414,.T.);
#3664 = FACE_BOUND('',#3665,.F.);
#3665 = EDGE_LOOP('',(#3666,#3689,#3690,#3691,#3714));
#3666 = ORIENTED_EDGE('',*,*,#3667,.F.);
#3667 = EDGE_CURVE('',#3405,#3668,#3670,.T.);
#3668 = VERTEX_POINT('',#3669);
#3669 = CARTESIAN_POINT('',(-10.,-16.865,2.47246667584E-15));
#3670 = SURFACE_CURVE('',#3671,(#3675,#3682),.PCURVE_S1.);
#3671 = LINE('',#3672,#3673);
#3672 = CARTESIAN_POINT('',(-10.,18.6,-4.130029651606E-15));
#3673 = VECTOR('',#3674,1.);
#3674 = DIRECTION('',(0.,-1.,2.22044604925E-16));
#3675 = PCURVE('',#414,#3676);
#3676 = DEFINITIONAL_REPRESENTATION('',(#3677),#3681);
#3677 = LINE('',#3678,#3679);
#3678 = CARTESIAN_POINT('',(-4.712388980385,0.));
#3679 = VECTOR('',#3680,1.);
#3680 = DIRECTION('',(-0.,-1.));
#3681 = ( GEOMETRIC_REPRESENTATION_CONTEXT(2) 
PARAMETRIC_REPRESENTATION_CONTEXT() REPRESENTATION_CONTEXT('2D SPACE',''
  ) );
#3682 = PCURVE('',#2276,#3683);
#3683 = DEFINITIONAL_REPRESENTATION('',(#3684),#3688);
#3684 = LINE('',#3685,#3686);
#3685 = CARTESIAN_POINT('',(12.600211960086,-10.));
#3686 = VECTOR('',#3687,1.);
#3687 = DIRECTION('',(-1.,0.));
#3688 = ( GEOMETRIC_REPRESENTATION_CONTEXT(2) 
PARAMETRIC_REPRESENTATION_CONTEXT() REPRESENTATION_CONTEXT('2D SPACE',''
  ) );
#3689 = ORIENTED_EDGE('',*,*,#3404,.F.);
#3690 = ORIENTED_EDGE('',*,*,#397,.T.);
#3691 = ORIENTED_EDGE('',*,*,#3692,.T.);
#3692 = EDGE_CURVE('',#398,#3693,#3695,.T.);
#3693 = VERTEX_POINT('',#3694);
#3694 = CARTESIAN_POINT('',(-15.99225415797,-16.865,5.695221217495));
#3695 = SURFACE_CURVE('',#3696,(#3700,#3707),.PCURVE_S1.);
#3696 = LINE('',#3697,#3698);
#3697 = CARTESIAN_POINT('',(-15.99225415797,18.6,5.695221217495));
#3698 = VECTOR('',#3699,1.);
#3699 = DIRECTION('',(0.,-1.,2.22044604925E-16));
#3700 = PCURVE('',#414,#3701);
#3701 = DEFINITIONAL_REPRESENTATION('',(#3702),#3706);
#3702 = LINE('',#3703,#3704);
#3703 = CARTESIAN_POINT('',(-3.1924109876,0.));
#3704 = VECTOR('',#3705,1.);
#3705 = DIRECTION('',(-0.,-1.));
#3706 = ( GEOMETRIC_REPRESENTATION_CONTEXT(2) 
PARAMETRIC_REPRESENTATION_CONTEXT() REPRESENTATION_CONTEXT('2D SPACE',''
  ) );
#3707 = PCURVE('',#447,#3708);
#3708 = DEFINITIONAL_REPRESENTATION('',(#3709),#3713);
#3709 = LINE('',#3710,#3711);
#3710 = CARTESIAN_POINT('',(0.,0.));
#3711 = VECTOR('',#3712,1.);
#3712 = DIRECTION('',(0.,-1.));
#3713 = ( GEOMETRIC_REPRESENTATION_CONTEXT(2) 
PARAMETRIC_REPRESENTATION_CONTEXT() REPRESENTATION_CONTEXT('2D SPACE',''
  ) );
#3714 = ORIENTED_EDGE('',*,*,#3715,.T.);
#3715 = EDGE_CURVE('',#3693,#3668,#3716,.T.);
#3716 = SURFACE_CURVE('',#3717,(#3722,#3729),.PCURVE_S1.);
#3717 = CIRCLE('',#3718,6.);
#3718 = AXIS2_PLACEMENT_3D('',#3719,#3720,#3721);
#3719 = CARTESIAN_POINT('',(-10.,-16.865,6.));
#3720 = DIRECTION('',(0.,-1.,2.2369221865E-16));
#3721 = DIRECTION('',(-0.998709026329,-1.136277367601E-17,
    -5.07964637509E-02));
#3722 = PCURVE('',#414,#3723);
#3723 = DEFINITIONAL_REPRESENTATION('',(#3724),#3728);
#3724 = LINE('',#3725,#3726);
#3725 = CARTESIAN_POINT('',(-3.1924109876,-35.465));
#3726 = VECTOR('',#3727,1.);
#3727 = DIRECTION('',(-1.,0.));
#3728 = ( GEOMETRIC_REPRESENTATION_CONTEXT(2) 
PARAMETRIC_REPRESENTATION_CONTEXT() REPRESENTATION_CONTEXT('2D SPACE',''
  ) );
#3729 = PCURVE('',#3730,#3735);
#3730 = TOROIDAL_SURFACE('',#3731,4.,2.);
#3731 = AXIS2_PLACEMENT_3D('',#3732,#3733,#3734);
#3732 = CARTESIAN_POINT('',(-10.,-16.865,6.));
#3733 = DIRECTION('',(0.,-1.,2.2369221865E-16));
#3734 = DIRECTION('',(-0.998709026329,-1.136277367601E-17,
    -5.07964637509E-02));
#3735 = DEFINITIONAL_REPRESENTATION('',(#3736),#3740);
#3736 = LINE('',#3737,#3738);
#3737 = CARTESIAN_POINT('',(0.,0.));
#3738 = VECTOR('',#3739,1.);
#3739 = DIRECTION('',(1.,0.));
#3740 = ( GEOMETRIC_REPRESENTATION_CONTEXT(2) 
PARAMETRIC_REPRESENTATION_CONTEXT() REPRESENTATION_CONTEXT('2D SPACE',''
  ) );
#3741 = ADVANCED_FACE('',(#3742),#954,.T.);
#3742 = FACE_BOUND('',#3743,.F.);
#3743 = EDGE_LOOP('',(#3744,#3769,#3797,#3826));
#3744 = ORIENTED_EDGE('',*,*,#3745,.T.);
#3745 = EDGE_CURVE('',#939,#3746,#3748,.T.);
#3746 = VERTEX_POINT('',#3747);
#3747 = CARTESIAN_POINT('',(-22.87194194899,-1.927831347868,
    74.617307683687));
#3748 = SURFACE_CURVE('',#3749,(#3756,#3762),.PCURVE_S1.);
#3749 = B_SPLINE_CURVE_WITH_KNOTS('',5,(#3750,#3751,#3752,#3753,#3754,
    #3755),.UNSPECIFIED.,.F.,.F.,(6,6),(0.,1.),
  .PIECEWISE_BEZIER_KNOTS.);
#3750 = CARTESIAN_POINT('',(-21.33985306275,5.412648909864E-02,
    73.599768156871));
#3751 = CARTESIAN_POINT('',(-21.79644117819,3.244370812062E-03,
    73.976009888476));
#3752 = CARTESIAN_POINT('',(-22.25333650324,-0.265552674525,
    74.323039055982));
#3753 = CARTESIAN_POINT('',(-22.62482423306,-0.746120756479,
    74.569763284718));
#3754 = CARTESIAN_POINT('',(-22.83260916073,-1.337174760126,
    74.664182675398));
#3755 = CARTESIAN_POINT('',(-22.87194194899,-1.927831347868,
    74.617307683687));
#3756 = PCURVE('',#954,#3757);
#3757 = DEFINITIONAL_REPRESENTATION('',(#3758),#3761);
#3758 = B_SPLINE_CURVE_WITH_KNOTS('',1,(#3759,#3760),.UNSPECIFIED.,.F.,
  .F.,(2,2),(0.,1.),.PIECEWISE_BEZIER_KNOTS.);
#3759 = CARTESIAN_POINT('',(-7.360778653265E-14,-1.525466515593));
#3760 = CARTESIAN_POINT('',(-1.484544411857,-1.525466515593));
#3761 = ( GEOMETRIC_REPRESENTATION_CONTEXT(2) 
PARAMETRIC_REPRESENTATION_CONTEXT() REPRESENTATION_CONTEXT('2D SPACE',''
  ) );
#3762 = PCURVE('',#3590,#3763);
#3763 = DEFINITIONAL_REPRESENTATION('',(#3764),#3768);
#3764 = LINE('',#3765,#3766);
#3765 = CARTESIAN_POINT('',(1.,0.));
#3766 = VECTOR('',#3767,1.);
#3767 = DIRECTION('',(0.,1.));
#3768 = ( GEOMETRIC_REPRESENTATION_CONTEXT(2) 
PARAMETRIC_REPRESENTATION_CONTEXT() REPRESENTATION_CONTEXT('2D SPACE',''
  ) );
#3769 = ORIENTED_EDGE('',*,*,#3770,.T.);
#3770 = EDGE_CURVE('',#3746,#3771,#3773,.T.);
#3771 = VERTEX_POINT('',#3772);
#3772 = CARTESIAN_POINT('',(-27.50022221559,-1.181890588385,
    69.101538048433));
#3773 = SURFACE_CURVE('',#3774,(#3778,#3785),.PCURVE_S1.);
#3774 = LINE('',#3775,#3776);
#3775 = CARTESIAN_POINT('',(-23.84727298069,-1.77063707081,
    73.454953422689));
#3776 = VECTOR('',#3777,1.);
#3777 = DIRECTION('',(-0.639365742696,0.103046691259,-0.76196642084));
#3778 = PCURVE('',#954,#3779);
#3779 = DEFINITIONAL_REPRESENTATION('',(#3780),#3784);
#3780 = LINE('',#3781,#3782);
#3781 = CARTESIAN_POINT('',(-1.484544411857,0.));
#3782 = VECTOR('',#3783,1.);
#3783 = DIRECTION('',(-0.,1.));
#3784 = ( GEOMETRIC_REPRESENTATION_CONTEXT(2) 
PARAMETRIC_REPRESENTATION_CONTEXT() REPRESENTATION_CONTEXT('2D SPACE',''
  ) );
#3785 = PCURVE('',#3786,#3791);
#3786 = PLANE('',#3787);
#3787 = AXIS2_PLACEMENT_3D('',#3788,#3789,#3790);
#3788 = CARTESIAN_POINT('',(-27.50022221559,18.6,69.101538048433));
#3789 = DIRECTION('',(0.766044443119,-1.427275208436E-16,-0.642787609687
    ));
#3790 = DIRECTION('',(-0.642787609687,-1.700960357274E-16,
    -0.766044443119));
#3791 = DEFINITIONAL_REPRESENTATION('',(#3792),#3796);
#3792 = LINE('',#3793,#3794);
#3793 = CARTESIAN_POINT('',(-5.682980163046,-20.37063707081));
#3794 = VECTOR('',#3795,1.);
#3795 = DIRECTION('',(0.994676519991,0.103046691259));
#3796 = ( GEOMETRIC_REPRESENTATION_CONTEXT(2) 
PARAMETRIC_REPRESENTATION_CONTEXT() REPRESENTATION_CONTEXT('2D SPACE',''
  ) );
#3797 = ORIENTED_EDGE('',*,*,#3798,.F.);
#3798 = EDGE_CURVE('',#851,#3771,#3799,.T.);
#3799 = SURFACE_CURVE('',#3800,(#3805,#3812),.PCURVE_S1.);
#3800 = CIRCLE('',#3801,2.);
#3801 = AXIS2_PLACEMENT_3D('',#3802,#3803,#3804);
#3802 = CARTESIAN_POINT('',(-25.96813332935,-1.181890588385,
    67.81596282906));
#3803 = DIRECTION('',(0.639365742696,-0.103046691259,0.76196642084));
#3804 = DIRECTION('',(2.775557561563E-17,0.990978918484,0.134017846279)
  );
#3805 = PCURVE('',#954,#3806);
#3806 = DEFINITIONAL_REPRESENTATION('',(#3807),#3811);
#3807 = LINE('',#3808,#3809);
#3808 = CARTESIAN_POINT('',(-0.,5.713395308758));
#3809 = VECTOR('',#3810,1.);
#3810 = DIRECTION('',(-1.,0.));
#3811 = ( GEOMETRIC_REPRESENTATION_CONTEXT(2) 
PARAMETRIC_REPRESENTATION_CONTEXT() REPRESENTATION_CONTEXT('2D SPACE',''
  ) );
#3812 = PCURVE('',#888,#3813);
#3813 = DEFINITIONAL_REPRESENTATION('',(#3814),#3825);
#3814 = B_SPLINE_CURVE_WITH_KNOTS('',9,(#3815,#3816,#3817,#3818,#3819,
    #3820,#3821,#3822,#3823,#3824),.UNSPECIFIED.,.F.,.F.,(10,10),(0.,
    1.484544411857),.PIECEWISE_BEZIER_KNOTS.);
#3815 = CARTESIAN_POINT('',(-2.22044604925E-16,10.583769837067));
#3816 = CARTESIAN_POINT('',(0.41937669677,10.583769837067));
#3817 = CARTESIAN_POINT('',(0.808467198652,10.583769837068));
#3818 = CARTESIAN_POINT('',(1.179271553521,10.583769837064));
#3819 = CARTESIAN_POINT('',(1.539898717752,10.58376983707));
#3820 = CARTESIAN_POINT('',(1.897320655223,10.583769837064));
#3821 = CARTESIAN_POINT('',(2.257947819455,10.583769837069));
#3822 = CARTESIAN_POINT('',(2.628752174323,10.583769837066));
#3823 = CARTESIAN_POINT('',(3.017842676205,10.583769837067));
#3824 = CARTESIAN_POINT('',(3.437219372975,10.583769837067));
#3825 = ( GEOMETRIC_REPRESENTATION_CONTEXT(2) 
PARAMETRIC_REPRESENTATION_CONTEXT() REPRESENTATION_CONTEXT('2D SPACE',''
  ) );
#3826 = ORIENTED_EDGE('',*,*,#938,.F.);
#3827 = ADVANCED_FACE('',(#3828),#447,.T.);
#3828 = FACE_BOUND('',#3829,.T.);
#3829 = EDGE_LOOP('',(#3830,#3860,#3885,#3886,#3887,#3888));
#3830 = ORIENTED_EDGE('',*,*,#3831,.T.);
#3831 = EDGE_CURVE('',#3832,#3834,#3836,.T.);
#3832 = VERTEX_POINT('',#3833);
#3833 = CARTESIAN_POINT('',(-17.6286926874,-16.865,37.869231171942));
#3834 = VERTEX_POINT('',#3835);
#3835 = CARTESIAN_POINT('',(-17.6286926874,2.694182238188,
    37.869231171942));
#3836 = SURFACE_CURVE('',#3837,(#3841,#3848),.PCURVE_S1.);
#3837 = LINE('',#3838,#3839);
#3838 = CARTESIAN_POINT('',(-17.6286926874,18.6,37.869231171942));
#3839 = VECTOR('',#3840,1.);
#3840 = DIRECTION('',(0.,1.,-2.22044604925E-16));
#3841 = PCURVE('',#447,#3842);
#3842 = DEFINITIONAL_REPRESENTATION('',(#3843),#3847);
#3843 = LINE('',#3844,#3845);
#3844 = CARTESIAN_POINT('',(32.215599445136,-3.863797158822E-17));
#3845 = VECTOR('',#3846,1.);
#3846 = DIRECTION('',(0.,1.));
#3847 = ( GEOMETRIC_REPRESENTATION_CONTEXT(2) 
PARAMETRIC_REPRESENTATION_CONTEXT() REPRESENTATION_CONTEXT('2D SPACE',''
  ) );
#3848 = PCURVE('',#3849,#3854);
#3849 = PLANE('',#3850);
#3850 = AXIS2_PLACEMENT_3D('',#3851,#3852,#3853);
#3851 = CARTESIAN_POINT('',(-27.50022221559,18.6,49.633661951567));
#3852 = DIRECTION('',(-0.766044443119,-1.427275208436E-16,
    -0.642787609687));
#3853 = DIRECTION('',(-0.642787609687,1.700960357274E-16,0.766044443119)
  );
#3854 = DEFINITIONAL_REPRESENTATION('',(#3855),#3859);
#3855 = LINE('',#3856,#3857);
#3856 = CARTESIAN_POINT('',(-15.35737369456,2.61222838463E-15));
#3857 = VECTOR('',#3858,1.);
#3858 = DIRECTION('',(-0.,1.));
#3859 = ( GEOMETRIC_REPRESENTATION_CONTEXT(2) 
PARAMETRIC_REPRESENTATION_CONTEXT() REPRESENTATION_CONTEXT('2D SPACE',''
  ) );
#3860 = ORIENTED_EDGE('',*,*,#3861,.F.);
#3861 = EDGE_CURVE('',#460,#3834,#3862,.T.);
#3862 = SURFACE_CURVE('',#3863,(#3868,#3875),.PCURVE_S1.);
#3863 = ELLIPSE('',#3864,3.334249481283,2.);
#3864 = AXIS2_PLACEMENT_3D('',#3865,#3866,#3867);
#3865 = CARTESIAN_POINT('',(-17.7971591427,2.420103429225,
    41.181449329008));
#3866 = DIRECTION('',(-0.998709026329,-1.214306433184E-17,
    -5.07964637509E-02));
#3867 = DIRECTION('',(5.037343531306E-02,0.128788463125,-0.990391866273)
  );
#3868 = PCURVE('',#447,#3869);
#3869 = DEFINITIONAL_REPRESENTATION('',(#3870),#3874);
#3870 = ELLIPSE('',#3871,3.334249481283,2.);
#3871 = AXIS2_PLACEMENT_2D('',#3872,#3873);
#3872 = CARTESIAN_POINT('',(35.532099115959,-16.17989657077));
#3873 = DIRECTION('',(-0.991672088831,0.128788463125));
#3874 = ( GEOMETRIC_REPRESENTATION_CONTEXT(2) 
PARAMETRIC_REPRESENTATION_CONTEXT() REPRESENTATION_CONTEXT('2D SPACE',''
  ) );
#3875 = PCURVE('',#498,#3876);
#3876 = DEFINITIONAL_REPRESENTATION('',(#3877),#3884);
#3877 = B_SPLINE_CURVE_WITH_KNOTS('',5,(#3878,#3879,#3880,#3881,#3882,
    #3883),.UNSPECIFIED.,.F.,.F.,(6,6),(4.703880651619,6.360928893353),
  .PIECEWISE_BEZIER_KNOTS.);
#3878 = CARTESIAN_POINT('',(-1.084683744679E-30,12.531228933992));
#3879 = CARTESIAN_POINT('',(-0.331409648347,13.415335490327));
#3880 = CARTESIAN_POINT('',(-0.662816343877,14.303593934254));
#3881 = CARTESIAN_POINT('',(-0.994258444322,14.987230571195));
#3882 = CARTESIAN_POINT('',(-1.325638593387,15.2823477708));
#3883 = CARTESIAN_POINT('',(-1.657048241733,15.213680888599));
#3884 = ( GEOMETRIC_REPRESENTATION_CONTEXT(2) 
PARAMETRIC_REPRESENTATION_CONTEXT() REPRESENTATION_CONTEXT('2D SPACE',''
  ) );
#3885 = ORIENTED_EDGE('',*,*,#459,.F.);
#3886 = ORIENTED_EDGE('',*,*,#431,.T.);
#3887 = ORIENTED_EDGE('',*,*,#3692,.T.);
#3888 = ORIENTED_EDGE('',*,*,#3889,.F.);
#3889 = EDGE_CURVE('',#3832,#3693,#3890,.T.);
#3890 = SURFACE_CURVE('',#3891,(#3895,#3902),.PCURVE_S1.);
#3891 = LINE('',#3892,#3893);
#3892 = CARTESIAN_POINT('',(-17.6286926874,-16.865,37.869231171942));
#3893 = VECTOR('',#3894,1.);
#3894 = DIRECTION('',(5.07964637509E-02,-2.217579511862E-16,
    -0.998709026329));
#3895 = PCURVE('',#447,#3896);
#3896 = DEFINITIONAL_REPRESENTATION('',(#3897),#3901);
#3897 = LINE('',#3898,#3899);
#3898 = CARTESIAN_POINT('',(32.215599445136,-35.465));
#3899 = VECTOR('',#3900,1.);
#3900 = DIRECTION('',(-1.,0.));
#3901 = ( GEOMETRIC_REPRESENTATION_CONTEXT(2) 
PARAMETRIC_REPRESENTATION_CONTEXT() REPRESENTATION_CONTEXT('2D SPACE',''
  ) );
#3902 = PCURVE('',#3903,#3908);
#3903 = CYLINDRICAL_SURFACE('',#3904,2.);
#3904 = AXIS2_PLACEMENT_3D('',#3905,#3906,#3907);
#3905 = CARTESIAN_POINT('',(-15.63127463474,-16.865,37.970824099443));
#3906 = DIRECTION('',(5.07964637509E-02,-2.217579511862E-16,
    -0.998709026329));
#3907 = DIRECTION('',(-0.998709026329,-1.127908072516E-17,
    -5.07964637509E-02));
#3908 = DEFINITIONAL_REPRESENTATION('',(#3909),#3913);
#3909 = LINE('',#3910,#3911);
#3910 = CARTESIAN_POINT('',(-0.,0.));
#3911 = VECTOR('',#3912,1.);
#3912 = DIRECTION('',(-0.,1.));
#3913 = ( GEOMETRIC_REPRESENTATION_CONTEXT(2) 
PARAMETRIC_REPRESENTATION_CONTEXT() REPRESENTATION_CONTEXT('2D SPACE',''
  ) );
#3914 = ADVANCED_FACE('',(#3915),#888,.F.);
#3915 = FACE_BOUND('',#3916,.F.);
#3916 = EDGE_LOOP('',(#3917,#3918,#3988,#4016));
#3917 = ORIENTED_EDGE('',*,*,#3798,.T.);
#3918 = ORIENTED_EDGE('',*,*,#3919,.T.);
#3919 = EDGE_CURVE('',#3771,#3920,#3922,.T.);
#3920 = VERTEX_POINT('',#3921);
#3921 = CARTESIAN_POINT('',(-28.67,-0.921102968816,65.8876));
#3922 = SURFACE_CURVE('',#3923,(#3938,#3945),.PCURVE_S1.);
#3923 = ( BOUNDED_CURVE() B_SPLINE_CURVE(7,(#3924,#3925,#3926,#3927,
    #3928,#3929,#3930,#3931,#3932,#3933,#3934,#3935,#3936,#3937),
.UNSPECIFIED.,.F.,.F.) B_SPLINE_CURVE_WITH_KNOTS((8,6,8),(
    10.583769837067,10.774235207425,14.020989210042),.UNSPECIFIED.) 
CURVE() GEOMETRIC_REPRESENTATION_ITEM() RATIONAL_B_SPLINE_CURVE((1.,1.,
1.,1.,1.,1.,1.,1.,1.,1.,1.,1.,1.,1.)) REPRESENTATION_ITEM('') );
#3924 = CARTESIAN_POINT('',(-27.50022221559,-1.181890588385,
    69.101538048433));
#3925 = CARTESIAN_POINT('',(-27.51758176824,-1.18021188306,69.0808497392
    ));
#3926 = CARTESIAN_POINT('',(-27.53482146171,-1.178515579222,
    69.060040564182));
#3927 = CARTESIAN_POINT('',(-27.55196099281,-1.176801546966,
    69.039078769553));
#3928 = CARTESIAN_POINT('',(-27.56892346777,-1.175070329193,
    69.018081393683));
#3929 = CARTESIAN_POINT('',(-27.58592243534,-1.1733234128,68.99673260531
    ));
#3930 = CARTESIAN_POINT('',(-27.60234423943,-1.171566348671,
    68.975876067676));
#3931 = CARTESIAN_POINT('',(-27.91148101132,-1.139140731949,
    68.577688347435));
#3932 = CARTESIAN_POINT('',(-28.16514099486,-1.105568619321,
    68.16461209024));
#3933 = CARTESIAN_POINT('',(-28.36934504293,-1.069978536932,
    67.725754145751));
#3934 = CARTESIAN_POINT('',(-28.52115581785,-1.033172172775,
    67.270285032615));
#3935 = CARTESIAN_POINT('',(-28.6199308864,-0.996032540378,
    66.810978172046));
#3936 = CARTESIAN_POINT('',(-28.67,-0.958673732481,66.350620856016));
#3937 = CARTESIAN_POINT('',(-28.67,-0.921102968816,65.8876));
#3938 = PCURVE('',#888,#3939);
#3939 = DEFINITIONAL_REPRESENTATION('',(#3940),#3944);
#3940 = LINE('',#3941,#3942);
#3941 = CARTESIAN_POINT('',(3.437219372975,0.));
#3942 = VECTOR('',#3943,1.);
#3943 = DIRECTION('',(0.,1.));
#3944 = ( GEOMETRIC_REPRESENTATION_CONTEXT(2) 
PARAMETRIC_REPRESENTATION_CONTEXT() REPRESENTATION_CONTEXT('2D SPACE',''
  ) );
#3945 = PCURVE('',#3946,#3951);
#3946 = CYLINDRICAL_SURFACE('',#3947,5.);
#3947 = AXIS2_PLACEMENT_3D('',#3948,#3949,#3950);
#3948 = CARTESIAN_POINT('',(-23.67,18.6,65.8876));
#3949 = DIRECTION('',(0.,1.,-2.22044604925E-16));
#3950 = DIRECTION('',(-1.,0.,0.));
#3951 = DEFINITIONAL_REPRESENTATION('',(#3952),#3987);
#3952 = B_SPLINE_CURVE_WITH_KNOTS('',5,(#3953,#3954,#3955,#3956,#3957,
    #3958,#3959,#3960,#3961,#3962,#3963,#3964,#3965,#3966,#3967,#3968,
    #3969,#3970,#3971,#3972,#3973,#3974,#3975,#3976,#3977,#3978,#3979,
    #3980,#3981,#3982,#3983,#3984,#3985,#3986),.UNSPECIFIED.,.F.,.F.,(6,
    4,4,4,4,4,4,4,6),(10.583769837067,10.691182942472,10.744889495175,
    10.771742771527,10.798596047878,11.013422258689,11.443074680311,
    12.302379523554,14.020989210042),.UNSPECIFIED.);
#3953 = CARTESIAN_POINT('',(0.698131700798,-19.78189058838));
#3954 = CARTESIAN_POINT('',(0.693867179272,-19.78056519819));
#3955 = CARTESIAN_POINT('',(0.689600026198,-19.77922797149));
#3956 = CARTESIAN_POINT('',(0.685329440406,-19.77787907719));
#3957 = CARTESIAN_POINT('',(0.681056449259,-19.77651885452));
#3958 = CARTESIAN_POINT('',(0.674647638356,-19.77446229233));
#3959 = CARTESIAN_POINT('',(0.672510843643,-19.77377398902));
#3960 = CARTESIAN_POINT('',(0.670375423741,-19.77308297694));
#3961 = CARTESIAN_POINT('',(0.668237888236,-19.77238886224));
#3962 = CARTESIAN_POINT('',(0.665015091505,-19.771341744));
#3963 = CARTESIAN_POINT('',(0.663938473889,-19.77099173885));
#3964 = CARTESIAN_POINT('',(0.662857011503,-19.770640576));
#3965 = CARTESIAN_POINT('',(0.661768211618,-19.77028806347));
#3966 = CARTESIAN_POINT('',(0.659570951392,-19.76957995506));
#3967 = CARTESIAN_POINT('',(0.65846140615,-19.76922429188));
#3968 = CARTESIAN_POINT('',(0.657363714037,-19.76886953439));
#3969 = CARTESIAN_POINT('',(0.656258912069,-19.76851358852));
#3970 = CARTESIAN_POINT('',(0.646329226107,-19.76530796544));
#3971 = CARTESIAN_POINT('',(0.637493073889,-19.7624317895));
#3972 = CARTESIAN_POINT('',(0.628648679846,-19.75952979942));
#3973 = CARTESIAN_POINT('',(0.619797566853,-19.75660291425));
#3974 = CARTESIAN_POINT('',(0.593228639639,-19.7477503307));
#3975 = CARTESIAN_POINT('',(0.57549496981,-19.74175267715));
#3976 = CARTESIAN_POINT('',(0.557751013211,-19.7356663477));
#3977 = CARTESIAN_POINT('',(0.540005801156,-19.7294983954));
#3978 = CARTESIAN_POINT('',(0.486788291735,-19.71077022249));
#3979 = CARTESIAN_POINT('',(0.45133438086,-19.69798540345));
#3980 = CARTESIAN_POINT('',(0.415963882586,-19.68495698613));
#3981 = CARTESIAN_POINT('',(0.380717222587,-19.67173457941));
#3982 = CARTESIAN_POINT('',(0.275414359876,-19.63161572793));
#3983 = CARTESIAN_POINT('',(0.205791997738,-19.60426403863));
#3984 = CARTESIAN_POINT('',(0.136934248306,-19.57665956838));
#3985 = CARTESIAN_POINT('',(6.8625647559E-02,-19.5489453214));
#3986 = CARTESIAN_POINT('',(1.471045507628E-15,-19.52110296881));
#3987 = ( GEOMETRIC_REPRESENTATION_CONTEXT(2) 
PARAMETRIC_REPRESENTATION_CONTEXT() REPRESENTATION_CONTEXT('2D SPACE',''
  ) );
#3988 = ORIENTED_EDGE('',*,*,#3989,.F.);
#3989 = EDGE_CURVE('',#823,#3920,#3990,.T.);
#3990 = SURFACE_CURVE('',#3991,(#3995,#4002),.PCURVE_S1.);
#3991 = ( BOUNDED_CURVE() B_SPLINE_CURVE(2,(#3992,#3993,#3994),
.UNSPECIFIED.,.F.,.F.) B_SPLINE_CURVE_WITH_KNOTS((3,3),(0.,
3.437219372975),.PIECEWISE_BEZIER_KNOTS.) CURVE() 
GEOMETRIC_REPRESENTATION_ITEM() RATIONAL_B_SPLINE_CURVE((1.,
0.707106781187,1.)) REPRESENTATION_ITEM('') );
#3992 = CARTESIAN_POINT('',(-26.67,1.060854868151,66.155635692557));
#3993 = CARTESIAN_POINT('',(-28.67,1.060854868151,66.155635692557));
#3994 = CARTESIAN_POINT('',(-28.67,-0.921102968816,65.8876));
#3995 = PCURVE('',#888,#3996);
#3996 = DEFINITIONAL_REPRESENTATION('',(#3997),#4001);
#3997 = LINE('',#3998,#3999);
#3998 = CARTESIAN_POINT('',(0.,14.020989210042));
#3999 = VECTOR('',#4000,1.);
#4000 = DIRECTION('',(1.,0.));
#4001 = ( GEOMETRIC_REPRESENTATION_CONTEXT(2) 
PARAMETRIC_REPRESENTATION_CONTEXT() REPRESENTATION_CONTEXT('2D SPACE',''
  ) );
#4002 = PCURVE('',#838,#4003);
#4003 = DEFINITIONAL_REPRESENTATION('',(#4004),#4015);
#4004 = B_SPLINE_CURVE_WITH_KNOTS('',9,(#4005,#4006,#4007,#4008,#4009,
    #4010,#4011,#4012,#4013,#4014),.UNSPECIFIED.,.F.,.F.,(10,10),(0.,
    3.437219372975),.PIECEWISE_BEZIER_KNOTS.);
#4005 = CARTESIAN_POINT('',(1.110223024625E-16,-0.270475675676));
#4006 = CARTESIAN_POINT('',(-0.157134840264,-0.270475675676));
#4007 = CARTESIAN_POINT('',(-0.325774716821,-0.270475675676));
#4008 = CARTESIAN_POINT('',(-0.50456638687,-0.270475675676));
#4009 = CARTESIAN_POINT('',(-0.690744851612,-0.270475675676));
#4010 = CARTESIAN_POINT('',(-0.880051475183,-0.270475675676));
#4011 = CARTESIAN_POINT('',(-1.066229939925,-0.270475675676));
#4012 = CARTESIAN_POINT('',(-1.245021609974,-0.270475675676));
#4013 = CARTESIAN_POINT('',(-1.413661486531,-0.270475675676));
#4014 = CARTESIAN_POINT('',(-1.570796326795,-0.270475675676));
#4015 = ( GEOMETRIC_REPRESENTATION_CONTEXT(2) 
PARAMETRIC_REPRESENTATION_CONTEXT() REPRESENTATION_CONTEXT('2D SPACE',''
  ) );
#4016 = ORIENTED_EDGE('',*,*,#850,.F.);
#4017 = ADVANCED_FACE('',(#4018),#838,.T.);
#4018 = FACE_BOUND('',#4019,.F.);
#4019 = EDGE_LOOP('',(#4020,#4021,#4022,#4050));
#4020 = ORIENTED_EDGE('',*,*,#822,.F.);
#4021 = ORIENTED_EDGE('',*,*,#3989,.T.);
#4022 = ORIENTED_EDGE('',*,*,#4023,.T.);
#4023 = EDGE_CURVE('',#3920,#4024,#4026,.T.);
#4024 = VERTEX_POINT('',#4025);
#4025 = CARTESIAN_POINT('',(-28.67,-0.620874968816,63.6676));
#4026 = SURFACE_CURVE('',#4027,(#4031,#4038),.PCURVE_S1.);
#4027 = LINE('',#4028,#4029);
#4028 = CARTESIAN_POINT('',(-28.67,-0.884854401291,65.619564307443));
#4029 = VECTOR('',#4030,1.);
#4030 = DIRECTION('',(0.,0.134017846279,-0.990978918484));
#4031 = PCURVE('',#838,#4032);
#4032 = DEFINITIONAL_REPRESENTATION('',(#4033),#4037);
#4033 = LINE('',#4034,#4035);
#4034 = CARTESIAN_POINT('',(-1.570796326795,0.));
#4035 = VECTOR('',#4036,1.);
#4036 = DIRECTION('',(-0.,1.));
#4037 = ( GEOMETRIC_REPRESENTATION_CONTEXT(2) 
PARAMETRIC_REPRESENTATION_CONTEXT() REPRESENTATION_CONTEXT('2D SPACE',''
  ) );
#4038 = PCURVE('',#4039,#4044);
#4039 = PLANE('',#4040);
#4040 = AXIS2_PLACEMENT_3D('',#4041,#4042,#4043);
#4041 = CARTESIAN_POINT('',(-28.67,18.6,62.6676));
#4042 = DIRECTION('',(1.,0.,0.));
#4043 = DIRECTION('',(-0.,-2.22044604925E-16,-1.));
#4044 = DEFINITIONAL_REPRESENTATION('',(#4045),#4049);
#4045 = LINE('',#4046,#4047);
#4046 = CARTESIAN_POINT('',(-2.951964307443,-19.48485440129));
#4047 = VECTOR('',#4048,1.);
#4048 = DIRECTION('',(0.990978918484,0.134017846279));
#4049 = ( GEOMETRIC_REPRESENTATION_CONTEXT(2) 
PARAMETRIC_REPRESENTATION_CONTEXT() REPRESENTATION_CONTEXT('2D SPACE',''
  ) );
#4050 = ORIENTED_EDGE('',*,*,#4051,.F.);
#4051 = EDGE_CURVE('',#795,#4024,#4052,.T.);
#4052 = SURFACE_CURVE('',#4053,(#4070,#4106),.PCURVE_S1.);
#4053 = ( BOUNDED_CURVE() B_SPLINE_CURVE(8,(#4054,#4055,#4056,#4057,
    #4058,#4059,#4060,#4061,#4062,#4063,#4064,#4065,#4066,#4067,#4068,
#4069),.UNSPECIFIED.,.F.,.F.) B_SPLINE_CURVE_WITH_KNOTS((9,7,9),(
3.000000000003,6.156491912282,6.291145965525),.UNSPECIFIED.) CURVE() 
GEOMETRIC_REPRESENTATION_ITEM() RATIONAL_B_SPLINE_CURVE((1.,1.,1.,1.,1.,
1.,1.,1.,1.,1.,1.,1.,1.,1.,1.,1.)) REPRESENTATION_ITEM('') );
#4054 = CARTESIAN_POINT('',(-26.67,1.379207151913,63.801617846279));
#4055 = CARTESIAN_POINT('',(-27.03231072001,1.379207151913,
    63.801617846279));
#4056 = CARTESIAN_POINT('',(-27.39467076152,1.304230051465,
    63.796629567702));
#4057 = CARTESIAN_POINT('',(-27.74113145932,1.153937682642,
    63.786629695065));
#4058 = CARTESIAN_POINT('',(-28.05711143208,0.932003012156,
    63.771839506036));
#4059 = CARTESIAN_POINT('',(-28.323651801,0.639819511288,63.75225471716)
  );
#4060 = CARTESIAN_POINT('',(-28.52258356661,0.294153180427,
    63.729079457923));
#4061 = CARTESIAN_POINT('',(-28.6386364101,-9.03374834286E-02,
    63.703226363496));
#4062 = CARTESIAN_POINT('',(-28.66656662631,-0.502519369158,
    63.675546258009));
#4063 = CARTESIAN_POINT('',(-28.66755060558,-0.519456206045,
    63.674401971459));
#4064 = CARTESIAN_POINT('',(-28.66836656371,-0.536350268946,
    63.673267365503));
#4065 = CARTESIAN_POINT('',(-28.66901983256,-0.553252118969,
    63.672133060609));
#4066 = CARTESIAN_POINT('',(-28.66951057668,-0.570164604571,
    63.670997895836));
#4067 = CARTESIAN_POINT('',(-28.66983656243,-0.58706419182,
    63.669865652235));
#4068 = CARTESIAN_POINT('',(-28.67,-0.603970239087,63.668732721225));
#4069 = CARTESIAN_POINT('',(-28.67,-0.620874968816,63.6676));
#4070 = PCURVE('',#838,#4071);
#4071 = DEFINITIONAL_REPRESENTATION('',(#4072),#4105);
#4072 = B_SPLINE_CURVE_WITH_KNOTS('',6,(#4073,#4074,#4075,#4076,#4077,
    #4078,#4079,#4080,#4081,#4082,#4083,#4084,#4085,#4086,#4087,#4088,
    #4089,#4090,#4091,#4092,#4093,#4094,#4095,#4096,#4097,#4098,#4099,
    #4100,#4101,#4102,#4103,#4104),.UNSPECIFIED.,.F.,.F.,(7,5,5,5,5,5,7)
  ,(3.000000000003,4.645572982764,5.468359474145,5.879752719835,
    6.08544934268,6.188297654103,6.291145965525),.UNSPECIFIED.);
#4073 = CARTESIAN_POINT('',(-7.142788969494E-15,2.104971271148));
#4074 = CARTESIAN_POINT('',(-0.125922226063,2.104971271148));
#4075 = CARTESIAN_POINT('',(-0.25184406806,2.102379029601));
#4076 = CARTESIAN_POINT('',(-0.378266563823,2.09719895586));
#4077 = CARTESIAN_POINT('',(-0.505673441688,2.08948711091));
#4078 = CARTESIAN_POINT('',(-0.634434666034,2.079388797453));
#4079 = CARTESIAN_POINT('',(-0.829847641196,2.061069826265));
#4080 = CARTESIAN_POINT('',(-0.895365530448,2.054435140369));
#4081 = CARTESIAN_POINT('',(-0.961285860516,2.047306138633));
#4082 = CARTESIAN_POINT('',(-1.027624289825,2.039725427772));
#4083 = CARTESIAN_POINT('',(-1.09438992527,2.031744174889));
#4084 = CARTESIAN_POINT('',(-1.195183020686,2.019261073761));
#4085 = CARTESIAN_POINT('',(-1.228887884533,2.015014866687));
#4086 = CARTESIAN_POINT('',(-1.26270064232,2.010690934927));
#4087 = CARTESIAN_POINT('',(-1.296620382475,2.006297352219));
#4088 = CARTESIAN_POINT('',(-1.330644553284,2.001842817366));
#4089 = CARTESIAN_POINT('',(-1.381831167702,1.995083572667));
#4090 = CARTESIAN_POINT('',(-1.398918615226,1.992817538738));
#4091 = CARTESIAN_POINT('',(-1.416030333062,1.990539798654));
#4092 = CARTESIAN_POINT('',(-1.433165348802,1.988251598625));
#4093 = CARTESIAN_POINT('',(-1.450322690041,1.985954184858));
#4094 = CARTESIAN_POINT('',(-1.476090731536,1.982496112913));
#4095 = CARTESIAN_POINT('',(-1.484682181453,1.981340968628));
#4096 = CARTESIAN_POINT('',(-1.493296236081,1.980186540359));
#4097 = CARTESIAN_POINT('',(-1.501873063712,1.979024666107));
#4098 = CARTESIAN_POINT('',(-1.51050701931,1.977868034871));
#4099 = CARTESIAN_POINT('',(-1.527746664846,1.975549133289));
#4100 = CARTESIAN_POINT('',(-1.536361527576,1.974387836686));
#4101 = CARTESIAN_POINT('',(-1.544972677702,1.973225156329));
#4102 = CARTESIAN_POINT('',(-1.553581362658,1.972061554275));
#4103 = CARTESIAN_POINT('',(-1.562188829878,1.970897492583));
#4104 = CARTESIAN_POINT('',(-1.570796326795,1.96973343331));
#4105 = ( GEOMETRIC_REPRESENTATION_CONTEXT(2) 
PARAMETRIC_REPRESENTATION_CONTEXT() REPRESENTATION_CONTEXT('2D SPACE',''
  ) );
#4106 = PCURVE('',#4107,#4156);
#4107 = ( BOUNDED_SURFACE() B_SPLINE_SURFACE(2,8,(
    (#4108,#4109,#4110,#4111,#4112,#4113,#4114,#4115,#4116,#4117,#4118
      ,#4119,#4120,#4121,#4122,#4123)
    ,(#4124,#4125,#4126,#4127,#4128,#4129,#4130,#4131,#4132,#4133,#4134
      ,#4135,#4136,#4137,#4138,#4139)
    ,(#4140,#4141,#4142,#4143,#4144,#4145,#4146,#4147,#4148,#4149,#4150
      ,#4151,#4152,#4153,#4154,#4155
)),.UNSPECIFIED.,.F.,.F.,.F.) B_SPLINE_SURFACE_WITH_KNOTS((3,3),(9,7,9),
  (0.,3.291145965522),(3.000000000003,6.156491912282,6.291145965525),
.UNSPECIFIED.) GEOMETRIC_REPRESENTATION_ITEM() RATIONAL_B_SPLINE_SURFACE
((
    (1.,1.,1.,1.,1.,1.,1.,1.,1.,1.,1.,1.,1.,1.,1.,1.)
    ,(0.6580205748,0.6580205748,0.659915920142,0.663714286617
      ,0.669304932857,0.676620959292,0.685133946287,0.694460742072
      ,0.704291866193,0.704698018422,0.705100463686,0.70550254242
      ,0.705904667148,0.706305492307,0.706706303757,0.707106781187)
    ,(1.,1.,1.,1.,1.,1.,1.,1.,1.,1.,1.,1.,1.,1.,1.,1.
))) REPRESENTATION_ITEM('') SURFACE() );
#4108 = CARTESIAN_POINT('',(-26.67,0.38822823343,62.6676));
#4109 = CARTESIAN_POINT('',(-26.835962078,0.388228233429,62.6676));
#4110 = CARTESIAN_POINT('',(-27.00195831355,0.357124905961,62.6676));
#4111 = CARTESIAN_POINT('',(-27.16381042446,0.293924612195,62.6676));
#4112 = CARTESIAN_POINT('',(-27.31787885096,0.200859916764,62.6676));
#4113 = CARTESIAN_POINT('',(-27.45753280431,6.678409458094E-02,62.6676)
  );
#4114 = CARTESIAN_POINT('',(-27.56518860454,-9.467641763055E-02,62.6676)
  );
#4115 = CARTESIAN_POINT('',(-27.63966934462,-0.280920998829,62.6676));
#4116 = CARTESIAN_POINT('',(-27.66657379246,-0.498539262516,62.6676));
#4117 = CARTESIAN_POINT('',(-27.66760663588,-0.519406644267,62.6676));
#4118 = CARTESIAN_POINT('',(-27.66836433008,-0.536507896926,62.6676));
#4119 = CARTESIAN_POINT('',(-27.66901711646,-0.553031785184,62.6676));
#4120 = CARTESIAN_POINT('',(-27.66953410652,-0.570321877138,62.6676));
#4121 = CARTESIAN_POINT('',(-27.66983020747,-0.587015063123,62.6676));
#4122 = CARTESIAN_POINT('',(-27.67,-0.603970239087,62.6676));
#4123 = CARTESIAN_POINT('',(-27.67,-0.620874968816,62.6676));
#4124 = CARTESIAN_POINT('',(-26.67,1.532569273514,62.6676));
#4125 = CARTESIAN_POINT('',(-27.06269728397,1.532569273513,62.6676));
#4126 = CARTESIAN_POINT('',(-27.45317074279,1.444473721303,62.6676));
#4127 = CARTESIAN_POINT('',(-27.81991899731,1.269472048641,62.6676));
#4128 = CARTESIAN_POINT('',(-28.14322768286,1.015525397316,62.6676));
#4129 = CARTESIAN_POINT('',(-28.40306556102,0.691359890832,62.6676));
#4130 = CARTESIAN_POINT('',(-28.58391331949,0.318722390365,62.6676));
#4131 = CARTESIAN_POINT('',(-28.67482708187,-8.309173871681E-02,62.6676)
  );
#4132 = CARTESIAN_POINT('',(-28.67457521329,-0.502550749768,62.6676));
#4133 = CARTESIAN_POINT('',(-28.67439660541,-0.519429527275,62.6676));
#4134 = CARTESIAN_POINT('',(-28.67406399839,-0.536329399944,62.6676));
#4135 = CARTESIAN_POINT('',(-28.67357139556,-0.553235115803,62.6676));
#4136 = CARTESIAN_POINT('',(-28.67291799755,-0.57013959763,62.6676));
#4137 = CARTESIAN_POINT('',(-28.67210615028,-0.587049228371,62.6676));
#4138 = CARTESIAN_POINT('',(-28.67113336311,-0.603960659488,62.6676));
#4139 = CARTESIAN_POINT('',(-28.67,-0.620874968816,62.6676));
#4140 = CARTESIAN_POINT('',(-26.67,1.379207151913,63.801617846279));
#4141 = CARTESIAN_POINT('',(-27.03231072001,1.379207151913,
    63.801617846279));
#4142 = CARTESIAN_POINT('',(-27.39467076152,1.304230051465,
    63.796629567702));
#4143 = CARTESIAN_POINT('',(-27.74113145932,1.153937682642,
    63.786629695065));
#4144 = CARTESIAN_POINT('',(-28.05711143208,0.932003012156,
    63.771839506036));
#4145 = CARTESIAN_POINT('',(-28.323651801,0.639819511288,63.75225471716)
  );
#4146 = CARTESIAN_POINT('',(-28.52258356661,0.294153180427,
    63.729079457923));
#4147 = CARTESIAN_POINT('',(-28.6386364101,-9.03374834286E-02,
    63.703226363496));
#4148 = CARTESIAN_POINT('',(-28.66656662631,-0.502519369158,
    63.675546258009));
#4149 = CARTESIAN_POINT('',(-28.66755060558,-0.519456206045,
    63.674401971459));
#4150 = CARTESIAN_POINT('',(-28.66836656371,-0.536350268946,
    63.673267365503));
#4151 = CARTESIAN_POINT('',(-28.66901983256,-0.553252118969,
    63.672133060609));
#4152 = CARTESIAN_POINT('',(-28.66951057668,-0.570164604571,
    63.670997895836));
#4153 = CARTESIAN_POINT('',(-28.66983656243,-0.58706419182,
    63.669865652235));
#4154 = CARTESIAN_POINT('',(-28.67,-0.603970239087,63.668732721225));
#4155 = CARTESIAN_POINT('',(-28.67,-0.620874968816,63.6676));
#4156 = DEFINITIONAL_REPRESENTATION('',(#4157),#4161);
#4157 = LINE('',#4158,#4159);
#4158 = CARTESIAN_POINT('',(3.291145965522,0.));
#4159 = VECTOR('',#4160,1.);
#4160 = DIRECTION('',(0.,1.));
#4161 = ( GEOMETRIC_REPRESENTATION_CONTEXT(2) 
PARAMETRIC_REPRESENTATION_CONTEXT() REPRESENTATION_CONTEXT('2D SPACE',''
  ) );
#4162 = ADVANCED_FACE('',(#4163),#498,.T.);
#4163 = FACE_BOUND('',#4164,.F.);
#4164 = EDGE_LOOP('',(#4165,#4195,#4216,#4217));
#4165 = ORIENTED_EDGE('',*,*,#4166,.T.);
#4166 = EDGE_CURVE('',#483,#4167,#4169,.T.);
#4167 = VERTEX_POINT('',#4168);
#4168 = CARTESIAN_POINT('',(-27.50022221559,1.103186056158,
    49.633661951567));
#4169 = SURFACE_CURVE('',#4170,(#4174,#4188),.PCURVE_S1.);
#4170 = ( BOUNDED_CURVE() B_SPLINE_CURVE(2,(#4171,#4172,#4173),
.UNSPECIFIED.,.F.,.F.) B_SPLINE_CURVE_WITH_KNOTS((3,3),(0.,
3.562283347321),.PIECEWISE_BEZIER_KNOTS.) CURVE() 
GEOMETRIC_REPRESENTATION_ITEM() RATIONAL_B_SPLINE_CURVE((1.,
0.675964122175,1.)) REPRESENTATION_ITEM('') );
#4171 = CARTESIAN_POINT('',(-25.96813332935,3.085143893125,
    51.187272863498));
#4172 = CARTESIAN_POINT('',(-27.64464536331,3.271974169113,
    49.80577875671));
#4173 = CARTESIAN_POINT('',(-27.50022221559,1.103186056158,
    49.633661951567));
#4174 = PCURVE('',#498,#4175);
#4175 = DEFINITIONAL_REPRESENTATION('',(#4176),#4187);
#4176 = B_SPLINE_CURVE_WITH_KNOTS('',9,(#4177,#4178,#4179,#4180,#4181,
    #4182,#4183,#4184,#4185,#4186),.UNSPECIFIED.,.F.,.F.,(10,10),(0.,
    3.562283347321),.PIECEWISE_BEZIER_KNOTS.);
#4177 = CARTESIAN_POINT('',(1.110223024625E-16,-0.225885026473));
#4178 = CARTESIAN_POINT('',(-0.163763229496,-0.225885026473));
#4179 = CARTESIAN_POINT('',(-0.340791417614,-0.225885026473));
#4180 = CARTESIAN_POINT('',(-0.52976410351,-0.225885026473));
#4181 = CARTESIAN_POINT('',(-0.727617076058,-0.225885026473));
#4182 = CARTESIAN_POINT('',(-0.929431165675,-0.225885026473));
#4183 = CARTESIAN_POINT('',(-1.127284138223,-0.225885026473));
#4184 = CARTESIAN_POINT('',(-1.31625682412,-0.225885026473));
#4185 = CARTESIAN_POINT('',(-1.493285012237,-0.225885026473));
#4186 = CARTESIAN_POINT('',(-1.657048241733,-0.225885026473));
#4187 = ( GEOMETRIC_REPRESENTATION_CONTEXT(2) 
PARAMETRIC_REPRESENTATION_CONTEXT() REPRESENTATION_CONTEXT('2D SPACE',''
  ) );
#4188 = PCURVE('',#548,#4189);
#4189 = DEFINITIONAL_REPRESENTATION('',(#4190),#4194);
#4190 = LINE('',#4191,#4192);
#4191 = CARTESIAN_POINT('',(0.,6.541119982877));
#4192 = VECTOR('',#4193,1.);
#4193 = DIRECTION('',(1.,0.));
#4194 = ( GEOMETRIC_REPRESENTATION_CONTEXT(2) 
PARAMETRIC_REPRESENTATION_CONTEXT() REPRESENTATION_CONTEXT('2D SPACE',''
  ) );
#4195 = ORIENTED_EDGE('',*,*,#4196,.T.);
#4196 = EDGE_CURVE('',#4167,#3834,#4197,.T.);
#4197 = SURFACE_CURVE('',#4198,(#4202,#4209),.PCURVE_S1.);
#4198 = LINE('',#4199,#4200);
#4199 = CARTESIAN_POINT('',(-27.35579906788,1.126462760741,
    49.461545146424));
#4200 = VECTOR('',#4201,1.);
#4201 = DIRECTION('',(0.639365742696,0.103046691259,-0.76196642084));
#4202 = PCURVE('',#498,#4203);
#4203 = DEFINITIONAL_REPRESENTATION('',(#4204),#4208);
#4204 = LINE('',#4205,#4206);
#4205 = CARTESIAN_POINT('',(-1.657048241733,0.));
#4206 = VECTOR('',#4207,1.);
#4207 = DIRECTION('',(-0.,1.));
#4208 = ( GEOMETRIC_REPRESENTATION_CONTEXT(2) 
PARAMETRIC_REPRESENTATION_CONTEXT() REPRESENTATION_CONTEXT('2D SPACE',''
  ) );
#4209 = PCURVE('',#3849,#4210);
#4210 = DEFINITIONAL_REPRESENTATION('',(#4211),#4215);
#4211 = LINE('',#4212,#4213);
#4212 = CARTESIAN_POINT('',(-0.22468253205,-17.47353723925));
#4213 = VECTOR('',#4214,1.);
#4214 = DIRECTION('',(-0.994676519991,0.103046691259));
#4215 = ( GEOMETRIC_REPRESENTATION_CONTEXT(2) 
PARAMETRIC_REPRESENTATION_CONTEXT() REPRESENTATION_CONTEXT('2D SPACE',''
  ) );
#4216 = ORIENTED_EDGE('',*,*,#3861,.F.);
#4217 = ORIENTED_EDGE('',*,*,#482,.F.);
#4218 = ADVANCED_FACE('',(#4219),#810,.T.);
#4219 = FACE_BOUND('',#4220,.F.);
#4220 = EDGE_LOOP('',(#4221,#4249,#4250,#4315));
#4221 = ORIENTED_EDGE('',*,*,#4222,.T.);
#4222 = EDGE_CURVE('',#4223,#767,#4225,.T.);
#4223 = VERTEX_POINT('',#4224);
#4224 = CARTESIAN_POINT('',(-23.67,0.38822823343,62.6676));
#4225 = SURFACE_CURVE('',#4226,(#4231,#4238),.PCURVE_S1.);
#4226 = CIRCLE('',#4227,1.);
#4227 = AXIS2_PLACEMENT_3D('',#4228,#4229,#4230);
#4228 = CARTESIAN_POINT('',(-23.67,0.38822823343,63.6676));
#4229 = DIRECTION('',(1.,0.,-0.));
#4230 = DIRECTION('',(0.,1.,2.22044604925E-16));
#4231 = PCURVE('',#810,#4232);
#4232 = DEFINITIONAL_REPRESENTATION('',(#4233),#4237);
#4233 = LINE('',#4234,#4235);
#4234 = CARTESIAN_POINT('',(4.712388980385,7.105427357601E-15));
#4235 = VECTOR('',#4236,1.);
#4236 = DIRECTION('',(-1.,0.));
#4237 = ( GEOMETRIC_REPRESENTATION_CONTEXT(2) 
PARAMETRIC_REPRESENTATION_CONTEXT() REPRESENTATION_CONTEXT('2D SPACE',''
  ) );
#4238 = PCURVE('',#782,#4239);
#4239 = DEFINITIONAL_REPRESENTATION('',(#4240),#4248);
#4240 = ( BOUNDED_CURVE() B_SPLINE_CURVE(2,(#4241,#4242,#4243,#4244,
#4245,#4246,#4247),.UNSPECIFIED.,.T.,.F.) B_SPLINE_CURVE_WITH_KNOTS((1,2
    ,2,2,2,1),(-2.094395102393,0.,2.094395102393,4.188790204786,
6.28318530718,8.377580409573),.UNSPECIFIED.) CURVE() 
GEOMETRIC_REPRESENTATION_ITEM() RATIONAL_B_SPLINE_CURVE((1.,0.5,1.,0.5,
1.,0.5,1.)) REPRESENTATION_ITEM('') );
#4241 = CARTESIAN_POINT('',(-2.22,-17.21177176657));
#4242 = CARTESIAN_POINT('',(-0.487949192431,-17.21177176657));
#4243 = CARTESIAN_POINT('',(-1.353974596216,-18.71177176657));
#4244 = CARTESIAN_POINT('',(-2.22,-20.21177176657));
#4245 = CARTESIAN_POINT('',(-3.086025403784,-18.71177176657));
#4246 = CARTESIAN_POINT('',(-3.952050807569,-17.21177176657));
#4247 = CARTESIAN_POINT('',(-2.22,-17.21177176657));
#4248 = ( GEOMETRIC_REPRESENTATION_CONTEXT(2) 
PARAMETRIC_REPRESENTATION_CONTEXT() REPRESENTATION_CONTEXT('2D SPACE',''
  ) );
#4249 = ORIENTED_EDGE('',*,*,#794,.T.);
#4250 = ORIENTED_EDGE('',*,*,#4251,.F.);
#4251 = EDGE_CURVE('',#4252,#795,#4254,.T.);
#4252 = VERTEX_POINT('',#4253);
#4253 = CARTESIAN_POINT('',(-26.67,0.38822823343,62.6676));
#4254 = SURFACE_CURVE('',#4255,(#4260,#4267),.PCURVE_S1.);
#4255 = CIRCLE('',#4256,1.);
#4256 = AXIS2_PLACEMENT_3D('',#4257,#4258,#4259);
#4257 = CARTESIAN_POINT('',(-26.67,0.38822823343,63.6676));
#4258 = DIRECTION('',(1.,0.,0.));
#4259 = DIRECTION('',(0.,-2.22044604925E-16,-1.));
#4260 = PCURVE('',#810,#4261);
#4261 = DEFINITIONAL_REPRESENTATION('',(#4262),#4266);
#4262 = LINE('',#4263,#4264);
#4263 = CARTESIAN_POINT('',(-0.,3.));
#4264 = VECTOR('',#4265,1.);
#4265 = DIRECTION('',(-1.,0.));
#4266 = ( GEOMETRIC_REPRESENTATION_CONTEXT(2) 
PARAMETRIC_REPRESENTATION_CONTEXT() REPRESENTATION_CONTEXT('2D SPACE',''
  ) );
#4267 = PCURVE('',#4107,#4268);
#4268 = DEFINITIONAL_REPRESENTATION('',(#4269),#4314);
#4269 = B_SPLINE_CURVE_WITH_KNOTS('',8,(#4270,#4271,#4272,#4273,#4274,
    #4275,#4276,#4277,#4278,#4279,#4280,#4281,#4282,#4283,#4284,#4285,
    #4286,#4287,#4288,#4289,#4290,#4291,#4292,#4293,#4294,#4295,#4296,
    #4297,#4298,#4299,#4300,#4301,#4302,#4303,#4304,#4305,#4306,#4307,
    #4308,#4309,#4310,#4311,#4312,#4313),.UNSPECIFIED.,.F.,.F.,(9,7,7,7,
    7,7,9),(0.,0.213152328526,0.426304657051,0.852609314102,
    1.278913971154,1.492066299679,1.705218628205),.UNSPECIFIED.);
#4270 = CARTESIAN_POINT('',(-6.938893903907E-16,3.000000000003));
#4271 = CARTESIAN_POINT('',(5.822671593755E-02,3.000000000003));
#4272 = CARTESIAN_POINT('',(0.115648656641,3.000000000003));
#4273 = CARTESIAN_POINT('',(0.172314602146,3.000000000003));
#4274 = CARTESIAN_POINT('',(0.228277039723,3.000000000003));
#4275 = CARTESIAN_POINT('',(0.283575204713,3.000000000003));
#4276 = CARTESIAN_POINT('',(0.338256009162,3.000000000003));
#4277 = CARTESIAN_POINT('',(0.392357929921,3.000000000003));
#4278 = CARTESIAN_POINT('',(0.499481754645,3.000000000003));
#4279 = CARTESIAN_POINT('',(0.552503704133,3.000000000003));
#4280 = CARTESIAN_POINT('',(0.605024138586,3.000000000003));
#4281 = CARTESIAN_POINT('',(0.657079659512,3.000000000003));
#4282 = CARTESIAN_POINT('',(0.708705219004,3.000000000003));
#4283 = CARTESIAN_POINT('',(0.759934316655,3.000000000003));
#4284 = CARTESIAN_POINT('',(0.810799196468,3.000000000003));
#4285 = CARTESIAN_POINT('',(0.962394738375,3.000000000003));
#4286 = CARTESIAN_POINT('',(1.062126288299,3.000000000003));
#4287 = CARTESIAN_POINT('',(1.160775004067,3.000000000003));
#4288 = CARTESIAN_POINT('',(1.25857313295,3.000000000003));
#4289 = CARTESIAN_POINT('',(1.355740858323,3.000000000003));
#4290 = CARTESIAN_POINT('',(1.452490781444,3.000000000003));
#4291 = CARTESIAN_POINT('',(1.549031885615,3.000000000003));
#4292 = CARTESIAN_POINT('',(1.742114079907,3.000000000003));
#4293 = CARTESIAN_POINT('',(1.838655184078,3.000000000003));
#4294 = CARTESIAN_POINT('',(1.935405107199,3.000000000003));
#4295 = CARTESIAN_POINT('',(2.032572832573,3.000000000003));
#4296 = CARTESIAN_POINT('',(2.130370961454,3.000000000003));
#4297 = CARTESIAN_POINT('',(2.229019677223,3.000000000003));
#4298 = CARTESIAN_POINT('',(2.328751227147,3.000000000003));
#4299 = CARTESIAN_POINT('',(2.480346769054,3.000000000003));
#4300 = CARTESIAN_POINT('',(2.531211648867,3.000000000003));
#4301 = CARTESIAN_POINT('',(2.582440746517,3.000000000003));
#4302 = CARTESIAN_POINT('',(2.634066306011,3.000000000003));
#4303 = CARTESIAN_POINT('',(2.686121826936,3.000000000003));
#4304 = CARTESIAN_POINT('',(2.738642261389,3.000000000003));
#4305 = CARTESIAN_POINT('',(2.791664210877,3.000000000003));
#4306 = CARTESIAN_POINT('',(2.898788035601,3.000000000003));
#4307 = CARTESIAN_POINT('',(2.95288995636,3.000000000003));
#4308 = CARTESIAN_POINT('',(3.007570760809,3.000000000003));
#4309 = CARTESIAN_POINT('',(3.062868925799,3.000000000004));
#4310 = CARTESIAN_POINT('',(3.118831363376,3.000000000003));
#4311 = CARTESIAN_POINT('',(3.175497308881,3.000000000003));
#4312 = CARTESIAN_POINT('',(3.232919249584,3.000000000003));
#4313 = CARTESIAN_POINT('',(3.291145965522,3.000000000003));
#4314 = ( GEOMETRIC_REPRESENTATION_CONTEXT(2) 
PARAMETRIC_REPRESENTATION_CONTEXT() REPRESENTATION_CONTEXT('2D SPACE',''
  ) );
#4315 = ORIENTED_EDGE('',*,*,#4316,.F.);
#4316 = EDGE_CURVE('',#4223,#4252,#4317,.T.);
#4317 = SURFACE_CURVE('',#4318,(#4322,#4329),.PCURVE_S1.);
#4318 = LINE('',#4319,#4320);
#4319 = CARTESIAN_POINT('',(-23.67,0.38822823343,62.6676));
#4320 = VECTOR('',#4321,1.);
#4321 = DIRECTION('',(-1.,0.,0.));
#4322 = PCURVE('',#810,#4323);
#4323 = DEFINITIONAL_REPRESENTATION('',(#4324),#4328);
#4324 = LINE('',#4325,#4326);
#4325 = CARTESIAN_POINT('',(-0.,0.));
#4326 = VECTOR('',#4327,1.);
#4327 = DIRECTION('',(-0.,1.));
#4328 = ( GEOMETRIC_REPRESENTATION_CONTEXT(2) 
PARAMETRIC_REPRESENTATION_CONTEXT() REPRESENTATION_CONTEXT('2D SPACE',''
  ) );
#4329 = PCURVE('',#4330,#4335);
#4330 = PLANE('',#4331);
#4331 = AXIS2_PLACEMENT_3D('',#4332,#4333,#4334);
#4332 = CARTESIAN_POINT('',(-23.67,18.6,62.6676));
#4333 = DIRECTION('',(0.,2.22044604925E-16,1.));
#4334 = DIRECTION('',(1.,0.,0.));
#4335 = DEFINITIONAL_REPRESENTATION('',(#4336),#4340);
#4336 = LINE('',#4337,#4338);
#4337 = CARTESIAN_POINT('',(7.105427357601E-15,-18.21177176657));
#4338 = VECTOR('',#4339,1.);
#4339 = DIRECTION('',(-1.,0.));
#4340 = ( GEOMETRIC_REPRESENTATION_CONTEXT(2) 
PARAMETRIC_REPRESENTATION_CONTEXT() REPRESENTATION_CONTEXT('2D SPACE',''
  ) );
#4341 = ADVANCED_FACE('',(#4342),#548,.F.);
#4342 = FACE_BOUND('',#4343,.F.);
#4343 = EDGE_LOOP('',(#4344,#4403,#4474,#4475));
#4344 = ORIENTED_EDGE('',*,*,#4345,.T.);
#4345 = EDGE_CURVE('',#511,#4346,#4348,.T.);
#4346 = VERTEX_POINT('',#4347);
#4347 = CARTESIAN_POINT('',(-28.67,0.842398436589,52.8476));
#4348 = SURFACE_CURVE('',#4349,(#4354,#4396),.PCURVE_S1.);
#4349 = CIRCLE('',#4350,2.);
#4350 = AXIS2_PLACEMENT_3D('',#4351,#4352,#4353);
#4351 = CARTESIAN_POINT('',(-26.67,0.842398436589,52.8476));
#4352 = DIRECTION('',(0.,-0.134017846279,0.990978918484));
#4353 = DIRECTION('',(0.,0.990978918484,0.134017846279));
#4354 = PCURVE('',#548,#4355);
#4355 = DEFINITIONAL_REPRESENTATION('',(#4356),#4395);
#4356 = B_SPLINE_CURVE_WITH_KNOTS('',7,(#4357,#4358,#4359,#4360,#4361,
    #4362,#4363,#4364,#4365,#4366,#4367,#4368,#4369,#4370,#4371,#4372,
    #4373,#4374,#4375,#4376,#4377,#4378,#4379,#4380,#4381,#4382,#4383,
    #4384,#4385,#4386,#4387,#4388,#4389,#4390,#4391,#4392,#4393,#4394),
  .UNSPECIFIED.,.F.,.F.,(8,6,6,6,6,6,8),(0.,0.196349540849,
    0.392699081699,0.785398163397,1.178097245096,1.374446785946,
    1.570796326795),.UNSPECIFIED.);
#4357 = CARTESIAN_POINT('',(0.,2.978836635556));
#4358 = CARTESIAN_POINT('',(7.065539243169E-02,2.978836635556));
#4359 = CARTESIAN_POINT('',(0.140353277184,2.978836635556));
#4360 = CARTESIAN_POINT('',(0.209161329875,2.978836635556));
#4361 = CARTESIAN_POINT('',(0.277145908317,2.978836635556));
#4362 = CARTESIAN_POINT('',(0.344364608941,2.978836635556));
#4363 = CARTESIAN_POINT('',(0.41087619441,2.978836635556));
#4364 = CARTESIAN_POINT('',(0.542591482042,2.978836635556));
#4365 = CARTESIAN_POINT('',(0.607795386699,2.978836635556));
#4366 = CARTESIAN_POINT('',(0.672399500345,2.978836635556));
#4367 = CARTESIAN_POINT('',(0.736454976397,2.978836635556));
#4368 = CARTESIAN_POINT('',(0.800010558491,2.978836635556));
#4369 = CARTESIAN_POINT('',(0.863112965436,2.978836635556));
#4370 = CARTESIAN_POINT('',(1.051195897632,2.978836635556));
#4371 = CARTESIAN_POINT('',(1.174952121916,2.978836635556));
#4372 = CARTESIAN_POINT('',(1.297436402343,2.978836635556));
#4373 = CARTESIAN_POINT('',(1.418982797543,2.978836635556));
#4374 = CARTESIAN_POINT('',(1.539909062327,2.978836635556));
#4375 = CARTESIAN_POINT('',(1.660525371083,2.978836635556));
#4376 = CARTESIAN_POINT('',(1.901757976238,2.978836635556));
#4377 = CARTESIAN_POINT('',(2.022374284994,2.978836635556));
#4378 = CARTESIAN_POINT('',(2.143300549778,2.978836635556));
#4379 = CARTESIAN_POINT('',(2.264846944978,2.978836635556));
#4380 = CARTESIAN_POINT('',(2.387331225405,2.978836635556));
#4381 = CARTESIAN_POINT('',(2.51108744969,2.978836635556));
#4382 = CARTESIAN_POINT('',(2.699170381885,2.978836635556));
#4383 = CARTESIAN_POINT('',(2.76227278883,2.978836635556));
#4384 = CARTESIAN_POINT('',(2.825828370924,2.978836635556));
#4385 = CARTESIAN_POINT('',(2.889883846976,2.978836635556));
#4386 = CARTESIAN_POINT('',(2.954487960622,2.978836635556));
#4387 = CARTESIAN_POINT('',(3.019691865279,2.978836635556));
#4388 = CARTESIAN_POINT('',(3.151407152911,2.978836635556));
#4389 = CARTESIAN_POINT('',(3.21791873838,2.978836635556));
#4390 = CARTESIAN_POINT('',(3.285137439004,2.978836635556));
#4391 = CARTESIAN_POINT('',(3.353122017446,2.978836635556));
#4392 = CARTESIAN_POINT('',(3.421930070137,2.978836635556));
#4393 = CARTESIAN_POINT('',(3.491627954889,2.978836635556));
#4394 = CARTESIAN_POINT('',(3.562283347321,2.978836635556));
#4395 = ( GEOMETRIC_REPRESENTATION_CONTEXT(2) 
PARAMETRIC_REPRESENTATION_CONTEXT() REPRESENTATION_CONTEXT('2D SPACE',''
  ) );
#4396 = PCURVE('',#614,#4397);
#4397 = DEFINITIONAL_REPRESENTATION('',(#4398),#4402);
#4398 = LINE('',#4399,#4400);
#4399 = CARTESIAN_POINT('',(-0.,2.978836635556));
#4400 = VECTOR('',#4401,1.);
#4401 = DIRECTION('',(-1.,0.));
#4402 = ( GEOMETRIC_REPRESENTATION_CONTEXT(2) 
PARAMETRIC_REPRESENTATION_CONTEXT() REPRESENTATION_CONTEXT('2D SPACE',''
  ) );
#4403 = ORIENTED_EDGE('',*,*,#4404,.T.);
#4404 = EDGE_CURVE('',#4346,#4167,#4405,.T.);
#4405 = SURFACE_CURVE('',#4406,(#4421,#4428),.PCURVE_S1.);
#4406 = ( BOUNDED_CURVE() B_SPLINE_CURVE(7,(#4407,#4408,#4409,#4410,
    #4411,#4412,#4413,#4414,#4415,#4416,#4417,#4418,#4419,#4420),
.UNSPECIFIED.,.F.,.F.) B_SPLINE_CURVE_WITH_KNOTS((8,6,8),(2.978836635556
,3.249018932154,6.541119982877),.UNSPECIFIED.) CURVE() 
GEOMETRIC_REPRESENTATION_ITEM() RATIONAL_B_SPLINE_CURVE((1.,1.,1.,1.,1.,
1.,1.,1.,1.,1.,1.,1.,1.,1.)) REPRESENTATION_ITEM('') );
#4407 = CARTESIAN_POINT('',(-28.67,0.842398436589,52.8476));
#4408 = CARTESIAN_POINT('',(-28.67,0.845527939996,52.809032102923));
#4409 = CARTESIAN_POINT('',(-28.669652695,0.848659933539,52.770431228598
    ));
#4410 = CARTESIAN_POINT('',(-28.66895866047,0.851793630204,
    52.731814723085));
#4411 = CARTESIAN_POINT('',(-28.66791167658,0.854928324893,
    52.693124244063));
#4412 = CARTESIAN_POINT('',(-28.66652081618,0.858063776595,
    52.654486461162));
#4413 = CARTESIAN_POINT('',(-28.66476943789,0.861197329215,
    52.615696648639));
#4414 = CARTESIAN_POINT('',(-28.63712636121,0.902526914221,
    52.105648866165));
#4415 = CARTESIAN_POINT('',(-28.55954013131,0.940561363321,
    51.635685100943));
#4416 = CARTESIAN_POINT('',(-28.43041287711,0.977424166169,
    51.18051331208));
#4417 = CARTESIAN_POINT('',(-28.25378253627,1.012453650521,
    50.747790739299));
#4418 = CARTESIAN_POINT('',(-28.03774220485,1.045171105763,
    50.346578725241));
#4419 = CARTESIAN_POINT('',(-27.78699298989,1.075454717926,
    49.975422052088));
#4420 = CARTESIAN_POINT('',(-27.50022221559,1.103186056158,
    49.633661951567));
#4421 = PCURVE('',#548,#4422);
#4422 = DEFINITIONAL_REPRESENTATION('',(#4423),#4427);
#4423 = LINE('',#4424,#4425);
#4424 = CARTESIAN_POINT('',(3.562283347321,0.));
#4425 = VECTOR('',#4426,1.);
#4426 = DIRECTION('',(0.,1.));
#4427 = ( GEOMETRIC_REPRESENTATION_CONTEXT(2) 
PARAMETRIC_REPRESENTATION_CONTEXT() REPRESENTATION_CONTEXT('2D SPACE',''
  ) );
#4428 = PCURVE('',#4429,#4434);
#4429 = CYLINDRICAL_SURFACE('',#4430,5.);
#4430 = AXIS2_PLACEMENT_3D('',#4431,#4432,#4433);
#4431 = CARTESIAN_POINT('',(-23.67,18.6,52.8476));
#4432 = DIRECTION('',(0.,1.,-2.22044604925E-16));
#4433 = DIRECTION('',(-1.,0.,0.));
#4434 = DEFINITIONAL_REPRESENTATION('',(#4435),#4473);
#4435 = B_SPLINE_CURVE_WITH_KNOTS('',8,(#4436,#4437,#4438,#4439,#4440,
    #4441,#4442,#4443,#4444,#4445,#4446,#4447,#4448,#4449,#4450,#4451,
    #4452,#4453,#4454,#4455,#4456,#4457,#4458,#4459,#4460,#4461,#4462,
    #4463,#4464,#4465,#4466,#4467,#4468,#4469,#4470,#4471,#4472),
  .UNSPECIFIED.,.F.,.F.,(9,7,7,7,7,9),(2.978836635556,3.201479344764,
    3.424122053971,3.869407472387,4.759978309217,6.541119982877),
  .UNSPECIFIED.);
#4436 = CARTESIAN_POINT('',(6.28318530718,-17.75760156341));
#4437 = CARTESIAN_POINT('',(6.27762350424,-17.75534506479));
#4438 = CARTESIAN_POINT('',(6.272058765949,-17.75308727977));
#4439 = CARTESIAN_POINT('',(6.266490587828,-17.75082849737));
#4440 = CARTESIAN_POINT('',(6.260918584387,-17.74856899019));
#4441 = CARTESIAN_POINT('',(6.255342489116,-17.7463090143));
#4442 = CARTESIAN_POINT('',(6.249762154497,-17.74404880935));
#4443 = CARTESIAN_POINT('',(6.244177551993,-17.7417885985));
#4444 = CARTESIAN_POINT('',(6.232999992118,-17.73726857835));
#4445 = CARTESIAN_POINT('',(6.2274035126,-17.73500915911));
#4446 = CARTESIAN_POINT('',(6.221833334688,-17.73274663373));
#4447 = CARTESIAN_POINT('',(6.216230263679,-17.73048971238));
#4448 = CARTESIAN_POINT('',(6.210649115505,-17.72822978451));
#4449 = CARTESIAN_POINT('',(6.205057680067,-17.72597290565));
#4450 = CARTESIAN_POINT('',(6.199468770576,-17.72371667858));
#4451 = CARTESIAN_POINT('',(6.182701441449,-17.71695257669));
#4452 = CARTESIAN_POINT('',(6.171523700544,-17.71244893481));
#4453 = CARTESIAN_POINT('',(6.160348094862,-17.70795250158));
#4454 = CARTESIAN_POINT('',(6.149176173112,-17.70346467578));
#4455 = CARTESIAN_POINT('',(6.138009375996,-17.69898680562));
#4456 = CARTESIAN_POINT('',(6.126849036215,-17.69452018885));
#4457 = CARTESIAN_POINT('',(6.115696378463,-17.69006607266));
#4458 = CARTESIAN_POINT('',(6.082264801372,-17.67674481584));
#4459 = CARTESIAN_POINT('',(6.060012342608,-17.66791879634));
#4460 = CARTESIAN_POINT('',(6.037804234771,-17.65915713737));
#4461 = CARTESIAN_POINT('',(6.01564844679,-17.65046866972));
#4462 = CARTESIAN_POINT('',(5.993551824896,-17.64186151281));
#4463 = CARTESIAN_POINT('',(5.971520092621,-17.63334307469));
#4464 = CARTESIAN_POINT('',(5.949557850794,-17.62492005204));
#4465 = CARTESIAN_POINT('',(5.883890031056,-17.59995518644));
#4466 = CARTESIAN_POINT('',(5.840401491787,-17.58371729783));
#4467 = CARTESIAN_POINT('',(5.797233753557,-17.56793400493));
#4468 = CARTESIAN_POINT('',(5.754388387886,-17.55264200477));
#4469 = CARTESIAN_POINT('',(5.711834428022,-17.53786780967));
#4470 = CARTESIAN_POINT('',(5.669505052979,-17.52363010616));
#4471 = CARTESIAN_POINT('',(5.627294271557,-17.50994211374));
#4472 = CARTESIAN_POINT('',(5.585053606382,-17.49681394384));
#4473 = ( GEOMETRIC_REPRESENTATION_CONTEXT(2) 
PARAMETRIC_REPRESENTATION_CONTEXT() REPRESENTATION_CONTEXT('2D SPACE',''
  ) );
#4474 = ORIENTED_EDGE('',*,*,#4166,.F.);
#4475 = ORIENTED_EDGE('',*,*,#510,.F.);
#4476 = ADVANCED_FACE('',(#4477),#782,.F.);
#4477 = FACE_BOUND('',#4478,.T.);
#4478 = EDGE_LOOP('',(#4479,#4502,#4503,#4504,#4527));
#4479 = ORIENTED_EDGE('',*,*,#4480,.F.);
#4480 = EDGE_CURVE('',#4223,#4481,#4483,.T.);
#4481 = VERTEX_POINT('',#4482);
#4482 = CARTESIAN_POINT('',(-23.67,-9.0675,62.6676));
#4483 = SURFACE_CURVE('',#4484,(#4488,#4495),.PCURVE_S1.);
#4484 = LINE('',#4485,#4486);
#4485 = CARTESIAN_POINT('',(-23.67,18.6,62.6676));
#4486 = VECTOR('',#4487,1.);
#4487 = DIRECTION('',(0.,-1.,2.22044604925E-16));
#4488 = PCURVE('',#782,#4489);
#4489 = DEFINITIONAL_REPRESENTATION('',(#4490),#4494);
#4490 = LINE('',#4491,#4492);
#4491 = CARTESIAN_POINT('',(-3.22,7.149836278586E-16));
#4492 = VECTOR('',#4493,1.);
#4493 = DIRECTION('',(-0.,-1.));
#4494 = ( GEOMETRIC_REPRESENTATION_CONTEXT(2) 
PARAMETRIC_REPRESENTATION_CONTEXT() REPRESENTATION_CONTEXT('2D SPACE',''
  ) );
#4495 = PCURVE('',#4330,#4496);
#4496 = DEFINITIONAL_REPRESENTATION('',(#4497),#4501);
#4497 = LINE('',#4498,#4499);
#4498 = CARTESIAN_POINT('',(-0.,0.));
#4499 = VECTOR('',#4500,1.);
#4500 = DIRECTION('',(-0.,-1.));
#4501 = ( GEOMETRIC_REPRESENTATION_CONTEXT(2) 
PARAMETRIC_REPRESENTATION_CONTEXT() REPRESENTATION_CONTEXT('2D SPACE',''
  ) );
#4502 = ORIENTED_EDGE('',*,*,#4222,.T.);
#4503 = ORIENTED_EDGE('',*,*,#766,.T.);
#4504 = ORIENTED_EDGE('',*,*,#4505,.T.);
#4505 = EDGE_CURVE('',#739,#4506,#4508,.T.);
#4506 = VERTEX_POINT('',#4507);
#4507 = CARTESIAN_POINT('',(-23.67,-9.0675,65.8876));
#4508 = SURFACE_CURVE('',#4509,(#4513,#4520),.PCURVE_S1.);
#4509 = LINE('',#4510,#4511);
#4510 = CARTESIAN_POINT('',(-23.67,18.6,65.8876));
#4511 = VECTOR('',#4512,1.);
#4512 = DIRECTION('',(0.,-1.,2.22044604925E-16));
#4513 = PCURVE('',#782,#4514);
#4514 = DEFINITIONAL_REPRESENTATION('',(#4515),#4519);
#4515 = LINE('',#4516,#4517);
#4516 = CARTESIAN_POINT('',(-0.,0.));
#4517 = VECTOR('',#4518,1.);
#4518 = DIRECTION('',(-0.,-1.));
#4519 = ( GEOMETRIC_REPRESENTATION_CONTEXT(2) 
PARAMETRIC_REPRESENTATION_CONTEXT() REPRESENTATION_CONTEXT('2D SPACE',''
  ) );
#4520 = PCURVE('',#754,#4521);
#4521 = DEFINITIONAL_REPRESENTATION('',(#4522),#4526);
#4522 = LINE('',#4523,#4524);
#4523 = CARTESIAN_POINT('',(-5.17,0.));
#4524 = VECTOR('',#4525,1.);
#4525 = DIRECTION('',(-0.,-1.));
#4526 = ( GEOMETRIC_REPRESENTATION_CONTEXT(2) 
PARAMETRIC_REPRESENTATION_CONTEXT() REPRESENTATION_CONTEXT('2D SPACE',''
  ) );
#4527 = ORIENTED_EDGE('',*,*,#4528,.T.);
#4528 = EDGE_CURVE('',#4506,#4481,#4529,.T.);
#4529 = SURFACE_CURVE('',#4530,(#4534,#4541),.PCURVE_S1.);
#4530 = LINE('',#4531,#4532);
#4531 = CARTESIAN_POINT('',(-23.67,-9.0675,69.1876));
#4532 = VECTOR('',#4533,1.);
#4533 = DIRECTION('',(0.,0.,-1.));
#4534 = PCURVE('',#782,#4535);
#4535 = DEFINITIONAL_REPRESENTATION('',(#4536),#4540);
#4536 = LINE('',#4537,#4538);
#4537 = CARTESIAN_POINT('',(3.3,-27.6675));
#4538 = VECTOR('',#4539,1.);
#4539 = DIRECTION('',(-1.,2.22044604925E-16));
#4540 = ( GEOMETRIC_REPRESENTATION_CONTEXT(2) 
PARAMETRIC_REPRESENTATION_CONTEXT() REPRESENTATION_CONTEXT('2D SPACE',''
  ) );
#4541 = PCURVE('',#4542,#4547);
#4542 = PLANE('',#4543);
#4543 = AXIS2_PLACEMENT_3D('',#4544,#4545,#4546);
#4544 = CARTESIAN_POINT('',(23.8,-9.0675,72.4876));
#4545 = DIRECTION('',(0.,-1.,0.));
#4546 = DIRECTION('',(0.,0.,-1.));
#4547 = DEFINITIONAL_REPRESENTATION('',(#4548),#4552);
#4548 = LINE('',#4549,#4550);
#4549 = CARTESIAN_POINT('',(3.3,-47.47));
#4550 = VECTOR('',#4551,1.);
#4551 = DIRECTION('',(1.,0.));
#4552 = ( GEOMETRIC_REPRESENTATION_CONTEXT(2) 
PARAMETRIC_REPRESENTATION_CONTEXT() REPRESENTATION_CONTEXT('2D SPACE',''
  ) );
#4553 = ADVANCED_FACE('',(#4554),#614,.T.);
#4554 = FACE_BOUND('',#4555,.F.);
#4555 = EDGE_LOOP('',(#4556,#4557,#4621,#4647));
#4556 = ORIENTED_EDGE('',*,*,#598,.F.);
#4557 = ORIENTED_EDGE('',*,*,#4558,.T.);
#4558 = EDGE_CURVE('',#599,#4559,#4561,.T.);
#4559 = VERTEX_POINT('',#4560);
#4560 = CARTESIAN_POINT('',(-28.67,0.542170436589,55.0676));
#4561 = SURFACE_CURVE('',#4562,(#4572,#4586),.PCURVE_S1.);
#4562 = ( BOUNDED_CURVE() B_SPLINE_CURVE(8,(#4563,#4564,#4565,#4566,
    #4567,#4568,#4569,#4570,#4571),.UNSPECIFIED.,.F.,.F.) 
B_SPLINE_CURVE_WITH_KNOTS((9,9),(3.,6.020570697649),
.PIECEWISE_BEZIER_KNOTS.) CURVE() GEOMETRIC_REPRESENTATION_ITEM() 
RATIONAL_B_SPLINE_CURVE((1.,1.,1.,1.,1.,1.,1.,1.,1.)) 
REPRESENTATION_ITEM('') );
#4563 = CARTESIAN_POINT('',(-26.67,2.542252557319,55.201617846279));
#4564 = CARTESIAN_POINT('',(-27.06814677749,2.542252557319,
    55.201617846279));
#4565 = CARTESIAN_POINT('',(-27.47293270741,2.451634803971,
    55.195575819663));
#4566 = CARTESIAN_POINT('',(-27.85647095262,2.265346660969,
    55.183127761838));
#4567 = CARTESIAN_POINT('',(-28.18643319194,1.989373037134,
    55.165117458246));
#4568 = CARTESIAN_POINT('',(-28.42862523141,1.652381668767,
    55.142108868897));
#4569 = CARTESIAN_POINT('',(-28.5880814802,1.294053233486,
    55.117981028153));
#4570 = CARTESIAN_POINT('',(-28.67,0.9206735485,55.092962064965));
#4571 = CARTESIAN_POINT('',(-28.67,0.542170436589,55.0676));
#4572 = PCURVE('',#614,#4573);
#4573 = DEFINITIONAL_REPRESENTATION('',(#4574),#4585);
#4574 = B_SPLINE_CURVE_WITH_KNOTS('',9,(#4575,#4576,#4577,#4578,#4579,
    #4580,#4581,#4582,#4583,#4584),.UNSPECIFIED.,.F.,.F.,(10,10),(3.,
    6.020570697649),.PIECEWISE_BEZIER_KNOTS.);
#4575 = CARTESIAN_POINT('',(3.219646771413E-15,0.873865364408));
#4576 = CARTESIAN_POINT('',(-0.176954123331,0.873865364408));
#4577 = CARTESIAN_POINT('',(-0.356491065352,0.86907497637));
#4578 = CARTESIAN_POINT('',(-0.537324233304,0.859295827326));
#4579 = CARTESIAN_POINT('',(-0.717883992795,0.844431799349));
#4580 = CARTESIAN_POINT('',(-0.895207458654,0.826017692809));
#4581 = CARTESIAN_POINT('',(-1.068553034886,0.805532416953));
#4582 = CARTESIAN_POINT('',(-1.236351422106,0.783858823017));
#4583 = CARTESIAN_POINT('',(-1.402579627325,0.761376771156));
#4584 = CARTESIAN_POINT('',(-1.570796326795,0.73862752657));
#4585 = ( GEOMETRIC_REPRESENTATION_CONTEXT(2) 
PARAMETRIC_REPRESENTATION_CONTEXT() REPRESENTATION_CONTEXT('2D SPACE',''
  ) );
#4586 = PCURVE('',#4587,#4615);
#4587 = ( BOUNDED_SURFACE() B_SPLINE_SURFACE(2,8,(
    (#4588,#4589,#4590,#4591,#4592,#4593,#4594,#4595,#4596)
    ,(#4597,#4598,#4599,#4600,#4601,#4602,#4603,#4604,#4605)
    ,(#4606,#4607,#4608,#4609,#4610,#4611,#4612,#4613,#4614
)),.UNSPECIFIED.,.F.,.F.,.F.) B_SPLINE_SURFACE_WITH_KNOTS((3,3),(9,9),(
    0.,3.020570697649),(3.,6.020570697649),.PIECEWISE_BEZIER_KNOTS.) 
GEOMETRIC_REPRESENTATION_ITEM() RATIONAL_B_SPLINE_SURFACE((
    (1.,1.,1.,1.,1.,1.,1.,1.,1.)
    ,(0.752999948964,0.752999948964,0.750994621604,0.746858164843
      ,0.740858201378,0.733076724071,0.724788390918,0.716073625247
      ,0.707106781187)
,(1.,1.,1.,1.,1.,1.,1.,1.,1.))) REPRESENTATION_ITEM('') SURFACE() );
#4588 = CARTESIAN_POINT('',(-26.67,1.551273638835,56.0676));
#4589 = CARTESIAN_POINT('',(-26.88018029639,1.551273638835,56.0676));
#4590 = CARTESIAN_POINT('',(-27.10452571416,1.50063535188,56.0676));
#4591 = CARTESIAN_POINT('',(-27.31922472683,1.388187110899,56.0676));
#4592 = CARTESIAN_POINT('',(-27.49387426802,1.219997150302,56.0676));
#4593 = CARTESIAN_POINT('',(-27.59450096404,1.025503679229,56.0676));
#4594 = CARTESIAN_POINT('',(-27.64390118926,0.85742882612,56.0676));
#4595 = CARTESIAN_POINT('',(-27.67027696578,0.700717209904,56.0676));
#4596 = CARTESIAN_POINT('',(-27.67000079734,0.540907627316,56.0676));
#4597 = CARTESIAN_POINT('',(-26.67,2.425139003243,56.0676));
#4598 = CARTESIAN_POINT('',(-27.0459329622,2.425139003243,56.0676));
#4599 = CARTESIAN_POINT('',(-27.43139431485,2.343629932635,56.0676));
#4600 = CARTESIAN_POINT('',(-27.80184745844,2.174158612234,56.0676));
#4601 = CARTESIAN_POINT('',(-28.12533086371,1.91828597446,56.0676));
#4602 = CARTESIAN_POINT('',(-28.36855813444,1.608186669626,56.0676));
#4603 = CARTESIAN_POINT('',(-28.54170647109,1.274024670608,56.0676));
#4604 = CARTESIAN_POINT('',(-28.6449555448,0.915902216212,56.0676));
#4605 = CARTESIAN_POINT('',(-28.67,0.542170436589,56.0676));
#4606 = CARTESIAN_POINT('',(-26.67,2.542252557319,55.201617846279));
#4607 = CARTESIAN_POINT('',(-27.06814677749,2.542252557319,
    55.201617846279));
#4608 = CARTESIAN_POINT('',(-27.47293270741,2.451634803971,
    55.195575819663));
#4609 = CARTESIAN_POINT('',(-27.85647095262,2.265346660969,
    55.183127761838));
#4610 = CARTESIAN_POINT('',(-28.18643319194,1.989373037134,
    55.165117458246));
#4611 = CARTESIAN_POINT('',(-28.42862523141,1.652381668767,
    55.142108868897));
#4612 = CARTESIAN_POINT('',(-28.5880814802,1.294053233486,
    55.117981028153));
#4613 = CARTESIAN_POINT('',(-28.67,0.9206735485,55.092962064965));
#4614 = CARTESIAN_POINT('',(-28.67,0.542170436589,55.0676));
#4615 = DEFINITIONAL_REPRESENTATION('',(#4616),#4620);
#4616 = LINE('',#4617,#4618);
#4617 = CARTESIAN_POINT('',(3.020570697649,0.));
#4618 = VECTOR('',#4619,1.);
#4619 = DIRECTION('',(0.,1.));
#4620 = ( GEOMETRIC_REPRESENTATION_CONTEXT(2) 
PARAMETRIC_REPRESENTATION_CONTEXT() REPRESENTATION_CONTEXT('2D SPACE',''
  ) );
#4621 = ORIENTED_EDGE('',*,*,#4622,.T.);
#4622 = EDGE_CURVE('',#4559,#4346,#4623,.T.);
#4623 = SURFACE_CURVE('',#4624,(#4628,#4635),.PCURVE_S1.);
#4624 = LINE('',#4625,#4626);
#4625 = CARTESIAN_POINT('',(-28.67,0.443181166276,55.799564307443));
#4626 = VECTOR('',#4627,1.);
#4627 = DIRECTION('',(0.,0.134017846279,-0.990978918484));
#4628 = PCURVE('',#614,#4629);
#4629 = DEFINITIONAL_REPRESENTATION('',(#4630),#4634);
#4630 = LINE('',#4631,#4632);
#4631 = CARTESIAN_POINT('',(-1.570796326795,0.));
#4632 = VECTOR('',#4633,1.);
#4633 = DIRECTION('',(-0.,1.));
#4634 = ( GEOMETRIC_REPRESENTATION_CONTEXT(2) 
PARAMETRIC_REPRESENTATION_CONTEXT() REPRESENTATION_CONTEXT('2D SPACE',''
  ) );
#4635 = PCURVE('',#4636,#4641);
#4636 = PLANE('',#4637);
#4637 = AXIS2_PLACEMENT_3D('',#4638,#4639,#4640);
#4638 = CARTESIAN_POINT('',(-28.67,18.6,52.8476));
#4639 = DIRECTION('',(1.,0.,0.));
#4640 = DIRECTION('',(-0.,-2.22044604925E-16,-1.));
#4641 = DEFINITIONAL_REPRESENTATION('',(#4642),#4646);
#4642 = LINE('',#4643,#4644);
#4643 = CARTESIAN_POINT('',(-2.951964307443,-18.15681883372));
#4644 = VECTOR('',#4645,1.);
#4645 = DIRECTION('',(0.990978918484,0.134017846279));
#4646 = ( GEOMETRIC_REPRESENTATION_CONTEXT(2) 
PARAMETRIC_REPRESENTATION_CONTEXT() REPRESENTATION_CONTEXT('2D SPACE',''
  ) );
#4647 = ORIENTED_EDGE('',*,*,#4345,.F.);
#4648 = ADVANCED_FACE('',(#4649),#754,.F.);
#4649 = FACE_BOUND('',#4650,.T.);
#4650 = EDGE_LOOP('',(#4651,#4652,#4653,#4676));
#4651 = ORIENTED_EDGE('',*,*,#4505,.F.);
#4652 = ORIENTED_EDGE('',*,*,#738,.T.);
#4653 = ORIENTED_EDGE('',*,*,#4654,.T.);
#4654 = EDGE_CURVE('',#711,#4655,#4657,.T.);
#4655 = VERTEX_POINT('',#4656);
#4656 = CARTESIAN_POINT('',(-18.5,-9.0675,65.8876));
#4657 = SURFACE_CURVE('',#4658,(#4662,#4669),.PCURVE_S1.);
#4658 = LINE('',#4659,#4660);
#4659 = CARTESIAN_POINT('',(-18.5,18.6,65.8876));
#4660 = VECTOR('',#4661,1.);
#4661 = DIRECTION('',(0.,-1.,2.22044604925E-16));
#4662 = PCURVE('',#754,#4663);
#4663 = DEFINITIONAL_REPRESENTATION('',(#4664),#4668);
#4664 = LINE('',#4665,#4666);
#4665 = CARTESIAN_POINT('',(-0.,0.));
#4666 = VECTOR('',#4667,1.);
#4667 = DIRECTION('',(-0.,-1.));
#4668 = ( GEOMETRIC_REPRESENTATION_CONTEXT(2) 
PARAMETRIC_REPRESENTATION_CONTEXT() REPRESENTATION_CONTEXT('2D SPACE',''
  ) );
#4669 = PCURVE('',#726,#4670);
#4670 = DEFINITIONAL_REPRESENTATION('',(#4671),#4675);
#4671 = LINE('',#4672,#4673);
#4672 = CARTESIAN_POINT('',(27.770542240005,-6.88901568346));
#4673 = VECTOR('',#4674,1.);
#4674 = DIRECTION('',(-1.,-4.440892098501E-16));
#4675 = ( GEOMETRIC_REPRESENTATION_CONTEXT(2) 
PARAMETRIC_REPRESENTATION_CONTEXT() REPRESENTATION_CONTEXT('2D SPACE',''
  ) );
#4676 = ORIENTED_EDGE('',*,*,#4677,.T.);
#4677 = EDGE_CURVE('',#4655,#4506,#4678,.T.);
#4678 = SURFACE_CURVE('',#4679,(#4683,#4690),.PCURVE_S1.);
#4679 = LINE('',#4680,#4681);
#4680 = CARTESIAN_POINT('',(2.65,-9.0675,65.8876));
#4681 = VECTOR('',#4682,1.);
#4682 = DIRECTION('',(-1.,0.,0.));
#4683 = PCURVE('',#754,#4684);
#4684 = DEFINITIONAL_REPRESENTATION('',(#4685),#4689);
#4685 = LINE('',#4686,#4687);
#4686 = CARTESIAN_POINT('',(21.15,-27.6675));
#4687 = VECTOR('',#4688,1.);
#4688 = DIRECTION('',(-1.,0.));
#4689 = ( GEOMETRIC_REPRESENTATION_CONTEXT(2) 
PARAMETRIC_REPRESENTATION_CONTEXT() REPRESENTATION_CONTEXT('2D SPACE',''
  ) );
#4690 = PCURVE('',#4542,#4691);
#4691 = DEFINITIONAL_REPRESENTATION('',(#4692),#4696);
#4692 = LINE('',#4693,#4694);
#4693 = CARTESIAN_POINT('',(6.6,-21.15));
#4694 = VECTOR('',#4695,1.);
#4695 = DIRECTION('',(0.,-1.));
#4696 = ( GEOMETRIC_REPRESENTATION_CONTEXT(2) 
PARAMETRIC_REPRESENTATION_CONTEXT() REPRESENTATION_CONTEXT('2D SPACE',''
  ) );
#4697 = ADVANCED_FACE('',(#4698),#642,.T.);
#4698 = FACE_BOUND('',#4699,.T.);
#4699 = EDGE_LOOP('',(#4700,#4728,#4729,#4760));
#4700 = ORIENTED_EDGE('',*,*,#4701,.T.);
#4701 = EDGE_CURVE('',#4702,#627,#4704,.T.);
#4702 = VERTEX_POINT('',#4703);
#4703 = CARTESIAN_POINT('',(-23.67,1.551273638835,56.0676));
#4704 = SURFACE_CURVE('',#4705,(#4710,#4717),.PCURVE_S1.);
#4705 = CIRCLE('',#4706,1.);
#4706 = AXIS2_PLACEMENT_3D('',#4707,#4708,#4709);
#4707 = CARTESIAN_POINT('',(-23.67,1.551273638835,55.0676));
#4708 = DIRECTION('',(-1.,0.,0.));
#4709 = DIRECTION('',(0.,1.,2.22044604925E-16));
#4710 = PCURVE('',#642,#4711);
#4711 = DEFINITIONAL_REPRESENTATION('',(#4712),#4716);
#4712 = LINE('',#4713,#4714);
#4713 = CARTESIAN_POINT('',(-4.712388980385,7.105427357601E-15));
#4714 = VECTOR('',#4715,1.);
#4715 = DIRECTION('',(1.,0.));
#4716 = ( GEOMETRIC_REPRESENTATION_CONTEXT(2) 
PARAMETRIC_REPRESENTATION_CONTEXT() REPRESENTATION_CONTEXT('2D SPACE',''
  ) );
#4717 = PCURVE('',#670,#4718);
#4718 = DEFINITIONAL_REPRESENTATION('',(#4719),#4727);
#4719 = ( BOUNDED_CURVE() B_SPLINE_CURVE(2,(#4720,#4721,#4722,#4723,
#4724,#4725,#4726),.UNSPECIFIED.,.T.,.F.) B_SPLINE_CURVE_WITH_KNOTS((1,2
    ,2,2,2,1),(-2.094395102393,0.,2.094395102393,4.188790204786,
6.28318530718,8.377580409573),.UNSPECIFIED.) CURVE() 
GEOMETRIC_REPRESENTATION_ITEM() RATIONAL_B_SPLINE_CURVE((1.,0.5,1.,0.5,
1.,0.5,1.)) REPRESENTATION_ITEM('') );
#4720 = CARTESIAN_POINT('',(-2.22,-16.04872636116));
#4721 = CARTESIAN_POINT('',(-0.487949192431,-16.04872636116));
#4722 = CARTESIAN_POINT('',(-1.353974596216,-17.54872636116));
#4723 = CARTESIAN_POINT('',(-2.22,-19.04872636116));
#4724 = CARTESIAN_POINT('',(-3.086025403784,-17.54872636116));
#4725 = CARTESIAN_POINT('',(-3.952050807569,-16.04872636116));
#4726 = CARTESIAN_POINT('',(-2.22,-16.04872636116));
#4727 = ( GEOMETRIC_REPRESENTATION_CONTEXT(2) 
PARAMETRIC_REPRESENTATION_CONTEXT() REPRESENTATION_CONTEXT('2D SPACE',''
  ) );
#4728 = ORIENTED_EDGE('',*,*,#626,.T.);
#4729 = ORIENTED_EDGE('',*,*,#4730,.F.);
#4730 = EDGE_CURVE('',#4731,#599,#4733,.T.);
#4731 = VERTEX_POINT('',#4732);
#4732 = CARTESIAN_POINT('',(-26.67,1.551273638835,56.0676));
#4733 = SURFACE_CURVE('',#4734,(#4739,#4746),.PCURVE_S1.);
#4734 = CIRCLE('',#4735,1.);
#4735 = AXIS2_PLACEMENT_3D('',#4736,#4737,#4738);
#4736 = CARTESIAN_POINT('',(-26.67,1.551273638835,55.0676));
#4737 = DIRECTION('',(-1.,0.,0.));
#4738 = DIRECTION('',(0.,2.22044604925E-16,1.));
#4739 = PCURVE('',#642,#4740);
#4740 = DEFINITIONAL_REPRESENTATION('',(#4741),#4745);
#4741 = LINE('',#4742,#4743);
#4742 = CARTESIAN_POINT('',(0.,3.));
#4743 = VECTOR('',#4744,1.);
#4744 = DIRECTION('',(1.,0.));
#4745 = ( GEOMETRIC_REPRESENTATION_CONTEXT(2) 
PARAMETRIC_REPRESENTATION_CONTEXT() REPRESENTATION_CONTEXT('2D SPACE',''
  ) );
#4746 = PCURVE('',#4587,#4747);
#4747 = DEFINITIONAL_REPRESENTATION('',(#4748),#4759);
#4748 = B_SPLINE_CURVE_WITH_KNOTS('',9,(#4749,#4750,#4751,#4752,#4753,
    #4754,#4755,#4756,#4757,#4758),.UNSPECIFIED.,.F.,.F.,(10,10),(0.,
    1.436374025385),.PIECEWISE_BEZIER_KNOTS.);
#4749 = CARTESIAN_POINT('',(-4.440892098501E-16,3.));
#4750 = CARTESIAN_POINT('',(0.366306453197,3.));
#4751 = CARTESIAN_POINT('',(0.707925399671,3.));
#4752 = CARTESIAN_POINT('',(1.0344558165,3.));
#4753 = CARTESIAN_POINT('',(1.352564706899,3.));
#4754 = CARTESIAN_POINT('',(1.66800599075,3.));
#4755 = CARTESIAN_POINT('',(1.986114881148,3.));
#4756 = CARTESIAN_POINT('',(2.312645297978,3.));
#4757 = CARTESIAN_POINT('',(2.654264244452,3.));
#4758 = CARTESIAN_POINT('',(3.020570697649,3.));
#4759 = ( GEOMETRIC_REPRESENTATION_CONTEXT(2) 
PARAMETRIC_REPRESENTATION_CONTEXT() REPRESENTATION_CONTEXT('2D SPACE',''
  ) );
#4760 = ORIENTED_EDGE('',*,*,#4761,.F.);
#4761 = EDGE_CURVE('',#4702,#4731,#4762,.T.);
#4762 = SURFACE_CURVE('',#4763,(#4767,#4774),.PCURVE_S1.);
#4763 = LINE('',#4764,#4765);
#4764 = CARTESIAN_POINT('',(-23.67,1.551273638835,56.0676));
#4765 = VECTOR('',#4766,1.);
#4766 = DIRECTION('',(-1.,0.,0.));
#4767 = PCURVE('',#642,#4768);
#4768 = DEFINITIONAL_REPRESENTATION('',(#4769),#4773);
#4769 = LINE('',#4770,#4771);
#4770 = CARTESIAN_POINT('',(0.,0.));
#4771 = VECTOR('',#4772,1.);
#4772 = DIRECTION('',(0.,1.));
#4773 = ( GEOMETRIC_REPRESENTATION_CONTEXT(2) 
PARAMETRIC_REPRESENTATION_CONTEXT() REPRESENTATION_CONTEXT('2D SPACE',''
  ) );
#4774 = PCURVE('',#4775,#4780);
#4775 = PLANE('',#4776);
#4776 = AXIS2_PLACEMENT_3D('',#4777,#4778,#4779);
#4777 = CARTESIAN_POINT('',(-23.67,18.6,56.0676));
#4778 = DIRECTION('',(0.,2.22044604925E-16,1.));
#4779 = DIRECTION('',(1.,0.,0.));
#4780 = DEFINITIONAL_REPRESENTATION('',(#4781),#4785);
#4781 = LINE('',#4782,#4783);
#4782 = CARTESIAN_POINT('',(7.105427357601E-15,-17.04872636116));
#4783 = VECTOR('',#4784,1.);
#4784 = DIRECTION('',(-1.,0.));
#4785 = ( GEOMETRIC_REPRESENTATION_CONTEXT(2) 
PARAMETRIC_REPRESENTATION_CONTEXT() REPRESENTATION_CONTEXT('2D SPACE',''
  ) );
#4786 = ADVANCED_FACE('',(#4787),#726,.T.);
#4787 = FACE_BOUND('',#4788,.T.);
#4788 = EDGE_LOOP('',(#4789,#4790,#4791,#4814,#4837,#4865,#4888,#4916));
#4789 = ORIENTED_EDGE('',*,*,#4654,.F.);
#4790 = ORIENTED_EDGE('',*,*,#710,.T.);
#4791 = ORIENTED_EDGE('',*,*,#4792,.T.);
#4792 = EDGE_CURVE('',#683,#4793,#4795,.T.);
#4793 = VERTEX_POINT('',#4794);
#4794 = CARTESIAN_POINT('',(-18.5,-18.865,52.8476));
#4795 = SURFACE_CURVE('',#4796,(#4800,#4807),.PCURVE_S1.);
#4796 = LINE('',#4797,#4798);
#4797 = CARTESIAN_POINT('',(-18.5,18.6,52.8476));
#4798 = VECTOR('',#4799,1.);
#4799 = DIRECTION('',(0.,-1.,2.22044604925E-16));
#4800 = PCURVE('',#726,#4801);
#4801 = DEFINITIONAL_REPRESENTATION('',(#4802),#4806);
#4802 = LINE('',#4803,#4804);
#4803 = CARTESIAN_POINT('',(27.770542240005,6.15098431654));
#4804 = VECTOR('',#4805,1.);
#4805 = DIRECTION('',(-1.,-4.440892098501E-16));
#4806 = ( GEOMETRIC_REPRESENTATION_CONTEXT(2) 
PARAMETRIC_REPRESENTATION_CONTEXT() REPRESENTATION_CONTEXT('2D SPACE',''
  ) );
#4807 = PCURVE('',#698,#4808);
#4808 = DEFINITIONAL_REPRESENTATION('',(#4809),#4813);
#4809 = LINE('',#4810,#4811);
#4810 = CARTESIAN_POINT('',(-5.17,0.));
#4811 = VECTOR('',#4812,1.);
#4812 = DIRECTION('',(-0.,-1.));
#4813 = ( GEOMETRIC_REPRESENTATION_CONTEXT(2) 
PARAMETRIC_REPRESENTATION_CONTEXT() REPRESENTATION_CONTEXT('2D SPACE',''
  ) );
#4814 = ORIENTED_EDGE('',*,*,#4815,.T.);
#4815 = EDGE_CURVE('',#4793,#4816,#4818,.T.);
#4816 = VERTEX_POINT('',#4817);
#4817 = CARTESIAN_POINT('',(-18.5,-18.865,65.8876));
#4818 = SURFACE_CURVE('',#4819,(#4823,#4830),.PCURVE_S1.);
#4819 = LINE('',#4820,#4821);
#4820 = CARTESIAN_POINT('',(-18.5,-18.865,55.));
#4821 = VECTOR('',#4822,1.);
#4822 = DIRECTION('',(0.,2.22044604925E-16,1.));
#4823 = PCURVE('',#726,#4824);
#4824 = DEFINITIONAL_REPRESENTATION('',(#4825),#4829);
#4825 = LINE('',#4826,#4827);
#4826 = CARTESIAN_POINT('',(-9.694457759995,3.99858431654));
#4827 = VECTOR('',#4828,1.);
#4828 = DIRECTION('',(4.440892098501E-16,-1.));
#4829 = ( GEOMETRIC_REPRESENTATION_CONTEXT(2) 
PARAMETRIC_REPRESENTATION_CONTEXT() REPRESENTATION_CONTEXT('2D SPACE',''
  ) );
#4830 = PCURVE('',#1719,#4831);
#4831 = DEFINITIONAL_REPRESENTATION('',(#4832),#4836);
#4832 = LINE('',#4833,#4834);
#4833 = CARTESIAN_POINT('',(-7.375295002826,18.5));
#4834 = VECTOR('',#4835,1.);
#4835 = DIRECTION('',(1.,0.));
#4836 = ( GEOMETRIC_REPRESENTATION_CONTEXT(2) 
PARAMETRIC_REPRESENTATION_CONTEXT() REPRESENTATION_CONTEXT('2D SPACE',''
  ) );
#4837 = ORIENTED_EDGE('',*,*,#4838,.F.);
#4838 = EDGE_CURVE('',#4839,#4816,#4841,.T.);
#4839 = VERTEX_POINT('',#4840);
#4840 = CARTESIAN_POINT('',(-18.5,-14.6,65.8876));
#4841 = SURFACE_CURVE('',#4842,(#4846,#4853),.PCURVE_S1.);
#4842 = LINE('',#4843,#4844);
#4843 = CARTESIAN_POINT('',(-18.5,18.6,65.8876));
#4844 = VECTOR('',#4845,1.);
#4845 = DIRECTION('',(0.,-1.,2.22044604925E-16));
#4846 = PCURVE('',#726,#4847);
#4847 = DEFINITIONAL_REPRESENTATION('',(#4848),#4852);
#4848 = LINE('',#4849,#4850);
#4849 = CARTESIAN_POINT('',(27.770542240005,-6.88901568346));
#4850 = VECTOR('',#4851,1.);
#4851 = DIRECTION('',(-1.,-4.440892098501E-16));
#4852 = ( GEOMETRIC_REPRESENTATION_CONTEXT(2) 
PARAMETRIC_REPRESENTATION_CONTEXT() REPRESENTATION_CONTEXT('2D SPACE',''
  ) );
#4853 = PCURVE('',#4854,#4859);
#4854 = PLANE('',#4855);
#4855 = AXIS2_PLACEMENT_3D('',#4856,#4857,#4858);
#4856 = CARTESIAN_POINT('',(-18.5,18.6,65.8876));
#4857 = DIRECTION('',(0.,2.22044604925E-16,1.));
#4858 = DIRECTION('',(1.,0.,0.));
#4859 = DEFINITIONAL_REPRESENTATION('',(#4860),#4864);
#4860 = LINE('',#4861,#4862);
#4861 = CARTESIAN_POINT('',(-0.,0.));
#4862 = VECTOR('',#4863,1.);
#4863 = DIRECTION('',(-0.,-1.));
#4864 = ( GEOMETRIC_REPRESENTATION_CONTEXT(2) 
PARAMETRIC_REPRESENTATION_CONTEXT() REPRESENTATION_CONTEXT('2D SPACE',''
  ) );
#4865 = ORIENTED_EDGE('',*,*,#4866,.F.);
#4866 = EDGE_CURVE('',#4867,#4839,#4869,.T.);
#4867 = VERTEX_POINT('',#4868);
#4868 = CARTESIAN_POINT('',(-18.5,-14.6,56.2376));
#4869 = SURFACE_CURVE('',#4870,(#4874,#4881),.PCURVE_S1.);
#4870 = LINE('',#4871,#4872);
#4871 = CARTESIAN_POINT('',(-18.5,-14.6,60.4438));
#4872 = VECTOR('',#4873,1.);
#4873 = DIRECTION('',(0.,0.,1.));
#4874 = PCURVE('',#726,#4875);
#4875 = DEFINITIONAL_REPRESENTATION('',(#4876),#4880);
#4876 = LINE('',#4877,#4878);
#4877 = CARTESIAN_POINT('',(-5.429457759995,-1.44521568346));
#4878 = VECTOR('',#4879,1.);
#4879 = DIRECTION('',(2.22044604925E-16,-1.));
#4880 = ( GEOMETRIC_REPRESENTATION_CONTEXT(2) 
PARAMETRIC_REPRESENTATION_CONTEXT() REPRESENTATION_CONTEXT('2D SPACE',''
  ) );
#4881 = PCURVE('',#2070,#4882);
#4882 = DEFINITIONAL_REPRESENTATION('',(#4883),#4887);
#4883 = LINE('',#4884,#4885);
#4884 = CARTESIAN_POINT('',(-2.062540532291,18.5));
#4885 = VECTOR('',#4886,1.);
#4886 = DIRECTION('',(-1.,0.));
#4887 = ( GEOMETRIC_REPRESENTATION_CONTEXT(2) 
PARAMETRIC_REPRESENTATION_CONTEXT() REPRESENTATION_CONTEXT('2D SPACE',''
  ) );
#4888 = ORIENTED_EDGE('',*,*,#4889,.T.);
#4889 = EDGE_CURVE('',#4867,#4890,#4892,.T.);
#4890 = VERTEX_POINT('',#4891);
#4891 = CARTESIAN_POINT('',(-18.5,-9.0675,56.2376));
#4892 = SURFACE_CURVE('',#4893,(#4897,#4904),.PCURVE_S1.);
#4893 = LINE('',#4894,#4895);
#4894 = CARTESIAN_POINT('',(-18.5,4.76625,56.2376));
#4895 = VECTOR('',#4896,1.);
#4896 = DIRECTION('',(0.,1.,0.));
#4897 = PCURVE('',#726,#4898);
#4898 = DEFINITIONAL_REPRESENTATION('',(#4899),#4903);
#4899 = LINE('',#4900,#4901);
#4900 = CARTESIAN_POINT('',(13.936792240005,2.76098431654));
#4901 = VECTOR('',#4902,1.);
#4902 = DIRECTION('',(1.,2.22044604925E-16));
#4903 = ( GEOMETRIC_REPRESENTATION_CONTEXT(2) 
PARAMETRIC_REPRESENTATION_CONTEXT() REPRESENTATION_CONTEXT('2D SPACE',''
  ) );
#4904 = PCURVE('',#4905,#4910);
#4905 = PLANE('',#4906);
#4906 = AXIS2_PLACEMENT_3D('',#4907,#4908,#4909);
#4907 = CARTESIAN_POINT('',(23.8,-9.0675,56.2376));
#4908 = DIRECTION('',(0.,0.,1.));
#4909 = DIRECTION('',(0.,-1.,0.));
#4910 = DEFINITIONAL_REPRESENTATION('',(#4911),#4915);
#4911 = LINE('',#4912,#4913);
#4912 = CARTESIAN_POINT('',(-13.83375,-42.3));
#4913 = VECTOR('',#4914,1.);
#4914 = DIRECTION('',(-1.,0.));
#4915 = ( GEOMETRIC_REPRESENTATION_CONTEXT(2) 
PARAMETRIC_REPRESENTATION_CONTEXT() REPRESENTATION_CONTEXT('2D SPACE',''
  ) );
#4916 = ORIENTED_EDGE('',*,*,#4917,.T.);
#4917 = EDGE_CURVE('',#4890,#4655,#4918,.T.);
#4918 = SURFACE_CURVE('',#4919,(#4923,#4930),.PCURVE_S1.);
#4919 = LINE('',#4920,#4921);
#4920 = CARTESIAN_POINT('',(-18.5,-9.0675,63.7438));
#4921 = VECTOR('',#4922,1.);
#4922 = DIRECTION('',(0.,0.,1.));
#4923 = PCURVE('',#726,#4924);
#4924 = DEFINITIONAL_REPRESENTATION('',(#4925),#4929);
#4925 = LINE('',#4926,#4927);
#4926 = CARTESIAN_POINT('',(0.103042240005,-4.74521568346));
#4927 = VECTOR('',#4928,1.);
#4928 = DIRECTION('',(2.22044604925E-16,-1.));
#4929 = ( GEOMETRIC_REPRESENTATION_CONTEXT(2) 
PARAMETRIC_REPRESENTATION_CONTEXT() REPRESENTATION_CONTEXT('2D SPACE',''
  ) );
#4930 = PCURVE('',#4542,#4931);
#4931 = DEFINITIONAL_REPRESENTATION('',(#4932),#4936);
#4932 = LINE('',#4933,#4934);
#4933 = CARTESIAN_POINT('',(8.7438,-42.3));
#4934 = VECTOR('',#4935,1.);
#4935 = DIRECTION('',(-1.,0.));
#4936 = ( GEOMETRIC_REPRESENTATION_CONTEXT(2) 
PARAMETRIC_REPRESENTATION_CONTEXT() REPRESENTATION_CONTEXT('2D SPACE',''
  ) );
#4937 = ADVANCED_FACE('',(#4938),#670,.T.);
#4938 = FACE_BOUND('',#4939,.F.);
#4939 = EDGE_LOOP('',(#4940,#4941,#4964,#4987,#5016,#5037));
#4940 = ORIENTED_EDGE('',*,*,#654,.T.);
#4941 = ORIENTED_EDGE('',*,*,#4942,.T.);
#4942 = EDGE_CURVE('',#655,#4943,#4945,.T.);
#4943 = VERTEX_POINT('',#4944);
#4944 = CARTESIAN_POINT('',(-23.67,-18.865,52.8476));
#4945 = SURFACE_CURVE('',#4946,(#4950,#4957),.PCURVE_S1.);
#4946 = LINE('',#4947,#4948);
#4947 = CARTESIAN_POINT('',(-23.67,18.6,52.8476));
#4948 = VECTOR('',#4949,1.);
#4949 = DIRECTION('',(0.,-1.,2.22044604925E-16));
#4950 = PCURVE('',#670,#4951);
#4951 = DEFINITIONAL_REPRESENTATION('',(#4952),#4956);
#4952 = LINE('',#4953,#4954);
#4953 = CARTESIAN_POINT('',(-0.,0.));
#4954 = VECTOR('',#4955,1.);
#4955 = DIRECTION('',(-0.,-1.));
#4956 = ( GEOMETRIC_REPRESENTATION_CONTEXT(2) 
PARAMETRIC_REPRESENTATION_CONTEXT() REPRESENTATION_CONTEXT('2D SPACE',''
  ) );
#4957 = PCURVE('',#698,#4958);
#4958 = DEFINITIONAL_REPRESENTATION('',(#4959),#4963);
#4959 = LINE('',#4960,#4961);
#4960 = CARTESIAN_POINT('',(-0.,0.));
#4961 = VECTOR('',#4962,1.);
#4962 = DIRECTION('',(-0.,-1.));
#4963 = ( GEOMETRIC_REPRESENTATION_CONTEXT(2) 
PARAMETRIC_REPRESENTATION_CONTEXT() REPRESENTATION_CONTEXT('2D SPACE',''
  ) );
#4964 = ORIENTED_EDGE('',*,*,#4965,.T.);
#4965 = EDGE_CURVE('',#4943,#4966,#4968,.T.);
#4966 = VERTEX_POINT('',#4967);
#4967 = CARTESIAN_POINT('',(-23.67,-18.865,55.0676));
#4968 = SURFACE_CURVE('',#4969,(#4973,#4980),.PCURVE_S1.);
#4969 = LINE('',#4970,#4971);
#4970 = CARTESIAN_POINT('',(-23.67,-18.865,52.8476));
#4971 = VECTOR('',#4972,1.);
#4972 = DIRECTION('',(0.,2.22044604925E-16,1.));
#4973 = PCURVE('',#670,#4974);
#4974 = DEFINITIONAL_REPRESENTATION('',(#4975),#4979);
#4975 = LINE('',#4976,#4977);
#4976 = CARTESIAN_POINT('',(1.213473765915E-15,-37.465));
#4977 = VECTOR('',#4978,1.);
#4978 = DIRECTION('',(-1.,0.));
#4979 = ( GEOMETRIC_REPRESENTATION_CONTEXT(2) 
PARAMETRIC_REPRESENTATION_CONTEXT() REPRESENTATION_CONTEXT('2D SPACE',''
  ) );
#4980 = PCURVE('',#1719,#4981);
#4981 = DEFINITIONAL_REPRESENTATION('',(#4982),#4986);
#4982 = LINE('',#4983,#4984);
#4983 = CARTESIAN_POINT('',(-9.527695002826,23.67));
#4984 = VECTOR('',#4985,1.);
#4985 = DIRECTION('',(1.,0.));
#4986 = ( GEOMETRIC_REPRESENTATION_CONTEXT(2) 
PARAMETRIC_REPRESENTATION_CONTEXT() REPRESENTATION_CONTEXT('2D SPACE',''
  ) );
#4987 = ORIENTED_EDGE('',*,*,#4988,.F.);
#4988 = EDGE_CURVE('',#4989,#4966,#4991,.T.);
#4989 = VERTEX_POINT('',#4990);
#4990 = CARTESIAN_POINT('',(-23.67,-17.865,56.0676));
#4991 = SURFACE_CURVE('',#4992,(#4997,#5004),.PCURVE_S1.);
#4992 = CIRCLE('',#4993,1.);
#4993 = AXIS2_PLACEMENT_3D('',#4994,#4995,#4996);
#4994 = CARTESIAN_POINT('',(-23.67,-17.865,55.0676));
#4995 = DIRECTION('',(1.,0.,0.));
#4996 = DIRECTION('',(0.,-1.,-2.22044604925E-16));
#4997 = PCURVE('',#670,#4998);
#4998 = DEFINITIONAL_REPRESENTATION('',(#4999),#5003);
#4999 = CIRCLE('',#5000,1.);
#5000 = AXIS2_PLACEMENT_2D('',#5001,#5002);
#5001 = CARTESIAN_POINT('',(-2.22,-36.465));
#5002 = DIRECTION('',(4.440892098501E-16,-1.));
#5003 = ( GEOMETRIC_REPRESENTATION_CONTEXT(2) 
PARAMETRIC_REPRESENTATION_CONTEXT() REPRESENTATION_CONTEXT('2D SPACE',''
  ) );
#5004 = PCURVE('',#5005,#5010);
#5005 = CYLINDRICAL_SURFACE('',#5006,1.);
#5006 = AXIS2_PLACEMENT_3D('',#5007,#5008,#5009);
#5007 = CARTESIAN_POINT('',(-26.67,-17.865,55.0676));
#5008 = DIRECTION('',(1.,0.,0.));
#5009 = DIRECTION('',(0.,2.22044604925E-16,1.));
#5010 = DEFINITIONAL_REPRESENTATION('',(#5011),#5015);
#5011 = LINE('',#5012,#5013);
#5012 = CARTESIAN_POINT('',(-4.712388980385,3.));
#5013 = VECTOR('',#5014,1.);
#5014 = DIRECTION('',(1.,0.));
#5015 = ( GEOMETRIC_REPRESENTATION_CONTEXT(2) 
PARAMETRIC_REPRESENTATION_CONTEXT() REPRESENTATION_CONTEXT('2D SPACE',''
  ) );
#5016 = ORIENTED_EDGE('',*,*,#5017,.F.);
#5017 = EDGE_CURVE('',#4702,#4989,#5018,.T.);
#5018 = SURFACE_CURVE('',#5019,(#5023,#5030),.PCURVE_S1.);
#5019 = LINE('',#5020,#5021);
#5020 = CARTESIAN_POINT('',(-23.67,18.6,56.0676));
#5021 = VECTOR('',#5022,1.);
#5022 = DIRECTION('',(0.,-1.,2.22044604925E-16));
#5023 = PCURVE('',#670,#5024);
#5024 = DEFINITIONAL_REPRESENTATION('',(#5025),#5029);
#5025 = LINE('',#5026,#5027);
#5026 = CARTESIAN_POINT('',(-3.22,-4.267697306659E-15));
#5027 = VECTOR('',#5028,1.);
#5028 = DIRECTION('',(-0.,-1.));
#5029 = ( GEOMETRIC_REPRESENTATION_CONTEXT(2) 
PARAMETRIC_REPRESENTATION_CONTEXT() REPRESENTATION_CONTEXT('2D SPACE',''
  ) );
#5030 = PCURVE('',#4775,#5031);
#5031 = DEFINITIONAL_REPRESENTATION('',(#5032),#5036);
#5032 = LINE('',#5033,#5034);
#5033 = CARTESIAN_POINT('',(-0.,0.));
#5034 = VECTOR('',#5035,1.);
#5035 = DIRECTION('',(-0.,-1.));
#5036 = ( GEOMETRIC_REPRESENTATION_CONTEXT(2) 
PARAMETRIC_REPRESENTATION_CONTEXT() REPRESENTATION_CONTEXT('2D SPACE',''
  ) );
#5037 = ORIENTED_EDGE('',*,*,#4701,.T.);
#5038 = ADVANCED_FACE('',(#5039),#698,.F.);
#5039 = FACE_BOUND('',#5040,.T.);
#5040 = EDGE_LOOP('',(#5041,#5042,#5043,#5064));
#5041 = ORIENTED_EDGE('',*,*,#682,.T.);
#5042 = ORIENTED_EDGE('',*,*,#4942,.T.);
#5043 = ORIENTED_EDGE('',*,*,#5044,.T.);
#5044 = EDGE_CURVE('',#4943,#4793,#5045,.T.);
#5045 = SURFACE_CURVE('',#5046,(#5050,#5057),.PCURVE_S1.);
#5046 = LINE('',#5047,#5048);
#5047 = CARTESIAN_POINT('',(-23.67,-18.865,52.8476));
#5048 = VECTOR('',#5049,1.);
#5049 = DIRECTION('',(1.,0.,0.));
#5050 = PCURVE('',#698,#5051);
#5051 = DEFINITIONAL_REPRESENTATION('',(#5052),#5056);
#5052 = LINE('',#5053,#5054);
#5053 = CARTESIAN_POINT('',(-0.,-37.465));
#5054 = VECTOR('',#5055,1.);
#5055 = DIRECTION('',(-1.,0.));
#5056 = ( GEOMETRIC_REPRESENTATION_CONTEXT(2) 
PARAMETRIC_REPRESENTATION_CONTEXT() REPRESENTATION_CONTEXT('2D SPACE',''
  ) );
#5057 = PCURVE('',#1719,#5058);
#5058 = DEFINITIONAL_REPRESENTATION('',(#5059),#5063);
#5059 = LINE('',#5060,#5061);
#5060 = CARTESIAN_POINT('',(-9.527695002826,23.67));
#5061 = VECTOR('',#5062,1.);
#5062 = DIRECTION('',(0.,-1.));
#5063 = ( GEOMETRIC_REPRESENTATION_CONTEXT(2) 
PARAMETRIC_REPRESENTATION_CONTEXT() REPRESENTATION_CONTEXT('2D SPACE',''
  ) );
#5064 = ORIENTED_EDGE('',*,*,#4792,.F.);
#5065 = ADVANCED_FACE('',(#5066),#1365,.F.);
#5066 = FACE_BOUND('',#5067,.F.);
#5067 = EDGE_LOOP('',(#5068,#5069,#5070,#5099));
#5068 = ORIENTED_EDGE('',*,*,#1513,.T.);
#5069 = ORIENTED_EDGE('',*,*,#1336,.T.);
#5070 = ORIENTED_EDGE('',*,*,#5071,.F.);
#5071 = EDGE_CURVE('',#5072,#1337,#5074,.T.);
#5072 = VERTEX_POINT('',#5073);
#5073 = CARTESIAN_POINT('',(27.670000797344,0.540907627316,56.0676));
#5074 = SURFACE_CURVE('',#5075,(#5079,#5086),.PCURVE_S1.);
#5075 = ( BOUNDED_CURVE() B_SPLINE_CURVE(2,(#5076,#5077,#5078),
.UNSPECIFIED.,.F.,.F.) B_SPLINE_CURVE_WITH_KNOTS((3,3),(0.,
3.020570697649),.PIECEWISE_BEZIER_KNOTS.) CURVE() 
GEOMETRIC_REPRESENTATION_ITEM() RATIONAL_B_SPLINE_CURVE((1.,
0.707106781187,1.)) REPRESENTATION_ITEM('') );
#5076 = CARTESIAN_POINT('',(27.670000797344,0.540907627316,56.0676));
#5077 = CARTESIAN_POINT('',(28.67,0.542170436589,56.0676));
#5078 = CARTESIAN_POINT('',(28.67,0.542170436589,55.0676));
#5079 = PCURVE('',#1365,#5080);
#5080 = DEFINITIONAL_REPRESENTATION('',(#5081),#5085);
#5081 = LINE('',#5082,#5083);
#5082 = CARTESIAN_POINT('',(0.,6.020570697649));
#5083 = VECTOR('',#5084,1.);
#5084 = DIRECTION('',(1.,0.));
#5085 = ( GEOMETRIC_REPRESENTATION_CONTEXT(2) 
PARAMETRIC_REPRESENTATION_CONTEXT() REPRESENTATION_CONTEXT('2D SPACE',''
  ) );
#5086 = PCURVE('',#5087,#5092);
#5087 = CYLINDRICAL_SURFACE('',#5088,1.);
#5088 = AXIS2_PLACEMENT_3D('',#5089,#5090,#5091);
#5089 = CARTESIAN_POINT('',(27.67,0.406932598751,55.0676));
#5090 = DIRECTION('',(0.,-1.,2.22044604925E-16));
#5091 = DIRECTION('',(0.,2.22044604925E-16,1.));
#5092 = DEFINITIONAL_REPRESENTATION('',(#5093),#5098);
#5093 = B_SPLINE_CURVE_WITH_KNOTS('',3,(#5094,#5095,#5096,#5097),
  .UNSPECIFIED.,.F.,.F.,(4,4),(0.,3.020570697649),
  .PIECEWISE_BEZIER_KNOTS.);
#5094 = CARTESIAN_POINT('',(-2.22044604925E-16,-0.135237837838));
#5095 = CARTESIAN_POINT('',(-0.471404520791,-0.135237837838));
#5096 = CARTESIAN_POINT('',(-1.099391806004,-0.135237837838));
#5097 = CARTESIAN_POINT('',(-1.570796326795,-0.135237837838));
#5098 = ( GEOMETRIC_REPRESENTATION_CONTEXT(2) 
PARAMETRIC_REPRESENTATION_CONTEXT() REPRESENTATION_CONTEXT('2D SPACE',''
  ) );
#5099 = ORIENTED_EDGE('',*,*,#5100,.F.);
#5100 = EDGE_CURVE('',#1514,#5072,#5101,.T.);
#5101 = SURFACE_CURVE('',#5102,(#5112,#5119),.PCURVE_S1.);
#5102 = ( BOUNDED_CURVE() B_SPLINE_CURVE(8,(#5103,#5104,#5105,#5106,
    #5107,#5108,#5109,#5110,#5111),.UNSPECIFIED.,.F.,.F.) 
B_SPLINE_CURVE_WITH_KNOTS((9,9),(3.,6.020570697649),
.PIECEWISE_BEZIER_KNOTS.) CURVE() GEOMETRIC_REPRESENTATION_ITEM() 
RATIONAL_B_SPLINE_CURVE((1.,1.,1.,1.,1.,1.,1.,1.,1.)) 
REPRESENTATION_ITEM('') );
#5103 = CARTESIAN_POINT('',(26.67,1.551273638835,56.0676));
#5104 = CARTESIAN_POINT('',(26.880180296391,1.551273638835,56.0676));
#5105 = CARTESIAN_POINT('',(27.104525714165,1.50063535188,56.0676));
#5106 = CARTESIAN_POINT('',(27.319224726837,1.388187110899,56.0676));
#5107 = CARTESIAN_POINT('',(27.493874268026,1.219997150302,56.0676));
#5108 = CARTESIAN_POINT('',(27.594500964046,1.025503679229,56.0676));
#5109 = CARTESIAN_POINT('',(27.643901189269,0.85742882612,56.0676));
#5110 = CARTESIAN_POINT('',(27.670276965781,0.700717209904,56.0676));
#5111 = CARTESIAN_POINT('',(27.670000797344,0.540907627316,56.0676));
#5112 = PCURVE('',#1365,#5113);
#5113 = DEFINITIONAL_REPRESENTATION('',(#5114),#5118);
#5114 = LINE('',#5115,#5116);
#5115 = CARTESIAN_POINT('',(0.,0.));
#5116 = VECTOR('',#5117,1.);
#5117 = DIRECTION('',(0.,1.));
#5118 = ( GEOMETRIC_REPRESENTATION_CONTEXT(2) 
PARAMETRIC_REPRESENTATION_CONTEXT() REPRESENTATION_CONTEXT('2D SPACE',''
  ) );
#5119 = PCURVE('',#1558,#5120);
#5120 = DEFINITIONAL_REPRESENTATION('',(#5121),#5131);
#5121 = ( BOUNDED_CURVE() B_SPLINE_CURVE(8,(#5122,#5123,#5124,#5125,
    #5126,#5127,#5128,#5129,#5130),.UNSPECIFIED.,.F.,.F.) 
B_SPLINE_CURVE_WITH_KNOTS((9,9),(3.,6.020570697649),
.PIECEWISE_BEZIER_KNOTS.) CURVE() GEOMETRIC_REPRESENTATION_ITEM() 
RATIONAL_B_SPLINE_CURVE((1.,1.,1.,1.,1.,1.,1.,1.,1.)) 
REPRESENTATION_ITEM('') );
#5122 = CARTESIAN_POINT('',(3.,-17.04872636116));
#5123 = CARTESIAN_POINT('',(3.210180296391,-17.04872636116));
#5124 = CARTESIAN_POINT('',(3.434525714165,-17.09936464812));
#5125 = CARTESIAN_POINT('',(3.649224726837,-17.2118128891));
#5126 = CARTESIAN_POINT('',(3.823874268026,-17.38000284969));
#5127 = CARTESIAN_POINT('',(3.924500964046,-17.57449632077));
#5128 = CARTESIAN_POINT('',(3.973901189269,-17.74257117388));
#5129 = CARTESIAN_POINT('',(4.000276965781,-17.89928279009));
#5130 = CARTESIAN_POINT('',(4.000000797344,-18.05909237268));
#5131 = ( GEOMETRIC_REPRESENTATION_CONTEXT(2) 
PARAMETRIC_REPRESENTATION_CONTEXT() REPRESENTATION_CONTEXT('2D SPACE',''
  ) );
#5132 = ADVANCED_FACE('',(#5133),#1416,.F.);
#5133 = FACE_BOUND('',#5134,.F.);
#5134 = EDGE_LOOP('',(#5135,#5136,#5159,#5187));
#5135 = ORIENTED_EDGE('',*,*,#1400,.T.);
#5136 = ORIENTED_EDGE('',*,*,#5137,.T.);
#5137 = EDGE_CURVE('',#1401,#5138,#5140,.T.);
#5138 = VERTEX_POINT('',#5139);
#5139 = CARTESIAN_POINT('',(28.67,-16.865,52.8476));
#5140 = SURFACE_CURVE('',#5141,(#5145,#5152),.PCURVE_S1.);
#5141 = LINE('',#5142,#5143);
#5142 = CARTESIAN_POINT('',(28.67,18.6,52.8476));
#5143 = VECTOR('',#5144,1.);
#5144 = DIRECTION('',(0.,-1.,2.22044604925E-16));
#5145 = PCURVE('',#1416,#5146);
#5146 = DEFINITIONAL_REPRESENTATION('',(#5147),#5151);
#5147 = LINE('',#5148,#5149);
#5148 = CARTESIAN_POINT('',(0.,0.));
#5149 = VECTOR('',#5150,1.);
#5150 = DIRECTION('',(0.,-1.));
#5151 = ( GEOMETRIC_REPRESENTATION_CONTEXT(2) 
PARAMETRIC_REPRESENTATION_CONTEXT() REPRESENTATION_CONTEXT('2D SPACE',''
  ) );
#5152 = PCURVE('',#1601,#5153);
#5153 = DEFINITIONAL_REPRESENTATION('',(#5154),#5158);
#5154 = LINE('',#5155,#5156);
#5155 = CARTESIAN_POINT('',(-6.28318530718,0.));
#5156 = VECTOR('',#5157,1.);
#5157 = DIRECTION('',(-0.,-1.));
#5158 = ( GEOMETRIC_REPRESENTATION_CONTEXT(2) 
PARAMETRIC_REPRESENTATION_CONTEXT() REPRESENTATION_CONTEXT('2D SPACE',''
  ) );
#5159 = ORIENTED_EDGE('',*,*,#5160,.T.);
#5160 = EDGE_CURVE('',#5138,#5161,#5163,.T.);
#5161 = VERTEX_POINT('',#5162);
#5162 = CARTESIAN_POINT('',(28.67,-16.865,55.0676));
#5163 = SURFACE_CURVE('',#5164,(#5168,#5175),.PCURVE_S1.);
#5164 = LINE('',#5165,#5166);
#5165 = CARTESIAN_POINT('',(28.67,-16.865,52.8476));
#5166 = VECTOR('',#5167,1.);
#5167 = DIRECTION('',(0.,2.22044604925E-16,1.));
#5168 = PCURVE('',#1416,#5169);
#5169 = DEFINITIONAL_REPRESENTATION('',(#5170),#5174);
#5170 = LINE('',#5171,#5172);
#5171 = CARTESIAN_POINT('',(-7.874811913666E-15,-35.465));
#5172 = VECTOR('',#5173,1.);
#5173 = DIRECTION('',(1.,0.));
#5174 = ( GEOMETRIC_REPRESENTATION_CONTEXT(2) 
PARAMETRIC_REPRESENTATION_CONTEXT() REPRESENTATION_CONTEXT('2D SPACE',''
  ) );
#5175 = PCURVE('',#5176,#5181);
#5176 = CYLINDRICAL_SURFACE('',#5177,2.);
#5177 = AXIS2_PLACEMENT_3D('',#5178,#5179,#5180);
#5178 = CARTESIAN_POINT('',(26.67,-16.865,52.8476));
#5179 = DIRECTION('',(0.,2.22044604925E-16,1.));
#5180 = DIRECTION('',(1.,0.,0.));
#5181 = DEFINITIONAL_REPRESENTATION('',(#5182),#5186);
#5182 = LINE('',#5183,#5184);
#5183 = CARTESIAN_POINT('',(-0.,0.));
#5184 = VECTOR('',#5185,1.);
#5185 = DIRECTION('',(-0.,1.));
#5186 = ( GEOMETRIC_REPRESENTATION_CONTEXT(2) 
PARAMETRIC_REPRESENTATION_CONTEXT() REPRESENTATION_CONTEXT('2D SPACE',''
  ) );
#5187 = ORIENTED_EDGE('',*,*,#5188,.F.);
#5188 = EDGE_CURVE('',#1337,#5161,#5189,.T.);
#5189 = SURFACE_CURVE('',#5190,(#5194,#5201),.PCURVE_S1.);
#5190 = LINE('',#5191,#5192);
#5191 = CARTESIAN_POINT('',(28.67,0.406932598751,55.0676));
#5192 = VECTOR('',#5193,1.);
#5193 = DIRECTION('',(0.,-1.,2.22044604925E-16));
#5194 = PCURVE('',#1416,#5195);
#5195 = DEFINITIONAL_REPRESENTATION('',(#5196),#5200);
#5196 = LINE('',#5197,#5198);
#5197 = CARTESIAN_POINT('',(2.22,-18.19306740124));
#5198 = VECTOR('',#5199,1.);
#5199 = DIRECTION('',(0.,-1.));
#5200 = ( GEOMETRIC_REPRESENTATION_CONTEXT(2) 
PARAMETRIC_REPRESENTATION_CONTEXT() REPRESENTATION_CONTEXT('2D SPACE',''
  ) );
#5201 = PCURVE('',#5087,#5202);
#5202 = DEFINITIONAL_REPRESENTATION('',(#5203),#5207);
#5203 = LINE('',#5204,#5205);
#5204 = CARTESIAN_POINT('',(-1.570796326795,0.));
#5205 = VECTOR('',#5206,1.);
#5206 = DIRECTION('',(-0.,1.));
#5207 = ( GEOMETRIC_REPRESENTATION_CONTEXT(2) 
PARAMETRIC_REPRESENTATION_CONTEXT() REPRESENTATION_CONTEXT('2D SPACE',''
  ) );
#5208 = ADVANCED_FACE('',(#5209),#1558,.T.);
#5209 = FACE_BOUND('',#5210,.T.);
#5210 = EDGE_LOOP('',(#5211,#5212,#5235,#5268,#5289,#5290));
#5211 = ORIENTED_EDGE('',*,*,#1764,.T.);
#5212 = ORIENTED_EDGE('',*,*,#5213,.F.);
#5213 = EDGE_CURVE('',#5214,#1732,#5216,.T.);
#5214 = VERTEX_POINT('',#5215);
#5215 = CARTESIAN_POINT('',(26.67,-17.865,56.0676));
#5216 = SURFACE_CURVE('',#5217,(#5221,#5228),.PCURVE_S1.);
#5217 = LINE('',#5218,#5219);
#5218 = CARTESIAN_POINT('',(26.67,-17.865,56.0676));
#5219 = VECTOR('',#5220,1.);
#5220 = DIRECTION('',(-1.,0.,0.));
#5221 = PCURVE('',#1558,#5222);
#5222 = DEFINITIONAL_REPRESENTATION('',(#5223),#5227);
#5223 = LINE('',#5224,#5225);
#5224 = CARTESIAN_POINT('',(3.,-36.465));
#5225 = VECTOR('',#5226,1.);
#5226 = DIRECTION('',(-1.,0.));
#5227 = ( GEOMETRIC_REPRESENTATION_CONTEXT(2) 
PARAMETRIC_REPRESENTATION_CONTEXT() REPRESENTATION_CONTEXT('2D SPACE',''
  ) );
#5228 = PCURVE('',#1752,#5229);
#5229 = DEFINITIONAL_REPRESENTATION('',(#5230),#5234);
#5230 = LINE('',#5231,#5232);
#5231 = CARTESIAN_POINT('',(-0.,0.));
#5232 = VECTOR('',#5233,1.);
#5233 = DIRECTION('',(-0.,1.));
#5234 = ( GEOMETRIC_REPRESENTATION_CONTEXT(2) 
PARAMETRIC_REPRESENTATION_CONTEXT() REPRESENTATION_CONTEXT('2D SPACE',''
  ) );
#5235 = ORIENTED_EDGE('',*,*,#5236,.F.);
#5236 = EDGE_CURVE('',#5237,#5214,#5239,.T.);
#5237 = VERTEX_POINT('',#5238);
#5238 = CARTESIAN_POINT('',(27.67,-16.865,56.0676));
#5239 = SURFACE_CURVE('',#5240,(#5245,#5256),.PCURVE_S1.);
#5240 = CIRCLE('',#5241,1.);
#5241 = AXIS2_PLACEMENT_3D('',#5242,#5243,#5244);
#5242 = CARTESIAN_POINT('',(26.67,-16.865,56.0676));
#5243 = DIRECTION('',(0.,-2.22044604925E-16,-1.));
#5244 = DIRECTION('',(1.,-2.22044604925E-16,4.930380657631E-32));
#5245 = PCURVE('',#1558,#5246);
#5246 = DEFINITIONAL_REPRESENTATION('',(#5247),#5255);
#5247 = ( BOUNDED_CURVE() B_SPLINE_CURVE(2,(#5248,#5249,#5250,#5251,
#5252,#5253,#5254),.UNSPECIFIED.,.T.,.F.) B_SPLINE_CURVE_WITH_KNOTS((1,2
    ,2,2,2,1),(-2.094395102393,0.,2.094395102393,4.188790204786,
6.28318530718,8.377580409573),.UNSPECIFIED.) CURVE() 
GEOMETRIC_REPRESENTATION_ITEM() RATIONAL_B_SPLINE_CURVE((1.,0.5,1.,0.5,
1.,0.5,1.)) REPRESENTATION_ITEM('') );
#5248 = CARTESIAN_POINT('',(4.,-35.465));
#5249 = CARTESIAN_POINT('',(4.,-37.19705080756));
#5250 = CARTESIAN_POINT('',(2.5,-36.33102540378));
#5251 = CARTESIAN_POINT('',(1.,-35.465));
#5252 = CARTESIAN_POINT('',(2.5,-34.59897459621));
#5253 = CARTESIAN_POINT('',(4.,-33.73294919243));
#5254 = CARTESIAN_POINT('',(4.,-35.465));
#5255 = ( GEOMETRIC_REPRESENTATION_CONTEXT(2) 
PARAMETRIC_REPRESENTATION_CONTEXT() REPRESENTATION_CONTEXT('2D SPACE',''
  ) );
#5256 = PCURVE('',#5257,#5262);
#5257 = TOROIDAL_SURFACE('',#5258,1.,1.);
#5258 = AXIS2_PLACEMENT_3D('',#5259,#5260,#5261);
#5259 = CARTESIAN_POINT('',(26.67,-16.865,55.0676));
#5260 = DIRECTION('',(0.,-2.22044604925E-16,-1.));
#5261 = DIRECTION('',(1.,-2.22044604925E-16,4.930380657631E-32));
#5262 = DEFINITIONAL_REPRESENTATION('',(#5263),#5267);
#5263 = LINE('',#5264,#5265);
#5264 = CARTESIAN_POINT('',(0.,4.712388980385));
#5265 = VECTOR('',#5266,1.);
#5266 = DIRECTION('',(1.,0.));
#5267 = ( GEOMETRIC_REPRESENTATION_CONTEXT(2) 
PARAMETRIC_REPRESENTATION_CONTEXT() REPRESENTATION_CONTEXT('2D SPACE',''
  ) );
#5268 = ORIENTED_EDGE('',*,*,#5269,.F.);
#5269 = EDGE_CURVE('',#5072,#5237,#5270,.T.);
#5270 = SURFACE_CURVE('',#5271,(#5275,#5282),.PCURVE_S1.);
#5271 = LINE('',#5272,#5273);
#5272 = CARTESIAN_POINT('',(27.67,0.406932598751,56.0676));
#5273 = VECTOR('',#5274,1.);
#5274 = DIRECTION('',(0.,-1.,2.22044604925E-16));
#5275 = PCURVE('',#1558,#5276);
#5276 = DEFINITIONAL_REPRESENTATION('',(#5277),#5281);
#5277 = LINE('',#5278,#5279);
#5278 = CARTESIAN_POINT('',(4.,-18.19306740124));
#5279 = VECTOR('',#5280,1.);
#5280 = DIRECTION('',(0.,-1.));
#5281 = ( GEOMETRIC_REPRESENTATION_CONTEXT(2) 
PARAMETRIC_REPRESENTATION_CONTEXT() REPRESENTATION_CONTEXT('2D SPACE',''
  ) );
#5282 = PCURVE('',#5087,#5283);
#5283 = DEFINITIONAL_REPRESENTATION('',(#5284),#5288);
#5284 = LINE('',#5285,#5286);
#5285 = CARTESIAN_POINT('',(-0.,0.));
#5286 = VECTOR('',#5287,1.);
#5287 = DIRECTION('',(-0.,1.));
#5288 = ( GEOMETRIC_REPRESENTATION_CONTEXT(2) 
PARAMETRIC_REPRESENTATION_CONTEXT() REPRESENTATION_CONTEXT('2D SPACE',''
  ) );
#5289 = ORIENTED_EDGE('',*,*,#5100,.F.);
#5290 = ORIENTED_EDGE('',*,*,#1544,.F.);
#5291 = ADVANCED_FACE('',(#5292),#1601,.T.);
#5292 = FACE_BOUND('',#5293,.F.);
#5293 = EDGE_LOOP('',(#5294,#5295,#5296,#5319));
#5294 = ORIENTED_EDGE('',*,*,#5137,.F.);
#5295 = ORIENTED_EDGE('',*,*,#1574,.T.);
#5296 = ORIENTED_EDGE('',*,*,#5297,.T.);
#5297 = EDGE_CURVE('',#1575,#5298,#5300,.T.);
#5298 = VERTEX_POINT('',#5299);
#5299 = CARTESIAN_POINT('',(27.500222215595,-16.865,49.633661951567));
#5300 = SURFACE_CURVE('',#5301,(#5305,#5312),.PCURVE_S1.);
#5301 = LINE('',#5302,#5303);
#5302 = CARTESIAN_POINT('',(27.500222215595,18.6,49.633661951567));
#5303 = VECTOR('',#5304,1.);
#5304 = DIRECTION('',(0.,-1.,2.22044604925E-16));
#5305 = PCURVE('',#1601,#5306);
#5306 = DEFINITIONAL_REPRESENTATION('',(#5307),#5311);
#5307 = LINE('',#5308,#5309);
#5308 = CARTESIAN_POINT('',(-5.585053606382,0.));
#5309 = VECTOR('',#5310,1.);
#5310 = DIRECTION('',(-0.,-1.));
#5311 = ( GEOMETRIC_REPRESENTATION_CONTEXT(2) 
PARAMETRIC_REPRESENTATION_CONTEXT() REPRESENTATION_CONTEXT('2D SPACE',''
  ) );
#5312 = PCURVE('',#1806,#5313);
#5313 = DEFINITIONAL_REPRESENTATION('',(#5314),#5318);
#5314 = LINE('',#5315,#5316);
#5315 = CARTESIAN_POINT('',(-0.,0.));
#5316 = VECTOR('',#5317,1.);
#5317 = DIRECTION('',(0.,-1.));
#5318 = ( GEOMETRIC_REPRESENTATION_CONTEXT(2) 
PARAMETRIC_REPRESENTATION_CONTEXT() REPRESENTATION_CONTEXT('2D SPACE',''
  ) );
#5319 = ORIENTED_EDGE('',*,*,#5320,.T.);
#5320 = EDGE_CURVE('',#5298,#5138,#5321,.T.);
#5321 = SURFACE_CURVE('',#5322,(#5327,#5334),.PCURVE_S1.);
#5322 = CIRCLE('',#5323,5.);
#5323 = AXIS2_PLACEMENT_3D('',#5324,#5325,#5326);
#5324 = CARTESIAN_POINT('',(23.67,-16.865,52.8476));
#5325 = DIRECTION('',(0.,-1.,2.2369221865E-16));
#5326 = DIRECTION('',(0.766044443119,-1.437865865315E-16,-0.642787609687
    ));
#5327 = PCURVE('',#1601,#5328);
#5328 = DEFINITIONAL_REPRESENTATION('',(#5329),#5333);
#5329 = LINE('',#5330,#5331);
#5330 = CARTESIAN_POINT('',(-5.585053606382,-35.465));
#5331 = VECTOR('',#5332,1.);
#5332 = DIRECTION('',(-1.,0.));
#5333 = ( GEOMETRIC_REPRESENTATION_CONTEXT(2) 
PARAMETRIC_REPRESENTATION_CONTEXT() REPRESENTATION_CONTEXT('2D SPACE',''
  ) );
#5334 = PCURVE('',#5335,#5340);
#5335 = TOROIDAL_SURFACE('',#5336,3.,2.);
#5336 = AXIS2_PLACEMENT_3D('',#5337,#5338,#5339);
#5337 = CARTESIAN_POINT('',(23.67,-16.865,52.8476));
#5338 = DIRECTION('',(0.,-1.,2.2369221865E-16));
#5339 = DIRECTION('',(0.766044443119,-1.437865865315E-16,-0.642787609687
    ));
#5340 = DEFINITIONAL_REPRESENTATION('',(#5341),#5345);
#5341 = LINE('',#5342,#5343);
#5342 = CARTESIAN_POINT('',(0.,0.));
#5343 = VECTOR('',#5344,1.);
#5344 = DIRECTION('',(1.,0.));
#5345 = ( GEOMETRIC_REPRESENTATION_CONTEXT(2) 
PARAMETRIC_REPRESENTATION_CONTEXT() REPRESENTATION_CONTEXT('2D SPACE',''
  ) );
#5346 = ADVANCED_FACE('',(#5347),#1719,.T.);
#5347 = FACE_BOUND('',#5348,.T.);
#5348 = EDGE_LOOP('',(#5349,#5374,#5395,#5396,#5397,#5398,#5421,#5449,
    #5477,#5505,#5534,#5562,#5590,#5618,#5647,#5680,#5708,#5741,#5770,
    #5798,#5826,#5854,#5887,#5915,#5943,#5971,#5992,#5993,#5994,#5995,
    #6018,#6046,#6079,#6107,#6130,#6154,#6182,#6206,#6229,#6257));
#5349 = ORIENTED_EDGE('',*,*,#5350,.T.);
#5350 = EDGE_CURVE('',#5351,#5353,#5355,.T.);
#5351 = VERTEX_POINT('',#5352);
#5352 = CARTESIAN_POINT('',(26.67,-18.865,52.8476));
#5353 = VERTEX_POINT('',#5354);
#5354 = CARTESIAN_POINT('',(26.67,-18.865,55.0676));
#5355 = SURFACE_CURVE('',#5356,(#5360,#5367),.PCURVE_S1.);
#5356 = LINE('',#5357,#5358);
#5357 = CARTESIAN_POINT('',(26.67,-18.865,52.8476));
#5358 = VECTOR('',#5359,1.);
#5359 = DIRECTION('',(0.,2.22044604925E-16,1.));
#5360 = PCURVE('',#1719,#5361);
#5361 = DEFINITIONAL_REPRESENTATION('',(#5362),#5366);
#5362 = LINE('',#5363,#5364);
#5363 = CARTESIAN_POINT('',(-9.527695002826,-26.67));
#5364 = VECTOR('',#5365,1.);
#5365 = DIRECTION('',(1.,0.));
#5366 = ( GEOMETRIC_REPRESENTATION_CONTEXT(2) 
PARAMETRIC_REPRESENTATION_CONTEXT() REPRESENTATION_CONTEXT('2D SPACE',''
  ) );
#5367 = PCURVE('',#5176,#5368);
#5368 = DEFINITIONAL_REPRESENTATION('',(#5369),#5373);
#5369 = LINE('',#5370,#5371);
#5370 = CARTESIAN_POINT('',(-1.570796326795,0.));
#5371 = VECTOR('',#5372,1.);
#5372 = DIRECTION('',(-0.,1.));
#5373 = ( GEOMETRIC_REPRESENTATION_CONTEXT(2) 
PARAMETRIC_REPRESENTATION_CONTEXT() REPRESENTATION_CONTEXT('2D SPACE',''
  ) );
#5374 = ORIENTED_EDGE('',*,*,#5375,.T.);
#5375 = EDGE_CURVE('',#5353,#1704,#5376,.T.);
#5376 = SURFACE_CURVE('',#5377,(#5381,#5388),.PCURVE_S1.);
#5377 = LINE('',#5378,#5379);
#5378 = CARTESIAN_POINT('',(26.67,-18.865,55.0676));
#5379 = VECTOR('',#5380,1.);
#5380 = DIRECTION('',(-1.,0.,0.));
#5381 = PCURVE('',#1719,#5382);
#5382 = DEFINITIONAL_REPRESENTATION('',(#5383),#5387);
#5383 = LINE('',#5384,#5385);
#5384 = CARTESIAN_POINT('',(-7.307695002826,-26.67));
#5385 = VECTOR('',#5386,1.);
#5386 = DIRECTION('',(0.,1.));
#5387 = ( GEOMETRIC_REPRESENTATION_CONTEXT(2) 
PARAMETRIC_REPRESENTATION_CONTEXT() REPRESENTATION_CONTEXT('2D SPACE',''
  ) );
#5388 = PCURVE('',#1752,#5389);
#5389 = DEFINITIONAL_REPRESENTATION('',(#5390),#5394);
#5390 = LINE('',#5391,#5392);
#5391 = CARTESIAN_POINT('',(-1.570796326795,0.));
#5392 = VECTOR('',#5393,1.);
#5393 = DIRECTION('',(-0.,1.));
#5394 = ( GEOMETRIC_REPRESENTATION_CONTEXT(2) 
PARAMETRIC_REPRESENTATION_CONTEXT() REPRESENTATION_CONTEXT('2D SPACE',''
  ) );
#5395 = ORIENTED_EDGE('',*,*,#1703,.F.);
#5396 = ORIENTED_EDGE('',*,*,#1849,.T.);
#5397 = ORIENTED_EDGE('',*,*,#2110,.T.);
#5398 = ORIENTED_EDGE('',*,*,#5399,.T.);
#5399 = EDGE_CURVE('',#2083,#5400,#5402,.T.);
#5400 = VERTEX_POINT('',#5401);
#5401 = CARTESIAN_POINT('',(23.67,-18.865,65.8876));
#5402 = SURFACE_CURVE('',#5403,(#5407,#5414),.PCURVE_S1.);
#5403 = LINE('',#5404,#5405);
#5404 = CARTESIAN_POINT('',(18.5,-18.865,65.8876));
#5405 = VECTOR('',#5406,1.);
#5406 = DIRECTION('',(1.,0.,0.));
#5407 = PCURVE('',#1719,#5408);
#5408 = DEFINITIONAL_REPRESENTATION('',(#5409),#5413);
#5409 = LINE('',#5410,#5411);
#5410 = CARTESIAN_POINT('',(3.512304997174,-18.5));
#5411 = VECTOR('',#5412,1.);
#5412 = DIRECTION('',(0.,-1.));
#5413 = ( GEOMETRIC_REPRESENTATION_CONTEXT(2) 
PARAMETRIC_REPRESENTATION_CONTEXT() REPRESENTATION_CONTEXT('2D SPACE',''
  ) );
#5414 = PCURVE('',#2098,#5415);
#5415 = DEFINITIONAL_REPRESENTATION('',(#5416),#5420);
#5416 = LINE('',#5417,#5418);
#5417 = CARTESIAN_POINT('',(0.,-37.465));
#5418 = VECTOR('',#5419,1.);
#5419 = DIRECTION('',(1.,0.));
#5420 = ( GEOMETRIC_REPRESENTATION_CONTEXT(2) 
PARAMETRIC_REPRESENTATION_CONTEXT() REPRESENTATION_CONTEXT('2D SPACE',''
  ) );
#5421 = ORIENTED_EDGE('',*,*,#5422,.T.);
#5422 = EDGE_CURVE('',#5400,#5423,#5425,.T.);
#5423 = VERTEX_POINT('',#5424);
#5424 = CARTESIAN_POINT('',(23.67,-18.865,63.6676));
#5425 = SURFACE_CURVE('',#5426,(#5430,#5437),.PCURVE_S1.);
#5426 = LINE('',#5427,#5428);
#5427 = CARTESIAN_POINT('',(23.67,-18.865,65.8876));
#5428 = VECTOR('',#5429,1.);
#5429 = DIRECTION('',(0.,-2.22044604925E-16,-1.));
#5430 = PCURVE('',#1719,#5431);
#5431 = DEFINITIONAL_REPRESENTATION('',(#5432),#5436);
#5432 = LINE('',#5433,#5434);
#5433 = CARTESIAN_POINT('',(3.512304997174,-23.67));
#5434 = VECTOR('',#5435,1.);
#5435 = DIRECTION('',(-1.,0.));
#5436 = ( GEOMETRIC_REPRESENTATION_CONTEXT(2) 
PARAMETRIC_REPRESENTATION_CONTEXT() REPRESENTATION_CONTEXT('2D SPACE',''
  ) );
#5437 = PCURVE('',#5438,#5443);
#5438 = PLANE('',#5439);
#5439 = AXIS2_PLACEMENT_3D('',#5440,#5441,#5442);
#5440 = CARTESIAN_POINT('',(23.67,18.6,65.8876));
#5441 = DIRECTION('',(1.,0.,0.));
#5442 = DIRECTION('',(0.,-2.22044604925E-16,-1.));
#5443 = DEFINITIONAL_REPRESENTATION('',(#5444),#5448);
#5444 = LINE('',#5445,#5446);
#5445 = CARTESIAN_POINT('',(-5.891953591686E-15,-37.465));
#5446 = VECTOR('',#5447,1.);
#5447 = DIRECTION('',(1.,0.));
#5448 = ( GEOMETRIC_REPRESENTATION_CONTEXT(2) 
PARAMETRIC_REPRESENTATION_CONTEXT() REPRESENTATION_CONTEXT('2D SPACE',''
  ) );
#5449 = ORIENTED_EDGE('',*,*,#5450,.F.);
#5450 = EDGE_CURVE('',#5451,#5423,#5453,.T.);
#5451 = VERTEX_POINT('',#5452);
#5452 = CARTESIAN_POINT('',(26.67,-18.865,63.6676));
#5453 = SURFACE_CURVE('',#5454,(#5458,#5465),.PCURVE_S1.);
#5454 = LINE('',#5455,#5456);
#5455 = CARTESIAN_POINT('',(26.67,-18.865,63.6676));
#5456 = VECTOR('',#5457,1.);
#5457 = DIRECTION('',(-1.,0.,0.));
#5458 = PCURVE('',#1719,#5459);
#5459 = DEFINITIONAL_REPRESENTATION('',(#5460),#5464);
#5460 = LINE('',#5461,#5462);
#5461 = CARTESIAN_POINT('',(1.292304997174,-26.67));
#5462 = VECTOR('',#5463,1.);
#5463 = DIRECTION('',(0.,1.));
#5464 = ( GEOMETRIC_REPRESENTATION_CONTEXT(2) 
PARAMETRIC_REPRESENTATION_CONTEXT() REPRESENTATION_CONTEXT('2D SPACE',''
  ) );
#5465 = PCURVE('',#5466,#5471);
#5466 = CYLINDRICAL_SURFACE('',#5467,1.);
#5467 = AXIS2_PLACEMENT_3D('',#5468,#5469,#5470);
#5468 = CARTESIAN_POINT('',(26.67,-17.865,63.6676));
#5469 = DIRECTION('',(-1.,0.,0.));
#5470 = DIRECTION('',(0.,-2.22044604925E-16,-1.));
#5471 = DEFINITIONAL_REPRESENTATION('',(#5472),#5476);
#5472 = LINE('',#5473,#5474);
#5473 = CARTESIAN_POINT('',(1.570796326795,0.));
#5474 = VECTOR('',#5475,1.);
#5475 = DIRECTION('',(0.,1.));
#5476 = ( GEOMETRIC_REPRESENTATION_CONTEXT(2) 
PARAMETRIC_REPRESENTATION_CONTEXT() REPRESENTATION_CONTEXT('2D SPACE',''
  ) );
#5477 = ORIENTED_EDGE('',*,*,#5478,.T.);
#5478 = EDGE_CURVE('',#5451,#5479,#5481,.T.);
#5479 = VERTEX_POINT('',#5480);
#5480 = CARTESIAN_POINT('',(26.67,-18.865,65.8876));
#5481 = SURFACE_CURVE('',#5482,(#5486,#5493),.PCURVE_S1.);
#5482 = LINE('',#5483,#5484);
#5483 = CARTESIAN_POINT('',(26.67,-18.865,62.6676));
#5484 = VECTOR('',#5485,1.);
#5485 = DIRECTION('',(0.,2.22044604925E-16,1.));
#5486 = PCURVE('',#1719,#5487);
#5487 = DEFINITIONAL_REPRESENTATION('',(#5488),#5492);
#5488 = LINE('',#5489,#5490);
#5489 = CARTESIAN_POINT('',(0.292304997174,-26.67));
#5490 = VECTOR('',#5491,1.);
#5491 = DIRECTION('',(1.,0.));
#5492 = ( GEOMETRIC_REPRESENTATION_CONTEXT(2) 
PARAMETRIC_REPRESENTATION_CONTEXT() REPRESENTATION_CONTEXT('2D SPACE',''
  ) );
#5493 = PCURVE('',#5494,#5499);
#5494 = CYLINDRICAL_SURFACE('',#5495,2.);
#5495 = AXIS2_PLACEMENT_3D('',#5496,#5497,#5498);
#5496 = CARTESIAN_POINT('',(26.67,-16.865,62.6676));
#5497 = DIRECTION('',(0.,2.22044604925E-16,1.));
#5498 = DIRECTION('',(1.,0.,0.));
#5499 = DEFINITIONAL_REPRESENTATION('',(#5500),#5504);
#5500 = LINE('',#5501,#5502);
#5501 = CARTESIAN_POINT('',(-1.570796326795,0.));
#5502 = VECTOR('',#5503,1.);
#5503 = DIRECTION('',(-0.,1.));
#5504 = ( GEOMETRIC_REPRESENTATION_CONTEXT(2) 
PARAMETRIC_REPRESENTATION_CONTEXT() REPRESENTATION_CONTEXT('2D SPACE',''
  ) );
#5505 = ORIENTED_EDGE('',*,*,#5506,.T.);
#5506 = EDGE_CURVE('',#5479,#5507,#5509,.T.);
#5507 = VERTEX_POINT('',#5508);
#5508 = CARTESIAN_POINT('',(25.968133329357,-18.865,67.81596282906));
#5509 = SURFACE_CURVE('',#5510,(#5515,#5522),.PCURVE_S1.);
#5510 = CIRCLE('',#5511,3.);
#5511 = AXIS2_PLACEMENT_3D('',#5512,#5513,#5514);
#5512 = CARTESIAN_POINT('',(23.67,-18.865,65.8876));
#5513 = DIRECTION('',(0.,-1.,2.2369221865E-16));
#5514 = DIRECTION('',(1.,5.958883804314E-31,2.66387621361E-15));
#5515 = PCURVE('',#1719,#5516);
#5516 = DEFINITIONAL_REPRESENTATION('',(#5517),#5521);
#5517 = CIRCLE('',#5518,3.);
#5518 = AXIS2_PLACEMENT_2D('',#5519,#5520);
#5519 = CARTESIAN_POINT('',(3.512304997174,-23.67));
#5520 = DIRECTION('',(2.66387621361E-15,-1.));
#5521 = ( GEOMETRIC_REPRESENTATION_CONTEXT(2) 
PARAMETRIC_REPRESENTATION_CONTEXT() REPRESENTATION_CONTEXT('2D SPACE',''
  ) );
#5522 = PCURVE('',#5523,#5528);
#5523 = TOROIDAL_SURFACE('',#5524,3.,2.);
#5524 = AXIS2_PLACEMENT_3D('',#5525,#5526,#5527);
#5525 = CARTESIAN_POINT('',(23.67,-16.865,65.8876));
#5526 = DIRECTION('',(0.,-1.,2.2369221865E-16));
#5527 = DIRECTION('',(1.,5.958883804314E-31,2.66387621361E-15));
#5528 = DEFINITIONAL_REPRESENTATION('',(#5529),#5533);
#5529 = LINE('',#5530,#5531);
#5530 = CARTESIAN_POINT('',(0.,1.570796326795));
#5531 = VECTOR('',#5532,1.);
#5532 = DIRECTION('',(1.,0.));
#5533 = ( GEOMETRIC_REPRESENTATION_CONTEXT(2) 
PARAMETRIC_REPRESENTATION_CONTEXT() REPRESENTATION_CONTEXT('2D SPACE',''
  ) );
#5534 = ORIENTED_EDGE('',*,*,#5535,.T.);
#5535 = EDGE_CURVE('',#5507,#5536,#5538,.T.);
#5536 = VERTEX_POINT('',#5537);
#5537 = CARTESIAN_POINT('',(17.946968433987,-18.865,77.375214909907));
#5538 = SURFACE_CURVE('',#5539,(#5543,#5550),.PCURVE_S1.);
#5539 = LINE('',#5540,#5541);
#5540 = CARTESIAN_POINT('',(25.968133329357,-18.865,67.81596282906));
#5541 = VECTOR('',#5542,1.);
#5542 = DIRECTION('',(-0.642787609687,1.700960357274E-16,0.766044443119)
  );
#5543 = PCURVE('',#1719,#5544);
#5544 = DEFINITIONAL_REPRESENTATION('',(#5545),#5549);
#5545 = LINE('',#5546,#5547);
#5546 = CARTESIAN_POINT('',(5.440667826234,-25.96813332935));
#5547 = VECTOR('',#5548,1.);
#5548 = DIRECTION('',(0.766044443119,0.642787609687));
#5549 = ( GEOMETRIC_REPRESENTATION_CONTEXT(2) 
PARAMETRIC_REPRESENTATION_CONTEXT() REPRESENTATION_CONTEXT('2D SPACE',''
  ) );
#5550 = PCURVE('',#5551,#5556);
#5551 = CYLINDRICAL_SURFACE('',#5552,2.);
#5552 = AXIS2_PLACEMENT_3D('',#5553,#5554,#5555);
#5553 = CARTESIAN_POINT('',(25.968133329357,-16.865,67.81596282906));
#5554 = DIRECTION('',(-0.642787609687,1.700960357274E-16,0.766044443119)
  );
#5555 = DIRECTION('',(0.766044443119,1.427275208436E-16,0.642787609687)
  );
#5556 = DEFINITIONAL_REPRESENTATION('',(#5557),#5561);
#5557 = LINE('',#5558,#5559);
#5558 = CARTESIAN_POINT('',(-1.570796326795,0.));
#5559 = VECTOR('',#5560,1.);
#5560 = DIRECTION('',(-0.,1.));
#5561 = ( GEOMETRIC_REPRESENTATION_CONTEXT(2) 
PARAMETRIC_REPRESENTATION_CONTEXT() REPRESENTATION_CONTEXT('2D SPACE',''
  ) );
#5562 = ORIENTED_EDGE('',*,*,#5563,.F.);
#5563 = EDGE_CURVE('',#5564,#5536,#5566,.T.);
#5564 = VERTEX_POINT('',#5565);
#5565 = CARTESIAN_POINT('',(21.,-18.865,80.767472843244));
#5566 = SURFACE_CURVE('',#5567,(#5571,#5578),.PCURVE_S1.);
#5567 = LINE('',#5568,#5569);
#5568 = CARTESIAN_POINT('',(21.,-18.865,80.767472843244));
#5569 = VECTOR('',#5570,1.);
#5570 = DIRECTION('',(-0.668964662136,-1.650444689326E-16,
    -0.743294208785));
#5571 = PCURVE('',#1719,#5572);
#5572 = DEFINITIONAL_REPRESENTATION('',(#5573),#5577);
#5573 = LINE('',#5574,#5575);
#5574 = CARTESIAN_POINT('',(18.392177840419,-21.));
#5575 = VECTOR('',#5576,1.);
#5576 = DIRECTION('',(-0.743294208785,0.668964662136));
#5577 = ( GEOMETRIC_REPRESENTATION_CONTEXT(2) 
PARAMETRIC_REPRESENTATION_CONTEXT() REPRESENTATION_CONTEXT('2D SPACE',''
  ) );
#5578 = PCURVE('',#5579,#5584);
#5579 = CYLINDRICAL_SURFACE('',#5580,2.);
#5580 = AXIS2_PLACEMENT_3D('',#5581,#5582,#5583);
#5581 = CARTESIAN_POINT('',(21.,-16.865,80.767472843244));
#5582 = DIRECTION('',(-0.668964662136,-1.650444689326E-16,
    -0.743294208785));
#5583 = DIRECTION('',(0.743294208785,-1.485399941129E-16,-0.668964662136
    ));
#5584 = DEFINITIONAL_REPRESENTATION('',(#5585),#5589);
#5585 = LINE('',#5586,#5587);
#5586 = CARTESIAN_POINT('',(1.570796326795,0.));
#5587 = VECTOR('',#5588,1.);
#5588 = DIRECTION('',(0.,1.));
#5589 = ( GEOMETRIC_REPRESENTATION_CONTEXT(2) 
PARAMETRIC_REPRESENTATION_CONTEXT() REPRESENTATION_CONTEXT('2D SPACE',''
  ) );
#5590 = ORIENTED_EDGE('',*,*,#5591,.F.);
#5591 = EDGE_CURVE('',#5592,#5564,#5594,.T.);
#5592 = VERTEX_POINT('',#5593);
#5593 = CARTESIAN_POINT('',(21.,-18.865,108.19395089743));
#5594 = SURFACE_CURVE('',#5595,(#5599,#5606),.PCURVE_S1.);
#5595 = LINE('',#5596,#5597);
#5596 = CARTESIAN_POINT('',(21.,-18.865,108.84362051097));
#5597 = VECTOR('',#5598,1.);
#5598 = DIRECTION('',(0.,-2.22044604925E-16,-1.));
#5599 = PCURVE('',#1719,#5600);
#5600 = DEFINITIONAL_REPRESENTATION('',(#5601),#5605);
#5601 = LINE('',#5602,#5603);
#5602 = CARTESIAN_POINT('',(46.46832550815,-21.));
#5603 = VECTOR('',#5604,1.);
#5604 = DIRECTION('',(-1.,0.));
#5605 = ( GEOMETRIC_REPRESENTATION_CONTEXT(2) 
PARAMETRIC_REPRESENTATION_CONTEXT() REPRESENTATION_CONTEXT('2D SPACE',''
  ) );
#5606 = PCURVE('',#5607,#5612);
#5607 = CYLINDRICAL_SURFACE('',#5608,2.);
#5608 = AXIS2_PLACEMENT_3D('',#5609,#5610,#5611);
#5609 = CARTESIAN_POINT('',(21.,-16.865,108.84362051097));
#5610 = DIRECTION('',(0.,-2.22044604925E-16,-1.));
#5611 = DIRECTION('',(1.,0.,0.));
#5612 = DEFINITIONAL_REPRESENTATION('',(#5613),#5617);
#5613 = LINE('',#5614,#5615);
#5614 = CARTESIAN_POINT('',(1.570796326795,0.));
#5615 = VECTOR('',#5616,1.);
#5616 = DIRECTION('',(0.,1.));
#5617 = ( GEOMETRIC_REPRESENTATION_CONTEXT(2) 
PARAMETRIC_REPRESENTATION_CONTEXT() REPRESENTATION_CONTEXT('2D SPACE',''
  ) );
#5618 = ORIENTED_EDGE('',*,*,#5619,.F.);
#5619 = EDGE_CURVE('',#5620,#5592,#5622,.T.);
#5620 = VERTEX_POINT('',#5621);
#5621 = CARTESIAN_POINT('',(19.502498307223,-18.865,110.64957695136));
#5622 = SURFACE_CURVE('',#5623,(#5628,#5635),.PCURVE_S1.);
#5623 = CIRCLE('',#5624,3.012758295379);
#5624 = AXIS2_PLACEMENT_3D('',#5625,#5626,#5627);
#5625 = CARTESIAN_POINT('',(22.511493204696,-18.865,110.80011682433));
#5626 = DIRECTION('',(-1.54074395551E-33,-1.,2.2369221865E-16));
#5627 = DIRECTION('',(-0.998750846388,-1.117733149489E-17,
    -4.99674577969E-02));
#5628 = PCURVE('',#1719,#5629);
#5629 = DEFINITIONAL_REPRESENTATION('',(#5630),#5634);
#5630 = CIRCLE('',#5631,3.012758295379);
#5631 = AXIS2_PLACEMENT_2D('',#5632,#5633);
#5632 = CARTESIAN_POINT('',(48.424821821511,-22.51149320469));
#5633 = DIRECTION('',(-4.99674577969E-02,0.998750846388));
#5634 = ( GEOMETRIC_REPRESENTATION_CONTEXT(2) 
PARAMETRIC_REPRESENTATION_CONTEXT() REPRESENTATION_CONTEXT('2D SPACE',''
  ) );
#5635 = PCURVE('',#5636,#5641);
#5636 = TOROIDAL_SURFACE('',#5637,3.012758295379,2.);
#5637 = AXIS2_PLACEMENT_3D('',#5638,#5639,#5640);
#5638 = CARTESIAN_POINT('',(22.511493204696,-16.865,110.80011682433));
#5639 = DIRECTION('',(0.,1.,-2.2369221865E-16));
#5640 = DIRECTION('',(-0.998750846388,-1.117733149489E-17,
    -4.99674577969E-02));
#5641 = DEFINITIONAL_REPRESENTATION('',(#5642),#5646);
#5642 = LINE('',#5643,#5644);
#5643 = CARTESIAN_POINT('',(-0.,4.712388980385));
#5644 = VECTOR('',#5645,1.);
#5645 = DIRECTION('',(-1.,0.));
#5646 = ( GEOMETRIC_REPRESENTATION_CONTEXT(2) 
PARAMETRIC_REPRESENTATION_CONTEXT() REPRESENTATION_CONTEXT('2D SPACE',''
  ) );
#5647 = ORIENTED_EDGE('',*,*,#5648,.F.);
#5648 = EDGE_CURVE('',#5649,#5620,#5651,.T.);
#5649 = VERTEX_POINT('',#5650);
#5650 = CARTESIAN_POINT('',(6.518737304176,-18.865,123.));
#5651 = SURFACE_CURVE('',#5652,(#5657,#5668),.PCURVE_S1.);
#5652 = CIRCLE('',#5653,13.);
#5653 = AXIS2_PLACEMENT_3D('',#5654,#5655,#5656);
#5654 = CARTESIAN_POINT('',(6.518737304176,-18.865,110.));
#5655 = DIRECTION('',(0.,1.,-2.2369221865E-16));
#5656 = DIRECTION('',(5.921189464667E-17,2.2369221865E-16,1.));
#5657 = PCURVE('',#1719,#5658);
#5658 = DEFINITIONAL_REPRESENTATION('',(#5659),#5667);
#5659 = ( BOUNDED_CURVE() B_SPLINE_CURVE(2,(#5660,#5661,#5662,#5663,
#5664,#5665,#5666),.UNSPECIFIED.,.T.,.F.) B_SPLINE_CURVE_WITH_KNOTS((1,2
    ,2,2,2,1),(-2.094395102393,0.,2.094395102393,4.188790204786,
6.28318530718,8.377580409573),.UNSPECIFIED.) CURVE() 
GEOMETRIC_REPRESENTATION_ITEM() RATIONAL_B_SPLINE_CURVE((1.,0.5,1.,0.5,
1.,0.5,1.)) REPRESENTATION_ITEM('') );
#5660 = CARTESIAN_POINT('',(60.624704997174,-6.518737304176));
#5661 = CARTESIAN_POINT('',(60.624704997174,-29.03539780257));
#5662 = CARTESIAN_POINT('',(41.124704997174,-17.77706755337));
#5663 = CARTESIAN_POINT('',(21.624704997174,-6.518737304176));
#5664 = CARTESIAN_POINT('',(41.124704997174,4.739592945022));
#5665 = CARTESIAN_POINT('',(60.624704997174,15.99792319422));
#5666 = CARTESIAN_POINT('',(60.624704997174,-6.518737304176));
#5667 = ( GEOMETRIC_REPRESENTATION_CONTEXT(2) 
PARAMETRIC_REPRESENTATION_CONTEXT() REPRESENTATION_CONTEXT('2D SPACE',''
  ) );
#5668 = PCURVE('',#5669,#5674);
#5669 = TOROIDAL_SURFACE('',#5670,13.,2.);
#5670 = AXIS2_PLACEMENT_3D('',#5671,#5672,#5673);
#5671 = CARTESIAN_POINT('',(6.518737304176,-16.865,110.));
#5672 = DIRECTION('',(0.,-1.,2.2369221865E-16));
#5673 = DIRECTION('',(5.921189464667E-17,2.2369221865E-16,1.));
#5674 = DEFINITIONAL_REPRESENTATION('',(#5675),#5679);
#5675 = LINE('',#5676,#5677);
#5676 = CARTESIAN_POINT('',(-0.,1.570796326795));
#5677 = VECTOR('',#5678,1.);
#5678 = DIRECTION('',(-1.,0.));
#5679 = ( GEOMETRIC_REPRESENTATION_CONTEXT(2) 
PARAMETRIC_REPRESENTATION_CONTEXT() REPRESENTATION_CONTEXT('2D SPACE',''
  ) );
#5680 = ORIENTED_EDGE('',*,*,#5681,.F.);
#5681 = EDGE_CURVE('',#5682,#5649,#5684,.T.);
#5682 = VERTEX_POINT('',#5683);
#5683 = CARTESIAN_POINT('',(-6.518737304176,-18.865,123.));
#5684 = SURFACE_CURVE('',#5685,(#5689,#5696),.PCURVE_S1.);
#5685 = LINE('',#5686,#5687);
#5686 = CARTESIAN_POINT('',(-6.518737304176,-18.865,123.));
#5687 = VECTOR('',#5688,1.);
#5688 = DIRECTION('',(1.,0.,0.));
#5689 = PCURVE('',#1719,#5690);
#5690 = DEFINITIONAL_REPRESENTATION('',(#5691),#5695);
#5691 = LINE('',#5692,#5693);
#5692 = CARTESIAN_POINT('',(60.624704997174,6.518737304176));
#5693 = VECTOR('',#5694,1.);
#5694 = DIRECTION('',(0.,-1.));
#5695 = ( GEOMETRIC_REPRESENTATION_CONTEXT(2) 
PARAMETRIC_REPRESENTATION_CONTEXT() REPRESENTATION_CONTEXT('2D SPACE',''
  ) );
#5696 = PCURVE('',#5697,#5702);
#5697 = CYLINDRICAL_SURFACE('',#5698,2.);
#5698 = AXIS2_PLACEMENT_3D('',#5699,#5700,#5701);
#5699 = CARTESIAN_POINT('',(-6.518737304176,-16.865,123.));
#5700 = DIRECTION('',(1.,0.,0.));
#5701 = DIRECTION('',(0.,2.22044604925E-16,1.));
#5702 = DEFINITIONAL_REPRESENTATION('',(#5703),#5707);
#5703 = LINE('',#5704,#5705);
#5704 = CARTESIAN_POINT('',(1.570796326795,0.));
#5705 = VECTOR('',#5706,1.);
#5706 = DIRECTION('',(0.,1.));
#5707 = ( GEOMETRIC_REPRESENTATION_CONTEXT(2) 
PARAMETRIC_REPRESENTATION_CONTEXT() REPRESENTATION_CONTEXT('2D SPACE',''
  ) );
#5708 = ORIENTED_EDGE('',*,*,#5709,.F.);
#5709 = EDGE_CURVE('',#5710,#5682,#5712,.T.);
#5710 = VERTEX_POINT('',#5711);
#5711 = CARTESIAN_POINT('',(-19.50249830722,-18.865,110.64957695136));
#5712 = SURFACE_CURVE('',#5713,(#5718,#5729),.PCURVE_S1.);
#5713 = CIRCLE('',#5714,13.);
#5714 = AXIS2_PLACEMENT_3D('',#5715,#5716,#5717);
#5715 = CARTESIAN_POINT('',(-6.518737304176,-18.865,110.));
#5716 = DIRECTION('',(0.,1.,-2.2369221865E-16));
#5717 = DIRECTION('',(-0.998750846388,1.117733149489E-17,
    4.996745779691E-02));
#5718 = PCURVE('',#1719,#5719);
#5719 = DEFINITIONAL_REPRESENTATION('',(#5720),#5728);
#5720 = ( BOUNDED_CURVE() B_SPLINE_CURVE(2,(#5721,#5722,#5723,#5724,
#5725,#5726,#5727),.UNSPECIFIED.,.T.,.F.) B_SPLINE_CURVE_WITH_KNOTS((1,2
    ,2,2,2,1),(-2.094395102393,0.,2.094395102393,4.188790204786,
6.28318530718,8.377580409573),.UNSPECIFIED.) CURVE() 
GEOMETRIC_REPRESENTATION_ITEM() RATIONAL_B_SPLINE_CURVE((1.,0.5,1.,0.5,
1.,0.5,1.)) REPRESENTATION_ITEM('') );
#5721 = CARTESIAN_POINT('',(48.274281948534,19.502498307223));
#5722 = CARTESIAN_POINT('',(70.762815679144,18.377398024043));
#5723 = CARTESIAN_POINT('',(58.5441833868,-0.535693338939));
#5724 = CARTESIAN_POINT('',(46.325551094455,-19.44878470192));
#5725 = CARTESIAN_POINT('',(36.05564965619,0.589406944242));
#5726 = CARTESIAN_POINT('',(25.785748217924,20.627598590404));
#5727 = CARTESIAN_POINT('',(48.274281948534,19.502498307223));
#5728 = ( GEOMETRIC_REPRESENTATION_CONTEXT(2) 
PARAMETRIC_REPRESENTATION_CONTEXT() REPRESENTATION_CONTEXT('2D SPACE',''
  ) );
#5729 = PCURVE('',#5730,#5735);
#5730 = TOROIDAL_SURFACE('',#5731,13.,2.);
#5731 = AXIS2_PLACEMENT_3D('',#5732,#5733,#5734);
#5732 = CARTESIAN_POINT('',(-6.518737304176,-16.865,110.));
#5733 = DIRECTION('',(0.,-1.,2.2369221865E-16));
#5734 = DIRECTION('',(-0.998750846388,1.117733149489E-17,
    4.996745779691E-02));
#5735 = DEFINITIONAL_REPRESENTATION('',(#5736),#5740);
#5736 = LINE('',#5737,#5738);
#5737 = CARTESIAN_POINT('',(-0.,1.570796326795));
#5738 = VECTOR('',#5739,1.);
#5739 = DIRECTION('',(-1.,0.));
#5740 = ( GEOMETRIC_REPRESENTATION_CONTEXT(2) 
PARAMETRIC_REPRESENTATION_CONTEXT() REPRESENTATION_CONTEXT('2D SPACE',''
  ) );
#5741 = ORIENTED_EDGE('',*,*,#5742,.F.);
#5742 = EDGE_CURVE('',#5743,#5710,#5745,.T.);
#5743 = VERTEX_POINT('',#5744);
#5744 = CARTESIAN_POINT('',(-21.,-18.865,108.19395089743));
#5745 = SURFACE_CURVE('',#5746,(#5751,#5758),.PCURVE_S1.);
#5746 = CIRCLE('',#5747,3.012758295379);
#5747 = AXIS2_PLACEMENT_3D('',#5748,#5749,#5750);
#5748 = CARTESIAN_POINT('',(-22.51149320469,-18.865,110.80011682433));
#5749 = DIRECTION('',(-1.232595164408E-32,-1.,2.2369221865E-16));
#5750 = DIRECTION('',(0.258823602096,-2.160698179935E-16,-0.965924605235
    ));
#5751 = PCURVE('',#1719,#5752);
#5752 = DEFINITIONAL_REPRESENTATION('',(#5753),#5757);
#5753 = CIRCLE('',#5754,3.012758295379);
#5754 = AXIS2_PLACEMENT_2D('',#5755,#5756);
#5755 = CARTESIAN_POINT('',(48.424821821511,22.511493204696));
#5756 = DIRECTION('',(-0.965924605235,-0.258823602096));
#5757 = ( GEOMETRIC_REPRESENTATION_CONTEXT(2) 
PARAMETRIC_REPRESENTATION_CONTEXT() REPRESENTATION_CONTEXT('2D SPACE',''
  ) );
#5758 = PCURVE('',#5759,#5764);
#5759 = TOROIDAL_SURFACE('',#5760,3.012758295379,2.);
#5760 = AXIS2_PLACEMENT_3D('',#5761,#5762,#5763);
#5761 = CARTESIAN_POINT('',(-22.51149320469,-16.865,110.80011682433));
#5762 = DIRECTION('',(0.,1.,-2.2369221865E-16));
#5763 = DIRECTION('',(0.258823602096,-2.160698179935E-16,-0.965924605235
    ));
#5764 = DEFINITIONAL_REPRESENTATION('',(#5765),#5769);
#5765 = LINE('',#5766,#5767);
#5766 = CARTESIAN_POINT('',(-0.,4.712388980385));
#5767 = VECTOR('',#5768,1.);
#5768 = DIRECTION('',(-1.,0.));
#5769 = ( GEOMETRIC_REPRESENTATION_CONTEXT(2) 
PARAMETRIC_REPRESENTATION_CONTEXT() REPRESENTATION_CONTEXT('2D SPACE',''
  ) );
#5770 = ORIENTED_EDGE('',*,*,#5771,.F.);
#5771 = EDGE_CURVE('',#5772,#5743,#5774,.T.);
#5772 = VERTEX_POINT('',#5773);
#5773 = CARTESIAN_POINT('',(-21.,-18.865,80.767472843244));
#5774 = SURFACE_CURVE('',#5775,(#5779,#5786),.PCURVE_S1.);
#5775 = LINE('',#5776,#5777);
#5776 = CARTESIAN_POINT('',(-21.,-18.865,80.767472843244));
#5777 = VECTOR('',#5778,1.);
#5778 = DIRECTION('',(0.,2.22044604925E-16,1.));
#5779 = PCURVE('',#1719,#5780);
#5780 = DEFINITIONAL_REPRESENTATION('',(#5781),#5785);
#5781 = LINE('',#5782,#5783);
#5782 = CARTESIAN_POINT('',(18.392177840419,21.));
#5783 = VECTOR('',#5784,1.);
#5784 = DIRECTION('',(1.,0.));
#5785 = ( GEOMETRIC_REPRESENTATION_CONTEXT(2) 
PARAMETRIC_REPRESENTATION_CONTEXT() REPRESENTATION_CONTEXT('2D SPACE',''
  ) );
#5786 = PCURVE('',#5787,#5792);
#5787 = CYLINDRICAL_SURFACE('',#5788,2.);
#5788 = AXIS2_PLACEMENT_3D('',#5789,#5790,#5791);
#5789 = CARTESIAN_POINT('',(-21.,-16.865,80.767472843244));
#5790 = DIRECTION('',(0.,2.22044604925E-16,1.));
#5791 = DIRECTION('',(-1.,0.,0.));
#5792 = DEFINITIONAL_REPRESENTATION('',(#5793),#5797);
#5793 = LINE('',#5794,#5795);
#5794 = CARTESIAN_POINT('',(1.570796326795,0.));
#5795 = VECTOR('',#5796,1.);
#5796 = DIRECTION('',(0.,1.));
#5797 = ( GEOMETRIC_REPRESENTATION_CONTEXT(2) 
PARAMETRIC_REPRESENTATION_CONTEXT() REPRESENTATION_CONTEXT('2D SPACE',''
  ) );
#5798 = ORIENTED_EDGE('',*,*,#5799,.F.);
#5799 = EDGE_CURVE('',#5800,#5772,#5802,.T.);
#5800 = VERTEX_POINT('',#5801);
#5801 = CARTESIAN_POINT('',(-17.94696843398,-18.865,77.375214909907));
#5802 = SURFACE_CURVE('',#5803,(#5807,#5814),.PCURVE_S1.);
#5803 = LINE('',#5804,#5805);
#5804 = CARTESIAN_POINT('',(-19.10975044347,-18.865,78.667195163347));
#5805 = VECTOR('',#5806,1.);
#5806 = DIRECTION('',(-0.668964662136,1.650444689326E-16,0.743294208785)
  );
#5807 = PCURVE('',#1719,#5808);
#5808 = DEFINITIONAL_REPRESENTATION('',(#5809),#5813);
#5809 = LINE('',#5810,#5811);
#5810 = CARTESIAN_POINT('',(16.291900160521,19.109750443472));
#5811 = VECTOR('',#5812,1.);
#5812 = DIRECTION('',(0.743294208785,0.668964662136));
#5813 = ( GEOMETRIC_REPRESENTATION_CONTEXT(2) 
PARAMETRIC_REPRESENTATION_CONTEXT() REPRESENTATION_CONTEXT('2D SPACE',''
  ) );
#5814 = PCURVE('',#5815,#5820);
#5815 = CYLINDRICAL_SURFACE('',#5816,2.);
#5816 = AXIS2_PLACEMENT_3D('',#5817,#5818,#5819);
#5817 = CARTESIAN_POINT('',(-19.10975044347,-16.865,78.667195163347));
#5818 = DIRECTION('',(-0.668964662136,1.650444689326E-16,0.743294208785)
  );
#5819 = DIRECTION('',(-0.743294208785,-1.485399941129E-16,
    -0.668964662136));
#5820 = DEFINITIONAL_REPRESENTATION('',(#5821),#5825);
#5821 = LINE('',#5822,#5823);
#5822 = CARTESIAN_POINT('',(1.570796326795,0.));
#5823 = VECTOR('',#5824,1.);
#5824 = DIRECTION('',(0.,1.));
#5825 = ( GEOMETRIC_REPRESENTATION_CONTEXT(2) 
PARAMETRIC_REPRESENTATION_CONTEXT() REPRESENTATION_CONTEXT('2D SPACE',''
  ) );
#5826 = ORIENTED_EDGE('',*,*,#5827,.F.);
#5827 = EDGE_CURVE('',#5828,#5800,#5830,.T.);
#5828 = VERTEX_POINT('',#5829);
#5829 = CARTESIAN_POINT('',(-25.96813332935,-18.865,67.81596282906));
#5830 = SURFACE_CURVE('',#5831,(#5835,#5842),.PCURVE_S1.);
#5831 = LINE('',#5832,#5833);
#5832 = CARTESIAN_POINT('',(-25.96813332935,-18.865,67.81596282906));
#5833 = VECTOR('',#5834,1.);
#5834 = DIRECTION('',(0.642787609687,1.700960357274E-16,0.766044443119)
  );
#5835 = PCURVE('',#1719,#5836);
#5836 = DEFINITIONAL_REPRESENTATION('',(#5837),#5841);
#5837 = LINE('',#5838,#5839);
#5838 = CARTESIAN_POINT('',(5.440667826234,25.968133329357));
#5839 = VECTOR('',#5840,1.);
#5840 = DIRECTION('',(0.766044443119,-0.642787609687));
#5841 = ( GEOMETRIC_REPRESENTATION_CONTEXT(2) 
PARAMETRIC_REPRESENTATION_CONTEXT() REPRESENTATION_CONTEXT('2D SPACE',''
  ) );
#5842 = PCURVE('',#5843,#5848);
#5843 = CYLINDRICAL_SURFACE('',#5844,2.);
#5844 = AXIS2_PLACEMENT_3D('',#5845,#5846,#5847);
#5845 = CARTESIAN_POINT('',(-25.96813332935,-16.865,67.81596282906));
#5846 = DIRECTION('',(0.642787609687,1.700960357274E-16,0.766044443119)
  );
#5847 = DIRECTION('',(-0.766044443119,1.427275208436E-16,0.642787609687)
  );
#5848 = DEFINITIONAL_REPRESENTATION('',(#5849),#5853);
#5849 = LINE('',#5850,#5851);
#5850 = CARTESIAN_POINT('',(1.570796326795,0.));
#5851 = VECTOR('',#5852,1.);
#5852 = DIRECTION('',(0.,1.));
#5853 = ( GEOMETRIC_REPRESENTATION_CONTEXT(2) 
PARAMETRIC_REPRESENTATION_CONTEXT() REPRESENTATION_CONTEXT('2D SPACE',''
  ) );
#5854 = ORIENTED_EDGE('',*,*,#5855,.F.);
#5855 = EDGE_CURVE('',#5856,#5828,#5858,.T.);
#5856 = VERTEX_POINT('',#5857);
#5857 = CARTESIAN_POINT('',(-26.67,-18.865,65.8876));
#5858 = SURFACE_CURVE('',#5859,(#5864,#5875),.PCURVE_S1.);
#5859 = CIRCLE('',#5860,3.);
#5860 = AXIS2_PLACEMENT_3D('',#5861,#5862,#5863);
#5861 = CARTESIAN_POINT('',(-23.67,-18.865,65.8876));
#5862 = DIRECTION('',(0.,1.,-2.2369221865E-16));
#5863 = DIRECTION('',(-1.,5.958883804314E-31,2.66387621361E-15));
#5864 = PCURVE('',#1719,#5865);
#5865 = DEFINITIONAL_REPRESENTATION('',(#5866),#5874);
#5866 = ( BOUNDED_CURVE() B_SPLINE_CURVE(2,(#5867,#5868,#5869,#5870,
#5871,#5872,#5873),.UNSPECIFIED.,.T.,.F.) B_SPLINE_CURVE_WITH_KNOTS((1,2
    ,2,2,2,1),(-2.094395102393,0.,2.094395102393,4.188790204786,
6.28318530718,8.377580409573),.UNSPECIFIED.) CURVE() 
GEOMETRIC_REPRESENTATION_ITEM() RATIONAL_B_SPLINE_CURVE((1.,0.5,1.,0.5,
1.,0.5,1.)) REPRESENTATION_ITEM('') );
#5867 = CARTESIAN_POINT('',(3.512304997174,26.67));
#5868 = CARTESIAN_POINT('',(8.708457419881,26.67));
#5869 = CARTESIAN_POINT('',(6.110381208528,22.17));
#5870 = CARTESIAN_POINT('',(3.512304997174,17.67));
#5871 = CARTESIAN_POINT('',(0.914228785821,22.17));
#5872 = CARTESIAN_POINT('',(-1.683847425532,26.67));
#5873 = CARTESIAN_POINT('',(3.512304997174,26.67));
#5874 = ( GEOMETRIC_REPRESENTATION_CONTEXT(2) 
PARAMETRIC_REPRESENTATION_CONTEXT() REPRESENTATION_CONTEXT('2D SPACE',''
  ) );
#5875 = PCURVE('',#5876,#5881);
#5876 = TOROIDAL_SURFACE('',#5877,3.,2.);
#5877 = AXIS2_PLACEMENT_3D('',#5878,#5879,#5880);
#5878 = CARTESIAN_POINT('',(-23.67,-16.865,65.8876));
#5879 = DIRECTION('',(0.,-1.,2.2369221865E-16));
#5880 = DIRECTION('',(-1.,5.958883804314E-31,2.66387621361E-15));
#5881 = DEFINITIONAL_REPRESENTATION('',(#5882),#5886);
#5882 = LINE('',#5883,#5884);
#5883 = CARTESIAN_POINT('',(-0.,1.570796326795));
#5884 = VECTOR('',#5885,1.);
#5885 = DIRECTION('',(-1.,0.));
#5886 = ( GEOMETRIC_REPRESENTATION_CONTEXT(2) 
PARAMETRIC_REPRESENTATION_CONTEXT() REPRESENTATION_CONTEXT('2D SPACE',''
  ) );
#5887 = ORIENTED_EDGE('',*,*,#5888,.F.);
#5888 = EDGE_CURVE('',#5889,#5856,#5891,.T.);
#5889 = VERTEX_POINT('',#5890);
#5890 = CARTESIAN_POINT('',(-26.67,-18.865,63.6676));
#5891 = SURFACE_CURVE('',#5892,(#5896,#5903),.PCURVE_S1.);
#5892 = LINE('',#5893,#5894);
#5893 = CARTESIAN_POINT('',(-26.67,-18.865,62.6676));
#5894 = VECTOR('',#5895,1.);
#5895 = DIRECTION('',(0.,2.22044604925E-16,1.));
#5896 = PCURVE('',#1719,#5897);
#5897 = DEFINITIONAL_REPRESENTATION('',(#5898),#5902);
#5898 = LINE('',#5899,#5900);
#5899 = CARTESIAN_POINT('',(0.292304997174,26.67));
#5900 = VECTOR('',#5901,1.);
#5901 = DIRECTION('',(1.,0.));
#5902 = ( GEOMETRIC_REPRESENTATION_CONTEXT(2) 
PARAMETRIC_REPRESENTATION_CONTEXT() REPRESENTATION_CONTEXT('2D SPACE',''
  ) );
#5903 = PCURVE('',#5904,#5909);
#5904 = CYLINDRICAL_SURFACE('',#5905,2.);
#5905 = AXIS2_PLACEMENT_3D('',#5906,#5907,#5908);
#5906 = CARTESIAN_POINT('',(-26.67,-16.865,62.6676));
#5907 = DIRECTION('',(0.,2.22044604925E-16,1.));
#5908 = DIRECTION('',(-1.,0.,0.));
#5909 = DEFINITIONAL_REPRESENTATION('',(#5910),#5914);
#5910 = LINE('',#5911,#5912);
#5911 = CARTESIAN_POINT('',(1.570796326795,0.));
#5912 = VECTOR('',#5913,1.);
#5913 = DIRECTION('',(0.,1.));
#5914 = ( GEOMETRIC_REPRESENTATION_CONTEXT(2) 
PARAMETRIC_REPRESENTATION_CONTEXT() REPRESENTATION_CONTEXT('2D SPACE',''
  ) );
#5915 = ORIENTED_EDGE('',*,*,#5916,.T.);
#5916 = EDGE_CURVE('',#5889,#5917,#5919,.T.);
#5917 = VERTEX_POINT('',#5918);
#5918 = CARTESIAN_POINT('',(-23.67,-18.865,63.6676));
#5919 = SURFACE_CURVE('',#5920,(#5924,#5931),.PCURVE_S1.);
#5920 = LINE('',#5921,#5922);
#5921 = CARTESIAN_POINT('',(-26.67,-18.865,63.6676));
#5922 = VECTOR('',#5923,1.);
#5923 = DIRECTION('',(1.,0.,0.));
#5924 = PCURVE('',#1719,#5925);
#5925 = DEFINITIONAL_REPRESENTATION('',(#5926),#5930);
#5926 = LINE('',#5927,#5928);
#5927 = CARTESIAN_POINT('',(1.292304997174,26.67));
#5928 = VECTOR('',#5929,1.);
#5929 = DIRECTION('',(0.,-1.));
#5930 = ( GEOMETRIC_REPRESENTATION_CONTEXT(2) 
PARAMETRIC_REPRESENTATION_CONTEXT() REPRESENTATION_CONTEXT('2D SPACE',''
  ) );
#5931 = PCURVE('',#5932,#5937);
#5932 = CYLINDRICAL_SURFACE('',#5933,1.);
#5933 = AXIS2_PLACEMENT_3D('',#5934,#5935,#5936);
#5934 = CARTESIAN_POINT('',(-26.67,-17.865,63.6676));
#5935 = DIRECTION('',(1.,0.,0.));
#5936 = DIRECTION('',(0.,-2.22044604925E-16,-1.));
#5937 = DEFINITIONAL_REPRESENTATION('',(#5938),#5942);
#5938 = LINE('',#5939,#5940);
#5939 = CARTESIAN_POINT('',(-1.570796326795,0.));
#5940 = VECTOR('',#5941,1.);
#5941 = DIRECTION('',(-0.,1.));
#5942 = ( GEOMETRIC_REPRESENTATION_CONTEXT(2) 
PARAMETRIC_REPRESENTATION_CONTEXT() REPRESENTATION_CONTEXT('2D SPACE',''
  ) );
#5943 = ORIENTED_EDGE('',*,*,#5944,.F.);
#5944 = EDGE_CURVE('',#5945,#5917,#5947,.T.);
#5945 = VERTEX_POINT('',#5946);
#5946 = CARTESIAN_POINT('',(-23.67,-18.865,65.8876));
#5947 = SURFACE_CURVE('',#5948,(#5952,#5959),.PCURVE_S1.);
#5948 = LINE('',#5949,#5950);
#5949 = CARTESIAN_POINT('',(-23.67,-18.865,65.8876));
#5950 = VECTOR('',#5951,1.);
#5951 = DIRECTION('',(0.,-2.22044604925E-16,-1.));
#5952 = PCURVE('',#1719,#5953);
#5953 = DEFINITIONAL_REPRESENTATION('',(#5954),#5958);
#5954 = LINE('',#5955,#5956);
#5955 = CARTESIAN_POINT('',(3.512304997174,23.67));
#5956 = VECTOR('',#5957,1.);
#5957 = DIRECTION('',(-1.,0.));
#5958 = ( GEOMETRIC_REPRESENTATION_CONTEXT(2) 
PARAMETRIC_REPRESENTATION_CONTEXT() REPRESENTATION_CONTEXT('2D SPACE',''
  ) );
#5959 = PCURVE('',#5960,#5965);
#5960 = PLANE('',#5961);
#5961 = AXIS2_PLACEMENT_3D('',#5962,#5963,#5964);
#5962 = CARTESIAN_POINT('',(-23.67,18.6,65.8876));
#5963 = DIRECTION('',(-1.,0.,0.));
#5964 = DIRECTION('',(0.,2.22044604925E-16,1.));
#5965 = DEFINITIONAL_REPRESENTATION('',(#5966),#5970);
#5966 = LINE('',#5967,#5968);
#5967 = CARTESIAN_POINT('',(5.891953591686E-15,-37.465));
#5968 = VECTOR('',#5969,1.);
#5969 = DIRECTION('',(-1.,0.));
#5970 = ( GEOMETRIC_REPRESENTATION_CONTEXT(2) 
PARAMETRIC_REPRESENTATION_CONTEXT() REPRESENTATION_CONTEXT('2D SPACE',''
  ) );
#5971 = ORIENTED_EDGE('',*,*,#5972,.F.);
#5972 = EDGE_CURVE('',#4816,#5945,#5973,.T.);
#5973 = SURFACE_CURVE('',#5974,(#5978,#5985),.PCURVE_S1.);
#5974 = LINE('',#5975,#5976);
#5975 = CARTESIAN_POINT('',(-18.5,-18.865,65.8876));
#5976 = VECTOR('',#5977,1.);
#5977 = DIRECTION('',(-1.,0.,0.));
#5978 = PCURVE('',#1719,#5979);
#5979 = DEFINITIONAL_REPRESENTATION('',(#5980),#5984);
#5980 = LINE('',#5981,#5982);
#5981 = CARTESIAN_POINT('',(3.512304997174,18.5));
#5982 = VECTOR('',#5983,1.);
#5983 = DIRECTION('',(0.,1.));
#5984 = ( GEOMETRIC_REPRESENTATION_CONTEXT(2) 
PARAMETRIC_REPRESENTATION_CONTEXT() REPRESENTATION_CONTEXT('2D SPACE',''
  ) );
#5985 = PCURVE('',#4854,#5986);
#5986 = DEFINITIONAL_REPRESENTATION('',(#5987),#5991);
#5987 = LINE('',#5988,#5989);
#5988 = CARTESIAN_POINT('',(-0.,-37.465));
#5989 = VECTOR('',#5990,1.);
#5990 = DIRECTION('',(-1.,0.));
#5991 = ( GEOMETRIC_REPRESENTATION_CONTEXT(2) 
PARAMETRIC_REPRESENTATION_CONTEXT() REPRESENTATION_CONTEXT('2D SPACE',''
  ) );
#5992 = ORIENTED_EDGE('',*,*,#4815,.F.);
#5993 = ORIENTED_EDGE('',*,*,#5044,.F.);
#5994 = ORIENTED_EDGE('',*,*,#4965,.T.);
#5995 = ORIENTED_EDGE('',*,*,#5996,.F.);
#5996 = EDGE_CURVE('',#5997,#4966,#5999,.T.);
#5997 = VERTEX_POINT('',#5998);
#5998 = CARTESIAN_POINT('',(-26.67,-18.865,55.0676));
#5999 = SURFACE_CURVE('',#6000,(#6004,#6011),.PCURVE_S1.);
#6000 = LINE('',#6001,#6002);
#6001 = CARTESIAN_POINT('',(-26.67,-18.865,55.0676));
#6002 = VECTOR('',#6003,1.);
#6003 = DIRECTION('',(1.,0.,0.));
#6004 = PCURVE('',#1719,#6005);
#6005 = DEFINITIONAL_REPRESENTATION('',(#6006),#6010);
#6006 = LINE('',#6007,#6008);
#6007 = CARTESIAN_POINT('',(-7.307695002826,26.67));
#6008 = VECTOR('',#6009,1.);
#6009 = DIRECTION('',(0.,-1.));
#6010 = ( GEOMETRIC_REPRESENTATION_CONTEXT(2) 
PARAMETRIC_REPRESENTATION_CONTEXT() REPRESENTATION_CONTEXT('2D SPACE',''
  ) );
#6011 = PCURVE('',#5005,#6012);
#6012 = DEFINITIONAL_REPRESENTATION('',(#6013),#6017);
#6013 = LINE('',#6014,#6015);
#6014 = CARTESIAN_POINT('',(1.570796326795,0.));
#6015 = VECTOR('',#6016,1.);
#6016 = DIRECTION('',(0.,1.));
#6017 = ( GEOMETRIC_REPRESENTATION_CONTEXT(2) 
PARAMETRIC_REPRESENTATION_CONTEXT() REPRESENTATION_CONTEXT('2D SPACE',''
  ) );
#6018 = ORIENTED_EDGE('',*,*,#6019,.F.);
#6019 = EDGE_CURVE('',#6020,#5997,#6022,.T.);
#6020 = VERTEX_POINT('',#6021);
#6021 = CARTESIAN_POINT('',(-26.67,-18.865,52.8476));
#6022 = SURFACE_CURVE('',#6023,(#6027,#6034),.PCURVE_S1.);
#6023 = LINE('',#6024,#6025);
#6024 = CARTESIAN_POINT('',(-26.67,-18.865,52.8476));
#6025 = VECTOR('',#6026,1.);
#6026 = DIRECTION('',(0.,2.22044604925E-16,1.));
#6027 = PCURVE('',#1719,#6028);
#6028 = DEFINITIONAL_REPRESENTATION('',(#6029),#6033);
#6029 = LINE('',#6030,#6031);
#6030 = CARTESIAN_POINT('',(-9.527695002826,26.67));
#6031 = VECTOR('',#6032,1.);
#6032 = DIRECTION('',(1.,0.));
#6033 = ( GEOMETRIC_REPRESENTATION_CONTEXT(2) 
PARAMETRIC_REPRESENTATION_CONTEXT() REPRESENTATION_CONTEXT('2D SPACE',''
  ) );
#6034 = PCURVE('',#6035,#6040);
#6035 = CYLINDRICAL_SURFACE('',#6036,2.);
#6036 = AXIS2_PLACEMENT_3D('',#6037,#6038,#6039);
#6037 = CARTESIAN_POINT('',(-26.67,-16.865,52.8476));
#6038 = DIRECTION('',(0.,2.22044604925E-16,1.));
#6039 = DIRECTION('',(-1.,0.,0.));
#6040 = DEFINITIONAL_REPRESENTATION('',(#6041),#6045);
#6041 = LINE('',#6042,#6043);
#6042 = CARTESIAN_POINT('',(1.570796326795,0.));
#6043 = VECTOR('',#6044,1.);
#6044 = DIRECTION('',(0.,1.));
#6045 = ( GEOMETRIC_REPRESENTATION_CONTEXT(2) 
PARAMETRIC_REPRESENTATION_CONTEXT() REPRESENTATION_CONTEXT('2D SPACE',''
  ) );
#6046 = ORIENTED_EDGE('',*,*,#6047,.F.);
#6047 = EDGE_CURVE('',#6048,#6020,#6050,.T.);
#6048 = VERTEX_POINT('',#6049);
#6049 = CARTESIAN_POINT('',(-25.96813332935,-18.865,50.91923717094));
#6050 = SURFACE_CURVE('',#6051,(#6056,#6067),.PCURVE_S1.);
#6051 = CIRCLE('',#6052,3.);
#6052 = AXIS2_PLACEMENT_3D('',#6053,#6054,#6055);
#6053 = CARTESIAN_POINT('',(-23.67,-18.865,52.8476));
#6054 = DIRECTION('',(0.,1.,-2.2369221865E-16));
#6055 = DIRECTION('',(-0.766044443119,-1.437865865315E-16,
    -0.642787609687));
#6056 = PCURVE('',#1719,#6057);
#6057 = DEFINITIONAL_REPRESENTATION('',(#6058),#6066);
#6058 = ( BOUNDED_CURVE() B_SPLINE_CURVE(2,(#6059,#6060,#6061,#6062,
#6063,#6064,#6065),.UNSPECIFIED.,.T.,.F.) B_SPLINE_CURVE_WITH_KNOTS((1,2
    ,2,2,2,1),(-2.094395102393,0.,2.094395102393,4.188790204786,
6.28318530718,8.377580409573),.UNSPECIFIED.) CURVE() 
GEOMETRIC_REPRESENTATION_ITEM() RATIONAL_B_SPLINE_CURVE((1.,0.5,1.,0.5,
1.,0.5,1.)) REPRESENTATION_ITEM('') );
#6059 = CARTESIAN_POINT('',(-11.45605783188,25.968133329357));
#6060 = CARTESIAN_POINT('',(-7.475574142872,29.308155724715));
#6061 = CARTESIAN_POINT('',(-6.573271743789,24.190944533001));
#6062 = CARTESIAN_POINT('',(-5.670969344706,19.073733341286));
#6063 = CARTESIAN_POINT('',(-10.5537554328,20.850922137642));
#6064 = CARTESIAN_POINT('',(-15.43654152089,22.628110933998));
#6065 = CARTESIAN_POINT('',(-11.45605783188,25.968133329357));
#6066 = ( GEOMETRIC_REPRESENTATION_CONTEXT(2) 
PARAMETRIC_REPRESENTATION_CONTEXT() REPRESENTATION_CONTEXT('2D SPACE',''
  ) );
#6067 = PCURVE('',#6068,#6073);
#6068 = TOROIDAL_SURFACE('',#6069,3.,2.);
#6069 = AXIS2_PLACEMENT_3D('',#6070,#6071,#6072);
#6070 = CARTESIAN_POINT('',(-23.67,-16.865,52.8476));
#6071 = DIRECTION('',(0.,-1.,2.2369221865E-16));
#6072 = DIRECTION('',(-0.766044443119,-1.437865865315E-16,
    -0.642787609687));
#6073 = DEFINITIONAL_REPRESENTATION('',(#6074),#6078);
#6074 = LINE('',#6075,#6076);
#6075 = CARTESIAN_POINT('',(-0.,1.570796326795));
#6076 = VECTOR('',#6077,1.);
#6077 = DIRECTION('',(-1.,0.));
#6078 = ( GEOMETRIC_REPRESENTATION_CONTEXT(2) 
PARAMETRIC_REPRESENTATION_CONTEXT() REPRESENTATION_CONTEXT('2D SPACE',''
  ) );
#6079 = ORIENTED_EDGE('',*,*,#6080,.F.);
#6080 = EDGE_CURVE('',#6081,#6048,#6083,.T.);
#6081 = VERTEX_POINT('',#6082);
#6082 = CARTESIAN_POINT('',(-15.66535424677,-18.865,38.640863185569));
#6083 = SURFACE_CURVE('',#6084,(#6088,#6095),.PCURVE_S1.);
#6084 = LINE('',#6085,#6086);
#6085 = CARTESIAN_POINT('',(-16.09660380116,-18.865,39.154806391315));
#6086 = VECTOR('',#6087,1.);
#6087 = DIRECTION('',(-0.642787609687,1.700960357274E-16,0.766044443119)
  );
#6088 = PCURVE('',#1719,#6089);
#6089 = DEFINITIONAL_REPRESENTATION('',(#6090),#6094);
#6090 = LINE('',#6091,#6092);
#6091 = CARTESIAN_POINT('',(-23.22048861151,16.096603801162));
#6092 = VECTOR('',#6093,1.);
#6093 = DIRECTION('',(0.766044443119,0.642787609687));
#6094 = ( GEOMETRIC_REPRESENTATION_CONTEXT(2) 
PARAMETRIC_REPRESENTATION_CONTEXT() REPRESENTATION_CONTEXT('2D SPACE',''
  ) );
#6095 = PCURVE('',#6096,#6101);
#6096 = CYLINDRICAL_SURFACE('',#6097,2.);
#6097 = AXIS2_PLACEMENT_3D('',#6098,#6099,#6100);
#6098 = CARTESIAN_POINT('',(-16.09660380116,-16.865,39.154806391315));
#6099 = DIRECTION('',(-0.642787609687,1.700960357274E-16,0.766044443119)
  );
#6100 = DIRECTION('',(-0.766044443119,-1.427275208436E-16,
    -0.642787609687));
#6101 = DEFINITIONAL_REPRESENTATION('',(#6102),#6106);
#6102 = LINE('',#6103,#6104);
#6103 = CARTESIAN_POINT('',(1.570796326795,0.));
#6104 = VECTOR('',#6105,1.);
#6105 = DIRECTION('',(0.,1.));
#6106 = ( GEOMETRIC_REPRESENTATION_CONTEXT(2) 
PARAMETRIC_REPRESENTATION_CONTEXT() REPRESENTATION_CONTEXT('2D SPACE',''
  ) );
#6107 = ORIENTED_EDGE('',*,*,#6108,.T.);
#6108 = EDGE_CURVE('',#6081,#6109,#6111,.T.);
#6109 = VERTEX_POINT('',#6110);
#6110 = CARTESIAN_POINT('',(-13.99483610531,-18.865,5.796814144996));
#6111 = SURFACE_CURVE('',#6112,(#6116,#6123),.PCURVE_S1.);
#6112 = LINE('',#6113,#6114);
#6113 = CARTESIAN_POINT('',(-15.63127463474,-18.865,37.970824099443));
#6114 = VECTOR('',#6115,1.);
#6115 = DIRECTION('',(5.07964637509E-02,-2.217579511862E-16,
    -0.998709026329));
#6116 = PCURVE('',#1719,#6117);
#6117 = DEFINITIONAL_REPRESENTATION('',(#6118),#6122);
#6118 = LINE('',#6119,#6120);
#6119 = CARTESIAN_POINT('',(-24.40447090338,15.631274634743));
#6120 = VECTOR('',#6121,1.);
#6121 = DIRECTION('',(-0.998709026329,-5.07964637509E-02));
#6122 = ( GEOMETRIC_REPRESENTATION_CONTEXT(2) 
PARAMETRIC_REPRESENTATION_CONTEXT() REPRESENTATION_CONTEXT('2D SPACE',''
  ) );
#6123 = PCURVE('',#3903,#6124);
#6124 = DEFINITIONAL_REPRESENTATION('',(#6125),#6129);
#6125 = LINE('',#6126,#6127);
#6126 = CARTESIAN_POINT('',(-1.570796326795,0.));
#6127 = VECTOR('',#6128,1.);
#6128 = DIRECTION('',(-0.,1.));
#6129 = ( GEOMETRIC_REPRESENTATION_CONTEXT(2) 
PARAMETRIC_REPRESENTATION_CONTEXT() REPRESENTATION_CONTEXT('2D SPACE',''
  ) );
#6130 = ORIENTED_EDGE('',*,*,#6131,.T.);
#6131 = EDGE_CURVE('',#6109,#6132,#6134,.T.);
#6132 = VERTEX_POINT('',#6133);
#6133 = CARTESIAN_POINT('',(-10.,-18.865,2.));
#6134 = SURFACE_CURVE('',#6135,(#6140,#6147),.PCURVE_S1.);
#6135 = CIRCLE('',#6136,4.);
#6136 = AXIS2_PLACEMENT_3D('',#6137,#6138,#6139);
#6137 = CARTESIAN_POINT('',(-10.,-18.865,6.));
#6138 = DIRECTION('',(0.,-1.,2.2369221865E-16));
#6139 = DIRECTION('',(-0.998709026329,-1.136277367601E-17,
    -5.07964637509E-02));
#6140 = PCURVE('',#1719,#6141);
#6141 = DEFINITIONAL_REPRESENTATION('',(#6142),#6146);
#6142 = CIRCLE('',#6143,4.);
#6143 = AXIS2_PLACEMENT_2D('',#6144,#6145);
#6144 = CARTESIAN_POINT('',(-56.37529500282,10.));
#6145 = DIRECTION('',(-5.07964637509E-02,0.998709026329));
#6146 = ( GEOMETRIC_REPRESENTATION_CONTEXT(2) 
PARAMETRIC_REPRESENTATION_CONTEXT() REPRESENTATION_CONTEXT('2D SPACE',''
  ) );
#6147 = PCURVE('',#3730,#6148);
#6148 = DEFINITIONAL_REPRESENTATION('',(#6149),#6153);
#6149 = LINE('',#6150,#6151);
#6150 = CARTESIAN_POINT('',(0.,1.570796326795));
#6151 = VECTOR('',#6152,1.);
#6152 = DIRECTION('',(1.,0.));
#6153 = ( GEOMETRIC_REPRESENTATION_CONTEXT(2) 
PARAMETRIC_REPRESENTATION_CONTEXT() REPRESENTATION_CONTEXT('2D SPACE',''
  ) );
#6154 = ORIENTED_EDGE('',*,*,#6155,.T.);
#6155 = EDGE_CURVE('',#6132,#6156,#6158,.T.);
#6156 = VERTEX_POINT('',#6157);
#6157 = CARTESIAN_POINT('',(10.,-18.865,2.));
#6158 = SURFACE_CURVE('',#6159,(#6163,#6170),.PCURVE_S1.);
#6159 = LINE('',#6160,#6161);
#6160 = CARTESIAN_POINT('',(-10.,-18.865,2.));
#6161 = VECTOR('',#6162,1.);
#6162 = DIRECTION('',(1.,0.,0.));
#6163 = PCURVE('',#1719,#6164);
#6164 = DEFINITIONAL_REPRESENTATION('',(#6165),#6169);
#6165 = LINE('',#6166,#6167);
#6166 = CARTESIAN_POINT('',(-60.37529500282,10.));
#6167 = VECTOR('',#6168,1.);
#6168 = DIRECTION('',(0.,-1.));
#6169 = ( GEOMETRIC_REPRESENTATION_CONTEXT(2) 
PARAMETRIC_REPRESENTATION_CONTEXT() REPRESENTATION_CONTEXT('2D SPACE',''
  ) );
#6170 = PCURVE('',#6171,#6176);
#6171 = CYLINDRICAL_SURFACE('',#6172,2.);
#6172 = AXIS2_PLACEMENT_3D('',#6173,#6174,#6175);
#6173 = CARTESIAN_POINT('',(-10.,-16.865,2.));
#6174 = DIRECTION('',(1.,0.,0.));
#6175 = DIRECTION('',(0.,-9.945962849814E-17,-1.));
#6176 = DEFINITIONAL_REPRESENTATION('',(#6177),#6181);
#6177 = LINE('',#6178,#6179);
#6178 = CARTESIAN_POINT('',(-1.570796326795,0.));
#6179 = VECTOR('',#6180,1.);
#6180 = DIRECTION('',(-0.,1.));
#6181 = ( GEOMETRIC_REPRESENTATION_CONTEXT(2) 
PARAMETRIC_REPRESENTATION_CONTEXT() REPRESENTATION_CONTEXT('2D SPACE',''
  ) );
#6182 = ORIENTED_EDGE('',*,*,#6183,.T.);
#6183 = EDGE_CURVE('',#6156,#6184,#6186,.T.);
#6184 = VERTEX_POINT('',#6185);
#6185 = CARTESIAN_POINT('',(13.994836105315,-18.865,5.796814144996));
#6186 = SURFACE_CURVE('',#6187,(#6192,#6199),.PCURVE_S1.);
#6187 = CIRCLE('',#6188,4.);
#6188 = AXIS2_PLACEMENT_3D('',#6189,#6190,#6191);
#6189 = CARTESIAN_POINT('',(10.,-18.865,6.));
#6190 = DIRECTION('',(1.094764425254E-47,-1.,2.2369221865E-16));
#6191 = DIRECTION('',(-2.960594732334E-16,-2.2369221865E-16,-1.));
#6192 = PCURVE('',#1719,#6193);
#6193 = DEFINITIONAL_REPRESENTATION('',(#6194),#6198);
#6194 = CIRCLE('',#6195,4.);
#6195 = AXIS2_PLACEMENT_2D('',#6196,#6197);
#6196 = CARTESIAN_POINT('',(-56.37529500282,-10.));
#6197 = DIRECTION('',(-1.,2.960594732334E-16));
#6198 = ( GEOMETRIC_REPRESENTATION_CONTEXT(2) 
PARAMETRIC_REPRESENTATION_CONTEXT() REPRESENTATION_CONTEXT('2D SPACE',''
  ) );
#6199 = PCURVE('',#2303,#6200);
#6200 = DEFINITIONAL_REPRESENTATION('',(#6201),#6205);
#6201 = LINE('',#6202,#6203);
#6202 = CARTESIAN_POINT('',(0.,1.570796326795));
#6203 = VECTOR('',#6204,1.);
#6204 = DIRECTION('',(1.,0.));
#6205 = ( GEOMETRIC_REPRESENTATION_CONTEXT(2) 
PARAMETRIC_REPRESENTATION_CONTEXT() REPRESENTATION_CONTEXT('2D SPACE',''
  ) );
#6206 = ORIENTED_EDGE('',*,*,#6207,.T.);
#6207 = EDGE_CURVE('',#6184,#6208,#6210,.T.);
#6208 = VERTEX_POINT('',#6209);
#6209 = CARTESIAN_POINT('',(15.665354246775,-18.865,38.640863185569));
#6210 = SURFACE_CURVE('',#6211,(#6215,#6222),.PCURVE_S1.);
#6211 = LINE('',#6212,#6213);
#6212 = CARTESIAN_POINT('',(13.994836105315,-18.865,5.796814144996));
#6213 = VECTOR('',#6214,1.);
#6214 = DIRECTION('',(5.07964637509E-02,2.217579511862E-16,
    0.998709026329));
#6215 = PCURVE('',#1719,#6216);
#6216 = DEFINITIONAL_REPRESENTATION('',(#6217),#6221);
#6217 = LINE('',#6218,#6219);
#6218 = CARTESIAN_POINT('',(-56.57848085782,-13.99483610531));
#6219 = VECTOR('',#6220,1.);
#6220 = DIRECTION('',(0.998709026329,-5.07964637509E-02));
#6221 = ( GEOMETRIC_REPRESENTATION_CONTEXT(2) 
PARAMETRIC_REPRESENTATION_CONTEXT() REPRESENTATION_CONTEXT('2D SPACE',''
  ) );
#6222 = PCURVE('',#1959,#6223);
#6223 = DEFINITIONAL_REPRESENTATION('',(#6224),#6228);
#6224 = LINE('',#6225,#6226);
#6225 = CARTESIAN_POINT('',(-1.570796326795,0.));
#6226 = VECTOR('',#6227,1.);
#6227 = DIRECTION('',(-0.,1.));
#6228 = ( GEOMETRIC_REPRESENTATION_CONTEXT(2) 
PARAMETRIC_REPRESENTATION_CONTEXT() REPRESENTATION_CONTEXT('2D SPACE',''
  ) );
#6229 = ORIENTED_EDGE('',*,*,#6230,.T.);
#6230 = EDGE_CURVE('',#6208,#6231,#6233,.T.);
#6231 = VERTEX_POINT('',#6232);
#6232 = CARTESIAN_POINT('',(25.968133329357,-18.865,50.91923717094));
#6233 = SURFACE_CURVE('',#6234,(#6238,#6245),.PCURVE_S1.);
#6234 = LINE('',#6235,#6236);
#6235 = CARTESIAN_POINT('',(16.096603801162,-18.865,39.154806391315));
#6236 = VECTOR('',#6237,1.);
#6237 = DIRECTION('',(0.642787609687,1.700960357274E-16,0.766044443119)
  );
#6238 = PCURVE('',#1719,#6239);
#6239 = DEFINITIONAL_REPRESENTATION('',(#6240),#6244);
#6240 = LINE('',#6241,#6242);
#6241 = CARTESIAN_POINT('',(-23.22048861151,-16.09660380116));
#6242 = VECTOR('',#6243,1.);
#6243 = DIRECTION('',(0.766044443119,-0.642787609687));
#6244 = ( GEOMETRIC_REPRESENTATION_CONTEXT(2) 
PARAMETRIC_REPRESENTATION_CONTEXT() REPRESENTATION_CONTEXT('2D SPACE',''
  ) );
#6245 = PCURVE('',#6246,#6251);
#6246 = CYLINDRICAL_SURFACE('',#6247,2.);
#6247 = AXIS2_PLACEMENT_3D('',#6248,#6249,#6250);
#6248 = CARTESIAN_POINT('',(16.096603801162,-16.865,39.154806391315));
#6249 = DIRECTION('',(0.642787609687,1.700960357274E-16,0.766044443119)
  );
#6250 = DIRECTION('',(0.766044443119,-1.427275208436E-16,-0.642787609687
    ));
#6251 = DEFINITIONAL_REPRESENTATION('',(#6252),#6256);
#6252 = LINE('',#6253,#6254);
#6253 = CARTESIAN_POINT('',(-1.570796326795,0.));
#6254 = VECTOR('',#6255,1.);
#6255 = DIRECTION('',(-0.,1.));
#6256 = ( GEOMETRIC_REPRESENTATION_CONTEXT(2) 
PARAMETRIC_REPRESENTATION_CONTEXT() REPRESENTATION_CONTEXT('2D SPACE',''
  ) );
#6257 = ORIENTED_EDGE('',*,*,#6258,.T.);
#6258 = EDGE_CURVE('',#6231,#5351,#6259,.T.);
#6259 = SURFACE_CURVE('',#6260,(#6265,#6272),.PCURVE_S1.);
#6260 = CIRCLE('',#6261,3.);
#6261 = AXIS2_PLACEMENT_3D('',#6262,#6263,#6264);
#6262 = CARTESIAN_POINT('',(23.67,-18.865,52.8476));
#6263 = DIRECTION('',(0.,-1.,2.2369221865E-16));
#6264 = DIRECTION('',(0.766044443119,-1.437865865315E-16,-0.642787609687
    ));
#6265 = PCURVE('',#1719,#6266);
#6266 = DEFINITIONAL_REPRESENTATION('',(#6267),#6271);
#6267 = CIRCLE('',#6268,3.);
#6268 = AXIS2_PLACEMENT_2D('',#6269,#6270);
#6269 = CARTESIAN_POINT('',(-9.527695002826,-23.67));
#6270 = DIRECTION('',(-0.642787609687,-0.766044443119));
#6271 = ( GEOMETRIC_REPRESENTATION_CONTEXT(2) 
PARAMETRIC_REPRESENTATION_CONTEXT() REPRESENTATION_CONTEXT('2D SPACE',''
  ) );
#6272 = PCURVE('',#5335,#6273);
#6273 = DEFINITIONAL_REPRESENTATION('',(#6274),#6278);
#6274 = LINE('',#6275,#6276);
#6275 = CARTESIAN_POINT('',(0.,1.570796326795));
#6276 = VECTOR('',#6277,1.);
#6277 = DIRECTION('',(1.,0.));
#6278 = ( GEOMETRIC_REPRESENTATION_CONTEXT(2) 
PARAMETRIC_REPRESENTATION_CONTEXT() REPRESENTATION_CONTEXT('2D SPACE',''
  ) );
#6279 = ADVANCED_FACE('',(#6280),#1752,.T.);
#6280 = FACE_BOUND('',#6281,.F.);
#6281 = EDGE_LOOP('',(#6282,#6304,#6305,#6306));
#6282 = ORIENTED_EDGE('',*,*,#6283,.T.);
#6283 = EDGE_CURVE('',#5214,#5353,#6284,.T.);
#6284 = SURFACE_CURVE('',#6285,(#6290,#6297),.PCURVE_S1.);
#6285 = CIRCLE('',#6286,1.);
#6286 = AXIS2_PLACEMENT_3D('',#6287,#6288,#6289);
#6287 = CARTESIAN_POINT('',(26.67,-17.865,55.0676));
#6288 = DIRECTION('',(1.,-1.608122649677E-16,3.570749584184E-32));
#6289 = DIRECTION('',(-1.608122649677E-16,-1.,2.22044604925E-16));
#6290 = PCURVE('',#1752,#6291);
#6291 = DEFINITIONAL_REPRESENTATION('',(#6292),#6296);
#6292 = LINE('',#6293,#6294);
#6293 = CARTESIAN_POINT('',(4.712388980385,-0.));
#6294 = VECTOR('',#6295,1.);
#6295 = DIRECTION('',(-1.,0.));
#6296 = ( GEOMETRIC_REPRESENTATION_CONTEXT(2) 
PARAMETRIC_REPRESENTATION_CONTEXT() REPRESENTATION_CONTEXT('2D SPACE',''
  ) );
#6297 = PCURVE('',#5257,#6298);
#6298 = DEFINITIONAL_REPRESENTATION('',(#6299),#6303);
#6299 = LINE('',#6300,#6301);
#6300 = CARTESIAN_POINT('',(1.570796326795,0.));
#6301 = VECTOR('',#6302,1.);
#6302 = DIRECTION('',(0.,1.));
#6303 = ( GEOMETRIC_REPRESENTATION_CONTEXT(2) 
PARAMETRIC_REPRESENTATION_CONTEXT() REPRESENTATION_CONTEXT('2D SPACE',''
  ) );
#6304 = ORIENTED_EDGE('',*,*,#5375,.T.);
#6305 = ORIENTED_EDGE('',*,*,#1731,.F.);
#6306 = ORIENTED_EDGE('',*,*,#5213,.F.);
#6307 = ADVANCED_FACE('',(#6308),#1806,.T.);
#6308 = FACE_BOUND('',#6309,.T.);
#6309 = EDGE_LOOP('',(#6310,#6311,#6312,#6313));
#6310 = ORIENTED_EDGE('',*,*,#1896,.F.);
#6311 = ORIENTED_EDGE('',*,*,#1790,.F.);
#6312 = ORIENTED_EDGE('',*,*,#5297,.T.);
#6313 = ORIENTED_EDGE('',*,*,#6314,.F.);
#6314 = EDGE_CURVE('',#1897,#5298,#6315,.T.);
#6315 = SURFACE_CURVE('',#6316,(#6320,#6327),.PCURVE_S1.);
#6316 = LINE('',#6317,#6318);
#6317 = CARTESIAN_POINT('',(17.6286926874,-16.865,37.869231171942));
#6318 = VECTOR('',#6319,1.);
#6319 = DIRECTION('',(0.642787609687,1.700960357274E-16,0.766044443119)
  );
#6320 = PCURVE('',#1806,#6321);
#6321 = DEFINITIONAL_REPRESENTATION('',(#6322),#6326);
#6322 = LINE('',#6323,#6324);
#6323 = CARTESIAN_POINT('',(15.357373694568,-35.465));
#6324 = VECTOR('',#6325,1.);
#6325 = DIRECTION('',(-1.,0.));
#6326 = ( GEOMETRIC_REPRESENTATION_CONTEXT(2) 
PARAMETRIC_REPRESENTATION_CONTEXT() REPRESENTATION_CONTEXT('2D SPACE',''
  ) );
#6327 = PCURVE('',#6246,#6328);
#6328 = DEFINITIONAL_REPRESENTATION('',(#6329),#6333);
#6329 = LINE('',#6330,#6331);
#6330 = CARTESIAN_POINT('',(-0.,0.));
#6331 = VECTOR('',#6332,1.);
#6332 = DIRECTION('',(-0.,1.));
#6333 = ( GEOMETRIC_REPRESENTATION_CONTEXT(2) 
PARAMETRIC_REPRESENTATION_CONTEXT() REPRESENTATION_CONTEXT('2D SPACE',''
  ) );
#6334 = ADVANCED_FACE('',(#6335),#1959,.T.);
#6335 = FACE_BOUND('',#6336,.F.);
#6336 = EDGE_LOOP('',(#6337,#6359,#6360,#6392));
#6337 = ORIENTED_EDGE('',*,*,#6338,.T.);
#6338 = EDGE_CURVE('',#1923,#6184,#6339,.T.);
#6339 = SURFACE_CURVE('',#6340,(#6345,#6352),.PCURVE_S1.);
#6340 = CIRCLE('',#6341,2.);
#6341 = AXIS2_PLACEMENT_3D('',#6342,#6343,#6344);
#6342 = CARTESIAN_POINT('',(13.994836105315,-16.865,5.796814144996));
#6343 = DIRECTION('',(-5.07964637509E-02,-2.234034378852E-16,
    -0.998709026329));
#6344 = DIRECTION('',(0.998709026329,-1.136277367601E-17,
    -5.07964637509E-02));
#6345 = PCURVE('',#1959,#6346);
#6346 = DEFINITIONAL_REPRESENTATION('',(#6347),#6351);
#6347 = LINE('',#6348,#6349);
#6348 = CARTESIAN_POINT('',(-0.,8.881784197001E-16));
#6349 = VECTOR('',#6350,1.);
#6350 = DIRECTION('',(-1.,0.));
#6351 = ( GEOMETRIC_REPRESENTATION_CONTEXT(2) 
PARAMETRIC_REPRESENTATION_CONTEXT() REPRESENTATION_CONTEXT('2D SPACE',''
  ) );
#6352 = PCURVE('',#2303,#6353);
#6353 = DEFINITIONAL_REPRESENTATION('',(#6354),#6358);
#6354 = LINE('',#6355,#6356);
#6355 = CARTESIAN_POINT('',(1.519977992784,0.));
#6356 = VECTOR('',#6357,1.);
#6357 = DIRECTION('',(0.,1.));
#6358 = ( GEOMETRIC_REPRESENTATION_CONTEXT(2) 
PARAMETRIC_REPRESENTATION_CONTEXT() REPRESENTATION_CONTEXT('2D SPACE',''
  ) );
#6359 = ORIENTED_EDGE('',*,*,#6207,.T.);
#6360 = ORIENTED_EDGE('',*,*,#6361,.F.);
#6361 = EDGE_CURVE('',#1897,#6208,#6362,.T.);
#6362 = SURFACE_CURVE('',#6363,(#6368,#6380),.PCURVE_S1.);
#6363 = ELLIPSE('',#6364,2.109529283251,2.);
#6364 = AXIS2_PLACEMENT_3D('',#6365,#6366,#6367);
#6365 = CARTESIAN_POINT('',(15.665354246775,-16.865,38.640863185569));
#6366 = DIRECTION('',(-0.365783978328,-2.066568650382E-16,
    -0.930699780379));
#6367 = DIRECTION('',(-0.930699780379,8.122035895578E-17,0.365783978328)
  );
#6368 = PCURVE('',#1959,#6369);
#6369 = DEFINITIONAL_REPRESENTATION('',(#6370),#6379);
#6370 = B_SPLINE_CURVE_WITH_KNOTS('',7,(#6371,#6372,#6373,#6374,#6375,
    #6376,#6377,#6378),.UNSPECIFIED.,.F.,.F.,(8,8),(3.14159265359,
    4.712388980385),.PIECEWISE_BEZIER_KNOTS.);
#6371 = CARTESIAN_POINT('',(0.,32.215599445136));
#6372 = CARTESIAN_POINT('',(-0.224399475256,32.215599445136));
#6373 = CARTESIAN_POINT('',(-0.448798950513,32.255014235501));
#6374 = CARTESIAN_POINT('',(-0.673198425769,32.33383809845));
#6375 = CARTESIAN_POINT('',(-0.897597901026,32.447231597496));
#6376 = CARTESIAN_POINT('',(-1.121997376282,32.585403710708));
#6377 = CARTESIAN_POINT('',(-1.346396851538,32.735953875803));
#6378 = CARTESIAN_POINT('',(-1.570796326795,32.88650465222));
#6379 = ( GEOMETRIC_REPRESENTATION_CONTEXT(2) 
PARAMETRIC_REPRESENTATION_CONTEXT() REPRESENTATION_CONTEXT('2D SPACE',''
  ) );
#6380 = PCURVE('',#6246,#6381);
#6381 = DEFINITIONAL_REPRESENTATION('',(#6382),#6391);
#6382 = B_SPLINE_CURVE_WITH_KNOTS('',7,(#6383,#6384,#6385,#6386,#6387,
    #6388,#6389,#6390),.UNSPECIFIED.,.F.,.F.,(8,8),(3.14159265359,
    4.712388980385),.PIECEWISE_BEZIER_KNOTS.);
#6383 = CARTESIAN_POINT('',(1.7763568394E-15,1.42108547152E-14));
#6384 = CARTESIAN_POINT('',(-0.224399475256,1.419241756256E-14));
#6385 = CARTESIAN_POINT('',(-0.448798950513,-3.941479036329E-02));
#6386 = CARTESIAN_POINT('',(-0.673198425769,-0.11823865333));
#6387 = CARTESIAN_POINT('',(-0.897597901026,-0.231632152351));
#6388 = CARTESIAN_POINT('',(-1.121997376282,-0.369804265576));
#6389 = CARTESIAN_POINT('',(-1.346396851538,-0.520354430667));
#6390 = CARTESIAN_POINT('',(-1.570796326795,-0.670905207084));
#6391 = ( GEOMETRIC_REPRESENTATION_CONTEXT(2) 
PARAMETRIC_REPRESENTATION_CONTEXT() REPRESENTATION_CONTEXT('2D SPACE',''
  ) );
#6392 = ORIENTED_EDGE('',*,*,#1945,.F.);
#6393 = ADVANCED_FACE('',(#6394),#2014,.T.);
#6394 = FACE_BOUND('',#6395,.T.);
#6395 = EDGE_LOOP('',(#6396,#6426,#6454,#6482,#6503,#6504,#6505,#6506));
#6396 = ORIENTED_EDGE('',*,*,#6397,.F.);
#6397 = EDGE_CURVE('',#6398,#6400,#6402,.T.);
#6398 = VERTEX_POINT('',#6399);
#6399 = CARTESIAN_POINT('',(23.8,-9.0675,72.4876));
#6400 = VERTEX_POINT('',#6401);
#6401 = CARTESIAN_POINT('',(23.8,-9.0675,62.6676));
#6402 = SURFACE_CURVE('',#6403,(#6407,#6414),.PCURVE_S1.);
#6403 = LINE('',#6404,#6405);
#6404 = CARTESIAN_POINT('',(23.8,-9.0675,72.4876));
#6405 = VECTOR('',#6406,1.);
#6406 = DIRECTION('',(0.,0.,-1.));
#6407 = PCURVE('',#2014,#6408);
#6408 = DEFINITIONAL_REPRESENTATION('',(#6409),#6413);
#6409 = LINE('',#6410,#6411);
#6410 = CARTESIAN_POINT('',(0.,0.));
#6411 = VECTOR('',#6412,1.);
#6412 = DIRECTION('',(1.,0.));
#6413 = ( GEOMETRIC_REPRESENTATION_CONTEXT(2) 
PARAMETRIC_REPRESENTATION_CONTEXT() REPRESENTATION_CONTEXT('2D SPACE',''
  ) );
#6414 = PCURVE('',#6415,#6420);
#6415 = PLANE('',#6416);
#6416 = AXIS2_PLACEMENT_3D('',#6417,#6418,#6419);
#6417 = CARTESIAN_POINT('',(23.8,-11.83375,64.3626));
#6418 = DIRECTION('',(1.,0.,0.));
#6419 = DIRECTION('',(0.,0.,1.));
#6420 = DEFINITIONAL_REPRESENTATION('',(#6421),#6425);
#6421 = LINE('',#6422,#6423);
#6422 = CARTESIAN_POINT('',(8.125,-2.76625));
#6423 = VECTOR('',#6424,1.);
#6424 = DIRECTION('',(-1.,0.));
#6425 = ( GEOMETRIC_REPRESENTATION_CONTEXT(2) 
PARAMETRIC_REPRESENTATION_CONTEXT() REPRESENTATION_CONTEXT('2D SPACE',''
  ) );
#6426 = ORIENTED_EDGE('',*,*,#6427,.T.);
#6427 = EDGE_CURVE('',#6398,#6428,#6430,.T.);
#6428 = VERTEX_POINT('',#6429);
#6429 = CARTESIAN_POINT('',(5.3,-9.0675,72.4876));
#6430 = SURFACE_CURVE('',#6431,(#6435,#6442),.PCURVE_S1.);
#6431 = LINE('',#6432,#6433);
#6432 = CARTESIAN_POINT('',(23.8,-9.0675,72.4876));
#6433 = VECTOR('',#6434,1.);
#6434 = DIRECTION('',(-1.,0.,0.));
#6435 = PCURVE('',#2014,#6436);
#6436 = DEFINITIONAL_REPRESENTATION('',(#6437),#6441);
#6437 = LINE('',#6438,#6439);
#6438 = CARTESIAN_POINT('',(0.,0.));
#6439 = VECTOR('',#6440,1.);
#6440 = DIRECTION('',(0.,-1.));
#6441 = ( GEOMETRIC_REPRESENTATION_CONTEXT(2) 
PARAMETRIC_REPRESENTATION_CONTEXT() REPRESENTATION_CONTEXT('2D SPACE',''
  ) );
#6442 = PCURVE('',#6443,#6448);
#6443 = PLANE('',#6444);
#6444 = AXIS2_PLACEMENT_3D('',#6445,#6446,#6447);
#6445 = CARTESIAN_POINT('',(23.8,-14.6,72.4876));
#6446 = DIRECTION('',(0.,0.,-1.));
#6447 = DIRECTION('',(0.,1.,0.));
#6448 = DEFINITIONAL_REPRESENTATION('',(#6449),#6453);
#6449 = LINE('',#6450,#6451);
#6450 = CARTESIAN_POINT('',(5.5325,0.));
#6451 = VECTOR('',#6452,1.);
#6452 = DIRECTION('',(0.,-1.));
#6453 = ( GEOMETRIC_REPRESENTATION_CONTEXT(2) 
PARAMETRIC_REPRESENTATION_CONTEXT() REPRESENTATION_CONTEXT('2D SPACE',''
  ) );
#6454 = ORIENTED_EDGE('',*,*,#6455,.T.);
#6455 = EDGE_CURVE('',#6428,#6456,#6458,.T.);
#6456 = VERTEX_POINT('',#6457);
#6457 = CARTESIAN_POINT('',(5.3,-9.0675,56.2376));
#6458 = SURFACE_CURVE('',#6459,(#6463,#6470),.PCURVE_S1.);
#6459 = LINE('',#6460,#6461);
#6460 = CARTESIAN_POINT('',(5.3,-9.0675,36.2438));
#6461 = VECTOR('',#6462,1.);
#6462 = DIRECTION('',(0.,0.,-1.));
#6463 = PCURVE('',#2014,#6464);
#6464 = DEFINITIONAL_REPRESENTATION('',(#6465),#6469);
#6465 = LINE('',#6466,#6467);
#6466 = CARTESIAN_POINT('',(36.2438,-18.5));
#6467 = VECTOR('',#6468,1.);
#6468 = DIRECTION('',(1.,0.));
#6469 = ( GEOMETRIC_REPRESENTATION_CONTEXT(2) 
PARAMETRIC_REPRESENTATION_CONTEXT() REPRESENTATION_CONTEXT('2D SPACE',''
  ) );
#6470 = PCURVE('',#6471,#6476);
#6471 = PLANE('',#6472);
#6472 = AXIS2_PLACEMENT_3D('',#6473,#6474,#6475);
#6473 = CARTESIAN_POINT('',(5.3,-6.,0.));
#6474 = DIRECTION('',(1.,0.,0.));
#6475 = DIRECTION('',(0.,-1.,0.));
#6476 = DEFINITIONAL_REPRESENTATION('',(#6477),#6481);
#6477 = LINE('',#6478,#6479);
#6478 = CARTESIAN_POINT('',(3.0675,-36.2438));
#6479 = VECTOR('',#6480,1.);
#6480 = DIRECTION('',(0.,1.));
#6481 = ( GEOMETRIC_REPRESENTATION_CONTEXT(2) 
PARAMETRIC_REPRESENTATION_CONTEXT() REPRESENTATION_CONTEXT('2D SPACE',''
  ) );
#6482 = ORIENTED_EDGE('',*,*,#6483,.F.);
#6483 = EDGE_CURVE('',#1999,#6456,#6484,.T.);
#6484 = SURFACE_CURVE('',#6485,(#6489,#6496),.PCURVE_S1.);
#6485 = LINE('',#6486,#6487);
#6486 = CARTESIAN_POINT('',(23.8,-9.0675,56.2376));
#6487 = VECTOR('',#6488,1.);
#6488 = DIRECTION('',(-1.,0.,0.));
#6489 = PCURVE('',#2014,#6490);
#6490 = DEFINITIONAL_REPRESENTATION('',(#6491),#6495);
#6491 = LINE('',#6492,#6493);
#6492 = CARTESIAN_POINT('',(16.25,0.));
#6493 = VECTOR('',#6494,1.);
#6494 = DIRECTION('',(0.,-1.));
#6495 = ( GEOMETRIC_REPRESENTATION_CONTEXT(2) 
PARAMETRIC_REPRESENTATION_CONTEXT() REPRESENTATION_CONTEXT('2D SPACE',''
  ) );
#6496 = PCURVE('',#2042,#6497);
#6497 = DEFINITIONAL_REPRESENTATION('',(#6498),#6502);
#6498 = LINE('',#6499,#6500);
#6499 = CARTESIAN_POINT('',(0.,0.));
#6500 = VECTOR('',#6501,1.);
#6501 = DIRECTION('',(0.,-1.));
#6502 = ( GEOMETRIC_REPRESENTATION_CONTEXT(2) 
PARAMETRIC_REPRESENTATION_CONTEXT() REPRESENTATION_CONTEXT('2D SPACE',''
  ) );
#6503 = ORIENTED_EDGE('',*,*,#1998,.T.);
#6504 = ORIENTED_EDGE('',*,*,#2160,.T.);
#6505 = ORIENTED_EDGE('',*,*,#2372,.T.);
#6506 = ORIENTED_EDGE('',*,*,#6507,.T.);
#6507 = EDGE_CURVE('',#2321,#6400,#6508,.T.);
#6508 = SURFACE_CURVE('',#6509,(#6513,#6520),.PCURVE_S1.);
#6509 = LINE('',#6510,#6511);
#6510 = CARTESIAN_POINT('',(23.735,-9.0675,62.6676));
#6511 = VECTOR('',#6512,1.);
#6512 = DIRECTION('',(1.,0.,0.));
#6513 = PCURVE('',#2014,#6514);
#6514 = DEFINITIONAL_REPRESENTATION('',(#6515),#6519);
#6515 = LINE('',#6516,#6517);
#6516 = CARTESIAN_POINT('',(9.82,-6.5E-02));
#6517 = VECTOR('',#6518,1.);
#6518 = DIRECTION('',(0.,1.));
#6519 = ( GEOMETRIC_REPRESENTATION_CONTEXT(2) 
PARAMETRIC_REPRESENTATION_CONTEXT() REPRESENTATION_CONTEXT('2D SPACE',''
  ) );
#6520 = PCURVE('',#2336,#6521);
#6521 = DEFINITIONAL_REPRESENTATION('',(#6522),#6526);
#6522 = LINE('',#6523,#6524);
#6523 = CARTESIAN_POINT('',(6.5E-02,-27.6675));
#6524 = VECTOR('',#6525,1.);
#6525 = DIRECTION('',(1.,0.));
#6526 = ( GEOMETRIC_REPRESENTATION_CONTEXT(2) 
PARAMETRIC_REPRESENTATION_CONTEXT() REPRESENTATION_CONTEXT('2D SPACE',''
  ) );
#6527 = ADVANCED_FACE('',(#6528),#2042,.T.);
#6528 = FACE_BOUND('',#6529,.T.);
#6529 = EDGE_LOOP('',(#6530,#6531,#6532,#6555,#6588));
#6530 = ORIENTED_EDGE('',*,*,#2026,.T.);
#6531 = ORIENTED_EDGE('',*,*,#6483,.T.);
#6532 = ORIENTED_EDGE('',*,*,#6533,.T.);
#6533 = EDGE_CURVE('',#6456,#6534,#6536,.T.);
#6534 = VERTEX_POINT('',#6535);
#6535 = CARTESIAN_POINT('',(5.3,-12.6,56.2376));
#6536 = SURFACE_CURVE('',#6537,(#6541,#6548),.PCURVE_S1.);
#6537 = LINE('',#6538,#6539);
#6538 = CARTESIAN_POINT('',(5.3,-7.53375,56.2376));
#6539 = VECTOR('',#6540,1.);
#6540 = DIRECTION('',(0.,-1.,0.));
#6541 = PCURVE('',#2042,#6542);
#6542 = DEFINITIONAL_REPRESENTATION('',(#6543),#6547);
#6543 = LINE('',#6544,#6545);
#6544 = CARTESIAN_POINT('',(-1.53375,-18.5));
#6545 = VECTOR('',#6546,1.);
#6546 = DIRECTION('',(1.,0.));
#6547 = ( GEOMETRIC_REPRESENTATION_CONTEXT(2) 
PARAMETRIC_REPRESENTATION_CONTEXT() REPRESENTATION_CONTEXT('2D SPACE',''
  ) );
#6548 = PCURVE('',#6471,#6549);
#6549 = DEFINITIONAL_REPRESENTATION('',(#6550),#6554);
#6550 = LINE('',#6551,#6552);
#6551 = CARTESIAN_POINT('',(1.53375,-56.2376));
#6552 = VECTOR('',#6553,1.);
#6553 = DIRECTION('',(1.,0.));
#6554 = ( GEOMETRIC_REPRESENTATION_CONTEXT(2) 
PARAMETRIC_REPRESENTATION_CONTEXT() REPRESENTATION_CONTEXT('2D SPACE',''
  ) );
#6555 = ORIENTED_EDGE('',*,*,#6556,.T.);
#6556 = EDGE_CURVE('',#6534,#6557,#6559,.T.);
#6557 = VERTEX_POINT('',#6558);
#6558 = CARTESIAN_POINT('',(3.3,-14.6,56.2376));
#6559 = SURFACE_CURVE('',#6560,(#6565,#6576),.PCURVE_S1.);
#6560 = CIRCLE('',#6561,2.);
#6561 = AXIS2_PLACEMENT_3D('',#6562,#6563,#6564);
#6562 = CARTESIAN_POINT('',(3.3,-12.6,56.2376));
#6563 = DIRECTION('',(0.,0.,-1.));
#6564 = DIRECTION('',(1.,0.,0.));
#6565 = PCURVE('',#2042,#6566);
#6566 = DEFINITIONAL_REPRESENTATION('',(#6567),#6575);
#6567 = ( BOUNDED_CURVE() B_SPLINE_CURVE(2,(#6568,#6569,#6570,#6571,
#6572,#6573,#6574),.UNSPECIFIED.,.T.,.F.) B_SPLINE_CURVE_WITH_KNOTS((1,2
    ,2,2,2,1),(-2.094395102393,0.,2.094395102393,4.188790204786,
6.28318530718,8.377580409573),.UNSPECIFIED.) CURVE() 
GEOMETRIC_REPRESENTATION_ITEM() RATIONAL_B_SPLINE_CURVE((1.,0.5,1.,0.5,
1.,0.5,1.)) REPRESENTATION_ITEM('') );
#6568 = CARTESIAN_POINT('',(3.5325,-18.5));
#6569 = CARTESIAN_POINT('',(6.996601615138,-18.5));
#6570 = CARTESIAN_POINT('',(5.264550807569,-21.5));
#6571 = CARTESIAN_POINT('',(3.5325,-24.5));
#6572 = CARTESIAN_POINT('',(1.800449192431,-21.5));
#6573 = CARTESIAN_POINT('',(6.839838486224E-02,-18.5));
#6574 = CARTESIAN_POINT('',(3.5325,-18.5));
#6575 = ( GEOMETRIC_REPRESENTATION_CONTEXT(2) 
PARAMETRIC_REPRESENTATION_CONTEXT() REPRESENTATION_CONTEXT('2D SPACE',''
  ) );
#6576 = PCURVE('',#6577,#6582);
#6577 = CYLINDRICAL_SURFACE('',#6578,2.);
#6578 = AXIS2_PLACEMENT_3D('',#6579,#6580,#6581);
#6579 = CARTESIAN_POINT('',(3.3,-12.6,0.));
#6580 = DIRECTION('',(0.,0.,-1.));
#6581 = DIRECTION('',(1.,0.,0.));
#6582 = DEFINITIONAL_REPRESENTATION('',(#6583),#6587);
#6583 = LINE('',#6584,#6585);
#6584 = CARTESIAN_POINT('',(-6.28318530718,-56.2376));
#6585 = VECTOR('',#6586,1.);
#6586 = DIRECTION('',(1.,-0.));
#6587 = ( GEOMETRIC_REPRESENTATION_CONTEXT(2) 
PARAMETRIC_REPRESENTATION_CONTEXT() REPRESENTATION_CONTEXT('2D SPACE',''
  ) );
#6588 = ORIENTED_EDGE('',*,*,#6589,.F.);
#6589 = EDGE_CURVE('',#2027,#6557,#6590,.T.);
#6590 = SURFACE_CURVE('',#6591,(#6595,#6602),.PCURVE_S1.);
#6591 = LINE('',#6592,#6593);
#6592 = CARTESIAN_POINT('',(23.8,-14.6,56.2376));
#6593 = VECTOR('',#6594,1.);
#6594 = DIRECTION('',(-1.,0.,0.));
#6595 = PCURVE('',#2042,#6596);
#6596 = DEFINITIONAL_REPRESENTATION('',(#6597),#6601);
#6597 = LINE('',#6598,#6599);
#6598 = CARTESIAN_POINT('',(5.5325,0.));
#6599 = VECTOR('',#6600,1.);
#6600 = DIRECTION('',(0.,-1.));
#6601 = ( GEOMETRIC_REPRESENTATION_CONTEXT(2) 
PARAMETRIC_REPRESENTATION_CONTEXT() REPRESENTATION_CONTEXT('2D SPACE',''
  ) );
#6602 = PCURVE('',#2070,#6603);
#6603 = DEFINITIONAL_REPRESENTATION('',(#6604),#6608);
#6604 = LINE('',#6605,#6606);
#6605 = CARTESIAN_POINT('',(2.143659467709,-23.8));
#6606 = VECTOR('',#6607,1.);
#6607 = DIRECTION('',(-0.,1.));
#6608 = ( GEOMETRIC_REPRESENTATION_CONTEXT(2) 
PARAMETRIC_REPRESENTATION_CONTEXT() REPRESENTATION_CONTEXT('2D SPACE',''
  ) );
#6609 = ADVANCED_FACE('',(#6610),#2070,.T.);
#6610 = FACE_BOUND('',#6611,.T.);
#6611 = EDGE_LOOP('',(#6612,#6637,#6665,#6686,#6687,#6710,#6733,#6756,
    #6784,#6812,#6840,#6868,#6896,#6919,#6942,#6965,#6988,#7009,#7010,
    #7011));
#6612 = ORIENTED_EDGE('',*,*,#6613,.T.);
#6613 = EDGE_CURVE('',#6614,#6616,#6618,.T.);
#6614 = VERTEX_POINT('',#6615);
#6615 = CARTESIAN_POINT('',(3.3,-14.6,0.));
#6616 = VERTEX_POINT('',#6617);
#6617 = CARTESIAN_POINT('',(-3.3,-14.6,0.));
#6618 = SURFACE_CURVE('',#6619,(#6623,#6630),.PCURVE_S1.);
#6619 = LINE('',#6620,#6621);
#6620 = CARTESIAN_POINT('',(3.3,-14.6,0.));
#6621 = VECTOR('',#6622,1.);
#6622 = DIRECTION('',(-1.,0.,0.));
#6623 = PCURVE('',#2070,#6624);
#6624 = DEFINITIONAL_REPRESENTATION('',(#6625),#6629);
#6625 = LINE('',#6626,#6627);
#6626 = CARTESIAN_POINT('',(58.381259467709,-3.3));
#6627 = VECTOR('',#6628,1.);
#6628 = DIRECTION('',(-0.,1.));
#6629 = ( GEOMETRIC_REPRESENTATION_CONTEXT(2) 
PARAMETRIC_REPRESENTATION_CONTEXT() REPRESENTATION_CONTEXT('2D SPACE',''
  ) );
#6630 = PCURVE('',#2276,#6631);
#6631 = DEFINITIONAL_REPRESENTATION('',(#6632),#6636);
#6632 = LINE('',#6633,#6634);
#6633 = CARTESIAN_POINT('',(-20.59978803991,3.3));
#6634 = VECTOR('',#6635,1.);
#6635 = DIRECTION('',(0.,-1.));
#6636 = ( GEOMETRIC_REPRESENTATION_CONTEXT(2) 
PARAMETRIC_REPRESENTATION_CONTEXT() REPRESENTATION_CONTEXT('2D SPACE',''
  ) );
#6637 = ORIENTED_EDGE('',*,*,#6638,.T.);
#6638 = EDGE_CURVE('',#6616,#6639,#6641,.T.);
#6639 = VERTEX_POINT('',#6640);
#6640 = CARTESIAN_POINT('',(-3.3,-14.6,56.2376));
#6641 = SURFACE_CURVE('',#6642,(#6646,#6653),.PCURVE_S1.);
#6642 = LINE('',#6643,#6644);
#6643 = CARTESIAN_POINT('',(-3.3,-14.6,0.));
#6644 = VECTOR('',#6645,1.);
#6645 = DIRECTION('',(0.,0.,1.));
#6646 = PCURVE('',#2070,#6647);
#6647 = DEFINITIONAL_REPRESENTATION('',(#6648),#6652);
#6648 = LINE('',#6649,#6650);
#6649 = CARTESIAN_POINT('',(58.381259467709,3.3));
#6650 = VECTOR('',#6651,1.);
#6651 = DIRECTION('',(-1.,0.));
#6652 = ( GEOMETRIC_REPRESENTATION_CONTEXT(2) 
PARAMETRIC_REPRESENTATION_CONTEXT() REPRESENTATION_CONTEXT('2D SPACE',''
  ) );
#6653 = PCURVE('',#6654,#6659);
#6654 = CYLINDRICAL_SURFACE('',#6655,2.);
#6655 = AXIS2_PLACEMENT_3D('',#6656,#6657,#6658);
#6656 = CARTESIAN_POINT('',(-3.3,-12.6,0.));
#6657 = DIRECTION('',(0.,0.,-1.));
#6658 = DIRECTION('',(1.,0.,0.));
#6659 = DEFINITIONAL_REPRESENTATION('',(#6660),#6664);
#6660 = LINE('',#6661,#6662);
#6661 = CARTESIAN_POINT('',(-4.712388980385,0.));
#6662 = VECTOR('',#6663,1.);
#6663 = DIRECTION('',(-0.,-1.));
#6664 = ( GEOMETRIC_REPRESENTATION_CONTEXT(2) 
PARAMETRIC_REPRESENTATION_CONTEXT() REPRESENTATION_CONTEXT('2D SPACE',''
  ) );
#6665 = ORIENTED_EDGE('',*,*,#6666,.T.);
#6666 = EDGE_CURVE('',#6639,#4867,#6667,.T.);
#6667 = SURFACE_CURVE('',#6668,(#6672,#6679),.PCURVE_S1.);
#6668 = LINE('',#6669,#6670);
#6669 = CARTESIAN_POINT('',(23.8,-14.6,56.2376));
#6670 = VECTOR('',#6671,1.);
#6671 = DIRECTION('',(-1.,0.,0.));
#6672 = PCURVE('',#2070,#6673);
#6673 = DEFINITIONAL_REPRESENTATION('',(#6674),#6678);
#6674 = LINE('',#6675,#6676);
#6675 = CARTESIAN_POINT('',(2.143659467709,-23.8));
#6676 = VECTOR('',#6677,1.);
#6677 = DIRECTION('',(-0.,1.));
#6678 = ( GEOMETRIC_REPRESENTATION_CONTEXT(2) 
PARAMETRIC_REPRESENTATION_CONTEXT() REPRESENTATION_CONTEXT('2D SPACE',''
  ) );
#6679 = PCURVE('',#4905,#6680);
#6680 = DEFINITIONAL_REPRESENTATION('',(#6681),#6685);
#6681 = LINE('',#6682,#6683);
#6682 = CARTESIAN_POINT('',(5.5325,0.));
#6683 = VECTOR('',#6684,1.);
#6684 = DIRECTION('',(0.,-1.));
#6685 = ( GEOMETRIC_REPRESENTATION_CONTEXT(2) 
PARAMETRIC_REPRESENTATION_CONTEXT() REPRESENTATION_CONTEXT('2D SPACE',''
  ) );
#6686 = ORIENTED_EDGE('',*,*,#4866,.T.);
#6687 = ORIENTED_EDGE('',*,*,#6688,.T.);
#6688 = EDGE_CURVE('',#4839,#6689,#6691,.T.);
#6689 = VERTEX_POINT('',#6690);
#6690 = CARTESIAN_POINT('',(-23.67,-14.6,65.8876));
#6691 = SURFACE_CURVE('',#6692,(#6696,#6703),.PCURVE_S1.);
#6692 = LINE('',#6693,#6694);
#6693 = CARTESIAN_POINT('',(23.8,-14.6,65.8876));
#6694 = VECTOR('',#6695,1.);
#6695 = DIRECTION('',(-1.,0.,0.));
#6696 = PCURVE('',#2070,#6697);
#6697 = DEFINITIONAL_REPRESENTATION('',(#6698),#6702);
#6698 = LINE('',#6699,#6700);
#6699 = CARTESIAN_POINT('',(-7.506340532291,-23.8));
#6700 = VECTOR('',#6701,1.);
#6701 = DIRECTION('',(-0.,1.));
#6702 = ( GEOMETRIC_REPRESENTATION_CONTEXT(2) 
PARAMETRIC_REPRESENTATION_CONTEXT() REPRESENTATION_CONTEXT('2D SPACE',''
  ) );
#6703 = PCURVE('',#4854,#6704);
#6704 = DEFINITIONAL_REPRESENTATION('',(#6705),#6709);
#6705 = LINE('',#6706,#6707);
#6706 = CARTESIAN_POINT('',(42.3,-33.2));
#6707 = VECTOR('',#6708,1.);
#6708 = DIRECTION('',(-1.,0.));
#6709 = ( GEOMETRIC_REPRESENTATION_CONTEXT(2) 
PARAMETRIC_REPRESENTATION_CONTEXT() REPRESENTATION_CONTEXT('2D SPACE',''
  ) );
#6710 = ORIENTED_EDGE('',*,*,#6711,.F.);
#6711 = EDGE_CURVE('',#6712,#6689,#6714,.T.);
#6712 = VERTEX_POINT('',#6713);
#6713 = CARTESIAN_POINT('',(-23.67,-14.6,62.6676));
#6714 = SURFACE_CURVE('',#6715,(#6719,#6726),.PCURVE_S1.);
#6715 = LINE('',#6716,#6717);
#6716 = CARTESIAN_POINT('',(-23.67,-14.6,61.0626));
#6717 = VECTOR('',#6718,1.);
#6718 = DIRECTION('',(0.,0.,1.));
#6719 = PCURVE('',#2070,#6720);
#6720 = DEFINITIONAL_REPRESENTATION('',(#6721),#6725);
#6721 = LINE('',#6722,#6723);
#6722 = CARTESIAN_POINT('',(-2.681340532291,23.67));
#6723 = VECTOR('',#6724,1.);
#6724 = DIRECTION('',(-1.,0.));
#6725 = ( GEOMETRIC_REPRESENTATION_CONTEXT(2) 
PARAMETRIC_REPRESENTATION_CONTEXT() REPRESENTATION_CONTEXT('2D SPACE',''
  ) );
#6726 = PCURVE('',#5960,#6727);
#6727 = DEFINITIONAL_REPRESENTATION('',(#6728),#6732);
#6728 = LINE('',#6729,#6730);
#6729 = CARTESIAN_POINT('',(-4.825,-33.2));
#6730 = VECTOR('',#6731,1.);
#6731 = DIRECTION('',(1.,-2.22044604925E-16));
#6732 = ( GEOMETRIC_REPRESENTATION_CONTEXT(2) 
PARAMETRIC_REPRESENTATION_CONTEXT() REPRESENTATION_CONTEXT('2D SPACE',''
  ) );
#6733 = ORIENTED_EDGE('',*,*,#6734,.F.);
#6734 = EDGE_CURVE('',#6735,#6712,#6737,.T.);
#6735 = VERTEX_POINT('',#6736);
#6736 = CARTESIAN_POINT('',(-23.8,-14.6,62.6676));
#6737 = SURFACE_CURVE('',#6738,(#6742,#6749),.PCURVE_S1.);
#6738 = LINE('',#6739,#6740);
#6739 = CARTESIAN_POINT('',(6.5E-02,-14.6,62.6676));
#6740 = VECTOR('',#6741,1.);
#6741 = DIRECTION('',(1.,0.,0.));
#6742 = PCURVE('',#2070,#6743);
#6743 = DEFINITIONAL_REPRESENTATION('',(#6744),#6748);
#6744 = LINE('',#6745,#6746);
#6745 = CARTESIAN_POINT('',(-4.286340532291,-6.5E-02));
#6746 = VECTOR('',#6747,1.);
#6747 = DIRECTION('',(0.,-1.));
#6748 = ( GEOMETRIC_REPRESENTATION_CONTEXT(2) 
PARAMETRIC_REPRESENTATION_CONTEXT() REPRESENTATION_CONTEXT('2D SPACE',''
  ) );
#6749 = PCURVE('',#4330,#6750);
#6750 = DEFINITIONAL_REPRESENTATION('',(#6751),#6755);
#6751 = LINE('',#6752,#6753);
#6752 = CARTESIAN_POINT('',(23.735,-33.2));
#6753 = VECTOR('',#6754,1.);
#6754 = DIRECTION('',(1.,-0.));
#6755 = ( GEOMETRIC_REPRESENTATION_CONTEXT(2) 
PARAMETRIC_REPRESENTATION_CONTEXT() REPRESENTATION_CONTEXT('2D SPACE',''
  ) );
#6756 = ORIENTED_EDGE('',*,*,#6757,.F.);
#6757 = EDGE_CURVE('',#6758,#6735,#6760,.T.);
#6758 = VERTEX_POINT('',#6759);
#6759 = CARTESIAN_POINT('',(-23.8,-14.6,72.4876));
#6760 = SURFACE_CURVE('',#6761,(#6765,#6772),.PCURVE_S1.);
#6761 = LINE('',#6762,#6763);
#6762 = CARTESIAN_POINT('',(-23.8,-14.6,72.4876));
#6763 = VECTOR('',#6764,1.);
#6764 = DIRECTION('',(0.,0.,-1.));
#6765 = PCURVE('',#2070,#6766);
#6766 = DEFINITIONAL_REPRESENTATION('',(#6767),#6771);
#6767 = LINE('',#6768,#6769);
#6768 = CARTESIAN_POINT('',(-14.10634053229,23.8));
#6769 = VECTOR('',#6770,1.);
#6770 = DIRECTION('',(1.,0.));
#6771 = ( GEOMETRIC_REPRESENTATION_CONTEXT(2) 
PARAMETRIC_REPRESENTATION_CONTEXT() REPRESENTATION_CONTEXT('2D SPACE',''
  ) );
#6772 = PCURVE('',#6773,#6778);
#6773 = PLANE('',#6774);
#6774 = AXIS2_PLACEMENT_3D('',#6775,#6776,#6777);
#6775 = CARTESIAN_POINT('',(-23.8,-11.83375,64.3626));
#6776 = DIRECTION('',(1.,0.,0.));
#6777 = DIRECTION('',(0.,0.,1.));
#6778 = DEFINITIONAL_REPRESENTATION('',(#6779),#6783);
#6779 = LINE('',#6780,#6781);
#6780 = CARTESIAN_POINT('',(8.125,2.76625));
#6781 = VECTOR('',#6782,1.);
#6782 = DIRECTION('',(-1.,0.));
#6783 = ( GEOMETRIC_REPRESENTATION_CONTEXT(2) 
PARAMETRIC_REPRESENTATION_CONTEXT() REPRESENTATION_CONTEXT('2D SPACE',''
  ) );
#6784 = ORIENTED_EDGE('',*,*,#6785,.F.);
#6785 = EDGE_CURVE('',#6786,#6758,#6788,.T.);
#6786 = VERTEX_POINT('',#6787);
#6787 = CARTESIAN_POINT('',(-3.3,-14.6,72.4876));
#6788 = SURFACE_CURVE('',#6789,(#6793,#6800),.PCURVE_S1.);
#6789 = LINE('',#6790,#6791);
#6790 = CARTESIAN_POINT('',(23.8,-14.6,72.4876));
#6791 = VECTOR('',#6792,1.);
#6792 = DIRECTION('',(-1.,0.,0.));
#6793 = PCURVE('',#2070,#6794);
#6794 = DEFINITIONAL_REPRESENTATION('',(#6795),#6799);
#6795 = LINE('',#6796,#6797);
#6796 = CARTESIAN_POINT('',(-14.10634053229,-23.8));
#6797 = VECTOR('',#6798,1.);
#6798 = DIRECTION('',(-0.,1.));
#6799 = ( GEOMETRIC_REPRESENTATION_CONTEXT(2) 
PARAMETRIC_REPRESENTATION_CONTEXT() REPRESENTATION_CONTEXT('2D SPACE',''
  ) );
#6800 = PCURVE('',#6801,#6806);
#6801 = PLANE('',#6802);
#6802 = AXIS2_PLACEMENT_3D('',#6803,#6804,#6805);
#6803 = CARTESIAN_POINT('',(23.8,-14.6,72.4876));
#6804 = DIRECTION('',(0.,0.,-1.));
#6805 = DIRECTION('',(0.,1.,0.));
#6806 = DEFINITIONAL_REPRESENTATION('',(#6807),#6811);
#6807 = LINE('',#6808,#6809);
#6808 = CARTESIAN_POINT('',(0.,0.));
#6809 = VECTOR('',#6810,1.);
#6810 = DIRECTION('',(0.,-1.));
#6811 = ( GEOMETRIC_REPRESENTATION_CONTEXT(2) 
PARAMETRIC_REPRESENTATION_CONTEXT() REPRESENTATION_CONTEXT('2D SPACE',''
  ) );
#6812 = ORIENTED_EDGE('',*,*,#6813,.T.);
#6813 = EDGE_CURVE('',#6786,#6814,#6816,.T.);
#6814 = VERTEX_POINT('',#6815);
#6815 = CARTESIAN_POINT('',(-3.3,-14.6,111.0876));
#6816 = SURFACE_CURVE('',#6817,(#6821,#6828),.PCURVE_S1.);
#6817 = LINE('',#6818,#6819);
#6818 = CARTESIAN_POINT('',(-3.3,-14.6,0.));
#6819 = VECTOR('',#6820,1.);
#6820 = DIRECTION('',(0.,0.,1.));
#6821 = PCURVE('',#2070,#6822);
#6822 = DEFINITIONAL_REPRESENTATION('',(#6823),#6827);
#6823 = LINE('',#6824,#6825);
#6824 = CARTESIAN_POINT('',(58.381259467709,3.3));
#6825 = VECTOR('',#6826,1.);
#6826 = DIRECTION('',(-1.,0.));
#6827 = ( GEOMETRIC_REPRESENTATION_CONTEXT(2) 
PARAMETRIC_REPRESENTATION_CONTEXT() REPRESENTATION_CONTEXT('2D SPACE',''
  ) );
#6828 = PCURVE('',#6829,#6834);
#6829 = CYLINDRICAL_SURFACE('',#6830,2.);
#6830 = AXIS2_PLACEMENT_3D('',#6831,#6832,#6833);
#6831 = CARTESIAN_POINT('',(-3.3,-12.6,0.));
#6832 = DIRECTION('',(0.,0.,-1.));
#6833 = DIRECTION('',(1.,0.,0.));
#6834 = DEFINITIONAL_REPRESENTATION('',(#6835),#6839);
#6835 = LINE('',#6836,#6837);
#6836 = CARTESIAN_POINT('',(-4.712388980385,0.));
#6837 = VECTOR('',#6838,1.);
#6838 = DIRECTION('',(-0.,-1.));
#6839 = ( GEOMETRIC_REPRESENTATION_CONTEXT(2) 
PARAMETRIC_REPRESENTATION_CONTEXT() REPRESENTATION_CONTEXT('2D SPACE',''
  ) );
#6840 = ORIENTED_EDGE('',*,*,#6841,.F.);
#6841 = EDGE_CURVE('',#6842,#6814,#6844,.T.);
#6842 = VERTEX_POINT('',#6843);
#6843 = CARTESIAN_POINT('',(3.3,-14.6,111.0876));
#6844 = SURFACE_CURVE('',#6845,(#6849,#6856),.PCURVE_S1.);
#6845 = LINE('',#6846,#6847);
#6846 = CARTESIAN_POINT('',(3.3,-14.6,111.0876));
#6847 = VECTOR('',#6848,1.);
#6848 = DIRECTION('',(-1.,0.,0.));
#6849 = PCURVE('',#2070,#6850);
#6850 = DEFINITIONAL_REPRESENTATION('',(#6851),#6855);
#6851 = LINE('',#6852,#6853);
#6852 = CARTESIAN_POINT('',(-52.70634053229,-3.3));
#6853 = VECTOR('',#6854,1.);
#6854 = DIRECTION('',(-0.,1.));
#6855 = ( GEOMETRIC_REPRESENTATION_CONTEXT(2) 
PARAMETRIC_REPRESENTATION_CONTEXT() REPRESENTATION_CONTEXT('2D SPACE',''
  ) );
#6856 = PCURVE('',#6857,#6862);
#6857 = PLANE('',#6858);
#6858 = AXIS2_PLACEMENT_3D('',#6859,#6860,#6861);
#6859 = CARTESIAN_POINT('',(-7.778332921688E-16,-9.3,111.0876));
#6860 = DIRECTION('',(0.,0.,1.));
#6861 = DIRECTION('',(1.,0.,0.));
#6862 = DEFINITIONAL_REPRESENTATION('',(#6863),#6867);
#6863 = LINE('',#6864,#6865);
#6864 = CARTESIAN_POINT('',(3.3,-5.3));
#6865 = VECTOR('',#6866,1.);
#6866 = DIRECTION('',(-1.,0.));
#6867 = ( GEOMETRIC_REPRESENTATION_CONTEXT(2) 
PARAMETRIC_REPRESENTATION_CONTEXT() REPRESENTATION_CONTEXT('2D SPACE',''
  ) );
#6868 = ORIENTED_EDGE('',*,*,#6869,.F.);
#6869 = EDGE_CURVE('',#6870,#6842,#6872,.T.);
#6870 = VERTEX_POINT('',#6871);
#6871 = CARTESIAN_POINT('',(3.3,-14.6,72.4876));
#6872 = SURFACE_CURVE('',#6873,(#6877,#6884),.PCURVE_S1.);
#6873 = LINE('',#6874,#6875);
#6874 = CARTESIAN_POINT('',(3.3,-14.6,0.));
#6875 = VECTOR('',#6876,1.);
#6876 = DIRECTION('',(0.,0.,1.));
#6877 = PCURVE('',#2070,#6878);
#6878 = DEFINITIONAL_REPRESENTATION('',(#6879),#6883);
#6879 = LINE('',#6880,#6881);
#6880 = CARTESIAN_POINT('',(58.381259467709,-3.3));
#6881 = VECTOR('',#6882,1.);
#6882 = DIRECTION('',(-1.,0.));
#6883 = ( GEOMETRIC_REPRESENTATION_CONTEXT(2) 
PARAMETRIC_REPRESENTATION_CONTEXT() REPRESENTATION_CONTEXT('2D SPACE',''
  ) );
#6884 = PCURVE('',#6885,#6890);
#6885 = CYLINDRICAL_SURFACE('',#6886,2.);
#6886 = AXIS2_PLACEMENT_3D('',#6887,#6888,#6889);
#6887 = CARTESIAN_POINT('',(3.3,-12.6,0.));
#6888 = DIRECTION('',(0.,0.,-1.));
#6889 = DIRECTION('',(1.,0.,0.));
#6890 = DEFINITIONAL_REPRESENTATION('',(#6891),#6895);
#6891 = LINE('',#6892,#6893);
#6892 = CARTESIAN_POINT('',(-4.712388980385,0.));
#6893 = VECTOR('',#6894,1.);
#6894 = DIRECTION('',(-0.,-1.));
#6895 = ( GEOMETRIC_REPRESENTATION_CONTEXT(2) 
PARAMETRIC_REPRESENTATION_CONTEXT() REPRESENTATION_CONTEXT('2D SPACE',''
  ) );
#6896 = ORIENTED_EDGE('',*,*,#6897,.F.);
#6897 = EDGE_CURVE('',#6898,#6870,#6900,.T.);
#6898 = VERTEX_POINT('',#6899);
#6899 = CARTESIAN_POINT('',(23.8,-14.6,72.4876));
#6900 = SURFACE_CURVE('',#6901,(#6905,#6912),.PCURVE_S1.);
#6901 = LINE('',#6902,#6903);
#6902 = CARTESIAN_POINT('',(23.8,-14.6,72.4876));
#6903 = VECTOR('',#6904,1.);
#6904 = DIRECTION('',(-1.,0.,0.));
#6905 = PCURVE('',#2070,#6906);
#6906 = DEFINITIONAL_REPRESENTATION('',(#6907),#6911);
#6907 = LINE('',#6908,#6909);
#6908 = CARTESIAN_POINT('',(-14.10634053229,-23.8));
#6909 = VECTOR('',#6910,1.);
#6910 = DIRECTION('',(-0.,1.));
#6911 = ( GEOMETRIC_REPRESENTATION_CONTEXT(2) 
PARAMETRIC_REPRESENTATION_CONTEXT() REPRESENTATION_CONTEXT('2D SPACE',''
  ) );
#6912 = PCURVE('',#6443,#6913);
#6913 = DEFINITIONAL_REPRESENTATION('',(#6914),#6918);
#6914 = LINE('',#6915,#6916);
#6915 = CARTESIAN_POINT('',(0.,0.));
#6916 = VECTOR('',#6917,1.);
#6917 = DIRECTION('',(0.,-1.));
#6918 = ( GEOMETRIC_REPRESENTATION_CONTEXT(2) 
PARAMETRIC_REPRESENTATION_CONTEXT() REPRESENTATION_CONTEXT('2D SPACE',''
  ) );
#6919 = ORIENTED_EDGE('',*,*,#6920,.F.);
#6920 = EDGE_CURVE('',#6921,#6898,#6923,.T.);
#6921 = VERTEX_POINT('',#6922);
#6922 = CARTESIAN_POINT('',(23.8,-14.6,62.6676));
#6923 = SURFACE_CURVE('',#6924,(#6928,#6935),.PCURVE_S1.);
#6924 = LINE('',#6925,#6926);
#6925 = CARTESIAN_POINT('',(23.8,-14.6,56.2376));
#6926 = VECTOR('',#6927,1.);
#6927 = DIRECTION('',(0.,0.,1.));
#6928 = PCURVE('',#2070,#6929);
#6929 = DEFINITIONAL_REPRESENTATION('',(#6930),#6934);
#6930 = LINE('',#6931,#6932);
#6931 = CARTESIAN_POINT('',(2.143659467709,-23.8));
#6932 = VECTOR('',#6933,1.);
#6933 = DIRECTION('',(-1.,0.));
#6934 = ( GEOMETRIC_REPRESENTATION_CONTEXT(2) 
PARAMETRIC_REPRESENTATION_CONTEXT() REPRESENTATION_CONTEXT('2D SPACE',''
  ) );
#6935 = PCURVE('',#6415,#6936);
#6936 = DEFINITIONAL_REPRESENTATION('',(#6937),#6941);
#6937 = LINE('',#6938,#6939);
#6938 = CARTESIAN_POINT('',(-8.125,2.76625));
#6939 = VECTOR('',#6940,1.);
#6940 = DIRECTION('',(1.,0.));
#6941 = ( GEOMETRIC_REPRESENTATION_CONTEXT(2) 
PARAMETRIC_REPRESENTATION_CONTEXT() REPRESENTATION_CONTEXT('2D SPACE',''
  ) );
#6942 = ORIENTED_EDGE('',*,*,#6943,.T.);
#6943 = EDGE_CURVE('',#6921,#6944,#6946,.T.);
#6944 = VERTEX_POINT('',#6945);
#6945 = CARTESIAN_POINT('',(23.67,-14.6,62.6676));
#6946 = SURFACE_CURVE('',#6947,(#6951,#6958),.PCURVE_S1.);
#6947 = LINE('',#6948,#6949);
#6948 = CARTESIAN_POINT('',(23.735,-14.6,62.6676));
#6949 = VECTOR('',#6950,1.);
#6950 = DIRECTION('',(-1.,0.,0.));
#6951 = PCURVE('',#2070,#6952);
#6952 = DEFINITIONAL_REPRESENTATION('',(#6953),#6957);
#6953 = LINE('',#6954,#6955);
#6954 = CARTESIAN_POINT('',(-4.286340532291,-23.735));
#6955 = VECTOR('',#6956,1.);
#6956 = DIRECTION('',(-0.,1.));
#6957 = ( GEOMETRIC_REPRESENTATION_CONTEXT(2) 
PARAMETRIC_REPRESENTATION_CONTEXT() REPRESENTATION_CONTEXT('2D SPACE',''
  ) );
#6958 = PCURVE('',#2336,#6959);
#6959 = DEFINITIONAL_REPRESENTATION('',(#6960),#6964);
#6960 = LINE('',#6961,#6962);
#6961 = CARTESIAN_POINT('',(6.5E-02,-33.2));
#6962 = VECTOR('',#6963,1.);
#6963 = DIRECTION('',(-1.,0.));
#6964 = ( GEOMETRIC_REPRESENTATION_CONTEXT(2) 
PARAMETRIC_REPRESENTATION_CONTEXT() REPRESENTATION_CONTEXT('2D SPACE',''
  ) );
#6965 = ORIENTED_EDGE('',*,*,#6966,.F.);
#6966 = EDGE_CURVE('',#6967,#6944,#6969,.T.);
#6967 = VERTEX_POINT('',#6968);
#6968 = CARTESIAN_POINT('',(23.67,-14.6,65.8876));
#6969 = SURFACE_CURVE('',#6970,(#6974,#6981),.PCURVE_S1.);
#6970 = LINE('',#6971,#6972);
#6971 = CARTESIAN_POINT('',(23.67,-14.6,65.8876));
#6972 = VECTOR('',#6973,1.);
#6973 = DIRECTION('',(0.,0.,-1.));
#6974 = PCURVE('',#2070,#6975);
#6975 = DEFINITIONAL_REPRESENTATION('',(#6976),#6980);
#6976 = LINE('',#6977,#6978);
#6977 = CARTESIAN_POINT('',(-7.506340532291,-23.67));
#6978 = VECTOR('',#6979,1.);
#6979 = DIRECTION('',(1.,0.));
#6980 = ( GEOMETRIC_REPRESENTATION_CONTEXT(2) 
PARAMETRIC_REPRESENTATION_CONTEXT() REPRESENTATION_CONTEXT('2D SPACE',''
  ) );
#6981 = PCURVE('',#5438,#6982);
#6982 = DEFINITIONAL_REPRESENTATION('',(#6983),#6987);
#6983 = LINE('',#6984,#6985);
#6984 = CARTESIAN_POINT('',(-6.838973831691E-15,-33.2));
#6985 = VECTOR('',#6986,1.);
#6986 = DIRECTION('',(1.,2.22044604925E-16));
#6987 = ( GEOMETRIC_REPRESENTATION_CONTEXT(2) 
PARAMETRIC_REPRESENTATION_CONTEXT() REPRESENTATION_CONTEXT('2D SPACE',''
  ) );
#6988 = ORIENTED_EDGE('',*,*,#6989,.T.);
#6989 = EDGE_CURVE('',#6967,#2055,#6990,.T.);
#6990 = SURFACE_CURVE('',#6991,(#6995,#7002),.PCURVE_S1.);
#6991 = LINE('',#6992,#6993);
#6992 = CARTESIAN_POINT('',(23.8,-14.6,65.8876));
#6993 = VECTOR('',#6994,1.);
#6994 = DIRECTION('',(-1.,0.,0.));
#6995 = PCURVE('',#2070,#6996);
#6996 = DEFINITIONAL_REPRESENTATION('',(#6997),#7001);
#6997 = LINE('',#6998,#6999);
#6998 = CARTESIAN_POINT('',(-7.506340532291,-23.8));
#6999 = VECTOR('',#7000,1.);
#7000 = DIRECTION('',(-0.,1.));
#7001 = ( GEOMETRIC_REPRESENTATION_CONTEXT(2) 
PARAMETRIC_REPRESENTATION_CONTEXT() REPRESENTATION_CONTEXT('2D SPACE',''
  ) );
#7002 = PCURVE('',#2098,#7003);
#7003 = DEFINITIONAL_REPRESENTATION('',(#7004),#7008);
#7004 = LINE('',#7005,#7006);
#7005 = CARTESIAN_POINT('',(5.3,-33.2));
#7006 = VECTOR('',#7007,1.);
#7007 = DIRECTION('',(-1.,0.));
#7008 = ( GEOMETRIC_REPRESENTATION_CONTEXT(2) 
PARAMETRIC_REPRESENTATION_CONTEXT() REPRESENTATION_CONTEXT('2D SPACE',''
  ) );
#7009 = ORIENTED_EDGE('',*,*,#2054,.T.);
#7010 = ORIENTED_EDGE('',*,*,#6589,.T.);
#7011 = ORIENTED_EDGE('',*,*,#7012,.F.);
#7012 = EDGE_CURVE('',#6614,#6557,#7013,.T.);
#7013 = SURFACE_CURVE('',#7014,(#7018,#7025),.PCURVE_S1.);
#7014 = LINE('',#7015,#7016);
#7015 = CARTESIAN_POINT('',(3.3,-14.6,0.));
#7016 = VECTOR('',#7017,1.);
#7017 = DIRECTION('',(0.,0.,1.));
#7018 = PCURVE('',#2070,#7019);
#7019 = DEFINITIONAL_REPRESENTATION('',(#7020),#7024);
#7020 = LINE('',#7021,#7022);
#7021 = CARTESIAN_POINT('',(58.381259467709,-3.3));
#7022 = VECTOR('',#7023,1.);
#7023 = DIRECTION('',(-1.,0.));
#7024 = ( GEOMETRIC_REPRESENTATION_CONTEXT(2) 
PARAMETRIC_REPRESENTATION_CONTEXT() REPRESENTATION_CONTEXT('2D SPACE',''
  ) );
#7025 = PCURVE('',#6577,#7026);
#7026 = DEFINITIONAL_REPRESENTATION('',(#7027),#7031);
#7027 = LINE('',#7028,#7029);
#7028 = CARTESIAN_POINT('',(-4.712388980385,0.));
#7029 = VECTOR('',#7030,1.);
#7030 = DIRECTION('',(-0.,-1.));
#7031 = ( GEOMETRIC_REPRESENTATION_CONTEXT(2) 
PARAMETRIC_REPRESENTATION_CONTEXT() REPRESENTATION_CONTEXT('2D SPACE',''
  ) );
#7032 = ADVANCED_FACE('',(#7033),#2098,.F.);
#7033 = FACE_BOUND('',#7034,.F.);
#7034 = EDGE_LOOP('',(#7035,#7056,#7057,#7058));
#7035 = ORIENTED_EDGE('',*,*,#7036,.F.);
#7036 = EDGE_CURVE('',#6967,#5400,#7037,.T.);
#7037 = SURFACE_CURVE('',#7038,(#7042,#7049),.PCURVE_S1.);
#7038 = LINE('',#7039,#7040);
#7039 = CARTESIAN_POINT('',(23.67,18.6,65.8876));
#7040 = VECTOR('',#7041,1.);
#7041 = DIRECTION('',(0.,-1.,2.22044604925E-16));
#7042 = PCURVE('',#2098,#7043);
#7043 = DEFINITIONAL_REPRESENTATION('',(#7044),#7048);
#7044 = LINE('',#7045,#7046);
#7045 = CARTESIAN_POINT('',(5.17,0.));
#7046 = VECTOR('',#7047,1.);
#7047 = DIRECTION('',(0.,-1.));
#7048 = ( GEOMETRIC_REPRESENTATION_CONTEXT(2) 
PARAMETRIC_REPRESENTATION_CONTEXT() REPRESENTATION_CONTEXT('2D SPACE',''
  ) );
#7049 = PCURVE('',#5438,#7050);
#7050 = DEFINITIONAL_REPRESENTATION('',(#7051),#7055);
#7051 = LINE('',#7052,#7053);
#7052 = CARTESIAN_POINT('',(0.,0.));
#7053 = VECTOR('',#7054,1.);
#7054 = DIRECTION('',(0.,-1.));
#7055 = ( GEOMETRIC_REPRESENTATION_CONTEXT(2) 
PARAMETRIC_REPRESENTATION_CONTEXT() REPRESENTATION_CONTEXT('2D SPACE',''
  ) );
#7056 = ORIENTED_EDGE('',*,*,#6989,.T.);
#7057 = ORIENTED_EDGE('',*,*,#2082,.T.);
#7058 = ORIENTED_EDGE('',*,*,#5399,.T.);
#7059 = ADVANCED_FACE('',(#7060),#2303,.T.);
#7060 = FACE_BOUND('',#7061,.T.);
#7061 = EDGE_LOOP('',(#7062,#7084,#7085,#7086));
#7062 = ORIENTED_EDGE('',*,*,#7063,.F.);
#7063 = EDGE_CURVE('',#2261,#6156,#7064,.T.);
#7064 = SURFACE_CURVE('',#7065,(#7070,#7077),.PCURVE_S1.);
#7065 = CIRCLE('',#7066,2.);
#7066 = AXIS2_PLACEMENT_3D('',#7067,#7068,#7069);
#7067 = CARTESIAN_POINT('',(10.,-16.865,2.));
#7068 = DIRECTION('',(-1.,-0.,0.));
#7069 = DIRECTION('',(0.,-9.945962849814E-17,-1.));
#7070 = PCURVE('',#2303,#7071);
#7071 = DEFINITIONAL_REPRESENTATION('',(#7072),#7076);
#7072 = LINE('',#7073,#7074);
#7073 = CARTESIAN_POINT('',(0.,0.));
#7074 = VECTOR('',#7075,1.);
#7075 = DIRECTION('',(0.,1.));
#7076 = ( GEOMETRIC_REPRESENTATION_CONTEXT(2) 
PARAMETRIC_REPRESENTATION_CONTEXT() REPRESENTATION_CONTEXT('2D SPACE',''
  ) );
#7077 = PCURVE('',#6171,#7078);
#7078 = DEFINITIONAL_REPRESENTATION('',(#7079),#7083);
#7079 = LINE('',#7080,#7081);
#7080 = CARTESIAN_POINT('',(-0.,20.));
#7081 = VECTOR('',#7082,1.);
#7082 = DIRECTION('',(-1.,0.));
#7083 = ( GEOMETRIC_REPRESENTATION_CONTEXT(2) 
PARAMETRIC_REPRESENTATION_CONTEXT() REPRESENTATION_CONTEXT('2D SPACE',''
  ) );
#7084 = ORIENTED_EDGE('',*,*,#2288,.T.);
#7085 = ORIENTED_EDGE('',*,*,#6338,.T.);
#7086 = ORIENTED_EDGE('',*,*,#6183,.F.);
#7087 = ADVANCED_FACE('',(#7088,#7138),#2276,.T.);
#7088 = FACE_BOUND('',#7089,.T.);
#7089 = EDGE_LOOP('',(#7090,#7091,#7112,#7113,#7114,#7115,#7136,#7137));
#7090 = ORIENTED_EDGE('',*,*,#2260,.T.);
#7091 = ORIENTED_EDGE('',*,*,#7092,.F.);
#7092 = EDGE_CURVE('',#3668,#2261,#7093,.T.);
#7093 = SURFACE_CURVE('',#7094,(#7098,#7105),.PCURVE_S1.);
#7094 = LINE('',#7095,#7096);
#7095 = CARTESIAN_POINT('',(-10.,-16.865,2.91655588569E-15));
#7096 = VECTOR('',#7097,1.);
#7097 = DIRECTION('',(1.,0.,0.));
#7098 = PCURVE('',#2276,#7099);
#7099 = DEFINITIONAL_REPRESENTATION('',(#7100),#7104);
#7100 = LINE('',#7101,#7102);
#7101 = CARTESIAN_POINT('',(-22.86478803991,-10.));
#7102 = VECTOR('',#7103,1.);
#7103 = DIRECTION('',(0.,1.));
#7104 = ( GEOMETRIC_REPRESENTATION_CONTEXT(2) 
PARAMETRIC_REPRESENTATION_CONTEXT() REPRESENTATION_CONTEXT('2D SPACE',''
  ) );
#7105 = PCURVE('',#6171,#7106);
#7106 = DEFINITIONAL_REPRESENTATION('',(#7107),#7111);
#7107 = LINE('',#7108,#7109);
#7108 = CARTESIAN_POINT('',(-0.,0.));
#7109 = VECTOR('',#7110,1.);
#7110 = DIRECTION('',(-0.,1.));
#7111 = ( GEOMETRIC_REPRESENTATION_CONTEXT(2) 
PARAMETRIC_REPRESENTATION_CONTEXT() REPRESENTATION_CONTEXT('2D SPACE',''
  ) );
#7112 = ORIENTED_EDGE('',*,*,#3667,.F.);
#7113 = ORIENTED_EDGE('',*,*,#3478,.F.);
#7114 = ORIENTED_EDGE('',*,*,#3111,.T.);
#7115 = ORIENTED_EDGE('',*,*,#7116,.T.);
#7116 = EDGE_CURVE('',#3112,#2588,#7117,.T.);
#7117 = SURFACE_CURVE('',#7118,(#7122,#7129),.PCURVE_S1.);
#7118 = LINE('',#7119,#7120);
#7119 = CARTESIAN_POINT('',(-8.,32.0076,0.));
#7120 = VECTOR('',#7121,1.);
#7121 = DIRECTION('',(1.,0.,0.));
#7122 = PCURVE('',#2276,#7123);
#7123 = DEFINITIONAL_REPRESENTATION('',(#7124),#7128);
#7124 = LINE('',#7125,#7126);
#7125 = CARTESIAN_POINT('',(26.007811960086,-8.));
#7126 = VECTOR('',#7127,1.);
#7127 = DIRECTION('',(0.,1.));
#7128 = ( GEOMETRIC_REPRESENTATION_CONTEXT(2) 
PARAMETRIC_REPRESENTATION_CONTEXT() REPRESENTATION_CONTEXT('2D SPACE',''
  ) );
#7129 = PCURVE('',#2626,#7130);
#7130 = DEFINITIONAL_REPRESENTATION('',(#7131),#7135);
#7131 = LINE('',#7132,#7133);
#7132 = CARTESIAN_POINT('',(0.,0.));
#7133 = VECTOR('',#7134,1.);
#7134 = DIRECTION('',(0.,-1.));
#7135 = ( GEOMETRIC_REPRESENTATION_CONTEXT(2) 
PARAMETRIC_REPRESENTATION_CONTEXT() REPRESENTATION_CONTEXT('2D SPACE',''
  ) );
#7136 = ORIENTED_EDGE('',*,*,#2587,.F.);
#7137 = ORIENTED_EDGE('',*,*,#2422,.F.);
#7138 = FACE_BOUND('',#7139,.T.);
#7139 = EDGE_LOOP('',(#7140,#7175,#7203,#7229,#7230,#7258,#7281,#7314));
#7140 = ORIENTED_EDGE('',*,*,#7141,.T.);
#7141 = EDGE_CURVE('',#7142,#7144,#7146,.T.);
#7142 = VERTEX_POINT('',#7143);
#7143 = CARTESIAN_POINT('',(-3.3,-4.,0.));
#7144 = VERTEX_POINT('',#7145);
#7145 = CARTESIAN_POINT('',(-5.3,-6.,0.));
#7146 = SURFACE_CURVE('',#7147,(#7152,#7163),.PCURVE_S1.);
#7147 = CIRCLE('',#7148,2.);
#7148 = AXIS2_PLACEMENT_3D('',#7149,#7150,#7151);
#7149 = CARTESIAN_POINT('',(-3.3,-6.,0.));
#7150 = DIRECTION('',(0.,0.,1.));
#7151 = DIRECTION('',(1.,0.,0.));
#7152 = PCURVE('',#2276,#7153);
#7153 = DEFINITIONAL_REPRESENTATION('',(#7154),#7162);
#7154 = ( BOUNDED_CURVE() B_SPLINE_CURVE(2,(#7155,#7156,#7157,#7158,
#7159,#7160,#7161),.UNSPECIFIED.,.T.,.F.) B_SPLINE_CURVE_WITH_KNOTS((1,2
    ,2,2,2,1),(-2.094395102393,0.,2.094395102393,4.188790204786,
6.28318530718,8.377580409573),.UNSPECIFIED.) CURVE() 
GEOMETRIC_REPRESENTATION_ITEM() RATIONAL_B_SPLINE_CURVE((1.,0.5,1.,0.5,
1.,0.5,1.)) REPRESENTATION_ITEM('') );
#7155 = CARTESIAN_POINT('',(-11.99978803991,-1.3));
#7156 = CARTESIAN_POINT('',(-8.535686424777,-1.3));
#7157 = CARTESIAN_POINT('',(-10.26773723234,-4.3));
#7158 = CARTESIAN_POINT('',(-11.99978803991,-7.3));
#7159 = CARTESIAN_POINT('',(-13.73183884748,-4.3));
#7160 = CARTESIAN_POINT('',(-15.46388965505,-1.3));
#7161 = CARTESIAN_POINT('',(-11.99978803991,-1.3));
#7162 = ( GEOMETRIC_REPRESENTATION_CONTEXT(2) 
PARAMETRIC_REPRESENTATION_CONTEXT() REPRESENTATION_CONTEXT('2D SPACE',''
  ) );
#7163 = PCURVE('',#7164,#7169);
#7164 = CYLINDRICAL_SURFACE('',#7165,2.);
#7165 = AXIS2_PLACEMENT_3D('',#7166,#7167,#7168);
#7166 = CARTESIAN_POINT('',(-3.3,-6.,0.));
#7167 = DIRECTION('',(0.,0.,-1.));
#7168 = DIRECTION('',(1.,0.,0.));
#7169 = DEFINITIONAL_REPRESENTATION('',(#7170),#7174);
#7170 = LINE('',#7171,#7172);
#7171 = CARTESIAN_POINT('',(-0.,0.));
#7172 = VECTOR('',#7173,1.);
#7173 = DIRECTION('',(-1.,0.));
#7174 = ( GEOMETRIC_REPRESENTATION_CONTEXT(2) 
PARAMETRIC_REPRESENTATION_CONTEXT() REPRESENTATION_CONTEXT('2D SPACE',''
  ) );
#7175 = ORIENTED_EDGE('',*,*,#7176,.F.);
#7176 = EDGE_CURVE('',#7177,#7144,#7179,.T.);
#7177 = VERTEX_POINT('',#7178);
#7178 = CARTESIAN_POINT('',(-5.3,-12.6,0.));
#7179 = SURFACE_CURVE('',#7180,(#7184,#7191),.PCURVE_S1.);
#7180 = LINE('',#7181,#7182);
#7181 = CARTESIAN_POINT('',(-5.3,-12.6,0.));
#7182 = VECTOR('',#7183,1.);
#7183 = DIRECTION('',(0.,1.,0.));
#7184 = PCURVE('',#2276,#7185);
#7185 = DEFINITIONAL_REPRESENTATION('',(#7186),#7190);
#7186 = LINE('',#7187,#7188);
#7187 = CARTESIAN_POINT('',(-18.59978803991,-5.3));
#7188 = VECTOR('',#7189,1.);
#7189 = DIRECTION('',(1.,0.));
#7190 = ( GEOMETRIC_REPRESENTATION_CONTEXT(2) 
PARAMETRIC_REPRESENTATION_CONTEXT() REPRESENTATION_CONTEXT('2D SPACE',''
  ) );
#7191 = PCURVE('',#7192,#7197);
#7192 = PLANE('',#7193);
#7193 = AXIS2_PLACEMENT_3D('',#7194,#7195,#7196);
#7194 = CARTESIAN_POINT('',(-5.3,-12.6,0.));
#7195 = DIRECTION('',(-1.,0.,0.));
#7196 = DIRECTION('',(0.,1.,0.));
#7197 = DEFINITIONAL_REPRESENTATION('',(#7198),#7202);
#7198 = LINE('',#7199,#7200);
#7199 = CARTESIAN_POINT('',(0.,0.));
#7200 = VECTOR('',#7201,1.);
#7201 = DIRECTION('',(1.,0.));
#7202 = ( GEOMETRIC_REPRESENTATION_CONTEXT(2) 
PARAMETRIC_REPRESENTATION_CONTEXT() REPRESENTATION_CONTEXT('2D SPACE',''
  ) );
#7203 = ORIENTED_EDGE('',*,*,#7204,.T.);
#7204 = EDGE_CURVE('',#7177,#6616,#7205,.T.);
#7205 = SURFACE_CURVE('',#7206,(#7211,#7222),.PCURVE_S1.);
#7206 = CIRCLE('',#7207,2.);
#7207 = AXIS2_PLACEMENT_3D('',#7208,#7209,#7210);
#7208 = CARTESIAN_POINT('',(-3.3,-12.6,0.));
#7209 = DIRECTION('',(0.,0.,1.));
#7210 = DIRECTION('',(1.,0.,0.));
#7211 = PCURVE('',#2276,#7212);
#7212 = DEFINITIONAL_REPRESENTATION('',(#7213),#7221);
#7213 = ( BOUNDED_CURVE() B_SPLINE_CURVE(2,(#7214,#7215,#7216,#7217,
#7218,#7219,#7220),.UNSPECIFIED.,.T.,.F.) B_SPLINE_CURVE_WITH_KNOTS((1,2
    ,2,2,2,1),(-2.094395102393,0.,2.094395102393,4.188790204786,
6.28318530718,8.377580409573),.UNSPECIFIED.) CURVE() 
GEOMETRIC_REPRESENTATION_ITEM() RATIONAL_B_SPLINE_CURVE((1.,0.5,1.,0.5,
1.,0.5,1.)) REPRESENTATION_ITEM('') );
#7214 = CARTESIAN_POINT('',(-18.59978803991,-1.3));
#7215 = CARTESIAN_POINT('',(-15.13568642477,-1.3));
#7216 = CARTESIAN_POINT('',(-16.86773723234,-4.3));
#7217 = CARTESIAN_POINT('',(-18.59978803991,-7.3));
#7218 = CARTESIAN_POINT('',(-20.33183884748,-4.3));
#7219 = CARTESIAN_POINT('',(-22.06388965505,-1.3));
#7220 = CARTESIAN_POINT('',(-18.59978803991,-1.3));
#7221 = ( GEOMETRIC_REPRESENTATION_CONTEXT(2) 
PARAMETRIC_REPRESENTATION_CONTEXT() REPRESENTATION_CONTEXT('2D SPACE',''
  ) );
#7222 = PCURVE('',#6654,#7223);
#7223 = DEFINITIONAL_REPRESENTATION('',(#7224),#7228);
#7224 = LINE('',#7225,#7226);
#7225 = CARTESIAN_POINT('',(-0.,0.));
#7226 = VECTOR('',#7227,1.);
#7227 = DIRECTION('',(-1.,0.));
#7228 = ( GEOMETRIC_REPRESENTATION_CONTEXT(2) 
PARAMETRIC_REPRESENTATION_CONTEXT() REPRESENTATION_CONTEXT('2D SPACE',''
  ) );
#7229 = ORIENTED_EDGE('',*,*,#6613,.F.);
#7230 = ORIENTED_EDGE('',*,*,#7231,.T.);
#7231 = EDGE_CURVE('',#6614,#7232,#7234,.T.);
#7232 = VERTEX_POINT('',#7233);
#7233 = CARTESIAN_POINT('',(5.3,-12.6,0.));
#7234 = SURFACE_CURVE('',#7235,(#7240,#7251),.PCURVE_S1.);
#7235 = CIRCLE('',#7236,2.);
#7236 = AXIS2_PLACEMENT_3D('',#7237,#7238,#7239);
#7237 = CARTESIAN_POINT('',(3.3,-12.6,0.));
#7238 = DIRECTION('',(0.,0.,1.));
#7239 = DIRECTION('',(1.,0.,0.));
#7240 = PCURVE('',#2276,#7241);
#7241 = DEFINITIONAL_REPRESENTATION('',(#7242),#7250);
#7242 = ( BOUNDED_CURVE() B_SPLINE_CURVE(2,(#7243,#7244,#7245,#7246,
#7247,#7248,#7249),.UNSPECIFIED.,.T.,.F.) B_SPLINE_CURVE_WITH_KNOTS((1,2
    ,2,2,2,1),(-2.094395102393,0.,2.094395102393,4.188790204786,
6.28318530718,8.377580409573),.UNSPECIFIED.) CURVE() 
GEOMETRIC_REPRESENTATION_ITEM() RATIONAL_B_SPLINE_CURVE((1.,0.5,1.,0.5,
1.,0.5,1.)) REPRESENTATION_ITEM('') );
#7243 = CARTESIAN_POINT('',(-18.59978803991,5.3));
#7244 = CARTESIAN_POINT('',(-15.13568642477,5.3));
#7245 = CARTESIAN_POINT('',(-16.86773723234,2.3));
#7246 = CARTESIAN_POINT('',(-18.59978803991,-0.7));
#7247 = CARTESIAN_POINT('',(-20.33183884748,2.3));
#7248 = CARTESIAN_POINT('',(-22.06388965505,5.3));
#7249 = CARTESIAN_POINT('',(-18.59978803991,5.3));
#7250 = ( GEOMETRIC_REPRESENTATION_CONTEXT(2) 
PARAMETRIC_REPRESENTATION_CONTEXT() REPRESENTATION_CONTEXT('2D SPACE',''
  ) );
#7251 = PCURVE('',#6577,#7252);
#7252 = DEFINITIONAL_REPRESENTATION('',(#7253),#7257);
#7253 = LINE('',#7254,#7255);
#7254 = CARTESIAN_POINT('',(-0.,0.));
#7255 = VECTOR('',#7256,1.);
#7256 = DIRECTION('',(-1.,0.));
#7257 = ( GEOMETRIC_REPRESENTATION_CONTEXT(2) 
PARAMETRIC_REPRESENTATION_CONTEXT() REPRESENTATION_CONTEXT('2D SPACE',''
  ) );
#7258 = ORIENTED_EDGE('',*,*,#7259,.F.);
#7259 = EDGE_CURVE('',#7260,#7232,#7262,.T.);
#7260 = VERTEX_POINT('',#7261);
#7261 = CARTESIAN_POINT('',(5.3,-6.,0.));
#7262 = SURFACE_CURVE('',#7263,(#7267,#7274),.PCURVE_S1.);
#7263 = LINE('',#7264,#7265);
#7264 = CARTESIAN_POINT('',(5.3,-6.,0.));
#7265 = VECTOR('',#7266,1.);
#7266 = DIRECTION('',(0.,-1.,0.));
#7267 = PCURVE('',#2276,#7268);
#7268 = DEFINITIONAL_REPRESENTATION('',(#7269),#7273);
#7269 = LINE('',#7270,#7271);
#7270 = CARTESIAN_POINT('',(-11.99978803991,5.3));
#7271 = VECTOR('',#7272,1.);
#7272 = DIRECTION('',(-1.,0.));
#7273 = ( GEOMETRIC_REPRESENTATION_CONTEXT(2) 
PARAMETRIC_REPRESENTATION_CONTEXT() REPRESENTATION_CONTEXT('2D SPACE',''
  ) );
#7274 = PCURVE('',#6471,#7275);
#7275 = DEFINITIONAL_REPRESENTATION('',(#7276),#7280);
#7276 = LINE('',#7277,#7278);
#7277 = CARTESIAN_POINT('',(0.,0.));
#7278 = VECTOR('',#7279,1.);
#7279 = DIRECTION('',(1.,0.));
#7280 = ( GEOMETRIC_REPRESENTATION_CONTEXT(2) 
PARAMETRIC_REPRESENTATION_CONTEXT() REPRESENTATION_CONTEXT('2D SPACE',''
  ) );
#7281 = ORIENTED_EDGE('',*,*,#7282,.T.);
#7282 = EDGE_CURVE('',#7260,#7283,#7285,.T.);
#7283 = VERTEX_POINT('',#7284);
#7284 = CARTESIAN_POINT('',(3.3,-4.,0.));
#7285 = SURFACE_CURVE('',#7286,(#7291,#7302),.PCURVE_S1.);
#7286 = CIRCLE('',#7287,2.);
#7287 = AXIS2_PLACEMENT_3D('',#7288,#7289,#7290);
#7288 = CARTESIAN_POINT('',(3.3,-6.,0.));
#7289 = DIRECTION('',(0.,0.,1.));
#7290 = DIRECTION('',(1.,0.,0.));
#7291 = PCURVE('',#2276,#7292);
#7292 = DEFINITIONAL_REPRESENTATION('',(#7293),#7301);
#7293 = ( BOUNDED_CURVE() B_SPLINE_CURVE(2,(#7294,#7295,#7296,#7297,
#7298,#7299,#7300),.UNSPECIFIED.,.T.,.F.) B_SPLINE_CURVE_WITH_KNOTS((1,2
    ,2,2,2,1),(-2.094395102393,0.,2.094395102393,4.188790204786,
6.28318530718,8.377580409573),.UNSPECIFIED.) CURVE() 
GEOMETRIC_REPRESENTATION_ITEM() RATIONAL_B_SPLINE_CURVE((1.,0.5,1.,0.5,
1.,0.5,1.)) REPRESENTATION_ITEM('') );
#7294 = CARTESIAN_POINT('',(-11.99978803991,5.3));
#7295 = CARTESIAN_POINT('',(-8.535686424777,5.3));
#7296 = CARTESIAN_POINT('',(-10.26773723234,2.3));
#7297 = CARTESIAN_POINT('',(-11.99978803991,-0.7));
#7298 = CARTESIAN_POINT('',(-13.73183884748,2.3));
#7299 = CARTESIAN_POINT('',(-15.46388965505,5.3));
#7300 = CARTESIAN_POINT('',(-11.99978803991,5.3));
#7301 = ( GEOMETRIC_REPRESENTATION_CONTEXT(2) 
PARAMETRIC_REPRESENTATION_CONTEXT() REPRESENTATION_CONTEXT('2D SPACE',''
  ) );
#7302 = PCURVE('',#7303,#7308);
#7303 = CYLINDRICAL_SURFACE('',#7304,2.);
#7304 = AXIS2_PLACEMENT_3D('',#7305,#7306,#7307);
#7305 = CARTESIAN_POINT('',(3.3,-6.,0.));
#7306 = DIRECTION('',(0.,0.,-1.));
#7307 = DIRECTION('',(1.,0.,0.));
#7308 = DEFINITIONAL_REPRESENTATION('',(#7309),#7313);
#7309 = LINE('',#7310,#7311);
#7310 = CARTESIAN_POINT('',(-0.,0.));
#7311 = VECTOR('',#7312,1.);
#7312 = DIRECTION('',(-1.,0.));
#7313 = ( GEOMETRIC_REPRESENTATION_CONTEXT(2) 
PARAMETRIC_REPRESENTATION_CONTEXT() REPRESENTATION_CONTEXT('2D SPACE',''
  ) );
#7314 = ORIENTED_EDGE('',*,*,#7315,.F.);
#7315 = EDGE_CURVE('',#7142,#7283,#7316,.T.);
#7316 = SURFACE_CURVE('',#7317,(#7321,#7328),.PCURVE_S1.);
#7317 = LINE('',#7318,#7319);
#7318 = CARTESIAN_POINT('',(-3.3,-4.,0.));
#7319 = VECTOR('',#7320,1.);
#7320 = DIRECTION('',(1.,0.,0.));
#7321 = PCURVE('',#2276,#7322);
#7322 = DEFINITIONAL_REPRESENTATION('',(#7323),#7327);
#7323 = LINE('',#7324,#7325);
#7324 = CARTESIAN_POINT('',(-9.999788039914,-3.3));
#7325 = VECTOR('',#7326,1.);
#7326 = DIRECTION('',(0.,1.));
#7327 = ( GEOMETRIC_REPRESENTATION_CONTEXT(2) 
PARAMETRIC_REPRESENTATION_CONTEXT() REPRESENTATION_CONTEXT('2D SPACE',''
  ) );
#7328 = PCURVE('',#7329,#7334);
#7329 = PLANE('',#7330);
#7330 = AXIS2_PLACEMENT_3D('',#7331,#7332,#7333);
#7331 = CARTESIAN_POINT('',(-3.3,-4.,0.));
#7332 = DIRECTION('',(0.,1.,0.));
#7333 = DIRECTION('',(1.,0.,0.));
#7334 = DEFINITIONAL_REPRESENTATION('',(#7335),#7339);
#7335 = LINE('',#7336,#7337);
#7336 = CARTESIAN_POINT('',(0.,0.));
#7337 = VECTOR('',#7338,1.);
#7338 = DIRECTION('',(1.,0.));
#7339 = ( GEOMETRIC_REPRESENTATION_CONTEXT(2) 
PARAMETRIC_REPRESENTATION_CONTEXT() REPRESENTATION_CONTEXT('2D SPACE',''
  ) );
#7340 = ADVANCED_FACE('',(#7341),#2336,.F.);
#7341 = FACE_BOUND('',#7342,.F.);
#7342 = EDGE_LOOP('',(#7343,#7344,#7345,#7366,#7367,#7390,#7413,#7446,
    #7474,#7521));
#7343 = ORIENTED_EDGE('',*,*,#2318,.T.);
#7344 = ORIENTED_EDGE('',*,*,#6507,.T.);
#7345 = ORIENTED_EDGE('',*,*,#7346,.F.);
#7346 = EDGE_CURVE('',#6921,#6400,#7347,.T.);
#7347 = SURFACE_CURVE('',#7348,(#7352,#7359),.PCURVE_S1.);
#7348 = LINE('',#7349,#7350);
#7349 = CARTESIAN_POINT('',(23.8,3.383125,62.6676));
#7350 = VECTOR('',#7351,1.);
#7351 = DIRECTION('',(0.,1.,-2.22044604925E-16));
#7352 = PCURVE('',#2336,#7353);
#7353 = DEFINITIONAL_REPRESENTATION('',(#7354),#7358);
#7354 = LINE('',#7355,#7356);
#7355 = CARTESIAN_POINT('',(0.13,-15.216875));
#7356 = VECTOR('',#7357,1.);
#7357 = DIRECTION('',(0.,1.));
#7358 = ( GEOMETRIC_REPRESENTATION_CONTEXT(2) 
PARAMETRIC_REPRESENTATION_CONTEXT() REPRESENTATION_CONTEXT('2D SPACE',''
  ) );
#7359 = PCURVE('',#6415,#7360);
#7360 = DEFINITIONAL_REPRESENTATION('',(#7361),#7365);
#7361 = LINE('',#7362,#7363);
#7362 = CARTESIAN_POINT('',(-1.695,-15.216875));
#7363 = VECTOR('',#7364,1.);
#7364 = DIRECTION('',(-2.22044604925E-16,-1.));
#7365 = ( GEOMETRIC_REPRESENTATION_CONTEXT(2) 
PARAMETRIC_REPRESENTATION_CONTEXT() REPRESENTATION_CONTEXT('2D SPACE',''
  ) );
#7366 = ORIENTED_EDGE('',*,*,#6943,.T.);
#7367 = ORIENTED_EDGE('',*,*,#7368,.T.);
#7368 = EDGE_CURVE('',#6944,#7369,#7371,.T.);
#7369 = VERTEX_POINT('',#7370);
#7370 = CARTESIAN_POINT('',(23.67,-17.865,62.6676));
#7371 = SURFACE_CURVE('',#7372,(#7376,#7383),.PCURVE_S1.);
#7372 = LINE('',#7373,#7374);
#7373 = CARTESIAN_POINT('',(23.67,18.6,62.6676));
#7374 = VECTOR('',#7375,1.);
#7375 = DIRECTION('',(0.,-1.,2.22044604925E-16));
#7376 = PCURVE('',#2336,#7377);
#7377 = DEFINITIONAL_REPRESENTATION('',(#7378),#7382);
#7378 = LINE('',#7379,#7380);
#7379 = CARTESIAN_POINT('',(0.,0.));
#7380 = VECTOR('',#7381,1.);
#7381 = DIRECTION('',(0.,-1.));
#7382 = ( GEOMETRIC_REPRESENTATION_CONTEXT(2) 
PARAMETRIC_REPRESENTATION_CONTEXT() REPRESENTATION_CONTEXT('2D SPACE',''
  ) );
#7383 = PCURVE('',#5438,#7384);
#7384 = DEFINITIONAL_REPRESENTATION('',(#7385),#7389);
#7385 = LINE('',#7386,#7387);
#7386 = CARTESIAN_POINT('',(3.22,7.149836278586E-16));
#7387 = VECTOR('',#7388,1.);
#7388 = DIRECTION('',(0.,-1.));
#7389 = ( GEOMETRIC_REPRESENTATION_CONTEXT(2) 
PARAMETRIC_REPRESENTATION_CONTEXT() REPRESENTATION_CONTEXT('2D SPACE',''
  ) );
#7390 = ORIENTED_EDGE('',*,*,#7391,.F.);
#7391 = EDGE_CURVE('',#7392,#7369,#7394,.T.);
#7392 = VERTEX_POINT('',#7393);
#7393 = CARTESIAN_POINT('',(26.67,-17.865,62.6676));
#7394 = SURFACE_CURVE('',#7395,(#7399,#7406),.PCURVE_S1.);
#7395 = LINE('',#7396,#7397);
#7396 = CARTESIAN_POINT('',(26.67,-17.865,62.6676));
#7397 = VECTOR('',#7398,1.);
#7398 = DIRECTION('',(-1.,0.,0.));
#7399 = PCURVE('',#2336,#7400);
#7400 = DEFINITIONAL_REPRESENTATION('',(#7401),#7405);
#7401 = LINE('',#7402,#7403);
#7402 = CARTESIAN_POINT('',(3.,-36.465));
#7403 = VECTOR('',#7404,1.);
#7404 = DIRECTION('',(-1.,0.));
#7405 = ( GEOMETRIC_REPRESENTATION_CONTEXT(2) 
PARAMETRIC_REPRESENTATION_CONTEXT() REPRESENTATION_CONTEXT('2D SPACE',''
  ) );
#7406 = PCURVE('',#5466,#7407);
#7407 = DEFINITIONAL_REPRESENTATION('',(#7408),#7412);
#7408 = LINE('',#7409,#7410);
#7409 = CARTESIAN_POINT('',(0.,0.));
#7410 = VECTOR('',#7411,1.);
#7411 = DIRECTION('',(0.,1.));
#7412 = ( GEOMETRIC_REPRESENTATION_CONTEXT(2) 
PARAMETRIC_REPRESENTATION_CONTEXT() REPRESENTATION_CONTEXT('2D SPACE',''
  ) );
#7413 = ORIENTED_EDGE('',*,*,#7414,.F.);
#7414 = EDGE_CURVE('',#7415,#7392,#7417,.T.);
#7415 = VERTEX_POINT('',#7416);
#7416 = CARTESIAN_POINT('',(27.67,-16.865,62.6676));
#7417 = SURFACE_CURVE('',#7418,(#7423,#7434),.PCURVE_S1.);
#7418 = CIRCLE('',#7419,1.);
#7419 = AXIS2_PLACEMENT_3D('',#7420,#7421,#7422);
#7420 = CARTESIAN_POINT('',(26.67,-16.865,62.6676));
#7421 = DIRECTION('',(0.,-2.22044604925E-16,-1.));
#7422 = DIRECTION('',(1.,2.22044604925E-16,-4.930380657631E-32));
#7423 = PCURVE('',#2336,#7424);
#7424 = DEFINITIONAL_REPRESENTATION('',(#7425),#7433);
#7425 = ( BOUNDED_CURVE() B_SPLINE_CURVE(2,(#7426,#7427,#7428,#7429,
#7430,#7431,#7432),.UNSPECIFIED.,.T.,.F.) B_SPLINE_CURVE_WITH_KNOTS((1,2
    ,2,2,2,1),(-2.094395102393,0.,2.094395102393,4.188790204786,
6.28318530718,8.377580409573),.UNSPECIFIED.) CURVE() 
GEOMETRIC_REPRESENTATION_ITEM() RATIONAL_B_SPLINE_CURVE((1.,0.5,1.,0.5,
1.,0.5,1.)) REPRESENTATION_ITEM('') );
#7426 = CARTESIAN_POINT('',(4.,-35.465));
#7427 = CARTESIAN_POINT('',(4.,-37.19705080756));
#7428 = CARTESIAN_POINT('',(2.5,-36.33102540378));
#7429 = CARTESIAN_POINT('',(1.,-35.465));
#7430 = CARTESIAN_POINT('',(2.5,-34.59897459621));
#7431 = CARTESIAN_POINT('',(4.,-33.73294919243));
#7432 = CARTESIAN_POINT('',(4.,-35.465));
#7433 = ( GEOMETRIC_REPRESENTATION_CONTEXT(2) 
PARAMETRIC_REPRESENTATION_CONTEXT() REPRESENTATION_CONTEXT('2D SPACE',''
  ) );
#7434 = PCURVE('',#7435,#7440);
#7435 = TOROIDAL_SURFACE('',#7436,1.,1.);
#7436 = AXIS2_PLACEMENT_3D('',#7437,#7438,#7439);
#7437 = CARTESIAN_POINT('',(26.67,-16.865,63.6676));
#7438 = DIRECTION('',(0.,2.22044604925E-16,1.));
#7439 = DIRECTION('',(1.,2.22044604925E-16,-4.930380657631E-32));
#7440 = DEFINITIONAL_REPRESENTATION('',(#7441),#7445);
#7441 = LINE('',#7442,#7443);
#7442 = CARTESIAN_POINT('',(-0.,4.712388980385));
#7443 = VECTOR('',#7444,1.);
#7444 = DIRECTION('',(-1.,0.));
#7445 = ( GEOMETRIC_REPRESENTATION_CONTEXT(2) 
PARAMETRIC_REPRESENTATION_CONTEXT() REPRESENTATION_CONTEXT('2D SPACE',''
  ) );
#7446 = ORIENTED_EDGE('',*,*,#7447,.F.);
#7447 = EDGE_CURVE('',#7448,#7415,#7450,.T.);
#7448 = VERTEX_POINT('',#7449);
#7449 = CARTESIAN_POINT('',(27.67,-0.620874968816,62.6676));
#7450 = SURFACE_CURVE('',#7451,(#7455,#7462),.PCURVE_S1.);
#7451 = LINE('',#7452,#7453);
#7452 = CARTESIAN_POINT('',(27.67,-0.485637130978,62.6676));
#7453 = VECTOR('',#7454,1.);
#7454 = DIRECTION('',(0.,-1.,2.22044604925E-16));
#7455 = PCURVE('',#2336,#7456);
#7456 = DEFINITIONAL_REPRESENTATION('',(#7457),#7461);
#7457 = LINE('',#7458,#7459);
#7458 = CARTESIAN_POINT('',(4.,-19.08563713097));
#7459 = VECTOR('',#7460,1.);
#7460 = DIRECTION('',(0.,-1.));
#7461 = ( GEOMETRIC_REPRESENTATION_CONTEXT(2) 
PARAMETRIC_REPRESENTATION_CONTEXT() REPRESENTATION_CONTEXT('2D SPACE',''
  ) );
#7462 = PCURVE('',#7463,#7468);
#7463 = CYLINDRICAL_SURFACE('',#7464,1.);
#7464 = AXIS2_PLACEMENT_3D('',#7465,#7466,#7467);
#7465 = CARTESIAN_POINT('',(27.67,-0.485637130978,63.6676));
#7466 = DIRECTION('',(0.,-1.,2.22044604925E-16));
#7467 = DIRECTION('',(0.,-2.22044604925E-16,-1.));
#7468 = DEFINITIONAL_REPRESENTATION('',(#7469),#7473);
#7469 = LINE('',#7470,#7471);
#7470 = CARTESIAN_POINT('',(0.,0.));
#7471 = VECTOR('',#7472,1.);
#7472 = DIRECTION('',(0.,1.));
#7473 = ( GEOMETRIC_REPRESENTATION_CONTEXT(2) 
PARAMETRIC_REPRESENTATION_CONTEXT() REPRESENTATION_CONTEXT('2D SPACE',''
  ) );
#7474 = ORIENTED_EDGE('',*,*,#7475,.F.);
#7475 = EDGE_CURVE('',#2449,#7448,#7476,.T.);
#7476 = SURFACE_CURVE('',#7477,(#7494,#7514),.PCURVE_S1.);
#7477 = ( BOUNDED_CURVE() B_SPLINE_CURVE(8,(#7478,#7479,#7480,#7481,
    #7482,#7483,#7484,#7485,#7486,#7487,#7488,#7489,#7490,#7491,#7492,
#7493),.UNSPECIFIED.,.F.,.F.) B_SPLINE_CURVE_WITH_KNOTS((9,7,9),(
3.000000000004,6.156491912282,6.291145965525),.UNSPECIFIED.) CURVE() 
GEOMETRIC_REPRESENTATION_ITEM() RATIONAL_B_SPLINE_CURVE((1.,1.,1.,1.,1.,
1.,1.,1.,1.,1.,1.,1.,1.,1.,1.,1.)) REPRESENTATION_ITEM('') );
#7478 = CARTESIAN_POINT('',(26.670000000002,0.38822823343,62.6676));
#7479 = CARTESIAN_POINT('',(26.835962078011,0.388228233429,62.6676));
#7480 = CARTESIAN_POINT('',(27.001958313548,0.357124905959,62.6676));
#7481 = CARTESIAN_POINT('',(27.163810424475,0.293924612205,62.6676));
#7482 = CARTESIAN_POINT('',(27.317878850961,0.200859916744,62.6676));
#7483 = CARTESIAN_POINT('',(27.457532804322,6.678409460485E-02,62.6676)
  );
#7484 = CARTESIAN_POINT('',(27.565188604545,-9.467641764917E-02,62.6676)
  );
#7485 = CARTESIAN_POINT('',(27.639669344625,-0.280920998821,62.6676));
#7486 = CARTESIAN_POINT('',(27.666573792465,-0.498539262517,62.6676));
#7487 = CARTESIAN_POINT('',(27.667606635885,-0.519406644267,62.6676));
#7488 = CARTESIAN_POINT('',(27.668364330085,-0.536507896926,62.6676));
#7489 = CARTESIAN_POINT('',(27.669017116465,-0.553031785184,62.6676));
#7490 = CARTESIAN_POINT('',(27.66953410652,-0.570321877138,62.6676));
#7491 = CARTESIAN_POINT('',(27.669830207476,-0.587015063123,62.6676));
#7492 = CARTESIAN_POINT('',(27.67,-0.603970239087,62.6676));
#7493 = CARTESIAN_POINT('',(27.67,-0.620874968816,62.6676));
#7494 = PCURVE('',#2336,#7495);
#7495 = DEFINITIONAL_REPRESENTATION('',(#7496),#7513);
#7496 = ( BOUNDED_CURVE() B_SPLINE_CURVE(8,(#7497,#7498,#7499,#7500,
    #7501,#7502,#7503,#7504,#7505,#7506,#7507,#7508,#7509,#7510,#7511,
#7512),.UNSPECIFIED.,.F.,.F.) B_SPLINE_CURVE_WITH_KNOTS((9,7,9),(
3.000000000004,6.156491912282,6.291145965525),.UNSPECIFIED.) CURVE() 
GEOMETRIC_REPRESENTATION_ITEM() RATIONAL_B_SPLINE_CURVE((1.,1.,1.,1.,1.,
1.,1.,1.,1.,1.,1.,1.,1.,1.,1.,1.)) REPRESENTATION_ITEM('') );
#7497 = CARTESIAN_POINT('',(3.000000000002,-18.21177176657));
#7498 = CARTESIAN_POINT('',(3.165962078011,-18.21177176657));
#7499 = CARTESIAN_POINT('',(3.331958313548,-18.24287509404));
#7500 = CARTESIAN_POINT('',(3.493810424475,-18.30607538779));
#7501 = CARTESIAN_POINT('',(3.647878850961,-18.39914008325));
#7502 = CARTESIAN_POINT('',(3.787532804322,-18.53321590539));
#7503 = CARTESIAN_POINT('',(3.895188604545,-18.69467641764));
#7504 = CARTESIAN_POINT('',(3.969669344625,-18.88092099882));
#7505 = CARTESIAN_POINT('',(3.996573792465,-19.09853926251));
#7506 = CARTESIAN_POINT('',(3.997606635885,-19.11940664426));
#7507 = CARTESIAN_POINT('',(3.998364330085,-19.13650789692));
#7508 = CARTESIAN_POINT('',(3.999017116465,-19.15303178518));
#7509 = CARTESIAN_POINT('',(3.99953410652,-19.17032187713));
#7510 = CARTESIAN_POINT('',(3.999830207476,-19.18701506312));
#7511 = CARTESIAN_POINT('',(4.,-19.20397023908));
#7512 = CARTESIAN_POINT('',(4.,-19.22087496881));
#7513 = ( GEOMETRIC_REPRESENTATION_CONTEXT(2) 
PARAMETRIC_REPRESENTATION_CONTEXT() REPRESENTATION_CONTEXT('2D SPACE',''
  ) );
#7514 = PCURVE('',#2465,#7515);
#7515 = DEFINITIONAL_REPRESENTATION('',(#7516),#7520);
#7516 = LINE('',#7517,#7518);
#7517 = CARTESIAN_POINT('',(0.,0.));
#7518 = VECTOR('',#7519,1.);
#7519 = DIRECTION('',(0.,1.));
#7520 = ( GEOMETRIC_REPRESENTATION_CONTEXT(2) 
PARAMETRIC_REPRESENTATION_CONTEXT() REPRESENTATION_CONTEXT('2D SPACE',''
  ) );
#7521 = ORIENTED_EDGE('',*,*,#2562,.F.);
#7522 = ADVANCED_FACE('',(#7523),#2465,.T.);
#7523 = FACE_BOUND('',#7524,.T.);
#7524 = EDGE_LOOP('',(#7525,#7526,#7527,#7555));
#7525 = ORIENTED_EDGE('',*,*,#2448,.T.);
#7526 = ORIENTED_EDGE('',*,*,#2867,.T.);
#7527 = ORIENTED_EDGE('',*,*,#7528,.F.);
#7528 = EDGE_CURVE('',#7448,#2840,#7529,.T.);
#7529 = SURFACE_CURVE('',#7530,(#7534,#7541),.PCURVE_S1.);
#7530 = ( BOUNDED_CURVE() B_SPLINE_CURVE(2,(#7531,#7532,#7533),
.UNSPECIFIED.,.F.,.F.) B_SPLINE_CURVE_WITH_KNOTS((3,3),(0.,
3.291145965521),.PIECEWISE_BEZIER_KNOTS.) CURVE() 
GEOMETRIC_REPRESENTATION_ITEM() RATIONAL_B_SPLINE_CURVE((1.,
0.707106781187,1.)) REPRESENTATION_ITEM('') );
#7531 = CARTESIAN_POINT('',(27.67,-0.620874968816,62.6676));
#7532 = CARTESIAN_POINT('',(28.67,-0.620874968816,62.6676));
#7533 = CARTESIAN_POINT('',(28.67,-0.620874968816,63.6676));
#7534 = PCURVE('',#2465,#7535);
#7535 = DEFINITIONAL_REPRESENTATION('',(#7536),#7540);
#7536 = LINE('',#7537,#7538);
#7537 = CARTESIAN_POINT('',(0.,6.291145965525));
#7538 = VECTOR('',#7539,1.);
#7539 = DIRECTION('',(1.,0.));
#7540 = ( GEOMETRIC_REPRESENTATION_CONTEXT(2) 
PARAMETRIC_REPRESENTATION_CONTEXT() REPRESENTATION_CONTEXT('2D SPACE',''
  ) );
#7541 = PCURVE('',#7463,#7542);
#7542 = DEFINITIONAL_REPRESENTATION('',(#7543),#7554);
#7543 = B_SPLINE_CURVE_WITH_KNOTS('',9,(#7544,#7545,#7546,#7547,#7548,
    #7549,#7550,#7551,#7552,#7553),.UNSPECIFIED.,.F.,.F.,(10,10),(0.,
    3.291145965521),.PIECEWISE_BEZIER_KNOTS.);
#7544 = CARTESIAN_POINT('',(0.,0.135237837838));
#7545 = CARTESIAN_POINT('',(0.157134840264,0.135237837838));
#7546 = CARTESIAN_POINT('',(0.325774716821,0.135237837838));
#7547 = CARTESIAN_POINT('',(0.50456638687,0.135237837838));
#7548 = CARTESIAN_POINT('',(0.690744851612,0.135237837838));
#7549 = CARTESIAN_POINT('',(0.880051475183,0.135237837838));
#7550 = CARTESIAN_POINT('',(1.066229939925,0.135237837838));
#7551 = CARTESIAN_POINT('',(1.245021609974,0.135237837838));
#7552 = CARTESIAN_POINT('',(1.413661486531,0.135237837838));
#7553 = CARTESIAN_POINT('',(1.570796326795,0.135237837838));
#7554 = ( GEOMETRIC_REPRESENTATION_CONTEXT(2) 
PARAMETRIC_REPRESENTATION_CONTEXT() REPRESENTATION_CONTEXT('2D SPACE',''
  ) );
#7555 = ORIENTED_EDGE('',*,*,#7475,.F.);
#7556 = ADVANCED_FACE('',(#7557),#2739,.T.);
#7557 = FACE_BOUND('',#7558,.T.);
#7558 = EDGE_LOOP('',(#7559,#7560,#7561,#7582));
#7559 = ORIENTED_EDGE('',*,*,#2935,.T.);
#7560 = ORIENTED_EDGE('',*,*,#2723,.T.);
#7561 = ORIENTED_EDGE('',*,*,#7562,.F.);
#7562 = EDGE_CURVE('',#3204,#2695,#7563,.T.);
#7563 = SURFACE_CURVE('',#7564,(#7568,#7575),.PCURVE_S1.);
#7564 = LINE('',#7565,#7566);
#7565 = CARTESIAN_POINT('',(-8.,28.0076,11.));
#7566 = VECTOR('',#7567,1.);
#7567 = DIRECTION('',(1.,0.,0.));
#7568 = PCURVE('',#2739,#7569);
#7569 = DEFINITIONAL_REPRESENTATION('',(#7570),#7574);
#7570 = LINE('',#7571,#7572);
#7571 = CARTESIAN_POINT('',(6.379635750094,0.));
#7572 = VECTOR('',#7573,1.);
#7573 = DIRECTION('',(0.,-1.));
#7574 = ( GEOMETRIC_REPRESENTATION_CONTEXT(2) 
PARAMETRIC_REPRESENTATION_CONTEXT() REPRESENTATION_CONTEXT('2D SPACE',''
  ) );
#7575 = PCURVE('',#2711,#7576);
#7576 = DEFINITIONAL_REPRESENTATION('',(#7577),#7581);
#7577 = LINE('',#7578,#7579);
#7578 = CARTESIAN_POINT('',(-1.570796326795,0.));
#7579 = VECTOR('',#7580,1.);
#7580 = DIRECTION('',(-0.,-1.));
#7581 = ( GEOMETRIC_REPRESENTATION_CONTEXT(2) 
PARAMETRIC_REPRESENTATION_CONTEXT() REPRESENTATION_CONTEXT('2D SPACE',''
  ) );
#7582 = ORIENTED_EDGE('',*,*,#3227,.F.);
#7583 = ADVANCED_FACE('',(#7584),#2711,.T.);
#7584 = FACE_BOUND('',#7585,.F.);
#7585 = EDGE_LOOP('',(#7586,#7607,#7608,#7609));
#7586 = ORIENTED_EDGE('',*,*,#7587,.T.);
#7587 = EDGE_CURVE('',#3181,#2667,#7588,.T.);
#7588 = SURFACE_CURVE('',#7589,(#7593,#7600),.PCURVE_S1.);
#7589 = LINE('',#7590,#7591);
#7590 = CARTESIAN_POINT('',(-8.,35.0076,4.));
#7591 = VECTOR('',#7592,1.);
#7592 = DIRECTION('',(1.,0.,0.));
#7593 = PCURVE('',#2711,#7594);
#7594 = DEFINITIONAL_REPRESENTATION('',(#7595),#7599);
#7595 = LINE('',#7596,#7597);
#7596 = CARTESIAN_POINT('',(-0.,0.));
#7597 = VECTOR('',#7598,1.);
#7598 = DIRECTION('',(-0.,-1.));
#7599 = ( GEOMETRIC_REPRESENTATION_CONTEXT(2) 
PARAMETRIC_REPRESENTATION_CONTEXT() REPRESENTATION_CONTEXT('2D SPACE',''
  ) );
#7600 = PCURVE('',#2682,#7601);
#7601 = DEFINITIONAL_REPRESENTATION('',(#7602),#7606);
#7602 = LINE('',#7603,#7604);
#7603 = CARTESIAN_POINT('',(1.,0.));
#7604 = VECTOR('',#7605,1.);
#7605 = DIRECTION('',(0.,-1.));
#7606 = ( GEOMETRIC_REPRESENTATION_CONTEXT(2) 
PARAMETRIC_REPRESENTATION_CONTEXT() REPRESENTATION_CONTEXT('2D SPACE',''
  ) );
#7607 = ORIENTED_EDGE('',*,*,#2694,.T.);
#7608 = ORIENTED_EDGE('',*,*,#7562,.F.);
#7609 = ORIENTED_EDGE('',*,*,#3203,.F.);
#7610 = ADVANCED_FACE('',(#7611),#2682,.F.);
#7611 = FACE_BOUND('',#7612,.F.);
#7612 = EDGE_LOOP('',(#7613,#7634,#7635,#7636));
#7613 = ORIENTED_EDGE('',*,*,#7614,.T.);
#7614 = EDGE_CURVE('',#3158,#2639,#7615,.T.);
#7615 = SURFACE_CURVE('',#7616,(#7620,#7627),.PCURVE_S1.);
#7616 = LINE('',#7617,#7618);
#7617 = CARTESIAN_POINT('',(-8.,35.0076,3.));
#7618 = VECTOR('',#7619,1.);
#7619 = DIRECTION('',(1.,0.,0.));
#7620 = PCURVE('',#2682,#7621);
#7621 = DEFINITIONAL_REPRESENTATION('',(#7622),#7626);
#7622 = LINE('',#7623,#7624);
#7623 = CARTESIAN_POINT('',(0.,0.));
#7624 = VECTOR('',#7625,1.);
#7625 = DIRECTION('',(0.,-1.));
#7626 = ( GEOMETRIC_REPRESENTATION_CONTEXT(2) 
PARAMETRIC_REPRESENTATION_CONTEXT() REPRESENTATION_CONTEXT('2D SPACE',''
  ) );
#7627 = PCURVE('',#2654,#7628);
#7628 = DEFINITIONAL_REPRESENTATION('',(#7629),#7633);
#7629 = LINE('',#7630,#7631);
#7630 = CARTESIAN_POINT('',(3.,0.));
#7631 = VECTOR('',#7632,1.);
#7632 = DIRECTION('',(0.,-1.));
#7633 = ( GEOMETRIC_REPRESENTATION_CONTEXT(2) 
PARAMETRIC_REPRESENTATION_CONTEXT() REPRESENTATION_CONTEXT('2D SPACE',''
  ) );
#7634 = ORIENTED_EDGE('',*,*,#2666,.T.);
#7635 = ORIENTED_EDGE('',*,*,#7587,.F.);
#7636 = ORIENTED_EDGE('',*,*,#3180,.F.);
#7637 = ADVANCED_FACE('',(#7638),#2654,.F.);
#7638 = FACE_BOUND('',#7639,.F.);
#7639 = EDGE_LOOP('',(#7640,#7661,#7662,#7663));
#7640 = ORIENTED_EDGE('',*,*,#7641,.T.);
#7641 = EDGE_CURVE('',#3135,#2611,#7642,.T.);
#7642 = SURFACE_CURVE('',#7643,(#7647,#7654),.PCURVE_S1.);
#7643 = LINE('',#7644,#7645);
#7644 = CARTESIAN_POINT('',(-8.,32.0076,3.));
#7645 = VECTOR('',#7646,1.);
#7646 = DIRECTION('',(1.,0.,0.));
#7647 = PCURVE('',#2654,#7648);
#7648 = DEFINITIONAL_REPRESENTATION('',(#7649),#7653);
#7649 = LINE('',#7650,#7651);
#7650 = CARTESIAN_POINT('',(0.,0.));
#7651 = VECTOR('',#7652,1.);
#7652 = DIRECTION('',(0.,-1.));
#7653 = ( GEOMETRIC_REPRESENTATION_CONTEXT(2) 
PARAMETRIC_REPRESENTATION_CONTEXT() REPRESENTATION_CONTEXT('2D SPACE',''
  ) );
#7654 = PCURVE('',#2626,#7655);
#7655 = DEFINITIONAL_REPRESENTATION('',(#7656),#7660);
#7656 = LINE('',#7657,#7658);
#7657 = CARTESIAN_POINT('',(3.,0.));
#7658 = VECTOR('',#7659,1.);
#7659 = DIRECTION('',(0.,-1.));
#7660 = ( GEOMETRIC_REPRESENTATION_CONTEXT(2) 
PARAMETRIC_REPRESENTATION_CONTEXT() REPRESENTATION_CONTEXT('2D SPACE',''
  ) );
#7661 = ORIENTED_EDGE('',*,*,#2638,.T.);
#7662 = ORIENTED_EDGE('',*,*,#7614,.F.);
#7663 = ORIENTED_EDGE('',*,*,#3157,.F.);
#7664 = ADVANCED_FACE('',(#7665),#2626,.F.);
#7665 = FACE_BOUND('',#7666,.F.);
#7666 = EDGE_LOOP('',(#7667,#7668,#7669,#7670));
#7667 = ORIENTED_EDGE('',*,*,#7116,.T.);
#7668 = ORIENTED_EDGE('',*,*,#2610,.T.);
#7669 = ORIENTED_EDGE('',*,*,#7641,.F.);
#7670 = ORIENTED_EDGE('',*,*,#3134,.F.);
#7671 = ADVANCED_FACE('',(#7672),#2793,.F.);
#7672 = FACE_BOUND('',#7673,.T.);
#7673 = EDGE_LOOP('',(#7674,#7695,#7696,#7697));
#7674 = ORIENTED_EDGE('',*,*,#7675,.T.);
#7675 = EDGE_CURVE('',#3253,#2777,#7676,.T.);
#7676 = SEAM_CURVE('',#7677,(#7681,#7688),.PCURVE_S1.);
#7677 = LINE('',#7678,#7679);
#7678 = CARTESIAN_POINT('',(-8.,29.6776,5.5));
#7679 = VECTOR('',#7680,1.);
#7680 = DIRECTION('',(1.,0.,0.));
#7681 = PCURVE('',#2793,#7682);
#7682 = DEFINITIONAL_REPRESENTATION('',(#7683),#7687);
#7683 = LINE('',#7684,#7685);
#7684 = CARTESIAN_POINT('',(-0.,0.));
#7685 = VECTOR('',#7686,1.);
#7686 = DIRECTION('',(-0.,-1.));
#7687 = ( GEOMETRIC_REPRESENTATION_CONTEXT(2) 
PARAMETRIC_REPRESENTATION_CONTEXT() REPRESENTATION_CONTEXT('2D SPACE',''
  ) );
#7688 = PCURVE('',#2793,#7689);
#7689 = DEFINITIONAL_REPRESENTATION('',(#7690),#7694);
#7690 = LINE('',#7691,#7692);
#7691 = CARTESIAN_POINT('',(-6.28318530718,0.));
#7692 = VECTOR('',#7693,1.);
#7693 = DIRECTION('',(-0.,-1.));
#7694 = ( GEOMETRIC_REPRESENTATION_CONTEXT(2) 
PARAMETRIC_REPRESENTATION_CONTEXT() REPRESENTATION_CONTEXT('2D SPACE',''
  ) );
#7695 = ORIENTED_EDGE('',*,*,#2776,.T.);
#7696 = ORIENTED_EDGE('',*,*,#7675,.F.);
#7697 = ORIENTED_EDGE('',*,*,#3252,.F.);
#7698 = ADVANCED_FACE('',(#7699),#2855,.F.);
#7699 = FACE_BOUND('',#7700,.F.);
#7700 = EDGE_LOOP('',(#7701,#7702,#7725,#7748));
#7701 = ORIENTED_EDGE('',*,*,#2839,.T.);
#7702 = ORIENTED_EDGE('',*,*,#7703,.T.);
#7703 = EDGE_CURVE('',#2840,#7704,#7706,.T.);
#7704 = VERTEX_POINT('',#7705);
#7705 = CARTESIAN_POINT('',(28.67,-16.865,63.6676));
#7706 = SURFACE_CURVE('',#7707,(#7711,#7718),.PCURVE_S1.);
#7707 = LINE('',#7708,#7709);
#7708 = CARTESIAN_POINT('',(28.67,-0.485637130978,63.6676));
#7709 = VECTOR('',#7710,1.);
#7710 = DIRECTION('',(0.,-1.,2.22044604925E-16));
#7711 = PCURVE('',#2855,#7712);
#7712 = DEFINITIONAL_REPRESENTATION('',(#7713),#7717);
#7713 = LINE('',#7714,#7715);
#7714 = CARTESIAN_POINT('',(1.,-19.08563713097));
#7715 = VECTOR('',#7716,1.);
#7716 = DIRECTION('',(0.,-1.));
#7717 = ( GEOMETRIC_REPRESENTATION_CONTEXT(2) 
PARAMETRIC_REPRESENTATION_CONTEXT() REPRESENTATION_CONTEXT('2D SPACE',''
  ) );
#7718 = PCURVE('',#7463,#7719);
#7719 = DEFINITIONAL_REPRESENTATION('',(#7720),#7724);
#7720 = LINE('',#7721,#7722);
#7721 = CARTESIAN_POINT('',(1.570796326795,0.));
#7722 = VECTOR('',#7723,1.);
#7723 = DIRECTION('',(0.,1.));
#7724 = ( GEOMETRIC_REPRESENTATION_CONTEXT(2) 
PARAMETRIC_REPRESENTATION_CONTEXT() REPRESENTATION_CONTEXT('2D SPACE',''
  ) );
#7725 = ORIENTED_EDGE('',*,*,#7726,.T.);
#7726 = EDGE_CURVE('',#7704,#7727,#7729,.T.);
#7727 = VERTEX_POINT('',#7728);
#7728 = CARTESIAN_POINT('',(28.67,-16.865,65.8876));
#7729 = SURFACE_CURVE('',#7730,(#7734,#7741),.PCURVE_S1.);
#7730 = LINE('',#7731,#7732);
#7731 = CARTESIAN_POINT('',(28.67,-16.865,62.6676));
#7732 = VECTOR('',#7733,1.);
#7733 = DIRECTION('',(0.,2.22044604925E-16,1.));
#7734 = PCURVE('',#2855,#7735);
#7735 = DEFINITIONAL_REPRESENTATION('',(#7736),#7740);
#7736 = LINE('',#7737,#7738);
#7737 = CARTESIAN_POINT('',(-7.874811913666E-15,-35.465));
#7738 = VECTOR('',#7739,1.);
#7739 = DIRECTION('',(1.,0.));
#7740 = ( GEOMETRIC_REPRESENTATION_CONTEXT(2) 
PARAMETRIC_REPRESENTATION_CONTEXT() REPRESENTATION_CONTEXT('2D SPACE',''
  ) );
#7741 = PCURVE('',#5494,#7742);
#7742 = DEFINITIONAL_REPRESENTATION('',(#7743),#7747);
#7743 = LINE('',#7744,#7745);
#7744 = CARTESIAN_POINT('',(-0.,0.));
#7745 = VECTOR('',#7746,1.);
#7746 = DIRECTION('',(-0.,1.));
#7747 = ( GEOMETRIC_REPRESENTATION_CONTEXT(2) 
PARAMETRIC_REPRESENTATION_CONTEXT() REPRESENTATION_CONTEXT('2D SPACE',''
  ) );
#7748 = ORIENTED_EDGE('',*,*,#7749,.F.);
#7749 = EDGE_CURVE('',#2810,#7727,#7750,.T.);
#7750 = SURFACE_CURVE('',#7751,(#7755,#7762),.PCURVE_S1.);
#7751 = LINE('',#7752,#7753);
#7752 = CARTESIAN_POINT('',(28.67,18.6,65.8876));
#7753 = VECTOR('',#7754,1.);
#7754 = DIRECTION('',(0.,-1.,2.22044604925E-16));
#7755 = PCURVE('',#2855,#7756);
#7756 = DEFINITIONAL_REPRESENTATION('',(#7757),#7761);
#7757 = LINE('',#7758,#7759);
#7758 = CARTESIAN_POINT('',(3.22,-7.149836278586E-16));
#7759 = VECTOR('',#7760,1.);
#7760 = DIRECTION('',(0.,-1.));
#7761 = ( GEOMETRIC_REPRESENTATION_CONTEXT(2) 
PARAMETRIC_REPRESENTATION_CONTEXT() REPRESENTATION_CONTEXT('2D SPACE',''
  ) );
#7762 = PCURVE('',#3039,#7763);
#7763 = DEFINITIONAL_REPRESENTATION('',(#7764),#7768);
#7764 = LINE('',#7765,#7766);
#7765 = CARTESIAN_POINT('',(-7.735178460313E-16,0.));
#7766 = VECTOR('',#7767,1.);
#7767 = DIRECTION('',(-0.,-1.));
#7768 = ( GEOMETRIC_REPRESENTATION_CONTEXT(2) 
PARAMETRIC_REPRESENTATION_CONTEXT() REPRESENTATION_CONTEXT('2D SPACE',''
  ) );
#7769 = ADVANCED_FACE('',(#7770),#3039,.T.);
#7770 = FACE_BOUND('',#7771,.F.);
#7771 = EDGE_LOOP('',(#7772,#7795,#7796,#7797));
#7772 = ORIENTED_EDGE('',*,*,#7773,.F.);
#7773 = EDGE_CURVE('',#2984,#7774,#7776,.T.);
#7774 = VERTEX_POINT('',#7775);
#7775 = CARTESIAN_POINT('',(27.500222215595,-16.865,69.101538048433));
#7776 = SURFACE_CURVE('',#7777,(#7781,#7788),.PCURVE_S1.);
#7777 = LINE('',#7778,#7779);
#7778 = CARTESIAN_POINT('',(27.500222215595,18.6,69.101538048433));
#7779 = VECTOR('',#7780,1.);
#7780 = DIRECTION('',(0.,-1.,2.22044604925E-16));
#7781 = PCURVE('',#3039,#7782);
#7782 = DEFINITIONAL_REPRESENTATION('',(#7783),#7787);
#7783 = LINE('',#7784,#7785);
#7784 = CARTESIAN_POINT('',(-0.698131700798,0.));
#7785 = VECTOR('',#7786,1.);
#7786 = DIRECTION('',(-0.,-1.));
#7787 = ( GEOMETRIC_REPRESENTATION_CONTEXT(2) 
PARAMETRIC_REPRESENTATION_CONTEXT() REPRESENTATION_CONTEXT('2D SPACE',''
  ) );
#7788 = PCURVE('',#3385,#7789);
#7789 = DEFINITIONAL_REPRESENTATION('',(#7790),#7794);
#7790 = LINE('',#7791,#7792);
#7791 = CARTESIAN_POINT('',(0.,0.));
#7792 = VECTOR('',#7793,1.);
#7793 = DIRECTION('',(0.,-1.));
#7794 = ( GEOMETRIC_REPRESENTATION_CONTEXT(2) 
PARAMETRIC_REPRESENTATION_CONTEXT() REPRESENTATION_CONTEXT('2D SPACE',''
  ) );
#7795 = ORIENTED_EDGE('',*,*,#3014,.T.);
#7796 = ORIENTED_EDGE('',*,*,#7749,.T.);
#7797 = ORIENTED_EDGE('',*,*,#7798,.T.);
#7798 = EDGE_CURVE('',#7727,#7774,#7799,.T.);
#7799 = SURFACE_CURVE('',#7800,(#7805,#7812),.PCURVE_S1.);
#7800 = CIRCLE('',#7801,5.);
#7801 = AXIS2_PLACEMENT_3D('',#7802,#7803,#7804);
#7802 = CARTESIAN_POINT('',(23.67,-16.865,65.8876));
#7803 = DIRECTION('',(0.,-1.,2.2369221865E-16));
#7804 = DIRECTION('',(1.,5.958883804314E-31,2.66387621361E-15));
#7805 = PCURVE('',#3039,#7806);
#7806 = DEFINITIONAL_REPRESENTATION('',(#7807),#7811);
#7807 = LINE('',#7808,#7809);
#7808 = CARTESIAN_POINT('',(-0.,-35.465));
#7809 = VECTOR('',#7810,1.);
#7810 = DIRECTION('',(-1.,0.));
#7811 = ( GEOMETRIC_REPRESENTATION_CONTEXT(2) 
PARAMETRIC_REPRESENTATION_CONTEXT() REPRESENTATION_CONTEXT('2D SPACE',''
  ) );
#7812 = PCURVE('',#5523,#7813);
#7813 = DEFINITIONAL_REPRESENTATION('',(#7814),#7818);
#7814 = LINE('',#7815,#7816);
#7815 = CARTESIAN_POINT('',(0.,0.));
#7816 = VECTOR('',#7817,1.);
#7817 = DIRECTION('',(1.,0.));
#7818 = ( GEOMETRIC_REPRESENTATION_CONTEXT(2) 
PARAMETRIC_REPRESENTATION_CONTEXT() REPRESENTATION_CONTEXT('2D SPACE',''
  ) );
#7819 = ADVANCED_FACE('',(#7820),#3297,.F.);
#7820 = FACE_BOUND('',#7821,.F.);
#7821 = EDGE_LOOP('',(#7822,#7854,#7855,#7856));
#7822 = ORIENTED_EDGE('',*,*,#7823,.F.);
#7823 = EDGE_CURVE('',#3504,#7824,#7826,.T.);
#7824 = VERTEX_POINT('',#7825);
#7825 = CARTESIAN_POINT('',(21.972307345926,-2.,75.689450453916));
#7826 = SURFACE_CURVE('',#7827,(#7832,#7842),.PCURVE_S1.);
#7827 = CIRCLE('',#7828,2.);
#7828 = AXIS2_PLACEMENT_3D('',#7829,#7830,#7831);
#7829 = CARTESIAN_POINT('',(20.440218459688,-2.,74.403875234542));
#7830 = DIRECTION('',(0.642787609687,0.,-0.766044443119));
#7831 = DIRECTION('',(0.,1.,0.));
#7832 = PCURVE('',#3297,#7833);
#7833 = DEFINITIONAL_REPRESENTATION('',(#7834),#7841);
#7834 = B_SPLINE_CURVE_WITH_KNOTS('',5,(#7835,#7836,#7837,#7838,#7839,
    #7840),.UNSPECIFIED.,.F.,.F.,(6,6),(0.,1.570796326795),
  .PIECEWISE_BEZIER_KNOTS.);
#7835 = CARTESIAN_POINT('',(0.,-2.775557561563E-16));
#7836 = CARTESIAN_POINT('',(0.,0.2));
#7837 = CARTESIAN_POINT('',(0.,0.399965660628));
#7838 = CARTESIAN_POINT('',(0.,0.600034339372));
#7839 = CARTESIAN_POINT('',(0.,0.8));
#7840 = CARTESIAN_POINT('',(0.,1.));
#7841 = ( GEOMETRIC_REPRESENTATION_CONTEXT(2) 
PARAMETRIC_REPRESENTATION_CONTEXT() REPRESENTATION_CONTEXT('2D SPACE',''
  ) );
#7842 = PCURVE('',#7843,#7848);
#7843 = CYLINDRICAL_SURFACE('',#7844,2.);
#7844 = AXIS2_PLACEMENT_3D('',#7845,#7846,#7847);
#7845 = CARTESIAN_POINT('',(19.064249974803,-2.,76.043690619701));
#7846 = DIRECTION('',(0.642787609687,0.,-0.766044443119));
#7847 = DIRECTION('',(0.,1.,0.));
#7848 = DEFINITIONAL_REPRESENTATION('',(#7849),#7853);
#7849 = LINE('',#7850,#7851);
#7850 = CARTESIAN_POINT('',(0.,2.140626956945));
#7851 = VECTOR('',#7852,1.);
#7852 = DIRECTION('',(1.,0.));
#7853 = ( GEOMETRIC_REPRESENTATION_CONTEXT(2) 
PARAMETRIC_REPRESENTATION_CONTEXT() REPRESENTATION_CONTEXT('2D SPACE',''
  ) );
#7854 = ORIENTED_EDGE('',*,*,#3503,.T.);
#7855 = ORIENTED_EDGE('',*,*,#3279,.T.);
#7856 = ORIENTED_EDGE('',*,*,#7857,.F.);
#7857 = EDGE_CURVE('',#7824,#3280,#7858,.T.);
#7858 = SURFACE_CURVE('',#7859,(#7871,#7878),.PCURVE_S1.);
#7859 = B_SPLINE_CURVE_WITH_KNOTS('',10,(#7860,#7861,#7862,#7863,#7864,
    #7865,#7866,#7867,#7868,#7869,#7870),.UNSPECIFIED.,.F.,.F.,(11,11),(
    0.,1.),.PIECEWISE_BEZIER_KNOTS.);
#7860 = CARTESIAN_POINT('',(21.972307345926,-2.,75.689450453916));
#7861 = CARTESIAN_POINT('',(22.063154565404,-2.,75.581182953726));
#7862 = CARTESIAN_POINT('',(22.150500213821,-1.999571147582,
    75.477088463411));
#7863 = CARTESIAN_POINT('',(22.246779400006,-2.002568149526,
    75.362347397418));
#7864 = CARTESIAN_POINT('',(22.329252240706,-1.990330403863,
    75.26406009316));
#7865 = CARTESIAN_POINT('',(22.423754325144,-2.013272719926,
    75.1514368946));
#7866 = CARTESIAN_POINT('',(22.516263224705,-1.975411973243,
    75.041189081127));
#7867 = CARTESIAN_POINT('',(22.599095392501,-1.974342608434,
    74.94247354763));
#7868 = CARTESIAN_POINT('',(22.694669571937,-1.955967031818,
    74.8285726759));
#7869 = CARTESIAN_POINT('',(22.781578291876,-1.94239527467,
    74.724998896697));
#7870 = CARTESIAN_POINT('',(22.871941948994,-1.927831347868,
    74.617307683687));
#7871 = PCURVE('',#3297,#7872);
#7872 = DEFINITIONAL_REPRESENTATION('',(#7873),#7877);
#7873 = LINE('',#7874,#7875);
#7874 = CARTESIAN_POINT('',(0.,1.));
#7875 = VECTOR('',#7876,1.);
#7876 = DIRECTION('',(1.,0.));
#7877 = ( GEOMETRIC_REPRESENTATION_CONTEXT(2) 
PARAMETRIC_REPRESENTATION_CONTEXT() REPRESENTATION_CONTEXT('2D SPACE',''
  ) );
#7878 = PCURVE('',#3385,#7879);
#7879 = DEFINITIONAL_REPRESENTATION('',(#7880),#7892);
#7880 = B_SPLINE_CURVE_WITH_KNOTS('',10,(#7881,#7882,#7883,#7884,#7885,
    #7886,#7887,#7888,#7889,#7890,#7891),.UNSPECIFIED.,.F.,.F.,(11,11),(
    0.,1.),.PIECEWISE_BEZIER_KNOTS.);
#7881 = CARTESIAN_POINT('',(8.5999088756,-20.6));
#7882 = CARTESIAN_POINT('',(8.458575691654,-20.6));
#7883 = CARTESIAN_POINT('',(8.322689985227,-20.59957114758));
#7884 = CARTESIAN_POINT('',(8.172906161275,-20.60256814952));
#7885 = CARTESIAN_POINT('',(8.044601197881,-20.59033040386));
#7886 = CARTESIAN_POINT('',(7.897582053491,-20.61327271992));
#7887 = CARTESIAN_POINT('',(7.753663754191,-20.57541197324));
#7888 = CARTESIAN_POINT('',(7.624799777164,-20.57434260843));
#7889 = CARTESIAN_POINT('',(7.476112748961,-20.55596703181));
#7890 = CARTESIAN_POINT('',(7.340906782599,-20.54239527467));
#7891 = CARTESIAN_POINT('',(7.200325888138,-20.52783134786));
#7892 = ( GEOMETRIC_REPRESENTATION_CONTEXT(2) 
PARAMETRIC_REPRESENTATION_CONTEXT() REPRESENTATION_CONTEXT('2D SPACE',''
  ) );
#7893 = ADVANCED_FACE('',(#7894),#3385,.F.);
#7894 = FACE_BOUND('',#7895,.F.);
#7895 = EDGE_LOOP('',(#7896,#7926,#7947,#7948,#7949,#7950));
#7896 = ORIENTED_EDGE('',*,*,#7897,.F.);
#7897 = EDGE_CURVE('',#7898,#7900,#7902,.T.);
#7898 = VERTEX_POINT('',#7899);
#7899 = CARTESIAN_POINT('',(20.596338861041,-2.,77.329265839074));
#7900 = VERTEX_POINT('',#7901);
#7901 = CARTESIAN_POINT('',(20.596338861041,-16.865,77.329265839074));
#7902 = SURFACE_CURVE('',#7903,(#7907,#7914),.PCURVE_S1.);
#7903 = LINE('',#7904,#7905);
#7904 = CARTESIAN_POINT('',(20.596338861041,18.6,77.329265839074));
#7905 = VECTOR('',#7906,1.);
#7906 = DIRECTION('',(0.,-1.,2.22044604925E-16));
#7907 = PCURVE('',#3385,#7908);
#7908 = DEFINITIONAL_REPRESENTATION('',(#7909),#7913);
#7909 = LINE('',#7910,#7911);
#7910 = CARTESIAN_POINT('',(10.740535832545,-1.826922566704E-15));
#7911 = VECTOR('',#7912,1.);
#7912 = DIRECTION('',(0.,-1.));
#7913 = ( GEOMETRIC_REPRESENTATION_CONTEXT(2) 
PARAMETRIC_REPRESENTATION_CONTEXT() REPRESENTATION_CONTEXT('2D SPACE',''
  ) );
#7914 = PCURVE('',#7915,#7920);
#7915 = PLANE('',#7916);
#7916 = AXIS2_PLACEMENT_3D('',#7917,#7918,#7919);
#7917 = CARTESIAN_POINT('',(18.5,18.6,75.));
#7918 = DIRECTION('',(-0.743294208785,1.485399941129E-16,0.668964662136)
  );
#7919 = DIRECTION('',(0.668964662136,1.650444689326E-16,0.743294208785)
  );
#7920 = DEFINITIONAL_REPRESENTATION('',(#7921),#7925);
#7921 = LINE('',#7922,#7923);
#7922 = CARTESIAN_POINT('',(3.133706426803,3.035512765798E-15));
#7923 = VECTOR('',#7924,1.);
#7924 = DIRECTION('',(0.,-1.));
#7925 = ( GEOMETRIC_REPRESENTATION_CONTEXT(2) 
PARAMETRIC_REPRESENTATION_CONTEXT() REPRESENTATION_CONTEXT('2D SPACE',''
  ) );
#7926 = ORIENTED_EDGE('',*,*,#7927,.T.);
#7927 = EDGE_CURVE('',#7898,#7824,#7928,.T.);
#7928 = SURFACE_CURVE('',#7929,(#7933,#7940),.PCURVE_S1.);
#7929 = LINE('',#7930,#7931);
#7930 = CARTESIAN_POINT('',(20.596338861041,-2.,77.329265839074));
#7931 = VECTOR('',#7932,1.);
#7932 = DIRECTION('',(0.642787609687,0.,-0.766044443119));
#7933 = PCURVE('',#3385,#7934);
#7934 = DEFINITIONAL_REPRESENTATION('',(#7935),#7939);
#7935 = LINE('',#7936,#7937);
#7936 = CARTESIAN_POINT('',(10.740535832545,-20.6));
#7937 = VECTOR('',#7938,1.);
#7938 = DIRECTION('',(-1.,1.700960357274E-16));
#7939 = ( GEOMETRIC_REPRESENTATION_CONTEXT(2) 
PARAMETRIC_REPRESENTATION_CONTEXT() REPRESENTATION_CONTEXT('2D SPACE',''
  ) );
#7940 = PCURVE('',#7843,#7941);
#7941 = DEFINITIONAL_REPRESENTATION('',(#7942),#7946);
#7942 = LINE('',#7943,#7944);
#7943 = CARTESIAN_POINT('',(1.570796326795,0.));
#7944 = VECTOR('',#7945,1.);
#7945 = DIRECTION('',(0.,1.));
#7946 = ( GEOMETRIC_REPRESENTATION_CONTEXT(2) 
PARAMETRIC_REPRESENTATION_CONTEXT() REPRESENTATION_CONTEXT('2D SPACE',''
  ) );
#7947 = ORIENTED_EDGE('',*,*,#7857,.T.);
#7948 = ORIENTED_EDGE('',*,*,#3371,.T.);
#7949 = ORIENTED_EDGE('',*,*,#7773,.T.);
#7950 = ORIENTED_EDGE('',*,*,#7951,.T.);
#7951 = EDGE_CURVE('',#7774,#7900,#7952,.T.);
#7952 = SURFACE_CURVE('',#7953,(#7957,#7964),.PCURVE_S1.);
#7953 = LINE('',#7954,#7955);
#7954 = CARTESIAN_POINT('',(27.500222215595,-16.865,69.101538048433));
#7955 = VECTOR('',#7956,1.);
#7956 = DIRECTION('',(-0.642787609687,1.700960357274E-16,0.766044443119)
  );
#7957 = PCURVE('',#3385,#7958);
#7958 = DEFINITIONAL_REPRESENTATION('',(#7959),#7963);
#7959 = LINE('',#7960,#7961);
#7960 = CARTESIAN_POINT('',(7.137330712977E-15,-35.465));
#7961 = VECTOR('',#7962,1.);
#7962 = DIRECTION('',(1.,0.));
#7963 = ( GEOMETRIC_REPRESENTATION_CONTEXT(2) 
PARAMETRIC_REPRESENTATION_CONTEXT() REPRESENTATION_CONTEXT('2D SPACE',''
  ) );
#7964 = PCURVE('',#5551,#7965);
#7965 = DEFINITIONAL_REPRESENTATION('',(#7966),#7970);
#7966 = LINE('',#7967,#7968);
#7967 = CARTESIAN_POINT('',(-0.,0.));
#7968 = VECTOR('',#7969,1.);
#7969 = DIRECTION('',(-0.,1.));
#7970 = ( GEOMETRIC_REPRESENTATION_CONTEXT(2) 
PARAMETRIC_REPRESENTATION_CONTEXT() REPRESENTATION_CONTEXT('2D SPACE',''
  ) );
#7971 = ADVANCED_FACE('',(#7972),#3590,.T.);
#7972 = FACE_BOUND('',#7973,.T.);
#7973 = EDGE_LOOP('',(#7974,#8006,#8007,#8008));
#7974 = ORIENTED_EDGE('',*,*,#7975,.F.);
#7975 = EDGE_CURVE('',#3538,#7976,#7978,.T.);
#7976 = VERTEX_POINT('',#7977);
#7977 = CARTESIAN_POINT('',(-21.97230734592,-2.,75.689450453915));
#7978 = SURFACE_CURVE('',#7979,(#7984,#7994),.PCURVE_S1.);
#7979 = CIRCLE('',#7980,2.);
#7980 = AXIS2_PLACEMENT_3D('',#7981,#7982,#7983);
#7981 = CARTESIAN_POINT('',(-20.44021845968,-2.,74.403875234542));
#7982 = DIRECTION('',(0.642787609687,-0.,0.766044443119));
#7983 = DIRECTION('',(0.,1.,0.));
#7984 = PCURVE('',#3590,#7985);
#7985 = DEFINITIONAL_REPRESENTATION('',(#7986),#7993);
#7986 = B_SPLINE_CURVE_WITH_KNOTS('',5,(#7987,#7988,#7989,#7990,#7991,
    #7992),.UNSPECIFIED.,.F.,.F.,(6,6),(0.,1.570796326795),
  .PIECEWISE_BEZIER_KNOTS.);
#7987 = CARTESIAN_POINT('',(0.,0.));
#7988 = CARTESIAN_POINT('',(0.,0.2));
#7989 = CARTESIAN_POINT('',(0.,0.399965660628));
#7990 = CARTESIAN_POINT('',(0.,0.600034339372));
#7991 = CARTESIAN_POINT('',(0.,0.8));
#7992 = CARTESIAN_POINT('',(0.,1.));
#7993 = ( GEOMETRIC_REPRESENTATION_CONTEXT(2) 
PARAMETRIC_REPRESENTATION_CONTEXT() REPRESENTATION_CONTEXT('2D SPACE',''
  ) );
#7994 = PCURVE('',#7995,#8000);
#7995 = CYLINDRICAL_SURFACE('',#7996,2.);
#7996 = AXIS2_PLACEMENT_3D('',#7997,#7998,#7999);
#7997 = CARTESIAN_POINT('',(-19.0642499748,-2.,76.043690619701));
#7998 = DIRECTION('',(-0.642787609687,0.,-0.766044443119));
#7999 = DIRECTION('',(0.,1.,0.));
#8000 = DEFINITIONAL_REPRESENTATION('',(#8001),#8005);
#8001 = LINE('',#8002,#8003);
#8002 = CARTESIAN_POINT('',(-0.,2.140626956945));
#8003 = VECTOR('',#8004,1.);
#8004 = DIRECTION('',(-1.,0.));
#8005 = ( GEOMETRIC_REPRESENTATION_CONTEXT(2) 
PARAMETRIC_REPRESENTATION_CONTEXT() REPRESENTATION_CONTEXT('2D SPACE',''
  ) );
#8006 = ORIENTED_EDGE('',*,*,#3565,.T.);
#8007 = ORIENTED_EDGE('',*,*,#3745,.T.);
#8008 = ORIENTED_EDGE('',*,*,#8009,.F.);
#8009 = EDGE_CURVE('',#7976,#3746,#8010,.T.);
#8010 = SURFACE_CURVE('',#8011,(#8023,#8030),.PCURVE_S1.);
#8011 = B_SPLINE_CURVE_WITH_KNOTS('',10,(#8012,#8013,#8014,#8015,#8016,
    #8017,#8018,#8019,#8020,#8021,#8022),.UNSPECIFIED.,.F.,.F.,(11,11),(
    0.,1.),.PIECEWISE_BEZIER_KNOTS.);
#8012 = CARTESIAN_POINT('',(-21.97230734592,-2.,75.689450453915));
#8013 = CARTESIAN_POINT('',(-22.0631545654,-2.,75.581182953726));
#8014 = CARTESIAN_POINT('',(-22.15050021382,-1.999571147582,
    75.477088463418));
#8015 = CARTESIAN_POINT('',(-22.2467794,-2.002568149526,75.36234739741)
  );
#8016 = CARTESIAN_POINT('',(-22.3292522407,-1.990330403864,
    75.264060093177));
#8017 = CARTESIAN_POINT('',(-22.42375432514,-2.013272719926,
    75.151436894588));
#8018 = CARTESIAN_POINT('',(-22.5162632247,-1.975411973243,
    75.04118908114));
#8019 = CARTESIAN_POINT('',(-22.5990953925,-1.974342608434,
    74.942473547626));
#8020 = CARTESIAN_POINT('',(-22.69466957193,-1.955967031818,
    74.828572675903));
#8021 = CARTESIAN_POINT('',(-22.78157829187,-1.94239527467,
    74.724998896697));
#8022 = CARTESIAN_POINT('',(-22.87194194899,-1.927831347868,
    74.617307683687));
#8023 = PCURVE('',#3590,#8024);
#8024 = DEFINITIONAL_REPRESENTATION('',(#8025),#8029);
#8025 = LINE('',#8026,#8027);
#8026 = CARTESIAN_POINT('',(0.,1.));
#8027 = VECTOR('',#8028,1.);
#8028 = DIRECTION('',(1.,0.));
#8029 = ( GEOMETRIC_REPRESENTATION_CONTEXT(2) 
PARAMETRIC_REPRESENTATION_CONTEXT() REPRESENTATION_CONTEXT('2D SPACE',''
  ) );
#8030 = PCURVE('',#3786,#8031);
#8031 = DEFINITIONAL_REPRESENTATION('',(#8032),#8044);
#8032 = B_SPLINE_CURVE_WITH_KNOTS('',10,(#8033,#8034,#8035,#8036,#8037,
    #8038,#8039,#8040,#8041,#8042,#8043),.UNSPECIFIED.,.F.,.F.,(11,11),(
    0.,1.),.PIECEWISE_BEZIER_KNOTS.);
#8033 = CARTESIAN_POINT('',(-8.5999088756,-20.6));
#8034 = CARTESIAN_POINT('',(-8.458575691654,-20.6));
#8035 = CARTESIAN_POINT('',(-8.322689985232,-20.59957114758));
#8036 = CARTESIAN_POINT('',(-8.17290616127,-20.60256814952));
#8037 = CARTESIAN_POINT('',(-8.044601197893,-20.59033040386));
#8038 = CARTESIAN_POINT('',(-7.897582053482,-20.61327271992));
#8039 = CARTESIAN_POINT('',(-7.753663754201,-20.57541197324));
#8040 = CARTESIAN_POINT('',(-7.62479977716,-20.57434260843));
#8041 = CARTESIAN_POINT('',(-7.476112748964,-20.55596703181));
#8042 = CARTESIAN_POINT('',(-7.340906782599,-20.54239527467));
#8043 = CARTESIAN_POINT('',(-7.200325888138,-20.52783134786));
#8044 = ( GEOMETRIC_REPRESENTATION_CONTEXT(2) 
PARAMETRIC_REPRESENTATION_CONTEXT() REPRESENTATION_CONTEXT('2D SPACE',''
  ) );
#8045 = ADVANCED_FACE('',(#8046,#8506,#8620,#8734),#3553,.T.);
#8046 = FACE_BOUND('',#8047,.T.);
#8047 = EDGE_LOOP('',(#8048,#8049,#8072,#8100,#8123,#8152,#8180,#8209,
    #8238,#8267,#8295,#8324,#8353,#8382,#8410,#8439,#8462,#8485));
#8048 = ORIENTED_EDGE('',*,*,#3537,.T.);
#8049 = ORIENTED_EDGE('',*,*,#8050,.F.);
#8050 = EDGE_CURVE('',#8051,#3538,#8053,.T.);
#8051 = VERTEX_POINT('',#8052);
#8052 = CARTESIAN_POINT('',(-19.24521850799,-2.452191920566E-15,
    75.828020720117));
#8053 = SURFACE_CURVE('',#8054,(#8058,#8065),.PCURVE_S1.);
#8054 = LINE('',#8055,#8056);
#8055 = CARTESIAN_POINT('',(-19.0642499748,-2.452191920566E-15,
    76.043690619701));
#8056 = VECTOR('',#8057,1.);
#8057 = DIRECTION('',(-0.642787609687,0.,-0.766044443119));
#8058 = PCURVE('',#3553,#8059);
#8059 = DEFINITIONAL_REPRESENTATION('',(#8060),#8064);
#8060 = LINE('',#8061,#8062);
#8061 = CARTESIAN_POINT('',(1.639815385158,-163.0961586369));
#8062 = VECTOR('',#8063,1.);
#8063 = DIRECTION('',(-0.766044443119,-0.642787609687));
#8064 = ( GEOMETRIC_REPRESENTATION_CONTEXT(2) 
PARAMETRIC_REPRESENTATION_CONTEXT() REPRESENTATION_CONTEXT('2D SPACE',''
  ) );
#8065 = PCURVE('',#7995,#8066);
#8066 = DEFINITIONAL_REPRESENTATION('',(#8067),#8071);
#8067 = LINE('',#8068,#8069);
#8068 = CARTESIAN_POINT('',(-0.,0.));
#8069 = VECTOR('',#8070,1.);
#8070 = DIRECTION('',(-0.,1.));
#8071 = ( GEOMETRIC_REPRESENTATION_CONTEXT(2) 
PARAMETRIC_REPRESENTATION_CONTEXT() REPRESENTATION_CONTEXT('2D SPACE',''
  ) );
#8072 = ORIENTED_EDGE('',*,*,#8073,.F.);
#8073 = EDGE_CURVE('',#8074,#8051,#8076,.T.);
#8074 = VERTEX_POINT('',#8075);
#8075 = CARTESIAN_POINT('',(-20.59633886104,5.930221116226E-16,
    77.329265839074));
#8076 = SURFACE_CURVE('',#8077,(#8081,#8088),.PCURVE_S1.);
#8077 = LINE('',#8078,#8079);
#8078 = CARTESIAN_POINT('',(18.015837277682,5.551115123126E-16,
    34.426839841221));
#8079 = VECTOR('',#8080,1.);
#8080 = DIRECTION('',(0.668964662136,0.,-0.743294208785));
#8081 = PCURVE('',#3553,#8082);
#8082 = DEFINITIONAL_REPRESENTATION('',(#8083),#8087);
#8083 = LINE('',#8084,#8085);
#8084 = CARTESIAN_POINT('',(-39.97703539332,-126.0160713844));
#8085 = VECTOR('',#8086,1.);
#8086 = DIRECTION('',(-0.743294208785,0.668964662136));
#8087 = ( GEOMETRIC_REPRESENTATION_CONTEXT(2) 
PARAMETRIC_REPRESENTATION_CONTEXT() REPRESENTATION_CONTEXT('2D SPACE',''
  ) );
#8088 = PCURVE('',#8089,#8094);
#8089 = PLANE('',#8090);
#8090 = AXIS2_PLACEMENT_3D('',#8091,#8092,#8093);
#8091 = CARTESIAN_POINT('',(-18.5,18.6,75.));
#8092 = DIRECTION('',(-0.743294208785,-1.485399941129E-16,
    -0.668964662136));
#8093 = DIRECTION('',(-0.668964662136,1.650444689326E-16,0.743294208785)
  );
#8094 = DEFINITIONAL_REPRESENTATION('',(#8095),#8099);
#8095 = LINE('',#8096,#8097);
#8096 = CARTESIAN_POINT('',(-54.5855997252,-18.6));
#8097 = VECTOR('',#8098,1.);
#8098 = DIRECTION('',(-1.,1.650444689326E-16));
#8099 = ( GEOMETRIC_REPRESENTATION_CONTEXT(2) 
PARAMETRIC_REPRESENTATION_CONTEXT() REPRESENTATION_CONTEXT('2D SPACE',''
  ) );
#8100 = ORIENTED_EDGE('',*,*,#8101,.F.);
#8101 = EDGE_CURVE('',#8102,#8074,#8104,.T.);
#8102 = VERTEX_POINT('',#8103);
#8103 = CARTESIAN_POINT('',(-22.48658841756,1.266667839569E-16,
    79.429543518971));
#8104 = SURFACE_CURVE('',#8105,(#8109,#8116),.PCURVE_S1.);
#8105 = LINE('',#8106,#8107);
#8106 = CARTESIAN_POINT('',(18.015837277682,5.551115123126E-16,
    34.426839841221));
#8107 = VECTOR('',#8108,1.);
#8108 = DIRECTION('',(0.668964662136,0.,-0.743294208785));
#8109 = PCURVE('',#3553,#8110);
#8110 = DEFINITIONAL_REPRESENTATION('',(#8111),#8115);
#8111 = LINE('',#8112,#8113);
#8112 = CARTESIAN_POINT('',(-39.97703539332,-126.0160713844));
#8113 = VECTOR('',#8114,1.);
#8114 = DIRECTION('',(-0.743294208785,0.668964662136));
#8115 = ( GEOMETRIC_REPRESENTATION_CONTEXT(2) 
PARAMETRIC_REPRESENTATION_CONTEXT() REPRESENTATION_CONTEXT('2D SPACE',''
  ) );
#8116 = PCURVE('',#8089,#8117);
#8117 = DEFINITIONAL_REPRESENTATION('',(#8118),#8122);
#8118 = LINE('',#8119,#8120);
#8119 = CARTESIAN_POINT('',(-54.5855997252,-18.6));
#8120 = VECTOR('',#8121,1.);
#8121 = DIRECTION('',(-1.,1.650444689326E-16));
#8122 = ( GEOMETRIC_REPRESENTATION_CONTEXT(2) 
PARAMETRIC_REPRESENTATION_CONTEXT() REPRESENTATION_CONTEXT('2D SPACE',''
  ) );
#8123 = ORIENTED_EDGE('',*,*,#8124,.T.);
#8124 = EDGE_CURVE('',#8102,#8125,#8127,.T.);
#8125 = VERTEX_POINT('',#8126);
#8126 = CARTESIAN_POINT('',(-23.,-1.704132042688E-16,80.767472843244));
#8127 = SURFACE_CURVE('',#8128,(#8133,#8140),.PCURVE_S1.);
#8128 = CIRCLE('',#8129,2.);
#8129 = AXIS2_PLACEMENT_3D('',#8130,#8131,#8132);
#8130 = CARTESIAN_POINT('',(-21.,-1.704132042688E-16,80.767472843244));
#8131 = DIRECTION('',(0.,1.,-2.22044604925E-16));
#8132 = DIRECTION('',(1.,0.,0.));
#8133 = PCURVE('',#3553,#8134);
#8134 = DEFINITIONAL_REPRESENTATION('',(#8135),#8139);
#8135 = CIRCLE('',#8136,2.);
#8136 = AXIS2_PLACEMENT_2D('',#8137,#8138);
#8137 = CARTESIAN_POINT('',(6.363597608702,-165.0319086621));
#8138 = DIRECTION('',(0.,1.));
#8139 = ( GEOMETRIC_REPRESENTATION_CONTEXT(2) 
PARAMETRIC_REPRESENTATION_CONTEXT() REPRESENTATION_CONTEXT('2D SPACE',''
  ) );
#8140 = PCURVE('',#8141,#8146);
#8141 = CYLINDRICAL_SURFACE('',#8142,2.);
#8142 = AXIS2_PLACEMENT_3D('',#8143,#8144,#8145);
#8143 = CARTESIAN_POINT('',(-21.,18.6,80.767472843244));
#8144 = DIRECTION('',(0.,1.,-2.22044604925E-16));
#8145 = DIRECTION('',(1.,0.,0.));
#8146 = DEFINITIONAL_REPRESENTATION('',(#8147),#8151);
#8147 = LINE('',#8148,#8149);
#8148 = CARTESIAN_POINT('',(-6.28318530718,-18.6));
#8149 = VECTOR('',#8150,1.);
#8150 = DIRECTION('',(1.,-0.));
#8151 = ( GEOMETRIC_REPRESENTATION_CONTEXT(2) 
PARAMETRIC_REPRESENTATION_CONTEXT() REPRESENTATION_CONTEXT('2D SPACE',''
  ) );
#8152 = ORIENTED_EDGE('',*,*,#8153,.F.);
#8153 = EDGE_CURVE('',#8154,#8125,#8156,.T.);
#8154 = VERTEX_POINT('',#8155);
#8155 = CARTESIAN_POINT('',(-23.,7.008570366339E-16,108.84362051097));
#8156 = SURFACE_CURVE('',#8157,(#8161,#8168),.PCURVE_S1.);
#8157 = LINE('',#8158,#8159);
#8158 = CARTESIAN_POINT('',(-23.,-8.520660213442E-17,77.585674038893));
#8159 = VECTOR('',#8160,1.);
#8160 = DIRECTION('',(0.,0.,-1.));
#8161 = PCURVE('',#3553,#8162);
#8162 = DEFINITIONAL_REPRESENTATION('',(#8163),#8167);
#8163 = LINE('',#8164,#8165);
#8164 = CARTESIAN_POINT('',(3.181798804351,-167.0319086621));
#8165 = VECTOR('',#8166,1.);
#8166 = DIRECTION('',(-1.,0.));
#8167 = ( GEOMETRIC_REPRESENTATION_CONTEXT(2) 
PARAMETRIC_REPRESENTATION_CONTEXT() REPRESENTATION_CONTEXT('2D SPACE',''
  ) );
#8168 = PCURVE('',#8169,#8174);
#8169 = PLANE('',#8170);
#8170 = AXIS2_PLACEMENT_3D('',#8171,#8172,#8173);
#8171 = CARTESIAN_POINT('',(-23.,18.6,80.767472843244));
#8172 = DIRECTION('',(-1.,0.,0.));
#8173 = DIRECTION('',(0.,2.22044604925E-16,1.));
#8174 = DEFINITIONAL_REPRESENTATION('',(#8175),#8179);
#8175 = LINE('',#8176,#8177);
#8176 = CARTESIAN_POINT('',(-3.181798804351,-18.6));
#8177 = VECTOR('',#8178,1.);
#8178 = DIRECTION('',(-1.,2.22044604925E-16));
#8179 = ( GEOMETRIC_REPRESENTATION_CONTEXT(2) 
PARAMETRIC_REPRESENTATION_CONTEXT() REPRESENTATION_CONTEXT('2D SPACE',''
  ) );
#8180 = ORIENTED_EDGE('',*,*,#8181,.T.);
#8181 = EDGE_CURVE('',#8154,#8182,#8184,.T.);
#8182 = VERTEX_POINT('',#8183);
#8183 = CARTESIAN_POINT('',(-22.24936745465,4.836423111652E-16,
    109.82186866765));
#8184 = SURFACE_CURVE('',#8185,(#8190,#8197),.PCURVE_S1.);
#8185 = CIRCLE('',#8186,1.012758295379);
#8186 = AXIS2_PLACEMENT_3D('',#8187,#8188,#8189);
#8187 = CARTESIAN_POINT('',(-21.98724170462,7.008570366339E-16,
    108.84362051097));
#8188 = DIRECTION('',(0.,1.,-2.22044604925E-16));
#8189 = DIRECTION('',(1.,0.,0.));
#8190 = PCURVE('',#3553,#8191);
#8191 = DEFINITIONAL_REPRESENTATION('',(#8192),#8196);
#8192 = CIRCLE('',#8193,1.012758295379);
#8193 = AXIS2_PLACEMENT_2D('',#8194,#8195);
#8194 = CARTESIAN_POINT('',(34.439745276433,-166.0191503667));
#8195 = DIRECTION('',(0.,1.));
#8196 = ( GEOMETRIC_REPRESENTATION_CONTEXT(2) 
PARAMETRIC_REPRESENTATION_CONTEXT() REPRESENTATION_CONTEXT('2D SPACE',''
  ) );
#8197 = PCURVE('',#8198,#8203);
#8198 = CYLINDRICAL_SURFACE('',#8199,1.012758295379);
#8199 = AXIS2_PLACEMENT_3D('',#8200,#8201,#8202);
#8200 = CARTESIAN_POINT('',(-21.98724170462,18.6,108.84362051097));
#8201 = DIRECTION('',(0.,1.,-2.22044604925E-16));
#8202 = DIRECTION('',(1.,0.,0.));
#8203 = DEFINITIONAL_REPRESENTATION('',(#8204),#8208);
#8204 = LINE('',#8205,#8206);
#8205 = CARTESIAN_POINT('',(-6.28318530718,-18.6));
#8206 = VECTOR('',#8207,1.);
#8207 = DIRECTION('',(1.,-0.));
#8208 = ( GEOMETRIC_REPRESENTATION_CONTEXT(2) 
PARAMETRIC_REPRESENTATION_CONTEXT() REPRESENTATION_CONTEXT('2D SPACE',''
  ) );
#8209 = ORIENTED_EDGE('',*,*,#8210,.F.);
#8210 = EDGE_CURVE('',#8211,#8182,#8213,.T.);
#8211 = VERTEX_POINT('',#8212);
#8212 = CARTESIAN_POINT('',(-21.5,2.776641434657E-16,110.74951186695));
#8213 = SURFACE_CURVE('',#8214,(#8219,#8226),.PCURVE_S1.);
#8214 = CIRCLE('',#8215,1.012758295379);
#8215 = AXIS2_PLACEMENT_3D('',#8216,#8217,#8218);
#8216 = CARTESIAN_POINT('',(-22.51149320469,2.664275856964E-16,
    110.80011682433));
#8217 = DIRECTION('',(0.,1.,-2.22044604925E-16));
#8218 = DIRECTION('',(1.,0.,0.));
#8219 = PCURVE('',#3553,#8220);
#8220 = DEFINITIONAL_REPRESENTATION('',(#8221),#8225);
#8221 = CIRCLE('',#8222,1.012758295379);
#8222 = AXIS2_PLACEMENT_2D('',#8223,#8224);
#8223 = CARTESIAN_POINT('',(36.396241589794,-166.5434018668));
#8224 = DIRECTION('',(0.,1.));
#8225 = ( GEOMETRIC_REPRESENTATION_CONTEXT(2) 
PARAMETRIC_REPRESENTATION_CONTEXT() REPRESENTATION_CONTEXT('2D SPACE',''
  ) );
#8226 = PCURVE('',#8227,#8232);
#8227 = CYLINDRICAL_SURFACE('',#8228,1.012758295379);
#8228 = AXIS2_PLACEMENT_3D('',#8229,#8230,#8231);
#8229 = CARTESIAN_POINT('',(-22.51149320469,18.6,110.80011682433));
#8230 = DIRECTION('',(0.,1.,-2.22044604925E-16));
#8231 = DIRECTION('',(1.,0.,0.));
#8232 = DEFINITIONAL_REPRESENTATION('',(#8233),#8237);
#8233 = LINE('',#8234,#8235);
#8234 = CARTESIAN_POINT('',(-6.28318530718,-18.6));
#8235 = VECTOR('',#8236,1.);
#8236 = DIRECTION('',(1.,-0.));
#8237 = ( GEOMETRIC_REPRESENTATION_CONTEXT(2) 
PARAMETRIC_REPRESENTATION_CONTEXT() REPRESENTATION_CONTEXT('2D SPACE',''
  ) );
#8238 = ORIENTED_EDGE('',*,*,#8239,.T.);
#8239 = EDGE_CURVE('',#8211,#8240,#8242,.T.);
#8240 = VERTEX_POINT('',#8241);
#8241 = CARTESIAN_POINT('',(-6.518737304176,3.330669073875E-16,125.));
#8242 = SURFACE_CURVE('',#8243,(#8248,#8255),.PCURVE_S1.);
#8243 = CIRCLE('',#8244,15.);
#8244 = AXIS2_PLACEMENT_3D('',#8245,#8246,#8247);
#8245 = CARTESIAN_POINT('',(-6.518737304176,4.440892098501E-16,110.));
#8246 = DIRECTION('',(0.,1.,-2.22044604925E-16));
#8247 = DIRECTION('',(1.,0.,0.));
#8248 = PCURVE('',#3553,#8249);
#8249 = DEFINITIONAL_REPRESENTATION('',(#8250),#8254);
#8250 = CIRCLE('',#8251,15.);
#8251 = AXIS2_PLACEMENT_2D('',#8252,#8253);
#8252 = CARTESIAN_POINT('',(35.596124765458,-150.5506459662));
#8253 = DIRECTION('',(0.,1.));
#8254 = ( GEOMETRIC_REPRESENTATION_CONTEXT(2) 
PARAMETRIC_REPRESENTATION_CONTEXT() REPRESENTATION_CONTEXT('2D SPACE',''
  ) );
#8255 = PCURVE('',#8256,#8261);
#8256 = CYLINDRICAL_SURFACE('',#8257,15.);
#8257 = AXIS2_PLACEMENT_3D('',#8258,#8259,#8260);
#8258 = CARTESIAN_POINT('',(-6.518737304176,18.6,110.));
#8259 = DIRECTION('',(0.,1.,-2.22044604925E-16));
#8260 = DIRECTION('',(1.,0.,0.));
#8261 = DEFINITIONAL_REPRESENTATION('',(#8262),#8266);
#8262 = LINE('',#8263,#8264);
#8263 = CARTESIAN_POINT('',(-6.28318530718,-18.6));
#8264 = VECTOR('',#8265,1.);
#8265 = DIRECTION('',(1.,-0.));
#8266 = ( GEOMETRIC_REPRESENTATION_CONTEXT(2) 
PARAMETRIC_REPRESENTATION_CONTEXT() REPRESENTATION_CONTEXT('2D SPACE',''
  ) );
#8267 = ORIENTED_EDGE('',*,*,#8268,.F.);
#8268 = EDGE_CURVE('',#8269,#8240,#8271,.T.);
#8269 = VERTEX_POINT('',#8270);
#8270 = CARTESIAN_POINT('',(6.518737304176,3.330669073875E-16,125.));
#8271 = SURFACE_CURVE('',#8272,(#8276,#8283),.PCURVE_S1.);
#8272 = LINE('',#8273,#8274);
#8273 = CARTESIAN_POINT('',(144.0319086621,0.,125.));
#8274 = VECTOR('',#8275,1.);
#8275 = DIRECTION('',(-1.,0.,0.));
#8276 = PCURVE('',#3553,#8277);
#8277 = DEFINITIONAL_REPRESENTATION('',(#8278),#8282);
#8278 = LINE('',#8279,#8280);
#8279 = CARTESIAN_POINT('',(50.596124765458,0.));
#8280 = VECTOR('',#8281,1.);
#8281 = DIRECTION('',(0.,-1.));
#8282 = ( GEOMETRIC_REPRESENTATION_CONTEXT(2) 
PARAMETRIC_REPRESENTATION_CONTEXT() REPRESENTATION_CONTEXT('2D SPACE',''
  ) );
#8283 = PCURVE('',#8284,#8289);
#8284 = PLANE('',#8285);
#8285 = AXIS2_PLACEMENT_3D('',#8286,#8287,#8288);
#8286 = CARTESIAN_POINT('',(-6.518737304176,18.6,125.));
#8287 = DIRECTION('',(0.,2.22044604925E-16,1.));
#8288 = DIRECTION('',(1.,0.,0.));
#8289 = DEFINITIONAL_REPRESENTATION('',(#8290),#8294);
#8290 = LINE('',#8291,#8292);
#8291 = CARTESIAN_POINT('',(150.55064596628,-18.6));
#8292 = VECTOR('',#8293,1.);
#8293 = DIRECTION('',(-1.,0.));
#8294 = ( GEOMETRIC_REPRESENTATION_CONTEXT(2) 
PARAMETRIC_REPRESENTATION_CONTEXT() REPRESENTATION_CONTEXT('2D SPACE',''
  ) );
#8295 = ORIENTED_EDGE('',*,*,#8296,.T.);
#8296 = EDGE_CURVE('',#8269,#8297,#8299,.T.);
#8297 = VERTEX_POINT('',#8298);
#8298 = CARTESIAN_POINT('',(21.5,2.776641434657E-16,110.74951186695));
#8299 = SURFACE_CURVE('',#8300,(#8305,#8312),.PCURVE_S1.);
#8300 = CIRCLE('',#8301,15.);
#8301 = AXIS2_PLACEMENT_3D('',#8302,#8303,#8304);
#8302 = CARTESIAN_POINT('',(6.518737304176,4.440892098501E-16,110.));
#8303 = DIRECTION('',(0.,1.,-2.22044604925E-16));
#8304 = DIRECTION('',(1.,0.,0.));
#8305 = PCURVE('',#3553,#8306);
#8306 = DEFINITIONAL_REPRESENTATION('',(#8307),#8311);
#8307 = CIRCLE('',#8308,15.);
#8308 = AXIS2_PLACEMENT_2D('',#8309,#8310);
#8309 = CARTESIAN_POINT('',(35.596124765458,-137.5131713579));
#8310 = DIRECTION('',(0.,1.));
#8311 = ( GEOMETRIC_REPRESENTATION_CONTEXT(2) 
PARAMETRIC_REPRESENTATION_CONTEXT() REPRESENTATION_CONTEXT('2D SPACE',''
  ) );
#8312 = PCURVE('',#8313,#8318);
#8313 = CYLINDRICAL_SURFACE('',#8314,15.);
#8314 = AXIS2_PLACEMENT_3D('',#8315,#8316,#8317);
#8315 = CARTESIAN_POINT('',(6.518737304176,18.6,110.));
#8316 = DIRECTION('',(0.,1.,-2.22044604925E-16));
#8317 = DIRECTION('',(1.,0.,0.));
#8318 = DEFINITIONAL_REPRESENTATION('',(#8319),#8323);
#8319 = LINE('',#8320,#8321);
#8320 = CARTESIAN_POINT('',(-6.28318530718,-18.6));
#8321 = VECTOR('',#8322,1.);
#8322 = DIRECTION('',(1.,-0.));
#8323 = ( GEOMETRIC_REPRESENTATION_CONTEXT(2) 
PARAMETRIC_REPRESENTATION_CONTEXT() REPRESENTATION_CONTEXT('2D SPACE',''
  ) );
#8324 = ORIENTED_EDGE('',*,*,#8325,.F.);
#8325 = EDGE_CURVE('',#8326,#8297,#8328,.T.);
#8326 = VERTEX_POINT('',#8327);
#8327 = CARTESIAN_POINT('',(22.249367454659,4.836423111652E-16,
    109.82186866765));
#8328 = SURFACE_CURVE('',#8329,(#8334,#8341),.PCURVE_S1.);
#8329 = CIRCLE('',#8330,1.012758295379);
#8330 = AXIS2_PLACEMENT_3D('',#8331,#8332,#8333);
#8331 = CARTESIAN_POINT('',(22.511493204696,2.664275856964E-16,
    110.80011682433));
#8332 = DIRECTION('',(0.,1.,-2.22044604925E-16));
#8333 = DIRECTION('',(1.,0.,0.));
#8334 = PCURVE('',#3553,#8335);
#8335 = DEFINITIONAL_REPRESENTATION('',(#8336),#8340);
#8336 = CIRCLE('',#8337,1.012758295379);
#8337 = AXIS2_PLACEMENT_2D('',#8338,#8339);
#8338 = CARTESIAN_POINT('',(36.396241589794,-121.5204154574));
#8339 = DIRECTION('',(0.,1.));
#8340 = ( GEOMETRIC_REPRESENTATION_CONTEXT(2) 
PARAMETRIC_REPRESENTATION_CONTEXT() REPRESENTATION_CONTEXT('2D SPACE',''
  ) );
#8341 = PCURVE('',#8342,#8347);
#8342 = CYLINDRICAL_SURFACE('',#8343,1.012758295379);
#8343 = AXIS2_PLACEMENT_3D('',#8344,#8345,#8346);
#8344 = CARTESIAN_POINT('',(22.511493204696,18.6,110.80011682433));
#8345 = DIRECTION('',(0.,1.,-2.22044604925E-16));
#8346 = DIRECTION('',(1.,0.,0.));
#8347 = DEFINITIONAL_REPRESENTATION('',(#8348),#8352);
#8348 = LINE('',#8349,#8350);
#8349 = CARTESIAN_POINT('',(-6.28318530718,-18.6));
#8350 = VECTOR('',#8351,1.);
#8351 = DIRECTION('',(1.,-0.));
#8352 = ( GEOMETRIC_REPRESENTATION_CONTEXT(2) 
PARAMETRIC_REPRESENTATION_CONTEXT() REPRESENTATION_CONTEXT('2D SPACE',''
  ) );
#8353 = ORIENTED_EDGE('',*,*,#8354,.T.);
#8354 = EDGE_CURVE('',#8326,#8355,#8357,.T.);
#8355 = VERTEX_POINT('',#8356);
#8356 = CARTESIAN_POINT('',(23.,7.008570366339E-16,108.84362051097));
#8357 = SURFACE_CURVE('',#8358,(#8363,#8370),.PCURVE_S1.);
#8358 = CIRCLE('',#8359,1.012758295379);
#8359 = AXIS2_PLACEMENT_3D('',#8360,#8361,#8362);
#8360 = CARTESIAN_POINT('',(21.987241704621,7.008570366339E-16,
    108.84362051097));
#8361 = DIRECTION('',(0.,1.,-2.22044604925E-16));
#8362 = DIRECTION('',(1.,0.,0.));
#8363 = PCURVE('',#3553,#8364);
#8364 = DEFINITIONAL_REPRESENTATION('',(#8365),#8369);
#8365 = CIRCLE('',#8366,1.012758295379);
#8366 = AXIS2_PLACEMENT_2D('',#8367,#8368);
#8367 = CARTESIAN_POINT('',(34.439745276433,-122.0446669574));
#8368 = DIRECTION('',(0.,1.));
#8369 = ( GEOMETRIC_REPRESENTATION_CONTEXT(2) 
PARAMETRIC_REPRESENTATION_CONTEXT() REPRESENTATION_CONTEXT('2D SPACE',''
  ) );
#8370 = PCURVE('',#8371,#8376);
#8371 = CYLINDRICAL_SURFACE('',#8372,1.012758295379);
#8372 = AXIS2_PLACEMENT_3D('',#8373,#8374,#8375);
#8373 = CARTESIAN_POINT('',(21.987241704621,18.6,108.84362051097));
#8374 = DIRECTION('',(0.,1.,-2.22044604925E-16));
#8375 = DIRECTION('',(1.,0.,0.));
#8376 = DEFINITIONAL_REPRESENTATION('',(#8377),#8381);
#8377 = LINE('',#8378,#8379);
#8378 = CARTESIAN_POINT('',(-6.28318530718,-18.6));
#8379 = VECTOR('',#8380,1.);
#8380 = DIRECTION('',(1.,-0.));
#8381 = ( GEOMETRIC_REPRESENTATION_CONTEXT(2) 
PARAMETRIC_REPRESENTATION_CONTEXT() REPRESENTATION_CONTEXT('2D SPACE',''
  ) );
#8382 = ORIENTED_EDGE('',*,*,#8383,.F.);
#8383 = EDGE_CURVE('',#8384,#8355,#8386,.T.);
#8384 = VERTEX_POINT('',#8385);
#8385 = CARTESIAN_POINT('',(23.,-1.704132042688E-16,80.767472843244));
#8386 = SURFACE_CURVE('',#8387,(#8391,#8398),.PCURVE_S1.);
#8387 = LINE('',#8388,#8389);
#8388 = CARTESIAN_POINT('',(23.,3.50428518317E-16,91.623747872759));
#8389 = VECTOR('',#8390,1.);
#8390 = DIRECTION('',(0.,0.,1.));
#8391 = PCURVE('',#3553,#8392);
#8392 = DEFINITIONAL_REPRESENTATION('',(#8393),#8397);
#8393 = LINE('',#8394,#8395);
#8394 = CARTESIAN_POINT('',(17.219872638217,-121.0319086621));
#8395 = VECTOR('',#8396,1.);
#8396 = DIRECTION('',(1.,0.));
#8397 = ( GEOMETRIC_REPRESENTATION_CONTEXT(2) 
PARAMETRIC_REPRESENTATION_CONTEXT() REPRESENTATION_CONTEXT('2D SPACE',''
  ) );
#8398 = PCURVE('',#8399,#8404);
#8399 = PLANE('',#8400);
#8400 = AXIS2_PLACEMENT_3D('',#8401,#8402,#8403);
#8401 = CARTESIAN_POINT('',(23.,18.6,108.84362051097));
#8402 = DIRECTION('',(1.,0.,0.));
#8403 = DIRECTION('',(0.,-2.22044604925E-16,-1.));
#8404 = DEFINITIONAL_REPRESENTATION('',(#8405),#8409);
#8405 = LINE('',#8406,#8407);
#8406 = CARTESIAN_POINT('',(17.219872638217,-18.6));
#8407 = VECTOR('',#8408,1.);
#8408 = DIRECTION('',(-1.,-2.22044604925E-16));
#8409 = ( GEOMETRIC_REPRESENTATION_CONTEXT(2) 
PARAMETRIC_REPRESENTATION_CONTEXT() REPRESENTATION_CONTEXT('2D SPACE',''
  ) );
#8410 = ORIENTED_EDGE('',*,*,#8411,.T.);
#8411 = EDGE_CURVE('',#8384,#8412,#8414,.T.);
#8412 = VERTEX_POINT('',#8413);
#8413 = CARTESIAN_POINT('',(22.486588417569,1.266667839569E-16,
    79.429543518971));
#8414 = SURFACE_CURVE('',#8415,(#8420,#8427),.PCURVE_S1.);
#8415 = CIRCLE('',#8416,2.);
#8416 = AXIS2_PLACEMENT_3D('',#8417,#8418,#8419);
#8417 = CARTESIAN_POINT('',(21.,-1.704132042688E-16,80.767472843244));
#8418 = DIRECTION('',(0.,1.,-2.22044604925E-16));
#8419 = DIRECTION('',(1.,0.,0.));
#8420 = PCURVE('',#3553,#8421);
#8421 = DEFINITIONAL_REPRESENTATION('',(#8422),#8426);
#8422 = CIRCLE('',#8423,2.);
#8423 = AXIS2_PLACEMENT_2D('',#8424,#8425);
#8424 = CARTESIAN_POINT('',(6.363597608702,-123.0319086621));
#8425 = DIRECTION('',(0.,1.));
#8426 = ( GEOMETRIC_REPRESENTATION_CONTEXT(2) 
PARAMETRIC_REPRESENTATION_CONTEXT() REPRESENTATION_CONTEXT('2D SPACE',''
  ) );
#8427 = PCURVE('',#8428,#8433);
#8428 = CYLINDRICAL_SURFACE('',#8429,2.);
#8429 = AXIS2_PLACEMENT_3D('',#8430,#8431,#8432);
#8430 = CARTESIAN_POINT('',(21.,18.6,80.767472843244));
#8431 = DIRECTION('',(0.,1.,-2.22044604925E-16));
#8432 = DIRECTION('',(1.,0.,0.));
#8433 = DEFINITIONAL_REPRESENTATION('',(#8434),#8438);
#8434 = LINE('',#8435,#8436);
#8435 = CARTESIAN_POINT('',(-6.28318530718,-18.6));
#8436 = VECTOR('',#8437,1.);
#8437 = DIRECTION('',(1.,-0.));
#8438 = ( GEOMETRIC_REPRESENTATION_CONTEXT(2) 
PARAMETRIC_REPRESENTATION_CONTEXT() REPRESENTATION_CONTEXT('2D SPACE',''
  ) );
#8439 = ORIENTED_EDGE('',*,*,#8440,.T.);
#8440 = EDGE_CURVE('',#8412,#8441,#8443,.T.);
#8441 = VERTEX_POINT('',#8442);
#8442 = CARTESIAN_POINT('',(20.596338861041,5.930221116226E-16,
    77.329265839074));
#8443 = SURFACE_CURVE('',#8444,(#8448,#8455),.PCURVE_S1.);
#8444 = LINE('',#8445,#8446);
#8445 = CARTESIAN_POINT('',(46.440417849335,5.551115123126E-16,
    106.04491455813));
#8446 = VECTOR('',#8447,1.);
#8447 = DIRECTION('',(-0.668964662136,0.,-0.743294208785));
#8448 = PCURVE('',#3553,#8449);
#8449 = DEFINITIONAL_REPRESENTATION('',(#8450),#8454);
#8450 = LINE('',#8451,#8452);
#8451 = CARTESIAN_POINT('',(31.641039323589,-97.59149081277));
#8452 = VECTOR('',#8453,1.);
#8453 = DIRECTION('',(-0.743294208785,-0.668964662136));
#8454 = ( GEOMETRIC_REPRESENTATION_CONTEXT(2) 
PARAMETRIC_REPRESENTATION_CONTEXT() REPRESENTATION_CONTEXT('2D SPACE',''
  ) );
#8455 = PCURVE('',#7915,#8456);
#8456 = DEFINITIONAL_REPRESENTATION('',(#8457),#8461);
#8457 = LINE('',#8458,#8459);
#8458 = CARTESIAN_POINT('',(41.766657389802,-18.6));
#8459 = VECTOR('',#8460,1.);
#8460 = DIRECTION('',(-1.,1.650444689326E-16));
#8461 = ( GEOMETRIC_REPRESENTATION_CONTEXT(2) 
PARAMETRIC_REPRESENTATION_CONTEXT() REPRESENTATION_CONTEXT('2D SPACE',''
  ) );
#8462 = ORIENTED_EDGE('',*,*,#8463,.T.);
#8463 = EDGE_CURVE('',#8441,#8464,#8466,.T.);
#8464 = VERTEX_POINT('',#8465);
#8465 = CARTESIAN_POINT('',(19.245218507999,-2.452191920566E-15,
    75.828020720117));
#8466 = SURFACE_CURVE('',#8467,(#8471,#8478),.PCURVE_S1.);
#8467 = LINE('',#8468,#8469);
#8468 = CARTESIAN_POINT('',(46.440417849335,5.551115123126E-16,
    106.04491455813));
#8469 = VECTOR('',#8470,1.);
#8470 = DIRECTION('',(-0.668964662136,0.,-0.743294208785));
#8471 = PCURVE('',#3553,#8472);
#8472 = DEFINITIONAL_REPRESENTATION('',(#8473),#8477);
#8473 = LINE('',#8474,#8475);
#8474 = CARTESIAN_POINT('',(31.641039323589,-97.59149081277));
#8475 = VECTOR('',#8476,1.);
#8476 = DIRECTION('',(-0.743294208785,-0.668964662136));
#8477 = ( GEOMETRIC_REPRESENTATION_CONTEXT(2) 
PARAMETRIC_REPRESENTATION_CONTEXT() REPRESENTATION_CONTEXT('2D SPACE',''
  ) );
#8478 = PCURVE('',#7915,#8479);
#8479 = DEFINITIONAL_REPRESENTATION('',(#8480),#8484);
#8480 = LINE('',#8481,#8482);
#8481 = CARTESIAN_POINT('',(41.766657389802,-18.6));
#8482 = VECTOR('',#8483,1.);
#8483 = DIRECTION('',(-1.,1.650444689326E-16));
#8484 = ( GEOMETRIC_REPRESENTATION_CONTEXT(2) 
PARAMETRIC_REPRESENTATION_CONTEXT() REPRESENTATION_CONTEXT('2D SPACE',''
  ) );
#8485 = ORIENTED_EDGE('',*,*,#8486,.T.);
#8486 = EDGE_CURVE('',#8464,#3504,#8487,.T.);
#8487 = SURFACE_CURVE('',#8488,(#8492,#8499),.PCURVE_S1.);
#8488 = LINE('',#8489,#8490);
#8489 = CARTESIAN_POINT('',(19.064249974803,-2.452191920566E-15,
    76.043690619701));
#8490 = VECTOR('',#8491,1.);
#8491 = DIRECTION('',(0.642787609687,0.,-0.766044443119));
#8492 = PCURVE('',#3553,#8493);
#8493 = DEFINITIONAL_REPRESENTATION('',(#8494),#8498);
#8494 = LINE('',#8495,#8496);
#8495 = CARTESIAN_POINT('',(1.639815385158,-124.9676586873));
#8496 = VECTOR('',#8497,1.);
#8497 = DIRECTION('',(-0.766044443119,0.642787609687));
#8498 = ( GEOMETRIC_REPRESENTATION_CONTEXT(2) 
PARAMETRIC_REPRESENTATION_CONTEXT() REPRESENTATION_CONTEXT('2D SPACE',''
  ) );
#8499 = PCURVE('',#7843,#8500);
#8500 = DEFINITIONAL_REPRESENTATION('',(#8501),#8505);
#8501 = LINE('',#8502,#8503);
#8502 = CARTESIAN_POINT('',(0.,0.));
#8503 = VECTOR('',#8504,1.);
#8504 = DIRECTION('',(0.,1.));
#8505 = ( GEOMETRIC_REPRESENTATION_CONTEXT(2) 
PARAMETRIC_REPRESENTATION_CONTEXT() REPRESENTATION_CONTEXT('2D SPACE',''
  ) );
#8506 = FACE_BOUND('',#8507,.T.);
#8507 = EDGE_LOOP('',(#8508,#8538,#8566,#8594));
#8508 = ORIENTED_EDGE('',*,*,#8509,.F.);
#8509 = EDGE_CURVE('',#8510,#8512,#8514,.T.);
#8510 = VERTEX_POINT('',#8511);
#8511 = CARTESIAN_POINT('',(-10.29,1.826983009322E-14,82.27999999996));
#8512 = VERTEX_POINT('',#8513);
#8513 = CARTESIAN_POINT('',(-15.3925,1.826983009322E-14,82.27999999996)
  );
#8514 = SURFACE_CURVE('',#8515,(#8519,#8526),.PCURVE_S1.);
#8515 = LINE('',#8516,#8517);
#8516 = CARTESIAN_POINT('',(-10.29,1.826316875508E-14,82.27999999996));
#8517 = VECTOR('',#8518,1.);
#8518 = DIRECTION('',(-1.,0.,0.));
#8519 = PCURVE('',#3553,#8520);
#8520 = DEFINITIONAL_REPRESENTATION('',(#8521),#8525);
#8521 = LINE('',#8522,#8523);
#8522 = CARTESIAN_POINT('',(7.876124765418,-154.3219086621));
#8523 = VECTOR('',#8524,1.);
#8524 = DIRECTION('',(0.,-1.));
#8525 = ( GEOMETRIC_REPRESENTATION_CONTEXT(2) 
PARAMETRIC_REPRESENTATION_CONTEXT() REPRESENTATION_CONTEXT('2D SPACE',''
  ) );
#8526 = PCURVE('',#8527,#8532);
#8527 = PLANE('',#8528);
#8528 = AXIS2_PLACEMENT_3D('',#8529,#8530,#8531);
#8529 = CARTESIAN_POINT('',(-10.29,1.826983009322E-14,82.27999999996));
#8530 = DIRECTION('',(0.,2.22044604925E-16,1.));
#8531 = DIRECTION('',(1.,0.,0.));
#8532 = DEFINITIONAL_REPRESENTATION('',(#8533),#8537);
#8533 = LINE('',#8534,#8535);
#8534 = CARTESIAN_POINT('',(-0.,-6.661338138973E-18));
#8535 = VECTOR('',#8536,1.);
#8536 = DIRECTION('',(-1.,0.));
#8537 = ( GEOMETRIC_REPRESENTATION_CONTEXT(2) 
PARAMETRIC_REPRESENTATION_CONTEXT() REPRESENTATION_CONTEXT('2D SPACE',''
  ) );
#8538 = ORIENTED_EDGE('',*,*,#8539,.F.);
#8539 = EDGE_CURVE('',#8540,#8510,#8542,.T.);
#8540 = VERTEX_POINT('',#8541);
#8541 = CARTESIAN_POINT('',(-10.29,2.630622933453E-14,118.4727246285));
#8542 = SURFACE_CURVE('',#8543,(#8547,#8554),.PCURVE_S1.);
#8543 = LINE('',#8544,#8545);
#8544 = CARTESIAN_POINT('',(-10.29,2.631228568362E-14,118.4727246285));
#8545 = VECTOR('',#8546,1.);
#8546 = DIRECTION('',(0.,-2.22044604925E-16,-1.));
#8547 = PCURVE('',#3553,#8548);
#8548 = DEFINITIONAL_REPRESENTATION('',(#8549),#8553);
#8549 = LINE('',#8550,#8551);
#8550 = CARTESIAN_POINT('',(44.068849393966,-154.3219086621));
#8551 = VECTOR('',#8552,1.);
#8552 = DIRECTION('',(-1.,0.));
#8553 = ( GEOMETRIC_REPRESENTATION_CONTEXT(2) 
PARAMETRIC_REPRESENTATION_CONTEXT() REPRESENTATION_CONTEXT('2D SPACE',''
  ) );
#8554 = PCURVE('',#8555,#8560);
#8555 = PLANE('',#8556);
#8556 = AXIS2_PLACEMENT_3D('',#8557,#8558,#8559);
#8557 = CARTESIAN_POINT('',(-10.29,2.630622933453E-14,118.4727246285));
#8558 = DIRECTION('',(-1.,0.,0.));
#8559 = DIRECTION('',(0.,2.22044604925E-16,1.));
#8560 = DEFINITIONAL_REPRESENTATION('',(#8561),#8565);
#8561 = LINE('',#8562,#8563);
#8562 = CARTESIAN_POINT('',(1.344779640317E-33,6.056349087029E-18));
#8563 = VECTOR('',#8564,1.);
#8564 = DIRECTION('',(-1.,0.));
#8565 = ( GEOMETRIC_REPRESENTATION_CONTEXT(2) 
PARAMETRIC_REPRESENTATION_CONTEXT() REPRESENTATION_CONTEXT('2D SPACE',''
  ) );
#8566 = ORIENTED_EDGE('',*,*,#8567,.F.);
#8567 = EDGE_CURVE('',#8568,#8540,#8570,.T.);
#8568 = VERTEX_POINT('',#8569);
#8569 = CARTESIAN_POINT('',(-15.3925,2.630622933453E-14,118.4727246285)
  );
#8570 = SURFACE_CURVE('',#8571,(#8575,#8582),.PCURVE_S1.);
#8571 = LINE('',#8572,#8573);
#8572 = CARTESIAN_POINT('',(-15.3925,2.631228568362E-14,118.4727246285)
  );
#8573 = VECTOR('',#8574,1.);
#8574 = DIRECTION('',(1.,0.,0.));
#8575 = PCURVE('',#3553,#8576);
#8576 = DEFINITIONAL_REPRESENTATION('',(#8577),#8581);
#8577 = LINE('',#8578,#8579);
#8578 = CARTESIAN_POINT('',(44.068849393966,-159.4244086621));
#8579 = VECTOR('',#8580,1.);
#8580 = DIRECTION('',(0.,1.));
#8581 = ( GEOMETRIC_REPRESENTATION_CONTEXT(2) 
PARAMETRIC_REPRESENTATION_CONTEXT() REPRESENTATION_CONTEXT('2D SPACE',''
  ) );
#8582 = PCURVE('',#8583,#8588);
#8583 = PLANE('',#8584);
#8584 = AXIS2_PLACEMENT_3D('',#8585,#8586,#8587);
#8585 = CARTESIAN_POINT('',(-15.3925,2.630622933453E-14,118.4727246285)
  );
#8586 = DIRECTION('',(0.,-2.22044604925E-16,-1.));
#8587 = DIRECTION('',(-1.,-0.,-0.));
#8588 = DEFINITIONAL_REPRESENTATION('',(#8589),#8593);
#8589 = LINE('',#8590,#8591);
#8590 = CARTESIAN_POINT('',(-0.,6.056349087029E-18));
#8591 = VECTOR('',#8592,1.);
#8592 = DIRECTION('',(-1.,0.));
#8593 = ( GEOMETRIC_REPRESENTATION_CONTEXT(2) 
PARAMETRIC_REPRESENTATION_CONTEXT() REPRESENTATION_CONTEXT('2D SPACE',''
  ) );
#8594 = ORIENTED_EDGE('',*,*,#8595,.F.);
#8595 = EDGE_CURVE('',#8512,#8568,#8596,.T.);
#8596 = SURFACE_CURVE('',#8597,(#8601,#8608),.PCURVE_S1.);
#8597 = LINE('',#8598,#8599);
#8598 = CARTESIAN_POINT('',(-15.3925,1.826316875508E-14,82.27999999996)
  );
#8599 = VECTOR('',#8600,1.);
#8600 = DIRECTION('',(0.,2.22044604925E-16,1.));
#8601 = PCURVE('',#3553,#8602);
#8602 = DEFINITIONAL_REPRESENTATION('',(#8603),#8607);
#8603 = LINE('',#8604,#8605);
#8604 = CARTESIAN_POINT('',(7.876124765418,-159.4244086621));
#8605 = VECTOR('',#8606,1.);
#8606 = DIRECTION('',(1.,0.));
#8607 = ( GEOMETRIC_REPRESENTATION_CONTEXT(2) 
PARAMETRIC_REPRESENTATION_CONTEXT() REPRESENTATION_CONTEXT('2D SPACE',''
  ) );
#8608 = PCURVE('',#8609,#8614);
#8609 = PLANE('',#8610);
#8610 = AXIS2_PLACEMENT_3D('',#8611,#8612,#8613);
#8611 = CARTESIAN_POINT('',(-15.3925,1.826983009322E-14,82.27999999996)
  );
#8612 = DIRECTION('',(1.,0.,0.));
#8613 = DIRECTION('',(-0.,-2.22044604925E-16,-1.));
#8614 = DEFINITIONAL_REPRESENTATION('',(#8615),#8619);
#8615 = LINE('',#8616,#8617);
#8616 = CARTESIAN_POINT('',(1.47911419534E-33,-6.661338138973E-18));
#8617 = VECTOR('',#8618,1.);
#8618 = DIRECTION('',(-1.,0.));
#8619 = ( GEOMETRIC_REPRESENTATION_CONTEXT(2) 
PARAMETRIC_REPRESENTATION_CONTEXT() REPRESENTATION_CONTEXT('2D SPACE',''
  ) );
#8620 = FACE_BOUND('',#8621,.T.);
#8621 = EDGE_LOOP('',(#8622,#8652,#8680,#8708));
#8622 = ORIENTED_EDGE('',*,*,#8623,.F.);
#8623 = EDGE_CURVE('',#8624,#8626,#8628,.T.);
#8624 = VERTEX_POINT('',#8625);
#8625 = CARTESIAN_POINT('',(-5.,0.,114.5));
#8626 = VERTEX_POINT('',#8627);
#8627 = CARTESIAN_POINT('',(5.,0.,114.5));
#8628 = SURFACE_CURVE('',#8629,(#8633,#8640),.PCURVE_S1.);
#8629 = LINE('',#8630,#8631);
#8630 = CARTESIAN_POINT('',(-5.,0.,114.5));
#8631 = VECTOR('',#8632,1.);
#8632 = DIRECTION('',(1.,0.,0.));
#8633 = PCURVE('',#3553,#8634);
#8634 = DEFINITIONAL_REPRESENTATION('',(#8635),#8639);
#8635 = LINE('',#8636,#8637);
#8636 = CARTESIAN_POINT('',(40.096124765457,-149.0319086621));
#8637 = VECTOR('',#8638,1.);
#8638 = DIRECTION('',(0.,1.));
#8639 = ( GEOMETRIC_REPRESENTATION_CONTEXT(2) 
PARAMETRIC_REPRESENTATION_CONTEXT() REPRESENTATION_CONTEXT('2D SPACE',''
  ) );
#8640 = PCURVE('',#8641,#8646);
#8641 = PLANE('',#8642);
#8642 = AXIS2_PLACEMENT_3D('',#8643,#8644,#8645);
#8643 = CARTESIAN_POINT('',(-5.,0.,114.5));
#8644 = DIRECTION('',(0.,0.707106781187,0.707106781187));
#8645 = DIRECTION('',(0.,0.707106781187,-0.707106781187));
#8646 = DEFINITIONAL_REPRESENTATION('',(#8647),#8651);
#8647 = LINE('',#8648,#8649);
#8648 = CARTESIAN_POINT('',(0.,0.));
#8649 = VECTOR('',#8650,1.);
#8650 = DIRECTION('',(0.,-1.));
#8651 = ( GEOMETRIC_REPRESENTATION_CONTEXT(2) 
PARAMETRIC_REPRESENTATION_CONTEXT() REPRESENTATION_CONTEXT('2D SPACE',''
  ) );
#8652 = ORIENTED_EDGE('',*,*,#8653,.F.);
#8653 = EDGE_CURVE('',#8654,#8624,#8656,.T.);
#8654 = VERTEX_POINT('',#8655);
#8655 = CARTESIAN_POINT('',(-5.,0.,107.5));
#8656 = SURFACE_CURVE('',#8657,(#8661,#8668),.PCURVE_S1.);
#8657 = LINE('',#8658,#8659);
#8658 = CARTESIAN_POINT('',(-5.,0.,107.5));
#8659 = VECTOR('',#8660,1.);
#8660 = DIRECTION('',(0.,0.,1.));
#8661 = PCURVE('',#3553,#8662);
#8662 = DEFINITIONAL_REPRESENTATION('',(#8663),#8667);
#8663 = LINE('',#8664,#8665);
#8664 = CARTESIAN_POINT('',(33.096124765458,-149.0319086621));
#8665 = VECTOR('',#8666,1.);
#8666 = DIRECTION('',(1.,0.));
#8667 = ( GEOMETRIC_REPRESENTATION_CONTEXT(2) 
PARAMETRIC_REPRESENTATION_CONTEXT() REPRESENTATION_CONTEXT('2D SPACE',''
  ) );
#8668 = PCURVE('',#8669,#8674);
#8669 = PLANE('',#8670);
#8670 = AXIS2_PLACEMENT_3D('',#8671,#8672,#8673);
#8671 = CARTESIAN_POINT('',(-5.,0.602387782,111.));
#8672 = DIRECTION('',(1.,0.,0.));
#8673 = DIRECTION('',(0.,0.,1.));
#8674 = DEFINITIONAL_REPRESENTATION('',(#8675),#8679);
#8675 = LINE('',#8676,#8677);
#8676 = CARTESIAN_POINT('',(-3.5,0.602387782));
#8677 = VECTOR('',#8678,1.);
#8678 = DIRECTION('',(1.,0.));
#8679 = ( GEOMETRIC_REPRESENTATION_CONTEXT(2) 
PARAMETRIC_REPRESENTATION_CONTEXT() REPRESENTATION_CONTEXT('2D SPACE',''
  ) );
#8680 = ORIENTED_EDGE('',*,*,#8681,.T.);
#8681 = EDGE_CURVE('',#8654,#8682,#8684,.T.);
#8682 = VERTEX_POINT('',#8683);
#8683 = CARTESIAN_POINT('',(5.,0.,107.5));
#8684 = SURFACE_CURVE('',#8685,(#8689,#8696),.PCURVE_S1.);
#8685 = LINE('',#8686,#8687);
#8686 = CARTESIAN_POINT('',(-5.,0.,107.5));
#8687 = VECTOR('',#8688,1.);
#8688 = DIRECTION('',(1.,0.,0.));
#8689 = PCURVE('',#3553,#8690);
#8690 = DEFINITIONAL_REPRESENTATION('',(#8691),#8695);
#8691 = LINE('',#8692,#8693);
#8692 = CARTESIAN_POINT('',(33.096124765458,-149.0319086621));
#8693 = VECTOR('',#8694,1.);
#8694 = DIRECTION('',(0.,1.));
#8695 = ( GEOMETRIC_REPRESENTATION_CONTEXT(2) 
PARAMETRIC_REPRESENTATION_CONTEXT() REPRESENTATION_CONTEXT('2D SPACE',''
  ) );
#8696 = PCURVE('',#8697,#8702);
#8697 = PLANE('',#8698);
#8698 = AXIS2_PLACEMENT_3D('',#8699,#8700,#8701);
#8699 = CARTESIAN_POINT('',(-5.,1.5,109.));
#8700 = DIRECTION('',(0.,0.707106781187,-0.707106781187));
#8701 = DIRECTION('',(0.,-0.707106781187,-0.707106781187));
#8702 = DEFINITIONAL_REPRESENTATION('',(#8703),#8707);
#8703 = LINE('',#8704,#8705);
#8704 = CARTESIAN_POINT('',(2.12132034356,0.));
#8705 = VECTOR('',#8706,1.);
#8706 = DIRECTION('',(0.,-1.));
#8707 = ( GEOMETRIC_REPRESENTATION_CONTEXT(2) 
PARAMETRIC_REPRESENTATION_CONTEXT() REPRESENTATION_CONTEXT('2D SPACE',''
  ) );
#8708 = ORIENTED_EDGE('',*,*,#8709,.T.);
#8709 = EDGE_CURVE('',#8682,#8626,#8710,.T.);
#8710 = SURFACE_CURVE('',#8711,(#8715,#8722),.PCURVE_S1.);
#8711 = LINE('',#8712,#8713);
#8712 = CARTESIAN_POINT('',(5.,0.,107.5));
#8713 = VECTOR('',#8714,1.);
#8714 = DIRECTION('',(0.,0.,1.));
#8715 = PCURVE('',#3553,#8716);
#8716 = DEFINITIONAL_REPRESENTATION('',(#8717),#8721);
#8717 = LINE('',#8718,#8719);
#8718 = CARTESIAN_POINT('',(33.096124765458,-139.0319086621));
#8719 = VECTOR('',#8720,1.);
#8720 = DIRECTION('',(1.,0.));
#8721 = ( GEOMETRIC_REPRESENTATION_CONTEXT(2) 
PARAMETRIC_REPRESENTATION_CONTEXT() REPRESENTATION_CONTEXT('2D SPACE',''
  ) );
#8722 = PCURVE('',#8723,#8728);
#8723 = PLANE('',#8724);
#8724 = AXIS2_PLACEMENT_3D('',#8725,#8726,#8727);
#8725 = CARTESIAN_POINT('',(5.,0.602387782,111.));
#8726 = DIRECTION('',(1.,0.,0.));
#8727 = DIRECTION('',(0.,0.,1.));
#8728 = DEFINITIONAL_REPRESENTATION('',(#8729),#8733);
#8729 = LINE('',#8730,#8731);
#8730 = CARTESIAN_POINT('',(-3.5,0.602387782));
#8731 = VECTOR('',#8732,1.);
#8732 = DIRECTION('',(1.,0.));
#8733 = ( GEOMETRIC_REPRESENTATION_CONTEXT(2) 
PARAMETRIC_REPRESENTATION_CONTEXT() REPRESENTATION_CONTEXT('2D SPACE',''
  ) );
#8734 = FACE_BOUND('',#8735,.T.);
#8735 = EDGE_LOOP('',(#8736,#8766,#8794,#8822));
#8736 = ORIENTED_EDGE('',*,*,#8737,.T.);
#8737 = EDGE_CURVE('',#8738,#8740,#8742,.T.);
#8738 = VERTEX_POINT('',#8739);
#8739 = CARTESIAN_POINT('',(10.29,2.630622933453E-14,118.4727246285));
#8740 = VERTEX_POINT('',#8741);
#8741 = CARTESIAN_POINT('',(10.29,1.826983009322E-14,82.27999999996));
#8742 = SURFACE_CURVE('',#8743,(#8747,#8754),.PCURVE_S1.);
#8743 = LINE('',#8744,#8745);
#8744 = CARTESIAN_POINT('',(10.29,2.631228568362E-14,118.4727246285));
#8745 = VECTOR('',#8746,1.);
#8746 = DIRECTION('',(0.,-2.22044604925E-16,-1.));
#8747 = PCURVE('',#3553,#8748);
#8748 = DEFINITIONAL_REPRESENTATION('',(#8749),#8753);
#8749 = LINE('',#8750,#8751);
#8750 = CARTESIAN_POINT('',(44.068849393966,-133.7419086621));
#8751 = VECTOR('',#8752,1.);
#8752 = DIRECTION('',(-1.,0.));
#8753 = ( GEOMETRIC_REPRESENTATION_CONTEXT(2) 
PARAMETRIC_REPRESENTATION_CONTEXT() REPRESENTATION_CONTEXT('2D SPACE',''
  ) );
#8754 = PCURVE('',#8755,#8760);
#8755 = PLANE('',#8756);
#8756 = AXIS2_PLACEMENT_3D('',#8757,#8758,#8759);
#8757 = CARTESIAN_POINT('',(10.29,2.630622933453E-14,118.4727246285));
#8758 = DIRECTION('',(1.,0.,0.));
#8759 = DIRECTION('',(0.,-2.22044604925E-16,-1.));
#8760 = DEFINITIONAL_REPRESENTATION('',(#8761),#8765);
#8761 = LINE('',#8762,#8763);
#8762 = CARTESIAN_POINT('',(-1.344779640317E-33,6.056349087029E-18));
#8763 = VECTOR('',#8764,1.);
#8764 = DIRECTION('',(1.,0.));
#8765 = ( GEOMETRIC_REPRESENTATION_CONTEXT(2) 
PARAMETRIC_REPRESENTATION_CONTEXT() REPRESENTATION_CONTEXT('2D SPACE',''
  ) );
#8766 = ORIENTED_EDGE('',*,*,#8767,.T.);
#8767 = EDGE_CURVE('',#8740,#8768,#8770,.T.);
#8768 = VERTEX_POINT('',#8769);
#8769 = CARTESIAN_POINT('',(15.3925,1.826983009322E-14,82.27999999996));
#8770 = SURFACE_CURVE('',#8771,(#8775,#8782),.PCURVE_S1.);
#8771 = LINE('',#8772,#8773);
#8772 = CARTESIAN_POINT('',(10.29,1.826316875508E-14,82.27999999996));
#8773 = VECTOR('',#8774,1.);
#8774 = DIRECTION('',(1.,0.,0.));
#8775 = PCURVE('',#3553,#8776);
#8776 = DEFINITIONAL_REPRESENTATION('',(#8777),#8781);
#8777 = LINE('',#8778,#8779);
#8778 = CARTESIAN_POINT('',(7.876124765418,-133.7419086621));
#8779 = VECTOR('',#8780,1.);
#8780 = DIRECTION('',(0.,1.));
#8781 = ( GEOMETRIC_REPRESENTATION_CONTEXT(2) 
PARAMETRIC_REPRESENTATION_CONTEXT() REPRESENTATION_CONTEXT('2D SPACE',''
  ) );
#8782 = PCURVE('',#8783,#8788);
#8783 = PLANE('',#8784);
#8784 = AXIS2_PLACEMENT_3D('',#8785,#8786,#8787);
#8785 = CARTESIAN_POINT('',(10.29,1.826983009322E-14,82.27999999996));
#8786 = DIRECTION('',(0.,2.22044604925E-16,1.));
#8787 = DIRECTION('',(1.,0.,0.));
#8788 = DEFINITIONAL_REPRESENTATION('',(#8789),#8793);
#8789 = LINE('',#8790,#8791);
#8790 = CARTESIAN_POINT('',(0.,-6.661338138973E-18));
#8791 = VECTOR('',#8792,1.);
#8792 = DIRECTION('',(1.,0.));
#8793 = ( GEOMETRIC_REPRESENTATION_CONTEXT(2) 
PARAMETRIC_REPRESENTATION_CONTEXT() REPRESENTATION_CONTEXT('2D SPACE',''
  ) );
#8794 = ORIENTED_EDGE('',*,*,#8795,.T.);
#8795 = EDGE_CURVE('',#8768,#8796,#8798,.T.);
#8796 = VERTEX_POINT('',#8797);
#8797 = CARTESIAN_POINT('',(15.3925,2.630622933453E-14,118.4727246285));
#8798 = SURFACE_CURVE('',#8799,(#8803,#8810),.PCURVE_S1.);
#8799 = LINE('',#8800,#8801);
#8800 = CARTESIAN_POINT('',(15.3925,1.826316875508E-14,82.27999999996));
#8801 = VECTOR('',#8802,1.);
#8802 = DIRECTION('',(0.,2.22044604925E-16,1.));
#8803 = PCURVE('',#3553,#8804);
#8804 = DEFINITIONAL_REPRESENTATION('',(#8805),#8809);
#8805 = LINE('',#8806,#8807);
#8806 = CARTESIAN_POINT('',(7.876124765418,-128.6394086621));
#8807 = VECTOR('',#8808,1.);
#8808 = DIRECTION('',(1.,0.));
#8809 = ( GEOMETRIC_REPRESENTATION_CONTEXT(2) 
PARAMETRIC_REPRESENTATION_CONTEXT() REPRESENTATION_CONTEXT('2D SPACE',''
  ) );
#8810 = PCURVE('',#8811,#8816);
#8811 = PLANE('',#8812);
#8812 = AXIS2_PLACEMENT_3D('',#8813,#8814,#8815);
#8813 = CARTESIAN_POINT('',(15.3925,1.826983009322E-14,82.27999999996));
#8814 = DIRECTION('',(-1.,0.,0.));
#8815 = DIRECTION('',(0.,2.22044604925E-16,1.));
#8816 = DEFINITIONAL_REPRESENTATION('',(#8817),#8821);
#8817 = LINE('',#8818,#8819);
#8818 = CARTESIAN_POINT('',(-1.47911419534E-33,-6.661338138973E-18));
#8819 = VECTOR('',#8820,1.);
#8820 = DIRECTION('',(1.,0.));
#8821 = ( GEOMETRIC_REPRESENTATION_CONTEXT(2) 
PARAMETRIC_REPRESENTATION_CONTEXT() REPRESENTATION_CONTEXT('2D SPACE',''
  ) );
#8822 = ORIENTED_EDGE('',*,*,#8823,.T.);
#8823 = EDGE_CURVE('',#8796,#8738,#8824,.T.);
#8824 = SURFACE_CURVE('',#8825,(#8829,#8836),.PCURVE_S1.);
#8825 = LINE('',#8826,#8827);
#8826 = CARTESIAN_POINT('',(15.3925,2.631228568362E-14,118.4727246285));
#8827 = VECTOR('',#8828,1.);
#8828 = DIRECTION('',(-1.,0.,0.));
#8829 = PCURVE('',#3553,#8830);
#8830 = DEFINITIONAL_REPRESENTATION('',(#8831),#8835);
#8831 = LINE('',#8832,#8833);
#8832 = CARTESIAN_POINT('',(44.068849393966,-128.6394086621));
#8833 = VECTOR('',#8834,1.);
#8834 = DIRECTION('',(0.,-1.));
#8835 = ( GEOMETRIC_REPRESENTATION_CONTEXT(2) 
PARAMETRIC_REPRESENTATION_CONTEXT() REPRESENTATION_CONTEXT('2D SPACE',''
  ) );
#8836 = PCURVE('',#8837,#8842);
#8837 = PLANE('',#8838);
#8838 = AXIS2_PLACEMENT_3D('',#8839,#8840,#8841);
#8839 = CARTESIAN_POINT('',(15.3925,2.630622933453E-14,118.4727246285));
#8840 = DIRECTION('',(0.,-2.22044604925E-16,-1.));
#8841 = DIRECTION('',(-1.,0.,0.));
#8842 = DEFINITIONAL_REPRESENTATION('',(#8843),#8847);
#8843 = LINE('',#8844,#8845);
#8844 = CARTESIAN_POINT('',(0.,6.056349087029E-18));
#8845 = VECTOR('',#8846,1.);
#8846 = DIRECTION('',(1.,0.));
#8847 = ( GEOMETRIC_REPRESENTATION_CONTEXT(2) 
PARAMETRIC_REPRESENTATION_CONTEXT() REPRESENTATION_CONTEXT('2D SPACE',''
  ) );
#8848 = ADVANCED_FACE('',(#8849),#3730,.T.);
#8849 = FACE_BOUND('',#8850,.T.);
#8850 = EDGE_LOOP('',(#8851,#8873,#8874,#8896));
#8851 = ORIENTED_EDGE('',*,*,#8852,.F.);
#8852 = EDGE_CURVE('',#3693,#6109,#8853,.T.);
#8853 = SURFACE_CURVE('',#8854,(#8859,#8866),.PCURVE_S1.);
#8854 = CIRCLE('',#8855,2.);
#8855 = AXIS2_PLACEMENT_3D('',#8856,#8857,#8858);
#8856 = CARTESIAN_POINT('',(-13.99483610531,-16.865,5.796814144996));
#8857 = DIRECTION('',(-5.07964637509E-02,2.217579511862E-16,
    0.998709026329));
#8858 = DIRECTION('',(-0.998709026329,-1.127908072516E-17,
    -5.07964637509E-02));
#8859 = PCURVE('',#3730,#8860);
#8860 = DEFINITIONAL_REPRESENTATION('',(#8861),#8865);
#8861 = LINE('',#8862,#8863);
#8862 = CARTESIAN_POINT('',(4.440892098501E-16,0.));
#8863 = VECTOR('',#8864,1.);
#8864 = DIRECTION('',(0.,1.));
#8865 = ( GEOMETRIC_REPRESENTATION_CONTEXT(2) 
PARAMETRIC_REPRESENTATION_CONTEXT() REPRESENTATION_CONTEXT('2D SPACE',''
  ) );
#8866 = PCURVE('',#3903,#8867);
#8867 = DEFINITIONAL_REPRESENTATION('',(#8868),#8872);
#8868 = LINE('',#8869,#8870);
#8869 = CARTESIAN_POINT('',(-0.,32.215599445136));
#8870 = VECTOR('',#8871,1.);
#8871 = DIRECTION('',(-1.,0.));
#8872 = ( GEOMETRIC_REPRESENTATION_CONTEXT(2) 
PARAMETRIC_REPRESENTATION_CONTEXT() REPRESENTATION_CONTEXT('2D SPACE',''
  ) );
#8873 = ORIENTED_EDGE('',*,*,#3715,.T.);
#8874 = ORIENTED_EDGE('',*,*,#8875,.T.);
#8875 = EDGE_CURVE('',#3668,#6132,#8876,.T.);
#8876 = SURFACE_CURVE('',#8877,(#8882,#8889),.PCURVE_S1.);
#8877 = CIRCLE('',#8878,2.);
#8878 = AXIS2_PLACEMENT_3D('',#8879,#8880,#8881);
#8879 = CARTESIAN_POINT('',(-10.,-16.865,2.));
#8880 = DIRECTION('',(-1.,-2.949135487449E-32,-1.318389841742E-16));
#8881 = DIRECTION('',(1.318389841742E-16,-2.2369221865E-16,-1.));
#8882 = PCURVE('',#3730,#8883);
#8883 = DEFINITIONAL_REPRESENTATION('',(#8884),#8888);
#8884 = LINE('',#8885,#8886);
#8885 = CARTESIAN_POINT('',(1.519977992784,0.));
#8886 = VECTOR('',#8887,1.);
#8887 = DIRECTION('',(0.,1.));
#8888 = ( GEOMETRIC_REPRESENTATION_CONTEXT(2) 
PARAMETRIC_REPRESENTATION_CONTEXT() REPRESENTATION_CONTEXT('2D SPACE',''
  ) );
#8889 = PCURVE('',#6171,#8890);
#8890 = DEFINITIONAL_REPRESENTATION('',(#8891),#8895);
#8891 = LINE('',#8892,#8893);
#8892 = CARTESIAN_POINT('',(-0.,0.));
#8893 = VECTOR('',#8894,1.);
#8894 = DIRECTION('',(-1.,0.));
#8895 = ( GEOMETRIC_REPRESENTATION_CONTEXT(2) 
PARAMETRIC_REPRESENTATION_CONTEXT() REPRESENTATION_CONTEXT('2D SPACE',''
  ) );
#8896 = ORIENTED_EDGE('',*,*,#6131,.F.);
#8897 = ADVANCED_FACE('',(#8898),#3786,.F.);
#8898 = FACE_BOUND('',#8899,.T.);
#8899 = EDGE_LOOP('',(#8900,#8925,#8946,#8947,#8948,#8971));
#8900 = ORIENTED_EDGE('',*,*,#8901,.T.);
#8901 = EDGE_CURVE('',#8902,#8904,#8906,.T.);
#8902 = VERTEX_POINT('',#8903);
#8903 = CARTESIAN_POINT('',(-20.59633886104,-16.865,77.329265839074));
#8904 = VERTEX_POINT('',#8905);
#8905 = CARTESIAN_POINT('',(-20.59633886104,-2.,77.329265839074));
#8906 = SURFACE_CURVE('',#8907,(#8911,#8918),.PCURVE_S1.);
#8907 = LINE('',#8908,#8909);
#8908 = CARTESIAN_POINT('',(-20.59633886104,18.6,77.329265839074));
#8909 = VECTOR('',#8910,1.);
#8910 = DIRECTION('',(0.,1.,-2.22044604925E-16));
#8911 = PCURVE('',#3786,#8912);
#8912 = DEFINITIONAL_REPRESENTATION('',(#8913),#8917);
#8913 = LINE('',#8914,#8915);
#8914 = CARTESIAN_POINT('',(-10.74053583254,-1.826922566704E-15));
#8915 = VECTOR('',#8916,1.);
#8916 = DIRECTION('',(-0.,1.));
#8917 = ( GEOMETRIC_REPRESENTATION_CONTEXT(2) 
PARAMETRIC_REPRESENTATION_CONTEXT() REPRESENTATION_CONTEXT('2D SPACE',''
  ) );
#8918 = PCURVE('',#8089,#8919);
#8919 = DEFINITIONAL_REPRESENTATION('',(#8920),#8924);
#8920 = LINE('',#8921,#8922);
#8921 = CARTESIAN_POINT('',(3.133706426803,3.035512765798E-15));
#8922 = VECTOR('',#8923,1.);
#8923 = DIRECTION('',(0.,1.));
#8924 = ( GEOMETRIC_REPRESENTATION_CONTEXT(2) 
PARAMETRIC_REPRESENTATION_CONTEXT() REPRESENTATION_CONTEXT('2D SPACE',''
  ) );
#8925 = ORIENTED_EDGE('',*,*,#8926,.T.);
#8926 = EDGE_CURVE('',#8904,#7976,#8927,.T.);
#8927 = SURFACE_CURVE('',#8928,(#8932,#8939),.PCURVE_S1.);
#8928 = LINE('',#8929,#8930);
#8929 = CARTESIAN_POINT('',(-20.59633886104,-2.,77.329265839074));
#8930 = VECTOR('',#8931,1.);
#8931 = DIRECTION('',(-0.642787609687,0.,-0.766044443119));
#8932 = PCURVE('',#3786,#8933);
#8933 = DEFINITIONAL_REPRESENTATION('',(#8934),#8938);
#8934 = LINE('',#8935,#8936);
#8935 = CARTESIAN_POINT('',(-10.74053583254,-20.6));
#8936 = VECTOR('',#8937,1.);
#8937 = DIRECTION('',(1.,1.700960357274E-16));
#8938 = ( GEOMETRIC_REPRESENTATION_CONTEXT(2) 
PARAMETRIC_REPRESENTATION_CONTEXT() REPRESENTATION_CONTEXT('2D SPACE',''
  ) );
#8939 = PCURVE('',#7995,#8940);
#8940 = DEFINITIONAL_REPRESENTATION('',(#8941),#8945);
#8941 = LINE('',#8942,#8943);
#8942 = CARTESIAN_POINT('',(-1.570796326795,0.));
#8943 = VECTOR('',#8944,1.);
#8944 = DIRECTION('',(-0.,1.));
#8945 = ( GEOMETRIC_REPRESENTATION_CONTEXT(2) 
PARAMETRIC_REPRESENTATION_CONTEXT() REPRESENTATION_CONTEXT('2D SPACE',''
  ) );
#8946 = ORIENTED_EDGE('',*,*,#8009,.T.);
#8947 = ORIENTED_EDGE('',*,*,#3770,.T.);
#8948 = ORIENTED_EDGE('',*,*,#8949,.T.);
#8949 = EDGE_CURVE('',#3771,#8950,#8952,.T.);
#8950 = VERTEX_POINT('',#8951);
#8951 = CARTESIAN_POINT('',(-27.50022221559,-16.865,69.101538048433));
#8952 = SURFACE_CURVE('',#8953,(#8957,#8964),.PCURVE_S1.);
#8953 = LINE('',#8954,#8955);
#8954 = CARTESIAN_POINT('',(-27.50022221559,18.6,69.101538048433));
#8955 = VECTOR('',#8956,1.);
#8956 = DIRECTION('',(0.,-1.,2.22044604925E-16));
#8957 = PCURVE('',#3786,#8958);
#8958 = DEFINITIONAL_REPRESENTATION('',(#8959),#8963);
#8959 = LINE('',#8960,#8961);
#8960 = CARTESIAN_POINT('',(-0.,0.));
#8961 = VECTOR('',#8962,1.);
#8962 = DIRECTION('',(-0.,-1.));
#8963 = ( GEOMETRIC_REPRESENTATION_CONTEXT(2) 
PARAMETRIC_REPRESENTATION_CONTEXT() REPRESENTATION_CONTEXT('2D SPACE',''
  ) );
#8964 = PCURVE('',#3946,#8965);
#8965 = DEFINITIONAL_REPRESENTATION('',(#8966),#8970);
#8966 = LINE('',#8967,#8968);
#8967 = CARTESIAN_POINT('',(0.698131700798,0.));
#8968 = VECTOR('',#8969,1.);
#8969 = DIRECTION('',(0.,-1.));
#8970 = ( GEOMETRIC_REPRESENTATION_CONTEXT(2) 
PARAMETRIC_REPRESENTATION_CONTEXT() REPRESENTATION_CONTEXT('2D SPACE',''
  ) );
#8971 = ORIENTED_EDGE('',*,*,#8972,.T.);
#8972 = EDGE_CURVE('',#8950,#8902,#8973,.T.);
#8973 = SURFACE_CURVE('',#8974,(#8978,#8985),.PCURVE_S1.);
#8974 = LINE('',#8975,#8976);
#8975 = CARTESIAN_POINT('',(-27.50022221559,-16.865,69.101538048433));
#8976 = VECTOR('',#8977,1.);
#8977 = DIRECTION('',(0.642787609687,1.700960357274E-16,0.766044443119)
  );
#8978 = PCURVE('',#3786,#8979);
#8979 = DEFINITIONAL_REPRESENTATION('',(#8980),#8984);
#8980 = LINE('',#8981,#8982);
#8981 = CARTESIAN_POINT('',(-7.137330712977E-15,-35.465));
#8982 = VECTOR('',#8983,1.);
#8983 = DIRECTION('',(-1.,0.));
#8984 = ( GEOMETRIC_REPRESENTATION_CONTEXT(2) 
PARAMETRIC_REPRESENTATION_CONTEXT() REPRESENTATION_CONTEXT('2D SPACE',''
  ) );
#8985 = PCURVE('',#5843,#8986);
#8986 = DEFINITIONAL_REPRESENTATION('',(#8987),#8991);
#8987 = LINE('',#8988,#8989);
#8988 = CARTESIAN_POINT('',(0.,0.));
#8989 = VECTOR('',#8990,1.);
#8990 = DIRECTION('',(0.,1.));
#8991 = ( GEOMETRIC_REPRESENTATION_CONTEXT(2) 
PARAMETRIC_REPRESENTATION_CONTEXT() REPRESENTATION_CONTEXT('2D SPACE',''
  ) );
#8992 = ADVANCED_FACE('',(#8993),#3849,.T.);
#8993 = FACE_BOUND('',#8994,.F.);
#8994 = EDGE_LOOP('',(#8995,#8996,#8997,#9020));
#8995 = ORIENTED_EDGE('',*,*,#3831,.T.);
#8996 = ORIENTED_EDGE('',*,*,#4196,.F.);
#8997 = ORIENTED_EDGE('',*,*,#8998,.T.);
#8998 = EDGE_CURVE('',#4167,#8999,#9001,.T.);
#8999 = VERTEX_POINT('',#9000);
#9000 = CARTESIAN_POINT('',(-27.50022221559,-16.865,49.633661951567));
#9001 = SURFACE_CURVE('',#9002,(#9006,#9013),.PCURVE_S1.);
#9002 = LINE('',#9003,#9004);
#9003 = CARTESIAN_POINT('',(-27.50022221559,18.6,49.633661951567));
#9004 = VECTOR('',#9005,1.);
#9005 = DIRECTION('',(0.,-1.,2.22044604925E-16));
#9006 = PCURVE('',#3849,#9007);
#9007 = DEFINITIONAL_REPRESENTATION('',(#9008),#9012);
#9008 = LINE('',#9009,#9010);
#9009 = CARTESIAN_POINT('',(-0.,0.));
#9010 = VECTOR('',#9011,1.);
#9011 = DIRECTION('',(-0.,-1.));
#9012 = ( GEOMETRIC_REPRESENTATION_CONTEXT(2) 
PARAMETRIC_REPRESENTATION_CONTEXT() REPRESENTATION_CONTEXT('2D SPACE',''
  ) );
#9013 = PCURVE('',#4429,#9014);
#9014 = DEFINITIONAL_REPRESENTATION('',(#9015),#9019);
#9015 = LINE('',#9016,#9017);
#9016 = CARTESIAN_POINT('',(5.585053606382,0.));
#9017 = VECTOR('',#9018,1.);
#9018 = DIRECTION('',(0.,-1.));
#9019 = ( GEOMETRIC_REPRESENTATION_CONTEXT(2) 
PARAMETRIC_REPRESENTATION_CONTEXT() REPRESENTATION_CONTEXT('2D SPACE',''
  ) );
#9020 = ORIENTED_EDGE('',*,*,#9021,.F.);
#9021 = EDGE_CURVE('',#3832,#8999,#9022,.T.);
#9022 = SURFACE_CURVE('',#9023,(#9027,#9034),.PCURVE_S1.);
#9023 = LINE('',#9024,#9025);
#9024 = CARTESIAN_POINT('',(-17.6286926874,-16.865,37.869231171942));
#9025 = VECTOR('',#9026,1.);
#9026 = DIRECTION('',(-0.642787609687,1.700960357274E-16,0.766044443119)
  );
#9027 = PCURVE('',#3849,#9028);
#9028 = DEFINITIONAL_REPRESENTATION('',(#9029),#9033);
#9029 = LINE('',#9030,#9031);
#9030 = CARTESIAN_POINT('',(-15.35737369456,-35.465));
#9031 = VECTOR('',#9032,1.);
#9032 = DIRECTION('',(1.,-0.));
#9033 = ( GEOMETRIC_REPRESENTATION_CONTEXT(2) 
PARAMETRIC_REPRESENTATION_CONTEXT() REPRESENTATION_CONTEXT('2D SPACE',''
  ) );
#9034 = PCURVE('',#6096,#9035);
#9035 = DEFINITIONAL_REPRESENTATION('',(#9036),#9040);
#9036 = LINE('',#9037,#9038);
#9037 = CARTESIAN_POINT('',(0.,0.));
#9038 = VECTOR('',#9039,1.);
#9039 = DIRECTION('',(0.,1.));
#9040 = ( GEOMETRIC_REPRESENTATION_CONTEXT(2) 
PARAMETRIC_REPRESENTATION_CONTEXT() REPRESENTATION_CONTEXT('2D SPACE',''
  ) );
#9041 = ADVANCED_FACE('',(#9042),#3903,.T.);
#9042 = FACE_BOUND('',#9043,.F.);
#9043 = EDGE_LOOP('',(#9044,#9076,#9077,#9078));
#9044 = ORIENTED_EDGE('',*,*,#9045,.T.);
#9045 = EDGE_CURVE('',#3832,#6081,#9046,.T.);
#9046 = SURFACE_CURVE('',#9047,(#9052,#9064),.PCURVE_S1.);
#9047 = ELLIPSE('',#9048,2.109529283251,2.);
#9048 = AXIS2_PLACEMENT_3D('',#9049,#9050,#9051);
#9049 = CARTESIAN_POINT('',(-15.66535424677,-16.865,38.640863185569));
#9050 = DIRECTION('',(-0.365783978328,2.066568650382E-16,0.930699780379)
  );
#9051 = DIRECTION('',(-0.930699780379,-8.122035895578E-17,
    -0.365783978328));
#9052 = PCURVE('',#3903,#9053);
#9053 = DEFINITIONAL_REPRESENTATION('',(#9054),#9063);
#9054 = B_SPLINE_CURVE_WITH_KNOTS('',7,(#9055,#9056,#9057,#9058,#9059,
    #9060,#9061,#9062),.UNSPECIFIED.,.F.,.F.,(8,8),(0.,1.570796357911),
  .PIECEWISE_BEZIER_KNOTS.);
#9055 = CARTESIAN_POINT('',(0.,0.));
#9056 = CARTESIAN_POINT('',(-0.224399479702,-3.687430601994E-17));
#9057 = CARTESIAN_POINT('',(-0.448798959403,-3.941479192487E-02));
#9058 = CARTESIAN_POINT('',(-0.673198439105,-0.118238658015));
#9059 = CARTESIAN_POINT('',(-0.897597918807,-0.231632161336));
#9060 = CARTESIAN_POINT('',(-1.121997398508,-0.369804279261));
#9061 = CARTESIAN_POINT('',(-1.34639687821,-0.520354448561));
#9062 = CARTESIAN_POINT('',(-1.570796357911,-0.67090522796));
#9063 = ( GEOMETRIC_REPRESENTATION_CONTEXT(2) 
PARAMETRIC_REPRESENTATION_CONTEXT() REPRESENTATION_CONTEXT('2D SPACE',''
  ) );
#9064 = PCURVE('',#6096,#9065);
#9065 = DEFINITIONAL_REPRESENTATION('',(#9066),#9075);
#9066 = B_SPLINE_CURVE_WITH_KNOTS('',7,(#9067,#9068,#9069,#9070,#9071,
    #9072,#9073,#9074),.UNSPECIFIED.,.F.,.F.,(8,8),(0.,1.570796357911),
  .PIECEWISE_BEZIER_KNOTS.);
#9067 = CARTESIAN_POINT('',(-1.7763568394E-15,1.42108547152E-14));
#9068 = CARTESIAN_POINT('',(0.224399479702,1.417398040918E-14));
#9069 = CARTESIAN_POINT('',(0.448798959403,-3.9414791925E-02));
#9070 = CARTESIAN_POINT('',(0.673198439105,-0.118238658014));
#9071 = CARTESIAN_POINT('',(0.897597918807,-0.231632161336));
#9072 = CARTESIAN_POINT('',(1.121997398508,-0.369804279261));
#9073 = CARTESIAN_POINT('',(1.34639687821,-0.520354448561));
#9074 = CARTESIAN_POINT('',(1.570796357911,-0.67090522796));
#9075 = ( GEOMETRIC_REPRESENTATION_CONTEXT(2) 
PARAMETRIC_REPRESENTATION_CONTEXT() REPRESENTATION_CONTEXT('2D SPACE',''
  ) );
#9076 = ORIENTED_EDGE('',*,*,#6108,.T.);
#9077 = ORIENTED_EDGE('',*,*,#8852,.F.);
#9078 = ORIENTED_EDGE('',*,*,#3889,.F.);
#9079 = ADVANCED_FACE('',(#9080),#3946,.T.);
#9080 = FACE_BOUND('',#9081,.T.);
#9081 = EDGE_LOOP('',(#9082,#9083,#9084,#9107));
#9082 = ORIENTED_EDGE('',*,*,#8949,.F.);
#9083 = ORIENTED_EDGE('',*,*,#3919,.T.);
#9084 = ORIENTED_EDGE('',*,*,#9085,.T.);
#9085 = EDGE_CURVE('',#3920,#9086,#9088,.T.);
#9086 = VERTEX_POINT('',#9087);
#9087 = CARTESIAN_POINT('',(-28.67,-16.865,65.8876));
#9088 = SURFACE_CURVE('',#9089,(#9093,#9100),.PCURVE_S1.);
#9089 = LINE('',#9090,#9091);
#9090 = CARTESIAN_POINT('',(-28.67,18.6,65.8876));
#9091 = VECTOR('',#9092,1.);
#9092 = DIRECTION('',(0.,-1.,2.22044604925E-16));
#9093 = PCURVE('',#3946,#9094);
#9094 = DEFINITIONAL_REPRESENTATION('',(#9095),#9099);
#9095 = LINE('',#9096,#9097);
#9096 = CARTESIAN_POINT('',(7.735178460313E-16,0.));
#9097 = VECTOR('',#9098,1.);
#9098 = DIRECTION('',(0.,-1.));
#9099 = ( GEOMETRIC_REPRESENTATION_CONTEXT(2) 
PARAMETRIC_REPRESENTATION_CONTEXT() REPRESENTATION_CONTEXT('2D SPACE',''
  ) );
#9100 = PCURVE('',#4039,#9101);
#9101 = DEFINITIONAL_REPRESENTATION('',(#9102),#9106);
#9102 = LINE('',#9103,#9104);
#9103 = CARTESIAN_POINT('',(-3.22,-7.149836278586E-16));
#9104 = VECTOR('',#9105,1.);
#9105 = DIRECTION('',(-0.,-1.));
#9106 = ( GEOMETRIC_REPRESENTATION_CONTEXT(2) 
PARAMETRIC_REPRESENTATION_CONTEXT() REPRESENTATION_CONTEXT('2D SPACE',''
  ) );
#9107 = ORIENTED_EDGE('',*,*,#9108,.T.);
#9108 = EDGE_CURVE('',#9086,#8950,#9109,.T.);
#9109 = SURFACE_CURVE('',#9110,(#9115,#9122),.PCURVE_S1.);
#9110 = CIRCLE('',#9111,5.);
#9111 = AXIS2_PLACEMENT_3D('',#9112,#9113,#9114);
#9112 = CARTESIAN_POINT('',(-23.67,-16.865,65.8876));
#9113 = DIRECTION('',(0.,1.,-2.2369221865E-16));
#9114 = DIRECTION('',(-1.,5.958883804314E-31,2.66387621361E-15));
#9115 = PCURVE('',#3946,#9116);
#9116 = DEFINITIONAL_REPRESENTATION('',(#9117),#9121);
#9117 = LINE('',#9118,#9119);
#9118 = CARTESIAN_POINT('',(0.,-35.465));
#9119 = VECTOR('',#9120,1.);
#9120 = DIRECTION('',(1.,0.));
#9121 = ( GEOMETRIC_REPRESENTATION_CONTEXT(2) 
PARAMETRIC_REPRESENTATION_CONTEXT() REPRESENTATION_CONTEXT('2D SPACE',''
  ) );
#9122 = PCURVE('',#5876,#9123);
#9123 = DEFINITIONAL_REPRESENTATION('',(#9124),#9128);
#9124 = LINE('',#9125,#9126);
#9125 = CARTESIAN_POINT('',(-0.,0.));
#9126 = VECTOR('',#9127,1.);
#9127 = DIRECTION('',(-1.,0.));
#9128 = ( GEOMETRIC_REPRESENTATION_CONTEXT(2) 
PARAMETRIC_REPRESENTATION_CONTEXT() REPRESENTATION_CONTEXT('2D SPACE',''
  ) );
#9129 = ADVANCED_FACE('',(#9130),#4107,.F.);
#9130 = FACE_BOUND('',#9131,.F.);
#9131 = EDGE_LOOP('',(#9132,#9133,#9134,#9169));
#9132 = ORIENTED_EDGE('',*,*,#4251,.T.);
#9133 = ORIENTED_EDGE('',*,*,#4051,.T.);
#9134 = ORIENTED_EDGE('',*,*,#9135,.F.);
#9135 = EDGE_CURVE('',#9136,#4024,#9138,.T.);
#9136 = VERTEX_POINT('',#9137);
#9137 = CARTESIAN_POINT('',(-27.67,-0.620874968816,62.6676));
#9138 = SURFACE_CURVE('',#9139,(#9143,#9150),.PCURVE_S1.);
#9139 = ( BOUNDED_CURVE() B_SPLINE_CURVE(2,(#9140,#9141,#9142),
.UNSPECIFIED.,.F.,.F.) B_SPLINE_CURVE_WITH_KNOTS((3,3),(0.,
3.291145965522),.PIECEWISE_BEZIER_KNOTS.) CURVE() 
GEOMETRIC_REPRESENTATION_ITEM() RATIONAL_B_SPLINE_CURVE((1.,
0.707106781187,1.)) REPRESENTATION_ITEM('') );
#9140 = CARTESIAN_POINT('',(-27.67,-0.620874968816,62.6676));
#9141 = CARTESIAN_POINT('',(-28.67,-0.620874968816,62.6676));
#9142 = CARTESIAN_POINT('',(-28.67,-0.620874968816,63.6676));
#9143 = PCURVE('',#4107,#9144);
#9144 = DEFINITIONAL_REPRESENTATION('',(#9145),#9149);
#9145 = LINE('',#9146,#9147);
#9146 = CARTESIAN_POINT('',(0.,6.291145965525));
#9147 = VECTOR('',#9148,1.);
#9148 = DIRECTION('',(1.,0.));
#9149 = ( GEOMETRIC_REPRESENTATION_CONTEXT(2) 
PARAMETRIC_REPRESENTATION_CONTEXT() REPRESENTATION_CONTEXT('2D SPACE',''
  ) );
#9150 = PCURVE('',#9151,#9156);
#9151 = CYLINDRICAL_SURFACE('',#9152,1.);
#9152 = AXIS2_PLACEMENT_3D('',#9153,#9154,#9155);
#9153 = CARTESIAN_POINT('',(-27.67,-0.485637130978,63.6676));
#9154 = DIRECTION('',(0.,-1.,2.22044604925E-16));
#9155 = DIRECTION('',(0.,-2.22044604925E-16,-1.));
#9156 = DEFINITIONAL_REPRESENTATION('',(#9157),#9168);
#9157 = B_SPLINE_CURVE_WITH_KNOTS('',9,(#9158,#9159,#9160,#9161,#9162,
    #9163,#9164,#9165,#9166,#9167),.UNSPECIFIED.,.F.,.F.,(10,10),(0.,
    3.291145965522),.PIECEWISE_BEZIER_KNOTS.);
#9158 = CARTESIAN_POINT('',(-1.110223024625E-16,0.135237837838));
#9159 = CARTESIAN_POINT('',(-0.157134840264,0.135237837838));
#9160 = CARTESIAN_POINT('',(-0.325774716821,0.135237837838));
#9161 = CARTESIAN_POINT('',(-0.50456638687,0.135237837838));
#9162 = CARTESIAN_POINT('',(-0.690744851612,0.135237837838));
#9163 = CARTESIAN_POINT('',(-0.880051475183,0.135237837838));
#9164 = CARTESIAN_POINT('',(-1.066229939925,0.135237837838));
#9165 = CARTESIAN_POINT('',(-1.245021609974,0.135237837838));
#9166 = CARTESIAN_POINT('',(-1.413661486531,0.135237837838));
#9167 = CARTESIAN_POINT('',(-1.570796326795,0.135237837838));
#9168 = ( GEOMETRIC_REPRESENTATION_CONTEXT(2) 
PARAMETRIC_REPRESENTATION_CONTEXT() REPRESENTATION_CONTEXT('2D SPACE',''
  ) );
#9169 = ORIENTED_EDGE('',*,*,#9170,.F.);
#9170 = EDGE_CURVE('',#4252,#9136,#9171,.T.);
#9171 = SURFACE_CURVE('',#9172,(#9189,#9196),.PCURVE_S1.);
#9172 = ( BOUNDED_CURVE() B_SPLINE_CURVE(8,(#9173,#9174,#9175,#9176,
    #9177,#9178,#9179,#9180,#9181,#9182,#9183,#9184,#9185,#9186,#9187,
#9188),.UNSPECIFIED.,.F.,.F.) B_SPLINE_CURVE_WITH_KNOTS((9,7,9),(
3.000000000003,6.156491912282,6.291145965525),.UNSPECIFIED.) CURVE() 
GEOMETRIC_REPRESENTATION_ITEM() RATIONAL_B_SPLINE_CURVE((1.,1.,1.,1.,1.,
1.,1.,1.,1.,1.,1.,1.,1.,1.,1.,1.)) REPRESENTATION_ITEM('') );
#9173 = CARTESIAN_POINT('',(-26.67,0.38822823343,62.6676));
#9174 = CARTESIAN_POINT('',(-26.835962078,0.388228233429,62.6676));
#9175 = CARTESIAN_POINT('',(-27.00195831355,0.357124905961,62.6676));
#9176 = CARTESIAN_POINT('',(-27.16381042446,0.293924612195,62.6676));
#9177 = CARTESIAN_POINT('',(-27.31787885096,0.200859916764,62.6676));
#9178 = CARTESIAN_POINT('',(-27.45753280431,6.678409458094E-02,62.6676)
  );
#9179 = CARTESIAN_POINT('',(-27.56518860454,-9.467641763055E-02,62.6676)
  );
#9180 = CARTESIAN_POINT('',(-27.63966934462,-0.280920998829,62.6676));
#9181 = CARTESIAN_POINT('',(-27.66657379246,-0.498539262516,62.6676));
#9182 = CARTESIAN_POINT('',(-27.66760663588,-0.519406644267,62.6676));
#9183 = CARTESIAN_POINT('',(-27.66836433008,-0.536507896926,62.6676));
#9184 = CARTESIAN_POINT('',(-27.66901711646,-0.553031785184,62.6676));
#9185 = CARTESIAN_POINT('',(-27.66953410652,-0.570321877138,62.6676));
#9186 = CARTESIAN_POINT('',(-27.66983020747,-0.587015063123,62.6676));
#9187 = CARTESIAN_POINT('',(-27.67,-0.603970239087,62.6676));
#9188 = CARTESIAN_POINT('',(-27.67,-0.620874968816,62.6676));
#9189 = PCURVE('',#4107,#9190);
#9190 = DEFINITIONAL_REPRESENTATION('',(#9191),#9195);
#9191 = LINE('',#9192,#9193);
#9192 = CARTESIAN_POINT('',(0.,0.));
#9193 = VECTOR('',#9194,1.);
#9194 = DIRECTION('',(0.,1.));
#9195 = ( GEOMETRIC_REPRESENTATION_CONTEXT(2) 
PARAMETRIC_REPRESENTATION_CONTEXT() REPRESENTATION_CONTEXT('2D SPACE',''
  ) );
#9196 = PCURVE('',#4330,#9197);
#9197 = DEFINITIONAL_REPRESENTATION('',(#9198),#9215);
#9198 = ( BOUNDED_CURVE() B_SPLINE_CURVE(8,(#9199,#9200,#9201,#9202,
    #9203,#9204,#9205,#9206,#9207,#9208,#9209,#9210,#9211,#9212,#9213,
#9214),.UNSPECIFIED.,.F.,.F.) B_SPLINE_CURVE_WITH_KNOTS((9,7,9),(
3.000000000003,6.156491912282,6.291145965525),.UNSPECIFIED.) CURVE() 
GEOMETRIC_REPRESENTATION_ITEM() RATIONAL_B_SPLINE_CURVE((1.,1.,1.,1.,1.,
1.,1.,1.,1.,1.,1.,1.,1.,1.,1.,1.)) REPRESENTATION_ITEM('') );
#9199 = CARTESIAN_POINT('',(-3.000000000001,-18.21177176657));
#9200 = CARTESIAN_POINT('',(-3.165962078009,-18.21177176657));
#9201 = CARTESIAN_POINT('',(-3.33195831355,-18.24287509403));
#9202 = CARTESIAN_POINT('',(-3.493810424469,-18.3060753878));
#9203 = CARTESIAN_POINT('',(-3.647878850967,-18.39914008323));
#9204 = CARTESIAN_POINT('',(-3.787532804317,-18.53321590541));
#9205 = CARTESIAN_POINT('',(-3.895188604547,-18.69467641763));
#9206 = CARTESIAN_POINT('',(-3.969669344625,-18.88092099882));
#9207 = CARTESIAN_POINT('',(-3.996573792465,-19.09853926251));
#9208 = CARTESIAN_POINT('',(-3.997606635885,-19.11940664426));
#9209 = CARTESIAN_POINT('',(-3.998364330085,-19.13650789692));
#9210 = CARTESIAN_POINT('',(-3.999017116465,-19.15303178518));
#9211 = CARTESIAN_POINT('',(-3.99953410652,-19.17032187713));
#9212 = CARTESIAN_POINT('',(-3.999830207476,-19.18701506312));
#9213 = CARTESIAN_POINT('',(-4.,-19.20397023908));
#9214 = CARTESIAN_POINT('',(-4.,-19.22087496881));
#9215 = ( GEOMETRIC_REPRESENTATION_CONTEXT(2) 
PARAMETRIC_REPRESENTATION_CONTEXT() REPRESENTATION_CONTEXT('2D SPACE',''
  ) );
#9216 = ADVANCED_FACE('',(#9217),#4039,.F.);
#9217 = FACE_BOUND('',#9218,.T.);
#9218 = EDGE_LOOP('',(#9219,#9220,#9243,#9264));
#9219 = ORIENTED_EDGE('',*,*,#4023,.T.);
#9220 = ORIENTED_EDGE('',*,*,#9221,.T.);
#9221 = EDGE_CURVE('',#4024,#9222,#9224,.T.);
#9222 = VERTEX_POINT('',#9223);
#9223 = CARTESIAN_POINT('',(-28.67,-16.865,63.6676));
#9224 = SURFACE_CURVE('',#9225,(#9229,#9236),.PCURVE_S1.);
#9225 = LINE('',#9226,#9227);
#9226 = CARTESIAN_POINT('',(-28.67,-0.485637130978,63.6676));
#9227 = VECTOR('',#9228,1.);
#9228 = DIRECTION('',(0.,-1.,2.22044604925E-16));
#9229 = PCURVE('',#4039,#9230);
#9230 = DEFINITIONAL_REPRESENTATION('',(#9231),#9235);
#9231 = LINE('',#9232,#9233);
#9232 = CARTESIAN_POINT('',(-1.,-19.08563713097));
#9233 = VECTOR('',#9234,1.);
#9234 = DIRECTION('',(-0.,-1.));
#9235 = ( GEOMETRIC_REPRESENTATION_CONTEXT(2) 
PARAMETRIC_REPRESENTATION_CONTEXT() REPRESENTATION_CONTEXT('2D SPACE',''
  ) );
#9236 = PCURVE('',#9151,#9237);
#9237 = DEFINITIONAL_REPRESENTATION('',(#9238),#9242);
#9238 = LINE('',#9239,#9240);
#9239 = CARTESIAN_POINT('',(-1.570796326795,0.));
#9240 = VECTOR('',#9241,1.);
#9241 = DIRECTION('',(-0.,1.));
#9242 = ( GEOMETRIC_REPRESENTATION_CONTEXT(2) 
PARAMETRIC_REPRESENTATION_CONTEXT() REPRESENTATION_CONTEXT('2D SPACE',''
  ) );
#9243 = ORIENTED_EDGE('',*,*,#9244,.T.);
#9244 = EDGE_CURVE('',#9222,#9086,#9245,.T.);
#9245 = SURFACE_CURVE('',#9246,(#9250,#9257),.PCURVE_S1.);
#9246 = LINE('',#9247,#9248);
#9247 = CARTESIAN_POINT('',(-28.67,-16.865,62.6676));
#9248 = VECTOR('',#9249,1.);
#9249 = DIRECTION('',(0.,2.22044604925E-16,1.));
#9250 = PCURVE('',#4039,#9251);
#9251 = DEFINITIONAL_REPRESENTATION('',(#9252),#9256);
#9252 = LINE('',#9253,#9254);
#9253 = CARTESIAN_POINT('',(7.874811913666E-15,-35.465));
#9254 = VECTOR('',#9255,1.);
#9255 = DIRECTION('',(-1.,0.));
#9256 = ( GEOMETRIC_REPRESENTATION_CONTEXT(2) 
PARAMETRIC_REPRESENTATION_CONTEXT() REPRESENTATION_CONTEXT('2D SPACE',''
  ) );
#9257 = PCURVE('',#5904,#9258);
#9258 = DEFINITIONAL_REPRESENTATION('',(#9259),#9263);
#9259 = LINE('',#9260,#9261);
#9260 = CARTESIAN_POINT('',(0.,0.));
#9261 = VECTOR('',#9262,1.);
#9262 = DIRECTION('',(0.,1.));
#9263 = ( GEOMETRIC_REPRESENTATION_CONTEXT(2) 
PARAMETRIC_REPRESENTATION_CONTEXT() REPRESENTATION_CONTEXT('2D SPACE',''
  ) );
#9264 = ORIENTED_EDGE('',*,*,#9085,.F.);
#9265 = ADVANCED_FACE('',(#9266),#4330,.F.);
#9266 = FACE_BOUND('',#9267,.T.);
#9267 = EDGE_LOOP('',(#9268,#9269,#9292,#9313,#9314,#9337,#9360,#9389,
    #9410,#9411));
#9268 = ORIENTED_EDGE('',*,*,#4480,.T.);
#9269 = ORIENTED_EDGE('',*,*,#9270,.T.);
#9270 = EDGE_CURVE('',#4481,#9271,#9273,.T.);
#9271 = VERTEX_POINT('',#9272);
#9272 = CARTESIAN_POINT('',(-23.8,-9.0675,62.6676));
#9273 = SURFACE_CURVE('',#9274,(#9278,#9285),.PCURVE_S1.);
#9274 = LINE('',#9275,#9276);
#9275 = CARTESIAN_POINT('',(6.5E-02,-9.0675,62.6676));
#9276 = VECTOR('',#9277,1.);
#9277 = DIRECTION('',(-1.,0.,0.));
#9278 = PCURVE('',#4330,#9279);
#9279 = DEFINITIONAL_REPRESENTATION('',(#9280),#9284);
#9280 = LINE('',#9281,#9282);
#9281 = CARTESIAN_POINT('',(23.735,-27.6675));
#9282 = VECTOR('',#9283,1.);
#9283 = DIRECTION('',(-1.,0.));
#9284 = ( GEOMETRIC_REPRESENTATION_CONTEXT(2) 
PARAMETRIC_REPRESENTATION_CONTEXT() REPRESENTATION_CONTEXT('2D SPACE',''
  ) );
#9285 = PCURVE('',#4542,#9286);
#9286 = DEFINITIONAL_REPRESENTATION('',(#9287),#9291);
#9287 = LINE('',#9288,#9289);
#9288 = CARTESIAN_POINT('',(9.82,-23.735));
#9289 = VECTOR('',#9290,1.);
#9290 = DIRECTION('',(0.,-1.));
#9291 = ( GEOMETRIC_REPRESENTATION_CONTEXT(2) 
PARAMETRIC_REPRESENTATION_CONTEXT() REPRESENTATION_CONTEXT('2D SPACE',''
  ) );
#9292 = ORIENTED_EDGE('',*,*,#9293,.T.);
#9293 = EDGE_CURVE('',#9271,#6735,#9294,.T.);
#9294 = SURFACE_CURVE('',#9295,(#9299,#9306),.PCURVE_S1.);
#9295 = LINE('',#9296,#9297);
#9296 = CARTESIAN_POINT('',(-23.8,3.383125,62.6676));
#9297 = VECTOR('',#9298,1.);
#9298 = DIRECTION('',(0.,-1.,2.22044604925E-16));
#9299 = PCURVE('',#4330,#9300);
#9300 = DEFINITIONAL_REPRESENTATION('',(#9301),#9305);
#9301 = LINE('',#9302,#9303);
#9302 = CARTESIAN_POINT('',(-0.13,-15.216875));
#9303 = VECTOR('',#9304,1.);
#9304 = DIRECTION('',(-0.,-1.));
#9305 = ( GEOMETRIC_REPRESENTATION_CONTEXT(2) 
PARAMETRIC_REPRESENTATION_CONTEXT() REPRESENTATION_CONTEXT('2D SPACE',''
  ) );
#9306 = PCURVE('',#6773,#9307);
#9307 = DEFINITIONAL_REPRESENTATION('',(#9308),#9312);
#9308 = LINE('',#9309,#9310);
#9309 = CARTESIAN_POINT('',(-1.695,-15.216875));
#9310 = VECTOR('',#9311,1.);
#9311 = DIRECTION('',(2.22044604925E-16,1.));
#9312 = ( GEOMETRIC_REPRESENTATION_CONTEXT(2) 
PARAMETRIC_REPRESENTATION_CONTEXT() REPRESENTATION_CONTEXT('2D SPACE',''
  ) );
#9313 = ORIENTED_EDGE('',*,*,#6734,.T.);
#9314 = ORIENTED_EDGE('',*,*,#9315,.T.);
#9315 = EDGE_CURVE('',#6712,#9316,#9318,.T.);
#9316 = VERTEX_POINT('',#9317);
#9317 = CARTESIAN_POINT('',(-23.67,-17.865,62.6676));
#9318 = SURFACE_CURVE('',#9319,(#9323,#9330),.PCURVE_S1.);
#9319 = LINE('',#9320,#9321);
#9320 = CARTESIAN_POINT('',(-23.67,18.6,62.6676));
#9321 = VECTOR('',#9322,1.);
#9322 = DIRECTION('',(0.,-1.,2.22044604925E-16));
#9323 = PCURVE('',#4330,#9324);
#9324 = DEFINITIONAL_REPRESENTATION('',(#9325),#9329);
#9325 = LINE('',#9326,#9327);
#9326 = CARTESIAN_POINT('',(-0.,0.));
#9327 = VECTOR('',#9328,1.);
#9328 = DIRECTION('',(-0.,-1.));
#9329 = ( GEOMETRIC_REPRESENTATION_CONTEXT(2) 
PARAMETRIC_REPRESENTATION_CONTEXT() REPRESENTATION_CONTEXT('2D SPACE',''
  ) );
#9330 = PCURVE('',#5960,#9331);
#9331 = DEFINITIONAL_REPRESENTATION('',(#9332),#9336);
#9332 = LINE('',#9333,#9334);
#9333 = CARTESIAN_POINT('',(-3.22,7.149836278586E-16));
#9334 = VECTOR('',#9335,1.);
#9335 = DIRECTION('',(-0.,-1.));
#9336 = ( GEOMETRIC_REPRESENTATION_CONTEXT(2) 
PARAMETRIC_REPRESENTATION_CONTEXT() REPRESENTATION_CONTEXT('2D SPACE',''
  ) );
#9337 = ORIENTED_EDGE('',*,*,#9338,.F.);
#9338 = EDGE_CURVE('',#9339,#9316,#9341,.T.);
#9339 = VERTEX_POINT('',#9340);
#9340 = CARTESIAN_POINT('',(-26.67,-17.865,62.6676));
#9341 = SURFACE_CURVE('',#9342,(#9346,#9353),.PCURVE_S1.);
#9342 = LINE('',#9343,#9344);
#9343 = CARTESIAN_POINT('',(-26.67,-17.865,62.6676));
#9344 = VECTOR('',#9345,1.);
#9345 = DIRECTION('',(1.,0.,0.));
#9346 = PCURVE('',#4330,#9347);
#9347 = DEFINITIONAL_REPRESENTATION('',(#9348),#9352);
#9348 = LINE('',#9349,#9350);
#9349 = CARTESIAN_POINT('',(-3.,-36.465));
#9350 = VECTOR('',#9351,1.);
#9351 = DIRECTION('',(1.,-0.));
#9352 = ( GEOMETRIC_REPRESENTATION_CONTEXT(2) 
PARAMETRIC_REPRESENTATION_CONTEXT() REPRESENTATION_CONTEXT('2D SPACE',''
  ) );
#9353 = PCURVE('',#5932,#9354);
#9354 = DEFINITIONAL_REPRESENTATION('',(#9355),#9359);
#9355 = LINE('',#9356,#9357);
#9356 = CARTESIAN_POINT('',(-0.,0.));
#9357 = VECTOR('',#9358,1.);
#9358 = DIRECTION('',(-0.,1.));
#9359 = ( GEOMETRIC_REPRESENTATION_CONTEXT(2) 
PARAMETRIC_REPRESENTATION_CONTEXT() REPRESENTATION_CONTEXT('2D SPACE',''
  ) );
#9360 = ORIENTED_EDGE('',*,*,#9361,.F.);
#9361 = EDGE_CURVE('',#9362,#9339,#9364,.T.);
#9362 = VERTEX_POINT('',#9363);
#9363 = CARTESIAN_POINT('',(-27.67,-16.865,62.6676));
#9364 = SURFACE_CURVE('',#9365,(#9370,#9377),.PCURVE_S1.);
#9365 = CIRCLE('',#9366,1.);
#9366 = AXIS2_PLACEMENT_3D('',#9367,#9368,#9369);
#9367 = CARTESIAN_POINT('',(-26.67,-16.865,62.6676));
#9368 = DIRECTION('',(0.,2.22044604925E-16,1.));
#9369 = DIRECTION('',(-1.,2.22044604925E-16,-4.930380657631E-32));
#9370 = PCURVE('',#4330,#9371);
#9371 = DEFINITIONAL_REPRESENTATION('',(#9372),#9376);
#9372 = CIRCLE('',#9373,1.);
#9373 = AXIS2_PLACEMENT_2D('',#9374,#9375);
#9374 = CARTESIAN_POINT('',(-3.,-35.465));
#9375 = DIRECTION('',(-1.,2.22044604925E-16));
#9376 = ( GEOMETRIC_REPRESENTATION_CONTEXT(2) 
PARAMETRIC_REPRESENTATION_CONTEXT() REPRESENTATION_CONTEXT('2D SPACE',''
  ) );
#9377 = PCURVE('',#9378,#9383);
#9378 = TOROIDAL_SURFACE('',#9379,1.,1.);
#9379 = AXIS2_PLACEMENT_3D('',#9380,#9381,#9382);
#9380 = CARTESIAN_POINT('',(-26.67,-16.865,63.6676));
#9381 = DIRECTION('',(0.,2.22044604925E-16,1.));
#9382 = DIRECTION('',(-1.,2.22044604925E-16,-4.930380657631E-32));
#9383 = DEFINITIONAL_REPRESENTATION('',(#9384),#9388);
#9384 = LINE('',#9385,#9386);
#9385 = CARTESIAN_POINT('',(0.,4.712388980385));
#9386 = VECTOR('',#9387,1.);
#9387 = DIRECTION('',(1.,0.));
#9388 = ( GEOMETRIC_REPRESENTATION_CONTEXT(2) 
PARAMETRIC_REPRESENTATION_CONTEXT() REPRESENTATION_CONTEXT('2D SPACE',''
  ) );
#9389 = ORIENTED_EDGE('',*,*,#9390,.F.);
#9390 = EDGE_CURVE('',#9136,#9362,#9391,.T.);
#9391 = SURFACE_CURVE('',#9392,(#9396,#9403),.PCURVE_S1.);
#9392 = LINE('',#9393,#9394);
#9393 = CARTESIAN_POINT('',(-27.67,-0.485637130978,62.6676));
#9394 = VECTOR('',#9395,1.);
#9395 = DIRECTION('',(0.,-1.,2.22044604925E-16));
#9396 = PCURVE('',#4330,#9397);
#9397 = DEFINITIONAL_REPRESENTATION('',(#9398),#9402);
#9398 = LINE('',#9399,#9400);
#9399 = CARTESIAN_POINT('',(-4.,-19.08563713097));
#9400 = VECTOR('',#9401,1.);
#9401 = DIRECTION('',(-0.,-1.));
#9402 = ( GEOMETRIC_REPRESENTATION_CONTEXT(2) 
PARAMETRIC_REPRESENTATION_CONTEXT() REPRESENTATION_CONTEXT('2D SPACE',''
  ) );
#9403 = PCURVE('',#9151,#9404);
#9404 = DEFINITIONAL_REPRESENTATION('',(#9405),#9409);
#9405 = LINE('',#9406,#9407);
#9406 = CARTESIAN_POINT('',(-0.,0.));
#9407 = VECTOR('',#9408,1.);
#9408 = DIRECTION('',(-0.,1.));
#9409 = ( GEOMETRIC_REPRESENTATION_CONTEXT(2) 
PARAMETRIC_REPRESENTATION_CONTEXT() REPRESENTATION_CONTEXT('2D SPACE',''
  ) );
#9410 = ORIENTED_EDGE('',*,*,#9170,.F.);
#9411 = ORIENTED_EDGE('',*,*,#4316,.F.);
#9412 = ADVANCED_FACE('',(#9413),#4429,.T.);
#9413 = FACE_BOUND('',#9414,.T.);
#9414 = EDGE_LOOP('',(#9415,#9438,#9439,#9440));
#9415 = ORIENTED_EDGE('',*,*,#9416,.F.);
#9416 = EDGE_CURVE('',#4346,#9417,#9419,.T.);
#9417 = VERTEX_POINT('',#9418);
#9418 = CARTESIAN_POINT('',(-28.67,-16.865,52.8476));
#9419 = SURFACE_CURVE('',#9420,(#9424,#9431),.PCURVE_S1.);
#9420 = LINE('',#9421,#9422);
#9421 = CARTESIAN_POINT('',(-28.67,18.6,52.8476));
#9422 = VECTOR('',#9423,1.);
#9423 = DIRECTION('',(0.,-1.,2.22044604925E-16));
#9424 = PCURVE('',#4429,#9425);
#9425 = DEFINITIONAL_REPRESENTATION('',(#9426),#9430);
#9426 = LINE('',#9427,#9428);
#9427 = CARTESIAN_POINT('',(6.28318530718,0.));
#9428 = VECTOR('',#9429,1.);
#9429 = DIRECTION('',(0.,-1.));
#9430 = ( GEOMETRIC_REPRESENTATION_CONTEXT(2) 
PARAMETRIC_REPRESENTATION_CONTEXT() REPRESENTATION_CONTEXT('2D SPACE',''
  ) );
#9431 = PCURVE('',#4636,#9432);
#9432 = DEFINITIONAL_REPRESENTATION('',(#9433),#9437);
#9433 = LINE('',#9434,#9435);
#9434 = CARTESIAN_POINT('',(-0.,0.));
#9435 = VECTOR('',#9436,1.);
#9436 = DIRECTION('',(-0.,-1.));
#9437 = ( GEOMETRIC_REPRESENTATION_CONTEXT(2) 
PARAMETRIC_REPRESENTATION_CONTEXT() REPRESENTATION_CONTEXT('2D SPACE',''
  ) );
#9438 = ORIENTED_EDGE('',*,*,#4404,.T.);
#9439 = ORIENTED_EDGE('',*,*,#8998,.T.);
#9440 = ORIENTED_EDGE('',*,*,#9441,.T.);
#9441 = EDGE_CURVE('',#8999,#9417,#9442,.T.);
#9442 = SURFACE_CURVE('',#9443,(#9448,#9455),.PCURVE_S1.);
#9443 = CIRCLE('',#9444,5.);
#9444 = AXIS2_PLACEMENT_3D('',#9445,#9446,#9447);
#9445 = CARTESIAN_POINT('',(-23.67,-16.865,52.8476));
#9446 = DIRECTION('',(0.,1.,-2.2369221865E-16));
#9447 = DIRECTION('',(-0.766044443119,-1.437865865315E-16,
    -0.642787609687));
#9448 = PCURVE('',#4429,#9449);
#9449 = DEFINITIONAL_REPRESENTATION('',(#9450),#9454);
#9450 = LINE('',#9451,#9452);
#9451 = CARTESIAN_POINT('',(5.585053606382,-35.465));
#9452 = VECTOR('',#9453,1.);
#9453 = DIRECTION('',(1.,0.));
#9454 = ( GEOMETRIC_REPRESENTATION_CONTEXT(2) 
PARAMETRIC_REPRESENTATION_CONTEXT() REPRESENTATION_CONTEXT('2D SPACE',''
  ) );
#9455 = PCURVE('',#6068,#9456);
#9456 = DEFINITIONAL_REPRESENTATION('',(#9457),#9461);
#9457 = LINE('',#9458,#9459);
#9458 = CARTESIAN_POINT('',(-0.,0.));
#9459 = VECTOR('',#9460,1.);
#9460 = DIRECTION('',(-1.,0.));
#9461 = ( GEOMETRIC_REPRESENTATION_CONTEXT(2) 
PARAMETRIC_REPRESENTATION_CONTEXT() REPRESENTATION_CONTEXT('2D SPACE',''
  ) );
#9462 = ADVANCED_FACE('',(#9463),#4542,.T.);
#9463 = FACE_BOUND('',#9464,.T.);
#9464 = EDGE_LOOP('',(#9465,#9490,#9513,#9534,#9535,#9536,#9537,#9538));
#9465 = ORIENTED_EDGE('',*,*,#9466,.T.);
#9466 = EDGE_CURVE('',#9467,#9469,#9471,.T.);
#9467 = VERTEX_POINT('',#9468);
#9468 = CARTESIAN_POINT('',(-5.3,-9.0675,56.2376));
#9469 = VERTEX_POINT('',#9470);
#9470 = CARTESIAN_POINT('',(-5.3,-9.0675,72.4876));
#9471 = SURFACE_CURVE('',#9472,(#9476,#9483),.PCURVE_S1.);
#9472 = LINE('',#9473,#9474);
#9473 = CARTESIAN_POINT('',(-5.3,-9.0675,36.2438));
#9474 = VECTOR('',#9475,1.);
#9475 = DIRECTION('',(0.,0.,1.));
#9476 = PCURVE('',#4542,#9477);
#9477 = DEFINITIONAL_REPRESENTATION('',(#9478),#9482);
#9478 = LINE('',#9479,#9480);
#9479 = CARTESIAN_POINT('',(36.2438,-29.1));
#9480 = VECTOR('',#9481,1.);
#9481 = DIRECTION('',(-1.,0.));
#9482 = ( GEOMETRIC_REPRESENTATION_CONTEXT(2) 
PARAMETRIC_REPRESENTATION_CONTEXT() REPRESENTATION_CONTEXT('2D SPACE',''
  ) );
#9483 = PCURVE('',#7192,#9484);
#9484 = DEFINITIONAL_REPRESENTATION('',(#9485),#9489);
#9485 = LINE('',#9486,#9487);
#9486 = CARTESIAN_POINT('',(3.5325,-36.2438));
#9487 = VECTOR('',#9488,1.);
#9488 = DIRECTION('',(0.,-1.));
#9489 = ( GEOMETRIC_REPRESENTATION_CONTEXT(2) 
PARAMETRIC_REPRESENTATION_CONTEXT() REPRESENTATION_CONTEXT('2D SPACE',''
  ) );
#9490 = ORIENTED_EDGE('',*,*,#9491,.T.);
#9491 = EDGE_CURVE('',#9469,#9492,#9494,.T.);
#9492 = VERTEX_POINT('',#9493);
#9493 = CARTESIAN_POINT('',(-23.8,-9.0675,72.4876));
#9494 = SURFACE_CURVE('',#9495,(#9499,#9506),.PCURVE_S1.);
#9495 = LINE('',#9496,#9497);
#9496 = CARTESIAN_POINT('',(23.8,-9.0675,72.4876));
#9497 = VECTOR('',#9498,1.);
#9498 = DIRECTION('',(-1.,0.,0.));
#9499 = PCURVE('',#4542,#9500);
#9500 = DEFINITIONAL_REPRESENTATION('',(#9501),#9505);
#9501 = LINE('',#9502,#9503);
#9502 = CARTESIAN_POINT('',(0.,0.));
#9503 = VECTOR('',#9504,1.);
#9504 = DIRECTION('',(0.,-1.));
#9505 = ( GEOMETRIC_REPRESENTATION_CONTEXT(2) 
PARAMETRIC_REPRESENTATION_CONTEXT() REPRESENTATION_CONTEXT('2D SPACE',''
  ) );
#9506 = PCURVE('',#6801,#9507);
#9507 = DEFINITIONAL_REPRESENTATION('',(#9508),#9512);
#9508 = LINE('',#9509,#9510);
#9509 = CARTESIAN_POINT('',(5.5325,0.));
#9510 = VECTOR('',#9511,1.);
#9511 = DIRECTION('',(0.,-1.));
#9512 = ( GEOMETRIC_REPRESENTATION_CONTEXT(2) 
PARAMETRIC_REPRESENTATION_CONTEXT() REPRESENTATION_CONTEXT('2D SPACE',''
  ) );
#9513 = ORIENTED_EDGE('',*,*,#9514,.T.);
#9514 = EDGE_CURVE('',#9492,#9271,#9515,.T.);
#9515 = SURFACE_CURVE('',#9516,(#9520,#9527),.PCURVE_S1.);
#9516 = LINE('',#9517,#9518);
#9517 = CARTESIAN_POINT('',(-23.8,-9.0675,72.4876));
#9518 = VECTOR('',#9519,1.);
#9519 = DIRECTION('',(0.,0.,-1.));
#9520 = PCURVE('',#4542,#9521);
#9521 = DEFINITIONAL_REPRESENTATION('',(#9522),#9526);
#9522 = LINE('',#9523,#9524);
#9523 = CARTESIAN_POINT('',(0.,-47.6));
#9524 = VECTOR('',#9525,1.);
#9525 = DIRECTION('',(1.,0.));
#9526 = ( GEOMETRIC_REPRESENTATION_CONTEXT(2) 
PARAMETRIC_REPRESENTATION_CONTEXT() REPRESENTATION_CONTEXT('2D SPACE',''
  ) );
#9527 = PCURVE('',#6773,#9528);
#9528 = DEFINITIONAL_REPRESENTATION('',(#9529),#9533);
#9529 = LINE('',#9530,#9531);
#9530 = CARTESIAN_POINT('',(8.125,-2.76625));
#9531 = VECTOR('',#9532,1.);
#9532 = DIRECTION('',(-1.,0.));
#9533 = ( GEOMETRIC_REPRESENTATION_CONTEXT(2) 
PARAMETRIC_REPRESENTATION_CONTEXT() REPRESENTATION_CONTEXT('2D SPACE',''
  ) );
#9534 = ORIENTED_EDGE('',*,*,#9270,.F.);
#9535 = ORIENTED_EDGE('',*,*,#4528,.F.);
#9536 = ORIENTED_EDGE('',*,*,#4677,.F.);
#9537 = ORIENTED_EDGE('',*,*,#4917,.F.);
#9538 = ORIENTED_EDGE('',*,*,#9539,.F.);
#9539 = EDGE_CURVE('',#9467,#4890,#9540,.T.);
#9540 = SURFACE_CURVE('',#9541,(#9545,#9552),.PCURVE_S1.);
#9541 = LINE('',#9542,#9543);
#9542 = CARTESIAN_POINT('',(23.8,-9.0675,56.2376));
#9543 = VECTOR('',#9544,1.);
#9544 = DIRECTION('',(-1.,0.,0.));
#9545 = PCURVE('',#4542,#9546);
#9546 = DEFINITIONAL_REPRESENTATION('',(#9547),#9551);
#9547 = LINE('',#9548,#9549);
#9548 = CARTESIAN_POINT('',(16.25,0.));
#9549 = VECTOR('',#9550,1.);
#9550 = DIRECTION('',(0.,-1.));
#9551 = ( GEOMETRIC_REPRESENTATION_CONTEXT(2) 
PARAMETRIC_REPRESENTATION_CONTEXT() REPRESENTATION_CONTEXT('2D SPACE',''
  ) );
#9552 = PCURVE('',#4905,#9553);
#9553 = DEFINITIONAL_REPRESENTATION('',(#9554),#9558);
#9554 = LINE('',#9555,#9556);
#9555 = CARTESIAN_POINT('',(0.,0.));
#9556 = VECTOR('',#9557,1.);
#9557 = DIRECTION('',(0.,-1.));
#9558 = ( GEOMETRIC_REPRESENTATION_CONTEXT(2) 
PARAMETRIC_REPRESENTATION_CONTEXT() REPRESENTATION_CONTEXT('2D SPACE',''
  ) );
#9559 = ADVANCED_FACE('',(#9560),#4587,.T.);
#9560 = FACE_BOUND('',#9561,.T.);
#9561 = EDGE_LOOP('',(#9562,#9563,#9564,#9593));
#9562 = ORIENTED_EDGE('',*,*,#4730,.T.);
#9563 = ORIENTED_EDGE('',*,*,#4558,.T.);
#9564 = ORIENTED_EDGE('',*,*,#9565,.F.);
#9565 = EDGE_CURVE('',#9566,#4559,#9568,.T.);
#9566 = VERTEX_POINT('',#9567);
#9567 = CARTESIAN_POINT('',(-27.67000079734,0.540907627316,56.0676));
#9568 = SURFACE_CURVE('',#9569,(#9573,#9580),.PCURVE_S1.);
#9569 = ( BOUNDED_CURVE() B_SPLINE_CURVE(2,(#9570,#9571,#9572),
.UNSPECIFIED.,.F.,.F.) B_SPLINE_CURVE_WITH_KNOTS((3,3),(0.,
3.020570697649),.PIECEWISE_BEZIER_KNOTS.) CURVE() 
GEOMETRIC_REPRESENTATION_ITEM() RATIONAL_B_SPLINE_CURVE((1.,
0.707106781187,1.)) REPRESENTATION_ITEM('') );
#9570 = CARTESIAN_POINT('',(-27.67000079734,0.540907627316,56.0676));
#9571 = CARTESIAN_POINT('',(-28.67,0.542170436589,56.0676));
#9572 = CARTESIAN_POINT('',(-28.67,0.542170436589,55.0676));
#9573 = PCURVE('',#4587,#9574);
#9574 = DEFINITIONAL_REPRESENTATION('',(#9575),#9579);
#9575 = LINE('',#9576,#9577);
#9576 = CARTESIAN_POINT('',(0.,6.020570697649));
#9577 = VECTOR('',#9578,1.);
#9578 = DIRECTION('',(1.,0.));
#9579 = ( GEOMETRIC_REPRESENTATION_CONTEXT(2) 
PARAMETRIC_REPRESENTATION_CONTEXT() REPRESENTATION_CONTEXT('2D SPACE',''
  ) );
#9580 = PCURVE('',#9581,#9586);
#9581 = CYLINDRICAL_SURFACE('',#9582,1.);
#9582 = AXIS2_PLACEMENT_3D('',#9583,#9584,#9585);
#9583 = CARTESIAN_POINT('',(-27.67,0.406932598751,55.0676));
#9584 = DIRECTION('',(0.,-1.,2.22044604925E-16));
#9585 = DIRECTION('',(0.,2.22044604925E-16,1.));
#9586 = DEFINITIONAL_REPRESENTATION('',(#9587),#9592);
#9587 = B_SPLINE_CURVE_WITH_KNOTS('',3,(#9588,#9589,#9590,#9591),
  .UNSPECIFIED.,.F.,.F.,(4,4),(0.,3.020570697649),
  .PIECEWISE_BEZIER_KNOTS.);
#9588 = CARTESIAN_POINT('',(0.,-0.135237837838));
#9589 = CARTESIAN_POINT('',(0.471404520791,-0.135237837838));
#9590 = CARTESIAN_POINT('',(1.099391806004,-0.135237837838));
#9591 = CARTESIAN_POINT('',(1.570796326795,-0.135237837838));
#9592 = ( GEOMETRIC_REPRESENTATION_CONTEXT(2) 
PARAMETRIC_REPRESENTATION_CONTEXT() REPRESENTATION_CONTEXT('2D SPACE',''
  ) );
#9593 = ORIENTED_EDGE('',*,*,#9594,.F.);
#9594 = EDGE_CURVE('',#4731,#9566,#9595,.T.);
#9595 = SURFACE_CURVE('',#9596,(#9606,#9613),.PCURVE_S1.);
#9596 = ( BOUNDED_CURVE() B_SPLINE_CURVE(8,(#9597,#9598,#9599,#9600,
    #9601,#9602,#9603,#9604,#9605),.UNSPECIFIED.,.F.,.F.) 
B_SPLINE_CURVE_WITH_KNOTS((9,9),(3.,6.020570697649),
.PIECEWISE_BEZIER_KNOTS.) CURVE() GEOMETRIC_REPRESENTATION_ITEM() 
RATIONAL_B_SPLINE_CURVE((1.,1.,1.,1.,1.,1.,1.,1.,1.)) 
REPRESENTATION_ITEM('') );
#9597 = CARTESIAN_POINT('',(-26.67,1.551273638835,56.0676));
#9598 = CARTESIAN_POINT('',(-26.88018029639,1.551273638835,56.0676));
#9599 = CARTESIAN_POINT('',(-27.10452571416,1.50063535188,56.0676));
#9600 = CARTESIAN_POINT('',(-27.31922472683,1.388187110899,56.0676));
#9601 = CARTESIAN_POINT('',(-27.49387426802,1.219997150302,56.0676));
#9602 = CARTESIAN_POINT('',(-27.59450096404,1.025503679229,56.0676));
#9603 = CARTESIAN_POINT('',(-27.64390118926,0.85742882612,56.0676));
#9604 = CARTESIAN_POINT('',(-27.67027696578,0.700717209904,56.0676));
#9605 = CARTESIAN_POINT('',(-27.67000079734,0.540907627316,56.0676));
#9606 = PCURVE('',#4587,#9607);
#9607 = DEFINITIONAL_REPRESENTATION('',(#9608),#9612);
#9608 = LINE('',#9609,#9610);
#9609 = CARTESIAN_POINT('',(0.,0.));
#9610 = VECTOR('',#9611,1.);
#9611 = DIRECTION('',(0.,1.));
#9612 = ( GEOMETRIC_REPRESENTATION_CONTEXT(2) 
PARAMETRIC_REPRESENTATION_CONTEXT() REPRESENTATION_CONTEXT('2D SPACE',''
  ) );
#9613 = PCURVE('',#4775,#9614);
#9614 = DEFINITIONAL_REPRESENTATION('',(#9615),#9625);
#9615 = ( BOUNDED_CURVE() B_SPLINE_CURVE(8,(#9616,#9617,#9618,#9619,
    #9620,#9621,#9622,#9623,#9624),.UNSPECIFIED.,.F.,.F.) 
B_SPLINE_CURVE_WITH_KNOTS((9,9),(3.,6.020570697649),
.PIECEWISE_BEZIER_KNOTS.) CURVE() GEOMETRIC_REPRESENTATION_ITEM() 
RATIONAL_B_SPLINE_CURVE((1.,1.,1.,1.,1.,1.,1.,1.,1.)) 
REPRESENTATION_ITEM('') );
#9616 = CARTESIAN_POINT('',(-3.,-17.04872636116));
#9617 = CARTESIAN_POINT('',(-3.210180296391,-17.04872636116));
#9618 = CARTESIAN_POINT('',(-3.434525714165,-17.09936464812));
#9619 = CARTESIAN_POINT('',(-3.649224726837,-17.2118128891));
#9620 = CARTESIAN_POINT('',(-3.823874268026,-17.38000284969));
#9621 = CARTESIAN_POINT('',(-3.924500964046,-17.57449632077));
#9622 = CARTESIAN_POINT('',(-3.973901189268,-17.74257117388));
#9623 = CARTESIAN_POINT('',(-4.000276965781,-17.89928279009));
#9624 = CARTESIAN_POINT('',(-4.000000797344,-18.05909237268));
#9625 = ( GEOMETRIC_REPRESENTATION_CONTEXT(2) 
PARAMETRIC_REPRESENTATION_CONTEXT() REPRESENTATION_CONTEXT('2D SPACE',''
  ) );
#9626 = ADVANCED_FACE('',(#9627),#4636,.F.);
#9627 = FACE_BOUND('',#9628,.T.);
#9628 = EDGE_LOOP('',(#9629,#9630,#9631,#9654));
#9629 = ORIENTED_EDGE('',*,*,#4622,.T.);
#9630 = ORIENTED_EDGE('',*,*,#9416,.T.);
#9631 = ORIENTED_EDGE('',*,*,#9632,.T.);
#9632 = EDGE_CURVE('',#9417,#9633,#9635,.T.);
#9633 = VERTEX_POINT('',#9634);
#9634 = CARTESIAN_POINT('',(-28.67,-16.865,55.0676));
#9635 = SURFACE_CURVE('',#9636,(#9640,#9647),.PCURVE_S1.);
#9636 = LINE('',#9637,#9638);
#9637 = CARTESIAN_POINT('',(-28.67,-16.865,52.8476));
#9638 = VECTOR('',#9639,1.);
#9639 = DIRECTION('',(0.,2.22044604925E-16,1.));
#9640 = PCURVE('',#4636,#9641);
#9641 = DEFINITIONAL_REPRESENTATION('',(#9642),#9646);
#9642 = LINE('',#9643,#9644);
#9643 = CARTESIAN_POINT('',(7.874811913666E-15,-35.465));
#9644 = VECTOR('',#9645,1.);
#9645 = DIRECTION('',(-1.,0.));
#9646 = ( GEOMETRIC_REPRESENTATION_CONTEXT(2) 
PARAMETRIC_REPRESENTATION_CONTEXT() REPRESENTATION_CONTEXT('2D SPACE',''
  ) );
#9647 = PCURVE('',#6035,#9648);
#9648 = DEFINITIONAL_REPRESENTATION('',(#9649),#9653);
#9649 = LINE('',#9650,#9651);
#9650 = CARTESIAN_POINT('',(0.,0.));
#9651 = VECTOR('',#9652,1.);
#9652 = DIRECTION('',(0.,1.));
#9653 = ( GEOMETRIC_REPRESENTATION_CONTEXT(2) 
PARAMETRIC_REPRESENTATION_CONTEXT() REPRESENTATION_CONTEXT('2D SPACE',''
  ) );
#9654 = ORIENTED_EDGE('',*,*,#9655,.F.);
#9655 = EDGE_CURVE('',#4559,#9633,#9656,.T.);
#9656 = SURFACE_CURVE('',#9657,(#9661,#9668),.PCURVE_S1.);
#9657 = LINE('',#9658,#9659);
#9658 = CARTESIAN_POINT('',(-28.67,0.406932598751,55.0676));
#9659 = VECTOR('',#9660,1.);
#9660 = DIRECTION('',(0.,-1.,2.22044604925E-16));
#9661 = PCURVE('',#4636,#9662);
#9662 = DEFINITIONAL_REPRESENTATION('',(#9663),#9667);
#9663 = LINE('',#9664,#9665);
#9664 = CARTESIAN_POINT('',(-2.22,-18.19306740124));
#9665 = VECTOR('',#9666,1.);
#9666 = DIRECTION('',(-0.,-1.));
#9667 = ( GEOMETRIC_REPRESENTATION_CONTEXT(2) 
PARAMETRIC_REPRESENTATION_CONTEXT() REPRESENTATION_CONTEXT('2D SPACE',''
  ) );
#9668 = PCURVE('',#9581,#9669);
#9669 = DEFINITIONAL_REPRESENTATION('',(#9670),#9674);
#9670 = LINE('',#9671,#9672);
#9671 = CARTESIAN_POINT('',(1.570796326795,0.));
#9672 = VECTOR('',#9673,1.);
#9673 = DIRECTION('',(0.,1.));
#9674 = ( GEOMETRIC_REPRESENTATION_CONTEXT(2) 
PARAMETRIC_REPRESENTATION_CONTEXT() REPRESENTATION_CONTEXT('2D SPACE',''
  ) );
#9675 = ADVANCED_FACE('',(#9676),#4775,.T.);
#9676 = FACE_BOUND('',#9677,.F.);
#9677 = EDGE_LOOP('',(#9678,#9679,#9702,#9731,#9752,#9753));
#9678 = ORIENTED_EDGE('',*,*,#5017,.T.);
#9679 = ORIENTED_EDGE('',*,*,#9680,.F.);
#9680 = EDGE_CURVE('',#9681,#4989,#9683,.T.);
#9681 = VERTEX_POINT('',#9682);
#9682 = CARTESIAN_POINT('',(-26.67,-17.865,56.0676));
#9683 = SURFACE_CURVE('',#9684,(#9688,#9695),.PCURVE_S1.);
#9684 = LINE('',#9685,#9686);
#9685 = CARTESIAN_POINT('',(-26.67,-17.865,56.0676));
#9686 = VECTOR('',#9687,1.);
#9687 = DIRECTION('',(1.,0.,0.));
#9688 = PCURVE('',#4775,#9689);
#9689 = DEFINITIONAL_REPRESENTATION('',(#9690),#9694);
#9690 = LINE('',#9691,#9692);
#9691 = CARTESIAN_POINT('',(-3.,-36.465));
#9692 = VECTOR('',#9693,1.);
#9693 = DIRECTION('',(1.,-0.));
#9694 = ( GEOMETRIC_REPRESENTATION_CONTEXT(2) 
PARAMETRIC_REPRESENTATION_CONTEXT() REPRESENTATION_CONTEXT('2D SPACE',''
  ) );
#9695 = PCURVE('',#5005,#9696);
#9696 = DEFINITIONAL_REPRESENTATION('',(#9697),#9701);
#9697 = LINE('',#9698,#9699);
#9698 = CARTESIAN_POINT('',(0.,0.));
#9699 = VECTOR('',#9700,1.);
#9700 = DIRECTION('',(0.,1.));
#9701 = ( GEOMETRIC_REPRESENTATION_CONTEXT(2) 
PARAMETRIC_REPRESENTATION_CONTEXT() REPRESENTATION_CONTEXT('2D SPACE',''
  ) );
#9702 = ORIENTED_EDGE('',*,*,#9703,.F.);
#9703 = EDGE_CURVE('',#9704,#9681,#9706,.T.);
#9704 = VERTEX_POINT('',#9705);
#9705 = CARTESIAN_POINT('',(-27.67,-16.865,56.0676));
#9706 = SURFACE_CURVE('',#9707,(#9712,#9719),.PCURVE_S1.);
#9707 = CIRCLE('',#9708,1.);
#9708 = AXIS2_PLACEMENT_3D('',#9709,#9710,#9711);
#9709 = CARTESIAN_POINT('',(-26.67,-16.865,56.0676));
#9710 = DIRECTION('',(0.,2.22044604925E-16,1.));
#9711 = DIRECTION('',(-1.,-2.22044604925E-16,4.930380657631E-32));
#9712 = PCURVE('',#4775,#9713);
#9713 = DEFINITIONAL_REPRESENTATION('',(#9714),#9718);
#9714 = CIRCLE('',#9715,1.);
#9715 = AXIS2_PLACEMENT_2D('',#9716,#9717);
#9716 = CARTESIAN_POINT('',(-3.,-35.465));
#9717 = DIRECTION('',(-1.,-2.22044604925E-16));
#9718 = ( GEOMETRIC_REPRESENTATION_CONTEXT(2) 
PARAMETRIC_REPRESENTATION_CONTEXT() REPRESENTATION_CONTEXT('2D SPACE',''
  ) );
#9719 = PCURVE('',#9720,#9725);
#9720 = TOROIDAL_SURFACE('',#9721,1.,1.);
#9721 = AXIS2_PLACEMENT_3D('',#9722,#9723,#9724);
#9722 = CARTESIAN_POINT('',(-26.67,-16.865,55.0676));
#9723 = DIRECTION('',(0.,-2.22044604925E-16,-1.));
#9724 = DIRECTION('',(-1.,-2.22044604925E-16,4.930380657631E-32));
#9725 = DEFINITIONAL_REPRESENTATION('',(#9726),#9730);
#9726 = LINE('',#9727,#9728);
#9727 = CARTESIAN_POINT('',(-0.,4.712388980385));
#9728 = VECTOR('',#9729,1.);
#9729 = DIRECTION('',(-1.,0.));
#9730 = ( GEOMETRIC_REPRESENTATION_CONTEXT(2) 
PARAMETRIC_REPRESENTATION_CONTEXT() REPRESENTATION_CONTEXT('2D SPACE',''
  ) );
#9731 = ORIENTED_EDGE('',*,*,#9732,.F.);
#9732 = EDGE_CURVE('',#9566,#9704,#9733,.T.);
#9733 = SURFACE_CURVE('',#9734,(#9738,#9745),.PCURVE_S1.);
#9734 = LINE('',#9735,#9736);
#9735 = CARTESIAN_POINT('',(-27.67,0.406932598751,56.0676));
#9736 = VECTOR('',#9737,1.);
#9737 = DIRECTION('',(0.,-1.,2.22044604925E-16));
#9738 = PCURVE('',#4775,#9739);
#9739 = DEFINITIONAL_REPRESENTATION('',(#9740),#9744);
#9740 = LINE('',#9741,#9742);
#9741 = CARTESIAN_POINT('',(-4.,-18.19306740124));
#9742 = VECTOR('',#9743,1.);
#9743 = DIRECTION('',(-0.,-1.));
#9744 = ( GEOMETRIC_REPRESENTATION_CONTEXT(2) 
PARAMETRIC_REPRESENTATION_CONTEXT() REPRESENTATION_CONTEXT('2D SPACE',''
  ) );
#9745 = PCURVE('',#9581,#9746);
#9746 = DEFINITIONAL_REPRESENTATION('',(#9747),#9751);
#9747 = LINE('',#9748,#9749);
#9748 = CARTESIAN_POINT('',(0.,0.));
#9749 = VECTOR('',#9750,1.);
#9750 = DIRECTION('',(0.,1.));
#9751 = ( GEOMETRIC_REPRESENTATION_CONTEXT(2) 
PARAMETRIC_REPRESENTATION_CONTEXT() REPRESENTATION_CONTEXT('2D SPACE',''
  ) );
#9752 = ORIENTED_EDGE('',*,*,#9594,.F.);
#9753 = ORIENTED_EDGE('',*,*,#4761,.F.);
#9754 = ADVANCED_FACE('',(#9755),#4854,.F.);
#9755 = FACE_BOUND('',#9756,.T.);
#9756 = EDGE_LOOP('',(#9757,#9778,#9779,#9780));
#9757 = ORIENTED_EDGE('',*,*,#9758,.F.);
#9758 = EDGE_CURVE('',#6689,#5945,#9759,.T.);
#9759 = SURFACE_CURVE('',#9760,(#9764,#9771),.PCURVE_S1.);
#9760 = LINE('',#9761,#9762);
#9761 = CARTESIAN_POINT('',(-23.67,18.6,65.8876));
#9762 = VECTOR('',#9763,1.);
#9763 = DIRECTION('',(0.,-1.,2.22044604925E-16));
#9764 = PCURVE('',#4854,#9765);
#9765 = DEFINITIONAL_REPRESENTATION('',(#9766),#9770);
#9766 = LINE('',#9767,#9768);
#9767 = CARTESIAN_POINT('',(-5.17,0.));
#9768 = VECTOR('',#9769,1.);
#9769 = DIRECTION('',(-0.,-1.));
#9770 = ( GEOMETRIC_REPRESENTATION_CONTEXT(2) 
PARAMETRIC_REPRESENTATION_CONTEXT() REPRESENTATION_CONTEXT('2D SPACE',''
  ) );
#9771 = PCURVE('',#5960,#9772);
#9772 = DEFINITIONAL_REPRESENTATION('',(#9773),#9777);
#9773 = LINE('',#9774,#9775);
#9774 = CARTESIAN_POINT('',(-0.,0.));
#9775 = VECTOR('',#9776,1.);
#9776 = DIRECTION('',(-0.,-1.));
#9777 = ( GEOMETRIC_REPRESENTATION_CONTEXT(2) 
PARAMETRIC_REPRESENTATION_CONTEXT() REPRESENTATION_CONTEXT('2D SPACE',''
  ) );
#9778 = ORIENTED_EDGE('',*,*,#6688,.F.);
#9779 = ORIENTED_EDGE('',*,*,#4838,.T.);
#9780 = ORIENTED_EDGE('',*,*,#5972,.T.);
#9781 = ADVANCED_FACE('',(#9782),#4905,.T.);
#9782 = FACE_BOUND('',#9783,.T.);
#9783 = EDGE_LOOP('',(#9784,#9807,#9808,#9809,#9810));
#9784 = ORIENTED_EDGE('',*,*,#9785,.T.);
#9785 = EDGE_CURVE('',#9786,#9467,#9788,.T.);
#9786 = VERTEX_POINT('',#9787);
#9787 = CARTESIAN_POINT('',(-5.3,-12.6,56.2376));
#9788 = SURFACE_CURVE('',#9789,(#9793,#9800),.PCURVE_S1.);
#9789 = LINE('',#9790,#9791);
#9790 = CARTESIAN_POINT('',(-5.3,-10.83375,56.2376));
#9791 = VECTOR('',#9792,1.);
#9792 = DIRECTION('',(0.,1.,0.));
#9793 = PCURVE('',#4905,#9794);
#9794 = DEFINITIONAL_REPRESENTATION('',(#9795),#9799);
#9795 = LINE('',#9796,#9797);
#9796 = CARTESIAN_POINT('',(1.76625,-29.1));
#9797 = VECTOR('',#9798,1.);
#9798 = DIRECTION('',(-1.,0.));
#9799 = ( GEOMETRIC_REPRESENTATION_CONTEXT(2) 
PARAMETRIC_REPRESENTATION_CONTEXT() REPRESENTATION_CONTEXT('2D SPACE',''
  ) );
#9800 = PCURVE('',#7192,#9801);
#9801 = DEFINITIONAL_REPRESENTATION('',(#9802),#9806);
#9802 = LINE('',#9803,#9804);
#9803 = CARTESIAN_POINT('',(1.76625,-56.2376));
#9804 = VECTOR('',#9805,1.);
#9805 = DIRECTION('',(1.,0.));
#9806 = ( GEOMETRIC_REPRESENTATION_CONTEXT(2) 
PARAMETRIC_REPRESENTATION_CONTEXT() REPRESENTATION_CONTEXT('2D SPACE',''
  ) );
#9807 = ORIENTED_EDGE('',*,*,#9539,.T.);
#9808 = ORIENTED_EDGE('',*,*,#4889,.F.);
#9809 = ORIENTED_EDGE('',*,*,#6666,.F.);
#9810 = ORIENTED_EDGE('',*,*,#9811,.T.);
#9811 = EDGE_CURVE('',#6639,#9786,#9812,.T.);
#9812 = SURFACE_CURVE('',#9813,(#9818,#9829),.PCURVE_S1.);
#9813 = CIRCLE('',#9814,2.);
#9814 = AXIS2_PLACEMENT_3D('',#9815,#9816,#9817);
#9815 = CARTESIAN_POINT('',(-3.3,-12.6,56.2376));
#9816 = DIRECTION('',(0.,0.,-1.));
#9817 = DIRECTION('',(1.,0.,0.));
#9818 = PCURVE('',#4905,#9819);
#9819 = DEFINITIONAL_REPRESENTATION('',(#9820),#9828);
#9820 = ( BOUNDED_CURVE() B_SPLINE_CURVE(2,(#9821,#9822,#9823,#9824,
#9825,#9826,#9827),.UNSPECIFIED.,.T.,.F.) B_SPLINE_CURVE_WITH_KNOTS((1,2
    ,2,2,2,1),(-2.094395102393,0.,2.094395102393,4.188790204786,
6.28318530718,8.377580409573),.UNSPECIFIED.) CURVE() 
GEOMETRIC_REPRESENTATION_ITEM() RATIONAL_B_SPLINE_CURVE((1.,0.5,1.,0.5,
1.,0.5,1.)) REPRESENTATION_ITEM('') );
#9821 = CARTESIAN_POINT('',(3.5325,-25.1));
#9822 = CARTESIAN_POINT('',(6.996601615138,-25.1));
#9823 = CARTESIAN_POINT('',(5.264550807569,-28.1));
#9824 = CARTESIAN_POINT('',(3.5325,-31.1));
#9825 = CARTESIAN_POINT('',(1.800449192431,-28.1));
#9826 = CARTESIAN_POINT('',(6.839838486224E-02,-25.1));
#9827 = CARTESIAN_POINT('',(3.5325,-25.1));
#9828 = ( GEOMETRIC_REPRESENTATION_CONTEXT(2) 
PARAMETRIC_REPRESENTATION_CONTEXT() REPRESENTATION_CONTEXT('2D SPACE',''
  ) );
#9829 = PCURVE('',#6654,#9830);
#9830 = DEFINITIONAL_REPRESENTATION('',(#9831),#9835);
#9831 = LINE('',#9832,#9833);
#9832 = CARTESIAN_POINT('',(-6.28318530718,-56.2376));
#9833 = VECTOR('',#9834,1.);
#9834 = DIRECTION('',(1.,-0.));
#9835 = ( GEOMETRIC_REPRESENTATION_CONTEXT(2) 
PARAMETRIC_REPRESENTATION_CONTEXT() REPRESENTATION_CONTEXT('2D SPACE',''
  ) );
#9836 = ADVANCED_FACE('',(#9837),#5005,.T.);
#9837 = FACE_BOUND('',#9838,.T.);
#9838 = EDGE_LOOP('',(#9839,#9861,#9862,#9863));
#9839 = ORIENTED_EDGE('',*,*,#9840,.T.);
#9840 = EDGE_CURVE('',#9681,#5997,#9841,.T.);
#9841 = SURFACE_CURVE('',#9842,(#9847,#9854),.PCURVE_S1.);
#9842 = CIRCLE('',#9843,1.);
#9843 = AXIS2_PLACEMENT_3D('',#9844,#9845,#9846);
#9844 = CARTESIAN_POINT('',(-26.67,-17.865,55.0676));
#9845 = DIRECTION('',(1.,1.608122649677E-16,-3.570749584184E-32));
#9846 = DIRECTION('',(1.608122649677E-16,-1.,2.22044604925E-16));
#9847 = PCURVE('',#5005,#9848);
#9848 = DEFINITIONAL_REPRESENTATION('',(#9849),#9853);
#9849 = LINE('',#9850,#9851);
#9850 = CARTESIAN_POINT('',(-4.712388980385,0.));
#9851 = VECTOR('',#9852,1.);
#9852 = DIRECTION('',(1.,0.));
#9853 = ( GEOMETRIC_REPRESENTATION_CONTEXT(2) 
PARAMETRIC_REPRESENTATION_CONTEXT() REPRESENTATION_CONTEXT('2D SPACE',''
  ) );
#9854 = PCURVE('',#9720,#9855);
#9855 = DEFINITIONAL_REPRESENTATION('',(#9856),#9860);
#9856 = LINE('',#9857,#9858);
#9857 = CARTESIAN_POINT('',(-1.570796326795,0.));
#9858 = VECTOR('',#9859,1.);
#9859 = DIRECTION('',(-0.,1.));
#9860 = ( GEOMETRIC_REPRESENTATION_CONTEXT(2) 
PARAMETRIC_REPRESENTATION_CONTEXT() REPRESENTATION_CONTEXT('2D SPACE',''
  ) );
#9861 = ORIENTED_EDGE('',*,*,#5996,.T.);
#9862 = ORIENTED_EDGE('',*,*,#4988,.F.);
#9863 = ORIENTED_EDGE('',*,*,#9680,.F.);
#9864 = ADVANCED_FACE('',(#9865),#5087,.T.);
#9865 = FACE_BOUND('',#9866,.F.);
#9866 = EDGE_LOOP('',(#9867,#9868,#9869,#9891));
#9867 = ORIENTED_EDGE('',*,*,#5071,.T.);
#9868 = ORIENTED_EDGE('',*,*,#5188,.T.);
#9869 = ORIENTED_EDGE('',*,*,#9870,.F.);
#9870 = EDGE_CURVE('',#5237,#5161,#9871,.T.);
#9871 = SURFACE_CURVE('',#9872,(#9877,#9884),.PCURVE_S1.);
#9872 = CIRCLE('',#9873,1.);
#9873 = AXIS2_PLACEMENT_3D('',#9874,#9875,#9876);
#9874 = CARTESIAN_POINT('',(27.67,-16.865,55.0676));
#9875 = DIRECTION('',(0.,1.,-2.22044604925E-16));
#9876 = DIRECTION('',(0.,2.22044604925E-16,1.));
#9877 = PCURVE('',#5087,#9878);
#9878 = DEFINITIONAL_REPRESENTATION('',(#9879),#9883);
#9879 = LINE('',#9880,#9881);
#9880 = CARTESIAN_POINT('',(-0.,17.271932598751));
#9881 = VECTOR('',#9882,1.);
#9882 = DIRECTION('',(-1.,0.));
#9883 = ( GEOMETRIC_REPRESENTATION_CONTEXT(2) 
PARAMETRIC_REPRESENTATION_CONTEXT() REPRESENTATION_CONTEXT('2D SPACE',''
  ) );
#9884 = PCURVE('',#5257,#9885);
#9885 = DEFINITIONAL_REPRESENTATION('',(#9886),#9890);
#9886 = LINE('',#9887,#9888);
#9887 = CARTESIAN_POINT('',(0.,4.712388980385));
#9888 = VECTOR('',#9889,1.);
#9889 = DIRECTION('',(0.,1.));
#9890 = ( GEOMETRIC_REPRESENTATION_CONTEXT(2) 
PARAMETRIC_REPRESENTATION_CONTEXT() REPRESENTATION_CONTEXT('2D SPACE',''
  ) );
#9891 = ORIENTED_EDGE('',*,*,#5269,.F.);
#9892 = ADVANCED_FACE('',(#9893),#5176,.T.);
#9893 = FACE_BOUND('',#9894,.F.);
#9894 = EDGE_LOOP('',(#9895,#9896,#9918,#9919));
#9895 = ORIENTED_EDGE('',*,*,#5160,.F.);
#9896 = ORIENTED_EDGE('',*,*,#9897,.T.);
#9897 = EDGE_CURVE('',#5138,#5351,#9898,.T.);
#9898 = SURFACE_CURVE('',#9899,(#9904,#9911),.PCURVE_S1.);
#9899 = CIRCLE('',#9900,2.);
#9900 = AXIS2_PLACEMENT_3D('',#9901,#9902,#9903);
#9901 = CARTESIAN_POINT('',(26.67,-16.865,52.8476));
#9902 = DIRECTION('',(1.665334536938E-16,-2.2369221865E-16,-1.));
#9903 = DIRECTION('',(1.,3.697785493223E-32,1.665334536938E-16));
#9904 = PCURVE('',#5176,#9905);
#9905 = DEFINITIONAL_REPRESENTATION('',(#9906),#9910);
#9906 = LINE('',#9907,#9908);
#9907 = CARTESIAN_POINT('',(-0.,0.));
#9908 = VECTOR('',#9909,1.);
#9909 = DIRECTION('',(-1.,0.));
#9910 = ( GEOMETRIC_REPRESENTATION_CONTEXT(2) 
PARAMETRIC_REPRESENTATION_CONTEXT() REPRESENTATION_CONTEXT('2D SPACE',''
  ) );
#9911 = PCURVE('',#5335,#9912);
#9912 = DEFINITIONAL_REPRESENTATION('',(#9913),#9917);
#9913 = LINE('',#9914,#9915);
#9914 = CARTESIAN_POINT('',(0.698131700798,0.));
#9915 = VECTOR('',#9916,1.);
#9916 = DIRECTION('',(0.,1.));
#9917 = ( GEOMETRIC_REPRESENTATION_CONTEXT(2) 
PARAMETRIC_REPRESENTATION_CONTEXT() REPRESENTATION_CONTEXT('2D SPACE',''
  ) );
#9918 = ORIENTED_EDGE('',*,*,#5350,.T.);
#9919 = ORIENTED_EDGE('',*,*,#9920,.F.);
#9920 = EDGE_CURVE('',#5161,#5353,#9921,.T.);
#9921 = SURFACE_CURVE('',#9922,(#9927,#9934),.PCURVE_S1.);
#9922 = CIRCLE('',#9923,2.);
#9923 = AXIS2_PLACEMENT_3D('',#9924,#9925,#9926);
#9924 = CARTESIAN_POINT('',(26.67,-16.865,55.0676));
#9925 = DIRECTION('',(0.,-2.22044604925E-16,-1.));
#9926 = DIRECTION('',(1.,-2.22044604925E-16,4.930380657631E-32));
#9927 = PCURVE('',#5176,#9928);
#9928 = DEFINITIONAL_REPRESENTATION('',(#9929),#9933);
#9929 = LINE('',#9930,#9931);
#9930 = CARTESIAN_POINT('',(-0.,2.22));
#9931 = VECTOR('',#9932,1.);
#9932 = DIRECTION('',(-1.,0.));
#9933 = ( GEOMETRIC_REPRESENTATION_CONTEXT(2) 
PARAMETRIC_REPRESENTATION_CONTEXT() REPRESENTATION_CONTEXT('2D SPACE',''
  ) );
#9934 = PCURVE('',#5257,#9935);
#9935 = DEFINITIONAL_REPRESENTATION('',(#9936),#9940);
#9936 = LINE('',#9937,#9938);
#9937 = CARTESIAN_POINT('',(0.,6.28318530718));
#9938 = VECTOR('',#9939,1.);
#9939 = DIRECTION('',(1.,0.));
#9940 = ( GEOMETRIC_REPRESENTATION_CONTEXT(2) 
PARAMETRIC_REPRESENTATION_CONTEXT() REPRESENTATION_CONTEXT('2D SPACE',''
  ) );
#9941 = ADVANCED_FACE('',(#9942),#5257,.T.);
#9942 = FACE_BOUND('',#9943,.T.);
#9943 = EDGE_LOOP('',(#9944,#9945,#9946,#9947));
#9944 = ORIENTED_EDGE('',*,*,#9870,.F.);
#9945 = ORIENTED_EDGE('',*,*,#5236,.T.);
#9946 = ORIENTED_EDGE('',*,*,#6283,.T.);
#9947 = ORIENTED_EDGE('',*,*,#9920,.F.);
#9948 = ADVANCED_FACE('',(#9949),#5335,.T.);
#9949 = FACE_BOUND('',#9950,.T.);
#9950 = EDGE_LOOP('',(#9951,#9973,#9974,#9975));
#9951 = ORIENTED_EDGE('',*,*,#9952,.F.);
#9952 = EDGE_CURVE('',#5298,#6231,#9953,.T.);
#9953 = SURFACE_CURVE('',#9954,(#9959,#9966),.PCURVE_S1.);
#9954 = CIRCLE('',#9955,2.);
#9955 = AXIS2_PLACEMENT_3D('',#9956,#9957,#9958);
#9956 = CARTESIAN_POINT('',(25.968133329357,-16.865,50.91923717094));
#9957 = DIRECTION('',(-0.642787609687,-1.700960357274E-16,
    -0.766044443119));
#9958 = DIRECTION('',(0.766044443119,-1.427275208436E-16,-0.642787609687
    ));
#9959 = PCURVE('',#5335,#9960);
#9960 = DEFINITIONAL_REPRESENTATION('',(#9961),#9965);
#9961 = LINE('',#9962,#9963);
#9962 = CARTESIAN_POINT('',(0.,0.));
#9963 = VECTOR('',#9964,1.);
#9964 = DIRECTION('',(0.,1.));
#9965 = ( GEOMETRIC_REPRESENTATION_CONTEXT(2) 
PARAMETRIC_REPRESENTATION_CONTEXT() REPRESENTATION_CONTEXT('2D SPACE',''
  ) );
#9966 = PCURVE('',#6246,#9967);
#9967 = DEFINITIONAL_REPRESENTATION('',(#9968),#9972);
#9968 = LINE('',#9969,#9970);
#9969 = CARTESIAN_POINT('',(-0.,15.357373694568));
#9970 = VECTOR('',#9971,1.);
#9971 = DIRECTION('',(-1.,0.));
#9972 = ( GEOMETRIC_REPRESENTATION_CONTEXT(2) 
PARAMETRIC_REPRESENTATION_CONTEXT() REPRESENTATION_CONTEXT('2D SPACE',''
  ) );
#9973 = ORIENTED_EDGE('',*,*,#5320,.T.);
#9974 = ORIENTED_EDGE('',*,*,#9897,.T.);
#9975 = ORIENTED_EDGE('',*,*,#6258,.F.);
#9976 = ADVANCED_FACE('',(#9977),#6246,.T.);
#9977 = FACE_BOUND('',#9978,.F.);
#9978 = EDGE_LOOP('',(#9979,#9980,#9981,#9982));
#9979 = ORIENTED_EDGE('',*,*,#6361,.T.);
#9980 = ORIENTED_EDGE('',*,*,#6230,.T.);
#9981 = ORIENTED_EDGE('',*,*,#9952,.F.);
#9982 = ORIENTED_EDGE('',*,*,#6314,.F.);
#9983 = ADVANCED_FACE('',(#9984),#6171,.T.);
#9984 = FACE_BOUND('',#9985,.F.);
#9985 = EDGE_LOOP('',(#9986,#9987,#9988,#9989));
#9986 = ORIENTED_EDGE('',*,*,#8875,.T.);
#9987 = ORIENTED_EDGE('',*,*,#6155,.T.);
#9988 = ORIENTED_EDGE('',*,*,#7063,.F.);
#9989 = ORIENTED_EDGE('',*,*,#7092,.F.);
#9990 = ADVANCED_FACE('',(#9991),#5438,.F.);
#9991 = FACE_BOUND('',#9992,.F.);
#9992 = EDGE_LOOP('',(#9993,#9994,#9995,#9996,#9997));
#9993 = ORIENTED_EDGE('',*,*,#7368,.F.);
#9994 = ORIENTED_EDGE('',*,*,#6966,.F.);
#9995 = ORIENTED_EDGE('',*,*,#7036,.T.);
#9996 = ORIENTED_EDGE('',*,*,#5422,.T.);
#9997 = ORIENTED_EDGE('',*,*,#9998,.F.);
#9998 = EDGE_CURVE('',#7369,#5423,#9999,.T.);
#9999 = SURFACE_CURVE('',#10000,(#10005,#10016),.PCURVE_S1.);
#10000 = CIRCLE('',#10001,1.);
#10001 = AXIS2_PLACEMENT_3D('',#10002,#10003,#10004);
#10002 = CARTESIAN_POINT('',(23.67,-17.865,63.6676));
#10003 = DIRECTION('',(-1.,0.,0.));
#10004 = DIRECTION('',(0.,1.,2.22044604925E-16));
#10005 = PCURVE('',#5438,#10006);
#10006 = DEFINITIONAL_REPRESENTATION('',(#10007),#10015);
#10007 = ( BOUNDED_CURVE() B_SPLINE_CURVE(2,(#10008,#10009,#10010,#10011
    ,#10012,#10013,#10014),.UNSPECIFIED.,.T.,.F.) 
B_SPLINE_CURVE_WITH_KNOTS((1,2,2,2,2,1),(-2.094395102393,0.,
    2.094395102393,4.188790204786,6.28318530718,8.377580409573),
.UNSPECIFIED.) CURVE() GEOMETRIC_REPRESENTATION_ITEM() 
RATIONAL_B_SPLINE_CURVE((1.,0.5,1.,0.5,1.,0.5,1.)) REPRESENTATION_ITEM(
  '') );
#10008 = CARTESIAN_POINT('',(2.22,-35.465));
#10009 = CARTESIAN_POINT('',(3.952050807569,-35.465));
#10010 = CARTESIAN_POINT('',(3.086025403784,-36.965));
#10011 = CARTESIAN_POINT('',(2.22,-38.465));
#10012 = CARTESIAN_POINT('',(1.353974596216,-36.965));
#10013 = CARTESIAN_POINT('',(0.487949192431,-35.465));
#10014 = CARTESIAN_POINT('',(2.22,-35.465));
#10015 = ( GEOMETRIC_REPRESENTATION_CONTEXT(2) 
PARAMETRIC_REPRESENTATION_CONTEXT() REPRESENTATION_CONTEXT('2D SPACE',''
  ) );
#10016 = PCURVE('',#5466,#10017);
#10017 = DEFINITIONAL_REPRESENTATION('',(#10018),#10022);
#10018 = LINE('',#10019,#10020);
#10019 = CARTESIAN_POINT('',(-1.570796326795,3.));
#10020 = VECTOR('',#10021,1.);
#10021 = DIRECTION('',(1.,0.));
#10022 = ( GEOMETRIC_REPRESENTATION_CONTEXT(2) 
PARAMETRIC_REPRESENTATION_CONTEXT() REPRESENTATION_CONTEXT('2D SPACE',''
  ) );
#10023 = ADVANCED_FACE('',(#10024),#5466,.T.);
#10024 = FACE_BOUND('',#10025,.T.);
#10025 = EDGE_LOOP('',(#10026,#10048,#10049,#10050));
#10026 = ORIENTED_EDGE('',*,*,#10027,.T.);
#10027 = EDGE_CURVE('',#7392,#5451,#10028,.T.);
#10028 = SURFACE_CURVE('',#10029,(#10034,#10041),.PCURVE_S1.);
#10029 = CIRCLE('',#10030,1.);
#10030 = AXIS2_PLACEMENT_3D('',#10031,#10032,#10033);
#10031 = CARTESIAN_POINT('',(26.67,-17.865,63.6676));
#10032 = DIRECTION('',(-1.,-2.832769448824E-16,6.290011731078E-32));
#10033 = DIRECTION('',(2.832769448824E-16,-1.,2.22044604925E-16));
#10034 = PCURVE('',#5466,#10035);
#10035 = DEFINITIONAL_REPRESENTATION('',(#10036),#10040);
#10036 = LINE('',#10037,#10038);
#10037 = CARTESIAN_POINT('',(-4.712388980385,0.));
#10038 = VECTOR('',#10039,1.);
#10039 = DIRECTION('',(1.,0.));
#10040 = ( GEOMETRIC_REPRESENTATION_CONTEXT(2) 
PARAMETRIC_REPRESENTATION_CONTEXT() REPRESENTATION_CONTEXT('2D SPACE',''
  ) );
#10041 = PCURVE('',#7435,#10042);
#10042 = DEFINITIONAL_REPRESENTATION('',(#10043),#10047);
#10043 = LINE('',#10044,#10045);
#10044 = CARTESIAN_POINT('',(-1.570796326795,0.));
#10045 = VECTOR('',#10046,1.);
#10046 = DIRECTION('',(-0.,1.));
#10047 = ( GEOMETRIC_REPRESENTATION_CONTEXT(2) 
PARAMETRIC_REPRESENTATION_CONTEXT() REPRESENTATION_CONTEXT('2D SPACE',''
  ) );
#10048 = ORIENTED_EDGE('',*,*,#5450,.T.);
#10049 = ORIENTED_EDGE('',*,*,#9998,.F.);
#10050 = ORIENTED_EDGE('',*,*,#7391,.F.);
#10051 = ADVANCED_FACE('',(#10052),#5494,.T.);
#10052 = FACE_BOUND('',#10053,.F.);
#10053 = EDGE_LOOP('',(#10054,#10055,#10077,#10078));
#10054 = ORIENTED_EDGE('',*,*,#7726,.F.);
#10055 = ORIENTED_EDGE('',*,*,#10056,.T.);
#10056 = EDGE_CURVE('',#7704,#5451,#10057,.T.);
#10057 = SURFACE_CURVE('',#10058,(#10063,#10070),.PCURVE_S1.);
#10058 = CIRCLE('',#10059,2.);
#10059 = AXIS2_PLACEMENT_3D('',#10060,#10061,#10062);
#10060 = CARTESIAN_POINT('',(26.67,-16.865,63.6676));
#10061 = DIRECTION('',(0.,-2.22044604925E-16,-1.));
#10062 = DIRECTION('',(1.,2.22044604925E-16,-4.930380657631E-32));
#10063 = PCURVE('',#5494,#10064);
#10064 = DEFINITIONAL_REPRESENTATION('',(#10065),#10069);
#10065 = LINE('',#10066,#10067);
#10066 = CARTESIAN_POINT('',(-0.,1.));
#10067 = VECTOR('',#10068,1.);
#10068 = DIRECTION('',(-1.,0.));
#10069 = ( GEOMETRIC_REPRESENTATION_CONTEXT(2) 
PARAMETRIC_REPRESENTATION_CONTEXT() REPRESENTATION_CONTEXT('2D SPACE',''
  ) );
#10070 = PCURVE('',#7435,#10071);
#10071 = DEFINITIONAL_REPRESENTATION('',(#10072),#10076);
#10072 = LINE('',#10073,#10074);
#10073 = CARTESIAN_POINT('',(-0.,6.28318530718));
#10074 = VECTOR('',#10075,1.);
#10075 = DIRECTION('',(-1.,0.));
#10076 = ( GEOMETRIC_REPRESENTATION_CONTEXT(2) 
PARAMETRIC_REPRESENTATION_CONTEXT() REPRESENTATION_CONTEXT('2D SPACE',''
  ) );
#10077 = ORIENTED_EDGE('',*,*,#5478,.T.);
#10078 = ORIENTED_EDGE('',*,*,#10079,.F.);
#10079 = EDGE_CURVE('',#7727,#5479,#10080,.T.);
#10080 = SURFACE_CURVE('',#10081,(#10086,#10093),.PCURVE_S1.);
#10081 = CIRCLE('',#10082,2.);
#10082 = AXIS2_PLACEMENT_3D('',#10083,#10084,#10085);
#10083 = CARTESIAN_POINT('',(26.67,-16.865,65.8876));
#10084 = DIRECTION('',(0.,-2.22044604925E-16,-1.));
#10085 = DIRECTION('',(1.,0.,0.));
#10086 = PCURVE('',#5494,#10087);
#10087 = DEFINITIONAL_REPRESENTATION('',(#10088),#10092);
#10088 = LINE('',#10089,#10090);
#10089 = CARTESIAN_POINT('',(-0.,3.22));
#10090 = VECTOR('',#10091,1.);
#10091 = DIRECTION('',(-1.,0.));
#10092 = ( GEOMETRIC_REPRESENTATION_CONTEXT(2) 
PARAMETRIC_REPRESENTATION_CONTEXT() REPRESENTATION_CONTEXT('2D SPACE',''
  ) );
#10093 = PCURVE('',#5523,#10094);
#10094 = DEFINITIONAL_REPRESENTATION('',(#10095),#10099);
#10095 = LINE('',#10096,#10097);
#10096 = CARTESIAN_POINT('',(7.735178460313E-16,0.));
#10097 = VECTOR('',#10098,1.);
#10098 = DIRECTION('',(0.,1.));
#10099 = ( GEOMETRIC_REPRESENTATION_CONTEXT(2) 
PARAMETRIC_REPRESENTATION_CONTEXT() REPRESENTATION_CONTEXT('2D SPACE',''
  ) );
#10100 = ADVANCED_FACE('',(#10101),#6096,.T.);
#10101 = FACE_BOUND('',#10102,.T.);
#10102 = EDGE_LOOP('',(#10103,#10104,#10105,#10127));
#10103 = ORIENTED_EDGE('',*,*,#9045,.T.);
#10104 = ORIENTED_EDGE('',*,*,#6080,.T.);
#10105 = ORIENTED_EDGE('',*,*,#10106,.F.);
#10106 = EDGE_CURVE('',#8999,#6048,#10107,.T.);
#10107 = SURFACE_CURVE('',#10108,(#10113,#10120),.PCURVE_S1.);
#10108 = CIRCLE('',#10109,2.);
#10109 = AXIS2_PLACEMENT_3D('',#10110,#10111,#10112);
#10110 = CARTESIAN_POINT('',(-25.96813332935,-16.865,50.91923717094));
#10111 = DIRECTION('',(-0.642787609687,1.700960357274E-16,0.766044443119
    ));
#10112 = DIRECTION('',(-0.766044443119,-1.427275208436E-16,
    -0.642787609687));
#10113 = PCURVE('',#6096,#10114);
#10114 = DEFINITIONAL_REPRESENTATION('',(#10115),#10119);
#10115 = LINE('',#10116,#10117);
#10116 = CARTESIAN_POINT('',(0.,15.357373694568));
#10117 = VECTOR('',#10118,1.);
#10118 = DIRECTION('',(1.,0.));
#10119 = ( GEOMETRIC_REPRESENTATION_CONTEXT(2) 
PARAMETRIC_REPRESENTATION_CONTEXT() REPRESENTATION_CONTEXT('2D SPACE',''
  ) );
#10120 = PCURVE('',#6068,#10121);
#10121 = DEFINITIONAL_REPRESENTATION('',(#10122),#10126);
#10122 = LINE('',#10123,#10124);
#10123 = CARTESIAN_POINT('',(-0.,0.));
#10124 = VECTOR('',#10125,1.);
#10125 = DIRECTION('',(-0.,1.));
#10126 = ( GEOMETRIC_REPRESENTATION_CONTEXT(2) 
PARAMETRIC_REPRESENTATION_CONTEXT() REPRESENTATION_CONTEXT('2D SPACE',''
  ) );
#10127 = ORIENTED_EDGE('',*,*,#9021,.F.);
#10128 = ADVANCED_FACE('',(#10129),#5523,.T.);
#10129 = FACE_BOUND('',#10130,.T.);
#10130 = EDGE_LOOP('',(#10131,#10132,#10133,#10155));
#10131 = ORIENTED_EDGE('',*,*,#10079,.F.);
#10132 = ORIENTED_EDGE('',*,*,#7798,.T.);
#10133 = ORIENTED_EDGE('',*,*,#10134,.T.);
#10134 = EDGE_CURVE('',#7774,#5507,#10135,.T.);
#10135 = SURFACE_CURVE('',#10136,(#10141,#10148),.PCURVE_S1.);
#10136 = CIRCLE('',#10137,2.);
#10137 = AXIS2_PLACEMENT_3D('',#10138,#10139,#10140);
#10138 = CARTESIAN_POINT('',(25.968133329357,-16.865,67.81596282906));
#10139 = DIRECTION('',(0.642787609687,-1.713581810658E-16,
    -0.766044443119));
#10140 = DIRECTION('',(0.766044443119,1.437865865315E-16,0.642787609687)
  );
#10141 = PCURVE('',#5523,#10142);
#10142 = DEFINITIONAL_REPRESENTATION('',(#10143),#10147);
#10143 = LINE('',#10144,#10145);
#10144 = CARTESIAN_POINT('',(0.698131700798,0.));
#10145 = VECTOR('',#10146,1.);
#10146 = DIRECTION('',(0.,1.));
#10147 = ( GEOMETRIC_REPRESENTATION_CONTEXT(2) 
PARAMETRIC_REPRESENTATION_CONTEXT() REPRESENTATION_CONTEXT('2D SPACE',''
  ) );
#10148 = PCURVE('',#5551,#10149);
#10149 = DEFINITIONAL_REPRESENTATION('',(#10150),#10154);
#10150 = LINE('',#10151,#10152);
#10151 = CARTESIAN_POINT('',(-0.,0.));
#10152 = VECTOR('',#10153,1.);
#10153 = DIRECTION('',(-1.,0.));
#10154 = ( GEOMETRIC_REPRESENTATION_CONTEXT(2) 
PARAMETRIC_REPRESENTATION_CONTEXT() REPRESENTATION_CONTEXT('2D SPACE',''
  ) );
#10155 = ORIENTED_EDGE('',*,*,#5506,.F.);
#10156 = ADVANCED_FACE('',(#10157),#6068,.T.);
#10157 = FACE_BOUND('',#10158,.F.);
#10158 = EDGE_LOOP('',(#10159,#10160,#10161,#10183));
#10159 = ORIENTED_EDGE('',*,*,#10106,.F.);
#10160 = ORIENTED_EDGE('',*,*,#9441,.T.);
#10161 = ORIENTED_EDGE('',*,*,#10162,.T.);
#10162 = EDGE_CURVE('',#9417,#6020,#10163,.T.);
#10163 = SURFACE_CURVE('',#10164,(#10169,#10176),.PCURVE_S1.);
#10164 = CIRCLE('',#10165,2.);
#10165 = AXIS2_PLACEMENT_3D('',#10166,#10167,#10168);
#10166 = CARTESIAN_POINT('',(-26.67,-16.865,52.8476));
#10167 = DIRECTION('',(1.665334536938E-16,2.2369221865E-16,1.));
#10168 = DIRECTION('',(-1.,3.697785493223E-32,1.665334536938E-16));
#10169 = PCURVE('',#6068,#10170);
#10170 = DEFINITIONAL_REPRESENTATION('',(#10171),#10175);
#10171 = LINE('',#10172,#10173);
#10172 = CARTESIAN_POINT('',(-0.698131700798,0.));
#10173 = VECTOR('',#10174,1.);
#10174 = DIRECTION('',(-0.,1.));
#10175 = ( GEOMETRIC_REPRESENTATION_CONTEXT(2) 
PARAMETRIC_REPRESENTATION_CONTEXT() REPRESENTATION_CONTEXT('2D SPACE',''
  ) );
#10176 = PCURVE('',#6035,#10177);
#10177 = DEFINITIONAL_REPRESENTATION('',(#10178),#10182);
#10178 = LINE('',#10179,#10180);
#10179 = CARTESIAN_POINT('',(0.,0.));
#10180 = VECTOR('',#10181,1.);
#10181 = DIRECTION('',(1.,0.));
#10182 = ( GEOMETRIC_REPRESENTATION_CONTEXT(2) 
PARAMETRIC_REPRESENTATION_CONTEXT() REPRESENTATION_CONTEXT('2D SPACE',''
  ) );
#10183 = ORIENTED_EDGE('',*,*,#6047,.F.);
#10184 = ADVANCED_FACE('',(#10185),#5551,.T.);
#10185 = FACE_BOUND('',#10186,.F.);
#10186 = EDGE_LOOP('',(#10187,#10188,#10189,#10221));
#10187 = ORIENTED_EDGE('',*,*,#10134,.T.);
#10188 = ORIENTED_EDGE('',*,*,#5535,.T.);
#10189 = ORIENTED_EDGE('',*,*,#10190,.F.);
#10190 = EDGE_CURVE('',#7900,#5536,#10191,.T.);
#10191 = SURFACE_CURVE('',#10192,(#10197,#10209),.PCURVE_S1.);
#10192 = ELLIPSE('',#10193,2.649768853477,2.);
#10193 = AXIS2_PLACEMENT_3D('',#10194,#10195,#10196);
#10194 = CARTESIAN_POINT('',(17.946968433987,-16.865,77.375214909907));
#10195 = DIRECTION('',(-1.734078456436E-02,-2.220112176967E-16,
    -0.999849637291));
#10196 = DIRECTION('',(-0.999849637291,3.850427657683E-18,
    1.734078456436E-02));
#10197 = PCURVE('',#5551,#10198);
#10198 = DEFINITIONAL_REPRESENTATION('',(#10199),#10208);
#10199 = B_SPLINE_CURVE_WITH_KNOTS('',7,(#10200,#10201,#10202,#10203,
    #10204,#10205,#10206,#10207),.UNSPECIFIED.,.F.,.F.,(8,8),(
    3.14159265359,4.712388980385),.PIECEWISE_BEZIER_KNOTS.);
#10200 = CARTESIAN_POINT('',(1.887379141863E-15,10.740535832545));
#10201 = CARTESIAN_POINT('',(-0.224399475256,10.740535832545));
#10202 = CARTESIAN_POINT('',(-0.448798988794,10.842651727818));
#10203 = CARTESIAN_POINT('',(-0.673198409464,11.046868563057));
#10204 = CARTESIAN_POINT('',(-0.89759784358,11.340648461581));
#10205 = CARTESIAN_POINT('',(-1.121997411052,11.698624927428));
#10206 = CARTESIAN_POINT('',(-1.346396851538,12.088670327181));
#10207 = CARTESIAN_POINT('',(-1.570796326795,12.478717346903));
#10208 = ( GEOMETRIC_REPRESENTATION_CONTEXT(2) 
PARAMETRIC_REPRESENTATION_CONTEXT() REPRESENTATION_CONTEXT('2D SPACE',''
  ) );
#10209 = PCURVE('',#5579,#10210);
#10210 = DEFINITIONAL_REPRESENTATION('',(#10211),#10220);
#10211 = B_SPLINE_CURVE_WITH_KNOTS('',7,(#10212,#10213,#10214,#10215,
    #10216,#10217,#10218,#10219),.UNSPECIFIED.,.F.,.F.,(8,8),(
    3.14159265359,4.712388980385),.PIECEWISE_BEZIER_KNOTS.);
#10212 = CARTESIAN_POINT('',(1.110223024625E-16,2.825634392244));
#10213 = CARTESIAN_POINT('',(0.224399475256,2.825634392244));
#10214 = CARTESIAN_POINT('',(0.448798988794,2.927750287517));
#10215 = CARTESIAN_POINT('',(0.673198409464,3.131967122756));
#10216 = CARTESIAN_POINT('',(0.89759784358,3.425747021284));
#10217 = CARTESIAN_POINT('',(1.121997411052,3.783723487127));
#10218 = CARTESIAN_POINT('',(1.346396851538,4.17376888688));
#10219 = CARTESIAN_POINT('',(1.570796326795,4.563815906603));
#10220 = ( GEOMETRIC_REPRESENTATION_CONTEXT(2) 
PARAMETRIC_REPRESENTATION_CONTEXT() REPRESENTATION_CONTEXT('2D SPACE',''
  ) );
#10221 = ORIENTED_EDGE('',*,*,#7951,.F.);
#10222 = ADVANCED_FACE('',(#10223),#6035,.T.);
#10223 = FACE_BOUND('',#10224,.T.);
#10224 = EDGE_LOOP('',(#10225,#10226,#10227,#10228));
#10225 = ORIENTED_EDGE('',*,*,#9632,.F.);
#10226 = ORIENTED_EDGE('',*,*,#10162,.T.);
#10227 = ORIENTED_EDGE('',*,*,#6019,.T.);
#10228 = ORIENTED_EDGE('',*,*,#10229,.F.);
#10229 = EDGE_CURVE('',#9633,#5997,#10230,.T.);
#10230 = SURFACE_CURVE('',#10231,(#10236,#10243),.PCURVE_S1.);
#10231 = CIRCLE('',#10232,2.);
#10232 = AXIS2_PLACEMENT_3D('',#10233,#10234,#10235);
#10233 = CARTESIAN_POINT('',(-26.67,-16.865,55.0676));
#10234 = DIRECTION('',(0.,2.22044604925E-16,1.));
#10235 = DIRECTION('',(-1.,-2.22044604925E-16,4.930380657631E-32));
#10236 = PCURVE('',#6035,#10237);
#10237 = DEFINITIONAL_REPRESENTATION('',(#10238),#10242);
#10238 = LINE('',#10239,#10240);
#10239 = CARTESIAN_POINT('',(0.,2.22));
#10240 = VECTOR('',#10241,1.);
#10241 = DIRECTION('',(1.,0.));
#10242 = ( GEOMETRIC_REPRESENTATION_CONTEXT(2) 
PARAMETRIC_REPRESENTATION_CONTEXT() REPRESENTATION_CONTEXT('2D SPACE',''
  ) );
#10243 = PCURVE('',#9720,#10244);
#10244 = DEFINITIONAL_REPRESENTATION('',(#10245),#10249);
#10245 = LINE('',#10246,#10247);
#10246 = CARTESIAN_POINT('',(-0.,6.28318530718));
#10247 = VECTOR('',#10248,1.);
#10248 = DIRECTION('',(-1.,0.));
#10249 = ( GEOMETRIC_REPRESENTATION_CONTEXT(2) 
PARAMETRIC_REPRESENTATION_CONTEXT() REPRESENTATION_CONTEXT('2D SPACE',''
  ) );
#10250 = ADVANCED_FACE('',(#10251),#5579,.T.);
#10251 = FACE_BOUND('',#10252,.T.);
#10252 = EDGE_LOOP('',(#10253,#10282,#10283,#10284));
#10253 = ORIENTED_EDGE('',*,*,#10254,.T.);
#10254 = EDGE_CURVE('',#10255,#5564,#10257,.T.);
#10255 = VERTEX_POINT('',#10256);
#10256 = CARTESIAN_POINT('',(22.486588417569,-16.865,79.429543518971));
#10257 = SURFACE_CURVE('',#10258,(#10263,#10270),.PCURVE_S1.);
#10258 = CIRCLE('',#10259,2.);
#10259 = AXIS2_PLACEMENT_3D('',#10260,#10261,#10262);
#10260 = CARTESIAN_POINT('',(21.,-16.865,80.767472843244));
#10261 = DIRECTION('',(-0.668964662136,-1.662691306727E-16,
    -0.743294208785));
#10262 = DIRECTION('',(0.743294208785,-1.496421894717E-16,
    -0.668964662136));
#10263 = PCURVE('',#5579,#10264);
#10264 = DEFINITIONAL_REPRESENTATION('',(#10265),#10269);
#10265 = LINE('',#10266,#10267);
#10266 = CARTESIAN_POINT('',(0.,2.48689957516E-14));
#10267 = VECTOR('',#10268,1.);
#10268 = DIRECTION('',(1.,0.));
#10269 = ( GEOMETRIC_REPRESENTATION_CONTEXT(2) 
PARAMETRIC_REPRESENTATION_CONTEXT() REPRESENTATION_CONTEXT('2D SPACE',''
  ) );
#10270 = PCURVE('',#10271,#10276);
#10271 = SPHERICAL_SURFACE('',#10272,2.);
#10272 = AXIS2_PLACEMENT_3D('',#10273,#10274,#10275);
#10273 = CARTESIAN_POINT('',(21.,-16.865,80.767472843244));
#10274 = DIRECTION('',(0.,-1.,2.2369221865E-16));
#10275 = DIRECTION('',(1.,-1.689136669077E-30,-7.551164181176E-15));
#10276 = DEFINITIONAL_REPRESENTATION('',(#10277),#10281);
#10277 = LINE('',#10278,#10279);
#10278 = CARTESIAN_POINT('',(-0.732815008303,0.));
#10279 = VECTOR('',#10280,1.);
#10280 = DIRECTION('',(-0.,1.));
#10281 = ( GEOMETRIC_REPRESENTATION_CONTEXT(2) 
PARAMETRIC_REPRESENTATION_CONTEXT() REPRESENTATION_CONTEXT('2D SPACE',''
  ) );
#10282 = ORIENTED_EDGE('',*,*,#5563,.T.);
#10283 = ORIENTED_EDGE('',*,*,#10190,.F.);
#10284 = ORIENTED_EDGE('',*,*,#10285,.F.);
#10285 = EDGE_CURVE('',#10255,#7900,#10286,.T.);
#10286 = SURFACE_CURVE('',#10287,(#10291,#10298),.PCURVE_S1.);
#10287 = LINE('',#10288,#10289);
#10288 = CARTESIAN_POINT('',(22.486588417569,-16.865,79.429543518971));
#10289 = VECTOR('',#10290,1.);
#10290 = DIRECTION('',(-0.668964662136,-1.650444689326E-16,
    -0.743294208785));
#10291 = PCURVE('',#5579,#10292);
#10292 = DEFINITIONAL_REPRESENTATION('',(#10293),#10297);
#10293 = LINE('',#10294,#10295);
#10294 = CARTESIAN_POINT('',(0.,0.));
#10295 = VECTOR('',#10296,1.);
#10296 = DIRECTION('',(0.,1.));
#10297 = ( GEOMETRIC_REPRESENTATION_CONTEXT(2) 
PARAMETRIC_REPRESENTATION_CONTEXT() REPRESENTATION_CONTEXT('2D SPACE',''
  ) );
#10298 = PCURVE('',#7915,#10299);
#10299 = DEFINITIONAL_REPRESENTATION('',(#10300),#10304);
#10300 = LINE('',#10301,#10302);
#10301 = CARTESIAN_POINT('',(5.959340819047,-35.465));
#10302 = VECTOR('',#10303,1.);
#10303 = DIRECTION('',(-1.,0.));
#10304 = ( GEOMETRIC_REPRESENTATION_CONTEXT(2) 
PARAMETRIC_REPRESENTATION_CONTEXT() REPRESENTATION_CONTEXT('2D SPACE',''
  ) );
#10305 = ADVANCED_FACE('',(#10306),#5607,.T.);
#10306 = FACE_BOUND('',#10307,.T.);
#10307 = EDGE_LOOP('',(#10308,#10409,#10410,#10434));
#10308 = ORIENTED_EDGE('',*,*,#10309,.T.);
#10309 = EDGE_CURVE('',#10310,#5592,#10312,.T.);
#10310 = VERTEX_POINT('',#10311);
#10311 = CARTESIAN_POINT('',(23.,-16.865,108.84362051097));
#10312 = SURFACE_CURVE('',#10313,(#10323,#10329),.PCURVE_S1.);
#10313 = B_SPLINE_CURVE_WITH_KNOTS('',8,(#10314,#10315,#10316,#10317,
    #10318,#10319,#10320,#10321,#10322),.UNSPECIFIED.,.F.,.F.,(9,9),(0.,
    1.),.PIECEWISE_BEZIER_KNOTS.);
#10314 = CARTESIAN_POINT('',(23.,-16.865,108.84362051097));
#10315 = CARTESIAN_POINT('',(23.,-17.25769908169,108.76241180928));
#10316 = CARTESIAN_POINT('',(22.911878422078,-17.650398287,
    108.68120310758));
#10317 = CARTESIAN_POINT('',(22.735636131743,-18.02002646867,
    108.5999944059));
#10318 = CARTESIAN_POINT('',(22.47851751156,-18.34351751156,
    108.5187857042));
#10319 = CARTESIAN_POINT('',(22.15502646867,-18.60063613174,
    108.43757700251));
#10320 = CARTESIAN_POINT('',(21.785398287009,-18.77687842207,
    108.35636830082));
#10321 = CARTESIAN_POINT('',(21.392699081699,-18.865,108.27515959913));
#10322 = CARTESIAN_POINT('',(21.,-18.865,108.19395089743));
#10323 = PCURVE('',#5607,#10324);
#10324 = DEFINITIONAL_REPRESENTATION('',(#10325),#10328);
#10325 = B_SPLINE_CURVE_WITH_KNOTS('',1,(#10326,#10327),.UNSPECIFIED.,
  .F.,.F.,(2,2),(0.,1.),.PIECEWISE_BEZIER_KNOTS.);
#10326 = CARTESIAN_POINT('',(0.,0.));
#10327 = CARTESIAN_POINT('',(1.570796326795,0.649669613538));
#10328 = ( GEOMETRIC_REPRESENTATION_CONTEXT(2) 
PARAMETRIC_REPRESENTATION_CONTEXT() REPRESENTATION_CONTEXT('2D SPACE',''
  ) );
#10329 = PCURVE('',#10330,#10403);
#10330 = B_SPLINE_SURFACE_WITH_KNOTS('',7,8,(
    (#10331,#10332,#10333,#10334,#10335,#10336,#10337,#10338,#10339)
    ,(#10340,#10341,#10342,#10343,#10344,#10345,#10346,#10347,#10348)
    ,(#10349,#10350,#10351,#10352,#10353,#10354,#10355,#10356,#10357)
    ,(#10358,#10359,#10360,#10361,#10362,#10363,#10364,#10365,#10366)
    ,(#10367,#10368,#10369,#10370,#10371,#10372,#10373,#10374,#10375)
    ,(#10376,#10377,#10378,#10379,#10380,#10381,#10382,#10383,#10384)
    ,(#10385,#10386,#10387,#10388,#10389,#10390,#10391,#10392,#10393)
    ,(#10394,#10395,#10396,#10397,#10398,#10399,#10400,#10401,#10402
  )),.UNSPECIFIED.,.F.,.F.,.F.,(8,8),(9,9),(0.,1.),(0.,1.),
  .PIECEWISE_BEZIER_KNOTS.);
#10331 = CARTESIAN_POINT('',(22.249367454659,-16.865,109.82186866765));
#10332 = CARTESIAN_POINT('',(22.216848847941,-17.26094117496,
    109.83058216649));
#10333 = CARTESIAN_POINT('',(22.161478354582,-17.65688639108,
    109.75400134115));
#10334 = CARTESIAN_POINT('',(22.071807586982,-18.02881910034,
    109.59518328824));
#10335 = CARTESIAN_POINT('',(21.938887657452,-18.35288713523,
    109.36607970486));
#10336 = CARTESIAN_POINT('',(21.758536266129,-18.60800151535,
    109.08659203663));
#10337 = CARTESIAN_POINT('',(21.534736436633,-18.78019008044,
    108.78257785554));
#10338 = CARTESIAN_POINT('',(21.277564787872,-18.865,108.47831249131));
#10339 = CARTESIAN_POINT('',(21.,-18.865,108.19395089743));
#10340 = CARTESIAN_POINT('',(22.432298770696,-16.865,109.77285144426));
#10341 = CARTESIAN_POINT('',(22.401333086546,-17.26047801878,
    109.7811488309));
#10342 = CARTESIAN_POINT('',(22.336172532395,-17.66418207012,
    109.70353901459));
#10343 = CARTESIAN_POINT('',(22.224981057378,-18.04539937642,
    109.53896328192));
#10344 = CARTESIAN_POINT('',(22.059338519361,-18.36747060481,
    109.30337413072));
#10345 = CARTESIAN_POINT('',(21.845205611722,-18.61328093861,
    109.03334886452));
#10346 = CARTESIAN_POINT('',(21.589957577424,-18.78126633441,
    108.74609291176));
#10347 = CARTESIAN_POINT('',(21.303474806042,-18.865,108.46063221373));
#10348 = CARTESIAN_POINT('',(21.,-18.865,108.19395089743));
#10349 = CARTESIAN_POINT('',(22.604535938877,-16.865,109.68392468402));
#10350 = CARTESIAN_POINT('',(22.586502118669,-17.2600148626,
    109.69166736069));
#10351 = CARTESIAN_POINT('',(22.535785503345,-17.66840913166,
    109.58448244361));
#10352 = CARTESIAN_POINT('',(22.40337205044,-18.05520571042,
    109.41642483355));
#10353 = CARTESIAN_POINT('',(22.199759863549,-18.37548955538,
    109.18725663596));
#10354 = CARTESIAN_POINT('',(21.945686332086,-18.61528944257,
    108.93766992909));
#10355 = CARTESIAN_POINT('',(21.652070085889,-18.78128843666,
    108.67912412369));
#10356 = CARTESIAN_POINT('',(21.343992456732,-18.865,108.408437174));
#10357 = CARTESIAN_POINT('',(21.,-18.865,108.19395089743));
#10358 = CARTESIAN_POINT('',(22.755632918489,-16.865,109.55788996526));
#10359 = CARTESIAN_POINT('',(22.757547074345,-17.25955170642,
    109.55521890989));
#10360 = CARTESIAN_POINT('',(22.69293485489,-17.67029467663,
    109.46491355441));
#10361 = CARTESIAN_POINT('',(22.539391364701,-18.05992407143,
    109.31079137288));
#10362 = CARTESIAN_POINT('',(22.304417085674,-18.37931669353,
    109.10121720846));
#10363 = CARTESIAN_POINT('',(22.020136967858,-18.61616599825,
    108.87304015864));
#10364 = CARTESIAN_POINT('',(21.697806905252,-18.78126053605,
    108.63679992014));
#10365 = CARTESIAN_POINT('',(21.355565195526,-18.865,108.39821160007));
#10366 = CARTESIAN_POINT('',(21.,-18.865,108.19395089743));
#10367 = CARTESIAN_POINT('',(22.876049927057,-16.865,109.40095869789));
#10368 = CARTESIAN_POINT('',(22.892963340949,-17.25908855024,
    109.37341105536));
#10369 = CARTESIAN_POINT('',(22.81061244177,-17.66950492468,
    109.30240858896));
#10370 = CARTESIAN_POINT('',(22.639857952515,-18.05886267433,
    109.16882774877));
#10371 = CARTESIAN_POINT('',(22.381997543478,-18.37808794058,
    108.99035446011));
#10372 = CARTESIAN_POINT('',(22.076069004056,-18.61516408942,
    108.79333968653));
#10373 = CARTESIAN_POINT('',(21.732648505066,-18.78082372657,
    108.58744566628));
#10374 = CARTESIAN_POINT('',(21.360431503053,-18.865,108.3903523529));
#10375 = CARTESIAN_POINT('',(21.,-18.865,108.19395089743));
#10376 = CARTESIAN_POINT('',(22.958682498495,-16.865,109.22238964761));
#10377 = CARTESIAN_POINT('',(22.975463410568,-17.25862539406,
    109.16692018885));
#10378 = CARTESIAN_POINT('',(22.876043374183,-17.66597131578,
    109.10981022326));
#10379 = CARTESIAN_POINT('',(22.694482814941,-18.05192417255,
    108.99856599163));
#10380 = CARTESIAN_POINT('',(22.42627837391,-18.37174841417,
    108.85608687584));
#10381 = CARTESIAN_POINT('',(22.110069100743,-18.61225857167,
    108.69616985137));
#10382 = CARTESIAN_POINT('',(21.755520025854,-18.77995986594,
    108.52700547716));
#10383 = CARTESIAN_POINT('',(21.364382103679,-18.865,108.37427813521));
#10384 = CARTESIAN_POINT('',(21.,-18.865,108.19395089743));
#10385 = CARTESIAN_POINT('',(23.,-16.865,109.03300518452));
#10386 = CARTESIAN_POINT('',(23.007592968396,-17.25816223788,
    108.95843814436));
#10387 = CARTESIAN_POINT('',(22.922499437897,-17.65936006958,
    108.87168620075));
#10388 = CARTESIAN_POINT('',(22.739613691651,-18.03841678096,
    108.77318608178));
#10389 = CARTESIAN_POINT('',(22.469569964568,-18.35943403563,
    108.66464517273));
#10390 = CARTESIAN_POINT('',(22.144788708451,-18.60670292877,
    108.54890653729));
#10391 = CARTESIAN_POINT('',(21.778558838342,-18.77831004815,
    108.42966411428));
#10392 = CARTESIAN_POINT('',(21.389655478033,-18.865,108.31038580798));
#10393 = CARTESIAN_POINT('',(21.,-18.865,108.19395089743));
#10394 = CARTESIAN_POINT('',(23.,-16.865,108.84362051097));
#10395 = CARTESIAN_POINT('',(23.,-17.25769908169,108.76241180928));
#10396 = CARTESIAN_POINT('',(22.911878422078,-17.650398287,
    108.68120310758));
#10397 = CARTESIAN_POINT('',(22.735636131743,-18.02002646867,
    108.5999944059));
#10398 = CARTESIAN_POINT('',(22.47851751156,-18.34351751156,
    108.5187857042));
#10399 = CARTESIAN_POINT('',(22.15502646867,-18.60063613174,
    108.43757700251));
#10400 = CARTESIAN_POINT('',(21.785398287009,-18.77687842207,
    108.35636830082));
#10401 = CARTESIAN_POINT('',(21.392699081699,-18.865,108.27515959913));
#10402 = CARTESIAN_POINT('',(21.,-18.865,108.19395089743));
#10403 = DEFINITIONAL_REPRESENTATION('',(#10404),#10408);
#10404 = LINE('',#10405,#10406);
#10405 = CARTESIAN_POINT('',(1.,0.));
#10406 = VECTOR('',#10407,1.);
#10407 = DIRECTION('',(0.,1.));
#10408 = ( GEOMETRIC_REPRESENTATION_CONTEXT(2) 
PARAMETRIC_REPRESENTATION_CONTEXT() REPRESENTATION_CONTEXT('2D SPACE',''
  ) );
#10409 = ORIENTED_EDGE('',*,*,#5591,.T.);
#10410 = ORIENTED_EDGE('',*,*,#10411,.F.);
#10411 = EDGE_CURVE('',#10412,#5564,#10414,.T.);
#10412 = VERTEX_POINT('',#10413);
#10413 = CARTESIAN_POINT('',(23.,-16.865,80.767472843244));
#10414 = SURFACE_CURVE('',#10415,(#10420,#10427),.PCURVE_S1.);
#10415 = CIRCLE('',#10416,2.);
#10416 = AXIS2_PLACEMENT_3D('',#10417,#10418,#10419);
#10417 = CARTESIAN_POINT('',(21.,-16.865,80.767472843244));
#10418 = DIRECTION('',(0.,-2.22044604925E-16,-1.));
#10419 = DIRECTION('',(1.,0.,0.));
#10420 = PCURVE('',#5607,#10421);
#10421 = DEFINITIONAL_REPRESENTATION('',(#10422),#10426);
#10422 = LINE('',#10423,#10424);
#10423 = CARTESIAN_POINT('',(0.,28.076147667731));
#10424 = VECTOR('',#10425,1.);
#10425 = DIRECTION('',(1.,0.));
#10426 = ( GEOMETRIC_REPRESENTATION_CONTEXT(2) 
PARAMETRIC_REPRESENTATION_CONTEXT() REPRESENTATION_CONTEXT('2D SPACE',''
  ) );
#10427 = PCURVE('',#10271,#10428);
#10428 = DEFINITIONAL_REPRESENTATION('',(#10429),#10433);
#10429 = LINE('',#10430,#10431);
#10430 = CARTESIAN_POINT('',(6.217248937901E-15,-0.));
#10431 = VECTOR('',#10432,1.);
#10432 = DIRECTION('',(-0.,1.));
#10433 = ( GEOMETRIC_REPRESENTATION_CONTEXT(2) 
PARAMETRIC_REPRESENTATION_CONTEXT() REPRESENTATION_CONTEXT('2D SPACE',''
  ) );
#10434 = ORIENTED_EDGE('',*,*,#10435,.F.);
#10435 = EDGE_CURVE('',#10310,#10412,#10436,.T.);
#10436 = SURFACE_CURVE('',#10437,(#10441,#10448),.PCURVE_S1.);
#10437 = LINE('',#10438,#10439);
#10438 = CARTESIAN_POINT('',(23.,-16.865,108.84362051097));
#10439 = VECTOR('',#10440,1.);
#10440 = DIRECTION('',(0.,-2.22044604925E-16,-1.));
#10441 = PCURVE('',#5607,#10442);
#10442 = DEFINITIONAL_REPRESENTATION('',(#10443),#10447);
#10443 = LINE('',#10444,#10445);
#10444 = CARTESIAN_POINT('',(0.,0.));
#10445 = VECTOR('',#10446,1.);
#10446 = DIRECTION('',(0.,1.));
#10447 = ( GEOMETRIC_REPRESENTATION_CONTEXT(2) 
PARAMETRIC_REPRESENTATION_CONTEXT() REPRESENTATION_CONTEXT('2D SPACE',''
  ) );
#10448 = PCURVE('',#8399,#10449);
#10449 = DEFINITIONAL_REPRESENTATION('',(#10450),#10454);
#10450 = LINE('',#10451,#10452);
#10451 = CARTESIAN_POINT('',(-2.054689751674E-14,-35.465));
#10452 = VECTOR('',#10453,1.);
#10453 = DIRECTION('',(1.,0.));
#10454 = ( GEOMETRIC_REPRESENTATION_CONTEXT(2) 
PARAMETRIC_REPRESENTATION_CONTEXT() REPRESENTATION_CONTEXT('2D SPACE',''
  ) );
#10455 = ADVANCED_FACE('',(#10456),#5636,.T.);
#10456 = FACE_BOUND('',#10457,.F.);
#10457 = EDGE_LOOP('',(#10458,#10482,#10506,#10535));
#10458 = ORIENTED_EDGE('',*,*,#10459,.F.);
#10459 = EDGE_CURVE('',#10460,#5620,#10462,.T.);
#10460 = VERTEX_POINT('',#10461);
#10461 = CARTESIAN_POINT('',(21.5,-16.865,110.74951186695));
#10462 = SURFACE_CURVE('',#10463,(#10468,#10475),.PCURVE_S1.);
#10463 = CIRCLE('',#10464,2.);
#10464 = AXIS2_PLACEMENT_3D('',#10465,#10466,#10467);
#10465 = CARTESIAN_POINT('',(19.502498307223,-16.865,110.64957695136));
#10466 = DIRECTION('',(4.996745779691E-02,-2.234127927071E-16,
    -0.998750846388));
#10467 = DIRECTION('',(0.998750846388,1.117733149489E-17,
    4.996745779691E-02));
#10468 = PCURVE('',#5636,#10469);
#10469 = DEFINITIONAL_REPRESENTATION('',(#10470),#10474);
#10470 = LINE('',#10471,#10472);
#10471 = CARTESIAN_POINT('',(-0.,3.14159265359));
#10472 = VECTOR('',#10473,1.);
#10473 = DIRECTION('',(-0.,1.));
#10474 = ( GEOMETRIC_REPRESENTATION_CONTEXT(2) 
PARAMETRIC_REPRESENTATION_CONTEXT() REPRESENTATION_CONTEXT('2D SPACE',''
  ) );
#10475 = PCURVE('',#5669,#10476);
#10476 = DEFINITIONAL_REPRESENTATION('',(#10477),#10481);
#10477 = LINE('',#10478,#10479);
#10478 = CARTESIAN_POINT('',(-1.52080805292,0.));
#10479 = VECTOR('',#10480,1.);
#10480 = DIRECTION('',(-0.,1.));
#10481 = ( GEOMETRIC_REPRESENTATION_CONTEXT(2) 
PARAMETRIC_REPRESENTATION_CONTEXT() REPRESENTATION_CONTEXT('2D SPACE',''
  ) );
#10482 = ORIENTED_EDGE('',*,*,#10483,.T.);
#10483 = EDGE_CURVE('',#10460,#10484,#10486,.T.);
#10484 = VERTEX_POINT('',#10485);
#10485 = CARTESIAN_POINT('',(22.249367454633,-16.865,109.82186866767));
#10486 = SURFACE_CURVE('',#10487,(#10492,#10499),.PCURVE_S1.);
#10487 = CIRCLE('',#10488,1.012758295379);
#10488 = AXIS2_PLACEMENT_3D('',#10489,#10490,#10491);
#10489 = CARTESIAN_POINT('',(22.511493204696,-16.865,110.80011682433));
#10490 = DIRECTION('',(-1.54074395551E-33,-1.,2.2369221865E-16));
#10491 = DIRECTION('',(-0.998750846388,-1.117733149489E-17,
    -4.99674577969E-02));
#10492 = PCURVE('',#5636,#10493);
#10493 = DEFINITIONAL_REPRESENTATION('',(#10494),#10498);
#10494 = LINE('',#10495,#10496);
#10495 = CARTESIAN_POINT('',(-0.,3.14159265359));
#10496 = VECTOR('',#10497,1.);
#10497 = DIRECTION('',(-1.,0.));
#10498 = ( GEOMETRIC_REPRESENTATION_CONTEXT(2) 
PARAMETRIC_REPRESENTATION_CONTEXT() REPRESENTATION_CONTEXT('2D SPACE',''
  ) );
#10499 = PCURVE('',#8342,#10500);
#10500 = DEFINITIONAL_REPRESENTATION('',(#10501),#10505);
#10501 = LINE('',#10502,#10503);
#10502 = CARTESIAN_POINT('',(-3.191580927465,-35.465));
#10503 = VECTOR('',#10504,1.);
#10504 = DIRECTION('',(-1.,0.));
#10505 = ( GEOMETRIC_REPRESENTATION_CONTEXT(2) 
PARAMETRIC_REPRESENTATION_CONTEXT() REPRESENTATION_CONTEXT('2D SPACE',''
  ) );
#10506 = ORIENTED_EDGE('',*,*,#10507,.T.);
#10507 = EDGE_CURVE('',#10484,#5592,#10508,.T.);
#10508 = SURFACE_CURVE('',#10509,(#10517,#10523),.PCURVE_S1.);
#10509 = B_SPLINE_CURVE_WITH_KNOTS('',6,(#10510,#10511,#10512,#10513,
    #10514,#10515,#10516),.UNSPECIFIED.,.F.,.F.,(7,7),(0.,1.),
  .PIECEWISE_BEZIER_KNOTS.);
#10510 = CARTESIAN_POINT('',(22.249367454633,-16.865,109.82186866767));
#10511 = CARTESIAN_POINT('',(22.206364342716,-17.38859877559,
    109.83339153422));
#10512 = CARTESIAN_POINT('',(22.121362001734,-17.91215300141,
    109.68837341778));
#10513 = CARTESIAN_POINT('',(21.963317865709,-18.37138029928,
    109.3946639448));
#10514 = CARTESIAN_POINT('',(21.710244198654,-18.70054462795,
    109.00060543969));
#10515 = CARTESIAN_POINT('',(21.377253429714,-18.865,108.5804422366));
#10516 = CARTESIAN_POINT('',(21.,-18.865,108.19395089743));
#10517 = PCURVE('',#5636,#10518);
#10518 = DEFINITIONAL_REPRESENTATION('',(#10519),#10522);
#10519 = B_SPLINE_CURVE_WITH_KNOTS('',1,(#10520,#10521),.UNSPECIFIED.,
  .F.,.F.,(2,2),(0.,1.),.PIECEWISE_BEZIER_KNOTS.);
#10520 = CARTESIAN_POINT('',(-1.25900394737,3.14159265359));
#10521 = CARTESIAN_POINT('',(-0.995248099997,4.712388980385));
#10522 = ( GEOMETRIC_REPRESENTATION_CONTEXT(2) 
PARAMETRIC_REPRESENTATION_CONTEXT() REPRESENTATION_CONTEXT('2D SPACE',''
  ) );
#10523 = PCURVE('',#10330,#10524);
#10524 = DEFINITIONAL_REPRESENTATION('',(#10525),#10534);
#10525 = B_SPLINE_CURVE_WITH_KNOTS('',7,(#10526,#10527,#10528,#10529,
    #10530,#10531,#10532,#10533),.UNSPECIFIED.,.F.,.F.,(8,8),(0.,1.),
  .PIECEWISE_BEZIER_KNOTS.);
#10526 = CARTESIAN_POINT('',(0.,0.));
#10527 = CARTESIAN_POINT('',(0.,0.141687382777));
#10528 = CARTESIAN_POINT('',(0.,0.283361240119));
#10529 = CARTESIAN_POINT('',(0.,0.425265002677));
#10530 = CARTESIAN_POINT('',(0.,0.567368629674));
#10531 = CARTESIAN_POINT('',(0.,0.71028655792));
#10532 = CARTESIAN_POINT('',(0.,0.854376303866));
#10533 = CARTESIAN_POINT('',(0.,1.));
#10534 = ( GEOMETRIC_REPRESENTATION_CONTEXT(2) 
PARAMETRIC_REPRESENTATION_CONTEXT() REPRESENTATION_CONTEXT('2D SPACE',''
  ) );
#10535 = ORIENTED_EDGE('',*,*,#5619,.F.);
#10536 = ADVANCED_FACE('',(#10537),#5669,.T.);
#10537 = FACE_BOUND('',#10538,.F.);
#10538 = EDGE_LOOP('',(#10539,#10563,#10585,#10586));
#10539 = ORIENTED_EDGE('',*,*,#10540,.F.);
#10540 = EDGE_CURVE('',#10541,#5649,#10543,.T.);
#10541 = VERTEX_POINT('',#10542);
#10542 = CARTESIAN_POINT('',(6.518737304176,-16.865,125.));
#10543 = SURFACE_CURVE('',#10544,(#10549,#10556),.PCURVE_S1.);
#10544 = CIRCLE('',#10545,2.);
#10545 = AXIS2_PLACEMENT_3D('',#10546,#10547,#10548);
#10546 = CARTESIAN_POINT('',(6.518737304176,-16.865,123.));
#10547 = DIRECTION('',(1.,0.,-0.));
#10548 = DIRECTION('',(0.,2.22044604925E-16,1.));
#10549 = PCURVE('',#5669,#10550);
#10550 = DEFINITIONAL_REPRESENTATION('',(#10551),#10555);
#10551 = LINE('',#10552,#10553);
#10552 = CARTESIAN_POINT('',(-0.,0.));
#10553 = VECTOR('',#10554,1.);
#10554 = DIRECTION('',(-0.,1.));
#10555 = ( GEOMETRIC_REPRESENTATION_CONTEXT(2) 
PARAMETRIC_REPRESENTATION_CONTEXT() REPRESENTATION_CONTEXT('2D SPACE',''
  ) );
#10556 = PCURVE('',#5697,#10557);
#10557 = DEFINITIONAL_REPRESENTATION('',(#10558),#10562);
#10558 = LINE('',#10559,#10560);
#10559 = CARTESIAN_POINT('',(0.,13.037474608351));
#10560 = VECTOR('',#10561,1.);
#10561 = DIRECTION('',(1.,0.));
#10562 = ( GEOMETRIC_REPRESENTATION_CONTEXT(2) 
PARAMETRIC_REPRESENTATION_CONTEXT() REPRESENTATION_CONTEXT('2D SPACE',''
  ) );
#10563 = ORIENTED_EDGE('',*,*,#10564,.T.);
#10564 = EDGE_CURVE('',#10541,#10460,#10565,.T.);
#10565 = SURFACE_CURVE('',#10566,(#10571,#10578),.PCURVE_S1.);
#10566 = CIRCLE('',#10567,15.);
#10567 = AXIS2_PLACEMENT_3D('',#10568,#10569,#10570);
#10568 = CARTESIAN_POINT('',(6.518737304176,-16.865,110.));
#10569 = DIRECTION('',(0.,1.,-2.2369221865E-16));
#10570 = DIRECTION('',(5.921189464667E-17,2.2369221865E-16,1.));
#10571 = PCURVE('',#5669,#10572);
#10572 = DEFINITIONAL_REPRESENTATION('',(#10573),#10577);
#10573 = LINE('',#10574,#10575);
#10574 = CARTESIAN_POINT('',(-0.,0.));
#10575 = VECTOR('',#10576,1.);
#10576 = DIRECTION('',(-1.,0.));
#10577 = ( GEOMETRIC_REPRESENTATION_CONTEXT(2) 
PARAMETRIC_REPRESENTATION_CONTEXT() REPRESENTATION_CONTEXT('2D SPACE',''
  ) );
#10578 = PCURVE('',#8313,#10579);
#10579 = DEFINITIONAL_REPRESENTATION('',(#10580),#10584);
#10580 = LINE('',#10581,#10582);
#10581 = CARTESIAN_POINT('',(-1.570796326795,-35.465));
#10582 = VECTOR('',#10583,1.);
#10583 = DIRECTION('',(1.,-0.));
#10584 = ( GEOMETRIC_REPRESENTATION_CONTEXT(2) 
PARAMETRIC_REPRESENTATION_CONTEXT() REPRESENTATION_CONTEXT('2D SPACE',''
  ) );
#10585 = ORIENTED_EDGE('',*,*,#10459,.T.);
#10586 = ORIENTED_EDGE('',*,*,#5648,.F.);
#10587 = ADVANCED_FACE('',(#10588),#5697,.T.);
#10588 = FACE_BOUND('',#10589,.T.);
#10589 = EDGE_LOOP('',(#10590,#10614,#10615,#10616));
#10590 = ORIENTED_EDGE('',*,*,#10591,.T.);
#10591 = EDGE_CURVE('',#10592,#5682,#10594,.T.);
#10592 = VERTEX_POINT('',#10593);
#10593 = CARTESIAN_POINT('',(-6.518737304176,-16.865,125.));
#10594 = SURFACE_CURVE('',#10595,(#10600,#10607),.PCURVE_S1.);
#10595 = CIRCLE('',#10596,2.);
#10596 = AXIS2_PLACEMENT_3D('',#10597,#10598,#10599);
#10597 = CARTESIAN_POINT('',(-6.518737304176,-16.865,123.));
#10598 = DIRECTION('',(1.,-1.521133040895E-31,-6.800116025829E-16));
#10599 = DIRECTION('',(6.800116025829E-16,2.2369221865E-16,1.));
#10600 = PCURVE('',#5697,#10601);
#10601 = DEFINITIONAL_REPRESENTATION('',(#10602),#10606);
#10602 = LINE('',#10603,#10604);
#10603 = CARTESIAN_POINT('',(0.,0.));
#10604 = VECTOR('',#10605,1.);
#10605 = DIRECTION('',(1.,0.));
#10606 = ( GEOMETRIC_REPRESENTATION_CONTEXT(2) 
PARAMETRIC_REPRESENTATION_CONTEXT() REPRESENTATION_CONTEXT('2D SPACE',''
  ) );
#10607 = PCURVE('',#5730,#10608);
#10608 = DEFINITIONAL_REPRESENTATION('',(#10609),#10613);
#10609 = LINE('',#10610,#10611);
#10610 = CARTESIAN_POINT('',(-1.52080805292,0.));
#10611 = VECTOR('',#10612,1.);
#10612 = DIRECTION('',(-0.,1.));
#10613 = ( GEOMETRIC_REPRESENTATION_CONTEXT(2) 
PARAMETRIC_REPRESENTATION_CONTEXT() REPRESENTATION_CONTEXT('2D SPACE',''
  ) );
#10614 = ORIENTED_EDGE('',*,*,#5681,.T.);
#10615 = ORIENTED_EDGE('',*,*,#10540,.F.);
#10616 = ORIENTED_EDGE('',*,*,#10617,.F.);
#10617 = EDGE_CURVE('',#10592,#10541,#10618,.T.);
#10618 = SURFACE_CURVE('',#10619,(#10623,#10630),.PCURVE_S1.);
#10619 = LINE('',#10620,#10621);
#10620 = CARTESIAN_POINT('',(-6.518737304176,-16.865,125.));
#10621 = VECTOR('',#10622,1.);
#10622 = DIRECTION('',(1.,0.,0.));
#10623 = PCURVE('',#5697,#10624);
#10624 = DEFINITIONAL_REPRESENTATION('',(#10625),#10629);
#10625 = LINE('',#10626,#10627);
#10626 = CARTESIAN_POINT('',(0.,0.));
#10627 = VECTOR('',#10628,1.);
#10628 = DIRECTION('',(0.,1.));
#10629 = ( GEOMETRIC_REPRESENTATION_CONTEXT(2) 
PARAMETRIC_REPRESENTATION_CONTEXT() REPRESENTATION_CONTEXT('2D SPACE',''
  ) );
#10630 = PCURVE('',#8284,#10631);
#10631 = DEFINITIONAL_REPRESENTATION('',(#10632),#10636);
#10632 = LINE('',#10633,#10634);
#10633 = CARTESIAN_POINT('',(0.,-35.465));
#10634 = VECTOR('',#10635,1.);
#10635 = DIRECTION('',(1.,0.));
#10636 = ( GEOMETRIC_REPRESENTATION_CONTEXT(2) 
PARAMETRIC_REPRESENTATION_CONTEXT() REPRESENTATION_CONTEXT('2D SPACE',''
  ) );
#10637 = ADVANCED_FACE('',(#10638),#5730,.T.);
#10638 = FACE_BOUND('',#10639,.F.);
#10639 = EDGE_LOOP('',(#10640,#10664,#10686,#10687));
#10640 = ORIENTED_EDGE('',*,*,#10641,.F.);
#10641 = EDGE_CURVE('',#10642,#5710,#10644,.T.);
#10642 = VERTEX_POINT('',#10643);
#10643 = CARTESIAN_POINT('',(-21.5,-16.865,110.74951186695));
#10644 = SURFACE_CURVE('',#10645,(#10650,#10657),.PCURVE_S1.);
#10645 = CIRCLE('',#10646,2.);
#10646 = AXIS2_PLACEMENT_3D('',#10647,#10648,#10649);
#10647 = CARTESIAN_POINT('',(-19.50249830722,-16.865,110.64957695136));
#10648 = DIRECTION('',(4.99674577969E-02,2.234127927071E-16,
    0.998750846388));
#10649 = DIRECTION('',(0.998750846388,-1.117733149489E-17,
    -4.99674577969E-02));
#10650 = PCURVE('',#5730,#10651);
#10651 = DEFINITIONAL_REPRESENTATION('',(#10652),#10656);
#10652 = LINE('',#10653,#10654);
#10653 = CARTESIAN_POINT('',(-0.,-3.14159265359));
#10654 = VECTOR('',#10655,1.);
#10655 = DIRECTION('',(-0.,1.));
#10656 = ( GEOMETRIC_REPRESENTATION_CONTEXT(2) 
PARAMETRIC_REPRESENTATION_CONTEXT() REPRESENTATION_CONTEXT('2D SPACE',''
  ) );
#10657 = PCURVE('',#5759,#10658);
#10658 = DEFINITIONAL_REPRESENTATION('',(#10659),#10663);
#10659 = LINE('',#10660,#10661);
#10660 = CARTESIAN_POINT('',(-1.25900394737,0.));
#10661 = VECTOR('',#10662,1.);
#10662 = DIRECTION('',(-0.,1.));
#10663 = ( GEOMETRIC_REPRESENTATION_CONTEXT(2) 
PARAMETRIC_REPRESENTATION_CONTEXT() REPRESENTATION_CONTEXT('2D SPACE',''
  ) );
#10664 = ORIENTED_EDGE('',*,*,#10665,.T.);
#10665 = EDGE_CURVE('',#10642,#10592,#10666,.T.);
#10666 = SURFACE_CURVE('',#10667,(#10672,#10679),.PCURVE_S1.);
#10667 = CIRCLE('',#10668,15.);
#10668 = AXIS2_PLACEMENT_3D('',#10669,#10670,#10671);
#10669 = CARTESIAN_POINT('',(-6.518737304176,-16.865,110.));
#10670 = DIRECTION('',(0.,1.,-2.2369221865E-16));
#10671 = DIRECTION('',(-0.998750846388,1.117733149489E-17,
    4.996745779691E-02));
#10672 = PCURVE('',#5730,#10673);
#10673 = DEFINITIONAL_REPRESENTATION('',(#10674),#10678);
#10674 = LINE('',#10675,#10676);
#10675 = CARTESIAN_POINT('',(-0.,0.));
#10676 = VECTOR('',#10677,1.);
#10677 = DIRECTION('',(-1.,0.));
#10678 = ( GEOMETRIC_REPRESENTATION_CONTEXT(2) 
PARAMETRIC_REPRESENTATION_CONTEXT() REPRESENTATION_CONTEXT('2D SPACE',''
  ) );
#10679 = PCURVE('',#8256,#10680);
#10680 = DEFINITIONAL_REPRESENTATION('',(#10681),#10685);
#10681 = LINE('',#10682,#10683);
#10682 = CARTESIAN_POINT('',(-3.091604379715,-35.465));
#10683 = VECTOR('',#10684,1.);
#10684 = DIRECTION('',(1.,-0.));
#10685 = ( GEOMETRIC_REPRESENTATION_CONTEXT(2) 
PARAMETRIC_REPRESENTATION_CONTEXT() REPRESENTATION_CONTEXT('2D SPACE',''
  ) );
#10686 = ORIENTED_EDGE('',*,*,#10591,.T.);
#10687 = ORIENTED_EDGE('',*,*,#5709,.F.);
#10688 = ADVANCED_FACE('',(#10689),#5960,.F.);
#10689 = FACE_BOUND('',#10690,.T.);
#10690 = EDGE_LOOP('',(#10691,#10692,#10693,#10694,#10695));
#10691 = ORIENTED_EDGE('',*,*,#9315,.F.);
#10692 = ORIENTED_EDGE('',*,*,#6711,.T.);
#10693 = ORIENTED_EDGE('',*,*,#9758,.T.);
#10694 = ORIENTED_EDGE('',*,*,#5944,.T.);
#10695 = ORIENTED_EDGE('',*,*,#10696,.F.);
#10696 = EDGE_CURVE('',#9316,#5917,#10697,.T.);
#10697 = SURFACE_CURVE('',#10698,(#10703,#10710),.PCURVE_S1.);
#10698 = CIRCLE('',#10699,1.);
#10699 = AXIS2_PLACEMENT_3D('',#10700,#10701,#10702);
#10700 = CARTESIAN_POINT('',(-23.67,-17.865,63.6676));
#10701 = DIRECTION('',(-1.,-0.,0.));
#10702 = DIRECTION('',(0.,-1.,-2.22044604925E-16));
#10703 = PCURVE('',#5960,#10704);
#10704 = DEFINITIONAL_REPRESENTATION('',(#10705),#10709);
#10705 = CIRCLE('',#10706,1.);
#10706 = AXIS2_PLACEMENT_2D('',#10707,#10708);
#10707 = CARTESIAN_POINT('',(-2.22,-36.465));
#10708 = DIRECTION('',(-4.440892098501E-16,-1.));
#10709 = ( GEOMETRIC_REPRESENTATION_CONTEXT(2) 
PARAMETRIC_REPRESENTATION_CONTEXT() REPRESENTATION_CONTEXT('2D SPACE',''
  ) );
#10710 = PCURVE('',#5932,#10711);
#10711 = DEFINITIONAL_REPRESENTATION('',(#10712),#10716);
#10712 = LINE('',#10713,#10714);
#10713 = CARTESIAN_POINT('',(4.712388980385,3.));
#10714 = VECTOR('',#10715,1.);
#10715 = DIRECTION('',(-1.,0.));
#10716 = ( GEOMETRIC_REPRESENTATION_CONTEXT(2) 
PARAMETRIC_REPRESENTATION_CONTEXT() REPRESENTATION_CONTEXT('2D SPACE',''
  ) );
#10717 = ADVANCED_FACE('',(#10718),#5759,.T.);
#10718 = FACE_BOUND('',#10719,.F.);
#10719 = EDGE_LOOP('',(#10720,#10828,#10850,#10851));
#10720 = ORIENTED_EDGE('',*,*,#10721,.F.);
#10721 = EDGE_CURVE('',#10722,#5743,#10724,.T.);
#10722 = VERTEX_POINT('',#10723);
#10723 = CARTESIAN_POINT('',(-22.24936745465,-16.865,109.82186866765));
#10724 = SURFACE_CURVE('',#10725,(#10735,#10748),.PCURVE_S1.);
#10725 = B_SPLINE_CURVE_WITH_KNOTS('',8,(#10726,#10727,#10728,#10729,
    #10730,#10731,#10732,#10733,#10734),.UNSPECIFIED.,.F.,.F.,(9,9),(0.,
    1.),.PIECEWISE_BEZIER_KNOTS.);
#10726 = CARTESIAN_POINT('',(-22.24936745465,-16.865,109.82186866765));
#10727 = CARTESIAN_POINT('',(-22.21684884794,-17.26094117496,
    109.83058216649));
#10728 = CARTESIAN_POINT('',(-22.16147835458,-17.65688639108,
    109.75400134114));
#10729 = CARTESIAN_POINT('',(-22.07180758698,-18.02881910034,
    109.59518328824));
#10730 = CARTESIAN_POINT('',(-21.93888765745,-18.35288713523,
    109.36607970486));
#10731 = CARTESIAN_POINT('',(-21.75853626612,-18.60800151535,
    109.08659203663));
#10732 = CARTESIAN_POINT('',(-21.53473643663,-18.78019008044,
    108.78257785554));
#10733 = CARTESIAN_POINT('',(-21.27756478787,-18.865,108.47831249131));
#10734 = CARTESIAN_POINT('',(-21.,-18.865,108.19395089743));
#10735 = PCURVE('',#5759,#10736);
#10736 = DEFINITIONAL_REPRESENTATION('',(#10737),#10747);
#10737 = B_SPLINE_CURVE_WITH_KNOTS('',8,(#10738,#10739,#10740,#10741,
    #10742,#10743,#10744,#10745,#10746),.UNSPECIFIED.,.F.,.F.,(9,9),(0.,
    1.),.PIECEWISE_BEZIER_KNOTS.);
#10738 = CARTESIAN_POINT('',(9.159339953158E-16,3.14159265359));
#10739 = CARTESIAN_POINT('',(-3.32416744078E-02,3.339563241072));
#10740 = CARTESIAN_POINT('',(-6.648339997802E-02,3.537534133251));
#10741 = CARTESIAN_POINT('',(-9.969642896363E-02,3.735334123097));
#10742 = CARTESIAN_POINT('',(-0.132854361418,3.932805985893));
#10743 = CARTESIAN_POINT('',(-0.165910024934,4.12966878665));
#10744 = CARTESIAN_POINT('',(-0.198785512184,4.325458548769));
#10745 = CARTESIAN_POINT('',(-0.231412719359,4.519769680423));
#10746 = CARTESIAN_POINT('',(-0.263755847373,4.712388980385));
#10747 = ( GEOMETRIC_REPRESENTATION_CONTEXT(2) 
PARAMETRIC_REPRESENTATION_CONTEXT() REPRESENTATION_CONTEXT('2D SPACE',''
  ) );
#10748 = PCURVE('',#10749,#10822);
#10749 = B_SPLINE_SURFACE_WITH_KNOTS('',7,8,(
    (#10750,#10751,#10752,#10753,#10754,#10755,#10756,#10757,#10758)
    ,(#10759,#10760,#10761,#10762,#10763,#10764,#10765,#10766,#10767)
    ,(#10768,#10769,#10770,#10771,#10772,#10773,#10774,#10775,#10776)
    ,(#10777,#10778,#10779,#10780,#10781,#10782,#10783,#10784,#10785)
    ,(#10786,#10787,#10788,#10789,#10790,#10791,#10792,#10793,#10794)
    ,(#10795,#10796,#10797,#10798,#10799,#10800,#10801,#10802,#10803)
    ,(#10804,#10805,#10806,#10807,#10808,#10809,#10810,#10811,#10812)
    ,(#10813,#10814,#10815,#10816,#10817,#10818,#10819,#10820,#10821
  )),.UNSPECIFIED.,.F.,.F.,.F.,(8,8),(9,9),(0.,1.),(0.,1.),
  .PIECEWISE_BEZIER_KNOTS.);
#10750 = CARTESIAN_POINT('',(-23.,-16.865,108.84362051097));
#10751 = CARTESIAN_POINT('',(-23.,-17.25769908169,108.76241180928));
#10752 = CARTESIAN_POINT('',(-22.91187842207,-17.650398287,
    108.68120310758));
#10753 = CARTESIAN_POINT('',(-22.73563613174,-18.02002646867,
    108.5999944059));
#10754 = CARTESIAN_POINT('',(-22.47851751155,-18.34351751156,
    108.5187857042));
#10755 = CARTESIAN_POINT('',(-22.15502646867,-18.60063613174,
    108.43757700251));
#10756 = CARTESIAN_POINT('',(-21.785398287,-18.77687842207,
    108.35636830082));
#10757 = CARTESIAN_POINT('',(-21.39269908169,-18.865,108.27515959913));
#10758 = CARTESIAN_POINT('',(-21.,-18.865,108.19395089743));
#10759 = CARTESIAN_POINT('',(-23.,-16.865,109.03300518452));
#10760 = CARTESIAN_POINT('',(-23.00759296839,-17.25816223788,
    108.95843814437));
#10761 = CARTESIAN_POINT('',(-22.92249943789,-17.65936006958,
    108.87168620075));
#10762 = CARTESIAN_POINT('',(-22.73961369165,-18.03841678096,
    108.77318608178));
#10763 = CARTESIAN_POINT('',(-22.46956996456,-18.35943403563,
    108.66464517273));
#10764 = CARTESIAN_POINT('',(-22.14478870845,-18.60670292877,
    108.54890653729));
#10765 = CARTESIAN_POINT('',(-21.77855883834,-18.77831004815,
    108.42966411428));
#10766 = CARTESIAN_POINT('',(-21.38965547803,-18.865,108.31038580798));
#10767 = CARTESIAN_POINT('',(-21.,-18.865,108.19395089743));
#10768 = CARTESIAN_POINT('',(-22.95868249849,-16.86499999999,
    109.2223896476));
#10769 = CARTESIAN_POINT('',(-22.97546341056,-17.25862539406,
    109.16692018885));
#10770 = CARTESIAN_POINT('',(-22.87604337418,-17.66597131578,
    109.10981022325));
#10771 = CARTESIAN_POINT('',(-22.69448281494,-18.05192417255,
    108.99856599162));
#10772 = CARTESIAN_POINT('',(-22.4262783739,-18.37174841417,
    108.85608687584));
#10773 = CARTESIAN_POINT('',(-22.11006910074,-18.61225857167,
    108.69616985137));
#10774 = CARTESIAN_POINT('',(-21.75552002585,-18.77995986593,
    108.52700547716));
#10775 = CARTESIAN_POINT('',(-21.36438210367,-18.865,108.37427813521));
#10776 = CARTESIAN_POINT('',(-21.,-18.865,108.19395089743));
#10777 = CARTESIAN_POINT('',(-22.87604992705,-16.865,109.40095869789));
#10778 = CARTESIAN_POINT('',(-22.89296334095,-17.25908855024,
    109.37341105536));
#10779 = CARTESIAN_POINT('',(-22.81061244177,-17.66950492468,
    109.30240858896));
#10780 = CARTESIAN_POINT('',(-22.63985795251,-18.05886267433,
    109.16882774878));
#10781 = CARTESIAN_POINT('',(-22.38199754347,-18.37808794058,
    108.99035446011));
#10782 = CARTESIAN_POINT('',(-22.07606900405,-18.61516408942,
    108.79333968653));
#10783 = CARTESIAN_POINT('',(-21.73264850506,-18.78082372657,
    108.58744566628));
#10784 = CARTESIAN_POINT('',(-21.36043150305,-18.865,108.3903523529));
#10785 = CARTESIAN_POINT('',(-21.,-18.865,108.19395089743));
#10786 = CARTESIAN_POINT('',(-22.75563291848,-16.865,109.55788996525));
#10787 = CARTESIAN_POINT('',(-22.75754707434,-17.25955170642,
    109.55521890989));
#10788 = CARTESIAN_POINT('',(-22.69293485488,-17.67029467663,
    109.46491355441));
#10789 = CARTESIAN_POINT('',(-22.5393913647,-18.05992407143,
    109.31079137288));
#10790 = CARTESIAN_POINT('',(-22.30441708567,-18.37931669353,
    109.10121720846));
#10791 = CARTESIAN_POINT('',(-22.02013696785,-18.61616599825,
    108.87304015864));
#10792 = CARTESIAN_POINT('',(-21.69780690525,-18.78126053605,
    108.63679992014));
#10793 = CARTESIAN_POINT('',(-21.35556519552,-18.865,108.39821160007));
#10794 = CARTESIAN_POINT('',(-21.,-18.865,108.19395089743));
#10795 = CARTESIAN_POINT('',(-22.60453593887,-16.865,109.68392468402));
#10796 = CARTESIAN_POINT('',(-22.58650211867,-17.2600148626,
    109.6916673607));
#10797 = CARTESIAN_POINT('',(-22.53578550334,-17.66840913166,
    109.58448244361));
#10798 = CARTESIAN_POINT('',(-22.40337205044,-18.05520571042,
    109.41642483355));
#10799 = CARTESIAN_POINT('',(-22.19975986354,-18.37548955538,
    109.18725663596));
#10800 = CARTESIAN_POINT('',(-21.94568633208,-18.61528944257,
    108.9376699291));
#10801 = CARTESIAN_POINT('',(-21.65207008588,-18.78128843666,
    108.67912412369));
#10802 = CARTESIAN_POINT('',(-21.34399245673,-18.865,108.408437174));
#10803 = CARTESIAN_POINT('',(-21.,-18.865,108.19395089743));
#10804 = CARTESIAN_POINT('',(-22.43229877069,-16.865,109.77285144426));
#10805 = CARTESIAN_POINT('',(-22.40133308654,-17.26047801878,
    109.7811488309));
#10806 = CARTESIAN_POINT('',(-22.33617253239,-17.66418207012,
    109.70353901459));
#10807 = CARTESIAN_POINT('',(-22.22498105737,-18.04539937642,
    109.53896328192));
#10808 = CARTESIAN_POINT('',(-22.05933851936,-18.36747060481,
    109.30337413072));
#10809 = CARTESIAN_POINT('',(-21.84520561172,-18.61328093861,
    109.03334886452));
#10810 = CARTESIAN_POINT('',(-21.58995757742,-18.78126633441,
    108.74609291176));
#10811 = CARTESIAN_POINT('',(-21.30347480604,-18.865,108.46063221373));
#10812 = CARTESIAN_POINT('',(-21.,-18.865,108.19395089743));
#10813 = CARTESIAN_POINT('',(-22.24936745465,-16.865,109.82186866765));
#10814 = CARTESIAN_POINT('',(-22.21684884794,-17.26094117496,
    109.83058216649));
#10815 = CARTESIAN_POINT('',(-22.16147835458,-17.65688639108,
    109.75400134114));
#10816 = CARTESIAN_POINT('',(-22.07180758698,-18.02881910034,
    109.59518328824));
#10817 = CARTESIAN_POINT('',(-21.93888765745,-18.35288713523,
    109.36607970486));
#10818 = CARTESIAN_POINT('',(-21.75853626612,-18.60800151535,
    109.08659203663));
#10819 = CARTESIAN_POINT('',(-21.53473643663,-18.78019008044,
    108.78257785554));
#10820 = CARTESIAN_POINT('',(-21.27756478787,-18.865,108.47831249131));
#10821 = CARTESIAN_POINT('',(-21.,-18.865,108.19395089743));
#10822 = DEFINITIONAL_REPRESENTATION('',(#10823),#10827);
#10823 = LINE('',#10824,#10825);
#10824 = CARTESIAN_POINT('',(1.,0.));
#10825 = VECTOR('',#10826,1.);
#10826 = DIRECTION('',(0.,1.));
#10827 = ( GEOMETRIC_REPRESENTATION_CONTEXT(2) 
PARAMETRIC_REPRESENTATION_CONTEXT() REPRESENTATION_CONTEXT('2D SPACE',''
  ) );
#10828 = ORIENTED_EDGE('',*,*,#10829,.T.);
#10829 = EDGE_CURVE('',#10722,#10642,#10830,.T.);
#10830 = SURFACE_CURVE('',#10831,(#10836,#10843),.PCURVE_S1.);
#10831 = CIRCLE('',#10832,1.012758295379);
#10832 = AXIS2_PLACEMENT_3D('',#10833,#10834,#10835);
#10833 = CARTESIAN_POINT('',(-22.51149320469,-16.865,110.80011682433));
#10834 = DIRECTION('',(-1.232595164408E-32,-1.,2.2369221865E-16));
#10835 = DIRECTION('',(0.258823602096,-2.160698179935E-16,
    -0.965924605235));
#10836 = PCURVE('',#5759,#10837);
#10837 = DEFINITIONAL_REPRESENTATION('',(#10838),#10842);
#10838 = LINE('',#10839,#10840);
#10839 = CARTESIAN_POINT('',(-0.,3.14159265359));
#10840 = VECTOR('',#10841,1.);
#10841 = DIRECTION('',(-1.,0.));
#10842 = ( GEOMETRIC_REPRESENTATION_CONTEXT(2) 
PARAMETRIC_REPRESENTATION_CONTEXT() REPRESENTATION_CONTEXT('2D SPACE',''
  ) );
#10843 = PCURVE('',#8227,#10844);
#10844 = DEFINITIONAL_REPRESENTATION('',(#10845),#10849);
#10845 = LINE('',#10846,#10847);
#10846 = CARTESIAN_POINT('',(-4.974193085934,-35.465));
#10847 = VECTOR('',#10848,1.);
#10848 = DIRECTION('',(-1.,0.));
#10849 = ( GEOMETRIC_REPRESENTATION_CONTEXT(2) 
PARAMETRIC_REPRESENTATION_CONTEXT() REPRESENTATION_CONTEXT('2D SPACE',''
  ) );
#10850 = ORIENTED_EDGE('',*,*,#10641,.T.);
#10851 = ORIENTED_EDGE('',*,*,#5742,.F.);
#10852 = ADVANCED_FACE('',(#10853),#5932,.T.);
#10853 = FACE_BOUND('',#10854,.F.);
#10854 = EDGE_LOOP('',(#10855,#10877,#10878,#10879));
#10855 = ORIENTED_EDGE('',*,*,#10856,.T.);
#10856 = EDGE_CURVE('',#9339,#5889,#10857,.T.);
#10857 = SURFACE_CURVE('',#10858,(#10863,#10870),.PCURVE_S1.);
#10858 = CIRCLE('',#10859,1.);
#10859 = AXIS2_PLACEMENT_3D('',#10860,#10861,#10862);
#10860 = CARTESIAN_POINT('',(-26.67,-17.865,63.6676));
#10861 = DIRECTION('',(-1.,2.832769448824E-16,-6.290011731078E-32));
#10862 = DIRECTION('',(-2.832769448824E-16,-1.,2.22044604925E-16));
#10863 = PCURVE('',#5932,#10864);
#10864 = DEFINITIONAL_REPRESENTATION('',(#10865),#10869);
#10865 = LINE('',#10866,#10867);
#10866 = CARTESIAN_POINT('',(4.712388980385,-0.));
#10867 = VECTOR('',#10868,1.);
#10868 = DIRECTION('',(-1.,0.));
#10869 = ( GEOMETRIC_REPRESENTATION_CONTEXT(2) 
PARAMETRIC_REPRESENTATION_CONTEXT() REPRESENTATION_CONTEXT('2D SPACE',''
  ) );
#10870 = PCURVE('',#9378,#10871);
#10871 = DEFINITIONAL_REPRESENTATION('',(#10872),#10876);
#10872 = LINE('',#10873,#10874);
#10873 = CARTESIAN_POINT('',(1.570796326795,0.));
#10874 = VECTOR('',#10875,1.);
#10875 = DIRECTION('',(0.,1.));
#10876 = ( GEOMETRIC_REPRESENTATION_CONTEXT(2) 
PARAMETRIC_REPRESENTATION_CONTEXT() REPRESENTATION_CONTEXT('2D SPACE',''
  ) );
#10877 = ORIENTED_EDGE('',*,*,#5916,.T.);
#10878 = ORIENTED_EDGE('',*,*,#10696,.F.);
#10879 = ORIENTED_EDGE('',*,*,#9338,.F.);
#10880 = ADVANCED_FACE('',(#10881),#5787,.T.);
#10881 = FACE_BOUND('',#10882,.T.);
#10882 = EDGE_LOOP('',(#10883,#10912,#10913,#10941));
#10883 = ORIENTED_EDGE('',*,*,#10884,.T.);
#10884 = EDGE_CURVE('',#10885,#5772,#10887,.T.);
#10885 = VERTEX_POINT('',#10886);
#10886 = CARTESIAN_POINT('',(-23.,-16.865,80.767472843244));
#10887 = SURFACE_CURVE('',#10888,(#10893,#10900),.PCURVE_S1.);
#10888 = CIRCLE('',#10889,2.);
#10889 = AXIS2_PLACEMENT_3D('',#10890,#10891,#10892);
#10890 = CARTESIAN_POINT('',(-21.,-16.865,80.767472843244));
#10891 = DIRECTION('',(2.775557561563E-16,2.2369221865E-16,1.));
#10892 = DIRECTION('',(-1.,1.232595164408E-32,2.775557561563E-16));
#10893 = PCURVE('',#5787,#10894);
#10894 = DEFINITIONAL_REPRESENTATION('',(#10895),#10899);
#10895 = LINE('',#10896,#10897);
#10896 = CARTESIAN_POINT('',(0.,0.));
#10897 = VECTOR('',#10898,1.);
#10898 = DIRECTION('',(1.,0.));
#10899 = ( GEOMETRIC_REPRESENTATION_CONTEXT(2) 
PARAMETRIC_REPRESENTATION_CONTEXT() REPRESENTATION_CONTEXT('2D SPACE',''
  ) );
#10900 = PCURVE('',#10901,#10906);
#10901 = SPHERICAL_SURFACE('',#10902,2.);
#10902 = AXIS2_PLACEMENT_3D('',#10903,#10904,#10905);
#10903 = CARTESIAN_POINT('',(-21.,-16.865,80.767472843244));
#10904 = DIRECTION('',(0.,-1.,2.2369221865E-16));
#10905 = DIRECTION('',(-0.743294208785,-1.496421894717E-16,
    -0.668964662136));
#10906 = DEFINITIONAL_REPRESENTATION('',(#10907),#10911);
#10907 = LINE('',#10908,#10909);
#10908 = CARTESIAN_POINT('',(-0.732815008303,0.));
#10909 = VECTOR('',#10910,1.);
#10910 = DIRECTION('',(-0.,1.));
#10911 = ( GEOMETRIC_REPRESENTATION_CONTEXT(2) 
PARAMETRIC_REPRESENTATION_CONTEXT() REPRESENTATION_CONTEXT('2D SPACE',''
  ) );
#10912 = ORIENTED_EDGE('',*,*,#5771,.T.);
#10913 = ORIENTED_EDGE('',*,*,#10914,.F.);
#10914 = EDGE_CURVE('',#10915,#5743,#10917,.T.);
#10915 = VERTEX_POINT('',#10916);
#10916 = CARTESIAN_POINT('',(-23.,-16.865,108.84362051097));
#10917 = SURFACE_CURVE('',#10918,(#10925,#10931),.PCURVE_S1.);
#10918 = B_SPLINE_CURVE_WITH_KNOTS('',5,(#10919,#10920,#10921,#10922,
    #10923,#10924),.UNSPECIFIED.,.F.,.F.,(6,6),(0.,1.),
  .PIECEWISE_BEZIER_KNOTS.);
#10919 = CARTESIAN_POINT('',(-23.,-16.865,108.84362051097));
#10920 = CARTESIAN_POINT('',(-23.,-17.49331853071,108.71368658826));
#10921 = CARTESIAN_POINT('',(-22.7539699919,-18.12222328672,
    108.58375266556));
#10922 = CARTESIAN_POINT('',(-22.25722328672,-18.6189699919,
    108.45381874285));
#10923 = CARTESIAN_POINT('',(-21.62831853071,-18.865,108.32388482014));
#10924 = CARTESIAN_POINT('',(-21.,-18.865,108.19395089743));
#10925 = PCURVE('',#5787,#10926);
#10926 = DEFINITIONAL_REPRESENTATION('',(#10927),#10930);
#10927 = B_SPLINE_CURVE_WITH_KNOTS('',1,(#10928,#10929),.UNSPECIFIED.,
  .F.,.F.,(2,2),(0.,1.),.PIECEWISE_BEZIER_KNOTS.);
#10928 = CARTESIAN_POINT('',(4.440892098501E-14,28.076147667731));
#10929 = CARTESIAN_POINT('',(1.570796326795,27.426478054193));
#10930 = ( GEOMETRIC_REPRESENTATION_CONTEXT(2) 
PARAMETRIC_REPRESENTATION_CONTEXT() REPRESENTATION_CONTEXT('2D SPACE',''
  ) );
#10931 = PCURVE('',#10749,#10932);
#10932 = DEFINITIONAL_REPRESENTATION('',(#10933),#10940);
#10933 = B_SPLINE_CURVE_WITH_KNOTS('',5,(#10934,#10935,#10936,#10937,
    #10938,#10939),.UNSPECIFIED.,.F.,.F.,(6,6),(0.,1.),
  .PIECEWISE_BEZIER_KNOTS.);
#10934 = CARTESIAN_POINT('',(0.,0.));
#10935 = CARTESIAN_POINT('',(0.,0.2));
#10936 = CARTESIAN_POINT('',(0.,0.400032929747));
#10937 = CARTESIAN_POINT('',(0.,0.599967070253));
#10938 = CARTESIAN_POINT('',(0.,0.8));
#10939 = CARTESIAN_POINT('',(0.,1.));
#10940 = ( GEOMETRIC_REPRESENTATION_CONTEXT(2) 
PARAMETRIC_REPRESENTATION_CONTEXT() REPRESENTATION_CONTEXT('2D SPACE',''
  ) );
#10941 = ORIENTED_EDGE('',*,*,#10942,.F.);
#10942 = EDGE_CURVE('',#10885,#10915,#10943,.T.);
#10943 = SURFACE_CURVE('',#10944,(#10948,#10955),.PCURVE_S1.);
#10944 = LINE('',#10945,#10946);
#10945 = CARTESIAN_POINT('',(-23.,-16.865,80.767472843244));
#10946 = VECTOR('',#10947,1.);
#10947 = DIRECTION('',(0.,2.22044604925E-16,1.));
#10948 = PCURVE('',#5787,#10949);
#10949 = DEFINITIONAL_REPRESENTATION('',(#10950),#10954);
#10950 = LINE('',#10951,#10952);
#10951 = CARTESIAN_POINT('',(0.,0.));
#10952 = VECTOR('',#10953,1.);
#10953 = DIRECTION('',(0.,1.));
#10954 = ( GEOMETRIC_REPRESENTATION_CONTEXT(2) 
PARAMETRIC_REPRESENTATION_CONTEXT() REPRESENTATION_CONTEXT('2D SPACE',''
  ) );
#10955 = PCURVE('',#8169,#10956);
#10956 = DEFINITIONAL_REPRESENTATION('',(#10957),#10961);
#10957 = LINE('',#10958,#10959);
#10958 = CARTESIAN_POINT('',(2.054689751674E-14,-35.465));
#10959 = VECTOR('',#10960,1.);
#10960 = DIRECTION('',(1.,0.));
#10961 = ( GEOMETRIC_REPRESENTATION_CONTEXT(2) 
PARAMETRIC_REPRESENTATION_CONTEXT() REPRESENTATION_CONTEXT('2D SPACE',''
  ) );
#10962 = ADVANCED_FACE('',(#10963),#5904,.T.);
#10963 = FACE_BOUND('',#10964,.T.);
#10964 = EDGE_LOOP('',(#10965,#10966,#10988,#10989));
#10965 = ORIENTED_EDGE('',*,*,#9244,.F.);
#10966 = ORIENTED_EDGE('',*,*,#10967,.T.);
#10967 = EDGE_CURVE('',#9222,#5889,#10968,.T.);
#10968 = SURFACE_CURVE('',#10969,(#10974,#10981),.PCURVE_S1.);
#10969 = CIRCLE('',#10970,2.);
#10970 = AXIS2_PLACEMENT_3D('',#10971,#10972,#10973);
#10971 = CARTESIAN_POINT('',(-26.67,-16.865,63.6676));
#10972 = DIRECTION('',(0.,2.22044604925E-16,1.));
#10973 = DIRECTION('',(-1.,2.22044604925E-16,-4.930380657631E-32));
#10974 = PCURVE('',#5904,#10975);
#10975 = DEFINITIONAL_REPRESENTATION('',(#10976),#10980);
#10976 = LINE('',#10977,#10978);
#10977 = CARTESIAN_POINT('',(0.,1.));
#10978 = VECTOR('',#10979,1.);
#10979 = DIRECTION('',(1.,0.));
#10980 = ( GEOMETRIC_REPRESENTATION_CONTEXT(2) 
PARAMETRIC_REPRESENTATION_CONTEXT() REPRESENTATION_CONTEXT('2D SPACE',''
  ) );
#10981 = PCURVE('',#9378,#10982);
#10982 = DEFINITIONAL_REPRESENTATION('',(#10983),#10987);
#10983 = LINE('',#10984,#10985);
#10984 = CARTESIAN_POINT('',(0.,6.28318530718));
#10985 = VECTOR('',#10986,1.);
#10986 = DIRECTION('',(1.,0.));
#10987 = ( GEOMETRIC_REPRESENTATION_CONTEXT(2) 
PARAMETRIC_REPRESENTATION_CONTEXT() REPRESENTATION_CONTEXT('2D SPACE',''
  ) );
#10988 = ORIENTED_EDGE('',*,*,#5888,.T.);
#10989 = ORIENTED_EDGE('',*,*,#10990,.F.);
#10990 = EDGE_CURVE('',#9086,#5856,#10991,.T.);
#10991 = SURFACE_CURVE('',#10992,(#10997,#11004),.PCURVE_S1.);
#10992 = CIRCLE('',#10993,2.);
#10993 = AXIS2_PLACEMENT_3D('',#10994,#10995,#10996);
#10994 = CARTESIAN_POINT('',(-26.67,-16.865,65.8876));
#10995 = DIRECTION('',(0.,2.22044604925E-16,1.));
#10996 = DIRECTION('',(-1.,0.,0.));
#10997 = PCURVE('',#5904,#10998);
#10998 = DEFINITIONAL_REPRESENTATION('',(#10999),#11003);
#10999 = LINE('',#11000,#11001);
#11000 = CARTESIAN_POINT('',(0.,3.22));
#11001 = VECTOR('',#11002,1.);
#11002 = DIRECTION('',(1.,0.));
#11003 = ( GEOMETRIC_REPRESENTATION_CONTEXT(2) 
PARAMETRIC_REPRESENTATION_CONTEXT() REPRESENTATION_CONTEXT('2D SPACE',''
  ) );
#11004 = PCURVE('',#5876,#11005);
#11005 = DEFINITIONAL_REPRESENTATION('',(#11006),#11010);
#11006 = LINE('',#11007,#11008);
#11007 = CARTESIAN_POINT('',(-7.735178460313E-16,0.));
#11008 = VECTOR('',#11009,1.);
#11009 = DIRECTION('',(-0.,1.));
#11010 = ( GEOMETRIC_REPRESENTATION_CONTEXT(2) 
PARAMETRIC_REPRESENTATION_CONTEXT() REPRESENTATION_CONTEXT('2D SPACE',''
  ) );
#11011 = ADVANCED_FACE('',(#11012),#5815,.T.);
#11012 = FACE_BOUND('',#11013,.T.);
#11013 = EDGE_LOOP('',(#11014,#11047,#11048,#11072));
#11014 = ORIENTED_EDGE('',*,*,#11015,.T.);
#11015 = EDGE_CURVE('',#8902,#5800,#11016,.T.);
#11016 = SURFACE_CURVE('',#11017,(#11022,#11034),.PCURVE_S1.);
#11017 = ELLIPSE('',#11018,2.649768853477,2.);
#11018 = AXIS2_PLACEMENT_3D('',#11019,#11020,#11021);
#11019 = CARTESIAN_POINT('',(-17.94696843398,-16.865,77.375214909907));
#11020 = DIRECTION('',(-1.734078456436E-02,2.220112176967E-16,
    0.999849637291));
#11021 = DIRECTION('',(-0.999849637291,-3.850427657683E-18,
    -1.734078456436E-02));
#11022 = PCURVE('',#5815,#11023);
#11023 = DEFINITIONAL_REPRESENTATION('',(#11024),#11033);
#11024 = B_SPLINE_CURVE_WITH_KNOTS('',7,(#11025,#11026,#11027,#11028,
    #11029,#11030,#11031,#11032),.UNSPECIFIED.,.F.,.F.,(8,8),(0.,
    1.570796326795),.PIECEWISE_BEZIER_KNOTS.);
#11025 = CARTESIAN_POINT('',(0.,-1.42108547152E-14));
#11026 = CARTESIAN_POINT('',(0.224399475256,-2.041934660123E-14));
#11027 = CARTESIAN_POINT('',(0.448798988794,-0.102115895273));
#11028 = CARTESIAN_POINT('',(0.673198409464,-0.306332730511));
#11029 = CARTESIAN_POINT('',(0.89759784358,-0.60011262904));
#11030 = CARTESIAN_POINT('',(1.121997411052,-0.958089094883));
#11031 = CARTESIAN_POINT('',(1.346396851538,-1.348134494636));
#11032 = CARTESIAN_POINT('',(1.570796326795,-1.738181514359));
#11033 = ( GEOMETRIC_REPRESENTATION_CONTEXT(2) 
PARAMETRIC_REPRESENTATION_CONTEXT() REPRESENTATION_CONTEXT('2D SPACE',''
  ) );
#11034 = PCURVE('',#5843,#11035);
#11035 = DEFINITIONAL_REPRESENTATION('',(#11036),#11046);
#11036 = B_SPLINE_CURVE_WITH_KNOTS('',8,(#11037,#11038,#11039,#11040,
    #11041,#11042,#11043,#11044,#11045),.UNSPECIFIED.,.F.,.F.,(9,9),(0.,
    1.570796326795),.PIECEWISE_BEZIER_KNOTS.);
#11037 = CARTESIAN_POINT('',(0.,10.740535832545));
#11038 = CARTESIAN_POINT('',(0.196349540849,10.740535832545));
#11039 = CARTESIAN_POINT('',(0.392699081699,10.817121458873));
#11040 = CARTESIAN_POINT('',(0.589048622549,10.970292060876));
#11041 = CARTESIAN_POINT('',(0.785398163397,11.19375145236));
#11042 = CARTESIAN_POINT('',(0.981747704246,11.474894471925));
#11043 = CARTESIAN_POINT('',(1.178097245096,11.796134981361));
#11044 = CARTESIAN_POINT('',(1.374446785946,12.137426204646));
#11045 = CARTESIAN_POINT('',(1.570796326795,12.478717346903));
#11046 = ( GEOMETRIC_REPRESENTATION_CONTEXT(2) 
PARAMETRIC_REPRESENTATION_CONTEXT() REPRESENTATION_CONTEXT('2D SPACE',''
  ) );
#11047 = ORIENTED_EDGE('',*,*,#5799,.T.);
#11048 = ORIENTED_EDGE('',*,*,#11049,.F.);
#11049 = EDGE_CURVE('',#11050,#5772,#11052,.T.);
#11050 = VERTEX_POINT('',#11051);
#11051 = CARTESIAN_POINT('',(-22.48658841756,-16.865,79.429543518971));
#11052 = SURFACE_CURVE('',#11053,(#11058,#11065),.PCURVE_S1.);
#11053 = CIRCLE('',#11054,2.);
#11054 = AXIS2_PLACEMENT_3D('',#11055,#11056,#11057);
#11055 = CARTESIAN_POINT('',(-21.,-16.865,80.767472843244));
#11056 = DIRECTION('',(-0.668964662136,1.650444689326E-16,0.743294208785
    ));
#11057 = DIRECTION('',(-0.743294208785,-1.485399941129E-16,
    -0.668964662136));
#11058 = PCURVE('',#5815,#11059);
#11059 = DEFINITIONAL_REPRESENTATION('',(#11060),#11064);
#11060 = LINE('',#11061,#11062);
#11061 = CARTESIAN_POINT('',(0.,2.825634392244));
#11062 = VECTOR('',#11063,1.);
#11063 = DIRECTION('',(1.,0.));
#11064 = ( GEOMETRIC_REPRESENTATION_CONTEXT(2) 
PARAMETRIC_REPRESENTATION_CONTEXT() REPRESENTATION_CONTEXT('2D SPACE',''
  ) );
#11065 = PCURVE('',#10901,#11066);
#11066 = DEFINITIONAL_REPRESENTATION('',(#11067),#11071);
#11067 = LINE('',#11068,#11069);
#11068 = CARTESIAN_POINT('',(-0.,0.));
#11069 = VECTOR('',#11070,1.);
#11070 = DIRECTION('',(-0.,1.));
#11071 = ( GEOMETRIC_REPRESENTATION_CONTEXT(2) 
PARAMETRIC_REPRESENTATION_CONTEXT() REPRESENTATION_CONTEXT('2D SPACE',''
  ) );
#11072 = ORIENTED_EDGE('',*,*,#11073,.F.);
#11073 = EDGE_CURVE('',#8902,#11050,#11074,.T.);
#11074 = SURFACE_CURVE('',#11075,(#11079,#11086),.PCURVE_S1.);
#11075 = LINE('',#11076,#11077);
#11076 = CARTESIAN_POINT('',(-20.59633886104,-16.865,77.329265839074));
#11077 = VECTOR('',#11078,1.);
#11078 = DIRECTION('',(-0.668964662136,1.650444689326E-16,0.743294208785
    ));
#11079 = PCURVE('',#5815,#11080);
#11080 = DEFINITIONAL_REPRESENTATION('',(#11081),#11085);
#11081 = LINE('',#11082,#11083);
#11082 = CARTESIAN_POINT('',(0.,0.));
#11083 = VECTOR('',#11084,1.);
#11084 = DIRECTION('',(0.,1.));
#11085 = ( GEOMETRIC_REPRESENTATION_CONTEXT(2) 
PARAMETRIC_REPRESENTATION_CONTEXT() REPRESENTATION_CONTEXT('2D SPACE',''
  ) );
#11086 = PCURVE('',#8089,#11087);
#11087 = DEFINITIONAL_REPRESENTATION('',(#11088),#11092);
#11088 = LINE('',#11089,#11090);
#11089 = CARTESIAN_POINT('',(3.133706426803,-35.465));
#11090 = VECTOR('',#11091,1.);
#11091 = DIRECTION('',(1.,0.));
#11092 = ( GEOMETRIC_REPRESENTATION_CONTEXT(2) 
PARAMETRIC_REPRESENTATION_CONTEXT() REPRESENTATION_CONTEXT('2D SPACE',''
  ) );
#11093 = ADVANCED_FACE('',(#11094),#5876,.T.);
#11094 = FACE_BOUND('',#11095,.F.);
#11095 = EDGE_LOOP('',(#11096,#11097,#11098,#11120));
#11096 = ORIENTED_EDGE('',*,*,#10990,.F.);
#11097 = ORIENTED_EDGE('',*,*,#9108,.T.);
#11098 = ORIENTED_EDGE('',*,*,#11099,.T.);
#11099 = EDGE_CURVE('',#8950,#5828,#11100,.T.);
#11100 = SURFACE_CURVE('',#11101,(#11106,#11113),.PCURVE_S1.);
#11101 = CIRCLE('',#11102,2.);
#11102 = AXIS2_PLACEMENT_3D('',#11103,#11104,#11105);
#11103 = CARTESIAN_POINT('',(-25.96813332935,-16.865,67.81596282906));
#11104 = DIRECTION('',(0.642787609687,1.713581810658E-16,0.766044443119)
  );
#11105 = DIRECTION('',(-0.766044443119,1.437865865315E-16,0.642787609687
    ));
#11106 = PCURVE('',#5876,#11107);
#11107 = DEFINITIONAL_REPRESENTATION('',(#11108),#11112);
#11108 = LINE('',#11109,#11110);
#11109 = CARTESIAN_POINT('',(-0.698131700798,0.));
#11110 = VECTOR('',#11111,1.);
#11111 = DIRECTION('',(-0.,1.));
#11112 = ( GEOMETRIC_REPRESENTATION_CONTEXT(2) 
PARAMETRIC_REPRESENTATION_CONTEXT() REPRESENTATION_CONTEXT('2D SPACE',''
  ) );
#11113 = PCURVE('',#5843,#11114);
#11114 = DEFINITIONAL_REPRESENTATION('',(#11115),#11119);
#11115 = LINE('',#11116,#11117);
#11116 = CARTESIAN_POINT('',(0.,0.));
#11117 = VECTOR('',#11118,1.);
#11118 = DIRECTION('',(1.,0.));
#11119 = ( GEOMETRIC_REPRESENTATION_CONTEXT(2) 
PARAMETRIC_REPRESENTATION_CONTEXT() REPRESENTATION_CONTEXT('2D SPACE',''
  ) );
#11120 = ORIENTED_EDGE('',*,*,#5855,.F.);
#11121 = ADVANCED_FACE('',(#11122),#5843,.T.);
#11122 = FACE_BOUND('',#11123,.T.);
#11123 = EDGE_LOOP('',(#11124,#11125,#11126,#11127));
#11124 = ORIENTED_EDGE('',*,*,#11099,.T.);
#11125 = ORIENTED_EDGE('',*,*,#5827,.T.);
#11126 = ORIENTED_EDGE('',*,*,#11015,.F.);
#11127 = ORIENTED_EDGE('',*,*,#8972,.F.);
#11128 = ADVANCED_FACE('',(#11129),#6415,.F.);
#11129 = FACE_BOUND('',#11130,.F.);
#11130 = EDGE_LOOP('',(#11131,#11152,#11153,#11154));
#11131 = ORIENTED_EDGE('',*,*,#11132,.F.);
#11132 = EDGE_CURVE('',#6898,#6398,#11133,.T.);
#11133 = SURFACE_CURVE('',#11134,(#11138,#11145),.PCURVE_S1.);
#11134 = LINE('',#11135,#11136);
#11135 = CARTESIAN_POINT('',(23.8,-14.6,72.4876));
#11136 = VECTOR('',#11137,1.);
#11137 = DIRECTION('',(0.,1.,0.));
#11138 = PCURVE('',#6415,#11139);
#11139 = DEFINITIONAL_REPRESENTATION('',(#11140),#11144);
#11140 = LINE('',#11141,#11142);
#11141 = CARTESIAN_POINT('',(8.125,2.76625));
#11142 = VECTOR('',#11143,1.);
#11143 = DIRECTION('',(0.,-1.));
#11144 = ( GEOMETRIC_REPRESENTATION_CONTEXT(2) 
PARAMETRIC_REPRESENTATION_CONTEXT() REPRESENTATION_CONTEXT('2D SPACE',''
  ) );
#11145 = PCURVE('',#6443,#11146);
#11146 = DEFINITIONAL_REPRESENTATION('',(#11147),#11151);
#11147 = LINE('',#11148,#11149);
#11148 = CARTESIAN_POINT('',(0.,0.));
#11149 = VECTOR('',#11150,1.);
#11150 = DIRECTION('',(1.,0.));
#11151 = ( GEOMETRIC_REPRESENTATION_CONTEXT(2) 
PARAMETRIC_REPRESENTATION_CONTEXT() REPRESENTATION_CONTEXT('2D SPACE',''
  ) );
#11152 = ORIENTED_EDGE('',*,*,#6920,.F.);
#11153 = ORIENTED_EDGE('',*,*,#7346,.T.);
#11154 = ORIENTED_EDGE('',*,*,#6397,.F.);
#11155 = ADVANCED_FACE('',(#11156),#6471,.F.);
#11156 = FACE_BOUND('',#11157,.F.);
#11157 = EDGE_LOOP('',(#11158,#11159,#11182,#11210,#11238,#11266,#11294,
    #11322,#11345,#11368,#11391,#11412,#11413,#11414));
#11158 = ORIENTED_EDGE('',*,*,#7259,.F.);
#11159 = ORIENTED_EDGE('',*,*,#11160,.T.);
#11160 = EDGE_CURVE('',#7260,#11161,#11163,.T.);
#11161 = VERTEX_POINT('',#11162);
#11162 = CARTESIAN_POINT('',(5.3,-6.,95.613804003998));
#11163 = SURFACE_CURVE('',#11164,(#11168,#11175),.PCURVE_S1.);
#11164 = LINE('',#11165,#11166);
#11165 = CARTESIAN_POINT('',(5.3,-6.,0.));
#11166 = VECTOR('',#11167,1.);
#11167 = DIRECTION('',(0.,0.,1.));
#11168 = PCURVE('',#6471,#11169);
#11169 = DEFINITIONAL_REPRESENTATION('',(#11170),#11174);
#11170 = LINE('',#11171,#11172);
#11171 = CARTESIAN_POINT('',(0.,0.));
#11172 = VECTOR('',#11173,1.);
#11173 = DIRECTION('',(0.,-1.));
#11174 = ( GEOMETRIC_REPRESENTATION_CONTEXT(2) 
PARAMETRIC_REPRESENTATION_CONTEXT() REPRESENTATION_CONTEXT('2D SPACE',''
  ) );
#11175 = PCURVE('',#7303,#11176);
#11176 = DEFINITIONAL_REPRESENTATION('',(#11177),#11181);
#11177 = LINE('',#11178,#11179);
#11178 = CARTESIAN_POINT('',(-0.,0.));
#11179 = VECTOR('',#11180,1.);
#11180 = DIRECTION('',(-0.,-1.));
#11181 = ( GEOMETRIC_REPRESENTATION_CONTEXT(2) 
PARAMETRIC_REPRESENTATION_CONTEXT() REPRESENTATION_CONTEXT('2D SPACE',''
  ) );
#11182 = ORIENTED_EDGE('',*,*,#11183,.F.);
#11183 = EDGE_CURVE('',#11184,#11161,#11186,.T.);
#11184 = VERTEX_POINT('',#11185);
#11185 = CARTESIAN_POINT('',(5.3,-7.3,94.863248654052));
#11186 = SURFACE_CURVE('',#11187,(#11191,#11198),.PCURVE_S1.);
#11187 = LINE('',#11188,#11189);
#11188 = CARTESIAN_POINT('',(5.3,-27.35099580497,83.28680082854));
#11189 = VECTOR('',#11190,1.);
#11190 = DIRECTION('',(0.,0.866025403785,0.5));
#11191 = PCURVE('',#6471,#11192);
#11192 = DEFINITIONAL_REPRESENTATION('',(#11193),#11197);
#11193 = LINE('',#11194,#11195);
#11194 = CARTESIAN_POINT('',(21.350995804974,-83.28680082854));
#11195 = VECTOR('',#11196,1.);
#11196 = DIRECTION('',(-0.866025403785,-0.5));
#11197 = ( GEOMETRIC_REPRESENTATION_CONTEXT(2) 
PARAMETRIC_REPRESENTATION_CONTEXT() REPRESENTATION_CONTEXT('2D SPACE',''
  ) );
#11198 = PCURVE('',#11199,#11204);
#11199 = PLANE('',#11200);
#11200 = AXIS2_PLACEMENT_3D('',#11201,#11202,#11203);
#11201 = CARTESIAN_POINT('',(164.398961939,-7.3,94.863248654052));
#11202 = DIRECTION('',(0.,0.5,-0.866025403785));
#11203 = DIRECTION('',(0.,0.866025403785,0.5));
#11204 = DEFINITIONAL_REPRESENTATION('',(#11205),#11209);
#11205 = LINE('',#11206,#11207);
#11206 = CARTESIAN_POINT('',(-23.15289565103,-159.098961939));
#11207 = VECTOR('',#11208,1.);
#11208 = DIRECTION('',(1.,0.));
#11209 = ( GEOMETRIC_REPRESENTATION_CONTEXT(2) 
PARAMETRIC_REPRESENTATION_CONTEXT() REPRESENTATION_CONTEXT('2D SPACE',''
  ) );
#11210 = ORIENTED_EDGE('',*,*,#11211,.F.);
#11211 = EDGE_CURVE('',#11212,#11184,#11214,.T.);
#11212 = VERTEX_POINT('',#11213);
#11213 = CARTESIAN_POINT('',(5.3,-9.8,96.306624327026));
#11214 = SURFACE_CURVE('',#11215,(#11219,#11226),.PCURVE_S1.);
#11215 = LINE('',#11216,#11217);
#11216 = CARTESIAN_POINT('',(5.3,12.475995804981,83.445572152555));
#11217 = VECTOR('',#11218,1.);
#11218 = DIRECTION('',(0.,0.866025403784,-0.5));
#11219 = PCURVE('',#6471,#11220);
#11220 = DEFINITIONAL_REPRESENTATION('',(#11221),#11225);
#11221 = LINE('',#11222,#11223);
#11222 = CARTESIAN_POINT('',(-18.47599580498,-83.44557215255));
#11223 = VECTOR('',#11224,1.);
#11224 = DIRECTION('',(-0.866025403784,0.5));
#11225 = ( GEOMETRIC_REPRESENTATION_CONTEXT(2) 
PARAMETRIC_REPRESENTATION_CONTEXT() REPRESENTATION_CONTEXT('2D SPACE',''
  ) );
#11226 = PCURVE('',#11227,#11232);
#11227 = PLANE('',#11228);
#11228 = AXIS2_PLACEMENT_3D('',#11229,#11230,#11231);
#11229 = CARTESIAN_POINT('',(164.398961939,-9.8,96.306624327026));
#11230 = DIRECTION('',(0.,-0.5,-0.866025403784));
#11231 = DIRECTION('',(0.,0.866025403784,-0.5));
#11232 = DEFINITIONAL_REPRESENTATION('',(#11233),#11237);
#11233 = LINE('',#11234,#11235);
#11234 = CARTESIAN_POINT('',(25.722104348945,-159.098961939));
#11235 = VECTOR('',#11236,1.);
#11236 = DIRECTION('',(1.,0.));
#11237 = ( GEOMETRIC_REPRESENTATION_CONTEXT(2) 
PARAMETRIC_REPRESENTATION_CONTEXT() REPRESENTATION_CONTEXT('2D SPACE',''
  ) );
#11238 = ORIENTED_EDGE('',*,*,#11239,.F.);
#11239 = EDGE_CURVE('',#11240,#11212,#11242,.T.);
#11240 = VERTEX_POINT('',#11241);
#11241 = CARTESIAN_POINT('',(5.3,-9.8,99.193375672974));
#11242 = SURFACE_CURVE('',#11243,(#11247,#11254),.PCURVE_S1.);
#11243 = LINE('',#11244,#11245);
#11244 = CARTESIAN_POINT('',(5.3,-9.800000000004,49.596687836487));
#11245 = VECTOR('',#11246,1.);
#11246 = DIRECTION('',(0.,-7.999524775356E-14,-1.));
#11247 = PCURVE('',#6471,#11248);
#11248 = DEFINITIONAL_REPRESENTATION('',(#11249),#11253);
#11249 = LINE('',#11250,#11251);
#11250 = CARTESIAN_POINT('',(3.800000000004,-49.59668783648));
#11251 = VECTOR('',#11252,1.);
#11252 = DIRECTION('',(7.999524775356E-14,1.));
#11253 = ( GEOMETRIC_REPRESENTATION_CONTEXT(2) 
PARAMETRIC_REPRESENTATION_CONTEXT() REPRESENTATION_CONTEXT('2D SPACE',''
  ) );
#11254 = PCURVE('',#11255,#11260);
#11255 = PLANE('',#11256);
#11256 = AXIS2_PLACEMENT_3D('',#11257,#11258,#11259);
#11257 = CARTESIAN_POINT('',(164.398961939,-9.8,99.193375672974));
#11258 = DIRECTION('',(0.,-1.,7.999524775356E-14));
#11259 = DIRECTION('',(0.,-7.999524775356E-14,-1.));
#11260 = DEFINITIONAL_REPRESENTATION('',(#11261),#11265);
#11261 = LINE('',#11262,#11263);
#11262 = CARTESIAN_POINT('',(49.596687836487,-159.098961939));
#11263 = VECTOR('',#11264,1.);
#11264 = DIRECTION('',(1.,0.));
#11265 = ( GEOMETRIC_REPRESENTATION_CONTEXT(2) 
PARAMETRIC_REPRESENTATION_CONTEXT() REPRESENTATION_CONTEXT('2D SPACE',''
  ) );
#11266 = ORIENTED_EDGE('',*,*,#11267,.F.);
#11267 = EDGE_CURVE('',#11268,#11240,#11270,.T.);
#11268 = VERTEX_POINT('',#11269);
#11269 = CARTESIAN_POINT('',(5.3,-7.3,100.63675134594));
#11270 = SURFACE_CURVE('',#11271,(#11275,#11282),.PCURVE_S1.);
#11271 = LINE('',#11272,#11273);
#11272 = CARTESIAN_POINT('',(5.3,-28.60099580498,88.338615683936));
#11273 = VECTOR('',#11274,1.);
#11274 = DIRECTION('',(0.,-0.866025403784,-0.5));
#11275 = PCURVE('',#6471,#11276);
#11276 = DEFINITIONAL_REPRESENTATION('',(#11277),#11281);
#11277 = LINE('',#11278,#11279);
#11278 = CARTESIAN_POINT('',(22.600995804981,-88.33861568393));
#11279 = VECTOR('',#11280,1.);
#11280 = DIRECTION('',(0.866025403784,0.5));
#11281 = ( GEOMETRIC_REPRESENTATION_CONTEXT(2) 
PARAMETRIC_REPRESENTATION_CONTEXT() REPRESENTATION_CONTEXT('2D SPACE',''
  ) );
#11282 = PCURVE('',#11283,#11288);
#11283 = PLANE('',#11284);
#11284 = AXIS2_PLACEMENT_3D('',#11285,#11286,#11287);
#11285 = CARTESIAN_POINT('',(164.398961939,-7.3,100.63675134594));
#11286 = DIRECTION('',(0.,-0.5,0.866025403784));
#11287 = DIRECTION('',(0.,-0.866025403784,-0.5));
#11288 = DEFINITIONAL_REPRESENTATION('',(#11289),#11293);
#11289 = LINE('',#11290,#11291);
#11290 = CARTESIAN_POINT('',(24.596271324025,-159.098961939));
#11291 = VECTOR('',#11292,1.);
#11292 = DIRECTION('',(1.,0.));
#11293 = ( GEOMETRIC_REPRESENTATION_CONTEXT(2) 
PARAMETRIC_REPRESENTATION_CONTEXT() REPRESENTATION_CONTEXT('2D SPACE',''
  ) );
#11294 = ORIENTED_EDGE('',*,*,#11295,.F.);
#11295 = EDGE_CURVE('',#11296,#11268,#11298,.T.);
#11296 = VERTEX_POINT('',#11297);
#11297 = CARTESIAN_POINT('',(5.3,-6.,99.886195996002));
#11298 = SURFACE_CURVE('',#11299,(#11303,#11310),.PCURVE_S1.);
#11299 = LINE('',#11300,#11301);
#11300 = CARTESIAN_POINT('',(5.3,16.225995804982,87.054011334989));
#11301 = VECTOR('',#11302,1.);
#11302 = DIRECTION('',(0.,-0.866025403784,0.5));
#11303 = PCURVE('',#6471,#11304);
#11304 = DEFINITIONAL_REPRESENTATION('',(#11305),#11309);
#11305 = LINE('',#11306,#11307);
#11306 = CARTESIAN_POINT('',(-22.22599580498,-87.05401133498));
#11307 = VECTOR('',#11308,1.);
#11308 = DIRECTION('',(0.866025403784,-0.5));
#11309 = ( GEOMETRIC_REPRESENTATION_CONTEXT(2) 
PARAMETRIC_REPRESENTATION_CONTEXT() REPRESENTATION_CONTEXT('2D SPACE',''
  ) );
#11310 = PCURVE('',#11311,#11316);
#11311 = PLANE('',#11312);
#11312 = AXIS2_PLACEMENT_3D('',#11313,#11314,#11315);
#11313 = CARTESIAN_POINT('',(164.398961939,-4.8,99.193375672974));
#11314 = DIRECTION('',(0.,0.5,0.866025403784));
#11315 = DIRECTION('',(0.,-0.866025403784,0.5));
#11316 = DEFINITIONAL_REPRESENTATION('',(#11317),#11321);
#11317 = LINE('',#11318,#11319);
#11318 = CARTESIAN_POINT('',(-24.27872867597,-159.098961939));
#11319 = VECTOR('',#11320,1.);
#11320 = DIRECTION('',(1.,0.));
#11321 = ( GEOMETRIC_REPRESENTATION_CONTEXT(2) 
PARAMETRIC_REPRESENTATION_CONTEXT() REPRESENTATION_CONTEXT('2D SPACE',''
  ) );
#11322 = ORIENTED_EDGE('',*,*,#11323,.T.);
#11323 = EDGE_CURVE('',#11296,#11324,#11326,.T.);
#11324 = VERTEX_POINT('',#11325);
#11325 = CARTESIAN_POINT('',(5.3,-6.,111.0876));
#11326 = SURFACE_CURVE('',#11327,(#11331,#11338),.PCURVE_S1.);
#11327 = LINE('',#11328,#11329);
#11328 = CARTESIAN_POINT('',(5.3,-6.,0.));
#11329 = VECTOR('',#11330,1.);
#11330 = DIRECTION('',(0.,0.,1.));
#11331 = PCURVE('',#6471,#11332);
#11332 = DEFINITIONAL_REPRESENTATION('',(#11333),#11337);
#11333 = LINE('',#11334,#11335);
#11334 = CARTESIAN_POINT('',(0.,0.));
#11335 = VECTOR('',#11336,1.);
#11336 = DIRECTION('',(0.,-1.));
#11337 = ( GEOMETRIC_REPRESENTATION_CONTEXT(2) 
PARAMETRIC_REPRESENTATION_CONTEXT() REPRESENTATION_CONTEXT('2D SPACE',''
  ) );
#11338 = PCURVE('',#7303,#11339);
#11339 = DEFINITIONAL_REPRESENTATION('',(#11340),#11344);
#11340 = LINE('',#11341,#11342);
#11341 = CARTESIAN_POINT('',(-0.,0.));
#11342 = VECTOR('',#11343,1.);
#11343 = DIRECTION('',(-0.,-1.));
#11344 = ( GEOMETRIC_REPRESENTATION_CONTEXT(2) 
PARAMETRIC_REPRESENTATION_CONTEXT() REPRESENTATION_CONTEXT('2D SPACE',''
  ) );
#11345 = ORIENTED_EDGE('',*,*,#11346,.T.);
#11346 = EDGE_CURVE('',#11324,#11347,#11349,.T.);
#11347 = VERTEX_POINT('',#11348);
#11348 = CARTESIAN_POINT('',(5.3,-12.6,111.0876));
#11349 = SURFACE_CURVE('',#11350,(#11354,#11361),.PCURVE_S1.);
#11350 = LINE('',#11351,#11352);
#11351 = CARTESIAN_POINT('',(5.3,-6.,111.0876));
#11352 = VECTOR('',#11353,1.);
#11353 = DIRECTION('',(0.,-1.,0.));
#11354 = PCURVE('',#6471,#11355);
#11355 = DEFINITIONAL_REPRESENTATION('',(#11356),#11360);
#11356 = LINE('',#11357,#11358);
#11357 = CARTESIAN_POINT('',(0.,-111.0876));
#11358 = VECTOR('',#11359,1.);
#11359 = DIRECTION('',(1.,0.));
#11360 = ( GEOMETRIC_REPRESENTATION_CONTEXT(2) 
PARAMETRIC_REPRESENTATION_CONTEXT() REPRESENTATION_CONTEXT('2D SPACE',''
  ) );
#11361 = PCURVE('',#6857,#11362);
#11362 = DEFINITIONAL_REPRESENTATION('',(#11363),#11367);
#11363 = LINE('',#11364,#11365);
#11364 = CARTESIAN_POINT('',(5.3,3.3));
#11365 = VECTOR('',#11366,1.);
#11366 = DIRECTION('',(0.,-1.));
#11367 = ( GEOMETRIC_REPRESENTATION_CONTEXT(2) 
PARAMETRIC_REPRESENTATION_CONTEXT() REPRESENTATION_CONTEXT('2D SPACE',''
  ) );
#11368 = ORIENTED_EDGE('',*,*,#11369,.F.);
#11369 = EDGE_CURVE('',#11370,#11347,#11372,.T.);
#11370 = VERTEX_POINT('',#11371);
#11371 = CARTESIAN_POINT('',(5.3,-12.6,72.4876));
#11372 = SURFACE_CURVE('',#11373,(#11377,#11384),.PCURVE_S1.);
#11373 = LINE('',#11374,#11375);
#11374 = CARTESIAN_POINT('',(5.3,-12.6,0.));
#11375 = VECTOR('',#11376,1.);
#11376 = DIRECTION('',(0.,0.,1.));
#11377 = PCURVE('',#6471,#11378);
#11378 = DEFINITIONAL_REPRESENTATION('',(#11379),#11383);
#11379 = LINE('',#11380,#11381);
#11380 = CARTESIAN_POINT('',(6.6,0.));
#11381 = VECTOR('',#11382,1.);
#11382 = DIRECTION('',(0.,-1.));
#11383 = ( GEOMETRIC_REPRESENTATION_CONTEXT(2) 
PARAMETRIC_REPRESENTATION_CONTEXT() REPRESENTATION_CONTEXT('2D SPACE',''
  ) );
#11384 = PCURVE('',#6885,#11385);
#11385 = DEFINITIONAL_REPRESENTATION('',(#11386),#11390);
#11386 = LINE('',#11387,#11388);
#11387 = CARTESIAN_POINT('',(-6.28318530718,0.));
#11388 = VECTOR('',#11389,1.);
#11389 = DIRECTION('',(-0.,-1.));
#11390 = ( GEOMETRIC_REPRESENTATION_CONTEXT(2) 
PARAMETRIC_REPRESENTATION_CONTEXT() REPRESENTATION_CONTEXT('2D SPACE',''
  ) );
#11391 = ORIENTED_EDGE('',*,*,#11392,.T.);
#11392 = EDGE_CURVE('',#11370,#6428,#11393,.T.);
#11393 = SURFACE_CURVE('',#11394,(#11398,#11405),.PCURVE_S1.);
#11394 = LINE('',#11395,#11396);
#11395 = CARTESIAN_POINT('',(5.3,-10.3,72.4876));
#11396 = VECTOR('',#11397,1.);
#11397 = DIRECTION('',(0.,1.,0.));
#11398 = PCURVE('',#6471,#11399);
#11399 = DEFINITIONAL_REPRESENTATION('',(#11400),#11404);
#11400 = LINE('',#11401,#11402);
#11401 = CARTESIAN_POINT('',(4.3,-72.4876));
#11402 = VECTOR('',#11403,1.);
#11403 = DIRECTION('',(-1.,0.));
#11404 = ( GEOMETRIC_REPRESENTATION_CONTEXT(2) 
PARAMETRIC_REPRESENTATION_CONTEXT() REPRESENTATION_CONTEXT('2D SPACE',''
  ) );
#11405 = PCURVE('',#6443,#11406);
#11406 = DEFINITIONAL_REPRESENTATION('',(#11407),#11411);
#11407 = LINE('',#11408,#11409);
#11408 = CARTESIAN_POINT('',(4.3,-18.5));
#11409 = VECTOR('',#11410,1.);
#11410 = DIRECTION('',(1.,0.));
#11411 = ( GEOMETRIC_REPRESENTATION_CONTEXT(2) 
PARAMETRIC_REPRESENTATION_CONTEXT() REPRESENTATION_CONTEXT('2D SPACE',''
  ) );
#11412 = ORIENTED_EDGE('',*,*,#6455,.T.);
#11413 = ORIENTED_EDGE('',*,*,#6533,.T.);
#11414 = ORIENTED_EDGE('',*,*,#11415,.F.);
#11415 = EDGE_CURVE('',#7232,#6534,#11416,.T.);
#11416 = SURFACE_CURVE('',#11417,(#11421,#11428),.PCURVE_S1.);
#11417 = LINE('',#11418,#11419);
#11418 = CARTESIAN_POINT('',(5.3,-12.6,0.));
#11419 = VECTOR('',#11420,1.);
#11420 = DIRECTION('',(0.,0.,1.));
#11421 = PCURVE('',#6471,#11422);
#11422 = DEFINITIONAL_REPRESENTATION('',(#11423),#11427);
#11423 = LINE('',#11424,#11425);
#11424 = CARTESIAN_POINT('',(6.6,0.));
#11425 = VECTOR('',#11426,1.);
#11426 = DIRECTION('',(0.,-1.));
#11427 = ( GEOMETRIC_REPRESENTATION_CONTEXT(2) 
PARAMETRIC_REPRESENTATION_CONTEXT() REPRESENTATION_CONTEXT('2D SPACE',''
  ) );
#11428 = PCURVE('',#6577,#11429);
#11429 = DEFINITIONAL_REPRESENTATION('',(#11430),#11434);
#11430 = LINE('',#11431,#11432);
#11431 = CARTESIAN_POINT('',(-6.28318530718,0.));
#11432 = VECTOR('',#11433,1.);
#11433 = DIRECTION('',(-0.,-1.));
#11434 = ( GEOMETRIC_REPRESENTATION_CONTEXT(2) 
PARAMETRIC_REPRESENTATION_CONTEXT() REPRESENTATION_CONTEXT('2D SPACE',''
  ) );
#11435 = ADVANCED_FACE('',(#11436),#6443,.T.);
#11436 = FACE_BOUND('',#11437,.T.);
#11437 = EDGE_LOOP('',(#11438,#11439,#11440,#11462,#11463));
#11438 = ORIENTED_EDGE('',*,*,#11132,.F.);
#11439 = ORIENTED_EDGE('',*,*,#6897,.T.);
#11440 = ORIENTED_EDGE('',*,*,#11441,.F.);
#11441 = EDGE_CURVE('',#11370,#6870,#11442,.T.);
#11442 = SURFACE_CURVE('',#11443,(#11448,#11455),.PCURVE_S1.);
#11443 = CIRCLE('',#11444,2.);
#11444 = AXIS2_PLACEMENT_3D('',#11445,#11446,#11447);
#11445 = CARTESIAN_POINT('',(3.3,-12.6,72.4876));
#11446 = DIRECTION('',(0.,0.,-1.));
#11447 = DIRECTION('',(1.,0.,0.));
#11448 = PCURVE('',#6443,#11449);
#11449 = DEFINITIONAL_REPRESENTATION('',(#11450),#11454);
#11450 = CIRCLE('',#11451,2.);
#11451 = AXIS2_PLACEMENT_2D('',#11452,#11453);
#11452 = CARTESIAN_POINT('',(2.,-20.5));
#11453 = DIRECTION('',(0.,1.));
#11454 = ( GEOMETRIC_REPRESENTATION_CONTEXT(2) 
PARAMETRIC_REPRESENTATION_CONTEXT() REPRESENTATION_CONTEXT('2D SPACE',''
  ) );
#11455 = PCURVE('',#6885,#11456);
#11456 = DEFINITIONAL_REPRESENTATION('',(#11457),#11461);
#11457 = LINE('',#11458,#11459);
#11458 = CARTESIAN_POINT('',(-6.28318530718,-72.4876));
#11459 = VECTOR('',#11460,1.);
#11460 = DIRECTION('',(1.,-0.));
#11461 = ( GEOMETRIC_REPRESENTATION_CONTEXT(2) 
PARAMETRIC_REPRESENTATION_CONTEXT() REPRESENTATION_CONTEXT('2D SPACE',''
  ) );
#11462 = ORIENTED_EDGE('',*,*,#11392,.T.);
#11463 = ORIENTED_EDGE('',*,*,#6427,.F.);
#11464 = ADVANCED_FACE('',(#11465),#6577,.F.);
#11465 = FACE_BOUND('',#11466,.T.);
#11466 = EDGE_LOOP('',(#11467,#11468,#11469,#11470));
#11467 = ORIENTED_EDGE('',*,*,#7231,.F.);
#11468 = ORIENTED_EDGE('',*,*,#7012,.T.);
#11469 = ORIENTED_EDGE('',*,*,#6556,.F.);
#11470 = ORIENTED_EDGE('',*,*,#11415,.F.);
#11471 = ADVANCED_FACE('',(#11472),#6654,.F.);
#11472 = FACE_BOUND('',#11473,.T.);
#11473 = EDGE_LOOP('',(#11474,#11475,#11496,#11497));
#11474 = ORIENTED_EDGE('',*,*,#7204,.F.);
#11475 = ORIENTED_EDGE('',*,*,#11476,.T.);
#11476 = EDGE_CURVE('',#7177,#9786,#11477,.T.);
#11477 = SURFACE_CURVE('',#11478,(#11482,#11489),.PCURVE_S1.);
#11478 = LINE('',#11479,#11480);
#11479 = CARTESIAN_POINT('',(-5.3,-12.6,0.));
#11480 = VECTOR('',#11481,1.);
#11481 = DIRECTION('',(0.,0.,1.));
#11482 = PCURVE('',#6654,#11483);
#11483 = DEFINITIONAL_REPRESENTATION('',(#11484),#11488);
#11484 = LINE('',#11485,#11486);
#11485 = CARTESIAN_POINT('',(-3.14159265359,0.));
#11486 = VECTOR('',#11487,1.);
#11487 = DIRECTION('',(-0.,-1.));
#11488 = ( GEOMETRIC_REPRESENTATION_CONTEXT(2) 
PARAMETRIC_REPRESENTATION_CONTEXT() REPRESENTATION_CONTEXT('2D SPACE',''
  ) );
#11489 = PCURVE('',#7192,#11490);
#11490 = DEFINITIONAL_REPRESENTATION('',(#11491),#11495);
#11491 = LINE('',#11492,#11493);
#11492 = CARTESIAN_POINT('',(0.,0.));
#11493 = VECTOR('',#11494,1.);
#11494 = DIRECTION('',(0.,-1.));
#11495 = ( GEOMETRIC_REPRESENTATION_CONTEXT(2) 
PARAMETRIC_REPRESENTATION_CONTEXT() REPRESENTATION_CONTEXT('2D SPACE',''
  ) );
#11496 = ORIENTED_EDGE('',*,*,#9811,.F.);
#11497 = ORIENTED_EDGE('',*,*,#6638,.F.);
#11498 = ADVANCED_FACE('',(#11499),#6773,.T.);
#11499 = FACE_BOUND('',#11500,.T.);
#11500 = EDGE_LOOP('',(#11501,#11522,#11523,#11524));
#11501 = ORIENTED_EDGE('',*,*,#11502,.F.);
#11502 = EDGE_CURVE('',#6758,#9492,#11503,.T.);
#11503 = SURFACE_CURVE('',#11504,(#11508,#11515),.PCURVE_S1.);
#11504 = LINE('',#11505,#11506);
#11505 = CARTESIAN_POINT('',(-23.8,-14.6,72.4876));
#11506 = VECTOR('',#11507,1.);
#11507 = DIRECTION('',(0.,1.,0.));
#11508 = PCURVE('',#6773,#11509);
#11509 = DEFINITIONAL_REPRESENTATION('',(#11510),#11514);
#11510 = LINE('',#11511,#11512);
#11511 = CARTESIAN_POINT('',(8.125,2.76625));
#11512 = VECTOR('',#11513,1.);
#11513 = DIRECTION('',(0.,-1.));
#11514 = ( GEOMETRIC_REPRESENTATION_CONTEXT(2) 
PARAMETRIC_REPRESENTATION_CONTEXT() REPRESENTATION_CONTEXT('2D SPACE',''
  ) );
#11515 = PCURVE('',#6801,#11516);
#11516 = DEFINITIONAL_REPRESENTATION('',(#11517),#11521);
#11517 = LINE('',#11518,#11519);
#11518 = CARTESIAN_POINT('',(0.,-47.6));
#11519 = VECTOR('',#11520,1.);
#11520 = DIRECTION('',(1.,0.));
#11521 = ( GEOMETRIC_REPRESENTATION_CONTEXT(2) 
PARAMETRIC_REPRESENTATION_CONTEXT() REPRESENTATION_CONTEXT('2D SPACE',''
  ) );
#11522 = ORIENTED_EDGE('',*,*,#6757,.T.);
#11523 = ORIENTED_EDGE('',*,*,#9293,.F.);
#11524 = ORIENTED_EDGE('',*,*,#9514,.F.);
#11525 = ADVANCED_FACE('',(#11526),#6801,.T.);
#11526 = FACE_BOUND('',#11527,.T.);
#11527 = EDGE_LOOP('',(#11528,#11552,#11553,#11554,#11555));
#11528 = ORIENTED_EDGE('',*,*,#11529,.F.);
#11529 = EDGE_CURVE('',#6786,#11530,#11532,.T.);
#11530 = VERTEX_POINT('',#11531);
#11531 = CARTESIAN_POINT('',(-5.3,-12.6,72.4876));
#11532 = SURFACE_CURVE('',#11533,(#11538,#11545),.PCURVE_S1.);
#11533 = CIRCLE('',#11534,2.);
#11534 = AXIS2_PLACEMENT_3D('',#11535,#11536,#11537);
#11535 = CARTESIAN_POINT('',(-3.3,-12.6,72.4876));
#11536 = DIRECTION('',(0.,0.,-1.));
#11537 = DIRECTION('',(1.,0.,0.));
#11538 = PCURVE('',#6801,#11539);
#11539 = DEFINITIONAL_REPRESENTATION('',(#11540),#11544);
#11540 = CIRCLE('',#11541,2.);
#11541 = AXIS2_PLACEMENT_2D('',#11542,#11543);
#11542 = CARTESIAN_POINT('',(2.,-27.1));
#11543 = DIRECTION('',(0.,1.));
#11544 = ( GEOMETRIC_REPRESENTATION_CONTEXT(2) 
PARAMETRIC_REPRESENTATION_CONTEXT() REPRESENTATION_CONTEXT('2D SPACE',''
  ) );
#11545 = PCURVE('',#6829,#11546);
#11546 = DEFINITIONAL_REPRESENTATION('',(#11547),#11551);
#11547 = LINE('',#11548,#11549);
#11548 = CARTESIAN_POINT('',(-6.28318530718,-72.4876));
#11549 = VECTOR('',#11550,1.);
#11550 = DIRECTION('',(1.,-0.));
#11551 = ( GEOMETRIC_REPRESENTATION_CONTEXT(2) 
PARAMETRIC_REPRESENTATION_CONTEXT() REPRESENTATION_CONTEXT('2D SPACE',''
  ) );
#11552 = ORIENTED_EDGE('',*,*,#6785,.T.);
#11553 = ORIENTED_EDGE('',*,*,#11502,.T.);
#11554 = ORIENTED_EDGE('',*,*,#9491,.F.);
#11555 = ORIENTED_EDGE('',*,*,#11556,.T.);
#11556 = EDGE_CURVE('',#9469,#11530,#11557,.T.);
#11557 = SURFACE_CURVE('',#11558,(#11562,#11569),.PCURVE_S1.);
#11558 = LINE('',#11559,#11560);
#11559 = CARTESIAN_POINT('',(-5.3,-13.6,72.4876));
#11560 = VECTOR('',#11561,1.);
#11561 = DIRECTION('',(0.,-1.,0.));
#11562 = PCURVE('',#6801,#11563);
#11563 = DEFINITIONAL_REPRESENTATION('',(#11564),#11568);
#11564 = LINE('',#11565,#11566);
#11565 = CARTESIAN_POINT('',(1.,-29.1));
#11566 = VECTOR('',#11567,1.);
#11567 = DIRECTION('',(-1.,0.));
#11568 = ( GEOMETRIC_REPRESENTATION_CONTEXT(2) 
PARAMETRIC_REPRESENTATION_CONTEXT() REPRESENTATION_CONTEXT('2D SPACE',''
  ) );
#11569 = PCURVE('',#7192,#11570);
#11570 = DEFINITIONAL_REPRESENTATION('',(#11571),#11575);
#11571 = LINE('',#11572,#11573);
#11572 = CARTESIAN_POINT('',(-1.,-72.4876));
#11573 = VECTOR('',#11574,1.);
#11574 = DIRECTION('',(-1.,0.));
#11575 = ( GEOMETRIC_REPRESENTATION_CONTEXT(2) 
PARAMETRIC_REPRESENTATION_CONTEXT() REPRESENTATION_CONTEXT('2D SPACE',''
  ) );
#11576 = ADVANCED_FACE('',(#11577),#6829,.F.);
#11577 = FACE_BOUND('',#11578,.T.);
#11578 = EDGE_LOOP('',(#11579,#11580,#11603,#11625));
#11579 = ORIENTED_EDGE('',*,*,#11529,.T.);
#11580 = ORIENTED_EDGE('',*,*,#11581,.T.);
#11581 = EDGE_CURVE('',#11530,#11582,#11584,.T.);
#11582 = VERTEX_POINT('',#11583);
#11583 = CARTESIAN_POINT('',(-5.3,-12.6,111.0876));
#11584 = SURFACE_CURVE('',#11585,(#11589,#11596),.PCURVE_S1.);
#11585 = LINE('',#11586,#11587);
#11586 = CARTESIAN_POINT('',(-5.3,-12.6,0.));
#11587 = VECTOR('',#11588,1.);
#11588 = DIRECTION('',(0.,0.,1.));
#11589 = PCURVE('',#6829,#11590);
#11590 = DEFINITIONAL_REPRESENTATION('',(#11591),#11595);
#11591 = LINE('',#11592,#11593);
#11592 = CARTESIAN_POINT('',(-3.14159265359,0.));
#11593 = VECTOR('',#11594,1.);
#11594 = DIRECTION('',(-0.,-1.));
#11595 = ( GEOMETRIC_REPRESENTATION_CONTEXT(2) 
PARAMETRIC_REPRESENTATION_CONTEXT() REPRESENTATION_CONTEXT('2D SPACE',''
  ) );
#11596 = PCURVE('',#7192,#11597);
#11597 = DEFINITIONAL_REPRESENTATION('',(#11598),#11602);
#11598 = LINE('',#11599,#11600);
#11599 = CARTESIAN_POINT('',(0.,0.));
#11600 = VECTOR('',#11601,1.);
#11601 = DIRECTION('',(0.,-1.));
#11602 = ( GEOMETRIC_REPRESENTATION_CONTEXT(2) 
PARAMETRIC_REPRESENTATION_CONTEXT() REPRESENTATION_CONTEXT('2D SPACE',''
  ) );
#11603 = ORIENTED_EDGE('',*,*,#11604,.T.);
#11604 = EDGE_CURVE('',#11582,#6814,#11605,.T.);
#11605 = SURFACE_CURVE('',#11606,(#11611,#11618),.PCURVE_S1.);
#11606 = CIRCLE('',#11607,2.);
#11607 = AXIS2_PLACEMENT_3D('',#11608,#11609,#11610);
#11608 = CARTESIAN_POINT('',(-3.3,-12.6,111.0876));
#11609 = DIRECTION('',(0.,0.,1.));
#11610 = DIRECTION('',(1.,0.,0.));
#11611 = PCURVE('',#6829,#11612);
#11612 = DEFINITIONAL_REPRESENTATION('',(#11613),#11617);
#11613 = LINE('',#11614,#11615);
#11614 = CARTESIAN_POINT('',(-0.,-111.0876));
#11615 = VECTOR('',#11616,1.);
#11616 = DIRECTION('',(-1.,0.));
#11617 = ( GEOMETRIC_REPRESENTATION_CONTEXT(2) 
PARAMETRIC_REPRESENTATION_CONTEXT() REPRESENTATION_CONTEXT('2D SPACE',''
  ) );
#11618 = PCURVE('',#6857,#11619);
#11619 = DEFINITIONAL_REPRESENTATION('',(#11620),#11624);
#11620 = CIRCLE('',#11621,2.);
#11621 = AXIS2_PLACEMENT_2D('',#11622,#11623);
#11622 = CARTESIAN_POINT('',(-3.3,-3.3));
#11623 = DIRECTION('',(1.,0.));
#11624 = ( GEOMETRIC_REPRESENTATION_CONTEXT(2) 
PARAMETRIC_REPRESENTATION_CONTEXT() REPRESENTATION_CONTEXT('2D SPACE',''
  ) );
#11625 = ORIENTED_EDGE('',*,*,#6813,.F.);
#11626 = ADVANCED_FACE('',(#11627),#6857,.F.);
#11627 = FACE_BOUND('',#11628,.T.);
#11628 = EDGE_LOOP('',(#11629,#11654,#11676,#11677,#11699,#11700,#11701,
    #11724));
#11629 = ORIENTED_EDGE('',*,*,#11630,.T.);
#11630 = EDGE_CURVE('',#11631,#11633,#11635,.T.);
#11631 = VERTEX_POINT('',#11632);
#11632 = CARTESIAN_POINT('',(-3.3,-4.,111.0876));
#11633 = VERTEX_POINT('',#11634);
#11634 = CARTESIAN_POINT('',(3.3,-4.,111.0876));
#11635 = SURFACE_CURVE('',#11636,(#11640,#11647),.PCURVE_S1.);
#11636 = LINE('',#11637,#11638);
#11637 = CARTESIAN_POINT('',(-3.3,-4.,111.0876));
#11638 = VECTOR('',#11639,1.);
#11639 = DIRECTION('',(1.,0.,0.));
#11640 = PCURVE('',#6857,#11641);
#11641 = DEFINITIONAL_REPRESENTATION('',(#11642),#11646);
#11642 = LINE('',#11643,#11644);
#11643 = CARTESIAN_POINT('',(-3.3,5.3));
#11644 = VECTOR('',#11645,1.);
#11645 = DIRECTION('',(1.,0.));
#11646 = ( GEOMETRIC_REPRESENTATION_CONTEXT(2) 
PARAMETRIC_REPRESENTATION_CONTEXT() REPRESENTATION_CONTEXT('2D SPACE',''
  ) );
#11647 = PCURVE('',#7329,#11648);
#11648 = DEFINITIONAL_REPRESENTATION('',(#11649),#11653);
#11649 = LINE('',#11650,#11651);
#11650 = CARTESIAN_POINT('',(0.,-111.0876));
#11651 = VECTOR('',#11652,1.);
#11652 = DIRECTION('',(1.,0.));
#11653 = ( GEOMETRIC_REPRESENTATION_CONTEXT(2) 
PARAMETRIC_REPRESENTATION_CONTEXT() REPRESENTATION_CONTEXT('2D SPACE',''
  ) );
#11654 = ORIENTED_EDGE('',*,*,#11655,.F.);
#11655 = EDGE_CURVE('',#11324,#11633,#11656,.T.);
#11656 = SURFACE_CURVE('',#11657,(#11662,#11669),.PCURVE_S1.);
#11657 = CIRCLE('',#11658,2.);
#11658 = AXIS2_PLACEMENT_3D('',#11659,#11660,#11661);
#11659 = CARTESIAN_POINT('',(3.3,-6.,111.0876));
#11660 = DIRECTION('',(0.,0.,1.));
#11661 = DIRECTION('',(1.,0.,0.));
#11662 = PCURVE('',#6857,#11663);
#11663 = DEFINITIONAL_REPRESENTATION('',(#11664),#11668);
#11664 = CIRCLE('',#11665,2.);
#11665 = AXIS2_PLACEMENT_2D('',#11666,#11667);
#11666 = CARTESIAN_POINT('',(3.3,3.3));
#11667 = DIRECTION('',(1.,0.));
#11668 = ( GEOMETRIC_REPRESENTATION_CONTEXT(2) 
PARAMETRIC_REPRESENTATION_CONTEXT() REPRESENTATION_CONTEXT('2D SPACE',''
  ) );
#11669 = PCURVE('',#7303,#11670);
#11670 = DEFINITIONAL_REPRESENTATION('',(#11671),#11675);
#11671 = LINE('',#11672,#11673);
#11672 = CARTESIAN_POINT('',(-0.,-111.0876));
#11673 = VECTOR('',#11674,1.);
#11674 = DIRECTION('',(-1.,0.));
#11675 = ( GEOMETRIC_REPRESENTATION_CONTEXT(2) 
PARAMETRIC_REPRESENTATION_CONTEXT() REPRESENTATION_CONTEXT('2D SPACE',''
  ) );
#11676 = ORIENTED_EDGE('',*,*,#11346,.T.);
#11677 = ORIENTED_EDGE('',*,*,#11678,.F.);
#11678 = EDGE_CURVE('',#6842,#11347,#11679,.T.);
#11679 = SURFACE_CURVE('',#11680,(#11685,#11692),.PCURVE_S1.);
#11680 = CIRCLE('',#11681,2.);
#11681 = AXIS2_PLACEMENT_3D('',#11682,#11683,#11684);
#11682 = CARTESIAN_POINT('',(3.3,-12.6,111.0876));
#11683 = DIRECTION('',(0.,0.,1.));
#11684 = DIRECTION('',(1.,0.,0.));
#11685 = PCURVE('',#6857,#11686);
#11686 = DEFINITIONAL_REPRESENTATION('',(#11687),#11691);
#11687 = CIRCLE('',#11688,2.);
#11688 = AXIS2_PLACEMENT_2D('',#11689,#11690);
#11689 = CARTESIAN_POINT('',(3.3,-3.3));
#11690 = DIRECTION('',(1.,0.));
#11691 = ( GEOMETRIC_REPRESENTATION_CONTEXT(2) 
PARAMETRIC_REPRESENTATION_CONTEXT() REPRESENTATION_CONTEXT('2D SPACE',''
  ) );
#11692 = PCURVE('',#6885,#11693);
#11693 = DEFINITIONAL_REPRESENTATION('',(#11694),#11698);
#11694 = LINE('',#11695,#11696);
#11695 = CARTESIAN_POINT('',(-0.,-111.0876));
#11696 = VECTOR('',#11697,1.);
#11697 = DIRECTION('',(-1.,0.));
#11698 = ( GEOMETRIC_REPRESENTATION_CONTEXT(2) 
PARAMETRIC_REPRESENTATION_CONTEXT() REPRESENTATION_CONTEXT('2D SPACE',''
  ) );
#11699 = ORIENTED_EDGE('',*,*,#6841,.T.);
#11700 = ORIENTED_EDGE('',*,*,#11604,.F.);
#11701 = ORIENTED_EDGE('',*,*,#11702,.T.);
#11702 = EDGE_CURVE('',#11582,#11703,#11705,.T.);
#11703 = VERTEX_POINT('',#11704);
#11704 = CARTESIAN_POINT('',(-5.3,-6.,111.0876));
#11705 = SURFACE_CURVE('',#11706,(#11710,#11717),.PCURVE_S1.);
#11706 = LINE('',#11707,#11708);
#11707 = CARTESIAN_POINT('',(-5.3,-12.6,111.0876));
#11708 = VECTOR('',#11709,1.);
#11709 = DIRECTION('',(0.,1.,0.));
#11710 = PCURVE('',#6857,#11711);
#11711 = DEFINITIONAL_REPRESENTATION('',(#11712),#11716);
#11712 = LINE('',#11713,#11714);
#11713 = CARTESIAN_POINT('',(-5.3,-3.3));
#11714 = VECTOR('',#11715,1.);
#11715 = DIRECTION('',(0.,1.));
#11716 = ( GEOMETRIC_REPRESENTATION_CONTEXT(2) 
PARAMETRIC_REPRESENTATION_CONTEXT() REPRESENTATION_CONTEXT('2D SPACE',''
  ) );
#11717 = PCURVE('',#7192,#11718);
#11718 = DEFINITIONAL_REPRESENTATION('',(#11719),#11723);
#11719 = LINE('',#11720,#11721);
#11720 = CARTESIAN_POINT('',(5.329070518201E-15,-111.0876));
#11721 = VECTOR('',#11722,1.);
#11722 = DIRECTION('',(1.,0.));
#11723 = ( GEOMETRIC_REPRESENTATION_CONTEXT(2) 
PARAMETRIC_REPRESENTATION_CONTEXT() REPRESENTATION_CONTEXT('2D SPACE',''
  ) );
#11724 = ORIENTED_EDGE('',*,*,#11725,.F.);
#11725 = EDGE_CURVE('',#11631,#11703,#11726,.T.);
#11726 = SURFACE_CURVE('',#11727,(#11732,#11739),.PCURVE_S1.);
#11727 = CIRCLE('',#11728,2.);
#11728 = AXIS2_PLACEMENT_3D('',#11729,#11730,#11731);
#11729 = CARTESIAN_POINT('',(-3.3,-6.,111.0876));
#11730 = DIRECTION('',(0.,0.,1.));
#11731 = DIRECTION('',(1.,0.,0.));
#11732 = PCURVE('',#6857,#11733);
#11733 = DEFINITIONAL_REPRESENTATION('',(#11734),#11738);
#11734 = CIRCLE('',#11735,2.);
#11735 = AXIS2_PLACEMENT_2D('',#11736,#11737);
#11736 = CARTESIAN_POINT('',(-3.3,3.3));
#11737 = DIRECTION('',(1.,0.));
#11738 = ( GEOMETRIC_REPRESENTATION_CONTEXT(2) 
PARAMETRIC_REPRESENTATION_CONTEXT() REPRESENTATION_CONTEXT('2D SPACE',''
  ) );
#11739 = PCURVE('',#7164,#11740);
#11740 = DEFINITIONAL_REPRESENTATION('',(#11741),#11745);
#11741 = LINE('',#11742,#11743);
#11742 = CARTESIAN_POINT('',(-0.,-111.0876));
#11743 = VECTOR('',#11744,1.);
#11744 = DIRECTION('',(-1.,0.));
#11745 = ( GEOMETRIC_REPRESENTATION_CONTEXT(2) 
PARAMETRIC_REPRESENTATION_CONTEXT() REPRESENTATION_CONTEXT('2D SPACE',''
  ) );
#11746 = ADVANCED_FACE('',(#11747),#6885,.F.);
#11747 = FACE_BOUND('',#11748,.T.);
#11748 = EDGE_LOOP('',(#11749,#11750,#11751,#11752));
#11749 = ORIENTED_EDGE('',*,*,#11369,.F.);
#11750 = ORIENTED_EDGE('',*,*,#11441,.T.);
#11751 = ORIENTED_EDGE('',*,*,#6869,.T.);
#11752 = ORIENTED_EDGE('',*,*,#11678,.T.);
#11753 = ADVANCED_FACE('',(#11754),#7164,.F.);
#11754 = FACE_BOUND('',#11755,.T.);
#11755 = EDGE_LOOP('',(#11756,#11757,#11778,#11779,#11802,#11835,#11863,
    #11896));
#11756 = ORIENTED_EDGE('',*,*,#7141,.F.);
#11757 = ORIENTED_EDGE('',*,*,#11758,.T.);
#11758 = EDGE_CURVE('',#7142,#11631,#11759,.T.);
#11759 = SURFACE_CURVE('',#11760,(#11764,#11771),.PCURVE_S1.);
#11760 = LINE('',#11761,#11762);
#11761 = CARTESIAN_POINT('',(-3.3,-4.,0.));
#11762 = VECTOR('',#11763,1.);
#11763 = DIRECTION('',(0.,0.,1.));
#11764 = PCURVE('',#7164,#11765);
#11765 = DEFINITIONAL_REPRESENTATION('',(#11766),#11770);
#11766 = LINE('',#11767,#11768);
#11767 = CARTESIAN_POINT('',(-1.570796326795,0.));
#11768 = VECTOR('',#11769,1.);
#11769 = DIRECTION('',(-0.,-1.));
#11770 = ( GEOMETRIC_REPRESENTATION_CONTEXT(2) 
PARAMETRIC_REPRESENTATION_CONTEXT() REPRESENTATION_CONTEXT('2D SPACE',''
  ) );
#11771 = PCURVE('',#7329,#11772);
#11772 = DEFINITIONAL_REPRESENTATION('',(#11773),#11777);
#11773 = LINE('',#11774,#11775);
#11774 = CARTESIAN_POINT('',(0.,0.));
#11775 = VECTOR('',#11776,1.);
#11776 = DIRECTION('',(0.,-1.));
#11777 = ( GEOMETRIC_REPRESENTATION_CONTEXT(2) 
PARAMETRIC_REPRESENTATION_CONTEXT() REPRESENTATION_CONTEXT('2D SPACE',''
  ) );
#11778 = ORIENTED_EDGE('',*,*,#11725,.T.);
#11779 = ORIENTED_EDGE('',*,*,#11780,.F.);
#11780 = EDGE_CURVE('',#11781,#11703,#11783,.T.);
#11781 = VERTEX_POINT('',#11782);
#11782 = CARTESIAN_POINT('',(-5.3,-6.,99.886195996002));
#11783 = SURFACE_CURVE('',#11784,(#11788,#11795),.PCURVE_S1.);
#11784 = LINE('',#11785,#11786);
#11785 = CARTESIAN_POINT('',(-5.3,-6.,0.));
#11786 = VECTOR('',#11787,1.);
#11787 = DIRECTION('',(0.,0.,1.));
#11788 = PCURVE('',#7164,#11789);
#11789 = DEFINITIONAL_REPRESENTATION('',(#11790),#11794);
#11790 = LINE('',#11791,#11792);
#11791 = CARTESIAN_POINT('',(-3.14159265359,0.));
#11792 = VECTOR('',#11793,1.);
#11793 = DIRECTION('',(-0.,-1.));
#11794 = ( GEOMETRIC_REPRESENTATION_CONTEXT(2) 
PARAMETRIC_REPRESENTATION_CONTEXT() REPRESENTATION_CONTEXT('2D SPACE',''
  ) );
#11795 = PCURVE('',#7192,#11796);
#11796 = DEFINITIONAL_REPRESENTATION('',(#11797),#11801);
#11797 = LINE('',#11798,#11799);
#11798 = CARTESIAN_POINT('',(6.6,0.));
#11799 = VECTOR('',#11800,1.);
#11800 = DIRECTION('',(0.,-1.));
#11801 = ( GEOMETRIC_REPRESENTATION_CONTEXT(2) 
PARAMETRIC_REPRESENTATION_CONTEXT() REPRESENTATION_CONTEXT('2D SPACE',''
  ) );
#11802 = ORIENTED_EDGE('',*,*,#11803,.F.);
#11803 = EDGE_CURVE('',#11804,#11781,#11806,.T.);
#11804 = VERTEX_POINT('',#11805);
#11805 = CARTESIAN_POINT('',(-4.900000000002,-4.8,99.193375672974));
#11806 = SURFACE_CURVE('',#11807,(#11812,#11823),.PCURVE_S1.);
#11807 = ELLIPSE('',#11808,2.309401076758,2.);
#11808 = AXIS2_PLACEMENT_3D('',#11809,#11810,#11811);
#11809 = CARTESIAN_POINT('',(-3.3,-6.,99.886195996002));
#11810 = DIRECTION('',(0.,0.5,0.866025403784));
#11811 = DIRECTION('',(0.,0.866025403784,-0.5));
#11812 = PCURVE('',#7164,#11813);
#11813 = DEFINITIONAL_REPRESENTATION('',(#11814),#11822);
#11814 = B_SPLINE_CURVE_WITH_KNOTS('',6,(#11815,#11816,#11817,#11818,
    #11819,#11820,#11821),.UNSPECIFIED.,.F.,.F.,(7,7),(0.759761932508,
    1.570796326795),.PIECEWISE_BEZIER_KNOTS.);
#11815 = CARTESIAN_POINT('',(-2.330558259303,-99.04903810567));
#11816 = CARTESIAN_POINT('',(-2.46573065835,-99.15654053702));
#11817 = CARTESIAN_POINT('',(-2.600903057398,-99.28239812753));
#11818 = CARTESIAN_POINT('',(-2.736075456446,-99.42307724401));
#11819 = CARTESIAN_POINT('',(-2.871247855494,-99.57402899608));
#11820 = CARTESIAN_POINT('',(-3.006420254542,-99.73011235404));
#11821 = CARTESIAN_POINT('',(-3.14159265359,-99.886195996));
#11822 = ( GEOMETRIC_REPRESENTATION_CONTEXT(2) 
PARAMETRIC_REPRESENTATION_CONTEXT() REPRESENTATION_CONTEXT('2D SPACE',''
  ) );
#11823 = PCURVE('',#11824,#11829);
#11824 = PLANE('',#11825);
#11825 = AXIS2_PLACEMENT_3D('',#11826,#11827,#11828);
#11826 = CARTESIAN_POINT('',(164.398961939,-4.8,99.193375672974));
#11827 = DIRECTION('',(0.,0.5,0.866025403784));
#11828 = DIRECTION('',(0.,-0.866025403784,0.5));
#11829 = DEFINITIONAL_REPRESENTATION('',(#11830),#11834);
#11830 = ELLIPSE('',#11831,2.309401076758,2.);
#11831 = AXIS2_PLACEMENT_2D('',#11832,#11833);
#11832 = CARTESIAN_POINT('',(1.385640646055,-167.698961939));
#11833 = DIRECTION('',(-1.,0.));
#11834 = ( GEOMETRIC_REPRESENTATION_CONTEXT(2) 
PARAMETRIC_REPRESENTATION_CONTEXT() REPRESENTATION_CONTEXT('2D SPACE',''
  ) );
#11835 = ORIENTED_EDGE('',*,*,#11836,.T.);
#11836 = EDGE_CURVE('',#11804,#11837,#11839,.T.);
#11837 = VERTEX_POINT('',#11838);
#11838 = CARTESIAN_POINT('',(-4.9,-4.799999999999,96.306624327025));
#11839 = SURFACE_CURVE('',#11840,(#11844,#11851),.PCURVE_S1.);
#11840 = LINE('',#11841,#11842);
#11841 = CARTESIAN_POINT('',(-4.899999999976,-4.799999999968,
    3.854540245704E-13));
#11842 = VECTOR('',#11843,1.);
#11843 = DIRECTION('',(0.,0.,-1.));
#11844 = PCURVE('',#7164,#11845);
#11845 = DEFINITIONAL_REPRESENTATION('',(#11846),#11850);
#11846 = LINE('',#11847,#11848);
#11847 = CARTESIAN_POINT('',(-2.498091544777,-3.854540245704E-13));
#11848 = VECTOR('',#11849,1.);
#11849 = DIRECTION('',(-0.,1.));
#11850 = ( GEOMETRIC_REPRESENTATION_CONTEXT(2) 
PARAMETRIC_REPRESENTATION_CONTEXT() REPRESENTATION_CONTEXT('2D SPACE',''
  ) );
#11851 = PCURVE('',#11852,#11857);
#11852 = PLANE('',#11853);
#11853 = AXIS2_PLACEMENT_3D('',#11854,#11855,#11856);
#11854 = CARTESIAN_POINT('',(164.398961939,-4.799999999999,
    96.306624327025));
#11855 = DIRECTION('',(0.,1.,3.212116871334E-13));
#11856 = DIRECTION('',(0.,-3.212116871334E-13,1.));
#11857 = DEFINITIONAL_REPRESENTATION('',(#11858),#11862);
#11858 = LINE('',#11859,#11860);
#11859 = CARTESIAN_POINT('',(-96.30662432702,-169.2989619389));
#11860 = VECTOR('',#11861,1.);
#11861 = DIRECTION('',(-1.,0.));
#11862 = ( GEOMETRIC_REPRESENTATION_CONTEXT(2) 
PARAMETRIC_REPRESENTATION_CONTEXT() REPRESENTATION_CONTEXT('2D SPACE',''
  ) );
#11863 = ORIENTED_EDGE('',*,*,#11864,.F.);
#11864 = EDGE_CURVE('',#11865,#11837,#11867,.T.);
#11865 = VERTEX_POINT('',#11866);
#11866 = CARTESIAN_POINT('',(-5.3,-6.,95.613804003998));
#11867 = SURFACE_CURVE('',#11868,(#11873,#11884),.PCURVE_S1.);
#11868 = ELLIPSE('',#11869,2.309401076758,2.);
#11869 = AXIS2_PLACEMENT_3D('',#11870,#11871,#11872);
#11870 = CARTESIAN_POINT('',(-3.3,-6.,95.613804003998));
#11871 = DIRECTION('',(0.,0.5,-0.866025403785));
#11872 = DIRECTION('',(0.,-0.866025403785,-0.5));
#11873 = PCURVE('',#7164,#11874);
#11874 = DEFINITIONAL_REPRESENTATION('',(#11875),#11883);
#11875 = B_SPLINE_CURVE_WITH_KNOTS('',6,(#11876,#11877,#11878,#11879,
    #11880,#11881,#11882),.UNSPECIFIED.,.F.,.F.,(7,7),(1.570796326795,
    2.381830721083),.PIECEWISE_BEZIER_KNOTS.);
#11876 = CARTESIAN_POINT('',(-3.14159265359,-95.61380400399));
#11877 = CARTESIAN_POINT('',(-3.006420254542,-95.76988764595));
#11878 = CARTESIAN_POINT('',(-2.871247855494,-95.92597100391));
#11879 = CARTESIAN_POINT('',(-2.736075456446,-96.07692275598));
#11880 = CARTESIAN_POINT('',(-2.600903057398,-96.21760187246));
#11881 = CARTESIAN_POINT('',(-2.46573065835,-96.34345946297));
#11882 = CARTESIAN_POINT('',(-2.330558259302,-96.45096189432));
#11883 = ( GEOMETRIC_REPRESENTATION_CONTEXT(2) 
PARAMETRIC_REPRESENTATION_CONTEXT() REPRESENTATION_CONTEXT('2D SPACE',''
  ) );
#11884 = PCURVE('',#11885,#11890);
#11885 = PLANE('',#11886);
#11886 = AXIS2_PLACEMENT_3D('',#11887,#11888,#11889);
#11887 = CARTESIAN_POINT('',(164.398961939,-7.3,94.863248654052));
#11888 = DIRECTION('',(0.,0.5,-0.866025403785));
#11889 = DIRECTION('',(0.,0.866025403785,0.5));
#11890 = DEFINITIONAL_REPRESENTATION('',(#11891),#11895);
#11891 = ELLIPSE('',#11892,2.309401076758,2.);
#11892 = AXIS2_PLACEMENT_2D('',#11893,#11894);
#11893 = CARTESIAN_POINT('',(1.501110699892,-167.698961939));
#11894 = DIRECTION('',(-1.,0.));
#11895 = ( GEOMETRIC_REPRESENTATION_CONTEXT(2) 
PARAMETRIC_REPRESENTATION_CONTEXT() REPRESENTATION_CONTEXT('2D SPACE',''
  ) );
#11896 = ORIENTED_EDGE('',*,*,#11897,.F.);
#11897 = EDGE_CURVE('',#7144,#11865,#11898,.T.);
#11898 = SURFACE_CURVE('',#11899,(#11903,#11910),.PCURVE_S1.);
#11899 = LINE('',#11900,#11901);
#11900 = CARTESIAN_POINT('',(-5.3,-6.,0.));
#11901 = VECTOR('',#11902,1.);
#11902 = DIRECTION('',(0.,0.,1.));
#11903 = PCURVE('',#7164,#11904);
#11904 = DEFINITIONAL_REPRESENTATION('',(#11905),#11909);
#11905 = LINE('',#11906,#11907);
#11906 = CARTESIAN_POINT('',(-3.14159265359,0.));
#11907 = VECTOR('',#11908,1.);
#11908 = DIRECTION('',(-0.,-1.));
#11909 = ( GEOMETRIC_REPRESENTATION_CONTEXT(2) 
PARAMETRIC_REPRESENTATION_CONTEXT() REPRESENTATION_CONTEXT('2D SPACE',''
  ) );
#11910 = PCURVE('',#7192,#11911);
#11911 = DEFINITIONAL_REPRESENTATION('',(#11912),#11916);
#11912 = LINE('',#11913,#11914);
#11913 = CARTESIAN_POINT('',(6.6,0.));
#11914 = VECTOR('',#11915,1.);
#11915 = DIRECTION('',(0.,-1.));
#11916 = ( GEOMETRIC_REPRESENTATION_CONTEXT(2) 
PARAMETRIC_REPRESENTATION_CONTEXT() REPRESENTATION_CONTEXT('2D SPACE',''
  ) );
#11917 = ADVANCED_FACE('',(#11918),#7192,.F.);
#11918 = FACE_BOUND('',#11919,.F.);
#11919 = EDGE_LOOP('',(#11920,#11921,#11922,#11923,#11924,#11925,#11926,
    #11927,#11928,#11951,#11979,#12007,#12035,#12056));
#11920 = ORIENTED_EDGE('',*,*,#7176,.F.);
#11921 = ORIENTED_EDGE('',*,*,#11476,.T.);
#11922 = ORIENTED_EDGE('',*,*,#9785,.T.);
#11923 = ORIENTED_EDGE('',*,*,#9466,.T.);
#11924 = ORIENTED_EDGE('',*,*,#11556,.T.);
#11925 = ORIENTED_EDGE('',*,*,#11581,.T.);
#11926 = ORIENTED_EDGE('',*,*,#11702,.T.);
#11927 = ORIENTED_EDGE('',*,*,#11780,.F.);
#11928 = ORIENTED_EDGE('',*,*,#11929,.F.);
#11929 = EDGE_CURVE('',#11930,#11781,#11932,.T.);
#11930 = VERTEX_POINT('',#11931);
#11931 = CARTESIAN_POINT('',(-5.3,-7.3,100.63675134594));
#11932 = SURFACE_CURVE('',#11933,(#11937,#11944),.PCURVE_S1.);
#11933 = LINE('',#11934,#11935);
#11934 = CARTESIAN_POINT('',(-5.3,13.750995804982,88.482953251233));
#11935 = VECTOR('',#11936,1.);
#11936 = DIRECTION('',(0.,0.866025403784,-0.5));
#11937 = PCURVE('',#7192,#11938);
#11938 = DEFINITIONAL_REPRESENTATION('',(#11939),#11943);
#11939 = LINE('',#11940,#11941);
#11940 = CARTESIAN_POINT('',(26.350995804982,-88.48295325123));
#11941 = VECTOR('',#11942,1.);
#11942 = DIRECTION('',(0.866025403784,0.5));
#11943 = ( GEOMETRIC_REPRESENTATION_CONTEXT(2) 
PARAMETRIC_REPRESENTATION_CONTEXT() REPRESENTATION_CONTEXT('2D SPACE',''
  ) );
#11944 = PCURVE('',#11824,#11945);
#11945 = DEFINITIONAL_REPRESENTATION('',(#11946),#11950);
#11946 = LINE('',#11947,#11948);
#11947 = CARTESIAN_POINT('',(-21.42084484348,-169.698961939));
#11948 = VECTOR('',#11949,1.);
#11949 = DIRECTION('',(-1.,0.));
#11950 = ( GEOMETRIC_REPRESENTATION_CONTEXT(2) 
PARAMETRIC_REPRESENTATION_CONTEXT() REPRESENTATION_CONTEXT('2D SPACE',''
  ) );
#11951 = ORIENTED_EDGE('',*,*,#11952,.F.);
#11952 = EDGE_CURVE('',#11953,#11930,#11955,.T.);
#11953 = VERTEX_POINT('',#11954);
#11954 = CARTESIAN_POINT('',(-5.3,-9.8,99.193375672974));
#11955 = SURFACE_CURVE('',#11956,(#11960,#11967),.PCURVE_S1.);
#11956 = LINE('',#11957,#11958);
#11957 = CARTESIAN_POINT('',(-5.3,-31.07599580498,86.909673767692));
#11958 = VECTOR('',#11959,1.);
#11959 = DIRECTION('',(0.,0.866025403784,0.5));
#11960 = PCURVE('',#7192,#11961);
#11961 = DEFINITIONAL_REPRESENTATION('',(#11962),#11966);
#11962 = LINE('',#11963,#11964);
#11963 = CARTESIAN_POINT('',(-18.47599580498,-86.90967376769));
#11964 = VECTOR('',#11965,1.);
#11965 = DIRECTION('',(0.866025403784,-0.5));
#11966 = ( GEOMETRIC_REPRESENTATION_CONTEXT(2) 
PARAMETRIC_REPRESENTATION_CONTEXT() REPRESENTATION_CONTEXT('2D SPACE',''
  ) );
#11967 = PCURVE('',#11968,#11973);
#11968 = PLANE('',#11969);
#11969 = AXIS2_PLACEMENT_3D('',#11970,#11971,#11972);
#11970 = CARTESIAN_POINT('',(164.398961939,-7.3,100.63675134594));
#11971 = DIRECTION('',(0.,-0.5,0.866025403784));
#11972 = DIRECTION('',(0.,-0.866025403784,-0.5));
#11973 = DEFINITIONAL_REPRESENTATION('',(#11974),#11978);
#11974 = LINE('',#11975,#11976);
#11975 = CARTESIAN_POINT('',(27.454155156514,-169.698961939));
#11976 = VECTOR('',#11977,1.);
#11977 = DIRECTION('',(-1.,0.));
#11978 = ( GEOMETRIC_REPRESENTATION_CONTEXT(2) 
PARAMETRIC_REPRESENTATION_CONTEXT() REPRESENTATION_CONTEXT('2D SPACE',''
  ) );
#11979 = ORIENTED_EDGE('',*,*,#11980,.F.);
#11980 = EDGE_CURVE('',#11981,#11953,#11983,.T.);
#11981 = VERTEX_POINT('',#11982);
#11982 = CARTESIAN_POINT('',(-5.3,-9.8,96.306624327026));
#11983 = SURFACE_CURVE('',#11984,(#11988,#11995),.PCURVE_S1.);
#11984 = LINE('',#11985,#11986);
#11985 = CARTESIAN_POINT('',(-5.3,-9.800000000004,49.596687836487));
#11986 = VECTOR('',#11987,1.);
#11987 = DIRECTION('',(0.,7.999524775356E-14,1.));
#11988 = PCURVE('',#7192,#11989);
#11989 = DEFINITIONAL_REPRESENTATION('',(#11990),#11994);
#11990 = LINE('',#11991,#11992);
#11991 = CARTESIAN_POINT('',(2.799999999996,-49.59668783648));
#11992 = VECTOR('',#11993,1.);
#11993 = DIRECTION('',(7.999524775356E-14,-1.));
#11994 = ( GEOMETRIC_REPRESENTATION_CONTEXT(2) 
PARAMETRIC_REPRESENTATION_CONTEXT() REPRESENTATION_CONTEXT('2D SPACE',''
  ) );
#11995 = PCURVE('',#11996,#12001);
#11996 = PLANE('',#11997);
#11997 = AXIS2_PLACEMENT_3D('',#11998,#11999,#12000);
#11998 = CARTESIAN_POINT('',(164.398961939,-9.8,99.193375672974));
#11999 = DIRECTION('',(0.,-1.,7.999524775356E-14));
#12000 = DIRECTION('',(0.,-7.999524775356E-14,-1.));
#12001 = DEFINITIONAL_REPRESENTATION('',(#12002),#12006);
#12002 = LINE('',#12003,#12004);
#12003 = CARTESIAN_POINT('',(49.596687836487,-169.698961939));
#12004 = VECTOR('',#12005,1.);
#12005 = DIRECTION('',(-1.,0.));
#12006 = ( GEOMETRIC_REPRESENTATION_CONTEXT(2) 
PARAMETRIC_REPRESENTATION_CONTEXT() REPRESENTATION_CONTEXT('2D SPACE',''
  ) );
#12007 = ORIENTED_EDGE('',*,*,#12008,.F.);
#12008 = EDGE_CURVE('',#12009,#11981,#12011,.T.);
#12009 = VERTEX_POINT('',#12010);
#12010 = CARTESIAN_POINT('',(-5.3,-7.3,94.863248654052));
#12011 = SURFACE_CURVE('',#12012,(#12016,#12023),.PCURVE_S1.);
#12012 = LINE('',#12013,#12014);
#12013 = CARTESIAN_POINT('',(-5.3,10.000995804981,84.874514068799));
#12014 = VECTOR('',#12015,1.);
#12015 = DIRECTION('',(0.,-0.866025403784,0.5));
#12016 = PCURVE('',#7192,#12017);
#12017 = DEFINITIONAL_REPRESENTATION('',(#12018),#12022);
#12018 = LINE('',#12019,#12020);
#12019 = CARTESIAN_POINT('',(22.600995804981,-84.87451406879));
#12020 = VECTOR('',#12021,1.);
#12021 = DIRECTION('',(-0.866025403784,-0.5));
#12022 = ( GEOMETRIC_REPRESENTATION_CONTEXT(2) 
PARAMETRIC_REPRESENTATION_CONTEXT() REPRESENTATION_CONTEXT('2D SPACE',''
  ) );
#12023 = PCURVE('',#12024,#12029);
#12024 = PLANE('',#12025);
#12025 = AXIS2_PLACEMENT_3D('',#12026,#12027,#12028);
#12026 = CARTESIAN_POINT('',(164.398961939,-9.8,96.306624327026));
#12027 = DIRECTION('',(0.,-0.5,-0.866025403784));
#12028 = DIRECTION('',(0.,0.866025403784,-0.5));
#12029 = DEFINITIONAL_REPRESENTATION('',(#12030),#12034);
#12030 = LINE('',#12031,#12032);
#12031 = CARTESIAN_POINT('',(22.864220516456,-169.698961939));
#12032 = VECTOR('',#12033,1.);
#12033 = DIRECTION('',(-1.,0.));
#12034 = ( GEOMETRIC_REPRESENTATION_CONTEXT(2) 
PARAMETRIC_REPRESENTATION_CONTEXT() REPRESENTATION_CONTEXT('2D SPACE',''
  ) );
#12035 = ORIENTED_EDGE('',*,*,#12036,.F.);
#12036 = EDGE_CURVE('',#11865,#12009,#12037,.T.);
#12037 = SURFACE_CURVE('',#12038,(#12042,#12049),.PCURVE_S1.);
#12038 = LINE('',#12039,#12040);
#12039 = CARTESIAN_POINT('',(-5.3,-29.82599580497,81.857858912296));
#12040 = VECTOR('',#12041,1.);
#12041 = DIRECTION('',(0.,-0.866025403785,-0.5));
#12042 = PCURVE('',#7192,#12043);
#12043 = DEFINITIONAL_REPRESENTATION('',(#12044),#12048);
#12044 = LINE('',#12045,#12046);
#12045 = CARTESIAN_POINT('',(-17.22599580497,-81.85785891229));
#12046 = VECTOR('',#12047,1.);
#12047 = DIRECTION('',(-0.866025403785,0.5));
#12048 = ( GEOMETRIC_REPRESENTATION_CONTEXT(2) 
PARAMETRIC_REPRESENTATION_CONTEXT() REPRESENTATION_CONTEXT('2D SPACE',''
  ) );
#12049 = PCURVE('',#11885,#12050);
#12050 = DEFINITIONAL_REPRESENTATION('',(#12051),#12055);
#12051 = LINE('',#12052,#12053);
#12052 = CARTESIAN_POINT('',(-26.01077948352,-169.698961939));
#12053 = VECTOR('',#12054,1.);
#12054 = DIRECTION('',(-1.,0.));
#12055 = ( GEOMETRIC_REPRESENTATION_CONTEXT(2) 
PARAMETRIC_REPRESENTATION_CONTEXT() REPRESENTATION_CONTEXT('2D SPACE',''
  ) );
#12056 = ORIENTED_EDGE('',*,*,#11897,.F.);
#12057 = ADVANCED_FACE('',(#12058),#7303,.F.);
#12058 = FACE_BOUND('',#12059,.T.);
#12059 = EDGE_LOOP('',(#12060,#12061,#12062,#12090,#12118,#12144,#12145,
    #12146));
#12060 = ORIENTED_EDGE('',*,*,#7282,.F.);
#12061 = ORIENTED_EDGE('',*,*,#11160,.T.);
#12062 = ORIENTED_EDGE('',*,*,#12063,.F.);
#12063 = EDGE_CURVE('',#12064,#11161,#12066,.T.);
#12064 = VERTEX_POINT('',#12065);
#12065 = CARTESIAN_POINT('',(4.899999999998,-4.799999999999,
    96.306624327025));
#12066 = SURFACE_CURVE('',#12067,(#12072,#12083),.PCURVE_S1.);
#12067 = ELLIPSE('',#12068,2.309401076758,2.);
#12068 = AXIS2_PLACEMENT_3D('',#12069,#12070,#12071);
#12069 = CARTESIAN_POINT('',(3.3,-6.,95.613804003998));
#12070 = DIRECTION('',(0.,0.5,-0.866025403785));
#12071 = DIRECTION('',(0.,-0.866025403785,-0.5));
#12072 = PCURVE('',#7303,#12073);
#12073 = DEFINITIONAL_REPRESENTATION('',(#12074),#12082);
#12074 = B_SPLINE_CURVE_WITH_KNOTS('',6,(#12075,#12076,#12077,#12078,
    #12079,#12080,#12081),.UNSPECIFIED.,.F.,.F.,(7,7),(3.901354586096,
    4.712388980385),.PIECEWISE_BEZIER_KNOTS.);
#12075 = CARTESIAN_POINT('',(-0.811034394289,-96.45096189432));
#12076 = CARTESIAN_POINT('',(-0.67586199524,-96.34345946297));
#12077 = CARTESIAN_POINT('',(-0.540689596192,-96.21760187246));
#12078 = CARTESIAN_POINT('',(-0.405517197144,-96.07692275598));
#12079 = CARTESIAN_POINT('',(-0.270344798096,-95.92597100391));
#12080 = CARTESIAN_POINT('',(-0.135172399048,-95.76988764595));
#12081 = CARTESIAN_POINT('',(0.,-95.61380400399));
#12082 = ( GEOMETRIC_REPRESENTATION_CONTEXT(2) 
PARAMETRIC_REPRESENTATION_CONTEXT() REPRESENTATION_CONTEXT('2D SPACE',''
  ) );
#12083 = PCURVE('',#11199,#12084);
#12084 = DEFINITIONAL_REPRESENTATION('',(#12085),#12089);
#12085 = ELLIPSE('',#12086,2.309401076758,2.);
#12086 = AXIS2_PLACEMENT_2D('',#12087,#12088);
#12087 = CARTESIAN_POINT('',(1.501110699892,-161.098961939));
#12088 = DIRECTION('',(-1.,0.));
#12089 = ( GEOMETRIC_REPRESENTATION_CONTEXT(2) 
PARAMETRIC_REPRESENTATION_CONTEXT() REPRESENTATION_CONTEXT('2D SPACE',''
  ) );
#12090 = ORIENTED_EDGE('',*,*,#12091,.F.);
#12091 = EDGE_CURVE('',#12092,#12064,#12094,.T.);
#12092 = VERTEX_POINT('',#12093);
#12093 = CARTESIAN_POINT('',(4.899999999999,-4.8,99.193375672974));
#12094 = SURFACE_CURVE('',#12095,(#12099,#12106),.PCURVE_S1.);
#12095 = LINE('',#12096,#12097);
#12096 = CARTESIAN_POINT('',(4.899999999976,-4.799999999968,
    3.854540245704E-13));
#12097 = VECTOR('',#12098,1.);
#12098 = DIRECTION('',(0.,0.,-1.));
#12099 = PCURVE('',#7303,#12100);
#12100 = DEFINITIONAL_REPRESENTATION('',(#12101),#12105);
#12101 = LINE('',#12102,#12103);
#12102 = CARTESIAN_POINT('',(-0.643501108813,-3.854540245704E-13));
#12103 = VECTOR('',#12104,1.);
#12104 = DIRECTION('',(-0.,1.));
#12105 = ( GEOMETRIC_REPRESENTATION_CONTEXT(2) 
PARAMETRIC_REPRESENTATION_CONTEXT() REPRESENTATION_CONTEXT('2D SPACE',''
  ) );
#12106 = PCURVE('',#12107,#12112);
#12107 = PLANE('',#12108);
#12108 = AXIS2_PLACEMENT_3D('',#12109,#12110,#12111);
#12109 = CARTESIAN_POINT('',(164.398961939,-4.799999999999,
    96.306624327025));
#12110 = DIRECTION('',(0.,1.,3.212116871334E-13));
#12111 = DIRECTION('',(0.,-3.212116871334E-13,1.));
#12112 = DEFINITIONAL_REPRESENTATION('',(#12113),#12117);
#12113 = LINE('',#12114,#12115);
#12114 = CARTESIAN_POINT('',(-96.30662432702,-159.498961939));
#12115 = VECTOR('',#12116,1.);
#12116 = DIRECTION('',(-1.,0.));
#12117 = ( GEOMETRIC_REPRESENTATION_CONTEXT(2) 
PARAMETRIC_REPRESENTATION_CONTEXT() REPRESENTATION_CONTEXT('2D SPACE',''
  ) );
#12118 = ORIENTED_EDGE('',*,*,#12119,.F.);
#12119 = EDGE_CURVE('',#11296,#12092,#12120,.T.);
#12120 = SURFACE_CURVE('',#12121,(#12126,#12137),.PCURVE_S1.);
#12121 = ELLIPSE('',#12122,2.309401076758,2.);
#12122 = AXIS2_PLACEMENT_3D('',#12123,#12124,#12125);
#12123 = CARTESIAN_POINT('',(3.3,-6.,99.886195996002));
#12124 = DIRECTION('',(0.,0.5,0.866025403784));
#12125 = DIRECTION('',(0.,0.866025403784,-0.5));
#12126 = PCURVE('',#7303,#12127);
#12127 = DEFINITIONAL_REPRESENTATION('',(#12128),#12136);
#12128 = B_SPLINE_CURVE_WITH_KNOTS('',6,(#12129,#12130,#12131,#12132,
    #12133,#12134,#12135),.UNSPECIFIED.,.F.,.F.,(7,7),(4.712388980385,
    5.523423374673),.PIECEWISE_BEZIER_KNOTS.);
#12129 = CARTESIAN_POINT('',(0.,-99.886195996));
#12130 = CARTESIAN_POINT('',(-0.135172399048,-99.73011235404));
#12131 = CARTESIAN_POINT('',(-0.270344798096,-99.57402899608));
#12132 = CARTESIAN_POINT('',(-0.405517197144,-99.42307724401));
#12133 = CARTESIAN_POINT('',(-0.540689596192,-99.28239812753));
#12134 = CARTESIAN_POINT('',(-0.67586199524,-99.15654053702));
#12135 = CARTESIAN_POINT('',(-0.811034394288,-99.04903810567));
#12136 = ( GEOMETRIC_REPRESENTATION_CONTEXT(2) 
PARAMETRIC_REPRESENTATION_CONTEXT() REPRESENTATION_CONTEXT('2D SPACE',''
  ) );
#12137 = PCURVE('',#11311,#12138);
#12138 = DEFINITIONAL_REPRESENTATION('',(#12139),#12143);
#12139 = ELLIPSE('',#12140,2.309401076758,2.);
#12140 = AXIS2_PLACEMENT_2D('',#12141,#12142);
#12141 = CARTESIAN_POINT('',(1.385640646055,-161.098961939));
#12142 = DIRECTION('',(-1.,0.));
#12143 = ( GEOMETRIC_REPRESENTATION_CONTEXT(2) 
PARAMETRIC_REPRESENTATION_CONTEXT() REPRESENTATION_CONTEXT('2D SPACE',''
  ) );
#12144 = ORIENTED_EDGE('',*,*,#11323,.T.);
#12145 = ORIENTED_EDGE('',*,*,#11655,.T.);
#12146 = ORIENTED_EDGE('',*,*,#12147,.F.);
#12147 = EDGE_CURVE('',#7283,#11633,#12148,.T.);
#12148 = SURFACE_CURVE('',#12149,(#12153,#12160),.PCURVE_S1.);
#12149 = LINE('',#12150,#12151);
#12150 = CARTESIAN_POINT('',(3.3,-4.,0.));
#12151 = VECTOR('',#12152,1.);
#12152 = DIRECTION('',(0.,0.,1.));
#12153 = PCURVE('',#7303,#12154);
#12154 = DEFINITIONAL_REPRESENTATION('',(#12155),#12159);
#12155 = LINE('',#12156,#12157);
#12156 = CARTESIAN_POINT('',(-1.570796326795,0.));
#12157 = VECTOR('',#12158,1.);
#12158 = DIRECTION('',(-0.,-1.));
#12159 = ( GEOMETRIC_REPRESENTATION_CONTEXT(2) 
PARAMETRIC_REPRESENTATION_CONTEXT() REPRESENTATION_CONTEXT('2D SPACE',''
  ) );
#12160 = PCURVE('',#7329,#12161);
#12161 = DEFINITIONAL_REPRESENTATION('',(#12162),#12166);
#12162 = LINE('',#12163,#12164);
#12163 = CARTESIAN_POINT('',(6.6,0.));
#12164 = VECTOR('',#12165,1.);
#12165 = DIRECTION('',(0.,-1.));
#12166 = ( GEOMETRIC_REPRESENTATION_CONTEXT(2) 
PARAMETRIC_REPRESENTATION_CONTEXT() REPRESENTATION_CONTEXT('2D SPACE',''
  ) );
#12167 = ADVANCED_FACE('',(#12168),#7329,.F.);
#12168 = FACE_BOUND('',#12169,.F.);
#12169 = EDGE_LOOP('',(#12170,#12171,#12172,#12173));
#12170 = ORIENTED_EDGE('',*,*,#11758,.T.);
#12171 = ORIENTED_EDGE('',*,*,#11630,.T.);
#12172 = ORIENTED_EDGE('',*,*,#12147,.F.);
#12173 = ORIENTED_EDGE('',*,*,#7315,.F.);
#12174 = ADVANCED_FACE('',(#12175),#7463,.T.);
#12175 = FACE_BOUND('',#12176,.T.);
#12176 = EDGE_LOOP('',(#12177,#12178,#12179,#12201));
#12177 = ORIENTED_EDGE('',*,*,#7528,.T.);
#12178 = ORIENTED_EDGE('',*,*,#7703,.T.);
#12179 = ORIENTED_EDGE('',*,*,#12180,.F.);
#12180 = EDGE_CURVE('',#7415,#7704,#12181,.T.);
#12181 = SURFACE_CURVE('',#12182,(#12187,#12194),.PCURVE_S1.);
#12182 = CIRCLE('',#12183,1.);
#12183 = AXIS2_PLACEMENT_3D('',#12184,#12185,#12186);
#12184 = CARTESIAN_POINT('',(27.67,-16.865,63.6676));
#12185 = DIRECTION('',(0.,-1.,2.22044604925E-16));
#12186 = DIRECTION('',(0.,-2.22044604925E-16,-1.));
#12187 = PCURVE('',#7463,#12188);
#12188 = DEFINITIONAL_REPRESENTATION('',(#12189),#12193);
#12189 = LINE('',#12190,#12191);
#12190 = CARTESIAN_POINT('',(0.,16.379362869022));
#12191 = VECTOR('',#12192,1.);
#12192 = DIRECTION('',(1.,0.));
#12193 = ( GEOMETRIC_REPRESENTATION_CONTEXT(2) 
PARAMETRIC_REPRESENTATION_CONTEXT() REPRESENTATION_CONTEXT('2D SPACE',''
  ) );
#12194 = PCURVE('',#7435,#12195);
#12195 = DEFINITIONAL_REPRESENTATION('',(#12196),#12200);
#12196 = LINE('',#12197,#12198);
#12197 = CARTESIAN_POINT('',(-0.,4.712388980385));
#12198 = VECTOR('',#12199,1.);
#12199 = DIRECTION('',(-0.,1.));
#12200 = ( GEOMETRIC_REPRESENTATION_CONTEXT(2) 
PARAMETRIC_REPRESENTATION_CONTEXT() REPRESENTATION_CONTEXT('2D SPACE',''
  ) );
#12201 = ORIENTED_EDGE('',*,*,#7447,.F.);
#12202 = ADVANCED_FACE('',(#12203),#7435,.T.);
#12203 = FACE_BOUND('',#12204,.F.);
#12204 = EDGE_LOOP('',(#12205,#12206,#12207,#12208));
#12205 = ORIENTED_EDGE('',*,*,#12180,.F.);
#12206 = ORIENTED_EDGE('',*,*,#7414,.T.);
#12207 = ORIENTED_EDGE('',*,*,#10027,.T.);
#12208 = ORIENTED_EDGE('',*,*,#10056,.F.);
#12209 = ADVANCED_FACE('',(#12210),#7843,.T.);
#12210 = FACE_BOUND('',#12211,.T.);
#12211 = EDGE_LOOP('',(#12212,#12241,#12242,#12243));
#12212 = ORIENTED_EDGE('',*,*,#12213,.T.);
#12213 = EDGE_CURVE('',#8464,#7898,#12214,.T.);
#12214 = SURFACE_CURVE('',#12215,(#12220,#12230),.PCURVE_S1.);
#12215 = ELLIPSE('',#12216,2.019718573365,2.);
#12216 = AXIS2_PLACEMENT_3D('',#12217,#12218,#12219);
#12217 = CARTESIAN_POINT('',(19.245218507999,-2.,75.828020720117));
#12218 = DIRECTION('',(0.743294208785,-1.485399941129E-16,
    -0.668964662136));
#12219 = DIRECTION('',(-0.668964662136,1.05520740067E-15,-0.743294208785
    ));
#12220 = PCURVE('',#7843,#12221);
#12221 = DEFINITIONAL_REPRESENTATION('',(#12222),#12229);
#12222 = B_SPLINE_CURVE_WITH_KNOTS('',5,(#12223,#12224,#12225,#12226,
    #12227,#12228),.UNSPECIFIED.,.F.,.F.,(6,6),(1.570796326795,
    3.14159265359),.PIECEWISE_BEZIER_KNOTS.);
#12223 = CARTESIAN_POINT('',(-1.110223024625E-16,0.281537059006));
#12224 = CARTESIAN_POINT('',(0.314159265359,0.193089583377));
#12225 = CARTESIAN_POINT('',(0.628318271103,0.104562165456));
#12226 = CARTESIAN_POINT('',(0.942478412706,3.463739647202E-02));
#12227 = CARTESIAN_POINT('',(1.256637061436,2.852168732674E-14));
#12228 = CARTESIAN_POINT('',(1.570796326795,2.84078316426E-14));
#12229 = ( GEOMETRIC_REPRESENTATION_CONTEXT(2) 
PARAMETRIC_REPRESENTATION_CONTEXT() REPRESENTATION_CONTEXT('2D SPACE',''
  ) );
#12230 = PCURVE('',#7915,#12231);
#12231 = DEFINITIONAL_REPRESENTATION('',(#12232),#12240);
#12232 = ( BOUNDED_CURVE() B_SPLINE_CURVE(2,(#12233,#12234,#12235,#12236
    ,#12237,#12238,#12239),.UNSPECIFIED.,.T.,.F.) 
B_SPLINE_CURVE_WITH_KNOTS((1,2,2,2,2,1),(-2.094395102393,0.,
    2.094395102393,4.188790204786,6.28318530718,8.377580409573),
.UNSPECIFIED.) CURVE() GEOMETRIC_REPRESENTATION_ITEM() 
RATIONAL_B_SPLINE_CURVE((1.,0.5,1.,0.5,1.,0.5,1.)) REPRESENTATION_ITEM(
  '') );
#12233 = CARTESIAN_POINT('',(-0.905730719926,-20.6));
#12234 = CARTESIAN_POINT('',(-0.905730719926,-17.13589838486));
#12235 = CARTESIAN_POINT('',(2.123847140121,-18.86794919243));
#12236 = CARTESIAN_POINT('',(5.153425000168,-20.6));
#12237 = CARTESIAN_POINT('',(2.123847140121,-22.33205080756));
#12238 = CARTESIAN_POINT('',(-0.905730719926,-24.06410161513));
#12239 = CARTESIAN_POINT('',(-0.905730719926,-20.6));
#12240 = ( GEOMETRIC_REPRESENTATION_CONTEXT(2) 
PARAMETRIC_REPRESENTATION_CONTEXT() REPRESENTATION_CONTEXT('2D SPACE',''
  ) );
#12241 = ORIENTED_EDGE('',*,*,#7927,.T.);
#12242 = ORIENTED_EDGE('',*,*,#7823,.F.);
#12243 = ORIENTED_EDGE('',*,*,#8486,.F.);
#12244 = ADVANCED_FACE('',(#12245),#7915,.F.);
#12245 = FACE_BOUND('',#12246,.F.);
#12246 = EDGE_LOOP('',(#12247,#12268,#12269,#12270,#12271,#12272));
#12247 = ORIENTED_EDGE('',*,*,#12248,.F.);
#12248 = EDGE_CURVE('',#8412,#10255,#12249,.T.);
#12249 = SURFACE_CURVE('',#12250,(#12254,#12261),.PCURVE_S1.);
#12250 = LINE('',#12251,#12252);
#12251 = CARTESIAN_POINT('',(22.486588417569,18.6,79.429543518971));
#12252 = VECTOR('',#12253,1.);
#12253 = DIRECTION('',(0.,-1.,2.22044604925E-16));
#12254 = PCURVE('',#7915,#12255);
#12255 = DEFINITIONAL_REPRESENTATION('',(#12256),#12260);
#12256 = LINE('',#12257,#12258);
#12257 = CARTESIAN_POINT('',(5.959340819047,2.569157438132E-15));
#12258 = VECTOR('',#12259,1.);
#12259 = DIRECTION('',(0.,-1.));
#12260 = ( GEOMETRIC_REPRESENTATION_CONTEXT(2) 
PARAMETRIC_REPRESENTATION_CONTEXT() REPRESENTATION_CONTEXT('2D SPACE',''
  ) );
#12261 = PCURVE('',#8428,#12262);
#12262 = DEFINITIONAL_REPRESENTATION('',(#12263),#12267);
#12263 = LINE('',#12264,#12265);
#12264 = CARTESIAN_POINT('',(-5.550370298877,0.));
#12265 = VECTOR('',#12266,1.);
#12266 = DIRECTION('',(-0.,-1.));
#12267 = ( GEOMETRIC_REPRESENTATION_CONTEXT(2) 
PARAMETRIC_REPRESENTATION_CONTEXT() REPRESENTATION_CONTEXT('2D SPACE',''
  ) );
#12268 = ORIENTED_EDGE('',*,*,#8440,.T.);
#12269 = ORIENTED_EDGE('',*,*,#8463,.T.);
#12270 = ORIENTED_EDGE('',*,*,#12213,.T.);
#12271 = ORIENTED_EDGE('',*,*,#7897,.T.);
#12272 = ORIENTED_EDGE('',*,*,#10285,.F.);
#12273 = ADVANCED_FACE('',(#12274),#7995,.T.);
#12274 = FACE_BOUND('',#12275,.F.);
#12275 = EDGE_LOOP('',(#12276,#12305,#12306,#12307));
#12276 = ORIENTED_EDGE('',*,*,#12277,.T.);
#12277 = EDGE_CURVE('',#8051,#8904,#12278,.T.);
#12278 = SURFACE_CURVE('',#12279,(#12284,#12294),.PCURVE_S1.);
#12279 = ELLIPSE('',#12280,2.019718573365,2.);
#12280 = AXIS2_PLACEMENT_3D('',#12281,#12282,#12283);
#12281 = CARTESIAN_POINT('',(-19.24521850799,-2.,75.828020720117));
#12282 = DIRECTION('',(0.743294208785,1.485399941129E-16,0.668964662136)
  );
#12283 = DIRECTION('',(0.668964662136,1.05520740067E-15,-0.743294208785)
  );
#12284 = PCURVE('',#7995,#12285);
#12285 = DEFINITIONAL_REPRESENTATION('',(#12286),#12293);
#12286 = B_SPLINE_CURVE_WITH_KNOTS('',5,(#12287,#12288,#12289,#12290,
    #12291,#12292),.UNSPECIFIED.,.F.,.F.,(6,6),(1.570796326795,
    3.14159265359),.PIECEWISE_BEZIER_KNOTS.);
#12287 = CARTESIAN_POINT('',(-3.552713678801E-15,0.281537059006));
#12288 = CARTESIAN_POINT('',(-0.314159265359,0.193089583377));
#12289 = CARTESIAN_POINT('',(-0.628318271103,0.104562165456));
#12290 = CARTESIAN_POINT('',(-0.942478412706,3.463739647195E-02));
#12291 = CARTESIAN_POINT('',(-1.256637061436,-2.125013128425E-14));
#12292 = CARTESIAN_POINT('',(-1.570796326795,-2.134403764842E-14));
#12293 = ( GEOMETRIC_REPRESENTATION_CONTEXT(2) 
PARAMETRIC_REPRESENTATION_CONTEXT() REPRESENTATION_CONTEXT('2D SPACE',''
  ) );
#12294 = PCURVE('',#8089,#12295);
#12295 = DEFINITIONAL_REPRESENTATION('',(#12296),#12304);
#12296 = ( BOUNDED_CURVE() B_SPLINE_CURVE(2,(#12297,#12298,#12299,#12300
    ,#12301,#12302,#12303),.UNSPECIFIED.,.T.,.F.) 
B_SPLINE_CURVE_WITH_KNOTS((1,2,2,2,2,1),(-2.094395102393,0.,
    2.094395102393,4.188790204786,6.28318530718,8.377580409573),
.UNSPECIFIED.) CURVE() GEOMETRIC_REPRESENTATION_ITEM() 
RATIONAL_B_SPLINE_CURVE((1.,0.5,1.,0.5,1.,0.5,1.)) REPRESENTATION_ITEM(
  '') );
#12297 = CARTESIAN_POINT('',(-0.905730719926,-20.6));
#12298 = CARTESIAN_POINT('',(-0.905730719926,-17.13589838486));
#12299 = CARTESIAN_POINT('',(2.123847140121,-18.86794919243));
#12300 = CARTESIAN_POINT('',(5.153425000168,-20.6));
#12301 = CARTESIAN_POINT('',(2.123847140121,-22.33205080756));
#12302 = CARTESIAN_POINT('',(-0.905730719926,-24.06410161513));
#12303 = CARTESIAN_POINT('',(-0.905730719926,-20.6));
#12304 = ( GEOMETRIC_REPRESENTATION_CONTEXT(2) 
PARAMETRIC_REPRESENTATION_CONTEXT() REPRESENTATION_CONTEXT('2D SPACE',''
  ) );
#12305 = ORIENTED_EDGE('',*,*,#8926,.T.);
#12306 = ORIENTED_EDGE('',*,*,#7975,.F.);
#12307 = ORIENTED_EDGE('',*,*,#8050,.F.);
#12308 = ADVANCED_FACE('',(#12309),#8089,.T.);
#12309 = FACE_BOUND('',#12310,.T.);
#12310 = EDGE_LOOP('',(#12311,#12332,#12333,#12334,#12335,#12336));
#12311 = ORIENTED_EDGE('',*,*,#12312,.F.);
#12312 = EDGE_CURVE('',#8102,#11050,#12313,.T.);
#12313 = SURFACE_CURVE('',#12314,(#12318,#12325),.PCURVE_S1.);
#12314 = LINE('',#12315,#12316);
#12315 = CARTESIAN_POINT('',(-22.48658841756,18.6,79.429543518971));
#12316 = VECTOR('',#12317,1.);
#12317 = DIRECTION('',(0.,-1.,2.22044604925E-16));
#12318 = PCURVE('',#8089,#12319);
#12319 = DEFINITIONAL_REPRESENTATION('',(#12320),#12324);
#12320 = LINE('',#12321,#12322);
#12321 = CARTESIAN_POINT('',(5.959340819047,2.569157438132E-15));
#12322 = VECTOR('',#12323,1.);
#12323 = DIRECTION('',(0.,-1.));
#12324 = ( GEOMETRIC_REPRESENTATION_CONTEXT(2) 
PARAMETRIC_REPRESENTATION_CONTEXT() REPRESENTATION_CONTEXT('2D SPACE',''
  ) );
#12325 = PCURVE('',#8141,#12326);
#12326 = DEFINITIONAL_REPRESENTATION('',(#12327),#12331);
#12327 = LINE('',#12328,#12329);
#12328 = CARTESIAN_POINT('',(-3.874407661892,0.));
#12329 = VECTOR('',#12330,1.);
#12330 = DIRECTION('',(-0.,-1.));
#12331 = ( GEOMETRIC_REPRESENTATION_CONTEXT(2) 
PARAMETRIC_REPRESENTATION_CONTEXT() REPRESENTATION_CONTEXT('2D SPACE',''
  ) );
#12332 = ORIENTED_EDGE('',*,*,#8101,.T.);
#12333 = ORIENTED_EDGE('',*,*,#8073,.T.);
#12334 = ORIENTED_EDGE('',*,*,#12277,.T.);
#12335 = ORIENTED_EDGE('',*,*,#8901,.F.);
#12336 = ORIENTED_EDGE('',*,*,#11073,.T.);
#12337 = ADVANCED_FACE('',(#12338),#8428,.T.);
#12338 = FACE_BOUND('',#12339,.F.);
#12339 = EDGE_LOOP('',(#12340,#12361,#12362,#12363));
#12340 = ORIENTED_EDGE('',*,*,#12341,.F.);
#12341 = EDGE_CURVE('',#8384,#10412,#12342,.T.);
#12342 = SURFACE_CURVE('',#12343,(#12347,#12354),.PCURVE_S1.);
#12343 = LINE('',#12344,#12345);
#12344 = CARTESIAN_POINT('',(23.,18.6,80.767472843244));
#12345 = VECTOR('',#12346,1.);
#12346 = DIRECTION('',(0.,-1.,2.22044604925E-16));
#12347 = PCURVE('',#8428,#12348);
#12348 = DEFINITIONAL_REPRESENTATION('',(#12349),#12353);
#12349 = LINE('',#12350,#12351);
#12350 = CARTESIAN_POINT('',(-6.28318530718,0.));
#12351 = VECTOR('',#12352,1.);
#12352 = DIRECTION('',(-0.,-1.));
#12353 = ( GEOMETRIC_REPRESENTATION_CONTEXT(2) 
PARAMETRIC_REPRESENTATION_CONTEXT() REPRESENTATION_CONTEXT('2D SPACE',''
  ) );
#12354 = PCURVE('',#8399,#12355);
#12355 = DEFINITIONAL_REPRESENTATION('',(#12356),#12360);
#12356 = LINE('',#12357,#12358);
#12357 = CARTESIAN_POINT('',(28.076147667731,-8.712702409027E-16));
#12358 = VECTOR('',#12359,1.);
#12359 = DIRECTION('',(0.,-1.));
#12360 = ( GEOMETRIC_REPRESENTATION_CONTEXT(2) 
PARAMETRIC_REPRESENTATION_CONTEXT() REPRESENTATION_CONTEXT('2D SPACE',''
  ) );
#12361 = ORIENTED_EDGE('',*,*,#8411,.T.);
#12362 = ORIENTED_EDGE('',*,*,#12248,.T.);
#12363 = ORIENTED_EDGE('',*,*,#12364,.F.);
#12364 = EDGE_CURVE('',#10412,#10255,#12365,.T.);
#12365 = SURFACE_CURVE('',#12366,(#12371,#12378),.PCURVE_S1.);
#12366 = CIRCLE('',#12367,2.);
#12367 = AXIS2_PLACEMENT_3D('',#12368,#12369,#12370);
#12368 = CARTESIAN_POINT('',(21.,-16.865,80.767472843244));
#12369 = DIRECTION('',(0.,1.,-2.2369221865E-16));
#12370 = DIRECTION('',(1.,-1.689136669077E-30,-7.551164181176E-15));
#12371 = PCURVE('',#8428,#12372);
#12372 = DEFINITIONAL_REPRESENTATION('',(#12373),#12377);
#12373 = LINE('',#12374,#12375);
#12374 = CARTESIAN_POINT('',(-6.28318530718,-35.465));
#12375 = VECTOR('',#12376,1.);
#12376 = DIRECTION('',(1.,-0.));
#12377 = ( GEOMETRIC_REPRESENTATION_CONTEXT(2) 
PARAMETRIC_REPRESENTATION_CONTEXT() REPRESENTATION_CONTEXT('2D SPACE',''
  ) );
#12378 = PCURVE('',#10271,#12379);
#12379 = DEFINITIONAL_REPRESENTATION('',(#12380),#12384);
#12380 = LINE('',#12381,#12382);
#12381 = CARTESIAN_POINT('',(-0.,0.));
#12382 = VECTOR('',#12383,1.);
#12383 = DIRECTION('',(-1.,0.));
#12384 = ( GEOMETRIC_REPRESENTATION_CONTEXT(2) 
PARAMETRIC_REPRESENTATION_CONTEXT() REPRESENTATION_CONTEXT('2D SPACE',''
  ) );
#12385 = ADVANCED_FACE('',(#12386),#8141,.T.);
#12386 = FACE_BOUND('',#12387,.F.);
#12387 = EDGE_LOOP('',(#12388,#12389,#12390,#12411));
#12388 = ORIENTED_EDGE('',*,*,#12312,.F.);
#12389 = ORIENTED_EDGE('',*,*,#8124,.T.);
#12390 = ORIENTED_EDGE('',*,*,#12391,.T.);
#12391 = EDGE_CURVE('',#8125,#10885,#12392,.T.);
#12392 = SURFACE_CURVE('',#12393,(#12397,#12404),.PCURVE_S1.);
#12393 = LINE('',#12394,#12395);
#12394 = CARTESIAN_POINT('',(-23.,18.6,80.767472843244));
#12395 = VECTOR('',#12396,1.);
#12396 = DIRECTION('',(0.,-1.,2.22044604925E-16));
#12397 = PCURVE('',#8141,#12398);
#12398 = DEFINITIONAL_REPRESENTATION('',(#12399),#12403);
#12399 = LINE('',#12400,#12401);
#12400 = CARTESIAN_POINT('',(-3.14159265359,0.));
#12401 = VECTOR('',#12402,1.);
#12402 = DIRECTION('',(-0.,-1.));
#12403 = ( GEOMETRIC_REPRESENTATION_CONTEXT(2) 
PARAMETRIC_REPRESENTATION_CONTEXT() REPRESENTATION_CONTEXT('2D SPACE',''
  ) );
#12404 = PCURVE('',#8169,#12405);
#12405 = DEFINITIONAL_REPRESENTATION('',(#12406),#12410);
#12406 = LINE('',#12407,#12408);
#12407 = CARTESIAN_POINT('',(0.,0.));
#12408 = VECTOR('',#12409,1.);
#12409 = DIRECTION('',(0.,-1.));
#12410 = ( GEOMETRIC_REPRESENTATION_CONTEXT(2) 
PARAMETRIC_REPRESENTATION_CONTEXT() REPRESENTATION_CONTEXT('2D SPACE',''
  ) );
#12411 = ORIENTED_EDGE('',*,*,#12412,.F.);
#12412 = EDGE_CURVE('',#11050,#10885,#12413,.T.);
#12413 = SURFACE_CURVE('',#12414,(#12419,#12426),.PCURVE_S1.);
#12414 = CIRCLE('',#12415,2.);
#12415 = AXIS2_PLACEMENT_3D('',#12416,#12417,#12418);
#12416 = CARTESIAN_POINT('',(-21.,-16.865,80.767472843244));
#12417 = DIRECTION('',(-2.465190328816E-32,1.,-2.2369221865E-16));
#12418 = DIRECTION('',(-0.743294208785,-1.496421894717E-16,
    -0.668964662136));
#12419 = PCURVE('',#8141,#12420);
#12420 = DEFINITIONAL_REPRESENTATION('',(#12421),#12425);
#12421 = LINE('',#12422,#12423);
#12422 = CARTESIAN_POINT('',(-3.874407661892,-35.465));
#12423 = VECTOR('',#12424,1.);
#12424 = DIRECTION('',(1.,-0.));
#12425 = ( GEOMETRIC_REPRESENTATION_CONTEXT(2) 
PARAMETRIC_REPRESENTATION_CONTEXT() REPRESENTATION_CONTEXT('2D SPACE',''
  ) );
#12426 = PCURVE('',#10901,#12427);
#12427 = DEFINITIONAL_REPRESENTATION('',(#12428),#12432);
#12428 = LINE('',#12429,#12430);
#12429 = CARTESIAN_POINT('',(-0.,0.));
#12430 = VECTOR('',#12431,1.);
#12431 = DIRECTION('',(-1.,0.));
#12432 = ( GEOMETRIC_REPRESENTATION_CONTEXT(2) 
PARAMETRIC_REPRESENTATION_CONTEXT() REPRESENTATION_CONTEXT('2D SPACE',''
  ) );
#12433 = ADVANCED_FACE('',(#12434,#12460),#8399,.T.);
#12434 = FACE_BOUND('',#12435,.T.);
#12435 = EDGE_LOOP('',(#12436,#12437,#12438,#12459));
#12436 = ORIENTED_EDGE('',*,*,#12341,.F.);
#12437 = ORIENTED_EDGE('',*,*,#8383,.T.);
#12438 = ORIENTED_EDGE('',*,*,#12439,.T.);
#12439 = EDGE_CURVE('',#8355,#10310,#12440,.T.);
#12440 = SURFACE_CURVE('',#12441,(#12445,#12452),.PCURVE_S1.);
#12441 = LINE('',#12442,#12443);
#12442 = CARTESIAN_POINT('',(23.,18.6,108.84362051097));
#12443 = VECTOR('',#12444,1.);
#12444 = DIRECTION('',(0.,-1.,2.22044604925E-16));
#12445 = PCURVE('',#8399,#12446);
#12446 = DEFINITIONAL_REPRESENTATION('',(#12447),#12451);
#12447 = LINE('',#12448,#12449);
#12448 = CARTESIAN_POINT('',(0.,0.));
#12449 = VECTOR('',#12450,1.);
#12450 = DIRECTION('',(0.,-1.));
#12451 = ( GEOMETRIC_REPRESENTATION_CONTEXT(2) 
PARAMETRIC_REPRESENTATION_CONTEXT() REPRESENTATION_CONTEXT('2D SPACE',''
  ) );
#12452 = PCURVE('',#8371,#12453);
#12453 = DEFINITIONAL_REPRESENTATION('',(#12454),#12458);
#12454 = LINE('',#12455,#12456);
#12455 = CARTESIAN_POINT('',(8.881784197001E-16,-0.));
#12456 = VECTOR('',#12457,1.);
#12457 = DIRECTION('',(-0.,-1.));
#12458 = ( GEOMETRIC_REPRESENTATION_CONTEXT(2) 
PARAMETRIC_REPRESENTATION_CONTEXT() REPRESENTATION_CONTEXT('2D SPACE',''
  ) );
#12459 = ORIENTED_EDGE('',*,*,#10435,.T.);
#12460 = FACE_BOUND('',#12461,.T.);
#12461 = EDGE_LOOP('',(#12462,#12492,#12520,#12548,#12576,#12604));
#12462 = ORIENTED_EDGE('',*,*,#12463,.F.);
#12463 = EDGE_CURVE('',#12464,#12466,#12468,.T.);
#12464 = VERTEX_POINT('',#12465);
#12465 = CARTESIAN_POINT('',(23.,-4.8,99.193375672974));
#12466 = VERTEX_POINT('',#12467);
#12467 = CARTESIAN_POINT('',(23.,-7.3,100.63675134594));
#12468 = SURFACE_CURVE('',#12469,(#12473,#12480),.PCURVE_S1.);
#12469 = LINE('',#12470,#12471);
#12470 = CARTESIAN_POINT('',(23.,1.885660704388,95.333407665585));
#12471 = VECTOR('',#12472,1.);
#12472 = DIRECTION('',(0.,-0.866025403784,0.5));
#12473 = PCURVE('',#8399,#12474);
#12474 = DEFINITIONAL_REPRESENTATION('',(#12475),#12479);
#12475 = LINE('',#12476,#12477);
#12476 = CARTESIAN_POINT('',(13.51021284539,-16.71433929561));
#12477 = VECTOR('',#12478,1.);
#12478 = DIRECTION('',(-0.5,-0.866025403784));
#12479 = ( GEOMETRIC_REPRESENTATION_CONTEXT(2) 
PARAMETRIC_REPRESENTATION_CONTEXT() REPRESENTATION_CONTEXT('2D SPACE',''
  ) );
#12480 = PCURVE('',#12481,#12486);
#12481 = PLANE('',#12482);
#12482 = AXIS2_PLACEMENT_3D('',#12483,#12484,#12485);
#12483 = CARTESIAN_POINT('',(164.398961939,-4.8,99.193375672974));
#12484 = DIRECTION('',(0.,0.5,0.866025403784));
#12485 = DIRECTION('',(0.,-0.866025403784,0.5));
#12486 = DEFINITIONAL_REPRESENTATION('',(#12487),#12491);
#12487 = LINE('',#12488,#12489);
#12488 = CARTESIAN_POINT('',(-7.719936014778,-141.398961939));
#12489 = VECTOR('',#12490,1.);
#12490 = DIRECTION('',(1.,0.));
#12491 = ( GEOMETRIC_REPRESENTATION_CONTEXT(2) 
PARAMETRIC_REPRESENTATION_CONTEXT() REPRESENTATION_CONTEXT('2D SPACE',''
  ) );
#12492 = ORIENTED_EDGE('',*,*,#12493,.F.);
#12493 = EDGE_CURVE('',#12494,#12464,#12496,.T.);
#12494 = VERTEX_POINT('',#12495);
#12495 = CARTESIAN_POINT('',(23.,-4.799999999999,96.306624327025));
#12496 = SURFACE_CURVE('',#12497,(#12501,#12508),.PCURVE_S1.);
#12497 = LINE('',#12498,#12499);
#12498 = CARTESIAN_POINT('',(23.,-4.800000000001,102.57512241899));
#12499 = VECTOR('',#12500,1.);
#12500 = DIRECTION('',(0.,-3.212116871334E-13,1.));
#12501 = PCURVE('',#8399,#12502);
#12502 = DEFINITIONAL_REPRESENTATION('',(#12503),#12507);
#12503 = LINE('',#12504,#12505);
#12504 = CARTESIAN_POINT('',(6.268498091979,-23.4));
#12505 = VECTOR('',#12506,1.);
#12506 = DIRECTION('',(-1.,-3.214337317384E-13));
#12507 = ( GEOMETRIC_REPRESENTATION_CONTEXT(2) 
PARAMETRIC_REPRESENTATION_CONTEXT() REPRESENTATION_CONTEXT('2D SPACE',''
  ) );
#12508 = PCURVE('',#12509,#12514);
#12509 = PLANE('',#12510);
#12510 = AXIS2_PLACEMENT_3D('',#12511,#12512,#12513);
#12511 = CARTESIAN_POINT('',(164.398961939,-4.799999999999,
    96.306624327025));
#12512 = DIRECTION('',(0.,1.,3.212116871334E-13));
#12513 = DIRECTION('',(0.,-3.212116871334E-13,1.));
#12514 = DEFINITIONAL_REPRESENTATION('',(#12515),#12519);
#12515 = LINE('',#12516,#12517);
#12516 = CARTESIAN_POINT('',(6.268498091971,-141.398961939));
#12517 = VECTOR('',#12518,1.);
#12518 = DIRECTION('',(1.,0.));
#12519 = ( GEOMETRIC_REPRESENTATION_CONTEXT(2) 
PARAMETRIC_REPRESENTATION_CONTEXT() REPRESENTATION_CONTEXT('2D SPACE',''
  ) );
#12520 = ORIENTED_EDGE('',*,*,#12521,.F.);
#12521 = EDGE_CURVE('',#12522,#12494,#12524,.T.);
#12522 = VERTEX_POINT('',#12523);
#12523 = CARTESIAN_POINT('',(23.,-7.3,94.863248654052));
#12524 = SURFACE_CURVE('',#12525,(#12529,#12536),.PCURVE_S1.);
#12525 = LINE('',#12526,#12527);
#12526 = CARTESIAN_POINT('',(23.,5.439339295615,102.21830962566));
#12527 = VECTOR('',#12528,1.);
#12528 = DIRECTION('',(0.,0.866025403785,0.5));
#12529 = PCURVE('',#8399,#12530);
#12530 = DEFINITIONAL_REPRESENTATION('',(#12531),#12535);
#12531 = LINE('',#12532,#12533);
#12532 = CARTESIAN_POINT('',(6.625310885308,-13.16066070438));
#12533 = VECTOR('',#12534,1.);
#12534 = DIRECTION('',(-0.5,0.866025403785));
#12535 = ( GEOMETRIC_REPRESENTATION_CONTEXT(2) 
PARAMETRIC_REPRESENTATION_CONTEXT() REPRESENTATION_CONTEXT('2D SPACE',''
  ) );
#12536 = PCURVE('',#12537,#12542);
#12537 = PLANE('',#12538);
#12538 = AXIS2_PLACEMENT_3D('',#12539,#12540,#12541);
#12539 = CARTESIAN_POINT('',(164.398961939,-7.3,94.863248654052));
#12540 = DIRECTION('',(0.,0.5,-0.866025403785));
#12541 = DIRECTION('',(0.,0.866025403785,0.5));
#12542 = DEFINITIONAL_REPRESENTATION('',(#12543),#12547);
#12543 = LINE('',#12544,#12545);
#12544 = CARTESIAN_POINT('',(14.710121943239,-141.398961939));
#12545 = VECTOR('',#12546,1.);
#12546 = DIRECTION('',(1.,0.));
#12547 = ( GEOMETRIC_REPRESENTATION_CONTEXT(2) 
PARAMETRIC_REPRESENTATION_CONTEXT() REPRESENTATION_CONTEXT('2D SPACE',''
  ) );
#12548 = ORIENTED_EDGE('',*,*,#12549,.F.);
#12549 = EDGE_CURVE('',#12550,#12522,#12552,.T.);
#12550 = VERTEX_POINT('',#12551);
#12551 = CARTESIAN_POINT('',(23.,-9.8,96.306624327026));
#12552 = SURFACE_CURVE('',#12553,(#12557,#12564),.PCURVE_S1.);
#12553 = LINE('',#12554,#12555);
#12554 = CARTESIAN_POINT('',(23.,-1.864339295611,91.72496848315));
#12555 = VECTOR('',#12556,1.);
#12556 = DIRECTION('',(0.,0.866025403784,-0.5));
#12557 = PCURVE('',#8399,#12558);
#12558 = DEFINITIONAL_REPRESENTATION('',(#12559),#12563);
#12559 = LINE('',#12560,#12561);
#12560 = CARTESIAN_POINT('',(17.118652027825,-20.46433929561));
#12561 = VECTOR('',#12562,1.);
#12562 = DIRECTION('',(0.5,0.866025403784));
#12563 = ( GEOMETRIC_REPRESENTATION_CONTEXT(2) 
PARAMETRIC_REPRESENTATION_CONTEXT() REPRESENTATION_CONTEXT('2D SPACE',''
  ) );
#12564 = PCURVE('',#12565,#12570);
#12565 = PLANE('',#12566);
#12566 = AXIS2_PLACEMENT_3D('',#12567,#12568,#12569);
#12567 = CARTESIAN_POINT('',(164.398961939,-9.8,96.306624327026));
#12568 = DIRECTION('',(0.,-0.5,-0.866025403784));
#12569 = DIRECTION('',(0.,0.866025403784,-0.5));
#12570 = DEFINITIONAL_REPRESENTATION('',(#12571),#12575);
#12571 = LINE('',#12572,#12573);
#12572 = CARTESIAN_POINT('',(9.163311687752,-141.398961939));
#12573 = VECTOR('',#12574,1.);
#12574 = DIRECTION('',(1.,0.));
#12575 = ( GEOMETRIC_REPRESENTATION_CONTEXT(2) 
PARAMETRIC_REPRESENTATION_CONTEXT() REPRESENTATION_CONTEXT('2D SPACE',''
  ) );
#12576 = ORIENTED_EDGE('',*,*,#12577,.F.);
#12577 = EDGE_CURVE('',#12578,#12550,#12580,.T.);
#12578 = VERTEX_POINT('',#12579);
#12579 = CARTESIAN_POINT('',(23.,-9.8,99.193375672974));
#12580 = SURFACE_CURVE('',#12581,(#12585,#12592),.PCURVE_S1.);
#12581 = LINE('',#12582,#12583);
#12582 = CARTESIAN_POINT('',(23.,-9.8,104.01849809197));
#12583 = VECTOR('',#12584,1.);
#12584 = DIRECTION('',(0.,-7.999524775356E-14,-1.));
#12585 = PCURVE('',#8399,#12586);
#12586 = DEFINITIONAL_REPRESENTATION('',(#12587),#12591);
#12587 = LINE('',#12588,#12589);
#12588 = CARTESIAN_POINT('',(4.825122419,-28.4));
#12589 = VECTOR('',#12590,1.);
#12590 = DIRECTION('',(1.,-7.977320314864E-14));
#12591 = ( GEOMETRIC_REPRESENTATION_CONTEXT(2) 
PARAMETRIC_REPRESENTATION_CONTEXT() REPRESENTATION_CONTEXT('2D SPACE',''
  ) );
#12592 = PCURVE('',#12593,#12598);
#12593 = PLANE('',#12594);
#12594 = AXIS2_PLACEMENT_3D('',#12595,#12596,#12597);
#12595 = CARTESIAN_POINT('',(164.398961939,-9.8,99.193375672974));
#12596 = DIRECTION('',(0.,-1.,7.999524775356E-14));
#12597 = DIRECTION('',(0.,-7.999524775356E-14,-1.));
#12598 = DEFINITIONAL_REPRESENTATION('',(#12599),#12603);
#12599 = LINE('',#12600,#12601);
#12600 = CARTESIAN_POINT('',(-4.825122419002,-141.398961939));
#12601 = VECTOR('',#12602,1.);
#12602 = DIRECTION('',(1.,0.));
#12603 = ( GEOMETRIC_REPRESENTATION_CONTEXT(2) 
PARAMETRIC_REPRESENTATION_CONTEXT() REPRESENTATION_CONTEXT('2D SPACE',''
  ) );
#12604 = ORIENTED_EDGE('',*,*,#12605,.F.);
#12605 = EDGE_CURVE('',#12466,#12578,#12606,.T.);
#12606 = SURFACE_CURVE('',#12607,(#12611,#12618),.PCURVE_S1.);
#12607 = LINE('',#12608,#12609);
#12608 = CARTESIAN_POINT('',(23.,4.189339295613,107.27012448108));
#12609 = VECTOR('',#12610,1.);
#12610 = DIRECTION('',(0.,-0.866025403784,-0.5));
#12611 = PCURVE('',#8399,#12612);
#12612 = DEFINITIONAL_REPRESENTATION('',(#12613),#12617);
#12613 = LINE('',#12614,#12615);
#12614 = CARTESIAN_POINT('',(1.573496029895,-14.41066070438));
#12615 = VECTOR('',#12616,1.);
#12616 = DIRECTION('',(0.5,-0.866025403784));
#12617 = ( GEOMETRIC_REPRESENTATION_CONTEXT(2) 
PARAMETRIC_REPRESENTATION_CONTEXT() REPRESENTATION_CONTEXT('2D SPACE',''
  ) );
#12618 = PCURVE('',#12619,#12624);
#12619 = PLANE('',#12620);
#12620 = AXIS2_PLACEMENT_3D('',#12621,#12622,#12623);
#12621 = CARTESIAN_POINT('',(164.398961939,-7.3,100.63675134594));
#12622 = DIRECTION('',(0.,-0.5,0.866025403784));
#12623 = DIRECTION('',(0.,-0.866025403784,-0.5));
#12624 = DEFINITIONAL_REPRESENTATION('',(#12625),#12629);
#12625 = LINE('',#12626,#12627);
#12626 = CARTESIAN_POINT('',(-13.26674627026,-141.398961939));
#12627 = VECTOR('',#12628,1.);
#12628 = DIRECTION('',(1.,0.));
#12629 = ( GEOMETRIC_REPRESENTATION_CONTEXT(2) 
PARAMETRIC_REPRESENTATION_CONTEXT() REPRESENTATION_CONTEXT('2D SPACE',''
  ) );
#12630 = ADVANCED_FACE('',(#12631,#12657),#8169,.T.);
#12631 = FACE_BOUND('',#12632,.T.);
#12632 = EDGE_LOOP('',(#12633,#12654,#12655,#12656));
#12633 = ORIENTED_EDGE('',*,*,#12634,.F.);
#12634 = EDGE_CURVE('',#8154,#10915,#12635,.T.);
#12635 = SURFACE_CURVE('',#12636,(#12640,#12647),.PCURVE_S1.);
#12636 = LINE('',#12637,#12638);
#12637 = CARTESIAN_POINT('',(-23.,18.6,108.84362051097));
#12638 = VECTOR('',#12639,1.);
#12639 = DIRECTION('',(0.,-1.,2.22044604925E-16));
#12640 = PCURVE('',#8169,#12641);
#12641 = DEFINITIONAL_REPRESENTATION('',(#12642),#12646);
#12642 = LINE('',#12643,#12644);
#12643 = CARTESIAN_POINT('',(28.076147667731,8.712702409027E-16));
#12644 = VECTOR('',#12645,1.);
#12645 = DIRECTION('',(0.,-1.));
#12646 = ( GEOMETRIC_REPRESENTATION_CONTEXT(2) 
PARAMETRIC_REPRESENTATION_CONTEXT() REPRESENTATION_CONTEXT('2D SPACE',''
  ) );
#12647 = PCURVE('',#8198,#12648);
#12648 = DEFINITIONAL_REPRESENTATION('',(#12649),#12653);
#12649 = LINE('',#12650,#12651);
#12650 = CARTESIAN_POINT('',(-3.14159265359,0.));
#12651 = VECTOR('',#12652,1.);
#12652 = DIRECTION('',(-0.,-1.));
#12653 = ( GEOMETRIC_REPRESENTATION_CONTEXT(2) 
PARAMETRIC_REPRESENTATION_CONTEXT() REPRESENTATION_CONTEXT('2D SPACE',''
  ) );
#12654 = ORIENTED_EDGE('',*,*,#8153,.T.);
#12655 = ORIENTED_EDGE('',*,*,#12391,.T.);
#12656 = ORIENTED_EDGE('',*,*,#10942,.T.);
#12657 = FACE_BOUND('',#12658,.T.);
#12658 = EDGE_LOOP('',(#12659,#12689,#12717,#12745,#12773,#12801));
#12659 = ORIENTED_EDGE('',*,*,#12660,.F.);
#12660 = EDGE_CURVE('',#12661,#12663,#12665,.T.);
#12661 = VERTEX_POINT('',#12662);
#12662 = CARTESIAN_POINT('',(-23.,-7.3,100.63675134594));
#12663 = VERTEX_POINT('',#12664);
#12664 = CARTESIAN_POINT('',(-23.,-4.8,99.193375672974));
#12665 = SURFACE_CURVE('',#12666,(#12670,#12677),.PCURVE_S1.);
#12666 = LINE('',#12667,#12668);
#12667 = CARTESIAN_POINT('',(-23.,7.964324984553,91.823889207119));
#12668 = VECTOR('',#12669,1.);
#12669 = DIRECTION('',(0.,0.866025403784,-0.5));
#12670 = PCURVE('',#8169,#12671);
#12671 = DEFINITIONAL_REPRESENTATION('',(#12672),#12676);
#12672 = LINE('',#12673,#12674);
#12673 = CARTESIAN_POINT('',(11.056416363875,-10.63567501544));
#12674 = VECTOR('',#12675,1.);
#12675 = DIRECTION('',(-0.5,0.866025403784));
#12676 = ( GEOMETRIC_REPRESENTATION_CONTEXT(2) 
PARAMETRIC_REPRESENTATION_CONTEXT() REPRESENTATION_CONTEXT('2D SPACE',''
  ) );
#12677 = PCURVE('',#12678,#12683);
#12678 = PLANE('',#12679);
#12679 = AXIS2_PLACEMENT_3D('',#12680,#12681,#12682);
#12680 = CARTESIAN_POINT('',(164.398961939,-4.8,99.193375672974));
#12681 = DIRECTION('',(0.,0.5,0.866025403784));
#12682 = DIRECTION('',(0.,-0.866025403784,0.5));
#12683 = DEFINITIONAL_REPRESENTATION('',(#12684),#12688);
#12684 = LINE('',#12685,#12686);
#12685 = CARTESIAN_POINT('',(-14.73897293171,-187.398961939));
#12686 = VECTOR('',#12687,1.);
#12687 = DIRECTION('',(-1.,0.));
#12688 = ( GEOMETRIC_REPRESENTATION_CONTEXT(2) 
PARAMETRIC_REPRESENTATION_CONTEXT() REPRESENTATION_CONTEXT('2D SPACE',''
  ) );
#12689 = ORIENTED_EDGE('',*,*,#12690,.F.);
#12690 = EDGE_CURVE('',#12691,#12661,#12693,.T.);
#12691 = VERTEX_POINT('',#12692);
#12692 = CARTESIAN_POINT('',(-23.,-9.8,99.193375672974));
#12693 = SURFACE_CURVE('',#12694,(#12698,#12705),.PCURVE_S1.);
#12694 = LINE('',#12695,#12696);
#12695 = CARTESIAN_POINT('',(-23.,-1.889324984552,103.76060602261));
#12696 = VECTOR('',#12697,1.);
#12697 = DIRECTION('',(0.,0.866025403784,0.5));
#12698 = PCURVE('',#8169,#12699);
#12699 = DEFINITIONAL_REPRESENTATION('',(#12700),#12704);
#12700 = LINE('',#12701,#12702);
#12701 = CARTESIAN_POINT('',(22.99313317937,-20.48932498455));
#12702 = VECTOR('',#12703,1.);
#12703 = DIRECTION('',(0.5,0.866025403784));
#12704 = ( GEOMETRIC_REPRESENTATION_CONTEXT(2) 
PARAMETRIC_REPRESENTATION_CONTEXT() REPRESENTATION_CONTEXT('2D SPACE',''
  ) );
#12705 = PCURVE('',#12706,#12711);
#12706 = PLANE('',#12707);
#12707 = AXIS2_PLACEMENT_3D('',#12708,#12709,#12710);
#12708 = CARTESIAN_POINT('',(164.398961939,-7.3,100.63675134594));
#12709 = DIRECTION('',(0.,-0.5,0.866025403784));
#12710 = DIRECTION('',(0.,-0.866025403784,-0.5));
#12711 = DEFINITIONAL_REPRESENTATION('',(#12712),#12716);
#12712 = LINE('',#12713,#12714);
#12713 = CARTESIAN_POINT('',(-6.247709353333,-187.398961939));
#12714 = VECTOR('',#12715,1.);
#12715 = DIRECTION('',(-1.,0.));
#12716 = ( GEOMETRIC_REPRESENTATION_CONTEXT(2) 
PARAMETRIC_REPRESENTATION_CONTEXT() REPRESENTATION_CONTEXT('2D SPACE',''
  ) );
#12717 = ORIENTED_EDGE('',*,*,#12718,.F.);
#12718 = EDGE_CURVE('',#12719,#12691,#12721,.T.);
#12719 = VERTEX_POINT('',#12720);
#12720 = CARTESIAN_POINT('',(-23.,-9.8,96.306624327026));
#12721 = SURFACE_CURVE('',#12722,(#12726,#12733),.PCURVE_S1.);
#12722 = LINE('',#12723,#12724);
#12723 = CARTESIAN_POINT('',(-23.,-9.800000000001,89.98042425811));
#12724 = VECTOR('',#12725,1.);
#12725 = DIRECTION('',(0.,7.999524775356E-14,1.));
#12726 = PCURVE('',#8169,#12727);
#12727 = DEFINITIONAL_REPRESENTATION('',(#12728),#12732);
#12728 = LINE('',#12729,#12730);
#12729 = CARTESIAN_POINT('',(9.212951414866,-28.4));
#12730 = VECTOR('',#12731,1.);
#12731 = DIRECTION('',(1.,7.977320314864E-14));
#12732 = ( GEOMETRIC_REPRESENTATION_CONTEXT(2) 
PARAMETRIC_REPRESENTATION_CONTEXT() REPRESENTATION_CONTEXT('2D SPACE',''
  ) );
#12733 = PCURVE('',#12734,#12739);
#12734 = PLANE('',#12735);
#12735 = AXIS2_PLACEMENT_3D('',#12736,#12737,#12738);
#12736 = CARTESIAN_POINT('',(164.398961939,-9.8,99.193375672974));
#12737 = DIRECTION('',(0.,-1.,7.999524775356E-14));
#12738 = DIRECTION('',(0.,-7.999524775356E-14,-1.));
#12739 = DEFINITIONAL_REPRESENTATION('',(#12740),#12744);
#12740 = LINE('',#12741,#12742);
#12741 = CARTESIAN_POINT('',(9.212951414864,-187.398961939));
#12742 = VECTOR('',#12743,1.);
#12743 = DIRECTION('',(-1.,0.));
#12744 = ( GEOMETRIC_REPRESENTATION_CONTEXT(2) 
PARAMETRIC_REPRESENTATION_CONTEXT() REPRESENTATION_CONTEXT('2D SPACE',''
  ) );
#12745 = ORIENTED_EDGE('',*,*,#12746,.F.);
#12746 = EDGE_CURVE('',#12747,#12719,#12749,.T.);
#12747 = VERTEX_POINT('',#12748);
#12748 = CARTESIAN_POINT('',(-23.,-7.3,94.863248654052));
#12749 = SURFACE_CURVE('',#12750,(#12754,#12761),.PCURVE_S1.);
#12750 = LINE('',#12751,#12752);
#12751 = CARTESIAN_POINT('',(-23.,4.214324984553,88.215450024685));
#12752 = VECTOR('',#12753,1.);
#12753 = DIRECTION('',(0.,-0.866025403784,0.5));
#12754 = PCURVE('',#8169,#12755);
#12755 = DEFINITIONAL_REPRESENTATION('',(#12756),#12760);
#12756 = LINE('',#12757,#12758);
#12757 = CARTESIAN_POINT('',(7.44797718144,-14.38567501544));
#12758 = VECTOR('',#12759,1.);
#12759 = DIRECTION('',(0.5,-0.866025403784));
#12760 = ( GEOMETRIC_REPRESENTATION_CONTEXT(2) 
PARAMETRIC_REPRESENTATION_CONTEXT() REPRESENTATION_CONTEXT('2D SPACE',''
  ) );
#12761 = PCURVE('',#12762,#12767);
#12762 = PLANE('',#12763);
#12763 = AXIS2_PLACEMENT_3D('',#12764,#12765,#12766);
#12764 = CARTESIAN_POINT('',(164.398961939,-9.8,96.306624327026));
#12765 = DIRECTION('',(0.,-0.5,-0.866025403784));
#12766 = DIRECTION('',(0.,0.866025403784,-0.5));
#12767 = DEFINITIONAL_REPRESENTATION('',(#12768),#12772);
#12768 = LINE('',#12769,#12770);
#12769 = CARTESIAN_POINT('',(16.182348604685,-187.398961939));
#12770 = VECTOR('',#12771,1.);
#12771 = DIRECTION('',(-1.,0.));
#12772 = ( GEOMETRIC_REPRESENTATION_CONTEXT(2) 
PARAMETRIC_REPRESENTATION_CONTEXT() REPRESENTATION_CONTEXT('2D SPACE',''
  ) );
#12773 = ORIENTED_EDGE('',*,*,#12774,.F.);
#12774 = EDGE_CURVE('',#12775,#12747,#12777,.T.);
#12775 = VERTEX_POINT('',#12776);
#12776 = CARTESIAN_POINT('',(-23.,-4.799999999999,96.306624327025));
#12777 = SURFACE_CURVE('',#12778,(#12782,#12789),.PCURVE_S1.);
#12778 = LINE('',#12779,#12780);
#12779 = CARTESIAN_POINT('',(-23.,-0.639324984547,98.708791167205));
#12780 = VECTOR('',#12781,1.);
#12781 = DIRECTION('',(0.,-0.866025403785,-0.5));
#12782 = PCURVE('',#8169,#12783);
#12783 = DEFINITIONAL_REPRESENTATION('',(#12784),#12788);
#12784 = LINE('',#12785,#12786);
#12785 = CARTESIAN_POINT('',(17.941318323961,-19.23932498454));
#12786 = VECTOR('',#12787,1.);
#12787 = DIRECTION('',(-0.5,-0.866025403785));
#12788 = ( GEOMETRIC_REPRESENTATION_CONTEXT(2) 
PARAMETRIC_REPRESENTATION_CONTEXT() REPRESENTATION_CONTEXT('2D SPACE',''
  ) );
#12789 = PCURVE('',#12790,#12795);
#12790 = PLANE('',#12791);
#12791 = AXIS2_PLACEMENT_3D('',#12792,#12793,#12794);
#12792 = CARTESIAN_POINT('',(164.398961939,-7.3,94.863248654052));
#12793 = DIRECTION('',(0.,0.5,-0.866025403785));
#12794 = DIRECTION('',(0.,0.866025403785,0.5));
#12795 = DEFINITIONAL_REPRESENTATION('',(#12796),#12800);
#12796 = LINE('',#12797,#12798);
#12797 = CARTESIAN_POINT('',(7.691085026311,-187.398961939));
#12798 = VECTOR('',#12799,1.);
#12799 = DIRECTION('',(-1.,0.));
#12800 = ( GEOMETRIC_REPRESENTATION_CONTEXT(2) 
PARAMETRIC_REPRESENTATION_CONTEXT() REPRESENTATION_CONTEXT('2D SPACE',''
  ) );
#12801 = ORIENTED_EDGE('',*,*,#12802,.F.);
#12802 = EDGE_CURVE('',#12663,#12775,#12803,.T.);
#12803 = SURFACE_CURVE('',#12804,(#12808,#12815),.PCURVE_S1.);
#12804 = LINE('',#12805,#12806);
#12805 = CARTESIAN_POINT('',(-23.,-4.799999999996,88.537048585131));
#12806 = VECTOR('',#12807,1.);
#12807 = DIRECTION('',(0.,3.212116871334E-13,-1.));
#12808 = PCURVE('',#8169,#12809);
#12809 = DEFINITIONAL_REPRESENTATION('',(#12810),#12814);
#12810 = LINE('',#12811,#12812);
#12811 = CARTESIAN_POINT('',(7.769575741887,-23.39999999999));
#12812 = VECTOR('',#12813,1.);
#12813 = DIRECTION('',(-1.,3.214337317384E-13));
#12814 = ( GEOMETRIC_REPRESENTATION_CONTEXT(2) 
PARAMETRIC_REPRESENTATION_CONTEXT() REPRESENTATION_CONTEXT('2D SPACE',''
  ) );
#12815 = PCURVE('',#12816,#12821);
#12816 = PLANE('',#12817);
#12817 = AXIS2_PLACEMENT_3D('',#12818,#12819,#12820);
#12818 = CARTESIAN_POINT('',(164.398961939,-4.799999999999,
    96.306624327025));
#12819 = DIRECTION('',(0.,1.,3.212116871334E-13));
#12820 = DIRECTION('',(0.,-3.212116871334E-13,1.));
#12821 = DEFINITIONAL_REPRESENTATION('',(#12822),#12826);
#12822 = LINE('',#12823,#12824);
#12823 = CARTESIAN_POINT('',(-7.769575741894,-187.398961939));
#12824 = VECTOR('',#12825,1.);
#12825 = DIRECTION('',(-1.,0.));
#12826 = ( GEOMETRIC_REPRESENTATION_CONTEXT(2) 
PARAMETRIC_REPRESENTATION_CONTEXT() REPRESENTATION_CONTEXT('2D SPACE',''
  ) );
#12827 = ADVANCED_FACE('',(#12828),#8371,.T.);
#12828 = FACE_BOUND('',#12829,.F.);
#12829 = EDGE_LOOP('',(#12830,#12851,#12852,#12853));
#12830 = ORIENTED_EDGE('',*,*,#12831,.F.);
#12831 = EDGE_CURVE('',#8326,#10484,#12832,.T.);
#12832 = SURFACE_CURVE('',#12833,(#12837,#12844),.PCURVE_S1.);
#12833 = LINE('',#12834,#12835);
#12834 = CARTESIAN_POINT('',(22.249367454659,18.6,109.82186866765));
#12835 = VECTOR('',#12836,1.);
#12836 = DIRECTION('',(0.,-1.,2.22044604925E-16));
#12837 = PCURVE('',#8371,#12838);
#12838 = DEFINITIONAL_REPRESENTATION('',(#12839),#12843);
#12839 = LINE('',#12840,#12841);
#12840 = CARTESIAN_POINT('',(-1.308992221245,0.));
#12841 = VECTOR('',#12842,1.);
#12842 = DIRECTION('',(-0.,-1.));
#12843 = ( GEOMETRIC_REPRESENTATION_CONTEXT(2) 
PARAMETRIC_REPRESENTATION_CONTEXT() REPRESENTATION_CONTEXT('2D SPACE',''
  ) );
#12844 = PCURVE('',#8342,#12845);
#12845 = DEFINITIONAL_REPRESENTATION('',(#12846),#12850);
#12846 = LINE('',#12847,#12848);
#12847 = CARTESIAN_POINT('',(-4.450584874835,0.));
#12848 = VECTOR('',#12849,1.);
#12849 = DIRECTION('',(-0.,-1.));
#12850 = ( GEOMETRIC_REPRESENTATION_CONTEXT(2) 
PARAMETRIC_REPRESENTATION_CONTEXT() REPRESENTATION_CONTEXT('2D SPACE',''
  ) );
#12851 = ORIENTED_EDGE('',*,*,#8354,.T.);
#12852 = ORIENTED_EDGE('',*,*,#12439,.T.);
#12853 = ORIENTED_EDGE('',*,*,#12854,.F.);
#12854 = EDGE_CURVE('',#10484,#10310,#12855,.T.);
#12855 = SURFACE_CURVE('',#12856,(#12865,#12876),.PCURVE_S1.);
#12856 = B_SPLINE_CURVE_WITH_KNOTS('',7,(#12857,#12858,#12859,#12860,
    #12861,#12862,#12863,#12864),.UNSPECIFIED.,.F.,.F.,(8,8),(0.,1.),
  .PIECEWISE_BEZIER_KNOTS.);
#12857 = CARTESIAN_POINT('',(22.249367454659,-16.865,109.82186866765));
#12858 = CARTESIAN_POINT('',(22.432298770696,-16.865,109.77285144426));
#12859 = CARTESIAN_POINT('',(22.604535938877,-16.865,109.68392468402));
#12860 = CARTESIAN_POINT('',(22.755632918489,-16.865,109.55788996526));
#12861 = CARTESIAN_POINT('',(22.876049927057,-16.865,109.40095869789));
#12862 = CARTESIAN_POINT('',(22.958682498495,-16.865,109.22238964761));
#12863 = CARTESIAN_POINT('',(23.,-16.865,109.03300518452));
#12864 = CARTESIAN_POINT('',(23.,-16.865,108.84362051097));
#12865 = PCURVE('',#8371,#12866);
#12866 = DEFINITIONAL_REPRESENTATION('',(#12867),#12875);
#12867 = B_SPLINE_CURVE_WITH_KNOTS('',6,(#12868,#12869,#12870,#12871,
    #12872,#12873,#12874),.UNSPECIFIED.,.F.,.F.,(7,7),(0.,1.),
  .PIECEWISE_BEZIER_KNOTS.);
#12868 = CARTESIAN_POINT('',(-1.308992221245,-35.465));
#12869 = CARTESIAN_POINT('',(-1.090827187261,-35.465));
#12870 = CARTESIAN_POINT('',(-0.872661088402,-35.465));
#12871 = CARTESIAN_POINT('',(-0.654496110623,-35.465));
#12872 = CARTESIAN_POINT('',(-0.436331132844,-35.465));
#12873 = CARTESIAN_POINT('',(-0.218165033984,-35.465));
#12874 = CARTESIAN_POINT('',(2.386669193152E-14,-35.465));
#12875 = ( GEOMETRIC_REPRESENTATION_CONTEXT(2) 
PARAMETRIC_REPRESENTATION_CONTEXT() REPRESENTATION_CONTEXT('2D SPACE',''
  ) );
#12876 = PCURVE('',#10330,#12877);
#12877 = DEFINITIONAL_REPRESENTATION('',(#12878),#12882);
#12878 = LINE('',#12879,#12880);
#12879 = CARTESIAN_POINT('',(0.,0.));
#12880 = VECTOR('',#12881,1.);
#12881 = DIRECTION('',(1.,0.));
#12882 = ( GEOMETRIC_REPRESENTATION_CONTEXT(2) 
PARAMETRIC_REPRESENTATION_CONTEXT() REPRESENTATION_CONTEXT('2D SPACE',''
  ) );
#12883 = ADVANCED_FACE('',(#12884),#8198,.T.);
#12884 = FACE_BOUND('',#12885,.F.);
#12885 = EDGE_LOOP('',(#12886,#12887,#12888,#12909));
#12886 = ORIENTED_EDGE('',*,*,#12634,.F.);
#12887 = ORIENTED_EDGE('',*,*,#8181,.T.);
#12888 = ORIENTED_EDGE('',*,*,#12889,.T.);
#12889 = EDGE_CURVE('',#8182,#10722,#12890,.T.);
#12890 = SURFACE_CURVE('',#12891,(#12895,#12902),.PCURVE_S1.);
#12891 = LINE('',#12892,#12893);
#12892 = CARTESIAN_POINT('',(-22.24936745465,18.6,109.82186866765));
#12893 = VECTOR('',#12894,1.);
#12894 = DIRECTION('',(0.,-1.,2.22044604925E-16));
#12895 = PCURVE('',#8198,#12896);
#12896 = DEFINITIONAL_REPRESENTATION('',(#12897),#12901);
#12897 = LINE('',#12898,#12899);
#12898 = CARTESIAN_POINT('',(-1.832600432344,0.));
#12899 = VECTOR('',#12900,1.);
#12900 = DIRECTION('',(-0.,-1.));
#12901 = ( GEOMETRIC_REPRESENTATION_CONTEXT(2) 
PARAMETRIC_REPRESENTATION_CONTEXT() REPRESENTATION_CONTEXT('2D SPACE',''
  ) );
#12902 = PCURVE('',#8227,#12903);
#12903 = DEFINITIONAL_REPRESENTATION('',(#12904),#12908);
#12904 = LINE('',#12905,#12906);
#12905 = CARTESIAN_POINT('',(-4.974193085934,0.));
#12906 = VECTOR('',#12907,1.);
#12907 = DIRECTION('',(-0.,-1.));
#12908 = ( GEOMETRIC_REPRESENTATION_CONTEXT(2) 
PARAMETRIC_REPRESENTATION_CONTEXT() REPRESENTATION_CONTEXT('2D SPACE',''
  ) );
#12909 = ORIENTED_EDGE('',*,*,#12910,.F.);
#12910 = EDGE_CURVE('',#10915,#10722,#12911,.T.);
#12911 = SURFACE_CURVE('',#12912,(#12921,#12932),.PCURVE_S1.);
#12912 = B_SPLINE_CURVE_WITH_KNOTS('',7,(#12913,#12914,#12915,#12916,
    #12917,#12918,#12919,#12920),.UNSPECIFIED.,.F.,.F.,(8,8),(0.,1.),
  .PIECEWISE_BEZIER_KNOTS.);
#12913 = CARTESIAN_POINT('',(-23.,-16.865,108.84362051097));
#12914 = CARTESIAN_POINT('',(-23.,-16.865,109.03300518452));
#12915 = CARTESIAN_POINT('',(-22.95868249849,-16.86499999999,
    109.2223896476));
#12916 = CARTESIAN_POINT('',(-22.87604992705,-16.865,109.40095869789));
#12917 = CARTESIAN_POINT('',(-22.75563291848,-16.865,109.55788996525));
#12918 = CARTESIAN_POINT('',(-22.60453593887,-16.865,109.68392468402));
#12919 = CARTESIAN_POINT('',(-22.43229877069,-16.865,109.77285144426));
#12920 = CARTESIAN_POINT('',(-22.24936745465,-16.865,109.82186866765));
#12921 = PCURVE('',#8198,#12922);
#12922 = DEFINITIONAL_REPRESENTATION('',(#12923),#12931);
#12923 = B_SPLINE_CURVE_WITH_KNOTS('',6,(#12924,#12925,#12926,#12927,
    #12928,#12929,#12930),.UNSPECIFIED.,.F.,.F.,(7,7),(0.,1.),
  .PIECEWISE_BEZIER_KNOTS.);
#12924 = CARTESIAN_POINT('',(-3.14159265359,-35.465));
#12925 = CARTESIAN_POINT('',(-2.923427619606,-35.465));
#12926 = CARTESIAN_POINT('',(-2.705261520746,-35.465));
#12927 = CARTESIAN_POINT('',(-2.487096542967,-35.465));
#12928 = CARTESIAN_POINT('',(-2.268931565188,-35.465));
#12929 = CARTESIAN_POINT('',(-2.050765466328,-35.465));
#12930 = CARTESIAN_POINT('',(-1.832600432344,-35.465));
#12931 = ( GEOMETRIC_REPRESENTATION_CONTEXT(2) 
PARAMETRIC_REPRESENTATION_CONTEXT() REPRESENTATION_CONTEXT('2D SPACE',''
  ) );
#12932 = PCURVE('',#10749,#12933);
#12933 = DEFINITIONAL_REPRESENTATION('',(#12934),#12938);
#12934 = LINE('',#12935,#12936);
#12935 = CARTESIAN_POINT('',(0.,0.));
#12936 = VECTOR('',#12937,1.);
#12937 = DIRECTION('',(1.,0.));
#12938 = ( GEOMETRIC_REPRESENTATION_CONTEXT(2) 
PARAMETRIC_REPRESENTATION_CONTEXT() REPRESENTATION_CONTEXT('2D SPACE',''
  ) );
#12939 = ADVANCED_FACE('',(#12940),#8342,.F.);
#12940 = FACE_BOUND('',#12941,.T.);
#12941 = EDGE_LOOP('',(#12942,#12943,#12944,#12965));
#12942 = ORIENTED_EDGE('',*,*,#12831,.F.);
#12943 = ORIENTED_EDGE('',*,*,#8325,.T.);
#12944 = ORIENTED_EDGE('',*,*,#12945,.T.);
#12945 = EDGE_CURVE('',#8297,#10460,#12946,.T.);
#12946 = SURFACE_CURVE('',#12947,(#12951,#12958),.PCURVE_S1.);
#12947 = LINE('',#12948,#12949);
#12948 = CARTESIAN_POINT('',(21.5,18.6,110.74951186695));
#12949 = VECTOR('',#12950,1.);
#12950 = DIRECTION('',(0.,-1.,2.22044604925E-16));
#12951 = PCURVE('',#8342,#12952);
#12952 = DEFINITIONAL_REPRESENTATION('',(#12953),#12957);
#12953 = LINE('',#12954,#12955);
#12954 = CARTESIAN_POINT('',(-3.191580927465,0.));
#12955 = VECTOR('',#12956,1.);
#12956 = DIRECTION('',(-0.,-1.));
#12957 = ( GEOMETRIC_REPRESENTATION_CONTEXT(2) 
PARAMETRIC_REPRESENTATION_CONTEXT() REPRESENTATION_CONTEXT('2D SPACE',''
  ) );
#12958 = PCURVE('',#8313,#12959);
#12959 = DEFINITIONAL_REPRESENTATION('',(#12960),#12964);
#12960 = LINE('',#12961,#12962);
#12961 = CARTESIAN_POINT('',(-4.998827387506E-02,0.));
#12962 = VECTOR('',#12963,1.);
#12963 = DIRECTION('',(-0.,-1.));
#12964 = ( GEOMETRIC_REPRESENTATION_CONTEXT(2) 
PARAMETRIC_REPRESENTATION_CONTEXT() REPRESENTATION_CONTEXT('2D SPACE',''
  ) );
#12965 = ORIENTED_EDGE('',*,*,#10483,.T.);
#12966 = ADVANCED_FACE('',(#12967),#8227,.F.);
#12967 = FACE_BOUND('',#12968,.T.);
#12968 = EDGE_LOOP('',(#12969,#12990,#12991,#12992));
#12969 = ORIENTED_EDGE('',*,*,#12970,.F.);
#12970 = EDGE_CURVE('',#8211,#10642,#12971,.T.);
#12971 = SURFACE_CURVE('',#12972,(#12976,#12983),.PCURVE_S1.);
#12972 = LINE('',#12973,#12974);
#12973 = CARTESIAN_POINT('',(-21.5,18.6,110.74951186695));
#12974 = VECTOR('',#12975,1.);
#12975 = DIRECTION('',(0.,-1.,2.22044604925E-16));
#12976 = PCURVE('',#8227,#12977);
#12977 = DEFINITIONAL_REPRESENTATION('',(#12978),#12982);
#12978 = LINE('',#12979,#12980);
#12979 = CARTESIAN_POINT('',(-6.233197033305,0.));
#12980 = VECTOR('',#12981,1.);
#12981 = DIRECTION('',(-0.,-1.));
#12982 = ( GEOMETRIC_REPRESENTATION_CONTEXT(2) 
PARAMETRIC_REPRESENTATION_CONTEXT() REPRESENTATION_CONTEXT('2D SPACE',''
  ) );
#12983 = PCURVE('',#8256,#12984);
#12984 = DEFINITIONAL_REPRESENTATION('',(#12985),#12989);
#12985 = LINE('',#12986,#12987);
#12986 = CARTESIAN_POINT('',(-3.091604379715,0.));
#12987 = VECTOR('',#12988,1.);
#12988 = DIRECTION('',(-0.,-1.));
#12989 = ( GEOMETRIC_REPRESENTATION_CONTEXT(2) 
PARAMETRIC_REPRESENTATION_CONTEXT() REPRESENTATION_CONTEXT('2D SPACE',''
  ) );
#12990 = ORIENTED_EDGE('',*,*,#8210,.T.);
#12991 = ORIENTED_EDGE('',*,*,#12889,.T.);
#12992 = ORIENTED_EDGE('',*,*,#10829,.T.);
#12993 = ADVANCED_FACE('',(#12994),#8313,.T.);
#12994 = FACE_BOUND('',#12995,.F.);
#12995 = EDGE_LOOP('',(#12996,#13017,#13018,#13019));
#12996 = ORIENTED_EDGE('',*,*,#12997,.F.);
#12997 = EDGE_CURVE('',#8269,#10541,#12998,.T.);
#12998 = SURFACE_CURVE('',#12999,(#13003,#13010),.PCURVE_S1.);
#12999 = LINE('',#13000,#13001);
#13000 = CARTESIAN_POINT('',(6.518737304176,18.6,125.));
#13001 = VECTOR('',#13002,1.);
#13002 = DIRECTION('',(0.,-1.,2.22044604925E-16));
#13003 = PCURVE('',#8313,#13004);
#13004 = DEFINITIONAL_REPRESENTATION('',(#13005),#13009);
#13005 = LINE('',#13006,#13007);
#13006 = CARTESIAN_POINT('',(-1.570796326795,0.));
#13007 = VECTOR('',#13008,1.);
#13008 = DIRECTION('',(-0.,-1.));
#13009 = ( GEOMETRIC_REPRESENTATION_CONTEXT(2) 
PARAMETRIC_REPRESENTATION_CONTEXT() REPRESENTATION_CONTEXT('2D SPACE',''
  ) );
#13010 = PCURVE('',#8284,#13011);
#13011 = DEFINITIONAL_REPRESENTATION('',(#13012),#13016);
#13012 = LINE('',#13013,#13014);
#13013 = CARTESIAN_POINT('',(13.037474608351,0.));
#13014 = VECTOR('',#13015,1.);
#13015 = DIRECTION('',(0.,-1.));
#13016 = ( GEOMETRIC_REPRESENTATION_CONTEXT(2) 
PARAMETRIC_REPRESENTATION_CONTEXT() REPRESENTATION_CONTEXT('2D SPACE',''
  ) );
#13017 = ORIENTED_EDGE('',*,*,#8296,.T.);
#13018 = ORIENTED_EDGE('',*,*,#12945,.T.);
#13019 = ORIENTED_EDGE('',*,*,#10564,.F.);
#13020 = ADVANCED_FACE('',(#13021),#8256,.T.);
#13021 = FACE_BOUND('',#13022,.F.);
#13022 = EDGE_LOOP('',(#13023,#13024,#13025,#13046));
#13023 = ORIENTED_EDGE('',*,*,#12970,.F.);
#13024 = ORIENTED_EDGE('',*,*,#8239,.T.);
#13025 = ORIENTED_EDGE('',*,*,#13026,.T.);
#13026 = EDGE_CURVE('',#8240,#10592,#13027,.T.);
#13027 = SURFACE_CURVE('',#13028,(#13032,#13039),.PCURVE_S1.);
#13028 = LINE('',#13029,#13030);
#13029 = CARTESIAN_POINT('',(-6.518737304176,18.6,125.));
#13030 = VECTOR('',#13031,1.);
#13031 = DIRECTION('',(0.,-1.,2.22044604925E-16));
#13032 = PCURVE('',#8256,#13033);
#13033 = DEFINITIONAL_REPRESENTATION('',(#13034),#13038);
#13034 = LINE('',#13035,#13036);
#13035 = CARTESIAN_POINT('',(-1.570796326795,0.));
#13036 = VECTOR('',#13037,1.);
#13037 = DIRECTION('',(-0.,-1.));
#13038 = ( GEOMETRIC_REPRESENTATION_CONTEXT(2) 
PARAMETRIC_REPRESENTATION_CONTEXT() REPRESENTATION_CONTEXT('2D SPACE',''
  ) );
#13039 = PCURVE('',#8284,#13040);
#13040 = DEFINITIONAL_REPRESENTATION('',(#13041),#13045);
#13041 = LINE('',#13042,#13043);
#13042 = CARTESIAN_POINT('',(0.,0.));
#13043 = VECTOR('',#13044,1.);
#13044 = DIRECTION('',(0.,-1.));
#13045 = ( GEOMETRIC_REPRESENTATION_CONTEXT(2) 
PARAMETRIC_REPRESENTATION_CONTEXT() REPRESENTATION_CONTEXT('2D SPACE',''
  ) );
#13046 = ORIENTED_EDGE('',*,*,#10665,.F.);
#13047 = ADVANCED_FACE('',(#13048),#8284,.T.);
#13048 = FACE_BOUND('',#13049,.T.);
#13049 = EDGE_LOOP('',(#13050,#13051,#13052,#13053));
#13050 = ORIENTED_EDGE('',*,*,#12997,.F.);
#13051 = ORIENTED_EDGE('',*,*,#8268,.T.);
#13052 = ORIENTED_EDGE('',*,*,#13026,.T.);
#13053 = ORIENTED_EDGE('',*,*,#10617,.T.);
#13054 = ADVANCED_FACE('',(#13055),#8527,.T.);
#13055 = FACE_BOUND('',#13056,.F.);
#13056 = EDGE_LOOP('',(#13057,#13080,#13108,#13129));
#13057 = ORIENTED_EDGE('',*,*,#13058,.T.);
#13058 = EDGE_CURVE('',#8510,#13059,#13061,.T.);
#13059 = VERTEX_POINT('',#13060);
#13060 = CARTESIAN_POINT('',(-10.29,-14.9,82.27999999996));
#13061 = SURFACE_CURVE('',#13062,(#13066,#13073),.PCURVE_S1.);
#13062 = LINE('',#13063,#13064);
#13063 = CARTESIAN_POINT('',(-10.29,1.826983009322E-14,82.27999999996));
#13064 = VECTOR('',#13065,1.);
#13065 = DIRECTION('',(0.,-1.,2.22044604925E-16));
#13066 = PCURVE('',#8527,#13067);
#13067 = DEFINITIONAL_REPRESENTATION('',(#13068),#13072);
#13068 = LINE('',#13069,#13070);
#13069 = CARTESIAN_POINT('',(-0.,0.));
#13070 = VECTOR('',#13071,1.);
#13071 = DIRECTION('',(-0.,-1.));
#13072 = ( GEOMETRIC_REPRESENTATION_CONTEXT(2) 
PARAMETRIC_REPRESENTATION_CONTEXT() REPRESENTATION_CONTEXT('2D SPACE',''
  ) );
#13073 = PCURVE('',#8555,#13074);
#13074 = DEFINITIONAL_REPRESENTATION('',(#13075),#13079);
#13075 = LINE('',#13076,#13077);
#13076 = CARTESIAN_POINT('',(-36.19272462854,0.));
#13077 = VECTOR('',#13078,1.);
#13078 = DIRECTION('',(-0.,-1.));
#13079 = ( GEOMETRIC_REPRESENTATION_CONTEXT(2) 
PARAMETRIC_REPRESENTATION_CONTEXT() REPRESENTATION_CONTEXT('2D SPACE',''
  ) );
#13080 = ORIENTED_EDGE('',*,*,#13081,.T.);
#13081 = EDGE_CURVE('',#13059,#13082,#13084,.T.);
#13082 = VERTEX_POINT('',#13083);
#13083 = CARTESIAN_POINT('',(-15.3925,-14.9,82.27999999996));
#13084 = SURFACE_CURVE('',#13085,(#13089,#13096),.PCURVE_S1.);
#13085 = LINE('',#13086,#13087);
#13086 = CARTESIAN_POINT('',(-10.29,-14.9,82.27999999996));
#13087 = VECTOR('',#13088,1.);
#13088 = DIRECTION('',(-1.,0.,0.));
#13089 = PCURVE('',#8527,#13090);
#13090 = DEFINITIONAL_REPRESENTATION('',(#13091),#13095);
#13091 = LINE('',#13092,#13093);
#13092 = CARTESIAN_POINT('',(-0.,-14.9));
#13093 = VECTOR('',#13094,1.);
#13094 = DIRECTION('',(-1.,0.));
#13095 = ( GEOMETRIC_REPRESENTATION_CONTEXT(2) 
PARAMETRIC_REPRESENTATION_CONTEXT() REPRESENTATION_CONTEXT('2D SPACE',''
  ) );
#13096 = PCURVE('',#13097,#13102);
#13097 = PLANE('',#13098);
#13098 = AXIS2_PLACEMENT_3D('',#13099,#13100,#13101);
#13099 = CARTESIAN_POINT('',(-12.84125,-14.9,100.37636231423));
#13100 = DIRECTION('',(0.,1.,0.));
#13101 = DIRECTION('',(0.,0.,-1.));
#13102 = DEFINITIONAL_REPRESENTATION('',(#13103),#13107);
#13103 = LINE('',#13104,#13105);
#13104 = CARTESIAN_POINT('',(18.096362314274,-2.55125));
#13105 = VECTOR('',#13106,1.);
#13106 = DIRECTION('',(0.,1.));
#13107 = ( GEOMETRIC_REPRESENTATION_CONTEXT(2) 
PARAMETRIC_REPRESENTATION_CONTEXT() REPRESENTATION_CONTEXT('2D SPACE',''
  ) );
#13108 = ORIENTED_EDGE('',*,*,#13109,.F.);
#13109 = EDGE_CURVE('',#8512,#13082,#13110,.T.);
#13110 = SURFACE_CURVE('',#13111,(#13115,#13122),.PCURVE_S1.);
#13111 = LINE('',#13112,#13113);
#13112 = CARTESIAN_POINT('',(-15.3925,1.826983009322E-14,82.27999999996)
  );
#13113 = VECTOR('',#13114,1.);
#13114 = DIRECTION('',(0.,-1.,2.22044604925E-16));
#13115 = PCURVE('',#8527,#13116);
#13116 = DEFINITIONAL_REPRESENTATION('',(#13117),#13121);
#13117 = LINE('',#13118,#13119);
#13118 = CARTESIAN_POINT('',(-5.1025,0.));
#13119 = VECTOR('',#13120,1.);
#13120 = DIRECTION('',(-0.,-1.));
#13121 = ( GEOMETRIC_REPRESENTATION_CONTEXT(2) 
PARAMETRIC_REPRESENTATION_CONTEXT() REPRESENTATION_CONTEXT('2D SPACE',''
  ) );
#13122 = PCURVE('',#8609,#13123);
#13123 = DEFINITIONAL_REPRESENTATION('',(#13124),#13128);
#13124 = LINE('',#13125,#13126);
#13125 = CARTESIAN_POINT('',(-0.,0.));
#13126 = VECTOR('',#13127,1.);
#13127 = DIRECTION('',(-0.,-1.));
#13128 = ( GEOMETRIC_REPRESENTATION_CONTEXT(2) 
PARAMETRIC_REPRESENTATION_CONTEXT() REPRESENTATION_CONTEXT('2D SPACE',''
  ) );
#13129 = ORIENTED_EDGE('',*,*,#8509,.F.);
#13130 = ADVANCED_FACE('',(#13131,#13179),#8609,.T.);
#13131 = FACE_BOUND('',#13132,.F.);
#13132 = EDGE_LOOP('',(#13133,#13134,#13157,#13178));
#13133 = ORIENTED_EDGE('',*,*,#13109,.T.);
#13134 = ORIENTED_EDGE('',*,*,#13135,.T.);
#13135 = EDGE_CURVE('',#13082,#13136,#13138,.T.);
#13136 = VERTEX_POINT('',#13137);
#13137 = CARTESIAN_POINT('',(-15.3925,-14.9,118.4727246285));
#13138 = SURFACE_CURVE('',#13139,(#13143,#13150),.PCURVE_S1.);
#13139 = LINE('',#13140,#13141);
#13140 = CARTESIAN_POINT('',(-15.3925,-14.9,82.27999999996));
#13141 = VECTOR('',#13142,1.);
#13142 = DIRECTION('',(0.,2.22044604925E-16,1.));
#13143 = PCURVE('',#8609,#13144);
#13144 = DEFINITIONAL_REPRESENTATION('',(#13145),#13149);
#13145 = LINE('',#13146,#13147);
#13146 = CARTESIAN_POINT('',(3.308464613383E-15,-14.9));
#13147 = VECTOR('',#13148,1.);
#13148 = DIRECTION('',(-1.,0.));
#13149 = ( GEOMETRIC_REPRESENTATION_CONTEXT(2) 
PARAMETRIC_REPRESENTATION_CONTEXT() REPRESENTATION_CONTEXT('2D SPACE',''
  ) );
#13150 = PCURVE('',#13097,#13151);
#13151 = DEFINITIONAL_REPRESENTATION('',(#13152),#13156);
#13152 = LINE('',#13153,#13154);
#13153 = CARTESIAN_POINT('',(18.096362314274,2.55125));
#13154 = VECTOR('',#13155,1.);
#13155 = DIRECTION('',(-1.,-0.));
#13156 = ( GEOMETRIC_REPRESENTATION_CONTEXT(2) 
PARAMETRIC_REPRESENTATION_CONTEXT() REPRESENTATION_CONTEXT('2D SPACE',''
  ) );
#13157 = ORIENTED_EDGE('',*,*,#13158,.F.);
#13158 = EDGE_CURVE('',#8568,#13136,#13159,.T.);
#13159 = SURFACE_CURVE('',#13160,(#13164,#13171),.PCURVE_S1.);
#13160 = LINE('',#13161,#13162);
#13161 = CARTESIAN_POINT('',(-15.3925,2.630622933453E-14,118.4727246285)
  );
#13162 = VECTOR('',#13163,1.);
#13163 = DIRECTION('',(0.,-1.,2.22044604925E-16));
#13164 = PCURVE('',#8609,#13165);
#13165 = DEFINITIONAL_REPRESENTATION('',(#13166),#13170);
#13166 = LINE('',#13167,#13168);
#13167 = CARTESIAN_POINT('',(-36.19272462854,0.));
#13168 = VECTOR('',#13169,1.);
#13169 = DIRECTION('',(-0.,-1.));
#13170 = ( GEOMETRIC_REPRESENTATION_CONTEXT(2) 
PARAMETRIC_REPRESENTATION_CONTEXT() REPRESENTATION_CONTEXT('2D SPACE',''
  ) );
#13171 = PCURVE('',#8583,#13172);
#13172 = DEFINITIONAL_REPRESENTATION('',(#13173),#13177);
#13173 = LINE('',#13174,#13175);
#13174 = CARTESIAN_POINT('',(-0.,0.));
#13175 = VECTOR('',#13176,1.);
#13176 = DIRECTION('',(-0.,-1.));
#13177 = ( GEOMETRIC_REPRESENTATION_CONTEXT(2) 
PARAMETRIC_REPRESENTATION_CONTEXT() REPRESENTATION_CONTEXT('2D SPACE',''
  ) );
#13178 = ORIENTED_EDGE('',*,*,#8595,.F.);
#13179 = FACE_BOUND('',#13180,.F.);
#13180 = EDGE_LOOP('',(#13181,#13206,#13229,#13252,#13275,#13298));
#13181 = ORIENTED_EDGE('',*,*,#13182,.F.);
#13182 = EDGE_CURVE('',#13183,#13185,#13187,.T.);
#13183 = VERTEX_POINT('',#13184);
#13184 = CARTESIAN_POINT('',(-15.3925,-7.3,100.63675134594));
#13185 = VERTEX_POINT('',#13186);
#13186 = CARTESIAN_POINT('',(-15.3925,-4.8,99.193375672974));
#13187 = SURFACE_CURVE('',#13188,(#13192,#13199),.PCURVE_S1.);
#13188 = LINE('',#13189,#13190);
#13189 = CARTESIAN_POINT('',(-15.3925,0.661853249145,96.039973229306));
#13190 = VECTOR('',#13191,1.);
#13191 = DIRECTION('',(0.,0.866025403784,-0.5));
#13192 = PCURVE('',#8609,#13193);
#13193 = DEFINITIONAL_REPRESENTATION('',(#13194),#13198);
#13194 = LINE('',#13195,#13196);
#13195 = CARTESIAN_POINT('',(-13.75997322934,0.661853249145));
#13196 = VECTOR('',#13197,1.);
#13197 = DIRECTION('',(0.5,0.866025403784));
#13198 = ( GEOMETRIC_REPRESENTATION_CONTEXT(2) 
PARAMETRIC_REPRESENTATION_CONTEXT() REPRESENTATION_CONTEXT('2D SPACE',''
  ) );
#13199 = PCURVE('',#12678,#13200);
#13200 = DEFINITIONAL_REPRESENTATION('',(#13201),#13205);
#13201 = LINE('',#13202,#13203);
#13202 = CARTESIAN_POINT('',(-6.306804887336,-179.791461939));
#13203 = VECTOR('',#13204,1.);
#13204 = DIRECTION('',(-1.,0.));
#13205 = ( GEOMETRIC_REPRESENTATION_CONTEXT(2) 
PARAMETRIC_REPRESENTATION_CONTEXT() REPRESENTATION_CONTEXT('2D SPACE',''
  ) );
#13206 = ORIENTED_EDGE('',*,*,#13207,.F.);
#13207 = EDGE_CURVE('',#13208,#13183,#13210,.T.);
#13208 = VERTEX_POINT('',#13209);
#13209 = CARTESIAN_POINT('',(-15.3925,-9.8,99.193375672974));
#13210 = SURFACE_CURVE('',#13211,(#13215,#13222),.PCURVE_S1.);
#13211 = LINE('',#13212,#13213);
#13212 = CARTESIAN_POINT('',(-15.3925,-8.536853249144,99.922653789606));
#13213 = VECTOR('',#13214,1.);
#13214 = DIRECTION('',(0.,0.866025403784,0.5));
#13215 = PCURVE('',#8609,#13216);
#13216 = DEFINITIONAL_REPRESENTATION('',(#13217),#13221);
#13217 = LINE('',#13218,#13219);
#13218 = CARTESIAN_POINT('',(-17.64265378964,-8.536853249144));
#13219 = VECTOR('',#13220,1.);
#13220 = DIRECTION('',(-0.5,0.866025403784));
#13221 = ( GEOMETRIC_REPRESENTATION_CONTEXT(2) 
PARAMETRIC_REPRESENTATION_CONTEXT() REPRESENTATION_CONTEXT('2D SPACE',''
  ) );
#13222 = PCURVE('',#12706,#13223);
#13223 = DEFINITIONAL_REPRESENTATION('',(#13224),#13228);
#13224 = LINE('',#13225,#13226);
#13225 = CARTESIAN_POINT('',(1.428195112683,-179.791461939));
#13226 = VECTOR('',#13227,1.);
#13227 = DIRECTION('',(-1.,0.));
#13228 = ( GEOMETRIC_REPRESENTATION_CONTEXT(2) 
PARAMETRIC_REPRESENTATION_CONTEXT() REPRESENTATION_CONTEXT('2D SPACE',''
  ) );
#13229 = ORIENTED_EDGE('',*,*,#13230,.F.);
#13230 = EDGE_CURVE('',#13231,#13208,#13233,.T.);
#13231 = VERTEX_POINT('',#13232);
#13232 = CARTESIAN_POINT('',(-15.3925,-9.8,96.306624327026));
#13233 = SURFACE_CURVE('',#13234,(#13238,#13245),.PCURVE_S1.);
#13234 = LINE('',#13235,#13236);
#13235 = CARTESIAN_POINT('',(-15.3925,-9.800000000001,90.736687836468));
#13236 = VECTOR('',#13237,1.);
#13237 = DIRECTION('',(0.,7.999524775356E-14,1.));
#13238 = PCURVE('',#8609,#13239);
#13239 = DEFINITIONAL_REPRESENTATION('',(#13240),#13244);
#13240 = LINE('',#13241,#13242);
#13241 = CARTESIAN_POINT('',(-8.456687836507,-9.800000000001));
#13242 = VECTOR('',#13243,1.);
#13243 = DIRECTION('',(-1.,7.977320314864E-14));
#13244 = ( GEOMETRIC_REPRESENTATION_CONTEXT(2) 
PARAMETRIC_REPRESENTATION_CONTEXT() REPRESENTATION_CONTEXT('2D SPACE',''
  ) );
#13245 = PCURVE('',#12734,#13246);
#13246 = DEFINITIONAL_REPRESENTATION('',(#13247),#13251);
#13247 = LINE('',#13248,#13249);
#13248 = CARTESIAN_POINT('',(8.456687836506,-179.791461939));
#13249 = VECTOR('',#13250,1.);
#13250 = DIRECTION('',(-1.,0.));
#13251 = ( GEOMETRIC_REPRESENTATION_CONTEXT(2) 
PARAMETRIC_REPRESENTATION_CONTEXT() REPRESENTATION_CONTEXT('2D SPACE',''
  ) );
#13252 = ORIENTED_EDGE('',*,*,#13253,.F.);
#13253 = EDGE_CURVE('',#13254,#13231,#13256,.T.);
#13254 = VERTEX_POINT('',#13255);
#13255 = CARTESIAN_POINT('',(-15.3925,-7.3,94.863248654052));
#13256 = SURFACE_CURVE('',#13257,(#13261,#13268),.PCURVE_S1.);
#13257 = LINE('',#13258,#13259);
#13258 = CARTESIAN_POINT('',(-15.3925,-3.088146750855,92.431534046871));
#13259 = VECTOR('',#13260,1.);
#13260 = DIRECTION('',(0.,-0.866025403784,0.5));
#13261 = PCURVE('',#8609,#13262);
#13262 = DEFINITIONAL_REPRESENTATION('',(#13263),#13267);
#13263 = LINE('',#13264,#13265);
#13264 = CARTESIAN_POINT('',(-10.15153404691,-3.088146750855));
#13265 = VECTOR('',#13266,1.);
#13266 = DIRECTION('',(-0.5,-0.866025403784));
#13267 = ( GEOMETRIC_REPRESENTATION_CONTEXT(2) 
PARAMETRIC_REPRESENTATION_CONTEXT() REPRESENTATION_CONTEXT('2D SPACE',''
  ) );
#13268 = PCURVE('',#12762,#13269);
#13269 = DEFINITIONAL_REPRESENTATION('',(#13270),#13274);
#13270 = LINE('',#13271,#13272);
#13271 = CARTESIAN_POINT('',(7.75018056031,-179.791461939));
#13272 = VECTOR('',#13273,1.);
#13273 = DIRECTION('',(-1.,0.));
#13274 = ( GEOMETRIC_REPRESENTATION_CONTEXT(2) 
PARAMETRIC_REPRESENTATION_CONTEXT() REPRESENTATION_CONTEXT('2D SPACE',''
  ) );
#13275 = ORIENTED_EDGE('',*,*,#13276,.F.);
#13276 = EDGE_CURVE('',#13277,#13254,#13279,.T.);
#13277 = VERTEX_POINT('',#13278);
#13278 = CARTESIAN_POINT('',(-15.3925,-4.799999999999,96.306624327025));
#13279 = SURFACE_CURVE('',#13280,(#13284,#13291),.PCURVE_S1.);
#13280 = LINE('',#13281,#13282);
#13281 = CARTESIAN_POINT('',(-15.3925,-7.286853249143,94.870838934198));
#13282 = VECTOR('',#13283,1.);
#13283 = DIRECTION('',(0.,-0.866025403785,-0.5));
#13284 = PCURVE('',#8609,#13285);
#13285 = DEFINITIONAL_REPRESENTATION('',(#13286),#13290);
#13286 = LINE('',#13287,#13288);
#13287 = CARTESIAN_POINT('',(-12.59083893423,-7.286853249143));
#13288 = VECTOR('',#13289,1.);
#13289 = DIRECTION('',(0.5,-0.866025403785));
#13290 = ( GEOMETRIC_REPRESENTATION_CONTEXT(2) 
PARAMETRIC_REPRESENTATION_CONTEXT() REPRESENTATION_CONTEXT('2D SPACE',''
  ) );
#13291 = PCURVE('',#12790,#13292);
#13292 = DEFINITIONAL_REPRESENTATION('',(#13293),#13297);
#13293 = LINE('',#13294,#13295);
#13294 = CARTESIAN_POINT('',(1.518056029279E-02,-179.791461939));
#13295 = VECTOR('',#13296,1.);
#13296 = DIRECTION('',(-1.,0.));
#13297 = ( GEOMETRIC_REPRESENTATION_CONTEXT(2) 
PARAMETRIC_REPRESENTATION_CONTEXT() REPRESENTATION_CONTEXT('2D SPACE',''
  ) );
#13298 = ORIENTED_EDGE('',*,*,#13299,.F.);
#13299 = EDGE_CURVE('',#13185,#13277,#13300,.T.);
#13300 = SURFACE_CURVE('',#13301,(#13305,#13312),.PCURVE_S1.);
#13301 = LINE('',#13302,#13303);
#13302 = CARTESIAN_POINT('',(-15.3925,-4.799999999997,89.293312163492));
#13303 = VECTOR('',#13304,1.);
#13304 = DIRECTION('',(0.,3.212116871334E-13,-1.));
#13305 = PCURVE('',#8609,#13306);
#13306 = DEFINITIONAL_REPRESENTATION('',(#13307),#13311);
#13307 = LINE('',#13308,#13309);
#13308 = CARTESIAN_POINT('',(-7.013312163532,-4.799999999997));
#13309 = VECTOR('',#13310,1.);
#13310 = DIRECTION('',(1.,3.214337317384E-13));
#13311 = ( GEOMETRIC_REPRESENTATION_CONTEXT(2) 
PARAMETRIC_REPRESENTATION_CONTEXT() REPRESENTATION_CONTEXT('2D SPACE',''
  ) );
#13312 = PCURVE('',#12816,#13313);
#13313 = DEFINITIONAL_REPRESENTATION('',(#13314),#13318);
#13314 = LINE('',#13315,#13316);
#13315 = CARTESIAN_POINT('',(-7.013312163533,-179.791461939));
#13316 = VECTOR('',#13317,1.);
#13317 = DIRECTION('',(-1.,0.));
#13318 = ( GEOMETRIC_REPRESENTATION_CONTEXT(2) 
PARAMETRIC_REPRESENTATION_CONTEXT() REPRESENTATION_CONTEXT('2D SPACE',''
  ) );
#13319 = ADVANCED_FACE('',(#13320),#8583,.T.);
#13320 = FACE_BOUND('',#13321,.F.);
#13321 = EDGE_LOOP('',(#13322,#13323,#13346,#13367));
#13322 = ORIENTED_EDGE('',*,*,#13158,.T.);
#13323 = ORIENTED_EDGE('',*,*,#13324,.T.);
#13324 = EDGE_CURVE('',#13136,#13325,#13327,.T.);
#13325 = VERTEX_POINT('',#13326);
#13326 = CARTESIAN_POINT('',(-10.29,-14.9,118.4727246285));
#13327 = SURFACE_CURVE('',#13328,(#13332,#13339),.PCURVE_S1.);
#13328 = LINE('',#13329,#13330);
#13329 = CARTESIAN_POINT('',(-15.3925,-14.9,118.4727246285));
#13330 = VECTOR('',#13331,1.);
#13331 = DIRECTION('',(1.,0.,0.));
#13332 = PCURVE('',#8583,#13333);
#13333 = DEFINITIONAL_REPRESENTATION('',(#13334),#13338);
#13334 = LINE('',#13335,#13336);
#13335 = CARTESIAN_POINT('',(-0.,-14.9));
#13336 = VECTOR('',#13337,1.);
#13337 = DIRECTION('',(-1.,0.));
#13338 = ( GEOMETRIC_REPRESENTATION_CONTEXT(2) 
PARAMETRIC_REPRESENTATION_CONTEXT() REPRESENTATION_CONTEXT('2D SPACE',''
  ) );
#13339 = PCURVE('',#13097,#13340);
#13340 = DEFINITIONAL_REPRESENTATION('',(#13341),#13345);
#13341 = LINE('',#13342,#13343);
#13342 = CARTESIAN_POINT('',(-18.09636231427,2.55125));
#13343 = VECTOR('',#13344,1.);
#13344 = DIRECTION('',(-0.,-1.));
#13345 = ( GEOMETRIC_REPRESENTATION_CONTEXT(2) 
PARAMETRIC_REPRESENTATION_CONTEXT() REPRESENTATION_CONTEXT('2D SPACE',''
  ) );
#13346 = ORIENTED_EDGE('',*,*,#13347,.F.);
#13347 = EDGE_CURVE('',#8540,#13325,#13348,.T.);
#13348 = SURFACE_CURVE('',#13349,(#13353,#13360),.PCURVE_S1.);
#13349 = LINE('',#13350,#13351);
#13350 = CARTESIAN_POINT('',(-10.29,2.630622933453E-14,118.4727246285));
#13351 = VECTOR('',#13352,1.);
#13352 = DIRECTION('',(0.,-1.,2.22044604925E-16));
#13353 = PCURVE('',#8583,#13354);
#13354 = DEFINITIONAL_REPRESENTATION('',(#13355),#13359);
#13355 = LINE('',#13356,#13357);
#13356 = CARTESIAN_POINT('',(-5.1025,0.));
#13357 = VECTOR('',#13358,1.);
#13358 = DIRECTION('',(-0.,-1.));
#13359 = ( GEOMETRIC_REPRESENTATION_CONTEXT(2) 
PARAMETRIC_REPRESENTATION_CONTEXT() REPRESENTATION_CONTEXT('2D SPACE',''
  ) );
#13360 = PCURVE('',#8555,#13361);
#13361 = DEFINITIONAL_REPRESENTATION('',(#13362),#13366);
#13362 = LINE('',#13363,#13364);
#13363 = CARTESIAN_POINT('',(-0.,0.));
#13364 = VECTOR('',#13365,1.);
#13365 = DIRECTION('',(-0.,-1.));
#13366 = ( GEOMETRIC_REPRESENTATION_CONTEXT(2) 
PARAMETRIC_REPRESENTATION_CONTEXT() REPRESENTATION_CONTEXT('2D SPACE',''
  ) );
#13367 = ORIENTED_EDGE('',*,*,#8567,.F.);
#13368 = ADVANCED_FACE('',(#13369,#13395),#8555,.T.);
#13369 = FACE_BOUND('',#13370,.F.);
#13370 = EDGE_LOOP('',(#13371,#13372,#13393,#13394));
#13371 = ORIENTED_EDGE('',*,*,#13347,.T.);
#13372 = ORIENTED_EDGE('',*,*,#13373,.T.);
#13373 = EDGE_CURVE('',#13325,#13059,#13374,.T.);
#13374 = SURFACE_CURVE('',#13375,(#13379,#13386),.PCURVE_S1.);
#13375 = LINE('',#13376,#13377);
#13376 = CARTESIAN_POINT('',(-10.29,-14.9,118.4727246285));
#13377 = VECTOR('',#13378,1.);
#13378 = DIRECTION('',(0.,-2.22044604925E-16,-1.));
#13379 = PCURVE('',#8555,#13380);
#13380 = DEFINITIONAL_REPRESENTATION('',(#13381),#13385);
#13381 = LINE('',#13382,#13383);
#13382 = CARTESIAN_POINT('',(-3.308464613383E-15,-14.9));
#13383 = VECTOR('',#13384,1.);
#13384 = DIRECTION('',(-1.,0.));
#13385 = ( GEOMETRIC_REPRESENTATION_CONTEXT(2) 
PARAMETRIC_REPRESENTATION_CONTEXT() REPRESENTATION_CONTEXT('2D SPACE',''
  ) );
#13386 = PCURVE('',#13097,#13387);
#13387 = DEFINITIONAL_REPRESENTATION('',(#13388),#13392);
#13388 = LINE('',#13389,#13390);
#13389 = CARTESIAN_POINT('',(-18.09636231427,-2.55125));
#13390 = VECTOR('',#13391,1.);
#13391 = DIRECTION('',(1.,-0.));
#13392 = ( GEOMETRIC_REPRESENTATION_CONTEXT(2) 
PARAMETRIC_REPRESENTATION_CONTEXT() REPRESENTATION_CONTEXT('2D SPACE',''
  ) );
#13393 = ORIENTED_EDGE('',*,*,#13058,.F.);
#13394 = ORIENTED_EDGE('',*,*,#8539,.F.);
#13395 = FACE_BOUND('',#13396,.F.);
#13396 = EDGE_LOOP('',(#13397,#13422,#13445,#13468,#13491,#13514));
#13397 = ORIENTED_EDGE('',*,*,#13398,.F.);
#13398 = EDGE_CURVE('',#13399,#13401,#13403,.T.);
#13399 = VERTEX_POINT('',#13400);
#13400 = CARTESIAN_POINT('',(-10.29,-4.8,99.193375672974));
#13401 = VERTEX_POINT('',#13402);
#13402 = CARTESIAN_POINT('',(-10.29,-7.3,100.63675134594));
#13403 = SURFACE_CURVE('',#13404,(#13408,#13415),.PCURVE_S1.);
#13404 = LINE('',#13405,#13406);
#13405 = CARTESIAN_POINT('',(-10.29,-7.174101490979,100.56406380787));
#13406 = VECTOR('',#13407,1.);
#13407 = DIRECTION('',(0.,-0.866025403784,0.5));
#13408 = PCURVE('',#8555,#13409);
#13409 = DEFINITIONAL_REPRESENTATION('',(#13410),#13414);
#13410 = LINE('',#13411,#13412);
#13411 = CARTESIAN_POINT('',(-17.90866082063,-7.174101490979));
#13412 = VECTOR('',#13413,1.);
#13413 = DIRECTION('',(0.5,-0.866025403784));
#13414 = ( GEOMETRIC_REPRESENTATION_CONTEXT(2) 
PARAMETRIC_REPRESENTATION_CONTEXT() REPRESENTATION_CONTEXT('2D SPACE',''
  ) );
#13415 = PCURVE('',#11824,#13416);
#13416 = DEFINITIONAL_REPRESENTATION('',(#13417),#13421);
#13417 = LINE('',#13418,#13419);
#13418 = CARTESIAN_POINT('',(2.741376269801,-174.688961939));
#13419 = VECTOR('',#13420,1.);
#13420 = DIRECTION('',(1.,0.));
#13421 = ( GEOMETRIC_REPRESENTATION_CONTEXT(2) 
PARAMETRIC_REPRESENTATION_CONTEXT() REPRESENTATION_CONTEXT('2D SPACE',''
  ) );
#13422 = ORIENTED_EDGE('',*,*,#13423,.F.);
#13423 = EDGE_CURVE('',#13424,#13399,#13426,.T.);
#13424 = VERTEX_POINT('',#13425);
#13425 = CARTESIAN_POINT('',(-10.29,-4.799999999999,96.306624327025));
#13426 = SURFACE_CURVE('',#13427,(#13431,#13438),.PCURVE_S1.);
#13427 = LINE('',#13428,#13429);
#13428 = CARTESIAN_POINT('',(-10.29,-4.800000000003,107.38967447776));
#13429 = VECTOR('',#13430,1.);
#13430 = DIRECTION('',(0.,-3.212116871334E-13,1.));
#13431 = PCURVE('',#8555,#13432);
#13432 = DEFINITIONAL_REPRESENTATION('',(#13433),#13437);
#13433 = LINE('',#13434,#13435);
#13434 = CARTESIAN_POINT('',(-11.08305015074,-4.800000000003));
#13435 = VECTOR('',#13436,1.);
#13436 = DIRECTION('',(1.,-3.214337317384E-13));
#13437 = ( GEOMETRIC_REPRESENTATION_CONTEXT(2) 
PARAMETRIC_REPRESENTATION_CONTEXT() REPRESENTATION_CONTEXT('2D SPACE',''
  ) );
#13438 = PCURVE('',#11852,#13439);
#13439 = DEFINITIONAL_REPRESENTATION('',(#13440),#13444);
#13440 = LINE('',#13441,#13442);
#13441 = CARTESIAN_POINT('',(11.083050150741,-174.688961939));
#13442 = VECTOR('',#13443,1.);
#13443 = DIRECTION('',(1.,0.));
#13444 = ( GEOMETRIC_REPRESENTATION_CONTEXT(2) 
PARAMETRIC_REPRESENTATION_CONTEXT() REPRESENTATION_CONTEXT('2D SPACE',''
  ) );
#13445 = ORIENTED_EDGE('',*,*,#13446,.F.);
#13446 = EDGE_CURVE('',#13447,#13424,#13449,.T.);
#13447 = VERTEX_POINT('',#13448);
#13448 = CARTESIAN_POINT('',(-10.29,-7.3,94.863248654052));
#13449 = SURFACE_CURVE('',#13450,(#13454,#13461),.PCURVE_S1.);
#13450 = LINE('',#13451,#13452);
#13451 = CARTESIAN_POINT('',(-10.29,0.549101490979,99.394929512761));
#13452 = VECTOR('',#13453,1.);
#13453 = DIRECTION('',(0.,0.866025403785,0.5));
#13454 = PCURVE('',#8555,#13455);
#13455 = DEFINITIONAL_REPRESENTATION('',(#13456),#13460);
#13456 = LINE('',#13457,#13458);
#13457 = CARTESIAN_POINT('',(-19.07779511574,0.549101490979));
#13458 = VECTOR('',#13459,1.);
#13459 = DIRECTION('',(0.5,0.866025403785));
#13460 = ( GEOMETRIC_REPRESENTATION_CONTEXT(2) 
PARAMETRIC_REPRESENTATION_CONTEXT() REPRESENTATION_CONTEXT('2D SPACE',''
  ) );
#13461 = PCURVE('',#11885,#13462);
#13462 = DEFINITIONAL_REPRESENTATION('',(#13463),#13467);
#13463 = LINE('',#13464,#13465);
#13464 = CARTESIAN_POINT('',(9.063361717424,-174.688961939));
#13465 = VECTOR('',#13466,1.);
#13466 = DIRECTION('',(1.,0.));
#13467 = ( GEOMETRIC_REPRESENTATION_CONTEXT(2) 
PARAMETRIC_REPRESENTATION_CONTEXT() REPRESENTATION_CONTEXT('2D SPACE',''
  ) );
#13468 = ORIENTED_EDGE('',*,*,#13469,.F.);
#13469 = EDGE_CURVE('',#13470,#13447,#13472,.T.);
#13470 = VERTEX_POINT('',#13471);
#13471 = CARTESIAN_POINT('',(-10.29,-9.8,96.306624327026));
#13472 = SURFACE_CURVE('',#13473,(#13477,#13484),.PCURVE_S1.);
#13473 = LINE('',#13474,#13475);
#13474 = CARTESIAN_POINT('',(-10.29,-10.92410149097,96.955624625439));
#13475 = VECTOR('',#13476,1.);
#13476 = DIRECTION('',(0.,0.866025403784,-0.5));
#13477 = PCURVE('',#8555,#13478);
#13478 = DEFINITIONAL_REPRESENTATION('',(#13479),#13483);
#13479 = LINE('',#13480,#13481);
#13480 = CARTESIAN_POINT('',(-21.51710000306,-10.92410149097));
#13481 = VECTOR('',#13482,1.);
#13482 = DIRECTION('',(-0.5,0.866025403784));
#13483 = ( GEOMETRIC_REPRESENTATION_CONTEXT(2) 
PARAMETRIC_REPRESENTATION_CONTEXT() REPRESENTATION_CONTEXT('2D SPACE',''
  ) );
#13484 = PCURVE('',#12024,#13485);
#13485 = DEFINITIONAL_REPRESENTATION('',(#13486),#13490);
#13486 = LINE('',#13487,#13488);
#13487 = CARTESIAN_POINT('',(-1.298000596826,-174.688961939));
#13488 = VECTOR('',#13489,1.);
#13489 = DIRECTION('',(1.,0.));
#13490 = ( GEOMETRIC_REPRESENTATION_CONTEXT(2) 
PARAMETRIC_REPRESENTATION_CONTEXT() REPRESENTATION_CONTEXT('2D SPACE',''
  ) );
#13491 = ORIENTED_EDGE('',*,*,#13492,.F.);
#13492 = EDGE_CURVE('',#13493,#13470,#13495,.T.);
#13493 = VERTEX_POINT('',#13494);
#13494 = CARTESIAN_POINT('',(-10.29,-9.8,99.193375672974));
#13495 = SURFACE_CURVE('',#13496,(#13500,#13507),.PCURVE_S1.);
#13496 = LINE('',#13497,#13498);
#13497 = CARTESIAN_POINT('',(-10.29,-9.799999999999,108.83305015074));
#13498 = VECTOR('',#13499,1.);
#13499 = DIRECTION('',(0.,-7.999524775356E-14,-1.));
#13500 = PCURVE('',#8555,#13501);
#13501 = DEFINITIONAL_REPRESENTATION('',(#13502),#13506);
#13502 = LINE('',#13503,#13504);
#13503 = CARTESIAN_POINT('',(-9.639674477767,-9.799999999999));
#13504 = VECTOR('',#13505,1.);
#13505 = DIRECTION('',(-1.,-7.977320314864E-14));
#13506 = ( GEOMETRIC_REPRESENTATION_CONTEXT(2) 
PARAMETRIC_REPRESENTATION_CONTEXT() REPRESENTATION_CONTEXT('2D SPACE',''
  ) );
#13507 = PCURVE('',#11996,#13508);
#13508 = DEFINITIONAL_REPRESENTATION('',(#13509),#13513);
#13509 = LINE('',#13510,#13511);
#13510 = CARTESIAN_POINT('',(-9.639674477768,-174.688961939));
#13511 = VECTOR('',#13512,1.);
#13512 = DIRECTION('',(1.,0.));
#13513 = ( GEOMETRIC_REPRESENTATION_CONTEXT(2) 
PARAMETRIC_REPRESENTATION_CONTEXT() REPRESENTATION_CONTEXT('2D SPACE',''
  ) );
#13514 = ORIENTED_EDGE('',*,*,#13515,.F.);
#13515 = EDGE_CURVE('',#13401,#13493,#13516,.T.);
#13516 = SURFACE_CURVE('',#13517,(#13521,#13528),.PCURVE_S1.);
#13517 = LINE('',#13518,#13519);
#13518 = CARTESIAN_POINT('',(-10.29,-0.70089850902,104.44674436817));
#13519 = VECTOR('',#13520,1.);
#13520 = DIRECTION('',(0.,-0.866025403784,-0.5));
#13521 = PCURVE('',#8555,#13522);
#13522 = DEFINITIONAL_REPRESENTATION('',(#13523),#13527);
#13523 = LINE('',#13524,#13525);
#13524 = CARTESIAN_POINT('',(-14.02598026033,-0.70089850902));
#13525 = VECTOR('',#13526,1.);
#13526 = DIRECTION('',(-0.5,-0.866025403784));
#13527 = ( GEOMETRIC_REPRESENTATION_CONTEXT(2) 
PARAMETRIC_REPRESENTATION_CONTEXT() REPRESENTATION_CONTEXT('2D SPACE',''
  ) );
#13528 = PCURVE('',#11968,#13529);
#13529 = DEFINITIONAL_REPRESENTATION('',(#13530),#13534);
#13530 = LINE('',#13531,#13532);
#13531 = CARTESIAN_POINT('',(-7.619986044453,-174.688961939));
#13532 = VECTOR('',#13533,1.);
#13533 = DIRECTION('',(1.,0.));
#13534 = ( GEOMETRIC_REPRESENTATION_CONTEXT(2) 
PARAMETRIC_REPRESENTATION_CONTEXT() REPRESENTATION_CONTEXT('2D SPACE',''
  ) );
#13535 = ADVANCED_FACE('',(#13536),#8641,.T.);
#13536 = FACE_BOUND('',#13537,.T.);
#13537 = EDGE_LOOP('',(#13538,#13539,#13562,#13590));
#13538 = ORIENTED_EDGE('',*,*,#8623,.T.);
#13539 = ORIENTED_EDGE('',*,*,#13540,.T.);
#13540 = EDGE_CURVE('',#8626,#13541,#13543,.T.);
#13541 = VERTEX_POINT('',#13542);
#13542 = CARTESIAN_POINT('',(5.,1.5,113.));
#13543 = SURFACE_CURVE('',#13544,(#13548,#13555),.PCURVE_S1.);
#13544 = LINE('',#13545,#13546);
#13545 = CARTESIAN_POINT('',(5.,0.,114.5));
#13546 = VECTOR('',#13547,1.);
#13547 = DIRECTION('',(0.,0.707106781187,-0.707106781187));
#13548 = PCURVE('',#8641,#13549);
#13549 = DEFINITIONAL_REPRESENTATION('',(#13550),#13554);
#13550 = LINE('',#13551,#13552);
#13551 = CARTESIAN_POINT('',(0.,-10.));
#13552 = VECTOR('',#13553,1.);
#13553 = DIRECTION('',(1.,0.));
#13554 = ( GEOMETRIC_REPRESENTATION_CONTEXT(2) 
PARAMETRIC_REPRESENTATION_CONTEXT() REPRESENTATION_CONTEXT('2D SPACE',''
  ) );
#13555 = PCURVE('',#8723,#13556);
#13556 = DEFINITIONAL_REPRESENTATION('',(#13557),#13561);
#13557 = LINE('',#13558,#13559);
#13558 = CARTESIAN_POINT('',(3.5,0.602387782));
#13559 = VECTOR('',#13560,1.);
#13560 = DIRECTION('',(-0.707106781187,-0.707106781187));
#13561 = ( GEOMETRIC_REPRESENTATION_CONTEXT(2) 
PARAMETRIC_REPRESENTATION_CONTEXT() REPRESENTATION_CONTEXT('2D SPACE',''
  ) );
#13562 = ORIENTED_EDGE('',*,*,#13563,.F.);
#13563 = EDGE_CURVE('',#13564,#13541,#13566,.T.);
#13564 = VERTEX_POINT('',#13565);
#13565 = CARTESIAN_POINT('',(-5.,1.5,113.));
#13566 = SURFACE_CURVE('',#13567,(#13571,#13578),.PCURVE_S1.);
#13567 = LINE('',#13568,#13569);
#13568 = CARTESIAN_POINT('',(-5.,1.5,113.));
#13569 = VECTOR('',#13570,1.);
#13570 = DIRECTION('',(1.,0.,0.));
#13571 = PCURVE('',#8641,#13572);
#13572 = DEFINITIONAL_REPRESENTATION('',(#13573),#13577);
#13573 = LINE('',#13574,#13575);
#13574 = CARTESIAN_POINT('',(2.12132034356,0.));
#13575 = VECTOR('',#13576,1.);
#13576 = DIRECTION('',(0.,-1.));
#13577 = ( GEOMETRIC_REPRESENTATION_CONTEXT(2) 
PARAMETRIC_REPRESENTATION_CONTEXT() REPRESENTATION_CONTEXT('2D SPACE',''
  ) );
#13578 = PCURVE('',#13579,#13584);
#13579 = PLANE('',#13580);
#13580 = AXIS2_PLACEMENT_3D('',#13581,#13582,#13583);
#13581 = CARTESIAN_POINT('',(-5.,1.5,113.));
#13582 = DIRECTION('',(0.,1.,0.));
#13583 = DIRECTION('',(0.,0.,-1.));
#13584 = DEFINITIONAL_REPRESENTATION('',(#13585),#13589);
#13585 = LINE('',#13586,#13587);
#13586 = CARTESIAN_POINT('',(0.,0.));
#13587 = VECTOR('',#13588,1.);
#13588 = DIRECTION('',(0.,-1.));
#13589 = ( GEOMETRIC_REPRESENTATION_CONTEXT(2) 
PARAMETRIC_REPRESENTATION_CONTEXT() REPRESENTATION_CONTEXT('2D SPACE',''
  ) );
#13590 = ORIENTED_EDGE('',*,*,#13591,.F.);
#13591 = EDGE_CURVE('',#8624,#13564,#13592,.T.);
#13592 = SURFACE_CURVE('',#13593,(#13597,#13604),.PCURVE_S1.);
#13593 = LINE('',#13594,#13595);
#13594 = CARTESIAN_POINT('',(-5.,0.,114.5));
#13595 = VECTOR('',#13596,1.);
#13596 = DIRECTION('',(0.,0.707106781187,-0.707106781187));
#13597 = PCURVE('',#8641,#13598);
#13598 = DEFINITIONAL_REPRESENTATION('',(#13599),#13603);
#13599 = LINE('',#13600,#13601);
#13600 = CARTESIAN_POINT('',(0.,0.));
#13601 = VECTOR('',#13602,1.);
#13602 = DIRECTION('',(1.,0.));
#13603 = ( GEOMETRIC_REPRESENTATION_CONTEXT(2) 
PARAMETRIC_REPRESENTATION_CONTEXT() REPRESENTATION_CONTEXT('2D SPACE',''
  ) );
#13604 = PCURVE('',#8669,#13605);
#13605 = DEFINITIONAL_REPRESENTATION('',(#13606),#13610);
#13606 = LINE('',#13607,#13608);
#13607 = CARTESIAN_POINT('',(3.5,0.602387782));
#13608 = VECTOR('',#13609,1.);
#13609 = DIRECTION('',(-0.707106781187,-0.707106781187));
#13610 = ( GEOMETRIC_REPRESENTATION_CONTEXT(2) 
PARAMETRIC_REPRESENTATION_CONTEXT() REPRESENTATION_CONTEXT('2D SPACE',''
  ) );
#13611 = ADVANCED_FACE('',(#13612),#8669,.F.);
#13612 = FACE_BOUND('',#13613,.T.);
#13613 = EDGE_LOOP('',(#13614,#13615,#13638,#13659));
#13614 = ORIENTED_EDGE('',*,*,#13591,.T.);
#13615 = ORIENTED_EDGE('',*,*,#13616,.T.);
#13616 = EDGE_CURVE('',#13564,#13617,#13619,.T.);
#13617 = VERTEX_POINT('',#13618);
#13618 = CARTESIAN_POINT('',(-5.,1.5,109.));
#13619 = SURFACE_CURVE('',#13620,(#13624,#13631),.PCURVE_S1.);
#13620 = LINE('',#13621,#13622);
#13621 = CARTESIAN_POINT('',(-5.,1.5,113.));
#13622 = VECTOR('',#13623,1.);
#13623 = DIRECTION('',(0.,0.,-1.));
#13624 = PCURVE('',#8669,#13625);
#13625 = DEFINITIONAL_REPRESENTATION('',(#13626),#13630);
#13626 = LINE('',#13627,#13628);
#13627 = CARTESIAN_POINT('',(2.,-0.897612218));
#13628 = VECTOR('',#13629,1.);
#13629 = DIRECTION('',(-1.,0.));
#13630 = ( GEOMETRIC_REPRESENTATION_CONTEXT(2) 
PARAMETRIC_REPRESENTATION_CONTEXT() REPRESENTATION_CONTEXT('2D SPACE',''
  ) );
#13631 = PCURVE('',#13579,#13632);
#13632 = DEFINITIONAL_REPRESENTATION('',(#13633),#13637);
#13633 = LINE('',#13634,#13635);
#13634 = CARTESIAN_POINT('',(0.,0.));
#13635 = VECTOR('',#13636,1.);
#13636 = DIRECTION('',(1.,0.));
#13637 = ( GEOMETRIC_REPRESENTATION_CONTEXT(2) 
PARAMETRIC_REPRESENTATION_CONTEXT() REPRESENTATION_CONTEXT('2D SPACE',''
  ) );
#13638 = ORIENTED_EDGE('',*,*,#13639,.T.);
#13639 = EDGE_CURVE('',#13617,#8654,#13640,.T.);
#13640 = SURFACE_CURVE('',#13641,(#13645,#13652),.PCURVE_S1.);
#13641 = LINE('',#13642,#13643);
#13642 = CARTESIAN_POINT('',(-5.,1.5,109.));
#13643 = VECTOR('',#13644,1.);
#13644 = DIRECTION('',(0.,-0.707106781187,-0.707106781187));
#13645 = PCURVE('',#8669,#13646);
#13646 = DEFINITIONAL_REPRESENTATION('',(#13647),#13651);
#13647 = LINE('',#13648,#13649);
#13648 = CARTESIAN_POINT('',(-2.,-0.897612218));
#13649 = VECTOR('',#13650,1.);
#13650 = DIRECTION('',(-0.707106781187,0.707106781187));
#13651 = ( GEOMETRIC_REPRESENTATION_CONTEXT(2) 
PARAMETRIC_REPRESENTATION_CONTEXT() REPRESENTATION_CONTEXT('2D SPACE',''
  ) );
#13652 = PCURVE('',#8697,#13653);
#13653 = DEFINITIONAL_REPRESENTATION('',(#13654),#13658);
#13654 = LINE('',#13655,#13656);
#13655 = CARTESIAN_POINT('',(0.,0.));
#13656 = VECTOR('',#13657,1.);
#13657 = DIRECTION('',(1.,0.));
#13658 = ( GEOMETRIC_REPRESENTATION_CONTEXT(2) 
PARAMETRIC_REPRESENTATION_CONTEXT() REPRESENTATION_CONTEXT('2D SPACE',''
  ) );
#13659 = ORIENTED_EDGE('',*,*,#8653,.T.);
#13660 = ADVANCED_FACE('',(#13661),#8723,.T.);
#13661 = FACE_BOUND('',#13662,.F.);
#13662 = EDGE_LOOP('',(#13663,#13664,#13687,#13708));
#13663 = ORIENTED_EDGE('',*,*,#13540,.T.);
#13664 = ORIENTED_EDGE('',*,*,#13665,.T.);
#13665 = EDGE_CURVE('',#13541,#13666,#13668,.T.);
#13666 = VERTEX_POINT('',#13667);
#13667 = CARTESIAN_POINT('',(5.,1.5,109.));
#13668 = SURFACE_CURVE('',#13669,(#13673,#13680),.PCURVE_S1.);
#13669 = LINE('',#13670,#13671);
#13670 = CARTESIAN_POINT('',(5.,1.5,113.));
#13671 = VECTOR('',#13672,1.);
#13672 = DIRECTION('',(0.,0.,-1.));
#13673 = PCURVE('',#8723,#13674);
#13674 = DEFINITIONAL_REPRESENTATION('',(#13675),#13679);
#13675 = LINE('',#13676,#13677);
#13676 = CARTESIAN_POINT('',(2.,-0.897612218));
#13677 = VECTOR('',#13678,1.);
#13678 = DIRECTION('',(-1.,0.));
#13679 = ( GEOMETRIC_REPRESENTATION_CONTEXT(2) 
PARAMETRIC_REPRESENTATION_CONTEXT() REPRESENTATION_CONTEXT('2D SPACE',''
  ) );
#13680 = PCURVE('',#13579,#13681);
#13681 = DEFINITIONAL_REPRESENTATION('',(#13682),#13686);
#13682 = LINE('',#13683,#13684);
#13683 = CARTESIAN_POINT('',(0.,-10.));
#13684 = VECTOR('',#13685,1.);
#13685 = DIRECTION('',(1.,0.));
#13686 = ( GEOMETRIC_REPRESENTATION_CONTEXT(2) 
PARAMETRIC_REPRESENTATION_CONTEXT() REPRESENTATION_CONTEXT('2D SPACE',''
  ) );
#13687 = ORIENTED_EDGE('',*,*,#13688,.T.);
#13688 = EDGE_CURVE('',#13666,#8682,#13689,.T.);
#13689 = SURFACE_CURVE('',#13690,(#13694,#13701),.PCURVE_S1.);
#13690 = LINE('',#13691,#13692);
#13691 = CARTESIAN_POINT('',(5.,1.5,109.));
#13692 = VECTOR('',#13693,1.);
#13693 = DIRECTION('',(0.,-0.707106781187,-0.707106781187));
#13694 = PCURVE('',#8723,#13695);
#13695 = DEFINITIONAL_REPRESENTATION('',(#13696),#13700);
#13696 = LINE('',#13697,#13698);
#13697 = CARTESIAN_POINT('',(-2.,-0.897612218));
#13698 = VECTOR('',#13699,1.);
#13699 = DIRECTION('',(-0.707106781187,0.707106781187));
#13700 = ( GEOMETRIC_REPRESENTATION_CONTEXT(2) 
PARAMETRIC_REPRESENTATION_CONTEXT() REPRESENTATION_CONTEXT('2D SPACE',''
  ) );
#13701 = PCURVE('',#8697,#13702);
#13702 = DEFINITIONAL_REPRESENTATION('',(#13703),#13707);
#13703 = LINE('',#13704,#13705);
#13704 = CARTESIAN_POINT('',(0.,-10.));
#13705 = VECTOR('',#13706,1.);
#13706 = DIRECTION('',(1.,0.));
#13707 = ( GEOMETRIC_REPRESENTATION_CONTEXT(2) 
PARAMETRIC_REPRESENTATION_CONTEXT() REPRESENTATION_CONTEXT('2D SPACE',''
  ) );
#13708 = ORIENTED_EDGE('',*,*,#8709,.T.);
#13709 = ADVANCED_FACE('',(#13710),#8697,.T.);
#13710 = FACE_BOUND('',#13711,.T.);
#13711 = EDGE_LOOP('',(#13712,#13733,#13734,#13735));
#13712 = ORIENTED_EDGE('',*,*,#13713,.T.);
#13713 = EDGE_CURVE('',#13617,#13666,#13714,.T.);
#13714 = SURFACE_CURVE('',#13715,(#13719,#13726),.PCURVE_S1.);
#13715 = LINE('',#13716,#13717);
#13716 = CARTESIAN_POINT('',(-5.,1.5,109.));
#13717 = VECTOR('',#13718,1.);
#13718 = DIRECTION('',(1.,0.,0.));
#13719 = PCURVE('',#8697,#13720);
#13720 = DEFINITIONAL_REPRESENTATION('',(#13721),#13725);
#13721 = LINE('',#13722,#13723);
#13722 = CARTESIAN_POINT('',(0.,0.));
#13723 = VECTOR('',#13724,1.);
#13724 = DIRECTION('',(0.,-1.));
#13725 = ( GEOMETRIC_REPRESENTATION_CONTEXT(2) 
PARAMETRIC_REPRESENTATION_CONTEXT() REPRESENTATION_CONTEXT('2D SPACE',''
  ) );
#13726 = PCURVE('',#13579,#13727);
#13727 = DEFINITIONAL_REPRESENTATION('',(#13728),#13732);
#13728 = LINE('',#13729,#13730);
#13729 = CARTESIAN_POINT('',(4.,0.));
#13730 = VECTOR('',#13731,1.);
#13731 = DIRECTION('',(0.,-1.));
#13732 = ( GEOMETRIC_REPRESENTATION_CONTEXT(2) 
PARAMETRIC_REPRESENTATION_CONTEXT() REPRESENTATION_CONTEXT('2D SPACE',''
  ) );
#13733 = ORIENTED_EDGE('',*,*,#13688,.T.);
#13734 = ORIENTED_EDGE('',*,*,#8681,.F.);
#13735 = ORIENTED_EDGE('',*,*,#13639,.F.);
#13736 = ADVANCED_FACE('',(#13737,#13812),#8755,.T.);
#13737 = FACE_BOUND('',#13738,.T.);
#13738 = EDGE_LOOP('',(#13739,#13762,#13790,#13811));
#13739 = ORIENTED_EDGE('',*,*,#13740,.T.);
#13740 = EDGE_CURVE('',#8738,#13741,#13743,.T.);
#13741 = VERTEX_POINT('',#13742);
#13742 = CARTESIAN_POINT('',(10.29,-14.9,118.4727246285));
#13743 = SURFACE_CURVE('',#13744,(#13748,#13755),.PCURVE_S1.);
#13744 = LINE('',#13745,#13746);
#13745 = CARTESIAN_POINT('',(10.29,2.630622933453E-14,118.4727246285));
#13746 = VECTOR('',#13747,1.);
#13747 = DIRECTION('',(0.,-1.,2.22044604925E-16));
#13748 = PCURVE('',#8755,#13749);
#13749 = DEFINITIONAL_REPRESENTATION('',(#13750),#13754);
#13750 = LINE('',#13751,#13752);
#13751 = CARTESIAN_POINT('',(0.,0.));
#13752 = VECTOR('',#13753,1.);
#13753 = DIRECTION('',(0.,-1.));
#13754 = ( GEOMETRIC_REPRESENTATION_CONTEXT(2) 
PARAMETRIC_REPRESENTATION_CONTEXT() REPRESENTATION_CONTEXT('2D SPACE',''
  ) );
#13755 = PCURVE('',#8837,#13756);
#13756 = DEFINITIONAL_REPRESENTATION('',(#13757),#13761);
#13757 = LINE('',#13758,#13759);
#13758 = CARTESIAN_POINT('',(5.1025,0.));
#13759 = VECTOR('',#13760,1.);
#13760 = DIRECTION('',(0.,-1.));
#13761 = ( GEOMETRIC_REPRESENTATION_CONTEXT(2) 
PARAMETRIC_REPRESENTATION_CONTEXT() REPRESENTATION_CONTEXT('2D SPACE',''
  ) );
#13762 = ORIENTED_EDGE('',*,*,#13763,.T.);
#13763 = EDGE_CURVE('',#13741,#13764,#13766,.T.);
#13764 = VERTEX_POINT('',#13765);
#13765 = CARTESIAN_POINT('',(10.29,-14.9,82.27999999996));
#13766 = SURFACE_CURVE('',#13767,(#13771,#13778),.PCURVE_S1.);
#13767 = LINE('',#13768,#13769);
#13768 = CARTESIAN_POINT('',(10.29,-14.9,118.4727246285));
#13769 = VECTOR('',#13770,1.);
#13770 = DIRECTION('',(0.,-2.22044604925E-16,-1.));
#13771 = PCURVE('',#8755,#13772);
#13772 = DEFINITIONAL_REPRESENTATION('',(#13773),#13777);
#13773 = LINE('',#13774,#13775);
#13774 = CARTESIAN_POINT('',(3.308464613383E-15,-14.9));
#13775 = VECTOR('',#13776,1.);
#13776 = DIRECTION('',(1.,0.));
#13777 = ( GEOMETRIC_REPRESENTATION_CONTEXT(2) 
PARAMETRIC_REPRESENTATION_CONTEXT() REPRESENTATION_CONTEXT('2D SPACE',''
  ) );
#13778 = PCURVE('',#13779,#13784);
#13779 = PLANE('',#13780);
#13780 = AXIS2_PLACEMENT_3D('',#13781,#13782,#13783);
#13781 = CARTESIAN_POINT('',(12.84125,-14.9,100.37636231423));
#13782 = DIRECTION('',(0.,1.,0.));
#13783 = DIRECTION('',(0.,0.,1.));
#13784 = DEFINITIONAL_REPRESENTATION('',(#13785),#13789);
#13785 = LINE('',#13786,#13787);
#13786 = CARTESIAN_POINT('',(18.096362314274,-2.55125));
#13787 = VECTOR('',#13788,1.);
#13788 = DIRECTION('',(-1.,0.));
#13789 = ( GEOMETRIC_REPRESENTATION_CONTEXT(2) 
PARAMETRIC_REPRESENTATION_CONTEXT() REPRESENTATION_CONTEXT('2D SPACE',''
  ) );
#13790 = ORIENTED_EDGE('',*,*,#13791,.F.);
#13791 = EDGE_CURVE('',#8740,#13764,#13792,.T.);
#13792 = SURFACE_CURVE('',#13793,(#13797,#13804),.PCURVE_S1.);
#13793 = LINE('',#13794,#13795);
#13794 = CARTESIAN_POINT('',(10.29,1.826983009322E-14,82.27999999996));
#13795 = VECTOR('',#13796,1.);
#13796 = DIRECTION('',(0.,-1.,2.22044604925E-16));
#13797 = PCURVE('',#8755,#13798);
#13798 = DEFINITIONAL_REPRESENTATION('',(#13799),#13803);
#13799 = LINE('',#13800,#13801);
#13800 = CARTESIAN_POINT('',(36.192724628548,0.));
#13801 = VECTOR('',#13802,1.);
#13802 = DIRECTION('',(0.,-1.));
#13803 = ( GEOMETRIC_REPRESENTATION_CONTEXT(2) 
PARAMETRIC_REPRESENTATION_CONTEXT() REPRESENTATION_CONTEXT('2D SPACE',''
  ) );
#13804 = PCURVE('',#8783,#13805);
#13805 = DEFINITIONAL_REPRESENTATION('',(#13806),#13810);
#13806 = LINE('',#13807,#13808);
#13807 = CARTESIAN_POINT('',(0.,0.));
#13808 = VECTOR('',#13809,1.);
#13809 = DIRECTION('',(0.,-1.));
#13810 = ( GEOMETRIC_REPRESENTATION_CONTEXT(2) 
PARAMETRIC_REPRESENTATION_CONTEXT() REPRESENTATION_CONTEXT('2D SPACE',''
  ) );
#13811 = ORIENTED_EDGE('',*,*,#8737,.F.);
#13812 = FACE_BOUND('',#13813,.T.);
#13813 = EDGE_LOOP('',(#13814,#13839,#13862,#13885,#13908,#13931));
#13814 = ORIENTED_EDGE('',*,*,#13815,.F.);
#13815 = EDGE_CURVE('',#13816,#13818,#13820,.T.);
#13816 = VERTEX_POINT('',#13817);
#13817 = CARTESIAN_POINT('',(10.29,-4.8,99.193375672974));
#13818 = VERTEX_POINT('',#13819);
#13819 = CARTESIAN_POINT('',(10.29,-7.3,100.63675134594));
#13820 = SURFACE_CURVE('',#13821,(#13825,#13832),.PCURVE_S1.);
#13821 = LINE('',#13822,#13823);
#13822 = CARTESIAN_POINT('',(10.29,-7.174101490979,100.56406380787));
#13823 = VECTOR('',#13824,1.);
#13824 = DIRECTION('',(0.,-0.866025403784,0.5));
#13825 = PCURVE('',#8755,#13826);
#13826 = DEFINITIONAL_REPRESENTATION('',(#13827),#13831);
#13827 = LINE('',#13828,#13829);
#13828 = CARTESIAN_POINT('',(17.908660820634,-7.174101490979));
#13829 = VECTOR('',#13830,1.);
#13830 = DIRECTION('',(-0.5,-0.866025403784));
#13831 = ( GEOMETRIC_REPRESENTATION_CONTEXT(2) 
PARAMETRIC_REPRESENTATION_CONTEXT() REPRESENTATION_CONTEXT('2D SPACE',''
  ) );
#13832 = PCURVE('',#11311,#13833);
#13833 = DEFINITIONAL_REPRESENTATION('',(#13834),#13838);
#13834 = LINE('',#13835,#13836);
#13835 = CARTESIAN_POINT('',(2.741376269801,-154.108961939));
#13836 = VECTOR('',#13837,1.);
#13837 = DIRECTION('',(1.,0.));
#13838 = ( GEOMETRIC_REPRESENTATION_CONTEXT(2) 
PARAMETRIC_REPRESENTATION_CONTEXT() REPRESENTATION_CONTEXT('2D SPACE',''
  ) );
#13839 = ORIENTED_EDGE('',*,*,#13840,.F.);
#13840 = EDGE_CURVE('',#13841,#13816,#13843,.T.);
#13841 = VERTEX_POINT('',#13842);
#13842 = CARTESIAN_POINT('',(10.29,-4.799999999999,96.306624327025));
#13843 = SURFACE_CURVE('',#13844,(#13848,#13855),.PCURVE_S1.);
#13844 = LINE('',#13845,#13846);
#13845 = CARTESIAN_POINT('',(10.29,-4.800000000003,107.38967447776));
#13846 = VECTOR('',#13847,1.);
#13847 = DIRECTION('',(0.,-3.212116871334E-13,1.));
#13848 = PCURVE('',#8755,#13849);
#13849 = DEFINITIONAL_REPRESENTATION('',(#13850),#13854);
#13850 = LINE('',#13851,#13852);
#13851 = CARTESIAN_POINT('',(11.083050150742,-4.800000000003));
#13852 = VECTOR('',#13853,1.);
#13853 = DIRECTION('',(-1.,-3.214337317384E-13));
#13854 = ( GEOMETRIC_REPRESENTATION_CONTEXT(2) 
PARAMETRIC_REPRESENTATION_CONTEXT() REPRESENTATION_CONTEXT('2D SPACE',''
  ) );
#13855 = PCURVE('',#12107,#13856);
#13856 = DEFINITIONAL_REPRESENTATION('',(#13857),#13861);
#13857 = LINE('',#13858,#13859);
#13858 = CARTESIAN_POINT('',(11.083050150741,-154.108961939));
#13859 = VECTOR('',#13860,1.);
#13860 = DIRECTION('',(1.,0.));
#13861 = ( GEOMETRIC_REPRESENTATION_CONTEXT(2) 
PARAMETRIC_REPRESENTATION_CONTEXT() REPRESENTATION_CONTEXT('2D SPACE',''
  ) );
#13862 = ORIENTED_EDGE('',*,*,#13863,.F.);
#13863 = EDGE_CURVE('',#13864,#13841,#13866,.T.);
#13864 = VERTEX_POINT('',#13865);
#13865 = CARTESIAN_POINT('',(10.29,-7.3,94.863248654052));
#13866 = SURFACE_CURVE('',#13867,(#13871,#13878),.PCURVE_S1.);
#13867 = LINE('',#13868,#13869);
#13868 = CARTESIAN_POINT('',(10.29,0.549101490979,99.394929512761));
#13869 = VECTOR('',#13870,1.);
#13870 = DIRECTION('',(0.,0.866025403785,0.5));
#13871 = PCURVE('',#8755,#13872);
#13872 = DEFINITIONAL_REPRESENTATION('',(#13873),#13877);
#13873 = LINE('',#13874,#13875);
#13874 = CARTESIAN_POINT('',(19.077795115747,0.549101490979));
#13875 = VECTOR('',#13876,1.);
#13876 = DIRECTION('',(-0.5,0.866025403785));
#13877 = ( GEOMETRIC_REPRESENTATION_CONTEXT(2) 
PARAMETRIC_REPRESENTATION_CONTEXT() REPRESENTATION_CONTEXT('2D SPACE',''
  ) );
#13878 = PCURVE('',#11199,#13879);
#13879 = DEFINITIONAL_REPRESENTATION('',(#13880),#13884);
#13880 = LINE('',#13881,#13882);
#13881 = CARTESIAN_POINT('',(9.063361717424,-154.108961939));
#13882 = VECTOR('',#13883,1.);
#13883 = DIRECTION('',(1.,0.));
#13884 = ( GEOMETRIC_REPRESENTATION_CONTEXT(2) 
PARAMETRIC_REPRESENTATION_CONTEXT() REPRESENTATION_CONTEXT('2D SPACE',''
  ) );
#13885 = ORIENTED_EDGE('',*,*,#13886,.F.);
#13886 = EDGE_CURVE('',#13887,#13864,#13889,.T.);
#13887 = VERTEX_POINT('',#13888);
#13888 = CARTESIAN_POINT('',(10.29,-9.8,96.306624327026));
#13889 = SURFACE_CURVE('',#13890,(#13894,#13901),.PCURVE_S1.);
#13890 = LINE('',#13891,#13892);
#13891 = CARTESIAN_POINT('',(10.29,-10.92410149097,96.955624625439));
#13892 = VECTOR('',#13893,1.);
#13893 = DIRECTION('',(0.,0.866025403784,-0.5));
#13894 = PCURVE('',#8755,#13895);
#13895 = DEFINITIONAL_REPRESENTATION('',(#13896),#13900);
#13896 = LINE('',#13897,#13898);
#13897 = CARTESIAN_POINT('',(21.517100003069,-10.92410149097));
#13898 = VECTOR('',#13899,1.);
#13899 = DIRECTION('',(0.5,0.866025403784));
#13900 = ( GEOMETRIC_REPRESENTATION_CONTEXT(2) 
PARAMETRIC_REPRESENTATION_CONTEXT() REPRESENTATION_CONTEXT('2D SPACE',''
  ) );
#13901 = PCURVE('',#11227,#13902);
#13902 = DEFINITIONAL_REPRESENTATION('',(#13903),#13907);
#13903 = LINE('',#13904,#13905);
#13904 = CARTESIAN_POINT('',(-1.298000596826,-154.108961939));
#13905 = VECTOR('',#13906,1.);
#13906 = DIRECTION('',(1.,0.));
#13907 = ( GEOMETRIC_REPRESENTATION_CONTEXT(2) 
PARAMETRIC_REPRESENTATION_CONTEXT() REPRESENTATION_CONTEXT('2D SPACE',''
  ) );
#13908 = ORIENTED_EDGE('',*,*,#13909,.F.);
#13909 = EDGE_CURVE('',#13910,#13887,#13912,.T.);
#13910 = VERTEX_POINT('',#13911);
#13911 = CARTESIAN_POINT('',(10.29,-9.8,99.193375672974));
#13912 = SURFACE_CURVE('',#13913,(#13917,#13924),.PCURVE_S1.);
#13913 = LINE('',#13914,#13915);
#13914 = CARTESIAN_POINT('',(10.29,-9.799999999999,108.83305015074));
#13915 = VECTOR('',#13916,1.);
#13916 = DIRECTION('',(0.,-7.999524775356E-14,-1.));
#13917 = PCURVE('',#8755,#13918);
#13918 = DEFINITIONAL_REPRESENTATION('',(#13919),#13923);
#13919 = LINE('',#13920,#13921);
#13920 = CARTESIAN_POINT('',(9.639674477767,-9.799999999999));
#13921 = VECTOR('',#13922,1.);
#13922 = DIRECTION('',(1.,-7.977320314864E-14));
#13923 = ( GEOMETRIC_REPRESENTATION_CONTEXT(2) 
PARAMETRIC_REPRESENTATION_CONTEXT() REPRESENTATION_CONTEXT('2D SPACE',''
  ) );
#13924 = PCURVE('',#11255,#13925);
#13925 = DEFINITIONAL_REPRESENTATION('',(#13926),#13930);
#13926 = LINE('',#13927,#13928);
#13927 = CARTESIAN_POINT('',(-9.639674477768,-154.108961939));
#13928 = VECTOR('',#13929,1.);
#13929 = DIRECTION('',(1.,0.));
#13930 = ( GEOMETRIC_REPRESENTATION_CONTEXT(2) 
PARAMETRIC_REPRESENTATION_CONTEXT() REPRESENTATION_CONTEXT('2D SPACE',''
  ) );
#13931 = ORIENTED_EDGE('',*,*,#13932,.F.);
#13932 = EDGE_CURVE('',#13818,#13910,#13933,.T.);
#13933 = SURFACE_CURVE('',#13934,(#13938,#13945),.PCURVE_S1.);
#13934 = LINE('',#13935,#13936);
#13935 = CARTESIAN_POINT('',(10.29,-0.70089850902,104.44674436817));
#13936 = VECTOR('',#13937,1.);
#13937 = DIRECTION('',(0.,-0.866025403784,-0.5));
#13938 = PCURVE('',#8755,#13939);
#13939 = DEFINITIONAL_REPRESENTATION('',(#13940),#13944);
#13940 = LINE('',#13941,#13942);
#13941 = CARTESIAN_POINT('',(14.025980260334,-0.70089850902));
#13942 = VECTOR('',#13943,1.);
#13943 = DIRECTION('',(0.5,-0.866025403784));
#13944 = ( GEOMETRIC_REPRESENTATION_CONTEXT(2) 
PARAMETRIC_REPRESENTATION_CONTEXT() REPRESENTATION_CONTEXT('2D SPACE',''
  ) );
#13945 = PCURVE('',#11283,#13946);
#13946 = DEFINITIONAL_REPRESENTATION('',(#13947),#13951);
#13947 = LINE('',#13948,#13949);
#13948 = CARTESIAN_POINT('',(-7.619986044453,-154.108961939));
#13949 = VECTOR('',#13950,1.);
#13950 = DIRECTION('',(1.,0.));
#13951 = ( GEOMETRIC_REPRESENTATION_CONTEXT(2) 
PARAMETRIC_REPRESENTATION_CONTEXT() REPRESENTATION_CONTEXT('2D SPACE',''
  ) );
#13952 = ADVANCED_FACE('',(#13953),#8837,.T.);
#13953 = FACE_BOUND('',#13954,.T.);
#13954 = EDGE_LOOP('',(#13955,#13978,#13999,#14000));
#13955 = ORIENTED_EDGE('',*,*,#13956,.T.);
#13956 = EDGE_CURVE('',#8796,#13957,#13959,.T.);
#13957 = VERTEX_POINT('',#13958);
#13958 = CARTESIAN_POINT('',(15.3925,-14.9,118.4727246285));
#13959 = SURFACE_CURVE('',#13960,(#13964,#13971),.PCURVE_S1.);
#13960 = LINE('',#13961,#13962);
#13961 = CARTESIAN_POINT('',(15.3925,2.630622933453E-14,118.4727246285)
  );
#13962 = VECTOR('',#13963,1.);
#13963 = DIRECTION('',(0.,-1.,2.22044604925E-16));
#13964 = PCURVE('',#8837,#13965);
#13965 = DEFINITIONAL_REPRESENTATION('',(#13966),#13970);
#13966 = LINE('',#13967,#13968);
#13967 = CARTESIAN_POINT('',(0.,0.));
#13968 = VECTOR('',#13969,1.);
#13969 = DIRECTION('',(0.,-1.));
#13970 = ( GEOMETRIC_REPRESENTATION_CONTEXT(2) 
PARAMETRIC_REPRESENTATION_CONTEXT() REPRESENTATION_CONTEXT('2D SPACE',''
  ) );
#13971 = PCURVE('',#8811,#13972);
#13972 = DEFINITIONAL_REPRESENTATION('',(#13973),#13977);
#13973 = LINE('',#13974,#13975);
#13974 = CARTESIAN_POINT('',(36.192724628548,0.));
#13975 = VECTOR('',#13976,1.);
#13976 = DIRECTION('',(0.,-1.));
#13977 = ( GEOMETRIC_REPRESENTATION_CONTEXT(2) 
PARAMETRIC_REPRESENTATION_CONTEXT() REPRESENTATION_CONTEXT('2D SPACE',''
  ) );
#13978 = ORIENTED_EDGE('',*,*,#13979,.T.);
#13979 = EDGE_CURVE('',#13957,#13741,#13980,.T.);
#13980 = SURFACE_CURVE('',#13981,(#13985,#13992),.PCURVE_S1.);
#13981 = LINE('',#13982,#13983);
#13982 = CARTESIAN_POINT('',(15.3925,-14.9,118.4727246285));
#13983 = VECTOR('',#13984,1.);
#13984 = DIRECTION('',(-1.,0.,0.));
#13985 = PCURVE('',#8837,#13986);
#13986 = DEFINITIONAL_REPRESENTATION('',(#13987),#13991);
#13987 = LINE('',#13988,#13989);
#13988 = CARTESIAN_POINT('',(0.,-14.9));
#13989 = VECTOR('',#13990,1.);
#13990 = DIRECTION('',(1.,0.));
#13991 = ( GEOMETRIC_REPRESENTATION_CONTEXT(2) 
PARAMETRIC_REPRESENTATION_CONTEXT() REPRESENTATION_CONTEXT('2D SPACE',''
  ) );
#13992 = PCURVE('',#13779,#13993);
#13993 = DEFINITIONAL_REPRESENTATION('',(#13994),#13998);
#13994 = LINE('',#13995,#13996);
#13995 = CARTESIAN_POINT('',(18.096362314274,2.55125));
#13996 = VECTOR('',#13997,1.);
#13997 = DIRECTION('',(-0.,-1.));
#13998 = ( GEOMETRIC_REPRESENTATION_CONTEXT(2) 
PARAMETRIC_REPRESENTATION_CONTEXT() REPRESENTATION_CONTEXT('2D SPACE',''
  ) );
#13999 = ORIENTED_EDGE('',*,*,#13740,.F.);
#14000 = ORIENTED_EDGE('',*,*,#8823,.F.);
#14001 = ADVANCED_FACE('',(#14002),#8783,.T.);
#14002 = FACE_BOUND('',#14003,.T.);
#14003 = EDGE_LOOP('',(#14004,#14005,#14028,#14049));
#14004 = ORIENTED_EDGE('',*,*,#13791,.T.);
#14005 = ORIENTED_EDGE('',*,*,#14006,.T.);
#14006 = EDGE_CURVE('',#13764,#14007,#14009,.T.);
#14007 = VERTEX_POINT('',#14008);
#14008 = CARTESIAN_POINT('',(15.3925,-14.9,82.27999999996));
#14009 = SURFACE_CURVE('',#14010,(#14014,#14021),.PCURVE_S1.);
#14010 = LINE('',#14011,#14012);
#14011 = CARTESIAN_POINT('',(10.29,-14.9,82.27999999996));
#14012 = VECTOR('',#14013,1.);
#14013 = DIRECTION('',(1.,0.,0.));
#14014 = PCURVE('',#8783,#14015);
#14015 = DEFINITIONAL_REPRESENTATION('',(#14016),#14020);
#14016 = LINE('',#14017,#14018);
#14017 = CARTESIAN_POINT('',(0.,-14.9));
#14018 = VECTOR('',#14019,1.);
#14019 = DIRECTION('',(1.,0.));
#14020 = ( GEOMETRIC_REPRESENTATION_CONTEXT(2) 
PARAMETRIC_REPRESENTATION_CONTEXT() REPRESENTATION_CONTEXT('2D SPACE',''
  ) );
#14021 = PCURVE('',#13779,#14022);
#14022 = DEFINITIONAL_REPRESENTATION('',(#14023),#14027);
#14023 = LINE('',#14024,#14025);
#14024 = CARTESIAN_POINT('',(-18.09636231427,-2.55125));
#14025 = VECTOR('',#14026,1.);
#14026 = DIRECTION('',(0.,1.));
#14027 = ( GEOMETRIC_REPRESENTATION_CONTEXT(2) 
PARAMETRIC_REPRESENTATION_CONTEXT() REPRESENTATION_CONTEXT('2D SPACE',''
  ) );
#14028 = ORIENTED_EDGE('',*,*,#14029,.F.);
#14029 = EDGE_CURVE('',#8768,#14007,#14030,.T.);
#14030 = SURFACE_CURVE('',#14031,(#14035,#14042),.PCURVE_S1.);
#14031 = LINE('',#14032,#14033);
#14032 = CARTESIAN_POINT('',(15.3925,1.826983009322E-14,82.27999999996)
  );
#14033 = VECTOR('',#14034,1.);
#14034 = DIRECTION('',(0.,-1.,2.22044604925E-16));
#14035 = PCURVE('',#8783,#14036);
#14036 = DEFINITIONAL_REPRESENTATION('',(#14037),#14041);
#14037 = LINE('',#14038,#14039);
#14038 = CARTESIAN_POINT('',(5.1025,0.));
#14039 = VECTOR('',#14040,1.);
#14040 = DIRECTION('',(0.,-1.));
#14041 = ( GEOMETRIC_REPRESENTATION_CONTEXT(2) 
PARAMETRIC_REPRESENTATION_CONTEXT() REPRESENTATION_CONTEXT('2D SPACE',''
  ) );
#14042 = PCURVE('',#8811,#14043);
#14043 = DEFINITIONAL_REPRESENTATION('',(#14044),#14048);
#14044 = LINE('',#14045,#14046);
#14045 = CARTESIAN_POINT('',(0.,0.));
#14046 = VECTOR('',#14047,1.);
#14047 = DIRECTION('',(0.,-1.));
#14048 = ( GEOMETRIC_REPRESENTATION_CONTEXT(2) 
PARAMETRIC_REPRESENTATION_CONTEXT() REPRESENTATION_CONTEXT('2D SPACE',''
  ) );
#14049 = ORIENTED_EDGE('',*,*,#8767,.F.);
#14050 = ADVANCED_FACE('',(#14051,#14077),#8811,.T.);
#14051 = FACE_BOUND('',#14052,.T.);
#14052 = EDGE_LOOP('',(#14053,#14054,#14075,#14076));
#14053 = ORIENTED_EDGE('',*,*,#14029,.T.);
#14054 = ORIENTED_EDGE('',*,*,#14055,.T.);
#14055 = EDGE_CURVE('',#14007,#13957,#14056,.T.);
#14056 = SURFACE_CURVE('',#14057,(#14061,#14068),.PCURVE_S1.);
#14057 = LINE('',#14058,#14059);
#14058 = CARTESIAN_POINT('',(15.3925,-14.9,82.27999999996));
#14059 = VECTOR('',#14060,1.);
#14060 = DIRECTION('',(0.,2.22044604925E-16,1.));
#14061 = PCURVE('',#8811,#14062);
#14062 = DEFINITIONAL_REPRESENTATION('',(#14063),#14067);
#14063 = LINE('',#14064,#14065);
#14064 = CARTESIAN_POINT('',(-3.308464613383E-15,-14.9));
#14065 = VECTOR('',#14066,1.);
#14066 = DIRECTION('',(1.,0.));
#14067 = ( GEOMETRIC_REPRESENTATION_CONTEXT(2) 
PARAMETRIC_REPRESENTATION_CONTEXT() REPRESENTATION_CONTEXT('2D SPACE',''
  ) );
#14068 = PCURVE('',#13779,#14069);
#14069 = DEFINITIONAL_REPRESENTATION('',(#14070),#14074);
#14070 = LINE('',#14071,#14072);
#14071 = CARTESIAN_POINT('',(-18.09636231427,2.55125));
#14072 = VECTOR('',#14073,1.);
#14073 = DIRECTION('',(1.,0.));
#14074 = ( GEOMETRIC_REPRESENTATION_CONTEXT(2) 
PARAMETRIC_REPRESENTATION_CONTEXT() REPRESENTATION_CONTEXT('2D SPACE',''
  ) );
#14075 = ORIENTED_EDGE('',*,*,#13956,.F.);
#14076 = ORIENTED_EDGE('',*,*,#8795,.F.);
#14077 = FACE_BOUND('',#14078,.T.);
#14078 = EDGE_LOOP('',(#14079,#14104,#14127,#14150,#14173,#14196));
#14079 = ORIENTED_EDGE('',*,*,#14080,.F.);
#14080 = EDGE_CURVE('',#14081,#14083,#14085,.T.);
#14081 = VERTEX_POINT('',#14082);
#14082 = CARTESIAN_POINT('',(15.3925,-7.3,100.63675134594));
#14083 = VERTEX_POINT('',#14084);
#14084 = CARTESIAN_POINT('',(15.3925,-4.8,99.193375672974));
#14085 = SURFACE_CURVE('',#14086,(#14090,#14097),.PCURVE_S1.);
#14086 = LINE('',#14087,#14088);
#14087 = CARTESIAN_POINT('',(15.3925,0.661853249145,96.039973229306));
#14088 = VECTOR('',#14089,1.);
#14089 = DIRECTION('',(0.,0.866025403784,-0.5));
#14090 = PCURVE('',#8811,#14091);
#14091 = DEFINITIONAL_REPRESENTATION('',(#14092),#14096);
#14092 = LINE('',#14093,#14094);
#14093 = CARTESIAN_POINT('',(13.759973229346,0.661853249145));
#14094 = VECTOR('',#14095,1.);
#14095 = DIRECTION('',(-0.5,0.866025403784));
#14096 = ( GEOMETRIC_REPRESENTATION_CONTEXT(2) 
PARAMETRIC_REPRESENTATION_CONTEXT() REPRESENTATION_CONTEXT('2D SPACE',''
  ) );
#14097 = PCURVE('',#12481,#14098);
#14098 = DEFINITIONAL_REPRESENTATION('',(#14099),#14103);
#14099 = LINE('',#14100,#14101);
#14100 = CARTESIAN_POINT('',(-6.306804887336,-149.006461939));
#14101 = VECTOR('',#14102,1.);
#14102 = DIRECTION('',(-1.,0.));
#14103 = ( GEOMETRIC_REPRESENTATION_CONTEXT(2) 
PARAMETRIC_REPRESENTATION_CONTEXT() REPRESENTATION_CONTEXT('2D SPACE',''
  ) );
#14104 = ORIENTED_EDGE('',*,*,#14105,.F.);
#14105 = EDGE_CURVE('',#14106,#14081,#14108,.T.);
#14106 = VERTEX_POINT('',#14107);
#14107 = CARTESIAN_POINT('',(15.3925,-9.8,99.193375672974));
#14108 = SURFACE_CURVE('',#14109,(#14113,#14120),.PCURVE_S1.);
#14109 = LINE('',#14110,#14111);
#14110 = CARTESIAN_POINT('',(15.3925,-8.536853249144,99.922653789606));
#14111 = VECTOR('',#14112,1.);
#14112 = DIRECTION('',(0.,0.866025403784,0.5));
#14113 = PCURVE('',#8811,#14114);
#14114 = DEFINITIONAL_REPRESENTATION('',(#14115),#14119);
#14115 = LINE('',#14116,#14117);
#14116 = CARTESIAN_POINT('',(17.642653789646,-8.536853249144));
#14117 = VECTOR('',#14118,1.);
#14118 = DIRECTION('',(0.5,0.866025403784));
#14119 = ( GEOMETRIC_REPRESENTATION_CONTEXT(2) 
PARAMETRIC_REPRESENTATION_CONTEXT() REPRESENTATION_CONTEXT('2D SPACE',''
  ) );
#14120 = PCURVE('',#12619,#14121);
#14121 = DEFINITIONAL_REPRESENTATION('',(#14122),#14126);
#14122 = LINE('',#14123,#14124);
#14123 = CARTESIAN_POINT('',(1.428195112683,-149.006461939));
#14124 = VECTOR('',#14125,1.);
#14125 = DIRECTION('',(-1.,0.));
#14126 = ( GEOMETRIC_REPRESENTATION_CONTEXT(2) 
PARAMETRIC_REPRESENTATION_CONTEXT() REPRESENTATION_CONTEXT('2D SPACE',''
  ) );
#14127 = ORIENTED_EDGE('',*,*,#14128,.F.);
#14128 = EDGE_CURVE('',#14129,#14106,#14131,.T.);
#14129 = VERTEX_POINT('',#14130);
#14130 = CARTESIAN_POINT('',(15.3925,-9.8,96.306624327026));
#14131 = SURFACE_CURVE('',#14132,(#14136,#14143),.PCURVE_S1.);
#14132 = LINE('',#14133,#14134);
#14133 = CARTESIAN_POINT('',(15.3925,-9.800000000001,90.736687836468));
#14134 = VECTOR('',#14135,1.);
#14135 = DIRECTION('',(0.,7.999524775356E-14,1.));
#14136 = PCURVE('',#8811,#14137);
#14137 = DEFINITIONAL_REPRESENTATION('',(#14138),#14142);
#14138 = LINE('',#14139,#14140);
#14139 = CARTESIAN_POINT('',(8.456687836507,-9.800000000001));
#14140 = VECTOR('',#14141,1.);
#14141 = DIRECTION('',(1.,7.977320314864E-14));
#14142 = ( GEOMETRIC_REPRESENTATION_CONTEXT(2) 
PARAMETRIC_REPRESENTATION_CONTEXT() REPRESENTATION_CONTEXT('2D SPACE',''
  ) );
#14143 = PCURVE('',#12593,#14144);
#14144 = DEFINITIONAL_REPRESENTATION('',(#14145),#14149);
#14145 = LINE('',#14146,#14147);
#14146 = CARTESIAN_POINT('',(8.456687836506,-149.006461939));
#14147 = VECTOR('',#14148,1.);
#14148 = DIRECTION('',(-1.,0.));
#14149 = ( GEOMETRIC_REPRESENTATION_CONTEXT(2) 
PARAMETRIC_REPRESENTATION_CONTEXT() REPRESENTATION_CONTEXT('2D SPACE',''
  ) );
#14150 = ORIENTED_EDGE('',*,*,#14151,.F.);
#14151 = EDGE_CURVE('',#14152,#14129,#14154,.T.);
#14152 = VERTEX_POINT('',#14153);
#14153 = CARTESIAN_POINT('',(15.3925,-7.3,94.863248654052));
#14154 = SURFACE_CURVE('',#14155,(#14159,#14166),.PCURVE_S1.);
#14155 = LINE('',#14156,#14157);
#14156 = CARTESIAN_POINT('',(15.3925,-3.088146750855,92.431534046871));
#14157 = VECTOR('',#14158,1.);
#14158 = DIRECTION('',(0.,-0.866025403784,0.5));
#14159 = PCURVE('',#8811,#14160);
#14160 = DEFINITIONAL_REPRESENTATION('',(#14161),#14165);
#14161 = LINE('',#14162,#14163);
#14162 = CARTESIAN_POINT('',(10.151534046911,-3.088146750855));
#14163 = VECTOR('',#14164,1.);
#14164 = DIRECTION('',(0.5,-0.866025403784));
#14165 = ( GEOMETRIC_REPRESENTATION_CONTEXT(2) 
PARAMETRIC_REPRESENTATION_CONTEXT() REPRESENTATION_CONTEXT('2D SPACE',''
  ) );
#14166 = PCURVE('',#12565,#14167);
#14167 = DEFINITIONAL_REPRESENTATION('',(#14168),#14172);
#14168 = LINE('',#14169,#14170);
#14169 = CARTESIAN_POINT('',(7.75018056031,-149.006461939));
#14170 = VECTOR('',#14171,1.);
#14171 = DIRECTION('',(-1.,0.));
#14172 = ( GEOMETRIC_REPRESENTATION_CONTEXT(2) 
PARAMETRIC_REPRESENTATION_CONTEXT() REPRESENTATION_CONTEXT('2D SPACE',''
  ) );
#14173 = ORIENTED_EDGE('',*,*,#14174,.F.);
#14174 = EDGE_CURVE('',#14175,#14152,#14177,.T.);
#14175 = VERTEX_POINT('',#14176);
#14176 = CARTESIAN_POINT('',(15.3925,-4.799999999999,96.306624327025));
#14177 = SURFACE_CURVE('',#14178,(#14182,#14189),.PCURVE_S1.);
#14178 = LINE('',#14179,#14180);
#14179 = CARTESIAN_POINT('',(15.3925,-7.286853249143,94.870838934198));
#14180 = VECTOR('',#14181,1.);
#14181 = DIRECTION('',(0.,-0.866025403785,-0.5));
#14182 = PCURVE('',#8811,#14183);
#14183 = DEFINITIONAL_REPRESENTATION('',(#14184),#14188);
#14184 = LINE('',#14185,#14186);
#14185 = CARTESIAN_POINT('',(12.590838934238,-7.286853249143));
#14186 = VECTOR('',#14187,1.);
#14187 = DIRECTION('',(-0.5,-0.866025403785));
#14188 = ( GEOMETRIC_REPRESENTATION_CONTEXT(2) 
PARAMETRIC_REPRESENTATION_CONTEXT() REPRESENTATION_CONTEXT('2D SPACE',''
  ) );
#14189 = PCURVE('',#12537,#14190);
#14190 = DEFINITIONAL_REPRESENTATION('',(#14191),#14195);
#14191 = LINE('',#14192,#14193);
#14192 = CARTESIAN_POINT('',(1.518056029279E-02,-149.006461939));
#14193 = VECTOR('',#14194,1.);
#14194 = DIRECTION('',(-1.,0.));
#14195 = ( GEOMETRIC_REPRESENTATION_CONTEXT(2) 
PARAMETRIC_REPRESENTATION_CONTEXT() REPRESENTATION_CONTEXT('2D SPACE',''
  ) );
#14196 = ORIENTED_EDGE('',*,*,#14197,.F.);
#14197 = EDGE_CURVE('',#14083,#14175,#14198,.T.);
#14198 = SURFACE_CURVE('',#14199,(#14203,#14210),.PCURVE_S1.);
#14199 = LINE('',#14200,#14201);
#14200 = CARTESIAN_POINT('',(15.3925,-4.799999999997,89.293312163492));
#14201 = VECTOR('',#14202,1.);
#14202 = DIRECTION('',(0.,3.212116871334E-13,-1.));
#14203 = PCURVE('',#8811,#14204);
#14204 = DEFINITIONAL_REPRESENTATION('',(#14205),#14209);
#14205 = LINE('',#14206,#14207);
#14206 = CARTESIAN_POINT('',(7.013312163532,-4.799999999997));
#14207 = VECTOR('',#14208,1.);
#14208 = DIRECTION('',(-1.,3.214337317384E-13));
#14209 = ( GEOMETRIC_REPRESENTATION_CONTEXT(2) 
PARAMETRIC_REPRESENTATION_CONTEXT() REPRESENTATION_CONTEXT('2D SPACE',''
  ) );
#14210 = PCURVE('',#12509,#14211);
#14211 = DEFINITIONAL_REPRESENTATION('',(#14212),#14216);
#14212 = LINE('',#14213,#14214);
#14213 = CARTESIAN_POINT('',(-7.013312163533,-149.006461939));
#14214 = VECTOR('',#14215,1.);
#14215 = DIRECTION('',(-1.,0.));
#14216 = ( GEOMETRIC_REPRESENTATION_CONTEXT(2) 
PARAMETRIC_REPRESENTATION_CONTEXT() REPRESENTATION_CONTEXT('2D SPACE',''
  ) );
#14217 = ADVANCED_FACE('',(#14218),#9151,.T.);
#14218 = FACE_BOUND('',#14219,.F.);
#14219 = EDGE_LOOP('',(#14220,#14221,#14222,#14244));
#14220 = ORIENTED_EDGE('',*,*,#9135,.T.);
#14221 = ORIENTED_EDGE('',*,*,#9221,.T.);
#14222 = ORIENTED_EDGE('',*,*,#14223,.F.);
#14223 = EDGE_CURVE('',#9362,#9222,#14224,.T.);
#14224 = SURFACE_CURVE('',#14225,(#14230,#14237),.PCURVE_S1.);
#14225 = CIRCLE('',#14226,1.);
#14226 = AXIS2_PLACEMENT_3D('',#14227,#14228,#14229);
#14227 = CARTESIAN_POINT('',(-27.67,-16.865,63.6676));
#14228 = DIRECTION('',(-0.,1.,-2.22044604925E-16));
#14229 = DIRECTION('',(0.,-2.22044604925E-16,-1.));
#14230 = PCURVE('',#9151,#14231);
#14231 = DEFINITIONAL_REPRESENTATION('',(#14232),#14236);
#14232 = LINE('',#14233,#14234);
#14233 = CARTESIAN_POINT('',(-0.,16.379362869022));
#14234 = VECTOR('',#14235,1.);
#14235 = DIRECTION('',(-1.,0.));
#14236 = ( GEOMETRIC_REPRESENTATION_CONTEXT(2) 
PARAMETRIC_REPRESENTATION_CONTEXT() REPRESENTATION_CONTEXT('2D SPACE',''
  ) );
#14237 = PCURVE('',#9378,#14238);
#14238 = DEFINITIONAL_REPRESENTATION('',(#14239),#14243);
#14239 = LINE('',#14240,#14241);
#14240 = CARTESIAN_POINT('',(0.,4.712388980385));
#14241 = VECTOR('',#14242,1.);
#14242 = DIRECTION('',(0.,1.));
#14243 = ( GEOMETRIC_REPRESENTATION_CONTEXT(2) 
PARAMETRIC_REPRESENTATION_CONTEXT() REPRESENTATION_CONTEXT('2D SPACE',''
  ) );
#14244 = ORIENTED_EDGE('',*,*,#9390,.F.);
#14245 = ADVANCED_FACE('',(#14246),#9378,.T.);
#14246 = FACE_BOUND('',#14247,.T.);
#14247 = EDGE_LOOP('',(#14248,#14249,#14250,#14251));
#14248 = ORIENTED_EDGE('',*,*,#14223,.F.);
#14249 = ORIENTED_EDGE('',*,*,#9361,.T.);
#14250 = ORIENTED_EDGE('',*,*,#10856,.T.);
#14251 = ORIENTED_EDGE('',*,*,#10967,.F.);
#14252 = ADVANCED_FACE('',(#14253),#9581,.T.);
#14253 = FACE_BOUND('',#14254,.T.);
#14254 = EDGE_LOOP('',(#14255,#14256,#14257,#14279));
#14255 = ORIENTED_EDGE('',*,*,#9565,.T.);
#14256 = ORIENTED_EDGE('',*,*,#9655,.T.);
#14257 = ORIENTED_EDGE('',*,*,#14258,.F.);
#14258 = EDGE_CURVE('',#9704,#9633,#14259,.T.);
#14259 = SURFACE_CURVE('',#14260,(#14265,#14272),.PCURVE_S1.);
#14260 = CIRCLE('',#14261,1.);
#14261 = AXIS2_PLACEMENT_3D('',#14262,#14263,#14264);
#14262 = CARTESIAN_POINT('',(-27.67,-16.865,55.0676));
#14263 = DIRECTION('',(0.,-1.,2.22044604925E-16));
#14264 = DIRECTION('',(0.,2.22044604925E-16,1.));
#14265 = PCURVE('',#9581,#14266);
#14266 = DEFINITIONAL_REPRESENTATION('',(#14267),#14271);
#14267 = LINE('',#14268,#14269);
#14268 = CARTESIAN_POINT('',(0.,17.271932598751));
#14269 = VECTOR('',#14270,1.);
#14270 = DIRECTION('',(1.,0.));
#14271 = ( GEOMETRIC_REPRESENTATION_CONTEXT(2) 
PARAMETRIC_REPRESENTATION_CONTEXT() REPRESENTATION_CONTEXT('2D SPACE',''
  ) );
#14272 = PCURVE('',#9720,#14273);
#14273 = DEFINITIONAL_REPRESENTATION('',(#14274),#14278);
#14274 = LINE('',#14275,#14276);
#14275 = CARTESIAN_POINT('',(-0.,4.712388980385));
#14276 = VECTOR('',#14277,1.);
#14277 = DIRECTION('',(-0.,1.));
#14278 = ( GEOMETRIC_REPRESENTATION_CONTEXT(2) 
PARAMETRIC_REPRESENTATION_CONTEXT() REPRESENTATION_CONTEXT('2D SPACE',''
  ) );
#14279 = ORIENTED_EDGE('',*,*,#9732,.F.);
#14280 = ADVANCED_FACE('',(#14281),#9720,.T.);
#14281 = FACE_BOUND('',#14282,.F.);
#14282 = EDGE_LOOP('',(#14283,#14284,#14285,#14286));
#14283 = ORIENTED_EDGE('',*,*,#14258,.F.);
#14284 = ORIENTED_EDGE('',*,*,#9703,.T.);
#14285 = ORIENTED_EDGE('',*,*,#9840,.T.);
#14286 = ORIENTED_EDGE('',*,*,#10229,.F.);
#14287 = ADVANCED_FACE('',(#14288),#10271,.T.);
#14288 = FACE_BOUND('',#14289,.F.);
#14289 = EDGE_LOOP('',(#14290,#14291,#14292));
#14290 = ORIENTED_EDGE('',*,*,#10411,.F.);
#14291 = ORIENTED_EDGE('',*,*,#12364,.T.);
#14292 = ORIENTED_EDGE('',*,*,#10254,.T.);
#14293 = ADVANCED_FACE('',(#14294),#10330,.F.);
#14294 = FACE_BOUND('',#14295,.F.);
#14295 = EDGE_LOOP('',(#14296,#14297,#14298));
#14296 = ORIENTED_EDGE('',*,*,#10507,.F.);
#14297 = ORIENTED_EDGE('',*,*,#12854,.T.);
#14298 = ORIENTED_EDGE('',*,*,#10309,.T.);
#14299 = ADVANCED_FACE('',(#14300),#10749,.F.);
#14300 = FACE_BOUND('',#14301,.F.);
#14301 = EDGE_LOOP('',(#14302,#14303,#14304));
#14302 = ORIENTED_EDGE('',*,*,#10914,.F.);
#14303 = ORIENTED_EDGE('',*,*,#12910,.T.);
#14304 = ORIENTED_EDGE('',*,*,#10721,.T.);
#14305 = ADVANCED_FACE('',(#14306),#10901,.T.);
#14306 = FACE_BOUND('',#14307,.F.);
#14307 = EDGE_LOOP('',(#14308,#14309,#14310));
#14308 = ORIENTED_EDGE('',*,*,#11049,.F.);
#14309 = ORIENTED_EDGE('',*,*,#12412,.T.);
#14310 = ORIENTED_EDGE('',*,*,#10884,.T.);
#14311 = ADVANCED_FACE('',(#14312),#11311,.F.);
#14312 = FACE_BOUND('',#14313,.F.);
#14313 = EDGE_LOOP('',(#14314,#14315,#14336,#14337,#14338));
#14314 = ORIENTED_EDGE('',*,*,#13815,.F.);
#14315 = ORIENTED_EDGE('',*,*,#14316,.T.);
#14316 = EDGE_CURVE('',#13816,#12092,#14317,.T.);
#14317 = SURFACE_CURVE('',#14318,(#14322,#14329),.PCURVE_S1.);
#14318 = LINE('',#14319,#14320);
#14319 = CARTESIAN_POINT('',(164.398961939,-4.8,99.193375672974));
#14320 = VECTOR('',#14321,1.);
#14321 = DIRECTION('',(-1.,0.,0.));
#14322 = PCURVE('',#11311,#14323);
#14323 = DEFINITIONAL_REPRESENTATION('',(#14324),#14328);
#14324 = LINE('',#14325,#14326);
#14325 = CARTESIAN_POINT('',(0.,0.));
#14326 = VECTOR('',#14327,1.);
#14327 = DIRECTION('',(0.,-1.));
#14328 = ( GEOMETRIC_REPRESENTATION_CONTEXT(2) 
PARAMETRIC_REPRESENTATION_CONTEXT() REPRESENTATION_CONTEXT('2D SPACE',''
  ) );
#14329 = PCURVE('',#12107,#14330);
#14330 = DEFINITIONAL_REPRESENTATION('',(#14331),#14335);
#14331 = LINE('',#14332,#14333);
#14332 = CARTESIAN_POINT('',(2.886751345949,0.));
#14333 = VECTOR('',#14334,1.);
#14334 = DIRECTION('',(0.,-1.));
#14335 = ( GEOMETRIC_REPRESENTATION_CONTEXT(2) 
PARAMETRIC_REPRESENTATION_CONTEXT() REPRESENTATION_CONTEXT('2D SPACE',''
  ) );
#14336 = ORIENTED_EDGE('',*,*,#12119,.F.);
#14337 = ORIENTED_EDGE('',*,*,#11295,.T.);
#14338 = ORIENTED_EDGE('',*,*,#14339,.F.);
#14339 = EDGE_CURVE('',#13818,#11268,#14340,.T.);
#14340 = SURFACE_CURVE('',#14341,(#14345,#14352),.PCURVE_S1.);
#14341 = LINE('',#14342,#14343);
#14342 = CARTESIAN_POINT('',(164.398961939,-7.3,100.63675134594));
#14343 = VECTOR('',#14344,1.);
#14344 = DIRECTION('',(-1.,0.,0.));
#14345 = PCURVE('',#11311,#14346);
#14346 = DEFINITIONAL_REPRESENTATION('',(#14347),#14351);
#14347 = LINE('',#14348,#14349);
#14348 = CARTESIAN_POINT('',(2.886751345948,0.));
#14349 = VECTOR('',#14350,1.);
#14350 = DIRECTION('',(0.,-1.));
#14351 = ( GEOMETRIC_REPRESENTATION_CONTEXT(2) 
PARAMETRIC_REPRESENTATION_CONTEXT() REPRESENTATION_CONTEXT('2D SPACE',''
  ) );
#14352 = PCURVE('',#11283,#14353);
#14353 = DEFINITIONAL_REPRESENTATION('',(#14354),#14358);
#14354 = LINE('',#14355,#14356);
#14355 = CARTESIAN_POINT('',(0.,0.));
#14356 = VECTOR('',#14357,1.);
#14357 = DIRECTION('',(-0.,-1.));
#14358 = ( GEOMETRIC_REPRESENTATION_CONTEXT(2) 
PARAMETRIC_REPRESENTATION_CONTEXT() REPRESENTATION_CONTEXT('2D SPACE',''
  ) );
#14359 = ADVANCED_FACE('',(#14360),#11283,.F.);
#14360 = FACE_BOUND('',#14361,.F.);
#14361 = EDGE_LOOP('',(#14362,#14363,#14364,#14365));
#14362 = ORIENTED_EDGE('',*,*,#13932,.F.);
#14363 = ORIENTED_EDGE('',*,*,#14339,.T.);
#14364 = ORIENTED_EDGE('',*,*,#11267,.T.);
#14365 = ORIENTED_EDGE('',*,*,#14366,.F.);
#14366 = EDGE_CURVE('',#13910,#11240,#14367,.T.);
#14367 = SURFACE_CURVE('',#14368,(#14372,#14379),.PCURVE_S1.);
#14368 = LINE('',#14369,#14370);
#14369 = CARTESIAN_POINT('',(164.398961939,-9.8,99.193375672974));
#14370 = VECTOR('',#14371,1.);
#14371 = DIRECTION('',(-1.,0.,0.));
#14372 = PCURVE('',#11283,#14373);
#14373 = DEFINITIONAL_REPRESENTATION('',(#14374),#14378);
#14374 = LINE('',#14375,#14376);
#14375 = CARTESIAN_POINT('',(2.886751345948,0.));
#14376 = VECTOR('',#14377,1.);
#14377 = DIRECTION('',(-0.,-1.));
#14378 = ( GEOMETRIC_REPRESENTATION_CONTEXT(2) 
PARAMETRIC_REPRESENTATION_CONTEXT() REPRESENTATION_CONTEXT('2D SPACE',''
  ) );
#14379 = PCURVE('',#11255,#14380);
#14380 = DEFINITIONAL_REPRESENTATION('',(#14381),#14385);
#14381 = LINE('',#14382,#14383);
#14382 = CARTESIAN_POINT('',(0.,0.));
#14383 = VECTOR('',#14384,1.);
#14384 = DIRECTION('',(-0.,-1.));
#14385 = ( GEOMETRIC_REPRESENTATION_CONTEXT(2) 
PARAMETRIC_REPRESENTATION_CONTEXT() REPRESENTATION_CONTEXT('2D SPACE',''
  ) );
#14386 = ADVANCED_FACE('',(#14387),#11255,.F.);
#14387 = FACE_BOUND('',#14388,.F.);
#14388 = EDGE_LOOP('',(#14389,#14390,#14391,#14392));
#14389 = ORIENTED_EDGE('',*,*,#13909,.F.);
#14390 = ORIENTED_EDGE('',*,*,#14366,.T.);
#14391 = ORIENTED_EDGE('',*,*,#11239,.T.);
#14392 = ORIENTED_EDGE('',*,*,#14393,.F.);
#14393 = EDGE_CURVE('',#13887,#11212,#14394,.T.);
#14394 = SURFACE_CURVE('',#14395,(#14399,#14406),.PCURVE_S1.);
#14395 = LINE('',#14396,#14397);
#14396 = CARTESIAN_POINT('',(164.398961939,-9.8,96.306624327026));
#14397 = VECTOR('',#14398,1.);
#14398 = DIRECTION('',(-1.,0.,0.));
#14399 = PCURVE('',#11255,#14400);
#14400 = DEFINITIONAL_REPRESENTATION('',(#14401),#14405);
#14401 = LINE('',#14402,#14403);
#14402 = CARTESIAN_POINT('',(2.886751345948,0.));
#14403 = VECTOR('',#14404,1.);
#14404 = DIRECTION('',(-0.,-1.));
#14405 = ( GEOMETRIC_REPRESENTATION_CONTEXT(2) 
PARAMETRIC_REPRESENTATION_CONTEXT() REPRESENTATION_CONTEXT('2D SPACE',''
  ) );
#14406 = PCURVE('',#11227,#14407);
#14407 = DEFINITIONAL_REPRESENTATION('',(#14408),#14412);
#14408 = LINE('',#14409,#14410);
#14409 = CARTESIAN_POINT('',(0.,0.));
#14410 = VECTOR('',#14411,1.);
#14411 = DIRECTION('',(0.,-1.));
#14412 = ( GEOMETRIC_REPRESENTATION_CONTEXT(2) 
PARAMETRIC_REPRESENTATION_CONTEXT() REPRESENTATION_CONTEXT('2D SPACE',''
  ) );
#14413 = ADVANCED_FACE('',(#14414),#11227,.F.);
#14414 = FACE_BOUND('',#14415,.F.);
#14415 = EDGE_LOOP('',(#14416,#14417,#14418,#14419));
#14416 = ORIENTED_EDGE('',*,*,#13886,.F.);
#14417 = ORIENTED_EDGE('',*,*,#14393,.T.);
#14418 = ORIENTED_EDGE('',*,*,#11211,.T.);
#14419 = ORIENTED_EDGE('',*,*,#14420,.F.);
#14420 = EDGE_CURVE('',#13864,#11184,#14421,.T.);
#14421 = SURFACE_CURVE('',#14422,(#14426,#14433),.PCURVE_S1.);
#14422 = LINE('',#14423,#14424);
#14423 = CARTESIAN_POINT('',(164.398961939,-7.3,94.863248654052));
#14424 = VECTOR('',#14425,1.);
#14425 = DIRECTION('',(-1.,0.,0.));
#14426 = PCURVE('',#11227,#14427);
#14427 = DEFINITIONAL_REPRESENTATION('',(#14428),#14432);
#14428 = LINE('',#14429,#14430);
#14429 = CARTESIAN_POINT('',(2.886751345948,0.));
#14430 = VECTOR('',#14431,1.);
#14431 = DIRECTION('',(0.,-1.));
#14432 = ( GEOMETRIC_REPRESENTATION_CONTEXT(2) 
PARAMETRIC_REPRESENTATION_CONTEXT() REPRESENTATION_CONTEXT('2D SPACE',''
  ) );
#14433 = PCURVE('',#11199,#14434);
#14434 = DEFINITIONAL_REPRESENTATION('',(#14435),#14439);
#14435 = LINE('',#14436,#14437);
#14436 = CARTESIAN_POINT('',(0.,0.));
#14437 = VECTOR('',#14438,1.);
#14438 = DIRECTION('',(0.,-1.));
#14439 = ( GEOMETRIC_REPRESENTATION_CONTEXT(2) 
PARAMETRIC_REPRESENTATION_CONTEXT() REPRESENTATION_CONTEXT('2D SPACE',''
  ) );
#14440 = ADVANCED_FACE('',(#14441),#11199,.F.);
#14441 = FACE_BOUND('',#14442,.F.);
#14442 = EDGE_LOOP('',(#14443,#14444,#14445,#14446,#14447));
#14443 = ORIENTED_EDGE('',*,*,#13863,.F.);
#14444 = ORIENTED_EDGE('',*,*,#14420,.T.);
#14445 = ORIENTED_EDGE('',*,*,#11183,.T.);
#14446 = ORIENTED_EDGE('',*,*,#12063,.F.);
#14447 = ORIENTED_EDGE('',*,*,#14448,.F.);
#14448 = EDGE_CURVE('',#13841,#12064,#14449,.T.);
#14449 = SURFACE_CURVE('',#14450,(#14454,#14461),.PCURVE_S1.);
#14450 = LINE('',#14451,#14452);
#14451 = CARTESIAN_POINT('',(164.398961939,-4.799999999999,
    96.306624327025));
#14452 = VECTOR('',#14453,1.);
#14453 = DIRECTION('',(-1.,0.,0.));
#14454 = PCURVE('',#11199,#14455);
#14455 = DEFINITIONAL_REPRESENTATION('',(#14456),#14460);
#14456 = LINE('',#14457,#14458);
#14457 = CARTESIAN_POINT('',(2.886751345948,0.));
#14458 = VECTOR('',#14459,1.);
#14459 = DIRECTION('',(0.,-1.));
#14460 = ( GEOMETRIC_REPRESENTATION_CONTEXT(2) 
PARAMETRIC_REPRESENTATION_CONTEXT() REPRESENTATION_CONTEXT('2D SPACE',''
  ) );
#14461 = PCURVE('',#12107,#14462);
#14462 = DEFINITIONAL_REPRESENTATION('',(#14463),#14467);
#14463 = LINE('',#14464,#14465);
#14464 = CARTESIAN_POINT('',(0.,0.));
#14465 = VECTOR('',#14466,1.);
#14466 = DIRECTION('',(0.,-1.));
#14467 = ( GEOMETRIC_REPRESENTATION_CONTEXT(2) 
PARAMETRIC_REPRESENTATION_CONTEXT() REPRESENTATION_CONTEXT('2D SPACE',''
  ) );
#14468 = ADVANCED_FACE('',(#14469),#11885,.F.);
#14469 = FACE_BOUND('',#14470,.F.);
#14470 = EDGE_LOOP('',(#14471,#14472,#14493,#14494,#14515));
#14471 = ORIENTED_EDGE('',*,*,#12036,.T.);
#14472 = ORIENTED_EDGE('',*,*,#14473,.T.);
#14473 = EDGE_CURVE('',#12009,#13447,#14474,.T.);
#14474 = SURFACE_CURVE('',#14475,(#14479,#14486),.PCURVE_S1.);
#14475 = LINE('',#14476,#14477);
#14476 = CARTESIAN_POINT('',(164.398961939,-7.3,94.863248654052));
#14477 = VECTOR('',#14478,1.);
#14478 = DIRECTION('',(-1.,0.,0.));
#14479 = PCURVE('',#11885,#14480);
#14480 = DEFINITIONAL_REPRESENTATION('',(#14481),#14485);
#14481 = LINE('',#14482,#14483);
#14482 = CARTESIAN_POINT('',(0.,0.));
#14483 = VECTOR('',#14484,1.);
#14484 = DIRECTION('',(0.,-1.));
#14485 = ( GEOMETRIC_REPRESENTATION_CONTEXT(2) 
PARAMETRIC_REPRESENTATION_CONTEXT() REPRESENTATION_CONTEXT('2D SPACE',''
  ) );
#14486 = PCURVE('',#12024,#14487);
#14487 = DEFINITIONAL_REPRESENTATION('',(#14488),#14492);
#14488 = LINE('',#14489,#14490);
#14489 = CARTESIAN_POINT('',(2.886751345948,0.));
#14490 = VECTOR('',#14491,1.);
#14491 = DIRECTION('',(0.,-1.));
#14492 = ( GEOMETRIC_REPRESENTATION_CONTEXT(2) 
PARAMETRIC_REPRESENTATION_CONTEXT() REPRESENTATION_CONTEXT('2D SPACE',''
  ) );
#14493 = ORIENTED_EDGE('',*,*,#13446,.T.);
#14494 = ORIENTED_EDGE('',*,*,#14495,.F.);
#14495 = EDGE_CURVE('',#11837,#13424,#14496,.T.);
#14496 = SURFACE_CURVE('',#14497,(#14501,#14508),.PCURVE_S1.);
#14497 = LINE('',#14498,#14499);
#14498 = CARTESIAN_POINT('',(164.398961939,-4.799999999999,
    96.306624327025));
#14499 = VECTOR('',#14500,1.);
#14500 = DIRECTION('',(-1.,0.,0.));
#14501 = PCURVE('',#11885,#14502);
#14502 = DEFINITIONAL_REPRESENTATION('',(#14503),#14507);
#14503 = LINE('',#14504,#14505);
#14504 = CARTESIAN_POINT('',(2.886751345948,0.));
#14505 = VECTOR('',#14506,1.);
#14506 = DIRECTION('',(0.,-1.));
#14507 = ( GEOMETRIC_REPRESENTATION_CONTEXT(2) 
PARAMETRIC_REPRESENTATION_CONTEXT() REPRESENTATION_CONTEXT('2D SPACE',''
  ) );
#14508 = PCURVE('',#11852,#14509);
#14509 = DEFINITIONAL_REPRESENTATION('',(#14510),#14514);
#14510 = LINE('',#14511,#14512);
#14511 = CARTESIAN_POINT('',(0.,0.));
#14512 = VECTOR('',#14513,1.);
#14513 = DIRECTION('',(0.,-1.));
#14514 = ( GEOMETRIC_REPRESENTATION_CONTEXT(2) 
PARAMETRIC_REPRESENTATION_CONTEXT() REPRESENTATION_CONTEXT('2D SPACE',''
  ) );
#14515 = ORIENTED_EDGE('',*,*,#11864,.F.);
#14516 = ADVANCED_FACE('',(#14517),#11852,.F.);
#14517 = FACE_BOUND('',#14518,.F.);
#14518 = EDGE_LOOP('',(#14519,#14520,#14521,#14522));
#14519 = ORIENTED_EDGE('',*,*,#11836,.T.);
#14520 = ORIENTED_EDGE('',*,*,#14495,.T.);
#14521 = ORIENTED_EDGE('',*,*,#13423,.T.);
#14522 = ORIENTED_EDGE('',*,*,#14523,.F.);
#14523 = EDGE_CURVE('',#11804,#13399,#14524,.T.);
#14524 = SURFACE_CURVE('',#14525,(#14529,#14536),.PCURVE_S1.);
#14525 = LINE('',#14526,#14527);
#14526 = CARTESIAN_POINT('',(164.398961939,-4.8,99.193375672974));
#14527 = VECTOR('',#14528,1.);
#14528 = DIRECTION('',(-1.,0.,0.));
#14529 = PCURVE('',#11852,#14530);
#14530 = DEFINITIONAL_REPRESENTATION('',(#14531),#14535);
#14531 = LINE('',#14532,#14533);
#14532 = CARTESIAN_POINT('',(2.886751345949,0.));
#14533 = VECTOR('',#14534,1.);
#14534 = DIRECTION('',(0.,-1.));
#14535 = ( GEOMETRIC_REPRESENTATION_CONTEXT(2) 
PARAMETRIC_REPRESENTATION_CONTEXT() REPRESENTATION_CONTEXT('2D SPACE',''
  ) );
#14536 = PCURVE('',#11824,#14537);
#14537 = DEFINITIONAL_REPRESENTATION('',(#14538),#14542);
#14538 = LINE('',#14539,#14540);
#14539 = CARTESIAN_POINT('',(0.,0.));
#14540 = VECTOR('',#14541,1.);
#14541 = DIRECTION('',(0.,-1.));
#14542 = ( GEOMETRIC_REPRESENTATION_CONTEXT(2) 
PARAMETRIC_REPRESENTATION_CONTEXT() REPRESENTATION_CONTEXT('2D SPACE',''
  ) );
#14543 = ADVANCED_FACE('',(#14544),#11824,.F.);
#14544 = FACE_BOUND('',#14545,.F.);
#14545 = EDGE_LOOP('',(#14546,#14547,#14548,#14549,#14570));
#14546 = ORIENTED_EDGE('',*,*,#11803,.F.);
#14547 = ORIENTED_EDGE('',*,*,#14523,.T.);
#14548 = ORIENTED_EDGE('',*,*,#13398,.T.);
#14549 = ORIENTED_EDGE('',*,*,#14550,.F.);
#14550 = EDGE_CURVE('',#11930,#13401,#14551,.T.);
#14551 = SURFACE_CURVE('',#14552,(#14556,#14563),.PCURVE_S1.);
#14552 = LINE('',#14553,#14554);
#14553 = CARTESIAN_POINT('',(164.398961939,-7.3,100.63675134594));
#14554 = VECTOR('',#14555,1.);
#14555 = DIRECTION('',(-1.,0.,0.));
#14556 = PCURVE('',#11824,#14557);
#14557 = DEFINITIONAL_REPRESENTATION('',(#14558),#14562);
#14558 = LINE('',#14559,#14560);
#14559 = CARTESIAN_POINT('',(2.886751345948,0.));
#14560 = VECTOR('',#14561,1.);
#14561 = DIRECTION('',(0.,-1.));
#14562 = ( GEOMETRIC_REPRESENTATION_CONTEXT(2) 
PARAMETRIC_REPRESENTATION_CONTEXT() REPRESENTATION_CONTEXT('2D SPACE',''
  ) );
#14563 = PCURVE('',#11968,#14564);
#14564 = DEFINITIONAL_REPRESENTATION('',(#14565),#14569);
#14565 = LINE('',#14566,#14567);
#14566 = CARTESIAN_POINT('',(0.,0.));
#14567 = VECTOR('',#14568,1.);
#14568 = DIRECTION('',(-0.,-1.));
#14569 = ( GEOMETRIC_REPRESENTATION_CONTEXT(2) 
PARAMETRIC_REPRESENTATION_CONTEXT() REPRESENTATION_CONTEXT('2D SPACE',''
  ) );
#14570 = ORIENTED_EDGE('',*,*,#11929,.T.);
#14571 = ADVANCED_FACE('',(#14572),#12024,.F.);
#14572 = FACE_BOUND('',#14573,.F.);
#14573 = EDGE_LOOP('',(#14574,#14575,#14596,#14597));
#14574 = ORIENTED_EDGE('',*,*,#12008,.T.);
#14575 = ORIENTED_EDGE('',*,*,#14576,.T.);
#14576 = EDGE_CURVE('',#11981,#13470,#14577,.T.);
#14577 = SURFACE_CURVE('',#14578,(#14582,#14589),.PCURVE_S1.);
#14578 = LINE('',#14579,#14580);
#14579 = CARTESIAN_POINT('',(164.398961939,-9.8,96.306624327026));
#14580 = VECTOR('',#14581,1.);
#14581 = DIRECTION('',(-1.,0.,0.));
#14582 = PCURVE('',#12024,#14583);
#14583 = DEFINITIONAL_REPRESENTATION('',(#14584),#14588);
#14584 = LINE('',#14585,#14586);
#14585 = CARTESIAN_POINT('',(0.,0.));
#14586 = VECTOR('',#14587,1.);
#14587 = DIRECTION('',(0.,-1.));
#14588 = ( GEOMETRIC_REPRESENTATION_CONTEXT(2) 
PARAMETRIC_REPRESENTATION_CONTEXT() REPRESENTATION_CONTEXT('2D SPACE',''
  ) );
#14589 = PCURVE('',#11996,#14590);
#14590 = DEFINITIONAL_REPRESENTATION('',(#14591),#14595);
#14591 = LINE('',#14592,#14593);
#14592 = CARTESIAN_POINT('',(2.886751345948,0.));
#14593 = VECTOR('',#14594,1.);
#14594 = DIRECTION('',(-0.,-1.));
#14595 = ( GEOMETRIC_REPRESENTATION_CONTEXT(2) 
PARAMETRIC_REPRESENTATION_CONTEXT() REPRESENTATION_CONTEXT('2D SPACE',''
  ) );
#14596 = ORIENTED_EDGE('',*,*,#13469,.T.);
#14597 = ORIENTED_EDGE('',*,*,#14473,.F.);
#14598 = ADVANCED_FACE('',(#14599),#11996,.F.);
#14599 = FACE_BOUND('',#14600,.F.);
#14600 = EDGE_LOOP('',(#14601,#14602,#14623,#14624));
#14601 = ORIENTED_EDGE('',*,*,#11980,.T.);
#14602 = ORIENTED_EDGE('',*,*,#14603,.T.);
#14603 = EDGE_CURVE('',#11953,#13493,#14604,.T.);
#14604 = SURFACE_CURVE('',#14605,(#14609,#14616),.PCURVE_S1.);
#14605 = LINE('',#14606,#14607);
#14606 = CARTESIAN_POINT('',(164.398961939,-9.8,99.193375672974));
#14607 = VECTOR('',#14608,1.);
#14608 = DIRECTION('',(-1.,0.,0.));
#14609 = PCURVE('',#11996,#14610);
#14610 = DEFINITIONAL_REPRESENTATION('',(#14611),#14615);
#14611 = LINE('',#14612,#14613);
#14612 = CARTESIAN_POINT('',(0.,0.));
#14613 = VECTOR('',#14614,1.);
#14614 = DIRECTION('',(-0.,-1.));
#14615 = ( GEOMETRIC_REPRESENTATION_CONTEXT(2) 
PARAMETRIC_REPRESENTATION_CONTEXT() REPRESENTATION_CONTEXT('2D SPACE',''
  ) );
#14616 = PCURVE('',#11968,#14617);
#14617 = DEFINITIONAL_REPRESENTATION('',(#14618),#14622);
#14618 = LINE('',#14619,#14620);
#14619 = CARTESIAN_POINT('',(2.886751345948,0.));
#14620 = VECTOR('',#14621,1.);
#14621 = DIRECTION('',(-0.,-1.));
#14622 = ( GEOMETRIC_REPRESENTATION_CONTEXT(2) 
PARAMETRIC_REPRESENTATION_CONTEXT() REPRESENTATION_CONTEXT('2D SPACE',''
  ) );
#14623 = ORIENTED_EDGE('',*,*,#13492,.T.);
#14624 = ORIENTED_EDGE('',*,*,#14576,.F.);
#14625 = ADVANCED_FACE('',(#14626),#11968,.F.);
#14626 = FACE_BOUND('',#14627,.F.);
#14627 = EDGE_LOOP('',(#14628,#14629,#14630,#14631));
#14628 = ORIENTED_EDGE('',*,*,#11952,.T.);
#14629 = ORIENTED_EDGE('',*,*,#14550,.T.);
#14630 = ORIENTED_EDGE('',*,*,#13515,.T.);
#14631 = ORIENTED_EDGE('',*,*,#14603,.F.);
#14632 = ADVANCED_FACE('',(#14633),#12107,.F.);
#14633 = FACE_BOUND('',#14634,.F.);
#14634 = EDGE_LOOP('',(#14635,#14636,#14637,#14638));
#14635 = ORIENTED_EDGE('',*,*,#13840,.F.);
#14636 = ORIENTED_EDGE('',*,*,#14448,.T.);
#14637 = ORIENTED_EDGE('',*,*,#12091,.F.);
#14638 = ORIENTED_EDGE('',*,*,#14316,.F.);
#14639 = ADVANCED_FACE('',(#14640),#12481,.F.);
#14640 = FACE_BOUND('',#14641,.F.);
#14641 = EDGE_LOOP('',(#14642,#14643,#14664,#14665));
#14642 = ORIENTED_EDGE('',*,*,#12463,.F.);
#14643 = ORIENTED_EDGE('',*,*,#14644,.T.);
#14644 = EDGE_CURVE('',#12464,#14083,#14645,.T.);
#14645 = SURFACE_CURVE('',#14646,(#14650,#14657),.PCURVE_S1.);
#14646 = LINE('',#14647,#14648);
#14647 = CARTESIAN_POINT('',(164.398961939,-4.8,99.193375672974));
#14648 = VECTOR('',#14649,1.);
#14649 = DIRECTION('',(-1.,0.,0.));
#14650 = PCURVE('',#12481,#14651);
#14651 = DEFINITIONAL_REPRESENTATION('',(#14652),#14656);
#14652 = LINE('',#14653,#14654);
#14653 = CARTESIAN_POINT('',(0.,0.));
#14654 = VECTOR('',#14655,1.);
#14655 = DIRECTION('',(0.,-1.));
#14656 = ( GEOMETRIC_REPRESENTATION_CONTEXT(2) 
PARAMETRIC_REPRESENTATION_CONTEXT() REPRESENTATION_CONTEXT('2D SPACE',''
  ) );
#14657 = PCURVE('',#12509,#14658);
#14658 = DEFINITIONAL_REPRESENTATION('',(#14659),#14663);
#14659 = LINE('',#14660,#14661);
#14660 = CARTESIAN_POINT('',(2.886751345949,0.));
#14661 = VECTOR('',#14662,1.);
#14662 = DIRECTION('',(0.,-1.));
#14663 = ( GEOMETRIC_REPRESENTATION_CONTEXT(2) 
PARAMETRIC_REPRESENTATION_CONTEXT() REPRESENTATION_CONTEXT('2D SPACE',''
  ) );
#14664 = ORIENTED_EDGE('',*,*,#14080,.F.);
#14665 = ORIENTED_EDGE('',*,*,#14666,.F.);
#14666 = EDGE_CURVE('',#12466,#14081,#14667,.T.);
#14667 = SURFACE_CURVE('',#14668,(#14672,#14679),.PCURVE_S1.);
#14668 = LINE('',#14669,#14670);
#14669 = CARTESIAN_POINT('',(164.398961939,-7.3,100.63675134594));
#14670 = VECTOR('',#14671,1.);
#14671 = DIRECTION('',(-1.,0.,0.));
#14672 = PCURVE('',#12481,#14673);
#14673 = DEFINITIONAL_REPRESENTATION('',(#14674),#14678);
#14674 = LINE('',#14675,#14676);
#14675 = CARTESIAN_POINT('',(2.886751345948,0.));
#14676 = VECTOR('',#14677,1.);
#14677 = DIRECTION('',(0.,-1.));
#14678 = ( GEOMETRIC_REPRESENTATION_CONTEXT(2) 
PARAMETRIC_REPRESENTATION_CONTEXT() REPRESENTATION_CONTEXT('2D SPACE',''
  ) );
#14679 = PCURVE('',#12619,#14680);
#14680 = DEFINITIONAL_REPRESENTATION('',(#14681),#14685);
#14681 = LINE('',#14682,#14683);
#14682 = CARTESIAN_POINT('',(0.,0.));
#14683 = VECTOR('',#14684,1.);
#14684 = DIRECTION('',(-0.,-1.));
#14685 = ( GEOMETRIC_REPRESENTATION_CONTEXT(2) 
PARAMETRIC_REPRESENTATION_CONTEXT() REPRESENTATION_CONTEXT('2D SPACE',''
  ) );
#14686 = ADVANCED_FACE('',(#14687),#12619,.F.);
#14687 = FACE_BOUND('',#14688,.F.);
#14688 = EDGE_LOOP('',(#14689,#14690,#14691,#14692));
#14689 = ORIENTED_EDGE('',*,*,#12605,.F.);
#14690 = ORIENTED_EDGE('',*,*,#14666,.T.);
#14691 = ORIENTED_EDGE('',*,*,#14105,.F.);
#14692 = ORIENTED_EDGE('',*,*,#14693,.F.);
#14693 = EDGE_CURVE('',#12578,#14106,#14694,.T.);
#14694 = SURFACE_CURVE('',#14695,(#14699,#14706),.PCURVE_S1.);
#14695 = LINE('',#14696,#14697);
#14696 = CARTESIAN_POINT('',(164.398961939,-9.8,99.193375672974));
#14697 = VECTOR('',#14698,1.);
#14698 = DIRECTION('',(-1.,0.,0.));
#14699 = PCURVE('',#12619,#14700);
#14700 = DEFINITIONAL_REPRESENTATION('',(#14701),#14705);
#14701 = LINE('',#14702,#14703);
#14702 = CARTESIAN_POINT('',(2.886751345948,0.));
#14703 = VECTOR('',#14704,1.);
#14704 = DIRECTION('',(-0.,-1.));
#14705 = ( GEOMETRIC_REPRESENTATION_CONTEXT(2) 
PARAMETRIC_REPRESENTATION_CONTEXT() REPRESENTATION_CONTEXT('2D SPACE',''
  ) );
#14706 = PCURVE('',#12593,#14707);
#14707 = DEFINITIONAL_REPRESENTATION('',(#14708),#14712);
#14708 = LINE('',#14709,#14710);
#14709 = CARTESIAN_POINT('',(0.,0.));
#14710 = VECTOR('',#14711,1.);
#14711 = DIRECTION('',(-0.,-1.));
#14712 = ( GEOMETRIC_REPRESENTATION_CONTEXT(2) 
PARAMETRIC_REPRESENTATION_CONTEXT() REPRESENTATION_CONTEXT('2D SPACE',''
  ) );
#14713 = ADVANCED_FACE('',(#14714),#12593,.F.);
#14714 = FACE_BOUND('',#14715,.F.);
#14715 = EDGE_LOOP('',(#14716,#14717,#14718,#14719));
#14716 = ORIENTED_EDGE('',*,*,#12577,.F.);
#14717 = ORIENTED_EDGE('',*,*,#14693,.T.);
#14718 = ORIENTED_EDGE('',*,*,#14128,.F.);
#14719 = ORIENTED_EDGE('',*,*,#14720,.F.);
#14720 = EDGE_CURVE('',#12550,#14129,#14721,.T.);
#14721 = SURFACE_CURVE('',#14722,(#14726,#14733),.PCURVE_S1.);
#14722 = LINE('',#14723,#14724);
#14723 = CARTESIAN_POINT('',(164.398961939,-9.8,96.306624327026));
#14724 = VECTOR('',#14725,1.);
#14725 = DIRECTION('',(-1.,0.,0.));
#14726 = PCURVE('',#12593,#14727);
#14727 = DEFINITIONAL_REPRESENTATION('',(#14728),#14732);
#14728 = LINE('',#14729,#14730);
#14729 = CARTESIAN_POINT('',(2.886751345948,0.));
#14730 = VECTOR('',#14731,1.);
#14731 = DIRECTION('',(-0.,-1.));
#14732 = ( GEOMETRIC_REPRESENTATION_CONTEXT(2) 
PARAMETRIC_REPRESENTATION_CONTEXT() REPRESENTATION_CONTEXT('2D SPACE',''
  ) );
#14733 = PCURVE('',#12565,#14734);
#14734 = DEFINITIONAL_REPRESENTATION('',(#14735),#14739);
#14735 = LINE('',#14736,#14737);
#14736 = CARTESIAN_POINT('',(0.,0.));
#14737 = VECTOR('',#14738,1.);
#14738 = DIRECTION('',(0.,-1.));
#14739 = ( GEOMETRIC_REPRESENTATION_CONTEXT(2) 
PARAMETRIC_REPRESENTATION_CONTEXT() REPRESENTATION_CONTEXT('2D SPACE',''
  ) );
#14740 = ADVANCED_FACE('',(#14741),#12565,.F.);
#14741 = FACE_BOUND('',#14742,.F.);
#14742 = EDGE_LOOP('',(#14743,#14744,#14745,#14746));
#14743 = ORIENTED_EDGE('',*,*,#12549,.F.);
#14744 = ORIENTED_EDGE('',*,*,#14720,.T.);
#14745 = ORIENTED_EDGE('',*,*,#14151,.F.);
#14746 = ORIENTED_EDGE('',*,*,#14747,.F.);
#14747 = EDGE_CURVE('',#12522,#14152,#14748,.T.);
#14748 = SURFACE_CURVE('',#14749,(#14753,#14760),.PCURVE_S1.);
#14749 = LINE('',#14750,#14751);
#14750 = CARTESIAN_POINT('',(164.398961939,-7.3,94.863248654052));
#14751 = VECTOR('',#14752,1.);
#14752 = DIRECTION('',(-1.,0.,0.));
#14753 = PCURVE('',#12565,#14754);
#14754 = DEFINITIONAL_REPRESENTATION('',(#14755),#14759);
#14755 = LINE('',#14756,#14757);
#14756 = CARTESIAN_POINT('',(2.886751345948,0.));
#14757 = VECTOR('',#14758,1.);
#14758 = DIRECTION('',(0.,-1.));
#14759 = ( GEOMETRIC_REPRESENTATION_CONTEXT(2) 
PARAMETRIC_REPRESENTATION_CONTEXT() REPRESENTATION_CONTEXT('2D SPACE',''
  ) );
#14760 = PCURVE('',#12537,#14761);
#14761 = DEFINITIONAL_REPRESENTATION('',(#14762),#14766);
#14762 = LINE('',#14763,#14764);
#14763 = CARTESIAN_POINT('',(0.,0.));
#14764 = VECTOR('',#14765,1.);
#14765 = DIRECTION('',(0.,-1.));
#14766 = ( GEOMETRIC_REPRESENTATION_CONTEXT(2) 
PARAMETRIC_REPRESENTATION_CONTEXT() REPRESENTATION_CONTEXT('2D SPACE',''
  ) );
#14767 = ADVANCED_FACE('',(#14768),#12537,.F.);
#14768 = FACE_BOUND('',#14769,.F.);
#14769 = EDGE_LOOP('',(#14770,#14771,#14772,#14773));
#14770 = ORIENTED_EDGE('',*,*,#12521,.F.);
#14771 = ORIENTED_EDGE('',*,*,#14747,.T.);
#14772 = ORIENTED_EDGE('',*,*,#14174,.F.);
#14773 = ORIENTED_EDGE('',*,*,#14774,.F.);
#14774 = EDGE_CURVE('',#12494,#14175,#14775,.T.);
#14775 = SURFACE_CURVE('',#14776,(#14780,#14787),.PCURVE_S1.);
#14776 = LINE('',#14777,#14778);
#14777 = CARTESIAN_POINT('',(164.398961939,-4.799999999999,
    96.306624327025));
#14778 = VECTOR('',#14779,1.);
#14779 = DIRECTION('',(-1.,0.,0.));
#14780 = PCURVE('',#12537,#14781);
#14781 = DEFINITIONAL_REPRESENTATION('',(#14782),#14786);
#14782 = LINE('',#14783,#14784);
#14783 = CARTESIAN_POINT('',(2.886751345948,0.));
#14784 = VECTOR('',#14785,1.);
#14785 = DIRECTION('',(0.,-1.));
#14786 = ( GEOMETRIC_REPRESENTATION_CONTEXT(2) 
PARAMETRIC_REPRESENTATION_CONTEXT() REPRESENTATION_CONTEXT('2D SPACE',''
  ) );
#14787 = PCURVE('',#12509,#14788);
#14788 = DEFINITIONAL_REPRESENTATION('',(#14789),#14793);
#14789 = LINE('',#14790,#14791);
#14790 = CARTESIAN_POINT('',(0.,0.));
#14791 = VECTOR('',#14792,1.);
#14792 = DIRECTION('',(0.,-1.));
#14793 = ( GEOMETRIC_REPRESENTATION_CONTEXT(2) 
PARAMETRIC_REPRESENTATION_CONTEXT() REPRESENTATION_CONTEXT('2D SPACE',''
  ) );
#14794 = ADVANCED_FACE('',(#14795),#12509,.F.);
#14795 = FACE_BOUND('',#14796,.F.);
#14796 = EDGE_LOOP('',(#14797,#14798,#14799,#14800));
#14797 = ORIENTED_EDGE('',*,*,#12493,.F.);
#14798 = ORIENTED_EDGE('',*,*,#14774,.T.);
#14799 = ORIENTED_EDGE('',*,*,#14197,.F.);
#14800 = ORIENTED_EDGE('',*,*,#14644,.F.);
#14801 = ADVANCED_FACE('',(#14802),#12678,.F.);
#14802 = FACE_BOUND('',#14803,.F.);
#14803 = EDGE_LOOP('',(#14804,#14805,#14826,#14827));
#14804 = ORIENTED_EDGE('',*,*,#13182,.T.);
#14805 = ORIENTED_EDGE('',*,*,#14806,.T.);
#14806 = EDGE_CURVE('',#13185,#12663,#14807,.T.);
#14807 = SURFACE_CURVE('',#14808,(#14812,#14819),.PCURVE_S1.);
#14808 = LINE('',#14809,#14810);
#14809 = CARTESIAN_POINT('',(164.398961939,-4.8,99.193375672974));
#14810 = VECTOR('',#14811,1.);
#14811 = DIRECTION('',(-1.,0.,0.));
#14812 = PCURVE('',#12678,#14813);
#14813 = DEFINITIONAL_REPRESENTATION('',(#14814),#14818);
#14814 = LINE('',#14815,#14816);
#14815 = CARTESIAN_POINT('',(0.,0.));
#14816 = VECTOR('',#14817,1.);
#14817 = DIRECTION('',(0.,-1.));
#14818 = ( GEOMETRIC_REPRESENTATION_CONTEXT(2) 
PARAMETRIC_REPRESENTATION_CONTEXT() REPRESENTATION_CONTEXT('2D SPACE',''
  ) );
#14819 = PCURVE('',#12816,#14820);
#14820 = DEFINITIONAL_REPRESENTATION('',(#14821),#14825);
#14821 = LINE('',#14822,#14823);
#14822 = CARTESIAN_POINT('',(2.886751345949,0.));
#14823 = VECTOR('',#14824,1.);
#14824 = DIRECTION('',(0.,-1.));
#14825 = ( GEOMETRIC_REPRESENTATION_CONTEXT(2) 
PARAMETRIC_REPRESENTATION_CONTEXT() REPRESENTATION_CONTEXT('2D SPACE',''
  ) );
#14826 = ORIENTED_EDGE('',*,*,#12660,.F.);
#14827 = ORIENTED_EDGE('',*,*,#14828,.F.);
#14828 = EDGE_CURVE('',#13183,#12661,#14829,.T.);
#14829 = SURFACE_CURVE('',#14830,(#14834,#14841),.PCURVE_S1.);
#14830 = LINE('',#14831,#14832);
#14831 = CARTESIAN_POINT('',(164.398961939,-7.3,100.63675134594));
#14832 = VECTOR('',#14833,1.);
#14833 = DIRECTION('',(-1.,0.,0.));
#14834 = PCURVE('',#12678,#14835);
#14835 = DEFINITIONAL_REPRESENTATION('',(#14836),#14840);
#14836 = LINE('',#14837,#14838);
#14837 = CARTESIAN_POINT('',(2.886751345948,0.));
#14838 = VECTOR('',#14839,1.);
#14839 = DIRECTION('',(0.,-1.));
#14840 = ( GEOMETRIC_REPRESENTATION_CONTEXT(2) 
PARAMETRIC_REPRESENTATION_CONTEXT() REPRESENTATION_CONTEXT('2D SPACE',''
  ) );
#14841 = PCURVE('',#12706,#14842);
#14842 = DEFINITIONAL_REPRESENTATION('',(#14843),#14847);
#14843 = LINE('',#14844,#14845);
#14844 = CARTESIAN_POINT('',(0.,0.));
#14845 = VECTOR('',#14846,1.);
#14846 = DIRECTION('',(-0.,-1.));
#14847 = ( GEOMETRIC_REPRESENTATION_CONTEXT(2) 
PARAMETRIC_REPRESENTATION_CONTEXT() REPRESENTATION_CONTEXT('2D SPACE',''
  ) );
#14848 = ADVANCED_FACE('',(#14849),#12816,.F.);
#14849 = FACE_BOUND('',#14850,.F.);
#14850 = EDGE_LOOP('',(#14851,#14852,#14873,#14874));
#14851 = ORIENTED_EDGE('',*,*,#13299,.T.);
#14852 = ORIENTED_EDGE('',*,*,#14853,.T.);
#14853 = EDGE_CURVE('',#13277,#12775,#14854,.T.);
#14854 = SURFACE_CURVE('',#14855,(#14859,#14866),.PCURVE_S1.);
#14855 = LINE('',#14856,#14857);
#14856 = CARTESIAN_POINT('',(164.398961939,-4.799999999999,
    96.306624327025));
#14857 = VECTOR('',#14858,1.);
#14858 = DIRECTION('',(-1.,0.,0.));
#14859 = PCURVE('',#12816,#14860);
#14860 = DEFINITIONAL_REPRESENTATION('',(#14861),#14865);
#14861 = LINE('',#14862,#14863);
#14862 = CARTESIAN_POINT('',(0.,0.));
#14863 = VECTOR('',#14864,1.);
#14864 = DIRECTION('',(0.,-1.));
#14865 = ( GEOMETRIC_REPRESENTATION_CONTEXT(2) 
PARAMETRIC_REPRESENTATION_CONTEXT() REPRESENTATION_CONTEXT('2D SPACE',''
  ) );
#14866 = PCURVE('',#12790,#14867);
#14867 = DEFINITIONAL_REPRESENTATION('',(#14868),#14872);
#14868 = LINE('',#14869,#14870);
#14869 = CARTESIAN_POINT('',(2.886751345948,0.));
#14870 = VECTOR('',#14871,1.);
#14871 = DIRECTION('',(0.,-1.));
#14872 = ( GEOMETRIC_REPRESENTATION_CONTEXT(2) 
PARAMETRIC_REPRESENTATION_CONTEXT() REPRESENTATION_CONTEXT('2D SPACE',''
  ) );
#14873 = ORIENTED_EDGE('',*,*,#12802,.F.);
#14874 = ORIENTED_EDGE('',*,*,#14806,.F.);
#14875 = ADVANCED_FACE('',(#14876),#12790,.F.);
#14876 = FACE_BOUND('',#14877,.F.);
#14877 = EDGE_LOOP('',(#14878,#14879,#14900,#14901));
#14878 = ORIENTED_EDGE('',*,*,#13276,.T.);
#14879 = ORIENTED_EDGE('',*,*,#14880,.T.);
#14880 = EDGE_CURVE('',#13254,#12747,#14881,.T.);
#14881 = SURFACE_CURVE('',#14882,(#14886,#14893),.PCURVE_S1.);
#14882 = LINE('',#14883,#14884);
#14883 = CARTESIAN_POINT('',(164.398961939,-7.3,94.863248654052));
#14884 = VECTOR('',#14885,1.);
#14885 = DIRECTION('',(-1.,0.,0.));
#14886 = PCURVE('',#12790,#14887);
#14887 = DEFINITIONAL_REPRESENTATION('',(#14888),#14892);
#14888 = LINE('',#14889,#14890);
#14889 = CARTESIAN_POINT('',(0.,0.));
#14890 = VECTOR('',#14891,1.);
#14891 = DIRECTION('',(0.,-1.));
#14892 = ( GEOMETRIC_REPRESENTATION_CONTEXT(2) 
PARAMETRIC_REPRESENTATION_CONTEXT() REPRESENTATION_CONTEXT('2D SPACE',''
  ) );
#14893 = PCURVE('',#12762,#14894);
#14894 = DEFINITIONAL_REPRESENTATION('',(#14895),#14899);
#14895 = LINE('',#14896,#14897);
#14896 = CARTESIAN_POINT('',(2.886751345948,0.));
#14897 = VECTOR('',#14898,1.);
#14898 = DIRECTION('',(0.,-1.));
#14899 = ( GEOMETRIC_REPRESENTATION_CONTEXT(2) 
PARAMETRIC_REPRESENTATION_CONTEXT() REPRESENTATION_CONTEXT('2D SPACE',''
  ) );
#14900 = ORIENTED_EDGE('',*,*,#12774,.F.);
#14901 = ORIENTED_EDGE('',*,*,#14853,.F.);
#14902 = ADVANCED_FACE('',(#14903),#12762,.F.);
#14903 = FACE_BOUND('',#14904,.F.);
#14904 = EDGE_LOOP('',(#14905,#14906,#14927,#14928));
#14905 = ORIENTED_EDGE('',*,*,#13253,.T.);
#14906 = ORIENTED_EDGE('',*,*,#14907,.T.);
#14907 = EDGE_CURVE('',#13231,#12719,#14908,.T.);
#14908 = SURFACE_CURVE('',#14909,(#14913,#14920),.PCURVE_S1.);
#14909 = LINE('',#14910,#14911);
#14910 = CARTESIAN_POINT('',(164.398961939,-9.8,96.306624327026));
#14911 = VECTOR('',#14912,1.);
#14912 = DIRECTION('',(-1.,0.,0.));
#14913 = PCURVE('',#12762,#14914);
#14914 = DEFINITIONAL_REPRESENTATION('',(#14915),#14919);
#14915 = LINE('',#14916,#14917);
#14916 = CARTESIAN_POINT('',(0.,0.));
#14917 = VECTOR('',#14918,1.);
#14918 = DIRECTION('',(0.,-1.));
#14919 = ( GEOMETRIC_REPRESENTATION_CONTEXT(2) 
PARAMETRIC_REPRESENTATION_CONTEXT() REPRESENTATION_CONTEXT('2D SPACE',''
  ) );
#14920 = PCURVE('',#12734,#14921);
#14921 = DEFINITIONAL_REPRESENTATION('',(#14922),#14926);
#14922 = LINE('',#14923,#14924);
#14923 = CARTESIAN_POINT('',(2.886751345948,0.));
#14924 = VECTOR('',#14925,1.);
#14925 = DIRECTION('',(-0.,-1.));
#14926 = ( GEOMETRIC_REPRESENTATION_CONTEXT(2) 
PARAMETRIC_REPRESENTATION_CONTEXT() REPRESENTATION_CONTEXT('2D SPACE',''
  ) );
#14927 = ORIENTED_EDGE('',*,*,#12746,.F.);
#14928 = ORIENTED_EDGE('',*,*,#14880,.F.);
#14929 = ADVANCED_FACE('',(#14930),#12734,.F.);
#14930 = FACE_BOUND('',#14931,.F.);
#14931 = EDGE_LOOP('',(#14932,#14933,#14954,#14955));
#14932 = ORIENTED_EDGE('',*,*,#13230,.T.);
#14933 = ORIENTED_EDGE('',*,*,#14934,.T.);
#14934 = EDGE_CURVE('',#13208,#12691,#14935,.T.);
#14935 = SURFACE_CURVE('',#14936,(#14940,#14947),.PCURVE_S1.);
#14936 = LINE('',#14937,#14938);
#14937 = CARTESIAN_POINT('',(164.398961939,-9.8,99.193375672974));
#14938 = VECTOR('',#14939,1.);
#14939 = DIRECTION('',(-1.,0.,0.));
#14940 = PCURVE('',#12734,#14941);
#14941 = DEFINITIONAL_REPRESENTATION('',(#14942),#14946);
#14942 = LINE('',#14943,#14944);
#14943 = CARTESIAN_POINT('',(0.,0.));
#14944 = VECTOR('',#14945,1.);
#14945 = DIRECTION('',(-0.,-1.));
#14946 = ( GEOMETRIC_REPRESENTATION_CONTEXT(2) 
PARAMETRIC_REPRESENTATION_CONTEXT() REPRESENTATION_CONTEXT('2D SPACE',''
  ) );
#14947 = PCURVE('',#12706,#14948);
#14948 = DEFINITIONAL_REPRESENTATION('',(#14949),#14953);
#14949 = LINE('',#14950,#14951);
#14950 = CARTESIAN_POINT('',(2.886751345948,0.));
#14951 = VECTOR('',#14952,1.);
#14952 = DIRECTION('',(-0.,-1.));
#14953 = ( GEOMETRIC_REPRESENTATION_CONTEXT(2) 
PARAMETRIC_REPRESENTATION_CONTEXT() REPRESENTATION_CONTEXT('2D SPACE',''
  ) );
#14954 = ORIENTED_EDGE('',*,*,#12718,.F.);
#14955 = ORIENTED_EDGE('',*,*,#14907,.F.);
#14956 = ADVANCED_FACE('',(#14957),#12706,.F.);
#14957 = FACE_BOUND('',#14958,.F.);
#14958 = EDGE_LOOP('',(#14959,#14960,#14961,#14962));
#14959 = ORIENTED_EDGE('',*,*,#13207,.T.);
#14960 = ORIENTED_EDGE('',*,*,#14828,.T.);
#14961 = ORIENTED_EDGE('',*,*,#12690,.F.);
#14962 = ORIENTED_EDGE('',*,*,#14934,.F.);
#14963 = ADVANCED_FACE('',(#14964),#13097,.T.);
#14964 = FACE_BOUND('',#14965,.T.);
#14965 = EDGE_LOOP('',(#14966,#14967,#14968,#14969));
#14966 = ORIENTED_EDGE('',*,*,#13081,.T.);
#14967 = ORIENTED_EDGE('',*,*,#13135,.T.);
#14968 = ORIENTED_EDGE('',*,*,#13324,.T.);
#14969 = ORIENTED_EDGE('',*,*,#13373,.T.);
#14970 = ADVANCED_FACE('',(#14971),#13579,.T.);
#14971 = FACE_BOUND('',#14972,.T.);
#14972 = EDGE_LOOP('',(#14973,#14974,#14975,#14976));
#14973 = ORIENTED_EDGE('',*,*,#13563,.T.);
#14974 = ORIENTED_EDGE('',*,*,#13665,.T.);
#14975 = ORIENTED_EDGE('',*,*,#13713,.F.);
#14976 = ORIENTED_EDGE('',*,*,#13616,.F.);
#14977 = ADVANCED_FACE('',(#14978),#13779,.T.);
#14978 = FACE_BOUND('',#14979,.F.);
#14979 = EDGE_LOOP('',(#14980,#14981,#14982,#14983));
#14980 = ORIENTED_EDGE('',*,*,#14006,.T.);
#14981 = ORIENTED_EDGE('',*,*,#14055,.T.);
#14982 = ORIENTED_EDGE('',*,*,#13979,.T.);
#14983 = ORIENTED_EDGE('',*,*,#13763,.T.);
#14984 = ( GEOMETRIC_REPRESENTATION_CONTEXT(3) 
GLOBAL_UNCERTAINTY_ASSIGNED_CONTEXT((#14988)) 
GLOBAL_UNIT_ASSIGNED_CONTEXT((#14985,#14986,#14987)) 
REPRESENTATION_CONTEXT('Context #1',
  '3D Context with UNIT and UNCERTAINTY') );
#14985 = ( LENGTH_UNIT() NAMED_UNIT(*) SI_UNIT(.MILLI.,.METRE.) );
#14986 = ( NAMED_UNIT(*) PLANE_ANGLE_UNIT() SI_UNIT($,.RADIAN.) );
#14987 = ( NAMED_UNIT(*) SI_UNIT($,.STERADIAN.) SOLID_ANGLE_UNIT() );
#14988 = UNCERTAINTY_MEASURE_WITH_UNIT(LENGTH_MEASURE(5.E-04),#14985,
  'distance_accuracy_value','confusion accuracy');
#14989 = PRODUCT_RELATED_PRODUCT_CATEGORY('part',$,(#7));
#14990 = MECHANICAL_DESIGN_GEOMETRIC_PRESENTATION_REPRESENTATION('',(
    #14991),#14984);
#14991 = STYLED_ITEM('color',(#14992),#15);
#14992 = PRESENTATION_STYLE_ASSIGNMENT((#14993,#15001));
#14993 = SURFACE_STYLE_USAGE(.BOTH.,#14994);
#14994 = SURFACE_SIDE_STYLE('',(#14995,#14999));
#14995 = SURFACE_STYLE_FILL_AREA(#14996);
#14996 = FILL_AREA_STYLE('',(#14997));
#14997 = FILL_AREA_STYLE_COLOUR('',#14998);
#14998 = COLOUR_RGB('',0.800000010877,0.800000010877,0.800000010877);
#14999 = SURFACE_STYLE_RENDERING_WITH_PROPERTIES(.NORMAL_SHADING.,#14998
  ,(#15000));
#15000 = SURFACE_STYLE_TRANSPARENT(0.699999988079);
#15001 = CURVE_STYLE('',#15002,POSITIVE_LENGTH_MEASURE(0.1),#15003);
#15002 = DRAUGHTING_PRE_DEFINED_CURVE_FONT('continuous');
#15003 = COLOUR_RGB('',9.803921802644E-02,9.803921802644E-02,
  9.803921802644E-02);
ENDSEC;
END-ISO-10303-21;
