ISO-10303-21;
HEADER;
FILE_DESCRIPTION(('FreeCAD Model'),'2;1');
FILE_NAME('Open CASCADE Shape Model','2026-07-18T22:16:37',(''),(''),
  'Open CASCADE STEP processor 7.8','FreeCAD','Unknown');
FILE_SCHEMA(('AUTOMOTIVE_DESIGN { 1 0 10303 214 1 1 1 1 }'));
ENDSEC;
DATA;
#1 = APPLICATION_PROTOCOL_DEFINITION('international standard',
  'automotive_design',2000,#2);
#2 = APPLICATION_CONTEXT(
  'core data for automotive mechanical design processes');
#3 = SHAPE_DEFINITION_REPRESENTATION(#4,#10);
#4 = PRODUCT_DEFINITION_SHAPE('','',#5);
#5 = PRODUCT_DEFINITION('design','',#6,#9);
#6 = PRODUCT_DEFINITION_FORMATION('','',#7);
#7 = PRODUCT('PaperworkSlotCover','PaperworkSlotCover','',(#8));
#8 = PRODUCT_CONTEXT('',#2,'mechanical');
#9 = PRODUCT_DEFINITION_CONTEXT('part definition',#2,'design');
#10 = ADVANCED_BREP_SHAPE_REPRESENTATION('',(#11,#15),#5635);
#11 = AXIS2_PLACEMENT_3D('',#12,#13,#14);
#12 = CARTESIAN_POINT('',(0.,0.,0.));
#13 = DIRECTION('',(0.,0.,1.));
#14 = DIRECTION('',(1.,0.,-0.));
#15 = MANIFOLD_SOLID_BREP('',#16);
#16 = CLOSED_SHELL('',(#17,#139,#220,#304,#533,#782,#837,#892,#947,#1314
    ,#1764,#1849,#1982,#2037,#2125,#2543,#2649,#2698,#2793,#2879,#2984,
    #3033,#3127,#3205,#3233,#3441,#3469,#3547,#3603,#3659,#3714,#3769,
    #3820,#3871,#3898,#3926,#3977,#4004,#4062,#4128,#4200,#4356,#4462,
    #4541,#4620,#4670,#4718,#4767,#4816,#4843,#4870,#4930,#4956,#5022,
    #5088,#5116,#5144,#5171,#5178,#5205,#5212,#5239,#5246,#5295,#5346,
    #5355,#5426,#5475,#5524,#5531,#5538,#5566,#5594,#5601,#5628));
#17 = ADVANCED_FACE('',(#18),#32,.T.);
#18 = FACE_BOUND('',#19,.F.);
#19 = EDGE_LOOP('',(#20,#55,#84,#112));
#20 = ORIENTED_EDGE('',*,*,#21,.T.);
#21 = EDGE_CURVE('',#22,#24,#26,.T.);
#22 = VERTEX_POINT('',#23);
#23 = CARTESIAN_POINT('',(-9.7,-0.333333333333,118.7));
#24 = VERTEX_POINT('',#25);
#25 = CARTESIAN_POINT('',(-9.7,-1.,118.7));
#26 = SURFACE_CURVE('',#27,(#31,#43),.PCURVE_S1.);
#27 = LINE('',#28,#29);
#28 = CARTESIAN_POINT('',(-9.7,2.63566946046E-14,118.7));
#29 = VECTOR('',#30,1.);
#30 = DIRECTION('',(0.,-1.,2.22044604925E-16));
#31 = PCURVE('',#32,#37);
#32 = CYLINDRICAL_SURFACE('',#33,2.);
#33 = AXIS2_PLACEMENT_3D('',#34,#35,#36);
#34 = CARTESIAN_POINT('',(-9.7,2.591260539475E-14,116.7));
#35 = DIRECTION('',(0.,1.,-2.22044604925E-16));
#36 = DIRECTION('',(1.,0.,0.));
#37 = DEFINITIONAL_REPRESENTATION('',(#38),#42);
#38 = LINE('',#39,#40);
#39 = CARTESIAN_POINT('',(-1.570796326795,0.));
#40 = VECTOR('',#41,1.);
#41 = DIRECTION('',(-0.,-1.));
#42 = ( GEOMETRIC_REPRESENTATION_CONTEXT(2) 
PARAMETRIC_REPRESENTATION_CONTEXT() REPRESENTATION_CONTEXT('2D SPACE',''
  ) );
#43 = PCURVE('',#44,#49);
#44 = PLANE('',#45);
#45 = AXIS2_PLACEMENT_3D('',#46,#47,#48);
#46 = CARTESIAN_POINT('',(0.,-0.5,118.7));
#47 = DIRECTION('',(0.,-2.22044604925E-16,1.));
#48 = DIRECTION('',(0.,-1.,-2.22044604925E-16));
#49 = DEFINITIONAL_REPRESENTATION('',(#50),#54);
#50 = LINE('',#51,#52);
#51 = CARTESIAN_POINT('',(-0.5,-9.7));
#52 = VECTOR('',#53,1.);
#53 = DIRECTION('',(1.,0.));
#54 = ( GEOMETRIC_REPRESENTATION_CONTEXT(2) 
PARAMETRIC_REPRESENTATION_CONTEXT() REPRESENTATION_CONTEXT('2D SPACE',''
  ) );
#55 = ORIENTED_EDGE('',*,*,#56,.T.);
#56 = EDGE_CURVE('',#24,#57,#59,.T.);
#57 = VERTEX_POINT('',#58);
#58 = CARTESIAN_POINT('',(-11.7,-1.,116.7));
#59 = SURFACE_CURVE('',#60,(#65,#72),.PCURVE_S1.);
#60 = CIRCLE('',#61,2.);
#61 = AXIS2_PLACEMENT_3D('',#62,#63,#64);
#62 = CARTESIAN_POINT('',(-9.7,-1.,116.7));
#63 = DIRECTION('',(0.,-1.,2.22044604925E-16));
#64 = DIRECTION('',(1.,0.,0.));
#65 = PCURVE('',#32,#66);
#66 = DEFINITIONAL_REPRESENTATION('',(#67),#71);
#67 = LINE('',#68,#69);
#68 = CARTESIAN_POINT('',(-0.,-1.));
#69 = VECTOR('',#70,1.);
#70 = DIRECTION('',(-1.,0.));
#71 = ( GEOMETRIC_REPRESENTATION_CONTEXT(2) 
PARAMETRIC_REPRESENTATION_CONTEXT() REPRESENTATION_CONTEXT('2D SPACE',''
  ) );
#72 = PCURVE('',#73,#78);
#73 = PLANE('',#74);
#74 = AXIS2_PLACEMENT_3D('',#75,#76,#77);
#75 = CARTESIAN_POINT('',(-2.612065579531E-17,-1.,61.5));
#76 = DIRECTION('',(0.,-1.,2.22446550595E-16));
#77 = DIRECTION('',(0.,2.22446550595E-16,1.));
#78 = DEFINITIONAL_REPRESENTATION('',(#79),#83);
#79 = CIRCLE('',#80,2.);
#80 = AXIS2_PLACEMENT_2D('',#81,#82);
#81 = CARTESIAN_POINT('',(55.2,9.7));
#82 = DIRECTION('',(0.,-1.));
#83 = ( GEOMETRIC_REPRESENTATION_CONTEXT(2) 
PARAMETRIC_REPRESENTATION_CONTEXT() REPRESENTATION_CONTEXT('2D SPACE',''
  ) );
#84 = ORIENTED_EDGE('',*,*,#85,.F.);
#85 = EDGE_CURVE('',#86,#57,#88,.T.);
#86 = VERTEX_POINT('',#87);
#87 = CARTESIAN_POINT('',(-11.7,-0.333333333333,116.7));
#88 = SURFACE_CURVE('',#89,(#93,#100),.PCURVE_S1.);
#89 = LINE('',#90,#91);
#90 = CARTESIAN_POINT('',(-11.7,2.591260539475E-14,116.7));
#91 = VECTOR('',#92,1.);
#92 = DIRECTION('',(0.,-1.,2.22044604925E-16));
#93 = PCURVE('',#32,#94);
#94 = DEFINITIONAL_REPRESENTATION('',(#95),#99);
#95 = LINE('',#96,#97);
#96 = CARTESIAN_POINT('',(-3.14159265359,0.));
#97 = VECTOR('',#98,1.);
#98 = DIRECTION('',(-0.,-1.));
#99 = ( GEOMETRIC_REPRESENTATION_CONTEXT(2) 
PARAMETRIC_REPRESENTATION_CONTEXT() REPRESENTATION_CONTEXT('2D SPACE',''
  ) );
#100 = PCURVE('',#101,#106);
#101 = PLANE('',#102);
#102 = AXIS2_PLACEMENT_3D('',#103,#104,#105);
#103 = CARTESIAN_POINT('',(-11.7,-5.35,61.5));
#104 = DIRECTION('',(-1.,-4.609395278872E-16,-1.02349135364E-31));
#105 = DIRECTION('',(-4.609395278872E-16,1.,2.22044604925E-16));
#106 = DEFINITIONAL_REPRESENTATION('',(#107),#111);
#107 = LINE('',#108,#109);
#108 = CARTESIAN_POINT('',(5.35,-55.2));
#109 = VECTOR('',#110,1.);
#110 = DIRECTION('',(-1.,-4.440892098501E-16));
#111 = ( GEOMETRIC_REPRESENTATION_CONTEXT(2) 
PARAMETRIC_REPRESENTATION_CONTEXT() REPRESENTATION_CONTEXT('2D SPACE',''
  ) );
#112 = ORIENTED_EDGE('',*,*,#113,.T.);
#113 = EDGE_CURVE('',#86,#22,#114,.T.);
#114 = SURFACE_CURVE('',#115,(#120,#127),.PCURVE_S1.);
#115 = CIRCLE('',#116,2.);
#116 = AXIS2_PLACEMENT_3D('',#117,#118,#119);
#117 = CARTESIAN_POINT('',(-9.7,-0.333333333333,116.7));
#118 = DIRECTION('',(0.,1.,-2.22044604925E-16));
#119 = DIRECTION('',(-1.,1.64346021921E-32,7.401486830834E-17));
#120 = PCURVE('',#32,#121);
#121 = DEFINITIONAL_REPRESENTATION('',(#122),#126);
#122 = LINE('',#123,#124);
#123 = CARTESIAN_POINT('',(-3.14159265359,-0.333333333333));
#124 = VECTOR('',#125,1.);
#125 = DIRECTION('',(1.,-0.));
#126 = ( GEOMETRIC_REPRESENTATION_CONTEXT(2) 
PARAMETRIC_REPRESENTATION_CONTEXT() REPRESENTATION_CONTEXT('2D SPACE',''
  ) );
#127 = PCURVE('',#128,#133);
#128 = TOROIDAL_SURFACE('',#129,1.666666666667,0.333333333333);
#129 = AXIS2_PLACEMENT_3D('',#130,#131,#132);
#130 = CARTESIAN_POINT('',(-9.7,-0.333333333333,116.7));
#131 = DIRECTION('',(0.,1.,-2.22044604925E-16));
#132 = DIRECTION('',(-1.,1.64346021921E-32,7.401486830834E-17));
#133 = DEFINITIONAL_REPRESENTATION('',(#134),#138);
#134 = LINE('',#135,#136);
#135 = CARTESIAN_POINT('',(0.,0.));
#136 = VECTOR('',#137,1.);
#137 = DIRECTION('',(1.,0.));
#138 = ( GEOMETRIC_REPRESENTATION_CONTEXT(2) 
PARAMETRIC_REPRESENTATION_CONTEXT() REPRESENTATION_CONTEXT('2D SPACE',''
  ) );
#139 = ADVANCED_FACE('',(#140),#44,.T.);
#140 = FACE_BOUND('',#141,.T.);
#141 = EDGE_LOOP('',(#142,#143,#166,#194));
#142 = ORIENTED_EDGE('',*,*,#21,.T.);
#143 = ORIENTED_EDGE('',*,*,#144,.F.);
#144 = EDGE_CURVE('',#145,#24,#147,.T.);
#145 = VERTEX_POINT('',#146);
#146 = CARTESIAN_POINT('',(9.7,-1.,118.7));
#147 = SURFACE_CURVE('',#148,(#152,#159),.PCURVE_S1.);
#148 = LINE('',#149,#150);
#149 = CARTESIAN_POINT('',(0.,-1.,118.7));
#150 = VECTOR('',#151,1.);
#151 = DIRECTION('',(-1.,0.,0.));
#152 = PCURVE('',#44,#153);
#153 = DEFINITIONAL_REPRESENTATION('',(#154),#158);
#154 = LINE('',#155,#156);
#155 = CARTESIAN_POINT('',(0.5,0.));
#156 = VECTOR('',#157,1.);
#157 = DIRECTION('',(-0.,-1.));
#158 = ( GEOMETRIC_REPRESENTATION_CONTEXT(2) 
PARAMETRIC_REPRESENTATION_CONTEXT() REPRESENTATION_CONTEXT('2D SPACE',''
  ) );
#159 = PCURVE('',#73,#160);
#160 = DEFINITIONAL_REPRESENTATION('',(#161),#165);
#161 = LINE('',#162,#163);
#162 = CARTESIAN_POINT('',(57.2,-2.612065579531E-17));
#163 = VECTOR('',#164,1.);
#164 = DIRECTION('',(0.,1.));
#165 = ( GEOMETRIC_REPRESENTATION_CONTEXT(2) 
PARAMETRIC_REPRESENTATION_CONTEXT() REPRESENTATION_CONTEXT('2D SPACE',''
  ) );
#166 = ORIENTED_EDGE('',*,*,#167,.F.);
#167 = EDGE_CURVE('',#168,#145,#170,.T.);
#168 = VERTEX_POINT('',#169);
#169 = CARTESIAN_POINT('',(9.7,-0.333333333333,118.7));
#170 = SURFACE_CURVE('',#171,(#175,#182),.PCURVE_S1.);
#171 = LINE('',#172,#173);
#172 = CARTESIAN_POINT('',(9.7,2.63566946046E-14,118.7));
#173 = VECTOR('',#174,1.);
#174 = DIRECTION('',(0.,-1.,2.22044604925E-16));
#175 = PCURVE('',#44,#176);
#176 = DEFINITIONAL_REPRESENTATION('',(#177),#181);
#177 = LINE('',#178,#179);
#178 = CARTESIAN_POINT('',(-0.5,9.7));
#179 = VECTOR('',#180,1.);
#180 = DIRECTION('',(1.,0.));
#181 = ( GEOMETRIC_REPRESENTATION_CONTEXT(2) 
PARAMETRIC_REPRESENTATION_CONTEXT() REPRESENTATION_CONTEXT('2D SPACE',''
  ) );
#182 = PCURVE('',#183,#188);
#183 = CYLINDRICAL_SURFACE('',#184,2.);
#184 = AXIS2_PLACEMENT_3D('',#185,#186,#187);
#185 = CARTESIAN_POINT('',(9.7,2.591260539475E-14,116.7));
#186 = DIRECTION('',(0.,1.,-2.22044604925E-16));
#187 = DIRECTION('',(-1.,0.,0.));
#188 = DEFINITIONAL_REPRESENTATION('',(#189),#193);
#189 = LINE('',#190,#191);
#190 = CARTESIAN_POINT('',(1.570796326795,0.));
#191 = VECTOR('',#192,1.);
#192 = DIRECTION('',(0.,-1.));
#193 = ( GEOMETRIC_REPRESENTATION_CONTEXT(2) 
PARAMETRIC_REPRESENTATION_CONTEXT() REPRESENTATION_CONTEXT('2D SPACE',''
  ) );
#194 = ORIENTED_EDGE('',*,*,#195,.F.);
#195 = EDGE_CURVE('',#22,#168,#196,.T.);
#196 = SURFACE_CURVE('',#197,(#201,#208),.PCURVE_S1.);
#197 = LINE('',#198,#199);
#198 = CARTESIAN_POINT('',(-9.7,-0.333333333333,118.7));
#199 = VECTOR('',#200,1.);
#200 = DIRECTION('',(1.,0.,0.));
#201 = PCURVE('',#44,#202);
#202 = DEFINITIONAL_REPRESENTATION('',(#203),#207);
#203 = LINE('',#204,#205);
#204 = CARTESIAN_POINT('',(-0.166666666667,-9.7));
#205 = VECTOR('',#206,1.);
#206 = DIRECTION('',(0.,1.));
#207 = ( GEOMETRIC_REPRESENTATION_CONTEXT(2) 
PARAMETRIC_REPRESENTATION_CONTEXT() REPRESENTATION_CONTEXT('2D SPACE',''
  ) );
#208 = PCURVE('',#209,#214);
#209 = CYLINDRICAL_SURFACE('',#210,0.333333333333);
#210 = AXIS2_PLACEMENT_3D('',#211,#212,#213);
#211 = CARTESIAN_POINT('',(-9.7,-0.333333333333,118.36666666666));
#212 = DIRECTION('',(1.,0.,0.));
#213 = DIRECTION('',(0.,-2.22044604925E-16,1.));
#214 = DEFINITIONAL_REPRESENTATION('',(#215),#219);
#215 = LINE('',#216,#217);
#216 = CARTESIAN_POINT('',(-0.,0.));
#217 = VECTOR('',#218,1.);
#218 = DIRECTION('',(-0.,1.));
#219 = ( GEOMETRIC_REPRESENTATION_CONTEXT(2) 
PARAMETRIC_REPRESENTATION_CONTEXT() REPRESENTATION_CONTEXT('2D SPACE',''
  ) );
#220 = ADVANCED_FACE('',(#221),#128,.T.);
#221 = FACE_BOUND('',#222,.T.);
#222 = EDGE_LOOP('',(#223,#252,#253,#277));
#223 = ORIENTED_EDGE('',*,*,#224,.F.);
#224 = EDGE_CURVE('',#86,#225,#227,.T.);
#225 = VERTEX_POINT('',#226);
#226 = CARTESIAN_POINT('',(-11.36666666666,2.599032100647E-14,116.7));
#227 = SURFACE_CURVE('',#228,(#233,#240),.PCURVE_S1.);
#228 = CIRCLE('',#229,0.333333333333);
#229 = AXIS2_PLACEMENT_3D('',#230,#231,#232);
#230 = CARTESIAN_POINT('',(-11.36666666666,-0.333333333333,116.7));
#231 = DIRECTION('',(0.,-2.22044604925E-16,-1.));
#232 = DIRECTION('',(-1.,-4.609395278872E-16,1.02349135364E-31));
#233 = PCURVE('',#128,#234);
#234 = DEFINITIONAL_REPRESENTATION('',(#235),#239);
#235 = LINE('',#236,#237);
#236 = CARTESIAN_POINT('',(0.,0.));
#237 = VECTOR('',#238,1.);
#238 = DIRECTION('',(0.,1.));
#239 = ( GEOMETRIC_REPRESENTATION_CONTEXT(2) 
PARAMETRIC_REPRESENTATION_CONTEXT() REPRESENTATION_CONTEXT('2D SPACE',''
  ) );
#240 = PCURVE('',#241,#246);
#241 = CYLINDRICAL_SURFACE('',#242,0.333333333333);
#242 = AXIS2_PLACEMENT_3D('',#243,#244,#245);
#243 = CARTESIAN_POINT('',(-11.36666666666,-0.333333333333,6.3));
#244 = DIRECTION('',(0.,2.22044604925E-16,1.));
#245 = DIRECTION('',(-1.,-4.609395278872E-16,1.02349135364E-31));
#246 = DEFINITIONAL_REPRESENTATION('',(#247),#251);
#247 = LINE('',#248,#249);
#248 = CARTESIAN_POINT('',(-0.,110.4));
#249 = VECTOR('',#250,1.);
#250 = DIRECTION('',(-1.,0.));
#251 = ( GEOMETRIC_REPRESENTATION_CONTEXT(2) 
PARAMETRIC_REPRESENTATION_CONTEXT() REPRESENTATION_CONTEXT('2D SPACE',''
  ) );
#252 = ORIENTED_EDGE('',*,*,#113,.T.);
#253 = ORIENTED_EDGE('',*,*,#254,.T.);
#254 = EDGE_CURVE('',#22,#255,#257,.T.);
#255 = VERTEX_POINT('',#256);
#256 = CARTESIAN_POINT('',(-9.7,2.623086932848E-14,118.36666666666));
#257 = SURFACE_CURVE('',#258,(#263,#270),.PCURVE_S1.);
#258 = CIRCLE('',#259,0.333333333333);
#259 = AXIS2_PLACEMENT_3D('',#260,#261,#262);
#260 = CARTESIAN_POINT('',(-9.7,-0.333333333333,118.36666666666));
#261 = DIRECTION('',(-1.,0.,0.));
#262 = DIRECTION('',(0.,-2.22044604925E-16,1.));
#263 = PCURVE('',#128,#264);
#264 = DEFINITIONAL_REPRESENTATION('',(#265),#269);
#265 = LINE('',#266,#267);
#266 = CARTESIAN_POINT('',(1.570796326795,0.));
#267 = VECTOR('',#268,1.);
#268 = DIRECTION('',(0.,1.));
#269 = ( GEOMETRIC_REPRESENTATION_CONTEXT(2) 
PARAMETRIC_REPRESENTATION_CONTEXT() REPRESENTATION_CONTEXT('2D SPACE',''
  ) );
#270 = PCURVE('',#209,#271);
#271 = DEFINITIONAL_REPRESENTATION('',(#272),#276);
#272 = LINE('',#273,#274);
#273 = CARTESIAN_POINT('',(-0.,0.));
#274 = VECTOR('',#275,1.);
#275 = DIRECTION('',(-1.,0.));
#276 = ( GEOMETRIC_REPRESENTATION_CONTEXT(2) 
PARAMETRIC_REPRESENTATION_CONTEXT() REPRESENTATION_CONTEXT('2D SPACE',''
  ) );
#277 = ORIENTED_EDGE('',*,*,#278,.F.);
#278 = EDGE_CURVE('',#225,#255,#279,.T.);
#279 = SURFACE_CURVE('',#280,(#285,#292),.PCURVE_S1.);
#280 = CIRCLE('',#281,1.666666666667);
#281 = AXIS2_PLACEMENT_3D('',#282,#283,#284);
#282 = CARTESIAN_POINT('',(-9.7,2.591260539475E-14,116.7));
#283 = DIRECTION('',(0.,1.,-2.22044604925E-16));
#284 = DIRECTION('',(-1.,1.64346021921E-32,7.401486830834E-17));
#285 = PCURVE('',#128,#286);
#286 = DEFINITIONAL_REPRESENTATION('',(#287),#291);
#287 = LINE('',#288,#289);
#288 = CARTESIAN_POINT('',(0.,1.570796326795));
#289 = VECTOR('',#290,1.);
#290 = DIRECTION('',(1.,0.));
#291 = ( GEOMETRIC_REPRESENTATION_CONTEXT(2) 
PARAMETRIC_REPRESENTATION_CONTEXT() REPRESENTATION_CONTEXT('2D SPACE',''
  ) );
#292 = PCURVE('',#293,#298);
#293 = PLANE('',#294);
#294 = AXIS2_PLACEMENT_3D('',#295,#296,#297);
#295 = CARTESIAN_POINT('',(0.,1.365574320289E-14,61.5));
#296 = DIRECTION('',(0.,1.,-2.22044604925E-16));
#297 = DIRECTION('',(0.,-2.22044604925E-16,-1.));
#298 = DEFINITIONAL_REPRESENTATION('',(#299),#303);
#299 = CIRCLE('',#300,1.666666666667);
#300 = AXIS2_PLACEMENT_2D('',#301,#302);
#301 = CARTESIAN_POINT('',(-55.2,9.7));
#302 = DIRECTION('',(-7.401486830834E-17,1.));
#303 = ( GEOMETRIC_REPRESENTATION_CONTEXT(2) 
PARAMETRIC_REPRESENTATION_CONTEXT() REPRESENTATION_CONTEXT('2D SPACE',''
  ) );
#304 = ADVANCED_FACE('',(#305),#73,.T.);
#305 = FACE_BOUND('',#306,.T.);
#306 = EDGE_LOOP('',(#307,#337,#365,#391,#392,#393,#421,#449,#478,#506)
  );
#307 = ORIENTED_EDGE('',*,*,#308,.F.);
#308 = EDGE_CURVE('',#309,#311,#313,.T.);
#309 = VERTEX_POINT('',#310);
#310 = CARTESIAN_POINT('',(5.011057940679,-1.,116.7));
#311 = VERTEX_POINT('',#312);
#312 = CARTESIAN_POINT('',(5.011057940679,-1.,74.183254158529));
#313 = SURFACE_CURVE('',#314,(#318,#325),.PCURVE_S1.);
#314 = LINE('',#315,#316);
#315 = CARTESIAN_POINT('',(5.011057940679,-1.,116.7));
#316 = VECTOR('',#317,1.);
#317 = DIRECTION('',(0.,-2.22044604925E-16,-1.));
#318 = PCURVE('',#73,#319);
#319 = DEFINITIONAL_REPRESENTATION('',(#320),#324);
#320 = LINE('',#321,#322);
#321 = CARTESIAN_POINT('',(55.2,-5.011057940679));
#322 = VECTOR('',#323,1.);
#323 = DIRECTION('',(-1.,0.));
#324 = ( GEOMETRIC_REPRESENTATION_CONTEXT(2) 
PARAMETRIC_REPRESENTATION_CONTEXT() REPRESENTATION_CONTEXT('2D SPACE',''
  ) );
#325 = PCURVE('',#326,#331);
#326 = CYLINDRICAL_SURFACE('',#327,4.);
#327 = AXIS2_PLACEMENT_3D('',#328,#329,#330);
#328 = CARTESIAN_POINT('',(5.011057940679,-5.,116.7));
#329 = DIRECTION('',(0.,-2.22044604925E-16,-1.));
#330 = DIRECTION('',(1.,0.,0.));
#331 = DEFINITIONAL_REPRESENTATION('',(#332),#336);
#332 = LINE('',#333,#334);
#333 = CARTESIAN_POINT('',(4.712388980385,0.));
#334 = VECTOR('',#335,1.);
#335 = DIRECTION('',(0.,1.));
#336 = ( GEOMETRIC_REPRESENTATION_CONTEXT(2) 
PARAMETRIC_REPRESENTATION_CONTEXT() REPRESENTATION_CONTEXT('2D SPACE',''
  ) );
#337 = ORIENTED_EDGE('',*,*,#338,.T.);
#338 = EDGE_CURVE('',#309,#339,#341,.T.);
#339 = VERTEX_POINT('',#340);
#340 = CARTESIAN_POINT('',(11.7,-1.,116.7));
#341 = SURFACE_CURVE('',#342,(#346,#353),.PCURVE_S1.);
#342 = LINE('',#343,#344);
#343 = CARTESIAN_POINT('',(4.89490213489,-1.,116.7));
#344 = VECTOR('',#345,1.);
#345 = DIRECTION('',(1.,-2.371680272133E-31,-1.066179837714E-15));
#346 = PCURVE('',#73,#347);
#347 = DEFINITIONAL_REPRESENTATION('',(#348),#352);
#348 = LINE('',#349,#350);
#349 = CARTESIAN_POINT('',(55.2,-4.89490213489));
#350 = VECTOR('',#351,1.);
#351 = DIRECTION('',(-1.066179837714E-15,-1.));
#352 = ( GEOMETRIC_REPRESENTATION_CONTEXT(2) 
PARAMETRIC_REPRESENTATION_CONTEXT() REPRESENTATION_CONTEXT('2D SPACE',''
  ) );
#353 = PCURVE('',#354,#359);
#354 = PLANE('',#355);
#355 = AXIS2_PLACEMENT_3D('',#356,#357,#358);
#356 = CARTESIAN_POINT('',(9.789804269781,-5.516509498638,116.7));
#357 = DIRECTION('',(-1.066179837714E-15,2.22044604925E-16,-1.));
#358 = DIRECTION('',(-1.,-2.367394808442E-31,1.066179837714E-15));
#359 = DEFINITIONAL_REPRESENTATION('',(#360),#364);
#360 = LINE('',#361,#362);
#361 = CARTESIAN_POINT('',(4.89490213489,4.516509498638));
#362 = VECTOR('',#363,1.);
#363 = DIRECTION('',(-1.,-4.739075080575E-31));
#364 = ( GEOMETRIC_REPRESENTATION_CONTEXT(2) 
PARAMETRIC_REPRESENTATION_CONTEXT() REPRESENTATION_CONTEXT('2D SPACE',''
  ) );
#365 = ORIENTED_EDGE('',*,*,#366,.F.);
#366 = EDGE_CURVE('',#145,#339,#367,.T.);
#367 = SURFACE_CURVE('',#368,(#373,#384),.PCURVE_S1.);
#368 = CIRCLE('',#369,2.);
#369 = AXIS2_PLACEMENT_3D('',#370,#371,#372);
#370 = CARTESIAN_POINT('',(9.7,-1.,116.7));
#371 = DIRECTION('',(0.,1.,-2.22044604925E-16));
#372 = DIRECTION('',(-1.,0.,0.));
#373 = PCURVE('',#73,#374);
#374 = DEFINITIONAL_REPRESENTATION('',(#375),#383);
#375 = ( BOUNDED_CURVE() B_SPLINE_CURVE(2,(#376,#377,#378,#379,#380,#381
,#382),.UNSPECIFIED.,.T.,.F.) B_SPLINE_CURVE_WITH_KNOTS((1,2,2,2,2,1),(
    -2.094395102393,0.,2.094395102393,4.188790204786,6.28318530718,
8.377580409573),.UNSPECIFIED.) CURVE() GEOMETRIC_REPRESENTATION_ITEM() 
RATIONAL_B_SPLINE_CURVE((1.,0.5,1.,0.5,1.,0.5,1.)) REPRESENTATION_ITEM(
  '') );
#376 = CARTESIAN_POINT('',(55.2,-7.7));
#377 = CARTESIAN_POINT('',(58.664101615138,-7.7));
#378 = CARTESIAN_POINT('',(56.932050807569,-10.7));
#379 = CARTESIAN_POINT('',(55.2,-13.7));
#380 = CARTESIAN_POINT('',(53.467949192431,-10.7));
#381 = CARTESIAN_POINT('',(51.735898384862,-7.7));
#382 = CARTESIAN_POINT('',(55.2,-7.7));
#383 = ( GEOMETRIC_REPRESENTATION_CONTEXT(2) 
PARAMETRIC_REPRESENTATION_CONTEXT() REPRESENTATION_CONTEXT('2D SPACE',''
  ) );
#384 = PCURVE('',#183,#385);
#385 = DEFINITIONAL_REPRESENTATION('',(#386),#390);
#386 = LINE('',#387,#388);
#387 = CARTESIAN_POINT('',(0.,-1.));
#388 = VECTOR('',#389,1.);
#389 = DIRECTION('',(1.,0.));
#390 = ( GEOMETRIC_REPRESENTATION_CONTEXT(2) 
PARAMETRIC_REPRESENTATION_CONTEXT() REPRESENTATION_CONTEXT('2D SPACE',''
  ) );
#391 = ORIENTED_EDGE('',*,*,#144,.T.);
#392 = ORIENTED_EDGE('',*,*,#56,.T.);
#393 = ORIENTED_EDGE('',*,*,#394,.F.);
#394 = EDGE_CURVE('',#395,#57,#397,.T.);
#395 = VERTEX_POINT('',#396);
#396 = CARTESIAN_POINT('',(-5.011057940679,-1.,116.7));
#397 = SURFACE_CURVE('',#398,(#402,#409),.PCURVE_S1.);
#398 = LINE('',#399,#400);
#399 = CARTESIAN_POINT('',(-4.89490213489,-1.,116.7));
#400 = VECTOR('',#401,1.);
#401 = DIRECTION('',(-1.,-2.371680272133E-31,-1.066179837714E-15));
#402 = PCURVE('',#73,#403);
#403 = DEFINITIONAL_REPRESENTATION('',(#404),#408);
#404 = LINE('',#405,#406);
#405 = CARTESIAN_POINT('',(55.2,4.89490213489));
#406 = VECTOR('',#407,1.);
#407 = DIRECTION('',(-1.066179837714E-15,1.));
#408 = ( GEOMETRIC_REPRESENTATION_CONTEXT(2) 
PARAMETRIC_REPRESENTATION_CONTEXT() REPRESENTATION_CONTEXT('2D SPACE',''
  ) );
#409 = PCURVE('',#410,#415);
#410 = PLANE('',#411);
#411 = AXIS2_PLACEMENT_3D('',#412,#413,#414);
#412 = CARTESIAN_POINT('',(-9.789804269781,-5.516509498638,116.7));
#413 = DIRECTION('',(1.066179837714E-15,2.22044604925E-16,-1.));
#414 = DIRECTION('',(-1.,2.367394808442E-31,-1.066179837714E-15));
#415 = DEFINITIONAL_REPRESENTATION('',(#416),#420);
#416 = LINE('',#417,#418);
#417 = CARTESIAN_POINT('',(-4.89490213489,4.516509498638));
#418 = VECTOR('',#419,1.);
#419 = DIRECTION('',(1.,-4.739075080575E-31));
#420 = ( GEOMETRIC_REPRESENTATION_CONTEXT(2) 
PARAMETRIC_REPRESENTATION_CONTEXT() REPRESENTATION_CONTEXT('2D SPACE',''
  ) );
#421 = ORIENTED_EDGE('',*,*,#422,.T.);
#422 = EDGE_CURVE('',#395,#423,#425,.T.);
#423 = VERTEX_POINT('',#424);
#424 = CARTESIAN_POINT('',(-5.011057940679,-1.,74.183254158529));
#425 = SURFACE_CURVE('',#426,(#430,#437),.PCURVE_S1.);
#426 = LINE('',#427,#428);
#427 = CARTESIAN_POINT('',(-5.011057940679,-1.,116.7));
#428 = VECTOR('',#429,1.);
#429 = DIRECTION('',(0.,-2.22044604925E-16,-1.));
#430 = PCURVE('',#73,#431);
#431 = DEFINITIONAL_REPRESENTATION('',(#432),#436);
#432 = LINE('',#433,#434);
#433 = CARTESIAN_POINT('',(55.2,5.011057940679));
#434 = VECTOR('',#435,1.);
#435 = DIRECTION('',(-1.,0.));
#436 = ( GEOMETRIC_REPRESENTATION_CONTEXT(2) 
PARAMETRIC_REPRESENTATION_CONTEXT() REPRESENTATION_CONTEXT('2D SPACE',''
  ) );
#437 = PCURVE('',#438,#443);
#438 = CYLINDRICAL_SURFACE('',#439,4.);
#439 = AXIS2_PLACEMENT_3D('',#440,#441,#442);
#440 = CARTESIAN_POINT('',(-5.011057940679,-5.,116.7));
#441 = DIRECTION('',(0.,-2.22044604925E-16,-1.));
#442 = DIRECTION('',(-1.,0.,0.));
#443 = DEFINITIONAL_REPRESENTATION('',(#444),#448);
#444 = LINE('',#445,#446);
#445 = CARTESIAN_POINT('',(-4.712388980385,0.));
#446 = VECTOR('',#447,1.);
#447 = DIRECTION('',(-0.,1.));
#448 = ( GEOMETRIC_REPRESENTATION_CONTEXT(2) 
PARAMETRIC_REPRESENTATION_CONTEXT() REPRESENTATION_CONTEXT('2D SPACE',''
  ) );
#449 = ORIENTED_EDGE('',*,*,#450,.F.);
#450 = EDGE_CURVE('',#451,#423,#453,.T.);
#451 = VERTEX_POINT('',#452);
#452 = CARTESIAN_POINT('',(-3.,-1.,75.333333333333));
#453 = SURFACE_CURVE('',#454,(#459,#466),.PCURVE_S1.);
#454 = CIRCLE('',#455,2.333333333333);
#455 = AXIS2_PLACEMENT_3D('',#456,#457,#458);
#456 = CARTESIAN_POINT('',(-3.,-1.,73.));
#457 = DIRECTION('',(-2.189528850508E-47,-1.,2.22446550595E-16));
#458 = DIRECTION('',(6.661338147751E-16,2.22446550595E-16,1.));
#459 = PCURVE('',#73,#460);
#460 = DEFINITIONAL_REPRESENTATION('',(#461),#465);
#461 = CIRCLE('',#462,2.333333333333);
#462 = AXIS2_PLACEMENT_2D('',#463,#464);
#463 = CARTESIAN_POINT('',(11.5,3.));
#464 = DIRECTION('',(1.,-6.661338147751E-16));
#465 = ( GEOMETRIC_REPRESENTATION_CONTEXT(2) 
PARAMETRIC_REPRESENTATION_CONTEXT() REPRESENTATION_CONTEXT('2D SPACE',''
  ) );
#466 = PCURVE('',#467,#472);
#467 = TOROIDAL_SURFACE('',#468,2.333333333333,0.333333333333);
#468 = AXIS2_PLACEMENT_3D('',#469,#470,#471);
#469 = CARTESIAN_POINT('',(-3.,-0.666666666667,73.));
#470 = DIRECTION('',(0.,-1.,2.22446550595E-16));
#471 = DIRECTION('',(6.661338147751E-16,2.22446550595E-16,1.));
#472 = DEFINITIONAL_REPRESENTATION('',(#473),#477);
#473 = LINE('',#474,#475);
#474 = CARTESIAN_POINT('',(0.,1.570796326795));
#475 = VECTOR('',#476,1.);
#476 = DIRECTION('',(1.,0.));
#477 = ( GEOMETRIC_REPRESENTATION_CONTEXT(2) 
PARAMETRIC_REPRESENTATION_CONTEXT() REPRESENTATION_CONTEXT('2D SPACE',''
  ) );
#478 = ORIENTED_EDGE('',*,*,#479,.F.);
#479 = EDGE_CURVE('',#480,#451,#482,.T.);
#480 = VERTEX_POINT('',#481);
#481 = CARTESIAN_POINT('',(3.,-1.,75.333333333333));
#482 = SURFACE_CURVE('',#483,(#487,#494),.PCURVE_S1.);
#483 = LINE('',#484,#485);
#484 = CARTESIAN_POINT('',(3.,-1.,75.333333333333));
#485 = VECTOR('',#486,1.);
#486 = DIRECTION('',(-1.,0.,0.));
#487 = PCURVE('',#73,#488);
#488 = DEFINITIONAL_REPRESENTATION('',(#489),#493);
#489 = LINE('',#490,#491);
#490 = CARTESIAN_POINT('',(13.833333333333,-3.));
#491 = VECTOR('',#492,1.);
#492 = DIRECTION('',(0.,1.));
#493 = ( GEOMETRIC_REPRESENTATION_CONTEXT(2) 
PARAMETRIC_REPRESENTATION_CONTEXT() REPRESENTATION_CONTEXT('2D SPACE',''
  ) );
#494 = PCURVE('',#495,#500);
#495 = CYLINDRICAL_SURFACE('',#496,0.333333333333);
#496 = AXIS2_PLACEMENT_3D('',#497,#498,#499);
#497 = CARTESIAN_POINT('',(3.,-0.666666666667,75.333333333333));
#498 = DIRECTION('',(-1.,0.,0.));
#499 = DIRECTION('',(0.,-1.,2.22446550595E-16));
#500 = DEFINITIONAL_REPRESENTATION('',(#501),#505);
#501 = LINE('',#502,#503);
#502 = CARTESIAN_POINT('',(-0.,0.));
#503 = VECTOR('',#504,1.);
#504 = DIRECTION('',(-0.,1.));
#505 = ( GEOMETRIC_REPRESENTATION_CONTEXT(2) 
PARAMETRIC_REPRESENTATION_CONTEXT() REPRESENTATION_CONTEXT('2D SPACE',''
  ) );
#506 = ORIENTED_EDGE('',*,*,#507,.F.);
#507 = EDGE_CURVE('',#311,#480,#508,.T.);
#508 = SURFACE_CURVE('',#509,(#514,#521),.PCURVE_S1.);
#509 = CIRCLE('',#510,2.333333333333);
#510 = AXIS2_PLACEMENT_3D('',#511,#512,#513);
#511 = CARTESIAN_POINT('',(3.,-1.,73.));
#512 = DIRECTION('',(2.736911063134E-48,-1.,2.22446550595E-16));
#513 = DIRECTION('',(1.,-1.647925405257E-32,-7.408185925333E-17));
#514 = PCURVE('',#73,#515);
#515 = DEFINITIONAL_REPRESENTATION('',(#516),#520);
#516 = CIRCLE('',#517,2.333333333333);
#517 = AXIS2_PLACEMENT_2D('',#518,#519);
#518 = CARTESIAN_POINT('',(11.5,-3.));
#519 = DIRECTION('',(-7.408185925333E-17,-1.));
#520 = ( GEOMETRIC_REPRESENTATION_CONTEXT(2) 
PARAMETRIC_REPRESENTATION_CONTEXT() REPRESENTATION_CONTEXT('2D SPACE',''
  ) );
#521 = PCURVE('',#522,#527);
#522 = TOROIDAL_SURFACE('',#523,2.333333333333,0.333333333333);
#523 = AXIS2_PLACEMENT_3D('',#524,#525,#526);
#524 = CARTESIAN_POINT('',(3.,-0.666666666667,73.));
#525 = DIRECTION('',(0.,-1.,2.22446550595E-16));
#526 = DIRECTION('',(1.,-1.647925405257E-32,-7.408185925333E-17));
#527 = DEFINITIONAL_REPRESENTATION('',(#528),#532);
#528 = LINE('',#529,#530);
#529 = CARTESIAN_POINT('',(0.,1.570796326795));
#530 = VECTOR('',#531,1.);
#531 = DIRECTION('',(1.,0.));
#532 = ( GEOMETRIC_REPRESENTATION_CONTEXT(2) 
PARAMETRIC_REPRESENTATION_CONTEXT() REPRESENTATION_CONTEXT('2D SPACE',''
  ) );
#533 = ADVANCED_FACE('',(#534),#101,.T.);
#534 = FACE_BOUND('',#535,.T.);
#535 = EDGE_LOOP('',(#536,#537,#560,#588,#616,#644,#672,#705,#733,#761)
  );
#536 = ORIENTED_EDGE('',*,*,#85,.F.);
#537 = ORIENTED_EDGE('',*,*,#538,.F.);
#538 = EDGE_CURVE('',#539,#86,#541,.T.);
#539 = VERTEX_POINT('',#540);
#540 = CARTESIAN_POINT('',(-11.7,-0.333333333333,6.3));
#541 = SURFACE_CURVE('',#542,(#546,#553),.PCURVE_S1.);
#542 = LINE('',#543,#544);
#543 = CARTESIAN_POINT('',(-11.7,-0.333333333333,6.3));
#544 = VECTOR('',#545,1.);
#545 = DIRECTION('',(0.,2.22044604925E-16,1.));
#546 = PCURVE('',#101,#547);
#547 = DEFINITIONAL_REPRESENTATION('',(#548),#552);
#548 = LINE('',#549,#550);
#549 = CARTESIAN_POINT('',(5.016666666667,55.2));
#550 = VECTOR('',#551,1.);
#551 = DIRECTION('',(4.440892098501E-16,-1.));
#552 = ( GEOMETRIC_REPRESENTATION_CONTEXT(2) 
PARAMETRIC_REPRESENTATION_CONTEXT() REPRESENTATION_CONTEXT('2D SPACE',''
  ) );
#553 = PCURVE('',#241,#554);
#554 = DEFINITIONAL_REPRESENTATION('',(#555),#559);
#555 = LINE('',#556,#557);
#556 = CARTESIAN_POINT('',(-0.,0.));
#557 = VECTOR('',#558,1.);
#558 = DIRECTION('',(-0.,1.));
#559 = ( GEOMETRIC_REPRESENTATION_CONTEXT(2) 
PARAMETRIC_REPRESENTATION_CONTEXT() REPRESENTATION_CONTEXT('2D SPACE',''
  ) );
#560 = ORIENTED_EDGE('',*,*,#561,.T.);
#561 = EDGE_CURVE('',#539,#562,#564,.T.);
#562 = VERTEX_POINT('',#563);
#563 = CARTESIAN_POINT('',(-11.7,-1.,6.3));
#564 = SURFACE_CURVE('',#565,(#569,#576),.PCURVE_S1.);
#565 = LINE('',#566,#567);
#566 = CARTESIAN_POINT('',(-11.7,1.398881011028E-15,6.3));
#567 = VECTOR('',#568,1.);
#568 = DIRECTION('',(0.,-1.,2.22044604925E-16));
#569 = PCURVE('',#101,#570);
#570 = DEFINITIONAL_REPRESENTATION('',(#571),#575);
#571 = LINE('',#572,#573);
#572 = CARTESIAN_POINT('',(5.35,55.2));
#573 = VECTOR('',#574,1.);
#574 = DIRECTION('',(-1.,-4.440892098501E-16));
#575 = ( GEOMETRIC_REPRESENTATION_CONTEXT(2) 
PARAMETRIC_REPRESENTATION_CONTEXT() REPRESENTATION_CONTEXT('2D SPACE',''
  ) );
#576 = PCURVE('',#577,#582);
#577 = CYLINDRICAL_SURFACE('',#578,2.);
#578 = AXIS2_PLACEMENT_3D('',#579,#580,#581);
#579 = CARTESIAN_POINT('',(-9.7,1.398881011028E-15,6.3));
#580 = DIRECTION('',(0.,1.,-2.22044604925E-16));
#581 = DIRECTION('',(1.,0.,0.));
#582 = DEFINITIONAL_REPRESENTATION('',(#583),#587);
#583 = LINE('',#584,#585);
#584 = CARTESIAN_POINT('',(-3.14159265359,0.));
#585 = VECTOR('',#586,1.);
#586 = DIRECTION('',(-0.,-1.));
#587 = ( GEOMETRIC_REPRESENTATION_CONTEXT(2) 
PARAMETRIC_REPRESENTATION_CONTEXT() REPRESENTATION_CONTEXT('2D SPACE',''
  ) );
#588 = ORIENTED_EDGE('',*,*,#589,.F.);
#589 = EDGE_CURVE('',#590,#562,#592,.T.);
#590 = VERTEX_POINT('',#591);
#591 = CARTESIAN_POINT('',(-11.7,-10.7,6.3));
#592 = SURFACE_CURVE('',#593,(#597,#604),.PCURVE_S1.);
#593 = LINE('',#594,#595);
#594 = CARTESIAN_POINT('',(-11.7,-10.7,6.3));
#595 = VECTOR('',#596,1.);
#596 = DIRECTION('',(0.,1.,0.));
#597 = PCURVE('',#101,#598);
#598 = DEFINITIONAL_REPRESENTATION('',(#599),#603);
#599 = LINE('',#600,#601);
#600 = CARTESIAN_POINT('',(-5.35,55.2));
#601 = VECTOR('',#602,1.);
#602 = DIRECTION('',(1.,2.22044604925E-16));
#603 = ( GEOMETRIC_REPRESENTATION_CONTEXT(2) 
PARAMETRIC_REPRESENTATION_CONTEXT() REPRESENTATION_CONTEXT('2D SPACE',''
  ) );
#604 = PCURVE('',#605,#610);
#605 = PLANE('',#606);
#606 = AXIS2_PLACEMENT_3D('',#607,#608,#609);
#607 = CARTESIAN_POINT('',(-9.789804269781,-5.516509498638,6.3));
#608 = DIRECTION('',(5.287995978824E-16,2.22044604925E-16,-1.));
#609 = DIRECTION('',(-1.,1.174170977963E-31,-5.287995978824E-16));
#610 = DEFINITIONAL_REPRESENTATION('',(#611),#615);
#611 = LINE('',#612,#613);
#612 = CARTESIAN_POINT('',(1.910195730219,-5.183490501362));
#613 = VECTOR('',#614,1.);
#614 = DIRECTION('',(1.174170977963E-31,1.));
#615 = ( GEOMETRIC_REPRESENTATION_CONTEXT(2) 
PARAMETRIC_REPRESENTATION_CONTEXT() REPRESENTATION_CONTEXT('2D SPACE',''
  ) );
#616 = ORIENTED_EDGE('',*,*,#617,.F.);
#617 = EDGE_CURVE('',#618,#590,#620,.T.);
#618 = VERTEX_POINT('',#619);
#619 = CARTESIAN_POINT('',(-11.7,-10.7,57.3676));
#620 = SURFACE_CURVE('',#621,(#625,#632),.PCURVE_S1.);
#621 = LINE('',#622,#623);
#622 = CARTESIAN_POINT('',(-11.7,-10.7,116.7));
#623 = VECTOR('',#624,1.);
#624 = DIRECTION('',(1.024821253501E-16,-1.537231880248E-16,-1.));
#625 = PCURVE('',#101,#626);
#626 = DEFINITIONAL_REPRESENTATION('',(#627),#631);
#627 = LINE('',#628,#629);
#628 = CARTESIAN_POINT('',(-5.35,-55.2));
#629 = VECTOR('',#630,1.);
#630 = DIRECTION('',(-3.757677929498E-16,1.));
#631 = ( GEOMETRIC_REPRESENTATION_CONTEXT(2) 
PARAMETRIC_REPRESENTATION_CONTEXT() REPRESENTATION_CONTEXT('2D SPACE',''
  ) );
#632 = PCURVE('',#633,#638);
#633 = PLANE('',#634);
#634 = AXIS2_PLACEMENT_3D('',#635,#636,#637);
#635 = CARTESIAN_POINT('',(-11.7,-10.7,116.7));
#636 = DIRECTION('',(-0.554700196226,0.832050294337,-1.847522788839E-16)
  );
#637 = DIRECTION('',(0.832050294337,0.554700196226,0.));
#638 = DEFINITIONAL_REPRESENTATION('',(#639),#643);
#639 = LINE('',#640,#641);
#640 = CARTESIAN_POINT('',(-0.,0.));
#641 = VECTOR('',#642,1.);
#642 = DIRECTION('',(-0.,1.));
#643 = ( GEOMETRIC_REPRESENTATION_CONTEXT(2) 
PARAMETRIC_REPRESENTATION_CONTEXT() REPRESENTATION_CONTEXT('2D SPACE',''
  ) );
#644 = ORIENTED_EDGE('',*,*,#645,.F.);
#645 = EDGE_CURVE('',#646,#618,#648,.T.);
#646 = VERTEX_POINT('',#647);
#647 = CARTESIAN_POINT('',(-11.7,-6.,57.3676));
#648 = SURFACE_CURVE('',#649,(#653,#660),.PCURVE_S1.);
#649 = LINE('',#650,#651);
#650 = CARTESIAN_POINT('',(-11.7,-9.6336955,57.3676));
#651 = VECTOR('',#652,1.);
#652 = DIRECTION('',(4.609395278872E-16,-1.,0.));
#653 = PCURVE('',#101,#654);
#654 = DEFINITIONAL_REPRESENTATION('',(#655),#659);
#655 = LINE('',#656,#657);
#656 = CARTESIAN_POINT('',(-4.2836955,4.1324));
#657 = VECTOR('',#658,1.);
#658 = DIRECTION('',(-1.,-2.22044604925E-16));
#659 = ( GEOMETRIC_REPRESENTATION_CONTEXT(2) 
PARAMETRIC_REPRESENTATION_CONTEXT() REPRESENTATION_CONTEXT('2D SPACE',''
  ) );
#660 = PCURVE('',#661,#666);
#661 = PLANE('',#662);
#662 = AXIS2_PLACEMENT_3D('',#663,#664,#665);
#663 = CARTESIAN_POINT('',(119.4109368905,-13.917391,57.3676));
#664 = DIRECTION('',(0.,0.,-1.));
#665 = DIRECTION('',(0.,1.,0.));
#666 = DEFINITIONAL_REPRESENTATION('',(#667),#671);
#667 = LINE('',#668,#669);
#668 = CARTESIAN_POINT('',(4.2836955,-131.1109368905));
#669 = VECTOR('',#670,1.);
#670 = DIRECTION('',(-1.,4.609395278872E-16));
#671 = ( GEOMETRIC_REPRESENTATION_CONTEXT(2) 
PARAMETRIC_REPRESENTATION_CONTEXT() REPRESENTATION_CONTEXT('2D SPACE',''
  ) );
#672 = ORIENTED_EDGE('',*,*,#673,.T.);
#673 = EDGE_CURVE('',#646,#674,#676,.T.);
#674 = VERTEX_POINT('',#675);
#675 = CARTESIAN_POINT('',(-11.7,-6.,61.3676));
#676 = SURFACE_CURVE('',#677,(#682,#693),.PCURVE_S1.);
#677 = CIRCLE('',#678,2.);
#678 = AXIS2_PLACEMENT_3D('',#679,#680,#681);
#679 = CARTESIAN_POINT('',(-11.7,-6.,59.3676));
#680 = DIRECTION('',(1.,0.,0.));
#681 = DIRECTION('',(0.,1.,0.));
#682 = PCURVE('',#101,#683);
#683 = DEFINITIONAL_REPRESENTATION('',(#684),#692);
#684 = ( BOUNDED_CURVE() B_SPLINE_CURVE(2,(#685,#686,#687,#688,#689,#690
,#691),.UNSPECIFIED.,.T.,.F.) B_SPLINE_CURVE_WITH_KNOTS((1,2,2,2,2,1),(
    -2.094395102393,0.,2.094395102393,4.188790204786,6.28318530718,
8.377580409573),.UNSPECIFIED.) CURVE() GEOMETRIC_REPRESENTATION_ITEM() 
RATIONAL_B_SPLINE_CURVE((1.,0.5,1.,0.5,1.,0.5,1.)) REPRESENTATION_ITEM(
  '') );
#685 = CARTESIAN_POINT('',(1.35,2.1324));
#686 = CARTESIAN_POINT('',(1.35,-1.331701615138));
#687 = CARTESIAN_POINT('',(-1.65,0.400349192431));
#688 = CARTESIAN_POINT('',(-4.65,2.1324));
#689 = CARTESIAN_POINT('',(-1.65,3.864450807569));
#690 = CARTESIAN_POINT('',(1.35,5.596501615138));
#691 = CARTESIAN_POINT('',(1.35,2.1324));
#692 = ( GEOMETRIC_REPRESENTATION_CONTEXT(2) 
PARAMETRIC_REPRESENTATION_CONTEXT() REPRESENTATION_CONTEXT('2D SPACE',''
  ) );
#693 = PCURVE('',#694,#699);
#694 = CYLINDRICAL_SURFACE('',#695,2.);
#695 = AXIS2_PLACEMENT_3D('',#696,#697,#698);
#696 = CARTESIAN_POINT('',(119.4109368905,-6.,59.3676));
#697 = DIRECTION('',(1.,0.,0.));
#698 = DIRECTION('',(0.,1.,0.));
#699 = DEFINITIONAL_REPRESENTATION('',(#700),#704);
#700 = LINE('',#701,#702);
#701 = CARTESIAN_POINT('',(0.,-131.1109368905));
#702 = VECTOR('',#703,1.);
#703 = DIRECTION('',(1.,0.));
#704 = ( GEOMETRIC_REPRESENTATION_CONTEXT(2) 
PARAMETRIC_REPRESENTATION_CONTEXT() REPRESENTATION_CONTEXT('2D SPACE',''
  ) );
#705 = ORIENTED_EDGE('',*,*,#706,.F.);
#706 = EDGE_CURVE('',#707,#674,#709,.T.);
#707 = VERTEX_POINT('',#708);
#708 = CARTESIAN_POINT('',(-11.7,-10.7,61.3676));
#709 = SURFACE_CURVE('',#710,(#714,#721),.PCURVE_S1.);
#710 = LINE('',#711,#712);
#711 = CARTESIAN_POINT('',(-11.7,-5.675,61.3676));
#712 = VECTOR('',#713,1.);
#713 = DIRECTION('',(-4.609395278872E-16,1.,0.));
#714 = PCURVE('',#101,#715);
#715 = DEFINITIONAL_REPRESENTATION('',(#716),#720);
#716 = LINE('',#717,#718);
#717 = CARTESIAN_POINT('',(-0.325,0.1324));
#718 = VECTOR('',#719,1.);
#719 = DIRECTION('',(1.,2.22044604925E-16));
#720 = ( GEOMETRIC_REPRESENTATION_CONTEXT(2) 
PARAMETRIC_REPRESENTATION_CONTEXT() REPRESENTATION_CONTEXT('2D SPACE',''
  ) );
#721 = PCURVE('',#722,#727);
#722 = PLANE('',#723);
#723 = AXIS2_PLACEMENT_3D('',#724,#725,#726);
#724 = CARTESIAN_POINT('',(119.4109368905,-6.,61.3676));
#725 = DIRECTION('',(0.,0.,1.));
#726 = DIRECTION('',(0.,-1.,0.));
#727 = DEFINITIONAL_REPRESENTATION('',(#728),#732);
#728 = LINE('',#729,#730);
#729 = CARTESIAN_POINT('',(-0.325,-131.1109368905));
#730 = VECTOR('',#731,1.);
#731 = DIRECTION('',(-1.,-4.609395278872E-16));
#732 = ( GEOMETRIC_REPRESENTATION_CONTEXT(2) 
PARAMETRIC_REPRESENTATION_CONTEXT() REPRESENTATION_CONTEXT('2D SPACE',''
  ) );
#733 = ORIENTED_EDGE('',*,*,#734,.F.);
#734 = EDGE_CURVE('',#735,#707,#737,.T.);
#735 = VERTEX_POINT('',#736);
#736 = CARTESIAN_POINT('',(-11.7,-10.7,116.7));
#737 = SURFACE_CURVE('',#738,(#742,#749),.PCURVE_S1.);
#738 = LINE('',#739,#740);
#739 = CARTESIAN_POINT('',(-11.7,-10.7,116.7));
#740 = VECTOR('',#741,1.);
#741 = DIRECTION('',(1.024821253501E-16,-1.537231880248E-16,-1.));
#742 = PCURVE('',#101,#743);
#743 = DEFINITIONAL_REPRESENTATION('',(#744),#748);
#744 = LINE('',#745,#746);
#745 = CARTESIAN_POINT('',(-5.35,-55.2));
#746 = VECTOR('',#747,1.);
#747 = DIRECTION('',(-3.757677929498E-16,1.));
#748 = ( GEOMETRIC_REPRESENTATION_CONTEXT(2) 
PARAMETRIC_REPRESENTATION_CONTEXT() REPRESENTATION_CONTEXT('2D SPACE',''
  ) );
#749 = PCURVE('',#750,#755);
#750 = PLANE('',#751);
#751 = AXIS2_PLACEMENT_3D('',#752,#753,#754);
#752 = CARTESIAN_POINT('',(-11.7,-10.7,116.7));
#753 = DIRECTION('',(-0.554700196226,0.832050294337,-1.847522788839E-16)
  );
#754 = DIRECTION('',(0.832050294337,0.554700196226,0.));
#755 = DEFINITIONAL_REPRESENTATION('',(#756),#760);
#756 = LINE('',#757,#758);
#757 = CARTESIAN_POINT('',(-0.,0.));
#758 = VECTOR('',#759,1.);
#759 = DIRECTION('',(-0.,1.));
#760 = ( GEOMETRIC_REPRESENTATION_CONTEXT(2) 
PARAMETRIC_REPRESENTATION_CONTEXT() REPRESENTATION_CONTEXT('2D SPACE',''
  ) );
#761 = ORIENTED_EDGE('',*,*,#762,.T.);
#762 = EDGE_CURVE('',#735,#57,#763,.T.);
#763 = SURFACE_CURVE('',#764,(#768,#775),.PCURVE_S1.);
#764 = LINE('',#765,#766);
#765 = CARTESIAN_POINT('',(-11.7,-10.7,116.7));
#766 = VECTOR('',#767,1.);
#767 = DIRECTION('',(0.,1.,0.));
#768 = PCURVE('',#101,#769);
#769 = DEFINITIONAL_REPRESENTATION('',(#770),#774);
#770 = LINE('',#771,#772);
#771 = CARTESIAN_POINT('',(-5.35,-55.2));
#772 = VECTOR('',#773,1.);
#773 = DIRECTION('',(1.,2.22044604925E-16));
#774 = ( GEOMETRIC_REPRESENTATION_CONTEXT(2) 
PARAMETRIC_REPRESENTATION_CONTEXT() REPRESENTATION_CONTEXT('2D SPACE',''
  ) );
#775 = PCURVE('',#410,#776);
#776 = DEFINITIONAL_REPRESENTATION('',(#777),#781);
#777 = LINE('',#778,#779);
#778 = CARTESIAN_POINT('',(1.910195730219,-5.183490501362));
#779 = VECTOR('',#780,1.);
#780 = DIRECTION('',(2.367394808442E-31,1.));
#781 = ( GEOMETRIC_REPRESENTATION_CONTEXT(2) 
PARAMETRIC_REPRESENTATION_CONTEXT() REPRESENTATION_CONTEXT('2D SPACE',''
  ) );
#782 = ADVANCED_FACE('',(#783),#209,.T.);
#783 = FACE_BOUND('',#784,.F.);
#784 = EDGE_LOOP('',(#785,#786,#809,#836));
#785 = ORIENTED_EDGE('',*,*,#254,.T.);
#786 = ORIENTED_EDGE('',*,*,#787,.T.);
#787 = EDGE_CURVE('',#255,#788,#790,.T.);
#788 = VERTEX_POINT('',#789);
#789 = CARTESIAN_POINT('',(9.7,2.623086932848E-14,118.36666666666));
#790 = SURFACE_CURVE('',#791,(#795,#802),.PCURVE_S1.);
#791 = LINE('',#792,#793);
#792 = CARTESIAN_POINT('',(-9.7,2.623086932848E-14,118.36666666666));
#793 = VECTOR('',#794,1.);
#794 = DIRECTION('',(1.,0.,0.));
#795 = PCURVE('',#209,#796);
#796 = DEFINITIONAL_REPRESENTATION('',(#797),#801);
#797 = LINE('',#798,#799);
#798 = CARTESIAN_POINT('',(-1.570796326795,0.));
#799 = VECTOR('',#800,1.);
#800 = DIRECTION('',(-0.,1.));
#801 = ( GEOMETRIC_REPRESENTATION_CONTEXT(2) 
PARAMETRIC_REPRESENTATION_CONTEXT() REPRESENTATION_CONTEXT('2D SPACE',''
  ) );
#802 = PCURVE('',#293,#803);
#803 = DEFINITIONAL_REPRESENTATION('',(#804),#808);
#804 = LINE('',#805,#806);
#805 = CARTESIAN_POINT('',(-56.86666666666,9.7));
#806 = VECTOR('',#807,1.);
#807 = DIRECTION('',(0.,-1.));
#808 = ( GEOMETRIC_REPRESENTATION_CONTEXT(2) 
PARAMETRIC_REPRESENTATION_CONTEXT() REPRESENTATION_CONTEXT('2D SPACE',''
  ) );
#809 = ORIENTED_EDGE('',*,*,#810,.F.);
#810 = EDGE_CURVE('',#168,#788,#811,.T.);
#811 = SURFACE_CURVE('',#812,(#817,#824),.PCURVE_S1.);
#812 = CIRCLE('',#813,0.333333333333);
#813 = AXIS2_PLACEMENT_3D('',#814,#815,#816);
#814 = CARTESIAN_POINT('',(9.7,-0.333333333333,118.36666666666));
#815 = DIRECTION('',(-1.,0.,0.));
#816 = DIRECTION('',(0.,-2.22044604925E-16,1.));
#817 = PCURVE('',#209,#818);
#818 = DEFINITIONAL_REPRESENTATION('',(#819),#823);
#819 = LINE('',#820,#821);
#820 = CARTESIAN_POINT('',(-0.,19.4));
#821 = VECTOR('',#822,1.);
#822 = DIRECTION('',(-1.,0.));
#823 = ( GEOMETRIC_REPRESENTATION_CONTEXT(2) 
PARAMETRIC_REPRESENTATION_CONTEXT() REPRESENTATION_CONTEXT('2D SPACE',''
  ) );
#824 = PCURVE('',#825,#830);
#825 = TOROIDAL_SURFACE('',#826,1.666666666667,0.333333333333);
#826 = AXIS2_PLACEMENT_3D('',#827,#828,#829);
#827 = CARTESIAN_POINT('',(9.7,-0.333333333333,116.7));
#828 = DIRECTION('',(0.,1.,-2.22044604925E-16));
#829 = DIRECTION('',(2.93098878501E-14,2.22044604925E-16,1.));
#830 = DEFINITIONAL_REPRESENTATION('',(#831),#835);
#831 = LINE('',#832,#833);
#832 = CARTESIAN_POINT('',(0.,0.));
#833 = VECTOR('',#834,1.);
#834 = DIRECTION('',(0.,1.));
#835 = ( GEOMETRIC_REPRESENTATION_CONTEXT(2) 
PARAMETRIC_REPRESENTATION_CONTEXT() REPRESENTATION_CONTEXT('2D SPACE',''
  ) );
#836 = ORIENTED_EDGE('',*,*,#195,.F.);
#837 = ADVANCED_FACE('',(#838),#183,.T.);
#838 = FACE_BOUND('',#839,.T.);
#839 = EDGE_LOOP('',(#840,#841,#842,#870));
#840 = ORIENTED_EDGE('',*,*,#167,.T.);
#841 = ORIENTED_EDGE('',*,*,#366,.T.);
#842 = ORIENTED_EDGE('',*,*,#843,.F.);
#843 = EDGE_CURVE('',#844,#339,#846,.T.);
#844 = VERTEX_POINT('',#845);
#845 = CARTESIAN_POINT('',(11.7,-0.333333333333,116.7));
#846 = SURFACE_CURVE('',#847,(#851,#858),.PCURVE_S1.);
#847 = LINE('',#848,#849);
#848 = CARTESIAN_POINT('',(11.7,2.591260539475E-14,116.7));
#849 = VECTOR('',#850,1.);
#850 = DIRECTION('',(0.,-1.,2.22044604925E-16));
#851 = PCURVE('',#183,#852);
#852 = DEFINITIONAL_REPRESENTATION('',(#853),#857);
#853 = LINE('',#854,#855);
#854 = CARTESIAN_POINT('',(3.14159265359,0.));
#855 = VECTOR('',#856,1.);
#856 = DIRECTION('',(0.,-1.));
#857 = ( GEOMETRIC_REPRESENTATION_CONTEXT(2) 
PARAMETRIC_REPRESENTATION_CONTEXT() REPRESENTATION_CONTEXT('2D SPACE',''
  ) );
#858 = PCURVE('',#859,#864);
#859 = PLANE('',#860);
#860 = AXIS2_PLACEMENT_3D('',#861,#862,#863);
#861 = CARTESIAN_POINT('',(11.7,-5.35,61.5));
#862 = DIRECTION('',(1.,-4.609395278872E-16,-1.02349135364E-31));
#863 = DIRECTION('',(-4.609395278872E-16,-1.,-2.22044604925E-16));
#864 = DEFINITIONAL_REPRESENTATION('',(#865),#869);
#865 = LINE('',#866,#867);
#866 = CARTESIAN_POINT('',(-5.35,-55.2));
#867 = VECTOR('',#868,1.);
#868 = DIRECTION('',(1.,-4.440892098501E-16));
#869 = ( GEOMETRIC_REPRESENTATION_CONTEXT(2) 
PARAMETRIC_REPRESENTATION_CONTEXT() REPRESENTATION_CONTEXT('2D SPACE',''
  ) );
#870 = ORIENTED_EDGE('',*,*,#871,.F.);
#871 = EDGE_CURVE('',#168,#844,#872,.T.);
#872 = SURFACE_CURVE('',#873,(#878,#885),.PCURVE_S1.);
#873 = CIRCLE('',#874,2.);
#874 = AXIS2_PLACEMENT_3D('',#875,#876,#877);
#875 = CARTESIAN_POINT('',(9.7,-0.333333333333,116.7));
#876 = DIRECTION('',(0.,1.,-2.22044604925E-16));
#877 = DIRECTION('',(2.93098878501E-14,2.22044604925E-16,1.));
#878 = PCURVE('',#183,#879);
#879 = DEFINITIONAL_REPRESENTATION('',(#880),#884);
#880 = LINE('',#881,#882);
#881 = CARTESIAN_POINT('',(1.570796326795,-0.333333333333));
#882 = VECTOR('',#883,1.);
#883 = DIRECTION('',(1.,0.));
#884 = ( GEOMETRIC_REPRESENTATION_CONTEXT(2) 
PARAMETRIC_REPRESENTATION_CONTEXT() REPRESENTATION_CONTEXT('2D SPACE',''
  ) );
#885 = PCURVE('',#825,#886);
#886 = DEFINITIONAL_REPRESENTATION('',(#887),#891);
#887 = LINE('',#888,#889);
#888 = CARTESIAN_POINT('',(0.,0.));
#889 = VECTOR('',#890,1.);
#890 = DIRECTION('',(1.,0.));
#891 = ( GEOMETRIC_REPRESENTATION_CONTEXT(2) 
PARAMETRIC_REPRESENTATION_CONTEXT() REPRESENTATION_CONTEXT('2D SPACE',''
  ) );
#892 = ADVANCED_FACE('',(#893),#241,.T.);
#893 = FACE_BOUND('',#894,.F.);
#894 = EDGE_LOOP('',(#895,#924,#945,#946));
#895 = ORIENTED_EDGE('',*,*,#896,.T.);
#896 = EDGE_CURVE('',#539,#897,#899,.T.);
#897 = VERTEX_POINT('',#898);
#898 = CARTESIAN_POINT('',(-11.36666666666,1.376676550535E-15,6.3));
#899 = SURFACE_CURVE('',#900,(#905,#912),.PCURVE_S1.);
#900 = CIRCLE('',#901,0.333333333333);
#901 = AXIS2_PLACEMENT_3D('',#902,#903,#904);
#902 = CARTESIAN_POINT('',(-11.36666666666,-0.333333333333,6.3));
#903 = DIRECTION('',(6.123233995737E-17,-2.22044604925E-16,-1.));
#904 = DIRECTION('',(-1.,-1.359631073447E-32,-6.123233995737E-17));
#905 = PCURVE('',#241,#906);
#906 = DEFINITIONAL_REPRESENTATION('',(#907),#911);
#907 = LINE('',#908,#909);
#908 = CARTESIAN_POINT('',(-0.,1.480297366167E-16));
#909 = VECTOR('',#910,1.);
#910 = DIRECTION('',(-1.,0.));
#911 = ( GEOMETRIC_REPRESENTATION_CONTEXT(2) 
PARAMETRIC_REPRESENTATION_CONTEXT() REPRESENTATION_CONTEXT('2D SPACE',''
  ) );
#912 = PCURVE('',#913,#918);
#913 = TOROIDAL_SURFACE('',#914,1.666666666667,0.333333333333);
#914 = AXIS2_PLACEMENT_3D('',#915,#916,#917);
#915 = CARTESIAN_POINT('',(-9.7,-0.333333333333,6.3));
#916 = DIRECTION('',(0.,1.,-2.22044604925E-16));
#917 = DIRECTION('',(0.,-2.22044604925E-16,-1.));
#918 = DEFINITIONAL_REPRESENTATION('',(#919),#923);
#919 = LINE('',#920,#921);
#920 = CARTESIAN_POINT('',(1.570796326795,0.));
#921 = VECTOR('',#922,1.);
#922 = DIRECTION('',(0.,1.));
#923 = ( GEOMETRIC_REPRESENTATION_CONTEXT(2) 
PARAMETRIC_REPRESENTATION_CONTEXT() REPRESENTATION_CONTEXT('2D SPACE',''
  ) );
#924 = ORIENTED_EDGE('',*,*,#925,.T.);
#925 = EDGE_CURVE('',#897,#225,#926,.T.);
#926 = SURFACE_CURVE('',#927,(#931,#938),.PCURVE_S1.);
#927 = LINE('',#928,#929);
#928 = CARTESIAN_POINT('',(-11.36666666666,1.487698852998E-15,6.3));
#929 = VECTOR('',#930,1.);
#930 = DIRECTION('',(0.,2.22044604925E-16,1.));
#931 = PCURVE('',#241,#932);
#932 = DEFINITIONAL_REPRESENTATION('',(#933),#937);
#933 = LINE('',#934,#935);
#934 = CARTESIAN_POINT('',(-1.570796326795,0.));
#935 = VECTOR('',#936,1.);
#936 = DIRECTION('',(-0.,1.));
#937 = ( GEOMETRIC_REPRESENTATION_CONTEXT(2) 
PARAMETRIC_REPRESENTATION_CONTEXT() REPRESENTATION_CONTEXT('2D SPACE',''
  ) );
#938 = PCURVE('',#293,#939);
#939 = DEFINITIONAL_REPRESENTATION('',(#940),#944);
#940 = LINE('',#941,#942);
#941 = CARTESIAN_POINT('',(55.2,11.366666666667));
#942 = VECTOR('',#943,1.);
#943 = DIRECTION('',(-1.,0.));
#944 = ( GEOMETRIC_REPRESENTATION_CONTEXT(2) 
PARAMETRIC_REPRESENTATION_CONTEXT() REPRESENTATION_CONTEXT('2D SPACE',''
  ) );
#945 = ORIENTED_EDGE('',*,*,#224,.F.);
#946 = ORIENTED_EDGE('',*,*,#538,.F.);
#947 = ADVANCED_FACE('',(#948,#1178),#293,.T.);
#948 = FACE_BOUND('',#949,.T.);
#949 = EDGE_LOOP('',(#950,#980,#1009,#1037,#1066,#1094,#1123,#1151));
#950 = ORIENTED_EDGE('',*,*,#951,.F.);
#951 = EDGE_CURVE('',#952,#954,#956,.T.);
#952 = VERTEX_POINT('',#953);
#953 = CARTESIAN_POINT('',(3.,1.10652228121E-14,49.666666666667));
#954 = VERTEX_POINT('',#955);
#955 = CARTESIAN_POINT('',(-3.,1.10652228121E-14,49.666666666667));
#956 = SURFACE_CURVE('',#957,(#961,#968),.PCURVE_S1.);
#957 = LINE('',#958,#959);
#958 = CARTESIAN_POINT('',(3.,1.10652228121E-14,49.666666666667));
#959 = VECTOR('',#960,1.);
#960 = DIRECTION('',(-1.,0.,0.));
#961 = PCURVE('',#293,#962);
#962 = DEFINITIONAL_REPRESENTATION('',(#963),#967);
#963 = LINE('',#964,#965);
#964 = CARTESIAN_POINT('',(11.833333333333,-3.));
#965 = VECTOR('',#966,1.);
#966 = DIRECTION('',(-0.,1.));
#967 = ( GEOMETRIC_REPRESENTATION_CONTEXT(2) 
PARAMETRIC_REPRESENTATION_CONTEXT() REPRESENTATION_CONTEXT('2D SPACE',''
  ) );
#968 = PCURVE('',#969,#974);
#969 = CYLINDRICAL_SURFACE('',#970,0.333333333333);
#970 = AXIS2_PLACEMENT_3D('',#971,#972,#973);
#971 = CARTESIAN_POINT('',(3.,-0.333333333333,49.666666666667));
#972 = DIRECTION('',(-1.,0.,0.));
#973 = DIRECTION('',(0.,2.22044604925E-16,1.));
#974 = DEFINITIONAL_REPRESENTATION('',(#975),#979);
#975 = LINE('',#976,#977);
#976 = CARTESIAN_POINT('',(1.570796326795,0.));
#977 = VECTOR('',#978,1.);
#978 = DIRECTION('',(0.,1.));
#979 = ( GEOMETRIC_REPRESENTATION_CONTEXT(2) 
PARAMETRIC_REPRESENTATION_CONTEXT() REPRESENTATION_CONTEXT('2D SPACE',''
  ) );
#980 = ORIENTED_EDGE('',*,*,#981,.F.);
#981 = EDGE_CURVE('',#982,#952,#984,.T.);
#982 = VERTEX_POINT('',#983);
#983 = CARTESIAN_POINT('',(5.333333333333,1.160183060733E-14,52.));
#984 = SURFACE_CURVE('',#985,(#990,#997),.PCURVE_S1.);
#985 = CIRCLE('',#986,2.333333333333);
#986 = AXIS2_PLACEMENT_3D('',#987,#988,#989);
#987 = CARTESIAN_POINT('',(3.,1.15463194561E-14,52.));
#988 = DIRECTION('',(0.,1.,-2.22044604925E-16));
#989 = DIRECTION('',(1.,1.64346021921E-32,7.401486830834E-17));
#990 = PCURVE('',#293,#991);
#991 = DEFINITIONAL_REPRESENTATION('',(#992),#996);
#992 = CIRCLE('',#993,2.333333333333);
#993 = AXIS2_PLACEMENT_2D('',#994,#995);
#994 = CARTESIAN_POINT('',(9.5,-3.));
#995 = DIRECTION('',(-7.401486830834E-17,-1.));
#996 = ( GEOMETRIC_REPRESENTATION_CONTEXT(2) 
PARAMETRIC_REPRESENTATION_CONTEXT() REPRESENTATION_CONTEXT('2D SPACE',''
  ) );
#997 = PCURVE('',#998,#1003);
#998 = TOROIDAL_SURFACE('',#999,2.333333333333,0.333333333333);
#999 = AXIS2_PLACEMENT_3D('',#1000,#1001,#1002);
#1000 = CARTESIAN_POINT('',(3.,-0.333333333333,52.));
#1001 = DIRECTION('',(0.,-1.,2.22044604925E-16));
#1002 = DIRECTION('',(1.,1.64346021921E-32,7.401486830834E-17));
#1003 = DEFINITIONAL_REPRESENTATION('',(#1004),#1008);
#1004 = LINE('',#1005,#1006);
#1005 = CARTESIAN_POINT('',(-0.,4.712388980385));
#1006 = VECTOR('',#1007,1.);
#1007 = DIRECTION('',(-1.,0.));
#1008 = ( GEOMETRIC_REPRESENTATION_CONTEXT(2) 
PARAMETRIC_REPRESENTATION_CONTEXT() REPRESENTATION_CONTEXT('2D SPACE',''
  ) );
#1009 = ORIENTED_EDGE('',*,*,#1010,.F.);
#1010 = EDGE_CURVE('',#1011,#982,#1013,.T.);
#1011 = VERTEX_POINT('',#1012);
#1012 = CARTESIAN_POINT('',(5.333333333333,1.620925615953E-14,73.));
#1013 = SURFACE_CURVE('',#1014,(#1018,#1025),.PCURVE_S1.);
#1014 = LINE('',#1015,#1016);
#1015 = CARTESIAN_POINT('',(5.333333333333,1.626476731076E-14,73.));
#1016 = VECTOR('',#1017,1.);
#1017 = DIRECTION('',(0.,-2.22044604925E-16,-1.));
#1018 = PCURVE('',#293,#1019);
#1019 = DEFINITIONAL_REPRESENTATION('',(#1020),#1024);
#1020 = LINE('',#1021,#1022);
#1021 = CARTESIAN_POINT('',(-11.5,-5.333333333333));
#1022 = VECTOR('',#1023,1.);
#1023 = DIRECTION('',(1.,0.));
#1024 = ( GEOMETRIC_REPRESENTATION_CONTEXT(2) 
PARAMETRIC_REPRESENTATION_CONTEXT() REPRESENTATION_CONTEXT('2D SPACE',''
  ) );
#1025 = PCURVE('',#1026,#1031);
#1026 = CYLINDRICAL_SURFACE('',#1027,0.333333333333);
#1027 = AXIS2_PLACEMENT_3D('',#1028,#1029,#1030);
#1028 = CARTESIAN_POINT('',(5.333333333333,-0.333333333333,73.));
#1029 = DIRECTION('',(0.,-2.22044604925E-16,-1.));
#1030 = DIRECTION('',(-1.,0.,0.));
#1031 = DEFINITIONAL_REPRESENTATION('',(#1032),#1036);
#1032 = LINE('',#1033,#1034);
#1033 = CARTESIAN_POINT('',(1.570796326795,0.));
#1034 = VECTOR('',#1035,1.);
#1035 = DIRECTION('',(0.,1.));
#1036 = ( GEOMETRIC_REPRESENTATION_CONTEXT(2) 
PARAMETRIC_REPRESENTATION_CONTEXT() REPRESENTATION_CONTEXT('2D SPACE',''
  ) );
#1037 = ORIENTED_EDGE('',*,*,#1038,.F.);
#1038 = EDGE_CURVE('',#1039,#1011,#1041,.T.);
#1039 = VERTEX_POINT('',#1040);
#1040 = CARTESIAN_POINT('',(3.,1.680137510599E-14,75.333333333333));
#1041 = SURFACE_CURVE('',#1042,(#1047,#1054),.PCURVE_S1.);
#1042 = CIRCLE('',#1043,2.333333333333);
#1043 = AXIS2_PLACEMENT_3D('',#1044,#1045,#1046);
#1044 = CARTESIAN_POINT('',(3.,1.620925615953E-14,73.));
#1045 = DIRECTION('',(0.,1.,-2.22044604925E-16));
#1046 = DIRECTION('',(6.661338147751E-16,2.22044604925E-16,1.));
#1047 = PCURVE('',#293,#1048);
#1048 = DEFINITIONAL_REPRESENTATION('',(#1049),#1053);
#1049 = CIRCLE('',#1050,2.333333333333);
#1050 = AXIS2_PLACEMENT_2D('',#1051,#1052);
#1051 = CARTESIAN_POINT('',(-11.5,-3.));
#1052 = DIRECTION('',(-1.,-6.661338147751E-16));
#1053 = ( GEOMETRIC_REPRESENTATION_CONTEXT(2) 
PARAMETRIC_REPRESENTATION_CONTEXT() REPRESENTATION_CONTEXT('2D SPACE',''
  ) );
#1054 = PCURVE('',#1055,#1060);
#1055 = TOROIDAL_SURFACE('',#1056,2.333333333333,0.333333333333);
#1056 = AXIS2_PLACEMENT_3D('',#1057,#1058,#1059);
#1057 = CARTESIAN_POINT('',(3.,-0.333333333333,73.));
#1058 = DIRECTION('',(0.,-1.,2.22044604925E-16));
#1059 = DIRECTION('',(6.661338147751E-16,2.22044604925E-16,1.));
#1060 = DEFINITIONAL_REPRESENTATION('',(#1061),#1065);
#1061 = LINE('',#1062,#1063);
#1062 = CARTESIAN_POINT('',(-0.,4.712388980385));
#1063 = VECTOR('',#1064,1.);
#1064 = DIRECTION('',(-1.,0.));
#1065 = ( GEOMETRIC_REPRESENTATION_CONTEXT(2) 
PARAMETRIC_REPRESENTATION_CONTEXT() REPRESENTATION_CONTEXT('2D SPACE',''
  ) );
#1066 = ORIENTED_EDGE('',*,*,#1067,.F.);
#1067 = EDGE_CURVE('',#1068,#1039,#1070,.T.);
#1068 = VERTEX_POINT('',#1069);
#1069 = CARTESIAN_POINT('',(-3.,1.674586395476E-14,75.333333333333));
#1070 = SURFACE_CURVE('',#1071,(#1075,#1082),.PCURVE_S1.);
#1071 = LINE('',#1072,#1073);
#1072 = CARTESIAN_POINT('',(-3.,1.680137510599E-14,75.333333333333));
#1073 = VECTOR('',#1074,1.);
#1074 = DIRECTION('',(1.,0.,0.));
#1075 = PCURVE('',#293,#1076);
#1076 = DEFINITIONAL_REPRESENTATION('',(#1077),#1081);
#1077 = LINE('',#1078,#1079);
#1078 = CARTESIAN_POINT('',(-13.83333333333,3.));
#1079 = VECTOR('',#1080,1.);
#1080 = DIRECTION('',(0.,-1.));
#1081 = ( GEOMETRIC_REPRESENTATION_CONTEXT(2) 
PARAMETRIC_REPRESENTATION_CONTEXT() REPRESENTATION_CONTEXT('2D SPACE',''
  ) );
#1082 = PCURVE('',#1083,#1088);
#1083 = CYLINDRICAL_SURFACE('',#1084,0.333333333333);
#1084 = AXIS2_PLACEMENT_3D('',#1085,#1086,#1087);
#1085 = CARTESIAN_POINT('',(-3.,-0.333333333333,75.333333333333));
#1086 = DIRECTION('',(1.,0.,0.));
#1087 = DIRECTION('',(0.,-2.22044604925E-16,-1.));
#1088 = DEFINITIONAL_REPRESENTATION('',(#1089),#1093);
#1089 = LINE('',#1090,#1091);
#1090 = CARTESIAN_POINT('',(1.570796326795,0.));
#1091 = VECTOR('',#1092,1.);
#1092 = DIRECTION('',(0.,1.));
#1093 = ( GEOMETRIC_REPRESENTATION_CONTEXT(2) 
PARAMETRIC_REPRESENTATION_CONTEXT() REPRESENTATION_CONTEXT('2D SPACE',''
  ) );
#1094 = ORIENTED_EDGE('',*,*,#1095,.F.);
#1095 = EDGE_CURVE('',#1096,#1068,#1098,.T.);
#1096 = VERTEX_POINT('',#1097);
#1097 = CARTESIAN_POINT('',(-5.333333333333,1.626476731076E-14,73.));
#1098 = SURFACE_CURVE('',#1099,(#1104,#1111),.PCURVE_S1.);
#1099 = CIRCLE('',#1100,2.333333333333);
#1100 = AXIS2_PLACEMENT_3D('',#1101,#1102,#1103);
#1101 = CARTESIAN_POINT('',(-3.,1.620925615953E-14,73.));
#1102 = DIRECTION('',(0.,1.,-2.22044604925E-16));
#1103 = DIRECTION('',(-1.,1.64346021921E-32,7.401486830834E-17));
#1104 = PCURVE('',#293,#1105);
#1105 = DEFINITIONAL_REPRESENTATION('',(#1106),#1110);
#1106 = CIRCLE('',#1107,2.333333333333);
#1107 = AXIS2_PLACEMENT_2D('',#1108,#1109);
#1108 = CARTESIAN_POINT('',(-11.5,3.));
#1109 = DIRECTION('',(-7.401486830834E-17,1.));
#1110 = ( GEOMETRIC_REPRESENTATION_CONTEXT(2) 
PARAMETRIC_REPRESENTATION_CONTEXT() REPRESENTATION_CONTEXT('2D SPACE',''
  ) );
#1111 = PCURVE('',#1112,#1117);
#1112 = TOROIDAL_SURFACE('',#1113,2.333333333333,0.333333333333);
#1113 = AXIS2_PLACEMENT_3D('',#1114,#1115,#1116);
#1114 = CARTESIAN_POINT('',(-3.,-0.333333333333,73.));
#1115 = DIRECTION('',(0.,-1.,2.22044604925E-16));
#1116 = DIRECTION('',(-1.,1.64346021921E-32,7.401486830834E-17));
#1117 = DEFINITIONAL_REPRESENTATION('',(#1118),#1122);
#1118 = LINE('',#1119,#1120);
#1119 = CARTESIAN_POINT('',(-0.,4.712388980385));
#1120 = VECTOR('',#1121,1.);
#1121 = DIRECTION('',(-1.,0.));
#1122 = ( GEOMETRIC_REPRESENTATION_CONTEXT(2) 
PARAMETRIC_REPRESENTATION_CONTEXT() REPRESENTATION_CONTEXT('2D SPACE',''
  ) );
#1123 = ORIENTED_EDGE('',*,*,#1124,.F.);
#1124 = EDGE_CURVE('',#1125,#1096,#1127,.T.);
#1125 = VERTEX_POINT('',#1126);
#1126 = CARTESIAN_POINT('',(-5.333333333333,1.15463194561E-14,52.));
#1127 = SURFACE_CURVE('',#1128,(#1132,#1139),.PCURVE_S1.);
#1128 = LINE('',#1129,#1130);
#1129 = CARTESIAN_POINT('',(-5.333333333333,1.160183060733E-14,52.));
#1130 = VECTOR('',#1131,1.);
#1131 = DIRECTION('',(0.,2.22044604925E-16,1.));
#1132 = PCURVE('',#293,#1133);
#1133 = DEFINITIONAL_REPRESENTATION('',(#1134),#1138);
#1134 = LINE('',#1135,#1136);
#1135 = CARTESIAN_POINT('',(9.5,5.333333333333));
#1136 = VECTOR('',#1137,1.);
#1137 = DIRECTION('',(-1.,0.));
#1138 = ( GEOMETRIC_REPRESENTATION_CONTEXT(2) 
PARAMETRIC_REPRESENTATION_CONTEXT() REPRESENTATION_CONTEXT('2D SPACE',''
  ) );
#1139 = PCURVE('',#1140,#1145);
#1140 = CYLINDRICAL_SURFACE('',#1141,0.333333333333);
#1141 = AXIS2_PLACEMENT_3D('',#1142,#1143,#1144);
#1142 = CARTESIAN_POINT('',(-5.333333333333,-0.333333333333,52.));
#1143 = DIRECTION('',(0.,2.22044604925E-16,1.));
#1144 = DIRECTION('',(1.,0.,0.));
#1145 = DEFINITIONAL_REPRESENTATION('',(#1146),#1150);
#1146 = LINE('',#1147,#1148);
#1147 = CARTESIAN_POINT('',(1.570796326795,0.));
#1148 = VECTOR('',#1149,1.);
#1149 = DIRECTION('',(0.,1.));
#1150 = ( GEOMETRIC_REPRESENTATION_CONTEXT(2) 
PARAMETRIC_REPRESENTATION_CONTEXT() REPRESENTATION_CONTEXT('2D SPACE',''
  ) );
#1151 = ORIENTED_EDGE('',*,*,#1152,.F.);
#1152 = EDGE_CURVE('',#954,#1125,#1153,.T.);
#1153 = SURFACE_CURVE('',#1154,(#1159,#1166),.PCURVE_S1.);
#1154 = CIRCLE('',#1155,2.333333333333);
#1155 = AXIS2_PLACEMENT_3D('',#1156,#1157,#1158);
#1156 = CARTESIAN_POINT('',(-3.,1.15463194561E-14,52.));
#1157 = DIRECTION('',(0.,1.,-2.22044604925E-16));
#1158 = DIRECTION('',(-2.22044604925E-16,-2.22044604925E-16,-1.));
#1159 = PCURVE('',#293,#1160);
#1160 = DEFINITIONAL_REPRESENTATION('',(#1161),#1165);
#1161 = CIRCLE('',#1162,2.333333333333);
#1162 = AXIS2_PLACEMENT_2D('',#1163,#1164);
#1163 = CARTESIAN_POINT('',(9.5,3.));
#1164 = DIRECTION('',(1.,2.22044604925E-16));
#1165 = ( GEOMETRIC_REPRESENTATION_CONTEXT(2) 
PARAMETRIC_REPRESENTATION_CONTEXT() REPRESENTATION_CONTEXT('2D SPACE',''
  ) );
#1166 = PCURVE('',#1167,#1172);
#1167 = TOROIDAL_SURFACE('',#1168,2.333333333333,0.333333333333);
#1168 = AXIS2_PLACEMENT_3D('',#1169,#1170,#1171);
#1169 = CARTESIAN_POINT('',(-3.,-0.333333333333,52.));
#1170 = DIRECTION('',(0.,-1.,2.22044604925E-16));
#1171 = DIRECTION('',(-2.22044604925E-16,-2.22044604925E-16,-1.));
#1172 = DEFINITIONAL_REPRESENTATION('',(#1173),#1177);
#1173 = LINE('',#1174,#1175);
#1174 = CARTESIAN_POINT('',(-0.,4.712388980385));
#1175 = VECTOR('',#1176,1.);
#1176 = DIRECTION('',(-1.,0.));
#1177 = ( GEOMETRIC_REPRESENTATION_CONTEXT(2) 
PARAMETRIC_REPRESENTATION_CONTEXT() REPRESENTATION_CONTEXT('2D SPACE',''
  ) );
#1178 = FACE_BOUND('',#1179,.T.);
#1179 = EDGE_LOOP('',(#1180,#1181,#1205,#1233,#1262,#1290,#1312,#1313));
#1180 = ORIENTED_EDGE('',*,*,#787,.T.);
#1181 = ORIENTED_EDGE('',*,*,#1182,.T.);
#1182 = EDGE_CURVE('',#788,#1183,#1185,.T.);
#1183 = VERTEX_POINT('',#1184);
#1184 = CARTESIAN_POINT('',(11.366666666667,2.593480985524E-14,116.7));
#1185 = SURFACE_CURVE('',#1186,(#1191,#1198),.PCURVE_S1.);
#1186 = CIRCLE('',#1187,1.666666666667);
#1187 = AXIS2_PLACEMENT_3D('',#1188,#1189,#1190);
#1188 = CARTESIAN_POINT('',(9.7,2.591260539475E-14,116.7));
#1189 = DIRECTION('',(0.,1.,-2.22044604925E-16));
#1190 = DIRECTION('',(2.93098878501E-14,2.22044604925E-16,1.));
#1191 = PCURVE('',#293,#1192);
#1192 = DEFINITIONAL_REPRESENTATION('',(#1193),#1197);
#1193 = CIRCLE('',#1194,1.666666666667);
#1194 = AXIS2_PLACEMENT_2D('',#1195,#1196);
#1195 = CARTESIAN_POINT('',(-55.2,-9.7));
#1196 = DIRECTION('',(-1.,-2.93098878501E-14));
#1197 = ( GEOMETRIC_REPRESENTATION_CONTEXT(2) 
PARAMETRIC_REPRESENTATION_CONTEXT() REPRESENTATION_CONTEXT('2D SPACE',''
  ) );
#1198 = PCURVE('',#825,#1199);
#1199 = DEFINITIONAL_REPRESENTATION('',(#1200),#1204);
#1200 = LINE('',#1201,#1202);
#1201 = CARTESIAN_POINT('',(0.,1.570796326795));
#1202 = VECTOR('',#1203,1.);
#1203 = DIRECTION('',(1.,0.));
#1204 = ( GEOMETRIC_REPRESENTATION_CONTEXT(2) 
PARAMETRIC_REPRESENTATION_CONTEXT() REPRESENTATION_CONTEXT('2D SPACE',''
  ) );
#1205 = ORIENTED_EDGE('',*,*,#1206,.T.);
#1206 = EDGE_CURVE('',#1183,#1207,#1209,.T.);
#1207 = VERTEX_POINT('',#1208);
#1208 = CARTESIAN_POINT('',(11.366666666667,1.543210004229E-15,6.3));
#1209 = SURFACE_CURVE('',#1210,(#1214,#1221),.PCURVE_S1.);
#1210 = LINE('',#1211,#1212);
#1211 = CARTESIAN_POINT('',(11.366666666667,2.604583215771E-14,116.7));
#1212 = VECTOR('',#1213,1.);
#1213 = DIRECTION('',(0.,-2.22044604925E-16,-1.));
#1214 = PCURVE('',#293,#1215);
#1215 = DEFINITIONAL_REPRESENTATION('',(#1216),#1220);
#1216 = LINE('',#1217,#1218);
#1217 = CARTESIAN_POINT('',(-55.2,-11.36666666666));
#1218 = VECTOR('',#1219,1.);
#1219 = DIRECTION('',(1.,0.));
#1220 = ( GEOMETRIC_REPRESENTATION_CONTEXT(2) 
PARAMETRIC_REPRESENTATION_CONTEXT() REPRESENTATION_CONTEXT('2D SPACE',''
  ) );
#1221 = PCURVE('',#1222,#1227);
#1222 = CYLINDRICAL_SURFACE('',#1223,0.333333333333);
#1223 = AXIS2_PLACEMENT_3D('',#1224,#1225,#1226);
#1224 = CARTESIAN_POINT('',(11.366666666667,-0.333333333333,116.7));
#1225 = DIRECTION('',(0.,-2.22044604925E-16,-1.));
#1226 = DIRECTION('',(1.,-4.609395278872E-16,1.02349135364E-31));
#1227 = DEFINITIONAL_REPRESENTATION('',(#1228),#1232);
#1228 = LINE('',#1229,#1230);
#1229 = CARTESIAN_POINT('',(-1.570796326795,0.));
#1230 = VECTOR('',#1231,1.);
#1231 = DIRECTION('',(-0.,1.));
#1232 = ( GEOMETRIC_REPRESENTATION_CONTEXT(2) 
PARAMETRIC_REPRESENTATION_CONTEXT() REPRESENTATION_CONTEXT('2D SPACE',''
  ) );
#1233 = ORIENTED_EDGE('',*,*,#1234,.T.);
#1234 = EDGE_CURVE('',#1207,#1235,#1237,.T.);
#1235 = VERTEX_POINT('',#1236);
#1236 = CARTESIAN_POINT('',(9.7,1.025105926071E-15,4.633333333333));
#1237 = SURFACE_CURVE('',#1238,(#1243,#1250),.PCURVE_S1.);
#1238 = CIRCLE('',#1239,1.666666666667);
#1239 = AXIS2_PLACEMENT_3D('',#1240,#1241,#1242);
#1240 = CARTESIAN_POINT('',(9.7,1.398881011028E-15,6.3));
#1241 = DIRECTION('',(0.,1.,-2.22044604925E-16));
#1242 = DIRECTION('',(1.,2.136498284974E-31,9.621932880085E-16));
#1243 = PCURVE('',#293,#1244);
#1244 = DEFINITIONAL_REPRESENTATION('',(#1245),#1249);
#1245 = CIRCLE('',#1246,1.666666666667);
#1246 = AXIS2_PLACEMENT_2D('',#1247,#1248);
#1247 = CARTESIAN_POINT('',(55.2,-9.7));
#1248 = DIRECTION('',(-9.621932880085E-16,-1.));
#1249 = ( GEOMETRIC_REPRESENTATION_CONTEXT(2) 
PARAMETRIC_REPRESENTATION_CONTEXT() REPRESENTATION_CONTEXT('2D SPACE',''
  ) );
#1250 = PCURVE('',#1251,#1256);
#1251 = TOROIDAL_SURFACE('',#1252,1.666666666667,0.333333333333);
#1252 = AXIS2_PLACEMENT_3D('',#1253,#1254,#1255);
#1253 = CARTESIAN_POINT('',(9.7,-0.333333333333,6.3));
#1254 = DIRECTION('',(0.,1.,-2.22044604925E-16));
#1255 = DIRECTION('',(1.,2.136498284974E-31,9.621932880085E-16));
#1256 = DEFINITIONAL_REPRESENTATION('',(#1257),#1261);
#1257 = LINE('',#1258,#1259);
#1258 = CARTESIAN_POINT('',(0.,1.570796326795));
#1259 = VECTOR('',#1260,1.);
#1260 = DIRECTION('',(1.,0.));
#1261 = ( GEOMETRIC_REPRESENTATION_CONTEXT(2) 
PARAMETRIC_REPRESENTATION_CONTEXT() REPRESENTATION_CONTEXT('2D SPACE',''
  ) );
#1262 = ORIENTED_EDGE('',*,*,#1263,.T.);
#1263 = EDGE_CURVE('',#1235,#1264,#1266,.T.);
#1264 = VERTEX_POINT('',#1265);
#1265 = CARTESIAN_POINT('',(-9.7,1.025105926071E-15,4.633333333333));
#1266 = SURFACE_CURVE('',#1267,(#1271,#1278),.PCURVE_S1.);
#1267 = LINE('',#1268,#1269);
#1268 = CARTESIAN_POINT('',(9.7,1.025105926071E-15,4.633333333333));
#1269 = VECTOR('',#1270,1.);
#1270 = DIRECTION('',(-1.,0.,0.));
#1271 = PCURVE('',#293,#1272);
#1272 = DEFINITIONAL_REPRESENTATION('',(#1273),#1277);
#1273 = LINE('',#1274,#1275);
#1274 = CARTESIAN_POINT('',(56.866666666667,-9.7));
#1275 = VECTOR('',#1276,1.);
#1276 = DIRECTION('',(-0.,1.));
#1277 = ( GEOMETRIC_REPRESENTATION_CONTEXT(2) 
PARAMETRIC_REPRESENTATION_CONTEXT() REPRESENTATION_CONTEXT('2D SPACE',''
  ) );
#1278 = PCURVE('',#1279,#1284);
#1279 = CYLINDRICAL_SURFACE('',#1280,0.333333333333);
#1280 = AXIS2_PLACEMENT_3D('',#1281,#1282,#1283);
#1281 = CARTESIAN_POINT('',(9.7,-0.333333333333,4.633333333333));
#1282 = DIRECTION('',(-1.,0.,0.));
#1283 = DIRECTION('',(0.,2.22044604925E-16,-1.));
#1284 = DEFINITIONAL_REPRESENTATION('',(#1285),#1289);
#1285 = LINE('',#1286,#1287);
#1286 = CARTESIAN_POINT('',(-1.570796326795,0.));
#1287 = VECTOR('',#1288,1.);
#1288 = DIRECTION('',(-0.,1.));
#1289 = ( GEOMETRIC_REPRESENTATION_CONTEXT(2) 
PARAMETRIC_REPRESENTATION_CONTEXT() REPRESENTATION_CONTEXT('2D SPACE',''
  ) );
#1290 = ORIENTED_EDGE('',*,*,#1291,.T.);
#1291 = EDGE_CURVE('',#1264,#897,#1292,.T.);
#1292 = SURFACE_CURVE('',#1293,(#1298,#1305),.PCURVE_S1.);
#1293 = CIRCLE('',#1294,1.666666666667);
#1294 = AXIS2_PLACEMENT_3D('',#1295,#1296,#1297);
#1295 = CARTESIAN_POINT('',(-9.7,1.398881011028E-15,6.3));
#1296 = DIRECTION('',(0.,1.,-2.22044604925E-16));
#1297 = DIRECTION('',(0.,-2.22044604925E-16,-1.));
#1298 = PCURVE('',#293,#1299);
#1299 = DEFINITIONAL_REPRESENTATION('',(#1300),#1304);
#1300 = CIRCLE('',#1301,1.666666666667);
#1301 = AXIS2_PLACEMENT_2D('',#1302,#1303);
#1302 = CARTESIAN_POINT('',(55.2,9.7));
#1303 = DIRECTION('',(1.,0.));
#1304 = ( GEOMETRIC_REPRESENTATION_CONTEXT(2) 
PARAMETRIC_REPRESENTATION_CONTEXT() REPRESENTATION_CONTEXT('2D SPACE',''
  ) );
#1305 = PCURVE('',#913,#1306);
#1306 = DEFINITIONAL_REPRESENTATION('',(#1307),#1311);
#1307 = LINE('',#1308,#1309);
#1308 = CARTESIAN_POINT('',(0.,1.570796326795));
#1309 = VECTOR('',#1310,1.);
#1310 = DIRECTION('',(1.,0.));
#1311 = ( GEOMETRIC_REPRESENTATION_CONTEXT(2) 
PARAMETRIC_REPRESENTATION_CONTEXT() REPRESENTATION_CONTEXT('2D SPACE',''
  ) );
#1312 = ORIENTED_EDGE('',*,*,#925,.T.);
#1313 = ORIENTED_EDGE('',*,*,#278,.T.);
#1314 = ADVANCED_FACE('',(#1315),#326,.F.);
#1315 = FACE_BOUND('',#1316,.F.);
#1316 = EDGE_LOOP('',(#1317,#1375,#1376,#1400,#1428,#1489,#1545,#1573,
    #1602,#1630,#1688));
#1317 = ORIENTED_EDGE('',*,*,#1318,.T.);
#1318 = EDGE_CURVE('',#1319,#311,#1321,.T.);
#1319 = VERTEX_POINT('',#1320);
#1320 = CARTESIAN_POINT('',(5.308411859159,-1.011067730938,
    73.009757159182));
#1321 = SURFACE_CURVE('',#1322,(#1331,#1343),.PCURVE_S1.);
#1322 = ( BOUNDED_CURVE() B_SPLINE_CURVE(7,(#1323,#1324,#1325,#1326,
    #1327,#1328,#1329,#1330),.UNSPECIFIED.,.F.,.F.) 
B_SPLINE_CURVE_WITH_KNOTS((8,8),(30.1415926604,31.205246839182),
.PIECEWISE_BEZIER_KNOTS.) CURVE() GEOMETRIC_REPRESENTATION_ITEM() 
RATIONAL_B_SPLINE_CURVE((1.,1.,1.,1.,1.,1.,1.,1.)) REPRESENTATION_ITEM(
  '') );
#1323 = CARTESIAN_POINT('',(5.308411859159,-1.011067730938,
    73.009757159182));
#1324 = CARTESIAN_POINT('',(5.308381532322,-1.011065470232,
    73.162988487919));
#1325 = CARTESIAN_POINT('',(5.295281645334,-1.010090545818,
    73.355084857681));
#1326 = CARTESIAN_POINT('',(5.26557097405,-1.007862589947,
    73.523076831927));
#1327 = CARTESIAN_POINT('',(5.22342824621,-1.00505601954,73.69737152321)
  );
#1328 = CARTESIAN_POINT('',(5.166594701227,-1.00208941017,
    73.864501385561));
#1329 = CARTESIAN_POINT('',(5.095715443109,-1.,74.02738000725));
#1330 = CARTESIAN_POINT('',(5.011057940679,-1.,74.183254158529));
#1331 = PCURVE('',#326,#1332);
#1332 = DEFINITIONAL_REPRESENTATION('',(#1333),#1342);
#1333 = B_SPLINE_CURVE_WITH_KNOTS('',7,(#1334,#1335,#1336,#1337,#1338,
    #1339,#1340,#1341),.UNSPECIFIED.,.F.,.F.,(8,8),(30.1415926604,
    31.205246839182),.PIECEWISE_BEZIER_KNOTS.);
#1334 = CARTESIAN_POINT('',(4.78679609917,43.690242840818));
#1335 = CARTESIAN_POINT('',(4.786788496424,43.537011512081));
#1336 = CARTESIAN_POINT('',(4.783504459128,43.344915142319));
#1337 = CARTESIAN_POINT('',(4.776055975945,43.176923168073));
#1338 = CARTESIAN_POINT('',(4.765497215951,43.002628476791));
#1339 = CARTESIAN_POINT('',(4.751273142188,42.835498614438));
#1340 = CARTESIAN_POINT('',(4.733553355992,42.67261999275));
#1341 = CARTESIAN_POINT('',(4.712388980385,42.516745841471));
#1342 = ( GEOMETRIC_REPRESENTATION_CONTEXT(2) 
PARAMETRIC_REPRESENTATION_CONTEXT() REPRESENTATION_CONTEXT('2D SPACE',''
  ) );
#1343 = PCURVE('',#1344,#1369);
#1344 = ( BOUNDED_SURFACE() B_SPLINE_SURFACE(2,7,(
    (#1345,#1346,#1347,#1348,#1349,#1350,#1351,#1352)
    ,(#1353,#1354,#1355,#1356,#1357,#1358,#1359,#1360)
    ,(#1361,#1362,#1363,#1364,#1365,#1366,#1367,#1368
)),.UNSPECIFIED.,.F.,.F.,.F.) B_SPLINE_SURFACE_WITH_KNOTS((3,3),(8,8),(
    0.,1.063654178782),(30.1415926604,31.205246839182),
.PIECEWISE_BEZIER_KNOTS.) GEOMETRIC_REPRESENTATION_ITEM() 
RATIONAL_B_SPLINE_SURFACE((
    (1.,1.,1.,1.,1.,1.,1.,1.)
    ,(0.732905693329,0.732900190733,0.731725823644,0.728702843858
      ,0.724753157076,0.719558532023,0.713556017117,0.707106781187)
,(1.,1.,1.,1.,1.,1.,1.,1.))) REPRESENTATION_ITEM('') SURFACE() );
#1345 = CARTESIAN_POINT('',(5.308411859159,-1.011067730938,
    73.009757159182));
#1346 = CARTESIAN_POINT('',(5.308381532322,-1.011065470232,
    73.162988487919));
#1347 = CARTESIAN_POINT('',(5.295281645334,-1.010090545818,
    73.355084857681));
#1348 = CARTESIAN_POINT('',(5.26557097405,-1.007862589947,
    73.523076831927));
#1349 = CARTESIAN_POINT('',(5.22342824621,-1.00505601954,73.69737152321)
  );
#1350 = CARTESIAN_POINT('',(5.166594701227,-1.00208941017,
    73.864501385561));
#1351 = CARTESIAN_POINT('',(5.095715443109,-1.,74.02738000725));
#1352 = CARTESIAN_POINT('',(5.011057940679,-1.,74.183254158529));
#1353 = CARTESIAN_POINT('',(5.,-0.988077249115,73.));
#1354 = CARTESIAN_POINT('',(5.,-0.988079606939,73.152103825479));
#1355 = CARTESIAN_POINT('',(4.986469272305,-0.988090527878,
    73.304675124265));
#1356 = CARTESIAN_POINT('',(4.959341962143,-0.988399721129,
    73.455740859076));
#1357 = CARTESIAN_POINT('',(4.918817712861,-0.988963230349,
    73.603994808981));
#1358 = CARTESIAN_POINT('',(4.865402425296,-0.990579791447,
    73.747388457092));
#1359 = CARTESIAN_POINT('',(4.800123012758,-0.993974557684,
    73.884438039045));
#1360 = CARTESIAN_POINT('',(4.723763949153,-1.,74.014217850168));
#1361 = CARTESIAN_POINT('',(5.,-0.678655790131,73.));
#1362 = CARTESIAN_POINT('',(5.,-0.678653128785,73.152102683496));
#1363 = CARTESIAN_POINT('',(4.986490073079,-0.677592921342,
    73.304163965707));
#1364 = CARTESIAN_POINT('',(4.959584289514,-0.675142604184,
    73.454253195914));
#1365 = CARTESIAN_POINT('',(4.919399851829,-0.672086456845,
    73.602114081034));
#1366 = CARTESIAN_POINT('',(4.866258943077,-0.668885061008,
    73.745459321177));
#1367 = CARTESIAN_POINT('',(4.800819452998,-0.666666666667,73.8832543697
    ));
#1368 = CARTESIAN_POINT('',(4.723763949153,-0.666666666667,
    74.014217850168));
#1369 = DEFINITIONAL_REPRESENTATION('',(#1370),#1374);
#1370 = LINE('',#1371,#1372);
#1371 = CARTESIAN_POINT('',(0.,0.));
#1372 = VECTOR('',#1373,1.);
#1373 = DIRECTION('',(0.,1.));
#1374 = ( GEOMETRIC_REPRESENTATION_CONTEXT(2) 
PARAMETRIC_REPRESENTATION_CONTEXT() REPRESENTATION_CONTEXT('2D SPACE',''
  ) );
#1375 = ORIENTED_EDGE('',*,*,#308,.F.);
#1376 = ORIENTED_EDGE('',*,*,#1377,.T.);
#1377 = EDGE_CURVE('',#309,#1378,#1380,.T.);
#1378 = VERTEX_POINT('',#1379);
#1379 = CARTESIAN_POINT('',(8.995836733046,-4.651377029009,116.7));
#1380 = SURFACE_CURVE('',#1381,(#1386,#1393),.PCURVE_S1.);
#1381 = CIRCLE('',#1382,4.);
#1382 = AXIS2_PLACEMENT_3D('',#1383,#1384,#1385);
#1383 = CARTESIAN_POINT('',(5.011057940679,-5.,116.7));
#1384 = DIRECTION('',(0.,-2.22044604925E-16,-1.));
#1385 = DIRECTION('',(1.,0.,0.));
#1386 = PCURVE('',#326,#1387);
#1387 = DEFINITIONAL_REPRESENTATION('',(#1388),#1392);
#1388 = LINE('',#1389,#1390);
#1389 = CARTESIAN_POINT('',(0.,0.));
#1390 = VECTOR('',#1391,1.);
#1391 = DIRECTION('',(1.,0.));
#1392 = ( GEOMETRIC_REPRESENTATION_CONTEXT(2) 
PARAMETRIC_REPRESENTATION_CONTEXT() REPRESENTATION_CONTEXT('2D SPACE',''
  ) );
#1393 = PCURVE('',#354,#1394);
#1394 = DEFINITIONAL_REPRESENTATION('',(#1395),#1399);
#1395 = CIRCLE('',#1396,4.);
#1396 = AXIS2_PLACEMENT_2D('',#1397,#1398);
#1397 = CARTESIAN_POINT('',(4.778746329102,0.516509498638));
#1398 = DIRECTION('',(-1.,0.));
#1399 = ( GEOMETRIC_REPRESENTATION_CONTEXT(2) 
PARAMETRIC_REPRESENTATION_CONTEXT() REPRESENTATION_CONTEXT('2D SPACE',''
  ) );
#1400 = ORIENTED_EDGE('',*,*,#1401,.T.);
#1401 = EDGE_CURVE('',#1378,#1402,#1404,.T.);
#1402 = VERTEX_POINT('',#1403);
#1403 = CARTESIAN_POINT('',(8.995836733046,-4.651377029009,
    60.844494065977));
#1404 = SURFACE_CURVE('',#1405,(#1409,#1416),.PCURVE_S1.);
#1405 = LINE('',#1406,#1407);
#1406 = CARTESIAN_POINT('',(8.995836733046,-4.651377029009,116.7));
#1407 = VECTOR('',#1408,1.);
#1408 = DIRECTION('',(-1.927882050295E-17,-1.686678240155E-18,-1.));
#1409 = PCURVE('',#326,#1410);
#1410 = DEFINITIONAL_REPRESENTATION('',(#1411),#1415);
#1411 = LINE('',#1412,#1413);
#1412 = CARTESIAN_POINT('',(6.19591884458,0.));
#1413 = VECTOR('',#1414,1.);
#1414 = DIRECTION('',(0.,1.));
#1415 = ( GEOMETRIC_REPRESENTATION_CONTEXT(2) 
PARAMETRIC_REPRESENTATION_CONTEXT() REPRESENTATION_CONTEXT('2D SPACE',''
  ) );
#1416 = PCURVE('',#1417,#1422);
#1417 = PLANE('',#1418);
#1418 = AXIS2_PLACEMENT_3D('',#1419,#1420,#1421);
#1419 = CARTESIAN_POINT('',(9.7,-12.7,116.7));
#1420 = DIRECTION('',(-0.996194698092,-8.715574274744E-02,
    1.93524624653E-17));
#1421 = DIRECTION('',(-8.715574274744E-02,0.996194698092,
    -2.465190328816E-32));
#1422 = DEFINITIONAL_REPRESENTATION('',(#1423),#1427);
#1423 = LINE('',#1424,#1425);
#1424 = CARTESIAN_POINT('',(8.079367403187,-4.421935152313E-31));
#1425 = VECTOR('',#1426,1.);
#1426 = DIRECTION('',(-3.023710012688E-32,1.));
#1427 = ( GEOMETRIC_REPRESENTATION_CONTEXT(2) 
PARAMETRIC_REPRESENTATION_CONTEXT() REPRESENTATION_CONTEXT('2D SPACE',''
  ) );
#1428 = ORIENTED_EDGE('',*,*,#1429,.F.);
#1429 = EDGE_CURVE('',#1430,#1402,#1432,.T.);
#1430 = VERTEX_POINT('',#1431);
#1431 = CARTESIAN_POINT('',(8.884041286886,-4.,59.3676));
#1432 = SURFACE_CURVE('',#1433,(#1448,#1466),.PCURVE_S1.);
#1433 = B_SPLINE_CURVE_WITH_KNOTS('',7,(#1434,#1435,#1436,#1437,#1438,
    #1439,#1440,#1441,#1442,#1443,#1444,#1445,#1446,#1447),
  .UNSPECIFIED.,.F.,.F.,(8,6,8),(0.,0.798945307517,1.),.UNSPECIFIED.);
#1434 = CARTESIAN_POINT('',(8.884041286886,-4.,59.3676));
#1435 = CARTESIAN_POINT('',(8.884041286886,-4.,59.549636674729));
#1436 = CARTESIAN_POINT('',(8.889032346587,-4.019329926729,
    59.731442941249));
#1437 = CARTESIAN_POINT('',(8.898991395196,-4.057903126305,
    59.911656192784));
#1438 = CARTESIAN_POINT('',(8.913328398372,-4.115935406913,
    60.088846953797));
#1439 = CARTESIAN_POINT('',(8.930871811298,-4.193874606287,
    60.261358858174));
#1440 = CARTESIAN_POINT('',(8.949817872263,-4.292328624326,
    60.42712319738));
#1441 = CARTESIAN_POINT('',(8.97207291776,-4.442069227745,
    60.622711331009));
#1442 = CARTESIAN_POINT('',(8.97647468781,-4.473524200213,
    60.661443595374));
#1443 = CARTESIAN_POINT('',(8.980762635101,-4.506338803183,
    60.69953809125));
#1444 = CARTESIAN_POINT('',(8.984892298608,-4.540522869343,
    60.736945214758));
#1445 = CARTESIAN_POINT('',(8.988815867764,-4.576085355058,
    60.773611878932));
#1446 = CARTESIAN_POINT('',(8.992482182461,-4.613034340372,
    60.809481513718));
#1447 = CARTESIAN_POINT('',(8.995836733046,-4.651377029009,
    60.844494065976));
#1448 = PCURVE('',#326,#1449);
#1449 = DEFINITIONAL_REPRESENTATION('',(#1450),#1465);
#1450 = B_SPLINE_CURVE_WITH_KNOTS('',7,(#1451,#1452,#1453,#1454,#1455,
    #1456,#1457,#1458,#1459,#1460,#1461,#1462,#1463,#1464),
  .UNSPECIFIED.,.F.,.F.,(8,6,8),(0.,0.798945307517,1.),.UNSPECIFIED.);
#1451 = CARTESIAN_POINT('',(6.030505052038,57.3324));
#1452 = CARTESIAN_POINT('',(6.030505052038,57.150363325271));
#1453 = CARTESIAN_POINT('',(6.03549601096,56.968557058752));
#1454 = CARTESIAN_POINT('',(6.045455603301,56.788343807216));
#1455 = CARTESIAN_POINT('',(6.060398861209,56.611153046203));
#1456 = CARTESIAN_POINT('',(6.080361795982,56.438641141826));
#1457 = CARTESIAN_POINT('',(6.105404203322,56.27287680262));
#1458 = CARTESIAN_POINT('',(6.143250550044,56.077288668991));
#1459 = CARTESIAN_POINT('',(6.151190667356,56.038556404626));
#1460 = CARTESIAN_POINT('',(6.159463484264,56.00046190875));
#1461 = CARTESIAN_POINT('',(6.168070818339,55.963054785242));
#1462 = CARTESIAN_POINT('',(6.17701453684,55.926388121068));
#1463 = CARTESIAN_POINT('',(6.18629655671,55.890518486282));
#1464 = CARTESIAN_POINT('',(6.19591884458,55.855505934024));
#1465 = ( GEOMETRIC_REPRESENTATION_CONTEXT(2) 
PARAMETRIC_REPRESENTATION_CONTEXT() REPRESENTATION_CONTEXT('2D SPACE',''
  ) );
#1466 = PCURVE('',#1467,#1472);
#1467 = CYLINDRICAL_SURFACE('',#1468,2.);
#1468 = AXIS2_PLACEMENT_3D('',#1469,#1470,#1471);
#1469 = CARTESIAN_POINT('',(119.4109368905,-6.,59.3676));
#1470 = DIRECTION('',(1.,0.,0.));
#1471 = DIRECTION('',(0.,1.,0.));
#1472 = DEFINITIONAL_REPRESENTATION('',(#1473),#1488);
#1473 = B_SPLINE_CURVE_WITH_KNOTS('',7,(#1474,#1475,#1476,#1477,#1478,
    #1479,#1480,#1481,#1482,#1483,#1484,#1485,#1486,#1487),
  .UNSPECIFIED.,.F.,.F.,(8,6,8),(0.,0.798945307517,1.),.UNSPECIFIED.);
#1474 = CARTESIAN_POINT('',(6.28318530718,-110.5268956036));
#1475 = CARTESIAN_POINT('',(6.374203644544,-110.5268956036));
#1476 = CARTESIAN_POINT('',(6.465106715253,-110.5219045439));
#1477 = CARTESIAN_POINT('',(6.556445210347,-110.5119454953));
#1478 = CARTESIAN_POINT('',(6.648720712278,-110.4976084921));
#1479 = CARTESIAN_POINT('',(6.742454813403,-110.4800650792));
#1480 = CARTESIAN_POINT('',(6.838189618065,-110.4611190182));
#1481 = CARTESIAN_POINT('',(6.961353093098,-110.4388639727));
#1482 = CARTESIAN_POINT('',(6.986290928412,-110.4344622026));
#1483 = CARTESIAN_POINT('',(7.011413442016,-110.4301742554));
#1484 = CARTESIAN_POINT('',(7.036730376629,-110.4260445919));
#1485 = CARTESIAN_POINT('',(7.062251780113,-110.4221210227));
#1486 = CARTESIAN_POINT('',(7.087988005475,-110.418454708));
#1487 = CARTESIAN_POINT('',(7.113949710868,-110.4151001574));
#1488 = ( GEOMETRIC_REPRESENTATION_CONTEXT(2) 
PARAMETRIC_REPRESENTATION_CONTEXT() REPRESENTATION_CONTEXT('2D SPACE',''
  ) );
#1489 = ORIENTED_EDGE('',*,*,#1490,.F.);
#1490 = EDGE_CURVE('',#1491,#1430,#1493,.T.);
#1491 = VERTEX_POINT('',#1492);
#1492 = CARTESIAN_POINT('',(8.995836733046,-4.651377029009,
    57.890705934023));
#1493 = SURFACE_CURVE('',#1494,(#1509,#1527),.PCURVE_S1.);
#1494 = B_SPLINE_CURVE_WITH_KNOTS('',7,(#1495,#1496,#1497,#1498,#1499,
    #1500,#1501,#1502,#1503,#1504,#1505,#1506,#1507,#1508),
  .UNSPECIFIED.,.F.,.F.,(8,6,8),(0.,0.201596078199,1.),.UNSPECIFIED.);
#1495 = CARTESIAN_POINT('',(8.995836733046,-4.651377029009,
    57.890705934024));
#1496 = CARTESIAN_POINT('',(8.992473159397,-4.612931206281,
    57.925812662979));
#1497 = CARTESIAN_POINT('',(8.988796148124,-4.575886654997,
    57.961781035714));
#1498 = CARTESIAN_POINT('',(8.984860647933,-4.540236078409,
    57.998550534159));
#1499 = CARTESIAN_POINT('',(8.980718221451,-4.505971300504,
    58.036064162863));
#1500 = CARTESIAN_POINT('',(8.97641704522,-4.473083266009,
    58.074268448987));
#1501 = CARTESIAN_POINT('',(8.972001909705,-4.441562040387,
    58.113113442312));
#1502 = CARTESIAN_POINT('',(8.94974110752,-4.291930009769,
    58.308748562171));
#1503 = CARTESIAN_POINT('',(8.930812663694,-4.193611818611,
    58.474423150009));
#1504 = CARTESIAN_POINT('',(8.913289677511,-4.115778620801,
    58.64683151458));
#1505 = CARTESIAN_POINT('',(8.898971147808,-4.057824699012,
    58.823909478221));
#1506 = CARTESIAN_POINT('',(8.88902554964,-4.019303605372,59.00400375728
    ));
#1507 = CARTESIAN_POINT('',(8.884041286886,-4.,59.185687314108));
#1508 = CARTESIAN_POINT('',(8.884041286886,-4.,59.3676));
#1509 = PCURVE('',#326,#1510);
#1510 = DEFINITIONAL_REPRESENTATION('',(#1511),#1526);
#1511 = B_SPLINE_CURVE_WITH_KNOTS('',7,(#1512,#1513,#1514,#1515,#1516,
    #1517,#1518,#1519,#1520,#1521,#1522,#1523,#1524,#1525),
  .UNSPECIFIED.,.F.,.F.,(8,6,8),(0.,0.201596078199,1.),.UNSPECIFIED.);
#1512 = CARTESIAN_POINT('',(6.19591884458,58.809294065976));
#1513 = CARTESIAN_POINT('',(6.186270674698,58.774187337021));
#1514 = CARTESIAN_POINT('',(6.176964620763,58.738218964286));
#1515 = CARTESIAN_POINT('',(6.16799869192,58.701449465841));
#1516 = CARTESIAN_POINT('',(6.159370948903,58.663935837138));
#1517 = CARTESIAN_POINT('',(6.151079504031,58.625731551013));
#1518 = CARTESIAN_POINT('',(6.143122521204,58.586886557688));
#1519 = CARTESIAN_POINT('',(6.105302810817,58.391251437829));
#1520 = CARTESIAN_POINT('',(6.08029448612,58.225576849991));
#1521 = CARTESIAN_POINT('',(6.060358490699,58.05316848542));
#1522 = CARTESIAN_POINT('',(6.045435352857,57.876090521779));
#1523 = CARTESIAN_POINT('',(6.035489214974,57.69599624272));
#1524 = CARTESIAN_POINT('',(6.030505052038,57.514312685892));
#1525 = CARTESIAN_POINT('',(6.030505052038,57.3324));
#1526 = ( GEOMETRIC_REPRESENTATION_CONTEXT(2) 
PARAMETRIC_REPRESENTATION_CONTEXT() REPRESENTATION_CONTEXT('2D SPACE',''
  ) );
#1527 = PCURVE('',#1467,#1528);
#1528 = DEFINITIONAL_REPRESENTATION('',(#1529),#1544);
#1529 = B_SPLINE_CURVE_WITH_KNOTS('',7,(#1530,#1531,#1532,#1533,#1534,
    #1535,#1536,#1537,#1538,#1539,#1540,#1541,#1542,#1543),
  .UNSPECIFIED.,.F.,.F.,(8,6,8),(0.,0.201596078199,1.),.UNSPECIFIED.);
#1530 = CARTESIAN_POINT('',(5.452420903492,-110.4151001574));
#1531 = CARTESIAN_POINT('',(5.47845244063,-110.4184637311));
#1532 = CARTESIAN_POINT('',(5.504257242941,-110.4221407423));
#1533 = CARTESIAN_POINT('',(5.529846072884,-110.4260762425));
#1534 = CARTESIAN_POINT('',(5.555229383867,-110.430218669));
#1535 = CARTESIAN_POINT('',(5.580417320251,-110.4345198452));
#1536 = CARTESIAN_POINT('',(5.605419717345,-110.4389349808));
#1537 = CARTESIAN_POINT('',(5.728568859353,-110.4611957829));
#1538 = CARTESIAN_POINT('',(5.824232013984,-110.4801242268));
#1539 = CARTESIAN_POINT('',(5.917899096217,-110.4976472129));
#1540 = CARTESIAN_POINT('',(6.010110756896,-110.5119657427));
#1541 = CARTESIAN_POINT('',(6.101387247515,-110.5219113408));
#1542 = CARTESIAN_POINT('',(6.192228964234,-110.5268956036));
#1543 = CARTESIAN_POINT('',(6.28318530718,-110.5268956036));
#1544 = ( GEOMETRIC_REPRESENTATION_CONTEXT(2) 
PARAMETRIC_REPRESENTATION_CONTEXT() REPRESENTATION_CONTEXT('2D SPACE',''
  ) );
#1545 = ORIENTED_EDGE('',*,*,#1546,.T.);
#1546 = EDGE_CURVE('',#1491,#1547,#1549,.T.);
#1547 = VERTEX_POINT('',#1548);
#1548 = CARTESIAN_POINT('',(8.995836733046,-4.651377029009,6.3));
#1549 = SURFACE_CURVE('',#1550,(#1554,#1561),.PCURVE_S1.);
#1550 = LINE('',#1551,#1552);
#1551 = CARTESIAN_POINT('',(8.995836733046,-4.651377029009,116.7));
#1552 = VECTOR('',#1553,1.);
#1553 = DIRECTION('',(-1.927882050295E-17,-1.686678240155E-18,-1.));
#1554 = PCURVE('',#326,#1555);
#1555 = DEFINITIONAL_REPRESENTATION('',(#1556),#1560);
#1556 = LINE('',#1557,#1558);
#1557 = CARTESIAN_POINT('',(6.19591884458,0.));
#1558 = VECTOR('',#1559,1.);
#1559 = DIRECTION('',(0.,1.));
#1560 = ( GEOMETRIC_REPRESENTATION_CONTEXT(2) 
PARAMETRIC_REPRESENTATION_CONTEXT() REPRESENTATION_CONTEXT('2D SPACE',''
  ) );
#1561 = PCURVE('',#1562,#1567);
#1562 = PLANE('',#1563);
#1563 = AXIS2_PLACEMENT_3D('',#1564,#1565,#1566);
#1564 = CARTESIAN_POINT('',(9.7,-12.7,116.7));
#1565 = DIRECTION('',(-0.996194698092,-8.715574274744E-02,
    1.93524624653E-17));
#1566 = DIRECTION('',(-8.715574274744E-02,0.996194698092,
    -2.465190328816E-32));
#1567 = DEFINITIONAL_REPRESENTATION('',(#1568),#1572);
#1568 = LINE('',#1569,#1570);
#1569 = CARTESIAN_POINT('',(8.079367403187,-4.421935152313E-31));
#1570 = VECTOR('',#1571,1.);
#1571 = DIRECTION('',(-3.023710012688E-32,1.));
#1572 = ( GEOMETRIC_REPRESENTATION_CONTEXT(2) 
PARAMETRIC_REPRESENTATION_CONTEXT() REPRESENTATION_CONTEXT('2D SPACE',''
  ) );
#1573 = ORIENTED_EDGE('',*,*,#1574,.F.);
#1574 = EDGE_CURVE('',#1575,#1547,#1577,.T.);
#1575 = VERTEX_POINT('',#1576);
#1576 = CARTESIAN_POINT('',(5.011057940679,-1.,6.3));
#1577 = SURFACE_CURVE('',#1578,(#1583,#1590),.PCURVE_S1.);
#1578 = CIRCLE('',#1579,4.);
#1579 = AXIS2_PLACEMENT_3D('',#1580,#1581,#1582);
#1580 = CARTESIAN_POINT('',(5.011057940679,-5.,6.3));
#1581 = DIRECTION('',(0.,-2.22044604925E-16,-1.));
#1582 = DIRECTION('',(1.,0.,0.));
#1583 = PCURVE('',#326,#1584);
#1584 = DEFINITIONAL_REPRESENTATION('',(#1585),#1589);
#1585 = LINE('',#1586,#1587);
#1586 = CARTESIAN_POINT('',(0.,110.4));
#1587 = VECTOR('',#1588,1.);
#1588 = DIRECTION('',(1.,0.));
#1589 = ( GEOMETRIC_REPRESENTATION_CONTEXT(2) 
PARAMETRIC_REPRESENTATION_CONTEXT() REPRESENTATION_CONTEXT('2D SPACE',''
  ) );
#1590 = PCURVE('',#1591,#1596);
#1591 = PLANE('',#1592);
#1592 = AXIS2_PLACEMENT_3D('',#1593,#1594,#1595);
#1593 = CARTESIAN_POINT('',(9.789804269781,-5.516509498638,6.3));
#1594 = DIRECTION('',(-5.287995978824E-16,2.22044604925E-16,-1.));
#1595 = DIRECTION('',(-1.,-1.174170977963E-31,5.287995978824E-16));
#1596 = DEFINITIONAL_REPRESENTATION('',(#1597),#1601);
#1597 = CIRCLE('',#1598,4.);
#1598 = AXIS2_PLACEMENT_2D('',#1599,#1600);
#1599 = CARTESIAN_POINT('',(4.778746329102,0.516509498638));
#1600 = DIRECTION('',(-1.,0.));
#1601 = ( GEOMETRIC_REPRESENTATION_CONTEXT(2) 
PARAMETRIC_REPRESENTATION_CONTEXT() REPRESENTATION_CONTEXT('2D SPACE',''
  ) );
#1602 = ORIENTED_EDGE('',*,*,#1603,.F.);
#1603 = EDGE_CURVE('',#1604,#1575,#1606,.T.);
#1604 = VERTEX_POINT('',#1605);
#1605 = CARTESIAN_POINT('',(5.011057940679,-1.,50.816745841471));
#1606 = SURFACE_CURVE('',#1607,(#1611,#1618),.PCURVE_S1.);
#1607 = LINE('',#1608,#1609);
#1608 = CARTESIAN_POINT('',(5.011057940679,-1.,116.7));
#1609 = VECTOR('',#1610,1.);
#1610 = DIRECTION('',(0.,-2.22044604925E-16,-1.));
#1611 = PCURVE('',#326,#1612);
#1612 = DEFINITIONAL_REPRESENTATION('',(#1613),#1617);
#1613 = LINE('',#1614,#1615);
#1614 = CARTESIAN_POINT('',(4.712388980385,0.));
#1615 = VECTOR('',#1616,1.);
#1616 = DIRECTION('',(0.,1.));
#1617 = ( GEOMETRIC_REPRESENTATION_CONTEXT(2) 
PARAMETRIC_REPRESENTATION_CONTEXT() REPRESENTATION_CONTEXT('2D SPACE',''
  ) );
#1618 = PCURVE('',#1619,#1624);
#1619 = PLANE('',#1620);
#1620 = AXIS2_PLACEMENT_3D('',#1621,#1622,#1623);
#1621 = CARTESIAN_POINT('',(-2.612065579531E-17,-1.,61.5));
#1622 = DIRECTION('',(0.,-1.,2.22446550595E-16));
#1623 = DIRECTION('',(0.,2.22446550595E-16,1.));
#1624 = DEFINITIONAL_REPRESENTATION('',(#1625),#1629);
#1625 = LINE('',#1626,#1627);
#1626 = CARTESIAN_POINT('',(55.2,-5.011057940679));
#1627 = VECTOR('',#1628,1.);
#1628 = DIRECTION('',(-1.,0.));
#1629 = ( GEOMETRIC_REPRESENTATION_CONTEXT(2) 
PARAMETRIC_REPRESENTATION_CONTEXT() REPRESENTATION_CONTEXT('2D SPACE',''
  ) );
#1630 = ORIENTED_EDGE('',*,*,#1631,.T.);
#1631 = EDGE_CURVE('',#1604,#1632,#1634,.T.);
#1632 = VERTEX_POINT('',#1633);
#1633 = CARTESIAN_POINT('',(5.308411859159,-1.011067730938,
    51.990242840818));
#1634 = SURFACE_CURVE('',#1635,(#1644,#1656),.PCURVE_S1.);
#1635 = ( BOUNDED_CURVE() B_SPLINE_CURVE(7,(#1636,#1637,#1638,#1639,
    #1640,#1641,#1642,#1643),.UNSPECIFIED.,.F.,.F.) 
B_SPLINE_CURVE_WITH_KNOTS((8,8),(8.077938468053,9.141592646828),
.PIECEWISE_BEZIER_KNOTS.) CURVE() GEOMETRIC_REPRESENTATION_ITEM() 
RATIONAL_B_SPLINE_CURVE((1.,1.,1.,1.,1.,1.,1.,1.)) REPRESENTATION_ITEM(
  '') );
#1636 = CARTESIAN_POINT('',(5.011057940679,-1.,50.816745841471));
#1637 = CARTESIAN_POINT('',(5.09571544311,-1.,50.972619992752));
#1638 = CARTESIAN_POINT('',(5.166594701225,-1.00208941017,
    51.135498614436));
#1639 = CARTESIAN_POINT('',(5.223428246212,-1.00505601954,
    51.302628476794));
#1640 = CARTESIAN_POINT('',(5.265570974049,-1.007862589947,
    51.476923168072));
#1641 = CARTESIAN_POINT('',(5.295281645335,-1.010090545818,
    51.644915142319));
#1642 = CARTESIAN_POINT('',(5.308381532322,-1.011065470232,
    51.83701151208));
#1643 = CARTESIAN_POINT('',(5.308411859159,-1.011067730938,
    51.990242840818));
#1644 = PCURVE('',#326,#1645);
#1645 = DEFINITIONAL_REPRESENTATION('',(#1646),#1655);
#1646 = B_SPLINE_CURVE_WITH_KNOTS('',7,(#1647,#1648,#1649,#1650,#1651,
    #1652,#1653,#1654),.UNSPECIFIED.,.F.,.F.,(8,8),(8.077938468053,
    9.141592646828),.PIECEWISE_BEZIER_KNOTS.);
#1647 = CARTESIAN_POINT('',(4.712388980385,65.883254158529));
#1648 = CARTESIAN_POINT('',(4.733553355992,65.727380007248));
#1649 = CARTESIAN_POINT('',(4.751273142188,65.564501385565));
#1650 = CARTESIAN_POINT('',(4.765497215951,65.397371523206));
#1651 = CARTESIAN_POINT('',(4.776055975945,65.223076831928));
#1652 = CARTESIAN_POINT('',(4.783504459128,65.055084857681));
#1653 = CARTESIAN_POINT('',(4.786788496424,64.86298848792));
#1654 = CARTESIAN_POINT('',(4.78679609917,64.709757159183));
#1655 = ( GEOMETRIC_REPRESENTATION_CONTEXT(2) 
PARAMETRIC_REPRESENTATION_CONTEXT() REPRESENTATION_CONTEXT('2D SPACE',''
  ) );
#1656 = PCURVE('',#1657,#1682);
#1657 = ( BOUNDED_SURFACE() B_SPLINE_SURFACE(2,7,(
    (#1658,#1659,#1660,#1661,#1662,#1663,#1664,#1665)
    ,(#1666,#1667,#1668,#1669,#1670,#1671,#1672,#1673)
    ,(#1674,#1675,#1676,#1677,#1678,#1679,#1680,#1681
)),.UNSPECIFIED.,.F.,.F.,.F.) B_SPLINE_SURFACE_WITH_KNOTS((3,3),(8,8),(
    0.,1.063654178775),(8.077938468053,9.141592646828),
.PIECEWISE_BEZIER_KNOTS.) GEOMETRIC_REPRESENTATION_ITEM() 
RATIONAL_B_SPLINE_SURFACE((
    (1.,1.,1.,1.,1.,1.,1.,1.)
    ,(0.707106781187,0.713556017117,0.719558532023,0.724753157077
      ,0.728702843858,0.731725823644,0.732900190733,0.732905693329)
,(1.,1.,1.,1.,1.,1.,1.,1.))) REPRESENTATION_ITEM('') SURFACE() );
#1658 = CARTESIAN_POINT('',(5.011057940679,-1.,50.816745841471));
#1659 = CARTESIAN_POINT('',(5.09571544311,-1.,50.972619992752));
#1660 = CARTESIAN_POINT('',(5.166594701225,-1.00208941017,
    51.135498614436));
#1661 = CARTESIAN_POINT('',(5.223428246212,-1.00505601954,
    51.302628476794));
#1662 = CARTESIAN_POINT('',(5.265570974049,-1.007862589947,
    51.476923168072));
#1663 = CARTESIAN_POINT('',(5.295281645335,-1.010090545818,
    51.644915142319));
#1664 = CARTESIAN_POINT('',(5.308381532322,-1.011065470232,
    51.83701151208));
#1665 = CARTESIAN_POINT('',(5.308411859159,-1.011067730938,
    51.990242840818));
#1666 = CARTESIAN_POINT('',(4.723763949153,-1.,50.985782149832));
#1667 = CARTESIAN_POINT('',(4.800123012758,-0.993974557684,
    51.115561960955));
#1668 = CARTESIAN_POINT('',(4.865402425296,-0.990579791447,
    51.252611542909));
#1669 = CARTESIAN_POINT('',(4.91881771286,-0.988963230349,
    51.396005191017));
#1670 = CARTESIAN_POINT('',(4.959341962144,-0.988399721129,
    51.544259140927));
#1671 = CARTESIAN_POINT('',(4.986469272305,-0.988090527878,
    51.695324875734));
#1672 = CARTESIAN_POINT('',(5.,-0.988079606939,51.84789617452));
#1673 = CARTESIAN_POINT('',(5.,-0.988077249115,52.));
#1674 = CARTESIAN_POINT('',(4.723763949153,-0.666666666667,
    50.985782149832));
#1675 = CARTESIAN_POINT('',(4.800819452998,-0.666666666667,51.1167456303
    ));
#1676 = CARTESIAN_POINT('',(4.866258943078,-0.668885061008,
    51.254540678824));
#1677 = CARTESIAN_POINT('',(4.919399851829,-0.672086456845,
    51.397885918963));
#1678 = CARTESIAN_POINT('',(4.959584289515,-0.675142604184,
    51.545746804088));
#1679 = CARTESIAN_POINT('',(4.986490073079,-0.677592921342,
    51.695836034292));
#1680 = CARTESIAN_POINT('',(5.,-0.678653128785,51.847897316503));
#1681 = CARTESIAN_POINT('',(5.,-0.678655790131,52.));
#1682 = DEFINITIONAL_REPRESENTATION('',(#1683),#1687);
#1683 = LINE('',#1684,#1685);
#1684 = CARTESIAN_POINT('',(0.,0.));
#1685 = VECTOR('',#1686,1.);
#1686 = DIRECTION('',(0.,1.));
#1687 = ( GEOMETRIC_REPRESENTATION_CONTEXT(2) 
PARAMETRIC_REPRESENTATION_CONTEXT() REPRESENTATION_CONTEXT('2D SPACE',''
  ) );
#1688 = ORIENTED_EDGE('',*,*,#1689,.T.);
#1689 = EDGE_CURVE('',#1632,#1319,#1690,.T.);
#1690 = SURFACE_CURVE('',#1691,(#1704,#1720),.PCURVE_S1.);
#1691 = ( BOUNDED_CURVE() B_SPLINE_CURVE(11,(#1692,#1693,#1694,#1695,
    #1696,#1697,#1698,#1699,#1700,#1701,#1702,#1703),.UNSPECIFIED.,.F.,
.F.) B_SPLINE_CURVE_WITH_KNOTS((12,12),(9.141592646828,30.1415926604),
.PIECEWISE_BEZIER_KNOTS.) CURVE() GEOMETRIC_REPRESENTATION_ITEM() 
RATIONAL_B_SPLINE_CURVE((1.,1.,1.,0.999999999999,1.000000000001,
    0.999999999998,1.000000000002,0.999999999999,1.000000000001,1.,1.,1.
)) REPRESENTATION_ITEM('') );
#1692 = CARTESIAN_POINT('',(5.308411859159,-1.011067730938,
    51.990242840818));
#1693 = CARTESIAN_POINT('',(5.308792882257,-1.011096134206,
    53.915424726958));
#1694 = CARTESIAN_POINT('',(5.308177693245,-1.011050295589,
    55.81663511071));
#1695 = CARTESIAN_POINT('',(5.308925921833,-1.01110601106,
    57.736481168093));
#1696 = CARTESIAN_POINT('',(5.308238553224,-1.011054864596,
    59.626493187684));
#1697 = CARTESIAN_POINT('',(5.308661691681,-1.011086333621,
    61.556968183885));
#1698 = CARTESIAN_POINT('',(5.308661691681,-1.011086333622,
    63.443031816111));
#1699 = CARTESIAN_POINT('',(5.308238553224,-1.011054864596,
    65.373506812324));
#1700 = CARTESIAN_POINT('',(5.308925921833,-1.01110601106,
    67.263518831901));
#1701 = CARTESIAN_POINT('',(5.308177693245,-1.011050295589,
    69.183364889305));
#1702 = CARTESIAN_POINT('',(5.308792882257,-1.011096134206,
    71.084575273074));
#1703 = CARTESIAN_POINT('',(5.308411859159,-1.011067730938,
    73.009757159182));
#1704 = PCURVE('',#326,#1705);
#1705 = DEFINITIONAL_REPRESENTATION('',(#1706),#1719);
#1706 = B_SPLINE_CURVE_WITH_KNOTS('',11,(#1707,#1708,#1709,#1710,#1711,
    #1712,#1713,#1714,#1715,#1716,#1717,#1718),.UNSPECIFIED.,.F.,.F.,(12
    ,12),(9.141592646828,30.1415926604),.PIECEWISE_BEZIER_KNOTS.);
#1707 = CARTESIAN_POINT('',(4.78679609917,64.709757159182));
#1708 = CARTESIAN_POINT('',(4.786891619241,62.784575273037));
#1709 = CARTESIAN_POINT('',(4.786737395644,60.883364889312));
#1710 = CARTESIAN_POINT('',(4.786924970661,58.963518831856));
#1711 = CARTESIAN_POINT('',(4.786752653459,57.073506812396));
#1712 = CARTESIAN_POINT('',(4.786858730198,55.143031816022));
#1713 = CARTESIAN_POINT('',(4.786858730214,53.256968183971));
#1714 = CARTESIAN_POINT('',(4.786752653446,51.32649318762));
#1715 = CARTESIAN_POINT('',(4.786924970668,49.436481168128));
#1716 = CARTESIAN_POINT('',(4.786737395641,47.516635110684));
#1717 = CARTESIAN_POINT('',(4.786891619242,45.615424726928));
#1718 = CARTESIAN_POINT('',(4.78679609917,43.690242840818));
#1719 = ( GEOMETRIC_REPRESENTATION_CONTEXT(2) 
PARAMETRIC_REPRESENTATION_CONTEXT() REPRESENTATION_CONTEXT('2D SPACE',''
  ) );
#1720 = PCURVE('',#1721,#1758);
#1721 = ( BOUNDED_SURFACE() B_SPLINE_SURFACE(2,11,(
    (#1722,#1723,#1724,#1725,#1726,#1727,#1728,#1729,#1730,#1731,#1732
      ,#1733)
    ,(#1734,#1735,#1736,#1737,#1738,#1739,#1740,#1741,#1742,#1743,#1744
      ,#1745)
    ,(#1746,#1747,#1748,#1749,#1750,#1751,#1752,#1753,#1754,#1755,#1756
,#1757
    )),.UNSPECIFIED.,.F.,.F.,.F.) B_SPLINE_SURFACE_WITH_KNOTS((3,3),(12,
    12),(0.,21.000000013572),(9.141592646828,30.1415926604),
.PIECEWISE_BEZIER_KNOTS.) GEOMETRIC_REPRESENTATION_ITEM() 
RATIONAL_B_SPLINE_SURFACE((
    (1.,1.,1.,0.999999999999,1.000000000001,0.999999999998
      ,1.000000000002,0.999999999999,1.000000000001,1.,1.,1.)
    ,(0.732905693329,0.732974827351,0.73286326764,0.732998843561
      ,0.732874407918,0.732950960015,0.732950960017,0.732874407917
      ,0.732998843562,0.73286326764,0.732974827351,0.732905693329)
    ,(1.,1.,1.,0.999999999999,1.000000000001,0.999999999998
      ,1.000000000002,0.999999999999,1.000000000001,1.,1.,1.
))) REPRESENTATION_ITEM('') SURFACE() );
#1722 = CARTESIAN_POINT('',(5.308411859159,-1.011067730938,
    51.990242840818));
#1723 = CARTESIAN_POINT('',(5.308792882257,-1.011096134206,
    53.915424726958));
#1724 = CARTESIAN_POINT('',(5.308177693245,-1.011050295589,
    55.81663511071));
#1725 = CARTESIAN_POINT('',(5.308925921833,-1.01110601106,
    57.736481168093));
#1726 = CARTESIAN_POINT('',(5.308238553224,-1.011054864596,
    59.626493187684));
#1727 = CARTESIAN_POINT('',(5.308661691681,-1.011086333621,
    61.556968183885));
#1728 = CARTESIAN_POINT('',(5.308661691681,-1.011086333622,
    63.443031816111));
#1729 = CARTESIAN_POINT('',(5.308238553224,-1.011054864596,
    65.373506812324));
#1730 = CARTESIAN_POINT('',(5.308925921833,-1.01110601106,
    67.263518831901));
#1731 = CARTESIAN_POINT('',(5.308177693245,-1.011050295589,
    69.183364889305));
#1732 = CARTESIAN_POINT('',(5.308792882257,-1.011096134206,
    71.084575273074));
#1733 = CARTESIAN_POINT('',(5.308411859159,-1.011067730938,
    73.009757159182));
#1734 = CARTESIAN_POINT('',(5.,-0.988077249115,52.));
#1735 = CARTESIAN_POINT('',(5.,-0.988047628681,53.910821463823));
#1736 = CARTESIAN_POINT('',(5.,-0.988095431783,55.813495812349));
#1737 = CARTESIAN_POINT('',(5.,-0.988037335036,57.733889558174));
#1738 = CARTESIAN_POINT('',(5.,-0.988090661957,59.628167666633));
#1739 = CARTESIAN_POINT('',(5.,-0.98805785129,61.55458573398));
#1740 = CARTESIAN_POINT('',(5.,-0.98805785129,63.445414266017));
#1741 = CARTESIAN_POINT('',(5.,-0.988090661957,65.371832333374));
#1742 = CARTESIAN_POINT('',(5.,-0.988037335036,67.266110441821));
#1743 = CARTESIAN_POINT('',(5.,-0.988095431783,69.186504187665));
#1744 = CARTESIAN_POINT('',(5.,-0.988047628681,71.089178536209));
#1745 = CARTESIAN_POINT('',(5.,-0.988077249115,73.));
#1746 = CARTESIAN_POINT('',(5.,-0.678655790131,52.));
#1747 = CARTESIAN_POINT('',(5.,-0.678689226996,53.911001709077));
#1748 = CARTESIAN_POINT('',(5.,-0.678635273799,55.812869075461));
#1749 = CARTESIAN_POINT('',(5.,-0.678700836622,57.735205827478));
#1750 = CARTESIAN_POINT('',(5.,-0.678640666499,59.626113500543));
#1751 = CARTESIAN_POINT('',(5.,-0.678677680443,61.557153046816));
#1752 = CARTESIAN_POINT('',(5.,-0.678677680443,63.44284695318));
#1753 = CARTESIAN_POINT('',(5.,-0.678640666499,65.373886499465));
#1754 = CARTESIAN_POINT('',(5.,-0.678700836622,67.264794172516));
#1755 = CARTESIAN_POINT('',(5.,-0.678635273799,69.187130924553));
#1756 = CARTESIAN_POINT('',(5.,-0.678689226996,71.088998290955));
#1757 = CARTESIAN_POINT('',(5.,-0.678655790131,73.));
#1758 = DEFINITIONAL_REPRESENTATION('',(#1759),#1763);
#1759 = LINE('',#1760,#1761);
#1760 = CARTESIAN_POINT('',(0.,0.));
#1761 = VECTOR('',#1762,1.);
#1762 = DIRECTION('',(0.,1.));
#1763 = ( GEOMETRIC_REPRESENTATION_CONTEXT(2) 
PARAMETRIC_REPRESENTATION_CONTEXT() REPRESENTATION_CONTEXT('2D SPACE',''
  ) );
#1764 = ADVANCED_FACE('',(#1765),#522,.T.);
#1765 = FACE_BOUND('',#1766,.T.);
#1766 = EDGE_LOOP('',(#1767,#1797,#1798,#1822));
#1767 = ORIENTED_EDGE('',*,*,#1768,.F.);
#1768 = EDGE_CURVE('',#311,#1769,#1771,.T.);
#1769 = VERTEX_POINT('',#1770);
#1770 = CARTESIAN_POINT('',(4.723763949153,-0.666666666667,
    74.014217850168));
#1771 = SURFACE_CURVE('',#1772,(#1776,#1790),.PCURVE_S1.);
#1772 = ( BOUNDED_CURVE() B_SPLINE_CURVE(2,(#1773,#1774,#1775),
.UNSPECIFIED.,.F.,.F.) B_SPLINE_CURVE_WITH_KNOTS((3,3),(0.,
1.063654178782),.PIECEWISE_BEZIER_KNOTS.) CURVE() 
GEOMETRIC_REPRESENTATION_ITEM() RATIONAL_B_SPLINE_CURVE((1.,
0.707106781187,1.)) REPRESENTATION_ITEM('') );
#1773 = CARTESIAN_POINT('',(5.011057940679,-1.,74.183254158529));
#1774 = CARTESIAN_POINT('',(4.723763949153,-1.,74.014217850168));
#1775 = CARTESIAN_POINT('',(4.723763949153,-0.666666666667,
    74.014217850168));
#1776 = PCURVE('',#522,#1777);
#1777 = DEFINITIONAL_REPRESENTATION('',(#1778),#1789);
#1778 = B_SPLINE_CURVE_WITH_KNOTS('',9,(#1779,#1780,#1781,#1782,#1783,
    #1784,#1785,#1786,#1787,#1788),.UNSPECIFIED.,.F.,.F.,(10,10),(0.,
    1.063654178782),.PIECEWISE_BEZIER_KNOTS.);
#1779 = CARTESIAN_POINT('',(0.531827092768,1.570796326795));
#1780 = CARTESIAN_POINT('',(0.531827092768,1.727931167059));
#1781 = CARTESIAN_POINT('',(0.531827092768,1.896571043666));
#1782 = CARTESIAN_POINT('',(0.531827092768,2.075362713514));
#1783 = CARTESIAN_POINT('',(0.531827092768,2.261541178522));
#1784 = CARTESIAN_POINT('',(0.531827092768,2.450847802093));
#1785 = CARTESIAN_POINT('',(0.531827092768,2.637026266568));
#1786 = CARTESIAN_POINT('',(0.531827092768,2.815817936819));
#1787 = CARTESIAN_POINT('',(0.531827092768,2.984457813326));
#1788 = CARTESIAN_POINT('',(0.531827092768,3.14159265359));
#1789 = ( GEOMETRIC_REPRESENTATION_CONTEXT(2) 
PARAMETRIC_REPRESENTATION_CONTEXT() REPRESENTATION_CONTEXT('2D SPACE',''
  ) );
#1790 = PCURVE('',#1344,#1791);
#1791 = DEFINITIONAL_REPRESENTATION('',(#1792),#1796);
#1792 = LINE('',#1793,#1794);
#1793 = CARTESIAN_POINT('',(0.,31.205246839182));
#1794 = VECTOR('',#1795,1.);
#1795 = DIRECTION('',(1.,0.));
#1796 = ( GEOMETRIC_REPRESENTATION_CONTEXT(2) 
PARAMETRIC_REPRESENTATION_CONTEXT() REPRESENTATION_CONTEXT('2D SPACE',''
  ) );
#1797 = ORIENTED_EDGE('',*,*,#507,.T.);
#1798 = ORIENTED_EDGE('',*,*,#1799,.T.);
#1799 = EDGE_CURVE('',#480,#1800,#1802,.T.);
#1800 = VERTEX_POINT('',#1801);
#1801 = CARTESIAN_POINT('',(3.,-0.666666666667,75.));
#1802 = SURFACE_CURVE('',#1803,(#1808,#1815),.PCURVE_S1.);
#1803 = CIRCLE('',#1804,0.333333333333);
#1804 = AXIS2_PLACEMENT_3D('',#1805,#1806,#1807);
#1805 = CARTESIAN_POINT('',(3.,-0.666666666667,75.333333333333));
#1806 = DIRECTION('',(1.,-1.782793461923E-31,-8.014480139858E-16));
#1807 = DIRECTION('',(8.014480139858E-16,2.22446550595E-16,1.));
#1808 = PCURVE('',#522,#1809);
#1809 = DEFINITIONAL_REPRESENTATION('',(#1810),#1814);
#1810 = LINE('',#1811,#1812);
#1811 = CARTESIAN_POINT('',(1.570796326795,0.));
#1812 = VECTOR('',#1813,1.);
#1813 = DIRECTION('',(0.,1.));
#1814 = ( GEOMETRIC_REPRESENTATION_CONTEXT(2) 
PARAMETRIC_REPRESENTATION_CONTEXT() REPRESENTATION_CONTEXT('2D SPACE',''
  ) );
#1815 = PCURVE('',#495,#1816);
#1816 = DEFINITIONAL_REPRESENTATION('',(#1817),#1821);
#1817 = LINE('',#1818,#1819);
#1818 = CARTESIAN_POINT('',(1.570796326795,-0.));
#1819 = VECTOR('',#1820,1.);
#1820 = DIRECTION('',(-1.,0.));
#1821 = ( GEOMETRIC_REPRESENTATION_CONTEXT(2) 
PARAMETRIC_REPRESENTATION_CONTEXT() REPRESENTATION_CONTEXT('2D SPACE',''
  ) );
#1822 = ORIENTED_EDGE('',*,*,#1823,.F.);
#1823 = EDGE_CURVE('',#1769,#1800,#1824,.T.);
#1824 = SURFACE_CURVE('',#1825,(#1830,#1837),.PCURVE_S1.);
#1825 = CIRCLE('',#1826,2.);
#1826 = AXIS2_PLACEMENT_3D('',#1827,#1828,#1829);
#1827 = CARTESIAN_POINT('',(3.,-0.666666666667,73.));
#1828 = DIRECTION('',(2.736911063134E-48,-1.,2.22446550595E-16));
#1829 = DIRECTION('',(1.,-1.647925405257E-32,-7.408185925333E-17));
#1830 = PCURVE('',#522,#1831);
#1831 = DEFINITIONAL_REPRESENTATION('',(#1832),#1836);
#1832 = LINE('',#1833,#1834);
#1833 = CARTESIAN_POINT('',(0.,3.14159265359));
#1834 = VECTOR('',#1835,1.);
#1835 = DIRECTION('',(1.,0.));
#1836 = ( GEOMETRIC_REPRESENTATION_CONTEXT(2) 
PARAMETRIC_REPRESENTATION_CONTEXT() REPRESENTATION_CONTEXT('2D SPACE',''
  ) );
#1837 = PCURVE('',#1838,#1843);
#1838 = CYLINDRICAL_SURFACE('',#1839,2.);
#1839 = AXIS2_PLACEMENT_3D('',#1840,#1841,#1842);
#1840 = CARTESIAN_POINT('',(3.,1.620925615953E-14,73.));
#1841 = DIRECTION('',(0.,1.,-2.22044604925E-16));
#1842 = DIRECTION('',(1.,0.,0.));
#1843 = DEFINITIONAL_REPRESENTATION('',(#1844),#1848);
#1844 = LINE('',#1845,#1846);
#1845 = CARTESIAN_POINT('',(-0.,-0.666666666667));
#1846 = VECTOR('',#1847,1.);
#1847 = DIRECTION('',(-1.,0.));
#1848 = ( GEOMETRIC_REPRESENTATION_CONTEXT(2) 
PARAMETRIC_REPRESENTATION_CONTEXT() REPRESENTATION_CONTEXT('2D SPACE',''
  ) );
#1849 = ADVANCED_FACE('',(#1850),#354,.F.);
#1850 = FACE_BOUND('',#1851,.F.);
#1851 = EDGE_LOOP('',(#1852,#1875,#1903,#1931,#1959,#1980,#1981));
#1852 = ORIENTED_EDGE('',*,*,#1853,.F.);
#1853 = EDGE_CURVE('',#1854,#339,#1856,.T.);
#1854 = VERTEX_POINT('',#1855);
#1855 = CARTESIAN_POINT('',(11.7,-10.7,116.7));
#1856 = SURFACE_CURVE('',#1857,(#1861,#1868),.PCURVE_S1.);
#1857 = LINE('',#1858,#1859);
#1858 = CARTESIAN_POINT('',(11.7,-10.7,116.7));
#1859 = VECTOR('',#1860,1.);
#1860 = DIRECTION('',(0.,1.,0.));
#1861 = PCURVE('',#354,#1862);
#1862 = DEFINITIONAL_REPRESENTATION('',(#1863),#1867);
#1863 = LINE('',#1864,#1865);
#1864 = CARTESIAN_POINT('',(-1.910195730219,-5.183490501362));
#1865 = VECTOR('',#1866,1.);
#1866 = DIRECTION('',(-2.367394808442E-31,1.));
#1867 = ( GEOMETRIC_REPRESENTATION_CONTEXT(2) 
PARAMETRIC_REPRESENTATION_CONTEXT() REPRESENTATION_CONTEXT('2D SPACE',''
  ) );
#1868 = PCURVE('',#859,#1869);
#1869 = DEFINITIONAL_REPRESENTATION('',(#1870),#1874);
#1870 = LINE('',#1871,#1872);
#1871 = CARTESIAN_POINT('',(5.35,-55.2));
#1872 = VECTOR('',#1873,1.);
#1873 = DIRECTION('',(-1.,2.22044604925E-16));
#1874 = ( GEOMETRIC_REPRESENTATION_CONTEXT(2) 
PARAMETRIC_REPRESENTATION_CONTEXT() REPRESENTATION_CONTEXT('2D SPACE',''
  ) );
#1875 = ORIENTED_EDGE('',*,*,#1876,.T.);
#1876 = EDGE_CURVE('',#1854,#1877,#1879,.T.);
#1877 = VERTEX_POINT('',#1878);
#1878 = CARTESIAN_POINT('',(13.2,-11.7,116.7));
#1879 = SURFACE_CURVE('',#1880,(#1884,#1891),.PCURVE_S1.);
#1880 = LINE('',#1881,#1882);
#1881 = CARTESIAN_POINT('',(11.7,-10.7,116.7));
#1882 = VECTOR('',#1883,1.);
#1883 = DIRECTION('',(0.832050294337,-0.554700196226,0.));
#1884 = PCURVE('',#354,#1885);
#1885 = DEFINITIONAL_REPRESENTATION('',(#1886),#1890);
#1886 = LINE('',#1887,#1888);
#1887 = CARTESIAN_POINT('',(-1.910195730219,-5.183490501362));
#1888 = VECTOR('',#1889,1.);
#1889 = DIRECTION('',(-0.832050294337,-0.554700196226));
#1890 = ( GEOMETRIC_REPRESENTATION_CONTEXT(2) 
PARAMETRIC_REPRESENTATION_CONTEXT() REPRESENTATION_CONTEXT('2D SPACE',''
  ) );
#1891 = PCURVE('',#1892,#1897);
#1892 = PLANE('',#1893);
#1893 = AXIS2_PLACEMENT_3D('',#1894,#1895,#1896);
#1894 = CARTESIAN_POINT('',(11.7,-10.7,116.7));
#1895 = DIRECTION('',(0.554700196226,0.832050294337,-1.847522788839E-16)
  );
#1896 = DIRECTION('',(0.832050294337,-0.554700196226,0.));
#1897 = DEFINITIONAL_REPRESENTATION('',(#1898),#1902);
#1898 = LINE('',#1899,#1900);
#1899 = CARTESIAN_POINT('',(0.,-0.));
#1900 = VECTOR('',#1901,1.);
#1901 = DIRECTION('',(1.,-1.232595164408E-32));
#1902 = ( GEOMETRIC_REPRESENTATION_CONTEXT(2) 
PARAMETRIC_REPRESENTATION_CONTEXT() REPRESENTATION_CONTEXT('2D SPACE',''
  ) );
#1903 = ORIENTED_EDGE('',*,*,#1904,.T.);
#1904 = EDGE_CURVE('',#1877,#1905,#1907,.T.);
#1905 = VERTEX_POINT('',#1906);
#1906 = CARTESIAN_POINT('',(11.7,-12.7,116.7));
#1907 = SURFACE_CURVE('',#1908,(#1912,#1919),.PCURVE_S1.);
#1908 = LINE('',#1909,#1910);
#1909 = CARTESIAN_POINT('',(13.2,-11.7,116.7));
#1910 = VECTOR('',#1911,1.);
#1911 = DIRECTION('',(-0.832050294339,-0.554700196224,0.));
#1912 = PCURVE('',#354,#1913);
#1913 = DEFINITIONAL_REPRESENTATION('',(#1914),#1918);
#1914 = LINE('',#1915,#1916);
#1915 = CARTESIAN_POINT('',(-3.410195730219,-6.183490501365));
#1916 = VECTOR('',#1917,1.);
#1917 = DIRECTION('',(0.832050294339,-0.554700196224));
#1918 = ( GEOMETRIC_REPRESENTATION_CONTEXT(2) 
PARAMETRIC_REPRESENTATION_CONTEXT() REPRESENTATION_CONTEXT('2D SPACE',''
  ) );
#1919 = PCURVE('',#1920,#1925);
#1920 = PLANE('',#1921);
#1921 = AXIS2_PLACEMENT_3D('',#1922,#1923,#1924);
#1922 = CARTESIAN_POINT('',(13.2,-11.7,116.7));
#1923 = DIRECTION('',(0.554700196224,-0.832050294339,1.847522788842E-16)
  );
#1924 = DIRECTION('',(-0.832050294339,-0.554700196224,2.465190328816E-32
    ));
#1925 = DEFINITIONAL_REPRESENTATION('',(#1926),#1930);
#1926 = LINE('',#1927,#1928);
#1927 = CARTESIAN_POINT('',(0.,0.));
#1928 = VECTOR('',#1929,1.);
#1929 = DIRECTION('',(1.,3.697785493223E-32));
#1930 = ( GEOMETRIC_REPRESENTATION_CONTEXT(2) 
PARAMETRIC_REPRESENTATION_CONTEXT() REPRESENTATION_CONTEXT('2D SPACE',''
  ) );
#1931 = ORIENTED_EDGE('',*,*,#1932,.T.);
#1932 = EDGE_CURVE('',#1905,#1933,#1935,.T.);
#1933 = VERTEX_POINT('',#1934);
#1934 = CARTESIAN_POINT('',(9.7,-12.7,116.7));
#1935 = SURFACE_CURVE('',#1936,(#1940,#1947),.PCURVE_S1.);
#1936 = LINE('',#1937,#1938);
#1937 = CARTESIAN_POINT('',(11.7,-12.7,116.7));
#1938 = VECTOR('',#1939,1.);
#1939 = DIRECTION('',(-1.,0.,0.));
#1940 = PCURVE('',#354,#1941);
#1941 = DEFINITIONAL_REPRESENTATION('',(#1942),#1946);
#1942 = LINE('',#1943,#1944);
#1943 = CARTESIAN_POINT('',(-1.910195730219,-7.183490501362));
#1944 = VECTOR('',#1945,1.);
#1945 = DIRECTION('',(1.,0.));
#1946 = ( GEOMETRIC_REPRESENTATION_CONTEXT(2) 
PARAMETRIC_REPRESENTATION_CONTEXT() REPRESENTATION_CONTEXT('2D SPACE',''
  ) );
#1947 = PCURVE('',#1948,#1953);
#1948 = PLANE('',#1949);
#1949 = AXIS2_PLACEMENT_3D('',#1950,#1951,#1952);
#1950 = CARTESIAN_POINT('',(11.7,-12.7,116.7));
#1951 = DIRECTION('',(0.,-1.,2.22044604925E-16));
#1952 = DIRECTION('',(-1.,0.,0.));
#1953 = DEFINITIONAL_REPRESENTATION('',(#1954),#1958);
#1954 = LINE('',#1955,#1956);
#1955 = CARTESIAN_POINT('',(0.,0.));
#1956 = VECTOR('',#1957,1.);
#1957 = DIRECTION('',(1.,-0.));
#1958 = ( GEOMETRIC_REPRESENTATION_CONTEXT(2) 
PARAMETRIC_REPRESENTATION_CONTEXT() REPRESENTATION_CONTEXT('2D SPACE',''
  ) );
#1959 = ORIENTED_EDGE('',*,*,#1960,.T.);
#1960 = EDGE_CURVE('',#1933,#1378,#1961,.T.);
#1961 = SURFACE_CURVE('',#1962,(#1966,#1973),.PCURVE_S1.);
#1962 = LINE('',#1963,#1964);
#1963 = CARTESIAN_POINT('',(9.7,-12.7,116.7));
#1964 = VECTOR('',#1965,1.);
#1965 = DIRECTION('',(-8.715574274744E-02,0.996194698092,0.));
#1966 = PCURVE('',#354,#1967);
#1967 = DEFINITIONAL_REPRESENTATION('',(#1968),#1972);
#1968 = LINE('',#1969,#1970);
#1969 = CARTESIAN_POINT('',(8.980426978072E-02,-7.183490501362));
#1970 = VECTOR('',#1971,1.);
#1971 = DIRECTION('',(8.715574274744E-02,0.996194698092));
#1972 = ( GEOMETRIC_REPRESENTATION_CONTEXT(2) 
PARAMETRIC_REPRESENTATION_CONTEXT() REPRESENTATION_CONTEXT('2D SPACE',''
  ) );
#1973 = PCURVE('',#1417,#1974);
#1974 = DEFINITIONAL_REPRESENTATION('',(#1975),#1979);
#1975 = LINE('',#1976,#1977);
#1976 = CARTESIAN_POINT('',(0.,-0.));
#1977 = VECTOR('',#1978,1.);
#1978 = DIRECTION('',(1.,-5.46964104206E-32));
#1979 = ( GEOMETRIC_REPRESENTATION_CONTEXT(2) 
PARAMETRIC_REPRESENTATION_CONTEXT() REPRESENTATION_CONTEXT('2D SPACE',''
  ) );
#1980 = ORIENTED_EDGE('',*,*,#1377,.F.);
#1981 = ORIENTED_EDGE('',*,*,#338,.T.);
#1982 = ADVANCED_FACE('',(#1983),#495,.T.);
#1983 = FACE_BOUND('',#1984,.F.);
#1984 = EDGE_LOOP('',(#1985,#1986,#2014,#2036));
#1985 = ORIENTED_EDGE('',*,*,#1799,.T.);
#1986 = ORIENTED_EDGE('',*,*,#1987,.T.);
#1987 = EDGE_CURVE('',#1800,#1988,#1990,.T.);
#1988 = VERTEX_POINT('',#1989);
#1989 = CARTESIAN_POINT('',(-3.,-0.666666666667,75.));
#1990 = SURFACE_CURVE('',#1991,(#1995,#2002),.PCURVE_S1.);
#1991 = LINE('',#1992,#1993);
#1992 = CARTESIAN_POINT('',(3.,-0.666666666667,75.));
#1993 = VECTOR('',#1994,1.);
#1994 = DIRECTION('',(-1.,0.,0.));
#1995 = PCURVE('',#495,#1996);
#1996 = DEFINITIONAL_REPRESENTATION('',(#1997),#2001);
#1997 = LINE('',#1998,#1999);
#1998 = CARTESIAN_POINT('',(-1.570796326795,0.));
#1999 = VECTOR('',#2000,1.);
#2000 = DIRECTION('',(-0.,1.));
#2001 = ( GEOMETRIC_REPRESENTATION_CONTEXT(2) 
PARAMETRIC_REPRESENTATION_CONTEXT() REPRESENTATION_CONTEXT('2D SPACE',''
  ) );
#2002 = PCURVE('',#2003,#2008);
#2003 = PLANE('',#2004);
#2004 = AXIS2_PLACEMENT_3D('',#2005,#2006,#2007);
#2005 = CARTESIAN_POINT('',(-3.,1.665334536938E-14,75.));
#2006 = DIRECTION('',(0.,2.22044604925E-16,1.));
#2007 = DIRECTION('',(1.,0.,0.));
#2008 = DEFINITIONAL_REPRESENTATION('',(#2009),#2013);
#2009 = LINE('',#2010,#2011);
#2010 = CARTESIAN_POINT('',(6.,-0.666666666667));
#2011 = VECTOR('',#2012,1.);
#2012 = DIRECTION('',(-1.,0.));
#2013 = ( GEOMETRIC_REPRESENTATION_CONTEXT(2) 
PARAMETRIC_REPRESENTATION_CONTEXT() REPRESENTATION_CONTEXT('2D SPACE',''
  ) );
#2014 = ORIENTED_EDGE('',*,*,#2015,.F.);
#2015 = EDGE_CURVE('',#451,#1988,#2016,.T.);
#2016 = SURFACE_CURVE('',#2017,(#2022,#2029),.PCURVE_S1.);
#2017 = CIRCLE('',#2018,0.333333333333);
#2018 = AXIS2_PLACEMENT_3D('',#2019,#2020,#2021);
#2019 = CARTESIAN_POINT('',(-3.,-0.666666666667,75.333333333333));
#2020 = DIRECTION('',(1.,0.,0.));
#2021 = DIRECTION('',(0.,-1.,2.22446550595E-16));
#2022 = PCURVE('',#495,#2023);
#2023 = DEFINITIONAL_REPRESENTATION('',(#2024),#2028);
#2024 = LINE('',#2025,#2026);
#2025 = CARTESIAN_POINT('',(-0.,6.));
#2026 = VECTOR('',#2027,1.);
#2027 = DIRECTION('',(-1.,0.));
#2028 = ( GEOMETRIC_REPRESENTATION_CONTEXT(2) 
PARAMETRIC_REPRESENTATION_CONTEXT() REPRESENTATION_CONTEXT('2D SPACE',''
  ) );
#2029 = PCURVE('',#467,#2030);
#2030 = DEFINITIONAL_REPRESENTATION('',(#2031),#2035);
#2031 = LINE('',#2032,#2033);
#2032 = CARTESIAN_POINT('',(0.,1.570796326795));
#2033 = VECTOR('',#2034,1.);
#2034 = DIRECTION('',(0.,1.));
#2035 = ( GEOMETRIC_REPRESENTATION_CONTEXT(2) 
PARAMETRIC_REPRESENTATION_CONTEXT() REPRESENTATION_CONTEXT('2D SPACE',''
  ) );
#2036 = ORIENTED_EDGE('',*,*,#479,.F.);
#2037 = ADVANCED_FACE('',(#2038),#467,.T.);
#2038 = FACE_BOUND('',#2039,.T.);
#2039 = EDGE_LOOP('',(#2040,#2041,#2042,#2098));
#2040 = ORIENTED_EDGE('',*,*,#2015,.F.);
#2041 = ORIENTED_EDGE('',*,*,#450,.T.);
#2042 = ORIENTED_EDGE('',*,*,#2043,.T.);
#2043 = EDGE_CURVE('',#423,#2044,#2046,.T.);
#2044 = VERTEX_POINT('',#2045);
#2045 = CARTESIAN_POINT('',(-4.723763949153,-0.666666666667,
    74.014217850168));
#2046 = SURFACE_CURVE('',#2047,(#2052,#2059),.PCURVE_S1.);
#2047 = CIRCLE('',#2048,0.333333333333);
#2048 = AXIS2_PLACEMENT_3D('',#2049,#2050,#2051);
#2049 = CARTESIAN_POINT('',(-5.011057940679,-0.666666666667,
    74.183254158529));
#2050 = DIRECTION('',(0.507108925084,1.917226722645E-16,0.861881974577)
  );
#2051 = DIRECTION('',(-0.861881974577,1.128046311609E-16,0.507108925084)
  );
#2052 = PCURVE('',#467,#2053);
#2053 = DEFINITIONAL_REPRESENTATION('',(#2054),#2058);
#2054 = LINE('',#2055,#2056);
#2055 = CARTESIAN_POINT('',(1.038969234027,0.));
#2056 = VECTOR('',#2057,1.);
#2057 = DIRECTION('',(0.,1.));
#2058 = ( GEOMETRIC_REPRESENTATION_CONTEXT(2) 
PARAMETRIC_REPRESENTATION_CONTEXT() REPRESENTATION_CONTEXT('2D SPACE',''
  ) );
#2059 = PCURVE('',#2060,#2085);
#2060 = ( BOUNDED_SURFACE() B_SPLINE_SURFACE(2,7,(
    (#2061,#2062,#2063,#2064,#2065,#2066,#2067,#2068)
    ,(#2069,#2070,#2071,#2072,#2073,#2074,#2075,#2076)
    ,(#2077,#2078,#2079,#2080,#2081,#2082,#2083,#2084
)),.UNSPECIFIED.,.F.,.F.,.F.) B_SPLINE_SURFACE_WITH_KNOTS((3,3),(8,8),(
    0.,1.063654178775),(41.361123775233,42.424777954008),
.PIECEWISE_BEZIER_KNOTS.) GEOMETRIC_REPRESENTATION_ITEM() 
RATIONAL_B_SPLINE_SURFACE((
    (1.,1.,1.,1.,1.,1.,1.,1.)
    ,(0.707106781187,0.713556017117,0.719558532023,0.724753157076
      ,0.728702843858,0.731725823643,0.732900190733,0.732905693329)
,(1.,1.,1.,1.,1.,1.,1.,1.))) REPRESENTATION_ITEM('') SURFACE() );
#2061 = CARTESIAN_POINT('',(-5.011057940679,-1.,74.183254158529));
#2062 = CARTESIAN_POINT('',(-5.095715443109,-1.,74.02738000725));
#2063 = CARTESIAN_POINT('',(-5.166594701227,-1.00208941017,
    73.864501385561));
#2064 = CARTESIAN_POINT('',(-5.223428246211,-1.00505601954,
    73.697371523212));
#2065 = CARTESIAN_POINT('',(-5.26557097405,-1.007862589947,
    73.523076831923));
#2066 = CARTESIAN_POINT('',(-5.295281645334,-1.010090545818,
    73.355084857684));
#2067 = CARTESIAN_POINT('',(-5.308381532322,-1.011065470232,
    73.16298848792));
#2068 = CARTESIAN_POINT('',(-5.308411859159,-1.011067730938,
    73.009757159182));
#2069 = CARTESIAN_POINT('',(-4.723763949153,-1.,74.014217850168));
#2070 = CARTESIAN_POINT('',(-4.800123012758,-0.993974557684,
    73.884438039045));
#2071 = CARTESIAN_POINT('',(-4.865402425295,-0.990579791447,
    73.747388457092));
#2072 = CARTESIAN_POINT('',(-4.918817712861,-0.988963230349,
    73.603994808982));
#2073 = CARTESIAN_POINT('',(-4.959341962144,-0.988399721129,
    73.455740859074));
#2074 = CARTESIAN_POINT('',(-4.986469272305,-0.988090527878,
    73.304675124266));
#2075 = CARTESIAN_POINT('',(-5.,-0.988079606939,73.15210382548));
#2076 = CARTESIAN_POINT('',(-5.,-0.988077249115,73.));
#2077 = CARTESIAN_POINT('',(-4.723763949153,-0.666666666667,
    74.014217850168));
#2078 = CARTESIAN_POINT('',(-4.800819452998,-0.666666666667,
    73.883254369699));
#2079 = CARTESIAN_POINT('',(-4.866258943077,-0.668885061008,
    73.745459321178));
#2080 = CARTESIAN_POINT('',(-4.91939985183,-0.672086456845,
    73.602114081035));
#2081 = CARTESIAN_POINT('',(-4.959584289514,-0.675142604184,
    73.454253195913));
#2082 = CARTESIAN_POINT('',(-4.986490073079,-0.677592921342,
    73.304163965709));
#2083 = CARTESIAN_POINT('',(-5.,-0.678653128785,73.152102683497));
#2084 = CARTESIAN_POINT('',(-5.,-0.678655790131,73.));
#2085 = DEFINITIONAL_REPRESENTATION('',(#2086),#2097);
#2086 = B_SPLINE_CURVE_WITH_KNOTS('',9,(#2087,#2088,#2089,#2090,#2091,
    #2092,#2093,#2094,#2095,#2096),.UNSPECIFIED.,.F.,.F.,(10,10),(
    1.570796326795,3.14159265359),.PIECEWISE_BEZIER_KNOTS.);
#2087 = CARTESIAN_POINT('',(1.110223024625E-16,41.361123775233));
#2088 = CARTESIAN_POINT('',(0.131269194527,41.361123775233));
#2089 = CARTESIAN_POINT('',(0.251862284148,41.361123775233));
#2090 = CARTESIAN_POINT('',(0.36615881948,41.361123775233));
#2091 = CARTESIAN_POINT('',(0.476966077663,41.361123775232));
#2092 = CARTESIAN_POINT('',(0.586688101112,41.361123775234));
#2093 = CARTESIAN_POINT('',(0.697495359295,41.361123775232));
#2094 = CARTESIAN_POINT('',(0.811791894627,41.361123775233));
#2095 = CARTESIAN_POINT('',(0.932384984248,41.361123775233));
#2096 = CARTESIAN_POINT('',(1.063654178775,41.361123775233));
#2097 = ( GEOMETRIC_REPRESENTATION_CONTEXT(2) 
PARAMETRIC_REPRESENTATION_CONTEXT() REPRESENTATION_CONTEXT('2D SPACE',''
  ) );
#2098 = ORIENTED_EDGE('',*,*,#2099,.F.);
#2099 = EDGE_CURVE('',#1988,#2044,#2100,.T.);
#2100 = SURFACE_CURVE('',#2101,(#2106,#2113),.PCURVE_S1.);
#2101 = CIRCLE('',#2102,2.);
#2102 = AXIS2_PLACEMENT_3D('',#2103,#2104,#2105);
#2103 = CARTESIAN_POINT('',(-3.,-0.666666666667,73.));
#2104 = DIRECTION('',(-2.189528850508E-47,-1.,2.22446550595E-16));
#2105 = DIRECTION('',(6.661338147751E-16,2.22446550595E-16,1.));
#2106 = PCURVE('',#467,#2107);
#2107 = DEFINITIONAL_REPRESENTATION('',(#2108),#2112);
#2108 = LINE('',#2109,#2110);
#2109 = CARTESIAN_POINT('',(0.,3.14159265359));
#2110 = VECTOR('',#2111,1.);
#2111 = DIRECTION('',(1.,0.));
#2112 = ( GEOMETRIC_REPRESENTATION_CONTEXT(2) 
PARAMETRIC_REPRESENTATION_CONTEXT() REPRESENTATION_CONTEXT('2D SPACE',''
  ) );
#2113 = PCURVE('',#2114,#2119);
#2114 = CYLINDRICAL_SURFACE('',#2115,2.);
#2115 = AXIS2_PLACEMENT_3D('',#2116,#2117,#2118);
#2116 = CARTESIAN_POINT('',(-3.,1.620925615953E-14,73.));
#2117 = DIRECTION('',(0.,1.,-2.22044604925E-16));
#2118 = DIRECTION('',(1.,0.,0.));
#2119 = DEFINITIONAL_REPRESENTATION('',(#2120),#2124);
#2120 = LINE('',#2121,#2122);
#2121 = CARTESIAN_POINT('',(-1.570796326795,-0.666666666667));
#2122 = VECTOR('',#2123,1.);
#2123 = DIRECTION('',(-1.,0.));
#2124 = ( GEOMETRIC_REPRESENTATION_CONTEXT(2) 
PARAMETRIC_REPRESENTATION_CONTEXT() REPRESENTATION_CONTEXT('2D SPACE',''
  ) );
#2125 = ADVANCED_FACE('',(#2126),#438,.F.);
#2126 = FACE_BOUND('',#2127,.T.);
#2127 = EDGE_LOOP('',(#2128,#2161,#2162,#2190,#2218,#2274,#2330,#2358,
    #2386,#2409,#2467));
#2128 = ORIENTED_EDGE('',*,*,#2129,.F.);
#2129 = EDGE_CURVE('',#423,#2130,#2132,.T.);
#2130 = VERTEX_POINT('',#2131);
#2131 = CARTESIAN_POINT('',(-5.308411859159,-1.011067730938,
    73.009757159182));
#2132 = SURFACE_CURVE('',#2133,(#2142,#2154),.PCURVE_S1.);
#2133 = ( BOUNDED_CURVE() B_SPLINE_CURVE(7,(#2134,#2135,#2136,#2137,
    #2138,#2139,#2140,#2141),.UNSPECIFIED.,.F.,.F.) 
B_SPLINE_CURVE_WITH_KNOTS((8,8),(41.361123775233,42.424777954008),
.PIECEWISE_BEZIER_KNOTS.) CURVE() GEOMETRIC_REPRESENTATION_ITEM() 
RATIONAL_B_SPLINE_CURVE((1.,1.,1.,1.,1.,1.,1.,1.)) REPRESENTATION_ITEM(
  '') );
#2134 = CARTESIAN_POINT('',(-5.011057940679,-1.,74.183254158529));
#2135 = CARTESIAN_POINT('',(-5.095715443109,-1.,74.02738000725));
#2136 = CARTESIAN_POINT('',(-5.166594701227,-1.00208941017,
    73.864501385561));
#2137 = CARTESIAN_POINT('',(-5.223428246211,-1.00505601954,
    73.697371523212));
#2138 = CARTESIAN_POINT('',(-5.26557097405,-1.007862589947,
    73.523076831923));
#2139 = CARTESIAN_POINT('',(-5.295281645334,-1.010090545818,
    73.355084857684));
#2140 = CARTESIAN_POINT('',(-5.308381532322,-1.011065470232,
    73.16298848792));
#2141 = CARTESIAN_POINT('',(-5.308411859159,-1.011067730938,
    73.009757159182));
#2142 = PCURVE('',#438,#2143);
#2143 = DEFINITIONAL_REPRESENTATION('',(#2144),#2153);
#2144 = B_SPLINE_CURVE_WITH_KNOTS('',7,(#2145,#2146,#2147,#2148,#2149,
    #2150,#2151,#2152),.UNSPECIFIED.,.F.,.F.,(8,8),(41.361123775233,
    42.424777954008),.PIECEWISE_BEZIER_KNOTS.);
#2145 = CARTESIAN_POINT('',(-4.712388980385,42.516745841471));
#2146 = CARTESIAN_POINT('',(-4.733553355992,42.67261999275));
#2147 = CARTESIAN_POINT('',(-4.751273142188,42.835498614438));
#2148 = CARTESIAN_POINT('',(-4.765497215951,43.002628476789));
#2149 = CARTESIAN_POINT('',(-4.776055975945,43.176923168076));
#2150 = CARTESIAN_POINT('',(-4.783504459128,43.344915142316));
#2151 = CARTESIAN_POINT('',(-4.786788496424,43.53701151208));
#2152 = CARTESIAN_POINT('',(-4.78679609917,43.690242840818));
#2153 = ( GEOMETRIC_REPRESENTATION_CONTEXT(2) 
PARAMETRIC_REPRESENTATION_CONTEXT() REPRESENTATION_CONTEXT('2D SPACE',''
  ) );
#2154 = PCURVE('',#2060,#2155);
#2155 = DEFINITIONAL_REPRESENTATION('',(#2156),#2160);
#2156 = LINE('',#2157,#2158);
#2157 = CARTESIAN_POINT('',(0.,0.));
#2158 = VECTOR('',#2159,1.);
#2159 = DIRECTION('',(0.,1.));
#2160 = ( GEOMETRIC_REPRESENTATION_CONTEXT(2) 
PARAMETRIC_REPRESENTATION_CONTEXT() REPRESENTATION_CONTEXT('2D SPACE',''
  ) );
#2161 = ORIENTED_EDGE('',*,*,#422,.F.);
#2162 = ORIENTED_EDGE('',*,*,#2163,.T.);
#2163 = EDGE_CURVE('',#395,#2164,#2166,.T.);
#2164 = VERTEX_POINT('',#2165);
#2165 = CARTESIAN_POINT('',(-8.995836733046,-4.651377029009,116.7));
#2166 = SURFACE_CURVE('',#2167,(#2172,#2179),.PCURVE_S1.);
#2167 = CIRCLE('',#2168,4.);
#2168 = AXIS2_PLACEMENT_3D('',#2169,#2170,#2171);
#2169 = CARTESIAN_POINT('',(-5.011057940679,-5.,116.7));
#2170 = DIRECTION('',(0.,2.22044604925E-16,1.));
#2171 = DIRECTION('',(-1.,0.,0.));
#2172 = PCURVE('',#438,#2173);
#2173 = DEFINITIONAL_REPRESENTATION('',(#2174),#2178);
#2174 = LINE('',#2175,#2176);
#2175 = CARTESIAN_POINT('',(-0.,0.));
#2176 = VECTOR('',#2177,1.);
#2177 = DIRECTION('',(-1.,0.));
#2178 = ( GEOMETRIC_REPRESENTATION_CONTEXT(2) 
PARAMETRIC_REPRESENTATION_CONTEXT() REPRESENTATION_CONTEXT('2D SPACE',''
  ) );
#2179 = PCURVE('',#410,#2180);
#2180 = DEFINITIONAL_REPRESENTATION('',(#2181),#2189);
#2181 = ( BOUNDED_CURVE() B_SPLINE_CURVE(2,(#2182,#2183,#2184,#2185,
#2186,#2187,#2188),.UNSPECIFIED.,.T.,.F.) B_SPLINE_CURVE_WITH_KNOTS((1,2
    ,2,2,2,1),(-2.094395102393,0.,2.094395102393,4.188790204786,
6.28318530718,8.377580409573),.UNSPECIFIED.) CURVE() 
GEOMETRIC_REPRESENTATION_ITEM() RATIONAL_B_SPLINE_CURVE((1.,0.5,1.,0.5,
1.,0.5,1.)) REPRESENTATION_ITEM('') );
#2182 = CARTESIAN_POINT('',(-0.778746329102,0.516509498638));
#2183 = CARTESIAN_POINT('',(-0.778746329102,-6.411693731638));
#2184 = CARTESIAN_POINT('',(-6.778746329102,-2.9475921165));
#2185 = CARTESIAN_POINT('',(-12.7787463291,0.516509498638));
#2186 = CARTESIAN_POINT('',(-6.778746329102,3.980611113775));
#2187 = CARTESIAN_POINT('',(-0.778746329102,7.444712728913));
#2188 = CARTESIAN_POINT('',(-0.778746329102,0.516509498638));
#2189 = ( GEOMETRIC_REPRESENTATION_CONTEXT(2) 
PARAMETRIC_REPRESENTATION_CONTEXT() REPRESENTATION_CONTEXT('2D SPACE',''
  ) );
#2190 = ORIENTED_EDGE('',*,*,#2191,.T.);
#2191 = EDGE_CURVE('',#2164,#2192,#2194,.T.);
#2192 = VERTEX_POINT('',#2193);
#2193 = CARTESIAN_POINT('',(-8.995836733046,-4.651377029009,
    60.844494065977));
#2194 = SURFACE_CURVE('',#2195,(#2199,#2206),.PCURVE_S1.);
#2195 = LINE('',#2196,#2197);
#2196 = CARTESIAN_POINT('',(-8.995836733046,-4.651377029009,116.7));
#2197 = VECTOR('',#2198,1.);
#2198 = DIRECTION('',(1.927882050295E-17,-1.686678240155E-18,-1.));
#2199 = PCURVE('',#438,#2200);
#2200 = DEFINITIONAL_REPRESENTATION('',(#2201),#2205);
#2201 = LINE('',#2202,#2203);
#2202 = CARTESIAN_POINT('',(-6.19591884458,0.));
#2203 = VECTOR('',#2204,1.);
#2204 = DIRECTION('',(-0.,1.));
#2205 = ( GEOMETRIC_REPRESENTATION_CONTEXT(2) 
PARAMETRIC_REPRESENTATION_CONTEXT() REPRESENTATION_CONTEXT('2D SPACE',''
  ) );
#2206 = PCURVE('',#2207,#2212);
#2207 = PLANE('',#2208);
#2208 = AXIS2_PLACEMENT_3D('',#2209,#2210,#2211);
#2209 = CARTESIAN_POINT('',(-9.7,-12.7,116.7));
#2210 = DIRECTION('',(0.996194698092,-8.715574274744E-02,
    1.93524624653E-17));
#2211 = DIRECTION('',(-8.715574274744E-02,-0.996194698092,
    2.465190328816E-32));
#2212 = DEFINITIONAL_REPRESENTATION('',(#2213),#2217);
#2213 = LINE('',#2214,#2215);
#2214 = CARTESIAN_POINT('',(-8.079367403187,-4.421935152313E-31));
#2215 = VECTOR('',#2216,1.);
#2216 = DIRECTION('',(3.023710012688E-32,1.));
#2217 = ( GEOMETRIC_REPRESENTATION_CONTEXT(2) 
PARAMETRIC_REPRESENTATION_CONTEXT() REPRESENTATION_CONTEXT('2D SPACE',''
  ) );
#2218 = ORIENTED_EDGE('',*,*,#2219,.F.);
#2219 = EDGE_CURVE('',#2220,#2192,#2222,.T.);
#2220 = VERTEX_POINT('',#2221);
#2221 = CARTESIAN_POINT('',(-8.884041286886,-4.,59.3676));
#2222 = SURFACE_CURVE('',#2223,(#2238,#2256),.PCURVE_S1.);
#2223 = B_SPLINE_CURVE_WITH_KNOTS('',7,(#2224,#2225,#2226,#2227,#2228,
    #2229,#2230,#2231,#2232,#2233,#2234,#2235,#2236,#2237),
  .UNSPECIFIED.,.F.,.F.,(8,6,8),(0.,0.798945307517,1.),.UNSPECIFIED.);
#2224 = CARTESIAN_POINT('',(-8.884041286886,-4.,59.3676));
#2225 = CARTESIAN_POINT('',(-8.884041286886,-4.,59.549636674729));
#2226 = CARTESIAN_POINT('',(-8.889032346587,-4.019329926729,
    59.731442941249));
#2227 = CARTESIAN_POINT('',(-8.898991395196,-4.057903126305,
    59.911656192783));
#2228 = CARTESIAN_POINT('',(-8.913328398372,-4.115935406913,
    60.088846953798));
#2229 = CARTESIAN_POINT('',(-8.930871811298,-4.193874606287,
    60.261358858173));
#2230 = CARTESIAN_POINT('',(-8.949817872263,-4.292328624326,
    60.42712319738));
#2231 = CARTESIAN_POINT('',(-8.97207291776,-4.442069227745,
    60.622711331009));
#2232 = CARTESIAN_POINT('',(-8.97647468781,-4.473524200213,
    60.661443595374));
#2233 = CARTESIAN_POINT('',(-8.980762635101,-4.506338803183,
    60.69953809125));
#2234 = CARTESIAN_POINT('',(-8.984892298608,-4.540522869343,
    60.736945214758));
#2235 = CARTESIAN_POINT('',(-8.988815867764,-4.576085355058,
    60.773611878932));
#2236 = CARTESIAN_POINT('',(-8.992482182461,-4.613034340372,
    60.809481513718));
#2237 = CARTESIAN_POINT('',(-8.995836733046,-4.651377029009,
    60.844494065976));
#2238 = PCURVE('',#438,#2239);
#2239 = DEFINITIONAL_REPRESENTATION('',(#2240),#2255);
#2240 = B_SPLINE_CURVE_WITH_KNOTS('',7,(#2241,#2242,#2243,#2244,#2245,
    #2246,#2247,#2248,#2249,#2250,#2251,#2252,#2253,#2254),
  .UNSPECIFIED.,.F.,.F.,(8,6,8),(0.,0.798945307517,1.),.UNSPECIFIED.);
#2241 = CARTESIAN_POINT('',(-6.030505052038,57.3324));
#2242 = CARTESIAN_POINT('',(-6.030505052038,57.150363325271));
#2243 = CARTESIAN_POINT('',(-6.03549601096,56.968557058751));
#2244 = CARTESIAN_POINT('',(-6.045455603301,56.788343807217));
#2245 = CARTESIAN_POINT('',(-6.060398861209,56.611153046202));
#2246 = CARTESIAN_POINT('',(-6.080361795982,56.438641141827));
#2247 = CARTESIAN_POINT('',(-6.105404203322,56.27287680262));
#2248 = CARTESIAN_POINT('',(-6.143250550044,56.077288668991));
#2249 = CARTESIAN_POINT('',(-6.151190667356,56.038556404626));
#2250 = CARTESIAN_POINT('',(-6.159463484264,56.00046190875));
#2251 = CARTESIAN_POINT('',(-6.168070818339,55.963054785242));
#2252 = CARTESIAN_POINT('',(-6.17701453684,55.926388121068));
#2253 = CARTESIAN_POINT('',(-6.18629655671,55.890518486282));
#2254 = CARTESIAN_POINT('',(-6.19591884458,55.855505934024));
#2255 = ( GEOMETRIC_REPRESENTATION_CONTEXT(2) 
PARAMETRIC_REPRESENTATION_CONTEXT() REPRESENTATION_CONTEXT('2D SPACE',''
  ) );
#2256 = PCURVE('',#694,#2257);
#2257 = DEFINITIONAL_REPRESENTATION('',(#2258),#2273);
#2258 = B_SPLINE_CURVE_WITH_KNOTS('',7,(#2259,#2260,#2261,#2262,#2263,
    #2264,#2265,#2266,#2267,#2268,#2269,#2270,#2271,#2272),
  .UNSPECIFIED.,.F.,.F.,(8,6,8),(0.,0.798945307517,1.),.UNSPECIFIED.);
#2259 = CARTESIAN_POINT('',(6.28318530718,-128.2949781773));
#2260 = CARTESIAN_POINT('',(6.374203644544,-128.2949781773));
#2261 = CARTESIAN_POINT('',(6.465106715253,-128.299969237));
#2262 = CARTESIAN_POINT('',(6.556445210346,-128.3099282857));
#2263 = CARTESIAN_POINT('',(6.648720712279,-128.3242652888));
#2264 = CARTESIAN_POINT('',(6.742454813403,-128.3418087018));
#2265 = CARTESIAN_POINT('',(6.838189618065,-128.3607547627));
#2266 = CARTESIAN_POINT('',(6.961353093098,-128.3830098082));
#2267 = CARTESIAN_POINT('',(6.986290928412,-128.3874115783));
#2268 = CARTESIAN_POINT('',(7.011413442016,-128.3916995256));
#2269 = CARTESIAN_POINT('',(7.036730376629,-128.3958291891));
#2270 = CARTESIAN_POINT('',(7.062251780113,-128.3997527582));
#2271 = CARTESIAN_POINT('',(7.087988005475,-128.4034190729));
#2272 = CARTESIAN_POINT('',(7.113949710868,-128.4067736235));
#2273 = ( GEOMETRIC_REPRESENTATION_CONTEXT(2) 
PARAMETRIC_REPRESENTATION_CONTEXT() REPRESENTATION_CONTEXT('2D SPACE',''
  ) );
#2274 = ORIENTED_EDGE('',*,*,#2275,.F.);
#2275 = EDGE_CURVE('',#2276,#2220,#2278,.T.);
#2276 = VERTEX_POINT('',#2277);
#2277 = CARTESIAN_POINT('',(-8.995836733046,-4.651377029009,
    57.890705934023));
#2278 = SURFACE_CURVE('',#2279,(#2294,#2312),.PCURVE_S1.);
#2279 = B_SPLINE_CURVE_WITH_KNOTS('',7,(#2280,#2281,#2282,#2283,#2284,
    #2285,#2286,#2287,#2288,#2289,#2290,#2291,#2292,#2293),
  .UNSPECIFIED.,.F.,.F.,(8,6,8),(0.,0.201596078199,1.),.UNSPECIFIED.);
#2280 = CARTESIAN_POINT('',(-8.995836733046,-4.651377029009,
    57.890705934024));
#2281 = CARTESIAN_POINT('',(-8.992473159397,-4.612931206281,
    57.925812662979));
#2282 = CARTESIAN_POINT('',(-8.988796148124,-4.575886654997,
    57.961781035714));
#2283 = CARTESIAN_POINT('',(-8.984860647933,-4.540236078409,
    57.998550534159));
#2284 = CARTESIAN_POINT('',(-8.980718221451,-4.505971300504,
    58.036064162863));
#2285 = CARTESIAN_POINT('',(-8.97641704522,-4.473083266009,
    58.074268448987));
#2286 = CARTESIAN_POINT('',(-8.972001909705,-4.441562040387,
    58.113113442312));
#2287 = CARTESIAN_POINT('',(-8.94974110752,-4.291930009769,
    58.308748562171));
#2288 = CARTESIAN_POINT('',(-8.930812663694,-4.193611818611,
    58.474423150009));
#2289 = CARTESIAN_POINT('',(-8.913289677511,-4.115778620801,
    58.64683151458));
#2290 = CARTESIAN_POINT('',(-8.898971147808,-4.057824699012,
    58.82390947822));
#2291 = CARTESIAN_POINT('',(-8.88902554964,-4.019303605372,
    59.004003757281));
#2292 = CARTESIAN_POINT('',(-8.884041286886,-4.,59.185687314108));
#2293 = CARTESIAN_POINT('',(-8.884041286886,-4.,59.3676));
#2294 = PCURVE('',#438,#2295);
#2295 = DEFINITIONAL_REPRESENTATION('',(#2296),#2311);
#2296 = B_SPLINE_CURVE_WITH_KNOTS('',7,(#2297,#2298,#2299,#2300,#2301,
    #2302,#2303,#2304,#2305,#2306,#2307,#2308,#2309,#2310),
  .UNSPECIFIED.,.F.,.F.,(8,6,8),(0.,0.201596078199,1.),.UNSPECIFIED.);
#2297 = CARTESIAN_POINT('',(-6.19591884458,58.809294065976));
#2298 = CARTESIAN_POINT('',(-6.186270674698,58.774187337021));
#2299 = CARTESIAN_POINT('',(-6.176964620763,58.738218964286));
#2300 = CARTESIAN_POINT('',(-6.16799869192,58.701449465841));
#2301 = CARTESIAN_POINT('',(-6.159370948903,58.663935837138));
#2302 = CARTESIAN_POINT('',(-6.151079504031,58.625731551013));
#2303 = CARTESIAN_POINT('',(-6.143122521204,58.586886557688));
#2304 = CARTESIAN_POINT('',(-6.105302810817,58.391251437829));
#2305 = CARTESIAN_POINT('',(-6.08029448612,58.225576849991));
#2306 = CARTESIAN_POINT('',(-6.060358490699,58.05316848542));
#2307 = CARTESIAN_POINT('',(-6.045435352857,57.876090521779));
#2308 = CARTESIAN_POINT('',(-6.035489214974,57.695996242719));
#2309 = CARTESIAN_POINT('',(-6.030505052038,57.514312685892));
#2310 = CARTESIAN_POINT('',(-6.030505052038,57.3324));
#2311 = ( GEOMETRIC_REPRESENTATION_CONTEXT(2) 
PARAMETRIC_REPRESENTATION_CONTEXT() REPRESENTATION_CONTEXT('2D SPACE',''
  ) );
#2312 = PCURVE('',#694,#2313);
#2313 = DEFINITIONAL_REPRESENTATION('',(#2314),#2329);
#2314 = B_SPLINE_CURVE_WITH_KNOTS('',7,(#2315,#2316,#2317,#2318,#2319,
    #2320,#2321,#2322,#2323,#2324,#2325,#2326,#2327,#2328),
  .UNSPECIFIED.,.F.,.F.,(8,6,8),(0.,0.201596078199,1.),.UNSPECIFIED.);
#2315 = CARTESIAN_POINT('',(5.452420903492,-128.4067736235));
#2316 = CARTESIAN_POINT('',(5.47845244063,-128.4034100499));
#2317 = CARTESIAN_POINT('',(5.504257242941,-128.3997330386));
#2318 = CARTESIAN_POINT('',(5.529846072884,-128.3957975384));
#2319 = CARTESIAN_POINT('',(5.555229383867,-128.3916551119));
#2320 = CARTESIAN_POINT('',(5.580417320251,-128.3873539357));
#2321 = CARTESIAN_POINT('',(5.605419717345,-128.3829388002));
#2322 = CARTESIAN_POINT('',(5.728568859353,-128.360677998));
#2323 = CARTESIAN_POINT('',(5.824232013984,-128.3417495542));
#2324 = CARTESIAN_POINT('',(5.917899096217,-128.324226568));
#2325 = CARTESIAN_POINT('',(6.010110756896,-128.3099080383));
#2326 = CARTESIAN_POINT('',(6.101387247515,-128.2999624401));
#2327 = CARTESIAN_POINT('',(6.192228964234,-128.2949781773));
#2328 = CARTESIAN_POINT('',(6.28318530718,-128.2949781773));
#2329 = ( GEOMETRIC_REPRESENTATION_CONTEXT(2) 
PARAMETRIC_REPRESENTATION_CONTEXT() REPRESENTATION_CONTEXT('2D SPACE',''
  ) );
#2330 = ORIENTED_EDGE('',*,*,#2331,.T.);
#2331 = EDGE_CURVE('',#2276,#2332,#2334,.T.);
#2332 = VERTEX_POINT('',#2333);
#2333 = CARTESIAN_POINT('',(-8.995836733046,-4.651377029009,6.3));
#2334 = SURFACE_CURVE('',#2335,(#2339,#2346),.PCURVE_S1.);
#2335 = LINE('',#2336,#2337);
#2336 = CARTESIAN_POINT('',(-8.995836733046,-4.651377029009,116.7));
#2337 = VECTOR('',#2338,1.);
#2338 = DIRECTION('',(1.927882050295E-17,-1.686678240155E-18,-1.));
#2339 = PCURVE('',#438,#2340);
#2340 = DEFINITIONAL_REPRESENTATION('',(#2341),#2345);
#2341 = LINE('',#2342,#2343);
#2342 = CARTESIAN_POINT('',(-6.19591884458,0.));
#2343 = VECTOR('',#2344,1.);
#2344 = DIRECTION('',(-0.,1.));
#2345 = ( GEOMETRIC_REPRESENTATION_CONTEXT(2) 
PARAMETRIC_REPRESENTATION_CONTEXT() REPRESENTATION_CONTEXT('2D SPACE',''
  ) );
#2346 = PCURVE('',#2347,#2352);
#2347 = PLANE('',#2348);
#2348 = AXIS2_PLACEMENT_3D('',#2349,#2350,#2351);
#2349 = CARTESIAN_POINT('',(-9.7,-12.7,116.7));
#2350 = DIRECTION('',(0.996194698092,-8.715574274744E-02,
    1.93524624653E-17));
#2351 = DIRECTION('',(-8.715574274744E-02,-0.996194698092,
    2.465190328816E-32));
#2352 = DEFINITIONAL_REPRESENTATION('',(#2353),#2357);
#2353 = LINE('',#2354,#2355);
#2354 = CARTESIAN_POINT('',(-8.079367403187,-4.421935152313E-31));
#2355 = VECTOR('',#2356,1.);
#2356 = DIRECTION('',(3.023710012688E-32,1.));
#2357 = ( GEOMETRIC_REPRESENTATION_CONTEXT(2) 
PARAMETRIC_REPRESENTATION_CONTEXT() REPRESENTATION_CONTEXT('2D SPACE',''
  ) );
#2358 = ORIENTED_EDGE('',*,*,#2359,.F.);
#2359 = EDGE_CURVE('',#2360,#2332,#2362,.T.);
#2360 = VERTEX_POINT('',#2361);
#2361 = CARTESIAN_POINT('',(-5.011057940679,-1.,6.3));
#2362 = SURFACE_CURVE('',#2363,(#2368,#2375),.PCURVE_S1.);
#2363 = CIRCLE('',#2364,4.);
#2364 = AXIS2_PLACEMENT_3D('',#2365,#2366,#2367);
#2365 = CARTESIAN_POINT('',(-5.011057940679,-5.,6.3));
#2366 = DIRECTION('',(0.,2.22044604925E-16,1.));
#2367 = DIRECTION('',(-1.,0.,0.));
#2368 = PCURVE('',#438,#2369);
#2369 = DEFINITIONAL_REPRESENTATION('',(#2370),#2374);
#2370 = LINE('',#2371,#2372);
#2371 = CARTESIAN_POINT('',(-0.,110.4));
#2372 = VECTOR('',#2373,1.);
#2373 = DIRECTION('',(-1.,0.));
#2374 = ( GEOMETRIC_REPRESENTATION_CONTEXT(2) 
PARAMETRIC_REPRESENTATION_CONTEXT() REPRESENTATION_CONTEXT('2D SPACE',''
  ) );
#2375 = PCURVE('',#605,#2376);
#2376 = DEFINITIONAL_REPRESENTATION('',(#2377),#2385);
#2377 = ( BOUNDED_CURVE() B_SPLINE_CURVE(2,(#2378,#2379,#2380,#2381,
#2382,#2383,#2384),.UNSPECIFIED.,.T.,.F.) B_SPLINE_CURVE_WITH_KNOTS((1,2
    ,2,2,2,1),(-2.094395102393,0.,2.094395102393,4.188790204786,
6.28318530718,8.377580409573),.UNSPECIFIED.) CURVE() 
GEOMETRIC_REPRESENTATION_ITEM() RATIONAL_B_SPLINE_CURVE((1.,0.5,1.,0.5,
1.,0.5,1.)) REPRESENTATION_ITEM('') );
#2378 = CARTESIAN_POINT('',(-0.778746329102,0.516509498638));
#2379 = CARTESIAN_POINT('',(-0.778746329102,-6.411693731638));
#2380 = CARTESIAN_POINT('',(-6.778746329102,-2.9475921165));
#2381 = CARTESIAN_POINT('',(-12.7787463291,0.516509498638));
#2382 = CARTESIAN_POINT('',(-6.778746329102,3.980611113775));
#2383 = CARTESIAN_POINT('',(-0.778746329102,7.444712728913));
#2384 = CARTESIAN_POINT('',(-0.778746329102,0.516509498638));
#2385 = ( GEOMETRIC_REPRESENTATION_CONTEXT(2) 
PARAMETRIC_REPRESENTATION_CONTEXT() REPRESENTATION_CONTEXT('2D SPACE',''
  ) );
#2386 = ORIENTED_EDGE('',*,*,#2387,.F.);
#2387 = EDGE_CURVE('',#2388,#2360,#2390,.T.);
#2388 = VERTEX_POINT('',#2389);
#2389 = CARTESIAN_POINT('',(-5.011057940679,-1.,50.816745841471));
#2390 = SURFACE_CURVE('',#2391,(#2395,#2402),.PCURVE_S1.);
#2391 = LINE('',#2392,#2393);
#2392 = CARTESIAN_POINT('',(-5.011057940679,-1.,116.7));
#2393 = VECTOR('',#2394,1.);
#2394 = DIRECTION('',(0.,-2.22044604925E-16,-1.));
#2395 = PCURVE('',#438,#2396);
#2396 = DEFINITIONAL_REPRESENTATION('',(#2397),#2401);
#2397 = LINE('',#2398,#2399);
#2398 = CARTESIAN_POINT('',(-4.712388980385,0.));
#2399 = VECTOR('',#2400,1.);
#2400 = DIRECTION('',(-0.,1.));
#2401 = ( GEOMETRIC_REPRESENTATION_CONTEXT(2) 
PARAMETRIC_REPRESENTATION_CONTEXT() REPRESENTATION_CONTEXT('2D SPACE',''
  ) );
#2402 = PCURVE('',#1619,#2403);
#2403 = DEFINITIONAL_REPRESENTATION('',(#2404),#2408);
#2404 = LINE('',#2405,#2406);
#2405 = CARTESIAN_POINT('',(55.2,5.011057940679));
#2406 = VECTOR('',#2407,1.);
#2407 = DIRECTION('',(-1.,0.));
#2408 = ( GEOMETRIC_REPRESENTATION_CONTEXT(2) 
PARAMETRIC_REPRESENTATION_CONTEXT() REPRESENTATION_CONTEXT('2D SPACE',''
  ) );
#2409 = ORIENTED_EDGE('',*,*,#2410,.F.);
#2410 = EDGE_CURVE('',#2411,#2388,#2413,.T.);
#2411 = VERTEX_POINT('',#2412);
#2412 = CARTESIAN_POINT('',(-5.308411859159,-1.011067730938,
    51.990242840817));
#2413 = SURFACE_CURVE('',#2414,(#2423,#2435),.PCURVE_S1.);
#2414 = ( BOUNDED_CURVE() B_SPLINE_CURVE(7,(#2415,#2416,#2417,#2418,
    #2419,#2420,#2421,#2422),.UNSPECIFIED.,.F.,.F.) 
B_SPLINE_CURVE_WITH_KNOTS((8,8),(63.424777967589,64.488432146364),
.PIECEWISE_BEZIER_KNOTS.) CURVE() GEOMETRIC_REPRESENTATION_ITEM() 
RATIONAL_B_SPLINE_CURVE((1.,1.,1.,1.,1.,1.,1.,1.)) REPRESENTATION_ITEM(
  '') );
#2415 = CARTESIAN_POINT('',(-5.308411859159,-1.011067730938,
    51.990242840817));
#2416 = CARTESIAN_POINT('',(-5.308381532322,-1.011065470232,
    51.837011512079));
#2417 = CARTESIAN_POINT('',(-5.295281645335,-1.010090545818,
    51.64491514232));
#2418 = CARTESIAN_POINT('',(-5.265570974048,-1.007862589947,
    51.47692316807));
#2419 = CARTESIAN_POINT('',(-5.223428246214,-1.00505601954,
    51.302628476797));
#2420 = CARTESIAN_POINT('',(-5.166594701224,-1.00208941017,
    51.135498614433));
#2421 = CARTESIAN_POINT('',(-5.095715443111,-1.,50.972619992753));
#2422 = CARTESIAN_POINT('',(-5.011057940679,-1.,50.816745841471));
#2423 = PCURVE('',#438,#2424);
#2424 = DEFINITIONAL_REPRESENTATION('',(#2425),#2434);
#2425 = B_SPLINE_CURVE_WITH_KNOTS('',7,(#2426,#2427,#2428,#2429,#2430,
    #2431,#2432,#2433),.UNSPECIFIED.,.F.,.F.,(8,8),(63.424777967589,
    64.488432146364),.PIECEWISE_BEZIER_KNOTS.);
#2426 = CARTESIAN_POINT('',(-4.78679609917,64.709757159183));
#2427 = CARTESIAN_POINT('',(-4.786788496424,64.862988487921));
#2428 = CARTESIAN_POINT('',(-4.783504459128,65.055084857679));
#2429 = CARTESIAN_POINT('',(-4.776055975945,65.223076831932));
#2430 = CARTESIAN_POINT('',(-4.765497215951,65.397371523201));
#2431 = CARTESIAN_POINT('',(-4.751273142188,65.564501385568));
#2432 = CARTESIAN_POINT('',(-4.733553355993,65.727380007247));
#2433 = CARTESIAN_POINT('',(-4.712388980385,65.883254158529));
#2434 = ( GEOMETRIC_REPRESENTATION_CONTEXT(2) 
PARAMETRIC_REPRESENTATION_CONTEXT() REPRESENTATION_CONTEXT('2D SPACE',''
  ) );
#2435 = PCURVE('',#2436,#2461);
#2436 = ( BOUNDED_SURFACE() B_SPLINE_SURFACE(2,7,(
    (#2437,#2438,#2439,#2440,#2441,#2442,#2443,#2444)
    ,(#2445,#2446,#2447,#2448,#2449,#2450,#2451,#2452)
    ,(#2453,#2454,#2455,#2456,#2457,#2458,#2459,#2460
)),.UNSPECIFIED.,.F.,.F.,.F.) B_SPLINE_SURFACE_WITH_KNOTS((3,3),(8,8),(
    0.,1.063654178775),(63.424777967589,64.488432146364),
.PIECEWISE_BEZIER_KNOTS.) GEOMETRIC_REPRESENTATION_ITEM() 
RATIONAL_B_SPLINE_SURFACE((
    (1.,1.,1.,1.,1.,1.,1.,1.)
    ,(0.732905693329,0.732900190733,0.731725823644,0.728702843858
      ,0.724753157077,0.719558532023,0.713556017117,0.707106781187)
,(1.,1.,1.,1.,1.,1.,1.,1.))) REPRESENTATION_ITEM('') SURFACE() );
#2437 = CARTESIAN_POINT('',(-5.308411859159,-1.011067730938,
    51.990242840817));
#2438 = CARTESIAN_POINT('',(-5.308381532322,-1.011065470232,
    51.837011512079));
#2439 = CARTESIAN_POINT('',(-5.295281645335,-1.010090545818,
    51.64491514232));
#2440 = CARTESIAN_POINT('',(-5.265570974048,-1.007862589947,
    51.47692316807));
#2441 = CARTESIAN_POINT('',(-5.223428246214,-1.00505601954,
    51.302628476797));
#2442 = CARTESIAN_POINT('',(-5.166594701224,-1.00208941017,
    51.135498614433));
#2443 = CARTESIAN_POINT('',(-5.095715443111,-1.,50.972619992753));
#2444 = CARTESIAN_POINT('',(-5.011057940679,-1.,50.816745841471));
#2445 = CARTESIAN_POINT('',(-5.,-0.988077249115,52.));
#2446 = CARTESIAN_POINT('',(-5.,-0.988079606939,51.847896174519));
#2447 = CARTESIAN_POINT('',(-4.986469272305,-0.988090527878,
    51.695324875734));
#2448 = CARTESIAN_POINT('',(-4.959341962144,-0.988399721129,
    51.544259140927));
#2449 = CARTESIAN_POINT('',(-4.91881771286,-0.988963230348,
    51.396005191016));
#2450 = CARTESIAN_POINT('',(-4.865402425296,-0.990579791447,
    51.252611542909));
#2451 = CARTESIAN_POINT('',(-4.800123012758,-0.993974557684,
    51.115561960955));
#2452 = CARTESIAN_POINT('',(-4.723763949153,-1.,50.985782149832));
#2453 = CARTESIAN_POINT('',(-5.,-0.678655790131,52.));
#2454 = CARTESIAN_POINT('',(-5.,-0.678653128785,51.847897316503));
#2455 = CARTESIAN_POINT('',(-4.986490073079,-0.677592921342,
    51.695836034291));
#2456 = CARTESIAN_POINT('',(-4.959584289515,-0.675142604184,
    51.545746804089));
#2457 = CARTESIAN_POINT('',(-4.919399851829,-0.672086456845,
    51.397885918963));
#2458 = CARTESIAN_POINT('',(-4.866258943078,-0.668885061008,
    51.254540678824));
#2459 = CARTESIAN_POINT('',(-4.800819452998,-0.666666666667,
    51.1167456303));
#2460 = CARTESIAN_POINT('',(-4.723763949153,-0.666666666667,
    50.985782149832));
#2461 = DEFINITIONAL_REPRESENTATION('',(#2462),#2466);
#2462 = LINE('',#2463,#2464);
#2463 = CARTESIAN_POINT('',(0.,0.));
#2464 = VECTOR('',#2465,1.);
#2465 = DIRECTION('',(0.,1.));
#2466 = ( GEOMETRIC_REPRESENTATION_CONTEXT(2) 
PARAMETRIC_REPRESENTATION_CONTEXT() REPRESENTATION_CONTEXT('2D SPACE',''
  ) );
#2467 = ORIENTED_EDGE('',*,*,#2468,.F.);
#2468 = EDGE_CURVE('',#2130,#2411,#2469,.T.);
#2469 = SURFACE_CURVE('',#2470,(#2483,#2499),.PCURVE_S1.);
#2470 = ( BOUNDED_CURVE() B_SPLINE_CURVE(11,(#2471,#2472,#2473,#2474,
    #2475,#2476,#2477,#2478,#2479,#2480,#2481,#2482),.UNSPECIFIED.,.F.,
.F.) B_SPLINE_CURVE_WITH_KNOTS((12,12),(42.424777954008,63.424777967589)
,.PIECEWISE_BEZIER_KNOTS.) CURVE() GEOMETRIC_REPRESENTATION_ITEM() 
RATIONAL_B_SPLINE_CURVE((1.,1.,1.,0.999999999999,1.000000000002,
    0.999999999997,1.000000000003,0.999999999998,1.000000000001,1.,1.,1.
)) REPRESENTATION_ITEM('') );
#2471 = CARTESIAN_POINT('',(-5.308411859159,-1.011067730938,
    73.009757159182));
#2472 = CARTESIAN_POINT('',(-5.308792882257,-1.011096134206,
    71.084575273045));
#2473 = CARTESIAN_POINT('',(-5.308177693245,-1.011050295589,
    69.183364889288));
#2474 = CARTESIAN_POINT('',(-5.308925921833,-1.01110601106,
    67.263518831911));
#2475 = CARTESIAN_POINT('',(-5.308238553225,-1.011054864596,
    65.37350681231));
#2476 = CARTESIAN_POINT('',(-5.308661691681,-1.011086333622,
    63.44303181612));
#2477 = CARTESIAN_POINT('',(-5.308661691681,-1.011086333621,
    61.556968183885));
#2478 = CARTESIAN_POINT('',(-5.308238553224,-1.011054864596,
    59.626493187678));
#2479 = CARTESIAN_POINT('',(-5.308925921833,-1.01110601106,
    57.736481168101));
#2480 = CARTESIAN_POINT('',(-5.308177693245,-1.011050295589,
    55.816635110708));
#2481 = CARTESIAN_POINT('',(-5.308792882257,-1.011096134206,
    53.91542472696));
#2482 = CARTESIAN_POINT('',(-5.308411859159,-1.011067730938,
    51.990242840817));
#2483 = PCURVE('',#438,#2484);
#2484 = DEFINITIONAL_REPRESENTATION('',(#2485),#2498);
#2485 = B_SPLINE_CURVE_WITH_KNOTS('',11,(#2486,#2487,#2488,#2489,#2490,
    #2491,#2492,#2493,#2494,#2495,#2496,#2497),.UNSPECIFIED.,.F.,.F.,(12
    ,12),(42.424777954008,63.424777967589),.PIECEWISE_BEZIER_KNOTS.);
#2486 = CARTESIAN_POINT('',(-4.78679609917,43.690242840818));
#2487 = CARTESIAN_POINT('',(-4.786891619241,45.615424726953));
#2488 = CARTESIAN_POINT('',(-4.786737395643,47.516635110725));
#2489 = CARTESIAN_POINT('',(-4.786924970662,49.436481168054));
#2490 = CARTESIAN_POINT('',(-4.786752653458,51.326493187757));
#2491 = CARTESIAN_POINT('',(-4.786858730198,53.256968183788));
#2492 = CARTESIAN_POINT('',(-4.786858730215,55.14303181621));
#2493 = CARTESIAN_POINT('',(-4.786752653445,57.073506812247));
#2494 = CARTESIAN_POINT('',(-4.786924970669,58.963518831944));
#2495 = CARTESIAN_POINT('',(-4.786737395641,60.883364889273));
#2496 = CARTESIAN_POINT('',(-4.786891619242,62.784575273045));
#2497 = CARTESIAN_POINT('',(-4.78679609917,64.709757159183));
#2498 = ( GEOMETRIC_REPRESENTATION_CONTEXT(2) 
PARAMETRIC_REPRESENTATION_CONTEXT() REPRESENTATION_CONTEXT('2D SPACE',''
  ) );
#2499 = PCURVE('',#2500,#2537);
#2500 = ( BOUNDED_SURFACE() B_SPLINE_SURFACE(2,11,(
    (#2501,#2502,#2503,#2504,#2505,#2506,#2507,#2508,#2509,#2510,#2511
      ,#2512)
    ,(#2513,#2514,#2515,#2516,#2517,#2518,#2519,#2520,#2521,#2522,#2523
      ,#2524)
    ,(#2525,#2526,#2527,#2528,#2529,#2530,#2531,#2532,#2533,#2534,#2535
,#2536
    )),.UNSPECIFIED.,.F.,.F.,.F.) B_SPLINE_SURFACE_WITH_KNOTS((3,3),(12,
    12),(0.,21.000000013581),(42.424777954008,63.424777967589),
.PIECEWISE_BEZIER_KNOTS.) GEOMETRIC_REPRESENTATION_ITEM() 
RATIONAL_B_SPLINE_SURFACE((
    (1.,1.,1.,0.999999999999,1.000000000002,0.999999999997
      ,1.000000000003,0.999999999998,1.000000000001,1.,1.,1.)
    ,(0.732905693329,0.732974827351,0.73286326764,0.732998843561
      ,0.732874407918,0.732950960015,0.732950960017,0.732874407916
      ,0.732998843562,0.73286326764,0.732974827351,0.732905693329)
    ,(1.,1.,1.,0.999999999999,1.000000000002,0.999999999997
      ,1.000000000003,0.999999999998,1.000000000001,1.,1.,1.
))) REPRESENTATION_ITEM('') SURFACE() );
#2501 = CARTESIAN_POINT('',(-5.308411859159,-1.011067730938,
    73.009757159182));
#2502 = CARTESIAN_POINT('',(-5.308792882257,-1.011096134206,
    71.084575273045));
#2503 = CARTESIAN_POINT('',(-5.308177693245,-1.011050295589,
    69.183364889288));
#2504 = CARTESIAN_POINT('',(-5.308925921833,-1.01110601106,
    67.263518831911));
#2505 = CARTESIAN_POINT('',(-5.308238553225,-1.011054864596,
    65.37350681231));
#2506 = CARTESIAN_POINT('',(-5.308661691681,-1.011086333622,
    63.44303181612));
#2507 = CARTESIAN_POINT('',(-5.308661691681,-1.011086333621,
    61.556968183885));
#2508 = CARTESIAN_POINT('',(-5.308238553224,-1.011054864596,
    59.626493187678));
#2509 = CARTESIAN_POINT('',(-5.308925921833,-1.01110601106,
    57.736481168101));
#2510 = CARTESIAN_POINT('',(-5.308177693245,-1.011050295589,
    55.816635110708));
#2511 = CARTESIAN_POINT('',(-5.308792882257,-1.011096134206,
    53.91542472696));
#2512 = CARTESIAN_POINT('',(-5.308411859159,-1.011067730938,
    51.990242840817));
#2513 = CARTESIAN_POINT('',(-5.,-0.988077249115,73.));
#2514 = CARTESIAN_POINT('',(-5.,-0.988047628681,71.089178536179));
#2515 = CARTESIAN_POINT('',(-5.,-0.988095431783,69.186504187649));
#2516 = CARTESIAN_POINT('',(-5.,-0.988037335036,67.266110441828));
#2517 = CARTESIAN_POINT('',(-5.,-0.988090661957,65.371832333365));
#2518 = CARTESIAN_POINT('',(-5.,-0.98805785129,63.44541426602));
#2519 = CARTESIAN_POINT('',(-5.,-0.98805785129,61.554585733984));
#2520 = CARTESIAN_POINT('',(-5.,-0.988090661957,59.628167666624));
#2521 = CARTESIAN_POINT('',(-5.,-0.988037335036,57.733889558183));
#2522 = CARTESIAN_POINT('',(-5.,-0.988095431783,55.813495812347));
#2523 = CARTESIAN_POINT('',(-5.,-0.988047628681,53.910821463825));
#2524 = CARTESIAN_POINT('',(-5.,-0.988077249115,52.));
#2525 = CARTESIAN_POINT('',(-5.,-0.678655790131,73.));
#2526 = CARTESIAN_POINT('',(-5.,-0.678689226996,71.088998290925));
#2527 = CARTESIAN_POINT('',(-5.,-0.678635273799,69.187130924536));
#2528 = CARTESIAN_POINT('',(-5.,-0.678700836622,67.264794172526));
#2529 = CARTESIAN_POINT('',(-5.,-0.678640666499,65.373886499451));
#2530 = CARTESIAN_POINT('',(-5.,-0.678677680443,63.442846953188));
#2531 = CARTESIAN_POINT('',(-5.,-0.678677680443,61.557153046817));
#2532 = CARTESIAN_POINT('',(-5.,-0.678640666499,59.626113500535));
#2533 = CARTESIAN_POINT('',(-5.,-0.678700836622,57.735205827487));
#2534 = CARTESIAN_POINT('',(-5.,-0.678635273799,55.812869075458));
#2535 = CARTESIAN_POINT('',(-5.,-0.678689226996,53.911001709079));
#2536 = CARTESIAN_POINT('',(-5.,-0.678655790131,52.));
#2537 = DEFINITIONAL_REPRESENTATION('',(#2538),#2542);
#2538 = LINE('',#2539,#2540);
#2539 = CARTESIAN_POINT('',(0.,0.));
#2540 = VECTOR('',#2541,1.);
#2541 = DIRECTION('',(0.,1.));
#2542 = ( GEOMETRIC_REPRESENTATION_CONTEXT(2) 
PARAMETRIC_REPRESENTATION_CONTEXT() REPRESENTATION_CONTEXT('2D SPACE',''
  ) );
#2543 = ADVANCED_FACE('',(#2544),#410,.F.);
#2544 = FACE_BOUND('',#2545,.T.);
#2545 = EDGE_LOOP('',(#2546,#2547,#2570,#2598,#2626,#2647,#2648));
#2546 = ORIENTED_EDGE('',*,*,#762,.F.);
#2547 = ORIENTED_EDGE('',*,*,#2548,.T.);
#2548 = EDGE_CURVE('',#735,#2549,#2551,.T.);
#2549 = VERTEX_POINT('',#2550);
#2550 = CARTESIAN_POINT('',(-13.2,-11.7,116.7));
#2551 = SURFACE_CURVE('',#2552,(#2556,#2563),.PCURVE_S1.);
#2552 = LINE('',#2553,#2554);
#2553 = CARTESIAN_POINT('',(-11.7,-10.7,116.7));
#2554 = VECTOR('',#2555,1.);
#2555 = DIRECTION('',(-0.832050294337,-0.554700196226,0.));
#2556 = PCURVE('',#410,#2557);
#2557 = DEFINITIONAL_REPRESENTATION('',(#2558),#2562);
#2558 = LINE('',#2559,#2560);
#2559 = CARTESIAN_POINT('',(1.910195730219,-5.183490501362));
#2560 = VECTOR('',#2561,1.);
#2561 = DIRECTION('',(0.832050294337,-0.554700196226));
#2562 = ( GEOMETRIC_REPRESENTATION_CONTEXT(2) 
PARAMETRIC_REPRESENTATION_CONTEXT() REPRESENTATION_CONTEXT('2D SPACE',''
  ) );
#2563 = PCURVE('',#750,#2564);
#2564 = DEFINITIONAL_REPRESENTATION('',(#2565),#2569);
#2565 = LINE('',#2566,#2567);
#2566 = CARTESIAN_POINT('',(-0.,0.));
#2567 = VECTOR('',#2568,1.);
#2568 = DIRECTION('',(-1.,-1.232595164408E-32));
#2569 = ( GEOMETRIC_REPRESENTATION_CONTEXT(2) 
PARAMETRIC_REPRESENTATION_CONTEXT() REPRESENTATION_CONTEXT('2D SPACE',''
  ) );
#2570 = ORIENTED_EDGE('',*,*,#2571,.T.);
#2571 = EDGE_CURVE('',#2549,#2572,#2574,.T.);
#2572 = VERTEX_POINT('',#2573);
#2573 = CARTESIAN_POINT('',(-11.7,-12.7,116.7));
#2574 = SURFACE_CURVE('',#2575,(#2579,#2586),.PCURVE_S1.);
#2575 = LINE('',#2576,#2577);
#2576 = CARTESIAN_POINT('',(-13.2,-11.7,116.7));
#2577 = VECTOR('',#2578,1.);
#2578 = DIRECTION('',(0.832050294339,-0.554700196224,0.));
#2579 = PCURVE('',#410,#2580);
#2580 = DEFINITIONAL_REPRESENTATION('',(#2581),#2585);
#2581 = LINE('',#2582,#2583);
#2582 = CARTESIAN_POINT('',(3.410195730219,-6.183490501365));
#2583 = VECTOR('',#2584,1.);
#2584 = DIRECTION('',(-0.832050294339,-0.554700196224));
#2585 = ( GEOMETRIC_REPRESENTATION_CONTEXT(2) 
PARAMETRIC_REPRESENTATION_CONTEXT() REPRESENTATION_CONTEXT('2D SPACE',''
  ) );
#2586 = PCURVE('',#2587,#2592);
#2587 = PLANE('',#2588);
#2588 = AXIS2_PLACEMENT_3D('',#2589,#2590,#2591);
#2589 = CARTESIAN_POINT('',(-13.2,-11.7,116.7));
#2590 = DIRECTION('',(-0.554700196224,-0.832050294339,1.847522788842E-16
    ));
#2591 = DIRECTION('',(-0.832050294339,0.554700196224,-2.465190328816E-32
    ));
#2592 = DEFINITIONAL_REPRESENTATION('',(#2593),#2597);
#2593 = LINE('',#2594,#2595);
#2594 = CARTESIAN_POINT('',(-0.,-0.));
#2595 = VECTOR('',#2596,1.);
#2596 = DIRECTION('',(-1.,3.697785493223E-32));
#2597 = ( GEOMETRIC_REPRESENTATION_CONTEXT(2) 
PARAMETRIC_REPRESENTATION_CONTEXT() REPRESENTATION_CONTEXT('2D SPACE',''
  ) );
#2598 = ORIENTED_EDGE('',*,*,#2599,.T.);
#2599 = EDGE_CURVE('',#2572,#2600,#2602,.T.);
#2600 = VERTEX_POINT('',#2601);
#2601 = CARTESIAN_POINT('',(-9.7,-12.7,116.7));
#2602 = SURFACE_CURVE('',#2603,(#2607,#2614),.PCURVE_S1.);
#2603 = LINE('',#2604,#2605);
#2604 = CARTESIAN_POINT('',(-11.7,-12.7,116.7));
#2605 = VECTOR('',#2606,1.);
#2606 = DIRECTION('',(1.,0.,0.));
#2607 = PCURVE('',#410,#2608);
#2608 = DEFINITIONAL_REPRESENTATION('',(#2609),#2613);
#2609 = LINE('',#2610,#2611);
#2610 = CARTESIAN_POINT('',(1.910195730219,-7.183490501362));
#2611 = VECTOR('',#2612,1.);
#2612 = DIRECTION('',(-1.,0.));
#2613 = ( GEOMETRIC_REPRESENTATION_CONTEXT(2) 
PARAMETRIC_REPRESENTATION_CONTEXT() REPRESENTATION_CONTEXT('2D SPACE',''
  ) );
#2614 = PCURVE('',#2615,#2620);
#2615 = PLANE('',#2616);
#2616 = AXIS2_PLACEMENT_3D('',#2617,#2618,#2619);
#2617 = CARTESIAN_POINT('',(-11.7,-12.7,116.7));
#2618 = DIRECTION('',(0.,-1.,2.22044604925E-16));
#2619 = DIRECTION('',(-1.,-0.,-0.));
#2620 = DEFINITIONAL_REPRESENTATION('',(#2621),#2625);
#2621 = LINE('',#2622,#2623);
#2622 = CARTESIAN_POINT('',(-0.,0.));
#2623 = VECTOR('',#2624,1.);
#2624 = DIRECTION('',(-1.,0.));
#2625 = ( GEOMETRIC_REPRESENTATION_CONTEXT(2) 
PARAMETRIC_REPRESENTATION_CONTEXT() REPRESENTATION_CONTEXT('2D SPACE',''
  ) );
#2626 = ORIENTED_EDGE('',*,*,#2627,.T.);
#2627 = EDGE_CURVE('',#2600,#2164,#2628,.T.);
#2628 = SURFACE_CURVE('',#2629,(#2633,#2640),.PCURVE_S1.);
#2629 = LINE('',#2630,#2631);
#2630 = CARTESIAN_POINT('',(-9.7,-12.7,116.7));
#2631 = VECTOR('',#2632,1.);
#2632 = DIRECTION('',(8.715574274744E-02,0.996194698092,0.));
#2633 = PCURVE('',#410,#2634);
#2634 = DEFINITIONAL_REPRESENTATION('',(#2635),#2639);
#2635 = LINE('',#2636,#2637);
#2636 = CARTESIAN_POINT('',(-8.980426978072E-02,-7.183490501362));
#2637 = VECTOR('',#2638,1.);
#2638 = DIRECTION('',(-8.715574274744E-02,0.996194698092));
#2639 = ( GEOMETRIC_REPRESENTATION_CONTEXT(2) 
PARAMETRIC_REPRESENTATION_CONTEXT() REPRESENTATION_CONTEXT('2D SPACE',''
  ) );
#2640 = PCURVE('',#2207,#2641);
#2641 = DEFINITIONAL_REPRESENTATION('',(#2642),#2646);
#2642 = LINE('',#2643,#2644);
#2643 = CARTESIAN_POINT('',(-0.,0.));
#2644 = VECTOR('',#2645,1.);
#2645 = DIRECTION('',(-1.,-5.46964104206E-32));
#2646 = ( GEOMETRIC_REPRESENTATION_CONTEXT(2) 
PARAMETRIC_REPRESENTATION_CONTEXT() REPRESENTATION_CONTEXT('2D SPACE',''
  ) );
#2647 = ORIENTED_EDGE('',*,*,#2163,.F.);
#2648 = ORIENTED_EDGE('',*,*,#394,.T.);
#2649 = ADVANCED_FACE('',(#2650),#750,.T.);
#2650 = FACE_BOUND('',#2651,.F.);
#2651 = EDGE_LOOP('',(#2652,#2653,#2654,#2677));
#2652 = ORIENTED_EDGE('',*,*,#734,.F.);
#2653 = ORIENTED_EDGE('',*,*,#2548,.T.);
#2654 = ORIENTED_EDGE('',*,*,#2655,.T.);
#2655 = EDGE_CURVE('',#2549,#2656,#2658,.T.);
#2656 = VERTEX_POINT('',#2657);
#2657 = CARTESIAN_POINT('',(-13.2,-11.7,61.3676));
#2658 = SURFACE_CURVE('',#2659,(#2663,#2670),.PCURVE_S1.);
#2659 = LINE('',#2660,#2661);
#2660 = CARTESIAN_POINT('',(-13.2,-11.7,116.7));
#2661 = VECTOR('',#2662,1.);
#2662 = DIRECTION('',(1.024821253501E-16,-1.537231880248E-16,-1.));
#2663 = PCURVE('',#750,#2664);
#2664 = DEFINITIONAL_REPRESENTATION('',(#2665),#2669);
#2665 = LINE('',#2666,#2667);
#2666 = CARTESIAN_POINT('',(-1.802775637733,-2.465190328816E-32));
#2667 = VECTOR('',#2668,1.);
#2668 = DIRECTION('',(-0.,1.));
#2669 = ( GEOMETRIC_REPRESENTATION_CONTEXT(2) 
PARAMETRIC_REPRESENTATION_CONTEXT() REPRESENTATION_CONTEXT('2D SPACE',''
  ) );
#2670 = PCURVE('',#2587,#2671);
#2671 = DEFINITIONAL_REPRESENTATION('',(#2672),#2676);
#2672 = LINE('',#2673,#2674);
#2673 = CARTESIAN_POINT('',(-0.,-0.));
#2674 = VECTOR('',#2675,1.);
#2675 = DIRECTION('',(-1.705405651236E-16,1.));
#2676 = ( GEOMETRIC_REPRESENTATION_CONTEXT(2) 
PARAMETRIC_REPRESENTATION_CONTEXT() REPRESENTATION_CONTEXT('2D SPACE',''
  ) );
#2677 = ORIENTED_EDGE('',*,*,#2678,.F.);
#2678 = EDGE_CURVE('',#707,#2656,#2679,.T.);
#2679 = SURFACE_CURVE('',#2680,(#2684,#2691),.PCURVE_S1.);
#2680 = LINE('',#2681,#2682);
#2681 = CARTESIAN_POINT('',(34.769170462026,20.279446974766,61.3676));
#2682 = VECTOR('',#2683,1.);
#2683 = DIRECTION('',(-0.832050294337,-0.554700196226,0.));
#2684 = PCURVE('',#750,#2685);
#2685 = DEFINITIONAL_REPRESENTATION('',(#2686),#2690);
#2686 = LINE('',#2687,#2688);
#2687 = CARTESIAN_POINT('',(55.848992276416,55.3324));
#2688 = VECTOR('',#2689,1.);
#2689 = DIRECTION('',(-1.,-1.232595164408E-32));
#2690 = ( GEOMETRIC_REPRESENTATION_CONTEXT(2) 
PARAMETRIC_REPRESENTATION_CONTEXT() REPRESENTATION_CONTEXT('2D SPACE',''
  ) );
#2691 = PCURVE('',#722,#2692);
#2692 = DEFINITIONAL_REPRESENTATION('',(#2693),#2697);
#2693 = LINE('',#2694,#2695);
#2694 = CARTESIAN_POINT('',(-26.27944697476,-84.64176642848));
#2695 = VECTOR('',#2696,1.);
#2696 = DIRECTION('',(0.554700196226,-0.832050294337));
#2697 = ( GEOMETRIC_REPRESENTATION_CONTEXT(2) 
PARAMETRIC_REPRESENTATION_CONTEXT() REPRESENTATION_CONTEXT('2D SPACE',''
  ) );
#2698 = ADVANCED_FACE('',(#2699),#722,.F.);
#2699 = FACE_BOUND('',#2700,.F.);
#2700 = EDGE_LOOP('',(#2701,#2726,#2747,#2748,#2749,#2772));
#2701 = ORIENTED_EDGE('',*,*,#2702,.T.);
#2702 = EDGE_CURVE('',#2703,#2705,#2707,.T.);
#2703 = VERTEX_POINT('',#2704);
#2704 = CARTESIAN_POINT('',(-9.7,-12.7,61.3676));
#2705 = VERTEX_POINT('',#2706);
#2706 = CARTESIAN_POINT('',(-9.113825954378,-6.,61.3676));
#2707 = SURFACE_CURVE('',#2708,(#2712,#2719),.PCURVE_S1.);
#2708 = LINE('',#2709,#2710);
#2709 = CARTESIAN_POINT('',(-8.918767991895,-3.770477286742,61.3676));
#2710 = VECTOR('',#2711,1.);
#2711 = DIRECTION('',(8.715574274744E-02,0.996194698092,0.));
#2712 = PCURVE('',#722,#2713);
#2713 = DEFINITIONAL_REPRESENTATION('',(#2714),#2718);
#2714 = LINE('',#2715,#2716);
#2715 = CARTESIAN_POINT('',(-2.229522713258,-128.3297048824));
#2716 = VECTOR('',#2717,1.);
#2717 = DIRECTION('',(-0.996194698092,8.715574274744E-02));
#2718 = ( GEOMETRIC_REPRESENTATION_CONTEXT(2) 
PARAMETRIC_REPRESENTATION_CONTEXT() REPRESENTATION_CONTEXT('2D SPACE',''
  ) );
#2719 = PCURVE('',#2207,#2720);
#2720 = DEFINITIONAL_REPRESENTATION('',(#2721),#2725);
#2721 = LINE('',#2722,#2723);
#2722 = CARTESIAN_POINT('',(-8.963632039362,55.3324));
#2723 = VECTOR('',#2724,1.);
#2724 = DIRECTION('',(-1.,-5.46964104206E-32));
#2725 = ( GEOMETRIC_REPRESENTATION_CONTEXT(2) 
PARAMETRIC_REPRESENTATION_CONTEXT() REPRESENTATION_CONTEXT('2D SPACE',''
  ) );
#2726 = ORIENTED_EDGE('',*,*,#2727,.T.);
#2727 = EDGE_CURVE('',#2705,#674,#2728,.T.);
#2728 = SURFACE_CURVE('',#2729,(#2733,#2740),.PCURVE_S1.);
#2729 = LINE('',#2730,#2731);
#2730 = CARTESIAN_POINT('',(119.4109368905,-6.,61.3676));
#2731 = VECTOR('',#2732,1.);
#2732 = DIRECTION('',(-1.,-0.,0.));
#2733 = PCURVE('',#722,#2734);
#2734 = DEFINITIONAL_REPRESENTATION('',(#2735),#2739);
#2735 = LINE('',#2736,#2737);
#2736 = CARTESIAN_POINT('',(0.,0.));
#2737 = VECTOR('',#2738,1.);
#2738 = DIRECTION('',(0.,-1.));
#2739 = ( GEOMETRIC_REPRESENTATION_CONTEXT(2) 
PARAMETRIC_REPRESENTATION_CONTEXT() REPRESENTATION_CONTEXT('2D SPACE',''
  ) );
#2740 = PCURVE('',#694,#2741);
#2741 = DEFINITIONAL_REPRESENTATION('',(#2742),#2746);
#2742 = LINE('',#2743,#2744);
#2743 = CARTESIAN_POINT('',(7.853981633974,0.));
#2744 = VECTOR('',#2745,1.);
#2745 = DIRECTION('',(0.,-1.));
#2746 = ( GEOMETRIC_REPRESENTATION_CONTEXT(2) 
PARAMETRIC_REPRESENTATION_CONTEXT() REPRESENTATION_CONTEXT('2D SPACE',''
  ) );
#2747 = ORIENTED_EDGE('',*,*,#706,.F.);
#2748 = ORIENTED_EDGE('',*,*,#2678,.T.);
#2749 = ORIENTED_EDGE('',*,*,#2750,.T.);
#2750 = EDGE_CURVE('',#2656,#2751,#2753,.T.);
#2751 = VERTEX_POINT('',#2752);
#2752 = CARTESIAN_POINT('',(-11.7,-12.7,61.3676));
#2753 = SURFACE_CURVE('',#2754,(#2758,#2765),.PCURVE_S1.);
#2754 = LINE('',#2755,#2756);
#2755 = CARTESIAN_POINT('',(31.388401231406,-41.42560082086,61.3676));
#2756 = VECTOR('',#2757,1.);
#2757 = DIRECTION('',(0.832050294339,-0.554700196224,0.));
#2758 = PCURVE('',#722,#2759);
#2759 = DEFINITIONAL_REPRESENTATION('',(#2760),#2764);
#2760 = LINE('',#2761,#2762);
#2761 = CARTESIAN_POINT('',(35.425600820861,-88.0225356591));
#2762 = VECTOR('',#2763,1.);
#2763 = DIRECTION('',(0.554700196224,0.832050294339));
#2764 = ( GEOMETRIC_REPRESENTATION_CONTEXT(2) 
PARAMETRIC_REPRESENTATION_CONTEXT() REPRESENTATION_CONTEXT('2D SPACE',''
  ) );
#2765 = PCURVE('',#2587,#2766);
#2766 = DEFINITIONAL_REPRESENTATION('',(#2767),#2771);
#2767 = LINE('',#2768,#2769);
#2768 = CARTESIAN_POINT('',(-53.58858897688,55.3324));
#2769 = VECTOR('',#2770,1.);
#2770 = DIRECTION('',(-1.,3.697785493223E-32));
#2771 = ( GEOMETRIC_REPRESENTATION_CONTEXT(2) 
PARAMETRIC_REPRESENTATION_CONTEXT() REPRESENTATION_CONTEXT('2D SPACE',''
  ) );
#2772 = ORIENTED_EDGE('',*,*,#2773,.T.);
#2773 = EDGE_CURVE('',#2751,#2703,#2774,.T.);
#2774 = SURFACE_CURVE('',#2775,(#2779,#2786),.PCURVE_S1.);
#2775 = LINE('',#2776,#2777);
#2776 = CARTESIAN_POINT('',(53.855468445254,-12.7,61.3676));
#2777 = VECTOR('',#2778,1.);
#2778 = DIRECTION('',(1.,0.,0.));
#2779 = PCURVE('',#722,#2780);
#2780 = DEFINITIONAL_REPRESENTATION('',(#2781),#2785);
#2781 = LINE('',#2782,#2783);
#2782 = CARTESIAN_POINT('',(6.7,-65.55546844525));
#2783 = VECTOR('',#2784,1.);
#2784 = DIRECTION('',(0.,1.));
#2785 = ( GEOMETRIC_REPRESENTATION_CONTEXT(2) 
PARAMETRIC_REPRESENTATION_CONTEXT() REPRESENTATION_CONTEXT('2D SPACE',''
  ) );
#2786 = PCURVE('',#2615,#2787);
#2787 = DEFINITIONAL_REPRESENTATION('',(#2788),#2792);
#2788 = LINE('',#2789,#2790);
#2789 = CARTESIAN_POINT('',(-65.55546844525,55.3324));
#2790 = VECTOR('',#2791,1.);
#2791 = DIRECTION('',(-1.,0.));
#2792 = ( GEOMETRIC_REPRESENTATION_CONTEXT(2) 
PARAMETRIC_REPRESENTATION_CONTEXT() REPRESENTATION_CONTEXT('2D SPACE',''
  ) );
#2793 = ADVANCED_FACE('',(#2794),#694,.F.);
#2794 = FACE_BOUND('',#2795,.F.);
#2795 = EDGE_LOOP('',(#2796,#2826,#2847,#2848,#2849,#2877,#2878));
#2796 = ORIENTED_EDGE('',*,*,#2797,.F.);
#2797 = EDGE_CURVE('',#2798,#2276,#2800,.T.);
#2798 = VERTEX_POINT('',#2799);
#2799 = CARTESIAN_POINT('',(-9.113825954378,-6.,57.3676));
#2800 = SURFACE_CURVE('',#2801,(#2806,#2819),.PCURVE_S1.);
#2801 = ELLIPSE('',#2802,2.007639675087,2.);
#2802 = AXIS2_PLACEMENT_3D('',#2803,#2804,#2805);
#2803 = CARTESIAN_POINT('',(-9.113825954378,-6.,59.3676));
#2804 = DIRECTION('',(0.996194698092,-8.715574274744E-02,
    1.93524624653E-17));
#2805 = DIRECTION('',(8.715574274744E-02,0.996194698092,
    -2.211996581662E-16));
#2806 = PCURVE('',#694,#2807);
#2807 = DEFINITIONAL_REPRESENTATION('',(#2808),#2818);
#2808 = B_SPLINE_CURVE_WITH_KNOTS('',8,(#2809,#2810,#2811,#2812,#2813,
    #2814,#2815,#2816,#2817),.UNSPECIFIED.,.F.,.F.,(9,9),(4.712388980385
    ,7.853981633974),.PIECEWISE_BEZIER_KNOTS.);
#2809 = CARTESIAN_POINT('',(4.712388980385,-128.5247628448));
#2810 = CARTESIAN_POINT('',(5.105088062083,-128.4560494092));
#2811 = CARTESIAN_POINT('',(5.497787143782,-128.3873354256));
#2812 = CARTESIAN_POINT('',(5.890486225481,-128.3347743305));
#2813 = CARTESIAN_POINT('',(6.28318530718,-128.3144753469));
#2814 = CARTESIAN_POINT('',(6.675884388878,-128.3347743304));
#2815 = CARTESIAN_POINT('',(7.068583470577,-128.3873354256));
#2816 = CARTESIAN_POINT('',(7.461282552276,-128.4560494092));
#2817 = CARTESIAN_POINT('',(7.853981633974,-128.5247628448));
#2818 = ( GEOMETRIC_REPRESENTATION_CONTEXT(2) 
PARAMETRIC_REPRESENTATION_CONTEXT() REPRESENTATION_CONTEXT('2D SPACE',''
  ) );
#2819 = PCURVE('',#2347,#2820);
#2820 = DEFINITIONAL_REPRESENTATION('',(#2821),#2825);
#2821 = ELLIPSE('',#2822,2.007639675087,2.);
#2822 = AXIS2_PLACEMENT_2D('',#2823,#2824);
#2823 = CARTESIAN_POINT('',(-6.72559291154,57.3324));
#2824 = DIRECTION('',(-1.,2.211996581662E-16));
#2825 = ( GEOMETRIC_REPRESENTATION_CONTEXT(2) 
PARAMETRIC_REPRESENTATION_CONTEXT() REPRESENTATION_CONTEXT('2D SPACE',''
  ) );
#2826 = ORIENTED_EDGE('',*,*,#2827,.T.);
#2827 = EDGE_CURVE('',#2798,#646,#2828,.T.);
#2828 = SURFACE_CURVE('',#2829,(#2833,#2840),.PCURVE_S1.);
#2829 = LINE('',#2830,#2831);
#2830 = CARTESIAN_POINT('',(119.4109368905,-6.,57.3676));
#2831 = VECTOR('',#2832,1.);
#2832 = DIRECTION('',(-1.,-0.,0.));
#2833 = PCURVE('',#694,#2834);
#2834 = DEFINITIONAL_REPRESENTATION('',(#2835),#2839);
#2835 = LINE('',#2836,#2837);
#2836 = CARTESIAN_POINT('',(4.712388980385,0.));
#2837 = VECTOR('',#2838,1.);
#2838 = DIRECTION('',(0.,-1.));
#2839 = ( GEOMETRIC_REPRESENTATION_CONTEXT(2) 
PARAMETRIC_REPRESENTATION_CONTEXT() REPRESENTATION_CONTEXT('2D SPACE',''
  ) );
#2840 = PCURVE('',#661,#2841);
#2841 = DEFINITIONAL_REPRESENTATION('',(#2842),#2846);
#2842 = LINE('',#2843,#2844);
#2843 = CARTESIAN_POINT('',(7.917391,0.));
#2844 = VECTOR('',#2845,1.);
#2845 = DIRECTION('',(0.,-1.));
#2846 = ( GEOMETRIC_REPRESENTATION_CONTEXT(2) 
PARAMETRIC_REPRESENTATION_CONTEXT() REPRESENTATION_CONTEXT('2D SPACE',''
  ) );
#2847 = ORIENTED_EDGE('',*,*,#673,.T.);
#2848 = ORIENTED_EDGE('',*,*,#2727,.F.);
#2849 = ORIENTED_EDGE('',*,*,#2850,.F.);
#2850 = EDGE_CURVE('',#2192,#2705,#2851,.T.);
#2851 = SURFACE_CURVE('',#2852,(#2857,#2870),.PCURVE_S1.);
#2852 = ELLIPSE('',#2853,2.007639675087,2.);
#2853 = AXIS2_PLACEMENT_3D('',#2854,#2855,#2856);
#2854 = CARTESIAN_POINT('',(-9.113825954378,-6.,59.3676));
#2855 = DIRECTION('',(0.996194698092,-8.715574274744E-02,
    1.93524624653E-17));
#2856 = DIRECTION('',(8.715574274744E-02,0.996194698092,
    -2.211996581662E-16));
#2857 = PCURVE('',#694,#2858);
#2858 = DEFINITIONAL_REPRESENTATION('',(#2859),#2869);
#2859 = B_SPLINE_CURVE_WITH_KNOTS('',8,(#2860,#2861,#2862,#2863,#2864,
    #2865,#2866,#2867,#2868),.UNSPECIFIED.,.F.,.F.,(9,9),(4.712388980385
    ,7.853981633974),.PIECEWISE_BEZIER_KNOTS.);
#2860 = CARTESIAN_POINT('',(4.712388980385,-128.5247628448));
#2861 = CARTESIAN_POINT('',(5.105088062083,-128.4560494092));
#2862 = CARTESIAN_POINT('',(5.497787143782,-128.3873354256));
#2863 = CARTESIAN_POINT('',(5.890486225481,-128.3347743305));
#2864 = CARTESIAN_POINT('',(6.28318530718,-128.3144753469));
#2865 = CARTESIAN_POINT('',(6.675884388878,-128.3347743304));
#2866 = CARTESIAN_POINT('',(7.068583470577,-128.3873354256));
#2867 = CARTESIAN_POINT('',(7.461282552276,-128.4560494092));
#2868 = CARTESIAN_POINT('',(7.853981633974,-128.5247628448));
#2869 = ( GEOMETRIC_REPRESENTATION_CONTEXT(2) 
PARAMETRIC_REPRESENTATION_CONTEXT() REPRESENTATION_CONTEXT('2D SPACE',''
  ) );
#2870 = PCURVE('',#2207,#2871);
#2871 = DEFINITIONAL_REPRESENTATION('',(#2872),#2876);
#2872 = ELLIPSE('',#2873,2.007639675087,2.);
#2873 = AXIS2_PLACEMENT_2D('',#2874,#2875);
#2874 = CARTESIAN_POINT('',(-6.72559291154,57.3324));
#2875 = DIRECTION('',(-1.,2.211996581662E-16));
#2876 = ( GEOMETRIC_REPRESENTATION_CONTEXT(2) 
PARAMETRIC_REPRESENTATION_CONTEXT() REPRESENTATION_CONTEXT('2D SPACE',''
  ) );
#2877 = ORIENTED_EDGE('',*,*,#2219,.F.);
#2878 = ORIENTED_EDGE('',*,*,#2275,.F.);
#2879 = ADVANCED_FACE('',(#2880),#661,.F.);
#2880 = FACE_BOUND('',#2881,.F.);
#2881 = EDGE_LOOP('',(#2882,#2883,#2884,#2907,#2935,#2963));
#2882 = ORIENTED_EDGE('',*,*,#645,.F.);
#2883 = ORIENTED_EDGE('',*,*,#2827,.F.);
#2884 = ORIENTED_EDGE('',*,*,#2885,.T.);
#2885 = EDGE_CURVE('',#2798,#2886,#2888,.T.);
#2886 = VERTEX_POINT('',#2887);
#2887 = CARTESIAN_POINT('',(-9.7,-12.7,57.3676));
#2888 = SURFACE_CURVE('',#2889,(#2893,#2900),.PCURVE_S1.);
#2889 = LINE('',#2890,#2891);
#2890 = CARTESIAN_POINT('',(-9.26247812165,-7.699102046849,57.3676));
#2891 = VECTOR('',#2892,1.);
#2892 = DIRECTION('',(-8.715574274744E-02,-0.996194698092,0.));
#2893 = PCURVE('',#661,#2894);
#2894 = DEFINITIONAL_REPRESENTATION('',(#2895),#2899);
#2895 = LINE('',#2896,#2897);
#2896 = CARTESIAN_POINT('',(6.218288953151,-128.6734150121));
#2897 = VECTOR('',#2898,1.);
#2898 = DIRECTION('',(-0.996194698092,-8.715574274744E-02));
#2899 = ( GEOMETRIC_REPRESENTATION_CONTEXT(2) 
PARAMETRIC_REPRESENTATION_CONTEXT() REPRESENTATION_CONTEXT('2D SPACE',''
  ) );
#2900 = PCURVE('',#2347,#2901);
#2901 = DEFINITIONAL_REPRESENTATION('',(#2902),#2906);
#2902 = LINE('',#2903,#2904);
#2903 = CARTESIAN_POINT('',(-5.020000570903,59.3324));
#2904 = VECTOR('',#2905,1.);
#2905 = DIRECTION('',(1.,5.46964104206E-32));
#2906 = ( GEOMETRIC_REPRESENTATION_CONTEXT(2) 
PARAMETRIC_REPRESENTATION_CONTEXT() REPRESENTATION_CONTEXT('2D SPACE',''
  ) );
#2907 = ORIENTED_EDGE('',*,*,#2908,.T.);
#2908 = EDGE_CURVE('',#2886,#2909,#2911,.T.);
#2909 = VERTEX_POINT('',#2910);
#2910 = CARTESIAN_POINT('',(-11.7,-12.7,57.3676));
#2911 = SURFACE_CURVE('',#2912,(#2916,#2923),.PCURVE_S1.);
#2912 = LINE('',#2913,#2914);
#2913 = CARTESIAN_POINT('',(53.855468445254,-12.7,57.3676));
#2914 = VECTOR('',#2915,1.);
#2915 = DIRECTION('',(-1.,-0.,0.));
#2916 = PCURVE('',#661,#2917);
#2917 = DEFINITIONAL_REPRESENTATION('',(#2918),#2922);
#2918 = LINE('',#2919,#2920);
#2919 = CARTESIAN_POINT('',(1.217391,-65.55546844525));
#2920 = VECTOR('',#2921,1.);
#2921 = DIRECTION('',(0.,-1.));
#2922 = ( GEOMETRIC_REPRESENTATION_CONTEXT(2) 
PARAMETRIC_REPRESENTATION_CONTEXT() REPRESENTATION_CONTEXT('2D SPACE',''
  ) );
#2923 = PCURVE('',#2924,#2929);
#2924 = PLANE('',#2925);
#2925 = AXIS2_PLACEMENT_3D('',#2926,#2927,#2928);
#2926 = CARTESIAN_POINT('',(-11.7,-12.7,116.7));
#2927 = DIRECTION('',(0.,-1.,2.22044604925E-16));
#2928 = DIRECTION('',(-1.,-0.,-0.));
#2929 = DEFINITIONAL_REPRESENTATION('',(#2930),#2934);
#2930 = LINE('',#2931,#2932);
#2931 = CARTESIAN_POINT('',(-65.55546844525,59.3324));
#2932 = VECTOR('',#2933,1.);
#2933 = DIRECTION('',(1.,-0.));
#2934 = ( GEOMETRIC_REPRESENTATION_CONTEXT(2) 
PARAMETRIC_REPRESENTATION_CONTEXT() REPRESENTATION_CONTEXT('2D SPACE',''
  ) );
#2935 = ORIENTED_EDGE('',*,*,#2936,.T.);
#2936 = EDGE_CURVE('',#2909,#2937,#2939,.T.);
#2937 = VERTEX_POINT('',#2938);
#2938 = CARTESIAN_POINT('',(-13.2,-11.7,57.3676));
#2939 = SURFACE_CURVE('',#2940,(#2944,#2951),.PCURVE_S1.);
#2940 = LINE('',#2941,#2942);
#2941 = CARTESIAN_POINT('',(33.215491462173,-42.6436609747,57.3676));
#2942 = VECTOR('',#2943,1.);
#2943 = DIRECTION('',(-0.832050294339,0.554700196224,0.));
#2944 = PCURVE('',#661,#2945);
#2945 = DEFINITIONAL_REPRESENTATION('',(#2946),#2950);
#2946 = LINE('',#2947,#2948);
#2947 = CARTESIAN_POINT('',(-28.7262699747,-86.19544542833));
#2948 = VECTOR('',#2949,1.);
#2949 = DIRECTION('',(0.554700196224,-0.832050294339));
#2950 = ( GEOMETRIC_REPRESENTATION_CONTEXT(2) 
PARAMETRIC_REPRESENTATION_CONTEXT() REPRESENTATION_CONTEXT('2D SPACE',''
  ) );
#2951 = PCURVE('',#2952,#2957);
#2952 = PLANE('',#2953);
#2953 = AXIS2_PLACEMENT_3D('',#2954,#2955,#2956);
#2954 = CARTESIAN_POINT('',(-13.2,-11.7,116.7));
#2955 = DIRECTION('',(-0.554700196224,-0.832050294339,1.847522788842E-16
    ));
#2956 = DIRECTION('',(-0.832050294339,0.554700196224,-2.465190328816E-32
    ));
#2957 = DEFINITIONAL_REPRESENTATION('',(#2958),#2962);
#2958 = LINE('',#2959,#2960);
#2959 = CARTESIAN_POINT('',(-55.78447814753,59.3324));
#2960 = VECTOR('',#2961,1.);
#2961 = DIRECTION('',(1.,-3.697785493223E-32));
#2962 = ( GEOMETRIC_REPRESENTATION_CONTEXT(2) 
PARAMETRIC_REPRESENTATION_CONTEXT() REPRESENTATION_CONTEXT('2D SPACE',''
  ) );
#2963 = ORIENTED_EDGE('',*,*,#2964,.T.);
#2964 = EDGE_CURVE('',#2937,#618,#2965,.T.);
#2965 = SURFACE_CURVE('',#2966,(#2970,#2977),.PCURVE_S1.);
#2966 = LINE('',#2967,#2968);
#2967 = CARTESIAN_POINT('',(32.942080231255,19.061386820916,57.3676));
#2968 = VECTOR('',#2969,1.);
#2969 = DIRECTION('',(0.832050294337,0.554700196226,0.));
#2970 = PCURVE('',#661,#2971);
#2971 = DEFINITIONAL_REPRESENTATION('',(#2972),#2976);
#2972 = LINE('',#2973,#2974);
#2973 = CARTESIAN_POINT('',(32.978777820916,-86.46885665925));
#2974 = VECTOR('',#2975,1.);
#2975 = DIRECTION('',(0.554700196226,0.832050294337));
#2976 = ( GEOMETRIC_REPRESENTATION_CONTEXT(2) 
PARAMETRIC_REPRESENTATION_CONTEXT() REPRESENTATION_CONTEXT('2D SPACE',''
  ) );
#2977 = PCURVE('',#633,#2978);
#2978 = DEFINITIONAL_REPRESENTATION('',(#2979),#2983);
#2979 = LINE('',#2980,#2981);
#2980 = CARTESIAN_POINT('',(53.653103105766,59.3324));
#2981 = VECTOR('',#2982,1.);
#2982 = DIRECTION('',(1.,1.232595164408E-32));
#2983 = ( GEOMETRIC_REPRESENTATION_CONTEXT(2) 
PARAMETRIC_REPRESENTATION_CONTEXT() REPRESENTATION_CONTEXT('2D SPACE',''
  ) );
#2984 = ADVANCED_FACE('',(#2985),#633,.T.);
#2985 = FACE_BOUND('',#2986,.F.);
#2986 = EDGE_LOOP('',(#2987,#2988,#2989,#3012));
#2987 = ORIENTED_EDGE('',*,*,#617,.F.);
#2988 = ORIENTED_EDGE('',*,*,#2964,.F.);
#2989 = ORIENTED_EDGE('',*,*,#2990,.T.);
#2990 = EDGE_CURVE('',#2937,#2991,#2993,.T.);
#2991 = VERTEX_POINT('',#2992);
#2992 = CARTESIAN_POINT('',(-13.2,-11.7,6.3));
#2993 = SURFACE_CURVE('',#2994,(#2998,#3005),.PCURVE_S1.);
#2994 = LINE('',#2995,#2996);
#2995 = CARTESIAN_POINT('',(-13.2,-11.7,116.7));
#2996 = VECTOR('',#2997,1.);
#2997 = DIRECTION('',(1.024821253501E-16,-1.537231880248E-16,-1.));
#2998 = PCURVE('',#633,#2999);
#2999 = DEFINITIONAL_REPRESENTATION('',(#3000),#3004);
#3000 = LINE('',#3001,#3002);
#3001 = CARTESIAN_POINT('',(-1.802775637733,-2.465190328816E-32));
#3002 = VECTOR('',#3003,1.);
#3003 = DIRECTION('',(-0.,1.));
#3004 = ( GEOMETRIC_REPRESENTATION_CONTEXT(2) 
PARAMETRIC_REPRESENTATION_CONTEXT() REPRESENTATION_CONTEXT('2D SPACE',''
  ) );
#3005 = PCURVE('',#2952,#3006);
#3006 = DEFINITIONAL_REPRESENTATION('',(#3007),#3011);
#3007 = LINE('',#3008,#3009);
#3008 = CARTESIAN_POINT('',(-0.,-0.));
#3009 = VECTOR('',#3010,1.);
#3010 = DIRECTION('',(-1.705405651236E-16,1.));
#3011 = ( GEOMETRIC_REPRESENTATION_CONTEXT(2) 
PARAMETRIC_REPRESENTATION_CONTEXT() REPRESENTATION_CONTEXT('2D SPACE',''
  ) );
#3012 = ORIENTED_EDGE('',*,*,#3013,.F.);
#3013 = EDGE_CURVE('',#590,#2991,#3014,.T.);
#3014 = SURFACE_CURVE('',#3015,(#3019,#3026),.PCURVE_S1.);
#3015 = LINE('',#3016,#3017);
#3016 = CARTESIAN_POINT('',(-11.7,-10.7,6.3));
#3017 = VECTOR('',#3018,1.);
#3018 = DIRECTION('',(-0.832050294337,-0.554700196226,0.));
#3019 = PCURVE('',#633,#3020);
#3020 = DEFINITIONAL_REPRESENTATION('',(#3021),#3025);
#3021 = LINE('',#3022,#3023);
#3022 = CARTESIAN_POINT('',(-1.379483682336E-14,110.4));
#3023 = VECTOR('',#3024,1.);
#3024 = DIRECTION('',(-1.,-1.232595164408E-32));
#3025 = ( GEOMETRIC_REPRESENTATION_CONTEXT(2) 
PARAMETRIC_REPRESENTATION_CONTEXT() REPRESENTATION_CONTEXT('2D SPACE',''
  ) );
#3026 = PCURVE('',#605,#3027);
#3027 = DEFINITIONAL_REPRESENTATION('',(#3028),#3032);
#3028 = LINE('',#3029,#3030);
#3029 = CARTESIAN_POINT('',(1.910195730219,-5.183490501362));
#3030 = VECTOR('',#3031,1.);
#3031 = DIRECTION('',(0.832050294337,-0.554700196226));
#3032 = ( GEOMETRIC_REPRESENTATION_CONTEXT(2) 
PARAMETRIC_REPRESENTATION_CONTEXT() REPRESENTATION_CONTEXT('2D SPACE',''
  ) );
#3033 = ADVANCED_FACE('',(#3034),#605,.T.);
#3034 = FACE_BOUND('',#3035,.F.);
#3035 = EDGE_LOOP('',(#3036,#3037,#3038,#3061,#3084,#3105,#3106));
#3036 = ORIENTED_EDGE('',*,*,#589,.F.);
#3037 = ORIENTED_EDGE('',*,*,#3013,.T.);
#3038 = ORIENTED_EDGE('',*,*,#3039,.T.);
#3039 = EDGE_CURVE('',#2991,#3040,#3042,.T.);
#3040 = VERTEX_POINT('',#3041);
#3041 = CARTESIAN_POINT('',(-11.7,-12.7,6.3));
#3042 = SURFACE_CURVE('',#3043,(#3047,#3054),.PCURVE_S1.);
#3043 = LINE('',#3044,#3045);
#3044 = CARTESIAN_POINT('',(-13.2,-11.7,6.3));
#3045 = VECTOR('',#3046,1.);
#3046 = DIRECTION('',(0.832050294339,-0.554700196224,0.));
#3047 = PCURVE('',#605,#3048);
#3048 = DEFINITIONAL_REPRESENTATION('',(#3049),#3053);
#3049 = LINE('',#3050,#3051);
#3050 = CARTESIAN_POINT('',(3.410195730219,-6.183490501365));
#3051 = VECTOR('',#3052,1.);
#3052 = DIRECTION('',(-0.832050294339,-0.554700196224));
#3053 = ( GEOMETRIC_REPRESENTATION_CONTEXT(2) 
PARAMETRIC_REPRESENTATION_CONTEXT() REPRESENTATION_CONTEXT('2D SPACE',''
  ) );
#3054 = PCURVE('',#2952,#3055);
#3055 = DEFINITIONAL_REPRESENTATION('',(#3056),#3060);
#3056 = LINE('',#3057,#3058);
#3057 = CARTESIAN_POINT('',(-1.379483682331E-14,110.4));
#3058 = VECTOR('',#3059,1.);
#3059 = DIRECTION('',(-1.,3.697785493223E-32));
#3060 = ( GEOMETRIC_REPRESENTATION_CONTEXT(2) 
PARAMETRIC_REPRESENTATION_CONTEXT() REPRESENTATION_CONTEXT('2D SPACE',''
  ) );
#3061 = ORIENTED_EDGE('',*,*,#3062,.T.);
#3062 = EDGE_CURVE('',#3040,#3063,#3065,.T.);
#3063 = VERTEX_POINT('',#3064);
#3064 = CARTESIAN_POINT('',(-9.7,-12.7,6.3));
#3065 = SURFACE_CURVE('',#3066,(#3070,#3077),.PCURVE_S1.);
#3066 = LINE('',#3067,#3068);
#3067 = CARTESIAN_POINT('',(-11.7,-12.7,6.3));
#3068 = VECTOR('',#3069,1.);
#3069 = DIRECTION('',(1.,0.,0.));
#3070 = PCURVE('',#605,#3071);
#3071 = DEFINITIONAL_REPRESENTATION('',(#3072),#3076);
#3072 = LINE('',#3073,#3074);
#3073 = CARTESIAN_POINT('',(1.910195730219,-7.183490501362));
#3074 = VECTOR('',#3075,1.);
#3075 = DIRECTION('',(-1.,0.));
#3076 = ( GEOMETRIC_REPRESENTATION_CONTEXT(2) 
PARAMETRIC_REPRESENTATION_CONTEXT() REPRESENTATION_CONTEXT('2D SPACE',''
  ) );
#3077 = PCURVE('',#2924,#3078);
#3078 = DEFINITIONAL_REPRESENTATION('',(#3079),#3083);
#3079 = LINE('',#3080,#3081);
#3080 = CARTESIAN_POINT('',(-0.,110.4));
#3081 = VECTOR('',#3082,1.);
#3082 = DIRECTION('',(-1.,0.));
#3083 = ( GEOMETRIC_REPRESENTATION_CONTEXT(2) 
PARAMETRIC_REPRESENTATION_CONTEXT() REPRESENTATION_CONTEXT('2D SPACE',''
  ) );
#3084 = ORIENTED_EDGE('',*,*,#3085,.T.);
#3085 = EDGE_CURVE('',#3063,#2332,#3086,.T.);
#3086 = SURFACE_CURVE('',#3087,(#3091,#3098),.PCURVE_S1.);
#3087 = LINE('',#3088,#3089);
#3088 = CARTESIAN_POINT('',(-9.7,-12.7,6.3));
#3089 = VECTOR('',#3090,1.);
#3090 = DIRECTION('',(8.715574274744E-02,0.996194698092,0.));
#3091 = PCURVE('',#605,#3092);
#3092 = DEFINITIONAL_REPRESENTATION('',(#3093),#3097);
#3093 = LINE('',#3094,#3095);
#3094 = CARTESIAN_POINT('',(-8.980426978072E-02,-7.183490501362));
#3095 = VECTOR('',#3096,1.);
#3096 = DIRECTION('',(-8.715574274744E-02,0.996194698092));
#3097 = ( GEOMETRIC_REPRESENTATION_CONTEXT(2) 
PARAMETRIC_REPRESENTATION_CONTEXT() REPRESENTATION_CONTEXT('2D SPACE',''
  ) );
#3098 = PCURVE('',#2347,#3099);
#3099 = DEFINITIONAL_REPRESENTATION('',(#3100),#3104);
#3100 = LINE('',#3101,#3102);
#3101 = CARTESIAN_POINT('',(2.300476444928E-14,110.4));
#3102 = VECTOR('',#3103,1.);
#3103 = DIRECTION('',(-1.,-5.46964104206E-32));
#3104 = ( GEOMETRIC_REPRESENTATION_CONTEXT(2) 
PARAMETRIC_REPRESENTATION_CONTEXT() REPRESENTATION_CONTEXT('2D SPACE',''
  ) );
#3105 = ORIENTED_EDGE('',*,*,#2359,.F.);
#3106 = ORIENTED_EDGE('',*,*,#3107,.T.);
#3107 = EDGE_CURVE('',#2360,#562,#3108,.T.);
#3108 = SURFACE_CURVE('',#3109,(#3113,#3120),.PCURVE_S1.);
#3109 = LINE('',#3110,#3111);
#3110 = CARTESIAN_POINT('',(-4.89490213489,-1.,6.3));
#3111 = VECTOR('',#3112,1.);
#3112 = DIRECTION('',(-1.,-1.176296465049E-31,-5.287995978824E-16));
#3113 = PCURVE('',#605,#3114);
#3114 = DEFINITIONAL_REPRESENTATION('',(#3115),#3119);
#3115 = LINE('',#3116,#3117);
#3116 = CARTESIAN_POINT('',(-4.89490213489,4.516509498638));
#3117 = VECTOR('',#3118,1.);
#3118 = DIRECTION('',(1.,-2.350467443013E-31));
#3119 = ( GEOMETRIC_REPRESENTATION_CONTEXT(2) 
PARAMETRIC_REPRESENTATION_CONTEXT() REPRESENTATION_CONTEXT('2D SPACE',''
  ) );
#3120 = PCURVE('',#1619,#3121);
#3121 = DEFINITIONAL_REPRESENTATION('',(#3122),#3126);
#3122 = LINE('',#3123,#3124);
#3123 = CARTESIAN_POINT('',(-55.2,4.89490213489));
#3124 = VECTOR('',#3125,1.);
#3125 = DIRECTION('',(-5.287995978824E-16,1.));
#3126 = ( GEOMETRIC_REPRESENTATION_CONTEXT(2) 
PARAMETRIC_REPRESENTATION_CONTEXT() REPRESENTATION_CONTEXT('2D SPACE',''
  ) );
#3127 = ADVANCED_FACE('',(#3128),#577,.T.);
#3128 = FACE_BOUND('',#3129,.F.);
#3129 = EDGE_LOOP('',(#3130,#3131,#3155,#3183));
#3130 = ORIENTED_EDGE('',*,*,#561,.T.);
#3131 = ORIENTED_EDGE('',*,*,#3132,.T.);
#3132 = EDGE_CURVE('',#562,#3133,#3135,.T.);
#3133 = VERTEX_POINT('',#3134);
#3134 = CARTESIAN_POINT('',(-9.7,-1.,4.3));
#3135 = SURFACE_CURVE('',#3136,(#3141,#3148),.PCURVE_S1.);
#3136 = CIRCLE('',#3137,2.);
#3137 = AXIS2_PLACEMENT_3D('',#3138,#3139,#3140);
#3138 = CARTESIAN_POINT('',(-9.7,-1.,6.3));
#3139 = DIRECTION('',(0.,-1.,2.22044604925E-16));
#3140 = DIRECTION('',(1.,0.,0.));
#3141 = PCURVE('',#577,#3142);
#3142 = DEFINITIONAL_REPRESENTATION('',(#3143),#3147);
#3143 = LINE('',#3144,#3145);
#3144 = CARTESIAN_POINT('',(-0.,-1.));
#3145 = VECTOR('',#3146,1.);
#3146 = DIRECTION('',(-1.,0.));
#3147 = ( GEOMETRIC_REPRESENTATION_CONTEXT(2) 
PARAMETRIC_REPRESENTATION_CONTEXT() REPRESENTATION_CONTEXT('2D SPACE',''
  ) );
#3148 = PCURVE('',#1619,#3149);
#3149 = DEFINITIONAL_REPRESENTATION('',(#3150),#3154);
#3150 = CIRCLE('',#3151,2.);
#3151 = AXIS2_PLACEMENT_2D('',#3152,#3153);
#3152 = CARTESIAN_POINT('',(-55.2,9.7));
#3153 = DIRECTION('',(0.,-1.));
#3154 = ( GEOMETRIC_REPRESENTATION_CONTEXT(2) 
PARAMETRIC_REPRESENTATION_CONTEXT() REPRESENTATION_CONTEXT('2D SPACE',''
  ) );
#3155 = ORIENTED_EDGE('',*,*,#3156,.F.);
#3156 = EDGE_CURVE('',#3157,#3133,#3159,.T.);
#3157 = VERTEX_POINT('',#3158);
#3158 = CARTESIAN_POINT('',(-9.7,-0.333333333333,4.3));
#3159 = SURFACE_CURVE('',#3160,(#3164,#3171),.PCURVE_S1.);
#3160 = LINE('',#3161,#3162);
#3161 = CARTESIAN_POINT('',(-9.7,9.547918011776E-16,4.3));
#3162 = VECTOR('',#3163,1.);
#3163 = DIRECTION('',(0.,-1.,2.22044604925E-16));
#3164 = PCURVE('',#577,#3165);
#3165 = DEFINITIONAL_REPRESENTATION('',(#3166),#3170);
#3166 = LINE('',#3167,#3168);
#3167 = CARTESIAN_POINT('',(-4.712388980385,0.));
#3168 = VECTOR('',#3169,1.);
#3169 = DIRECTION('',(-0.,-1.));
#3170 = ( GEOMETRIC_REPRESENTATION_CONTEXT(2) 
PARAMETRIC_REPRESENTATION_CONTEXT() REPRESENTATION_CONTEXT('2D SPACE',''
  ) );
#3171 = PCURVE('',#3172,#3177);
#3172 = PLANE('',#3173);
#3173 = AXIS2_PLACEMENT_3D('',#3174,#3175,#3176);
#3174 = CARTESIAN_POINT('',(0.,-0.5,4.3));
#3175 = DIRECTION('',(0.,2.22044604925E-16,-1.));
#3176 = DIRECTION('',(0.,1.,2.22044604925E-16));
#3177 = DEFINITIONAL_REPRESENTATION('',(#3178),#3182);
#3178 = LINE('',#3179,#3180);
#3179 = CARTESIAN_POINT('',(0.5,-9.7));
#3180 = VECTOR('',#3181,1.);
#3181 = DIRECTION('',(-1.,0.));
#3182 = ( GEOMETRIC_REPRESENTATION_CONTEXT(2) 
PARAMETRIC_REPRESENTATION_CONTEXT() REPRESENTATION_CONTEXT('2D SPACE',''
  ) );
#3183 = ORIENTED_EDGE('',*,*,#3184,.T.);
#3184 = EDGE_CURVE('',#3157,#539,#3185,.T.);
#3185 = SURFACE_CURVE('',#3186,(#3191,#3198),.PCURVE_S1.);
#3186 = CIRCLE('',#3187,2.);
#3187 = AXIS2_PLACEMENT_3D('',#3188,#3189,#3190);
#3188 = CARTESIAN_POINT('',(-9.7,-0.333333333333,6.3));
#3189 = DIRECTION('',(0.,1.,-2.22044604925E-16));
#3190 = DIRECTION('',(0.,-2.22044604925E-16,-1.));
#3191 = PCURVE('',#577,#3192);
#3192 = DEFINITIONAL_REPRESENTATION('',(#3193),#3197);
#3193 = LINE('',#3194,#3195);
#3194 = CARTESIAN_POINT('',(-4.712388980385,-0.333333333333));
#3195 = VECTOR('',#3196,1.);
#3196 = DIRECTION('',(1.,-0.));
#3197 = ( GEOMETRIC_REPRESENTATION_CONTEXT(2) 
PARAMETRIC_REPRESENTATION_CONTEXT() REPRESENTATION_CONTEXT('2D SPACE',''
  ) );
#3198 = PCURVE('',#913,#3199);
#3199 = DEFINITIONAL_REPRESENTATION('',(#3200),#3204);
#3200 = LINE('',#3201,#3202);
#3201 = CARTESIAN_POINT('',(0.,0.));
#3202 = VECTOR('',#3203,1.);
#3203 = DIRECTION('',(1.,0.));
#3204 = ( GEOMETRIC_REPRESENTATION_CONTEXT(2) 
PARAMETRIC_REPRESENTATION_CONTEXT() REPRESENTATION_CONTEXT('2D SPACE',''
  ) );
#3205 = ADVANCED_FACE('',(#3206),#825,.T.);
#3206 = FACE_BOUND('',#3207,.T.);
#3207 = EDGE_LOOP('',(#3208,#3209,#3210,#3232));
#3208 = ORIENTED_EDGE('',*,*,#810,.F.);
#3209 = ORIENTED_EDGE('',*,*,#871,.T.);
#3210 = ORIENTED_EDGE('',*,*,#3211,.T.);
#3211 = EDGE_CURVE('',#844,#1183,#3212,.T.);
#3212 = SURFACE_CURVE('',#3213,(#3218,#3225),.PCURVE_S1.);
#3213 = CIRCLE('',#3214,0.333333333333);
#3214 = AXIS2_PLACEMENT_3D('',#3215,#3216,#3217);
#3215 = CARTESIAN_POINT('',(11.366666666667,-0.333333333333,116.7));
#3216 = DIRECTION('',(-5.053215498074E-16,2.22044604925E-16,1.));
#3217 = DIRECTION('',(1.,1.122039238871E-31,5.053215498074E-16));
#3218 = PCURVE('',#825,#3219);
#3219 = DEFINITIONAL_REPRESENTATION('',(#3220),#3224);
#3220 = LINE('',#3221,#3222);
#3221 = CARTESIAN_POINT('',(1.570796326795,0.));
#3222 = VECTOR('',#3223,1.);
#3223 = DIRECTION('',(0.,1.));
#3224 = ( GEOMETRIC_REPRESENTATION_CONTEXT(2) 
PARAMETRIC_REPRESENTATION_CONTEXT() REPRESENTATION_CONTEXT('2D SPACE',''
  ) );
#3225 = PCURVE('',#1222,#3226);
#3226 = DEFINITIONAL_REPRESENTATION('',(#3227),#3231);
#3227 = LINE('',#3228,#3229);
#3228 = CARTESIAN_POINT('',(-0.,-1.480297366167E-16));
#3229 = VECTOR('',#3230,1.);
#3230 = DIRECTION('',(-1.,0.));
#3231 = ( GEOMETRIC_REPRESENTATION_CONTEXT(2) 
PARAMETRIC_REPRESENTATION_CONTEXT() REPRESENTATION_CONTEXT('2D SPACE',''
  ) );
#3232 = ORIENTED_EDGE('',*,*,#1182,.F.);
#3233 = ADVANCED_FACE('',(#3234),#859,.T.);
#3234 = FACE_BOUND('',#3235,.T.);
#3235 = EDGE_LOOP('',(#3236,#3259,#3260,#3261,#3284,#3312,#3336,#3364,
    #3392,#3415));
#3236 = ORIENTED_EDGE('',*,*,#3237,.F.);
#3237 = EDGE_CURVE('',#844,#3238,#3240,.T.);
#3238 = VERTEX_POINT('',#3239);
#3239 = CARTESIAN_POINT('',(11.7,-0.333333333333,6.3));
#3240 = SURFACE_CURVE('',#3241,(#3245,#3252),.PCURVE_S1.);
#3241 = LINE('',#3242,#3243);
#3242 = CARTESIAN_POINT('',(11.7,-0.333333333333,116.7));
#3243 = VECTOR('',#3244,1.);
#3244 = DIRECTION('',(0.,-2.22044604925E-16,-1.));
#3245 = PCURVE('',#859,#3246);
#3246 = DEFINITIONAL_REPRESENTATION('',(#3247),#3251);
#3247 = LINE('',#3248,#3249);
#3248 = CARTESIAN_POINT('',(-5.016666666667,-55.2));
#3249 = VECTOR('',#3250,1.);
#3250 = DIRECTION('',(4.440892098501E-16,1.));
#3251 = ( GEOMETRIC_REPRESENTATION_CONTEXT(2) 
PARAMETRIC_REPRESENTATION_CONTEXT() REPRESENTATION_CONTEXT('2D SPACE',''
  ) );
#3252 = PCURVE('',#1222,#3253);
#3253 = DEFINITIONAL_REPRESENTATION('',(#3254),#3258);
#3254 = LINE('',#3255,#3256);
#3255 = CARTESIAN_POINT('',(-0.,0.));
#3256 = VECTOR('',#3257,1.);
#3257 = DIRECTION('',(-0.,1.));
#3258 = ( GEOMETRIC_REPRESENTATION_CONTEXT(2) 
PARAMETRIC_REPRESENTATION_CONTEXT() REPRESENTATION_CONTEXT('2D SPACE',''
  ) );
#3259 = ORIENTED_EDGE('',*,*,#843,.T.);
#3260 = ORIENTED_EDGE('',*,*,#1853,.F.);
#3261 = ORIENTED_EDGE('',*,*,#3262,.T.);
#3262 = EDGE_CURVE('',#1854,#3263,#3265,.T.);
#3263 = VERTEX_POINT('',#3264);
#3264 = CARTESIAN_POINT('',(11.7,-10.7,61.3676));
#3265 = SURFACE_CURVE('',#3266,(#3270,#3277),.PCURVE_S1.);
#3266 = LINE('',#3267,#3268);
#3267 = CARTESIAN_POINT('',(11.7,-10.7,116.7));
#3268 = VECTOR('',#3269,1.);
#3269 = DIRECTION('',(-1.024821253501E-16,-1.537231880248E-16,-1.));
#3270 = PCURVE('',#859,#3271);
#3271 = DEFINITIONAL_REPRESENTATION('',(#3272),#3276);
#3272 = LINE('',#3273,#3274);
#3273 = CARTESIAN_POINT('',(5.35,-55.2));
#3274 = VECTOR('',#3275,1.);
#3275 = DIRECTION('',(3.757677929498E-16,1.));
#3276 = ( GEOMETRIC_REPRESENTATION_CONTEXT(2) 
PARAMETRIC_REPRESENTATION_CONTEXT() REPRESENTATION_CONTEXT('2D SPACE',''
  ) );
#3277 = PCURVE('',#1892,#3278);
#3278 = DEFINITIONAL_REPRESENTATION('',(#3279),#3283);
#3279 = LINE('',#3280,#3281);
#3280 = CARTESIAN_POINT('',(0.,-0.));
#3281 = VECTOR('',#3282,1.);
#3282 = DIRECTION('',(0.,1.));
#3283 = ( GEOMETRIC_REPRESENTATION_CONTEXT(2) 
PARAMETRIC_REPRESENTATION_CONTEXT() REPRESENTATION_CONTEXT('2D SPACE',''
  ) );
#3284 = ORIENTED_EDGE('',*,*,#3285,.F.);
#3285 = EDGE_CURVE('',#3286,#3263,#3288,.T.);
#3286 = VERTEX_POINT('',#3287);
#3287 = CARTESIAN_POINT('',(11.7,-6.,61.3676));
#3288 = SURFACE_CURVE('',#3289,(#3293,#3300),.PCURVE_S1.);
#3289 = LINE('',#3290,#3291);
#3290 = CARTESIAN_POINT('',(11.7,-5.675,61.3676));
#3291 = VECTOR('',#3292,1.);
#3292 = DIRECTION('',(-4.609395278872E-16,-1.,0.));
#3293 = PCURVE('',#859,#3294);
#3294 = DEFINITIONAL_REPRESENTATION('',(#3295),#3299);
#3295 = LINE('',#3296,#3297);
#3296 = CARTESIAN_POINT('',(0.325,0.1324));
#3297 = VECTOR('',#3298,1.);
#3298 = DIRECTION('',(1.,-2.22044604925E-16));
#3299 = ( GEOMETRIC_REPRESENTATION_CONTEXT(2) 
PARAMETRIC_REPRESENTATION_CONTEXT() REPRESENTATION_CONTEXT('2D SPACE',''
  ) );
#3300 = PCURVE('',#3301,#3306);
#3301 = PLANE('',#3302);
#3302 = AXIS2_PLACEMENT_3D('',#3303,#3304,#3305);
#3303 = CARTESIAN_POINT('',(119.4109368905,-6.,61.3676));
#3304 = DIRECTION('',(0.,0.,1.));
#3305 = DIRECTION('',(0.,-1.,0.));
#3306 = DEFINITIONAL_REPRESENTATION('',(#3307),#3311);
#3307 = LINE('',#3308,#3309);
#3308 = CARTESIAN_POINT('',(-0.325,-107.7109368905));
#3309 = VECTOR('',#3310,1.);
#3310 = DIRECTION('',(1.,-4.609395278872E-16));
#3311 = ( GEOMETRIC_REPRESENTATION_CONTEXT(2) 
PARAMETRIC_REPRESENTATION_CONTEXT() REPRESENTATION_CONTEXT('2D SPACE',''
  ) );
#3312 = ORIENTED_EDGE('',*,*,#3313,.F.);
#3313 = EDGE_CURVE('',#3314,#3286,#3316,.T.);
#3314 = VERTEX_POINT('',#3315);
#3315 = CARTESIAN_POINT('',(11.7,-6.,57.3676));
#3316 = SURFACE_CURVE('',#3317,(#3322,#3329),.PCURVE_S1.);
#3317 = CIRCLE('',#3318,2.);
#3318 = AXIS2_PLACEMENT_3D('',#3319,#3320,#3321);
#3319 = CARTESIAN_POINT('',(11.7,-6.,59.3676));
#3320 = DIRECTION('',(1.,0.,0.));
#3321 = DIRECTION('',(0.,1.,0.));
#3322 = PCURVE('',#859,#3323);
#3323 = DEFINITIONAL_REPRESENTATION('',(#3324),#3328);
#3324 = CIRCLE('',#3325,2.);
#3325 = AXIS2_PLACEMENT_2D('',#3326,#3327);
#3326 = CARTESIAN_POINT('',(0.65,2.1324));
#3327 = DIRECTION('',(-1.,2.22044604925E-16));
#3328 = ( GEOMETRIC_REPRESENTATION_CONTEXT(2) 
PARAMETRIC_REPRESENTATION_CONTEXT() REPRESENTATION_CONTEXT('2D SPACE',''
  ) );
#3329 = PCURVE('',#1467,#3330);
#3330 = DEFINITIONAL_REPRESENTATION('',(#3331),#3335);
#3331 = LINE('',#3332,#3333);
#3332 = CARTESIAN_POINT('',(0.,-107.7109368905));
#3333 = VECTOR('',#3334,1.);
#3334 = DIRECTION('',(1.,0.));
#3335 = ( GEOMETRIC_REPRESENTATION_CONTEXT(2) 
PARAMETRIC_REPRESENTATION_CONTEXT() REPRESENTATION_CONTEXT('2D SPACE',''
  ) );
#3336 = ORIENTED_EDGE('',*,*,#3337,.F.);
#3337 = EDGE_CURVE('',#3338,#3314,#3340,.T.);
#3338 = VERTEX_POINT('',#3339);
#3339 = CARTESIAN_POINT('',(11.7,-10.7,57.3676));
#3340 = SURFACE_CURVE('',#3341,(#3345,#3352),.PCURVE_S1.);
#3341 = LINE('',#3342,#3343);
#3342 = CARTESIAN_POINT('',(11.7,-9.6336955,57.3676));
#3343 = VECTOR('',#3344,1.);
#3344 = DIRECTION('',(4.609395278872E-16,1.,0.));
#3345 = PCURVE('',#859,#3346);
#3346 = DEFINITIONAL_REPRESENTATION('',(#3347),#3351);
#3347 = LINE('',#3348,#3349);
#3348 = CARTESIAN_POINT('',(4.2836955,4.1324));
#3349 = VECTOR('',#3350,1.);
#3350 = DIRECTION('',(-1.,2.22044604925E-16));
#3351 = ( GEOMETRIC_REPRESENTATION_CONTEXT(2) 
PARAMETRIC_REPRESENTATION_CONTEXT() REPRESENTATION_CONTEXT('2D SPACE',''
  ) );
#3352 = PCURVE('',#3353,#3358);
#3353 = PLANE('',#3354);
#3354 = AXIS2_PLACEMENT_3D('',#3355,#3356,#3357);
#3355 = CARTESIAN_POINT('',(119.4109368905,-13.917391,57.3676));
#3356 = DIRECTION('',(0.,0.,-1.));
#3357 = DIRECTION('',(0.,1.,0.));
#3358 = DEFINITIONAL_REPRESENTATION('',(#3359),#3363);
#3359 = LINE('',#3360,#3361);
#3360 = CARTESIAN_POINT('',(4.2836955,-107.7109368905));
#3361 = VECTOR('',#3362,1.);
#3362 = DIRECTION('',(1.,4.609395278872E-16));
#3363 = ( GEOMETRIC_REPRESENTATION_CONTEXT(2) 
PARAMETRIC_REPRESENTATION_CONTEXT() REPRESENTATION_CONTEXT('2D SPACE',''
  ) );
#3364 = ORIENTED_EDGE('',*,*,#3365,.T.);
#3365 = EDGE_CURVE('',#3338,#3366,#3368,.T.);
#3366 = VERTEX_POINT('',#3367);
#3367 = CARTESIAN_POINT('',(11.7,-10.7,6.3));
#3368 = SURFACE_CURVE('',#3369,(#3373,#3380),.PCURVE_S1.);
#3369 = LINE('',#3370,#3371);
#3370 = CARTESIAN_POINT('',(11.7,-10.7,116.7));
#3371 = VECTOR('',#3372,1.);
#3372 = DIRECTION('',(-1.024821253501E-16,-1.537231880248E-16,-1.));
#3373 = PCURVE('',#859,#3374);
#3374 = DEFINITIONAL_REPRESENTATION('',(#3375),#3379);
#3375 = LINE('',#3376,#3377);
#3376 = CARTESIAN_POINT('',(5.35,-55.2));
#3377 = VECTOR('',#3378,1.);
#3378 = DIRECTION('',(3.757677929498E-16,1.));
#3379 = ( GEOMETRIC_REPRESENTATION_CONTEXT(2) 
PARAMETRIC_REPRESENTATION_CONTEXT() REPRESENTATION_CONTEXT('2D SPACE',''
  ) );
#3380 = PCURVE('',#3381,#3386);
#3381 = PLANE('',#3382);
#3382 = AXIS2_PLACEMENT_3D('',#3383,#3384,#3385);
#3383 = CARTESIAN_POINT('',(11.7,-10.7,116.7));
#3384 = DIRECTION('',(0.554700196226,0.832050294337,-1.847522788839E-16)
  );
#3385 = DIRECTION('',(0.832050294337,-0.554700196226,0.));
#3386 = DEFINITIONAL_REPRESENTATION('',(#3387),#3391);
#3387 = LINE('',#3388,#3389);
#3388 = CARTESIAN_POINT('',(0.,-0.));
#3389 = VECTOR('',#3390,1.);
#3390 = DIRECTION('',(0.,1.));
#3391 = ( GEOMETRIC_REPRESENTATION_CONTEXT(2) 
PARAMETRIC_REPRESENTATION_CONTEXT() REPRESENTATION_CONTEXT('2D SPACE',''
  ) );
#3392 = ORIENTED_EDGE('',*,*,#3393,.T.);
#3393 = EDGE_CURVE('',#3366,#3394,#3396,.T.);
#3394 = VERTEX_POINT('',#3395);
#3395 = CARTESIAN_POINT('',(11.7,-1.,6.3));
#3396 = SURFACE_CURVE('',#3397,(#3401,#3408),.PCURVE_S1.);
#3397 = LINE('',#3398,#3399);
#3398 = CARTESIAN_POINT('',(11.7,-10.7,6.3));
#3399 = VECTOR('',#3400,1.);
#3400 = DIRECTION('',(0.,1.,0.));
#3401 = PCURVE('',#859,#3402);
#3402 = DEFINITIONAL_REPRESENTATION('',(#3403),#3407);
#3403 = LINE('',#3404,#3405);
#3404 = CARTESIAN_POINT('',(5.35,55.2));
#3405 = VECTOR('',#3406,1.);
#3406 = DIRECTION('',(-1.,2.22044604925E-16));
#3407 = ( GEOMETRIC_REPRESENTATION_CONTEXT(2) 
PARAMETRIC_REPRESENTATION_CONTEXT() REPRESENTATION_CONTEXT('2D SPACE',''
  ) );
#3408 = PCURVE('',#1591,#3409);
#3409 = DEFINITIONAL_REPRESENTATION('',(#3410),#3414);
#3410 = LINE('',#3411,#3412);
#3411 = CARTESIAN_POINT('',(-1.910195730219,-5.183490501362));
#3412 = VECTOR('',#3413,1.);
#3413 = DIRECTION('',(-1.174170977963E-31,1.));
#3414 = ( GEOMETRIC_REPRESENTATION_CONTEXT(2) 
PARAMETRIC_REPRESENTATION_CONTEXT() REPRESENTATION_CONTEXT('2D SPACE',''
  ) );
#3415 = ORIENTED_EDGE('',*,*,#3416,.F.);
#3416 = EDGE_CURVE('',#3238,#3394,#3417,.T.);
#3417 = SURFACE_CURVE('',#3418,(#3422,#3429),.PCURVE_S1.);
#3418 = LINE('',#3419,#3420);
#3419 = CARTESIAN_POINT('',(11.7,1.398881011028E-15,6.3));
#3420 = VECTOR('',#3421,1.);
#3421 = DIRECTION('',(0.,-1.,2.22044604925E-16));
#3422 = PCURVE('',#859,#3423);
#3423 = DEFINITIONAL_REPRESENTATION('',(#3424),#3428);
#3424 = LINE('',#3425,#3426);
#3425 = CARTESIAN_POINT('',(-5.35,55.2));
#3426 = VECTOR('',#3427,1.);
#3427 = DIRECTION('',(1.,-4.440892098501E-16));
#3428 = ( GEOMETRIC_REPRESENTATION_CONTEXT(2) 
PARAMETRIC_REPRESENTATION_CONTEXT() REPRESENTATION_CONTEXT('2D SPACE',''
  ) );
#3429 = PCURVE('',#3430,#3435);
#3430 = CYLINDRICAL_SURFACE('',#3431,2.);
#3431 = AXIS2_PLACEMENT_3D('',#3432,#3433,#3434);
#3432 = CARTESIAN_POINT('',(9.7,1.398881011028E-15,6.3));
#3433 = DIRECTION('',(0.,1.,-2.22044604925E-16));
#3434 = DIRECTION('',(-1.,0.,0.));
#3435 = DEFINITIONAL_REPRESENTATION('',(#3436),#3440);
#3436 = LINE('',#3437,#3438);
#3437 = CARTESIAN_POINT('',(3.14159265359,0.));
#3438 = VECTOR('',#3439,1.);
#3439 = DIRECTION('',(0.,-1.));
#3440 = ( GEOMETRIC_REPRESENTATION_CONTEXT(2) 
PARAMETRIC_REPRESENTATION_CONTEXT() REPRESENTATION_CONTEXT('2D SPACE',''
  ) );
#3441 = ADVANCED_FACE('',(#3442),#913,.T.);
#3442 = FACE_BOUND('',#3443,.T.);
#3443 = EDGE_LOOP('',(#3444,#3466,#3467,#3468));
#3444 = ORIENTED_EDGE('',*,*,#3445,.F.);
#3445 = EDGE_CURVE('',#3157,#1264,#3446,.T.);
#3446 = SURFACE_CURVE('',#3447,(#3452,#3459),.PCURVE_S1.);
#3447 = CIRCLE('',#3448,0.333333333333);
#3448 = AXIS2_PLACEMENT_3D('',#3449,#3450,#3451);
#3449 = CARTESIAN_POINT('',(-9.7,-0.333333333333,4.633333333333));
#3450 = DIRECTION('',(1.,-0.,0.));
#3451 = DIRECTION('',(0.,2.22044604925E-16,-1.));
#3452 = PCURVE('',#913,#3453);
#3453 = DEFINITIONAL_REPRESENTATION('',(#3454),#3458);
#3454 = LINE('',#3455,#3456);
#3455 = CARTESIAN_POINT('',(0.,0.));
#3456 = VECTOR('',#3457,1.);
#3457 = DIRECTION('',(0.,1.));
#3458 = ( GEOMETRIC_REPRESENTATION_CONTEXT(2) 
PARAMETRIC_REPRESENTATION_CONTEXT() REPRESENTATION_CONTEXT('2D SPACE',''
  ) );
#3459 = PCURVE('',#1279,#3460);
#3460 = DEFINITIONAL_REPRESENTATION('',(#3461),#3465);
#3461 = LINE('',#3462,#3463);
#3462 = CARTESIAN_POINT('',(-0.,19.4));
#3463 = VECTOR('',#3464,1.);
#3464 = DIRECTION('',(-1.,0.));
#3465 = ( GEOMETRIC_REPRESENTATION_CONTEXT(2) 
PARAMETRIC_REPRESENTATION_CONTEXT() REPRESENTATION_CONTEXT('2D SPACE',''
  ) );
#3466 = ORIENTED_EDGE('',*,*,#3184,.T.);
#3467 = ORIENTED_EDGE('',*,*,#896,.T.);
#3468 = ORIENTED_EDGE('',*,*,#1291,.F.);
#3469 = ADVANCED_FACE('',(#3470),#969,.T.);
#3470 = FACE_BOUND('',#3471,.T.);
#3471 = EDGE_LOOP('',(#3472,#3496,#3497,#3521));
#3472 = ORIENTED_EDGE('',*,*,#3473,.T.);
#3473 = EDGE_CURVE('',#3474,#952,#3476,.T.);
#3474 = VERTEX_POINT('',#3475);
#3475 = CARTESIAN_POINT('',(3.,-0.333333333333,50.));
#3476 = SURFACE_CURVE('',#3477,(#3482,#3489),.PCURVE_S1.);
#3477 = CIRCLE('',#3478,0.333333333333);
#3478 = AXIS2_PLACEMENT_3D('',#3479,#3480,#3481);
#3479 = CARTESIAN_POINT('',(3.,-0.333333333333,49.666666666667));
#3480 = DIRECTION('',(-1.,0.,0.));
#3481 = DIRECTION('',(0.,2.22044604925E-16,1.));
#3482 = PCURVE('',#969,#3483);
#3483 = DEFINITIONAL_REPRESENTATION('',(#3484),#3488);
#3484 = LINE('',#3485,#3486);
#3485 = CARTESIAN_POINT('',(0.,0.));
#3486 = VECTOR('',#3487,1.);
#3487 = DIRECTION('',(1.,0.));
#3488 = ( GEOMETRIC_REPRESENTATION_CONTEXT(2) 
PARAMETRIC_REPRESENTATION_CONTEXT() REPRESENTATION_CONTEXT('2D SPACE',''
  ) );
#3489 = PCURVE('',#998,#3490);
#3490 = DEFINITIONAL_REPRESENTATION('',(#3491),#3495);
#3491 = LINE('',#3492,#3493);
#3492 = CARTESIAN_POINT('',(-1.570796326795,3.14159265359));
#3493 = VECTOR('',#3494,1.);
#3494 = DIRECTION('',(-0.,1.));
#3495 = ( GEOMETRIC_REPRESENTATION_CONTEXT(2) 
PARAMETRIC_REPRESENTATION_CONTEXT() REPRESENTATION_CONTEXT('2D SPACE',''
  ) );
#3496 = ORIENTED_EDGE('',*,*,#951,.T.);
#3497 = ORIENTED_EDGE('',*,*,#3498,.F.);
#3498 = EDGE_CURVE('',#3499,#954,#3501,.T.);
#3499 = VERTEX_POINT('',#3500);
#3500 = CARTESIAN_POINT('',(-3.,-0.333333333333,50.));
#3501 = SURFACE_CURVE('',#3502,(#3507,#3514),.PCURVE_S1.);
#3502 = CIRCLE('',#3503,0.333333333333);
#3503 = AXIS2_PLACEMENT_3D('',#3504,#3505,#3506);
#3504 = CARTESIAN_POINT('',(-3.,-0.333333333333,49.666666666667));
#3505 = DIRECTION('',(-1.,0.,0.));
#3506 = DIRECTION('',(0.,2.22044604925E-16,1.));
#3507 = PCURVE('',#969,#3508);
#3508 = DEFINITIONAL_REPRESENTATION('',(#3509),#3513);
#3509 = LINE('',#3510,#3511);
#3510 = CARTESIAN_POINT('',(0.,6.));
#3511 = VECTOR('',#3512,1.);
#3512 = DIRECTION('',(1.,0.));
#3513 = ( GEOMETRIC_REPRESENTATION_CONTEXT(2) 
PARAMETRIC_REPRESENTATION_CONTEXT() REPRESENTATION_CONTEXT('2D SPACE',''
  ) );
#3514 = PCURVE('',#1167,#3515);
#3515 = DEFINITIONAL_REPRESENTATION('',(#3516),#3520);
#3516 = LINE('',#3517,#3518);
#3517 = CARTESIAN_POINT('',(-0.,3.14159265359));
#3518 = VECTOR('',#3519,1.);
#3519 = DIRECTION('',(-0.,1.));
#3520 = ( GEOMETRIC_REPRESENTATION_CONTEXT(2) 
PARAMETRIC_REPRESENTATION_CONTEXT() REPRESENTATION_CONTEXT('2D SPACE',''
  ) );
#3521 = ORIENTED_EDGE('',*,*,#3522,.F.);
#3522 = EDGE_CURVE('',#3474,#3499,#3523,.T.);
#3523 = SURFACE_CURVE('',#3524,(#3528,#3535),.PCURVE_S1.);
#3524 = LINE('',#3525,#3526);
#3525 = CARTESIAN_POINT('',(3.,-0.333333333333,50.));
#3526 = VECTOR('',#3527,1.);
#3527 = DIRECTION('',(-1.,0.,0.));
#3528 = PCURVE('',#969,#3529);
#3529 = DEFINITIONAL_REPRESENTATION('',(#3530),#3534);
#3530 = LINE('',#3531,#3532);
#3531 = CARTESIAN_POINT('',(0.,0.));
#3532 = VECTOR('',#3533,1.);
#3533 = DIRECTION('',(0.,1.));
#3534 = ( GEOMETRIC_REPRESENTATION_CONTEXT(2) 
PARAMETRIC_REPRESENTATION_CONTEXT() REPRESENTATION_CONTEXT('2D SPACE',''
  ) );
#3535 = PCURVE('',#3536,#3541);
#3536 = PLANE('',#3537);
#3537 = AXIS2_PLACEMENT_3D('',#3538,#3539,#3540);
#3538 = CARTESIAN_POINT('',(3.,1.110223024625E-14,50.));
#3539 = DIRECTION('',(0.,-2.22044604925E-16,-1.));
#3540 = DIRECTION('',(-1.,0.,0.));
#3541 = DEFINITIONAL_REPRESENTATION('',(#3542),#3546);
#3542 = LINE('',#3543,#3544);
#3543 = CARTESIAN_POINT('',(0.,-0.333333333333));
#3544 = VECTOR('',#3545,1.);
#3545 = DIRECTION('',(1.,0.));
#3546 = ( GEOMETRIC_REPRESENTATION_CONTEXT(2) 
PARAMETRIC_REPRESENTATION_CONTEXT() REPRESENTATION_CONTEXT('2D SPACE',''
  ) );
#3547 = ADVANCED_FACE('',(#3548),#998,.T.);
#3548 = FACE_BOUND('',#3549,.F.);
#3549 = EDGE_LOOP('',(#3550,#3574,#3601,#3602));
#3550 = ORIENTED_EDGE('',*,*,#3551,.F.);
#3551 = EDGE_CURVE('',#3552,#982,#3554,.T.);
#3552 = VERTEX_POINT('',#3553);
#3553 = CARTESIAN_POINT('',(5.,-0.333333333333,52.));
#3554 = SURFACE_CURVE('',#3555,(#3560,#3567),.PCURVE_S1.);
#3555 = CIRCLE('',#3556,0.333333333333);
#3556 = AXIS2_PLACEMENT_3D('',#3557,#3558,#3559);
#3557 = CARTESIAN_POINT('',(5.333333333333,-0.333333333333,52.));
#3558 = DIRECTION('',(-0.,-2.22044604925E-16,-1.));
#3559 = DIRECTION('',(-1.,0.,0.));
#3560 = PCURVE('',#998,#3561);
#3561 = DEFINITIONAL_REPRESENTATION('',(#3562),#3566);
#3562 = LINE('',#3563,#3564);
#3563 = CARTESIAN_POINT('',(1.7763568394E-15,3.14159265359));
#3564 = VECTOR('',#3565,1.);
#3565 = DIRECTION('',(-0.,1.));
#3566 = ( GEOMETRIC_REPRESENTATION_CONTEXT(2) 
PARAMETRIC_REPRESENTATION_CONTEXT() REPRESENTATION_CONTEXT('2D SPACE',''
  ) );
#3567 = PCURVE('',#1026,#3568);
#3568 = DEFINITIONAL_REPRESENTATION('',(#3569),#3573);
#3569 = LINE('',#3570,#3571);
#3570 = CARTESIAN_POINT('',(0.,21.));
#3571 = VECTOR('',#3572,1.);
#3572 = DIRECTION('',(1.,0.));
#3573 = ( GEOMETRIC_REPRESENTATION_CONTEXT(2) 
PARAMETRIC_REPRESENTATION_CONTEXT() REPRESENTATION_CONTEXT('2D SPACE',''
  ) );
#3574 = ORIENTED_EDGE('',*,*,#3575,.T.);
#3575 = EDGE_CURVE('',#3552,#3474,#3576,.T.);
#3576 = SURFACE_CURVE('',#3577,(#3582,#3589),.PCURVE_S1.);
#3577 = CIRCLE('',#3578,2.);
#3578 = AXIS2_PLACEMENT_3D('',#3579,#3580,#3581);
#3579 = CARTESIAN_POINT('',(3.,-0.333333333333,52.));
#3580 = DIRECTION('',(0.,1.,-2.22044604925E-16));
#3581 = DIRECTION('',(1.,1.64346021921E-32,7.401486830834E-17));
#3582 = PCURVE('',#998,#3583);
#3583 = DEFINITIONAL_REPRESENTATION('',(#3584),#3588);
#3584 = LINE('',#3585,#3586);
#3585 = CARTESIAN_POINT('',(-0.,3.14159265359));
#3586 = VECTOR('',#3587,1.);
#3587 = DIRECTION('',(-1.,0.));
#3588 = ( GEOMETRIC_REPRESENTATION_CONTEXT(2) 
PARAMETRIC_REPRESENTATION_CONTEXT() REPRESENTATION_CONTEXT('2D SPACE',''
  ) );
#3589 = PCURVE('',#3590,#3595);
#3590 = CYLINDRICAL_SURFACE('',#3591,2.);
#3591 = AXIS2_PLACEMENT_3D('',#3592,#3593,#3594);
#3592 = CARTESIAN_POINT('',(3.,1.15463194561E-14,52.));
#3593 = DIRECTION('',(0.,1.,-2.22044604925E-16));
#3594 = DIRECTION('',(1.,0.,0.));
#3595 = DEFINITIONAL_REPRESENTATION('',(#3596),#3600);
#3596 = LINE('',#3597,#3598);
#3597 = CARTESIAN_POINT('',(-6.28318530718,-0.333333333333));
#3598 = VECTOR('',#3599,1.);
#3599 = DIRECTION('',(1.,-0.));
#3600 = ( GEOMETRIC_REPRESENTATION_CONTEXT(2) 
PARAMETRIC_REPRESENTATION_CONTEXT() REPRESENTATION_CONTEXT('2D SPACE',''
  ) );
#3601 = ORIENTED_EDGE('',*,*,#3473,.T.);
#3602 = ORIENTED_EDGE('',*,*,#981,.F.);
#3603 = ADVANCED_FACE('',(#3604),#1167,.T.);
#3604 = FACE_BOUND('',#3605,.F.);
#3605 = EDGE_LOOP('',(#3606,#3607,#3636,#3658));
#3606 = ORIENTED_EDGE('',*,*,#3498,.F.);
#3607 = ORIENTED_EDGE('',*,*,#3608,.T.);
#3608 = EDGE_CURVE('',#3499,#3609,#3611,.T.);
#3609 = VERTEX_POINT('',#3610);
#3610 = CARTESIAN_POINT('',(-5.,-0.333333333333,52.));
#3611 = SURFACE_CURVE('',#3612,(#3617,#3624),.PCURVE_S1.);
#3612 = CIRCLE('',#3613,2.);
#3613 = AXIS2_PLACEMENT_3D('',#3614,#3615,#3616);
#3614 = CARTESIAN_POINT('',(-3.,-0.333333333333,52.));
#3615 = DIRECTION('',(0.,1.,-2.22044604925E-16));
#3616 = DIRECTION('',(-2.22044604925E-16,-2.22044604925E-16,-1.));
#3617 = PCURVE('',#1167,#3618);
#3618 = DEFINITIONAL_REPRESENTATION('',(#3619),#3623);
#3619 = LINE('',#3620,#3621);
#3620 = CARTESIAN_POINT('',(-0.,3.14159265359));
#3621 = VECTOR('',#3622,1.);
#3622 = DIRECTION('',(-1.,0.));
#3623 = ( GEOMETRIC_REPRESENTATION_CONTEXT(2) 
PARAMETRIC_REPRESENTATION_CONTEXT() REPRESENTATION_CONTEXT('2D SPACE',''
  ) );
#3624 = PCURVE('',#3625,#3630);
#3625 = CYLINDRICAL_SURFACE('',#3626,2.);
#3626 = AXIS2_PLACEMENT_3D('',#3627,#3628,#3629);
#3627 = CARTESIAN_POINT('',(-3.,1.15463194561E-14,52.));
#3628 = DIRECTION('',(0.,1.,-2.22044604925E-16));
#3629 = DIRECTION('',(1.,0.,0.));
#3630 = DEFINITIONAL_REPRESENTATION('',(#3631),#3635);
#3631 = LINE('',#3632,#3633);
#3632 = CARTESIAN_POINT('',(-4.712388980385,-0.333333333333));
#3633 = VECTOR('',#3634,1.);
#3634 = DIRECTION('',(1.,-0.));
#3635 = ( GEOMETRIC_REPRESENTATION_CONTEXT(2) 
PARAMETRIC_REPRESENTATION_CONTEXT() REPRESENTATION_CONTEXT('2D SPACE',''
  ) );
#3636 = ORIENTED_EDGE('',*,*,#3637,.T.);
#3637 = EDGE_CURVE('',#3609,#1125,#3638,.T.);
#3638 = SURFACE_CURVE('',#3639,(#3644,#3651),.PCURVE_S1.);
#3639 = CIRCLE('',#3640,0.333333333333);
#3640 = AXIS2_PLACEMENT_3D('',#3641,#3642,#3643);
#3641 = CARTESIAN_POINT('',(-5.333333333333,-0.333333333333,52.));
#3642 = DIRECTION('',(-1.171455364583E-15,2.22044604925E-16,1.));
#3643 = DIRECTION('',(-1.,-2.60115343616E-31,-1.171455364583E-15));
#3644 = PCURVE('',#1167,#3645);
#3645 = DEFINITIONAL_REPRESENTATION('',(#3646),#3650);
#3646 = LINE('',#3647,#3648);
#3647 = CARTESIAN_POINT('',(-1.570796326795,0.));
#3648 = VECTOR('',#3649,1.);
#3649 = DIRECTION('',(-0.,1.));
#3650 = ( GEOMETRIC_REPRESENTATION_CONTEXT(2) 
PARAMETRIC_REPRESENTATION_CONTEXT() REPRESENTATION_CONTEXT('2D SPACE',''
  ) );
#3651 = PCURVE('',#1140,#3652);
#3652 = DEFINITIONAL_REPRESENTATION('',(#3653),#3657);
#3653 = LINE('',#3654,#3655);
#3654 = CARTESIAN_POINT('',(-3.14159265359,0.));
#3655 = VECTOR('',#3656,1.);
#3656 = DIRECTION('',(1.,0.));
#3657 = ( GEOMETRIC_REPRESENTATION_CONTEXT(2) 
PARAMETRIC_REPRESENTATION_CONTEXT() REPRESENTATION_CONTEXT('2D SPACE',''
  ) );
#3658 = ORIENTED_EDGE('',*,*,#1152,.F.);
#3659 = ADVANCED_FACE('',(#3660),#1026,.T.);
#3660 = FACE_BOUND('',#3661,.T.);
#3661 = EDGE_LOOP('',(#3662,#3686,#3687,#3688));
#3662 = ORIENTED_EDGE('',*,*,#3663,.T.);
#3663 = EDGE_CURVE('',#3664,#1011,#3666,.T.);
#3664 = VERTEX_POINT('',#3665);
#3665 = CARTESIAN_POINT('',(5.,-0.333333333333,73.));
#3666 = SURFACE_CURVE('',#3667,(#3672,#3679),.PCURVE_S1.);
#3667 = CIRCLE('',#3668,0.333333333333);
#3668 = AXIS2_PLACEMENT_3D('',#3669,#3670,#3671);
#3669 = CARTESIAN_POINT('',(5.333333333333,-0.333333333333,73.));
#3670 = DIRECTION('',(-3.491481338843E-15,-2.22044604925E-16,-1.));
#3671 = DIRECTION('',(1.,-7.752645944865E-31,-3.491481338843E-15));
#3672 = PCURVE('',#1026,#3673);
#3673 = DEFINITIONAL_REPRESENTATION('',(#3674),#3678);
#3674 = LINE('',#3675,#3676);
#3675 = CARTESIAN_POINT('',(-3.14159265359,0.));
#3676 = VECTOR('',#3677,1.);
#3677 = DIRECTION('',(1.,0.));
#3678 = ( GEOMETRIC_REPRESENTATION_CONTEXT(2) 
PARAMETRIC_REPRESENTATION_CONTEXT() REPRESENTATION_CONTEXT('2D SPACE',''
  ) );
#3679 = PCURVE('',#1055,#3680);
#3680 = DEFINITIONAL_REPRESENTATION('',(#3681),#3685);
#3681 = LINE('',#3682,#3683);
#3682 = CARTESIAN_POINT('',(-1.570796326795,0.));
#3683 = VECTOR('',#3684,1.);
#3684 = DIRECTION('',(-0.,1.));
#3685 = ( GEOMETRIC_REPRESENTATION_CONTEXT(2) 
PARAMETRIC_REPRESENTATION_CONTEXT() REPRESENTATION_CONTEXT('2D SPACE',''
  ) );
#3686 = ORIENTED_EDGE('',*,*,#1010,.T.);
#3687 = ORIENTED_EDGE('',*,*,#3551,.F.);
#3688 = ORIENTED_EDGE('',*,*,#3689,.F.);
#3689 = EDGE_CURVE('',#3664,#3552,#3690,.T.);
#3690 = SURFACE_CURVE('',#3691,(#3695,#3702),.PCURVE_S1.);
#3691 = LINE('',#3692,#3693);
#3692 = CARTESIAN_POINT('',(5.,-0.333333333333,73.));
#3693 = VECTOR('',#3694,1.);
#3694 = DIRECTION('',(0.,-2.22044604925E-16,-1.));
#3695 = PCURVE('',#1026,#3696);
#3696 = DEFINITIONAL_REPRESENTATION('',(#3697),#3701);
#3697 = LINE('',#3698,#3699);
#3698 = CARTESIAN_POINT('',(0.,0.));
#3699 = VECTOR('',#3700,1.);
#3700 = DIRECTION('',(0.,1.));
#3701 = ( GEOMETRIC_REPRESENTATION_CONTEXT(2) 
PARAMETRIC_REPRESENTATION_CONTEXT() REPRESENTATION_CONTEXT('2D SPACE',''
  ) );
#3702 = PCURVE('',#3703,#3708);
#3703 = PLANE('',#3704);
#3704 = AXIS2_PLACEMENT_3D('',#3705,#3706,#3707);
#3705 = CARTESIAN_POINT('',(5.,1.620925615953E-14,73.));
#3706 = DIRECTION('',(1.,0.,0.));
#3707 = DIRECTION('',(0.,-2.22044604925E-16,-1.));
#3708 = DEFINITIONAL_REPRESENTATION('',(#3709),#3713);
#3709 = LINE('',#3710,#3711);
#3710 = CARTESIAN_POINT('',(7.401486830834E-17,-0.333333333333));
#3711 = VECTOR('',#3712,1.);
#3712 = DIRECTION('',(1.,0.));
#3713 = ( GEOMETRIC_REPRESENTATION_CONTEXT(2) 
PARAMETRIC_REPRESENTATION_CONTEXT() REPRESENTATION_CONTEXT('2D SPACE',''
  ) );
#3714 = ADVANCED_FACE('',(#3715),#1140,.T.);
#3715 = FACE_BOUND('',#3716,.T.);
#3716 = EDGE_LOOP('',(#3717,#3718,#3719,#3743));
#3717 = ORIENTED_EDGE('',*,*,#3637,.T.);
#3718 = ORIENTED_EDGE('',*,*,#1124,.T.);
#3719 = ORIENTED_EDGE('',*,*,#3720,.F.);
#3720 = EDGE_CURVE('',#3721,#1096,#3723,.T.);
#3721 = VERTEX_POINT('',#3722);
#3722 = CARTESIAN_POINT('',(-5.,-0.333333333333,73.));
#3723 = SURFACE_CURVE('',#3724,(#3729,#3736),.PCURVE_S1.);
#3724 = CIRCLE('',#3725,0.333333333333);
#3725 = AXIS2_PLACEMENT_3D('',#3726,#3727,#3728);
#3726 = CARTESIAN_POINT('',(-5.333333333333,-0.333333333333,73.));
#3727 = DIRECTION('',(-0.,2.22044604925E-16,1.));
#3728 = DIRECTION('',(1.,0.,0.));
#3729 = PCURVE('',#1140,#3730);
#3730 = DEFINITIONAL_REPRESENTATION('',(#3731),#3735);
#3731 = LINE('',#3732,#3733);
#3732 = CARTESIAN_POINT('',(0.,21.));
#3733 = VECTOR('',#3734,1.);
#3734 = DIRECTION('',(1.,0.));
#3735 = ( GEOMETRIC_REPRESENTATION_CONTEXT(2) 
PARAMETRIC_REPRESENTATION_CONTEXT() REPRESENTATION_CONTEXT('2D SPACE',''
  ) );
#3736 = PCURVE('',#1112,#3737);
#3737 = DEFINITIONAL_REPRESENTATION('',(#3738),#3742);
#3738 = LINE('',#3739,#3740);
#3739 = CARTESIAN_POINT('',(4.440892098501E-16,3.14159265359));
#3740 = VECTOR('',#3741,1.);
#3741 = DIRECTION('',(-0.,1.));
#3742 = ( GEOMETRIC_REPRESENTATION_CONTEXT(2) 
PARAMETRIC_REPRESENTATION_CONTEXT() REPRESENTATION_CONTEXT('2D SPACE',''
  ) );
#3743 = ORIENTED_EDGE('',*,*,#3744,.F.);
#3744 = EDGE_CURVE('',#3609,#3721,#3745,.T.);
#3745 = SURFACE_CURVE('',#3746,(#3750,#3757),.PCURVE_S1.);
#3746 = LINE('',#3747,#3748);
#3747 = CARTESIAN_POINT('',(-5.,-0.333333333333,52.));
#3748 = VECTOR('',#3749,1.);
#3749 = DIRECTION('',(0.,2.22044604925E-16,1.));
#3750 = PCURVE('',#1140,#3751);
#3751 = DEFINITIONAL_REPRESENTATION('',(#3752),#3756);
#3752 = LINE('',#3753,#3754);
#3753 = CARTESIAN_POINT('',(0.,0.));
#3754 = VECTOR('',#3755,1.);
#3755 = DIRECTION('',(0.,1.));
#3756 = ( GEOMETRIC_REPRESENTATION_CONTEXT(2) 
PARAMETRIC_REPRESENTATION_CONTEXT() REPRESENTATION_CONTEXT('2D SPACE',''
  ) );
#3757 = PCURVE('',#3758,#3763);
#3758 = PLANE('',#3759);
#3759 = AXIS2_PLACEMENT_3D('',#3760,#3761,#3762);
#3760 = CARTESIAN_POINT('',(-5.,1.15463194561E-14,52.));
#3761 = DIRECTION('',(-1.,0.,0.));
#3762 = DIRECTION('',(0.,2.22044604925E-16,1.));
#3763 = DEFINITIONAL_REPRESENTATION('',(#3764),#3768);
#3764 = LINE('',#3765,#3766);
#3765 = CARTESIAN_POINT('',(-7.401486830834E-17,-0.333333333333));
#3766 = VECTOR('',#3767,1.);
#3767 = DIRECTION('',(1.,0.));
#3768 = ( GEOMETRIC_REPRESENTATION_CONTEXT(2) 
PARAMETRIC_REPRESENTATION_CONTEXT() REPRESENTATION_CONTEXT('2D SPACE',''
  ) );
#3769 = ADVANCED_FACE('',(#3770),#1055,.T.);
#3770 = FACE_BOUND('',#3771,.F.);
#3771 = EDGE_LOOP('',(#3772,#3796,#3818,#3819));
#3772 = ORIENTED_EDGE('',*,*,#3773,.F.);
#3773 = EDGE_CURVE('',#3774,#1039,#3776,.T.);
#3774 = VERTEX_POINT('',#3775);
#3775 = CARTESIAN_POINT('',(3.,-0.333333333333,75.));
#3776 = SURFACE_CURVE('',#3777,(#3782,#3789),.PCURVE_S1.);
#3777 = CIRCLE('',#3778,0.333333333333);
#3778 = AXIS2_PLACEMENT_3D('',#3779,#3780,#3781);
#3779 = CARTESIAN_POINT('',(3.,-0.333333333333,75.333333333333));
#3780 = DIRECTION('',(1.,0.,0.));
#3781 = DIRECTION('',(0.,-2.22044604925E-16,-1.));
#3782 = PCURVE('',#1055,#3783);
#3783 = DEFINITIONAL_REPRESENTATION('',(#3784),#3788);
#3784 = LINE('',#3785,#3786);
#3785 = CARTESIAN_POINT('',(-0.,3.14159265359));
#3786 = VECTOR('',#3787,1.);
#3787 = DIRECTION('',(-0.,1.));
#3788 = ( GEOMETRIC_REPRESENTATION_CONTEXT(2) 
PARAMETRIC_REPRESENTATION_CONTEXT() REPRESENTATION_CONTEXT('2D SPACE',''
  ) );
#3789 = PCURVE('',#1083,#3790);
#3790 = DEFINITIONAL_REPRESENTATION('',(#3791),#3795);
#3791 = LINE('',#3792,#3793);
#3792 = CARTESIAN_POINT('',(0.,6.));
#3793 = VECTOR('',#3794,1.);
#3794 = DIRECTION('',(1.,0.));
#3795 = ( GEOMETRIC_REPRESENTATION_CONTEXT(2) 
PARAMETRIC_REPRESENTATION_CONTEXT() REPRESENTATION_CONTEXT('2D SPACE',''
  ) );
#3796 = ORIENTED_EDGE('',*,*,#3797,.T.);
#3797 = EDGE_CURVE('',#3774,#3664,#3798,.T.);
#3798 = SURFACE_CURVE('',#3799,(#3804,#3811),.PCURVE_S1.);
#3799 = CIRCLE('',#3800,2.);
#3800 = AXIS2_PLACEMENT_3D('',#3801,#3802,#3803);
#3801 = CARTESIAN_POINT('',(3.,-0.333333333333,73.));
#3802 = DIRECTION('',(0.,1.,-2.22044604925E-16));
#3803 = DIRECTION('',(6.661338147751E-16,2.22044604925E-16,1.));
#3804 = PCURVE('',#1055,#3805);
#3805 = DEFINITIONAL_REPRESENTATION('',(#3806),#3810);
#3806 = LINE('',#3807,#3808);
#3807 = CARTESIAN_POINT('',(-0.,3.14159265359));
#3808 = VECTOR('',#3809,1.);
#3809 = DIRECTION('',(-1.,0.));
#3810 = ( GEOMETRIC_REPRESENTATION_CONTEXT(2) 
PARAMETRIC_REPRESENTATION_CONTEXT() REPRESENTATION_CONTEXT('2D SPACE',''
  ) );
#3811 = PCURVE('',#1838,#3812);
#3812 = DEFINITIONAL_REPRESENTATION('',(#3813),#3817);
#3813 = LINE('',#3814,#3815);
#3814 = CARTESIAN_POINT('',(-1.570796326795,-0.333333333333));
#3815 = VECTOR('',#3816,1.);
#3816 = DIRECTION('',(1.,-0.));
#3817 = ( GEOMETRIC_REPRESENTATION_CONTEXT(2) 
PARAMETRIC_REPRESENTATION_CONTEXT() REPRESENTATION_CONTEXT('2D SPACE',''
  ) );
#3818 = ORIENTED_EDGE('',*,*,#3663,.T.);
#3819 = ORIENTED_EDGE('',*,*,#1038,.F.);
#3820 = ADVANCED_FACE('',(#3821),#1112,.T.);
#3821 = FACE_BOUND('',#3822,.F.);
#3822 = EDGE_LOOP('',(#3823,#3824,#3848,#3870));
#3823 = ORIENTED_EDGE('',*,*,#3720,.F.);
#3824 = ORIENTED_EDGE('',*,*,#3825,.T.);
#3825 = EDGE_CURVE('',#3721,#3826,#3828,.T.);
#3826 = VERTEX_POINT('',#3827);
#3827 = CARTESIAN_POINT('',(-3.,-0.333333333333,75.));
#3828 = SURFACE_CURVE('',#3829,(#3834,#3841),.PCURVE_S1.);
#3829 = CIRCLE('',#3830,2.);
#3830 = AXIS2_PLACEMENT_3D('',#3831,#3832,#3833);
#3831 = CARTESIAN_POINT('',(-3.,-0.333333333333,73.));
#3832 = DIRECTION('',(0.,1.,-2.22044604925E-16));
#3833 = DIRECTION('',(-1.,1.64346021921E-32,7.401486830834E-17));
#3834 = PCURVE('',#1112,#3835);
#3835 = DEFINITIONAL_REPRESENTATION('',(#3836),#3840);
#3836 = LINE('',#3837,#3838);
#3837 = CARTESIAN_POINT('',(-0.,3.14159265359));
#3838 = VECTOR('',#3839,1.);
#3839 = DIRECTION('',(-1.,0.));
#3840 = ( GEOMETRIC_REPRESENTATION_CONTEXT(2) 
PARAMETRIC_REPRESENTATION_CONTEXT() REPRESENTATION_CONTEXT('2D SPACE',''
  ) );
#3841 = PCURVE('',#2114,#3842);
#3842 = DEFINITIONAL_REPRESENTATION('',(#3843),#3847);
#3843 = LINE('',#3844,#3845);
#3844 = CARTESIAN_POINT('',(-3.14159265359,-0.333333333333));
#3845 = VECTOR('',#3846,1.);
#3846 = DIRECTION('',(1.,-0.));
#3847 = ( GEOMETRIC_REPRESENTATION_CONTEXT(2) 
PARAMETRIC_REPRESENTATION_CONTEXT() REPRESENTATION_CONTEXT('2D SPACE',''
  ) );
#3848 = ORIENTED_EDGE('',*,*,#3849,.T.);
#3849 = EDGE_CURVE('',#3826,#1068,#3850,.T.);
#3850 = SURFACE_CURVE('',#3851,(#3856,#3863),.PCURVE_S1.);
#3851 = CIRCLE('',#3852,0.333333333333);
#3852 = AXIS2_PLACEMENT_3D('',#3853,#3854,#3855);
#3853 = CARTESIAN_POINT('',(-3.,-0.333333333333,75.333333333333));
#3854 = DIRECTION('',(1.,-1.507497111866E-31,-6.789163431261E-16));
#3855 = DIRECTION('',(6.789163431261E-16,2.22044604925E-16,1.));
#3856 = PCURVE('',#1112,#3857);
#3857 = DEFINITIONAL_REPRESENTATION('',(#3858),#3862);
#3858 = LINE('',#3859,#3860);
#3859 = CARTESIAN_POINT('',(-1.570796326795,0.));
#3860 = VECTOR('',#3861,1.);
#3861 = DIRECTION('',(-0.,1.));
#3862 = ( GEOMETRIC_REPRESENTATION_CONTEXT(2) 
PARAMETRIC_REPRESENTATION_CONTEXT() REPRESENTATION_CONTEXT('2D SPACE',''
  ) );
#3863 = PCURVE('',#1083,#3864);
#3864 = DEFINITIONAL_REPRESENTATION('',(#3865),#3869);
#3865 = LINE('',#3866,#3867);
#3866 = CARTESIAN_POINT('',(-3.14159265359,0.));
#3867 = VECTOR('',#3868,1.);
#3868 = DIRECTION('',(1.,0.));
#3869 = ( GEOMETRIC_REPRESENTATION_CONTEXT(2) 
PARAMETRIC_REPRESENTATION_CONTEXT() REPRESENTATION_CONTEXT('2D SPACE',''
  ) );
#3870 = ORIENTED_EDGE('',*,*,#1095,.F.);
#3871 = ADVANCED_FACE('',(#3872),#1083,.T.);
#3872 = FACE_BOUND('',#3873,.T.);
#3873 = EDGE_LOOP('',(#3874,#3875,#3876,#3877));
#3874 = ORIENTED_EDGE('',*,*,#3849,.T.);
#3875 = ORIENTED_EDGE('',*,*,#1067,.T.);
#3876 = ORIENTED_EDGE('',*,*,#3773,.F.);
#3877 = ORIENTED_EDGE('',*,*,#3878,.F.);
#3878 = EDGE_CURVE('',#3826,#3774,#3879,.T.);
#3879 = SURFACE_CURVE('',#3880,(#3884,#3891),.PCURVE_S1.);
#3880 = LINE('',#3881,#3882);
#3881 = CARTESIAN_POINT('',(-3.,-0.333333333333,75.));
#3882 = VECTOR('',#3883,1.);
#3883 = DIRECTION('',(1.,0.,0.));
#3884 = PCURVE('',#1083,#3885);
#3885 = DEFINITIONAL_REPRESENTATION('',(#3886),#3890);
#3886 = LINE('',#3887,#3888);
#3887 = CARTESIAN_POINT('',(0.,0.));
#3888 = VECTOR('',#3889,1.);
#3889 = DIRECTION('',(0.,1.));
#3890 = ( GEOMETRIC_REPRESENTATION_CONTEXT(2) 
PARAMETRIC_REPRESENTATION_CONTEXT() REPRESENTATION_CONTEXT('2D SPACE',''
  ) );
#3891 = PCURVE('',#2003,#3892);
#3892 = DEFINITIONAL_REPRESENTATION('',(#3893),#3897);
#3893 = LINE('',#3894,#3895);
#3894 = CARTESIAN_POINT('',(0.,-0.333333333333));
#3895 = VECTOR('',#3896,1.);
#3896 = DIRECTION('',(1.,0.));
#3897 = ( GEOMETRIC_REPRESENTATION_CONTEXT(2) 
PARAMETRIC_REPRESENTATION_CONTEXT() REPRESENTATION_CONTEXT('2D SPACE',''
  ) );
#3898 = ADVANCED_FACE('',(#3899),#1222,.T.);
#3899 = FACE_BOUND('',#3900,.F.);
#3900 = EDGE_LOOP('',(#3901,#3902,#3903,#3925));
#3901 = ORIENTED_EDGE('',*,*,#3211,.T.);
#3902 = ORIENTED_EDGE('',*,*,#1206,.T.);
#3903 = ORIENTED_EDGE('',*,*,#3904,.F.);
#3904 = EDGE_CURVE('',#3238,#1207,#3905,.T.);
#3905 = SURFACE_CURVE('',#3906,(#3911,#3918),.PCURVE_S1.);
#3906 = CIRCLE('',#3907,0.333333333333);
#3907 = AXIS2_PLACEMENT_3D('',#3908,#3909,#3910);
#3908 = CARTESIAN_POINT('',(11.366666666667,-0.333333333333,6.3));
#3909 = DIRECTION('',(0.,2.22044604925E-16,1.));
#3910 = DIRECTION('',(1.,-4.609395278872E-16,1.02349135364E-31));
#3911 = PCURVE('',#1222,#3912);
#3912 = DEFINITIONAL_REPRESENTATION('',(#3913),#3917);
#3913 = LINE('',#3914,#3915);
#3914 = CARTESIAN_POINT('',(-0.,110.4));
#3915 = VECTOR('',#3916,1.);
#3916 = DIRECTION('',(-1.,0.));
#3917 = ( GEOMETRIC_REPRESENTATION_CONTEXT(2) 
PARAMETRIC_REPRESENTATION_CONTEXT() REPRESENTATION_CONTEXT('2D SPACE',''
  ) );
#3918 = PCURVE('',#1251,#3919);
#3919 = DEFINITIONAL_REPRESENTATION('',(#3920),#3924);
#3920 = LINE('',#3921,#3922);
#3921 = CARTESIAN_POINT('',(0.,0.));
#3922 = VECTOR('',#3923,1.);
#3923 = DIRECTION('',(0.,1.));
#3924 = ( GEOMETRIC_REPRESENTATION_CONTEXT(2) 
PARAMETRIC_REPRESENTATION_CONTEXT() REPRESENTATION_CONTEXT('2D SPACE',''
  ) );
#3925 = ORIENTED_EDGE('',*,*,#3237,.F.);
#3926 = ADVANCED_FACE('',(#3927),#1251,.T.);
#3927 = FACE_BOUND('',#3928,.T.);
#3928 = EDGE_LOOP('',(#3929,#3930,#3954,#3976));
#3929 = ORIENTED_EDGE('',*,*,#3904,.F.);
#3930 = ORIENTED_EDGE('',*,*,#3931,.T.);
#3931 = EDGE_CURVE('',#3238,#3932,#3934,.T.);
#3932 = VERTEX_POINT('',#3933);
#3933 = CARTESIAN_POINT('',(9.7,-0.333333333333,4.3));
#3934 = SURFACE_CURVE('',#3935,(#3940,#3947),.PCURVE_S1.);
#3935 = CIRCLE('',#3936,2.);
#3936 = AXIS2_PLACEMENT_3D('',#3937,#3938,#3939);
#3937 = CARTESIAN_POINT('',(9.7,-0.333333333333,6.3));
#3938 = DIRECTION('',(0.,1.,-2.22044604925E-16));
#3939 = DIRECTION('',(1.,2.136498284974E-31,9.621932880085E-16));
#3940 = PCURVE('',#1251,#3941);
#3941 = DEFINITIONAL_REPRESENTATION('',(#3942),#3946);
#3942 = LINE('',#3943,#3944);
#3943 = CARTESIAN_POINT('',(0.,0.));
#3944 = VECTOR('',#3945,1.);
#3945 = DIRECTION('',(1.,0.));
#3946 = ( GEOMETRIC_REPRESENTATION_CONTEXT(2) 
PARAMETRIC_REPRESENTATION_CONTEXT() REPRESENTATION_CONTEXT('2D SPACE',''
  ) );
#3947 = PCURVE('',#3430,#3948);
#3948 = DEFINITIONAL_REPRESENTATION('',(#3949),#3953);
#3949 = LINE('',#3950,#3951);
#3950 = CARTESIAN_POINT('',(3.14159265359,-0.333333333333));
#3951 = VECTOR('',#3952,1.);
#3952 = DIRECTION('',(1.,0.));
#3953 = ( GEOMETRIC_REPRESENTATION_CONTEXT(2) 
PARAMETRIC_REPRESENTATION_CONTEXT() REPRESENTATION_CONTEXT('2D SPACE',''
  ) );
#3954 = ORIENTED_EDGE('',*,*,#3955,.T.);
#3955 = EDGE_CURVE('',#3932,#1235,#3956,.T.);
#3956 = SURFACE_CURVE('',#3957,(#3962,#3969),.PCURVE_S1.);
#3957 = CIRCLE('',#3958,0.333333333333);
#3958 = AXIS2_PLACEMENT_3D('',#3959,#3960,#3961);
#3959 = CARTESIAN_POINT('',(9.7,-0.333333333333,4.633333333333));
#3960 = DIRECTION('',(1.,2.272461392318E-31,1.023425627966E-15));
#3961 = DIRECTION('',(1.023425627966E-15,-2.22044604925E-16,-1.));
#3962 = PCURVE('',#1251,#3963);
#3963 = DEFINITIONAL_REPRESENTATION('',(#3964),#3968);
#3964 = LINE('',#3965,#3966);
#3965 = CARTESIAN_POINT('',(1.570796326795,0.));
#3966 = VECTOR('',#3967,1.);
#3967 = DIRECTION('',(0.,1.));
#3968 = ( GEOMETRIC_REPRESENTATION_CONTEXT(2) 
PARAMETRIC_REPRESENTATION_CONTEXT() REPRESENTATION_CONTEXT('2D SPACE',''
  ) );
#3969 = PCURVE('',#1279,#3970);
#3970 = DEFINITIONAL_REPRESENTATION('',(#3971),#3975);
#3971 = LINE('',#3972,#3973);
#3972 = CARTESIAN_POINT('',(-0.,0.));
#3973 = VECTOR('',#3974,1.);
#3974 = DIRECTION('',(-1.,0.));
#3975 = ( GEOMETRIC_REPRESENTATION_CONTEXT(2) 
PARAMETRIC_REPRESENTATION_CONTEXT() REPRESENTATION_CONTEXT('2D SPACE',''
  ) );
#3976 = ORIENTED_EDGE('',*,*,#1234,.F.);
#3977 = ADVANCED_FACE('',(#3978),#1279,.T.);
#3978 = FACE_BOUND('',#3979,.F.);
#3979 = EDGE_LOOP('',(#3980,#3981,#3982,#3983));
#3980 = ORIENTED_EDGE('',*,*,#3955,.T.);
#3981 = ORIENTED_EDGE('',*,*,#1263,.T.);
#3982 = ORIENTED_EDGE('',*,*,#3445,.F.);
#3983 = ORIENTED_EDGE('',*,*,#3984,.F.);
#3984 = EDGE_CURVE('',#3932,#3157,#3985,.T.);
#3985 = SURFACE_CURVE('',#3986,(#3990,#3997),.PCURVE_S1.);
#3986 = LINE('',#3987,#3988);
#3987 = CARTESIAN_POINT('',(9.7,-0.333333333333,4.3));
#3988 = VECTOR('',#3989,1.);
#3989 = DIRECTION('',(-1.,0.,0.));
#3990 = PCURVE('',#1279,#3991);
#3991 = DEFINITIONAL_REPRESENTATION('',(#3992),#3996);
#3992 = LINE('',#3993,#3994);
#3993 = CARTESIAN_POINT('',(-0.,0.));
#3994 = VECTOR('',#3995,1.);
#3995 = DIRECTION('',(-0.,1.));
#3996 = ( GEOMETRIC_REPRESENTATION_CONTEXT(2) 
PARAMETRIC_REPRESENTATION_CONTEXT() REPRESENTATION_CONTEXT('2D SPACE',''
  ) );
#3997 = PCURVE('',#3172,#3998);
#3998 = DEFINITIONAL_REPRESENTATION('',(#3999),#4003);
#3999 = LINE('',#4000,#4001);
#4000 = CARTESIAN_POINT('',(0.166666666667,9.7));
#4001 = VECTOR('',#4002,1.);
#4002 = DIRECTION('',(0.,-1.));
#4003 = ( GEOMETRIC_REPRESENTATION_CONTEXT(2) 
PARAMETRIC_REPRESENTATION_CONTEXT() REPRESENTATION_CONTEXT('2D SPACE',''
  ) );
#4004 = ADVANCED_FACE('',(#4005),#1344,.F.);
#4005 = FACE_BOUND('',#4006,.F.);
#4006 = EDGE_LOOP('',(#4007,#4029,#4060,#4061));
#4007 = ORIENTED_EDGE('',*,*,#4008,.T.);
#4008 = EDGE_CURVE('',#1319,#4009,#4011,.T.);
#4009 = VERTEX_POINT('',#4010);
#4010 = CARTESIAN_POINT('',(5.,-0.678655790131,73.));
#4011 = SURFACE_CURVE('',#4012,(#4016,#4022),.PCURVE_S1.);
#4012 = ( BOUNDED_CURVE() B_SPLINE_CURVE(2,(#4013,#4014,#4015),
.UNSPECIFIED.,.F.,.F.) B_SPLINE_CURVE_WITH_KNOTS((3,3),(0.,
21.000000013572),.PIECEWISE_BEZIER_KNOTS.) CURVE() 
GEOMETRIC_REPRESENTATION_ITEM() RATIONAL_B_SPLINE_CURVE((1.,
0.732905693329,1.)) REPRESENTATION_ITEM('') );
#4013 = CARTESIAN_POINT('',(5.308411859159,-1.011067730938,
    73.009757159182));
#4014 = CARTESIAN_POINT('',(5.,-0.988077249115,73.));
#4015 = CARTESIAN_POINT('',(5.,-0.678655790131,73.));
#4016 = PCURVE('',#1344,#4017);
#4017 = DEFINITIONAL_REPRESENTATION('',(#4018),#4021);
#4018 = B_SPLINE_CURVE_WITH_KNOTS('',1,(#4019,#4020),.UNSPECIFIED.,.F.,
  .F.,(2,2),(0.,21.000000013572),.PIECEWISE_BEZIER_KNOTS.);
#4019 = CARTESIAN_POINT('',(0.,30.1415926604));
#4020 = CARTESIAN_POINT('',(1.063654178782,30.1415926604));
#4021 = ( GEOMETRIC_REPRESENTATION_CONTEXT(2) 
PARAMETRIC_REPRESENTATION_CONTEXT() REPRESENTATION_CONTEXT('2D SPACE',''
  ) );
#4022 = PCURVE('',#1721,#4023);
#4023 = DEFINITIONAL_REPRESENTATION('',(#4024),#4028);
#4024 = LINE('',#4025,#4026);
#4025 = CARTESIAN_POINT('',(0.,30.1415926604));
#4026 = VECTOR('',#4027,1.);
#4027 = DIRECTION('',(1.,0.));
#4028 = ( GEOMETRIC_REPRESENTATION_CONTEXT(2) 
PARAMETRIC_REPRESENTATION_CONTEXT() REPRESENTATION_CONTEXT('2D SPACE',''
  ) );
#4029 = ORIENTED_EDGE('',*,*,#4030,.T.);
#4030 = EDGE_CURVE('',#4009,#1769,#4031,.T.);
#4031 = SURFACE_CURVE('',#4032,(#4041,#4048),.PCURVE_S1.);
#4032 = ( BOUNDED_CURVE() B_SPLINE_CURVE(7,(#4033,#4034,#4035,#4036,
    #4037,#4038,#4039,#4040),.UNSPECIFIED.,.F.,.F.) 
B_SPLINE_CURVE_WITH_KNOTS((8,8),(30.1415926604,31.205246839182),
.PIECEWISE_BEZIER_KNOTS.) CURVE() GEOMETRIC_REPRESENTATION_ITEM() 
RATIONAL_B_SPLINE_CURVE((1.,1.,1.,1.,1.,1.,1.,1.)) REPRESENTATION_ITEM(
  '') );
#4033 = CARTESIAN_POINT('',(5.,-0.678655790131,73.));
#4034 = CARTESIAN_POINT('',(5.,-0.678653128785,73.152102683496));
#4035 = CARTESIAN_POINT('',(4.986490073079,-0.677592921342,
    73.304163965707));
#4036 = CARTESIAN_POINT('',(4.959584289514,-0.675142604184,
    73.454253195914));
#4037 = CARTESIAN_POINT('',(4.919399851829,-0.672086456845,
    73.602114081034));
#4038 = CARTESIAN_POINT('',(4.866258943077,-0.668885061008,
    73.745459321177));
#4039 = CARTESIAN_POINT('',(4.800819452998,-0.666666666667,73.8832543697
    ));
#4040 = CARTESIAN_POINT('',(4.723763949153,-0.666666666667,
    74.014217850168));
#4041 = PCURVE('',#1344,#4042);
#4042 = DEFINITIONAL_REPRESENTATION('',(#4043),#4047);
#4043 = LINE('',#4044,#4045);
#4044 = CARTESIAN_POINT('',(1.063654178782,0.));
#4045 = VECTOR('',#4046,1.);
#4046 = DIRECTION('',(0.,1.));
#4047 = ( GEOMETRIC_REPRESENTATION_CONTEXT(2) 
PARAMETRIC_REPRESENTATION_CONTEXT() REPRESENTATION_CONTEXT('2D SPACE',''
  ) );
#4048 = PCURVE('',#1838,#4049);
#4049 = DEFINITIONAL_REPRESENTATION('',(#4050),#4059);
#4050 = B_SPLINE_CURVE_WITH_KNOTS('',7,(#4051,#4052,#4053,#4054,#4055,
    #4056,#4057,#4058),.UNSPECIFIED.,.F.,.F.,(8,8),(30.1415926604,
    31.205246839182),.PIECEWISE_BEZIER_KNOTS.);
#4051 = CARTESIAN_POINT('',(3.550935732891E-15,-0.678655790131));
#4052 = CARTESIAN_POINT('',(-7.60513417479E-02,-0.678653128785));
#4053 = CARTESIAN_POINT('',(-0.152081913858,-0.677592926469));
#4054 = CARTESIAN_POINT('',(-0.227846479605,-0.675142593322));
#4055 = CARTESIAN_POINT('',(-0.303919442576,-0.672086464179));
#4056 = CARTESIAN_POINT('',(-0.379876549797,-0.668885059762));
#4057 = CARTESIAN_POINT('',(-0.455851794333,-0.666666666667));
#4058 = CARTESIAN_POINT('',(-0.531827092768,-0.666666666667));
#4059 = ( GEOMETRIC_REPRESENTATION_CONTEXT(2) 
PARAMETRIC_REPRESENTATION_CONTEXT() REPRESENTATION_CONTEXT('2D SPACE',''
  ) );
#4060 = ORIENTED_EDGE('',*,*,#1768,.F.);
#4061 = ORIENTED_EDGE('',*,*,#1318,.F.);
#4062 = ADVANCED_FACE('',(#4063),#1721,.F.);
#4063 = FACE_BOUND('',#4064,.F.);
#4064 = EDGE_LOOP('',(#4065,#4087,#4126,#4127));
#4065 = ORIENTED_EDGE('',*,*,#4066,.T.);
#4066 = EDGE_CURVE('',#1632,#4067,#4069,.T.);
#4067 = VERTEX_POINT('',#4068);
#4068 = CARTESIAN_POINT('',(5.,-0.678655790131,52.));
#4069 = SURFACE_CURVE('',#4070,(#4074,#4080),.PCURVE_S1.);
#4070 = ( BOUNDED_CURVE() B_SPLINE_CURVE(2,(#4071,#4072,#4073),
.UNSPECIFIED.,.F.,.F.) B_SPLINE_CURVE_WITH_KNOTS((3,3),(0.,
1.063654178775),.PIECEWISE_BEZIER_KNOTS.) CURVE() 
GEOMETRIC_REPRESENTATION_ITEM() RATIONAL_B_SPLINE_CURVE((1.,
0.732905693329,1.)) REPRESENTATION_ITEM('') );
#4071 = CARTESIAN_POINT('',(5.308411859159,-1.011067730938,
    51.990242840818));
#4072 = CARTESIAN_POINT('',(5.,-0.988077249115,52.));
#4073 = CARTESIAN_POINT('',(5.,-0.678655790131,52.));
#4074 = PCURVE('',#1721,#4075);
#4075 = DEFINITIONAL_REPRESENTATION('',(#4076),#4079);
#4076 = B_SPLINE_CURVE_WITH_KNOTS('',1,(#4077,#4078),.UNSPECIFIED.,.F.,
  .F.,(2,2),(0.,1.063654178775),.PIECEWISE_BEZIER_KNOTS.);
#4077 = CARTESIAN_POINT('',(0.,9.141592646828));
#4078 = CARTESIAN_POINT('',(21.000000013572,9.141592646828));
#4079 = ( GEOMETRIC_REPRESENTATION_CONTEXT(2) 
PARAMETRIC_REPRESENTATION_CONTEXT() REPRESENTATION_CONTEXT('2D SPACE',''
  ) );
#4080 = PCURVE('',#1657,#4081);
#4081 = DEFINITIONAL_REPRESENTATION('',(#4082),#4086);
#4082 = LINE('',#4083,#4084);
#4083 = CARTESIAN_POINT('',(0.,9.141592646828));
#4084 = VECTOR('',#4085,1.);
#4085 = DIRECTION('',(1.,0.));
#4086 = ( GEOMETRIC_REPRESENTATION_CONTEXT(2) 
PARAMETRIC_REPRESENTATION_CONTEXT() REPRESENTATION_CONTEXT('2D SPACE',''
  ) );
#4087 = ORIENTED_EDGE('',*,*,#4088,.T.);
#4088 = EDGE_CURVE('',#4067,#4009,#4089,.T.);
#4089 = SURFACE_CURVE('',#4090,(#4103,#4110),.PCURVE_S1.);
#4090 = ( BOUNDED_CURVE() B_SPLINE_CURVE(11,(#4091,#4092,#4093,#4094,
    #4095,#4096,#4097,#4098,#4099,#4100,#4101,#4102),.UNSPECIFIED.,.F.,
.F.) B_SPLINE_CURVE_WITH_KNOTS((12,12),(9.141592646828,30.1415926604),
.PIECEWISE_BEZIER_KNOTS.) CURVE() GEOMETRIC_REPRESENTATION_ITEM() 
RATIONAL_B_SPLINE_CURVE((1.,1.,1.,0.999999999999,1.000000000001,
    0.999999999998,1.000000000002,0.999999999999,1.000000000001,1.,1.,1.
)) REPRESENTATION_ITEM('') );
#4091 = CARTESIAN_POINT('',(5.,-0.678655790131,52.));
#4092 = CARTESIAN_POINT('',(5.,-0.678689226996,53.911001709077));
#4093 = CARTESIAN_POINT('',(5.,-0.678635273799,55.812869075461));
#4094 = CARTESIAN_POINT('',(5.,-0.678700836622,57.735205827478));
#4095 = CARTESIAN_POINT('',(5.,-0.678640666499,59.626113500543));
#4096 = CARTESIAN_POINT('',(5.,-0.678677680443,61.557153046816));
#4097 = CARTESIAN_POINT('',(5.,-0.678677680443,63.44284695318));
#4098 = CARTESIAN_POINT('',(5.,-0.678640666499,65.373886499465));
#4099 = CARTESIAN_POINT('',(5.,-0.678700836622,67.264794172516));
#4100 = CARTESIAN_POINT('',(5.,-0.678635273799,69.187130924553));
#4101 = CARTESIAN_POINT('',(5.,-0.678689226996,71.088998290955));
#4102 = CARTESIAN_POINT('',(5.,-0.678655790131,73.));
#4103 = PCURVE('',#1721,#4104);
#4104 = DEFINITIONAL_REPRESENTATION('',(#4105),#4109);
#4105 = LINE('',#4106,#4107);
#4106 = CARTESIAN_POINT('',(21.000000013572,0.));
#4107 = VECTOR('',#4108,1.);
#4108 = DIRECTION('',(0.,1.));
#4109 = ( GEOMETRIC_REPRESENTATION_CONTEXT(2) 
PARAMETRIC_REPRESENTATION_CONTEXT() REPRESENTATION_CONTEXT('2D SPACE',''
  ) );
#4110 = PCURVE('',#3703,#4111);
#4111 = DEFINITIONAL_REPRESENTATION('',(#4112),#4125);
#4112 = ( BOUNDED_CURVE() B_SPLINE_CURVE(11,(#4113,#4114,#4115,#4116,
    #4117,#4118,#4119,#4120,#4121,#4122,#4123,#4124),.UNSPECIFIED.,.F.,
.F.) B_SPLINE_CURVE_WITH_KNOTS((12,12),(9.141592646828,30.1415926604),
.PIECEWISE_BEZIER_KNOTS.) CURVE() GEOMETRIC_REPRESENTATION_ITEM() 
RATIONAL_B_SPLINE_CURVE((1.,1.,1.,0.999999999999,1.000000000001,
    0.999999999998,1.000000000002,0.999999999999,1.000000000001,1.,1.,1.
)) REPRESENTATION_ITEM('') );
#4113 = CARTESIAN_POINT('',(21.,-0.678655790131));
#4114 = CARTESIAN_POINT('',(19.088998290923,-0.678689226996));
#4115 = CARTESIAN_POINT('',(17.187130924539,-0.678635273799));
#4116 = CARTESIAN_POINT('',(15.264794172522,-0.678700836622));
#4117 = CARTESIAN_POINT('',(13.373886499457,-0.678640666499));
#4118 = CARTESIAN_POINT('',(11.442846953184,-0.678677680443));
#4119 = CARTESIAN_POINT('',(9.55715304682,-0.678677680443));
#4120 = CARTESIAN_POINT('',(7.626113500535,-0.678640666499));
#4121 = CARTESIAN_POINT('',(5.735205827484,-0.678700836622));
#4122 = CARTESIAN_POINT('',(3.812869075447,-0.678635273799));
#4123 = CARTESIAN_POINT('',(1.911001709045,-0.678689226996));
#4124 = CARTESIAN_POINT('',(0.,-0.678655790131));
#4125 = ( GEOMETRIC_REPRESENTATION_CONTEXT(2) 
PARAMETRIC_REPRESENTATION_CONTEXT() REPRESENTATION_CONTEXT('2D SPACE',''
  ) );
#4126 = ORIENTED_EDGE('',*,*,#4008,.F.);
#4127 = ORIENTED_EDGE('',*,*,#1689,.F.);
#4128 = ADVANCED_FACE('',(#4129),#1657,.F.);
#4129 = FACE_BOUND('',#4130,.F.);
#4130 = EDGE_LOOP('',(#4131,#4167,#4198,#4199));
#4131 = ORIENTED_EDGE('',*,*,#4132,.T.);
#4132 = EDGE_CURVE('',#1604,#4133,#4135,.T.);
#4133 = VERTEX_POINT('',#4134);
#4134 = CARTESIAN_POINT('',(4.723763949153,-0.666666666667,
    50.985782149832));
#4135 = SURFACE_CURVE('',#4136,(#4141,#4155),.PCURVE_S1.);
#4136 = CIRCLE('',#4137,0.333333333333);
#4137 = AXIS2_PLACEMENT_3D('',#4138,#4139,#4140);
#4138 = CARTESIAN_POINT('',(5.011057940679,-0.666666666667,
    50.816745841471));
#4139 = DIRECTION('',(-0.507108925084,-1.917226722645E-16,
    -0.861881974577));
#4140 = DIRECTION('',(0.861881974577,-1.128046311609E-16,-0.507108925084
    ));
#4141 = PCURVE('',#1657,#4142);
#4142 = DEFINITIONAL_REPRESENTATION('',(#4143),#4154);
#4143 = B_SPLINE_CURVE_WITH_KNOTS('',9,(#4144,#4145,#4146,#4147,#4148,
    #4149,#4150,#4151,#4152,#4153),.UNSPECIFIED.,.F.,.F.,(10,10),(
    1.570796326795,3.14159265359),.PIECEWISE_BEZIER_KNOTS.);
#4144 = CARTESIAN_POINT('',(-1.110223024625E-16,8.077938468053));
#4145 = CARTESIAN_POINT('',(0.131269194527,8.077938468053));
#4146 = CARTESIAN_POINT('',(0.251862284148,8.077938468054));
#4147 = CARTESIAN_POINT('',(0.36615881948,8.077938468053));
#4148 = CARTESIAN_POINT('',(0.476966077663,8.077938468054));
#4149 = CARTESIAN_POINT('',(0.586688101112,8.077938468053));
#4150 = CARTESIAN_POINT('',(0.697495359295,8.077938468054));
#4151 = CARTESIAN_POINT('',(0.811791894627,8.077938468053));
#4152 = CARTESIAN_POINT('',(0.932384984248,8.077938468053));
#4153 = CARTESIAN_POINT('',(1.063654178775,8.077938468053));
#4154 = ( GEOMETRIC_REPRESENTATION_CONTEXT(2) 
PARAMETRIC_REPRESENTATION_CONTEXT() REPRESENTATION_CONTEXT('2D SPACE',''
  ) );
#4155 = PCURVE('',#4156,#4161);
#4156 = TOROIDAL_SURFACE('',#4157,2.333333333333,0.333333333333);
#4157 = AXIS2_PLACEMENT_3D('',#4158,#4159,#4160);
#4158 = CARTESIAN_POINT('',(3.,-0.666666666667,52.));
#4159 = DIRECTION('',(0.,-1.,2.22446550595E-16));
#4160 = DIRECTION('',(-2.22044604925E-16,-2.22446550595E-16,-1.));
#4161 = DEFINITIONAL_REPRESENTATION('',(#4162),#4166);
#4162 = LINE('',#4163,#4164);
#4163 = CARTESIAN_POINT('',(1.038969234027,0.));
#4164 = VECTOR('',#4165,1.);
#4165 = DIRECTION('',(0.,1.));
#4166 = ( GEOMETRIC_REPRESENTATION_CONTEXT(2) 
PARAMETRIC_REPRESENTATION_CONTEXT() REPRESENTATION_CONTEXT('2D SPACE',''
  ) );
#4167 = ORIENTED_EDGE('',*,*,#4168,.T.);
#4168 = EDGE_CURVE('',#4133,#4067,#4169,.T.);
#4169 = SURFACE_CURVE('',#4170,(#4179,#4186),.PCURVE_S1.);
#4170 = ( BOUNDED_CURVE() B_SPLINE_CURVE(7,(#4171,#4172,#4173,#4174,
    #4175,#4176,#4177,#4178),.UNSPECIFIED.,.F.,.F.) 
B_SPLINE_CURVE_WITH_KNOTS((8,8),(8.077938468053,9.141592646828),
.PIECEWISE_BEZIER_KNOTS.) CURVE() GEOMETRIC_REPRESENTATION_ITEM() 
RATIONAL_B_SPLINE_CURVE((1.,1.,1.,1.,1.,1.,1.,1.)) REPRESENTATION_ITEM(
  '') );
#4171 = CARTESIAN_POINT('',(4.723763949153,-0.666666666667,
    50.985782149832));
#4172 = CARTESIAN_POINT('',(4.800819452998,-0.666666666667,51.1167456303
    ));
#4173 = CARTESIAN_POINT('',(4.866258943078,-0.668885061008,
    51.254540678824));
#4174 = CARTESIAN_POINT('',(4.919399851829,-0.672086456845,
    51.397885918963));
#4175 = CARTESIAN_POINT('',(4.959584289515,-0.675142604184,
    51.545746804088));
#4176 = CARTESIAN_POINT('',(4.986490073079,-0.677592921342,
    51.695836034292));
#4177 = CARTESIAN_POINT('',(5.,-0.678653128785,51.847897316503));
#4178 = CARTESIAN_POINT('',(5.,-0.678655790131,52.));
#4179 = PCURVE('',#1657,#4180);
#4180 = DEFINITIONAL_REPRESENTATION('',(#4181),#4185);
#4181 = LINE('',#4182,#4183);
#4182 = CARTESIAN_POINT('',(1.063654178775,0.));
#4183 = VECTOR('',#4184,1.);
#4184 = DIRECTION('',(0.,1.));
#4185 = ( GEOMETRIC_REPRESENTATION_CONTEXT(2) 
PARAMETRIC_REPRESENTATION_CONTEXT() REPRESENTATION_CONTEXT('2D SPACE',''
  ) );
#4186 = PCURVE('',#3590,#4187);
#4187 = DEFINITIONAL_REPRESENTATION('',(#4188),#4197);
#4188 = B_SPLINE_CURVE_WITH_KNOTS('',7,(#4189,#4190,#4191,#4192,#4193,
    #4194,#4195,#4196),.UNSPECIFIED.,.F.,.F.,(8,8),(8.077938468053,
    9.141592646828),.PIECEWISE_BEZIER_KNOTS.);
#4189 = CARTESIAN_POINT('',(-5.751358214411,-0.666666666667));
#4190 = CARTESIAN_POINT('',(-5.827333512846,-0.666666666667));
#4191 = CARTESIAN_POINT('',(-5.903308757383,-0.668885059762));
#4192 = CARTESIAN_POINT('',(-5.979265864602,-0.672086464179));
#4193 = CARTESIAN_POINT('',(-6.055338827575,-0.675142593322));
#4194 = CARTESIAN_POINT('',(-6.131103393321,-0.677592926469));
#4195 = CARTESIAN_POINT('',(-6.207133965431,-0.678653128785));
#4196 = CARTESIAN_POINT('',(-6.28318530718,-0.678655790131));
#4197 = ( GEOMETRIC_REPRESENTATION_CONTEXT(2) 
PARAMETRIC_REPRESENTATION_CONTEXT() REPRESENTATION_CONTEXT('2D SPACE',''
  ) );
#4198 = ORIENTED_EDGE('',*,*,#4066,.F.);
#4199 = ORIENTED_EDGE('',*,*,#1631,.F.);
#4200 = ADVANCED_FACE('',(#4201),#1619,.T.);
#4201 = FACE_BOUND('',#4202,.T.);
#4202 = EDGE_LOOP('',(#4203,#4204,#4228,#4256,#4283,#4284,#4285,#4286,
    #4309,#4335));
#4203 = ORIENTED_EDGE('',*,*,#1603,.F.);
#4204 = ORIENTED_EDGE('',*,*,#4205,.F.);
#4205 = EDGE_CURVE('',#4206,#1604,#4208,.T.);
#4206 = VERTEX_POINT('',#4207);
#4207 = CARTESIAN_POINT('',(3.,-1.,49.666666666667));
#4208 = SURFACE_CURVE('',#4209,(#4214,#4221),.PCURVE_S1.);
#4209 = CIRCLE('',#4210,2.333333333333);
#4210 = AXIS2_PLACEMENT_3D('',#4211,#4212,#4213);
#4211 = CARTESIAN_POINT('',(3.,-1.,52.));
#4212 = DIRECTION('',(1.094764425254E-47,-1.,2.22446550595E-16));
#4213 = DIRECTION('',(-2.22044604925E-16,-2.22446550595E-16,-1.));
#4214 = PCURVE('',#1619,#4215);
#4215 = DEFINITIONAL_REPRESENTATION('',(#4216),#4220);
#4216 = CIRCLE('',#4217,2.333333333333);
#4217 = AXIS2_PLACEMENT_2D('',#4218,#4219);
#4218 = CARTESIAN_POINT('',(-9.5,-3.));
#4219 = DIRECTION('',(-1.,2.22044604925E-16));
#4220 = ( GEOMETRIC_REPRESENTATION_CONTEXT(2) 
PARAMETRIC_REPRESENTATION_CONTEXT() REPRESENTATION_CONTEXT('2D SPACE',''
  ) );
#4221 = PCURVE('',#4156,#4222);
#4222 = DEFINITIONAL_REPRESENTATION('',(#4223),#4227);
#4223 = LINE('',#4224,#4225);
#4224 = CARTESIAN_POINT('',(0.,1.570796326795));
#4225 = VECTOR('',#4226,1.);
#4226 = DIRECTION('',(1.,0.));
#4227 = ( GEOMETRIC_REPRESENTATION_CONTEXT(2) 
PARAMETRIC_REPRESENTATION_CONTEXT() REPRESENTATION_CONTEXT('2D SPACE',''
  ) );
#4228 = ORIENTED_EDGE('',*,*,#4229,.F.);
#4229 = EDGE_CURVE('',#4230,#4206,#4232,.T.);
#4230 = VERTEX_POINT('',#4231);
#4231 = CARTESIAN_POINT('',(-3.,-1.,49.666666666667));
#4232 = SURFACE_CURVE('',#4233,(#4237,#4244),.PCURVE_S1.);
#4233 = LINE('',#4234,#4235);
#4234 = CARTESIAN_POINT('',(-3.,-1.,49.666666666667));
#4235 = VECTOR('',#4236,1.);
#4236 = DIRECTION('',(1.,0.,0.));
#4237 = PCURVE('',#1619,#4238);
#4238 = DEFINITIONAL_REPRESENTATION('',(#4239),#4243);
#4239 = LINE('',#4240,#4241);
#4240 = CARTESIAN_POINT('',(-11.83333333333,3.));
#4241 = VECTOR('',#4242,1.);
#4242 = DIRECTION('',(0.,-1.));
#4243 = ( GEOMETRIC_REPRESENTATION_CONTEXT(2) 
PARAMETRIC_REPRESENTATION_CONTEXT() REPRESENTATION_CONTEXT('2D SPACE',''
  ) );
#4244 = PCURVE('',#4245,#4250);
#4245 = CYLINDRICAL_SURFACE('',#4246,0.333333333333);
#4246 = AXIS2_PLACEMENT_3D('',#4247,#4248,#4249);
#4247 = CARTESIAN_POINT('',(-3.,-0.666666666667,49.666666666667));
#4248 = DIRECTION('',(1.,0.,0.));
#4249 = DIRECTION('',(0.,-1.,2.22446550595E-16));
#4250 = DEFINITIONAL_REPRESENTATION('',(#4251),#4255);
#4251 = LINE('',#4252,#4253);
#4252 = CARTESIAN_POINT('',(-0.,0.));
#4253 = VECTOR('',#4254,1.);
#4254 = DIRECTION('',(-0.,1.));
#4255 = ( GEOMETRIC_REPRESENTATION_CONTEXT(2) 
PARAMETRIC_REPRESENTATION_CONTEXT() REPRESENTATION_CONTEXT('2D SPACE',''
  ) );
#4256 = ORIENTED_EDGE('',*,*,#4257,.F.);
#4257 = EDGE_CURVE('',#2388,#4230,#4258,.T.);
#4258 = SURFACE_CURVE('',#4259,(#4264,#4271),.PCURVE_S1.);
#4259 = CIRCLE('',#4260,2.333333333333);
#4260 = AXIS2_PLACEMENT_3D('',#4261,#4262,#4263);
#4261 = CARTESIAN_POINT('',(-3.,-1.,52.));
#4262 = DIRECTION('',(-2.736911063134E-48,-1.,2.22446550595E-16));
#4263 = DIRECTION('',(-1.,-1.647925405257E-32,-7.408185925333E-17));
#4264 = PCURVE('',#1619,#4265);
#4265 = DEFINITIONAL_REPRESENTATION('',(#4266),#4270);
#4266 = CIRCLE('',#4267,2.333333333333);
#4267 = AXIS2_PLACEMENT_2D('',#4268,#4269);
#4268 = CARTESIAN_POINT('',(-9.5,3.));
#4269 = DIRECTION('',(-7.408185925333E-17,1.));
#4270 = ( GEOMETRIC_REPRESENTATION_CONTEXT(2) 
PARAMETRIC_REPRESENTATION_CONTEXT() REPRESENTATION_CONTEXT('2D SPACE',''
  ) );
#4271 = PCURVE('',#4272,#4277);
#4272 = TOROIDAL_SURFACE('',#4273,2.333333333333,0.333333333333);
#4273 = AXIS2_PLACEMENT_3D('',#4274,#4275,#4276);
#4274 = CARTESIAN_POINT('',(-3.,-0.666666666667,52.));
#4275 = DIRECTION('',(0.,-1.,2.22446550595E-16));
#4276 = DIRECTION('',(-1.,-1.647925405257E-32,-7.408185925333E-17));
#4277 = DEFINITIONAL_REPRESENTATION('',(#4278),#4282);
#4278 = LINE('',#4279,#4280);
#4279 = CARTESIAN_POINT('',(0.,1.570796326795));
#4280 = VECTOR('',#4281,1.);
#4281 = DIRECTION('',(1.,0.));
#4282 = ( GEOMETRIC_REPRESENTATION_CONTEXT(2) 
PARAMETRIC_REPRESENTATION_CONTEXT() REPRESENTATION_CONTEXT('2D SPACE',''
  ) );
#4283 = ORIENTED_EDGE('',*,*,#2387,.T.);
#4284 = ORIENTED_EDGE('',*,*,#3107,.T.);
#4285 = ORIENTED_EDGE('',*,*,#3132,.T.);
#4286 = ORIENTED_EDGE('',*,*,#4287,.F.);
#4287 = EDGE_CURVE('',#4288,#3133,#4290,.T.);
#4288 = VERTEX_POINT('',#4289);
#4289 = CARTESIAN_POINT('',(9.7,-1.,4.3));
#4290 = SURFACE_CURVE('',#4291,(#4295,#4302),.PCURVE_S1.);
#4291 = LINE('',#4292,#4293);
#4292 = CARTESIAN_POINT('',(0.,-1.,4.3));
#4293 = VECTOR('',#4294,1.);
#4294 = DIRECTION('',(-1.,0.,0.));
#4295 = PCURVE('',#1619,#4296);
#4296 = DEFINITIONAL_REPRESENTATION('',(#4297),#4301);
#4297 = LINE('',#4298,#4299);
#4298 = CARTESIAN_POINT('',(-57.2,-2.612065579531E-17));
#4299 = VECTOR('',#4300,1.);
#4300 = DIRECTION('',(0.,1.));
#4301 = ( GEOMETRIC_REPRESENTATION_CONTEXT(2) 
PARAMETRIC_REPRESENTATION_CONTEXT() REPRESENTATION_CONTEXT('2D SPACE',''
  ) );
#4302 = PCURVE('',#3172,#4303);
#4303 = DEFINITIONAL_REPRESENTATION('',(#4304),#4308);
#4304 = LINE('',#4305,#4306);
#4305 = CARTESIAN_POINT('',(-0.5,0.));
#4306 = VECTOR('',#4307,1.);
#4307 = DIRECTION('',(0.,-1.));
#4308 = ( GEOMETRIC_REPRESENTATION_CONTEXT(2) 
PARAMETRIC_REPRESENTATION_CONTEXT() REPRESENTATION_CONTEXT('2D SPACE',''
  ) );
#4309 = ORIENTED_EDGE('',*,*,#4310,.F.);
#4310 = EDGE_CURVE('',#3394,#4288,#4311,.T.);
#4311 = SURFACE_CURVE('',#4312,(#4317,#4328),.PCURVE_S1.);
#4312 = CIRCLE('',#4313,2.);
#4313 = AXIS2_PLACEMENT_3D('',#4314,#4315,#4316);
#4314 = CARTESIAN_POINT('',(9.7,-1.,6.3));
#4315 = DIRECTION('',(0.,1.,-2.22044604925E-16));
#4316 = DIRECTION('',(-1.,0.,0.));
#4317 = PCURVE('',#1619,#4318);
#4318 = DEFINITIONAL_REPRESENTATION('',(#4319),#4327);
#4319 = ( BOUNDED_CURVE() B_SPLINE_CURVE(2,(#4320,#4321,#4322,#4323,
#4324,#4325,#4326),.UNSPECIFIED.,.T.,.F.) B_SPLINE_CURVE_WITH_KNOTS((1,2
    ,2,2,2,1),(-2.094395102393,0.,2.094395102393,4.188790204786,
6.28318530718,8.377580409573),.UNSPECIFIED.) CURVE() 
GEOMETRIC_REPRESENTATION_ITEM() RATIONAL_B_SPLINE_CURVE((1.,0.5,1.,0.5,
1.,0.5,1.)) REPRESENTATION_ITEM('') );
#4320 = CARTESIAN_POINT('',(-55.2,-7.7));
#4321 = CARTESIAN_POINT('',(-51.73589838486,-7.7));
#4322 = CARTESIAN_POINT('',(-53.46794919243,-10.7));
#4323 = CARTESIAN_POINT('',(-55.2,-13.7));
#4324 = CARTESIAN_POINT('',(-56.93205080756,-10.7));
#4325 = CARTESIAN_POINT('',(-58.66410161513,-7.7));
#4326 = CARTESIAN_POINT('',(-55.2,-7.7));
#4327 = ( GEOMETRIC_REPRESENTATION_CONTEXT(2) 
PARAMETRIC_REPRESENTATION_CONTEXT() REPRESENTATION_CONTEXT('2D SPACE',''
  ) );
#4328 = PCURVE('',#3430,#4329);
#4329 = DEFINITIONAL_REPRESENTATION('',(#4330),#4334);
#4330 = LINE('',#4331,#4332);
#4331 = CARTESIAN_POINT('',(0.,-1.));
#4332 = VECTOR('',#4333,1.);
#4333 = DIRECTION('',(1.,0.));
#4334 = ( GEOMETRIC_REPRESENTATION_CONTEXT(2) 
PARAMETRIC_REPRESENTATION_CONTEXT() REPRESENTATION_CONTEXT('2D SPACE',''
  ) );
#4335 = ORIENTED_EDGE('',*,*,#4336,.F.);
#4336 = EDGE_CURVE('',#1575,#3394,#4337,.T.);
#4337 = SURFACE_CURVE('',#4338,(#4342,#4349),.PCURVE_S1.);
#4338 = LINE('',#4339,#4340);
#4339 = CARTESIAN_POINT('',(4.89490213489,-1.,6.3));
#4340 = VECTOR('',#4341,1.);
#4341 = DIRECTION('',(1.,-1.176296465049E-31,-5.287995978824E-16));
#4342 = PCURVE('',#1619,#4343);
#4343 = DEFINITIONAL_REPRESENTATION('',(#4344),#4348);
#4344 = LINE('',#4345,#4346);
#4345 = CARTESIAN_POINT('',(-55.2,-4.89490213489));
#4346 = VECTOR('',#4347,1.);
#4347 = DIRECTION('',(-5.287995978824E-16,-1.));
#4348 = ( GEOMETRIC_REPRESENTATION_CONTEXT(2) 
PARAMETRIC_REPRESENTATION_CONTEXT() REPRESENTATION_CONTEXT('2D SPACE',''
  ) );
#4349 = PCURVE('',#1591,#4350);
#4350 = DEFINITIONAL_REPRESENTATION('',(#4351),#4355);
#4351 = LINE('',#4352,#4353);
#4352 = CARTESIAN_POINT('',(4.89490213489,4.516509498638));
#4353 = VECTOR('',#4354,1.);
#4354 = DIRECTION('',(-1.,-2.350467443013E-31));
#4355 = ( GEOMETRIC_REPRESENTATION_CONTEXT(2) 
PARAMETRIC_REPRESENTATION_CONTEXT() REPRESENTATION_CONTEXT('2D SPACE',''
  ) );
#4356 = ADVANCED_FACE('',(#4357),#1591,.T.);
#4357 = FACE_BOUND('',#4358,.T.);
#4358 = EDGE_LOOP('',(#4359,#4360,#4383,#4411,#4439,#4460,#4461));
#4359 = ORIENTED_EDGE('',*,*,#3393,.F.);
#4360 = ORIENTED_EDGE('',*,*,#4361,.T.);
#4361 = EDGE_CURVE('',#3366,#4362,#4364,.T.);
#4362 = VERTEX_POINT('',#4363);
#4363 = CARTESIAN_POINT('',(13.2,-11.7,6.3));
#4364 = SURFACE_CURVE('',#4365,(#4369,#4376),.PCURVE_S1.);
#4365 = LINE('',#4366,#4367);
#4366 = CARTESIAN_POINT('',(11.7,-10.7,6.3));
#4367 = VECTOR('',#4368,1.);
#4368 = DIRECTION('',(0.832050294337,-0.554700196226,0.));
#4369 = PCURVE('',#1591,#4370);
#4370 = DEFINITIONAL_REPRESENTATION('',(#4371),#4375);
#4371 = LINE('',#4372,#4373);
#4372 = CARTESIAN_POINT('',(-1.910195730219,-5.183490501362));
#4373 = VECTOR('',#4374,1.);
#4374 = DIRECTION('',(-0.832050294337,-0.554700196226));
#4375 = ( GEOMETRIC_REPRESENTATION_CONTEXT(2) 
PARAMETRIC_REPRESENTATION_CONTEXT() REPRESENTATION_CONTEXT('2D SPACE',''
  ) );
#4376 = PCURVE('',#3381,#4377);
#4377 = DEFINITIONAL_REPRESENTATION('',(#4378),#4382);
#4378 = LINE('',#4379,#4380);
#4379 = CARTESIAN_POINT('',(1.379483682336E-14,110.4));
#4380 = VECTOR('',#4381,1.);
#4381 = DIRECTION('',(1.,-1.232595164408E-32));
#4382 = ( GEOMETRIC_REPRESENTATION_CONTEXT(2) 
PARAMETRIC_REPRESENTATION_CONTEXT() REPRESENTATION_CONTEXT('2D SPACE',''
  ) );
#4383 = ORIENTED_EDGE('',*,*,#4384,.T.);
#4384 = EDGE_CURVE('',#4362,#4385,#4387,.T.);
#4385 = VERTEX_POINT('',#4386);
#4386 = CARTESIAN_POINT('',(11.7,-12.7,6.3));
#4387 = SURFACE_CURVE('',#4388,(#4392,#4399),.PCURVE_S1.);
#4388 = LINE('',#4389,#4390);
#4389 = CARTESIAN_POINT('',(13.2,-11.7,6.3));
#4390 = VECTOR('',#4391,1.);
#4391 = DIRECTION('',(-0.832050294339,-0.554700196224,0.));
#4392 = PCURVE('',#1591,#4393);
#4393 = DEFINITIONAL_REPRESENTATION('',(#4394),#4398);
#4394 = LINE('',#4395,#4396);
#4395 = CARTESIAN_POINT('',(-3.410195730219,-6.183490501365));
#4396 = VECTOR('',#4397,1.);
#4397 = DIRECTION('',(0.832050294339,-0.554700196224));
#4398 = ( GEOMETRIC_REPRESENTATION_CONTEXT(2) 
PARAMETRIC_REPRESENTATION_CONTEXT() REPRESENTATION_CONTEXT('2D SPACE',''
  ) );
#4399 = PCURVE('',#4400,#4405);
#4400 = PLANE('',#4401);
#4401 = AXIS2_PLACEMENT_3D('',#4402,#4403,#4404);
#4402 = CARTESIAN_POINT('',(13.2,-11.7,116.7));
#4403 = DIRECTION('',(0.554700196224,-0.832050294339,1.847522788842E-16)
  );
#4404 = DIRECTION('',(-0.832050294339,-0.554700196224,2.465190328816E-32
    ));
#4405 = DEFINITIONAL_REPRESENTATION('',(#4406),#4410);
#4406 = LINE('',#4407,#4408);
#4407 = CARTESIAN_POINT('',(1.379483682331E-14,110.4));
#4408 = VECTOR('',#4409,1.);
#4409 = DIRECTION('',(1.,3.697785493223E-32));
#4410 = ( GEOMETRIC_REPRESENTATION_CONTEXT(2) 
PARAMETRIC_REPRESENTATION_CONTEXT() REPRESENTATION_CONTEXT('2D SPACE',''
  ) );
#4411 = ORIENTED_EDGE('',*,*,#4412,.T.);
#4412 = EDGE_CURVE('',#4385,#4413,#4415,.T.);
#4413 = VERTEX_POINT('',#4414);
#4414 = CARTESIAN_POINT('',(9.7,-12.7,6.3));
#4415 = SURFACE_CURVE('',#4416,(#4420,#4427),.PCURVE_S1.);
#4416 = LINE('',#4417,#4418);
#4417 = CARTESIAN_POINT('',(11.7,-12.7,6.3));
#4418 = VECTOR('',#4419,1.);
#4419 = DIRECTION('',(-1.,0.,0.));
#4420 = PCURVE('',#1591,#4421);
#4421 = DEFINITIONAL_REPRESENTATION('',(#4422),#4426);
#4422 = LINE('',#4423,#4424);
#4423 = CARTESIAN_POINT('',(-1.910195730219,-7.183490501362));
#4424 = VECTOR('',#4425,1.);
#4425 = DIRECTION('',(1.,0.));
#4426 = ( GEOMETRIC_REPRESENTATION_CONTEXT(2) 
PARAMETRIC_REPRESENTATION_CONTEXT() REPRESENTATION_CONTEXT('2D SPACE',''
  ) );
#4427 = PCURVE('',#4428,#4433);
#4428 = PLANE('',#4429);
#4429 = AXIS2_PLACEMENT_3D('',#4430,#4431,#4432);
#4430 = CARTESIAN_POINT('',(11.7,-12.7,116.7));
#4431 = DIRECTION('',(0.,-1.,2.22044604925E-16));
#4432 = DIRECTION('',(-1.,0.,0.));
#4433 = DEFINITIONAL_REPRESENTATION('',(#4434),#4438);
#4434 = LINE('',#4435,#4436);
#4435 = CARTESIAN_POINT('',(0.,110.4));
#4436 = VECTOR('',#4437,1.);
#4437 = DIRECTION('',(1.,-0.));
#4438 = ( GEOMETRIC_REPRESENTATION_CONTEXT(2) 
PARAMETRIC_REPRESENTATION_CONTEXT() REPRESENTATION_CONTEXT('2D SPACE',''
  ) );
#4439 = ORIENTED_EDGE('',*,*,#4440,.T.);
#4440 = EDGE_CURVE('',#4413,#1547,#4441,.T.);
#4441 = SURFACE_CURVE('',#4442,(#4446,#4453),.PCURVE_S1.);
#4442 = LINE('',#4443,#4444);
#4443 = CARTESIAN_POINT('',(9.7,-12.7,6.3));
#4444 = VECTOR('',#4445,1.);
#4445 = DIRECTION('',(-8.715574274744E-02,0.996194698092,0.));
#4446 = PCURVE('',#1591,#4447);
#4447 = DEFINITIONAL_REPRESENTATION('',(#4448),#4452);
#4448 = LINE('',#4449,#4450);
#4449 = CARTESIAN_POINT('',(8.980426978072E-02,-7.183490501362));
#4450 = VECTOR('',#4451,1.);
#4451 = DIRECTION('',(8.715574274744E-02,0.996194698092));
#4452 = ( GEOMETRIC_REPRESENTATION_CONTEXT(2) 
PARAMETRIC_REPRESENTATION_CONTEXT() REPRESENTATION_CONTEXT('2D SPACE',''
  ) );
#4453 = PCURVE('',#1562,#4454);
#4454 = DEFINITIONAL_REPRESENTATION('',(#4455),#4459);
#4455 = LINE('',#4456,#4457);
#4456 = CARTESIAN_POINT('',(-2.300476444928E-14,110.4));
#4457 = VECTOR('',#4458,1.);
#4458 = DIRECTION('',(1.,-5.46964104206E-32));
#4459 = ( GEOMETRIC_REPRESENTATION_CONTEXT(2) 
PARAMETRIC_REPRESENTATION_CONTEXT() REPRESENTATION_CONTEXT('2D SPACE',''
  ) );
#4460 = ORIENTED_EDGE('',*,*,#1574,.F.);
#4461 = ORIENTED_EDGE('',*,*,#4336,.T.);
#4462 = ADVANCED_FACE('',(#4463),#1562,.T.);
#4463 = FACE_BOUND('',#4464,.T.);
#4464 = EDGE_LOOP('',(#4465,#4488,#4511,#4539,#4540));
#4465 = ORIENTED_EDGE('',*,*,#4466,.F.);
#4466 = EDGE_CURVE('',#4467,#4413,#4469,.T.);
#4467 = VERTEX_POINT('',#4468);
#4468 = CARTESIAN_POINT('',(9.7,-12.7,57.3676));
#4469 = SURFACE_CURVE('',#4470,(#4474,#4481),.PCURVE_S1.);
#4470 = LINE('',#4471,#4472);
#4471 = CARTESIAN_POINT('',(9.7,-12.7,116.7));
#4472 = VECTOR('',#4473,1.);
#4473 = DIRECTION('',(0.,-2.22044604925E-16,-1.));
#4474 = PCURVE('',#1562,#4475);
#4475 = DEFINITIONAL_REPRESENTATION('',(#4476),#4480);
#4476 = LINE('',#4477,#4478);
#4477 = CARTESIAN_POINT('',(0.,-0.));
#4478 = VECTOR('',#4479,1.);
#4479 = DIRECTION('',(-2.211996581662E-16,1.));
#4480 = ( GEOMETRIC_REPRESENTATION_CONTEXT(2) 
PARAMETRIC_REPRESENTATION_CONTEXT() REPRESENTATION_CONTEXT('2D SPACE',''
  ) );
#4481 = PCURVE('',#4428,#4482);
#4482 = DEFINITIONAL_REPRESENTATION('',(#4483),#4487);
#4483 = LINE('',#4484,#4485);
#4484 = CARTESIAN_POINT('',(2.,-0.));
#4485 = VECTOR('',#4486,1.);
#4486 = DIRECTION('',(0.,1.));
#4487 = ( GEOMETRIC_REPRESENTATION_CONTEXT(2) 
PARAMETRIC_REPRESENTATION_CONTEXT() REPRESENTATION_CONTEXT('2D SPACE',''
  ) );
#4488 = ORIENTED_EDGE('',*,*,#4489,.F.);
#4489 = EDGE_CURVE('',#4490,#4467,#4492,.T.);
#4490 = VERTEX_POINT('',#4491);
#4491 = CARTESIAN_POINT('',(9.113825954378,-6.,57.3676));
#4492 = SURFACE_CURVE('',#4493,(#4497,#4504),.PCURVE_S1.);
#4493 = LINE('',#4494,#4495);
#4494 = CARTESIAN_POINT('',(10.169538344788,-18.06684783909,57.3676));
#4495 = VECTOR('',#4496,1.);
#4496 = DIRECTION('',(8.715574274744E-02,-0.996194698092,0.));
#4497 = PCURVE('',#1562,#4498);
#4498 = DEFINITIONAL_REPRESENTATION('',(#4499),#4503);
#4499 = LINE('',#4500,#4501);
#4500 = CARTESIAN_POINT('',(-5.387348325957,59.3324));
#4501 = VECTOR('',#4502,1.);
#4502 = DIRECTION('',(-1.,5.46964104206E-32));
#4503 = ( GEOMETRIC_REPRESENTATION_CONTEXT(2) 
PARAMETRIC_REPRESENTATION_CONTEXT() REPRESENTATION_CONTEXT('2D SPACE',''
  ) );
#4504 = PCURVE('',#3353,#4505);
#4505 = DEFINITIONAL_REPRESENTATION('',(#4506),#4510);
#4506 = LINE('',#4507,#4508);
#4507 = CARTESIAN_POINT('',(-4.149456839092,-109.2413985457));
#4508 = VECTOR('',#4509,1.);
#4509 = DIRECTION('',(-0.996194698092,8.715574274744E-02));
#4510 = ( GEOMETRIC_REPRESENTATION_CONTEXT(2) 
PARAMETRIC_REPRESENTATION_CONTEXT() REPRESENTATION_CONTEXT('2D SPACE',''
  ) );
#4511 = ORIENTED_EDGE('',*,*,#4512,.F.);
#4512 = EDGE_CURVE('',#1491,#4490,#4513,.T.);
#4513 = SURFACE_CURVE('',#4514,(#4519,#4526),.PCURVE_S1.);
#4514 = ELLIPSE('',#4515,2.007639675087,2.);
#4515 = AXIS2_PLACEMENT_3D('',#4516,#4517,#4518);
#4516 = CARTESIAN_POINT('',(9.113825954378,-6.,59.3676));
#4517 = DIRECTION('',(-0.996194698092,-8.715574274744E-02,
    1.93524624653E-17));
#4518 = DIRECTION('',(8.715574274744E-02,-0.996194698092,
    2.211996581662E-16));
#4519 = PCURVE('',#1562,#4520);
#4520 = DEFINITIONAL_REPRESENTATION('',(#4521),#4525);
#4521 = ELLIPSE('',#4522,2.007639675087,2.);
#4522 = AXIS2_PLACEMENT_2D('',#4523,#4524);
#4523 = CARTESIAN_POINT('',(6.72559291154,57.3324));
#4524 = DIRECTION('',(-1.,-2.211996581662E-16));
#4525 = ( GEOMETRIC_REPRESENTATION_CONTEXT(2) 
PARAMETRIC_REPRESENTATION_CONTEXT() REPRESENTATION_CONTEXT('2D SPACE',''
  ) );
#4526 = PCURVE('',#1467,#4527);
#4527 = DEFINITIONAL_REPRESENTATION('',(#4528),#4538);
#4528 = B_SPLINE_CURVE_WITH_KNOTS('',8,(#4529,#4530,#4531,#4532,#4533,
    #4534,#4535,#4536,#4537),.UNSPECIFIED.,.F.,.F.,(9,9),(1.570796326795
    ,4.712388980385),.PIECEWISE_BEZIER_KNOTS.);
#4529 = CARTESIAN_POINT('',(7.853981633974,-110.2971109361));
#4530 = CARTESIAN_POINT('',(7.461282552276,-110.3658243717));
#4531 = CARTESIAN_POINT('',(7.068583470577,-110.4345383554));
#4532 = CARTESIAN_POINT('',(6.675884388878,-110.4870994496));
#4533 = CARTESIAN_POINT('',(6.283185307179,-110.5073984337));
#4534 = CARTESIAN_POINT('',(5.890486225481,-110.4870994499));
#4535 = CARTESIAN_POINT('',(5.497787143782,-110.4345383554));
#4536 = CARTESIAN_POINT('',(5.105088062083,-110.3658243717));
#4537 = CARTESIAN_POINT('',(4.712388980385,-110.2971109361));
#4538 = ( GEOMETRIC_REPRESENTATION_CONTEXT(2) 
PARAMETRIC_REPRESENTATION_CONTEXT() REPRESENTATION_CONTEXT('2D SPACE',''
  ) );
#4539 = ORIENTED_EDGE('',*,*,#1546,.T.);
#4540 = ORIENTED_EDGE('',*,*,#4440,.F.);
#4541 = ADVANCED_FACE('',(#4542),#1467,.F.);
#4542 = FACE_BOUND('',#4543,.F.);
#4543 = EDGE_LOOP('',(#4544,#4545,#4566,#4567,#4568,#4569,#4599));
#4544 = ORIENTED_EDGE('',*,*,#3313,.F.);
#4545 = ORIENTED_EDGE('',*,*,#4546,.T.);
#4546 = EDGE_CURVE('',#3314,#4490,#4547,.T.);
#4547 = SURFACE_CURVE('',#4548,(#4552,#4559),.PCURVE_S1.);
#4548 = LINE('',#4549,#4550);
#4549 = CARTESIAN_POINT('',(119.4109368905,-6.,57.3676));
#4550 = VECTOR('',#4551,1.);
#4551 = DIRECTION('',(-1.,-0.,0.));
#4552 = PCURVE('',#1467,#4553);
#4553 = DEFINITIONAL_REPRESENTATION('',(#4554),#4558);
#4554 = LINE('',#4555,#4556);
#4555 = CARTESIAN_POINT('',(4.712388980385,0.));
#4556 = VECTOR('',#4557,1.);
#4557 = DIRECTION('',(0.,-1.));
#4558 = ( GEOMETRIC_REPRESENTATION_CONTEXT(2) 
PARAMETRIC_REPRESENTATION_CONTEXT() REPRESENTATION_CONTEXT('2D SPACE',''
  ) );
#4559 = PCURVE('',#3353,#4560);
#4560 = DEFINITIONAL_REPRESENTATION('',(#4561),#4565);
#4561 = LINE('',#4562,#4563);
#4562 = CARTESIAN_POINT('',(7.917391,0.));
#4563 = VECTOR('',#4564,1.);
#4564 = DIRECTION('',(0.,-1.));
#4565 = ( GEOMETRIC_REPRESENTATION_CONTEXT(2) 
PARAMETRIC_REPRESENTATION_CONTEXT() REPRESENTATION_CONTEXT('2D SPACE',''
  ) );
#4566 = ORIENTED_EDGE('',*,*,#4512,.F.);
#4567 = ORIENTED_EDGE('',*,*,#1490,.T.);
#4568 = ORIENTED_EDGE('',*,*,#1429,.T.);
#4569 = ORIENTED_EDGE('',*,*,#4570,.F.);
#4570 = EDGE_CURVE('',#4571,#1402,#4573,.T.);
#4571 = VERTEX_POINT('',#4572);
#4572 = CARTESIAN_POINT('',(9.113825954378,-6.,61.3676));
#4573 = SURFACE_CURVE('',#4574,(#4579,#4592),.PCURVE_S1.);
#4574 = ELLIPSE('',#4575,2.007639675087,2.);
#4575 = AXIS2_PLACEMENT_3D('',#4576,#4577,#4578);
#4576 = CARTESIAN_POINT('',(9.113825954378,-6.,59.3676));
#4577 = DIRECTION('',(-0.996194698092,-8.715574274744E-02,
    1.93524624653E-17));
#4578 = DIRECTION('',(8.715574274744E-02,-0.996194698092,
    2.211996581662E-16));
#4579 = PCURVE('',#1467,#4580);
#4580 = DEFINITIONAL_REPRESENTATION('',(#4581),#4591);
#4581 = B_SPLINE_CURVE_WITH_KNOTS('',8,(#4582,#4583,#4584,#4585,#4586,
    #4587,#4588,#4589,#4590),.UNSPECIFIED.,.F.,.F.,(9,9),(1.570796326795
    ,4.712388980385),.PIECEWISE_BEZIER_KNOTS.);
#4582 = CARTESIAN_POINT('',(7.853981633974,-110.2971109361));
#4583 = CARTESIAN_POINT('',(7.461282552276,-110.3658243717));
#4584 = CARTESIAN_POINT('',(7.068583470577,-110.4345383554));
#4585 = CARTESIAN_POINT('',(6.675884388878,-110.4870994496));
#4586 = CARTESIAN_POINT('',(6.283185307179,-110.5073984337));
#4587 = CARTESIAN_POINT('',(5.890486225481,-110.4870994499));
#4588 = CARTESIAN_POINT('',(5.497787143782,-110.4345383554));
#4589 = CARTESIAN_POINT('',(5.105088062083,-110.3658243717));
#4590 = CARTESIAN_POINT('',(4.712388980385,-110.2971109361));
#4591 = ( GEOMETRIC_REPRESENTATION_CONTEXT(2) 
PARAMETRIC_REPRESENTATION_CONTEXT() REPRESENTATION_CONTEXT('2D SPACE',''
  ) );
#4592 = PCURVE('',#1417,#4593);
#4593 = DEFINITIONAL_REPRESENTATION('',(#4594),#4598);
#4594 = ELLIPSE('',#4595,2.007639675087,2.);
#4595 = AXIS2_PLACEMENT_2D('',#4596,#4597);
#4596 = CARTESIAN_POINT('',(6.72559291154,57.3324));
#4597 = DIRECTION('',(-1.,-2.211996581662E-16));
#4598 = ( GEOMETRIC_REPRESENTATION_CONTEXT(2) 
PARAMETRIC_REPRESENTATION_CONTEXT() REPRESENTATION_CONTEXT('2D SPACE',''
  ) );
#4599 = ORIENTED_EDGE('',*,*,#4600,.F.);
#4600 = EDGE_CURVE('',#3286,#4571,#4601,.T.);
#4601 = SURFACE_CURVE('',#4602,(#4606,#4613),.PCURVE_S1.);
#4602 = LINE('',#4603,#4604);
#4603 = CARTESIAN_POINT('',(119.4109368905,-6.,61.3676));
#4604 = VECTOR('',#4605,1.);
#4605 = DIRECTION('',(-1.,-0.,0.));
#4606 = PCURVE('',#1467,#4607);
#4607 = DEFINITIONAL_REPRESENTATION('',(#4608),#4612);
#4608 = LINE('',#4609,#4610);
#4609 = CARTESIAN_POINT('',(7.853981633974,0.));
#4610 = VECTOR('',#4611,1.);
#4611 = DIRECTION('',(0.,-1.));
#4612 = ( GEOMETRIC_REPRESENTATION_CONTEXT(2) 
PARAMETRIC_REPRESENTATION_CONTEXT() REPRESENTATION_CONTEXT('2D SPACE',''
  ) );
#4613 = PCURVE('',#3301,#4614);
#4614 = DEFINITIONAL_REPRESENTATION('',(#4615),#4619);
#4615 = LINE('',#4616,#4617);
#4616 = CARTESIAN_POINT('',(0.,0.));
#4617 = VECTOR('',#4618,1.);
#4618 = DIRECTION('',(0.,-1.));
#4619 = ( GEOMETRIC_REPRESENTATION_CONTEXT(2) 
PARAMETRIC_REPRESENTATION_CONTEXT() REPRESENTATION_CONTEXT('2D SPACE',''
  ) );
#4620 = ADVANCED_FACE('',(#4621),#1417,.T.);
#4621 = FACE_BOUND('',#4622,.T.);
#4622 = EDGE_LOOP('',(#4623,#4646,#4647,#4648,#4649));
#4623 = ORIENTED_EDGE('',*,*,#4624,.F.);
#4624 = EDGE_CURVE('',#1933,#4625,#4627,.T.);
#4625 = VERTEX_POINT('',#4626);
#4626 = CARTESIAN_POINT('',(9.7,-12.7,61.3676));
#4627 = SURFACE_CURVE('',#4628,(#4632,#4639),.PCURVE_S1.);
#4628 = LINE('',#4629,#4630);
#4629 = CARTESIAN_POINT('',(9.7,-12.7,116.7));
#4630 = VECTOR('',#4631,1.);
#4631 = DIRECTION('',(0.,-2.22044604925E-16,-1.));
#4632 = PCURVE('',#1417,#4633);
#4633 = DEFINITIONAL_REPRESENTATION('',(#4634),#4638);
#4634 = LINE('',#4635,#4636);
#4635 = CARTESIAN_POINT('',(0.,-0.));
#4636 = VECTOR('',#4637,1.);
#4637 = DIRECTION('',(-2.211996581662E-16,1.));
#4638 = ( GEOMETRIC_REPRESENTATION_CONTEXT(2) 
PARAMETRIC_REPRESENTATION_CONTEXT() REPRESENTATION_CONTEXT('2D SPACE',''
  ) );
#4639 = PCURVE('',#1948,#4640);
#4640 = DEFINITIONAL_REPRESENTATION('',(#4641),#4645);
#4641 = LINE('',#4642,#4643);
#4642 = CARTESIAN_POINT('',(2.,-0.));
#4643 = VECTOR('',#4644,1.);
#4644 = DIRECTION('',(0.,1.));
#4645 = ( GEOMETRIC_REPRESENTATION_CONTEXT(2) 
PARAMETRIC_REPRESENTATION_CONTEXT() REPRESENTATION_CONTEXT('2D SPACE',''
  ) );
#4646 = ORIENTED_EDGE('',*,*,#1960,.T.);
#4647 = ORIENTED_EDGE('',*,*,#1401,.T.);
#4648 = ORIENTED_EDGE('',*,*,#4570,.F.);
#4649 = ORIENTED_EDGE('',*,*,#4650,.F.);
#4650 = EDGE_CURVE('',#4625,#4571,#4651,.T.);
#4651 = SURFACE_CURVE('',#4652,(#4656,#4663),.PCURVE_S1.);
#4652 = LINE('',#4653,#4654);
#4653 = CARTESIAN_POINT('',(9.825828215032,-14.13822307898,61.3676));
#4654 = VECTOR('',#4655,1.);
#4655 = DIRECTION('',(-8.715574274744E-02,0.996194698092,0.));
#4656 = PCURVE('',#1417,#4657);
#4657 = DEFINITIONAL_REPRESENTATION('',(#4658),#4662);
#4658 = LINE('',#4659,#4660);
#4659 = CARTESIAN_POINT('',(-1.443716857497,55.3324));
#4660 = VECTOR('',#4661,1.);
#4661 = DIRECTION('',(1.,-5.46964104206E-32));
#4662 = ( GEOMETRIC_REPRESENTATION_CONTEXT(2) 
PARAMETRIC_REPRESENTATION_CONTEXT() REPRESENTATION_CONTEXT('2D SPACE',''
  ) );
#4663 = PCURVE('',#3301,#4664);
#4664 = DEFINITIONAL_REPRESENTATION('',(#4665),#4669);
#4665 = LINE('',#4666,#4667);
#4666 = CARTESIAN_POINT('',(8.138223078985,-109.5851086754));
#4667 = VECTOR('',#4668,1.);
#4668 = DIRECTION('',(-0.996194698092,-8.715574274744E-02));
#4669 = ( GEOMETRIC_REPRESENTATION_CONTEXT(2) 
PARAMETRIC_REPRESENTATION_CONTEXT() REPRESENTATION_CONTEXT('2D SPACE',''
  ) );
#4670 = ADVANCED_FACE('',(#4671),#1838,.F.);
#4671 = FACE_BOUND('',#4672,.T.);
#4672 = EDGE_LOOP('',(#4673,#4694,#4695,#4716,#4717));
#4673 = ORIENTED_EDGE('',*,*,#4674,.F.);
#4674 = EDGE_CURVE('',#3774,#1800,#4675,.T.);
#4675 = SURFACE_CURVE('',#4676,(#4680,#4687),.PCURVE_S1.);
#4676 = LINE('',#4677,#4678);
#4677 = CARTESIAN_POINT('',(3.,1.665334536938E-14,75.));
#4678 = VECTOR('',#4679,1.);
#4679 = DIRECTION('',(0.,-1.,2.22044604925E-16));
#4680 = PCURVE('',#1838,#4681);
#4681 = DEFINITIONAL_REPRESENTATION('',(#4682),#4686);
#4682 = LINE('',#4683,#4684);
#4683 = CARTESIAN_POINT('',(-1.570796326795,0.));
#4684 = VECTOR('',#4685,1.);
#4685 = DIRECTION('',(-0.,-1.));
#4686 = ( GEOMETRIC_REPRESENTATION_CONTEXT(2) 
PARAMETRIC_REPRESENTATION_CONTEXT() REPRESENTATION_CONTEXT('2D SPACE',''
  ) );
#4687 = PCURVE('',#2003,#4688);
#4688 = DEFINITIONAL_REPRESENTATION('',(#4689),#4693);
#4689 = LINE('',#4690,#4691);
#4690 = CARTESIAN_POINT('',(6.,0.));
#4691 = VECTOR('',#4692,1.);
#4692 = DIRECTION('',(0.,-1.));
#4693 = ( GEOMETRIC_REPRESENTATION_CONTEXT(2) 
PARAMETRIC_REPRESENTATION_CONTEXT() REPRESENTATION_CONTEXT('2D SPACE',''
  ) );
#4694 = ORIENTED_EDGE('',*,*,#3797,.T.);
#4695 = ORIENTED_EDGE('',*,*,#4696,.T.);
#4696 = EDGE_CURVE('',#3664,#4009,#4697,.T.);
#4697 = SURFACE_CURVE('',#4698,(#4702,#4709),.PCURVE_S1.);
#4698 = LINE('',#4699,#4700);
#4699 = CARTESIAN_POINT('',(5.,1.620925615953E-14,73.));
#4700 = VECTOR('',#4701,1.);
#4701 = DIRECTION('',(0.,-1.,2.22044604925E-16));
#4702 = PCURVE('',#1838,#4703);
#4703 = DEFINITIONAL_REPRESENTATION('',(#4704),#4708);
#4704 = LINE('',#4705,#4706);
#4705 = CARTESIAN_POINT('',(3.552713678801E-15,-0.));
#4706 = VECTOR('',#4707,1.);
#4707 = DIRECTION('',(-0.,-1.));
#4708 = ( GEOMETRIC_REPRESENTATION_CONTEXT(2) 
PARAMETRIC_REPRESENTATION_CONTEXT() REPRESENTATION_CONTEXT('2D SPACE',''
  ) );
#4709 = PCURVE('',#3703,#4710);
#4710 = DEFINITIONAL_REPRESENTATION('',(#4711),#4715);
#4711 = LINE('',#4712,#4713);
#4712 = CARTESIAN_POINT('',(0.,0.));
#4713 = VECTOR('',#4714,1.);
#4714 = DIRECTION('',(0.,-1.));
#4715 = ( GEOMETRIC_REPRESENTATION_CONTEXT(2) 
PARAMETRIC_REPRESENTATION_CONTEXT() REPRESENTATION_CONTEXT('2D SPACE',''
  ) );
#4716 = ORIENTED_EDGE('',*,*,#4030,.T.);
#4717 = ORIENTED_EDGE('',*,*,#1823,.T.);
#4718 = ADVANCED_FACE('',(#4719),#1948,.T.);
#4719 = FACE_BOUND('',#4720,.T.);
#4720 = EDGE_LOOP('',(#4721,#4744,#4745,#4746));
#4721 = ORIENTED_EDGE('',*,*,#4722,.F.);
#4722 = EDGE_CURVE('',#1905,#4723,#4725,.T.);
#4723 = VERTEX_POINT('',#4724);
#4724 = CARTESIAN_POINT('',(11.7,-12.7,61.3676));
#4725 = SURFACE_CURVE('',#4726,(#4730,#4737),.PCURVE_S1.);
#4726 = LINE('',#4727,#4728);
#4727 = CARTESIAN_POINT('',(11.7,-12.7,116.7));
#4728 = VECTOR('',#4729,1.);
#4729 = DIRECTION('',(1.024821253499E-16,-1.537231880253E-16,-1.));
#4730 = PCURVE('',#1948,#4731);
#4731 = DEFINITIONAL_REPRESENTATION('',(#4732),#4736);
#4732 = LINE('',#4733,#4734);
#4733 = CARTESIAN_POINT('',(0.,0.));
#4734 = VECTOR('',#4735,1.);
#4735 = DIRECTION('',(-1.024821253499E-16,1.));
#4736 = ( GEOMETRIC_REPRESENTATION_CONTEXT(2) 
PARAMETRIC_REPRESENTATION_CONTEXT() REPRESENTATION_CONTEXT('2D SPACE',''
  ) );
#4737 = PCURVE('',#1920,#4738);
#4738 = DEFINITIONAL_REPRESENTATION('',(#4739),#4743);
#4739 = LINE('',#4740,#4741);
#4740 = CARTESIAN_POINT('',(1.802775637731,7.395570986447E-32));
#4741 = VECTOR('',#4742,1.);
#4742 = DIRECTION('',(1.232595164408E-32,1.));
#4743 = ( GEOMETRIC_REPRESENTATION_CONTEXT(2) 
PARAMETRIC_REPRESENTATION_CONTEXT() REPRESENTATION_CONTEXT('2D SPACE',''
  ) );
#4744 = ORIENTED_EDGE('',*,*,#1932,.T.);
#4745 = ORIENTED_EDGE('',*,*,#4624,.T.);
#4746 = ORIENTED_EDGE('',*,*,#4747,.F.);
#4747 = EDGE_CURVE('',#4723,#4625,#4748,.T.);
#4748 = SURFACE_CURVE('',#4749,(#4753,#4760),.PCURVE_S1.);
#4749 = LINE('',#4750,#4751);
#4750 = CARTESIAN_POINT('',(65.555468445254,-12.7,61.3676));
#4751 = VECTOR('',#4752,1.);
#4752 = DIRECTION('',(-1.,-0.,0.));
#4753 = PCURVE('',#1948,#4754);
#4754 = DEFINITIONAL_REPRESENTATION('',(#4755),#4759);
#4755 = LINE('',#4756,#4757);
#4756 = CARTESIAN_POINT('',(-53.85546844525,55.3324));
#4757 = VECTOR('',#4758,1.);
#4758 = DIRECTION('',(1.,-0.));
#4759 = ( GEOMETRIC_REPRESENTATION_CONTEXT(2) 
PARAMETRIC_REPRESENTATION_CONTEXT() REPRESENTATION_CONTEXT('2D SPACE',''
  ) );
#4760 = PCURVE('',#3301,#4761);
#4761 = DEFINITIONAL_REPRESENTATION('',(#4762),#4766);
#4762 = LINE('',#4763,#4764);
#4763 = CARTESIAN_POINT('',(6.7,-53.85546844525));
#4764 = VECTOR('',#4765,1.);
#4765 = DIRECTION('',(0.,-1.));
#4766 = ( GEOMETRIC_REPRESENTATION_CONTEXT(2) 
PARAMETRIC_REPRESENTATION_CONTEXT() REPRESENTATION_CONTEXT('2D SPACE',''
  ) );
#4767 = ADVANCED_FACE('',(#4768),#1920,.T.);
#4768 = FACE_BOUND('',#4769,.T.);
#4769 = EDGE_LOOP('',(#4770,#4793,#4794,#4795));
#4770 = ORIENTED_EDGE('',*,*,#4771,.F.);
#4771 = EDGE_CURVE('',#1877,#4772,#4774,.T.);
#4772 = VERTEX_POINT('',#4773);
#4773 = CARTESIAN_POINT('',(13.2,-11.7,61.3676));
#4774 = SURFACE_CURVE('',#4775,(#4779,#4786),.PCURVE_S1.);
#4775 = LINE('',#4776,#4777);
#4776 = CARTESIAN_POINT('',(13.2,-11.7,116.7));
#4777 = VECTOR('',#4778,1.);
#4778 = DIRECTION('',(-1.024821253501E-16,-1.537231880248E-16,-1.));
#4779 = PCURVE('',#1920,#4780);
#4780 = DEFINITIONAL_REPRESENTATION('',(#4781),#4785);
#4781 = LINE('',#4782,#4783);
#4782 = CARTESIAN_POINT('',(0.,0.));
#4783 = VECTOR('',#4784,1.);
#4784 = DIRECTION('',(1.705405651236E-16,1.));
#4785 = ( GEOMETRIC_REPRESENTATION_CONTEXT(2) 
PARAMETRIC_REPRESENTATION_CONTEXT() REPRESENTATION_CONTEXT('2D SPACE',''
  ) );
#4786 = PCURVE('',#1892,#4787);
#4787 = DEFINITIONAL_REPRESENTATION('',(#4788),#4792);
#4788 = LINE('',#4789,#4790);
#4789 = CARTESIAN_POINT('',(1.802775637733,-2.465190328816E-32));
#4790 = VECTOR('',#4791,1.);
#4791 = DIRECTION('',(0.,1.));
#4792 = ( GEOMETRIC_REPRESENTATION_CONTEXT(2) 
PARAMETRIC_REPRESENTATION_CONTEXT() REPRESENTATION_CONTEXT('2D SPACE',''
  ) );
#4793 = ORIENTED_EDGE('',*,*,#1904,.T.);
#4794 = ORIENTED_EDGE('',*,*,#4722,.T.);
#4795 = ORIENTED_EDGE('',*,*,#4796,.F.);
#4796 = EDGE_CURVE('',#4772,#4723,#4797,.T.);
#4797 = SURFACE_CURVE('',#4798,(#4802,#4809),.PCURVE_S1.);
#4798 = LINE('',#4799,#4800);
#4799 = CARTESIAN_POINT('',(51.280708923697,13.687139282394,61.3676));
#4800 = VECTOR('',#4801,1.);
#4801 = DIRECTION('',(-0.832050294339,-0.554700196224,0.));
#4802 = PCURVE('',#1920,#4803);
#4803 = DEFINITIONAL_REPRESENTATION('',(#4804),#4808);
#4804 = LINE('',#4805,#4806);
#4805 = CARTESIAN_POINT('',(-45.76731621009,55.3324));
#4806 = VECTOR('',#4807,1.);
#4807 = DIRECTION('',(1.,3.697785493223E-32));
#4808 = ( GEOMETRIC_REPRESENTATION_CONTEXT(2) 
PARAMETRIC_REPRESENTATION_CONTEXT() REPRESENTATION_CONTEXT('2D SPACE',''
  ) );
#4809 = PCURVE('',#3301,#4810);
#4810 = DEFINITIONAL_REPRESENTATION('',(#4811),#4815);
#4811 = LINE('',#4812,#4813);
#4812 = CARTESIAN_POINT('',(-19.68713928239,-68.13022796681));
#4813 = VECTOR('',#4814,1.);
#4814 = DIRECTION('',(0.554700196224,-0.832050294339));
#4815 = ( GEOMETRIC_REPRESENTATION_CONTEXT(2) 
PARAMETRIC_REPRESENTATION_CONTEXT() REPRESENTATION_CONTEXT('2D SPACE',''
  ) );
#4816 = ADVANCED_FACE('',(#4817),#1892,.T.);
#4817 = FACE_BOUND('',#4818,.T.);
#4818 = EDGE_LOOP('',(#4819,#4820,#4821,#4822));
#4819 = ORIENTED_EDGE('',*,*,#3262,.F.);
#4820 = ORIENTED_EDGE('',*,*,#1876,.T.);
#4821 = ORIENTED_EDGE('',*,*,#4771,.T.);
#4822 = ORIENTED_EDGE('',*,*,#4823,.F.);
#4823 = EDGE_CURVE('',#3263,#4772,#4824,.T.);
#4824 = SURFACE_CURVE('',#4825,(#4829,#4836),.PCURVE_S1.);
#4825 = LINE('',#4826,#4827);
#4826 = CARTESIAN_POINT('',(47.899939692806,-34.8332931286,61.3676));
#4827 = VECTOR('',#4828,1.);
#4828 = DIRECTION('',(0.832050294337,-0.554700196226,0.));
#4829 = PCURVE('',#1892,#4830);
#4830 = DEFINITIONAL_REPRESENTATION('',(#4831),#4835);
#4831 = LINE('',#4832,#4833);
#4832 = CARTESIAN_POINT('',(43.506912910408,55.3324));
#4833 = VECTOR('',#4834,1.);
#4834 = DIRECTION('',(1.,-1.232595164408E-32));
#4835 = ( GEOMETRIC_REPRESENTATION_CONTEXT(2) 
PARAMETRIC_REPRESENTATION_CONTEXT() REPRESENTATION_CONTEXT('2D SPACE',''
  ) );
#4836 = PCURVE('',#3301,#4837);
#4837 = DEFINITIONAL_REPRESENTATION('',(#4838),#4842);
#4838 = LINE('',#4839,#4840);
#4839 = CARTESIAN_POINT('',(28.833293128602,-71.5109971977));
#4840 = VECTOR('',#4841,1.);
#4841 = DIRECTION('',(0.554700196226,0.832050294337));
#4842 = ( GEOMETRIC_REPRESENTATION_CONTEXT(2) 
PARAMETRIC_REPRESENTATION_CONTEXT() REPRESENTATION_CONTEXT('2D SPACE',''
  ) );
#4843 = ADVANCED_FACE('',(#4844),#2003,.F.);
#4844 = FACE_BOUND('',#4845,.F.);
#4845 = EDGE_LOOP('',(#4846,#4847,#4848,#4869));
#4846 = ORIENTED_EDGE('',*,*,#4674,.F.);
#4847 = ORIENTED_EDGE('',*,*,#3878,.F.);
#4848 = ORIENTED_EDGE('',*,*,#4849,.T.);
#4849 = EDGE_CURVE('',#3826,#1988,#4850,.T.);
#4850 = SURFACE_CURVE('',#4851,(#4855,#4862),.PCURVE_S1.);
#4851 = LINE('',#4852,#4853);
#4852 = CARTESIAN_POINT('',(-3.,1.665334536938E-14,75.));
#4853 = VECTOR('',#4854,1.);
#4854 = DIRECTION('',(0.,-1.,2.22044604925E-16));
#4855 = PCURVE('',#2003,#4856);
#4856 = DEFINITIONAL_REPRESENTATION('',(#4857),#4861);
#4857 = LINE('',#4858,#4859);
#4858 = CARTESIAN_POINT('',(0.,0.));
#4859 = VECTOR('',#4860,1.);
#4860 = DIRECTION('',(0.,-1.));
#4861 = ( GEOMETRIC_REPRESENTATION_CONTEXT(2) 
PARAMETRIC_REPRESENTATION_CONTEXT() REPRESENTATION_CONTEXT('2D SPACE',''
  ) );
#4862 = PCURVE('',#2114,#4863);
#4863 = DEFINITIONAL_REPRESENTATION('',(#4864),#4868);
#4864 = LINE('',#4865,#4866);
#4865 = CARTESIAN_POINT('',(-1.570796326795,0.));
#4866 = VECTOR('',#4867,1.);
#4867 = DIRECTION('',(-0.,-1.));
#4868 = ( GEOMETRIC_REPRESENTATION_CONTEXT(2) 
PARAMETRIC_REPRESENTATION_CONTEXT() REPRESENTATION_CONTEXT('2D SPACE',''
  ) );
#4869 = ORIENTED_EDGE('',*,*,#1987,.F.);
#4870 = ADVANCED_FACE('',(#4871),#2114,.F.);
#4871 = FACE_BOUND('',#4872,.T.);
#4872 = EDGE_LOOP('',(#4873,#4896,#4897,#4898,#4899));
#4873 = ORIENTED_EDGE('',*,*,#4874,.F.);
#4874 = EDGE_CURVE('',#3721,#4875,#4877,.T.);
#4875 = VERTEX_POINT('',#4876);
#4876 = CARTESIAN_POINT('',(-5.,-0.678655790131,73.));
#4877 = SURFACE_CURVE('',#4878,(#4882,#4889),.PCURVE_S1.);
#4878 = LINE('',#4879,#4880);
#4879 = CARTESIAN_POINT('',(-5.,1.620925615953E-14,73.));
#4880 = VECTOR('',#4881,1.);
#4881 = DIRECTION('',(0.,-1.,2.22044604925E-16));
#4882 = PCURVE('',#2114,#4883);
#4883 = DEFINITIONAL_REPRESENTATION('',(#4884),#4888);
#4884 = LINE('',#4885,#4886);
#4885 = CARTESIAN_POINT('',(-3.14159265359,0.));
#4886 = VECTOR('',#4887,1.);
#4887 = DIRECTION('',(-0.,-1.));
#4888 = ( GEOMETRIC_REPRESENTATION_CONTEXT(2) 
PARAMETRIC_REPRESENTATION_CONTEXT() REPRESENTATION_CONTEXT('2D SPACE',''
  ) );
#4889 = PCURVE('',#3758,#4890);
#4890 = DEFINITIONAL_REPRESENTATION('',(#4891),#4895);
#4891 = LINE('',#4892,#4893);
#4892 = CARTESIAN_POINT('',(21.,0.));
#4893 = VECTOR('',#4894,1.);
#4894 = DIRECTION('',(0.,-1.));
#4895 = ( GEOMETRIC_REPRESENTATION_CONTEXT(2) 
PARAMETRIC_REPRESENTATION_CONTEXT() REPRESENTATION_CONTEXT('2D SPACE',''
  ) );
#4896 = ORIENTED_EDGE('',*,*,#3825,.T.);
#4897 = ORIENTED_EDGE('',*,*,#4849,.T.);
#4898 = ORIENTED_EDGE('',*,*,#2099,.T.);
#4899 = ORIENTED_EDGE('',*,*,#4900,.T.);
#4900 = EDGE_CURVE('',#2044,#4875,#4901,.T.);
#4901 = SURFACE_CURVE('',#4902,(#4911,#4923),.PCURVE_S1.);
#4902 = ( BOUNDED_CURVE() B_SPLINE_CURVE(7,(#4903,#4904,#4905,#4906,
    #4907,#4908,#4909,#4910),.UNSPECIFIED.,.F.,.F.) 
B_SPLINE_CURVE_WITH_KNOTS((8,8),(41.361123775233,42.424777954008),
.PIECEWISE_BEZIER_KNOTS.) CURVE() GEOMETRIC_REPRESENTATION_ITEM() 
RATIONAL_B_SPLINE_CURVE((1.,1.,1.,1.,1.,1.,1.,1.)) REPRESENTATION_ITEM(
  '') );
#4903 = CARTESIAN_POINT('',(-4.723763949153,-0.666666666667,
    74.014217850168));
#4904 = CARTESIAN_POINT('',(-4.800819452998,-0.666666666667,
    73.883254369699));
#4905 = CARTESIAN_POINT('',(-4.866258943077,-0.668885061008,
    73.745459321178));
#4906 = CARTESIAN_POINT('',(-4.91939985183,-0.672086456845,
    73.602114081035));
#4907 = CARTESIAN_POINT('',(-4.959584289514,-0.675142604184,
    73.454253195913));
#4908 = CARTESIAN_POINT('',(-4.986490073079,-0.677592921342,
    73.304163965709));
#4909 = CARTESIAN_POINT('',(-5.,-0.678653128785,73.152102683497));
#4910 = CARTESIAN_POINT('',(-5.,-0.678655790131,73.));
#4911 = PCURVE('',#2114,#4912);
#4912 = DEFINITIONAL_REPRESENTATION('',(#4913),#4922);
#4913 = B_SPLINE_CURVE_WITH_KNOTS('',7,(#4914,#4915,#4916,#4917,#4918,
    #4919,#4920,#4921),.UNSPECIFIED.,.F.,.F.,(8,8),(41.361123775233,
    42.424777954008),.PIECEWISE_BEZIER_KNOTS.);
#4914 = CARTESIAN_POINT('',(-2.609765560821,-0.666666666667));
#4915 = CARTESIAN_POINT('',(-2.685740859257,-0.666666666667));
#4916 = CARTESIAN_POINT('',(-2.761716103793,-0.668885059762));
#4917 = CARTESIAN_POINT('',(-2.837673211013,-0.672086464179));
#4918 = CARTESIAN_POINT('',(-2.913746173985,-0.675142593322));
#4919 = CARTESIAN_POINT('',(-2.989510739731,-0.677592926469));
#4920 = CARTESIAN_POINT('',(-3.065541311841,-0.678653128785));
#4921 = CARTESIAN_POINT('',(-3.14159265359,-0.678655790131));
#4922 = ( GEOMETRIC_REPRESENTATION_CONTEXT(2) 
PARAMETRIC_REPRESENTATION_CONTEXT() REPRESENTATION_CONTEXT('2D SPACE',''
  ) );
#4923 = PCURVE('',#2060,#4924);
#4924 = DEFINITIONAL_REPRESENTATION('',(#4925),#4929);
#4925 = LINE('',#4926,#4927);
#4926 = CARTESIAN_POINT('',(1.063654178775,0.));
#4927 = VECTOR('',#4928,1.);
#4928 = DIRECTION('',(0.,1.));
#4929 = ( GEOMETRIC_REPRESENTATION_CONTEXT(2) 
PARAMETRIC_REPRESENTATION_CONTEXT() REPRESENTATION_CONTEXT('2D SPACE',''
  ) );
#4930 = ADVANCED_FACE('',(#4931),#2060,.F.);
#4931 = FACE_BOUND('',#4932,.F.);
#4932 = EDGE_LOOP('',(#4933,#4934,#4935,#4955));
#4933 = ORIENTED_EDGE('',*,*,#2043,.T.);
#4934 = ORIENTED_EDGE('',*,*,#4900,.T.);
#4935 = ORIENTED_EDGE('',*,*,#4936,.F.);
#4936 = EDGE_CURVE('',#2130,#4875,#4937,.T.);
#4937 = SURFACE_CURVE('',#4938,(#4942,#4949),.PCURVE_S1.);
#4938 = ( BOUNDED_CURVE() B_SPLINE_CURVE(2,(#4939,#4940,#4941),
.UNSPECIFIED.,.F.,.F.) B_SPLINE_CURVE_WITH_KNOTS((3,3),(0.,
1.063654178775),.PIECEWISE_BEZIER_KNOTS.) CURVE() 
GEOMETRIC_REPRESENTATION_ITEM() RATIONAL_B_SPLINE_CURVE((1.,
0.732905693329,1.)) REPRESENTATION_ITEM('') );
#4939 = CARTESIAN_POINT('',(-5.308411859159,-1.011067730938,
    73.009757159182));
#4940 = CARTESIAN_POINT('',(-5.,-0.988077249115,73.));
#4941 = CARTESIAN_POINT('',(-5.,-0.678655790131,73.));
#4942 = PCURVE('',#2060,#4943);
#4943 = DEFINITIONAL_REPRESENTATION('',(#4944),#4948);
#4944 = LINE('',#4945,#4946);
#4945 = CARTESIAN_POINT('',(0.,42.424777954008));
#4946 = VECTOR('',#4947,1.);
#4947 = DIRECTION('',(1.,0.));
#4948 = ( GEOMETRIC_REPRESENTATION_CONTEXT(2) 
PARAMETRIC_REPRESENTATION_CONTEXT() REPRESENTATION_CONTEXT('2D SPACE',''
  ) );
#4949 = PCURVE('',#2500,#4950);
#4950 = DEFINITIONAL_REPRESENTATION('',(#4951),#4954);
#4951 = B_SPLINE_CURVE_WITH_KNOTS('',1,(#4952,#4953),.UNSPECIFIED.,.F.,
  .F.,(2,2),(0.,1.063654178775),.PIECEWISE_BEZIER_KNOTS.);
#4952 = CARTESIAN_POINT('',(0.,42.424777954008));
#4953 = CARTESIAN_POINT('',(21.000000013581,42.424777954008));
#4954 = ( GEOMETRIC_REPRESENTATION_CONTEXT(2) 
PARAMETRIC_REPRESENTATION_CONTEXT() REPRESENTATION_CONTEXT('2D SPACE',''
  ) );
#4955 = ORIENTED_EDGE('',*,*,#2129,.F.);
#4956 = ADVANCED_FACE('',(#4957),#2500,.F.);
#4957 = FACE_BOUND('',#4958,.F.);
#4958 = EDGE_LOOP('',(#4959,#4960,#5001,#5021));
#4959 = ORIENTED_EDGE('',*,*,#4936,.T.);
#4960 = ORIENTED_EDGE('',*,*,#4961,.T.);
#4961 = EDGE_CURVE('',#4875,#4962,#4964,.T.);
#4962 = VERTEX_POINT('',#4963);
#4963 = CARTESIAN_POINT('',(-5.,-0.678655790131,52.));
#4964 = SURFACE_CURVE('',#4965,(#4978,#4985),.PCURVE_S1.);
#4965 = ( BOUNDED_CURVE() B_SPLINE_CURVE(11,(#4966,#4967,#4968,#4969,
    #4970,#4971,#4972,#4973,#4974,#4975,#4976,#4977),.UNSPECIFIED.,.F.,
.F.) B_SPLINE_CURVE_WITH_KNOTS((12,12),(42.424777954008,63.424777967589)
,.PIECEWISE_BEZIER_KNOTS.) CURVE() GEOMETRIC_REPRESENTATION_ITEM() 
RATIONAL_B_SPLINE_CURVE((1.,1.,1.,0.999999999999,1.000000000002,
    0.999999999997,1.000000000003,0.999999999998,1.000000000001,1.,1.,1.
)) REPRESENTATION_ITEM('') );
#4966 = CARTESIAN_POINT('',(-5.,-0.678655790131,73.));
#4967 = CARTESIAN_POINT('',(-5.,-0.678689226996,71.088998290925));
#4968 = CARTESIAN_POINT('',(-5.,-0.678635273799,69.187130924536));
#4969 = CARTESIAN_POINT('',(-5.,-0.678700836622,67.264794172526));
#4970 = CARTESIAN_POINT('',(-5.,-0.678640666499,65.373886499451));
#4971 = CARTESIAN_POINT('',(-5.,-0.678677680443,63.442846953188));
#4972 = CARTESIAN_POINT('',(-5.,-0.678677680443,61.557153046817));
#4973 = CARTESIAN_POINT('',(-5.,-0.678640666499,59.626113500535));
#4974 = CARTESIAN_POINT('',(-5.,-0.678700836622,57.735205827487));
#4975 = CARTESIAN_POINT('',(-5.,-0.678635273799,55.812869075458));
#4976 = CARTESIAN_POINT('',(-5.,-0.678689226996,53.911001709079));
#4977 = CARTESIAN_POINT('',(-5.,-0.678655790131,52.));
#4978 = PCURVE('',#2500,#4979);
#4979 = DEFINITIONAL_REPRESENTATION('',(#4980),#4984);
#4980 = LINE('',#4981,#4982);
#4981 = CARTESIAN_POINT('',(21.000000013581,0.));
#4982 = VECTOR('',#4983,1.);
#4983 = DIRECTION('',(0.,1.));
#4984 = ( GEOMETRIC_REPRESENTATION_CONTEXT(2) 
PARAMETRIC_REPRESENTATION_CONTEXT() REPRESENTATION_CONTEXT('2D SPACE',''
  ) );
#4985 = PCURVE('',#3758,#4986);
#4986 = DEFINITIONAL_REPRESENTATION('',(#4987),#5000);
#4987 = ( BOUNDED_CURVE() B_SPLINE_CURVE(11,(#4988,#4989,#4990,#4991,
    #4992,#4993,#4994,#4995,#4996,#4997,#4998,#4999),.UNSPECIFIED.,.F.,
.F.) B_SPLINE_CURVE_WITH_KNOTS((12,12),(42.424777954008,63.424777967589)
,.PIECEWISE_BEZIER_KNOTS.) CURVE() GEOMETRIC_REPRESENTATION_ITEM() 
RATIONAL_B_SPLINE_CURVE((1.,1.,1.,0.999999999999,1.000000000002,
    0.999999999997,1.000000000003,0.999999999998,1.000000000001,1.,1.,1.
)) REPRESENTATION_ITEM('') );
#4988 = CARTESIAN_POINT('',(21.,-0.678655790131));
#4989 = CARTESIAN_POINT('',(19.088998290925,-0.678689226996));
#4990 = CARTESIAN_POINT('',(17.187130924536,-0.678635273799));
#4991 = CARTESIAN_POINT('',(15.264794172526,-0.678700836622));
#4992 = CARTESIAN_POINT('',(13.373886499451,-0.678640666499));
#4993 = CARTESIAN_POINT('',(11.442846953188,-0.678677680443));
#4994 = CARTESIAN_POINT('',(9.557153046817,-0.678677680443));
#4995 = CARTESIAN_POINT('',(7.626113500535,-0.678640666499));
#4996 = CARTESIAN_POINT('',(5.735205827487,-0.678700836622));
#4997 = CARTESIAN_POINT('',(3.812869075458,-0.678635273799));
#4998 = CARTESIAN_POINT('',(1.911001709079,-0.678689226996));
#4999 = CARTESIAN_POINT('',(0.,-0.678655790131));
#5000 = ( GEOMETRIC_REPRESENTATION_CONTEXT(2) 
PARAMETRIC_REPRESENTATION_CONTEXT() REPRESENTATION_CONTEXT('2D SPACE',''
  ) );
#5001 = ORIENTED_EDGE('',*,*,#5002,.F.);
#5002 = EDGE_CURVE('',#2411,#4962,#5003,.T.);
#5003 = SURFACE_CURVE('',#5004,(#5008,#5015),.PCURVE_S1.);
#5004 = ( BOUNDED_CURVE() B_SPLINE_CURVE(2,(#5005,#5006,#5007),
.UNSPECIFIED.,.F.,.F.) B_SPLINE_CURVE_WITH_KNOTS((3,3),(0.,
21.000000013581),.PIECEWISE_BEZIER_KNOTS.) CURVE() 
GEOMETRIC_REPRESENTATION_ITEM() RATIONAL_B_SPLINE_CURVE((1.,
0.732905693329,1.)) REPRESENTATION_ITEM('') );
#5005 = CARTESIAN_POINT('',(-5.308411859159,-1.011067730938,
    51.990242840817));
#5006 = CARTESIAN_POINT('',(-5.,-0.988077249115,52.));
#5007 = CARTESIAN_POINT('',(-5.,-0.678655790131,52.));
#5008 = PCURVE('',#2500,#5009);
#5009 = DEFINITIONAL_REPRESENTATION('',(#5010),#5014);
#5010 = LINE('',#5011,#5012);
#5011 = CARTESIAN_POINT('',(0.,63.424777967589));
#5012 = VECTOR('',#5013,1.);
#5013 = DIRECTION('',(1.,0.));
#5014 = ( GEOMETRIC_REPRESENTATION_CONTEXT(2) 
PARAMETRIC_REPRESENTATION_CONTEXT() REPRESENTATION_CONTEXT('2D SPACE',''
  ) );
#5015 = PCURVE('',#2436,#5016);
#5016 = DEFINITIONAL_REPRESENTATION('',(#5017),#5020);
#5017 = B_SPLINE_CURVE_WITH_KNOTS('',1,(#5018,#5019),.UNSPECIFIED.,.F.,
  .F.,(2,2),(0.,21.000000013581),.PIECEWISE_BEZIER_KNOTS.);
#5018 = CARTESIAN_POINT('',(0.,63.424777967589));
#5019 = CARTESIAN_POINT('',(1.063654178775,63.424777967589));
#5020 = ( GEOMETRIC_REPRESENTATION_CONTEXT(2) 
PARAMETRIC_REPRESENTATION_CONTEXT() REPRESENTATION_CONTEXT('2D SPACE',''
  ) );
#5021 = ORIENTED_EDGE('',*,*,#2468,.F.);
#5022 = ADVANCED_FACE('',(#5023),#2436,.F.);
#5023 = FACE_BOUND('',#5024,.F.);
#5024 = EDGE_LOOP('',(#5025,#5026,#5059,#5087));
#5025 = ORIENTED_EDGE('',*,*,#5002,.T.);
#5026 = ORIENTED_EDGE('',*,*,#5027,.T.);
#5027 = EDGE_CURVE('',#4962,#5028,#5030,.T.);
#5028 = VERTEX_POINT('',#5029);
#5029 = CARTESIAN_POINT('',(-4.723763949153,-0.666666666667,
    50.985782149832));
#5030 = SURFACE_CURVE('',#5031,(#5040,#5047),.PCURVE_S1.);
#5031 = ( BOUNDED_CURVE() B_SPLINE_CURVE(7,(#5032,#5033,#5034,#5035,
    #5036,#5037,#5038,#5039),.UNSPECIFIED.,.F.,.F.) 
B_SPLINE_CURVE_WITH_KNOTS((8,8),(63.424777967589,64.488432146364),
.PIECEWISE_BEZIER_KNOTS.) CURVE() GEOMETRIC_REPRESENTATION_ITEM() 
RATIONAL_B_SPLINE_CURVE((1.,1.,1.,1.,1.,1.,1.,1.)) REPRESENTATION_ITEM(
  '') );
#5032 = CARTESIAN_POINT('',(-5.,-0.678655790131,52.));
#5033 = CARTESIAN_POINT('',(-5.,-0.678653128785,51.847897316503));
#5034 = CARTESIAN_POINT('',(-4.986490073079,-0.677592921342,
    51.695836034291));
#5035 = CARTESIAN_POINT('',(-4.959584289515,-0.675142604184,
    51.545746804089));
#5036 = CARTESIAN_POINT('',(-4.919399851829,-0.672086456845,
    51.397885918963));
#5037 = CARTESIAN_POINT('',(-4.866258943078,-0.668885061008,
    51.254540678824));
#5038 = CARTESIAN_POINT('',(-4.800819452998,-0.666666666667,
    51.1167456303));
#5039 = CARTESIAN_POINT('',(-4.723763949153,-0.666666666667,
    50.985782149832));
#5040 = PCURVE('',#2436,#5041);
#5041 = DEFINITIONAL_REPRESENTATION('',(#5042),#5046);
#5042 = LINE('',#5043,#5044);
#5043 = CARTESIAN_POINT('',(1.063654178775,0.));
#5044 = VECTOR('',#5045,1.);
#5045 = DIRECTION('',(0.,1.));
#5046 = ( GEOMETRIC_REPRESENTATION_CONTEXT(2) 
PARAMETRIC_REPRESENTATION_CONTEXT() REPRESENTATION_CONTEXT('2D SPACE',''
  ) );
#5047 = PCURVE('',#3625,#5048);
#5048 = DEFINITIONAL_REPRESENTATION('',(#5049),#5058);
#5049 = B_SPLINE_CURVE_WITH_KNOTS('',7,(#5050,#5051,#5052,#5053,#5054,
    #5055,#5056,#5057),.UNSPECIFIED.,.F.,.F.,(8,8),(63.424777967589,
    64.488432146364),.PIECEWISE_BEZIER_KNOTS.);
#5050 = CARTESIAN_POINT('',(-3.14159265359,-0.678655790131));
#5051 = CARTESIAN_POINT('',(-3.217643995339,-0.678653128785));
#5052 = CARTESIAN_POINT('',(-3.293674567448,-0.677592926469));
#5053 = CARTESIAN_POINT('',(-3.369439133194,-0.675142593322));
#5054 = CARTESIAN_POINT('',(-3.445512096167,-0.672086464179));
#5055 = CARTESIAN_POINT('',(-3.521469203386,-0.668885059762));
#5056 = CARTESIAN_POINT('',(-3.597444447923,-0.666666666667));
#5057 = CARTESIAN_POINT('',(-3.673419746358,-0.666666666667));
#5058 = ( GEOMETRIC_REPRESENTATION_CONTEXT(2) 
PARAMETRIC_REPRESENTATION_CONTEXT() REPRESENTATION_CONTEXT('2D SPACE',''
  ) );
#5059 = ORIENTED_EDGE('',*,*,#5060,.F.);
#5060 = EDGE_CURVE('',#2388,#5028,#5061,.T.);
#5061 = SURFACE_CURVE('',#5062,(#5066,#5073),.PCURVE_S1.);
#5062 = ( BOUNDED_CURVE() B_SPLINE_CURVE(2,(#5063,#5064,#5065),
.UNSPECIFIED.,.F.,.F.) B_SPLINE_CURVE_WITH_KNOTS((3,3),(0.,
1.063654178775),.PIECEWISE_BEZIER_KNOTS.) CURVE() 
GEOMETRIC_REPRESENTATION_ITEM() RATIONAL_B_SPLINE_CURVE((1.,
0.707106781187,1.)) REPRESENTATION_ITEM('') );
#5063 = CARTESIAN_POINT('',(-5.011057940679,-1.,50.816745841471));
#5064 = CARTESIAN_POINT('',(-4.723763949153,-1.,50.985782149832));
#5065 = CARTESIAN_POINT('',(-4.723763949153,-0.666666666667,
    50.985782149832));
#5066 = PCURVE('',#2436,#5067);
#5067 = DEFINITIONAL_REPRESENTATION('',(#5068),#5072);
#5068 = LINE('',#5069,#5070);
#5069 = CARTESIAN_POINT('',(0.,64.488432146364));
#5070 = VECTOR('',#5071,1.);
#5071 = DIRECTION('',(1.,0.));
#5072 = ( GEOMETRIC_REPRESENTATION_CONTEXT(2) 
PARAMETRIC_REPRESENTATION_CONTEXT() REPRESENTATION_CONTEXT('2D SPACE',''
  ) );
#5073 = PCURVE('',#4272,#5074);
#5074 = DEFINITIONAL_REPRESENTATION('',(#5075),#5086);
#5075 = B_SPLINE_CURVE_WITH_KNOTS('',9,(#5076,#5077,#5078,#5079,#5080,
    #5081,#5082,#5083,#5084,#5085),.UNSPECIFIED.,.F.,.F.,(10,10),(0.,
    1.063654178775),.PIECEWISE_BEZIER_KNOTS.);
#5076 = CARTESIAN_POINT('',(0.531827092768,1.570796326795));
#5077 = CARTESIAN_POINT('',(0.531827092768,1.727931167059));
#5078 = CARTESIAN_POINT('',(0.531827092768,1.896571043666));
#5079 = CARTESIAN_POINT('',(0.531827092768,2.075362713514));
#5080 = CARTESIAN_POINT('',(0.531827092768,2.261541178523));
#5081 = CARTESIAN_POINT('',(0.531827092768,2.450847802093));
#5082 = CARTESIAN_POINT('',(0.531827092768,2.637026266569));
#5083 = CARTESIAN_POINT('',(0.531827092768,2.815817936819));
#5084 = CARTESIAN_POINT('',(0.531827092768,2.984457813326));
#5085 = CARTESIAN_POINT('',(0.531827092768,3.14159265359));
#5086 = ( GEOMETRIC_REPRESENTATION_CONTEXT(2) 
PARAMETRIC_REPRESENTATION_CONTEXT() REPRESENTATION_CONTEXT('2D SPACE',''
  ) );
#5087 = ORIENTED_EDGE('',*,*,#2410,.F.);
#5088 = ADVANCED_FACE('',(#5089),#2347,.T.);
#5089 = FACE_BOUND('',#5090,.F.);
#5090 = EDGE_LOOP('',(#5091,#5112,#5113,#5114,#5115));
#5091 = ORIENTED_EDGE('',*,*,#5092,.F.);
#5092 = EDGE_CURVE('',#2886,#3063,#5093,.T.);
#5093 = SURFACE_CURVE('',#5094,(#5098,#5105),.PCURVE_S1.);
#5094 = LINE('',#5095,#5096);
#5095 = CARTESIAN_POINT('',(-9.7,-12.7,116.7));
#5096 = VECTOR('',#5097,1.);
#5097 = DIRECTION('',(0.,-2.22044604925E-16,-1.));
#5098 = PCURVE('',#2347,#5099);
#5099 = DEFINITIONAL_REPRESENTATION('',(#5100),#5104);
#5100 = LINE('',#5101,#5102);
#5101 = CARTESIAN_POINT('',(-0.,0.));
#5102 = VECTOR('',#5103,1.);
#5103 = DIRECTION('',(2.211996581662E-16,1.));
#5104 = ( GEOMETRIC_REPRESENTATION_CONTEXT(2) 
PARAMETRIC_REPRESENTATION_CONTEXT() REPRESENTATION_CONTEXT('2D SPACE',''
  ) );
#5105 = PCURVE('',#2924,#5106);
#5106 = DEFINITIONAL_REPRESENTATION('',(#5107),#5111);
#5107 = LINE('',#5108,#5109);
#5108 = CARTESIAN_POINT('',(-2.,0.));
#5109 = VECTOR('',#5110,1.);
#5110 = DIRECTION('',(-0.,1.));
#5111 = ( GEOMETRIC_REPRESENTATION_CONTEXT(2) 
PARAMETRIC_REPRESENTATION_CONTEXT() REPRESENTATION_CONTEXT('2D SPACE',''
  ) );
#5112 = ORIENTED_EDGE('',*,*,#2885,.F.);
#5113 = ORIENTED_EDGE('',*,*,#2797,.T.);
#5114 = ORIENTED_EDGE('',*,*,#2331,.T.);
#5115 = ORIENTED_EDGE('',*,*,#3085,.F.);
#5116 = ADVANCED_FACE('',(#5117),#2207,.T.);
#5117 = FACE_BOUND('',#5118,.F.);
#5118 = EDGE_LOOP('',(#5119,#5140,#5141,#5142,#5143));
#5119 = ORIENTED_EDGE('',*,*,#5120,.F.);
#5120 = EDGE_CURVE('',#2600,#2703,#5121,.T.);
#5121 = SURFACE_CURVE('',#5122,(#5126,#5133),.PCURVE_S1.);
#5122 = LINE('',#5123,#5124);
#5123 = CARTESIAN_POINT('',(-9.7,-12.7,116.7));
#5124 = VECTOR('',#5125,1.);
#5125 = DIRECTION('',(0.,-2.22044604925E-16,-1.));
#5126 = PCURVE('',#2207,#5127);
#5127 = DEFINITIONAL_REPRESENTATION('',(#5128),#5132);
#5128 = LINE('',#5129,#5130);
#5129 = CARTESIAN_POINT('',(-0.,0.));
#5130 = VECTOR('',#5131,1.);
#5131 = DIRECTION('',(2.211996581662E-16,1.));
#5132 = ( GEOMETRIC_REPRESENTATION_CONTEXT(2) 
PARAMETRIC_REPRESENTATION_CONTEXT() REPRESENTATION_CONTEXT('2D SPACE',''
  ) );
#5133 = PCURVE('',#2615,#5134);
#5134 = DEFINITIONAL_REPRESENTATION('',(#5135),#5139);
#5135 = LINE('',#5136,#5137);
#5136 = CARTESIAN_POINT('',(-2.,0.));
#5137 = VECTOR('',#5138,1.);
#5138 = DIRECTION('',(-0.,1.));
#5139 = ( GEOMETRIC_REPRESENTATION_CONTEXT(2) 
PARAMETRIC_REPRESENTATION_CONTEXT() REPRESENTATION_CONTEXT('2D SPACE',''
  ) );
#5140 = ORIENTED_EDGE('',*,*,#2627,.T.);
#5141 = ORIENTED_EDGE('',*,*,#2191,.T.);
#5142 = ORIENTED_EDGE('',*,*,#2850,.T.);
#5143 = ORIENTED_EDGE('',*,*,#2702,.F.);
#5144 = ADVANCED_FACE('',(#5145),#2615,.T.);
#5145 = FACE_BOUND('',#5146,.F.);
#5146 = EDGE_LOOP('',(#5147,#5168,#5169,#5170));
#5147 = ORIENTED_EDGE('',*,*,#5148,.F.);
#5148 = EDGE_CURVE('',#2572,#2751,#5149,.T.);
#5149 = SURFACE_CURVE('',#5150,(#5154,#5161),.PCURVE_S1.);
#5150 = LINE('',#5151,#5152);
#5151 = CARTESIAN_POINT('',(-11.7,-12.7,116.7));
#5152 = VECTOR('',#5153,1.);
#5153 = DIRECTION('',(-1.024821253499E-16,-1.537231880253E-16,-1.));
#5154 = PCURVE('',#2615,#5155);
#5155 = DEFINITIONAL_REPRESENTATION('',(#5156),#5160);
#5156 = LINE('',#5157,#5158);
#5157 = CARTESIAN_POINT('',(-0.,0.));
#5158 = VECTOR('',#5159,1.);
#5159 = DIRECTION('',(1.024821253499E-16,1.));
#5160 = ( GEOMETRIC_REPRESENTATION_CONTEXT(2) 
PARAMETRIC_REPRESENTATION_CONTEXT() REPRESENTATION_CONTEXT('2D SPACE',''
  ) );
#5161 = PCURVE('',#2587,#5162);
#5162 = DEFINITIONAL_REPRESENTATION('',(#5163),#5167);
#5163 = LINE('',#5164,#5165);
#5164 = CARTESIAN_POINT('',(-1.802775637731,7.395570986447E-32));
#5165 = VECTOR('',#5166,1.);
#5166 = DIRECTION('',(-1.232595164408E-32,1.));
#5167 = ( GEOMETRIC_REPRESENTATION_CONTEXT(2) 
PARAMETRIC_REPRESENTATION_CONTEXT() REPRESENTATION_CONTEXT('2D SPACE',''
  ) );
#5168 = ORIENTED_EDGE('',*,*,#2599,.T.);
#5169 = ORIENTED_EDGE('',*,*,#5120,.T.);
#5170 = ORIENTED_EDGE('',*,*,#2773,.F.);
#5171 = ADVANCED_FACE('',(#5172),#2587,.T.);
#5172 = FACE_BOUND('',#5173,.F.);
#5173 = EDGE_LOOP('',(#5174,#5175,#5176,#5177));
#5174 = ORIENTED_EDGE('',*,*,#2655,.F.);
#5175 = ORIENTED_EDGE('',*,*,#2571,.T.);
#5176 = ORIENTED_EDGE('',*,*,#5148,.T.);
#5177 = ORIENTED_EDGE('',*,*,#2750,.F.);
#5178 = ADVANCED_FACE('',(#5179),#2952,.T.);
#5179 = FACE_BOUND('',#5180,.F.);
#5180 = EDGE_LOOP('',(#5181,#5182,#5183,#5204));
#5181 = ORIENTED_EDGE('',*,*,#2990,.F.);
#5182 = ORIENTED_EDGE('',*,*,#2936,.F.);
#5183 = ORIENTED_EDGE('',*,*,#5184,.T.);
#5184 = EDGE_CURVE('',#2909,#3040,#5185,.T.);
#5185 = SURFACE_CURVE('',#5186,(#5190,#5197),.PCURVE_S1.);
#5186 = LINE('',#5187,#5188);
#5187 = CARTESIAN_POINT('',(-11.7,-12.7,116.7));
#5188 = VECTOR('',#5189,1.);
#5189 = DIRECTION('',(-1.024821253499E-16,-1.537231880253E-16,-1.));
#5190 = PCURVE('',#2952,#5191);
#5191 = DEFINITIONAL_REPRESENTATION('',(#5192),#5196);
#5192 = LINE('',#5193,#5194);
#5193 = CARTESIAN_POINT('',(-1.802775637731,7.395570986447E-32));
#5194 = VECTOR('',#5195,1.);
#5195 = DIRECTION('',(-1.232595164408E-32,1.));
#5196 = ( GEOMETRIC_REPRESENTATION_CONTEXT(2) 
PARAMETRIC_REPRESENTATION_CONTEXT() REPRESENTATION_CONTEXT('2D SPACE',''
  ) );
#5197 = PCURVE('',#2924,#5198);
#5198 = DEFINITIONAL_REPRESENTATION('',(#5199),#5203);
#5199 = LINE('',#5200,#5201);
#5200 = CARTESIAN_POINT('',(-0.,0.));
#5201 = VECTOR('',#5202,1.);
#5202 = DIRECTION('',(1.024821253499E-16,1.));
#5203 = ( GEOMETRIC_REPRESENTATION_CONTEXT(2) 
PARAMETRIC_REPRESENTATION_CONTEXT() REPRESENTATION_CONTEXT('2D SPACE',''
  ) );
#5204 = ORIENTED_EDGE('',*,*,#3039,.F.);
#5205 = ADVANCED_FACE('',(#5206),#2924,.T.);
#5206 = FACE_BOUND('',#5207,.F.);
#5207 = EDGE_LOOP('',(#5208,#5209,#5210,#5211));
#5208 = ORIENTED_EDGE('',*,*,#5184,.F.);
#5209 = ORIENTED_EDGE('',*,*,#2908,.F.);
#5210 = ORIENTED_EDGE('',*,*,#5092,.T.);
#5211 = ORIENTED_EDGE('',*,*,#3062,.F.);
#5212 = ADVANCED_FACE('',(#5213),#3172,.T.);
#5213 = FACE_BOUND('',#5214,.T.);
#5214 = EDGE_LOOP('',(#5215,#5216,#5217,#5238));
#5215 = ORIENTED_EDGE('',*,*,#3156,.F.);
#5216 = ORIENTED_EDGE('',*,*,#3984,.F.);
#5217 = ORIENTED_EDGE('',*,*,#5218,.T.);
#5218 = EDGE_CURVE('',#3932,#4288,#5219,.T.);
#5219 = SURFACE_CURVE('',#5220,(#5224,#5231),.PCURVE_S1.);
#5220 = LINE('',#5221,#5222);
#5221 = CARTESIAN_POINT('',(9.7,9.547918011776E-16,4.3));
#5222 = VECTOR('',#5223,1.);
#5223 = DIRECTION('',(0.,-1.,2.22044604925E-16));
#5224 = PCURVE('',#3172,#5225);
#5225 = DEFINITIONAL_REPRESENTATION('',(#5226),#5230);
#5226 = LINE('',#5227,#5228);
#5227 = CARTESIAN_POINT('',(0.5,9.7));
#5228 = VECTOR('',#5229,1.);
#5229 = DIRECTION('',(-1.,0.));
#5230 = ( GEOMETRIC_REPRESENTATION_CONTEXT(2) 
PARAMETRIC_REPRESENTATION_CONTEXT() REPRESENTATION_CONTEXT('2D SPACE',''
  ) );
#5231 = PCURVE('',#3430,#5232);
#5232 = DEFINITIONAL_REPRESENTATION('',(#5233),#5237);
#5233 = LINE('',#5234,#5235);
#5234 = CARTESIAN_POINT('',(4.712388980385,0.));
#5235 = VECTOR('',#5236,1.);
#5236 = DIRECTION('',(0.,-1.));
#5237 = ( GEOMETRIC_REPRESENTATION_CONTEXT(2) 
PARAMETRIC_REPRESENTATION_CONTEXT() REPRESENTATION_CONTEXT('2D SPACE',''
  ) );
#5238 = ORIENTED_EDGE('',*,*,#4287,.T.);
#5239 = ADVANCED_FACE('',(#5240),#3430,.T.);
#5240 = FACE_BOUND('',#5241,.T.);
#5241 = EDGE_LOOP('',(#5242,#5243,#5244,#5245));
#5242 = ORIENTED_EDGE('',*,*,#3416,.T.);
#5243 = ORIENTED_EDGE('',*,*,#4310,.T.);
#5244 = ORIENTED_EDGE('',*,*,#5218,.F.);
#5245 = ORIENTED_EDGE('',*,*,#3931,.F.);
#5246 = ADVANCED_FACE('',(#5247),#3381,.T.);
#5247 = FACE_BOUND('',#5248,.T.);
#5248 = EDGE_LOOP('',(#5249,#5250,#5273,#5294));
#5249 = ORIENTED_EDGE('',*,*,#3365,.F.);
#5250 = ORIENTED_EDGE('',*,*,#5251,.F.);
#5251 = EDGE_CURVE('',#5252,#3338,#5254,.T.);
#5252 = VERTEX_POINT('',#5253);
#5253 = CARTESIAN_POINT('',(13.2,-11.7,57.3676));
#5254 = SURFACE_CURVE('',#5255,(#5259,#5266),.PCURVE_S1.);
#5255 = LINE('',#5256,#5257);
#5256 = CARTESIAN_POINT('',(49.727029923577,-36.05135328245,57.3676));
#5257 = VECTOR('',#5258,1.);
#5258 = DIRECTION('',(-0.832050294337,0.554700196226,0.));
#5259 = PCURVE('',#3381,#5260);
#5260 = DEFINITIONAL_REPRESENTATION('',(#5261),#5265);
#5261 = LINE('',#5262,#5263);
#5262 = CARTESIAN_POINT('',(45.702802081058,59.3324));
#5263 = VECTOR('',#5264,1.);
#5264 = DIRECTION('',(-1.,1.232595164408E-32));
#5265 = ( GEOMETRIC_REPRESENTATION_CONTEXT(2) 
PARAMETRIC_REPRESENTATION_CONTEXT() REPRESENTATION_CONTEXT('2D SPACE',''
  ) );
#5266 = PCURVE('',#3353,#5267);
#5267 = DEFINITIONAL_REPRESENTATION('',(#5268),#5272);
#5268 = LINE('',#5269,#5270);
#5269 = CARTESIAN_POINT('',(-22.13396228245,-69.68390696693));
#5270 = VECTOR('',#5271,1.);
#5271 = DIRECTION('',(0.554700196226,-0.832050294337));
#5272 = ( GEOMETRIC_REPRESENTATION_CONTEXT(2) 
PARAMETRIC_REPRESENTATION_CONTEXT() REPRESENTATION_CONTEXT('2D SPACE',''
  ) );
#5273 = ORIENTED_EDGE('',*,*,#5274,.T.);
#5274 = EDGE_CURVE('',#5252,#4362,#5275,.T.);
#5275 = SURFACE_CURVE('',#5276,(#5280,#5287),.PCURVE_S1.);
#5276 = LINE('',#5277,#5278);
#5277 = CARTESIAN_POINT('',(13.2,-11.7,116.7));
#5278 = VECTOR('',#5279,1.);
#5279 = DIRECTION('',(-1.024821253501E-16,-1.537231880248E-16,-1.));
#5280 = PCURVE('',#3381,#5281);
#5281 = DEFINITIONAL_REPRESENTATION('',(#5282),#5286);
#5282 = LINE('',#5283,#5284);
#5283 = CARTESIAN_POINT('',(1.802775637733,-2.465190328816E-32));
#5284 = VECTOR('',#5285,1.);
#5285 = DIRECTION('',(0.,1.));
#5286 = ( GEOMETRIC_REPRESENTATION_CONTEXT(2) 
PARAMETRIC_REPRESENTATION_CONTEXT() REPRESENTATION_CONTEXT('2D SPACE',''
  ) );
#5287 = PCURVE('',#4400,#5288);
#5288 = DEFINITIONAL_REPRESENTATION('',(#5289),#5293);
#5289 = LINE('',#5290,#5291);
#5290 = CARTESIAN_POINT('',(0.,0.));
#5291 = VECTOR('',#5292,1.);
#5292 = DIRECTION('',(1.705405651236E-16,1.));
#5293 = ( GEOMETRIC_REPRESENTATION_CONTEXT(2) 
PARAMETRIC_REPRESENTATION_CONTEXT() REPRESENTATION_CONTEXT('2D SPACE',''
  ) );
#5294 = ORIENTED_EDGE('',*,*,#4361,.F.);
#5295 = ADVANCED_FACE('',(#5296),#3353,.F.);
#5296 = FACE_BOUND('',#5297,.F.);
#5297 = EDGE_LOOP('',(#5298,#5299,#5300,#5301,#5324,#5345));
#5298 = ORIENTED_EDGE('',*,*,#4546,.F.);
#5299 = ORIENTED_EDGE('',*,*,#3337,.F.);
#5300 = ORIENTED_EDGE('',*,*,#5251,.F.);
#5301 = ORIENTED_EDGE('',*,*,#5302,.F.);
#5302 = EDGE_CURVE('',#5303,#5252,#5305,.T.);
#5303 = VERTEX_POINT('',#5304);
#5304 = CARTESIAN_POINT('',(11.7,-12.7,57.3676));
#5305 = SURFACE_CURVE('',#5306,(#5310,#5317),.PCURVE_S1.);
#5306 = LINE('',#5307,#5308);
#5307 = CARTESIAN_POINT('',(49.45361869293,12.469079128553,57.3676));
#5308 = VECTOR('',#5309,1.);
#5309 = DIRECTION('',(0.832050294339,0.554700196224,0.));
#5310 = PCURVE('',#3353,#5311);
#5311 = DEFINITIONAL_REPRESENTATION('',(#5312),#5316);
#5312 = LINE('',#5313,#5314);
#5313 = CARTESIAN_POINT('',(26.386470128553,-69.95731819757));
#5314 = VECTOR('',#5315,1.);
#5315 = DIRECTION('',(0.554700196224,0.832050294339));
#5316 = ( GEOMETRIC_REPRESENTATION_CONTEXT(2) 
PARAMETRIC_REPRESENTATION_CONTEXT() REPRESENTATION_CONTEXT('2D SPACE',''
  ) );
#5317 = PCURVE('',#4400,#5318);
#5318 = DEFINITIONAL_REPRESENTATION('',(#5319),#5323);
#5319 = LINE('',#5320,#5321);
#5320 = CARTESIAN_POINT('',(-43.57142703945,59.3324));
#5321 = VECTOR('',#5322,1.);
#5322 = DIRECTION('',(-1.,-3.697785493223E-32));
#5323 = ( GEOMETRIC_REPRESENTATION_CONTEXT(2) 
PARAMETRIC_REPRESENTATION_CONTEXT() REPRESENTATION_CONTEXT('2D SPACE',''
  ) );
#5324 = ORIENTED_EDGE('',*,*,#5325,.F.);
#5325 = EDGE_CURVE('',#4467,#5303,#5326,.T.);
#5326 = SURFACE_CURVE('',#5327,(#5331,#5338),.PCURVE_S1.);
#5327 = LINE('',#5328,#5329);
#5328 = CARTESIAN_POINT('',(65.555468445254,-12.7,57.3676));
#5329 = VECTOR('',#5330,1.);
#5330 = DIRECTION('',(1.,0.,0.));
#5331 = PCURVE('',#3353,#5332);
#5332 = DEFINITIONAL_REPRESENTATION('',(#5333),#5337);
#5333 = LINE('',#5334,#5335);
#5334 = CARTESIAN_POINT('',(1.217391,-53.85546844525));
#5335 = VECTOR('',#5336,1.);
#5336 = DIRECTION('',(0.,1.));
#5337 = ( GEOMETRIC_REPRESENTATION_CONTEXT(2) 
PARAMETRIC_REPRESENTATION_CONTEXT() REPRESENTATION_CONTEXT('2D SPACE',''
  ) );
#5338 = PCURVE('',#4428,#5339);
#5339 = DEFINITIONAL_REPRESENTATION('',(#5340),#5344);
#5340 = LINE('',#5341,#5342);
#5341 = CARTESIAN_POINT('',(-53.85546844525,59.3324));
#5342 = VECTOR('',#5343,1.);
#5343 = DIRECTION('',(-1.,0.));
#5344 = ( GEOMETRIC_REPRESENTATION_CONTEXT(2) 
PARAMETRIC_REPRESENTATION_CONTEXT() REPRESENTATION_CONTEXT('2D SPACE',''
  ) );
#5345 = ORIENTED_EDGE('',*,*,#4489,.F.);
#5346 = ADVANCED_FACE('',(#5347),#3301,.F.);
#5347 = FACE_BOUND('',#5348,.F.);
#5348 = EDGE_LOOP('',(#5349,#5350,#5351,#5352,#5353,#5354));
#5349 = ORIENTED_EDGE('',*,*,#3285,.F.);
#5350 = ORIENTED_EDGE('',*,*,#4600,.T.);
#5351 = ORIENTED_EDGE('',*,*,#4650,.F.);
#5352 = ORIENTED_EDGE('',*,*,#4747,.F.);
#5353 = ORIENTED_EDGE('',*,*,#4796,.F.);
#5354 = ORIENTED_EDGE('',*,*,#4823,.F.);
#5355 = ADVANCED_FACE('',(#5356),#3536,.F.);
#5356 = FACE_BOUND('',#5357,.F.);
#5357 = EDGE_LOOP('',(#5358,#5381,#5382,#5405));
#5358 = ORIENTED_EDGE('',*,*,#5359,.F.);
#5359 = EDGE_CURVE('',#3499,#5360,#5362,.T.);
#5360 = VERTEX_POINT('',#5361);
#5361 = CARTESIAN_POINT('',(-3.,-0.666666666667,50.));
#5362 = SURFACE_CURVE('',#5363,(#5367,#5374),.PCURVE_S1.);
#5363 = LINE('',#5364,#5365);
#5364 = CARTESIAN_POINT('',(-3.,1.110223024625E-14,50.));
#5365 = VECTOR('',#5366,1.);
#5366 = DIRECTION('',(0.,-1.,2.22044604925E-16));
#5367 = PCURVE('',#3536,#5368);
#5368 = DEFINITIONAL_REPRESENTATION('',(#5369),#5373);
#5369 = LINE('',#5370,#5371);
#5370 = CARTESIAN_POINT('',(6.,0.));
#5371 = VECTOR('',#5372,1.);
#5372 = DIRECTION('',(0.,-1.));
#5373 = ( GEOMETRIC_REPRESENTATION_CONTEXT(2) 
PARAMETRIC_REPRESENTATION_CONTEXT() REPRESENTATION_CONTEXT('2D SPACE',''
  ) );
#5374 = PCURVE('',#3625,#5375);
#5375 = DEFINITIONAL_REPRESENTATION('',(#5376),#5380);
#5376 = LINE('',#5377,#5378);
#5377 = CARTESIAN_POINT('',(-4.712388980385,0.));
#5378 = VECTOR('',#5379,1.);
#5379 = DIRECTION('',(-0.,-1.));
#5380 = ( GEOMETRIC_REPRESENTATION_CONTEXT(2) 
PARAMETRIC_REPRESENTATION_CONTEXT() REPRESENTATION_CONTEXT('2D SPACE',''
  ) );
#5381 = ORIENTED_EDGE('',*,*,#3522,.F.);
#5382 = ORIENTED_EDGE('',*,*,#5383,.T.);
#5383 = EDGE_CURVE('',#3474,#5384,#5386,.T.);
#5384 = VERTEX_POINT('',#5385);
#5385 = CARTESIAN_POINT('',(3.,-0.666666666667,50.));
#5386 = SURFACE_CURVE('',#5387,(#5391,#5398),.PCURVE_S1.);
#5387 = LINE('',#5388,#5389);
#5388 = CARTESIAN_POINT('',(3.,1.110223024625E-14,50.));
#5389 = VECTOR('',#5390,1.);
#5390 = DIRECTION('',(0.,-1.,2.22044604925E-16));
#5391 = PCURVE('',#3536,#5392);
#5392 = DEFINITIONAL_REPRESENTATION('',(#5393),#5397);
#5393 = LINE('',#5394,#5395);
#5394 = CARTESIAN_POINT('',(0.,0.));
#5395 = VECTOR('',#5396,1.);
#5396 = DIRECTION('',(0.,-1.));
#5397 = ( GEOMETRIC_REPRESENTATION_CONTEXT(2) 
PARAMETRIC_REPRESENTATION_CONTEXT() REPRESENTATION_CONTEXT('2D SPACE',''
  ) );
#5398 = PCURVE('',#3590,#5399);
#5399 = DEFINITIONAL_REPRESENTATION('',(#5400),#5404);
#5400 = LINE('',#5401,#5402);
#5401 = CARTESIAN_POINT('',(-4.712388980385,0.));
#5402 = VECTOR('',#5403,1.);
#5403 = DIRECTION('',(-0.,-1.));
#5404 = ( GEOMETRIC_REPRESENTATION_CONTEXT(2) 
PARAMETRIC_REPRESENTATION_CONTEXT() REPRESENTATION_CONTEXT('2D SPACE',''
  ) );
#5405 = ORIENTED_EDGE('',*,*,#5406,.F.);
#5406 = EDGE_CURVE('',#5360,#5384,#5407,.T.);
#5407 = SURFACE_CURVE('',#5408,(#5412,#5419),.PCURVE_S1.);
#5408 = LINE('',#5409,#5410);
#5409 = CARTESIAN_POINT('',(-3.,-0.666666666667,50.));
#5410 = VECTOR('',#5411,1.);
#5411 = DIRECTION('',(1.,0.,0.));
#5412 = PCURVE('',#3536,#5413);
#5413 = DEFINITIONAL_REPRESENTATION('',(#5414),#5418);
#5414 = LINE('',#5415,#5416);
#5415 = CARTESIAN_POINT('',(6.,-0.666666666667));
#5416 = VECTOR('',#5417,1.);
#5417 = DIRECTION('',(-1.,0.));
#5418 = ( GEOMETRIC_REPRESENTATION_CONTEXT(2) 
PARAMETRIC_REPRESENTATION_CONTEXT() REPRESENTATION_CONTEXT('2D SPACE',''
  ) );
#5419 = PCURVE('',#4245,#5420);
#5420 = DEFINITIONAL_REPRESENTATION('',(#5421),#5425);
#5421 = LINE('',#5422,#5423);
#5422 = CARTESIAN_POINT('',(-1.570796326795,0.));
#5423 = VECTOR('',#5424,1.);
#5424 = DIRECTION('',(-0.,1.));
#5425 = ( GEOMETRIC_REPRESENTATION_CONTEXT(2) 
PARAMETRIC_REPRESENTATION_CONTEXT() REPRESENTATION_CONTEXT('2D SPACE',''
  ) );
#5426 = ADVANCED_FACE('',(#5427),#3590,.F.);
#5427 = FACE_BOUND('',#5428,.T.);
#5428 = EDGE_LOOP('',(#5429,#5450,#5451,#5452,#5474));
#5429 = ORIENTED_EDGE('',*,*,#5430,.F.);
#5430 = EDGE_CURVE('',#3552,#4067,#5431,.T.);
#5431 = SURFACE_CURVE('',#5432,(#5436,#5443),.PCURVE_S1.);
#5432 = LINE('',#5433,#5434);
#5433 = CARTESIAN_POINT('',(5.,1.15463194561E-14,52.));
#5434 = VECTOR('',#5435,1.);
#5435 = DIRECTION('',(0.,-1.,2.22044604925E-16));
#5436 = PCURVE('',#3590,#5437);
#5437 = DEFINITIONAL_REPRESENTATION('',(#5438),#5442);
#5438 = LINE('',#5439,#5440);
#5439 = CARTESIAN_POINT('',(-6.28318530718,0.));
#5440 = VECTOR('',#5441,1.);
#5441 = DIRECTION('',(-0.,-1.));
#5442 = ( GEOMETRIC_REPRESENTATION_CONTEXT(2) 
PARAMETRIC_REPRESENTATION_CONTEXT() REPRESENTATION_CONTEXT('2D SPACE',''
  ) );
#5443 = PCURVE('',#3703,#5444);
#5444 = DEFINITIONAL_REPRESENTATION('',(#5445),#5449);
#5445 = LINE('',#5446,#5447);
#5446 = CARTESIAN_POINT('',(21.,0.));
#5447 = VECTOR('',#5448,1.);
#5448 = DIRECTION('',(0.,-1.));
#5449 = ( GEOMETRIC_REPRESENTATION_CONTEXT(2) 
PARAMETRIC_REPRESENTATION_CONTEXT() REPRESENTATION_CONTEXT('2D SPACE',''
  ) );
#5450 = ORIENTED_EDGE('',*,*,#3575,.T.);
#5451 = ORIENTED_EDGE('',*,*,#5383,.T.);
#5452 = ORIENTED_EDGE('',*,*,#5453,.T.);
#5453 = EDGE_CURVE('',#5384,#4133,#5454,.T.);
#5454 = SURFACE_CURVE('',#5455,(#5460,#5467),.PCURVE_S1.);
#5455 = CIRCLE('',#5456,2.);
#5456 = AXIS2_PLACEMENT_3D('',#5457,#5458,#5459);
#5457 = CARTESIAN_POINT('',(3.,-0.666666666667,52.));
#5458 = DIRECTION('',(1.094764425254E-47,-1.,2.22446550595E-16));
#5459 = DIRECTION('',(-2.22044604925E-16,-2.22446550595E-16,-1.));
#5460 = PCURVE('',#3590,#5461);
#5461 = DEFINITIONAL_REPRESENTATION('',(#5462),#5466);
#5462 = LINE('',#5463,#5464);
#5463 = CARTESIAN_POINT('',(-4.712388980385,-0.666666666667));
#5464 = VECTOR('',#5465,1.);
#5465 = DIRECTION('',(-1.,0.));
#5466 = ( GEOMETRIC_REPRESENTATION_CONTEXT(2) 
PARAMETRIC_REPRESENTATION_CONTEXT() REPRESENTATION_CONTEXT('2D SPACE',''
  ) );
#5467 = PCURVE('',#4156,#5468);
#5468 = DEFINITIONAL_REPRESENTATION('',(#5469),#5473);
#5469 = LINE('',#5470,#5471);
#5470 = CARTESIAN_POINT('',(0.,3.14159265359));
#5471 = VECTOR('',#5472,1.);
#5472 = DIRECTION('',(1.,0.));
#5473 = ( GEOMETRIC_REPRESENTATION_CONTEXT(2) 
PARAMETRIC_REPRESENTATION_CONTEXT() REPRESENTATION_CONTEXT('2D SPACE',''
  ) );
#5474 = ORIENTED_EDGE('',*,*,#4168,.T.);
#5475 = ADVANCED_FACE('',(#5476),#3625,.F.);
#5476 = FACE_BOUND('',#5477,.T.);
#5477 = EDGE_LOOP('',(#5478,#5479,#5480,#5501,#5502));
#5478 = ORIENTED_EDGE('',*,*,#5359,.F.);
#5479 = ORIENTED_EDGE('',*,*,#3608,.T.);
#5480 = ORIENTED_EDGE('',*,*,#5481,.T.);
#5481 = EDGE_CURVE('',#3609,#4962,#5482,.T.);
#5482 = SURFACE_CURVE('',#5483,(#5487,#5494),.PCURVE_S1.);
#5483 = LINE('',#5484,#5485);
#5484 = CARTESIAN_POINT('',(-5.,1.15463194561E-14,52.));
#5485 = VECTOR('',#5486,1.);
#5486 = DIRECTION('',(0.,-1.,2.22044604925E-16));
#5487 = PCURVE('',#3625,#5488);
#5488 = DEFINITIONAL_REPRESENTATION('',(#5489),#5493);
#5489 = LINE('',#5490,#5491);
#5490 = CARTESIAN_POINT('',(-3.14159265359,0.));
#5491 = VECTOR('',#5492,1.);
#5492 = DIRECTION('',(-0.,-1.));
#5493 = ( GEOMETRIC_REPRESENTATION_CONTEXT(2) 
PARAMETRIC_REPRESENTATION_CONTEXT() REPRESENTATION_CONTEXT('2D SPACE',''
  ) );
#5494 = PCURVE('',#3758,#5495);
#5495 = DEFINITIONAL_REPRESENTATION('',(#5496),#5500);
#5496 = LINE('',#5497,#5498);
#5497 = CARTESIAN_POINT('',(0.,0.));
#5498 = VECTOR('',#5499,1.);
#5499 = DIRECTION('',(0.,-1.));
#5500 = ( GEOMETRIC_REPRESENTATION_CONTEXT(2) 
PARAMETRIC_REPRESENTATION_CONTEXT() REPRESENTATION_CONTEXT('2D SPACE',''
  ) );
#5501 = ORIENTED_EDGE('',*,*,#5027,.T.);
#5502 = ORIENTED_EDGE('',*,*,#5503,.T.);
#5503 = EDGE_CURVE('',#5028,#5360,#5504,.T.);
#5504 = SURFACE_CURVE('',#5505,(#5510,#5517),.PCURVE_S1.);
#5505 = CIRCLE('',#5506,2.);
#5506 = AXIS2_PLACEMENT_3D('',#5507,#5508,#5509);
#5507 = CARTESIAN_POINT('',(-3.,-0.666666666667,52.));
#5508 = DIRECTION('',(-2.736911063134E-48,-1.,2.22446550595E-16));
#5509 = DIRECTION('',(-1.,-1.647925405257E-32,-7.408185925333E-17));
#5510 = PCURVE('',#3625,#5511);
#5511 = DEFINITIONAL_REPRESENTATION('',(#5512),#5516);
#5512 = LINE('',#5513,#5514);
#5513 = CARTESIAN_POINT('',(-3.14159265359,-0.666666666667));
#5514 = VECTOR('',#5515,1.);
#5515 = DIRECTION('',(-1.,0.));
#5516 = ( GEOMETRIC_REPRESENTATION_CONTEXT(2) 
PARAMETRIC_REPRESENTATION_CONTEXT() REPRESENTATION_CONTEXT('2D SPACE',''
  ) );
#5517 = PCURVE('',#4272,#5518);
#5518 = DEFINITIONAL_REPRESENTATION('',(#5519),#5523);
#5519 = LINE('',#5520,#5521);
#5520 = CARTESIAN_POINT('',(0.,3.14159265359));
#5521 = VECTOR('',#5522,1.);
#5522 = DIRECTION('',(1.,0.));
#5523 = ( GEOMETRIC_REPRESENTATION_CONTEXT(2) 
PARAMETRIC_REPRESENTATION_CONTEXT() REPRESENTATION_CONTEXT('2D SPACE',''
  ) );
#5524 = ADVANCED_FACE('',(#5525),#3703,.F.);
#5525 = FACE_BOUND('',#5526,.F.);
#5526 = EDGE_LOOP('',(#5527,#5528,#5529,#5530));
#5527 = ORIENTED_EDGE('',*,*,#5430,.F.);
#5528 = ORIENTED_EDGE('',*,*,#3689,.F.);
#5529 = ORIENTED_EDGE('',*,*,#4696,.T.);
#5530 = ORIENTED_EDGE('',*,*,#4088,.F.);
#5531 = ADVANCED_FACE('',(#5532),#3758,.F.);
#5532 = FACE_BOUND('',#5533,.F.);
#5533 = EDGE_LOOP('',(#5534,#5535,#5536,#5537));
#5534 = ORIENTED_EDGE('',*,*,#4874,.F.);
#5535 = ORIENTED_EDGE('',*,*,#3744,.F.);
#5536 = ORIENTED_EDGE('',*,*,#5481,.T.);
#5537 = ORIENTED_EDGE('',*,*,#4961,.F.);
#5538 = ADVANCED_FACE('',(#5539),#4156,.T.);
#5539 = FACE_BOUND('',#5540,.T.);
#5540 = EDGE_LOOP('',(#5541,#5563,#5564,#5565));
#5541 = ORIENTED_EDGE('',*,*,#5542,.F.);
#5542 = EDGE_CURVE('',#4206,#5384,#5543,.T.);
#5543 = SURFACE_CURVE('',#5544,(#5549,#5556),.PCURVE_S1.);
#5544 = CIRCLE('',#5545,0.333333333333);
#5545 = AXIS2_PLACEMENT_3D('',#5546,#5547,#5548);
#5546 = CARTESIAN_POINT('',(3.,-0.666666666667,49.666666666667));
#5547 = DIRECTION('',(-1.,0.,0.));
#5548 = DIRECTION('',(0.,-1.,2.22446550595E-16));
#5549 = PCURVE('',#4156,#5550);
#5550 = DEFINITIONAL_REPRESENTATION('',(#5551),#5555);
#5551 = LINE('',#5552,#5553);
#5552 = CARTESIAN_POINT('',(0.,1.570796326795));
#5553 = VECTOR('',#5554,1.);
#5554 = DIRECTION('',(0.,1.));
#5555 = ( GEOMETRIC_REPRESENTATION_CONTEXT(2) 
PARAMETRIC_REPRESENTATION_CONTEXT() REPRESENTATION_CONTEXT('2D SPACE',''
  ) );
#5556 = PCURVE('',#4245,#5557);
#5557 = DEFINITIONAL_REPRESENTATION('',(#5558),#5562);
#5558 = LINE('',#5559,#5560);
#5559 = CARTESIAN_POINT('',(-0.,6.));
#5560 = VECTOR('',#5561,1.);
#5561 = DIRECTION('',(-1.,0.));
#5562 = ( GEOMETRIC_REPRESENTATION_CONTEXT(2) 
PARAMETRIC_REPRESENTATION_CONTEXT() REPRESENTATION_CONTEXT('2D SPACE',''
  ) );
#5563 = ORIENTED_EDGE('',*,*,#4205,.T.);
#5564 = ORIENTED_EDGE('',*,*,#4132,.T.);
#5565 = ORIENTED_EDGE('',*,*,#5453,.F.);
#5566 = ADVANCED_FACE('',(#5567),#4245,.T.);
#5567 = FACE_BOUND('',#5568,.F.);
#5568 = EDGE_LOOP('',(#5569,#5591,#5592,#5593));
#5569 = ORIENTED_EDGE('',*,*,#5570,.T.);
#5570 = EDGE_CURVE('',#4230,#5360,#5571,.T.);
#5571 = SURFACE_CURVE('',#5572,(#5577,#5584),.PCURVE_S1.);
#5572 = CIRCLE('',#5573,0.333333333333);
#5573 = AXIS2_PLACEMENT_3D('',#5574,#5575,#5576);
#5574 = CARTESIAN_POINT('',(-3.,-0.666666666667,49.666666666667));
#5575 = DIRECTION('',(-1.,0.,0.));
#5576 = DIRECTION('',(0.,-1.,2.22446550595E-16));
#5577 = PCURVE('',#4245,#5578);
#5578 = DEFINITIONAL_REPRESENTATION('',(#5579),#5583);
#5579 = LINE('',#5580,#5581);
#5580 = CARTESIAN_POINT('',(-0.,0.));
#5581 = VECTOR('',#5582,1.);
#5582 = DIRECTION('',(-1.,0.));
#5583 = ( GEOMETRIC_REPRESENTATION_CONTEXT(2) 
PARAMETRIC_REPRESENTATION_CONTEXT() REPRESENTATION_CONTEXT('2D SPACE',''
  ) );
#5584 = PCURVE('',#4272,#5585);
#5585 = DEFINITIONAL_REPRESENTATION('',(#5586),#5590);
#5586 = LINE('',#5587,#5588);
#5587 = CARTESIAN_POINT('',(1.570796326795,1.570796326795));
#5588 = VECTOR('',#5589,1.);
#5589 = DIRECTION('',(0.,1.));
#5590 = ( GEOMETRIC_REPRESENTATION_CONTEXT(2) 
PARAMETRIC_REPRESENTATION_CONTEXT() REPRESENTATION_CONTEXT('2D SPACE',''
  ) );
#5591 = ORIENTED_EDGE('',*,*,#5406,.T.);
#5592 = ORIENTED_EDGE('',*,*,#5542,.F.);
#5593 = ORIENTED_EDGE('',*,*,#4229,.F.);
#5594 = ADVANCED_FACE('',(#5595),#4272,.T.);
#5595 = FACE_BOUND('',#5596,.T.);
#5596 = EDGE_LOOP('',(#5597,#5598,#5599,#5600));
#5597 = ORIENTED_EDGE('',*,*,#5060,.F.);
#5598 = ORIENTED_EDGE('',*,*,#4257,.T.);
#5599 = ORIENTED_EDGE('',*,*,#5570,.T.);
#5600 = ORIENTED_EDGE('',*,*,#5503,.F.);
#5601 = ADVANCED_FACE('',(#5602),#4428,.T.);
#5602 = FACE_BOUND('',#5603,.T.);
#5603 = EDGE_LOOP('',(#5604,#5625,#5626,#5627));
#5604 = ORIENTED_EDGE('',*,*,#5605,.F.);
#5605 = EDGE_CURVE('',#5303,#4385,#5606,.T.);
#5606 = SURFACE_CURVE('',#5607,(#5611,#5618),.PCURVE_S1.);
#5607 = LINE('',#5608,#5609);
#5608 = CARTESIAN_POINT('',(11.7,-12.7,116.7));
#5609 = VECTOR('',#5610,1.);
#5610 = DIRECTION('',(1.024821253499E-16,-1.537231880253E-16,-1.));
#5611 = PCURVE('',#4428,#5612);
#5612 = DEFINITIONAL_REPRESENTATION('',(#5613),#5617);
#5613 = LINE('',#5614,#5615);
#5614 = CARTESIAN_POINT('',(0.,0.));
#5615 = VECTOR('',#5616,1.);
#5616 = DIRECTION('',(-1.024821253499E-16,1.));
#5617 = ( GEOMETRIC_REPRESENTATION_CONTEXT(2) 
PARAMETRIC_REPRESENTATION_CONTEXT() REPRESENTATION_CONTEXT('2D SPACE',''
  ) );
#5618 = PCURVE('',#4400,#5619);
#5619 = DEFINITIONAL_REPRESENTATION('',(#5620),#5624);
#5620 = LINE('',#5621,#5622);
#5621 = CARTESIAN_POINT('',(1.802775637731,7.395570986447E-32));
#5622 = VECTOR('',#5623,1.);
#5623 = DIRECTION('',(1.232595164408E-32,1.));
#5624 = ( GEOMETRIC_REPRESENTATION_CONTEXT(2) 
PARAMETRIC_REPRESENTATION_CONTEXT() REPRESENTATION_CONTEXT('2D SPACE',''
  ) );
#5625 = ORIENTED_EDGE('',*,*,#5325,.F.);
#5626 = ORIENTED_EDGE('',*,*,#4466,.T.);
#5627 = ORIENTED_EDGE('',*,*,#4412,.F.);
#5628 = ADVANCED_FACE('',(#5629),#4400,.T.);
#5629 = FACE_BOUND('',#5630,.T.);
#5630 = EDGE_LOOP('',(#5631,#5632,#5633,#5634));
#5631 = ORIENTED_EDGE('',*,*,#5274,.F.);
#5632 = ORIENTED_EDGE('',*,*,#5302,.F.);
#5633 = ORIENTED_EDGE('',*,*,#5605,.T.);
#5634 = ORIENTED_EDGE('',*,*,#4384,.F.);
#5635 = ( GEOMETRIC_REPRESENTATION_CONTEXT(3) 
GLOBAL_UNCERTAINTY_ASSIGNED_CONTEXT((#5639)) 
GLOBAL_UNIT_ASSIGNED_CONTEXT((#5636,#5637,#5638)) REPRESENTATION_CONTEXT
('Context #1','3D Context with UNIT and UNCERTAINTY') );
#5636 = ( LENGTH_UNIT() NAMED_UNIT(*) SI_UNIT(.MILLI.,.METRE.) );
#5637 = ( NAMED_UNIT(*) PLANE_ANGLE_UNIT() SI_UNIT($,.RADIAN.) );
#5638 = ( NAMED_UNIT(*) SI_UNIT($,.STERADIAN.) SOLID_ANGLE_UNIT() );
#5639 = UNCERTAINTY_MEASURE_WITH_UNIT(LENGTH_MEASURE(2.E-05),#5636,
  'distance_accuracy_value','confusion accuracy');
#5640 = PRODUCT_RELATED_PRODUCT_CATEGORY('part',$,(#7));
#5641 = MECHANICAL_DESIGN_GEOMETRIC_PRESENTATION_REPRESENTATION('',(
    #5642),#5635);
#5642 = STYLED_ITEM('color',(#5643),#15);
#5643 = PRESENTATION_STYLE_ASSIGNMENT((#5644,#5652));
#5644 = SURFACE_STYLE_USAGE(.BOTH.,#5645);
#5645 = SURFACE_SIDE_STYLE('',(#5646,#5650));
#5646 = SURFACE_STYLE_FILL_AREA(#5647);
#5647 = FILL_AREA_STYLE('',(#5648));
#5648 = FILL_AREA_STYLE_COLOUR('',#5649);
#5649 = COLOUR_RGB('',0.800000010877,0.800000010877,0.800000010877);
#5650 = SURFACE_STYLE_RENDERING_WITH_PROPERTIES(.NORMAL_SHADING.,#5649,(
    #5651));
#5651 = SURFACE_STYLE_TRANSPARENT(0.699999988079);
#5652 = CURVE_STYLE('',#5653,POSITIVE_LENGTH_MEASURE(0.1),#5654);
#5653 = DRAUGHTING_PRE_DEFINED_CURVE_FONT('continuous');
#5654 = COLOUR_RGB('',9.803921802644E-02,9.803921802644E-02,
  9.803921802644E-02);
ENDSEC;
END-ISO-10303-21;
