ISO-10303-21;
HEADER;
FILE_DESCRIPTION(('FreeCAD Model'),'2;1');
FILE_NAME('Open CASCADE Shape Model','2026-07-27T12:12:56',(''),(''),
  'Open CASCADE STEP processor 7.8','FreeCAD','Unknown');
FILE_SCHEMA(('AUTOMOTIVE_DESIGN { 1 0 10303 214 1 1 1 1 }'));
ENDSEC;
DATA;
#1 = APPLICATION_PROTOCOL_DEFINITION('international standard',
  'automotive_design',2000,#2);
#2 = APPLICATION_CONTEXT(
  'core data for automotive mechanical design processes');
#3 = SHAPE_DEFINITION_REPRESENTATION(#4,#10);
#4 = PRODUCT_DEFINITION_SHAPE('','',#5);
#5 = PRODUCT_DEFINITION('design','',#6,#9);
#6 = PRODUCT_DEFINITION_FORMATION('','',#7);
#7 = PRODUCT('PaperworkSlotCover','PaperworkSlotCover','',(#8));
#8 = PRODUCT_CONTEXT('',#2,'mechanical');
#9 = PRODUCT_DEFINITION_CONTEXT('part definition',#2,'design');
#10 = ADVANCED_BREP_SHAPE_REPRESENTATION('',(#11,#15),#5627);
#11 = AXIS2_PLACEMENT_3D('',#12,#13,#14);
#12 = CARTESIAN_POINT('',(0.,0.,0.));
#13 = DIRECTION('',(0.,0.,1.));
#14 = DIRECTION('',(1.,0.,-0.));
#15 = MANIFOLD_SOLID_BREP('',#16);
#16 = CLOSED_SHELL('',(#17,#139,#220,#304,#533,#782,#837,#892,#947,#1314
    ,#1764,#1849,#1982,#2037,#2125,#2543,#2649,#2698,#2793,#2875,#2980,
    #3029,#3123,#3201,#3229,#3437,#3465,#3543,#3599,#3655,#3710,#3765,
    #3816,#3867,#3894,#3922,#3973,#4000,#4058,#4124,#4196,#4352,#4458,
    #4535,#4612,#4662,#4710,#4759,#4808,#4835,#4862,#4922,#4948,#5014,
    #5080,#5108,#5136,#5163,#5170,#5197,#5204,#5231,#5238,#5287,#5338,
    #5347,#5418,#5467,#5516,#5523,#5530,#5558,#5586,#5593,#5620));
#17 = ADVANCED_FACE('',(#18),#32,.T.);
#18 = FACE_BOUND('',#19,.F.);
#19 = EDGE_LOOP('',(#20,#55,#84,#112));
#20 = ORIENTED_EDGE('',*,*,#21,.T.);
#21 = EDGE_CURVE('',#22,#24,#26,.T.);
#22 = VERTEX_POINT('',#23);
#23 = CARTESIAN_POINT('',(-9.7,-0.333333333333,118.7));
#24 = VERTEX_POINT('',#25);
#25 = CARTESIAN_POINT('',(-9.7,-1.,118.7));
#26 = SURFACE_CURVE('',#27,(#31,#43),.PCURVE_S1.);
#27 = LINE('',#28,#29);
#28 = CARTESIAN_POINT('',(-9.7,2.635E-14,118.7));
#29 = VECTOR('',#30,1.);
#30 = DIRECTION('',(0.,-1.,2.2E-16));
#31 = PCURVE('',#32,#37);
#32 = CYLINDRICAL_SURFACE('',#33,2.);
#33 = AXIS2_PLACEMENT_3D('',#34,#35,#36);
#34 = CARTESIAN_POINT('',(-9.7,2.592E-14,116.7));
#35 = DIRECTION('',(0.,1.,-2.2E-16));
#36 = DIRECTION('',(1.,0.,0.));
#37 = DEFINITIONAL_REPRESENTATION('',(#38),#42);
#38 = LINE('',#39,#40);
#39 = CARTESIAN_POINT('',(-1.570796326795,0.));
#40 = VECTOR('',#41,1.);
#41 = DIRECTION('',(-0.,-1.));
#42 = ( GEOMETRIC_REPRESENTATION_CONTEXT(2) 
PARAMETRIC_REPRESENTATION_CONTEXT() REPRESENTATION_CONTEXT('2D SPACE',''
  ) );
#43 = PCURVE('',#44,#49);
#44 = PLANE('',#45);
#45 = AXIS2_PLACEMENT_3D('',#46,#47,#48);
#46 = CARTESIAN_POINT('',(0.,-0.5,118.7));
#47 = DIRECTION('',(0.,-2.2E-16,1.));
#48 = DIRECTION('',(0.,-1.,-2.2E-16));
#49 = DEFINITIONAL_REPRESENTATION('',(#50),#54);
#50 = LINE('',#51,#52);
#51 = CARTESIAN_POINT('',(-0.5,-9.7));
#52 = VECTOR('',#53,1.);
#53 = DIRECTION('',(1.,0.));
#54 = ( GEOMETRIC_REPRESENTATION_CONTEXT(2) 
PARAMETRIC_REPRESENTATION_CONTEXT() REPRESENTATION_CONTEXT('2D SPACE',''
  ) );
#55 = ORIENTED_EDGE('',*,*,#56,.T.);
#56 = EDGE_CURVE('',#24,#57,#59,.T.);
#57 = VERTEX_POINT('',#58);
#58 = CARTESIAN_POINT('',(-11.7,-1.,116.7));
#59 = SURFACE_CURVE('',#60,(#65,#72),.PCURVE_S1.);
#60 = CIRCLE('',#61,2.);
#61 = AXIS2_PLACEMENT_3D('',#62,#63,#64);
#62 = CARTESIAN_POINT('',(-9.7,-1.,116.7));
#63 = DIRECTION('',(0.,-1.,-2.2E-16));
#64 = DIRECTION('',(1.,0.,0.));
#65 = PCURVE('',#32,#66);
#66 = DEFINITIONAL_REPRESENTATION('',(#67),#71);
#67 = LINE('',#68,#69);
#68 = CARTESIAN_POINT('',(-0.,-1.));
#69 = VECTOR('',#70,1.);
#70 = DIRECTION('',(-1.,0.));
#71 = ( GEOMETRIC_REPRESENTATION_CONTEXT(2) 
PARAMETRIC_REPRESENTATION_CONTEXT() REPRESENTATION_CONTEXT('2D SPACE',''
  ) );
#72 = PCURVE('',#73,#78);
#73 = PLANE('',#74);
#74 = AXIS2_PLACEMENT_3D('',#75,#76,#77);
#75 = CARTESIAN_POINT('',(-3.E-17,-1.,61.5));
#76 = DIRECTION('',(0.,-1.,2.2E-16));
#77 = DIRECTION('',(0.,2.2E-16,1.));
#78 = DEFINITIONAL_REPRESENTATION('',(#79),#83);
#79 = CIRCLE('',#80,2.);
#80 = AXIS2_PLACEMENT_2D('',#81,#82);
#81 = CARTESIAN_POINT('',(55.2,9.7));
#82 = DIRECTION('',(0.,-1.));
#83 = ( GEOMETRIC_REPRESENTATION_CONTEXT(2) 
PARAMETRIC_REPRESENTATION_CONTEXT() REPRESENTATION_CONTEXT('2D SPACE',''
  ) );
#84 = ORIENTED_EDGE('',*,*,#85,.F.);
#85 = EDGE_CURVE('',#86,#57,#88,.T.);
#86 = VERTEX_POINT('',#87);
#87 = CARTESIAN_POINT('',(-11.7,-0.333333333333,116.7));
#88 = SURFACE_CURVE('',#89,(#93,#100),.PCURVE_S1.);
#89 = LINE('',#90,#91);
#90 = CARTESIAN_POINT('',(-11.7,2.592E-14,116.7));
#91 = VECTOR('',#92,1.);
#92 = DIRECTION('',(0.,-1.,2.2E-16));
#93 = PCURVE('',#32,#94);
#94 = DEFINITIONAL_REPRESENTATION('',(#95),#99);
#95 = LINE('',#96,#97);
#96 = CARTESIAN_POINT('',(-3.14159265359,0.));
#97 = VECTOR('',#98,1.);
#98 = DIRECTION('',(-0.,-1.));
#99 = ( GEOMETRIC_REPRESENTATION_CONTEXT(2) 
PARAMETRIC_REPRESENTATION_CONTEXT() REPRESENTATION_CONTEXT('2D SPACE',''
  ) );
#100 = PCURVE('',#101,#106);
#101 = PLANE('',#102);
#102 = AXIS2_PLACEMENT_3D('',#103,#104,#105);
#103 = CARTESIAN_POINT('',(-11.7,-4.44,61.5));
#104 = DIRECTION('',(-1.,0.,0.));
#105 = DIRECTION('',(0.,1.,2.2E-16));
#106 = DEFINITIONAL_REPRESENTATION('',(#107),#111);
#107 = LINE('',#108,#109);
#108 = CARTESIAN_POINT('',(4.44,-55.2));
#109 = VECTOR('',#110,1.);
#110 = DIRECTION('',(-1.,-4.4E-16));
#111 = ( GEOMETRIC_REPRESENTATION_CONTEXT(2) 
PARAMETRIC_REPRESENTATION_CONTEXT() REPRESENTATION_CONTEXT('2D SPACE',''
  ) );
#112 = ORIENTED_EDGE('',*,*,#113,.T.);
#113 = EDGE_CURVE('',#86,#22,#114,.T.);
#114 = SURFACE_CURVE('',#115,(#120,#127),.PCURVE_S1.);
#115 = CIRCLE('',#116,2.);
#116 = AXIS2_PLACEMENT_3D('',#117,#118,#119);
#117 = CARTESIAN_POINT('',(-9.7,-0.333333333333,116.7));
#118 = DIRECTION('',(0.,1.,-7.E-17));
#119 = DIRECTION('',(-1.,3.5E-33,5.E-17));
#120 = PCURVE('',#32,#121);
#121 = DEFINITIONAL_REPRESENTATION('',(#122),#126);
#122 = LINE('',#123,#124);
#123 = CARTESIAN_POINT('',(-3.14159265359,-0.333333333333));
#124 = VECTOR('',#125,1.);
#125 = DIRECTION('',(1.,-0.));
#126 = ( GEOMETRIC_REPRESENTATION_CONTEXT(2) 
PARAMETRIC_REPRESENTATION_CONTEXT() REPRESENTATION_CONTEXT('2D SPACE',''
  ) );
#127 = PCURVE('',#128,#133);
#128 = TOROIDAL_SURFACE('',#129,1.666666666667,0.333333333333);
#129 = AXIS2_PLACEMENT_3D('',#130,#131,#132);
#130 = CARTESIAN_POINT('',(-9.7,-0.333333333333,116.7));
#131 = DIRECTION('',(0.,1.,-7.E-17));
#132 = DIRECTION('',(-1.,3.5E-33,5.E-17));
#133 = DEFINITIONAL_REPRESENTATION('',(#134),#138);
#134 = LINE('',#135,#136);
#135 = CARTESIAN_POINT('',(0.,0.));
#136 = VECTOR('',#137,1.);
#137 = DIRECTION('',(1.,0.));
#138 = ( GEOMETRIC_REPRESENTATION_CONTEXT(2) 
PARAMETRIC_REPRESENTATION_CONTEXT() REPRESENTATION_CONTEXT('2D SPACE',''
  ) );
#139 = ADVANCED_FACE('',(#140),#44,.T.);
#140 = FACE_BOUND('',#141,.T.);
#141 = EDGE_LOOP('',(#142,#143,#166,#194));
#142 = ORIENTED_EDGE('',*,*,#21,.T.);
#143 = ORIENTED_EDGE('',*,*,#144,.F.);
#144 = EDGE_CURVE('',#145,#24,#147,.T.);
#145 = VERTEX_POINT('',#146);
#146 = CARTESIAN_POINT('',(9.7,-1.,118.7));
#147 = SURFACE_CURVE('',#148,(#152,#159),.PCURVE_S1.);
#148 = LINE('',#149,#150);
#149 = CARTESIAN_POINT('',(0.,-1.,118.7));
#150 = VECTOR('',#151,1.);
#151 = DIRECTION('',(-1.,0.,0.));
#152 = PCURVE('',#44,#153);
#153 = DEFINITIONAL_REPRESENTATION('',(#154),#158);
#154 = LINE('',#155,#156);
#155 = CARTESIAN_POINT('',(0.5,0.));
#156 = VECTOR('',#157,1.);
#157 = DIRECTION('',(-0.,-1.));
#158 = ( GEOMETRIC_REPRESENTATION_CONTEXT(2) 
PARAMETRIC_REPRESENTATION_CONTEXT() REPRESENTATION_CONTEXT('2D SPACE',''
  ) );
#159 = PCURVE('',#73,#160);
#160 = DEFINITIONAL_REPRESENTATION('',(#161),#165);
#161 = LINE('',#162,#163);
#162 = CARTESIAN_POINT('',(57.2,-3.E-17));
#163 = VECTOR('',#164,1.);
#164 = DIRECTION('',(0.,1.));
#165 = ( GEOMETRIC_REPRESENTATION_CONTEXT(2) 
PARAMETRIC_REPRESENTATION_CONTEXT() REPRESENTATION_CONTEXT('2D SPACE',''
  ) );
#166 = ORIENTED_EDGE('',*,*,#167,.F.);
#167 = EDGE_CURVE('',#168,#145,#170,.T.);
#168 = VERTEX_POINT('',#169);
#169 = CARTESIAN_POINT('',(9.7,-0.333333333333,118.7));
#170 = SURFACE_CURVE('',#171,(#175,#182),.PCURVE_S1.);
#171 = LINE('',#172,#173);
#172 = CARTESIAN_POINT('',(9.7,2.635E-14,118.7));
#173 = VECTOR('',#174,1.);
#174 = DIRECTION('',(0.,-1.,2.2E-16));
#175 = PCURVE('',#44,#176);
#176 = DEFINITIONAL_REPRESENTATION('',(#177),#181);
#177 = LINE('',#178,#179);
#178 = CARTESIAN_POINT('',(-0.5,9.7));
#179 = VECTOR('',#180,1.);
#180 = DIRECTION('',(1.,0.));
#181 = ( GEOMETRIC_REPRESENTATION_CONTEXT(2) 
PARAMETRIC_REPRESENTATION_CONTEXT() REPRESENTATION_CONTEXT('2D SPACE',''
  ) );
#182 = PCURVE('',#183,#188);
#183 = CYLINDRICAL_SURFACE('',#184,2.);
#184 = AXIS2_PLACEMENT_3D('',#185,#186,#187);
#185 = CARTESIAN_POINT('',(9.7,2.592E-14,116.7));
#186 = DIRECTION('',(0.,1.,-2.2E-16));
#187 = DIRECTION('',(-1.,0.,0.));
#188 = DEFINITIONAL_REPRESENTATION('',(#189),#193);
#189 = LINE('',#190,#191);
#190 = CARTESIAN_POINT('',(1.570796326795,0.));
#191 = VECTOR('',#192,1.);
#192 = DIRECTION('',(0.,-1.));
#193 = ( GEOMETRIC_REPRESENTATION_CONTEXT(2) 
PARAMETRIC_REPRESENTATION_CONTEXT() REPRESENTATION_CONTEXT('2D SPACE',''
  ) );
#194 = ORIENTED_EDGE('',*,*,#195,.F.);
#195 = EDGE_CURVE('',#22,#168,#196,.T.);
#196 = SURFACE_CURVE('',#197,(#201,#208),.PCURVE_S1.);
#197 = LINE('',#198,#199);
#198 = CARTESIAN_POINT('',(-9.7,-0.333333333333,118.7));
#199 = VECTOR('',#200,1.);
#200 = DIRECTION('',(1.,0.,0.));
#201 = PCURVE('',#44,#202);
#202 = DEFINITIONAL_REPRESENTATION('',(#203),#207);
#203 = LINE('',#204,#205);
#204 = CARTESIAN_POINT('',(-0.166666666667,-9.7));
#205 = VECTOR('',#206,1.);
#206 = DIRECTION('',(0.,1.));
#207 = ( GEOMETRIC_REPRESENTATION_CONTEXT(2) 
PARAMETRIC_REPRESENTATION_CONTEXT() REPRESENTATION_CONTEXT('2D SPACE',''
  ) );
#208 = PCURVE('',#209,#214);
#209 = CYLINDRICAL_SURFACE('',#210,0.333333333333);
#210 = AXIS2_PLACEMENT_3D('',#211,#212,#213);
#211 = CARTESIAN_POINT('',(-9.7,-0.333333333333,118.36666666666));
#212 = DIRECTION('',(1.,0.,0.));
#213 = DIRECTION('',(0.,0.,1.));
#214 = DEFINITIONAL_REPRESENTATION('',(#215),#219);
#215 = LINE('',#216,#217);
#216 = CARTESIAN_POINT('',(-0.,0.));
#217 = VECTOR('',#218,1.);
#218 = DIRECTION('',(-0.,1.));
#219 = ( GEOMETRIC_REPRESENTATION_CONTEXT(2) 
PARAMETRIC_REPRESENTATION_CONTEXT() REPRESENTATION_CONTEXT('2D SPACE',''
  ) );
#220 = ADVANCED_FACE('',(#221),#128,.T.);
#221 = FACE_BOUND('',#222,.T.);
#222 = EDGE_LOOP('',(#223,#252,#253,#277));
#223 = ORIENTED_EDGE('',*,*,#224,.F.);
#224 = EDGE_CURVE('',#86,#225,#227,.T.);
#225 = VERTEX_POINT('',#226);
#226 = CARTESIAN_POINT('',(-11.36666666666,-2.6E-14,116.7));
#227 = SURFACE_CURVE('',#228,(#233,#240),.PCURVE_S1.);
#228 = CIRCLE('',#229,0.333333333333);
#229 = AXIS2_PLACEMENT_3D('',#230,#231,#232);
#230 = CARTESIAN_POINT('',(-11.36666666666,-0.333333333333,116.7));
#231 = DIRECTION('',(0.,0.,-1.));
#232 = DIRECTION('',(-1.,0.,0.));
#233 = PCURVE('',#128,#234);
#234 = DEFINITIONAL_REPRESENTATION('',(#235),#239);
#235 = LINE('',#236,#237);
#236 = CARTESIAN_POINT('',(0.,0.));
#237 = VECTOR('',#238,1.);
#238 = DIRECTION('',(0.,1.));
#239 = ( GEOMETRIC_REPRESENTATION_CONTEXT(2) 
PARAMETRIC_REPRESENTATION_CONTEXT() REPRESENTATION_CONTEXT('2D SPACE',''
  ) );
#240 = PCURVE('',#241,#246);
#241 = CYLINDRICAL_SURFACE('',#242,0.333333333333);
#242 = AXIS2_PLACEMENT_3D('',#243,#244,#245);
#243 = CARTESIAN_POINT('',(-11.36666666666,-0.333333333333,6.3));
#244 = DIRECTION('',(0.,0.,1.));
#245 = DIRECTION('',(-1.,0.,0.));
#246 = DEFINITIONAL_REPRESENTATION('',(#247),#251);
#247 = LINE('',#248,#249);
#248 = CARTESIAN_POINT('',(-0.,110.4));
#249 = VECTOR('',#250,1.);
#250 = DIRECTION('',(-1.,0.));
#251 = ( GEOMETRIC_REPRESENTATION_CONTEXT(2) 
PARAMETRIC_REPRESENTATION_CONTEXT() REPRESENTATION_CONTEXT('2D SPACE',''
  ) );
#252 = ORIENTED_EDGE('',*,*,#113,.T.);
#253 = ORIENTED_EDGE('',*,*,#254,.T.);
#254 = EDGE_CURVE('',#22,#255,#257,.T.);
#255 = VERTEX_POINT('',#256);
#256 = CARTESIAN_POINT('',(-9.7,-1.9E-14,118.36666666666));
#257 = SURFACE_CURVE('',#258,(#263,#270),.PCURVE_S1.);
#258 = CIRCLE('',#259,0.333333333333);
#259 = AXIS2_PLACEMENT_3D('',#260,#261,#262);
#260 = CARTESIAN_POINT('',(-9.7,-0.333333333333,118.36666666666));
#261 = DIRECTION('',(-1.,0.,0.));
#262 = DIRECTION('',(0.,0.,1.));
#263 = PCURVE('',#128,#264);
#264 = DEFINITIONAL_REPRESENTATION('',(#265),#269);
#265 = LINE('',#266,#267);
#266 = CARTESIAN_POINT('',(1.570796326795,0.));
#267 = VECTOR('',#268,1.);
#268 = DIRECTION('',(0.,1.));
#269 = ( GEOMETRIC_REPRESENTATION_CONTEXT(2) 
PARAMETRIC_REPRESENTATION_CONTEXT() REPRESENTATION_CONTEXT('2D SPACE',''
  ) );
#270 = PCURVE('',#209,#271);
#271 = DEFINITIONAL_REPRESENTATION('',(#272),#276);
#272 = LINE('',#273,#274);
#273 = CARTESIAN_POINT('',(-0.,0.));
#274 = VECTOR('',#275,1.);
#275 = DIRECTION('',(-1.,0.));
#276 = ( GEOMETRIC_REPRESENTATION_CONTEXT(2) 
PARAMETRIC_REPRESENTATION_CONTEXT() REPRESENTATION_CONTEXT('2D SPACE',''
  ) );
#277 = ORIENTED_EDGE('',*,*,#278,.F.);
#278 = EDGE_CURVE('',#225,#255,#279,.T.);
#279 = SURFACE_CURVE('',#280,(#285,#292),.PCURVE_S1.);
#280 = CIRCLE('',#281,1.666666666667);
#281 = AXIS2_PLACEMENT_3D('',#282,#283,#284);
#282 = CARTESIAN_POINT('',(-9.7,7.6E-15,116.7));
#283 = DIRECTION('',(0.,1.,-7.E-17));
#284 = DIRECTION('',(-1.,3.5E-33,5.E-17));
#285 = PCURVE('',#128,#286);
#286 = DEFINITIONAL_REPRESENTATION('',(#287),#291);
#287 = LINE('',#288,#289);
#288 = CARTESIAN_POINT('',(0.,1.570796326795));
#289 = VECTOR('',#290,1.);
#290 = DIRECTION('',(1.,0.));
#291 = ( GEOMETRIC_REPRESENTATION_CONTEXT(2) 
PARAMETRIC_REPRESENTATION_CONTEXT() REPRESENTATION_CONTEXT('2D SPACE',''
  ) );
#292 = PCURVE('',#293,#298);
#293 = PLANE('',#294);
#294 = AXIS2_PLACEMENT_3D('',#295,#296,#297);
#295 = CARTESIAN_POINT('',(0.,3.9E-15,61.5));
#296 = DIRECTION('',(0.,1.,-7.E-17));
#297 = DIRECTION('',(0.,-7.E-17,-1.));
#298 = DEFINITIONAL_REPRESENTATION('',(#299),#303);
#299 = CIRCLE('',#300,1.666666666667);
#300 = AXIS2_PLACEMENT_2D('',#301,#302);
#301 = CARTESIAN_POINT('',(-55.2,9.7));
#302 = DIRECTION('',(-5.E-17,1.));
#303 = ( GEOMETRIC_REPRESENTATION_CONTEXT(2) 
PARAMETRIC_REPRESENTATION_CONTEXT() REPRESENTATION_CONTEXT('2D SPACE',''
  ) );
#304 = ADVANCED_FACE('',(#305),#73,.T.);
#305 = FACE_BOUND('',#306,.T.);
#306 = EDGE_LOOP('',(#307,#337,#365,#391,#392,#393,#421,#449,#478,#506)
  );
#307 = ORIENTED_EDGE('',*,*,#308,.F.);
#308 = EDGE_CURVE('',#309,#311,#313,.T.);
#309 = VERTEX_POINT('',#310);
#310 = CARTESIAN_POINT('',(5.170287308294,-1.,116.7));
#311 = VERTEX_POINT('',#312);
#312 = CARTESIAN_POINT('',(5.170287308294,-1.,73.856911572977));
#313 = SURFACE_CURVE('',#314,(#318,#325),.PCURVE_S1.);
#314 = LINE('',#315,#316);
#315 = CARTESIAN_POINT('',(5.170287308294,-1.,116.7));
#316 = VECTOR('',#317,1.);
#317 = DIRECTION('',(0.,0.,-1.));
#318 = PCURVE('',#73,#319);
#319 = DEFINITIONAL_REPRESENTATION('',(#320),#324);
#320 = LINE('',#321,#322);
#321 = CARTESIAN_POINT('',(55.2,-5.170287308294));
#322 = VECTOR('',#323,1.);
#323 = DIRECTION('',(-1.,-0.));
#324 = ( GEOMETRIC_REPRESENTATION_CONTEXT(2) 
PARAMETRIC_REPRESENTATION_CONTEXT() REPRESENTATION_CONTEXT('2D SPACE',''
  ) );
#325 = PCURVE('',#326,#331);
#326 = CYLINDRICAL_SURFACE('',#327,4.);
#327 = AXIS2_PLACEMENT_3D('',#328,#329,#330);
#328 = CARTESIAN_POINT('',(5.170287308294,-5.,116.7));
#329 = DIRECTION('',(0.,0.,-1.));
#330 = DIRECTION('',(1.,0.,0.));
#331 = DEFINITIONAL_REPRESENTATION('',(#332),#336);
#332 = LINE('',#333,#334);
#333 = CARTESIAN_POINT('',(4.712388980385,0.));
#334 = VECTOR('',#335,1.);
#335 = DIRECTION('',(0.,1.));
#336 = ( GEOMETRIC_REPRESENTATION_CONTEXT(2) 
PARAMETRIC_REPRESENTATION_CONTEXT() REPRESENTATION_CONTEXT('2D SPACE',''
  ) );
#337 = ORIENTED_EDGE('',*,*,#338,.T.);
#338 = EDGE_CURVE('',#309,#339,#341,.T.);
#339 = VERTEX_POINT('',#340);
#340 = CARTESIAN_POINT('',(11.7,-1.,116.7));
#341 = SURFACE_CURVE('',#342,(#346,#353),.PCURVE_S1.);
#342 = LINE('',#343,#344);
#343 = CARTESIAN_POINT('',(4.890088190042,-1.,116.7));
#344 = VECTOR('',#345,1.);
#345 = DIRECTION('',(1.,0.,0.));
#346 = PCURVE('',#73,#347);
#347 = DEFINITIONAL_REPRESENTATION('',(#348),#352);
#348 = LINE('',#349,#350);
#349 = CARTESIAN_POINT('',(55.2,-4.890088190042));
#350 = VECTOR('',#351,1.);
#351 = DIRECTION('',(0.,-1.));
#352 = ( GEOMETRIC_REPRESENTATION_CONTEXT(2) 
PARAMETRIC_REPRESENTATION_CONTEXT() REPRESENTATION_CONTEXT('2D SPACE',''
  ) );
#353 = PCURVE('',#354,#359);
#354 = PLANE('',#355);
#355 = AXIS2_PLACEMENT_3D('',#356,#357,#358);
#356 = CARTESIAN_POINT('',(9.780176380084,-4.679908410325,116.7));
#357 = DIRECTION('',(0.,-3.9E-16,-1.));
#358 = DIRECTION('',(0.,1.,-3.9E-16));
#359 = DEFINITIONAL_REPRESENTATION('',(#360),#364);
#360 = LINE('',#361,#362);
#361 = CARTESIAN_POINT('',(3.679908410325,-4.890088190042));
#362 = VECTOR('',#363,1.);
#363 = DIRECTION('',(0.,1.));
#364 = ( GEOMETRIC_REPRESENTATION_CONTEXT(2) 
PARAMETRIC_REPRESENTATION_CONTEXT() REPRESENTATION_CONTEXT('2D SPACE',''
  ) );
#365 = ORIENTED_EDGE('',*,*,#366,.F.);
#366 = EDGE_CURVE('',#145,#339,#367,.T.);
#367 = SURFACE_CURVE('',#368,(#373,#384),.PCURVE_S1.);
#368 = CIRCLE('',#369,2.);
#369 = AXIS2_PLACEMENT_3D('',#370,#371,#372);
#370 = CARTESIAN_POINT('',(9.7,-1.,116.7));
#371 = DIRECTION('',(0.,1.,2.2E-16));
#372 = DIRECTION('',(-1.,0.,0.));
#373 = PCURVE('',#73,#374);
#374 = DEFINITIONAL_REPRESENTATION('',(#375),#383);
#375 = ( BOUNDED_CURVE() B_SPLINE_CURVE(2,(#376,#377,#378,#379,#380,#381
,#382),.UNSPECIFIED.,.T.,.F.) B_SPLINE_CURVE_WITH_KNOTS((1,2,2,2,2,1),(
    -2.094395102393,0.,2.094395102393,4.188790204786,6.28318530718,
8.377580409573),.UNSPECIFIED.) CURVE() GEOMETRIC_REPRESENTATION_ITEM() 
RATIONAL_B_SPLINE_CURVE((1.,0.5,1.,0.5,1.,0.5,1.)) REPRESENTATION_ITEM(
  '') );
#376 = CARTESIAN_POINT('',(55.2,-7.7));
#377 = CARTESIAN_POINT('',(58.664101615138,-7.7));
#378 = CARTESIAN_POINT('',(56.932050807569,-10.7));
#379 = CARTESIAN_POINT('',(55.2,-13.7));
#380 = CARTESIAN_POINT('',(53.467949192431,-10.7));
#381 = CARTESIAN_POINT('',(51.735898384862,-7.7));
#382 = CARTESIAN_POINT('',(55.2,-7.7));
#383 = ( GEOMETRIC_REPRESENTATION_CONTEXT(2) 
PARAMETRIC_REPRESENTATION_CONTEXT() REPRESENTATION_CONTEXT('2D SPACE',''
  ) );
#384 = PCURVE('',#183,#385);
#385 = DEFINITIONAL_REPRESENTATION('',(#386),#390);
#386 = LINE('',#387,#388);
#387 = CARTESIAN_POINT('',(0.,-1.));
#388 = VECTOR('',#389,1.);
#389 = DIRECTION('',(1.,0.));
#390 = ( GEOMETRIC_REPRESENTATION_CONTEXT(2) 
PARAMETRIC_REPRESENTATION_CONTEXT() REPRESENTATION_CONTEXT('2D SPACE',''
  ) );
#391 = ORIENTED_EDGE('',*,*,#144,.T.);
#392 = ORIENTED_EDGE('',*,*,#56,.T.);
#393 = ORIENTED_EDGE('',*,*,#394,.F.);
#394 = EDGE_CURVE('',#395,#57,#397,.T.);
#395 = VERTEX_POINT('',#396);
#396 = CARTESIAN_POINT('',(-5.170287308294,-1.,116.7));
#397 = SURFACE_CURVE('',#398,(#402,#409),.PCURVE_S1.);
#398 = LINE('',#399,#400);
#399 = CARTESIAN_POINT('',(-4.890088190042,-1.,116.7));
#400 = VECTOR('',#401,1.);
#401 = DIRECTION('',(-1.,0.,0.));
#402 = PCURVE('',#73,#403);
#403 = DEFINITIONAL_REPRESENTATION('',(#404),#408);
#404 = LINE('',#405,#406);
#405 = CARTESIAN_POINT('',(55.2,4.890088190042));
#406 = VECTOR('',#407,1.);
#407 = DIRECTION('',(0.,1.));
#408 = ( GEOMETRIC_REPRESENTATION_CONTEXT(2) 
PARAMETRIC_REPRESENTATION_CONTEXT() REPRESENTATION_CONTEXT('2D SPACE',''
  ) );
#409 = PCURVE('',#410,#415);
#410 = PLANE('',#411);
#411 = AXIS2_PLACEMENT_3D('',#412,#413,#414);
#412 = CARTESIAN_POINT('',(-9.780176380084,-4.679908410325,116.7));
#413 = DIRECTION('',(0.,-3.9E-16,-1.));
#414 = DIRECTION('',(0.,-1.,3.9E-16));
#415 = DEFINITIONAL_REPRESENTATION('',(#416),#420);
#416 = LINE('',#417,#418);
#417 = CARTESIAN_POINT('',(-3.679908410325,-4.890088190042));
#418 = VECTOR('',#419,1.);
#419 = DIRECTION('',(-0.,1.));
#420 = ( GEOMETRIC_REPRESENTATION_CONTEXT(2) 
PARAMETRIC_REPRESENTATION_CONTEXT() REPRESENTATION_CONTEXT('2D SPACE',''
  ) );
#421 = ORIENTED_EDGE('',*,*,#422,.T.);
#422 = EDGE_CURVE('',#395,#423,#425,.T.);
#423 = VERTEX_POINT('',#424);
#424 = CARTESIAN_POINT('',(-5.170287308294,-1.,73.856911572977));
#425 = SURFACE_CURVE('',#426,(#430,#437),.PCURVE_S1.);
#426 = LINE('',#427,#428);
#427 = CARTESIAN_POINT('',(-5.170287308294,-1.,116.7));
#428 = VECTOR('',#429,1.);
#429 = DIRECTION('',(0.,0.,-1.));
#430 = PCURVE('',#73,#431);
#431 = DEFINITIONAL_REPRESENTATION('',(#432),#436);
#432 = LINE('',#433,#434);
#433 = CARTESIAN_POINT('',(55.2,5.170287308294));
#434 = VECTOR('',#435,1.);
#435 = DIRECTION('',(-1.,-0.));
#436 = ( GEOMETRIC_REPRESENTATION_CONTEXT(2) 
PARAMETRIC_REPRESENTATION_CONTEXT() REPRESENTATION_CONTEXT('2D SPACE',''
  ) );
#437 = PCURVE('',#438,#443);
#438 = CYLINDRICAL_SURFACE('',#439,4.);
#439 = AXIS2_PLACEMENT_3D('',#440,#441,#442);
#440 = CARTESIAN_POINT('',(-5.170287308294,-5.,116.7));
#441 = DIRECTION('',(0.,0.,-1.));
#442 = DIRECTION('',(-1.,0.,0.));
#443 = DEFINITIONAL_REPRESENTATION('',(#444),#448);
#444 = LINE('',#445,#446);
#445 = CARTESIAN_POINT('',(-4.712388980385,0.));
#446 = VECTOR('',#447,1.);
#447 = DIRECTION('',(-0.,1.));
#448 = ( GEOMETRIC_REPRESENTATION_CONTEXT(2) 
PARAMETRIC_REPRESENTATION_CONTEXT() REPRESENTATION_CONTEXT('2D SPACE',''
  ) );
#449 = ORIENTED_EDGE('',*,*,#450,.F.);
#450 = EDGE_CURVE('',#451,#423,#453,.T.);
#451 = VERTEX_POINT('',#452);
#452 = CARTESIAN_POINT('',(-3.,-1.,75.333333333333));
#453 = SURFACE_CURVE('',#454,(#459,#466),.PCURVE_S1.);
#454 = CIRCLE('',#455,2.333333333333);
#455 = AXIS2_PLACEMENT_3D('',#456,#457,#458);
#456 = CARTESIAN_POINT('',(-3.,-1.,73.));
#457 = DIRECTION('',(0.,-1.,4.4E-16));
#458 = DIRECTION('',(6.7E-16,4.4E-16,1.));
#459 = PCURVE('',#73,#460);
#460 = DEFINITIONAL_REPRESENTATION('',(#461),#465);
#461 = CIRCLE('',#462,2.333333333333);
#462 = AXIS2_PLACEMENT_2D('',#463,#464);
#463 = CARTESIAN_POINT('',(11.5,3.));
#464 = DIRECTION('',(1.,-6.7E-16));
#465 = ( GEOMETRIC_REPRESENTATION_CONTEXT(2) 
PARAMETRIC_REPRESENTATION_CONTEXT() REPRESENTATION_CONTEXT('2D SPACE',''
  ) );
#466 = PCURVE('',#467,#472);
#467 = TOROIDAL_SURFACE('',#468,2.333333333333,0.333333333333);
#468 = AXIS2_PLACEMENT_3D('',#469,#470,#471);
#469 = CARTESIAN_POINT('',(-3.,-0.666666666667,73.));
#470 = DIRECTION('',(0.,-1.,4.4E-16));
#471 = DIRECTION('',(6.7E-16,4.4E-16,1.));
#472 = DEFINITIONAL_REPRESENTATION('',(#473),#477);
#473 = LINE('',#474,#475);
#474 = CARTESIAN_POINT('',(0.,1.570796326795));
#475 = VECTOR('',#476,1.);
#476 = DIRECTION('',(1.,0.));
#477 = ( GEOMETRIC_REPRESENTATION_CONTEXT(2) 
PARAMETRIC_REPRESENTATION_CONTEXT() REPRESENTATION_CONTEXT('2D SPACE',''
  ) );
#478 = ORIENTED_EDGE('',*,*,#479,.F.);
#479 = EDGE_CURVE('',#480,#451,#482,.T.);
#480 = VERTEX_POINT('',#481);
#481 = CARTESIAN_POINT('',(3.,-1.,75.333333333333));
#482 = SURFACE_CURVE('',#483,(#487,#494),.PCURVE_S1.);
#483 = LINE('',#484,#485);
#484 = CARTESIAN_POINT('',(3.,-1.,75.333333333333));
#485 = VECTOR('',#486,1.);
#486 = DIRECTION('',(-1.,0.,0.));
#487 = PCURVE('',#73,#488);
#488 = DEFINITIONAL_REPRESENTATION('',(#489),#493);
#489 = LINE('',#490,#491);
#490 = CARTESIAN_POINT('',(13.833333333333,-3.));
#491 = VECTOR('',#492,1.);
#492 = DIRECTION('',(0.,1.));
#493 = ( GEOMETRIC_REPRESENTATION_CONTEXT(2) 
PARAMETRIC_REPRESENTATION_CONTEXT() REPRESENTATION_CONTEXT('2D SPACE',''
  ) );
#494 = PCURVE('',#495,#500);
#495 = CYLINDRICAL_SURFACE('',#496,0.333333333333);
#496 = AXIS2_PLACEMENT_3D('',#497,#498,#499);
#497 = CARTESIAN_POINT('',(3.,-0.666666666667,75.333333333333));
#498 = DIRECTION('',(-1.,0.,0.));
#499 = DIRECTION('',(0.,-1.,4.4E-16));
#500 = DEFINITIONAL_REPRESENTATION('',(#501),#505);
#501 = LINE('',#502,#503);
#502 = CARTESIAN_POINT('',(-0.,0.));
#503 = VECTOR('',#504,1.);
#504 = DIRECTION('',(-0.,1.));
#505 = ( GEOMETRIC_REPRESENTATION_CONTEXT(2) 
PARAMETRIC_REPRESENTATION_CONTEXT() REPRESENTATION_CONTEXT('2D SPACE',''
  ) );
#506 = ORIENTED_EDGE('',*,*,#507,.F.);
#507 = EDGE_CURVE('',#311,#480,#508,.T.);
#508 = SURFACE_CURVE('',#509,(#514,#521),.PCURVE_S1.);
#509 = CIRCLE('',#510,2.333333333333);
#510 = AXIS2_PLACEMENT_3D('',#511,#512,#513);
#511 = CARTESIAN_POINT('',(3.,-1.,73.));
#512 = DIRECTION('',(0.,-1.,4.4E-16));
#513 = DIRECTION('',(1.,3.08E-30,7.E-15));
#514 = PCURVE('',#73,#515);
#515 = DEFINITIONAL_REPRESENTATION('',(#516),#520);
#516 = CIRCLE('',#517,2.333333333333);
#517 = AXIS2_PLACEMENT_2D('',#518,#519);
#518 = CARTESIAN_POINT('',(11.5,-3.));
#519 = DIRECTION('',(7.E-15,-1.));
#520 = ( GEOMETRIC_REPRESENTATION_CONTEXT(2) 
PARAMETRIC_REPRESENTATION_CONTEXT() REPRESENTATION_CONTEXT('2D SPACE',''
  ) );
#521 = PCURVE('',#522,#527);
#522 = TOROIDAL_SURFACE('',#523,2.333333333333,0.333333333333);
#523 = AXIS2_PLACEMENT_3D('',#524,#525,#526);
#524 = CARTESIAN_POINT('',(3.,-0.666666666667,73.));
#525 = DIRECTION('',(0.,-1.,4.4E-16));
#526 = DIRECTION('',(1.,3.08E-30,7.E-15));
#527 = DEFINITIONAL_REPRESENTATION('',(#528),#532);
#528 = LINE('',#529,#530);
#529 = CARTESIAN_POINT('',(0.,1.570796326795));
#530 = VECTOR('',#531,1.);
#531 = DIRECTION('',(1.,0.));
#532 = ( GEOMETRIC_REPRESENTATION_CONTEXT(2) 
PARAMETRIC_REPRESENTATION_CONTEXT() REPRESENTATION_CONTEXT('2D SPACE',''
  ) );
#533 = ADVANCED_FACE('',(#534),#101,.T.);
#534 = FACE_BOUND('',#535,.T.);
#535 = EDGE_LOOP('',(#536,#537,#560,#588,#616,#644,#672,#705,#733,#761)
  );
#536 = ORIENTED_EDGE('',*,*,#85,.F.);
#537 = ORIENTED_EDGE('',*,*,#538,.F.);
#538 = EDGE_CURVE('',#539,#86,#541,.T.);
#539 = VERTEX_POINT('',#540);
#540 = CARTESIAN_POINT('',(-11.7,-0.333333333333,6.3));
#541 = SURFACE_CURVE('',#542,(#546,#553),.PCURVE_S1.);
#542 = LINE('',#543,#544);
#543 = CARTESIAN_POINT('',(-11.7,-0.333333333333,6.3));
#544 = VECTOR('',#545,1.);
#545 = DIRECTION('',(0.,0.,1.));
#546 = PCURVE('',#101,#547);
#547 = DEFINITIONAL_REPRESENTATION('',(#548),#552);
#548 = LINE('',#549,#550);
#549 = CARTESIAN_POINT('',(4.106666666667,55.2));
#550 = VECTOR('',#551,1.);
#551 = DIRECTION('',(2.2E-16,-1.));
#552 = ( GEOMETRIC_REPRESENTATION_CONTEXT(2) 
PARAMETRIC_REPRESENTATION_CONTEXT() REPRESENTATION_CONTEXT('2D SPACE',''
  ) );
#553 = PCURVE('',#241,#554);
#554 = DEFINITIONAL_REPRESENTATION('',(#555),#559);
#555 = LINE('',#556,#557);
#556 = CARTESIAN_POINT('',(-0.,0.));
#557 = VECTOR('',#558,1.);
#558 = DIRECTION('',(-0.,1.));
#559 = ( GEOMETRIC_REPRESENTATION_CONTEXT(2) 
PARAMETRIC_REPRESENTATION_CONTEXT() REPRESENTATION_CONTEXT('2D SPACE',''
  ) );
#560 = ORIENTED_EDGE('',*,*,#561,.T.);
#561 = EDGE_CURVE('',#539,#562,#564,.T.);
#562 = VERTEX_POINT('',#563);
#563 = CARTESIAN_POINT('',(-11.7,-1.,6.3));
#564 = SURFACE_CURVE('',#565,(#569,#576),.PCURVE_S1.);
#565 = LINE('',#566,#567);
#566 = CARTESIAN_POINT('',(-11.7,1.4E-15,6.3));
#567 = VECTOR('',#568,1.);
#568 = DIRECTION('',(0.,-1.,2.2E-16));
#569 = PCURVE('',#101,#570);
#570 = DEFINITIONAL_REPRESENTATION('',(#571),#575);
#571 = LINE('',#572,#573);
#572 = CARTESIAN_POINT('',(4.44,55.2));
#573 = VECTOR('',#574,1.);
#574 = DIRECTION('',(-1.,-4.4E-16));
#575 = ( GEOMETRIC_REPRESENTATION_CONTEXT(2) 
PARAMETRIC_REPRESENTATION_CONTEXT() REPRESENTATION_CONTEXT('2D SPACE',''
  ) );
#576 = PCURVE('',#577,#582);
#577 = CYLINDRICAL_SURFACE('',#578,2.);
#578 = AXIS2_PLACEMENT_3D('',#579,#580,#581);
#579 = CARTESIAN_POINT('',(-9.7,1.4E-15,6.3));
#580 = DIRECTION('',(0.,1.,-2.2E-16));
#581 = DIRECTION('',(1.,0.,0.));
#582 = DEFINITIONAL_REPRESENTATION('',(#583),#587);
#583 = LINE('',#584,#585);
#584 = CARTESIAN_POINT('',(-3.14159265359,0.));
#585 = VECTOR('',#586,1.);
#586 = DIRECTION('',(-0.,-1.));
#587 = ( GEOMETRIC_REPRESENTATION_CONTEXT(2) 
PARAMETRIC_REPRESENTATION_CONTEXT() REPRESENTATION_CONTEXT('2D SPACE',''
  ) );
#588 = ORIENTED_EDGE('',*,*,#589,.F.);
#589 = EDGE_CURVE('',#590,#562,#592,.T.);
#590 = VERTEX_POINT('',#591);
#591 = CARTESIAN_POINT('',(-11.7,-8.88,6.3));
#592 = SURFACE_CURVE('',#593,(#597,#604),.PCURVE_S1.);
#593 = LINE('',#594,#595);
#594 = CARTESIAN_POINT('',(-11.7,-8.88,6.3));
#595 = VECTOR('',#596,1.);
#596 = DIRECTION('',(0.,1.,0.));
#597 = PCURVE('',#101,#598);
#598 = DEFINITIONAL_REPRESENTATION('',(#599),#603);
#599 = LINE('',#600,#601);
#600 = CARTESIAN_POINT('',(-4.44,55.2));
#601 = VECTOR('',#602,1.);
#602 = DIRECTION('',(1.,2.2E-16));
#603 = ( GEOMETRIC_REPRESENTATION_CONTEXT(2) 
PARAMETRIC_REPRESENTATION_CONTEXT() REPRESENTATION_CONTEXT('2D SPACE',''
  ) );
#604 = PCURVE('',#605,#610);
#605 = PLANE('',#606);
#606 = AXIS2_PLACEMENT_3D('',#607,#608,#609);
#607 = CARTESIAN_POINT('',(-9.780176380084,-4.679908410325,6.3));
#608 = DIRECTION('',(0.,2.2E-16,-1.));
#609 = DIRECTION('',(-0.,-1.,-2.2E-16));
#610 = DEFINITIONAL_REPRESENTATION('',(#611),#615);
#611 = LINE('',#612,#613);
#612 = CARTESIAN_POINT('',(4.200091589675,1.919823619916));
#613 = VECTOR('',#614,1.);
#614 = DIRECTION('',(-1.,0.));
#615 = ( GEOMETRIC_REPRESENTATION_CONTEXT(2) 
PARAMETRIC_REPRESENTATION_CONTEXT() REPRESENTATION_CONTEXT('2D SPACE',''
  ) );
#616 = ORIENTED_EDGE('',*,*,#617,.F.);
#617 = EDGE_CURVE('',#618,#590,#620,.T.);
#618 = VERTEX_POINT('',#619);
#619 = CARTESIAN_POINT('',(-11.7,-8.88,57.7776));
#620 = SURFACE_CURVE('',#621,(#625,#632),.PCURVE_S1.);
#621 = LINE('',#622,#623);
#622 = CARTESIAN_POINT('',(-11.7,-8.88,116.7));
#623 = VECTOR('',#624,1.);
#624 = DIRECTION('',(0.,0.,-1.));
#625 = PCURVE('',#101,#626);
#626 = DEFINITIONAL_REPRESENTATION('',(#627),#631);
#627 = LINE('',#628,#629);
#628 = CARTESIAN_POINT('',(-4.44,-55.2));
#629 = VECTOR('',#630,1.);
#630 = DIRECTION('',(-2.2E-16,1.));
#631 = ( GEOMETRIC_REPRESENTATION_CONTEXT(2) 
PARAMETRIC_REPRESENTATION_CONTEXT() REPRESENTATION_CONTEXT('2D SPACE',''
  ) );
#632 = PCURVE('',#633,#638);
#633 = PLANE('',#634);
#634 = AXIS2_PLACEMENT_3D('',#635,#636,#637);
#635 = CARTESIAN_POINT('',(-11.7,-8.88,116.7));
#636 = DIRECTION('',(-0.554700196225,0.832050294338,0.));
#637 = DIRECTION('',(0.832050294338,0.554700196225,0.));
#638 = DEFINITIONAL_REPRESENTATION('',(#639),#643);
#639 = LINE('',#640,#641);
#640 = CARTESIAN_POINT('',(-0.,-0.));
#641 = VECTOR('',#642,1.);
#642 = DIRECTION('',(0.,1.));
#643 = ( GEOMETRIC_REPRESENTATION_CONTEXT(2) 
PARAMETRIC_REPRESENTATION_CONTEXT() REPRESENTATION_CONTEXT('2D SPACE',''
  ) );
#644 = ORIENTED_EDGE('',*,*,#645,.F.);
#645 = EDGE_CURVE('',#646,#618,#648,.T.);
#646 = VERTEX_POINT('',#647);
#647 = CARTESIAN_POINT('',(-11.7,-5.59,57.7776));
#648 = SURFACE_CURVE('',#649,(#653,#660),.PCURVE_S1.);
#649 = LINE('',#650,#651);
#650 = CARTESIAN_POINT('',(-11.7,-9.1786955,57.7776));
#651 = VECTOR('',#652,1.);
#652 = DIRECTION('',(0.,-1.,0.));
#653 = PCURVE('',#101,#654);
#654 = DEFINITIONAL_REPRESENTATION('',(#655),#659);
#655 = LINE('',#656,#657);
#656 = CARTESIAN_POINT('',(-4.7386955,3.7224));
#657 = VECTOR('',#658,1.);
#658 = DIRECTION('',(-1.,-2.2E-16));
#659 = ( GEOMETRIC_REPRESENTATION_CONTEXT(2) 
PARAMETRIC_REPRESENTATION_CONTEXT() REPRESENTATION_CONTEXT('2D SPACE',''
  ) );
#660 = PCURVE('',#661,#666);
#661 = PLANE('',#662);
#662 = AXIS2_PLACEMENT_3D('',#663,#664,#665);
#663 = CARTESIAN_POINT('',(119.73305156435,-13.917391,57.7776));
#664 = DIRECTION('',(0.,0.,-1.));
#665 = DIRECTION('',(0.,1.,0.));
#666 = DEFINITIONAL_REPRESENTATION('',(#667),#671);
#667 = LINE('',#668,#669);
#668 = CARTESIAN_POINT('',(4.7386955,-131.4330515643));
#669 = VECTOR('',#670,1.);
#670 = DIRECTION('',(-1.,0.));
#671 = ( GEOMETRIC_REPRESENTATION_CONTEXT(2) 
PARAMETRIC_REPRESENTATION_CONTEXT() REPRESENTATION_CONTEXT('2D SPACE',''
  ) );
#672 = ORIENTED_EDGE('',*,*,#673,.T.);
#673 = EDGE_CURVE('',#646,#674,#676,.T.);
#674 = VERTEX_POINT('',#675);
#675 = CARTESIAN_POINT('',(-11.7,-5.59,60.9576));
#676 = SURFACE_CURVE('',#677,(#682,#693),.PCURVE_S1.);
#677 = CIRCLE('',#678,1.59);
#678 = AXIS2_PLACEMENT_3D('',#679,#680,#681);
#679 = CARTESIAN_POINT('',(-11.7,-5.59,59.3676));
#680 = DIRECTION('',(1.,0.,0.));
#681 = DIRECTION('',(-0.,1.,0.));
#682 = PCURVE('',#101,#683);
#683 = DEFINITIONAL_REPRESENTATION('',(#684),#692);
#684 = ( BOUNDED_CURVE() B_SPLINE_CURVE(2,(#685,#686,#687,#688,#689,#690
,#691),.UNSPECIFIED.,.T.,.F.) B_SPLINE_CURVE_WITH_KNOTS((1,2,2,2,2,1),(
    -2.094395102393,0.,2.094395102393,4.188790204786,6.28318530718,
8.377580409573),.UNSPECIFIED.) CURVE() GEOMETRIC_REPRESENTATION_ITEM() 
RATIONAL_B_SPLINE_CURVE((1.,0.5,1.,0.5,1.,0.5,1.)) REPRESENTATION_ITEM(
  '') );
#685 = CARTESIAN_POINT('',(0.44,2.1324));
#686 = CARTESIAN_POINT('',(0.44,-0.621560784034));
#687 = CARTESIAN_POINT('',(-1.945,0.755419607983));
#688 = CARTESIAN_POINT('',(-4.33,2.1324));
#689 = CARTESIAN_POINT('',(-1.945,3.509380392017));
#690 = CARTESIAN_POINT('',(0.44,4.886360784035));
#691 = CARTESIAN_POINT('',(0.44,2.1324));
#692 = ( GEOMETRIC_REPRESENTATION_CONTEXT(2) 
PARAMETRIC_REPRESENTATION_CONTEXT() REPRESENTATION_CONTEXT('2D SPACE',''
  ) );
#693 = PCURVE('',#694,#699);
#694 = CYLINDRICAL_SURFACE('',#695,1.59);
#695 = AXIS2_PLACEMENT_3D('',#696,#697,#698);
#696 = CARTESIAN_POINT('',(119.73305156435,-5.59,59.3676));
#697 = DIRECTION('',(1.,0.,0.));
#698 = DIRECTION('',(-0.,1.,0.));
#699 = DEFINITIONAL_REPRESENTATION('',(#700),#704);
#700 = LINE('',#701,#702);
#701 = CARTESIAN_POINT('',(0.,-131.4330515643));
#702 = VECTOR('',#703,1.);
#703 = DIRECTION('',(1.,0.));
#704 = ( GEOMETRIC_REPRESENTATION_CONTEXT(2) 
PARAMETRIC_REPRESENTATION_CONTEXT() REPRESENTATION_CONTEXT('2D SPACE',''
  ) );
#705 = ORIENTED_EDGE('',*,*,#706,.F.);
#706 = EDGE_CURVE('',#707,#674,#709,.T.);
#707 = VERTEX_POINT('',#708);
#708 = CARTESIAN_POINT('',(-11.7,-8.88,60.9576));
#709 = SURFACE_CURVE('',#710,(#714,#721),.PCURVE_S1.);
#710 = LINE('',#711,#712);
#711 = CARTESIAN_POINT('',(-11.7,-5.015,60.9576));
#712 = VECTOR('',#713,1.);
#713 = DIRECTION('',(0.,1.,0.));
#714 = PCURVE('',#101,#715);
#715 = DEFINITIONAL_REPRESENTATION('',(#716),#720);
#716 = LINE('',#717,#718);
#717 = CARTESIAN_POINT('',(-0.575,0.5424));
#718 = VECTOR('',#719,1.);
#719 = DIRECTION('',(1.,2.2E-16));
#720 = ( GEOMETRIC_REPRESENTATION_CONTEXT(2) 
PARAMETRIC_REPRESENTATION_CONTEXT() REPRESENTATION_CONTEXT('2D SPACE',''
  ) );
#721 = PCURVE('',#722,#727);
#722 = PLANE('',#723);
#723 = AXIS2_PLACEMENT_3D('',#724,#725,#726);
#724 = CARTESIAN_POINT('',(119.73305156435,-5.59,60.9576));
#725 = DIRECTION('',(0.,0.,1.));
#726 = DIRECTION('',(0.,-1.,0.));
#727 = DEFINITIONAL_REPRESENTATION('',(#728),#732);
#728 = LINE('',#729,#730);
#729 = CARTESIAN_POINT('',(-0.575,-131.4330515643));
#730 = VECTOR('',#731,1.);
#731 = DIRECTION('',(-1.,0.));
#732 = ( GEOMETRIC_REPRESENTATION_CONTEXT(2) 
PARAMETRIC_REPRESENTATION_CONTEXT() REPRESENTATION_CONTEXT('2D SPACE',''
  ) );
#733 = ORIENTED_EDGE('',*,*,#734,.F.);
#734 = EDGE_CURVE('',#735,#707,#737,.T.);
#735 = VERTEX_POINT('',#736);
#736 = CARTESIAN_POINT('',(-11.7,-8.88,116.7));
#737 = SURFACE_CURVE('',#738,(#742,#749),.PCURVE_S1.);
#738 = LINE('',#739,#740);
#739 = CARTESIAN_POINT('',(-11.7,-8.88,116.7));
#740 = VECTOR('',#741,1.);
#741 = DIRECTION('',(0.,0.,-1.));
#742 = PCURVE('',#101,#743);
#743 = DEFINITIONAL_REPRESENTATION('',(#744),#748);
#744 = LINE('',#745,#746);
#745 = CARTESIAN_POINT('',(-4.44,-55.2));
#746 = VECTOR('',#747,1.);
#747 = DIRECTION('',(-2.2E-16,1.));
#748 = ( GEOMETRIC_REPRESENTATION_CONTEXT(2) 
PARAMETRIC_REPRESENTATION_CONTEXT() REPRESENTATION_CONTEXT('2D SPACE',''
  ) );
#749 = PCURVE('',#750,#755);
#750 = PLANE('',#751);
#751 = AXIS2_PLACEMENT_3D('',#752,#753,#754);
#752 = CARTESIAN_POINT('',(-11.7,-8.88,116.7));
#753 = DIRECTION('',(-0.554700196225,0.832050294338,0.));
#754 = DIRECTION('',(0.832050294338,0.554700196225,0.));
#755 = DEFINITIONAL_REPRESENTATION('',(#756),#760);
#756 = LINE('',#757,#758);
#757 = CARTESIAN_POINT('',(-0.,-0.));
#758 = VECTOR('',#759,1.);
#759 = DIRECTION('',(0.,1.));
#760 = ( GEOMETRIC_REPRESENTATION_CONTEXT(2) 
PARAMETRIC_REPRESENTATION_CONTEXT() REPRESENTATION_CONTEXT('2D SPACE',''
  ) );
#761 = ORIENTED_EDGE('',*,*,#762,.T.);
#762 = EDGE_CURVE('',#735,#57,#763,.T.);
#763 = SURFACE_CURVE('',#764,(#768,#775),.PCURVE_S1.);
#764 = LINE('',#765,#766);
#765 = CARTESIAN_POINT('',(-11.7,-8.88,116.7));
#766 = VECTOR('',#767,1.);
#767 = DIRECTION('',(0.,1.,0.));
#768 = PCURVE('',#101,#769);
#769 = DEFINITIONAL_REPRESENTATION('',(#770),#774);
#770 = LINE('',#771,#772);
#771 = CARTESIAN_POINT('',(-4.44,-55.2));
#772 = VECTOR('',#773,1.);
#773 = DIRECTION('',(1.,2.2E-16));
#774 = ( GEOMETRIC_REPRESENTATION_CONTEXT(2) 
PARAMETRIC_REPRESENTATION_CONTEXT() REPRESENTATION_CONTEXT('2D SPACE',''
  ) );
#775 = PCURVE('',#410,#776);
#776 = DEFINITIONAL_REPRESENTATION('',(#777),#781);
#777 = LINE('',#778,#779);
#778 = CARTESIAN_POINT('',(4.200091589675,1.919823619916));
#779 = VECTOR('',#780,1.);
#780 = DIRECTION('',(-1.,0.));
#781 = ( GEOMETRIC_REPRESENTATION_CONTEXT(2) 
PARAMETRIC_REPRESENTATION_CONTEXT() REPRESENTATION_CONTEXT('2D SPACE',''
  ) );
#782 = ADVANCED_FACE('',(#783),#209,.T.);
#783 = FACE_BOUND('',#784,.F.);
#784 = EDGE_LOOP('',(#785,#786,#809,#836));
#785 = ORIENTED_EDGE('',*,*,#254,.T.);
#786 = ORIENTED_EDGE('',*,*,#787,.T.);
#787 = EDGE_CURVE('',#255,#788,#790,.T.);
#788 = VERTEX_POINT('',#789);
#789 = CARTESIAN_POINT('',(9.7,-1.9E-14,118.36666666666));
#790 = SURFACE_CURVE('',#791,(#795,#802),.PCURVE_S1.);
#791 = LINE('',#792,#793);
#792 = CARTESIAN_POINT('',(-9.7,7.63E-15,118.36666666666));
#793 = VECTOR('',#794,1.);
#794 = DIRECTION('',(1.,0.,0.));
#795 = PCURVE('',#209,#796);
#796 = DEFINITIONAL_REPRESENTATION('',(#797),#801);
#797 = LINE('',#798,#799);
#798 = CARTESIAN_POINT('',(-1.570796326795,0.));
#799 = VECTOR('',#800,1.);
#800 = DIRECTION('',(-0.,1.));
#801 = ( GEOMETRIC_REPRESENTATION_CONTEXT(2) 
PARAMETRIC_REPRESENTATION_CONTEXT() REPRESENTATION_CONTEXT('2D SPACE',''
  ) );
#802 = PCURVE('',#293,#803);
#803 = DEFINITIONAL_REPRESENTATION('',(#804),#808);
#804 = LINE('',#805,#806);
#805 = CARTESIAN_POINT('',(-56.86666666666,9.7));
#806 = VECTOR('',#807,1.);
#807 = DIRECTION('',(0.,-1.));
#808 = ( GEOMETRIC_REPRESENTATION_CONTEXT(2) 
PARAMETRIC_REPRESENTATION_CONTEXT() REPRESENTATION_CONTEXT('2D SPACE',''
  ) );
#809 = ORIENTED_EDGE('',*,*,#810,.F.);
#810 = EDGE_CURVE('',#168,#788,#811,.T.);
#811 = SURFACE_CURVE('',#812,(#817,#824),.PCURVE_S1.);
#812 = CIRCLE('',#813,0.333333333333);
#813 = AXIS2_PLACEMENT_3D('',#814,#815,#816);
#814 = CARTESIAN_POINT('',(9.7,-0.333333333333,118.36666666666));
#815 = DIRECTION('',(-1.,0.,0.));
#816 = DIRECTION('',(0.,0.,1.));
#817 = PCURVE('',#209,#818);
#818 = DEFINITIONAL_REPRESENTATION('',(#819),#823);
#819 = LINE('',#820,#821);
#820 = CARTESIAN_POINT('',(-0.,19.4));
#821 = VECTOR('',#822,1.);
#822 = DIRECTION('',(-1.,0.));
#823 = ( GEOMETRIC_REPRESENTATION_CONTEXT(2) 
PARAMETRIC_REPRESENTATION_CONTEXT() REPRESENTATION_CONTEXT('2D SPACE',''
  ) );
#824 = PCURVE('',#825,#830);
#825 = TOROIDAL_SURFACE('',#826,1.666666666667,0.333333333333);
#826 = AXIS2_PLACEMENT_3D('',#827,#828,#829);
#827 = CARTESIAN_POINT('',(9.7,-0.333333333333,116.7));
#828 = DIRECTION('',(0.,1.,-7.E-17));
#829 = DIRECTION('',(2.931E-14,7.E-17,1.));
#830 = DEFINITIONAL_REPRESENTATION('',(#831),#835);
#831 = LINE('',#832,#833);
#832 = CARTESIAN_POINT('',(2.2E-16,0.));
#833 = VECTOR('',#834,1.);
#834 = DIRECTION('',(0.,1.));
#835 = ( GEOMETRIC_REPRESENTATION_CONTEXT(2) 
PARAMETRIC_REPRESENTATION_CONTEXT() REPRESENTATION_CONTEXT('2D SPACE',''
  ) );
#836 = ORIENTED_EDGE('',*,*,#195,.F.);
#837 = ADVANCED_FACE('',(#838),#183,.T.);
#838 = FACE_BOUND('',#839,.T.);
#839 = EDGE_LOOP('',(#840,#841,#842,#870));
#840 = ORIENTED_EDGE('',*,*,#167,.T.);
#841 = ORIENTED_EDGE('',*,*,#366,.T.);
#842 = ORIENTED_EDGE('',*,*,#843,.F.);
#843 = EDGE_CURVE('',#844,#339,#846,.T.);
#844 = VERTEX_POINT('',#845);
#845 = CARTESIAN_POINT('',(11.7,-0.333333333333,116.7));
#846 = SURFACE_CURVE('',#847,(#851,#858),.PCURVE_S1.);
#847 = LINE('',#848,#849);
#848 = CARTESIAN_POINT('',(11.7,2.592E-14,116.7));
#849 = VECTOR('',#850,1.);
#850 = DIRECTION('',(0.,-1.,2.2E-16));
#851 = PCURVE('',#183,#852);
#852 = DEFINITIONAL_REPRESENTATION('',(#853),#857);
#853 = LINE('',#854,#855);
#854 = CARTESIAN_POINT('',(3.14159265359,0.));
#855 = VECTOR('',#856,1.);
#856 = DIRECTION('',(0.,-1.));
#857 = ( GEOMETRIC_REPRESENTATION_CONTEXT(2) 
PARAMETRIC_REPRESENTATION_CONTEXT() REPRESENTATION_CONTEXT('2D SPACE',''
  ) );
#858 = PCURVE('',#859,#864);
#859 = PLANE('',#860);
#860 = AXIS2_PLACEMENT_3D('',#861,#862,#863);
#861 = CARTESIAN_POINT('',(11.7,-4.44,61.5));
#862 = DIRECTION('',(1.,0.,0.));
#863 = DIRECTION('',(0.,-1.,-2.2E-16));
#864 = DEFINITIONAL_REPRESENTATION('',(#865),#869);
#865 = LINE('',#866,#867);
#866 = CARTESIAN_POINT('',(-4.44,-55.2));
#867 = VECTOR('',#868,1.);
#868 = DIRECTION('',(1.,-4.4E-16));
#869 = ( GEOMETRIC_REPRESENTATION_CONTEXT(2) 
PARAMETRIC_REPRESENTATION_CONTEXT() REPRESENTATION_CONTEXT('2D SPACE',''
  ) );
#870 = ORIENTED_EDGE('',*,*,#871,.F.);
#871 = EDGE_CURVE('',#168,#844,#872,.T.);
#872 = SURFACE_CURVE('',#873,(#878,#885),.PCURVE_S1.);
#873 = CIRCLE('',#874,2.);
#874 = AXIS2_PLACEMENT_3D('',#875,#876,#877);
#875 = CARTESIAN_POINT('',(9.7,-0.333333333333,116.7));
#876 = DIRECTION('',(0.,1.,-7.E-17));
#877 = DIRECTION('',(2.931E-14,7.E-17,1.));
#878 = PCURVE('',#183,#879);
#879 = DEFINITIONAL_REPRESENTATION('',(#880),#884);
#880 = LINE('',#881,#882);
#881 = CARTESIAN_POINT('',(1.570796326795,-0.333333333333));
#882 = VECTOR('',#883,1.);
#883 = DIRECTION('',(1.,0.));
#884 = ( GEOMETRIC_REPRESENTATION_CONTEXT(2) 
PARAMETRIC_REPRESENTATION_CONTEXT() REPRESENTATION_CONTEXT('2D SPACE',''
  ) );
#885 = PCURVE('',#825,#886);
#886 = DEFINITIONAL_REPRESENTATION('',(#887),#891);
#887 = LINE('',#888,#889);
#888 = CARTESIAN_POINT('',(0.,0.));
#889 = VECTOR('',#890,1.);
#890 = DIRECTION('',(1.,0.));
#891 = ( GEOMETRIC_REPRESENTATION_CONTEXT(2) 
PARAMETRIC_REPRESENTATION_CONTEXT() REPRESENTATION_CONTEXT('2D SPACE',''
  ) );
#892 = ADVANCED_FACE('',(#893),#241,.T.);
#893 = FACE_BOUND('',#894,.F.);
#894 = EDGE_LOOP('',(#895,#924,#945,#946));
#895 = ORIENTED_EDGE('',*,*,#896,.T.);
#896 = EDGE_CURVE('',#539,#897,#899,.T.);
#897 = VERTEX_POINT('',#898);
#898 = CARTESIAN_POINT('',(-11.36666666666,-1.E-15,6.3));
#899 = SURFACE_CURVE('',#900,(#905,#912),.PCURVE_S1.);
#900 = CIRCLE('',#901,0.333333333333);
#901 = AXIS2_PLACEMENT_3D('',#902,#903,#904);
#902 = CARTESIAN_POINT('',(-11.36666666666,-0.333333333333,6.3));
#903 = DIRECTION('',(6.E-17,-7.E-17,-1.));
#904 = DIRECTION('',(-1.,0.,-6.E-17));
#905 = PCURVE('',#241,#906);
#906 = DEFINITIONAL_REPRESENTATION('',(#907),#911);
#907 = LINE('',#908,#909);
#908 = CARTESIAN_POINT('',(-0.,2.2E-16));
#909 = VECTOR('',#910,1.);
#910 = DIRECTION('',(-1.,0.));
#911 = ( GEOMETRIC_REPRESENTATION_CONTEXT(2) 
PARAMETRIC_REPRESENTATION_CONTEXT() REPRESENTATION_CONTEXT('2D SPACE',''
  ) );
#912 = PCURVE('',#913,#918);
#913 = TOROIDAL_SURFACE('',#914,1.666666666667,0.333333333333);
#914 = AXIS2_PLACEMENT_3D('',#915,#916,#917);
#915 = CARTESIAN_POINT('',(-9.7,-0.333333333333,6.3));
#916 = DIRECTION('',(0.,1.,-7.E-17));
#917 = DIRECTION('',(0.,-7.E-17,-1.));
#918 = DEFINITIONAL_REPRESENTATION('',(#919),#923);
#919 = LINE('',#920,#921);
#920 = CARTESIAN_POINT('',(1.570796326795,0.));
#921 = VECTOR('',#922,1.);
#922 = DIRECTION('',(0.,1.));
#923 = ( GEOMETRIC_REPRESENTATION_CONTEXT(2) 
PARAMETRIC_REPRESENTATION_CONTEXT() REPRESENTATION_CONTEXT('2D SPACE',''
  ) );
#924 = ORIENTED_EDGE('',*,*,#925,.T.);
#925 = EDGE_CURVE('',#897,#225,#926,.T.);
#926 = SURFACE_CURVE('',#927,(#931,#938),.PCURVE_S1.);
#927 = LINE('',#928,#929);
#928 = CARTESIAN_POINT('',(-11.36666666666,3.2E-16,6.3));
#929 = VECTOR('',#930,1.);
#930 = DIRECTION('',(0.,0.,1.));
#931 = PCURVE('',#241,#932);
#932 = DEFINITIONAL_REPRESENTATION('',(#933),#937);
#933 = LINE('',#934,#935);
#934 = CARTESIAN_POINT('',(-1.570796326795,0.));
#935 = VECTOR('',#936,1.);
#936 = DIRECTION('',(-0.,1.));
#937 = ( GEOMETRIC_REPRESENTATION_CONTEXT(2) 
PARAMETRIC_REPRESENTATION_CONTEXT() REPRESENTATION_CONTEXT('2D SPACE',''
  ) );
#938 = PCURVE('',#293,#939);
#939 = DEFINITIONAL_REPRESENTATION('',(#940),#944);
#940 = LINE('',#941,#942);
#941 = CARTESIAN_POINT('',(55.2,11.366666666667));
#942 = VECTOR('',#943,1.);
#943 = DIRECTION('',(-1.,0.));
#944 = ( GEOMETRIC_REPRESENTATION_CONTEXT(2) 
PARAMETRIC_REPRESENTATION_CONTEXT() REPRESENTATION_CONTEXT('2D SPACE',''
  ) );
#945 = ORIENTED_EDGE('',*,*,#224,.F.);
#946 = ORIENTED_EDGE('',*,*,#538,.F.);
#947 = ADVANCED_FACE('',(#948,#1178),#293,.T.);
#948 = FACE_BOUND('',#949,.T.);
#949 = EDGE_LOOP('',(#950,#980,#1009,#1037,#1066,#1094,#1123,#1151));
#950 = ORIENTED_EDGE('',*,*,#951,.F.);
#951 = EDGE_CURVE('',#952,#954,#956,.T.);
#952 = VERTEX_POINT('',#953);
#953 = CARTESIAN_POINT('',(3.,-8.E-15,49.666666666667));
#954 = VERTEX_POINT('',#955);
#955 = CARTESIAN_POINT('',(-3.,-8.E-15,49.666666666667));
#956 = SURFACE_CURVE('',#957,(#961,#968),.PCURVE_S1.);
#957 = LINE('',#958,#959);
#958 = CARTESIAN_POINT('',(3.,3.07E-15,49.666666666667));
#959 = VECTOR('',#960,1.);
#960 = DIRECTION('',(-1.,0.,0.));
#961 = PCURVE('',#293,#962);
#962 = DEFINITIONAL_REPRESENTATION('',(#963),#967);
#963 = LINE('',#964,#965);
#964 = CARTESIAN_POINT('',(11.833333333333,-3.));
#965 = VECTOR('',#966,1.);
#966 = DIRECTION('',(-0.,1.));
#967 = ( GEOMETRIC_REPRESENTATION_CONTEXT(2) 
PARAMETRIC_REPRESENTATION_CONTEXT() REPRESENTATION_CONTEXT('2D SPACE',''
  ) );
#968 = PCURVE('',#969,#974);
#969 = CYLINDRICAL_SURFACE('',#970,0.333333333333);
#970 = AXIS2_PLACEMENT_3D('',#971,#972,#973);
#971 = CARTESIAN_POINT('',(3.,-0.333333333333,49.666666666667));
#972 = DIRECTION('',(-1.,0.,0.));
#973 = DIRECTION('',(0.,2.2E-16,1.));
#974 = DEFINITIONAL_REPRESENTATION('',(#975),#979);
#975 = LINE('',#976,#977);
#976 = CARTESIAN_POINT('',(1.570796326795,0.));
#977 = VECTOR('',#978,1.);
#978 = DIRECTION('',(0.,1.));
#979 = ( GEOMETRIC_REPRESENTATION_CONTEXT(2) 
PARAMETRIC_REPRESENTATION_CONTEXT() REPRESENTATION_CONTEXT('2D SPACE',''
  ) );
#980 = ORIENTED_EDGE('',*,*,#981,.F.);
#981 = EDGE_CURVE('',#982,#952,#984,.T.);
#982 = VERTEX_POINT('',#983);
#983 = CARTESIAN_POINT('',(5.333333333333,-1.1E-14,52.));
#984 = SURFACE_CURVE('',#985,(#990,#997),.PCURVE_S1.);
#985 = CIRCLE('',#986,2.333333333333);
#986 = AXIS2_PLACEMENT_3D('',#987,#988,#989);
#987 = CARTESIAN_POINT('',(3.,3.26E-15,52.));
#988 = DIRECTION('',(0.,1.,-7.E-17));
#989 = DIRECTION('',(1.,3.5E-33,5.E-17));
#990 = PCURVE('',#293,#991);
#991 = DEFINITIONAL_REPRESENTATION('',(#992),#996);
#992 = CIRCLE('',#993,2.333333333333);
#993 = AXIS2_PLACEMENT_2D('',#994,#995);
#994 = CARTESIAN_POINT('',(9.5,-3.));
#995 = DIRECTION('',(-5.E-17,-1.));
#996 = ( GEOMETRIC_REPRESENTATION_CONTEXT(2) 
PARAMETRIC_REPRESENTATION_CONTEXT() REPRESENTATION_CONTEXT('2D SPACE',''
  ) );
#997 = PCURVE('',#998,#1003);
#998 = TOROIDAL_SURFACE('',#999,2.333333333333,0.333333333333);
#999 = AXIS2_PLACEMENT_3D('',#1000,#1001,#1002);
#1000 = CARTESIAN_POINT('',(3.,-0.333333333333,52.));
#1001 = DIRECTION('',(0.,-1.,7.E-17));
#1002 = DIRECTION('',(1.,3.5E-33,5.E-17));
#1003 = DEFINITIONAL_REPRESENTATION('',(#1004),#1008);
#1004 = LINE('',#1005,#1006);
#1005 = CARTESIAN_POINT('',(-0.,4.712388980385));
#1006 = VECTOR('',#1007,1.);
#1007 = DIRECTION('',(-1.,0.));
#1008 = ( GEOMETRIC_REPRESENTATION_CONTEXT(2) 
PARAMETRIC_REPRESENTATION_CONTEXT() REPRESENTATION_CONTEXT('2D SPACE',''
  ) );
#1009 = ORIENTED_EDGE('',*,*,#1010,.F.);
#1010 = EDGE_CURVE('',#1011,#982,#1013,.T.);
#1011 = VERTEX_POINT('',#1012);
#1012 = CARTESIAN_POINT('',(5.333333333333,-1.2E-14,73.));
#1013 = SURFACE_CURVE('',#1014,(#1018,#1025),.PCURVE_S1.);
#1014 = LINE('',#1015,#1016);
#1015 = CARTESIAN_POINT('',(5.333333333333,4.72E-15,73.));
#1016 = VECTOR('',#1017,1.);
#1017 = DIRECTION('',(0.,-2.2E-16,-1.));
#1018 = PCURVE('',#293,#1019);
#1019 = DEFINITIONAL_REPRESENTATION('',(#1020),#1024);
#1020 = LINE('',#1021,#1022);
#1021 = CARTESIAN_POINT('',(-11.5,-5.333333333333));
#1022 = VECTOR('',#1023,1.);
#1023 = DIRECTION('',(1.,0.));
#1024 = ( GEOMETRIC_REPRESENTATION_CONTEXT(2) 
PARAMETRIC_REPRESENTATION_CONTEXT() REPRESENTATION_CONTEXT('2D SPACE',''
  ) );
#1025 = PCURVE('',#1026,#1031);
#1026 = CYLINDRICAL_SURFACE('',#1027,0.333333333333);
#1027 = AXIS2_PLACEMENT_3D('',#1028,#1029,#1030);
#1028 = CARTESIAN_POINT('',(5.333333333333,-0.333333333333,73.));
#1029 = DIRECTION('',(0.,-2.2E-16,-1.));
#1030 = DIRECTION('',(-1.,0.,0.));
#1031 = DEFINITIONAL_REPRESENTATION('',(#1032),#1036);
#1032 = LINE('',#1033,#1034);
#1033 = CARTESIAN_POINT('',(1.570796326795,0.));
#1034 = VECTOR('',#1035,1.);
#1035 = DIRECTION('',(0.,1.));
#1036 = ( GEOMETRIC_REPRESENTATION_CONTEXT(2) 
PARAMETRIC_REPRESENTATION_CONTEXT() REPRESENTATION_CONTEXT('2D SPACE',''
  ) );
#1037 = ORIENTED_EDGE('',*,*,#1038,.F.);
#1038 = EDGE_CURVE('',#1039,#1011,#1041,.T.);
#1039 = VERTEX_POINT('',#1040);
#1040 = CARTESIAN_POINT('',(3.,-1.2E-14,75.333333333333));
#1041 = SURFACE_CURVE('',#1042,(#1047,#1054),.PCURVE_S1.);
#1042 = CIRCLE('',#1043,2.333333333333);
#1043 = AXIS2_PLACEMENT_3D('',#1044,#1045,#1046);
#1044 = CARTESIAN_POINT('',(3.,4.67E-15,73.));
#1045 = DIRECTION('',(0.,1.,-7.E-17));
#1046 = DIRECTION('',(6.7E-16,7.E-17,1.));
#1047 = PCURVE('',#293,#1048);
#1048 = DEFINITIONAL_REPRESENTATION('',(#1049),#1053);
#1049 = CIRCLE('',#1050,2.333333333333);
#1050 = AXIS2_PLACEMENT_2D('',#1051,#1052);
#1051 = CARTESIAN_POINT('',(-11.5,-3.));
#1052 = DIRECTION('',(-1.,-6.7E-16));
#1053 = ( GEOMETRIC_REPRESENTATION_CONTEXT(2) 
PARAMETRIC_REPRESENTATION_CONTEXT() REPRESENTATION_CONTEXT('2D SPACE',''
  ) );
#1054 = PCURVE('',#1055,#1060);
#1055 = TOROIDAL_SURFACE('',#1056,2.333333333333,0.333333333333);
#1056 = AXIS2_PLACEMENT_3D('',#1057,#1058,#1059);
#1057 = CARTESIAN_POINT('',(3.,-0.333333333333,73.));
#1058 = DIRECTION('',(0.,-1.,7.E-17));
#1059 = DIRECTION('',(6.7E-16,7.E-17,1.));
#1060 = DEFINITIONAL_REPRESENTATION('',(#1061),#1065);
#1061 = LINE('',#1062,#1063);
#1062 = CARTESIAN_POINT('',(-0.,4.712388980385));
#1063 = VECTOR('',#1064,1.);
#1064 = DIRECTION('',(-1.,0.));
#1065 = ( GEOMETRIC_REPRESENTATION_CONTEXT(2) 
PARAMETRIC_REPRESENTATION_CONTEXT() REPRESENTATION_CONTEXT('2D SPACE',''
  ) );
#1066 = ORIENTED_EDGE('',*,*,#1067,.F.);
#1067 = EDGE_CURVE('',#1068,#1039,#1070,.T.);
#1068 = VERTEX_POINT('',#1069);
#1069 = CARTESIAN_POINT('',(-3.,-1.2E-14,75.333333333333));
#1070 = SURFACE_CURVE('',#1071,(#1075,#1082),.PCURVE_S1.);
#1071 = LINE('',#1072,#1073);
#1072 = CARTESIAN_POINT('',(-3.,4.87E-15,75.333333333333));
#1073 = VECTOR('',#1074,1.);
#1074 = DIRECTION('',(1.,0.,0.));
#1075 = PCURVE('',#293,#1076);
#1076 = DEFINITIONAL_REPRESENTATION('',(#1077),#1081);
#1077 = LINE('',#1078,#1079);
#1078 = CARTESIAN_POINT('',(-13.83333333333,3.));
#1079 = VECTOR('',#1080,1.);
#1080 = DIRECTION('',(0.,-1.));
#1081 = ( GEOMETRIC_REPRESENTATION_CONTEXT(2) 
PARAMETRIC_REPRESENTATION_CONTEXT() REPRESENTATION_CONTEXT('2D SPACE',''
  ) );
#1082 = PCURVE('',#1083,#1088);
#1083 = CYLINDRICAL_SURFACE('',#1084,0.333333333333);
#1084 = AXIS2_PLACEMENT_3D('',#1085,#1086,#1087);
#1085 = CARTESIAN_POINT('',(-3.,-0.333333333333,75.333333333333));
#1086 = DIRECTION('',(1.,0.,0.));
#1087 = DIRECTION('',(0.,-2.2E-16,-1.));
#1088 = DEFINITIONAL_REPRESENTATION('',(#1089),#1093);
#1089 = LINE('',#1090,#1091);
#1090 = CARTESIAN_POINT('',(1.570796326795,0.));
#1091 = VECTOR('',#1092,1.);
#1092 = DIRECTION('',(0.,1.));
#1093 = ( GEOMETRIC_REPRESENTATION_CONTEXT(2) 
PARAMETRIC_REPRESENTATION_CONTEXT() REPRESENTATION_CONTEXT('2D SPACE',''
  ) );
#1094 = ORIENTED_EDGE('',*,*,#1095,.F.);
#1095 = EDGE_CURVE('',#1096,#1068,#1098,.T.);
#1096 = VERTEX_POINT('',#1097);
#1097 = CARTESIAN_POINT('',(-5.333333333333,-8.E-15,73.));
#1098 = SURFACE_CURVE('',#1099,(#1104,#1111),.PCURVE_S1.);
#1099 = CIRCLE('',#1100,2.333333333333);
#1100 = AXIS2_PLACEMENT_3D('',#1101,#1102,#1103);
#1101 = CARTESIAN_POINT('',(-3.,4.67E-15,73.));
#1102 = DIRECTION('',(0.,1.,-7.E-17));
#1103 = DIRECTION('',(-1.,3.5E-33,5.E-17));
#1104 = PCURVE('',#293,#1105);
#1105 = DEFINITIONAL_REPRESENTATION('',(#1106),#1110);
#1106 = CIRCLE('',#1107,2.333333333333);
#1107 = AXIS2_PLACEMENT_2D('',#1108,#1109);
#1108 = CARTESIAN_POINT('',(-11.5,3.));
#1109 = DIRECTION('',(-5.E-17,1.));
#1110 = ( GEOMETRIC_REPRESENTATION_CONTEXT(2) 
PARAMETRIC_REPRESENTATION_CONTEXT() REPRESENTATION_CONTEXT('2D SPACE',''
  ) );
#1111 = PCURVE('',#1112,#1117);
#1112 = TOROIDAL_SURFACE('',#1113,2.333333333333,0.333333333333);
#1113 = AXIS2_PLACEMENT_3D('',#1114,#1115,#1116);
#1114 = CARTESIAN_POINT('',(-3.,-0.333333333333,73.));
#1115 = DIRECTION('',(0.,-1.,7.E-17));
#1116 = DIRECTION('',(-1.,3.5E-33,5.E-17));
#1117 = DEFINITIONAL_REPRESENTATION('',(#1118),#1122);
#1118 = LINE('',#1119,#1120);
#1119 = CARTESIAN_POINT('',(-0.,4.712388980385));
#1120 = VECTOR('',#1121,1.);
#1121 = DIRECTION('',(-1.,0.));
#1122 = ( GEOMETRIC_REPRESENTATION_CONTEXT(2) 
PARAMETRIC_REPRESENTATION_CONTEXT() REPRESENTATION_CONTEXT('2D SPACE',''
  ) );
#1123 = ORIENTED_EDGE('',*,*,#1124,.F.);
#1124 = EDGE_CURVE('',#1125,#1096,#1127,.T.);
#1125 = VERTEX_POINT('',#1126);
#1126 = CARTESIAN_POINT('',(-5.333333333333,-8.E-15,52.));
#1127 = SURFACE_CURVE('',#1128,(#1132,#1139),.PCURVE_S1.);
#1128 = LINE('',#1129,#1130);
#1129 = CARTESIAN_POINT('',(-5.333333333333,3.33E-15,52.));
#1130 = VECTOR('',#1131,1.);
#1131 = DIRECTION('',(0.,2.2E-16,1.));
#1132 = PCURVE('',#293,#1133);
#1133 = DEFINITIONAL_REPRESENTATION('',(#1134),#1138);
#1134 = LINE('',#1135,#1136);
#1135 = CARTESIAN_POINT('',(9.5,5.333333333333));
#1136 = VECTOR('',#1137,1.);
#1137 = DIRECTION('',(-1.,0.));
#1138 = ( GEOMETRIC_REPRESENTATION_CONTEXT(2) 
PARAMETRIC_REPRESENTATION_CONTEXT() REPRESENTATION_CONTEXT('2D SPACE',''
  ) );
#1139 = PCURVE('',#1140,#1145);
#1140 = CYLINDRICAL_SURFACE('',#1141,0.333333333333);
#1141 = AXIS2_PLACEMENT_3D('',#1142,#1143,#1144);
#1142 = CARTESIAN_POINT('',(-5.333333333333,-0.333333333333,52.));
#1143 = DIRECTION('',(0.,2.2E-16,1.));
#1144 = DIRECTION('',(1.,0.,0.));
#1145 = DEFINITIONAL_REPRESENTATION('',(#1146),#1150);
#1146 = LINE('',#1147,#1148);
#1147 = CARTESIAN_POINT('',(1.570796326795,0.));
#1148 = VECTOR('',#1149,1.);
#1149 = DIRECTION('',(0.,1.));
#1150 = ( GEOMETRIC_REPRESENTATION_CONTEXT(2) 
PARAMETRIC_REPRESENTATION_CONTEXT() REPRESENTATION_CONTEXT('2D SPACE',''
  ) );
#1151 = ORIENTED_EDGE('',*,*,#1152,.F.);
#1152 = EDGE_CURVE('',#954,#1125,#1153,.T.);
#1153 = SURFACE_CURVE('',#1154,(#1159,#1166),.PCURVE_S1.);
#1154 = CIRCLE('',#1155,2.333333333333);
#1155 = AXIS2_PLACEMENT_3D('',#1156,#1157,#1158);
#1156 = CARTESIAN_POINT('',(-3.,3.26E-15,52.));
#1157 = DIRECTION('',(0.,1.,-7.E-17));
#1158 = DIRECTION('',(-2.2E-16,-7.E-17,-1.));
#1159 = PCURVE('',#293,#1160);
#1160 = DEFINITIONAL_REPRESENTATION('',(#1161),#1165);
#1161 = CIRCLE('',#1162,2.333333333333);
#1162 = AXIS2_PLACEMENT_2D('',#1163,#1164);
#1163 = CARTESIAN_POINT('',(9.5,3.));
#1164 = DIRECTION('',(1.,2.2E-16));
#1165 = ( GEOMETRIC_REPRESENTATION_CONTEXT(2) 
PARAMETRIC_REPRESENTATION_CONTEXT() REPRESENTATION_CONTEXT('2D SPACE',''
  ) );
#1166 = PCURVE('',#1167,#1172);
#1167 = TOROIDAL_SURFACE('',#1168,2.333333333333,0.333333333333);
#1168 = AXIS2_PLACEMENT_3D('',#1169,#1170,#1171);
#1169 = CARTESIAN_POINT('',(-3.,-0.333333333333,52.));
#1170 = DIRECTION('',(0.,-1.,7.E-17));
#1171 = DIRECTION('',(-2.2E-16,-7.E-17,-1.));
#1172 = DEFINITIONAL_REPRESENTATION('',(#1173),#1177);
#1173 = LINE('',#1174,#1175);
#1174 = CARTESIAN_POINT('',(-0.,4.712388980385));
#1175 = VECTOR('',#1176,1.);
#1176 = DIRECTION('',(-1.,0.));
#1177 = ( GEOMETRIC_REPRESENTATION_CONTEXT(2) 
PARAMETRIC_REPRESENTATION_CONTEXT() REPRESENTATION_CONTEXT('2D SPACE',''
  ) );
#1178 = FACE_BOUND('',#1179,.T.);
#1179 = EDGE_LOOP('',(#1180,#1181,#1205,#1233,#1262,#1290,#1312,#1313));
#1180 = ORIENTED_EDGE('',*,*,#787,.T.);
#1181 = ORIENTED_EDGE('',*,*,#1182,.T.);
#1182 = EDGE_CURVE('',#788,#1183,#1185,.T.);
#1183 = VERTEX_POINT('',#1184);
#1184 = CARTESIAN_POINT('',(11.366666666667,-1.8E-14,116.7));
#1185 = SURFACE_CURVE('',#1186,(#1191,#1198),.PCURVE_S1.);
#1186 = CIRCLE('',#1187,1.666666666667);
#1187 = AXIS2_PLACEMENT_3D('',#1188,#1189,#1190);
#1188 = CARTESIAN_POINT('',(9.7,7.6E-15,116.7));
#1189 = DIRECTION('',(0.,1.,-7.E-17));
#1190 = DIRECTION('',(2.931E-14,7.E-17,1.));
#1191 = PCURVE('',#293,#1192);
#1192 = DEFINITIONAL_REPRESENTATION('',(#1193),#1197);
#1193 = CIRCLE('',#1194,1.666666666667);
#1194 = AXIS2_PLACEMENT_2D('',#1195,#1196);
#1195 = CARTESIAN_POINT('',(-55.2,-9.7));
#1196 = DIRECTION('',(-1.,-2.931E-14));
#1197 = ( GEOMETRIC_REPRESENTATION_CONTEXT(2) 
PARAMETRIC_REPRESENTATION_CONTEXT() REPRESENTATION_CONTEXT('2D SPACE',''
  ) );
#1198 = PCURVE('',#825,#1199);
#1199 = DEFINITIONAL_REPRESENTATION('',(#1200),#1204);
#1200 = LINE('',#1201,#1202);
#1201 = CARTESIAN_POINT('',(0.,1.570796326795));
#1202 = VECTOR('',#1203,1.);
#1203 = DIRECTION('',(1.,0.));
#1204 = ( GEOMETRIC_REPRESENTATION_CONTEXT(2) 
PARAMETRIC_REPRESENTATION_CONTEXT() REPRESENTATION_CONTEXT('2D SPACE',''
  ) );
#1205 = ORIENTED_EDGE('',*,*,#1206,.T.);
#1206 = EDGE_CURVE('',#1183,#1207,#1209,.T.);
#1207 = VERTEX_POINT('',#1208);
#1208 = CARTESIAN_POINT('',(11.366666666667,6.E-15,6.3));
#1209 = SURFACE_CURVE('',#1210,(#1214,#1221),.PCURVE_S1.);
#1210 = LINE('',#1211,#1212);
#1211 = CARTESIAN_POINT('',(11.366666666667,7.78E-15,116.7));
#1212 = VECTOR('',#1213,1.);
#1213 = DIRECTION('',(0.,0.,-1.));
#1214 = PCURVE('',#293,#1215);
#1215 = DEFINITIONAL_REPRESENTATION('',(#1216),#1220);
#1216 = LINE('',#1217,#1218);
#1217 = CARTESIAN_POINT('',(-55.2,-11.36666666666));
#1218 = VECTOR('',#1219,1.);
#1219 = DIRECTION('',(1.,0.));
#1220 = ( GEOMETRIC_REPRESENTATION_CONTEXT(2) 
PARAMETRIC_REPRESENTATION_CONTEXT() REPRESENTATION_CONTEXT('2D SPACE',''
  ) );
#1221 = PCURVE('',#1222,#1227);
#1222 = CYLINDRICAL_SURFACE('',#1223,0.333333333333);
#1223 = AXIS2_PLACEMENT_3D('',#1224,#1225,#1226);
#1224 = CARTESIAN_POINT('',(11.366666666667,-0.333333333333,116.7));
#1225 = DIRECTION('',(0.,0.,-1.));
#1226 = DIRECTION('',(1.,0.,0.));
#1227 = DEFINITIONAL_REPRESENTATION('',(#1228),#1232);
#1228 = LINE('',#1229,#1230);
#1229 = CARTESIAN_POINT('',(-1.570796326795,0.));
#1230 = VECTOR('',#1231,1.);
#1231 = DIRECTION('',(-0.,1.));
#1232 = ( GEOMETRIC_REPRESENTATION_CONTEXT(2) 
PARAMETRIC_REPRESENTATION_CONTEXT() REPRESENTATION_CONTEXT('2D SPACE',''
  ) );
#1233 = ORIENTED_EDGE('',*,*,#1234,.T.);
#1234 = EDGE_CURVE('',#1207,#1235,#1237,.T.);
#1235 = VERTEX_POINT('',#1236);
#1236 = CARTESIAN_POINT('',(9.7,-1.E-15,4.633333333333));
#1237 = SURFACE_CURVE('',#1238,(#1243,#1250),.PCURVE_S1.);
#1238 = CIRCLE('',#1239,1.666666666667);
#1239 = AXIS2_PLACEMENT_3D('',#1240,#1241,#1242);
#1240 = CARTESIAN_POINT('',(9.7,1.9E-16,6.3));
#1241 = DIRECTION('',(0.,1.,-7.E-17));
#1242 = DIRECTION('',(1.,6.58E-32,9.4E-16));
#1243 = PCURVE('',#293,#1244);
#1244 = DEFINITIONAL_REPRESENTATION('',(#1245),#1249);
#1245 = CIRCLE('',#1246,1.666666666667);
#1246 = AXIS2_PLACEMENT_2D('',#1247,#1248);
#1247 = CARTESIAN_POINT('',(55.2,-9.7));
#1248 = DIRECTION('',(-9.4E-16,-1.));
#1249 = ( GEOMETRIC_REPRESENTATION_CONTEXT(2) 
PARAMETRIC_REPRESENTATION_CONTEXT() REPRESENTATION_CONTEXT('2D SPACE',''
  ) );
#1250 = PCURVE('',#1251,#1256);
#1251 = TOROIDAL_SURFACE('',#1252,1.666666666667,0.333333333333);
#1252 = AXIS2_PLACEMENT_3D('',#1253,#1254,#1255);
#1253 = CARTESIAN_POINT('',(9.7,-0.333333333333,6.3));
#1254 = DIRECTION('',(0.,1.,-7.E-17));
#1255 = DIRECTION('',(1.,6.58E-32,9.4E-16));
#1256 = DEFINITIONAL_REPRESENTATION('',(#1257),#1261);
#1257 = LINE('',#1258,#1259);
#1258 = CARTESIAN_POINT('',(0.,1.570796326795));
#1259 = VECTOR('',#1260,1.);
#1260 = DIRECTION('',(1.,0.));
#1261 = ( GEOMETRIC_REPRESENTATION_CONTEXT(2) 
PARAMETRIC_REPRESENTATION_CONTEXT() REPRESENTATION_CONTEXT('2D SPACE',''
  ) );
#1262 = ORIENTED_EDGE('',*,*,#1263,.T.);
#1263 = EDGE_CURVE('',#1235,#1264,#1266,.T.);
#1264 = VERTEX_POINT('',#1265);
#1265 = CARTESIAN_POINT('',(-9.7,-1.E-15,4.633333333333));
#1266 = SURFACE_CURVE('',#1267,(#1271,#1278),.PCURVE_S1.);
#1267 = LINE('',#1268,#1269);
#1268 = CARTESIAN_POINT('',(9.7,8.E-17,4.633333333333));
#1269 = VECTOR('',#1270,1.);
#1270 = DIRECTION('',(-1.,0.,0.));
#1271 = PCURVE('',#293,#1272);
#1272 = DEFINITIONAL_REPRESENTATION('',(#1273),#1277);
#1273 = LINE('',#1274,#1275);
#1274 = CARTESIAN_POINT('',(56.866666666667,-9.7));
#1275 = VECTOR('',#1276,1.);
#1276 = DIRECTION('',(-0.,1.));
#1277 = ( GEOMETRIC_REPRESENTATION_CONTEXT(2) 
PARAMETRIC_REPRESENTATION_CONTEXT() REPRESENTATION_CONTEXT('2D SPACE',''
  ) );
#1278 = PCURVE('',#1279,#1284);
#1279 = CYLINDRICAL_SURFACE('',#1280,0.333333333333);
#1280 = AXIS2_PLACEMENT_3D('',#1281,#1282,#1283);
#1281 = CARTESIAN_POINT('',(9.7,-0.333333333333,4.633333333333));
#1282 = DIRECTION('',(-1.,0.,0.));
#1283 = DIRECTION('',(0.,0.,-1.));
#1284 = DEFINITIONAL_REPRESENTATION('',(#1285),#1289);
#1285 = LINE('',#1286,#1287);
#1286 = CARTESIAN_POINT('',(-1.570796326795,0.));
#1287 = VECTOR('',#1288,1.);
#1288 = DIRECTION('',(-0.,1.));
#1289 = ( GEOMETRIC_REPRESENTATION_CONTEXT(2) 
PARAMETRIC_REPRESENTATION_CONTEXT() REPRESENTATION_CONTEXT('2D SPACE',''
  ) );
#1290 = ORIENTED_EDGE('',*,*,#1291,.T.);
#1291 = EDGE_CURVE('',#1264,#897,#1292,.T.);
#1292 = SURFACE_CURVE('',#1293,(#1298,#1305),.PCURVE_S1.);
#1293 = CIRCLE('',#1294,1.666666666667);
#1294 = AXIS2_PLACEMENT_3D('',#1295,#1296,#1297);
#1295 = CARTESIAN_POINT('',(-9.7,1.9E-16,6.3));
#1296 = DIRECTION('',(0.,1.,-7.E-17));
#1297 = DIRECTION('',(0.,-7.E-17,-1.));
#1298 = PCURVE('',#293,#1299);
#1299 = DEFINITIONAL_REPRESENTATION('',(#1300),#1304);
#1300 = CIRCLE('',#1301,1.666666666667);
#1301 = AXIS2_PLACEMENT_2D('',#1302,#1303);
#1302 = CARTESIAN_POINT('',(55.2,9.7));
#1303 = DIRECTION('',(1.,0.));
#1304 = ( GEOMETRIC_REPRESENTATION_CONTEXT(2) 
PARAMETRIC_REPRESENTATION_CONTEXT() REPRESENTATION_CONTEXT('2D SPACE',''
  ) );
#1305 = PCURVE('',#913,#1306);
#1306 = DEFINITIONAL_REPRESENTATION('',(#1307),#1311);
#1307 = LINE('',#1308,#1309);
#1308 = CARTESIAN_POINT('',(0.,1.570796326795));
#1309 = VECTOR('',#1310,1.);
#1310 = DIRECTION('',(1.,0.));
#1311 = ( GEOMETRIC_REPRESENTATION_CONTEXT(2) 
PARAMETRIC_REPRESENTATION_CONTEXT() REPRESENTATION_CONTEXT('2D SPACE',''
  ) );
#1312 = ORIENTED_EDGE('',*,*,#925,.T.);
#1313 = ORIENTED_EDGE('',*,*,#278,.T.);
#1314 = ADVANCED_FACE('',(#1315),#326,.F.);
#1315 = FACE_BOUND('',#1316,.F.);
#1316 = EDGE_LOOP('',(#1317,#1375,#1376,#1400,#1428,#1489,#1545,#1573,
    #1602,#1630,#1688));
#1317 = ORIENTED_EDGE('',*,*,#1318,.T.);
#1318 = EDGE_CURVE('',#1319,#311,#1321,.T.);
#1319 = VERTEX_POINT('',#1320);
#1320 = CARTESIAN_POINT('',(5.320718104143,-1.002829678928,
    73.007277217235));
#1321 = SURFACE_CURVE('',#1322,(#1331,#1343),.PCURVE_S1.);
#1322 = ( BOUNDED_CURVE() B_SPLINE_CURVE(7,(#1323,#1324,#1325,#1326,
    #1327,#1328,#1329,#1330),.UNSPECIFIED.,.F.,.F.) 
B_SPLINE_CURVE_WITH_KNOTS((8,8),(30.141592654367,30.893689335886),
.PIECEWISE_BEZIER_KNOTS.) CURVE() GEOMETRIC_REPRESENTATION_ITEM() 
RATIONAL_B_SPLINE_CURVE((1.,1.,1.,1.,1.,1.,1.,1.)) REPRESENTATION_ITEM(
  '') );
#1323 = CARTESIAN_POINT('',(5.320718104143,-1.002829678928,
    73.007277217235));
#1324 = CARTESIAN_POINT('',(5.320706119278,-1.002829227886,
    73.115370364866));
#1325 = CARTESIAN_POINT('',(5.314137308225,-1.00258246639,
    73.252448804895));
#1326 = CARTESIAN_POINT('',(5.299068517062,-1.002011641321,
    73.372224741398));
#1327 = CARTESIAN_POINT('',(5.27777600975,-1.00129565831,73.49744861902)
  );
#1328 = CARTESIAN_POINT('',(5.249068601023,-1.000537587658,
    73.618818260249));
#1329 = CARTESIAN_POINT('',(5.213225993725,-1.,73.739098882756));
#1330 = CARTESIAN_POINT('',(5.170287308294,-1.,73.856911572977));
#1331 = PCURVE('',#326,#1332);
#1332 = DEFINITIONAL_REPRESENTATION('',(#1333),#1342);
#1333 = B_SPLINE_CURVE_WITH_KNOTS('',7,(#1334,#1335,#1336,#1337,#1338,
    #1339,#1340,#1341),.UNSPECIFIED.,.F.,.F.,(8,8),(30.141592654367,
    30.893689335886),.PIECEWISE_BEZIER_KNOTS.);
#1334 = CARTESIAN_POINT('',(4.75000555,43.692722782765));
#1335 = CARTESIAN_POINT('',(4.750002551663,43.584629635134));
#1336 = CARTESIAN_POINT('',(4.74835918986,43.447551195104));
#1337 = CARTESIAN_POINT('',(4.744589293143,43.327775258603));
#1338 = CARTESIAN_POINT('',(4.739263197036,43.202551380979));
#1339 = CARTESIAN_POINT('',(4.732084300545,43.081181739751));
#1340 = CARTESIAN_POINT('',(4.723123651742,42.960901117244));
#1341 = CARTESIAN_POINT('',(4.712388980385,42.843088427023));
#1342 = ( GEOMETRIC_REPRESENTATION_CONTEXT(2) 
PARAMETRIC_REPRESENTATION_CONTEXT() REPRESENTATION_CONTEXT('2D SPACE',''
  ) );
#1343 = PCURVE('',#1344,#1369);
#1344 = ( BOUNDED_SURFACE() B_SPLINE_SURFACE(2,7,(
    (#1345,#1346,#1347,#1348,#1349,#1350,#1351,#1352)
    ,(#1353,#1354,#1355,#1356,#1357,#1358,#1359,#1360)
    ,(#1361,#1362,#1363,#1364,#1365,#1366,#1367,#1368
)),.UNSPECIFIED.,.F.,.F.,.F.) B_SPLINE_SURFACE_WITH_KNOTS((3,3),(8,8),(
    0.,0.752096681519),(30.141592654367,30.893689335886),
.PIECEWISE_BEZIER_KNOTS.) GEOMETRIC_REPRESENTATION_ITEM() 
RATIONAL_B_SPLINE_SURFACE((
    (1.,1.,1.,1.,1.,1.,1.,1.)
    ,(0.720277042239,0.720275453609,0.719690560278,0.718256861837
      ,0.716316891852,0.713737511075,0.710636858401,0.707106781187)
,(1.,1.,1.,1.,1.,1.,1.,1.))) REPRESENTATION_ITEM('') SURFACE() );
#1345 = CARTESIAN_POINT('',(5.320718104143,-1.002829678928,
    73.007277217235));
#1346 = CARTESIAN_POINT('',(5.320706119278,-1.002829227886,
    73.115370364866));
#1347 = CARTESIAN_POINT('',(5.314137308225,-1.00258246639,
    73.252448804895));
#1348 = CARTESIAN_POINT('',(5.299068517062,-1.002011641321,
    73.372224741398));
#1349 = CARTESIAN_POINT('',(5.27777600975,-1.00129565831,73.49744861902)
  );
#1350 = CARTESIAN_POINT('',(5.249068601023,-1.000537587658,
    73.618818260249));
#1351 = CARTESIAN_POINT('',(5.213225993725,-1.,73.739098882756));
#1352 = CARTESIAN_POINT('',(5.170287308294,-1.,73.856911572977));
#1353 = CARTESIAN_POINT('',(5.,-0.990759670453,73.));
#1354 = CARTESIAN_POINT('',(5.,-0.990760633438,73.107497937384));
#1355 = CARTESIAN_POINT('',(4.99325039283,-0.991034740628,
    73.215157804467));
#1356 = CARTESIAN_POINT('',(4.979736629243,-0.991742199412,
    73.322275461481));
#1357 = CARTESIAN_POINT('',(4.959505806397,-0.99276904267,
    73.428431853138));
#1358 = CARTESIAN_POINT('',(4.932677041438,-0.994358305627,
    73.532884524473));
#1359 = CARTESIAN_POINT('',(4.899508237999,-0.996688344009,
    73.635057411871));
#1360 = CARTESIAN_POINT('',(4.860246264253,-1.,73.734495633979));
#1361 = CARTESIAN_POINT('',(5.,-0.669732030957,73.));
#1362 = CARTESIAN_POINT('',(5.,-0.669731522512,73.107497700288));
#1363 = CARTESIAN_POINT('',(4.993255630851,-0.66946367907,
    73.214976845629));
#1364 = CARTESIAN_POINT('',(4.979795567721,-0.668840575902,
    73.321765298228));
#1365 = CARTESIAN_POINT('',(4.959649436113,-0.668062898541,
    73.427755969258));
#1366 = CARTESIAN_POINT('',(4.932896882934,-0.667242973404,
    73.532153587336));
#1367 = CARTESIAN_POINT('',(4.899704244886,-0.666666666667,
    73.634560988118));
#1368 = CARTESIAN_POINT('',(4.860246264253,-0.666666666667,
    73.734495633979));
#1369 = DEFINITIONAL_REPRESENTATION('',(#1370),#1374);
#1370 = LINE('',#1371,#1372);
#1371 = CARTESIAN_POINT('',(0.,0.));
#1372 = VECTOR('',#1373,1.);
#1373 = DIRECTION('',(0.,1.));
#1374 = ( GEOMETRIC_REPRESENTATION_CONTEXT(2) 
PARAMETRIC_REPRESENTATION_CONTEXT() REPRESENTATION_CONTEXT('2D SPACE',''
  ) );
#1375 = ORIENTED_EDGE('',*,*,#308,.F.);
#1376 = ORIENTED_EDGE('',*,*,#1377,.T.);
#1377 = EDGE_CURVE('',#309,#1378,#1380,.T.);
#1378 = VERTEX_POINT('',#1379);
#1379 = CARTESIAN_POINT('',(9.155066100661,-4.651377029009,116.7));
#1380 = SURFACE_CURVE('',#1381,(#1386,#1393),.PCURVE_S1.);
#1381 = CIRCLE('',#1382,4.);
#1382 = AXIS2_PLACEMENT_3D('',#1383,#1384,#1385);
#1383 = CARTESIAN_POINT('',(5.170287308294,-5.,116.7));
#1384 = DIRECTION('',(0.,0.,-1.));
#1385 = DIRECTION('',(1.,0.,0.));
#1386 = PCURVE('',#326,#1387);
#1387 = DEFINITIONAL_REPRESENTATION('',(#1388),#1392);
#1388 = LINE('',#1389,#1390);
#1389 = CARTESIAN_POINT('',(0.,0.));
#1390 = VECTOR('',#1391,1.);
#1391 = DIRECTION('',(1.,0.));
#1392 = ( GEOMETRIC_REPRESENTATION_CONTEXT(2) 
PARAMETRIC_REPRESENTATION_CONTEXT() REPRESENTATION_CONTEXT('2D SPACE',''
  ) );
#1393 = PCURVE('',#354,#1394);
#1394 = DEFINITIONAL_REPRESENTATION('',(#1395),#1399);
#1395 = CIRCLE('',#1396,4.);
#1396 = AXIS2_PLACEMENT_2D('',#1397,#1398);
#1397 = CARTESIAN_POINT('',(-0.320091589675,-4.60988907179));
#1398 = DIRECTION('',(0.,1.));
#1399 = ( GEOMETRIC_REPRESENTATION_CONTEXT(2) 
PARAMETRIC_REPRESENTATION_CONTEXT() REPRESENTATION_CONTEXT('2D SPACE',''
  ) );
#1400 = ORIENTED_EDGE('',*,*,#1401,.T.);
#1401 = EDGE_CURVE('',#1378,#1402,#1404,.T.);
#1402 = VERTEX_POINT('',#1403);
#1403 = CARTESIAN_POINT('',(9.155066100661,-4.651377029009,
    60.650988841439));
#1404 = SURFACE_CURVE('',#1405,(#1409,#1416),.PCURVE_S1.);
#1405 = LINE('',#1406,#1407);
#1406 = CARTESIAN_POINT('',(9.155066100661,-4.651377029009,116.7));
#1407 = VECTOR('',#1408,1.);
#1408 = DIRECTION('',(0.,0.,-1.));
#1409 = PCURVE('',#326,#1410);
#1410 = DEFINITIONAL_REPRESENTATION('',(#1411),#1415);
#1411 = LINE('',#1412,#1413);
#1412 = CARTESIAN_POINT('',(6.19591884458,0.));
#1413 = VECTOR('',#1414,1.);
#1414 = DIRECTION('',(0.,1.));
#1415 = ( GEOMETRIC_REPRESENTATION_CONTEXT(2) 
PARAMETRIC_REPRESENTATION_CONTEXT() REPRESENTATION_CONTEXT('2D SPACE',''
  ) );
#1416 = PCURVE('',#1417,#1422);
#1417 = PLANE('',#1418);
#1418 = AXIS2_PLACEMENT_3D('',#1419,#1420,#1421);
#1419 = CARTESIAN_POINT('',(9.7,-10.88,116.7));
#1420 = DIRECTION('',(-0.996194698092,-8.715574274766E-02,0.));
#1421 = DIRECTION('',(-8.715574274766E-02,0.996194698092,0.));
#1422 = DEFINITIONAL_REPRESENTATION('',(#1423),#1427);
#1423 = LINE('',#1424,#1425);
#1424 = CARTESIAN_POINT('',(6.252415298859,0.));
#1425 = VECTOR('',#1426,1.);
#1426 = DIRECTION('',(0.,1.));
#1427 = ( GEOMETRIC_REPRESENTATION_CONTEXT(2) 
PARAMETRIC_REPRESENTATION_CONTEXT() REPRESENTATION_CONTEXT('2D SPACE',''
  ) );
#1428 = ORIENTED_EDGE('',*,*,#1429,.F.);
#1429 = EDGE_CURVE('',#1430,#1402,#1432,.T.);
#1430 = VERTEX_POINT('',#1431);
#1431 = CARTESIAN_POINT('',(9.043270654502,-4.,59.3676));
#1432 = SURFACE_CURVE('',#1433,(#1448,#1466),.PCURVE_S1.);
#1433 = B_SPLINE_CURVE_WITH_KNOTS('',7,(#1434,#1435,#1436,#1437,#1438,
    #1439,#1440,#1441,#1442,#1443,#1444,#1445,#1446,#1447),
  .UNSPECIFIED.,.F.,.F.,(8,6,8),(0.,0.784139870586,1.),.UNSPECIFIED.);
#1434 = CARTESIAN_POINT('',(9.043270654502,-4.,59.3676));
#1435 = CARTESIAN_POINT('',(9.043270654502,-4.,59.527076676454));
#1436 = CARTESIAN_POINT('',(9.048088996963,-4.018661173188,
    59.686362254417));
#1437 = CARTESIAN_POINT('',(9.057704943867,-4.055904618166,
    59.843917532917));
#1438 = CARTESIAN_POINT('',(9.071570672672,-4.111943371111,
    59.998118381129));
#1439 = CARTESIAN_POINT('',(9.088593077588,-4.187184650642,
    60.147072702787));
#1440 = CARTESIAN_POINT('',(9.107067527636,-4.282140927055,
    60.28842095186));
#1441 = CARTESIAN_POINT('',(9.129444901517,-4.428949435432,
    60.454962973451));
#1442 = CARTESIAN_POINT('',(9.134206152523,-4.462175037631,
    60.490106271024));
#1443 = CARTESIAN_POINT('',(9.138847562924,-4.496940099918,
    60.52436892953));
#1444 = CARTESIAN_POINT('',(9.143314427897,-4.533245912999,
    60.557672832595));
#1445 = CARTESIAN_POINT('',(9.147548300827,-4.571090921871,
    60.589935779254));
#1446 = CARTESIAN_POINT('',(9.151487247563,-4.610470550918,
    60.621071361436));
#1447 = CARTESIAN_POINT('',(9.155066100661,-4.651377029009,
    60.650988841438));
#1448 = PCURVE('',#326,#1449);
#1449 = DEFINITIONAL_REPRESENTATION('',(#1450),#1465);
#1450 = B_SPLINE_CURVE_WITH_KNOTS('',7,(#1451,#1452,#1453,#1454,#1455,
    #1456,#1457,#1458,#1459,#1460,#1461,#1462,#1463,#1464),
  .UNSPECIFIED.,.F.,.F.,(8,6,8),(0.,0.784139870586,1.),.UNSPECIFIED.);
#1451 = CARTESIAN_POINT('',(6.030505052038,57.3324));
#1452 = CARTESIAN_POINT('',(6.030505052038,57.172923323546));
#1453 = CARTESIAN_POINT('',(6.035323345607,57.013637745584));
#1454 = CARTESIAN_POINT('',(6.044939565279,56.856082467083));
#1455 = CARTESIAN_POINT('',(6.059370933901,56.701881618871));
#1456 = CARTESIAN_POINT('',(6.07864801104,56.552927297213));
#1457 = CARTESIAN_POINT('',(6.102811982332,56.41157904814));
#1458 = CARTESIAN_POINT('',(6.139938021874,56.245037026549));
#1459 = CARTESIAN_POINT('',(6.148328940418,56.209893728976));
#1460 = CARTESIAN_POINT('',(6.157096656713,56.17563107047));
#1461 = CARTESIAN_POINT('',(6.166240623521,56.142327167405));
#1462 = CARTESIAN_POINT('',(6.175759890798,56.110064220746));
#1463 = CARTESIAN_POINT('',(6.185653161032,56.078928638564));
#1464 = CARTESIAN_POINT('',(6.19591884458,56.049011158562));
#1465 = ( GEOMETRIC_REPRESENTATION_CONTEXT(2) 
PARAMETRIC_REPRESENTATION_CONTEXT() REPRESENTATION_CONTEXT('2D SPACE',''
  ) );
#1466 = PCURVE('',#1467,#1472);
#1467 = CYLINDRICAL_SURFACE('',#1468,1.59);
#1468 = AXIS2_PLACEMENT_3D('',#1469,#1470,#1471);
#1469 = CARTESIAN_POINT('',(119.73305156435,-5.59,59.3676));
#1470 = DIRECTION('',(1.,0.,0.));
#1471 = DIRECTION('',(-0.,1.,0.));
#1472 = DEFINITIONAL_REPRESENTATION('',(#1473),#1488);
#1473 = B_SPLINE_CURVE_WITH_KNOTS('',7,(#1474,#1475,#1476,#1477,#1478,
    #1479,#1480,#1481,#1482,#1483,#1484,#1485,#1486,#1487),
  .UNSPECIFIED.,.F.,.F.,(8,6,8),(0.,0.784139870586,1.),.UNSPECIFIED.);
#1474 = CARTESIAN_POINT('',(6.28318530718,-110.6897809098));
#1475 = CARTESIAN_POINT('',(6.383485103692,-110.6897809098));
#1476 = CARTESIAN_POINT('',(6.483664613453,-110.6849625673));
#1477 = CARTESIAN_POINT('',(6.584404506998,-110.6753466204));
#1478 = CARTESIAN_POINT('',(6.686311745605,-110.6614808916));
#1479 = CARTESIAN_POINT('',(6.790022796222,-110.6444584867));
#1480 = CARTESIAN_POINT('',(6.89620147015,-110.6259840367));
#1481 = CARTESIAN_POINT('',(7.035831170078,-110.6036066628));
#1482 = CARTESIAN_POINT('',(7.066229751102,-110.5988454118));
#1483 = CARTESIAN_POINT('',(7.096897847503,-110.5942040014));
#1484 = CARTESIAN_POINT('',(7.127847273076,-110.5897371364));
#1485 = CARTESIAN_POINT('',(7.159090606614,-110.5855032635));
#1486 = CARTESIAN_POINT('',(7.190641562557,-110.5815643167));
#1487 = CARTESIAN_POINT('',(7.222515361651,-110.5779854636));
#1488 = ( GEOMETRIC_REPRESENTATION_CONTEXT(2) 
PARAMETRIC_REPRESENTATION_CONTEXT() REPRESENTATION_CONTEXT('2D SPACE',''
  ) );
#1489 = ORIENTED_EDGE('',*,*,#1490,.F.);
#1490 = EDGE_CURVE('',#1491,#1430,#1493,.T.);
#1491 = VERTEX_POINT('',#1492);
#1492 = CARTESIAN_POINT('',(9.155066100661,-4.651377029009,
    58.084211158561));
#1493 = SURFACE_CURVE('',#1494,(#1509,#1527),.PCURVE_S1.);
#1494 = B_SPLINE_CURVE_WITH_KNOTS('',7,(#1495,#1496,#1497,#1498,#1499,
    #1500,#1501,#1502,#1503,#1504,#1505,#1506,#1507,#1508),
  .UNSPECIFIED.,.F.,.F.,(8,6,8),(0.,0.21329341173,1.),.UNSPECIFIED.);
#1495 = CARTESIAN_POINT('',(9.155066100661,-4.651377029009,
    58.084211158562));
#1496 = CARTESIAN_POINT('',(9.151529816753,-4.610957118986,
    58.113772780736));
#1497 = CARTESIAN_POINT('',(9.147641939319,-4.572027774896,
    58.14452382974));
#1498 = CARTESIAN_POINT('',(9.143465339554,-4.534596602758,
    58.176376720438));
#1499 = CARTESIAN_POINT('',(9.139059813874,-4.498668145271,
    58.209247980385));
#1500 = CARTESIAN_POINT('',(9.134481841142,-4.464244046709,
    58.243058133307));
#1501 = CARTESIAN_POINT('',(9.129784339899,-4.431323217807,
    58.277731582581));
#1502 = CARTESIAN_POINT('',(9.107430558453,-4.284008695072,
    58.444004473275));
#1503 = CARTESIAN_POINT('',(9.088871938508,-4.188417869462,
    58.58569053683));
#1504 = CARTESIAN_POINT('',(9.071752476395,-4.112678216887,
    58.735063176736));
#1505 = CARTESIAN_POINT('',(9.057799501014,-4.056270848405,
    58.889735588033));
#1506 = CARTESIAN_POINT('',(9.04812055949,-4.018783411855,
    59.047795394721));
#1507 = CARTESIAN_POINT('',(9.043270654502,-4.,59.207601839316));
#1508 = CARTESIAN_POINT('',(9.043270654502,-4.,59.3676));
#1509 = PCURVE('',#326,#1510);
#1510 = DEFINITIONAL_REPRESENTATION('',(#1511),#1526);
#1511 = B_SPLINE_CURVE_WITH_KNOTS('',7,(#1512,#1513,#1514,#1515,#1516,
    #1517,#1518,#1519,#1520,#1521,#1522,#1523,#1524,#1525),
  .UNSPECIFIED.,.F.,.F.,(8,6,8),(0.,0.21329341173,1.),.UNSPECIFIED.);
#1512 = CARTESIAN_POINT('',(6.19591884458,58.615788841439));
#1513 = CARTESIAN_POINT('',(6.185775267701,58.586227219264));
#1514 = CARTESIAN_POINT('',(6.175995253117,58.55547617026));
#1515 = CARTESIAN_POINT('',(6.1665803615,58.523623279562));
#1516 = CARTESIAN_POINT('',(6.157531871002,58.490752019615));
#1517 = CARTESIAN_POINT('',(6.148850725078,58.456941866693));
#1518 = CARTESIAN_POINT('',(6.140537480295,58.422268417419));
#1519 = CARTESIAN_POINT('',(6.103287262046,58.255995526725));
#1520 = CARTESIAN_POINT('',(6.078963958004,58.11430946317));
#1521 = CARTESIAN_POINT('',(6.059560172996,57.964936823264));
#1522 = CARTESIAN_POINT('',(6.04503412591,57.810264411966));
#1523 = CARTESIAN_POINT('',(6.035354907405,57.652204605279));
#1524 = CARTESIAN_POINT('',(6.030505052038,57.492398160684));
#1525 = CARTESIAN_POINT('',(6.030505052038,57.3324));
#1526 = ( GEOMETRIC_REPRESENTATION_CONTEXT(2) 
PARAMETRIC_REPRESENTATION_CONTEXT() REPRESENTATION_CONTEXT('2D SPACE',''
  ) );
#1527 = PCURVE('',#1467,#1528);
#1528 = DEFINITIONAL_REPRESENTATION('',(#1529),#1544);
#1529 = B_SPLINE_CURVE_WITH_KNOTS('',7,(#1530,#1531,#1532,#1533,#1534,
    #1535,#1536,#1537,#1538,#1539,#1540,#1541,#1542,#1543),
  .UNSPECIFIED.,.F.,.F.,(8,6,8),(0.,0.21329341173,1.),.UNSPECIFIED.);
#1530 = CARTESIAN_POINT('',(5.343855252708,-110.5779854636));
#1531 = CARTESIAN_POINT('',(5.375349924252,-110.5815217476));
#1532 = CARTESIAN_POINT('',(5.406529524726,-110.585409625));
#1533 = CARTESIAN_POINT('',(5.437408666493,-110.5895862248));
#1534 = CARTESIAN_POINT('',(5.468000529626,-110.5939917504));
#1535 = CARTESIAN_POINT('',(5.498317209127,-110.5985697232));
#1536 = CARTESIAN_POINT('',(5.528370062149,-110.6032672244));
#1537 = CARTESIAN_POINT('',(5.668083674629,-110.6256210059));
#1538 = CARTESIAN_POINT('',(5.774650593764,-110.6441796258));
#1539 = CARTESIAN_POINT('',(5.87872472438,-110.6612990879));
#1540 = CARTESIAN_POINT('',(5.980976993038,-110.6752520633));
#1541 = CARTESIAN_POINT('',(6.082050438071,-110.6849310048));
#1542 = CARTESIAN_POINT('',(6.182557533165,-110.6897809098));
#1543 = CARTESIAN_POINT('',(6.28318530718,-110.6897809098));
#1544 = ( GEOMETRIC_REPRESENTATION_CONTEXT(2) 
PARAMETRIC_REPRESENTATION_CONTEXT() REPRESENTATION_CONTEXT('2D SPACE',''
  ) );
#1545 = ORIENTED_EDGE('',*,*,#1546,.T.);
#1546 = EDGE_CURVE('',#1491,#1547,#1549,.T.);
#1547 = VERTEX_POINT('',#1548);
#1548 = CARTESIAN_POINT('',(9.155066100661,-4.651377029009,6.3));
#1549 = SURFACE_CURVE('',#1550,(#1554,#1561),.PCURVE_S1.);
#1550 = LINE('',#1551,#1552);
#1551 = CARTESIAN_POINT('',(9.155066100661,-4.651377029009,116.7));
#1552 = VECTOR('',#1553,1.);
#1553 = DIRECTION('',(0.,0.,-1.));
#1554 = PCURVE('',#326,#1555);
#1555 = DEFINITIONAL_REPRESENTATION('',(#1556),#1560);
#1556 = LINE('',#1557,#1558);
#1557 = CARTESIAN_POINT('',(6.19591884458,0.));
#1558 = VECTOR('',#1559,1.);
#1559 = DIRECTION('',(0.,1.));
#1560 = ( GEOMETRIC_REPRESENTATION_CONTEXT(2) 
PARAMETRIC_REPRESENTATION_CONTEXT() REPRESENTATION_CONTEXT('2D SPACE',''
  ) );
#1561 = PCURVE('',#1562,#1567);
#1562 = PLANE('',#1563);
#1563 = AXIS2_PLACEMENT_3D('',#1564,#1565,#1566);
#1564 = CARTESIAN_POINT('',(9.7,-10.88,116.7));
#1565 = DIRECTION('',(-0.996194698092,-8.715574274766E-02,0.));
#1566 = DIRECTION('',(-8.715574274766E-02,0.996194698092,0.));
#1567 = DEFINITIONAL_REPRESENTATION('',(#1568),#1572);
#1568 = LINE('',#1569,#1570);
#1569 = CARTESIAN_POINT('',(6.252415298859,0.));
#1570 = VECTOR('',#1571,1.);
#1571 = DIRECTION('',(0.,1.));
#1572 = ( GEOMETRIC_REPRESENTATION_CONTEXT(2) 
PARAMETRIC_REPRESENTATION_CONTEXT() REPRESENTATION_CONTEXT('2D SPACE',''
  ) );
#1573 = ORIENTED_EDGE('',*,*,#1574,.F.);
#1574 = EDGE_CURVE('',#1575,#1547,#1577,.T.);
#1575 = VERTEX_POINT('',#1576);
#1576 = CARTESIAN_POINT('',(5.170287308294,-1.,6.3));
#1577 = SURFACE_CURVE('',#1578,(#1583,#1590),.PCURVE_S1.);
#1578 = CIRCLE('',#1579,4.);
#1579 = AXIS2_PLACEMENT_3D('',#1580,#1581,#1582);
#1580 = CARTESIAN_POINT('',(5.170287308294,-5.,6.3));
#1581 = DIRECTION('',(0.,0.,-1.));
#1582 = DIRECTION('',(1.,0.,0.));
#1583 = PCURVE('',#326,#1584);
#1584 = DEFINITIONAL_REPRESENTATION('',(#1585),#1589);
#1585 = LINE('',#1586,#1587);
#1586 = CARTESIAN_POINT('',(0.,110.4));
#1587 = VECTOR('',#1588,1.);
#1588 = DIRECTION('',(1.,0.));
#1589 = ( GEOMETRIC_REPRESENTATION_CONTEXT(2) 
PARAMETRIC_REPRESENTATION_CONTEXT() REPRESENTATION_CONTEXT('2D SPACE',''
  ) );
#1590 = PCURVE('',#1591,#1596);
#1591 = PLANE('',#1592);
#1592 = AXIS2_PLACEMENT_3D('',#1593,#1594,#1595);
#1593 = CARTESIAN_POINT('',(9.780176380084,-4.679908410325,6.3));
#1594 = DIRECTION('',(0.,2.2E-16,-1.));
#1595 = DIRECTION('',(0.,1.,2.2E-16));
#1596 = DEFINITIONAL_REPRESENTATION('',(#1597),#1601);
#1597 = CIRCLE('',#1598,4.);
#1598 = AXIS2_PLACEMENT_2D('',#1599,#1600);
#1599 = CARTESIAN_POINT('',(-0.320091589675,-4.60988907179));
#1600 = DIRECTION('',(0.,1.));
#1601 = ( GEOMETRIC_REPRESENTATION_CONTEXT(2) 
PARAMETRIC_REPRESENTATION_CONTEXT() REPRESENTATION_CONTEXT('2D SPACE',''
  ) );
#1602 = ORIENTED_EDGE('',*,*,#1603,.F.);
#1603 = EDGE_CURVE('',#1604,#1575,#1606,.T.);
#1604 = VERTEX_POINT('',#1605);
#1605 = CARTESIAN_POINT('',(5.170287308294,-1.,51.143088427023));
#1606 = SURFACE_CURVE('',#1607,(#1611,#1618),.PCURVE_S1.);
#1607 = LINE('',#1608,#1609);
#1608 = CARTESIAN_POINT('',(5.170287308294,-1.,116.7));
#1609 = VECTOR('',#1610,1.);
#1610 = DIRECTION('',(0.,0.,-1.));
#1611 = PCURVE('',#326,#1612);
#1612 = DEFINITIONAL_REPRESENTATION('',(#1613),#1617);
#1613 = LINE('',#1614,#1615);
#1614 = CARTESIAN_POINT('',(4.712388980385,0.));
#1615 = VECTOR('',#1616,1.);
#1616 = DIRECTION('',(0.,1.));
#1617 = ( GEOMETRIC_REPRESENTATION_CONTEXT(2) 
PARAMETRIC_REPRESENTATION_CONTEXT() REPRESENTATION_CONTEXT('2D SPACE',''
  ) );
#1618 = PCURVE('',#1619,#1624);
#1619 = PLANE('',#1620);
#1620 = AXIS2_PLACEMENT_3D('',#1621,#1622,#1623);
#1621 = CARTESIAN_POINT('',(-3.E-17,-1.,61.5));
#1622 = DIRECTION('',(0.,-1.,2.2E-16));
#1623 = DIRECTION('',(0.,2.2E-16,1.));
#1624 = DEFINITIONAL_REPRESENTATION('',(#1625),#1629);
#1625 = LINE('',#1626,#1627);
#1626 = CARTESIAN_POINT('',(55.2,-5.170287308294));
#1627 = VECTOR('',#1628,1.);
#1628 = DIRECTION('',(-1.,-0.));
#1629 = ( GEOMETRIC_REPRESENTATION_CONTEXT(2) 
PARAMETRIC_REPRESENTATION_CONTEXT() REPRESENTATION_CONTEXT('2D SPACE',''
  ) );
#1630 = ORIENTED_EDGE('',*,*,#1631,.T.);
#1631 = EDGE_CURVE('',#1604,#1632,#1634,.T.);
#1632 = VERTEX_POINT('',#1633);
#1633 = CARTESIAN_POINT('',(5.320718104143,-1.002829678928,
    51.992722782764));
#1634 = SURFACE_CURVE('',#1635,(#1644,#1656),.PCURVE_S1.);
#1635 = ( BOUNDED_CURVE() B_SPLINE_CURVE(7,(#1636,#1637,#1638,#1639,
    #1640,#1641,#1642,#1643),.UNSPECIFIED.,.F.,.F.) 
B_SPLINE_CURVE_WITH_KNOTS((8,8),(8.389495971457,9.141592652975),
.PIECEWISE_BEZIER_KNOTS.) CURVE() GEOMETRIC_REPRESENTATION_ITEM() 
RATIONAL_B_SPLINE_CURVE((1.,1.,1.,1.,1.,1.,1.,1.)) REPRESENTATION_ITEM(
  '') );
#1636 = CARTESIAN_POINT('',(5.170287308294,-1.,51.143088427023));
#1637 = CARTESIAN_POINT('',(5.213225993723,-1.,51.260901117238));
#1638 = CARTESIAN_POINT('',(5.249068601026,-1.000537587658,
    51.381181739758));
#1639 = CARTESIAN_POINT('',(5.277776009746,-1.00129565831,
    51.502551380972));
#1640 = CARTESIAN_POINT('',(5.299068517065,-1.002011641321,
    51.627775258603));
#1641 = CARTESIAN_POINT('',(5.314137308224,-1.00258246639,
    51.747551195107));
#1642 = CARTESIAN_POINT('',(5.320706119278,-1.002829227886,
    51.884629635132));
#1643 = CARTESIAN_POINT('',(5.320718104143,-1.002829678928,
    51.992722782764));
#1644 = PCURVE('',#326,#1645);
#1645 = DEFINITIONAL_REPRESENTATION('',(#1646),#1655);
#1646 = B_SPLINE_CURVE_WITH_KNOTS('',7,(#1647,#1648,#1649,#1650,#1651,
    #1652,#1653,#1654),.UNSPECIFIED.,.F.,.F.,(8,8),(8.389495971457,
    9.141592652975),.PIECEWISE_BEZIER_KNOTS.);
#1647 = CARTESIAN_POINT('',(4.712388980385,65.556911572977));
#1648 = CARTESIAN_POINT('',(4.723123651742,65.439098882762));
#1649 = CARTESIAN_POINT('',(4.732084300545,65.318818260241));
#1650 = CARTESIAN_POINT('',(4.739263197035,65.19744861903));
#1651 = CARTESIAN_POINT('',(4.744589293143,65.072224741395));
#1652 = CARTESIAN_POINT('',(4.74835918986,64.952448804894));
#1653 = CARTESIAN_POINT('',(4.750002551662,64.815370364867));
#1654 = CARTESIAN_POINT('',(4.75000555,64.707277217236));
#1655 = ( GEOMETRIC_REPRESENTATION_CONTEXT(2) 
PARAMETRIC_REPRESENTATION_CONTEXT() REPRESENTATION_CONTEXT('2D SPACE',''
  ) );
#1656 = PCURVE('',#1657,#1682);
#1657 = ( BOUNDED_SURFACE() B_SPLINE_SURFACE(2,7,(
    (#1658,#1659,#1660,#1661,#1662,#1663,#1664,#1665)
    ,(#1666,#1667,#1668,#1669,#1670,#1671,#1672,#1673)
    ,(#1674,#1675,#1676,#1677,#1678,#1679,#1680,#1681
)),.UNSPECIFIED.,.F.,.F.,.F.) B_SPLINE_SURFACE_WITH_KNOTS((3,3),(8,8),(
    0.,0.752096681518),(8.389495971457,9.141592652975),
.PIECEWISE_BEZIER_KNOTS.) GEOMETRIC_REPRESENTATION_ITEM() 
RATIONAL_B_SPLINE_SURFACE((
    (1.,1.,1.,1.,1.,1.,1.,1.)
    ,(0.707106781187,0.710636858401,0.713737511076,0.716316891852
      ,0.718256861837,0.719690560278,0.720275453609,0.720277042239)
,(1.,1.,1.,1.,1.,1.,1.,1.))) REPRESENTATION_ITEM('') SURFACE() );
#1658 = CARTESIAN_POINT('',(5.170287308294,-1.,51.143088427023));
#1659 = CARTESIAN_POINT('',(5.213225993723,-1.,51.260901117238));
#1660 = CARTESIAN_POINT('',(5.249068601026,-1.000537587658,
    51.381181739758));
#1661 = CARTESIAN_POINT('',(5.277776009746,-1.00129565831,
    51.502551380972));
#1662 = CARTESIAN_POINT('',(5.299068517065,-1.002011641321,
    51.627775258603));
#1663 = CARTESIAN_POINT('',(5.314137308224,-1.00258246639,
    51.747551195107));
#1664 = CARTESIAN_POINT('',(5.320706119278,-1.002829227886,
    51.884629635132));
#1665 = CARTESIAN_POINT('',(5.320718104143,-1.002829678928,
    51.992722782764));
#1666 = CARTESIAN_POINT('',(4.860246264252,-1.,51.26550436602));
#1667 = CARTESIAN_POINT('',(4.899508237999,-0.996688344009,
    51.364942588129));
#1668 = CARTESIAN_POINT('',(4.932677041437,-0.994358305627,
    51.467115475525));
#1669 = CARTESIAN_POINT('',(4.959505806397,-0.99276904267,
    51.571568146863));
#1670 = CARTESIAN_POINT('',(4.979736629242,-0.991742199412,
    51.677724538518));
#1671 = CARTESIAN_POINT('',(4.99325039283,-0.991034740628,
    51.784842195533));
#1672 = CARTESIAN_POINT('',(5.,-0.990760633438,51.892502062616));
#1673 = CARTESIAN_POINT('',(5.,-0.990759670453,52.));
#1674 = CARTESIAN_POINT('',(4.860246264252,-0.666666666667,
    51.26550436602));
#1675 = CARTESIAN_POINT('',(4.899704244886,-0.666666666667,
    51.365439011882));
#1676 = CARTESIAN_POINT('',(4.932896882933,-0.667242973404,
    51.467846412662));
#1677 = CARTESIAN_POINT('',(4.959649436113,-0.668062898541,
    51.572244030743));
#1678 = CARTESIAN_POINT('',(4.979795567721,-0.668840575902,
    51.678234701772));
#1679 = CARTESIAN_POINT('',(4.993255630851,-0.66946367907,51.78502315437
    ));
#1680 = CARTESIAN_POINT('',(5.,-0.669731522512,51.892502299712));
#1681 = CARTESIAN_POINT('',(5.,-0.669732030957,52.));
#1682 = DEFINITIONAL_REPRESENTATION('',(#1683),#1687);
#1683 = LINE('',#1684,#1685);
#1684 = CARTESIAN_POINT('',(0.,0.));
#1685 = VECTOR('',#1686,1.);
#1686 = DIRECTION('',(0.,1.));
#1687 = ( GEOMETRIC_REPRESENTATION_CONTEXT(2) 
PARAMETRIC_REPRESENTATION_CONTEXT() REPRESENTATION_CONTEXT('2D SPACE',''
  ) );
#1688 = ORIENTED_EDGE('',*,*,#1689,.T.);
#1689 = EDGE_CURVE('',#1632,#1319,#1690,.T.);
#1690 = SURFACE_CURVE('',#1691,(#1704,#1720),.PCURVE_S1.);
#1691 = ( BOUNDED_CURVE() B_SPLINE_CURVE(11,(#1692,#1693,#1694,#1695,
    #1696,#1697,#1698,#1699,#1700,#1701,#1702,#1703),.UNSPECIFIED.,.F.,
.F.) B_SPLINE_CURVE_WITH_KNOTS((12,12),(9.141592652975,30.141592654367),
.PIECEWISE_BEZIER_KNOTS.) CURVE() GEOMETRIC_REPRESENTATION_ITEM() 
RATIONAL_B_SPLINE_CURVE((1.,1.,1.,1.000000000001,0.999999999999,
    1.000000000002,0.999999999999,1.000000000001,1.,1.,1.,1.)) 
REPRESENTATION_ITEM('') );
#1692 = CARTESIAN_POINT('',(5.320718104143,-1.002829678928,
    51.992722782764));
#1693 = CARTESIAN_POINT('',(5.320931057324,-1.002837693276,
    53.913376807632));
#1694 = CARTESIAN_POINT('',(5.320587024753,-1.002824752201,
    55.818253048077));
#1695 = CARTESIAN_POINT('',(5.321005817511,-1.002840494245,
    57.732337043647));
#1696 = CARTESIAN_POINT('',(5.320620717699,-1.002826030208,
    59.631324760675));
#1697 = CARTESIAN_POINT('',(5.320857944976,-1.002834935222,
    61.551398141801));
#1698 = CARTESIAN_POINT('',(5.320857944976,-1.002834935222,
    63.448601858202));
#1699 = CARTESIAN_POINT('',(5.320620717699,-1.002826030208,
    65.368675239319));
#1700 = CARTESIAN_POINT('',(5.321005817511,-1.002840494245,
    67.26766295636));
#1701 = CARTESIAN_POINT('',(5.320587024753,-1.002824752201,
    69.181746951924));
#1702 = CARTESIAN_POINT('',(5.320931057324,-1.002837693276,
    71.086623192376));
#1703 = CARTESIAN_POINT('',(5.320718104143,-1.002829678928,
    73.007277217235));
#1704 = PCURVE('',#326,#1705);
#1705 = DEFINITIONAL_REPRESENTATION('',(#1706),#1719);
#1706 = B_SPLINE_CURVE_WITH_KNOTS('',11,(#1707,#1708,#1709,#1710,#1711,
    #1712,#1713,#1714,#1715,#1716,#1717,#1718),.UNSPECIFIED.,.F.,.F.,(12
    ,12),(9.141592652975,30.141592654367),.PIECEWISE_BEZIER_KNOTS.);
#1707 = CARTESIAN_POINT('',(4.75000555,64.707277217236));
#1708 = CARTESIAN_POINT('',(4.750058825984,62.786623192373));
#1709 = CARTESIAN_POINT('',(4.749972757012,60.881746951902));
#1710 = CARTESIAN_POINT('',(4.750077529148,58.967662956404));
#1711 = CARTESIAN_POINT('',(4.749981186299,57.068675239239));
#1712 = CARTESIAN_POINT('',(4.750040534906,55.148601858307));
#1713 = CARTESIAN_POINT('',(4.750040534886,53.251398141698));
#1714 = CARTESIAN_POINT('',(4.749981186314,51.331324760751));
#1715 = CARTESIAN_POINT('',(4.750077529139,49.432337043603));
#1716 = CARTESIAN_POINT('',(4.749972757015,47.51825304809));
#1717 = CARTESIAN_POINT('',(4.750058825983,45.613376807621));
#1718 = CARTESIAN_POINT('',(4.75000555,43.692722782765));
#1719 = ( GEOMETRIC_REPRESENTATION_CONTEXT(2) 
PARAMETRIC_REPRESENTATION_CONTEXT() REPRESENTATION_CONTEXT('2D SPACE',''
  ) );
#1720 = PCURVE('',#1721,#1758);
#1721 = ( BOUNDED_SURFACE() B_SPLINE_SURFACE(2,11,(
    (#1722,#1723,#1724,#1725,#1726,#1727,#1728,#1729,#1730,#1731,#1732
      ,#1733)
    ,(#1734,#1735,#1736,#1737,#1738,#1739,#1740,#1741,#1742,#1743,#1744
      ,#1745)
    ,(#1746,#1747,#1748,#1749,#1750,#1751,#1752,#1753,#1754,#1755,#1756
,#1757
    )),.UNSPECIFIED.,.F.,.F.,.F.) B_SPLINE_SURFACE_WITH_KNOTS((3,3),(12,
    12),(0.,21.000000001392),(9.141592652975,30.141592654367),
.PIECEWISE_BEZIER_KNOTS.) GEOMETRIC_REPRESENTATION_ITEM() 
RATIONAL_B_SPLINE_SURFACE((
    (1.,1.,1.,1.000000000001,0.999999999999,1.000000000002
      ,0.999999999999,1.000000000001,1.,1.,1.,1.)
    ,(0.720277042239,0.720305269822,0.720259683629,0.720315147139
      ,0.72026417545,0.720295561782,0.720295561781,0.720264175451
      ,0.720315147138,0.720259683629,0.720305269822,0.720277042239)
    ,(1.,1.,1.,1.000000000001,0.999999999999,1.000000000002
,0.999999999999,1.000000000001,1.,1.,1.,1.
))) REPRESENTATION_ITEM('') SURFACE() );
#1722 = CARTESIAN_POINT('',(5.320718104143,-1.002829678928,
    51.992722782764));
#1723 = CARTESIAN_POINT('',(5.320931057324,-1.002837693276,
    53.913376807632));
#1724 = CARTESIAN_POINT('',(5.320587024753,-1.002824752201,
    55.818253048077));
#1725 = CARTESIAN_POINT('',(5.321005817511,-1.002840494245,
    57.732337043647));
#1726 = CARTESIAN_POINT('',(5.320620717699,-1.002826030208,
    59.631324760675));
#1727 = CARTESIAN_POINT('',(5.320857944976,-1.002834935222,
    61.551398141801));
#1728 = CARTESIAN_POINT('',(5.320857944976,-1.002834935222,
    63.448601858202));
#1729 = CARTESIAN_POINT('',(5.320620717699,-1.002826030208,
    65.368675239319));
#1730 = CARTESIAN_POINT('',(5.321005817511,-1.002840494245,
    67.26766295636));
#1731 = CARTESIAN_POINT('',(5.320587024753,-1.002824752201,
    69.181746951924));
#1732 = CARTESIAN_POINT('',(5.320931057324,-1.002837693276,
    71.086623192376));
#1733 = CARTESIAN_POINT('',(5.320718104143,-1.002829678928,
    73.007277217235));
#1734 = CARTESIAN_POINT('',(5.,-0.990759670453,52.));
#1735 = CARTESIAN_POINT('',(5.,-0.990742560351,53.909998960955));
#1736 = CARTESIAN_POINT('',(5.,-0.990770195761,55.815718914257));
#1737 = CARTESIAN_POINT('',(5.,-0.990736568107,57.730808622415));
#1738 = CARTESIAN_POINT('',(5.,-0.990767477155,59.631947568733));
#1739 = CARTESIAN_POINT('',(5.,-0.990748441891,61.550401056551));
#1740 = CARTESIAN_POINT('',(5.,-0.990748441891,63.449598943451));
#1741 = CARTESIAN_POINT('',(5.,-0.990767477155,65.368052431262));
#1742 = CARTESIAN_POINT('',(5.,-0.990736568107,67.269191377591));
#1743 = CARTESIAN_POINT('',(5.,-0.990770195761,69.184281085743));
#1744 = CARTESIAN_POINT('',(5.,-0.990742560351,71.090001039054));
#1745 = CARTESIAN_POINT('',(5.,-0.990759670453,73.));
#1746 = CARTESIAN_POINT('',(5.,-0.669732030957,52.));
#1747 = CARTESIAN_POINT('',(5.,-0.669741065269,53.910073813618));
#1748 = CARTESIAN_POINT('',(5.,-0.669726478261,55.815458233639));
#1749 = CARTESIAN_POINT('',(5.,-0.669744220648,57.731356517817));
#1750 = CARTESIAN_POINT('',(5.,-0.669727920553,59.631091131998));
#1751 = CARTESIAN_POINT('',(5.,-0.669737955136,61.551472028338));
#1752 = CARTESIAN_POINT('',(5.,-0.669737955136,63.448527971665));
#1753 = CARTESIAN_POINT('',(5.,-0.669727920553,65.368908867994));
#1754 = CARTESIAN_POINT('',(5.,-0.669744220648,67.268643482191));
#1755 = CARTESIAN_POINT('',(5.,-0.669726478261,69.18454176636));
#1756 = CARTESIAN_POINT('',(5.,-0.669741065269,71.08992618639));
#1757 = CARTESIAN_POINT('',(5.,-0.669732030957,73.));
#1758 = DEFINITIONAL_REPRESENTATION('',(#1759),#1763);
#1759 = LINE('',#1760,#1761);
#1760 = CARTESIAN_POINT('',(0.,0.));
#1761 = VECTOR('',#1762,1.);
#1762 = DIRECTION('',(0.,1.));
#1763 = ( GEOMETRIC_REPRESENTATION_CONTEXT(2) 
PARAMETRIC_REPRESENTATION_CONTEXT() REPRESENTATION_CONTEXT('2D SPACE',''
  ) );
#1764 = ADVANCED_FACE('',(#1765),#522,.T.);
#1765 = FACE_BOUND('',#1766,.T.);
#1766 = EDGE_LOOP('',(#1767,#1797,#1798,#1822));
#1767 = ORIENTED_EDGE('',*,*,#1768,.F.);
#1768 = EDGE_CURVE('',#311,#1769,#1771,.T.);
#1769 = VERTEX_POINT('',#1770);
#1770 = CARTESIAN_POINT('',(4.860246264253,-0.666666666667,
    73.734495633979));
#1771 = SURFACE_CURVE('',#1772,(#1776,#1790),.PCURVE_S1.);
#1772 = ( BOUNDED_CURVE() B_SPLINE_CURVE(2,(#1773,#1774,#1775),
.UNSPECIFIED.,.F.,.F.) B_SPLINE_CURVE_WITH_KNOTS((3,3),(0.,
0.752096681519),.PIECEWISE_BEZIER_KNOTS.) CURVE() 
GEOMETRIC_REPRESENTATION_ITEM() RATIONAL_B_SPLINE_CURVE((1.,
0.707106781187,1.)) REPRESENTATION_ITEM('') );
#1773 = CARTESIAN_POINT('',(5.170287308294,-1.,73.856911572977));
#1774 = CARTESIAN_POINT('',(4.860246264253,-1.,73.734495633979));
#1775 = CARTESIAN_POINT('',(4.860246264253,-0.666666666667,
    73.734495633979));
#1776 = PCURVE('',#522,#1777);
#1777 = DEFINITIONAL_REPRESENTATION('',(#1778),#1789);
#1778 = B_SPLINE_CURVE_WITH_KNOTS('',9,(#1779,#1780,#1781,#1782,#1783,
    #1784,#1785,#1786,#1787,#1788),.UNSPECIFIED.,.F.,.F.,(10,10),(0.,
    0.752096681519),.PIECEWISE_BEZIER_KNOTS.);
#1779 = CARTESIAN_POINT('',(0.376048341067,1.570796326795));
#1780 = CARTESIAN_POINT('',(0.376048341067,1.727931167059));
#1781 = CARTESIAN_POINT('',(0.376048341067,1.896571043842));
#1782 = CARTESIAN_POINT('',(0.376048341067,2.075362712985));
#1783 = CARTESIAN_POINT('',(0.376048341067,2.261541178926));
#1784 = CARTESIAN_POINT('',(0.376048341067,2.450847802495));
#1785 = CARTESIAN_POINT('',(0.376048341067,2.637026266041));
#1786 = CARTESIAN_POINT('',(0.376048341067,2.815817936994));
#1787 = CARTESIAN_POINT('',(0.376048341067,2.984457813326));
#1788 = CARTESIAN_POINT('',(0.376048341067,3.14159265359));
#1789 = ( GEOMETRIC_REPRESENTATION_CONTEXT(2) 
PARAMETRIC_REPRESENTATION_CONTEXT() REPRESENTATION_CONTEXT('2D SPACE',''
  ) );
#1790 = PCURVE('',#1344,#1791);
#1791 = DEFINITIONAL_REPRESENTATION('',(#1792),#1796);
#1792 = LINE('',#1793,#1794);
#1793 = CARTESIAN_POINT('',(0.,30.893689335886));
#1794 = VECTOR('',#1795,1.);
#1795 = DIRECTION('',(1.,0.));
#1796 = ( GEOMETRIC_REPRESENTATION_CONTEXT(2) 
PARAMETRIC_REPRESENTATION_CONTEXT() REPRESENTATION_CONTEXT('2D SPACE',''
  ) );
#1797 = ORIENTED_EDGE('',*,*,#507,.T.);
#1798 = ORIENTED_EDGE('',*,*,#1799,.T.);
#1799 = EDGE_CURVE('',#480,#1800,#1802,.T.);
#1800 = VERTEX_POINT('',#1801);
#1801 = CARTESIAN_POINT('',(3.,-0.666666666667,75.));
#1802 = SURFACE_CURVE('',#1803,(#1808,#1815),.PCURVE_S1.);
#1803 = CIRCLE('',#1804,0.333333333333);
#1804 = AXIS2_PLACEMENT_3D('',#1805,#1806,#1807);
#1805 = CARTESIAN_POINT('',(3.,-0.666666666667,75.333333333333));
#1806 = DIRECTION('',(1.,0.,-8.4E-16));
#1807 = DIRECTION('',(8.4E-16,4.4E-16,1.));
#1808 = PCURVE('',#522,#1809);
#1809 = DEFINITIONAL_REPRESENTATION('',(#1810),#1814);
#1810 = LINE('',#1811,#1812);
#1811 = CARTESIAN_POINT('',(1.570796326795,0.));
#1812 = VECTOR('',#1813,1.);
#1813 = DIRECTION('',(0.,1.));
#1814 = ( GEOMETRIC_REPRESENTATION_CONTEXT(2) 
PARAMETRIC_REPRESENTATION_CONTEXT() REPRESENTATION_CONTEXT('2D SPACE',''
  ) );
#1815 = PCURVE('',#495,#1816);
#1816 = DEFINITIONAL_REPRESENTATION('',(#1817),#1821);
#1817 = LINE('',#1818,#1819);
#1818 = CARTESIAN_POINT('',(1.570796326795,-0.));
#1819 = VECTOR('',#1820,1.);
#1820 = DIRECTION('',(-1.,0.));
#1821 = ( GEOMETRIC_REPRESENTATION_CONTEXT(2) 
PARAMETRIC_REPRESENTATION_CONTEXT() REPRESENTATION_CONTEXT('2D SPACE',''
  ) );
#1822 = ORIENTED_EDGE('',*,*,#1823,.F.);
#1823 = EDGE_CURVE('',#1769,#1800,#1824,.T.);
#1824 = SURFACE_CURVE('',#1825,(#1830,#1837),.PCURVE_S1.);
#1825 = CIRCLE('',#1826,2.);
#1826 = AXIS2_PLACEMENT_3D('',#1827,#1828,#1829);
#1827 = CARTESIAN_POINT('',(3.,-0.666666666667,73.));
#1828 = DIRECTION('',(0.,-1.,4.4E-16));
#1829 = DIRECTION('',(1.,3.08E-30,7.E-15));
#1830 = PCURVE('',#522,#1831);
#1831 = DEFINITIONAL_REPRESENTATION('',(#1832),#1836);
#1832 = LINE('',#1833,#1834);
#1833 = CARTESIAN_POINT('',(0.,3.14159265359));
#1834 = VECTOR('',#1835,1.);
#1835 = DIRECTION('',(1.,0.));
#1836 = ( GEOMETRIC_REPRESENTATION_CONTEXT(2) 
PARAMETRIC_REPRESENTATION_CONTEXT() REPRESENTATION_CONTEXT('2D SPACE',''
  ) );
#1837 = PCURVE('',#1838,#1843);
#1838 = CYLINDRICAL_SURFACE('',#1839,2.);
#1839 = AXIS2_PLACEMENT_3D('',#1840,#1841,#1842);
#1840 = CARTESIAN_POINT('',(3.,1.621E-14,73.));
#1841 = DIRECTION('',(0.,1.,-2.2E-16));
#1842 = DIRECTION('',(1.,0.,0.));
#1843 = DEFINITIONAL_REPRESENTATION('',(#1844),#1848);
#1844 = LINE('',#1845,#1846);
#1845 = CARTESIAN_POINT('',(-7.11E-15,-0.666666666667));
#1846 = VECTOR('',#1847,1.);
#1847 = DIRECTION('',(-1.,0.));
#1848 = ( GEOMETRIC_REPRESENTATION_CONTEXT(2) 
PARAMETRIC_REPRESENTATION_CONTEXT() REPRESENTATION_CONTEXT('2D SPACE',''
  ) );
#1849 = ADVANCED_FACE('',(#1850),#354,.F.);
#1850 = FACE_BOUND('',#1851,.F.);
#1851 = EDGE_LOOP('',(#1852,#1875,#1903,#1931,#1959,#1980,#1981));
#1852 = ORIENTED_EDGE('',*,*,#1853,.F.);
#1853 = EDGE_CURVE('',#1854,#339,#1856,.T.);
#1854 = VERTEX_POINT('',#1855);
#1855 = CARTESIAN_POINT('',(11.7,-8.88,116.7));
#1856 = SURFACE_CURVE('',#1857,(#1861,#1868),.PCURVE_S1.);
#1857 = LINE('',#1858,#1859);
#1858 = CARTESIAN_POINT('',(11.7,-8.88,116.7));
#1859 = VECTOR('',#1860,1.);
#1860 = DIRECTION('',(0.,1.,0.));
#1861 = PCURVE('',#354,#1862);
#1862 = DEFINITIONAL_REPRESENTATION('',(#1863),#1867);
#1863 = LINE('',#1864,#1865);
#1864 = CARTESIAN_POINT('',(-4.200091589675,1.919823619916));
#1865 = VECTOR('',#1866,1.);
#1866 = DIRECTION('',(1.,0.));
#1867 = ( GEOMETRIC_REPRESENTATION_CONTEXT(2) 
PARAMETRIC_REPRESENTATION_CONTEXT() REPRESENTATION_CONTEXT('2D SPACE',''
  ) );
#1868 = PCURVE('',#859,#1869);
#1869 = DEFINITIONAL_REPRESENTATION('',(#1870),#1874);
#1870 = LINE('',#1871,#1872);
#1871 = CARTESIAN_POINT('',(4.44,-55.2));
#1872 = VECTOR('',#1873,1.);
#1873 = DIRECTION('',(-1.,2.2E-16));
#1874 = ( GEOMETRIC_REPRESENTATION_CONTEXT(2) 
PARAMETRIC_REPRESENTATION_CONTEXT() REPRESENTATION_CONTEXT('2D SPACE',''
  ) );
#1875 = ORIENTED_EDGE('',*,*,#1876,.T.);
#1876 = EDGE_CURVE('',#1854,#1877,#1879,.T.);
#1877 = VERTEX_POINT('',#1878);
#1878 = CARTESIAN_POINT('',(13.2,-9.88,116.7));
#1879 = SURFACE_CURVE('',#1880,(#1884,#1891),.PCURVE_S1.);
#1880 = LINE('',#1881,#1882);
#1881 = CARTESIAN_POINT('',(11.7,-8.88,116.7));
#1882 = VECTOR('',#1883,1.);
#1883 = DIRECTION('',(0.832050294338,-0.554700196225,0.));
#1884 = PCURVE('',#354,#1885);
#1885 = DEFINITIONAL_REPRESENTATION('',(#1886),#1890);
#1886 = LINE('',#1887,#1888);
#1887 = CARTESIAN_POINT('',(-4.200091589675,1.919823619916));
#1888 = VECTOR('',#1889,1.);
#1889 = DIRECTION('',(-0.554700196225,0.832050294338));
#1890 = ( GEOMETRIC_REPRESENTATION_CONTEXT(2) 
PARAMETRIC_REPRESENTATION_CONTEXT() REPRESENTATION_CONTEXT('2D SPACE',''
  ) );
#1891 = PCURVE('',#1892,#1897);
#1892 = PLANE('',#1893);
#1893 = AXIS2_PLACEMENT_3D('',#1894,#1895,#1896);
#1894 = CARTESIAN_POINT('',(11.7,-8.88,116.7));
#1895 = DIRECTION('',(0.554700196225,0.832050294338,0.));
#1896 = DIRECTION('',(0.832050294338,-0.554700196225,0.));
#1897 = DEFINITIONAL_REPRESENTATION('',(#1898),#1902);
#1898 = LINE('',#1899,#1900);
#1899 = CARTESIAN_POINT('',(0.,0.));
#1900 = VECTOR('',#1901,1.);
#1901 = DIRECTION('',(1.,0.));
#1902 = ( GEOMETRIC_REPRESENTATION_CONTEXT(2) 
PARAMETRIC_REPRESENTATION_CONTEXT() REPRESENTATION_CONTEXT('2D SPACE',''
  ) );
#1903 = ORIENTED_EDGE('',*,*,#1904,.T.);
#1904 = EDGE_CURVE('',#1877,#1905,#1907,.T.);
#1905 = VERTEX_POINT('',#1906);
#1906 = CARTESIAN_POINT('',(11.7,-10.88,116.7));
#1907 = SURFACE_CURVE('',#1908,(#1912,#1919),.PCURVE_S1.);
#1908 = LINE('',#1909,#1910);
#1909 = CARTESIAN_POINT('',(13.2,-9.88,116.7));
#1910 = VECTOR('',#1911,1.);
#1911 = DIRECTION('',(-0.832050294338,-0.554700196225,0.));
#1912 = PCURVE('',#354,#1913);
#1913 = DEFINITIONAL_REPRESENTATION('',(#1914),#1918);
#1914 = LINE('',#1915,#1916);
#1915 = CARTESIAN_POINT('',(-5.200091589675,3.419823619916));
#1916 = VECTOR('',#1917,1.);
#1917 = DIRECTION('',(-0.554700196225,-0.832050294338));
#1918 = ( GEOMETRIC_REPRESENTATION_CONTEXT(2) 
PARAMETRIC_REPRESENTATION_CONTEXT() REPRESENTATION_CONTEXT('2D SPACE',''
  ) );
#1919 = PCURVE('',#1920,#1925);
#1920 = PLANE('',#1921);
#1921 = AXIS2_PLACEMENT_3D('',#1922,#1923,#1924);
#1922 = CARTESIAN_POINT('',(13.2,-9.88,116.7));
#1923 = DIRECTION('',(0.554700196225,-0.832050294338,0.));
#1924 = DIRECTION('',(-0.832050294338,-0.554700196225,0.));
#1925 = DEFINITIONAL_REPRESENTATION('',(#1926),#1930);
#1926 = LINE('',#1927,#1928);
#1927 = CARTESIAN_POINT('',(0.,0.));
#1928 = VECTOR('',#1929,1.);
#1929 = DIRECTION('',(1.,0.));
#1930 = ( GEOMETRIC_REPRESENTATION_CONTEXT(2) 
PARAMETRIC_REPRESENTATION_CONTEXT() REPRESENTATION_CONTEXT('2D SPACE',''
  ) );
#1931 = ORIENTED_EDGE('',*,*,#1932,.T.);
#1932 = EDGE_CURVE('',#1905,#1933,#1935,.T.);
#1933 = VERTEX_POINT('',#1934);
#1934 = CARTESIAN_POINT('',(9.7,-10.88,116.7));
#1935 = SURFACE_CURVE('',#1936,(#1940,#1947),.PCURVE_S1.);
#1936 = LINE('',#1937,#1938);
#1937 = CARTESIAN_POINT('',(11.7,-10.88,116.7));
#1938 = VECTOR('',#1939,1.);
#1939 = DIRECTION('',(-1.,0.,0.));
#1940 = PCURVE('',#354,#1941);
#1941 = DEFINITIONAL_REPRESENTATION('',(#1942),#1946);
#1942 = LINE('',#1943,#1944);
#1943 = CARTESIAN_POINT('',(-6.200091589675,1.919823619916));
#1944 = VECTOR('',#1945,1.);
#1945 = DIRECTION('',(0.,-1.));
#1946 = ( GEOMETRIC_REPRESENTATION_CONTEXT(2) 
PARAMETRIC_REPRESENTATION_CONTEXT() REPRESENTATION_CONTEXT('2D SPACE',''
  ) );
#1947 = PCURVE('',#1948,#1953);
#1948 = PLANE('',#1949);
#1949 = AXIS2_PLACEMENT_3D('',#1950,#1951,#1952);
#1950 = CARTESIAN_POINT('',(11.7,-10.88,116.7));
#1951 = DIRECTION('',(0.,-1.,0.));
#1952 = DIRECTION('',(-1.,0.,0.));
#1953 = DEFINITIONAL_REPRESENTATION('',(#1954),#1958);
#1954 = LINE('',#1955,#1956);
#1955 = CARTESIAN_POINT('',(0.,-0.));
#1956 = VECTOR('',#1957,1.);
#1957 = DIRECTION('',(1.,0.));
#1958 = ( GEOMETRIC_REPRESENTATION_CONTEXT(2) 
PARAMETRIC_REPRESENTATION_CONTEXT() REPRESENTATION_CONTEXT('2D SPACE',''
  ) );
#1959 = ORIENTED_EDGE('',*,*,#1960,.T.);
#1960 = EDGE_CURVE('',#1933,#1378,#1961,.T.);
#1961 = SURFACE_CURVE('',#1962,(#1966,#1973),.PCURVE_S1.);
#1962 = LINE('',#1963,#1964);
#1963 = CARTESIAN_POINT('',(9.7,-10.88,116.7));
#1964 = VECTOR('',#1965,1.);
#1965 = DIRECTION('',(-8.715574274766E-02,0.996194698092,0.));
#1966 = PCURVE('',#354,#1967);
#1967 = DEFINITIONAL_REPRESENTATION('',(#1968),#1972);
#1968 = LINE('',#1969,#1970);
#1969 = CARTESIAN_POINT('',(-6.200091589675,-8.017638008427E-02));
#1970 = VECTOR('',#1971,1.);
#1971 = DIRECTION('',(0.996194698092,-8.715574274766E-02));
#1972 = ( GEOMETRIC_REPRESENTATION_CONTEXT(2) 
PARAMETRIC_REPRESENTATION_CONTEXT() REPRESENTATION_CONTEXT('2D SPACE',''
  ) );
#1973 = PCURVE('',#1417,#1974);
#1974 = DEFINITIONAL_REPRESENTATION('',(#1975),#1979);
#1975 = LINE('',#1976,#1977);
#1976 = CARTESIAN_POINT('',(0.,0.));
#1977 = VECTOR('',#1978,1.);
#1978 = DIRECTION('',(1.,0.));
#1979 = ( GEOMETRIC_REPRESENTATION_CONTEXT(2) 
PARAMETRIC_REPRESENTATION_CONTEXT() REPRESENTATION_CONTEXT('2D SPACE',''
  ) );
#1980 = ORIENTED_EDGE('',*,*,#1377,.F.);
#1981 = ORIENTED_EDGE('',*,*,#338,.T.);
#1982 = ADVANCED_FACE('',(#1983),#495,.T.);
#1983 = FACE_BOUND('',#1984,.F.);
#1984 = EDGE_LOOP('',(#1985,#1986,#2014,#2036));
#1985 = ORIENTED_EDGE('',*,*,#1799,.T.);
#1986 = ORIENTED_EDGE('',*,*,#1987,.T.);
#1987 = EDGE_CURVE('',#1800,#1988,#1990,.T.);
#1988 = VERTEX_POINT('',#1989);
#1989 = CARTESIAN_POINT('',(-3.,-0.666666666667,75.));
#1990 = SURFACE_CURVE('',#1991,(#1995,#2002),.PCURVE_S1.);
#1991 = LINE('',#1992,#1993);
#1992 = CARTESIAN_POINT('',(3.,-0.666666666667,75.));
#1993 = VECTOR('',#1994,1.);
#1994 = DIRECTION('',(-1.,0.,0.));
#1995 = PCURVE('',#495,#1996);
#1996 = DEFINITIONAL_REPRESENTATION('',(#1997),#2001);
#1997 = LINE('',#1998,#1999);
#1998 = CARTESIAN_POINT('',(-1.570796326795,0.));
#1999 = VECTOR('',#2000,1.);
#2000 = DIRECTION('',(-0.,1.));
#2001 = ( GEOMETRIC_REPRESENTATION_CONTEXT(2) 
PARAMETRIC_REPRESENTATION_CONTEXT() REPRESENTATION_CONTEXT('2D SPACE',''
  ) );
#2002 = PCURVE('',#2003,#2008);
#2003 = PLANE('',#2004);
#2004 = AXIS2_PLACEMENT_3D('',#2005,#2006,#2007);
#2005 = CARTESIAN_POINT('',(-3.,1.665E-14,75.));
#2006 = DIRECTION('',(0.,2.2E-16,1.));
#2007 = DIRECTION('',(1.,0.,0.));
#2008 = DEFINITIONAL_REPRESENTATION('',(#2009),#2013);
#2009 = LINE('',#2010,#2011);
#2010 = CARTESIAN_POINT('',(6.,-0.666666666667));
#2011 = VECTOR('',#2012,1.);
#2012 = DIRECTION('',(-1.,0.));
#2013 = ( GEOMETRIC_REPRESENTATION_CONTEXT(2) 
PARAMETRIC_REPRESENTATION_CONTEXT() REPRESENTATION_CONTEXT('2D SPACE',''
  ) );
#2014 = ORIENTED_EDGE('',*,*,#2015,.F.);
#2015 = EDGE_CURVE('',#451,#1988,#2016,.T.);
#2016 = SURFACE_CURVE('',#2017,(#2022,#2029),.PCURVE_S1.);
#2017 = CIRCLE('',#2018,0.333333333333);
#2018 = AXIS2_PLACEMENT_3D('',#2019,#2020,#2021);
#2019 = CARTESIAN_POINT('',(-3.,-0.666666666667,75.333333333333));
#2020 = DIRECTION('',(1.,0.,0.));
#2021 = DIRECTION('',(0.,-1.,4.4E-16));
#2022 = PCURVE('',#495,#2023);
#2023 = DEFINITIONAL_REPRESENTATION('',(#2024),#2028);
#2024 = LINE('',#2025,#2026);
#2025 = CARTESIAN_POINT('',(-0.,6.));
#2026 = VECTOR('',#2027,1.);
#2027 = DIRECTION('',(-1.,0.));
#2028 = ( GEOMETRIC_REPRESENTATION_CONTEXT(2) 
PARAMETRIC_REPRESENTATION_CONTEXT() REPRESENTATION_CONTEXT('2D SPACE',''
  ) );
#2029 = PCURVE('',#467,#2030);
#2030 = DEFINITIONAL_REPRESENTATION('',(#2031),#2035);
#2031 = LINE('',#2032,#2033);
#2032 = CARTESIAN_POINT('',(0.,1.570796326795));
#2033 = VECTOR('',#2034,1.);
#2034 = DIRECTION('',(0.,1.));
#2035 = ( GEOMETRIC_REPRESENTATION_CONTEXT(2) 
PARAMETRIC_REPRESENTATION_CONTEXT() REPRESENTATION_CONTEXT('2D SPACE',''
  ) );
#2036 = ORIENTED_EDGE('',*,*,#479,.F.);
#2037 = ADVANCED_FACE('',(#2038),#467,.T.);
#2038 = FACE_BOUND('',#2039,.T.);
#2039 = EDGE_LOOP('',(#2040,#2041,#2042,#2098));
#2040 = ORIENTED_EDGE('',*,*,#2015,.F.);
#2041 = ORIENTED_EDGE('',*,*,#450,.T.);
#2042 = ORIENTED_EDGE('',*,*,#2043,.T.);
#2043 = EDGE_CURVE('',#423,#2044,#2046,.T.);
#2044 = VERTEX_POINT('',#2045);
#2045 = CARTESIAN_POINT('',(-4.860246264252,-0.666666666667,
    73.73449563398));
#2046 = SURFACE_CURVE('',#2047,(#2052,#2059),.PCURVE_S1.);
#2047 = CIRCLE('',#2048,0.333333333333);
#2048 = AXIS2_PLACEMENT_3D('',#2049,#2050,#2051);
#2049 = CARTESIAN_POINT('',(-5.170287308294,-0.666666666667,
    73.856911572977));
#2050 = DIRECTION('',(0.36724781699,4.1E-16,0.930123132126));
#2051 = DIRECTION('',(-0.930123132126,1.6E-16,0.36724781699));
#2052 = PCURVE('',#467,#2053);
#2053 = DEFINITIONAL_REPRESENTATION('',(#2054),#2058);
#2054 = LINE('',#2055,#2056);
#2055 = CARTESIAN_POINT('',(1.194747985728,0.));
#2056 = VECTOR('',#2057,1.);
#2057 = DIRECTION('',(0.,1.));
#2058 = ( GEOMETRIC_REPRESENTATION_CONTEXT(2) 
PARAMETRIC_REPRESENTATION_CONTEXT() REPRESENTATION_CONTEXT('2D SPACE',''
  ) );
#2059 = PCURVE('',#2060,#2085);
#2060 = ( BOUNDED_SURFACE() B_SPLINE_SURFACE(2,7,(
    (#2061,#2062,#2063,#2064,#2065,#2066,#2067,#2068)
    ,(#2069,#2070,#2071,#2072,#2073,#2074,#2075,#2076)
    ,(#2077,#2078,#2079,#2080,#2081,#2082,#2083,#2084
)),.UNSPECIFIED.,.F.,.F.,.F.) B_SPLINE_SURFACE_WITH_KNOTS((3,3),(8,8),(
    0.,0.75209668152),(41.672681278634,42.424777960155),
.PIECEWISE_BEZIER_KNOTS.) GEOMETRIC_REPRESENTATION_ITEM() 
RATIONAL_B_SPLINE_SURFACE((
    (1.,1.,1.,1.,1.,1.,1.,1.)
    ,(0.707106781187,0.7106368584,0.713737511076,0.716316891851
      ,0.718256861837,0.719690560278,0.720275453609,0.720277042239)
,(1.,1.,1.,1.,1.,1.,1.,1.))) REPRESENTATION_ITEM('') SURFACE() );
#2061 = CARTESIAN_POINT('',(-5.170287308294,-1.,73.856911572977));
#2062 = CARTESIAN_POINT('',(-5.213225993718,-1.,73.739098882774));
#2063 = CARTESIAN_POINT('',(-5.249068601033,-1.000537587658,
    73.618818260225));
#2064 = CARTESIAN_POINT('',(-5.277776009738,-1.00129565831,
    73.497448619048));
#2065 = CARTESIAN_POINT('',(-5.299068517069,-1.002011641321,
    73.372224741389));
#2066 = CARTESIAN_POINT('',(-5.314137308223,-1.00258246639,
    73.252448804896));
#2067 = CARTESIAN_POINT('',(-5.320706119278,-1.002829227886,
    73.115370364864));
#2068 = CARTESIAN_POINT('',(-5.320718104143,-1.002829678928,
    73.007277217236));
#2069 = CARTESIAN_POINT('',(-4.860246264252,-1.,73.734495633982));
#2070 = CARTESIAN_POINT('',(-4.899508237999,-0.996688344009,
    73.635057411871));
#2071 = CARTESIAN_POINT('',(-4.932677041435,-0.994358305627,
    73.532884524483));
#2072 = CARTESIAN_POINT('',(-4.9595058064,-0.992769042671,
    73.428431853128));
#2073 = CARTESIAN_POINT('',(-4.97973662924,-0.991742199411,
    73.322275461492));
#2074 = CARTESIAN_POINT('',(-4.993250392831,-0.991034740628,
    73.215157804464));
#2075 = CARTESIAN_POINT('',(-5.,-0.990760633438,73.10749793738));
#2076 = CARTESIAN_POINT('',(-5.,-0.990759670453,73.));
#2077 = CARTESIAN_POINT('',(-4.860246264252,-0.666666666667,
    73.734495633982));
#2078 = CARTESIAN_POINT('',(-4.899704244886,-0.666666666667,
    73.634560988118));
#2079 = CARTESIAN_POINT('',(-4.932896882931,-0.667242973404,
    73.532153587346));
#2080 = CARTESIAN_POINT('',(-4.959649436116,-0.668062898541,
    73.427755969248));
#2081 = CARTESIAN_POINT('',(-4.979795567718,-0.668840575902,
    73.321765298239));
#2082 = CARTESIAN_POINT('',(-4.993255630852,-0.66946367907,
    73.214976845627));
#2083 = CARTESIAN_POINT('',(-5.,-0.669731522512,73.107497700285));
#2084 = CARTESIAN_POINT('',(-5.,-0.669732030957,73.));
#2085 = DEFINITIONAL_REPRESENTATION('',(#2086),#2097);
#2086 = B_SPLINE_CURVE_WITH_KNOTS('',9,(#2087,#2088,#2089,#2090,#2091,
    #2092,#2093,#2094,#2095,#2096),.UNSPECIFIED.,.F.,.F.,(10,10),(
    1.570796326795,3.14159265359),.PIECEWISE_BEZIER_KNOTS.);
#2087 = CARTESIAN_POINT('',(0.,41.672681278634));
#2088 = CARTESIAN_POINT('',(9.281881983809E-02,41.672681278634));
#2089 = CARTESIAN_POINT('',(0.17808869827,41.672681278636));
#2090 = CARTESIAN_POINT('',(0.258906361236,41.672681278633));
#2091 = CARTESIAN_POINT('',(0.337256799593,41.672681278637));
#2092 = CARTESIAN_POINT('',(0.414839881928,41.672681278633));
#2093 = CARTESIAN_POINT('',(0.493190320283,41.672681278636));
#2094 = CARTESIAN_POINT('',(0.57400798325,41.672681278634));
#2095 = CARTESIAN_POINT('',(0.659277861682,41.672681278635));
#2096 = CARTESIAN_POINT('',(0.75209668152,41.672681278634));
#2097 = ( GEOMETRIC_REPRESENTATION_CONTEXT(2) 
PARAMETRIC_REPRESENTATION_CONTEXT() REPRESENTATION_CONTEXT('2D SPACE',''
  ) );
#2098 = ORIENTED_EDGE('',*,*,#2099,.F.);
#2099 = EDGE_CURVE('',#1988,#2044,#2100,.T.);
#2100 = SURFACE_CURVE('',#2101,(#2106,#2113),.PCURVE_S1.);
#2101 = CIRCLE('',#2102,2.);
#2102 = AXIS2_PLACEMENT_3D('',#2103,#2104,#2105);
#2103 = CARTESIAN_POINT('',(-3.,-0.666666666667,73.));
#2104 = DIRECTION('',(0.,-1.,4.4E-16));
#2105 = DIRECTION('',(6.7E-16,4.4E-16,1.));
#2106 = PCURVE('',#467,#2107);
#2107 = DEFINITIONAL_REPRESENTATION('',(#2108),#2112);
#2108 = LINE('',#2109,#2110);
#2109 = CARTESIAN_POINT('',(0.,3.14159265359));
#2110 = VECTOR('',#2111,1.);
#2111 = DIRECTION('',(1.,0.));
#2112 = ( GEOMETRIC_REPRESENTATION_CONTEXT(2) 
PARAMETRIC_REPRESENTATION_CONTEXT() REPRESENTATION_CONTEXT('2D SPACE',''
  ) );
#2113 = PCURVE('',#2114,#2119);
#2114 = CYLINDRICAL_SURFACE('',#2115,2.);
#2115 = AXIS2_PLACEMENT_3D('',#2116,#2117,#2118);
#2116 = CARTESIAN_POINT('',(-3.,1.621E-14,73.));
#2117 = DIRECTION('',(0.,1.,-2.2E-16));
#2118 = DIRECTION('',(1.,0.,0.));
#2119 = DEFINITIONAL_REPRESENTATION('',(#2120),#2124);
#2120 = LINE('',#2121,#2122);
#2121 = CARTESIAN_POINT('',(-1.570796326795,-0.666666666667));
#2122 = VECTOR('',#2123,1.);
#2123 = DIRECTION('',(-1.,0.));
#2124 = ( GEOMETRIC_REPRESENTATION_CONTEXT(2) 
PARAMETRIC_REPRESENTATION_CONTEXT() REPRESENTATION_CONTEXT('2D SPACE',''
  ) );
#2125 = ADVANCED_FACE('',(#2126),#438,.F.);
#2126 = FACE_BOUND('',#2127,.T.);
#2127 = EDGE_LOOP('',(#2128,#2161,#2162,#2190,#2218,#2274,#2330,#2358,
    #2386,#2409,#2467));
#2128 = ORIENTED_EDGE('',*,*,#2129,.F.);
#2129 = EDGE_CURVE('',#423,#2130,#2132,.T.);
#2130 = VERTEX_POINT('',#2131);
#2131 = CARTESIAN_POINT('',(-5.320718104143,-1.002829678928,
    73.007277217236));
#2132 = SURFACE_CURVE('',#2133,(#2142,#2154),.PCURVE_S1.);
#2133 = ( BOUNDED_CURVE() B_SPLINE_CURVE(7,(#2134,#2135,#2136,#2137,
    #2138,#2139,#2140,#2141),.UNSPECIFIED.,.F.,.F.) 
B_SPLINE_CURVE_WITH_KNOTS((8,8),(41.672681278634,42.424777960155),
.PIECEWISE_BEZIER_KNOTS.) CURVE() GEOMETRIC_REPRESENTATION_ITEM() 
RATIONAL_B_SPLINE_CURVE((1.,1.,1.,1.,1.,1.,1.,1.)) REPRESENTATION_ITEM(
  '') );
#2134 = CARTESIAN_POINT('',(-5.170287308294,-1.,73.856911572977));
#2135 = CARTESIAN_POINT('',(-5.213225993718,-1.,73.739098882774));
#2136 = CARTESIAN_POINT('',(-5.249068601033,-1.000537587658,
    73.618818260225));
#2137 = CARTESIAN_POINT('',(-5.277776009738,-1.00129565831,
    73.497448619048));
#2138 = CARTESIAN_POINT('',(-5.299068517069,-1.002011641321,
    73.372224741389));
#2139 = CARTESIAN_POINT('',(-5.314137308223,-1.00258246639,
    73.252448804896));
#2140 = CARTESIAN_POINT('',(-5.320706119278,-1.002829227886,
    73.115370364864));
#2141 = CARTESIAN_POINT('',(-5.320718104143,-1.002829678928,
    73.007277217236));
#2142 = PCURVE('',#438,#2143);
#2143 = DEFINITIONAL_REPRESENTATION('',(#2144),#2153);
#2144 = B_SPLINE_CURVE_WITH_KNOTS('',7,(#2145,#2146,#2147,#2148,#2149,
    #2150,#2151,#2152),.UNSPECIFIED.,.F.,.F.,(8,8),(41.672681278634,
    42.424777960155),.PIECEWISE_BEZIER_KNOTS.);
#2145 = CARTESIAN_POINT('',(-4.712388980385,42.843088427023));
#2146 = CARTESIAN_POINT('',(-4.723123651741,42.960901117226));
#2147 = CARTESIAN_POINT('',(-4.732084300547,43.081181739776));
#2148 = CARTESIAN_POINT('',(-4.739263197033,43.202551380951));
#2149 = CARTESIAN_POINT('',(-4.744589293144,43.327775258613));
#2150 = CARTESIAN_POINT('',(-4.74835918986,43.447551195104));
#2151 = CARTESIAN_POINT('',(-4.750002551663,43.584629635136));
#2152 = CARTESIAN_POINT('',(-4.75000555,43.692722782764));
#2153 = ( GEOMETRIC_REPRESENTATION_CONTEXT(2) 
PARAMETRIC_REPRESENTATION_CONTEXT() REPRESENTATION_CONTEXT('2D SPACE',''
  ) );
#2154 = PCURVE('',#2060,#2155);
#2155 = DEFINITIONAL_REPRESENTATION('',(#2156),#2160);
#2156 = LINE('',#2157,#2158);
#2157 = CARTESIAN_POINT('',(0.,0.));
#2158 = VECTOR('',#2159,1.);
#2159 = DIRECTION('',(0.,1.));
#2160 = ( GEOMETRIC_REPRESENTATION_CONTEXT(2) 
PARAMETRIC_REPRESENTATION_CONTEXT() REPRESENTATION_CONTEXT('2D SPACE',''
  ) );
#2161 = ORIENTED_EDGE('',*,*,#422,.F.);
#2162 = ORIENTED_EDGE('',*,*,#2163,.T.);
#2163 = EDGE_CURVE('',#395,#2164,#2166,.T.);
#2164 = VERTEX_POINT('',#2165);
#2165 = CARTESIAN_POINT('',(-9.155066100661,-4.651377029009,116.7));
#2166 = SURFACE_CURVE('',#2167,(#2172,#2179),.PCURVE_S1.);
#2167 = CIRCLE('',#2168,4.);
#2168 = AXIS2_PLACEMENT_3D('',#2169,#2170,#2171);
#2169 = CARTESIAN_POINT('',(-5.170287308294,-5.,116.7));
#2170 = DIRECTION('',(0.,0.,1.));
#2171 = DIRECTION('',(-1.,0.,0.));
#2172 = PCURVE('',#438,#2173);
#2173 = DEFINITIONAL_REPRESENTATION('',(#2174),#2178);
#2174 = LINE('',#2175,#2176);
#2175 = CARTESIAN_POINT('',(-0.,0.));
#2176 = VECTOR('',#2177,1.);
#2177 = DIRECTION('',(-1.,0.));
#2178 = ( GEOMETRIC_REPRESENTATION_CONTEXT(2) 
PARAMETRIC_REPRESENTATION_CONTEXT() REPRESENTATION_CONTEXT('2D SPACE',''
  ) );
#2179 = PCURVE('',#410,#2180);
#2180 = DEFINITIONAL_REPRESENTATION('',(#2181),#2189);
#2181 = ( BOUNDED_CURVE() B_SPLINE_CURVE(2,(#2182,#2183,#2184,#2185,
#2186,#2187,#2188),.UNSPECIFIED.,.T.,.F.) B_SPLINE_CURVE_WITH_KNOTS((1,2
    ,2,2,2,1),(-2.094395102393,0.,2.094395102393,4.188790204786,
6.28318530718,8.377580409573),.UNSPECIFIED.) CURVE() 
GEOMETRIC_REPRESENTATION_ITEM() RATIONAL_B_SPLINE_CURVE((1.,0.5,1.,0.5,
1.,0.5,1.)) REPRESENTATION_ITEM('') );
#2182 = CARTESIAN_POINT('',(0.320091589675,-0.60988907179));
#2183 = CARTESIAN_POINT('',(7.248294819951,-0.60988907179));
#2184 = CARTESIAN_POINT('',(3.784193204813,-6.60988907179));
#2185 = CARTESIAN_POINT('',(0.320091589675,-12.60988907179));
#2186 = CARTESIAN_POINT('',(-3.144010025463,-6.60988907179));
#2187 = CARTESIAN_POINT('',(-6.6081116406,-0.60988907179));
#2188 = CARTESIAN_POINT('',(0.320091589675,-0.60988907179));
#2189 = ( GEOMETRIC_REPRESENTATION_CONTEXT(2) 
PARAMETRIC_REPRESENTATION_CONTEXT() REPRESENTATION_CONTEXT('2D SPACE',''
  ) );
#2190 = ORIENTED_EDGE('',*,*,#2191,.T.);
#2191 = EDGE_CURVE('',#2164,#2192,#2194,.T.);
#2192 = VERTEX_POINT('',#2193);
#2193 = CARTESIAN_POINT('',(-9.155066100661,-4.651377029009,
    60.650988841439));
#2194 = SURFACE_CURVE('',#2195,(#2199,#2206),.PCURVE_S1.);
#2195 = LINE('',#2196,#2197);
#2196 = CARTESIAN_POINT('',(-9.155066100661,-4.651377029009,116.7));
#2197 = VECTOR('',#2198,1.);
#2198 = DIRECTION('',(0.,0.,-1.));
#2199 = PCURVE('',#438,#2200);
#2200 = DEFINITIONAL_REPRESENTATION('',(#2201),#2205);
#2201 = LINE('',#2202,#2203);
#2202 = CARTESIAN_POINT('',(-6.19591884458,0.));
#2203 = VECTOR('',#2204,1.);
#2204 = DIRECTION('',(-0.,1.));
#2205 = ( GEOMETRIC_REPRESENTATION_CONTEXT(2) 
PARAMETRIC_REPRESENTATION_CONTEXT() REPRESENTATION_CONTEXT('2D SPACE',''
  ) );
#2206 = PCURVE('',#2207,#2212);
#2207 = PLANE('',#2208);
#2208 = AXIS2_PLACEMENT_3D('',#2209,#2210,#2211);
#2209 = CARTESIAN_POINT('',(-9.7,-10.88,116.7));
#2210 = DIRECTION('',(0.996194698092,-8.715574274766E-02,0.));
#2211 = DIRECTION('',(-8.715574274766E-02,-0.996194698092,-0.));
#2212 = DEFINITIONAL_REPRESENTATION('',(#2213),#2217);
#2213 = LINE('',#2214,#2215);
#2214 = CARTESIAN_POINT('',(-6.252415298859,0.));
#2215 = VECTOR('',#2216,1.);
#2216 = DIRECTION('',(-0.,1.));
#2217 = ( GEOMETRIC_REPRESENTATION_CONTEXT(2) 
PARAMETRIC_REPRESENTATION_CONTEXT() REPRESENTATION_CONTEXT('2D SPACE',''
  ) );
#2218 = ORIENTED_EDGE('',*,*,#2219,.F.);
#2219 = EDGE_CURVE('',#2220,#2192,#2222,.T.);
#2220 = VERTEX_POINT('',#2221);
#2221 = CARTESIAN_POINT('',(-9.043270654502,-4.,59.3676));
#2222 = SURFACE_CURVE('',#2223,(#2238,#2256),.PCURVE_S1.);
#2223 = B_SPLINE_CURVE_WITH_KNOTS('',7,(#2224,#2225,#2226,#2227,#2228,
    #2229,#2230,#2231,#2232,#2233,#2234,#2235,#2236,#2237),
  .UNSPECIFIED.,.F.,.F.,(8,6,8),(0.,0.784139870586,1.),.UNSPECIFIED.);
#2224 = CARTESIAN_POINT('',(-9.043270654502,-4.,59.3676));
#2225 = CARTESIAN_POINT('',(-9.043270654502,-4.,59.527076676454));
#2226 = CARTESIAN_POINT('',(-9.048088996963,-4.018661173188,
    59.686362254417));
#2227 = CARTESIAN_POINT('',(-9.057704943867,-4.055904618166,
    59.843917532917));
#2228 = CARTESIAN_POINT('',(-9.071570672672,-4.111943371111,
    59.998118381129));
#2229 = CARTESIAN_POINT('',(-9.088593077588,-4.187184650642,
    60.147072702787));
#2230 = CARTESIAN_POINT('',(-9.107067527636,-4.282140927055,
    60.28842095186));
#2231 = CARTESIAN_POINT('',(-9.129444901517,-4.428949435432,
    60.454962973451));
#2232 = CARTESIAN_POINT('',(-9.134206152523,-4.462175037631,
    60.490106271024));
#2233 = CARTESIAN_POINT('',(-9.138847562924,-4.496940099918,
    60.52436892953));
#2234 = CARTESIAN_POINT('',(-9.143314427897,-4.533245912999,
    60.557672832595));
#2235 = CARTESIAN_POINT('',(-9.147548300827,-4.571090921871,
    60.589935779254));
#2236 = CARTESIAN_POINT('',(-9.151487247563,-4.610470550918,
    60.621071361436));
#2237 = CARTESIAN_POINT('',(-9.155066100661,-4.651377029009,
    60.650988841438));
#2238 = PCURVE('',#438,#2239);
#2239 = DEFINITIONAL_REPRESENTATION('',(#2240),#2255);
#2240 = B_SPLINE_CURVE_WITH_KNOTS('',7,(#2241,#2242,#2243,#2244,#2245,
    #2246,#2247,#2248,#2249,#2250,#2251,#2252,#2253,#2254),
  .UNSPECIFIED.,.F.,.F.,(8,6,8),(0.,0.784139870586,1.),.UNSPECIFIED.);
#2241 = CARTESIAN_POINT('',(-6.030505052038,57.3324));
#2242 = CARTESIAN_POINT('',(-6.030505052038,57.172923323546));
#2243 = CARTESIAN_POINT('',(-6.035323345607,57.013637745583));
#2244 = CARTESIAN_POINT('',(-6.044939565279,56.856082467083));
#2245 = CARTESIAN_POINT('',(-6.059370933901,56.701881618871));
#2246 = CARTESIAN_POINT('',(-6.07864801104,56.552927297213));
#2247 = CARTESIAN_POINT('',(-6.102811982332,56.41157904814));
#2248 = CARTESIAN_POINT('',(-6.139938021874,56.245037026549));
#2249 = CARTESIAN_POINT('',(-6.148328940418,56.209893728976));
#2250 = CARTESIAN_POINT('',(-6.157096656713,56.17563107047));
#2251 = CARTESIAN_POINT('',(-6.166240623521,56.142327167405));
#2252 = CARTESIAN_POINT('',(-6.175759890798,56.110064220746));
#2253 = CARTESIAN_POINT('',(-6.185653161032,56.078928638564));
#2254 = CARTESIAN_POINT('',(-6.19591884458,56.049011158562));
#2255 = ( GEOMETRIC_REPRESENTATION_CONTEXT(2) 
PARAMETRIC_REPRESENTATION_CONTEXT() REPRESENTATION_CONTEXT('2D SPACE',''
  ) );
#2256 = PCURVE('',#694,#2257);
#2257 = DEFINITIONAL_REPRESENTATION('',(#2258),#2273);
#2258 = B_SPLINE_CURVE_WITH_KNOTS('',7,(#2259,#2260,#2261,#2262,#2263,
    #2264,#2265,#2266,#2267,#2268,#2269,#2270,#2271,#2272),
  .UNSPECIFIED.,.F.,.F.,(8,6,8),(0.,0.784139870586,1.),.UNSPECIFIED.);
#2259 = CARTESIAN_POINT('',(6.28318530718,-128.7763222188));
#2260 = CARTESIAN_POINT('',(6.383485103692,-128.7763222188));
#2261 = CARTESIAN_POINT('',(6.483664613453,-128.7811405613));
#2262 = CARTESIAN_POINT('',(6.584404506999,-128.7907565082));
#2263 = CARTESIAN_POINT('',(6.686311745604,-128.804622237));
#2264 = CARTESIAN_POINT('',(6.790022796222,-128.8216446419));
#2265 = CARTESIAN_POINT('',(6.89620147015,-128.8401190919));
#2266 = CARTESIAN_POINT('',(7.035831170078,-128.8624964658));
#2267 = CARTESIAN_POINT('',(7.066229751102,-128.8672577168));
#2268 = CARTESIAN_POINT('',(7.096897847503,-128.8718991272));
#2269 = CARTESIAN_POINT('',(7.127847273076,-128.8763659922));
#2270 = CARTESIAN_POINT('',(7.159090606614,-128.8805998651));
#2271 = CARTESIAN_POINT('',(7.190641562557,-128.8845388119));
#2272 = CARTESIAN_POINT('',(7.222515361651,-128.888117665));
#2273 = ( GEOMETRIC_REPRESENTATION_CONTEXT(2) 
PARAMETRIC_REPRESENTATION_CONTEXT() REPRESENTATION_CONTEXT('2D SPACE',''
  ) );
#2274 = ORIENTED_EDGE('',*,*,#2275,.F.);
#2275 = EDGE_CURVE('',#2276,#2220,#2278,.T.);
#2276 = VERTEX_POINT('',#2277);
#2277 = CARTESIAN_POINT('',(-9.155066100661,-4.651377029009,
    58.084211158561));
#2278 = SURFACE_CURVE('',#2279,(#2294,#2312),.PCURVE_S1.);
#2279 = B_SPLINE_CURVE_WITH_KNOTS('',7,(#2280,#2281,#2282,#2283,#2284,
    #2285,#2286,#2287,#2288,#2289,#2290,#2291,#2292,#2293),
  .UNSPECIFIED.,.F.,.F.,(8,6,8),(0.,0.213293411721,1.),.UNSPECIFIED.);
#2280 = CARTESIAN_POINT('',(-9.155066100661,-4.651377029009,
    58.084211158562));
#2281 = CARTESIAN_POINT('',(-9.151529816753,-4.610957118983,
    58.113772780738));
#2282 = CARTESIAN_POINT('',(-9.147641939319,-4.572027774896,
    58.144523829741));
#2283 = CARTESIAN_POINT('',(-9.143465339554,-4.534596602759,
    58.176376720437));
#2284 = CARTESIAN_POINT('',(-9.139059813874,-4.498668145272,
    58.209247980384));
#2285 = CARTESIAN_POINT('',(-9.134481841142,-4.464244046708,
    58.243058133307));
#2286 = CARTESIAN_POINT('',(-9.129784339899,-4.431323217805,
    58.277731582583));
#2287 = CARTESIAN_POINT('',(-9.107430558453,-4.284008695072,
    58.444004473275));
#2288 = CARTESIAN_POINT('',(-9.088871938508,-4.188417869462,
    58.58569053683));
#2289 = CARTESIAN_POINT('',(-9.071752476395,-4.112678216887,
    58.735063176735));
#2290 = CARTESIAN_POINT('',(-9.057799501014,-4.056270848405,
    58.889735588034));
#2291 = CARTESIAN_POINT('',(-9.04812055949,-4.018783411855,
    59.047795394721));
#2292 = CARTESIAN_POINT('',(-9.043270654502,-4.,59.207601839316));
#2293 = CARTESIAN_POINT('',(-9.043270654502,-4.,59.3676));
#2294 = PCURVE('',#438,#2295);
#2295 = DEFINITIONAL_REPRESENTATION('',(#2296),#2311);
#2296 = B_SPLINE_CURVE_WITH_KNOTS('',7,(#2297,#2298,#2299,#2300,#2301,
    #2302,#2303,#2304,#2305,#2306,#2307,#2308,#2309,#2310),
  .UNSPECIFIED.,.F.,.F.,(8,6,8),(0.,0.213293411721,1.),.UNSPECIFIED.);
#2297 = CARTESIAN_POINT('',(-6.19591884458,58.615788841439));
#2298 = CARTESIAN_POINT('',(-6.185775267701,58.586227219262));
#2299 = CARTESIAN_POINT('',(-6.175995253117,58.555476170259));
#2300 = CARTESIAN_POINT('',(-6.1665803615,58.523623279563));
#2301 = CARTESIAN_POINT('',(-6.157531871003,58.490752019616));
#2302 = CARTESIAN_POINT('',(-6.148850725078,58.456941866693));
#2303 = CARTESIAN_POINT('',(-6.140537480294,58.422268417417));
#2304 = CARTESIAN_POINT('',(-6.103287262046,58.255995526725));
#2305 = CARTESIAN_POINT('',(-6.078963958004,58.11430946317));
#2306 = CARTESIAN_POINT('',(-6.059560172996,57.964936823265));
#2307 = CARTESIAN_POINT('',(-6.045034125909,57.810264411966));
#2308 = CARTESIAN_POINT('',(-6.035354907405,57.652204605279));
#2309 = CARTESIAN_POINT('',(-6.030505052038,57.492398160684));
#2310 = CARTESIAN_POINT('',(-6.030505052038,57.3324));
#2311 = ( GEOMETRIC_REPRESENTATION_CONTEXT(2) 
PARAMETRIC_REPRESENTATION_CONTEXT() REPRESENTATION_CONTEXT('2D SPACE',''
  ) );
#2312 = PCURVE('',#694,#2313);
#2313 = DEFINITIONAL_REPRESENTATION('',(#2314),#2329);
#2314 = B_SPLINE_CURVE_WITH_KNOTS('',7,(#2315,#2316,#2317,#2318,#2319,
    #2320,#2321,#2322,#2323,#2324,#2325,#2326,#2327,#2328),
  .UNSPECIFIED.,.F.,.F.,(8,6,8),(0.,0.213293411721,1.),.UNSPECIFIED.);
#2315 = CARTESIAN_POINT('',(5.343855252708,-128.888117665));
#2316 = CARTESIAN_POINT('',(5.375349924254,-128.8845813811));
#2317 = CARTESIAN_POINT('',(5.406529524726,-128.8806935036));
#2318 = CARTESIAN_POINT('',(5.437408666492,-128.8765169039));
#2319 = CARTESIAN_POINT('',(5.468000529625,-128.8721113782));
#2320 = CARTESIAN_POINT('',(5.498317209127,-128.8675334055));
#2321 = CARTESIAN_POINT('',(5.52837006215,-128.8628359042));
#2322 = CARTESIAN_POINT('',(5.668083674629,-128.8404821228));
#2323 = CARTESIAN_POINT('',(5.774650593765,-128.8219235028));
#2324 = CARTESIAN_POINT('',(5.878724724379,-128.8048040407));
#2325 = CARTESIAN_POINT('',(5.980976993038,-128.7908510653));
#2326 = CARTESIAN_POINT('',(6.08205043807,-128.7811721238));
#2327 = CARTESIAN_POINT('',(6.182557533165,-128.7763222188));
#2328 = CARTESIAN_POINT('',(6.28318530718,-128.7763222188));
#2329 = ( GEOMETRIC_REPRESENTATION_CONTEXT(2) 
PARAMETRIC_REPRESENTATION_CONTEXT() REPRESENTATION_CONTEXT('2D SPACE',''
  ) );
#2330 = ORIENTED_EDGE('',*,*,#2331,.T.);
#2331 = EDGE_CURVE('',#2276,#2332,#2334,.T.);
#2332 = VERTEX_POINT('',#2333);
#2333 = CARTESIAN_POINT('',(-9.155066100661,-4.651377029009,6.3));
#2334 = SURFACE_CURVE('',#2335,(#2339,#2346),.PCURVE_S1.);
#2335 = LINE('',#2336,#2337);
#2336 = CARTESIAN_POINT('',(-9.155066100661,-4.651377029009,116.7));
#2337 = VECTOR('',#2338,1.);
#2338 = DIRECTION('',(0.,0.,-1.));
#2339 = PCURVE('',#438,#2340);
#2340 = DEFINITIONAL_REPRESENTATION('',(#2341),#2345);
#2341 = LINE('',#2342,#2343);
#2342 = CARTESIAN_POINT('',(-6.19591884458,0.));
#2343 = VECTOR('',#2344,1.);
#2344 = DIRECTION('',(-0.,1.));
#2345 = ( GEOMETRIC_REPRESENTATION_CONTEXT(2) 
PARAMETRIC_REPRESENTATION_CONTEXT() REPRESENTATION_CONTEXT('2D SPACE',''
  ) );
#2346 = PCURVE('',#2347,#2352);
#2347 = PLANE('',#2348);
#2348 = AXIS2_PLACEMENT_3D('',#2349,#2350,#2351);
#2349 = CARTESIAN_POINT('',(-9.7,-10.88,116.7));
#2350 = DIRECTION('',(0.996194698092,-8.715574274766E-02,0.));
#2351 = DIRECTION('',(-8.715574274766E-02,-0.996194698092,-0.));
#2352 = DEFINITIONAL_REPRESENTATION('',(#2353),#2357);
#2353 = LINE('',#2354,#2355);
#2354 = CARTESIAN_POINT('',(-6.252415298859,0.));
#2355 = VECTOR('',#2356,1.);
#2356 = DIRECTION('',(-0.,1.));
#2357 = ( GEOMETRIC_REPRESENTATION_CONTEXT(2) 
PARAMETRIC_REPRESENTATION_CONTEXT() REPRESENTATION_CONTEXT('2D SPACE',''
  ) );
#2358 = ORIENTED_EDGE('',*,*,#2359,.F.);
#2359 = EDGE_CURVE('',#2360,#2332,#2362,.T.);
#2360 = VERTEX_POINT('',#2361);
#2361 = CARTESIAN_POINT('',(-5.170287308294,-1.,6.3));
#2362 = SURFACE_CURVE('',#2363,(#2368,#2375),.PCURVE_S1.);
#2363 = CIRCLE('',#2364,4.);
#2364 = AXIS2_PLACEMENT_3D('',#2365,#2366,#2367);
#2365 = CARTESIAN_POINT('',(-5.170287308294,-5.,6.3));
#2366 = DIRECTION('',(0.,0.,1.));
#2367 = DIRECTION('',(-1.,0.,0.));
#2368 = PCURVE('',#438,#2369);
#2369 = DEFINITIONAL_REPRESENTATION('',(#2370),#2374);
#2370 = LINE('',#2371,#2372);
#2371 = CARTESIAN_POINT('',(-0.,110.4));
#2372 = VECTOR('',#2373,1.);
#2373 = DIRECTION('',(-1.,0.));
#2374 = ( GEOMETRIC_REPRESENTATION_CONTEXT(2) 
PARAMETRIC_REPRESENTATION_CONTEXT() REPRESENTATION_CONTEXT('2D SPACE',''
  ) );
#2375 = PCURVE('',#605,#2376);
#2376 = DEFINITIONAL_REPRESENTATION('',(#2377),#2385);
#2377 = ( BOUNDED_CURVE() B_SPLINE_CURVE(2,(#2378,#2379,#2380,#2381,
#2382,#2383,#2384),.UNSPECIFIED.,.T.,.F.) B_SPLINE_CURVE_WITH_KNOTS((1,2
    ,2,2,2,1),(-2.094395102393,0.,2.094395102393,4.188790204786,
6.28318530718,8.377580409573),.UNSPECIFIED.) CURVE() 
GEOMETRIC_REPRESENTATION_ITEM() RATIONAL_B_SPLINE_CURVE((1.,0.5,1.,0.5,
1.,0.5,1.)) REPRESENTATION_ITEM('') );
#2378 = CARTESIAN_POINT('',(0.320091589675,-0.60988907179));
#2379 = CARTESIAN_POINT('',(7.248294819951,-0.60988907179));
#2380 = CARTESIAN_POINT('',(3.784193204813,-6.60988907179));
#2381 = CARTESIAN_POINT('',(0.320091589675,-12.60988907179));
#2382 = CARTESIAN_POINT('',(-3.144010025463,-6.60988907179));
#2383 = CARTESIAN_POINT('',(-6.6081116406,-0.60988907179));
#2384 = CARTESIAN_POINT('',(0.320091589675,-0.60988907179));
#2385 = ( GEOMETRIC_REPRESENTATION_CONTEXT(2) 
PARAMETRIC_REPRESENTATION_CONTEXT() REPRESENTATION_CONTEXT('2D SPACE',''
  ) );
#2386 = ORIENTED_EDGE('',*,*,#2387,.F.);
#2387 = EDGE_CURVE('',#2388,#2360,#2390,.T.);
#2388 = VERTEX_POINT('',#2389);
#2389 = CARTESIAN_POINT('',(-5.170287308294,-1.,51.143088427023));
#2390 = SURFACE_CURVE('',#2391,(#2395,#2402),.PCURVE_S1.);
#2391 = LINE('',#2392,#2393);
#2392 = CARTESIAN_POINT('',(-5.170287308294,-1.,116.7));
#2393 = VECTOR('',#2394,1.);
#2394 = DIRECTION('',(0.,0.,-1.));
#2395 = PCURVE('',#438,#2396);
#2396 = DEFINITIONAL_REPRESENTATION('',(#2397),#2401);
#2397 = LINE('',#2398,#2399);
#2398 = CARTESIAN_POINT('',(-4.712388980385,0.));
#2399 = VECTOR('',#2400,1.);
#2400 = DIRECTION('',(-0.,1.));
#2401 = ( GEOMETRIC_REPRESENTATION_CONTEXT(2) 
PARAMETRIC_REPRESENTATION_CONTEXT() REPRESENTATION_CONTEXT('2D SPACE',''
  ) );
#2402 = PCURVE('',#1619,#2403);
#2403 = DEFINITIONAL_REPRESENTATION('',(#2404),#2408);
#2404 = LINE('',#2405,#2406);
#2405 = CARTESIAN_POINT('',(55.2,5.170287308294));
#2406 = VECTOR('',#2407,1.);
#2407 = DIRECTION('',(-1.,-0.));
#2408 = ( GEOMETRIC_REPRESENTATION_CONTEXT(2) 
PARAMETRIC_REPRESENTATION_CONTEXT() REPRESENTATION_CONTEXT('2D SPACE',''
  ) );
#2409 = ORIENTED_EDGE('',*,*,#2410,.F.);
#2410 = EDGE_CURVE('',#2411,#2388,#2413,.T.);
#2411 = VERTEX_POINT('',#2412);
#2412 = CARTESIAN_POINT('',(-5.320718104143,-1.002829678928,
    51.992722782764));
#2413 = SURFACE_CURVE('',#2414,(#2423,#2435),.PCURVE_S1.);
#2414 = ( BOUNDED_CURVE() B_SPLINE_CURVE(7,(#2415,#2416,#2417,#2418,
    #2419,#2420,#2421,#2422),.UNSPECIFIED.,.F.,.F.) 
B_SPLINE_CURVE_WITH_KNOTS((8,8),(63.424777961079,64.176874642583),
.PIECEWISE_BEZIER_KNOTS.) CURVE() GEOMETRIC_REPRESENTATION_ITEM() 
RATIONAL_B_SPLINE_CURVE((1.,1.,1.,1.,1.,1.,1.,1.)) REPRESENTATION_ITEM(
  '') );
#2415 = CARTESIAN_POINT('',(-5.320718104143,-1.002829678928,
    51.992722782764));
#2416 = CARTESIAN_POINT('',(-5.320706119278,-1.002829227886,
    51.884629635133));
#2417 = CARTESIAN_POINT('',(-5.314137308224,-1.00258246639,
    51.747551195105));
#2418 = CARTESIAN_POINT('',(-5.299068517065,-1.002011641321,
    51.627775258606));
#2419 = CARTESIAN_POINT('',(-5.277776009745,-1.00129565831,
    51.502551380968));
#2420 = CARTESIAN_POINT('',(-5.249068601027,-1.000537587658,
    51.381181739761));
#2421 = CARTESIAN_POINT('',(-5.213225993722,-1.,51.260901117236));
#2422 = CARTESIAN_POINT('',(-5.170287308294,-1.,51.143088427023));
#2423 = PCURVE('',#438,#2424);
#2424 = DEFINITIONAL_REPRESENTATION('',(#2425),#2434);
#2425 = B_SPLINE_CURVE_WITH_KNOTS('',7,(#2426,#2427,#2428,#2429,#2430,
    #2431,#2432,#2433),.UNSPECIFIED.,.F.,.F.,(8,8),(63.424777961079,
    64.176874642583),.PIECEWISE_BEZIER_KNOTS.);
#2426 = CARTESIAN_POINT('',(-4.75000555,64.707277217236));
#2427 = CARTESIAN_POINT('',(-4.750002551662,64.815370364867));
#2428 = CARTESIAN_POINT('',(-4.74835918986,64.952448804896));
#2429 = CARTESIAN_POINT('',(-4.744589293143,65.072224741394));
#2430 = CARTESIAN_POINT('',(-4.739263197035,65.197448619032));
#2431 = CARTESIAN_POINT('',(-4.732084300546,65.318818260239));
#2432 = CARTESIAN_POINT('',(-4.723123651742,65.439098882764));
#2433 = CARTESIAN_POINT('',(-4.712388980385,65.556911572977));
#2434 = ( GEOMETRIC_REPRESENTATION_CONTEXT(2) 
PARAMETRIC_REPRESENTATION_CONTEXT() REPRESENTATION_CONTEXT('2D SPACE',''
  ) );
#2435 = PCURVE('',#2436,#2461);
#2436 = ( BOUNDED_SURFACE() B_SPLINE_SURFACE(2,7,(
    (#2437,#2438,#2439,#2440,#2441,#2442,#2443,#2444)
    ,(#2445,#2446,#2447,#2448,#2449,#2450,#2451,#2452)
    ,(#2453,#2454,#2455,#2456,#2457,#2458,#2459,#2460
)),.UNSPECIFIED.,.F.,.F.,.F.) B_SPLINE_SURFACE_WITH_KNOTS((3,3),(8,8),(
    0.,0.752096681505),(63.424777961079,64.176874642583),
.PIECEWISE_BEZIER_KNOTS.) GEOMETRIC_REPRESENTATION_ITEM() 
RATIONAL_B_SPLINE_SURFACE((
    (1.,1.,1.,1.,1.,1.,1.,1.)
    ,(0.720277042239,0.720275453609,0.719690560278,0.718256861837
      ,0.716316891852,0.713737511076,0.710636858401,0.707106781187)
,(1.,1.,1.,1.,1.,1.,1.,1.))) REPRESENTATION_ITEM('') SURFACE() );
#2437 = CARTESIAN_POINT('',(-5.320718104143,-1.002829678928,
    51.992722782764));
#2438 = CARTESIAN_POINT('',(-5.320706119278,-1.002829227886,
    51.884629635133));
#2439 = CARTESIAN_POINT('',(-5.314137308224,-1.00258246639,
    51.747551195105));
#2440 = CARTESIAN_POINT('',(-5.299068517065,-1.002011641321,
    51.627775258606));
#2441 = CARTESIAN_POINT('',(-5.277776009745,-1.00129565831,
    51.502551380968));
#2442 = CARTESIAN_POINT('',(-5.249068601027,-1.000537587658,
    51.381181739761));
#2443 = CARTESIAN_POINT('',(-5.213225993722,-1.,51.260901117236));
#2444 = CARTESIAN_POINT('',(-5.170287308294,-1.,51.143088427023));
#2445 = CARTESIAN_POINT('',(-5.,-0.990759670453,52.));
#2446 = CARTESIAN_POINT('',(-5.,-0.990760633438,51.892502062617));
#2447 = CARTESIAN_POINT('',(-4.99325039283,-0.991034740628,
    51.784842195533));
#2448 = CARTESIAN_POINT('',(-4.979736629242,-0.991742199412,
    51.677724538516));
#2449 = CARTESIAN_POINT('',(-4.959505806398,-0.99276904267,
    51.571568146865));
#2450 = CARTESIAN_POINT('',(-4.932677041436,-0.994358305627,
    51.467115475523));
#2451 = CARTESIAN_POINT('',(-4.899508237999,-0.996688344009,
    51.364942588129));
#2452 = CARTESIAN_POINT('',(-4.860246264252,-1.,51.26550436602));
#2453 = CARTESIAN_POINT('',(-5.,-0.669732030957,52.));
#2454 = CARTESIAN_POINT('',(-5.,-0.669731522512,51.892502299712));
#2455 = CARTESIAN_POINT('',(-4.993255630851,-0.66946367907,
    51.785023154371));
#2456 = CARTESIAN_POINT('',(-4.97979556772,-0.668840575902,
    51.678234701769));
#2457 = CARTESIAN_POINT('',(-4.959649436114,-0.668062898541,
    51.572244030745));
#2458 = CARTESIAN_POINT('',(-4.932896882932,-0.667242973404,
    51.46784641266));
#2459 = CARTESIAN_POINT('',(-4.899704244886,-0.666666666667,
    51.365439011882));
#2460 = CARTESIAN_POINT('',(-4.860246264252,-0.666666666667,
    51.26550436602));
#2461 = DEFINITIONAL_REPRESENTATION('',(#2462),#2466);
#2462 = LINE('',#2463,#2464);
#2463 = CARTESIAN_POINT('',(0.,0.));
#2464 = VECTOR('',#2465,1.);
#2465 = DIRECTION('',(0.,1.));
#2466 = ( GEOMETRIC_REPRESENTATION_CONTEXT(2) 
PARAMETRIC_REPRESENTATION_CONTEXT() REPRESENTATION_CONTEXT('2D SPACE',''
  ) );
#2467 = ORIENTED_EDGE('',*,*,#2468,.F.);
#2468 = EDGE_CURVE('',#2130,#2411,#2469,.T.);
#2469 = SURFACE_CURVE('',#2470,(#2483,#2499),.PCURVE_S1.);
#2470 = ( BOUNDED_CURVE() B_SPLINE_CURVE(11,(#2471,#2472,#2473,#2474,
    #2475,#2476,#2477,#2478,#2479,#2480,#2481,#2482),.UNSPECIFIED.,.F.,
.F.) B_SPLINE_CURVE_WITH_KNOTS((12,12),(42.424777960155,63.424777961079)
,.PIECEWISE_BEZIER_KNOTS.) CURVE() GEOMETRIC_REPRESENTATION_ITEM() 
RATIONAL_B_SPLINE_CURVE((1.,1.,1.,1.000000000001,0.999999999998,
    1.000000000002,0.999999999998,1.000000000002,0.999999999999,1.,1.,1.
)) REPRESENTATION_ITEM('') );
#2471 = CARTESIAN_POINT('',(-5.320718104143,-1.002829678928,
    73.007277217236));
#2472 = CARTESIAN_POINT('',(-5.320931057324,-1.002837693276,
    71.08662319248));
#2473 = CARTESIAN_POINT('',(-5.320587024753,-1.002824752201,
    69.181746951973));
#2474 = CARTESIAN_POINT('',(-5.321005817511,-1.002840494245,
    67.267662956355));
#2475 = CARTESIAN_POINT('',(-5.320620717699,-1.002826030208,
    65.368675239336));
#2476 = CARTESIAN_POINT('',(-5.320857944976,-1.002834935222,
    63.448601858187));
#2477 = CARTESIAN_POINT('',(-5.320857944976,-1.002834935222,
    61.551398141808));
#2478 = CARTESIAN_POINT('',(-5.320620717699,-1.002826030208,
    59.631324760676));
#2479 = CARTESIAN_POINT('',(-5.321005817511,-1.002840494245,
    57.732337043642));
#2480 = CARTESIAN_POINT('',(-5.320587024753,-1.002824752201,
    55.818253048073));
#2481 = CARTESIAN_POINT('',(-5.320931057324,-1.002837693276,
    53.913376807612));
#2482 = CARTESIAN_POINT('',(-5.320718104143,-1.002829678928,
    51.992722782764));
#2483 = PCURVE('',#438,#2484);
#2484 = DEFINITIONAL_REPRESENTATION('',(#2485),#2498);
#2485 = B_SPLINE_CURVE_WITH_KNOTS('',11,(#2486,#2487,#2488,#2489,#2490,
    #2491,#2492,#2493,#2494,#2495,#2496,#2497),.UNSPECIFIED.,.F.,.F.,(12
    ,12),(42.424777960155,63.424777961079),.PIECEWISE_BEZIER_KNOTS.);
#2486 = CARTESIAN_POINT('',(-4.75000555,43.692722782764));
#2487 = CARTESIAN_POINT('',(-4.750058825984,45.613376807523));
#2488 = CARTESIAN_POINT('',(-4.749972757012,47.518253048012));
#2489 = CARTESIAN_POINT('',(-4.750077529147,49.432337043686));
#2490 = CARTESIAN_POINT('',(-4.749981186301,51.331324760589));
#2491 = CARTESIAN_POINT('',(-4.750040534904,53.251398141917));
#2492 = CARTESIAN_POINT('',(-4.750040534888,55.148601858085));
#2493 = CARTESIAN_POINT('',(-4.749981186313,57.068675239407));
#2494 = CARTESIAN_POINT('',(-4.75007752914,58.96766295631));
#2495 = CARTESIAN_POINT('',(-4.749972757015,60.881746951947));
#2496 = CARTESIAN_POINT('',(-4.750058825983,62.786623192383));
#2497 = CARTESIAN_POINT('',(-4.75000555,64.707277217236));
#2498 = ( GEOMETRIC_REPRESENTATION_CONTEXT(2) 
PARAMETRIC_REPRESENTATION_CONTEXT() REPRESENTATION_CONTEXT('2D SPACE',''
  ) );
#2499 = PCURVE('',#2500,#2537);
#2500 = ( BOUNDED_SURFACE() B_SPLINE_SURFACE(2,11,(
    (#2501,#2502,#2503,#2504,#2505,#2506,#2507,#2508,#2509,#2510,#2511
      ,#2512)
    ,(#2513,#2514,#2515,#2516,#2517,#2518,#2519,#2520,#2521,#2522,#2523
      ,#2524)
    ,(#2525,#2526,#2527,#2528,#2529,#2530,#2531,#2532,#2533,#2534,#2535
,#2536
    )),.UNSPECIFIED.,.F.,.F.,.F.) B_SPLINE_SURFACE_WITH_KNOTS((3,3),(12,
    12),(0.,21.000000000924),(42.424777960155,63.424777961079),
.PIECEWISE_BEZIER_KNOTS.) GEOMETRIC_REPRESENTATION_ITEM() 
RATIONAL_B_SPLINE_SURFACE((
    (1.,1.,1.,1.000000000001,0.999999999998,1.000000000002
      ,0.999999999998,1.000000000002,0.999999999999,1.,1.,1.)
    ,(0.720277042239,0.720305269822,0.720259683629,0.720315147139
      ,0.720264175449,0.720295561783,0.72029556178,0.720264175451
      ,0.720315147138,0.720259683629,0.720305269822,0.720277042239)
    ,(1.,1.,1.,1.000000000001,0.999999999998,1.000000000002
      ,0.999999999998,1.000000000002,0.999999999999,1.,1.,1.
))) REPRESENTATION_ITEM('') SURFACE() );
#2501 = CARTESIAN_POINT('',(-5.320718104143,-1.002829678928,
    73.007277217236));
#2502 = CARTESIAN_POINT('',(-5.320931057324,-1.002837693276,
    71.08662319248));
#2503 = CARTESIAN_POINT('',(-5.320587024753,-1.002824752201,
    69.181746951973));
#2504 = CARTESIAN_POINT('',(-5.321005817511,-1.002840494245,
    67.267662956355));
#2505 = CARTESIAN_POINT('',(-5.320620717699,-1.002826030208,
    65.368675239336));
#2506 = CARTESIAN_POINT('',(-5.320857944976,-1.002834935222,
    63.448601858187));
#2507 = CARTESIAN_POINT('',(-5.320857944976,-1.002834935222,
    61.551398141808));
#2508 = CARTESIAN_POINT('',(-5.320620717699,-1.002826030208,
    59.631324760676));
#2509 = CARTESIAN_POINT('',(-5.321005817511,-1.002840494245,
    57.732337043642));
#2510 = CARTESIAN_POINT('',(-5.320587024753,-1.002824752201,
    55.818253048073));
#2511 = CARTESIAN_POINT('',(-5.320931057324,-1.002837693276,
    53.913376807612));
#2512 = CARTESIAN_POINT('',(-5.320718104143,-1.002829678928,
    51.992722782764));
#2513 = CARTESIAN_POINT('',(-5.,-0.990759670453,73.));
#2514 = CARTESIAN_POINT('',(-5.,-0.990742560351,71.090001039159));
#2515 = CARTESIAN_POINT('',(-5.,-0.990770195761,69.18428108579));
#2516 = CARTESIAN_POINT('',(-5.,-0.990736568107,67.269191377593));
#2517 = CARTESIAN_POINT('',(-5.,-0.990767477154,65.368052431268));
#2518 = CARTESIAN_POINT('',(-5.,-0.990748441892,63.449598943449));
#2519 = CARTESIAN_POINT('',(-5.,-0.990748441891,61.550401056548));
#2520 = CARTESIAN_POINT('',(-5.,-0.990767477155,59.63194756874));
#2521 = CARTESIAN_POINT('',(-5.,-0.990736568107,57.730808622407));
#2522 = CARTESIAN_POINT('',(-5.,-0.990770195761,55.815718914254));
#2523 = CARTESIAN_POINT('',(-5.,-0.990742560351,53.909998960935));
#2524 = CARTESIAN_POINT('',(-5.,-0.990759670453,52.));
#2525 = CARTESIAN_POINT('',(-5.,-0.669732030957,73.));
#2526 = CARTESIAN_POINT('',(-5.,-0.669741065269,71.089926186495));
#2527 = CARTESIAN_POINT('',(-5.,-0.669726478261,69.184541766408));
#2528 = CARTESIAN_POINT('',(-5.,-0.669744220648,67.268643482189));
#2529 = CARTESIAN_POINT('',(-5.,-0.669727920553,65.368908868006));
#2530 = CARTESIAN_POINT('',(-5.,-0.669737955136,63.448527971656));
#2531 = CARTESIAN_POINT('',(-5.,-0.669737955136,61.55147202834));
#2532 = CARTESIAN_POINT('',(-5.,-0.669727920553,59.631091132003));
#2533 = CARTESIAN_POINT('',(-5.,-0.669744220648,57.731356517809));
#2534 = CARTESIAN_POINT('',(-5.,-0.669726478261,55.815458233637));
#2535 = CARTESIAN_POINT('',(-5.,-0.669741065269,53.910073813598));
#2536 = CARTESIAN_POINT('',(-5.,-0.669732030957,52.));
#2537 = DEFINITIONAL_REPRESENTATION('',(#2538),#2542);
#2538 = LINE('',#2539,#2540);
#2539 = CARTESIAN_POINT('',(0.,0.));
#2540 = VECTOR('',#2541,1.);
#2541 = DIRECTION('',(0.,1.));
#2542 = ( GEOMETRIC_REPRESENTATION_CONTEXT(2) 
PARAMETRIC_REPRESENTATION_CONTEXT() REPRESENTATION_CONTEXT('2D SPACE',''
  ) );
#2543 = ADVANCED_FACE('',(#2544),#410,.F.);
#2544 = FACE_BOUND('',#2545,.T.);
#2545 = EDGE_LOOP('',(#2546,#2547,#2570,#2598,#2626,#2647,#2648));
#2546 = ORIENTED_EDGE('',*,*,#762,.F.);
#2547 = ORIENTED_EDGE('',*,*,#2548,.T.);
#2548 = EDGE_CURVE('',#735,#2549,#2551,.T.);
#2549 = VERTEX_POINT('',#2550);
#2550 = CARTESIAN_POINT('',(-13.2,-9.88,116.7));
#2551 = SURFACE_CURVE('',#2552,(#2556,#2563),.PCURVE_S1.);
#2552 = LINE('',#2553,#2554);
#2553 = CARTESIAN_POINT('',(-11.7,-8.88,116.7));
#2554 = VECTOR('',#2555,1.);
#2555 = DIRECTION('',(-0.832050294338,-0.554700196225,0.));
#2556 = PCURVE('',#410,#2557);
#2557 = DEFINITIONAL_REPRESENTATION('',(#2558),#2562);
#2558 = LINE('',#2559,#2560);
#2559 = CARTESIAN_POINT('',(4.200091589675,1.919823619916));
#2560 = VECTOR('',#2561,1.);
#2561 = DIRECTION('',(0.554700196225,0.832050294338));
#2562 = ( GEOMETRIC_REPRESENTATION_CONTEXT(2) 
PARAMETRIC_REPRESENTATION_CONTEXT() REPRESENTATION_CONTEXT('2D SPACE',''
  ) );
#2563 = PCURVE('',#750,#2564);
#2564 = DEFINITIONAL_REPRESENTATION('',(#2565),#2569);
#2565 = LINE('',#2566,#2567);
#2566 = CARTESIAN_POINT('',(-0.,-0.));
#2567 = VECTOR('',#2568,1.);
#2568 = DIRECTION('',(-1.,0.));
#2569 = ( GEOMETRIC_REPRESENTATION_CONTEXT(2) 
PARAMETRIC_REPRESENTATION_CONTEXT() REPRESENTATION_CONTEXT('2D SPACE',''
  ) );
#2570 = ORIENTED_EDGE('',*,*,#2571,.T.);
#2571 = EDGE_CURVE('',#2549,#2572,#2574,.T.);
#2572 = VERTEX_POINT('',#2573);
#2573 = CARTESIAN_POINT('',(-11.7,-10.88,116.7));
#2574 = SURFACE_CURVE('',#2575,(#2579,#2586),.PCURVE_S1.);
#2575 = LINE('',#2576,#2577);
#2576 = CARTESIAN_POINT('',(-13.2,-9.88,116.7));
#2577 = VECTOR('',#2578,1.);
#2578 = DIRECTION('',(0.832050294338,-0.554700196225,0.));
#2579 = PCURVE('',#410,#2580);
#2580 = DEFINITIONAL_REPRESENTATION('',(#2581),#2585);
#2581 = LINE('',#2582,#2583);
#2582 = CARTESIAN_POINT('',(5.200091589675,3.419823619916));
#2583 = VECTOR('',#2584,1.);
#2584 = DIRECTION('',(0.554700196225,-0.832050294338));
#2585 = ( GEOMETRIC_REPRESENTATION_CONTEXT(2) 
PARAMETRIC_REPRESENTATION_CONTEXT() REPRESENTATION_CONTEXT('2D SPACE',''
  ) );
#2586 = PCURVE('',#2587,#2592);
#2587 = PLANE('',#2588);
#2588 = AXIS2_PLACEMENT_3D('',#2589,#2590,#2591);
#2589 = CARTESIAN_POINT('',(-13.2,-9.88,116.7));
#2590 = DIRECTION('',(-0.554700196225,-0.832050294338,0.));
#2591 = DIRECTION('',(-0.832050294338,0.554700196225,0.));
#2592 = DEFINITIONAL_REPRESENTATION('',(#2593),#2597);
#2593 = LINE('',#2594,#2595);
#2594 = CARTESIAN_POINT('',(-0.,-0.));
#2595 = VECTOR('',#2596,1.);
#2596 = DIRECTION('',(-1.,0.));
#2597 = ( GEOMETRIC_REPRESENTATION_CONTEXT(2) 
PARAMETRIC_REPRESENTATION_CONTEXT() REPRESENTATION_CONTEXT('2D SPACE',''
  ) );
#2598 = ORIENTED_EDGE('',*,*,#2599,.T.);
#2599 = EDGE_CURVE('',#2572,#2600,#2602,.T.);
#2600 = VERTEX_POINT('',#2601);
#2601 = CARTESIAN_POINT('',(-9.7,-10.88,116.7));
#2602 = SURFACE_CURVE('',#2603,(#2607,#2614),.PCURVE_S1.);
#2603 = LINE('',#2604,#2605);
#2604 = CARTESIAN_POINT('',(-11.7,-10.88,116.7));
#2605 = VECTOR('',#2606,1.);
#2606 = DIRECTION('',(1.,0.,0.));
#2607 = PCURVE('',#410,#2608);
#2608 = DEFINITIONAL_REPRESENTATION('',(#2609),#2613);
#2609 = LINE('',#2610,#2611);
#2610 = CARTESIAN_POINT('',(6.200091589675,1.919823619916));
#2611 = VECTOR('',#2612,1.);
#2612 = DIRECTION('',(-0.,-1.));
#2613 = ( GEOMETRIC_REPRESENTATION_CONTEXT(2) 
PARAMETRIC_REPRESENTATION_CONTEXT() REPRESENTATION_CONTEXT('2D SPACE',''
  ) );
#2614 = PCURVE('',#2615,#2620);
#2615 = PLANE('',#2616);
#2616 = AXIS2_PLACEMENT_3D('',#2617,#2618,#2619);
#2617 = CARTESIAN_POINT('',(-11.7,-10.88,116.7));
#2618 = DIRECTION('',(0.,-1.,0.));
#2619 = DIRECTION('',(-1.,-0.,-0.));
#2620 = DEFINITIONAL_REPRESENTATION('',(#2621),#2625);
#2621 = LINE('',#2622,#2623);
#2622 = CARTESIAN_POINT('',(-0.,0.));
#2623 = VECTOR('',#2624,1.);
#2624 = DIRECTION('',(-1.,0.));
#2625 = ( GEOMETRIC_REPRESENTATION_CONTEXT(2) 
PARAMETRIC_REPRESENTATION_CONTEXT() REPRESENTATION_CONTEXT('2D SPACE',''
  ) );
#2626 = ORIENTED_EDGE('',*,*,#2627,.T.);
#2627 = EDGE_CURVE('',#2600,#2164,#2628,.T.);
#2628 = SURFACE_CURVE('',#2629,(#2633,#2640),.PCURVE_S1.);
#2629 = LINE('',#2630,#2631);
#2630 = CARTESIAN_POINT('',(-9.7,-10.88,116.7));
#2631 = VECTOR('',#2632,1.);
#2632 = DIRECTION('',(8.715574274766E-02,0.996194698092,0.));
#2633 = PCURVE('',#410,#2634);
#2634 = DEFINITIONAL_REPRESENTATION('',(#2635),#2639);
#2635 = LINE('',#2636,#2637);
#2636 = CARTESIAN_POINT('',(6.200091589675,-8.017638008427E-02));
#2637 = VECTOR('',#2638,1.);
#2638 = DIRECTION('',(-0.996194698092,-8.715574274766E-02));
#2639 = ( GEOMETRIC_REPRESENTATION_CONTEXT(2) 
PARAMETRIC_REPRESENTATION_CONTEXT() REPRESENTATION_CONTEXT('2D SPACE',''
  ) );
#2640 = PCURVE('',#2207,#2641);
#2641 = DEFINITIONAL_REPRESENTATION('',(#2642),#2646);
#2642 = LINE('',#2643,#2644);
#2643 = CARTESIAN_POINT('',(-0.,0.));
#2644 = VECTOR('',#2645,1.);
#2645 = DIRECTION('',(-1.,0.));
#2646 = ( GEOMETRIC_REPRESENTATION_CONTEXT(2) 
PARAMETRIC_REPRESENTATION_CONTEXT() REPRESENTATION_CONTEXT('2D SPACE',''
  ) );
#2647 = ORIENTED_EDGE('',*,*,#2163,.F.);
#2648 = ORIENTED_EDGE('',*,*,#394,.T.);
#2649 = ADVANCED_FACE('',(#2650),#750,.T.);
#2650 = FACE_BOUND('',#2651,.F.);
#2651 = EDGE_LOOP('',(#2652,#2653,#2654,#2677));
#2652 = ORIENTED_EDGE('',*,*,#734,.F.);
#2653 = ORIENTED_EDGE('',*,*,#2548,.T.);
#2654 = ORIENTED_EDGE('',*,*,#2655,.T.);
#2655 = EDGE_CURVE('',#2549,#2656,#2658,.T.);
#2656 = VERTEX_POINT('',#2657);
#2657 = CARTESIAN_POINT('',(-13.2,-9.88,60.9576));
#2658 = SURFACE_CURVE('',#2659,(#2663,#2670),.PCURVE_S1.);
#2659 = LINE('',#2660,#2661);
#2660 = CARTESIAN_POINT('',(-13.2,-9.88,116.7));
#2661 = VECTOR('',#2662,1.);
#2662 = DIRECTION('',(0.,0.,-1.));
#2663 = PCURVE('',#750,#2664);
#2664 = DEFINITIONAL_REPRESENTATION('',(#2665),#2669);
#2665 = LINE('',#2666,#2667);
#2666 = CARTESIAN_POINT('',(-1.802775637732,0.));
#2667 = VECTOR('',#2668,1.);
#2668 = DIRECTION('',(0.,1.));
#2669 = ( GEOMETRIC_REPRESENTATION_CONTEXT(2) 
PARAMETRIC_REPRESENTATION_CONTEXT() REPRESENTATION_CONTEXT('2D SPACE',''
  ) );
#2670 = PCURVE('',#2587,#2671);
#2671 = DEFINITIONAL_REPRESENTATION('',(#2672),#2676);
#2672 = LINE('',#2673,#2674);
#2673 = CARTESIAN_POINT('',(-0.,-0.));
#2674 = VECTOR('',#2675,1.);
#2675 = DIRECTION('',(-0.,1.));
#2676 = ( GEOMETRIC_REPRESENTATION_CONTEXT(2) 
PARAMETRIC_REPRESENTATION_CONTEXT() REPRESENTATION_CONTEXT('2D SPACE',''
  ) );
#2677 = ORIENTED_EDGE('',*,*,#2678,.F.);
#2678 = EDGE_CURVE('',#707,#2656,#2679,.T.);
#2679 = SURFACE_CURVE('',#2680,(#2684,#2691),.PCURVE_S1.);
#2680 = LINE('',#2681,#2682);
#2681 = CARTESIAN_POINT('',(34.55528707997,21.956858053313,60.9576));
#2682 = VECTOR('',#2683,1.);
#2683 = DIRECTION('',(-0.832050294338,-0.554700196225,0.));
#2684 = PCURVE('',#750,#2685);
#2685 = DEFINITIONAL_REPRESENTATION('',(#2686),#2690);
#2686 = LINE('',#2687,#2688);
#2687 = CARTESIAN_POINT('',(55.591936442713,55.7424));
#2688 = VECTOR('',#2689,1.);
#2689 = DIRECTION('',(-1.,0.));
#2690 = ( GEOMETRIC_REPRESENTATION_CONTEXT(2) 
PARAMETRIC_REPRESENTATION_CONTEXT() REPRESENTATION_CONTEXT('2D SPACE',''
  ) );
#2691 = PCURVE('',#722,#2692);
#2692 = DEFINITIONAL_REPRESENTATION('',(#2693),#2697);
#2693 = LINE('',#2694,#2695);
#2694 = CARTESIAN_POINT('',(-27.54685805331,-85.17776448438));
#2695 = VECTOR('',#2696,1.);
#2696 = DIRECTION('',(0.554700196225,-0.832050294338));
#2697 = ( GEOMETRIC_REPRESENTATION_CONTEXT(2) 
PARAMETRIC_REPRESENTATION_CONTEXT() REPRESENTATION_CONTEXT('2D SPACE',''
  ) );
#2698 = ADVANCED_FACE('',(#2699),#722,.F.);
#2699 = FACE_BOUND('',#2700,.F.);
#2700 = EDGE_LOOP('',(#2701,#2726,#2747,#2748,#2749,#2772));
#2701 = ORIENTED_EDGE('',*,*,#2702,.T.);
#2702 = EDGE_CURVE('',#2703,#2705,#2707,.T.);
#2703 = VERTEX_POINT('',#2704);
#2704 = CARTESIAN_POINT('',(-9.7,-10.88,60.9576));
#2705 = VERTEX_POINT('',#2706);
#2706 = CARTESIAN_POINT('',(-9.237184969948,-5.59,60.9576));
#2707 = SURFACE_CURVE('',#2708,(#2712,#2719),.PCURVE_S1.);
#2708 = LINE('',#2709,#2710);
#2709 = CARTESIAN_POINT('',(-8.978755563098,-2.636138363136,60.9576));
#2710 = VECTOR('',#2711,1.);
#2711 = DIRECTION('',(8.715574274766E-02,0.996194698092,0.));
#2712 = PCURVE('',#722,#2713);
#2713 = DEFINITIONAL_REPRESENTATION('',(#2714),#2718);
#2714 = LINE('',#2715,#2716);
#2715 = CARTESIAN_POINT('',(-2.953861636864,-128.7118071274));
#2716 = VECTOR('',#2717,1.);
#2717 = DIRECTION('',(-0.996194698092,8.715574274766E-02));
#2718 = ( GEOMETRIC_REPRESENTATION_CONTEXT(2) 
PARAMETRIC_REPRESENTATION_CONTEXT() REPRESENTATION_CONTEXT('2D SPACE',''
  ) );
#2719 = PCURVE('',#2207,#2720);
#2720 = DEFINITIONAL_REPRESENTATION('',(#2721),#2725);
#2721 = LINE('',#2722,#2723);
#2722 = CARTESIAN_POINT('',(-8.275351849046,55.7424));
#2723 = VECTOR('',#2724,1.);
#2724 = DIRECTION('',(-1.,0.));
#2725 = ( GEOMETRIC_REPRESENTATION_CONTEXT(2) 
PARAMETRIC_REPRESENTATION_CONTEXT() REPRESENTATION_CONTEXT('2D SPACE',''
  ) );
#2726 = ORIENTED_EDGE('',*,*,#2727,.T.);
#2727 = EDGE_CURVE('',#2705,#674,#2728,.T.);
#2728 = SURFACE_CURVE('',#2729,(#2733,#2740),.PCURVE_S1.);
#2729 = LINE('',#2730,#2731);
#2730 = CARTESIAN_POINT('',(119.73305156435,-5.59,60.9576));
#2731 = VECTOR('',#2732,1.);
#2732 = DIRECTION('',(-1.,-0.,0.));
#2733 = PCURVE('',#722,#2734);
#2734 = DEFINITIONAL_REPRESENTATION('',(#2735),#2739);
#2735 = LINE('',#2736,#2737);
#2736 = CARTESIAN_POINT('',(0.,0.));
#2737 = VECTOR('',#2738,1.);
#2738 = DIRECTION('',(0.,-1.));
#2739 = ( GEOMETRIC_REPRESENTATION_CONTEXT(2) 
PARAMETRIC_REPRESENTATION_CONTEXT() REPRESENTATION_CONTEXT('2D SPACE',''
  ) );
#2740 = PCURVE('',#694,#2741);
#2741 = DEFINITIONAL_REPRESENTATION('',(#2742),#2746);
#2742 = LINE('',#2743,#2744);
#2743 = CARTESIAN_POINT('',(7.853981633974,0.));
#2744 = VECTOR('',#2745,1.);
#2745 = DIRECTION('',(0.,-1.));
#2746 = ( GEOMETRIC_REPRESENTATION_CONTEXT(2) 
PARAMETRIC_REPRESENTATION_CONTEXT() REPRESENTATION_CONTEXT('2D SPACE',''
  ) );
#2747 = ORIENTED_EDGE('',*,*,#706,.F.);
#2748 = ORIENTED_EDGE('',*,*,#2678,.T.);
#2749 = ORIENTED_EDGE('',*,*,#2750,.T.);
#2750 = EDGE_CURVE('',#2656,#2751,#2753,.T.);
#2751 = VERTEX_POINT('',#2752);
#2752 = CARTESIAN_POINT('',(-11.7,-10.88,60.9576));
#2753 = SURFACE_CURVE('',#2754,(#2758,#2765),.PCURVE_S1.);
#2754 = LINE('',#2755,#2756);
#2755 = CARTESIAN_POINT('',(31.82528707997,-39.89685805331,60.9576));
#2756 = VECTOR('',#2757,1.);
#2757 = DIRECTION('',(0.832050294338,-0.554700196225,0.));
#2758 = PCURVE('',#722,#2759);
#2759 = DEFINITIONAL_REPRESENTATION('',(#2760),#2764);
#2760 = LINE('',#2761,#2762);
#2761 = CARTESIAN_POINT('',(34.306858053313,-87.90776448438));
#2762 = VECTOR('',#2763,1.);
#2763 = DIRECTION('',(0.554700196225,0.832050294338));
#2764 = ( GEOMETRIC_REPRESENTATION_CONTEXT(2) 
PARAMETRIC_REPRESENTATION_CONTEXT() REPRESENTATION_CONTEXT('2D SPACE',''
  ) );
#2765 = PCURVE('',#2587,#2766);
#2766 = DEFINITIONAL_REPRESENTATION('',(#2767),#2771);
#2767 = LINE('',#2768,#2769);
#2768 = CARTESIAN_POINT('',(-54.11366041977,55.7424));
#2769 = VECTOR('',#2770,1.);
#2770 = DIRECTION('',(-1.,0.));
#2771 = ( GEOMETRIC_REPRESENTATION_CONTEXT(2) 
PARAMETRIC_REPRESENTATION_CONTEXT() REPRESENTATION_CONTEXT('2D SPACE',''
  ) );
#2772 = ORIENTED_EDGE('',*,*,#2773,.T.);
#2773 = EDGE_CURVE('',#2751,#2703,#2774,.T.);
#2774 = SURFACE_CURVE('',#2775,(#2779,#2786),.PCURVE_S1.);
#2775 = LINE('',#2776,#2777);
#2776 = CARTESIAN_POINT('',(54.016525782179,-10.88,60.9576));
#2777 = VECTOR('',#2778,1.);
#2778 = DIRECTION('',(1.,0.,0.));
#2779 = PCURVE('',#722,#2780);
#2780 = DEFINITIONAL_REPRESENTATION('',(#2781),#2785);
#2781 = LINE('',#2782,#2783);
#2782 = CARTESIAN_POINT('',(5.29,-65.71652578217));
#2783 = VECTOR('',#2784,1.);
#2784 = DIRECTION('',(0.,1.));
#2785 = ( GEOMETRIC_REPRESENTATION_CONTEXT(2) 
PARAMETRIC_REPRESENTATION_CONTEXT() REPRESENTATION_CONTEXT('2D SPACE',''
  ) );
#2786 = PCURVE('',#2615,#2787);
#2787 = DEFINITIONAL_REPRESENTATION('',(#2788),#2792);
#2788 = LINE('',#2789,#2790);
#2789 = CARTESIAN_POINT('',(-65.71652578217,55.7424));
#2790 = VECTOR('',#2791,1.);
#2791 = DIRECTION('',(-1.,0.));
#2792 = ( GEOMETRIC_REPRESENTATION_CONTEXT(2) 
PARAMETRIC_REPRESENTATION_CONTEXT() REPRESENTATION_CONTEXT('2D SPACE',''
  ) );
#2793 = ADVANCED_FACE('',(#2794),#694,.F.);
#2794 = FACE_BOUND('',#2795,.F.);
#2795 = EDGE_LOOP('',(#2796,#2824,#2845,#2846,#2847,#2873,#2874));
#2796 = ORIENTED_EDGE('',*,*,#2797,.F.);
#2797 = EDGE_CURVE('',#2798,#2276,#2800,.T.);
#2798 = VERTEX_POINT('',#2799);
#2799 = CARTESIAN_POINT('',(-9.237184969948,-5.59,57.7776));
#2800 = SURFACE_CURVE('',#2801,(#2806,#2817),.PCURVE_S1.);
#2801 = ELLIPSE('',#2802,1.596073541694,1.59);
#2802 = AXIS2_PLACEMENT_3D('',#2803,#2804,#2805);
#2803 = CARTESIAN_POINT('',(-9.237184969948,-5.59,59.3676));
#2804 = DIRECTION('',(0.996194698092,-8.715574274766E-02,0.));
#2805 = DIRECTION('',(8.715574274766E-02,0.996194698092,0.));
#2806 = PCURVE('',#694,#2807);
#2807 = DEFINITIONAL_REPRESENTATION('',(#2808),#2816);
#2808 = B_SPLINE_CURVE_WITH_KNOTS('',6,(#2809,#2810,#2811,#2812,#2813,
    #2814,#2815),.UNSPECIFIED.,.F.,.F.,(7,7),(4.712388980385,
    6.093513722673),.PIECEWISE_BEZIER_KNOTS.);
#2809 = CARTESIAN_POINT('',(4.712388980385,-128.9702365343));
#2810 = CARTESIAN_POINT('',(4.942576437433,-128.9382158534));
#2811 = CARTESIAN_POINT('',(5.172763894481,-128.9061963897));
#2812 = CARTESIAN_POINT('',(5.402951351529,-128.8772230712));
#2813 = CARTESIAN_POINT('',(5.633138808577,-128.8543835929));
#2814 = CARTESIAN_POINT('',(5.863326265625,-128.8396613383));
#2815 = CARTESIAN_POINT('',(6.093513722673,-128.833624275));
#2816 = ( GEOMETRIC_REPRESENTATION_CONTEXT(2) 
PARAMETRIC_REPRESENTATION_CONTEXT() REPRESENTATION_CONTEXT('2D SPACE',''
  ) );
#2817 = PCURVE('',#2347,#2818);
#2818 = DEFINITIONAL_REPRESENTATION('',(#2819),#2823);
#2819 = ELLIPSE('',#2820,1.596073541694,1.59);
#2820 = AXIS2_PLACEMENT_2D('',#2821,#2822);
#2821 = CARTESIAN_POINT('',(-5.310206940604,57.3324));
#2822 = DIRECTION('',(-1.,0.));
#2823 = ( GEOMETRIC_REPRESENTATION_CONTEXT(2) 
PARAMETRIC_REPRESENTATION_CONTEXT() REPRESENTATION_CONTEXT('2D SPACE',''
  ) );
#2824 = ORIENTED_EDGE('',*,*,#2825,.T.);
#2825 = EDGE_CURVE('',#2798,#646,#2826,.T.);
#2826 = SURFACE_CURVE('',#2827,(#2831,#2838),.PCURVE_S1.);
#2827 = LINE('',#2828,#2829);
#2828 = CARTESIAN_POINT('',(119.73305156435,-5.59,57.7776));
#2829 = VECTOR('',#2830,1.);
#2830 = DIRECTION('',(-1.,-0.,0.));
#2831 = PCURVE('',#694,#2832);
#2832 = DEFINITIONAL_REPRESENTATION('',(#2833),#2837);
#2833 = LINE('',#2834,#2835);
#2834 = CARTESIAN_POINT('',(4.712388980385,0.));
#2835 = VECTOR('',#2836,1.);
#2836 = DIRECTION('',(0.,-1.));
#2837 = ( GEOMETRIC_REPRESENTATION_CONTEXT(2) 
PARAMETRIC_REPRESENTATION_CONTEXT() REPRESENTATION_CONTEXT('2D SPACE',''
  ) );
#2838 = PCURVE('',#661,#2839);
#2839 = DEFINITIONAL_REPRESENTATION('',(#2840),#2844);
#2840 = LINE('',#2841,#2842);
#2841 = CARTESIAN_POINT('',(8.327391,0.));
#2842 = VECTOR('',#2843,1.);
#2843 = DIRECTION('',(0.,-1.));
#2844 = ( GEOMETRIC_REPRESENTATION_CONTEXT(2) 
PARAMETRIC_REPRESENTATION_CONTEXT() REPRESENTATION_CONTEXT('2D SPACE',''
  ) );
#2845 = ORIENTED_EDGE('',*,*,#673,.T.);
#2846 = ORIENTED_EDGE('',*,*,#2727,.F.);
#2847 = ORIENTED_EDGE('',*,*,#2848,.F.);
#2848 = EDGE_CURVE('',#2192,#2705,#2849,.T.);
#2849 = SURFACE_CURVE('',#2850,(#2855,#2866),.PCURVE_S1.);
#2850 = ELLIPSE('',#2851,1.596073541694,1.59);
#2851 = AXIS2_PLACEMENT_3D('',#2852,#2853,#2854);
#2852 = CARTESIAN_POINT('',(-9.237184969948,-5.59,59.3676));
#2853 = DIRECTION('',(0.996194698092,-8.715574274766E-02,0.));
#2854 = DIRECTION('',(8.715574274766E-02,0.996194698092,0.));
#2855 = PCURVE('',#694,#2856);
#2856 = DEFINITIONAL_REPRESENTATION('',(#2857),#2865);
#2857 = B_SPLINE_CURVE_WITH_KNOTS('',6,(#2858,#2859,#2860,#2861,#2862,
    #2863,#2864),.UNSPECIFIED.,.F.,.F.,(7,7),(0.189671584506,
    1.570796326795),.PIECEWISE_BEZIER_KNOTS.);
#2858 = CARTESIAN_POINT('',(6.472856891686,-128.833624275));
#2859 = CARTESIAN_POINT('',(6.703044348734,-128.8396613383));
#2860 = CARTESIAN_POINT('',(6.933231805782,-128.8543835929));
#2861 = CARTESIAN_POINT('',(7.16341926283,-128.8772230712));
#2862 = CARTESIAN_POINT('',(7.393606719878,-128.9061963897));
#2863 = CARTESIAN_POINT('',(7.623794176926,-128.9382158534));
#2864 = CARTESIAN_POINT('',(7.853981633974,-128.9702365343));
#2865 = ( GEOMETRIC_REPRESENTATION_CONTEXT(2) 
PARAMETRIC_REPRESENTATION_CONTEXT() REPRESENTATION_CONTEXT('2D SPACE',''
  ) );
#2866 = PCURVE('',#2207,#2867);
#2867 = DEFINITIONAL_REPRESENTATION('',(#2868),#2872);
#2868 = ELLIPSE('',#2869,1.596073541694,1.59);
#2869 = AXIS2_PLACEMENT_2D('',#2870,#2871);
#2870 = CARTESIAN_POINT('',(-5.310206940604,57.3324));
#2871 = DIRECTION('',(-1.,0.));
#2872 = ( GEOMETRIC_REPRESENTATION_CONTEXT(2) 
PARAMETRIC_REPRESENTATION_CONTEXT() REPRESENTATION_CONTEXT('2D SPACE',''
  ) );
#2873 = ORIENTED_EDGE('',*,*,#2219,.F.);
#2874 = ORIENTED_EDGE('',*,*,#2275,.F.);
#2875 = ADVANCED_FACE('',(#2876),#661,.F.);
#2876 = FACE_BOUND('',#2877,.F.);
#2877 = EDGE_LOOP('',(#2878,#2879,#2880,#2903,#2931,#2959));
#2878 = ORIENTED_EDGE('',*,*,#645,.F.);
#2879 = ORIENTED_EDGE('',*,*,#2825,.F.);
#2880 = ORIENTED_EDGE('',*,*,#2881,.T.);
#2881 = EDGE_CURVE('',#2798,#2882,#2884,.T.);
#2882 = VERTEX_POINT('',#2883);
#2883 = CARTESIAN_POINT('',(-9.7,-10.88,57.7776));
#2884 = SURFACE_CURVE('',#2885,(#2889,#2896),.PCURVE_S1.);
#2885 = LINE('',#2886,#2887);
#2886 = CARTESIAN_POINT('',(-9.340264631066,-6.768205917927,57.7776));
#2887 = VECTOR('',#2888,1.);
#2888 = DIRECTION('',(-8.715574274766E-02,-0.996194698092,0.));
#2889 = PCURVE('',#661,#2890);
#2890 = DEFINITIONAL_REPRESENTATION('',(#2891),#2895);
#2891 = LINE('',#2892,#2893);
#2892 = CARTESIAN_POINT('',(7.149185082073,-129.0733161954));
#2893 = VECTOR('',#2894,1.);
#2894 = DIRECTION('',(-0.996194698092,-8.715574274766E-02));
#2895 = ( GEOMETRIC_REPRESENTATION_CONTEXT(2) 
PARAMETRIC_REPRESENTATION_CONTEXT() REPRESENTATION_CONTEXT('2D SPACE',''
  ) );
#2896 = PCURVE('',#2347,#2897);
#2897 = DEFINITIONAL_REPRESENTATION('',(#2898),#2902);
#2898 = LINE('',#2899,#2900);
#2899 = CARTESIAN_POINT('',(-4.127500467478,58.9224));
#2900 = VECTOR('',#2901,1.);
#2901 = DIRECTION('',(1.,-0.));
#2902 = ( GEOMETRIC_REPRESENTATION_CONTEXT(2) 
PARAMETRIC_REPRESENTATION_CONTEXT() REPRESENTATION_CONTEXT('2D SPACE',''
  ) );
#2903 = ORIENTED_EDGE('',*,*,#2904,.T.);
#2904 = EDGE_CURVE('',#2882,#2905,#2907,.T.);
#2905 = VERTEX_POINT('',#2906);
#2906 = CARTESIAN_POINT('',(-11.7,-10.88,57.7776));
#2907 = SURFACE_CURVE('',#2908,(#2912,#2919),.PCURVE_S1.);
#2908 = LINE('',#2909,#2910);
#2909 = CARTESIAN_POINT('',(54.016525782179,-10.88,57.7776));
#2910 = VECTOR('',#2911,1.);
#2911 = DIRECTION('',(-1.,-0.,0.));
#2912 = PCURVE('',#661,#2913);
#2913 = DEFINITIONAL_REPRESENTATION('',(#2914),#2918);
#2914 = LINE('',#2915,#2916);
#2915 = CARTESIAN_POINT('',(3.037391,-65.71652578217));
#2916 = VECTOR('',#2917,1.);
#2917 = DIRECTION('',(0.,-1.));
#2918 = ( GEOMETRIC_REPRESENTATION_CONTEXT(2) 
PARAMETRIC_REPRESENTATION_CONTEXT() REPRESENTATION_CONTEXT('2D SPACE',''
  ) );
#2919 = PCURVE('',#2920,#2925);
#2920 = PLANE('',#2921);
#2921 = AXIS2_PLACEMENT_3D('',#2922,#2923,#2924);
#2922 = CARTESIAN_POINT('',(-11.7,-10.88,116.7));
#2923 = DIRECTION('',(0.,-1.,0.));
#2924 = DIRECTION('',(-1.,-0.,-0.));
#2925 = DEFINITIONAL_REPRESENTATION('',(#2926),#2930);
#2926 = LINE('',#2927,#2928);
#2927 = CARTESIAN_POINT('',(-65.71652578217,58.9224));
#2928 = VECTOR('',#2929,1.);
#2929 = DIRECTION('',(1.,-0.));
#2930 = ( GEOMETRIC_REPRESENTATION_CONTEXT(2) 
PARAMETRIC_REPRESENTATION_CONTEXT() REPRESENTATION_CONTEXT('2D SPACE',''
  ) );
#2931 = ORIENTED_EDGE('',*,*,#2932,.T.);
#2932 = EDGE_CURVE('',#2905,#2933,#2935,.T.);
#2933 = VERTEX_POINT('',#2934);
#2934 = CARTESIAN_POINT('',(-13.2,-9.88,57.7776));
#2935 = SURFACE_CURVE('',#2936,(#2940,#2947),.PCURVE_S1.);
#2936 = LINE('',#2937,#2938);
#2937 = CARTESIAN_POINT('',(33.746992695355,-41.17799513023,57.7776));
#2938 = VECTOR('',#2939,1.);
#2939 = DIRECTION('',(-0.832050294338,0.554700196225,0.));
#2940 = PCURVE('',#661,#2941);
#2941 = DEFINITIONAL_REPRESENTATION('',(#2942),#2946);
#2942 = LINE('',#2943,#2944);
#2943 = CARTESIAN_POINT('',(-27.26060413023,-85.986058869));
#2944 = VECTOR('',#2945,1.);
#2945 = DIRECTION('',(0.554700196225,-0.832050294338));
#2946 = ( GEOMETRIC_REPRESENTATION_CONTEXT(2) 
PARAMETRIC_REPRESENTATION_CONTEXT() REPRESENTATION_CONTEXT('2D SPACE',''
  ) );
#2947 = PCURVE('',#2948,#2953);
#2948 = PLANE('',#2949);
#2949 = AXIS2_PLACEMENT_3D('',#2950,#2951,#2952);
#2950 = CARTESIAN_POINT('',(-13.2,-9.88,116.7));
#2951 = DIRECTION('',(-0.554700196225,-0.832050294338,0.));
#2952 = DIRECTION('',(-0.832050294338,0.554700196225,0.));
#2953 = DEFINITIONAL_REPRESENTATION('',(#2954),#2958);
#2954 = LINE('',#2955,#2956);
#2955 = CARTESIAN_POINT('',(-56.42326313064,58.9224));
#2956 = VECTOR('',#2957,1.);
#2957 = DIRECTION('',(1.,-0.));
#2958 = ( GEOMETRIC_REPRESENTATION_CONTEXT(2) 
PARAMETRIC_REPRESENTATION_CONTEXT() REPRESENTATION_CONTEXT('2D SPACE',''
  ) );
#2959 = ORIENTED_EDGE('',*,*,#2960,.T.);
#2960 = EDGE_CURVE('',#2933,#618,#2961,.T.);
#2961 = SURFACE_CURVE('',#2962,(#2966,#2973),.PCURVE_S1.);
#2962 = LINE('',#2963,#2964);
#2963 = CARTESIAN_POINT('',(32.633581464585,20.67572097639,57.7776));
#2964 = VECTOR('',#2965,1.);
#2965 = DIRECTION('',(0.832050294338,0.554700196225,0.));
#2966 = PCURVE('',#661,#2967);
#2967 = DEFINITIONAL_REPRESENTATION('',(#2968),#2972);
#2968 = LINE('',#2969,#2970);
#2969 = CARTESIAN_POINT('',(34.59311197639,-87.09947009977));
#2970 = VECTOR('',#2971,1.);
#2971 = DIRECTION('',(0.554700196225,0.832050294338));
#2972 = ( GEOMETRIC_REPRESENTATION_CONTEXT(2) 
PARAMETRIC_REPRESENTATION_CONTEXT() REPRESENTATION_CONTEXT('2D SPACE',''
  ) );
#2973 = PCURVE('',#633,#2974);
#2974 = DEFINITIONAL_REPRESENTATION('',(#2975),#2979);
#2975 = LINE('',#2976,#2977);
#2976 = CARTESIAN_POINT('',(53.282333731841,58.9224));
#2977 = VECTOR('',#2978,1.);
#2978 = DIRECTION('',(1.,-0.));
#2979 = ( GEOMETRIC_REPRESENTATION_CONTEXT(2) 
PARAMETRIC_REPRESENTATION_CONTEXT() REPRESENTATION_CONTEXT('2D SPACE',''
  ) );
#2980 = ADVANCED_FACE('',(#2981),#633,.T.);
#2981 = FACE_BOUND('',#2982,.F.);
#2982 = EDGE_LOOP('',(#2983,#2984,#2985,#3008));
#2983 = ORIENTED_EDGE('',*,*,#617,.F.);
#2984 = ORIENTED_EDGE('',*,*,#2960,.F.);
#2985 = ORIENTED_EDGE('',*,*,#2986,.T.);
#2986 = EDGE_CURVE('',#2933,#2987,#2989,.T.);
#2987 = VERTEX_POINT('',#2988);
#2988 = CARTESIAN_POINT('',(-13.2,-9.88,6.3));
#2989 = SURFACE_CURVE('',#2990,(#2994,#3001),.PCURVE_S1.);
#2990 = LINE('',#2991,#2992);
#2991 = CARTESIAN_POINT('',(-13.2,-9.88,116.7));
#2992 = VECTOR('',#2993,1.);
#2993 = DIRECTION('',(0.,0.,-1.));
#2994 = PCURVE('',#633,#2995);
#2995 = DEFINITIONAL_REPRESENTATION('',(#2996),#3000);
#2996 = LINE('',#2997,#2998);
#2997 = CARTESIAN_POINT('',(-1.802775637732,0.));
#2998 = VECTOR('',#2999,1.);
#2999 = DIRECTION('',(0.,1.));
#3000 = ( GEOMETRIC_REPRESENTATION_CONTEXT(2) 
PARAMETRIC_REPRESENTATION_CONTEXT() REPRESENTATION_CONTEXT('2D SPACE',''
  ) );
#3001 = PCURVE('',#2948,#3002);
#3002 = DEFINITIONAL_REPRESENTATION('',(#3003),#3007);
#3003 = LINE('',#3004,#3005);
#3004 = CARTESIAN_POINT('',(-0.,-0.));
#3005 = VECTOR('',#3006,1.);
#3006 = DIRECTION('',(-0.,1.));
#3007 = ( GEOMETRIC_REPRESENTATION_CONTEXT(2) 
PARAMETRIC_REPRESENTATION_CONTEXT() REPRESENTATION_CONTEXT('2D SPACE',''
  ) );
#3008 = ORIENTED_EDGE('',*,*,#3009,.F.);
#3009 = EDGE_CURVE('',#590,#2987,#3010,.T.);
#3010 = SURFACE_CURVE('',#3011,(#3015,#3022),.PCURVE_S1.);
#3011 = LINE('',#3012,#3013);
#3012 = CARTESIAN_POINT('',(-11.7,-8.88,6.3));
#3013 = VECTOR('',#3014,1.);
#3014 = DIRECTION('',(-0.832050294338,-0.554700196225,0.));
#3015 = PCURVE('',#633,#3016);
#3016 = DEFINITIONAL_REPRESENTATION('',(#3017),#3021);
#3017 = LINE('',#3018,#3019);
#3018 = CARTESIAN_POINT('',(0.,110.4));
#3019 = VECTOR('',#3020,1.);
#3020 = DIRECTION('',(-1.,0.));
#3021 = ( GEOMETRIC_REPRESENTATION_CONTEXT(2) 
PARAMETRIC_REPRESENTATION_CONTEXT() REPRESENTATION_CONTEXT('2D SPACE',''
  ) );
#3022 = PCURVE('',#605,#3023);
#3023 = DEFINITIONAL_REPRESENTATION('',(#3024),#3028);
#3024 = LINE('',#3025,#3026);
#3025 = CARTESIAN_POINT('',(4.200091589675,1.919823619916));
#3026 = VECTOR('',#3027,1.);
#3027 = DIRECTION('',(0.554700196225,0.832050294338));
#3028 = ( GEOMETRIC_REPRESENTATION_CONTEXT(2) 
PARAMETRIC_REPRESENTATION_CONTEXT() REPRESENTATION_CONTEXT('2D SPACE',''
  ) );
#3029 = ADVANCED_FACE('',(#3030),#605,.T.);
#3030 = FACE_BOUND('',#3031,.F.);
#3031 = EDGE_LOOP('',(#3032,#3033,#3034,#3057,#3080,#3101,#3102));
#3032 = ORIENTED_EDGE('',*,*,#589,.F.);
#3033 = ORIENTED_EDGE('',*,*,#3009,.T.);
#3034 = ORIENTED_EDGE('',*,*,#3035,.T.);
#3035 = EDGE_CURVE('',#2987,#3036,#3038,.T.);
#3036 = VERTEX_POINT('',#3037);
#3037 = CARTESIAN_POINT('',(-11.7,-10.88,6.3));
#3038 = SURFACE_CURVE('',#3039,(#3043,#3050),.PCURVE_S1.);
#3039 = LINE('',#3040,#3041);
#3040 = CARTESIAN_POINT('',(-13.2,-9.88,6.3));
#3041 = VECTOR('',#3042,1.);
#3042 = DIRECTION('',(0.832050294338,-0.554700196225,0.));
#3043 = PCURVE('',#605,#3044);
#3044 = DEFINITIONAL_REPRESENTATION('',(#3045),#3049);
#3045 = LINE('',#3046,#3047);
#3046 = CARTESIAN_POINT('',(5.200091589675,3.419823619916));
#3047 = VECTOR('',#3048,1.);
#3048 = DIRECTION('',(0.554700196225,-0.832050294338));
#3049 = ( GEOMETRIC_REPRESENTATION_CONTEXT(2) 
PARAMETRIC_REPRESENTATION_CONTEXT() REPRESENTATION_CONTEXT('2D SPACE',''
  ) );
#3050 = PCURVE('',#2948,#3051);
#3051 = DEFINITIONAL_REPRESENTATION('',(#3052),#3056);
#3052 = LINE('',#3053,#3054);
#3053 = CARTESIAN_POINT('',(-0.,110.4));
#3054 = VECTOR('',#3055,1.);
#3055 = DIRECTION('',(-1.,0.));
#3056 = ( GEOMETRIC_REPRESENTATION_CONTEXT(2) 
PARAMETRIC_REPRESENTATION_CONTEXT() REPRESENTATION_CONTEXT('2D SPACE',''
  ) );
#3057 = ORIENTED_EDGE('',*,*,#3058,.T.);
#3058 = EDGE_CURVE('',#3036,#3059,#3061,.T.);
#3059 = VERTEX_POINT('',#3060);
#3060 = CARTESIAN_POINT('',(-9.7,-10.88,6.3));
#3061 = SURFACE_CURVE('',#3062,(#3066,#3073),.PCURVE_S1.);
#3062 = LINE('',#3063,#3064);
#3063 = CARTESIAN_POINT('',(-11.7,-10.88,6.3));
#3064 = VECTOR('',#3065,1.);
#3065 = DIRECTION('',(1.,0.,0.));
#3066 = PCURVE('',#605,#3067);
#3067 = DEFINITIONAL_REPRESENTATION('',(#3068),#3072);
#3068 = LINE('',#3069,#3070);
#3069 = CARTESIAN_POINT('',(6.200091589675,1.919823619916));
#3070 = VECTOR('',#3071,1.);
#3071 = DIRECTION('',(-0.,-1.));
#3072 = ( GEOMETRIC_REPRESENTATION_CONTEXT(2) 
PARAMETRIC_REPRESENTATION_CONTEXT() REPRESENTATION_CONTEXT('2D SPACE',''
  ) );
#3073 = PCURVE('',#2920,#3074);
#3074 = DEFINITIONAL_REPRESENTATION('',(#3075),#3079);
#3075 = LINE('',#3076,#3077);
#3076 = CARTESIAN_POINT('',(-0.,110.4));
#3077 = VECTOR('',#3078,1.);
#3078 = DIRECTION('',(-1.,0.));
#3079 = ( GEOMETRIC_REPRESENTATION_CONTEXT(2) 
PARAMETRIC_REPRESENTATION_CONTEXT() REPRESENTATION_CONTEXT('2D SPACE',''
  ) );
#3080 = ORIENTED_EDGE('',*,*,#3081,.T.);
#3081 = EDGE_CURVE('',#3059,#2332,#3082,.T.);
#3082 = SURFACE_CURVE('',#3083,(#3087,#3094),.PCURVE_S1.);
#3083 = LINE('',#3084,#3085);
#3084 = CARTESIAN_POINT('',(-9.7,-10.88,6.3));
#3085 = VECTOR('',#3086,1.);
#3086 = DIRECTION('',(8.715574274766E-02,0.996194698092,0.));
#3087 = PCURVE('',#605,#3088);
#3088 = DEFINITIONAL_REPRESENTATION('',(#3089),#3093);
#3089 = LINE('',#3090,#3091);
#3090 = CARTESIAN_POINT('',(6.200091589675,-8.017638008427E-02));
#3091 = VECTOR('',#3092,1.);
#3092 = DIRECTION('',(-0.996194698092,-8.715574274766E-02));
#3093 = ( GEOMETRIC_REPRESENTATION_CONTEXT(2) 
PARAMETRIC_REPRESENTATION_CONTEXT() REPRESENTATION_CONTEXT('2D SPACE',''
  ) );
#3094 = PCURVE('',#2347,#3095);
#3095 = DEFINITIONAL_REPRESENTATION('',(#3096),#3100);
#3096 = LINE('',#3097,#3098);
#3097 = CARTESIAN_POINT('',(-0.,110.4));
#3098 = VECTOR('',#3099,1.);
#3099 = DIRECTION('',(-1.,0.));
#3100 = ( GEOMETRIC_REPRESENTATION_CONTEXT(2) 
PARAMETRIC_REPRESENTATION_CONTEXT() REPRESENTATION_CONTEXT('2D SPACE',''
  ) );
#3101 = ORIENTED_EDGE('',*,*,#2359,.F.);
#3102 = ORIENTED_EDGE('',*,*,#3103,.T.);
#3103 = EDGE_CURVE('',#2360,#562,#3104,.T.);
#3104 = SURFACE_CURVE('',#3105,(#3109,#3116),.PCURVE_S1.);
#3105 = LINE('',#3106,#3107);
#3106 = CARTESIAN_POINT('',(-4.890088190042,-1.,6.3));
#3107 = VECTOR('',#3108,1.);
#3108 = DIRECTION('',(-1.,0.,0.));
#3109 = PCURVE('',#605,#3110);
#3110 = DEFINITIONAL_REPRESENTATION('',(#3111),#3115);
#3111 = LINE('',#3112,#3113);
#3112 = CARTESIAN_POINT('',(-3.679908410325,-4.890088190042));
#3113 = VECTOR('',#3114,1.);
#3114 = DIRECTION('',(-0.,1.));
#3115 = ( GEOMETRIC_REPRESENTATION_CONTEXT(2) 
PARAMETRIC_REPRESENTATION_CONTEXT() REPRESENTATION_CONTEXT('2D SPACE',''
  ) );
#3116 = PCURVE('',#1619,#3117);
#3117 = DEFINITIONAL_REPRESENTATION('',(#3118),#3122);
#3118 = LINE('',#3119,#3120);
#3119 = CARTESIAN_POINT('',(-55.2,4.890088190042));
#3120 = VECTOR('',#3121,1.);
#3121 = DIRECTION('',(0.,1.));
#3122 = ( GEOMETRIC_REPRESENTATION_CONTEXT(2) 
PARAMETRIC_REPRESENTATION_CONTEXT() REPRESENTATION_CONTEXT('2D SPACE',''
  ) );
#3123 = ADVANCED_FACE('',(#3124),#577,.T.);
#3124 = FACE_BOUND('',#3125,.F.);
#3125 = EDGE_LOOP('',(#3126,#3127,#3151,#3179));
#3126 = ORIENTED_EDGE('',*,*,#561,.T.);
#3127 = ORIENTED_EDGE('',*,*,#3128,.T.);
#3128 = EDGE_CURVE('',#562,#3129,#3131,.T.);
#3129 = VERTEX_POINT('',#3130);
#3130 = CARTESIAN_POINT('',(-9.7,-1.,4.3));
#3131 = SURFACE_CURVE('',#3132,(#3137,#3144),.PCURVE_S1.);
#3132 = CIRCLE('',#3133,2.);
#3133 = AXIS2_PLACEMENT_3D('',#3134,#3135,#3136);
#3134 = CARTESIAN_POINT('',(-9.7,-1.,6.3));
#3135 = DIRECTION('',(0.,-1.,-2.2E-16));
#3136 = DIRECTION('',(1.,0.,0.));
#3137 = PCURVE('',#577,#3138);
#3138 = DEFINITIONAL_REPRESENTATION('',(#3139),#3143);
#3139 = LINE('',#3140,#3141);
#3140 = CARTESIAN_POINT('',(-0.,-1.));
#3141 = VECTOR('',#3142,1.);
#3142 = DIRECTION('',(-1.,0.));
#3143 = ( GEOMETRIC_REPRESENTATION_CONTEXT(2) 
PARAMETRIC_REPRESENTATION_CONTEXT() REPRESENTATION_CONTEXT('2D SPACE',''
  ) );
#3144 = PCURVE('',#1619,#3145);
#3145 = DEFINITIONAL_REPRESENTATION('',(#3146),#3150);
#3146 = CIRCLE('',#3147,2.);
#3147 = AXIS2_PLACEMENT_2D('',#3148,#3149);
#3148 = CARTESIAN_POINT('',(-55.2,9.7));
#3149 = DIRECTION('',(0.,-1.));
#3150 = ( GEOMETRIC_REPRESENTATION_CONTEXT(2) 
PARAMETRIC_REPRESENTATION_CONTEXT() REPRESENTATION_CONTEXT('2D SPACE',''
  ) );
#3151 = ORIENTED_EDGE('',*,*,#3152,.F.);
#3152 = EDGE_CURVE('',#3153,#3129,#3155,.T.);
#3153 = VERTEX_POINT('',#3154);
#3154 = CARTESIAN_POINT('',(-9.7,-0.333333333333,4.3));
#3155 = SURFACE_CURVE('',#3156,(#3160,#3167),.PCURVE_S1.);
#3156 = LINE('',#3157,#3158);
#3157 = CARTESIAN_POINT('',(-9.7,9.6E-16,4.3));
#3158 = VECTOR('',#3159,1.);
#3159 = DIRECTION('',(0.,-1.,2.2E-16));
#3160 = PCURVE('',#577,#3161);
#3161 = DEFINITIONAL_REPRESENTATION('',(#3162),#3166);
#3162 = LINE('',#3163,#3164);
#3163 = CARTESIAN_POINT('',(-4.712388980385,0.));
#3164 = VECTOR('',#3165,1.);
#3165 = DIRECTION('',(-0.,-1.));
#3166 = ( GEOMETRIC_REPRESENTATION_CONTEXT(2) 
PARAMETRIC_REPRESENTATION_CONTEXT() REPRESENTATION_CONTEXT('2D SPACE',''
  ) );
#3167 = PCURVE('',#3168,#3173);
#3168 = PLANE('',#3169);
#3169 = AXIS2_PLACEMENT_3D('',#3170,#3171,#3172);
#3170 = CARTESIAN_POINT('',(0.,-0.5,4.3));
#3171 = DIRECTION('',(0.,2.2E-16,-1.));
#3172 = DIRECTION('',(0.,1.,2.2E-16));
#3173 = DEFINITIONAL_REPRESENTATION('',(#3174),#3178);
#3174 = LINE('',#3175,#3176);
#3175 = CARTESIAN_POINT('',(0.5,-9.7));
#3176 = VECTOR('',#3177,1.);
#3177 = DIRECTION('',(-1.,0.));
#3178 = ( GEOMETRIC_REPRESENTATION_CONTEXT(2) 
PARAMETRIC_REPRESENTATION_CONTEXT() REPRESENTATION_CONTEXT('2D SPACE',''
  ) );
#3179 = ORIENTED_EDGE('',*,*,#3180,.T.);
#3180 = EDGE_CURVE('',#3153,#539,#3181,.T.);
#3181 = SURFACE_CURVE('',#3182,(#3187,#3194),.PCURVE_S1.);
#3182 = CIRCLE('',#3183,2.);
#3183 = AXIS2_PLACEMENT_3D('',#3184,#3185,#3186);
#3184 = CARTESIAN_POINT('',(-9.7,-0.333333333333,6.3));
#3185 = DIRECTION('',(0.,1.,-7.E-17));
#3186 = DIRECTION('',(0.,-7.E-17,-1.));
#3187 = PCURVE('',#577,#3188);
#3188 = DEFINITIONAL_REPRESENTATION('',(#3189),#3193);
#3189 = LINE('',#3190,#3191);
#3190 = CARTESIAN_POINT('',(-4.712388980385,-0.333333333333));
#3191 = VECTOR('',#3192,1.);
#3192 = DIRECTION('',(1.,-0.));
#3193 = ( GEOMETRIC_REPRESENTATION_CONTEXT(2) 
PARAMETRIC_REPRESENTATION_CONTEXT() REPRESENTATION_CONTEXT('2D SPACE',''
  ) );
#3194 = PCURVE('',#913,#3195);
#3195 = DEFINITIONAL_REPRESENTATION('',(#3196),#3200);
#3196 = LINE('',#3197,#3198);
#3197 = CARTESIAN_POINT('',(0.,0.));
#3198 = VECTOR('',#3199,1.);
#3199 = DIRECTION('',(1.,0.));
#3200 = ( GEOMETRIC_REPRESENTATION_CONTEXT(2) 
PARAMETRIC_REPRESENTATION_CONTEXT() REPRESENTATION_CONTEXT('2D SPACE',''
  ) );
#3201 = ADVANCED_FACE('',(#3202),#825,.T.);
#3202 = FACE_BOUND('',#3203,.T.);
#3203 = EDGE_LOOP('',(#3204,#3205,#3206,#3228));
#3204 = ORIENTED_EDGE('',*,*,#810,.F.);
#3205 = ORIENTED_EDGE('',*,*,#871,.T.);
#3206 = ORIENTED_EDGE('',*,*,#3207,.T.);
#3207 = EDGE_CURVE('',#844,#1183,#3208,.T.);
#3208 = SURFACE_CURVE('',#3209,(#3214,#3221),.PCURVE_S1.);
#3209 = CIRCLE('',#3210,0.333333333333);
#3210 = AXIS2_PLACEMENT_3D('',#3211,#3212,#3213);
#3211 = CARTESIAN_POINT('',(11.366666666667,-0.333333333333,116.7));
#3212 = DIRECTION('',(-2.8E-16,7.E-17,1.));
#3213 = DIRECTION('',(1.,0.,2.8E-16));
#3214 = PCURVE('',#825,#3215);
#3215 = DEFINITIONAL_REPRESENTATION('',(#3216),#3220);
#3216 = LINE('',#3217,#3218);
#3217 = CARTESIAN_POINT('',(1.570796326795,0.));
#3218 = VECTOR('',#3219,1.);
#3219 = DIRECTION('',(0.,1.));
#3220 = ( GEOMETRIC_REPRESENTATION_CONTEXT(2) 
PARAMETRIC_REPRESENTATION_CONTEXT() REPRESENTATION_CONTEXT('2D SPACE',''
  ) );
#3221 = PCURVE('',#1222,#3222);
#3222 = DEFINITIONAL_REPRESENTATION('',(#3223),#3227);
#3223 = LINE('',#3224,#3225);
#3224 = CARTESIAN_POINT('',(-0.,-2.2E-16));
#3225 = VECTOR('',#3226,1.);
#3226 = DIRECTION('',(-1.,0.));
#3227 = ( GEOMETRIC_REPRESENTATION_CONTEXT(2) 
PARAMETRIC_REPRESENTATION_CONTEXT() REPRESENTATION_CONTEXT('2D SPACE',''
  ) );
#3228 = ORIENTED_EDGE('',*,*,#1182,.F.);
#3229 = ADVANCED_FACE('',(#3230),#859,.T.);
#3230 = FACE_BOUND('',#3231,.T.);
#3231 = EDGE_LOOP('',(#3232,#3255,#3256,#3257,#3280,#3308,#3332,#3360,
    #3388,#3411));
#3232 = ORIENTED_EDGE('',*,*,#3233,.F.);
#3233 = EDGE_CURVE('',#844,#3234,#3236,.T.);
#3234 = VERTEX_POINT('',#3235);
#3235 = CARTESIAN_POINT('',(11.7,-0.333333333333,6.3));
#3236 = SURFACE_CURVE('',#3237,(#3241,#3248),.PCURVE_S1.);
#3237 = LINE('',#3238,#3239);
#3238 = CARTESIAN_POINT('',(11.7,-0.333333333333,116.7));
#3239 = VECTOR('',#3240,1.);
#3240 = DIRECTION('',(0.,0.,-1.));
#3241 = PCURVE('',#859,#3242);
#3242 = DEFINITIONAL_REPRESENTATION('',(#3243),#3247);
#3243 = LINE('',#3244,#3245);
#3244 = CARTESIAN_POINT('',(-4.106666666667,-55.2));
#3245 = VECTOR('',#3246,1.);
#3246 = DIRECTION('',(2.2E-16,1.));
#3247 = ( GEOMETRIC_REPRESENTATION_CONTEXT(2) 
PARAMETRIC_REPRESENTATION_CONTEXT() REPRESENTATION_CONTEXT('2D SPACE',''
  ) );
#3248 = PCURVE('',#1222,#3249);
#3249 = DEFINITIONAL_REPRESENTATION('',(#3250),#3254);
#3250 = LINE('',#3251,#3252);
#3251 = CARTESIAN_POINT('',(-0.,0.));
#3252 = VECTOR('',#3253,1.);
#3253 = DIRECTION('',(-0.,1.));
#3254 = ( GEOMETRIC_REPRESENTATION_CONTEXT(2) 
PARAMETRIC_REPRESENTATION_CONTEXT() REPRESENTATION_CONTEXT('2D SPACE',''
  ) );
#3255 = ORIENTED_EDGE('',*,*,#843,.T.);
#3256 = ORIENTED_EDGE('',*,*,#1853,.F.);
#3257 = ORIENTED_EDGE('',*,*,#3258,.T.);
#3258 = EDGE_CURVE('',#1854,#3259,#3261,.T.);
#3259 = VERTEX_POINT('',#3260);
#3260 = CARTESIAN_POINT('',(11.7,-8.88,60.9576));
#3261 = SURFACE_CURVE('',#3262,(#3266,#3273),.PCURVE_S1.);
#3262 = LINE('',#3263,#3264);
#3263 = CARTESIAN_POINT('',(11.7,-8.88,116.7));
#3264 = VECTOR('',#3265,1.);
#3265 = DIRECTION('',(0.,0.,-1.));
#3266 = PCURVE('',#859,#3267);
#3267 = DEFINITIONAL_REPRESENTATION('',(#3268),#3272);
#3268 = LINE('',#3269,#3270);
#3269 = CARTESIAN_POINT('',(4.44,-55.2));
#3270 = VECTOR('',#3271,1.);
#3271 = DIRECTION('',(2.2E-16,1.));
#3272 = ( GEOMETRIC_REPRESENTATION_CONTEXT(2) 
PARAMETRIC_REPRESENTATION_CONTEXT() REPRESENTATION_CONTEXT('2D SPACE',''
  ) );
#3273 = PCURVE('',#1892,#3274);
#3274 = DEFINITIONAL_REPRESENTATION('',(#3275),#3279);
#3275 = LINE('',#3276,#3277);
#3276 = CARTESIAN_POINT('',(0.,0.));
#3277 = VECTOR('',#3278,1.);
#3278 = DIRECTION('',(0.,1.));
#3279 = ( GEOMETRIC_REPRESENTATION_CONTEXT(2) 
PARAMETRIC_REPRESENTATION_CONTEXT() REPRESENTATION_CONTEXT('2D SPACE',''
  ) );
#3280 = ORIENTED_EDGE('',*,*,#3281,.F.);
#3281 = EDGE_CURVE('',#3282,#3259,#3284,.T.);
#3282 = VERTEX_POINT('',#3283);
#3283 = CARTESIAN_POINT('',(11.7,-5.59,60.9576));
#3284 = SURFACE_CURVE('',#3285,(#3289,#3296),.PCURVE_S1.);
#3285 = LINE('',#3286,#3287);
#3286 = CARTESIAN_POINT('',(11.7,-5.015,60.9576));
#3287 = VECTOR('',#3288,1.);
#3288 = DIRECTION('',(0.,-1.,0.));
#3289 = PCURVE('',#859,#3290);
#3290 = DEFINITIONAL_REPRESENTATION('',(#3291),#3295);
#3291 = LINE('',#3292,#3293);
#3292 = CARTESIAN_POINT('',(0.575,0.5424));
#3293 = VECTOR('',#3294,1.);
#3294 = DIRECTION('',(1.,-2.2E-16));
#3295 = ( GEOMETRIC_REPRESENTATION_CONTEXT(2) 
PARAMETRIC_REPRESENTATION_CONTEXT() REPRESENTATION_CONTEXT('2D SPACE',''
  ) );
#3296 = PCURVE('',#3297,#3302);
#3297 = PLANE('',#3298);
#3298 = AXIS2_PLACEMENT_3D('',#3299,#3300,#3301);
#3299 = CARTESIAN_POINT('',(119.73305156435,-5.59,60.9576));
#3300 = DIRECTION('',(0.,0.,1.));
#3301 = DIRECTION('',(0.,-1.,0.));
#3302 = DEFINITIONAL_REPRESENTATION('',(#3303),#3307);
#3303 = LINE('',#3304,#3305);
#3304 = CARTESIAN_POINT('',(-0.575,-108.0330515643));
#3305 = VECTOR('',#3306,1.);
#3306 = DIRECTION('',(1.,0.));
#3307 = ( GEOMETRIC_REPRESENTATION_CONTEXT(2) 
PARAMETRIC_REPRESENTATION_CONTEXT() REPRESENTATION_CONTEXT('2D SPACE',''
  ) );
#3308 = ORIENTED_EDGE('',*,*,#3309,.F.);
#3309 = EDGE_CURVE('',#3310,#3282,#3312,.T.);
#3310 = VERTEX_POINT('',#3311);
#3311 = CARTESIAN_POINT('',(11.7,-5.59,57.7776));
#3312 = SURFACE_CURVE('',#3313,(#3318,#3325),.PCURVE_S1.);
#3313 = CIRCLE('',#3314,1.59);
#3314 = AXIS2_PLACEMENT_3D('',#3315,#3316,#3317);
#3315 = CARTESIAN_POINT('',(11.7,-5.59,59.3676));
#3316 = DIRECTION('',(1.,0.,0.));
#3317 = DIRECTION('',(-0.,1.,0.));
#3318 = PCURVE('',#859,#3319);
#3319 = DEFINITIONAL_REPRESENTATION('',(#3320),#3324);
#3320 = CIRCLE('',#3321,1.59);
#3321 = AXIS2_PLACEMENT_2D('',#3322,#3323);
#3322 = CARTESIAN_POINT('',(1.15,2.1324));
#3323 = DIRECTION('',(-1.,2.2E-16));
#3324 = ( GEOMETRIC_REPRESENTATION_CONTEXT(2) 
PARAMETRIC_REPRESENTATION_CONTEXT() REPRESENTATION_CONTEXT('2D SPACE',''
  ) );
#3325 = PCURVE('',#1467,#3326);
#3326 = DEFINITIONAL_REPRESENTATION('',(#3327),#3331);
#3327 = LINE('',#3328,#3329);
#3328 = CARTESIAN_POINT('',(0.,-108.0330515643));
#3329 = VECTOR('',#3330,1.);
#3330 = DIRECTION('',(1.,0.));
#3331 = ( GEOMETRIC_REPRESENTATION_CONTEXT(2) 
PARAMETRIC_REPRESENTATION_CONTEXT() REPRESENTATION_CONTEXT('2D SPACE',''
  ) );
#3332 = ORIENTED_EDGE('',*,*,#3333,.F.);
#3333 = EDGE_CURVE('',#3334,#3310,#3336,.T.);
#3334 = VERTEX_POINT('',#3335);
#3335 = CARTESIAN_POINT('',(11.7,-8.88,57.7776));
#3336 = SURFACE_CURVE('',#3337,(#3341,#3348),.PCURVE_S1.);
#3337 = LINE('',#3338,#3339);
#3338 = CARTESIAN_POINT('',(11.7,-9.1786955,57.7776));
#3339 = VECTOR('',#3340,1.);
#3340 = DIRECTION('',(0.,1.,0.));
#3341 = PCURVE('',#859,#3342);
#3342 = DEFINITIONAL_REPRESENTATION('',(#3343),#3347);
#3343 = LINE('',#3344,#3345);
#3344 = CARTESIAN_POINT('',(4.7386955,3.7224));
#3345 = VECTOR('',#3346,1.);
#3346 = DIRECTION('',(-1.,2.2E-16));
#3347 = ( GEOMETRIC_REPRESENTATION_CONTEXT(2) 
PARAMETRIC_REPRESENTATION_CONTEXT() REPRESENTATION_CONTEXT('2D SPACE',''
  ) );
#3348 = PCURVE('',#3349,#3354);
#3349 = PLANE('',#3350);
#3350 = AXIS2_PLACEMENT_3D('',#3351,#3352,#3353);
#3351 = CARTESIAN_POINT('',(119.73305156435,-13.917391,57.7776));
#3352 = DIRECTION('',(0.,0.,-1.));
#3353 = DIRECTION('',(0.,1.,0.));
#3354 = DEFINITIONAL_REPRESENTATION('',(#3355),#3359);
#3355 = LINE('',#3356,#3357);
#3356 = CARTESIAN_POINT('',(4.7386955,-108.0330515643));
#3357 = VECTOR('',#3358,1.);
#3358 = DIRECTION('',(1.,0.));
#3359 = ( GEOMETRIC_REPRESENTATION_CONTEXT(2) 
PARAMETRIC_REPRESENTATION_CONTEXT() REPRESENTATION_CONTEXT('2D SPACE',''
  ) );
#3360 = ORIENTED_EDGE('',*,*,#3361,.T.);
#3361 = EDGE_CURVE('',#3334,#3362,#3364,.T.);
#3362 = VERTEX_POINT('',#3363);
#3363 = CARTESIAN_POINT('',(11.7,-8.88,6.3));
#3364 = SURFACE_CURVE('',#3365,(#3369,#3376),.PCURVE_S1.);
#3365 = LINE('',#3366,#3367);
#3366 = CARTESIAN_POINT('',(11.7,-8.88,116.7));
#3367 = VECTOR('',#3368,1.);
#3368 = DIRECTION('',(0.,0.,-1.));
#3369 = PCURVE('',#859,#3370);
#3370 = DEFINITIONAL_REPRESENTATION('',(#3371),#3375);
#3371 = LINE('',#3372,#3373);
#3372 = CARTESIAN_POINT('',(4.44,-55.2));
#3373 = VECTOR('',#3374,1.);
#3374 = DIRECTION('',(2.2E-16,1.));
#3375 = ( GEOMETRIC_REPRESENTATION_CONTEXT(2) 
PARAMETRIC_REPRESENTATION_CONTEXT() REPRESENTATION_CONTEXT('2D SPACE',''
  ) );
#3376 = PCURVE('',#3377,#3382);
#3377 = PLANE('',#3378);
#3378 = AXIS2_PLACEMENT_3D('',#3379,#3380,#3381);
#3379 = CARTESIAN_POINT('',(11.7,-8.88,116.7));
#3380 = DIRECTION('',(0.554700196225,0.832050294338,0.));
#3381 = DIRECTION('',(0.832050294338,-0.554700196225,0.));
#3382 = DEFINITIONAL_REPRESENTATION('',(#3383),#3387);
#3383 = LINE('',#3384,#3385);
#3384 = CARTESIAN_POINT('',(0.,0.));
#3385 = VECTOR('',#3386,1.);
#3386 = DIRECTION('',(0.,1.));
#3387 = ( GEOMETRIC_REPRESENTATION_CONTEXT(2) 
PARAMETRIC_REPRESENTATION_CONTEXT() REPRESENTATION_CONTEXT('2D SPACE',''
  ) );
#3388 = ORIENTED_EDGE('',*,*,#3389,.T.);
#3389 = EDGE_CURVE('',#3362,#3390,#3392,.T.);
#3390 = VERTEX_POINT('',#3391);
#3391 = CARTESIAN_POINT('',(11.7,-1.,6.3));
#3392 = SURFACE_CURVE('',#3393,(#3397,#3404),.PCURVE_S1.);
#3393 = LINE('',#3394,#3395);
#3394 = CARTESIAN_POINT('',(11.7,-8.88,6.3));
#3395 = VECTOR('',#3396,1.);
#3396 = DIRECTION('',(0.,1.,0.));
#3397 = PCURVE('',#859,#3398);
#3398 = DEFINITIONAL_REPRESENTATION('',(#3399),#3403);
#3399 = LINE('',#3400,#3401);
#3400 = CARTESIAN_POINT('',(4.44,55.2));
#3401 = VECTOR('',#3402,1.);
#3402 = DIRECTION('',(-1.,2.2E-16));
#3403 = ( GEOMETRIC_REPRESENTATION_CONTEXT(2) 
PARAMETRIC_REPRESENTATION_CONTEXT() REPRESENTATION_CONTEXT('2D SPACE',''
  ) );
#3404 = PCURVE('',#1591,#3405);
#3405 = DEFINITIONAL_REPRESENTATION('',(#3406),#3410);
#3406 = LINE('',#3407,#3408);
#3407 = CARTESIAN_POINT('',(-4.200091589675,1.919823619916));
#3408 = VECTOR('',#3409,1.);
#3409 = DIRECTION('',(1.,0.));
#3410 = ( GEOMETRIC_REPRESENTATION_CONTEXT(2) 
PARAMETRIC_REPRESENTATION_CONTEXT() REPRESENTATION_CONTEXT('2D SPACE',''
  ) );
#3411 = ORIENTED_EDGE('',*,*,#3412,.F.);
#3412 = EDGE_CURVE('',#3234,#3390,#3413,.T.);
#3413 = SURFACE_CURVE('',#3414,(#3418,#3425),.PCURVE_S1.);
#3414 = LINE('',#3415,#3416);
#3415 = CARTESIAN_POINT('',(11.7,1.4E-15,6.3));
#3416 = VECTOR('',#3417,1.);
#3417 = DIRECTION('',(0.,-1.,2.2E-16));
#3418 = PCURVE('',#859,#3419);
#3419 = DEFINITIONAL_REPRESENTATION('',(#3420),#3424);
#3420 = LINE('',#3421,#3422);
#3421 = CARTESIAN_POINT('',(-4.44,55.2));
#3422 = VECTOR('',#3423,1.);
#3423 = DIRECTION('',(1.,-4.4E-16));
#3424 = ( GEOMETRIC_REPRESENTATION_CONTEXT(2) 
PARAMETRIC_REPRESENTATION_CONTEXT() REPRESENTATION_CONTEXT('2D SPACE',''
  ) );
#3425 = PCURVE('',#3426,#3431);
#3426 = CYLINDRICAL_SURFACE('',#3427,2.);
#3427 = AXIS2_PLACEMENT_3D('',#3428,#3429,#3430);
#3428 = CARTESIAN_POINT('',(9.7,1.4E-15,6.3));
#3429 = DIRECTION('',(0.,1.,-2.2E-16));
#3430 = DIRECTION('',(-1.,0.,0.));
#3431 = DEFINITIONAL_REPRESENTATION('',(#3432),#3436);
#3432 = LINE('',#3433,#3434);
#3433 = CARTESIAN_POINT('',(3.14159265359,0.));
#3434 = VECTOR('',#3435,1.);
#3435 = DIRECTION('',(0.,-1.));
#3436 = ( GEOMETRIC_REPRESENTATION_CONTEXT(2) 
PARAMETRIC_REPRESENTATION_CONTEXT() REPRESENTATION_CONTEXT('2D SPACE',''
  ) );
#3437 = ADVANCED_FACE('',(#3438),#913,.T.);
#3438 = FACE_BOUND('',#3439,.T.);
#3439 = EDGE_LOOP('',(#3440,#3462,#3463,#3464));
#3440 = ORIENTED_EDGE('',*,*,#3441,.F.);
#3441 = EDGE_CURVE('',#3153,#1264,#3442,.T.);
#3442 = SURFACE_CURVE('',#3443,(#3448,#3455),.PCURVE_S1.);
#3443 = CIRCLE('',#3444,0.333333333333);
#3444 = AXIS2_PLACEMENT_3D('',#3445,#3446,#3447);
#3445 = CARTESIAN_POINT('',(-9.7,-0.333333333333,4.633333333333));
#3446 = DIRECTION('',(1.,-0.,0.));
#3447 = DIRECTION('',(0.,0.,-1.));
#3448 = PCURVE('',#913,#3449);
#3449 = DEFINITIONAL_REPRESENTATION('',(#3450),#3454);
#3450 = LINE('',#3451,#3452);
#3451 = CARTESIAN_POINT('',(0.,0.));
#3452 = VECTOR('',#3453,1.);
#3453 = DIRECTION('',(0.,1.));
#3454 = ( GEOMETRIC_REPRESENTATION_CONTEXT(2) 
PARAMETRIC_REPRESENTATION_CONTEXT() REPRESENTATION_CONTEXT('2D SPACE',''
  ) );
#3455 = PCURVE('',#1279,#3456);
#3456 = DEFINITIONAL_REPRESENTATION('',(#3457),#3461);
#3457 = LINE('',#3458,#3459);
#3458 = CARTESIAN_POINT('',(-0.,19.4));
#3459 = VECTOR('',#3460,1.);
#3460 = DIRECTION('',(-1.,0.));
#3461 = ( GEOMETRIC_REPRESENTATION_CONTEXT(2) 
PARAMETRIC_REPRESENTATION_CONTEXT() REPRESENTATION_CONTEXT('2D SPACE',''
  ) );
#3462 = ORIENTED_EDGE('',*,*,#3180,.T.);
#3463 = ORIENTED_EDGE('',*,*,#896,.T.);
#3464 = ORIENTED_EDGE('',*,*,#1291,.F.);
#3465 = ADVANCED_FACE('',(#3466),#969,.T.);
#3466 = FACE_BOUND('',#3467,.T.);
#3467 = EDGE_LOOP('',(#3468,#3492,#3493,#3517));
#3468 = ORIENTED_EDGE('',*,*,#3469,.T.);
#3469 = EDGE_CURVE('',#3470,#952,#3472,.T.);
#3470 = VERTEX_POINT('',#3471);
#3471 = CARTESIAN_POINT('',(3.,-0.333333333333,50.));
#3472 = SURFACE_CURVE('',#3473,(#3478,#3485),.PCURVE_S1.);
#3473 = CIRCLE('',#3474,0.333333333333);
#3474 = AXIS2_PLACEMENT_3D('',#3475,#3476,#3477);
#3475 = CARTESIAN_POINT('',(3.,-0.333333333333,49.666666666667));
#3476 = DIRECTION('',(-1.,0.,0.));
#3477 = DIRECTION('',(0.,2.2E-16,1.));
#3478 = PCURVE('',#969,#3479);
#3479 = DEFINITIONAL_REPRESENTATION('',(#3480),#3484);
#3480 = LINE('',#3481,#3482);
#3481 = CARTESIAN_POINT('',(0.,4.4E-16));
#3482 = VECTOR('',#3483,1.);
#3483 = DIRECTION('',(1.,0.));
#3484 = ( GEOMETRIC_REPRESENTATION_CONTEXT(2) 
PARAMETRIC_REPRESENTATION_CONTEXT() REPRESENTATION_CONTEXT('2D SPACE',''
  ) );
#3485 = PCURVE('',#998,#3486);
#3486 = DEFINITIONAL_REPRESENTATION('',(#3487),#3491);
#3487 = LINE('',#3488,#3489);
#3488 = CARTESIAN_POINT('',(-1.570796326795,3.14159265359));
#3489 = VECTOR('',#3490,1.);
#3490 = DIRECTION('',(-0.,1.));
#3491 = ( GEOMETRIC_REPRESENTATION_CONTEXT(2) 
PARAMETRIC_REPRESENTATION_CONTEXT() REPRESENTATION_CONTEXT('2D SPACE',''
  ) );
#3492 = ORIENTED_EDGE('',*,*,#951,.T.);
#3493 = ORIENTED_EDGE('',*,*,#3494,.F.);
#3494 = EDGE_CURVE('',#3495,#954,#3497,.T.);
#3495 = VERTEX_POINT('',#3496);
#3496 = CARTESIAN_POINT('',(-3.,-0.333333333333,50.));
#3497 = SURFACE_CURVE('',#3498,(#3503,#3510),.PCURVE_S1.);
#3498 = CIRCLE('',#3499,0.333333333333);
#3499 = AXIS2_PLACEMENT_3D('',#3500,#3501,#3502);
#3500 = CARTESIAN_POINT('',(-3.,-0.333333333333,49.666666666667));
#3501 = DIRECTION('',(-1.,0.,0.));
#3502 = DIRECTION('',(0.,2.2E-16,1.));
#3503 = PCURVE('',#969,#3504);
#3504 = DEFINITIONAL_REPRESENTATION('',(#3505),#3509);
#3505 = LINE('',#3506,#3507);
#3506 = CARTESIAN_POINT('',(0.,6.));
#3507 = VECTOR('',#3508,1.);
#3508 = DIRECTION('',(1.,0.));
#3509 = ( GEOMETRIC_REPRESENTATION_CONTEXT(2) 
PARAMETRIC_REPRESENTATION_CONTEXT() REPRESENTATION_CONTEXT('2D SPACE',''
  ) );
#3510 = PCURVE('',#1167,#3511);
#3511 = DEFINITIONAL_REPRESENTATION('',(#3512),#3516);
#3512 = LINE('',#3513,#3514);
#3513 = CARTESIAN_POINT('',(-0.,3.14159265359));
#3514 = VECTOR('',#3515,1.);
#3515 = DIRECTION('',(-0.,1.));
#3516 = ( GEOMETRIC_REPRESENTATION_CONTEXT(2) 
PARAMETRIC_REPRESENTATION_CONTEXT() REPRESENTATION_CONTEXT('2D SPACE',''
  ) );
#3517 = ORIENTED_EDGE('',*,*,#3518,.F.);
#3518 = EDGE_CURVE('',#3470,#3495,#3519,.T.);
#3519 = SURFACE_CURVE('',#3520,(#3524,#3531),.PCURVE_S1.);
#3520 = LINE('',#3521,#3522);
#3521 = CARTESIAN_POINT('',(3.,-0.333333333333,50.));
#3522 = VECTOR('',#3523,1.);
#3523 = DIRECTION('',(-1.,0.,0.));
#3524 = PCURVE('',#969,#3525);
#3525 = DEFINITIONAL_REPRESENTATION('',(#3526),#3530);
#3526 = LINE('',#3527,#3528);
#3527 = CARTESIAN_POINT('',(0.,0.));
#3528 = VECTOR('',#3529,1.);
#3529 = DIRECTION('',(0.,1.));
#3530 = ( GEOMETRIC_REPRESENTATION_CONTEXT(2) 
PARAMETRIC_REPRESENTATION_CONTEXT() REPRESENTATION_CONTEXT('2D SPACE',''
  ) );
#3531 = PCURVE('',#3532,#3537);
#3532 = PLANE('',#3533);
#3533 = AXIS2_PLACEMENT_3D('',#3534,#3535,#3536);
#3534 = CARTESIAN_POINT('',(3.,1.11E-14,50.));
#3535 = DIRECTION('',(0.,-2.2E-16,-1.));
#3536 = DIRECTION('',(-1.,0.,0.));
#3537 = DEFINITIONAL_REPRESENTATION('',(#3538),#3542);
#3538 = LINE('',#3539,#3540);
#3539 = CARTESIAN_POINT('',(0.,-0.333333333333));
#3540 = VECTOR('',#3541,1.);
#3541 = DIRECTION('',(1.,0.));
#3542 = ( GEOMETRIC_REPRESENTATION_CONTEXT(2) 
PARAMETRIC_REPRESENTATION_CONTEXT() REPRESENTATION_CONTEXT('2D SPACE',''
  ) );
#3543 = ADVANCED_FACE('',(#3544),#998,.T.);
#3544 = FACE_BOUND('',#3545,.F.);
#3545 = EDGE_LOOP('',(#3546,#3570,#3597,#3598));
#3546 = ORIENTED_EDGE('',*,*,#3547,.F.);
#3547 = EDGE_CURVE('',#3548,#982,#3550,.T.);
#3548 = VERTEX_POINT('',#3549);
#3549 = CARTESIAN_POINT('',(5.,-0.333333333333,52.));
#3550 = SURFACE_CURVE('',#3551,(#3556,#3563),.PCURVE_S1.);
#3551 = CIRCLE('',#3552,0.333333333333);
#3552 = AXIS2_PLACEMENT_3D('',#3553,#3554,#3555);
#3553 = CARTESIAN_POINT('',(5.333333333333,-0.333333333333,52.));
#3554 = DIRECTION('',(-0.,-2.2E-16,-1.));
#3555 = DIRECTION('',(-1.,0.,0.));
#3556 = PCURVE('',#998,#3557);
#3557 = DEFINITIONAL_REPRESENTATION('',(#3558),#3562);
#3558 = LINE('',#3559,#3560);
#3559 = CARTESIAN_POINT('',(1.78E-15,3.14159265359));
#3560 = VECTOR('',#3561,1.);
#3561 = DIRECTION('',(-0.,1.));
#3562 = ( GEOMETRIC_REPRESENTATION_CONTEXT(2) 
PARAMETRIC_REPRESENTATION_CONTEXT() REPRESENTATION_CONTEXT('2D SPACE',''
  ) );
#3563 = PCURVE('',#1026,#3564);
#3564 = DEFINITIONAL_REPRESENTATION('',(#3565),#3569);
#3565 = LINE('',#3566,#3567);
#3566 = CARTESIAN_POINT('',(0.,21.));
#3567 = VECTOR('',#3568,1.);
#3568 = DIRECTION('',(1.,0.));
#3569 = ( GEOMETRIC_REPRESENTATION_CONTEXT(2) 
PARAMETRIC_REPRESENTATION_CONTEXT() REPRESENTATION_CONTEXT('2D SPACE',''
  ) );
#3570 = ORIENTED_EDGE('',*,*,#3571,.T.);
#3571 = EDGE_CURVE('',#3548,#3470,#3572,.T.);
#3572 = SURFACE_CURVE('',#3573,(#3578,#3585),.PCURVE_S1.);
#3573 = CIRCLE('',#3574,2.);
#3574 = AXIS2_PLACEMENT_3D('',#3575,#3576,#3577);
#3575 = CARTESIAN_POINT('',(3.,-0.333333333333,52.));
#3576 = DIRECTION('',(0.,1.,-7.E-17));
#3577 = DIRECTION('',(1.,3.5E-33,5.E-17));
#3578 = PCURVE('',#998,#3579);
#3579 = DEFINITIONAL_REPRESENTATION('',(#3580),#3584);
#3580 = LINE('',#3581,#3582);
#3581 = CARTESIAN_POINT('',(-0.,3.14159265359));
#3582 = VECTOR('',#3583,1.);
#3583 = DIRECTION('',(-1.,0.));
#3584 = ( GEOMETRIC_REPRESENTATION_CONTEXT(2) 
PARAMETRIC_REPRESENTATION_CONTEXT() REPRESENTATION_CONTEXT('2D SPACE',''
  ) );
#3585 = PCURVE('',#3586,#3591);
#3586 = CYLINDRICAL_SURFACE('',#3587,2.);
#3587 = AXIS2_PLACEMENT_3D('',#3588,#3589,#3590);
#3588 = CARTESIAN_POINT('',(3.,1.155E-14,52.));
#3589 = DIRECTION('',(0.,1.,-2.2E-16));
#3590 = DIRECTION('',(1.,0.,0.));
#3591 = DEFINITIONAL_REPRESENTATION('',(#3592),#3596);
#3592 = LINE('',#3593,#3594);
#3593 = CARTESIAN_POINT('',(-6.28318530718,-0.333333333333));
#3594 = VECTOR('',#3595,1.);
#3595 = DIRECTION('',(1.,-0.));
#3596 = ( GEOMETRIC_REPRESENTATION_CONTEXT(2) 
PARAMETRIC_REPRESENTATION_CONTEXT() REPRESENTATION_CONTEXT('2D SPACE',''
  ) );
#3597 = ORIENTED_EDGE('',*,*,#3469,.T.);
#3598 = ORIENTED_EDGE('',*,*,#981,.F.);
#3599 = ADVANCED_FACE('',(#3600),#1167,.T.);
#3600 = FACE_BOUND('',#3601,.F.);
#3601 = EDGE_LOOP('',(#3602,#3603,#3632,#3654));
#3602 = ORIENTED_EDGE('',*,*,#3494,.F.);
#3603 = ORIENTED_EDGE('',*,*,#3604,.T.);
#3604 = EDGE_CURVE('',#3495,#3605,#3607,.T.);
#3605 = VERTEX_POINT('',#3606);
#3606 = CARTESIAN_POINT('',(-5.,-0.333333333333,52.));
#3607 = SURFACE_CURVE('',#3608,(#3613,#3620),.PCURVE_S1.);
#3608 = CIRCLE('',#3609,2.);
#3609 = AXIS2_PLACEMENT_3D('',#3610,#3611,#3612);
#3610 = CARTESIAN_POINT('',(-3.,-0.333333333333,52.));
#3611 = DIRECTION('',(0.,1.,-7.E-17));
#3612 = DIRECTION('',(-2.2E-16,-7.E-17,-1.));
#3613 = PCURVE('',#1167,#3614);
#3614 = DEFINITIONAL_REPRESENTATION('',(#3615),#3619);
#3615 = LINE('',#3616,#3617);
#3616 = CARTESIAN_POINT('',(-0.,3.14159265359));
#3617 = VECTOR('',#3618,1.);
#3618 = DIRECTION('',(-1.,0.));
#3619 = ( GEOMETRIC_REPRESENTATION_CONTEXT(2) 
PARAMETRIC_REPRESENTATION_CONTEXT() REPRESENTATION_CONTEXT('2D SPACE',''
  ) );
#3620 = PCURVE('',#3621,#3626);
#3621 = CYLINDRICAL_SURFACE('',#3622,2.);
#3622 = AXIS2_PLACEMENT_3D('',#3623,#3624,#3625);
#3623 = CARTESIAN_POINT('',(-3.,1.155E-14,52.));
#3624 = DIRECTION('',(0.,1.,-2.2E-16));
#3625 = DIRECTION('',(1.,0.,0.));
#3626 = DEFINITIONAL_REPRESENTATION('',(#3627),#3631);
#3627 = LINE('',#3628,#3629);
#3628 = CARTESIAN_POINT('',(-4.712388980385,-0.333333333333));
#3629 = VECTOR('',#3630,1.);
#3630 = DIRECTION('',(1.,-0.));
#3631 = ( GEOMETRIC_REPRESENTATION_CONTEXT(2) 
PARAMETRIC_REPRESENTATION_CONTEXT() REPRESENTATION_CONTEXT('2D SPACE',''
  ) );
#3632 = ORIENTED_EDGE('',*,*,#3633,.T.);
#3633 = EDGE_CURVE('',#3605,#1125,#3634,.T.);
#3634 = SURFACE_CURVE('',#3635,(#3640,#3647),.PCURVE_S1.);
#3635 = CIRCLE('',#3636,0.333333333333);
#3636 = AXIS2_PLACEMENT_3D('',#3637,#3638,#3639);
#3637 = CARTESIAN_POINT('',(-5.333333333333,-0.333333333333,52.));
#3638 = DIRECTION('',(-7.3E-16,7.E-17,1.));
#3639 = DIRECTION('',(-1.,0.,-7.3E-16));
#3640 = PCURVE('',#1167,#3641);
#3641 = DEFINITIONAL_REPRESENTATION('',(#3642),#3646);
#3642 = LINE('',#3643,#3644);
#3643 = CARTESIAN_POINT('',(-1.570796326795,0.));
#3644 = VECTOR('',#3645,1.);
#3645 = DIRECTION('',(-0.,1.));
#3646 = ( GEOMETRIC_REPRESENTATION_CONTEXT(2) 
PARAMETRIC_REPRESENTATION_CONTEXT() REPRESENTATION_CONTEXT('2D SPACE',''
  ) );
#3647 = PCURVE('',#1140,#3648);
#3648 = DEFINITIONAL_REPRESENTATION('',(#3649),#3653);
#3649 = LINE('',#3650,#3651);
#3650 = CARTESIAN_POINT('',(-3.14159265359,0.));
#3651 = VECTOR('',#3652,1.);
#3652 = DIRECTION('',(1.,0.));
#3653 = ( GEOMETRIC_REPRESENTATION_CONTEXT(2) 
PARAMETRIC_REPRESENTATION_CONTEXT() REPRESENTATION_CONTEXT('2D SPACE',''
  ) );
#3654 = ORIENTED_EDGE('',*,*,#1152,.F.);
#3655 = ADVANCED_FACE('',(#3656),#1026,.T.);
#3656 = FACE_BOUND('',#3657,.T.);
#3657 = EDGE_LOOP('',(#3658,#3682,#3683,#3684));
#3658 = ORIENTED_EDGE('',*,*,#3659,.T.);
#3659 = EDGE_CURVE('',#3660,#1011,#3662,.T.);
#3660 = VERTEX_POINT('',#3661);
#3661 = CARTESIAN_POINT('',(5.,-0.333333333333,73.));
#3662 = SURFACE_CURVE('',#3663,(#3668,#3675),.PCURVE_S1.);
#3663 = CIRCLE('',#3664,0.333333333333);
#3664 = AXIS2_PLACEMENT_3D('',#3665,#3666,#3667);
#3665 = CARTESIAN_POINT('',(5.333333333333,-0.333333333333,73.));
#3666 = DIRECTION('',(-3.94E-15,-7.E-17,-1.));
#3667 = DIRECTION('',(1.,0.,-3.94E-15));
#3668 = PCURVE('',#1026,#3669);
#3669 = DEFINITIONAL_REPRESENTATION('',(#3670),#3674);
#3670 = LINE('',#3671,#3672);
#3671 = CARTESIAN_POINT('',(-3.14159265359,0.));
#3672 = VECTOR('',#3673,1.);
#3673 = DIRECTION('',(1.,0.));
#3674 = ( GEOMETRIC_REPRESENTATION_CONTEXT(2) 
PARAMETRIC_REPRESENTATION_CONTEXT() REPRESENTATION_CONTEXT('2D SPACE',''
  ) );
#3675 = PCURVE('',#1055,#3676);
#3676 = DEFINITIONAL_REPRESENTATION('',(#3677),#3681);
#3677 = LINE('',#3678,#3679);
#3678 = CARTESIAN_POINT('',(-1.570796326795,0.));
#3679 = VECTOR('',#3680,1.);
#3680 = DIRECTION('',(-0.,1.));
#3681 = ( GEOMETRIC_REPRESENTATION_CONTEXT(2) 
PARAMETRIC_REPRESENTATION_CONTEXT() REPRESENTATION_CONTEXT('2D SPACE',''
  ) );
#3682 = ORIENTED_EDGE('',*,*,#1010,.T.);
#3683 = ORIENTED_EDGE('',*,*,#3547,.F.);
#3684 = ORIENTED_EDGE('',*,*,#3685,.F.);
#3685 = EDGE_CURVE('',#3660,#3548,#3686,.T.);
#3686 = SURFACE_CURVE('',#3687,(#3691,#3698),.PCURVE_S1.);
#3687 = LINE('',#3688,#3689);
#3688 = CARTESIAN_POINT('',(5.,-0.333333333333,73.));
#3689 = VECTOR('',#3690,1.);
#3690 = DIRECTION('',(0.,-2.2E-16,-1.));
#3691 = PCURVE('',#1026,#3692);
#3692 = DEFINITIONAL_REPRESENTATION('',(#3693),#3697);
#3693 = LINE('',#3694,#3695);
#3694 = CARTESIAN_POINT('',(0.,0.));
#3695 = VECTOR('',#3696,1.);
#3696 = DIRECTION('',(0.,1.));
#3697 = ( GEOMETRIC_REPRESENTATION_CONTEXT(2) 
PARAMETRIC_REPRESENTATION_CONTEXT() REPRESENTATION_CONTEXT('2D SPACE',''
  ) );
#3698 = PCURVE('',#3699,#3704);
#3699 = PLANE('',#3700);
#3700 = AXIS2_PLACEMENT_3D('',#3701,#3702,#3703);
#3701 = CARTESIAN_POINT('',(5.,1.621E-14,73.));
#3702 = DIRECTION('',(1.,0.,0.));
#3703 = DIRECTION('',(0.,-2.2E-16,-1.));
#3704 = DEFINITIONAL_REPRESENTATION('',(#3705),#3709);
#3705 = LINE('',#3706,#3707);
#3706 = CARTESIAN_POINT('',(7.333333333334E-17,-0.333333333333));
#3707 = VECTOR('',#3708,1.);
#3708 = DIRECTION('',(1.,0.));
#3709 = ( GEOMETRIC_REPRESENTATION_CONTEXT(2) 
PARAMETRIC_REPRESENTATION_CONTEXT() REPRESENTATION_CONTEXT('2D SPACE',''
  ) );
#3710 = ADVANCED_FACE('',(#3711),#1140,.T.);
#3711 = FACE_BOUND('',#3712,.T.);
#3712 = EDGE_LOOP('',(#3713,#3714,#3715,#3739));
#3713 = ORIENTED_EDGE('',*,*,#3633,.T.);
#3714 = ORIENTED_EDGE('',*,*,#1124,.T.);
#3715 = ORIENTED_EDGE('',*,*,#3716,.F.);
#3716 = EDGE_CURVE('',#3717,#1096,#3719,.T.);
#3717 = VERTEX_POINT('',#3718);
#3718 = CARTESIAN_POINT('',(-5.,-0.333333333333,73.));
#3719 = SURFACE_CURVE('',#3720,(#3725,#3732),.PCURVE_S1.);
#3720 = CIRCLE('',#3721,0.333333333333);
#3721 = AXIS2_PLACEMENT_3D('',#3722,#3723,#3724);
#3722 = CARTESIAN_POINT('',(-5.333333333333,-0.333333333333,73.));
#3723 = DIRECTION('',(-0.,2.2E-16,1.));
#3724 = DIRECTION('',(1.,0.,0.));
#3725 = PCURVE('',#1140,#3726);
#3726 = DEFINITIONAL_REPRESENTATION('',(#3727),#3731);
#3727 = LINE('',#3728,#3729);
#3728 = CARTESIAN_POINT('',(0.,21.));
#3729 = VECTOR('',#3730,1.);
#3730 = DIRECTION('',(1.,0.));
#3731 = ( GEOMETRIC_REPRESENTATION_CONTEXT(2) 
PARAMETRIC_REPRESENTATION_CONTEXT() REPRESENTATION_CONTEXT('2D SPACE',''
  ) );
#3732 = PCURVE('',#1112,#3733);
#3733 = DEFINITIONAL_REPRESENTATION('',(#3734),#3738);
#3734 = LINE('',#3735,#3736);
#3735 = CARTESIAN_POINT('',(8.9E-16,3.14159265359));
#3736 = VECTOR('',#3737,1.);
#3737 = DIRECTION('',(-0.,1.));
#3738 = ( GEOMETRIC_REPRESENTATION_CONTEXT(2) 
PARAMETRIC_REPRESENTATION_CONTEXT() REPRESENTATION_CONTEXT('2D SPACE',''
  ) );
#3739 = ORIENTED_EDGE('',*,*,#3740,.F.);
#3740 = EDGE_CURVE('',#3605,#3717,#3741,.T.);
#3741 = SURFACE_CURVE('',#3742,(#3746,#3753),.PCURVE_S1.);
#3742 = LINE('',#3743,#3744);
#3743 = CARTESIAN_POINT('',(-5.,-0.333333333333,52.));
#3744 = VECTOR('',#3745,1.);
#3745 = DIRECTION('',(0.,2.2E-16,1.));
#3746 = PCURVE('',#1140,#3747);
#3747 = DEFINITIONAL_REPRESENTATION('',(#3748),#3752);
#3748 = LINE('',#3749,#3750);
#3749 = CARTESIAN_POINT('',(0.,0.));
#3750 = VECTOR('',#3751,1.);
#3751 = DIRECTION('',(0.,1.));
#3752 = ( GEOMETRIC_REPRESENTATION_CONTEXT(2) 
PARAMETRIC_REPRESENTATION_CONTEXT() REPRESENTATION_CONTEXT('2D SPACE',''
  ) );
#3753 = PCURVE('',#3754,#3759);
#3754 = PLANE('',#3755);
#3755 = AXIS2_PLACEMENT_3D('',#3756,#3757,#3758);
#3756 = CARTESIAN_POINT('',(-5.,1.155E-14,52.));
#3757 = DIRECTION('',(-1.,0.,0.));
#3758 = DIRECTION('',(0.,2.2E-16,1.));
#3759 = DEFINITIONAL_REPRESENTATION('',(#3760),#3764);
#3760 = LINE('',#3761,#3762);
#3761 = CARTESIAN_POINT('',(-7.333333333334E-17,-0.333333333333));
#3762 = VECTOR('',#3763,1.);
#3763 = DIRECTION('',(1.,0.));
#3764 = ( GEOMETRIC_REPRESENTATION_CONTEXT(2) 
PARAMETRIC_REPRESENTATION_CONTEXT() REPRESENTATION_CONTEXT('2D SPACE',''
  ) );
#3765 = ADVANCED_FACE('',(#3766),#1055,.T.);
#3766 = FACE_BOUND('',#3767,.F.);
#3767 = EDGE_LOOP('',(#3768,#3792,#3814,#3815));
#3768 = ORIENTED_EDGE('',*,*,#3769,.F.);
#3769 = EDGE_CURVE('',#3770,#1039,#3772,.T.);
#3770 = VERTEX_POINT('',#3771);
#3771 = CARTESIAN_POINT('',(3.,-0.333333333333,75.));
#3772 = SURFACE_CURVE('',#3773,(#3778,#3785),.PCURVE_S1.);
#3773 = CIRCLE('',#3774,0.333333333333);
#3774 = AXIS2_PLACEMENT_3D('',#3775,#3776,#3777);
#3775 = CARTESIAN_POINT('',(3.,-0.333333333333,75.333333333333));
#3776 = DIRECTION('',(1.,0.,0.));
#3777 = DIRECTION('',(0.,-2.2E-16,-1.));
#3778 = PCURVE('',#1055,#3779);
#3779 = DEFINITIONAL_REPRESENTATION('',(#3780),#3784);
#3780 = LINE('',#3781,#3782);
#3781 = CARTESIAN_POINT('',(-0.,3.14159265359));
#3782 = VECTOR('',#3783,1.);
#3783 = DIRECTION('',(-0.,1.));
#3784 = ( GEOMETRIC_REPRESENTATION_CONTEXT(2) 
PARAMETRIC_REPRESENTATION_CONTEXT() REPRESENTATION_CONTEXT('2D SPACE',''
  ) );
#3785 = PCURVE('',#1083,#3786);
#3786 = DEFINITIONAL_REPRESENTATION('',(#3787),#3791);
#3787 = LINE('',#3788,#3789);
#3788 = CARTESIAN_POINT('',(0.,6.));
#3789 = VECTOR('',#3790,1.);
#3790 = DIRECTION('',(1.,0.));
#3791 = ( GEOMETRIC_REPRESENTATION_CONTEXT(2) 
PARAMETRIC_REPRESENTATION_CONTEXT() REPRESENTATION_CONTEXT('2D SPACE',''
  ) );
#3792 = ORIENTED_EDGE('',*,*,#3793,.T.);
#3793 = EDGE_CURVE('',#3770,#3660,#3794,.T.);
#3794 = SURFACE_CURVE('',#3795,(#3800,#3807),.PCURVE_S1.);
#3795 = CIRCLE('',#3796,2.);
#3796 = AXIS2_PLACEMENT_3D('',#3797,#3798,#3799);
#3797 = CARTESIAN_POINT('',(3.,-0.333333333333,73.));
#3798 = DIRECTION('',(0.,1.,-7.E-17));
#3799 = DIRECTION('',(6.7E-16,7.E-17,1.));
#3800 = PCURVE('',#1055,#3801);
#3801 = DEFINITIONAL_REPRESENTATION('',(#3802),#3806);
#3802 = LINE('',#3803,#3804);
#3803 = CARTESIAN_POINT('',(-0.,3.14159265359));
#3804 = VECTOR('',#3805,1.);
#3805 = DIRECTION('',(-1.,0.));
#3806 = ( GEOMETRIC_REPRESENTATION_CONTEXT(2) 
PARAMETRIC_REPRESENTATION_CONTEXT() REPRESENTATION_CONTEXT('2D SPACE',''
  ) );
#3807 = PCURVE('',#1838,#3808);
#3808 = DEFINITIONAL_REPRESENTATION('',(#3809),#3813);
#3809 = LINE('',#3810,#3811);
#3810 = CARTESIAN_POINT('',(-1.570796326795,-0.333333333333));
#3811 = VECTOR('',#3812,1.);
#3812 = DIRECTION('',(1.,-0.));
#3813 = ( GEOMETRIC_REPRESENTATION_CONTEXT(2) 
PARAMETRIC_REPRESENTATION_CONTEXT() REPRESENTATION_CONTEXT('2D SPACE',''
  ) );
#3814 = ORIENTED_EDGE('',*,*,#3659,.T.);
#3815 = ORIENTED_EDGE('',*,*,#1038,.F.);
#3816 = ADVANCED_FACE('',(#3817),#1112,.T.);
#3817 = FACE_BOUND('',#3818,.F.);
#3818 = EDGE_LOOP('',(#3819,#3820,#3844,#3866));
#3819 = ORIENTED_EDGE('',*,*,#3716,.F.);
#3820 = ORIENTED_EDGE('',*,*,#3821,.T.);
#3821 = EDGE_CURVE('',#3717,#3822,#3824,.T.);
#3822 = VERTEX_POINT('',#3823);
#3823 = CARTESIAN_POINT('',(-3.,-0.333333333333,75.));
#3824 = SURFACE_CURVE('',#3825,(#3830,#3837),.PCURVE_S1.);
#3825 = CIRCLE('',#3826,2.);
#3826 = AXIS2_PLACEMENT_3D('',#3827,#3828,#3829);
#3827 = CARTESIAN_POINT('',(-3.,-0.333333333333,73.));
#3828 = DIRECTION('',(0.,1.,-7.E-17));
#3829 = DIRECTION('',(-1.,3.5E-33,5.E-17));
#3830 = PCURVE('',#1112,#3831);
#3831 = DEFINITIONAL_REPRESENTATION('',(#3832),#3836);
#3832 = LINE('',#3833,#3834);
#3833 = CARTESIAN_POINT('',(-0.,3.14159265359));
#3834 = VECTOR('',#3835,1.);
#3835 = DIRECTION('',(-1.,0.));
#3836 = ( GEOMETRIC_REPRESENTATION_CONTEXT(2) 
PARAMETRIC_REPRESENTATION_CONTEXT() REPRESENTATION_CONTEXT('2D SPACE',''
  ) );
#3837 = PCURVE('',#2114,#3838);
#3838 = DEFINITIONAL_REPRESENTATION('',(#3839),#3843);
#3839 = LINE('',#3840,#3841);
#3840 = CARTESIAN_POINT('',(-3.14159265359,-0.333333333333));
#3841 = VECTOR('',#3842,1.);
#3842 = DIRECTION('',(1.,-0.));
#3843 = ( GEOMETRIC_REPRESENTATION_CONTEXT(2) 
PARAMETRIC_REPRESENTATION_CONTEXT() REPRESENTATION_CONTEXT('2D SPACE',''
  ) );
#3844 = ORIENTED_EDGE('',*,*,#3845,.T.);
#3845 = EDGE_CURVE('',#3822,#1068,#3846,.T.);
#3846 = SURFACE_CURVE('',#3847,(#3852,#3859),.PCURVE_S1.);
#3847 = CIRCLE('',#3848,0.333333333333);
#3848 = AXIS2_PLACEMENT_3D('',#3849,#3850,#3851);
#3849 = CARTESIAN_POINT('',(-3.,-0.333333333333,75.333333333333));
#3850 = DIRECTION('',(1.,0.,-6.5E-16));
#3851 = DIRECTION('',(6.5E-16,7.E-17,1.));
#3852 = PCURVE('',#1112,#3853);
#3853 = DEFINITIONAL_REPRESENTATION('',(#3854),#3858);
#3854 = LINE('',#3855,#3856);
#3855 = CARTESIAN_POINT('',(-1.570796326795,0.));
#3856 = VECTOR('',#3857,1.);
#3857 = DIRECTION('',(-0.,1.));
#3858 = ( GEOMETRIC_REPRESENTATION_CONTEXT(2) 
PARAMETRIC_REPRESENTATION_CONTEXT() REPRESENTATION_CONTEXT('2D SPACE',''
  ) );
#3859 = PCURVE('',#1083,#3860);
#3860 = DEFINITIONAL_REPRESENTATION('',(#3861),#3865);
#3861 = LINE('',#3862,#3863);
#3862 = CARTESIAN_POINT('',(-3.14159265359,0.));
#3863 = VECTOR('',#3864,1.);
#3864 = DIRECTION('',(1.,0.));
#3865 = ( GEOMETRIC_REPRESENTATION_CONTEXT(2) 
PARAMETRIC_REPRESENTATION_CONTEXT() REPRESENTATION_CONTEXT('2D SPACE',''
  ) );
#3866 = ORIENTED_EDGE('',*,*,#1095,.F.);
#3867 = ADVANCED_FACE('',(#3868),#1083,.T.);
#3868 = FACE_BOUND('',#3869,.T.);
#3869 = EDGE_LOOP('',(#3870,#3871,#3872,#3873));
#3870 = ORIENTED_EDGE('',*,*,#3845,.T.);
#3871 = ORIENTED_EDGE('',*,*,#1067,.T.);
#3872 = ORIENTED_EDGE('',*,*,#3769,.F.);
#3873 = ORIENTED_EDGE('',*,*,#3874,.F.);
#3874 = EDGE_CURVE('',#3822,#3770,#3875,.T.);
#3875 = SURFACE_CURVE('',#3876,(#3880,#3887),.PCURVE_S1.);
#3876 = LINE('',#3877,#3878);
#3877 = CARTESIAN_POINT('',(-3.,-0.333333333333,75.));
#3878 = VECTOR('',#3879,1.);
#3879 = DIRECTION('',(1.,0.,0.));
#3880 = PCURVE('',#1083,#3881);
#3881 = DEFINITIONAL_REPRESENTATION('',(#3882),#3886);
#3882 = LINE('',#3883,#3884);
#3883 = CARTESIAN_POINT('',(0.,0.));
#3884 = VECTOR('',#3885,1.);
#3885 = DIRECTION('',(0.,1.));
#3886 = ( GEOMETRIC_REPRESENTATION_CONTEXT(2) 
PARAMETRIC_REPRESENTATION_CONTEXT() REPRESENTATION_CONTEXT('2D SPACE',''
  ) );
#3887 = PCURVE('',#2003,#3888);
#3888 = DEFINITIONAL_REPRESENTATION('',(#3889),#3893);
#3889 = LINE('',#3890,#3891);
#3890 = CARTESIAN_POINT('',(0.,-0.333333333333));
#3891 = VECTOR('',#3892,1.);
#3892 = DIRECTION('',(1.,0.));
#3893 = ( GEOMETRIC_REPRESENTATION_CONTEXT(2) 
PARAMETRIC_REPRESENTATION_CONTEXT() REPRESENTATION_CONTEXT('2D SPACE',''
  ) );
#3894 = ADVANCED_FACE('',(#3895),#1222,.T.);
#3895 = FACE_BOUND('',#3896,.F.);
#3896 = EDGE_LOOP('',(#3897,#3898,#3899,#3921));
#3897 = ORIENTED_EDGE('',*,*,#3207,.T.);
#3898 = ORIENTED_EDGE('',*,*,#1206,.T.);
#3899 = ORIENTED_EDGE('',*,*,#3900,.F.);
#3900 = EDGE_CURVE('',#3234,#1207,#3901,.T.);
#3901 = SURFACE_CURVE('',#3902,(#3907,#3914),.PCURVE_S1.);
#3902 = CIRCLE('',#3903,0.333333333333);
#3903 = AXIS2_PLACEMENT_3D('',#3904,#3905,#3906);
#3904 = CARTESIAN_POINT('',(11.366666666667,-0.333333333333,6.3));
#3905 = DIRECTION('',(0.,0.,1.));
#3906 = DIRECTION('',(1.,0.,0.));
#3907 = PCURVE('',#1222,#3908);
#3908 = DEFINITIONAL_REPRESENTATION('',(#3909),#3913);
#3909 = LINE('',#3910,#3911);
#3910 = CARTESIAN_POINT('',(-0.,110.4));
#3911 = VECTOR('',#3912,1.);
#3912 = DIRECTION('',(-1.,0.));
#3913 = ( GEOMETRIC_REPRESENTATION_CONTEXT(2) 
PARAMETRIC_REPRESENTATION_CONTEXT() REPRESENTATION_CONTEXT('2D SPACE',''
  ) );
#3914 = PCURVE('',#1251,#3915);
#3915 = DEFINITIONAL_REPRESENTATION('',(#3916),#3920);
#3916 = LINE('',#3917,#3918);
#3917 = CARTESIAN_POINT('',(0.,0.));
#3918 = VECTOR('',#3919,1.);
#3919 = DIRECTION('',(0.,1.));
#3920 = ( GEOMETRIC_REPRESENTATION_CONTEXT(2) 
PARAMETRIC_REPRESENTATION_CONTEXT() REPRESENTATION_CONTEXT('2D SPACE',''
  ) );
#3921 = ORIENTED_EDGE('',*,*,#3233,.F.);
#3922 = ADVANCED_FACE('',(#3923),#1251,.T.);
#3923 = FACE_BOUND('',#3924,.T.);
#3924 = EDGE_LOOP('',(#3925,#3926,#3950,#3972));
#3925 = ORIENTED_EDGE('',*,*,#3900,.F.);
#3926 = ORIENTED_EDGE('',*,*,#3927,.T.);
#3927 = EDGE_CURVE('',#3234,#3928,#3930,.T.);
#3928 = VERTEX_POINT('',#3929);
#3929 = CARTESIAN_POINT('',(9.7,-0.333333333333,4.3));
#3930 = SURFACE_CURVE('',#3931,(#3936,#3943),.PCURVE_S1.);
#3931 = CIRCLE('',#3932,2.);
#3932 = AXIS2_PLACEMENT_3D('',#3933,#3934,#3935);
#3933 = CARTESIAN_POINT('',(9.7,-0.333333333333,6.3));
#3934 = DIRECTION('',(0.,1.,-7.E-17));
#3935 = DIRECTION('',(1.,6.58E-32,9.4E-16));
#3936 = PCURVE('',#1251,#3937);
#3937 = DEFINITIONAL_REPRESENTATION('',(#3938),#3942);
#3938 = LINE('',#3939,#3940);
#3939 = CARTESIAN_POINT('',(0.,0.));
#3940 = VECTOR('',#3941,1.);
#3941 = DIRECTION('',(1.,0.));
#3942 = ( GEOMETRIC_REPRESENTATION_CONTEXT(2) 
PARAMETRIC_REPRESENTATION_CONTEXT() REPRESENTATION_CONTEXT('2D SPACE',''
  ) );
#3943 = PCURVE('',#3426,#3944);
#3944 = DEFINITIONAL_REPRESENTATION('',(#3945),#3949);
#3945 = LINE('',#3946,#3947);
#3946 = CARTESIAN_POINT('',(3.14159265359,-0.333333333333));
#3947 = VECTOR('',#3948,1.);
#3948 = DIRECTION('',(1.,0.));
#3949 = ( GEOMETRIC_REPRESENTATION_CONTEXT(2) 
PARAMETRIC_REPRESENTATION_CONTEXT() REPRESENTATION_CONTEXT('2D SPACE',''
  ) );
#3950 = ORIENTED_EDGE('',*,*,#3951,.T.);
#3951 = EDGE_CURVE('',#3928,#1235,#3952,.T.);
#3952 = SURFACE_CURVE('',#3953,(#3958,#3965),.PCURVE_S1.);
#3953 = CIRCLE('',#3954,0.333333333333);
#3954 = AXIS2_PLACEMENT_3D('',#3955,#3956,#3957);
#3955 = CARTESIAN_POINT('',(9.7,-0.333333333333,4.633333333333));
#3956 = DIRECTION('',(1.,0.,1.E-15));
#3957 = DIRECTION('',(1.E-15,-7.E-17,-1.));
#3958 = PCURVE('',#1251,#3959);
#3959 = DEFINITIONAL_REPRESENTATION('',(#3960),#3964);
#3960 = LINE('',#3961,#3962);
#3961 = CARTESIAN_POINT('',(1.570796326795,0.));
#3962 = VECTOR('',#3963,1.);
#3963 = DIRECTION('',(0.,1.));
#3964 = ( GEOMETRIC_REPRESENTATION_CONTEXT(2) 
PARAMETRIC_REPRESENTATION_CONTEXT() REPRESENTATION_CONTEXT('2D SPACE',''
  ) );
#3965 = PCURVE('',#1279,#3966);
#3966 = DEFINITIONAL_REPRESENTATION('',(#3967),#3971);
#3967 = LINE('',#3968,#3969);
#3968 = CARTESIAN_POINT('',(-0.,0.));
#3969 = VECTOR('',#3970,1.);
#3970 = DIRECTION('',(-1.,0.));
#3971 = ( GEOMETRIC_REPRESENTATION_CONTEXT(2) 
PARAMETRIC_REPRESENTATION_CONTEXT() REPRESENTATION_CONTEXT('2D SPACE',''
  ) );
#3972 = ORIENTED_EDGE('',*,*,#1234,.F.);
#3973 = ADVANCED_FACE('',(#3974),#1279,.T.);
#3974 = FACE_BOUND('',#3975,.F.);
#3975 = EDGE_LOOP('',(#3976,#3977,#3978,#3979));
#3976 = ORIENTED_EDGE('',*,*,#3951,.T.);
#3977 = ORIENTED_EDGE('',*,*,#1263,.T.);
#3978 = ORIENTED_EDGE('',*,*,#3441,.F.);
#3979 = ORIENTED_EDGE('',*,*,#3980,.F.);
#3980 = EDGE_CURVE('',#3928,#3153,#3981,.T.);
#3981 = SURFACE_CURVE('',#3982,(#3986,#3993),.PCURVE_S1.);
#3982 = LINE('',#3983,#3984);
#3983 = CARTESIAN_POINT('',(9.7,-0.333333333333,4.3));
#3984 = VECTOR('',#3985,1.);
#3985 = DIRECTION('',(-1.,0.,0.));
#3986 = PCURVE('',#1279,#3987);
#3987 = DEFINITIONAL_REPRESENTATION('',(#3988),#3992);
#3988 = LINE('',#3989,#3990);
#3989 = CARTESIAN_POINT('',(-0.,0.));
#3990 = VECTOR('',#3991,1.);
#3991 = DIRECTION('',(-0.,1.));
#3992 = ( GEOMETRIC_REPRESENTATION_CONTEXT(2) 
PARAMETRIC_REPRESENTATION_CONTEXT() REPRESENTATION_CONTEXT('2D SPACE',''
  ) );
#3993 = PCURVE('',#3168,#3994);
#3994 = DEFINITIONAL_REPRESENTATION('',(#3995),#3999);
#3995 = LINE('',#3996,#3997);
#3996 = CARTESIAN_POINT('',(0.166666666667,9.7));
#3997 = VECTOR('',#3998,1.);
#3998 = DIRECTION('',(0.,-1.));
#3999 = ( GEOMETRIC_REPRESENTATION_CONTEXT(2) 
PARAMETRIC_REPRESENTATION_CONTEXT() REPRESENTATION_CONTEXT('2D SPACE',''
  ) );
#4000 = ADVANCED_FACE('',(#4001),#1344,.F.);
#4001 = FACE_BOUND('',#4002,.F.);
#4002 = EDGE_LOOP('',(#4003,#4025,#4056,#4057));
#4003 = ORIENTED_EDGE('',*,*,#4004,.T.);
#4004 = EDGE_CURVE('',#1319,#4005,#4007,.T.);
#4005 = VERTEX_POINT('',#4006);
#4006 = CARTESIAN_POINT('',(5.,-0.669732030957,73.));
#4007 = SURFACE_CURVE('',#4008,(#4012,#4018),.PCURVE_S1.);
#4008 = ( BOUNDED_CURVE() B_SPLINE_CURVE(2,(#4009,#4010,#4011),
.UNSPECIFIED.,.F.,.F.) B_SPLINE_CURVE_WITH_KNOTS((3,3),(0.,
21.000000001392),.PIECEWISE_BEZIER_KNOTS.) CURVE() 
GEOMETRIC_REPRESENTATION_ITEM() RATIONAL_B_SPLINE_CURVE((1.,
0.720277042239,1.)) REPRESENTATION_ITEM('') );
#4009 = CARTESIAN_POINT('',(5.320718104143,-1.002829678928,
    73.007277217235));
#4010 = CARTESIAN_POINT('',(5.,-0.990759670453,73.));
#4011 = CARTESIAN_POINT('',(5.,-0.669732030957,73.));
#4012 = PCURVE('',#1344,#4013);
#4013 = DEFINITIONAL_REPRESENTATION('',(#4014),#4017);
#4014 = B_SPLINE_CURVE_WITH_KNOTS('',1,(#4015,#4016),.UNSPECIFIED.,.F.,
  .F.,(2,2),(0.,21.000000001392),.PIECEWISE_BEZIER_KNOTS.);
#4015 = CARTESIAN_POINT('',(0.,30.141592654367));
#4016 = CARTESIAN_POINT('',(0.752096681519,30.141592654367));
#4017 = ( GEOMETRIC_REPRESENTATION_CONTEXT(2) 
PARAMETRIC_REPRESENTATION_CONTEXT() REPRESENTATION_CONTEXT('2D SPACE',''
  ) );
#4018 = PCURVE('',#1721,#4019);
#4019 = DEFINITIONAL_REPRESENTATION('',(#4020),#4024);
#4020 = LINE('',#4021,#4022);
#4021 = CARTESIAN_POINT('',(0.,30.141592654367));
#4022 = VECTOR('',#4023,1.);
#4023 = DIRECTION('',(1.,0.));
#4024 = ( GEOMETRIC_REPRESENTATION_CONTEXT(2) 
PARAMETRIC_REPRESENTATION_CONTEXT() REPRESENTATION_CONTEXT('2D SPACE',''
  ) );
#4025 = ORIENTED_EDGE('',*,*,#4026,.T.);
#4026 = EDGE_CURVE('',#4005,#1769,#4027,.T.);
#4027 = SURFACE_CURVE('',#4028,(#4037,#4044),.PCURVE_S1.);
#4028 = ( BOUNDED_CURVE() B_SPLINE_CURVE(7,(#4029,#4030,#4031,#4032,
    #4033,#4034,#4035,#4036),.UNSPECIFIED.,.F.,.F.) 
B_SPLINE_CURVE_WITH_KNOTS((8,8),(30.141592654367,30.893689335886),
.PIECEWISE_BEZIER_KNOTS.) CURVE() GEOMETRIC_REPRESENTATION_ITEM() 
RATIONAL_B_SPLINE_CURVE((1.,1.,1.,1.,1.,1.,1.,1.)) REPRESENTATION_ITEM(
  '') );
#4029 = CARTESIAN_POINT('',(5.,-0.669732030957,73.));
#4030 = CARTESIAN_POINT('',(5.,-0.669731522512,73.107497700288));
#4031 = CARTESIAN_POINT('',(4.993255630851,-0.66946367907,
    73.214976845629));
#4032 = CARTESIAN_POINT('',(4.979795567721,-0.668840575902,
    73.321765298228));
#4033 = CARTESIAN_POINT('',(4.959649436113,-0.668062898541,
    73.427755969258));
#4034 = CARTESIAN_POINT('',(4.932896882934,-0.667242973404,
    73.532153587336));
#4035 = CARTESIAN_POINT('',(4.899704244886,-0.666666666667,
    73.634560988118));
#4036 = CARTESIAN_POINT('',(4.860246264253,-0.666666666667,
    73.734495633979));
#4037 = PCURVE('',#1344,#4038);
#4038 = DEFINITIONAL_REPRESENTATION('',(#4039),#4043);
#4039 = LINE('',#4040,#4041);
#4040 = CARTESIAN_POINT('',(0.752096681519,0.));
#4041 = VECTOR('',#4042,1.);
#4042 = DIRECTION('',(0.,1.));
#4043 = ( GEOMETRIC_REPRESENTATION_CONTEXT(2) 
PARAMETRIC_REPRESENTATION_CONTEXT() REPRESENTATION_CONTEXT('2D SPACE',''
  ) );
#4044 = PCURVE('',#1838,#4045);
#4045 = DEFINITIONAL_REPRESENTATION('',(#4046),#4055);
#4046 = B_SPLINE_CURVE_WITH_KNOTS('',7,(#4047,#4048,#4049,#4050,#4051,
    #4052,#4053,#4054),.UNSPECIFIED.,.F.,.F.,(8,8),(30.141592654367,
    30.893689335886),.PIECEWISE_BEZIER_KNOTS.);
#4047 = CARTESIAN_POINT('',(5.36E-15,-0.669732030957));
#4048 = CARTESIAN_POINT('',(-5.374885014406E-02,-0.669731522512));
#4049 = CARTESIAN_POINT('',(-0.107488430688,-0.669463679225));
#4050 = CARTESIAN_POINT('',(-0.161136471246,-0.66884057562));
#4051 = CARTESIAN_POINT('',(-0.214890448783,-0.668062898634));
#4052 = CARTESIAN_POINT('',(-0.268606221887,-0.667242973388));
#4053 = CARTESIAN_POINT('',(-0.322327149533,-0.666666666667));
#4054 = CARTESIAN_POINT('',(-0.376048341066,-0.666666666667));
#4055 = ( GEOMETRIC_REPRESENTATION_CONTEXT(2) 
PARAMETRIC_REPRESENTATION_CONTEXT() REPRESENTATION_CONTEXT('2D SPACE',''
  ) );
#4056 = ORIENTED_EDGE('',*,*,#1768,.F.);
#4057 = ORIENTED_EDGE('',*,*,#1318,.F.);
#4058 = ADVANCED_FACE('',(#4059),#1721,.F.);
#4059 = FACE_BOUND('',#4060,.F.);
#4060 = EDGE_LOOP('',(#4061,#4083,#4122,#4123));
#4061 = ORIENTED_EDGE('',*,*,#4062,.T.);
#4062 = EDGE_CURVE('',#1632,#4063,#4065,.T.);
#4063 = VERTEX_POINT('',#4064);
#4064 = CARTESIAN_POINT('',(5.,-0.669732030957,52.));
#4065 = SURFACE_CURVE('',#4066,(#4070,#4076),.PCURVE_S1.);
#4066 = ( BOUNDED_CURVE() B_SPLINE_CURVE(2,(#4067,#4068,#4069),
.UNSPECIFIED.,.F.,.F.) B_SPLINE_CURVE_WITH_KNOTS((3,3),(0.,
0.752096681518),.PIECEWISE_BEZIER_KNOTS.) CURVE() 
GEOMETRIC_REPRESENTATION_ITEM() RATIONAL_B_SPLINE_CURVE((1.,
0.720277042239,1.)) REPRESENTATION_ITEM('') );
#4067 = CARTESIAN_POINT('',(5.320718104143,-1.002829678928,
    51.992722782764));
#4068 = CARTESIAN_POINT('',(5.,-0.990759670453,52.));
#4069 = CARTESIAN_POINT('',(5.,-0.669732030957,52.));
#4070 = PCURVE('',#1721,#4071);
#4071 = DEFINITIONAL_REPRESENTATION('',(#4072),#4075);
#4072 = B_SPLINE_CURVE_WITH_KNOTS('',1,(#4073,#4074),.UNSPECIFIED.,.F.,
  .F.,(2,2),(0.,0.752096681518),.PIECEWISE_BEZIER_KNOTS.);
#4073 = CARTESIAN_POINT('',(0.,9.141592652975));
#4074 = CARTESIAN_POINT('',(21.000000001392,9.141592652975));
#4075 = ( GEOMETRIC_REPRESENTATION_CONTEXT(2) 
PARAMETRIC_REPRESENTATION_CONTEXT() REPRESENTATION_CONTEXT('2D SPACE',''
  ) );
#4076 = PCURVE('',#1657,#4077);
#4077 = DEFINITIONAL_REPRESENTATION('',(#4078),#4082);
#4078 = LINE('',#4079,#4080);
#4079 = CARTESIAN_POINT('',(0.,9.141592652975));
#4080 = VECTOR('',#4081,1.);
#4081 = DIRECTION('',(1.,0.));
#4082 = ( GEOMETRIC_REPRESENTATION_CONTEXT(2) 
PARAMETRIC_REPRESENTATION_CONTEXT() REPRESENTATION_CONTEXT('2D SPACE',''
  ) );
#4083 = ORIENTED_EDGE('',*,*,#4084,.T.);
#4084 = EDGE_CURVE('',#4063,#4005,#4085,.T.);
#4085 = SURFACE_CURVE('',#4086,(#4099,#4106),.PCURVE_S1.);
#4086 = ( BOUNDED_CURVE() B_SPLINE_CURVE(11,(#4087,#4088,#4089,#4090,
    #4091,#4092,#4093,#4094,#4095,#4096,#4097,#4098),.UNSPECIFIED.,.F.,
.F.) B_SPLINE_CURVE_WITH_KNOTS((12,12),(9.141592652975,30.141592654367),
.PIECEWISE_BEZIER_KNOTS.) CURVE() GEOMETRIC_REPRESENTATION_ITEM() 
RATIONAL_B_SPLINE_CURVE((1.,1.,1.,1.000000000001,0.999999999999,
    1.000000000002,0.999999999999,1.000000000001,1.,1.,1.,1.)) 
REPRESENTATION_ITEM('') );
#4087 = CARTESIAN_POINT('',(5.,-0.669732030957,52.));
#4088 = CARTESIAN_POINT('',(5.,-0.669741065269,53.910073813618));
#4089 = CARTESIAN_POINT('',(5.,-0.669726478261,55.815458233639));
#4090 = CARTESIAN_POINT('',(5.,-0.669744220648,57.731356517817));
#4091 = CARTESIAN_POINT('',(5.,-0.669727920553,59.631091131998));
#4092 = CARTESIAN_POINT('',(5.,-0.669737955136,61.551472028338));
#4093 = CARTESIAN_POINT('',(5.,-0.669737955136,63.448527971665));
#4094 = CARTESIAN_POINT('',(5.,-0.669727920553,65.368908867994));
#4095 = CARTESIAN_POINT('',(5.,-0.669744220648,67.268643482191));
#4096 = CARTESIAN_POINT('',(5.,-0.669726478261,69.18454176636));
#4097 = CARTESIAN_POINT('',(5.,-0.669741065269,71.08992618639));
#4098 = CARTESIAN_POINT('',(5.,-0.669732030957,73.));
#4099 = PCURVE('',#1721,#4100);
#4100 = DEFINITIONAL_REPRESENTATION('',(#4101),#4105);
#4101 = LINE('',#4102,#4103);
#4102 = CARTESIAN_POINT('',(21.000000001392,0.));
#4103 = VECTOR('',#4104,1.);
#4104 = DIRECTION('',(0.,1.));
#4105 = ( GEOMETRIC_REPRESENTATION_CONTEXT(2) 
PARAMETRIC_REPRESENTATION_CONTEXT() REPRESENTATION_CONTEXT('2D SPACE',''
  ) );
#4106 = PCURVE('',#3699,#4107);
#4107 = DEFINITIONAL_REPRESENTATION('',(#4108),#4121);
#4108 = ( BOUNDED_CURVE() B_SPLINE_CURVE(11,(#4109,#4110,#4111,#4112,
    #4113,#4114,#4115,#4116,#4117,#4118,#4119,#4120),.UNSPECIFIED.,.F.,
.F.) B_SPLINE_CURVE_WITH_KNOTS((12,12),(9.141592652975,30.141592654367),
.PIECEWISE_BEZIER_KNOTS.) CURVE() GEOMETRIC_REPRESENTATION_ITEM() 
RATIONAL_B_SPLINE_CURVE((1.,1.,1.,1.000000000001,0.999999999999,
    1.000000000002,0.999999999999,1.000000000001,1.,1.,1.,1.)) 
REPRESENTATION_ITEM('') );
#4109 = CARTESIAN_POINT('',(21.,-0.669732030957));
#4110 = CARTESIAN_POINT('',(19.089926186382,-0.669741065269));
#4111 = CARTESIAN_POINT('',(17.184541766361,-0.669726478261));
#4112 = CARTESIAN_POINT('',(15.268643482183,-0.669744220648));
#4113 = CARTESIAN_POINT('',(13.368908868002,-0.669727920553));
#4114 = CARTESIAN_POINT('',(11.448527971662,-0.669737955136));
#4115 = CARTESIAN_POINT('',(9.551472028335,-0.669737955136));
#4116 = CARTESIAN_POINT('',(7.631091132006,-0.669727920553));
#4117 = CARTESIAN_POINT('',(5.731356517809,-0.669744220648));
#4118 = CARTESIAN_POINT('',(3.81545823364,-0.669726478261));
#4119 = CARTESIAN_POINT('',(1.91007381361,-0.669741065269));
#4120 = CARTESIAN_POINT('',(0.,-0.669732030957));
#4121 = ( GEOMETRIC_REPRESENTATION_CONTEXT(2) 
PARAMETRIC_REPRESENTATION_CONTEXT() REPRESENTATION_CONTEXT('2D SPACE',''
  ) );
#4122 = ORIENTED_EDGE('',*,*,#4004,.F.);
#4123 = ORIENTED_EDGE('',*,*,#1689,.F.);
#4124 = ADVANCED_FACE('',(#4125),#1657,.F.);
#4125 = FACE_BOUND('',#4126,.F.);
#4126 = EDGE_LOOP('',(#4127,#4163,#4194,#4195));
#4127 = ORIENTED_EDGE('',*,*,#4128,.T.);
#4128 = EDGE_CURVE('',#1604,#4129,#4131,.T.);
#4129 = VERTEX_POINT('',#4130);
#4130 = CARTESIAN_POINT('',(4.860246264252,-0.666666666667,
    51.26550436602));
#4131 = SURFACE_CURVE('',#4132,(#4137,#4151),.PCURVE_S1.);
#4132 = CIRCLE('',#4133,0.333333333333);
#4133 = AXIS2_PLACEMENT_3D('',#4134,#4135,#4136);
#4134 = CARTESIAN_POINT('',(5.170287308294,-0.666666666667,
    51.143088427023));
#4135 = DIRECTION('',(-0.36724781699,-4.1E-16,-0.930123132126));
#4136 = DIRECTION('',(0.930123132126,-1.6E-16,-0.36724781699));
#4137 = PCURVE('',#1657,#4138);
#4138 = DEFINITIONAL_REPRESENTATION('',(#4139),#4150);
#4139 = B_SPLINE_CURVE_WITH_KNOTS('',9,(#4140,#4141,#4142,#4143,#4144,
    #4145,#4146,#4147,#4148,#4149),.UNSPECIFIED.,.F.,.F.,(10,10),(
    1.570796326795,3.14159265359),.PIECEWISE_BEZIER_KNOTS.);
#4140 = CARTESIAN_POINT('',(-6.E-17,8.389495971457));
#4141 = CARTESIAN_POINT('',(9.281881983786E-02,8.389495971457));
#4142 = CARTESIAN_POINT('',(0.17808869827,8.389495971457));
#4143 = CARTESIAN_POINT('',(0.258906361236,8.389495971456));
#4144 = CARTESIAN_POINT('',(0.337256799592,8.389495971457));
#4145 = CARTESIAN_POINT('',(0.414839881926,8.389495971457));
#4146 = CARTESIAN_POINT('',(0.493190320282,8.389495971457));
#4147 = CARTESIAN_POINT('',(0.574007983249,8.389495971457));
#4148 = CARTESIAN_POINT('',(0.65927786168,8.389495971457));
#4149 = CARTESIAN_POINT('',(0.752096681518,8.389495971457));
#4150 = ( GEOMETRIC_REPRESENTATION_CONTEXT(2) 
PARAMETRIC_REPRESENTATION_CONTEXT() REPRESENTATION_CONTEXT('2D SPACE',''
  ) );
#4151 = PCURVE('',#4152,#4157);
#4152 = TOROIDAL_SURFACE('',#4153,2.333333333333,0.333333333333);
#4153 = AXIS2_PLACEMENT_3D('',#4154,#4155,#4156);
#4154 = CARTESIAN_POINT('',(3.,-0.666666666667,52.));
#4155 = DIRECTION('',(0.,-1.,4.4E-16));
#4156 = DIRECTION('',(-2.2E-16,-4.4E-16,-1.));
#4157 = DEFINITIONAL_REPRESENTATION('',(#4158),#4162);
#4158 = LINE('',#4159,#4160);
#4159 = CARTESIAN_POINT('',(1.194747985728,0.));
#4160 = VECTOR('',#4161,1.);
#4161 = DIRECTION('',(0.,1.));
#4162 = ( GEOMETRIC_REPRESENTATION_CONTEXT(2) 
PARAMETRIC_REPRESENTATION_CONTEXT() REPRESENTATION_CONTEXT('2D SPACE',''
  ) );
#4163 = ORIENTED_EDGE('',*,*,#4164,.T.);
#4164 = EDGE_CURVE('',#4129,#4063,#4165,.T.);
#4165 = SURFACE_CURVE('',#4166,(#4175,#4182),.PCURVE_S1.);
#4166 = ( BOUNDED_CURVE() B_SPLINE_CURVE(7,(#4167,#4168,#4169,#4170,
    #4171,#4172,#4173,#4174),.UNSPECIFIED.,.F.,.F.) 
B_SPLINE_CURVE_WITH_KNOTS((8,8),(8.389495971457,9.141592652975),
.PIECEWISE_BEZIER_KNOTS.) CURVE() GEOMETRIC_REPRESENTATION_ITEM() 
RATIONAL_B_SPLINE_CURVE((1.,1.,1.,1.,1.,1.,1.,1.)) REPRESENTATION_ITEM(
  '') );
#4167 = CARTESIAN_POINT('',(4.860246264252,-0.666666666667,
    51.26550436602));
#4168 = CARTESIAN_POINT('',(4.899704244886,-0.666666666667,
    51.365439011882));
#4169 = CARTESIAN_POINT('',(4.932896882933,-0.667242973404,
    51.467846412662));
#4170 = CARTESIAN_POINT('',(4.959649436113,-0.668062898541,
    51.572244030743));
#4171 = CARTESIAN_POINT('',(4.979795567721,-0.668840575902,
    51.678234701772));
#4172 = CARTESIAN_POINT('',(4.993255630851,-0.66946367907,51.78502315437
    ));
#4173 = CARTESIAN_POINT('',(5.,-0.669731522512,51.892502299712));
#4174 = CARTESIAN_POINT('',(5.,-0.669732030957,52.));
#4175 = PCURVE('',#1657,#4176);
#4176 = DEFINITIONAL_REPRESENTATION('',(#4177),#4181);
#4177 = LINE('',#4178,#4179);
#4178 = CARTESIAN_POINT('',(0.752096681518,0.));
#4179 = VECTOR('',#4180,1.);
#4180 = DIRECTION('',(0.,1.));
#4181 = ( GEOMETRIC_REPRESENTATION_CONTEXT(2) 
PARAMETRIC_REPRESENTATION_CONTEXT() REPRESENTATION_CONTEXT('2D SPACE',''
  ) );
#4182 = PCURVE('',#3586,#4183);
#4183 = DEFINITIONAL_REPRESENTATION('',(#4184),#4193);
#4184 = B_SPLINE_CURVE_WITH_KNOTS('',7,(#4185,#4186,#4187,#4188,#4189,
    #4190,#4191,#4192),.UNSPECIFIED.,.F.,.F.,(8,8),(8.389495971457,
    9.141592652975),.PIECEWISE_BEZIER_KNOTS.);
#4185 = CARTESIAN_POINT('',(-5.907136966113,-0.666666666667));
#4186 = CARTESIAN_POINT('',(-5.960858157647,-0.666666666667));
#4187 = CARTESIAN_POINT('',(-6.014579085291,-0.667242973388));
#4188 = CARTESIAN_POINT('',(-6.068294858397,-0.668062898634));
#4189 = CARTESIAN_POINT('',(-6.122048835933,-0.66884057562));
#4190 = CARTESIAN_POINT('',(-6.175696876491,-0.669463679225));
#4191 = CARTESIAN_POINT('',(-6.229436457035,-0.669731522512));
#4192 = CARTESIAN_POINT('',(-6.28318530718,-0.669732030957));
#4193 = ( GEOMETRIC_REPRESENTATION_CONTEXT(2) 
PARAMETRIC_REPRESENTATION_CONTEXT() REPRESENTATION_CONTEXT('2D SPACE',''
  ) );
#4194 = ORIENTED_EDGE('',*,*,#4062,.F.);
#4195 = ORIENTED_EDGE('',*,*,#1631,.F.);
#4196 = ADVANCED_FACE('',(#4197),#1619,.T.);
#4197 = FACE_BOUND('',#4198,.T.);
#4198 = EDGE_LOOP('',(#4199,#4200,#4224,#4252,#4279,#4280,#4281,#4282,
    #4305,#4331));
#4199 = ORIENTED_EDGE('',*,*,#1603,.F.);
#4200 = ORIENTED_EDGE('',*,*,#4201,.F.);
#4201 = EDGE_CURVE('',#4202,#1604,#4204,.T.);
#4202 = VERTEX_POINT('',#4203);
#4203 = CARTESIAN_POINT('',(3.,-1.,49.666666666667));
#4204 = SURFACE_CURVE('',#4205,(#4210,#4217),.PCURVE_S1.);
#4205 = CIRCLE('',#4206,2.333333333333);
#4206 = AXIS2_PLACEMENT_3D('',#4207,#4208,#4209);
#4207 = CARTESIAN_POINT('',(3.,-1.,52.));
#4208 = DIRECTION('',(0.,-1.,4.4E-16));
#4209 = DIRECTION('',(-2.2E-16,-4.4E-16,-1.));
#4210 = PCURVE('',#1619,#4211);
#4211 = DEFINITIONAL_REPRESENTATION('',(#4212),#4216);
#4212 = CIRCLE('',#4213,2.333333333333);
#4213 = AXIS2_PLACEMENT_2D('',#4214,#4215);
#4214 = CARTESIAN_POINT('',(-9.5,-3.));
#4215 = DIRECTION('',(-1.,2.2E-16));
#4216 = ( GEOMETRIC_REPRESENTATION_CONTEXT(2) 
PARAMETRIC_REPRESENTATION_CONTEXT() REPRESENTATION_CONTEXT('2D SPACE',''
  ) );
#4217 = PCURVE('',#4152,#4218);
#4218 = DEFINITIONAL_REPRESENTATION('',(#4219),#4223);
#4219 = LINE('',#4220,#4221);
#4220 = CARTESIAN_POINT('',(0.,1.570796326795));
#4221 = VECTOR('',#4222,1.);
#4222 = DIRECTION('',(1.,0.));
#4223 = ( GEOMETRIC_REPRESENTATION_CONTEXT(2) 
PARAMETRIC_REPRESENTATION_CONTEXT() REPRESENTATION_CONTEXT('2D SPACE',''
  ) );
#4224 = ORIENTED_EDGE('',*,*,#4225,.F.);
#4225 = EDGE_CURVE('',#4226,#4202,#4228,.T.);
#4226 = VERTEX_POINT('',#4227);
#4227 = CARTESIAN_POINT('',(-3.,-1.,49.666666666667));
#4228 = SURFACE_CURVE('',#4229,(#4233,#4240),.PCURVE_S1.);
#4229 = LINE('',#4230,#4231);
#4230 = CARTESIAN_POINT('',(-3.,-1.,49.666666666667));
#4231 = VECTOR('',#4232,1.);
#4232 = DIRECTION('',(1.,0.,0.));
#4233 = PCURVE('',#1619,#4234);
#4234 = DEFINITIONAL_REPRESENTATION('',(#4235),#4239);
#4235 = LINE('',#4236,#4237);
#4236 = CARTESIAN_POINT('',(-11.83333333333,3.));
#4237 = VECTOR('',#4238,1.);
#4238 = DIRECTION('',(0.,-1.));
#4239 = ( GEOMETRIC_REPRESENTATION_CONTEXT(2) 
PARAMETRIC_REPRESENTATION_CONTEXT() REPRESENTATION_CONTEXT('2D SPACE',''
  ) );
#4240 = PCURVE('',#4241,#4246);
#4241 = CYLINDRICAL_SURFACE('',#4242,0.333333333333);
#4242 = AXIS2_PLACEMENT_3D('',#4243,#4244,#4245);
#4243 = CARTESIAN_POINT('',(-3.,-0.666666666667,49.666666666667));
#4244 = DIRECTION('',(1.,0.,0.));
#4245 = DIRECTION('',(0.,-1.,4.4E-16));
#4246 = DEFINITIONAL_REPRESENTATION('',(#4247),#4251);
#4247 = LINE('',#4248,#4249);
#4248 = CARTESIAN_POINT('',(-0.,0.));
#4249 = VECTOR('',#4250,1.);
#4250 = DIRECTION('',(-0.,1.));
#4251 = ( GEOMETRIC_REPRESENTATION_CONTEXT(2) 
PARAMETRIC_REPRESENTATION_CONTEXT() REPRESENTATION_CONTEXT('2D SPACE',''
  ) );
#4252 = ORIENTED_EDGE('',*,*,#4253,.F.);
#4253 = EDGE_CURVE('',#2388,#4226,#4254,.T.);
#4254 = SURFACE_CURVE('',#4255,(#4260,#4267),.PCURVE_S1.);
#4255 = CIRCLE('',#4256,2.333333333333);
#4256 = AXIS2_PLACEMENT_3D('',#4257,#4258,#4259);
#4257 = CARTESIAN_POINT('',(-3.,-1.,52.));
#4258 = DIRECTION('',(0.,-1.,4.4E-16));
#4259 = DIRECTION('',(-1.,-4.84E-32,-1.1E-16));
#4260 = PCURVE('',#1619,#4261);
#4261 = DEFINITIONAL_REPRESENTATION('',(#4262),#4266);
#4262 = CIRCLE('',#4263,2.333333333333);
#4263 = AXIS2_PLACEMENT_2D('',#4264,#4265);
#4264 = CARTESIAN_POINT('',(-9.5,3.));
#4265 = DIRECTION('',(-1.1E-16,1.));
#4266 = ( GEOMETRIC_REPRESENTATION_CONTEXT(2) 
PARAMETRIC_REPRESENTATION_CONTEXT() REPRESENTATION_CONTEXT('2D SPACE',''
  ) );
#4267 = PCURVE('',#4268,#4273);
#4268 = TOROIDAL_SURFACE('',#4269,2.333333333333,0.333333333333);
#4269 = AXIS2_PLACEMENT_3D('',#4270,#4271,#4272);
#4270 = CARTESIAN_POINT('',(-3.,-0.666666666667,52.));
#4271 = DIRECTION('',(0.,-1.,4.4E-16));
#4272 = DIRECTION('',(-1.,-4.84E-32,-1.1E-16));
#4273 = DEFINITIONAL_REPRESENTATION('',(#4274),#4278);
#4274 = LINE('',#4275,#4276);
#4275 = CARTESIAN_POINT('',(0.,1.570796326795));
#4276 = VECTOR('',#4277,1.);
#4277 = DIRECTION('',(1.,0.));
#4278 = ( GEOMETRIC_REPRESENTATION_CONTEXT(2) 
PARAMETRIC_REPRESENTATION_CONTEXT() REPRESENTATION_CONTEXT('2D SPACE',''
  ) );
#4279 = ORIENTED_EDGE('',*,*,#2387,.T.);
#4280 = ORIENTED_EDGE('',*,*,#3103,.T.);
#4281 = ORIENTED_EDGE('',*,*,#3128,.T.);
#4282 = ORIENTED_EDGE('',*,*,#4283,.F.);
#4283 = EDGE_CURVE('',#4284,#3129,#4286,.T.);
#4284 = VERTEX_POINT('',#4285);
#4285 = CARTESIAN_POINT('',(9.7,-1.,4.3));
#4286 = SURFACE_CURVE('',#4287,(#4291,#4298),.PCURVE_S1.);
#4287 = LINE('',#4288,#4289);
#4288 = CARTESIAN_POINT('',(0.,-1.,4.3));
#4289 = VECTOR('',#4290,1.);
#4290 = DIRECTION('',(-1.,0.,0.));
#4291 = PCURVE('',#1619,#4292);
#4292 = DEFINITIONAL_REPRESENTATION('',(#4293),#4297);
#4293 = LINE('',#4294,#4295);
#4294 = CARTESIAN_POINT('',(-57.2,-3.E-17));
#4295 = VECTOR('',#4296,1.);
#4296 = DIRECTION('',(0.,1.));
#4297 = ( GEOMETRIC_REPRESENTATION_CONTEXT(2) 
PARAMETRIC_REPRESENTATION_CONTEXT() REPRESENTATION_CONTEXT('2D SPACE',''
  ) );
#4298 = PCURVE('',#3168,#4299);
#4299 = DEFINITIONAL_REPRESENTATION('',(#4300),#4304);
#4300 = LINE('',#4301,#4302);
#4301 = CARTESIAN_POINT('',(-0.5,0.));
#4302 = VECTOR('',#4303,1.);
#4303 = DIRECTION('',(0.,-1.));
#4304 = ( GEOMETRIC_REPRESENTATION_CONTEXT(2) 
PARAMETRIC_REPRESENTATION_CONTEXT() REPRESENTATION_CONTEXT('2D SPACE',''
  ) );
#4305 = ORIENTED_EDGE('',*,*,#4306,.F.);
#4306 = EDGE_CURVE('',#3390,#4284,#4307,.T.);
#4307 = SURFACE_CURVE('',#4308,(#4313,#4324),.PCURVE_S1.);
#4308 = CIRCLE('',#4309,2.);
#4309 = AXIS2_PLACEMENT_3D('',#4310,#4311,#4312);
#4310 = CARTESIAN_POINT('',(9.7,-1.,6.3));
#4311 = DIRECTION('',(0.,1.,2.2E-16));
#4312 = DIRECTION('',(-1.,0.,0.));
#4313 = PCURVE('',#1619,#4314);
#4314 = DEFINITIONAL_REPRESENTATION('',(#4315),#4323);
#4315 = ( BOUNDED_CURVE() B_SPLINE_CURVE(2,(#4316,#4317,#4318,#4319,
#4320,#4321,#4322),.UNSPECIFIED.,.T.,.F.) B_SPLINE_CURVE_WITH_KNOTS((1,2
    ,2,2,2,1),(-2.094395102393,0.,2.094395102393,4.188790204786,
6.28318530718,8.377580409573),.UNSPECIFIED.) CURVE() 
GEOMETRIC_REPRESENTATION_ITEM() RATIONAL_B_SPLINE_CURVE((1.,0.5,1.,0.5,
1.,0.5,1.)) REPRESENTATION_ITEM('') );
#4316 = CARTESIAN_POINT('',(-55.2,-7.7));
#4317 = CARTESIAN_POINT('',(-51.73589838486,-7.7));
#4318 = CARTESIAN_POINT('',(-53.46794919243,-10.7));
#4319 = CARTESIAN_POINT('',(-55.2,-13.7));
#4320 = CARTESIAN_POINT('',(-56.93205080756,-10.7));
#4321 = CARTESIAN_POINT('',(-58.66410161513,-7.7));
#4322 = CARTESIAN_POINT('',(-55.2,-7.7));
#4323 = ( GEOMETRIC_REPRESENTATION_CONTEXT(2) 
PARAMETRIC_REPRESENTATION_CONTEXT() REPRESENTATION_CONTEXT('2D SPACE',''
  ) );
#4324 = PCURVE('',#3426,#4325);
#4325 = DEFINITIONAL_REPRESENTATION('',(#4326),#4330);
#4326 = LINE('',#4327,#4328);
#4327 = CARTESIAN_POINT('',(0.,-1.));
#4328 = VECTOR('',#4329,1.);
#4329 = DIRECTION('',(1.,0.));
#4330 = ( GEOMETRIC_REPRESENTATION_CONTEXT(2) 
PARAMETRIC_REPRESENTATION_CONTEXT() REPRESENTATION_CONTEXT('2D SPACE',''
  ) );
#4331 = ORIENTED_EDGE('',*,*,#4332,.F.);
#4332 = EDGE_CURVE('',#1575,#3390,#4333,.T.);
#4333 = SURFACE_CURVE('',#4334,(#4338,#4345),.PCURVE_S1.);
#4334 = LINE('',#4335,#4336);
#4335 = CARTESIAN_POINT('',(4.890088190042,-1.,6.3));
#4336 = VECTOR('',#4337,1.);
#4337 = DIRECTION('',(1.,0.,0.));
#4338 = PCURVE('',#1619,#4339);
#4339 = DEFINITIONAL_REPRESENTATION('',(#4340),#4344);
#4340 = LINE('',#4341,#4342);
#4341 = CARTESIAN_POINT('',(-55.2,-4.890088190042));
#4342 = VECTOR('',#4343,1.);
#4343 = DIRECTION('',(0.,-1.));
#4344 = ( GEOMETRIC_REPRESENTATION_CONTEXT(2) 
PARAMETRIC_REPRESENTATION_CONTEXT() REPRESENTATION_CONTEXT('2D SPACE',''
  ) );
#4345 = PCURVE('',#1591,#4346);
#4346 = DEFINITIONAL_REPRESENTATION('',(#4347),#4351);
#4347 = LINE('',#4348,#4349);
#4348 = CARTESIAN_POINT('',(3.679908410325,-4.890088190042));
#4349 = VECTOR('',#4350,1.);
#4350 = DIRECTION('',(0.,1.));
#4351 = ( GEOMETRIC_REPRESENTATION_CONTEXT(2) 
PARAMETRIC_REPRESENTATION_CONTEXT() REPRESENTATION_CONTEXT('2D SPACE',''
  ) );
#4352 = ADVANCED_FACE('',(#4353),#1591,.T.);
#4353 = FACE_BOUND('',#4354,.T.);
#4354 = EDGE_LOOP('',(#4355,#4356,#4379,#4407,#4435,#4456,#4457));
#4355 = ORIENTED_EDGE('',*,*,#3389,.F.);
#4356 = ORIENTED_EDGE('',*,*,#4357,.T.);
#4357 = EDGE_CURVE('',#3362,#4358,#4360,.T.);
#4358 = VERTEX_POINT('',#4359);
#4359 = CARTESIAN_POINT('',(13.2,-9.88,6.3));
#4360 = SURFACE_CURVE('',#4361,(#4365,#4372),.PCURVE_S1.);
#4361 = LINE('',#4362,#4363);
#4362 = CARTESIAN_POINT('',(11.7,-8.88,6.3));
#4363 = VECTOR('',#4364,1.);
#4364 = DIRECTION('',(0.832050294338,-0.554700196225,0.));
#4365 = PCURVE('',#1591,#4366);
#4366 = DEFINITIONAL_REPRESENTATION('',(#4367),#4371);
#4367 = LINE('',#4368,#4369);
#4368 = CARTESIAN_POINT('',(-4.200091589675,1.919823619916));
#4369 = VECTOR('',#4370,1.);
#4370 = DIRECTION('',(-0.554700196225,0.832050294338));
#4371 = ( GEOMETRIC_REPRESENTATION_CONTEXT(2) 
PARAMETRIC_REPRESENTATION_CONTEXT() REPRESENTATION_CONTEXT('2D SPACE',''
  ) );
#4372 = PCURVE('',#3377,#4373);
#4373 = DEFINITIONAL_REPRESENTATION('',(#4374),#4378);
#4374 = LINE('',#4375,#4376);
#4375 = CARTESIAN_POINT('',(0.,110.4));
#4376 = VECTOR('',#4377,1.);
#4377 = DIRECTION('',(1.,0.));
#4378 = ( GEOMETRIC_REPRESENTATION_CONTEXT(2) 
PARAMETRIC_REPRESENTATION_CONTEXT() REPRESENTATION_CONTEXT('2D SPACE',''
  ) );
#4379 = ORIENTED_EDGE('',*,*,#4380,.T.);
#4380 = EDGE_CURVE('',#4358,#4381,#4383,.T.);
#4381 = VERTEX_POINT('',#4382);
#4382 = CARTESIAN_POINT('',(11.7,-10.88,6.3));
#4383 = SURFACE_CURVE('',#4384,(#4388,#4395),.PCURVE_S1.);
#4384 = LINE('',#4385,#4386);
#4385 = CARTESIAN_POINT('',(13.2,-9.88,6.3));
#4386 = VECTOR('',#4387,1.);
#4387 = DIRECTION('',(-0.832050294338,-0.554700196225,0.));
#4388 = PCURVE('',#1591,#4389);
#4389 = DEFINITIONAL_REPRESENTATION('',(#4390),#4394);
#4390 = LINE('',#4391,#4392);
#4391 = CARTESIAN_POINT('',(-5.200091589675,3.419823619916));
#4392 = VECTOR('',#4393,1.);
#4393 = DIRECTION('',(-0.554700196225,-0.832050294338));
#4394 = ( GEOMETRIC_REPRESENTATION_CONTEXT(2) 
PARAMETRIC_REPRESENTATION_CONTEXT() REPRESENTATION_CONTEXT('2D SPACE',''
  ) );
#4395 = PCURVE('',#4396,#4401);
#4396 = PLANE('',#4397);
#4397 = AXIS2_PLACEMENT_3D('',#4398,#4399,#4400);
#4398 = CARTESIAN_POINT('',(13.2,-9.88,116.7));
#4399 = DIRECTION('',(0.554700196225,-0.832050294338,0.));
#4400 = DIRECTION('',(-0.832050294338,-0.554700196225,0.));
#4401 = DEFINITIONAL_REPRESENTATION('',(#4402),#4406);
#4402 = LINE('',#4403,#4404);
#4403 = CARTESIAN_POINT('',(-0.,110.4));
#4404 = VECTOR('',#4405,1.);
#4405 = DIRECTION('',(1.,0.));
#4406 = ( GEOMETRIC_REPRESENTATION_CONTEXT(2) 
PARAMETRIC_REPRESENTATION_CONTEXT() REPRESENTATION_CONTEXT('2D SPACE',''
  ) );
#4407 = ORIENTED_EDGE('',*,*,#4408,.T.);
#4408 = EDGE_CURVE('',#4381,#4409,#4411,.T.);
#4409 = VERTEX_POINT('',#4410);
#4410 = CARTESIAN_POINT('',(9.7,-10.88,6.3));
#4411 = SURFACE_CURVE('',#4412,(#4416,#4423),.PCURVE_S1.);
#4412 = LINE('',#4413,#4414);
#4413 = CARTESIAN_POINT('',(11.7,-10.88,6.3));
#4414 = VECTOR('',#4415,1.);
#4415 = DIRECTION('',(-1.,0.,0.));
#4416 = PCURVE('',#1591,#4417);
#4417 = DEFINITIONAL_REPRESENTATION('',(#4418),#4422);
#4418 = LINE('',#4419,#4420);
#4419 = CARTESIAN_POINT('',(-6.200091589675,1.919823619916));
#4420 = VECTOR('',#4421,1.);
#4421 = DIRECTION('',(0.,-1.));
#4422 = ( GEOMETRIC_REPRESENTATION_CONTEXT(2) 
PARAMETRIC_REPRESENTATION_CONTEXT() REPRESENTATION_CONTEXT('2D SPACE',''
  ) );
#4423 = PCURVE('',#4424,#4429);
#4424 = PLANE('',#4425);
#4425 = AXIS2_PLACEMENT_3D('',#4426,#4427,#4428);
#4426 = CARTESIAN_POINT('',(11.7,-10.88,116.7));
#4427 = DIRECTION('',(0.,-1.,0.));
#4428 = DIRECTION('',(-1.,0.,0.));
#4429 = DEFINITIONAL_REPRESENTATION('',(#4430),#4434);
#4430 = LINE('',#4431,#4432);
#4431 = CARTESIAN_POINT('',(0.,110.4));
#4432 = VECTOR('',#4433,1.);
#4433 = DIRECTION('',(1.,0.));
#4434 = ( GEOMETRIC_REPRESENTATION_CONTEXT(2) 
PARAMETRIC_REPRESENTATION_CONTEXT() REPRESENTATION_CONTEXT('2D SPACE',''
  ) );
#4435 = ORIENTED_EDGE('',*,*,#4436,.T.);
#4436 = EDGE_CURVE('',#4409,#1547,#4437,.T.);
#4437 = SURFACE_CURVE('',#4438,(#4442,#4449),.PCURVE_S1.);
#4438 = LINE('',#4439,#4440);
#4439 = CARTESIAN_POINT('',(9.7,-10.88,6.3));
#4440 = VECTOR('',#4441,1.);
#4441 = DIRECTION('',(-8.715574274766E-02,0.996194698092,0.));
#4442 = PCURVE('',#1591,#4443);
#4443 = DEFINITIONAL_REPRESENTATION('',(#4444),#4448);
#4444 = LINE('',#4445,#4446);
#4445 = CARTESIAN_POINT('',(-6.200091589675,-8.017638008427E-02));
#4446 = VECTOR('',#4447,1.);
#4447 = DIRECTION('',(0.996194698092,-8.715574274766E-02));
#4448 = ( GEOMETRIC_REPRESENTATION_CONTEXT(2) 
PARAMETRIC_REPRESENTATION_CONTEXT() REPRESENTATION_CONTEXT('2D SPACE',''
  ) );
#4449 = PCURVE('',#1562,#4450);
#4450 = DEFINITIONAL_REPRESENTATION('',(#4451),#4455);
#4451 = LINE('',#4452,#4453);
#4452 = CARTESIAN_POINT('',(0.,110.4));
#4453 = VECTOR('',#4454,1.);
#4454 = DIRECTION('',(1.,0.));
#4455 = ( GEOMETRIC_REPRESENTATION_CONTEXT(2) 
PARAMETRIC_REPRESENTATION_CONTEXT() REPRESENTATION_CONTEXT('2D SPACE',''
  ) );
#4456 = ORIENTED_EDGE('',*,*,#1574,.F.);
#4457 = ORIENTED_EDGE('',*,*,#4332,.T.);
#4458 = ADVANCED_FACE('',(#4459),#1562,.T.);
#4459 = FACE_BOUND('',#4460,.T.);
#4460 = EDGE_LOOP('',(#4461,#4484,#4507,#4533,#4534));
#4461 = ORIENTED_EDGE('',*,*,#4462,.F.);
#4462 = EDGE_CURVE('',#4463,#4409,#4465,.T.);
#4463 = VERTEX_POINT('',#4464);
#4464 = CARTESIAN_POINT('',(9.7,-10.88,57.7776));
#4465 = SURFACE_CURVE('',#4466,(#4470,#4477),.PCURVE_S1.);
#4466 = LINE('',#4467,#4468);
#4467 = CARTESIAN_POINT('',(9.7,-10.88,116.7));
#4468 = VECTOR('',#4469,1.);
#4469 = DIRECTION('',(0.,0.,-1.));
#4470 = PCURVE('',#1562,#4471);
#4471 = DEFINITIONAL_REPRESENTATION('',(#4472),#4476);
#4472 = LINE('',#4473,#4474);
#4473 = CARTESIAN_POINT('',(0.,0.));
#4474 = VECTOR('',#4475,1.);
#4475 = DIRECTION('',(0.,1.));
#4476 = ( GEOMETRIC_REPRESENTATION_CONTEXT(2) 
PARAMETRIC_REPRESENTATION_CONTEXT() REPRESENTATION_CONTEXT('2D SPACE',''
  ) );
#4477 = PCURVE('',#4424,#4478);
#4478 = DEFINITIONAL_REPRESENTATION('',(#4479),#4483);
#4479 = LINE('',#4480,#4481);
#4480 = CARTESIAN_POINT('',(2.,0.));
#4481 = VECTOR('',#4482,1.);
#4482 = DIRECTION('',(0.,1.));
#4483 = ( GEOMETRIC_REPRESENTATION_CONTEXT(2) 
PARAMETRIC_REPRESENTATION_CONTEXT() REPRESENTATION_CONTEXT('2D SPACE',''
  ) );
#4484 = ORIENTED_EDGE('',*,*,#4485,.F.);
#4485 = EDGE_CURVE('',#4486,#4463,#4488,.T.);
#4486 = VERTEX_POINT('',#4487);
#4487 = CARTESIAN_POINT('',(9.237184969948,-5.59,57.7776));
#4488 = SURFACE_CURVE('',#4489,(#4493,#4500),.PCURVE_S1.);
#4489 = LINE('',#4490,#4491);
#4490 = CARTESIAN_POINT('',(10.24977167705,-17.16391902325,57.7776));
#4491 = VECTOR('',#4492,1.);
#4492 = DIRECTION('',(8.715574274766E-02,-0.996194698092,0.));
#4493 = PCURVE('',#1562,#4494);
#4494 = DEFINITIONAL_REPRESENTATION('',(#4495),#4499);
#4495 = LINE('',#4496,#4497);
#4496 = CARTESIAN_POINT('',(-6.307922573057,58.9224));
#4497 = VECTOR('',#4498,1.);
#4498 = DIRECTION('',(-1.,-0.));
#4499 = ( GEOMETRIC_REPRESENTATION_CONTEXT(2) 
PARAMETRIC_REPRESENTATION_CONTEXT() REPRESENTATION_CONTEXT('2D SPACE',''
  ) );
#4500 = PCURVE('',#3349,#4501);
#4501 = DEFINITIONAL_REPRESENTATION('',(#4502),#4506);
#4502 = LINE('',#4503,#4504);
#4503 = CARTESIAN_POINT('',(-3.246528023253,-109.4832798873));
#4504 = VECTOR('',#4505,1.);
#4505 = DIRECTION('',(-0.996194698092,8.715574274766E-02));
#4506 = ( GEOMETRIC_REPRESENTATION_CONTEXT(2) 
PARAMETRIC_REPRESENTATION_CONTEXT() REPRESENTATION_CONTEXT('2D SPACE',''
  ) );
#4507 = ORIENTED_EDGE('',*,*,#4508,.F.);
#4508 = EDGE_CURVE('',#1491,#4486,#4509,.T.);
#4509 = SURFACE_CURVE('',#4510,(#4515,#4522),.PCURVE_S1.);
#4510 = ELLIPSE('',#4511,1.596073541694,1.59);
#4511 = AXIS2_PLACEMENT_3D('',#4512,#4513,#4514);
#4512 = CARTESIAN_POINT('',(9.237184969948,-5.59,59.3676));
#4513 = DIRECTION('',(-0.996194698092,-8.715574274766E-02,0.));
#4514 = DIRECTION('',(8.715574274766E-02,-0.996194698092,0.));
#4515 = PCURVE('',#1562,#4516);
#4516 = DEFINITIONAL_REPRESENTATION('',(#4517),#4521);
#4517 = ELLIPSE('',#4518,1.596073541694,1.59);
#4518 = AXIS2_PLACEMENT_2D('',#4519,#4520);
#4519 = CARTESIAN_POINT('',(5.310206940604,57.3324));
#4520 = DIRECTION('',(-1.,-0.));
#4521 = ( GEOMETRIC_REPRESENTATION_CONTEXT(2) 
PARAMETRIC_REPRESENTATION_CONTEXT() REPRESENTATION_CONTEXT('2D SPACE',''
  ) );
#4522 = PCURVE('',#1467,#4523);
#4523 = DEFINITIONAL_REPRESENTATION('',(#4524),#4532);
#4524 = B_SPLINE_CURVE_WITH_KNOTS('',6,(#4525,#4526,#4527,#4528,#4529,
    #4530,#4531),.UNSPECIFIED.,.F.,.F.,(7,7),(3.331264238096,
    4.712388980385),.PIECEWISE_BEZIER_KNOTS.);
#4525 = CARTESIAN_POINT('',(6.093513722673,-110.6324788536));
#4526 = CARTESIAN_POINT('',(5.863326265625,-110.6264417904));
#4527 = CARTESIAN_POINT('',(5.633138808577,-110.6117195357));
#4528 = CARTESIAN_POINT('',(5.402951351529,-110.5888800574));
#4529 = CARTESIAN_POINT('',(5.172763894481,-110.5599067389));
#4530 = CARTESIAN_POINT('',(4.942576437433,-110.5278872752));
#4531 = CARTESIAN_POINT('',(4.712388980385,-110.4958665944));
#4532 = ( GEOMETRIC_REPRESENTATION_CONTEXT(2) 
PARAMETRIC_REPRESENTATION_CONTEXT() REPRESENTATION_CONTEXT('2D SPACE',''
  ) );
#4533 = ORIENTED_EDGE('',*,*,#1546,.T.);
#4534 = ORIENTED_EDGE('',*,*,#4436,.F.);
#4535 = ADVANCED_FACE('',(#4536),#1467,.F.);
#4536 = FACE_BOUND('',#4537,.F.);
#4537 = EDGE_LOOP('',(#4538,#4539,#4560,#4561,#4562,#4563,#4591));
#4538 = ORIENTED_EDGE('',*,*,#3309,.F.);
#4539 = ORIENTED_EDGE('',*,*,#4540,.T.);
#4540 = EDGE_CURVE('',#3310,#4486,#4541,.T.);
#4541 = SURFACE_CURVE('',#4542,(#4546,#4553),.PCURVE_S1.);
#4542 = LINE('',#4543,#4544);
#4543 = CARTESIAN_POINT('',(119.73305156435,-5.59,57.7776));
#4544 = VECTOR('',#4545,1.);
#4545 = DIRECTION('',(-1.,-0.,0.));
#4546 = PCURVE('',#1467,#4547);
#4547 = DEFINITIONAL_REPRESENTATION('',(#4548),#4552);
#4548 = LINE('',#4549,#4550);
#4549 = CARTESIAN_POINT('',(4.712388980385,0.));
#4550 = VECTOR('',#4551,1.);
#4551 = DIRECTION('',(0.,-1.));
#4552 = ( GEOMETRIC_REPRESENTATION_CONTEXT(2) 
PARAMETRIC_REPRESENTATION_CONTEXT() REPRESENTATION_CONTEXT('2D SPACE',''
  ) );
#4553 = PCURVE('',#3349,#4554);
#4554 = DEFINITIONAL_REPRESENTATION('',(#4555),#4559);
#4555 = LINE('',#4556,#4557);
#4556 = CARTESIAN_POINT('',(8.327391,0.));
#4557 = VECTOR('',#4558,1.);
#4558 = DIRECTION('',(0.,-1.));
#4559 = ( GEOMETRIC_REPRESENTATION_CONTEXT(2) 
PARAMETRIC_REPRESENTATION_CONTEXT() REPRESENTATION_CONTEXT('2D SPACE',''
  ) );
#4560 = ORIENTED_EDGE('',*,*,#4508,.F.);
#4561 = ORIENTED_EDGE('',*,*,#1490,.T.);
#4562 = ORIENTED_EDGE('',*,*,#1429,.T.);
#4563 = ORIENTED_EDGE('',*,*,#4564,.F.);
#4564 = EDGE_CURVE('',#4565,#1402,#4567,.T.);
#4565 = VERTEX_POINT('',#4566);
#4566 = CARTESIAN_POINT('',(9.237184969948,-5.59,60.9576));
#4567 = SURFACE_CURVE('',#4568,(#4573,#4584),.PCURVE_S1.);
#4568 = ELLIPSE('',#4569,1.596073541694,1.59);
#4569 = AXIS2_PLACEMENT_3D('',#4570,#4571,#4572);
#4570 = CARTESIAN_POINT('',(9.237184969948,-5.59,59.3676));
#4571 = DIRECTION('',(-0.996194698092,-8.715574274766E-02,0.));
#4572 = DIRECTION('',(8.715574274766E-02,-0.996194698092,0.));
#4573 = PCURVE('',#1467,#4574);
#4574 = DEFINITIONAL_REPRESENTATION('',(#4575),#4583);
#4575 = B_SPLINE_CURVE_WITH_KNOTS('',6,(#4576,#4577,#4578,#4579,#4580,
    #4581,#4582),.UNSPECIFIED.,.F.,.F.,(7,7),(1.570796326795,
    2.951921069083),.PIECEWISE_BEZIER_KNOTS.);
#4576 = CARTESIAN_POINT('',(7.853981633974,-110.4958665944));
#4577 = CARTESIAN_POINT('',(7.623794176926,-110.5278872752));
#4578 = CARTESIAN_POINT('',(7.393606719878,-110.5599067389));
#4579 = CARTESIAN_POINT('',(7.16341926283,-110.5888800574));
#4580 = CARTESIAN_POINT('',(6.933231805782,-110.6117195357));
#4581 = CARTESIAN_POINT('',(6.703044348734,-110.6264417904));
#4582 = CARTESIAN_POINT('',(6.472856891686,-110.6324788536));
#4583 = ( GEOMETRIC_REPRESENTATION_CONTEXT(2) 
PARAMETRIC_REPRESENTATION_CONTEXT() REPRESENTATION_CONTEXT('2D SPACE',''
  ) );
#4584 = PCURVE('',#1417,#4585);
#4585 = DEFINITIONAL_REPRESENTATION('',(#4586),#4590);
#4586 = ELLIPSE('',#4587,1.596073541694,1.59);
#4587 = AXIS2_PLACEMENT_2D('',#4588,#4589);
#4588 = CARTESIAN_POINT('',(5.310206940604,57.3324));
#4589 = DIRECTION('',(-1.,-0.));
#4590 = ( GEOMETRIC_REPRESENTATION_CONTEXT(2) 
PARAMETRIC_REPRESENTATION_CONTEXT() REPRESENTATION_CONTEXT('2D SPACE',''
  ) );
#4591 = ORIENTED_EDGE('',*,*,#4592,.F.);
#4592 = EDGE_CURVE('',#3282,#4565,#4593,.T.);
#4593 = SURFACE_CURVE('',#4594,(#4598,#4605),.PCURVE_S1.);
#4594 = LINE('',#4595,#4596);
#4595 = CARTESIAN_POINT('',(119.73305156435,-5.59,60.9576));
#4596 = VECTOR('',#4597,1.);
#4597 = DIRECTION('',(-1.,-0.,0.));
#4598 = PCURVE('',#1467,#4599);
#4599 = DEFINITIONAL_REPRESENTATION('',(#4600),#4604);
#4600 = LINE('',#4601,#4602);
#4601 = CARTESIAN_POINT('',(7.853981633974,0.));
#4602 = VECTOR('',#4603,1.);
#4603 = DIRECTION('',(0.,-1.));
#4604 = ( GEOMETRIC_REPRESENTATION_CONTEXT(2) 
PARAMETRIC_REPRESENTATION_CONTEXT() REPRESENTATION_CONTEXT('2D SPACE',''
  ) );
#4605 = PCURVE('',#3297,#4606);
#4606 = DEFINITIONAL_REPRESENTATION('',(#4607),#4611);
#4607 = LINE('',#4608,#4609);
#4608 = CARTESIAN_POINT('',(0.,0.));
#4609 = VECTOR('',#4610,1.);
#4610 = DIRECTION('',(0.,-1.));
#4611 = ( GEOMETRIC_REPRESENTATION_CONTEXT(2) 
PARAMETRIC_REPRESENTATION_CONTEXT() REPRESENTATION_CONTEXT('2D SPACE',''
  ) );
#4612 = ADVANCED_FACE('',(#4613),#1417,.T.);
#4613 = FACE_BOUND('',#4614,.T.);
#4614 = EDGE_LOOP('',(#4615,#4638,#4639,#4640,#4641));
#4615 = ORIENTED_EDGE('',*,*,#4616,.F.);
#4616 = EDGE_CURVE('',#1933,#4617,#4619,.T.);
#4617 = VERTEX_POINT('',#4618);
#4618 = CARTESIAN_POINT('',(9.7,-10.88,60.9576));
#4619 = SURFACE_CURVE('',#4620,(#4624,#4631),.PCURVE_S1.);
#4620 = LINE('',#4621,#4622);
#4621 = CARTESIAN_POINT('',(9.7,-10.88,116.7));
#4622 = VECTOR('',#4623,1.);
#4623 = DIRECTION('',(0.,0.,-1.));
#4624 = PCURVE('',#1417,#4625);
#4625 = DEFINITIONAL_REPRESENTATION('',(#4626),#4630);
#4626 = LINE('',#4627,#4628);
#4627 = CARTESIAN_POINT('',(0.,0.));
#4628 = VECTOR('',#4629,1.);
#4629 = DIRECTION('',(0.,1.));
#4630 = ( GEOMETRIC_REPRESENTATION_CONTEXT(2) 
PARAMETRIC_REPRESENTATION_CONTEXT() REPRESENTATION_CONTEXT('2D SPACE',''
  ) );
#4631 = PCURVE('',#1948,#4632);
#4632 = DEFINITIONAL_REPRESENTATION('',(#4633),#4637);
#4633 = LINE('',#4634,#4635);
#4634 = CARTESIAN_POINT('',(2.,0.));
#4635 = VECTOR('',#4636,1.);
#4636 = DIRECTION('',(0.,1.));
#4637 = ( GEOMETRIC_REPRESENTATION_CONTEXT(2) 
PARAMETRIC_REPRESENTATION_CONTEXT() REPRESENTATION_CONTEXT('2D SPACE',''
  ) );
#4638 = ORIENTED_EDGE('',*,*,#1960,.T.);
#4639 = ORIENTED_EDGE('',*,*,#1401,.T.);
#4640 = ORIENTED_EDGE('',*,*,#4564,.F.);
#4641 = ORIENTED_EDGE('',*,*,#4642,.F.);
#4642 = EDGE_CURVE('',#4617,#4565,#4643,.T.);
#4643 = SURFACE_CURVE('',#4644,(#4648,#4655),.PCURVE_S1.);
#4644 = LINE('',#4645,#4646);
#4645 = CARTESIAN_POINT('',(9.888262609082,-13.03185146846,60.9576));
#4646 = VECTOR('',#4647,1.);
#4647 = DIRECTION('',(-8.715574274766E-02,0.996194698092,0.));
#4648 = PCURVE('',#1417,#4649);
#4649 = DEFINITIONAL_REPRESENTATION('',(#4650),#4654);
#4650 = LINE('',#4651,#4652);
#4651 = CARTESIAN_POINT('',(-2.160071191489,55.7424));
#4652 = VECTOR('',#4653,1.);
#4653 = DIRECTION('',(1.,0.));
#4654 = ( GEOMETRIC_REPRESENTATION_CONTEXT(2) 
PARAMETRIC_REPRESENTATION_CONTEXT() REPRESENTATION_CONTEXT('2D SPACE',''
  ) );
#4655 = PCURVE('',#3297,#4656);
#4656 = DEFINITIONAL_REPRESENTATION('',(#4657),#4661);
#4657 = LINE('',#4658,#4659);
#4658 = CARTESIAN_POINT('',(7.441851468462,-109.8447889552));
#4659 = VECTOR('',#4660,1.);
#4660 = DIRECTION('',(-0.996194698092,-8.715574274766E-02));
#4661 = ( GEOMETRIC_REPRESENTATION_CONTEXT(2) 
PARAMETRIC_REPRESENTATION_CONTEXT() REPRESENTATION_CONTEXT('2D SPACE',''
  ) );
#4662 = ADVANCED_FACE('',(#4663),#1838,.F.);
#4663 = FACE_BOUND('',#4664,.T.);
#4664 = EDGE_LOOP('',(#4665,#4686,#4687,#4708,#4709));
#4665 = ORIENTED_EDGE('',*,*,#4666,.F.);
#4666 = EDGE_CURVE('',#3770,#1800,#4667,.T.);
#4667 = SURFACE_CURVE('',#4668,(#4672,#4679),.PCURVE_S1.);
#4668 = LINE('',#4669,#4670);
#4669 = CARTESIAN_POINT('',(3.,1.665E-14,75.));
#4670 = VECTOR('',#4671,1.);
#4671 = DIRECTION('',(0.,-1.,2.2E-16));
#4672 = PCURVE('',#1838,#4673);
#4673 = DEFINITIONAL_REPRESENTATION('',(#4674),#4678);
#4674 = LINE('',#4675,#4676);
#4675 = CARTESIAN_POINT('',(-1.570796326795,0.));
#4676 = VECTOR('',#4677,1.);
#4677 = DIRECTION('',(-0.,-1.));
#4678 = ( GEOMETRIC_REPRESENTATION_CONTEXT(2) 
PARAMETRIC_REPRESENTATION_CONTEXT() REPRESENTATION_CONTEXT('2D SPACE',''
  ) );
#4679 = PCURVE('',#2003,#4680);
#4680 = DEFINITIONAL_REPRESENTATION('',(#4681),#4685);
#4681 = LINE('',#4682,#4683);
#4682 = CARTESIAN_POINT('',(6.,0.));
#4683 = VECTOR('',#4684,1.);
#4684 = DIRECTION('',(0.,-1.));
#4685 = ( GEOMETRIC_REPRESENTATION_CONTEXT(2) 
PARAMETRIC_REPRESENTATION_CONTEXT() REPRESENTATION_CONTEXT('2D SPACE',''
  ) );
#4686 = ORIENTED_EDGE('',*,*,#3793,.T.);
#4687 = ORIENTED_EDGE('',*,*,#4688,.T.);
#4688 = EDGE_CURVE('',#3660,#4005,#4689,.T.);
#4689 = SURFACE_CURVE('',#4690,(#4694,#4701),.PCURVE_S1.);
#4690 = LINE('',#4691,#4692);
#4691 = CARTESIAN_POINT('',(5.,1.621E-14,73.));
#4692 = VECTOR('',#4693,1.);
#4693 = DIRECTION('',(0.,-1.,2.2E-16));
#4694 = PCURVE('',#1838,#4695);
#4695 = DEFINITIONAL_REPRESENTATION('',(#4696),#4700);
#4696 = LINE('',#4697,#4698);
#4697 = CARTESIAN_POINT('',(4.E-15,-0.));
#4698 = VECTOR('',#4699,1.);
#4699 = DIRECTION('',(-0.,-1.));
#4700 = ( GEOMETRIC_REPRESENTATION_CONTEXT(2) 
PARAMETRIC_REPRESENTATION_CONTEXT() REPRESENTATION_CONTEXT('2D SPACE',''
  ) );
#4701 = PCURVE('',#3699,#4702);
#4702 = DEFINITIONAL_REPRESENTATION('',(#4703),#4707);
#4703 = LINE('',#4704,#4705);
#4704 = CARTESIAN_POINT('',(0.,0.));
#4705 = VECTOR('',#4706,1.);
#4706 = DIRECTION('',(0.,-1.));
#4707 = ( GEOMETRIC_REPRESENTATION_CONTEXT(2) 
PARAMETRIC_REPRESENTATION_CONTEXT() REPRESENTATION_CONTEXT('2D SPACE',''
  ) );
#4708 = ORIENTED_EDGE('',*,*,#4026,.T.);
#4709 = ORIENTED_EDGE('',*,*,#1823,.T.);
#4710 = ADVANCED_FACE('',(#4711),#1948,.T.);
#4711 = FACE_BOUND('',#4712,.T.);
#4712 = EDGE_LOOP('',(#4713,#4736,#4737,#4738));
#4713 = ORIENTED_EDGE('',*,*,#4714,.F.);
#4714 = EDGE_CURVE('',#1905,#4715,#4717,.T.);
#4715 = VERTEX_POINT('',#4716);
#4716 = CARTESIAN_POINT('',(11.7,-10.88,60.9576));
#4717 = SURFACE_CURVE('',#4718,(#4722,#4729),.PCURVE_S1.);
#4718 = LINE('',#4719,#4720);
#4719 = CARTESIAN_POINT('',(11.7,-10.88,116.7));
#4720 = VECTOR('',#4721,1.);
#4721 = DIRECTION('',(0.,0.,-1.));
#4722 = PCURVE('',#1948,#4723);
#4723 = DEFINITIONAL_REPRESENTATION('',(#4724),#4728);
#4724 = LINE('',#4725,#4726);
#4725 = CARTESIAN_POINT('',(0.,-0.));
#4726 = VECTOR('',#4727,1.);
#4727 = DIRECTION('',(0.,1.));
#4728 = ( GEOMETRIC_REPRESENTATION_CONTEXT(2) 
PARAMETRIC_REPRESENTATION_CONTEXT() REPRESENTATION_CONTEXT('2D SPACE',''
  ) );
#4729 = PCURVE('',#1920,#4730);
#4730 = DEFINITIONAL_REPRESENTATION('',(#4731),#4735);
#4731 = LINE('',#4732,#4733);
#4732 = CARTESIAN_POINT('',(1.802775637732,0.));
#4733 = VECTOR('',#4734,1.);
#4734 = DIRECTION('',(-0.,1.));
#4735 = ( GEOMETRIC_REPRESENTATION_CONTEXT(2) 
PARAMETRIC_REPRESENTATION_CONTEXT() REPRESENTATION_CONTEXT('2D SPACE',''
  ) );
#4736 = ORIENTED_EDGE('',*,*,#1932,.T.);
#4737 = ORIENTED_EDGE('',*,*,#4616,.T.);
#4738 = ORIENTED_EDGE('',*,*,#4739,.F.);
#4739 = EDGE_CURVE('',#4715,#4617,#4740,.T.);
#4740 = SURFACE_CURVE('',#4741,(#4745,#4752),.PCURVE_S1.);
#4741 = LINE('',#4742,#4743);
#4742 = CARTESIAN_POINT('',(65.716525782179,-10.88,60.9576));
#4743 = VECTOR('',#4744,1.);
#4744 = DIRECTION('',(-1.,-0.,0.));
#4745 = PCURVE('',#1948,#4746);
#4746 = DEFINITIONAL_REPRESENTATION('',(#4747),#4751);
#4747 = LINE('',#4748,#4749);
#4748 = CARTESIAN_POINT('',(-54.01652578217,55.7424));
#4749 = VECTOR('',#4750,1.);
#4750 = DIRECTION('',(1.,0.));
#4751 = ( GEOMETRIC_REPRESENTATION_CONTEXT(2) 
PARAMETRIC_REPRESENTATION_CONTEXT() REPRESENTATION_CONTEXT('2D SPACE',''
  ) );
#4752 = PCURVE('',#3297,#4753);
#4753 = DEFINITIONAL_REPRESENTATION('',(#4754),#4758);
#4754 = LINE('',#4755,#4756);
#4755 = CARTESIAN_POINT('',(5.29,-54.01652578217));
#4756 = VECTOR('',#4757,1.);
#4757 = DIRECTION('',(0.,-1.));
#4758 = ( GEOMETRIC_REPRESENTATION_CONTEXT(2) 
PARAMETRIC_REPRESENTATION_CONTEXT() REPRESENTATION_CONTEXT('2D SPACE',''
  ) );
#4759 = ADVANCED_FACE('',(#4760),#1920,.T.);
#4760 = FACE_BOUND('',#4761,.T.);
#4761 = EDGE_LOOP('',(#4762,#4785,#4786,#4787));
#4762 = ORIENTED_EDGE('',*,*,#4763,.F.);
#4763 = EDGE_CURVE('',#1877,#4764,#4766,.T.);
#4764 = VERTEX_POINT('',#4765);
#4765 = CARTESIAN_POINT('',(13.2,-9.88,60.9576));
#4766 = SURFACE_CURVE('',#4767,(#4771,#4778),.PCURVE_S1.);
#4767 = LINE('',#4768,#4769);
#4768 = CARTESIAN_POINT('',(13.2,-9.88,116.7));
#4769 = VECTOR('',#4770,1.);
#4770 = DIRECTION('',(0.,0.,-1.));
#4771 = PCURVE('',#1920,#4772);
#4772 = DEFINITIONAL_REPRESENTATION('',(#4773),#4777);
#4773 = LINE('',#4774,#4775);
#4774 = CARTESIAN_POINT('',(0.,0.));
#4775 = VECTOR('',#4776,1.);
#4776 = DIRECTION('',(-0.,1.));
#4777 = ( GEOMETRIC_REPRESENTATION_CONTEXT(2) 
PARAMETRIC_REPRESENTATION_CONTEXT() REPRESENTATION_CONTEXT('2D SPACE',''
  ) );
#4778 = PCURVE('',#1892,#4779);
#4779 = DEFINITIONAL_REPRESENTATION('',(#4780),#4784);
#4780 = LINE('',#4781,#4782);
#4781 = CARTESIAN_POINT('',(1.802775637732,0.));
#4782 = VECTOR('',#4783,1.);
#4783 = DIRECTION('',(0.,1.));
#4784 = ( GEOMETRIC_REPRESENTATION_CONTEXT(2) 
PARAMETRIC_REPRESENTATION_CONTEXT() REPRESENTATION_CONTEXT('2D SPACE',''
  ) );
#4785 = ORIENTED_EDGE('',*,*,#1904,.T.);
#4786 = ORIENTED_EDGE('',*,*,#4714,.T.);
#4787 = ORIENTED_EDGE('',*,*,#4788,.F.);
#4788 = EDGE_CURVE('',#4764,#4715,#4789,.T.);
#4789 = SURFACE_CURVE('',#4790,(#4794,#4801),.PCURVE_S1.);
#4790 = LINE('',#4791,#4792);
#4791 = CARTESIAN_POINT('',(51.066825541508,15.364550361006,60.9576));
#4792 = VECTOR('',#4793,1.);
#4793 = DIRECTION('',(-0.832050294338,-0.554700196225,0.));
#4794 = PCURVE('',#1920,#4795);
#4795 = DEFINITIONAL_REPRESENTATION('',(#4796),#4800);
#4796 = LINE('',#4797,#4798);
#4797 = CARTESIAN_POINT('',(-45.51026037631,55.7424));
#4798 = VECTOR('',#4799,1.);
#4799 = DIRECTION('',(1.,0.));
#4800 = ( GEOMETRIC_REPRESENTATION_CONTEXT(2) 
PARAMETRIC_REPRESENTATION_CONTEXT() REPRESENTATION_CONTEXT('2D SPACE',''
  ) );
#4801 = PCURVE('',#3297,#4802);
#4802 = DEFINITIONAL_REPRESENTATION('',(#4803),#4807);
#4803 = LINE('',#4804,#4805);
#4804 = CARTESIAN_POINT('',(-20.954550361,-68.66622602284));
#4805 = VECTOR('',#4806,1.);
#4806 = DIRECTION('',(0.554700196225,-0.832050294338));
#4807 = ( GEOMETRIC_REPRESENTATION_CONTEXT(2) 
PARAMETRIC_REPRESENTATION_CONTEXT() REPRESENTATION_CONTEXT('2D SPACE',''
  ) );
#4808 = ADVANCED_FACE('',(#4809),#1892,.T.);
#4809 = FACE_BOUND('',#4810,.T.);
#4810 = EDGE_LOOP('',(#4811,#4812,#4813,#4814));
#4811 = ORIENTED_EDGE('',*,*,#3258,.F.);
#4812 = ORIENTED_EDGE('',*,*,#1876,.T.);
#4813 = ORIENTED_EDGE('',*,*,#4763,.T.);
#4814 = ORIENTED_EDGE('',*,*,#4815,.F.);
#4815 = EDGE_CURVE('',#3259,#4764,#4816,.T.);
#4816 = SURFACE_CURVE('',#4817,(#4821,#4828),.PCURVE_S1.);
#4817 = LINE('',#4818,#4819);
#4818 = CARTESIAN_POINT('',(48.336825541508,-33.304550361,60.9576));
#4819 = VECTOR('',#4820,1.);
#4820 = DIRECTION('',(0.832050294338,-0.554700196225,0.));
#4821 = PCURVE('',#1892,#4822);
#4822 = DEFINITIONAL_REPRESENTATION('',(#4823),#4827);
#4823 = LINE('',#4824,#4825);
#4824 = CARTESIAN_POINT('',(44.031984353379,55.7424));
#4825 = VECTOR('',#4826,1.);
#4826 = DIRECTION('',(1.,0.));
#4827 = ( GEOMETRIC_REPRESENTATION_CONTEXT(2) 
PARAMETRIC_REPRESENTATION_CONTEXT() REPRESENTATION_CONTEXT('2D SPACE',''
  ) );
#4828 = PCURVE('',#3297,#4829);
#4829 = DEFINITIONAL_REPRESENTATION('',(#4830),#4834);
#4830 = LINE('',#4831,#4832);
#4831 = CARTESIAN_POINT('',(27.714550361006,-71.39622602284));
#4832 = VECTOR('',#4833,1.);
#4833 = DIRECTION('',(0.554700196225,0.832050294338));
#4834 = ( GEOMETRIC_REPRESENTATION_CONTEXT(2) 
PARAMETRIC_REPRESENTATION_CONTEXT() REPRESENTATION_CONTEXT('2D SPACE',''
  ) );
#4835 = ADVANCED_FACE('',(#4836),#2003,.F.);
#4836 = FACE_BOUND('',#4837,.F.);
#4837 = EDGE_LOOP('',(#4838,#4839,#4840,#4861));
#4838 = ORIENTED_EDGE('',*,*,#4666,.F.);
#4839 = ORIENTED_EDGE('',*,*,#3874,.F.);
#4840 = ORIENTED_EDGE('',*,*,#4841,.T.);
#4841 = EDGE_CURVE('',#3822,#1988,#4842,.T.);
#4842 = SURFACE_CURVE('',#4843,(#4847,#4854),.PCURVE_S1.);
#4843 = LINE('',#4844,#4845);
#4844 = CARTESIAN_POINT('',(-3.,1.665E-14,75.));
#4845 = VECTOR('',#4846,1.);
#4846 = DIRECTION('',(0.,-1.,2.2E-16));
#4847 = PCURVE('',#2003,#4848);
#4848 = DEFINITIONAL_REPRESENTATION('',(#4849),#4853);
#4849 = LINE('',#4850,#4851);
#4850 = CARTESIAN_POINT('',(0.,0.));
#4851 = VECTOR('',#4852,1.);
#4852 = DIRECTION('',(0.,-1.));
#4853 = ( GEOMETRIC_REPRESENTATION_CONTEXT(2) 
PARAMETRIC_REPRESENTATION_CONTEXT() REPRESENTATION_CONTEXT('2D SPACE',''
  ) );
#4854 = PCURVE('',#2114,#4855);
#4855 = DEFINITIONAL_REPRESENTATION('',(#4856),#4860);
#4856 = LINE('',#4857,#4858);
#4857 = CARTESIAN_POINT('',(-1.570796326795,0.));
#4858 = VECTOR('',#4859,1.);
#4859 = DIRECTION('',(-0.,-1.));
#4860 = ( GEOMETRIC_REPRESENTATION_CONTEXT(2) 
PARAMETRIC_REPRESENTATION_CONTEXT() REPRESENTATION_CONTEXT('2D SPACE',''
  ) );
#4861 = ORIENTED_EDGE('',*,*,#1987,.F.);
#4862 = ADVANCED_FACE('',(#4863),#2114,.F.);
#4863 = FACE_BOUND('',#4864,.T.);
#4864 = EDGE_LOOP('',(#4865,#4888,#4889,#4890,#4891));
#4865 = ORIENTED_EDGE('',*,*,#4866,.F.);
#4866 = EDGE_CURVE('',#3717,#4867,#4869,.T.);
#4867 = VERTEX_POINT('',#4868);
#4868 = CARTESIAN_POINT('',(-5.,-0.669732030957,73.));
#4869 = SURFACE_CURVE('',#4870,(#4874,#4881),.PCURVE_S1.);
#4870 = LINE('',#4871,#4872);
#4871 = CARTESIAN_POINT('',(-5.,1.621E-14,73.));
#4872 = VECTOR('',#4873,1.);
#4873 = DIRECTION('',(0.,-1.,2.2E-16));
#4874 = PCURVE('',#2114,#4875);
#4875 = DEFINITIONAL_REPRESENTATION('',(#4876),#4880);
#4876 = LINE('',#4877,#4878);
#4877 = CARTESIAN_POINT('',(-3.14159265359,0.));
#4878 = VECTOR('',#4879,1.);
#4879 = DIRECTION('',(-0.,-1.));
#4880 = ( GEOMETRIC_REPRESENTATION_CONTEXT(2) 
PARAMETRIC_REPRESENTATION_CONTEXT() REPRESENTATION_CONTEXT('2D SPACE',''
  ) );
#4881 = PCURVE('',#3754,#4882);
#4882 = DEFINITIONAL_REPRESENTATION('',(#4883),#4887);
#4883 = LINE('',#4884,#4885);
#4884 = CARTESIAN_POINT('',(21.,4.E-17));
#4885 = VECTOR('',#4886,1.);
#4886 = DIRECTION('',(0.,-1.));
#4887 = ( GEOMETRIC_REPRESENTATION_CONTEXT(2) 
PARAMETRIC_REPRESENTATION_CONTEXT() REPRESENTATION_CONTEXT('2D SPACE',''
  ) );
#4888 = ORIENTED_EDGE('',*,*,#3821,.T.);
#4889 = ORIENTED_EDGE('',*,*,#4841,.T.);
#4890 = ORIENTED_EDGE('',*,*,#2099,.T.);
#4891 = ORIENTED_EDGE('',*,*,#4892,.T.);
#4892 = EDGE_CURVE('',#2044,#4867,#4893,.T.);
#4893 = SURFACE_CURVE('',#4894,(#4903,#4915),.PCURVE_S1.);
#4894 = ( BOUNDED_CURVE() B_SPLINE_CURVE(7,(#4895,#4896,#4897,#4898,
    #4899,#4900,#4901,#4902),.UNSPECIFIED.,.F.,.F.) 
B_SPLINE_CURVE_WITH_KNOTS((8,8),(41.672681278634,42.424777960155),
.PIECEWISE_BEZIER_KNOTS.) CURVE() GEOMETRIC_REPRESENTATION_ITEM() 
RATIONAL_B_SPLINE_CURVE((1.,1.,1.,1.,1.,1.,1.,1.)) REPRESENTATION_ITEM(
  '') );
#4895 = CARTESIAN_POINT('',(-4.860246264252,-0.666666666667,
    73.734495633982));
#4896 = CARTESIAN_POINT('',(-4.899704244886,-0.666666666667,
    73.634560988118));
#4897 = CARTESIAN_POINT('',(-4.932896882931,-0.667242973404,
    73.532153587346));
#4898 = CARTESIAN_POINT('',(-4.959649436116,-0.668062898541,
    73.427755969248));
#4899 = CARTESIAN_POINT('',(-4.979795567718,-0.668840575902,
    73.321765298239));
#4900 = CARTESIAN_POINT('',(-4.993255630852,-0.66946367907,
    73.214976845627));
#4901 = CARTESIAN_POINT('',(-5.,-0.669731522512,73.107497700285));
#4902 = CARTESIAN_POINT('',(-5.,-0.669732030957,73.));
#4903 = PCURVE('',#2114,#4904);
#4904 = DEFINITIONAL_REPRESENTATION('',(#4905),#4914);
#4905 = B_SPLINE_CURVE_WITH_KNOTS('',7,(#4906,#4907,#4908,#4909,#4910,
    #4911,#4912,#4913),.UNSPECIFIED.,.F.,.F.,(8,8),(41.672681278634,
    42.424777960155),.PIECEWISE_BEZIER_KNOTS.);
#4906 = CARTESIAN_POINT('',(-2.765544312522,-0.666666666667));
#4907 = CARTESIAN_POINT('',(-2.819265504057,-0.666666666667));
#4908 = CARTESIAN_POINT('',(-2.872986431697,-0.667242973388));
#4909 = CARTESIAN_POINT('',(-2.926702204812,-0.668062898634));
#4910 = CARTESIAN_POINT('',(-2.980456182338,-0.66884057562));
#4911 = CARTESIAN_POINT('',(-3.034104222903,-0.669463679225));
#4912 = CARTESIAN_POINT('',(-3.087843803447,-0.669731522512));
#4913 = CARTESIAN_POINT('',(-3.14159265359,-0.669732030957));
#4914 = ( GEOMETRIC_REPRESENTATION_CONTEXT(2) 
PARAMETRIC_REPRESENTATION_CONTEXT() REPRESENTATION_CONTEXT('2D SPACE',''
  ) );
#4915 = PCURVE('',#2060,#4916);
#4916 = DEFINITIONAL_REPRESENTATION('',(#4917),#4921);
#4917 = LINE('',#4918,#4919);
#4918 = CARTESIAN_POINT('',(0.75209668152,0.));
#4919 = VECTOR('',#4920,1.);
#4920 = DIRECTION('',(0.,1.));
#4921 = ( GEOMETRIC_REPRESENTATION_CONTEXT(2) 
PARAMETRIC_REPRESENTATION_CONTEXT() REPRESENTATION_CONTEXT('2D SPACE',''
  ) );
#4922 = ADVANCED_FACE('',(#4923),#2060,.F.);
#4923 = FACE_BOUND('',#4924,.F.);
#4924 = EDGE_LOOP('',(#4925,#4926,#4927,#4947));
#4925 = ORIENTED_EDGE('',*,*,#2043,.T.);
#4926 = ORIENTED_EDGE('',*,*,#4892,.T.);
#4927 = ORIENTED_EDGE('',*,*,#4928,.F.);
#4928 = EDGE_CURVE('',#2130,#4867,#4929,.T.);
#4929 = SURFACE_CURVE('',#4930,(#4934,#4941),.PCURVE_S1.);
#4930 = ( BOUNDED_CURVE() B_SPLINE_CURVE(2,(#4931,#4932,#4933),
.UNSPECIFIED.,.F.,.F.) B_SPLINE_CURVE_WITH_KNOTS((3,3),(0.,0.75209668152
),.PIECEWISE_BEZIER_KNOTS.) CURVE() GEOMETRIC_REPRESENTATION_ITEM() 
RATIONAL_B_SPLINE_CURVE((1.,0.720277042239,1.)) REPRESENTATION_ITEM('') 
  );
#4931 = CARTESIAN_POINT('',(-5.320718104143,-1.002829678928,
    73.007277217236));
#4932 = CARTESIAN_POINT('',(-5.,-0.990759670453,73.));
#4933 = CARTESIAN_POINT('',(-5.,-0.669732030957,73.));
#4934 = PCURVE('',#2060,#4935);
#4935 = DEFINITIONAL_REPRESENTATION('',(#4936),#4940);
#4936 = LINE('',#4937,#4938);
#4937 = CARTESIAN_POINT('',(0.,42.424777960155));
#4938 = VECTOR('',#4939,1.);
#4939 = DIRECTION('',(1.,0.));
#4940 = ( GEOMETRIC_REPRESENTATION_CONTEXT(2) 
PARAMETRIC_REPRESENTATION_CONTEXT() REPRESENTATION_CONTEXT('2D SPACE',''
  ) );
#4941 = PCURVE('',#2500,#4942);
#4942 = DEFINITIONAL_REPRESENTATION('',(#4943),#4946);
#4943 = B_SPLINE_CURVE_WITH_KNOTS('',1,(#4944,#4945),.UNSPECIFIED.,.F.,
  .F.,(2,2),(0.,0.75209668152),.PIECEWISE_BEZIER_KNOTS.);
#4944 = CARTESIAN_POINT('',(0.,42.424777960155));
#4945 = CARTESIAN_POINT('',(21.000000000924,42.424777960155));
#4946 = ( GEOMETRIC_REPRESENTATION_CONTEXT(2) 
PARAMETRIC_REPRESENTATION_CONTEXT() REPRESENTATION_CONTEXT('2D SPACE',''
  ) );
#4947 = ORIENTED_EDGE('',*,*,#2129,.F.);
#4948 = ADVANCED_FACE('',(#4949),#2500,.F.);
#4949 = FACE_BOUND('',#4950,.F.);
#4950 = EDGE_LOOP('',(#4951,#4952,#4993,#5013));
#4951 = ORIENTED_EDGE('',*,*,#4928,.T.);
#4952 = ORIENTED_EDGE('',*,*,#4953,.T.);
#4953 = EDGE_CURVE('',#4867,#4954,#4956,.T.);
#4954 = VERTEX_POINT('',#4955);
#4955 = CARTESIAN_POINT('',(-5.,-0.669732030957,52.));
#4956 = SURFACE_CURVE('',#4957,(#4970,#4977),.PCURVE_S1.);
#4957 = ( BOUNDED_CURVE() B_SPLINE_CURVE(11,(#4958,#4959,#4960,#4961,
    #4962,#4963,#4964,#4965,#4966,#4967,#4968,#4969),.UNSPECIFIED.,.F.,
.F.) B_SPLINE_CURVE_WITH_KNOTS((12,12),(42.424777960155,63.424777961079)
,.PIECEWISE_BEZIER_KNOTS.) CURVE() GEOMETRIC_REPRESENTATION_ITEM() 
RATIONAL_B_SPLINE_CURVE((1.,1.,1.,1.000000000001,0.999999999998,
    1.000000000002,0.999999999998,1.000000000002,0.999999999999,1.,1.,1.
)) REPRESENTATION_ITEM('') );
#4958 = CARTESIAN_POINT('',(-5.,-0.669732030957,73.));
#4959 = CARTESIAN_POINT('',(-5.,-0.669741065269,71.089926186495));
#4960 = CARTESIAN_POINT('',(-5.,-0.669726478261,69.184541766408));
#4961 = CARTESIAN_POINT('',(-5.,-0.669744220648,67.268643482189));
#4962 = CARTESIAN_POINT('',(-5.,-0.669727920553,65.368908868006));
#4963 = CARTESIAN_POINT('',(-5.,-0.669737955136,63.448527971656));
#4964 = CARTESIAN_POINT('',(-5.,-0.669737955136,61.55147202834));
#4965 = CARTESIAN_POINT('',(-5.,-0.669727920553,59.631091132003));
#4966 = CARTESIAN_POINT('',(-5.,-0.669744220648,57.731356517809));
#4967 = CARTESIAN_POINT('',(-5.,-0.669726478261,55.815458233637));
#4968 = CARTESIAN_POINT('',(-5.,-0.669741065269,53.910073813598));
#4969 = CARTESIAN_POINT('',(-5.,-0.669732030957,52.));
#4970 = PCURVE('',#2500,#4971);
#4971 = DEFINITIONAL_REPRESENTATION('',(#4972),#4976);
#4972 = LINE('',#4973,#4974);
#4973 = CARTESIAN_POINT('',(21.000000000924,0.));
#4974 = VECTOR('',#4975,1.);
#4975 = DIRECTION('',(0.,1.));
#4976 = ( GEOMETRIC_REPRESENTATION_CONTEXT(2) 
PARAMETRIC_REPRESENTATION_CONTEXT() REPRESENTATION_CONTEXT('2D SPACE',''
  ) );
#4977 = PCURVE('',#3754,#4978);
#4978 = DEFINITIONAL_REPRESENTATION('',(#4979),#4992);
#4979 = ( BOUNDED_CURVE() B_SPLINE_CURVE(11,(#4980,#4981,#4982,#4983,
    #4984,#4985,#4986,#4987,#4988,#4989,#4990,#4991),.UNSPECIFIED.,.F.,
.F.) B_SPLINE_CURVE_WITH_KNOTS((12,12),(42.424777960155,63.424777961079)
,.PIECEWISE_BEZIER_KNOTS.) CURVE() GEOMETRIC_REPRESENTATION_ITEM() 
RATIONAL_B_SPLINE_CURVE((1.,1.,1.,1.000000000001,0.999999999998,
    1.000000000002,0.999999999998,1.000000000002,0.999999999999,1.,1.,1.
)) REPRESENTATION_ITEM('') );
#4980 = CARTESIAN_POINT('',(21.,-0.669732030957));
#4981 = CARTESIAN_POINT('',(19.089926186495,-0.669741065269));
#4982 = CARTESIAN_POINT('',(17.184541766408,-0.669726478261));
#4983 = CARTESIAN_POINT('',(15.268643482189,-0.669744220648));
#4984 = CARTESIAN_POINT('',(13.368908868006,-0.669727920553));
#4985 = CARTESIAN_POINT('',(11.448527971656,-0.669737955136));
#4986 = CARTESIAN_POINT('',(9.55147202834,-0.669737955136));
#4987 = CARTESIAN_POINT('',(7.631091132003,-0.669727920553));
#4988 = CARTESIAN_POINT('',(5.731356517809,-0.669744220648));
#4989 = CARTESIAN_POINT('',(3.815458233637,-0.669726478261));
#4990 = CARTESIAN_POINT('',(1.910073813598,-0.669741065269));
#4991 = CARTESIAN_POINT('',(0.,-0.669732030957));
#4992 = ( GEOMETRIC_REPRESENTATION_CONTEXT(2) 
PARAMETRIC_REPRESENTATION_CONTEXT() REPRESENTATION_CONTEXT('2D SPACE',''
  ) );
#4993 = ORIENTED_EDGE('',*,*,#4994,.F.);
#4994 = EDGE_CURVE('',#2411,#4954,#4995,.T.);
#4995 = SURFACE_CURVE('',#4996,(#5000,#5007),.PCURVE_S1.);
#4996 = ( BOUNDED_CURVE() B_SPLINE_CURVE(2,(#4997,#4998,#4999),
.UNSPECIFIED.,.F.,.F.) B_SPLINE_CURVE_WITH_KNOTS((3,3),(0.,
21.000000000924),.PIECEWISE_BEZIER_KNOTS.) CURVE() 
GEOMETRIC_REPRESENTATION_ITEM() RATIONAL_B_SPLINE_CURVE((1.,
0.720277042239,1.)) REPRESENTATION_ITEM('') );
#4997 = CARTESIAN_POINT('',(-5.320718104143,-1.002829678928,
    51.992722782764));
#4998 = CARTESIAN_POINT('',(-5.,-0.990759670453,52.));
#4999 = CARTESIAN_POINT('',(-5.,-0.669732030957,52.));
#5000 = PCURVE('',#2500,#5001);
#5001 = DEFINITIONAL_REPRESENTATION('',(#5002),#5006);
#5002 = LINE('',#5003,#5004);
#5003 = CARTESIAN_POINT('',(0.,63.424777961079));
#5004 = VECTOR('',#5005,1.);
#5005 = DIRECTION('',(1.,0.));
#5006 = ( GEOMETRIC_REPRESENTATION_CONTEXT(2) 
PARAMETRIC_REPRESENTATION_CONTEXT() REPRESENTATION_CONTEXT('2D SPACE',''
  ) );
#5007 = PCURVE('',#2436,#5008);
#5008 = DEFINITIONAL_REPRESENTATION('',(#5009),#5012);
#5009 = B_SPLINE_CURVE_WITH_KNOTS('',1,(#5010,#5011),.UNSPECIFIED.,.F.,
  .F.,(2,2),(0.,21.000000000924),.PIECEWISE_BEZIER_KNOTS.);
#5010 = CARTESIAN_POINT('',(0.,63.424777961079));
#5011 = CARTESIAN_POINT('',(0.752096681505,63.424777961079));
#5012 = ( GEOMETRIC_REPRESENTATION_CONTEXT(2) 
PARAMETRIC_REPRESENTATION_CONTEXT() REPRESENTATION_CONTEXT('2D SPACE',''
  ) );
#5013 = ORIENTED_EDGE('',*,*,#2468,.F.);
#5014 = ADVANCED_FACE('',(#5015),#2436,.F.);
#5015 = FACE_BOUND('',#5016,.F.);
#5016 = EDGE_LOOP('',(#5017,#5018,#5051,#5079));
#5017 = ORIENTED_EDGE('',*,*,#4994,.T.);
#5018 = ORIENTED_EDGE('',*,*,#5019,.T.);
#5019 = EDGE_CURVE('',#4954,#5020,#5022,.T.);
#5020 = VERTEX_POINT('',#5021);
#5021 = CARTESIAN_POINT('',(-4.860246264252,-0.666666666667,
    51.26550436602));
#5022 = SURFACE_CURVE('',#5023,(#5032,#5039),.PCURVE_S1.);
#5023 = ( BOUNDED_CURVE() B_SPLINE_CURVE(7,(#5024,#5025,#5026,#5027,
    #5028,#5029,#5030,#5031),.UNSPECIFIED.,.F.,.F.) 
B_SPLINE_CURVE_WITH_KNOTS((8,8),(63.424777961079,64.176874642583),
.PIECEWISE_BEZIER_KNOTS.) CURVE() GEOMETRIC_REPRESENTATION_ITEM() 
RATIONAL_B_SPLINE_CURVE((1.,1.,1.,1.,1.,1.,1.,1.)) REPRESENTATION_ITEM(
  '') );
#5024 = CARTESIAN_POINT('',(-5.,-0.669732030957,52.));
#5025 = CARTESIAN_POINT('',(-5.,-0.669731522512,51.892502299712));
#5026 = CARTESIAN_POINT('',(-4.993255630851,-0.66946367907,
    51.785023154371));
#5027 = CARTESIAN_POINT('',(-4.97979556772,-0.668840575902,
    51.678234701769));
#5028 = CARTESIAN_POINT('',(-4.959649436114,-0.668062898541,
    51.572244030745));
#5029 = CARTESIAN_POINT('',(-4.932896882932,-0.667242973404,
    51.46784641266));
#5030 = CARTESIAN_POINT('',(-4.899704244886,-0.666666666667,
    51.365439011882));
#5031 = CARTESIAN_POINT('',(-4.860246264252,-0.666666666667,
    51.26550436602));
#5032 = PCURVE('',#2436,#5033);
#5033 = DEFINITIONAL_REPRESENTATION('',(#5034),#5038);
#5034 = LINE('',#5035,#5036);
#5035 = CARTESIAN_POINT('',(0.752096681505,0.));
#5036 = VECTOR('',#5037,1.);
#5037 = DIRECTION('',(0.,1.));
#5038 = ( GEOMETRIC_REPRESENTATION_CONTEXT(2) 
PARAMETRIC_REPRESENTATION_CONTEXT() REPRESENTATION_CONTEXT('2D SPACE',''
  ) );
#5039 = PCURVE('',#3621,#5040);
#5040 = DEFINITIONAL_REPRESENTATION('',(#5041),#5050);
#5041 = B_SPLINE_CURVE_WITH_KNOTS('',7,(#5042,#5043,#5044,#5045,#5046,
    #5047,#5048,#5049),.UNSPECIFIED.,.F.,.F.,(8,8),(63.424777961079,
    64.176874642583),.PIECEWISE_BEZIER_KNOTS.);
#5042 = CARTESIAN_POINT('',(-3.14159265359,-0.669732030957));
#5043 = CARTESIAN_POINT('',(-3.195341503734,-0.669731522512));
#5044 = CARTESIAN_POINT('',(-3.249081084278,-0.669463679225));
#5045 = CARTESIAN_POINT('',(-3.302729124838,-0.66884057562));
#5046 = CARTESIAN_POINT('',(-3.356483102371,-0.668062898634));
#5047 = CARTESIAN_POINT('',(-3.410198875479,-0.667242973388));
#5048 = CARTESIAN_POINT('',(-3.463919803123,-0.666666666667));
#5049 = CARTESIAN_POINT('',(-3.517640994656,-0.666666666667));
#5050 = ( GEOMETRIC_REPRESENTATION_CONTEXT(2) 
PARAMETRIC_REPRESENTATION_CONTEXT() REPRESENTATION_CONTEXT('2D SPACE',''
  ) );
#5051 = ORIENTED_EDGE('',*,*,#5052,.F.);
#5052 = EDGE_CURVE('',#2388,#5020,#5053,.T.);
#5053 = SURFACE_CURVE('',#5054,(#5058,#5065),.PCURVE_S1.);
#5054 = ( BOUNDED_CURVE() B_SPLINE_CURVE(2,(#5055,#5056,#5057),
.UNSPECIFIED.,.F.,.F.) B_SPLINE_CURVE_WITH_KNOTS((3,3),(0.,
0.752096681505),.PIECEWISE_BEZIER_KNOTS.) CURVE() 
GEOMETRIC_REPRESENTATION_ITEM() RATIONAL_B_SPLINE_CURVE((1.,
0.707106781187,1.)) REPRESENTATION_ITEM('') );
#5055 = CARTESIAN_POINT('',(-5.170287308294,-1.,51.143088427023));
#5056 = CARTESIAN_POINT('',(-4.860246264252,-1.,51.26550436602));
#5057 = CARTESIAN_POINT('',(-4.860246264252,-0.666666666667,
    51.26550436602));
#5058 = PCURVE('',#2436,#5059);
#5059 = DEFINITIONAL_REPRESENTATION('',(#5060),#5064);
#5060 = LINE('',#5061,#5062);
#5061 = CARTESIAN_POINT('',(0.,64.176874642583));
#5062 = VECTOR('',#5063,1.);
#5063 = DIRECTION('',(1.,0.));
#5064 = ( GEOMETRIC_REPRESENTATION_CONTEXT(2) 
PARAMETRIC_REPRESENTATION_CONTEXT() REPRESENTATION_CONTEXT('2D SPACE',''
  ) );
#5065 = PCURVE('',#4268,#5066);
#5066 = DEFINITIONAL_REPRESENTATION('',(#5067),#5078);
#5067 = B_SPLINE_CURVE_WITH_KNOTS('',9,(#5068,#5069,#5070,#5071,#5072,
    #5073,#5074,#5075,#5076,#5077),.UNSPECIFIED.,.F.,.F.,(10,10),(0.,
    0.752096681505),.PIECEWISE_BEZIER_KNOTS.);
#5068 = CARTESIAN_POINT('',(0.376048341067,1.570796326795));
#5069 = CARTESIAN_POINT('',(0.376048341067,1.727931167059));
#5070 = CARTESIAN_POINT('',(0.376048341067,1.896571043842));
#5071 = CARTESIAN_POINT('',(0.376048341067,2.075362712985));
#5072 = CARTESIAN_POINT('',(0.376048341067,2.261541178926));
#5073 = CARTESIAN_POINT('',(0.376048341067,2.450847802495));
#5074 = CARTESIAN_POINT('',(0.376048341067,2.637026266041));
#5075 = CARTESIAN_POINT('',(0.376048341067,2.815817936995));
#5076 = CARTESIAN_POINT('',(0.376048341067,2.984457813326));
#5077 = CARTESIAN_POINT('',(0.376048341067,3.14159265359));
#5078 = ( GEOMETRIC_REPRESENTATION_CONTEXT(2) 
PARAMETRIC_REPRESENTATION_CONTEXT() REPRESENTATION_CONTEXT('2D SPACE',''
  ) );
#5079 = ORIENTED_EDGE('',*,*,#2410,.F.);
#5080 = ADVANCED_FACE('',(#5081),#2347,.T.);
#5081 = FACE_BOUND('',#5082,.F.);
#5082 = EDGE_LOOP('',(#5083,#5104,#5105,#5106,#5107));
#5083 = ORIENTED_EDGE('',*,*,#5084,.F.);
#5084 = EDGE_CURVE('',#2882,#3059,#5085,.T.);
#5085 = SURFACE_CURVE('',#5086,(#5090,#5097),.PCURVE_S1.);
#5086 = LINE('',#5087,#5088);
#5087 = CARTESIAN_POINT('',(-9.7,-10.88,116.7));
#5088 = VECTOR('',#5089,1.);
#5089 = DIRECTION('',(0.,0.,-1.));
#5090 = PCURVE('',#2347,#5091);
#5091 = DEFINITIONAL_REPRESENTATION('',(#5092),#5096);
#5092 = LINE('',#5093,#5094);
#5093 = CARTESIAN_POINT('',(-0.,0.));
#5094 = VECTOR('',#5095,1.);
#5095 = DIRECTION('',(-0.,1.));
#5096 = ( GEOMETRIC_REPRESENTATION_CONTEXT(2) 
PARAMETRIC_REPRESENTATION_CONTEXT() REPRESENTATION_CONTEXT('2D SPACE',''
  ) );
#5097 = PCURVE('',#2920,#5098);
#5098 = DEFINITIONAL_REPRESENTATION('',(#5099),#5103);
#5099 = LINE('',#5100,#5101);
#5100 = CARTESIAN_POINT('',(-2.,0.));
#5101 = VECTOR('',#5102,1.);
#5102 = DIRECTION('',(-0.,1.));
#5103 = ( GEOMETRIC_REPRESENTATION_CONTEXT(2) 
PARAMETRIC_REPRESENTATION_CONTEXT() REPRESENTATION_CONTEXT('2D SPACE',''
  ) );
#5104 = ORIENTED_EDGE('',*,*,#2881,.F.);
#5105 = ORIENTED_EDGE('',*,*,#2797,.T.);
#5106 = ORIENTED_EDGE('',*,*,#2331,.T.);
#5107 = ORIENTED_EDGE('',*,*,#3081,.F.);
#5108 = ADVANCED_FACE('',(#5109),#2207,.T.);
#5109 = FACE_BOUND('',#5110,.F.);
#5110 = EDGE_LOOP('',(#5111,#5132,#5133,#5134,#5135));
#5111 = ORIENTED_EDGE('',*,*,#5112,.F.);
#5112 = EDGE_CURVE('',#2600,#2703,#5113,.T.);
#5113 = SURFACE_CURVE('',#5114,(#5118,#5125),.PCURVE_S1.);
#5114 = LINE('',#5115,#5116);
#5115 = CARTESIAN_POINT('',(-9.7,-10.88,116.7));
#5116 = VECTOR('',#5117,1.);
#5117 = DIRECTION('',(0.,0.,-1.));
#5118 = PCURVE('',#2207,#5119);
#5119 = DEFINITIONAL_REPRESENTATION('',(#5120),#5124);
#5120 = LINE('',#5121,#5122);
#5121 = CARTESIAN_POINT('',(-0.,0.));
#5122 = VECTOR('',#5123,1.);
#5123 = DIRECTION('',(-0.,1.));
#5124 = ( GEOMETRIC_REPRESENTATION_CONTEXT(2) 
PARAMETRIC_REPRESENTATION_CONTEXT() REPRESENTATION_CONTEXT('2D SPACE',''
  ) );
#5125 = PCURVE('',#2615,#5126);
#5126 = DEFINITIONAL_REPRESENTATION('',(#5127),#5131);
#5127 = LINE('',#5128,#5129);
#5128 = CARTESIAN_POINT('',(-2.,0.));
#5129 = VECTOR('',#5130,1.);
#5130 = DIRECTION('',(-0.,1.));
#5131 = ( GEOMETRIC_REPRESENTATION_CONTEXT(2) 
PARAMETRIC_REPRESENTATION_CONTEXT() REPRESENTATION_CONTEXT('2D SPACE',''
  ) );
#5132 = ORIENTED_EDGE('',*,*,#2627,.T.);
#5133 = ORIENTED_EDGE('',*,*,#2191,.T.);
#5134 = ORIENTED_EDGE('',*,*,#2848,.T.);
#5135 = ORIENTED_EDGE('',*,*,#2702,.F.);
#5136 = ADVANCED_FACE('',(#5137),#2615,.T.);
#5137 = FACE_BOUND('',#5138,.F.);
#5138 = EDGE_LOOP('',(#5139,#5160,#5161,#5162));
#5139 = ORIENTED_EDGE('',*,*,#5140,.F.);
#5140 = EDGE_CURVE('',#2572,#2751,#5141,.T.);
#5141 = SURFACE_CURVE('',#5142,(#5146,#5153),.PCURVE_S1.);
#5142 = LINE('',#5143,#5144);
#5143 = CARTESIAN_POINT('',(-11.7,-10.88,116.7));
#5144 = VECTOR('',#5145,1.);
#5145 = DIRECTION('',(0.,0.,-1.));
#5146 = PCURVE('',#2615,#5147);
#5147 = DEFINITIONAL_REPRESENTATION('',(#5148),#5152);
#5148 = LINE('',#5149,#5150);
#5149 = CARTESIAN_POINT('',(-0.,0.));
#5150 = VECTOR('',#5151,1.);
#5151 = DIRECTION('',(-0.,1.));
#5152 = ( GEOMETRIC_REPRESENTATION_CONTEXT(2) 
PARAMETRIC_REPRESENTATION_CONTEXT() REPRESENTATION_CONTEXT('2D SPACE',''
  ) );
#5153 = PCURVE('',#2587,#5154);
#5154 = DEFINITIONAL_REPRESENTATION('',(#5155),#5159);
#5155 = LINE('',#5156,#5157);
#5156 = CARTESIAN_POINT('',(-1.802775637732,0.));
#5157 = VECTOR('',#5158,1.);
#5158 = DIRECTION('',(-0.,1.));
#5159 = ( GEOMETRIC_REPRESENTATION_CONTEXT(2) 
PARAMETRIC_REPRESENTATION_CONTEXT() REPRESENTATION_CONTEXT('2D SPACE',''
  ) );
#5160 = ORIENTED_EDGE('',*,*,#2599,.T.);
#5161 = ORIENTED_EDGE('',*,*,#5112,.T.);
#5162 = ORIENTED_EDGE('',*,*,#2773,.F.);
#5163 = ADVANCED_FACE('',(#5164),#2587,.T.);
#5164 = FACE_BOUND('',#5165,.F.);
#5165 = EDGE_LOOP('',(#5166,#5167,#5168,#5169));
#5166 = ORIENTED_EDGE('',*,*,#2655,.F.);
#5167 = ORIENTED_EDGE('',*,*,#2571,.T.);
#5168 = ORIENTED_EDGE('',*,*,#5140,.T.);
#5169 = ORIENTED_EDGE('',*,*,#2750,.F.);
#5170 = ADVANCED_FACE('',(#5171),#2948,.T.);
#5171 = FACE_BOUND('',#5172,.F.);
#5172 = EDGE_LOOP('',(#5173,#5174,#5175,#5196));
#5173 = ORIENTED_EDGE('',*,*,#2986,.F.);
#5174 = ORIENTED_EDGE('',*,*,#2932,.F.);
#5175 = ORIENTED_EDGE('',*,*,#5176,.T.);
#5176 = EDGE_CURVE('',#2905,#3036,#5177,.T.);
#5177 = SURFACE_CURVE('',#5178,(#5182,#5189),.PCURVE_S1.);
#5178 = LINE('',#5179,#5180);
#5179 = CARTESIAN_POINT('',(-11.7,-10.88,116.7));
#5180 = VECTOR('',#5181,1.);
#5181 = DIRECTION('',(0.,0.,-1.));
#5182 = PCURVE('',#2948,#5183);
#5183 = DEFINITIONAL_REPRESENTATION('',(#5184),#5188);
#5184 = LINE('',#5185,#5186);
#5185 = CARTESIAN_POINT('',(-1.802775637732,0.));
#5186 = VECTOR('',#5187,1.);
#5187 = DIRECTION('',(-0.,1.));
#5188 = ( GEOMETRIC_REPRESENTATION_CONTEXT(2) 
PARAMETRIC_REPRESENTATION_CONTEXT() REPRESENTATION_CONTEXT('2D SPACE',''
  ) );
#5189 = PCURVE('',#2920,#5190);
#5190 = DEFINITIONAL_REPRESENTATION('',(#5191),#5195);
#5191 = LINE('',#5192,#5193);
#5192 = CARTESIAN_POINT('',(-0.,0.));
#5193 = VECTOR('',#5194,1.);
#5194 = DIRECTION('',(-0.,1.));
#5195 = ( GEOMETRIC_REPRESENTATION_CONTEXT(2) 
PARAMETRIC_REPRESENTATION_CONTEXT() REPRESENTATION_CONTEXT('2D SPACE',''
  ) );
#5196 = ORIENTED_EDGE('',*,*,#3035,.F.);
#5197 = ADVANCED_FACE('',(#5198),#2920,.T.);
#5198 = FACE_BOUND('',#5199,.F.);
#5199 = EDGE_LOOP('',(#5200,#5201,#5202,#5203));
#5200 = ORIENTED_EDGE('',*,*,#5176,.F.);
#5201 = ORIENTED_EDGE('',*,*,#2904,.F.);
#5202 = ORIENTED_EDGE('',*,*,#5084,.T.);
#5203 = ORIENTED_EDGE('',*,*,#3058,.F.);
#5204 = ADVANCED_FACE('',(#5205),#3168,.T.);
#5205 = FACE_BOUND('',#5206,.T.);
#5206 = EDGE_LOOP('',(#5207,#5208,#5209,#5230));
#5207 = ORIENTED_EDGE('',*,*,#3152,.F.);
#5208 = ORIENTED_EDGE('',*,*,#3980,.F.);
#5209 = ORIENTED_EDGE('',*,*,#5210,.T.);
#5210 = EDGE_CURVE('',#3928,#4284,#5211,.T.);
#5211 = SURFACE_CURVE('',#5212,(#5216,#5223),.PCURVE_S1.);
#5212 = LINE('',#5213,#5214);
#5213 = CARTESIAN_POINT('',(9.7,9.6E-16,4.3));
#5214 = VECTOR('',#5215,1.);
#5215 = DIRECTION('',(0.,-1.,2.2E-16));
#5216 = PCURVE('',#3168,#5217);
#5217 = DEFINITIONAL_REPRESENTATION('',(#5218),#5222);
#5218 = LINE('',#5219,#5220);
#5219 = CARTESIAN_POINT('',(0.5,9.7));
#5220 = VECTOR('',#5221,1.);
#5221 = DIRECTION('',(-1.,0.));
#5222 = ( GEOMETRIC_REPRESENTATION_CONTEXT(2) 
PARAMETRIC_REPRESENTATION_CONTEXT() REPRESENTATION_CONTEXT('2D SPACE',''
  ) );
#5223 = PCURVE('',#3426,#5224);
#5224 = DEFINITIONAL_REPRESENTATION('',(#5225),#5229);
#5225 = LINE('',#5226,#5227);
#5226 = CARTESIAN_POINT('',(4.712388980385,0.));
#5227 = VECTOR('',#5228,1.);
#5228 = DIRECTION('',(0.,-1.));
#5229 = ( GEOMETRIC_REPRESENTATION_CONTEXT(2) 
PARAMETRIC_REPRESENTATION_CONTEXT() REPRESENTATION_CONTEXT('2D SPACE',''
  ) );
#5230 = ORIENTED_EDGE('',*,*,#4283,.T.);
#5231 = ADVANCED_FACE('',(#5232),#3426,.T.);
#5232 = FACE_BOUND('',#5233,.T.);
#5233 = EDGE_LOOP('',(#5234,#5235,#5236,#5237));
#5234 = ORIENTED_EDGE('',*,*,#3412,.T.);
#5235 = ORIENTED_EDGE('',*,*,#4306,.T.);
#5236 = ORIENTED_EDGE('',*,*,#5210,.F.);
#5237 = ORIENTED_EDGE('',*,*,#3927,.F.);
#5238 = ADVANCED_FACE('',(#5239),#3377,.T.);
#5239 = FACE_BOUND('',#5240,.T.);
#5240 = EDGE_LOOP('',(#5241,#5242,#5265,#5286));
#5241 = ORIENTED_EDGE('',*,*,#3361,.F.);
#5242 = ORIENTED_EDGE('',*,*,#5243,.F.);
#5243 = EDGE_CURVE('',#5244,#3334,#5246,.T.);
#5244 = VERTEX_POINT('',#5245);
#5245 = CARTESIAN_POINT('',(13.2,-9.88,57.7776));
#5246 = SURFACE_CURVE('',#5247,(#5251,#5258),.PCURVE_S1.);
#5247 = LINE('',#5248,#5249);
#5248 = CARTESIAN_POINT('',(50.258531156893,-34.58568743792,57.7776));
#5249 = VECTOR('',#5250,1.);
#5250 = DIRECTION('',(-0.832050294338,0.554700196225,0.));
#5251 = PCURVE('',#3377,#5252);
#5252 = DEFINITIONAL_REPRESENTATION('',(#5253),#5257);
#5253 = LINE('',#5254,#5255);
#5254 = CARTESIAN_POINT('',(46.341587064251,58.9224));
#5255 = VECTOR('',#5256,1.);
#5256 = DIRECTION('',(-1.,0.));
#5257 = ( GEOMETRIC_REPRESENTATION_CONTEXT(2) 
PARAMETRIC_REPRESENTATION_CONTEXT() REPRESENTATION_CONTEXT('2D SPACE',''
  ) );
#5258 = PCURVE('',#3349,#5259);
#5259 = DEFINITIONAL_REPRESENTATION('',(#5260),#5264);
#5260 = LINE('',#5261,#5262);
#5261 = CARTESIAN_POINT('',(-20.66829643792,-69.47452040746));
#5262 = VECTOR('',#5263,1.);
#5263 = DIRECTION('',(0.554700196225,-0.832050294338));
#5264 = ( GEOMETRIC_REPRESENTATION_CONTEXT(2) 
PARAMETRIC_REPRESENTATION_CONTEXT() REPRESENTATION_CONTEXT('2D SPACE',''
  ) );
#5265 = ORIENTED_EDGE('',*,*,#5266,.T.);
#5266 = EDGE_CURVE('',#5244,#4358,#5267,.T.);
#5267 = SURFACE_CURVE('',#5268,(#5272,#5279),.PCURVE_S1.);
#5268 = LINE('',#5269,#5270);
#5269 = CARTESIAN_POINT('',(13.2,-9.88,116.7));
#5270 = VECTOR('',#5271,1.);
#5271 = DIRECTION('',(0.,0.,-1.));
#5272 = PCURVE('',#3377,#5273);
#5273 = DEFINITIONAL_REPRESENTATION('',(#5274),#5278);
#5274 = LINE('',#5275,#5276);
#5275 = CARTESIAN_POINT('',(1.802775637732,0.));
#5276 = VECTOR('',#5277,1.);
#5277 = DIRECTION('',(0.,1.));
#5278 = ( GEOMETRIC_REPRESENTATION_CONTEXT(2) 
PARAMETRIC_REPRESENTATION_CONTEXT() REPRESENTATION_CONTEXT('2D SPACE',''
  ) );
#5279 = PCURVE('',#4396,#5280);
#5280 = DEFINITIONAL_REPRESENTATION('',(#5281),#5285);
#5281 = LINE('',#5282,#5283);
#5282 = CARTESIAN_POINT('',(0.,0.));
#5283 = VECTOR('',#5284,1.);
#5284 = DIRECTION('',(-0.,1.));
#5285 = ( GEOMETRIC_REPRESENTATION_CONTEXT(2) 
PARAMETRIC_REPRESENTATION_CONTEXT() REPRESENTATION_CONTEXT('2D SPACE',''
  ) );
#5286 = ORIENTED_EDGE('',*,*,#4357,.F.);
#5287 = ADVANCED_FACE('',(#5288),#3349,.F.);
#5288 = FACE_BOUND('',#5289,.F.);
#5289 = EDGE_LOOP('',(#5290,#5291,#5292,#5293,#5316,#5337));
#5290 = ORIENTED_EDGE('',*,*,#4540,.F.);
#5291 = ORIENTED_EDGE('',*,*,#3333,.F.);
#5292 = ORIENTED_EDGE('',*,*,#5243,.F.);
#5293 = ORIENTED_EDGE('',*,*,#5294,.F.);
#5294 = EDGE_CURVE('',#5295,#5244,#5297,.T.);
#5295 = VERTEX_POINT('',#5296);
#5296 = CARTESIAN_POINT('',(11.7,-10.88,57.7776));
#5297 = SURFACE_CURVE('',#5298,(#5302,#5309),.PCURVE_S1.);
#5298 = LINE('',#5299,#5300);
#5299 = CARTESIAN_POINT('',(49.145119926124,14.083413284083,57.7776));
#5300 = VECTOR('',#5301,1.);
#5301 = DIRECTION('',(0.832050294338,0.554700196225,0.));
#5302 = PCURVE('',#3349,#5303);
#5303 = DEFINITIONAL_REPRESENTATION('',(#5304),#5308);
#5304 = LINE('',#5305,#5306);
#5305 = CARTESIAN_POINT('',(28.000804284083,-70.58793163823));
#5306 = VECTOR('',#5307,1.);
#5307 = DIRECTION('',(0.554700196225,0.832050294338));
#5308 = ( GEOMETRIC_REPRESENTATION_CONTEXT(2) 
PARAMETRIC_REPRESENTATION_CONTEXT() REPRESENTATION_CONTEXT('2D SPACE',''
  ) );
#5309 = PCURVE('',#4396,#5310);
#5310 = DEFINITIONAL_REPRESENTATION('',(#5311),#5315);
#5311 = LINE('',#5312,#5313);
#5312 = CARTESIAN_POINT('',(-43.20065766544,58.9224));
#5313 = VECTOR('',#5314,1.);
#5314 = DIRECTION('',(-1.,0.));
#5315 = ( GEOMETRIC_REPRESENTATION_CONTEXT(2) 
PARAMETRIC_REPRESENTATION_CONTEXT() REPRESENTATION_CONTEXT('2D SPACE',''
  ) );
#5316 = ORIENTED_EDGE('',*,*,#5317,.F.);
#5317 = EDGE_CURVE('',#4463,#5295,#5318,.T.);
#5318 = SURFACE_CURVE('',#5319,(#5323,#5330),.PCURVE_S1.);
#5319 = LINE('',#5320,#5321);
#5320 = CARTESIAN_POINT('',(65.716525782179,-10.88,57.7776));
#5321 = VECTOR('',#5322,1.);
#5322 = DIRECTION('',(1.,0.,0.));
#5323 = PCURVE('',#3349,#5324);
#5324 = DEFINITIONAL_REPRESENTATION('',(#5325),#5329);
#5325 = LINE('',#5326,#5327);
#5326 = CARTESIAN_POINT('',(3.037391,-54.01652578217));
#5327 = VECTOR('',#5328,1.);
#5328 = DIRECTION('',(0.,1.));
#5329 = ( GEOMETRIC_REPRESENTATION_CONTEXT(2) 
PARAMETRIC_REPRESENTATION_CONTEXT() REPRESENTATION_CONTEXT('2D SPACE',''
  ) );
#5330 = PCURVE('',#4424,#5331);
#5331 = DEFINITIONAL_REPRESENTATION('',(#5332),#5336);
#5332 = LINE('',#5333,#5334);
#5333 = CARTESIAN_POINT('',(-54.01652578217,58.9224));
#5334 = VECTOR('',#5335,1.);
#5335 = DIRECTION('',(-1.,-0.));
#5336 = ( GEOMETRIC_REPRESENTATION_CONTEXT(2) 
PARAMETRIC_REPRESENTATION_CONTEXT() REPRESENTATION_CONTEXT('2D SPACE',''
  ) );
#5337 = ORIENTED_EDGE('',*,*,#4485,.F.);
#5338 = ADVANCED_FACE('',(#5339),#3297,.F.);
#5339 = FACE_BOUND('',#5340,.F.);
#5340 = EDGE_LOOP('',(#5341,#5342,#5343,#5344,#5345,#5346));
#5341 = ORIENTED_EDGE('',*,*,#3281,.F.);
#5342 = ORIENTED_EDGE('',*,*,#4592,.T.);
#5343 = ORIENTED_EDGE('',*,*,#4642,.F.);
#5344 = ORIENTED_EDGE('',*,*,#4739,.F.);
#5345 = ORIENTED_EDGE('',*,*,#4788,.F.);
#5346 = ORIENTED_EDGE('',*,*,#4815,.F.);
#5347 = ADVANCED_FACE('',(#5348),#3532,.F.);
#5348 = FACE_BOUND('',#5349,.F.);
#5349 = EDGE_LOOP('',(#5350,#5373,#5374,#5397));
#5350 = ORIENTED_EDGE('',*,*,#5351,.F.);
#5351 = EDGE_CURVE('',#3495,#5352,#5354,.T.);
#5352 = VERTEX_POINT('',#5353);
#5353 = CARTESIAN_POINT('',(-3.,-0.666666666667,50.));
#5354 = SURFACE_CURVE('',#5355,(#5359,#5366),.PCURVE_S1.);
#5355 = LINE('',#5356,#5357);
#5356 = CARTESIAN_POINT('',(-3.,1.11E-14,50.));
#5357 = VECTOR('',#5358,1.);
#5358 = DIRECTION('',(0.,-1.,2.2E-16));
#5359 = PCURVE('',#3532,#5360);
#5360 = DEFINITIONAL_REPRESENTATION('',(#5361),#5365);
#5361 = LINE('',#5362,#5363);
#5362 = CARTESIAN_POINT('',(6.,0.));
#5363 = VECTOR('',#5364,1.);
#5364 = DIRECTION('',(0.,-1.));
#5365 = ( GEOMETRIC_REPRESENTATION_CONTEXT(2) 
PARAMETRIC_REPRESENTATION_CONTEXT() REPRESENTATION_CONTEXT('2D SPACE',''
  ) );
#5366 = PCURVE('',#3621,#5367);
#5367 = DEFINITIONAL_REPRESENTATION('',(#5368),#5372);
#5368 = LINE('',#5369,#5370);
#5369 = CARTESIAN_POINT('',(-4.712388980385,0.));
#5370 = VECTOR('',#5371,1.);
#5371 = DIRECTION('',(-0.,-1.));
#5372 = ( GEOMETRIC_REPRESENTATION_CONTEXT(2) 
PARAMETRIC_REPRESENTATION_CONTEXT() REPRESENTATION_CONTEXT('2D SPACE',''
  ) );
#5373 = ORIENTED_EDGE('',*,*,#3518,.F.);
#5374 = ORIENTED_EDGE('',*,*,#5375,.T.);
#5375 = EDGE_CURVE('',#3470,#5376,#5378,.T.);
#5376 = VERTEX_POINT('',#5377);
#5377 = CARTESIAN_POINT('',(3.,-0.666666666667,50.));
#5378 = SURFACE_CURVE('',#5379,(#5383,#5390),.PCURVE_S1.);
#5379 = LINE('',#5380,#5381);
#5380 = CARTESIAN_POINT('',(3.,1.11E-14,50.));
#5381 = VECTOR('',#5382,1.);
#5382 = DIRECTION('',(0.,-1.,2.2E-16));
#5383 = PCURVE('',#3532,#5384);
#5384 = DEFINITIONAL_REPRESENTATION('',(#5385),#5389);
#5385 = LINE('',#5386,#5387);
#5386 = CARTESIAN_POINT('',(4.440892098501E-16,0.));
#5387 = VECTOR('',#5388,1.);
#5388 = DIRECTION('',(0.,-1.));
#5389 = ( GEOMETRIC_REPRESENTATION_CONTEXT(2) 
PARAMETRIC_REPRESENTATION_CONTEXT() REPRESENTATION_CONTEXT('2D SPACE',''
  ) );
#5390 = PCURVE('',#3586,#5391);
#5391 = DEFINITIONAL_REPRESENTATION('',(#5392),#5396);
#5392 = LINE('',#5393,#5394);
#5393 = CARTESIAN_POINT('',(-4.712388980385,0.));
#5394 = VECTOR('',#5395,1.);
#5395 = DIRECTION('',(-0.,-1.));
#5396 = ( GEOMETRIC_REPRESENTATION_CONTEXT(2) 
PARAMETRIC_REPRESENTATION_CONTEXT() REPRESENTATION_CONTEXT('2D SPACE',''
  ) );
#5397 = ORIENTED_EDGE('',*,*,#5398,.F.);
#5398 = EDGE_CURVE('',#5352,#5376,#5399,.T.);
#5399 = SURFACE_CURVE('',#5400,(#5404,#5411),.PCURVE_S1.);
#5400 = LINE('',#5401,#5402);
#5401 = CARTESIAN_POINT('',(-3.,-0.666666666667,50.));
#5402 = VECTOR('',#5403,1.);
#5403 = DIRECTION('',(1.,0.,0.));
#5404 = PCURVE('',#3532,#5405);
#5405 = DEFINITIONAL_REPRESENTATION('',(#5406),#5410);
#5406 = LINE('',#5407,#5408);
#5407 = CARTESIAN_POINT('',(6.,-0.666666666667));
#5408 = VECTOR('',#5409,1.);
#5409 = DIRECTION('',(-1.,0.));
#5410 = ( GEOMETRIC_REPRESENTATION_CONTEXT(2) 
PARAMETRIC_REPRESENTATION_CONTEXT() REPRESENTATION_CONTEXT('2D SPACE',''
  ) );
#5411 = PCURVE('',#4241,#5412);
#5412 = DEFINITIONAL_REPRESENTATION('',(#5413),#5417);
#5413 = LINE('',#5414,#5415);
#5414 = CARTESIAN_POINT('',(-1.570796326795,0.));
#5415 = VECTOR('',#5416,1.);
#5416 = DIRECTION('',(-0.,1.));
#5417 = ( GEOMETRIC_REPRESENTATION_CONTEXT(2) 
PARAMETRIC_REPRESENTATION_CONTEXT() REPRESENTATION_CONTEXT('2D SPACE',''
  ) );
#5418 = ADVANCED_FACE('',(#5419),#3586,.F.);
#5419 = FACE_BOUND('',#5420,.T.);
#5420 = EDGE_LOOP('',(#5421,#5442,#5443,#5444,#5466));
#5421 = ORIENTED_EDGE('',*,*,#5422,.F.);
#5422 = EDGE_CURVE('',#3548,#4063,#5423,.T.);
#5423 = SURFACE_CURVE('',#5424,(#5428,#5435),.PCURVE_S1.);
#5424 = LINE('',#5425,#5426);
#5425 = CARTESIAN_POINT('',(5.,1.155E-14,52.));
#5426 = VECTOR('',#5427,1.);
#5427 = DIRECTION('',(0.,-1.,2.2E-16));
#5428 = PCURVE('',#3586,#5429);
#5429 = DEFINITIONAL_REPRESENTATION('',(#5430),#5434);
#5430 = LINE('',#5431,#5432);
#5431 = CARTESIAN_POINT('',(-6.28318530718,0.));
#5432 = VECTOR('',#5433,1.);
#5433 = DIRECTION('',(-0.,-1.));
#5434 = ( GEOMETRIC_REPRESENTATION_CONTEXT(2) 
PARAMETRIC_REPRESENTATION_CONTEXT() REPRESENTATION_CONTEXT('2D SPACE',''
  ) );
#5435 = PCURVE('',#3699,#5436);
#5436 = DEFINITIONAL_REPRESENTATION('',(#5437),#5441);
#5437 = LINE('',#5438,#5439);
#5438 = CARTESIAN_POINT('',(21.,-4.E-17));
#5439 = VECTOR('',#5440,1.);
#5440 = DIRECTION('',(0.,-1.));
#5441 = ( GEOMETRIC_REPRESENTATION_CONTEXT(2) 
PARAMETRIC_REPRESENTATION_CONTEXT() REPRESENTATION_CONTEXT('2D SPACE',''
  ) );
#5442 = ORIENTED_EDGE('',*,*,#3571,.T.);
#5443 = ORIENTED_EDGE('',*,*,#5375,.T.);
#5444 = ORIENTED_EDGE('',*,*,#5445,.T.);
#5445 = EDGE_CURVE('',#5376,#4129,#5446,.T.);
#5446 = SURFACE_CURVE('',#5447,(#5452,#5459),.PCURVE_S1.);
#5447 = CIRCLE('',#5448,2.);
#5448 = AXIS2_PLACEMENT_3D('',#5449,#5450,#5451);
#5449 = CARTESIAN_POINT('',(3.,-0.666666666667,52.));
#5450 = DIRECTION('',(0.,-1.,4.4E-16));
#5451 = DIRECTION('',(-2.2E-16,-4.4E-16,-1.));
#5452 = PCURVE('',#3586,#5453);
#5453 = DEFINITIONAL_REPRESENTATION('',(#5454),#5458);
#5454 = LINE('',#5455,#5456);
#5455 = CARTESIAN_POINT('',(-4.712388980385,-0.666666666667));
#5456 = VECTOR('',#5457,1.);
#5457 = DIRECTION('',(-1.,0.));
#5458 = ( GEOMETRIC_REPRESENTATION_CONTEXT(2) 
PARAMETRIC_REPRESENTATION_CONTEXT() REPRESENTATION_CONTEXT('2D SPACE',''
  ) );
#5459 = PCURVE('',#4152,#5460);
#5460 = DEFINITIONAL_REPRESENTATION('',(#5461),#5465);
#5461 = LINE('',#5462,#5463);
#5462 = CARTESIAN_POINT('',(0.,3.14159265359));
#5463 = VECTOR('',#5464,1.);
#5464 = DIRECTION('',(1.,0.));
#5465 = ( GEOMETRIC_REPRESENTATION_CONTEXT(2) 
PARAMETRIC_REPRESENTATION_CONTEXT() REPRESENTATION_CONTEXT('2D SPACE',''
  ) );
#5466 = ORIENTED_EDGE('',*,*,#4164,.T.);
#5467 = ADVANCED_FACE('',(#5468),#3621,.F.);
#5468 = FACE_BOUND('',#5469,.T.);
#5469 = EDGE_LOOP('',(#5470,#5471,#5472,#5493,#5494));
#5470 = ORIENTED_EDGE('',*,*,#5351,.F.);
#5471 = ORIENTED_EDGE('',*,*,#3604,.T.);
#5472 = ORIENTED_EDGE('',*,*,#5473,.T.);
#5473 = EDGE_CURVE('',#3605,#4954,#5474,.T.);
#5474 = SURFACE_CURVE('',#5475,(#5479,#5486),.PCURVE_S1.);
#5475 = LINE('',#5476,#5477);
#5476 = CARTESIAN_POINT('',(-5.,1.155E-14,52.));
#5477 = VECTOR('',#5478,1.);
#5478 = DIRECTION('',(0.,-1.,2.2E-16));
#5479 = PCURVE('',#3621,#5480);
#5480 = DEFINITIONAL_REPRESENTATION('',(#5481),#5485);
#5481 = LINE('',#5482,#5483);
#5482 = CARTESIAN_POINT('',(-3.14159265359,0.));
#5483 = VECTOR('',#5484,1.);
#5484 = DIRECTION('',(-0.,-1.));
#5485 = ( GEOMETRIC_REPRESENTATION_CONTEXT(2) 
PARAMETRIC_REPRESENTATION_CONTEXT() REPRESENTATION_CONTEXT('2D SPACE',''
  ) );
#5486 = PCURVE('',#3754,#5487);
#5487 = DEFINITIONAL_REPRESENTATION('',(#5488),#5492);
#5488 = LINE('',#5489,#5490);
#5489 = CARTESIAN_POINT('',(0.,0.));
#5490 = VECTOR('',#5491,1.);
#5491 = DIRECTION('',(0.,-1.));
#5492 = ( GEOMETRIC_REPRESENTATION_CONTEXT(2) 
PARAMETRIC_REPRESENTATION_CONTEXT() REPRESENTATION_CONTEXT('2D SPACE',''
  ) );
#5493 = ORIENTED_EDGE('',*,*,#5019,.T.);
#5494 = ORIENTED_EDGE('',*,*,#5495,.T.);
#5495 = EDGE_CURVE('',#5020,#5352,#5496,.T.);
#5496 = SURFACE_CURVE('',#5497,(#5502,#5509),.PCURVE_S1.);
#5497 = CIRCLE('',#5498,2.);
#5498 = AXIS2_PLACEMENT_3D('',#5499,#5500,#5501);
#5499 = CARTESIAN_POINT('',(-3.,-0.666666666667,52.));
#5500 = DIRECTION('',(0.,-1.,4.4E-16));
#5501 = DIRECTION('',(-1.,-4.84E-32,-1.1E-16));
#5502 = PCURVE('',#3621,#5503);
#5503 = DEFINITIONAL_REPRESENTATION('',(#5504),#5508);
#5504 = LINE('',#5505,#5506);
#5505 = CARTESIAN_POINT('',(-3.14159265359,-0.666666666667));
#5506 = VECTOR('',#5507,1.);
#5507 = DIRECTION('',(-1.,0.));
#5508 = ( GEOMETRIC_REPRESENTATION_CONTEXT(2) 
PARAMETRIC_REPRESENTATION_CONTEXT() REPRESENTATION_CONTEXT('2D SPACE',''
  ) );
#5509 = PCURVE('',#4268,#5510);
#5510 = DEFINITIONAL_REPRESENTATION('',(#5511),#5515);
#5511 = LINE('',#5512,#5513);
#5512 = CARTESIAN_POINT('',(0.,3.14159265359));
#5513 = VECTOR('',#5514,1.);
#5514 = DIRECTION('',(1.,0.));
#5515 = ( GEOMETRIC_REPRESENTATION_CONTEXT(2) 
PARAMETRIC_REPRESENTATION_CONTEXT() REPRESENTATION_CONTEXT('2D SPACE',''
  ) );
#5516 = ADVANCED_FACE('',(#5517),#3699,.F.);
#5517 = FACE_BOUND('',#5518,.F.);
#5518 = EDGE_LOOP('',(#5519,#5520,#5521,#5522));
#5519 = ORIENTED_EDGE('',*,*,#5422,.F.);
#5520 = ORIENTED_EDGE('',*,*,#3685,.F.);
#5521 = ORIENTED_EDGE('',*,*,#4688,.T.);
#5522 = ORIENTED_EDGE('',*,*,#4084,.F.);
#5523 = ADVANCED_FACE('',(#5524),#3754,.F.);
#5524 = FACE_BOUND('',#5525,.F.);
#5525 = EDGE_LOOP('',(#5526,#5527,#5528,#5529));
#5526 = ORIENTED_EDGE('',*,*,#4866,.F.);
#5527 = ORIENTED_EDGE('',*,*,#3740,.F.);
#5528 = ORIENTED_EDGE('',*,*,#5473,.T.);
#5529 = ORIENTED_EDGE('',*,*,#4953,.F.);
#5530 = ADVANCED_FACE('',(#5531),#4152,.T.);
#5531 = FACE_BOUND('',#5532,.T.);
#5532 = EDGE_LOOP('',(#5533,#5555,#5556,#5557));
#5533 = ORIENTED_EDGE('',*,*,#5534,.F.);
#5534 = EDGE_CURVE('',#4202,#5376,#5535,.T.);
#5535 = SURFACE_CURVE('',#5536,(#5541,#5548),.PCURVE_S1.);
#5536 = CIRCLE('',#5537,0.333333333333);
#5537 = AXIS2_PLACEMENT_3D('',#5538,#5539,#5540);
#5538 = CARTESIAN_POINT('',(3.,-0.666666666667,49.666666666667));
#5539 = DIRECTION('',(-1.,0.,0.));
#5540 = DIRECTION('',(0.,-1.,4.4E-16));
#5541 = PCURVE('',#4152,#5542);
#5542 = DEFINITIONAL_REPRESENTATION('',(#5543),#5547);
#5543 = LINE('',#5544,#5545);
#5544 = CARTESIAN_POINT('',(0.,1.570796326795));
#5545 = VECTOR('',#5546,1.);
#5546 = DIRECTION('',(0.,1.));
#5547 = ( GEOMETRIC_REPRESENTATION_CONTEXT(2) 
PARAMETRIC_REPRESENTATION_CONTEXT() REPRESENTATION_CONTEXT('2D SPACE',''
  ) );
#5548 = PCURVE('',#4241,#5549);
#5549 = DEFINITIONAL_REPRESENTATION('',(#5550),#5554);
#5550 = LINE('',#5551,#5552);
#5551 = CARTESIAN_POINT('',(-0.,6.));
#5552 = VECTOR('',#5553,1.);
#5553 = DIRECTION('',(-1.,0.));
#5554 = ( GEOMETRIC_REPRESENTATION_CONTEXT(2) 
PARAMETRIC_REPRESENTATION_CONTEXT() REPRESENTATION_CONTEXT('2D SPACE',''
  ) );
#5555 = ORIENTED_EDGE('',*,*,#4201,.T.);
#5556 = ORIENTED_EDGE('',*,*,#4128,.T.);
#5557 = ORIENTED_EDGE('',*,*,#5445,.F.);
#5558 = ADVANCED_FACE('',(#5559),#4241,.T.);
#5559 = FACE_BOUND('',#5560,.F.);
#5560 = EDGE_LOOP('',(#5561,#5583,#5584,#5585));
#5561 = ORIENTED_EDGE('',*,*,#5562,.T.);
#5562 = EDGE_CURVE('',#4226,#5352,#5563,.T.);
#5563 = SURFACE_CURVE('',#5564,(#5569,#5576),.PCURVE_S1.);
#5564 = CIRCLE('',#5565,0.333333333333);
#5565 = AXIS2_PLACEMENT_3D('',#5566,#5567,#5568);
#5566 = CARTESIAN_POINT('',(-3.,-0.666666666667,49.666666666667));
#5567 = DIRECTION('',(-1.,0.,0.));
#5568 = DIRECTION('',(0.,-1.,4.4E-16));
#5569 = PCURVE('',#4241,#5570);
#5570 = DEFINITIONAL_REPRESENTATION('',(#5571),#5575);
#5571 = LINE('',#5572,#5573);
#5572 = CARTESIAN_POINT('',(-0.,0.));
#5573 = VECTOR('',#5574,1.);
#5574 = DIRECTION('',(-1.,0.));
#5575 = ( GEOMETRIC_REPRESENTATION_CONTEXT(2) 
PARAMETRIC_REPRESENTATION_CONTEXT() REPRESENTATION_CONTEXT('2D SPACE',''
  ) );
#5576 = PCURVE('',#4268,#5577);
#5577 = DEFINITIONAL_REPRESENTATION('',(#5578),#5582);
#5578 = LINE('',#5579,#5580);
#5579 = CARTESIAN_POINT('',(1.570796326795,1.570796326795));
#5580 = VECTOR('',#5581,1.);
#5581 = DIRECTION('',(0.,1.));
#5582 = ( GEOMETRIC_REPRESENTATION_CONTEXT(2) 
PARAMETRIC_REPRESENTATION_CONTEXT() REPRESENTATION_CONTEXT('2D SPACE',''
  ) );
#5583 = ORIENTED_EDGE('',*,*,#5398,.T.);
#5584 = ORIENTED_EDGE('',*,*,#5534,.F.);
#5585 = ORIENTED_EDGE('',*,*,#4225,.F.);
#5586 = ADVANCED_FACE('',(#5587),#4268,.T.);
#5587 = FACE_BOUND('',#5588,.T.);
#5588 = EDGE_LOOP('',(#5589,#5590,#5591,#5592));
#5589 = ORIENTED_EDGE('',*,*,#5052,.F.);
#5590 = ORIENTED_EDGE('',*,*,#4253,.T.);
#5591 = ORIENTED_EDGE('',*,*,#5562,.T.);
#5592 = ORIENTED_EDGE('',*,*,#5495,.F.);
#5593 = ADVANCED_FACE('',(#5594),#4424,.T.);
#5594 = FACE_BOUND('',#5595,.T.);
#5595 = EDGE_LOOP('',(#5596,#5617,#5618,#5619));
#5596 = ORIENTED_EDGE('',*,*,#5597,.F.);
#5597 = EDGE_CURVE('',#5295,#4381,#5598,.T.);
#5598 = SURFACE_CURVE('',#5599,(#5603,#5610),.PCURVE_S1.);
#5599 = LINE('',#5600,#5601);
#5600 = CARTESIAN_POINT('',(11.7,-10.88,116.7));
#5601 = VECTOR('',#5602,1.);
#5602 = DIRECTION('',(0.,0.,-1.));
#5603 = PCURVE('',#4424,#5604);
#5604 = DEFINITIONAL_REPRESENTATION('',(#5605),#5609);
#5605 = LINE('',#5606,#5607);
#5606 = CARTESIAN_POINT('',(0.,-0.));
#5607 = VECTOR('',#5608,1.);
#5608 = DIRECTION('',(0.,1.));
#5609 = ( GEOMETRIC_REPRESENTATION_CONTEXT(2) 
PARAMETRIC_REPRESENTATION_CONTEXT() REPRESENTATION_CONTEXT('2D SPACE',''
  ) );
#5610 = PCURVE('',#4396,#5611);
#5611 = DEFINITIONAL_REPRESENTATION('',(#5612),#5616);
#5612 = LINE('',#5613,#5614);
#5613 = CARTESIAN_POINT('',(1.802775637732,0.));
#5614 = VECTOR('',#5615,1.);
#5615 = DIRECTION('',(-0.,1.));
#5616 = ( GEOMETRIC_REPRESENTATION_CONTEXT(2) 
PARAMETRIC_REPRESENTATION_CONTEXT() REPRESENTATION_CONTEXT('2D SPACE',''
  ) );
#5617 = ORIENTED_EDGE('',*,*,#5317,.F.);
#5618 = ORIENTED_EDGE('',*,*,#4462,.T.);
#5619 = ORIENTED_EDGE('',*,*,#4408,.F.);
#5620 = ADVANCED_FACE('',(#5621),#4396,.T.);
#5621 = FACE_BOUND('',#5622,.T.);
#5622 = EDGE_LOOP('',(#5623,#5624,#5625,#5626));
#5623 = ORIENTED_EDGE('',*,*,#5266,.F.);
#5624 = ORIENTED_EDGE('',*,*,#5294,.F.);
#5625 = ORIENTED_EDGE('',*,*,#5597,.T.);
#5626 = ORIENTED_EDGE('',*,*,#4380,.F.);
#5627 = ( GEOMETRIC_REPRESENTATION_CONTEXT(3) 
GLOBAL_UNCERTAINTY_ASSIGNED_CONTEXT((#5631)) 
GLOBAL_UNIT_ASSIGNED_CONTEXT((#5628,#5629,#5630)) REPRESENTATION_CONTEXT
('Context #1','3D Context with UNIT and UNCERTAINTY') );
#5628 = ( LENGTH_UNIT() NAMED_UNIT(*) SI_UNIT(.MILLI.,.METRE.) );
#5629 = ( NAMED_UNIT(*) PLANE_ANGLE_UNIT() SI_UNIT($,.RADIAN.) );
#5630 = ( NAMED_UNIT(*) SI_UNIT($,.STERADIAN.) SOLID_ANGLE_UNIT() );
#5631 = UNCERTAINTY_MEASURE_WITH_UNIT(LENGTH_MEASURE(2.E-05),#5628,
  'distance_accuracy_value','confusion accuracy');
#5632 = PRODUCT_RELATED_PRODUCT_CATEGORY('part',$,(#7));
#5633 = MECHANICAL_DESIGN_GEOMETRIC_PRESENTATION_REPRESENTATION('',(
    #5634),#5627);
#5634 = STYLED_ITEM('color',(#5635),#15);
#5635 = PRESENTATION_STYLE_ASSIGNMENT((#5636,#5644));
#5636 = SURFACE_STYLE_USAGE(.BOTH.,#5637);
#5637 = SURFACE_SIDE_STYLE('',(#5638,#5642));
#5638 = SURFACE_STYLE_FILL_AREA(#5639);
#5639 = FILL_AREA_STYLE('',(#5640));
#5640 = FILL_AREA_STYLE_COLOUR('',#5641);
#5641 = COLOUR_RGB('',0.800000010877,0.800000010877,0.800000010877);
#5642 = SURFACE_STYLE_RENDERING_WITH_PROPERTIES(.NORMAL_SHADING.,#5641,(
    #5643));
#5643 = SURFACE_STYLE_TRANSPARENT(0.699999988079);
#5644 = CURVE_STYLE('',#5645,POSITIVE_LENGTH_MEASURE(0.1),#5646);
#5645 = DRAUGHTING_PRE_DEFINED_CURVE_FONT('continuous');
#5646 = COLOUR_RGB('',9.803921802644E-02,9.803921802644E-02,
  9.803921802644E-02);
ENDSEC;
END-ISO-10303-21;
