(Exported by FreeCAD)
(Post Processor: grbl_post)
(Output Time:2026-07-14 17:09:55.124846)
(Begin preamble)
G17 G90
G21
(Begin operation: Fixture)
(Path: Fixture)
G54
(Finish operation: Fixture)
(Begin operation: ALUMINUM | SpeTool Au3e 1/8 3FL | 5500rpm F101)
(Path: ALUMINUM | SpeTool Au3e 1/8 3FL | 5500rpm F101)
(ALUMINUM | SpeTool Au3e 1/8 3FL | 5500rpm F101)
(Begin toolchange)
( M6 T3 )
M3 S8000
(Finish operation: ALUMINUM | SpeTool Au3e 1/8 3FL | 5500rpm F101)
(Begin operation: HolePair)
(Path: HolePair)
(HolePair)
(helix cut operation)
G0 Z5.000
G0 Z5.000
G0 X-11.525 Y-8.500 Z5.000
G0 X-11.525 Y-8.500 Z0.001
G0 X-11.113 Y-8.500
G1 Z0.001 F250.000
G2 X-11.938 Y-8.500 Z-0.098 I-0.412 J0.000 F400.000
G2 X-11.113 Y-8.500 Z-0.197 I0.412 J0.000 F400.000
G2 X-11.938 Y-8.500 Z-0.296 I-0.412 J0.000 F400.000
G2 X-11.113 Y-8.500 Z-0.396 I0.412 J0.000 F400.000
G2 X-11.938 Y-8.500 Z-0.495 I-0.412 J0.000 F400.000
G2 X-11.113 Y-8.500 Z-0.594 I0.412 J0.000 F400.000
G2 X-11.938 Y-8.500 Z-0.693 I-0.412 J0.000 F400.000
G2 X-11.113 Y-8.500 Z-0.792 I0.412 J0.000 F400.000
G2 X-11.938 Y-8.500 Z-0.891 I-0.412 J0.000 F400.000
G2 X-11.113 Y-8.500 Z-0.991 I0.412 J0.000 F400.000
G2 X-11.938 Y-8.500 Z-1.090 I-0.412 J0.000 F400.000
G2 X-11.113 Y-8.500 Z-1.189 I0.412 J0.000 F400.000
G2 X-11.938 Y-8.500 Z-1.288 I-0.412 J0.000 F400.000
G2 X-11.113 Y-8.500 Z-1.387 I0.412 J0.000 F400.000
G2 X-11.938 Y-8.500 Z-1.487 I-0.412 J0.000 F400.000
G2 X-11.113 Y-8.500 Z-1.586 I0.412 J0.000 F400.000
G2 X-11.938 Y-8.500 Z-1.685 I-0.412 J0.000 F400.000
G2 X-11.113 Y-8.500 Z-1.784 I0.412 J0.000 F400.000
G2 X-11.938 Y-8.500 Z-1.883 I-0.412 J0.000 F400.000
G2 X-11.113 Y-8.500 Z-1.983 I0.412 J0.000 F400.000
G2 X-11.938 Y-8.500 Z-2.082 I-0.412 J0.000 F400.000
G2 X-11.113 Y-8.500 Z-2.181 I0.412 J0.000 F400.000
G2 X-11.938 Y-8.500 Z-2.280 I-0.412 J0.000 F400.000
G2 X-11.113 Y-8.500 Z-2.379 I0.412 J0.000 F400.000
G2 X-11.938 Y-8.500 Z-2.479 I-0.412 J0.000 F400.000
G2 X-11.113 Y-8.500 Z-2.578 I0.412 J0.000 F400.000
G2 X-11.938 Y-8.500 Z-2.677 I-0.412 J0.000 F400.000
G2 X-11.113 Y-8.500 Z-2.776 I0.412 J0.000 F400.000
G2 X-11.938 Y-8.500 Z-2.875 I-0.412 J0.000 F400.000
G2 X-11.113 Y-8.500 Z-2.975 I0.412 J0.000 F400.000
G2 X-11.938 Y-8.500 Z-3.074 I-0.412 J0.000 F400.000
G2 X-11.113 Y-8.500 Z-3.173 I0.412 J0.000 F400.000
G2 X-11.938 Y-8.500 Z-3.272 I-0.412 J0.000 F400.000
G2 X-11.113 Y-8.500 Z-3.371 I0.412 J0.000 F400.000
G2 X-11.938 Y-8.500 Z-3.470 I-0.412 J0.000 F400.000
G2 X-11.113 Y-8.500 Z-3.570 I0.412 J0.000 F400.000
G2 X-11.938 Y-8.500 Z-3.669 I-0.412 J0.000 F400.000
G2 X-11.113 Y-8.500 Z-3.768 I0.412 J0.000 F400.000
G2 X-11.938 Y-8.500 Z-3.867 I-0.412 J0.000 F400.000
G2 X-11.113 Y-8.500 Z-3.966 I0.412 J0.000 F400.000
G2 X-11.938 Y-8.500 Z-4.066 I-0.412 J0.000 F400.000
G2 X-11.113 Y-8.500 Z-4.165 I0.412 J0.000 F400.000
G2 X-11.938 Y-8.500 Z-4.264 I-0.412 J0.000 F400.000
G2 X-11.113 Y-8.500 Z-4.363 I0.412 J0.000 F400.000
G2 X-11.938 Y-8.500 Z-4.462 I-0.412 J0.000 F400.000
G2 X-11.113 Y-8.500 Z-4.562 I0.412 J0.000 F400.000
G2 X-11.938 Y-8.500 Z-4.661 I-0.412 J0.000 F400.000
G2 X-11.113 Y-8.500 Z-4.760 I0.412 J0.000 F400.000
G2 X-11.938 Y-8.500 Z-4.760 I-0.412 J0.000 F400.000
G2 X-11.113 Y-8.500 Z-4.760 I0.412 J0.000 F400.000
G0 X-11.525 Y-8.500 Z-4.760
G0 Z0.001
G0 Z5.000
G0 X-11.525 Y-220.000 Z5.000
G0 X-11.525 Y-220.000 Z0.001
G0 X-10.812 Y-220.000
G1 Z0.001 F250.000
G2 X-12.238 Y-220.000 Z-0.098 I-0.713 J0.000 F400.000
G2 X-10.812 Y-220.000 Z-0.197 I0.713 J0.000 F400.000
G2 X-12.238 Y-220.000 Z-0.296 I-0.713 J0.000 F400.000
G2 X-10.812 Y-220.000 Z-0.396 I0.713 J0.000 F400.000
G2 X-12.238 Y-220.000 Z-0.495 I-0.713 J0.000 F400.000
G2 X-10.812 Y-220.000 Z-0.594 I0.713 J0.000 F400.000
G2 X-12.238 Y-220.000 Z-0.693 I-0.713 J0.000 F400.000
G2 X-10.812 Y-220.000 Z-0.792 I0.713 J0.000 F400.000
G2 X-12.238 Y-220.000 Z-0.891 I-0.713 J0.000 F400.000
G2 X-10.812 Y-220.000 Z-0.991 I0.713 J0.000 F400.000
G2 X-12.238 Y-220.000 Z-1.090 I-0.713 J0.000 F400.000
G2 X-10.812 Y-220.000 Z-1.189 I0.713 J0.000 F400.000
G2 X-12.238 Y-220.000 Z-1.288 I-0.713 J0.000 F400.000
G2 X-10.812 Y-220.000 Z-1.387 I0.713 J0.000 F400.000
G2 X-12.238 Y-220.000 Z-1.487 I-0.713 J0.000 F400.000
G2 X-10.812 Y-220.000 Z-1.586 I0.713 J0.000 F400.000
G2 X-12.238 Y-220.000 Z-1.685 I-0.713 J0.000 F400.000
G2 X-10.812 Y-220.000 Z-1.784 I0.713 J0.000 F400.000
G2 X-12.238 Y-220.000 Z-1.883 I-0.713 J0.000 F400.000
G2 X-10.812 Y-220.000 Z-1.983 I0.713 J0.000 F400.000
G2 X-12.238 Y-220.000 Z-2.082 I-0.713 J0.000 F400.000
G2 X-10.812 Y-220.000 Z-2.181 I0.713 J0.000 F400.000
G2 X-12.238 Y-220.000 Z-2.280 I-0.713 J0.000 F400.000
G2 X-10.812 Y-220.000 Z-2.379 I0.713 J0.000 F400.000
G2 X-12.238 Y-220.000 Z-2.479 I-0.713 J0.000 F400.000
G2 X-10.812 Y-220.000 Z-2.578 I0.713 J0.000 F400.000
G2 X-12.238 Y-220.000 Z-2.677 I-0.713 J0.000 F400.000
G2 X-10.812 Y-220.000 Z-2.776 I0.713 J0.000 F400.000
G2 X-12.238 Y-220.000 Z-2.875 I-0.713 J0.000 F400.000
G2 X-10.812 Y-220.000 Z-2.975 I0.713 J0.000 F400.000
G2 X-12.238 Y-220.000 Z-3.074 I-0.713 J0.000 F400.000
G2 X-10.812 Y-220.000 Z-3.173 I0.713 J0.000 F400.000
G2 X-12.238 Y-220.000 Z-3.272 I-0.713 J0.000 F400.000
G2 X-10.812 Y-220.000 Z-3.371 I0.713 J0.000 F400.000
G2 X-12.238 Y-220.000 Z-3.470 I-0.713 J0.000 F400.000
G2 X-10.812 Y-220.000 Z-3.570 I0.713 J0.000 F400.000
G2 X-12.238 Y-220.000 Z-3.669 I-0.713 J0.000 F400.000
G2 X-10.812 Y-220.000 Z-3.768 I0.713 J0.000 F400.000
G2 X-12.238 Y-220.000 Z-3.867 I-0.713 J0.000 F400.000
G2 X-10.812 Y-220.000 Z-3.966 I0.713 J0.000 F400.000
G2 X-12.238 Y-220.000 Z-4.066 I-0.713 J0.000 F400.000
G2 X-10.812 Y-220.000 Z-4.165 I0.713 J0.000 F400.000
G2 X-12.238 Y-220.000 Z-4.264 I-0.713 J0.000 F400.000
G2 X-10.812 Y-220.000 Z-4.363 I0.713 J0.000 F400.000
G2 X-12.238 Y-220.000 Z-4.462 I-0.713 J0.000 F400.000
G2 X-10.812 Y-220.000 Z-4.562 I0.713 J0.000 F400.000
G2 X-12.238 Y-220.000 Z-4.661 I-0.713 J0.000 F400.000
G2 X-10.812 Y-220.000 Z-4.760 I0.713 J0.000 F400.000
G2 X-12.238 Y-220.000 Z-4.760 I-0.713 J0.000 F400.000
G2 X-10.812 Y-220.000 Z-4.760 I0.713 J0.000 F400.000
G0 X-11.525 Y-220.000 Z-4.760
G0 Z0.001
G0 Z5.000
(Finish operation: HolePair)
(Begin operation: CounterBore)
(Path: CounterBore)
(CounterBore)
(helix cut operation)
G0 Z5.000
G0 Z5.000
G0 X-11.525 Y-220.000 Z5.000
G0 X-11.525 Y-220.000 Z0.000
G0 X-8.252 Y-220.000
G1 Z0.000 F250.000
G2 X-14.798 Y-220.000 Z-0.098 I-3.273 J0.000 F400.000
G2 X-8.252 Y-220.000 Z-0.197 I3.273 J0.000 F400.000
G2 X-14.798 Y-220.000 Z-0.295 I-3.273 J0.000 F400.000
G2 X-8.252 Y-220.000 Z-0.394 I3.273 J0.000 F400.000
G2 X-14.798 Y-220.000 Z-0.492 I-3.273 J0.000 F400.000
G2 X-8.252 Y-220.000 Z-0.591 I3.273 J0.000 F400.000
G2 X-14.798 Y-220.000 Z-0.689 I-3.273 J0.000 F400.000
G2 X-8.252 Y-220.000 Z-0.788 I3.273 J0.000 F400.000
G2 X-14.798 Y-220.000 Z-0.886 I-3.273 J0.000 F400.000
G2 X-8.252 Y-220.000 Z-0.985 I3.273 J0.000 F400.000
G2 X-14.798 Y-220.000 Z-1.083 I-3.273 J0.000 F400.000
G2 X-8.252 Y-220.000 Z-1.182 I3.273 J0.000 F400.000
G2 X-14.798 Y-220.000 Z-1.280 I-3.273 J0.000 F400.000
G2 X-8.252 Y-220.000 Z-1.378 I3.273 J0.000 F400.000
G2 X-14.798 Y-220.000 Z-1.477 I-3.273 J0.000 F400.000
G2 X-8.252 Y-220.000 Z-1.575 I3.273 J0.000 F400.000
G2 X-14.798 Y-220.000 Z-1.674 I-3.273 J0.000 F400.000
G2 X-8.252 Y-220.000 Z-1.772 I3.273 J0.000 F400.000
G2 X-14.798 Y-220.000 Z-1.871 I-3.273 J0.000 F400.000
G2 X-8.252 Y-220.000 Z-1.969 I3.273 J0.000 F400.000
G2 X-14.798 Y-220.000 Z-2.068 I-3.273 J0.000 F400.000
G2 X-8.252 Y-220.000 Z-2.166 I3.273 J0.000 F400.000
G2 X-14.798 Y-220.000 Z-2.265 I-3.273 J0.000 F400.000
G2 X-8.252 Y-220.000 Z-2.363 I3.273 J0.000 F400.000
G2 X-14.798 Y-220.000 Z-2.462 I-3.273 J0.000 F400.000
G2 X-8.252 Y-220.000 Z-2.560 I3.273 J0.000 F400.000
G2 X-14.798 Y-220.000 Z-2.560 I-3.273 J0.000 F400.000
G2 X-8.252 Y-220.000 Z-2.560 I3.273 J0.000 F400.000
G0 Z0.000
G0 X-9.095 Y-220.000
G1 Z0.000 F250.000
G2 X-13.955 Y-220.000 Z-0.098 I-2.430 J0.000 F400.000
G2 X-9.095 Y-220.000 Z-0.197 I2.430 J0.000 F400.000
G2 X-13.955 Y-220.000 Z-0.295 I-2.430 J0.000 F400.000
G2 X-9.095 Y-220.000 Z-0.394 I2.430 J0.000 F400.000
G2 X-13.955 Y-220.000 Z-0.492 I-2.430 J0.000 F400.000
G2 X-9.095 Y-220.000 Z-0.591 I2.430 J0.000 F400.000
G2 X-13.955 Y-220.000 Z-0.689 I-2.430 J0.000 F400.000
G2 X-9.095 Y-220.000 Z-0.788 I2.430 J0.000 F400.000
G2 X-13.955 Y-220.000 Z-0.886 I-2.430 J0.000 F400.000
G2 X-9.095 Y-220.000 Z-0.985 I2.430 J0.000 F400.000
G2 X-13.955 Y-220.000 Z-1.083 I-2.430 J0.000 F400.000
G2 X-9.095 Y-220.000 Z-1.182 I2.430 J0.000 F400.000
G2 X-13.955 Y-220.000 Z-1.280 I-2.430 J0.000 F400.000
G2 X-9.095 Y-220.000 Z-1.378 I2.430 J0.000 F400.000
G2 X-13.955 Y-220.000 Z-1.477 I-2.430 J0.000 F400.000
G2 X-9.095 Y-220.000 Z-1.575 I2.430 J0.000 F400.000
G2 X-13.955 Y-220.000 Z-1.674 I-2.430 J0.000 F400.000
G2 X-9.095 Y-220.000 Z-1.772 I2.430 J0.000 F400.000
G2 X-13.955 Y-220.000 Z-1.871 I-2.430 J0.000 F400.000
G2 X-9.095 Y-220.000 Z-1.969 I2.430 J0.000 F400.000
G2 X-13.955 Y-220.000 Z-2.068 I-2.430 J0.000 F400.000
G2 X-9.095 Y-220.000 Z-2.166 I2.430 J0.000 F400.000
G2 X-13.955 Y-220.000 Z-2.265 I-2.430 J0.000 F400.000
G2 X-9.095 Y-220.000 Z-2.363 I2.430 J0.000 F400.000
G2 X-13.955 Y-220.000 Z-2.462 I-2.430 J0.000 F400.000
G2 X-9.095 Y-220.000 Z-2.560 I2.430 J0.000 F400.000
G2 X-13.955 Y-220.000 Z-2.560 I-2.430 J0.000 F400.000
G2 X-9.095 Y-220.000 Z-2.560 I2.430 J0.000 F400.000
G0 Z0.000
G0 X-9.938 Y-220.000
G1 Z0.000 F250.000
G2 X-13.113 Y-220.000 Z-0.098 I-1.587 J0.000 F400.000
G2 X-9.938 Y-220.000 Z-0.197 I1.587 J0.000 F400.000
G2 X-13.113 Y-220.000 Z-0.295 I-1.587 J0.000 F400.000
G2 X-9.938 Y-220.000 Z-0.394 I1.587 J0.000 F400.000
G2 X-13.113 Y-220.000 Z-0.492 I-1.587 J0.000 F400.000
G2 X-9.938 Y-220.000 Z-0.591 I1.587 J0.000 F400.000
G2 X-13.113 Y-220.000 Z-0.689 I-1.587 J0.000 F400.000
G2 X-9.938 Y-220.000 Z-0.788 I1.587 J0.000 F400.000
G2 X-13.113 Y-220.000 Z-0.886 I-1.587 J0.000 F400.000
G2 X-9.938 Y-220.000 Z-0.985 I1.587 J0.000 F400.000
G2 X-13.113 Y-220.000 Z-1.083 I-1.587 J0.000 F400.000
G2 X-9.938 Y-220.000 Z-1.182 I1.587 J0.000 F400.000
G2 X-13.113 Y-220.000 Z-1.280 I-1.587 J0.000 F400.000
G2 X-9.938 Y-220.000 Z-1.378 I1.587 J0.000 F400.000
G2 X-13.113 Y-220.000 Z-1.477 I-1.587 J0.000 F400.000
G2 X-9.938 Y-220.000 Z-1.575 I1.587 J0.000 F400.000
G2 X-13.113 Y-220.000 Z-1.674 I-1.587 J0.000 F400.000
G2 X-9.938 Y-220.000 Z-1.772 I1.587 J0.000 F400.000
G2 X-13.113 Y-220.000 Z-1.871 I-1.587 J0.000 F400.000
G2 X-9.938 Y-220.000 Z-1.969 I1.587 J0.000 F400.000
G2 X-13.113 Y-220.000 Z-2.068 I-1.587 J0.000 F400.000
G2 X-9.938 Y-220.000 Z-2.166 I1.587 J0.000 F400.000
G2 X-13.113 Y-220.000 Z-2.265 I-1.587 J0.000 F400.000
G2 X-9.938 Y-220.000 Z-2.363 I1.587 J0.000 F400.000
G2 X-13.113 Y-220.000 Z-2.462 I-1.587 J0.000 F400.000
G2 X-9.938 Y-220.000 Z-2.560 I1.587 J0.000 F400.000
G2 X-13.113 Y-220.000 Z-2.560 I-1.587 J0.000 F400.000
G2 X-9.938 Y-220.000 Z-2.560 I1.587 J0.000 F400.000
G0 Z0.000
G0 Z5.000
(Finish operation: CounterBore)
(Begin operation: RackGeometry)
(Path: RackGeometry)
(RackGeometry)
(Compensated Tool Path. Diameter: 3.175)
G0 Z5.000
G0 X-19.462 Y-227.500
G0 Z3.000
G1 X-19.462 Y-227.500 Z-0.200 F250.000
G1 X-19.455 Y-208.827 Z-0.200 F400.000
G1 X-19.421 Y-208.486 Z-0.200 F400.000
G1 X-19.361 Y-208.181 Z-0.200 F400.000
G1 X-19.261 Y-207.852 Z-0.200 F400.000
G1 X-19.142 Y-207.565 Z-0.200 F400.000
G1 X-18.980 Y-207.262 Z-0.200 F400.000
G1 X-18.807 Y-207.004 Z-0.200 F400.000
G1 X-18.590 Y-206.738 Z-0.200 F400.000
G1 X-18.370 Y-206.518 Z-0.200 F400.000
G1 X-18.104 Y-206.301 Z-0.200 F400.000
G1 X-17.846 Y-206.128 Z-0.200 F400.000
G1 X-17.543 Y-205.966 Z-0.200 F400.000
G1 X-17.256 Y-205.847 Z-0.200 F400.000
G1 X-16.927 Y-205.747 Z-0.200 F400.000
G1 X-16.622 Y-205.687 Z-0.200 F400.000
G1 X-16.125 Y-205.645 Z-0.200 F400.000
G1 X-13.353 Y-205.645 Z-0.200 F400.000
G1 X-13.245 Y-205.635 Z-0.200 F400.000
G1 X-13.216 Y-205.626 Z-0.200 F400.000
G1 X-13.189 Y-205.612 Z-0.200 F400.000
G1 X-13.166 Y-205.592 Z-0.200 F400.000
G1 X-13.146 Y-205.569 Z-0.200 F400.000
G1 X-13.132 Y-205.542 Z-0.200 F400.000
G1 X-13.123 Y-205.513 Z-0.200 F400.000
G1 X-13.113 Y-205.405 Z-0.200 F400.000
G1 X-13.112 Y-203.698 Z-0.200 F400.000
G1 X-13.123 Y-203.590 Z-0.200 F400.000
G1 X-13.132 Y-203.561 Z-0.200 F400.000
G1 X-13.146 Y-203.534 Z-0.200 F400.000
G1 X-13.166 Y-203.511 Z-0.200 F400.000
G1 X-13.189 Y-203.492 Z-0.200 F400.000
G1 X-13.216 Y-203.477 Z-0.200 F400.000
G1 X-13.245 Y-203.469 Z-0.200 F400.000
G1 X-13.355 Y-203.458 Z-0.200 F400.000
G1 X-16.281 Y-203.450 Z-0.200 F400.000
G1 X-16.622 Y-203.417 Z-0.200 F400.000
G1 X-16.927 Y-203.356 Z-0.200 F400.000
G1 X-17.256 Y-203.256 Z-0.200 F400.000
G1 X-17.543 Y-203.137 Z-0.200 F400.000
G1 X-17.846 Y-202.976 Z-0.200 F400.000
G1 X-18.104 Y-202.803 Z-0.200 F400.000
G1 X-18.370 Y-202.585 Z-0.200 F400.000
G1 X-18.590 Y-202.365 Z-0.200 F400.000
G1 X-18.807 Y-202.100 Z-0.200 F400.000
G1 X-18.980 Y-201.841 Z-0.200 F400.000
G1 X-19.142 Y-201.538 Z-0.200 F400.000
G1 X-19.261 Y-201.251 Z-0.200 F400.000
G1 X-19.361 Y-200.923 Z-0.200 F400.000
G1 X-19.421 Y-200.617 Z-0.200 F400.000
G1 X-19.462 Y-200.120 Z-0.200 F400.000
G1 X-19.460 Y-191.554 Z-0.200 F400.000
G1 X-19.431 Y-191.191 Z-0.200 F400.000
G1 X-19.362 Y-190.834 Z-0.200 F400.000
G1 X-19.255 Y-190.486 Z-0.200 F400.000
G1 X-19.150 Y-190.230 Z-0.200 F400.000
G1 X-15.263 Y-181.894 Z-0.200 F400.000
G1 X-15.240 Y-181.838 Z-0.200 F400.000
G1 X-15.235 Y-181.821 Z-0.200 F400.000
G1 X-15.232 Y-181.803 Z-0.200 F400.000
G1 X-15.229 Y-181.743 Z-0.200 F400.000
G1 X-15.229 Y-178.852 Z-0.200 F400.000
G1 X-15.240 Y-178.743 Z-0.200 F400.000
G1 X-15.249 Y-178.714 Z-0.200 F400.000
G1 X-15.263 Y-178.688 Z-0.200 F400.000
G1 X-15.282 Y-178.664 Z-0.200 F400.000
G1 X-15.306 Y-178.645 Z-0.200 F400.000
G1 X-15.332 Y-178.631 Z-0.200 F400.000
G1 X-15.361 Y-178.622 Z-0.200 F400.000
G1 X-15.470 Y-178.611 Z-0.200 F400.000
G1 X-16.875 Y-178.611 Z-0.200 F400.000
G1 X-17.082 Y-178.597 Z-0.200 F400.000
G1 X-17.341 Y-178.563 Z-0.200 F400.000
G1 X-17.741 Y-178.456 Z-0.200 F400.000
G1 X-17.983 Y-178.356 Z-0.200 F400.000
G1 X-18.341 Y-178.149 Z-0.200 F400.000
G1 X-18.549 Y-177.990 Z-0.200 F400.000
G1 X-18.842 Y-177.697 Z-0.200 F400.000
G1 X-19.000 Y-177.490 Z-0.200 F400.000
G1 X-19.208 Y-177.131 Z-0.200 F400.000
G1 X-19.308 Y-176.890 Z-0.200 F400.000
G1 X-19.415 Y-176.490 Z-0.200 F400.000
G1 X-19.449 Y-176.231 Z-0.200 F400.000
G1 X-19.462 Y-176.024 Z-0.200 F400.000
G1 X-19.460 Y-153.275 Z-0.200 F400.000
G1 X-19.431 Y-152.912 Z-0.200 F400.000
G1 X-19.362 Y-152.555 Z-0.200 F400.000
G1 X-19.255 Y-152.207 Z-0.200 F400.000
G1 X-19.150 Y-151.951 Z-0.200 F400.000
G1 X-15.263 Y-143.615 Z-0.200 F400.000
G1 X-15.240 Y-143.559 Z-0.200 F400.000
G1 X-15.235 Y-143.542 Z-0.200 F400.000
G1 X-15.232 Y-143.524 Z-0.200 F400.000
G1 X-15.229 Y-143.464 Z-0.200 F400.000
G1 X-15.229 Y-140.573 Z-0.200 F400.000
G1 X-15.240 Y-140.464 Z-0.200 F400.000
G1 X-15.249 Y-140.435 Z-0.200 F400.000
G1 X-15.263 Y-140.409 Z-0.200 F400.000
G1 X-15.282 Y-140.385 Z-0.200 F400.000
G1 X-15.306 Y-140.366 Z-0.200 F400.000
G1 X-15.332 Y-140.351 Z-0.200 F400.000
G1 X-15.361 Y-140.343 Z-0.200 F400.000
G1 X-15.470 Y-140.332 Z-0.200 F400.000
G1 X-16.875 Y-140.332 Z-0.200 F400.000
G1 X-17.082 Y-140.318 Z-0.200 F400.000
G1 X-17.341 Y-140.284 Z-0.200 F400.000
G1 X-17.741 Y-140.177 Z-0.200 F400.000
G1 X-17.983 Y-140.077 Z-0.200 F400.000
G1 X-18.341 Y-139.870 Z-0.200 F400.000
G1 X-18.549 Y-139.711 Z-0.200 F400.000
G1 X-18.842 Y-139.418 Z-0.200 F400.000
G1 X-19.000 Y-139.211 Z-0.200 F400.000
G1 X-19.208 Y-138.852 Z-0.200 F400.000
G1 X-19.308 Y-138.611 Z-0.200 F400.000
G1 X-19.415 Y-138.211 Z-0.200 F400.000
G1 X-19.449 Y-137.952 Z-0.200 F400.000
G1 X-19.462 Y-137.745 Z-0.200 F400.000
G1 X-19.460 Y-114.996 Z-0.200 F400.000
G1 X-19.431 Y-114.633 Z-0.200 F400.000
G1 X-19.362 Y-114.276 Z-0.200 F400.000
G1 X-19.255 Y-113.928 Z-0.200 F400.000
G1 X-19.150 Y-113.672 Z-0.200 F400.000
G1 X-15.263 Y-105.336 Z-0.200 F400.000
G1 X-15.240 Y-105.279 Z-0.200 F400.000
G1 X-15.235 Y-105.263 Z-0.200 F400.000
G1 X-15.232 Y-105.245 Z-0.200 F400.000
G1 X-15.229 Y-105.185 Z-0.200 F400.000
G1 X-15.229 Y-102.294 Z-0.200 F400.000
G1 X-15.240 Y-102.185 Z-0.200 F400.000
G1 X-15.249 Y-102.156 Z-0.200 F400.000
G1 X-15.263 Y-102.130 Z-0.200 F400.000
G1 X-15.282 Y-102.106 Z-0.200 F400.000
G1 X-15.306 Y-102.087 Z-0.200 F400.000
G1 X-15.332 Y-102.072 Z-0.200 F400.000
G1 X-15.361 Y-102.064 Z-0.200 F400.000
G1 X-15.470 Y-102.053 Z-0.200 F400.000
G1 X-16.875 Y-102.053 Z-0.200 F400.000
G1 X-17.082 Y-102.039 Z-0.200 F400.000
G1 X-17.341 Y-102.005 Z-0.200 F400.000
G1 X-17.741 Y-101.898 Z-0.200 F400.000
G1 X-17.983 Y-101.798 Z-0.200 F400.000
G1 X-18.341 Y-101.591 Z-0.200 F400.000
G1 X-18.549 Y-101.432 Z-0.200 F400.000
G1 X-18.842 Y-101.139 Z-0.200 F400.000
G1 X-19.000 Y-100.932 Z-0.200 F400.000
G1 X-19.208 Y-100.573 Z-0.200 F400.000
G1 X-19.308 Y-100.332 Z-0.200 F400.000
G1 X-19.415 Y-99.932 Z-0.200 F400.000
G1 X-19.449 Y-99.673 Z-0.200 F400.000
G1 X-19.462 Y-99.466 Z-0.200 F400.000
G1 X-19.460 Y-76.717 Z-0.200 F400.000
G1 X-19.431 Y-76.354 Z-0.200 F400.000
G1 X-19.362 Y-75.997 Z-0.200 F400.000
G1 X-19.255 Y-75.649 Z-0.200 F400.000
G1 X-19.150 Y-75.393 Z-0.200 F400.000
G1 X-15.263 Y-67.057 Z-0.200 F400.000
G1 X-15.240 Y-67.000 Z-0.200 F400.000
G1 X-15.235 Y-66.984 Z-0.200 F400.000
G1 X-15.232 Y-66.966 Z-0.200 F400.000
G1 X-15.229 Y-66.906 Z-0.200 F400.000
G1 X-15.229 Y-64.014 Z-0.200 F400.000
G1 X-15.240 Y-63.906 Z-0.200 F400.000
G1 X-15.249 Y-63.877 Z-0.200 F400.000
G1 X-15.263 Y-63.850 Z-0.200 F400.000
G1 X-15.282 Y-63.827 Z-0.200 F400.000
G1 X-15.306 Y-63.808 Z-0.200 F400.000
G1 X-15.332 Y-63.793 Z-0.200 F400.000
G1 X-15.361 Y-63.785 Z-0.200 F400.000
G1 X-15.470 Y-63.774 Z-0.200 F400.000
G1 X-16.875 Y-63.774 Z-0.200 F400.000
G1 X-17.082 Y-63.760 Z-0.200 F400.000
G1 X-17.341 Y-63.726 Z-0.200 F400.000
G1 X-17.741 Y-63.619 Z-0.200 F400.000
G1 X-17.983 Y-63.519 Z-0.200 F400.000
G1 X-18.341 Y-63.312 Z-0.200 F400.000
G1 X-18.549 Y-63.153 Z-0.200 F400.000
G1 X-18.842 Y-62.860 Z-0.200 F400.000
G1 X-19.000 Y-62.653 Z-0.200 F400.000
G1 X-19.208 Y-62.294 Z-0.200 F400.000
G1 X-19.308 Y-62.053 Z-0.200 F400.000
G1 X-19.415 Y-61.653 Z-0.200 F400.000
G1 X-19.449 Y-61.394 Z-0.200 F400.000
G1 X-19.462 Y-61.187 Z-0.200 F400.000
G1 X-19.460 Y-38.438 Z-0.200 F400.000
G1 X-19.431 Y-38.075 Z-0.200 F400.000
G1 X-19.362 Y-37.718 Z-0.200 F400.000
G1 X-19.255 Y-37.370 Z-0.200 F400.000
G1 X-19.150 Y-37.114 Z-0.200 F400.000
G1 X-15.263 Y-28.778 Z-0.200 F400.000
G1 X-15.240 Y-28.721 Z-0.200 F400.000
G1 X-15.235 Y-28.705 Z-0.200 F400.000
G1 X-15.232 Y-28.687 Z-0.200 F400.000
G1 X-15.229 Y-28.627 Z-0.200 F400.000
G1 X-15.229 Y-25.735 Z-0.200 F400.000
G1 X-15.240 Y-25.627 Z-0.200 F400.000
G1 X-15.249 Y-25.598 Z-0.200 F400.000
G1 X-15.263 Y-25.571 Z-0.200 F400.000
G1 X-15.282 Y-25.548 Z-0.200 F400.000
G1 X-15.306 Y-25.529 Z-0.200 F400.000
G1 X-15.332 Y-25.514 Z-0.200 F400.000
G1 X-15.361 Y-25.506 Z-0.200 F400.000
G1 X-15.470 Y-25.495 Z-0.200 F400.000
G1 X-16.875 Y-25.495 Z-0.200 F400.000
G1 X-17.082 Y-25.481 Z-0.200 F400.000
G1 X-17.341 Y-25.447 Z-0.200 F400.000
G1 X-17.741 Y-25.340 Z-0.200 F400.000
G1 X-17.983 Y-25.240 Z-0.200 F400.000
G1 X-18.341 Y-25.033 Z-0.200 F400.000
G1 X-18.549 Y-24.874 Z-0.200 F400.000
G1 X-18.842 Y-24.581 Z-0.200 F400.000
G1 X-19.000 Y-24.374 Z-0.200 F400.000
G1 X-19.208 Y-24.015 Z-0.200 F400.000
G1 X-19.308 Y-23.774 Z-0.200 F400.000
G1 X-19.415 Y-23.374 Z-0.200 F400.000
G1 X-19.449 Y-23.115 Z-0.200 F400.000
G1 X-19.462 Y-22.907 Z-0.200 F400.000
G1 X-19.462 Y-2.500 Z-0.200 F400.000
G0 Z5.000
G0 X-19.462 Y-227.500
G0 Z3.000
G1 X-19.462 Y-227.500 Z-0.400 F250.000
G1 X-19.455 Y-208.827 Z-0.400 F400.000
G1 X-19.421 Y-208.486 Z-0.400 F400.000
G1 X-19.361 Y-208.181 Z-0.400 F400.000
G1 X-19.261 Y-207.852 Z-0.400 F400.000
G1 X-19.142 Y-207.565 Z-0.400 F400.000
G1 X-18.980 Y-207.262 Z-0.400 F400.000
G1 X-18.807 Y-207.004 Z-0.400 F400.000
G1 X-18.590 Y-206.738 Z-0.400 F400.000
G1 X-18.370 Y-206.518 Z-0.400 F400.000
G1 X-18.104 Y-206.301 Z-0.400 F400.000
G1 X-17.846 Y-206.128 Z-0.400 F400.000
G1 X-17.543 Y-205.966 Z-0.400 F400.000
G1 X-17.256 Y-205.847 Z-0.400 F400.000
G1 X-16.927 Y-205.747 Z-0.400 F400.000
G1 X-16.622 Y-205.687 Z-0.400 F400.000
G1 X-16.125 Y-205.645 Z-0.400 F400.000
G1 X-13.353 Y-205.645 Z-0.400 F400.000
G1 X-13.245 Y-205.635 Z-0.400 F400.000
G1 X-13.216 Y-205.626 Z-0.400 F400.000
G1 X-13.189 Y-205.612 Z-0.400 F400.000
G1 X-13.166 Y-205.592 Z-0.400 F400.000
G1 X-13.146 Y-205.569 Z-0.400 F400.000
G1 X-13.132 Y-205.542 Z-0.400 F400.000
G1 X-13.123 Y-205.513 Z-0.400 F400.000
G1 X-13.113 Y-205.405 Z-0.400 F400.000
G1 X-13.112 Y-203.698 Z-0.400 F400.000
G1 X-13.123 Y-203.590 Z-0.400 F400.000
G1 X-13.132 Y-203.561 Z-0.400 F400.000
G1 X-13.146 Y-203.534 Z-0.400 F400.000
G1 X-13.166 Y-203.511 Z-0.400 F400.000
G1 X-13.189 Y-203.492 Z-0.400 F400.000
G1 X-13.216 Y-203.477 Z-0.400 F400.000
G1 X-13.245 Y-203.469 Z-0.400 F400.000
G1 X-13.355 Y-203.458 Z-0.400 F400.000
G1 X-16.281 Y-203.450 Z-0.400 F400.000
G1 X-16.622 Y-203.417 Z-0.400 F400.000
G1 X-16.927 Y-203.356 Z-0.400 F400.000
G1 X-17.256 Y-203.256 Z-0.400 F400.000
G1 X-17.543 Y-203.137 Z-0.400 F400.000
G1 X-17.846 Y-202.976 Z-0.400 F400.000
G1 X-18.104 Y-202.803 Z-0.400 F400.000
G1 X-18.370 Y-202.585 Z-0.400 F400.000
G1 X-18.590 Y-202.365 Z-0.400 F400.000
G1 X-18.807 Y-202.100 Z-0.400 F400.000
G1 X-18.980 Y-201.841 Z-0.400 F400.000
G1 X-19.142 Y-201.538 Z-0.400 F400.000
G1 X-19.261 Y-201.251 Z-0.400 F400.000
G1 X-19.361 Y-200.923 Z-0.400 F400.000
G1 X-19.421 Y-200.617 Z-0.400 F400.000
G1 X-19.462 Y-200.120 Z-0.400 F400.000
G1 X-19.460 Y-191.554 Z-0.400 F400.000
G1 X-19.431 Y-191.191 Z-0.400 F400.000
G1 X-19.362 Y-190.834 Z-0.400 F400.000
G1 X-19.255 Y-190.486 Z-0.400 F400.000
G1 X-19.150 Y-190.230 Z-0.400 F400.000
G1 X-15.263 Y-181.894 Z-0.400 F400.000
G1 X-15.240 Y-181.838 Z-0.400 F400.000
G1 X-15.235 Y-181.821 Z-0.400 F400.000
G1 X-15.232 Y-181.803 Z-0.400 F400.000
G1 X-15.229 Y-181.743 Z-0.400 F400.000
G1 X-15.229 Y-178.852 Z-0.400 F400.000
G1 X-15.240 Y-178.743 Z-0.400 F400.000
G1 X-15.249 Y-178.714 Z-0.400 F400.000
G1 X-15.263 Y-178.688 Z-0.400 F400.000
G1 X-15.282 Y-178.664 Z-0.400 F400.000
G1 X-15.306 Y-178.645 Z-0.400 F400.000
G1 X-15.332 Y-178.631 Z-0.400 F400.000
G1 X-15.361 Y-178.622 Z-0.400 F400.000
G1 X-15.470 Y-178.611 Z-0.400 F400.000
G1 X-16.875 Y-178.611 Z-0.400 F400.000
G1 X-17.082 Y-178.597 Z-0.400 F400.000
G1 X-17.341 Y-178.563 Z-0.400 F400.000
G1 X-17.741 Y-178.456 Z-0.400 F400.000
G1 X-17.983 Y-178.356 Z-0.400 F400.000
G1 X-18.341 Y-178.149 Z-0.400 F400.000
G1 X-18.549 Y-177.990 Z-0.400 F400.000
G1 X-18.842 Y-177.697 Z-0.400 F400.000
G1 X-19.000 Y-177.490 Z-0.400 F400.000
G1 X-19.208 Y-177.131 Z-0.400 F400.000
G1 X-19.308 Y-176.890 Z-0.400 F400.000
G1 X-19.415 Y-176.490 Z-0.400 F400.000
G1 X-19.449 Y-176.231 Z-0.400 F400.000
G1 X-19.462 Y-176.024 Z-0.400 F400.000
G1 X-19.460 Y-153.275 Z-0.400 F400.000
G1 X-19.431 Y-152.912 Z-0.400 F400.000
G1 X-19.362 Y-152.555 Z-0.400 F400.000
G1 X-19.255 Y-152.207 Z-0.400 F400.000
G1 X-19.150 Y-151.951 Z-0.400 F400.000
G1 X-15.263 Y-143.615 Z-0.400 F400.000
G1 X-15.240 Y-143.559 Z-0.400 F400.000
G1 X-15.235 Y-143.542 Z-0.400 F400.000
G1 X-15.232 Y-143.524 Z-0.400 F400.000
G1 X-15.229 Y-143.464 Z-0.400 F400.000
G1 X-15.229 Y-140.573 Z-0.400 F400.000
G1 X-15.240 Y-140.464 Z-0.400 F400.000
G1 X-15.249 Y-140.435 Z-0.400 F400.000
G1 X-15.263 Y-140.409 Z-0.400 F400.000
G1 X-15.282 Y-140.385 Z-0.400 F400.000
G1 X-15.306 Y-140.366 Z-0.400 F400.000
G1 X-15.332 Y-140.351 Z-0.400 F400.000
G1 X-15.361 Y-140.343 Z-0.400 F400.000
G1 X-15.470 Y-140.332 Z-0.400 F400.000
G1 X-16.875 Y-140.332 Z-0.400 F400.000
G1 X-17.082 Y-140.318 Z-0.400 F400.000
G1 X-17.341 Y-140.284 Z-0.400 F400.000
G1 X-17.741 Y-140.177 Z-0.400 F400.000
G1 X-17.983 Y-140.077 Z-0.400 F400.000
G1 X-18.341 Y-139.870 Z-0.400 F400.000
G1 X-18.549 Y-139.711 Z-0.400 F400.000
G1 X-18.842 Y-139.418 Z-0.400 F400.000
G1 X-19.000 Y-139.211 Z-0.400 F400.000
G1 X-19.208 Y-138.852 Z-0.400 F400.000
G1 X-19.308 Y-138.611 Z-0.400 F400.000
G1 X-19.415 Y-138.211 Z-0.400 F400.000
G1 X-19.449 Y-137.952 Z-0.400 F400.000
G1 X-19.462 Y-137.745 Z-0.400 F400.000
G1 X-19.460 Y-114.996 Z-0.400 F400.000
G1 X-19.431 Y-114.633 Z-0.400 F400.000
G1 X-19.362 Y-114.276 Z-0.400 F400.000
G1 X-19.255 Y-113.928 Z-0.400 F400.000
G1 X-19.150 Y-113.672 Z-0.400 F400.000
G1 X-15.263 Y-105.336 Z-0.400 F400.000
G1 X-15.240 Y-105.279 Z-0.400 F400.000
G1 X-15.235 Y-105.263 Z-0.400 F400.000
G1 X-15.232 Y-105.245 Z-0.400 F400.000
G1 X-15.229 Y-105.185 Z-0.400 F400.000
G1 X-15.229 Y-102.294 Z-0.400 F400.000
G1 X-15.240 Y-102.185 Z-0.400 F400.000
G1 X-15.249 Y-102.156 Z-0.400 F400.000
G1 X-15.263 Y-102.130 Z-0.400 F400.000
G1 X-15.282 Y-102.106 Z-0.400 F400.000
G1 X-15.306 Y-102.087 Z-0.400 F400.000
G1 X-15.332 Y-102.072 Z-0.400 F400.000
G1 X-15.361 Y-102.064 Z-0.400 F400.000
G1 X-15.470 Y-102.053 Z-0.400 F400.000
G1 X-16.875 Y-102.053 Z-0.400 F400.000
G1 X-17.082 Y-102.039 Z-0.400 F400.000
G1 X-17.341 Y-102.005 Z-0.400 F400.000
G1 X-17.741 Y-101.898 Z-0.400 F400.000
G1 X-17.983 Y-101.798 Z-0.400 F400.000
G1 X-18.341 Y-101.591 Z-0.400 F400.000
G1 X-18.549 Y-101.432 Z-0.400 F400.000
G1 X-18.842 Y-101.139 Z-0.400 F400.000
G1 X-19.000 Y-100.932 Z-0.400 F400.000
G1 X-19.208 Y-100.573 Z-0.400 F400.000
G1 X-19.308 Y-100.332 Z-0.400 F400.000
G1 X-19.415 Y-99.932 Z-0.400 F400.000
G1 X-19.449 Y-99.673 Z-0.400 F400.000
G1 X-19.462 Y-99.466 Z-0.400 F400.000
G1 X-19.460 Y-76.717 Z-0.400 F400.000
G1 X-19.431 Y-76.354 Z-0.400 F400.000
G1 X-19.362 Y-75.997 Z-0.400 F400.000
G1 X-19.255 Y-75.649 Z-0.400 F400.000
G1 X-19.150 Y-75.393 Z-0.400 F400.000
G1 X-15.263 Y-67.057 Z-0.400 F400.000
G1 X-15.240 Y-67.000 Z-0.400 F400.000
G1 X-15.235 Y-66.984 Z-0.400 F400.000
G1 X-15.232 Y-66.966 Z-0.400 F400.000
G1 X-15.229 Y-66.906 Z-0.400 F400.000
G1 X-15.229 Y-64.014 Z-0.400 F400.000
G1 X-15.240 Y-63.906 Z-0.400 F400.000
G1 X-15.249 Y-63.877 Z-0.400 F400.000
G1 X-15.263 Y-63.850 Z-0.400 F400.000
G1 X-15.282 Y-63.827 Z-0.400 F400.000
G1 X-15.306 Y-63.808 Z-0.400 F400.000
G1 X-15.332 Y-63.793 Z-0.400 F400.000
G1 X-15.361 Y-63.785 Z-0.400 F400.000
G1 X-15.470 Y-63.774 Z-0.400 F400.000
G1 X-16.875 Y-63.774 Z-0.400 F400.000
G1 X-17.082 Y-63.760 Z-0.400 F400.000
G1 X-17.341 Y-63.726 Z-0.400 F400.000
G1 X-17.741 Y-63.619 Z-0.400 F400.000
G1 X-17.983 Y-63.519 Z-0.400 F400.000
G1 X-18.341 Y-63.312 Z-0.400 F400.000
G1 X-18.549 Y-63.153 Z-0.400 F400.000
G1 X-18.842 Y-62.860 Z-0.400 F400.000
G1 X-19.000 Y-62.653 Z-0.400 F400.000
G1 X-19.208 Y-62.294 Z-0.400 F400.000
G1 X-19.308 Y-62.053 Z-0.400 F400.000
G1 X-19.415 Y-61.653 Z-0.400 F400.000
G1 X-19.449 Y-61.394 Z-0.400 F400.000
G1 X-19.462 Y-61.187 Z-0.400 F400.000
G1 X-19.460 Y-38.438 Z-0.400 F400.000
G1 X-19.431 Y-38.075 Z-0.400 F400.000
G1 X-19.362 Y-37.718 Z-0.400 F400.000
G1 X-19.255 Y-37.370 Z-0.400 F400.000
G1 X-19.150 Y-37.114 Z-0.400 F400.000
G1 X-15.263 Y-28.778 Z-0.400 F400.000
G1 X-15.240 Y-28.721 Z-0.400 F400.000
G1 X-15.235 Y-28.705 Z-0.400 F400.000
G1 X-15.232 Y-28.687 Z-0.400 F400.000
G1 X-15.229 Y-28.627 Z-0.400 F400.000
G1 X-15.229 Y-25.735 Z-0.400 F400.000
G1 X-15.240 Y-25.627 Z-0.400 F400.000
G1 X-15.249 Y-25.598 Z-0.400 F400.000
G1 X-15.263 Y-25.571 Z-0.400 F400.000
G1 X-15.282 Y-25.548 Z-0.400 F400.000
G1 X-15.306 Y-25.529 Z-0.400 F400.000
G1 X-15.332 Y-25.514 Z-0.400 F400.000
G1 X-15.361 Y-25.506 Z-0.400 F400.000
G1 X-15.470 Y-25.495 Z-0.400 F400.000
G1 X-16.875 Y-25.495 Z-0.400 F400.000
G1 X-17.082 Y-25.481 Z-0.400 F400.000
G1 X-17.341 Y-25.447 Z-0.400 F400.000
G1 X-17.741 Y-25.340 Z-0.400 F400.000
G1 X-17.983 Y-25.240 Z-0.400 F400.000
G1 X-18.341 Y-25.033 Z-0.400 F400.000
G1 X-18.549 Y-24.874 Z-0.400 F400.000
G1 X-18.842 Y-24.581 Z-0.400 F400.000
G1 X-19.000 Y-24.374 Z-0.400 F400.000
G1 X-19.208 Y-24.015 Z-0.400 F400.000
G1 X-19.308 Y-23.774 Z-0.400 F400.000
G1 X-19.415 Y-23.374 Z-0.400 F400.000
G1 X-19.449 Y-23.115 Z-0.400 F400.000
G1 X-19.462 Y-22.907 Z-0.400 F400.000
G1 X-19.462 Y-2.500 Z-0.400 F400.000
G0 Z5.000
G0 X-19.462 Y-227.500
G0 Z3.000
G1 X-19.462 Y-227.500 Z-0.600 F250.000
G1 X-19.455 Y-208.827 Z-0.600 F400.000
G1 X-19.421 Y-208.486 Z-0.600 F400.000
G1 X-19.361 Y-208.181 Z-0.600 F400.000
G1 X-19.261 Y-207.852 Z-0.600 F400.000
G1 X-19.142 Y-207.565 Z-0.600 F400.000
G1 X-18.980 Y-207.262 Z-0.600 F400.000
G1 X-18.807 Y-207.004 Z-0.600 F400.000
G1 X-18.590 Y-206.738 Z-0.600 F400.000
G1 X-18.370 Y-206.518 Z-0.600 F400.000
G1 X-18.104 Y-206.301 Z-0.600 F400.000
G1 X-17.846 Y-206.128 Z-0.600 F400.000
G1 X-17.543 Y-205.966 Z-0.600 F400.000
G1 X-17.256 Y-205.847 Z-0.600 F400.000
G1 X-16.927 Y-205.747 Z-0.600 F400.000
G1 X-16.622 Y-205.687 Z-0.600 F400.000
G1 X-16.125 Y-205.645 Z-0.600 F400.000
G1 X-13.353 Y-205.645 Z-0.600 F400.000
G1 X-13.245 Y-205.635 Z-0.600 F400.000
G1 X-13.216 Y-205.626 Z-0.600 F400.000
G1 X-13.189 Y-205.612 Z-0.600 F400.000
G1 X-13.166 Y-205.592 Z-0.600 F400.000
G1 X-13.146 Y-205.569 Z-0.600 F400.000
G1 X-13.132 Y-205.542 Z-0.600 F400.000
G1 X-13.123 Y-205.513 Z-0.600 F400.000
G1 X-13.113 Y-205.405 Z-0.600 F400.000
G1 X-13.112 Y-203.698 Z-0.600 F400.000
G1 X-13.123 Y-203.590 Z-0.600 F400.000
G1 X-13.132 Y-203.561 Z-0.600 F400.000
G1 X-13.146 Y-203.534 Z-0.600 F400.000
G1 X-13.166 Y-203.511 Z-0.600 F400.000
G1 X-13.189 Y-203.492 Z-0.600 F400.000
G1 X-13.216 Y-203.477 Z-0.600 F400.000
G1 X-13.245 Y-203.469 Z-0.600 F400.000
G1 X-13.355 Y-203.458 Z-0.600 F400.000
G1 X-16.281 Y-203.450 Z-0.600 F400.000
G1 X-16.622 Y-203.417 Z-0.600 F400.000
G1 X-16.927 Y-203.356 Z-0.600 F400.000
G1 X-17.256 Y-203.256 Z-0.600 F400.000
G1 X-17.543 Y-203.137 Z-0.600 F400.000
G1 X-17.846 Y-202.976 Z-0.600 F400.000
G1 X-18.104 Y-202.803 Z-0.600 F400.000
G1 X-18.370 Y-202.585 Z-0.600 F400.000
G1 X-18.590 Y-202.365 Z-0.600 F400.000
G1 X-18.807 Y-202.100 Z-0.600 F400.000
G1 X-18.980 Y-201.841 Z-0.600 F400.000
G1 X-19.142 Y-201.538 Z-0.600 F400.000
G1 X-19.261 Y-201.251 Z-0.600 F400.000
G1 X-19.361 Y-200.923 Z-0.600 F400.000
G1 X-19.421 Y-200.617 Z-0.600 F400.000
G1 X-19.462 Y-200.120 Z-0.600 F400.000
G1 X-19.460 Y-191.554 Z-0.600 F400.000
G1 X-19.431 Y-191.191 Z-0.600 F400.000
G1 X-19.362 Y-190.834 Z-0.600 F400.000
G1 X-19.255 Y-190.486 Z-0.600 F400.000
G1 X-19.150 Y-190.230 Z-0.600 F400.000
G1 X-15.263 Y-181.894 Z-0.600 F400.000
G1 X-15.240 Y-181.838 Z-0.600 F400.000
G1 X-15.235 Y-181.821 Z-0.600 F400.000
G1 X-15.232 Y-181.803 Z-0.600 F400.000
G1 X-15.229 Y-181.743 Z-0.600 F400.000
G1 X-15.229 Y-178.852 Z-0.600 F400.000
G1 X-15.240 Y-178.743 Z-0.600 F400.000
G1 X-15.249 Y-178.714 Z-0.600 F400.000
G1 X-15.263 Y-178.688 Z-0.600 F400.000
G1 X-15.282 Y-178.664 Z-0.600 F400.000
G1 X-15.306 Y-178.645 Z-0.600 F400.000
G1 X-15.332 Y-178.631 Z-0.600 F400.000
G1 X-15.361 Y-178.622 Z-0.600 F400.000
G1 X-15.470 Y-178.611 Z-0.600 F400.000
G1 X-16.875 Y-178.611 Z-0.600 F400.000
G1 X-17.082 Y-178.597 Z-0.600 F400.000
G1 X-17.341 Y-178.563 Z-0.600 F400.000
G1 X-17.741 Y-178.456 Z-0.600 F400.000
G1 X-17.983 Y-178.356 Z-0.600 F400.000
G1 X-18.341 Y-178.149 Z-0.600 F400.000
G1 X-18.549 Y-177.990 Z-0.600 F400.000
G1 X-18.842 Y-177.697 Z-0.600 F400.000
G1 X-19.000 Y-177.490 Z-0.600 F400.000
G1 X-19.208 Y-177.131 Z-0.600 F400.000
G1 X-19.308 Y-176.890 Z-0.600 F400.000
G1 X-19.415 Y-176.490 Z-0.600 F400.000
G1 X-19.449 Y-176.231 Z-0.600 F400.000
G1 X-19.462 Y-176.024 Z-0.600 F400.000
G1 X-19.460 Y-153.275 Z-0.600 F400.000
G1 X-19.431 Y-152.912 Z-0.600 F400.000
G1 X-19.362 Y-152.555 Z-0.600 F400.000
G1 X-19.255 Y-152.207 Z-0.600 F400.000
G1 X-19.150 Y-151.951 Z-0.600 F400.000
G1 X-15.263 Y-143.615 Z-0.600 F400.000
G1 X-15.240 Y-143.559 Z-0.600 F400.000
G1 X-15.235 Y-143.542 Z-0.600 F400.000
G1 X-15.232 Y-143.524 Z-0.600 F400.000
G1 X-15.229 Y-143.464 Z-0.600 F400.000
G1 X-15.229 Y-140.573 Z-0.600 F400.000
G1 X-15.240 Y-140.464 Z-0.600 F400.000
G1 X-15.249 Y-140.435 Z-0.600 F400.000
G1 X-15.263 Y-140.409 Z-0.600 F400.000
G1 X-15.282 Y-140.385 Z-0.600 F400.000
G1 X-15.306 Y-140.366 Z-0.600 F400.000
G1 X-15.332 Y-140.351 Z-0.600 F400.000
G1 X-15.361 Y-140.343 Z-0.600 F400.000
G1 X-15.470 Y-140.332 Z-0.600 F400.000
G1 X-16.875 Y-140.332 Z-0.600 F400.000
G1 X-17.082 Y-140.318 Z-0.600 F400.000
G1 X-17.341 Y-140.284 Z-0.600 F400.000
G1 X-17.741 Y-140.177 Z-0.600 F400.000
G1 X-17.983 Y-140.077 Z-0.600 F400.000
G1 X-18.341 Y-139.870 Z-0.600 F400.000
G1 X-18.549 Y-139.711 Z-0.600 F400.000
G1 X-18.842 Y-139.418 Z-0.600 F400.000
G1 X-19.000 Y-139.211 Z-0.600 F400.000
G1 X-19.208 Y-138.852 Z-0.600 F400.000
G1 X-19.308 Y-138.611 Z-0.600 F400.000
G1 X-19.415 Y-138.211 Z-0.600 F400.000
G1 X-19.449 Y-137.952 Z-0.600 F400.000
G1 X-19.462 Y-137.745 Z-0.600 F400.000
G1 X-19.460 Y-114.996 Z-0.600 F400.000
G1 X-19.431 Y-114.633 Z-0.600 F400.000
G1 X-19.362 Y-114.276 Z-0.600 F400.000
G1 X-19.255 Y-113.928 Z-0.600 F400.000
G1 X-19.150 Y-113.672 Z-0.600 F400.000
G1 X-15.263 Y-105.336 Z-0.600 F400.000
G1 X-15.240 Y-105.279 Z-0.600 F400.000
G1 X-15.235 Y-105.263 Z-0.600 F400.000
G1 X-15.232 Y-105.245 Z-0.600 F400.000
G1 X-15.229 Y-105.185 Z-0.600 F400.000
G1 X-15.229 Y-102.294 Z-0.600 F400.000
G1 X-15.240 Y-102.185 Z-0.600 F400.000
G1 X-15.249 Y-102.156 Z-0.600 F400.000
G1 X-15.263 Y-102.130 Z-0.600 F400.000
G1 X-15.282 Y-102.106 Z-0.600 F400.000
G1 X-15.306 Y-102.087 Z-0.600 F400.000
G1 X-15.332 Y-102.072 Z-0.600 F400.000
G1 X-15.361 Y-102.064 Z-0.600 F400.000
G1 X-15.470 Y-102.053 Z-0.600 F400.000
G1 X-16.875 Y-102.053 Z-0.600 F400.000
G1 X-17.082 Y-102.039 Z-0.600 F400.000
G1 X-17.341 Y-102.005 Z-0.600 F400.000
G1 X-17.741 Y-101.898 Z-0.600 F400.000
G1 X-17.983 Y-101.798 Z-0.600 F400.000
G1 X-18.341 Y-101.591 Z-0.600 F400.000
G1 X-18.549 Y-101.432 Z-0.600 F400.000
G1 X-18.842 Y-101.139 Z-0.600 F400.000
G1 X-19.000 Y-100.932 Z-0.600 F400.000
G1 X-19.208 Y-100.573 Z-0.600 F400.000
G1 X-19.308 Y-100.332 Z-0.600 F400.000
G1 X-19.415 Y-99.932 Z-0.600 F400.000
G1 X-19.449 Y-99.673 Z-0.600 F400.000
G1 X-19.462 Y-99.466 Z-0.600 F400.000
G1 X-19.460 Y-76.717 Z-0.600 F400.000
G1 X-19.431 Y-76.354 Z-0.600 F400.000
G1 X-19.362 Y-75.997 Z-0.600 F400.000
G1 X-19.255 Y-75.649 Z-0.600 F400.000
G1 X-19.150 Y-75.393 Z-0.600 F400.000
G1 X-15.263 Y-67.057 Z-0.600 F400.000
G1 X-15.240 Y-67.000 Z-0.600 F400.000
G1 X-15.235 Y-66.984 Z-0.600 F400.000
G1 X-15.232 Y-66.966 Z-0.600 F400.000
G1 X-15.229 Y-66.906 Z-0.600 F400.000
G1 X-15.229 Y-64.014 Z-0.600 F400.000
G1 X-15.240 Y-63.906 Z-0.600 F400.000
G1 X-15.249 Y-63.877 Z-0.600 F400.000
G1 X-15.263 Y-63.850 Z-0.600 F400.000
G1 X-15.282 Y-63.827 Z-0.600 F400.000
G1 X-15.306 Y-63.808 Z-0.600 F400.000
G1 X-15.332 Y-63.793 Z-0.600 F400.000
G1 X-15.361 Y-63.785 Z-0.600 F400.000
G1 X-15.470 Y-63.774 Z-0.600 F400.000
G1 X-16.875 Y-63.774 Z-0.600 F400.000
G1 X-17.082 Y-63.760 Z-0.600 F400.000
G1 X-17.341 Y-63.726 Z-0.600 F400.000
G1 X-17.741 Y-63.619 Z-0.600 F400.000
G1 X-17.983 Y-63.519 Z-0.600 F400.000
G1 X-18.341 Y-63.312 Z-0.600 F400.000
G1 X-18.549 Y-63.153 Z-0.600 F400.000
G1 X-18.842 Y-62.860 Z-0.600 F400.000
G1 X-19.000 Y-62.653 Z-0.600 F400.000
G1 X-19.208 Y-62.294 Z-0.600 F400.000
G1 X-19.308 Y-62.053 Z-0.600 F400.000
G1 X-19.415 Y-61.653 Z-0.600 F400.000
G1 X-19.449 Y-61.394 Z-0.600 F400.000
G1 X-19.462 Y-61.187 Z-0.600 F400.000
G1 X-19.460 Y-38.438 Z-0.600 F400.000
G1 X-19.431 Y-38.075 Z-0.600 F400.000
G1 X-19.362 Y-37.718 Z-0.600 F400.000
G1 X-19.255 Y-37.370 Z-0.600 F400.000
G1 X-19.150 Y-37.114 Z-0.600 F400.000
G1 X-15.263 Y-28.778 Z-0.600 F400.000
G1 X-15.240 Y-28.721 Z-0.600 F400.000
G1 X-15.235 Y-28.705 Z-0.600 F400.000
G1 X-15.232 Y-28.687 Z-0.600 F400.000
G1 X-15.229 Y-28.627 Z-0.600 F400.000
G1 X-15.229 Y-25.735 Z-0.600 F400.000
G1 X-15.240 Y-25.627 Z-0.600 F400.000
G1 X-15.249 Y-25.598 Z-0.600 F400.000
G1 X-15.263 Y-25.571 Z-0.600 F400.000
G1 X-15.282 Y-25.548 Z-0.600 F400.000
G1 X-15.306 Y-25.529 Z-0.600 F400.000
G1 X-15.332 Y-25.514 Z-0.600 F400.000
G1 X-15.361 Y-25.506 Z-0.600 F400.000
G1 X-15.470 Y-25.495 Z-0.600 F400.000
G1 X-16.875 Y-25.495 Z-0.600 F400.000
G1 X-17.082 Y-25.481 Z-0.600 F400.000
G1 X-17.341 Y-25.447 Z-0.600 F400.000
G1 X-17.741 Y-25.340 Z-0.600 F400.000
G1 X-17.983 Y-25.240 Z-0.600 F400.000
G1 X-18.341 Y-25.033 Z-0.600 F400.000
G1 X-18.549 Y-24.874 Z-0.600 F400.000
G1 X-18.842 Y-24.581 Z-0.600 F400.000
G1 X-19.000 Y-24.374 Z-0.600 F400.000
G1 X-19.208 Y-24.015 Z-0.600 F400.000
G1 X-19.308 Y-23.774 Z-0.600 F400.000
G1 X-19.415 Y-23.374 Z-0.600 F400.000
G1 X-19.449 Y-23.115 Z-0.600 F400.000
G1 X-19.462 Y-22.907 Z-0.600 F400.000
G1 X-19.462 Y-2.500 Z-0.600 F400.000
G0 Z5.000
G0 X-19.462 Y-227.500
G0 Z3.000
G1 X-19.462 Y-227.500 Z-0.800 F250.000
G1 X-19.455 Y-208.827 Z-0.800 F400.000
G1 X-19.421 Y-208.486 Z-0.800 F400.000
G1 X-19.361 Y-208.181 Z-0.800 F400.000
G1 X-19.261 Y-207.852 Z-0.800 F400.000
G1 X-19.142 Y-207.565 Z-0.800 F400.000
G1 X-18.980 Y-207.262 Z-0.800 F400.000
G1 X-18.807 Y-207.004 Z-0.800 F400.000
G1 X-18.590 Y-206.738 Z-0.800 F400.000
G1 X-18.370 Y-206.518 Z-0.800 F400.000
G1 X-18.104 Y-206.301 Z-0.800 F400.000
G1 X-17.846 Y-206.128 Z-0.800 F400.000
G1 X-17.543 Y-205.966 Z-0.800 F400.000
G1 X-17.256 Y-205.847 Z-0.800 F400.000
G1 X-16.927 Y-205.747 Z-0.800 F400.000
G1 X-16.622 Y-205.687 Z-0.800 F400.000
G1 X-16.125 Y-205.645 Z-0.800 F400.000
G1 X-13.353 Y-205.645 Z-0.800 F400.000
G1 X-13.245 Y-205.635 Z-0.800 F400.000
G1 X-13.216 Y-205.626 Z-0.800 F400.000
G1 X-13.189 Y-205.612 Z-0.800 F400.000
G1 X-13.166 Y-205.592 Z-0.800 F400.000
G1 X-13.146 Y-205.569 Z-0.800 F400.000
G1 X-13.132 Y-205.542 Z-0.800 F400.000
G1 X-13.123 Y-205.513 Z-0.800 F400.000
G1 X-13.113 Y-205.405 Z-0.800 F400.000
G1 X-13.112 Y-203.698 Z-0.800 F400.000
G1 X-13.123 Y-203.590 Z-0.800 F400.000
G1 X-13.132 Y-203.561 Z-0.800 F400.000
G1 X-13.146 Y-203.534 Z-0.800 F400.000
G1 X-13.166 Y-203.511 Z-0.800 F400.000
G1 X-13.189 Y-203.492 Z-0.800 F400.000
G1 X-13.216 Y-203.477 Z-0.800 F400.000
G1 X-13.245 Y-203.469 Z-0.800 F400.000
G1 X-13.355 Y-203.458 Z-0.800 F400.000
G1 X-16.281 Y-203.450 Z-0.800 F400.000
G1 X-16.622 Y-203.417 Z-0.800 F400.000
G1 X-16.927 Y-203.356 Z-0.800 F400.000
G1 X-17.256 Y-203.256 Z-0.800 F400.000
G1 X-17.543 Y-203.137 Z-0.800 F400.000
G1 X-17.846 Y-202.976 Z-0.800 F400.000
G1 X-18.104 Y-202.803 Z-0.800 F400.000
G1 X-18.370 Y-202.585 Z-0.800 F400.000
G1 X-18.590 Y-202.365 Z-0.800 F400.000
G1 X-18.807 Y-202.100 Z-0.800 F400.000
G1 X-18.980 Y-201.841 Z-0.800 F400.000
G1 X-19.142 Y-201.538 Z-0.800 F400.000
G1 X-19.261 Y-201.251 Z-0.800 F400.000
G1 X-19.361 Y-200.923 Z-0.800 F400.000
G1 X-19.421 Y-200.617 Z-0.800 F400.000
G1 X-19.462 Y-200.120 Z-0.800 F400.000
G1 X-19.460 Y-191.554 Z-0.800 F400.000
G1 X-19.431 Y-191.191 Z-0.800 F400.000
G1 X-19.362 Y-190.834 Z-0.800 F400.000
G1 X-19.255 Y-190.486 Z-0.800 F400.000
G1 X-19.150 Y-190.230 Z-0.800 F400.000
G1 X-15.263 Y-181.894 Z-0.800 F400.000
G1 X-15.240 Y-181.838 Z-0.800 F400.000
G1 X-15.235 Y-181.821 Z-0.800 F400.000
G1 X-15.232 Y-181.803 Z-0.800 F400.000
G1 X-15.229 Y-181.743 Z-0.800 F400.000
G1 X-15.229 Y-178.852 Z-0.800 F400.000
G1 X-15.240 Y-178.743 Z-0.800 F400.000
G1 X-15.249 Y-178.714 Z-0.800 F400.000
G1 X-15.263 Y-178.688 Z-0.800 F400.000
G1 X-15.282 Y-178.664 Z-0.800 F400.000
G1 X-15.306 Y-178.645 Z-0.800 F400.000
G1 X-15.332 Y-178.631 Z-0.800 F400.000
G1 X-15.361 Y-178.622 Z-0.800 F400.000
G1 X-15.470 Y-178.611 Z-0.800 F400.000
G1 X-16.875 Y-178.611 Z-0.800 F400.000
G1 X-17.082 Y-178.597 Z-0.800 F400.000
G1 X-17.341 Y-178.563 Z-0.800 F400.000
G1 X-17.741 Y-178.456 Z-0.800 F400.000
G1 X-17.983 Y-178.356 Z-0.800 F400.000
G1 X-18.341 Y-178.149 Z-0.800 F400.000
G1 X-18.549 Y-177.990 Z-0.800 F400.000
G1 X-18.842 Y-177.697 Z-0.800 F400.000
G1 X-19.000 Y-177.490 Z-0.800 F400.000
G1 X-19.208 Y-177.131 Z-0.800 F400.000
G1 X-19.308 Y-176.890 Z-0.800 F400.000
G1 X-19.415 Y-176.490 Z-0.800 F400.000
G1 X-19.449 Y-176.231 Z-0.800 F400.000
G1 X-19.462 Y-176.024 Z-0.800 F400.000
G1 X-19.460 Y-153.275 Z-0.800 F400.000
G1 X-19.431 Y-152.912 Z-0.800 F400.000
G1 X-19.362 Y-152.555 Z-0.800 F400.000
G1 X-19.255 Y-152.207 Z-0.800 F400.000
G1 X-19.150 Y-151.951 Z-0.800 F400.000
G1 X-15.263 Y-143.615 Z-0.800 F400.000
G1 X-15.240 Y-143.559 Z-0.800 F400.000
G1 X-15.235 Y-143.542 Z-0.800 F400.000
G1 X-15.232 Y-143.524 Z-0.800 F400.000
G1 X-15.229 Y-143.464 Z-0.800 F400.000
G1 X-15.229 Y-140.573 Z-0.800 F400.000
G1 X-15.240 Y-140.464 Z-0.800 F400.000
G1 X-15.249 Y-140.435 Z-0.800 F400.000
G1 X-15.263 Y-140.409 Z-0.800 F400.000
G1 X-15.282 Y-140.385 Z-0.800 F400.000
G1 X-15.306 Y-140.366 Z-0.800 F400.000
G1 X-15.332 Y-140.351 Z-0.800 F400.000
G1 X-15.361 Y-140.343 Z-0.800 F400.000
G1 X-15.470 Y-140.332 Z-0.800 F400.000
G1 X-16.875 Y-140.332 Z-0.800 F400.000
G1 X-17.082 Y-140.318 Z-0.800 F400.000
G1 X-17.341 Y-140.284 Z-0.800 F400.000
G1 X-17.741 Y-140.177 Z-0.800 F400.000
G1 X-17.983 Y-140.077 Z-0.800 F400.000
G1 X-18.341 Y-139.870 Z-0.800 F400.000
G1 X-18.549 Y-139.711 Z-0.800 F400.000
G1 X-18.842 Y-139.418 Z-0.800 F400.000
G1 X-19.000 Y-139.211 Z-0.800 F400.000
G1 X-19.208 Y-138.852 Z-0.800 F400.000
G1 X-19.308 Y-138.611 Z-0.800 F400.000
G1 X-19.415 Y-138.211 Z-0.800 F400.000
G1 X-19.449 Y-137.952 Z-0.800 F400.000
G1 X-19.462 Y-137.745 Z-0.800 F400.000
G1 X-19.460 Y-114.996 Z-0.800 F400.000
G1 X-19.431 Y-114.633 Z-0.800 F400.000
G1 X-19.362 Y-114.276 Z-0.800 F400.000
G1 X-19.255 Y-113.928 Z-0.800 F400.000
G1 X-19.150 Y-113.672 Z-0.800 F400.000
G1 X-15.263 Y-105.336 Z-0.800 F400.000
G1 X-15.240 Y-105.279 Z-0.800 F400.000
G1 X-15.235 Y-105.263 Z-0.800 F400.000
G1 X-15.232 Y-105.245 Z-0.800 F400.000
G1 X-15.229 Y-105.185 Z-0.800 F400.000
G1 X-15.229 Y-102.294 Z-0.800 F400.000
G1 X-15.240 Y-102.185 Z-0.800 F400.000
G1 X-15.249 Y-102.156 Z-0.800 F400.000
G1 X-15.263 Y-102.130 Z-0.800 F400.000
G1 X-15.282 Y-102.106 Z-0.800 F400.000
G1 X-15.306 Y-102.087 Z-0.800 F400.000
G1 X-15.332 Y-102.072 Z-0.800 F400.000
G1 X-15.361 Y-102.064 Z-0.800 F400.000
G1 X-15.470 Y-102.053 Z-0.800 F400.000
G1 X-16.875 Y-102.053 Z-0.800 F400.000
G1 X-17.082 Y-102.039 Z-0.800 F400.000
G1 X-17.341 Y-102.005 Z-0.800 F400.000
G1 X-17.741 Y-101.898 Z-0.800 F400.000
G1 X-17.983 Y-101.798 Z-0.800 F400.000
G1 X-18.341 Y-101.591 Z-0.800 F400.000
G1 X-18.549 Y-101.432 Z-0.800 F400.000
G1 X-18.842 Y-101.139 Z-0.800 F400.000
G1 X-19.000 Y-100.932 Z-0.800 F400.000
G1 X-19.208 Y-100.573 Z-0.800 F400.000
G1 X-19.308 Y-100.332 Z-0.800 F400.000
G1 X-19.415 Y-99.932 Z-0.800 F400.000
G1 X-19.449 Y-99.673 Z-0.800 F400.000
G1 X-19.462 Y-99.466 Z-0.800 F400.000
G1 X-19.460 Y-76.717 Z-0.800 F400.000
G1 X-19.431 Y-76.354 Z-0.800 F400.000
G1 X-19.362 Y-75.997 Z-0.800 F400.000
G1 X-19.255 Y-75.649 Z-0.800 F400.000
G1 X-19.150 Y-75.393 Z-0.800 F400.000
G1 X-15.263 Y-67.057 Z-0.800 F400.000
G1 X-15.240 Y-67.000 Z-0.800 F400.000
G1 X-15.235 Y-66.984 Z-0.800 F400.000
G1 X-15.232 Y-66.966 Z-0.800 F400.000
G1 X-15.229 Y-66.906 Z-0.800 F400.000
G1 X-15.229 Y-64.014 Z-0.800 F400.000
G1 X-15.240 Y-63.906 Z-0.800 F400.000
G1 X-15.249 Y-63.877 Z-0.800 F400.000
G1 X-15.263 Y-63.850 Z-0.800 F400.000
G1 X-15.282 Y-63.827 Z-0.800 F400.000
G1 X-15.306 Y-63.808 Z-0.800 F400.000
G1 X-15.332 Y-63.793 Z-0.800 F400.000
G1 X-15.361 Y-63.785 Z-0.800 F400.000
G1 X-15.470 Y-63.774 Z-0.800 F400.000
G1 X-16.875 Y-63.774 Z-0.800 F400.000
G1 X-17.082 Y-63.760 Z-0.800 F400.000
G1 X-17.341 Y-63.726 Z-0.800 F400.000
G1 X-17.741 Y-63.619 Z-0.800 F400.000
G1 X-17.983 Y-63.519 Z-0.800 F400.000
G1 X-18.341 Y-63.312 Z-0.800 F400.000
G1 X-18.549 Y-63.153 Z-0.800 F400.000
G1 X-18.842 Y-62.860 Z-0.800 F400.000
G1 X-19.000 Y-62.653 Z-0.800 F400.000
G1 X-19.208 Y-62.294 Z-0.800 F400.000
G1 X-19.308 Y-62.053 Z-0.800 F400.000
G1 X-19.415 Y-61.653 Z-0.800 F400.000
G1 X-19.449 Y-61.394 Z-0.800 F400.000
G1 X-19.462 Y-61.187 Z-0.800 F400.000
G1 X-19.460 Y-38.438 Z-0.800 F400.000
G1 X-19.431 Y-38.075 Z-0.800 F400.000
G1 X-19.362 Y-37.718 Z-0.800 F400.000
G1 X-19.255 Y-37.370 Z-0.800 F400.000
G1 X-19.150 Y-37.114 Z-0.800 F400.000
G1 X-15.263 Y-28.778 Z-0.800 F400.000
G1 X-15.240 Y-28.721 Z-0.800 F400.000
G1 X-15.235 Y-28.705 Z-0.800 F400.000
G1 X-15.232 Y-28.687 Z-0.800 F400.000
G1 X-15.229 Y-28.627 Z-0.800 F400.000
G1 X-15.229 Y-25.735 Z-0.800 F400.000
G1 X-15.240 Y-25.627 Z-0.800 F400.000
G1 X-15.249 Y-25.598 Z-0.800 F400.000
G1 X-15.263 Y-25.571 Z-0.800 F400.000
G1 X-15.282 Y-25.548 Z-0.800 F400.000
G1 X-15.306 Y-25.529 Z-0.800 F400.000
G1 X-15.332 Y-25.514 Z-0.800 F400.000
G1 X-15.361 Y-25.506 Z-0.800 F400.000
G1 X-15.470 Y-25.495 Z-0.800 F400.000
G1 X-16.875 Y-25.495 Z-0.800 F400.000
G1 X-17.082 Y-25.481 Z-0.800 F400.000
G1 X-17.341 Y-25.447 Z-0.800 F400.000
G1 X-17.741 Y-25.340 Z-0.800 F400.000
G1 X-17.983 Y-25.240 Z-0.800 F400.000
G1 X-18.341 Y-25.033 Z-0.800 F400.000
G1 X-18.549 Y-24.874 Z-0.800 F400.000
G1 X-18.842 Y-24.581 Z-0.800 F400.000
G1 X-19.000 Y-24.374 Z-0.800 F400.000
G1 X-19.208 Y-24.015 Z-0.800 F400.000
G1 X-19.308 Y-23.774 Z-0.800 F400.000
G1 X-19.415 Y-23.374 Z-0.800 F400.000
G1 X-19.449 Y-23.115 Z-0.800 F400.000
G1 X-19.462 Y-22.907 Z-0.800 F400.000
G1 X-19.462 Y-2.500 Z-0.800 F400.000
G0 Z5.000
G0 X-19.462 Y-227.500
G0 Z3.000
G1 X-19.462 Y-227.500 Z-1.000 F250.000
G1 X-19.455 Y-208.827 Z-1.000 F400.000
G1 X-19.421 Y-208.486 Z-1.000 F400.000
G1 X-19.361 Y-208.181 Z-1.000 F400.000
G1 X-19.261 Y-207.852 Z-1.000 F400.000
G1 X-19.142 Y-207.565 Z-1.000 F400.000
G1 X-18.980 Y-207.262 Z-1.000 F400.000
G1 X-18.807 Y-207.004 Z-1.000 F400.000
G1 X-18.590 Y-206.738 Z-1.000 F400.000
G1 X-18.370 Y-206.518 Z-1.000 F400.000
G1 X-18.104 Y-206.301 Z-1.000 F400.000
G1 X-17.846 Y-206.128 Z-1.000 F400.000
G1 X-17.543 Y-205.966 Z-1.000 F400.000
G1 X-17.256 Y-205.847 Z-1.000 F400.000
G1 X-16.927 Y-205.747 Z-1.000 F400.000
G1 X-16.622 Y-205.687 Z-1.000 F400.000
G1 X-16.125 Y-205.645 Z-1.000 F400.000
G1 X-13.353 Y-205.645 Z-1.000 F400.000
G1 X-13.245 Y-205.635 Z-1.000 F400.000
G1 X-13.216 Y-205.626 Z-1.000 F400.000
G1 X-13.189 Y-205.612 Z-1.000 F400.000
G1 X-13.166 Y-205.592 Z-1.000 F400.000
G1 X-13.146 Y-205.569 Z-1.000 F400.000
G1 X-13.132 Y-205.542 Z-1.000 F400.000
G1 X-13.123 Y-205.513 Z-1.000 F400.000
G1 X-13.113 Y-205.405 Z-1.000 F400.000
G1 X-13.112 Y-203.698 Z-1.000 F400.000
G1 X-13.123 Y-203.590 Z-1.000 F400.000
G1 X-13.132 Y-203.561 Z-1.000 F400.000
G1 X-13.146 Y-203.534 Z-1.000 F400.000
G1 X-13.166 Y-203.511 Z-1.000 F400.000
G1 X-13.189 Y-203.492 Z-1.000 F400.000
G1 X-13.216 Y-203.477 Z-1.000 F400.000
G1 X-13.245 Y-203.469 Z-1.000 F400.000
G1 X-13.355 Y-203.458 Z-1.000 F400.000
G1 X-16.281 Y-203.450 Z-1.000 F400.000
G1 X-16.622 Y-203.417 Z-1.000 F400.000
G1 X-16.927 Y-203.356 Z-1.000 F400.000
G1 X-17.256 Y-203.256 Z-1.000 F400.000
G1 X-17.543 Y-203.137 Z-1.000 F400.000
G1 X-17.846 Y-202.976 Z-1.000 F400.000
G1 X-18.104 Y-202.803 Z-1.000 F400.000
G1 X-18.370 Y-202.585 Z-1.000 F400.000
G1 X-18.590 Y-202.365 Z-1.000 F400.000
G1 X-18.807 Y-202.100 Z-1.000 F400.000
G1 X-18.980 Y-201.841 Z-1.000 F400.000
G1 X-19.142 Y-201.538 Z-1.000 F400.000
G1 X-19.261 Y-201.251 Z-1.000 F400.000
G1 X-19.361 Y-200.923 Z-1.000 F400.000
G1 X-19.421 Y-200.617 Z-1.000 F400.000
G1 X-19.462 Y-200.120 Z-1.000 F400.000
G1 X-19.460 Y-191.554 Z-1.000 F400.000
G1 X-19.431 Y-191.191 Z-1.000 F400.000
G1 X-19.362 Y-190.834 Z-1.000 F400.000
G1 X-19.255 Y-190.486 Z-1.000 F400.000
G1 X-19.150 Y-190.230 Z-1.000 F400.000
G1 X-15.263 Y-181.894 Z-1.000 F400.000
G1 X-15.240 Y-181.838 Z-1.000 F400.000
G1 X-15.235 Y-181.821 Z-1.000 F400.000
G1 X-15.232 Y-181.803 Z-1.000 F400.000
G1 X-15.229 Y-181.743 Z-1.000 F400.000
G1 X-15.229 Y-178.852 Z-1.000 F400.000
G1 X-15.240 Y-178.743 Z-1.000 F400.000
G1 X-15.249 Y-178.714 Z-1.000 F400.000
G1 X-15.263 Y-178.688 Z-1.000 F400.000
G1 X-15.282 Y-178.664 Z-1.000 F400.000
G1 X-15.306 Y-178.645 Z-1.000 F400.000
G1 X-15.332 Y-178.631 Z-1.000 F400.000
G1 X-15.361 Y-178.622 Z-1.000 F400.000
G1 X-15.470 Y-178.611 Z-1.000 F400.000
G1 X-16.875 Y-178.611 Z-1.000 F400.000
G1 X-17.082 Y-178.597 Z-1.000 F400.000
G1 X-17.341 Y-178.563 Z-1.000 F400.000
G1 X-17.741 Y-178.456 Z-1.000 F400.000
G1 X-17.983 Y-178.356 Z-1.000 F400.000
G1 X-18.341 Y-178.149 Z-1.000 F400.000
G1 X-18.549 Y-177.990 Z-1.000 F400.000
G1 X-18.842 Y-177.697 Z-1.000 F400.000
G1 X-19.000 Y-177.490 Z-1.000 F400.000
G1 X-19.208 Y-177.131 Z-1.000 F400.000
G1 X-19.308 Y-176.890 Z-1.000 F400.000
G1 X-19.415 Y-176.490 Z-1.000 F400.000
G1 X-19.449 Y-176.231 Z-1.000 F400.000
G1 X-19.462 Y-176.024 Z-1.000 F400.000
G1 X-19.460 Y-153.275 Z-1.000 F400.000
G1 X-19.431 Y-152.912 Z-1.000 F400.000
G1 X-19.362 Y-152.555 Z-1.000 F400.000
G1 X-19.255 Y-152.207 Z-1.000 F400.000
G1 X-19.150 Y-151.951 Z-1.000 F400.000
G1 X-15.263 Y-143.615 Z-1.000 F400.000
G1 X-15.240 Y-143.559 Z-1.000 F400.000
G1 X-15.235 Y-143.542 Z-1.000 F400.000
G1 X-15.232 Y-143.524 Z-1.000 F400.000
G1 X-15.229 Y-143.464 Z-1.000 F400.000
G1 X-15.229 Y-140.573 Z-1.000 F400.000
G1 X-15.240 Y-140.464 Z-1.000 F400.000
G1 X-15.249 Y-140.435 Z-1.000 F400.000
G1 X-15.263 Y-140.409 Z-1.000 F400.000
G1 X-15.282 Y-140.385 Z-1.000 F400.000
G1 X-15.306 Y-140.366 Z-1.000 F400.000
G1 X-15.332 Y-140.351 Z-1.000 F400.000
G1 X-15.361 Y-140.343 Z-1.000 F400.000
G1 X-15.470 Y-140.332 Z-1.000 F400.000
G1 X-16.875 Y-140.332 Z-1.000 F400.000
G1 X-17.082 Y-140.318 Z-1.000 F400.000
G1 X-17.341 Y-140.284 Z-1.000 F400.000
G1 X-17.741 Y-140.177 Z-1.000 F400.000
G1 X-17.983 Y-140.077 Z-1.000 F400.000
G1 X-18.341 Y-139.870 Z-1.000 F400.000
G1 X-18.549 Y-139.711 Z-1.000 F400.000
G1 X-18.842 Y-139.418 Z-1.000 F400.000
G1 X-19.000 Y-139.211 Z-1.000 F400.000
G1 X-19.208 Y-138.852 Z-1.000 F400.000
G1 X-19.308 Y-138.611 Z-1.000 F400.000
G1 X-19.415 Y-138.211 Z-1.000 F400.000
G1 X-19.449 Y-137.952 Z-1.000 F400.000
G1 X-19.462 Y-137.745 Z-1.000 F400.000
G1 X-19.460 Y-114.996 Z-1.000 F400.000
G1 X-19.431 Y-114.633 Z-1.000 F400.000
G1 X-19.362 Y-114.276 Z-1.000 F400.000
G1 X-19.255 Y-113.928 Z-1.000 F400.000
G1 X-19.150 Y-113.672 Z-1.000 F400.000
G1 X-15.263 Y-105.336 Z-1.000 F400.000
G1 X-15.240 Y-105.279 Z-1.000 F400.000
G1 X-15.235 Y-105.263 Z-1.000 F400.000
G1 X-15.232 Y-105.245 Z-1.000 F400.000
G1 X-15.229 Y-105.185 Z-1.000 F400.000
G1 X-15.229 Y-102.294 Z-1.000 F400.000
G1 X-15.240 Y-102.185 Z-1.000 F400.000
G1 X-15.249 Y-102.156 Z-1.000 F400.000
G1 X-15.263 Y-102.130 Z-1.000 F400.000
G1 X-15.282 Y-102.106 Z-1.000 F400.000
G1 X-15.306 Y-102.087 Z-1.000 F400.000
G1 X-15.332 Y-102.072 Z-1.000 F400.000
G1 X-15.361 Y-102.064 Z-1.000 F400.000
G1 X-15.470 Y-102.053 Z-1.000 F400.000
G1 X-16.875 Y-102.053 Z-1.000 F400.000
G1 X-17.082 Y-102.039 Z-1.000 F400.000
G1 X-17.341 Y-102.005 Z-1.000 F400.000
G1 X-17.741 Y-101.898 Z-1.000 F400.000
G1 X-17.983 Y-101.798 Z-1.000 F400.000
G1 X-18.341 Y-101.591 Z-1.000 F400.000
G1 X-18.549 Y-101.432 Z-1.000 F400.000
G1 X-18.842 Y-101.139 Z-1.000 F400.000
G1 X-19.000 Y-100.932 Z-1.000 F400.000
G1 X-19.208 Y-100.573 Z-1.000 F400.000
G1 X-19.308 Y-100.332 Z-1.000 F400.000
G1 X-19.415 Y-99.932 Z-1.000 F400.000
G1 X-19.449 Y-99.673 Z-1.000 F400.000
G1 X-19.462 Y-99.466 Z-1.000 F400.000
G1 X-19.460 Y-76.717 Z-1.000 F400.000
G1 X-19.431 Y-76.354 Z-1.000 F400.000
G1 X-19.362 Y-75.997 Z-1.000 F400.000
G1 X-19.255 Y-75.649 Z-1.000 F400.000
G1 X-19.150 Y-75.393 Z-1.000 F400.000
G1 X-15.263 Y-67.057 Z-1.000 F400.000
G1 X-15.240 Y-67.000 Z-1.000 F400.000
G1 X-15.235 Y-66.984 Z-1.000 F400.000
G1 X-15.232 Y-66.966 Z-1.000 F400.000
G1 X-15.229 Y-66.906 Z-1.000 F400.000
G1 X-15.229 Y-64.014 Z-1.000 F400.000
G1 X-15.240 Y-63.906 Z-1.000 F400.000
G1 X-15.249 Y-63.877 Z-1.000 F400.000
G1 X-15.263 Y-63.850 Z-1.000 F400.000
G1 X-15.282 Y-63.827 Z-1.000 F400.000
G1 X-15.306 Y-63.808 Z-1.000 F400.000
G1 X-15.332 Y-63.793 Z-1.000 F400.000
G1 X-15.361 Y-63.785 Z-1.000 F400.000
G1 X-15.470 Y-63.774 Z-1.000 F400.000
G1 X-16.875 Y-63.774 Z-1.000 F400.000
G1 X-17.082 Y-63.760 Z-1.000 F400.000
G1 X-17.341 Y-63.726 Z-1.000 F400.000
G1 X-17.741 Y-63.619 Z-1.000 F400.000
G1 X-17.983 Y-63.519 Z-1.000 F400.000
G1 X-18.341 Y-63.312 Z-1.000 F400.000
G1 X-18.549 Y-63.153 Z-1.000 F400.000
G1 X-18.842 Y-62.860 Z-1.000 F400.000
G1 X-19.000 Y-62.653 Z-1.000 F400.000
G1 X-19.208 Y-62.294 Z-1.000 F400.000
G1 X-19.308 Y-62.053 Z-1.000 F400.000
G1 X-19.415 Y-61.653 Z-1.000 F400.000
G1 X-19.449 Y-61.394 Z-1.000 F400.000
G1 X-19.462 Y-61.187 Z-1.000 F400.000
G1 X-19.460 Y-38.438 Z-1.000 F400.000
G1 X-19.431 Y-38.075 Z-1.000 F400.000
G1 X-19.362 Y-37.718 Z-1.000 F400.000
G1 X-19.255 Y-37.370 Z-1.000 F400.000
G1 X-19.150 Y-37.114 Z-1.000 F400.000
G1 X-15.263 Y-28.778 Z-1.000 F400.000
G1 X-15.240 Y-28.721 Z-1.000 F400.000
G1 X-15.235 Y-28.705 Z-1.000 F400.000
G1 X-15.232 Y-28.687 Z-1.000 F400.000
G1 X-15.229 Y-28.627 Z-1.000 F400.000
G1 X-15.229 Y-25.735 Z-1.000 F400.000
G1 X-15.240 Y-25.627 Z-1.000 F400.000
G1 X-15.249 Y-25.598 Z-1.000 F400.000
G1 X-15.263 Y-25.571 Z-1.000 F400.000
G1 X-15.282 Y-25.548 Z-1.000 F400.000
G1 X-15.306 Y-25.529 Z-1.000 F400.000
G1 X-15.332 Y-25.514 Z-1.000 F400.000
G1 X-15.361 Y-25.506 Z-1.000 F400.000
G1 X-15.470 Y-25.495 Z-1.000 F400.000
G1 X-16.875 Y-25.495 Z-1.000 F400.000
G1 X-17.082 Y-25.481 Z-1.000 F400.000
G1 X-17.341 Y-25.447 Z-1.000 F400.000
G1 X-17.741 Y-25.340 Z-1.000 F400.000
G1 X-17.983 Y-25.240 Z-1.000 F400.000
G1 X-18.341 Y-25.033 Z-1.000 F400.000
G1 X-18.549 Y-24.874 Z-1.000 F400.000
G1 X-18.842 Y-24.581 Z-1.000 F400.000
G1 X-19.000 Y-24.374 Z-1.000 F400.000
G1 X-19.208 Y-24.015 Z-1.000 F400.000
G1 X-19.308 Y-23.774 Z-1.000 F400.000
G1 X-19.415 Y-23.374 Z-1.000 F400.000
G1 X-19.449 Y-23.115 Z-1.000 F400.000
G1 X-19.462 Y-22.907 Z-1.000 F400.000
G1 X-19.462 Y-2.500 Z-1.000 F400.000
G0 Z5.000
G0 X-19.462 Y-227.500
G0 Z3.000
G1 X-19.462 Y-227.500 Z-1.200 F250.000
G1 X-19.455 Y-208.827 Z-1.200 F400.000
G1 X-19.421 Y-208.486 Z-1.200 F400.000
G1 X-19.361 Y-208.181 Z-1.200 F400.000
G1 X-19.261 Y-207.852 Z-1.200 F400.000
G1 X-19.142 Y-207.565 Z-1.200 F400.000
G1 X-18.980 Y-207.262 Z-1.200 F400.000
G1 X-18.807 Y-207.004 Z-1.200 F400.000
G1 X-18.590 Y-206.738 Z-1.200 F400.000
G1 X-18.370 Y-206.518 Z-1.200 F400.000
G1 X-18.104 Y-206.301 Z-1.200 F400.000
G1 X-17.846 Y-206.128 Z-1.200 F400.000
G1 X-17.543 Y-205.966 Z-1.200 F400.000
G1 X-17.256 Y-205.847 Z-1.200 F400.000
G1 X-16.927 Y-205.747 Z-1.200 F400.000
G1 X-16.622 Y-205.687 Z-1.200 F400.000
G1 X-16.125 Y-205.645 Z-1.200 F400.000
G1 X-13.353 Y-205.645 Z-1.200 F400.000
G1 X-13.245 Y-205.635 Z-1.200 F400.000
G1 X-13.216 Y-205.626 Z-1.200 F400.000
G1 X-13.189 Y-205.612 Z-1.200 F400.000
G1 X-13.166 Y-205.592 Z-1.200 F400.000
G1 X-13.146 Y-205.569 Z-1.200 F400.000
G1 X-13.132 Y-205.542 Z-1.200 F400.000
G1 X-13.123 Y-205.513 Z-1.200 F400.000
G1 X-13.113 Y-205.405 Z-1.200 F400.000
G1 X-13.112 Y-203.698 Z-1.200 F400.000
G1 X-13.123 Y-203.590 Z-1.200 F400.000
G1 X-13.132 Y-203.561 Z-1.200 F400.000
G1 X-13.146 Y-203.534 Z-1.200 F400.000
G1 X-13.166 Y-203.511 Z-1.200 F400.000
G1 X-13.189 Y-203.492 Z-1.200 F400.000
G1 X-13.216 Y-203.477 Z-1.200 F400.000
G1 X-13.245 Y-203.469 Z-1.200 F400.000
G1 X-13.355 Y-203.458 Z-1.200 F400.000
G1 X-16.281 Y-203.450 Z-1.200 F400.000
G1 X-16.622 Y-203.417 Z-1.200 F400.000
G1 X-16.927 Y-203.356 Z-1.200 F400.000
G1 X-17.256 Y-203.256 Z-1.200 F400.000
G1 X-17.543 Y-203.137 Z-1.200 F400.000
G1 X-17.846 Y-202.976 Z-1.200 F400.000
G1 X-18.104 Y-202.803 Z-1.200 F400.000
G1 X-18.370 Y-202.585 Z-1.200 F400.000
G1 X-18.590 Y-202.365 Z-1.200 F400.000
G1 X-18.807 Y-202.100 Z-1.200 F400.000
G1 X-18.980 Y-201.841 Z-1.200 F400.000
G1 X-19.142 Y-201.538 Z-1.200 F400.000
G1 X-19.261 Y-201.251 Z-1.200 F400.000
G1 X-19.361 Y-200.923 Z-1.200 F400.000
G1 X-19.421 Y-200.617 Z-1.200 F400.000
G1 X-19.462 Y-200.120 Z-1.200 F400.000
G1 X-19.460 Y-191.554 Z-1.200 F400.000
G1 X-19.431 Y-191.191 Z-1.200 F400.000
G1 X-19.362 Y-190.834 Z-1.200 F400.000
G1 X-19.255 Y-190.486 Z-1.200 F400.000
G1 X-19.150 Y-190.230 Z-1.200 F400.000
G1 X-15.263 Y-181.894 Z-1.200 F400.000
G1 X-15.240 Y-181.838 Z-1.200 F400.000
G1 X-15.235 Y-181.821 Z-1.200 F400.000
G1 X-15.232 Y-181.803 Z-1.200 F400.000
G1 X-15.229 Y-181.743 Z-1.200 F400.000
G1 X-15.229 Y-178.852 Z-1.200 F400.000
G1 X-15.240 Y-178.743 Z-1.200 F400.000
G1 X-15.249 Y-178.714 Z-1.200 F400.000
G1 X-15.263 Y-178.688 Z-1.200 F400.000
G1 X-15.282 Y-178.664 Z-1.200 F400.000
G1 X-15.306 Y-178.645 Z-1.200 F400.000
G1 X-15.332 Y-178.631 Z-1.200 F400.000
G1 X-15.361 Y-178.622 Z-1.200 F400.000
G1 X-15.470 Y-178.611 Z-1.200 F400.000
G1 X-16.875 Y-178.611 Z-1.200 F400.000
G1 X-17.082 Y-178.597 Z-1.200 F400.000
G1 X-17.341 Y-178.563 Z-1.200 F400.000
G1 X-17.741 Y-178.456 Z-1.200 F400.000
G1 X-17.983 Y-178.356 Z-1.200 F400.000
G1 X-18.341 Y-178.149 Z-1.200 F400.000
G1 X-18.549 Y-177.990 Z-1.200 F400.000
G1 X-18.842 Y-177.697 Z-1.200 F400.000
G1 X-19.000 Y-177.490 Z-1.200 F400.000
G1 X-19.208 Y-177.131 Z-1.200 F400.000
G1 X-19.308 Y-176.890 Z-1.200 F400.000
G1 X-19.415 Y-176.490 Z-1.200 F400.000
G1 X-19.449 Y-176.231 Z-1.200 F400.000
G1 X-19.462 Y-176.024 Z-1.200 F400.000
G1 X-19.460 Y-153.275 Z-1.200 F400.000
G1 X-19.431 Y-152.912 Z-1.200 F400.000
G1 X-19.362 Y-152.555 Z-1.200 F400.000
G1 X-19.255 Y-152.207 Z-1.200 F400.000
G1 X-19.150 Y-151.951 Z-1.200 F400.000
G1 X-15.263 Y-143.615 Z-1.200 F400.000
G1 X-15.240 Y-143.559 Z-1.200 F400.000
G1 X-15.235 Y-143.542 Z-1.200 F400.000
G1 X-15.232 Y-143.524 Z-1.200 F400.000
G1 X-15.229 Y-143.464 Z-1.200 F400.000
G1 X-15.229 Y-140.573 Z-1.200 F400.000
G1 X-15.240 Y-140.464 Z-1.200 F400.000
G1 X-15.249 Y-140.435 Z-1.200 F400.000
G1 X-15.263 Y-140.409 Z-1.200 F400.000
G1 X-15.282 Y-140.385 Z-1.200 F400.000
G1 X-15.306 Y-140.366 Z-1.200 F400.000
G1 X-15.332 Y-140.351 Z-1.200 F400.000
G1 X-15.361 Y-140.343 Z-1.200 F400.000
G1 X-15.470 Y-140.332 Z-1.200 F400.000
G1 X-16.875 Y-140.332 Z-1.200 F400.000
G1 X-17.082 Y-140.318 Z-1.200 F400.000
G1 X-17.341 Y-140.284 Z-1.200 F400.000
G1 X-17.741 Y-140.177 Z-1.200 F400.000
G1 X-17.983 Y-140.077 Z-1.200 F400.000
G1 X-18.341 Y-139.870 Z-1.200 F400.000
G1 X-18.549 Y-139.711 Z-1.200 F400.000
G1 X-18.842 Y-139.418 Z-1.200 F400.000
G1 X-19.000 Y-139.211 Z-1.200 F400.000
G1 X-19.208 Y-138.852 Z-1.200 F400.000
G1 X-19.308 Y-138.611 Z-1.200 F400.000
G1 X-19.415 Y-138.211 Z-1.200 F400.000
G1 X-19.449 Y-137.952 Z-1.200 F400.000
G1 X-19.462 Y-137.745 Z-1.200 F400.000
G1 X-19.460 Y-114.996 Z-1.200 F400.000
G1 X-19.431 Y-114.633 Z-1.200 F400.000
G1 X-19.362 Y-114.276 Z-1.200 F400.000
G1 X-19.255 Y-113.928 Z-1.200 F400.000
G1 X-19.150 Y-113.672 Z-1.200 F400.000
G1 X-15.263 Y-105.336 Z-1.200 F400.000
G1 X-15.240 Y-105.279 Z-1.200 F400.000
G1 X-15.235 Y-105.263 Z-1.200 F400.000
G1 X-15.232 Y-105.245 Z-1.200 F400.000
G1 X-15.229 Y-105.185 Z-1.200 F400.000
G1 X-15.229 Y-102.294 Z-1.200 F400.000
G1 X-15.240 Y-102.185 Z-1.200 F400.000
G1 X-15.249 Y-102.156 Z-1.200 F400.000
G1 X-15.263 Y-102.130 Z-1.200 F400.000
G1 X-15.282 Y-102.106 Z-1.200 F400.000
G1 X-15.306 Y-102.087 Z-1.200 F400.000
G1 X-15.332 Y-102.072 Z-1.200 F400.000
G1 X-15.361 Y-102.064 Z-1.200 F400.000
G1 X-15.470 Y-102.053 Z-1.200 F400.000
G1 X-16.875 Y-102.053 Z-1.200 F400.000
G1 X-17.082 Y-102.039 Z-1.200 F400.000
G1 X-17.341 Y-102.005 Z-1.200 F400.000
G1 X-17.741 Y-101.898 Z-1.200 F400.000
G1 X-17.983 Y-101.798 Z-1.200 F400.000
G1 X-18.341 Y-101.591 Z-1.200 F400.000
G1 X-18.549 Y-101.432 Z-1.200 F400.000
G1 X-18.842 Y-101.139 Z-1.200 F400.000
G1 X-19.000 Y-100.932 Z-1.200 F400.000
G1 X-19.208 Y-100.573 Z-1.200 F400.000
G1 X-19.308 Y-100.332 Z-1.200 F400.000
G1 X-19.415 Y-99.932 Z-1.200 F400.000
G1 X-19.449 Y-99.673 Z-1.200 F400.000
G1 X-19.462 Y-99.466 Z-1.200 F400.000
G1 X-19.460 Y-76.717 Z-1.200 F400.000
G1 X-19.431 Y-76.354 Z-1.200 F400.000
G1 X-19.362 Y-75.997 Z-1.200 F400.000
G1 X-19.255 Y-75.649 Z-1.200 F400.000
G1 X-19.150 Y-75.393 Z-1.200 F400.000
G1 X-15.263 Y-67.057 Z-1.200 F400.000
G1 X-15.240 Y-67.000 Z-1.200 F400.000
G1 X-15.235 Y-66.984 Z-1.200 F400.000
G1 X-15.232 Y-66.966 Z-1.200 F400.000
G1 X-15.229 Y-66.906 Z-1.200 F400.000
G1 X-15.229 Y-64.014 Z-1.200 F400.000
G1 X-15.240 Y-63.906 Z-1.200 F400.000
G1 X-15.249 Y-63.877 Z-1.200 F400.000
G1 X-15.263 Y-63.850 Z-1.200 F400.000
G1 X-15.282 Y-63.827 Z-1.200 F400.000
G1 X-15.306 Y-63.808 Z-1.200 F400.000
G1 X-15.332 Y-63.793 Z-1.200 F400.000
G1 X-15.361 Y-63.785 Z-1.200 F400.000
G1 X-15.470 Y-63.774 Z-1.200 F400.000
G1 X-16.875 Y-63.774 Z-1.200 F400.000
G1 X-17.082 Y-63.760 Z-1.200 F400.000
G1 X-17.341 Y-63.726 Z-1.200 F400.000
G1 X-17.741 Y-63.619 Z-1.200 F400.000
G1 X-17.983 Y-63.519 Z-1.200 F400.000
G1 X-18.341 Y-63.312 Z-1.200 F400.000
G1 X-18.549 Y-63.153 Z-1.200 F400.000
G1 X-18.842 Y-62.860 Z-1.200 F400.000
G1 X-19.000 Y-62.653 Z-1.200 F400.000
G1 X-19.208 Y-62.294 Z-1.200 F400.000
G1 X-19.308 Y-62.053 Z-1.200 F400.000
G1 X-19.415 Y-61.653 Z-1.200 F400.000
G1 X-19.449 Y-61.394 Z-1.200 F400.000
G1 X-19.462 Y-61.187 Z-1.200 F400.000
G1 X-19.460 Y-38.438 Z-1.200 F400.000
G1 X-19.431 Y-38.075 Z-1.200 F400.000
G1 X-19.362 Y-37.718 Z-1.200 F400.000
G1 X-19.255 Y-37.370 Z-1.200 F400.000
G1 X-19.150 Y-37.114 Z-1.200 F400.000
G1 X-15.263 Y-28.778 Z-1.200 F400.000
G1 X-15.240 Y-28.721 Z-1.200 F400.000
G1 X-15.235 Y-28.705 Z-1.200 F400.000
G1 X-15.232 Y-28.687 Z-1.200 F400.000
G1 X-15.229 Y-28.627 Z-1.200 F400.000
G1 X-15.229 Y-25.735 Z-1.200 F400.000
G1 X-15.240 Y-25.627 Z-1.200 F400.000
G1 X-15.249 Y-25.598 Z-1.200 F400.000
G1 X-15.263 Y-25.571 Z-1.200 F400.000
G1 X-15.282 Y-25.548 Z-1.200 F400.000
G1 X-15.306 Y-25.529 Z-1.200 F400.000
G1 X-15.332 Y-25.514 Z-1.200 F400.000
G1 X-15.361 Y-25.506 Z-1.200 F400.000
G1 X-15.470 Y-25.495 Z-1.200 F400.000
G1 X-16.875 Y-25.495 Z-1.200 F400.000
G1 X-17.082 Y-25.481 Z-1.200 F400.000
G1 X-17.341 Y-25.447 Z-1.200 F400.000
G1 X-17.741 Y-25.340 Z-1.200 F400.000
G1 X-17.983 Y-25.240 Z-1.200 F400.000
G1 X-18.341 Y-25.033 Z-1.200 F400.000
G1 X-18.549 Y-24.874 Z-1.200 F400.000
G1 X-18.842 Y-24.581 Z-1.200 F400.000
G1 X-19.000 Y-24.374 Z-1.200 F400.000
G1 X-19.208 Y-24.015 Z-1.200 F400.000
G1 X-19.308 Y-23.774 Z-1.200 F400.000
G1 X-19.415 Y-23.374 Z-1.200 F400.000
G1 X-19.449 Y-23.115 Z-1.200 F400.000
G1 X-19.462 Y-22.907 Z-1.200 F400.000
G1 X-19.462 Y-2.500 Z-1.200 F400.000
G0 Z5.000
G0 X-19.462 Y-227.500
G0 Z3.000
G1 X-19.462 Y-227.500 Z-1.400 F250.000
G1 X-19.455 Y-208.827 Z-1.400 F400.000
G1 X-19.421 Y-208.486 Z-1.400 F400.000
G1 X-19.361 Y-208.181 Z-1.400 F400.000
G1 X-19.261 Y-207.852 Z-1.400 F400.000
G1 X-19.142 Y-207.565 Z-1.400 F400.000
G1 X-18.980 Y-207.262 Z-1.400 F400.000
G1 X-18.807 Y-207.004 Z-1.400 F400.000
G1 X-18.590 Y-206.738 Z-1.400 F400.000
G1 X-18.370 Y-206.518 Z-1.400 F400.000
G1 X-18.104 Y-206.301 Z-1.400 F400.000
G1 X-17.846 Y-206.128 Z-1.400 F400.000
G1 X-17.543 Y-205.966 Z-1.400 F400.000
G1 X-17.256 Y-205.847 Z-1.400 F400.000
G1 X-16.927 Y-205.747 Z-1.400 F400.000
G1 X-16.622 Y-205.687 Z-1.400 F400.000
G1 X-16.125 Y-205.645 Z-1.400 F400.000
G1 X-13.353 Y-205.645 Z-1.400 F400.000
G1 X-13.245 Y-205.635 Z-1.400 F400.000
G1 X-13.216 Y-205.626 Z-1.400 F400.000
G1 X-13.189 Y-205.612 Z-1.400 F400.000
G1 X-13.166 Y-205.592 Z-1.400 F400.000
G1 X-13.146 Y-205.569 Z-1.400 F400.000
G1 X-13.132 Y-205.542 Z-1.400 F400.000
G1 X-13.123 Y-205.513 Z-1.400 F400.000
G1 X-13.113 Y-205.405 Z-1.400 F400.000
G1 X-13.112 Y-203.698 Z-1.400 F400.000
G1 X-13.123 Y-203.590 Z-1.400 F400.000
G1 X-13.132 Y-203.561 Z-1.400 F400.000
G1 X-13.146 Y-203.534 Z-1.400 F400.000
G1 X-13.166 Y-203.511 Z-1.400 F400.000
G1 X-13.189 Y-203.492 Z-1.400 F400.000
G1 X-13.216 Y-203.477 Z-1.400 F400.000
G1 X-13.245 Y-203.469 Z-1.400 F400.000
G1 X-13.355 Y-203.458 Z-1.400 F400.000
G1 X-16.281 Y-203.450 Z-1.400 F400.000
G1 X-16.622 Y-203.417 Z-1.400 F400.000
G1 X-16.927 Y-203.356 Z-1.400 F400.000
G1 X-17.256 Y-203.256 Z-1.400 F400.000
G1 X-17.543 Y-203.137 Z-1.400 F400.000
G1 X-17.846 Y-202.976 Z-1.400 F400.000
G1 X-18.104 Y-202.803 Z-1.400 F400.000
G1 X-18.370 Y-202.585 Z-1.400 F400.000
G1 X-18.590 Y-202.365 Z-1.400 F400.000
G1 X-18.807 Y-202.100 Z-1.400 F400.000
G1 X-18.980 Y-201.841 Z-1.400 F400.000
G1 X-19.142 Y-201.538 Z-1.400 F400.000
G1 X-19.261 Y-201.251 Z-1.400 F400.000
G1 X-19.361 Y-200.923 Z-1.400 F400.000
G1 X-19.421 Y-200.617 Z-1.400 F400.000
G1 X-19.462 Y-200.120 Z-1.400 F400.000
G1 X-19.460 Y-191.554 Z-1.400 F400.000
G1 X-19.431 Y-191.191 Z-1.400 F400.000
G1 X-19.362 Y-190.834 Z-1.400 F400.000
G1 X-19.255 Y-190.486 Z-1.400 F400.000
G1 X-19.150 Y-190.230 Z-1.400 F400.000
G1 X-15.263 Y-181.894 Z-1.400 F400.000
G1 X-15.240 Y-181.838 Z-1.400 F400.000
G1 X-15.235 Y-181.821 Z-1.400 F400.000
G1 X-15.232 Y-181.803 Z-1.400 F400.000
G1 X-15.229 Y-181.743 Z-1.400 F400.000
G1 X-15.229 Y-178.852 Z-1.400 F400.000
G1 X-15.240 Y-178.743 Z-1.400 F400.000
G1 X-15.249 Y-178.714 Z-1.400 F400.000
G1 X-15.263 Y-178.688 Z-1.400 F400.000
G1 X-15.282 Y-178.664 Z-1.400 F400.000
G1 X-15.306 Y-178.645 Z-1.400 F400.000
G1 X-15.332 Y-178.631 Z-1.400 F400.000
G1 X-15.361 Y-178.622 Z-1.400 F400.000
G1 X-15.470 Y-178.611 Z-1.400 F400.000
G1 X-16.875 Y-178.611 Z-1.400 F400.000
G1 X-17.082 Y-178.597 Z-1.400 F400.000
G1 X-17.341 Y-178.563 Z-1.400 F400.000
G1 X-17.741 Y-178.456 Z-1.400 F400.000
G1 X-17.983 Y-178.356 Z-1.400 F400.000
G1 X-18.341 Y-178.149 Z-1.400 F400.000
G1 X-18.549 Y-177.990 Z-1.400 F400.000
G1 X-18.842 Y-177.697 Z-1.400 F400.000
G1 X-19.000 Y-177.490 Z-1.400 F400.000
G1 X-19.208 Y-177.131 Z-1.400 F400.000
G1 X-19.308 Y-176.890 Z-1.400 F400.000
G1 X-19.415 Y-176.490 Z-1.400 F400.000
G1 X-19.449 Y-176.231 Z-1.400 F400.000
G1 X-19.462 Y-176.024 Z-1.400 F400.000
G1 X-19.460 Y-153.275 Z-1.400 F400.000
G1 X-19.431 Y-152.912 Z-1.400 F400.000
G1 X-19.362 Y-152.555 Z-1.400 F400.000
G1 X-19.255 Y-152.207 Z-1.400 F400.000
G1 X-19.150 Y-151.951 Z-1.400 F400.000
G1 X-15.263 Y-143.615 Z-1.400 F400.000
G1 X-15.240 Y-143.559 Z-1.400 F400.000
G1 X-15.235 Y-143.542 Z-1.400 F400.000
G1 X-15.232 Y-143.524 Z-1.400 F400.000
G1 X-15.229 Y-143.464 Z-1.400 F400.000
G1 X-15.229 Y-140.573 Z-1.400 F400.000
G1 X-15.240 Y-140.464 Z-1.400 F400.000
G1 X-15.249 Y-140.435 Z-1.400 F400.000
G1 X-15.263 Y-140.409 Z-1.400 F400.000
G1 X-15.282 Y-140.385 Z-1.400 F400.000
G1 X-15.306 Y-140.366 Z-1.400 F400.000
G1 X-15.332 Y-140.351 Z-1.400 F400.000
G1 X-15.361 Y-140.343 Z-1.400 F400.000
G1 X-15.470 Y-140.332 Z-1.400 F400.000
G1 X-16.875 Y-140.332 Z-1.400 F400.000
G1 X-17.082 Y-140.318 Z-1.400 F400.000
G1 X-17.341 Y-140.284 Z-1.400 F400.000
G1 X-17.741 Y-140.177 Z-1.400 F400.000
G1 X-17.983 Y-140.077 Z-1.400 F400.000
G1 X-18.341 Y-139.870 Z-1.400 F400.000
G1 X-18.549 Y-139.711 Z-1.400 F400.000
G1 X-18.842 Y-139.418 Z-1.400 F400.000
G1 X-19.000 Y-139.211 Z-1.400 F400.000
G1 X-19.208 Y-138.852 Z-1.400 F400.000
G1 X-19.308 Y-138.611 Z-1.400 F400.000
G1 X-19.415 Y-138.211 Z-1.400 F400.000
G1 X-19.449 Y-137.952 Z-1.400 F400.000
G1 X-19.462 Y-137.745 Z-1.400 F400.000
G1 X-19.460 Y-114.996 Z-1.400 F400.000
G1 X-19.431 Y-114.633 Z-1.400 F400.000
G1 X-19.362 Y-114.276 Z-1.400 F400.000
G1 X-19.255 Y-113.928 Z-1.400 F400.000
G1 X-19.150 Y-113.672 Z-1.400 F400.000
G1 X-15.263 Y-105.336 Z-1.400 F400.000
G1 X-15.240 Y-105.279 Z-1.400 F400.000
G1 X-15.235 Y-105.263 Z-1.400 F400.000
G1 X-15.232 Y-105.245 Z-1.400 F400.000
G1 X-15.229 Y-105.185 Z-1.400 F400.000
G1 X-15.229 Y-102.294 Z-1.400 F400.000
G1 X-15.240 Y-102.185 Z-1.400 F400.000
G1 X-15.249 Y-102.156 Z-1.400 F400.000
G1 X-15.263 Y-102.130 Z-1.400 F400.000
G1 X-15.282 Y-102.106 Z-1.400 F400.000
G1 X-15.306 Y-102.087 Z-1.400 F400.000
G1 X-15.332 Y-102.072 Z-1.400 F400.000
G1 X-15.361 Y-102.064 Z-1.400 F400.000
G1 X-15.470 Y-102.053 Z-1.400 F400.000
G1 X-16.875 Y-102.053 Z-1.400 F400.000
G1 X-17.082 Y-102.039 Z-1.400 F400.000
G1 X-17.341 Y-102.005 Z-1.400 F400.000
G1 X-17.741 Y-101.898 Z-1.400 F400.000
G1 X-17.983 Y-101.798 Z-1.400 F400.000
G1 X-18.341 Y-101.591 Z-1.400 F400.000
G1 X-18.549 Y-101.432 Z-1.400 F400.000
G1 X-18.842 Y-101.139 Z-1.400 F400.000
G1 X-19.000 Y-100.932 Z-1.400 F400.000
G1 X-19.208 Y-100.573 Z-1.400 F400.000
G1 X-19.308 Y-100.332 Z-1.400 F400.000
G1 X-19.415 Y-99.932 Z-1.400 F400.000
G1 X-19.449 Y-99.673 Z-1.400 F400.000
G1 X-19.462 Y-99.466 Z-1.400 F400.000
G1 X-19.460 Y-76.717 Z-1.400 F400.000
G1 X-19.431 Y-76.354 Z-1.400 F400.000
G1 X-19.362 Y-75.997 Z-1.400 F400.000
G1 X-19.255 Y-75.649 Z-1.400 F400.000
G1 X-19.150 Y-75.393 Z-1.400 F400.000
G1 X-15.263 Y-67.057 Z-1.400 F400.000
G1 X-15.240 Y-67.000 Z-1.400 F400.000
G1 X-15.235 Y-66.984 Z-1.400 F400.000
G1 X-15.232 Y-66.966 Z-1.400 F400.000
G1 X-15.229 Y-66.906 Z-1.400 F400.000
G1 X-15.229 Y-64.014 Z-1.400 F400.000
G1 X-15.240 Y-63.906 Z-1.400 F400.000
G1 X-15.249 Y-63.877 Z-1.400 F400.000
G1 X-15.263 Y-63.850 Z-1.400 F400.000
G1 X-15.282 Y-63.827 Z-1.400 F400.000
G1 X-15.306 Y-63.808 Z-1.400 F400.000
G1 X-15.332 Y-63.793 Z-1.400 F400.000
G1 X-15.361 Y-63.785 Z-1.400 F400.000
G1 X-15.470 Y-63.774 Z-1.400 F400.000
G1 X-16.875 Y-63.774 Z-1.400 F400.000
G1 X-17.082 Y-63.760 Z-1.400 F400.000
G1 X-17.341 Y-63.726 Z-1.400 F400.000
G1 X-17.741 Y-63.619 Z-1.400 F400.000
G1 X-17.983 Y-63.519 Z-1.400 F400.000
G1 X-18.341 Y-63.312 Z-1.400 F400.000
G1 X-18.549 Y-63.153 Z-1.400 F400.000
G1 X-18.842 Y-62.860 Z-1.400 F400.000
G1 X-19.000 Y-62.653 Z-1.400 F400.000
G1 X-19.208 Y-62.294 Z-1.400 F400.000
G1 X-19.308 Y-62.053 Z-1.400 F400.000
G1 X-19.415 Y-61.653 Z-1.400 F400.000
G1 X-19.449 Y-61.394 Z-1.400 F400.000
G1 X-19.462 Y-61.187 Z-1.400 F400.000
G1 X-19.460 Y-38.438 Z-1.400 F400.000
G1 X-19.431 Y-38.075 Z-1.400 F400.000
G1 X-19.362 Y-37.718 Z-1.400 F400.000
G1 X-19.255 Y-37.370 Z-1.400 F400.000
G1 X-19.150 Y-37.114 Z-1.400 F400.000
G1 X-15.263 Y-28.778 Z-1.400 F400.000
G1 X-15.240 Y-28.721 Z-1.400 F400.000
G1 X-15.235 Y-28.705 Z-1.400 F400.000
G1 X-15.232 Y-28.687 Z-1.400 F400.000
G1 X-15.229 Y-28.627 Z-1.400 F400.000
G1 X-15.229 Y-25.735 Z-1.400 F400.000
G1 X-15.240 Y-25.627 Z-1.400 F400.000
G1 X-15.249 Y-25.598 Z-1.400 F400.000
G1 X-15.263 Y-25.571 Z-1.400 F400.000
G1 X-15.282 Y-25.548 Z-1.400 F400.000
G1 X-15.306 Y-25.529 Z-1.400 F400.000
G1 X-15.332 Y-25.514 Z-1.400 F400.000
G1 X-15.361 Y-25.506 Z-1.400 F400.000
G1 X-15.470 Y-25.495 Z-1.400 F400.000
G1 X-16.875 Y-25.495 Z-1.400 F400.000
G1 X-17.082 Y-25.481 Z-1.400 F400.000
G1 X-17.341 Y-25.447 Z-1.400 F400.000
G1 X-17.741 Y-25.340 Z-1.400 F400.000
G1 X-17.983 Y-25.240 Z-1.400 F400.000
G1 X-18.341 Y-25.033 Z-1.400 F400.000
G1 X-18.549 Y-24.874 Z-1.400 F400.000
G1 X-18.842 Y-24.581 Z-1.400 F400.000
G1 X-19.000 Y-24.374 Z-1.400 F400.000
G1 X-19.208 Y-24.015 Z-1.400 F400.000
G1 X-19.308 Y-23.774 Z-1.400 F400.000
G1 X-19.415 Y-23.374 Z-1.400 F400.000
G1 X-19.449 Y-23.115 Z-1.400 F400.000
G1 X-19.462 Y-22.907 Z-1.400 F400.000
G1 X-19.462 Y-2.500 Z-1.400 F400.000
G0 Z5.000
G0 X-19.462 Y-227.500
G0 Z3.000
G1 X-19.462 Y-227.500 Z-1.600 F250.000
G1 X-19.455 Y-208.827 Z-1.600 F400.000
G1 X-19.421 Y-208.486 Z-1.600 F400.000
G1 X-19.361 Y-208.181 Z-1.600 F400.000
G1 X-19.261 Y-207.852 Z-1.600 F400.000
G1 X-19.142 Y-207.565 Z-1.600 F400.000
G1 X-18.980 Y-207.262 Z-1.600 F400.000
G1 X-18.807 Y-207.004 Z-1.600 F400.000
G1 X-18.590 Y-206.738 Z-1.600 F400.000
G1 X-18.370 Y-206.518 Z-1.600 F400.000
G1 X-18.104 Y-206.301 Z-1.600 F400.000
G1 X-17.846 Y-206.128 Z-1.600 F400.000
G1 X-17.543 Y-205.966 Z-1.600 F400.000
G1 X-17.256 Y-205.847 Z-1.600 F400.000
G1 X-16.927 Y-205.747 Z-1.600 F400.000
G1 X-16.622 Y-205.687 Z-1.600 F400.000
G1 X-16.125 Y-205.645 Z-1.600 F400.000
G1 X-13.353 Y-205.645 Z-1.600 F400.000
G1 X-13.245 Y-205.635 Z-1.600 F400.000
G1 X-13.216 Y-205.626 Z-1.600 F400.000
G1 X-13.189 Y-205.612 Z-1.600 F400.000
G1 X-13.166 Y-205.592 Z-1.600 F400.000
G1 X-13.146 Y-205.569 Z-1.600 F400.000
G1 X-13.132 Y-205.542 Z-1.600 F400.000
G1 X-13.123 Y-205.513 Z-1.600 F400.000
G1 X-13.113 Y-205.405 Z-1.600 F400.000
G1 X-13.112 Y-203.698 Z-1.600 F400.000
G1 X-13.123 Y-203.590 Z-1.600 F400.000
G1 X-13.132 Y-203.561 Z-1.600 F400.000
G1 X-13.146 Y-203.534 Z-1.600 F400.000
G1 X-13.166 Y-203.511 Z-1.600 F400.000
G1 X-13.189 Y-203.492 Z-1.600 F400.000
G1 X-13.216 Y-203.477 Z-1.600 F400.000
G1 X-13.245 Y-203.469 Z-1.600 F400.000
G1 X-13.355 Y-203.458 Z-1.600 F400.000
G1 X-16.281 Y-203.450 Z-1.600 F400.000
G1 X-16.622 Y-203.417 Z-1.600 F400.000
G1 X-16.927 Y-203.356 Z-1.600 F400.000
G1 X-17.256 Y-203.256 Z-1.600 F400.000
G1 X-17.543 Y-203.137 Z-1.600 F400.000
G1 X-17.846 Y-202.976 Z-1.600 F400.000
G1 X-18.104 Y-202.803 Z-1.600 F400.000
G1 X-18.370 Y-202.585 Z-1.600 F400.000
G1 X-18.590 Y-202.365 Z-1.600 F400.000
G1 X-18.807 Y-202.100 Z-1.600 F400.000
G1 X-18.980 Y-201.841 Z-1.600 F400.000
G1 X-19.142 Y-201.538 Z-1.600 F400.000
G1 X-19.261 Y-201.251 Z-1.600 F400.000
G1 X-19.361 Y-200.923 Z-1.600 F400.000
G1 X-19.421 Y-200.617 Z-1.600 F400.000
G1 X-19.462 Y-200.120 Z-1.600 F400.000
G1 X-19.460 Y-191.554 Z-1.600 F400.000
G1 X-19.431 Y-191.191 Z-1.600 F400.000
G1 X-19.362 Y-190.834 Z-1.600 F400.000
G1 X-19.255 Y-190.486 Z-1.600 F400.000
G1 X-19.150 Y-190.230 Z-1.600 F400.000
G1 X-15.263 Y-181.894 Z-1.600 F400.000
G1 X-15.240 Y-181.838 Z-1.600 F400.000
G1 X-15.235 Y-181.821 Z-1.600 F400.000
G1 X-15.232 Y-181.803 Z-1.600 F400.000
G1 X-15.229 Y-181.743 Z-1.600 F400.000
G1 X-15.229 Y-178.852 Z-1.600 F400.000
G1 X-15.240 Y-178.743 Z-1.600 F400.000
G1 X-15.249 Y-178.714 Z-1.600 F400.000
G1 X-15.263 Y-178.688 Z-1.600 F400.000
G1 X-15.282 Y-178.664 Z-1.600 F400.000
G1 X-15.306 Y-178.645 Z-1.600 F400.000
G1 X-15.332 Y-178.631 Z-1.600 F400.000
G1 X-15.361 Y-178.622 Z-1.600 F400.000
G1 X-15.470 Y-178.611 Z-1.600 F400.000
G1 X-16.875 Y-178.611 Z-1.600 F400.000
G1 X-17.082 Y-178.597 Z-1.600 F400.000
G1 X-17.341 Y-178.563 Z-1.600 F400.000
G1 X-17.741 Y-178.456 Z-1.600 F400.000
G1 X-17.983 Y-178.356 Z-1.600 F400.000
G1 X-18.341 Y-178.149 Z-1.600 F400.000
G1 X-18.549 Y-177.990 Z-1.600 F400.000
G1 X-18.842 Y-177.697 Z-1.600 F400.000
G1 X-19.000 Y-177.490 Z-1.600 F400.000
G1 X-19.208 Y-177.131 Z-1.600 F400.000
G1 X-19.308 Y-176.890 Z-1.600 F400.000
G1 X-19.415 Y-176.490 Z-1.600 F400.000
G1 X-19.449 Y-176.231 Z-1.600 F400.000
G1 X-19.462 Y-176.024 Z-1.600 F400.000
G1 X-19.460 Y-153.275 Z-1.600 F400.000
G1 X-19.431 Y-152.912 Z-1.600 F400.000
G1 X-19.362 Y-152.555 Z-1.600 F400.000
G1 X-19.255 Y-152.207 Z-1.600 F400.000
G1 X-19.150 Y-151.951 Z-1.600 F400.000
G1 X-15.263 Y-143.615 Z-1.600 F400.000
G1 X-15.240 Y-143.559 Z-1.600 F400.000
G1 X-15.235 Y-143.542 Z-1.600 F400.000
G1 X-15.232 Y-143.524 Z-1.600 F400.000
G1 X-15.229 Y-143.464 Z-1.600 F400.000
G1 X-15.229 Y-140.573 Z-1.600 F400.000
G1 X-15.240 Y-140.464 Z-1.600 F400.000
G1 X-15.249 Y-140.435 Z-1.600 F400.000
G1 X-15.263 Y-140.409 Z-1.600 F400.000
G1 X-15.282 Y-140.385 Z-1.600 F400.000
G1 X-15.306 Y-140.366 Z-1.600 F400.000
G1 X-15.332 Y-140.351 Z-1.600 F400.000
G1 X-15.361 Y-140.343 Z-1.600 F400.000
G1 X-15.470 Y-140.332 Z-1.600 F400.000
G1 X-16.875 Y-140.332 Z-1.600 F400.000
G1 X-17.082 Y-140.318 Z-1.600 F400.000
G1 X-17.341 Y-140.284 Z-1.600 F400.000
G1 X-17.741 Y-140.177 Z-1.600 F400.000
G1 X-17.983 Y-140.077 Z-1.600 F400.000
G1 X-18.341 Y-139.870 Z-1.600 F400.000
G1 X-18.549 Y-139.711 Z-1.600 F400.000
G1 X-18.842 Y-139.418 Z-1.600 F400.000
G1 X-19.000 Y-139.211 Z-1.600 F400.000
G1 X-19.208 Y-138.852 Z-1.600 F400.000
G1 X-19.308 Y-138.611 Z-1.600 F400.000
G1 X-19.415 Y-138.211 Z-1.600 F400.000
G1 X-19.449 Y-137.952 Z-1.600 F400.000
G1 X-19.462 Y-137.745 Z-1.600 F400.000
G1 X-19.460 Y-114.996 Z-1.600 F400.000
G1 X-19.431 Y-114.633 Z-1.600 F400.000
G1 X-19.362 Y-114.276 Z-1.600 F400.000
G1 X-19.255 Y-113.928 Z-1.600 F400.000
G1 X-19.150 Y-113.672 Z-1.600 F400.000
G1 X-15.263 Y-105.336 Z-1.600 F400.000
G1 X-15.240 Y-105.279 Z-1.600 F400.000
G1 X-15.235 Y-105.263 Z-1.600 F400.000
G1 X-15.232 Y-105.245 Z-1.600 F400.000
G1 X-15.229 Y-105.185 Z-1.600 F400.000
G1 X-15.229 Y-102.294 Z-1.600 F400.000
G1 X-15.240 Y-102.185 Z-1.600 F400.000
G1 X-15.249 Y-102.156 Z-1.600 F400.000
G1 X-15.263 Y-102.130 Z-1.600 F400.000
G1 X-15.282 Y-102.106 Z-1.600 F400.000
G1 X-15.306 Y-102.087 Z-1.600 F400.000
G1 X-15.332 Y-102.072 Z-1.600 F400.000
G1 X-15.361 Y-102.064 Z-1.600 F400.000
G1 X-15.470 Y-102.053 Z-1.600 F400.000
G1 X-16.875 Y-102.053 Z-1.600 F400.000
G1 X-17.082 Y-102.039 Z-1.600 F400.000
G1 X-17.341 Y-102.005 Z-1.600 F400.000
G1 X-17.741 Y-101.898 Z-1.600 F400.000
G1 X-17.983 Y-101.798 Z-1.600 F400.000
G1 X-18.341 Y-101.591 Z-1.600 F400.000
G1 X-18.549 Y-101.432 Z-1.600 F400.000
G1 X-18.842 Y-101.139 Z-1.600 F400.000
G1 X-19.000 Y-100.932 Z-1.600 F400.000
G1 X-19.208 Y-100.573 Z-1.600 F400.000
G1 X-19.308 Y-100.332 Z-1.600 F400.000
G1 X-19.415 Y-99.932 Z-1.600 F400.000
G1 X-19.449 Y-99.673 Z-1.600 F400.000
G1 X-19.462 Y-99.466 Z-1.600 F400.000
G1 X-19.460 Y-76.717 Z-1.600 F400.000
G1 X-19.431 Y-76.354 Z-1.600 F400.000
G1 X-19.362 Y-75.997 Z-1.600 F400.000
G1 X-19.255 Y-75.649 Z-1.600 F400.000
G1 X-19.150 Y-75.393 Z-1.600 F400.000
G1 X-15.263 Y-67.057 Z-1.600 F400.000
G1 X-15.240 Y-67.000 Z-1.600 F400.000
G1 X-15.235 Y-66.984 Z-1.600 F400.000
G1 X-15.232 Y-66.966 Z-1.600 F400.000
G1 X-15.229 Y-66.906 Z-1.600 F400.000
G1 X-15.229 Y-64.014 Z-1.600 F400.000
G1 X-15.240 Y-63.906 Z-1.600 F400.000
G1 X-15.249 Y-63.877 Z-1.600 F400.000
G1 X-15.263 Y-63.850 Z-1.600 F400.000
G1 X-15.282 Y-63.827 Z-1.600 F400.000
G1 X-15.306 Y-63.808 Z-1.600 F400.000
G1 X-15.332 Y-63.793 Z-1.600 F400.000
G1 X-15.361 Y-63.785 Z-1.600 F400.000
G1 X-15.470 Y-63.774 Z-1.600 F400.000
G1 X-16.875 Y-63.774 Z-1.600 F400.000
G1 X-17.082 Y-63.760 Z-1.600 F400.000
G1 X-17.341 Y-63.726 Z-1.600 F400.000
G1 X-17.741 Y-63.619 Z-1.600 F400.000
G1 X-17.983 Y-63.519 Z-1.600 F400.000
G1 X-18.341 Y-63.312 Z-1.600 F400.000
G1 X-18.549 Y-63.153 Z-1.600 F400.000
G1 X-18.842 Y-62.860 Z-1.600 F400.000
G1 X-19.000 Y-62.653 Z-1.600 F400.000
G1 X-19.208 Y-62.294 Z-1.600 F400.000
G1 X-19.308 Y-62.053 Z-1.600 F400.000
G1 X-19.415 Y-61.653 Z-1.600 F400.000
G1 X-19.449 Y-61.394 Z-1.600 F400.000
G1 X-19.462 Y-61.187 Z-1.600 F400.000
G1 X-19.460 Y-38.438 Z-1.600 F400.000
G1 X-19.431 Y-38.075 Z-1.600 F400.000
G1 X-19.362 Y-37.718 Z-1.600 F400.000
G1 X-19.255 Y-37.370 Z-1.600 F400.000
G1 X-19.150 Y-37.114 Z-1.600 F400.000
G1 X-15.263 Y-28.778 Z-1.600 F400.000
G1 X-15.240 Y-28.721 Z-1.600 F400.000
G1 X-15.235 Y-28.705 Z-1.600 F400.000
G1 X-15.232 Y-28.687 Z-1.600 F400.000
G1 X-15.229 Y-28.627 Z-1.600 F400.000
G1 X-15.229 Y-25.735 Z-1.600 F400.000
G1 X-15.240 Y-25.627 Z-1.600 F400.000
G1 X-15.249 Y-25.598 Z-1.600 F400.000
G1 X-15.263 Y-25.571 Z-1.600 F400.000
G1 X-15.282 Y-25.548 Z-1.600 F400.000
G1 X-15.306 Y-25.529 Z-1.600 F400.000
G1 X-15.332 Y-25.514 Z-1.600 F400.000
G1 X-15.361 Y-25.506 Z-1.600 F400.000
G1 X-15.470 Y-25.495 Z-1.600 F400.000
G1 X-16.875 Y-25.495 Z-1.600 F400.000
G1 X-17.082 Y-25.481 Z-1.600 F400.000
G1 X-17.341 Y-25.447 Z-1.600 F400.000
G1 X-17.741 Y-25.340 Z-1.600 F400.000
G1 X-17.983 Y-25.240 Z-1.600 F400.000
G1 X-18.341 Y-25.033 Z-1.600 F400.000
G1 X-18.549 Y-24.874 Z-1.600 F400.000
G1 X-18.842 Y-24.581 Z-1.600 F400.000
G1 X-19.000 Y-24.374 Z-1.600 F400.000
G1 X-19.208 Y-24.015 Z-1.600 F400.000
G1 X-19.308 Y-23.774 Z-1.600 F400.000
G1 X-19.415 Y-23.374 Z-1.600 F400.000
G1 X-19.449 Y-23.115 Z-1.600 F400.000
G1 X-19.462 Y-22.907 Z-1.600 F400.000
G1 X-19.462 Y-2.500 Z-1.600 F400.000
G0 Z5.000
G0 X-19.462 Y-227.500
G0 Z3.000
G1 X-19.462 Y-227.500 Z-1.800 F250.000
G1 X-19.455 Y-208.827 Z-1.800 F400.000
G1 X-19.421 Y-208.486 Z-1.800 F400.000
G1 X-19.361 Y-208.181 Z-1.800 F400.000
G1 X-19.261 Y-207.852 Z-1.800 F400.000
G1 X-19.142 Y-207.565 Z-1.800 F400.000
G1 X-18.980 Y-207.262 Z-1.800 F400.000
G1 X-18.807 Y-207.004 Z-1.800 F400.000
G1 X-18.590 Y-206.738 Z-1.800 F400.000
G1 X-18.370 Y-206.518 Z-1.800 F400.000
G1 X-18.104 Y-206.301 Z-1.800 F400.000
G1 X-17.846 Y-206.128 Z-1.800 F400.000
G1 X-17.543 Y-205.966 Z-1.800 F400.000
G1 X-17.256 Y-205.847 Z-1.800 F400.000
G1 X-16.927 Y-205.747 Z-1.800 F400.000
G1 X-16.622 Y-205.687 Z-1.800 F400.000
G1 X-16.125 Y-205.645 Z-1.800 F400.000
G1 X-13.353 Y-205.645 Z-1.800 F400.000
G1 X-13.245 Y-205.635 Z-1.800 F400.000
G1 X-13.216 Y-205.626 Z-1.800 F400.000
G1 X-13.189 Y-205.612 Z-1.800 F400.000
G1 X-13.166 Y-205.592 Z-1.800 F400.000
G1 X-13.146 Y-205.569 Z-1.800 F400.000
G1 X-13.132 Y-205.542 Z-1.800 F400.000
G1 X-13.123 Y-205.513 Z-1.800 F400.000
G1 X-13.113 Y-205.405 Z-1.800 F400.000
G1 X-13.112 Y-203.698 Z-1.800 F400.000
G1 X-13.123 Y-203.590 Z-1.800 F400.000
G1 X-13.132 Y-203.561 Z-1.800 F400.000
G1 X-13.146 Y-203.534 Z-1.800 F400.000
G1 X-13.166 Y-203.511 Z-1.800 F400.000
G1 X-13.189 Y-203.492 Z-1.800 F400.000
G1 X-13.216 Y-203.477 Z-1.800 F400.000
G1 X-13.245 Y-203.469 Z-1.800 F400.000
G1 X-13.355 Y-203.458 Z-1.800 F400.000
G1 X-16.281 Y-203.450 Z-1.800 F400.000
G1 X-16.622 Y-203.417 Z-1.800 F400.000
G1 X-16.927 Y-203.356 Z-1.800 F400.000
G1 X-17.256 Y-203.256 Z-1.800 F400.000
G1 X-17.543 Y-203.137 Z-1.800 F400.000
G1 X-17.846 Y-202.976 Z-1.800 F400.000
G1 X-18.104 Y-202.803 Z-1.800 F400.000
G1 X-18.370 Y-202.585 Z-1.800 F400.000
G1 X-18.590 Y-202.365 Z-1.800 F400.000
G1 X-18.807 Y-202.100 Z-1.800 F400.000
G1 X-18.980 Y-201.841 Z-1.800 F400.000
G1 X-19.142 Y-201.538 Z-1.800 F400.000
G1 X-19.261 Y-201.251 Z-1.800 F400.000
G1 X-19.361 Y-200.923 Z-1.800 F400.000
G1 X-19.421 Y-200.617 Z-1.800 F400.000
G1 X-19.462 Y-200.120 Z-1.800 F400.000
G1 X-19.460 Y-191.554 Z-1.800 F400.000
G1 X-19.431 Y-191.191 Z-1.800 F400.000
G1 X-19.362 Y-190.834 Z-1.800 F400.000
G1 X-19.255 Y-190.486 Z-1.800 F400.000
G1 X-19.150 Y-190.230 Z-1.800 F400.000
G1 X-15.263 Y-181.894 Z-1.800 F400.000
G1 X-15.240 Y-181.838 Z-1.800 F400.000
G1 X-15.235 Y-181.821 Z-1.800 F400.000
G1 X-15.232 Y-181.803 Z-1.800 F400.000
G1 X-15.229 Y-181.743 Z-1.800 F400.000
G1 X-15.229 Y-178.852 Z-1.800 F400.000
G1 X-15.240 Y-178.743 Z-1.800 F400.000
G1 X-15.249 Y-178.714 Z-1.800 F400.000
G1 X-15.263 Y-178.688 Z-1.800 F400.000
G1 X-15.282 Y-178.664 Z-1.800 F400.000
G1 X-15.306 Y-178.645 Z-1.800 F400.000
G1 X-15.332 Y-178.631 Z-1.800 F400.000
G1 X-15.361 Y-178.622 Z-1.800 F400.000
G1 X-15.470 Y-178.611 Z-1.800 F400.000
G1 X-16.875 Y-178.611 Z-1.800 F400.000
G1 X-17.082 Y-178.597 Z-1.800 F400.000
G1 X-17.341 Y-178.563 Z-1.800 F400.000
G1 X-17.741 Y-178.456 Z-1.800 F400.000
G1 X-17.983 Y-178.356 Z-1.800 F400.000
G1 X-18.341 Y-178.149 Z-1.800 F400.000
G1 X-18.549 Y-177.990 Z-1.800 F400.000
G1 X-18.842 Y-177.697 Z-1.800 F400.000
G1 X-19.000 Y-177.490 Z-1.800 F400.000
G1 X-19.208 Y-177.131 Z-1.800 F400.000
G1 X-19.308 Y-176.890 Z-1.800 F400.000
G1 X-19.415 Y-176.490 Z-1.800 F400.000
G1 X-19.449 Y-176.231 Z-1.800 F400.000
G1 X-19.462 Y-176.024 Z-1.800 F400.000
G1 X-19.460 Y-153.275 Z-1.800 F400.000
G1 X-19.431 Y-152.912 Z-1.800 F400.000
G1 X-19.362 Y-152.555 Z-1.800 F400.000
G1 X-19.255 Y-152.207 Z-1.800 F400.000
G1 X-19.150 Y-151.951 Z-1.800 F400.000
G1 X-15.263 Y-143.615 Z-1.800 F400.000
G1 X-15.240 Y-143.559 Z-1.800 F400.000
G1 X-15.235 Y-143.542 Z-1.800 F400.000
G1 X-15.232 Y-143.524 Z-1.800 F400.000
G1 X-15.229 Y-143.464 Z-1.800 F400.000
G1 X-15.229 Y-140.573 Z-1.800 F400.000
G1 X-15.240 Y-140.464 Z-1.800 F400.000
G1 X-15.249 Y-140.435 Z-1.800 F400.000
G1 X-15.263 Y-140.409 Z-1.800 F400.000
G1 X-15.282 Y-140.385 Z-1.800 F400.000
G1 X-15.306 Y-140.366 Z-1.800 F400.000
G1 X-15.332 Y-140.351 Z-1.800 F400.000
G1 X-15.361 Y-140.343 Z-1.800 F400.000
G1 X-15.470 Y-140.332 Z-1.800 F400.000
G1 X-16.875 Y-140.332 Z-1.800 F400.000
G1 X-17.082 Y-140.318 Z-1.800 F400.000
G1 X-17.341 Y-140.284 Z-1.800 F400.000
G1 X-17.741 Y-140.177 Z-1.800 F400.000
G1 X-17.983 Y-140.077 Z-1.800 F400.000
G1 X-18.341 Y-139.870 Z-1.800 F400.000
G1 X-18.549 Y-139.711 Z-1.800 F400.000
G1 X-18.842 Y-139.418 Z-1.800 F400.000
G1 X-19.000 Y-139.211 Z-1.800 F400.000
G1 X-19.208 Y-138.852 Z-1.800 F400.000
G1 X-19.308 Y-138.611 Z-1.800 F400.000
G1 X-19.415 Y-138.211 Z-1.800 F400.000
G1 X-19.449 Y-137.952 Z-1.800 F400.000
G1 X-19.462 Y-137.745 Z-1.800 F400.000
G1 X-19.460 Y-114.996 Z-1.800 F400.000
G1 X-19.431 Y-114.633 Z-1.800 F400.000
G1 X-19.362 Y-114.276 Z-1.800 F400.000
G1 X-19.255 Y-113.928 Z-1.800 F400.000
G1 X-19.150 Y-113.672 Z-1.800 F400.000
G1 X-15.263 Y-105.336 Z-1.800 F400.000
G1 X-15.240 Y-105.279 Z-1.800 F400.000
G1 X-15.235 Y-105.263 Z-1.800 F400.000
G1 X-15.232 Y-105.245 Z-1.800 F400.000
G1 X-15.229 Y-105.185 Z-1.800 F400.000
G1 X-15.229 Y-102.294 Z-1.800 F400.000
G1 X-15.240 Y-102.185 Z-1.800 F400.000
G1 X-15.249 Y-102.156 Z-1.800 F400.000
G1 X-15.263 Y-102.130 Z-1.800 F400.000
G1 X-15.282 Y-102.106 Z-1.800 F400.000
G1 X-15.306 Y-102.087 Z-1.800 F400.000
G1 X-15.332 Y-102.072 Z-1.800 F400.000
G1 X-15.361 Y-102.064 Z-1.800 F400.000
G1 X-15.470 Y-102.053 Z-1.800 F400.000
G1 X-16.875 Y-102.053 Z-1.800 F400.000
G1 X-17.082 Y-102.039 Z-1.800 F400.000
G1 X-17.341 Y-102.005 Z-1.800 F400.000
G1 X-17.741 Y-101.898 Z-1.800 F400.000
G1 X-17.983 Y-101.798 Z-1.800 F400.000
G1 X-18.341 Y-101.591 Z-1.800 F400.000
G1 X-18.549 Y-101.432 Z-1.800 F400.000
G1 X-18.842 Y-101.139 Z-1.800 F400.000
G1 X-19.000 Y-100.932 Z-1.800 F400.000
G1 X-19.208 Y-100.573 Z-1.800 F400.000
G1 X-19.308 Y-100.332 Z-1.800 F400.000
G1 X-19.415 Y-99.932 Z-1.800 F400.000
G1 X-19.449 Y-99.673 Z-1.800 F400.000
G1 X-19.462 Y-99.466 Z-1.800 F400.000
G1 X-19.460 Y-76.717 Z-1.800 F400.000
G1 X-19.431 Y-76.354 Z-1.800 F400.000
G1 X-19.362 Y-75.997 Z-1.800 F400.000
G1 X-19.255 Y-75.649 Z-1.800 F400.000
G1 X-19.150 Y-75.393 Z-1.800 F400.000
G1 X-15.263 Y-67.057 Z-1.800 F400.000
G1 X-15.240 Y-67.000 Z-1.800 F400.000
G1 X-15.235 Y-66.984 Z-1.800 F400.000
G1 X-15.232 Y-66.966 Z-1.800 F400.000
G1 X-15.229 Y-66.906 Z-1.800 F400.000
G1 X-15.229 Y-64.014 Z-1.800 F400.000
G1 X-15.240 Y-63.906 Z-1.800 F400.000
G1 X-15.249 Y-63.877 Z-1.800 F400.000
G1 X-15.263 Y-63.850 Z-1.800 F400.000
G1 X-15.282 Y-63.827 Z-1.800 F400.000
G1 X-15.306 Y-63.808 Z-1.800 F400.000
G1 X-15.332 Y-63.793 Z-1.800 F400.000
G1 X-15.361 Y-63.785 Z-1.800 F400.000
G1 X-15.470 Y-63.774 Z-1.800 F400.000
G1 X-16.875 Y-63.774 Z-1.800 F400.000
G1 X-17.082 Y-63.760 Z-1.800 F400.000
G1 X-17.341 Y-63.726 Z-1.800 F400.000
G1 X-17.741 Y-63.619 Z-1.800 F400.000
G1 X-17.983 Y-63.519 Z-1.800 F400.000
G1 X-18.341 Y-63.312 Z-1.800 F400.000
G1 X-18.549 Y-63.153 Z-1.800 F400.000
G1 X-18.842 Y-62.860 Z-1.800 F400.000
G1 X-19.000 Y-62.653 Z-1.800 F400.000
G1 X-19.208 Y-62.294 Z-1.800 F400.000
G1 X-19.308 Y-62.053 Z-1.800 F400.000
G1 X-19.415 Y-61.653 Z-1.800 F400.000
G1 X-19.449 Y-61.394 Z-1.800 F400.000
G1 X-19.462 Y-61.187 Z-1.800 F400.000
G1 X-19.460 Y-38.438 Z-1.800 F400.000
G1 X-19.431 Y-38.075 Z-1.800 F400.000
G1 X-19.362 Y-37.718 Z-1.800 F400.000
G1 X-19.255 Y-37.370 Z-1.800 F400.000
G1 X-19.150 Y-37.114 Z-1.800 F400.000
G1 X-15.263 Y-28.778 Z-1.800 F400.000
G1 X-15.240 Y-28.721 Z-1.800 F400.000
G1 X-15.235 Y-28.705 Z-1.800 F400.000
G1 X-15.232 Y-28.687 Z-1.800 F400.000
G1 X-15.229 Y-28.627 Z-1.800 F400.000
G1 X-15.229 Y-25.735 Z-1.800 F400.000
G1 X-15.240 Y-25.627 Z-1.800 F400.000
G1 X-15.249 Y-25.598 Z-1.800 F400.000
G1 X-15.263 Y-25.571 Z-1.800 F400.000
G1 X-15.282 Y-25.548 Z-1.800 F400.000
G1 X-15.306 Y-25.529 Z-1.800 F400.000
G1 X-15.332 Y-25.514 Z-1.800 F400.000
G1 X-15.361 Y-25.506 Z-1.800 F400.000
G1 X-15.470 Y-25.495 Z-1.800 F400.000
G1 X-16.875 Y-25.495 Z-1.800 F400.000
G1 X-17.082 Y-25.481 Z-1.800 F400.000
G1 X-17.341 Y-25.447 Z-1.800 F400.000
G1 X-17.741 Y-25.340 Z-1.800 F400.000
G1 X-17.983 Y-25.240 Z-1.800 F400.000
G1 X-18.341 Y-25.033 Z-1.800 F400.000
G1 X-18.549 Y-24.874 Z-1.800 F400.000
G1 X-18.842 Y-24.581 Z-1.800 F400.000
G1 X-19.000 Y-24.374 Z-1.800 F400.000
G1 X-19.208 Y-24.015 Z-1.800 F400.000
G1 X-19.308 Y-23.774 Z-1.800 F400.000
G1 X-19.415 Y-23.374 Z-1.800 F400.000
G1 X-19.449 Y-23.115 Z-1.800 F400.000
G1 X-19.462 Y-22.907 Z-1.800 F400.000
G1 X-19.462 Y-2.500 Z-1.800 F400.000
G0 Z5.000
G0 X-19.462 Y-227.500
G0 Z3.000
G1 X-19.462 Y-227.500 Z-2.000 F250.000
G1 X-19.455 Y-208.827 Z-2.000 F400.000
G1 X-19.421 Y-208.486 Z-2.000 F400.000
G1 X-19.361 Y-208.181 Z-2.000 F400.000
G1 X-19.261 Y-207.852 Z-2.000 F400.000
G1 X-19.142 Y-207.565 Z-2.000 F400.000
G1 X-18.980 Y-207.262 Z-2.000 F400.000
G1 X-18.807 Y-207.004 Z-2.000 F400.000
G1 X-18.590 Y-206.738 Z-2.000 F400.000
G1 X-18.370 Y-206.518 Z-2.000 F400.000
G1 X-18.104 Y-206.301 Z-2.000 F400.000
G1 X-17.846 Y-206.128 Z-2.000 F400.000
G1 X-17.543 Y-205.966 Z-2.000 F400.000
G1 X-17.256 Y-205.847 Z-2.000 F400.000
G1 X-16.927 Y-205.747 Z-2.000 F400.000
G1 X-16.622 Y-205.687 Z-2.000 F400.000
G1 X-16.125 Y-205.645 Z-2.000 F400.000
G1 X-13.353 Y-205.645 Z-2.000 F400.000
G1 X-13.245 Y-205.635 Z-2.000 F400.000
G1 X-13.216 Y-205.626 Z-2.000 F400.000
G1 X-13.189 Y-205.612 Z-2.000 F400.000
G1 X-13.166 Y-205.592 Z-2.000 F400.000
G1 X-13.146 Y-205.569 Z-2.000 F400.000
G1 X-13.132 Y-205.542 Z-2.000 F400.000
G1 X-13.123 Y-205.513 Z-2.000 F400.000
G1 X-13.113 Y-205.405 Z-2.000 F400.000
G1 X-13.112 Y-203.698 Z-2.000 F400.000
G1 X-13.123 Y-203.590 Z-2.000 F400.000
G1 X-13.132 Y-203.561 Z-2.000 F400.000
G1 X-13.146 Y-203.534 Z-2.000 F400.000
G1 X-13.166 Y-203.511 Z-2.000 F400.000
G1 X-13.189 Y-203.492 Z-2.000 F400.000
G1 X-13.216 Y-203.477 Z-2.000 F400.000
G1 X-13.245 Y-203.469 Z-2.000 F400.000
G1 X-13.355 Y-203.458 Z-2.000 F400.000
G1 X-16.281 Y-203.450 Z-2.000 F400.000
G1 X-16.622 Y-203.417 Z-2.000 F400.000
G1 X-16.927 Y-203.356 Z-2.000 F400.000
G1 X-17.256 Y-203.256 Z-2.000 F400.000
G1 X-17.543 Y-203.137 Z-2.000 F400.000
G1 X-17.846 Y-202.976 Z-2.000 F400.000
G1 X-18.104 Y-202.803 Z-2.000 F400.000
G1 X-18.370 Y-202.585 Z-2.000 F400.000
G1 X-18.590 Y-202.365 Z-2.000 F400.000
G1 X-18.807 Y-202.100 Z-2.000 F400.000
G1 X-18.980 Y-201.841 Z-2.000 F400.000
G1 X-19.142 Y-201.538 Z-2.000 F400.000
G1 X-19.261 Y-201.251 Z-2.000 F400.000
G1 X-19.361 Y-200.923 Z-2.000 F400.000
G1 X-19.421 Y-200.617 Z-2.000 F400.000
G1 X-19.462 Y-200.120 Z-2.000 F400.000
G1 X-19.460 Y-191.554 Z-2.000 F400.000
G1 X-19.431 Y-191.191 Z-2.000 F400.000
G1 X-19.362 Y-190.834 Z-2.000 F400.000
G1 X-19.255 Y-190.486 Z-2.000 F400.000
G1 X-19.150 Y-190.230 Z-2.000 F400.000
G1 X-15.263 Y-181.894 Z-2.000 F400.000
G1 X-15.240 Y-181.838 Z-2.000 F400.000
G1 X-15.235 Y-181.821 Z-2.000 F400.000
G1 X-15.232 Y-181.803 Z-2.000 F400.000
G1 X-15.229 Y-181.743 Z-2.000 F400.000
G1 X-15.229 Y-178.852 Z-2.000 F400.000
G1 X-15.240 Y-178.743 Z-2.000 F400.000
G1 X-15.249 Y-178.714 Z-2.000 F400.000
G1 X-15.263 Y-178.688 Z-2.000 F400.000
G1 X-15.282 Y-178.664 Z-2.000 F400.000
G1 X-15.306 Y-178.645 Z-2.000 F400.000
G1 X-15.332 Y-178.631 Z-2.000 F400.000
G1 X-15.361 Y-178.622 Z-2.000 F400.000
G1 X-15.470 Y-178.611 Z-2.000 F400.000
G1 X-16.875 Y-178.611 Z-2.000 F400.000
G1 X-17.082 Y-178.597 Z-2.000 F400.000
G1 X-17.341 Y-178.563 Z-2.000 F400.000
G1 X-17.741 Y-178.456 Z-2.000 F400.000
G1 X-17.983 Y-178.356 Z-2.000 F400.000
G1 X-18.341 Y-178.149 Z-2.000 F400.000
G1 X-18.549 Y-177.990 Z-2.000 F400.000
G1 X-18.842 Y-177.697 Z-2.000 F400.000
G1 X-19.000 Y-177.490 Z-2.000 F400.000
G1 X-19.208 Y-177.131 Z-2.000 F400.000
G1 X-19.308 Y-176.890 Z-2.000 F400.000
G1 X-19.415 Y-176.490 Z-2.000 F400.000
G1 X-19.449 Y-176.231 Z-2.000 F400.000
G1 X-19.462 Y-176.024 Z-2.000 F400.000
G1 X-19.460 Y-153.275 Z-2.000 F400.000
G1 X-19.431 Y-152.912 Z-2.000 F400.000
G1 X-19.362 Y-152.555 Z-2.000 F400.000
G1 X-19.255 Y-152.207 Z-2.000 F400.000
G1 X-19.150 Y-151.951 Z-2.000 F400.000
G1 X-15.263 Y-143.615 Z-2.000 F400.000
G1 X-15.240 Y-143.559 Z-2.000 F400.000
G1 X-15.235 Y-143.542 Z-2.000 F400.000
G1 X-15.232 Y-143.524 Z-2.000 F400.000
G1 X-15.229 Y-143.464 Z-2.000 F400.000
G1 X-15.229 Y-140.573 Z-2.000 F400.000
G1 X-15.240 Y-140.464 Z-2.000 F400.000
G1 X-15.249 Y-140.435 Z-2.000 F400.000
G1 X-15.263 Y-140.409 Z-2.000 F400.000
G1 X-15.282 Y-140.385 Z-2.000 F400.000
G1 X-15.306 Y-140.366 Z-2.000 F400.000
G1 X-15.332 Y-140.351 Z-2.000 F400.000
G1 X-15.361 Y-140.343 Z-2.000 F400.000
G1 X-15.470 Y-140.332 Z-2.000 F400.000
G1 X-16.875 Y-140.332 Z-2.000 F400.000
G1 X-17.082 Y-140.318 Z-2.000 F400.000
G1 X-17.341 Y-140.284 Z-2.000 F400.000
G1 X-17.741 Y-140.177 Z-2.000 F400.000
G1 X-17.983 Y-140.077 Z-2.000 F400.000
G1 X-18.341 Y-139.870 Z-2.000 F400.000
G1 X-18.549 Y-139.711 Z-2.000 F400.000
G1 X-18.842 Y-139.418 Z-2.000 F400.000
G1 X-19.000 Y-139.211 Z-2.000 F400.000
G1 X-19.208 Y-138.852 Z-2.000 F400.000
G1 X-19.308 Y-138.611 Z-2.000 F400.000
G1 X-19.415 Y-138.211 Z-2.000 F400.000
G1 X-19.449 Y-137.952 Z-2.000 F400.000
G1 X-19.462 Y-137.745 Z-2.000 F400.000
G1 X-19.460 Y-114.996 Z-2.000 F400.000
G1 X-19.431 Y-114.633 Z-2.000 F400.000
G1 X-19.362 Y-114.276 Z-2.000 F400.000
G1 X-19.255 Y-113.928 Z-2.000 F400.000
G1 X-19.150 Y-113.672 Z-2.000 F400.000
G1 X-15.263 Y-105.336 Z-2.000 F400.000
G1 X-15.240 Y-105.279 Z-2.000 F400.000
G1 X-15.235 Y-105.263 Z-2.000 F400.000
G1 X-15.232 Y-105.245 Z-2.000 F400.000
G1 X-15.229 Y-105.185 Z-2.000 F400.000
G1 X-15.229 Y-102.294 Z-2.000 F400.000
G1 X-15.240 Y-102.185 Z-2.000 F400.000
G1 X-15.249 Y-102.156 Z-2.000 F400.000
G1 X-15.263 Y-102.130 Z-2.000 F400.000
G1 X-15.282 Y-102.106 Z-2.000 F400.000
G1 X-15.306 Y-102.087 Z-2.000 F400.000
G1 X-15.332 Y-102.072 Z-2.000 F400.000
G1 X-15.361 Y-102.064 Z-2.000 F400.000
G1 X-15.470 Y-102.053 Z-2.000 F400.000
G1 X-16.875 Y-102.053 Z-2.000 F400.000
G1 X-17.082 Y-102.039 Z-2.000 F400.000
G1 X-17.341 Y-102.005 Z-2.000 F400.000
G1 X-17.741 Y-101.898 Z-2.000 F400.000
G1 X-17.983 Y-101.798 Z-2.000 F400.000
G1 X-18.341 Y-101.591 Z-2.000 F400.000
G1 X-18.549 Y-101.432 Z-2.000 F400.000
G1 X-18.842 Y-101.139 Z-2.000 F400.000
G1 X-19.000 Y-100.932 Z-2.000 F400.000
G1 X-19.208 Y-100.573 Z-2.000 F400.000
G1 X-19.308 Y-100.332 Z-2.000 F400.000
G1 X-19.415 Y-99.932 Z-2.000 F400.000
G1 X-19.449 Y-99.673 Z-2.000 F400.000
G1 X-19.462 Y-99.466 Z-2.000 F400.000
G1 X-19.460 Y-76.717 Z-2.000 F400.000
G1 X-19.431 Y-76.354 Z-2.000 F400.000
G1 X-19.362 Y-75.997 Z-2.000 F400.000
G1 X-19.255 Y-75.649 Z-2.000 F400.000
G1 X-19.150 Y-75.393 Z-2.000 F400.000
G1 X-15.263 Y-67.057 Z-2.000 F400.000
G1 X-15.240 Y-67.000 Z-2.000 F400.000
G1 X-15.235 Y-66.984 Z-2.000 F400.000
G1 X-15.232 Y-66.966 Z-2.000 F400.000
G1 X-15.229 Y-66.906 Z-2.000 F400.000
G1 X-15.229 Y-64.014 Z-2.000 F400.000
G1 X-15.240 Y-63.906 Z-2.000 F400.000
G1 X-15.249 Y-63.877 Z-2.000 F400.000
G1 X-15.263 Y-63.850 Z-2.000 F400.000
G1 X-15.282 Y-63.827 Z-2.000 F400.000
G1 X-15.306 Y-63.808 Z-2.000 F400.000
G1 X-15.332 Y-63.793 Z-2.000 F400.000
G1 X-15.361 Y-63.785 Z-2.000 F400.000
G1 X-15.470 Y-63.774 Z-2.000 F400.000
G1 X-16.875 Y-63.774 Z-2.000 F400.000
G1 X-17.082 Y-63.760 Z-2.000 F400.000
G1 X-17.341 Y-63.726 Z-2.000 F400.000
G1 X-17.741 Y-63.619 Z-2.000 F400.000
G1 X-17.983 Y-63.519 Z-2.000 F400.000
G1 X-18.341 Y-63.312 Z-2.000 F400.000
G1 X-18.549 Y-63.153 Z-2.000 F400.000
G1 X-18.842 Y-62.860 Z-2.000 F400.000
G1 X-19.000 Y-62.653 Z-2.000 F400.000
G1 X-19.208 Y-62.294 Z-2.000 F400.000
G1 X-19.308 Y-62.053 Z-2.000 F400.000
G1 X-19.415 Y-61.653 Z-2.000 F400.000
G1 X-19.449 Y-61.394 Z-2.000 F400.000
G1 X-19.462 Y-61.187 Z-2.000 F400.000
G1 X-19.460 Y-38.438 Z-2.000 F400.000
G1 X-19.431 Y-38.075 Z-2.000 F400.000
G1 X-19.362 Y-37.718 Z-2.000 F400.000
G1 X-19.255 Y-37.370 Z-2.000 F400.000
G1 X-19.150 Y-37.114 Z-2.000 F400.000
G1 X-15.263 Y-28.778 Z-2.000 F400.000
G1 X-15.240 Y-28.721 Z-2.000 F400.000
G1 X-15.235 Y-28.705 Z-2.000 F400.000
G1 X-15.232 Y-28.687 Z-2.000 F400.000
G1 X-15.229 Y-28.627 Z-2.000 F400.000
G1 X-15.229 Y-25.735 Z-2.000 F400.000
G1 X-15.240 Y-25.627 Z-2.000 F400.000
G1 X-15.249 Y-25.598 Z-2.000 F400.000
G1 X-15.263 Y-25.571 Z-2.000 F400.000
G1 X-15.282 Y-25.548 Z-2.000 F400.000
G1 X-15.306 Y-25.529 Z-2.000 F400.000
G1 X-15.332 Y-25.514 Z-2.000 F400.000
G1 X-15.361 Y-25.506 Z-2.000 F400.000
G1 X-15.470 Y-25.495 Z-2.000 F400.000
G1 X-16.875 Y-25.495 Z-2.000 F400.000
G1 X-17.082 Y-25.481 Z-2.000 F400.000
G1 X-17.341 Y-25.447 Z-2.000 F400.000
G1 X-17.741 Y-25.340 Z-2.000 F400.000
G1 X-17.983 Y-25.240 Z-2.000 F400.000
G1 X-18.341 Y-25.033 Z-2.000 F400.000
G1 X-18.549 Y-24.874 Z-2.000 F400.000
G1 X-18.842 Y-24.581 Z-2.000 F400.000
G1 X-19.000 Y-24.374 Z-2.000 F400.000
G1 X-19.208 Y-24.015 Z-2.000 F400.000
G1 X-19.308 Y-23.774 Z-2.000 F400.000
G1 X-19.415 Y-23.374 Z-2.000 F400.000
G1 X-19.449 Y-23.115 Z-2.000 F400.000
G1 X-19.462 Y-22.907 Z-2.000 F400.000
G1 X-19.462 Y-2.500 Z-2.000 F400.000
G0 Z5.000
G0 X-19.462 Y-227.500
G0 Z3.000
G1 X-19.462 Y-227.500 Z-2.200 F250.000
G1 X-19.455 Y-208.827 Z-2.200 F400.000
G1 X-19.421 Y-208.486 Z-2.200 F400.000
G1 X-19.361 Y-208.181 Z-2.200 F400.000
G1 X-19.261 Y-207.852 Z-2.200 F400.000
G1 X-19.142 Y-207.565 Z-2.200 F400.000
G1 X-18.980 Y-207.262 Z-2.200 F400.000
G1 X-18.807 Y-207.004 Z-2.200 F400.000
G1 X-18.590 Y-206.738 Z-2.200 F400.000
G1 X-18.370 Y-206.518 Z-2.200 F400.000
G1 X-18.104 Y-206.301 Z-2.200 F400.000
G1 X-17.846 Y-206.128 Z-2.200 F400.000
G1 X-17.543 Y-205.966 Z-2.200 F400.000
G1 X-17.256 Y-205.847 Z-2.200 F400.000
G1 X-16.927 Y-205.747 Z-2.200 F400.000
G1 X-16.622 Y-205.687 Z-2.200 F400.000
G1 X-16.125 Y-205.645 Z-2.200 F400.000
G1 X-13.353 Y-205.645 Z-2.200 F400.000
G1 X-13.245 Y-205.635 Z-2.200 F400.000
G1 X-13.216 Y-205.626 Z-2.200 F400.000
G1 X-13.189 Y-205.612 Z-2.200 F400.000
G1 X-13.166 Y-205.592 Z-2.200 F400.000
G1 X-13.146 Y-205.569 Z-2.200 F400.000
G1 X-13.132 Y-205.542 Z-2.200 F400.000
G1 X-13.123 Y-205.513 Z-2.200 F400.000
G1 X-13.113 Y-205.405 Z-2.200 F400.000
G1 X-13.112 Y-203.698 Z-2.200 F400.000
G1 X-13.123 Y-203.590 Z-2.200 F400.000
G1 X-13.132 Y-203.561 Z-2.200 F400.000
G1 X-13.146 Y-203.534 Z-2.200 F400.000
G1 X-13.166 Y-203.511 Z-2.200 F400.000
G1 X-13.189 Y-203.492 Z-2.200 F400.000
G1 X-13.216 Y-203.477 Z-2.200 F400.000
G1 X-13.245 Y-203.469 Z-2.200 F400.000
G1 X-13.355 Y-203.458 Z-2.200 F400.000
G1 X-16.281 Y-203.450 Z-2.200 F400.000
G1 X-16.622 Y-203.417 Z-2.200 F400.000
G1 X-16.927 Y-203.356 Z-2.200 F400.000
G1 X-17.256 Y-203.256 Z-2.200 F400.000
G1 X-17.543 Y-203.137 Z-2.200 F400.000
G1 X-17.846 Y-202.976 Z-2.200 F400.000
G1 X-18.104 Y-202.803 Z-2.200 F400.000
G1 X-18.370 Y-202.585 Z-2.200 F400.000
G1 X-18.590 Y-202.365 Z-2.200 F400.000
G1 X-18.807 Y-202.100 Z-2.200 F400.000
G1 X-18.980 Y-201.841 Z-2.200 F400.000
G1 X-19.142 Y-201.538 Z-2.200 F400.000
G1 X-19.261 Y-201.251 Z-2.200 F400.000
G1 X-19.361 Y-200.923 Z-2.200 F400.000
G1 X-19.421 Y-200.617 Z-2.200 F400.000
G1 X-19.462 Y-200.120 Z-2.200 F400.000
G1 X-19.460 Y-191.554 Z-2.200 F400.000
G1 X-19.431 Y-191.191 Z-2.200 F400.000
G1 X-19.362 Y-190.834 Z-2.200 F400.000
G1 X-19.255 Y-190.486 Z-2.200 F400.000
G1 X-19.150 Y-190.230 Z-2.200 F400.000
G1 X-15.263 Y-181.894 Z-2.200 F400.000
G1 X-15.240 Y-181.838 Z-2.200 F400.000
G1 X-15.235 Y-181.821 Z-2.200 F400.000
G1 X-15.232 Y-181.803 Z-2.200 F400.000
G1 X-15.229 Y-181.743 Z-2.200 F400.000
G1 X-15.229 Y-178.852 Z-2.200 F400.000
G1 X-15.240 Y-178.743 Z-2.200 F400.000
G1 X-15.249 Y-178.714 Z-2.200 F400.000
G1 X-15.263 Y-178.688 Z-2.200 F400.000
G1 X-15.282 Y-178.664 Z-2.200 F400.000
G1 X-15.306 Y-178.645 Z-2.200 F400.000
G1 X-15.332 Y-178.631 Z-2.200 F400.000
G1 X-15.361 Y-178.622 Z-2.200 F400.000
G1 X-15.470 Y-178.611 Z-2.200 F400.000
G1 X-16.875 Y-178.611 Z-2.200 F400.000
G1 X-17.082 Y-178.597 Z-2.200 F400.000
G1 X-17.341 Y-178.563 Z-2.200 F400.000
G1 X-17.741 Y-178.456 Z-2.200 F400.000
G1 X-17.983 Y-178.356 Z-2.200 F400.000
G1 X-18.341 Y-178.149 Z-2.200 F400.000
G1 X-18.549 Y-177.990 Z-2.200 F400.000
G1 X-18.842 Y-177.697 Z-2.200 F400.000
G1 X-19.000 Y-177.490 Z-2.200 F400.000
G1 X-19.208 Y-177.131 Z-2.200 F400.000
G1 X-19.308 Y-176.890 Z-2.200 F400.000
G1 X-19.415 Y-176.490 Z-2.200 F400.000
G1 X-19.449 Y-176.231 Z-2.200 F400.000
G1 X-19.462 Y-176.024 Z-2.200 F400.000
G1 X-19.460 Y-153.275 Z-2.200 F400.000
G1 X-19.431 Y-152.912 Z-2.200 F400.000
G1 X-19.362 Y-152.555 Z-2.200 F400.000
G1 X-19.255 Y-152.207 Z-2.200 F400.000
G1 X-19.150 Y-151.951 Z-2.200 F400.000
G1 X-15.263 Y-143.615 Z-2.200 F400.000
G1 X-15.240 Y-143.559 Z-2.200 F400.000
G1 X-15.235 Y-143.542 Z-2.200 F400.000
G1 X-15.232 Y-143.524 Z-2.200 F400.000
G1 X-15.229 Y-143.464 Z-2.200 F400.000
G1 X-15.229 Y-140.573 Z-2.200 F400.000
G1 X-15.240 Y-140.464 Z-2.200 F400.000
G1 X-15.249 Y-140.435 Z-2.200 F400.000
G1 X-15.263 Y-140.409 Z-2.200 F400.000
G1 X-15.282 Y-140.385 Z-2.200 F400.000
G1 X-15.306 Y-140.366 Z-2.200 F400.000
G1 X-15.332 Y-140.351 Z-2.200 F400.000
G1 X-15.361 Y-140.343 Z-2.200 F400.000
G1 X-15.470 Y-140.332 Z-2.200 F400.000
G1 X-16.875 Y-140.332 Z-2.200 F400.000
G1 X-17.082 Y-140.318 Z-2.200 F400.000
G1 X-17.341 Y-140.284 Z-2.200 F400.000
G1 X-17.741 Y-140.177 Z-2.200 F400.000
G1 X-17.983 Y-140.077 Z-2.200 F400.000
G1 X-18.341 Y-139.870 Z-2.200 F400.000
G1 X-18.549 Y-139.711 Z-2.200 F400.000
G1 X-18.842 Y-139.418 Z-2.200 F400.000
G1 X-19.000 Y-139.211 Z-2.200 F400.000
G1 X-19.208 Y-138.852 Z-2.200 F400.000
G1 X-19.308 Y-138.611 Z-2.200 F400.000
G1 X-19.415 Y-138.211 Z-2.200 F400.000
G1 X-19.449 Y-137.952 Z-2.200 F400.000
G1 X-19.462 Y-137.745 Z-2.200 F400.000
G1 X-19.460 Y-114.996 Z-2.200 F400.000
G1 X-19.431 Y-114.633 Z-2.200 F400.000
G1 X-19.362 Y-114.276 Z-2.200 F400.000
G1 X-19.255 Y-113.928 Z-2.200 F400.000
G1 X-19.150 Y-113.672 Z-2.200 F400.000
G1 X-15.263 Y-105.336 Z-2.200 F400.000
G1 X-15.240 Y-105.279 Z-2.200 F400.000
G1 X-15.235 Y-105.263 Z-2.200 F400.000
G1 X-15.232 Y-105.245 Z-2.200 F400.000
G1 X-15.229 Y-105.185 Z-2.200 F400.000
G1 X-15.229 Y-102.294 Z-2.200 F400.000
G1 X-15.240 Y-102.185 Z-2.200 F400.000
G1 X-15.249 Y-102.156 Z-2.200 F400.000
G1 X-15.263 Y-102.130 Z-2.200 F400.000
G1 X-15.282 Y-102.106 Z-2.200 F400.000
G1 X-15.306 Y-102.087 Z-2.200 F400.000
G1 X-15.332 Y-102.072 Z-2.200 F400.000
G1 X-15.361 Y-102.064 Z-2.200 F400.000
G1 X-15.470 Y-102.053 Z-2.200 F400.000
G1 X-16.875 Y-102.053 Z-2.200 F400.000
G1 X-17.082 Y-102.039 Z-2.200 F400.000
G1 X-17.341 Y-102.005 Z-2.200 F400.000
G1 X-17.741 Y-101.898 Z-2.200 F400.000
G1 X-17.983 Y-101.798 Z-2.200 F400.000
G1 X-18.341 Y-101.591 Z-2.200 F400.000
G1 X-18.549 Y-101.432 Z-2.200 F400.000
G1 X-18.842 Y-101.139 Z-2.200 F400.000
G1 X-19.000 Y-100.932 Z-2.200 F400.000
G1 X-19.208 Y-100.573 Z-2.200 F400.000
G1 X-19.308 Y-100.332 Z-2.200 F400.000
G1 X-19.415 Y-99.932 Z-2.200 F400.000
G1 X-19.449 Y-99.673 Z-2.200 F400.000
G1 X-19.462 Y-99.466 Z-2.200 F400.000
G1 X-19.460 Y-76.717 Z-2.200 F400.000
G1 X-19.431 Y-76.354 Z-2.200 F400.000
G1 X-19.362 Y-75.997 Z-2.200 F400.000
G1 X-19.255 Y-75.649 Z-2.200 F400.000
G1 X-19.150 Y-75.393 Z-2.200 F400.000
G1 X-15.263 Y-67.057 Z-2.200 F400.000
G1 X-15.240 Y-67.000 Z-2.200 F400.000
G1 X-15.235 Y-66.984 Z-2.200 F400.000
G1 X-15.232 Y-66.966 Z-2.200 F400.000
G1 X-15.229 Y-66.906 Z-2.200 F400.000
G1 X-15.229 Y-64.014 Z-2.200 F400.000
G1 X-15.240 Y-63.906 Z-2.200 F400.000
G1 X-15.249 Y-63.877 Z-2.200 F400.000
G1 X-15.263 Y-63.850 Z-2.200 F400.000
G1 X-15.282 Y-63.827 Z-2.200 F400.000
G1 X-15.306 Y-63.808 Z-2.200 F400.000
G1 X-15.332 Y-63.793 Z-2.200 F400.000
G1 X-15.361 Y-63.785 Z-2.200 F400.000
G1 X-15.470 Y-63.774 Z-2.200 F400.000
G1 X-16.875 Y-63.774 Z-2.200 F400.000
G1 X-17.082 Y-63.760 Z-2.200 F400.000
G1 X-17.341 Y-63.726 Z-2.200 F400.000
G1 X-17.741 Y-63.619 Z-2.200 F400.000
G1 X-17.983 Y-63.519 Z-2.200 F400.000
G1 X-18.341 Y-63.312 Z-2.200 F400.000
G1 X-18.549 Y-63.153 Z-2.200 F400.000
G1 X-18.842 Y-62.860 Z-2.200 F400.000
G1 X-19.000 Y-62.653 Z-2.200 F400.000
G1 X-19.208 Y-62.294 Z-2.200 F400.000
G1 X-19.308 Y-62.053 Z-2.200 F400.000
G1 X-19.415 Y-61.653 Z-2.200 F400.000
G1 X-19.449 Y-61.394 Z-2.200 F400.000
G1 X-19.462 Y-61.187 Z-2.200 F400.000
G1 X-19.460 Y-38.438 Z-2.200 F400.000
G1 X-19.431 Y-38.075 Z-2.200 F400.000
G1 X-19.362 Y-37.718 Z-2.200 F400.000
G1 X-19.255 Y-37.370 Z-2.200 F400.000
G1 X-19.150 Y-37.114 Z-2.200 F400.000
G1 X-15.263 Y-28.778 Z-2.200 F400.000
G1 X-15.240 Y-28.721 Z-2.200 F400.000
G1 X-15.235 Y-28.705 Z-2.200 F400.000
G1 X-15.232 Y-28.687 Z-2.200 F400.000
G1 X-15.229 Y-28.627 Z-2.200 F400.000
G1 X-15.229 Y-25.735 Z-2.200 F400.000
G1 X-15.240 Y-25.627 Z-2.200 F400.000
G1 X-15.249 Y-25.598 Z-2.200 F400.000
G1 X-15.263 Y-25.571 Z-2.200 F400.000
G1 X-15.282 Y-25.548 Z-2.200 F400.000
G1 X-15.306 Y-25.529 Z-2.200 F400.000
G1 X-15.332 Y-25.514 Z-2.200 F400.000
G1 X-15.361 Y-25.506 Z-2.200 F400.000
G1 X-15.470 Y-25.495 Z-2.200 F400.000
G1 X-16.875 Y-25.495 Z-2.200 F400.000
G1 X-17.082 Y-25.481 Z-2.200 F400.000
G1 X-17.341 Y-25.447 Z-2.200 F400.000
G1 X-17.741 Y-25.340 Z-2.200 F400.000
G1 X-17.983 Y-25.240 Z-2.200 F400.000
G1 X-18.341 Y-25.033 Z-2.200 F400.000
G1 X-18.549 Y-24.874 Z-2.200 F400.000
G1 X-18.842 Y-24.581 Z-2.200 F400.000
G1 X-19.000 Y-24.374 Z-2.200 F400.000
G1 X-19.208 Y-24.015 Z-2.200 F400.000
G1 X-19.308 Y-23.774 Z-2.200 F400.000
G1 X-19.415 Y-23.374 Z-2.200 F400.000
G1 X-19.449 Y-23.115 Z-2.200 F400.000
G1 X-19.462 Y-22.907 Z-2.200 F400.000
G1 X-19.462 Y-2.500 Z-2.200 F400.000
G0 Z5.000
G0 X-19.462 Y-227.500
G0 Z3.000
G1 X-19.462 Y-227.500 Z-2.400 F250.000
G1 X-19.455 Y-208.827 Z-2.400 F400.000
G1 X-19.421 Y-208.486 Z-2.400 F400.000
G1 X-19.361 Y-208.181 Z-2.400 F400.000
G1 X-19.261 Y-207.852 Z-2.400 F400.000
G1 X-19.142 Y-207.565 Z-2.400 F400.000
G1 X-18.980 Y-207.262 Z-2.400 F400.000
G1 X-18.807 Y-207.004 Z-2.400 F400.000
G1 X-18.590 Y-206.738 Z-2.400 F400.000
G1 X-18.370 Y-206.518 Z-2.400 F400.000
G1 X-18.104 Y-206.301 Z-2.400 F400.000
G1 X-17.846 Y-206.128 Z-2.400 F400.000
G1 X-17.543 Y-205.966 Z-2.400 F400.000
G1 X-17.256 Y-205.847 Z-2.400 F400.000
G1 X-16.927 Y-205.747 Z-2.400 F400.000
G1 X-16.622 Y-205.687 Z-2.400 F400.000
G1 X-16.125 Y-205.645 Z-2.400 F400.000
G1 X-13.353 Y-205.645 Z-2.400 F400.000
G1 X-13.245 Y-205.635 Z-2.400 F400.000
G1 X-13.216 Y-205.626 Z-2.400 F400.000
G1 X-13.189 Y-205.612 Z-2.400 F400.000
G1 X-13.166 Y-205.592 Z-2.400 F400.000
G1 X-13.146 Y-205.569 Z-2.400 F400.000
G1 X-13.132 Y-205.542 Z-2.400 F400.000
G1 X-13.123 Y-205.513 Z-2.400 F400.000
G1 X-13.113 Y-205.405 Z-2.400 F400.000
G1 X-13.112 Y-203.698 Z-2.400 F400.000
G1 X-13.123 Y-203.590 Z-2.400 F400.000
G1 X-13.132 Y-203.561 Z-2.400 F400.000
G1 X-13.146 Y-203.534 Z-2.400 F400.000
G1 X-13.166 Y-203.511 Z-2.400 F400.000
G1 X-13.189 Y-203.492 Z-2.400 F400.000
G1 X-13.216 Y-203.477 Z-2.400 F400.000
G1 X-13.245 Y-203.469 Z-2.400 F400.000
G1 X-13.355 Y-203.458 Z-2.400 F400.000
G1 X-16.281 Y-203.450 Z-2.400 F400.000
G1 X-16.622 Y-203.417 Z-2.400 F400.000
G1 X-16.927 Y-203.356 Z-2.400 F400.000
G1 X-17.256 Y-203.256 Z-2.400 F400.000
G1 X-17.543 Y-203.137 Z-2.400 F400.000
G1 X-17.846 Y-202.976 Z-2.400 F400.000
G1 X-18.104 Y-202.803 Z-2.400 F400.000
G1 X-18.370 Y-202.585 Z-2.400 F400.000
G1 X-18.590 Y-202.365 Z-2.400 F400.000
G1 X-18.807 Y-202.100 Z-2.400 F400.000
G1 X-18.980 Y-201.841 Z-2.400 F400.000
G1 X-19.142 Y-201.538 Z-2.400 F400.000
G1 X-19.261 Y-201.251 Z-2.400 F400.000
G1 X-19.361 Y-200.923 Z-2.400 F400.000
G1 X-19.421 Y-200.617 Z-2.400 F400.000
G1 X-19.462 Y-200.120 Z-2.400 F400.000
G1 X-19.460 Y-191.554 Z-2.400 F400.000
G1 X-19.431 Y-191.191 Z-2.400 F400.000
G1 X-19.362 Y-190.834 Z-2.400 F400.000
G1 X-19.255 Y-190.486 Z-2.400 F400.000
G1 X-19.150 Y-190.230 Z-2.400 F400.000
G1 X-15.263 Y-181.894 Z-2.400 F400.000
G1 X-15.240 Y-181.838 Z-2.400 F400.000
G1 X-15.235 Y-181.821 Z-2.400 F400.000
G1 X-15.232 Y-181.803 Z-2.400 F400.000
G1 X-15.229 Y-181.743 Z-2.400 F400.000
G1 X-15.229 Y-178.852 Z-2.400 F400.000
G1 X-15.240 Y-178.743 Z-2.400 F400.000
G1 X-15.249 Y-178.714 Z-2.400 F400.000
G1 X-15.263 Y-178.688 Z-2.400 F400.000
G1 X-15.282 Y-178.664 Z-2.400 F400.000
G1 X-15.306 Y-178.645 Z-2.400 F400.000
G1 X-15.332 Y-178.631 Z-2.400 F400.000
G1 X-15.361 Y-178.622 Z-2.400 F400.000
G1 X-15.470 Y-178.611 Z-2.400 F400.000
G1 X-16.875 Y-178.611 Z-2.400 F400.000
G1 X-17.082 Y-178.597 Z-2.400 F400.000
G1 X-17.341 Y-178.563 Z-2.400 F400.000
G1 X-17.741 Y-178.456 Z-2.400 F400.000
G1 X-17.983 Y-178.356 Z-2.400 F400.000
G1 X-18.341 Y-178.149 Z-2.400 F400.000
G1 X-18.549 Y-177.990 Z-2.400 F400.000
G1 X-18.842 Y-177.697 Z-2.400 F400.000
G1 X-19.000 Y-177.490 Z-2.400 F400.000
G1 X-19.208 Y-177.131 Z-2.400 F400.000
G1 X-19.308 Y-176.890 Z-2.400 F400.000
G1 X-19.415 Y-176.490 Z-2.400 F400.000
G1 X-19.449 Y-176.231 Z-2.400 F400.000
G1 X-19.462 Y-176.024 Z-2.400 F400.000
G1 X-19.460 Y-153.275 Z-2.400 F400.000
G1 X-19.431 Y-152.912 Z-2.400 F400.000
G1 X-19.362 Y-152.555 Z-2.400 F400.000
G1 X-19.255 Y-152.207 Z-2.400 F400.000
G1 X-19.150 Y-151.951 Z-2.400 F400.000
G1 X-15.263 Y-143.615 Z-2.400 F400.000
G1 X-15.240 Y-143.559 Z-2.400 F400.000
G1 X-15.235 Y-143.542 Z-2.400 F400.000
G1 X-15.232 Y-143.524 Z-2.400 F400.000
G1 X-15.229 Y-143.464 Z-2.400 F400.000
G1 X-15.229 Y-140.573 Z-2.400 F400.000
G1 X-15.240 Y-140.464 Z-2.400 F400.000
G1 X-15.249 Y-140.435 Z-2.400 F400.000
G1 X-15.263 Y-140.409 Z-2.400 F400.000
G1 X-15.282 Y-140.385 Z-2.400 F400.000
G1 X-15.306 Y-140.366 Z-2.400 F400.000
G1 X-15.332 Y-140.351 Z-2.400 F400.000
G1 X-15.361 Y-140.343 Z-2.400 F400.000
G1 X-15.470 Y-140.332 Z-2.400 F400.000
G1 X-16.875 Y-140.332 Z-2.400 F400.000
G1 X-17.082 Y-140.318 Z-2.400 F400.000
G1 X-17.341 Y-140.284 Z-2.400 F400.000
G1 X-17.741 Y-140.177 Z-2.400 F400.000
G1 X-17.983 Y-140.077 Z-2.400 F400.000
G1 X-18.341 Y-139.870 Z-2.400 F400.000
G1 X-18.549 Y-139.711 Z-2.400 F400.000
G1 X-18.842 Y-139.418 Z-2.400 F400.000
G1 X-19.000 Y-139.211 Z-2.400 F400.000
G1 X-19.208 Y-138.852 Z-2.400 F400.000
G1 X-19.308 Y-138.611 Z-2.400 F400.000
G1 X-19.415 Y-138.211 Z-2.400 F400.000
G1 X-19.449 Y-137.952 Z-2.400 F400.000
G1 X-19.462 Y-137.745 Z-2.400 F400.000
G1 X-19.460 Y-114.996 Z-2.400 F400.000
G1 X-19.431 Y-114.633 Z-2.400 F400.000
G1 X-19.362 Y-114.276 Z-2.400 F400.000
G1 X-19.255 Y-113.928 Z-2.400 F400.000
G1 X-19.150 Y-113.672 Z-2.400 F400.000
G1 X-15.263 Y-105.336 Z-2.400 F400.000
G1 X-15.240 Y-105.279 Z-2.400 F400.000
G1 X-15.235 Y-105.263 Z-2.400 F400.000
G1 X-15.232 Y-105.245 Z-2.400 F400.000
G1 X-15.229 Y-105.185 Z-2.400 F400.000
G1 X-15.229 Y-102.294 Z-2.400 F400.000
G1 X-15.240 Y-102.185 Z-2.400 F400.000
G1 X-15.249 Y-102.156 Z-2.400 F400.000
G1 X-15.263 Y-102.130 Z-2.400 F400.000
G1 X-15.282 Y-102.106 Z-2.400 F400.000
G1 X-15.306 Y-102.087 Z-2.400 F400.000
G1 X-15.332 Y-102.072 Z-2.400 F400.000
G1 X-15.361 Y-102.064 Z-2.400 F400.000
G1 X-15.470 Y-102.053 Z-2.400 F400.000
G1 X-16.875 Y-102.053 Z-2.400 F400.000
G1 X-17.082 Y-102.039 Z-2.400 F400.000
G1 X-17.341 Y-102.005 Z-2.400 F400.000
G1 X-17.741 Y-101.898 Z-2.400 F400.000
G1 X-17.983 Y-101.798 Z-2.400 F400.000
G1 X-18.341 Y-101.591 Z-2.400 F400.000
G1 X-18.549 Y-101.432 Z-2.400 F400.000
G1 X-18.842 Y-101.139 Z-2.400 F400.000
G1 X-19.000 Y-100.932 Z-2.400 F400.000
G1 X-19.208 Y-100.573 Z-2.400 F400.000
G1 X-19.308 Y-100.332 Z-2.400 F400.000
G1 X-19.415 Y-99.932 Z-2.400 F400.000
G1 X-19.449 Y-99.673 Z-2.400 F400.000
G1 X-19.462 Y-99.466 Z-2.400 F400.000
G1 X-19.460 Y-76.717 Z-2.400 F400.000
G1 X-19.431 Y-76.354 Z-2.400 F400.000
G1 X-19.362 Y-75.997 Z-2.400 F400.000
G1 X-19.255 Y-75.649 Z-2.400 F400.000
G1 X-19.150 Y-75.393 Z-2.400 F400.000
G1 X-15.263 Y-67.057 Z-2.400 F400.000
G1 X-15.240 Y-67.000 Z-2.400 F400.000
G1 X-15.235 Y-66.984 Z-2.400 F400.000
G1 X-15.232 Y-66.966 Z-2.400 F400.000
G1 X-15.229 Y-66.906 Z-2.400 F400.000
G1 X-15.229 Y-64.014 Z-2.400 F400.000
G1 X-15.240 Y-63.906 Z-2.400 F400.000
G1 X-15.249 Y-63.877 Z-2.400 F400.000
G1 X-15.263 Y-63.850 Z-2.400 F400.000
G1 X-15.282 Y-63.827 Z-2.400 F400.000
G1 X-15.306 Y-63.808 Z-2.400 F400.000
G1 X-15.332 Y-63.793 Z-2.400 F400.000
G1 X-15.361 Y-63.785 Z-2.400 F400.000
G1 X-15.470 Y-63.774 Z-2.400 F400.000
G1 X-16.875 Y-63.774 Z-2.400 F400.000
G1 X-17.082 Y-63.760 Z-2.400 F400.000
G1 X-17.341 Y-63.726 Z-2.400 F400.000
G1 X-17.741 Y-63.619 Z-2.400 F400.000
G1 X-17.983 Y-63.519 Z-2.400 F400.000
G1 X-18.341 Y-63.312 Z-2.400 F400.000
G1 X-18.549 Y-63.153 Z-2.400 F400.000
G1 X-18.842 Y-62.860 Z-2.400 F400.000
G1 X-19.000 Y-62.653 Z-2.400 F400.000
G1 X-19.208 Y-62.294 Z-2.400 F400.000
G1 X-19.308 Y-62.053 Z-2.400 F400.000
G1 X-19.415 Y-61.653 Z-2.400 F400.000
G1 X-19.449 Y-61.394 Z-2.400 F400.000
G1 X-19.462 Y-61.187 Z-2.400 F400.000
G1 X-19.460 Y-38.438 Z-2.400 F400.000
G1 X-19.431 Y-38.075 Z-2.400 F400.000
G1 X-19.362 Y-37.718 Z-2.400 F400.000
G1 X-19.255 Y-37.370 Z-2.400 F400.000
G1 X-19.150 Y-37.114 Z-2.400 F400.000
G1 X-15.263 Y-28.778 Z-2.400 F400.000
G1 X-15.240 Y-28.721 Z-2.400 F400.000
G1 X-15.235 Y-28.705 Z-2.400 F400.000
G1 X-15.232 Y-28.687 Z-2.400 F400.000
G1 X-15.229 Y-28.627 Z-2.400 F400.000
G1 X-15.229 Y-25.735 Z-2.400 F400.000
G1 X-15.240 Y-25.627 Z-2.400 F400.000
G1 X-15.249 Y-25.598 Z-2.400 F400.000
G1 X-15.263 Y-25.571 Z-2.400 F400.000
G1 X-15.282 Y-25.548 Z-2.400 F400.000
G1 X-15.306 Y-25.529 Z-2.400 F400.000
G1 X-15.332 Y-25.514 Z-2.400 F400.000
G1 X-15.361 Y-25.506 Z-2.400 F400.000
G1 X-15.470 Y-25.495 Z-2.400 F400.000
G1 X-16.875 Y-25.495 Z-2.400 F400.000
G1 X-17.082 Y-25.481 Z-2.400 F400.000
G1 X-17.341 Y-25.447 Z-2.400 F400.000
G1 X-17.741 Y-25.340 Z-2.400 F400.000
G1 X-17.983 Y-25.240 Z-2.400 F400.000
G1 X-18.341 Y-25.033 Z-2.400 F400.000
G1 X-18.549 Y-24.874 Z-2.400 F400.000
G1 X-18.842 Y-24.581 Z-2.400 F400.000
G1 X-19.000 Y-24.374 Z-2.400 F400.000
G1 X-19.208 Y-24.015 Z-2.400 F400.000
G1 X-19.308 Y-23.774 Z-2.400 F400.000
G1 X-19.415 Y-23.374 Z-2.400 F400.000
G1 X-19.449 Y-23.115 Z-2.400 F400.000
G1 X-19.462 Y-22.907 Z-2.400 F400.000
G1 X-19.462 Y-2.500 Z-2.400 F400.000
G0 Z5.000
G0 X-19.462 Y-227.500
G0 Z3.000
G1 X-19.462 Y-227.500 Z-2.600 F250.000
G1 X-19.455 Y-208.827 Z-2.600 F400.000
G1 X-19.421 Y-208.486 Z-2.600 F400.000
G1 X-19.361 Y-208.181 Z-2.600 F400.000
G1 X-19.261 Y-207.852 Z-2.600 F400.000
G1 X-19.142 Y-207.565 Z-2.600 F400.000
G1 X-18.980 Y-207.262 Z-2.600 F400.000
G1 X-18.807 Y-207.004 Z-2.600 F400.000
G1 X-18.590 Y-206.738 Z-2.600 F400.000
G1 X-18.370 Y-206.518 Z-2.600 F400.000
G1 X-18.104 Y-206.301 Z-2.600 F400.000
G1 X-17.846 Y-206.128 Z-2.600 F400.000
G1 X-17.543 Y-205.966 Z-2.600 F400.000
G1 X-17.256 Y-205.847 Z-2.600 F400.000
G1 X-16.927 Y-205.747 Z-2.600 F400.000
G1 X-16.622 Y-205.687 Z-2.600 F400.000
G1 X-16.125 Y-205.645 Z-2.600 F400.000
G1 X-13.353 Y-205.645 Z-2.600 F400.000
G1 X-13.245 Y-205.635 Z-2.600 F400.000
G1 X-13.216 Y-205.626 Z-2.600 F400.000
G1 X-13.189 Y-205.612 Z-2.600 F400.000
G1 X-13.166 Y-205.592 Z-2.600 F400.000
G1 X-13.146 Y-205.569 Z-2.600 F400.000
G1 X-13.132 Y-205.542 Z-2.600 F400.000
G1 X-13.123 Y-205.513 Z-2.600 F400.000
G1 X-13.113 Y-205.405 Z-2.600 F400.000
G1 X-13.112 Y-203.698 Z-2.600 F400.000
G1 X-13.123 Y-203.590 Z-2.600 F400.000
G1 X-13.132 Y-203.561 Z-2.600 F400.000
G1 X-13.146 Y-203.534 Z-2.600 F400.000
G1 X-13.166 Y-203.511 Z-2.600 F400.000
G1 X-13.189 Y-203.492 Z-2.600 F400.000
G1 X-13.216 Y-203.477 Z-2.600 F400.000
G1 X-13.245 Y-203.469 Z-2.600 F400.000
G1 X-13.355 Y-203.458 Z-2.600 F400.000
G1 X-16.281 Y-203.450 Z-2.600 F400.000
G1 X-16.622 Y-203.417 Z-2.600 F400.000
G1 X-16.927 Y-203.356 Z-2.600 F400.000
G1 X-17.256 Y-203.256 Z-2.600 F400.000
G1 X-17.543 Y-203.137 Z-2.600 F400.000
G1 X-17.846 Y-202.976 Z-2.600 F400.000
G1 X-18.104 Y-202.803 Z-2.600 F400.000
G1 X-18.370 Y-202.585 Z-2.600 F400.000
G1 X-18.590 Y-202.365 Z-2.600 F400.000
G1 X-18.807 Y-202.100 Z-2.600 F400.000
G1 X-18.980 Y-201.841 Z-2.600 F400.000
G1 X-19.142 Y-201.538 Z-2.600 F400.000
G1 X-19.261 Y-201.251 Z-2.600 F400.000
G1 X-19.361 Y-200.923 Z-2.600 F400.000
G1 X-19.421 Y-200.617 Z-2.600 F400.000
G1 X-19.462 Y-200.120 Z-2.600 F400.000
G1 X-19.460 Y-191.554 Z-2.600 F400.000
G1 X-19.431 Y-191.191 Z-2.600 F400.000
G1 X-19.362 Y-190.834 Z-2.600 F400.000
G1 X-19.255 Y-190.486 Z-2.600 F400.000
G1 X-19.150 Y-190.230 Z-2.600 F400.000
G1 X-15.263 Y-181.894 Z-2.600 F400.000
G1 X-15.240 Y-181.838 Z-2.600 F400.000
G1 X-15.235 Y-181.821 Z-2.600 F400.000
G1 X-15.232 Y-181.803 Z-2.600 F400.000
G1 X-15.229 Y-181.743 Z-2.600 F400.000
G1 X-15.229 Y-178.852 Z-2.600 F400.000
G1 X-15.240 Y-178.743 Z-2.600 F400.000
G1 X-15.249 Y-178.714 Z-2.600 F400.000
G1 X-15.263 Y-178.688 Z-2.600 F400.000
G1 X-15.282 Y-178.664 Z-2.600 F400.000
G1 X-15.306 Y-178.645 Z-2.600 F400.000
G1 X-15.332 Y-178.631 Z-2.600 F400.000
G1 X-15.361 Y-178.622 Z-2.600 F400.000
G1 X-15.470 Y-178.611 Z-2.600 F400.000
G1 X-16.875 Y-178.611 Z-2.600 F400.000
G1 X-17.082 Y-178.597 Z-2.600 F400.000
G1 X-17.341 Y-178.563 Z-2.600 F400.000
G1 X-17.741 Y-178.456 Z-2.600 F400.000
G1 X-17.983 Y-178.356 Z-2.600 F400.000
G1 X-18.341 Y-178.149 Z-2.600 F400.000
G1 X-18.549 Y-177.990 Z-2.600 F400.000
G1 X-18.842 Y-177.697 Z-2.600 F400.000
G1 X-19.000 Y-177.490 Z-2.600 F400.000
G1 X-19.208 Y-177.131 Z-2.600 F400.000
G1 X-19.308 Y-176.890 Z-2.600 F400.000
G1 X-19.415 Y-176.490 Z-2.600 F400.000
G1 X-19.449 Y-176.231 Z-2.600 F400.000
G1 X-19.462 Y-176.024 Z-2.600 F400.000
G1 X-19.460 Y-153.275 Z-2.600 F400.000
G1 X-19.431 Y-152.912 Z-2.600 F400.000
G1 X-19.362 Y-152.555 Z-2.600 F400.000
G1 X-19.255 Y-152.207 Z-2.600 F400.000
G1 X-19.150 Y-151.951 Z-2.600 F400.000
G1 X-15.263 Y-143.615 Z-2.600 F400.000
G1 X-15.240 Y-143.559 Z-2.600 F400.000
G1 X-15.235 Y-143.542 Z-2.600 F400.000
G1 X-15.232 Y-143.524 Z-2.600 F400.000
G1 X-15.229 Y-143.464 Z-2.600 F400.000
G1 X-15.229 Y-140.573 Z-2.600 F400.000
G1 X-15.240 Y-140.464 Z-2.600 F400.000
G1 X-15.249 Y-140.435 Z-2.600 F400.000
G1 X-15.263 Y-140.409 Z-2.600 F400.000
G1 X-15.282 Y-140.385 Z-2.600 F400.000
G1 X-15.306 Y-140.366 Z-2.600 F400.000
G1 X-15.332 Y-140.351 Z-2.600 F400.000
G1 X-15.361 Y-140.343 Z-2.600 F400.000
G1 X-15.470 Y-140.332 Z-2.600 F400.000
G1 X-16.875 Y-140.332 Z-2.600 F400.000
G1 X-17.082 Y-140.318 Z-2.600 F400.000
G1 X-17.341 Y-140.284 Z-2.600 F400.000
G1 X-17.741 Y-140.177 Z-2.600 F400.000
G1 X-17.983 Y-140.077 Z-2.600 F400.000
G1 X-18.341 Y-139.870 Z-2.600 F400.000
G1 X-18.549 Y-139.711 Z-2.600 F400.000
G1 X-18.842 Y-139.418 Z-2.600 F400.000
G1 X-19.000 Y-139.211 Z-2.600 F400.000
G1 X-19.208 Y-138.852 Z-2.600 F400.000
G1 X-19.308 Y-138.611 Z-2.600 F400.000
G1 X-19.415 Y-138.211 Z-2.600 F400.000
G1 X-19.449 Y-137.952 Z-2.600 F400.000
G1 X-19.462 Y-137.745 Z-2.600 F400.000
G1 X-19.460 Y-114.996 Z-2.600 F400.000
G1 X-19.431 Y-114.633 Z-2.600 F400.000
G1 X-19.362 Y-114.276 Z-2.600 F400.000
G1 X-19.255 Y-113.928 Z-2.600 F400.000
G1 X-19.150 Y-113.672 Z-2.600 F400.000
G1 X-15.263 Y-105.336 Z-2.600 F400.000
G1 X-15.240 Y-105.279 Z-2.600 F400.000
G1 X-15.235 Y-105.263 Z-2.600 F400.000
G1 X-15.232 Y-105.245 Z-2.600 F400.000
G1 X-15.229 Y-105.185 Z-2.600 F400.000
G1 X-15.229 Y-102.294 Z-2.600 F400.000
G1 X-15.240 Y-102.185 Z-2.600 F400.000
G1 X-15.249 Y-102.156 Z-2.600 F400.000
G1 X-15.263 Y-102.130 Z-2.600 F400.000
G1 X-15.282 Y-102.106 Z-2.600 F400.000
G1 X-15.306 Y-102.087 Z-2.600 F400.000
G1 X-15.332 Y-102.072 Z-2.600 F400.000
G1 X-15.361 Y-102.064 Z-2.600 F400.000
G1 X-15.470 Y-102.053 Z-2.600 F400.000
G1 X-16.875 Y-102.053 Z-2.600 F400.000
G1 X-17.082 Y-102.039 Z-2.600 F400.000
G1 X-17.341 Y-102.005 Z-2.600 F400.000
G1 X-17.741 Y-101.898 Z-2.600 F400.000
G1 X-17.983 Y-101.798 Z-2.600 F400.000
G1 X-18.341 Y-101.591 Z-2.600 F400.000
G1 X-18.549 Y-101.432 Z-2.600 F400.000
G1 X-18.842 Y-101.139 Z-2.600 F400.000
G1 X-19.000 Y-100.932 Z-2.600 F400.000
G1 X-19.208 Y-100.573 Z-2.600 F400.000
G1 X-19.308 Y-100.332 Z-2.600 F400.000
G1 X-19.415 Y-99.932 Z-2.600 F400.000
G1 X-19.449 Y-99.673 Z-2.600 F400.000
G1 X-19.462 Y-99.466 Z-2.600 F400.000
G1 X-19.460 Y-76.717 Z-2.600 F400.000
G1 X-19.431 Y-76.354 Z-2.600 F400.000
G1 X-19.362 Y-75.997 Z-2.600 F400.000
G1 X-19.255 Y-75.649 Z-2.600 F400.000
G1 X-19.150 Y-75.393 Z-2.600 F400.000
G1 X-15.263 Y-67.057 Z-2.600 F400.000
G1 X-15.240 Y-67.000 Z-2.600 F400.000
G1 X-15.235 Y-66.984 Z-2.600 F400.000
G1 X-15.232 Y-66.966 Z-2.600 F400.000
G1 X-15.229 Y-66.906 Z-2.600 F400.000
G1 X-15.229 Y-64.014 Z-2.600 F400.000
G1 X-15.240 Y-63.906 Z-2.600 F400.000
G1 X-15.249 Y-63.877 Z-2.600 F400.000
G1 X-15.263 Y-63.850 Z-2.600 F400.000
G1 X-15.282 Y-63.827 Z-2.600 F400.000
G1 X-15.306 Y-63.808 Z-2.600 F400.000
G1 X-15.332 Y-63.793 Z-2.600 F400.000
G1 X-15.361 Y-63.785 Z-2.600 F400.000
G1 X-15.470 Y-63.774 Z-2.600 F400.000
G1 X-16.875 Y-63.774 Z-2.600 F400.000
G1 X-17.082 Y-63.760 Z-2.600 F400.000
G1 X-17.341 Y-63.726 Z-2.600 F400.000
G1 X-17.741 Y-63.619 Z-2.600 F400.000
G1 X-17.983 Y-63.519 Z-2.600 F400.000
G1 X-18.341 Y-63.312 Z-2.600 F400.000
G1 X-18.549 Y-63.153 Z-2.600 F400.000
G1 X-18.842 Y-62.860 Z-2.600 F400.000
G1 X-19.000 Y-62.653 Z-2.600 F400.000
G1 X-19.208 Y-62.294 Z-2.600 F400.000
G1 X-19.308 Y-62.053 Z-2.600 F400.000
G1 X-19.415 Y-61.653 Z-2.600 F400.000
G1 X-19.449 Y-61.394 Z-2.600 F400.000
G1 X-19.462 Y-61.187 Z-2.600 F400.000
G1 X-19.460 Y-38.438 Z-2.600 F400.000
G1 X-19.431 Y-38.075 Z-2.600 F400.000
G1 X-19.362 Y-37.718 Z-2.600 F400.000
G1 X-19.255 Y-37.370 Z-2.600 F400.000
G1 X-19.150 Y-37.114 Z-2.600 F400.000
G1 X-15.263 Y-28.778 Z-2.600 F400.000
G1 X-15.240 Y-28.721 Z-2.600 F400.000
G1 X-15.235 Y-28.705 Z-2.600 F400.000
G1 X-15.232 Y-28.687 Z-2.600 F400.000
G1 X-15.229 Y-28.627 Z-2.600 F400.000
G1 X-15.229 Y-25.735 Z-2.600 F400.000
G1 X-15.240 Y-25.627 Z-2.600 F400.000
G1 X-15.249 Y-25.598 Z-2.600 F400.000
G1 X-15.263 Y-25.571 Z-2.600 F400.000
G1 X-15.282 Y-25.548 Z-2.600 F400.000
G1 X-15.306 Y-25.529 Z-2.600 F400.000
G1 X-15.332 Y-25.514 Z-2.600 F400.000
G1 X-15.361 Y-25.506 Z-2.600 F400.000
G1 X-15.470 Y-25.495 Z-2.600 F400.000
G1 X-16.875 Y-25.495 Z-2.600 F400.000
G1 X-17.082 Y-25.481 Z-2.600 F400.000
G1 X-17.341 Y-25.447 Z-2.600 F400.000
G1 X-17.741 Y-25.340 Z-2.600 F400.000
G1 X-17.983 Y-25.240 Z-2.600 F400.000
G1 X-18.341 Y-25.033 Z-2.600 F400.000
G1 X-18.549 Y-24.874 Z-2.600 F400.000
G1 X-18.842 Y-24.581 Z-2.600 F400.000
G1 X-19.000 Y-24.374 Z-2.600 F400.000
G1 X-19.208 Y-24.015 Z-2.600 F400.000
G1 X-19.308 Y-23.774 Z-2.600 F400.000
G1 X-19.415 Y-23.374 Z-2.600 F400.000
G1 X-19.449 Y-23.115 Z-2.600 F400.000
G1 X-19.462 Y-22.907 Z-2.600 F400.000
G1 X-19.462 Y-2.500 Z-2.600 F400.000
G0 Z5.000
G0 X-19.462 Y-227.500
G0 Z3.000
G1 X-19.462 Y-227.500 Z-2.800 F250.000
G1 X-19.455 Y-208.827 Z-2.800 F400.000
G1 X-19.421 Y-208.486 Z-2.800 F400.000
G1 X-19.361 Y-208.181 Z-2.800 F400.000
G1 X-19.261 Y-207.852 Z-2.800 F400.000
G1 X-19.142 Y-207.565 Z-2.800 F400.000
G1 X-18.980 Y-207.262 Z-2.800 F400.000
G1 X-18.807 Y-207.004 Z-2.800 F400.000
G1 X-18.590 Y-206.738 Z-2.800 F400.000
G1 X-18.370 Y-206.518 Z-2.800 F400.000
G1 X-18.104 Y-206.301 Z-2.800 F400.000
G1 X-17.846 Y-206.128 Z-2.800 F400.000
G1 X-17.543 Y-205.966 Z-2.800 F400.000
G1 X-17.256 Y-205.847 Z-2.800 F400.000
G1 X-16.927 Y-205.747 Z-2.800 F400.000
G1 X-16.622 Y-205.687 Z-2.800 F400.000
G1 X-16.125 Y-205.645 Z-2.800 F400.000
G1 X-13.353 Y-205.645 Z-2.800 F400.000
G1 X-13.245 Y-205.635 Z-2.800 F400.000
G1 X-13.216 Y-205.626 Z-2.800 F400.000
G1 X-13.189 Y-205.612 Z-2.800 F400.000
G1 X-13.166 Y-205.592 Z-2.800 F400.000
G1 X-13.146 Y-205.569 Z-2.800 F400.000
G1 X-13.132 Y-205.542 Z-2.800 F400.000
G1 X-13.123 Y-205.513 Z-2.800 F400.000
G1 X-13.113 Y-205.405 Z-2.800 F400.000
G1 X-13.112 Y-203.698 Z-2.800 F400.000
G1 X-13.123 Y-203.590 Z-2.800 F400.000
G1 X-13.132 Y-203.561 Z-2.800 F400.000
G1 X-13.146 Y-203.534 Z-2.800 F400.000
G1 X-13.166 Y-203.511 Z-2.800 F400.000
G1 X-13.189 Y-203.492 Z-2.800 F400.000
G1 X-13.216 Y-203.477 Z-2.800 F400.000
G1 X-13.245 Y-203.469 Z-2.800 F400.000
G1 X-13.355 Y-203.458 Z-2.800 F400.000
G1 X-16.281 Y-203.450 Z-2.800 F400.000
G1 X-16.622 Y-203.417 Z-2.800 F400.000
G1 X-16.927 Y-203.356 Z-2.800 F400.000
G1 X-17.256 Y-203.256 Z-2.800 F400.000
G1 X-17.543 Y-203.137 Z-2.800 F400.000
G1 X-17.846 Y-202.976 Z-2.800 F400.000
G1 X-18.104 Y-202.803 Z-2.800 F400.000
G1 X-18.370 Y-202.585 Z-2.800 F400.000
G1 X-18.590 Y-202.365 Z-2.800 F400.000
G1 X-18.807 Y-202.100 Z-2.800 F400.000
G1 X-18.980 Y-201.841 Z-2.800 F400.000
G1 X-19.142 Y-201.538 Z-2.800 F400.000
G1 X-19.261 Y-201.251 Z-2.800 F400.000
G1 X-19.361 Y-200.923 Z-2.800 F400.000
G1 X-19.421 Y-200.617 Z-2.800 F400.000
G1 X-19.462 Y-200.120 Z-2.800 F400.000
G1 X-19.460 Y-191.554 Z-2.800 F400.000
G1 X-19.431 Y-191.191 Z-2.800 F400.000
G1 X-19.362 Y-190.834 Z-2.800 F400.000
G1 X-19.255 Y-190.486 Z-2.800 F400.000
G1 X-19.150 Y-190.230 Z-2.800 F400.000
G1 X-15.263 Y-181.894 Z-2.800 F400.000
G1 X-15.240 Y-181.838 Z-2.800 F400.000
G1 X-15.235 Y-181.821 Z-2.800 F400.000
G1 X-15.232 Y-181.803 Z-2.800 F400.000
G1 X-15.229 Y-181.743 Z-2.800 F400.000
G1 X-15.229 Y-178.852 Z-2.800 F400.000
G1 X-15.240 Y-178.743 Z-2.800 F400.000
G1 X-15.249 Y-178.714 Z-2.800 F400.000
G1 X-15.263 Y-178.688 Z-2.800 F400.000
G1 X-15.282 Y-178.664 Z-2.800 F400.000
G1 X-15.306 Y-178.645 Z-2.800 F400.000
G1 X-15.332 Y-178.631 Z-2.800 F400.000
G1 X-15.361 Y-178.622 Z-2.800 F400.000
G1 X-15.470 Y-178.611 Z-2.800 F400.000
G1 X-16.875 Y-178.611 Z-2.800 F400.000
G1 X-17.082 Y-178.597 Z-2.800 F400.000
G1 X-17.341 Y-178.563 Z-2.800 F400.000
G1 X-17.741 Y-178.456 Z-2.800 F400.000
G1 X-17.983 Y-178.356 Z-2.800 F400.000
G1 X-18.341 Y-178.149 Z-2.800 F400.000
G1 X-18.549 Y-177.990 Z-2.800 F400.000
G1 X-18.842 Y-177.697 Z-2.800 F400.000
G1 X-19.000 Y-177.490 Z-2.800 F400.000
G1 X-19.208 Y-177.131 Z-2.800 F400.000
G1 X-19.308 Y-176.890 Z-2.800 F400.000
G1 X-19.415 Y-176.490 Z-2.800 F400.000
G1 X-19.449 Y-176.231 Z-2.800 F400.000
G1 X-19.462 Y-176.024 Z-2.800 F400.000
G1 X-19.460 Y-153.275 Z-2.800 F400.000
G1 X-19.431 Y-152.912 Z-2.800 F400.000
G1 X-19.362 Y-152.555 Z-2.800 F400.000
G1 X-19.255 Y-152.207 Z-2.800 F400.000
G1 X-19.150 Y-151.951 Z-2.800 F400.000
G1 X-15.263 Y-143.615 Z-2.800 F400.000
G1 X-15.240 Y-143.559 Z-2.800 F400.000
G1 X-15.235 Y-143.542 Z-2.800 F400.000
G1 X-15.232 Y-143.524 Z-2.800 F400.000
G1 X-15.229 Y-143.464 Z-2.800 F400.000
G1 X-15.229 Y-140.573 Z-2.800 F400.000
G1 X-15.240 Y-140.464 Z-2.800 F400.000
G1 X-15.249 Y-140.435 Z-2.800 F400.000
G1 X-15.263 Y-140.409 Z-2.800 F400.000
G1 X-15.282 Y-140.385 Z-2.800 F400.000
G1 X-15.306 Y-140.366 Z-2.800 F400.000
G1 X-15.332 Y-140.351 Z-2.800 F400.000
G1 X-15.361 Y-140.343 Z-2.800 F400.000
G1 X-15.470 Y-140.332 Z-2.800 F400.000
G1 X-16.875 Y-140.332 Z-2.800 F400.000
G1 X-17.082 Y-140.318 Z-2.800 F400.000
G1 X-17.341 Y-140.284 Z-2.800 F400.000
G1 X-17.741 Y-140.177 Z-2.800 F400.000
G1 X-17.983 Y-140.077 Z-2.800 F400.000
G1 X-18.341 Y-139.870 Z-2.800 F400.000
G1 X-18.549 Y-139.711 Z-2.800 F400.000
G1 X-18.842 Y-139.418 Z-2.800 F400.000
G1 X-19.000 Y-139.211 Z-2.800 F400.000
G1 X-19.208 Y-138.852 Z-2.800 F400.000
G1 X-19.308 Y-138.611 Z-2.800 F400.000
G1 X-19.415 Y-138.211 Z-2.800 F400.000
G1 X-19.449 Y-137.952 Z-2.800 F400.000
G1 X-19.462 Y-137.745 Z-2.800 F400.000
G1 X-19.460 Y-114.996 Z-2.800 F400.000
G1 X-19.431 Y-114.633 Z-2.800 F400.000
G1 X-19.362 Y-114.276 Z-2.800 F400.000
G1 X-19.255 Y-113.928 Z-2.800 F400.000
G1 X-19.150 Y-113.672 Z-2.800 F400.000
G1 X-15.263 Y-105.336 Z-2.800 F400.000
G1 X-15.240 Y-105.279 Z-2.800 F400.000
G1 X-15.235 Y-105.263 Z-2.800 F400.000
G1 X-15.232 Y-105.245 Z-2.800 F400.000
G1 X-15.229 Y-105.185 Z-2.800 F400.000
G1 X-15.229 Y-102.294 Z-2.800 F400.000
G1 X-15.240 Y-102.185 Z-2.800 F400.000
G1 X-15.249 Y-102.156 Z-2.800 F400.000
G1 X-15.263 Y-102.130 Z-2.800 F400.000
G1 X-15.282 Y-102.106 Z-2.800 F400.000
G1 X-15.306 Y-102.087 Z-2.800 F400.000
G1 X-15.332 Y-102.072 Z-2.800 F400.000
G1 X-15.361 Y-102.064 Z-2.800 F400.000
G1 X-15.470 Y-102.053 Z-2.800 F400.000
G1 X-16.875 Y-102.053 Z-2.800 F400.000
G1 X-17.082 Y-102.039 Z-2.800 F400.000
G1 X-17.341 Y-102.005 Z-2.800 F400.000
G1 X-17.741 Y-101.898 Z-2.800 F400.000
G1 X-17.983 Y-101.798 Z-2.800 F400.000
G1 X-18.341 Y-101.591 Z-2.800 F400.000
G1 X-18.549 Y-101.432 Z-2.800 F400.000
G1 X-18.842 Y-101.139 Z-2.800 F400.000
G1 X-19.000 Y-100.932 Z-2.800 F400.000
G1 X-19.208 Y-100.573 Z-2.800 F400.000
G1 X-19.308 Y-100.332 Z-2.800 F400.000
G1 X-19.415 Y-99.932 Z-2.800 F400.000
G1 X-19.449 Y-99.673 Z-2.800 F400.000
G1 X-19.462 Y-99.466 Z-2.800 F400.000
G1 X-19.460 Y-76.717 Z-2.800 F400.000
G1 X-19.431 Y-76.354 Z-2.800 F400.000
G1 X-19.362 Y-75.997 Z-2.800 F400.000
G1 X-19.255 Y-75.649 Z-2.800 F400.000
G1 X-19.150 Y-75.393 Z-2.800 F400.000
G1 X-15.263 Y-67.057 Z-2.800 F400.000
G1 X-15.240 Y-67.000 Z-2.800 F400.000
G1 X-15.235 Y-66.984 Z-2.800 F400.000
G1 X-15.232 Y-66.966 Z-2.800 F400.000
G1 X-15.229 Y-66.906 Z-2.800 F400.000
G1 X-15.229 Y-64.014 Z-2.800 F400.000
G1 X-15.240 Y-63.906 Z-2.800 F400.000
G1 X-15.249 Y-63.877 Z-2.800 F400.000
G1 X-15.263 Y-63.850 Z-2.800 F400.000
G1 X-15.282 Y-63.827 Z-2.800 F400.000
G1 X-15.306 Y-63.808 Z-2.800 F400.000
G1 X-15.332 Y-63.793 Z-2.800 F400.000
G1 X-15.361 Y-63.785 Z-2.800 F400.000
G1 X-15.470 Y-63.774 Z-2.800 F400.000
G1 X-16.875 Y-63.774 Z-2.800 F400.000
G1 X-17.082 Y-63.760 Z-2.800 F400.000
G1 X-17.341 Y-63.726 Z-2.800 F400.000
G1 X-17.741 Y-63.619 Z-2.800 F400.000
G1 X-17.983 Y-63.519 Z-2.800 F400.000
G1 X-18.341 Y-63.312 Z-2.800 F400.000
G1 X-18.549 Y-63.153 Z-2.800 F400.000
G1 X-18.842 Y-62.860 Z-2.800 F400.000
G1 X-19.000 Y-62.653 Z-2.800 F400.000
G1 X-19.208 Y-62.294 Z-2.800 F400.000
G1 X-19.308 Y-62.053 Z-2.800 F400.000
G1 X-19.415 Y-61.653 Z-2.800 F400.000
G1 X-19.449 Y-61.394 Z-2.800 F400.000
G1 X-19.462 Y-61.187 Z-2.800 F400.000
G1 X-19.460 Y-38.438 Z-2.800 F400.000
G1 X-19.431 Y-38.075 Z-2.800 F400.000
G1 X-19.362 Y-37.718 Z-2.800 F400.000
G1 X-19.255 Y-37.370 Z-2.800 F400.000
G1 X-19.150 Y-37.114 Z-2.800 F400.000
G1 X-15.263 Y-28.778 Z-2.800 F400.000
G1 X-15.240 Y-28.721 Z-2.800 F400.000
G1 X-15.235 Y-28.705 Z-2.800 F400.000
G1 X-15.232 Y-28.687 Z-2.800 F400.000
G1 X-15.229 Y-28.627 Z-2.800 F400.000
G1 X-15.229 Y-25.735 Z-2.800 F400.000
G1 X-15.240 Y-25.627 Z-2.800 F400.000
G1 X-15.249 Y-25.598 Z-2.800 F400.000
G1 X-15.263 Y-25.571 Z-2.800 F400.000
G1 X-15.282 Y-25.548 Z-2.800 F400.000
G1 X-15.306 Y-25.529 Z-2.800 F400.000
G1 X-15.332 Y-25.514 Z-2.800 F400.000
G1 X-15.361 Y-25.506 Z-2.800 F400.000
G1 X-15.470 Y-25.495 Z-2.800 F400.000
G1 X-16.875 Y-25.495 Z-2.800 F400.000
G1 X-17.082 Y-25.481 Z-2.800 F400.000
G1 X-17.341 Y-25.447 Z-2.800 F400.000
G1 X-17.741 Y-25.340 Z-2.800 F400.000
G1 X-17.983 Y-25.240 Z-2.800 F400.000
G1 X-18.341 Y-25.033 Z-2.800 F400.000
G1 X-18.549 Y-24.874 Z-2.800 F400.000
G1 X-18.842 Y-24.581 Z-2.800 F400.000
G1 X-19.000 Y-24.374 Z-2.800 F400.000
G1 X-19.208 Y-24.015 Z-2.800 F400.000
G1 X-19.308 Y-23.774 Z-2.800 F400.000
G1 X-19.415 Y-23.374 Z-2.800 F400.000
G1 X-19.449 Y-23.115 Z-2.800 F400.000
G1 X-19.462 Y-22.907 Z-2.800 F400.000
G1 X-19.462 Y-2.500 Z-2.800 F400.000
G0 Z5.000
G0 X-19.462 Y-227.500
G0 Z3.000
G1 X-19.462 Y-227.500 Z-3.000 F250.000
G1 X-19.455 Y-208.827 Z-3.000 F400.000
G1 X-19.421 Y-208.486 Z-3.000 F400.000
G1 X-19.361 Y-208.181 Z-3.000 F400.000
G1 X-19.261 Y-207.852 Z-3.000 F400.000
G1 X-19.142 Y-207.565 Z-3.000 F400.000
G1 X-18.980 Y-207.262 Z-3.000 F400.000
G1 X-18.807 Y-207.004 Z-3.000 F400.000
G1 X-18.590 Y-206.738 Z-3.000 F400.000
G1 X-18.370 Y-206.518 Z-3.000 F400.000
G1 X-18.104 Y-206.301 Z-3.000 F400.000
G1 X-17.846 Y-206.128 Z-3.000 F400.000
G1 X-17.543 Y-205.966 Z-3.000 F400.000
G1 X-17.256 Y-205.847 Z-3.000 F400.000
G1 X-16.927 Y-205.747 Z-3.000 F400.000
G1 X-16.622 Y-205.687 Z-3.000 F400.000
G1 X-16.125 Y-205.645 Z-3.000 F400.000
G1 X-13.353 Y-205.645 Z-3.000 F400.000
G1 X-13.245 Y-205.635 Z-3.000 F400.000
G1 X-13.216 Y-205.626 Z-3.000 F400.000
G1 X-13.189 Y-205.612 Z-3.000 F400.000
G1 X-13.166 Y-205.592 Z-3.000 F400.000
G1 X-13.146 Y-205.569 Z-3.000 F400.000
G1 X-13.132 Y-205.542 Z-3.000 F400.000
G1 X-13.123 Y-205.513 Z-3.000 F400.000
G1 X-13.113 Y-205.405 Z-3.000 F400.000
G1 X-13.112 Y-203.698 Z-3.000 F400.000
G1 X-13.123 Y-203.590 Z-3.000 F400.000
G1 X-13.132 Y-203.561 Z-3.000 F400.000
G1 X-13.146 Y-203.534 Z-3.000 F400.000
G1 X-13.166 Y-203.511 Z-3.000 F400.000
G1 X-13.189 Y-203.492 Z-3.000 F400.000
G1 X-13.216 Y-203.477 Z-3.000 F400.000
G1 X-13.245 Y-203.469 Z-3.000 F400.000
G1 X-13.355 Y-203.458 Z-3.000 F400.000
G1 X-16.281 Y-203.450 Z-3.000 F400.000
G1 X-16.622 Y-203.417 Z-3.000 F400.000
G1 X-16.927 Y-203.356 Z-3.000 F400.000
G1 X-17.256 Y-203.256 Z-3.000 F400.000
G1 X-17.543 Y-203.137 Z-3.000 F400.000
G1 X-17.846 Y-202.976 Z-3.000 F400.000
G1 X-18.104 Y-202.803 Z-3.000 F400.000
G1 X-18.370 Y-202.585 Z-3.000 F400.000
G1 X-18.590 Y-202.365 Z-3.000 F400.000
G1 X-18.807 Y-202.100 Z-3.000 F400.000
G1 X-18.980 Y-201.841 Z-3.000 F400.000
G1 X-19.142 Y-201.538 Z-3.000 F400.000
G1 X-19.261 Y-201.251 Z-3.000 F400.000
G1 X-19.361 Y-200.923 Z-3.000 F400.000
G1 X-19.421 Y-200.617 Z-3.000 F400.000
G1 X-19.462 Y-200.120 Z-3.000 F400.000
G1 X-19.460 Y-191.554 Z-3.000 F400.000
G1 X-19.431 Y-191.191 Z-3.000 F400.000
G1 X-19.362 Y-190.834 Z-3.000 F400.000
G1 X-19.255 Y-190.486 Z-3.000 F400.000
G1 X-19.150 Y-190.230 Z-3.000 F400.000
G1 X-15.263 Y-181.894 Z-3.000 F400.000
G1 X-15.240 Y-181.838 Z-3.000 F400.000
G1 X-15.235 Y-181.821 Z-3.000 F400.000
G1 X-15.232 Y-181.803 Z-3.000 F400.000
G1 X-15.229 Y-181.743 Z-3.000 F400.000
G1 X-15.229 Y-178.852 Z-3.000 F400.000
G1 X-15.240 Y-178.743 Z-3.000 F400.000
G1 X-15.249 Y-178.714 Z-3.000 F400.000
G1 X-15.263 Y-178.688 Z-3.000 F400.000
G1 X-15.282 Y-178.664 Z-3.000 F400.000
G1 X-15.306 Y-178.645 Z-3.000 F400.000
G1 X-15.332 Y-178.631 Z-3.000 F400.000
G1 X-15.361 Y-178.622 Z-3.000 F400.000
G1 X-15.470 Y-178.611 Z-3.000 F400.000
G1 X-16.875 Y-178.611 Z-3.000 F400.000
G1 X-17.082 Y-178.597 Z-3.000 F400.000
G1 X-17.341 Y-178.563 Z-3.000 F400.000
G1 X-17.741 Y-178.456 Z-3.000 F400.000
G1 X-17.983 Y-178.356 Z-3.000 F400.000
G1 X-18.341 Y-178.149 Z-3.000 F400.000
G1 X-18.549 Y-177.990 Z-3.000 F400.000
G1 X-18.842 Y-177.697 Z-3.000 F400.000
G1 X-19.000 Y-177.490 Z-3.000 F400.000
G1 X-19.208 Y-177.131 Z-3.000 F400.000
G1 X-19.308 Y-176.890 Z-3.000 F400.000
G1 X-19.415 Y-176.490 Z-3.000 F400.000
G1 X-19.449 Y-176.231 Z-3.000 F400.000
G1 X-19.462 Y-176.024 Z-3.000 F400.000
G1 X-19.460 Y-153.275 Z-3.000 F400.000
G1 X-19.431 Y-152.912 Z-3.000 F400.000
G1 X-19.362 Y-152.555 Z-3.000 F400.000
G1 X-19.255 Y-152.207 Z-3.000 F400.000
G1 X-19.150 Y-151.951 Z-3.000 F400.000
G1 X-15.263 Y-143.615 Z-3.000 F400.000
G1 X-15.240 Y-143.559 Z-3.000 F400.000
G1 X-15.235 Y-143.542 Z-3.000 F400.000
G1 X-15.232 Y-143.524 Z-3.000 F400.000
G1 X-15.229 Y-143.464 Z-3.000 F400.000
G1 X-15.229 Y-140.573 Z-3.000 F400.000
G1 X-15.240 Y-140.464 Z-3.000 F400.000
G1 X-15.249 Y-140.435 Z-3.000 F400.000
G1 X-15.263 Y-140.409 Z-3.000 F400.000
G1 X-15.282 Y-140.385 Z-3.000 F400.000
G1 X-15.306 Y-140.366 Z-3.000 F400.000
G1 X-15.332 Y-140.351 Z-3.000 F400.000
G1 X-15.361 Y-140.343 Z-3.000 F400.000
G1 X-15.470 Y-140.332 Z-3.000 F400.000
G1 X-16.875 Y-140.332 Z-3.000 F400.000
G1 X-17.082 Y-140.318 Z-3.000 F400.000
G1 X-17.341 Y-140.284 Z-3.000 F400.000
G1 X-17.741 Y-140.177 Z-3.000 F400.000
G1 X-17.983 Y-140.077 Z-3.000 F400.000
G1 X-18.341 Y-139.870 Z-3.000 F400.000
G1 X-18.549 Y-139.711 Z-3.000 F400.000
G1 X-18.842 Y-139.418 Z-3.000 F400.000
G1 X-19.000 Y-139.211 Z-3.000 F400.000
G1 X-19.208 Y-138.852 Z-3.000 F400.000
G1 X-19.308 Y-138.611 Z-3.000 F400.000
G1 X-19.415 Y-138.211 Z-3.000 F400.000
G1 X-19.449 Y-137.952 Z-3.000 F400.000
G1 X-19.462 Y-137.745 Z-3.000 F400.000
G1 X-19.460 Y-114.996 Z-3.000 F400.000
G1 X-19.431 Y-114.633 Z-3.000 F400.000
G1 X-19.362 Y-114.276 Z-3.000 F400.000
G1 X-19.255 Y-113.928 Z-3.000 F400.000
G1 X-19.150 Y-113.672 Z-3.000 F400.000
G1 X-15.263 Y-105.336 Z-3.000 F400.000
G1 X-15.240 Y-105.279 Z-3.000 F400.000
G1 X-15.235 Y-105.263 Z-3.000 F400.000
G1 X-15.232 Y-105.245 Z-3.000 F400.000
G1 X-15.229 Y-105.185 Z-3.000 F400.000
G1 X-15.229 Y-102.294 Z-3.000 F400.000
G1 X-15.240 Y-102.185 Z-3.000 F400.000
G1 X-15.249 Y-102.156 Z-3.000 F400.000
G1 X-15.263 Y-102.130 Z-3.000 F400.000
G1 X-15.282 Y-102.106 Z-3.000 F400.000
G1 X-15.306 Y-102.087 Z-3.000 F400.000
G1 X-15.332 Y-102.072 Z-3.000 F400.000
G1 X-15.361 Y-102.064 Z-3.000 F400.000
G1 X-15.470 Y-102.053 Z-3.000 F400.000
G1 X-16.875 Y-102.053 Z-3.000 F400.000
G1 X-17.082 Y-102.039 Z-3.000 F400.000
G1 X-17.341 Y-102.005 Z-3.000 F400.000
G1 X-17.741 Y-101.898 Z-3.000 F400.000
G1 X-17.983 Y-101.798 Z-3.000 F400.000
G1 X-18.341 Y-101.591 Z-3.000 F400.000
G1 X-18.549 Y-101.432 Z-3.000 F400.000
G1 X-18.842 Y-101.139 Z-3.000 F400.000
G1 X-19.000 Y-100.932 Z-3.000 F400.000
G1 X-19.208 Y-100.573 Z-3.000 F400.000
G1 X-19.308 Y-100.332 Z-3.000 F400.000
G1 X-19.415 Y-99.932 Z-3.000 F400.000
G1 X-19.449 Y-99.673 Z-3.000 F400.000
G1 X-19.462 Y-99.466 Z-3.000 F400.000
G1 X-19.460 Y-76.717 Z-3.000 F400.000
G1 X-19.431 Y-76.354 Z-3.000 F400.000
G1 X-19.362 Y-75.997 Z-3.000 F400.000
G1 X-19.255 Y-75.649 Z-3.000 F400.000
G1 X-19.150 Y-75.393 Z-3.000 F400.000
G1 X-15.263 Y-67.057 Z-3.000 F400.000
G1 X-15.240 Y-67.000 Z-3.000 F400.000
G1 X-15.235 Y-66.984 Z-3.000 F400.000
G1 X-15.232 Y-66.966 Z-3.000 F400.000
G1 X-15.229 Y-66.906 Z-3.000 F400.000
G1 X-15.229 Y-64.014 Z-3.000 F400.000
G1 X-15.240 Y-63.906 Z-3.000 F400.000
G1 X-15.249 Y-63.877 Z-3.000 F400.000
G1 X-15.263 Y-63.850 Z-3.000 F400.000
G1 X-15.282 Y-63.827 Z-3.000 F400.000
G1 X-15.306 Y-63.808 Z-3.000 F400.000
G1 X-15.332 Y-63.793 Z-3.000 F400.000
G1 X-15.361 Y-63.785 Z-3.000 F400.000
G1 X-15.470 Y-63.774 Z-3.000 F400.000
G1 X-16.875 Y-63.774 Z-3.000 F400.000
G1 X-17.082 Y-63.760 Z-3.000 F400.000
G1 X-17.341 Y-63.726 Z-3.000 F400.000
G1 X-17.741 Y-63.619 Z-3.000 F400.000
G1 X-17.983 Y-63.519 Z-3.000 F400.000
G1 X-18.341 Y-63.312 Z-3.000 F400.000
G1 X-18.549 Y-63.153 Z-3.000 F400.000
G1 X-18.842 Y-62.860 Z-3.000 F400.000
G1 X-19.000 Y-62.653 Z-3.000 F400.000
G1 X-19.208 Y-62.294 Z-3.000 F400.000
G1 X-19.308 Y-62.053 Z-3.000 F400.000
G1 X-19.415 Y-61.653 Z-3.000 F400.000
G1 X-19.449 Y-61.394 Z-3.000 F400.000
G1 X-19.462 Y-61.187 Z-3.000 F400.000
G1 X-19.460 Y-38.438 Z-3.000 F400.000
G1 X-19.431 Y-38.075 Z-3.000 F400.000
G1 X-19.362 Y-37.718 Z-3.000 F400.000
G1 X-19.255 Y-37.370 Z-3.000 F400.000
G1 X-19.150 Y-37.114 Z-3.000 F400.000
G1 X-15.263 Y-28.778 Z-3.000 F400.000
G1 X-15.240 Y-28.721 Z-3.000 F400.000
G1 X-15.235 Y-28.705 Z-3.000 F400.000
G1 X-15.232 Y-28.687 Z-3.000 F400.000
G1 X-15.229 Y-28.627 Z-3.000 F400.000
G1 X-15.229 Y-25.735 Z-3.000 F400.000
G1 X-15.240 Y-25.627 Z-3.000 F400.000
G1 X-15.249 Y-25.598 Z-3.000 F400.000
G1 X-15.263 Y-25.571 Z-3.000 F400.000
G1 X-15.282 Y-25.548 Z-3.000 F400.000
G1 X-15.306 Y-25.529 Z-3.000 F400.000
G1 X-15.332 Y-25.514 Z-3.000 F400.000
G1 X-15.361 Y-25.506 Z-3.000 F400.000
G1 X-15.470 Y-25.495 Z-3.000 F400.000
G1 X-16.875 Y-25.495 Z-3.000 F400.000
G1 X-17.082 Y-25.481 Z-3.000 F400.000
G1 X-17.341 Y-25.447 Z-3.000 F400.000
G1 X-17.741 Y-25.340 Z-3.000 F400.000
G1 X-17.983 Y-25.240 Z-3.000 F400.000
G1 X-18.341 Y-25.033 Z-3.000 F400.000
G1 X-18.549 Y-24.874 Z-3.000 F400.000
G1 X-18.842 Y-24.581 Z-3.000 F400.000
G1 X-19.000 Y-24.374 Z-3.000 F400.000
G1 X-19.208 Y-24.015 Z-3.000 F400.000
G1 X-19.308 Y-23.774 Z-3.000 F400.000
G1 X-19.415 Y-23.374 Z-3.000 F400.000
G1 X-19.449 Y-23.115 Z-3.000 F400.000
G1 X-19.462 Y-22.907 Z-3.000 F400.000
G1 X-19.462 Y-2.500 Z-3.000 F400.000
G0 Z5.000
G0 X-19.462 Y-227.500
G0 Z3.000
G1 X-19.462 Y-227.500 Z-3.200 F250.000
G1 X-19.455 Y-208.827 Z-3.200 F400.000
G1 X-19.421 Y-208.486 Z-3.200 F400.000
G1 X-19.361 Y-208.181 Z-3.200 F400.000
G1 X-19.261 Y-207.852 Z-3.200 F400.000
G1 X-19.142 Y-207.565 Z-3.200 F400.000
G1 X-18.980 Y-207.262 Z-3.200 F400.000
G1 X-18.807 Y-207.004 Z-3.200 F400.000
G1 X-18.590 Y-206.738 Z-3.200 F400.000
G1 X-18.370 Y-206.518 Z-3.200 F400.000
G1 X-18.104 Y-206.301 Z-3.200 F400.000
G1 X-17.846 Y-206.128 Z-3.200 F400.000
G1 X-17.543 Y-205.966 Z-3.200 F400.000
G1 X-17.256 Y-205.847 Z-3.200 F400.000
G1 X-16.927 Y-205.747 Z-3.200 F400.000
G1 X-16.622 Y-205.687 Z-3.200 F400.000
G1 X-16.125 Y-205.645 Z-3.200 F400.000
G1 X-13.353 Y-205.645 Z-3.200 F400.000
G1 X-13.245 Y-205.635 Z-3.200 F400.000
G1 X-13.216 Y-205.626 Z-3.200 F400.000
G1 X-13.189 Y-205.612 Z-3.200 F400.000
G1 X-13.166 Y-205.592 Z-3.200 F400.000
G1 X-13.146 Y-205.569 Z-3.200 F400.000
G1 X-13.132 Y-205.542 Z-3.200 F400.000
G1 X-13.123 Y-205.513 Z-3.200 F400.000
G1 X-13.113 Y-205.405 Z-3.200 F400.000
G1 X-13.112 Y-203.698 Z-3.200 F400.000
G1 X-13.123 Y-203.590 Z-3.200 F400.000
G1 X-13.132 Y-203.561 Z-3.200 F400.000
G1 X-13.146 Y-203.534 Z-3.200 F400.000
G1 X-13.166 Y-203.511 Z-3.200 F400.000
G1 X-13.189 Y-203.492 Z-3.200 F400.000
G1 X-13.216 Y-203.477 Z-3.200 F400.000
G1 X-13.245 Y-203.469 Z-3.200 F400.000
G1 X-13.355 Y-203.458 Z-3.200 F400.000
G1 X-16.281 Y-203.450 Z-3.200 F400.000
G1 X-16.622 Y-203.417 Z-3.200 F400.000
G1 X-16.927 Y-203.356 Z-3.200 F400.000
G1 X-17.256 Y-203.256 Z-3.200 F400.000
G1 X-17.543 Y-203.137 Z-3.200 F400.000
G1 X-17.846 Y-202.976 Z-3.200 F400.000
G1 X-18.104 Y-202.803 Z-3.200 F400.000
G1 X-18.370 Y-202.585 Z-3.200 F400.000
G1 X-18.590 Y-202.365 Z-3.200 F400.000
G1 X-18.807 Y-202.100 Z-3.200 F400.000
G1 X-18.980 Y-201.841 Z-3.200 F400.000
G1 X-19.142 Y-201.538 Z-3.200 F400.000
G1 X-19.261 Y-201.251 Z-3.200 F400.000
G1 X-19.361 Y-200.923 Z-3.200 F400.000
G1 X-19.421 Y-200.617 Z-3.200 F400.000
G1 X-19.462 Y-200.120 Z-3.200 F400.000
G1 X-19.460 Y-191.554 Z-3.200 F400.000
G1 X-19.431 Y-191.191 Z-3.200 F400.000
G1 X-19.362 Y-190.834 Z-3.200 F400.000
G1 X-19.255 Y-190.486 Z-3.200 F400.000
G1 X-19.150 Y-190.230 Z-3.200 F400.000
G1 X-15.263 Y-181.894 Z-3.200 F400.000
G1 X-15.240 Y-181.838 Z-3.200 F400.000
G1 X-15.235 Y-181.821 Z-3.200 F400.000
G1 X-15.232 Y-181.803 Z-3.200 F400.000
G1 X-15.229 Y-181.743 Z-3.200 F400.000
G1 X-15.229 Y-178.852 Z-3.200 F400.000
G1 X-15.240 Y-178.743 Z-3.200 F400.000
G1 X-15.249 Y-178.714 Z-3.200 F400.000
G1 X-15.263 Y-178.688 Z-3.200 F400.000
G1 X-15.282 Y-178.664 Z-3.200 F400.000
G1 X-15.306 Y-178.645 Z-3.200 F400.000
G1 X-15.332 Y-178.631 Z-3.200 F400.000
G1 X-15.361 Y-178.622 Z-3.200 F400.000
G1 X-15.470 Y-178.611 Z-3.200 F400.000
G1 X-16.875 Y-178.611 Z-3.200 F400.000
G1 X-17.082 Y-178.597 Z-3.200 F400.000
G1 X-17.341 Y-178.563 Z-3.200 F400.000
G1 X-17.741 Y-178.456 Z-3.200 F400.000
G1 X-17.983 Y-178.356 Z-3.200 F400.000
G1 X-18.341 Y-178.149 Z-3.200 F400.000
G1 X-18.549 Y-177.990 Z-3.200 F400.000
G1 X-18.842 Y-177.697 Z-3.200 F400.000
G1 X-19.000 Y-177.490 Z-3.200 F400.000
G1 X-19.208 Y-177.131 Z-3.200 F400.000
G1 X-19.308 Y-176.890 Z-3.200 F400.000
G1 X-19.415 Y-176.490 Z-3.200 F400.000
G1 X-19.449 Y-176.231 Z-3.200 F400.000
G1 X-19.462 Y-176.024 Z-3.200 F400.000
G1 X-19.460 Y-153.275 Z-3.200 F400.000
G1 X-19.431 Y-152.912 Z-3.200 F400.000
G1 X-19.362 Y-152.555 Z-3.200 F400.000
G1 X-19.255 Y-152.207 Z-3.200 F400.000
G1 X-19.150 Y-151.951 Z-3.200 F400.000
G1 X-15.263 Y-143.615 Z-3.200 F400.000
G1 X-15.240 Y-143.559 Z-3.200 F400.000
G1 X-15.235 Y-143.542 Z-3.200 F400.000
G1 X-15.232 Y-143.524 Z-3.200 F400.000
G1 X-15.229 Y-143.464 Z-3.200 F400.000
G1 X-15.229 Y-140.573 Z-3.200 F400.000
G1 X-15.240 Y-140.464 Z-3.200 F400.000
G1 X-15.249 Y-140.435 Z-3.200 F400.000
G1 X-15.263 Y-140.409 Z-3.200 F400.000
G1 X-15.282 Y-140.385 Z-3.200 F400.000
G1 X-15.306 Y-140.366 Z-3.200 F400.000
G1 X-15.332 Y-140.351 Z-3.200 F400.000
G1 X-15.361 Y-140.343 Z-3.200 F400.000
G1 X-15.470 Y-140.332 Z-3.200 F400.000
G1 X-16.875 Y-140.332 Z-3.200 F400.000
G1 X-17.082 Y-140.318 Z-3.200 F400.000
G1 X-17.341 Y-140.284 Z-3.200 F400.000
G1 X-17.741 Y-140.177 Z-3.200 F400.000
G1 X-17.983 Y-140.077 Z-3.200 F400.000
G1 X-18.341 Y-139.870 Z-3.200 F400.000
G1 X-18.549 Y-139.711 Z-3.200 F400.000
G1 X-18.842 Y-139.418 Z-3.200 F400.000
G1 X-19.000 Y-139.211 Z-3.200 F400.000
G1 X-19.208 Y-138.852 Z-3.200 F400.000
G1 X-19.308 Y-138.611 Z-3.200 F400.000
G1 X-19.415 Y-138.211 Z-3.200 F400.000
G1 X-19.449 Y-137.952 Z-3.200 F400.000
G1 X-19.462 Y-137.745 Z-3.200 F400.000
G1 X-19.460 Y-114.996 Z-3.200 F400.000
G1 X-19.431 Y-114.633 Z-3.200 F400.000
G1 X-19.362 Y-114.276 Z-3.200 F400.000
G1 X-19.255 Y-113.928 Z-3.200 F400.000
G1 X-19.150 Y-113.672 Z-3.200 F400.000
G1 X-15.263 Y-105.336 Z-3.200 F400.000
G1 X-15.240 Y-105.279 Z-3.200 F400.000
G1 X-15.235 Y-105.263 Z-3.200 F400.000
G1 X-15.232 Y-105.245 Z-3.200 F400.000
G1 X-15.229 Y-105.185 Z-3.200 F400.000
G1 X-15.229 Y-102.294 Z-3.200 F400.000
G1 X-15.240 Y-102.185 Z-3.200 F400.000
G1 X-15.249 Y-102.156 Z-3.200 F400.000
G1 X-15.263 Y-102.130 Z-3.200 F400.000
G1 X-15.282 Y-102.106 Z-3.200 F400.000
G1 X-15.306 Y-102.087 Z-3.200 F400.000
G1 X-15.332 Y-102.072 Z-3.200 F400.000
G1 X-15.361 Y-102.064 Z-3.200 F400.000
G1 X-15.470 Y-102.053 Z-3.200 F400.000
G1 X-16.875 Y-102.053 Z-3.200 F400.000
G1 X-17.082 Y-102.039 Z-3.200 F400.000
G1 X-17.341 Y-102.005 Z-3.200 F400.000
G1 X-17.741 Y-101.898 Z-3.200 F400.000
G1 X-17.983 Y-101.798 Z-3.200 F400.000
G1 X-18.341 Y-101.591 Z-3.200 F400.000
G1 X-18.549 Y-101.432 Z-3.200 F400.000
G1 X-18.842 Y-101.139 Z-3.200 F400.000
G1 X-19.000 Y-100.932 Z-3.200 F400.000
G1 X-19.208 Y-100.573 Z-3.200 F400.000
G1 X-19.308 Y-100.332 Z-3.200 F400.000
G1 X-19.415 Y-99.932 Z-3.200 F400.000
G1 X-19.449 Y-99.673 Z-3.200 F400.000
G1 X-19.462 Y-99.466 Z-3.200 F400.000
G1 X-19.460 Y-76.717 Z-3.200 F400.000
G1 X-19.431 Y-76.354 Z-3.200 F400.000
G1 X-19.362 Y-75.997 Z-3.200 F400.000
G1 X-19.255 Y-75.649 Z-3.200 F400.000
G1 X-19.150 Y-75.393 Z-3.200 F400.000
G1 X-15.263 Y-67.057 Z-3.200 F400.000
G1 X-15.240 Y-67.000 Z-3.200 F400.000
G1 X-15.235 Y-66.984 Z-3.200 F400.000
G1 X-15.232 Y-66.966 Z-3.200 F400.000
G1 X-15.229 Y-66.906 Z-3.200 F400.000
G1 X-15.229 Y-64.014 Z-3.200 F400.000
G1 X-15.240 Y-63.906 Z-3.200 F400.000
G1 X-15.249 Y-63.877 Z-3.200 F400.000
G1 X-15.263 Y-63.850 Z-3.200 F400.000
G1 X-15.282 Y-63.827 Z-3.200 F400.000
G1 X-15.306 Y-63.808 Z-3.200 F400.000
G1 X-15.332 Y-63.793 Z-3.200 F400.000
G1 X-15.361 Y-63.785 Z-3.200 F400.000
G1 X-15.470 Y-63.774 Z-3.200 F400.000
G1 X-16.875 Y-63.774 Z-3.200 F400.000
G1 X-17.082 Y-63.760 Z-3.200 F400.000
G1 X-17.341 Y-63.726 Z-3.200 F400.000
G1 X-17.741 Y-63.619 Z-3.200 F400.000
G1 X-17.983 Y-63.519 Z-3.200 F400.000
G1 X-18.341 Y-63.312 Z-3.200 F400.000
G1 X-18.549 Y-63.153 Z-3.200 F400.000
G1 X-18.842 Y-62.860 Z-3.200 F400.000
G1 X-19.000 Y-62.653 Z-3.200 F400.000
G1 X-19.208 Y-62.294 Z-3.200 F400.000
G1 X-19.308 Y-62.053 Z-3.200 F400.000
G1 X-19.415 Y-61.653 Z-3.200 F400.000
G1 X-19.449 Y-61.394 Z-3.200 F400.000
G1 X-19.462 Y-61.187 Z-3.200 F400.000
G1 X-19.460 Y-38.438 Z-3.200 F400.000
G1 X-19.431 Y-38.075 Z-3.200 F400.000
G1 X-19.362 Y-37.718 Z-3.200 F400.000
G1 X-19.255 Y-37.370 Z-3.200 F400.000
G1 X-19.150 Y-37.114 Z-3.200 F400.000
G1 X-15.263 Y-28.778 Z-3.200 F400.000
G1 X-15.240 Y-28.721 Z-3.200 F400.000
G1 X-15.235 Y-28.705 Z-3.200 F400.000
G1 X-15.232 Y-28.687 Z-3.200 F400.000
G1 X-15.229 Y-28.627 Z-3.200 F400.000
G1 X-15.229 Y-25.735 Z-3.200 F400.000
G1 X-15.240 Y-25.627 Z-3.200 F400.000
G1 X-15.249 Y-25.598 Z-3.200 F400.000
G1 X-15.263 Y-25.571 Z-3.200 F400.000
G1 X-15.282 Y-25.548 Z-3.200 F400.000
G1 X-15.306 Y-25.529 Z-3.200 F400.000
G1 X-15.332 Y-25.514 Z-3.200 F400.000
G1 X-15.361 Y-25.506 Z-3.200 F400.000
G1 X-15.470 Y-25.495 Z-3.200 F400.000
G1 X-16.875 Y-25.495 Z-3.200 F400.000
G1 X-17.082 Y-25.481 Z-3.200 F400.000
G1 X-17.341 Y-25.447 Z-3.200 F400.000
G1 X-17.741 Y-25.340 Z-3.200 F400.000
G1 X-17.983 Y-25.240 Z-3.200 F400.000
G1 X-18.341 Y-25.033 Z-3.200 F400.000
G1 X-18.549 Y-24.874 Z-3.200 F400.000
G1 X-18.842 Y-24.581 Z-3.200 F400.000
G1 X-19.000 Y-24.374 Z-3.200 F400.000
G1 X-19.208 Y-24.015 Z-3.200 F400.000
G1 X-19.308 Y-23.774 Z-3.200 F400.000
G1 X-19.415 Y-23.374 Z-3.200 F400.000
G1 X-19.449 Y-23.115 Z-3.200 F400.000
G1 X-19.462 Y-22.907 Z-3.200 F400.000
G1 X-19.462 Y-2.500 Z-3.200 F400.000
G0 Z5.000
G0 X-19.462 Y-227.500
G0 Z3.000
G1 X-19.462 Y-227.500 Z-3.400 F250.000
G1 X-19.455 Y-208.827 Z-3.400 F400.000
G1 X-19.421 Y-208.486 Z-3.400 F400.000
G1 X-19.361 Y-208.181 Z-3.400 F400.000
G1 X-19.261 Y-207.852 Z-3.400 F400.000
G1 X-19.142 Y-207.565 Z-3.400 F400.000
G1 X-18.980 Y-207.262 Z-3.400 F400.000
G1 X-18.807 Y-207.004 Z-3.400 F400.000
G1 X-18.590 Y-206.738 Z-3.400 F400.000
G1 X-18.370 Y-206.518 Z-3.400 F400.000
G1 X-18.104 Y-206.301 Z-3.400 F400.000
G1 X-17.846 Y-206.128 Z-3.400 F400.000
G1 X-17.543 Y-205.966 Z-3.400 F400.000
G1 X-17.256 Y-205.847 Z-3.400 F400.000
G1 X-16.927 Y-205.747 Z-3.400 F400.000
G1 X-16.622 Y-205.687 Z-3.400 F400.000
G1 X-16.125 Y-205.645 Z-3.400 F400.000
G1 X-13.353 Y-205.645 Z-3.400 F400.000
G1 X-13.245 Y-205.635 Z-3.400 F400.000
G1 X-13.216 Y-205.626 Z-3.400 F400.000
G1 X-13.189 Y-205.612 Z-3.400 F400.000
G1 X-13.166 Y-205.592 Z-3.400 F400.000
G1 X-13.146 Y-205.569 Z-3.400 F400.000
G1 X-13.132 Y-205.542 Z-3.400 F400.000
G1 X-13.123 Y-205.513 Z-3.400 F400.000
G1 X-13.113 Y-205.405 Z-3.400 F400.000
G1 X-13.112 Y-203.698 Z-3.400 F400.000
G1 X-13.123 Y-203.590 Z-3.400 F400.000
G1 X-13.132 Y-203.561 Z-3.400 F400.000
G1 X-13.146 Y-203.534 Z-3.400 F400.000
G1 X-13.166 Y-203.511 Z-3.400 F400.000
G1 X-13.189 Y-203.492 Z-3.400 F400.000
G1 X-13.216 Y-203.477 Z-3.400 F400.000
G1 X-13.245 Y-203.469 Z-3.400 F400.000
G1 X-13.355 Y-203.458 Z-3.400 F400.000
G1 X-16.281 Y-203.450 Z-3.400 F400.000
G1 X-16.622 Y-203.417 Z-3.400 F400.000
G1 X-16.927 Y-203.356 Z-3.400 F400.000
G1 X-17.256 Y-203.256 Z-3.400 F400.000
G1 X-17.543 Y-203.137 Z-3.400 F400.000
G1 X-17.846 Y-202.976 Z-3.400 F400.000
G1 X-18.104 Y-202.803 Z-3.400 F400.000
G1 X-18.370 Y-202.585 Z-3.400 F400.000
G1 X-18.590 Y-202.365 Z-3.400 F400.000
G1 X-18.807 Y-202.100 Z-3.400 F400.000
G1 X-18.980 Y-201.841 Z-3.400 F400.000
G1 X-19.142 Y-201.538 Z-3.400 F400.000
G1 X-19.261 Y-201.251 Z-3.400 F400.000
G1 X-19.361 Y-200.923 Z-3.400 F400.000
G1 X-19.421 Y-200.617 Z-3.400 F400.000
G1 X-19.462 Y-200.120 Z-3.400 F400.000
G1 X-19.460 Y-191.554 Z-3.400 F400.000
G1 X-19.431 Y-191.191 Z-3.400 F400.000
G1 X-19.362 Y-190.834 Z-3.400 F400.000
G1 X-19.255 Y-190.486 Z-3.400 F400.000
G1 X-19.150 Y-190.230 Z-3.400 F400.000
G1 X-15.263 Y-181.894 Z-3.400 F400.000
G1 X-15.240 Y-181.838 Z-3.400 F400.000
G1 X-15.235 Y-181.821 Z-3.400 F400.000
G1 X-15.232 Y-181.803 Z-3.400 F400.000
G1 X-15.229 Y-181.743 Z-3.400 F400.000
G1 X-15.229 Y-178.852 Z-3.400 F400.000
G1 X-15.240 Y-178.743 Z-3.400 F400.000
G1 X-15.249 Y-178.714 Z-3.400 F400.000
G1 X-15.263 Y-178.688 Z-3.400 F400.000
G1 X-15.282 Y-178.664 Z-3.400 F400.000
G1 X-15.306 Y-178.645 Z-3.400 F400.000
G1 X-15.332 Y-178.631 Z-3.400 F400.000
G1 X-15.361 Y-178.622 Z-3.400 F400.000
G1 X-15.470 Y-178.611 Z-3.400 F400.000
G1 X-16.875 Y-178.611 Z-3.400 F400.000
G1 X-17.082 Y-178.597 Z-3.400 F400.000
G1 X-17.341 Y-178.563 Z-3.400 F400.000
G1 X-17.741 Y-178.456 Z-3.400 F400.000
G1 X-17.983 Y-178.356 Z-3.400 F400.000
G1 X-18.341 Y-178.149 Z-3.400 F400.000
G1 X-18.549 Y-177.990 Z-3.400 F400.000
G1 X-18.842 Y-177.697 Z-3.400 F400.000
G1 X-19.000 Y-177.490 Z-3.400 F400.000
G1 X-19.208 Y-177.131 Z-3.400 F400.000
G1 X-19.308 Y-176.890 Z-3.400 F400.000
G1 X-19.415 Y-176.490 Z-3.400 F400.000
G1 X-19.449 Y-176.231 Z-3.400 F400.000
G1 X-19.462 Y-176.024 Z-3.400 F400.000
G1 X-19.460 Y-153.275 Z-3.400 F400.000
G1 X-19.431 Y-152.912 Z-3.400 F400.000
G1 X-19.362 Y-152.555 Z-3.400 F400.000
G1 X-19.255 Y-152.207 Z-3.400 F400.000
G1 X-19.150 Y-151.951 Z-3.400 F400.000
G1 X-15.263 Y-143.615 Z-3.400 F400.000
G1 X-15.240 Y-143.559 Z-3.400 F400.000
G1 X-15.235 Y-143.542 Z-3.400 F400.000
G1 X-15.232 Y-143.524 Z-3.400 F400.000
G1 X-15.229 Y-143.464 Z-3.400 F400.000
G1 X-15.229 Y-140.573 Z-3.400 F400.000
G1 X-15.240 Y-140.464 Z-3.400 F400.000
G1 X-15.249 Y-140.435 Z-3.400 F400.000
G1 X-15.263 Y-140.409 Z-3.400 F400.000
G1 X-15.282 Y-140.385 Z-3.400 F400.000
G1 X-15.306 Y-140.366 Z-3.400 F400.000
G1 X-15.332 Y-140.351 Z-3.400 F400.000
G1 X-15.361 Y-140.343 Z-3.400 F400.000
G1 X-15.470 Y-140.332 Z-3.400 F400.000
G1 X-16.875 Y-140.332 Z-3.400 F400.000
G1 X-17.082 Y-140.318 Z-3.400 F400.000
G1 X-17.341 Y-140.284 Z-3.400 F400.000
G1 X-17.741 Y-140.177 Z-3.400 F400.000
G1 X-17.983 Y-140.077 Z-3.400 F400.000
G1 X-18.341 Y-139.870 Z-3.400 F400.000
G1 X-18.549 Y-139.711 Z-3.400 F400.000
G1 X-18.842 Y-139.418 Z-3.400 F400.000
G1 X-19.000 Y-139.211 Z-3.400 F400.000
G1 X-19.208 Y-138.852 Z-3.400 F400.000
G1 X-19.308 Y-138.611 Z-3.400 F400.000
G1 X-19.415 Y-138.211 Z-3.400 F400.000
G1 X-19.449 Y-137.952 Z-3.400 F400.000
G1 X-19.462 Y-137.745 Z-3.400 F400.000
G1 X-19.460 Y-114.996 Z-3.400 F400.000
G1 X-19.431 Y-114.633 Z-3.400 F400.000
G1 X-19.362 Y-114.276 Z-3.400 F400.000
G1 X-19.255 Y-113.928 Z-3.400 F400.000
G1 X-19.150 Y-113.672 Z-3.400 F400.000
G1 X-15.263 Y-105.336 Z-3.400 F400.000
G1 X-15.240 Y-105.279 Z-3.400 F400.000
G1 X-15.235 Y-105.263 Z-3.400 F400.000
G1 X-15.232 Y-105.245 Z-3.400 F400.000
G1 X-15.229 Y-105.185 Z-3.400 F400.000
G1 X-15.229 Y-102.294 Z-3.400 F400.000
G1 X-15.240 Y-102.185 Z-3.400 F400.000
G1 X-15.249 Y-102.156 Z-3.400 F400.000
G1 X-15.263 Y-102.130 Z-3.400 F400.000
G1 X-15.282 Y-102.106 Z-3.400 F400.000
G1 X-15.306 Y-102.087 Z-3.400 F400.000
G1 X-15.332 Y-102.072 Z-3.400 F400.000
G1 X-15.361 Y-102.064 Z-3.400 F400.000
G1 X-15.470 Y-102.053 Z-3.400 F400.000
G1 X-16.875 Y-102.053 Z-3.400 F400.000
G1 X-17.082 Y-102.039 Z-3.400 F400.000
G1 X-17.341 Y-102.005 Z-3.400 F400.000
G1 X-17.741 Y-101.898 Z-3.400 F400.000
G1 X-17.983 Y-101.798 Z-3.400 F400.000
G1 X-18.341 Y-101.591 Z-3.400 F400.000
G1 X-18.549 Y-101.432 Z-3.400 F400.000
G1 X-18.842 Y-101.139 Z-3.400 F400.000
G1 X-19.000 Y-100.932 Z-3.400 F400.000
G1 X-19.208 Y-100.573 Z-3.400 F400.000
G1 X-19.308 Y-100.332 Z-3.400 F400.000
G1 X-19.415 Y-99.932 Z-3.400 F400.000
G1 X-19.449 Y-99.673 Z-3.400 F400.000
G1 X-19.462 Y-99.466 Z-3.400 F400.000
G1 X-19.460 Y-76.717 Z-3.400 F400.000
G1 X-19.431 Y-76.354 Z-3.400 F400.000
G1 X-19.362 Y-75.997 Z-3.400 F400.000
G1 X-19.255 Y-75.649 Z-3.400 F400.000
G1 X-19.150 Y-75.393 Z-3.400 F400.000
G1 X-15.263 Y-67.057 Z-3.400 F400.000
G1 X-15.240 Y-67.000 Z-3.400 F400.000
G1 X-15.235 Y-66.984 Z-3.400 F400.000
G1 X-15.232 Y-66.966 Z-3.400 F400.000
G1 X-15.229 Y-66.906 Z-3.400 F400.000
G1 X-15.229 Y-64.014 Z-3.400 F400.000
G1 X-15.240 Y-63.906 Z-3.400 F400.000
G1 X-15.249 Y-63.877 Z-3.400 F400.000
G1 X-15.263 Y-63.850 Z-3.400 F400.000
G1 X-15.282 Y-63.827 Z-3.400 F400.000
G1 X-15.306 Y-63.808 Z-3.400 F400.000
G1 X-15.332 Y-63.793 Z-3.400 F400.000
G1 X-15.361 Y-63.785 Z-3.400 F400.000
G1 X-15.470 Y-63.774 Z-3.400 F400.000
G1 X-16.875 Y-63.774 Z-3.400 F400.000
G1 X-17.082 Y-63.760 Z-3.400 F400.000
G1 X-17.341 Y-63.726 Z-3.400 F400.000
G1 X-17.741 Y-63.619 Z-3.400 F400.000
G1 X-17.983 Y-63.519 Z-3.400 F400.000
G1 X-18.341 Y-63.312 Z-3.400 F400.000
G1 X-18.549 Y-63.153 Z-3.400 F400.000
G1 X-18.842 Y-62.860 Z-3.400 F400.000
G1 X-19.000 Y-62.653 Z-3.400 F400.000
G1 X-19.208 Y-62.294 Z-3.400 F400.000
G1 X-19.308 Y-62.053 Z-3.400 F400.000
G1 X-19.415 Y-61.653 Z-3.400 F400.000
G1 X-19.449 Y-61.394 Z-3.400 F400.000
G1 X-19.462 Y-61.187 Z-3.400 F400.000
G1 X-19.460 Y-38.438 Z-3.400 F400.000
G1 X-19.431 Y-38.075 Z-3.400 F400.000
G1 X-19.362 Y-37.718 Z-3.400 F400.000
G1 X-19.255 Y-37.370 Z-3.400 F400.000
G1 X-19.150 Y-37.114 Z-3.400 F400.000
G1 X-15.263 Y-28.778 Z-3.400 F400.000
G1 X-15.240 Y-28.721 Z-3.400 F400.000
G1 X-15.235 Y-28.705 Z-3.400 F400.000
G1 X-15.232 Y-28.687 Z-3.400 F400.000
G1 X-15.229 Y-28.627 Z-3.400 F400.000
G1 X-15.229 Y-25.735 Z-3.400 F400.000
G1 X-15.240 Y-25.627 Z-3.400 F400.000
G1 X-15.249 Y-25.598 Z-3.400 F400.000
G1 X-15.263 Y-25.571 Z-3.400 F400.000
G1 X-15.282 Y-25.548 Z-3.400 F400.000
G1 X-15.306 Y-25.529 Z-3.400 F400.000
G1 X-15.332 Y-25.514 Z-3.400 F400.000
G1 X-15.361 Y-25.506 Z-3.400 F400.000
G1 X-15.470 Y-25.495 Z-3.400 F400.000
G1 X-16.875 Y-25.495 Z-3.400 F400.000
G1 X-17.082 Y-25.481 Z-3.400 F400.000
G1 X-17.341 Y-25.447 Z-3.400 F400.000
G1 X-17.741 Y-25.340 Z-3.400 F400.000
G1 X-17.983 Y-25.240 Z-3.400 F400.000
G1 X-18.341 Y-25.033 Z-3.400 F400.000
G1 X-18.549 Y-24.874 Z-3.400 F400.000
G1 X-18.842 Y-24.581 Z-3.400 F400.000
G1 X-19.000 Y-24.374 Z-3.400 F400.000
G1 X-19.208 Y-24.015 Z-3.400 F400.000
G1 X-19.308 Y-23.774 Z-3.400 F400.000
G1 X-19.415 Y-23.374 Z-3.400 F400.000
G1 X-19.449 Y-23.115 Z-3.400 F400.000
G1 X-19.462 Y-22.907 Z-3.400 F400.000
G1 X-19.462 Y-2.500 Z-3.400 F400.000
G0 Z5.000
G0 X-19.462 Y-227.500
G0 Z3.000
G1 X-19.462 Y-227.500 Z-3.600 F250.000
G1 X-19.455 Y-208.827 Z-3.600 F400.000
G1 X-19.421 Y-208.486 Z-3.600 F400.000
G1 X-19.361 Y-208.181 Z-3.600 F400.000
G1 X-19.261 Y-207.852 Z-3.600 F400.000
G1 X-19.142 Y-207.565 Z-3.600 F400.000
G1 X-18.980 Y-207.262 Z-3.600 F400.000
G1 X-18.807 Y-207.004 Z-3.600 F400.000
G1 X-18.590 Y-206.738 Z-3.600 F400.000
G1 X-18.370 Y-206.518 Z-3.600 F400.000
G1 X-18.104 Y-206.301 Z-3.600 F400.000
G1 X-17.846 Y-206.128 Z-3.600 F400.000
G1 X-17.543 Y-205.966 Z-3.600 F400.000
G1 X-17.256 Y-205.847 Z-3.600 F400.000
G1 X-16.927 Y-205.747 Z-3.600 F400.000
G1 X-16.622 Y-205.687 Z-3.600 F400.000
G1 X-16.125 Y-205.645 Z-3.600 F400.000
G1 X-13.353 Y-205.645 Z-3.600 F400.000
G1 X-13.245 Y-205.635 Z-3.600 F400.000
G1 X-13.216 Y-205.626 Z-3.600 F400.000
G1 X-13.189 Y-205.612 Z-3.600 F400.000
G1 X-13.166 Y-205.592 Z-3.600 F400.000
G1 X-13.146 Y-205.569 Z-3.600 F400.000
G1 X-13.132 Y-205.542 Z-3.600 F400.000
G1 X-13.123 Y-205.513 Z-3.600 F400.000
G1 X-13.113 Y-205.405 Z-3.600 F400.000
G1 X-13.112 Y-203.698 Z-3.600 F400.000
G1 X-13.123 Y-203.590 Z-3.600 F400.000
G1 X-13.132 Y-203.561 Z-3.600 F400.000
G1 X-13.146 Y-203.534 Z-3.600 F400.000
G1 X-13.166 Y-203.511 Z-3.600 F400.000
G1 X-13.189 Y-203.492 Z-3.600 F400.000
G1 X-13.216 Y-203.477 Z-3.600 F400.000
G1 X-13.245 Y-203.469 Z-3.600 F400.000
G1 X-13.355 Y-203.458 Z-3.600 F400.000
G1 X-16.281 Y-203.450 Z-3.600 F400.000
G1 X-16.622 Y-203.417 Z-3.600 F400.000
G1 X-16.927 Y-203.356 Z-3.600 F400.000
G1 X-17.256 Y-203.256 Z-3.600 F400.000
G1 X-17.543 Y-203.137 Z-3.600 F400.000
G1 X-17.846 Y-202.976 Z-3.600 F400.000
G1 X-18.104 Y-202.803 Z-3.600 F400.000
G1 X-18.370 Y-202.585 Z-3.600 F400.000
G1 X-18.590 Y-202.365 Z-3.600 F400.000
G1 X-18.807 Y-202.100 Z-3.600 F400.000
G1 X-18.980 Y-201.841 Z-3.600 F400.000
G1 X-19.142 Y-201.538 Z-3.600 F400.000
G1 X-19.261 Y-201.251 Z-3.600 F400.000
G1 X-19.361 Y-200.923 Z-3.600 F400.000
G1 X-19.421 Y-200.617 Z-3.600 F400.000
G1 X-19.462 Y-200.120 Z-3.600 F400.000
G1 X-19.460 Y-191.554 Z-3.600 F400.000
G1 X-19.431 Y-191.191 Z-3.600 F400.000
G1 X-19.362 Y-190.834 Z-3.600 F400.000
G1 X-19.255 Y-190.486 Z-3.600 F400.000
G1 X-19.150 Y-190.230 Z-3.600 F400.000
G1 X-15.263 Y-181.894 Z-3.600 F400.000
G1 X-15.240 Y-181.838 Z-3.600 F400.000
G1 X-15.235 Y-181.821 Z-3.600 F400.000
G1 X-15.232 Y-181.803 Z-3.600 F400.000
G1 X-15.229 Y-181.743 Z-3.600 F400.000
G1 X-15.229 Y-178.852 Z-3.600 F400.000
G1 X-15.240 Y-178.743 Z-3.600 F400.000
G1 X-15.249 Y-178.714 Z-3.600 F400.000
G1 X-15.263 Y-178.688 Z-3.600 F400.000
G1 X-15.282 Y-178.664 Z-3.600 F400.000
G1 X-15.306 Y-178.645 Z-3.600 F400.000
G1 X-15.332 Y-178.631 Z-3.600 F400.000
G1 X-15.361 Y-178.622 Z-3.600 F400.000
G1 X-15.470 Y-178.611 Z-3.600 F400.000
G1 X-16.875 Y-178.611 Z-3.600 F400.000
G1 X-17.082 Y-178.597 Z-3.600 F400.000
G1 X-17.341 Y-178.563 Z-3.600 F400.000
G1 X-17.741 Y-178.456 Z-3.600 F400.000
G1 X-17.983 Y-178.356 Z-3.600 F400.000
G1 X-18.341 Y-178.149 Z-3.600 F400.000
G1 X-18.549 Y-177.990 Z-3.600 F400.000
G1 X-18.842 Y-177.697 Z-3.600 F400.000
G1 X-19.000 Y-177.490 Z-3.600 F400.000
G1 X-19.208 Y-177.131 Z-3.600 F400.000
G1 X-19.308 Y-176.890 Z-3.600 F400.000
G1 X-19.415 Y-176.490 Z-3.600 F400.000
G1 X-19.449 Y-176.231 Z-3.600 F400.000
G1 X-19.462 Y-176.024 Z-3.600 F400.000
G1 X-19.460 Y-153.275 Z-3.600 F400.000
G1 X-19.431 Y-152.912 Z-3.600 F400.000
G1 X-19.362 Y-152.555 Z-3.600 F400.000
G1 X-19.255 Y-152.207 Z-3.600 F400.000
G1 X-19.150 Y-151.951 Z-3.600 F400.000
G1 X-15.263 Y-143.615 Z-3.600 F400.000
G1 X-15.240 Y-143.559 Z-3.600 F400.000
G1 X-15.235 Y-143.542 Z-3.600 F400.000
G1 X-15.232 Y-143.524 Z-3.600 F400.000
G1 X-15.229 Y-143.464 Z-3.600 F400.000
G1 X-15.229 Y-140.573 Z-3.600 F400.000
G1 X-15.240 Y-140.464 Z-3.600 F400.000
G1 X-15.249 Y-140.435 Z-3.600 F400.000
G1 X-15.263 Y-140.409 Z-3.600 F400.000
G1 X-15.282 Y-140.385 Z-3.600 F400.000
G1 X-15.306 Y-140.366 Z-3.600 F400.000
G1 X-15.332 Y-140.351 Z-3.600 F400.000
G1 X-15.361 Y-140.343 Z-3.600 F400.000
G1 X-15.470 Y-140.332 Z-3.600 F400.000
G1 X-16.875 Y-140.332 Z-3.600 F400.000
G1 X-17.082 Y-140.318 Z-3.600 F400.000
G1 X-17.341 Y-140.284 Z-3.600 F400.000
G1 X-17.741 Y-140.177 Z-3.600 F400.000
G1 X-17.983 Y-140.077 Z-3.600 F400.000
G1 X-18.341 Y-139.870 Z-3.600 F400.000
G1 X-18.549 Y-139.711 Z-3.600 F400.000
G1 X-18.842 Y-139.418 Z-3.600 F400.000
G1 X-19.000 Y-139.211 Z-3.600 F400.000
G1 X-19.208 Y-138.852 Z-3.600 F400.000
G1 X-19.308 Y-138.611 Z-3.600 F400.000
G1 X-19.415 Y-138.211 Z-3.600 F400.000
G1 X-19.449 Y-137.952 Z-3.600 F400.000
G1 X-19.462 Y-137.745 Z-3.600 F400.000
G1 X-19.460 Y-114.996 Z-3.600 F400.000
G1 X-19.431 Y-114.633 Z-3.600 F400.000
G1 X-19.362 Y-114.276 Z-3.600 F400.000
G1 X-19.255 Y-113.928 Z-3.600 F400.000
G1 X-19.150 Y-113.672 Z-3.600 F400.000
G1 X-15.263 Y-105.336 Z-3.600 F400.000
G1 X-15.240 Y-105.279 Z-3.600 F400.000
G1 X-15.235 Y-105.263 Z-3.600 F400.000
G1 X-15.232 Y-105.245 Z-3.600 F400.000
G1 X-15.229 Y-105.185 Z-3.600 F400.000
G1 X-15.229 Y-102.294 Z-3.600 F400.000
G1 X-15.240 Y-102.185 Z-3.600 F400.000
G1 X-15.249 Y-102.156 Z-3.600 F400.000
G1 X-15.263 Y-102.130 Z-3.600 F400.000
G1 X-15.282 Y-102.106 Z-3.600 F400.000
G1 X-15.306 Y-102.087 Z-3.600 F400.000
G1 X-15.332 Y-102.072 Z-3.600 F400.000
G1 X-15.361 Y-102.064 Z-3.600 F400.000
G1 X-15.470 Y-102.053 Z-3.600 F400.000
G1 X-16.875 Y-102.053 Z-3.600 F400.000
G1 X-17.082 Y-102.039 Z-3.600 F400.000
G1 X-17.341 Y-102.005 Z-3.600 F400.000
G1 X-17.741 Y-101.898 Z-3.600 F400.000
G1 X-17.983 Y-101.798 Z-3.600 F400.000
G1 X-18.341 Y-101.591 Z-3.600 F400.000
G1 X-18.549 Y-101.432 Z-3.600 F400.000
G1 X-18.842 Y-101.139 Z-3.600 F400.000
G1 X-19.000 Y-100.932 Z-3.600 F400.000
G1 X-19.208 Y-100.573 Z-3.600 F400.000
G1 X-19.308 Y-100.332 Z-3.600 F400.000
G1 X-19.415 Y-99.932 Z-3.600 F400.000
G1 X-19.449 Y-99.673 Z-3.600 F400.000
G1 X-19.462 Y-99.466 Z-3.600 F400.000
G1 X-19.460 Y-76.717 Z-3.600 F400.000
G1 X-19.431 Y-76.354 Z-3.600 F400.000
G1 X-19.362 Y-75.997 Z-3.600 F400.000
G1 X-19.255 Y-75.649 Z-3.600 F400.000
G1 X-19.150 Y-75.393 Z-3.600 F400.000
G1 X-15.263 Y-67.057 Z-3.600 F400.000
G1 X-15.240 Y-67.000 Z-3.600 F400.000
G1 X-15.235 Y-66.984 Z-3.600 F400.000
G1 X-15.232 Y-66.966 Z-3.600 F400.000
G1 X-15.229 Y-66.906 Z-3.600 F400.000
G1 X-15.229 Y-64.014 Z-3.600 F400.000
G1 X-15.240 Y-63.906 Z-3.600 F400.000
G1 X-15.249 Y-63.877 Z-3.600 F400.000
G1 X-15.263 Y-63.850 Z-3.600 F400.000
G1 X-15.282 Y-63.827 Z-3.600 F400.000
G1 X-15.306 Y-63.808 Z-3.600 F400.000
G1 X-15.332 Y-63.793 Z-3.600 F400.000
G1 X-15.361 Y-63.785 Z-3.600 F400.000
G1 X-15.470 Y-63.774 Z-3.600 F400.000
G1 X-16.875 Y-63.774 Z-3.600 F400.000
G1 X-17.082 Y-63.760 Z-3.600 F400.000
G1 X-17.341 Y-63.726 Z-3.600 F400.000
G1 X-17.741 Y-63.619 Z-3.600 F400.000
G1 X-17.983 Y-63.519 Z-3.600 F400.000
G1 X-18.341 Y-63.312 Z-3.600 F400.000
G1 X-18.549 Y-63.153 Z-3.600 F400.000
G1 X-18.842 Y-62.860 Z-3.600 F400.000
G1 X-19.000 Y-62.653 Z-3.600 F400.000
G1 X-19.208 Y-62.294 Z-3.600 F400.000
G1 X-19.308 Y-62.053 Z-3.600 F400.000
G1 X-19.415 Y-61.653 Z-3.600 F400.000
G1 X-19.449 Y-61.394 Z-3.600 F400.000
G1 X-19.462 Y-61.187 Z-3.600 F400.000
G1 X-19.460 Y-38.438 Z-3.600 F400.000
G1 X-19.431 Y-38.075 Z-3.600 F400.000
G1 X-19.362 Y-37.718 Z-3.600 F400.000
G1 X-19.255 Y-37.370 Z-3.600 F400.000
G1 X-19.150 Y-37.114 Z-3.600 F400.000
G1 X-15.263 Y-28.778 Z-3.600 F400.000
G1 X-15.240 Y-28.721 Z-3.600 F400.000
G1 X-15.235 Y-28.705 Z-3.600 F400.000
G1 X-15.232 Y-28.687 Z-3.600 F400.000
G1 X-15.229 Y-28.627 Z-3.600 F400.000
G1 X-15.229 Y-25.735 Z-3.600 F400.000
G1 X-15.240 Y-25.627 Z-3.600 F400.000
G1 X-15.249 Y-25.598 Z-3.600 F400.000
G1 X-15.263 Y-25.571 Z-3.600 F400.000
G1 X-15.282 Y-25.548 Z-3.600 F400.000
G1 X-15.306 Y-25.529 Z-3.600 F400.000
G1 X-15.332 Y-25.514 Z-3.600 F400.000
G1 X-15.361 Y-25.506 Z-3.600 F400.000
G1 X-15.470 Y-25.495 Z-3.600 F400.000
G1 X-16.875 Y-25.495 Z-3.600 F400.000
G1 X-17.082 Y-25.481 Z-3.600 F400.000
G1 X-17.341 Y-25.447 Z-3.600 F400.000
G1 X-17.741 Y-25.340 Z-3.600 F400.000
G1 X-17.983 Y-25.240 Z-3.600 F400.000
G1 X-18.341 Y-25.033 Z-3.600 F400.000
G1 X-18.549 Y-24.874 Z-3.600 F400.000
G1 X-18.842 Y-24.581 Z-3.600 F400.000
G1 X-19.000 Y-24.374 Z-3.600 F400.000
G1 X-19.208 Y-24.015 Z-3.600 F400.000
G1 X-19.308 Y-23.774 Z-3.600 F400.000
G1 X-19.415 Y-23.374 Z-3.600 F400.000
G1 X-19.449 Y-23.115 Z-3.600 F400.000
G1 X-19.462 Y-22.907 Z-3.600 F400.000
G1 X-19.462 Y-2.500 Z-3.600 F400.000
G0 Z5.000
G0 X-19.462 Y-227.500
G0 Z3.000
G1 X-19.462 Y-227.500 Z-3.800 F250.000
G1 X-19.455 Y-208.827 Z-3.800 F400.000
G1 X-19.421 Y-208.486 Z-3.800 F400.000
G1 X-19.361 Y-208.181 Z-3.800 F400.000
G1 X-19.261 Y-207.852 Z-3.800 F400.000
G1 X-19.142 Y-207.565 Z-3.800 F400.000
G1 X-18.980 Y-207.262 Z-3.800 F400.000
G1 X-18.807 Y-207.004 Z-3.800 F400.000
G1 X-18.590 Y-206.738 Z-3.800 F400.000
G1 X-18.370 Y-206.518 Z-3.800 F400.000
G1 X-18.104 Y-206.301 Z-3.800 F400.000
G1 X-17.846 Y-206.128 Z-3.800 F400.000
G1 X-17.543 Y-205.966 Z-3.800 F400.000
G1 X-17.256 Y-205.847 Z-3.800 F400.000
G1 X-16.927 Y-205.747 Z-3.800 F400.000
G1 X-16.622 Y-205.687 Z-3.800 F400.000
G1 X-16.125 Y-205.645 Z-3.800 F400.000
G1 X-13.353 Y-205.645 Z-3.800 F400.000
G1 X-13.245 Y-205.635 Z-3.800 F400.000
G1 X-13.216 Y-205.626 Z-3.800 F400.000
G1 X-13.189 Y-205.612 Z-3.800 F400.000
G1 X-13.166 Y-205.592 Z-3.800 F400.000
G1 X-13.146 Y-205.569 Z-3.800 F400.000
G1 X-13.132 Y-205.542 Z-3.800 F400.000
G1 X-13.123 Y-205.513 Z-3.800 F400.000
G1 X-13.113 Y-205.405 Z-3.800 F400.000
G1 X-13.112 Y-203.698 Z-3.800 F400.000
G1 X-13.123 Y-203.590 Z-3.800 F400.000
G1 X-13.132 Y-203.561 Z-3.800 F400.000
G1 X-13.146 Y-203.534 Z-3.800 F400.000
G1 X-13.166 Y-203.511 Z-3.800 F400.000
G1 X-13.189 Y-203.492 Z-3.800 F400.000
G1 X-13.216 Y-203.477 Z-3.800 F400.000
G1 X-13.245 Y-203.469 Z-3.800 F400.000
G1 X-13.355 Y-203.458 Z-3.800 F400.000
G1 X-16.281 Y-203.450 Z-3.800 F400.000
G1 X-16.622 Y-203.417 Z-3.800 F400.000
G1 X-16.927 Y-203.356 Z-3.800 F400.000
G1 X-17.256 Y-203.256 Z-3.800 F400.000
G1 X-17.543 Y-203.137 Z-3.800 F400.000
G1 X-17.846 Y-202.976 Z-3.800 F400.000
G1 X-18.104 Y-202.803 Z-3.800 F400.000
G1 X-18.370 Y-202.585 Z-3.800 F400.000
G1 X-18.590 Y-202.365 Z-3.800 F400.000
G1 X-18.807 Y-202.100 Z-3.800 F400.000
G1 X-18.980 Y-201.841 Z-3.800 F400.000
G1 X-19.142 Y-201.538 Z-3.800 F400.000
G1 X-19.261 Y-201.251 Z-3.800 F400.000
G1 X-19.361 Y-200.923 Z-3.800 F400.000
G1 X-19.421 Y-200.617 Z-3.800 F400.000
G1 X-19.462 Y-200.120 Z-3.800 F400.000
G1 X-19.460 Y-191.554 Z-3.800 F400.000
G1 X-19.431 Y-191.191 Z-3.800 F400.000
G1 X-19.362 Y-190.834 Z-3.800 F400.000
G1 X-19.255 Y-190.486 Z-3.800 F400.000
G1 X-19.150 Y-190.230 Z-3.800 F400.000
G1 X-15.263 Y-181.894 Z-3.800 F400.000
G1 X-15.240 Y-181.838 Z-3.800 F400.000
G1 X-15.235 Y-181.821 Z-3.800 F400.000
G1 X-15.232 Y-181.803 Z-3.800 F400.000
G1 X-15.229 Y-181.743 Z-3.800 F400.000
G1 X-15.229 Y-178.852 Z-3.800 F400.000
G1 X-15.240 Y-178.743 Z-3.800 F400.000
G1 X-15.249 Y-178.714 Z-3.800 F400.000
G1 X-15.263 Y-178.688 Z-3.800 F400.000
G1 X-15.282 Y-178.664 Z-3.800 F400.000
G1 X-15.306 Y-178.645 Z-3.800 F400.000
G1 X-15.332 Y-178.631 Z-3.800 F400.000
G1 X-15.361 Y-178.622 Z-3.800 F400.000
G1 X-15.470 Y-178.611 Z-3.800 F400.000
G1 X-16.875 Y-178.611 Z-3.800 F400.000
G1 X-17.082 Y-178.597 Z-3.800 F400.000
G1 X-17.341 Y-178.563 Z-3.800 F400.000
G1 X-17.741 Y-178.456 Z-3.800 F400.000
G1 X-17.983 Y-178.356 Z-3.800 F400.000
G1 X-18.341 Y-178.149 Z-3.800 F400.000
G1 X-18.549 Y-177.990 Z-3.800 F400.000
G1 X-18.842 Y-177.697 Z-3.800 F400.000
G1 X-19.000 Y-177.490 Z-3.800 F400.000
G1 X-19.208 Y-177.131 Z-3.800 F400.000
G1 X-19.308 Y-176.890 Z-3.800 F400.000
G1 X-19.415 Y-176.490 Z-3.800 F400.000
G1 X-19.449 Y-176.231 Z-3.800 F400.000
G1 X-19.462 Y-176.024 Z-3.800 F400.000
G1 X-19.460 Y-153.275 Z-3.800 F400.000
G1 X-19.431 Y-152.912 Z-3.800 F400.000
G1 X-19.362 Y-152.555 Z-3.800 F400.000
G1 X-19.255 Y-152.207 Z-3.800 F400.000
G1 X-19.150 Y-151.951 Z-3.800 F400.000
G1 X-15.263 Y-143.615 Z-3.800 F400.000
G1 X-15.240 Y-143.559 Z-3.800 F400.000
G1 X-15.235 Y-143.542 Z-3.800 F400.000
G1 X-15.232 Y-143.524 Z-3.800 F400.000
G1 X-15.229 Y-143.464 Z-3.800 F400.000
G1 X-15.229 Y-140.573 Z-3.800 F400.000
G1 X-15.240 Y-140.464 Z-3.800 F400.000
G1 X-15.249 Y-140.435 Z-3.800 F400.000
G1 X-15.263 Y-140.409 Z-3.800 F400.000
G1 X-15.282 Y-140.385 Z-3.800 F400.000
G1 X-15.306 Y-140.366 Z-3.800 F400.000
G1 X-15.332 Y-140.351 Z-3.800 F400.000
G1 X-15.361 Y-140.343 Z-3.800 F400.000
G1 X-15.470 Y-140.332 Z-3.800 F400.000
G1 X-16.875 Y-140.332 Z-3.800 F400.000
G1 X-17.082 Y-140.318 Z-3.800 F400.000
G1 X-17.341 Y-140.284 Z-3.800 F400.000
G1 X-17.741 Y-140.177 Z-3.800 F400.000
G1 X-17.983 Y-140.077 Z-3.800 F400.000
G1 X-18.341 Y-139.870 Z-3.800 F400.000
G1 X-18.549 Y-139.711 Z-3.800 F400.000
G1 X-18.842 Y-139.418 Z-3.800 F400.000
G1 X-19.000 Y-139.211 Z-3.800 F400.000
G1 X-19.208 Y-138.852 Z-3.800 F400.000
G1 X-19.308 Y-138.611 Z-3.800 F400.000
G1 X-19.415 Y-138.211 Z-3.800 F400.000
G1 X-19.449 Y-137.952 Z-3.800 F400.000
G1 X-19.462 Y-137.745 Z-3.800 F400.000
G1 X-19.460 Y-114.996 Z-3.800 F400.000
G1 X-19.431 Y-114.633 Z-3.800 F400.000
G1 X-19.362 Y-114.276 Z-3.800 F400.000
G1 X-19.255 Y-113.928 Z-3.800 F400.000
G1 X-19.150 Y-113.672 Z-3.800 F400.000
G1 X-15.263 Y-105.336 Z-3.800 F400.000
G1 X-15.240 Y-105.279 Z-3.800 F400.000
G1 X-15.235 Y-105.263 Z-3.800 F400.000
G1 X-15.232 Y-105.245 Z-3.800 F400.000
G1 X-15.229 Y-105.185 Z-3.800 F400.000
G1 X-15.229 Y-102.294 Z-3.800 F400.000
G1 X-15.240 Y-102.185 Z-3.800 F400.000
G1 X-15.249 Y-102.156 Z-3.800 F400.000
G1 X-15.263 Y-102.130 Z-3.800 F400.000
G1 X-15.282 Y-102.106 Z-3.800 F400.000
G1 X-15.306 Y-102.087 Z-3.800 F400.000
G1 X-15.332 Y-102.072 Z-3.800 F400.000
G1 X-15.361 Y-102.064 Z-3.800 F400.000
G1 X-15.470 Y-102.053 Z-3.800 F400.000
G1 X-16.875 Y-102.053 Z-3.800 F400.000
G1 X-17.082 Y-102.039 Z-3.800 F400.000
G1 X-17.341 Y-102.005 Z-3.800 F400.000
G1 X-17.741 Y-101.898 Z-3.800 F400.000
G1 X-17.983 Y-101.798 Z-3.800 F400.000
G1 X-18.341 Y-101.591 Z-3.800 F400.000
G1 X-18.549 Y-101.432 Z-3.800 F400.000
G1 X-18.842 Y-101.139 Z-3.800 F400.000
G1 X-19.000 Y-100.932 Z-3.800 F400.000
G1 X-19.208 Y-100.573 Z-3.800 F400.000
G1 X-19.308 Y-100.332 Z-3.800 F400.000
G1 X-19.415 Y-99.932 Z-3.800 F400.000
G1 X-19.449 Y-99.673 Z-3.800 F400.000
G1 X-19.462 Y-99.466 Z-3.800 F400.000
G1 X-19.460 Y-76.717 Z-3.800 F400.000
G1 X-19.431 Y-76.354 Z-3.800 F400.000
G1 X-19.362 Y-75.997 Z-3.800 F400.000
G1 X-19.255 Y-75.649 Z-3.800 F400.000
G1 X-19.150 Y-75.393 Z-3.800 F400.000
G1 X-15.263 Y-67.057 Z-3.800 F400.000
G1 X-15.240 Y-67.000 Z-3.800 F400.000
G1 X-15.235 Y-66.984 Z-3.800 F400.000
G1 X-15.232 Y-66.966 Z-3.800 F400.000
G1 X-15.229 Y-66.906 Z-3.800 F400.000
G1 X-15.229 Y-64.014 Z-3.800 F400.000
G1 X-15.240 Y-63.906 Z-3.800 F400.000
G1 X-15.249 Y-63.877 Z-3.800 F400.000
G1 X-15.263 Y-63.850 Z-3.800 F400.000
G1 X-15.282 Y-63.827 Z-3.800 F400.000
G1 X-15.306 Y-63.808 Z-3.800 F400.000
G1 X-15.332 Y-63.793 Z-3.800 F400.000
G1 X-15.361 Y-63.785 Z-3.800 F400.000
G1 X-15.470 Y-63.774 Z-3.800 F400.000
G1 X-16.875 Y-63.774 Z-3.800 F400.000
G1 X-17.082 Y-63.760 Z-3.800 F400.000
G1 X-17.341 Y-63.726 Z-3.800 F400.000
G1 X-17.741 Y-63.619 Z-3.800 F400.000
G1 X-17.983 Y-63.519 Z-3.800 F400.000
G1 X-18.341 Y-63.312 Z-3.800 F400.000
G1 X-18.549 Y-63.153 Z-3.800 F400.000
G1 X-18.842 Y-62.860 Z-3.800 F400.000
G1 X-19.000 Y-62.653 Z-3.800 F400.000
G1 X-19.208 Y-62.294 Z-3.800 F400.000
G1 X-19.308 Y-62.053 Z-3.800 F400.000
G1 X-19.415 Y-61.653 Z-3.800 F400.000
G1 X-19.449 Y-61.394 Z-3.800 F400.000
G1 X-19.462 Y-61.187 Z-3.800 F400.000
G1 X-19.460 Y-38.438 Z-3.800 F400.000
G1 X-19.431 Y-38.075 Z-3.800 F400.000
G1 X-19.362 Y-37.718 Z-3.800 F400.000
G1 X-19.255 Y-37.370 Z-3.800 F400.000
G1 X-19.150 Y-37.114 Z-3.800 F400.000
G1 X-15.263 Y-28.778 Z-3.800 F400.000
G1 X-15.240 Y-28.721 Z-3.800 F400.000
G1 X-15.235 Y-28.705 Z-3.800 F400.000
G1 X-15.232 Y-28.687 Z-3.800 F400.000
G1 X-15.229 Y-28.627 Z-3.800 F400.000
G1 X-15.229 Y-25.735 Z-3.800 F400.000
G1 X-15.240 Y-25.627 Z-3.800 F400.000
G1 X-15.249 Y-25.598 Z-3.800 F400.000
G1 X-15.263 Y-25.571 Z-3.800 F400.000
G1 X-15.282 Y-25.548 Z-3.800 F400.000
G1 X-15.306 Y-25.529 Z-3.800 F400.000
G1 X-15.332 Y-25.514 Z-3.800 F400.000
G1 X-15.361 Y-25.506 Z-3.800 F400.000
G1 X-15.470 Y-25.495 Z-3.800 F400.000
G1 X-16.875 Y-25.495 Z-3.800 F400.000
G1 X-17.082 Y-25.481 Z-3.800 F400.000
G1 X-17.341 Y-25.447 Z-3.800 F400.000
G1 X-17.741 Y-25.340 Z-3.800 F400.000
G1 X-17.983 Y-25.240 Z-3.800 F400.000
G1 X-18.341 Y-25.033 Z-3.800 F400.000
G1 X-18.549 Y-24.874 Z-3.800 F400.000
G1 X-18.842 Y-24.581 Z-3.800 F400.000
G1 X-19.000 Y-24.374 Z-3.800 F400.000
G1 X-19.208 Y-24.015 Z-3.800 F400.000
G1 X-19.308 Y-23.774 Z-3.800 F400.000
G1 X-19.415 Y-23.374 Z-3.800 F400.000
G1 X-19.449 Y-23.115 Z-3.800 F400.000
G1 X-19.462 Y-22.907 Z-3.800 F400.000
G1 X-19.462 Y-2.500 Z-3.800 F400.000
G0 Z5.000
G0 X-19.462 Y-227.500
G0 Z3.000
G1 X-19.462 Y-227.500 Z-4.000 F250.000
G1 X-19.455 Y-208.827 Z-4.000 F400.000
G1 X-19.421 Y-208.486 Z-4.000 F400.000
G1 X-19.361 Y-208.181 Z-4.000 F400.000
G1 X-19.261 Y-207.852 Z-4.000 F400.000
G1 X-19.142 Y-207.565 Z-4.000 F400.000
G1 X-18.980 Y-207.262 Z-4.000 F400.000
G1 X-18.807 Y-207.004 Z-4.000 F400.000
G1 X-18.590 Y-206.738 Z-4.000 F400.000
G1 X-18.370 Y-206.518 Z-4.000 F400.000
G1 X-18.104 Y-206.301 Z-4.000 F400.000
G1 X-17.846 Y-206.128 Z-4.000 F400.000
G1 X-17.543 Y-205.966 Z-4.000 F400.000
G1 X-17.256 Y-205.847 Z-4.000 F400.000
G1 X-16.927 Y-205.747 Z-4.000 F400.000
G1 X-16.622 Y-205.687 Z-4.000 F400.000
G1 X-16.125 Y-205.645 Z-4.000 F400.000
G1 X-13.353 Y-205.645 Z-4.000 F400.000
G1 X-13.245 Y-205.635 Z-4.000 F400.000
G1 X-13.216 Y-205.626 Z-4.000 F400.000
G1 X-13.189 Y-205.612 Z-4.000 F400.000
G1 X-13.166 Y-205.592 Z-4.000 F400.000
G1 X-13.146 Y-205.569 Z-4.000 F400.000
G1 X-13.132 Y-205.542 Z-4.000 F400.000
G1 X-13.123 Y-205.513 Z-4.000 F400.000
G1 X-13.113 Y-205.405 Z-4.000 F400.000
G1 X-13.112 Y-203.698 Z-4.000 F400.000
G1 X-13.123 Y-203.590 Z-4.000 F400.000
G1 X-13.132 Y-203.561 Z-4.000 F400.000
G1 X-13.146 Y-203.534 Z-4.000 F400.000
G1 X-13.166 Y-203.511 Z-4.000 F400.000
G1 X-13.189 Y-203.492 Z-4.000 F400.000
G1 X-13.216 Y-203.477 Z-4.000 F400.000
G1 X-13.245 Y-203.469 Z-4.000 F400.000
G1 X-13.355 Y-203.458 Z-4.000 F400.000
G1 X-16.281 Y-203.450 Z-4.000 F400.000
G1 X-16.622 Y-203.417 Z-4.000 F400.000
G1 X-16.927 Y-203.356 Z-4.000 F400.000
G1 X-17.256 Y-203.256 Z-4.000 F400.000
G1 X-17.543 Y-203.137 Z-4.000 F400.000
G1 X-17.846 Y-202.976 Z-4.000 F400.000
G1 X-18.104 Y-202.803 Z-4.000 F400.000
G1 X-18.370 Y-202.585 Z-4.000 F400.000
G1 X-18.590 Y-202.365 Z-4.000 F400.000
G1 X-18.807 Y-202.100 Z-4.000 F400.000
G1 X-18.980 Y-201.841 Z-4.000 F400.000
G1 X-19.142 Y-201.538 Z-4.000 F400.000
G1 X-19.261 Y-201.251 Z-4.000 F400.000
G1 X-19.361 Y-200.923 Z-4.000 F400.000
G1 X-19.421 Y-200.617 Z-4.000 F400.000
G1 X-19.462 Y-200.120 Z-4.000 F400.000
G1 X-19.460 Y-191.554 Z-4.000 F400.000
G1 X-19.431 Y-191.191 Z-4.000 F400.000
G1 X-19.362 Y-190.834 Z-4.000 F400.000
G1 X-19.255 Y-190.486 Z-4.000 F400.000
G1 X-19.150 Y-190.230 Z-4.000 F400.000
G1 X-15.263 Y-181.894 Z-4.000 F400.000
G1 X-15.240 Y-181.838 Z-4.000 F400.000
G1 X-15.235 Y-181.821 Z-4.000 F400.000
G1 X-15.232 Y-181.803 Z-4.000 F400.000
G1 X-15.229 Y-181.743 Z-4.000 F400.000
G1 X-15.229 Y-178.852 Z-4.000 F400.000
G1 X-15.240 Y-178.743 Z-4.000 F400.000
G1 X-15.249 Y-178.714 Z-4.000 F400.000
G1 X-15.263 Y-178.688 Z-4.000 F400.000
G1 X-15.282 Y-178.664 Z-4.000 F400.000
G1 X-15.306 Y-178.645 Z-4.000 F400.000
G1 X-15.332 Y-178.631 Z-4.000 F400.000
G1 X-15.361 Y-178.622 Z-4.000 F400.000
G1 X-15.470 Y-178.611 Z-4.000 F400.000
G1 X-16.875 Y-178.611 Z-4.000 F400.000
G1 X-17.082 Y-178.597 Z-4.000 F400.000
G1 X-17.341 Y-178.563 Z-4.000 F400.000
G1 X-17.741 Y-178.456 Z-4.000 F400.000
G1 X-17.983 Y-178.356 Z-4.000 F400.000
G1 X-18.341 Y-178.149 Z-4.000 F400.000
G1 X-18.549 Y-177.990 Z-4.000 F400.000
G1 X-18.842 Y-177.697 Z-4.000 F400.000
G1 X-19.000 Y-177.490 Z-4.000 F400.000
G1 X-19.208 Y-177.131 Z-4.000 F400.000
G1 X-19.308 Y-176.890 Z-4.000 F400.000
G1 X-19.415 Y-176.490 Z-4.000 F400.000
G1 X-19.449 Y-176.231 Z-4.000 F400.000
G1 X-19.462 Y-176.024 Z-4.000 F400.000
G1 X-19.460 Y-153.275 Z-4.000 F400.000
G1 X-19.431 Y-152.912 Z-4.000 F400.000
G1 X-19.362 Y-152.555 Z-4.000 F400.000
G1 X-19.255 Y-152.207 Z-4.000 F400.000
G1 X-19.150 Y-151.951 Z-4.000 F400.000
G1 X-15.263 Y-143.615 Z-4.000 F400.000
G1 X-15.240 Y-143.559 Z-4.000 F400.000
G1 X-15.235 Y-143.542 Z-4.000 F400.000
G1 X-15.232 Y-143.524 Z-4.000 F400.000
G1 X-15.229 Y-143.464 Z-4.000 F400.000
G1 X-15.229 Y-140.573 Z-4.000 F400.000
G1 X-15.240 Y-140.464 Z-4.000 F400.000
G1 X-15.249 Y-140.435 Z-4.000 F400.000
G1 X-15.263 Y-140.409 Z-4.000 F400.000
G1 X-15.282 Y-140.385 Z-4.000 F400.000
G1 X-15.306 Y-140.366 Z-4.000 F400.000
G1 X-15.332 Y-140.351 Z-4.000 F400.000
G1 X-15.361 Y-140.343 Z-4.000 F400.000
G1 X-15.470 Y-140.332 Z-4.000 F400.000
G1 X-16.875 Y-140.332 Z-4.000 F400.000
G1 X-17.082 Y-140.318 Z-4.000 F400.000
G1 X-17.341 Y-140.284 Z-4.000 F400.000
G1 X-17.741 Y-140.177 Z-4.000 F400.000
G1 X-17.983 Y-140.077 Z-4.000 F400.000
G1 X-18.341 Y-139.870 Z-4.000 F400.000
G1 X-18.549 Y-139.711 Z-4.000 F400.000
G1 X-18.842 Y-139.418 Z-4.000 F400.000
G1 X-19.000 Y-139.211 Z-4.000 F400.000
G1 X-19.208 Y-138.852 Z-4.000 F400.000
G1 X-19.308 Y-138.611 Z-4.000 F400.000
G1 X-19.415 Y-138.211 Z-4.000 F400.000
G1 X-19.449 Y-137.952 Z-4.000 F400.000
G1 X-19.462 Y-137.745 Z-4.000 F400.000
G1 X-19.460 Y-114.996 Z-4.000 F400.000
G1 X-19.431 Y-114.633 Z-4.000 F400.000
G1 X-19.362 Y-114.276 Z-4.000 F400.000
G1 X-19.255 Y-113.928 Z-4.000 F400.000
G1 X-19.150 Y-113.672 Z-4.000 F400.000
G1 X-15.263 Y-105.336 Z-4.000 F400.000
G1 X-15.240 Y-105.279 Z-4.000 F400.000
G1 X-15.235 Y-105.263 Z-4.000 F400.000
G1 X-15.232 Y-105.245 Z-4.000 F400.000
G1 X-15.229 Y-105.185 Z-4.000 F400.000
G1 X-15.229 Y-102.294 Z-4.000 F400.000
G1 X-15.240 Y-102.185 Z-4.000 F400.000
G1 X-15.249 Y-102.156 Z-4.000 F400.000
G1 X-15.263 Y-102.130 Z-4.000 F400.000
G1 X-15.282 Y-102.106 Z-4.000 F400.000
G1 X-15.306 Y-102.087 Z-4.000 F400.000
G1 X-15.332 Y-102.072 Z-4.000 F400.000
G1 X-15.361 Y-102.064 Z-4.000 F400.000
G1 X-15.470 Y-102.053 Z-4.000 F400.000
G1 X-16.875 Y-102.053 Z-4.000 F400.000
G1 X-17.082 Y-102.039 Z-4.000 F400.000
G1 X-17.341 Y-102.005 Z-4.000 F400.000
G1 X-17.741 Y-101.898 Z-4.000 F400.000
G1 X-17.983 Y-101.798 Z-4.000 F400.000
G1 X-18.341 Y-101.591 Z-4.000 F400.000
G1 X-18.549 Y-101.432 Z-4.000 F400.000
G1 X-18.842 Y-101.139 Z-4.000 F400.000
G1 X-19.000 Y-100.932 Z-4.000 F400.000
G1 X-19.208 Y-100.573 Z-4.000 F400.000
G1 X-19.308 Y-100.332 Z-4.000 F400.000
G1 X-19.415 Y-99.932 Z-4.000 F400.000
G1 X-19.449 Y-99.673 Z-4.000 F400.000
G1 X-19.462 Y-99.466 Z-4.000 F400.000
G1 X-19.460 Y-76.717 Z-4.000 F400.000
G1 X-19.431 Y-76.354 Z-4.000 F400.000
G1 X-19.362 Y-75.997 Z-4.000 F400.000
G1 X-19.255 Y-75.649 Z-4.000 F400.000
G1 X-19.150 Y-75.393 Z-4.000 F400.000
G1 X-15.263 Y-67.057 Z-4.000 F400.000
G1 X-15.240 Y-67.000 Z-4.000 F400.000
G1 X-15.235 Y-66.984 Z-4.000 F400.000
G1 X-15.232 Y-66.966 Z-4.000 F400.000
G1 X-15.229 Y-66.906 Z-4.000 F400.000
G1 X-15.229 Y-64.014 Z-4.000 F400.000
G1 X-15.240 Y-63.906 Z-4.000 F400.000
G1 X-15.249 Y-63.877 Z-4.000 F400.000
G1 X-15.263 Y-63.850 Z-4.000 F400.000
G1 X-15.282 Y-63.827 Z-4.000 F400.000
G1 X-15.306 Y-63.808 Z-4.000 F400.000
G1 X-15.332 Y-63.793 Z-4.000 F400.000
G1 X-15.361 Y-63.785 Z-4.000 F400.000
G1 X-15.470 Y-63.774 Z-4.000 F400.000
G1 X-16.875 Y-63.774 Z-4.000 F400.000
G1 X-17.082 Y-63.760 Z-4.000 F400.000
G1 X-17.341 Y-63.726 Z-4.000 F400.000
G1 X-17.741 Y-63.619 Z-4.000 F400.000
G1 X-17.983 Y-63.519 Z-4.000 F400.000
G1 X-18.341 Y-63.312 Z-4.000 F400.000
G1 X-18.549 Y-63.153 Z-4.000 F400.000
G1 X-18.842 Y-62.860 Z-4.000 F400.000
G1 X-19.000 Y-62.653 Z-4.000 F400.000
G1 X-19.208 Y-62.294 Z-4.000 F400.000
G1 X-19.308 Y-62.053 Z-4.000 F400.000
G1 X-19.415 Y-61.653 Z-4.000 F400.000
G1 X-19.449 Y-61.394 Z-4.000 F400.000
G1 X-19.462 Y-61.187 Z-4.000 F400.000
G1 X-19.460 Y-38.438 Z-4.000 F400.000
G1 X-19.431 Y-38.075 Z-4.000 F400.000
G1 X-19.362 Y-37.718 Z-4.000 F400.000
G1 X-19.255 Y-37.370 Z-4.000 F400.000
G1 X-19.150 Y-37.114 Z-4.000 F400.000
G1 X-15.263 Y-28.778 Z-4.000 F400.000
G1 X-15.240 Y-28.721 Z-4.000 F400.000
G1 X-15.235 Y-28.705 Z-4.000 F400.000
G1 X-15.232 Y-28.687 Z-4.000 F400.000
G1 X-15.229 Y-28.627 Z-4.000 F400.000
G1 X-15.229 Y-25.735 Z-4.000 F400.000
G1 X-15.240 Y-25.627 Z-4.000 F400.000
G1 X-15.249 Y-25.598 Z-4.000 F400.000
G1 X-15.263 Y-25.571 Z-4.000 F400.000
G1 X-15.282 Y-25.548 Z-4.000 F400.000
G1 X-15.306 Y-25.529 Z-4.000 F400.000
G1 X-15.332 Y-25.514 Z-4.000 F400.000
G1 X-15.361 Y-25.506 Z-4.000 F400.000
G1 X-15.470 Y-25.495 Z-4.000 F400.000
G1 X-16.875 Y-25.495 Z-4.000 F400.000
G1 X-17.082 Y-25.481 Z-4.000 F400.000
G1 X-17.341 Y-25.447 Z-4.000 F400.000
G1 X-17.741 Y-25.340 Z-4.000 F400.000
G1 X-17.983 Y-25.240 Z-4.000 F400.000
G1 X-18.341 Y-25.033 Z-4.000 F400.000
G1 X-18.549 Y-24.874 Z-4.000 F400.000
G1 X-18.842 Y-24.581 Z-4.000 F400.000
G1 X-19.000 Y-24.374 Z-4.000 F400.000
G1 X-19.208 Y-24.015 Z-4.000 F400.000
G1 X-19.308 Y-23.774 Z-4.000 F400.000
G1 X-19.415 Y-23.374 Z-4.000 F400.000
G1 X-19.449 Y-23.115 Z-4.000 F400.000
G1 X-19.462 Y-22.907 Z-4.000 F400.000
G1 X-19.462 Y-2.500 Z-4.000 F400.000
G0 Z5.000
G0 X-19.462 Y-227.500
G0 Z3.000
G1 X-19.462 Y-227.500 Z-4.200 F250.000
G1 X-19.455 Y-208.827 Z-4.200 F400.000
G1 X-19.421 Y-208.486 Z-4.200 F400.000
G1 X-19.361 Y-208.181 Z-4.200 F400.000
G1 X-19.261 Y-207.852 Z-4.200 F400.000
G1 X-19.142 Y-207.565 Z-4.200 F400.000
G1 X-18.980 Y-207.262 Z-4.200 F400.000
G1 X-18.807 Y-207.004 Z-4.200 F400.000
G1 X-18.590 Y-206.738 Z-4.200 F400.000
G1 X-18.370 Y-206.518 Z-4.200 F400.000
G1 X-18.104 Y-206.301 Z-4.200 F400.000
G1 X-17.846 Y-206.128 Z-4.200 F400.000
G1 X-17.543 Y-205.966 Z-4.200 F400.000
G1 X-17.256 Y-205.847 Z-4.200 F400.000
G1 X-16.927 Y-205.747 Z-4.200 F400.000
G1 X-16.622 Y-205.687 Z-4.200 F400.000
G1 X-16.125 Y-205.645 Z-4.200 F400.000
G1 X-13.353 Y-205.645 Z-4.200 F400.000
G1 X-13.245 Y-205.635 Z-4.200 F400.000
G1 X-13.216 Y-205.626 Z-4.200 F400.000
G1 X-13.189 Y-205.612 Z-4.200 F400.000
G1 X-13.166 Y-205.592 Z-4.200 F400.000
G1 X-13.146 Y-205.569 Z-4.200 F400.000
G1 X-13.132 Y-205.542 Z-4.200 F400.000
G1 X-13.123 Y-205.513 Z-4.200 F400.000
G1 X-13.113 Y-205.405 Z-4.200 F400.000
G1 X-13.112 Y-203.698 Z-4.200 F400.000
G1 X-13.123 Y-203.590 Z-4.200 F400.000
G1 X-13.132 Y-203.561 Z-4.200 F400.000
G1 X-13.146 Y-203.534 Z-4.200 F400.000
G1 X-13.166 Y-203.511 Z-4.200 F400.000
G1 X-13.189 Y-203.492 Z-4.200 F400.000
G1 X-13.216 Y-203.477 Z-4.200 F400.000
G1 X-13.245 Y-203.469 Z-4.200 F400.000
G1 X-13.355 Y-203.458 Z-4.200 F400.000
G1 X-16.281 Y-203.450 Z-4.200 F400.000
G1 X-16.622 Y-203.417 Z-4.200 F400.000
G1 X-16.927 Y-203.356 Z-4.200 F400.000
G1 X-17.256 Y-203.256 Z-4.200 F400.000
G1 X-17.543 Y-203.137 Z-4.200 F400.000
G1 X-17.846 Y-202.976 Z-4.200 F400.000
G1 X-18.104 Y-202.803 Z-4.200 F400.000
G1 X-18.370 Y-202.585 Z-4.200 F400.000
G1 X-18.590 Y-202.365 Z-4.200 F400.000
G1 X-18.807 Y-202.100 Z-4.200 F400.000
G1 X-18.980 Y-201.841 Z-4.200 F400.000
G1 X-19.142 Y-201.538 Z-4.200 F400.000
G1 X-19.261 Y-201.251 Z-4.200 F400.000
G1 X-19.361 Y-200.923 Z-4.200 F400.000
G1 X-19.421 Y-200.617 Z-4.200 F400.000
G1 X-19.462 Y-200.120 Z-4.200 F400.000
G1 X-19.460 Y-191.554 Z-4.200 F400.000
G1 X-19.431 Y-191.191 Z-4.200 F400.000
G1 X-19.362 Y-190.834 Z-4.200 F400.000
G1 X-19.255 Y-190.486 Z-4.200 F400.000
G1 X-19.150 Y-190.230 Z-4.200 F400.000
G1 X-15.263 Y-181.894 Z-4.200 F400.000
G1 X-15.240 Y-181.838 Z-4.200 F400.000
G1 X-15.235 Y-181.821 Z-4.200 F400.000
G1 X-15.232 Y-181.803 Z-4.200 F400.000
G1 X-15.229 Y-181.743 Z-4.200 F400.000
G1 X-15.229 Y-178.852 Z-4.200 F400.000
G1 X-15.240 Y-178.743 Z-4.200 F400.000
G1 X-15.249 Y-178.714 Z-4.200 F400.000
G1 X-15.263 Y-178.688 Z-4.200 F400.000
G1 X-15.282 Y-178.664 Z-4.200 F400.000
G1 X-15.306 Y-178.645 Z-4.200 F400.000
G1 X-15.332 Y-178.631 Z-4.200 F400.000
G1 X-15.361 Y-178.622 Z-4.200 F400.000
G1 X-15.470 Y-178.611 Z-4.200 F400.000
G1 X-16.875 Y-178.611 Z-4.200 F400.000
G1 X-17.082 Y-178.597 Z-4.200 F400.000
G1 X-17.341 Y-178.563 Z-4.200 F400.000
G1 X-17.741 Y-178.456 Z-4.200 F400.000
G1 X-17.983 Y-178.356 Z-4.200 F400.000
G1 X-18.341 Y-178.149 Z-4.200 F400.000
G1 X-18.549 Y-177.990 Z-4.200 F400.000
G1 X-18.842 Y-177.697 Z-4.200 F400.000
G1 X-19.000 Y-177.490 Z-4.200 F400.000
G1 X-19.208 Y-177.131 Z-4.200 F400.000
G1 X-19.308 Y-176.890 Z-4.200 F400.000
G1 X-19.415 Y-176.490 Z-4.200 F400.000
G1 X-19.449 Y-176.231 Z-4.200 F400.000
G1 X-19.462 Y-176.024 Z-4.200 F400.000
G1 X-19.460 Y-153.275 Z-4.200 F400.000
G1 X-19.431 Y-152.912 Z-4.200 F400.000
G1 X-19.362 Y-152.555 Z-4.200 F400.000
G1 X-19.255 Y-152.207 Z-4.200 F400.000
G1 X-19.150 Y-151.951 Z-4.200 F400.000
G1 X-15.263 Y-143.615 Z-4.200 F400.000
G1 X-15.240 Y-143.559 Z-4.200 F400.000
G1 X-15.235 Y-143.542 Z-4.200 F400.000
G1 X-15.232 Y-143.524 Z-4.200 F400.000
G1 X-15.229 Y-143.464 Z-4.200 F400.000
G1 X-15.229 Y-140.573 Z-4.200 F400.000
G1 X-15.240 Y-140.464 Z-4.200 F400.000
G1 X-15.249 Y-140.435 Z-4.200 F400.000
G1 X-15.263 Y-140.409 Z-4.200 F400.000
G1 X-15.282 Y-140.385 Z-4.200 F400.000
G1 X-15.306 Y-140.366 Z-4.200 F400.000
G1 X-15.332 Y-140.351 Z-4.200 F400.000
G1 X-15.361 Y-140.343 Z-4.200 F400.000
G1 X-15.470 Y-140.332 Z-4.200 F400.000
G1 X-16.875 Y-140.332 Z-4.200 F400.000
G1 X-17.082 Y-140.318 Z-4.200 F400.000
G1 X-17.341 Y-140.284 Z-4.200 F400.000
G1 X-17.741 Y-140.177 Z-4.200 F400.000
G1 X-17.983 Y-140.077 Z-4.200 F400.000
G1 X-18.341 Y-139.870 Z-4.200 F400.000
G1 X-18.549 Y-139.711 Z-4.200 F400.000
G1 X-18.842 Y-139.418 Z-4.200 F400.000
G1 X-19.000 Y-139.211 Z-4.200 F400.000
G1 X-19.208 Y-138.852 Z-4.200 F400.000
G1 X-19.308 Y-138.611 Z-4.200 F400.000
G1 X-19.415 Y-138.211 Z-4.200 F400.000
G1 X-19.449 Y-137.952 Z-4.200 F400.000
G1 X-19.462 Y-137.745 Z-4.200 F400.000
G1 X-19.460 Y-114.996 Z-4.200 F400.000
G1 X-19.431 Y-114.633 Z-4.200 F400.000
G1 X-19.362 Y-114.276 Z-4.200 F400.000
G1 X-19.255 Y-113.928 Z-4.200 F400.000
G1 X-19.150 Y-113.672 Z-4.200 F400.000
G1 X-15.263 Y-105.336 Z-4.200 F400.000
G1 X-15.240 Y-105.279 Z-4.200 F400.000
G1 X-15.235 Y-105.263 Z-4.200 F400.000
G1 X-15.232 Y-105.245 Z-4.200 F400.000
G1 X-15.229 Y-105.185 Z-4.200 F400.000
G1 X-15.229 Y-102.294 Z-4.200 F400.000
G1 X-15.240 Y-102.185 Z-4.200 F400.000
G1 X-15.249 Y-102.156 Z-4.200 F400.000
G1 X-15.263 Y-102.130 Z-4.200 F400.000
G1 X-15.282 Y-102.106 Z-4.200 F400.000
G1 X-15.306 Y-102.087 Z-4.200 F400.000
G1 X-15.332 Y-102.072 Z-4.200 F400.000
G1 X-15.361 Y-102.064 Z-4.200 F400.000
G1 X-15.470 Y-102.053 Z-4.200 F400.000
G1 X-16.875 Y-102.053 Z-4.200 F400.000
G1 X-17.082 Y-102.039 Z-4.200 F400.000
G1 X-17.341 Y-102.005 Z-4.200 F400.000
G1 X-17.741 Y-101.898 Z-4.200 F400.000
G1 X-17.983 Y-101.798 Z-4.200 F400.000
G1 X-18.341 Y-101.591 Z-4.200 F400.000
G1 X-18.549 Y-101.432 Z-4.200 F400.000
G1 X-18.842 Y-101.139 Z-4.200 F400.000
G1 X-19.000 Y-100.932 Z-4.200 F400.000
G1 X-19.208 Y-100.573 Z-4.200 F400.000
G1 X-19.308 Y-100.332 Z-4.200 F400.000
G1 X-19.415 Y-99.932 Z-4.200 F400.000
G1 X-19.449 Y-99.673 Z-4.200 F400.000
G1 X-19.462 Y-99.466 Z-4.200 F400.000
G1 X-19.460 Y-76.717 Z-4.200 F400.000
G1 X-19.431 Y-76.354 Z-4.200 F400.000
G1 X-19.362 Y-75.997 Z-4.200 F400.000
G1 X-19.255 Y-75.649 Z-4.200 F400.000
G1 X-19.150 Y-75.393 Z-4.200 F400.000
G1 X-15.263 Y-67.057 Z-4.200 F400.000
G1 X-15.240 Y-67.000 Z-4.200 F400.000
G1 X-15.235 Y-66.984 Z-4.200 F400.000
G1 X-15.232 Y-66.966 Z-4.200 F400.000
G1 X-15.229 Y-66.906 Z-4.200 F400.000
G1 X-15.229 Y-64.014 Z-4.200 F400.000
G1 X-15.240 Y-63.906 Z-4.200 F400.000
G1 X-15.249 Y-63.877 Z-4.200 F400.000
G1 X-15.263 Y-63.850 Z-4.200 F400.000
G1 X-15.282 Y-63.827 Z-4.200 F400.000
G1 X-15.306 Y-63.808 Z-4.200 F400.000
G1 X-15.332 Y-63.793 Z-4.200 F400.000
G1 X-15.361 Y-63.785 Z-4.200 F400.000
G1 X-15.470 Y-63.774 Z-4.200 F400.000
G1 X-16.875 Y-63.774 Z-4.200 F400.000
G1 X-17.082 Y-63.760 Z-4.200 F400.000
G1 X-17.341 Y-63.726 Z-4.200 F400.000
G1 X-17.741 Y-63.619 Z-4.200 F400.000
G1 X-17.983 Y-63.519 Z-4.200 F400.000
G1 X-18.341 Y-63.312 Z-4.200 F400.000
G1 X-18.549 Y-63.153 Z-4.200 F400.000
G1 X-18.842 Y-62.860 Z-4.200 F400.000
G1 X-19.000 Y-62.653 Z-4.200 F400.000
G1 X-19.208 Y-62.294 Z-4.200 F400.000
G1 X-19.308 Y-62.053 Z-4.200 F400.000
G1 X-19.415 Y-61.653 Z-4.200 F400.000
G1 X-19.449 Y-61.394 Z-4.200 F400.000
G1 X-19.462 Y-61.187 Z-4.200 F400.000
G1 X-19.460 Y-38.438 Z-4.200 F400.000
G1 X-19.431 Y-38.075 Z-4.200 F400.000
G1 X-19.362 Y-37.718 Z-4.200 F400.000
G1 X-19.255 Y-37.370 Z-4.200 F400.000
G1 X-19.150 Y-37.114 Z-4.200 F400.000
G1 X-15.263 Y-28.778 Z-4.200 F400.000
G1 X-15.240 Y-28.721 Z-4.200 F400.000
G1 X-15.235 Y-28.705 Z-4.200 F400.000
G1 X-15.232 Y-28.687 Z-4.200 F400.000
G1 X-15.229 Y-28.627 Z-4.200 F400.000
G1 X-15.229 Y-25.735 Z-4.200 F400.000
G1 X-15.240 Y-25.627 Z-4.200 F400.000
G1 X-15.249 Y-25.598 Z-4.200 F400.000
G1 X-15.263 Y-25.571 Z-4.200 F400.000
G1 X-15.282 Y-25.548 Z-4.200 F400.000
G1 X-15.306 Y-25.529 Z-4.200 F400.000
G1 X-15.332 Y-25.514 Z-4.200 F400.000
G1 X-15.361 Y-25.506 Z-4.200 F400.000
G1 X-15.470 Y-25.495 Z-4.200 F400.000
G1 X-16.875 Y-25.495 Z-4.200 F400.000
G1 X-17.082 Y-25.481 Z-4.200 F400.000
G1 X-17.341 Y-25.447 Z-4.200 F400.000
G1 X-17.741 Y-25.340 Z-4.200 F400.000
G1 X-17.983 Y-25.240 Z-4.200 F400.000
G1 X-18.341 Y-25.033 Z-4.200 F400.000
G1 X-18.549 Y-24.874 Z-4.200 F400.000
G1 X-18.842 Y-24.581 Z-4.200 F400.000
G1 X-19.000 Y-24.374 Z-4.200 F400.000
G1 X-19.208 Y-24.015 Z-4.200 F400.000
G1 X-19.308 Y-23.774 Z-4.200 F400.000
G1 X-19.415 Y-23.374 Z-4.200 F400.000
G1 X-19.449 Y-23.115 Z-4.200 F400.000
G1 X-19.462 Y-22.907 Z-4.200 F400.000
G1 X-19.462 Y-2.500 Z-4.200 F400.000
G0 Z5.000
G0 X-19.462 Y-227.500
G0 Z3.000
G1 X-19.462 Y-227.500 Z-4.400 F250.000
G1 X-19.455 Y-208.827 Z-4.400 F400.000
G1 X-19.421 Y-208.486 Z-4.400 F400.000
G1 X-19.361 Y-208.181 Z-4.400 F400.000
G1 X-19.261 Y-207.852 Z-4.400 F400.000
G1 X-19.142 Y-207.565 Z-4.400 F400.000
G1 X-18.980 Y-207.262 Z-4.400 F400.000
G1 X-18.807 Y-207.004 Z-4.400 F400.000
G1 X-18.590 Y-206.738 Z-4.400 F400.000
G1 X-18.370 Y-206.518 Z-4.400 F400.000
G1 X-18.104 Y-206.301 Z-4.400 F400.000
G1 X-17.846 Y-206.128 Z-4.400 F400.000
G1 X-17.543 Y-205.966 Z-4.400 F400.000
G1 X-17.256 Y-205.847 Z-4.400 F400.000
G1 X-16.927 Y-205.747 Z-4.400 F400.000
G1 X-16.622 Y-205.687 Z-4.400 F400.000
G1 X-16.125 Y-205.645 Z-4.400 F400.000
G1 X-13.353 Y-205.645 Z-4.400 F400.000
G1 X-13.245 Y-205.635 Z-4.400 F400.000
G1 X-13.216 Y-205.626 Z-4.400 F400.000
G1 X-13.189 Y-205.612 Z-4.400 F400.000
G1 X-13.166 Y-205.592 Z-4.400 F400.000
G1 X-13.146 Y-205.569 Z-4.400 F400.000
G1 X-13.132 Y-205.542 Z-4.400 F400.000
G1 X-13.123 Y-205.513 Z-4.400 F400.000
G1 X-13.113 Y-205.405 Z-4.400 F400.000
G1 X-13.112 Y-203.698 Z-4.400 F400.000
G1 X-13.123 Y-203.590 Z-4.400 F400.000
G1 X-13.132 Y-203.561 Z-4.400 F400.000
G1 X-13.146 Y-203.534 Z-4.400 F400.000
G1 X-13.166 Y-203.511 Z-4.400 F400.000
G1 X-13.189 Y-203.492 Z-4.400 F400.000
G1 X-13.216 Y-203.477 Z-4.400 F400.000
G1 X-13.245 Y-203.469 Z-4.400 F400.000
G1 X-13.355 Y-203.458 Z-4.400 F400.000
G1 X-16.281 Y-203.450 Z-4.400 F400.000
G1 X-16.622 Y-203.417 Z-4.400 F400.000
G1 X-16.927 Y-203.356 Z-4.400 F400.000
G1 X-17.256 Y-203.256 Z-4.400 F400.000
G1 X-17.543 Y-203.137 Z-4.400 F400.000
G1 X-17.846 Y-202.976 Z-4.400 F400.000
G1 X-18.104 Y-202.803 Z-4.400 F400.000
G1 X-18.370 Y-202.585 Z-4.400 F400.000
G1 X-18.590 Y-202.365 Z-4.400 F400.000
G1 X-18.807 Y-202.100 Z-4.400 F400.000
G1 X-18.980 Y-201.841 Z-4.400 F400.000
G1 X-19.142 Y-201.538 Z-4.400 F400.000
G1 X-19.261 Y-201.251 Z-4.400 F400.000
G1 X-19.361 Y-200.923 Z-4.400 F400.000
G1 X-19.421 Y-200.617 Z-4.400 F400.000
G1 X-19.462 Y-200.120 Z-4.400 F400.000
G1 X-19.460 Y-191.554 Z-4.400 F400.000
G1 X-19.431 Y-191.191 Z-4.400 F400.000
G1 X-19.362 Y-190.834 Z-4.400 F400.000
G1 X-19.255 Y-190.486 Z-4.400 F400.000
G1 X-19.150 Y-190.230 Z-4.400 F400.000
G1 X-15.263 Y-181.894 Z-4.400 F400.000
G1 X-15.240 Y-181.838 Z-4.400 F400.000
G1 X-15.235 Y-181.821 Z-4.400 F400.000
G1 X-15.232 Y-181.803 Z-4.400 F400.000
G1 X-15.229 Y-181.743 Z-4.400 F400.000
G1 X-15.229 Y-178.852 Z-4.400 F400.000
G1 X-15.240 Y-178.743 Z-4.400 F400.000
G1 X-15.249 Y-178.714 Z-4.400 F400.000
G1 X-15.263 Y-178.688 Z-4.400 F400.000
G1 X-15.282 Y-178.664 Z-4.400 F400.000
G1 X-15.306 Y-178.645 Z-4.400 F400.000
G1 X-15.332 Y-178.631 Z-4.400 F400.000
G1 X-15.361 Y-178.622 Z-4.400 F400.000
G1 X-15.470 Y-178.611 Z-4.400 F400.000
G1 X-16.875 Y-178.611 Z-4.400 F400.000
G1 X-17.082 Y-178.597 Z-4.400 F400.000
G1 X-17.341 Y-178.563 Z-4.400 F400.000
G1 X-17.741 Y-178.456 Z-4.400 F400.000
G1 X-17.983 Y-178.356 Z-4.400 F400.000
G1 X-18.341 Y-178.149 Z-4.400 F400.000
G1 X-18.549 Y-177.990 Z-4.400 F400.000
G1 X-18.842 Y-177.697 Z-4.400 F400.000
G1 X-19.000 Y-177.490 Z-4.400 F400.000
G1 X-19.208 Y-177.131 Z-4.400 F400.000
G1 X-19.308 Y-176.890 Z-4.400 F400.000
G1 X-19.415 Y-176.490 Z-4.400 F400.000
G1 X-19.449 Y-176.231 Z-4.400 F400.000
G1 X-19.462 Y-176.024 Z-4.400 F400.000
G1 X-19.460 Y-153.275 Z-4.400 F400.000
G1 X-19.431 Y-152.912 Z-4.400 F400.000
G1 X-19.362 Y-152.555 Z-4.400 F400.000
G1 X-19.255 Y-152.207 Z-4.400 F400.000
G1 X-19.150 Y-151.951 Z-4.400 F400.000
G1 X-15.263 Y-143.615 Z-4.400 F400.000
G1 X-15.240 Y-143.559 Z-4.400 F400.000
G1 X-15.235 Y-143.542 Z-4.400 F400.000
G1 X-15.232 Y-143.524 Z-4.400 F400.000
G1 X-15.229 Y-143.464 Z-4.400 F400.000
G1 X-15.229 Y-140.573 Z-4.400 F400.000
G1 X-15.240 Y-140.464 Z-4.400 F400.000
G1 X-15.249 Y-140.435 Z-4.400 F400.000
G1 X-15.263 Y-140.409 Z-4.400 F400.000
G1 X-15.282 Y-140.385 Z-4.400 F400.000
G1 X-15.306 Y-140.366 Z-4.400 F400.000
G1 X-15.332 Y-140.351 Z-4.400 F400.000
G1 X-15.361 Y-140.343 Z-4.400 F400.000
G1 X-15.470 Y-140.332 Z-4.400 F400.000
G1 X-16.875 Y-140.332 Z-4.400 F400.000
G1 X-17.082 Y-140.318 Z-4.400 F400.000
G1 X-17.341 Y-140.284 Z-4.400 F400.000
G1 X-17.741 Y-140.177 Z-4.400 F400.000
G1 X-17.983 Y-140.077 Z-4.400 F400.000
G1 X-18.341 Y-139.870 Z-4.400 F400.000
G1 X-18.549 Y-139.711 Z-4.400 F400.000
G1 X-18.842 Y-139.418 Z-4.400 F400.000
G1 X-19.000 Y-139.211 Z-4.400 F400.000
G1 X-19.208 Y-138.852 Z-4.400 F400.000
G1 X-19.308 Y-138.611 Z-4.400 F400.000
G1 X-19.415 Y-138.211 Z-4.400 F400.000
G1 X-19.449 Y-137.952 Z-4.400 F400.000
G1 X-19.462 Y-137.745 Z-4.400 F400.000
G1 X-19.460 Y-114.996 Z-4.400 F400.000
G1 X-19.431 Y-114.633 Z-4.400 F400.000
G1 X-19.362 Y-114.276 Z-4.400 F400.000
G1 X-19.255 Y-113.928 Z-4.400 F400.000
G1 X-19.150 Y-113.672 Z-4.400 F400.000
G1 X-15.263 Y-105.336 Z-4.400 F400.000
G1 X-15.240 Y-105.279 Z-4.400 F400.000
G1 X-15.235 Y-105.263 Z-4.400 F400.000
G1 X-15.232 Y-105.245 Z-4.400 F400.000
G1 X-15.229 Y-105.185 Z-4.400 F400.000
G1 X-15.229 Y-102.294 Z-4.400 F400.000
G1 X-15.240 Y-102.185 Z-4.400 F400.000
G1 X-15.249 Y-102.156 Z-4.400 F400.000
G1 X-15.263 Y-102.130 Z-4.400 F400.000
G1 X-15.282 Y-102.106 Z-4.400 F400.000
G1 X-15.306 Y-102.087 Z-4.400 F400.000
G1 X-15.332 Y-102.072 Z-4.400 F400.000
G1 X-15.361 Y-102.064 Z-4.400 F400.000
G1 X-15.470 Y-102.053 Z-4.400 F400.000
G1 X-16.875 Y-102.053 Z-4.400 F400.000
G1 X-17.082 Y-102.039 Z-4.400 F400.000
G1 X-17.341 Y-102.005 Z-4.400 F400.000
G1 X-17.741 Y-101.898 Z-4.400 F400.000
G1 X-17.983 Y-101.798 Z-4.400 F400.000
G1 X-18.341 Y-101.591 Z-4.400 F400.000
G1 X-18.549 Y-101.432 Z-4.400 F400.000
G1 X-18.842 Y-101.139 Z-4.400 F400.000
G1 X-19.000 Y-100.932 Z-4.400 F400.000
G1 X-19.208 Y-100.573 Z-4.400 F400.000
G1 X-19.308 Y-100.332 Z-4.400 F400.000
G1 X-19.415 Y-99.932 Z-4.400 F400.000
G1 X-19.449 Y-99.673 Z-4.400 F400.000
G1 X-19.462 Y-99.466 Z-4.400 F400.000
G1 X-19.460 Y-76.717 Z-4.400 F400.000
G1 X-19.431 Y-76.354 Z-4.400 F400.000
G1 X-19.362 Y-75.997 Z-4.400 F400.000
G1 X-19.255 Y-75.649 Z-4.400 F400.000
G1 X-19.150 Y-75.393 Z-4.400 F400.000
G1 X-15.263 Y-67.057 Z-4.400 F400.000
G1 X-15.240 Y-67.000 Z-4.400 F400.000
G1 X-15.235 Y-66.984 Z-4.400 F400.000
G1 X-15.232 Y-66.966 Z-4.400 F400.000
G1 X-15.229 Y-66.906 Z-4.400 F400.000
G1 X-15.229 Y-64.014 Z-4.400 F400.000
G1 X-15.240 Y-63.906 Z-4.400 F400.000
G1 X-15.249 Y-63.877 Z-4.400 F400.000
G1 X-15.263 Y-63.850 Z-4.400 F400.000
G1 X-15.282 Y-63.827 Z-4.400 F400.000
G1 X-15.306 Y-63.808 Z-4.400 F400.000
G1 X-15.332 Y-63.793 Z-4.400 F400.000
G1 X-15.361 Y-63.785 Z-4.400 F400.000
G1 X-15.470 Y-63.774 Z-4.400 F400.000
G1 X-16.875 Y-63.774 Z-4.400 F400.000
G1 X-17.082 Y-63.760 Z-4.400 F400.000
G1 X-17.341 Y-63.726 Z-4.400 F400.000
G1 X-17.741 Y-63.619 Z-4.400 F400.000
G1 X-17.983 Y-63.519 Z-4.400 F400.000
G1 X-18.341 Y-63.312 Z-4.400 F400.000
G1 X-18.549 Y-63.153 Z-4.400 F400.000
G1 X-18.842 Y-62.860 Z-4.400 F400.000
G1 X-19.000 Y-62.653 Z-4.400 F400.000
G1 X-19.208 Y-62.294 Z-4.400 F400.000
G1 X-19.308 Y-62.053 Z-4.400 F400.000
G1 X-19.415 Y-61.653 Z-4.400 F400.000
G1 X-19.449 Y-61.394 Z-4.400 F400.000
G1 X-19.462 Y-61.187 Z-4.400 F400.000
G1 X-19.460 Y-38.438 Z-4.400 F400.000
G1 X-19.431 Y-38.075 Z-4.400 F400.000
G1 X-19.362 Y-37.718 Z-4.400 F400.000
G1 X-19.255 Y-37.370 Z-4.400 F400.000
G1 X-19.150 Y-37.114 Z-4.400 F400.000
G1 X-15.263 Y-28.778 Z-4.400 F400.000
G1 X-15.240 Y-28.721 Z-4.400 F400.000
G1 X-15.235 Y-28.705 Z-4.400 F400.000
G1 X-15.232 Y-28.687 Z-4.400 F400.000
G1 X-15.229 Y-28.627 Z-4.400 F400.000
G1 X-15.229 Y-25.735 Z-4.400 F400.000
G1 X-15.240 Y-25.627 Z-4.400 F400.000
G1 X-15.249 Y-25.598 Z-4.400 F400.000
G1 X-15.263 Y-25.571 Z-4.400 F400.000
G1 X-15.282 Y-25.548 Z-4.400 F400.000
G1 X-15.306 Y-25.529 Z-4.400 F400.000
G1 X-15.332 Y-25.514 Z-4.400 F400.000
G1 X-15.361 Y-25.506 Z-4.400 F400.000
G1 X-15.470 Y-25.495 Z-4.400 F400.000
G1 X-16.875 Y-25.495 Z-4.400 F400.000
G1 X-17.082 Y-25.481 Z-4.400 F400.000
G1 X-17.341 Y-25.447 Z-4.400 F400.000
G1 X-17.741 Y-25.340 Z-4.400 F400.000
G1 X-17.983 Y-25.240 Z-4.400 F400.000
G1 X-18.341 Y-25.033 Z-4.400 F400.000
G1 X-18.549 Y-24.874 Z-4.400 F400.000
G1 X-18.842 Y-24.581 Z-4.400 F400.000
G1 X-19.000 Y-24.374 Z-4.400 F400.000
G1 X-19.208 Y-24.015 Z-4.400 F400.000
G1 X-19.308 Y-23.774 Z-4.400 F400.000
G1 X-19.415 Y-23.374 Z-4.400 F400.000
G1 X-19.449 Y-23.115 Z-4.400 F400.000
G1 X-19.462 Y-22.907 Z-4.400 F400.000
G1 X-19.462 Y-2.500 Z-4.400 F400.000
G0 Z5.000
G0 X-19.462 Y-227.500
G0 Z3.000
G1 X-19.462 Y-227.500 Z-4.600 F250.000
G1 X-19.455 Y-208.827 Z-4.600 F400.000
G1 X-19.421 Y-208.486 Z-4.600 F400.000
G1 X-19.361 Y-208.181 Z-4.600 F400.000
G1 X-19.261 Y-207.852 Z-4.600 F400.000
G1 X-19.142 Y-207.565 Z-4.600 F400.000
G1 X-18.980 Y-207.262 Z-4.600 F400.000
G1 X-18.807 Y-207.004 Z-4.600 F400.000
G1 X-18.590 Y-206.738 Z-4.600 F400.000
G1 X-18.370 Y-206.518 Z-4.600 F400.000
G1 X-18.104 Y-206.301 Z-4.600 F400.000
G1 X-17.846 Y-206.128 Z-4.600 F400.000
G1 X-17.543 Y-205.966 Z-4.600 F400.000
G1 X-17.256 Y-205.847 Z-4.600 F400.000
G1 X-16.927 Y-205.747 Z-4.600 F400.000
G1 X-16.622 Y-205.687 Z-4.600 F400.000
G1 X-16.125 Y-205.645 Z-4.600 F400.000
G1 X-13.353 Y-205.645 Z-4.600 F400.000
G1 X-13.245 Y-205.635 Z-4.600 F400.000
G1 X-13.216 Y-205.626 Z-4.600 F400.000
G1 X-13.189 Y-205.612 Z-4.600 F400.000
G1 X-13.166 Y-205.592 Z-4.600 F400.000
G1 X-13.146 Y-205.569 Z-4.600 F400.000
G1 X-13.132 Y-205.542 Z-4.600 F400.000
G1 X-13.123 Y-205.513 Z-4.600 F400.000
G1 X-13.113 Y-205.405 Z-4.600 F400.000
G1 X-13.112 Y-203.698 Z-4.600 F400.000
G1 X-13.123 Y-203.590 Z-4.600 F400.000
G1 X-13.132 Y-203.561 Z-4.600 F400.000
G1 X-13.146 Y-203.534 Z-4.600 F400.000
G1 X-13.166 Y-203.511 Z-4.600 F400.000
G1 X-13.189 Y-203.492 Z-4.600 F400.000
G1 X-13.216 Y-203.477 Z-4.600 F400.000
G1 X-13.245 Y-203.469 Z-4.600 F400.000
G1 X-13.355 Y-203.458 Z-4.600 F400.000
G1 X-16.281 Y-203.450 Z-4.600 F400.000
G1 X-16.622 Y-203.417 Z-4.600 F400.000
G1 X-16.927 Y-203.356 Z-4.600 F400.000
G1 X-17.256 Y-203.256 Z-4.600 F400.000
G1 X-17.543 Y-203.137 Z-4.600 F400.000
G1 X-17.846 Y-202.976 Z-4.600 F400.000
G1 X-18.104 Y-202.803 Z-4.600 F400.000
G1 X-18.370 Y-202.585 Z-4.600 F400.000
G1 X-18.590 Y-202.365 Z-4.600 F400.000
G1 X-18.807 Y-202.100 Z-4.600 F400.000
G1 X-18.980 Y-201.841 Z-4.600 F400.000
G1 X-19.142 Y-201.538 Z-4.600 F400.000
G1 X-19.261 Y-201.251 Z-4.600 F400.000
G1 X-19.361 Y-200.923 Z-4.600 F400.000
G1 X-19.421 Y-200.617 Z-4.600 F400.000
G1 X-19.462 Y-200.120 Z-4.600 F400.000
G1 X-19.460 Y-191.554 Z-4.600 F400.000
G1 X-19.431 Y-191.191 Z-4.600 F400.000
G1 X-19.362 Y-190.834 Z-4.600 F400.000
G1 X-19.255 Y-190.486 Z-4.600 F400.000
G1 X-19.150 Y-190.230 Z-4.600 F400.000
G1 X-15.263 Y-181.894 Z-4.600 F400.000
G1 X-15.240 Y-181.838 Z-4.600 F400.000
G1 X-15.235 Y-181.821 Z-4.600 F400.000
G1 X-15.232 Y-181.803 Z-4.600 F400.000
G1 X-15.229 Y-181.743 Z-4.600 F400.000
G1 X-15.229 Y-178.852 Z-4.600 F400.000
G1 X-15.240 Y-178.743 Z-4.600 F400.000
G1 X-15.249 Y-178.714 Z-4.600 F400.000
G1 X-15.263 Y-178.688 Z-4.600 F400.000
G1 X-15.282 Y-178.664 Z-4.600 F400.000
G1 X-15.306 Y-178.645 Z-4.600 F400.000
G1 X-15.332 Y-178.631 Z-4.600 F400.000
G1 X-15.361 Y-178.622 Z-4.600 F400.000
G1 X-15.470 Y-178.611 Z-4.600 F400.000
G1 X-16.875 Y-178.611 Z-4.600 F400.000
G1 X-17.082 Y-178.597 Z-4.600 F400.000
G1 X-17.341 Y-178.563 Z-4.600 F400.000
G1 X-17.741 Y-178.456 Z-4.600 F400.000
G1 X-17.983 Y-178.356 Z-4.600 F400.000
G1 X-18.341 Y-178.149 Z-4.600 F400.000
G1 X-18.549 Y-177.990 Z-4.600 F400.000
G1 X-18.842 Y-177.697 Z-4.600 F400.000
G1 X-19.000 Y-177.490 Z-4.600 F400.000
G1 X-19.208 Y-177.131 Z-4.600 F400.000
G1 X-19.308 Y-176.890 Z-4.600 F400.000
G1 X-19.415 Y-176.490 Z-4.600 F400.000
G1 X-19.449 Y-176.231 Z-4.600 F400.000
G1 X-19.462 Y-176.024 Z-4.600 F400.000
G1 X-19.460 Y-153.275 Z-4.600 F400.000
G1 X-19.431 Y-152.912 Z-4.600 F400.000
G1 X-19.362 Y-152.555 Z-4.600 F400.000
G1 X-19.255 Y-152.207 Z-4.600 F400.000
G1 X-19.150 Y-151.951 Z-4.600 F400.000
G1 X-15.263 Y-143.615 Z-4.600 F400.000
G1 X-15.240 Y-143.559 Z-4.600 F400.000
G1 X-15.235 Y-143.542 Z-4.600 F400.000
G1 X-15.232 Y-143.524 Z-4.600 F400.000
G1 X-15.229 Y-143.464 Z-4.600 F400.000
G1 X-15.229 Y-140.573 Z-4.600 F400.000
G1 X-15.240 Y-140.464 Z-4.600 F400.000
G1 X-15.249 Y-140.435 Z-4.600 F400.000
G1 X-15.263 Y-140.409 Z-4.600 F400.000
G1 X-15.282 Y-140.385 Z-4.600 F400.000
G1 X-15.306 Y-140.366 Z-4.600 F400.000
G1 X-15.332 Y-140.351 Z-4.600 F400.000
G1 X-15.361 Y-140.343 Z-4.600 F400.000
G1 X-15.470 Y-140.332 Z-4.600 F400.000
G1 X-16.875 Y-140.332 Z-4.600 F400.000
G1 X-17.082 Y-140.318 Z-4.600 F400.000
G1 X-17.341 Y-140.284 Z-4.600 F400.000
G1 X-17.741 Y-140.177 Z-4.600 F400.000
G1 X-17.983 Y-140.077 Z-4.600 F400.000
G1 X-18.341 Y-139.870 Z-4.600 F400.000
G1 X-18.549 Y-139.711 Z-4.600 F400.000
G1 X-18.842 Y-139.418 Z-4.600 F400.000
G1 X-19.000 Y-139.211 Z-4.600 F400.000
G1 X-19.208 Y-138.852 Z-4.600 F400.000
G1 X-19.308 Y-138.611 Z-4.600 F400.000
G1 X-19.415 Y-138.211 Z-4.600 F400.000
G1 X-19.449 Y-137.952 Z-4.600 F400.000
G1 X-19.462 Y-137.745 Z-4.600 F400.000
G1 X-19.460 Y-114.996 Z-4.600 F400.000
G1 X-19.431 Y-114.633 Z-4.600 F400.000
G1 X-19.362 Y-114.276 Z-4.600 F400.000
G1 X-19.255 Y-113.928 Z-4.600 F400.000
G1 X-19.150 Y-113.672 Z-4.600 F400.000
G1 X-15.263 Y-105.336 Z-4.600 F400.000
G1 X-15.240 Y-105.279 Z-4.600 F400.000
G1 X-15.235 Y-105.263 Z-4.600 F400.000
G1 X-15.232 Y-105.245 Z-4.600 F400.000
G1 X-15.229 Y-105.185 Z-4.600 F400.000
G1 X-15.229 Y-102.294 Z-4.600 F400.000
G1 X-15.240 Y-102.185 Z-4.600 F400.000
G1 X-15.249 Y-102.156 Z-4.600 F400.000
G1 X-15.263 Y-102.130 Z-4.600 F400.000
G1 X-15.282 Y-102.106 Z-4.600 F400.000
G1 X-15.306 Y-102.087 Z-4.600 F400.000
G1 X-15.332 Y-102.072 Z-4.600 F400.000
G1 X-15.361 Y-102.064 Z-4.600 F400.000
G1 X-15.470 Y-102.053 Z-4.600 F400.000
G1 X-16.875 Y-102.053 Z-4.600 F400.000
G1 X-17.082 Y-102.039 Z-4.600 F400.000
G1 X-17.341 Y-102.005 Z-4.600 F400.000
G1 X-17.741 Y-101.898 Z-4.600 F400.000
G1 X-17.983 Y-101.798 Z-4.600 F400.000
G1 X-18.341 Y-101.591 Z-4.600 F400.000
G1 X-18.549 Y-101.432 Z-4.600 F400.000
G1 X-18.842 Y-101.139 Z-4.600 F400.000
G1 X-19.000 Y-100.932 Z-4.600 F400.000
G1 X-19.208 Y-100.573 Z-4.600 F400.000
G1 X-19.308 Y-100.332 Z-4.600 F400.000
G1 X-19.415 Y-99.932 Z-4.600 F400.000
G1 X-19.449 Y-99.673 Z-4.600 F400.000
G1 X-19.462 Y-99.466 Z-4.600 F400.000
G1 X-19.460 Y-76.717 Z-4.600 F400.000
G1 X-19.431 Y-76.354 Z-4.600 F400.000
G1 X-19.362 Y-75.997 Z-4.600 F400.000
G1 X-19.255 Y-75.649 Z-4.600 F400.000
G1 X-19.150 Y-75.393 Z-4.600 F400.000
G1 X-15.263 Y-67.057 Z-4.600 F400.000
G1 X-15.240 Y-67.000 Z-4.600 F400.000
G1 X-15.235 Y-66.984 Z-4.600 F400.000
G1 X-15.232 Y-66.966 Z-4.600 F400.000
G1 X-15.229 Y-66.906 Z-4.600 F400.000
G1 X-15.229 Y-64.014 Z-4.600 F400.000
G1 X-15.240 Y-63.906 Z-4.600 F400.000
G1 X-15.249 Y-63.877 Z-4.600 F400.000
G1 X-15.263 Y-63.850 Z-4.600 F400.000
G1 X-15.282 Y-63.827 Z-4.600 F400.000
G1 X-15.306 Y-63.808 Z-4.600 F400.000
G1 X-15.332 Y-63.793 Z-4.600 F400.000
G1 X-15.361 Y-63.785 Z-4.600 F400.000
G1 X-15.470 Y-63.774 Z-4.600 F400.000
G1 X-16.875 Y-63.774 Z-4.600 F400.000
G1 X-17.082 Y-63.760 Z-4.600 F400.000
G1 X-17.341 Y-63.726 Z-4.600 F400.000
G1 X-17.741 Y-63.619 Z-4.600 F400.000
G1 X-17.983 Y-63.519 Z-4.600 F400.000
G1 X-18.341 Y-63.312 Z-4.600 F400.000
G1 X-18.549 Y-63.153 Z-4.600 F400.000
G1 X-18.842 Y-62.860 Z-4.600 F400.000
G1 X-19.000 Y-62.653 Z-4.600 F400.000
G1 X-19.208 Y-62.294 Z-4.600 F400.000
G1 X-19.308 Y-62.053 Z-4.600 F400.000
G1 X-19.415 Y-61.653 Z-4.600 F400.000
G1 X-19.449 Y-61.394 Z-4.600 F400.000
G1 X-19.462 Y-61.187 Z-4.600 F400.000
G1 X-19.460 Y-38.438 Z-4.600 F400.000
G1 X-19.431 Y-38.075 Z-4.600 F400.000
G1 X-19.362 Y-37.718 Z-4.600 F400.000
G1 X-19.255 Y-37.370 Z-4.600 F400.000
G1 X-19.150 Y-37.114 Z-4.600 F400.000
G1 X-15.263 Y-28.778 Z-4.600 F400.000
G1 X-15.240 Y-28.721 Z-4.600 F400.000
G1 X-15.235 Y-28.705 Z-4.600 F400.000
G1 X-15.232 Y-28.687 Z-4.600 F400.000
G1 X-15.229 Y-28.627 Z-4.600 F400.000
G1 X-15.229 Y-25.735 Z-4.600 F400.000
G1 X-15.240 Y-25.627 Z-4.600 F400.000
G1 X-15.249 Y-25.598 Z-4.600 F400.000
G1 X-15.263 Y-25.571 Z-4.600 F400.000
G1 X-15.282 Y-25.548 Z-4.600 F400.000
G1 X-15.306 Y-25.529 Z-4.600 F400.000
G1 X-15.332 Y-25.514 Z-4.600 F400.000
G1 X-15.361 Y-25.506 Z-4.600 F400.000
G1 X-15.470 Y-25.495 Z-4.600 F400.000
G1 X-16.875 Y-25.495 Z-4.600 F400.000
G1 X-17.082 Y-25.481 Z-4.600 F400.000
G1 X-17.341 Y-25.447 Z-4.600 F400.000
G1 X-17.741 Y-25.340 Z-4.600 F400.000
G1 X-17.983 Y-25.240 Z-4.600 F400.000
G1 X-18.341 Y-25.033 Z-4.600 F400.000
G1 X-18.549 Y-24.874 Z-4.600 F400.000
G1 X-18.842 Y-24.581 Z-4.600 F400.000
G1 X-19.000 Y-24.374 Z-4.600 F400.000
G1 X-19.208 Y-24.015 Z-4.600 F400.000
G1 X-19.308 Y-23.774 Z-4.600 F400.000
G1 X-19.415 Y-23.374 Z-4.600 F400.000
G1 X-19.449 Y-23.115 Z-4.600 F400.000
G1 X-19.462 Y-22.907 Z-4.600 F400.000
G1 X-19.462 Y-2.500 Z-4.600 F400.000
G0 Z5.000
G0 X-19.462 Y-227.500
G0 Z3.000
G1 X-19.462 Y-227.500 Z-4.760 F250.000
G1 X-19.455 Y-208.827 Z-4.760 F400.000
G1 X-19.421 Y-208.486 Z-4.760 F400.000
G1 X-19.361 Y-208.181 Z-4.760 F400.000
G1 X-19.261 Y-207.852 Z-4.760 F400.000
G1 X-19.142 Y-207.565 Z-4.760 F400.000
G1 X-18.980 Y-207.262 Z-4.760 F400.000
G1 X-18.807 Y-207.004 Z-4.760 F400.000
G1 X-18.590 Y-206.738 Z-4.760 F400.000
G1 X-18.370 Y-206.518 Z-4.760 F400.000
G1 X-18.104 Y-206.301 Z-4.760 F400.000
G1 X-17.846 Y-206.128 Z-4.760 F400.000
G1 X-17.543 Y-205.966 Z-4.760 F400.000
G1 X-17.256 Y-205.847 Z-4.760 F400.000
G1 X-16.927 Y-205.747 Z-4.760 F400.000
G1 X-16.622 Y-205.687 Z-4.760 F400.000
G1 X-16.125 Y-205.645 Z-4.760 F400.000
G1 X-13.353 Y-205.645 Z-4.760 F400.000
G1 X-13.245 Y-205.635 Z-4.760 F400.000
G1 X-13.216 Y-205.626 Z-4.760 F400.000
G1 X-13.189 Y-205.612 Z-4.760 F400.000
G1 X-13.166 Y-205.592 Z-4.760 F400.000
G1 X-13.146 Y-205.569 Z-4.760 F400.000
G1 X-13.132 Y-205.542 Z-4.760 F400.000
G1 X-13.123 Y-205.513 Z-4.760 F400.000
G1 X-13.113 Y-205.405 Z-4.760 F400.000
G1 X-13.112 Y-203.698 Z-4.760 F400.000
G1 X-13.123 Y-203.590 Z-4.760 F400.000
G1 X-13.132 Y-203.561 Z-4.760 F400.000
G1 X-13.146 Y-203.534 Z-4.760 F400.000
G1 X-13.166 Y-203.511 Z-4.760 F400.000
G1 X-13.189 Y-203.492 Z-4.760 F400.000
G1 X-13.216 Y-203.477 Z-4.760 F400.000
G1 X-13.245 Y-203.469 Z-4.760 F400.000
G1 X-13.355 Y-203.458 Z-4.760 F400.000
G1 X-16.281 Y-203.450 Z-4.760 F400.000
G1 X-16.622 Y-203.417 Z-4.760 F400.000
G1 X-16.927 Y-203.356 Z-4.760 F400.000
G1 X-17.256 Y-203.256 Z-4.760 F400.000
G1 X-17.543 Y-203.137 Z-4.760 F400.000
G1 X-17.846 Y-202.976 Z-4.760 F400.000
G1 X-18.104 Y-202.803 Z-4.760 F400.000
G1 X-18.370 Y-202.585 Z-4.760 F400.000
G1 X-18.590 Y-202.365 Z-4.760 F400.000
G1 X-18.807 Y-202.100 Z-4.760 F400.000
G1 X-18.980 Y-201.841 Z-4.760 F400.000
G1 X-19.142 Y-201.538 Z-4.760 F400.000
G1 X-19.261 Y-201.251 Z-4.760 F400.000
G1 X-19.361 Y-200.923 Z-4.760 F400.000
G1 X-19.421 Y-200.617 Z-4.760 F400.000
G1 X-19.462 Y-200.120 Z-4.760 F400.000
G1 X-19.460 Y-191.554 Z-4.760 F400.000
G1 X-19.431 Y-191.191 Z-4.760 F400.000
G1 X-19.362 Y-190.834 Z-4.760 F400.000
G1 X-19.255 Y-190.486 Z-4.760 F400.000
G1 X-19.150 Y-190.230 Z-4.760 F400.000
G1 X-15.263 Y-181.894 Z-4.760 F400.000
G1 X-15.240 Y-181.838 Z-4.760 F400.000
G1 X-15.235 Y-181.821 Z-4.760 F400.000
G1 X-15.232 Y-181.803 Z-4.760 F400.000
G1 X-15.229 Y-181.743 Z-4.760 F400.000
G1 X-15.229 Y-178.852 Z-4.760 F400.000
G1 X-15.240 Y-178.743 Z-4.760 F400.000
G1 X-15.249 Y-178.714 Z-4.760 F400.000
G1 X-15.263 Y-178.688 Z-4.760 F400.000
G1 X-15.282 Y-178.664 Z-4.760 F400.000
G1 X-15.306 Y-178.645 Z-4.760 F400.000
G1 X-15.332 Y-178.631 Z-4.760 F400.000
G1 X-15.361 Y-178.622 Z-4.760 F400.000
G1 X-15.470 Y-178.611 Z-4.760 F400.000
G1 X-16.875 Y-178.611 Z-4.760 F400.000
G1 X-17.082 Y-178.597 Z-4.760 F400.000
G1 X-17.341 Y-178.563 Z-4.760 F400.000
G1 X-17.741 Y-178.456 Z-4.760 F400.000
G1 X-17.983 Y-178.356 Z-4.760 F400.000
G1 X-18.341 Y-178.149 Z-4.760 F400.000
G1 X-18.549 Y-177.990 Z-4.760 F400.000
G1 X-18.842 Y-177.697 Z-4.760 F400.000
G1 X-19.000 Y-177.490 Z-4.760 F400.000
G1 X-19.208 Y-177.131 Z-4.760 F400.000
G1 X-19.308 Y-176.890 Z-4.760 F400.000
G1 X-19.415 Y-176.490 Z-4.760 F400.000
G1 X-19.449 Y-176.231 Z-4.760 F400.000
G1 X-19.462 Y-176.024 Z-4.760 F400.000
G1 X-19.460 Y-153.275 Z-4.760 F400.000
G1 X-19.431 Y-152.912 Z-4.760 F400.000
G1 X-19.362 Y-152.555 Z-4.760 F400.000
G1 X-19.255 Y-152.207 Z-4.760 F400.000
G1 X-19.150 Y-151.951 Z-4.760 F400.000
G1 X-15.263 Y-143.615 Z-4.760 F400.000
G1 X-15.240 Y-143.559 Z-4.760 F400.000
G1 X-15.235 Y-143.542 Z-4.760 F400.000
G1 X-15.232 Y-143.524 Z-4.760 F400.000
G1 X-15.229 Y-143.464 Z-4.760 F400.000
G1 X-15.229 Y-140.573 Z-4.760 F400.000
G1 X-15.240 Y-140.464 Z-4.760 F400.000
G1 X-15.249 Y-140.435 Z-4.760 F400.000
G1 X-15.263 Y-140.409 Z-4.760 F400.000
G1 X-15.282 Y-140.385 Z-4.760 F400.000
G1 X-15.306 Y-140.366 Z-4.760 F400.000
G1 X-15.332 Y-140.351 Z-4.760 F400.000
G1 X-15.361 Y-140.343 Z-4.760 F400.000
G1 X-15.470 Y-140.332 Z-4.760 F400.000
G1 X-16.875 Y-140.332 Z-4.760 F400.000
G1 X-17.082 Y-140.318 Z-4.760 F400.000
G1 X-17.341 Y-140.284 Z-4.760 F400.000
G1 X-17.741 Y-140.177 Z-4.760 F400.000
G1 X-17.983 Y-140.077 Z-4.760 F400.000
G1 X-18.341 Y-139.870 Z-4.760 F400.000
G1 X-18.549 Y-139.711 Z-4.760 F400.000
G1 X-18.842 Y-139.418 Z-4.760 F400.000
G1 X-19.000 Y-139.211 Z-4.760 F400.000
G1 X-19.208 Y-138.852 Z-4.760 F400.000
G1 X-19.308 Y-138.611 Z-4.760 F400.000
G1 X-19.415 Y-138.211 Z-4.760 F400.000
G1 X-19.449 Y-137.952 Z-4.760 F400.000
G1 X-19.462 Y-137.745 Z-4.760 F400.000
G1 X-19.460 Y-114.996 Z-4.760 F400.000
G1 X-19.431 Y-114.633 Z-4.760 F400.000
G1 X-19.362 Y-114.276 Z-4.760 F400.000
G1 X-19.255 Y-113.928 Z-4.760 F400.000
G1 X-19.150 Y-113.672 Z-4.760 F400.000
G1 X-15.263 Y-105.336 Z-4.760 F400.000
G1 X-15.240 Y-105.279 Z-4.760 F400.000
G1 X-15.235 Y-105.263 Z-4.760 F400.000
G1 X-15.232 Y-105.245 Z-4.760 F400.000
G1 X-15.229 Y-105.185 Z-4.760 F400.000
G1 X-15.229 Y-102.294 Z-4.760 F400.000
G1 X-15.240 Y-102.185 Z-4.760 F400.000
G1 X-15.249 Y-102.156 Z-4.760 F400.000
G1 X-15.263 Y-102.130 Z-4.760 F400.000
G1 X-15.282 Y-102.106 Z-4.760 F400.000
G1 X-15.306 Y-102.087 Z-4.760 F400.000
G1 X-15.332 Y-102.072 Z-4.760 F400.000
G1 X-15.361 Y-102.064 Z-4.760 F400.000
G1 X-15.470 Y-102.053 Z-4.760 F400.000
G1 X-16.875 Y-102.053 Z-4.760 F400.000
G1 X-17.082 Y-102.039 Z-4.760 F400.000
G1 X-17.341 Y-102.005 Z-4.760 F400.000
G1 X-17.741 Y-101.898 Z-4.760 F400.000
G1 X-17.983 Y-101.798 Z-4.760 F400.000
G1 X-18.341 Y-101.591 Z-4.760 F400.000
G1 X-18.549 Y-101.432 Z-4.760 F400.000
G1 X-18.842 Y-101.139 Z-4.760 F400.000
G1 X-19.000 Y-100.932 Z-4.760 F400.000
G1 X-19.208 Y-100.573 Z-4.760 F400.000
G1 X-19.308 Y-100.332 Z-4.760 F400.000
G1 X-19.415 Y-99.932 Z-4.760 F400.000
G1 X-19.449 Y-99.673 Z-4.760 F400.000
G1 X-19.462 Y-99.466 Z-4.760 F400.000
G1 X-19.460 Y-76.717 Z-4.760 F400.000
G1 X-19.431 Y-76.354 Z-4.760 F400.000
G1 X-19.362 Y-75.997 Z-4.760 F400.000
G1 X-19.255 Y-75.649 Z-4.760 F400.000
G1 X-19.150 Y-75.393 Z-4.760 F400.000
G1 X-15.263 Y-67.057 Z-4.760 F400.000
G1 X-15.240 Y-67.000 Z-4.760 F400.000
G1 X-15.235 Y-66.984 Z-4.760 F400.000
G1 X-15.232 Y-66.966 Z-4.760 F400.000
G1 X-15.229 Y-66.906 Z-4.760 F400.000
G1 X-15.229 Y-64.014 Z-4.760 F400.000
G1 X-15.240 Y-63.906 Z-4.760 F400.000
G1 X-15.249 Y-63.877 Z-4.760 F400.000
G1 X-15.263 Y-63.850 Z-4.760 F400.000
G1 X-15.282 Y-63.827 Z-4.760 F400.000
G1 X-15.306 Y-63.808 Z-4.760 F400.000
G1 X-15.332 Y-63.793 Z-4.760 F400.000
G1 X-15.361 Y-63.785 Z-4.760 F400.000
G1 X-15.470 Y-63.774 Z-4.760 F400.000
G1 X-16.875 Y-63.774 Z-4.760 F400.000
G1 X-17.082 Y-63.760 Z-4.760 F400.000
G1 X-17.341 Y-63.726 Z-4.760 F400.000
G1 X-17.741 Y-63.619 Z-4.760 F400.000
G1 X-17.983 Y-63.519 Z-4.760 F400.000
G1 X-18.341 Y-63.312 Z-4.760 F400.000
G1 X-18.549 Y-63.153 Z-4.760 F400.000
G1 X-18.842 Y-62.860 Z-4.760 F400.000
G1 X-19.000 Y-62.653 Z-4.760 F400.000
G1 X-19.208 Y-62.294 Z-4.760 F400.000
G1 X-19.308 Y-62.053 Z-4.760 F400.000
G1 X-19.415 Y-61.653 Z-4.760 F400.000
G1 X-19.449 Y-61.394 Z-4.760 F400.000
G1 X-19.462 Y-61.187 Z-4.760 F400.000
G1 X-19.460 Y-38.438 Z-4.760 F400.000
G1 X-19.431 Y-38.075 Z-4.760 F400.000
G1 X-19.362 Y-37.718 Z-4.760 F400.000
G1 X-19.255 Y-37.370 Z-4.760 F400.000
G1 X-19.150 Y-37.114 Z-4.760 F400.000
G1 X-15.263 Y-28.778 Z-4.760 F400.000
G1 X-15.240 Y-28.721 Z-4.760 F400.000
G1 X-15.235 Y-28.705 Z-4.760 F400.000
G1 X-15.232 Y-28.687 Z-4.760 F400.000
G1 X-15.229 Y-28.627 Z-4.760 F400.000
G1 X-15.229 Y-25.735 Z-4.760 F400.000
G1 X-15.240 Y-25.627 Z-4.760 F400.000
G1 X-15.249 Y-25.598 Z-4.760 F400.000
G1 X-15.263 Y-25.571 Z-4.760 F400.000
G1 X-15.282 Y-25.548 Z-4.760 F400.000
G1 X-15.306 Y-25.529 Z-4.760 F400.000
G1 X-15.332 Y-25.514 Z-4.760 F400.000
G1 X-15.361 Y-25.506 Z-4.760 F400.000
G1 X-15.470 Y-25.495 Z-4.760 F400.000
G1 X-16.875 Y-25.495 Z-4.760 F400.000
G1 X-17.082 Y-25.481 Z-4.760 F400.000
G1 X-17.341 Y-25.447 Z-4.760 F400.000
G1 X-17.741 Y-25.340 Z-4.760 F400.000
G1 X-17.983 Y-25.240 Z-4.760 F400.000
G1 X-18.341 Y-25.033 Z-4.760 F400.000
G1 X-18.549 Y-24.874 Z-4.760 F400.000
G1 X-18.842 Y-24.581 Z-4.760 F400.000
G1 X-19.000 Y-24.374 Z-4.760 F400.000
G1 X-19.208 Y-24.015 Z-4.760 F400.000
G1 X-19.308 Y-23.774 Z-4.760 F400.000
G1 X-19.415 Y-23.374 Z-4.760 F400.000
G1 X-19.449 Y-23.115 Z-4.760 F400.000
G1 X-19.462 Y-22.907 Z-4.760 F400.000
G1 X-19.462 Y-2.500 Z-4.760 F400.000
G0 Z5.000
G0 Z5.000
(Finish operation: RackGeometry)
(Begin operation: RampEntryDressup)
(Path: RampEntryDressup)
G0 X0.000 Y0.000 Z5.000
G0 X-3.587 Y-227.500 Z5.000
G0 X-3.587 Y-227.500 Z3.000
G1 X-3.587 Y-204.619 Z1.400 F400.000
G1 X-3.587 Y-227.500 Z-0.200 F400.000
G1 X-3.587 Y-2.500 Z-0.200 F400.000
G0 X-3.587 Y-2.500 Z5.000
G0 X-3.587 Y-227.500 Z5.000
G0 X-3.587 Y-227.500 Z3.000
G1 X-3.587 Y-203.189 Z1.300 F400.000
G1 X-3.587 Y-227.500 Z-0.400 F400.000
G1 X-3.587 Y-2.500 Z-0.400 F400.000
G0 X-3.587 Y-2.500 Z5.000
G0 X-3.587 Y-227.500 Z5.000
G0 X-3.587 Y-227.500 Z3.000
G1 X-3.587 Y-201.759 Z1.200 F400.000
G1 X-3.587 Y-227.500 Z-0.600 F400.000
G1 X-3.587 Y-2.500 Z-0.600 F400.000
G0 X-3.587 Y-2.500 Z5.000
G0 X-3.587 Y-227.500 Z5.000
G0 X-3.587 Y-227.500 Z3.000
G1 X-3.587 Y-200.329 Z1.100 F400.000
G1 X-3.587 Y-227.500 Z-0.800 F400.000
G1 X-3.587 Y-2.500 Z-0.800 F400.000
G0 X-3.587 Y-2.500 Z5.000
G0 X-3.587 Y-227.500 Z5.000
G0 X-3.587 Y-227.500 Z3.000
G1 X-3.587 Y-198.899 Z1.000 F400.000
G1 X-3.587 Y-227.500 Z-1.000 F400.000
G1 X-3.587 Y-2.500 Z-1.000 F400.000
G0 X-3.587 Y-2.500 Z5.000
G0 X-3.587 Y-227.500 Z5.000
G0 X-3.587 Y-227.500 Z3.000
G1 X-3.587 Y-197.469 Z0.900 F400.000
G1 X-3.587 Y-227.500 Z-1.200 F400.000
G1 X-3.587 Y-2.500 Z-1.200 F400.000
G0 X-3.587 Y-2.500 Z5.000
G0 X-3.587 Y-227.500 Z5.000
G0 X-3.587 Y-227.500 Z3.000
G1 X-3.587 Y-196.039 Z0.800 F400.000
G1 X-3.587 Y-227.500 Z-1.400 F400.000
G1 X-3.587 Y-2.500 Z-1.400 F400.000
G0 X-3.587 Y-2.500 Z5.000
G0 X-3.587 Y-227.500 Z5.000
G0 X-3.587 Y-227.500 Z3.000
G1 X-3.587 Y-194.608 Z0.700 F400.000
G1 X-3.587 Y-227.500 Z-1.600 F400.000
G1 X-3.587 Y-2.500 Z-1.600 F400.000
G0 X-3.587 Y-2.500 Z5.000
G0 X-3.587 Y-227.500 Z5.000
G0 X-3.587 Y-227.500 Z3.000
G1 X-3.587 Y-193.178 Z0.600 F400.000
G1 X-3.587 Y-227.500 Z-1.800 F400.000
G1 X-3.587 Y-2.500 Z-1.800 F400.000
G0 X-3.587 Y-2.500 Z5.000
G0 X-3.587 Y-227.500 Z5.000
G0 X-3.587 Y-227.500 Z3.000
G1 X-3.587 Y-191.748 Z0.500 F400.000
G1 X-3.587 Y-227.500 Z-2.000 F400.000
G1 X-3.587 Y-2.500 Z-2.000 F400.000
G0 X-3.587 Y-2.500 Z5.000
G0 X-3.587 Y-227.500 Z5.000
G0 X-3.587 Y-227.500 Z3.000
G1 X-3.587 Y-190.318 Z0.400 F400.000
G1 X-3.587 Y-227.500 Z-2.200 F400.000
G1 X-3.587 Y-2.500 Z-2.200 F400.000
G0 X-3.587 Y-2.500 Z5.000
G0 X-3.587 Y-227.500 Z5.000
G0 X-3.587 Y-227.500 Z3.000
G1 X-3.587 Y-188.888 Z0.300 F400.000
G1 X-3.587 Y-227.500 Z-2.400 F400.000
G1 X-3.587 Y-2.500 Z-2.400 F400.000
G0 X-3.587 Y-2.500 Z5.000
G0 X-3.587 Y-227.500 Z5.000
G0 X-3.587 Y-227.500 Z3.000
G1 X-3.587 Y-187.458 Z0.200 F400.000
G1 X-3.587 Y-227.500 Z-2.600 F400.000
G1 X-3.587 Y-2.500 Z-2.600 F400.000
G0 X-3.587 Y-2.500 Z5.000
G0 X-3.587 Y-227.500 Z5.000
G0 X-3.587 Y-227.500 Z3.000
G1 X-3.587 Y-186.028 Z0.100 F400.000
G1 X-3.587 Y-227.500 Z-2.800 F400.000
G1 X-3.587 Y-2.500 Z-2.800 F400.000
G0 X-3.587 Y-2.500 Z5.000
G0 X-3.587 Y-227.500 Z5.000
G0 X-3.587 Y-227.500 Z3.000
G1 X-3.587 Y-184.598 Z-0.000 F400.000
G1 X-3.587 Y-227.500 Z-3.000 F400.000
G1 X-3.587 Y-2.500 Z-3.000 F400.000
G0 X-3.587 Y-2.500 Z5.000
G0 X-3.587 Y-227.500 Z5.000
G0 X-3.587 Y-227.500 Z3.000
G1 X-3.587 Y-183.168 Z-0.100 F400.000
G1 X-3.587 Y-227.500 Z-3.200 F400.000
G1 X-3.587 Y-2.500 Z-3.200 F400.000
G0 X-3.587 Y-2.500 Z5.000
G0 X-3.587 Y-227.500 Z5.000
G0 X-3.587 Y-227.500 Z3.000
G1 X-3.587 Y-181.738 Z-0.200 F400.000
G1 X-3.587 Y-227.500 Z-3.400 F400.000
G1 X-3.587 Y-2.500 Z-3.400 F400.000
G0 X-3.587 Y-2.500 Z5.000
G0 X-3.587 Y-227.500 Z5.000
G0 X-3.587 Y-227.500 Z3.000
G1 X-3.587 Y-180.308 Z-0.300 F400.000
G1 X-3.587 Y-227.500 Z-3.600 F400.000
G1 X-3.587 Y-2.500 Z-3.600 F400.000
G0 X-3.587 Y-2.500 Z5.000
G0 X-3.587 Y-227.500 Z5.000
G0 X-3.587 Y-227.500 Z3.000
G1 X-3.587 Y-178.878 Z-0.400 F400.000
G1 X-3.587 Y-227.500 Z-3.800 F400.000
G1 X-3.587 Y-2.500 Z-3.800 F400.000
G0 X-3.587 Y-2.500 Z5.000
G0 X-3.587 Y-227.500 Z5.000
G0 X-3.587 Y-227.500 Z3.000
G1 X-3.587 Y-177.448 Z-0.500 F400.000
G1 X-3.587 Y-227.500 Z-4.000 F400.000
G1 X-3.587 Y-2.500 Z-4.000 F400.000
G0 X-3.587 Y-2.500 Z5.000
G0 X-3.587 Y-227.500 Z5.000
G0 X-3.587 Y-227.500 Z3.000
G1 X-3.587 Y-176.018 Z-0.600 F400.000
G1 X-3.587 Y-227.500 Z-4.200 F400.000
G1 X-3.587 Y-2.500 Z-4.200 F400.000
G0 X-3.587 Y-2.500 Z5.000
G0 X-3.587 Y-227.500 Z5.000
G0 X-3.587 Y-227.500 Z3.000
G1 X-3.587 Y-174.588 Z-0.700 F400.000
G1 X-3.587 Y-227.500 Z-4.400 F400.000
G1 X-3.587 Y-2.500 Z-4.400 F400.000
G0 X-3.587 Y-2.500 Z5.000
G0 X-3.587 Y-227.500 Z5.000
G0 X-3.587 Y-227.500 Z3.000
G1 X-3.587 Y-173.157 Z-0.800 F400.000
G1 X-3.587 Y-227.500 Z-4.600 F400.000
G1 X-3.587 Y-2.500 Z-4.600 F400.000
G0 X-3.587 Y-2.500 Z5.000
G0 X-3.587 Y-227.500 Z5.000
G0 X-3.587 Y-227.500 Z3.000
G1 X-3.587 Y-172.013 Z-0.880 F400.000
G1 X-3.587 Y-227.500 Z-4.760 F400.000
G1 X-3.587 Y-2.500 Z-4.760 F400.000
G0 X-3.587 Y-2.500 Z5.000
(Finish operation: RampEntryDressup)
(Begin operation: RampEntryDressup001)
(Path: RampEntryDressup001)
G0 X0.000 Y0.000 Z5.000
G0 X-17.875 Y-0.912 Z5.000
G0 X-17.875 Y-0.912 Z3.000
G1 X-5.175 Y-0.912 Z2.112 F400.000
G1 X-17.875 Y-0.912 Z1.224 F400.000
G1 X-5.175 Y-0.912 Z0.336 F400.000
G1 X-12.837 Y-0.912 Z-0.200 F400.000
G1 X-17.875 Y-0.912 Z-0.200 F400.000
G1 X-5.175 Y-0.912 Z-0.200 F400.000
G0 X-5.175 Y-0.912 Z5.000
G0 X-17.875 Y-0.912 Z5.000
G0 X-17.875 Y-0.912 Z3.000
G1 X-5.175 Y-0.912 Z2.112 F400.000
G1 X-17.875 Y-0.912 Z1.224 F400.000
G1 X-5.175 Y-0.912 Z0.336 F400.000
G1 X-15.697 Y-0.912 Z-0.400 F400.000
G1 X-17.875 Y-0.912 Z-0.400 F400.000
G1 X-5.175 Y-0.912 Z-0.400 F400.000
G0 X-5.175 Y-0.912 Z5.000
G0 X-17.875 Y-0.912 Z5.000
G0 X-17.875 Y-0.912 Z3.000
G1 X-5.175 Y-0.912 Z2.112 F400.000
G1 X-17.875 Y-0.912 Z1.224 F400.000
G1 X-5.175 Y-0.912 Z0.336 F400.000
G1 X-17.875 Y-0.912 Z-0.552 F400.000
G1 X-17.193 Y-0.912 Z-0.600 F400.000
G1 X-17.875 Y-0.912 Z-0.600 F400.000
G1 X-5.175 Y-0.912 Z-0.600 F400.000
G0 X-5.175 Y-0.912 Z5.000
G0 X-17.875 Y-0.912 Z5.000
G0 X-17.875 Y-0.912 Z3.000
G1 X-5.175 Y-0.912 Z2.112 F400.000
G1 X-17.875 Y-0.912 Z1.224 F400.000
G1 X-5.175 Y-0.912 Z0.336 F400.000
G1 X-17.875 Y-0.912 Z-0.552 F400.000
G1 X-14.332 Y-0.912 Z-0.800 F400.000
G1 X-17.875 Y-0.912 Z-0.800 F400.000
G1 X-5.175 Y-0.912 Z-0.800 F400.000
G0 X-5.175 Y-0.912 Z5.000
G0 X-17.875 Y-0.912 Z5.000
G0 X-17.875 Y-0.912 Z3.000
G1 X-5.175 Y-0.912 Z2.112 F400.000
G1 X-17.875 Y-0.912 Z1.224 F400.000
G1 X-5.175 Y-0.912 Z0.336 F400.000
G1 X-17.875 Y-0.912 Z-0.552 F400.000
G1 X-11.472 Y-0.912 Z-1.000 F400.000
G1 X-17.875 Y-0.912 Z-1.000 F400.000
G1 X-5.175 Y-0.912 Z-1.000 F400.000
G0 X-5.175 Y-0.912 Z5.000
G0 X-17.875 Y-0.912 Z5.000
G0 X-17.875 Y-0.912 Z3.000
G1 X-5.175 Y-0.912 Z2.112 F400.000
G1 X-17.875 Y-0.912 Z1.224 F400.000
G1 X-5.175 Y-0.912 Z0.336 F400.000
G1 X-17.875 Y-0.912 Z-0.552 F400.000
G1 X-8.612 Y-0.912 Z-1.200 F400.000
G1 X-17.875 Y-0.912 Z-1.200 F400.000
G1 X-5.175 Y-0.912 Z-1.200 F400.000
G0 X-5.175 Y-0.912 Z5.000
G0 X-17.875 Y-0.912 Z5.000
G0 X-17.875 Y-0.912 Z3.000
G1 X-5.175 Y-0.912 Z2.112 F400.000
G1 X-17.875 Y-0.912 Z1.224 F400.000
G1 X-5.175 Y-0.912 Z0.336 F400.000
G1 X-17.875 Y-0.912 Z-0.552 F400.000
G1 X-5.752 Y-0.912 Z-1.400 F400.000
G1 X-17.875 Y-0.912 Z-1.400 F400.000
G1 X-5.175 Y-0.912 Z-1.400 F400.000
G0 X-5.175 Y-0.912 Z5.000
G0 X-17.875 Y-0.912 Z5.000
G0 X-17.875 Y-0.912 Z3.000
G1 X-5.175 Y-0.912 Z2.112 F400.000
G1 X-17.875 Y-0.912 Z1.224 F400.000
G1 X-5.175 Y-0.912 Z0.336 F400.000
G1 X-17.875 Y-0.912 Z-0.552 F400.000
G1 X-5.175 Y-0.912 Z-1.440 F400.000
G1 X-7.458 Y-0.912 Z-1.600 F400.000
G1 X-17.875 Y-0.912 Z-1.600 F400.000
G1 X-5.175 Y-0.912 Z-1.600 F400.000
G0 X-5.175 Y-0.912 Z5.000
G0 X-17.875 Y-0.912 Z5.000
G0 X-17.875 Y-0.912 Z3.000
G1 X-5.175 Y-0.912 Z2.112 F400.000
G1 X-17.875 Y-0.912 Z1.224 F400.000
G1 X-5.175 Y-0.912 Z0.336 F400.000
G1 X-17.875 Y-0.912 Z-0.552 F400.000
G1 X-5.175 Y-0.912 Z-1.440 F400.000
G1 X-10.318 Y-0.912 Z-1.800 F400.000
G1 X-17.875 Y-0.912 Z-1.800 F400.000
G1 X-5.175 Y-0.912 Z-1.800 F400.000
G0 X-5.175 Y-0.912 Z5.000
G0 X-17.875 Y-0.912 Z5.000
G0 X-17.875 Y-0.912 Z3.000
G1 X-5.175 Y-0.912 Z2.112 F400.000
G1 X-17.875 Y-0.912 Z1.224 F400.000
G1 X-5.175 Y-0.912 Z0.336 F400.000
G1 X-17.875 Y-0.912 Z-0.552 F400.000
G1 X-5.175 Y-0.912 Z-1.440 F400.000
G1 X-13.178 Y-0.912 Z-2.000 F400.000
G1 X-17.875 Y-0.912 Z-2.000 F400.000
G1 X-5.175 Y-0.912 Z-2.000 F400.000
G0 X-5.175 Y-0.912 Z5.000
G0 X-17.875 Y-0.912 Z5.000
G0 X-17.875 Y-0.912 Z3.000
G1 X-5.175 Y-0.912 Z2.112 F400.000
G1 X-17.875 Y-0.912 Z1.224 F400.000
G1 X-5.175 Y-0.912 Z0.336 F400.000
G1 X-17.875 Y-0.912 Z-0.552 F400.000
G1 X-5.175 Y-0.912 Z-1.440 F400.000
G1 X-16.038 Y-0.912 Z-2.200 F400.000
G1 X-17.875 Y-0.912 Z-2.200 F400.000
G1 X-5.175 Y-0.912 Z-2.200 F400.000
G0 X-5.175 Y-0.912 Z5.000
G0 X-17.875 Y-0.912 Z5.000
G0 X-17.875 Y-0.912 Z3.000
G1 X-5.175 Y-0.912 Z2.112 F400.000
G1 X-17.875 Y-0.912 Z1.224 F400.000
G1 X-5.175 Y-0.912 Z0.336 F400.000
G1 X-17.875 Y-0.912 Z-0.552 F400.000
G1 X-5.175 Y-0.912 Z-1.440 F400.000
G1 X-17.875 Y-0.912 Z-2.328 F400.000
G1 X-16.851 Y-0.912 Z-2.400 F400.000
G1 X-17.875 Y-0.912 Z-2.400 F400.000
G1 X-5.175 Y-0.912 Z-2.400 F400.000
G0 X-5.175 Y-0.912 Z5.000
G0 X-17.875 Y-0.912 Z5.000
G0 X-17.875 Y-0.912 Z3.000
G1 X-5.175 Y-0.912 Z2.112 F400.000
G1 X-17.875 Y-0.912 Z1.224 F400.000
G1 X-5.175 Y-0.912 Z0.336 F400.000
G1 X-17.875 Y-0.912 Z-0.552 F400.000
G1 X-5.175 Y-0.912 Z-1.440 F400.000
G1 X-17.875 Y-0.912 Z-2.328 F400.000
G1 X-13.991 Y-0.912 Z-2.600 F400.000
G1 X-17.875 Y-0.912 Z-2.600 F400.000
G1 X-5.175 Y-0.912 Z-2.600 F400.000
G0 X-5.175 Y-0.912 Z5.000
G0 X-17.875 Y-0.912 Z5.000
G0 X-17.875 Y-0.912 Z3.000
G1 X-5.175 Y-0.912 Z2.112 F400.000
G1 X-17.875 Y-0.912 Z1.224 F400.000
G1 X-5.175 Y-0.912 Z0.336 F400.000
G1 X-17.875 Y-0.912 Z-0.552 F400.000
G1 X-5.175 Y-0.912 Z-1.440 F400.000
G1 X-17.875 Y-0.912 Z-2.328 F400.000
G1 X-11.131 Y-0.912 Z-2.800 F400.000
G1 X-17.875 Y-0.912 Z-2.800 F400.000
G1 X-5.175 Y-0.912 Z-2.800 F400.000
G0 X-5.175 Y-0.912 Z5.000
G0 X-17.875 Y-0.912 Z5.000
G0 X-17.875 Y-0.912 Z3.000
G1 X-5.175 Y-0.912 Z2.112 F400.000
G1 X-17.875 Y-0.912 Z1.224 F400.000
G1 X-5.175 Y-0.912 Z0.336 F400.000
G1 X-17.875 Y-0.912 Z-0.552 F400.000
G1 X-5.175 Y-0.912 Z-1.440 F400.000
G1 X-17.875 Y-0.912 Z-2.328 F400.000
G1 X-8.271 Y-0.912 Z-3.000 F400.000
G1 X-17.875 Y-0.912 Z-3.000 F400.000
G1 X-5.175 Y-0.912 Z-3.000 F400.000
G0 X-5.175 Y-0.912 Z5.000
G0 X-17.875 Y-0.912 Z5.000
G0 X-17.875 Y-0.912 Z3.000
G1 X-5.175 Y-0.912 Z2.112 F400.000
G1 X-17.875 Y-0.912 Z1.224 F400.000
G1 X-5.175 Y-0.912 Z0.336 F400.000
G1 X-17.875 Y-0.912 Z-0.552 F400.000
G1 X-5.175 Y-0.912 Z-1.440 F400.000
G1 X-17.875 Y-0.912 Z-2.328 F400.000
G1 X-5.411 Y-0.912 Z-3.200 F400.000
G1 X-17.875 Y-0.912 Z-3.200 F400.000
G1 X-5.175 Y-0.912 Z-3.200 F400.000
G0 X-5.175 Y-0.912 Z5.000
G0 X-17.875 Y-0.912 Z5.000
G0 X-17.875 Y-0.912 Z3.000
G1 X-5.175 Y-0.912 Z2.112 F400.000
G1 X-17.875 Y-0.912 Z1.224 F400.000
G1 X-5.175 Y-0.912 Z0.336 F400.000
G1 X-17.875 Y-0.912 Z-0.552 F400.000
G1 X-5.175 Y-0.912 Z-1.440 F400.000
G1 X-17.875 Y-0.912 Z-2.328 F400.000
G1 X-5.175 Y-0.912 Z-3.216 F400.000
G1 X-7.799 Y-0.912 Z-3.400 F400.000
G1 X-17.875 Y-0.912 Z-3.400 F400.000
G1 X-5.175 Y-0.912 Z-3.400 F400.000
G0 X-5.175 Y-0.912 Z5.000
G0 X-17.875 Y-0.912 Z5.000
G0 X-17.875 Y-0.912 Z3.000
G1 X-5.175 Y-0.912 Z2.112 F400.000
G1 X-17.875 Y-0.912 Z1.224 F400.000
G1 X-5.175 Y-0.912 Z0.336 F400.000
G1 X-17.875 Y-0.912 Z-0.552 F400.000
G1 X-5.175 Y-0.912 Z-1.440 F400.000
G1 X-17.875 Y-0.912 Z-2.328 F400.000
G1 X-5.175 Y-0.912 Z-3.216 F400.000
G1 X-10.659 Y-0.912 Z-3.600 F400.000
G1 X-17.875 Y-0.912 Z-3.600 F400.000
G1 X-5.175 Y-0.912 Z-3.600 F400.000
G0 X-5.175 Y-0.912 Z5.000
G0 X-17.875 Y-0.912 Z5.000
G0 X-17.875 Y-0.912 Z3.000
G1 X-5.175 Y-0.912 Z2.112 F400.000
G1 X-17.875 Y-0.912 Z1.224 F400.000
G1 X-5.175 Y-0.912 Z0.336 F400.000
G1 X-17.875 Y-0.912 Z-0.552 F400.000
G1 X-5.175 Y-0.912 Z-1.440 F400.000
G1 X-17.875 Y-0.912 Z-2.328 F400.000
G1 X-5.175 Y-0.912 Z-3.216 F400.000
G1 X-13.520 Y-0.912 Z-3.800 F400.000
G1 X-17.875 Y-0.912 Z-3.800 F400.000
G1 X-5.175 Y-0.912 Z-3.800 F400.000
G0 X-5.175 Y-0.912 Z5.000
G0 X-17.875 Y-0.912 Z5.000
G0 X-17.875 Y-0.912 Z3.000
G1 X-5.175 Y-0.912 Z2.112 F400.000
G1 X-17.875 Y-0.912 Z1.224 F400.000
G1 X-5.175 Y-0.912 Z0.336 F400.000
G1 X-17.875 Y-0.912 Z-0.552 F400.000
G1 X-5.175 Y-0.912 Z-1.440 F400.000
G1 X-17.875 Y-0.912 Z-2.328 F400.000
G1 X-5.175 Y-0.912 Z-3.216 F400.000
G1 X-16.380 Y-0.912 Z-4.000 F400.000
G1 X-17.875 Y-0.912 Z-4.000 F400.000
G1 X-5.175 Y-0.912 Z-4.000 F400.000
G0 X-5.175 Y-0.912 Z5.000
G0 X-17.875 Y-0.912 Z5.000
G0 X-17.875 Y-0.912 Z3.000
G1 X-5.175 Y-0.912 Z2.112 F400.000
G1 X-17.875 Y-0.912 Z1.224 F400.000
G1 X-5.175 Y-0.912 Z0.336 F400.000
G1 X-17.875 Y-0.912 Z-0.552 F400.000
G1 X-5.175 Y-0.912 Z-1.440 F400.000
G1 X-17.875 Y-0.912 Z-2.328 F400.000
G1 X-5.175 Y-0.912 Z-3.216 F400.000
G1 X-17.875 Y-0.912 Z-4.105 F400.000
G1 X-16.510 Y-0.912 Z-4.200 F400.000
G1 X-17.875 Y-0.912 Z-4.200 F400.000
G1 X-5.175 Y-0.912 Z-4.200 F400.000
G0 X-5.175 Y-0.912 Z5.000
G0 X-17.875 Y-0.912 Z5.000
G0 X-17.875 Y-0.912 Z3.000
G1 X-5.175 Y-0.912 Z2.112 F400.000
G1 X-17.875 Y-0.912 Z1.224 F400.000
G1 X-5.175 Y-0.912 Z0.336 F400.000
G1 X-17.875 Y-0.912 Z-0.552 F400.000
G1 X-5.175 Y-0.912 Z-1.440 F400.000
G1 X-17.875 Y-0.912 Z-2.328 F400.000
G1 X-5.175 Y-0.912 Z-3.216 F400.000
G1 X-17.875 Y-0.912 Z-4.105 F400.000
G1 X-13.650 Y-0.912 Z-4.400 F400.000
G1 X-17.875 Y-0.912 Z-4.400 F400.000
G1 X-5.175 Y-0.912 Z-4.400 F400.000
G0 X-5.175 Y-0.912 Z5.000
G0 X-17.875 Y-0.912 Z5.000
G0 X-17.875 Y-0.912 Z3.000
G1 X-5.175 Y-0.912 Z2.112 F400.000
G1 X-17.875 Y-0.912 Z1.224 F400.000
G1 X-5.175 Y-0.912 Z0.336 F400.000
G1 X-17.875 Y-0.912 Z-0.552 F400.000
G1 X-5.175 Y-0.912 Z-1.440 F400.000
G1 X-17.875 Y-0.912 Z-2.328 F400.000
G1 X-5.175 Y-0.912 Z-3.216 F400.000
G1 X-17.875 Y-0.912 Z-4.105 F400.000
G1 X-10.790 Y-0.912 Z-4.600 F400.000
G1 X-17.875 Y-0.912 Z-4.600 F400.000
G1 X-5.175 Y-0.912 Z-4.600 F400.000
G0 X-5.175 Y-0.912 Z5.000
G0 X-17.875 Y-0.912 Z5.000
G0 X-17.875 Y-0.912 Z3.000
G1 X-5.175 Y-0.912 Z2.112 F400.000
G1 X-17.875 Y-0.912 Z1.224 F400.000
G1 X-5.175 Y-0.912 Z0.336 F400.000
G1 X-17.875 Y-0.912 Z-0.552 F400.000
G1 X-5.175 Y-0.912 Z-1.440 F400.000
G1 X-17.875 Y-0.912 Z-2.328 F400.000
G1 X-5.175 Y-0.912 Z-3.216 F400.000
G1 X-17.875 Y-0.912 Z-4.105 F400.000
G1 X-8.502 Y-0.912 Z-4.760 F400.000
G1 X-17.875 Y-0.912 Z-4.760 F400.000
G1 X-5.175 Y-0.912 Z-4.760 F400.000
G0 X-5.175 Y-0.912 Z5.000
(Finish operation: RampEntryDressup001)
(Begin operation: RampEntryDressup002)
(Path: RampEntryDressup002)
G0 X0.000 Y0.000 Z5.000
G0 X-5.175 Y-229.087 Z5.000
G0 X-5.175 Y-229.087 Z3.000
G1 X-17.875 Y-229.087 Z2.112 F400.000
G1 X-5.175 Y-229.087 Z1.224 F400.000
G1 X-17.875 Y-229.087 Z0.336 F400.000
G1 X-10.213 Y-229.087 Z-0.200 F400.000
G1 X-5.175 Y-229.087 Z-0.200 F400.000
G1 X-17.875 Y-229.087 Z-0.200 F400.000
G0 X-17.875 Y-229.087 Z5.000
G0 X-5.175 Y-229.087 Z5.000
G0 X-5.175 Y-229.087 Z3.000
G1 X-17.875 Y-229.087 Z2.112 F400.000
G1 X-5.175 Y-229.087 Z1.224 F400.000
G1 X-17.875 Y-229.087 Z0.336 F400.000
G1 X-7.353 Y-229.087 Z-0.400 F400.000
G1 X-5.175 Y-229.087 Z-0.400 F400.000
G1 X-17.875 Y-229.087 Z-0.400 F400.000
G0 X-17.875 Y-229.087 Z5.000
G0 X-5.175 Y-229.087 Z5.000
G0 X-5.175 Y-229.087 Z3.000
G1 X-17.875 Y-229.087 Z2.112 F400.000
G1 X-5.175 Y-229.087 Z1.224 F400.000
G1 X-17.875 Y-229.087 Z0.336 F400.000
G1 X-5.175 Y-229.087 Z-0.552 F400.000
G1 X-5.857 Y-229.087 Z-0.600 F400.000
G1 X-5.175 Y-229.087 Z-0.600 F400.000
G1 X-17.875 Y-229.087 Z-0.600 F400.000
G0 X-17.875 Y-229.087 Z5.000
G0 X-5.175 Y-229.087 Z5.000
G0 X-5.175 Y-229.087 Z3.000
G1 X-17.875 Y-229.087 Z2.112 F400.000
G1 X-5.175 Y-229.087 Z1.224 F400.000
G1 X-17.875 Y-229.087 Z0.336 F400.000
G1 X-5.175 Y-229.087 Z-0.552 F400.000
G1 X-8.718 Y-229.087 Z-0.800 F400.000
G1 X-5.175 Y-229.087 Z-0.800 F400.000
G1 X-17.875 Y-229.087 Z-0.800 F400.000
G0 X-17.875 Y-229.087 Z5.000
G0 X-5.175 Y-229.087 Z5.000
G0 X-5.175 Y-229.087 Z3.000
G1 X-17.875 Y-229.087 Z2.112 F400.000
G1 X-5.175 Y-229.087 Z1.224 F400.000
G1 X-17.875 Y-229.087 Z0.336 F400.000
G1 X-5.175 Y-229.087 Z-0.552 F400.000
G1 X-11.578 Y-229.087 Z-1.000 F400.000
G1 X-5.175 Y-229.087 Z-1.000 F400.000
G1 X-17.875 Y-229.087 Z-1.000 F400.000
G0 X-17.875 Y-229.087 Z5.000
G0 X-5.175 Y-229.087 Z5.000
G0 X-5.175 Y-229.087 Z3.000
G1 X-17.875 Y-229.087 Z2.112 F400.000
G1 X-5.175 Y-229.087 Z1.224 F400.000
G1 X-17.875 Y-229.087 Z0.336 F400.000
G1 X-5.175 Y-229.087 Z-0.552 F400.000
G1 X-14.438 Y-229.087 Z-1.200 F400.000
G1 X-5.175 Y-229.087 Z-1.200 F400.000
G1 X-17.875 Y-229.087 Z-1.200 F400.000
G0 X-17.875 Y-229.087 Z5.000
G0 X-5.175 Y-229.087 Z5.000
G0 X-5.175 Y-229.087 Z3.000
G1 X-17.875 Y-229.087 Z2.112 F400.000
G1 X-5.175 Y-229.087 Z1.224 F400.000
G1 X-17.875 Y-229.087 Z0.336 F400.000
G1 X-5.175 Y-229.087 Z-0.552 F400.000
G1 X-17.298 Y-229.087 Z-1.400 F400.000
G1 X-5.175 Y-229.087 Z-1.400 F400.000
G1 X-17.875 Y-229.087 Z-1.400 F400.000
G0 X-17.875 Y-229.087 Z5.000
G0 X-5.175 Y-229.087 Z5.000
G0 X-5.175 Y-229.087 Z3.000
G1 X-17.875 Y-229.087 Z2.112 F400.000
G1 X-5.175 Y-229.087 Z1.224 F400.000
G1 X-17.875 Y-229.087 Z0.336 F400.000
G1 X-5.175 Y-229.087 Z-0.552 F400.000
G1 X-17.875 Y-229.087 Z-1.440 F400.000
G1 X-15.592 Y-229.087 Z-1.600 F400.000
G1 X-5.175 Y-229.087 Z-1.600 F400.000
G1 X-17.875 Y-229.087 Z-1.600 F400.000
G0 X-17.875 Y-229.087 Z5.000
G0 X-5.175 Y-229.087 Z5.000
G0 X-5.175 Y-229.087 Z3.000
G1 X-17.875 Y-229.087 Z2.112 F400.000
G1 X-5.175 Y-229.087 Z1.224 F400.000
G1 X-17.875 Y-229.087 Z0.336 F400.000
G1 X-5.175 Y-229.087 Z-0.552 F400.000
G1 X-17.875 Y-229.087 Z-1.440 F400.000
G1 X-12.732 Y-229.087 Z-1.800 F400.000
G1 X-5.175 Y-229.087 Z-1.800 F400.000
G1 X-17.875 Y-229.087 Z-1.800 F400.000
G0 X-17.875 Y-229.087 Z5.000
G0 X-5.175 Y-229.087 Z5.000
G0 X-5.175 Y-229.087 Z3.000
G1 X-17.875 Y-229.087 Z2.112 F400.000
G1 X-5.175 Y-229.087 Z1.224 F400.000
G1 X-17.875 Y-229.087 Z0.336 F400.000
G1 X-5.175 Y-229.087 Z-0.552 F400.000
G1 X-17.875 Y-229.087 Z-1.440 F400.000
G1 X-9.872 Y-229.087 Z-2.000 F400.000
G1 X-5.175 Y-229.087 Z-2.000 F400.000
G1 X-17.875 Y-229.087 Z-2.000 F400.000
G0 X-17.875 Y-229.087 Z5.000
G0 X-5.175 Y-229.087 Z5.000
G0 X-5.175 Y-229.087 Z3.000
G1 X-17.875 Y-229.087 Z2.112 F400.000
G1 X-5.175 Y-229.087 Z1.224 F400.000
G1 X-17.875 Y-229.087 Z0.336 F400.000
G1 X-5.175 Y-229.087 Z-0.552 F400.000
G1 X-17.875 Y-229.087 Z-1.440 F400.000
G1 X-7.012 Y-229.087 Z-2.200 F400.000
G1 X-5.175 Y-229.087 Z-2.200 F400.000
G1 X-17.875 Y-229.087 Z-2.200 F400.000
G0 X-17.875 Y-229.087 Z5.000
G0 X-5.175 Y-229.087 Z5.000
G0 X-5.175 Y-229.087 Z3.000
G1 X-17.875 Y-229.087 Z2.112 F400.000
G1 X-5.175 Y-229.087 Z1.224 F400.000
G1 X-17.875 Y-229.087 Z0.336 F400.000
G1 X-5.175 Y-229.087 Z-0.552 F400.000
G1 X-17.875 Y-229.087 Z-1.440 F400.000
G1 X-5.175 Y-229.087 Z-2.328 F400.000
G1 X-6.199 Y-229.087 Z-2.400 F400.000
G1 X-5.175 Y-229.087 Z-2.400 F400.000
G1 X-17.875 Y-229.087 Z-2.400 F400.000
G0 X-17.875 Y-229.087 Z5.000
G0 X-5.175 Y-229.087 Z5.000
G0 X-5.175 Y-229.087 Z3.000
G1 X-17.875 Y-229.087 Z2.112 F400.000
G1 X-5.175 Y-229.087 Z1.224 F400.000
G1 X-17.875 Y-229.087 Z0.336 F400.000
G1 X-5.175 Y-229.087 Z-0.552 F400.000
G1 X-17.875 Y-229.087 Z-1.440 F400.000
G1 X-5.175 Y-229.087 Z-2.328 F400.000
G1 X-9.059 Y-229.087 Z-2.600 F400.000
G1 X-5.175 Y-229.087 Z-2.600 F400.000
G1 X-17.875 Y-229.087 Z-2.600 F400.000
G0 X-17.875 Y-229.087 Z5.000
G0 X-5.175 Y-229.087 Z5.000
G0 X-5.175 Y-229.087 Z3.000
G1 X-17.875 Y-229.087 Z2.112 F400.000
G1 X-5.175 Y-229.087 Z1.224 F400.000
G1 X-17.875 Y-229.087 Z0.336 F400.000
G1 X-5.175 Y-229.087 Z-0.552 F400.000
G1 X-17.875 Y-229.087 Z-1.440 F400.000
G1 X-5.175 Y-229.087 Z-2.328 F400.000
G1 X-11.919 Y-229.087 Z-2.800 F400.000
G1 X-5.175 Y-229.087 Z-2.800 F400.000
G1 X-17.875 Y-229.087 Z-2.800 F400.000
G0 X-17.875 Y-229.087 Z5.000
G0 X-5.175 Y-229.087 Z5.000
G0 X-5.175 Y-229.087 Z3.000
G1 X-17.875 Y-229.087 Z2.112 F400.000
G1 X-5.175 Y-229.087 Z1.224 F400.000
G1 X-17.875 Y-229.087 Z0.336 F400.000
G1 X-5.175 Y-229.087 Z-0.552 F400.000
G1 X-17.875 Y-229.087 Z-1.440 F400.000
G1 X-5.175 Y-229.087 Z-2.328 F400.000
G1 X-14.779 Y-229.087 Z-3.000 F400.000
G1 X-5.175 Y-229.087 Z-3.000 F400.000
G1 X-17.875 Y-229.087 Z-3.000 F400.000
G0 X-17.875 Y-229.087 Z5.000
G0 X-5.175 Y-229.087 Z5.000
G0 X-5.175 Y-229.087 Z3.000
G1 X-17.875 Y-229.087 Z2.112 F400.000
G1 X-5.175 Y-229.087 Z1.224 F400.000
G1 X-17.875 Y-229.087 Z0.336 F400.000
G1 X-5.175 Y-229.087 Z-0.552 F400.000
G1 X-17.875 Y-229.087 Z-1.440 F400.000
G1 X-5.175 Y-229.087 Z-2.328 F400.000
G1 X-17.639 Y-229.087 Z-3.200 F400.000
G1 X-5.175 Y-229.087 Z-3.200 F400.000
G1 X-17.875 Y-229.087 Z-3.200 F400.000
G0 X-17.875 Y-229.087 Z5.000
G0 X-5.175 Y-229.087 Z5.000
G0 X-5.175 Y-229.087 Z3.000
G1 X-17.875 Y-229.087 Z2.112 F400.000
G1 X-5.175 Y-229.087 Z1.224 F400.000
G1 X-17.875 Y-229.087 Z0.336 F400.000
G1 X-5.175 Y-229.087 Z-0.552 F400.000
G1 X-17.875 Y-229.087 Z-1.440 F400.000
G1 X-5.175 Y-229.087 Z-2.328 F400.000
G1 X-17.875 Y-229.087 Z-3.216 F400.000
G1 X-15.251 Y-229.087 Z-3.400 F400.000
G1 X-5.175 Y-229.087 Z-3.400 F400.000
G1 X-17.875 Y-229.087 Z-3.400 F400.000
G0 X-17.875 Y-229.087 Z5.000
G0 X-5.175 Y-229.087 Z5.000
G0 X-5.175 Y-229.087 Z3.000
G1 X-17.875 Y-229.087 Z2.112 F400.000
G1 X-5.175 Y-229.087 Z1.224 F400.000
G1 X-17.875 Y-229.087 Z0.336 F400.000
G1 X-5.175 Y-229.087 Z-0.552 F400.000
G1 X-17.875 Y-229.087 Z-1.440 F400.000
G1 X-5.175 Y-229.087 Z-2.328 F400.000
G1 X-17.875 Y-229.087 Z-3.216 F400.000
G1 X-12.391 Y-229.087 Z-3.600 F400.000
G1 X-5.175 Y-229.087 Z-3.600 F400.000
G1 X-17.875 Y-229.087 Z-3.600 F400.000
G0 X-17.875 Y-229.087 Z5.000
G0 X-5.175 Y-229.087 Z5.000
G0 X-5.175 Y-229.087 Z3.000
G1 X-17.875 Y-229.087 Z2.112 F400.000
G1 X-5.175 Y-229.087 Z1.224 F400.000
G1 X-17.875 Y-229.087 Z0.336 F400.000
G1 X-5.175 Y-229.087 Z-0.552 F400.000
G1 X-17.875 Y-229.087 Z-1.440 F400.000
G1 X-5.175 Y-229.087 Z-2.328 F400.000
G1 X-17.875 Y-229.087 Z-3.216 F400.000
G1 X-9.530 Y-229.087 Z-3.800 F400.000
G1 X-5.175 Y-229.087 Z-3.800 F400.000
G1 X-17.875 Y-229.087 Z-3.800 F400.000
G0 X-17.875 Y-229.087 Z5.000
G0 X-5.175 Y-229.087 Z5.000
G0 X-5.175 Y-229.087 Z3.000
G1 X-17.875 Y-229.087 Z2.112 F400.000
G1 X-5.175 Y-229.087 Z1.224 F400.000
G1 X-17.875 Y-229.087 Z0.336 F400.000
G1 X-5.175 Y-229.087 Z-0.552 F400.000
G1 X-17.875 Y-229.087 Z-1.440 F400.000
G1 X-5.175 Y-229.087 Z-2.328 F400.000
G1 X-17.875 Y-229.087 Z-3.216 F400.000
G1 X-6.670 Y-229.087 Z-4.000 F400.000
G1 X-5.175 Y-229.087 Z-4.000 F400.000
G1 X-17.875 Y-229.087 Z-4.000 F400.000
G0 X-17.875 Y-229.087 Z5.000
G0 X-5.175 Y-229.087 Z5.000
G0 X-5.175 Y-229.087 Z3.000
G1 X-17.875 Y-229.087 Z2.112 F400.000
G1 X-5.175 Y-229.087 Z1.224 F400.000
G1 X-17.875 Y-229.087 Z0.336 F400.000
G1 X-5.175 Y-229.087 Z-0.552 F400.000
G1 X-17.875 Y-229.087 Z-1.440 F400.000
G1 X-5.175 Y-229.087 Z-2.328 F400.000
G1 X-17.875 Y-229.087 Z-3.216 F400.000
G1 X-5.175 Y-229.087 Z-4.105 F400.000
G1 X-6.540 Y-229.087 Z-4.200 F400.000
G1 X-5.175 Y-229.087 Z-4.200 F400.000
G1 X-17.875 Y-229.087 Z-4.200 F400.000
G0 X-17.875 Y-229.087 Z5.000
G0 X-5.175 Y-229.087 Z5.000
G0 X-5.175 Y-229.087 Z3.000
G1 X-17.875 Y-229.087 Z2.112 F400.000
G1 X-5.175 Y-229.087 Z1.224 F400.000
G1 X-17.875 Y-229.087 Z0.336 F400.000
G1 X-5.175 Y-229.087 Z-0.552 F400.000
G1 X-17.875 Y-229.087 Z-1.440 F400.000
G1 X-5.175 Y-229.087 Z-2.328 F400.000
G1 X-17.875 Y-229.087 Z-3.216 F400.000
G1 X-5.175 Y-229.087 Z-4.105 F400.000
G1 X-9.400 Y-229.087 Z-4.400 F400.000
G1 X-5.175 Y-229.087 Z-4.400 F400.000
G1 X-17.875 Y-229.087 Z-4.400 F400.000
G0 X-17.875 Y-229.087 Z5.000
G0 X-5.175 Y-229.087 Z5.000
G0 X-5.175 Y-229.087 Z3.000
G1 X-17.875 Y-229.087 Z2.112 F400.000
G1 X-5.175 Y-229.087 Z1.224 F400.000
G1 X-17.875 Y-229.087 Z0.336 F400.000
G1 X-5.175 Y-229.087 Z-0.552 F400.000
G1 X-17.875 Y-229.087 Z-1.440 F400.000
G1 X-5.175 Y-229.087 Z-2.328 F400.000
G1 X-17.875 Y-229.087 Z-3.216 F400.000
G1 X-5.175 Y-229.087 Z-4.105 F400.000
G1 X-12.260 Y-229.087 Z-4.600 F400.000
G1 X-5.175 Y-229.087 Z-4.600 F400.000
G1 X-17.875 Y-229.087 Z-4.600 F400.000
G0 X-17.875 Y-229.087 Z5.000
G0 X-5.175 Y-229.087 Z5.000
G0 X-5.175 Y-229.087 Z3.000
G1 X-17.875 Y-229.087 Z2.112 F400.000
G1 X-5.175 Y-229.087 Z1.224 F400.000
G1 X-17.875 Y-229.087 Z0.336 F400.000
G1 X-5.175 Y-229.087 Z-0.552 F400.000
G1 X-17.875 Y-229.087 Z-1.440 F400.000
G1 X-5.175 Y-229.087 Z-2.328 F400.000
G1 X-17.875 Y-229.087 Z-3.216 F400.000
G1 X-5.175 Y-229.087 Z-4.105 F400.000
G1 X-14.548 Y-229.087 Z-4.760 F400.000
G1 X-5.175 Y-229.087 Z-4.760 F400.000
G1 X-17.875 Y-229.087 Z-4.760 F400.000
G0 X-17.875 Y-229.087 Z5.000
(Finish operation: RampEntryDressup002)
(Begin postamble)
M5
G17 G90
M2
