ISO-10303-21;
HEADER;
FILE_DESCRIPTION(('FreeCAD Model'),'2;1');
FILE_NAME('Open CASCADE Shape Model','2026-07-22T00:58:12',(''),(''),
  'Open CASCADE STEP processor 7.8','FreeCAD','Unknown');
FILE_SCHEMA(('AUTOMOTIVE_DESIGN { 1 0 10303 214 1 1 1 1 }'));
ENDSEC;
DATA;
#1 = APPLICATION_PROTOCOL_DEFINITION('international standard',
  'automotive_design',2000,#2);
#2 = APPLICATION_CONTEXT(
  'core data for automotive mechanical design processes');
#3 = SHAPE_DEFINITION_REPRESENTATION(#4,#10);
#4 = PRODUCT_DEFINITION_SHAPE('','',#5);
#5 = PRODUCT_DEFINITION('design','',#6,#9);
#6 = PRODUCT_DEFINITION_FORMATION('','',#7);
#7 = PRODUCT('LockingBody','LockingBody','',(#8));
#8 = PRODUCT_CONTEXT('',#2,'mechanical');
#9 = PRODUCT_DEFINITION_CONTEXT('part definition',#2,'design');
#10 = ADVANCED_BREP_SHAPE_REPRESENTATION('',(#11,#15),#14224);
#11 = AXIS2_PLACEMENT_3D('',#12,#13,#14);
#12 = CARTESIAN_POINT('',(0.,0.,0.));
#13 = DIRECTION('',(0.,0.,1.));
#14 = DIRECTION('',(1.,0.,-0.));
#15 = MANIFOLD_SOLID_BREP('',#16);
#16 = CLOSED_SHELL('',(#17,#274,#703,#787,#846,#1041,#2265,#2443,#2493,
    #2525,#2557,#2633,#2692,#2751,#2968,#3180,#3234,#3288,#3315,#3365,
    #4721,#4956,#5205,#5212,#5266,#5300,#5354,#5532,#5668,#5798,#5856,
    #5912,#5988,#6123,#6150,#6212,#6239,#6311,#6458,#6485,#6534,#6561,
    #6610,#6757,#6944,#6993,#7049,#7098,#7202,#7389,#7512,#7568,#7733,
    #7837,#7893,#7921,#7948,#8024,#8072,#8120,#8147,#8174,#8274,#8345,
    #8517,#8575,#8726,#8798,#8896,#8923,#8930,#8981,#9008,#9036,#9132,
    #9159,#9211,#9261,#9312,#9362,#9389,#9440,#9644,#9694,#9744,#9771,
    #9827,#9877,#9931,#9987,#10037,#10093,#10144,#10200,#10404,#10459,
    #10514,#10564,#10620,#10670,#10725,#10781,#10813,#10840,#10867,
    #10894,#10921,#10928,#10955,#10982,#11009,#11016,#11043,#11050,
    #11081,#11112,#11139,#11188,#11217,#11244,#11271,#11320,#11349,
    #11423,#11474,#11548,#12417,#12444,#12495,#12522,#12529,#12556,
    #12605,#12632,#12661,#12668,#12675,#12730,#12757,#12784,#12811,
    #12838,#12865,#12920,#12947,#12974,#13001,#13028,#13055,#13062,
    #13069,#13076,#13258,#13312,#13366,#13474,#13552,#13690,#13813,
    #13840,#13916,#13965,#14014,#14041,#14068,#14095,#14102,#14129,
    #14156,#14183,#14190,#14217));
#17 = ADVANCED_FACE('',(#18),#32,.T.);
#18 = FACE_BOUND('',#19,.T.);
#19 = EDGE_LOOP('',(#20,#55,#84,#112,#146));
#20 = ORIENTED_EDGE('',*,*,#21,.F.);
#21 = EDGE_CURVE('',#22,#24,#26,.T.);
#22 = VERTEX_POINT('',#23);
#23 = CARTESIAN_POINT('',(-10.,-17.6,2.28E-13));
#24 = VERTEX_POINT('',#25);
#25 = CARTESIAN_POINT('',(-10.,11.756903524637,-4.3E-14));
#26 = SURFACE_CURVE('',#27,(#31,#43),.PCURVE_S1.);
#27 = LINE('',#28,#29);
#28 = CARTESIAN_POINT('',(-10.,-137.5110241319,2.6731E-13));
#29 = VECTOR('',#30,1.);
#30 = DIRECTION('',(-2.66E-15,1.,-1.89E-15));
#31 = PCURVE('',#32,#37);
#32 = CYLINDRICAL_SURFACE('',#33,6.);
#33 = AXIS2_PLACEMENT_3D('',#34,#35,#36);
#34 = CARTESIAN_POINT('',(-10.,-137.5110241319,6.));
#35 = DIRECTION('',(2.44E-15,-1.,1.67E-15));
#36 = DIRECTION('',(1.,2.44E-15,-7.8E-16));
#37 = DEFINITIONAL_REPRESENTATION('',(#38),#42);
#38 = LINE('',#39,#40);
#39 = CARTESIAN_POINT('',(4.712388980385,0.));
#40 = VECTOR('',#41,1.);
#41 = DIRECTION('',(0.,-1.));
#42 = ( GEOMETRIC_REPRESENTATION_CONTEXT(2) 
PARAMETRIC_REPRESENTATION_CONTEXT() REPRESENTATION_CONTEXT('2D SPACE',''
  ) );
#43 = PCURVE('',#44,#49);
#44 = PLANE('',#45);
#45 = AXIS2_PLACEMENT_3D('',#46,#47,#48);
#46 = CARTESIAN_POINT('',(-22.9108,12.0076,-1.667E-14));
#47 = DIRECTION('',(3.39E-15,1.44E-15,-1.));
#48 = DIRECTION('',(2.78E-15,-1.,-1.44E-15));
#49 = DEFINITIONAL_REPRESENTATION('',(#50),#54);
#50 = LINE('',#51,#52);
#51 = CARTESIAN_POINT('',(149.51862413198,-12.9108));
#52 = VECTOR('',#53,1.);
#53 = DIRECTION('',(-1.,-1.2E-16));
#54 = ( GEOMETRIC_REPRESENTATION_CONTEXT(2) 
PARAMETRIC_REPRESENTATION_CONTEXT() REPRESENTATION_CONTEXT('2D SPACE',''
  ) );
#55 = ORIENTED_EDGE('',*,*,#56,.F.);
#56 = EDGE_CURVE('',#57,#22,#59,.T.);
#57 = VERTEX_POINT('',#58);
#58 = CARTESIAN_POINT('',(-15.99225415797,-17.6,5.695221217495));
#59 = SURFACE_CURVE('',#60,(#65,#72),.PCURVE_S1.);
#60 = CIRCLE('',#61,6.);
#61 = AXIS2_PLACEMENT_3D('',#62,#63,#64);
#62 = CARTESIAN_POINT('',(-10.,-17.6,6.));
#63 = DIRECTION('',(-1.68E-15,-1.,1.42E-15));
#64 = DIRECTION('',(-0.998709026329,1.605700185706E-15,
    -5.079646375092E-02));
#65 = PCURVE('',#32,#66);
#66 = DEFINITIONAL_REPRESENTATION('',(#67),#71);
#67 = LINE('',#68,#69);
#68 = CARTESIAN_POINT('',(3.1924109876,-119.9110241319));
#69 = VECTOR('',#70,1.);
#70 = DIRECTION('',(1.,0.));
#71 = ( GEOMETRIC_REPRESENTATION_CONTEXT(2) 
PARAMETRIC_REPRESENTATION_CONTEXT() REPRESENTATION_CONTEXT('2D SPACE',''
  ) );
#72 = PCURVE('',#73,#78);
#73 = TOROIDAL_SURFACE('',#74,5.,1.);
#74 = AXIS2_PLACEMENT_3D('',#75,#76,#77);
#75 = CARTESIAN_POINT('',(-10.,-17.6,6.));
#76 = DIRECTION('',(-1.68E-15,-1.,1.42E-15));
#77 = DIRECTION('',(-0.998709026329,1.605700185706E-15,
    -5.079646375092E-02));
#78 = DEFINITIONAL_REPRESENTATION('',(#79),#83);
#79 = LINE('',#80,#81);
#80 = CARTESIAN_POINT('',(0.,0.));
#81 = VECTOR('',#82,1.);
#82 = DIRECTION('',(1.,0.));
#83 = ( GEOMETRIC_REPRESENTATION_CONTEXT(2) 
PARAMETRIC_REPRESENTATION_CONTEXT() REPRESENTATION_CONTEXT('2D SPACE',''
  ) );
#84 = ORIENTED_EDGE('',*,*,#85,.T.);
#85 = EDGE_CURVE('',#57,#86,#88,.T.);
#86 = VERTEX_POINT('',#87);
#87 = CARTESIAN_POINT('',(-15.99225415797,9.242559787165,5.695221217495)
  );
#88 = SURFACE_CURVE('',#89,(#93,#100),.PCURVE_S1.);
#89 = LINE('',#90,#91);
#90 = CARTESIAN_POINT('',(-15.99225415797,-137.5110241319,5.695221217495
    ));
#91 = VECTOR('',#92,1.);
#92 = DIRECTION('',(-2.66E-15,1.,-1.89E-15));
#93 = PCURVE('',#32,#94);
#94 = DEFINITIONAL_REPRESENTATION('',(#95),#99);
#95 = LINE('',#96,#97);
#96 = CARTESIAN_POINT('',(3.1924109876,0.));
#97 = VECTOR('',#98,1.);
#98 = DIRECTION('',(0.,-1.));
#99 = ( GEOMETRIC_REPRESENTATION_CONTEXT(2) 
PARAMETRIC_REPRESENTATION_CONTEXT() REPRESENTATION_CONTEXT('2D SPACE',''
  ) );
#100 = PCURVE('',#101,#106);
#101 = PLANE('',#102);
#102 = AXIS2_PLACEMENT_3D('',#103,#104,#105);
#103 = CARTESIAN_POINT('',(-15.99225415797,-137.5110241319,
    5.695221217495));
#104 = DIRECTION('',(0.998709026329,-9.7E-16,5.07964637509E-02));
#105 = DIRECTION('',(-5.07964637509E-02,-1.83E-15,0.998709026329));
#106 = DEFINITIONAL_REPRESENTATION('',(#107),#111);
#107 = LINE('',#108,#109);
#108 = CARTESIAN_POINT('',(0.,-0.));
#109 = VECTOR('',#110,1.);
#110 = DIRECTION('',(-3.582441466184E-15,-1.));
#111 = ( GEOMETRIC_REPRESENTATION_CONTEXT(2) 
PARAMETRIC_REPRESENTATION_CONTEXT() REPRESENTATION_CONTEXT('2D SPACE',''
  ) );
#112 = ORIENTED_EDGE('',*,*,#113,.F.);
#113 = EDGE_CURVE('',#114,#86,#116,.T.);
#114 = VERTEX_POINT('',#115);
#115 = CARTESIAN_POINT('',(-14.21888025956,9.774707536967,1.733731213876
    ));
#116 = SURFACE_CURVE('',#117,(#122,#134),.PCURVE_S1.);
#117 = ELLIPSE('',#118,6.053891781964,6.);
#118 = AXIS2_PLACEMENT_3D('',#119,#120,#121);
#119 = CARTESIAN_POINT('',(-10.,9.201618791946,6.));
#120 = DIRECTION('',(1.14E-15,0.991097993835,0.133134393062));
#121 = DIRECTION('',(-4.9E-16,-0.133134393062,0.991097993835));
#122 = PCURVE('',#32,#123);
#123 = DEFINITIONAL_REPRESENTATION('',(#124),#133);
#124 = B_SPLINE_CURVE_WITH_KNOTS('',7,(#125,#126,#127,#128,#129,#130,
    #131,#132),.UNSPECIFIED.,.F.,.F.,(8,8),(3.14159265359,4.661570646374
    ),.PIECEWISE_BEZIER_KNOTS.);
#125 = CARTESIAN_POINT('',(4.712388980385,-147.5186241319));
#126 = CARTESIAN_POINT('',(4.49524926713,-147.5186241319));
#127 = CARTESIAN_POINT('',(4.278109553875,-147.4742881229));
#128 = CARTESIAN_POINT('',(4.06096984062,-147.3856214934));
#129 = CARTESIAN_POINT('',(3.843830127365,-147.2577240069));
#130 = CARTESIAN_POINT('',(3.62669041411,-147.100900446));
#131 = CARTESIAN_POINT('',(3.409550700855,-146.9283685135));
#132 = CARTESIAN_POINT('',(3.1924109876,-146.7535839191));
#133 = ( GEOMETRIC_REPRESENTATION_CONTEXT(2) 
PARAMETRIC_REPRESENTATION_CONTEXT() REPRESENTATION_CONTEXT('2D SPACE',''
  ) );
#134 = PCURVE('',#135,#140);
#135 = PLANE('',#136);
#136 = AXIS2_PLACEMENT_3D('',#137,#138,#139);
#137 = CARTESIAN_POINT('',(141.6793886629,9.774707536966,1.733731213876)
  );
#138 = DIRECTION('',(-1.86E-15,0.991097993835,0.133134393062));
#139 = DIRECTION('',(-2.29E-15,-0.133134393062,0.991097993835));
#140 = DEFINITIONAL_REPRESENTATION('',(#141),#145);
#141 = ELLIPSE('',#142,6.053891781964,6.);
#142 = AXIS2_PLACEMENT_2D('',#143,#144);
#143 = CARTESIAN_POINT('',(4.304588257328,-151.6793886629));
#144 = DIRECTION('',(1.,1.8E-15));
#145 = ( GEOMETRIC_REPRESENTATION_CONTEXT(2) 
PARAMETRIC_REPRESENTATION_CONTEXT() REPRESENTATION_CONTEXT('2D SPACE',''
  ) );
#146 = ORIENTED_EDGE('',*,*,#147,.T.);
#147 = EDGE_CURVE('',#114,#24,#148,.T.);
#148 = SURFACE_CURVE('',#149,(#187,#228),.PCURVE_S1.);
#149 = B_SPLINE_CURVE_WITH_KNOTS('',8,(#150,#151,#152,#153,#154,#155,
    #156,#157,#158,#159,#160,#161,#162,#163,#164,#165,#166,#167,#168,
    #169,#170,#171,#172,#173,#174,#175,#176,#177,#178,#179,#180,#181,
    #182,#183,#184,#185,#186),.UNSPECIFIED.,.F.,.F.,(9,7,7,7,7,9),(0.,
    0.179260756366,0.939917733919,0.998965936076,0.999990836557,1.),
  .UNSPECIFIED.);
#150 = CARTESIAN_POINT('',(-14.21888025956,9.774707536967,1.733731213876
    ));
#151 = CARTESIAN_POINT('',(-14.13157545581,9.786304942759,1.647396168404
    ));
#152 = CARTESIAN_POINT('',(-14.04310734088,9.801889440844,1.563949310718
    ));
#153 = CARTESIAN_POINT('',(-13.95365665804,9.821045866423,1.483430704306
    ));
#154 = CARTESIAN_POINT('',(-13.86338421473,9.843405333173,1.40584486191)
  );
#155 = CARTESIAN_POINT('',(-13.77242886487,9.86864121463,1.33116879904)
  );
#156 = CARTESIAN_POINT('',(-13.68090609167,9.89646580223,1.259358812427)
  );
#157 = CARTESIAN_POINT('',(-13.58890719081,9.926627639987,1.19035598343)
  );
#158 = CARTESIAN_POINT('',(-13.10438370522,10.095891270191,
    0.842905753572));
#159 = CARTESIAN_POINT('',(-12.70078188087,10.272482571265,
    0.608055295536));
#160 = CARTESIAN_POINT('',(-12.29301401879,10.472633962656,
    0.417787384643));
#161 = CARTESIAN_POINT('',(-11.88551700564,10.686960576072,
    0.267820380254));
#162 = CARTESIAN_POINT('',(-11.47992332594,10.909661826225,
    0.154052063394));
#163 = CARTESIAN_POINT('',(-11.07564719653,11.137819892718,
    7.315329032489E-02));
#164 = CARTESIAN_POINT('',(-10.67013109635,11.370406524171,
    2.338999918039E-02));
#165 = CARTESIAN_POINT('',(-10.2276118941,11.625536004466,
    4.233919656402E-03));
#166 = CARTESIAN_POINT('',(-10.1957341591,11.64392203118,
    3.048072596078E-03));
#167 = CARTESIAN_POINT('',(-10.16385603595,11.662314359757,
    2.056138717123E-03));
#168 = CARTESIAN_POINT('',(-10.13197760132,11.680711750325,
    1.257985294577E-03));
#169 = CARTESIAN_POINT('',(-10.10009893171,11.699112965698,
    6.535121079373E-04));
#170 = CARTESIAN_POINT('',(-10.06822010343,11.717516771379,
    2.42651441159E-04));
#171 = CARTESIAN_POINT('',(-10.03634119264,11.735921935559,
    2.536808265569E-05));
#172 = CARTESIAN_POINT('',(-10.00390895245,11.754646690056,
    1.2478120615E-06));
#173 = CARTESIAN_POINT('',(-10.00335561113,11.754966121668,
    8.9461634437E-07));
#174 = CARTESIAN_POINT('',(-10.00280227567,11.755285562313,
    5.9973803945E-07));
#175 = CARTESIAN_POINT('',(-10.00224895834,11.755605031333,
    3.6317707101E-07));
#176 = CARTESIAN_POINT('',(-10.00169565927,11.755924529051,
    1.8493339546E-07));
#177 = CARTESIAN_POINT('',(-10.00114236651,11.756244036771,
    6.500700134E-08));
#178 = CARTESIAN_POINT('',(-10.00058905599,11.756563516781,
    3.39790934E-09));
#179 = CARTESIAN_POINT('',(-10.00003074399,11.756885768003,7.674151E-11)
  );
#180 = CARTESIAN_POINT('',(-10.00002626074,11.75688811063,5.557621E-11)
  );
#181 = CARTESIAN_POINT('',(-10.00002281617,11.756890569622,4.073461E-11)
  );
#182 = CARTESIAN_POINT('',(-10.0000190237,11.75689283177,2.646267E-11));
#183 = CARTESIAN_POINT('',(-10.00001400243,11.756895128807,1.169973E-11)
  );
#184 = CARTESIAN_POINT('',(-10.00000833869,11.756898263398,1.33907E-12)
  );
#185 = CARTESIAN_POINT('',(-10.00000354267,11.756902173612,2.4342E-13));
#186 = CARTESIAN_POINT('',(-10.,11.756903035842,1.545E-14));
#187 = PCURVE('',#32,#188);
#188 = DEFINITIONAL_REPRESENTATION('',(#189),#227);
#189 = B_SPLINE_CURVE_WITH_KNOTS('',8,(#190,#191,#192,#193,#194,#195,
    #196,#197,#198,#199,#200,#201,#202,#203,#204,#205,#206,#207,#208,
    #209,#210,#211,#212,#213,#214,#215,#216,#217,#218,#219,#220,#221,
    #222,#223,#224,#225,#226),.UNSPECIFIED.,.F.,.F.,(9,7,7,7,7,9),(0.,
    0.179260756366,0.939917733919,0.998965936076,0.999990836557,1.),
  .UNSPECIFIED.);
#190 = CARTESIAN_POINT('',(3.932575637433,-147.2857316689));
#191 = CARTESIAN_POINT('',(3.953039609048,-147.2973290747));
#192 = CARTESIAN_POINT('',(3.97330296971,-147.3129135728));
#193 = CARTESIAN_POINT('',(3.99335267333,-147.3320699984));
#194 = CARTESIAN_POINT('',(4.013181100188,-147.3544294651));
#195 = CARTESIAN_POINT('',(4.032785262086,-147.3796653466));
#196 = CARTESIAN_POINT('',(4.052166205058,-147.4074899342));
#197 = CARTESIAN_POINT('',(4.071328609653,-147.4376517719));
#198 = CARTESIAN_POINT('',(4.170699501647,-147.6069154021));
#199 = CARTESIAN_POINT('',(4.248173888564,-147.7835067032));
#200 = CARTESIAN_POINT('',(4.322675506252,-147.9836580946));
#201 = CARTESIAN_POINT('',(4.394565235184,-148.197984708));
#202 = CARTESIAN_POINT('',(4.464351591606,-148.4206859582));
#203 = CARTESIAN_POINT('',(4.532741512088,-148.6488440247));
#204 = CARTESIAN_POINT('',(4.600622875485,-148.8814306561));
#205 = CARTESIAN_POINT('',(4.674445146993,-149.1365601364));
#206 = CARTESIAN_POINT('',(4.679761679606,-149.1549461631));
#207 = CARTESIAN_POINT('',(4.685077108104,-149.1733384917));
#208 = CARTESIAN_POINT('',(4.690391649359,-149.1917358823));
#209 = CARTESIAN_POINT('',(4.695705519911,-149.2101370976));
#210 = CARTESIAN_POINT('',(4.701018935968,-149.2285409033));
#211 = CARTESIAN_POINT('',(4.706332113407,-149.2469460675));
#212 = CARTESIAN_POINT('',(4.711737488266,-149.265670822));
#213 = CARTESIAN_POINT('',(4.711829711838,-149.2659902536));
#214 = CARTESIAN_POINT('',(4.711921934426,-149.2663096942));
#215 = CARTESIAN_POINT('',(4.712014153989,-149.2666291633));
#216 = CARTESIAN_POINT('',(4.712106370504,-149.266948661));
#217 = CARTESIAN_POINT('',(4.712198585965,-149.2672681687));
#218 = CARTESIAN_POINT('',(4.712290804385,-149.2675876487));
#219 = CARTESIAN_POINT('',(4.712383856385,-149.2679098999));
#220 = CARTESIAN_POINT('',(4.712384603593,-149.2679122426));
#221 = CARTESIAN_POINT('',(4.712385177689,-149.2679147016));
#222 = CARTESIAN_POINT('',(4.712385809767,-149.2679169637));
#223 = CARTESIAN_POINT('',(4.712386646646,-149.2679192607));
#224 = CARTESIAN_POINT('',(4.712387590603,-149.2679223953));
#225 = CARTESIAN_POINT('',(4.712388389939,-149.2679263055));
#226 = CARTESIAN_POINT('',(4.712388980385,-149.2679271678));
#227 = ( GEOMETRIC_REPRESENTATION_CONTEXT(2) 
PARAMETRIC_REPRESENTATION_CONTEXT() REPRESENTATION_CONTEXT('2D SPACE',''
  ) );
#228 = PCURVE('',#229,#234);
#229 = CYLINDRICAL_SURFACE('',#230,2.);
#230 = AXIS2_PLACEMENT_3D('',#231,#232,#233);
#231 = CARTESIAN_POINT('',(141.6793886629,11.756903524637,2.));
#232 = DIRECTION('',(1.,-8.9E-16,-1.1E-16));
#233 = DIRECTION('',(8.9E-16,1.,-1.89E-15));
#234 = DEFINITIONAL_REPRESENTATION('',(#235),#273);
#235 = B_SPLINE_CURVE_WITH_KNOTS('',8,(#236,#237,#238,#239,#240,#241,
    #242,#243,#244,#245,#246,#247,#248,#249,#250,#251,#252,#253,#254,
    #255,#256,#257,#258,#259,#260,#261,#262,#263,#264,#265,#266,#267,
    #268,#269,#270,#271,#272),.UNSPECIFIED.,.F.,.F.,(9,7,7,7,7,9),(0.,
    0.179260756366,0.939917733919,0.998965936076,0.999990836557,1.),
  .UNSPECIFIED.);
#236 = CARTESIAN_POINT('',(3.275123513146,-155.8982689224));
#237 = CARTESIAN_POINT('',(3.31867876512,-155.8109641187));
#238 = CARTESIAN_POINT('',(3.361068210924,-155.7224960037));
#239 = CARTESIAN_POINT('',(3.402370159612,-155.6330453209));
#240 = CARTESIAN_POINT('',(3.442655618149,-155.5427728776));
#241 = CARTESIAN_POINT('',(3.481990679256,-155.4518175277));
#242 = CARTESIAN_POINT('',(3.520438346519,-155.3602947545));
#243 = CARTESIAN_POINT('',(3.558059796749,-155.2682958537));
#244 = CARTESIAN_POINT('',(3.751303062309,-154.7837723681));
#245 = CARTESIAN_POINT('',(3.895538941517,-154.3801705437));
#246 = CARTESIAN_POINT('',(4.030711300344,-153.9724026817));
#247 = CARTESIAN_POINT('',(4.158770109285,-153.5649056685));
#248 = CARTESIAN_POINT('',(4.28157695292,-153.1593119888));
#249 = CARTESIAN_POINT('',(4.400905964344,-152.7550358594));
#250 = CARTESIAN_POINT('',(4.51873714102,-152.3495197592));
#251 = CARTESIAN_POINT('',(4.646660953404,-151.907000557));
#252 = CARTESIAN_POINT('',(4.655872557882,-151.875122822));
#253 = CARTESIAN_POINT('',(4.665081236207,-151.8432446988));
#254 = CARTESIAN_POINT('',(4.674287563777,-151.8113662642));
#255 = CARTESIAN_POINT('',(4.683492114785,-151.7794875946));
#256 = CARTESIAN_POINT('',(4.692695462218,-151.7476087663));
#257 = CARTESIAN_POINT('',(4.701898177854,-151.7157298555));
#258 = CARTESIAN_POINT('',(4.71126056287,-151.6832976153));
#259 = CARTESIAN_POINT('',(4.711420278772,-151.682744274));
#260 = CARTESIAN_POINT('',(4.711579999158,-151.6821909385));
#261 = CARTESIAN_POINT('',(4.711739733706,-151.6816376212));
#262 = CARTESIAN_POINT('',(4.711899482584,-151.6810843221));
#263 = CARTESIAN_POINT('',(4.712059236451,-151.6805310294));
#264 = CARTESIAN_POINT('',(4.712218976457,-151.6799777189));
#265 = CARTESIAN_POINT('',(4.712380102068,-151.6794194069));
#266 = CARTESIAN_POINT('',(4.712381273381,-151.6794149236));
#267 = CARTESIAN_POINT('',(4.712382502877,-151.679411479));
#268 = CARTESIAN_POINT('',(4.712383633951,-151.6794076866));
#269 = CARTESIAN_POINT('',(4.71238478247,-151.6794026653));
#270 = CARTESIAN_POINT('',(4.712386349765,-151.6793970016));
#271 = CARTESIAN_POINT('',(4.712388304872,-151.6793922055));
#272 = CARTESIAN_POINT('',(4.712388735987,-151.6793886629));
#273 = ( GEOMETRIC_REPRESENTATION_CONTEXT(2) 
PARAMETRIC_REPRESENTATION_CONTEXT() REPRESENTATION_CONTEXT('2D SPACE',''
  ) );
#274 = ADVANCED_FACE('',(#275,#457),#44,.T.);
#275 = FACE_BOUND('',#276,.T.);
#276 = EDGE_LOOP('',(#277,#307,#333,#334,#357,#385,#408,#431));
#277 = ORIENTED_EDGE('',*,*,#278,.F.);
#278 = EDGE_CURVE('',#279,#281,#283,.T.);
#279 = VERTEX_POINT('',#280);
#280 = CARTESIAN_POINT('',(10.,-17.6,4.4E-14));
#281 = VERTEX_POINT('',#282);
#282 = CARTESIAN_POINT('',(10.,11.756903524637,-2.2E-14));
#283 = SURFACE_CURVE('',#284,(#288,#295),.PCURVE_S1.);
#284 = LINE('',#285,#286);
#285 = CARTESIAN_POINT('',(10.,-137.5110241319,2.5176E-13));
#286 = VECTOR('',#287,1.);
#287 = DIRECTION('',(-2.66E-15,1.,-1.89E-15));
#288 = PCURVE('',#44,#289);
#289 = DEFINITIONAL_REPRESENTATION('',(#290),#294);
#290 = LINE('',#291,#292);
#291 = CARTESIAN_POINT('',(149.51862413198,-32.9108));
#292 = VECTOR('',#293,1.);
#293 = DIRECTION('',(-1.,-1.2E-16));
#294 = ( GEOMETRIC_REPRESENTATION_CONTEXT(2) 
PARAMETRIC_REPRESENTATION_CONTEXT() REPRESENTATION_CONTEXT('2D SPACE',''
  ) );
#295 = PCURVE('',#296,#301);
#296 = CYLINDRICAL_SURFACE('',#297,6.);
#297 = AXIS2_PLACEMENT_3D('',#298,#299,#300);
#298 = CARTESIAN_POINT('',(10.,-137.5110241319,6.));
#299 = DIRECTION('',(2.44E-15,-1.,1.67E-15));
#300 = DIRECTION('',(1.,2.44E-15,-7.8E-16));
#301 = DEFINITIONAL_REPRESENTATION('',(#302),#306);
#302 = LINE('',#303,#304);
#303 = CARTESIAN_POINT('',(4.712388980385,0.));
#304 = VECTOR('',#305,1.);
#305 = DIRECTION('',(0.,-1.));
#306 = ( GEOMETRIC_REPRESENTATION_CONTEXT(2) 
PARAMETRIC_REPRESENTATION_CONTEXT() REPRESENTATION_CONTEXT('2D SPACE',''
  ) );
#307 = ORIENTED_EDGE('',*,*,#308,.F.);
#308 = EDGE_CURVE('',#22,#279,#309,.T.);
#309 = SURFACE_CURVE('',#310,(#314,#321),.PCURVE_S1.);
#310 = LINE('',#311,#312);
#311 = CARTESIAN_POINT('',(-10.,-17.6,1.394E-14));
#312 = VECTOR('',#313,1.);
#313 = DIRECTION('',(1.,-2.44E-15,1.39E-15));
#314 = PCURVE('',#44,#315);
#315 = DEFINITIONAL_REPRESENTATION('',(#316),#320);
#316 = LINE('',#317,#318);
#317 = CARTESIAN_POINT('',(29.6076,-12.9108));
#318 = VECTOR('',#319,1.);
#319 = DIRECTION('',(5.22E-15,-1.));
#320 = ( GEOMETRIC_REPRESENTATION_CONTEXT(2) 
PARAMETRIC_REPRESENTATION_CONTEXT() REPRESENTATION_CONTEXT('2D SPACE',''
  ) );
#321 = PCURVE('',#322,#327);
#322 = CYLINDRICAL_SURFACE('',#323,1.);
#323 = AXIS2_PLACEMENT_3D('',#324,#325,#326);
#324 = CARTESIAN_POINT('',(-10.,-17.6,1.));
#325 = DIRECTION('',(1.,-2.44E-15,1.39E-15));
#326 = DIRECTION('',(1.39E-15,-3.55E-15,-1.));
#327 = DEFINITIONAL_REPRESENTATION('',(#328),#332);
#328 = LINE('',#329,#330);
#329 = CARTESIAN_POINT('',(-0.,0.));
#330 = VECTOR('',#331,1.);
#331 = DIRECTION('',(-0.,1.));
#332 = ( GEOMETRIC_REPRESENTATION_CONTEXT(2) 
PARAMETRIC_REPRESENTATION_CONTEXT() REPRESENTATION_CONTEXT('2D SPACE',''
  ) );
#333 = ORIENTED_EDGE('',*,*,#21,.T.);
#334 = ORIENTED_EDGE('',*,*,#335,.F.);
#335 = EDGE_CURVE('',#336,#24,#338,.T.);
#336 = VERTEX_POINT('',#337);
#337 = CARTESIAN_POINT('',(-8.,11.756903524637,-3.E-14));
#338 = SURFACE_CURVE('',#339,(#343,#350),.PCURVE_S1.);
#339 = LINE('',#340,#341);
#340 = CARTESIAN_POINT('',(141.6793886629,11.756903524637,-6.151E-14));
#341 = VECTOR('',#342,1.);
#342 = DIRECTION('',(-1.,1.11E-15,2.8E-16));
#343 = PCURVE('',#44,#344);
#344 = DEFINITIONAL_REPRESENTATION('',(#345),#349);
#345 = LINE('',#346,#347);
#346 = CARTESIAN_POINT('',(0.250696475364,-164.5901886629));
#347 = VECTOR('',#348,1.);
#348 = DIRECTION('',(-3.89E-15,1.));
#349 = ( GEOMETRIC_REPRESENTATION_CONTEXT(2) 
PARAMETRIC_REPRESENTATION_CONTEXT() REPRESENTATION_CONTEXT('2D SPACE',''
  ) );
#350 = PCURVE('',#229,#351);
#351 = DEFINITIONAL_REPRESENTATION('',(#352),#356);
#352 = LINE('',#353,#354);
#353 = CARTESIAN_POINT('',(4.712388980385,0.));
#354 = VECTOR('',#355,1.);
#355 = DIRECTION('',(0.,-1.));
#356 = ( GEOMETRIC_REPRESENTATION_CONTEXT(2) 
PARAMETRIC_REPRESENTATION_CONTEXT() REPRESENTATION_CONTEXT('2D SPACE',''
  ) );
#357 = ORIENTED_EDGE('',*,*,#358,.T.);
#358 = EDGE_CURVE('',#336,#359,#361,.T.);
#359 = VERTEX_POINT('',#360);
#360 = CARTESIAN_POINT('',(-8.,8.E-15,-5.E-15));
#361 = SURFACE_CURVE('',#362,(#366,#373),.PCURVE_S1.);
#362 = LINE('',#363,#364);
#363 = CARTESIAN_POINT('',(-8.,31.9076,-1.42108547152E-14));
#364 = VECTOR('',#365,1.);
#365 = DIRECTION('',(8.9E-16,-1.,7.8E-16));
#366 = PCURVE('',#44,#367);
#367 = DEFINITIONAL_REPRESENTATION('',(#368),#372);
#368 = LINE('',#369,#370);
#369 = CARTESIAN_POINT('',(-19.9,-14.9108));
#370 = VECTOR('',#371,1.);
#371 = DIRECTION('',(1.,1.89E-15));
#372 = ( GEOMETRIC_REPRESENTATION_CONTEXT(2) 
PARAMETRIC_REPRESENTATION_CONTEXT() REPRESENTATION_CONTEXT('2D SPACE',''
  ) );
#373 = PCURVE('',#374,#379);
#374 = PLANE('',#375);
#375 = AXIS2_PLACEMENT_3D('',#376,#377,#378);
#376 = CARTESIAN_POINT('',(-22.9108,12.0076,-1.667E-14));
#377 = DIRECTION('',(3.39E-15,1.44E-15,-1.));
#378 = DIRECTION('',(2.78E-15,-1.,-1.44E-15));
#379 = DEFINITIONAL_REPRESENTATION('',(#380),#384);
#380 = LINE('',#381,#382);
#381 = CARTESIAN_POINT('',(-19.9,-14.9108));
#382 = VECTOR('',#383,1.);
#383 = DIRECTION('',(1.,1.89E-15));
#384 = ( GEOMETRIC_REPRESENTATION_CONTEXT(2) 
PARAMETRIC_REPRESENTATION_CONTEXT() REPRESENTATION_CONTEXT('2D SPACE',''
  ) );
#385 = ORIENTED_EDGE('',*,*,#386,.T.);
#386 = EDGE_CURVE('',#359,#387,#389,.T.);
#387 = VERTEX_POINT('',#388);
#388 = CARTESIAN_POINT('',(8.,-8.E-15,5.E-15));
#389 = SURFACE_CURVE('',#390,(#394,#401),.PCURVE_S1.);
#390 = LINE('',#391,#392);
#391 = CARTESIAN_POINT('',(-8.,5.33E-15,-1.33E-15));
#392 = VECTOR('',#393,1.);
#393 = DIRECTION('',(1.,-6.7E-16,1.7E-16));
#394 = PCURVE('',#44,#395);
#395 = DEFINITIONAL_REPRESENTATION('',(#396),#400);
#396 = LINE('',#397,#398);
#397 = CARTESIAN_POINT('',(12.0076,-14.9108));
#398 = VECTOR('',#399,1.);
#399 = DIRECTION('',(3.45E-15,-1.));
#400 = ( GEOMETRIC_REPRESENTATION_CONTEXT(2) 
PARAMETRIC_REPRESENTATION_CONTEXT() REPRESENTATION_CONTEXT('2D SPACE',''
  ) );
#401 = PCURVE('',#374,#402);
#402 = DEFINITIONAL_REPRESENTATION('',(#403),#407);
#403 = LINE('',#404,#405);
#404 = CARTESIAN_POINT('',(12.0076,-14.9108));
#405 = VECTOR('',#406,1.);
#406 = DIRECTION('',(3.45E-15,-1.));
#407 = ( GEOMETRIC_REPRESENTATION_CONTEXT(2) 
PARAMETRIC_REPRESENTATION_CONTEXT() REPRESENTATION_CONTEXT('2D SPACE',''
  ) );
#408 = ORIENTED_EDGE('',*,*,#409,.F.);
#409 = EDGE_CURVE('',#410,#387,#412,.T.);
#410 = VERTEX_POINT('',#411);
#411 = CARTESIAN_POINT('',(8.,11.756903524637,-1.7E-14));
#412 = SURFACE_CURVE('',#413,(#417,#424),.PCURVE_S1.);
#413 = LINE('',#414,#415);
#414 = CARTESIAN_POINT('',(8.,31.9076,-3.552713678801E-14));
#415 = VECTOR('',#416,1.);
#416 = DIRECTION('',(8.9E-16,-1.,7.8E-16));
#417 = PCURVE('',#44,#418);
#418 = DEFINITIONAL_REPRESENTATION('',(#419),#423);
#419 = LINE('',#420,#421);
#420 = CARTESIAN_POINT('',(-19.9,-30.9108));
#421 = VECTOR('',#422,1.);
#422 = DIRECTION('',(1.,1.89E-15));
#423 = ( GEOMETRIC_REPRESENTATION_CONTEXT(2) 
PARAMETRIC_REPRESENTATION_CONTEXT() REPRESENTATION_CONTEXT('2D SPACE',''
  ) );
#424 = PCURVE('',#374,#425);
#425 = DEFINITIONAL_REPRESENTATION('',(#426),#430);
#426 = LINE('',#427,#428);
#427 = CARTESIAN_POINT('',(-19.9,-30.9108));
#428 = VECTOR('',#429,1.);
#429 = DIRECTION('',(1.,1.89E-15));
#430 = ( GEOMETRIC_REPRESENTATION_CONTEXT(2) 
PARAMETRIC_REPRESENTATION_CONTEXT() REPRESENTATION_CONTEXT('2D SPACE',''
  ) );
#431 = ORIENTED_EDGE('',*,*,#432,.F.);
#432 = EDGE_CURVE('',#281,#410,#433,.T.);
#433 = SURFACE_CURVE('',#434,(#438,#445),.PCURVE_S1.);
#434 = LINE('',#435,#436);
#435 = CARTESIAN_POINT('',(141.6793886629,11.756903524637,-6.151E-14));
#436 = VECTOR('',#437,1.);
#437 = DIRECTION('',(-1.,1.11E-15,2.8E-16));
#438 = PCURVE('',#44,#439);
#439 = DEFINITIONAL_REPRESENTATION('',(#440),#444);
#440 = LINE('',#441,#442);
#441 = CARTESIAN_POINT('',(0.250696475364,-164.5901886629));
#442 = VECTOR('',#443,1.);
#443 = DIRECTION('',(-3.89E-15,1.));
#444 = ( GEOMETRIC_REPRESENTATION_CONTEXT(2) 
PARAMETRIC_REPRESENTATION_CONTEXT() REPRESENTATION_CONTEXT('2D SPACE',''
  ) );
#445 = PCURVE('',#446,#451);
#446 = CYLINDRICAL_SURFACE('',#447,2.);
#447 = AXIS2_PLACEMENT_3D('',#448,#449,#450);
#448 = CARTESIAN_POINT('',(141.6793886629,11.756903524637,2.));
#449 = DIRECTION('',(1.,-8.9E-16,-1.1E-16));
#450 = DIRECTION('',(8.9E-16,1.,-1.89E-15));
#451 = DEFINITIONAL_REPRESENTATION('',(#452),#456);
#452 = LINE('',#453,#454);
#453 = CARTESIAN_POINT('',(4.712388980385,0.));
#454 = VECTOR('',#455,1.);
#455 = DIRECTION('',(0.,-1.));
#456 = ( GEOMETRIC_REPRESENTATION_CONTEXT(2) 
PARAMETRIC_REPRESENTATION_CONTEXT() REPRESENTATION_CONTEXT('2D SPACE',''
  ) );
#457 = FACE_BOUND('',#458,.T.);
#458 = EDGE_LOOP('',(#459,#489,#522,#550,#583,#611,#644,#672));
#459 = ORIENTED_EDGE('',*,*,#460,.F.);
#460 = EDGE_CURVE('',#461,#463,#465,.T.);
#461 = VERTEX_POINT('',#462);
#462 = CARTESIAN_POINT('',(-3.3,-4.,6.E-15));
#463 = VERTEX_POINT('',#464);
#464 = CARTESIAN_POINT('',(3.3,-4.,1.1E-14));
#465 = SURFACE_CURVE('',#466,(#470,#477),.PCURVE_S1.);
#466 = LINE('',#467,#468);
#467 = CARTESIAN_POINT('',(-3.3,-4.,7.97E-15));
#468 = VECTOR('',#469,1.);
#469 = DIRECTION('',(1.,-7.8E-16,-6.7E-16));
#470 = PCURVE('',#44,#471);
#471 = DEFINITIONAL_REPRESENTATION('',(#472),#476);
#472 = LINE('',#473,#474);
#473 = CARTESIAN_POINT('',(16.0076,-19.6108));
#474 = VECTOR('',#475,1.);
#475 = DIRECTION('',(3.56E-15,-1.));
#476 = ( GEOMETRIC_REPRESENTATION_CONTEXT(2) 
PARAMETRIC_REPRESENTATION_CONTEXT() REPRESENTATION_CONTEXT('2D SPACE',''
  ) );
#477 = PCURVE('',#478,#483);
#478 = PLANE('',#479);
#479 = AXIS2_PLACEMENT_3D('',#480,#481,#482);
#480 = CARTESIAN_POINT('',(-3.3,-4.,7.24E-15));
#481 = DIRECTION('',(-1.44E-15,1.,-1.22E-15));
#482 = DIRECTION('',(1.,1.44E-15,-4.4E-16));
#483 = DEFINITIONAL_REPRESENTATION('',(#484),#488);
#484 = LINE('',#485,#486);
#485 = CARTESIAN_POINT('',(4.440892098501E-16,-7.3E-16));
#486 = VECTOR('',#487,1.);
#487 = DIRECTION('',(1.,2.3E-16));
#488 = ( GEOMETRIC_REPRESENTATION_CONTEXT(2) 
PARAMETRIC_REPRESENTATION_CONTEXT() REPRESENTATION_CONTEXT('2D SPACE',''
  ) );
#489 = ORIENTED_EDGE('',*,*,#490,.T.);
#490 = EDGE_CURVE('',#461,#491,#493,.T.);
#491 = VERTEX_POINT('',#492);
#492 = CARTESIAN_POINT('',(-5.3,-6.,9.E-15));
#493 = SURFACE_CURVE('',#494,(#499,#510),.PCURVE_S1.);
#494 = CIRCLE('',#495,2.);
#495 = AXIS2_PLACEMENT_3D('',#496,#497,#498);
#496 = CARTESIAN_POINT('',(-3.3,-6.,1.086E-14));
#497 = DIRECTION('',(6.7E-16,1.44E-15,1.));
#498 = DIRECTION('',(1.,-7.8E-16,-6.7E-16));
#499 = PCURVE('',#44,#500);
#500 = DEFINITIONAL_REPRESENTATION('',(#501),#509);
#501 = ( BOUNDED_CURVE() B_SPLINE_CURVE(2,(#502,#503,#504,#505,#506,#507
,#508),.UNSPECIFIED.,.T.,.F.) B_SPLINE_CURVE_WITH_KNOTS((1,2,2,2,2,1),(
    -2.094395102393,0.,2.094395102393,4.188790204786,6.28318530718,
8.377580409573),.UNSPECIFIED.) CURVE() GEOMETRIC_REPRESENTATION_ITEM() 
RATIONAL_B_SPLINE_CURVE((1.,0.5,1.,0.5,1.,0.5,1.)) REPRESENTATION_ITEM(
  '') );
#502 = CARTESIAN_POINT('',(18.0076,-21.6108));
#503 = CARTESIAN_POINT('',(14.543498384862,-21.6108));
#504 = CARTESIAN_POINT('',(16.275549192431,-18.6108));
#505 = CARTESIAN_POINT('',(18.0076,-15.6108));
#506 = CARTESIAN_POINT('',(19.739650807569,-18.6108));
#507 = CARTESIAN_POINT('',(21.471701615138,-21.6108));
#508 = CARTESIAN_POINT('',(18.0076,-21.6108));
#509 = ( GEOMETRIC_REPRESENTATION_CONTEXT(2) 
PARAMETRIC_REPRESENTATION_CONTEXT() REPRESENTATION_CONTEXT('2D SPACE',''
  ) );
#510 = PCURVE('',#511,#516);
#511 = CYLINDRICAL_SURFACE('',#512,2.);
#512 = AXIS2_PLACEMENT_3D('',#513,#514,#515);
#513 = CARTESIAN_POINT('',(-3.3,-6.,1.013E-14));
#514 = DIRECTION('',(1.78E-15,7.8E-16,-1.));
#515 = DIRECTION('',(1.,-7.8E-16,1.78E-15));
#516 = DEFINITIONAL_REPRESENTATION('',(#517),#521);
#517 = LINE('',#518,#519);
#518 = CARTESIAN_POINT('',(-0.,0.));
#519 = VECTOR('',#520,1.);
#520 = DIRECTION('',(-1.,0.));
#521 = ( GEOMETRIC_REPRESENTATION_CONTEXT(2) 
PARAMETRIC_REPRESENTATION_CONTEXT() REPRESENTATION_CONTEXT('2D SPACE',''
  ) );
#522 = ORIENTED_EDGE('',*,*,#523,.F.);
#523 = EDGE_CURVE('',#524,#491,#526,.T.);
#524 = VERTEX_POINT('',#525);
#525 = CARTESIAN_POINT('',(-5.3,-12.6,2.3E-14));
#526 = SURFACE_CURVE('',#527,(#531,#538),.PCURVE_S1.);
#527 = LINE('',#528,#529);
#528 = CARTESIAN_POINT('',(-5.3,-12.6,2.172E-14));
#529 = VECTOR('',#530,1.);
#530 = DIRECTION('',(-1.89E-15,1.,-1.44E-15));
#531 = PCURVE('',#44,#532);
#532 = DEFINITIONAL_REPRESENTATION('',(#533),#537);
#533 = LINE('',#534,#535);
#534 = CARTESIAN_POINT('',(24.6076,-17.6108));
#535 = VECTOR('',#536,1.);
#536 = DIRECTION('',(-1.,-8.9E-16));
#537 = ( GEOMETRIC_REPRESENTATION_CONTEXT(2) 
PARAMETRIC_REPRESENTATION_CONTEXT() REPRESENTATION_CONTEXT('2D SPACE',''
  ) );
#538 = PCURVE('',#539,#544);
#539 = PLANE('',#540);
#540 = AXIS2_PLACEMENT_3D('',#541,#542,#543);
#541 = CARTESIAN_POINT('',(-5.3,-12.6,2.054E-14));
#542 = DIRECTION('',(-1.,5.6E-16,2.2E-16));
#543 = DIRECTION('',(5.6E-16,1.,-1.44E-15));
#544 = DEFINITIONAL_REPRESENTATION('',(#545),#549);
#545 = LINE('',#546,#547);
#546 = CARTESIAN_POINT('',(-3.552713678801E-15,-1.18E-15));
#547 = VECTOR('',#548,1.);
#548 = DIRECTION('',(1.,5.916456789158E-31));
#549 = ( GEOMETRIC_REPRESENTATION_CONTEXT(2) 
PARAMETRIC_REPRESENTATION_CONTEXT() REPRESENTATION_CONTEXT('2D SPACE',''
  ) );
#550 = ORIENTED_EDGE('',*,*,#551,.T.);
#551 = EDGE_CURVE('',#524,#552,#554,.T.);
#552 = VERTEX_POINT('',#553);
#553 = CARTESIAN_POINT('',(-3.3,-14.6,2.9E-14));
#554 = SURFACE_CURVE('',#555,(#560,#571),.PCURVE_S1.);
#555 = CIRCLE('',#556,2.);
#556 = AXIS2_PLACEMENT_3D('',#557,#558,#559);
#557 = CARTESIAN_POINT('',(-3.3,-12.6,2.038E-14));
#558 = DIRECTION('',(6.7E-16,1.44E-15,1.));
#559 = DIRECTION('',(1.,-7.8E-16,-6.7E-16));
#560 = PCURVE('',#44,#561);
#561 = DEFINITIONAL_REPRESENTATION('',(#562),#570);
#562 = ( BOUNDED_CURVE() B_SPLINE_CURVE(2,(#563,#564,#565,#566,#567,#568
,#569),.UNSPECIFIED.,.T.,.F.) B_SPLINE_CURVE_WITH_KNOTS((1,2,2,2,2,1),(
    -2.094395102393,0.,2.094395102393,4.188790204786,6.28318530718,
8.377580409573),.UNSPECIFIED.) CURVE() GEOMETRIC_REPRESENTATION_ITEM() 
RATIONAL_B_SPLINE_CURVE((1.,0.5,1.,0.5,1.,0.5,1.)) REPRESENTATION_ITEM(
  '') );
#563 = CARTESIAN_POINT('',(24.6076,-21.6108));
#564 = CARTESIAN_POINT('',(21.143498384862,-21.6108));
#565 = CARTESIAN_POINT('',(22.875549192431,-18.6108));
#566 = CARTESIAN_POINT('',(24.6076,-15.6108));
#567 = CARTESIAN_POINT('',(26.339650807569,-18.6108));
#568 = CARTESIAN_POINT('',(28.071701615138,-21.6108));
#569 = CARTESIAN_POINT('',(24.6076,-21.6108));
#570 = ( GEOMETRIC_REPRESENTATION_CONTEXT(2) 
PARAMETRIC_REPRESENTATION_CONTEXT() REPRESENTATION_CONTEXT('2D SPACE',''
  ) );
#571 = PCURVE('',#572,#577);
#572 = CYLINDRICAL_SURFACE('',#573,2.);
#573 = AXIS2_PLACEMENT_3D('',#574,#575,#576);
#574 = CARTESIAN_POINT('',(-3.3,-12.6,1.965E-14));
#575 = DIRECTION('',(1.78E-15,7.8E-16,-1.));
#576 = DIRECTION('',(1.,-7.8E-16,1.78E-15));
#577 = DEFINITIONAL_REPRESENTATION('',(#578),#582);
#578 = LINE('',#579,#580);
#579 = CARTESIAN_POINT('',(-0.,0.));
#580 = VECTOR('',#581,1.);
#581 = DIRECTION('',(-1.,0.));
#582 = ( GEOMETRIC_REPRESENTATION_CONTEXT(2) 
PARAMETRIC_REPRESENTATION_CONTEXT() REPRESENTATION_CONTEXT('2D SPACE',''
  ) );
#583 = ORIENTED_EDGE('',*,*,#584,.F.);
#584 = EDGE_CURVE('',#585,#552,#587,.T.);
#585 = VERTEX_POINT('',#586);
#586 = CARTESIAN_POINT('',(3.3,-14.6,3.3E-14));
#587 = SURFACE_CURVE('',#588,(#592,#599),.PCURVE_S1.);
#588 = LINE('',#589,#590);
#589 = CARTESIAN_POINT('',(3.3,-14.6,1.887E-14));
#590 = VECTOR('',#591,1.);
#591 = DIRECTION('',(-1.,7.8E-16,6.7E-16));
#592 = PCURVE('',#44,#593);
#593 = DEFINITIONAL_REPRESENTATION('',(#594),#598);
#594 = LINE('',#595,#596);
#595 = CARTESIAN_POINT('',(26.6076,-26.2108));
#596 = VECTOR('',#597,1.);
#597 = DIRECTION('',(-3.56E-15,1.));
#598 = ( GEOMETRIC_REPRESENTATION_CONTEXT(2) 
PARAMETRIC_REPRESENTATION_CONTEXT() REPRESENTATION_CONTEXT('2D SPACE',''
  ) );
#599 = PCURVE('',#600,#605);
#600 = PLANE('',#601);
#601 = AXIS2_PLACEMENT_3D('',#602,#603,#604);
#602 = CARTESIAN_POINT('',(3.3,-14.6,1.961E-14));
#603 = DIRECTION('',(1.44E-15,-1.,1.22E-15));
#604 = DIRECTION('',(-1.,-1.44E-15,4.4E-16));
#605 = DEFINITIONAL_REPRESENTATION('',(#606),#610);
#606 = LINE('',#607,#608);
#607 = CARTESIAN_POINT('',(-3.996802888651E-15,7.4E-16));
#608 = VECTOR('',#609,1.);
#609 = DIRECTION('',(1.,-2.3E-16));
#610 = ( GEOMETRIC_REPRESENTATION_CONTEXT(2) 
PARAMETRIC_REPRESENTATION_CONTEXT() REPRESENTATION_CONTEXT('2D SPACE',''
  ) );
#611 = ORIENTED_EDGE('',*,*,#612,.T.);
#612 = EDGE_CURVE('',#585,#613,#615,.T.);
#613 = VERTEX_POINT('',#614);
#614 = CARTESIAN_POINT('',(5.3,-12.6,3.E-14));
#615 = SURFACE_CURVE('',#616,(#621,#632),.PCURVE_S1.);
#616 = CIRCLE('',#617,2.);
#617 = AXIS2_PLACEMENT_3D('',#618,#619,#620);
#618 = CARTESIAN_POINT('',(3.3,-12.6,1.599E-14));
#619 = DIRECTION('',(6.7E-16,1.44E-15,1.));
#620 = DIRECTION('',(1.,-7.8E-16,-6.7E-16));
#621 = PCURVE('',#44,#622);
#622 = DEFINITIONAL_REPRESENTATION('',(#623),#631);
#623 = ( BOUNDED_CURVE() B_SPLINE_CURVE(2,(#624,#625,#626,#627,#628,#629
,#630),.UNSPECIFIED.,.T.,.F.) B_SPLINE_CURVE_WITH_KNOTS((1,2,2,2,2,1),(
    -2.094395102393,0.,2.094395102393,4.188790204786,6.28318530718,
8.377580409573),.UNSPECIFIED.) CURVE() GEOMETRIC_REPRESENTATION_ITEM() 
RATIONAL_B_SPLINE_CURVE((1.,0.5,1.,0.5,1.,0.5,1.)) REPRESENTATION_ITEM(
  '') );
#624 = CARTESIAN_POINT('',(24.6076,-28.2108));
#625 = CARTESIAN_POINT('',(21.143498384862,-28.2108));
#626 = CARTESIAN_POINT('',(22.875549192431,-25.2108));
#627 = CARTESIAN_POINT('',(24.6076,-22.2108));
#628 = CARTESIAN_POINT('',(26.339650807569,-25.2108));
#629 = CARTESIAN_POINT('',(28.071701615138,-28.2108));
#630 = CARTESIAN_POINT('',(24.6076,-28.2108));
#631 = ( GEOMETRIC_REPRESENTATION_CONTEXT(2) 
PARAMETRIC_REPRESENTATION_CONTEXT() REPRESENTATION_CONTEXT('2D SPACE',''
  ) );
#632 = PCURVE('',#633,#638);
#633 = CYLINDRICAL_SURFACE('',#634,2.);
#634 = AXIS2_PLACEMENT_3D('',#635,#636,#637);
#635 = CARTESIAN_POINT('',(3.3,-12.6,1.672E-14));
#636 = DIRECTION('',(1.78E-15,7.8E-16,-1.));
#637 = DIRECTION('',(1.,-7.8E-16,1.78E-15));
#638 = DEFINITIONAL_REPRESENTATION('',(#639),#643);
#639 = LINE('',#640,#641);
#640 = CARTESIAN_POINT('',(-0.,0.));
#641 = VECTOR('',#642,1.);
#642 = DIRECTION('',(-1.,0.));
#643 = ( GEOMETRIC_REPRESENTATION_CONTEXT(2) 
PARAMETRIC_REPRESENTATION_CONTEXT() REPRESENTATION_CONTEXT('2D SPACE',''
  ) );
#644 = ORIENTED_EDGE('',*,*,#645,.F.);
#645 = EDGE_CURVE('',#646,#613,#648,.T.);
#646 = VERTEX_POINT('',#647);
#647 = CARTESIAN_POINT('',(5.3,-6.,1.6E-14));
#648 = SURFACE_CURVE('',#649,(#653,#660),.PCURVE_S1.);
#649 = LINE('',#650,#651);
#650 = CARTESIAN_POINT('',(5.3,-6.,5.13E-15));
#651 = VECTOR('',#652,1.);
#652 = DIRECTION('',(1.89E-15,-1.,1.44E-15));
#653 = PCURVE('',#44,#654);
#654 = DEFINITIONAL_REPRESENTATION('',(#655),#659);
#655 = LINE('',#656,#657);
#656 = CARTESIAN_POINT('',(18.0076,-28.2108));
#657 = VECTOR('',#658,1.);
#658 = DIRECTION('',(1.,8.9E-16));
#659 = ( GEOMETRIC_REPRESENTATION_CONTEXT(2) 
PARAMETRIC_REPRESENTATION_CONTEXT() REPRESENTATION_CONTEXT('2D SPACE',''
  ) );
#660 = PCURVE('',#661,#666);
#661 = PLANE('',#662);
#662 = AXIS2_PLACEMENT_3D('',#663,#664,#665);
#663 = CARTESIAN_POINT('',(5.3,-6.,6.31E-15));
#664 = DIRECTION('',(1.,-5.6E-16,-2.2E-16));
#665 = DIRECTION('',(-5.6E-16,-1.,1.44E-15));
#666 = DEFINITIONAL_REPRESENTATION('',(#667),#671);
#667 = LINE('',#668,#669);
#668 = CARTESIAN_POINT('',(1.7763568394E-15,1.18E-15));
#669 = VECTOR('',#670,1.);
#670 = DIRECTION('',(1.,-5.916456789158E-31));
#671 = ( GEOMETRIC_REPRESENTATION_CONTEXT(2) 
PARAMETRIC_REPRESENTATION_CONTEXT() REPRESENTATION_CONTEXT('2D SPACE',''
  ) );
#672 = ORIENTED_EDGE('',*,*,#673,.T.);
#673 = EDGE_CURVE('',#646,#463,#674,.T.);
#674 = SURFACE_CURVE('',#675,(#680,#691),.PCURVE_S1.);
#675 = CIRCLE('',#676,2.);
#676 = AXIS2_PLACEMENT_3D('',#677,#678,#679);
#677 = CARTESIAN_POINT('',(3.3,-6.,6.46E-15));
#678 = DIRECTION('',(6.7E-16,1.44E-15,1.));
#679 = DIRECTION('',(1.,-7.8E-16,-6.7E-16));
#680 = PCURVE('',#44,#681);
#681 = DEFINITIONAL_REPRESENTATION('',(#682),#690);
#682 = ( BOUNDED_CURVE() B_SPLINE_CURVE(2,(#683,#684,#685,#686,#687,#688
,#689),.UNSPECIFIED.,.T.,.F.) B_SPLINE_CURVE_WITH_KNOTS((1,2,2,2,2,1),(
    -2.094395102393,0.,2.094395102393,4.188790204786,6.28318530718,
8.377580409573),.UNSPECIFIED.) CURVE() GEOMETRIC_REPRESENTATION_ITEM() 
RATIONAL_B_SPLINE_CURVE((1.,0.5,1.,0.5,1.,0.5,1.)) REPRESENTATION_ITEM(
  '') );
#683 = CARTESIAN_POINT('',(18.0076,-28.2108));
#684 = CARTESIAN_POINT('',(14.543498384862,-28.2108));
#685 = CARTESIAN_POINT('',(16.275549192431,-25.2108));
#686 = CARTESIAN_POINT('',(18.0076,-22.2108));
#687 = CARTESIAN_POINT('',(19.739650807569,-25.2108));
#688 = CARTESIAN_POINT('',(21.471701615138,-28.2108));
#689 = CARTESIAN_POINT('',(18.0076,-28.2108));
#690 = ( GEOMETRIC_REPRESENTATION_CONTEXT(2) 
PARAMETRIC_REPRESENTATION_CONTEXT() REPRESENTATION_CONTEXT('2D SPACE',''
  ) );
#691 = PCURVE('',#692,#697);
#692 = CYLINDRICAL_SURFACE('',#693,2.);
#693 = AXIS2_PLACEMENT_3D('',#694,#695,#696);
#694 = CARTESIAN_POINT('',(3.3,-6.,7.19E-15));
#695 = DIRECTION('',(1.78E-15,7.8E-16,-1.));
#696 = DIRECTION('',(1.,-7.8E-16,1.78E-15));
#697 = DEFINITIONAL_REPRESENTATION('',(#698),#702);
#698 = LINE('',#699,#700);
#699 = CARTESIAN_POINT('',(-0.,0.));
#700 = VECTOR('',#701,1.);
#701 = DIRECTION('',(-1.,0.));
#702 = ( GEOMETRIC_REPRESENTATION_CONTEXT(2) 
PARAMETRIC_REPRESENTATION_CONTEXT() REPRESENTATION_CONTEXT('2D SPACE',''
  ) );
#703 = ADVANCED_FACE('',(#704),#73,.T.);
#704 = FACE_BOUND('',#705,.T.);
#705 = EDGE_LOOP('',(#706,#735,#736,#760));
#706 = ORIENTED_EDGE('',*,*,#707,.F.);
#707 = EDGE_CURVE('',#57,#708,#710,.T.);
#708 = VERTEX_POINT('',#709);
#709 = CARTESIAN_POINT('',(-14.99354513164,-18.6,5.746017681246));
#710 = SURFACE_CURVE('',#711,(#716,#723),.PCURVE_S1.);
#711 = CIRCLE('',#712,1.);
#712 = AXIS2_PLACEMENT_3D('',#713,#714,#715);
#713 = CARTESIAN_POINT('',(-14.99354513164,-17.6,5.746017681246));
#714 = DIRECTION('',(-5.07964637509E-02,1.67E-15,0.998709026329));
#715 = DIRECTION('',(-0.998709026329,-1.4E-16,-5.07964637509E-02));
#716 = PCURVE('',#73,#717);
#717 = DEFINITIONAL_REPRESENTATION('',(#718),#722);
#718 = LINE('',#719,#720);
#719 = CARTESIAN_POINT('',(-3.109E-14,0.));
#720 = VECTOR('',#721,1.);
#721 = DIRECTION('',(0.,1.));
#722 = ( GEOMETRIC_REPRESENTATION_CONTEXT(2) 
PARAMETRIC_REPRESENTATION_CONTEXT() REPRESENTATION_CONTEXT('2D SPACE',''
  ) );
#723 = PCURVE('',#724,#729);
#724 = CYLINDRICAL_SURFACE('',#725,1.);
#725 = AXIS2_PLACEMENT_3D('',#726,#727,#728);
#726 = CARTESIAN_POINT('',(-16.65095305874,-17.6,38.332306861165));
#727 = DIRECTION('',(5.07964637509E-02,-1.67E-15,-0.998709026329));
#728 = DIRECTION('',(-0.998709026329,-1.4E-16,-5.07964637509E-02));
#729 = DEFINITIONAL_REPRESENTATION('',(#730),#734);
#730 = LINE('',#731,#732);
#731 = CARTESIAN_POINT('',(-0.,32.628411600231));
#732 = VECTOR('',#733,1.);
#733 = DIRECTION('',(-1.,0.));
#734 = ( GEOMETRIC_REPRESENTATION_CONTEXT(2) 
PARAMETRIC_REPRESENTATION_CONTEXT() REPRESENTATION_CONTEXT('2D SPACE',''
  ) );
#735 = ORIENTED_EDGE('',*,*,#56,.T.);
#736 = ORIENTED_EDGE('',*,*,#737,.T.);
#737 = EDGE_CURVE('',#22,#738,#740,.T.);
#738 = VERTEX_POINT('',#739);
#739 = CARTESIAN_POINT('',(-10.,-18.6,1.));
#740 = SURFACE_CURVE('',#741,(#746,#753),.PCURVE_S1.);
#741 = CIRCLE('',#742,1.);
#742 = AXIS2_PLACEMENT_3D('',#743,#744,#745);
#743 = CARTESIAN_POINT('',(-10.,-17.6,1.));
#744 = DIRECTION('',(-1.,1.68E-15,7.83E-15));
#745 = DIRECTION('',(-7.83E-15,-1.42E-15,-1.));
#746 = PCURVE('',#73,#747);
#747 = DEFINITIONAL_REPRESENTATION('',(#748),#752);
#748 = LINE('',#749,#750);
#749 = CARTESIAN_POINT('',(1.519977992784,0.));
#750 = VECTOR('',#751,1.);
#751 = DIRECTION('',(0.,1.));
#752 = ( GEOMETRIC_REPRESENTATION_CONTEXT(2) 
PARAMETRIC_REPRESENTATION_CONTEXT() REPRESENTATION_CONTEXT('2D SPACE',''
  ) );
#753 = PCURVE('',#322,#754);
#754 = DEFINITIONAL_REPRESENTATION('',(#755),#759);
#755 = LINE('',#756,#757);
#756 = CARTESIAN_POINT('',(-0.,-9.055E-14));
#757 = VECTOR('',#758,1.);
#758 = DIRECTION('',(-1.,0.));
#759 = ( GEOMETRIC_REPRESENTATION_CONTEXT(2) 
PARAMETRIC_REPRESENTATION_CONTEXT() REPRESENTATION_CONTEXT('2D SPACE',''
  ) );
#760 = ORIENTED_EDGE('',*,*,#761,.F.);
#761 = EDGE_CURVE('',#708,#738,#762,.T.);
#762 = SURFACE_CURVE('',#763,(#768,#775),.PCURVE_S1.);
#763 = CIRCLE('',#764,5.);
#764 = AXIS2_PLACEMENT_3D('',#765,#766,#767);
#765 = CARTESIAN_POINT('',(-10.,-18.6,6.));
#766 = DIRECTION('',(-1.68E-15,-1.,1.42E-15));
#767 = DIRECTION('',(-0.998709026329,1.605700185706E-15,
    -5.079646375092E-02));
#768 = PCURVE('',#73,#769);
#769 = DEFINITIONAL_REPRESENTATION('',(#770),#774);
#770 = LINE('',#771,#772);
#771 = CARTESIAN_POINT('',(0.,1.570796326795));
#772 = VECTOR('',#773,1.);
#773 = DIRECTION('',(1.,0.));
#774 = ( GEOMETRIC_REPRESENTATION_CONTEXT(2) 
PARAMETRIC_REPRESENTATION_CONTEXT() REPRESENTATION_CONTEXT('2D SPACE',''
  ) );
#775 = PCURVE('',#776,#781);
#776 = PLANE('',#777);
#777 = AXIS2_PLACEMENT_3D('',#778,#779,#780);
#778 = CARTESIAN_POINT('',(-1.619244333E-07,-18.6,62.120049275319));
#779 = DIRECTION('',(2.21E-15,-1.,2.19E-15));
#780 = DIRECTION('',(2.44E-15,-2.19E-15,-1.));
#781 = DEFINITIONAL_REPRESENTATION('',(#782),#786);
#782 = CIRCLE('',#783,5.);
#783 = AXIS2_PLACEMENT_2D('',#784,#785);
#784 = CARTESIAN_POINT('',(56.120049275318,-9.999999838075));
#785 = DIRECTION('',(5.079646375092E-02,-0.998709026329));
#786 = ( GEOMETRIC_REPRESENTATION_CONTEXT(2) 
PARAMETRIC_REPRESENTATION_CONTEXT() REPRESENTATION_CONTEXT('2D SPACE',''
  ) );
#787 = ADVANCED_FACE('',(#788),#229,.F.);
#788 = FACE_BOUND('',#789,.F.);
#789 = EDGE_LOOP('',(#790,#823,#844,#845));
#790 = ORIENTED_EDGE('',*,*,#791,.F.);
#791 = EDGE_CURVE('',#792,#336,#794,.T.);
#792 = VERTEX_POINT('',#793);
#793 = CARTESIAN_POINT('',(-8.,9.774707536967,1.733731213876));
#794 = SURFACE_CURVE('',#795,(#800,#807),.PCURVE_S1.);
#795 = CIRCLE('',#796,2.);
#796 = AXIS2_PLACEMENT_3D('',#797,#798,#799);
#797 = CARTESIAN_POINT('',(-8.,11.756903524637,2.));
#798 = DIRECTION('',(1.,-4.4E-16,1.67E-15));
#799 = DIRECTION('',(4.4E-16,1.,-2.33E-15));
#800 = PCURVE('',#229,#801);
#801 = DEFINITIONAL_REPRESENTATION('',(#802),#806);
#802 = LINE('',#803,#804);
#803 = CARTESIAN_POINT('',(-8.9E-16,-149.6793886629));
#804 = VECTOR('',#805,1.);
#805 = DIRECTION('',(1.,0.));
#806 = ( GEOMETRIC_REPRESENTATION_CONTEXT(2) 
PARAMETRIC_REPRESENTATION_CONTEXT() REPRESENTATION_CONTEXT('2D SPACE',''
  ) );
#807 = PCURVE('',#808,#813);
#808 = PLANE('',#809);
#809 = AXIS2_PLACEMENT_3D('',#810,#811,#812);
#810 = CARTESIAN_POINT('',(-8.,17.144731545409,5.438401603549));
#811 = DIRECTION('',(-1.,6.7E-16,1.1E-16));
#812 = DIRECTION('',(-1.1E-16,5.6E-16,-1.));
#813 = DEFINITIONAL_REPRESENTATION('',(#814),#822);
#814 = ( BOUNDED_CURVE() B_SPLINE_CURVE(2,(#815,#816,#817,#818,#819,#820
,#821),.UNSPECIFIED.,.T.,.F.) B_SPLINE_CURVE_WITH_KNOTS((1,2,2,2,2,1),(
    -2.094395102393,0.,2.094395102393,4.188790204786,6.28318530718,
8.377580409573),.UNSPECIFIED.) CURVE() GEOMETRIC_REPRESENTATION_ITEM() 
RATIONAL_B_SPLINE_CURVE((1.,0.5,1.,0.5,1.,0.5,1.)) REPRESENTATION_ITEM(
  '') );
#815 = CARTESIAN_POINT('',(3.438401603549,3.387828020772));
#816 = CARTESIAN_POINT('',(-2.570001158856E-02,3.387828020772));
#817 = CARTESIAN_POINT('',(1.70635079598,6.387828020772));
#818 = CARTESIAN_POINT('',(3.438401603549,9.387828020772));
#819 = CARTESIAN_POINT('',(5.170452411118,6.387828020772));
#820 = CARTESIAN_POINT('',(6.902503218687,3.387828020772));
#821 = CARTESIAN_POINT('',(3.438401603549,3.387828020772));
#822 = ( GEOMETRIC_REPRESENTATION_CONTEXT(2) 
PARAMETRIC_REPRESENTATION_CONTEXT() REPRESENTATION_CONTEXT('2D SPACE',''
  ) );
#823 = ORIENTED_EDGE('',*,*,#824,.T.);
#824 = EDGE_CURVE('',#792,#114,#825,.T.);
#825 = SURFACE_CURVE('',#826,(#830,#837),.PCURVE_S1.);
#826 = LINE('',#827,#828);
#827 = CARTESIAN_POINT('',(141.6793886629,9.774707536966,1.733731213876)
  );
#828 = VECTOR('',#829,1.);
#829 = DIRECTION('',(-1.,1.11E-15,2.8E-16));
#830 = PCURVE('',#229,#831);
#831 = DEFINITIONAL_REPRESENTATION('',(#832),#836);
#832 = LINE('',#833,#834);
#833 = CARTESIAN_POINT('',(3.275123513146,0.));
#834 = VECTOR('',#835,1.);
#835 = DIRECTION('',(0.,-1.));
#836 = ( GEOMETRIC_REPRESENTATION_CONTEXT(2) 
PARAMETRIC_REPRESENTATION_CONTEXT() REPRESENTATION_CONTEXT('2D SPACE',''
  ) );
#837 = PCURVE('',#135,#838);
#838 = DEFINITIONAL_REPRESENTATION('',(#839),#843);
#839 = LINE('',#840,#841);
#840 = CARTESIAN_POINT('',(0.,0.));
#841 = VECTOR('',#842,1.);
#842 = DIRECTION('',(2.419728261975E-15,-1.));
#843 = ( GEOMETRIC_REPRESENTATION_CONTEXT(2) 
PARAMETRIC_REPRESENTATION_CONTEXT() REPRESENTATION_CONTEXT('2D SPACE',''
  ) );
#844 = ORIENTED_EDGE('',*,*,#147,.T.);
#845 = ORIENTED_EDGE('',*,*,#335,.F.);
#846 = ADVANCED_FACE('',(#847),#101,.F.);
#847 = FACE_BOUND('',#848,.F.);
#848 = EDGE_LOOP('',(#849,#883,#911,#932,#933,#956,#979,#1015));
#849 = ORIENTED_EDGE('',*,*,#850,.F.);
#850 = EDGE_CURVE('',#851,#853,#855,.T.);
#851 = VERTEX_POINT('',#852);
#852 = CARTESIAN_POINT('',(-17.67223231039,-17.6,38.725263487584));
#853 = VERTEX_POINT('',#854);
#854 = CARTESIAN_POINT('',(-17.64966208507,-16.6,38.281510397414));
#855 = SURFACE_CURVE('',#856,(#861,#868),.PCURVE_S1.);
#856 = ELLIPSE('',#857,3.316499670823,2.);
#857 = AXIS2_PLACEMENT_3D('',#858,#859,#860);
#858 = CARTESIAN_POINT('',(-17.81812854038,-16.6,41.59372855448));
#859 = DIRECTION('',(0.998709026329,-1.72E-15,5.07964637509E-02));
#860 = DIRECTION('',(-5.07964637509E-02,5.8E-16,0.998709026329));
#861 = PCURVE('',#101,#862);
#862 = DEFINITIONAL_REPRESENTATION('',(#863),#867);
#863 = ELLIPSE('',#864,3.316499670823,2.);
#864 = AXIS2_PLACEMENT_2D('',#865,#866);
#865 = CARTESIAN_POINT('',(35.944911271053,-120.9110241319));
#866 = DIRECTION('',(1.,-2.41E-15));
#867 = ( GEOMETRIC_REPRESENTATION_CONTEXT(2) 
PARAMETRIC_REPRESENTATION_CONTEXT() REPRESENTATION_CONTEXT('2D SPACE',''
  ) );
#868 = PCURVE('',#869,#874);
#869 = CYLINDRICAL_SURFACE('',#870,2.);
#870 = AXIS2_PLACEMENT_3D('',#871,#872,#873);
#871 = CARTESIAN_POINT('',(-16.11757319883,-16.6,39.567085616787));
#872 = DIRECTION('',(-0.642787609686,1.5E-15,0.766044443119));
#873 = DIRECTION('',(-1.249623997951E-15,-1.,9.095518982074E-16));
#874 = DEFINITIONAL_REPRESENTATION('',(#875),#882);
#875 = B_SPLINE_CURVE_WITH_KNOTS('',5,(#876,#877,#878,#879,#880,#881),
  .UNSPECIFIED.,.F.,.F.,(6,6),(1.570796326795,3.14159265359),
  .PIECEWISE_BEZIER_KNOTS.);
#876 = CARTESIAN_POINT('',(-2.032E-14,2.645594463739));
#877 = CARTESIAN_POINT('',(-0.314159265359,1.814456450573));
#878 = CARTESIAN_POINT('',(-0.628318431586,0.98259258107));
#879 = CARTESIAN_POINT('',(-0.942495861576,0.32542841691));
#880 = CARTESIAN_POINT('',(-1.256637061436,-5.8456E-13));
#881 = CARTESIAN_POINT('',(-1.570796326795,-5.6855E-13));
#882 = ( GEOMETRIC_REPRESENTATION_CONTEXT(2) 
PARAMETRIC_REPRESENTATION_CONTEXT() REPRESENTATION_CONTEXT('2D SPACE',''
  ) );
#883 = ORIENTED_EDGE('',*,*,#884,.T.);
#884 = EDGE_CURVE('',#851,#885,#887,.T.);
#885 = VERTEX_POINT('',#886);
#886 = CARTESIAN_POINT('',(-17.64966208507,-17.6,38.281510397414));
#887 = SURFACE_CURVE('',#888,(#892,#899),.PCURVE_S1.);
#888 = LINE('',#889,#890);
#889 = CARTESIAN_POINT('',(-17.81812854038,-17.6,41.59372855448));
#890 = VECTOR('',#891,1.);
#891 = DIRECTION('',(5.07964637509E-02,-2.97E-15,-0.998709026329));
#892 = PCURVE('',#101,#893);
#893 = DEFINITIONAL_REPRESENTATION('',(#894),#898);
#894 = LINE('',#895,#896);
#895 = CARTESIAN_POINT('',(35.944911271053,-119.9110241319));
#896 = VECTOR('',#897,1.);
#897 = DIRECTION('',(-1.,4.8E-15));
#898 = ( GEOMETRIC_REPRESENTATION_CONTEXT(2) 
PARAMETRIC_REPRESENTATION_CONTEXT() REPRESENTATION_CONTEXT('2D SPACE',''
  ) );
#899 = PCURVE('',#900,#905);
#900 = CYLINDRICAL_SURFACE('',#901,1.);
#901 = AXIS2_PLACEMENT_3D('',#902,#903,#904);
#902 = CARTESIAN_POINT('',(-16.81941951405,-17.6,41.644525018231));
#903 = DIRECTION('',(5.07964637509E-02,-2.97E-15,-0.998709026329));
#904 = DIRECTION('',(-0.998709026329,-1.4E-16,-5.07964637509E-02));
#905 = DEFINITIONAL_REPRESENTATION('',(#906),#910);
#906 = LINE('',#907,#908);
#907 = CARTESIAN_POINT('',(-0.,0.));
#908 = VECTOR('',#909,1.);
#909 = DIRECTION('',(-0.,1.));
#910 = ( GEOMETRIC_REPRESENTATION_CONTEXT(2) 
PARAMETRIC_REPRESENTATION_CONTEXT() REPRESENTATION_CONTEXT('2D SPACE',''
  ) );
#911 = ORIENTED_EDGE('',*,*,#912,.T.);
#912 = EDGE_CURVE('',#885,#57,#913,.T.);
#913 = SURFACE_CURVE('',#914,(#918,#925),.PCURVE_S1.);
#914 = LINE('',#915,#916);
#915 = CARTESIAN_POINT('',(-17.64966208507,-17.6,38.281510397414));
#916 = VECTOR('',#917,1.);
#917 = DIRECTION('',(5.07964637509E-02,-1.67E-15,-0.998709026329));
#918 = PCURVE('',#101,#919);
#919 = DEFINITIONAL_REPRESENTATION('',(#920),#924);
#920 = LINE('',#921,#922);
#921 = CARTESIAN_POINT('',(32.628411600231,-119.9110241319));
#922 = VECTOR('',#923,1.);
#923 = DIRECTION('',(-1.,3.5E-15));
#924 = ( GEOMETRIC_REPRESENTATION_CONTEXT(2) 
PARAMETRIC_REPRESENTATION_CONTEXT() REPRESENTATION_CONTEXT('2D SPACE',''
  ) );
#925 = PCURVE('',#724,#926);
#926 = DEFINITIONAL_REPRESENTATION('',(#927),#931);
#927 = LINE('',#928,#929);
#928 = CARTESIAN_POINT('',(-0.,0.));
#929 = VECTOR('',#930,1.);
#930 = DIRECTION('',(-0.,1.));
#931 = ( GEOMETRIC_REPRESENTATION_CONTEXT(2) 
PARAMETRIC_REPRESENTATION_CONTEXT() REPRESENTATION_CONTEXT('2D SPACE',''
  ) );
#932 = ORIENTED_EDGE('',*,*,#85,.T.);
#933 = ORIENTED_EDGE('',*,*,#934,.T.);
#934 = EDGE_CURVE('',#86,#935,#937,.T.);
#935 = VERTEX_POINT('',#936);
#936 = CARTESIAN_POINT('',(-17.64966208507,4.865237000629,
    38.281510397414));
#937 = SURFACE_CURVE('',#938,(#942,#949),.PCURVE_S1.);
#938 = LINE('',#939,#940);
#939 = CARTESIAN_POINT('',(-16.18314194735,8.738412644816,9.448265114631
    ));
#940 = VECTOR('',#941,1.);
#941 = DIRECTION('',(-5.034542460142E-02,-0.132965560682,0.989841147808)
  );
#942 = PCURVE('',#101,#943);
#943 = DEFINITIONAL_REPRESENTATION('',(#944),#948);
#944 = LINE('',#945,#946);
#945 = CARTESIAN_POINT('',(3.757895240952,-146.2494367768));
#946 = VECTOR('',#947,1.);
#947 = DIRECTION('',(0.991120658483,0.132965560682));
#948 = ( GEOMETRIC_REPRESENTATION_CONTEXT(2) 
PARAMETRIC_REPRESENTATION_CONTEXT() REPRESENTATION_CONTEXT('2D SPACE',''
  ) );
#949 = PCURVE('',#135,#950);
#950 = DEFINITIONAL_REPRESENTATION('',(#951),#955);
#951 = LINE('',#952,#953);
#952 = CARTESIAN_POINT('',(7.783825563911,-157.8625306102));
#953 = VECTOR('',#954,1.);
#954 = DIRECTION('',(0.998731865028,-5.034542460141E-02));
#955 = ( GEOMETRIC_REPRESENTATION_CONTEXT(2) 
PARAMETRIC_REPRESENTATION_CONTEXT() REPRESENTATION_CONTEXT('2D SPACE',''
  ) );
#956 = ORIENTED_EDGE('',*,*,#957,.T.);
#957 = EDGE_CURVE('',#935,#958,#960,.T.);
#958 = VERTEX_POINT('',#959);
#959 = CARTESIAN_POINT('',(-17.83254541752,4.382230152812,
    41.877178705732));
#960 = SURFACE_CURVE('',#961,(#965,#972),.PCURVE_S1.);
#961 = LINE('',#962,#963);
#962 = CARTESIAN_POINT('',(-16.18314194735,8.738412644816,9.448265114631
    ));
#963 = VECTOR('',#964,1.);
#964 = DIRECTION('',(-5.034542460142E-02,-0.132965560682,0.989841147808)
  );
#965 = PCURVE('',#101,#966);
#966 = DEFINITIONAL_REPRESENTATION('',(#967),#971);
#967 = LINE('',#968,#969);
#968 = CARTESIAN_POINT('',(3.757895240951,-146.2494367768));
#969 = VECTOR('',#970,1.);
#970 = DIRECTION('',(0.991120658483,0.132965560682));
#971 = ( GEOMETRIC_REPRESENTATION_CONTEXT(2) 
PARAMETRIC_REPRESENTATION_CONTEXT() REPRESENTATION_CONTEXT('2D SPACE',''
  ) );
#972 = PCURVE('',#135,#973);
#973 = DEFINITIONAL_REPRESENTATION('',(#974),#978);
#974 = LINE('',#975,#976);
#975 = CARTESIAN_POINT('',(7.783825563911,-157.8625306102));
#976 = VECTOR('',#977,1.);
#977 = DIRECTION('',(0.998731865028,-5.034542460141E-02));
#978 = ( GEOMETRIC_REPRESENTATION_CONTEXT(2) 
PARAMETRIC_REPRESENTATION_CONTEXT() REPRESENTATION_CONTEXT('2D SPACE',''
  ) );
#979 = ORIENTED_EDGE('',*,*,#980,.T.);
#980 = EDGE_CURVE('',#958,#981,#983,.T.);
#981 = VERTEX_POINT('',#982);
#982 = CARTESIAN_POINT('',(-17.64966208507,2.674581495248,
    38.281510397414));
#983 = SURFACE_CURVE('',#984,(#989,#1000),.PCURVE_S1.);
#984 = ELLIPSE('',#985,3.334012651926,2.);
#985 = AXIS2_PLACEMENT_3D('',#986,#987,#988);
#986 = CARTESIAN_POINT('',(-17.81812854038,2.402342141379,41.59372855448
    ));
#987 = DIRECTION('',(-0.998709026329,1.719110964693E-15,
    -5.07964637509E-02));
#988 = DIRECTION('',(5.037902492541E-02,0.12793830593,-0.990501763614));
#989 = PCURVE('',#101,#990);
#990 = DEFINITIONAL_REPRESENTATION('',(#991),#999);
#991 = ( BOUNDED_CURVE() B_SPLINE_CURVE(2,(#992,#993,#994,#995,#996,#997
,#998),.UNSPECIFIED.,.T.,.F.) B_SPLINE_CURVE_WITH_KNOTS((1,2,2,2,2,1),(
    -2.094395102393,0.,2.094395102393,4.188790204786,6.28318530718,
8.377580409573),.UNSPECIFIED.) CURVE() GEOMETRIC_REPRESENTATION_ITEM() 
RATIONAL_B_SPLINE_CURVE((1.,0.5,1.,0.5,1.,0.5,1.)) REPRESENTATION_ITEM(
  '') );
#992 = CARTESIAN_POINT('',(32.638297107582,-140.3399142039));
#993 = CARTESIAN_POINT('',(32.195105815372,-136.9042801317));
#994 = CARTESIAN_POINT('',(37.376622706684,-137.9822752719));
#995 = CARTESIAN_POINT('',(42.558139597997,-139.060270412));
#996 = CARTESIAN_POINT('',(37.819813998894,-141.4179093441));
#997 = CARTESIAN_POINT('',(33.081488399792,-143.7755482762));
#998 = CARTESIAN_POINT('',(32.638297107582,-140.3399142039));
#999 = ( GEOMETRIC_REPRESENTATION_CONTEXT(2) 
PARAMETRIC_REPRESENTATION_CONTEXT() REPRESENTATION_CONTEXT('2D SPACE',''
  ) );
#1000 = PCURVE('',#1001,#1006);
#1001 = CYLINDRICAL_SURFACE('',#1002,2.);
#1002 = AXIS2_PLACEMENT_3D('',#1003,#1004,#1005);
#1003 = CARTESIAN_POINT('',(-25.61725132528,1.153792273088,
    50.888361152476));
#1004 = DIRECTION('',(0.639411159614,0.102362373454,-0.762020546614));
#1005 = DIRECTION('',(1.609823385706E-15,0.991097993835,0.133134393062)
  );
#1006 = DEFINITIONAL_REPRESENTATION('',(#1007),#1014);
#1007 = B_SPLINE_CURVE_WITH_KNOTS('',5,(#1008,#1009,#1010,#1011,#1012,
    #1013),.UNSPECIFIED.,.F.,.F.,(6,6),(4.703936402869,6.360414666953),
  .PIECEWISE_BEZIER_KNOTS.);
#1008 = CARTESIAN_POINT('',(-3.098E-14,12.17480456936));
#1009 = CARTESIAN_POINT('',(-0.331295652817,13.058509376984));
#1010 = CARTESIAN_POINT('',(-0.662588378894,13.946340756943));
#1011 = CARTESIAN_POINT('',(-0.993916363014,14.629771255426));
#1012 = CARTESIAN_POINT('',(-1.325182611267,14.925098942874));
#1013 = CARTESIAN_POINT('',(-1.656478264084,14.856916373172));
#1014 = ( GEOMETRIC_REPRESENTATION_CONTEXT(2) 
PARAMETRIC_REPRESENTATION_CONTEXT() REPRESENTATION_CONTEXT('2D SPACE',''
  ) );
#1015 = ORIENTED_EDGE('',*,*,#1016,.T.);
#1016 = EDGE_CURVE('',#981,#853,#1017,.T.);
#1017 = SURFACE_CURVE('',#1018,(#1022,#1029),.PCURVE_S1.);
#1018 = LINE('',#1019,#1020);
#1019 = CARTESIAN_POINT('',(-17.64966208507,-62.75171206599,
    38.281510397414));
#1020 = VECTOR('',#1021,1.);
#1021 = DIRECTION('',(2.18E-15,-1.,4.8E-16));
#1022 = PCURVE('',#101,#1023);
#1023 = DEFINITIONAL_REPRESENTATION('',(#1024),#1028);
#1024 = LINE('',#1025,#1026);
#1025 = CARTESIAN_POINT('',(32.628411600231,-74.75931206599));
#1026 = VECTOR('',#1027,1.);
#1027 = DIRECTION('',(2.198644041661E-15,1.));
#1028 = ( GEOMETRIC_REPRESENTATION_CONTEXT(2) 
PARAMETRIC_REPRESENTATION_CONTEXT() REPRESENTATION_CONTEXT('2D SPACE',''
  ) );
#1029 = PCURVE('',#1030,#1035);
#1030 = PLANE('',#1031);
#1031 = AXIS2_PLACEMENT_3D('',#1032,#1033,#1034);
#1032 = CARTESIAN_POINT('',(-27.29272221559,12.0076,49.773661951566));
#1033 = DIRECTION('',(-0.766044443119,2.5E-15,-0.642787609686));
#1034 = DIRECTION('',(-0.642787609686,-5.3E-16,0.766044443119));
#1035 = DEFINITIONAL_REPRESENTATION('',(#1036),#1040);
#1036 = LINE('',#1037,#1038);
#1037 = CARTESIAN_POINT('',(-15.0019384089,-74.75931206599));
#1038 = VECTOR('',#1039,1.);
#1039 = DIRECTION('',(-5.035756564194E-16,-1.));
#1040 = ( GEOMETRIC_REPRESENTATION_CONTEXT(2) 
PARAMETRIC_REPRESENTATION_CONTEXT() REPRESENTATION_CONTEXT('2D SPACE',''
  ) );
#1041 = ADVANCED_FACE('',(#1042),#135,.T.);
#1042 = FACE_BOUND('',#1043,.T.);
#1043 = EDGE_LOOP('',(#1044,#1069,#1090,#1091,#1092,#1093,#1094,#1117,
    #1205,#1233,#1261,#1289,#1317,#1345,#1373,#1401,#1429,#1457,#1545,
    #1573,#1601,#1629,#1717,#1745,#1773,#1801,#1829,#1857,#1885,#1913,
    #1941,#1969,#2057,#2085,#2113,#2136,#2165,#2188,#2216,#2239));
#1044 = ORIENTED_EDGE('',*,*,#1045,.F.);
#1045 = EDGE_CURVE('',#1046,#1048,#1050,.T.);
#1046 = VERTEX_POINT('',#1047);
#1047 = CARTESIAN_POINT('',(-8.,8.529967785235,11.));
#1048 = VERTEX_POINT('',#1049);
#1049 = CARTESIAN_POINT('',(-8.,6.783274312484,24.002984104073));
#1050 = SURFACE_CURVE('',#1051,(#1055,#1062),.PCURVE_S1.);
#1051 = LINE('',#1052,#1053);
#1052 = CARTESIAN_POINT('',(-8.,9.595609312291,3.066999703656));
#1053 = VECTOR('',#1054,1.);
#1054 = DIRECTION('',(-6.7E-16,-0.133134393062,0.991097993835));
#1055 = PCURVE('',#135,#1056);
#1056 = DEFINITIONAL_REPRESENTATION('',(#1057),#1061);
#1057 = LINE('',#1058,#1059);
#1058 = CARTESIAN_POINT('',(1.345243858906,-149.6793886629));
#1059 = VECTOR('',#1060,1.);
#1060 = DIRECTION('',(1.,1.62E-15));
#1061 = ( GEOMETRIC_REPRESENTATION_CONTEXT(2) 
PARAMETRIC_REPRESENTATION_CONTEXT() REPRESENTATION_CONTEXT('2D SPACE',''
  ) );
#1062 = PCURVE('',#808,#1063);
#1063 = DEFINITIONAL_REPRESENTATION('',(#1064),#1068);
#1064 = LINE('',#1065,#1066);
#1065 = CARTESIAN_POINT('',(2.371401899893,7.549122233118));
#1066 = VECTOR('',#1067,1.);
#1067 = DIRECTION('',(-0.991097993835,0.133134393062));
#1068 = ( GEOMETRIC_REPRESENTATION_CONTEXT(2) 
PARAMETRIC_REPRESENTATION_CONTEXT() REPRESENTATION_CONTEXT('2D SPACE',''
  ) );
#1069 = ORIENTED_EDGE('',*,*,#1070,.F.);
#1070 = EDGE_CURVE('',#792,#1046,#1071,.T.);
#1071 = SURFACE_CURVE('',#1072,(#1076,#1083),.PCURVE_S1.);
#1072 = LINE('',#1073,#1074);
#1073 = CARTESIAN_POINT('',(-8.,9.595609312291,3.066999703656));
#1074 = VECTOR('',#1075,1.);
#1075 = DIRECTION('',(-9.6E-16,-0.133134393062,0.991097993835));
#1076 = PCURVE('',#135,#1077);
#1077 = DEFINITIONAL_REPRESENTATION('',(#1078),#1082);
#1078 = LINE('',#1079,#1080);
#1079 = CARTESIAN_POINT('',(1.345243858906,-149.6793886629));
#1080 = VECTOR('',#1081,1.);
#1081 = DIRECTION('',(1.,1.33E-15));
#1082 = ( GEOMETRIC_REPRESENTATION_CONTEXT(2) 
PARAMETRIC_REPRESENTATION_CONTEXT() REPRESENTATION_CONTEXT('2D SPACE',''
  ) );
#1083 = PCURVE('',#808,#1084);
#1084 = DEFINITIONAL_REPRESENTATION('',(#1085),#1089);
#1085 = LINE('',#1086,#1087);
#1086 = CARTESIAN_POINT('',(2.371401899893,7.549122233118));
#1087 = VECTOR('',#1088,1.);
#1088 = DIRECTION('',(-0.991097993835,0.133134393062));
#1089 = ( GEOMETRIC_REPRESENTATION_CONTEXT(2) 
PARAMETRIC_REPRESENTATION_CONTEXT() REPRESENTATION_CONTEXT('2D SPACE',''
  ) );
#1090 = ORIENTED_EDGE('',*,*,#824,.T.);
#1091 = ORIENTED_EDGE('',*,*,#113,.T.);
#1092 = ORIENTED_EDGE('',*,*,#934,.T.);
#1093 = ORIENTED_EDGE('',*,*,#957,.T.);
#1094 = ORIENTED_EDGE('',*,*,#1095,.F.);
#1095 = EDGE_CURVE('',#1096,#958,#1098,.T.);
#1096 = VERTEX_POINT('',#1097);
#1097 = CARTESIAN_POINT('',(-25.76063332935,3.113034450793,
    51.325505957063));
#1098 = SURFACE_CURVE('',#1099,(#1103,#1110),.PCURVE_S1.);
#1099 = LINE('',#1100,#1101);
#1100 = CARTESIAN_POINT('',(-25.61725132528,3.135988260758,
    51.154629938599));
#1101 = VECTOR('',#1102,1.);
#1102 = DIRECTION('',(0.639411159614,0.102362373454,-0.762020546614));
#1103 = PCURVE('',#135,#1104);
#1104 = DEFINITIONAL_REPRESENTATION('',(#1105),#1109);
#1105 = LINE('',#1106,#1107);
#1106 = CARTESIAN_POINT('',(49.864795441149,-167.2966399881));
#1107 = VECTOR('',#1108,1.);
#1108 = DIRECTION('',(-0.768864987473,0.639411159614));
#1109 = ( GEOMETRIC_REPRESENTATION_CONTEXT(2) 
PARAMETRIC_REPRESENTATION_CONTEXT() REPRESENTATION_CONTEXT('2D SPACE',''
  ) );
#1110 = PCURVE('',#1001,#1111);
#1111 = DEFINITIONAL_REPRESENTATION('',(#1112),#1116);
#1112 = LINE('',#1113,#1114);
#1113 = CARTESIAN_POINT('',(-0.,0.));
#1114 = VECTOR('',#1115,1.);
#1115 = DIRECTION('',(-0.,1.));
#1116 = ( GEOMETRIC_REPRESENTATION_CONTEXT(2) 
PARAMETRIC_REPRESENTATION_CONTEXT() REPRESENTATION_CONTEXT('2D SPACE',''
  ) );
#1117 = ORIENTED_EDGE('',*,*,#1118,.F.);
#1118 = EDGE_CURVE('',#1119,#1096,#1121,.T.);
#1119 = VERTEX_POINT('',#1120);
#1120 = CARTESIAN_POINT('',(-26.4625,2.853997083704,53.253868786124));
#1121 = SURFACE_CURVE('',#1122,(#1137,#1155),.PCURVE_S1.);
#1122 = ( BOUNDED_CURVE() B_SPLINE_CURVE(7,(#1123,#1124,#1125,#1126,
    #1127,#1128,#1129,#1130,#1131,#1132,#1133,#1134,#1135,#1136),
.UNSPECIFIED.,.F.,.F.) B_SPLINE_CURVE_WITH_KNOTS((8,6,8),(2.909632782847
,3.178005192807,6.471385552771),.UNSPECIFIED.) CURVE() 
GEOMETRIC_REPRESENTATION_ITEM() RATIONAL_B_SPLINE_CURVE((1.,1.,1.,1.,1.,
1.,1.,1.,1.,1.,1.,1.,1.,1.)) REPRESENTATION_ITEM('') );
#1123 = CARTESIAN_POINT('',(-26.4625,2.853997083705,53.253868786124));
#1124 = CARTESIAN_POINT('',(-26.4625,2.859320861823,53.214236759482));
#1125 = CARTESIAN_POINT('',(-26.46215052176,2.86465401914,
    53.174534910874));
#1126 = CARTESIAN_POINT('',(-26.46152114665,2.869895804097,
    53.13551326939));
#1127 = CARTESIAN_POINT('',(-26.4604061176,2.875417907032,
    53.094404844928));
#1128 = CARTESIAN_POINT('',(-26.45914478134,2.880238377529,
    53.058519612504));
#1129 = CARTESIAN_POINT('',(-26.45740464295,2.886921974292,
    53.008764630405));
#1130 = CARTESIAN_POINT('',(-26.42982047644,2.932607937499,
    52.668662681992));
#1131 = CARTESIAN_POINT('',(-26.3666847639,2.970573800907,
    52.386031799076));
#1132 = CARTESIAN_POINT('',(-26.27578822574,3.00745773181,
    52.111455192068));
#1133 = CARTESIAN_POINT('',(-26.15612982609,3.039751304715,
    51.871050781281));
#1134 = CARTESIAN_POINT('',(-26.02739018262,3.06738676288,
    51.665322971087));
#1135 = CARTESIAN_POINT('',(-25.89631672031,3.091313100253,
    51.487207125697));
#1136 = CARTESIAN_POINT('',(-25.76063332935,3.113034450793,
    51.325505957063));
#1137 = PCURVE('',#135,#1138);
#1138 = DEFINITIONAL_REPRESENTATION('',(#1139),#1154);
#1139 = ( BOUNDED_CURVE() B_SPLINE_CURVE(7,(#1140,#1141,#1142,#1143,
    #1144,#1145,#1146,#1147,#1148,#1149,#1150,#1151,#1152,#1153),
.UNSPECIFIED.,.F.,.F.) B_SPLINE_CURVE_WITH_KNOTS((8,6,8),(2.909632782847
,3.178005192807,6.471385552771),.UNSPECIFIED.) CURVE() 
GEOMETRIC_REPRESENTATION_ITEM() RATIONAL_B_SPLINE_CURVE((1.,1.,1.,1.,1.,
1.,1.,1.,1.,1.,1.,1.,1.,1.)) REPRESENTATION_ITEM('') );
#1140 = CARTESIAN_POINT('',(51.982889575718,-168.1418886629));
#1141 = CARTESIAN_POINT('',(51.942901575653,-168.1418886629));
#1142 = CARTESIAN_POINT('',(51.902843126483,-168.1415391846));
#1143 = CARTESIAN_POINT('',(51.863470994033,-168.1409098095));
#1144 = CARTESIAN_POINT('',(51.821993335197,-168.1397947805));
#1145 = CARTESIAN_POINT('',(51.785785782919,-168.1385334442));
#1146 = CARTESIAN_POINT('',(51.735583903379,-168.1367933058));
#1147 = CARTESIAN_POINT('',(51.392427171624,-168.1092091393));
#1148 = CARTESIAN_POINT('',(51.107257708388,-168.0460734268));
#1149 = CARTESIAN_POINT('',(50.830214864275,-167.9551768886));
#1150 = CARTESIAN_POINT('',(50.587651149806,-167.835518489));
#1151 = CARTESIAN_POINT('',(50.380075499896,-167.7067788455));
#1152 = CARTESIAN_POINT('',(50.200359824456,-167.5757053832));
#1153 = CARTESIAN_POINT('',(50.037206261801,-167.4400219922));
#1154 = ( GEOMETRIC_REPRESENTATION_CONTEXT(2) 
PARAMETRIC_REPRESENTATION_CONTEXT() REPRESENTATION_CONTEXT('2D SPACE',''
  ) );
#1155 = PCURVE('',#1156,#1199);
#1156 = ( BOUNDED_SURFACE() B_SPLINE_SURFACE(2,7,(
    (#1157,#1158,#1159,#1160,#1161,#1162,#1163,#1164,#1165,#1166,#1167
      ,#1168,#1169,#1170)
    ,(#1171,#1172,#1173,#1174,#1175,#1176,#1177,#1178,#1179,#1180,#1181
      ,#1182,#1183,#1184)
    ,(#1185,#1186,#1187,#1188,#1189,#1190,#1191,#1192,#1193,#1194,#1195
      ,#1196,#1197,#1198
)),.UNSPECIFIED.,.F.,.F.,.F.) B_SPLINE_SURFACE_WITH_KNOTS((3,3),(8,6,8),
  (0.,3.561752769925),(2.909632782847,3.178005192807,6.471385552771),
.UNSPECIFIED.) GEOMETRIC_REPRESENTATION_ITEM() RATIONAL_B_SPLINE_SURFACE
((
    (1.,1.,1.,1.,1.,1.,1.,1.,1.,1.,1.,1.,1.,1.)
    ,(0.707106781187,0.70674612984,0.706384927855,0.706023442607
      ,0.705660198849,0.705298091861,0.704931919072,0.70010408058
      ,0.695611985529,0.691230786861,0.687029516855,0.68314930674
      ,0.679541574779,0.676174112828)
,(1.,1.,1.,1.,1.,1.,1.,1.,1.,1.,1.,1.,1.,1.
))) REPRESENTATION_ITEM('') SURFACE() );
#1157 = CARTESIAN_POINT('',(-26.4625,2.853997083705,53.253868786124));
#1158 = CARTESIAN_POINT('',(-26.4625,2.859320861823,53.214236759482));
#1159 = CARTESIAN_POINT('',(-26.46215052176,2.86465401914,
    53.174534910874));
#1160 = CARTESIAN_POINT('',(-26.46152114665,2.869895804097,
    53.13551326939));
#1161 = CARTESIAN_POINT('',(-26.4604061176,2.875417907032,
    53.094404844928));
#1162 = CARTESIAN_POINT('',(-26.45914478134,2.880238377529,
    53.058519612504));
#1163 = CARTESIAN_POINT('',(-26.45740464295,2.886921974292,
    53.008764630405));
#1164 = CARTESIAN_POINT('',(-26.42982047644,2.932607937499,
    52.668662681992));
#1165 = CARTESIAN_POINT('',(-26.3666847639,2.970573800907,
    52.386031799076));
#1166 = CARTESIAN_POINT('',(-26.27578822574,3.00745773181,
    52.111455192068));
#1167 = CARTESIAN_POINT('',(-26.15612982609,3.039751304715,
    51.871050781281));
#1168 = CARTESIAN_POINT('',(-26.02739018262,3.06738676288,
    51.665322971087));
#1169 = CARTESIAN_POINT('',(-25.89631672031,3.091313100253,
    51.487207125697));
#1170 = CARTESIAN_POINT('',(-25.76063332935,3.113034450793,
    51.325505957063));
#1171 = CARTESIAN_POINT('',(-28.4625,2.853997083705,53.253868786124));
#1172 = CARTESIAN_POINT('',(-28.46454119318,2.859109396843,
    53.215810977176));
#1173 = CARTESIAN_POINT('',(-28.46624586104,2.86422433232,
    53.177733646643));
#1174 = CARTESIAN_POINT('',(-28.46761276918,2.869341928229,
    53.139636510947));
#1175 = CARTESIAN_POINT('',(-28.46864585315,2.874461912379,
    53.101521596367));
#1176 = CARTESIAN_POINT('',(-28.46933546821,2.879585895081,
    53.063376915193));
#1177 = CARTESIAN_POINT('',(-28.46969734669,2.88470707201,
    53.025253121152));
#1178 = CARTESIAN_POINT('',(-28.46985324009,2.953276156146,
    52.514801387662));
#1179 = CARTESIAN_POINT('',(-28.41790399007,3.017053456569,
    52.040021332352));
#1180 = CARTESIAN_POINT('',(-28.31299651733,3.079511036455,
    51.575065728459));
#1181 = CARTESIAN_POINT('',(-28.15815493423,3.139506324487,
    51.128440267969));
#1182 = CARTESIAN_POINT('',(-27.95924471951,3.196024692131,
    50.707698193001));
#1183 = CARTESIAN_POINT('',(-27.71919081374,3.249078842754,
    50.312744935335));
#1184 = CARTESIAN_POINT('',(-27.43610421966,3.298540158539,
    49.944537970029));
#1185 = CARTESIAN_POINT('',(-28.4625,0.871801096034,52.9876));
#1186 = CARTESIAN_POINT('',(-28.4625,0.874888811044,52.949289987571));
#1187 = CARTESIAN_POINT('',(-28.46215732701,0.877978948152,
    52.910947681385));
#1188 = CARTESIAN_POINT('',(-28.46147254173,0.881070741604,
    52.872590081416));
#1189 = CARTESIAN_POINT('',(-28.4604395912,0.884163506333,
    52.834160018122));
#1190 = CARTESIAN_POINT('',(-28.45906730664,0.887257008089,
    52.795781614472));
#1191 = CARTESIAN_POINT('',(-28.45733949149,0.890348660671,
    52.757254252326));
#1192 = CARTESIAN_POINT('',(-28.42988763368,0.931394361019,
    52.247298563557));
#1193 = CARTESIAN_POINT('',(-28.35242977884,0.969189214068,
    51.777157443843));
#1194 = CARTESIAN_POINT('',(-28.22338916133,1.005823689175,
    51.321760645946));
#1195 = CARTESIAN_POINT('',(-28.04678833955,1.040640691876,
    50.88877059049));
#1196 = CARTESIAN_POINT('',(-27.83067695011,1.073163298289,
    50.48722265056));
#1197 = CARTESIAN_POINT('',(-27.57974376225,1.103269153792,
    50.115720910951));
#1198 = CARTESIAN_POINT('',(-27.29272221559,1.130838463123,
    49.773661951566));
#1199 = DEFINITIONAL_REPRESENTATION('',(#1200),#1204);
#1200 = LINE('',#1201,#1202);
#1201 = CARTESIAN_POINT('',(0.,0.));
#1202 = VECTOR('',#1203,1.);
#1203 = DIRECTION('',(0.,1.));
#1204 = ( GEOMETRIC_REPRESENTATION_CONTEXT(2) 
PARAMETRIC_REPRESENTATION_CONTEXT() REPRESENTATION_CONTEXT('2D SPACE',''
  ) );
#1205 = ORIENTED_EDGE('',*,*,#1206,.F.);
#1206 = EDGE_CURVE('',#1207,#1119,#1209,.T.);
#1207 = VERTEX_POINT('',#1208);
#1208 = CARTESIAN_POINT('',(-26.4625,2.466624889127,56.1376));
#1209 = SURFACE_CURVE('',#1210,(#1214,#1221),.PCURVE_S1.);
#1210 = LINE('',#1211,#1212);
#1211 = CARTESIAN_POINT('',(-26.4625,2.466624889127,56.1376));
#1212 = VECTOR('',#1213,1.);
#1213 = DIRECTION('',(2.22E-15,0.133134393062,-0.991097993835));
#1214 = PCURVE('',#135,#1215);
#1215 = DEFINITIONAL_REPRESENTATION('',(#1216),#1220);
#1216 = LINE('',#1217,#1218);
#1217 = CARTESIAN_POINT('',(54.892522358564,-168.1418886629));
#1218 = VECTOR('',#1219,1.);
#1219 = DIRECTION('',(-1.,-7.E-17));
#1220 = ( GEOMETRIC_REPRESENTATION_CONTEXT(2) 
PARAMETRIC_REPRESENTATION_CONTEXT() REPRESENTATION_CONTEXT('2D SPACE',''
  ) );
#1221 = PCURVE('',#1222,#1227);
#1222 = CYLINDRICAL_SURFACE('',#1223,2.);
#1223 = AXIS2_PLACEMENT_3D('',#1224,#1225,#1226);
#1224 = CARTESIAN_POINT('',(-26.4625,0.484428901457,55.871331213876));
#1225 = DIRECTION('',(2.22E-15,0.133134393062,-0.991097993835));
#1226 = DIRECTION('',(1.62E-15,0.991097993835,0.133134393062));
#1227 = DEFINITIONAL_REPRESENTATION('',(#1228),#1232);
#1228 = LINE('',#1229,#1230);
#1229 = CARTESIAN_POINT('',(-0.,0.));
#1230 = VECTOR('',#1231,1.);
#1231 = DIRECTION('',(-0.,1.));
#1232 = ( GEOMETRIC_REPRESENTATION_CONTEXT(2) 
PARAMETRIC_REPRESENTATION_CONTEXT() REPRESENTATION_CONTEXT('2D SPACE',''
  ) );
#1233 = ORIENTED_EDGE('',*,*,#1234,.T.);
#1234 = EDGE_CURVE('',#1207,#1235,#1237,.T.);
#1235 = VERTEX_POINT('',#1236);
#1236 = CARTESIAN_POINT('',(-23.4625,2.466624889128,56.1376));
#1237 = SURFACE_CURVE('',#1238,(#1242,#1249),.PCURVE_S1.);
#1238 = LINE('',#1239,#1240);
#1239 = CARTESIAN_POINT('',(59.108444331454,2.466624889127,56.1376));
#1240 = VECTOR('',#1241,1.);
#1241 = DIRECTION('',(1.,-1.16E-15,1.1E-16));
#1242 = PCURVE('',#135,#1243);
#1243 = DEFINITIONAL_REPRESENTATION('',(#1244),#1248);
#1244 = LINE('',#1245,#1246);
#1245 = CARTESIAN_POINT('',(54.892522358564,-82.57094433145));
#1246 = VECTOR('',#1247,1.);
#1247 = DIRECTION('',(-2.026543324726E-15,1.));
#1248 = ( GEOMETRIC_REPRESENTATION_CONTEXT(2) 
PARAMETRIC_REPRESENTATION_CONTEXT() REPRESENTATION_CONTEXT('2D SPACE',''
  ) );
#1249 = PCURVE('',#1250,#1255);
#1250 = PLANE('',#1251);
#1251 = AXIS2_PLACEMENT_3D('',#1252,#1253,#1254);
#1252 = CARTESIAN_POINT('',(-23.4625,12.0076,56.1376));
#1253 = DIRECTION('',(-3.11E-15,-1.78E-15,1.));
#1254 = DIRECTION('',(1.,-1.55E-15,3.11E-15));
#1255 = DEFINITIONAL_REPRESENTATION('',(#1256),#1260);
#1256 = LINE('',#1257,#1258);
#1257 = CARTESIAN_POINT('',(82.570944331455,-9.540975110872));
#1258 = VECTOR('',#1259,1.);
#1259 = DIRECTION('',(1.,3.9E-16));
#1260 = ( GEOMETRIC_REPRESENTATION_CONTEXT(2) 
PARAMETRIC_REPRESENTATION_CONTEXT() REPRESENTATION_CONTEXT('2D SPACE',''
  ) );
#1261 = ORIENTED_EDGE('',*,*,#1262,.T.);
#1262 = EDGE_CURVE('',#1235,#1263,#1265,.T.);
#1263 = VERTEX_POINT('',#1264);
#1264 = CARTESIAN_POINT('',(-23.4625,2.889765023356,52.9876));
#1265 = SURFACE_CURVE('',#1266,(#1270,#1277),.PCURVE_S1.);
#1266 = LINE('',#1267,#1268);
#1267 = CARTESIAN_POINT('',(-23.4625,6.413042028663,26.759119955295));
#1268 = VECTOR('',#1269,1.);
#1269 = DIRECTION('',(1.96E-15,0.133134393062,-0.991097993835));
#1270 = PCURVE('',#135,#1271);
#1271 = DEFINITIONAL_REPRESENTATION('',(#1272),#1276);
#1272 = LINE('',#1273,#1274);
#1273 = CARTESIAN_POINT('',(25.25016587369,-165.1418886629));
#1274 = VECTOR('',#1275,1.);
#1275 = DIRECTION('',(-1.,-3.3E-16));
#1276 = ( GEOMETRIC_REPRESENTATION_CONTEXT(2) 
PARAMETRIC_REPRESENTATION_CONTEXT() REPRESENTATION_CONTEXT('2D SPACE',''
  ) );
#1277 = PCURVE('',#1278,#1283);
#1278 = PLANE('',#1279);
#1279 = AXIS2_PLACEMENT_3D('',#1280,#1281,#1282);
#1280 = CARTESIAN_POINT('',(-23.4625,12.0076,52.9876));
#1281 = DIRECTION('',(1.,-1.78E-15,-6.7E-16));
#1282 = DIRECTION('',(-6.7E-16,2.E-15,-1.));
#1283 = DEFINITIONAL_REPRESENTATION('',(#1284),#1288);
#1284 = LINE('',#1285,#1286);
#1285 = CARTESIAN_POINT('',(26.228480044705,-5.594557971337));
#1286 = VECTOR('',#1287,1.);
#1287 = DIRECTION('',(0.991097993835,0.133134393062));
#1288 = ( GEOMETRIC_REPRESENTATION_CONTEXT(2) 
PARAMETRIC_REPRESENTATION_CONTEXT() REPRESENTATION_CONTEXT('2D SPACE',''
  ) );
#1289 = ORIENTED_EDGE('',*,*,#1290,.F.);
#1290 = EDGE_CURVE('',#1291,#1263,#1293,.T.);
#1291 = VERTEX_POINT('',#1292);
#1292 = CARTESIAN_POINT('',(-18.5,2.889765023356,52.9876));
#1293 = SURFACE_CURVE('',#1294,(#1298,#1305),.PCURVE_S1.);
#1294 = LINE('',#1295,#1296);
#1295 = CARTESIAN_POINT('',(59.108444331454,2.889765023356,52.9876));
#1296 = VECTOR('',#1297,1.);
#1297 = DIRECTION('',(-1.,1.16E-15,-1.1E-16));
#1298 = PCURVE('',#135,#1299);
#1299 = DEFINITIONAL_REPRESENTATION('',(#1300),#1304);
#1300 = LINE('',#1301,#1302);
#1301 = CARTESIAN_POINT('',(51.714229173033,-82.57094433145));
#1302 = VECTOR('',#1303,1.);
#1303 = DIRECTION('',(2.026543324726E-15,-1.));
#1304 = ( GEOMETRIC_REPRESENTATION_CONTEXT(2) 
PARAMETRIC_REPRESENTATION_CONTEXT() REPRESENTATION_CONTEXT('2D SPACE',''
  ) );
#1305 = PCURVE('',#1306,#1311);
#1306 = PLANE('',#1307);
#1307 = AXIS2_PLACEMENT_3D('',#1308,#1309,#1310);
#1308 = CARTESIAN_POINT('',(-23.4625,12.0076,52.9876));
#1309 = DIRECTION('',(3.11E-15,1.78E-15,-1.));
#1310 = DIRECTION('',(-1.,1.55E-15,-3.11E-15));
#1311 = DEFINITIONAL_REPRESENTATION('',(#1312),#1316);
#1312 = LINE('',#1313,#1314);
#1313 = CARTESIAN_POINT('',(-82.57094433145,-9.117834976644));
#1314 = VECTOR('',#1315,1.);
#1315 = DIRECTION('',(1.,-3.9E-16));
#1316 = ( GEOMETRIC_REPRESENTATION_CONTEXT(2) 
PARAMETRIC_REPRESENTATION_CONTEXT() REPRESENTATION_CONTEXT('2D SPACE',''
  ) );
#1317 = ORIENTED_EDGE('',*,*,#1318,.F.);
#1318 = EDGE_CURVE('',#1319,#1291,#1321,.T.);
#1319 = VERTEX_POINT('',#1320);
#1320 = CARTESIAN_POINT('',(-18.5,1.15690542604,65.8876));
#1321 = SURFACE_CURVE('',#1322,(#1326,#1333),.PCURVE_S1.);
#1322 = LINE('',#1323,#1324);
#1323 = CARTESIAN_POINT('',(-18.5,6.413042028663,26.759119955295));
#1324 = VECTOR('',#1325,1.);
#1325 = DIRECTION('',(1.96E-15,0.133134393062,-0.991097993835));
#1326 = PCURVE('',#135,#1327);
#1327 = DEFINITIONAL_REPRESENTATION('',(#1328),#1332);
#1328 = LINE('',#1329,#1330);
#1329 = CARTESIAN_POINT('',(25.25016587369,-160.1793886629));
#1330 = VECTOR('',#1331,1.);
#1331 = DIRECTION('',(-1.,-3.3E-16));
#1332 = ( GEOMETRIC_REPRESENTATION_CONTEXT(2) 
PARAMETRIC_REPRESENTATION_CONTEXT() REPRESENTATION_CONTEXT('2D SPACE',''
  ) );
#1333 = PCURVE('',#1334,#1339);
#1334 = PLANE('',#1335);
#1335 = AXIS2_PLACEMENT_3D('',#1336,#1337,#1338);
#1336 = CARTESIAN_POINT('',(-18.5,12.0076,52.9876));
#1337 = DIRECTION('',(1.,-1.78E-15,-6.7E-16));
#1338 = DIRECTION('',(-6.7E-16,2.E-15,-1.));
#1339 = DEFINITIONAL_REPRESENTATION('',(#1340),#1344);
#1340 = LINE('',#1341,#1342);
#1341 = CARTESIAN_POINT('',(26.228480044705,-5.594557971337));
#1342 = VECTOR('',#1343,1.);
#1343 = DIRECTION('',(0.991097993835,0.133134393062));
#1344 = ( GEOMETRIC_REPRESENTATION_CONTEXT(2) 
PARAMETRIC_REPRESENTATION_CONTEXT() REPRESENTATION_CONTEXT('2D SPACE',''
  ) );
#1345 = ORIENTED_EDGE('',*,*,#1346,.F.);
#1346 = EDGE_CURVE('',#1347,#1319,#1349,.T.);
#1347 = VERTEX_POINT('',#1348);
#1348 = CARTESIAN_POINT('',(-23.4625,1.15690542604,65.8876));
#1349 = SURFACE_CURVE('',#1350,(#1354,#1361),.PCURVE_S1.);
#1350 = LINE('',#1351,#1352);
#1351 = CARTESIAN_POINT('',(61.589694331454,1.15690542604,65.8876));
#1352 = VECTOR('',#1353,1.);
#1353 = DIRECTION('',(1.,-1.16E-15,1.1E-16));
#1354 = PCURVE('',#135,#1355);
#1355 = DEFINITIONAL_REPRESENTATION('',(#1356),#1360);
#1356 = LINE('',#1357,#1358);
#1357 = CARTESIAN_POINT('',(64.730096504256,-80.08969433145));
#1358 = VECTOR('',#1359,1.);
#1359 = DIRECTION('',(-2.026543324726E-15,1.));
#1360 = ( GEOMETRIC_REPRESENTATION_CONTEXT(2) 
PARAMETRIC_REPRESENTATION_CONTEXT() REPRESENTATION_CONTEXT('2D SPACE',''
  ) );
#1361 = PCURVE('',#1362,#1367);
#1362 = PLANE('',#1363);
#1363 = AXIS2_PLACEMENT_3D('',#1364,#1365,#1366);
#1364 = CARTESIAN_POINT('',(-18.5,12.0076,65.8876));
#1365 = DIRECTION('',(-3.11E-15,-1.78E-15,1.));
#1366 = DIRECTION('',(1.,-1.55E-15,3.11E-15));
#1367 = DEFINITIONAL_REPRESENTATION('',(#1368),#1372);
#1368 = LINE('',#1369,#1370);
#1369 = CARTESIAN_POINT('',(80.089694331455,-10.85069457396));
#1370 = VECTOR('',#1371,1.);
#1371 = DIRECTION('',(1.,3.9E-16));
#1372 = ( GEOMETRIC_REPRESENTATION_CONTEXT(2) 
PARAMETRIC_REPRESENTATION_CONTEXT() REPRESENTATION_CONTEXT('2D SPACE',''
  ) );
#1373 = ORIENTED_EDGE('',*,*,#1374,.F.);
#1374 = EDGE_CURVE('',#1375,#1347,#1377,.T.);
#1375 = VERTEX_POINT('',#1376);
#1376 = CARTESIAN_POINT('',(-23.4625,1.580045560269,62.7376));
#1377 = SURFACE_CURVE('',#1378,(#1382,#1389),.PCURVE_S1.);
#1378 = LINE('',#1379,#1380);
#1379 = CARTESIAN_POINT('',(-23.4625,5.561969495976,33.094795210622));
#1380 = VECTOR('',#1381,1.);
#1381 = DIRECTION('',(-1.96E-15,-0.133134393062,0.991097993835));
#1382 = PCURVE('',#135,#1383);
#1383 = DEFINITIONAL_REPRESENTATION('',(#1384),#1388);
#1384 = LINE('',#1385,#1386);
#1385 = CARTESIAN_POINT('',(31.642747933927,-165.1418886629));
#1386 = VECTOR('',#1387,1.);
#1387 = DIRECTION('',(1.,3.3E-16));
#1388 = ( GEOMETRIC_REPRESENTATION_CONTEXT(2) 
PARAMETRIC_REPRESENTATION_CONTEXT() REPRESENTATION_CONTEXT('2D SPACE',''
  ) );
#1389 = PCURVE('',#1390,#1395);
#1390 = PLANE('',#1391);
#1391 = AXIS2_PLACEMENT_3D('',#1392,#1393,#1394);
#1392 = CARTESIAN_POINT('',(-23.4625,12.0076,65.8876));
#1393 = DIRECTION('',(-1.,1.78E-15,6.7E-16));
#1394 = DIRECTION('',(6.7E-16,-2.E-15,1.));
#1395 = DEFINITIONAL_REPRESENTATION('',(#1396),#1400);
#1396 = LINE('',#1397,#1398);
#1397 = CARTESIAN_POINT('',(-32.79280478937,-6.445630504024));
#1398 = VECTOR('',#1399,1.);
#1399 = DIRECTION('',(0.991097993835,-0.133134393062));
#1400 = ( GEOMETRIC_REPRESENTATION_CONTEXT(2) 
PARAMETRIC_REPRESENTATION_CONTEXT() REPRESENTATION_CONTEXT('2D SPACE',''
  ) );
#1401 = ORIENTED_EDGE('',*,*,#1402,.F.);
#1402 = EDGE_CURVE('',#1403,#1375,#1405,.T.);
#1403 = VERTEX_POINT('',#1404);
#1404 = CARTESIAN_POINT('',(-26.4625,1.580045560268,62.7376));
#1405 = SURFACE_CURVE('',#1406,(#1410,#1417),.PCURVE_S1.);
#1406 = LINE('',#1407,#1408);
#1407 = CARTESIAN_POINT('',(59.108444331454,1.580045560268,62.7376));
#1408 = VECTOR('',#1409,1.);
#1409 = DIRECTION('',(1.,-1.16E-15,1.1E-16));
#1410 = PCURVE('',#135,#1411);
#1411 = DEFINITIONAL_REPRESENTATION('',(#1412),#1416);
#1412 = LINE('',#1413,#1414);
#1413 = CARTESIAN_POINT('',(61.551803318725,-82.57094433145));
#1414 = VECTOR('',#1415,1.);
#1415 = DIRECTION('',(-2.026543324726E-15,1.));
#1416 = ( GEOMETRIC_REPRESENTATION_CONTEXT(2) 
PARAMETRIC_REPRESENTATION_CONTEXT() REPRESENTATION_CONTEXT('2D SPACE',''
  ) );
#1417 = PCURVE('',#1418,#1423);
#1418 = PLANE('',#1419);
#1419 = AXIS2_PLACEMENT_3D('',#1420,#1421,#1422);
#1420 = CARTESIAN_POINT('',(-23.4625,12.0076,62.7376));
#1421 = DIRECTION('',(-3.11E-15,-1.78E-15,1.));
#1422 = DIRECTION('',(1.,-1.55E-15,3.11E-15));
#1423 = DEFINITIONAL_REPRESENTATION('',(#1424),#1428);
#1424 = LINE('',#1425,#1426);
#1425 = CARTESIAN_POINT('',(82.570944331455,-10.42755443973));
#1426 = VECTOR('',#1427,1.);
#1427 = DIRECTION('',(1.,3.9E-16));
#1428 = ( GEOMETRIC_REPRESENTATION_CONTEXT(2) 
PARAMETRIC_REPRESENTATION_CONTEXT() REPRESENTATION_CONTEXT('2D SPACE',''
  ) );
#1429 = ORIENTED_EDGE('',*,*,#1430,.F.);
#1430 = EDGE_CURVE('',#1431,#1403,#1433,.T.);
#1431 = VERTEX_POINT('',#1432);
#1432 = CARTESIAN_POINT('',(-26.4625,1.121137486389,66.153868786124));
#1433 = SURFACE_CURVE('',#1434,(#1438,#1445),.PCURVE_S1.);
#1434 = LINE('',#1435,#1436);
#1435 = CARTESIAN_POINT('',(-26.4625,1.15690542604,65.8876));
#1436 = VECTOR('',#1437,1.);
#1437 = DIRECTION('',(2.22E-15,0.133134393062,-0.991097993835));
#1438 = PCURVE('',#135,#1439);
#1439 = DEFINITIONAL_REPRESENTATION('',(#1440),#1444);
#1440 = LINE('',#1441,#1442);
#1441 = CARTESIAN_POINT('',(64.730096504256,-168.1418886629));
#1442 = VECTOR('',#1443,1.);
#1443 = DIRECTION('',(-1.,-7.E-17));
#1444 = ( GEOMETRIC_REPRESENTATION_CONTEXT(2) 
PARAMETRIC_REPRESENTATION_CONTEXT() REPRESENTATION_CONTEXT('2D SPACE',''
  ) );
#1445 = PCURVE('',#1446,#1451);
#1446 = CYLINDRICAL_SURFACE('',#1447,2.);
#1447 = AXIS2_PLACEMENT_3D('',#1448,#1449,#1450);
#1448 = CARTESIAN_POINT('',(-26.4625,-0.82529056163,65.621331213876));
#1449 = DIRECTION('',(2.22E-15,0.133134393062,-0.991097993835));
#1450 = DIRECTION('',(1.62E-15,0.991097993835,0.133134393062));
#1451 = DEFINITIONAL_REPRESENTATION('',(#1452),#1456);
#1452 = LINE('',#1453,#1454);
#1453 = CARTESIAN_POINT('',(-0.,0.));
#1454 = VECTOR('',#1455,1.);
#1455 = DIRECTION('',(-0.,1.));
#1456 = ( GEOMETRIC_REPRESENTATION_CONTEXT(2) 
PARAMETRIC_REPRESENTATION_CONTEXT() REPRESENTATION_CONTEXT('2D SPACE',''
  ) );
#1457 = ORIENTED_EDGE('',*,*,#1458,.F.);
#1458 = EDGE_CURVE('',#1459,#1431,#1461,.T.);
#1459 = VERTEX_POINT('',#1460);
#1460 = CARTESIAN_POINT('',(-25.76063332935,0.8621001193,68.082231615185
    ));
#1461 = SURFACE_CURVE('',#1462,(#1477,#1495),.PCURVE_S1.);
#1462 = ( BOUNDED_CURVE() B_SPLINE_CURVE(7,(#1463,#1464,#1465,#1466,
    #1467,#1468,#1469,#1470,#1471,#1472,#1473,#1474,#1475,#1476),
.UNSPECIFIED.,.F.,.F.) B_SPLINE_CURVE_WITH_KNOTS((8,6,8),(
    10.131044980626,10.320335202605,13.568553353027),.UNSPECIFIED.) 
CURVE() GEOMETRIC_REPRESENTATION_ITEM() RATIONAL_B_SPLINE_CURVE((1.,1.,
1.,1.,1.,1.,1.,1.,1.,1.,1.,1.,1.,1.)) REPRESENTATION_ITEM('') );
#1463 = CARTESIAN_POINT('',(-25.76063332935,0.8621001193,68.082231615185
    ));
#1464 = CARTESIAN_POINT('',(-25.7787272712,0.864996751312,
    68.060668094977));
#1465 = CARTESIAN_POINT('',(-25.7967206948,0.867913021816,
    68.038958379104));
#1466 = CARTESIAN_POINT('',(-25.81431701841,0.87079532274,
    68.017501544411));
#1467 = CARTESIAN_POINT('',(-25.8326309915,0.873839477429,
    67.994839814894));
#1468 = CARTESIAN_POINT('',(-25.84863614831,0.876535544465,
    67.974769369014));
#1469 = CARTESIAN_POINT('',(-25.87045326045,0.880198464228,
    67.947501340482));
#1470 = CARTESIAN_POINT('',(-26.07511615164,0.917000361155,
    67.673535422475));
#1471 = CARTESIAN_POINT('',(-26.22418605989,0.9529166956,67.406161934707
    ));
#1472 = CARTESIAN_POINT('',(-26.34057256641,0.990488436344,
    67.126465035811));
#1473 = CARTESIAN_POINT('',(-26.41099521009,1.027178935191,
    66.853328403243));
#1474 = CARTESIAN_POINT('',(-26.44728651889,1.060928448968,
    66.602085470229));
#1475 = CARTESIAN_POINT('',(-26.4625,1.091706733074,66.372961387942));
#1476 = CARTESIAN_POINT('',(-26.4625,1.121137486389,66.153868786124));
#1477 = PCURVE('',#135,#1478);
#1478 = DEFINITIONAL_REPRESENTATION('',(#1479),#1494);
#1479 = ( BOUNDED_CURVE() B_SPLINE_CURVE(7,(#1480,#1481,#1482,#1483,
    #1484,#1485,#1486,#1487,#1488,#1489,#1490,#1491,#1492,#1493),
.UNSPECIFIED.,.F.,.F.) B_SPLINE_CURVE_WITH_KNOTS((8,6,8),(
    10.131044980626,10.320335202605,13.568553353027),.UNSPECIFIED.) 
CURVE() GEOMETRIC_REPRESENTATION_ITEM() RATIONAL_B_SPLINE_CURVE((1.,1.,
1.,1.,1.,1.,1.,1.,1.,1.,1.,1.,1.,1.)) REPRESENTATION_ITEM('') );
#1480 = CARTESIAN_POINT('',(66.944440220857,-167.4400219922));
#1481 = CARTESIAN_POINT('',(66.922683017894,-167.4581159341));
#1482 = CARTESIAN_POINT('',(66.900778306142,-167.4761093577));
#1483 = CARTESIAN_POINT('',(66.87912874694,-167.4937056813));
#1484 = CARTESIAN_POINT('',(66.856263470592,-167.5120196544));
#1485 = CARTESIAN_POINT('',(66.836012752696,-167.5280248112));
#1486 = CARTESIAN_POINT('',(66.808499803723,-167.5498419233));
#1487 = CARTESIAN_POINT('',(66.532073133796,-167.7545048145));
#1488 = CARTESIAN_POINT('',(66.262298107077,-167.9035747228));
#1489 = CARTESIAN_POINT('',(65.9800889808,-168.0199612293));
#1490 = CARTESIAN_POINT('',(65.704499044923,-168.090383873));
#1491 = CARTESIAN_POINT('',(65.450999457015,-168.1266751818));
#1492 = CARTESIAN_POINT('',(65.219817390547,-168.1418886629));
#1493 = CARTESIAN_POINT('',(64.998756906941,-168.1418886629));
#1494 = ( GEOMETRIC_REPRESENTATION_CONTEXT(2) 
PARAMETRIC_REPRESENTATION_CONTEXT() REPRESENTATION_CONTEXT('2D SPACE',''
  ) );
#1495 = PCURVE('',#1496,#1539);
#1496 = ( BOUNDED_SURFACE() B_SPLINE_SURFACE(2,7,(
    (#1497,#1498,#1499,#1500,#1501,#1502,#1503,#1504,#1505,#1506,#1507
      ,#1508,#1509,#1510)
    ,(#1511,#1512,#1513,#1514,#1515,#1516,#1517,#1518,#1519,#1520,#1521
      ,#1522,#1523,#1524)
    ,(#1525,#1526,#1527,#1528,#1529,#1530,#1531,#1532,#1533,#1534,#1535
      ,#1536,#1537,#1538
)),.UNSPECIFIED.,.F.,.F.,.F.) B_SPLINE_SURFACE_WITH_KNOTS((3,3),(8,6,8),
  (0.,3.4375083724),(10.131044980626,10.320335202605,13.568553353027),
.UNSPECIFIED.) GEOMETRIC_REPRESENTATION_ITEM() RATIONAL_B_SPLINE_SURFACE
((
    (1.,1.,1.,1.,1.,1.,1.,1.,1.,1.,1.,1.,1.,1.)
    ,(0.736741860587,0.736556069542,0.736370430152,0.736184251914
      ,0.736000071224,0.735810562865,0.735633697308,0.732049440953
      ,0.728300810768,0.724281342717,0.720058467838,0.715771623435
      ,0.71146773159,0.707106781187)
,(1.,1.,1.,1.,1.,1.,1.,1.,1.,1.,1.,1.,1.,1.
))) REPRESENTATION_ITEM('') SURFACE() );
#1497 = CARTESIAN_POINT('',(-25.76063332935,0.8621001193,68.082231615185
    ));
#1498 = CARTESIAN_POINT('',(-25.7787272712,0.864996751312,
    68.060668094977));
#1499 = CARTESIAN_POINT('',(-25.7967206948,0.867913021816,
    68.038958379104));
#1500 = CARTESIAN_POINT('',(-25.81431701841,0.87079532274,
    68.017501544411));
#1501 = CARTESIAN_POINT('',(-25.8326309915,0.873839477429,
    67.994839814894));
#1502 = CARTESIAN_POINT('',(-25.84863614831,0.876535544465,
    67.974769369014));
#1503 = CARTESIAN_POINT('',(-25.87045326045,0.880198464228,
    67.947501340482));
#1504 = CARTESIAN_POINT('',(-26.07511615164,0.917000361155,
    67.673535422475));
#1505 = CARTESIAN_POINT('',(-26.22418605989,0.9529166956,67.406161934707
    ));
#1506 = CARTESIAN_POINT('',(-26.34057256641,0.990488436344,
    67.126465035811));
#1507 = CARTESIAN_POINT('',(-26.41099521009,1.027178935191,
    66.853328403243));
#1508 = CARTESIAN_POINT('',(-26.44728651889,1.060928448968,
    66.602085470229));
#1509 = CARTESIAN_POINT('',(-26.4625,1.091706733074,66.372961387942));
#1510 = CARTESIAN_POINT('',(-26.4625,1.121137486389,66.153868786124));
#1511 = CARTESIAN_POINT('',(-27.17194610687,0.705841614806,
    69.245473409904));
#1512 = CARTESIAN_POINT('',(-27.18998280811,0.70851822766,
    69.225547787617));
#1513 = CARTESIAN_POINT('',(-27.2078994909,0.711210700521,
    69.205504098003));
#1514 = CARTESIAN_POINT('',(-27.22569692549,0.713918894653,
    69.185343373872));
#1515 = CARTESIAN_POINT('',(-27.24337136606,0.716643343173,
    69.165061646508));
#1516 = CARTESIAN_POINT('',(-27.26093429353,0.719383003861,
    69.144666674567));
#1517 = CARTESIAN_POINT('',(-27.2783471857,0.722139711082,
    69.124144802389));
#1518 = CARTESIAN_POINT('',(-27.59481926055,0.772693885998,
    68.747802219631));
#1519 = CARTESIAN_POINT('',(-27.85817666968,0.825267420206,
    68.356426835071));
#1520 = CARTESIAN_POINT('',(-28.07641383131,0.881457305828,
    67.938130092715));
#1521 = CARTESIAN_POINT('',(-28.24518718247,0.939988284798,
    67.502405450117));
#1522 = CARTESIAN_POINT('',(-28.3647573983,0.999451823044,
    67.059738517054));
#1523 = CARTESIAN_POINT('',(-28.43798194972,1.059730290173,
    66.611004974428));
#1524 = CARTESIAN_POINT('',(-28.4625,1.121137486389,66.153868786124));
#1525 = CARTESIAN_POINT('',(-27.29272221559,-1.12009586837,
    69.101538048434));
#1526 = CARTESIAN_POINT('',(-27.30997635841,-1.118438554463,
    69.080975361739));
#1527 = CARTESIAN_POINT('',(-27.32711198461,-1.116763994158,
    69.060293396565));
#1528 = CARTESIAN_POINT('',(-27.34414861363,-1.115072053825,
    69.03946076044));
#1529 = CARTESIAN_POINT('',(-27.36101009385,-1.113363275589,
    69.018593171535));
#1530 = CARTESIAN_POINT('',(-27.37790783967,-1.1116390961,
    68.997378418762));
#1531 = CARTESIAN_POINT('',(-27.39423477043,-1.109904989828,
    68.976650370465));
#1532 = CARTESIAN_POINT('',(-27.70345139268,-1.077705530003,
    68.578550695239));
#1533 = CARTESIAN_POINT('',(-27.95724611844,-1.044355545363,
    68.165427835928));
#1534 = CARTESIAN_POINT('',(-28.1615801897,-1.008998005893,
    67.726494996055));
#1535 = CARTESIAN_POINT('',(-28.31350689769,-0.972428302093,
    67.270920303206));
#1536 = CARTESIAN_POINT('',(-28.41238393531,-0.935521647247,
    66.811431142178));
#1537 = CARTESIAN_POINT('',(-28.4625,-0.898394760121,66.350839818337));
#1538 = CARTESIAN_POINT('',(-28.4625,-0.861058501281,65.8876));
#1539 = DEFINITIONAL_REPRESENTATION('',(#1540),#1544);
#1540 = LINE('',#1541,#1542);
#1541 = CARTESIAN_POINT('',(0.,0.));
#1542 = VECTOR('',#1543,1.);
#1543 = DIRECTION('',(0.,1.));
#1544 = ( GEOMETRIC_REPRESENTATION_CONTEXT(2) 
PARAMETRIC_REPRESENTATION_CONTEXT() REPRESENTATION_CONTEXT('2D SPACE',''
  ) );
#1545 = ORIENTED_EDGE('',*,*,#1546,.F.);
#1546 = EDGE_CURVE('',#1547,#1459,#1549,.T.);
#1547 = VERTEX_POINT('',#1548);
#1548 = CARTESIAN_POINT('',(-20.70912693076,5.341203698906E-02,
    74.102382513721));
#1549 = SURFACE_CURVE('',#1550,(#1554,#1561),.PCURVE_S1.);
#1550 = LINE('',#1551,#1552);
#1551 = CARTESIAN_POINT('',(-21.68520269168,0.209670541483,
    72.939140719002));
#1552 = VECTOR('',#1553,1.);
#1553 = DIRECTION('',(-0.639411159614,0.102362373454,-0.762020546614));
#1554 = PCURVE('',#135,#1555);
#1555 = DEFINITIONAL_REPRESENTATION('',(#1556),#1560);
#1556 = LINE('',#1557,#1558);
#1557 = CARTESIAN_POINT('',(71.844973905749,-163.3645913545));
#1558 = VECTOR('',#1559,1.);
#1559 = DIRECTION('',(-0.768864987473,-0.639411159614));
#1560 = ( GEOMETRIC_REPRESENTATION_CONTEXT(2) 
PARAMETRIC_REPRESENTATION_CONTEXT() REPRESENTATION_CONTEXT('2D SPACE',''
  ) );
#1561 = PCURVE('',#1562,#1567);
#1562 = CYLINDRICAL_SURFACE('',#1563,2.);
#1563 = AXIS2_PLACEMENT_3D('',#1564,#1565,#1566);
#1564 = CARTESIAN_POINT('',(-21.68520269168,-1.772525446187,
    72.672871932879));
#1565 = DIRECTION('',(-0.639411159614,0.102362373454,-0.762020546614));
#1566 = DIRECTION('',(1.595945597899E-15,0.991097993835,0.133134393062)
  );
#1567 = DEFINITIONAL_REPRESENTATION('',(#1568),#1572);
#1568 = LINE('',#1569,#1570);
#1569 = CARTESIAN_POINT('',(-0.,0.));
#1570 = VECTOR('',#1571,1.);
#1571 = DIRECTION('',(-0.,1.));
#1572 = ( GEOMETRIC_REPRESENTATION_CONTEXT(2) 
PARAMETRIC_REPRESENTATION_CONTEXT() REPRESENTATION_CONTEXT('2D SPACE',''
  ) );
#1573 = ORIENTED_EDGE('',*,*,#1574,.F.);
#1574 = EDGE_CURVE('',#1575,#1547,#1577,.T.);
#1575 = VERTEX_POINT('',#1576);
#1576 = CARTESIAN_POINT('',(20.709126930763,5.341203698902E-02,
    74.102382513721));
#1577 = SURFACE_CURVE('',#1578,(#1582,#1589),.PCURVE_S1.);
#1578 = LINE('',#1579,#1580);
#1579 = CARTESIAN_POINT('',(22.762874783111,5.341203698899E-02,
    74.102382513721));
#1580 = VECTOR('',#1581,1.);
#1581 = DIRECTION('',(-1.,1.67E-15,-8.3E-16));
#1582 = PCURVE('',#135,#1583);
#1583 = DEFINITIONAL_REPRESENTATION('',(#1584),#1588);
#1584 = LINE('',#1585,#1586);
#1585 = CARTESIAN_POINT('',(73.018663895996,-118.9165138797));
#1586 = VECTOR('',#1587,1.);
#1587 = DIRECTION('',(1.245054228704E-15,-1.));
#1588 = ( GEOMETRIC_REPRESENTATION_CONTEXT(2) 
PARAMETRIC_REPRESENTATION_CONTEXT() REPRESENTATION_CONTEXT('2D SPACE',''
  ) );
#1589 = PCURVE('',#1590,#1595);
#1590 = CYLINDRICAL_SURFACE('',#1591,6.);
#1591 = AXIS2_PLACEMENT_3D('',#1592,#1593,#1594);
#1592 = CARTESIAN_POINT('',(22.762874783111,6.,74.901188872092));
#1593 = DIRECTION('',(-1.,1.67E-15,-8.3E-16));
#1594 = DIRECTION('',(-1.544632103463E-15,-0.991097993835,
    -0.133134393062));
#1595 = DEFINITIONAL_REPRESENTATION('',(#1596),#1600);
#1596 = LINE('',#1597,#1598);
#1597 = CARTESIAN_POINT('',(0.,0.));
#1598 = VECTOR('',#1599,1.);
#1599 = DIRECTION('',(0.,1.));
#1600 = ( GEOMETRIC_REPRESENTATION_CONTEXT(2) 
PARAMETRIC_REPRESENTATION_CONTEXT() REPRESENTATION_CONTEXT('2D SPACE',''
  ) );
#1601 = ORIENTED_EDGE('',*,*,#1602,.T.);
#1602 = EDGE_CURVE('',#1575,#1603,#1605,.T.);
#1603 = VERTEX_POINT('',#1604);
#1604 = CARTESIAN_POINT('',(25.760633329356,0.8621001193,68.082231615185
    ));
#1605 = SURFACE_CURVE('',#1606,(#1610,#1617),.PCURVE_S1.);
#1606 = LINE('',#1607,#1608);
#1607 = CARTESIAN_POINT('',(21.685202691681,0.209670541483,
    72.939140719003));
#1608 = VECTOR('',#1609,1.);
#1609 = DIRECTION('',(0.639411159614,0.102362373454,-0.762020546614));
#1610 = PCURVE('',#135,#1611);
#1611 = DEFINITIONAL_REPRESENTATION('',(#1612),#1616);
#1612 = LINE('',#1613,#1614);
#1613 = CARTESIAN_POINT('',(71.844973905749,-119.9941859712));
#1614 = VECTOR('',#1615,1.);
#1615 = DIRECTION('',(-0.768864987473,0.639411159614));
#1616 = ( GEOMETRIC_REPRESENTATION_CONTEXT(2) 
PARAMETRIC_REPRESENTATION_CONTEXT() REPRESENTATION_CONTEXT('2D SPACE',''
  ) );
#1617 = PCURVE('',#1618,#1623);
#1618 = CYLINDRICAL_SURFACE('',#1619,2.);
#1619 = AXIS2_PLACEMENT_3D('',#1620,#1621,#1622);
#1620 = CARTESIAN_POINT('',(21.685202691681,-1.772525446187,
    72.672871932879));
#1621 = DIRECTION('',(0.639411159614,0.102362373454,-0.762020546614));
#1622 = DIRECTION('',(1.637578961322E-15,0.991097993835,0.133134393062)
  );
#1623 = DEFINITIONAL_REPRESENTATION('',(#1624),#1628);
#1624 = LINE('',#1625,#1626);
#1625 = CARTESIAN_POINT('',(0.,0.));
#1626 = VECTOR('',#1627,1.);
#1627 = DIRECTION('',(0.,1.));
#1628 = ( GEOMETRIC_REPRESENTATION_CONTEXT(2) 
PARAMETRIC_REPRESENTATION_CONTEXT() REPRESENTATION_CONTEXT('2D SPACE',''
  ) );
#1629 = ORIENTED_EDGE('',*,*,#1630,.T.);
#1630 = EDGE_CURVE('',#1603,#1631,#1633,.T.);
#1631 = VERTEX_POINT('',#1632);
#1632 = CARTESIAN_POINT('',(26.4625,1.121137486389,66.153868786124));
#1633 = SURFACE_CURVE('',#1634,(#1649,#1667),.PCURVE_S1.);
#1634 = ( BOUNDED_CURVE() B_SPLINE_CURVE(7,(#1635,#1636,#1637,#1638,
    #1639,#1640,#1641,#1642,#1643,#1644,#1645,#1646,#1647,#1648),
.UNSPECIFIED.,.F.,.F.) B_SPLINE_CURVE_WITH_KNOTS((8,6,8),(
    10.131044980626,10.320335202605,13.568553353042),.UNSPECIFIED.) 
CURVE() GEOMETRIC_REPRESENTATION_ITEM() RATIONAL_B_SPLINE_CURVE((1.,1.,
1.,1.,1.,1.,1.,1.,1.,1.,1.,1.,1.,1.)) REPRESENTATION_ITEM('') );
#1635 = CARTESIAN_POINT('',(25.760633329356,0.8621001193,68.082231615185
    ));
#1636 = CARTESIAN_POINT('',(25.778727271209,0.864996751312,
    68.060668094977));
#1637 = CARTESIAN_POINT('',(25.796720694802,0.867913021816,
    68.038958379102));
#1638 = CARTESIAN_POINT('',(25.814317018417,0.87079532274,68.01750154441
    ));
#1639 = CARTESIAN_POINT('',(25.83263099151,0.873839477429,
    67.994839814892));
#1640 = CARTESIAN_POINT('',(25.848636148312,0.876535544466,
    67.974769369011));
#1641 = CARTESIAN_POINT('',(25.870453260458,0.880198464228,
    67.947501340483));
#1642 = CARTESIAN_POINT('',(26.075116151645,0.917000361155,
    67.673535422472));
#1643 = CARTESIAN_POINT('',(26.224186059892,0.9529166956,67.406161934712
    ));
#1644 = CARTESIAN_POINT('',(26.340572566414,0.990488436346,
    67.126465035799));
#1645 = CARTESIAN_POINT('',(26.410995210097,1.027178935188,
    66.853328403262));
#1646 = CARTESIAN_POINT('',(26.447286518896,1.06092844897,
    66.602085470213));
#1647 = CARTESIAN_POINT('',(26.4625,1.091706733073,66.37296138795));
#1648 = CARTESIAN_POINT('',(26.4625,1.121137486389,66.153868786124));
#1649 = PCURVE('',#135,#1650);
#1650 = DEFINITIONAL_REPRESENTATION('',(#1651),#1666);
#1651 = ( BOUNDED_CURVE() B_SPLINE_CURVE(7,(#1652,#1653,#1654,#1655,
    #1656,#1657,#1658,#1659,#1660,#1661,#1662,#1663,#1664,#1665),
.UNSPECIFIED.,.F.,.F.) B_SPLINE_CURVE_WITH_KNOTS((8,6,8),(
    10.131044980626,10.320335202605,13.568553353042),.UNSPECIFIED.) 
CURVE() GEOMETRIC_REPRESENTATION_ITEM() RATIONAL_B_SPLINE_CURVE((1.,1.,
1.,1.,1.,1.,1.,1.,1.,1.,1.,1.,1.,1.)) REPRESENTATION_ITEM('') );
#1652 = CARTESIAN_POINT('',(66.944440220857,-115.9187553335));
#1653 = CARTESIAN_POINT('',(66.922683017894,-115.9006613917));
#1654 = CARTESIAN_POINT('',(66.90077830614,-115.8826679681));
#1655 = CARTESIAN_POINT('',(66.879128746939,-115.8650716444));
#1656 = CARTESIAN_POINT('',(66.85626347059,-115.8467576713));
#1657 = CARTESIAN_POINT('',(66.836012752693,-115.8307525145));
#1658 = CARTESIAN_POINT('',(66.808499803723,-115.8089354024));
#1659 = CARTESIAN_POINT('',(66.532073133793,-115.6042725112));
#1660 = CARTESIAN_POINT('',(66.262298107082,-115.455202603));
#1661 = CARTESIAN_POINT('',(65.980088980787,-115.3388160964));
#1662 = CARTESIAN_POINT('',(65.704499044942,-115.2683934528));
#1663 = CARTESIAN_POINT('',(65.450999456999,-115.232102144));
#1664 = CARTESIAN_POINT('',(65.219817390555,-115.2168886629));
#1665 = CARTESIAN_POINT('',(64.99875690694,-115.2168886629));
#1666 = ( GEOMETRIC_REPRESENTATION_CONTEXT(2) 
PARAMETRIC_REPRESENTATION_CONTEXT() REPRESENTATION_CONTEXT('2D SPACE',''
  ) );
#1667 = PCURVE('',#1668,#1711);
#1668 = ( BOUNDED_SURFACE() B_SPLINE_SURFACE(2,7,(
    (#1669,#1670,#1671,#1672,#1673,#1674,#1675,#1676,#1677,#1678,#1679
      ,#1680,#1681,#1682)
    ,(#1683,#1684,#1685,#1686,#1687,#1688,#1689,#1690,#1691,#1692,#1693
      ,#1694,#1695,#1696)
    ,(#1697,#1698,#1699,#1700,#1701,#1702,#1703,#1704,#1705,#1706,#1707
      ,#1708,#1709,#1710
)),.UNSPECIFIED.,.F.,.F.,.F.) B_SPLINE_SURFACE_WITH_KNOTS((3,3),(8,6,8),
  (0.,3.437508372416),(10.131044980626,10.320335202605,13.568553353042),
.UNSPECIFIED.) GEOMETRIC_REPRESENTATION_ITEM() RATIONAL_B_SPLINE_SURFACE
((
    (1.,1.,1.,1.,1.,1.,1.,1.,1.,1.,1.,1.,1.,1.)
    ,(0.736741860587,0.736556069542,0.736370430152,0.736184251915
      ,0.736000071224,0.735810562865,0.735633697308,0.732049440953
      ,0.728300810768,0.724281342717,0.720058467838,0.715771623435
      ,0.71146773159,0.707106781187)
,(1.,1.,1.,1.,1.,1.,1.,1.,1.,1.,1.,1.,1.,1.
))) REPRESENTATION_ITEM('') SURFACE() );
#1669 = CARTESIAN_POINT('',(25.760633329356,0.8621001193,68.082231615185
    ));
#1670 = CARTESIAN_POINT('',(25.778727271209,0.864996751312,
    68.060668094977));
#1671 = CARTESIAN_POINT('',(25.796720694802,0.867913021816,
    68.038958379102));
#1672 = CARTESIAN_POINT('',(25.814317018417,0.87079532274,68.01750154441
    ));
#1673 = CARTESIAN_POINT('',(25.83263099151,0.873839477429,
    67.994839814892));
#1674 = CARTESIAN_POINT('',(25.848636148312,0.876535544466,
    67.974769369011));
#1675 = CARTESIAN_POINT('',(25.870453260458,0.880198464228,
    67.947501340483));
#1676 = CARTESIAN_POINT('',(26.075116151645,0.917000361155,
    67.673535422472));
#1677 = CARTESIAN_POINT('',(26.224186059892,0.9529166956,67.406161934712
    ));
#1678 = CARTESIAN_POINT('',(26.340572566414,0.990488436346,
    67.126465035799));
#1679 = CARTESIAN_POINT('',(26.410995210097,1.027178935188,
    66.853328403262));
#1680 = CARTESIAN_POINT('',(26.447286518896,1.06092844897,
    66.602085470213));
#1681 = CARTESIAN_POINT('',(26.4625,1.091706733073,66.37296138795));
#1682 = CARTESIAN_POINT('',(26.4625,1.121137486389,66.153868786124));
#1683 = CARTESIAN_POINT('',(27.171946106871,0.705841614806,
    69.245473409904));
#1684 = CARTESIAN_POINT('',(27.189982808112,0.70851822766,
    69.225547787617));
#1685 = CARTESIAN_POINT('',(27.207899490909,0.711210700521,
    69.205504098003));
#1686 = CARTESIAN_POINT('',(27.225696925496,0.713918894653,
    69.185343373872));
#1687 = CARTESIAN_POINT('',(27.243371366065,0.716643343173,
    69.165061646508));
#1688 = CARTESIAN_POINT('',(27.260934293539,0.71938300386,
    69.144666674567));
#1689 = CARTESIAN_POINT('',(27.278347185705,0.722139711082,
    69.124144802389));
#1690 = CARTESIAN_POINT('',(27.594819260556,0.772693885998,
    68.747802219631));
#1691 = CARTESIAN_POINT('',(27.858176669681,0.825267420206,
    68.356426835072));
#1692 = CARTESIAN_POINT('',(28.076413831312,0.881457305828,
    67.938130092714));
#1693 = CARTESIAN_POINT('',(28.245187182471,0.939988284797,
    67.502405450119));
#1694 = CARTESIAN_POINT('',(28.364757398301,0.999451823044,
    67.059738517052));
#1695 = CARTESIAN_POINT('',(28.437981949722,1.059730290173,
    66.611004974429));
#1696 = CARTESIAN_POINT('',(28.4625,1.121137486389,66.153868786124));
#1697 = CARTESIAN_POINT('',(27.292722215594,-1.12009586837,
    69.101538048434));
#1698 = CARTESIAN_POINT('',(27.309976358416,-1.118438554463,
    69.080975361739));
#1699 = CARTESIAN_POINT('',(27.32711198461,-1.116763994158,
    69.060293396565));
#1700 = CARTESIAN_POINT('',(27.344148613636,-1.115072053825,
    69.03946076044));
#1701 = CARTESIAN_POINT('',(27.361010093854,-1.11336327559,
    69.018593171534));
#1702 = CARTESIAN_POINT('',(27.377907839674,-1.1116390961,
    68.997378418762));
#1703 = CARTESIAN_POINT('',(27.394234770429,-1.109904989828,
    68.976650370465));
#1704 = CARTESIAN_POINT('',(27.703451392688,-1.077705530003,
    68.578550695237));
#1705 = CARTESIAN_POINT('',(27.957246118445,-1.044355545363,
    68.16542783593));
#1706 = CARTESIAN_POINT('',(28.161580189706,-1.008998005893,
    67.726494996054));
#1707 = CARTESIAN_POINT('',(28.313506897695,-0.972428302093,
    67.270920303206));
#1708 = CARTESIAN_POINT('',(28.412383935312,-0.935521647247,
    66.811431142179));
#1709 = CARTESIAN_POINT('',(28.4625,-0.898394760121,66.350839818335));
#1710 = CARTESIAN_POINT('',(28.4625,-0.861058501281,65.8876));
#1711 = DEFINITIONAL_REPRESENTATION('',(#1712),#1716);
#1712 = LINE('',#1713,#1714);
#1713 = CARTESIAN_POINT('',(0.,0.));
#1714 = VECTOR('',#1715,1.);
#1715 = DIRECTION('',(0.,1.));
#1716 = ( GEOMETRIC_REPRESENTATION_CONTEXT(2) 
PARAMETRIC_REPRESENTATION_CONTEXT() REPRESENTATION_CONTEXT('2D SPACE',''
  ) );
#1717 = ORIENTED_EDGE('',*,*,#1718,.T.);
#1718 = EDGE_CURVE('',#1631,#1719,#1721,.T.);
#1719 = VERTEX_POINT('',#1720);
#1720 = CARTESIAN_POINT('',(26.4625,1.580045560268,62.7376));
#1721 = SURFACE_CURVE('',#1722,(#1726,#1733),.PCURVE_S1.);
#1722 = LINE('',#1723,#1724);
#1723 = CARTESIAN_POINT('',(26.4625,1.15690542604,65.8876));
#1724 = VECTOR('',#1725,1.);
#1725 = DIRECTION('',(2.45E-15,0.133134393062,-0.991097993835));
#1726 = PCURVE('',#135,#1727);
#1727 = DEFINITIONAL_REPRESENTATION('',(#1728),#1732);
#1728 = LINE('',#1729,#1730);
#1729 = CARTESIAN_POINT('',(64.730096504256,-115.2168886629));
#1730 = VECTOR('',#1731,1.);
#1731 = DIRECTION('',(-1.,1.6E-16));
#1732 = ( GEOMETRIC_REPRESENTATION_CONTEXT(2) 
PARAMETRIC_REPRESENTATION_CONTEXT() REPRESENTATION_CONTEXT('2D SPACE',''
  ) );
#1733 = PCURVE('',#1734,#1739);
#1734 = CYLINDRICAL_SURFACE('',#1735,2.);
#1735 = AXIS2_PLACEMENT_3D('',#1736,#1737,#1738);
#1736 = CARTESIAN_POINT('',(26.4625,-0.82529056163,65.621331213876));
#1737 = DIRECTION('',(2.45E-15,0.133134393062,-0.991097993835));
#1738 = DIRECTION('',(1.62E-15,0.991097993835,0.133134393062));
#1739 = DEFINITIONAL_REPRESENTATION('',(#1740),#1744);
#1740 = LINE('',#1741,#1742);
#1741 = CARTESIAN_POINT('',(0.,0.));
#1742 = VECTOR('',#1743,1.);
#1743 = DIRECTION('',(0.,1.));
#1744 = ( GEOMETRIC_REPRESENTATION_CONTEXT(2) 
PARAMETRIC_REPRESENTATION_CONTEXT() REPRESENTATION_CONTEXT('2D SPACE',''
  ) );
#1745 = ORIENTED_EDGE('',*,*,#1746,.T.);
#1746 = EDGE_CURVE('',#1719,#1747,#1749,.T.);
#1747 = VERTEX_POINT('',#1748);
#1748 = CARTESIAN_POINT('',(23.4625,1.580045560268,62.7376));
#1749 = SURFACE_CURVE('',#1750,(#1754,#1761),.PCURVE_S1.);
#1750 = LINE('',#1751,#1752);
#1751 = CARTESIAN_POINT('',(82.570944331454,1.580045560268,62.7376));
#1752 = VECTOR('',#1753,1.);
#1753 = DIRECTION('',(-1.,1.12E-15,2.2E-16));
#1754 = PCURVE('',#135,#1755);
#1755 = DEFINITIONAL_REPRESENTATION('',(#1756),#1760);
#1756 = LINE('',#1757,#1758);
#1757 = CARTESIAN_POINT('',(61.551803318725,-59.10844433145));
#1758 = VECTOR('',#1759,1.);
#1759 = DIRECTION('',(2.358931038415E-15,-1.));
#1760 = ( GEOMETRIC_REPRESENTATION_CONTEXT(2) 
PARAMETRIC_REPRESENTATION_CONTEXT() REPRESENTATION_CONTEXT('2D SPACE',''
  ) );
#1761 = PCURVE('',#1762,#1767);
#1762 = PLANE('',#1763);
#1763 = AXIS2_PLACEMENT_3D('',#1764,#1765,#1766);
#1764 = CARTESIAN_POINT('',(23.4625,12.0076,62.7376));
#1765 = DIRECTION('',(-2.44E-15,-1.44E-15,1.));
#1766 = DIRECTION('',(1.,-1.E-15,2.44E-15));
#1767 = DEFINITIONAL_REPRESENTATION('',(#1768),#1772);
#1768 = LINE('',#1769,#1770);
#1769 = CARTESIAN_POINT('',(59.108444331454,-10.42755443973));
#1770 = VECTOR('',#1771,1.);
#1771 = DIRECTION('',(-1.,1.2E-16));
#1772 = ( GEOMETRIC_REPRESENTATION_CONTEXT(2) 
PARAMETRIC_REPRESENTATION_CONTEXT() REPRESENTATION_CONTEXT('2D SPACE',''
  ) );
#1773 = ORIENTED_EDGE('',*,*,#1774,.T.);
#1774 = EDGE_CURVE('',#1747,#1775,#1777,.T.);
#1775 = VERTEX_POINT('',#1776);
#1776 = CARTESIAN_POINT('',(23.4625,1.15690542604,65.8876));
#1777 = SURFACE_CURVE('',#1778,(#1782,#1789),.PCURVE_S1.);
#1778 = LINE('',#1779,#1780);
#1779 = CARTESIAN_POINT('',(23.4625,5.561969495976,33.094795210622));
#1780 = VECTOR('',#1781,1.);
#1781 = DIRECTION('',(-2.18E-15,-0.133134393062,0.991097993835));
#1782 = PCURVE('',#135,#1783);
#1783 = DEFINITIONAL_REPRESENTATION('',(#1784),#1788);
#1784 = LINE('',#1785,#1786);
#1785 = CARTESIAN_POINT('',(31.642747933927,-118.2168886629));
#1786 = VECTOR('',#1787,1.);
#1787 = DIRECTION('',(1.,1.1E-16));
#1788 = ( GEOMETRIC_REPRESENTATION_CONTEXT(2) 
PARAMETRIC_REPRESENTATION_CONTEXT() REPRESENTATION_CONTEXT('2D SPACE',''
  ) );
#1789 = PCURVE('',#1790,#1795);
#1790 = PLANE('',#1791);
#1791 = AXIS2_PLACEMENT_3D('',#1792,#1793,#1794);
#1792 = CARTESIAN_POINT('',(23.4625,12.0076,65.8876));
#1793 = DIRECTION('',(1.,-7.8E-16,-4.4E-16));
#1794 = DIRECTION('',(-4.4E-16,1.67E-15,-1.));
#1795 = DEFINITIONAL_REPRESENTATION('',(#1796),#1800);
#1796 = LINE('',#1797,#1798);
#1797 = CARTESIAN_POINT('',(32.792804789378,-6.445630504024));
#1798 = VECTOR('',#1799,1.);
#1799 = DIRECTION('',(-0.991097993835,-0.133134393062));
#1800 = ( GEOMETRIC_REPRESENTATION_CONTEXT(2) 
PARAMETRIC_REPRESENTATION_CONTEXT() REPRESENTATION_CONTEXT('2D SPACE',''
  ) );
#1801 = ORIENTED_EDGE('',*,*,#1802,.T.);
#1802 = EDGE_CURVE('',#1775,#1803,#1805,.T.);
#1803 = VERTEX_POINT('',#1804);
#1804 = CARTESIAN_POINT('',(18.5,1.15690542604,65.8876));
#1805 = SURFACE_CURVE('',#1806,(#1810,#1817),.PCURVE_S1.);
#1806 = LINE('',#1807,#1808);
#1807 = CARTESIAN_POINT('',(80.089694331454,1.15690542604,65.8876));
#1808 = VECTOR('',#1809,1.);
#1809 = DIRECTION('',(-1.,1.12E-15,2.2E-16));
#1810 = PCURVE('',#135,#1811);
#1811 = DEFINITIONAL_REPRESENTATION('',(#1812),#1816);
#1812 = LINE('',#1813,#1814);
#1813 = CARTESIAN_POINT('',(64.730096504256,-61.58969433145));
#1814 = VECTOR('',#1815,1.);
#1815 = DIRECTION('',(2.358931038415E-15,-1.));
#1816 = ( GEOMETRIC_REPRESENTATION_CONTEXT(2) 
PARAMETRIC_REPRESENTATION_CONTEXT() REPRESENTATION_CONTEXT('2D SPACE',''
  ) );
#1817 = PCURVE('',#1818,#1823);
#1818 = PLANE('',#1819);
#1819 = AXIS2_PLACEMENT_3D('',#1820,#1821,#1822);
#1820 = CARTESIAN_POINT('',(18.5,12.0076,65.8876));
#1821 = DIRECTION('',(-2.44E-15,-1.44E-15,1.));
#1822 = DIRECTION('',(1.,-1.E-15,2.44E-15));
#1823 = DEFINITIONAL_REPRESENTATION('',(#1824),#1828);
#1824 = LINE('',#1825,#1826);
#1825 = CARTESIAN_POINT('',(61.589694331455,-10.85069457396));
#1826 = VECTOR('',#1827,1.);
#1827 = DIRECTION('',(-1.,1.2E-16));
#1828 = ( GEOMETRIC_REPRESENTATION_CONTEXT(2) 
PARAMETRIC_REPRESENTATION_CONTEXT() REPRESENTATION_CONTEXT('2D SPACE',''
  ) );
#1829 = ORIENTED_EDGE('',*,*,#1830,.T.);
#1830 = EDGE_CURVE('',#1803,#1831,#1833,.T.);
#1831 = VERTEX_POINT('',#1832);
#1832 = CARTESIAN_POINT('',(18.5,2.889765023356,52.9876));
#1833 = SURFACE_CURVE('',#1834,(#1838,#1845),.PCURVE_S1.);
#1834 = LINE('',#1835,#1836);
#1835 = CARTESIAN_POINT('',(18.5,6.413042028663,26.759119955295));
#1836 = VECTOR('',#1837,1.);
#1837 = DIRECTION('',(2.18E-15,0.133134393062,-0.991097993835));
#1838 = PCURVE('',#135,#1839);
#1839 = DEFINITIONAL_REPRESENTATION('',(#1840),#1844);
#1840 = LINE('',#1841,#1842);
#1841 = CARTESIAN_POINT('',(25.25016587369,-123.1793886629));
#1842 = VECTOR('',#1843,1.);
#1843 = DIRECTION('',(-1.,-1.1E-16));
#1844 = ( GEOMETRIC_REPRESENTATION_CONTEXT(2) 
PARAMETRIC_REPRESENTATION_CONTEXT() REPRESENTATION_CONTEXT('2D SPACE',''
  ) );
#1845 = PCURVE('',#1846,#1851);
#1846 = PLANE('',#1847);
#1847 = AXIS2_PLACEMENT_3D('',#1848,#1849,#1850);
#1848 = CARTESIAN_POINT('',(18.5,12.0076,52.9876));
#1849 = DIRECTION('',(-1.,7.8E-16,4.4E-16));
#1850 = DIRECTION('',(4.4E-16,-1.67E-15,1.));
#1851 = DEFINITIONAL_REPRESENTATION('',(#1852),#1856);
#1852 = LINE('',#1853,#1854);
#1853 = CARTESIAN_POINT('',(-26.2284800447,-5.594557971337));
#1854 = VECTOR('',#1855,1.);
#1855 = DIRECTION('',(-0.991097993835,0.133134393062));
#1856 = ( GEOMETRIC_REPRESENTATION_CONTEXT(2) 
PARAMETRIC_REPRESENTATION_CONTEXT() REPRESENTATION_CONTEXT('2D SPACE',''
  ) );
#1857 = ORIENTED_EDGE('',*,*,#1858,.T.);
#1858 = EDGE_CURVE('',#1831,#1859,#1861,.T.);
#1859 = VERTEX_POINT('',#1860);
#1860 = CARTESIAN_POINT('',(23.4625,2.889765023356,52.9876));
#1861 = SURFACE_CURVE('',#1862,(#1866,#1873),.PCURVE_S1.);
#1862 = LINE('',#1863,#1864);
#1863 = CARTESIAN_POINT('',(82.570944331454,2.889765023356,52.9876));
#1864 = VECTOR('',#1865,1.);
#1865 = DIRECTION('',(1.,-1.12E-15,-2.2E-16));
#1866 = PCURVE('',#135,#1867);
#1867 = DEFINITIONAL_REPRESENTATION('',(#1868),#1872);
#1868 = LINE('',#1869,#1870);
#1869 = CARTESIAN_POINT('',(51.714229173033,-59.10844433145));
#1870 = VECTOR('',#1871,1.);
#1871 = DIRECTION('',(-2.358931038415E-15,1.));
#1872 = ( GEOMETRIC_REPRESENTATION_CONTEXT(2) 
PARAMETRIC_REPRESENTATION_CONTEXT() REPRESENTATION_CONTEXT('2D SPACE',''
  ) );
#1873 = PCURVE('',#1874,#1879);
#1874 = PLANE('',#1875);
#1875 = AXIS2_PLACEMENT_3D('',#1876,#1877,#1878);
#1876 = CARTESIAN_POINT('',(23.4625,12.0076,52.9876));
#1877 = DIRECTION('',(2.44E-15,1.44E-15,-1.));
#1878 = DIRECTION('',(-1.,1.E-15,-2.44E-15));
#1879 = DEFINITIONAL_REPRESENTATION('',(#1880),#1884);
#1880 = LINE('',#1881,#1882);
#1881 = CARTESIAN_POINT('',(-59.10844433145,-9.117834976644));
#1882 = VECTOR('',#1883,1.);
#1883 = DIRECTION('',(-1.,-1.2E-16));
#1884 = ( GEOMETRIC_REPRESENTATION_CONTEXT(2) 
PARAMETRIC_REPRESENTATION_CONTEXT() REPRESENTATION_CONTEXT('2D SPACE',''
  ) );
#1885 = ORIENTED_EDGE('',*,*,#1886,.F.);
#1886 = EDGE_CURVE('',#1887,#1859,#1889,.T.);
#1887 = VERTEX_POINT('',#1888);
#1888 = CARTESIAN_POINT('',(23.4625,2.466624889128,56.1376));
#1889 = SURFACE_CURVE('',#1890,(#1894,#1901),.PCURVE_S1.);
#1890 = LINE('',#1891,#1892);
#1891 = CARTESIAN_POINT('',(23.4625,6.413042028663,26.759119955295));
#1892 = VECTOR('',#1893,1.);
#1893 = DIRECTION('',(2.18E-15,0.133134393062,-0.991097993835));
#1894 = PCURVE('',#135,#1895);
#1895 = DEFINITIONAL_REPRESENTATION('',(#1896),#1900);
#1896 = LINE('',#1897,#1898);
#1897 = CARTESIAN_POINT('',(25.25016587369,-118.2168886629));
#1898 = VECTOR('',#1899,1.);
#1899 = DIRECTION('',(-1.,-1.1E-16));
#1900 = ( GEOMETRIC_REPRESENTATION_CONTEXT(2) 
PARAMETRIC_REPRESENTATION_CONTEXT() REPRESENTATION_CONTEXT('2D SPACE',''
  ) );
#1901 = PCURVE('',#1902,#1907);
#1902 = PLANE('',#1903);
#1903 = AXIS2_PLACEMENT_3D('',#1904,#1905,#1906);
#1904 = CARTESIAN_POINT('',(23.4625,12.0076,52.9876));
#1905 = DIRECTION('',(-1.,7.8E-16,4.4E-16));
#1906 = DIRECTION('',(4.4E-16,-1.67E-15,1.));
#1907 = DEFINITIONAL_REPRESENTATION('',(#1908),#1912);
#1908 = LINE('',#1909,#1910);
#1909 = CARTESIAN_POINT('',(-26.2284800447,-5.594557971337));
#1910 = VECTOR('',#1911,1.);
#1911 = DIRECTION('',(-0.991097993835,0.133134393062));
#1912 = ( GEOMETRIC_REPRESENTATION_CONTEXT(2) 
PARAMETRIC_REPRESENTATION_CONTEXT() REPRESENTATION_CONTEXT('2D SPACE',''
  ) );
#1913 = ORIENTED_EDGE('',*,*,#1914,.F.);
#1914 = EDGE_CURVE('',#1915,#1887,#1917,.T.);
#1915 = VERTEX_POINT('',#1916);
#1916 = CARTESIAN_POINT('',(26.4625,2.466624889127,56.1376));
#1917 = SURFACE_CURVE('',#1918,(#1922,#1929),.PCURVE_S1.);
#1918 = LINE('',#1919,#1920);
#1919 = CARTESIAN_POINT('',(82.570944331454,2.466624889127,56.1376));
#1920 = VECTOR('',#1921,1.);
#1921 = DIRECTION('',(-1.,1.12E-15,2.2E-16));
#1922 = PCURVE('',#135,#1923);
#1923 = DEFINITIONAL_REPRESENTATION('',(#1924),#1928);
#1924 = LINE('',#1925,#1926);
#1925 = CARTESIAN_POINT('',(54.892522358564,-59.10844433145));
#1926 = VECTOR('',#1927,1.);
#1927 = DIRECTION('',(2.358931038415E-15,-1.));
#1928 = ( GEOMETRIC_REPRESENTATION_CONTEXT(2) 
PARAMETRIC_REPRESENTATION_CONTEXT() REPRESENTATION_CONTEXT('2D SPACE',''
  ) );
#1929 = PCURVE('',#1930,#1935);
#1930 = PLANE('',#1931);
#1931 = AXIS2_PLACEMENT_3D('',#1932,#1933,#1934);
#1932 = CARTESIAN_POINT('',(23.4625,12.0076,56.1376));
#1933 = DIRECTION('',(-2.44E-15,-1.44E-15,1.));
#1934 = DIRECTION('',(1.,-1.E-15,2.44E-15));
#1935 = DEFINITIONAL_REPRESENTATION('',(#1936),#1940);
#1936 = LINE('',#1937,#1938);
#1937 = CARTESIAN_POINT('',(59.108444331454,-9.540975110872));
#1938 = VECTOR('',#1939,1.);
#1939 = DIRECTION('',(-1.,1.2E-16));
#1940 = ( GEOMETRIC_REPRESENTATION_CONTEXT(2) 
PARAMETRIC_REPRESENTATION_CONTEXT() REPRESENTATION_CONTEXT('2D SPACE',''
  ) );
#1941 = ORIENTED_EDGE('',*,*,#1942,.T.);
#1942 = EDGE_CURVE('',#1915,#1943,#1945,.T.);
#1943 = VERTEX_POINT('',#1944);
#1944 = CARTESIAN_POINT('',(26.4625,2.853997083704,53.253868786124));
#1945 = SURFACE_CURVE('',#1946,(#1950,#1957),.PCURVE_S1.);
#1946 = LINE('',#1947,#1948);
#1947 = CARTESIAN_POINT('',(26.4625,2.466624889127,56.1376));
#1948 = VECTOR('',#1949,1.);
#1949 = DIRECTION('',(2.45E-15,0.133134393062,-0.991097993835));
#1950 = PCURVE('',#135,#1951);
#1951 = DEFINITIONAL_REPRESENTATION('',(#1952),#1956);
#1952 = LINE('',#1953,#1954);
#1953 = CARTESIAN_POINT('',(54.892522358564,-115.2168886629));
#1954 = VECTOR('',#1955,1.);
#1955 = DIRECTION('',(-1.,1.6E-16));
#1956 = ( GEOMETRIC_REPRESENTATION_CONTEXT(2) 
PARAMETRIC_REPRESENTATION_CONTEXT() REPRESENTATION_CONTEXT('2D SPACE',''
  ) );
#1957 = PCURVE('',#1958,#1963);
#1958 = CYLINDRICAL_SURFACE('',#1959,2.);
#1959 = AXIS2_PLACEMENT_3D('',#1960,#1961,#1962);
#1960 = CARTESIAN_POINT('',(26.4625,0.484428901457,55.871331213876));
#1961 = DIRECTION('',(2.45E-15,0.133134393062,-0.991097993835));
#1962 = DIRECTION('',(1.62E-15,0.991097993835,0.133134393062));
#1963 = DEFINITIONAL_REPRESENTATION('',(#1964),#1968);
#1964 = LINE('',#1965,#1966);
#1965 = CARTESIAN_POINT('',(0.,0.));
#1966 = VECTOR('',#1967,1.);
#1967 = DIRECTION('',(0.,1.));
#1968 = ( GEOMETRIC_REPRESENTATION_CONTEXT(2) 
PARAMETRIC_REPRESENTATION_CONTEXT() REPRESENTATION_CONTEXT('2D SPACE',''
  ) );
#1969 = ORIENTED_EDGE('',*,*,#1970,.T.);
#1970 = EDGE_CURVE('',#1943,#1971,#1973,.T.);
#1971 = VERTEX_POINT('',#1972);
#1972 = CARTESIAN_POINT('',(25.760633329355,3.113034450793,
    51.325505957063));
#1973 = SURFACE_CURVE('',#1974,(#1989,#2007),.PCURVE_S1.);
#1974 = ( BOUNDED_CURVE() B_SPLINE_CURVE(7,(#1975,#1976,#1977,#1978,
    #1979,#1980,#1981,#1982,#1983,#1984,#1985,#1986,#1987,#1988),
.UNSPECIFIED.,.F.,.F.) B_SPLINE_CURVE_WITH_KNOTS((8,6,8),(2.909632782847
,3.178005192807,6.471385552768),.UNSPECIFIED.) CURVE() 
GEOMETRIC_REPRESENTATION_ITEM() RATIONAL_B_SPLINE_CURVE((1.,1.,1.,1.,1.,
1.,1.,1.,1.,1.,1.,1.,1.,1.)) REPRESENTATION_ITEM('') );
#1975 = CARTESIAN_POINT('',(26.4625,2.853997083705,53.253868786124));
#1976 = CARTESIAN_POINT('',(26.4625,2.859320861823,53.214236759482));
#1977 = CARTESIAN_POINT('',(26.462150521766,2.86465401914,
    53.174534910874));
#1978 = CARTESIAN_POINT('',(26.461521146659,2.869895804097,
    53.13551326939));
#1979 = CARTESIAN_POINT('',(26.460406117601,2.875417907032,
    53.094404844928));
#1980 = CARTESIAN_POINT('',(26.459144781345,2.880238377529,
    53.058519612504));
#1981 = CARTESIAN_POINT('',(26.457404642952,2.886921974292,
    53.008764630404));
#1982 = CARTESIAN_POINT('',(26.429820476444,2.932607937498,
    52.668662682002));
#1983 = CARTESIAN_POINT('',(26.366684763906,2.97057380091,
    52.386031799054));
#1984 = CARTESIAN_POINT('',(26.275788225739,3.007457731807,
    52.11145519209));
#1985 = CARTESIAN_POINT('',(26.156129826097,3.039751304716,
    51.87105078127));
#1986 = CARTESIAN_POINT('',(26.027390182624,3.06738676288,
    51.665322971087));
#1987 = CARTESIAN_POINT('',(25.89631672032,3.091313100253,51.4872071257)
  );
#1988 = CARTESIAN_POINT('',(25.760633329355,3.113034450793,
    51.325505957063));
#1989 = PCURVE('',#135,#1990);
#1990 = DEFINITIONAL_REPRESENTATION('',(#1991),#2006);
#1991 = ( BOUNDED_CURVE() B_SPLINE_CURVE(7,(#1992,#1993,#1994,#1995,
    #1996,#1997,#1998,#1999,#2000,#2001,#2002,#2003,#2004,#2005),
.UNSPECIFIED.,.F.,.F.) B_SPLINE_CURVE_WITH_KNOTS((8,6,8),(2.909632782847
,3.178005192807,6.471385552768),.UNSPECIFIED.) CURVE() 
GEOMETRIC_REPRESENTATION_ITEM() RATIONAL_B_SPLINE_CURVE((1.,1.,1.,1.,1.,
1.,1.,1.,1.,1.,1.,1.,1.,1.)) REPRESENTATION_ITEM('') );
#1992 = CARTESIAN_POINT('',(51.982889575717,-115.2168886629));
#1993 = CARTESIAN_POINT('',(51.942901575653,-115.2168886629));
#1994 = CARTESIAN_POINT('',(51.902843126483,-115.2172381411));
#1995 = CARTESIAN_POINT('',(51.863470994033,-115.2178675162));
#1996 = CARTESIAN_POINT('',(51.821993335197,-115.2189825453));
#1997 = CARTESIAN_POINT('',(51.785785782919,-115.2202438815));
#1998 = CARTESIAN_POINT('',(51.735583903378,-115.2219840199));
#1999 = CARTESIAN_POINT('',(51.392427171634,-115.2495681864));
#2000 = CARTESIAN_POINT('',(51.107257708366,-115.312703899));
#2001 = CARTESIAN_POINT('',(50.830214864297,-115.4036004371));
#2002 = CARTESIAN_POINT('',(50.587651149795,-115.5232588368));
#2003 = CARTESIAN_POINT('',(50.380075499896,-115.6519984802));
#2004 = CARTESIAN_POINT('',(50.200359824459,-115.7830719425));
#2005 = CARTESIAN_POINT('',(50.037206261801,-115.9187553335));
#2006 = ( GEOMETRIC_REPRESENTATION_CONTEXT(2) 
PARAMETRIC_REPRESENTATION_CONTEXT() REPRESENTATION_CONTEXT('2D SPACE',''
  ) );
#2007 = PCURVE('',#2008,#2051);
#2008 = ( BOUNDED_SURFACE() B_SPLINE_SURFACE(2,7,(
    (#2009,#2010,#2011,#2012,#2013,#2014,#2015,#2016,#2017,#2018,#2019
      ,#2020,#2021,#2022)
    ,(#2023,#2024,#2025,#2026,#2027,#2028,#2029,#2030,#2031,#2032,#2033
      ,#2034,#2035,#2036)
    ,(#2037,#2038,#2039,#2040,#2041,#2042,#2043,#2044,#2045,#2046,#2047
      ,#2048,#2049,#2050
)),.UNSPECIFIED.,.F.,.F.,.F.) B_SPLINE_SURFACE_WITH_KNOTS((3,3),(8,6,8),
  (0.,3.561752769921),(2.909632782847,3.178005192807,6.471385552768),
.UNSPECIFIED.) GEOMETRIC_REPRESENTATION_ITEM() RATIONAL_B_SPLINE_SURFACE
((
    (1.,1.,1.,1.,1.,1.,1.,1.,1.,1.,1.,1.,1.,1.)
    ,(0.707106781187,0.70674612984,0.706384927855,0.706023442607
      ,0.705660198849,0.705298091861,0.704931919072,0.70010408058
      ,0.695611985529,0.691230786861,0.687029516855,0.68314930674
      ,0.679541574779,0.676174112828)
,(1.,1.,1.,1.,1.,1.,1.,1.,1.,1.,1.,1.,1.,1.
))) REPRESENTATION_ITEM('') SURFACE() );
#2009 = CARTESIAN_POINT('',(26.4625,2.853997083705,53.253868786124));
#2010 = CARTESIAN_POINT('',(26.4625,2.859320861823,53.214236759482));
#2011 = CARTESIAN_POINT('',(26.462150521766,2.86465401914,
    53.174534910874));
#2012 = CARTESIAN_POINT('',(26.461521146659,2.869895804097,
    53.13551326939));
#2013 = CARTESIAN_POINT('',(26.460406117601,2.875417907032,
    53.094404844928));
#2014 = CARTESIAN_POINT('',(26.459144781345,2.880238377529,
    53.058519612504));
#2015 = CARTESIAN_POINT('',(26.457404642952,2.886921974292,
    53.008764630404));
#2016 = CARTESIAN_POINT('',(26.429820476444,2.932607937498,
    52.668662682002));
#2017 = CARTESIAN_POINT('',(26.366684763906,2.97057380091,
    52.386031799054));
#2018 = CARTESIAN_POINT('',(26.275788225739,3.007457731807,
    52.11145519209));
#2019 = CARTESIAN_POINT('',(26.156129826097,3.039751304716,
    51.87105078127));
#2020 = CARTESIAN_POINT('',(26.027390182624,3.06738676288,
    51.665322971087));
#2021 = CARTESIAN_POINT('',(25.89631672032,3.091313100253,51.4872071257)
  );
#2022 = CARTESIAN_POINT('',(25.760633329355,3.113034450793,
    51.325505957063));
#2023 = CARTESIAN_POINT('',(28.4625,2.853997083705,53.253868786124));
#2024 = CARTESIAN_POINT('',(28.464541193187,2.859109396843,
    53.215810977177));
#2025 = CARTESIAN_POINT('',(28.466245861041,2.86422433232,
    53.177733646643));
#2026 = CARTESIAN_POINT('',(28.467612769185,2.869341928229,
    53.139636510947));
#2027 = CARTESIAN_POINT('',(28.468645853154,2.874461912379,
    53.101521596367));
#2028 = CARTESIAN_POINT('',(28.469335468218,2.879585895081,
    53.063376915193));
#2029 = CARTESIAN_POINT('',(28.469697346692,2.88470707201,
    53.025253121152));
#2030 = CARTESIAN_POINT('',(28.469853240094,2.953276156145,
    52.514801387662));
#2031 = CARTESIAN_POINT('',(28.417903990075,3.017053456568,
    52.040021332353));
#2032 = CARTESIAN_POINT('',(28.312996517335,3.079511036455,
    51.575065728459));
#2033 = CARTESIAN_POINT('',(28.158154934231,3.139506324487,
    51.128440267968));
#2034 = CARTESIAN_POINT('',(27.959244719515,3.19602469213,
    50.707698193001));
#2035 = CARTESIAN_POINT('',(27.719190813741,3.249078842754,
    50.312744935335));
#2036 = CARTESIAN_POINT('',(27.436104219663,3.298540158539,
    49.944537970029));
#2037 = CARTESIAN_POINT('',(28.4625,0.871801096034,52.9876));
#2038 = CARTESIAN_POINT('',(28.4625,0.874888811044,52.949289987571));
#2039 = CARTESIAN_POINT('',(28.462157327015,0.877978948152,
    52.910947681386));
#2040 = CARTESIAN_POINT('',(28.46147254173,0.881070741603,
    52.872590081416));
#2041 = CARTESIAN_POINT('',(28.460439591202,0.884163506333,
    52.834160018123));
#2042 = CARTESIAN_POINT('',(28.459067306649,0.887257008089,
    52.795781614472));
#2043 = CARTESIAN_POINT('',(28.45733949149,0.89034866067,52.757254252327
    ));
#2044 = CARTESIAN_POINT('',(28.429887633684,0.931394361019,
    52.247298563556));
#2045 = CARTESIAN_POINT('',(28.352429778842,0.969189214067,
    51.777157443845));
#2046 = CARTESIAN_POINT('',(28.223389161334,1.005823689175,
    51.321760645944));
#2047 = CARTESIAN_POINT('',(28.046788339551,1.040640691876,
    50.888770590491));
#2048 = CARTESIAN_POINT('',(27.830676950115,1.073163298289,
    50.48722265056));
#2049 = CARTESIAN_POINT('',(27.579743762254,1.103269153792,
    50.115720910951));
#2050 = CARTESIAN_POINT('',(27.292722215594,1.130838463123,
    49.773661951566));
#2051 = DEFINITIONAL_REPRESENTATION('',(#2052),#2056);
#2052 = LINE('',#2053,#2054);
#2053 = CARTESIAN_POINT('',(0.,0.));
#2054 = VECTOR('',#2055,1.);
#2055 = DIRECTION('',(0.,1.));
#2056 = ( GEOMETRIC_REPRESENTATION_CONTEXT(2) 
PARAMETRIC_REPRESENTATION_CONTEXT() REPRESENTATION_CONTEXT('2D SPACE',''
  ) );
#2057 = ORIENTED_EDGE('',*,*,#2058,.T.);
#2058 = EDGE_CURVE('',#1971,#2059,#2061,.T.);
#2059 = VERTEX_POINT('',#2060);
#2060 = CARTESIAN_POINT('',(17.832545417524,4.382230152812,
    41.877178705733));
#2061 = SURFACE_CURVE('',#2062,(#2066,#2073),.PCURVE_S1.);
#2062 = LINE('',#2063,#2064);
#2063 = CARTESIAN_POINT('',(25.617251325286,3.135988260758,
    51.154629938599));
#2064 = VECTOR('',#2065,1.);
#2065 = DIRECTION('',(-0.639411159614,0.102362373454,-0.762020546614));
#2066 = PCURVE('',#135,#2067);
#2067 = DEFINITIONAL_REPRESENTATION('',(#2068),#2072);
#2068 = LINE('',#2069,#2070);
#2069 = CARTESIAN_POINT('',(49.864795441149,-116.0621373376));
#2070 = VECTOR('',#2071,1.);
#2071 = DIRECTION('',(-0.768864987473,-0.639411159614));
#2072 = ( GEOMETRIC_REPRESENTATION_CONTEXT(2) 
PARAMETRIC_REPRESENTATION_CONTEXT() REPRESENTATION_CONTEXT('2D SPACE',''
  ) );
#2073 = PCURVE('',#2074,#2079);
#2074 = CYLINDRICAL_SURFACE('',#2075,2.);
#2075 = AXIS2_PLACEMENT_3D('',#2076,#2077,#2078);
#2076 = CARTESIAN_POINT('',(25.617251325286,1.153792273088,
    50.888361152476));
#2077 = DIRECTION('',(-0.639411159614,0.102362373454,-0.762020546614));
#2078 = DIRECTION('',(1.595945597899E-15,0.991097993835,0.133134393062)
  );
#2079 = DEFINITIONAL_REPRESENTATION('',(#2080),#2084);
#2080 = LINE('',#2081,#2082);
#2081 = CARTESIAN_POINT('',(0.,0.));
#2082 = VECTOR('',#2083,1.);
#2083 = DIRECTION('',(0.,1.));
#2084 = ( GEOMETRIC_REPRESENTATION_CONTEXT(2) 
PARAMETRIC_REPRESENTATION_CONTEXT() REPRESENTATION_CONTEXT('2D SPACE',''
  ) );
#2085 = ORIENTED_EDGE('',*,*,#2086,.F.);
#2086 = EDGE_CURVE('',#2087,#2059,#2089,.T.);
#2087 = VERTEX_POINT('',#2088);
#2088 = CARTESIAN_POINT('',(17.649662085073,4.865237000629,
    38.281510397414));
#2089 = SURFACE_CURVE('',#2090,(#2094,#2101),.PCURVE_S1.);
#2090 = LINE('',#2091,#2092);
#2091 = CARTESIAN_POINT('',(16.542251278575,7.789981403063,
    16.508711926114));
#2092 = VECTOR('',#2093,1.);
#2093 = DIRECTION('',(5.034542460141E-02,-0.132965560682,0.989841147808)
  );
#2094 = PCURVE('',#135,#2095);
#2095 = DEFINITIONAL_REPRESENTATION('',(#2096),#2100);
#2096 = LINE('',#2097,#2098);
#2097 = CARTESIAN_POINT('',(14.907689052083,-125.1371373843));
#2098 = VECTOR('',#2099,1.);
#2099 = DIRECTION('',(0.998731865028,5.034542460142E-02));
#2100 = ( GEOMETRIC_REPRESENTATION_CONTEXT(2) 
PARAMETRIC_REPRESENTATION_CONTEXT() REPRESENTATION_CONTEXT('2D SPACE',''
  ) );
#2101 = PCURVE('',#2102,#2107);
#2102 = PLANE('',#2103);
#2103 = AXIS2_PLACEMENT_3D('',#2104,#2105,#2106);
#2104 = CARTESIAN_POINT('',(15.992254157973,-137.5110241319,
    5.695221217495));
#2105 = DIRECTION('',(0.998709026329,-8.E-16,-5.07964637509E-02));
#2106 = DIRECTION('',(5.07964637509E-02,-1.94E-15,0.998709026329));
#2107 = DEFINITIONAL_REPRESENTATION('',(#2108),#2112);
#2108 = LINE('',#2109,#2110);
#2109 = CARTESIAN_POINT('',(10.827468685619,-145.301005535));
#2110 = VECTOR('',#2111,1.);
#2111 = DIRECTION('',(0.991120658483,0.132965560682));
#2112 = ( GEOMETRIC_REPRESENTATION_CONTEXT(2) 
PARAMETRIC_REPRESENTATION_CONTEXT() REPRESENTATION_CONTEXT('2D SPACE',''
  ) );
#2113 = ORIENTED_EDGE('',*,*,#2114,.F.);
#2114 = EDGE_CURVE('',#2115,#2087,#2117,.T.);
#2115 = VERTEX_POINT('',#2116);
#2116 = CARTESIAN_POINT('',(15.992254157972,9.242559787165,
    5.695221217495));
#2117 = SURFACE_CURVE('',#2118,(#2122,#2129),.PCURVE_S1.);
#2118 = LINE('',#2119,#2120);
#2119 = CARTESIAN_POINT('',(16.542251278575,7.789981403063,
    16.508711926114));
#2120 = VECTOR('',#2121,1.);
#2121 = DIRECTION('',(5.034542460141E-02,-0.132965560682,0.989841147808)
  );
#2122 = PCURVE('',#135,#2123);
#2123 = DEFINITIONAL_REPRESENTATION('',(#2124),#2128);
#2124 = LINE('',#2125,#2126);
#2125 = CARTESIAN_POINT('',(14.907689052083,-125.1371373843));
#2126 = VECTOR('',#2127,1.);
#2127 = DIRECTION('',(0.998731865028,5.034542460141E-02));
#2128 = ( GEOMETRIC_REPRESENTATION_CONTEXT(2) 
PARAMETRIC_REPRESENTATION_CONTEXT() REPRESENTATION_CONTEXT('2D SPACE',''
  ) );
#2129 = PCURVE('',#2102,#2130);
#2130 = DEFINITIONAL_REPRESENTATION('',(#2131),#2135);
#2131 = LINE('',#2132,#2133);
#2132 = CARTESIAN_POINT('',(10.827468685619,-145.301005535));
#2133 = VECTOR('',#2134,1.);
#2134 = DIRECTION('',(0.991120658483,0.132965560682));
#2135 = ( GEOMETRIC_REPRESENTATION_CONTEXT(2) 
PARAMETRIC_REPRESENTATION_CONTEXT() REPRESENTATION_CONTEXT('2D SPACE',''
  ) );
#2136 = ORIENTED_EDGE('',*,*,#2137,.T.);
#2137 = EDGE_CURVE('',#2115,#2138,#2140,.T.);
#2138 = VERTEX_POINT('',#2139);
#2139 = CARTESIAN_POINT('',(14.218880259565,9.774707536967,
    1.733731213876));
#2140 = SURFACE_CURVE('',#2141,(#2146,#2153),.PCURVE_S1.);
#2141 = ELLIPSE('',#2142,6.053891781964,6.);
#2142 = AXIS2_PLACEMENT_3D('',#2143,#2144,#2145);
#2143 = CARTESIAN_POINT('',(10.,9.201618791946,6.));
#2144 = DIRECTION('',(1.14E-15,0.991097993835,0.133134393062));
#2145 = DIRECTION('',(-4.9E-16,-0.133134393062,0.991097993835));
#2146 = PCURVE('',#135,#2147);
#2147 = DEFINITIONAL_REPRESENTATION('',(#2148),#2152);
#2148 = ELLIPSE('',#2149,6.053891781964,6.);
#2149 = AXIS2_PLACEMENT_2D('',#2150,#2151);
#2150 = CARTESIAN_POINT('',(4.304588257328,-131.6793886629));
#2151 = DIRECTION('',(1.,1.8E-15));
#2152 = ( GEOMETRIC_REPRESENTATION_CONTEXT(2) 
PARAMETRIC_REPRESENTATION_CONTEXT() REPRESENTATION_CONTEXT('2D SPACE',''
  ) );
#2153 = PCURVE('',#296,#2154);
#2154 = DEFINITIONAL_REPRESENTATION('',(#2155),#2164);
#2155 = B_SPLINE_CURVE_WITH_KNOTS('',7,(#2156,#2157,#2158,#2159,#2160,
    #2161,#2162,#2163),.UNSPECIFIED.,.F.,.F.,(8,8),(1.621614660806,
    3.14159265359),.PIECEWISE_BEZIER_KNOTS.);
#2156 = CARTESIAN_POINT('',(6.232366973169,-146.7535839191));
#2157 = CARTESIAN_POINT('',(6.015227259914,-146.9283685135));
#2158 = CARTESIAN_POINT('',(5.798087546659,-147.100900446));
#2159 = CARTESIAN_POINT('',(5.580947833405,-147.257724007));
#2160 = CARTESIAN_POINT('',(5.36380812015,-147.3856214935));
#2161 = CARTESIAN_POINT('',(5.146668406894,-147.4742881229));
#2162 = CARTESIAN_POINT('',(4.92952869364,-147.5186241319));
#2163 = CARTESIAN_POINT('',(4.712388980385,-147.5186241319));
#2164 = ( GEOMETRIC_REPRESENTATION_CONTEXT(2) 
PARAMETRIC_REPRESENTATION_CONTEXT() REPRESENTATION_CONTEXT('2D SPACE',''
  ) );
#2165 = ORIENTED_EDGE('',*,*,#2166,.T.);
#2166 = EDGE_CURVE('',#2138,#2167,#2169,.T.);
#2167 = VERTEX_POINT('',#2168);
#2168 = CARTESIAN_POINT('',(8.,9.774707536967,1.733731213876));
#2169 = SURFACE_CURVE('',#2170,(#2174,#2181),.PCURVE_S1.);
#2170 = LINE('',#2171,#2172);
#2171 = CARTESIAN_POINT('',(141.6793886629,9.774707536966,1.733731213876
    ));
#2172 = VECTOR('',#2173,1.);
#2173 = DIRECTION('',(-1.,1.11E-15,2.8E-16));
#2174 = PCURVE('',#135,#2175);
#2175 = DEFINITIONAL_REPRESENTATION('',(#2176),#2180);
#2176 = LINE('',#2177,#2178);
#2177 = CARTESIAN_POINT('',(0.,0.));
#2178 = VECTOR('',#2179,1.);
#2179 = DIRECTION('',(2.419728261975E-15,-1.));
#2180 = ( GEOMETRIC_REPRESENTATION_CONTEXT(2) 
PARAMETRIC_REPRESENTATION_CONTEXT() REPRESENTATION_CONTEXT('2D SPACE',''
  ) );
#2181 = PCURVE('',#446,#2182);
#2182 = DEFINITIONAL_REPRESENTATION('',(#2183),#2187);
#2183 = LINE('',#2184,#2185);
#2184 = CARTESIAN_POINT('',(3.275123513146,0.));
#2185 = VECTOR('',#2186,1.);
#2186 = DIRECTION('',(0.,-1.));
#2187 = ( GEOMETRIC_REPRESENTATION_CONTEXT(2) 
PARAMETRIC_REPRESENTATION_CONTEXT() REPRESENTATION_CONTEXT('2D SPACE',''
  ) );
#2188 = ORIENTED_EDGE('',*,*,#2189,.T.);
#2189 = EDGE_CURVE('',#2167,#2190,#2192,.T.);
#2190 = VERTEX_POINT('',#2191);
#2191 = CARTESIAN_POINT('',(8.,8.529967785235,11.));
#2192 = SURFACE_CURVE('',#2193,(#2197,#2204),.PCURVE_S1.);
#2193 = LINE('',#2194,#2195);
#2194 = CARTESIAN_POINT('',(8.,9.595609312291,3.066999703656));
#2195 = VECTOR('',#2196,1.);
#2196 = DIRECTION('',(-9.6E-16,-0.133134393062,0.991097993835));
#2197 = PCURVE('',#135,#2198);
#2198 = DEFINITIONAL_REPRESENTATION('',(#2199),#2203);
#2199 = LINE('',#2200,#2201);
#2200 = CARTESIAN_POINT('',(1.345243858905,-133.6793886629));
#2201 = VECTOR('',#2202,1.);
#2202 = DIRECTION('',(1.,1.33E-15));
#2203 = ( GEOMETRIC_REPRESENTATION_CONTEXT(2) 
PARAMETRIC_REPRESENTATION_CONTEXT() REPRESENTATION_CONTEXT('2D SPACE',''
  ) );
#2204 = PCURVE('',#2205,#2210);
#2205 = PLANE('',#2206);
#2206 = AXIS2_PLACEMENT_3D('',#2207,#2208,#2209);
#2207 = CARTESIAN_POINT('',(8.,17.144731545409,5.438401603549));
#2208 = DIRECTION('',(-1.,6.7E-16,1.1E-16));
#2209 = DIRECTION('',(-1.1E-16,5.6E-16,-1.));
#2210 = DEFINITIONAL_REPRESENTATION('',(#2211),#2215);
#2211 = LINE('',#2212,#2213);
#2212 = CARTESIAN_POINT('',(2.371401899893,7.549122233118));
#2213 = VECTOR('',#2214,1.);
#2214 = DIRECTION('',(-0.991097993835,0.133134393062));
#2215 = ( GEOMETRIC_REPRESENTATION_CONTEXT(2) 
PARAMETRIC_REPRESENTATION_CONTEXT() REPRESENTATION_CONTEXT('2D SPACE',''
  ) );
#2216 = ORIENTED_EDGE('',*,*,#2217,.T.);
#2217 = EDGE_CURVE('',#2190,#2218,#2220,.T.);
#2218 = VERTEX_POINT('',#2219);
#2219 = CARTESIAN_POINT('',(8.,6.783274312484,24.002984104073));
#2220 = SURFACE_CURVE('',#2221,(#2225,#2232),.PCURVE_S1.);
#2221 = LINE('',#2222,#2223);
#2222 = CARTESIAN_POINT('',(8.,9.595609312291,3.066999703656));
#2223 = VECTOR('',#2224,1.);
#2224 = DIRECTION('',(-6.7E-16,-0.133134393062,0.991097993835));
#2225 = PCURVE('',#135,#2226);
#2226 = DEFINITIONAL_REPRESENTATION('',(#2227),#2231);
#2227 = LINE('',#2228,#2229);
#2228 = CARTESIAN_POINT('',(1.345243858905,-133.6793886629));
#2229 = VECTOR('',#2230,1.);
#2230 = DIRECTION('',(1.,1.62E-15));
#2231 = ( GEOMETRIC_REPRESENTATION_CONTEXT(2) 
PARAMETRIC_REPRESENTATION_CONTEXT() REPRESENTATION_CONTEXT('2D SPACE',''
  ) );
#2232 = PCURVE('',#2205,#2233);
#2233 = DEFINITIONAL_REPRESENTATION('',(#2234),#2238);
#2234 = LINE('',#2235,#2236);
#2235 = CARTESIAN_POINT('',(2.371401899893,7.549122233118));
#2236 = VECTOR('',#2237,1.);
#2237 = DIRECTION('',(-0.991097993835,0.133134393062));
#2238 = ( GEOMETRIC_REPRESENTATION_CONTEXT(2) 
PARAMETRIC_REPRESENTATION_CONTEXT() REPRESENTATION_CONTEXT('2D SPACE',''
  ) );
#2239 = ORIENTED_EDGE('',*,*,#2240,.F.);
#2240 = EDGE_CURVE('',#1048,#2218,#2241,.T.);
#2241 = SURFACE_CURVE('',#2242,(#2246,#2253),.PCURVE_S1.);
#2242 = LINE('',#2243,#2244);
#2243 = CARTESIAN_POINT('',(-8.,6.783274312484,24.002984104073));
#2244 = VECTOR('',#2245,1.);
#2245 = DIRECTION('',(1.,-7.1E-16,6.1E-16));
#2246 = PCURVE('',#135,#2247);
#2247 = DEFINITIONAL_REPRESENTATION('',(#2248),#2252);
#2248 = LINE('',#2249,#2250);
#2249 = CARTESIAN_POINT('',(22.469274510408,-149.6793886629));
#2250 = VECTOR('',#2251,1.);
#2251 = DIRECTION('',(-1.590904804687E-15,1.));
#2252 = ( GEOMETRIC_REPRESENTATION_CONTEXT(2) 
PARAMETRIC_REPRESENTATION_CONTEXT() REPRESENTATION_CONTEXT('2D SPACE',''
  ) );
#2253 = PCURVE('',#2254,#2259);
#2254 = CYLINDRICAL_SURFACE('',#2255,15.);
#2255 = AXIS2_PLACEMENT_3D('',#2256,#2257,#2258);
#2256 = CARTESIAN_POINT('',(-8.,21.649744220011,26.));
#2257 = DIRECTION('',(1.,-7.1E-16,6.1E-16));
#2258 = DIRECTION('',(-6.224675958553E-16,-0.991097993835,
    -0.133134393062));
#2259 = DEFINITIONAL_REPRESENTATION('',(#2260),#2264);
#2260 = LINE('',#2261,#2262);
#2261 = CARTESIAN_POINT('',(0.,0.));
#2262 = VECTOR('',#2263,1.);
#2263 = DIRECTION('',(0.,1.));
#2264 = ( GEOMETRIC_REPRESENTATION_CONTEXT(2) 
PARAMETRIC_REPRESENTATION_CONTEXT() REPRESENTATION_CONTEXT('2D SPACE',''
  ) );
#2265 = ADVANCED_FACE('',(#2266),#296,.T.);
#2266 = FACE_BOUND('',#2267,.T.);
#2267 = EDGE_LOOP('',(#2268,#2291,#2318,#2319,#2442));
#2268 = ORIENTED_EDGE('',*,*,#2269,.F.);
#2269 = EDGE_CURVE('',#2270,#2115,#2272,.T.);
#2270 = VERTEX_POINT('',#2271);
#2271 = CARTESIAN_POINT('',(15.992254157972,-17.6,5.695221217495));
#2272 = SURFACE_CURVE('',#2273,(#2277,#2284),.PCURVE_S1.);
#2273 = LINE('',#2274,#2275);
#2274 = CARTESIAN_POINT('',(15.992254157973,-137.5110241319,
    5.695221217495));
#2275 = VECTOR('',#2276,1.);
#2276 = DIRECTION('',(-2.66E-15,1.,-1.89E-15));
#2277 = PCURVE('',#296,#2278);
#2278 = DEFINITIONAL_REPRESENTATION('',(#2279),#2283);
#2279 = LINE('',#2280,#2281);
#2280 = CARTESIAN_POINT('',(6.232366973169,0.));
#2281 = VECTOR('',#2282,1.);
#2282 = DIRECTION('',(0.,-1.));
#2283 = ( GEOMETRIC_REPRESENTATION_CONTEXT(2) 
PARAMETRIC_REPRESENTATION_CONTEXT() REPRESENTATION_CONTEXT('2D SPACE',''
  ) );
#2284 = PCURVE('',#2102,#2285);
#2285 = DEFINITIONAL_REPRESENTATION('',(#2286),#2290);
#2286 = LINE('',#2287,#2288);
#2287 = CARTESIAN_POINT('',(0.,-0.));
#2288 = VECTOR('',#2289,1.);
#2289 = DIRECTION('',(-3.962678653339E-15,-1.));
#2290 = ( GEOMETRIC_REPRESENTATION_CONTEXT(2) 
PARAMETRIC_REPRESENTATION_CONTEXT() REPRESENTATION_CONTEXT('2D SPACE',''
  ) );
#2291 = ORIENTED_EDGE('',*,*,#2292,.F.);
#2292 = EDGE_CURVE('',#279,#2270,#2293,.T.);
#2293 = SURFACE_CURVE('',#2294,(#2299,#2306),.PCURVE_S1.);
#2294 = CIRCLE('',#2295,6.);
#2295 = AXIS2_PLACEMENT_3D('',#2296,#2297,#2298);
#2296 = CARTESIAN_POINT('',(10.,-17.6,6.));
#2297 = DIRECTION('',(-1.68E-15,-1.,1.42E-15));
#2298 = DIRECTION('',(-4.076E-14,-1.42E-15,-1.));
#2299 = PCURVE('',#296,#2300);
#2300 = DEFINITIONAL_REPRESENTATION('',(#2301),#2305);
#2301 = LINE('',#2302,#2303);
#2302 = CARTESIAN_POINT('',(4.712388980385,-119.9110241319));
#2303 = VECTOR('',#2304,1.);
#2304 = DIRECTION('',(1.,0.));
#2305 = ( GEOMETRIC_REPRESENTATION_CONTEXT(2) 
PARAMETRIC_REPRESENTATION_CONTEXT() REPRESENTATION_CONTEXT('2D SPACE',''
  ) );
#2306 = PCURVE('',#2307,#2312);
#2307 = TOROIDAL_SURFACE('',#2308,5.,1.);
#2308 = AXIS2_PLACEMENT_3D('',#2309,#2310,#2311);
#2309 = CARTESIAN_POINT('',(10.,-17.6,6.));
#2310 = DIRECTION('',(-1.68E-15,-1.,1.42E-15));
#2311 = DIRECTION('',(-4.076E-14,-1.42E-15,-1.));
#2312 = DEFINITIONAL_REPRESENTATION('',(#2313),#2317);
#2313 = LINE('',#2314,#2315);
#2314 = CARTESIAN_POINT('',(0.,0.));
#2315 = VECTOR('',#2316,1.);
#2316 = DIRECTION('',(1.,0.));
#2317 = ( GEOMETRIC_REPRESENTATION_CONTEXT(2) 
PARAMETRIC_REPRESENTATION_CONTEXT() REPRESENTATION_CONTEXT('2D SPACE',''
  ) );
#2318 = ORIENTED_EDGE('',*,*,#278,.T.);
#2319 = ORIENTED_EDGE('',*,*,#2320,.F.);
#2320 = EDGE_CURVE('',#2138,#281,#2321,.T.);
#2321 = SURFACE_CURVE('',#2322,(#2360,#2401),.PCURVE_S1.);
#2322 = B_SPLINE_CURVE_WITH_KNOTS('',8,(#2323,#2324,#2325,#2326,#2327,
    #2328,#2329,#2330,#2331,#2332,#2333,#2334,#2335,#2336,#2337,#2338,
    #2339,#2340,#2341,#2342,#2343,#2344,#2345,#2346,#2347,#2348,#2349,
    #2350,#2351,#2352,#2353,#2354,#2355,#2356,#2357,#2358,#2359),
  .UNSPECIFIED.,.F.,.F.,(9,7,7,7,7,9),(0.,0.17926076032,0.939917754649,
    0.998965963946,0.999990865121,1.),.UNSPECIFIED.);
#2323 = CARTESIAN_POINT('',(14.218880259565,9.774707536967,
    1.733731213876));
#2324 = CARTESIAN_POINT('',(14.131575455817,9.786304942759,
    1.647396168403));
#2325 = CARTESIAN_POINT('',(14.04310734088,9.801889440844,1.563949310718
    ));
#2326 = CARTESIAN_POINT('',(13.953656658046,9.821045866423,
    1.483430704306));
#2327 = CARTESIAN_POINT('',(13.863384214736,9.843405333173,1.40584486191
    ));
#2328 = CARTESIAN_POINT('',(13.772428864875,9.86864121463,1.33116879904)
  );
#2329 = CARTESIAN_POINT('',(13.680906091675,9.89646580223,1.259358812427
    ));
#2330 = CARTESIAN_POINT('',(13.588907190819,9.926627639987,1.19035598343
    ));
#2331 = CARTESIAN_POINT('',(13.10438370522,10.095891270191,
    0.842905753572));
#2332 = CARTESIAN_POINT('',(12.70078188088,10.272482571265,
    0.608055295537));
#2333 = CARTESIAN_POINT('',(12.293014018795,10.472633962654,
    0.417787384643));
#2334 = CARTESIAN_POINT('',(11.885517005639,10.686960576076,
    0.267820380253));
#2335 = CARTESIAN_POINT('',(11.479923325952,10.909661826223,
    0.154052063395));
#2336 = CARTESIAN_POINT('',(11.075647196539,11.137819892719,
    7.315329032453E-02));
#2337 = CARTESIAN_POINT('',(10.670131096354,11.370406524171,
    2.338999918037E-02));
#2338 = CARTESIAN_POINT('',(10.22761189095,11.625536006283,
    4.233919519992E-03));
#2339 = CARTESIAN_POINT('',(10.195734152809,11.643922034821,
    3.048072361632E-03));
#2340 = CARTESIAN_POINT('',(10.163856026508,11.66231436522,
    2.056138422962E-03));
#2341 = CARTESIAN_POINT('',(10.131977588723,11.680711757605,
    1.257984978984E-03));
#2342 = CARTESIAN_POINT('',(10.100098915955,11.699112974791,
    6.535118091725E-04));
#2343 = CARTESIAN_POINT('',(10.068220084524,11.717516782283,
    2.426511974733E-04));
#2344 = CARTESIAN_POINT('',(10.036341170573,11.73592194828,
    2.536793230188E-05));
#2345 = CARTESIAN_POINT('',(10.003908926886,11.754646704822,
    1.24779536326E-06));
#2346 = CARTESIAN_POINT('',(10.00335558641,11.754966138593,
    8.946017634E-07));
#2347 = CARTESIAN_POINT('',(10.002802251406,11.755285580804,
    5.9972564951E-07));
#2348 = CARTESIAN_POINT('',(10.002248933329,11.755605049515,
    3.631669541E-07));
#2349 = CARTESIAN_POINT('',(10.00169563232,11.755924545026,
    1.8492563799E-07));
#2350 = CARTESIAN_POINT('',(10.001142337206,11.756244049878,
    6.500169038E-08));
#2351 = CARTESIAN_POINT('',(10.000589025501,11.756563528852,
    3.39512883E-09));
#2352 = CARTESIAN_POINT('',(10.000030731326,11.75688577576,7.668342E-11)
  );
#2353 = CARTESIAN_POINT('',(10.000026241406,11.756888122127,5.54713E-11)
  );
#2354 = CARTESIAN_POINT('',(10.000022785954,11.756890586579,4.060278E-11
    ));
#2355 = CARTESIAN_POINT('',(10.000018993092,11.756892850607,2.637098E-11
    ));
#2356 = CARTESIAN_POINT('',(10.000013984608,11.756895142476,1.167792E-11
    ));
#2357 = CARTESIAN_POINT('',(10.000008337268,11.756898264717,1.35298E-12)
  );
#2358 = CARTESIAN_POINT('',(10.000003547576,11.756902165297,2.3374E-13)
  );
#2359 = CARTESIAN_POINT('',(10.,11.756903052479,9.45E-15));
#2360 = PCURVE('',#296,#2361);
#2361 = DEFINITIONAL_REPRESENTATION('',(#2362),#2400);
#2362 = B_SPLINE_CURVE_WITH_KNOTS('',8,(#2363,#2364,#2365,#2366,#2367,
    #2368,#2369,#2370,#2371,#2372,#2373,#2374,#2375,#2376,#2377,#2378,
    #2379,#2380,#2381,#2382,#2383,#2384,#2385,#2386,#2387,#2388,#2389,
    #2390,#2391,#2392,#2393,#2394,#2395,#2396,#2397,#2398,#2399),
  .UNSPECIFIED.,.F.,.F.,(9,7,7,7,7,9),(0.,0.17926076032,0.939917754649,
    0.998965963946,0.999990865121,1.),.UNSPECIFIED.);
#2363 = CARTESIAN_POINT('',(5.492202323337,-147.2857316689));
#2364 = CARTESIAN_POINT('',(5.471738351721,-147.2973290747));
#2365 = CARTESIAN_POINT('',(5.451474991059,-147.3129135728));
#2366 = CARTESIAN_POINT('',(5.431425287439,-147.3320699984));
#2367 = CARTESIAN_POINT('',(5.411596860581,-147.3544294651));
#2368 = CARTESIAN_POINT('',(5.391992698684,-147.3796653466));
#2369 = CARTESIAN_POINT('',(5.372611755711,-147.4074899342));
#2370 = CARTESIAN_POINT('',(5.353449351116,-147.4376517719));
#2371 = CARTESIAN_POINT('',(5.254078459122,-147.6069154021));
#2372 = CARTESIAN_POINT('',(5.176604072206,-147.7835067032));
#2373 = CARTESIAN_POINT('',(5.102102454518,-147.9836580946));
#2374 = CARTESIAN_POINT('',(5.030212725583,-148.197984708));
#2375 = CARTESIAN_POINT('',(4.960426369165,-148.4206859582));
#2376 = CARTESIAN_POINT('',(4.892036448681,-148.6488440247));
#2377 = CARTESIAN_POINT('',(4.824155085285,-148.8814306561));
#2378 = CARTESIAN_POINT('',(4.75033281325,-149.1365601382));
#2379 = CARTESIAN_POINT('',(4.745016280113,-149.1549461668));
#2380 = CARTESIAN_POINT('',(4.73970085109,-149.1733384972));
#2381 = CARTESIAN_POINT('',(4.734386309309,-149.1917358895));
#2382 = CARTESIAN_POINT('',(4.729072438231,-149.2101371067));
#2383 = CARTESIAN_POINT('',(4.723759021648,-149.2285409142));
#2384 = CARTESIAN_POINT('',(4.718445843685,-149.2469460802));
#2385 = CARTESIAN_POINT('',(4.713040468242,-149.2656708368));
#2386 = CARTESIAN_POINT('',(4.712948244811,-149.2659902705));
#2387 = CARTESIAN_POINT('',(4.712856022298,-149.2663097127));
#2388 = CARTESIAN_POINT('',(4.712763802611,-149.2666291814));
#2389 = CARTESIAN_POINT('',(4.712671585773,-149.266948677));
#2390 = CARTESIAN_POINT('',(4.712579369919,-149.2672681818));
#2391 = CARTESIAN_POINT('',(4.712487151302,-149.2675876608));
#2392 = CARTESIAN_POINT('',(4.712394102272,-149.2679099077));
#2393 = CARTESIAN_POINT('',(4.712393353952,-149.2679122541));
#2394 = CARTESIAN_POINT('',(4.712392778044,-149.2679147185));
#2395 = CARTESIAN_POINT('',(4.7123921459,-149.2679169825));
#2396 = CARTESIAN_POINT('',(4.712391311153,-149.2679192744));
#2397 = CARTESIAN_POINT('',(4.712390369929,-149.2679223967));
#2398 = CARTESIAN_POINT('',(4.712389571647,-149.2679262972));
#2399 = CARTESIAN_POINT('',(4.712388980385,-149.2679271844));
#2400 = ( GEOMETRIC_REPRESENTATION_CONTEXT(2) 
PARAMETRIC_REPRESENTATION_CONTEXT() REPRESENTATION_CONTEXT('2D SPACE',''
  ) );
#2401 = PCURVE('',#446,#2402);
#2402 = DEFINITIONAL_REPRESENTATION('',(#2403),#2441);
#2403 = B_SPLINE_CURVE_WITH_KNOTS('',8,(#2404,#2405,#2406,#2407,#2408,
    #2409,#2410,#2411,#2412,#2413,#2414,#2415,#2416,#2417,#2418,#2419,
    #2420,#2421,#2422,#2423,#2424,#2425,#2426,#2427,#2428,#2429,#2430,
    #2431,#2432,#2433,#2434,#2435,#2436,#2437,#2438,#2439,#2440),
  .UNSPECIFIED.,.F.,.F.,(9,7,7,7,7,9),(0.,0.17926076032,0.939917754649,
    0.998965963946,0.999990865121,1.),.UNSPECIFIED.);
#2404 = CARTESIAN_POINT('',(3.275123513146,-127.4605084033));
#2405 = CARTESIAN_POINT('',(3.31867876512,-127.547813207));
#2406 = CARTESIAN_POINT('',(3.361068210924,-127.636281322));
#2407 = CARTESIAN_POINT('',(3.402370159612,-127.7257320048));
#2408 = CARTESIAN_POINT('',(3.442655618149,-127.8160044481));
#2409 = CARTESIAN_POINT('',(3.481990679256,-127.906959798));
#2410 = CARTESIAN_POINT('',(3.520438346518,-127.9984825712));
#2411 = CARTESIAN_POINT('',(3.558059796749,-128.090481472));
#2412 = CARTESIAN_POINT('',(3.751303062309,-128.5750049576));
#2413 = CARTESIAN_POINT('',(3.895538941517,-128.978606782));
#2414 = CARTESIAN_POINT('',(4.030711300344,-129.3863746441));
#2415 = CARTESIAN_POINT('',(4.158770109286,-129.7938716572));
#2416 = CARTESIAN_POINT('',(4.281576952919,-130.1994653369));
#2417 = CARTESIAN_POINT('',(4.400905964345,-130.6037414663));
#2418 = CARTESIAN_POINT('',(4.51873714102,-131.0092575665));
#2419 = CARTESIAN_POINT('',(4.646660954314,-131.4517767719));
#2420 = CARTESIAN_POINT('',(4.655872559706,-131.48365451));
#2421 = CARTESIAN_POINT('',(4.665081238942,-131.5155326364));
#2422 = CARTESIAN_POINT('',(4.67428756742,-131.5474110741));
#2423 = CARTESIAN_POINT('',(4.683492119334,-131.5792897469));
#2424 = CARTESIAN_POINT('',(4.692695467671,-131.6111685783));
#2425 = CARTESIAN_POINT('',(4.701898184215,-131.6430474923));
#2426 = CARTESIAN_POINT('',(4.711260570254,-131.675479736));
#2427 = CARTESIAN_POINT('',(4.711420287234,-131.6760330764));
#2428 = CARTESIAN_POINT('',(4.711580008403,-131.6765864115));
#2429 = CARTESIAN_POINT('',(4.711739742797,-131.6771397295));
#2430 = CARTESIAN_POINT('',(4.711899490572,-131.6776930305));
#2431 = CARTESIAN_POINT('',(4.712059243005,-131.6782463257));
#2432 = CARTESIAN_POINT('',(4.712218982492,-131.6787996374));
#2433 = CARTESIAN_POINT('',(4.712380105946,-131.6793579315));
#2434 = CARTESIAN_POINT('',(4.71238127913,-131.6793624215));
#2435 = CARTESIAN_POINT('',(4.712382511356,-131.6793658769));
#2436 = CARTESIAN_POINT('',(4.71238364337,-131.6793696698));
#2437 = CARTESIAN_POINT('',(4.712384789304,-131.6793746783));
#2438 = CARTESIAN_POINT('',(4.712386350425,-131.6793803256));
#2439 = CARTESIAN_POINT('',(4.712388300715,-131.6793851153));
#2440 = CARTESIAN_POINT('',(4.712388744306,-131.6793886629));
#2441 = ( GEOMETRIC_REPRESENTATION_CONTEXT(2) 
PARAMETRIC_REPRESENTATION_CONTEXT() REPRESENTATION_CONTEXT('2D SPACE',''
  ) );
#2442 = ORIENTED_EDGE('',*,*,#2137,.F.);
#2443 = ADVANCED_FACE('',(#2444),#322,.T.);
#2444 = FACE_BOUND('',#2445,.F.);
#2445 = EDGE_LOOP('',(#2446,#2447,#2470,#2492));
#2446 = ORIENTED_EDGE('',*,*,#737,.T.);
#2447 = ORIENTED_EDGE('',*,*,#2448,.T.);
#2448 = EDGE_CURVE('',#738,#2449,#2451,.T.);
#2449 = VERTEX_POINT('',#2450);
#2450 = CARTESIAN_POINT('',(10.,-18.6,1.));
#2451 = SURFACE_CURVE('',#2452,(#2456,#2463),.PCURVE_S1.);
#2452 = LINE('',#2453,#2454);
#2453 = CARTESIAN_POINT('',(-10.,-18.6,1.));
#2454 = VECTOR('',#2455,1.);
#2455 = DIRECTION('',(1.,-2.44E-15,1.39E-15));
#2456 = PCURVE('',#322,#2457);
#2457 = DEFINITIONAL_REPRESENTATION('',(#2458),#2462);
#2458 = LINE('',#2459,#2460);
#2459 = CARTESIAN_POINT('',(-1.570796326795,0.));
#2460 = VECTOR('',#2461,1.);
#2461 = DIRECTION('',(-0.,1.));
#2462 = ( GEOMETRIC_REPRESENTATION_CONTEXT(2) 
PARAMETRIC_REPRESENTATION_CONTEXT() REPRESENTATION_CONTEXT('2D SPACE',''
  ) );
#2463 = PCURVE('',#776,#2464);
#2464 = DEFINITIONAL_REPRESENTATION('',(#2465),#2469);
#2465 = LINE('',#2466,#2467);
#2466 = CARTESIAN_POINT('',(61.120049275319,-9.999999838076));
#2467 = VECTOR('',#2468,1.);
#2468 = DIRECTION('',(1.05E-15,1.));
#2469 = ( GEOMETRIC_REPRESENTATION_CONTEXT(2) 
PARAMETRIC_REPRESENTATION_CONTEXT() REPRESENTATION_CONTEXT('2D SPACE',''
  ) );
#2470 = ORIENTED_EDGE('',*,*,#2471,.F.);
#2471 = EDGE_CURVE('',#279,#2449,#2472,.T.);
#2472 = SURFACE_CURVE('',#2473,(#2478,#2485),.PCURVE_S1.);
#2473 = CIRCLE('',#2474,1.);
#2474 = AXIS2_PLACEMENT_3D('',#2475,#2476,#2477);
#2475 = CARTESIAN_POINT('',(10.,-17.6,1.));
#2476 = DIRECTION('',(-1.,2.44E-15,-1.39E-15));
#2477 = DIRECTION('',(1.39E-15,-3.55E-15,-1.));
#2478 = PCURVE('',#322,#2479);
#2479 = DEFINITIONAL_REPRESENTATION('',(#2480),#2484);
#2480 = LINE('',#2481,#2482);
#2481 = CARTESIAN_POINT('',(-0.,20.));
#2482 = VECTOR('',#2483,1.);
#2483 = DIRECTION('',(-1.,0.));
#2484 = ( GEOMETRIC_REPRESENTATION_CONTEXT(2) 
PARAMETRIC_REPRESENTATION_CONTEXT() REPRESENTATION_CONTEXT('2D SPACE',''
  ) );
#2485 = PCURVE('',#2307,#2486);
#2486 = DEFINITIONAL_REPRESENTATION('',(#2487),#2491);
#2487 = LINE('',#2488,#2489);
#2488 = CARTESIAN_POINT('',(8.9E-16,0.));
#2489 = VECTOR('',#2490,1.);
#2490 = DIRECTION('',(0.,1.));
#2491 = ( GEOMETRIC_REPRESENTATION_CONTEXT(2) 
PARAMETRIC_REPRESENTATION_CONTEXT() REPRESENTATION_CONTEXT('2D SPACE',''
  ) );
#2492 = ORIENTED_EDGE('',*,*,#308,.F.);
#2493 = ADVANCED_FACE('',(#2494),#446,.F.);
#2494 = FACE_BOUND('',#2495,.F.);
#2495 = EDGE_LOOP('',(#2496,#2497,#2498,#2524));
#2496 = ORIENTED_EDGE('',*,*,#2320,.F.);
#2497 = ORIENTED_EDGE('',*,*,#2166,.T.);
#2498 = ORIENTED_EDGE('',*,*,#2499,.T.);
#2499 = EDGE_CURVE('',#2167,#410,#2500,.T.);
#2500 = SURFACE_CURVE('',#2501,(#2506,#2513),.PCURVE_S1.);
#2501 = CIRCLE('',#2502,2.);
#2502 = AXIS2_PLACEMENT_3D('',#2503,#2504,#2505);
#2503 = CARTESIAN_POINT('',(8.,11.756903524637,2.));
#2504 = DIRECTION('',(1.,-4.4E-16,1.67E-15));
#2505 = DIRECTION('',(4.4E-16,1.,-2.33E-15));
#2506 = PCURVE('',#446,#2507);
#2507 = DEFINITIONAL_REPRESENTATION('',(#2508),#2512);
#2508 = LINE('',#2509,#2510);
#2509 = CARTESIAN_POINT('',(-8.9E-16,-133.6793886629));
#2510 = VECTOR('',#2511,1.);
#2511 = DIRECTION('',(1.,0.));
#2512 = ( GEOMETRIC_REPRESENTATION_CONTEXT(2) 
PARAMETRIC_REPRESENTATION_CONTEXT() REPRESENTATION_CONTEXT('2D SPACE',''
  ) );
#2513 = PCURVE('',#2205,#2514);
#2514 = DEFINITIONAL_REPRESENTATION('',(#2515),#2523);
#2515 = ( BOUNDED_CURVE() B_SPLINE_CURVE(2,(#2516,#2517,#2518,#2519,
#2520,#2521,#2522),.UNSPECIFIED.,.T.,.F.) B_SPLINE_CURVE_WITH_KNOTS((1,2
    ,2,2,2,1),(-2.094395102393,0.,2.094395102393,4.188790204786,
6.28318530718,8.377580409573),.UNSPECIFIED.) CURVE() 
GEOMETRIC_REPRESENTATION_ITEM() RATIONAL_B_SPLINE_CURVE((1.,0.5,1.,0.5,
1.,0.5,1.)) REPRESENTATION_ITEM('') );
#2516 = CARTESIAN_POINT('',(3.438401603549,3.387828020772));
#2517 = CARTESIAN_POINT('',(-2.570001158859E-02,3.387828020772));
#2518 = CARTESIAN_POINT('',(1.70635079598,6.387828020772));
#2519 = CARTESIAN_POINT('',(3.438401603549,9.387828020772));
#2520 = CARTESIAN_POINT('',(5.170452411118,6.387828020772));
#2521 = CARTESIAN_POINT('',(6.902503218687,3.387828020772));
#2522 = CARTESIAN_POINT('',(3.438401603549,3.387828020772));
#2523 = ( GEOMETRIC_REPRESENTATION_CONTEXT(2) 
PARAMETRIC_REPRESENTATION_CONTEXT() REPRESENTATION_CONTEXT('2D SPACE',''
  ) );
#2524 = ORIENTED_EDGE('',*,*,#432,.F.);
#2525 = ADVANCED_FACE('',(#2526),#374,.T.);
#2526 = FACE_BOUND('',#2527,.T.);
#2527 = EDGE_LOOP('',(#2528,#2529,#2555,#2556));
#2528 = ORIENTED_EDGE('',*,*,#358,.F.);
#2529 = ORIENTED_EDGE('',*,*,#2530,.F.);
#2530 = EDGE_CURVE('',#410,#336,#2531,.T.);
#2531 = SURFACE_CURVE('',#2532,(#2536,#2543),.PCURVE_S1.);
#2532 = LINE('',#2533,#2534);
#2533 = CARTESIAN_POINT('',(141.6793886629,11.756903524637,-6.151E-14));
#2534 = VECTOR('',#2535,1.);
#2535 = DIRECTION('',(-1.,1.11E-15,2.8E-16));
#2536 = PCURVE('',#374,#2537);
#2537 = DEFINITIONAL_REPRESENTATION('',(#2538),#2542);
#2538 = LINE('',#2539,#2540);
#2539 = CARTESIAN_POINT('',(0.250696475364,-164.5901886629));
#2540 = VECTOR('',#2541,1.);
#2541 = DIRECTION('',(-3.89E-15,1.));
#2542 = ( GEOMETRIC_REPRESENTATION_CONTEXT(2) 
PARAMETRIC_REPRESENTATION_CONTEXT() REPRESENTATION_CONTEXT('2D SPACE',''
  ) );
#2543 = PCURVE('',#2544,#2549);
#2544 = PLANE('',#2545);
#2545 = AXIS2_PLACEMENT_3D('',#2546,#2547,#2548);
#2546 = CARTESIAN_POINT('',(-8.,31.9076,-3.321E-14));
#2547 = DIRECTION('',(1.05E-15,-1.1E-16,-1.));
#2548 = DIRECTION('',(4.4E-16,-1.,1.1E-16));
#2549 = DEFINITIONAL_REPRESENTATION('',(#2550),#2554);
#2550 = LINE('',#2551,#2552);
#2551 = CARTESIAN_POINT('',(20.150696475363,-149.6793886629));
#2552 = VECTOR('',#2553,1.);
#2553 = DIRECTION('',(-1.55E-15,1.));
#2554 = ( GEOMETRIC_REPRESENTATION_CONTEXT(2) 
PARAMETRIC_REPRESENTATION_CONTEXT() REPRESENTATION_CONTEXT('2D SPACE',''
  ) );
#2555 = ORIENTED_EDGE('',*,*,#409,.T.);
#2556 = ORIENTED_EDGE('',*,*,#386,.F.);
#2557 = ADVANCED_FACE('',(#2558),#478,.F.);
#2558 = FACE_BOUND('',#2559,.F.);
#2559 = EDGE_LOOP('',(#2560,#2561,#2584,#2612));
#2560 = ORIENTED_EDGE('',*,*,#460,.F.);
#2561 = ORIENTED_EDGE('',*,*,#2562,.T.);
#2562 = EDGE_CURVE('',#461,#2563,#2565,.T.);
#2563 = VERTEX_POINT('',#2564);
#2564 = CARTESIAN_POINT('',(-3.3,-4.,56.2376));
#2565 = SURFACE_CURVE('',#2566,(#2570,#2577),.PCURVE_S1.);
#2566 = LINE('',#2567,#2568);
#2567 = CARTESIAN_POINT('',(-3.3,-4.,7.24E-15));
#2568 = VECTOR('',#2569,1.);
#2569 = DIRECTION('',(-2.E-15,-1.E-15,1.));
#2570 = PCURVE('',#478,#2571);
#2571 = DEFINITIONAL_REPRESENTATION('',(#2572),#2576);
#2572 = LINE('',#2573,#2574);
#2573 = CARTESIAN_POINT('',(0.,-0.));
#2574 = VECTOR('',#2575,1.);
#2575 = DIRECTION('',(-2.44E-15,-1.));
#2576 = ( GEOMETRIC_REPRESENTATION_CONTEXT(2) 
PARAMETRIC_REPRESENTATION_CONTEXT() REPRESENTATION_CONTEXT('2D SPACE',''
  ) );
#2577 = PCURVE('',#511,#2578);
#2578 = DEFINITIONAL_REPRESENTATION('',(#2579),#2583);
#2579 = LINE('',#2580,#2581);
#2580 = CARTESIAN_POINT('',(-1.570796326795,0.));
#2581 = VECTOR('',#2582,1.);
#2582 = DIRECTION('',(-0.,-1.));
#2583 = ( GEOMETRIC_REPRESENTATION_CONTEXT(2) 
PARAMETRIC_REPRESENTATION_CONTEXT() REPRESENTATION_CONTEXT('2D SPACE',''
  ) );
#2584 = ORIENTED_EDGE('',*,*,#2585,.F.);
#2585 = EDGE_CURVE('',#2586,#2563,#2588,.T.);
#2586 = VERTEX_POINT('',#2587);
#2587 = CARTESIAN_POINT('',(3.3,-4.,56.2376));
#2588 = SURFACE_CURVE('',#2589,(#2593,#2600),.PCURVE_S1.);
#2589 = LINE('',#2590,#2591);
#2590 = CARTESIAN_POINT('',(23.5625,-4.,56.2376));
#2591 = VECTOR('',#2592,1.);
#2592 = DIRECTION('',(-1.,8.9E-16,6.E-17));
#2593 = PCURVE('',#478,#2594);
#2594 = DEFINITIONAL_REPRESENTATION('',(#2595),#2599);
#2595 = LINE('',#2596,#2597);
#2596 = CARTESIAN_POINT('',(26.8625,-56.2376));
#2597 = VECTOR('',#2598,1.);
#2598 = DIRECTION('',(-1.,3.8E-16));
#2599 = ( GEOMETRIC_REPRESENTATION_CONTEXT(2) 
PARAMETRIC_REPRESENTATION_CONTEXT() REPRESENTATION_CONTEXT('2D SPACE',''
  ) );
#2600 = PCURVE('',#2601,#2606);
#2601 = PLANE('',#2602);
#2602 = AXIS2_PLACEMENT_3D('',#2603,#2604,#2605);
#2603 = CARTESIAN_POINT('',(-3.3,-4.,7.24E-15));
#2604 = DIRECTION('',(-1.44E-15,1.,-1.22E-15));
#2605 = DIRECTION('',(1.,1.44E-15,-4.4E-16));
#2606 = DEFINITIONAL_REPRESENTATION('',(#2607),#2611);
#2607 = LINE('',#2608,#2609);
#2608 = CARTESIAN_POINT('',(26.8625,-56.2376));
#2609 = VECTOR('',#2610,1.);
#2610 = DIRECTION('',(-1.,3.8E-16));
#2611 = ( GEOMETRIC_REPRESENTATION_CONTEXT(2) 
PARAMETRIC_REPRESENTATION_CONTEXT() REPRESENTATION_CONTEXT('2D SPACE',''
  ) );
#2612 = ORIENTED_EDGE('',*,*,#2613,.F.);
#2613 = EDGE_CURVE('',#463,#2586,#2614,.T.);
#2614 = SURFACE_CURVE('',#2615,(#2619,#2626),.PCURVE_S1.);
#2615 = LINE('',#2616,#2617);
#2616 = CARTESIAN_POINT('',(3.3,-4.,4.31E-15));
#2617 = VECTOR('',#2618,1.);
#2618 = DIRECTION('',(-2.E-15,-1.E-15,1.));
#2619 = PCURVE('',#478,#2620);
#2620 = DEFINITIONAL_REPRESENTATION('',(#2621),#2625);
#2621 = LINE('',#2622,#2623);
#2622 = CARTESIAN_POINT('',(6.6,2.600000000001E-17));
#2623 = VECTOR('',#2624,1.);
#2624 = DIRECTION('',(-2.44E-15,-1.));
#2625 = ( GEOMETRIC_REPRESENTATION_CONTEXT(2) 
PARAMETRIC_REPRESENTATION_CONTEXT() REPRESENTATION_CONTEXT('2D SPACE',''
  ) );
#2626 = PCURVE('',#692,#2627);
#2627 = DEFINITIONAL_REPRESENTATION('',(#2628),#2632);
#2628 = LINE('',#2629,#2630);
#2629 = CARTESIAN_POINT('',(-1.570796326795,0.));
#2630 = VECTOR('',#2631,1.);
#2631 = DIRECTION('',(-0.,-1.));
#2632 = ( GEOMETRIC_REPRESENTATION_CONTEXT(2) 
PARAMETRIC_REPRESENTATION_CONTEXT() REPRESENTATION_CONTEXT('2D SPACE',''
  ) );
#2633 = ADVANCED_FACE('',(#2634),#511,.F.);
#2634 = FACE_BOUND('',#2635,.T.);
#2635 = EDGE_LOOP('',(#2636,#2637,#2638,#2671));
#2636 = ORIENTED_EDGE('',*,*,#490,.F.);
#2637 = ORIENTED_EDGE('',*,*,#2562,.T.);
#2638 = ORIENTED_EDGE('',*,*,#2639,.F.);
#2639 = EDGE_CURVE('',#2640,#2563,#2642,.T.);
#2640 = VERTEX_POINT('',#2641);
#2641 = CARTESIAN_POINT('',(-5.3,-6.,56.2376));
#2642 = SURFACE_CURVE('',#2643,(#2648,#2655),.PCURVE_S1.);
#2643 = CIRCLE('',#2644,2.);
#2644 = AXIS2_PLACEMENT_3D('',#2645,#2646,#2647);
#2645 = CARTESIAN_POINT('',(-3.3,-6.,56.2376));
#2646 = DIRECTION('',(0.,-1.33E-15,-1.));
#2647 = DIRECTION('',(1.,-8.9E-16,1.1837E-30));
#2648 = PCURVE('',#511,#2649);
#2649 = DEFINITIONAL_REPRESENTATION('',(#2650),#2654);
#2650 = LINE('',#2651,#2652);
#2651 = CARTESIAN_POINT('',(-6.28318530718,-56.2376));
#2652 = VECTOR('',#2653,1.);
#2653 = DIRECTION('',(1.,-0.));
#2654 = ( GEOMETRIC_REPRESENTATION_CONTEXT(2) 
PARAMETRIC_REPRESENTATION_CONTEXT() REPRESENTATION_CONTEXT('2D SPACE',''
  ) );
#2655 = PCURVE('',#2656,#2661);
#2656 = PLANE('',#2657);
#2657 = AXIS2_PLACEMENT_3D('',#2658,#2659,#2660);
#2658 = CARTESIAN_POINT('',(23.5625,-4.,56.2376));
#2659 = DIRECTION('',(-1.72E-15,-3.3E-16,1.));
#2660 = DIRECTION('',(1.11E-15,-1.,-3.3E-16));
#2661 = DEFINITIONAL_REPRESENTATION('',(#2662),#2670);
#2662 = ( BOUNDED_CURVE() B_SPLINE_CURVE(2,(#2663,#2664,#2665,#2666,
#2667,#2668,#2669),.UNSPECIFIED.,.T.,.F.) B_SPLINE_CURVE_WITH_KNOTS((1,2
    ,2,2,2,1),(-2.094395102393,0.,2.094395102393,4.188790204786,
6.28318530718,8.377580409573),.UNSPECIFIED.) CURVE() 
GEOMETRIC_REPRESENTATION_ITEM() RATIONAL_B_SPLINE_CURVE((1.,0.5,1.,0.5,
1.,0.5,1.)) REPRESENTATION_ITEM('') );
#2663 = CARTESIAN_POINT('',(2.,-24.8625));
#2664 = CARTESIAN_POINT('',(5.464101615138,-24.8625));
#2665 = CARTESIAN_POINT('',(3.732050807569,-27.8625));
#2666 = CARTESIAN_POINT('',(2.,-30.8625));
#2667 = CARTESIAN_POINT('',(0.267949192431,-27.8625));
#2668 = CARTESIAN_POINT('',(-1.464101615138,-24.8625));
#2669 = CARTESIAN_POINT('',(2.,-24.8625));
#2670 = ( GEOMETRIC_REPRESENTATION_CONTEXT(2) 
PARAMETRIC_REPRESENTATION_CONTEXT() REPRESENTATION_CONTEXT('2D SPACE',''
  ) );
#2671 = ORIENTED_EDGE('',*,*,#2672,.F.);
#2672 = EDGE_CURVE('',#491,#2640,#2673,.T.);
#2673 = SURFACE_CURVE('',#2674,(#2678,#2685),.PCURVE_S1.);
#2674 = LINE('',#2675,#2676);
#2675 = CARTESIAN_POINT('',(-5.3,-6.,1.101E-14));
#2676 = VECTOR('',#2677,1.);
#2677 = DIRECTION('',(-2.E-15,-1.E-15,1.));
#2678 = PCURVE('',#511,#2679);
#2679 = DEFINITIONAL_REPRESENTATION('',(#2680),#2684);
#2680 = LINE('',#2681,#2682);
#2681 = CARTESIAN_POINT('',(-3.14159265359,0.));
#2682 = VECTOR('',#2683,1.);
#2683 = DIRECTION('',(-0.,-1.));
#2684 = ( GEOMETRIC_REPRESENTATION_CONTEXT(2) 
PARAMETRIC_REPRESENTATION_CONTEXT() REPRESENTATION_CONTEXT('2D SPACE',''
  ) );
#2685 = PCURVE('',#539,#2686);
#2686 = DEFINITIONAL_REPRESENTATION('',(#2687),#2691);
#2687 = LINE('',#2688,#2689);
#2688 = CARTESIAN_POINT('',(6.6,2.599999999998E-17));
#2689 = VECTOR('',#2690,1.);
#2690 = DIRECTION('',(-2.44E-15,-1.));
#2691 = ( GEOMETRIC_REPRESENTATION_CONTEXT(2) 
PARAMETRIC_REPRESENTATION_CONTEXT() REPRESENTATION_CONTEXT('2D SPACE',''
  ) );
#2692 = ADVANCED_FACE('',(#2693),#692,.F.);
#2693 = FACE_BOUND('',#2694,.T.);
#2694 = EDGE_LOOP('',(#2695,#2696,#2719,#2750));
#2695 = ORIENTED_EDGE('',*,*,#673,.F.);
#2696 = ORIENTED_EDGE('',*,*,#2697,.T.);
#2697 = EDGE_CURVE('',#646,#2698,#2700,.T.);
#2698 = VERTEX_POINT('',#2699);
#2699 = CARTESIAN_POINT('',(5.3,-6.,56.2376));
#2700 = SURFACE_CURVE('',#2701,(#2705,#2712),.PCURVE_S1.);
#2701 = LINE('',#2702,#2703);
#2702 = CARTESIAN_POINT('',(5.3,-6.,6.31E-15));
#2703 = VECTOR('',#2704,1.);
#2704 = DIRECTION('',(-2.E-15,-1.E-15,1.));
#2705 = PCURVE('',#692,#2706);
#2706 = DEFINITIONAL_REPRESENTATION('',(#2707),#2711);
#2707 = LINE('',#2708,#2709);
#2708 = CARTESIAN_POINT('',(-0.,0.));
#2709 = VECTOR('',#2710,1.);
#2710 = DIRECTION('',(-0.,-1.));
#2711 = ( GEOMETRIC_REPRESENTATION_CONTEXT(2) 
PARAMETRIC_REPRESENTATION_CONTEXT() REPRESENTATION_CONTEXT('2D SPACE',''
  ) );
#2712 = PCURVE('',#661,#2713);
#2713 = DEFINITIONAL_REPRESENTATION('',(#2714),#2718);
#2714 = LINE('',#2715,#2716);
#2715 = CARTESIAN_POINT('',(0.,-0.));
#2716 = VECTOR('',#2717,1.);
#2717 = DIRECTION('',(2.44E-15,-1.));
#2718 = ( GEOMETRIC_REPRESENTATION_CONTEXT(2) 
PARAMETRIC_REPRESENTATION_CONTEXT() REPRESENTATION_CONTEXT('2D SPACE',''
  ) );
#2719 = ORIENTED_EDGE('',*,*,#2720,.F.);
#2720 = EDGE_CURVE('',#2586,#2698,#2721,.T.);
#2721 = SURFACE_CURVE('',#2722,(#2727,#2734),.PCURVE_S1.);
#2722 = CIRCLE('',#2723,2.);
#2723 = AXIS2_PLACEMENT_3D('',#2724,#2725,#2726);
#2724 = CARTESIAN_POINT('',(3.3,-6.,56.2376));
#2725 = DIRECTION('',(0.,-1.33E-15,-1.));
#2726 = DIRECTION('',(1.,-8.9E-16,1.1837E-30));
#2727 = PCURVE('',#692,#2728);
#2728 = DEFINITIONAL_REPRESENTATION('',(#2729),#2733);
#2729 = LINE('',#2730,#2731);
#2730 = CARTESIAN_POINT('',(-6.28318530718,-56.2376));
#2731 = VECTOR('',#2732,1.);
#2732 = DIRECTION('',(1.,-0.));
#2733 = ( GEOMETRIC_REPRESENTATION_CONTEXT(2) 
PARAMETRIC_REPRESENTATION_CONTEXT() REPRESENTATION_CONTEXT('2D SPACE',''
  ) );
#2734 = PCURVE('',#2735,#2740);
#2735 = PLANE('',#2736);
#2736 = AXIS2_PLACEMENT_3D('',#2737,#2738,#2739);
#2737 = CARTESIAN_POINT('',(23.5625,-4.,56.2376));
#2738 = DIRECTION('',(-1.72E-15,-3.3E-16,1.));
#2739 = DIRECTION('',(1.11E-15,-1.,-3.3E-16));
#2740 = DEFINITIONAL_REPRESENTATION('',(#2741),#2749);
#2741 = ( BOUNDED_CURVE() B_SPLINE_CURVE(2,(#2742,#2743,#2744,#2745,
#2746,#2747,#2748),.UNSPECIFIED.,.T.,.F.) B_SPLINE_CURVE_WITH_KNOTS((1,2
    ,2,2,2,1),(-2.094395102393,0.,2.094395102393,4.188790204786,
6.28318530718,8.377580409573),.UNSPECIFIED.) CURVE() 
GEOMETRIC_REPRESENTATION_ITEM() RATIONAL_B_SPLINE_CURVE((1.,0.5,1.,0.5,
1.,0.5,1.)) REPRESENTATION_ITEM('') );
#2742 = CARTESIAN_POINT('',(2.,-18.2625));
#2743 = CARTESIAN_POINT('',(5.464101615138,-18.2625));
#2744 = CARTESIAN_POINT('',(3.732050807569,-21.2625));
#2745 = CARTESIAN_POINT('',(2.,-24.2625));
#2746 = CARTESIAN_POINT('',(0.267949192431,-21.2625));
#2747 = CARTESIAN_POINT('',(-1.464101615138,-18.2625));
#2748 = CARTESIAN_POINT('',(2.,-18.2625));
#2749 = ( GEOMETRIC_REPRESENTATION_CONTEXT(2) 
PARAMETRIC_REPRESENTATION_CONTEXT() REPRESENTATION_CONTEXT('2D SPACE',''
  ) );
#2750 = ORIENTED_EDGE('',*,*,#2613,.F.);
#2751 = ADVANCED_FACE('',(#2752),#539,.F.);
#2752 = FACE_BOUND('',#2753,.F.);
#2753 = EDGE_LOOP('',(#2754,#2755,#2778,#2806,#2834,#2862,#2890,#2918,
    #2946,#2967));
#2754 = ORIENTED_EDGE('',*,*,#523,.F.);
#2755 = ORIENTED_EDGE('',*,*,#2756,.T.);
#2756 = EDGE_CURVE('',#524,#2757,#2759,.T.);
#2757 = VERTEX_POINT('',#2758);
#2758 = CARTESIAN_POINT('',(-5.3,-12.6,105.8876));
#2759 = SURFACE_CURVE('',#2760,(#2764,#2771),.PCURVE_S1.);
#2760 = LINE('',#2761,#2762);
#2761 = CARTESIAN_POINT('',(-5.3,-12.6,2.054E-14));
#2762 = VECTOR('',#2763,1.);
#2763 = DIRECTION('',(-2.E-15,-1.E-15,1.));
#2764 = PCURVE('',#539,#2765);
#2765 = DEFINITIONAL_REPRESENTATION('',(#2766),#2770);
#2766 = LINE('',#2767,#2768);
#2767 = CARTESIAN_POINT('',(0.,-0.));
#2768 = VECTOR('',#2769,1.);
#2769 = DIRECTION('',(-2.44E-15,-1.));
#2770 = ( GEOMETRIC_REPRESENTATION_CONTEXT(2) 
PARAMETRIC_REPRESENTATION_CONTEXT() REPRESENTATION_CONTEXT('2D SPACE',''
  ) );
#2771 = PCURVE('',#572,#2772);
#2772 = DEFINITIONAL_REPRESENTATION('',(#2773),#2777);
#2773 = LINE('',#2774,#2775);
#2774 = CARTESIAN_POINT('',(-3.14159265359,0.));
#2775 = VECTOR('',#2776,1.);
#2776 = DIRECTION('',(-0.,-1.));
#2777 = ( GEOMETRIC_REPRESENTATION_CONTEXT(2) 
PARAMETRIC_REPRESENTATION_CONTEXT() REPRESENTATION_CONTEXT('2D SPACE',''
  ) );
#2778 = ORIENTED_EDGE('',*,*,#2779,.T.);
#2779 = EDGE_CURVE('',#2757,#2780,#2782,.T.);
#2780 = VERTEX_POINT('',#2781);
#2781 = CARTESIAN_POINT('',(-5.3,-6.,105.8876));
#2782 = SURFACE_CURVE('',#2783,(#2787,#2794),.PCURVE_S1.);
#2783 = LINE('',#2784,#2785);
#2784 = CARTESIAN_POINT('',(-5.3,-12.6,105.8876));
#2785 = VECTOR('',#2786,1.);
#2786 = DIRECTION('',(-1.89E-15,1.,-1.44E-15));
#2787 = PCURVE('',#539,#2788);
#2788 = DEFINITIONAL_REPRESENTATION('',(#2789),#2793);
#2789 = LINE('',#2790,#2791);
#2790 = CARTESIAN_POINT('',(-5.468293623469E-13,-105.8876));
#2791 = VECTOR('',#2792,1.);
#2792 = DIRECTION('',(1.,5.916456789158E-31));
#2793 = ( GEOMETRIC_REPRESENTATION_CONTEXT(2) 
PARAMETRIC_REPRESENTATION_CONTEXT() REPRESENTATION_CONTEXT('2D SPACE',''
  ) );
#2794 = PCURVE('',#2795,#2800);
#2795 = PLANE('',#2796);
#2796 = AXIS2_PLACEMENT_3D('',#2797,#2798,#2799);
#2797 = CARTESIAN_POINT('',(-5.347E-14,-9.3,105.8876));
#2798 = DIRECTION('',(2.E-15,1.22E-15,-1.));
#2799 = DIRECTION('',(-1.,7.8E-16,-2.E-15));
#2800 = DEFINITIONAL_REPRESENTATION('',(#2801),#2805);
#2801 = LINE('',#2802,#2803);
#2802 = CARTESIAN_POINT('',(5.3,-3.3));
#2803 = VECTOR('',#2804,1.);
#2804 = DIRECTION('',(2.67E-15,1.));
#2805 = ( GEOMETRIC_REPRESENTATION_CONTEXT(2) 
PARAMETRIC_REPRESENTATION_CONTEXT() REPRESENTATION_CONTEXT('2D SPACE',''
  ) );
#2806 = ORIENTED_EDGE('',*,*,#2807,.F.);
#2807 = EDGE_CURVE('',#2808,#2780,#2810,.T.);
#2808 = VERTEX_POINT('',#2809);
#2809 = CARTESIAN_POINT('',(-5.3,-6.,72.4876));
#2810 = SURFACE_CURVE('',#2811,(#2815,#2822),.PCURVE_S1.);
#2811 = LINE('',#2812,#2813);
#2812 = CARTESIAN_POINT('',(-5.3,-6.,1.101E-14));
#2813 = VECTOR('',#2814,1.);
#2814 = DIRECTION('',(-2.E-15,-1.E-15,1.));
#2815 = PCURVE('',#539,#2816);
#2816 = DEFINITIONAL_REPRESENTATION('',(#2817),#2821);
#2817 = LINE('',#2818,#2819);
#2818 = CARTESIAN_POINT('',(6.6,2.599999999998E-17));
#2819 = VECTOR('',#2820,1.);
#2820 = DIRECTION('',(-2.44E-15,-1.));
#2821 = ( GEOMETRIC_REPRESENTATION_CONTEXT(2) 
PARAMETRIC_REPRESENTATION_CONTEXT() REPRESENTATION_CONTEXT('2D SPACE',''
  ) );
#2822 = PCURVE('',#2823,#2828);
#2823 = CYLINDRICAL_SURFACE('',#2824,2.);
#2824 = AXIS2_PLACEMENT_3D('',#2825,#2826,#2827);
#2825 = CARTESIAN_POINT('',(-3.3,-6.,1.013E-14));
#2826 = DIRECTION('',(1.78E-15,7.8E-16,-1.));
#2827 = DIRECTION('',(1.,-7.8E-16,1.78E-15));
#2828 = DEFINITIONAL_REPRESENTATION('',(#2829),#2833);
#2829 = LINE('',#2830,#2831);
#2830 = CARTESIAN_POINT('',(-3.14159265359,0.));
#2831 = VECTOR('',#2832,1.);
#2832 = DIRECTION('',(-0.,-1.));
#2833 = ( GEOMETRIC_REPRESENTATION_CONTEXT(2) 
PARAMETRIC_REPRESENTATION_CONTEXT() REPRESENTATION_CONTEXT('2D SPACE',''
  ) );
#2834 = ORIENTED_EDGE('',*,*,#2835,.T.);
#2835 = EDGE_CURVE('',#2808,#2836,#2838,.T.);
#2836 = VERTEX_POINT('',#2837);
#2837 = CARTESIAN_POINT('',(-5.3,-9.1625,72.4876));
#2838 = SURFACE_CURVE('',#2839,(#2843,#2850),.PCURVE_S1.);
#2839 = LINE('',#2840,#2841);
#2840 = CARTESIAN_POINT('',(-5.3,-10.88125,72.4876));
#2841 = VECTOR('',#2842,1.);
#2842 = DIRECTION('',(1.11E-15,-1.,1.44E-15));
#2843 = PCURVE('',#539,#2844);
#2844 = DEFINITIONAL_REPRESENTATION('',(#2845),#2849);
#2845 = LINE('',#2846,#2847);
#2846 = CARTESIAN_POINT('',(1.71875,-72.4876));
#2847 = VECTOR('',#2848,1.);
#2848 = DIRECTION('',(-1.,-3.944304526105E-31));
#2849 = ( GEOMETRIC_REPRESENTATION_CONTEXT(2) 
PARAMETRIC_REPRESENTATION_CONTEXT() REPRESENTATION_CONTEXT('2D SPACE',''
  ) );
#2850 = PCURVE('',#2851,#2856);
#2851 = PLANE('',#2852);
#2852 = AXIS2_PLACEMENT_3D('',#2853,#2854,#2855);
#2853 = CARTESIAN_POINT('',(23.5625,-9.1625,72.4876));
#2854 = DIRECTION('',(1.72E-15,3.3E-16,-1.));
#2855 = DIRECTION('',(-1.11E-15,1.,3.3E-16));
#2856 = DEFINITIONAL_REPRESENTATION('',(#2857),#2861);
#2857 = LINE('',#2858,#2859);
#2858 = CARTESIAN_POINT('',(-1.71875,-28.8625));
#2859 = VECTOR('',#2860,1.);
#2860 = DIRECTION('',(-1.,2.982274073495E-30));
#2861 = ( GEOMETRIC_REPRESENTATION_CONTEXT(2) 
PARAMETRIC_REPRESENTATION_CONTEXT() REPRESENTATION_CONTEXT('2D SPACE',''
  ) );
#2862 = ORIENTED_EDGE('',*,*,#2863,.F.);
#2863 = EDGE_CURVE('',#2864,#2836,#2866,.T.);
#2864 = VERTEX_POINT('',#2865);
#2865 = CARTESIAN_POINT('',(-5.3,-9.1625,65.8876));
#2866 = SURFACE_CURVE('',#2867,(#2871,#2878),.PCURVE_S1.);
#2867 = LINE('',#2868,#2869);
#2868 = CARTESIAN_POINT('',(-5.3,-9.1625,36.2438));
#2869 = VECTOR('',#2870,1.);
#2870 = DIRECTION('',(-1.78E-15,-5.6E-16,1.));
#2871 = PCURVE('',#539,#2872);
#2872 = DEFINITIONAL_REPRESENTATION('',(#2873),#2877);
#2873 = LINE('',#2874,#2875);
#2874 = CARTESIAN_POINT('',(3.4375,-36.2438));
#2875 = VECTOR('',#2876,1.);
#2876 = DIRECTION('',(-2.E-15,-1.));
#2877 = ( GEOMETRIC_REPRESENTATION_CONTEXT(2) 
PARAMETRIC_REPRESENTATION_CONTEXT() REPRESENTATION_CONTEXT('2D SPACE',''
  ) );
#2878 = PCURVE('',#2879,#2884);
#2879 = PLANE('',#2880);
#2880 = AXIS2_PLACEMENT_3D('',#2881,#2882,#2883);
#2881 = CARTESIAN_POINT('',(23.5625,-9.1625,72.4876));
#2882 = DIRECTION('',(8.9E-16,-1.,1.22E-15));
#2883 = DIRECTION('',(1.89E-15,-1.22E-15,-1.));
#2884 = DEFINITIONAL_REPRESENTATION('',(#2885),#2889);
#2885 = LINE('',#2886,#2887);
#2886 = CARTESIAN_POINT('',(36.2438,-28.8625));
#2887 = VECTOR('',#2888,1.);
#2888 = DIRECTION('',(-1.,1.1E-16));
#2889 = ( GEOMETRIC_REPRESENTATION_CONTEXT(2) 
PARAMETRIC_REPRESENTATION_CONTEXT() REPRESENTATION_CONTEXT('2D SPACE',''
  ) );
#2890 = ORIENTED_EDGE('',*,*,#2891,.F.);
#2891 = EDGE_CURVE('',#2892,#2864,#2894,.T.);
#2892 = VERTEX_POINT('',#2893);
#2893 = CARTESIAN_POINT('',(-5.3,-9.1625,62.8376));
#2894 = SURFACE_CURVE('',#2895,(#2899,#2906),.PCURVE_S1.);
#2895 = LINE('',#2896,#2897);
#2896 = CARTESIAN_POINT('',(-5.3,-9.1625,32.9438));
#2897 = VECTOR('',#2898,1.);
#2898 = DIRECTION('',(-1.78E-15,-5.6E-16,1.));
#2899 = PCURVE('',#539,#2900);
#2900 = DEFINITIONAL_REPRESENTATION('',(#2901),#2905);
#2901 = LINE('',#2902,#2903);
#2902 = CARTESIAN_POINT('',(3.4375,-32.9438));
#2903 = VECTOR('',#2904,1.);
#2904 = DIRECTION('',(-2.E-15,-1.));
#2905 = ( GEOMETRIC_REPRESENTATION_CONTEXT(2) 
PARAMETRIC_REPRESENTATION_CONTEXT() REPRESENTATION_CONTEXT('2D SPACE',''
  ) );
#2906 = PCURVE('',#2907,#2912);
#2907 = PLANE('',#2908);
#2908 = AXIS2_PLACEMENT_3D('',#2909,#2910,#2911);
#2909 = CARTESIAN_POINT('',(23.5625,-9.1625,65.8876));
#2910 = DIRECTION('',(8.9E-16,-1.,1.22E-15));
#2911 = DIRECTION('',(1.89E-15,-1.22E-15,-1.));
#2912 = DEFINITIONAL_REPRESENTATION('',(#2913),#2917);
#2913 = LINE('',#2914,#2915);
#2914 = CARTESIAN_POINT('',(32.9438,-28.8625));
#2915 = VECTOR('',#2916,1.);
#2916 = DIRECTION('',(-1.,1.1E-16));
#2917 = ( GEOMETRIC_REPRESENTATION_CONTEXT(2) 
PARAMETRIC_REPRESENTATION_CONTEXT() REPRESENTATION_CONTEXT('2D SPACE',''
  ) );
#2918 = ORIENTED_EDGE('',*,*,#2919,.T.);
#2919 = EDGE_CURVE('',#2892,#2920,#2922,.T.);
#2920 = VERTEX_POINT('',#2921);
#2921 = CARTESIAN_POINT('',(-5.3,-9.1625,56.2376));
#2922 = SURFACE_CURVE('',#2923,(#2927,#2934),.PCURVE_S1.);
#2923 = LINE('',#2924,#2925);
#2924 = CARTESIAN_POINT('',(-5.3,-9.1625,28.1188));
#2925 = VECTOR('',#2926,1.);
#2926 = DIRECTION('',(1.78E-15,5.6E-16,-1.));
#2927 = PCURVE('',#539,#2928);
#2928 = DEFINITIONAL_REPRESENTATION('',(#2929),#2933);
#2929 = LINE('',#2930,#2931);
#2930 = CARTESIAN_POINT('',(3.4375,-28.1188));
#2931 = VECTOR('',#2932,1.);
#2932 = DIRECTION('',(2.E-15,1.));
#2933 = ( GEOMETRIC_REPRESENTATION_CONTEXT(2) 
PARAMETRIC_REPRESENTATION_CONTEXT() REPRESENTATION_CONTEXT('2D SPACE',''
  ) );
#2934 = PCURVE('',#2935,#2940);
#2935 = PLANE('',#2936);
#2936 = AXIS2_PLACEMENT_3D('',#2937,#2938,#2939);
#2937 = CARTESIAN_POINT('',(23.5625,-9.1625,56.2376));
#2938 = DIRECTION('',(-8.9E-16,1.,-1.22E-15));
#2939 = DIRECTION('',(-1.89E-15,1.22E-15,1.));
#2940 = DEFINITIONAL_REPRESENTATION('',(#2941),#2945);
#2941 = LINE('',#2942,#2943);
#2942 = CARTESIAN_POINT('',(-28.1188,-28.8625));
#2943 = VECTOR('',#2944,1.);
#2944 = DIRECTION('',(-1.,-1.1E-16));
#2945 = ( GEOMETRIC_REPRESENTATION_CONTEXT(2) 
PARAMETRIC_REPRESENTATION_CONTEXT() REPRESENTATION_CONTEXT('2D SPACE',''
  ) );
#2946 = ORIENTED_EDGE('',*,*,#2947,.T.);
#2947 = EDGE_CURVE('',#2920,#2640,#2948,.T.);
#2948 = SURFACE_CURVE('',#2949,(#2953,#2960),.PCURVE_S1.);
#2949 = LINE('',#2950,#2951);
#2950 = CARTESIAN_POINT('',(-5.3,-8.3,56.2376));
#2951 = VECTOR('',#2952,1.);
#2952 = DIRECTION('',(-1.11E-15,1.,-1.44E-15));
#2953 = PCURVE('',#539,#2954);
#2954 = DEFINITIONAL_REPRESENTATION('',(#2955),#2959);
#2955 = LINE('',#2956,#2957);
#2956 = CARTESIAN_POINT('',(4.3,-56.2376));
#2957 = VECTOR('',#2958,1.);
#2958 = DIRECTION('',(1.,3.944304526105E-31));
#2959 = ( GEOMETRIC_REPRESENTATION_CONTEXT(2) 
PARAMETRIC_REPRESENTATION_CONTEXT() REPRESENTATION_CONTEXT('2D SPACE',''
  ) );
#2960 = PCURVE('',#2656,#2961);
#2961 = DEFINITIONAL_REPRESENTATION('',(#2962),#2966);
#2962 = LINE('',#2963,#2964);
#2963 = CARTESIAN_POINT('',(4.3,-28.8625));
#2964 = VECTOR('',#2965,1.);
#2965 = DIRECTION('',(-1.,-2.982274073495E-30));
#2966 = ( GEOMETRIC_REPRESENTATION_CONTEXT(2) 
PARAMETRIC_REPRESENTATION_CONTEXT() REPRESENTATION_CONTEXT('2D SPACE',''
  ) );
#2967 = ORIENTED_EDGE('',*,*,#2672,.F.);
#2968 = ADVANCED_FACE('',(#2969),#661,.F.);
#2969 = FACE_BOUND('',#2970,.F.);
#2970 = EDGE_LOOP('',(#2971,#2972,#2973,#2996,#3024,#3052,#3080,#3108,
    #3136,#3159));
#2971 = ORIENTED_EDGE('',*,*,#645,.F.);
#2972 = ORIENTED_EDGE('',*,*,#2697,.T.);
#2973 = ORIENTED_EDGE('',*,*,#2974,.T.);
#2974 = EDGE_CURVE('',#2698,#2975,#2977,.T.);
#2975 = VERTEX_POINT('',#2976);
#2976 = CARTESIAN_POINT('',(5.3,-9.1625,56.2376));
#2977 = SURFACE_CURVE('',#2978,(#2982,#2989),.PCURVE_S1.);
#2978 = LINE('',#2979,#2980);
#2979 = CARTESIAN_POINT('',(5.3,-5.,56.2376));
#2980 = VECTOR('',#2981,1.);
#2981 = DIRECTION('',(1.11E-15,-1.,1.44E-15));
#2982 = PCURVE('',#661,#2983);
#2983 = DEFINITIONAL_REPRESENTATION('',(#2984),#2988);
#2984 = LINE('',#2985,#2986);
#2985 = CARTESIAN_POINT('',(-1.,-56.2376));
#2986 = VECTOR('',#2987,1.);
#2987 = DIRECTION('',(1.,-3.944304526105E-31));
#2988 = ( GEOMETRIC_REPRESENTATION_CONTEXT(2) 
PARAMETRIC_REPRESENTATION_CONTEXT() REPRESENTATION_CONTEXT('2D SPACE',''
  ) );
#2989 = PCURVE('',#2735,#2990);
#2990 = DEFINITIONAL_REPRESENTATION('',(#2991),#2995);
#2991 = LINE('',#2992,#2993);
#2992 = CARTESIAN_POINT('',(1.,-18.2625));
#2993 = VECTOR('',#2994,1.);
#2994 = DIRECTION('',(1.,2.982274073495E-30));
#2995 = ( GEOMETRIC_REPRESENTATION_CONTEXT(2) 
PARAMETRIC_REPRESENTATION_CONTEXT() REPRESENTATION_CONTEXT('2D SPACE',''
  ) );
#2996 = ORIENTED_EDGE('',*,*,#2997,.T.);
#2997 = EDGE_CURVE('',#2975,#2998,#3000,.T.);
#2998 = VERTEX_POINT('',#2999);
#2999 = CARTESIAN_POINT('',(5.3,-9.1625,62.8376));
#3000 = SURFACE_CURVE('',#3001,(#3005,#3012),.PCURVE_S1.);
#3001 = LINE('',#3002,#3003);
#3002 = CARTESIAN_POINT('',(5.3,-9.1625,28.1188));
#3003 = VECTOR('',#3004,1.);
#3004 = DIRECTION('',(-1.78E-15,-5.6E-16,1.));
#3005 = PCURVE('',#661,#3006);
#3006 = DEFINITIONAL_REPRESENTATION('',(#3007),#3011);
#3007 = LINE('',#3008,#3009);
#3008 = CARTESIAN_POINT('',(3.1625,-28.1188));
#3009 = VECTOR('',#3010,1.);
#3010 = DIRECTION('',(2.E-15,-1.));
#3011 = ( GEOMETRIC_REPRESENTATION_CONTEXT(2) 
PARAMETRIC_REPRESENTATION_CONTEXT() REPRESENTATION_CONTEXT('2D SPACE',''
  ) );
#3012 = PCURVE('',#3013,#3018);
#3013 = PLANE('',#3014);
#3014 = AXIS2_PLACEMENT_3D('',#3015,#3016,#3017);
#3015 = CARTESIAN_POINT('',(23.5625,-9.1625,56.2376));
#3016 = DIRECTION('',(-8.9E-16,1.,-1.22E-15));
#3017 = DIRECTION('',(-1.89E-15,1.22E-15,1.));
#3018 = DEFINITIONAL_REPRESENTATION('',(#3019),#3023);
#3019 = LINE('',#3020,#3021);
#3020 = CARTESIAN_POINT('',(-28.1188,-18.2625));
#3021 = VECTOR('',#3022,1.);
#3022 = DIRECTION('',(1.,1.1E-16));
#3023 = ( GEOMETRIC_REPRESENTATION_CONTEXT(2) 
PARAMETRIC_REPRESENTATION_CONTEXT() REPRESENTATION_CONTEXT('2D SPACE',''
  ) );
#3024 = ORIENTED_EDGE('',*,*,#3025,.F.);
#3025 = EDGE_CURVE('',#3026,#2998,#3028,.T.);
#3026 = VERTEX_POINT('',#3027);
#3027 = CARTESIAN_POINT('',(5.3,-9.1625,65.8876));
#3028 = SURFACE_CURVE('',#3029,(#3033,#3040),.PCURVE_S1.);
#3029 = LINE('',#3030,#3031);
#3030 = CARTESIAN_POINT('',(5.3,-9.1625,32.9438));
#3031 = VECTOR('',#3032,1.);
#3032 = DIRECTION('',(1.78E-15,5.6E-16,-1.));
#3033 = PCURVE('',#661,#3034);
#3034 = DEFINITIONAL_REPRESENTATION('',(#3035),#3039);
#3035 = LINE('',#3036,#3037);
#3036 = CARTESIAN_POINT('',(3.1625,-32.9438));
#3037 = VECTOR('',#3038,1.);
#3038 = DIRECTION('',(-2.E-15,1.));
#3039 = ( GEOMETRIC_REPRESENTATION_CONTEXT(2) 
PARAMETRIC_REPRESENTATION_CONTEXT() REPRESENTATION_CONTEXT('2D SPACE',''
  ) );
#3040 = PCURVE('',#3041,#3046);
#3041 = PLANE('',#3042);
#3042 = AXIS2_PLACEMENT_3D('',#3043,#3044,#3045);
#3043 = CARTESIAN_POINT('',(23.5625,-9.1625,65.8876));
#3044 = DIRECTION('',(8.9E-16,-1.,1.22E-15));
#3045 = DIRECTION('',(1.89E-15,-1.22E-15,-1.));
#3046 = DEFINITIONAL_REPRESENTATION('',(#3047),#3051);
#3047 = LINE('',#3048,#3049);
#3048 = CARTESIAN_POINT('',(32.9438,-18.2625));
#3049 = VECTOR('',#3050,1.);
#3050 = DIRECTION('',(1.,-1.1E-16));
#3051 = ( GEOMETRIC_REPRESENTATION_CONTEXT(2) 
PARAMETRIC_REPRESENTATION_CONTEXT() REPRESENTATION_CONTEXT('2D SPACE',''
  ) );
#3052 = ORIENTED_EDGE('',*,*,#3053,.F.);
#3053 = EDGE_CURVE('',#3054,#3026,#3056,.T.);
#3054 = VERTEX_POINT('',#3055);
#3055 = CARTESIAN_POINT('',(5.3,-9.1625,72.4876));
#3056 = SURFACE_CURVE('',#3057,(#3061,#3068),.PCURVE_S1.);
#3057 = LINE('',#3058,#3059);
#3058 = CARTESIAN_POINT('',(5.3,-9.1625,36.2438));
#3059 = VECTOR('',#3060,1.);
#3060 = DIRECTION('',(1.78E-15,5.6E-16,-1.));
#3061 = PCURVE('',#661,#3062);
#3062 = DEFINITIONAL_REPRESENTATION('',(#3063),#3067);
#3063 = LINE('',#3064,#3065);
#3064 = CARTESIAN_POINT('',(3.1625,-36.2438));
#3065 = VECTOR('',#3066,1.);
#3066 = DIRECTION('',(-2.E-15,1.));
#3067 = ( GEOMETRIC_REPRESENTATION_CONTEXT(2) 
PARAMETRIC_REPRESENTATION_CONTEXT() REPRESENTATION_CONTEXT('2D SPACE',''
  ) );
#3068 = PCURVE('',#3069,#3074);
#3069 = PLANE('',#3070);
#3070 = AXIS2_PLACEMENT_3D('',#3071,#3072,#3073);
#3071 = CARTESIAN_POINT('',(23.5625,-9.1625,72.4876));
#3072 = DIRECTION('',(8.9E-16,-1.,1.22E-15));
#3073 = DIRECTION('',(1.89E-15,-1.22E-15,-1.));
#3074 = DEFINITIONAL_REPRESENTATION('',(#3075),#3079);
#3075 = LINE('',#3076,#3077);
#3076 = CARTESIAN_POINT('',(36.2438,-18.2625));
#3077 = VECTOR('',#3078,1.);
#3078 = DIRECTION('',(1.,-1.1E-16));
#3079 = ( GEOMETRIC_REPRESENTATION_CONTEXT(2) 
PARAMETRIC_REPRESENTATION_CONTEXT() REPRESENTATION_CONTEXT('2D SPACE',''
  ) );
#3080 = ORIENTED_EDGE('',*,*,#3081,.T.);
#3081 = EDGE_CURVE('',#3054,#3082,#3084,.T.);
#3082 = VERTEX_POINT('',#3083);
#3083 = CARTESIAN_POINT('',(5.3,-6.,72.4876));
#3084 = SURFACE_CURVE('',#3085,(#3089,#3096),.PCURVE_S1.);
#3085 = LINE('',#3086,#3087);
#3086 = CARTESIAN_POINT('',(5.3,-7.58125,72.4876));
#3087 = VECTOR('',#3088,1.);
#3088 = DIRECTION('',(-1.11E-15,1.,-1.44E-15));
#3089 = PCURVE('',#661,#3090);
#3090 = DEFINITIONAL_REPRESENTATION('',(#3091),#3095);
#3091 = LINE('',#3092,#3093);
#3092 = CARTESIAN_POINT('',(1.58125,-72.4876));
#3093 = VECTOR('',#3094,1.);
#3094 = DIRECTION('',(-1.,3.944304526105E-31));
#3095 = ( GEOMETRIC_REPRESENTATION_CONTEXT(2) 
PARAMETRIC_REPRESENTATION_CONTEXT() REPRESENTATION_CONTEXT('2D SPACE',''
  ) );
#3096 = PCURVE('',#3097,#3102);
#3097 = PLANE('',#3098);
#3098 = AXIS2_PLACEMENT_3D('',#3099,#3100,#3101);
#3099 = CARTESIAN_POINT('',(23.5625,-9.1625,72.4876));
#3100 = DIRECTION('',(1.72E-15,3.3E-16,-1.));
#3101 = DIRECTION('',(-1.11E-15,1.,3.3E-16));
#3102 = DEFINITIONAL_REPRESENTATION('',(#3103),#3107);
#3103 = LINE('',#3104,#3105);
#3104 = CARTESIAN_POINT('',(1.58125,-18.2625));
#3105 = VECTOR('',#3106,1.);
#3106 = DIRECTION('',(1.,-2.982274073495E-30));
#3107 = ( GEOMETRIC_REPRESENTATION_CONTEXT(2) 
PARAMETRIC_REPRESENTATION_CONTEXT() REPRESENTATION_CONTEXT('2D SPACE',''
  ) );
#3108 = ORIENTED_EDGE('',*,*,#3109,.T.);
#3109 = EDGE_CURVE('',#3082,#3110,#3112,.T.);
#3110 = VERTEX_POINT('',#3111);
#3111 = CARTESIAN_POINT('',(5.3,-6.,105.8876));
#3112 = SURFACE_CURVE('',#3113,(#3117,#3124),.PCURVE_S1.);
#3113 = LINE('',#3114,#3115);
#3114 = CARTESIAN_POINT('',(5.3,-6.,6.31E-15));
#3115 = VECTOR('',#3116,1.);
#3116 = DIRECTION('',(-2.E-15,-1.E-15,1.));
#3117 = PCURVE('',#661,#3118);
#3118 = DEFINITIONAL_REPRESENTATION('',(#3119),#3123);
#3119 = LINE('',#3120,#3121);
#3120 = CARTESIAN_POINT('',(0.,-0.));
#3121 = VECTOR('',#3122,1.);
#3122 = DIRECTION('',(2.44E-15,-1.));
#3123 = ( GEOMETRIC_REPRESENTATION_CONTEXT(2) 
PARAMETRIC_REPRESENTATION_CONTEXT() REPRESENTATION_CONTEXT('2D SPACE',''
  ) );
#3124 = PCURVE('',#3125,#3130);
#3125 = CYLINDRICAL_SURFACE('',#3126,2.);
#3126 = AXIS2_PLACEMENT_3D('',#3127,#3128,#3129);
#3127 = CARTESIAN_POINT('',(3.3,-6.,7.19E-15));
#3128 = DIRECTION('',(1.78E-15,7.8E-16,-1.));
#3129 = DIRECTION('',(1.,-7.8E-16,1.78E-15));
#3130 = DEFINITIONAL_REPRESENTATION('',(#3131),#3135);
#3131 = LINE('',#3132,#3133);
#3132 = CARTESIAN_POINT('',(-0.,0.));
#3133 = VECTOR('',#3134,1.);
#3134 = DIRECTION('',(-0.,-1.));
#3135 = ( GEOMETRIC_REPRESENTATION_CONTEXT(2) 
PARAMETRIC_REPRESENTATION_CONTEXT() REPRESENTATION_CONTEXT('2D SPACE',''
  ) );
#3136 = ORIENTED_EDGE('',*,*,#3137,.T.);
#3137 = EDGE_CURVE('',#3110,#3138,#3140,.T.);
#3138 = VERTEX_POINT('',#3139);
#3139 = CARTESIAN_POINT('',(5.3,-12.6,105.8876));
#3140 = SURFACE_CURVE('',#3141,(#3145,#3152),.PCURVE_S1.);
#3141 = LINE('',#3142,#3143);
#3142 = CARTESIAN_POINT('',(5.3,-6.,105.8876));
#3143 = VECTOR('',#3144,1.);
#3144 = DIRECTION('',(1.89E-15,-1.,1.44E-15));
#3145 = PCURVE('',#661,#3146);
#3146 = DEFINITIONAL_REPRESENTATION('',(#3147),#3151);
#3147 = LINE('',#3148,#3149);
#3148 = CARTESIAN_POINT('',(5.31730329212E-13,-105.8876));
#3149 = VECTOR('',#3150,1.);
#3150 = DIRECTION('',(1.,-5.916456789158E-31));
#3151 = ( GEOMETRIC_REPRESENTATION_CONTEXT(2) 
PARAMETRIC_REPRESENTATION_CONTEXT() REPRESENTATION_CONTEXT('2D SPACE',''
  ) );
#3152 = PCURVE('',#2795,#3153);
#3153 = DEFINITIONAL_REPRESENTATION('',(#3154),#3158);
#3154 = LINE('',#3155,#3156);
#3155 = CARTESIAN_POINT('',(-5.3,3.3));
#3156 = VECTOR('',#3157,1.);
#3157 = DIRECTION('',(-2.67E-15,-1.));
#3158 = ( GEOMETRIC_REPRESENTATION_CONTEXT(2) 
PARAMETRIC_REPRESENTATION_CONTEXT() REPRESENTATION_CONTEXT('2D SPACE',''
  ) );
#3159 = ORIENTED_EDGE('',*,*,#3160,.F.);
#3160 = EDGE_CURVE('',#613,#3138,#3161,.T.);
#3161 = SURFACE_CURVE('',#3162,(#3166,#3173),.PCURVE_S1.);
#3162 = LINE('',#3163,#3164);
#3163 = CARTESIAN_POINT('',(5.3,-12.6,1.583E-14));
#3164 = VECTOR('',#3165,1.);
#3165 = DIRECTION('',(-2.E-15,-1.E-15,1.));
#3166 = PCURVE('',#661,#3167);
#3167 = DEFINITIONAL_REPRESENTATION('',(#3168),#3172);
#3168 = LINE('',#3169,#3170);
#3169 = CARTESIAN_POINT('',(6.6,-1.599999999998E-17));
#3170 = VECTOR('',#3171,1.);
#3171 = DIRECTION('',(2.44E-15,-1.));
#3172 = ( GEOMETRIC_REPRESENTATION_CONTEXT(2) 
PARAMETRIC_REPRESENTATION_CONTEXT() REPRESENTATION_CONTEXT('2D SPACE',''
  ) );
#3173 = PCURVE('',#633,#3174);
#3174 = DEFINITIONAL_REPRESENTATION('',(#3175),#3179);
#3175 = LINE('',#3176,#3177);
#3176 = CARTESIAN_POINT('',(-6.28318530718,0.));
#3177 = VECTOR('',#3178,1.);
#3178 = DIRECTION('',(-0.,-1.));
#3179 = ( GEOMETRIC_REPRESENTATION_CONTEXT(2) 
PARAMETRIC_REPRESENTATION_CONTEXT() REPRESENTATION_CONTEXT('2D SPACE',''
  ) );
#3180 = ADVANCED_FACE('',(#3181),#572,.F.);
#3181 = FACE_BOUND('',#3182,.T.);
#3182 = EDGE_LOOP('',(#3183,#3184,#3212,#3233));
#3183 = ORIENTED_EDGE('',*,*,#2756,.T.);
#3184 = ORIENTED_EDGE('',*,*,#3185,.T.);
#3185 = EDGE_CURVE('',#2757,#3186,#3188,.T.);
#3186 = VERTEX_POINT('',#3187);
#3187 = CARTESIAN_POINT('',(-3.3,-14.6,105.8876));
#3188 = SURFACE_CURVE('',#3189,(#3194,#3201),.PCURVE_S1.);
#3189 = CIRCLE('',#3190,2.);
#3190 = AXIS2_PLACEMENT_3D('',#3191,#3192,#3193);
#3191 = CARTESIAN_POINT('',(-3.3,-12.6,105.8876));
#3192 = DIRECTION('',(6.7E-16,1.44E-15,1.));
#3193 = DIRECTION('',(1.,-7.8E-16,-6.7E-16));
#3194 = PCURVE('',#572,#3195);
#3195 = DEFINITIONAL_REPRESENTATION('',(#3196),#3200);
#3196 = LINE('',#3197,#3198);
#3197 = CARTESIAN_POINT('',(-0.,-105.8876));
#3198 = VECTOR('',#3199,1.);
#3199 = DIRECTION('',(-1.,0.));
#3200 = ( GEOMETRIC_REPRESENTATION_CONTEXT(2) 
PARAMETRIC_REPRESENTATION_CONTEXT() REPRESENTATION_CONTEXT('2D SPACE',''
  ) );
#3201 = PCURVE('',#2795,#3202);
#3202 = DEFINITIONAL_REPRESENTATION('',(#3203),#3211);
#3203 = ( BOUNDED_CURVE() B_SPLINE_CURVE(2,(#3204,#3205,#3206,#3207,
#3208,#3209,#3210),.UNSPECIFIED.,.T.,.F.) B_SPLINE_CURVE_WITH_KNOTS((1,2
    ,2,2,2,1),(-2.094395102393,0.,2.094395102393,4.188790204786,
6.28318530718,8.377580409573),.UNSPECIFIED.) CURVE() 
GEOMETRIC_REPRESENTATION_ITEM() RATIONAL_B_SPLINE_CURVE((1.,0.5,1.,0.5,
1.,0.5,1.)) REPRESENTATION_ITEM('') );
#3204 = CARTESIAN_POINT('',(1.3,-3.3));
#3205 = CARTESIAN_POINT('',(1.3,0.164101615138));
#3206 = CARTESIAN_POINT('',(4.3,-1.567949192431));
#3207 = CARTESIAN_POINT('',(7.3,-3.3));
#3208 = CARTESIAN_POINT('',(4.3,-5.032050807569));
#3209 = CARTESIAN_POINT('',(1.3,-6.764101615138));
#3210 = CARTESIAN_POINT('',(1.3,-3.3));
#3211 = ( GEOMETRIC_REPRESENTATION_CONTEXT(2) 
PARAMETRIC_REPRESENTATION_CONTEXT() REPRESENTATION_CONTEXT('2D SPACE',''
  ) );
#3212 = ORIENTED_EDGE('',*,*,#3213,.F.);
#3213 = EDGE_CURVE('',#552,#3186,#3214,.T.);
#3214 = SURFACE_CURVE('',#3215,(#3219,#3226),.PCURVE_S1.);
#3215 = LINE('',#3216,#3217);
#3216 = CARTESIAN_POINT('',(-3.3,-14.6,2.254E-14));
#3217 = VECTOR('',#3218,1.);
#3218 = DIRECTION('',(-2.E-15,-1.E-15,1.));
#3219 = PCURVE('',#572,#3220);
#3220 = DEFINITIONAL_REPRESENTATION('',(#3221),#3225);
#3221 = LINE('',#3222,#3223);
#3222 = CARTESIAN_POINT('',(-4.712388980385,0.));
#3223 = VECTOR('',#3224,1.);
#3224 = DIRECTION('',(-0.,-1.));
#3225 = ( GEOMETRIC_REPRESENTATION_CONTEXT(2) 
PARAMETRIC_REPRESENTATION_CONTEXT() REPRESENTATION_CONTEXT('2D SPACE',''
  ) );
#3226 = PCURVE('',#600,#3227);
#3227 = DEFINITIONAL_REPRESENTATION('',(#3228),#3232);
#3228 = LINE('',#3229,#3230);
#3229 = CARTESIAN_POINT('',(6.6,-2.600000000001E-17));
#3230 = VECTOR('',#3231,1.);
#3231 = DIRECTION('',(2.44E-15,-1.));
#3232 = ( GEOMETRIC_REPRESENTATION_CONTEXT(2) 
PARAMETRIC_REPRESENTATION_CONTEXT() REPRESENTATION_CONTEXT('2D SPACE',''
  ) );
#3233 = ORIENTED_EDGE('',*,*,#551,.F.);
#3234 = ADVANCED_FACE('',(#3235),#633,.F.);
#3235 = FACE_BOUND('',#3236,.T.);
#3236 = EDGE_LOOP('',(#3237,#3260,#3286,#3287));
#3237 = ORIENTED_EDGE('',*,*,#3238,.T.);
#3238 = EDGE_CURVE('',#585,#3239,#3241,.T.);
#3239 = VERTEX_POINT('',#3240);
#3240 = CARTESIAN_POINT('',(3.3,-14.6,105.8876));
#3241 = SURFACE_CURVE('',#3242,(#3246,#3253),.PCURVE_S1.);
#3242 = LINE('',#3243,#3244);
#3243 = CARTESIAN_POINT('',(3.3,-14.6,1.961E-14));
#3244 = VECTOR('',#3245,1.);
#3245 = DIRECTION('',(-2.E-15,-1.E-15,1.));
#3246 = PCURVE('',#633,#3247);
#3247 = DEFINITIONAL_REPRESENTATION('',(#3248),#3252);
#3248 = LINE('',#3249,#3250);
#3249 = CARTESIAN_POINT('',(-4.712388980385,0.));
#3250 = VECTOR('',#3251,1.);
#3251 = DIRECTION('',(-0.,-1.));
#3252 = ( GEOMETRIC_REPRESENTATION_CONTEXT(2) 
PARAMETRIC_REPRESENTATION_CONTEXT() REPRESENTATION_CONTEXT('2D SPACE',''
  ) );
#3253 = PCURVE('',#600,#3254);
#3254 = DEFINITIONAL_REPRESENTATION('',(#3255),#3259);
#3255 = LINE('',#3256,#3257);
#3256 = CARTESIAN_POINT('',(0.,-0.));
#3257 = VECTOR('',#3258,1.);
#3258 = DIRECTION('',(2.44E-15,-1.));
#3259 = ( GEOMETRIC_REPRESENTATION_CONTEXT(2) 
PARAMETRIC_REPRESENTATION_CONTEXT() REPRESENTATION_CONTEXT('2D SPACE',''
  ) );
#3260 = ORIENTED_EDGE('',*,*,#3261,.T.);
#3261 = EDGE_CURVE('',#3239,#3138,#3262,.T.);
#3262 = SURFACE_CURVE('',#3263,(#3268,#3275),.PCURVE_S1.);
#3263 = CIRCLE('',#3264,2.);
#3264 = AXIS2_PLACEMENT_3D('',#3265,#3266,#3267);
#3265 = CARTESIAN_POINT('',(3.3,-12.6,105.8876));
#3266 = DIRECTION('',(6.7E-16,1.44E-15,1.));
#3267 = DIRECTION('',(1.,-7.8E-16,-6.7E-16));
#3268 = PCURVE('',#633,#3269);
#3269 = DEFINITIONAL_REPRESENTATION('',(#3270),#3274);
#3270 = LINE('',#3271,#3272);
#3271 = CARTESIAN_POINT('',(-0.,-105.8876));
#3272 = VECTOR('',#3273,1.);
#3273 = DIRECTION('',(-1.,0.));
#3274 = ( GEOMETRIC_REPRESENTATION_CONTEXT(2) 
PARAMETRIC_REPRESENTATION_CONTEXT() REPRESENTATION_CONTEXT('2D SPACE',''
  ) );
#3275 = PCURVE('',#2795,#3276);
#3276 = DEFINITIONAL_REPRESENTATION('',(#3277),#3285);
#3277 = ( BOUNDED_CURVE() B_SPLINE_CURVE(2,(#3278,#3279,#3280,#3281,
#3282,#3283,#3284),.UNSPECIFIED.,.T.,.F.) B_SPLINE_CURVE_WITH_KNOTS((1,2
    ,2,2,2,1),(-2.094395102393,0.,2.094395102393,4.188790204786,
6.28318530718,8.377580409573),.UNSPECIFIED.) CURVE() 
GEOMETRIC_REPRESENTATION_ITEM() RATIONAL_B_SPLINE_CURVE((1.,0.5,1.,0.5,
1.,0.5,1.)) REPRESENTATION_ITEM('') );
#3278 = CARTESIAN_POINT('',(-5.3,-3.3));
#3279 = CARTESIAN_POINT('',(-5.3,0.164101615138));
#3280 = CARTESIAN_POINT('',(-2.3,-1.567949192431));
#3281 = CARTESIAN_POINT('',(0.7,-3.3));
#3282 = CARTESIAN_POINT('',(-2.3,-5.032050807569));
#3283 = CARTESIAN_POINT('',(-5.3,-6.764101615138));
#3284 = CARTESIAN_POINT('',(-5.3,-3.3));
#3285 = ( GEOMETRIC_REPRESENTATION_CONTEXT(2) 
PARAMETRIC_REPRESENTATION_CONTEXT() REPRESENTATION_CONTEXT('2D SPACE',''
  ) );
#3286 = ORIENTED_EDGE('',*,*,#3160,.F.);
#3287 = ORIENTED_EDGE('',*,*,#612,.F.);
#3288 = ADVANCED_FACE('',(#3289),#600,.F.);
#3289 = FACE_BOUND('',#3290,.F.);
#3290 = EDGE_LOOP('',(#3291,#3292,#3313,#3314));
#3291 = ORIENTED_EDGE('',*,*,#3238,.T.);
#3292 = ORIENTED_EDGE('',*,*,#3293,.T.);
#3293 = EDGE_CURVE('',#3239,#3186,#3294,.T.);
#3294 = SURFACE_CURVE('',#3295,(#3299,#3306),.PCURVE_S1.);
#3295 = LINE('',#3296,#3297);
#3296 = CARTESIAN_POINT('',(3.3,-14.6,105.8876));
#3297 = VECTOR('',#3298,1.);
#3298 = DIRECTION('',(-1.,7.8E-16,6.7E-16));
#3299 = PCURVE('',#600,#3300);
#3300 = DEFINITIONAL_REPRESENTATION('',(#3301),#3305);
#3301 = LINE('',#3302,#3303);
#3302 = CARTESIAN_POINT('',(1.132039254775E-13,-105.8876));
#3303 = VECTOR('',#3304,1.);
#3304 = DIRECTION('',(1.,-2.3E-16));
#3305 = ( GEOMETRIC_REPRESENTATION_CONTEXT(2) 
PARAMETRIC_REPRESENTATION_CONTEXT() REPRESENTATION_CONTEXT('2D SPACE',''
  ) );
#3306 = PCURVE('',#2795,#3307);
#3307 = DEFINITIONAL_REPRESENTATION('',(#3308),#3312);
#3308 = LINE('',#3309,#3310);
#3309 = CARTESIAN_POINT('',(-3.3,-5.3));
#3310 = VECTOR('',#3311,1.);
#3311 = DIRECTION('',(1.,3.254051234037E-30));
#3312 = ( GEOMETRIC_REPRESENTATION_CONTEXT(2) 
PARAMETRIC_REPRESENTATION_CONTEXT() REPRESENTATION_CONTEXT('2D SPACE',''
  ) );
#3313 = ORIENTED_EDGE('',*,*,#3213,.F.);
#3314 = ORIENTED_EDGE('',*,*,#584,.F.);
#3315 = ADVANCED_FACE('',(#3316),#724,.T.);
#3316 = FACE_BOUND('',#3317,.F.);
#3317 = EDGE_LOOP('',(#3318,#3342,#3363,#3364));
#3318 = ORIENTED_EDGE('',*,*,#3319,.T.);
#3319 = EDGE_CURVE('',#885,#3320,#3322,.T.);
#3320 = VERTEX_POINT('',#3321);
#3321 = CARTESIAN_POINT('',(-16.65095305874,-18.6,38.332306861165));
#3322 = SURFACE_CURVE('',#3323,(#3328,#3335),.PCURVE_S1.);
#3323 = CIRCLE('',#3324,1.);
#3324 = AXIS2_PLACEMENT_3D('',#3325,#3326,#3327);
#3325 = CARTESIAN_POINT('',(-16.65095305874,-17.6,38.332306861165));
#3326 = DIRECTION('',(-5.07964637509E-02,2.97E-15,0.998709026329));
#3327 = DIRECTION('',(-0.998709026329,-1.4E-16,-5.07964637509E-02));
#3328 = PCURVE('',#724,#3329);
#3329 = DEFINITIONAL_REPRESENTATION('',(#3330),#3334);
#3330 = LINE('',#3331,#3332);
#3331 = CARTESIAN_POINT('',(-0.,0.));
#3332 = VECTOR('',#3333,1.);
#3333 = DIRECTION('',(-1.,0.));
#3334 = ( GEOMETRIC_REPRESENTATION_CONTEXT(2) 
PARAMETRIC_REPRESENTATION_CONTEXT() REPRESENTATION_CONTEXT('2D SPACE',''
  ) );
#3335 = PCURVE('',#900,#3336);
#3336 = DEFINITIONAL_REPRESENTATION('',(#3337),#3341);
#3337 = LINE('',#3338,#3339);
#3338 = CARTESIAN_POINT('',(-0.,3.316499670822));
#3339 = VECTOR('',#3340,1.);
#3340 = DIRECTION('',(-1.,0.));
#3341 = ( GEOMETRIC_REPRESENTATION_CONTEXT(2) 
PARAMETRIC_REPRESENTATION_CONTEXT() REPRESENTATION_CONTEXT('2D SPACE',''
  ) );
#3342 = ORIENTED_EDGE('',*,*,#3343,.T.);
#3343 = EDGE_CURVE('',#3320,#708,#3344,.T.);
#3344 = SURFACE_CURVE('',#3345,(#3349,#3356),.PCURVE_S1.);
#3345 = LINE('',#3346,#3347);
#3346 = CARTESIAN_POINT('',(-16.65095305874,-18.6,38.332306861165));
#3347 = VECTOR('',#3348,1.);
#3348 = DIRECTION('',(5.07964637509E-02,-1.67E-15,-0.998709026329));
#3349 = PCURVE('',#724,#3350);
#3350 = DEFINITIONAL_REPRESENTATION('',(#3351),#3355);
#3351 = LINE('',#3352,#3353);
#3352 = CARTESIAN_POINT('',(-1.570796326795,0.));
#3353 = VECTOR('',#3354,1.);
#3354 = DIRECTION('',(-0.,1.));
#3355 = ( GEOMETRIC_REPRESENTATION_CONTEXT(2) 
PARAMETRIC_REPRESENTATION_CONTEXT() REPRESENTATION_CONTEXT('2D SPACE',''
  ) );
#3356 = PCURVE('',#776,#3357);
#3357 = DEFINITIONAL_REPRESENTATION('',(#3358),#3362);
#3358 = LINE('',#3359,#3360);
#3359 = CARTESIAN_POINT('',(23.787742414154,-16.65095289681));
#3360 = VECTOR('',#3361,1.);
#3361 = DIRECTION('',(0.998709026329,5.07964637509E-02));
#3362 = ( GEOMETRIC_REPRESENTATION_CONTEXT(2) 
PARAMETRIC_REPRESENTATION_CONTEXT() REPRESENTATION_CONTEXT('2D SPACE',''
  ) );
#3363 = ORIENTED_EDGE('',*,*,#707,.F.);
#3364 = ORIENTED_EDGE('',*,*,#912,.F.);
#3365 = ADVANCED_FACE('',(#3366),#776,.T.);
#3366 = FACE_BOUND('',#3367,.T.);
#3367 = EDGE_LOOP('',(#3368,#3393,#3414,#3415,#3416,#3417,#3441,#3469,
    #3497,#3525,#3548,#3577,#3605,#3628,#3651,#3674,#3697,#3725,#3753,
    #3776,#3804,#3833,#3861,#3884,#3912,#3940,#3973,#4001,#4044,#4073,
    #4106,#4134,#4167,#4196,#4239,#4267,#4300,#4328,#4356,#4384,#4407,
    #4440,#4468,#4491,#4519,#4547,#4570,#4593,#4616,#4639,#4667,#4700));
#3368 = ORIENTED_EDGE('',*,*,#3369,.T.);
#3369 = EDGE_CURVE('',#3370,#3372,#3374,.T.);
#3370 = VERTEX_POINT('',#3371);
#3371 = CARTESIAN_POINT('',(-17.81812854038,-18.6,41.59372855448));
#3372 = VERTEX_POINT('',#3373);
#3373 = CARTESIAN_POINT('',(-16.75222608036,-18.6,40.323435245906));
#3374 = SURFACE_CURVE('',#3375,(#3379,#3386),.PCURVE_S1.);
#3375 = LINE('',#3376,#3377);
#3376 = CARTESIAN_POINT('',(-16.11757319883,-18.6,39.567085616787));
#3377 = VECTOR('',#3378,1.);
#3378 = DIRECTION('',(0.642787609686,-1.5E-15,-0.766044443119));
#3379 = PCURVE('',#776,#3380);
#3380 = DEFINITIONAL_REPRESENTATION('',(#3381),#3385);
#3381 = LINE('',#3382,#3383);
#3382 = CARTESIAN_POINT('',(22.552963658532,-16.11757303691));
#3383 = VECTOR('',#3384,1.);
#3384 = DIRECTION('',(0.766044443119,0.642787609686));
#3385 = ( GEOMETRIC_REPRESENTATION_CONTEXT(2) 
PARAMETRIC_REPRESENTATION_CONTEXT() REPRESENTATION_CONTEXT('2D SPACE',''
  ) );
#3386 = PCURVE('',#869,#3387);
#3387 = DEFINITIONAL_REPRESENTATION('',(#3388),#3392);
#3388 = LINE('',#3389,#3390);
#3389 = CARTESIAN_POINT('',(2.66E-15,2.62E-15));
#3390 = VECTOR('',#3391,1.);
#3391 = DIRECTION('',(-0.,-1.));
#3392 = ( GEOMETRIC_REPRESENTATION_CONTEXT(2) 
PARAMETRIC_REPRESENTATION_CONTEXT() REPRESENTATION_CONTEXT('2D SPACE',''
  ) );
#3393 = ORIENTED_EDGE('',*,*,#3394,.T.);
#3394 = EDGE_CURVE('',#3372,#3320,#3395,.T.);
#3395 = SURFACE_CURVE('',#3396,(#3400,#3407),.PCURVE_S1.);
#3396 = LINE('',#3397,#3398);
#3397 = CARTESIAN_POINT('',(-16.81941951405,-18.6,41.644525018231));
#3398 = VECTOR('',#3399,1.);
#3399 = DIRECTION('',(5.07964637509E-02,-2.97E-15,-0.998709026329));
#3400 = PCURVE('',#776,#3401);
#3401 = DEFINITIONAL_REPRESENTATION('',(#3402),#3406);
#3402 = LINE('',#3403,#3404);
#3403 = CARTESIAN_POINT('',(20.475524257088,-16.81941935212));
#3404 = VECTOR('',#3405,1.);
#3405 = DIRECTION('',(0.998709026329,5.079646375089E-02));
#3406 = ( GEOMETRIC_REPRESENTATION_CONTEXT(2) 
PARAMETRIC_REPRESENTATION_CONTEXT() REPRESENTATION_CONTEXT('2D SPACE',''
  ) );
#3407 = PCURVE('',#900,#3408);
#3408 = DEFINITIONAL_REPRESENTATION('',(#3409),#3413);
#3409 = LINE('',#3410,#3411);
#3410 = CARTESIAN_POINT('',(-1.570796326795,0.));
#3411 = VECTOR('',#3412,1.);
#3412 = DIRECTION('',(-0.,1.));
#3413 = ( GEOMETRIC_REPRESENTATION_CONTEXT(2) 
PARAMETRIC_REPRESENTATION_CONTEXT() REPRESENTATION_CONTEXT('2D SPACE',''
  ) );
#3414 = ORIENTED_EDGE('',*,*,#3343,.T.);
#3415 = ORIENTED_EDGE('',*,*,#761,.T.);
#3416 = ORIENTED_EDGE('',*,*,#2448,.T.);
#3417 = ORIENTED_EDGE('',*,*,#3418,.T.);
#3418 = EDGE_CURVE('',#2449,#3419,#3421,.T.);
#3419 = VERTEX_POINT('',#3420);
#3420 = CARTESIAN_POINT('',(14.993545131644,-18.6,5.746017681246));
#3421 = SURFACE_CURVE('',#3422,(#3427,#3434),.PCURVE_S1.);
#3422 = CIRCLE('',#3423,5.);
#3423 = AXIS2_PLACEMENT_3D('',#3424,#3425,#3426);
#3424 = CARTESIAN_POINT('',(10.,-18.6,6.));
#3425 = DIRECTION('',(-1.68E-15,-1.,1.42E-15));
#3426 = DIRECTION('',(-4.076E-14,-1.42E-15,-1.));
#3427 = PCURVE('',#776,#3428);
#3428 = DEFINITIONAL_REPRESENTATION('',(#3429),#3433);
#3429 = CIRCLE('',#3430,5.);
#3430 = AXIS2_PLACEMENT_2D('',#3431,#3432);
#3431 = CARTESIAN_POINT('',(56.120049275318,10.000000161925));
#3432 = DIRECTION('',(1.,-4.32E-14));
#3433 = ( GEOMETRIC_REPRESENTATION_CONTEXT(2) 
PARAMETRIC_REPRESENTATION_CONTEXT() REPRESENTATION_CONTEXT('2D SPACE',''
  ) );
#3434 = PCURVE('',#2307,#3435);
#3435 = DEFINITIONAL_REPRESENTATION('',(#3436),#3440);
#3436 = LINE('',#3437,#3438);
#3437 = CARTESIAN_POINT('',(0.,1.570796326795));
#3438 = VECTOR('',#3439,1.);
#3439 = DIRECTION('',(1.,0.));
#3440 = ( GEOMETRIC_REPRESENTATION_CONTEXT(2) 
PARAMETRIC_REPRESENTATION_CONTEXT() REPRESENTATION_CONTEXT('2D SPACE',''
  ) );
#3441 = ORIENTED_EDGE('',*,*,#3442,.T.);
#3442 = EDGE_CURVE('',#3419,#3443,#3445,.T.);
#3443 = VERTEX_POINT('',#3444);
#3444 = CARTESIAN_POINT('',(16.650953058744,-18.6,38.332306861164));
#3445 = SURFACE_CURVE('',#3446,(#3450,#3457),.PCURVE_S1.);
#3446 = LINE('',#3447,#3448);
#3447 = CARTESIAN_POINT('',(14.993545131644,-18.6,5.746017681246));
#3448 = VECTOR('',#3449,1.);
#3449 = DIRECTION('',(5.079646375089E-02,1.44E-15,0.998709026329));
#3450 = PCURVE('',#776,#3451);
#3451 = DEFINITIONAL_REPRESENTATION('',(#3452),#3456);
#3452 = LINE('',#3453,#3454);
#3453 = CARTESIAN_POINT('',(56.374031594073,14.993545293568));
#3454 = VECTOR('',#3455,1.);
#3455 = DIRECTION('',(-0.998709026329,5.079646375089E-02));
#3456 = ( GEOMETRIC_REPRESENTATION_CONTEXT(2) 
PARAMETRIC_REPRESENTATION_CONTEXT() REPRESENTATION_CONTEXT('2D SPACE',''
  ) );
#3457 = PCURVE('',#3458,#3463);
#3458 = CYLINDRICAL_SURFACE('',#3459,1.);
#3459 = AXIS2_PLACEMENT_3D('',#3460,#3461,#3462);
#3460 = CARTESIAN_POINT('',(14.993545131644,-17.6,5.746017681246));
#3461 = DIRECTION('',(5.079646375089E-02,1.44E-15,0.998709026329));
#3462 = DIRECTION('',(0.998709026329,-1.4E-16,-5.079646375089E-02));
#3463 = DEFINITIONAL_REPRESENTATION('',(#3464),#3468);
#3464 = LINE('',#3465,#3466);
#3465 = CARTESIAN_POINT('',(-1.570796326795,0.));
#3466 = VECTOR('',#3467,1.);
#3467 = DIRECTION('',(-0.,1.));
#3468 = ( GEOMETRIC_REPRESENTATION_CONTEXT(2) 
PARAMETRIC_REPRESENTATION_CONTEXT() REPRESENTATION_CONTEXT('2D SPACE',''
  ) );
#3469 = ORIENTED_EDGE('',*,*,#3470,.T.);
#3470 = EDGE_CURVE('',#3443,#3471,#3473,.T.);
#3471 = VERTEX_POINT('',#3472);
#3472 = CARTESIAN_POINT('',(16.752226092414,-18.6,40.323435482761));
#3473 = SURFACE_CURVE('',#3474,(#3478,#3485),.PCURVE_S1.);
#3474 = LINE('',#3475,#3476);
#3475 = CARTESIAN_POINT('',(16.650953058744,-18.6,38.332306861164));
#3476 = VECTOR('',#3477,1.);
#3477 = DIRECTION('',(5.079646375089E-02,2.96E-15,0.998709026329));
#3478 = PCURVE('',#776,#3479);
#3479 = DEFINITIONAL_REPRESENTATION('',(#3480),#3484);
#3480 = LINE('',#3481,#3482);
#3481 = CARTESIAN_POINT('',(23.787742414154,16.650953220668));
#3482 = VECTOR('',#3483,1.);
#3483 = DIRECTION('',(-0.998709026329,5.07964637509E-02));
#3484 = ( GEOMETRIC_REPRESENTATION_CONTEXT(2) 
PARAMETRIC_REPRESENTATION_CONTEXT() REPRESENTATION_CONTEXT('2D SPACE',''
  ) );
#3485 = PCURVE('',#3486,#3491);
#3486 = CYLINDRICAL_SURFACE('',#3487,1.);
#3487 = AXIS2_PLACEMENT_3D('',#3488,#3489,#3490);
#3488 = CARTESIAN_POINT('',(16.650953058744,-17.6,38.332306861164));
#3489 = DIRECTION('',(5.079646375089E-02,2.96E-15,0.998709026329));
#3490 = DIRECTION('',(0.998709026329,-1.4E-16,-5.079646375089E-02));
#3491 = DEFINITIONAL_REPRESENTATION('',(#3492),#3496);
#3492 = LINE('',#3493,#3494);
#3493 = CARTESIAN_POINT('',(-1.570796326795,0.));
#3494 = VECTOR('',#3495,1.);
#3495 = DIRECTION('',(-0.,1.));
#3496 = ( GEOMETRIC_REPRESENTATION_CONTEXT(2) 
PARAMETRIC_REPRESENTATION_CONTEXT() REPRESENTATION_CONTEXT('2D SPACE',''
  ) );
#3497 = ORIENTED_EDGE('',*,*,#3498,.F.);
#3498 = EDGE_CURVE('',#3499,#3471,#3501,.T.);
#3499 = VERTEX_POINT('',#3500);
#3500 = CARTESIAN_POINT('',(17.818128540382,-18.6,41.593728554481));
#3501 = SURFACE_CURVE('',#3502,(#3506,#3513),.PCURVE_S1.);
#3502 = LINE('',#3503,#3504);
#3503 = CARTESIAN_POINT('',(16.117573198834,-18.6,39.567085616787));
#3504 = VECTOR('',#3505,1.);
#3505 = DIRECTION('',(-0.642787609686,6.3E-16,-0.766044443119));
#3506 = PCURVE('',#776,#3507);
#3507 = DEFINITIONAL_REPRESENTATION('',(#3508),#3512);
#3508 = LINE('',#3509,#3510);
#3509 = CARTESIAN_POINT('',(22.552963658532,16.117573360759));
#3510 = VECTOR('',#3511,1.);
#3511 = DIRECTION('',(0.766044443119,-0.642787609686));
#3512 = ( GEOMETRIC_REPRESENTATION_CONTEXT(2) 
PARAMETRIC_REPRESENTATION_CONTEXT() REPRESENTATION_CONTEXT('2D SPACE',''
  ) );
#3513 = PCURVE('',#3514,#3519);
#3514 = CYLINDRICAL_SURFACE('',#3515,2.);
#3515 = AXIS2_PLACEMENT_3D('',#3516,#3517,#3518);
#3516 = CARTESIAN_POINT('',(16.117573198834,-16.6,39.567085616787));
#3517 = DIRECTION('',(0.642787609686,-6.3E-16,0.766044443119));
#3518 = DIRECTION('',(-2.089354144915E-15,-1.,9.307697001175E-16));
#3519 = DEFINITIONAL_REPRESENTATION('',(#3520),#3524);
#3520 = LINE('',#3521,#3522);
#3521 = CARTESIAN_POINT('',(0.,6.88E-15));
#3522 = VECTOR('',#3523,1.);
#3523 = DIRECTION('',(0.,-1.));
#3524 = ( GEOMETRIC_REPRESENTATION_CONTEXT(2) 
PARAMETRIC_REPRESENTATION_CONTEXT() REPRESENTATION_CONTEXT('2D SPACE',''
  ) );
#3525 = ORIENTED_EDGE('',*,*,#3526,.T.);
#3526 = EDGE_CURVE('',#3499,#3527,#3529,.T.);
#3527 = VERTEX_POINT('',#3528);
#3528 = CARTESIAN_POINT('',(25.760633329355,-18.6,51.059237170939));
#3529 = SURFACE_CURVE('',#3530,(#3534,#3541),.PCURVE_S1.);
#3530 = LINE('',#3531,#3532);
#3531 = CARTESIAN_POINT('',(16.117573198834,-18.6,39.567085616787));
#3532 = VECTOR('',#3533,1.);
#3533 = DIRECTION('',(0.642787609686,-6.3E-16,0.766044443119));
#3534 = PCURVE('',#776,#3535);
#3535 = DEFINITIONAL_REPRESENTATION('',(#3536),#3540);
#3536 = LINE('',#3537,#3538);
#3537 = CARTESIAN_POINT('',(22.552963658532,16.117573360759));
#3538 = VECTOR('',#3539,1.);
#3539 = DIRECTION('',(-0.766044443119,0.642787609686));
#3540 = ( GEOMETRIC_REPRESENTATION_CONTEXT(2) 
PARAMETRIC_REPRESENTATION_CONTEXT() REPRESENTATION_CONTEXT('2D SPACE',''
  ) );
#3541 = PCURVE('',#3514,#3542);
#3542 = DEFINITIONAL_REPRESENTATION('',(#3543),#3547);
#3543 = LINE('',#3544,#3545);
#3544 = CARTESIAN_POINT('',(0.,0.));
#3545 = VECTOR('',#3546,1.);
#3546 = DIRECTION('',(0.,1.));
#3547 = ( GEOMETRIC_REPRESENTATION_CONTEXT(2) 
PARAMETRIC_REPRESENTATION_CONTEXT() REPRESENTATION_CONTEXT('2D SPACE',''
  ) );
#3548 = ORIENTED_EDGE('',*,*,#3549,.T.);
#3549 = EDGE_CURVE('',#3527,#3550,#3552,.T.);
#3550 = VERTEX_POINT('',#3551);
#3551 = CARTESIAN_POINT('',(26.4625,-18.6,52.9876));
#3552 = SURFACE_CURVE('',#3553,(#3558,#3565),.PCURVE_S1.);
#3553 = CIRCLE('',#3554,3.);
#3554 = AXIS2_PLACEMENT_3D('',#3555,#3556,#3557);
#3555 = CARTESIAN_POINT('',(23.4625,-18.6,52.9876));
#3556 = DIRECTION('',(-1.68E-15,-1.,1.42E-15));
#3557 = DIRECTION('',(0.766044443119,-2.199713070195E-15,-0.642787609687
    ));
#3558 = PCURVE('',#776,#3559);
#3559 = DEFINITIONAL_REPRESENTATION('',(#3560),#3564);
#3560 = CIRCLE('',#3561,3.);
#3561 = AXIS2_PLACEMENT_2D('',#3562,#3563);
#3562 = CARTESIAN_POINT('',(9.132449275319,23.462500161924));
#3563 = DIRECTION('',(0.642787609687,0.766044443119));
#3564 = ( GEOMETRIC_REPRESENTATION_CONTEXT(2) 
PARAMETRIC_REPRESENTATION_CONTEXT() REPRESENTATION_CONTEXT('2D SPACE',''
  ) );
#3565 = PCURVE('',#3566,#3571);
#3566 = TOROIDAL_SURFACE('',#3567,3.,2.);
#3567 = AXIS2_PLACEMENT_3D('',#3568,#3569,#3570);
#3568 = CARTESIAN_POINT('',(23.4625,-16.6,52.9876));
#3569 = DIRECTION('',(1.68E-15,1.,-1.42E-15));
#3570 = DIRECTION('',(0.766044443119,-2.199713070195E-15,-0.642787609687
    ));
#3571 = DEFINITIONAL_REPRESENTATION('',(#3572),#3576);
#3572 = LINE('',#3573,#3574);
#3573 = CARTESIAN_POINT('',(-0.,4.712388980385));
#3574 = VECTOR('',#3575,1.);
#3575 = DIRECTION('',(-1.,0.));
#3576 = ( GEOMETRIC_REPRESENTATION_CONTEXT(2) 
PARAMETRIC_REPRESENTATION_CONTEXT() REPRESENTATION_CONTEXT('2D SPACE',''
  ) );
#3577 = ORIENTED_EDGE('',*,*,#3578,.T.);
#3578 = EDGE_CURVE('',#3550,#3579,#3581,.T.);
#3579 = VERTEX_POINT('',#3580);
#3580 = CARTESIAN_POINT('',(26.4625,-18.6,56.1376));
#3581 = SURFACE_CURVE('',#3582,(#3586,#3593),.PCURVE_S1.);
#3582 = LINE('',#3583,#3584);
#3583 = CARTESIAN_POINT('',(26.4625,-18.6,52.9876));
#3584 = VECTOR('',#3585,1.);
#3585 = DIRECTION('',(-2.66E-15,6.7E-16,1.));
#3586 = PCURVE('',#776,#3587);
#3587 = DEFINITIONAL_REPRESENTATION('',(#3588),#3592);
#3588 = LINE('',#3589,#3590);
#3589 = CARTESIAN_POINT('',(9.132449275318,26.462500161924));
#3590 = VECTOR('',#3591,1.);
#3591 = DIRECTION('',(-1.,-2.2E-16));
#3592 = ( GEOMETRIC_REPRESENTATION_CONTEXT(2) 
PARAMETRIC_REPRESENTATION_CONTEXT() REPRESENTATION_CONTEXT('2D SPACE',''
  ) );
#3593 = PCURVE('',#3594,#3599);
#3594 = CYLINDRICAL_SURFACE('',#3595,2.);
#3595 = AXIS2_PLACEMENT_3D('',#3596,#3597,#3598);
#3596 = CARTESIAN_POINT('',(26.4625,-16.6,52.9876));
#3597 = DIRECTION('',(-2.66E-15,6.7E-16,1.));
#3598 = DIRECTION('',(-1.68E-15,-1.,6.7E-16));
#3599 = DEFINITIONAL_REPRESENTATION('',(#3600),#3604);
#3600 = LINE('',#3601,#3602);
#3601 = CARTESIAN_POINT('',(0.,0.));
#3602 = VECTOR('',#3603,1.);
#3603 = DIRECTION('',(0.,1.));
#3604 = ( GEOMETRIC_REPRESENTATION_CONTEXT(2) 
PARAMETRIC_REPRESENTATION_CONTEXT() REPRESENTATION_CONTEXT('2D SPACE',''
  ) );
#3605 = ORIENTED_EDGE('',*,*,#3606,.F.);
#3606 = EDGE_CURVE('',#3607,#3579,#3609,.T.);
#3607 = VERTEX_POINT('',#3608);
#3608 = CARTESIAN_POINT('',(23.4625,-18.6,56.1376));
#3609 = SURFACE_CURVE('',#3610,(#3614,#3621),.PCURVE_S1.);
#3610 = LINE('',#3611,#3612);
#3611 = CARTESIAN_POINT('',(23.4625,-18.6,56.1376));
#3612 = VECTOR('',#3613,1.);
#3613 = DIRECTION('',(1.,-1.22E-15,-8.9E-16));
#3614 = PCURVE('',#776,#3615);
#3615 = DEFINITIONAL_REPRESENTATION('',(#3616),#3620);
#3616 = LINE('',#3617,#3618);
#3617 = CARTESIAN_POINT('',(5.982449275318,23.462500161924));
#3618 = VECTOR('',#3619,1.);
#3619 = DIRECTION('',(3.33E-15,1.));
#3620 = ( GEOMETRIC_REPRESENTATION_CONTEXT(2) 
PARAMETRIC_REPRESENTATION_CONTEXT() REPRESENTATION_CONTEXT('2D SPACE',''
  ) );
#3621 = PCURVE('',#1930,#3622);
#3622 = DEFINITIONAL_REPRESENTATION('',(#3623),#3627);
#3623 = LINE('',#3624,#3625);
#3624 = CARTESIAN_POINT('',(1.656107197944E-13,-30.6076));
#3625 = VECTOR('',#3626,1.);
#3626 = DIRECTION('',(1.,-2.2E-16));
#3627 = ( GEOMETRIC_REPRESENTATION_CONTEXT(2) 
PARAMETRIC_REPRESENTATION_CONTEXT() REPRESENTATION_CONTEXT('2D SPACE',''
  ) );
#3628 = ORIENTED_EDGE('',*,*,#3629,.F.);
#3629 = EDGE_CURVE('',#3630,#3607,#3632,.T.);
#3630 = VERTEX_POINT('',#3631);
#3631 = CARTESIAN_POINT('',(23.4625,-18.6,52.9876));
#3632 = SURFACE_CURVE('',#3633,(#3637,#3644),.PCURVE_S1.);
#3633 = LINE('',#3634,#3635);
#3634 = CARTESIAN_POINT('',(23.4625,-18.6,52.9876));
#3635 = VECTOR('',#3636,1.);
#3636 = DIRECTION('',(-2.66E-15,-1.89E-15,1.));
#3637 = PCURVE('',#776,#3638);
#3638 = DEFINITIONAL_REPRESENTATION('',(#3639),#3643);
#3639 = LINE('',#3640,#3641);
#3640 = CARTESIAN_POINT('',(9.132449275318,23.462500161924));
#3641 = VECTOR('',#3642,1.);
#3642 = DIRECTION('',(-1.,-2.2E-16));
#3643 = ( GEOMETRIC_REPRESENTATION_CONTEXT(2) 
PARAMETRIC_REPRESENTATION_CONTEXT() REPRESENTATION_CONTEXT('2D SPACE',''
  ) );
#3644 = PCURVE('',#1902,#3645);
#3645 = DEFINITIONAL_REPRESENTATION('',(#3646),#3650);
#3646 = LINE('',#3647,#3648);
#3647 = CARTESIAN_POINT('',(7.24309740728E-14,-30.6076));
#3648 = VECTOR('',#3649,1.);
#3649 = DIRECTION('',(1.,-2.2E-16));
#3650 = ( GEOMETRIC_REPRESENTATION_CONTEXT(2) 
PARAMETRIC_REPRESENTATION_CONTEXT() REPRESENTATION_CONTEXT('2D SPACE',''
  ) );
#3651 = ORIENTED_EDGE('',*,*,#3652,.T.);
#3652 = EDGE_CURVE('',#3630,#3653,#3655,.T.);
#3653 = VERTEX_POINT('',#3654);
#3654 = CARTESIAN_POINT('',(18.5,-18.6,52.9876));
#3655 = SURFACE_CURVE('',#3656,(#3660,#3667),.PCURVE_S1.);
#3656 = LINE('',#3657,#3658);
#3657 = CARTESIAN_POINT('',(23.4625,-18.6,52.9876));
#3658 = VECTOR('',#3659,1.);
#3659 = DIRECTION('',(-1.,1.22E-15,8.9E-16));
#3660 = PCURVE('',#776,#3661);
#3661 = DEFINITIONAL_REPRESENTATION('',(#3662),#3666);
#3662 = LINE('',#3663,#3664);
#3663 = CARTESIAN_POINT('',(9.132449275318,23.462500161924));
#3664 = VECTOR('',#3665,1.);
#3665 = DIRECTION('',(-3.33E-15,-1.));
#3666 = ( GEOMETRIC_REPRESENTATION_CONTEXT(2) 
PARAMETRIC_REPRESENTATION_CONTEXT() REPRESENTATION_CONTEXT('2D SPACE',''
  ) );
#3667 = PCURVE('',#1874,#3668);
#3668 = DEFINITIONAL_REPRESENTATION('',(#3669),#3673);
#3669 = LINE('',#3670,#3671);
#3670 = CARTESIAN_POINT('',(-1.620580061156E-13,-30.6076));
#3671 = VECTOR('',#3672,1.);
#3672 = DIRECTION('',(1.,2.2E-16));
#3673 = ( GEOMETRIC_REPRESENTATION_CONTEXT(2) 
PARAMETRIC_REPRESENTATION_CONTEXT() REPRESENTATION_CONTEXT('2D SPACE',''
  ) );
#3674 = ORIENTED_EDGE('',*,*,#3675,.T.);
#3675 = EDGE_CURVE('',#3653,#3676,#3678,.T.);
#3676 = VERTEX_POINT('',#3677);
#3677 = CARTESIAN_POINT('',(18.5,-18.6,65.8876));
#3678 = SURFACE_CURVE('',#3679,(#3683,#3690),.PCURVE_S1.);
#3679 = LINE('',#3680,#3681);
#3680 = CARTESIAN_POINT('',(18.5,-18.6,52.9876));
#3681 = VECTOR('',#3682,1.);
#3682 = DIRECTION('',(-2.66E-15,-1.67E-15,1.));
#3683 = PCURVE('',#776,#3684);
#3684 = DEFINITIONAL_REPRESENTATION('',(#3685),#3689);
#3685 = LINE('',#3686,#3687);
#3686 = CARTESIAN_POINT('',(9.132449275318,18.500000161924));
#3687 = VECTOR('',#3688,1.);
#3688 = DIRECTION('',(-1.,-2.2E-16));
#3689 = ( GEOMETRIC_REPRESENTATION_CONTEXT(2) 
PARAMETRIC_REPRESENTATION_CONTEXT() REPRESENTATION_CONTEXT('2D SPACE',''
  ) );
#3690 = PCURVE('',#1846,#3691);
#3691 = DEFINITIONAL_REPRESENTATION('',(#3692),#3696);
#3692 = LINE('',#3693,#3694);
#3693 = CARTESIAN_POINT('',(1.008526835032E-13,-30.6076));
#3694 = VECTOR('',#3695,1.);
#3695 = DIRECTION('',(1.,-2.366582715663E-30));
#3696 = ( GEOMETRIC_REPRESENTATION_CONTEXT(2) 
PARAMETRIC_REPRESENTATION_CONTEXT() REPRESENTATION_CONTEXT('2D SPACE',''
  ) );
#3697 = ORIENTED_EDGE('',*,*,#3698,.T.);
#3698 = EDGE_CURVE('',#3676,#3699,#3701,.T.);
#3699 = VERTEX_POINT('',#3700);
#3700 = CARTESIAN_POINT('',(23.4625,-18.6,65.8876));
#3701 = SURFACE_CURVE('',#3702,(#3706,#3713),.PCURVE_S1.);
#3702 = LINE('',#3703,#3704);
#3703 = CARTESIAN_POINT('',(18.5,-18.6,65.8876));
#3704 = VECTOR('',#3705,1.);
#3705 = DIRECTION('',(1.,-1.22E-15,-8.9E-16));
#3706 = PCURVE('',#776,#3707);
#3707 = DEFINITIONAL_REPRESENTATION('',(#3708),#3712);
#3708 = LINE('',#3709,#3710);
#3709 = CARTESIAN_POINT('',(-3.767550724682,18.500000161924));
#3710 = VECTOR('',#3711,1.);
#3711 = DIRECTION('',(3.33E-15,1.));
#3712 = ( GEOMETRIC_REPRESENTATION_CONTEXT(2) 
PARAMETRIC_REPRESENTATION_CONTEXT() REPRESENTATION_CONTEXT('2D SPACE',''
  ) );
#3713 = PCURVE('',#3714,#3719);
#3714 = PLANE('',#3715);
#3715 = AXIS2_PLACEMENT_3D('',#3716,#3717,#3718);
#3716 = CARTESIAN_POINT('',(18.5,12.0076,65.8876));
#3717 = DIRECTION('',(-2.44E-15,-1.44E-15,1.));
#3718 = DIRECTION('',(1.,-1.E-15,2.44E-15));
#3719 = DEFINITIONAL_REPRESENTATION('',(#3720),#3724);
#3720 = LINE('',#3721,#3722);
#3721 = CARTESIAN_POINT('',(1.656107197944E-13,-30.6076));
#3722 = VECTOR('',#3723,1.);
#3723 = DIRECTION('',(1.,-2.2E-16));
#3724 = ( GEOMETRIC_REPRESENTATION_CONTEXT(2) 
PARAMETRIC_REPRESENTATION_CONTEXT() REPRESENTATION_CONTEXT('2D SPACE',''
  ) );
#3725 = ORIENTED_EDGE('',*,*,#3726,.T.);
#3726 = EDGE_CURVE('',#3699,#3727,#3729,.T.);
#3727 = VERTEX_POINT('',#3728);
#3728 = CARTESIAN_POINT('',(23.4625,-18.6,62.7376));
#3729 = SURFACE_CURVE('',#3730,(#3734,#3741),.PCURVE_S1.);
#3730 = LINE('',#3731,#3732);
#3731 = CARTESIAN_POINT('',(23.4625,-18.6,65.8876));
#3732 = VECTOR('',#3733,1.);
#3733 = DIRECTION('',(2.66E-15,1.89E-15,-1.));
#3734 = PCURVE('',#776,#3735);
#3735 = DEFINITIONAL_REPRESENTATION('',(#3736),#3740);
#3736 = LINE('',#3737,#3738);
#3737 = CARTESIAN_POINT('',(-3.767550724682,23.462500161924));
#3738 = VECTOR('',#3739,1.);
#3739 = DIRECTION('',(1.,2.2E-16));
#3740 = ( GEOMETRIC_REPRESENTATION_CONTEXT(2) 
PARAMETRIC_REPRESENTATION_CONTEXT() REPRESENTATION_CONTEXT('2D SPACE',''
  ) );
#3741 = PCURVE('',#3742,#3747);
#3742 = PLANE('',#3743);
#3743 = AXIS2_PLACEMENT_3D('',#3744,#3745,#3746);
#3744 = CARTESIAN_POINT('',(23.4625,12.0076,65.8876));
#3745 = DIRECTION('',(1.,-7.8E-16,-4.4E-16));
#3746 = DIRECTION('',(-4.4E-16,1.67E-15,-1.));
#3747 = DEFINITIONAL_REPRESENTATION('',(#3748),#3752);
#3748 = LINE('',#3749,#3750);
#3749 = CARTESIAN_POINT('',(-7.95364014304E-14,-30.6076));
#3750 = VECTOR('',#3751,1.);
#3751 = DIRECTION('',(1.,2.2E-16));
#3752 = ( GEOMETRIC_REPRESENTATION_CONTEXT(2) 
PARAMETRIC_REPRESENTATION_CONTEXT() REPRESENTATION_CONTEXT('2D SPACE',''
  ) );
#3753 = ORIENTED_EDGE('',*,*,#3754,.T.);
#3754 = EDGE_CURVE('',#3727,#3755,#3757,.T.);
#3755 = VERTEX_POINT('',#3756);
#3756 = CARTESIAN_POINT('',(26.4625,-18.6,62.7376));
#3757 = SURFACE_CURVE('',#3758,(#3762,#3769),.PCURVE_S1.);
#3758 = LINE('',#3759,#3760);
#3759 = CARTESIAN_POINT('',(23.4625,-18.6,62.7376));
#3760 = VECTOR('',#3761,1.);
#3761 = DIRECTION('',(1.,-1.22E-15,-8.9E-16));
#3762 = PCURVE('',#776,#3763);
#3763 = DEFINITIONAL_REPRESENTATION('',(#3764),#3768);
#3764 = LINE('',#3765,#3766);
#3765 = CARTESIAN_POINT('',(-0.617550724682,23.462500161924));
#3766 = VECTOR('',#3767,1.);
#3767 = DIRECTION('',(3.33E-15,1.));
#3768 = ( GEOMETRIC_REPRESENTATION_CONTEXT(2) 
PARAMETRIC_REPRESENTATION_CONTEXT() REPRESENTATION_CONTEXT('2D SPACE',''
  ) );
#3769 = PCURVE('',#1762,#3770);
#3770 = DEFINITIONAL_REPRESENTATION('',(#3771),#3775);
#3771 = LINE('',#3772,#3773);
#3772 = CARTESIAN_POINT('',(1.620580061156E-13,-30.6076));
#3773 = VECTOR('',#3774,1.);
#3774 = DIRECTION('',(1.,-2.2E-16));
#3775 = ( GEOMETRIC_REPRESENTATION_CONTEXT(2) 
PARAMETRIC_REPRESENTATION_CONTEXT() REPRESENTATION_CONTEXT('2D SPACE',''
  ) );
#3776 = ORIENTED_EDGE('',*,*,#3777,.T.);
#3777 = EDGE_CURVE('',#3755,#3778,#3780,.T.);
#3778 = VERTEX_POINT('',#3779);
#3779 = CARTESIAN_POINT('',(26.4625,-18.6,65.8876));
#3780 = SURFACE_CURVE('',#3781,(#3785,#3792),.PCURVE_S1.);
#3781 = LINE('',#3782,#3783);
#3782 = CARTESIAN_POINT('',(26.4625,-18.6,62.7376));
#3783 = VECTOR('',#3784,1.);
#3784 = DIRECTION('',(-2.66E-15,6.7E-16,1.));
#3785 = PCURVE('',#776,#3786);
#3786 = DEFINITIONAL_REPRESENTATION('',(#3787),#3791);
#3787 = LINE('',#3788,#3789);
#3788 = CARTESIAN_POINT('',(-0.617550724682,26.462500161924));
#3789 = VECTOR('',#3790,1.);
#3790 = DIRECTION('',(-1.,-2.2E-16));
#3791 = ( GEOMETRIC_REPRESENTATION_CONTEXT(2) 
PARAMETRIC_REPRESENTATION_CONTEXT() REPRESENTATION_CONTEXT('2D SPACE',''
  ) );
#3792 = PCURVE('',#3793,#3798);
#3793 = CYLINDRICAL_SURFACE('',#3794,2.);
#3794 = AXIS2_PLACEMENT_3D('',#3795,#3796,#3797);
#3795 = CARTESIAN_POINT('',(26.4625,-16.6,62.7376));
#3796 = DIRECTION('',(-2.66E-15,6.7E-16,1.));
#3797 = DIRECTION('',(-1.68E-15,-1.,6.7E-16));
#3798 = DEFINITIONAL_REPRESENTATION('',(#3799),#3803);
#3799 = LINE('',#3800,#3801);
#3800 = CARTESIAN_POINT('',(0.,0.));
#3801 = VECTOR('',#3802,1.);
#3802 = DIRECTION('',(0.,1.));
#3803 = ( GEOMETRIC_REPRESENTATION_CONTEXT(2) 
PARAMETRIC_REPRESENTATION_CONTEXT() REPRESENTATION_CONTEXT('2D SPACE',''
  ) );
#3804 = ORIENTED_EDGE('',*,*,#3805,.T.);
#3805 = EDGE_CURVE('',#3778,#3806,#3808,.T.);
#3806 = VERTEX_POINT('',#3807);
#3807 = CARTESIAN_POINT('',(25.760633329356,-18.6,67.815962829061));
#3808 = SURFACE_CURVE('',#3809,(#3814,#3821),.PCURVE_S1.);
#3809 = CIRCLE('',#3810,3.);
#3810 = AXIS2_PLACEMENT_3D('',#3811,#3812,#3813);
#3811 = CARTESIAN_POINT('',(23.4625,-18.6,65.8876));
#3812 = DIRECTION('',(-1.68E-15,-1.,1.42E-15));
#3813 = DIRECTION('',(1.,-1.68E-15,3.654E-14));
#3814 = PCURVE('',#776,#3815);
#3815 = DEFINITIONAL_REPRESENTATION('',(#3816),#3820);
#3816 = CIRCLE('',#3817,3.);
#3817 = AXIS2_PLACEMENT_2D('',#3818,#3819);
#3818 = CARTESIAN_POINT('',(-3.767550724681,23.462500161924));
#3819 = DIRECTION('',(-3.41E-14,1.));
#3820 = ( GEOMETRIC_REPRESENTATION_CONTEXT(2) 
PARAMETRIC_REPRESENTATION_CONTEXT() REPRESENTATION_CONTEXT('2D SPACE',''
  ) );
#3821 = PCURVE('',#3822,#3827);
#3822 = TOROIDAL_SURFACE('',#3823,3.,2.);
#3823 = AXIS2_PLACEMENT_3D('',#3824,#3825,#3826);
#3824 = CARTESIAN_POINT('',(23.4625,-16.6,65.8876));
#3825 = DIRECTION('',(1.68E-15,1.,-1.42E-15));
#3826 = DIRECTION('',(1.,-1.68E-15,3.654E-14));
#3827 = DEFINITIONAL_REPRESENTATION('',(#3828),#3832);
#3828 = LINE('',#3829,#3830);
#3829 = CARTESIAN_POINT('',(-0.,4.712388980385));
#3830 = VECTOR('',#3831,1.);
#3831 = DIRECTION('',(-1.,0.));
#3832 = ( GEOMETRIC_REPRESENTATION_CONTEXT(2) 
PARAMETRIC_REPRESENTATION_CONTEXT() REPRESENTATION_CONTEXT('2D SPACE',''
  ) );
#3833 = ORIENTED_EDGE('',*,*,#3834,.T.);
#3834 = EDGE_CURVE('',#3806,#3835,#3837,.T.);
#3835 = VERTEX_POINT('',#3836);
#3836 = CARTESIAN_POINT('',(19.199912139531,-18.6,75.634725877045));
#3837 = SURFACE_CURVE('',#3838,(#3842,#3849),.PCURVE_S1.);
#3838 = LINE('',#3839,#3840);
#3839 = CARTESIAN_POINT('',(25.760633329356,-18.6,67.815962829061));
#3840 = VECTOR('',#3841,1.);
#3841 = DIRECTION('',(-0.642787609686,1.65E-15,0.766044443119));
#3842 = PCURVE('',#776,#3843);
#3843 = DEFINITIONAL_REPRESENTATION('',(#3844),#3848);
#3844 = LINE('',#3845,#3846);
#3845 = CARTESIAN_POINT('',(-5.695913553743,25.76063349128));
#3846 = VECTOR('',#3847,1.);
#3847 = DIRECTION('',(-0.766044443119,-0.642787609686));
#3848 = ( GEOMETRIC_REPRESENTATION_CONTEXT(2) 
PARAMETRIC_REPRESENTATION_CONTEXT() REPRESENTATION_CONTEXT('2D SPACE',''
  ) );
#3849 = PCURVE('',#3850,#3855);
#3850 = CYLINDRICAL_SURFACE('',#3851,2.);
#3851 = AXIS2_PLACEMENT_3D('',#3852,#3853,#3854);
#3852 = CARTESIAN_POINT('',(25.760633329356,-16.6,67.815962829061));
#3853 = DIRECTION('',(-0.642787609686,1.65E-15,0.766044443119));
#3854 = DIRECTION('',(-1.350560121872E-15,-1.,1.020667527253E-15));
#3855 = DEFINITIONAL_REPRESENTATION('',(#3856),#3860);
#3856 = LINE('',#3857,#3858);
#3857 = CARTESIAN_POINT('',(0.,0.));
#3858 = VECTOR('',#3859,1.);
#3859 = DIRECTION('',(0.,1.));
#3860 = ( GEOMETRIC_REPRESENTATION_CONTEXT(2) 
PARAMETRIC_REPRESENTATION_CONTEXT() REPRESENTATION_CONTEXT('2D SPACE',''
  ) );
#3861 = ORIENTED_EDGE('',*,*,#3862,.T.);
#3862 = EDGE_CURVE('',#3835,#3863,#3865,.T.);
#3863 = VERTEX_POINT('',#3864);
#3864 = CARTESIAN_POINT('',(18.556649740561,-18.6,76.401338215297));
#3865 = SURFACE_CURVE('',#3866,(#3870,#3877),.PCURVE_S1.);
#3866 = LINE('',#3867,#3868);
#3867 = CARTESIAN_POINT('',(25.760633329356,-18.6,67.815962829061));
#3868 = VECTOR('',#3869,1.);
#3869 = DIRECTION('',(-0.642787609686,1.65E-15,0.766044443119));
#3870 = PCURVE('',#776,#3871);
#3871 = DEFINITIONAL_REPRESENTATION('',(#3872),#3876);
#3872 = LINE('',#3873,#3874);
#3873 = CARTESIAN_POINT('',(-5.695913553743,25.76063349128));
#3874 = VECTOR('',#3875,1.);
#3875 = DIRECTION('',(-0.766044443119,-0.642787609686));
#3876 = ( GEOMETRIC_REPRESENTATION_CONTEXT(2) 
PARAMETRIC_REPRESENTATION_CONTEXT() REPRESENTATION_CONTEXT('2D SPACE',''
  ) );
#3877 = PCURVE('',#3850,#3878);
#3878 = DEFINITIONAL_REPRESENTATION('',(#3879),#3883);
#3879 = LINE('',#3880,#3881);
#3880 = CARTESIAN_POINT('',(4.4E-16,-3.13E-15));
#3881 = VECTOR('',#3882,1.);
#3882 = DIRECTION('',(0.,1.));
#3883 = ( GEOMETRIC_REPRESENTATION_CONTEXT(2) 
PARAMETRIC_REPRESENTATION_CONTEXT() REPRESENTATION_CONTEXT('2D SPACE',''
  ) );
#3884 = ORIENTED_EDGE('',*,*,#3885,.F.);
#3885 = EDGE_CURVE('',#3886,#3863,#3888,.T.);
#3886 = VERTEX_POINT('',#3887);
#3887 = CARTESIAN_POINT('',(20.01075955621,-18.6,77.720019626761));
#3888 = SURFACE_CURVE('',#3889,(#3893,#3900),.PCURVE_S1.);
#3889 = LINE('',#3890,#3891);
#3890 = CARTESIAN_POINT('',(20.01075955621,-18.6,77.720019626761));
#3891 = VECTOR('',#3892,1.);
#3892 = DIRECTION('',(-0.740760195901,-1.91E-15,-0.671769552874));
#3893 = PCURVE('',#776,#3894);
#3894 = DEFINITIONAL_REPRESENTATION('',(#3895),#3899);
#3895 = LINE('',#3896,#3897);
#3896 = CARTESIAN_POINT('',(-15.59997035144,20.010759718135));
#3897 = VECTOR('',#3898,1.);
#3898 = DIRECTION('',(0.671769552874,-0.740760195901));
#3899 = ( GEOMETRIC_REPRESENTATION_CONTEXT(2) 
PARAMETRIC_REPRESENTATION_CONTEXT() REPRESENTATION_CONTEXT('2D SPACE',''
  ) );
#3900 = PCURVE('',#3901,#3906);
#3901 = CYLINDRICAL_SURFACE('',#3902,1.);
#3902 = AXIS2_PLACEMENT_3D('',#3903,#3904,#3905);
#3903 = CARTESIAN_POINT('',(20.01075955621,-17.6,77.720019626761));
#3904 = DIRECTION('',(-0.740760195901,-1.91E-15,-0.671769552874));
#3905 = DIRECTION('',(-4.583396318403E-17,-1.,2.893778033302E-15));
#3906 = DEFINITIONAL_REPRESENTATION('',(#3907),#3911);
#3907 = LINE('',#3908,#3909);
#3908 = CARTESIAN_POINT('',(-0.,0.));
#3909 = VECTOR('',#3910,1.);
#3910 = DIRECTION('',(-0.,1.));
#3911 = ( GEOMETRIC_REPRESENTATION_CONTEXT(2) 
PARAMETRIC_REPRESENTATION_CONTEXT() REPRESENTATION_CONTEXT('2D SPACE',''
  ) );
#3912 = ORIENTED_EDGE('',*,*,#3913,.F.);
#3913 = EDGE_CURVE('',#3914,#3886,#3916,.T.);
#3914 = VERTEX_POINT('',#3915);
#3915 = CARTESIAN_POINT('',(21.582569552874,-18.6,79.145439222068));
#3916 = SURFACE_CURVE('',#3917,(#3921,#3928),.PCURVE_S1.);
#3917 = LINE('',#3918,#3919);
#3918 = CARTESIAN_POINT('',(21.582569552874,-18.6,79.145439222068));
#3919 = VECTOR('',#3920,1.);
#3920 = DIRECTION('',(-0.740760195901,6.E-16,-0.671769552874));
#3921 = PCURVE('',#776,#3922);
#3922 = DEFINITIONAL_REPRESENTATION('',(#3923),#3927);
#3923 = LINE('',#3924,#3925);
#3924 = CARTESIAN_POINT('',(-17.02538994674,21.582569714798));
#3925 = VECTOR('',#3926,1.);
#3926 = DIRECTION('',(0.671769552874,-0.740760195901));
#3927 = ( GEOMETRIC_REPRESENTATION_CONTEXT(2) 
PARAMETRIC_REPRESENTATION_CONTEXT() REPRESENTATION_CONTEXT('2D SPACE',''
  ) );
#3928 = PCURVE('',#3929,#3934);
#3929 = CYLINDRICAL_SURFACE('',#3930,1.);
#3930 = AXIS2_PLACEMENT_3D('',#3931,#3932,#3933);
#3931 = CARTESIAN_POINT('',(21.582569552874,-17.6,79.145439222068));
#3932 = DIRECTION('',(-0.740760195901,6.E-16,-0.671769552874));
#3933 = DIRECTION('',(-1.908510468143E-15,-1.,1.211350804424E-15));
#3934 = DEFINITIONAL_REPRESENTATION('',(#3935),#3939);
#3935 = LINE('',#3936,#3937);
#3936 = CARTESIAN_POINT('',(-0.,0.));
#3937 = VECTOR('',#3938,1.);
#3938 = DIRECTION('',(-0.,1.));
#3939 = ( GEOMETRIC_REPRESENTATION_CONTEXT(2) 
PARAMETRIC_REPRESENTATION_CONTEXT() REPRESENTATION_CONTEXT('2D SPACE',''
  ) );
#3940 = ORIENTED_EDGE('',*,*,#3941,.F.);
#3941 = EDGE_CURVE('',#3942,#3914,#3944,.T.);
#3942 = VERTEX_POINT('',#3943);
#3943 = CARTESIAN_POINT('',(21.9108,-18.6,79.886199417969));
#3944 = SURFACE_CURVE('',#3945,(#3950,#3961),.PCURVE_S1.);
#3945 = CIRCLE('',#3946,1.);
#3946 = AXIS2_PLACEMENT_3D('',#3947,#3948,#3949);
#3947 = CARTESIAN_POINT('',(20.9108,-18.6,79.886199417969));
#3948 = DIRECTION('',(1.68E-15,1.,-1.42E-15));
#3949 = DIRECTION('',(1.,-1.68E-15,-5.739E-14));
#3950 = PCURVE('',#776,#3951);
#3951 = DEFINITIONAL_REPRESENTATION('',(#3952),#3960);
#3952 = ( BOUNDED_CURVE() B_SPLINE_CURVE(2,(#3953,#3954,#3955,#3956,
#3957,#3958,#3959),.UNSPECIFIED.,.T.,.F.) B_SPLINE_CURVE_WITH_KNOTS((1,2
    ,2,2,2,1),(-2.094395102393,0.,2.094395102393,4.188790204786,
6.28318530718,8.377580409573),.UNSPECIFIED.) CURVE() 
GEOMETRIC_REPRESENTATION_ITEM() RATIONAL_B_SPLINE_CURVE((1.,0.5,1.,0.5,
1.,0.5,1.)) REPRESENTATION_ITEM('') );
#3953 = CARTESIAN_POINT('',(-17.76615014265,21.910800161924));
#3954 = CARTESIAN_POINT('',(-16.03409933508,21.910800161924));
#3955 = CARTESIAN_POINT('',(-16.90012473886,20.410800161924));
#3956 = CARTESIAN_POINT('',(-17.76615014265,18.910800161924));
#3957 = CARTESIAN_POINT('',(-18.63217554643,20.410800161924));
#3958 = CARTESIAN_POINT('',(-19.49820095021,21.910800161925));
#3959 = CARTESIAN_POINT('',(-17.76615014265,21.910800161924));
#3960 = ( GEOMETRIC_REPRESENTATION_CONTEXT(2) 
PARAMETRIC_REPRESENTATION_CONTEXT() REPRESENTATION_CONTEXT('2D SPACE',''
  ) );
#3961 = PCURVE('',#3962,#3967);
#3962 = TOROIDAL_SURFACE('',#3963,1.,1.);
#3963 = AXIS2_PLACEMENT_3D('',#3964,#3965,#3966);
#3964 = CARTESIAN_POINT('',(20.9108,-17.6,79.886199417969));
#3965 = DIRECTION('',(1.68E-15,1.,-1.42E-15));
#3966 = DIRECTION('',(1.,-1.68E-15,-5.739E-14));
#3967 = DEFINITIONAL_REPRESENTATION('',(#3968),#3972);
#3968 = LINE('',#3969,#3970);
#3969 = CARTESIAN_POINT('',(0.,4.712388980385));
#3970 = VECTOR('',#3971,1.);
#3971 = DIRECTION('',(1.,0.));
#3972 = ( GEOMETRIC_REPRESENTATION_CONTEXT(2) 
PARAMETRIC_REPRESENTATION_CONTEXT() REPRESENTATION_CONTEXT('2D SPACE',''
  ) );
#3973 = ORIENTED_EDGE('',*,*,#3974,.F.);
#3974 = EDGE_CURVE('',#3975,#3942,#3977,.T.);
#3975 = VERTEX_POINT('',#3976);
#3976 = CARTESIAN_POINT('',(21.9108,-18.6,108.38619960794));
#3977 = SURFACE_CURVE('',#3978,(#3982,#3989),.PCURVE_S1.);
#3978 = LINE('',#3979,#3980);
#3979 = CARTESIAN_POINT('',(21.9108,-18.6,108.38619941797));
#3980 = VECTOR('',#3981,1.);
#3981 = DIRECTION('',(3.55E-15,-1.33E-15,-1.));
#3982 = PCURVE('',#776,#3983);
#3983 = DEFINITIONAL_REPRESENTATION('',(#3984),#3988);
#3984 = LINE('',#3985,#3986);
#3985 = CARTESIAN_POINT('',(-46.26615014265,21.910800161924));
#3986 = VECTOR('',#3987,1.);
#3987 = DIRECTION('',(1.,1.11E-15));
#3988 = ( GEOMETRIC_REPRESENTATION_CONTEXT(2) 
PARAMETRIC_REPRESENTATION_CONTEXT() REPRESENTATION_CONTEXT('2D SPACE',''
  ) );
#3989 = PCURVE('',#3990,#3995);
#3990 = CYLINDRICAL_SURFACE('',#3991,1.);
#3991 = AXIS2_PLACEMENT_3D('',#3992,#3993,#3994);
#3992 = CARTESIAN_POINT('',(21.9108,-17.6,108.38619941797));
#3993 = DIRECTION('',(3.55E-15,-1.33E-15,-1.));
#3994 = DIRECTION('',(-1.68E-15,-1.,1.33E-15));
#3995 = DEFINITIONAL_REPRESENTATION('',(#3996),#4000);
#3996 = LINE('',#3997,#3998);
#3997 = CARTESIAN_POINT('',(-0.,0.));
#3998 = VECTOR('',#3999,1.);
#3999 = DIRECTION('',(-0.,1.));
#4000 = ( GEOMETRIC_REPRESENTATION_CONTEXT(2) 
PARAMETRIC_REPRESENTATION_CONTEXT() REPRESENTATION_CONTEXT('2D SPACE',''
  ) );
#4001 = ORIENTED_EDGE('',*,*,#4002,.F.);
#4002 = EDGE_CURVE('',#4003,#3975,#4005,.T.);
#4003 = VERTEX_POINT('',#4004);
#4004 = CARTESIAN_POINT('',(21.853506458335,-18.6,108.44959439911));
#4005 = SURFACE_CURVE('',#4006,(#4011,#4022),.PCURVE_S1.);
#4006 = CIRCLE('',#4007,6.37196419719E-02);
#4007 = AXIS2_PLACEMENT_3D('',#4008,#4009,#4010);
#4008 = CARTESIAN_POINT('',(21.847080358028,-18.6,108.38619962005));
#4009 = DIRECTION('',(1.68E-15,1.,-1.42E-15));
#4010 = DIRECTION('',(0.100849599656,1.243333062018E-15,0.994901682705)
  );
#4011 = PCURVE('',#776,#4012);
#4012 = DEFINITIONAL_REPRESENTATION('',(#4013),#4021);
#4013 = ( BOUNDED_CURVE() B_SPLINE_CURVE(2,(#4014,#4015,#4016,#4017,
#4018,#4019,#4020),.UNSPECIFIED.,.T.,.F.) B_SPLINE_CURVE_WITH_KNOTS((1,2
    ,2,2,2,1),(-2.094395102393,0.,2.094395102393,4.188790204786,
6.28318530718,8.377580409573),.UNSPECIFIED.) CURVE() 
GEOMETRIC_REPRESENTATION_ITEM() RATIONAL_B_SPLINE_CURVE((1.,0.5,1.,0.5,
1.,0.5,1.)) REPRESENTATION_ITEM('') );
#4014 = CARTESIAN_POINT('',(-46.32954512375,21.853506620336));
#4015 = CARTESIAN_POINT('',(-46.31841479139,21.963309598531));
#4016 = CARTESIAN_POINT('',(-46.22888778904,21.898768958859));
#4017 = CARTESIAN_POINT('',(-46.13936078669,21.834228319186));
#4018 = CARTESIAN_POINT('',(-46.2400181214,21.788965980663));
#4019 = CARTESIAN_POINT('',(-46.34067545611,21.74370364214));
#4020 = CARTESIAN_POINT('',(-46.32954512375,21.853506620336));
#4021 = ( GEOMETRIC_REPRESENTATION_CONTEXT(2) 
PARAMETRIC_REPRESENTATION_CONTEXT() REPRESENTATION_CONTEXT('2D SPACE',''
  ) );
#4022 = PCURVE('',#4023,#4038);
#4023 = SURFACE_OF_REVOLUTION('',#4024,#4035);
#4024 = B_SPLINE_CURVE_WITH_KNOTS('',5,(#4025,#4026,#4027,#4028,#4029,
    #4030,#4031,#4032,#4033,#4034),.UNSPECIFIED.,.F.,.F.,(6,4,6),(
    4.712388980385,5.497787143782,6.28318530718),.UNSPECIFIED.);
#4025 = CARTESIAN_POINT('',(21.853506458411,-18.6,108.44959439907));
#4026 = CARTESIAN_POINT('',(21.869347876481,-18.6,108.60587318994));
#4027 = CARTESIAN_POINT('',(21.885189545527,-18.56916440705,
    108.76215445675));
#4028 = CARTESIAN_POINT('',(21.900215638052,-18.50744863094,
    108.91038989634));
#4029 = CARTESIAN_POINT('',(21.913616320067,-18.41817885464,
    109.04259033274));
#4030 = CARTESIAN_POINT('',(21.936019468349,-18.19603470773,
    109.2636019183));
#4031 = CARTESIAN_POINT('',(21.94502228955,-18.06315681768,
    109.35241656896));
#4032 = CARTESIAN_POINT('',(21.951246300864,-17.91416175398,
    109.41381769846));
#4033 = CARTESIAN_POINT('',(21.954356058067,-17.75707963267,
    109.44449608177));
#4034 = CARTESIAN_POINT('',(21.954356058067,-17.6,109.44449608177));
#4035 = AXIS1_PLACEMENT('',#4036,#4037);
#4036 = CARTESIAN_POINT('',(21.847080358028,-17.6,108.38619962005));
#4037 = DIRECTION('',(1.68E-15,1.,-1.42E-15));
#4038 = DEFINITIONAL_REPRESENTATION('',(#4039),#4043);
#4039 = LINE('',#4040,#4041);
#4040 = CARTESIAN_POINT('',(0.,4.712388980385));
#4041 = VECTOR('',#4042,1.);
#4042 = DIRECTION('',(1.,0.));
#4043 = ( GEOMETRIC_REPRESENTATION_CONTEXT(2) 
PARAMETRIC_REPRESENTATION_CONTEXT() REPRESENTATION_CONTEXT('2D SPACE',''
  ) );
#4044 = ORIENTED_EDGE('',*,*,#4045,.F.);
#4045 = EDGE_CURVE('',#4046,#4003,#4048,.T.);
#4046 = VERTEX_POINT('',#4047);
#4047 = CARTESIAN_POINT('',(20.001950299832,-18.6,110.37394050988));
#4048 = SURFACE_CURVE('',#4049,(#4054,#4061),.PCURVE_S1.);
#4049 = CIRCLE('',#4050,2.063705692205);
#4050 = AXIS2_PLACEMENT_3D('',#4051,#4052,#4053);
#4051 = CARTESIAN_POINT('',(22.061630351202,-18.6,110.50277866489));
#4052 = DIRECTION('',(-1.68E-15,-1.,1.42E-15));
#4053 = DIRECTION('',(-0.998048951798,1.588062712832E-15,
    -6.243628604792E-02));
#4054 = PCURVE('',#776,#4055);
#4055 = DEFINITIONAL_REPRESENTATION('',(#4056),#4060);
#4056 = CIRCLE('',#4057,2.063705692205);
#4057 = AXIS2_PLACEMENT_2D('',#4058,#4059);
#4058 = CARTESIAN_POINT('',(-48.38272938957,22.061630513127));
#4059 = DIRECTION('',(6.243628604792E-02,-0.998048951798));
#4060 = ( GEOMETRIC_REPRESENTATION_CONTEXT(2) 
PARAMETRIC_REPRESENTATION_CONTEXT() REPRESENTATION_CONTEXT('2D SPACE',''
  ) );
#4061 = PCURVE('',#4062,#4067);
#4062 = TOROIDAL_SURFACE('',#4063,2.063705692205,1.);
#4063 = AXIS2_PLACEMENT_3D('',#4064,#4065,#4066);
#4064 = CARTESIAN_POINT('',(22.061630351202,-17.6,110.50277866489));
#4065 = DIRECTION('',(-1.68E-15,-1.,1.42E-15));
#4066 = DIRECTION('',(-0.998048951798,1.588062712832E-15,
    -6.243628604792E-02));
#4067 = DEFINITIONAL_REPRESENTATION('',(#4068),#4072);
#4068 = LINE('',#4069,#4070);
#4069 = CARTESIAN_POINT('',(0.,1.570796326795));
#4070 = VECTOR('',#4071,1.);
#4071 = DIRECTION('',(1.,0.));
#4072 = ( GEOMETRIC_REPRESENTATION_CONTEXT(2) 
PARAMETRIC_REPRESENTATION_CONTEXT() REPRESENTATION_CONTEXT('2D SPACE',''
  ) );
#4073 = ORIENTED_EDGE('',*,*,#4074,.F.);
#4074 = EDGE_CURVE('',#4075,#4046,#4077,.T.);
#4075 = VERTEX_POINT('',#4076);
#4076 = CARTESIAN_POINT('',(6.029254497475,-18.6,123.5));
#4077 = SURFACE_CURVE('',#4078,(#4083,#4094),.PCURVE_S1.);
#4078 = CIRCLE('',#4079,14.);
#4079 = AXIS2_PLACEMENT_3D('',#4080,#4081,#4082);
#4080 = CARTESIAN_POINT('',(6.029254497476,-18.6,109.5));
#4081 = DIRECTION('',(1.68E-15,1.,-1.42E-15));
#4082 = DIRECTION('',(-9.77E-15,1.42E-15,1.));
#4083 = PCURVE('',#776,#4084);
#4084 = DEFINITIONAL_REPRESENTATION('',(#4085),#4093);
#4085 = ( BOUNDED_CURVE() B_SPLINE_CURVE(2,(#4086,#4087,#4088,#4089,
#4090,#4091,#4092),.UNSPECIFIED.,.T.,.F.) B_SPLINE_CURVE_WITH_KNOTS((1,2
    ,2,2,2,1),(-2.094395102393,0.,2.094395102393,4.188790204786,
6.28318530718,8.377580409573),.UNSPECIFIED.) CURVE() 
GEOMETRIC_REPRESENTATION_ITEM() RATIONAL_B_SPLINE_CURVE((1.,0.5,1.,0.5,
1.,0.5,1.)) REPRESENTATION_ITEM('') );
#4086 = CARTESIAN_POINT('',(-61.37995072468,6.0292546594));
#4087 = CARTESIAN_POINT('',(-61.37995072468,30.277965965364));
#4088 = CARTESIAN_POINT('',(-40.37995072468,18.153610312382));
#4089 = CARTESIAN_POINT('',(-19.37995072468,6.0292546594));
#4090 = CARTESIAN_POINT('',(-40.37995072468,-6.095100993582));
#4091 = CARTESIAN_POINT('',(-61.37995072468,-18.21945664656));
#4092 = CARTESIAN_POINT('',(-61.37995072468,6.0292546594));
#4093 = ( GEOMETRIC_REPRESENTATION_CONTEXT(2) 
PARAMETRIC_REPRESENTATION_CONTEXT() REPRESENTATION_CONTEXT('2D SPACE',''
  ) );
#4094 = PCURVE('',#4095,#4100);
#4095 = TOROIDAL_SURFACE('',#4096,14.,1.);
#4096 = AXIS2_PLACEMENT_3D('',#4097,#4098,#4099);
#4097 = CARTESIAN_POINT('',(6.029254497476,-17.6,109.5));
#4098 = DIRECTION('',(1.68E-15,1.,-1.42E-15));
#4099 = DIRECTION('',(-9.77E-15,1.42E-15,1.));
#4100 = DEFINITIONAL_REPRESENTATION('',(#4101),#4105);
#4101 = LINE('',#4102,#4103);
#4102 = CARTESIAN_POINT('',(0.,4.712388980385));
#4103 = VECTOR('',#4104,1.);
#4104 = DIRECTION('',(1.,0.));
#4105 = ( GEOMETRIC_REPRESENTATION_CONTEXT(2) 
PARAMETRIC_REPRESENTATION_CONTEXT() REPRESENTATION_CONTEXT('2D SPACE',''
  ) );
#4106 = ORIENTED_EDGE('',*,*,#4107,.F.);
#4107 = EDGE_CURVE('',#4108,#4075,#4110,.T.);
#4108 = VERTEX_POINT('',#4109);
#4109 = CARTESIAN_POINT('',(-6.029254497476,-18.6,123.5));
#4110 = SURFACE_CURVE('',#4111,(#4115,#4122),.PCURVE_S1.);
#4111 = LINE('',#4112,#4113);
#4112 = CARTESIAN_POINT('',(-6.029254497476,-18.6,123.5));
#4113 = VECTOR('',#4114,1.);
#4114 = DIRECTION('',(1.,-2.44E-15,1.39E-15));
#4115 = PCURVE('',#776,#4116);
#4116 = DEFINITIONAL_REPRESENTATION('',(#4117),#4121);
#4117 = LINE('',#4118,#4119);
#4118 = CARTESIAN_POINT('',(-61.37995072468,-6.029254335552));
#4119 = VECTOR('',#4120,1.);
#4120 = DIRECTION('',(1.05E-15,1.));
#4121 = ( GEOMETRIC_REPRESENTATION_CONTEXT(2) 
PARAMETRIC_REPRESENTATION_CONTEXT() REPRESENTATION_CONTEXT('2D SPACE',''
  ) );
#4122 = PCURVE('',#4123,#4128);
#4123 = CYLINDRICAL_SURFACE('',#4124,1.);
#4124 = AXIS2_PLACEMENT_3D('',#4125,#4126,#4127);
#4125 = CARTESIAN_POINT('',(-6.029254497476,-17.6,123.5));
#4126 = DIRECTION('',(1.,-2.44E-15,1.39E-15));
#4127 = DIRECTION('',(-2.44E-15,-1.,1.42E-15));
#4128 = DEFINITIONAL_REPRESENTATION('',(#4129),#4133);
#4129 = LINE('',#4130,#4131);
#4130 = CARTESIAN_POINT('',(-0.,0.));
#4131 = VECTOR('',#4132,1.);
#4132 = DIRECTION('',(-0.,1.));
#4133 = ( GEOMETRIC_REPRESENTATION_CONTEXT(2) 
PARAMETRIC_REPRESENTATION_CONTEXT() REPRESENTATION_CONTEXT('2D SPACE',''
  ) );
#4134 = ORIENTED_EDGE('',*,*,#4135,.F.);
#4135 = EDGE_CURVE('',#4136,#4108,#4138,.T.);
#4136 = VERTEX_POINT('',#4137);
#4137 = CARTESIAN_POINT('',(-20.00195029983,-18.6,110.37394050988));
#4138 = SURFACE_CURVE('',#4139,(#4144,#4155),.PCURVE_S1.);
#4139 = CIRCLE('',#4140,14.);
#4140 = AXIS2_PLACEMENT_3D('',#4141,#4142,#4143);
#4141 = CARTESIAN_POINT('',(-6.029254497476,-18.6,109.5));
#4142 = DIRECTION('',(1.68E-15,1.,-1.42E-15));
#4143 = DIRECTION('',(-0.998049700168,1.765366033714E-15,
    6.242432213489E-02));
#4144 = PCURVE('',#776,#4145);
#4145 = DEFINITIONAL_REPRESENTATION('',(#4146),#4154);
#4146 = ( BOUNDED_CURVE() B_SPLINE_CURVE(2,(#4147,#4148,#4149,#4150,
#4151,#4152,#4153),.UNSPECIFIED.,.T.,.F.) B_SPLINE_CURVE_WITH_KNOTS((1,2
    ,2,2,2,1),(-2.094395102393,0.,2.094395102393,4.188790204786,
6.28318530718,8.377580409573),.UNSPECIFIED.) CURVE() 
GEOMETRIC_REPRESENTATION_ITEM() RATIONAL_B_SPLINE_CURVE((1.,0.5,1.,0.5,
1.,0.5,1.)) REPRESENTATION_ITEM('') );
#4147 = CARTESIAN_POINT('',(-48.25389123457,-20.0019501379));
#4148 = CARTESIAN_POINT('',(-72.45531028295,-18.48824077198));
#4149 = CARTESIAN_POINT('',(-59.04368999393,1.713948248586));
#4150 = CARTESIAN_POINT('',(-45.6320697049,21.91613726916));
#4151 = CARTESIAN_POINT('',(-34.84227094554,0.200238882667));
#4152 = CARTESIAN_POINT('',(-24.05247218618,-21.51565950382));
#4153 = CARTESIAN_POINT('',(-48.25389123457,-20.0019501379));
#4154 = ( GEOMETRIC_REPRESENTATION_CONTEXT(2) 
PARAMETRIC_REPRESENTATION_CONTEXT() REPRESENTATION_CONTEXT('2D SPACE',''
  ) );
#4155 = PCURVE('',#4156,#4161);
#4156 = TOROIDAL_SURFACE('',#4157,14.,1.);
#4157 = AXIS2_PLACEMENT_3D('',#4158,#4159,#4160);
#4158 = CARTESIAN_POINT('',(-6.029254497476,-17.6,109.5));
#4159 = DIRECTION('',(1.68E-15,1.,-1.42E-15));
#4160 = DIRECTION('',(-0.998049700168,1.765366033714E-15,
    6.242432213489E-02));
#4161 = DEFINITIONAL_REPRESENTATION('',(#4162),#4166);
#4162 = LINE('',#4163,#4164);
#4163 = CARTESIAN_POINT('',(0.,4.712388980385));
#4164 = VECTOR('',#4165,1.);
#4165 = DIRECTION('',(1.,0.));
#4166 = ( GEOMETRIC_REPRESENTATION_CONTEXT(2) 
PARAMETRIC_REPRESENTATION_CONTEXT() REPRESENTATION_CONTEXT('2D SPACE',''
  ) );
#4167 = ORIENTED_EDGE('',*,*,#4168,.F.);
#4168 = EDGE_CURVE('',#4169,#4136,#4171,.T.);
#4169 = VERTEX_POINT('',#4170);
#4170 = CARTESIAN_POINT('',(-21.85351864958,-18.6,108.44958051796));
#4171 = SURFACE_CURVE('',#4172,(#4177,#4184),.PCURVE_S1.);
#4172 = CIRCLE('',#4173,2.063705692205);
#4173 = AXIS2_PLACEMENT_3D('',#4174,#4175,#4176);
#4174 = CARTESIAN_POINT('',(-22.06163114717,-18.6,110.50276593881));
#4175 = DIRECTION('',(-1.68E-15,-1.,1.42E-15));
#4176 = DIRECTION('',(0.100844077901,-1.582179235096E-15,-0.99490224241)
  );
#4177 = PCURVE('',#776,#4178);
#4178 = DEFINITIONAL_REPRESENTATION('',(#4179),#4183);
#4179 = CIRCLE('',#4180,2.063705692205);
#4180 = AXIS2_PLACEMENT_2D('',#4181,#4182);
#4181 = CARTESIAN_POINT('',(-48.38271666349,-22.06163098524));
#4182 = DIRECTION('',(0.99490224241,0.100844077901));
#4183 = ( GEOMETRIC_REPRESENTATION_CONTEXT(2) 
PARAMETRIC_REPRESENTATION_CONTEXT() REPRESENTATION_CONTEXT('2D SPACE',''
  ) );
#4184 = PCURVE('',#4185,#4190);
#4185 = TOROIDAL_SURFACE('',#4186,2.063705692205,1.);
#4186 = AXIS2_PLACEMENT_3D('',#4187,#4188,#4189);
#4187 = CARTESIAN_POINT('',(-22.06163114717,-17.6,110.50276593881));
#4188 = DIRECTION('',(-1.68E-15,-1.,1.42E-15));
#4189 = DIRECTION('',(0.100844077901,-1.582179235096E-15,-0.99490224241)
  );
#4190 = DEFINITIONAL_REPRESENTATION('',(#4191),#4195);
#4191 = LINE('',#4192,#4193);
#4192 = CARTESIAN_POINT('',(0.,1.570796326795));
#4193 = VECTOR('',#4194,1.);
#4194 = DIRECTION('',(1.,0.));
#4195 = ( GEOMETRIC_REPRESENTATION_CONTEXT(2) 
PARAMETRIC_REPRESENTATION_CONTEXT() REPRESENTATION_CONTEXT('2D SPACE',''
  ) );
#4196 = ORIENTED_EDGE('',*,*,#4197,.F.);
#4197 = EDGE_CURVE('',#4198,#4169,#4200,.T.);
#4198 = VERTEX_POINT('',#4199);
#4199 = CARTESIAN_POINT('',(-21.9108,-18.6,108.38619941796));
#4200 = SURFACE_CURVE('',#4201,(#4206,#4217),.PCURVE_S1.);
#4201 = CIRCLE('',#4202,6.37056922047E-02);
#4202 = AXIS2_PLACEMENT_3D('',#4203,#4204,#4205);
#4203 = CARTESIAN_POINT('',(-21.84709430779,-18.6,108.38619958193));
#4204 = DIRECTION('',(1.68E-15,1.,-1.42E-15));
#4205 = DIRECTION('',(-1.,1.679999781114E-15,-1.5414471969E-07));
#4206 = PCURVE('',#776,#4207);
#4207 = DEFINITIONAL_REPRESENTATION('',(#4208),#4216);
#4208 = ( BOUNDED_CURVE() B_SPLINE_CURVE(2,(#4209,#4210,#4211,#4212,
#4213,#4214,#4215),.UNSPECIFIED.,.T.,.F.) B_SPLINE_CURVE_WITH_KNOTS((1,2
    ,2,2,2,1),(-2.094395102393,0.,2.094395102393,4.188790204786,
6.28318530718,8.377580409573),.UNSPECIFIED.) CURVE() 
GEOMETRIC_REPRESENTATION_ITEM() RATIONAL_B_SPLINE_CURVE((1.,0.5,1.,0.5,
1.,0.5,1.)) REPRESENTATION_ITEM('') );
#4209 = CARTESIAN_POINT('',(-46.26615029679,-21.91079983807));
#4210 = CARTESIAN_POINT('',(-46.37649179242,-21.91079985508));
#4211 = CARTESIAN_POINT('',(-46.32132105934,-21.81524130827));
#4212 = CARTESIAN_POINT('',(-46.26615032625,-21.71968276146));
#4213 = CARTESIAN_POINT('',(-46.21097956371,-21.81524129126));
#4214 = CARTESIAN_POINT('',(-46.15580880116,-21.91079982106));
#4215 = CARTESIAN_POINT('',(-46.26615029679,-21.91079983807));
#4216 = ( GEOMETRIC_REPRESENTATION_CONTEXT(2) 
PARAMETRIC_REPRESENTATION_CONTEXT() REPRESENTATION_CONTEXT('2D SPACE',''
  ) );
#4217 = PCURVE('',#4218,#4233);
#4218 = SURFACE_OF_REVOLUTION('',#4219,#4230);
#4219 = B_SPLINE_CURVE_WITH_KNOTS('',5,(#4220,#4221,#4222,#4223,#4224,
    #4225,#4226,#4227,#4228,#4229),.UNSPECIFIED.,.F.,.F.,(6,4,6),(
    4.712388980385,5.497787143782,6.28318530718),.UNSPECIFIED.);
#4220 = CARTESIAN_POINT('',(-21.9108,-18.6,108.38619957211));
#4221 = CARTESIAN_POINT('',(-22.06787963268,-18.6,108.3861995479));
#4222 = CARTESIAN_POINT('',(-22.22496175398,-18.56916440705,
    108.38619952368));
#4223 = CARTESIAN_POINT('',(-22.37395681768,-18.50744863094,
    108.38619950072));
#4224 = CARTESIAN_POINT('',(-22.50683470773,-18.41817885464,
    108.38619948023));
#4225 = CARTESIAN_POINT('',(-22.72897885464,-18.19603470773,
    108.38619944599));
#4226 = CARTESIAN_POINT('',(-22.81824863094,-18.06315681768,
    108.38619943223));
#4227 = CARTESIAN_POINT('',(-22.87996440705,-17.91416175398,
    108.38619942272));
#4228 = CARTESIAN_POINT('',(-22.9108,-17.75707963267,108.38619941796));
#4229 = CARTESIAN_POINT('',(-22.9108,-17.6,108.38619941796));
#4230 = AXIS1_PLACEMENT('',#4231,#4232);
#4231 = CARTESIAN_POINT('',(-21.84709430779,-17.6,108.38619958193));
#4232 = DIRECTION('',(1.68E-15,1.,-1.42E-15));
#4233 = DEFINITIONAL_REPRESENTATION('',(#4234),#4238);
#4234 = LINE('',#4235,#4236);
#4235 = CARTESIAN_POINT('',(0.,4.712388980385));
#4236 = VECTOR('',#4237,1.);
#4237 = DIRECTION('',(1.,0.));
#4238 = ( GEOMETRIC_REPRESENTATION_CONTEXT(2) 
PARAMETRIC_REPRESENTATION_CONTEXT() REPRESENTATION_CONTEXT('2D SPACE',''
  ) );
#4239 = ORIENTED_EDGE('',*,*,#4240,.F.);
#4240 = EDGE_CURVE('',#4241,#4198,#4243,.T.);
#4241 = VERTEX_POINT('',#4242);
#4242 = CARTESIAN_POINT('',(-21.9108,-18.6,79.886199417969));
#4243 = SURFACE_CURVE('',#4244,(#4248,#4255),.PCURVE_S1.);
#4244 = LINE('',#4245,#4246);
#4245 = CARTESIAN_POINT('',(-21.9108,-18.6,79.886199417969));
#4246 = VECTOR('',#4247,1.);
#4247 = DIRECTION('',(-3.55E-15,1.33E-15,1.));
#4248 = PCURVE('',#776,#4249);
#4249 = DEFINITIONAL_REPRESENTATION('',(#4250),#4254);
#4250 = LINE('',#4251,#4252);
#4251 = CARTESIAN_POINT('',(-17.76615014265,-21.91079983807));
#4252 = VECTOR('',#4253,1.);
#4253 = DIRECTION('',(-1.,-1.11E-15));
#4254 = ( GEOMETRIC_REPRESENTATION_CONTEXT(2) 
PARAMETRIC_REPRESENTATION_CONTEXT() REPRESENTATION_CONTEXT('2D SPACE',''
  ) );
#4255 = PCURVE('',#4256,#4261);
#4256 = CYLINDRICAL_SURFACE('',#4257,1.);
#4257 = AXIS2_PLACEMENT_3D('',#4258,#4259,#4260);
#4258 = CARTESIAN_POINT('',(-21.9108,-17.6,79.886199417969));
#4259 = DIRECTION('',(-3.55E-15,1.33E-15,1.));
#4260 = DIRECTION('',(-1.68E-15,-1.,1.33E-15));
#4261 = DEFINITIONAL_REPRESENTATION('',(#4262),#4266);
#4262 = LINE('',#4263,#4264);
#4263 = CARTESIAN_POINT('',(-0.,0.));
#4264 = VECTOR('',#4265,1.);
#4265 = DIRECTION('',(-0.,1.));
#4266 = ( GEOMETRIC_REPRESENTATION_CONTEXT(2) 
PARAMETRIC_REPRESENTATION_CONTEXT() REPRESENTATION_CONTEXT('2D SPACE',''
  ) );
#4267 = ORIENTED_EDGE('',*,*,#4268,.F.);
#4268 = EDGE_CURVE('',#4269,#4241,#4271,.T.);
#4269 = VERTEX_POINT('',#4270);
#4270 = CARTESIAN_POINT('',(-21.58256955287,-18.6,79.145439222068));
#4271 = SURFACE_CURVE('',#4272,(#4277,#4288),.PCURVE_S1.);
#4272 = CIRCLE('',#4273,1.);
#4273 = AXIS2_PLACEMENT_3D('',#4274,#4275,#4276);
#4274 = CARTESIAN_POINT('',(-20.9108,-18.6,79.886199417969));
#4275 = DIRECTION('',(1.68E-15,1.,-1.42E-15));
#4276 = DIRECTION('',(-0.671769552874,7.669337064777E-17,-0.740760195901
    ));
#4277 = PCURVE('',#776,#4278);
#4278 = DEFINITIONAL_REPRESENTATION('',(#4279),#4287);
#4279 = ( BOUNDED_CURVE() B_SPLINE_CURVE(2,(#4280,#4281,#4282,#4283,
#4284,#4285,#4286),.UNSPECIFIED.,.T.,.F.) B_SPLINE_CURVE_WITH_KNOTS((1,2
    ,2,2,2,1),(-2.094395102393,0.,2.094395102393,4.188790204786,
6.28318530718,8.377580409573),.UNSPECIFIED.) CURVE() 
GEOMETRIC_REPRESENTATION_ITEM() RATIONAL_B_SPLINE_CURVE((1.,0.5,1.,0.5,
1.,0.5,1.)) REPRESENTATION_ITEM('') );
#4280 = CARTESIAN_POINT('',(-17.02538994674,-21.58256939094));
#4281 = CARTESIAN_POINT('',(-18.1889289433,-22.86560368647));
#4282 = CARTESIAN_POINT('',(-18.71829973887,-21.2164322094));
#4283 = CARTESIAN_POINT('',(-19.24767053445,-19.56726073232));
#4284 = CARTESIAN_POINT('',(-17.55476074232,-19.93339791387));
#4285 = CARTESIAN_POINT('',(-15.86185095019,-20.29953509542));
#4286 = CARTESIAN_POINT('',(-17.02538994674,-21.58256939094));
#4287 = ( GEOMETRIC_REPRESENTATION_CONTEXT(2) 
PARAMETRIC_REPRESENTATION_CONTEXT() REPRESENTATION_CONTEXT('2D SPACE',''
  ) );
#4288 = PCURVE('',#4289,#4294);
#4289 = TOROIDAL_SURFACE('',#4290,1.,1.);
#4290 = AXIS2_PLACEMENT_3D('',#4291,#4292,#4293);
#4291 = CARTESIAN_POINT('',(-20.9108,-17.6,79.886199417969));
#4292 = DIRECTION('',(1.68E-15,1.,-1.42E-15));
#4293 = DIRECTION('',(-0.671769552874,7.669337064777E-17,-0.740760195901
    ));
#4294 = DEFINITIONAL_REPRESENTATION('',(#4295),#4299);
#4295 = LINE('',#4296,#4297);
#4296 = CARTESIAN_POINT('',(0.,4.712388980385));
#4297 = VECTOR('',#4298,1.);
#4298 = DIRECTION('',(1.,0.));
#4299 = ( GEOMETRIC_REPRESENTATION_CONTEXT(2) 
PARAMETRIC_REPRESENTATION_CONTEXT() REPRESENTATION_CONTEXT('2D SPACE',''
  ) );
#4300 = ORIENTED_EDGE('',*,*,#4301,.F.);
#4301 = EDGE_CURVE('',#4302,#4269,#4304,.T.);
#4302 = VERTEX_POINT('',#4303);
#4303 = CARTESIAN_POINT('',(-20.01075955621,-18.6,77.720019626761));
#4304 = SURFACE_CURVE('',#4305,(#4309,#4316),.PCURVE_S1.);
#4305 = LINE('',#4306,#4307);
#4306 = CARTESIAN_POINT('',(-20.01075955621,-18.6,77.720019626761));
#4307 = VECTOR('',#4308,1.);
#4308 = DIRECTION('',(-0.740760195901,2.69E-15,0.671769552874));
#4309 = PCURVE('',#776,#4310);
#4310 = DEFINITIONAL_REPRESENTATION('',(#4311),#4315);
#4311 = LINE('',#4312,#4313);
#4312 = CARTESIAN_POINT('',(-15.59997035144,-20.01075939428));
#4313 = VECTOR('',#4314,1.);
#4314 = DIRECTION('',(-0.671769552874,-0.740760195901));
#4315 = ( GEOMETRIC_REPRESENTATION_CONTEXT(2) 
PARAMETRIC_REPRESENTATION_CONTEXT() REPRESENTATION_CONTEXT('2D SPACE',''
  ) );
#4316 = PCURVE('',#4317,#4322);
#4317 = CYLINDRICAL_SURFACE('',#4318,1.);
#4318 = AXIS2_PLACEMENT_3D('',#4319,#4320,#4321);
#4319 = CARTESIAN_POINT('',(-20.01075955621,-17.6,77.720019626761));
#4320 = DIRECTION('',(-0.740760195901,2.69E-15,0.671769552874));
#4321 = DIRECTION('',(-2.04240930982E-15,-1.,1.752184918938E-15));
#4322 = DEFINITIONAL_REPRESENTATION('',(#4323),#4327);
#4323 = LINE('',#4324,#4325);
#4324 = CARTESIAN_POINT('',(-0.,0.));
#4325 = VECTOR('',#4326,1.);
#4326 = DIRECTION('',(-0.,1.));
#4327 = ( GEOMETRIC_REPRESENTATION_CONTEXT(2) 
PARAMETRIC_REPRESENTATION_CONTEXT() REPRESENTATION_CONTEXT('2D SPACE',''
  ) );
#4328 = ORIENTED_EDGE('',*,*,#4329,.F.);
#4329 = EDGE_CURVE('',#4330,#4302,#4332,.T.);
#4330 = VERTEX_POINT('',#4331);
#4331 = CARTESIAN_POINT('',(-18.55664875739,-18.6,76.401337323695));
#4332 = SURFACE_CURVE('',#4333,(#4337,#4344),.PCURVE_S1.);
#4333 = LINE('',#4334,#4335);
#4334 = CARTESIAN_POINT('',(-18.52814258665,-18.6,76.375486072947));
#4335 = VECTOR('',#4336,1.);
#4336 = DIRECTION('',(-0.740760195901,2.09E-15,0.671769552874));
#4337 = PCURVE('',#776,#4338);
#4338 = DEFINITIONAL_REPRESENTATION('',(#4339),#4343);
#4339 = LINE('',#4340,#4341);
#4340 = CARTESIAN_POINT('',(-14.25543679762,-18.52814242473));
#4341 = VECTOR('',#4342,1.);
#4342 = DIRECTION('',(-0.671769552874,-0.740760195901));
#4343 = ( GEOMETRIC_REPRESENTATION_CONTEXT(2) 
PARAMETRIC_REPRESENTATION_CONTEXT() REPRESENTATION_CONTEXT('2D SPACE',''
  ) );
#4344 = PCURVE('',#4345,#4350);
#4345 = CYLINDRICAL_SURFACE('',#4346,1.);
#4346 = AXIS2_PLACEMENT_3D('',#4347,#4348,#4349);
#4347 = CARTESIAN_POINT('',(-18.52814258665,-17.6,76.375486072947));
#4348 = DIRECTION('',(-0.740760195901,2.09E-15,0.671769552874));
#4349 = DIRECTION('',(-1.603416745816E-15,-1.,1.343098527461E-15));
#4350 = DEFINITIONAL_REPRESENTATION('',(#4351),#4355);
#4351 = LINE('',#4352,#4353);
#4352 = CARTESIAN_POINT('',(-0.,0.));
#4353 = VECTOR('',#4354,1.);
#4354 = DIRECTION('',(-0.,1.));
#4355 = ( GEOMETRIC_REPRESENTATION_CONTEXT(2) 
PARAMETRIC_REPRESENTATION_CONTEXT() REPRESENTATION_CONTEXT('2D SPACE',''
  ) );
#4356 = ORIENTED_EDGE('',*,*,#4357,.F.);
#4357 = EDGE_CURVE('',#4358,#4330,#4360,.T.);
#4358 = VERTEX_POINT('',#4359);
#4359 = CARTESIAN_POINT('',(-19.19991213953,-18.6,75.634725877045));
#4360 = SURFACE_CURVE('',#4361,(#4365,#4372),.PCURVE_S1.);
#4361 = LINE('',#4362,#4363);
#4362 = CARTESIAN_POINT('',(-25.76063332935,-18.6,67.815962829061));
#4363 = VECTOR('',#4364,1.);
#4364 = DIRECTION('',(0.642787609686,-1.5E-15,0.766044443119));
#4365 = PCURVE('',#776,#4366);
#4366 = DEFINITIONAL_REPRESENTATION('',(#4367),#4371);
#4367 = LINE('',#4368,#4369);
#4368 = CARTESIAN_POINT('',(-5.695913553743,-25.76063316743));
#4369 = VECTOR('',#4370,1.);
#4370 = DIRECTION('',(-0.766044443119,0.642787609686));
#4371 = ( GEOMETRIC_REPRESENTATION_CONTEXT(2) 
PARAMETRIC_REPRESENTATION_CONTEXT() REPRESENTATION_CONTEXT('2D SPACE',''
  ) );
#4372 = PCURVE('',#4373,#4378);
#4373 = CYLINDRICAL_SURFACE('',#4374,2.);
#4374 = AXIS2_PLACEMENT_3D('',#4375,#4376,#4377);
#4375 = CARTESIAN_POINT('',(-25.76063332935,-16.6,67.815962829061));
#4376 = DIRECTION('',(0.642787609686,-1.5E-15,0.766044443119));
#4377 = DIRECTION('',(-2.641422016942E-15,-1.,2.583053062008E-16));
#4378 = DEFINITIONAL_REPRESENTATION('',(#4379),#4383);
#4379 = LINE('',#4380,#4381);
#4380 = CARTESIAN_POINT('',(1.78E-15,3.17E-15));
#4381 = VECTOR('',#4382,1.);
#4382 = DIRECTION('',(-0.,1.));
#4383 = ( GEOMETRIC_REPRESENTATION_CONTEXT(2) 
PARAMETRIC_REPRESENTATION_CONTEXT() REPRESENTATION_CONTEXT('2D SPACE',''
  ) );
#4384 = ORIENTED_EDGE('',*,*,#4385,.F.);
#4385 = EDGE_CURVE('',#4386,#4358,#4388,.T.);
#4386 = VERTEX_POINT('',#4387);
#4387 = CARTESIAN_POINT('',(-25.76063332935,-18.6,67.815962829061));
#4388 = SURFACE_CURVE('',#4389,(#4393,#4400),.PCURVE_S1.);
#4389 = LINE('',#4390,#4391);
#4390 = CARTESIAN_POINT('',(-25.76063332935,-18.6,67.815962829061));
#4391 = VECTOR('',#4392,1.);
#4392 = DIRECTION('',(0.642787609686,-1.5E-15,0.766044443119));
#4393 = PCURVE('',#776,#4394);
#4394 = DEFINITIONAL_REPRESENTATION('',(#4395),#4399);
#4395 = LINE('',#4396,#4397);
#4396 = CARTESIAN_POINT('',(-5.695913553743,-25.76063316743));
#4397 = VECTOR('',#4398,1.);
#4398 = DIRECTION('',(-0.766044443119,0.642787609686));
#4399 = ( GEOMETRIC_REPRESENTATION_CONTEXT(2) 
PARAMETRIC_REPRESENTATION_CONTEXT() REPRESENTATION_CONTEXT('2D SPACE',''
  ) );
#4400 = PCURVE('',#4373,#4401);
#4401 = DEFINITIONAL_REPRESENTATION('',(#4402),#4406);
#4402 = LINE('',#4403,#4404);
#4403 = CARTESIAN_POINT('',(-0.,0.));
#4404 = VECTOR('',#4405,1.);
#4405 = DIRECTION('',(-0.,1.));
#4406 = ( GEOMETRIC_REPRESENTATION_CONTEXT(2) 
PARAMETRIC_REPRESENTATION_CONTEXT() REPRESENTATION_CONTEXT('2D SPACE',''
  ) );
#4407 = ORIENTED_EDGE('',*,*,#4408,.F.);
#4408 = EDGE_CURVE('',#4409,#4386,#4411,.T.);
#4409 = VERTEX_POINT('',#4410);
#4410 = CARTESIAN_POINT('',(-26.4625,-18.6,65.8876));
#4411 = SURFACE_CURVE('',#4412,(#4417,#4428),.PCURVE_S1.);
#4412 = CIRCLE('',#4413,3.);
#4413 = AXIS2_PLACEMENT_3D('',#4414,#4415,#4416);
#4414 = CARTESIAN_POINT('',(-23.4625,-18.6,65.8876));
#4415 = DIRECTION('',(1.68E-15,1.,-1.42E-15));
#4416 = DIRECTION('',(-1.,1.68E-15,7.89E-15));
#4417 = PCURVE('',#776,#4418);
#4418 = DEFINITIONAL_REPRESENTATION('',(#4419),#4427);
#4419 = ( BOUNDED_CURVE() B_SPLINE_CURVE(2,(#4420,#4421,#4422,#4423,
#4424,#4425,#4426),.UNSPECIFIED.,.T.,.F.) B_SPLINE_CURVE_WITH_KNOTS((1,2
    ,2,2,2,1),(-2.094395102393,0.,2.094395102393,4.188790204786,
6.28318530718,8.377580409573),.UNSPECIFIED.) CURVE() 
GEOMETRIC_REPRESENTATION_ITEM() RATIONAL_B_SPLINE_CURVE((1.,0.5,1.,0.5,
1.,0.5,1.)) REPRESENTATION_ITEM('') );
#4420 = CARTESIAN_POINT('',(-3.767550724682,-26.46249983807));
#4421 = CARTESIAN_POINT('',(-8.963703147388,-26.46249983807));
#4422 = CARTESIAN_POINT('',(-6.365626936035,-21.96249983807));
#4423 = CARTESIAN_POINT('',(-3.767550724682,-17.46249983807));
#4424 = CARTESIAN_POINT('',(-1.169474513328,-21.96249983807));
#4425 = CARTESIAN_POINT('',(1.428601698025,-26.46249983807));
#4426 = CARTESIAN_POINT('',(-3.767550724682,-26.46249983807));
#4427 = ( GEOMETRIC_REPRESENTATION_CONTEXT(2) 
PARAMETRIC_REPRESENTATION_CONTEXT() REPRESENTATION_CONTEXT('2D SPACE',''
  ) );
#4428 = PCURVE('',#4429,#4434);
#4429 = TOROIDAL_SURFACE('',#4430,3.,2.);
#4430 = AXIS2_PLACEMENT_3D('',#4431,#4432,#4433);
#4431 = CARTESIAN_POINT('',(-23.4625,-16.6,65.8876));
#4432 = DIRECTION('',(1.68E-15,1.,-1.42E-15));
#4433 = DIRECTION('',(-1.,1.68E-15,7.89E-15));
#4434 = DEFINITIONAL_REPRESENTATION('',(#4435),#4439);
#4435 = LINE('',#4436,#4437);
#4436 = CARTESIAN_POINT('',(0.,4.712388980385));
#4437 = VECTOR('',#4438,1.);
#4438 = DIRECTION('',(1.,0.));
#4439 = ( GEOMETRIC_REPRESENTATION_CONTEXT(2) 
PARAMETRIC_REPRESENTATION_CONTEXT() REPRESENTATION_CONTEXT('2D SPACE',''
  ) );
#4440 = ORIENTED_EDGE('',*,*,#4441,.F.);
#4441 = EDGE_CURVE('',#4442,#4409,#4444,.T.);
#4442 = VERTEX_POINT('',#4443);
#4443 = CARTESIAN_POINT('',(-26.4625,-18.6,62.7376));
#4444 = SURFACE_CURVE('',#4445,(#4449,#4456),.PCURVE_S1.);
#4445 = LINE('',#4446,#4447);
#4446 = CARTESIAN_POINT('',(-26.4625,-18.6,62.7376));
#4447 = VECTOR('',#4448,1.);
#4448 = DIRECTION('',(-2.78E-15,0.,1.));
#4449 = PCURVE('',#776,#4450);
#4450 = DEFINITIONAL_REPRESENTATION('',(#4451),#4455);
#4451 = LINE('',#4452,#4453);
#4452 = CARTESIAN_POINT('',(-0.617550724682,-26.46249983807));
#4453 = VECTOR('',#4454,1.);
#4454 = DIRECTION('',(-1.,-3.4E-16));
#4455 = ( GEOMETRIC_REPRESENTATION_CONTEXT(2) 
PARAMETRIC_REPRESENTATION_CONTEXT() REPRESENTATION_CONTEXT('2D SPACE',''
  ) );
#4456 = PCURVE('',#4457,#4462);
#4457 = CYLINDRICAL_SURFACE('',#4458,2.);
#4458 = AXIS2_PLACEMENT_3D('',#4459,#4460,#4461);
#4459 = CARTESIAN_POINT('',(-26.4625,-16.6,62.7376));
#4460 = DIRECTION('',(-2.78E-15,0.,1.));
#4461 = DIRECTION('',(-1.68E-15,-1.,-4.6704E-30));
#4462 = DEFINITIONAL_REPRESENTATION('',(#4463),#4467);
#4463 = LINE('',#4464,#4465);
#4464 = CARTESIAN_POINT('',(-0.,0.));
#4465 = VECTOR('',#4466,1.);
#4466 = DIRECTION('',(-0.,1.));
#4467 = ( GEOMETRIC_REPRESENTATION_CONTEXT(2) 
PARAMETRIC_REPRESENTATION_CONTEXT() REPRESENTATION_CONTEXT('2D SPACE',''
  ) );
#4468 = ORIENTED_EDGE('',*,*,#4469,.F.);
#4469 = EDGE_CURVE('',#4470,#4442,#4472,.T.);
#4470 = VERTEX_POINT('',#4471);
#4471 = CARTESIAN_POINT('',(-23.4625,-18.6,62.7376));
#4472 = SURFACE_CURVE('',#4473,(#4477,#4484),.PCURVE_S1.);
#4473 = LINE('',#4474,#4475);
#4474 = CARTESIAN_POINT('',(-23.4625,-18.6,62.7376));
#4475 = VECTOR('',#4476,1.);
#4476 = DIRECTION('',(-1.,2.E-15,8.9E-16));
#4477 = PCURVE('',#776,#4478);
#4478 = DEFINITIONAL_REPRESENTATION('',(#4479),#4483);
#4479 = LINE('',#4480,#4481);
#4480 = CARTESIAN_POINT('',(-0.617550724682,-23.46249983807));
#4481 = VECTOR('',#4482,1.);
#4482 = DIRECTION('',(-3.33E-15,-1.));
#4483 = ( GEOMETRIC_REPRESENTATION_CONTEXT(2) 
PARAMETRIC_REPRESENTATION_CONTEXT() REPRESENTATION_CONTEXT('2D SPACE',''
  ) );
#4484 = PCURVE('',#1418,#4485);
#4485 = DEFINITIONAL_REPRESENTATION('',(#4486),#4490);
#4486 = LINE('',#4487,#4488);
#4487 = CARTESIAN_POINT('',(1.327069082912E-13,-30.6076));
#4488 = VECTOR('',#4489,1.);
#4489 = DIRECTION('',(-1.,4.5E-16));
#4490 = ( GEOMETRIC_REPRESENTATION_CONTEXT(2) 
PARAMETRIC_REPRESENTATION_CONTEXT() REPRESENTATION_CONTEXT('2D SPACE',''
  ) );
#4491 = ORIENTED_EDGE('',*,*,#4492,.F.);
#4492 = EDGE_CURVE('',#4493,#4470,#4495,.T.);
#4493 = VERTEX_POINT('',#4494);
#4494 = CARTESIAN_POINT('',(-23.4625,-18.6,65.8876));
#4495 = SURFACE_CURVE('',#4496,(#4500,#4507),.PCURVE_S1.);
#4496 = LINE('',#4497,#4498);
#4497 = CARTESIAN_POINT('',(-23.4625,-18.6,65.8876));
#4498 = VECTOR('',#4499,1.);
#4499 = DIRECTION('',(3.11E-15,2.44E-15,-1.));
#4500 = PCURVE('',#776,#4501);
#4501 = DEFINITIONAL_REPRESENTATION('',(#4502),#4506);
#4502 = LINE('',#4503,#4504);
#4503 = CARTESIAN_POINT('',(-3.767550724682,-23.46249983807));
#4504 = VECTOR('',#4505,1.);
#4505 = DIRECTION('',(1.,6.7E-16));
#4506 = ( GEOMETRIC_REPRESENTATION_CONTEXT(2) 
PARAMETRIC_REPRESENTATION_CONTEXT() REPRESENTATION_CONTEXT('2D SPACE',''
  ) );
#4507 = PCURVE('',#4508,#4513);
#4508 = PLANE('',#4509);
#4509 = AXIS2_PLACEMENT_3D('',#4510,#4511,#4512);
#4510 = CARTESIAN_POINT('',(-23.4625,12.0076,65.8876));
#4511 = DIRECTION('',(-1.,1.78E-15,6.7E-16));
#4512 = DIRECTION('',(6.7E-16,-2.E-15,1.));
#4513 = DEFINITIONAL_REPRESENTATION('',(#4514),#4518);
#4514 = LINE('',#4515,#4516);
#4515 = CARTESIAN_POINT('',(1.749020377216E-13,-30.6076));
#4516 = VECTOR('',#4517,1.);
#4517 = DIRECTION('',(-1.,4.4E-16));
#4518 = ( GEOMETRIC_REPRESENTATION_CONTEXT(2) 
PARAMETRIC_REPRESENTATION_CONTEXT() REPRESENTATION_CONTEXT('2D SPACE',''
  ) );
#4519 = ORIENTED_EDGE('',*,*,#4520,.F.);
#4520 = EDGE_CURVE('',#4521,#4493,#4523,.T.);
#4521 = VERTEX_POINT('',#4522);
#4522 = CARTESIAN_POINT('',(-18.5,-18.6,65.8876));
#4523 = SURFACE_CURVE('',#4524,(#4528,#4535),.PCURVE_S1.);
#4524 = LINE('',#4525,#4526);
#4525 = CARTESIAN_POINT('',(-18.5,-18.6,65.8876));
#4526 = VECTOR('',#4527,1.);
#4527 = DIRECTION('',(-1.,2.E-15,8.9E-16));
#4528 = PCURVE('',#776,#4529);
#4529 = DEFINITIONAL_REPRESENTATION('',(#4530),#4534);
#4530 = LINE('',#4531,#4532);
#4531 = CARTESIAN_POINT('',(-3.767550724682,-18.49999983807));
#4532 = VECTOR('',#4533,1.);
#4533 = DIRECTION('',(-3.33E-15,-1.));
#4534 = ( GEOMETRIC_REPRESENTATION_CONTEXT(2) 
PARAMETRIC_REPRESENTATION_CONTEXT() REPRESENTATION_CONTEXT('2D SPACE',''
  ) );
#4535 = PCURVE('',#4536,#4541);
#4536 = PLANE('',#4537);
#4537 = AXIS2_PLACEMENT_3D('',#4538,#4539,#4540);
#4538 = CARTESIAN_POINT('',(-18.5,12.0076,65.8876));
#4539 = DIRECTION('',(-3.11E-15,-1.78E-15,1.));
#4540 = DIRECTION('',(1.,-1.55E-15,3.11E-15));
#4541 = DEFINITIONAL_REPRESENTATION('',(#4542),#4546);
#4542 = LINE('',#4543,#4544);
#4543 = CARTESIAN_POINT('',(1.327069082912E-13,-30.6076));
#4544 = VECTOR('',#4545,1.);
#4545 = DIRECTION('',(-1.,4.5E-16));
#4546 = ( GEOMETRIC_REPRESENTATION_CONTEXT(2) 
PARAMETRIC_REPRESENTATION_CONTEXT() REPRESENTATION_CONTEXT('2D SPACE',''
  ) );
#4547 = ORIENTED_EDGE('',*,*,#4548,.F.);
#4548 = EDGE_CURVE('',#4549,#4521,#4551,.T.);
#4549 = VERTEX_POINT('',#4550);
#4550 = CARTESIAN_POINT('',(-18.5,-18.6,52.9876));
#4551 = SURFACE_CURVE('',#4552,(#4556,#4563),.PCURVE_S1.);
#4552 = LINE('',#4553,#4554);
#4553 = CARTESIAN_POINT('',(-18.5,-18.6,27.5));
#4554 = VECTOR('',#4555,1.);
#4555 = DIRECTION('',(-3.E-15,-7.8E-16,1.));
#4556 = PCURVE('',#776,#4557);
#4557 = DEFINITIONAL_REPRESENTATION('',(#4558),#4562);
#4558 = LINE('',#4559,#4560);
#4559 = CARTESIAN_POINT('',(34.620049275318,-18.49999983807));
#4560 = VECTOR('',#4561,1.);
#4561 = DIRECTION('',(-1.,-5.6E-16));
#4562 = ( GEOMETRIC_REPRESENTATION_CONTEXT(2) 
PARAMETRIC_REPRESENTATION_CONTEXT() REPRESENTATION_CONTEXT('2D SPACE',''
  ) );
#4563 = PCURVE('',#1334,#4564);
#4564 = DEFINITIONAL_REPRESENTATION('',(#4565),#4569);
#4565 = LINE('',#4566,#4567);
#4566 = CARTESIAN_POINT('',(25.4876,-30.6076));
#4567 = VECTOR('',#4568,1.);
#4568 = DIRECTION('',(-1.,1.22E-15));
#4569 = ( GEOMETRIC_REPRESENTATION_CONTEXT(2) 
PARAMETRIC_REPRESENTATION_CONTEXT() REPRESENTATION_CONTEXT('2D SPACE',''
  ) );
#4570 = ORIENTED_EDGE('',*,*,#4571,.F.);
#4571 = EDGE_CURVE('',#4572,#4549,#4574,.T.);
#4572 = VERTEX_POINT('',#4573);
#4573 = CARTESIAN_POINT('',(-23.4625,-18.6,52.9876));
#4574 = SURFACE_CURVE('',#4575,(#4579,#4586),.PCURVE_S1.);
#4575 = LINE('',#4576,#4577);
#4576 = CARTESIAN_POINT('',(-23.4625,-18.6,52.9876));
#4577 = VECTOR('',#4578,1.);
#4578 = DIRECTION('',(1.,-2.E-15,-8.9E-16));
#4579 = PCURVE('',#776,#4580);
#4580 = DEFINITIONAL_REPRESENTATION('',(#4581),#4585);
#4581 = LINE('',#4582,#4583);
#4582 = CARTESIAN_POINT('',(9.132449275318,-23.46249983807));
#4583 = VECTOR('',#4584,1.);
#4584 = DIRECTION('',(3.33E-15,1.));
#4585 = ( GEOMETRIC_REPRESENTATION_CONTEXT(2) 
PARAMETRIC_REPRESENTATION_CONTEXT() REPRESENTATION_CONTEXT('2D SPACE',''
  ) );
#4586 = PCURVE('',#1306,#4587);
#4587 = DEFINITIONAL_REPRESENTATION('',(#4588),#4592);
#4588 = LINE('',#4589,#4590);
#4589 = CARTESIAN_POINT('',(-1.398123356488E-13,-30.6076));
#4590 = VECTOR('',#4591,1.);
#4591 = DIRECTION('',(-1.,-4.5E-16));
#4592 = ( GEOMETRIC_REPRESENTATION_CONTEXT(2) 
PARAMETRIC_REPRESENTATION_CONTEXT() REPRESENTATION_CONTEXT('2D SPACE',''
  ) );
#4593 = ORIENTED_EDGE('',*,*,#4594,.T.);
#4594 = EDGE_CURVE('',#4572,#4595,#4597,.T.);
#4595 = VERTEX_POINT('',#4596);
#4596 = CARTESIAN_POINT('',(-23.4625,-18.6,56.1376));
#4597 = SURFACE_CURVE('',#4598,(#4602,#4609),.PCURVE_S1.);
#4598 = LINE('',#4599,#4600);
#4599 = CARTESIAN_POINT('',(-23.4625,-18.6,52.9876));
#4600 = VECTOR('',#4601,1.);
#4601 = DIRECTION('',(-3.11E-15,-2.44E-15,1.));
#4602 = PCURVE('',#776,#4603);
#4603 = DEFINITIONAL_REPRESENTATION('',(#4604),#4608);
#4604 = LINE('',#4605,#4606);
#4605 = CARTESIAN_POINT('',(9.132449275318,-23.46249983807));
#4606 = VECTOR('',#4607,1.);
#4607 = DIRECTION('',(-1.,-6.7E-16));
#4608 = ( GEOMETRIC_REPRESENTATION_CONTEXT(2) 
PARAMETRIC_REPRESENTATION_CONTEXT() REPRESENTATION_CONTEXT('2D SPACE',''
  ) );
#4609 = PCURVE('',#1278,#4610);
#4610 = DEFINITIONAL_REPRESENTATION('',(#4611),#4615);
#4611 = LINE('',#4612,#4613);
#4612 = CARTESIAN_POINT('',(-1.32269473576E-13,-30.6076));
#4613 = VECTOR('',#4614,1.);
#4614 = DIRECTION('',(-1.,-4.4E-16));
#4615 = ( GEOMETRIC_REPRESENTATION_CONTEXT(2) 
PARAMETRIC_REPRESENTATION_CONTEXT() REPRESENTATION_CONTEXT('2D SPACE',''
  ) );
#4616 = ORIENTED_EDGE('',*,*,#4617,.T.);
#4617 = EDGE_CURVE('',#4595,#4618,#4620,.T.);
#4618 = VERTEX_POINT('',#4619);
#4619 = CARTESIAN_POINT('',(-26.4625,-18.6,56.1376));
#4620 = SURFACE_CURVE('',#4621,(#4625,#4632),.PCURVE_S1.);
#4621 = LINE('',#4622,#4623);
#4622 = CARTESIAN_POINT('',(-23.4625,-18.6,56.1376));
#4623 = VECTOR('',#4624,1.);
#4624 = DIRECTION('',(-1.,2.E-15,8.9E-16));
#4625 = PCURVE('',#776,#4626);
#4626 = DEFINITIONAL_REPRESENTATION('',(#4627),#4631);
#4627 = LINE('',#4628,#4629);
#4628 = CARTESIAN_POINT('',(5.982449275318,-23.46249983807));
#4629 = VECTOR('',#4630,1.);
#4630 = DIRECTION('',(-3.33E-15,-1.));
#4631 = ( GEOMETRIC_REPRESENTATION_CONTEXT(2) 
PARAMETRIC_REPRESENTATION_CONTEXT() REPRESENTATION_CONTEXT('2D SPACE',''
  ) );
#4632 = PCURVE('',#1250,#4633);
#4633 = DEFINITIONAL_REPRESENTATION('',(#4634),#4638);
#4634 = LINE('',#4635,#4636);
#4635 = CARTESIAN_POINT('',(1.291541946124E-13,-30.6076));
#4636 = VECTOR('',#4637,1.);
#4637 = DIRECTION('',(-1.,4.5E-16));
#4638 = ( GEOMETRIC_REPRESENTATION_CONTEXT(2) 
PARAMETRIC_REPRESENTATION_CONTEXT() REPRESENTATION_CONTEXT('2D SPACE',''
  ) );
#4639 = ORIENTED_EDGE('',*,*,#4640,.F.);
#4640 = EDGE_CURVE('',#4641,#4618,#4643,.T.);
#4641 = VERTEX_POINT('',#4642);
#4642 = CARTESIAN_POINT('',(-26.4625,-18.6,52.9876));
#4643 = SURFACE_CURVE('',#4644,(#4648,#4655),.PCURVE_S1.);
#4644 = LINE('',#4645,#4646);
#4645 = CARTESIAN_POINT('',(-26.4625,-18.6,52.9876));
#4646 = VECTOR('',#4647,1.);
#4647 = DIRECTION('',(-2.78E-15,0.,1.));
#4648 = PCURVE('',#776,#4649);
#4649 = DEFINITIONAL_REPRESENTATION('',(#4650),#4654);
#4650 = LINE('',#4651,#4652);
#4651 = CARTESIAN_POINT('',(9.132449275318,-26.46249983807));
#4652 = VECTOR('',#4653,1.);
#4653 = DIRECTION('',(-1.,-3.4E-16));
#4654 = ( GEOMETRIC_REPRESENTATION_CONTEXT(2) 
PARAMETRIC_REPRESENTATION_CONTEXT() REPRESENTATION_CONTEXT('2D SPACE',''
  ) );
#4655 = PCURVE('',#4656,#4661);
#4656 = CYLINDRICAL_SURFACE('',#4657,2.);
#4657 = AXIS2_PLACEMENT_3D('',#4658,#4659,#4660);
#4658 = CARTESIAN_POINT('',(-26.4625,-16.6,52.9876));
#4659 = DIRECTION('',(-2.78E-15,0.,1.));
#4660 = DIRECTION('',(-1.68E-15,-1.,-4.6704E-30));
#4661 = DEFINITIONAL_REPRESENTATION('',(#4662),#4666);
#4662 = LINE('',#4663,#4664);
#4663 = CARTESIAN_POINT('',(-0.,0.));
#4664 = VECTOR('',#4665,1.);
#4665 = DIRECTION('',(-0.,1.));
#4666 = ( GEOMETRIC_REPRESENTATION_CONTEXT(2) 
PARAMETRIC_REPRESENTATION_CONTEXT() REPRESENTATION_CONTEXT('2D SPACE',''
  ) );
#4667 = ORIENTED_EDGE('',*,*,#4668,.F.);
#4668 = EDGE_CURVE('',#4669,#4641,#4671,.T.);
#4669 = VERTEX_POINT('',#4670);
#4670 = CARTESIAN_POINT('',(-25.76063332935,-18.6,51.059237170939));
#4671 = SURFACE_CURVE('',#4672,(#4677,#4688),.PCURVE_S1.);
#4672 = CIRCLE('',#4673,3.);
#4673 = AXIS2_PLACEMENT_3D('',#4674,#4675,#4676);
#4674 = CARTESIAN_POINT('',(-23.4625,-18.6,52.9876));
#4675 = DIRECTION('',(1.68E-15,1.,-1.42E-15));
#4676 = DIRECTION('',(-0.766044443119,3.741962586842E-16,-0.642787609687
    ));
#4677 = PCURVE('',#776,#4678);
#4678 = DEFINITIONAL_REPRESENTATION('',(#4679),#4687);
#4679 = ( BOUNDED_CURVE() B_SPLINE_CURVE(2,(#4680,#4681,#4682,#4683,
#4684,#4685,#4686),.UNSPECIFIED.,.T.,.F.) B_SPLINE_CURVE_WITH_KNOTS((1,2
    ,2,2,2,1),(-2.094395102393,0.,2.094395102393,4.188790204786,
6.28318530718,8.377580409573),.UNSPECIFIED.) CURVE() 
GEOMETRIC_REPRESENTATION_ITEM() RATIONAL_B_SPLINE_CURVE((1.,0.5,1.,0.5,
1.,0.5,1.)) REPRESENTATION_ITEM('') );
#4680 = CARTESIAN_POINT('',(11.060812104379,-25.76063316743));
#4681 = CARTESIAN_POINT('',(7.080328415367,-29.10065556279));
#4682 = CARTESIAN_POINT('',(6.178026016282,-23.98344437107));
#4683 = CARTESIAN_POINT('',(5.275723617197,-18.86623317936));
#4684 = CARTESIAN_POINT('',(10.158509705294,-20.64342197571));
#4685 = CARTESIAN_POINT('',(15.041295793391,-22.42061077207));
#4686 = CARTESIAN_POINT('',(11.060812104379,-25.76063316743));
#4687 = ( GEOMETRIC_REPRESENTATION_CONTEXT(2) 
PARAMETRIC_REPRESENTATION_CONTEXT() REPRESENTATION_CONTEXT('2D SPACE',''
  ) );
#4688 = PCURVE('',#4689,#4694);
#4689 = TOROIDAL_SURFACE('',#4690,3.,2.);
#4690 = AXIS2_PLACEMENT_3D('',#4691,#4692,#4693);
#4691 = CARTESIAN_POINT('',(-23.4625,-16.6,52.9876));
#4692 = DIRECTION('',(1.68E-15,1.,-1.42E-15));
#4693 = DIRECTION('',(-0.766044443119,3.741962586842E-16,-0.642787609687
    ));
#4694 = DEFINITIONAL_REPRESENTATION('',(#4695),#4699);
#4695 = LINE('',#4696,#4697);
#4696 = CARTESIAN_POINT('',(0.,4.712388980385));
#4697 = VECTOR('',#4698,1.);
#4698 = DIRECTION('',(1.,0.));
#4699 = ( GEOMETRIC_REPRESENTATION_CONTEXT(2) 
PARAMETRIC_REPRESENTATION_CONTEXT() REPRESENTATION_CONTEXT('2D SPACE',''
  ) );
#4700 = ORIENTED_EDGE('',*,*,#4701,.F.);
#4701 = EDGE_CURVE('',#3370,#4669,#4702,.T.);
#4702 = SURFACE_CURVE('',#4703,(#4707,#4714),.PCURVE_S1.);
#4703 = LINE('',#4704,#4705);
#4704 = CARTESIAN_POINT('',(-16.11757319883,-18.6,39.567085616787));
#4705 = VECTOR('',#4706,1.);
#4706 = DIRECTION('',(-0.642787609686,1.5E-15,0.766044443119));
#4707 = PCURVE('',#776,#4708);
#4708 = DEFINITIONAL_REPRESENTATION('',(#4709),#4713);
#4709 = LINE('',#4710,#4711);
#4710 = CARTESIAN_POINT('',(22.552963658532,-16.11757303691));
#4711 = VECTOR('',#4712,1.);
#4712 = DIRECTION('',(-0.766044443119,-0.642787609686));
#4713 = ( GEOMETRIC_REPRESENTATION_CONTEXT(2) 
PARAMETRIC_REPRESENTATION_CONTEXT() REPRESENTATION_CONTEXT('2D SPACE',''
  ) );
#4714 = PCURVE('',#869,#4715);
#4715 = DEFINITIONAL_REPRESENTATION('',(#4716),#4720);
#4716 = LINE('',#4717,#4718);
#4717 = CARTESIAN_POINT('',(-0.,0.));
#4718 = VECTOR('',#4719,1.);
#4719 = DIRECTION('',(-0.,1.));
#4720 = ( GEOMETRIC_REPRESENTATION_CONTEXT(2) 
PARAMETRIC_REPRESENTATION_CONTEXT() REPRESENTATION_CONTEXT('2D SPACE',''
  ) );
#4721 = ADVANCED_FACE('',(#4722,#4921),#808,.T.);
#4722 = FACE_BOUND('',#4723,.T.);
#4723 = EDGE_LOOP('',(#4724,#4754,#4787,#4815,#4843,#4871,#4892,#4893,
    #4894,#4895));
#4724 = ORIENTED_EDGE('',*,*,#4725,.T.);
#4725 = EDGE_CURVE('',#4726,#4728,#4730,.T.);
#4726 = VERTEX_POINT('',#4727);
#4727 = CARTESIAN_POINT('',(-8.,21.649744220011,11.));
#4728 = VERTEX_POINT('',#4729);
#4729 = CARTESIAN_POINT('',(-8.,30.4076,11.));
#4730 = SURFACE_CURVE('',#4731,(#4735,#4742),.PCURVE_S1.);
#4731 = LINE('',#4732,#4733);
#4732 = CARTESIAN_POINT('',(-8.,-9.44E-15,11.));
#4733 = VECTOR('',#4734,1.);
#4734 = DIRECTION('',(-8.9E-16,1.,-7.8E-16));
#4735 = PCURVE('',#808,#4736);
#4736 = DEFINITIONAL_REPRESENTATION('',(#4737),#4741);
#4737 = LINE('',#4738,#4739);
#4738 = CARTESIAN_POINT('',(-5.561598396451,17.144731545409));
#4739 = VECTOR('',#4740,1.);
#4740 = DIRECTION('',(1.34E-15,-1.));
#4741 = ( GEOMETRIC_REPRESENTATION_CONTEXT(2) 
PARAMETRIC_REPRESENTATION_CONTEXT() REPRESENTATION_CONTEXT('2D SPACE',''
  ) );
#4742 = PCURVE('',#4743,#4748);
#4743 = PLANE('',#4744);
#4744 = AXIS2_PLACEMENT_3D('',#4745,#4746,#4747);
#4745 = CARTESIAN_POINT('',(-8.,4.11E-15,11.));
#4746 = DIRECTION('',(-1.05E-15,1.1E-16,1.));
#4747 = DIRECTION('',(-4.4E-16,1.,-1.1E-16));
#4748 = DEFINITIONAL_REPRESENTATION('',(#4749),#4753);
#4749 = LINE('',#4750,#4751);
#4750 = CARTESIAN_POINT('',(-1.355E-14,5.962E-30));
#4751 = VECTOR('',#4752,1.);
#4752 = DIRECTION('',(1.,4.5E-16));
#4753 = ( GEOMETRIC_REPRESENTATION_CONTEXT(2) 
PARAMETRIC_REPRESENTATION_CONTEXT() REPRESENTATION_CONTEXT('2D SPACE',''
  ) );
#4754 = ORIENTED_EDGE('',*,*,#4755,.F.);
#4755 = EDGE_CURVE('',#4756,#4728,#4758,.T.);
#4756 = VERTEX_POINT('',#4757);
#4757 = CARTESIAN_POINT('',(-8.,35.4076,6.));
#4758 = SURFACE_CURVE('',#4759,(#4764,#4775),.PCURVE_S1.);
#4759 = CIRCLE('',#4760,5.);
#4760 = AXIS2_PLACEMENT_3D('',#4761,#4762,#4763);
#4761 = CARTESIAN_POINT('',(-8.,30.4076,6.));
#4762 = DIRECTION('',(1.,8.9E-16,1.E-15));
#4763 = DIRECTION('',(-8.9E-16,1.,-7.8E-16));
#4764 = PCURVE('',#808,#4765);
#4765 = DEFINITIONAL_REPRESENTATION('',(#4766),#4774);
#4766 = ( BOUNDED_CURVE() B_SPLINE_CURVE(2,(#4767,#4768,#4769,#4770,
#4771,#4772,#4773),.UNSPECIFIED.,.T.,.F.) B_SPLINE_CURVE_WITH_KNOTS((1,2
    ,2,2,2,1),(-2.094395102393,0.,2.094395102393,4.188790204786,
6.28318530718,8.377580409573),.UNSPECIFIED.) CURVE() 
GEOMETRIC_REPRESENTATION_ITEM() RATIONAL_B_SPLINE_CURVE((1.,0.5,1.,0.5,
1.,0.5,1.)) REPRESENTATION_ITEM('') );
#4767 = CARTESIAN_POINT('',(-0.561598396451,-18.26286845459));
#4768 = CARTESIAN_POINT('',(-9.221852434295,-18.26286845459));
#4769 = CARTESIAN_POINT('',(-4.891725415373,-10.76286845459));
#4770 = CARTESIAN_POINT('',(-0.561598396451,-3.262868454591));
#4771 = CARTESIAN_POINT('',(3.768528622471,-10.76286845459));
#4772 = CARTESIAN_POINT('',(8.098655641394,-18.26286845459));
#4773 = CARTESIAN_POINT('',(-0.561598396451,-18.26286845459));
#4774 = ( GEOMETRIC_REPRESENTATION_CONTEXT(2) 
PARAMETRIC_REPRESENTATION_CONTEXT() REPRESENTATION_CONTEXT('2D SPACE',''
  ) );
#4775 = PCURVE('',#4776,#4781);
#4776 = CYLINDRICAL_SURFACE('',#4777,5.);
#4777 = AXIS2_PLACEMENT_3D('',#4778,#4779,#4780);
#4778 = CARTESIAN_POINT('',(-8.,30.4076,6.));
#4779 = DIRECTION('',(-1.,4.4E-16,-3.3E-16));
#4780 = DIRECTION('',(4.4E-16,1.,-1.E-15));
#4781 = DEFINITIONAL_REPRESENTATION('',(#4782),#4786);
#4782 = LINE('',#4783,#4784);
#4783 = CARTESIAN_POINT('',(-0.,0.));
#4784 = VECTOR('',#4785,1.);
#4785 = DIRECTION('',(-1.,0.));
#4786 = ( GEOMETRIC_REPRESENTATION_CONTEXT(2) 
PARAMETRIC_REPRESENTATION_CONTEXT() REPRESENTATION_CONTEXT('2D SPACE',''
  ) );
#4787 = ORIENTED_EDGE('',*,*,#4788,.F.);
#4788 = EDGE_CURVE('',#4789,#4756,#4791,.T.);
#4789 = VERTEX_POINT('',#4790);
#4790 = CARTESIAN_POINT('',(-8.,35.4076,2.54));
#4791 = SURFACE_CURVE('',#4792,(#4796,#4803),.PCURVE_S1.);
#4792 = LINE('',#4793,#4794);
#4793 = CARTESIAN_POINT('',(-8.,35.4076,2.54));
#4794 = VECTOR('',#4795,1.);
#4795 = DIRECTION('',(-1.E-15,-5.6E-16,1.));
#4796 = PCURVE('',#808,#4797);
#4797 = DEFINITIONAL_REPRESENTATION('',(#4798),#4802);
#4798 = LINE('',#4799,#4800);
#4799 = CARTESIAN_POINT('',(2.898401603549,-18.26286845459));
#4800 = VECTOR('',#4801,1.);
#4801 = DIRECTION('',(-1.,7.88860905221E-31));
#4802 = ( GEOMETRIC_REPRESENTATION_CONTEXT(2) 
PARAMETRIC_REPRESENTATION_CONTEXT() REPRESENTATION_CONTEXT('2D SPACE',''
  ) );
#4803 = PCURVE('',#4804,#4809);
#4804 = PLANE('',#4805);
#4805 = AXIS2_PLACEMENT_3D('',#4806,#4807,#4808);
#4806 = CARTESIAN_POINT('',(-8.,35.4076,2.54));
#4807 = DIRECTION('',(2.2E-16,-1.,7.8E-16));
#4808 = DIRECTION('',(-1.22E-15,7.8E-16,1.));
#4809 = DEFINITIONAL_REPRESENTATION('',(#4810),#4814);
#4810 = LINE('',#4811,#4812);
#4811 = CARTESIAN_POINT('',(2.04281036531E-14,1.95399252334E-14));
#4812 = VECTOR('',#4813,1.);
#4813 = DIRECTION('',(1.,-2.2E-16));
#4814 = ( GEOMETRIC_REPRESENTATION_CONTEXT(2) 
PARAMETRIC_REPRESENTATION_CONTEXT() REPRESENTATION_CONTEXT('2D SPACE',''
  ) );
#4815 = ORIENTED_EDGE('',*,*,#4816,.F.);
#4816 = EDGE_CURVE('',#4817,#4789,#4819,.T.);
#4817 = VERTEX_POINT('',#4818);
#4818 = CARTESIAN_POINT('',(-8.,31.9076,2.54));
#4819 = SURFACE_CURVE('',#4820,(#4824,#4831),.PCURVE_S1.);
#4820 = LINE('',#4821,#4822);
#4821 = CARTESIAN_POINT('',(-8.,31.9076,2.54));
#4822 = VECTOR('',#4823,1.);
#4823 = DIRECTION('',(-8.9E-16,1.,-7.8E-16));
#4824 = PCURVE('',#808,#4825);
#4825 = DEFINITIONAL_REPRESENTATION('',(#4826),#4830);
#4826 = LINE('',#4827,#4828);
#4827 = CARTESIAN_POINT('',(2.898401603549,-14.76286845459));
#4828 = VECTOR('',#4829,1.);
#4829 = DIRECTION('',(1.34E-15,-1.));
#4830 = ( GEOMETRIC_REPRESENTATION_CONTEXT(2) 
PARAMETRIC_REPRESENTATION_CONTEXT() REPRESENTATION_CONTEXT('2D SPACE',''
  ) );
#4831 = PCURVE('',#4832,#4837);
#4832 = PLANE('',#4833);
#4833 = AXIS2_PLACEMENT_3D('',#4834,#4835,#4836);
#4834 = CARTESIAN_POINT('',(-8.,31.9076,2.54));
#4835 = DIRECTION('',(-1.05E-15,1.1E-16,1.));
#4836 = DIRECTION('',(-4.4E-16,1.,-1.1E-16));
#4837 = DEFINITIONAL_REPRESENTATION('',(#4838),#4842);
#4838 = LINE('',#4839,#4840);
#4839 = CARTESIAN_POINT('',(7.815970093361E-30,1.7763568394E-14));
#4840 = VECTOR('',#4841,1.);
#4841 = DIRECTION('',(1.,4.5E-16));
#4842 = ( GEOMETRIC_REPRESENTATION_CONTEXT(2) 
PARAMETRIC_REPRESENTATION_CONTEXT() REPRESENTATION_CONTEXT('2D SPACE',''
  ) );
#4843 = ORIENTED_EDGE('',*,*,#4844,.F.);
#4844 = EDGE_CURVE('',#4845,#4817,#4847,.T.);
#4845 = VERTEX_POINT('',#4846);
#4846 = CARTESIAN_POINT('',(-8.,31.9076,-4.7E-14));
#4847 = SURFACE_CURVE('',#4848,(#4852,#4859),.PCURVE_S1.);
#4848 = LINE('',#4849,#4850);
#4849 = CARTESIAN_POINT('',(-8.,31.9076,-1.42108547152E-14));
#4850 = VECTOR('',#4851,1.);
#4851 = DIRECTION('',(-1.E-15,-5.6E-16,1.));
#4852 = PCURVE('',#808,#4853);
#4853 = DEFINITIONAL_REPRESENTATION('',(#4854),#4858);
#4854 = LINE('',#4855,#4856);
#4855 = CARTESIAN_POINT('',(5.438401603549,-14.76286845459));
#4856 = VECTOR('',#4857,1.);
#4857 = DIRECTION('',(-1.,7.88860905221E-31));
#4858 = ( GEOMETRIC_REPRESENTATION_CONTEXT(2) 
PARAMETRIC_REPRESENTATION_CONTEXT() REPRESENTATION_CONTEXT('2D SPACE',''
  ) );
#4859 = PCURVE('',#4860,#4865);
#4860 = PLANE('',#4861);
#4861 = AXIS2_PLACEMENT_3D('',#4862,#4863,#4864);
#4862 = CARTESIAN_POINT('',(-8.,31.9076,-3.321E-14));
#4863 = DIRECTION('',(2.2E-16,-1.,7.8E-16));
#4864 = DIRECTION('',(-1.22E-15,7.8E-16,1.));
#4865 = DEFINITIONAL_REPRESENTATION('',(#4866),#4870);
#4866 = LINE('',#4867,#4868);
#4867 = CARTESIAN_POINT('',(1.89991452848E-14,1.7763568394E-14));
#4868 = VECTOR('',#4869,1.);
#4869 = DIRECTION('',(1.,-2.2E-16));
#4870 = ( GEOMETRIC_REPRESENTATION_CONTEXT(2) 
PARAMETRIC_REPRESENTATION_CONTEXT() REPRESENTATION_CONTEXT('2D SPACE',''
  ) );
#4871 = ORIENTED_EDGE('',*,*,#4872,.T.);
#4872 = EDGE_CURVE('',#4845,#336,#4873,.T.);
#4873 = SURFACE_CURVE('',#4874,(#4878,#4885),.PCURVE_S1.);
#4874 = LINE('',#4875,#4876);
#4875 = CARTESIAN_POINT('',(-8.,31.9076,-1.42108547152E-14));
#4876 = VECTOR('',#4877,1.);
#4877 = DIRECTION('',(8.9E-16,-1.,7.8E-16));
#4878 = PCURVE('',#808,#4879);
#4879 = DEFINITIONAL_REPRESENTATION('',(#4880),#4884);
#4880 = LINE('',#4881,#4882);
#4881 = CARTESIAN_POINT('',(5.438401603549,-14.76286845459));
#4882 = VECTOR('',#4883,1.);
#4883 = DIRECTION('',(-1.34E-15,1.));
#4884 = ( GEOMETRIC_REPRESENTATION_CONTEXT(2) 
PARAMETRIC_REPRESENTATION_CONTEXT() REPRESENTATION_CONTEXT('2D SPACE',''
  ) );
#4885 = PCURVE('',#2544,#4886);
#4886 = DEFINITIONAL_REPRESENTATION('',(#4887),#4891);
#4887 = LINE('',#4888,#4889);
#4888 = CARTESIAN_POINT('',(-7.815970093361E-30,1.7763568394E-14));
#4889 = VECTOR('',#4890,1.);
#4890 = DIRECTION('',(1.,-4.5E-16));
#4891 = ( GEOMETRIC_REPRESENTATION_CONTEXT(2) 
PARAMETRIC_REPRESENTATION_CONTEXT() REPRESENTATION_CONTEXT('2D SPACE',''
  ) );
#4892 = ORIENTED_EDGE('',*,*,#791,.F.);
#4893 = ORIENTED_EDGE('',*,*,#1070,.T.);
#4894 = ORIENTED_EDGE('',*,*,#1045,.T.);
#4895 = ORIENTED_EDGE('',*,*,#4896,.T.);
#4896 = EDGE_CURVE('',#1048,#4726,#4897,.T.);
#4897 = SURFACE_CURVE('',#4898,(#4903,#4914),.PCURVE_S1.);
#4898 = CIRCLE('',#4899,15.);
#4899 = AXIS2_PLACEMENT_3D('',#4900,#4901,#4902);
#4900 = CARTESIAN_POINT('',(-8.,21.649744220011,26.));
#4901 = DIRECTION('',(1.,-7.1E-16,6.1E-16));
#4902 = DIRECTION('',(-7.1E-16,-1.,1.1E-16));
#4903 = PCURVE('',#808,#4904);
#4904 = DEFINITIONAL_REPRESENTATION('',(#4905),#4913);
#4905 = ( BOUNDED_CURVE() B_SPLINE_CURVE(2,(#4906,#4907,#4908,#4909,
#4910,#4911,#4912),.UNSPECIFIED.,.T.,.F.) B_SPLINE_CURVE_WITH_KNOTS((1,2
    ,2,2,2,1),(-2.094395102393,0.,2.094395102393,4.188790204786,
6.28318530718,8.377580409573),.UNSPECIFIED.) CURVE() 
GEOMETRIC_REPRESENTATION_ITEM() RATIONAL_B_SPLINE_CURVE((1.,0.5,1.,0.5,
1.,0.5,1.)) REPRESENTATION_ITEM('') );
#4906 = CARTESIAN_POINT('',(-20.56159839645,10.494987325398));
#4907 = CARTESIAN_POINT('',(5.419163717082,10.494987325398));
#4908 = CARTESIAN_POINT('',(-7.571217339684,-12.0050126746));
#4909 = CARTESIAN_POINT('',(-20.56159839645,-34.5050126746));
#4910 = CARTESIAN_POINT('',(-33.55197945321,-12.0050126746));
#4911 = CARTESIAN_POINT('',(-46.54236050998,10.494987325398));
#4912 = CARTESIAN_POINT('',(-20.56159839645,10.494987325398));
#4913 = ( GEOMETRIC_REPRESENTATION_CONTEXT(2) 
PARAMETRIC_REPRESENTATION_CONTEXT() REPRESENTATION_CONTEXT('2D SPACE',''
  ) );
#4914 = PCURVE('',#2254,#4915);
#4915 = DEFINITIONAL_REPRESENTATION('',(#4916),#4920);
#4916 = LINE('',#4917,#4918);
#4917 = CARTESIAN_POINT('',(-0.133530859557,-1.421E-14));
#4918 = VECTOR('',#4919,1.);
#4919 = DIRECTION('',(1.,0.));
#4920 = ( GEOMETRIC_REPRESENTATION_CONTEXT(2) 
PARAMETRIC_REPRESENTATION_CONTEXT() REPRESENTATION_CONTEXT('2D SPACE',''
  ) );
#4921 = FACE_BOUND('',#4922,.T.);
#4922 = EDGE_LOOP('',(#4923));
#4923 = ORIENTED_EDGE('',*,*,#4924,.T.);
#4924 = EDGE_CURVE('',#4925,#4925,#4927,.T.);
#4925 = VERTEX_POINT('',#4926);
#4926 = CARTESIAN_POINT('',(-8.,29.4076,5.5));
#4927 = SURFACE_CURVE('',#4928,(#4933,#4944),.PCURVE_S1.);
#4928 = CIRCLE('',#4929,3.15);
#4929 = AXIS2_PLACEMENT_3D('',#4930,#4931,#4932);
#4930 = CARTESIAN_POINT('',(-8.,26.2576,5.5));
#4931 = DIRECTION('',(1.,8.9E-16,1.E-15));
#4932 = DIRECTION('',(-8.9E-16,1.,-7.8E-16));
#4933 = PCURVE('',#808,#4934);
#4934 = DEFINITIONAL_REPRESENTATION('',(#4935),#4943);
#4935 = ( BOUNDED_CURVE() B_SPLINE_CURVE(2,(#4936,#4937,#4938,#4939,
#4940,#4941,#4942),.UNSPECIFIED.,.T.,.F.) B_SPLINE_CURVE_WITH_KNOTS((1,2
    ,2,2,2,1),(-2.094395102393,0.,2.094395102393,4.188790204786,
6.28318530718,8.377580409573),.UNSPECIFIED.) CURVE() 
GEOMETRIC_REPRESENTATION_ITEM() RATIONAL_B_SPLINE_CURVE((1.,0.5,1.,0.5,
1.,0.5,1.)) REPRESENTATION_ITEM('') );
#4936 = CARTESIAN_POINT('',(-6.159839645085E-02,-12.26286845459));
#4937 = CARTESIAN_POINT('',(-5.517558440293,-12.26286845459));
#4938 = CARTESIAN_POINT('',(-2.789578418372,-7.537868454591));
#4939 = CARTESIAN_POINT('',(-6.159839645087E-02,-2.812868454591));
#4940 = CARTESIAN_POINT('',(2.66638162547,-7.537868454591));
#4941 = CARTESIAN_POINT('',(5.394361647391,-12.26286845459));
#4942 = CARTESIAN_POINT('',(-6.159839645085E-02,-12.26286845459));
#4943 = ( GEOMETRIC_REPRESENTATION_CONTEXT(2) 
PARAMETRIC_REPRESENTATION_CONTEXT() REPRESENTATION_CONTEXT('2D SPACE',''
  ) );
#4944 = PCURVE('',#4945,#4950);
#4945 = CYLINDRICAL_SURFACE('',#4946,3.15);
#4946 = AXIS2_PLACEMENT_3D('',#4947,#4948,#4949);
#4947 = CARTESIAN_POINT('',(-8.,26.2576,5.5));
#4948 = DIRECTION('',(-1.,4.4E-16,-3.3E-16));
#4949 = DIRECTION('',(4.4E-16,1.,-1.E-15));
#4950 = DEFINITIONAL_REPRESENTATION('',(#4951),#4955);
#4951 = LINE('',#4952,#4953);
#4952 = CARTESIAN_POINT('',(-0.,0.));
#4953 = VECTOR('',#4954,1.);
#4954 = DIRECTION('',(-1.,0.));
#4955 = ( GEOMETRIC_REPRESENTATION_CONTEXT(2) 
PARAMETRIC_REPRESENTATION_CONTEXT() REPRESENTATION_CONTEXT('2D SPACE',''
  ) );
#4956 = ADVANCED_FACE('',(#4957),#869,.T.);
#4957 = FACE_BOUND('',#4958,.F.);
#4958 = EDGE_LOOP('',(#4959,#4960,#4983,#5005,#5006,#5007));
#4959 = ORIENTED_EDGE('',*,*,#850,.T.);
#4960 = ORIENTED_EDGE('',*,*,#4961,.T.);
#4961 = EDGE_CURVE('',#853,#4962,#4964,.T.);
#4962 = VERTEX_POINT('',#4963);
#4963 = CARTESIAN_POINT('',(-27.29272221559,-16.6,49.773661951566));
#4964 = SURFACE_CURVE('',#4965,(#4969,#4976),.PCURVE_S1.);
#4965 = LINE('',#4966,#4967);
#4966 = CARTESIAN_POINT('',(-17.64966208507,-16.6,38.281510397414));
#4967 = VECTOR('',#4968,1.);
#4968 = DIRECTION('',(-0.642787609686,1.5E-15,0.766044443119));
#4969 = PCURVE('',#869,#4970);
#4970 = DEFINITIONAL_REPRESENTATION('',(#4971),#4975);
#4971 = LINE('',#4972,#4973);
#4972 = CARTESIAN_POINT('',(-1.570796326795,0.));
#4973 = VECTOR('',#4974,1.);
#4974 = DIRECTION('',(-0.,1.));
#4975 = ( GEOMETRIC_REPRESENTATION_CONTEXT(2) 
PARAMETRIC_REPRESENTATION_CONTEXT() REPRESENTATION_CONTEXT('2D SPACE',''
  ) );
#4976 = PCURVE('',#1030,#4977);
#4977 = DEFINITIONAL_REPRESENTATION('',(#4978),#4982);
#4978 = LINE('',#4979,#4980);
#4979 = CARTESIAN_POINT('',(-15.0019384089,-28.6076));
#4980 = VECTOR('',#4981,1.);
#4981 = DIRECTION('',(1.,2.03E-15));
#4982 = ( GEOMETRIC_REPRESENTATION_CONTEXT(2) 
PARAMETRIC_REPRESENTATION_CONTEXT() REPRESENTATION_CONTEXT('2D SPACE',''
  ) );
#4983 = ORIENTED_EDGE('',*,*,#4984,.F.);
#4984 = EDGE_CURVE('',#4669,#4962,#4985,.T.);
#4985 = SURFACE_CURVE('',#4986,(#4991,#4998),.PCURVE_S1.);
#4986 = CIRCLE('',#4987,2.);
#4987 = AXIS2_PLACEMENT_3D('',#4988,#4989,#4990);
#4988 = CARTESIAN_POINT('',(-25.76063332935,-16.6,51.059237170939));
#4989 = DIRECTION('',(0.642787609686,-1.5E-15,-0.766044443119));
#4990 = DIRECTION('',(-1.249623997951E-15,-1.,9.095518982074E-16));
#4991 = PCURVE('',#869,#4992);
#4992 = DEFINITIONAL_REPRESENTATION('',(#4993),#4997);
#4993 = LINE('',#4994,#4995);
#4994 = CARTESIAN_POINT('',(-0.,15.001938408901));
#4995 = VECTOR('',#4996,1.);
#4996 = DIRECTION('',(-1.,0.));
#4997 = ( GEOMETRIC_REPRESENTATION_CONTEXT(2) 
PARAMETRIC_REPRESENTATION_CONTEXT() REPRESENTATION_CONTEXT('2D SPACE',''
  ) );
#4998 = PCURVE('',#4689,#4999);
#4999 = DEFINITIONAL_REPRESENTATION('',(#5000),#5004);
#5000 = LINE('',#5001,#5002);
#5001 = CARTESIAN_POINT('',(-1.066E-14,4.712388980385));
#5002 = VECTOR('',#5003,1.);
#5003 = DIRECTION('',(0.,1.));
#5004 = ( GEOMETRIC_REPRESENTATION_CONTEXT(2) 
PARAMETRIC_REPRESENTATION_CONTEXT() REPRESENTATION_CONTEXT('2D SPACE',''
  ) );
#5005 = ORIENTED_EDGE('',*,*,#4701,.F.);
#5006 = ORIENTED_EDGE('',*,*,#3369,.T.);
#5007 = ORIENTED_EDGE('',*,*,#5008,.F.);
#5008 = EDGE_CURVE('',#851,#3372,#5009,.T.);
#5009 = SURFACE_CURVE('',#5010,(#5073,#5139),.PCURVE_S1.);
#5010 = B_SPLINE_CURVE_WITH_KNOTS('',6,(#5011,#5012,#5013,#5014,#5015,
    #5016,#5017,#5018,#5019,#5020,#5021,#5022,#5023,#5024,#5025,#5026,
    #5027,#5028,#5029,#5030,#5031,#5032,#5033,#5034,#5035,#5036,#5037,
    #5038,#5039,#5040,#5041,#5042,#5043,#5044,#5045,#5046,#5047,#5048,
    #5049,#5050,#5051,#5052,#5053,#5054,#5055,#5056,#5057,#5058,#5059,
    #5060,#5061,#5062,#5063,#5064,#5065,#5066,#5067,#5068,#5069,#5070,
    #5071,#5072),.UNSPECIFIED.,.F.,.F.,(7,5,5,5,5,5,5,5,5,5,5,5,7),(0.,
    0.129951840341,0.539116003035,0.99059115064,0.99155426539,
    0.992628507175,0.99366570474,0.994702901128,0.995777139207,
    0.996851376443,0.997888570417,0.998925763999,1.),.UNSPECIFIED.);
#5011 = CARTESIAN_POINT('',(-17.67223231039,-17.6,38.725263487584));
#5012 = CARTESIAN_POINT('',(-17.67385755447,-17.63341917907,
    38.757217403501));
#5013 = CARTESIAN_POINT('',(-17.67414757946,-17.66697005381,
    38.789303376429));
#5014 = CARTESIAN_POINT('',(-17.67308294147,-17.7005715334,
    38.821529625638));
#5015 = CARTESIAN_POINT('',(-17.67065233213,-17.73414011832,
    38.853903457725));
#5016 = CARTESIAN_POINT('',(-17.66685274285,-17.76759122175,
    38.886430679811));
#5017 = CARTESIAN_POINT('',(-17.64543313642,-17.90552857709,
    39.022024349592));
#5018 = CARTESIAN_POINT('',(-17.61565613147,-18.00823842056,
    39.126512705951));
#5019 = CARTESIAN_POINT('',(-17.57252231154,-18.10628109469,
    39.232650063828));
#5020 = CARTESIAN_POINT('',(-17.51705183575,-18.19716895086,
    39.340451097287));
#5021 = CARTESIAN_POINT('',(-17.45079419223,-18.27892845457,
    39.449752804738));
#5022 = CARTESIAN_POINT('',(-17.29264294748,-18.42859954414,
    39.682208279946));
#5023 = CARTESIAN_POINT('',(-17.19878233142,-18.49422874489,
    39.805660839116));
#5024 = CARTESIAN_POINT('',(-17.0964553311,-18.5450342375,
    39.930321202116));
#5025 = CARTESIAN_POINT('',(-16.98840763709,-18.57986872021,
    40.055817152355));
#5026 = CARTESIAN_POINT('',(-16.87738403501,-18.59816536984,
    40.181738417006));
#5027 = CARTESIAN_POINT('',(-16.76590019276,-18.59989572893,
    40.307955279626));
#5028 = CARTESIAN_POINT('',(-16.76566287374,-18.59989933698,
    40.30822396024));
#5029 = CARTESIAN_POINT('',(-16.76542555371,-18.59990286962,
    40.308492641001));
#5030 = CARTESIAN_POINT('',(-16.76518823269,-18.59990632685,
    40.308761321903));
#5031 = CARTESIAN_POINT('',(-16.7649509107,-18.59990970868,
    40.309030002945));
#5032 = CARTESIAN_POINT('',(-16.76444888184,-18.59991670303,
    40.309598366528));
#5033 = CARTESIAN_POINT('',(-16.76418417474,-18.59992029714,
    40.309898049102));
#5034 = CARTESIAN_POINT('',(-16.76391946651,-18.59992379745,
    40.310197731838));
#5035 = CARTESIAN_POINT('',(-16.76365475719,-18.59992720394,
    40.310497414732));
#5036 = CARTESIAN_POINT('',(-16.76339004682,-18.59993051661,
    40.310797097777));
#5037 = CARTESIAN_POINT('',(-16.76286975236,-18.59993684334,
    40.311386129867));
#5038 = CARTESIAN_POINT('',(-16.76261416835,-18.59993986375,
    40.311675478902));
#5039 = CARTESIAN_POINT('',(-16.76235858343,-18.59994279671,
    40.311964828069));
#5040 = CARTESIAN_POINT('',(-16.76210299762,-18.59994564221,
    40.312254177362));
#5041 = CARTESIAN_POINT('',(-16.76184741097,-18.59994840025,
    40.312543526778));
#5042 = CARTESIAN_POINT('',(-16.76133623633,-18.59995374142,
    40.313122225514));
#5043 = CARTESIAN_POINT('',(-16.76108064834,-18.59995632455,
    40.313411574836));
#5044 = CARTESIAN_POINT('',(-16.76082505957,-18.59995882023,
    40.313700924269));
#5045 = CARTESIAN_POINT('',(-16.76056947006,-18.59996122844,
    40.313990273811));
#5046 = CARTESIAN_POINT('',(-16.76031387983,-18.5999635492,
    40.314279623455));
#5047 = CARTESIAN_POINT('',(-16.75979357002,-18.59996809557,
    40.31486865657));
#5048 = CARTESIAN_POINT('',(-16.75952885039,-18.59997031482,
    40.315168340047));
#5049 = CARTESIAN_POINT('',(-16.75926413007,-18.59997244025,
    40.315468023625));
#5050 = CARTESIAN_POINT('',(-16.75899940909,-18.59997447187,
    40.315767707297));
#5051 = CARTESIAN_POINT('',(-16.75873468749,-18.59997640967,
    40.316067391058));
#5052 = CARTESIAN_POINT('',(-16.75820524334,-18.59998009764,
    40.316666758513));
#5053 = CARTESIAN_POINT('',(-16.75794052079,-18.59998184781,
    40.316966442207));
#5054 = CARTESIAN_POINT('',(-16.75767579769,-18.59998350416,
    40.317266125979));
#5055 = CARTESIAN_POINT('',(-16.75741107409,-18.5999850667,
    40.317565809825));
#5056 = CARTESIAN_POINT('',(-16.75714635001,-18.59998653542,
    40.317865493738));
#5057 = CARTESIAN_POINT('',(-16.75662602957,-18.59998923781,
    40.318454527593));
#5058 = CARTESIAN_POINT('',(-16.75637043323,-18.59999047785,
    40.31874387753));
#5059 = CARTESIAN_POINT('',(-16.75611483653,-18.59999163042,
    40.31903322752));
#5060 = CARTESIAN_POINT('',(-16.75585923948,-18.59999269554,
    40.319322577559));
#5061 = CARTESIAN_POINT('',(-16.75560364213,-18.5999936732,
    40.319611927643));
#5062 = CARTESIAN_POINT('',(-16.75509244699,-18.5999954536,
    40.320190627777));
#5063 = CARTESIAN_POINT('',(-16.7548368492,-18.59999625635,
    40.320479977829));
#5064 = CARTESIAN_POINT('',(-16.75458125116,-18.59999697163,
    40.320769327915));
#5065 = CARTESIAN_POINT('',(-16.75432565293,-18.59999759946,
    40.321058678031));
#5066 = CARTESIAN_POINT('',(-16.75407005452,-18.59999813983,
    40.321348028171));
#5067 = CARTESIAN_POINT('',(-16.75354972896,-18.59999906182,
    40.321937062367));
#5068 = CARTESIAN_POINT('',(-16.75328500179,-18.59999943709,
    40.322236746419));
#5069 = CARTESIAN_POINT('',(-16.75302027452,-18.59999971854,
    40.322536430495));
#5070 = CARTESIAN_POINT('',(-16.75275554719,-18.59999990618,
    40.322836114589));
#5071 = CARTESIAN_POINT('',(-16.75249081981,-18.6,40.323135798687));
#5072 = CARTESIAN_POINT('',(-16.75222609241,-18.6,40.32343548276));
#5073 = PCURVE('',#869,#5074);
#5074 = DEFINITIONAL_REPRESENTATION('',(#5075),#5138);
#5075 = B_SPLINE_CURVE_WITH_KNOTS('',6,(#5076,#5077,#5078,#5079,#5080,
    #5081,#5082,#5083,#5084,#5085,#5086,#5087,#5088,#5089,#5090,#5091,
    #5092,#5093,#5094,#5095,#5096,#5097,#5098,#5099,#5100,#5101,#5102,
    #5103,#5104,#5105,#5106,#5107,#5108,#5109,#5110,#5111,#5112,#5113,
    #5114,#5115,#5116,#5117,#5118,#5119,#5120,#5121,#5122,#5123,#5124,
    #5125,#5126,#5127,#5128,#5129,#5130,#5131,#5132,#5133,#5134,#5135,
    #5136,#5137),.UNSPECIFIED.,.F.,.F.,(7,5,5,5,5,5,5,5,5,5,5,5,7),(0.,
    0.129951840341,0.539116003035,0.99059115064,0.99155426539,
    0.992628507175,0.99366570474,0.994702901128,0.995777139207,
    0.996851376443,0.997888570417,0.998925763999,1.),.UNSPECIFIED.);
#5076 = CARTESIAN_POINT('',(-1.047197551197,0.354442450029));
#5077 = CARTESIAN_POINT('',(-1.02790297916,0.379965256509));
#5078 = CARTESIAN_POINT('',(-1.008274447116,0.40473096224));
#5079 = CARTESIAN_POINT('',(-0.988329112184,0.42873336526));
#5080 = CARTESIAN_POINT('',(-0.968084588528,0.451970793867));
#5081 = CARTESIAN_POINT('',(-0.947558795792,0.474445762682));
#5082 = CARTESIAN_POINT('',(-0.861313951343,0.564548282328));
#5083 = CARTESIAN_POINT('',(-0.793234850597,0.625450717248));
#5084 = CARTESIAN_POINT('',(-0.723128127968,0.679030765452));
#5085 = CARTESIAN_POINT('',(-0.651508674615,0.725955413554));
#5086 = CARTESIAN_POINT('',(-0.578774531482,0.767095786868));
#5087 = CARTESIAN_POINT('',(-0.424170386656,0.843509351342));
#5088 = CARTESIAN_POINT('',(-0.342109506018,0.877747057241));
#5089 = CARTESIAN_POINT('',(-0.259497326909,0.907467907651));
#5090 = CARTESIAN_POINT('',(-0.176568671821,0.934151664));
#5091 = CARTESIAN_POINT('',(-9.348350441304E-02,0.959248353255));
#5092 = CARTESIAN_POINT('',(-1.021290305679E-02,0.984275647019));
#5093 = CARTESIAN_POINT('',(-1.003564313808E-02,0.984328922586));
#5094 = CARTESIAN_POINT('',(-9.85838316522E-03,0.984382197612));
#5095 = CARTESIAN_POINT('',(-9.681123139639E-03,0.984435472112));
#5096 = CARTESIAN_POINT('',(-9.503863062758E-03,0.9844887461));
#5097 = CARTESIAN_POINT('',(-9.128890010614E-03,0.984601439933));
#5098 = CARTESIAN_POINT('',(-8.931177023174E-03,0.984660859657));
#5099 = CARTESIAN_POINT('',(-8.733463975658E-03,0.984720278781));
#5100 = CARTESIAN_POINT('',(-8.535750870041E-03,0.984779697325));
#5101 = CARTESIAN_POINT('',(-8.338037708291E-03,0.984839115309));
#5102 = CARTESIAN_POINT('',(-7.949429230947E-03,0.984955901241));
#5103 = CARTESIAN_POINT('',(-7.758533919024E-03,0.985013269225));
#5104 = CARTESIAN_POINT('',(-7.567638558391E-03,0.985070636724));
#5105 = CARTESIAN_POINT('',(-7.376743150825E-03,0.985128003753));
#5106 = CARTESIAN_POINT('',(-7.185847698101E-03,0.985185370332));
#5107 = CARTESIAN_POINT('',(-6.804056922801E-03,0.985300102559));
#5108 = CARTESIAN_POINT('',(-6.613161600217E-03,0.985357468207));
#5109 = CARTESIAN_POINT('',(-6.422266236029E-03,0.985414833439));
#5110 = CARTESIAN_POINT('',(-6.231370832018E-03,0.985472198274));
#5111 = CARTESIAN_POINT('',(-6.040475389958E-03,0.985529562729));
#5112 = CARTESIAN_POINT('',(-5.651866928383E-03,0.985646339574));
#5113 = CARTESIAN_POINT('',(-5.45415390624E-03,0.985705751939));
#5114 = CARTESIAN_POINT('',(-5.256440847158E-03,0.985765163935));
#5115 = CARTESIAN_POINT('',(-5.058727753107E-03,0.985824575581));
#5116 = CARTESIAN_POINT('',(-4.861014626065E-03,0.985883986898));
#5117 = CARTESIAN_POINT('',(-4.465588465041E-03,0.986002808867));
#5118 = CARTESIAN_POINT('',(-4.267875431058E-03,0.986062219518));
#5119 = CARTESIAN_POINT('',(-4.07016236803E-03,0.98612162988));
#5120 = CARTESIAN_POINT('',(-3.872449277927E-03,0.98618103997));
#5121 = CARTESIAN_POINT('',(-3.674736162722E-03,0.986240449811));
#5122 = CARTESIAN_POINT('',(-3.286127690639E-03,0.986357220389));
#5123 = CARTESIAN_POINT('',(-3.09523233533E-03,0.986414581143));
#5124 = CARTESIAN_POINT('',(-2.904336960236E-03,0.9864719417));
#5125 = CARTESIAN_POINT('',(-2.713441567132E-03,0.986529302076));
#5126 = CARTESIAN_POINT('',(-2.522546157795E-03,0.986586662291));
#5127 = CARTESIAN_POINT('',(-2.140755382491E-03,0.986701382409));
#5128 = CARTESIAN_POINT('',(-1.949860016521E-03,0.986758742313));
#5129 = CARTESIAN_POINT('',(-1.758964637872E-03,0.986816102091));
#5130 = CARTESIAN_POINT('',(-1.568069248324E-03,0.986873461759));
#5131 = CARTESIAN_POINT('',(-1.377173849648E-03,0.986930821337));
#5132 = CARTESIAN_POINT('',(-9.885653828823E-04,0.987047588887));
#5133 = CARTESIAN_POINT('',(-7.908523133837E-04,0.987106996846));
#5134 = CARTESIAN_POINT('',(-5.931392391112E-04,0.987166404757));
#5135 = CARTESIAN_POINT('',(-3.954261622177E-04,0.987225812642));
#5136 = CARTESIAN_POINT('',(-1.977130830193E-04,0.987285220504));
#5137 = CARTESIAN_POINT('',(8.9E-16,0.987344628327));
#5138 = ( GEOMETRIC_REPRESENTATION_CONTEXT(2) 
PARAMETRIC_REPRESENTATION_CONTEXT() REPRESENTATION_CONTEXT('2D SPACE',''
  ) );
#5139 = PCURVE('',#900,#5140);
#5140 = DEFINITIONAL_REPRESENTATION('',(#5141),#5204);
#5141 = B_SPLINE_CURVE_WITH_KNOTS('',6,(#5142,#5143,#5144,#5145,#5146,
    #5147,#5148,#5149,#5150,#5151,#5152,#5153,#5154,#5155,#5156,#5157,
    #5158,#5159,#5160,#5161,#5162,#5163,#5164,#5165,#5166,#5167,#5168,
    #5169,#5170,#5171,#5172,#5173,#5174,#5175,#5176,#5177,#5178,#5179,
    #5180,#5181,#5182,#5183,#5184,#5185,#5186,#5187,#5188,#5189,#5190,
    #5191,#5192,#5193,#5194,#5195,#5196,#5197,#5198,#5199,#5200,#5201,
    #5202,#5203),.UNSPECIFIED.,.F.,.F.,(7,5,5,5,5,5,5,5,5,5,5,5,7),(0.,
    0.129951840341,0.539116003035,0.99059115064,0.99155426539,
    0.992628507175,0.99366570474,0.994702901128,0.995777139207,
    0.996851376443,0.997888570417,0.998925763999,1.),.UNSPECIFIED.);
#5142 = CARTESIAN_POINT('',(0.,2.872172966575));
#5143 = CARTESIAN_POINT('',(-3.34191790781E-02,2.840177745671));
#5144 = CARTESIAN_POINT('',(-6.697005530265E-02,2.808118462645));
#5145 = CARTESIAN_POINT('',(-0.10063871352,2.775987896521));
#5146 = CARTESIAN_POINT('',(-0.134411500752,2.743779324557));
#5147 = CARTESIAN_POINT('',(-0.168274969095,2.711487099959));
#5148 = CARTESIAN_POINT('',(-0.309081402375,2.577156518296));
#5149 = CARTESIAN_POINT('',(-0.416736811945,2.474315620206));
#5150 = CARTESIAN_POINT('',(-0.524714595132,2.370506328385));
#5151 = CARTESIAN_POINT('',(-0.632726172371,2.265662167234));
#5152 = CARTESIAN_POINT('',(-0.740596347334,2.159867219397));
#5153 = CARTESIAN_POINT('',(-0.966910713401,1.935745362059));
#5154 = CARTESIAN_POINT('',(-1.085329500268,1.817219964273));
#5155 = CARTESIAN_POINT('',(-1.203349969855,1.697918384283));
#5156 = CARTESIAN_POINT('',(-1.321056950942,1.578072886783));
#5157 = CARTESIAN_POINT('',(-1.438589035085,1.457953789549));
#5158 = CARTESIAN_POINT('',(-1.556353038067,1.337562854526));
#5159 = CARTESIAN_POINT('',(-1.556603724692,1.337306575738));
#5160 = CARTESIAN_POINT('',(-1.556854411259,1.337050296856));
#5161 = CARTESIAN_POINT('',(-1.55710509777,1.336794017882));
#5162 = CARTESIAN_POINT('',(-1.557355784225,1.336537738819));
#5163 = CARTESIAN_POINT('',(-1.557886081967,1.335995610269));
#5164 = CARTESIAN_POINT('',(-1.558165693241,1.335709760762));
#5165 = CARTESIAN_POINT('',(-1.55844530445,1.33542391115));
#5166 = CARTESIAN_POINT('',(-1.558724915596,1.335138061436));
#5167 = CARTESIAN_POINT('',(-1.559004526682,1.334852211625));
#5168 = CARTESIAN_POINT('',(-1.559554106613,1.334290369078));
#5169 = CARTESIAN_POINT('',(-1.559824075463,1.334014376349));
#5170 = CARTESIAN_POINT('',(-1.56009404426,1.333738383535));
#5171 = CARTESIAN_POINT('',(-1.560364013006,1.333462390639));
#5172 = CARTESIAN_POINT('',(-1.560633981704,1.333186397664));
#5173 = CARTESIAN_POINT('',(-1.561173918699,1.332634411876));
#5174 = CARTESIAN_POINT('',(-1.561443886996,1.332358419063));
#5175 = CARTESIAN_POINT('',(-1.561713855248,1.332082426178));
#5176 = CARTESIAN_POINT('',(-1.561983823457,1.331806433223));
#5177 = CARTESIAN_POINT('',(-1.562253791626,1.331530440201));
#5178 = CARTESIAN_POINT('',(-1.562803369333,1.330968597411));
#5179 = CARTESIAN_POINT('',(-1.56308297887,1.330682747638));
#5180 = CARTESIAN_POINT('',(-1.563362588366,1.3303968978));
#5181 = CARTESIAN_POINT('',(-1.563642197825,1.330111047902));
#5182 = CARTESIAN_POINT('',(-1.563921807248,1.329825197945));
#5183 = CARTESIAN_POINT('',(-1.564481025808,1.329253498149));
#5184 = CARTESIAN_POINT('',(-1.564760634945,1.328967648308));
#5185 = CARTESIAN_POINT('',(-1.56504024405,1.328681798417));
#5186 = CARTESIAN_POINT('',(-1.565319853126,1.328395948478));
#5187 = CARTESIAN_POINT('',(-1.565599462176,1.328110098496));
#5188 = CARTESIAN_POINT('',(-1.566149038378,1.327548255507));
#5189 = CARTESIAN_POINT('',(-1.566419005532,1.327272262503));
#5190 = CARTESIAN_POINT('',(-1.566688972666,1.326996269464));
#5191 = CARTESIAN_POINT('',(-1.56695893978,1.326720276394));
#5192 = CARTESIAN_POINT('',(-1.567228906876,1.326444283296));
#5193 = CARTESIAN_POINT('',(-1.567768840935,1.325892297154));
#5194 = CARTESIAN_POINT('',(-1.568038807898,1.325616304109));
#5195 = CARTESIAN_POINT('',(-1.568308774847,1.325340311043));
#5196 = CARTESIAN_POINT('',(-1.568578741785,1.325064317957));
#5197 = CARTESIAN_POINT('',(-1.568848708712,1.324788324855));
#5198 = CARTESIAN_POINT('',(-1.569398284173,1.324226481785));
#5199 = CARTESIAN_POINT('',(-1.569677892712,1.323940631821));
#5200 = CARTESIAN_POINT('',(-1.569957501236,1.323654781839));
#5201 = CARTESIAN_POINT('',(-1.570237109746,1.323368931842));
#5202 = CARTESIAN_POINT('',(-1.570516718256,1.323083081843));
#5203 = CARTESIAN_POINT('',(-1.570796326795,1.32279723187));
#5204 = ( GEOMETRIC_REPRESENTATION_CONTEXT(2) 
PARAMETRIC_REPRESENTATION_CONTEXT() REPRESENTATION_CONTEXT('2D SPACE',''
  ) );
#5205 = ADVANCED_FACE('',(#5206),#900,.T.);
#5206 = FACE_BOUND('',#5207,.F.);
#5207 = EDGE_LOOP('',(#5208,#5209,#5210,#5211));
#5208 = ORIENTED_EDGE('',*,*,#5008,.T.);
#5209 = ORIENTED_EDGE('',*,*,#3394,.T.);
#5210 = ORIENTED_EDGE('',*,*,#3319,.F.);
#5211 = ORIENTED_EDGE('',*,*,#884,.F.);
#5212 = ADVANCED_FACE('',(#5213),#1030,.T.);
#5213 = FACE_BOUND('',#5214,.F.);
#5214 = EDGE_LOOP('',(#5215,#5216,#5239,#5265));
#5215 = ORIENTED_EDGE('',*,*,#1016,.F.);
#5216 = ORIENTED_EDGE('',*,*,#5217,.F.);
#5217 = EDGE_CURVE('',#5218,#981,#5220,.T.);
#5218 = VERTEX_POINT('',#5219);
#5219 = CARTESIAN_POINT('',(-27.29272221559,1.130838463123,
    49.773661951566));
#5220 = SURFACE_CURVE('',#5221,(#5225,#5232),.PCURVE_S1.);
#5221 = LINE('',#5222,#5223);
#5222 = CARTESIAN_POINT('',(-27.14934021152,1.153792273088,
    49.602785933103));
#5223 = VECTOR('',#5224,1.);
#5224 = DIRECTION('',(0.639411159614,0.102362373454,-0.762020546614));
#5225 = PCURVE('',#1030,#5226);
#5226 = DEFINITIONAL_REPRESENTATION('',(#5227),#5231);
#5227 = LINE('',#5228,#5229);
#5228 = CARTESIAN_POINT('',(-0.223062800074,-10.85380772691));
#5229 = VECTOR('',#5230,1.);
#5230 = DIRECTION('',(-0.994747176171,0.102362373454));
#5231 = ( GEOMETRIC_REPRESENTATION_CONTEXT(2) 
PARAMETRIC_REPRESENTATION_CONTEXT() REPRESENTATION_CONTEXT('2D SPACE',''
  ) );
#5232 = PCURVE('',#1001,#5233);
#5233 = DEFINITIONAL_REPRESENTATION('',(#5234),#5238);
#5234 = LINE('',#5235,#5236);
#5235 = CARTESIAN_POINT('',(-1.656478264084,0.));
#5236 = VECTOR('',#5237,1.);
#5237 = DIRECTION('',(-0.,1.));
#5238 = ( GEOMETRIC_REPRESENTATION_CONTEXT(2) 
PARAMETRIC_REPRESENTATION_CONTEXT() REPRESENTATION_CONTEXT('2D SPACE',''
  ) );
#5239 = ORIENTED_EDGE('',*,*,#5240,.T.);
#5240 = EDGE_CURVE('',#5218,#4962,#5241,.T.);
#5241 = SURFACE_CURVE('',#5242,(#5246,#5253),.PCURVE_S1.);
#5242 = LINE('',#5243,#5244);
#5243 = CARTESIAN_POINT('',(-27.29272221559,12.0076,49.773661951566));
#5244 = VECTOR('',#5245,1.);
#5245 = DIRECTION('',(1.78E-15,-1.,2.22E-15));
#5246 = PCURVE('',#1030,#5247);
#5247 = DEFINITIONAL_REPRESENTATION('',(#5248),#5252);
#5248 = LINE('',#5249,#5250);
#5249 = CARTESIAN_POINT('',(-0.,0.));
#5250 = VECTOR('',#5251,1.);
#5251 = DIRECTION('',(1.086456718482E-15,-1.));
#5252 = ( GEOMETRIC_REPRESENTATION_CONTEXT(2) 
PARAMETRIC_REPRESENTATION_CONTEXT() REPRESENTATION_CONTEXT('2D SPACE',''
  ) );
#5253 = PCURVE('',#5254,#5259);
#5254 = CYLINDRICAL_SURFACE('',#5255,5.);
#5255 = AXIS2_PLACEMENT_3D('',#5256,#5257,#5258);
#5256 = CARTESIAN_POINT('',(-23.4625,12.0076,52.9876));
#5257 = DIRECTION('',(-2.E-15,1.,-2.E-15));
#5258 = DIRECTION('',(-1.,-2.E-15,4.4E-16));
#5259 = DEFINITIONAL_REPRESENTATION('',(#5260),#5264);
#5260 = LINE('',#5261,#5262);
#5261 = CARTESIAN_POINT('',(5.585053606381,0.));
#5262 = VECTOR('',#5263,1.);
#5263 = DIRECTION('',(0.,-1.));
#5264 = ( GEOMETRIC_REPRESENTATION_CONTEXT(2) 
PARAMETRIC_REPRESENTATION_CONTEXT() REPRESENTATION_CONTEXT('2D SPACE',''
  ) );
#5265 = ORIENTED_EDGE('',*,*,#4961,.F.);
#5266 = ADVANCED_FACE('',(#5267),#1001,.T.);
#5267 = FACE_BOUND('',#5268,.F.);
#5268 = EDGE_LOOP('',(#5269,#5297,#5298,#5299));
#5269 = ORIENTED_EDGE('',*,*,#5270,.T.);
#5270 = EDGE_CURVE('',#1096,#5218,#5271,.T.);
#5271 = SURFACE_CURVE('',#5272,(#5276,#5290),.PCURVE_S1.);
#5272 = ( BOUNDED_CURVE() B_SPLINE_CURVE(2,(#5273,#5274,#5275),
.UNSPECIFIED.,.F.,.F.) B_SPLINE_CURVE_WITH_KNOTS((3,3),(0.,
3.561752769925),.PIECEWISE_BEZIER_KNOTS.) CURVE() 
GEOMETRIC_REPRESENTATION_ITEM() RATIONAL_B_SPLINE_CURVE((1.,
0.676174112828,1.)) REPRESENTATION_ITEM('') );
#5273 = CARTESIAN_POINT('',(-25.76063332935,3.113034450793,
    51.325505957063));
#5274 = CARTESIAN_POINT('',(-27.43610421966,3.298540158539,
    49.944537970029));
#5275 = CARTESIAN_POINT('',(-27.29272221559,1.130838463123,
    49.773661951566));
#5276 = PCURVE('',#1001,#5277);
#5277 = DEFINITIONAL_REPRESENTATION('',(#5278),#5289);
#5278 = B_SPLINE_CURVE_WITH_KNOTS('',9,(#5279,#5280,#5281,#5282,#5283,
    #5284,#5285,#5286,#5287,#5288),.UNSPECIFIED.,.F.,.F.,(10,10),(0.,
    3.561752769925),.PIECEWISE_BEZIER_KNOTS.);
#5279 = CARTESIAN_POINT('',(0.,-0.22424069695));
#5280 = CARTESIAN_POINT('',(-0.163720413464,-0.22424069695));
#5281 = CARTESIAN_POINT('',(-0.340693727192,-0.22424069695));
#5282 = CARTESIAN_POINT('',(-0.529599051791,-0.22424069695));
#5283 = CARTESIAN_POINT('',(-0.727374131526,-0.22424069695));
#5284 = CARTESIAN_POINT('',(-0.929104132558,-0.22424069695));
#5285 = CARTESIAN_POINT('',(-1.126879212294,-0.22424069695));
#5286 = CARTESIAN_POINT('',(-1.315784536892,-0.22424069695));
#5287 = CARTESIAN_POINT('',(-1.49275785062,-0.22424069695));
#5288 = CARTESIAN_POINT('',(-1.656478264084,-0.22424069695));
#5289 = ( GEOMETRIC_REPRESENTATION_CONTEXT(2) 
PARAMETRIC_REPRESENTATION_CONTEXT() REPRESENTATION_CONTEXT('2D SPACE',''
  ) );
#5290 = PCURVE('',#1156,#5291);
#5291 = DEFINITIONAL_REPRESENTATION('',(#5292),#5296);
#5292 = LINE('',#5293,#5294);
#5293 = CARTESIAN_POINT('',(0.,6.471385552771));
#5294 = VECTOR('',#5295,1.);
#5295 = DIRECTION('',(1.,0.));
#5296 = ( GEOMETRIC_REPRESENTATION_CONTEXT(2) 
PARAMETRIC_REPRESENTATION_CONTEXT() REPRESENTATION_CONTEXT('2D SPACE',''
  ) );
#5297 = ORIENTED_EDGE('',*,*,#5217,.T.);
#5298 = ORIENTED_EDGE('',*,*,#980,.F.);
#5299 = ORIENTED_EDGE('',*,*,#1095,.F.);
#5300 = ADVANCED_FACE('',(#5301),#2254,.F.);
#5301 = FACE_BOUND('',#5302,.F.);
#5302 = EDGE_LOOP('',(#5303,#5304,#5327,#5353));
#5303 = ORIENTED_EDGE('',*,*,#4896,.T.);
#5304 = ORIENTED_EDGE('',*,*,#5305,.T.);
#5305 = EDGE_CURVE('',#4726,#5306,#5308,.T.);
#5306 = VERTEX_POINT('',#5307);
#5307 = CARTESIAN_POINT('',(8.,21.649744220011,11.));
#5308 = SURFACE_CURVE('',#5309,(#5313,#5320),.PCURVE_S1.);
#5309 = LINE('',#5310,#5311);
#5310 = CARTESIAN_POINT('',(-8.,21.649744220011,11.));
#5311 = VECTOR('',#5312,1.);
#5312 = DIRECTION('',(1.,-7.1E-16,6.1E-16));
#5313 = PCURVE('',#2254,#5314);
#5314 = DEFINITIONAL_REPRESENTATION('',(#5315),#5319);
#5315 = LINE('',#5316,#5317);
#5316 = CARTESIAN_POINT('',(1.437265467238,0.));
#5317 = VECTOR('',#5318,1.);
#5318 = DIRECTION('',(0.,1.));
#5319 = ( GEOMETRIC_REPRESENTATION_CONTEXT(2) 
PARAMETRIC_REPRESENTATION_CONTEXT() REPRESENTATION_CONTEXT('2D SPACE',''
  ) );
#5320 = PCURVE('',#4743,#5321);
#5321 = DEFINITIONAL_REPRESENTATION('',(#5322),#5326);
#5322 = LINE('',#5323,#5324);
#5323 = CARTESIAN_POINT('',(21.649744220011,-3.794759688721E-14));
#5324 = VECTOR('',#5325,1.);
#5325 = DIRECTION('',(-1.15E-15,-1.));
#5326 = ( GEOMETRIC_REPRESENTATION_CONTEXT(2) 
PARAMETRIC_REPRESENTATION_CONTEXT() REPRESENTATION_CONTEXT('2D SPACE',''
  ) );
#5327 = ORIENTED_EDGE('',*,*,#5328,.F.);
#5328 = EDGE_CURVE('',#2218,#5306,#5329,.T.);
#5329 = SURFACE_CURVE('',#5330,(#5335,#5342),.PCURVE_S1.);
#5330 = CIRCLE('',#5331,15.);
#5331 = AXIS2_PLACEMENT_3D('',#5332,#5333,#5334);
#5332 = CARTESIAN_POINT('',(8.,21.649744220011,26.));
#5333 = DIRECTION('',(1.,-7.1E-16,6.1E-16));
#5334 = DIRECTION('',(-7.1E-16,-1.,1.1E-16));
#5335 = PCURVE('',#2254,#5336);
#5336 = DEFINITIONAL_REPRESENTATION('',(#5337),#5341);
#5337 = LINE('',#5338,#5339);
#5338 = CARTESIAN_POINT('',(-0.133530859557,16.));
#5339 = VECTOR('',#5340,1.);
#5340 = DIRECTION('',(1.,0.));
#5341 = ( GEOMETRIC_REPRESENTATION_CONTEXT(2) 
PARAMETRIC_REPRESENTATION_CONTEXT() REPRESENTATION_CONTEXT('2D SPACE',''
  ) );
#5342 = PCURVE('',#2205,#5343);
#5343 = DEFINITIONAL_REPRESENTATION('',(#5344),#5352);
#5344 = ( BOUNDED_CURVE() B_SPLINE_CURVE(2,(#5345,#5346,#5347,#5348,
#5349,#5350,#5351),.UNSPECIFIED.,.T.,.F.) B_SPLINE_CURVE_WITH_KNOTS((1,2
    ,2,2,2,1),(-2.094395102393,0.,2.094395102393,4.188790204786,
6.28318530718,8.377580409573),.UNSPECIFIED.) CURVE() 
GEOMETRIC_REPRESENTATION_ITEM() RATIONAL_B_SPLINE_CURVE((1.,0.5,1.,0.5,
1.,0.5,1.)) REPRESENTATION_ITEM('') );
#5345 = CARTESIAN_POINT('',(-20.56159839645,10.494987325398));
#5346 = CARTESIAN_POINT('',(5.419163717082,10.494987325398));
#5347 = CARTESIAN_POINT('',(-7.571217339684,-12.0050126746));
#5348 = CARTESIAN_POINT('',(-20.56159839645,-34.5050126746));
#5349 = CARTESIAN_POINT('',(-33.55197945321,-12.0050126746));
#5350 = CARTESIAN_POINT('',(-46.54236050998,10.494987325398));
#5351 = CARTESIAN_POINT('',(-20.56159839645,10.494987325398));
#5352 = ( GEOMETRIC_REPRESENTATION_CONTEXT(2) 
PARAMETRIC_REPRESENTATION_CONTEXT() REPRESENTATION_CONTEXT('2D SPACE',''
  ) );
#5353 = ORIENTED_EDGE('',*,*,#2240,.F.);
#5354 = ADVANCED_FACE('',(#5355,#5502),#2205,.F.);
#5355 = FACE_BOUND('',#5356,.F.);
#5356 = EDGE_LOOP('',(#5357,#5380,#5408,#5431,#5454,#5477,#5498,#5499,
    #5500,#5501));
#5357 = ORIENTED_EDGE('',*,*,#5358,.T.);
#5358 = EDGE_CURVE('',#5306,#5359,#5361,.T.);
#5359 = VERTEX_POINT('',#5360);
#5360 = CARTESIAN_POINT('',(8.,30.4076,11.));
#5361 = SURFACE_CURVE('',#5362,(#5366,#5373),.PCURVE_S1.);
#5362 = LINE('',#5363,#5364);
#5363 = CARTESIAN_POINT('',(8.,-2.77E-15,11.));
#5364 = VECTOR('',#5365,1.);
#5365 = DIRECTION('',(-8.9E-16,1.,-7.8E-16));
#5366 = PCURVE('',#2205,#5367);
#5367 = DEFINITIONAL_REPRESENTATION('',(#5368),#5372);
#5368 = LINE('',#5369,#5370);
#5369 = CARTESIAN_POINT('',(-5.561598396451,17.144731545409));
#5370 = VECTOR('',#5371,1.);
#5371 = DIRECTION('',(1.34E-15,-1.));
#5372 = ( GEOMETRIC_REPRESENTATION_CONTEXT(2) 
PARAMETRIC_REPRESENTATION_CONTEXT() REPRESENTATION_CONTEXT('2D SPACE',''
  ) );
#5373 = PCURVE('',#4743,#5374);
#5374 = DEFINITIONAL_REPRESENTATION('',(#5375),#5379);
#5375 = LINE('',#5376,#5377);
#5376 = CARTESIAN_POINT('',(-1.392E-14,-16.));
#5377 = VECTOR('',#5378,1.);
#5378 = DIRECTION('',(1.,4.5E-16));
#5379 = ( GEOMETRIC_REPRESENTATION_CONTEXT(2) 
PARAMETRIC_REPRESENTATION_CONTEXT() REPRESENTATION_CONTEXT('2D SPACE',''
  ) );
#5380 = ORIENTED_EDGE('',*,*,#5381,.F.);
#5381 = EDGE_CURVE('',#5382,#5359,#5384,.T.);
#5382 = VERTEX_POINT('',#5383);
#5383 = CARTESIAN_POINT('',(8.,35.4076,6.));
#5384 = SURFACE_CURVE('',#5385,(#5390,#5401),.PCURVE_S1.);
#5385 = CIRCLE('',#5386,5.);
#5386 = AXIS2_PLACEMENT_3D('',#5387,#5388,#5389);
#5387 = CARTESIAN_POINT('',(8.,30.4076,6.));
#5388 = DIRECTION('',(1.,8.9E-16,1.E-15));
#5389 = DIRECTION('',(-8.9E-16,1.,-7.8E-16));
#5390 = PCURVE('',#2205,#5391);
#5391 = DEFINITIONAL_REPRESENTATION('',(#5392),#5400);
#5392 = ( BOUNDED_CURVE() B_SPLINE_CURVE(2,(#5393,#5394,#5395,#5396,
#5397,#5398,#5399),.UNSPECIFIED.,.T.,.F.) B_SPLINE_CURVE_WITH_KNOTS((1,2
    ,2,2,2,1),(-2.094395102393,0.,2.094395102393,4.188790204786,
6.28318530718,8.377580409573),.UNSPECIFIED.) CURVE() 
GEOMETRIC_REPRESENTATION_ITEM() RATIONAL_B_SPLINE_CURVE((1.,0.5,1.,0.5,
1.,0.5,1.)) REPRESENTATION_ITEM('') );
#5393 = CARTESIAN_POINT('',(-0.561598396451,-18.26286845459));
#5394 = CARTESIAN_POINT('',(-9.221852434295,-18.26286845459));
#5395 = CARTESIAN_POINT('',(-4.891725415373,-10.76286845459));
#5396 = CARTESIAN_POINT('',(-0.561598396451,-3.262868454591));
#5397 = CARTESIAN_POINT('',(3.768528622471,-10.76286845459));
#5398 = CARTESIAN_POINT('',(8.098655641394,-18.26286845459));
#5399 = CARTESIAN_POINT('',(-0.561598396451,-18.26286845459));
#5400 = ( GEOMETRIC_REPRESENTATION_CONTEXT(2) 
PARAMETRIC_REPRESENTATION_CONTEXT() REPRESENTATION_CONTEXT('2D SPACE',''
  ) );
#5401 = PCURVE('',#4776,#5402);
#5402 = DEFINITIONAL_REPRESENTATION('',(#5403),#5407);
#5403 = LINE('',#5404,#5405);
#5404 = CARTESIAN_POINT('',(-0.,-16.));
#5405 = VECTOR('',#5406,1.);
#5406 = DIRECTION('',(-1.,0.));
#5407 = ( GEOMETRIC_REPRESENTATION_CONTEXT(2) 
PARAMETRIC_REPRESENTATION_CONTEXT() REPRESENTATION_CONTEXT('2D SPACE',''
  ) );
#5408 = ORIENTED_EDGE('',*,*,#5409,.F.);
#5409 = EDGE_CURVE('',#5410,#5382,#5412,.T.);
#5410 = VERTEX_POINT('',#5411);
#5411 = CARTESIAN_POINT('',(8.,35.4076,2.54));
#5412 = SURFACE_CURVE('',#5413,(#5417,#5424),.PCURVE_S1.);
#5413 = LINE('',#5414,#5415);
#5414 = CARTESIAN_POINT('',(8.,35.4076,2.54));
#5415 = VECTOR('',#5416,1.);
#5416 = DIRECTION('',(-1.E-15,-5.6E-16,1.));
#5417 = PCURVE('',#2205,#5418);
#5418 = DEFINITIONAL_REPRESENTATION('',(#5419),#5423);
#5419 = LINE('',#5420,#5421);
#5420 = CARTESIAN_POINT('',(2.898401603549,-18.26286845459));
#5421 = VECTOR('',#5422,1.);
#5422 = DIRECTION('',(-1.,7.88860905221E-31));
#5423 = ( GEOMETRIC_REPRESENTATION_CONTEXT(2) 
PARAMETRIC_REPRESENTATION_CONTEXT() REPRESENTATION_CONTEXT('2D SPACE',''
  ) );
#5424 = PCURVE('',#4804,#5425);
#5425 = DEFINITIONAL_REPRESENTATION('',(#5426),#5430);
#5426 = LINE('',#5427,#5428);
#5427 = CARTESIAN_POINT('',(-2.04081784197E-14,-16.));
#5428 = VECTOR('',#5429,1.);
#5429 = DIRECTION('',(1.,-2.2E-16));
#5430 = ( GEOMETRIC_REPRESENTATION_CONTEXT(2) 
PARAMETRIC_REPRESENTATION_CONTEXT() REPRESENTATION_CONTEXT('2D SPACE',''
  ) );
#5431 = ORIENTED_EDGE('',*,*,#5432,.F.);
#5432 = EDGE_CURVE('',#5433,#5410,#5435,.T.);
#5433 = VERTEX_POINT('',#5434);
#5434 = CARTESIAN_POINT('',(8.,31.9076,2.54));
#5435 = SURFACE_CURVE('',#5436,(#5440,#5447),.PCURVE_S1.);
#5436 = LINE('',#5437,#5438);
#5437 = CARTESIAN_POINT('',(8.,31.9076,2.54));
#5438 = VECTOR('',#5439,1.);
#5439 = DIRECTION('',(-8.9E-16,1.,-7.8E-16));
#5440 = PCURVE('',#2205,#5441);
#5441 = DEFINITIONAL_REPRESENTATION('',(#5442),#5446);
#5442 = LINE('',#5443,#5444);
#5443 = CARTESIAN_POINT('',(2.898401603549,-14.76286845459));
#5444 = VECTOR('',#5445,1.);
#5445 = DIRECTION('',(1.34E-15,-1.));
#5446 = ( GEOMETRIC_REPRESENTATION_CONTEXT(2) 
PARAMETRIC_REPRESENTATION_CONTEXT() REPRESENTATION_CONTEXT('2D SPACE',''
  ) );
#5447 = PCURVE('',#4832,#5448);
#5448 = DEFINITIONAL_REPRESENTATION('',(#5449),#5453);
#5449 = LINE('',#5450,#5451);
#5450 = CARTESIAN_POINT('',(6.5427357601E-17,-16.));
#5451 = VECTOR('',#5452,1.);
#5452 = DIRECTION('',(1.,4.5E-16));
#5453 = ( GEOMETRIC_REPRESENTATION_CONTEXT(2) 
PARAMETRIC_REPRESENTATION_CONTEXT() REPRESENTATION_CONTEXT('2D SPACE',''
  ) );
#5454 = ORIENTED_EDGE('',*,*,#5455,.F.);
#5455 = EDGE_CURVE('',#5456,#5433,#5458,.T.);
#5456 = VERTEX_POINT('',#5457);
#5457 = CARTESIAN_POINT('',(8.,31.9076,-3.8E-14));
#5458 = SURFACE_CURVE('',#5459,(#5463,#5470),.PCURVE_S1.);
#5459 = LINE('',#5460,#5461);
#5460 = CARTESIAN_POINT('',(8.,31.9076,-3.552713678801E-14));
#5461 = VECTOR('',#5462,1.);
#5462 = DIRECTION('',(-1.E-15,-5.6E-16,1.));
#5463 = PCURVE('',#2205,#5464);
#5464 = DEFINITIONAL_REPRESENTATION('',(#5465),#5469);
#5465 = LINE('',#5466,#5467);
#5466 = CARTESIAN_POINT('',(5.438401603549,-14.76286845459));
#5467 = VECTOR('',#5468,1.);
#5468 = DIRECTION('',(-1.,7.88860905221E-31));
#5469 = ( GEOMETRIC_REPRESENTATION_CONTEXT(2) 
PARAMETRIC_REPRESENTATION_CONTEXT() REPRESENTATION_CONTEXT('2D SPACE',''
  ) );
#5470 = PCURVE('',#4860,#5471);
#5471 = DEFINITIONAL_REPRESENTATION('',(#5472),#5476);
#5472 = LINE('',#5473,#5474);
#5473 = CARTESIAN_POINT('',(-2.183713678801E-14,-16.));
#5474 = VECTOR('',#5475,1.);
#5475 = DIRECTION('',(1.,-2.2E-16));
#5476 = ( GEOMETRIC_REPRESENTATION_CONTEXT(2) 
PARAMETRIC_REPRESENTATION_CONTEXT() REPRESENTATION_CONTEXT('2D SPACE',''
  ) );
#5477 = ORIENTED_EDGE('',*,*,#5478,.T.);
#5478 = EDGE_CURVE('',#5456,#410,#5479,.T.);
#5479 = SURFACE_CURVE('',#5480,(#5484,#5491),.PCURVE_S1.);
#5480 = LINE('',#5481,#5482);
#5481 = CARTESIAN_POINT('',(8.,31.9076,-3.552713678801E-14));
#5482 = VECTOR('',#5483,1.);
#5483 = DIRECTION('',(8.9E-16,-1.,7.8E-16));
#5484 = PCURVE('',#2205,#5485);
#5485 = DEFINITIONAL_REPRESENTATION('',(#5486),#5490);
#5486 = LINE('',#5487,#5488);
#5487 = CARTESIAN_POINT('',(5.438401603549,-14.76286845459));
#5488 = VECTOR('',#5489,1.);
#5489 = DIRECTION('',(-1.34E-15,1.));
#5490 = ( GEOMETRIC_REPRESENTATION_CONTEXT(2) 
PARAMETRIC_REPRESENTATION_CONTEXT() REPRESENTATION_CONTEXT('2D SPACE',''
  ) );
#5491 = PCURVE('',#2544,#5492);
#5492 = DEFINITIONAL_REPRESENTATION('',(#5493),#5497);
#5493 = LINE('',#5494,#5495);
#5494 = CARTESIAN_POINT('',(-6.5427357601E-17,-16.));
#5495 = VECTOR('',#5496,1.);
#5496 = DIRECTION('',(1.,-4.5E-16));
#5497 = ( GEOMETRIC_REPRESENTATION_CONTEXT(2) 
PARAMETRIC_REPRESENTATION_CONTEXT() REPRESENTATION_CONTEXT('2D SPACE',''
  ) );
#5498 = ORIENTED_EDGE('',*,*,#2499,.F.);
#5499 = ORIENTED_EDGE('',*,*,#2189,.T.);
#5500 = ORIENTED_EDGE('',*,*,#2217,.T.);
#5501 = ORIENTED_EDGE('',*,*,#5328,.T.);
#5502 = FACE_BOUND('',#5503,.F.);
#5503 = EDGE_LOOP('',(#5504));
#5504 = ORIENTED_EDGE('',*,*,#5505,.T.);
#5505 = EDGE_CURVE('',#5506,#5506,#5508,.T.);
#5506 = VERTEX_POINT('',#5507);
#5507 = CARTESIAN_POINT('',(8.,29.4076,5.5));
#5508 = SURFACE_CURVE('',#5509,(#5514,#5525),.PCURVE_S1.);
#5509 = CIRCLE('',#5510,3.15);
#5510 = AXIS2_PLACEMENT_3D('',#5511,#5512,#5513);
#5511 = CARTESIAN_POINT('',(8.,26.2576,5.5));
#5512 = DIRECTION('',(1.,8.9E-16,1.E-15));
#5513 = DIRECTION('',(-8.9E-16,1.,-7.8E-16));
#5514 = PCURVE('',#2205,#5515);
#5515 = DEFINITIONAL_REPRESENTATION('',(#5516),#5524);
#5516 = ( BOUNDED_CURVE() B_SPLINE_CURVE(2,(#5517,#5518,#5519,#5520,
#5521,#5522,#5523),.UNSPECIFIED.,.T.,.F.) B_SPLINE_CURVE_WITH_KNOTS((1,2
    ,2,2,2,1),(-2.094395102393,0.,2.094395102393,4.188790204786,
6.28318530718,8.377580409573),.UNSPECIFIED.) CURVE() 
GEOMETRIC_REPRESENTATION_ITEM() RATIONAL_B_SPLINE_CURVE((1.,0.5,1.,0.5,
1.,0.5,1.)) REPRESENTATION_ITEM('') );
#5517 = CARTESIAN_POINT('',(-6.159839645085E-02,-12.26286845459));
#5518 = CARTESIAN_POINT('',(-5.517558440293,-12.26286845459));
#5519 = CARTESIAN_POINT('',(-2.789578418372,-7.537868454591));
#5520 = CARTESIAN_POINT('',(-6.159839645086E-02,-2.812868454591));
#5521 = CARTESIAN_POINT('',(2.66638162547,-7.537868454591));
#5522 = CARTESIAN_POINT('',(5.394361647391,-12.26286845459));
#5523 = CARTESIAN_POINT('',(-6.159839645085E-02,-12.26286845459));
#5524 = ( GEOMETRIC_REPRESENTATION_CONTEXT(2) 
PARAMETRIC_REPRESENTATION_CONTEXT() REPRESENTATION_CONTEXT('2D SPACE',''
  ) );
#5525 = PCURVE('',#4945,#5526);
#5526 = DEFINITIONAL_REPRESENTATION('',(#5527),#5531);
#5527 = LINE('',#5528,#5529);
#5528 = CARTESIAN_POINT('',(-0.,-16.));
#5529 = VECTOR('',#5530,1.);
#5530 = DIRECTION('',(-1.,0.));
#5531 = ( GEOMETRIC_REPRESENTATION_CONTEXT(2) 
PARAMETRIC_REPRESENTATION_CONTEXT() REPRESENTATION_CONTEXT('2D SPACE',''
  ) );
#5532 = ADVANCED_FACE('',(#5533),#2102,.T.);
#5533 = FACE_BOUND('',#5534,.T.);
#5534 = EDGE_LOOP('',(#5535,#5564,#5587,#5608,#5609,#5610,#5611,#5642));
#5535 = ORIENTED_EDGE('',*,*,#5536,.F.);
#5536 = EDGE_CURVE('',#5537,#5539,#5541,.T.);
#5537 = VERTEX_POINT('',#5538);
#5538 = CARTESIAN_POINT('',(17.672232310399,-17.6,38.725263487585));
#5539 = VERTEX_POINT('',#5540);
#5540 = CARTESIAN_POINT('',(17.649662085073,-16.6,38.281510397414));
#5541 = SURFACE_CURVE('',#5542,(#5547,#5554),.PCURVE_S1.);
#5542 = ELLIPSE('',#5543,3.316499670823,2.);
#5543 = AXIS2_PLACEMENT_3D('',#5544,#5545,#5546);
#5544 = CARTESIAN_POINT('',(17.818128540382,-16.6,41.593728554481));
#5545 = DIRECTION('',(0.998709026329,-1.82E-15,-5.079646375089E-02));
#5546 = DIRECTION('',(5.079646375089E-02,5.9E-16,0.998709026329));
#5547 = PCURVE('',#2102,#5548);
#5548 = DEFINITIONAL_REPRESENTATION('',(#5549),#5553);
#5549 = ELLIPSE('',#5550,3.316499670823,2.);
#5550 = AXIS2_PLACEMENT_2D('',#5551,#5552);
#5551 = CARTESIAN_POINT('',(35.944911271054,-120.9110241319));
#5552 = DIRECTION('',(1.,-2.53E-15));
#5553 = ( GEOMETRIC_REPRESENTATION_CONTEXT(2) 
PARAMETRIC_REPRESENTATION_CONTEXT() REPRESENTATION_CONTEXT('2D SPACE',''
  ) );
#5554 = PCURVE('',#3514,#5555);
#5555 = DEFINITIONAL_REPRESENTATION('',(#5556),#5563);
#5556 = B_SPLINE_CURVE_WITH_KNOTS('',5,(#5557,#5558,#5559,#5560,#5561,
    #5562),.UNSPECIFIED.,.F.,.F.,(6,6),(1.570796326795,3.14159265359),
  .PIECEWISE_BEZIER_KNOTS.);
#5557 = CARTESIAN_POINT('',(2.587E-14,2.64559446374));
#5558 = CARTESIAN_POINT('',(0.314159265359,1.814456450574));
#5559 = CARTESIAN_POINT('',(0.628318431586,0.982592581071));
#5560 = CARTESIAN_POINT('',(0.942495861576,0.325428416911));
#5561 = CARTESIAN_POINT('',(1.256637061436,4.2112E-13));
#5562 = CARTESIAN_POINT('',(1.570796326795,4.4043E-13));
#5563 = ( GEOMETRIC_REPRESENTATION_CONTEXT(2) 
PARAMETRIC_REPRESENTATION_CONTEXT() REPRESENTATION_CONTEXT('2D SPACE',''
  ) );
#5564 = ORIENTED_EDGE('',*,*,#5565,.F.);
#5565 = EDGE_CURVE('',#5566,#5537,#5568,.T.);
#5566 = VERTEX_POINT('',#5567);
#5567 = CARTESIAN_POINT('',(17.649662085073,-17.6,38.281510397414));
#5568 = SURFACE_CURVE('',#5569,(#5573,#5580),.PCURVE_S1.);
#5569 = LINE('',#5570,#5571);
#5570 = CARTESIAN_POINT('',(17.649662085073,-17.6,38.281510397414));
#5571 = VECTOR('',#5572,1.);
#5572 = DIRECTION('',(5.079646375089E-02,2.96E-15,0.998709026329));
#5573 = PCURVE('',#2102,#5574);
#5574 = DEFINITIONAL_REPRESENTATION('',(#5575),#5579);
#5575 = LINE('',#5576,#5577);
#5576 = CARTESIAN_POINT('',(32.628411600231,-119.9110241319));
#5577 = VECTOR('',#5578,1.);
#5578 = DIRECTION('',(1.,-4.9E-15));
#5579 = ( GEOMETRIC_REPRESENTATION_CONTEXT(2) 
PARAMETRIC_REPRESENTATION_CONTEXT() REPRESENTATION_CONTEXT('2D SPACE',''
  ) );
#5580 = PCURVE('',#3486,#5581);
#5581 = DEFINITIONAL_REPRESENTATION('',(#5582),#5586);
#5582 = LINE('',#5583,#5584);
#5583 = CARTESIAN_POINT('',(-0.,0.));
#5584 = VECTOR('',#5585,1.);
#5585 = DIRECTION('',(-0.,1.));
#5586 = ( GEOMETRIC_REPRESENTATION_CONTEXT(2) 
PARAMETRIC_REPRESENTATION_CONTEXT() REPRESENTATION_CONTEXT('2D SPACE',''
  ) );
#5587 = ORIENTED_EDGE('',*,*,#5588,.F.);
#5588 = EDGE_CURVE('',#2270,#5566,#5589,.T.);
#5589 = SURFACE_CURVE('',#5590,(#5594,#5601),.PCURVE_S1.);
#5590 = LINE('',#5591,#5592);
#5591 = CARTESIAN_POINT('',(15.992254157972,-17.6,5.695221217495));
#5592 = VECTOR('',#5593,1.);
#5593 = DIRECTION('',(5.079646375089E-02,1.44E-15,0.998709026329));
#5594 = PCURVE('',#2102,#5595);
#5595 = DEFINITIONAL_REPRESENTATION('',(#5596),#5600);
#5596 = LINE('',#5597,#5598);
#5597 = CARTESIAN_POINT('',(-4.838516122299E-13,-119.9110241319));
#5598 = VECTOR('',#5599,1.);
#5599 = DIRECTION('',(1.,-3.38E-15));
#5600 = ( GEOMETRIC_REPRESENTATION_CONTEXT(2) 
PARAMETRIC_REPRESENTATION_CONTEXT() REPRESENTATION_CONTEXT('2D SPACE',''
  ) );
#5601 = PCURVE('',#3458,#5602);
#5602 = DEFINITIONAL_REPRESENTATION('',(#5603),#5607);
#5603 = LINE('',#5604,#5605);
#5604 = CARTESIAN_POINT('',(-0.,0.));
#5605 = VECTOR('',#5606,1.);
#5606 = DIRECTION('',(-0.,1.));
#5607 = ( GEOMETRIC_REPRESENTATION_CONTEXT(2) 
PARAMETRIC_REPRESENTATION_CONTEXT() REPRESENTATION_CONTEXT('2D SPACE',''
  ) );
#5608 = ORIENTED_EDGE('',*,*,#2269,.T.);
#5609 = ORIENTED_EDGE('',*,*,#2114,.T.);
#5610 = ORIENTED_EDGE('',*,*,#2086,.T.);
#5611 = ORIENTED_EDGE('',*,*,#5612,.T.);
#5612 = EDGE_CURVE('',#2059,#5613,#5615,.T.);
#5613 = VERTEX_POINT('',#5614);
#5614 = CARTESIAN_POINT('',(17.649662085073,2.674581495248,
    38.281510397414));
#5615 = SURFACE_CURVE('',#5616,(#5621,#5632),.PCURVE_S1.);
#5616 = ELLIPSE('',#5617,3.334012651926,2.);
#5617 = AXIS2_PLACEMENT_3D('',#5618,#5619,#5620);
#5618 = CARTESIAN_POINT('',(17.818128540382,2.402342141379,
    41.593728554481));
#5619 = DIRECTION('',(-0.998709026329,1.818857564562E-15,
    5.079646375089E-02));
#5620 = DIRECTION('',(-5.03790249254E-02,0.12793830593,-0.990501763614)
  );
#5621 = PCURVE('',#2102,#5622);
#5622 = DEFINITIONAL_REPRESENTATION('',(#5623),#5631);
#5623 = ( BOUNDED_CURVE() B_SPLINE_CURVE(2,(#5624,#5625,#5626,#5627,
#5628,#5629,#5630),.UNSPECIFIED.,.T.,.F.) B_SPLINE_CURVE_WITH_KNOTS((1,2
    ,2,2,2,1),(-2.094395102393,0.,2.094395102393,4.188790204786,
6.28318530718,8.377580409573),.UNSPECIFIED.) CURVE() 
GEOMETRIC_REPRESENTATION_ITEM() RATIONAL_B_SPLINE_CURVE((1.,0.5,1.,0.5,
1.,0.5,1.)) REPRESENTATION_ITEM('') );
#5624 = CARTESIAN_POINT('',(32.638297107583,-140.3399142039));
#5625 = CARTESIAN_POINT('',(32.195105815373,-136.9042801317));
#5626 = CARTESIAN_POINT('',(37.376622706685,-137.9822752719));
#5627 = CARTESIAN_POINT('',(42.558139597998,-139.060270412));
#5628 = CARTESIAN_POINT('',(37.819813998895,-141.4179093441));
#5629 = CARTESIAN_POINT('',(33.081488399793,-143.7755482762));
#5630 = CARTESIAN_POINT('',(32.638297107583,-140.3399142039));
#5631 = ( GEOMETRIC_REPRESENTATION_CONTEXT(2) 
PARAMETRIC_REPRESENTATION_CONTEXT() REPRESENTATION_CONTEXT('2D SPACE',''
  ) );
#5632 = PCURVE('',#2074,#5633);
#5633 = DEFINITIONAL_REPRESENTATION('',(#5634),#5641);
#5634 = B_SPLINE_CURVE_WITH_KNOTS('',5,(#5635,#5636,#5637,#5638,#5639,
    #5640),.UNSPECIFIED.,.F.,.F.,(6,6),(4.703936402869,6.360414666953),
  .PIECEWISE_BEZIER_KNOTS.);
#5635 = CARTESIAN_POINT('',(3.73E-14,12.174804569359));
#5636 = CARTESIAN_POINT('',(0.331295652817,13.058509376982));
#5637 = CARTESIAN_POINT('',(0.662588378894,13.946340756942));
#5638 = CARTESIAN_POINT('',(0.993916363014,14.629771255425));
#5639 = CARTESIAN_POINT('',(1.325182611267,14.925098942872));
#5640 = CARTESIAN_POINT('',(1.656478264084,14.856916373171));
#5641 = ( GEOMETRIC_REPRESENTATION_CONTEXT(2) 
PARAMETRIC_REPRESENTATION_CONTEXT() REPRESENTATION_CONTEXT('2D SPACE',''
  ) );
#5642 = ORIENTED_EDGE('',*,*,#5643,.F.);
#5643 = EDGE_CURVE('',#5539,#5613,#5644,.T.);
#5644 = SURFACE_CURVE('',#5645,(#5649,#5656),.PCURVE_S1.);
#5645 = LINE('',#5646,#5647);
#5646 = CARTESIAN_POINT('',(17.649662085073,-62.75171206599,
    38.281510397414));
#5647 = VECTOR('',#5648,1.);
#5648 = DIRECTION('',(-2.09E-15,1.,-1.38E-15));
#5649 = PCURVE('',#2102,#5650);
#5650 = DEFINITIONAL_REPRESENTATION('',(#5651),#5655);
#5651 = LINE('',#5652,#5653);
#5652 = CARTESIAN_POINT('',(32.628411600231,-74.75931206599));
#5653 = VECTOR('',#5654,1.);
#5654 = DIRECTION('',(-3.424383065573E-15,-1.));
#5655 = ( GEOMETRIC_REPRESENTATION_CONTEXT(2) 
PARAMETRIC_REPRESENTATION_CONTEXT() REPRESENTATION_CONTEXT('2D SPACE',''
  ) );
#5656 = PCURVE('',#5657,#5662);
#5657 = PLANE('',#5658);
#5658 = AXIS2_PLACEMENT_3D('',#5659,#5660,#5661);
#5659 = CARTESIAN_POINT('',(27.292722215594,12.0076,49.773661951566));
#5660 = DIRECTION('',(0.766044443119,3.3E-16,-0.642787609686));
#5661 = DIRECTION('',(-0.642787609686,1.92E-15,-0.766044443119));
#5662 = DEFINITIONAL_REPRESENTATION('',(#5663),#5667);
#5663 = LINE('',#5664,#5665);
#5664 = CARTESIAN_POINT('',(15.0019384089,-74.75931206599));
#5665 = VECTOR('',#5666,1.);
#5666 = DIRECTION('',(4.320567435749E-15,1.));
#5667 = ( GEOMETRIC_REPRESENTATION_CONTEXT(2) 
PARAMETRIC_REPRESENTATION_CONTEXT() REPRESENTATION_CONTEXT('2D SPACE',''
  ) );
#5668 = ADVANCED_FACE('',(#5669),#1156,.F.);
#5669 = FACE_BOUND('',#5670,.F.);
#5670 = EDGE_LOOP('',(#5671,#5730,#5796,#5797));
#5671 = ORIENTED_EDGE('',*,*,#5672,.T.);
#5672 = EDGE_CURVE('',#1119,#5673,#5675,.T.);
#5673 = VERTEX_POINT('',#5674);
#5674 = CARTESIAN_POINT('',(-28.4625,0.871801096034,52.9876));
#5675 = SURFACE_CURVE('',#5676,(#5681,#5723),.PCURVE_S1.);
#5676 = CIRCLE('',#5677,2.);
#5677 = AXIS2_PLACEMENT_3D('',#5678,#5679,#5680);
#5678 = CARTESIAN_POINT('',(-26.4625,0.871801096034,52.9876));
#5679 = DIRECTION('',(-2.22E-15,-0.133134393062,0.991097993835));
#5680 = DIRECTION('',(1.62E-15,0.991097993835,0.133134393062));
#5681 = PCURVE('',#1156,#5682);
#5682 = DEFINITIONAL_REPRESENTATION('',(#5683),#5722);
#5683 = B_SPLINE_CURVE_WITH_KNOTS('',7,(#5684,#5685,#5686,#5687,#5688,
    #5689,#5690,#5691,#5692,#5693,#5694,#5695,#5696,#5697,#5698,#5699,
    #5700,#5701,#5702,#5703,#5704,#5705,#5706,#5707,#5708,#5709,#5710,
    #5711,#5712,#5713,#5714,#5715,#5716,#5717,#5718,#5719,#5720,#5721),
  .UNSPECIFIED.,.F.,.F.,(8,6,6,6,6,6,8),(0.,0.196349540849,
    0.392699081699,0.785398163397,1.178097245096,1.374446785946,
    1.570796326795),.UNSPECIFIED.);
#5684 = CARTESIAN_POINT('',(-3.E-17,2.909632782847));
#5685 = CARTESIAN_POINT('',(7.064486880106E-02,2.909632782847));
#5686 = CARTESIAN_POINT('',(0.140332372537,2.909632782847));
#5687 = CARTESIAN_POINT('',(0.209130176745,2.909632782847));
#5688 = CARTESIAN_POINT('',(0.277104629357,2.909632782847));
#5689 = CARTESIAN_POINT('',(0.344313318221,2.909632782847));
#5690 = CARTESIAN_POINT('',(0.410814997251,2.909632782847));
#5691 = CARTESIAN_POINT('',(0.542510666804,2.909632782847));
#5692 = CARTESIAN_POINT('',(0.607704859792,2.909632782847));
#5693 = CARTESIAN_POINT('',(0.672299351104,2.909632782847));
#5694 = CARTESIAN_POINT('',(0.736345286537,2.909632782847));
#5695 = CARTESIAN_POINT('',(0.799891402467,2.909632782847));
#5696 = CARTESIAN_POINT('',(0.862984410747,2.909632782847));
#5697 = CARTESIAN_POINT('',(1.051039329294,2.909632782847));
#5698 = CARTESIAN_POINT('',(1.174777120947,2.909632782847));
#5699 = CARTESIAN_POINT('',(1.297243158191,2.909632782847));
#5700 = CARTESIAN_POINT('',(1.418771449897,2.909632782847));
#5701 = CARTESIAN_POINT('',(1.539679703553,2.909632782847));
#5702 = CARTESIAN_POINT('',(1.660278047346,2.909632782847));
#5703 = CARTESIAN_POINT('',(1.901474722579,2.909632782847));
#5704 = CARTESIAN_POINT('',(2.022073066372,2.909632782847));
#5705 = CARTESIAN_POINT('',(2.142981320028,2.909632782847));
#5706 = CARTESIAN_POINT('',(2.264509611735,2.909632782847));
#5707 = CARTESIAN_POINT('',(2.386975648978,2.909632782847));
#5708 = CARTESIAN_POINT('',(2.510713440631,2.909632782847));
#5709 = CARTESIAN_POINT('',(2.698768359178,2.909632782847));
#5710 = CARTESIAN_POINT('',(2.761861367458,2.909632782847));
#5711 = CARTESIAN_POINT('',(2.825407483389,2.909632782847));
#5712 = CARTESIAN_POINT('',(2.889453418821,2.909632782847));
#5713 = CARTESIAN_POINT('',(2.954047910133,2.909632782847));
#5714 = CARTESIAN_POINT('',(3.019242103121,2.909632782847));
#5715 = CARTESIAN_POINT('',(3.150937772674,2.909632782847));
#5716 = CARTESIAN_POINT('',(3.217439451704,2.909632782847));
#5717 = CARTESIAN_POINT('',(3.284648140568,2.909632782847));
#5718 = CARTESIAN_POINT('',(3.35262259318,2.909632782846));
#5719 = CARTESIAN_POINT('',(3.421420397388,2.909632782847));
#5720 = CARTESIAN_POINT('',(3.491107901124,2.909632782847));
#5721 = CARTESIAN_POINT('',(3.561752769925,2.909632782847));
#5722 = ( GEOMETRIC_REPRESENTATION_CONTEXT(2) 
PARAMETRIC_REPRESENTATION_CONTEXT() REPRESENTATION_CONTEXT('2D SPACE',''
  ) );
#5723 = PCURVE('',#1222,#5724);
#5724 = DEFINITIONAL_REPRESENTATION('',(#5725),#5729);
#5725 = LINE('',#5726,#5727);
#5726 = CARTESIAN_POINT('',(-0.,2.909632782847));
#5727 = VECTOR('',#5728,1.);
#5728 = DIRECTION('',(-1.,0.));
#5729 = ( GEOMETRIC_REPRESENTATION_CONTEXT(2) 
PARAMETRIC_REPRESENTATION_CONTEXT() REPRESENTATION_CONTEXT('2D SPACE',''
  ) );
#5730 = ORIENTED_EDGE('',*,*,#5731,.T.);
#5731 = EDGE_CURVE('',#5673,#5218,#5732,.T.);
#5732 = SURFACE_CURVE('',#5733,(#5748,#5755),.PCURVE_S1.);
#5733 = ( BOUNDED_CURVE() B_SPLINE_CURVE(7,(#5734,#5735,#5736,#5737,
    #5738,#5739,#5740,#5741,#5742,#5743,#5744,#5745,#5746,#5747),
.UNSPECIFIED.,.F.,.F.) B_SPLINE_CURVE_WITH_KNOTS((8,6,8),(2.909632782847
,3.178005192807,6.471385552771),.UNSPECIFIED.) CURVE() 
GEOMETRIC_REPRESENTATION_ITEM() RATIONAL_B_SPLINE_CURVE((1.,1.,1.,1.,1.,
1.,1.,1.,1.,1.,1.,1.,1.,1.)) REPRESENTATION_ITEM('') );
#5734 = CARTESIAN_POINT('',(-28.4625,0.871801096034,52.9876));
#5735 = CARTESIAN_POINT('',(-28.4625,0.874888811044,52.949289987571));
#5736 = CARTESIAN_POINT('',(-28.46215732701,0.877978948152,
    52.910947681385));
#5737 = CARTESIAN_POINT('',(-28.46147254173,0.881070741604,
    52.872590081416));
#5738 = CARTESIAN_POINT('',(-28.4604395912,0.884163506333,
    52.834160018122));
#5739 = CARTESIAN_POINT('',(-28.45906730664,0.887257008089,
    52.795781614472));
#5740 = CARTESIAN_POINT('',(-28.45733949149,0.890348660671,
    52.757254252326));
#5741 = CARTESIAN_POINT('',(-28.42988763368,0.931394361019,
    52.247298563557));
#5742 = CARTESIAN_POINT('',(-28.35242977884,0.969189214068,
    51.777157443843));
#5743 = CARTESIAN_POINT('',(-28.22338916133,1.005823689175,
    51.321760645946));
#5744 = CARTESIAN_POINT('',(-28.04678833955,1.040640691876,
    50.88877059049));
#5745 = CARTESIAN_POINT('',(-27.83067695011,1.073163298289,
    50.48722265056));
#5746 = CARTESIAN_POINT('',(-27.57974376225,1.103269153792,
    50.115720910951));
#5747 = CARTESIAN_POINT('',(-27.29272221559,1.130838463123,
    49.773661951566));
#5748 = PCURVE('',#1156,#5749);
#5749 = DEFINITIONAL_REPRESENTATION('',(#5750),#5754);
#5750 = LINE('',#5751,#5752);
#5751 = CARTESIAN_POINT('',(3.561752769925,0.));
#5752 = VECTOR('',#5753,1.);
#5753 = DIRECTION('',(0.,1.));
#5754 = ( GEOMETRIC_REPRESENTATION_CONTEXT(2) 
PARAMETRIC_REPRESENTATION_CONTEXT() REPRESENTATION_CONTEXT('2D SPACE',''
  ) );
#5755 = PCURVE('',#5254,#5756);
#5756 = DEFINITIONAL_REPRESENTATION('',(#5757),#5795);
#5757 = B_SPLINE_CURVE_WITH_KNOTS('',8,(#5758,#5759,#5760,#5761,#5762,
    #5763,#5764,#5765,#5766,#5767,#5768,#5769,#5770,#5771,#5772,#5773,
    #5774,#5775,#5776,#5777,#5778,#5779,#5780,#5781,#5782,#5783,#5784,
    #5785,#5786,#5787,#5788,#5789,#5790,#5791,#5792,#5793,#5794),
  .UNSPECIFIED.,.F.,.F.,(9,7,7,7,7,9),(2.909632782847,3.132242330967,
    3.354851879087,3.800070975328,4.690509167809,6.471385552771),
  .UNSPECIFIED.);
#5758 = CARTESIAN_POINT('',(6.28318530718,-11.13579890396));
#5759 = CARTESIAN_POINT('',(6.277624264048,-11.13355785583));
#5760 = CARTESIAN_POINT('',(6.272060327276,-11.13131553781));
#5761 = CARTESIAN_POINT('',(6.266492967223,-11.12907223948));
#5762 = CARTESIAN_POINT('',(6.260921786905,-11.12682823252));
#5763 = CARTESIAN_POINT('',(6.255346521989,-11.12458377067));
#5764 = CARTESIAN_POINT('',(6.249767040804,-11.12233908979));
#5765 = CARTESIAN_POINT('',(6.244183344331,-11.12009440781));
#5766 = CARTESIAN_POINT('',(6.23300778808,-11.11560544164));
#5767 = CARTESIAN_POINT('',(6.227412581229,-11.11336151248));
#5768 = CARTESIAN_POINT('',(6.221844758361,-11.11111449075));
#5769 = CARTESIAN_POINT('',(6.216240087824,-11.10887333861));
#5770 = CARTESIAN_POINT('',(6.210662522732,-11.10662873864));
#5771 = CARTESIAN_POINT('',(6.205071005131,-11.10438752288));
#5772 = CARTESIAN_POINT('',(6.199483477388,-11.10214681058));
#5773 = CARTESIAN_POINT('',(6.182719552421,-11.09542930135));
#5774 = CARTESIAN_POINT('',(6.17154410961,-11.09095668428));
#5775 = CARTESIAN_POINT('',(6.16037081398,-11.08649122327));
#5776 = CARTESIAN_POINT('',(6.149201198652,-11.0820343022));
#5777 = CARTESIAN_POINT('',(6.138036689852,-11.07758725521));
#5778 = CARTESIAN_POINT('',(6.126878606916,-11.07315136665));
#5779 = CARTESIAN_POINT('',(6.115728162285,-11.06872787113));
#5780 = CARTESIAN_POINT('',(6.082303059954,-11.05549811822));
#5781 = CARTESIAN_POINT('',(6.060054696741,-11.04673262302));
#5782 = CARTESIAN_POINT('',(6.037850373044,-11.03803091649));
#5783 = CARTESIAN_POINT('',(6.015697975181,-11.02940174579));
#5784 = CARTESIAN_POINT('',(5.993604274607,-11.02085315663));
#5785 = CARTESIAN_POINT('',(5.971574927925,-11.01239249331));
#5786 = CARTESIAN_POINT('',(5.949614476873,-11.00402639867));
#5787 = CARTESIAN_POINT('',(5.883950091265,-10.97922964503));
#5788 = CARTESIAN_POINT('',(5.840461276095,-10.96310026657));
#5789 = CARTESIAN_POINT('',(5.797290253496,-10.94742155468));
#5790 = CARTESIAN_POINT('',(5.754438391438,-10.93222998697));
#5791 = CARTESIAN_POINT('',(5.711874826854,-10.91755197793));
#5792 = CARTESIAN_POINT('',(5.669533217287,-10.90340621393));
#5793 = CARTESIAN_POINT('',(5.627308492551,-10.88980598839));
#5794 = CARTESIAN_POINT('',(5.585053606381,-10.87676153687));
#5795 = ( GEOMETRIC_REPRESENTATION_CONTEXT(2) 
PARAMETRIC_REPRESENTATION_CONTEXT() REPRESENTATION_CONTEXT('2D SPACE',''
  ) );
#5796 = ORIENTED_EDGE('',*,*,#5270,.F.);
#5797 = ORIENTED_EDGE('',*,*,#1118,.F.);
#5798 = ADVANCED_FACE('',(#5799),#1222,.T.);
#5799 = FACE_BOUND('',#5800,.F.);
#5800 = EDGE_LOOP('',(#5801,#5828,#5854,#5855));
#5801 = ORIENTED_EDGE('',*,*,#5802,.T.);
#5802 = EDGE_CURVE('',#1207,#5803,#5805,.T.);
#5803 = VERTEX_POINT('',#5804);
#5804 = CARTESIAN_POINT('',(-28.4625,0.448660961806,56.1376));
#5805 = SURFACE_CURVE('',#5806,(#5811,#5821),.PCURVE_S1.);
#5806 = ELLIPSE('',#5807,2.017963927321,2.);
#5807 = AXIS2_PLACEMENT_3D('',#5808,#5809,#5810);
#5808 = CARTESIAN_POINT('',(-26.4625,0.448660961806,56.1376));
#5809 = DIRECTION('',(-2.78E-15,4.4E-16,1.));
#5810 = DIRECTION('',(-3.96E-15,1.,-4.4E-16));
#5811 = PCURVE('',#1222,#5812);
#5812 = DEFINITIONAL_REPRESENTATION('',(#5813),#5820);
#5813 = B_SPLINE_CURVE_WITH_KNOTS('',5,(#5814,#5815,#5816,#5817,#5818,
    #5819),.UNSPECIFIED.,.F.,.F.,(6,6),(3.508E-14,1.570796326795),
  .PIECEWISE_BEZIER_KNOTS.);
#5814 = CARTESIAN_POINT('',(-4.086E-14,1.421E-14));
#5815 = CARTESIAN_POINT('',(-0.314159265359,1.132E-14));
#5816 = CARTESIAN_POINT('',(-0.628317968289,-3.305320120521E-02));
#5817 = CARTESIAN_POINT('',(-0.9424780332,-9.977979785099E-02));
#5818 = CARTESIAN_POINT('',(-1.256637061436,-0.184258247946));
#5819 = CARTESIAN_POINT('',(-1.570796326795,-0.268660402685));
#5820 = ( GEOMETRIC_REPRESENTATION_CONTEXT(2) 
PARAMETRIC_REPRESENTATION_CONTEXT() REPRESENTATION_CONTEXT('2D SPACE',''
  ) );
#5821 = PCURVE('',#1250,#5822);
#5822 = DEFINITIONAL_REPRESENTATION('',(#5823),#5827);
#5823 = ELLIPSE('',#5824,2.017963927321,2.);
#5824 = AXIS2_PLACEMENT_2D('',#5825,#5826);
#5825 = CARTESIAN_POINT('',(-3.,-11.55893903819));
#5826 = DIRECTION('',(-5.51E-15,1.));
#5827 = ( GEOMETRIC_REPRESENTATION_CONTEXT(2) 
PARAMETRIC_REPRESENTATION_CONTEXT() REPRESENTATION_CONTEXT('2D SPACE',''
  ) );
#5828 = ORIENTED_EDGE('',*,*,#5829,.T.);
#5829 = EDGE_CURVE('',#5803,#5673,#5830,.T.);
#5830 = SURFACE_CURVE('',#5831,(#5835,#5842),.PCURVE_S1.);
#5831 = LINE('',#5832,#5833);
#5832 = CARTESIAN_POINT('',(-28.4625,0.484428901457,55.871331213876));
#5833 = VECTOR('',#5834,1.);
#5834 = DIRECTION('',(2.22E-15,0.133134393062,-0.991097993835));
#5835 = PCURVE('',#1222,#5836);
#5836 = DEFINITIONAL_REPRESENTATION('',(#5837),#5841);
#5837 = LINE('',#5838,#5839);
#5838 = CARTESIAN_POINT('',(-1.570796326795,0.));
#5839 = VECTOR('',#5840,1.);
#5840 = DIRECTION('',(-0.,1.));
#5841 = ( GEOMETRIC_REPRESENTATION_CONTEXT(2) 
PARAMETRIC_REPRESENTATION_CONTEXT() REPRESENTATION_CONTEXT('2D SPACE',''
  ) );
#5842 = PCURVE('',#5843,#5848);
#5843 = PLANE('',#5844);
#5844 = AXIS2_PLACEMENT_3D('',#5845,#5846,#5847);
#5845 = CARTESIAN_POINT('',(-28.4625,12.0076,52.9876));
#5846 = DIRECTION('',(1.,-1.78E-15,-6.7E-16));
#5847 = DIRECTION('',(-6.7E-16,2.E-15,-1.));
#5848 = DEFINITIONAL_REPRESENTATION('',(#5849),#5853);
#5849 = LINE('',#5850,#5851);
#5850 = CARTESIAN_POINT('',(-2.883731213876,-11.52317109854));
#5851 = VECTOR('',#5852,1.);
#5852 = DIRECTION('',(0.991097993835,0.133134393062));
#5853 = ( GEOMETRIC_REPRESENTATION_CONTEXT(2) 
PARAMETRIC_REPRESENTATION_CONTEXT() REPRESENTATION_CONTEXT('2D SPACE',''
  ) );
#5854 = ORIENTED_EDGE('',*,*,#5672,.F.);
#5855 = ORIENTED_EDGE('',*,*,#1206,.F.);
#5856 = ADVANCED_FACE('',(#5857),#2074,.T.);
#5857 = FACE_BOUND('',#5858,.T.);
#5858 = EDGE_LOOP('',(#5859,#5889,#5910,#5911));
#5859 = ORIENTED_EDGE('',*,*,#5860,.T.);
#5860 = EDGE_CURVE('',#1971,#5861,#5863,.T.);
#5861 = VERTEX_POINT('',#5862);
#5862 = CARTESIAN_POINT('',(27.292722215594,1.130838463123,
    49.773661951566));
#5863 = SURFACE_CURVE('',#5864,(#5868,#5882),.PCURVE_S1.);
#5864 = ( BOUNDED_CURVE() B_SPLINE_CURVE(2,(#5865,#5866,#5867),
.UNSPECIFIED.,.F.,.F.) B_SPLINE_CURVE_WITH_KNOTS((3,3),(0.,
3.561752769921),.PIECEWISE_BEZIER_KNOTS.) CURVE() 
GEOMETRIC_REPRESENTATION_ITEM() RATIONAL_B_SPLINE_CURVE((1.,
0.676174112828,1.)) REPRESENTATION_ITEM('') );
#5865 = CARTESIAN_POINT('',(25.760633329355,3.113034450793,
    51.325505957063));
#5866 = CARTESIAN_POINT('',(27.436104219663,3.298540158539,
    49.944537970029));
#5867 = CARTESIAN_POINT('',(27.292722215594,1.130838463123,
    49.773661951566));
#5868 = PCURVE('',#2074,#5869);
#5869 = DEFINITIONAL_REPRESENTATION('',(#5870),#5881);
#5870 = B_SPLINE_CURVE_WITH_KNOTS('',9,(#5871,#5872,#5873,#5874,#5875,
    #5876,#5877,#5878,#5879,#5880),.UNSPECIFIED.,.F.,.F.,(10,10),(0.,
    3.561752769921),.PIECEWISE_BEZIER_KNOTS.);
#5871 = CARTESIAN_POINT('',(0.,-0.22424069695));
#5872 = CARTESIAN_POINT('',(0.163720413464,-0.22424069695));
#5873 = CARTESIAN_POINT('',(0.340693727193,-0.22424069695));
#5874 = CARTESIAN_POINT('',(0.52959905179,-0.22424069695));
#5875 = CARTESIAN_POINT('',(0.727374131527,-0.22424069695));
#5876 = CARTESIAN_POINT('',(0.929104132558,-0.22424069695));
#5877 = CARTESIAN_POINT('',(1.126879212294,-0.22424069695));
#5878 = CARTESIAN_POINT('',(1.315784536892,-0.22424069695));
#5879 = CARTESIAN_POINT('',(1.49275785062,-0.22424069695));
#5880 = CARTESIAN_POINT('',(1.656478264084,-0.22424069695));
#5881 = ( GEOMETRIC_REPRESENTATION_CONTEXT(2) 
PARAMETRIC_REPRESENTATION_CONTEXT() REPRESENTATION_CONTEXT('2D SPACE',''
  ) );
#5882 = PCURVE('',#2008,#5883);
#5883 = DEFINITIONAL_REPRESENTATION('',(#5884),#5888);
#5884 = LINE('',#5885,#5886);
#5885 = CARTESIAN_POINT('',(0.,6.471385552768));
#5886 = VECTOR('',#5887,1.);
#5887 = DIRECTION('',(1.,0.));
#5888 = ( GEOMETRIC_REPRESENTATION_CONTEXT(2) 
PARAMETRIC_REPRESENTATION_CONTEXT() REPRESENTATION_CONTEXT('2D SPACE',''
  ) );
#5889 = ORIENTED_EDGE('',*,*,#5890,.T.);
#5890 = EDGE_CURVE('',#5861,#5613,#5891,.T.);
#5891 = SURFACE_CURVE('',#5892,(#5896,#5903),.PCURVE_S1.);
#5892 = LINE('',#5893,#5894);
#5893 = CARTESIAN_POINT('',(27.149340211524,1.153792273088,
    49.602785933103));
#5894 = VECTOR('',#5895,1.);
#5895 = DIRECTION('',(-0.639411159614,0.102362373454,-0.762020546614));
#5896 = PCURVE('',#2074,#5897);
#5897 = DEFINITIONAL_REPRESENTATION('',(#5898),#5902);
#5898 = LINE('',#5899,#5900);
#5899 = CARTESIAN_POINT('',(1.656478264084,0.));
#5900 = VECTOR('',#5901,1.);
#5901 = DIRECTION('',(0.,1.));
#5902 = ( GEOMETRIC_REPRESENTATION_CONTEXT(2) 
PARAMETRIC_REPRESENTATION_CONTEXT() REPRESENTATION_CONTEXT('2D SPACE',''
  ) );
#5903 = PCURVE('',#5657,#5904);
#5904 = DEFINITIONAL_REPRESENTATION('',(#5905),#5909);
#5905 = LINE('',#5906,#5907);
#5906 = CARTESIAN_POINT('',(0.223062800074,-10.85380772691));
#5907 = VECTOR('',#5908,1.);
#5908 = DIRECTION('',(0.994747176171,0.102362373454));
#5909 = ( GEOMETRIC_REPRESENTATION_CONTEXT(2) 
PARAMETRIC_REPRESENTATION_CONTEXT() REPRESENTATION_CONTEXT('2D SPACE',''
  ) );
#5910 = ORIENTED_EDGE('',*,*,#5612,.F.);
#5911 = ORIENTED_EDGE('',*,*,#2058,.F.);
#5912 = ADVANCED_FACE('',(#5913),#1250,.T.);
#5913 = FACE_BOUND('',#5914,.F.);
#5914 = EDGE_LOOP('',(#5915,#5916,#5937,#5938,#5966,#5987));
#5915 = ORIENTED_EDGE('',*,*,#1234,.T.);
#5916 = ORIENTED_EDGE('',*,*,#5917,.T.);
#5917 = EDGE_CURVE('',#1235,#4595,#5918,.T.);
#5918 = SURFACE_CURVE('',#5919,(#5923,#5930),.PCURVE_S1.);
#5919 = LINE('',#5920,#5921);
#5920 = CARTESIAN_POINT('',(-23.4625,12.0076,56.1376));
#5921 = VECTOR('',#5922,1.);
#5922 = DIRECTION('',(1.78E-15,-1.,2.22E-15));
#5923 = PCURVE('',#1250,#5924);
#5924 = DEFINITIONAL_REPRESENTATION('',(#5925),#5929);
#5925 = LINE('',#5926,#5927);
#5926 = CARTESIAN_POINT('',(-0.,0.));
#5927 = VECTOR('',#5928,1.);
#5928 = DIRECTION('',(3.33E-15,-1.));
#5929 = ( GEOMETRIC_REPRESENTATION_CONTEXT(2) 
PARAMETRIC_REPRESENTATION_CONTEXT() REPRESENTATION_CONTEXT('2D SPACE',''
  ) );
#5930 = PCURVE('',#1278,#5931);
#5931 = DEFINITIONAL_REPRESENTATION('',(#5932),#5936);
#5932 = LINE('',#5933,#5934);
#5933 = CARTESIAN_POINT('',(-3.15,9.709294817993E-16));
#5934 = VECTOR('',#5935,1.);
#5935 = DIRECTION('',(-4.22E-15,-1.));
#5936 = ( GEOMETRIC_REPRESENTATION_CONTEXT(2) 
PARAMETRIC_REPRESENTATION_CONTEXT() REPRESENTATION_CONTEXT('2D SPACE',''
  ) );
#5937 = ORIENTED_EDGE('',*,*,#4617,.T.);
#5938 = ORIENTED_EDGE('',*,*,#5939,.T.);
#5939 = EDGE_CURVE('',#4618,#5940,#5942,.T.);
#5940 = VERTEX_POINT('',#5941);
#5941 = CARTESIAN_POINT('',(-28.4625,-16.6,56.1376));
#5942 = SURFACE_CURVE('',#5943,(#5948,#5959),.PCURVE_S1.);
#5943 = CIRCLE('',#5944,2.);
#5944 = AXIS2_PLACEMENT_3D('',#5945,#5946,#5947);
#5945 = CARTESIAN_POINT('',(-26.4625,-16.6,56.1376));
#5946 = DIRECTION('',(2.78E-15,0.,-1.));
#5947 = DIRECTION('',(1.,0.,2.78E-15));
#5948 = PCURVE('',#1250,#5949);
#5949 = DEFINITIONAL_REPRESENTATION('',(#5950),#5958);
#5950 = ( BOUNDED_CURVE() B_SPLINE_CURVE(2,(#5951,#5952,#5953,#5954,
#5955,#5956,#5957),.UNSPECIFIED.,.T.,.F.) B_SPLINE_CURVE_WITH_KNOTS((1,2
    ,2,2,2,1),(-2.094395102393,0.,2.094395102393,4.188790204786,
6.28318530718,8.377580409573),.UNSPECIFIED.) CURVE() 
GEOMETRIC_REPRESENTATION_ITEM() RATIONAL_B_SPLINE_CURVE((1.,0.5,1.,0.5,
1.,0.5,1.)) REPRESENTATION_ITEM('') );
#5951 = CARTESIAN_POINT('',(-1.,-28.6076));
#5952 = CARTESIAN_POINT('',(-1.,-32.07170161513));
#5953 = CARTESIAN_POINT('',(-4.,-30.33965080756));
#5954 = CARTESIAN_POINT('',(-7.,-28.6076));
#5955 = CARTESIAN_POINT('',(-4.,-26.87554919243));
#5956 = CARTESIAN_POINT('',(-1.,-25.14349838486));
#5957 = CARTESIAN_POINT('',(-1.,-28.6076));
#5958 = ( GEOMETRIC_REPRESENTATION_CONTEXT(2) 
PARAMETRIC_REPRESENTATION_CONTEXT() REPRESENTATION_CONTEXT('2D SPACE',''
  ) );
#5959 = PCURVE('',#4656,#5960);
#5960 = DEFINITIONAL_REPRESENTATION('',(#5961),#5965);
#5961 = LINE('',#5962,#5963);
#5962 = CARTESIAN_POINT('',(1.570796326795,3.15));
#5963 = VECTOR('',#5964,1.);
#5964 = DIRECTION('',(-1.,0.));
#5965 = ( GEOMETRIC_REPRESENTATION_CONTEXT(2) 
PARAMETRIC_REPRESENTATION_CONTEXT() REPRESENTATION_CONTEXT('2D SPACE',''
  ) );
#5966 = ORIENTED_EDGE('',*,*,#5967,.F.);
#5967 = EDGE_CURVE('',#5803,#5940,#5968,.T.);
#5968 = SURFACE_CURVE('',#5969,(#5973,#5980),.PCURVE_S1.);
#5969 = LINE('',#5970,#5971);
#5970 = CARTESIAN_POINT('',(-28.4625,12.0076,56.1376));
#5971 = VECTOR('',#5972,1.);
#5972 = DIRECTION('',(1.78E-15,-1.,2.22E-15));
#5973 = PCURVE('',#1250,#5974);
#5974 = DEFINITIONAL_REPRESENTATION('',(#5975),#5979);
#5975 = LINE('',#5976,#5977);
#5976 = CARTESIAN_POINT('',(-5.,-2.420929481799E-15));
#5977 = VECTOR('',#5978,1.);
#5978 = DIRECTION('',(3.33E-15,-1.));
#5979 = ( GEOMETRIC_REPRESENTATION_CONTEXT(2) 
PARAMETRIC_REPRESENTATION_CONTEXT() REPRESENTATION_CONTEXT('2D SPACE',''
  ) );
#5980 = PCURVE('',#5843,#5981);
#5981 = DEFINITIONAL_REPRESENTATION('',(#5982),#5986);
#5982 = LINE('',#5983,#5984);
#5983 = CARTESIAN_POINT('',(-3.15,-8.054273576013E-16));
#5984 = VECTOR('',#5985,1.);
#5985 = DIRECTION('',(-4.22E-15,-1.));
#5986 = ( GEOMETRIC_REPRESENTATION_CONTEXT(2) 
PARAMETRIC_REPRESENTATION_CONTEXT() REPRESENTATION_CONTEXT('2D SPACE',''
  ) );
#5987 = ORIENTED_EDGE('',*,*,#5802,.F.);
#5988 = ADVANCED_FACE('',(#5989),#2008,.T.);
#5989 = FACE_BOUND('',#5990,.T.);
#5990 = EDGE_LOOP('',(#5991,#6050,#6121,#6122));
#5991 = ORIENTED_EDGE('',*,*,#5992,.T.);
#5992 = EDGE_CURVE('',#1943,#5993,#5995,.T.);
#5993 = VERTEX_POINT('',#5994);
#5994 = CARTESIAN_POINT('',(28.4625,0.871801096034,52.9876));
#5995 = SURFACE_CURVE('',#5996,(#6001,#6043),.PCURVE_S1.);
#5996 = CIRCLE('',#5997,2.);
#5997 = AXIS2_PLACEMENT_3D('',#5998,#5999,#6000);
#5998 = CARTESIAN_POINT('',(26.4625,0.871801096034,52.9876));
#5999 = DIRECTION('',(2.45E-15,0.133134393062,-0.991097993835));
#6000 = DIRECTION('',(1.62E-15,0.991097993835,0.133134393062));
#6001 = PCURVE('',#2008,#6002);
#6002 = DEFINITIONAL_REPRESENTATION('',(#6003),#6042);
#6003 = B_SPLINE_CURVE_WITH_KNOTS('',7,(#6004,#6005,#6006,#6007,#6008,
    #6009,#6010,#6011,#6012,#6013,#6014,#6015,#6016,#6017,#6018,#6019,
    #6020,#6021,#6022,#6023,#6024,#6025,#6026,#6027,#6028,#6029,#6030,
    #6031,#6032,#6033,#6034,#6035,#6036,#6037,#6038,#6039,#6040,#6041),
  .UNSPECIFIED.,.F.,.F.,(8,6,6,6,6,6,8),(0.,0.196349540849,
    0.392699081699,0.785398163397,1.178097245096,1.374446785946,
    1.570796326795),.UNSPECIFIED.);
#6004 = CARTESIAN_POINT('',(-2.2E-16,2.909632782847));
#6005 = CARTESIAN_POINT('',(7.064486880099E-02,2.909632782847));
#6006 = CARTESIAN_POINT('',(0.140332372537,2.909632782847));
#6007 = CARTESIAN_POINT('',(0.209130176745,2.909632782847));
#6008 = CARTESIAN_POINT('',(0.277104629356,2.909632782847));
#6009 = CARTESIAN_POINT('',(0.34431331822,2.909632782847));
#6010 = CARTESIAN_POINT('',(0.41081499725,2.909632782847));
#6011 = CARTESIAN_POINT('',(0.542510666803,2.909632782847));
#6012 = CARTESIAN_POINT('',(0.607704859791,2.909632782846));
#6013 = CARTESIAN_POINT('',(0.672299351103,2.909632782847));
#6014 = CARTESIAN_POINT('',(0.736345286536,2.909632782846));
#6015 = CARTESIAN_POINT('',(0.799891402466,2.909632782847));
#6016 = CARTESIAN_POINT('',(0.862984410746,2.909632782847));
#6017 = CARTESIAN_POINT('',(1.051039329293,2.909632782847));
#6018 = CARTESIAN_POINT('',(1.174777120946,2.909632782846));
#6019 = CARTESIAN_POINT('',(1.297243158189,2.909632782847));
#6020 = CARTESIAN_POINT('',(1.418771449896,2.909632782846));
#6021 = CARTESIAN_POINT('',(1.539679703551,2.909632782847));
#6022 = CARTESIAN_POINT('',(1.660278047345,2.909632782847));
#6023 = CARTESIAN_POINT('',(1.901474722577,2.909632782847));
#6024 = CARTESIAN_POINT('',(2.02207306637,2.909632782847));
#6025 = CARTESIAN_POINT('',(2.142981320026,2.909632782847));
#6026 = CARTESIAN_POINT('',(2.264509611732,2.909632782847));
#6027 = CARTESIAN_POINT('',(2.386975648976,2.909632782847));
#6028 = CARTESIAN_POINT('',(2.510713440629,2.909632782847));
#6029 = CARTESIAN_POINT('',(2.698768359176,2.909632782847));
#6030 = CARTESIAN_POINT('',(2.761861367455,2.909632782847));
#6031 = CARTESIAN_POINT('',(2.825407483386,2.909632782847));
#6032 = CARTESIAN_POINT('',(2.889453418819,2.909632782847));
#6033 = CARTESIAN_POINT('',(2.95404791013,2.909632782847));
#6034 = CARTESIAN_POINT('',(3.019242103118,2.909632782847));
#6035 = CARTESIAN_POINT('',(3.150937772671,2.909632782847));
#6036 = CARTESIAN_POINT('',(3.217439451701,2.909632782847));
#6037 = CARTESIAN_POINT('',(3.284648140565,2.909632782847));
#6038 = CARTESIAN_POINT('',(3.352622593177,2.909632782847));
#6039 = CARTESIAN_POINT('',(3.421420397385,2.909632782847));
#6040 = CARTESIAN_POINT('',(3.49110790112,2.909632782847));
#6041 = CARTESIAN_POINT('',(3.561752769921,2.909632782847));
#6042 = ( GEOMETRIC_REPRESENTATION_CONTEXT(2) 
PARAMETRIC_REPRESENTATION_CONTEXT() REPRESENTATION_CONTEXT('2D SPACE',''
  ) );
#6043 = PCURVE('',#1958,#6044);
#6044 = DEFINITIONAL_REPRESENTATION('',(#6045),#6049);
#6045 = LINE('',#6046,#6047);
#6046 = CARTESIAN_POINT('',(0.,2.909632782847));
#6047 = VECTOR('',#6048,1.);
#6048 = DIRECTION('',(1.,0.));
#6049 = ( GEOMETRIC_REPRESENTATION_CONTEXT(2) 
PARAMETRIC_REPRESENTATION_CONTEXT() REPRESENTATION_CONTEXT('2D SPACE',''
  ) );
#6050 = ORIENTED_EDGE('',*,*,#6051,.T.);
#6051 = EDGE_CURVE('',#5993,#5861,#6052,.T.);
#6052 = SURFACE_CURVE('',#6053,(#6068,#6075),.PCURVE_S1.);
#6053 = ( BOUNDED_CURVE() B_SPLINE_CURVE(7,(#6054,#6055,#6056,#6057,
    #6058,#6059,#6060,#6061,#6062,#6063,#6064,#6065,#6066,#6067),
.UNSPECIFIED.,.F.,.F.) B_SPLINE_CURVE_WITH_KNOTS((8,6,8),(2.909632782847
,3.178005192807,6.471385552768),.UNSPECIFIED.) CURVE() 
GEOMETRIC_REPRESENTATION_ITEM() RATIONAL_B_SPLINE_CURVE((1.,1.,1.,1.,1.,
1.,1.,1.,1.,1.,1.,1.,1.,1.)) REPRESENTATION_ITEM('') );
#6054 = CARTESIAN_POINT('',(28.4625,0.871801096034,52.9876));
#6055 = CARTESIAN_POINT('',(28.4625,0.874888811044,52.949289987571));
#6056 = CARTESIAN_POINT('',(28.462157327015,0.877978948152,
    52.910947681386));
#6057 = CARTESIAN_POINT('',(28.46147254173,0.881070741603,
    52.872590081416));
#6058 = CARTESIAN_POINT('',(28.460439591202,0.884163506333,
    52.834160018123));
#6059 = CARTESIAN_POINT('',(28.459067306649,0.887257008089,
    52.795781614472));
#6060 = CARTESIAN_POINT('',(28.45733949149,0.89034866067,52.757254252327
    ));
#6061 = CARTESIAN_POINT('',(28.429887633684,0.931394361019,
    52.247298563556));
#6062 = CARTESIAN_POINT('',(28.352429778842,0.969189214067,
    51.777157443845));
#6063 = CARTESIAN_POINT('',(28.223389161334,1.005823689175,
    51.321760645944));
#6064 = CARTESIAN_POINT('',(28.046788339551,1.040640691876,
    50.888770590491));
#6065 = CARTESIAN_POINT('',(27.830676950115,1.073163298289,
    50.48722265056));
#6066 = CARTESIAN_POINT('',(27.579743762254,1.103269153792,
    50.115720910951));
#6067 = CARTESIAN_POINT('',(27.292722215594,1.130838463123,
    49.773661951566));
#6068 = PCURVE('',#2008,#6069);
#6069 = DEFINITIONAL_REPRESENTATION('',(#6070),#6074);
#6070 = LINE('',#6071,#6072);
#6071 = CARTESIAN_POINT('',(3.561752769921,0.));
#6072 = VECTOR('',#6073,1.);
#6073 = DIRECTION('',(0.,1.));
#6074 = ( GEOMETRIC_REPRESENTATION_CONTEXT(2) 
PARAMETRIC_REPRESENTATION_CONTEXT() REPRESENTATION_CONTEXT('2D SPACE',''
  ) );
#6075 = PCURVE('',#6076,#6081);
#6076 = CYLINDRICAL_SURFACE('',#6077,5.);
#6077 = AXIS2_PLACEMENT_3D('',#6078,#6079,#6080);
#6078 = CARTESIAN_POINT('',(23.4625,12.0076,52.9876));
#6079 = DIRECTION('',(-2.11E-15,1.,-1.44E-15));
#6080 = DIRECTION('',(1.,2.11E-15,-6.7E-16));
#6081 = DEFINITIONAL_REPRESENTATION('',(#6082),#6120);
#6082 = B_SPLINE_CURVE_WITH_KNOTS('',8,(#6083,#6084,#6085,#6086,#6087,
    #6088,#6089,#6090,#6091,#6092,#6093,#6094,#6095,#6096,#6097,#6098,
    #6099,#6100,#6101,#6102,#6103,#6104,#6105,#6106,#6107,#6108,#6109,
    #6110,#6111,#6112,#6113,#6114,#6115,#6116,#6117,#6118,#6119),
  .UNSPECIFIED.,.F.,.F.,(9,7,7,7,7,9),(2.909632782847,3.132242330967,
    3.354851879087,3.800070975327,4.690509167807,6.471385552768),
  .UNSPECIFIED.);
#6083 = CARTESIAN_POINT('',(-6.28318530718,-11.13579890396));
#6084 = CARTESIAN_POINT('',(-6.277624264048,-11.13355785583));
#6085 = CARTESIAN_POINT('',(-6.272060327276,-11.13131553781));
#6086 = CARTESIAN_POINT('',(-6.266492967223,-11.12907223948));
#6087 = CARTESIAN_POINT('',(-6.260921786904,-11.12682823252));
#6088 = CARTESIAN_POINT('',(-6.25534652199,-11.12458377067));
#6089 = CARTESIAN_POINT('',(-6.249767040804,-11.12233908979));
#6090 = CARTESIAN_POINT('',(-6.244183344331,-11.12009440781));
#6091 = CARTESIAN_POINT('',(-6.23300778808,-11.11560544164));
#6092 = CARTESIAN_POINT('',(-6.227412581229,-11.11336151248));
#6093 = CARTESIAN_POINT('',(-6.221844758361,-11.11111449075));
#6094 = CARTESIAN_POINT('',(-6.216240087825,-11.10887333861));
#6095 = CARTESIAN_POINT('',(-6.210662522732,-11.10662873864));
#6096 = CARTESIAN_POINT('',(-6.205071005131,-11.10438752288));
#6097 = CARTESIAN_POINT('',(-6.199483477388,-11.10214681058));
#6098 = CARTESIAN_POINT('',(-6.182719552421,-11.09542930135));
#6099 = CARTESIAN_POINT('',(-6.17154410961,-11.09095668428));
#6100 = CARTESIAN_POINT('',(-6.16037081398,-11.08649122327));
#6101 = CARTESIAN_POINT('',(-6.149201198651,-11.0820343022));
#6102 = CARTESIAN_POINT('',(-6.138036689852,-11.07758725521));
#6103 = CARTESIAN_POINT('',(-6.126878606916,-11.07315136665));
#6104 = CARTESIAN_POINT('',(-6.115728162286,-11.06872787114));
#6105 = CARTESIAN_POINT('',(-6.082303059954,-11.05549811822));
#6106 = CARTESIAN_POINT('',(-6.060054696741,-11.04673262302));
#6107 = CARTESIAN_POINT('',(-6.037850373045,-11.03803091649));
#6108 = CARTESIAN_POINT('',(-6.015697975181,-11.02940174579));
#6109 = CARTESIAN_POINT('',(-5.993604274607,-11.02085315663));
#6110 = CARTESIAN_POINT('',(-5.971574927924,-11.01239249331));
#6111 = CARTESIAN_POINT('',(-5.949614476873,-11.00402639867));
#6112 = CARTESIAN_POINT('',(-5.883950091264,-10.97922964503));
#6113 = CARTESIAN_POINT('',(-5.840461276095,-10.96310026657));
#6114 = CARTESIAN_POINT('',(-5.797290253495,-10.94742155467));
#6115 = CARTESIAN_POINT('',(-5.754438391439,-10.93222998698));
#6116 = CARTESIAN_POINT('',(-5.711874826854,-10.91755197793));
#6117 = CARTESIAN_POINT('',(-5.669533217288,-10.90340621393));
#6118 = CARTESIAN_POINT('',(-5.627308492551,-10.88980598839));
#6119 = CARTESIAN_POINT('',(-5.585053606381,-10.87676153687));
#6120 = ( GEOMETRIC_REPRESENTATION_CONTEXT(2) 
PARAMETRIC_REPRESENTATION_CONTEXT() REPRESENTATION_CONTEXT('2D SPACE',''
  ) );
#6121 = ORIENTED_EDGE('',*,*,#5860,.F.);
#6122 = ORIENTED_EDGE('',*,*,#1970,.F.);
#6123 = ADVANCED_FACE('',(#6124),#1278,.T.);
#6124 = FACE_BOUND('',#6125,.F.);
#6125 = EDGE_LOOP('',(#6126,#6127,#6148,#6149));
#6126 = ORIENTED_EDGE('',*,*,#1262,.T.);
#6127 = ORIENTED_EDGE('',*,*,#6128,.T.);
#6128 = EDGE_CURVE('',#1263,#4572,#6129,.T.);
#6129 = SURFACE_CURVE('',#6130,(#6134,#6141),.PCURVE_S1.);
#6130 = LINE('',#6131,#6132);
#6131 = CARTESIAN_POINT('',(-23.4625,12.0076,52.9876));
#6132 = VECTOR('',#6133,1.);
#6133 = DIRECTION('',(1.78E-15,-1.,2.22E-15));
#6134 = PCURVE('',#1278,#6135);
#6135 = DEFINITIONAL_REPRESENTATION('',(#6136),#6140);
#6136 = LINE('',#6137,#6138);
#6137 = CARTESIAN_POINT('',(-0.,0.));
#6138 = VECTOR('',#6139,1.);
#6139 = DIRECTION('',(-4.22E-15,-1.));
#6140 = ( GEOMETRIC_REPRESENTATION_CONTEXT(2) 
PARAMETRIC_REPRESENTATION_CONTEXT() REPRESENTATION_CONTEXT('2D SPACE',''
  ) );
#6141 = PCURVE('',#1306,#6142);
#6142 = DEFINITIONAL_REPRESENTATION('',(#6143),#6147);
#6143 = LINE('',#6144,#6145);
#6144 = CARTESIAN_POINT('',(-0.,0.));
#6145 = VECTOR('',#6146,1.);
#6146 = DIRECTION('',(-3.33E-15,-1.));
#6147 = ( GEOMETRIC_REPRESENTATION_CONTEXT(2) 
PARAMETRIC_REPRESENTATION_CONTEXT() REPRESENTATION_CONTEXT('2D SPACE',''
  ) );
#6148 = ORIENTED_EDGE('',*,*,#4594,.T.);
#6149 = ORIENTED_EDGE('',*,*,#5917,.F.);
#6150 = ADVANCED_FACE('',(#6151),#1958,.T.);
#6151 = FACE_BOUND('',#6152,.T.);
#6152 = EDGE_LOOP('',(#6153,#6184,#6210,#6211));
#6153 = ORIENTED_EDGE('',*,*,#6154,.T.);
#6154 = EDGE_CURVE('',#1915,#6155,#6157,.T.);
#6155 = VERTEX_POINT('',#6156);
#6156 = CARTESIAN_POINT('',(28.4625,0.448660961806,56.1376));
#6157 = SURFACE_CURVE('',#6158,(#6163,#6173),.PCURVE_S1.);
#6158 = ELLIPSE('',#6159,2.017963927321,2.);
#6159 = AXIS2_PLACEMENT_3D('',#6160,#6161,#6162);
#6160 = CARTESIAN_POINT('',(26.4625,0.448660961806,56.1376));
#6161 = DIRECTION('',(2.44E-15,-8.9E-16,-1.));
#6162 = DIRECTION('',(2.2E-16,1.,-8.9E-16));
#6163 = PCURVE('',#1958,#6164);
#6164 = DEFINITIONAL_REPRESENTATION('',(#6165),#6172);
#6165 = B_SPLINE_CURVE_WITH_KNOTS('',5,(#6166,#6167,#6168,#6169,#6170,
    #6171),.UNSPECIFIED.,.F.,.F.,(6,6),(-2.132E-14,1.570796326795),
  .PIECEWISE_BEZIER_KNOTS.);
#6166 = CARTESIAN_POINT('',(-2.309E-14,-4.E-17));
#6167 = CARTESIAN_POINT('',(0.314159265359,1.86E-15));
#6168 = CARTESIAN_POINT('',(0.628317968289,-3.305320120523E-02));
#6169 = CARTESIAN_POINT('',(0.9424780332,-9.9779797851E-02));
#6170 = CARTESIAN_POINT('',(1.256637061436,-0.184258247946));
#6171 = CARTESIAN_POINT('',(1.570796326795,-0.268660402685));
#6172 = ( GEOMETRIC_REPRESENTATION_CONTEXT(2) 
PARAMETRIC_REPRESENTATION_CONTEXT() REPRESENTATION_CONTEXT('2D SPACE',''
  ) );
#6173 = PCURVE('',#1930,#6174);
#6174 = DEFINITIONAL_REPRESENTATION('',(#6175),#6183);
#6175 = ( BOUNDED_CURVE() B_SPLINE_CURVE(2,(#6176,#6177,#6178,#6179,
#6180,#6181,#6182),.UNSPECIFIED.,.T.,.F.) B_SPLINE_CURVE_WITH_KNOTS((1,2
    ,2,2,2,1),(-2.094395102393,0.,2.094395102393,4.188790204786,
6.28318530718,8.377580409573),.UNSPECIFIED.) CURVE() 
GEOMETRIC_REPRESENTATION_ITEM() RATIONAL_B_SPLINE_CURVE((1.,0.5,1.,0.5,
1.,0.5,1.)) REPRESENTATION_ITEM('') );
#6176 = CARTESIAN_POINT('',(3.,-9.540975110872));
#6177 = CARTESIAN_POINT('',(6.464101615138,-9.540975110872));
#6178 = CARTESIAN_POINT('',(4.732050807569,-12.56792100185));
#6179 = CARTESIAN_POINT('',(3.,-15.59486689283));
#6180 = CARTESIAN_POINT('',(1.267949192431,-12.56792100185));
#6181 = CARTESIAN_POINT('',(-0.464101615138,-9.540975110872));
#6182 = CARTESIAN_POINT('',(3.,-9.540975110872));
#6183 = ( GEOMETRIC_REPRESENTATION_CONTEXT(2) 
PARAMETRIC_REPRESENTATION_CONTEXT() REPRESENTATION_CONTEXT('2D SPACE',''
  ) );
#6184 = ORIENTED_EDGE('',*,*,#6185,.T.);
#6185 = EDGE_CURVE('',#6155,#5993,#6186,.T.);
#6186 = SURFACE_CURVE('',#6187,(#6191,#6198),.PCURVE_S1.);
#6187 = LINE('',#6188,#6189);
#6188 = CARTESIAN_POINT('',(28.4625,0.484428901457,55.871331213876));
#6189 = VECTOR('',#6190,1.);
#6190 = DIRECTION('',(2.45E-15,0.133134393062,-0.991097993835));
#6191 = PCURVE('',#1958,#6192);
#6192 = DEFINITIONAL_REPRESENTATION('',(#6193),#6197);
#6193 = LINE('',#6194,#6195);
#6194 = CARTESIAN_POINT('',(1.570796326795,0.));
#6195 = VECTOR('',#6196,1.);
#6196 = DIRECTION('',(0.,1.));
#6197 = ( GEOMETRIC_REPRESENTATION_CONTEXT(2) 
PARAMETRIC_REPRESENTATION_CONTEXT() REPRESENTATION_CONTEXT('2D SPACE',''
  ) );
#6198 = PCURVE('',#6199,#6204);
#6199 = PLANE('',#6200);
#6200 = AXIS2_PLACEMENT_3D('',#6201,#6202,#6203);
#6201 = CARTESIAN_POINT('',(28.4625,12.0076,52.9876));
#6202 = DIRECTION('',(-1.,7.8E-16,4.4E-16));
#6203 = DIRECTION('',(4.4E-16,-1.67E-15,1.));
#6204 = DEFINITIONAL_REPRESENTATION('',(#6205),#6209);
#6205 = LINE('',#6206,#6207);
#6206 = CARTESIAN_POINT('',(2.883731213876,-11.52317109854));
#6207 = VECTOR('',#6208,1.);
#6208 = DIRECTION('',(-0.991097993835,0.133134393062));
#6209 = ( GEOMETRIC_REPRESENTATION_CONTEXT(2) 
PARAMETRIC_REPRESENTATION_CONTEXT() REPRESENTATION_CONTEXT('2D SPACE',''
  ) );
#6210 = ORIENTED_EDGE('',*,*,#5992,.F.);
#6211 = ORIENTED_EDGE('',*,*,#1942,.F.);
#6212 = ADVANCED_FACE('',(#6213),#1306,.F.);
#6213 = FACE_BOUND('',#6214,.T.);
#6214 = EDGE_LOOP('',(#6215,#6216,#6217,#6218));
#6215 = ORIENTED_EDGE('',*,*,#1290,.T.);
#6216 = ORIENTED_EDGE('',*,*,#6128,.T.);
#6217 = ORIENTED_EDGE('',*,*,#4571,.T.);
#6218 = ORIENTED_EDGE('',*,*,#6219,.F.);
#6219 = EDGE_CURVE('',#1291,#4549,#6220,.T.);
#6220 = SURFACE_CURVE('',#6221,(#6225,#6232),.PCURVE_S1.);
#6221 = LINE('',#6222,#6223);
#6222 = CARTESIAN_POINT('',(-18.5,12.0076,52.9876));
#6223 = VECTOR('',#6224,1.);
#6224 = DIRECTION('',(1.78E-15,-1.,2.22E-15));
#6225 = PCURVE('',#1306,#6226);
#6226 = DEFINITIONAL_REPRESENTATION('',(#6227),#6231);
#6227 = LINE('',#6228,#6229);
#6228 = CARTESIAN_POINT('',(-4.9625,-1.189909197001E-15));
#6229 = VECTOR('',#6230,1.);
#6230 = DIRECTION('',(-3.33E-15,-1.));
#6231 = ( GEOMETRIC_REPRESENTATION_CONTEXT(2) 
PARAMETRIC_REPRESENTATION_CONTEXT() REPRESENTATION_CONTEXT('2D SPACE',''
  ) );
#6232 = PCURVE('',#1334,#6233);
#6233 = DEFINITIONAL_REPRESENTATION('',(#6234),#6238);
#6234 = LINE('',#6235,#6236);
#6235 = CARTESIAN_POINT('',(-0.,0.));
#6236 = VECTOR('',#6237,1.);
#6237 = DIRECTION('',(-4.22E-15,-1.));
#6238 = ( GEOMETRIC_REPRESENTATION_CONTEXT(2) 
PARAMETRIC_REPRESENTATION_CONTEXT() REPRESENTATION_CONTEXT('2D SPACE',''
  ) );
#6239 = ADVANCED_FACE('',(#6240),#1930,.T.);
#6240 = FACE_BOUND('',#6241,.T.);
#6241 = EDGE_LOOP('',(#6242,#6243,#6264,#6265,#6289,#6310));
#6242 = ORIENTED_EDGE('',*,*,#1914,.T.);
#6243 = ORIENTED_EDGE('',*,*,#6244,.T.);
#6244 = EDGE_CURVE('',#1887,#3607,#6245,.T.);
#6245 = SURFACE_CURVE('',#6246,(#6250,#6257),.PCURVE_S1.);
#6246 = LINE('',#6247,#6248);
#6247 = CARTESIAN_POINT('',(23.4625,12.0076,56.1376));
#6248 = VECTOR('',#6249,1.);
#6249 = DIRECTION('',(2.33E-15,-1.,1.67E-15));
#6250 = PCURVE('',#1930,#6251);
#6251 = DEFINITIONAL_REPRESENTATION('',(#6252),#6256);
#6252 = LINE('',#6253,#6254);
#6253 = CARTESIAN_POINT('',(0.,0.));
#6254 = VECTOR('',#6255,1.);
#6255 = DIRECTION('',(3.33E-15,-1.));
#6256 = ( GEOMETRIC_REPRESENTATION_CONTEXT(2) 
PARAMETRIC_REPRESENTATION_CONTEXT() REPRESENTATION_CONTEXT('2D SPACE',''
  ) );
#6257 = PCURVE('',#1902,#6258);
#6258 = DEFINITIONAL_REPRESENTATION('',(#6259),#6263);
#6259 = LINE('',#6260,#6261);
#6260 = CARTESIAN_POINT('',(3.15,-6.857051820073E-17));
#6261 = VECTOR('',#6262,1.);
#6262 = DIRECTION('',(3.34E-15,-1.));
#6263 = ( GEOMETRIC_REPRESENTATION_CONTEXT(2) 
PARAMETRIC_REPRESENTATION_CONTEXT() REPRESENTATION_CONTEXT('2D SPACE',''
  ) );
#6264 = ORIENTED_EDGE('',*,*,#3606,.T.);
#6265 = ORIENTED_EDGE('',*,*,#6266,.T.);
#6266 = EDGE_CURVE('',#3579,#6267,#6269,.T.);
#6267 = VERTEX_POINT('',#6268);
#6268 = CARTESIAN_POINT('',(28.4625,-16.6,56.1376));
#6269 = SURFACE_CURVE('',#6270,(#6275,#6282),.PCURVE_S1.);
#6270 = CIRCLE('',#6271,2.);
#6271 = AXIS2_PLACEMENT_3D('',#6272,#6273,#6274);
#6272 = CARTESIAN_POINT('',(26.4625,-16.6,56.1376));
#6273 = DIRECTION('',(-2.66E-15,6.7E-16,1.));
#6274 = DIRECTION('',(1.,0.,2.66E-15));
#6275 = PCURVE('',#1930,#6276);
#6276 = DEFINITIONAL_REPRESENTATION('',(#6277),#6281);
#6277 = CIRCLE('',#6278,2.);
#6278 = AXIS2_PLACEMENT_2D('',#6279,#6280);
#6279 = CARTESIAN_POINT('',(3.,-28.6076));
#6280 = DIRECTION('',(1.,1.E-15));
#6281 = ( GEOMETRIC_REPRESENTATION_CONTEXT(2) 
PARAMETRIC_REPRESENTATION_CONTEXT() REPRESENTATION_CONTEXT('2D SPACE',''
  ) );
#6282 = PCURVE('',#3594,#6283);
#6283 = DEFINITIONAL_REPRESENTATION('',(#6284),#6288);
#6284 = LINE('',#6285,#6286);
#6285 = CARTESIAN_POINT('',(-4.712388980385,3.15));
#6286 = VECTOR('',#6287,1.);
#6287 = DIRECTION('',(1.,0.));
#6288 = ( GEOMETRIC_REPRESENTATION_CONTEXT(2) 
PARAMETRIC_REPRESENTATION_CONTEXT() REPRESENTATION_CONTEXT('2D SPACE',''
  ) );
#6289 = ORIENTED_EDGE('',*,*,#6290,.F.);
#6290 = EDGE_CURVE('',#6155,#6267,#6291,.T.);
#6291 = SURFACE_CURVE('',#6292,(#6296,#6303),.PCURVE_S1.);
#6292 = LINE('',#6293,#6294);
#6293 = CARTESIAN_POINT('',(28.4625,12.0076,56.1376));
#6294 = VECTOR('',#6295,1.);
#6295 = DIRECTION('',(2.33E-15,-1.,1.67E-15));
#6296 = PCURVE('',#1930,#6297);
#6297 = DEFINITIONAL_REPRESENTATION('',(#6298),#6302);
#6298 = LINE('',#6299,#6300);
#6299 = CARTESIAN_POINT('',(5.,-3.290705182007E-16));
#6300 = VECTOR('',#6301,1.);
#6301 = DIRECTION('',(3.33E-15,-1.));
#6302 = ( GEOMETRIC_REPRESENTATION_CONTEXT(2) 
PARAMETRIC_REPRESENTATION_CONTEXT() REPRESENTATION_CONTEXT('2D SPACE',''
  ) );
#6303 = PCURVE('',#6199,#6304);
#6304 = DEFINITIONAL_REPRESENTATION('',(#6305),#6309);
#6305 = LINE('',#6306,#6307);
#6306 = CARTESIAN_POINT('',(3.15,-1.844927357601E-15));
#6307 = VECTOR('',#6308,1.);
#6308 = DIRECTION('',(3.34E-15,-1.));
#6309 = ( GEOMETRIC_REPRESENTATION_CONTEXT(2) 
PARAMETRIC_REPRESENTATION_CONTEXT() REPRESENTATION_CONTEXT('2D SPACE',''
  ) );
#6310 = ORIENTED_EDGE('',*,*,#6154,.F.);
#6311 = ADVANCED_FACE('',(#6312),#1334,.F.);
#6312 = FACE_BOUND('',#6313,.T.);
#6313 = EDGE_LOOP('',(#6314,#6315,#6316,#6317,#6340,#6363,#6386,#6409,
    #6437));
#6314 = ORIENTED_EDGE('',*,*,#1318,.T.);
#6315 = ORIENTED_EDGE('',*,*,#6219,.T.);
#6316 = ORIENTED_EDGE('',*,*,#4548,.T.);
#6317 = ORIENTED_EDGE('',*,*,#6318,.F.);
#6318 = EDGE_CURVE('',#6319,#4521,#6321,.T.);
#6319 = VERTEX_POINT('',#6320);
#6320 = CARTESIAN_POINT('',(-18.5,-9.1625,65.8876));
#6321 = SURFACE_CURVE('',#6322,(#6326,#6333),.PCURVE_S1.);
#6322 = LINE('',#6323,#6324);
#6323 = CARTESIAN_POINT('',(-18.5,12.0076,65.8876));
#6324 = VECTOR('',#6325,1.);
#6325 = DIRECTION('',(1.78E-15,-1.,2.22E-15));
#6326 = PCURVE('',#1334,#6327);
#6327 = DEFINITIONAL_REPRESENTATION('',(#6328),#6332);
#6328 = LINE('',#6329,#6330);
#6329 = CARTESIAN_POINT('',(-12.9,-8.453525910037E-16));
#6330 = VECTOR('',#6331,1.);
#6331 = DIRECTION('',(-4.22E-15,-1.));
#6332 = ( GEOMETRIC_REPRESENTATION_CONTEXT(2) 
PARAMETRIC_REPRESENTATION_CONTEXT() REPRESENTATION_CONTEXT('2D SPACE',''
  ) );
#6333 = PCURVE('',#4536,#6334);
#6334 = DEFINITIONAL_REPRESENTATION('',(#6335),#6339);
#6335 = LINE('',#6336,#6337);
#6336 = CARTESIAN_POINT('',(-0.,0.));
#6337 = VECTOR('',#6338,1.);
#6338 = DIRECTION('',(3.33E-15,-1.));
#6339 = ( GEOMETRIC_REPRESENTATION_CONTEXT(2) 
PARAMETRIC_REPRESENTATION_CONTEXT() REPRESENTATION_CONTEXT('2D SPACE',''
  ) );
#6340 = ORIENTED_EDGE('',*,*,#6341,.F.);
#6341 = EDGE_CURVE('',#6342,#6319,#6344,.T.);
#6342 = VERTEX_POINT('',#6343);
#6343 = CARTESIAN_POINT('',(-18.5,-9.1625,62.8376));
#6344 = SURFACE_CURVE('',#6345,(#6349,#6356),.PCURVE_S1.);
#6345 = LINE('',#6346,#6347);
#6346 = CARTESIAN_POINT('',(-18.5,-9.1625,59.4376));
#6347 = VECTOR('',#6348,1.);
#6348 = DIRECTION('',(-1.67E-15,-5.6E-16,1.));
#6349 = PCURVE('',#1334,#6350);
#6350 = DEFINITIONAL_REPRESENTATION('',(#6351),#6355);
#6351 = LINE('',#6352,#6353);
#6352 = CARTESIAN_POINT('',(-6.45,-21.1701));
#6353 = VECTOR('',#6354,1.);
#6354 = DIRECTION('',(-1.,1.44E-15));
#6355 = ( GEOMETRIC_REPRESENTATION_CONTEXT(2) 
PARAMETRIC_REPRESENTATION_CONTEXT() REPRESENTATION_CONTEXT('2D SPACE',''
  ) );
#6356 = PCURVE('',#2907,#6357);
#6357 = DEFINITIONAL_REPRESENTATION('',(#6358),#6362);
#6358 = LINE('',#6359,#6360);
#6359 = CARTESIAN_POINT('',(6.45,-42.0625));
#6360 = VECTOR('',#6361,1.);
#6361 = DIRECTION('',(-1.,2.2E-16));
#6362 = ( GEOMETRIC_REPRESENTATION_CONTEXT(2) 
PARAMETRIC_REPRESENTATION_CONTEXT() REPRESENTATION_CONTEXT('2D SPACE',''
  ) );
#6363 = ORIENTED_EDGE('',*,*,#6364,.T.);
#6364 = EDGE_CURVE('',#6342,#6365,#6367,.T.);
#6365 = VERTEX_POINT('',#6366);
#6366 = CARTESIAN_POINT('',(-18.5,-9.1625,56.2376));
#6367 = SURFACE_CURVE('',#6368,(#6372,#6379),.PCURVE_S1.);
#6368 = LINE('',#6369,#6370);
#6369 = CARTESIAN_POINT('',(-18.5,-9.1625,54.6126));
#6370 = VECTOR('',#6371,1.);
#6371 = DIRECTION('',(1.67E-15,5.6E-16,-1.));
#6372 = PCURVE('',#1334,#6373);
#6373 = DEFINITIONAL_REPRESENTATION('',(#6374),#6378);
#6374 = LINE('',#6375,#6376);
#6375 = CARTESIAN_POINT('',(-1.625,-21.1701));
#6376 = VECTOR('',#6377,1.);
#6377 = DIRECTION('',(1.,-1.44E-15));
#6378 = ( GEOMETRIC_REPRESENTATION_CONTEXT(2) 
PARAMETRIC_REPRESENTATION_CONTEXT() REPRESENTATION_CONTEXT('2D SPACE',''
  ) );
#6379 = PCURVE('',#2935,#6380);
#6380 = DEFINITIONAL_REPRESENTATION('',(#6381),#6385);
#6381 = LINE('',#6382,#6383);
#6382 = CARTESIAN_POINT('',(-1.625,-42.0625));
#6383 = VECTOR('',#6384,1.);
#6384 = DIRECTION('',(-1.,-2.2E-16));
#6385 = ( GEOMETRIC_REPRESENTATION_CONTEXT(2) 
PARAMETRIC_REPRESENTATION_CONTEXT() REPRESENTATION_CONTEXT('2D SPACE',''
  ) );
#6386 = ORIENTED_EDGE('',*,*,#6387,.T.);
#6387 = EDGE_CURVE('',#6365,#6388,#6390,.T.);
#6388 = VERTEX_POINT('',#6389);
#6389 = CARTESIAN_POINT('',(-18.5,-4.,56.2376));
#6390 = SURFACE_CURVE('',#6391,(#6395,#6402),.PCURVE_S1.);
#6391 = LINE('',#6392,#6393);
#6392 = CARTESIAN_POINT('',(-18.5,4.0038,56.2376));
#6393 = VECTOR('',#6394,1.);
#6394 = DIRECTION('',(1.1E-16,1.,-1.44E-15));
#6395 = PCURVE('',#1334,#6396);
#6396 = DEFINITIONAL_REPRESENTATION('',(#6397),#6401);
#6397 = LINE('',#6398,#6399);
#6398 = CARTESIAN_POINT('',(-3.25,-8.0038));
#6399 = VECTOR('',#6400,1.);
#6400 = DIRECTION('',(3.44E-15,1.));
#6401 = ( GEOMETRIC_REPRESENTATION_CONTEXT(2) 
PARAMETRIC_REPRESENTATION_CONTEXT() REPRESENTATION_CONTEXT('2D SPACE',''
  ) );
#6402 = PCURVE('',#2656,#6403);
#6403 = DEFINITIONAL_REPRESENTATION('',(#6404),#6408);
#6404 = LINE('',#6405,#6406);
#6405 = CARTESIAN_POINT('',(-8.0038,-42.0625));
#6406 = VECTOR('',#6407,1.);
#6407 = DIRECTION('',(-1.,1.22E-15));
#6408 = ( GEOMETRIC_REPRESENTATION_CONTEXT(2) 
PARAMETRIC_REPRESENTATION_CONTEXT() REPRESENTATION_CONTEXT('2D SPACE',''
  ) );
#6409 = ORIENTED_EDGE('',*,*,#6410,.T.);
#6410 = EDGE_CURVE('',#6388,#6411,#6413,.T.);
#6411 = VERTEX_POINT('',#6412);
#6412 = CARTESIAN_POINT('',(-18.5,-4.,65.8876));
#6413 = SURFACE_CURVE('',#6414,(#6418,#6425),.PCURVE_S1.);
#6414 = LINE('',#6415,#6416);
#6415 = CARTESIAN_POINT('',(-18.5,-4.,62.7376));
#6416 = VECTOR('',#6417,1.);
#6417 = DIRECTION('',(-1.67E-15,-5.6E-16,1.));
#6418 = PCURVE('',#1334,#6419);
#6419 = DEFINITIONAL_REPRESENTATION('',(#6420),#6424);
#6420 = LINE('',#6421,#6422);
#6421 = CARTESIAN_POINT('',(-9.75,-16.0076));
#6422 = VECTOR('',#6423,1.);
#6423 = DIRECTION('',(-1.,1.44E-15));
#6424 = ( GEOMETRIC_REPRESENTATION_CONTEXT(2) 
PARAMETRIC_REPRESENTATION_CONTEXT() REPRESENTATION_CONTEXT('2D SPACE',''
  ) );
#6425 = PCURVE('',#6426,#6431);
#6426 = PLANE('',#6427);
#6427 = AXIS2_PLACEMENT_3D('',#6428,#6429,#6430);
#6428 = CARTESIAN_POINT('',(23.5625,-4.,72.4876));
#6429 = DIRECTION('',(8.9E-16,-1.,1.22E-15));
#6430 = DIRECTION('',(1.89E-15,-1.22E-15,-1.));
#6431 = DEFINITIONAL_REPRESENTATION('',(#6432),#6436);
#6432 = LINE('',#6433,#6434);
#6433 = CARTESIAN_POINT('',(9.75,-42.0625));
#6434 = VECTOR('',#6435,1.);
#6435 = DIRECTION('',(-1.,2.2E-16));
#6436 = ( GEOMETRIC_REPRESENTATION_CONTEXT(2) 
PARAMETRIC_REPRESENTATION_CONTEXT() REPRESENTATION_CONTEXT('2D SPACE',''
  ) );
#6437 = ORIENTED_EDGE('',*,*,#6438,.F.);
#6438 = EDGE_CURVE('',#1319,#6411,#6439,.T.);
#6439 = SURFACE_CURVE('',#6440,(#6444,#6451),.PCURVE_S1.);
#6440 = LINE('',#6441,#6442);
#6441 = CARTESIAN_POINT('',(-18.5,12.0076,65.8876));
#6442 = VECTOR('',#6443,1.);
#6443 = DIRECTION('',(1.78E-15,-1.,2.22E-15));
#6444 = PCURVE('',#1334,#6445);
#6445 = DEFINITIONAL_REPRESENTATION('',(#6446),#6450);
#6446 = LINE('',#6447,#6448);
#6447 = CARTESIAN_POINT('',(-12.9,-8.453525910037E-16));
#6448 = VECTOR('',#6449,1.);
#6449 = DIRECTION('',(-4.22E-15,-1.));
#6450 = ( GEOMETRIC_REPRESENTATION_CONTEXT(2) 
PARAMETRIC_REPRESENTATION_CONTEXT() REPRESENTATION_CONTEXT('2D SPACE',''
  ) );
#6451 = PCURVE('',#1362,#6452);
#6452 = DEFINITIONAL_REPRESENTATION('',(#6453),#6457);
#6453 = LINE('',#6454,#6455);
#6454 = CARTESIAN_POINT('',(-0.,0.));
#6455 = VECTOR('',#6456,1.);
#6456 = DIRECTION('',(3.33E-15,-1.));
#6457 = ( GEOMETRIC_REPRESENTATION_CONTEXT(2) 
PARAMETRIC_REPRESENTATION_CONTEXT() REPRESENTATION_CONTEXT('2D SPACE',''
  ) );
#6458 = ADVANCED_FACE('',(#6459),#1902,.T.);
#6459 = FACE_BOUND('',#6460,.T.);
#6460 = EDGE_LOOP('',(#6461,#6462,#6483,#6484));
#6461 = ORIENTED_EDGE('',*,*,#1886,.T.);
#6462 = ORIENTED_EDGE('',*,*,#6463,.T.);
#6463 = EDGE_CURVE('',#1859,#3630,#6464,.T.);
#6464 = SURFACE_CURVE('',#6465,(#6469,#6476),.PCURVE_S1.);
#6465 = LINE('',#6466,#6467);
#6466 = CARTESIAN_POINT('',(23.4625,12.0076,52.9876));
#6467 = VECTOR('',#6468,1.);
#6468 = DIRECTION('',(2.33E-15,-1.,1.67E-15));
#6469 = PCURVE('',#1902,#6470);
#6470 = DEFINITIONAL_REPRESENTATION('',(#6471),#6475);
#6471 = LINE('',#6472,#6473);
#6472 = CARTESIAN_POINT('',(0.,0.));
#6473 = VECTOR('',#6474,1.);
#6474 = DIRECTION('',(3.34E-15,-1.));
#6475 = ( GEOMETRIC_REPRESENTATION_CONTEXT(2) 
PARAMETRIC_REPRESENTATION_CONTEXT() REPRESENTATION_CONTEXT('2D SPACE',''
  ) );
#6476 = PCURVE('',#1874,#6477);
#6477 = DEFINITIONAL_REPRESENTATION('',(#6478),#6482);
#6478 = LINE('',#6479,#6480);
#6479 = CARTESIAN_POINT('',(0.,0.));
#6480 = VECTOR('',#6481,1.);
#6481 = DIRECTION('',(-3.33E-15,-1.));
#6482 = ( GEOMETRIC_REPRESENTATION_CONTEXT(2) 
PARAMETRIC_REPRESENTATION_CONTEXT() REPRESENTATION_CONTEXT('2D SPACE',''
  ) );
#6483 = ORIENTED_EDGE('',*,*,#3629,.T.);
#6484 = ORIENTED_EDGE('',*,*,#6244,.F.);
#6485 = ADVANCED_FACE('',(#6486),#1362,.F.);
#6486 = FACE_BOUND('',#6487,.T.);
#6487 = EDGE_LOOP('',(#6488,#6511,#6512,#6513));
#6488 = ORIENTED_EDGE('',*,*,#6489,.F.);
#6489 = EDGE_CURVE('',#1347,#6490,#6492,.T.);
#6490 = VERTEX_POINT('',#6491);
#6491 = CARTESIAN_POINT('',(-23.4625,-4.,65.8876));
#6492 = SURFACE_CURVE('',#6493,(#6497,#6504),.PCURVE_S1.);
#6493 = LINE('',#6494,#6495);
#6494 = CARTESIAN_POINT('',(-23.4625,12.0076,65.8876));
#6495 = VECTOR('',#6496,1.);
#6496 = DIRECTION('',(1.78E-15,-1.,2.22E-15));
#6497 = PCURVE('',#1362,#6498);
#6498 = DEFINITIONAL_REPRESENTATION('',(#6499),#6503);
#6499 = LINE('',#6500,#6501);
#6500 = CARTESIAN_POINT('',(-4.9625,2.966266036401E-15));
#6501 = VECTOR('',#6502,1.);
#6502 = DIRECTION('',(3.33E-15,-1.));
#6503 = ( GEOMETRIC_REPRESENTATION_CONTEXT(2) 
PARAMETRIC_REPRESENTATION_CONTEXT() REPRESENTATION_CONTEXT('2D SPACE',''
  ) );
#6504 = PCURVE('',#1390,#6505);
#6505 = DEFINITIONAL_REPRESENTATION('',(#6506),#6510);
#6506 = LINE('',#6507,#6508);
#6507 = CARTESIAN_POINT('',(-0.,0.));
#6508 = VECTOR('',#6509,1.);
#6509 = DIRECTION('',(4.22E-15,-1.));
#6510 = ( GEOMETRIC_REPRESENTATION_CONTEXT(2) 
PARAMETRIC_REPRESENTATION_CONTEXT() REPRESENTATION_CONTEXT('2D SPACE',''
  ) );
#6511 = ORIENTED_EDGE('',*,*,#1346,.T.);
#6512 = ORIENTED_EDGE('',*,*,#6438,.T.);
#6513 = ORIENTED_EDGE('',*,*,#6514,.T.);
#6514 = EDGE_CURVE('',#6411,#6490,#6515,.T.);
#6515 = SURFACE_CURVE('',#6516,(#6520,#6527),.PCURVE_S1.);
#6516 = LINE('',#6517,#6518);
#6517 = CARTESIAN_POINT('',(2.53125,-4.,65.8876));
#6518 = VECTOR('',#6519,1.);
#6519 = DIRECTION('',(-1.,8.9E-16,-1.E-15));
#6520 = PCURVE('',#1362,#6521);
#6521 = DEFINITIONAL_REPRESENTATION('',(#6522),#6526);
#6522 = LINE('',#6523,#6524);
#6523 = CARTESIAN_POINT('',(21.03125,-16.0076));
#6524 = VECTOR('',#6525,1.);
#6525 = DIRECTION('',(-1.,-6.6E-16));
#6526 = ( GEOMETRIC_REPRESENTATION_CONTEXT(2) 
PARAMETRIC_REPRESENTATION_CONTEXT() REPRESENTATION_CONTEXT('2D SPACE',''
  ) );
#6527 = PCURVE('',#6426,#6528);
#6528 = DEFINITIONAL_REPRESENTATION('',(#6529),#6533);
#6529 = LINE('',#6530,#6531);
#6530 = CARTESIAN_POINT('',(6.6,-21.03125));
#6531 = VECTOR('',#6532,1.);
#6532 = DIRECTION('',(-8.9E-16,-1.));
#6533 = ( GEOMETRIC_REPRESENTATION_CONTEXT(2) 
PARAMETRIC_REPRESENTATION_CONTEXT() REPRESENTATION_CONTEXT('2D SPACE',''
  ) );
#6534 = ADVANCED_FACE('',(#6535),#1874,.F.);
#6535 = FACE_BOUND('',#6536,.F.);
#6536 = EDGE_LOOP('',(#6537,#6538,#6539,#6540));
#6537 = ORIENTED_EDGE('',*,*,#1858,.T.);
#6538 = ORIENTED_EDGE('',*,*,#6463,.T.);
#6539 = ORIENTED_EDGE('',*,*,#3652,.T.);
#6540 = ORIENTED_EDGE('',*,*,#6541,.F.);
#6541 = EDGE_CURVE('',#1831,#3653,#6542,.T.);
#6542 = SURFACE_CURVE('',#6543,(#6547,#6554),.PCURVE_S1.);
#6543 = LINE('',#6544,#6545);
#6544 = CARTESIAN_POINT('',(18.5,12.0076,52.9876));
#6545 = VECTOR('',#6546,1.);
#6546 = DIRECTION('',(2.33E-15,-1.,1.67E-15));
#6547 = PCURVE('',#1874,#6548);
#6548 = DEFINITIONAL_REPRESENTATION('',(#6549),#6553);
#6549 = LINE('',#6550,#6551);
#6550 = CARTESIAN_POINT('',(4.9625,3.665705182007E-16));
#6551 = VECTOR('',#6552,1.);
#6552 = DIRECTION('',(-3.33E-15,-1.));
#6553 = ( GEOMETRIC_REPRESENTATION_CONTEXT(2) 
PARAMETRIC_REPRESENTATION_CONTEXT() REPRESENTATION_CONTEXT('2D SPACE',''
  ) );
#6554 = PCURVE('',#1846,#6555);
#6555 = DEFINITIONAL_REPRESENTATION('',(#6556),#6560);
#6556 = LINE('',#6557,#6558);
#6557 = CARTESIAN_POINT('',(0.,0.));
#6558 = VECTOR('',#6559,1.);
#6559 = DIRECTION('',(3.34E-15,-1.));
#6560 = ( GEOMETRIC_REPRESENTATION_CONTEXT(2) 
PARAMETRIC_REPRESENTATION_CONTEXT() REPRESENTATION_CONTEXT('2D SPACE',''
  ) );
#6561 = ADVANCED_FACE('',(#6562),#1390,.F.);
#6562 = FACE_BOUND('',#6563,.T.);
#6563 = EDGE_LOOP('',(#6564,#6587,#6588,#6589));
#6564 = ORIENTED_EDGE('',*,*,#6565,.F.);
#6565 = EDGE_CURVE('',#1375,#6566,#6568,.T.);
#6566 = VERTEX_POINT('',#6567);
#6567 = CARTESIAN_POINT('',(-23.4625,-4.,62.7376));
#6568 = SURFACE_CURVE('',#6569,(#6573,#6580),.PCURVE_S1.);
#6569 = LINE('',#6570,#6571);
#6570 = CARTESIAN_POINT('',(-23.4625,12.0076,62.7376));
#6571 = VECTOR('',#6572,1.);
#6572 = DIRECTION('',(1.78E-15,-1.,2.22E-15));
#6573 = PCURVE('',#1390,#6574);
#6574 = DEFINITIONAL_REPRESENTATION('',(#6575),#6579);
#6575 = LINE('',#6576,#6577);
#6576 = CARTESIAN_POINT('',(-3.15,-9.709294817992E-16));
#6577 = VECTOR('',#6578,1.);
#6578 = DIRECTION('',(4.22E-15,-1.));
#6579 = ( GEOMETRIC_REPRESENTATION_CONTEXT(2) 
PARAMETRIC_REPRESENTATION_CONTEXT() REPRESENTATION_CONTEXT('2D SPACE',''
  ) );
#6580 = PCURVE('',#1418,#6581);
#6581 = DEFINITIONAL_REPRESENTATION('',(#6582),#6586);
#6582 = LINE('',#6583,#6584);
#6583 = CARTESIAN_POINT('',(-0.,0.));
#6584 = VECTOR('',#6585,1.);
#6585 = DIRECTION('',(3.33E-15,-1.));
#6586 = ( GEOMETRIC_REPRESENTATION_CONTEXT(2) 
PARAMETRIC_REPRESENTATION_CONTEXT() REPRESENTATION_CONTEXT('2D SPACE',''
  ) );
#6587 = ORIENTED_EDGE('',*,*,#1374,.T.);
#6588 = ORIENTED_EDGE('',*,*,#6489,.T.);
#6589 = ORIENTED_EDGE('',*,*,#6590,.T.);
#6590 = EDGE_CURVE('',#6490,#6566,#6591,.T.);
#6591 = SURFACE_CURVE('',#6592,(#6596,#6603),.PCURVE_S1.);
#6592 = LINE('',#6593,#6594);
#6593 = CARTESIAN_POINT('',(-23.4625,-4.,69.1876));
#6594 = VECTOR('',#6595,1.);
#6595 = DIRECTION('',(1.67E-15,5.6E-16,-1.));
#6596 = PCURVE('',#1390,#6597);
#6597 = DEFINITIONAL_REPRESENTATION('',(#6598),#6602);
#6598 = LINE('',#6599,#6600);
#6599 = CARTESIAN_POINT('',(3.3,-16.0076));
#6600 = VECTOR('',#6601,1.);
#6601 = DIRECTION('',(-1.,-1.44E-15));
#6602 = ( GEOMETRIC_REPRESENTATION_CONTEXT(2) 
PARAMETRIC_REPRESENTATION_CONTEXT() REPRESENTATION_CONTEXT('2D SPACE',''
  ) );
#6603 = PCURVE('',#6426,#6604);
#6604 = DEFINITIONAL_REPRESENTATION('',(#6605),#6609);
#6605 = LINE('',#6606,#6607);
#6606 = CARTESIAN_POINT('',(3.3,-47.025));
#6607 = VECTOR('',#6608,1.);
#6608 = DIRECTION('',(1.,-2.2E-16));
#6609 = ( GEOMETRIC_REPRESENTATION_CONTEXT(2) 
PARAMETRIC_REPRESENTATION_CONTEXT() REPRESENTATION_CONTEXT('2D SPACE',''
  ) );
#6610 = ADVANCED_FACE('',(#6611),#1846,.F.);
#6611 = FACE_BOUND('',#6612,.F.);
#6612 = EDGE_LOOP('',(#6613,#6614,#6615,#6616,#6639,#6662,#6685,#6708,
    #6736));
#6613 = ORIENTED_EDGE('',*,*,#1830,.T.);
#6614 = ORIENTED_EDGE('',*,*,#6541,.T.);
#6615 = ORIENTED_EDGE('',*,*,#3675,.T.);
#6616 = ORIENTED_EDGE('',*,*,#6617,.F.);
#6617 = EDGE_CURVE('',#6618,#3676,#6620,.T.);
#6618 = VERTEX_POINT('',#6619);
#6619 = CARTESIAN_POINT('',(18.5,-9.1625,65.8876));
#6620 = SURFACE_CURVE('',#6621,(#6625,#6632),.PCURVE_S1.);
#6621 = LINE('',#6622,#6623);
#6622 = CARTESIAN_POINT('',(18.5,12.0076,65.8876));
#6623 = VECTOR('',#6624,1.);
#6624 = DIRECTION('',(2.33E-15,-1.,1.67E-15));
#6625 = PCURVE('',#1846,#6626);
#6626 = DEFINITIONAL_REPRESENTATION('',(#6627),#6631);
#6627 = LINE('',#6628,#6629);
#6628 = CARTESIAN_POINT('',(12.9,-1.549638912203E-15));
#6629 = VECTOR('',#6630,1.);
#6630 = DIRECTION('',(3.34E-15,-1.));
#6631 = ( GEOMETRIC_REPRESENTATION_CONTEXT(2) 
PARAMETRIC_REPRESENTATION_CONTEXT() REPRESENTATION_CONTEXT('2D SPACE',''
  ) );
#6632 = PCURVE('',#3714,#6633);
#6633 = DEFINITIONAL_REPRESENTATION('',(#6634),#6638);
#6634 = LINE('',#6635,#6636);
#6635 = CARTESIAN_POINT('',(0.,0.));
#6636 = VECTOR('',#6637,1.);
#6637 = DIRECTION('',(3.33E-15,-1.));
#6638 = ( GEOMETRIC_REPRESENTATION_CONTEXT(2) 
PARAMETRIC_REPRESENTATION_CONTEXT() REPRESENTATION_CONTEXT('2D SPACE',''
  ) );
#6639 = ORIENTED_EDGE('',*,*,#6640,.F.);
#6640 = EDGE_CURVE('',#6641,#6618,#6643,.T.);
#6641 = VERTEX_POINT('',#6642);
#6642 = CARTESIAN_POINT('',(18.5,-9.1625,62.8376));
#6643 = SURFACE_CURVE('',#6644,(#6648,#6655),.PCURVE_S1.);
#6644 = LINE('',#6645,#6646);
#6645 = CARTESIAN_POINT('',(18.5,-9.1625,59.4376));
#6646 = VECTOR('',#6647,1.);
#6647 = DIRECTION('',(-2.E-15,-5.6E-16,1.));
#6648 = PCURVE('',#1846,#6649);
#6649 = DEFINITIONAL_REPRESENTATION('',(#6650),#6654);
#6650 = LINE('',#6651,#6652);
#6651 = CARTESIAN_POINT('',(6.45,-21.1701));
#6652 = VECTOR('',#6653,1.);
#6653 = DIRECTION('',(1.,1.11E-15));
#6654 = ( GEOMETRIC_REPRESENTATION_CONTEXT(2) 
PARAMETRIC_REPRESENTATION_CONTEXT() REPRESENTATION_CONTEXT('2D SPACE',''
  ) );
#6655 = PCURVE('',#3041,#6656);
#6656 = DEFINITIONAL_REPRESENTATION('',(#6657),#6661);
#6657 = LINE('',#6658,#6659);
#6658 = CARTESIAN_POINT('',(6.45,-5.0625));
#6659 = VECTOR('',#6660,1.);
#6660 = DIRECTION('',(-1.,-1.1E-16));
#6661 = ( GEOMETRIC_REPRESENTATION_CONTEXT(2) 
PARAMETRIC_REPRESENTATION_CONTEXT() REPRESENTATION_CONTEXT('2D SPACE',''
  ) );
#6662 = ORIENTED_EDGE('',*,*,#6663,.T.);
#6663 = EDGE_CURVE('',#6641,#6664,#6666,.T.);
#6664 = VERTEX_POINT('',#6665);
#6665 = CARTESIAN_POINT('',(18.5,-9.1625,56.2376));
#6666 = SURFACE_CURVE('',#6667,(#6671,#6678),.PCURVE_S1.);
#6667 = LINE('',#6668,#6669);
#6668 = CARTESIAN_POINT('',(18.5,-9.1625,54.6126));
#6669 = VECTOR('',#6670,1.);
#6670 = DIRECTION('',(2.E-15,5.6E-16,-1.));
#6671 = PCURVE('',#1846,#6672);
#6672 = DEFINITIONAL_REPRESENTATION('',(#6673),#6677);
#6673 = LINE('',#6674,#6675);
#6674 = CARTESIAN_POINT('',(1.625,-21.1701));
#6675 = VECTOR('',#6676,1.);
#6676 = DIRECTION('',(-1.,-1.11E-15));
#6677 = ( GEOMETRIC_REPRESENTATION_CONTEXT(2) 
PARAMETRIC_REPRESENTATION_CONTEXT() REPRESENTATION_CONTEXT('2D SPACE',''
  ) );
#6678 = PCURVE('',#3013,#6679);
#6679 = DEFINITIONAL_REPRESENTATION('',(#6680),#6684);
#6680 = LINE('',#6681,#6682);
#6681 = CARTESIAN_POINT('',(-1.625,-5.0625));
#6682 = VECTOR('',#6683,1.);
#6683 = DIRECTION('',(-1.,1.1E-16));
#6684 = ( GEOMETRIC_REPRESENTATION_CONTEXT(2) 
PARAMETRIC_REPRESENTATION_CONTEXT() REPRESENTATION_CONTEXT('2D SPACE',''
  ) );
#6685 = ORIENTED_EDGE('',*,*,#6686,.T.);
#6686 = EDGE_CURVE('',#6664,#6687,#6689,.T.);
#6687 = VERTEX_POINT('',#6688);
#6688 = CARTESIAN_POINT('',(18.5,-4.,56.2376));
#6689 = SURFACE_CURVE('',#6690,(#6694,#6701),.PCURVE_S1.);
#6690 = LINE('',#6691,#6692);
#6691 = CARTESIAN_POINT('',(18.5,4.0038,56.2376));
#6692 = VECTOR('',#6693,1.);
#6693 = DIRECTION('',(-6.7E-16,1.,-1.44E-15));
#6694 = PCURVE('',#1846,#6695);
#6695 = DEFINITIONAL_REPRESENTATION('',(#6696),#6700);
#6696 = LINE('',#6697,#6698);
#6697 = CARTESIAN_POINT('',(3.25,-8.0038));
#6698 = VECTOR('',#6699,1.);
#6699 = DIRECTION('',(-3.11E-15,1.));
#6700 = ( GEOMETRIC_REPRESENTATION_CONTEXT(2) 
PARAMETRIC_REPRESENTATION_CONTEXT() REPRESENTATION_CONTEXT('2D SPACE',''
  ) );
#6701 = PCURVE('',#2735,#6702);
#6702 = DEFINITIONAL_REPRESENTATION('',(#6703),#6707);
#6703 = LINE('',#6704,#6705);
#6704 = CARTESIAN_POINT('',(-8.0038,-5.0625));
#6705 = VECTOR('',#6706,1.);
#6706 = DIRECTION('',(-1.,4.4E-16));
#6707 = ( GEOMETRIC_REPRESENTATION_CONTEXT(2) 
PARAMETRIC_REPRESENTATION_CONTEXT() REPRESENTATION_CONTEXT('2D SPACE',''
  ) );
#6708 = ORIENTED_EDGE('',*,*,#6709,.T.);
#6709 = EDGE_CURVE('',#6687,#6710,#6712,.T.);
#6710 = VERTEX_POINT('',#6711);
#6711 = CARTESIAN_POINT('',(18.5,-4.,65.8876));
#6712 = SURFACE_CURVE('',#6713,(#6717,#6724),.PCURVE_S1.);
#6713 = LINE('',#6714,#6715);
#6714 = CARTESIAN_POINT('',(18.5,-4.,62.7376));
#6715 = VECTOR('',#6716,1.);
#6716 = DIRECTION('',(-2.E-15,-5.6E-16,1.));
#6717 = PCURVE('',#1846,#6718);
#6718 = DEFINITIONAL_REPRESENTATION('',(#6719),#6723);
#6719 = LINE('',#6720,#6721);
#6720 = CARTESIAN_POINT('',(9.75,-16.0076));
#6721 = VECTOR('',#6722,1.);
#6722 = DIRECTION('',(1.,1.11E-15));
#6723 = ( GEOMETRIC_REPRESENTATION_CONTEXT(2) 
PARAMETRIC_REPRESENTATION_CONTEXT() REPRESENTATION_CONTEXT('2D SPACE',''
  ) );
#6724 = PCURVE('',#6725,#6730);
#6725 = PLANE('',#6726);
#6726 = AXIS2_PLACEMENT_3D('',#6727,#6728,#6729);
#6727 = CARTESIAN_POINT('',(23.5625,-4.,72.4876));
#6728 = DIRECTION('',(8.9E-16,-1.,1.22E-15));
#6729 = DIRECTION('',(1.89E-15,-1.22E-15,-1.));
#6730 = DEFINITIONAL_REPRESENTATION('',(#6731),#6735);
#6731 = LINE('',#6732,#6733);
#6732 = CARTESIAN_POINT('',(9.75,-5.0625));
#6733 = VECTOR('',#6734,1.);
#6734 = DIRECTION('',(-1.,-1.1E-16));
#6735 = ( GEOMETRIC_REPRESENTATION_CONTEXT(2) 
PARAMETRIC_REPRESENTATION_CONTEXT() REPRESENTATION_CONTEXT('2D SPACE',''
  ) );
#6736 = ORIENTED_EDGE('',*,*,#6737,.F.);
#6737 = EDGE_CURVE('',#1803,#6710,#6738,.T.);
#6738 = SURFACE_CURVE('',#6739,(#6743,#6750),.PCURVE_S1.);
#6739 = LINE('',#6740,#6741);
#6740 = CARTESIAN_POINT('',(18.5,12.0076,65.8876));
#6741 = VECTOR('',#6742,1.);
#6742 = DIRECTION('',(2.33E-15,-1.,1.67E-15));
#6743 = PCURVE('',#1846,#6744);
#6744 = DEFINITIONAL_REPRESENTATION('',(#6745),#6749);
#6745 = LINE('',#6746,#6747);
#6746 = CARTESIAN_POINT('',(12.9,-1.549638912203E-15));
#6747 = VECTOR('',#6748,1.);
#6748 = DIRECTION('',(3.34E-15,-1.));
#6749 = ( GEOMETRIC_REPRESENTATION_CONTEXT(2) 
PARAMETRIC_REPRESENTATION_CONTEXT() REPRESENTATION_CONTEXT('2D SPACE',''
  ) );
#6750 = PCURVE('',#1818,#6751);
#6751 = DEFINITIONAL_REPRESENTATION('',(#6752),#6756);
#6752 = LINE('',#6753,#6754);
#6753 = CARTESIAN_POINT('',(0.,0.));
#6754 = VECTOR('',#6755,1.);
#6755 = DIRECTION('',(3.33E-15,-1.));
#6756 = ( GEOMETRIC_REPRESENTATION_CONTEXT(2) 
PARAMETRIC_REPRESENTATION_CONTEXT() REPRESENTATION_CONTEXT('2D SPACE',''
  ) );
#6757 = ADVANCED_FACE('',(#6758),#1418,.F.);
#6758 = FACE_BOUND('',#6759,.T.);
#6759 = EDGE_LOOP('',(#6760,#6790,#6815,#6816,#6817,#6840,#6868,#6896,
    #6917,#6918));
#6760 = ORIENTED_EDGE('',*,*,#6761,.F.);
#6761 = EDGE_CURVE('',#6762,#6764,#6766,.T.);
#6762 = VERTEX_POINT('',#6763);
#6763 = CARTESIAN_POINT('',(-28.4625,-0.437918367053,62.7376));
#6764 = VERTEX_POINT('',#6765);
#6765 = CARTESIAN_POINT('',(-28.4625,-16.6,62.7376));
#6766 = SURFACE_CURVE('',#6767,(#6771,#6778),.PCURVE_S1.);
#6767 = LINE('',#6768,#6769);
#6768 = CARTESIAN_POINT('',(-28.4625,12.0076,62.7376));
#6769 = VECTOR('',#6770,1.);
#6770 = DIRECTION('',(1.78E-15,-1.,2.22E-15));
#6771 = PCURVE('',#1418,#6772);
#6772 = DEFINITIONAL_REPRESENTATION('',(#6773),#6777);
#6773 = LINE('',#6774,#6775);
#6774 = CARTESIAN_POINT('',(-5.,-6.44572642399E-16));
#6775 = VECTOR('',#6776,1.);
#6776 = DIRECTION('',(3.33E-15,-1.));
#6777 = ( GEOMETRIC_REPRESENTATION_CONTEXT(2) 
PARAMETRIC_REPRESENTATION_CONTEXT() REPRESENTATION_CONTEXT('2D SPACE',''
  ) );
#6778 = PCURVE('',#6779,#6784);
#6779 = PLANE('',#6780);
#6780 = AXIS2_PLACEMENT_3D('',#6781,#6782,#6783);
#6781 = CARTESIAN_POINT('',(-28.4625,12.0076,62.7376));
#6782 = DIRECTION('',(1.,-1.78E-15,-6.7E-16));
#6783 = DIRECTION('',(-6.7E-16,2.E-15,-1.));
#6784 = DEFINITIONAL_REPRESENTATION('',(#6785),#6789);
#6785 = LINE('',#6786,#6787);
#6786 = CARTESIAN_POINT('',(-0.,0.));
#6787 = VECTOR('',#6788,1.);
#6788 = DIRECTION('',(-4.22E-15,-1.));
#6789 = ( GEOMETRIC_REPRESENTATION_CONTEXT(2) 
PARAMETRIC_REPRESENTATION_CONTEXT() REPRESENTATION_CONTEXT('2D SPACE',''
  ) );
#6790 = ORIENTED_EDGE('',*,*,#6791,.F.);
#6791 = EDGE_CURVE('',#1403,#6762,#6792,.T.);
#6792 = SURFACE_CURVE('',#6793,(#6798,#6805),.PCURVE_S1.);
#6793 = ELLIPSE('',#6794,2.017963927321,2.);
#6794 = AXIS2_PLACEMENT_3D('',#6795,#6796,#6797);
#6795 = CARTESIAN_POINT('',(-26.4625,-0.437918367053,62.7376));
#6796 = DIRECTION('',(-2.78E-15,4.4E-16,1.));
#6797 = DIRECTION('',(-3.96E-15,1.,-4.4E-16));
#6798 = PCURVE('',#1418,#6799);
#6799 = DEFINITIONAL_REPRESENTATION('',(#6800),#6804);
#6800 = ELLIPSE('',#6801,2.017963927321,2.);
#6801 = AXIS2_PLACEMENT_2D('',#6802,#6803);
#6802 = CARTESIAN_POINT('',(-3.,-12.44551836705));
#6803 = DIRECTION('',(-5.51E-15,1.));
#6804 = ( GEOMETRIC_REPRESENTATION_CONTEXT(2) 
PARAMETRIC_REPRESENTATION_CONTEXT() REPRESENTATION_CONTEXT('2D SPACE',''
  ) );
#6805 = PCURVE('',#1446,#6806);
#6806 = DEFINITIONAL_REPRESENTATION('',(#6807),#6814);
#6807 = B_SPLINE_CURVE_WITH_KNOTS('',5,(#6808,#6809,#6810,#6811,#6812,
    #6813),.UNSPECIFIED.,.F.,.F.,(6,6),(3.331E-14,1.570796326795),
  .PIECEWISE_BEZIER_KNOTS.);
#6808 = CARTESIAN_POINT('',(-3.908E-14,3.178293185531));
#6809 = CARTESIAN_POINT('',(-0.314159265359,3.178293185531));
#6810 = CARTESIAN_POINT('',(-0.628317968289,3.145239984326));
#6811 = CARTESIAN_POINT('',(-0.9424780332,3.07851338768));
#6812 = CARTESIAN_POINT('',(-1.256637061436,2.994034937585));
#6813 = CARTESIAN_POINT('',(-1.570796326795,2.909632782847));
#6814 = ( GEOMETRIC_REPRESENTATION_CONTEXT(2) 
PARAMETRIC_REPRESENTATION_CONTEXT() REPRESENTATION_CONTEXT('2D SPACE',''
  ) );
#6815 = ORIENTED_EDGE('',*,*,#1402,.T.);
#6816 = ORIENTED_EDGE('',*,*,#6565,.T.);
#6817 = ORIENTED_EDGE('',*,*,#6818,.T.);
#6818 = EDGE_CURVE('',#6566,#6819,#6821,.T.);
#6819 = VERTEX_POINT('',#6820);
#6820 = CARTESIAN_POINT('',(-23.5625,-4.,62.7376));
#6821 = SURFACE_CURVE('',#6822,(#6826,#6833),.PCURVE_S1.);
#6822 = LINE('',#6823,#6824);
#6823 = CARTESIAN_POINT('',(4.999999999985E-02,-4.,62.7376));
#6824 = VECTOR('',#6825,1.);
#6825 = DIRECTION('',(-1.,8.9E-16,-1.E-15));
#6826 = PCURVE('',#1418,#6827);
#6827 = DEFINITIONAL_REPRESENTATION('',(#6828),#6832);
#6828 = LINE('',#6829,#6830);
#6829 = CARTESIAN_POINT('',(23.5125,-16.0076));
#6830 = VECTOR('',#6831,1.);
#6831 = DIRECTION('',(-1.,-6.6E-16));
#6832 = ( GEOMETRIC_REPRESENTATION_CONTEXT(2) 
PARAMETRIC_REPRESENTATION_CONTEXT() REPRESENTATION_CONTEXT('2D SPACE',''
  ) );
#6833 = PCURVE('',#6426,#6834);
#6834 = DEFINITIONAL_REPRESENTATION('',(#6835),#6839);
#6835 = LINE('',#6836,#6837);
#6836 = CARTESIAN_POINT('',(9.75,-23.5125));
#6837 = VECTOR('',#6838,1.);
#6838 = DIRECTION('',(-8.9E-16,-1.));
#6839 = ( GEOMETRIC_REPRESENTATION_CONTEXT(2) 
PARAMETRIC_REPRESENTATION_CONTEXT() REPRESENTATION_CONTEXT('2D SPACE',''
  ) );
#6840 = ORIENTED_EDGE('',*,*,#6841,.F.);
#6841 = EDGE_CURVE('',#6842,#6819,#6844,.T.);
#6842 = VERTEX_POINT('',#6843);
#6843 = CARTESIAN_POINT('',(-23.5625,-9.1625,62.7376));
#6844 = SURFACE_CURVE('',#6845,(#6849,#6856),.PCURVE_S1.);
#6845 = LINE('',#6846,#6847);
#6846 = CARTESIAN_POINT('',(-23.5625,2.713175,62.7376));
#6847 = VECTOR('',#6848,1.);
#6848 = DIRECTION('',(-8.9E-16,1.,-8.9E-16));
#6849 = PCURVE('',#1418,#6850);
#6850 = DEFINITIONAL_REPRESENTATION('',(#6851),#6855);
#6851 = LINE('',#6852,#6853);
#6852 = CARTESIAN_POINT('',(-9.999999999985E-02,-9.294425));
#6853 = VECTOR('',#6854,1.);
#6854 = DIRECTION('',(-2.44E-15,1.));
#6855 = ( GEOMETRIC_REPRESENTATION_CONTEXT(2) 
PARAMETRIC_REPRESENTATION_CONTEXT() REPRESENTATION_CONTEXT('2D SPACE',''
  ) );
#6856 = PCURVE('',#6857,#6862);
#6857 = PLANE('',#6858);
#6858 = AXIS2_PLACEMENT_3D('',#6859,#6860,#6861);
#6859 = CARTESIAN_POINT('',(-23.5625,-6.58125,64.3626));
#6860 = DIRECTION('',(-1.,8.9E-16,3.3E-16));
#6861 = DIRECTION('',(-3.3E-16,1.E-15,-1.));
#6862 = DEFINITIONAL_REPRESENTATION('',(#6863),#6867);
#6863 = LINE('',#6864,#6865);
#6864 = CARTESIAN_POINT('',(1.625,-9.294425));
#6865 = VECTOR('',#6866,1.);
#6866 = DIRECTION('',(1.89E-15,-1.));
#6867 = ( GEOMETRIC_REPRESENTATION_CONTEXT(2) 
PARAMETRIC_REPRESENTATION_CONTEXT() REPRESENTATION_CONTEXT('2D SPACE',''
  ) );
#6868 = ORIENTED_EDGE('',*,*,#6869,.T.);
#6869 = EDGE_CURVE('',#6842,#6870,#6872,.T.);
#6870 = VERTEX_POINT('',#6871);
#6871 = CARTESIAN_POINT('',(-23.4625,-9.1625,62.7376));
#6872 = SURFACE_CURVE('',#6873,(#6877,#6884),.PCURVE_S1.);
#6873 = LINE('',#6874,#6875);
#6874 = CARTESIAN_POINT('',(4.999999999985E-02,-9.1625,62.7376));
#6875 = VECTOR('',#6876,1.);
#6876 = DIRECTION('',(1.,-8.9E-16,1.E-15));
#6877 = PCURVE('',#1418,#6878);
#6878 = DEFINITIONAL_REPRESENTATION('',(#6879),#6883);
#6879 = LINE('',#6880,#6881);
#6880 = CARTESIAN_POINT('',(23.5125,-21.1701));
#6881 = VECTOR('',#6882,1.);
#6882 = DIRECTION('',(1.,6.6E-16));
#6883 = ( GEOMETRIC_REPRESENTATION_CONTEXT(2) 
PARAMETRIC_REPRESENTATION_CONTEXT() REPRESENTATION_CONTEXT('2D SPACE',''
  ) );
#6884 = PCURVE('',#6885,#6890);
#6885 = PLANE('',#6886);
#6886 = AXIS2_PLACEMENT_3D('',#6887,#6888,#6889);
#6887 = CARTESIAN_POINT('',(23.5625,-9.1625,56.2376));
#6888 = DIRECTION('',(-8.9E-16,1.,-1.22E-15));
#6889 = DIRECTION('',(-1.89E-15,1.22E-15,1.));
#6890 = DEFINITIONAL_REPRESENTATION('',(#6891),#6895);
#6891 = LINE('',#6892,#6893);
#6892 = CARTESIAN_POINT('',(6.5,-23.5125));
#6893 = VECTOR('',#6894,1.);
#6894 = DIRECTION('',(-8.9E-16,1.));
#6895 = ( GEOMETRIC_REPRESENTATION_CONTEXT(2) 
PARAMETRIC_REPRESENTATION_CONTEXT() REPRESENTATION_CONTEXT('2D SPACE',''
  ) );
#6896 = ORIENTED_EDGE('',*,*,#6897,.T.);
#6897 = EDGE_CURVE('',#6870,#4470,#6898,.T.);
#6898 = SURFACE_CURVE('',#6899,(#6903,#6910),.PCURVE_S1.);
#6899 = LINE('',#6900,#6901);
#6900 = CARTESIAN_POINT('',(-23.4625,12.0076,62.7376));
#6901 = VECTOR('',#6902,1.);
#6902 = DIRECTION('',(1.78E-15,-1.,2.22E-15));
#6903 = PCURVE('',#1418,#6904);
#6904 = DEFINITIONAL_REPRESENTATION('',(#6905),#6909);
#6905 = LINE('',#6906,#6907);
#6906 = CARTESIAN_POINT('',(-0.,0.));
#6907 = VECTOR('',#6908,1.);
#6908 = DIRECTION('',(3.33E-15,-1.));
#6909 = ( GEOMETRIC_REPRESENTATION_CONTEXT(2) 
PARAMETRIC_REPRESENTATION_CONTEXT() REPRESENTATION_CONTEXT('2D SPACE',''
  ) );
#6910 = PCURVE('',#4508,#6911);
#6911 = DEFINITIONAL_REPRESENTATION('',(#6912),#6916);
#6912 = LINE('',#6913,#6914);
#6913 = CARTESIAN_POINT('',(-3.15,-9.709294817992E-16));
#6914 = VECTOR('',#6915,1.);
#6915 = DIRECTION('',(4.22E-15,-1.));
#6916 = ( GEOMETRIC_REPRESENTATION_CONTEXT(2) 
PARAMETRIC_REPRESENTATION_CONTEXT() REPRESENTATION_CONTEXT('2D SPACE',''
  ) );
#6917 = ORIENTED_EDGE('',*,*,#4469,.T.);
#6918 = ORIENTED_EDGE('',*,*,#6919,.T.);
#6919 = EDGE_CURVE('',#4442,#6764,#6920,.T.);
#6920 = SURFACE_CURVE('',#6921,(#6926,#6937),.PCURVE_S1.);
#6921 = CIRCLE('',#6922,2.);
#6922 = AXIS2_PLACEMENT_3D('',#6923,#6924,#6925);
#6923 = CARTESIAN_POINT('',(-26.4625,-16.6,62.7376));
#6924 = DIRECTION('',(2.78E-15,0.,-1.));
#6925 = DIRECTION('',(1.,0.,2.78E-15));
#6926 = PCURVE('',#1418,#6927);
#6927 = DEFINITIONAL_REPRESENTATION('',(#6928),#6936);
#6928 = ( BOUNDED_CURVE() B_SPLINE_CURVE(2,(#6929,#6930,#6931,#6932,
#6933,#6934,#6935),.UNSPECIFIED.,.T.,.F.) B_SPLINE_CURVE_WITH_KNOTS((1,2
    ,2,2,2,1),(-2.094395102393,0.,2.094395102393,4.188790204786,
6.28318530718,8.377580409573),.UNSPECIFIED.) CURVE() 
GEOMETRIC_REPRESENTATION_ITEM() RATIONAL_B_SPLINE_CURVE((1.,0.5,1.,0.5,
1.,0.5,1.)) REPRESENTATION_ITEM('') );
#6929 = CARTESIAN_POINT('',(-1.,-28.6076));
#6930 = CARTESIAN_POINT('',(-1.,-32.07170161513));
#6931 = CARTESIAN_POINT('',(-4.,-30.33965080756));
#6932 = CARTESIAN_POINT('',(-7.,-28.6076));
#6933 = CARTESIAN_POINT('',(-4.,-26.87554919243));
#6934 = CARTESIAN_POINT('',(-1.,-25.14349838486));
#6935 = CARTESIAN_POINT('',(-1.,-28.6076));
#6936 = ( GEOMETRIC_REPRESENTATION_CONTEXT(2) 
PARAMETRIC_REPRESENTATION_CONTEXT() REPRESENTATION_CONTEXT('2D SPACE',''
  ) );
#6937 = PCURVE('',#4457,#6938);
#6938 = DEFINITIONAL_REPRESENTATION('',(#6939),#6943);
#6939 = LINE('',#6940,#6941);
#6940 = CARTESIAN_POINT('',(1.570796326795,-8.527E-14));
#6941 = VECTOR('',#6942,1.);
#6942 = DIRECTION('',(-1.,0.));
#6943 = ( GEOMETRIC_REPRESENTATION_CONTEXT(2) 
PARAMETRIC_REPRESENTATION_CONTEXT() REPRESENTATION_CONTEXT('2D SPACE',''
  ) );
#6944 = ADVANCED_FACE('',(#6945),#1818,.F.);
#6945 = FACE_BOUND('',#6946,.F.);
#6946 = EDGE_LOOP('',(#6947,#6970,#6971,#6972));
#6947 = ORIENTED_EDGE('',*,*,#6948,.F.);
#6948 = EDGE_CURVE('',#1775,#6949,#6951,.T.);
#6949 = VERTEX_POINT('',#6950);
#6950 = CARTESIAN_POINT('',(23.4625,-4.,65.8876));
#6951 = SURFACE_CURVE('',#6952,(#6956,#6963),.PCURVE_S1.);
#6952 = LINE('',#6953,#6954);
#6953 = CARTESIAN_POINT('',(23.4625,12.0076,65.8876));
#6954 = VECTOR('',#6955,1.);
#6955 = DIRECTION('',(2.33E-15,-1.,1.67E-15));
#6956 = PCURVE('',#1818,#6957);
#6957 = DEFINITIONAL_REPRESENTATION('',(#6958),#6962);
#6958 = LINE('',#6959,#6960);
#6959 = CARTESIAN_POINT('',(4.9625,1.4097863212E-15));
#6960 = VECTOR('',#6961,1.);
#6961 = DIRECTION('',(3.33E-15,-1.));
#6962 = ( GEOMETRIC_REPRESENTATION_CONTEXT(2) 
PARAMETRIC_REPRESENTATION_CONTEXT() REPRESENTATION_CONTEXT('2D SPACE',''
  ) );
#6963 = PCURVE('',#1790,#6964);
#6964 = DEFINITIONAL_REPRESENTATION('',(#6965),#6969);
#6965 = LINE('',#6966,#6967);
#6966 = CARTESIAN_POINT('',(0.,0.));
#6967 = VECTOR('',#6968,1.);
#6968 = DIRECTION('',(-3.34E-15,-1.));
#6969 = ( GEOMETRIC_REPRESENTATION_CONTEXT(2) 
PARAMETRIC_REPRESENTATION_CONTEXT() REPRESENTATION_CONTEXT('2D SPACE',''
  ) );
#6970 = ORIENTED_EDGE('',*,*,#1802,.T.);
#6971 = ORIENTED_EDGE('',*,*,#6737,.T.);
#6972 = ORIENTED_EDGE('',*,*,#6973,.T.);
#6973 = EDGE_CURVE('',#6710,#6949,#6974,.T.);
#6974 = SURFACE_CURVE('',#6975,(#6979,#6986),.PCURVE_S1.);
#6975 = LINE('',#6976,#6977);
#6976 = CARTESIAN_POINT('',(21.03125,-4.,65.8876));
#6977 = VECTOR('',#6978,1.);
#6978 = DIRECTION('',(1.,-8.9E-16,6.7E-16));
#6979 = PCURVE('',#1818,#6980);
#6980 = DEFINITIONAL_REPRESENTATION('',(#6981),#6985);
#6981 = LINE('',#6982,#6983);
#6982 = CARTESIAN_POINT('',(2.53125,-16.0076));
#6983 = VECTOR('',#6984,1.);
#6984 = DIRECTION('',(1.,1.1E-16));
#6985 = ( GEOMETRIC_REPRESENTATION_CONTEXT(2) 
PARAMETRIC_REPRESENTATION_CONTEXT() REPRESENTATION_CONTEXT('2D SPACE',''
  ) );
#6986 = PCURVE('',#6725,#6987);
#6987 = DEFINITIONAL_REPRESENTATION('',(#6988),#6992);
#6988 = LINE('',#6989,#6990);
#6989 = CARTESIAN_POINT('',(6.6,-2.53125));
#6990 = VECTOR('',#6991,1.);
#6991 = DIRECTION('',(1.22E-15,1.));
#6992 = ( GEOMETRIC_REPRESENTATION_CONTEXT(2) 
PARAMETRIC_REPRESENTATION_CONTEXT() REPRESENTATION_CONTEXT('2D SPACE',''
  ) );
#6993 = ADVANCED_FACE('',(#6994),#1446,.T.);
#6994 = FACE_BOUND('',#6995,.F.);
#6995 = EDGE_LOOP('',(#6996,#7026,#7047,#7048));
#6996 = ORIENTED_EDGE('',*,*,#6997,.T.);
#6997 = EDGE_CURVE('',#1431,#6998,#7000,.T.);
#6998 = VERTEX_POINT('',#6999);
#6999 = CARTESIAN_POINT('',(-28.4625,-0.861058501281,65.8876));
#7000 = SURFACE_CURVE('',#7001,(#7005,#7019),.PCURVE_S1.);
#7001 = ( BOUNDED_CURVE() B_SPLINE_CURVE(2,(#7002,#7003,#7004),
.UNSPECIFIED.,.F.,.F.) B_SPLINE_CURVE_WITH_KNOTS((3,3),(0.,3.4375083724)
,.PIECEWISE_BEZIER_KNOTS.) CURVE() GEOMETRIC_REPRESENTATION_ITEM() 
RATIONAL_B_SPLINE_CURVE((1.,0.707106781187,1.)) REPRESENTATION_ITEM('') 
  );
#7002 = CARTESIAN_POINT('',(-26.4625,1.121137486389,66.153868786124));
#7003 = CARTESIAN_POINT('',(-28.4625,1.121137486389,66.153868786124));
#7004 = CARTESIAN_POINT('',(-28.4625,-0.861058501281,65.8876));
#7005 = PCURVE('',#1446,#7006);
#7006 = DEFINITIONAL_REPRESENTATION('',(#7007),#7018);
#7007 = B_SPLINE_CURVE_WITH_KNOTS('',9,(#7008,#7009,#7010,#7011,#7012,
    #7013,#7014,#7015,#7016,#7017),.UNSPECIFIED.,.F.,.F.,(10,10),(0.,
    3.4375083724),.PIECEWISE_BEZIER_KNOTS.);
#7008 = CARTESIAN_POINT('',(0.,-0.268660402684));
#7009 = CARTESIAN_POINT('',(-0.157134840264,-0.268660402684));
#7010 = CARTESIAN_POINT('',(-0.325774716821,-0.268660402684));
#7011 = CARTESIAN_POINT('',(-0.50456638687,-0.268660402684));
#7012 = CARTESIAN_POINT('',(-0.690744851613,-0.268660402685));
#7013 = CARTESIAN_POINT('',(-0.880051475181,-0.268660402684));
#7014 = CARTESIAN_POINT('',(-1.066229939926,-0.268660402684));
#7015 = CARTESIAN_POINT('',(-1.245021609973,-0.268660402684));
#7016 = CARTESIAN_POINT('',(-1.413661486531,-0.268660402684));
#7017 = CARTESIAN_POINT('',(-1.570796326795,-0.268660402684));
#7018 = ( GEOMETRIC_REPRESENTATION_CONTEXT(2) 
PARAMETRIC_REPRESENTATION_CONTEXT() REPRESENTATION_CONTEXT('2D SPACE',''
  ) );
#7019 = PCURVE('',#1496,#7020);
#7020 = DEFINITIONAL_REPRESENTATION('',(#7021),#7025);
#7021 = LINE('',#7022,#7023);
#7022 = CARTESIAN_POINT('',(0.,13.568553353027));
#7023 = VECTOR('',#7024,1.);
#7024 = DIRECTION('',(1.,0.));
#7025 = ( GEOMETRIC_REPRESENTATION_CONTEXT(2) 
PARAMETRIC_REPRESENTATION_CONTEXT() REPRESENTATION_CONTEXT('2D SPACE',''
  ) );
#7026 = ORIENTED_EDGE('',*,*,#7027,.T.);
#7027 = EDGE_CURVE('',#6998,#6762,#7028,.T.);
#7028 = SURFACE_CURVE('',#7029,(#7033,#7040),.PCURVE_S1.);
#7029 = LINE('',#7030,#7031);
#7030 = CARTESIAN_POINT('',(-28.4625,-0.82529056163,65.621331213876));
#7031 = VECTOR('',#7032,1.);
#7032 = DIRECTION('',(2.22E-15,0.133134393062,-0.991097993835));
#7033 = PCURVE('',#1446,#7034);
#7034 = DEFINITIONAL_REPRESENTATION('',(#7035),#7039);
#7035 = LINE('',#7036,#7037);
#7036 = CARTESIAN_POINT('',(-1.570796326795,0.));
#7037 = VECTOR('',#7038,1.);
#7038 = DIRECTION('',(-0.,1.));
#7039 = ( GEOMETRIC_REPRESENTATION_CONTEXT(2) 
PARAMETRIC_REPRESENTATION_CONTEXT() REPRESENTATION_CONTEXT('2D SPACE',''
  ) );
#7040 = PCURVE('',#6779,#7041);
#7041 = DEFINITIONAL_REPRESENTATION('',(#7042),#7046);
#7042 = LINE('',#7043,#7044);
#7043 = CARTESIAN_POINT('',(-2.883731213876,-12.83289056163));
#7044 = VECTOR('',#7045,1.);
#7045 = DIRECTION('',(0.991097993835,0.133134393062));
#7046 = ( GEOMETRIC_REPRESENTATION_CONTEXT(2) 
PARAMETRIC_REPRESENTATION_CONTEXT() REPRESENTATION_CONTEXT('2D SPACE',''
  ) );
#7047 = ORIENTED_EDGE('',*,*,#6791,.F.);
#7048 = ORIENTED_EDGE('',*,*,#1430,.F.);
#7049 = ADVANCED_FACE('',(#7050),#1790,.F.);
#7050 = FACE_BOUND('',#7051,.F.);
#7051 = EDGE_LOOP('',(#7052,#7075,#7076,#7077));
#7052 = ORIENTED_EDGE('',*,*,#7053,.F.);
#7053 = EDGE_CURVE('',#1747,#7054,#7056,.T.);
#7054 = VERTEX_POINT('',#7055);
#7055 = CARTESIAN_POINT('',(23.4625,-4.,62.7376));
#7056 = SURFACE_CURVE('',#7057,(#7061,#7068),.PCURVE_S1.);
#7057 = LINE('',#7058,#7059);
#7058 = CARTESIAN_POINT('',(23.4625,12.0076,62.7376));
#7059 = VECTOR('',#7060,1.);
#7060 = DIRECTION('',(2.33E-15,-1.,1.67E-15));
#7061 = PCURVE('',#1790,#7062);
#7062 = DEFINITIONAL_REPRESENTATION('',(#7063),#7067);
#7063 = LINE('',#7064,#7065);
#7064 = CARTESIAN_POINT('',(3.15,6.857051820073E-17));
#7065 = VECTOR('',#7066,1.);
#7066 = DIRECTION('',(-3.34E-15,-1.));
#7067 = ( GEOMETRIC_REPRESENTATION_CONTEXT(2) 
PARAMETRIC_REPRESENTATION_CONTEXT() REPRESENTATION_CONTEXT('2D SPACE',''
  ) );
#7068 = PCURVE('',#1762,#7069);
#7069 = DEFINITIONAL_REPRESENTATION('',(#7070),#7074);
#7070 = LINE('',#7071,#7072);
#7071 = CARTESIAN_POINT('',(0.,0.));
#7072 = VECTOR('',#7073,1.);
#7073 = DIRECTION('',(3.33E-15,-1.));
#7074 = ( GEOMETRIC_REPRESENTATION_CONTEXT(2) 
PARAMETRIC_REPRESENTATION_CONTEXT() REPRESENTATION_CONTEXT('2D SPACE',''
  ) );
#7075 = ORIENTED_EDGE('',*,*,#1774,.T.);
#7076 = ORIENTED_EDGE('',*,*,#6948,.T.);
#7077 = ORIENTED_EDGE('',*,*,#7078,.T.);
#7078 = EDGE_CURVE('',#6949,#7054,#7079,.T.);
#7079 = SURFACE_CURVE('',#7080,(#7084,#7091),.PCURVE_S1.);
#7080 = LINE('',#7081,#7082);
#7081 = CARTESIAN_POINT('',(23.4625,-4.,69.1876));
#7082 = VECTOR('',#7083,1.);
#7083 = DIRECTION('',(2.E-15,5.6E-16,-1.));
#7084 = PCURVE('',#1790,#7085);
#7085 = DEFINITIONAL_REPRESENTATION('',(#7086),#7090);
#7086 = LINE('',#7087,#7088);
#7087 = CARTESIAN_POINT('',(-3.3,-16.0076));
#7088 = VECTOR('',#7089,1.);
#7089 = DIRECTION('',(1.,-1.11E-15));
#7090 = ( GEOMETRIC_REPRESENTATION_CONTEXT(2) 
PARAMETRIC_REPRESENTATION_CONTEXT() REPRESENTATION_CONTEXT('2D SPACE',''
  ) );
#7091 = PCURVE('',#6725,#7092);
#7092 = DEFINITIONAL_REPRESENTATION('',(#7093),#7097);
#7093 = LINE('',#7094,#7095);
#7094 = CARTESIAN_POINT('',(3.3,-0.1));
#7095 = VECTOR('',#7096,1.);
#7096 = DIRECTION('',(1.,1.1E-16));
#7097 = ( GEOMETRIC_REPRESENTATION_CONTEXT(2) 
PARAMETRIC_REPRESENTATION_CONTEXT() REPRESENTATION_CONTEXT('2D SPACE',''
  ) );
#7098 = ADVANCED_FACE('',(#7099),#1496,.F.);
#7099 = FACE_BOUND('',#7100,.F.);
#7100 = EDGE_LOOP('',(#7101,#7132,#7200,#7201));
#7101 = ORIENTED_EDGE('',*,*,#7102,.T.);
#7102 = EDGE_CURVE('',#1459,#7103,#7105,.T.);
#7103 = VERTEX_POINT('',#7104);
#7104 = CARTESIAN_POINT('',(-27.29272221559,-1.12009586837,
    69.101538048434));
#7105 = SURFACE_CURVE('',#7106,(#7111,#7125),.PCURVE_S1.);
#7106 = CIRCLE('',#7107,2.);
#7107 = AXIS2_PLACEMENT_3D('',#7108,#7109,#7110);
#7108 = CARTESIAN_POINT('',(-25.76063332935,-1.12009586837,
    67.815962829061));
#7109 = DIRECTION('',(0.639411159614,-0.102362373454,0.762020546614));
#7110 = DIRECTION('',(1.540434446667E-15,0.991097993835,0.133134393062)
  );
#7111 = PCURVE('',#1496,#7112);
#7112 = DEFINITIONAL_REPRESENTATION('',(#7113),#7124);
#7113 = B_SPLINE_CURVE_WITH_KNOTS('',9,(#7114,#7115,#7116,#7117,#7118,
    #7119,#7120,#7121,#7122,#7123),.UNSPECIFIED.,.F.,.F.,(10,10),(0.,
    1.485114389505),.PIECEWISE_BEZIER_KNOTS.);
#7114 = CARTESIAN_POINT('',(2.2E-16,10.131044980626));
#7115 = CARTESIAN_POINT('',(0.419442685861,10.131044980626));
#7116 = CARTESIAN_POINT('',(0.80857000543,10.131044980627));
#7117 = CARTESIAN_POINT('',(1.179396273683,10.131044980625));
#7118 = CARTESIAN_POINT('',(1.540037382847,10.131044980628));
#7119 = CARTESIAN_POINT('',(1.897470989556,10.131044980624));
#7120 = CARTESIAN_POINT('',(2.258112098713,10.131044980628));
#7121 = CARTESIAN_POINT('',(2.628938366974,10.131044980626));
#7122 = CARTESIAN_POINT('',(3.018065686539,10.131044980626));
#7123 = CARTESIAN_POINT('',(3.4375083724,10.131044980626));
#7124 = ( GEOMETRIC_REPRESENTATION_CONTEXT(2) 
PARAMETRIC_REPRESENTATION_CONTEXT() REPRESENTATION_CONTEXT('2D SPACE',''
  ) );
#7125 = PCURVE('',#1562,#7126);
#7126 = DEFINITIONAL_REPRESENTATION('',(#7127),#7131);
#7127 = LINE('',#7128,#7129);
#7128 = CARTESIAN_POINT('',(-0.,6.373724600204));
#7129 = VECTOR('',#7130,1.);
#7130 = DIRECTION('',(-1.,0.));
#7131 = ( GEOMETRIC_REPRESENTATION_CONTEXT(2) 
PARAMETRIC_REPRESENTATION_CONTEXT() REPRESENTATION_CONTEXT('2D SPACE',''
  ) );
#7132 = ORIENTED_EDGE('',*,*,#7133,.T.);
#7133 = EDGE_CURVE('',#7103,#6998,#7134,.T.);
#7134 = SURFACE_CURVE('',#7135,(#7150,#7157),.PCURVE_S1.);
#7135 = ( BOUNDED_CURVE() B_SPLINE_CURVE(7,(#7136,#7137,#7138,#7139,
    #7140,#7141,#7142,#7143,#7144,#7145,#7146,#7147,#7148,#7149),
.UNSPECIFIED.,.F.,.F.) B_SPLINE_CURVE_WITH_KNOTS((8,6,8),(
    10.131044980626,10.320335202605,13.568553353027),.UNSPECIFIED.) 
CURVE() GEOMETRIC_REPRESENTATION_ITEM() RATIONAL_B_SPLINE_CURVE((1.,1.,
1.,1.,1.,1.,1.,1.,1.,1.,1.,1.,1.,1.)) REPRESENTATION_ITEM('') );
#7136 = CARTESIAN_POINT('',(-27.29272221559,-1.12009586837,
    69.101538048434));
#7137 = CARTESIAN_POINT('',(-27.30997635841,-1.118438554463,
    69.080975361739));
#7138 = CARTESIAN_POINT('',(-27.32711198461,-1.116763994158,
    69.060293396565));
#7139 = CARTESIAN_POINT('',(-27.34414861363,-1.115072053825,
    69.03946076044));
#7140 = CARTESIAN_POINT('',(-27.36101009385,-1.113363275589,
    69.018593171535));
#7141 = CARTESIAN_POINT('',(-27.37790783967,-1.1116390961,
    68.997378418762));
#7142 = CARTESIAN_POINT('',(-27.39423477043,-1.109904989828,
    68.976650370465));
#7143 = CARTESIAN_POINT('',(-27.70345139268,-1.077705530003,
    68.578550695239));
#7144 = CARTESIAN_POINT('',(-27.95724611844,-1.044355545363,
    68.165427835928));
#7145 = CARTESIAN_POINT('',(-28.1615801897,-1.008998005893,
    67.726494996055));
#7146 = CARTESIAN_POINT('',(-28.31350689769,-0.972428302093,
    67.270920303206));
#7147 = CARTESIAN_POINT('',(-28.41238393531,-0.935521647247,
    66.811431142178));
#7148 = CARTESIAN_POINT('',(-28.4625,-0.898394760121,66.350839818337));
#7149 = CARTESIAN_POINT('',(-28.4625,-0.861058501281,65.8876));
#7150 = PCURVE('',#1496,#7151);
#7151 = DEFINITIONAL_REPRESENTATION('',(#7152),#7156);
#7152 = LINE('',#7153,#7154);
#7153 = CARTESIAN_POINT('',(3.4375083724,0.));
#7154 = VECTOR('',#7155,1.);
#7155 = DIRECTION('',(0.,1.));
#7156 = ( GEOMETRIC_REPRESENTATION_CONTEXT(2) 
PARAMETRIC_REPRESENTATION_CONTEXT() REPRESENTATION_CONTEXT('2D SPACE',''
  ) );
#7157 = PCURVE('',#7158,#7163);
#7158 = CYLINDRICAL_SURFACE('',#7159,5.);
#7159 = AXIS2_PLACEMENT_3D('',#7160,#7161,#7162);
#7160 = CARTESIAN_POINT('',(-23.4625,12.0076,65.8876));
#7161 = DIRECTION('',(-2.E-15,1.,-2.E-15));
#7162 = DIRECTION('',(-1.,-2.E-15,4.4E-16));
#7163 = DEFINITIONAL_REPRESENTATION('',(#7164),#7199);
#7164 = B_SPLINE_CURVE_WITH_KNOTS('',5,(#7165,#7166,#7167,#7168,#7169,
    #7170,#7171,#7172,#7173,#7174,#7175,#7176,#7177,#7178,#7179,#7180,
    #7181,#7182,#7183,#7184,#7185,#7186,#7187,#7188,#7189,#7190,#7191,
    #7192,#7193,#7194,#7195,#7196,#7197,#7198),.UNSPECIFIED.,.F.,.F.,(6,
    4,4,4,4,4,4,4,6),(10.131044980626,10.238467117264,10.292178185583,
    10.319033719742,10.345889253901,10.560733527176,10.990422073726,
    11.849799166826,13.568553353027),.UNSPECIFIED.);
#7165 = CARTESIAN_POINT('',(0.698131700798,-13.12769586837));
#7166 = CARTESIAN_POINT('',(0.693866401326,-13.12637913326));
#7167 = CARTESIAN_POINT('',(0.689598482486,-13.12505064808));
#7168 = CARTESIAN_POINT('',(0.685327160753,-13.12371058951));
#7169 = CARTESIAN_POINT('',(0.68105347737,-13.12235929416));
#7170 = CARTESIAN_POINT('',(0.674643708832,-13.1203162409));
#7171 = CARTESIAN_POINT('',(0.672506575778,-13.11963245789));
#7172 = CARTESIAN_POINT('',(0.67037085364,-13.11894598195));
#7173 = CARTESIAN_POINT('',(0.668232841793,-13.11825640338));
#7174 = CARTESIAN_POINT('',(0.665008355894,-13.11721604395));
#7175 = CARTESIAN_POINT('',(0.663931030129,-13.11686828495));
#7176 = CARTESIAN_POINT('',(0.662848595441,-13.11651935516));
#7177 = CARTESIAN_POINT('',(0.661758440043,-13.11616905634));
#7178 = CARTESIAN_POINT('',(0.659557464246,-13.11546532413));
#7179 = CARTESIAN_POINT('',(0.658450193524,-13.11511232));
#7180 = CARTESIAN_POINT('',(0.657351029362,-13.11475979449));
#7181 = CARTESIAN_POINT('',(0.656246669001,-13.11440630568));
#7182 = CARTESIAN_POINT('',(0.646317192564,-13.11122238426));
#7183 = CARTESIAN_POINT('',(0.637481344819,-13.10836571078));
#7184 = CARTESIAN_POINT('',(0.628637359432,-13.1054834252));
#7185 = CARTESIAN_POINT('',(0.619786745225,-13.10257643649));
#7186 = CARTESIAN_POINT('',(0.593219542622,-13.09378408799));
#7187 = CARTESIAN_POINT('',(0.575487329751,-13.08782731939));
#7188 = CARTESIAN_POINT('',(0.557745041388,-13.0817825255));
#7189 = CARTESIAN_POINT('',(0.540001629907,-13.07565668621));
#7190 = CARTESIAN_POINT('',(0.486789733433,-13.05705637839));
#7191 = CARTESIAN_POINT('',(0.451339840448,-13.04435884053));
#7192 = CARTESIAN_POINT('',(0.415973138963,-13.0314191798));
#7193 = CARTESIAN_POINT('',(0.380729678574,-13.0182865362));
#7194 = CARTESIAN_POINT('',(0.275433857776,-12.97843886757));
#7195 = CARTESIAN_POINT('',(0.205812800488,-12.9512705431));
#7196 = CARTESIAN_POINT('',(0.136950828578,-12.92384890558));
#7197 = CARTESIAN_POINT('',(6.863292279972E-02,-12.89631692429));
#7198 = CARTESIAN_POINT('',(-3.597E-14,-12.86865850128));
#7199 = ( GEOMETRIC_REPRESENTATION_CONTEXT(2) 
PARAMETRIC_REPRESENTATION_CONTEXT() REPRESENTATION_CONTEXT('2D SPACE',''
  ) );
#7200 = ORIENTED_EDGE('',*,*,#6997,.F.);
#7201 = ORIENTED_EDGE('',*,*,#1458,.F.);
#7202 = ADVANCED_FACE('',(#7203),#1762,.F.);
#7203 = FACE_BOUND('',#7204,.F.);
#7204 = EDGE_LOOP('',(#7205,#7235,#7264,#7265,#7266,#7289,#7317,#7345,
    #7366,#7367));
#7205 = ORIENTED_EDGE('',*,*,#7206,.F.);
#7206 = EDGE_CURVE('',#7207,#7209,#7211,.T.);
#7207 = VERTEX_POINT('',#7208);
#7208 = CARTESIAN_POINT('',(28.4625,-0.437918367053,62.7376));
#7209 = VERTEX_POINT('',#7210);
#7210 = CARTESIAN_POINT('',(28.4625,-16.6,62.7376));
#7211 = SURFACE_CURVE('',#7212,(#7216,#7223),.PCURVE_S1.);
#7212 = LINE('',#7213,#7214);
#7213 = CARTESIAN_POINT('',(28.4625,12.0076,62.7376));
#7214 = VECTOR('',#7215,1.);
#7215 = DIRECTION('',(2.33E-15,-1.,1.67E-15));
#7216 = PCURVE('',#1762,#7217);
#7217 = DEFINITIONAL_REPRESENTATION('',(#7218),#7222);
#7218 = LINE('',#7219,#7220);
#7219 = CARTESIAN_POINT('',(5.,1.4472863212E-15));
#7220 = VECTOR('',#7221,1.);
#7221 = DIRECTION('',(3.33E-15,-1.));
#7222 = ( GEOMETRIC_REPRESENTATION_CONTEXT(2) 
PARAMETRIC_REPRESENTATION_CONTEXT() REPRESENTATION_CONTEXT('2D SPACE',''
  ) );
#7223 = PCURVE('',#7224,#7229);
#7224 = PLANE('',#7225);
#7225 = AXIS2_PLACEMENT_3D('',#7226,#7227,#7228);
#7226 = CARTESIAN_POINT('',(28.4625,12.0076,62.7376));
#7227 = DIRECTION('',(-1.,7.8E-16,4.4E-16));
#7228 = DIRECTION('',(4.4E-16,-1.67E-15,1.));
#7229 = DEFINITIONAL_REPRESENTATION('',(#7230),#7234);
#7230 = LINE('',#7231,#7232);
#7231 = CARTESIAN_POINT('',(0.,0.));
#7232 = VECTOR('',#7233,1.);
#7233 = DIRECTION('',(3.34E-15,-1.));
#7234 = ( GEOMETRIC_REPRESENTATION_CONTEXT(2) 
PARAMETRIC_REPRESENTATION_CONTEXT() REPRESENTATION_CONTEXT('2D SPACE',''
  ) );
#7235 = ORIENTED_EDGE('',*,*,#7236,.F.);
#7236 = EDGE_CURVE('',#1719,#7207,#7237,.T.);
#7237 = SURFACE_CURVE('',#7238,(#7243,#7254),.PCURVE_S1.);
#7238 = ELLIPSE('',#7239,2.017963927321,2.);
#7239 = AXIS2_PLACEMENT_3D('',#7240,#7241,#7242);
#7240 = CARTESIAN_POINT('',(26.4625,-0.437918367053,62.7376));
#7241 = DIRECTION('',(2.44E-15,-8.9E-16,-1.));
#7242 = DIRECTION('',(2.2E-16,1.,-8.9E-16));
#7243 = PCURVE('',#1762,#7244);
#7244 = DEFINITIONAL_REPRESENTATION('',(#7245),#7253);
#7245 = ( BOUNDED_CURVE() B_SPLINE_CURVE(2,(#7246,#7247,#7248,#7249,
#7250,#7251,#7252),.UNSPECIFIED.,.T.,.F.) B_SPLINE_CURVE_WITH_KNOTS((1,2
    ,2,2,2,1),(-2.094395102393,0.,2.094395102393,4.188790204786,
6.28318530718,8.377580409573),.UNSPECIFIED.) CURVE() 
GEOMETRIC_REPRESENTATION_ITEM() RATIONAL_B_SPLINE_CURVE((1.,0.5,1.,0.5,
1.,0.5,1.)) REPRESENTATION_ITEM('') );
#7246 = CARTESIAN_POINT('',(3.,-10.42755443973));
#7247 = CARTESIAN_POINT('',(6.464101615138,-10.42755443973));
#7248 = CARTESIAN_POINT('',(4.732050807569,-13.45450033071));
#7249 = CARTESIAN_POINT('',(3.,-16.48144622169));
#7250 = CARTESIAN_POINT('',(1.267949192431,-13.45450033071));
#7251 = CARTESIAN_POINT('',(-0.464101615138,-10.42755443973));
#7252 = CARTESIAN_POINT('',(3.,-10.42755443973));
#7253 = ( GEOMETRIC_REPRESENTATION_CONTEXT(2) 
PARAMETRIC_REPRESENTATION_CONTEXT() REPRESENTATION_CONTEXT('2D SPACE',''
  ) );
#7254 = PCURVE('',#1734,#7255);
#7255 = DEFINITIONAL_REPRESENTATION('',(#7256),#7263);
#7256 = B_SPLINE_CURVE_WITH_KNOTS('',5,(#7257,#7258,#7259,#7260,#7261,
    #7262),.UNSPECIFIED.,.F.,.F.,(6,6),(-2.309E-14,1.570796326795),
  .PIECEWISE_BEZIER_KNOTS.);
#7257 = CARTESIAN_POINT('',(-2.487E-14,3.178293185531));
#7258 = CARTESIAN_POINT('',(0.314159265359,3.178293185531));
#7259 = CARTESIAN_POINT('',(0.628317968289,3.145239984326));
#7260 = CARTESIAN_POINT('',(0.9424780332,3.07851338768));
#7261 = CARTESIAN_POINT('',(1.256637061436,2.994034937585));
#7262 = CARTESIAN_POINT('',(1.570796326795,2.909632782847));
#7263 = ( GEOMETRIC_REPRESENTATION_CONTEXT(2) 
PARAMETRIC_REPRESENTATION_CONTEXT() REPRESENTATION_CONTEXT('2D SPACE',''
  ) );
#7264 = ORIENTED_EDGE('',*,*,#1746,.T.);
#7265 = ORIENTED_EDGE('',*,*,#7053,.T.);
#7266 = ORIENTED_EDGE('',*,*,#7267,.T.);
#7267 = EDGE_CURVE('',#7054,#7268,#7270,.T.);
#7268 = VERTEX_POINT('',#7269);
#7269 = CARTESIAN_POINT('',(23.5625,-4.,62.7376));
#7270 = SURFACE_CURVE('',#7271,(#7275,#7282),.PCURVE_S1.);
#7271 = LINE('',#7272,#7273);
#7272 = CARTESIAN_POINT('',(23.5125,-4.,62.7376));
#7273 = VECTOR('',#7274,1.);
#7274 = DIRECTION('',(1.,-8.9E-16,6.7E-16));
#7275 = PCURVE('',#1762,#7276);
#7276 = DEFINITIONAL_REPRESENTATION('',(#7277),#7281);
#7277 = LINE('',#7278,#7279);
#7278 = CARTESIAN_POINT('',(5.000000000005E-02,-16.0076));
#7279 = VECTOR('',#7280,1.);
#7280 = DIRECTION('',(1.,1.1E-16));
#7281 = ( GEOMETRIC_REPRESENTATION_CONTEXT(2) 
PARAMETRIC_REPRESENTATION_CONTEXT() REPRESENTATION_CONTEXT('2D SPACE',''
  ) );
#7282 = PCURVE('',#6725,#7283);
#7283 = DEFINITIONAL_REPRESENTATION('',(#7284),#7288);
#7284 = LINE('',#7285,#7286);
#7285 = CARTESIAN_POINT('',(9.75,-5.000000000002E-02));
#7286 = VECTOR('',#7287,1.);
#7287 = DIRECTION('',(1.22E-15,1.));
#7288 = ( GEOMETRIC_REPRESENTATION_CONTEXT(2) 
PARAMETRIC_REPRESENTATION_CONTEXT() REPRESENTATION_CONTEXT('2D SPACE',''
  ) );
#7289 = ORIENTED_EDGE('',*,*,#7290,.T.);
#7290 = EDGE_CURVE('',#7268,#7291,#7293,.T.);
#7291 = VERTEX_POINT('',#7292);
#7292 = CARTESIAN_POINT('',(23.5625,-9.1625,62.7376));
#7293 = SURFACE_CURVE('',#7294,(#7298,#7305),.PCURVE_S1.);
#7294 = LINE('',#7295,#7296);
#7295 = CARTESIAN_POINT('',(23.5625,2.713175,62.7376));
#7296 = VECTOR('',#7297,1.);
#7297 = DIRECTION('',(8.9E-16,-1.,1.33E-15));
#7298 = PCURVE('',#1762,#7299);
#7299 = DEFINITIONAL_REPRESENTATION('',(#7300),#7304);
#7300 = LINE('',#7301,#7302);
#7301 = CARTESIAN_POINT('',(0.1,-9.294425));
#7302 = VECTOR('',#7303,1.);
#7303 = DIRECTION('',(1.89E-15,-1.));
#7304 = ( GEOMETRIC_REPRESENTATION_CONTEXT(2) 
PARAMETRIC_REPRESENTATION_CONTEXT() REPRESENTATION_CONTEXT('2D SPACE',''
  ) );
#7305 = PCURVE('',#7306,#7311);
#7306 = PLANE('',#7307);
#7307 = AXIS2_PLACEMENT_3D('',#7308,#7309,#7310);
#7308 = CARTESIAN_POINT('',(23.5625,-6.58125,64.3626));
#7309 = DIRECTION('',(-1.,8.9E-16,3.3E-16));
#7310 = DIRECTION('',(-3.3E-16,1.E-15,-1.));
#7311 = DEFINITIONAL_REPRESENTATION('',(#7312),#7316);
#7312 = LINE('',#7313,#7314);
#7313 = CARTESIAN_POINT('',(1.625,-9.294425));
#7314 = VECTOR('',#7315,1.);
#7315 = DIRECTION('',(-2.33E-15,1.));
#7316 = ( GEOMETRIC_REPRESENTATION_CONTEXT(2) 
PARAMETRIC_REPRESENTATION_CONTEXT() REPRESENTATION_CONTEXT('2D SPACE',''
  ) );
#7317 = ORIENTED_EDGE('',*,*,#7318,.T.);
#7318 = EDGE_CURVE('',#7291,#7319,#7321,.T.);
#7319 = VERTEX_POINT('',#7320);
#7320 = CARTESIAN_POINT('',(23.4625,-9.1625,62.7376));
#7321 = SURFACE_CURVE('',#7322,(#7326,#7333),.PCURVE_S1.);
#7322 = LINE('',#7323,#7324);
#7323 = CARTESIAN_POINT('',(23.5125,-9.1625,62.7376));
#7324 = VECTOR('',#7325,1.);
#7325 = DIRECTION('',(-1.,8.9E-16,-6.7E-16));
#7326 = PCURVE('',#1762,#7327);
#7327 = DEFINITIONAL_REPRESENTATION('',(#7328),#7332);
#7328 = LINE('',#7329,#7330);
#7329 = CARTESIAN_POINT('',(5.000000000005E-02,-21.1701));
#7330 = VECTOR('',#7331,1.);
#7331 = DIRECTION('',(-1.,-1.1E-16));
#7332 = ( GEOMETRIC_REPRESENTATION_CONTEXT(2) 
PARAMETRIC_REPRESENTATION_CONTEXT() REPRESENTATION_CONTEXT('2D SPACE',''
  ) );
#7333 = PCURVE('',#7334,#7339);
#7334 = PLANE('',#7335);
#7335 = AXIS2_PLACEMENT_3D('',#7336,#7337,#7338);
#7336 = CARTESIAN_POINT('',(23.5625,-9.1625,56.2376));
#7337 = DIRECTION('',(-8.9E-16,1.,-1.22E-15));
#7338 = DIRECTION('',(-1.89E-15,1.22E-15,1.));
#7339 = DEFINITIONAL_REPRESENTATION('',(#7340),#7344);
#7340 = LINE('',#7341,#7342);
#7341 = CARTESIAN_POINT('',(6.5,-5.000000000002E-02));
#7342 = VECTOR('',#7343,1.);
#7343 = DIRECTION('',(1.22E-15,-1.));
#7344 = ( GEOMETRIC_REPRESENTATION_CONTEXT(2) 
PARAMETRIC_REPRESENTATION_CONTEXT() REPRESENTATION_CONTEXT('2D SPACE',''
  ) );
#7345 = ORIENTED_EDGE('',*,*,#7346,.T.);
#7346 = EDGE_CURVE('',#7319,#3727,#7347,.T.);
#7347 = SURFACE_CURVE('',#7348,(#7352,#7359),.PCURVE_S1.);
#7348 = LINE('',#7349,#7350);
#7349 = CARTESIAN_POINT('',(23.4625,12.0076,62.7376));
#7350 = VECTOR('',#7351,1.);
#7351 = DIRECTION('',(2.33E-15,-1.,1.67E-15));
#7352 = PCURVE('',#1762,#7353);
#7353 = DEFINITIONAL_REPRESENTATION('',(#7354),#7358);
#7354 = LINE('',#7355,#7356);
#7355 = CARTESIAN_POINT('',(0.,0.));
#7356 = VECTOR('',#7357,1.);
#7357 = DIRECTION('',(3.33E-15,-1.));
#7358 = ( GEOMETRIC_REPRESENTATION_CONTEXT(2) 
PARAMETRIC_REPRESENTATION_CONTEXT() REPRESENTATION_CONTEXT('2D SPACE',''
  ) );
#7359 = PCURVE('',#3742,#7360);
#7360 = DEFINITIONAL_REPRESENTATION('',(#7361),#7365);
#7361 = LINE('',#7362,#7363);
#7362 = CARTESIAN_POINT('',(3.15,6.857051820073E-17));
#7363 = VECTOR('',#7364,1.);
#7364 = DIRECTION('',(-3.34E-15,-1.));
#7365 = ( GEOMETRIC_REPRESENTATION_CONTEXT(2) 
PARAMETRIC_REPRESENTATION_CONTEXT() REPRESENTATION_CONTEXT('2D SPACE',''
  ) );
#7366 = ORIENTED_EDGE('',*,*,#3754,.T.);
#7367 = ORIENTED_EDGE('',*,*,#7368,.T.);
#7368 = EDGE_CURVE('',#3755,#7209,#7369,.T.);
#7369 = SURFACE_CURVE('',#7370,(#7375,#7382),.PCURVE_S1.);
#7370 = CIRCLE('',#7371,2.);
#7371 = AXIS2_PLACEMENT_3D('',#7372,#7373,#7374);
#7372 = CARTESIAN_POINT('',(26.4625,-16.6,62.7376));
#7373 = DIRECTION('',(-2.66E-15,6.7E-16,1.));
#7374 = DIRECTION('',(1.,0.,2.66E-15));
#7375 = PCURVE('',#1762,#7376);
#7376 = DEFINITIONAL_REPRESENTATION('',(#7377),#7381);
#7377 = CIRCLE('',#7378,2.);
#7378 = AXIS2_PLACEMENT_2D('',#7379,#7380);
#7379 = CARTESIAN_POINT('',(3.,-28.6076));
#7380 = DIRECTION('',(1.,1.E-15));
#7381 = ( GEOMETRIC_REPRESENTATION_CONTEXT(2) 
PARAMETRIC_REPRESENTATION_CONTEXT() REPRESENTATION_CONTEXT('2D SPACE',''
  ) );
#7382 = PCURVE('',#3793,#7383);
#7383 = DEFINITIONAL_REPRESENTATION('',(#7384),#7388);
#7384 = LINE('',#7385,#7386);
#7385 = CARTESIAN_POINT('',(-4.712388980385,-3.553E-14));
#7386 = VECTOR('',#7387,1.);
#7387 = DIRECTION('',(1.,0.));
#7388 = ( GEOMETRIC_REPRESENTATION_CONTEXT(2) 
PARAMETRIC_REPRESENTATION_CONTEXT() REPRESENTATION_CONTEXT('2D SPACE',''
  ) );
#7389 = ADVANCED_FACE('',(#7390),#1562,.T.);
#7390 = FACE_BOUND('',#7391,.F.);
#7391 = EDGE_LOOP('',(#7392,#7484,#7510,#7511));
#7392 = ORIENTED_EDGE('',*,*,#7393,.T.);
#7393 = EDGE_CURVE('',#1547,#7394,#7396,.T.);
#7394 = VERTEX_POINT('',#7395);
#7395 = CARTESIAN_POINT('',(-22.241215817,-1.928783950681,
    75.121688946971));
#7396 = SURFACE_CURVE('',#7397,(#7404,#7410),.PCURVE_S1.);
#7397 = B_SPLINE_CURVE_WITH_KNOTS('',5,(#7398,#7399,#7400,#7401,#7402,
    #7403),.UNSPECIFIED.,.F.,.F.,(6,6),(0.,1.),
  .PIECEWISE_BEZIER_KNOTS.);
#7398 = CARTESIAN_POINT('',(-20.70912693076,5.341203698905E-02,
    74.102382513721));
#7399 = CARTESIAN_POINT('',(-21.16586791335,2.842337615313E-03,
    74.47884066586));
#7400 = CARTESIAN_POINT('',(-21.62291689344,-0.265835006336,
    74.826258814769));
#7401 = CARTESIAN_POINT('',(-21.99446178758,-0.746534791471,
    75.073449499493));
#7402 = CARTESIAN_POINT('',(-22.20212923077,-1.33785861258,
    75.168270526529));
#7403 = CARTESIAN_POINT('',(-22.241215817,-1.928783950681,
    75.121688946971));
#7404 = PCURVE('',#1562,#7405);
#7405 = DEFINITIONAL_REPRESENTATION('',(#7406),#7409);
#7406 = B_SPLINE_CURVE_WITH_KNOTS('',1,(#7407,#7408),.UNSPECIFIED.,.F.,
  .F.,(2,2),(0.,1.),.PIECEWISE_BEZIER_KNOTS.);
#7407 = CARTESIAN_POINT('',(-1.1535E-13,-1.526522873808));
#7408 = CARTESIAN_POINT('',(-1.485114389505,-1.526522873808));
#7409 = ( GEOMETRIC_REPRESENTATION_CONTEXT(2) 
PARAMETRIC_REPRESENTATION_CONTEXT() REPRESENTATION_CONTEXT('2D SPACE',''
  ) );
#7410 = PCURVE('',#7411,#7478);
#7411 = B_SPLINE_SURFACE_WITH_KNOTS('',10,5,(
    (#7412,#7413,#7414,#7415,#7416,#7417)
    ,(#7418,#7419,#7420,#7421,#7422,#7423)
    ,(#7424,#7425,#7426,#7427,#7428,#7429)
    ,(#7430,#7431,#7432,#7433,#7434,#7435)
    ,(#7436,#7437,#7438,#7439,#7440,#7441)
    ,(#7442,#7443,#7444,#7445,#7446,#7447)
    ,(#7448,#7449,#7450,#7451,#7452,#7453)
    ,(#7454,#7455,#7456,#7457,#7458,#7459)
    ,(#7460,#7461,#7462,#7463,#7464,#7465)
    ,(#7466,#7467,#7468,#7469,#7470,#7471)
    ,(#7472,#7473,#7474,#7475,#7476,#7477
    )),.UNSPECIFIED.,.F.,.F.,.F.,(11,11),(6,6),(0.,1.),(0.,1.),
  .PIECEWISE_BEZIER_KNOTS.);
#7412 = CARTESIAN_POINT('',(-19.81542276984,-4.905E-14,74.901188872092)
  );
#7413 = CARTESIAN_POINT('',(-20.2967426888,-4.763E-14,75.305064238574));
#7414 = CARTESIAN_POINT('',(-20.77851168239,-0.246030008092,
    75.709316423409));
#7415 = CARTESIAN_POINT('',(-21.15904173554,-0.742776713274,
    76.028619050652));
#7416 = CARTESIAN_POINT('',(-21.34751165608,-1.371681469282,
    76.186764091465));
#7417 = CARTESIAN_POINT('',(-21.34751165608,-2.,76.186764091465));
#7418 = CARTESIAN_POINT('',(-19.90492344683,-4.897E-14,74.821191807079)
  );
#7419 = CARTESIAN_POINT('',(-20.38393447438,-5.384807325045E-03,
    75.222140116248));
#7420 = CARTESIAN_POINT('',(-20.86342065107,-0.253950831663,
    75.620557278502));
#7421 = CARTESIAN_POINT('',(-21.24320056707,-0.749580244742,
    75.932462852466));
#7422 = CARTESIAN_POINT('',(-21.43369586133,-1.375064708297,
    76.084053755234));
#7423 = CARTESIAN_POINT('',(-21.43775734418,-2.,76.079213468448));
#7424 = CARTESIAN_POINT('',(-19.9943555283,1.187529883757E-03,
    74.741248485108));
#7425 = CARTESIAN_POINT('',(-20.47037586897,-9.488713292553E-03,
    75.140078967816));
#7426 = CARTESIAN_POINT('',(-20.9459111204,-0.262355589795,
    75.537349542729));
#7427 = CARTESIAN_POINT('',(-21.3246131301,-0.756106929673,
    75.834521940071));
#7428 = CARTESIAN_POINT('',(-21.51708704725,-1.377871841902,
    75.984672009809));
#7429 = CARTESIAN_POINT('',(-21.52452545946,-1.999576750709,
    75.975807255336));
#7430 = CARTESIAN_POINT('',(-20.08424822895,3.540597207976E-03,
    74.661513389009));
#7431 = CARTESIAN_POINT('',(-20.55895972432,-1.239082965235E-02,
    75.056162601049));
#7432 = CARTESIAN_POINT('',(-21.03383588518,-0.269320708124,
    75.445017564317));
#7433 = CARTESIAN_POINT('',(-21.41160844141,-0.76245108631,
    75.73583954342));
#7434 = CARTESIAN_POINT('',(-21.60759165191,-1.383150968389,
    75.876812822083));
#7435 = CARTESIAN_POINT('',(-21.62016340177,-2.00253487688,
    75.861830394023));
#7436 = CARTESIAN_POINT('',(-20.17400837138,7.119333904338E-03,
    74.582099747106));
#7437 = CARTESIAN_POINT('',(-20.64469733921,-1.376777131652E-02,
    74.97552482666));
#7438 = CARTESIAN_POINT('',(-21.11502465391,-0.270306961411,
    75.359844283569));
#7439 = CARTESIAN_POINT('',(-21.49186779391,-0.761678391956,
    75.646350308504));
#7440 = CARTESIAN_POINT('',(-21.68709286999,-1.376155816792,
    75.782066959774));
#7441 = CARTESIAN_POINT('',(-21.70210037465,-1.990456572787,
    75.764181712177));
#7442 = CARTESIAN_POINT('',(-20.26402526796,1.172400491023E-02,
    74.502866890833));
#7443 = CARTESIAN_POINT('',(-20.73302516896,-1.44919720887E-02,
    74.892823813483));
#7444 = CARTESIAN_POINT('',(-21.20236881093,-0.281238865712,
    75.267805747634));
#7445 = CARTESIAN_POINT('',(-21.57826213687,-0.774231794632,
    75.550622366237));
#7446 = CARTESIAN_POINT('',(-21.7761367473,-1.396733734739,
    75.675948599145));
#7447 = CARTESIAN_POINT('',(-21.79596140529,-2.013101089204,
    75.652322491764));
#7448 = CARTESIAN_POINT('',(-20.35375227949,1.770006521131E-02,
    74.422949774395));
#7449 = CARTESIAN_POINT('',(-20.82073020642,-1.312189531927E-02,
    74.809303297903));
#7450 = CARTESIAN_POINT('',(-21.28863060421,-0.272542660788,
    75.175880434019));
#7451 = CARTESIAN_POINT('',(-21.66362387571,-0.761545587656,
    75.455427603853));
#7452 = CARTESIAN_POINT('',(-21.86366051936,-1.369028730908,
    75.571641829298));
#7453 = CARTESIAN_POINT('',(-21.88786801467,-1.975734800722,
    75.542792459797));
#7454 = CARTESIAN_POINT('',(-20.44310970391,2.468750574869E-02,
    74.343531149248));
#7455 = CARTESIAN_POINT('',(-20.90621614611,-1.140745611636E-02,
    74.728759584497));
#7456 = CARTESIAN_POINT('',(-21.36978539489,-0.274941587007,
    75.090655150935));
#7457 = CARTESIAN_POINT('',(-21.74387029369,-0.763143254042,
    75.365840706529));
#7458 = CARTESIAN_POINT('',(-21.94341094639,-1.370171741613,
    75.476598971424));
#7459 = CARTESIAN_POINT('',(-21.97015748363,-1.974681375468,
    75.444723689578));
#7460 = CARTESIAN_POINT('',(-20.53188013554,3.306169874342E-02,
    74.26287388667));
#7461 = CARTESIAN_POINT('',(-20.99376395472,-7.746441013868E-03,
    74.644106547367));
#7462 = CARTESIAN_POINT('',(-21.45686013681,-0.271112371943,
    74.99813434215));
#7463 = CARTESIAN_POINT('',(-21.83012212358,-0.756912009584,
    75.267186907475));
#7464 = CARTESIAN_POINT('',(-22.03336070175,-1.357373297299,
    75.369401027293));
#7465 = CARTESIAN_POINT('',(-22.06510426837,-1.956547819556,
    75.331570517737));
#7466 = CARTESIAN_POINT('',(-20.61999220392,4.270995344826E-02,
    74.18205248692));
#7467 = CARTESIAN_POINT('',(-21.07906368504,-3.113122803661E-03,
    74.561399199088));
#7468 = CARTESIAN_POINT('',(-21.53852075871,-0.269833313614,
    74.914701234008));
#7469 = CARTESIAN_POINT('',(-21.91081892423,-0.752679259037,
    75.169203927543));
#7470 = CARTESIAN_POINT('',(-22.11638666669,-1.348112924022,
    75.27045453531));
#7471 = CARTESIAN_POINT('',(-22.15144411458,-1.943155367867,
    75.228674695833));
#7472 = CARTESIAN_POINT('',(-20.70912693076,5.341203698905E-02,
    74.102382513721));
#7473 = CARTESIAN_POINT('',(-21.16586791335,2.842337615313E-03,
    74.47884066586));
#7474 = CARTESIAN_POINT('',(-21.62291689344,-0.265835006336,
    74.826258814769));
#7475 = CARTESIAN_POINT('',(-21.99446178758,-0.746534791471,
    75.073449499493));
#7476 = CARTESIAN_POINT('',(-22.20212923077,-1.33785861258,
    75.168270526529));
#7477 = CARTESIAN_POINT('',(-22.241215817,-1.928783950681,
    75.121688946971));
#7478 = DEFINITIONAL_REPRESENTATION('',(#7479),#7483);
#7479 = LINE('',#7480,#7481);
#7480 = CARTESIAN_POINT('',(1.,0.));
#7481 = VECTOR('',#7482,1.);
#7482 = DIRECTION('',(0.,1.));
#7483 = ( GEOMETRIC_REPRESENTATION_CONTEXT(2) 
PARAMETRIC_REPRESENTATION_CONTEXT() REPRESENTATION_CONTEXT('2D SPACE',''
  ) );
#7484 = ORIENTED_EDGE('',*,*,#7485,.T.);
#7485 = EDGE_CURVE('',#7394,#7103,#7486,.T.);
#7486 = SURFACE_CURVE('',#7487,(#7491,#7498),.PCURVE_S1.);
#7487 = LINE('',#7488,#7489);
#7488 = CARTESIAN_POINT('',(-23.21729157792,-1.772525446187,
    73.958447152252));
#7489 = VECTOR('',#7490,1.);
#7490 = DIRECTION('',(-0.639411159614,0.102362373454,-0.762020546614));
#7491 = PCURVE('',#1562,#7492);
#7492 = DEFINITIONAL_REPRESENTATION('',(#7493),#7497);
#7493 = LINE('',#7494,#7495);
#7494 = CARTESIAN_POINT('',(-1.485114389505,0.));
#7495 = VECTOR('',#7496,1.);
#7496 = DIRECTION('',(-0.,1.));
#7497 = ( GEOMETRIC_REPRESENTATION_CONTEXT(2) 
PARAMETRIC_REPRESENTATION_CONTEXT() REPRESENTATION_CONTEXT('2D SPACE',''
  ) );
#7498 = PCURVE('',#7499,#7504);
#7499 = PLANE('',#7500);
#7500 = AXIS2_PLACEMENT_3D('',#7501,#7502,#7503);
#7501 = CARTESIAN_POINT('',(-27.29272221559,12.0076,69.101538048434));
#7502 = DIRECTION('',(0.766044443119,-2.2E-16,-0.642787609686));
#7503 = DIRECTION('',(-0.642787609686,2.53E-15,-0.766044443119));
#7504 = DEFINITIONAL_REPRESENTATION('',(#7505),#7509);
#7505 = LINE('',#7506,#7507);
#7506 = CARTESIAN_POINT('',(-6.340244547747,-13.78012544618));
#7507 = VECTOR('',#7508,1.);
#7508 = DIRECTION('',(0.994747176171,0.102362373454));
#7509 = ( GEOMETRIC_REPRESENTATION_CONTEXT(2) 
PARAMETRIC_REPRESENTATION_CONTEXT() REPRESENTATION_CONTEXT('2D SPACE',''
  ) );
#7510 = ORIENTED_EDGE('',*,*,#7102,.F.);
#7511 = ORIENTED_EDGE('',*,*,#1546,.F.);
#7512 = ADVANCED_FACE('',(#7513),#1734,.T.);
#7513 = FACE_BOUND('',#7514,.T.);
#7514 = EDGE_LOOP('',(#7515,#7545,#7566,#7567));
#7515 = ORIENTED_EDGE('',*,*,#7516,.T.);
#7516 = EDGE_CURVE('',#1631,#7517,#7519,.T.);
#7517 = VERTEX_POINT('',#7518);
#7518 = CARTESIAN_POINT('',(28.4625,-0.861058501281,65.8876));
#7519 = SURFACE_CURVE('',#7520,(#7524,#7538),.PCURVE_S1.);
#7520 = ( BOUNDED_CURVE() B_SPLINE_CURVE(2,(#7521,#7522,#7523),
.UNSPECIFIED.,.F.,.F.) B_SPLINE_CURVE_WITH_KNOTS((3,3),(0.,
3.437508372416),.PIECEWISE_BEZIER_KNOTS.) CURVE() 
GEOMETRIC_REPRESENTATION_ITEM() RATIONAL_B_SPLINE_CURVE((1.,
0.707106781187,1.)) REPRESENTATION_ITEM('') );
#7521 = CARTESIAN_POINT('',(26.4625,1.121137486389,66.153868786124));
#7522 = CARTESIAN_POINT('',(28.4625,1.121137486389,66.153868786124));
#7523 = CARTESIAN_POINT('',(28.4625,-0.861058501281,65.8876));
#7524 = PCURVE('',#1734,#7525);
#7525 = DEFINITIONAL_REPRESENTATION('',(#7526),#7537);
#7526 = B_SPLINE_CURVE_WITH_KNOTS('',9,(#7527,#7528,#7529,#7530,#7531,
    #7532,#7533,#7534,#7535,#7536),.UNSPECIFIED.,.F.,.F.,(10,10),(0.,
    3.437508372416),.PIECEWISE_BEZIER_KNOTS.);
#7527 = CARTESIAN_POINT('',(1.1E-16,-0.268660402685));
#7528 = CARTESIAN_POINT('',(0.157134840264,-0.268660402685));
#7529 = CARTESIAN_POINT('',(0.325774716821,-0.268660402685));
#7530 = CARTESIAN_POINT('',(0.504566386869,-0.268660402685));
#7531 = CARTESIAN_POINT('',(0.690744851613,-0.268660402685));
#7532 = CARTESIAN_POINT('',(0.880051475181,-0.268660402685));
#7533 = CARTESIAN_POINT('',(1.066229939926,-0.268660402685));
#7534 = CARTESIAN_POINT('',(1.245021609974,-0.268660402685));
#7535 = CARTESIAN_POINT('',(1.413661486531,-0.268660402685));
#7536 = CARTESIAN_POINT('',(1.570796326795,-0.268660402685));
#7537 = ( GEOMETRIC_REPRESENTATION_CONTEXT(2) 
PARAMETRIC_REPRESENTATION_CONTEXT() REPRESENTATION_CONTEXT('2D SPACE',''
  ) );
#7538 = PCURVE('',#1668,#7539);
#7539 = DEFINITIONAL_REPRESENTATION('',(#7540),#7544);
#7540 = LINE('',#7541,#7542);
#7541 = CARTESIAN_POINT('',(0.,13.568553353042));
#7542 = VECTOR('',#7543,1.);
#7543 = DIRECTION('',(1.,0.));
#7544 = ( GEOMETRIC_REPRESENTATION_CONTEXT(2) 
PARAMETRIC_REPRESENTATION_CONTEXT() REPRESENTATION_CONTEXT('2D SPACE',''
  ) );
#7545 = ORIENTED_EDGE('',*,*,#7546,.T.);
#7546 = EDGE_CURVE('',#7517,#7207,#7547,.T.);
#7547 = SURFACE_CURVE('',#7548,(#7552,#7559),.PCURVE_S1.);
#7548 = LINE('',#7549,#7550);
#7549 = CARTESIAN_POINT('',(28.4625,-0.82529056163,65.621331213876));
#7550 = VECTOR('',#7551,1.);
#7551 = DIRECTION('',(2.45E-15,0.133134393062,-0.991097993835));
#7552 = PCURVE('',#1734,#7553);
#7553 = DEFINITIONAL_REPRESENTATION('',(#7554),#7558);
#7554 = LINE('',#7555,#7556);
#7555 = CARTESIAN_POINT('',(1.570796326795,0.));
#7556 = VECTOR('',#7557,1.);
#7557 = DIRECTION('',(0.,1.));
#7558 = ( GEOMETRIC_REPRESENTATION_CONTEXT(2) 
PARAMETRIC_REPRESENTATION_CONTEXT() REPRESENTATION_CONTEXT('2D SPACE',''
  ) );
#7559 = PCURVE('',#7224,#7560);
#7560 = DEFINITIONAL_REPRESENTATION('',(#7561),#7565);
#7561 = LINE('',#7562,#7563);
#7562 = CARTESIAN_POINT('',(2.883731213876,-12.83289056163));
#7563 = VECTOR('',#7564,1.);
#7564 = DIRECTION('',(-0.991097993835,0.133134393062));
#7565 = ( GEOMETRIC_REPRESENTATION_CONTEXT(2) 
PARAMETRIC_REPRESENTATION_CONTEXT() REPRESENTATION_CONTEXT('2D SPACE',''
  ) );
#7566 = ORIENTED_EDGE('',*,*,#7236,.F.);
#7567 = ORIENTED_EDGE('',*,*,#1718,.F.);
#7568 = ADVANCED_FACE('',(#7569),#1590,.F.);
#7569 = FACE_BOUND('',#7570,.F.);
#7570 = EDGE_LOOP('',(#7571,#7572,#7673,#7701));
#7571 = ORIENTED_EDGE('',*,*,#1574,.F.);
#7572 = ORIENTED_EDGE('',*,*,#7573,.F.);
#7573 = EDGE_CURVE('',#7574,#1575,#7576,.T.);
#7574 = VERTEX_POINT('',#7575);
#7575 = CARTESIAN_POINT('',(19.815422769841,-1.13E-13,74.901188872092));
#7576 = SURFACE_CURVE('',#7577,(#7589,#7599),.PCURVE_S1.);
#7577 = B_SPLINE_CURVE_WITH_KNOTS('',10,(#7578,#7579,#7580,#7581,#7582,
    #7583,#7584,#7585,#7586,#7587,#7588),.UNSPECIFIED.,.F.,.F.,(11,11),(
    0.,1.),.PIECEWISE_BEZIER_KNOTS.);
#7578 = CARTESIAN_POINT('',(19.815422769841,-9.22E-14,74.901188872092));
#7579 = CARTESIAN_POINT('',(19.904923446839,-9.243E-14,74.821191807079)
  );
#7580 = CARTESIAN_POINT('',(19.994355528304,1.18752988372E-03,
    74.741248485111));
#7581 = CARTESIAN_POINT('',(20.084248228951,3.540597207916E-03,
    74.661513389007));
#7582 = CARTESIAN_POINT('',(20.174008371388,7.119333904324E-03,
    74.582099747111));
#7583 = CARTESIAN_POINT('',(20.26402526796,1.17240049102E-02,
    74.502866890828));
#7584 = CARTESIAN_POINT('',(20.3537522795,1.770006521118E-02,
    74.422949774403));
#7585 = CARTESIAN_POINT('',(20.443109703908,2.468750574878E-02,
    74.343531149244));
#7586 = CARTESIAN_POINT('',(20.531880135545,3.306169874329E-02,
    74.262873886674));
#7587 = CARTESIAN_POINT('',(20.619992203926,4.270995344825E-02,
    74.18205248692));
#7588 = CARTESIAN_POINT('',(20.709126930763,5.341203698901E-02,
    74.102382513721));
#7589 = PCURVE('',#1590,#7590);
#7590 = DEFINITIONAL_REPRESENTATION('',(#7591),#7598);
#7591 = B_SPLINE_CURVE_WITH_KNOTS('',5,(#7592,#7593,#7594,#7595,#7596,
    #7597),.UNSPECIFIED.,.F.,.F.,(6,6),(0.,1.),
  .PIECEWISE_BEZIER_KNOTS.);
#7592 = CARTESIAN_POINT('',(0.133530859557,2.947452013269));
#7593 = CARTESIAN_POINT('',(0.106865171219,2.768450659275));
#7594 = CARTESIAN_POINT('',(8.01547806053E-02,2.589897611382));
#7595 = CARTESIAN_POINT('',(5.421830332743E-02,2.406750607698));
#7596 = CARTESIAN_POINT('',(2.679518866772E-02,2.23201730602));
#7597 = CARTESIAN_POINT('',(-2.58E-15,2.053747852348));
#7598 = ( GEOMETRIC_REPRESENTATION_CONTEXT(2) 
PARAMETRIC_REPRESENTATION_CONTEXT() REPRESENTATION_CONTEXT('2D SPACE',''
  ) );
#7599 = PCURVE('',#7600,#7667);
#7600 = B_SPLINE_SURFACE_WITH_KNOTS('',10,5,(
    (#7601,#7602,#7603,#7604,#7605,#7606)
    ,(#7607,#7608,#7609,#7610,#7611,#7612)
    ,(#7613,#7614,#7615,#7616,#7617,#7618)
    ,(#7619,#7620,#7621,#7622,#7623,#7624)
    ,(#7625,#7626,#7627,#7628,#7629,#7630)
    ,(#7631,#7632,#7633,#7634,#7635,#7636)
    ,(#7637,#7638,#7639,#7640,#7641,#7642)
    ,(#7643,#7644,#7645,#7646,#7647,#7648)
    ,(#7649,#7650,#7651,#7652,#7653,#7654)
    ,(#7655,#7656,#7657,#7658,#7659,#7660)
    ,(#7661,#7662,#7663,#7664,#7665,#7666
    )),.UNSPECIFIED.,.F.,.F.,.F.,(11,11),(6,6),(0.,1.),(0.,1.),
  .PIECEWISE_BEZIER_KNOTS.);
#7601 = CARTESIAN_POINT('',(19.815422769841,-9.22E-14,74.901188872092));
#7602 = CARTESIAN_POINT('',(20.296742688807,-9.248E-14,75.305064238574)
  );
#7603 = CARTESIAN_POINT('',(20.778511682398,-0.246030008092,
    75.709316423409));
#7604 = CARTESIAN_POINT('',(21.159041735541,-0.742776713274,
    76.028619050653));
#7605 = CARTESIAN_POINT('',(21.34751165608,-1.371681469282,
    76.186764091465));
#7606 = CARTESIAN_POINT('',(21.34751165608,-2.,76.186764091465));
#7607 = CARTESIAN_POINT('',(19.904923446839,-9.243E-14,74.821191807079)
  );
#7608 = CARTESIAN_POINT('',(20.383934474388,-5.384807325045E-03,
    75.222140116248));
#7609 = CARTESIAN_POINT('',(20.863420651075,-0.253950831663,
    75.620557278502));
#7610 = CARTESIAN_POINT('',(21.243200567075,-0.749580244742,
    75.932462852466));
#7611 = CARTESIAN_POINT('',(21.433695861329,-1.375064708297,
    76.084053755234));
#7612 = CARTESIAN_POINT('',(21.437757344186,-2.,76.079213468448));
#7613 = CARTESIAN_POINT('',(19.994355528304,1.18752988372E-03,
    74.741248485111));
#7614 = CARTESIAN_POINT('',(20.470375868978,-9.488713292451E-03,
    75.140078967818));
#7615 = CARTESIAN_POINT('',(20.945911120401,-0.262355589795,
    75.537349542729));
#7616 = CARTESIAN_POINT('',(21.324613130103,-0.756106929673,
    75.834521940071));
#7617 = CARTESIAN_POINT('',(21.51708704725,-1.377871841902,
    75.984672009807));
#7618 = CARTESIAN_POINT('',(21.524525459459,-1.999576750709,
    75.975807255335));
#7619 = CARTESIAN_POINT('',(20.084248228951,3.540597207916E-03,
    74.661513389007));
#7620 = CARTESIAN_POINT('',(20.558959724321,-1.239082965228E-02,
    75.056162601047));
#7621 = CARTESIAN_POINT('',(21.033835885187,-0.269320708124,
    75.445017564316));
#7622 = CARTESIAN_POINT('',(21.41160844142,-0.76245108631,75.73583954342
    ));
#7623 = CARTESIAN_POINT('',(21.607591651913,-1.383150968389,
    75.876812822084));
#7624 = CARTESIAN_POINT('',(21.620163401772,-2.00253487688,
    75.861830394024));
#7625 = CARTESIAN_POINT('',(20.174008371388,7.119333904324E-03,
    74.582099747111));
#7626 = CARTESIAN_POINT('',(20.644697339211,-1.37677713164E-02,
    74.975524826666));
#7627 = CARTESIAN_POINT('',(21.115024653913,-0.270306961411,
    75.359844283571));
#7628 = CARTESIAN_POINT('',(21.49186779391,-0.761678391956,
    75.646350308504));
#7629 = CARTESIAN_POINT('',(21.687092869989,-1.376155816792,
    75.78206695977));
#7630 = CARTESIAN_POINT('',(21.702100374651,-1.990456572787,
    75.764181712173));
#7631 = CARTESIAN_POINT('',(20.26402526796,1.17240049102E-02,
    74.502866890828));
#7632 = CARTESIAN_POINT('',(20.733025168959,-1.449197208853E-02,
    74.892823813477));
#7633 = CARTESIAN_POINT('',(21.202368810933,-0.281238865711,
    75.267805747632));
#7634 = CARTESIAN_POINT('',(21.578262136878,-0.774231794632,
    75.550622366237));
#7635 = CARTESIAN_POINT('',(21.77613674731,-1.396733734739,
    75.675948599148));
#7636 = CARTESIAN_POINT('',(21.7959614053,-2.013101089204,
    75.652322491766));
#7637 = CARTESIAN_POINT('',(20.3537522795,1.770006521118E-02,
    74.422949774403));
#7638 = CARTESIAN_POINT('',(20.820730206429,-1.312189531922E-02,
    74.809303297912));
#7639 = CARTESIAN_POINT('',(21.28863060421,-0.272542660788,
    75.175880434022));
#7640 = CARTESIAN_POINT('',(21.663623875711,-0.761545587656,
    75.455427603852));
#7641 = CARTESIAN_POINT('',(21.863660519361,-1.369028730908,
    75.571641829292));
#7642 = CARTESIAN_POINT('',(21.887868014669,-1.975734800722,
    75.542792459791));
#7643 = CARTESIAN_POINT('',(20.443109703908,2.468750574878E-02,
    74.343531149244));
#7644 = CARTESIAN_POINT('',(20.90621614611,-1.14074561162E-02,
    74.728759584492));
#7645 = CARTESIAN_POINT('',(21.369785394897,-0.274941587007,
    75.090655150933));
#7646 = CARTESIAN_POINT('',(21.7438702937,-0.763143254042,
    75.365840706529));
#7647 = CARTESIAN_POINT('',(21.943410946394,-1.370171741613,
    75.476598971427));
#7648 = CARTESIAN_POINT('',(21.970157483635,-1.974681375468,
    75.444723689581));
#7649 = CARTESIAN_POINT('',(20.531880135545,3.306169874329E-02,
    74.262873886674));
#7650 = CARTESIAN_POINT('',(20.99376395473,-7.746441013844E-03,
    74.644106547371));
#7651 = CARTESIAN_POINT('',(21.456860136816,-0.271112371943,
    74.998134342151));
#7652 = CARTESIAN_POINT('',(21.830122123579,-0.756912009584,
    75.267186907474));
#7653 = CARTESIAN_POINT('',(22.033360701753,-1.357373297299,
    75.36940102729));
#7654 = CARTESIAN_POINT('',(22.065104268369,-1.956547819556,
    75.331570517733));
#7655 = CARTESIAN_POINT('',(20.619992203926,4.270995344825E-02,
    74.18205248692));
#7656 = CARTESIAN_POINT('',(21.079063685042,-3.113122803629E-03,
    74.561399199088));
#7657 = CARTESIAN_POINT('',(21.538520758717,-0.269833313614,
    74.914701234009));
#7658 = CARTESIAN_POINT('',(21.910818924231,-0.752679259037,
    75.169203927543));
#7659 = CARTESIAN_POINT('',(22.116386666693,-1.348112924022,
    75.27045453531));
#7660 = CARTESIAN_POINT('',(22.151444114589,-1.943155367867,
    75.228674695833));
#7661 = CARTESIAN_POINT('',(20.709126930763,5.341203698901E-02,
    74.102382513721));
#7662 = CARTESIAN_POINT('',(21.165867913356,2.842337615278E-03,
    74.47884066586));
#7663 = CARTESIAN_POINT('',(21.622916893439,-0.265835006336,
    74.826258814769));
#7664 = CARTESIAN_POINT('',(21.994461787588,-0.746534791471,
    75.073449499492));
#7665 = CARTESIAN_POINT('',(22.202129230774,-1.33785861258,
    75.168270526529));
#7666 = CARTESIAN_POINT('',(22.241215817001,-1.928783950681,
    75.121688946971));
#7667 = DEFINITIONAL_REPRESENTATION('',(#7668),#7672);
#7668 = LINE('',#7669,#7670);
#7669 = CARTESIAN_POINT('',(0.,0.));
#7670 = VECTOR('',#7671,1.);
#7671 = DIRECTION('',(1.,0.));
#7672 = ( GEOMETRIC_REPRESENTATION_CONTEXT(2) 
PARAMETRIC_REPRESENTATION_CONTEXT() REPRESENTATION_CONTEXT('2D SPACE',''
  ) );
#7673 = ORIENTED_EDGE('',*,*,#7674,.T.);
#7674 = EDGE_CURVE('',#7574,#7675,#7677,.T.);
#7675 = VERTEX_POINT('',#7676);
#7676 = CARTESIAN_POINT('',(-19.81542276984,-9.4E-14,74.901188872092));
#7677 = SURFACE_CURVE('',#7678,(#7682,#7689),.PCURVE_S1.);
#7678 = LINE('',#7679,#7680);
#7679 = CARTESIAN_POINT('',(22.762874783111,-9.167E-14,74.901188872092)
  );
#7680 = VECTOR('',#7681,1.);
#7681 = DIRECTION('',(-1.,1.67E-15,-8.3E-16));
#7682 = PCURVE('',#1590,#7683);
#7683 = DEFINITIONAL_REPRESENTATION('',(#7684),#7688);
#7684 = LINE('',#7685,#7686);
#7685 = CARTESIAN_POINT('',(0.133530859557,0.));
#7686 = VECTOR('',#7687,1.);
#7687 = DIRECTION('',(0.,1.));
#7688 = ( GEOMETRIC_REPRESENTATION_CONTEXT(2) 
PARAMETRIC_REPRESENTATION_CONTEXT() REPRESENTATION_CONTEXT('2D SPACE',''
  ) );
#7689 = PCURVE('',#7690,#7695);
#7690 = PLANE('',#7691);
#7691 = AXIS2_PLACEMENT_3D('',#7692,#7693,#7694);
#7692 = CARTESIAN_POINT('',(141.6793886629,-2.3174E-13,74.5));
#7693 = DIRECTION('',(-1.55E-15,1.,-1.67E-15));
#7694 = DIRECTION('',(-2.55E-15,1.67E-15,1.));
#7695 = DEFINITIONAL_REPRESENTATION('',(#7696),#7700);
#7696 = LINE('',#7697,#7698);
#7697 = CARTESIAN_POINT('',(0.401188872092,-118.9165138797));
#7698 = VECTOR('',#7699,1.);
#7699 = DIRECTION('',(1.72E-15,-1.));
#7700 = ( GEOMETRIC_REPRESENTATION_CONTEXT(2) 
PARAMETRIC_REPRESENTATION_CONTEXT() REPRESENTATION_CONTEXT('2D SPACE',''
  ) );
#7701 = ORIENTED_EDGE('',*,*,#7702,.T.);
#7702 = EDGE_CURVE('',#7675,#1547,#7703,.T.);
#7703 = SURFACE_CURVE('',#7704,(#7716,#7726),.PCURVE_S1.);
#7704 = B_SPLINE_CURVE_WITH_KNOTS('',10,(#7705,#7706,#7707,#7708,#7709,
    #7710,#7711,#7712,#7713,#7714,#7715),.UNSPECIFIED.,.F.,.F.,(11,11),(
    0.,1.),.PIECEWISE_BEZIER_KNOTS.);
#7705 = CARTESIAN_POINT('',(-19.81542276984,-4.905E-14,74.901188872092)
  );
#7706 = CARTESIAN_POINT('',(-19.90492344683,-4.897E-14,74.821191807079)
  );
#7707 = CARTESIAN_POINT('',(-19.9943555283,1.187529883757E-03,
    74.741248485108));
#7708 = CARTESIAN_POINT('',(-20.08424822895,3.540597207976E-03,
    74.661513389009));
#7709 = CARTESIAN_POINT('',(-20.17400837138,7.119333904338E-03,
    74.582099747106));
#7710 = CARTESIAN_POINT('',(-20.26402526796,1.172400491023E-02,
    74.502866890833));
#7711 = CARTESIAN_POINT('',(-20.35375227949,1.770006521131E-02,
    74.422949774395));
#7712 = CARTESIAN_POINT('',(-20.44310970391,2.468750574869E-02,
    74.343531149248));
#7713 = CARTESIAN_POINT('',(-20.53188013554,3.306169874342E-02,
    74.26287388667));
#7714 = CARTESIAN_POINT('',(-20.61999220392,4.270995344826E-02,
    74.18205248692));
#7715 = CARTESIAN_POINT('',(-20.70912693076,5.341203698905E-02,
    74.102382513721));
#7716 = PCURVE('',#1590,#7717);
#7717 = DEFINITIONAL_REPRESENTATION('',(#7718),#7725);
#7718 = B_SPLINE_CURVE_WITH_KNOTS('',5,(#7719,#7720,#7721,#7722,#7723,
    #7724),.UNSPECIFIED.,.F.,.F.,(6,6),(0.,1.),
  .PIECEWISE_BEZIER_KNOTS.);
#7719 = CARTESIAN_POINT('',(0.133530859557,42.578297552953));
#7720 = CARTESIAN_POINT('',(0.106865171219,42.757298906947));
#7721 = CARTESIAN_POINT('',(8.015478060509E-02,42.93585195484));
#7722 = CARTESIAN_POINT('',(5.421830332722E-02,43.118998958524));
#7723 = CARTESIAN_POINT('',(2.679518866781E-02,43.293732260202));
#7724 = CARTESIAN_POINT('',(-1.7E-16,43.472001713874));
#7725 = ( GEOMETRIC_REPRESENTATION_CONTEXT(2) 
PARAMETRIC_REPRESENTATION_CONTEXT() REPRESENTATION_CONTEXT('2D SPACE',''
  ) );
#7726 = PCURVE('',#7411,#7727);
#7727 = DEFINITIONAL_REPRESENTATION('',(#7728),#7732);
#7728 = LINE('',#7729,#7730);
#7729 = CARTESIAN_POINT('',(0.,0.));
#7730 = VECTOR('',#7731,1.);
#7731 = DIRECTION('',(1.,0.));
#7732 = ( GEOMETRIC_REPRESENTATION_CONTEXT(2) 
PARAMETRIC_REPRESENTATION_CONTEXT() REPRESENTATION_CONTEXT('2D SPACE',''
  ) );
#7733 = ADVANCED_FACE('',(#7734),#1668,.T.);
#7734 = FACE_BOUND('',#7735,.T.);
#7735 = EDGE_LOOP('',(#7736,#7767,#7835,#7836));
#7736 = ORIENTED_EDGE('',*,*,#7737,.T.);
#7737 = EDGE_CURVE('',#1603,#7738,#7740,.T.);
#7738 = VERTEX_POINT('',#7739);
#7739 = CARTESIAN_POINT('',(27.292722215594,-1.12009586837,
    69.101538048434));
#7740 = SURFACE_CURVE('',#7741,(#7746,#7760),.PCURVE_S1.);
#7741 = CIRCLE('',#7742,2.);
#7742 = AXIS2_PLACEMENT_3D('',#7743,#7744,#7745);
#7743 = CARTESIAN_POINT('',(25.760633329356,-1.12009586837,
    67.815962829061));
#7744 = DIRECTION('',(0.639411159614,0.102362373454,-0.762020546614));
#7745 = DIRECTION('',(1.679212324746E-15,0.991097993835,0.133134393062)
  );
#7746 = PCURVE('',#1668,#7747);
#7747 = DEFINITIONAL_REPRESENTATION('',(#7748),#7759);
#7748 = B_SPLINE_CURVE_WITH_KNOTS('',9,(#7749,#7750,#7751,#7752,#7753,
    #7754,#7755,#7756,#7757,#7758),.UNSPECIFIED.,.F.,.F.,(10,10),(0.,
    1.485114389505),.PIECEWISE_BEZIER_KNOTS.);
#7749 = CARTESIAN_POINT('',(0.,10.131044980626));
#7750 = CARTESIAN_POINT('',(0.419442685863,10.131044980626));
#7751 = CARTESIAN_POINT('',(0.808570005432,10.131044980627));
#7752 = CARTESIAN_POINT('',(1.17939627369,10.131044980625));
#7753 = CARTESIAN_POINT('',(1.540037382852,10.131044980629));
#7754 = CARTESIAN_POINT('',(1.897470989565,10.131044980624));
#7755 = CARTESIAN_POINT('',(2.258112098724,10.131044980628));
#7756 = CARTESIAN_POINT('',(2.628938366985,10.131044980626));
#7757 = CARTESIAN_POINT('',(3.018065686553,10.131044980627));
#7758 = CARTESIAN_POINT('',(3.437508372416,10.131044980626));
#7759 = ( GEOMETRIC_REPRESENTATION_CONTEXT(2) 
PARAMETRIC_REPRESENTATION_CONTEXT() REPRESENTATION_CONTEXT('2D SPACE',''
  ) );
#7760 = PCURVE('',#1618,#7761);
#7761 = DEFINITIONAL_REPRESENTATION('',(#7762),#7766);
#7762 = LINE('',#7763,#7764);
#7763 = CARTESIAN_POINT('',(0.,6.373724600205));
#7764 = VECTOR('',#7765,1.);
#7765 = DIRECTION('',(1.,0.));
#7766 = ( GEOMETRIC_REPRESENTATION_CONTEXT(2) 
PARAMETRIC_REPRESENTATION_CONTEXT() REPRESENTATION_CONTEXT('2D SPACE',''
  ) );
#7767 = ORIENTED_EDGE('',*,*,#7768,.T.);
#7768 = EDGE_CURVE('',#7738,#7517,#7769,.T.);
#7769 = SURFACE_CURVE('',#7770,(#7785,#7792),.PCURVE_S1.);
#7770 = ( BOUNDED_CURVE() B_SPLINE_CURVE(7,(#7771,#7772,#7773,#7774,
    #7775,#7776,#7777,#7778,#7779,#7780,#7781,#7782,#7783,#7784),
.UNSPECIFIED.,.F.,.F.) B_SPLINE_CURVE_WITH_KNOTS((8,6,8),(
    10.131044980626,10.320335202605,13.568553353042),.UNSPECIFIED.) 
CURVE() GEOMETRIC_REPRESENTATION_ITEM() RATIONAL_B_SPLINE_CURVE((1.,1.,
1.,1.,1.,1.,1.,1.,1.,1.,1.,1.,1.,1.)) REPRESENTATION_ITEM('') );
#7771 = CARTESIAN_POINT('',(27.292722215594,-1.12009586837,
    69.101538048434));
#7772 = CARTESIAN_POINT('',(27.309976358416,-1.118438554463,
    69.080975361739));
#7773 = CARTESIAN_POINT('',(27.32711198461,-1.116763994158,
    69.060293396565));
#7774 = CARTESIAN_POINT('',(27.344148613636,-1.115072053825,
    69.03946076044));
#7775 = CARTESIAN_POINT('',(27.361010093854,-1.11336327559,
    69.018593171534));
#7776 = CARTESIAN_POINT('',(27.377907839674,-1.1116390961,
    68.997378418762));
#7777 = CARTESIAN_POINT('',(27.394234770429,-1.109904989828,
    68.976650370465));
#7778 = CARTESIAN_POINT('',(27.703451392688,-1.077705530003,
    68.578550695237));
#7779 = CARTESIAN_POINT('',(27.957246118445,-1.044355545363,
    68.16542783593));
#7780 = CARTESIAN_POINT('',(28.161580189706,-1.008998005893,
    67.726494996054));
#7781 = CARTESIAN_POINT('',(28.313506897695,-0.972428302093,
    67.270920303206));
#7782 = CARTESIAN_POINT('',(28.412383935312,-0.935521647247,
    66.811431142179));
#7783 = CARTESIAN_POINT('',(28.4625,-0.898394760121,66.350839818335));
#7784 = CARTESIAN_POINT('',(28.4625,-0.861058501281,65.8876));
#7785 = PCURVE('',#1668,#7786);
#7786 = DEFINITIONAL_REPRESENTATION('',(#7787),#7791);
#7787 = LINE('',#7788,#7789);
#7788 = CARTESIAN_POINT('',(3.437508372416,0.));
#7789 = VECTOR('',#7790,1.);
#7790 = DIRECTION('',(0.,1.));
#7791 = ( GEOMETRIC_REPRESENTATION_CONTEXT(2) 
PARAMETRIC_REPRESENTATION_CONTEXT() REPRESENTATION_CONTEXT('2D SPACE',''
  ) );
#7792 = PCURVE('',#7793,#7798);
#7793 = CYLINDRICAL_SURFACE('',#7794,5.);
#7794 = AXIS2_PLACEMENT_3D('',#7795,#7796,#7797);
#7795 = CARTESIAN_POINT('',(23.4625,12.0076,65.8876));
#7796 = DIRECTION('',(-2.11E-15,1.,-1.44E-15));
#7797 = DIRECTION('',(1.,2.11E-15,-6.7E-16));
#7798 = DEFINITIONAL_REPRESENTATION('',(#7799),#7834);
#7799 = B_SPLINE_CURVE_WITH_KNOTS('',5,(#7800,#7801,#7802,#7803,#7804,
    #7805,#7806,#7807,#7808,#7809,#7810,#7811,#7812,#7813,#7814,#7815,
    #7816,#7817,#7818,#7819,#7820,#7821,#7822,#7823,#7824,#7825,#7826,
    #7827,#7828,#7829,#7830,#7831,#7832,#7833),.UNSPECIFIED.,.F.,.F.,(6,
    4,4,4,4,4,4,4,6),(10.131044980626,10.238467117264,10.292178185583,
    10.319033719743,10.345889253902,10.560733527178,10.99042207373,
    11.849799166834,13.568553353042),.UNSPECIFIED.);
#7800 = CARTESIAN_POINT('',(-0.698131700798,-13.12769586837));
#7801 = CARTESIAN_POINT('',(-0.693866401326,-13.12637913326));
#7802 = CARTESIAN_POINT('',(-0.689598482486,-13.12505064808));
#7803 = CARTESIAN_POINT('',(-0.685327160753,-13.12371058951));
#7804 = CARTESIAN_POINT('',(-0.68105347737,-13.12235929416));
#7805 = CARTESIAN_POINT('',(-0.674643708832,-13.1203162409));
#7806 = CARTESIAN_POINT('',(-0.672506575778,-13.11963245789));
#7807 = CARTESIAN_POINT('',(-0.67037085364,-13.11894598195));
#7808 = CARTESIAN_POINT('',(-0.668232841793,-13.11825640338));
#7809 = CARTESIAN_POINT('',(-0.665008355894,-13.11721604395));
#7810 = CARTESIAN_POINT('',(-0.663931030129,-13.11686828495));
#7811 = CARTESIAN_POINT('',(-0.662848595441,-13.11651935516));
#7812 = CARTESIAN_POINT('',(-0.661758440043,-13.11616905634));
#7813 = CARTESIAN_POINT('',(-0.659557464246,-13.11546532413));
#7814 = CARTESIAN_POINT('',(-0.658450193523,-13.11511232));
#7815 = CARTESIAN_POINT('',(-0.657351029361,-13.11475979449));
#7816 = CARTESIAN_POINT('',(-0.656246669001,-13.11440630568));
#7817 = CARTESIAN_POINT('',(-0.646317192564,-13.11122238426));
#7818 = CARTESIAN_POINT('',(-0.637481344819,-13.10836571078));
#7819 = CARTESIAN_POINT('',(-0.628637359431,-13.1054834252));
#7820 = CARTESIAN_POINT('',(-0.619786745225,-13.10257643649));
#7821 = CARTESIAN_POINT('',(-0.593219542622,-13.09378408799));
#7822 = CARTESIAN_POINT('',(-0.575487329751,-13.08782731939));
#7823 = CARTESIAN_POINT('',(-0.557745041388,-13.0817825255));
#7824 = CARTESIAN_POINT('',(-0.540001629907,-13.07565668621));
#7825 = CARTESIAN_POINT('',(-0.486789733432,-13.05705637839));
#7826 = CARTESIAN_POINT('',(-0.451339840448,-13.04435884053));
#7827 = CARTESIAN_POINT('',(-0.415973138963,-13.0314191798));
#7828 = CARTESIAN_POINT('',(-0.380729678574,-13.0182865362));
#7829 = CARTESIAN_POINT('',(-0.275433857776,-12.97843886757));
#7830 = CARTESIAN_POINT('',(-0.205812800488,-12.9512705431));
#7831 = CARTESIAN_POINT('',(-0.136950828579,-12.92384890558));
#7832 = CARTESIAN_POINT('',(-6.863292279952E-02,-12.89631692429));
#7833 = CARTESIAN_POINT('',(3.664E-14,-12.86865850128));
#7834 = ( GEOMETRIC_REPRESENTATION_CONTEXT(2) 
PARAMETRIC_REPRESENTATION_CONTEXT() REPRESENTATION_CONTEXT('2D SPACE',''
  ) );
#7835 = ORIENTED_EDGE('',*,*,#7516,.F.);
#7836 = ORIENTED_EDGE('',*,*,#1630,.F.);
#7837 = ADVANCED_FACE('',(#7838),#1618,.T.);
#7838 = FACE_BOUND('',#7839,.T.);
#7839 = EDGE_LOOP('',(#7840,#7865,#7891,#7892));
#7840 = ORIENTED_EDGE('',*,*,#7841,.T.);
#7841 = EDGE_CURVE('',#1575,#7842,#7844,.T.);
#7842 = VERTEX_POINT('',#7843);
#7843 = CARTESIAN_POINT('',(22.241215817001,-1.928783950681,
    75.121688946971));
#7844 = SURFACE_CURVE('',#7845,(#7852,#7858),.PCURVE_S1.);
#7845 = B_SPLINE_CURVE_WITH_KNOTS('',5,(#7846,#7847,#7848,#7849,#7850,
    #7851),.UNSPECIFIED.,.F.,.F.,(6,6),(0.,1.),
  .PIECEWISE_BEZIER_KNOTS.);
#7846 = CARTESIAN_POINT('',(20.709126930763,5.341203698901E-02,
    74.102382513721));
#7847 = CARTESIAN_POINT('',(21.165867913356,2.842337615278E-03,
    74.47884066586));
#7848 = CARTESIAN_POINT('',(21.622916893439,-0.265835006336,
    74.826258814769));
#7849 = CARTESIAN_POINT('',(21.994461787588,-0.746534791471,
    75.073449499492));
#7850 = CARTESIAN_POINT('',(22.202129230774,-1.33785861258,
    75.168270526529));
#7851 = CARTESIAN_POINT('',(22.241215817001,-1.928783950681,
    75.121688946971));
#7852 = PCURVE('',#1618,#7853);
#7853 = DEFINITIONAL_REPRESENTATION('',(#7854),#7857);
#7854 = B_SPLINE_CURVE_WITH_KNOTS('',1,(#7855,#7856),.UNSPECIFIED.,.F.,
  .F.,(2,2),(0.,1.),.PIECEWISE_BEZIER_KNOTS.);
#7855 = CARTESIAN_POINT('',(-2.554E-14,-1.526522873808));
#7856 = CARTESIAN_POINT('',(1.485114389505,-1.526522873808));
#7857 = ( GEOMETRIC_REPRESENTATION_CONTEXT(2) 
PARAMETRIC_REPRESENTATION_CONTEXT() REPRESENTATION_CONTEXT('2D SPACE',''
  ) );
#7858 = PCURVE('',#7600,#7859);
#7859 = DEFINITIONAL_REPRESENTATION('',(#7860),#7864);
#7860 = LINE('',#7861,#7862);
#7861 = CARTESIAN_POINT('',(1.,0.));
#7862 = VECTOR('',#7863,1.);
#7863 = DIRECTION('',(0.,1.));
#7864 = ( GEOMETRIC_REPRESENTATION_CONTEXT(2) 
PARAMETRIC_REPRESENTATION_CONTEXT() REPRESENTATION_CONTEXT('2D SPACE',''
  ) );
#7865 = ORIENTED_EDGE('',*,*,#7866,.T.);
#7866 = EDGE_CURVE('',#7842,#7738,#7867,.T.);
#7867 = SURFACE_CURVE('',#7868,(#7872,#7879),.PCURVE_S1.);
#7868 = LINE('',#7869,#7870);
#7869 = CARTESIAN_POINT('',(23.217291577919,-1.772525446187,
    73.958447152252));
#7870 = VECTOR('',#7871,1.);
#7871 = DIRECTION('',(0.639411159614,0.102362373454,-0.762020546614));
#7872 = PCURVE('',#1618,#7873);
#7873 = DEFINITIONAL_REPRESENTATION('',(#7874),#7878);
#7874 = LINE('',#7875,#7876);
#7875 = CARTESIAN_POINT('',(1.485114389505,0.));
#7876 = VECTOR('',#7877,1.);
#7877 = DIRECTION('',(0.,1.));
#7878 = ( GEOMETRIC_REPRESENTATION_CONTEXT(2) 
PARAMETRIC_REPRESENTATION_CONTEXT() REPRESENTATION_CONTEXT('2D SPACE',''
  ) );
#7879 = PCURVE('',#7880,#7885);
#7880 = PLANE('',#7881);
#7881 = AXIS2_PLACEMENT_3D('',#7882,#7883,#7884);
#7882 = CARTESIAN_POINT('',(27.292722215594,12.0076,69.101538048434));
#7883 = DIRECTION('',(-0.766044443119,1.52E-15,-0.642787609686));
#7884 = DIRECTION('',(-0.642787609686,-6.3E-16,0.766044443119));
#7885 = DEFINITIONAL_REPRESENTATION('',(#7886),#7890);
#7886 = LINE('',#7887,#7888);
#7887 = CARTESIAN_POINT('',(6.340244547748,-13.78012544618));
#7888 = VECTOR('',#7889,1.);
#7889 = DIRECTION('',(-0.994747176171,0.102362373454));
#7890 = ( GEOMETRIC_REPRESENTATION_CONTEXT(2) 
PARAMETRIC_REPRESENTATION_CONTEXT() REPRESENTATION_CONTEXT('2D SPACE',''
  ) );
#7891 = ORIENTED_EDGE('',*,*,#7737,.F.);
#7892 = ORIENTED_EDGE('',*,*,#1602,.F.);
#7893 = ADVANCED_FACE('',(#7894),#2307,.T.);
#7894 = FACE_BOUND('',#7895,.T.);
#7895 = EDGE_LOOP('',(#7896,#7897,#7898,#7920));
#7896 = ORIENTED_EDGE('',*,*,#2471,.F.);
#7897 = ORIENTED_EDGE('',*,*,#2292,.T.);
#7898 = ORIENTED_EDGE('',*,*,#7899,.T.);
#7899 = EDGE_CURVE('',#2270,#3419,#7900,.T.);
#7900 = SURFACE_CURVE('',#7901,(#7906,#7913),.PCURVE_S1.);
#7901 = CIRCLE('',#7902,1.);
#7902 = AXIS2_PLACEMENT_3D('',#7903,#7904,#7905);
#7903 = CARTESIAN_POINT('',(14.993545131644,-17.6,5.746017681246));
#7904 = DIRECTION('',(-5.079646375094E-02,-1.33E-15,-0.998709026329));
#7905 = DIRECTION('',(0.998709026329,-1.74E-15,-5.079646375094E-02));
#7906 = PCURVE('',#2307,#7907);
#7907 = DEFINITIONAL_REPRESENTATION('',(#7908),#7912);
#7908 = LINE('',#7909,#7910);
#7909 = CARTESIAN_POINT('',(1.519977992784,0.));
#7910 = VECTOR('',#7911,1.);
#7911 = DIRECTION('',(0.,1.));
#7912 = ( GEOMETRIC_REPRESENTATION_CONTEXT(2) 
PARAMETRIC_REPRESENTATION_CONTEXT() REPRESENTATION_CONTEXT('2D SPACE',''
  ) );
#7913 = PCURVE('',#3458,#7914);
#7914 = DEFINITIONAL_REPRESENTATION('',(#7915),#7919);
#7915 = LINE('',#7916,#7917);
#7916 = CARTESIAN_POINT('',(-0.,2.6338E-13));
#7917 = VECTOR('',#7918,1.);
#7918 = DIRECTION('',(-1.,0.));
#7919 = ( GEOMETRIC_REPRESENTATION_CONTEXT(2) 
PARAMETRIC_REPRESENTATION_CONTEXT() REPRESENTATION_CONTEXT('2D SPACE',''
  ) );
#7920 = ORIENTED_EDGE('',*,*,#3418,.F.);
#7921 = ADVANCED_FACE('',(#7922),#2544,.T.);
#7922 = FACE_BOUND('',#7923,.T.);
#7923 = EDGE_LOOP('',(#7924,#7925,#7946,#7947));
#7924 = ORIENTED_EDGE('',*,*,#4872,.F.);
#7925 = ORIENTED_EDGE('',*,*,#7926,.T.);
#7926 = EDGE_CURVE('',#4845,#5456,#7927,.T.);
#7927 = SURFACE_CURVE('',#7928,(#7932,#7939),.PCURVE_S1.);
#7928 = LINE('',#7929,#7930);
#7929 = CARTESIAN_POINT('',(-8.,31.9076,-3.321E-14));
#7930 = VECTOR('',#7931,1.);
#7931 = DIRECTION('',(1.,-6.7E-16,1.7E-16));
#7932 = PCURVE('',#2544,#7933);
#7933 = DEFINITIONAL_REPRESENTATION('',(#7934),#7938);
#7934 = LINE('',#7935,#7936);
#7935 = CARTESIAN_POINT('',(0.,-0.));
#7936 = VECTOR('',#7937,1.);
#7937 = DIRECTION('',(1.11E-15,-1.));
#7938 = ( GEOMETRIC_REPRESENTATION_CONTEXT(2) 
PARAMETRIC_REPRESENTATION_CONTEXT() REPRESENTATION_CONTEXT('2D SPACE',''
  ) );
#7939 = PCURVE('',#4860,#7940);
#7940 = DEFINITIONAL_REPRESENTATION('',(#7941),#7945);
#7941 = LINE('',#7942,#7943);
#7942 = CARTESIAN_POINT('',(0.,-0.));
#7943 = VECTOR('',#7944,1.);
#7944 = DIRECTION('',(-1.05E-15,-1.));
#7945 = ( GEOMETRIC_REPRESENTATION_CONTEXT(2) 
PARAMETRIC_REPRESENTATION_CONTEXT() REPRESENTATION_CONTEXT('2D SPACE',''
  ) );
#7946 = ORIENTED_EDGE('',*,*,#5478,.T.);
#7947 = ORIENTED_EDGE('',*,*,#2530,.T.);
#7948 = ADVANCED_FACE('',(#7949),#2601,.F.);
#7949 = FACE_BOUND('',#7950,.F.);
#7950 = EDGE_LOOP('',(#7951,#7952,#7975,#8003));
#7951 = ORIENTED_EDGE('',*,*,#2585,.T.);
#7952 = ORIENTED_EDGE('',*,*,#7953,.T.);
#7953 = EDGE_CURVE('',#2563,#7954,#7956,.T.);
#7954 = VERTEX_POINT('',#7955);
#7955 = CARTESIAN_POINT('',(-3.3,-4.,72.4876));
#7956 = SURFACE_CURVE('',#7957,(#7961,#7968),.PCURVE_S1.);
#7957 = LINE('',#7958,#7959);
#7958 = CARTESIAN_POINT('',(-3.3,-4.,7.24E-15));
#7959 = VECTOR('',#7960,1.);
#7960 = DIRECTION('',(-2.E-15,-1.E-15,1.));
#7961 = PCURVE('',#2601,#7962);
#7962 = DEFINITIONAL_REPRESENTATION('',(#7963),#7967);
#7963 = LINE('',#7964,#7965);
#7964 = CARTESIAN_POINT('',(0.,-0.));
#7965 = VECTOR('',#7966,1.);
#7966 = DIRECTION('',(-2.44E-15,-1.));
#7967 = ( GEOMETRIC_REPRESENTATION_CONTEXT(2) 
PARAMETRIC_REPRESENTATION_CONTEXT() REPRESENTATION_CONTEXT('2D SPACE',''
  ) );
#7968 = PCURVE('',#6426,#7969);
#7969 = DEFINITIONAL_REPRESENTATION('',(#7970),#7974);
#7970 = LINE('',#7971,#7972);
#7971 = CARTESIAN_POINT('',(72.4876,-26.8625));
#7972 = VECTOR('',#7973,1.);
#7973 = DIRECTION('',(-1.,-1.1E-16));
#7974 = ( GEOMETRIC_REPRESENTATION_CONTEXT(2) 
PARAMETRIC_REPRESENTATION_CONTEXT() REPRESENTATION_CONTEXT('2D SPACE',''
  ) );
#7975 = ORIENTED_EDGE('',*,*,#7976,.F.);
#7976 = EDGE_CURVE('',#7977,#7954,#7979,.T.);
#7977 = VERTEX_POINT('',#7978);
#7978 = CARTESIAN_POINT('',(3.3,-4.,72.4876));
#7979 = SURFACE_CURVE('',#7980,(#7984,#7991),.PCURVE_S1.);
#7980 = LINE('',#7981,#7982);
#7981 = CARTESIAN_POINT('',(23.5625,-4.,72.4876));
#7982 = VECTOR('',#7983,1.);
#7983 = DIRECTION('',(-1.,8.9E-16,6.E-17));
#7984 = PCURVE('',#2601,#7985);
#7985 = DEFINITIONAL_REPRESENTATION('',(#7986),#7990);
#7986 = LINE('',#7987,#7988);
#7987 = CARTESIAN_POINT('',(26.8625,-72.4876));
#7988 = VECTOR('',#7989,1.);
#7989 = DIRECTION('',(-1.,3.8E-16));
#7990 = ( GEOMETRIC_REPRESENTATION_CONTEXT(2) 
PARAMETRIC_REPRESENTATION_CONTEXT() REPRESENTATION_CONTEXT('2D SPACE',''
  ) );
#7991 = PCURVE('',#7992,#7997);
#7992 = PLANE('',#7993);
#7993 = AXIS2_PLACEMENT_3D('',#7994,#7995,#7996);
#7994 = CARTESIAN_POINT('',(-3.3,-4.,7.24E-15));
#7995 = DIRECTION('',(-1.44E-15,1.,-1.22E-15));
#7996 = DIRECTION('',(1.,1.44E-15,-4.4E-16));
#7997 = DEFINITIONAL_REPRESENTATION('',(#7998),#8002);
#7998 = LINE('',#7999,#8000);
#7999 = CARTESIAN_POINT('',(26.8625,-72.4876));
#8000 = VECTOR('',#8001,1.);
#8001 = DIRECTION('',(-1.,3.8E-16));
#8002 = ( GEOMETRIC_REPRESENTATION_CONTEXT(2) 
PARAMETRIC_REPRESENTATION_CONTEXT() REPRESENTATION_CONTEXT('2D SPACE',''
  ) );
#8003 = ORIENTED_EDGE('',*,*,#8004,.F.);
#8004 = EDGE_CURVE('',#2586,#7977,#8005,.T.);
#8005 = SURFACE_CURVE('',#8006,(#8010,#8017),.PCURVE_S1.);
#8006 = LINE('',#8007,#8008);
#8007 = CARTESIAN_POINT('',(3.3,-4.,4.31E-15));
#8008 = VECTOR('',#8009,1.);
#8009 = DIRECTION('',(-2.E-15,-1.E-15,1.));
#8010 = PCURVE('',#2601,#8011);
#8011 = DEFINITIONAL_REPRESENTATION('',(#8012),#8016);
#8012 = LINE('',#8013,#8014);
#8013 = CARTESIAN_POINT('',(6.6,2.600000000001E-17));
#8014 = VECTOR('',#8015,1.);
#8015 = DIRECTION('',(-2.44E-15,-1.));
#8016 = ( GEOMETRIC_REPRESENTATION_CONTEXT(2) 
PARAMETRIC_REPRESENTATION_CONTEXT() REPRESENTATION_CONTEXT('2D SPACE',''
  ) );
#8017 = PCURVE('',#6725,#8018);
#8018 = DEFINITIONAL_REPRESENTATION('',(#8019),#8023);
#8019 = LINE('',#8020,#8021);
#8020 = CARTESIAN_POINT('',(72.4876,-20.2625));
#8021 = VECTOR('',#8022,1.);
#8022 = DIRECTION('',(-1.,-1.1E-16));
#8023 = ( GEOMETRIC_REPRESENTATION_CONTEXT(2) 
PARAMETRIC_REPRESENTATION_CONTEXT() REPRESENTATION_CONTEXT('2D SPACE',''
  ) );
#8024 = ADVANCED_FACE('',(#8025),#2656,.T.);
#8025 = FACE_BOUND('',#8026,.T.);
#8026 = EDGE_LOOP('',(#8027,#8028,#8049,#8050,#8071));
#8027 = ORIENTED_EDGE('',*,*,#2639,.T.);
#8028 = ORIENTED_EDGE('',*,*,#8029,.T.);
#8029 = EDGE_CURVE('',#2563,#6388,#8030,.T.);
#8030 = SURFACE_CURVE('',#8031,(#8035,#8042),.PCURVE_S1.);
#8031 = LINE('',#8032,#8033);
#8032 = CARTESIAN_POINT('',(23.5625,-4.,56.2376));
#8033 = VECTOR('',#8034,1.);
#8034 = DIRECTION('',(-1.,8.9E-16,6.E-17));
#8035 = PCURVE('',#2656,#8036);
#8036 = DEFINITIONAL_REPRESENTATION('',(#8037),#8041);
#8037 = LINE('',#8038,#8039);
#8038 = CARTESIAN_POINT('',(0.,0.));
#8039 = VECTOR('',#8040,1.);
#8040 = DIRECTION('',(-2.E-15,-1.));
#8041 = ( GEOMETRIC_REPRESENTATION_CONTEXT(2) 
PARAMETRIC_REPRESENTATION_CONTEXT() REPRESENTATION_CONTEXT('2D SPACE',''
  ) );
#8042 = PCURVE('',#6426,#8043);
#8043 = DEFINITIONAL_REPRESENTATION('',(#8044),#8048);
#8044 = LINE('',#8045,#8046);
#8045 = CARTESIAN_POINT('',(16.25,1.261923109205E-15));
#8046 = VECTOR('',#8047,1.);
#8047 = DIRECTION('',(-1.95E-15,-1.));
#8048 = ( GEOMETRIC_REPRESENTATION_CONTEXT(2) 
PARAMETRIC_REPRESENTATION_CONTEXT() REPRESENTATION_CONTEXT('2D SPACE',''
  ) );
#8049 = ORIENTED_EDGE('',*,*,#6387,.F.);
#8050 = ORIENTED_EDGE('',*,*,#8051,.F.);
#8051 = EDGE_CURVE('',#2920,#6365,#8052,.T.);
#8052 = SURFACE_CURVE('',#8053,(#8057,#8064),.PCURVE_S1.);
#8053 = LINE('',#8054,#8055);
#8054 = CARTESIAN_POINT('',(23.5625,-9.1625,56.2376));
#8055 = VECTOR('',#8056,1.);
#8056 = DIRECTION('',(-1.,8.9E-16,6.E-17));
#8057 = PCURVE('',#2656,#8058);
#8058 = DEFINITIONAL_REPRESENTATION('',(#8059),#8063);
#8059 = LINE('',#8060,#8061);
#8060 = CARTESIAN_POINT('',(5.1625,-2.1776613212E-15));
#8061 = VECTOR('',#8062,1.);
#8062 = DIRECTION('',(-2.E-15,-1.));
#8063 = ( GEOMETRIC_REPRESENTATION_CONTEXT(2) 
PARAMETRIC_REPRESENTATION_CONTEXT() REPRESENTATION_CONTEXT('2D SPACE',''
  ) );
#8064 = PCURVE('',#2935,#8065);
#8065 = DEFINITIONAL_REPRESENTATION('',(#8066),#8070);
#8066 = LINE('',#8067,#8068);
#8067 = CARTESIAN_POINT('',(0.,0.));
#8068 = VECTOR('',#8069,1.);
#8069 = DIRECTION('',(1.95E-15,-1.));
#8070 = ( GEOMETRIC_REPRESENTATION_CONTEXT(2) 
PARAMETRIC_REPRESENTATION_CONTEXT() REPRESENTATION_CONTEXT('2D SPACE',''
  ) );
#8071 = ORIENTED_EDGE('',*,*,#2947,.T.);
#8072 = ADVANCED_FACE('',(#8073),#2735,.T.);
#8073 = FACE_BOUND('',#8074,.T.);
#8074 = EDGE_LOOP('',(#8075,#8096,#8097,#8098,#8119));
#8075 = ORIENTED_EDGE('',*,*,#8076,.T.);
#8076 = EDGE_CURVE('',#6687,#2586,#8077,.T.);
#8077 = SURFACE_CURVE('',#8078,(#8082,#8089),.PCURVE_S1.);
#8078 = LINE('',#8079,#8080);
#8079 = CARTESIAN_POINT('',(23.5625,-4.,56.2376));
#8080 = VECTOR('',#8081,1.);
#8081 = DIRECTION('',(-1.,8.9E-16,6.E-17));
#8082 = PCURVE('',#2735,#8083);
#8083 = DEFINITIONAL_REPRESENTATION('',(#8084),#8088);
#8084 = LINE('',#8085,#8086);
#8085 = CARTESIAN_POINT('',(0.,0.));
#8086 = VECTOR('',#8087,1.);
#8087 = DIRECTION('',(-2.E-15,-1.));
#8088 = ( GEOMETRIC_REPRESENTATION_CONTEXT(2) 
PARAMETRIC_REPRESENTATION_CONTEXT() REPRESENTATION_CONTEXT('2D SPACE',''
  ) );
#8089 = PCURVE('',#6725,#8090);
#8090 = DEFINITIONAL_REPRESENTATION('',(#8091),#8095);
#8091 = LINE('',#8092,#8093);
#8092 = CARTESIAN_POINT('',(16.25,1.261923109205E-15));
#8093 = VECTOR('',#8094,1.);
#8094 = DIRECTION('',(-1.95E-15,-1.));
#8095 = ( GEOMETRIC_REPRESENTATION_CONTEXT(2) 
PARAMETRIC_REPRESENTATION_CONTEXT() REPRESENTATION_CONTEXT('2D SPACE',''
  ) );
#8096 = ORIENTED_EDGE('',*,*,#2720,.T.);
#8097 = ORIENTED_EDGE('',*,*,#2974,.T.);
#8098 = ORIENTED_EDGE('',*,*,#8099,.F.);
#8099 = EDGE_CURVE('',#6664,#2975,#8100,.T.);
#8100 = SURFACE_CURVE('',#8101,(#8105,#8112),.PCURVE_S1.);
#8101 = LINE('',#8102,#8103);
#8102 = CARTESIAN_POINT('',(23.5625,-9.1625,56.2376));
#8103 = VECTOR('',#8104,1.);
#8104 = DIRECTION('',(-1.,8.9E-16,6.E-17));
#8105 = PCURVE('',#2735,#8106);
#8106 = DEFINITIONAL_REPRESENTATION('',(#8107),#8111);
#8107 = LINE('',#8108,#8109);
#8108 = CARTESIAN_POINT('',(5.1625,-2.1776613212E-15));
#8109 = VECTOR('',#8110,1.);
#8110 = DIRECTION('',(-2.E-15,-1.));
#8111 = ( GEOMETRIC_REPRESENTATION_CONTEXT(2) 
PARAMETRIC_REPRESENTATION_CONTEXT() REPRESENTATION_CONTEXT('2D SPACE',''
  ) );
#8112 = PCURVE('',#3013,#8113);
#8113 = DEFINITIONAL_REPRESENTATION('',(#8114),#8118);
#8114 = LINE('',#8115,#8116);
#8115 = CARTESIAN_POINT('',(0.,0.));
#8116 = VECTOR('',#8117,1.);
#8117 = DIRECTION('',(1.95E-15,-1.));
#8118 = ( GEOMETRIC_REPRESENTATION_CONTEXT(2) 
PARAMETRIC_REPRESENTATION_CONTEXT() REPRESENTATION_CONTEXT('2D SPACE',''
  ) );
#8119 = ORIENTED_EDGE('',*,*,#6686,.T.);
#8120 = ADVANCED_FACE('',(#8121),#2935,.T.);
#8121 = FACE_BOUND('',#8122,.T.);
#8122 = EDGE_LOOP('',(#8123,#8124,#8125,#8126));
#8123 = ORIENTED_EDGE('',*,*,#2919,.T.);
#8124 = ORIENTED_EDGE('',*,*,#8051,.T.);
#8125 = ORIENTED_EDGE('',*,*,#6364,.F.);
#8126 = ORIENTED_EDGE('',*,*,#8127,.F.);
#8127 = EDGE_CURVE('',#2892,#6342,#8128,.T.);
#8128 = SURFACE_CURVE('',#8129,(#8133,#8140),.PCURVE_S1.);
#8129 = LINE('',#8130,#8131);
#8130 = CARTESIAN_POINT('',(23.5625,-9.1625,62.8376));
#8131 = VECTOR('',#8132,1.);
#8132 = DIRECTION('',(-1.,8.9E-16,6.E-17));
#8133 = PCURVE('',#2935,#8134);
#8134 = DEFINITIONAL_REPRESENTATION('',(#8135),#8139);
#8135 = LINE('',#8136,#8137);
#8136 = CARTESIAN_POINT('',(6.6,1.815858963599E-15));
#8137 = VECTOR('',#8138,1.);
#8138 = DIRECTION('',(1.95E-15,-1.));
#8139 = ( GEOMETRIC_REPRESENTATION_CONTEXT(2) 
PARAMETRIC_REPRESENTATION_CONTEXT() REPRESENTATION_CONTEXT('2D SPACE',''
  ) );
#8140 = PCURVE('',#2907,#8141);
#8141 = DEFINITIONAL_REPRESENTATION('',(#8142),#8146);
#8142 = LINE('',#8143,#8144);
#8143 = CARTESIAN_POINT('',(3.05,1.340927357601E-15));
#8144 = VECTOR('',#8145,1.);
#8145 = DIRECTION('',(-1.95E-15,-1.));
#8146 = ( GEOMETRIC_REPRESENTATION_CONTEXT(2) 
PARAMETRIC_REPRESENTATION_CONTEXT() REPRESENTATION_CONTEXT('2D SPACE',''
  ) );
#8147 = ADVANCED_FACE('',(#8148),#2907,.F.);
#8148 = FACE_BOUND('',#8149,.F.);
#8149 = EDGE_LOOP('',(#8150,#8151,#8172,#8173));
#8150 = ORIENTED_EDGE('',*,*,#2891,.T.);
#8151 = ORIENTED_EDGE('',*,*,#8152,.T.);
#8152 = EDGE_CURVE('',#2864,#6319,#8153,.T.);
#8153 = SURFACE_CURVE('',#8154,(#8158,#8165),.PCURVE_S1.);
#8154 = LINE('',#8155,#8156);
#8155 = CARTESIAN_POINT('',(23.5625,-9.1625,65.8876));
#8156 = VECTOR('',#8157,1.);
#8157 = DIRECTION('',(-1.,8.9E-16,6.E-17));
#8158 = PCURVE('',#2907,#8159);
#8159 = DEFINITIONAL_REPRESENTATION('',(#8160),#8164);
#8160 = LINE('',#8161,#8162);
#8161 = CARTESIAN_POINT('',(0.,0.));
#8162 = VECTOR('',#8163,1.);
#8163 = DIRECTION('',(-1.95E-15,-1.));
#8164 = ( GEOMETRIC_REPRESENTATION_CONTEXT(2) 
PARAMETRIC_REPRESENTATION_CONTEXT() REPRESENTATION_CONTEXT('2D SPACE',''
  ) );
#8165 = PCURVE('',#2879,#8166);
#8166 = DEFINITIONAL_REPRESENTATION('',(#8167),#8171);
#8167 = LINE('',#8168,#8169);
#8168 = CARTESIAN_POINT('',(6.6,1.736854715202E-15));
#8169 = VECTOR('',#8170,1.);
#8170 = DIRECTION('',(-1.95E-15,-1.));
#8171 = ( GEOMETRIC_REPRESENTATION_CONTEXT(2) 
PARAMETRIC_REPRESENTATION_CONTEXT() REPRESENTATION_CONTEXT('2D SPACE',''
  ) );
#8172 = ORIENTED_EDGE('',*,*,#6341,.F.);
#8173 = ORIENTED_EDGE('',*,*,#8127,.F.);
#8174 = ADVANCED_FACE('',(#8175),#2879,.F.);
#8175 = FACE_BOUND('',#8176,.F.);
#8176 = EDGE_LOOP('',(#8177,#8178,#8201,#8224,#8252,#8273));
#8177 = ORIENTED_EDGE('',*,*,#2863,.T.);
#8178 = ORIENTED_EDGE('',*,*,#8179,.T.);
#8179 = EDGE_CURVE('',#2836,#8180,#8182,.T.);
#8180 = VERTEX_POINT('',#8181);
#8181 = CARTESIAN_POINT('',(-23.5625,-9.1625,72.4876));
#8182 = SURFACE_CURVE('',#8183,(#8187,#8194),.PCURVE_S1.);
#8183 = LINE('',#8184,#8185);
#8184 = CARTESIAN_POINT('',(23.5625,-9.1625,72.4876));
#8185 = VECTOR('',#8186,1.);
#8186 = DIRECTION('',(-1.,8.9E-16,6.E-17));
#8187 = PCURVE('',#2879,#8188);
#8188 = DEFINITIONAL_REPRESENTATION('',(#8189),#8193);
#8189 = LINE('',#8190,#8191);
#8190 = CARTESIAN_POINT('',(0.,0.));
#8191 = VECTOR('',#8192,1.);
#8192 = DIRECTION('',(-1.95E-15,-1.));
#8193 = ( GEOMETRIC_REPRESENTATION_CONTEXT(2) 
PARAMETRIC_REPRESENTATION_CONTEXT() REPRESENTATION_CONTEXT('2D SPACE',''
  ) );
#8194 = PCURVE('',#2851,#8195);
#8195 = DEFINITIONAL_REPRESENTATION('',(#8196),#8200);
#8196 = LINE('',#8197,#8198);
#8197 = CARTESIAN_POINT('',(0.,0.));
#8198 = VECTOR('',#8199,1.);
#8199 = DIRECTION('',(2.E-15,-1.));
#8200 = ( GEOMETRIC_REPRESENTATION_CONTEXT(2) 
PARAMETRIC_REPRESENTATION_CONTEXT() REPRESENTATION_CONTEXT('2D SPACE',''
  ) );
#8201 = ORIENTED_EDGE('',*,*,#8202,.T.);
#8202 = EDGE_CURVE('',#8180,#8203,#8205,.T.);
#8203 = VERTEX_POINT('',#8204);
#8204 = CARTESIAN_POINT('',(-23.5625,-9.1625,65.8876));
#8205 = SURFACE_CURVE('',#8206,(#8210,#8217),.PCURVE_S1.);
#8206 = LINE('',#8207,#8208);
#8207 = CARTESIAN_POINT('',(-23.5625,-9.1625,72.4876));
#8208 = VECTOR('',#8209,1.);
#8209 = DIRECTION('',(1.67E-15,1.E-15,-1.));
#8210 = PCURVE('',#2879,#8211);
#8211 = DEFINITIONAL_REPRESENTATION('',(#8212),#8216);
#8212 = LINE('',#8213,#8214);
#8213 = CARTESIAN_POINT('',(-1.743313782912E-13,-47.125));
#8214 = VECTOR('',#8215,1.);
#8215 = DIRECTION('',(1.,-2.2E-16));
#8216 = ( GEOMETRIC_REPRESENTATION_CONTEXT(2) 
PARAMETRIC_REPRESENTATION_CONTEXT() REPRESENTATION_CONTEXT('2D SPACE',''
  ) );
#8217 = PCURVE('',#6857,#8218);
#8218 = DEFINITIONAL_REPRESENTATION('',(#8219),#8223);
#8219 = LINE('',#8220,#8221);
#8220 = CARTESIAN_POINT('',(-8.125,2.58125));
#8221 = VECTOR('',#8222,1.);
#8222 = DIRECTION('',(1.,-1.774937036747E-30));
#8223 = ( GEOMETRIC_REPRESENTATION_CONTEXT(2) 
PARAMETRIC_REPRESENTATION_CONTEXT() REPRESENTATION_CONTEXT('2D SPACE',''
  ) );
#8224 = ORIENTED_EDGE('',*,*,#8225,.F.);
#8225 = EDGE_CURVE('',#8226,#8203,#8228,.T.);
#8226 = VERTEX_POINT('',#8227);
#8227 = CARTESIAN_POINT('',(-23.4625,-9.1625,65.8876));
#8228 = SURFACE_CURVE('',#8229,(#8233,#8240),.PCURVE_S1.);
#8229 = LINE('',#8230,#8231);
#8230 = CARTESIAN_POINT('',(23.5625,-9.1625,65.8876));
#8231 = VECTOR('',#8232,1.);
#8232 = DIRECTION('',(-1.,8.9E-16,6.E-17));
#8233 = PCURVE('',#2879,#8234);
#8234 = DEFINITIONAL_REPRESENTATION('',(#8235),#8239);
#8235 = LINE('',#8236,#8237);
#8236 = CARTESIAN_POINT('',(6.6,1.736854715202E-15));
#8237 = VECTOR('',#8238,1.);
#8238 = DIRECTION('',(-1.95E-15,-1.));
#8239 = ( GEOMETRIC_REPRESENTATION_CONTEXT(2) 
PARAMETRIC_REPRESENTATION_CONTEXT() REPRESENTATION_CONTEXT('2D SPACE',''
  ) );
#8240 = PCURVE('',#8241,#8246);
#8241 = PLANE('',#8242);
#8242 = AXIS2_PLACEMENT_3D('',#8243,#8244,#8245);
#8243 = CARTESIAN_POINT('',(23.5625,-9.1625,65.8876));
#8244 = DIRECTION('',(8.9E-16,-1.,1.22E-15));
#8245 = DIRECTION('',(1.89E-15,-1.22E-15,-1.));
#8246 = DEFINITIONAL_REPRESENTATION('',(#8247),#8251);
#8247 = LINE('',#8248,#8249);
#8248 = CARTESIAN_POINT('',(0.,0.));
#8249 = VECTOR('',#8250,1.);
#8250 = DIRECTION('',(-1.95E-15,-1.));
#8251 = ( GEOMETRIC_REPRESENTATION_CONTEXT(2) 
PARAMETRIC_REPRESENTATION_CONTEXT() REPRESENTATION_CONTEXT('2D SPACE',''
  ) );
#8252 = ORIENTED_EDGE('',*,*,#8253,.F.);
#8253 = EDGE_CURVE('',#6319,#8226,#8254,.T.);
#8254 = SURFACE_CURVE('',#8255,(#8259,#8266),.PCURVE_S1.);
#8255 = LINE('',#8256,#8257);
#8256 = CARTESIAN_POINT('',(23.5625,-9.1625,65.8876));
#8257 = VECTOR('',#8258,1.);
#8258 = DIRECTION('',(-1.,8.9E-16,6.E-17));
#8259 = PCURVE('',#2879,#8260);
#8260 = DEFINITIONAL_REPRESENTATION('',(#8261),#8265);
#8261 = LINE('',#8262,#8263);
#8262 = CARTESIAN_POINT('',(6.6,1.736854715202E-15));
#8263 = VECTOR('',#8264,1.);
#8264 = DIRECTION('',(-1.95E-15,-1.));
#8265 = ( GEOMETRIC_REPRESENTATION_CONTEXT(2) 
PARAMETRIC_REPRESENTATION_CONTEXT() REPRESENTATION_CONTEXT('2D SPACE',''
  ) );
#8266 = PCURVE('',#4536,#8267);
#8267 = DEFINITIONAL_REPRESENTATION('',(#8268),#8272);
#8268 = LINE('',#8269,#8270);
#8269 = CARTESIAN_POINT('',(42.0625,-21.1701));
#8270 = VECTOR('',#8271,1.);
#8271 = DIRECTION('',(-1.,-6.6E-16));
#8272 = ( GEOMETRIC_REPRESENTATION_CONTEXT(2) 
PARAMETRIC_REPRESENTATION_CONTEXT() REPRESENTATION_CONTEXT('2D SPACE',''
  ) );
#8273 = ORIENTED_EDGE('',*,*,#8152,.F.);
#8274 = ADVANCED_FACE('',(#8275),#2851,.T.);
#8275 = FACE_BOUND('',#8276,.T.);
#8276 = EDGE_LOOP('',(#8277,#8278,#8279,#8302,#8323));
#8277 = ORIENTED_EDGE('',*,*,#2835,.T.);
#8278 = ORIENTED_EDGE('',*,*,#8179,.T.);
#8279 = ORIENTED_EDGE('',*,*,#8280,.T.);
#8280 = EDGE_CURVE('',#8180,#8281,#8283,.T.);
#8281 = VERTEX_POINT('',#8282);
#8282 = CARTESIAN_POINT('',(-23.5625,-4.,72.4876));
#8283 = SURFACE_CURVE('',#8284,(#8288,#8295),.PCURVE_S1.);
#8284 = LINE('',#8285,#8286);
#8285 = CARTESIAN_POINT('',(-23.5625,-9.1625,72.4876));
#8286 = VECTOR('',#8287,1.);
#8287 = DIRECTION('',(-1.55E-15,1.,-1.22E-15));
#8288 = PCURVE('',#2851,#8289);
#8289 = DEFINITIONAL_REPRESENTATION('',(#8290),#8294);
#8290 = LINE('',#8291,#8292);
#8291 = CARTESIAN_POINT('',(2.5663397409E-14,-47.125));
#8292 = VECTOR('',#8293,1.);
#8293 = DIRECTION('',(1.,-4.4E-16));
#8294 = ( GEOMETRIC_REPRESENTATION_CONTEXT(2) 
PARAMETRIC_REPRESENTATION_CONTEXT() REPRESENTATION_CONTEXT('2D SPACE',''
  ) );
#8295 = PCURVE('',#6857,#8296);
#8296 = DEFINITIONAL_REPRESENTATION('',(#8297),#8301);
#8297 = LINE('',#8298,#8299);
#8298 = CARTESIAN_POINT('',(-8.125,2.58125));
#8299 = VECTOR('',#8300,1.);
#8300 = DIRECTION('',(2.22E-15,-1.));
#8301 = ( GEOMETRIC_REPRESENTATION_CONTEXT(2) 
PARAMETRIC_REPRESENTATION_CONTEXT() REPRESENTATION_CONTEXT('2D SPACE',''
  ) );
#8302 = ORIENTED_EDGE('',*,*,#8303,.F.);
#8303 = EDGE_CURVE('',#7954,#8281,#8304,.T.);
#8304 = SURFACE_CURVE('',#8305,(#8309,#8316),.PCURVE_S1.);
#8305 = LINE('',#8306,#8307);
#8306 = CARTESIAN_POINT('',(23.5625,-4.,72.4876));
#8307 = VECTOR('',#8308,1.);
#8308 = DIRECTION('',(-1.,8.9E-16,6.E-17));
#8309 = PCURVE('',#2851,#8310);
#8310 = DEFINITIONAL_REPRESENTATION('',(#8311),#8315);
#8311 = LINE('',#8312,#8313);
#8312 = CARTESIAN_POINT('',(5.1625,2.1776613212E-15));
#8313 = VECTOR('',#8314,1.);
#8314 = DIRECTION('',(2.E-15,-1.));
#8315 = ( GEOMETRIC_REPRESENTATION_CONTEXT(2) 
PARAMETRIC_REPRESENTATION_CONTEXT() REPRESENTATION_CONTEXT('2D SPACE',''
  ) );
#8316 = PCURVE('',#6426,#8317);
#8317 = DEFINITIONAL_REPRESENTATION('',(#8318),#8322);
#8318 = LINE('',#8319,#8320);
#8319 = CARTESIAN_POINT('',(0.,0.));
#8320 = VECTOR('',#8321,1.);
#8321 = DIRECTION('',(-1.95E-15,-1.));
#8322 = ( GEOMETRIC_REPRESENTATION_CONTEXT(2) 
PARAMETRIC_REPRESENTATION_CONTEXT() REPRESENTATION_CONTEXT('2D SPACE',''
  ) );
#8323 = ORIENTED_EDGE('',*,*,#8324,.F.);
#8324 = EDGE_CURVE('',#2808,#7954,#8325,.T.);
#8325 = SURFACE_CURVE('',#8326,(#8331,#8338),.PCURVE_S1.);
#8326 = CIRCLE('',#8327,2.);
#8327 = AXIS2_PLACEMENT_3D('',#8328,#8329,#8330);
#8328 = CARTESIAN_POINT('',(-3.3,-6.,72.4876));
#8329 = DIRECTION('',(0.,-1.33E-15,-1.));
#8330 = DIRECTION('',(1.,-8.9E-16,1.1837E-30));
#8331 = PCURVE('',#2851,#8332);
#8332 = DEFINITIONAL_REPRESENTATION('',(#8333),#8337);
#8333 = CIRCLE('',#8334,2.);
#8334 = AXIS2_PLACEMENT_2D('',#8335,#8336);
#8335 = CARTESIAN_POINT('',(3.1625,-26.8625));
#8336 = DIRECTION('',(-2.E-15,1.));
#8337 = ( GEOMETRIC_REPRESENTATION_CONTEXT(2) 
PARAMETRIC_REPRESENTATION_CONTEXT() REPRESENTATION_CONTEXT('2D SPACE',''
  ) );
#8338 = PCURVE('',#2823,#8339);
#8339 = DEFINITIONAL_REPRESENTATION('',(#8340),#8344);
#8340 = LINE('',#8341,#8342);
#8341 = CARTESIAN_POINT('',(-6.28318530718,-72.4876));
#8342 = VECTOR('',#8343,1.);
#8343 = DIRECTION('',(1.,-0.));
#8344 = ( GEOMETRIC_REPRESENTATION_CONTEXT(2) 
PARAMETRIC_REPRESENTATION_CONTEXT() REPRESENTATION_CONTEXT('2D SPACE',''
  ) );
#8345 = ADVANCED_FACE('',(#8346),#2823,.F.);
#8346 = FACE_BOUND('',#8347,.T.);
#8347 = EDGE_LOOP('',(#8348,#8349,#8350,#8373,#8402,#8430,#8463,#8491));
#8348 = ORIENTED_EDGE('',*,*,#2807,.F.);
#8349 = ORIENTED_EDGE('',*,*,#8324,.T.);
#8350 = ORIENTED_EDGE('',*,*,#8351,.T.);
#8351 = EDGE_CURVE('',#7954,#8352,#8354,.T.);
#8352 = VERTEX_POINT('',#8353);
#8353 = CARTESIAN_POINT('',(-3.3,-4.,90.8876));
#8354 = SURFACE_CURVE('',#8355,(#8359,#8366),.PCURVE_S1.);
#8355 = LINE('',#8356,#8357);
#8356 = CARTESIAN_POINT('',(-3.3,-4.,7.24E-15));
#8357 = VECTOR('',#8358,1.);
#8358 = DIRECTION('',(-2.E-15,-1.E-15,1.));
#8359 = PCURVE('',#2823,#8360);
#8360 = DEFINITIONAL_REPRESENTATION('',(#8361),#8365);
#8361 = LINE('',#8362,#8363);
#8362 = CARTESIAN_POINT('',(-1.570796326795,0.));
#8363 = VECTOR('',#8364,1.);
#8364 = DIRECTION('',(-0.,-1.));
#8365 = ( GEOMETRIC_REPRESENTATION_CONTEXT(2) 
PARAMETRIC_REPRESENTATION_CONTEXT() REPRESENTATION_CONTEXT('2D SPACE',''
  ) );
#8366 = PCURVE('',#7992,#8367);
#8367 = DEFINITIONAL_REPRESENTATION('',(#8368),#8372);
#8368 = LINE('',#8369,#8370);
#8369 = CARTESIAN_POINT('',(0.,-0.));
#8370 = VECTOR('',#8371,1.);
#8371 = DIRECTION('',(-2.44E-15,-1.));
#8372 = ( GEOMETRIC_REPRESENTATION_CONTEXT(2) 
PARAMETRIC_REPRESENTATION_CONTEXT() REPRESENTATION_CONTEXT('2D SPACE',''
  ) );
#8373 = ORIENTED_EDGE('',*,*,#8374,.F.);
#8374 = EDGE_CURVE('',#8375,#8352,#8377,.T.);
#8375 = VERTEX_POINT('',#8376);
#8376 = CARTESIAN_POINT('',(-5.,-4.946434624714,90.8876));
#8377 = SURFACE_CURVE('',#8378,(#8383,#8390),.PCURVE_S1.);
#8378 = CIRCLE('',#8379,2.);
#8379 = AXIS2_PLACEMENT_3D('',#8380,#8381,#8382);
#8380 = CARTESIAN_POINT('',(-3.3,-6.,90.8876));
#8381 = DIRECTION('',(1.78E-15,-8.9E-16,-1.));
#8382 = DIRECTION('',(1.,-1.33E-15,1.78E-15));
#8383 = PCURVE('',#2823,#8384);
#8384 = DEFINITIONAL_REPRESENTATION('',(#8385),#8389);
#8385 = LINE('',#8386,#8387);
#8386 = CARTESIAN_POINT('',(-6.28318530718,-90.8876));
#8387 = VECTOR('',#8388,1.);
#8388 = DIRECTION('',(1.,-0.));
#8389 = ( GEOMETRIC_REPRESENTATION_CONTEXT(2) 
PARAMETRIC_REPRESENTATION_CONTEXT() REPRESENTATION_CONTEXT('2D SPACE',''
  ) );
#8390 = PCURVE('',#8391,#8396);
#8391 = PLANE('',#8392);
#8392 = AXIS2_PLACEMENT_3D('',#8393,#8394,#8395);
#8393 = CARTESIAN_POINT('',(-5.,-11.175,90.8876));
#8394 = DIRECTION('',(1.1E-16,-1.1E-16,-1.));
#8395 = DIRECTION('',(1.,-2.2E-16,1.1E-16));
#8396 = DEFINITIONAL_REPRESENTATION('',(#8397),#8401);
#8397 = CIRCLE('',#8398,2.);
#8398 = AXIS2_PLACEMENT_2D('',#8399,#8400);
#8399 = CARTESIAN_POINT('',(1.7,-5.175));
#8400 = DIRECTION('',(1.,1.11E-15));
#8401 = ( GEOMETRIC_REPRESENTATION_CONTEXT(2) 
PARAMETRIC_REPRESENTATION_CONTEXT() REPRESENTATION_CONTEXT('2D SPACE',''
  ) );
#8402 = ORIENTED_EDGE('',*,*,#8403,.F.);
#8403 = EDGE_CURVE('',#8404,#8375,#8406,.T.);
#8404 = VERTEX_POINT('',#8405);
#8405 = CARTESIAN_POINT('',(-5.,-4.946434624714,100.8876));
#8406 = SURFACE_CURVE('',#8407,(#8411,#8418),.PCURVE_S1.);
#8407 = LINE('',#8408,#8409);
#8408 = CARTESIAN_POINT('',(-5.,-4.946434624715,8.29E-15));
#8409 = VECTOR('',#8410,1.);
#8410 = DIRECTION('',(1.78E-15,-8.9E-16,-1.));
#8411 = PCURVE('',#2823,#8412);
#8412 = DEFINITIONAL_REPRESENTATION('',(#8413),#8417);
#8413 = LINE('',#8414,#8415);
#8414 = CARTESIAN_POINT('',(-2.58678162061,-2.45E-15));
#8415 = VECTOR('',#8416,1.);
#8416 = DIRECTION('',(-0.,1.));
#8417 = ( GEOMETRIC_REPRESENTATION_CONTEXT(2) 
PARAMETRIC_REPRESENTATION_CONTEXT() REPRESENTATION_CONTEXT('2D SPACE',''
  ) );
#8418 = PCURVE('',#8419,#8424);
#8419 = PLANE('',#8420);
#8420 = AXIS2_PLACEMENT_3D('',#8421,#8422,#8423);
#8421 = CARTESIAN_POINT('',(-5.,-11.175,100.8876));
#8422 = DIRECTION('',(-1.,-0.,-3.3E-16));
#8423 = DIRECTION('',(3.3E-16,1.1E-16,-1.));
#8424 = DEFINITIONAL_REPRESENTATION('',(#8425),#8429);
#8425 = LINE('',#8426,#8427);
#8426 = CARTESIAN_POINT('',(100.8876,-6.228565375285));
#8427 = VECTOR('',#8428,1.);
#8428 = DIRECTION('',(1.,1.E-15));
#8429 = ( GEOMETRIC_REPRESENTATION_CONTEXT(2) 
PARAMETRIC_REPRESENTATION_CONTEXT() REPRESENTATION_CONTEXT('2D SPACE',''
  ) );
#8430 = ORIENTED_EDGE('',*,*,#8431,.T.);
#8431 = EDGE_CURVE('',#8404,#8432,#8434,.T.);
#8432 = VERTEX_POINT('',#8433);
#8433 = CARTESIAN_POINT('',(-3.3,-4.,100.8876));
#8434 = SURFACE_CURVE('',#8435,(#8440,#8447),.PCURVE_S1.);
#8435 = CIRCLE('',#8436,2.);
#8436 = AXIS2_PLACEMENT_3D('',#8437,#8438,#8439);
#8437 = CARTESIAN_POINT('',(-3.3,-6.,100.8876));
#8438 = DIRECTION('',(1.78E-15,-8.9E-16,-1.));
#8439 = DIRECTION('',(1.,-1.33E-15,1.78E-15));
#8440 = PCURVE('',#2823,#8441);
#8441 = DEFINITIONAL_REPRESENTATION('',(#8442),#8446);
#8442 = LINE('',#8443,#8444);
#8443 = CARTESIAN_POINT('',(-6.28318530718,-100.8876));
#8444 = VECTOR('',#8445,1.);
#8445 = DIRECTION('',(1.,-0.));
#8446 = ( GEOMETRIC_REPRESENTATION_CONTEXT(2) 
PARAMETRIC_REPRESENTATION_CONTEXT() REPRESENTATION_CONTEXT('2D SPACE',''
  ) );
#8447 = PCURVE('',#8448,#8453);
#8448 = PLANE('',#8449);
#8449 = AXIS2_PLACEMENT_3D('',#8450,#8451,#8452);
#8450 = CARTESIAN_POINT('',(5.,-11.175,100.8876));
#8451 = DIRECTION('',(-1.1E-16,1.1E-16,1.));
#8452 = DIRECTION('',(-1.,2.2E-16,-1.1E-16));
#8453 = DEFINITIONAL_REPRESENTATION('',(#8454),#8462);
#8454 = ( BOUNDED_CURVE() B_SPLINE_CURVE(2,(#8455,#8456,#8457,#8458,
#8459,#8460,#8461),.UNSPECIFIED.,.T.,.F.) B_SPLINE_CURVE_WITH_KNOTS((1,2
    ,2,2,2,1),(-2.094395102393,0.,2.094395102393,4.188790204786,
6.28318530718,8.377580409573),.UNSPECIFIED.) CURVE() 
GEOMETRIC_REPRESENTATION_ITEM() RATIONAL_B_SPLINE_CURVE((1.,0.5,1.,0.5,
1.,0.5,1.)) REPRESENTATION_ITEM('') );
#8455 = CARTESIAN_POINT('',(6.3,-5.175));
#8456 = CARTESIAN_POINT('',(6.3,-1.710898384862));
#8457 = CARTESIAN_POINT('',(9.3,-3.442949192431));
#8458 = CARTESIAN_POINT('',(12.3,-5.175));
#8459 = CARTESIAN_POINT('',(9.3,-6.907050807569));
#8460 = CARTESIAN_POINT('',(6.3,-8.639101615138));
#8461 = CARTESIAN_POINT('',(6.3,-5.175));
#8462 = ( GEOMETRIC_REPRESENTATION_CONTEXT(2) 
PARAMETRIC_REPRESENTATION_CONTEXT() REPRESENTATION_CONTEXT('2D SPACE',''
  ) );
#8463 = ORIENTED_EDGE('',*,*,#8464,.T.);
#8464 = EDGE_CURVE('',#8432,#8465,#8467,.T.);
#8465 = VERTEX_POINT('',#8466);
#8466 = CARTESIAN_POINT('',(-3.3,-4.,105.8876));
#8467 = SURFACE_CURVE('',#8468,(#8472,#8479),.PCURVE_S1.);
#8468 = LINE('',#8469,#8470);
#8469 = CARTESIAN_POINT('',(-3.3,-4.,7.24E-15));
#8470 = VECTOR('',#8471,1.);
#8471 = DIRECTION('',(-2.E-15,-1.E-15,1.));
#8472 = PCURVE('',#2823,#8473);
#8473 = DEFINITIONAL_REPRESENTATION('',(#8474),#8478);
#8474 = LINE('',#8475,#8476);
#8475 = CARTESIAN_POINT('',(-1.570796326795,0.));
#8476 = VECTOR('',#8477,1.);
#8477 = DIRECTION('',(-0.,-1.));
#8478 = ( GEOMETRIC_REPRESENTATION_CONTEXT(2) 
PARAMETRIC_REPRESENTATION_CONTEXT() REPRESENTATION_CONTEXT('2D SPACE',''
  ) );
#8479 = PCURVE('',#8480,#8485);
#8480 = PLANE('',#8481);
#8481 = AXIS2_PLACEMENT_3D('',#8482,#8483,#8484);
#8482 = CARTESIAN_POINT('',(-3.3,-4.,7.24E-15));
#8483 = DIRECTION('',(-1.44E-15,1.,-1.22E-15));
#8484 = DIRECTION('',(1.,1.44E-15,-4.4E-16));
#8485 = DEFINITIONAL_REPRESENTATION('',(#8486),#8490);
#8486 = LINE('',#8487,#8488);
#8487 = CARTESIAN_POINT('',(0.,-0.));
#8488 = VECTOR('',#8489,1.);
#8489 = DIRECTION('',(-2.44E-15,-1.));
#8490 = ( GEOMETRIC_REPRESENTATION_CONTEXT(2) 
PARAMETRIC_REPRESENTATION_CONTEXT() REPRESENTATION_CONTEXT('2D SPACE',''
  ) );
#8491 = ORIENTED_EDGE('',*,*,#8492,.T.);
#8492 = EDGE_CURVE('',#8465,#2780,#8493,.T.);
#8493 = SURFACE_CURVE('',#8494,(#8499,#8506),.PCURVE_S1.);
#8494 = CIRCLE('',#8495,2.);
#8495 = AXIS2_PLACEMENT_3D('',#8496,#8497,#8498);
#8496 = CARTESIAN_POINT('',(-3.3,-6.,105.8876));
#8497 = DIRECTION('',(6.7E-16,1.44E-15,1.));
#8498 = DIRECTION('',(1.,-7.8E-16,-6.7E-16));
#8499 = PCURVE('',#2823,#8500);
#8500 = DEFINITIONAL_REPRESENTATION('',(#8501),#8505);
#8501 = LINE('',#8502,#8503);
#8502 = CARTESIAN_POINT('',(-0.,-105.8876));
#8503 = VECTOR('',#8504,1.);
#8504 = DIRECTION('',(-1.,0.));
#8505 = ( GEOMETRIC_REPRESENTATION_CONTEXT(2) 
PARAMETRIC_REPRESENTATION_CONTEXT() REPRESENTATION_CONTEXT('2D SPACE',''
  ) );
#8506 = PCURVE('',#2795,#8507);
#8507 = DEFINITIONAL_REPRESENTATION('',(#8508),#8516);
#8508 = ( BOUNDED_CURVE() B_SPLINE_CURVE(2,(#8509,#8510,#8511,#8512,
#8513,#8514,#8515),.UNSPECIFIED.,.T.,.F.) B_SPLINE_CURVE_WITH_KNOTS((1,2
    ,2,2,2,1),(-2.094395102393,0.,2.094395102393,4.188790204786,
6.28318530718,8.377580409573),.UNSPECIFIED.) CURVE() 
GEOMETRIC_REPRESENTATION_ITEM() RATIONAL_B_SPLINE_CURVE((1.,0.5,1.,0.5,
1.,0.5,1.)) REPRESENTATION_ITEM('') );
#8509 = CARTESIAN_POINT('',(1.3,3.3));
#8510 = CARTESIAN_POINT('',(1.3,6.764101615138));
#8511 = CARTESIAN_POINT('',(4.3,5.032050807569));
#8512 = CARTESIAN_POINT('',(7.3,3.3));
#8513 = CARTESIAN_POINT('',(4.3,1.567949192431));
#8514 = CARTESIAN_POINT('',(1.3,-0.164101615138));
#8515 = CARTESIAN_POINT('',(1.3,3.3));
#8516 = ( GEOMETRIC_REPRESENTATION_CONTEXT(2) 
PARAMETRIC_REPRESENTATION_CONTEXT() REPRESENTATION_CONTEXT('2D SPACE',''
  ) );
#8517 = ADVANCED_FACE('',(#8518),#2795,.T.);
#8518 = FACE_BOUND('',#8519,.T.);
#8519 = EDGE_LOOP('',(#8520,#8543,#8569,#8570,#8571,#8572,#8573,#8574));
#8520 = ORIENTED_EDGE('',*,*,#8521,.T.);
#8521 = EDGE_CURVE('',#8465,#8522,#8524,.T.);
#8522 = VERTEX_POINT('',#8523);
#8523 = CARTESIAN_POINT('',(3.3,-4.,105.8876));
#8524 = SURFACE_CURVE('',#8525,(#8529,#8536),.PCURVE_S1.);
#8525 = LINE('',#8526,#8527);
#8526 = CARTESIAN_POINT('',(-3.3,-4.,105.8876));
#8527 = VECTOR('',#8528,1.);
#8528 = DIRECTION('',(1.,-7.8E-16,-6.7E-16));
#8529 = PCURVE('',#2795,#8530);
#8530 = DEFINITIONAL_REPRESENTATION('',(#8531),#8535);
#8531 = LINE('',#8532,#8533);
#8532 = CARTESIAN_POINT('',(3.3,5.3));
#8533 = VECTOR('',#8534,1.);
#8534 = DIRECTION('',(-1.,-3.254051234037E-30));
#8535 = ( GEOMETRIC_REPRESENTATION_CONTEXT(2) 
PARAMETRIC_REPRESENTATION_CONTEXT() REPRESENTATION_CONTEXT('2D SPACE',''
  ) );
#8536 = PCURVE('',#8480,#8537);
#8537 = DEFINITIONAL_REPRESENTATION('',(#8538),#8542);
#8538 = LINE('',#8539,#8540);
#8539 = CARTESIAN_POINT('',(-1.167566391563E-13,-105.8876));
#8540 = VECTOR('',#8541,1.);
#8541 = DIRECTION('',(1.,2.3E-16));
#8542 = ( GEOMETRIC_REPRESENTATION_CONTEXT(2) 
PARAMETRIC_REPRESENTATION_CONTEXT() REPRESENTATION_CONTEXT('2D SPACE',''
  ) );
#8543 = ORIENTED_EDGE('',*,*,#8544,.F.);
#8544 = EDGE_CURVE('',#3110,#8522,#8545,.T.);
#8545 = SURFACE_CURVE('',#8546,(#8551,#8562),.PCURVE_S1.);
#8546 = CIRCLE('',#8547,2.);
#8547 = AXIS2_PLACEMENT_3D('',#8548,#8549,#8550);
#8548 = CARTESIAN_POINT('',(3.3,-6.,105.8876));
#8549 = DIRECTION('',(6.7E-16,1.44E-15,1.));
#8550 = DIRECTION('',(1.,-7.8E-16,-6.7E-16));
#8551 = PCURVE('',#2795,#8552);
#8552 = DEFINITIONAL_REPRESENTATION('',(#8553),#8561);
#8553 = ( BOUNDED_CURVE() B_SPLINE_CURVE(2,(#8554,#8555,#8556,#8557,
#8558,#8559,#8560),.UNSPECIFIED.,.T.,.F.) B_SPLINE_CURVE_WITH_KNOTS((1,2
    ,2,2,2,1),(-2.094395102393,0.,2.094395102393,4.188790204786,
6.28318530718,8.377580409573),.UNSPECIFIED.) CURVE() 
GEOMETRIC_REPRESENTATION_ITEM() RATIONAL_B_SPLINE_CURVE((1.,0.5,1.,0.5,
1.,0.5,1.)) REPRESENTATION_ITEM('') );
#8554 = CARTESIAN_POINT('',(-5.3,3.3));
#8555 = CARTESIAN_POINT('',(-5.3,6.764101615138));
#8556 = CARTESIAN_POINT('',(-2.3,5.032050807569));
#8557 = CARTESIAN_POINT('',(0.7,3.3));
#8558 = CARTESIAN_POINT('',(-2.3,1.567949192431));
#8559 = CARTESIAN_POINT('',(-5.3,-0.164101615138));
#8560 = CARTESIAN_POINT('',(-5.3,3.3));
#8561 = ( GEOMETRIC_REPRESENTATION_CONTEXT(2) 
PARAMETRIC_REPRESENTATION_CONTEXT() REPRESENTATION_CONTEXT('2D SPACE',''
  ) );
#8562 = PCURVE('',#3125,#8563);
#8563 = DEFINITIONAL_REPRESENTATION('',(#8564),#8568);
#8564 = LINE('',#8565,#8566);
#8565 = CARTESIAN_POINT('',(-0.,-105.8876));
#8566 = VECTOR('',#8567,1.);
#8567 = DIRECTION('',(-1.,0.));
#8568 = ( GEOMETRIC_REPRESENTATION_CONTEXT(2) 
PARAMETRIC_REPRESENTATION_CONTEXT() REPRESENTATION_CONTEXT('2D SPACE',''
  ) );
#8569 = ORIENTED_EDGE('',*,*,#3137,.T.);
#8570 = ORIENTED_EDGE('',*,*,#3261,.F.);
#8571 = ORIENTED_EDGE('',*,*,#3293,.T.);
#8572 = ORIENTED_EDGE('',*,*,#3185,.F.);
#8573 = ORIENTED_EDGE('',*,*,#2779,.T.);
#8574 = ORIENTED_EDGE('',*,*,#8492,.F.);
#8575 = ADVANCED_FACE('',(#8576),#3125,.F.);
#8576 = FACE_BOUND('',#8577,.T.);
#8577 = EDGE_LOOP('',(#8578,#8601,#8623,#8624,#8625,#8648,#8676,#8704));
#8578 = ORIENTED_EDGE('',*,*,#8579,.F.);
#8579 = EDGE_CURVE('',#7977,#8580,#8582,.T.);
#8580 = VERTEX_POINT('',#8581);
#8581 = CARTESIAN_POINT('',(3.3,-4.,90.8876));
#8582 = SURFACE_CURVE('',#8583,(#8587,#8594),.PCURVE_S1.);
#8583 = LINE('',#8584,#8585);
#8584 = CARTESIAN_POINT('',(3.3,-4.,4.31E-15));
#8585 = VECTOR('',#8586,1.);
#8586 = DIRECTION('',(-2.E-15,-1.E-15,1.));
#8587 = PCURVE('',#3125,#8588);
#8588 = DEFINITIONAL_REPRESENTATION('',(#8589),#8593);
#8589 = LINE('',#8590,#8591);
#8590 = CARTESIAN_POINT('',(-1.570796326795,0.));
#8591 = VECTOR('',#8592,1.);
#8592 = DIRECTION('',(-0.,-1.));
#8593 = ( GEOMETRIC_REPRESENTATION_CONTEXT(2) 
PARAMETRIC_REPRESENTATION_CONTEXT() REPRESENTATION_CONTEXT('2D SPACE',''
  ) );
#8594 = PCURVE('',#7992,#8595);
#8595 = DEFINITIONAL_REPRESENTATION('',(#8596),#8600);
#8596 = LINE('',#8597,#8598);
#8597 = CARTESIAN_POINT('',(6.6,2.600000000001E-17));
#8598 = VECTOR('',#8599,1.);
#8599 = DIRECTION('',(-2.44E-15,-1.));
#8600 = ( GEOMETRIC_REPRESENTATION_CONTEXT(2) 
PARAMETRIC_REPRESENTATION_CONTEXT() REPRESENTATION_CONTEXT('2D SPACE',''
  ) );
#8601 = ORIENTED_EDGE('',*,*,#8602,.T.);
#8602 = EDGE_CURVE('',#7977,#3082,#8603,.T.);
#8603 = SURFACE_CURVE('',#8604,(#8609,#8616),.PCURVE_S1.);
#8604 = CIRCLE('',#8605,2.);
#8605 = AXIS2_PLACEMENT_3D('',#8606,#8607,#8608);
#8606 = CARTESIAN_POINT('',(3.3,-6.,72.4876));
#8607 = DIRECTION('',(0.,-1.33E-15,-1.));
#8608 = DIRECTION('',(1.,-8.9E-16,1.1837E-30));
#8609 = PCURVE('',#3125,#8610);
#8610 = DEFINITIONAL_REPRESENTATION('',(#8611),#8615);
#8611 = LINE('',#8612,#8613);
#8612 = CARTESIAN_POINT('',(-6.28318530718,-72.4876));
#8613 = VECTOR('',#8614,1.);
#8614 = DIRECTION('',(1.,-0.));
#8615 = ( GEOMETRIC_REPRESENTATION_CONTEXT(2) 
PARAMETRIC_REPRESENTATION_CONTEXT() REPRESENTATION_CONTEXT('2D SPACE',''
  ) );
#8616 = PCURVE('',#3097,#8617);
#8617 = DEFINITIONAL_REPRESENTATION('',(#8618),#8622);
#8618 = CIRCLE('',#8619,2.);
#8619 = AXIS2_PLACEMENT_2D('',#8620,#8621);
#8620 = CARTESIAN_POINT('',(3.1625,-20.2625));
#8621 = DIRECTION('',(-2.E-15,1.));
#8622 = ( GEOMETRIC_REPRESENTATION_CONTEXT(2) 
PARAMETRIC_REPRESENTATION_CONTEXT() REPRESENTATION_CONTEXT('2D SPACE',''
  ) );
#8623 = ORIENTED_EDGE('',*,*,#3109,.T.);
#8624 = ORIENTED_EDGE('',*,*,#8544,.T.);
#8625 = ORIENTED_EDGE('',*,*,#8626,.F.);
#8626 = EDGE_CURVE('',#8627,#8522,#8629,.T.);
#8627 = VERTEX_POINT('',#8628);
#8628 = CARTESIAN_POINT('',(3.3,-4.,100.8876));
#8629 = SURFACE_CURVE('',#8630,(#8634,#8641),.PCURVE_S1.);
#8630 = LINE('',#8631,#8632);
#8631 = CARTESIAN_POINT('',(3.3,-4.,4.31E-15));
#8632 = VECTOR('',#8633,1.);
#8633 = DIRECTION('',(-2.E-15,-1.E-15,1.));
#8634 = PCURVE('',#3125,#8635);
#8635 = DEFINITIONAL_REPRESENTATION('',(#8636),#8640);
#8636 = LINE('',#8637,#8638);
#8637 = CARTESIAN_POINT('',(-1.570796326795,0.));
#8638 = VECTOR('',#8639,1.);
#8639 = DIRECTION('',(-0.,-1.));
#8640 = ( GEOMETRIC_REPRESENTATION_CONTEXT(2) 
PARAMETRIC_REPRESENTATION_CONTEXT() REPRESENTATION_CONTEXT('2D SPACE',''
  ) );
#8641 = PCURVE('',#8480,#8642);
#8642 = DEFINITIONAL_REPRESENTATION('',(#8643),#8647);
#8643 = LINE('',#8644,#8645);
#8644 = CARTESIAN_POINT('',(6.6,2.600000000001E-17));
#8645 = VECTOR('',#8646,1.);
#8646 = DIRECTION('',(-2.44E-15,-1.));
#8647 = ( GEOMETRIC_REPRESENTATION_CONTEXT(2) 
PARAMETRIC_REPRESENTATION_CONTEXT() REPRESENTATION_CONTEXT('2D SPACE',''
  ) );
#8648 = ORIENTED_EDGE('',*,*,#8649,.T.);
#8649 = EDGE_CURVE('',#8627,#8650,#8652,.T.);
#8650 = VERTEX_POINT('',#8651);
#8651 = CARTESIAN_POINT('',(5.,-4.946434624715,100.8876));
#8652 = SURFACE_CURVE('',#8653,(#8658,#8665),.PCURVE_S1.);
#8653 = CIRCLE('',#8654,2.);
#8654 = AXIS2_PLACEMENT_3D('',#8655,#8656,#8657);
#8655 = CARTESIAN_POINT('',(3.3,-6.,100.8876));
#8656 = DIRECTION('',(1.78E-15,-8.9E-16,-1.));
#8657 = DIRECTION('',(1.,-1.33E-15,1.78E-15));
#8658 = PCURVE('',#3125,#8659);
#8659 = DEFINITIONAL_REPRESENTATION('',(#8660),#8664);
#8660 = LINE('',#8661,#8662);
#8661 = CARTESIAN_POINT('',(-6.28318530718,-100.8876));
#8662 = VECTOR('',#8663,1.);
#8663 = DIRECTION('',(1.,-0.));
#8664 = ( GEOMETRIC_REPRESENTATION_CONTEXT(2) 
PARAMETRIC_REPRESENTATION_CONTEXT() REPRESENTATION_CONTEXT('2D SPACE',''
  ) );
#8665 = PCURVE('',#8448,#8666);
#8666 = DEFINITIONAL_REPRESENTATION('',(#8667),#8675);
#8667 = ( BOUNDED_CURVE() B_SPLINE_CURVE(2,(#8668,#8669,#8670,#8671,
#8672,#8673,#8674),.UNSPECIFIED.,.T.,.F.) B_SPLINE_CURVE_WITH_KNOTS((1,2
    ,2,2,2,1),(-2.094395102393,0.,2.094395102393,4.188790204786,
6.28318530718,8.377580409573),.UNSPECIFIED.) CURVE() 
GEOMETRIC_REPRESENTATION_ITEM() RATIONAL_B_SPLINE_CURVE((1.,0.5,1.,0.5,
1.,0.5,1.)) REPRESENTATION_ITEM('') );
#8668 = CARTESIAN_POINT('',(-0.3,-5.175));
#8669 = CARTESIAN_POINT('',(-0.3,-1.710898384862));
#8670 = CARTESIAN_POINT('',(2.7,-3.442949192431));
#8671 = CARTESIAN_POINT('',(5.7,-5.175));
#8672 = CARTESIAN_POINT('',(2.7,-6.907050807569));
#8673 = CARTESIAN_POINT('',(-0.3,-8.639101615138));
#8674 = CARTESIAN_POINT('',(-0.3,-5.175));
#8675 = ( GEOMETRIC_REPRESENTATION_CONTEXT(2) 
PARAMETRIC_REPRESENTATION_CONTEXT() REPRESENTATION_CONTEXT('2D SPACE',''
  ) );
#8676 = ORIENTED_EDGE('',*,*,#8677,.T.);
#8677 = EDGE_CURVE('',#8650,#8678,#8680,.T.);
#8678 = VERTEX_POINT('',#8679);
#8679 = CARTESIAN_POINT('',(5.,-4.946434624715,90.8876));
#8680 = SURFACE_CURVE('',#8681,(#8685,#8692),.PCURVE_S1.);
#8681 = LINE('',#8682,#8683);
#8682 = CARTESIAN_POINT('',(5.,-4.946434624715,1.382E-14));
#8683 = VECTOR('',#8684,1.);
#8684 = DIRECTION('',(1.78E-15,-8.9E-16,-1.));
#8685 = PCURVE('',#3125,#8686);
#8686 = DEFINITIONAL_REPRESENTATION('',(#8687),#8691);
#8687 = LINE('',#8688,#8689);
#8688 = CARTESIAN_POINT('',(-0.55481103298,2.45E-15));
#8689 = VECTOR('',#8690,1.);
#8690 = DIRECTION('',(-0.,1.));
#8691 = ( GEOMETRIC_REPRESENTATION_CONTEXT(2) 
PARAMETRIC_REPRESENTATION_CONTEXT() REPRESENTATION_CONTEXT('2D SPACE',''
  ) );
#8692 = PCURVE('',#8693,#8698);
#8693 = PLANE('',#8694);
#8694 = AXIS2_PLACEMENT_3D('',#8695,#8696,#8697);
#8695 = CARTESIAN_POINT('',(5.,-11.175,90.8876));
#8696 = DIRECTION('',(1.,0.,3.3E-16));
#8697 = DIRECTION('',(-3.3E-16,-1.1E-16,1.));
#8698 = DEFINITIONAL_REPRESENTATION('',(#8699),#8703);
#8699 = LINE('',#8700,#8701);
#8700 = CARTESIAN_POINT('',(-90.8876,-6.228565375285));
#8701 = VECTOR('',#8702,1.);
#8702 = DIRECTION('',(-1.,1.E-15));
#8703 = ( GEOMETRIC_REPRESENTATION_CONTEXT(2) 
PARAMETRIC_REPRESENTATION_CONTEXT() REPRESENTATION_CONTEXT('2D SPACE',''
  ) );
#8704 = ORIENTED_EDGE('',*,*,#8705,.F.);
#8705 = EDGE_CURVE('',#8580,#8678,#8706,.T.);
#8706 = SURFACE_CURVE('',#8707,(#8712,#8719),.PCURVE_S1.);
#8707 = CIRCLE('',#8708,2.);
#8708 = AXIS2_PLACEMENT_3D('',#8709,#8710,#8711);
#8709 = CARTESIAN_POINT('',(3.3,-6.,90.8876));
#8710 = DIRECTION('',(1.78E-15,-8.9E-16,-1.));
#8711 = DIRECTION('',(1.,-1.33E-15,1.78E-15));
#8712 = PCURVE('',#3125,#8713);
#8713 = DEFINITIONAL_REPRESENTATION('',(#8714),#8718);
#8714 = LINE('',#8715,#8716);
#8715 = CARTESIAN_POINT('',(-6.28318530718,-90.8876));
#8716 = VECTOR('',#8717,1.);
#8717 = DIRECTION('',(1.,-0.));
#8718 = ( GEOMETRIC_REPRESENTATION_CONTEXT(2) 
PARAMETRIC_REPRESENTATION_CONTEXT() REPRESENTATION_CONTEXT('2D SPACE',''
  ) );
#8719 = PCURVE('',#8391,#8720);
#8720 = DEFINITIONAL_REPRESENTATION('',(#8721),#8725);
#8721 = CIRCLE('',#8722,2.);
#8722 = AXIS2_PLACEMENT_2D('',#8723,#8724);
#8723 = CARTESIAN_POINT('',(8.3,-5.175));
#8724 = DIRECTION('',(1.,1.11E-15));
#8725 = ( GEOMETRIC_REPRESENTATION_CONTEXT(2) 
PARAMETRIC_REPRESENTATION_CONTEXT() REPRESENTATION_CONTEXT('2D SPACE',''
  ) );
#8726 = ADVANCED_FACE('',(#8727),#3097,.T.);
#8727 = FACE_BOUND('',#8728,.T.);
#8728 = EDGE_LOOP('',(#8729,#8754,#8775,#8776,#8777));
#8729 = ORIENTED_EDGE('',*,*,#8730,.F.);
#8730 = EDGE_CURVE('',#8731,#8733,#8735,.T.);
#8731 = VERTEX_POINT('',#8732);
#8732 = CARTESIAN_POINT('',(23.5625,-9.1625,72.4876));
#8733 = VERTEX_POINT('',#8734);
#8734 = CARTESIAN_POINT('',(23.5625,-4.,72.4876));
#8735 = SURFACE_CURVE('',#8736,(#8740,#8747),.PCURVE_S1.);
#8736 = LINE('',#8737,#8738);
#8737 = CARTESIAN_POINT('',(23.5625,-9.1625,72.4876));
#8738 = VECTOR('',#8739,1.);
#8739 = DIRECTION('',(-1.55E-15,1.,-1.22E-15));
#8740 = PCURVE('',#3097,#8741);
#8741 = DEFINITIONAL_REPRESENTATION('',(#8742),#8746);
#8742 = LINE('',#8743,#8744);
#8743 = CARTESIAN_POINT('',(3.5527136788E-15,3.907985046681E-14));
#8744 = VECTOR('',#8745,1.);
#8745 = DIRECTION('',(1.,-4.4E-16));
#8746 = ( GEOMETRIC_REPRESENTATION_CONTEXT(2) 
PARAMETRIC_REPRESENTATION_CONTEXT() REPRESENTATION_CONTEXT('2D SPACE',''
  ) );
#8747 = PCURVE('',#7306,#8748);
#8748 = DEFINITIONAL_REPRESENTATION('',(#8749),#8753);
#8749 = LINE('',#8750,#8751);
#8750 = CARTESIAN_POINT('',(-8.125,2.58125));
#8751 = VECTOR('',#8752,1.);
#8752 = DIRECTION('',(2.22E-15,-1.));
#8753 = ( GEOMETRIC_REPRESENTATION_CONTEXT(2) 
PARAMETRIC_REPRESENTATION_CONTEXT() REPRESENTATION_CONTEXT('2D SPACE',''
  ) );
#8754 = ORIENTED_EDGE('',*,*,#8755,.T.);
#8755 = EDGE_CURVE('',#8731,#3054,#8756,.T.);
#8756 = SURFACE_CURVE('',#8757,(#8761,#8768),.PCURVE_S1.);
#8757 = LINE('',#8758,#8759);
#8758 = CARTESIAN_POINT('',(23.5625,-9.1625,72.4876));
#8759 = VECTOR('',#8760,1.);
#8760 = DIRECTION('',(-1.,8.9E-16,6.E-17));
#8761 = PCURVE('',#3097,#8762);
#8762 = DEFINITIONAL_REPRESENTATION('',(#8763),#8767);
#8763 = LINE('',#8764,#8765);
#8764 = CARTESIAN_POINT('',(0.,0.));
#8765 = VECTOR('',#8766,1.);
#8766 = DIRECTION('',(2.E-15,-1.));
#8767 = ( GEOMETRIC_REPRESENTATION_CONTEXT(2) 
PARAMETRIC_REPRESENTATION_CONTEXT() REPRESENTATION_CONTEXT('2D SPACE',''
  ) );
#8768 = PCURVE('',#3069,#8769);
#8769 = DEFINITIONAL_REPRESENTATION('',(#8770),#8774);
#8770 = LINE('',#8771,#8772);
#8771 = CARTESIAN_POINT('',(0.,0.));
#8772 = VECTOR('',#8773,1.);
#8773 = DIRECTION('',(-1.95E-15,-1.));
#8774 = ( GEOMETRIC_REPRESENTATION_CONTEXT(2) 
PARAMETRIC_REPRESENTATION_CONTEXT() REPRESENTATION_CONTEXT('2D SPACE',''
  ) );
#8775 = ORIENTED_EDGE('',*,*,#3081,.T.);
#8776 = ORIENTED_EDGE('',*,*,#8602,.F.);
#8777 = ORIENTED_EDGE('',*,*,#8778,.F.);
#8778 = EDGE_CURVE('',#8733,#7977,#8779,.T.);
#8779 = SURFACE_CURVE('',#8780,(#8784,#8791),.PCURVE_S1.);
#8780 = LINE('',#8781,#8782);
#8781 = CARTESIAN_POINT('',(23.5625,-4.,72.4876));
#8782 = VECTOR('',#8783,1.);
#8783 = DIRECTION('',(-1.,8.9E-16,6.E-17));
#8784 = PCURVE('',#3097,#8785);
#8785 = DEFINITIONAL_REPRESENTATION('',(#8786),#8790);
#8786 = LINE('',#8787,#8788);
#8787 = CARTESIAN_POINT('',(5.1625,2.1776613212E-15));
#8788 = VECTOR('',#8789,1.);
#8789 = DIRECTION('',(2.E-15,-1.));
#8790 = ( GEOMETRIC_REPRESENTATION_CONTEXT(2) 
PARAMETRIC_REPRESENTATION_CONTEXT() REPRESENTATION_CONTEXT('2D SPACE',''
  ) );
#8791 = PCURVE('',#6725,#8792);
#8792 = DEFINITIONAL_REPRESENTATION('',(#8793),#8797);
#8793 = LINE('',#8794,#8795);
#8794 = CARTESIAN_POINT('',(0.,0.));
#8795 = VECTOR('',#8796,1.);
#8796 = DIRECTION('',(-1.95E-15,-1.));
#8797 = ( GEOMETRIC_REPRESENTATION_CONTEXT(2) 
PARAMETRIC_REPRESENTATION_CONTEXT() REPRESENTATION_CONTEXT('2D SPACE',''
  ) );
#8798 = ADVANCED_FACE('',(#8799),#3069,.F.);
#8799 = FACE_BOUND('',#8800,.F.);
#8800 = EDGE_LOOP('',(#8801,#8824,#8825,#8826,#8847,#8870));
#8801 = ORIENTED_EDGE('',*,*,#8802,.F.);
#8802 = EDGE_CURVE('',#8731,#8803,#8805,.T.);
#8803 = VERTEX_POINT('',#8804);
#8804 = CARTESIAN_POINT('',(23.5625,-9.1625,65.8876));
#8805 = SURFACE_CURVE('',#8806,(#8810,#8817),.PCURVE_S1.);
#8806 = LINE('',#8807,#8808);
#8807 = CARTESIAN_POINT('',(23.5625,-9.1625,72.4876));
#8808 = VECTOR('',#8809,1.);
#8809 = DIRECTION('',(1.67E-15,1.E-15,-1.));
#8810 = PCURVE('',#3069,#8811);
#8811 = DEFINITIONAL_REPRESENTATION('',(#8812),#8816);
#8812 = LINE('',#8813,#8814);
#8813 = CARTESIAN_POINT('',(2.84217094304E-14,3.907985046681E-14));
#8814 = VECTOR('',#8815,1.);
#8815 = DIRECTION('',(1.,-2.2E-16));
#8816 = ( GEOMETRIC_REPRESENTATION_CONTEXT(2) 
PARAMETRIC_REPRESENTATION_CONTEXT() REPRESENTATION_CONTEXT('2D SPACE',''
  ) );
#8817 = PCURVE('',#7306,#8818);
#8818 = DEFINITIONAL_REPRESENTATION('',(#8819),#8823);
#8819 = LINE('',#8820,#8821);
#8820 = CARTESIAN_POINT('',(-8.125,2.58125));
#8821 = VECTOR('',#8822,1.);
#8822 = DIRECTION('',(1.,-1.774937036747E-30));
#8823 = ( GEOMETRIC_REPRESENTATION_CONTEXT(2) 
PARAMETRIC_REPRESENTATION_CONTEXT() REPRESENTATION_CONTEXT('2D SPACE',''
  ) );
#8824 = ORIENTED_EDGE('',*,*,#8755,.T.);
#8825 = ORIENTED_EDGE('',*,*,#3053,.T.);
#8826 = ORIENTED_EDGE('',*,*,#8827,.F.);
#8827 = EDGE_CURVE('',#6618,#3026,#8828,.T.);
#8828 = SURFACE_CURVE('',#8829,(#8833,#8840),.PCURVE_S1.);
#8829 = LINE('',#8830,#8831);
#8830 = CARTESIAN_POINT('',(23.5625,-9.1625,65.8876));
#8831 = VECTOR('',#8832,1.);
#8832 = DIRECTION('',(-1.,8.9E-16,6.E-17));
#8833 = PCURVE('',#3069,#8834);
#8834 = DEFINITIONAL_REPRESENTATION('',(#8835),#8839);
#8835 = LINE('',#8836,#8837);
#8836 = CARTESIAN_POINT('',(6.6,1.736854715202E-15));
#8837 = VECTOR('',#8838,1.);
#8838 = DIRECTION('',(-1.95E-15,-1.));
#8839 = ( GEOMETRIC_REPRESENTATION_CONTEXT(2) 
PARAMETRIC_REPRESENTATION_CONTEXT() REPRESENTATION_CONTEXT('2D SPACE',''
  ) );
#8840 = PCURVE('',#3041,#8841);
#8841 = DEFINITIONAL_REPRESENTATION('',(#8842),#8846);
#8842 = LINE('',#8843,#8844);
#8843 = CARTESIAN_POINT('',(0.,0.));
#8844 = VECTOR('',#8845,1.);
#8845 = DIRECTION('',(-1.95E-15,-1.));
#8846 = ( GEOMETRIC_REPRESENTATION_CONTEXT(2) 
PARAMETRIC_REPRESENTATION_CONTEXT() REPRESENTATION_CONTEXT('2D SPACE',''
  ) );
#8847 = ORIENTED_EDGE('',*,*,#8848,.F.);
#8848 = EDGE_CURVE('',#8849,#6618,#8851,.T.);
#8849 = VERTEX_POINT('',#8850);
#8850 = CARTESIAN_POINT('',(23.4625,-9.1625,65.8876));
#8851 = SURFACE_CURVE('',#8852,(#8856,#8863),.PCURVE_S1.);
#8852 = LINE('',#8853,#8854);
#8853 = CARTESIAN_POINT('',(23.5625,-9.1625,65.8876));
#8854 = VECTOR('',#8855,1.);
#8855 = DIRECTION('',(-1.,8.9E-16,6.E-17));
#8856 = PCURVE('',#3069,#8857);
#8857 = DEFINITIONAL_REPRESENTATION('',(#8858),#8862);
#8858 = LINE('',#8859,#8860);
#8859 = CARTESIAN_POINT('',(6.6,1.736854715202E-15));
#8860 = VECTOR('',#8861,1.);
#8861 = DIRECTION('',(-1.95E-15,-1.));
#8862 = ( GEOMETRIC_REPRESENTATION_CONTEXT(2) 
PARAMETRIC_REPRESENTATION_CONTEXT() REPRESENTATION_CONTEXT('2D SPACE',''
  ) );
#8863 = PCURVE('',#3714,#8864);
#8864 = DEFINITIONAL_REPRESENTATION('',(#8865),#8869);
#8865 = LINE('',#8866,#8867);
#8866 = CARTESIAN_POINT('',(5.0625,-21.1701));
#8867 = VECTOR('',#8868,1.);
#8868 = DIRECTION('',(-1.,-1.1E-16));
#8869 = ( GEOMETRIC_REPRESENTATION_CONTEXT(2) 
PARAMETRIC_REPRESENTATION_CONTEXT() REPRESENTATION_CONTEXT('2D SPACE',''
  ) );
#8870 = ORIENTED_EDGE('',*,*,#8871,.F.);
#8871 = EDGE_CURVE('',#8803,#8849,#8872,.T.);
#8872 = SURFACE_CURVE('',#8873,(#8877,#8884),.PCURVE_S1.);
#8873 = LINE('',#8874,#8875);
#8874 = CARTESIAN_POINT('',(23.5625,-9.1625,65.8876));
#8875 = VECTOR('',#8876,1.);
#8876 = DIRECTION('',(-1.,8.9E-16,6.E-17));
#8877 = PCURVE('',#3069,#8878);
#8878 = DEFINITIONAL_REPRESENTATION('',(#8879),#8883);
#8879 = LINE('',#8880,#8881);
#8880 = CARTESIAN_POINT('',(6.6,1.736854715202E-15));
#8881 = VECTOR('',#8882,1.);
#8882 = DIRECTION('',(-1.95E-15,-1.));
#8883 = ( GEOMETRIC_REPRESENTATION_CONTEXT(2) 
PARAMETRIC_REPRESENTATION_CONTEXT() REPRESENTATION_CONTEXT('2D SPACE',''
  ) );
#8884 = PCURVE('',#8885,#8890);
#8885 = PLANE('',#8886);
#8886 = AXIS2_PLACEMENT_3D('',#8887,#8888,#8889);
#8887 = CARTESIAN_POINT('',(23.5625,-9.1625,65.8876));
#8888 = DIRECTION('',(8.9E-16,-1.,1.22E-15));
#8889 = DIRECTION('',(1.89E-15,-1.22E-15,-1.));
#8890 = DEFINITIONAL_REPRESENTATION('',(#8891),#8895);
#8891 = LINE('',#8892,#8893);
#8892 = CARTESIAN_POINT('',(0.,0.));
#8893 = VECTOR('',#8894,1.);
#8894 = DIRECTION('',(-1.95E-15,-1.));
#8895 = ( GEOMETRIC_REPRESENTATION_CONTEXT(2) 
PARAMETRIC_REPRESENTATION_CONTEXT() REPRESENTATION_CONTEXT('2D SPACE',''
  ) );
#8896 = ADVANCED_FACE('',(#8897),#3041,.F.);
#8897 = FACE_BOUND('',#8898,.F.);
#8898 = EDGE_LOOP('',(#8899,#8900,#8901,#8902));
#8899 = ORIENTED_EDGE('',*,*,#6640,.T.);
#8900 = ORIENTED_EDGE('',*,*,#8827,.T.);
#8901 = ORIENTED_EDGE('',*,*,#3025,.T.);
#8902 = ORIENTED_EDGE('',*,*,#8903,.F.);
#8903 = EDGE_CURVE('',#6641,#2998,#8904,.T.);
#8904 = SURFACE_CURVE('',#8905,(#8909,#8916),.PCURVE_S1.);
#8905 = LINE('',#8906,#8907);
#8906 = CARTESIAN_POINT('',(23.5625,-9.1625,62.8376));
#8907 = VECTOR('',#8908,1.);
#8908 = DIRECTION('',(-1.,8.9E-16,6.E-17));
#8909 = PCURVE('',#3041,#8910);
#8910 = DEFINITIONAL_REPRESENTATION('',(#8911),#8915);
#8911 = LINE('',#8912,#8913);
#8912 = CARTESIAN_POINT('',(3.05,1.340927357601E-15));
#8913 = VECTOR('',#8914,1.);
#8914 = DIRECTION('',(-1.95E-15,-1.));
#8915 = ( GEOMETRIC_REPRESENTATION_CONTEXT(2) 
PARAMETRIC_REPRESENTATION_CONTEXT() REPRESENTATION_CONTEXT('2D SPACE',''
  ) );
#8916 = PCURVE('',#3013,#8917);
#8917 = DEFINITIONAL_REPRESENTATION('',(#8918),#8922);
#8918 = LINE('',#8919,#8920);
#8919 = CARTESIAN_POINT('',(6.6,1.815858963599E-15));
#8920 = VECTOR('',#8921,1.);
#8921 = DIRECTION('',(1.95E-15,-1.));
#8922 = ( GEOMETRIC_REPRESENTATION_CONTEXT(2) 
PARAMETRIC_REPRESENTATION_CONTEXT() REPRESENTATION_CONTEXT('2D SPACE',''
  ) );
#8923 = ADVANCED_FACE('',(#8924),#3013,.T.);
#8924 = FACE_BOUND('',#8925,.T.);
#8925 = EDGE_LOOP('',(#8926,#8927,#8928,#8929));
#8926 = ORIENTED_EDGE('',*,*,#6663,.T.);
#8927 = ORIENTED_EDGE('',*,*,#8099,.T.);
#8928 = ORIENTED_EDGE('',*,*,#2997,.T.);
#8929 = ORIENTED_EDGE('',*,*,#8903,.F.);
#8930 = ADVANCED_FACE('',(#8931),#4689,.T.);
#8931 = FACE_BOUND('',#8932,.T.);
#8932 = EDGE_LOOP('',(#8933,#8934,#8935,#8959));
#8933 = ORIENTED_EDGE('',*,*,#4984,.F.);
#8934 = ORIENTED_EDGE('',*,*,#4668,.T.);
#8935 = ORIENTED_EDGE('',*,*,#8936,.T.);
#8936 = EDGE_CURVE('',#4641,#8937,#8939,.T.);
#8937 = VERTEX_POINT('',#8938);
#8938 = CARTESIAN_POINT('',(-28.4625,-16.6,52.9876));
#8939 = SURFACE_CURVE('',#8940,(#8945,#8952),.PCURVE_S1.);
#8940 = CIRCLE('',#8941,2.);
#8941 = AXIS2_PLACEMENT_3D('',#8942,#8943,#8944);
#8942 = CARTESIAN_POINT('',(-26.4625,-16.6,52.9876));
#8943 = DIRECTION('',(-2.393E-14,-1.42E-15,-1.));
#8944 = DIRECTION('',(-1.,1.68E-15,2.393E-14));
#8945 = PCURVE('',#4689,#8946);
#8946 = DEFINITIONAL_REPRESENTATION('',(#8947),#8951);
#8947 = LINE('',#8948,#8949);
#8948 = CARTESIAN_POINT('',(0.698131700798,0.));
#8949 = VECTOR('',#8950,1.);
#8950 = DIRECTION('',(0.,1.));
#8951 = ( GEOMETRIC_REPRESENTATION_CONTEXT(2) 
PARAMETRIC_REPRESENTATION_CONTEXT() REPRESENTATION_CONTEXT('2D SPACE',''
  ) );
#8952 = PCURVE('',#4656,#8953);
#8953 = DEFINITIONAL_REPRESENTATION('',(#8954),#8958);
#8954 = LINE('',#8955,#8956);
#8955 = CARTESIAN_POINT('',(4.712388980385,-8.042E-14));
#8956 = VECTOR('',#8957,1.);
#8957 = DIRECTION('',(-1.,0.));
#8958 = ( GEOMETRIC_REPRESENTATION_CONTEXT(2) 
PARAMETRIC_REPRESENTATION_CONTEXT() REPRESENTATION_CONTEXT('2D SPACE',''
  ) );
#8959 = ORIENTED_EDGE('',*,*,#8960,.F.);
#8960 = EDGE_CURVE('',#4962,#8937,#8961,.T.);
#8961 = SURFACE_CURVE('',#8962,(#8967,#8974),.PCURVE_S1.);
#8962 = CIRCLE('',#8963,5.);
#8963 = AXIS2_PLACEMENT_3D('',#8964,#8965,#8966);
#8964 = CARTESIAN_POINT('',(-23.4625,-16.6,52.9876));
#8965 = DIRECTION('',(1.68E-15,1.,-1.42E-15));
#8966 = DIRECTION('',(-0.766044443119,3.741962586842E-16,-0.642787609687
    ));
#8967 = PCURVE('',#4689,#8968);
#8968 = DEFINITIONAL_REPRESENTATION('',(#8969),#8973);
#8969 = LINE('',#8970,#8971);
#8970 = CARTESIAN_POINT('',(0.,6.28318530718));
#8971 = VECTOR('',#8972,1.);
#8972 = DIRECTION('',(1.,0.));
#8973 = ( GEOMETRIC_REPRESENTATION_CONTEXT(2) 
PARAMETRIC_REPRESENTATION_CONTEXT() REPRESENTATION_CONTEXT('2D SPACE',''
  ) );
#8974 = PCURVE('',#5254,#8975);
#8975 = DEFINITIONAL_REPRESENTATION('',(#8976),#8980);
#8976 = LINE('',#8977,#8978);
#8977 = CARTESIAN_POINT('',(5.585053606381,-28.6076));
#8978 = VECTOR('',#8979,1.);
#8979 = DIRECTION('',(1.,0.));
#8980 = ( GEOMETRIC_REPRESENTATION_CONTEXT(2) 
PARAMETRIC_REPRESENTATION_CONTEXT() REPRESENTATION_CONTEXT('2D SPACE',''
  ) );
#8981 = ADVANCED_FACE('',(#8982),#4656,.T.);
#8982 = FACE_BOUND('',#8983,.F.);
#8983 = EDGE_LOOP('',(#8984,#8985,#9006,#9007));
#8984 = ORIENTED_EDGE('',*,*,#8936,.T.);
#8985 = ORIENTED_EDGE('',*,*,#8986,.T.);
#8986 = EDGE_CURVE('',#8937,#5940,#8987,.T.);
#8987 = SURFACE_CURVE('',#8988,(#8992,#8999),.PCURVE_S1.);
#8988 = LINE('',#8989,#8990);
#8989 = CARTESIAN_POINT('',(-28.4625,-16.6,52.9876));
#8990 = VECTOR('',#8991,1.);
#8991 = DIRECTION('',(-2.78E-15,0.,1.));
#8992 = PCURVE('',#4656,#8993);
#8993 = DEFINITIONAL_REPRESENTATION('',(#8994),#8998);
#8994 = LINE('',#8995,#8996);
#8995 = CARTESIAN_POINT('',(-1.570796326795,0.));
#8996 = VECTOR('',#8997,1.);
#8997 = DIRECTION('',(-0.,1.));
#8998 = ( GEOMETRIC_REPRESENTATION_CONTEXT(2) 
PARAMETRIC_REPRESENTATION_CONTEXT() REPRESENTATION_CONTEXT('2D SPACE',''
  ) );
#8999 = PCURVE('',#5843,#9000);
#9000 = DEFINITIONAL_REPRESENTATION('',(#9001),#9005);
#9001 = LINE('',#9002,#9003);
#9002 = CARTESIAN_POINT('',(-1.458263585439E-14,-28.6076));
#9003 = VECTOR('',#9004,1.);
#9004 = DIRECTION('',(-1.,2.E-15));
#9005 = ( GEOMETRIC_REPRESENTATION_CONTEXT(2) 
PARAMETRIC_REPRESENTATION_CONTEXT() REPRESENTATION_CONTEXT('2D SPACE',''
  ) );
#9006 = ORIENTED_EDGE('',*,*,#5939,.F.);
#9007 = ORIENTED_EDGE('',*,*,#4640,.F.);
#9008 = ADVANCED_FACE('',(#9009),#3458,.T.);
#9009 = FACE_BOUND('',#9010,.F.);
#9010 = EDGE_LOOP('',(#9011,#9012,#9013,#9035));
#9011 = ORIENTED_EDGE('',*,*,#7899,.T.);
#9012 = ORIENTED_EDGE('',*,*,#3442,.T.);
#9013 = ORIENTED_EDGE('',*,*,#9014,.F.);
#9014 = EDGE_CURVE('',#5566,#3443,#9015,.T.);
#9015 = SURFACE_CURVE('',#9016,(#9021,#9028),.PCURVE_S1.);
#9016 = CIRCLE('',#9017,1.);
#9017 = AXIS2_PLACEMENT_3D('',#9018,#9019,#9020);
#9018 = CARTESIAN_POINT('',(16.650953058744,-17.6,38.332306861164));
#9019 = DIRECTION('',(-5.079646375089E-02,-1.44E-15,-0.998709026329));
#9020 = DIRECTION('',(0.998709026329,-1.4E-16,-5.079646375089E-02));
#9021 = PCURVE('',#3458,#9022);
#9022 = DEFINITIONAL_REPRESENTATION('',(#9023),#9027);
#9023 = LINE('',#9024,#9025);
#9024 = CARTESIAN_POINT('',(-0.,32.628411600231));
#9025 = VECTOR('',#9026,1.);
#9026 = DIRECTION('',(-1.,0.));
#9027 = ( GEOMETRIC_REPRESENTATION_CONTEXT(2) 
PARAMETRIC_REPRESENTATION_CONTEXT() REPRESENTATION_CONTEXT('2D SPACE',''
  ) );
#9028 = PCURVE('',#3486,#9029);
#9029 = DEFINITIONAL_REPRESENTATION('',(#9030),#9034);
#9030 = LINE('',#9031,#9032);
#9031 = CARTESIAN_POINT('',(-0.,0.));
#9032 = VECTOR('',#9033,1.);
#9033 = DIRECTION('',(-1.,0.));
#9034 = ( GEOMETRIC_REPRESENTATION_CONTEXT(2) 
PARAMETRIC_REPRESENTATION_CONTEXT() REPRESENTATION_CONTEXT('2D SPACE',''
  ) );
#9035 = ORIENTED_EDGE('',*,*,#5588,.F.);
#9036 = ADVANCED_FACE('',(#9037),#3486,.T.);
#9037 = FACE_BOUND('',#9038,.F.);
#9038 = EDGE_LOOP('',(#9039,#9040,#9041,#9131));
#9039 = ORIENTED_EDGE('',*,*,#9014,.T.);
#9040 = ORIENTED_EDGE('',*,*,#3470,.T.);
#9041 = ORIENTED_EDGE('',*,*,#9042,.F.);
#9042 = EDGE_CURVE('',#5537,#3471,#9043,.T.);
#9043 = SURFACE_CURVE('',#9044,(#9071,#9101),.PCURVE_S1.);
#9044 = B_SPLINE_CURVE_WITH_KNOTS('',7,(#9045,#9046,#9047,#9048,#9049,
    #9050,#9051,#9052,#9053,#9054,#9055,#9056,#9057,#9058,#9059,#9060,
    #9061,#9062,#9063,#9064,#9065,#9066,#9067,#9068,#9069,#9070),
  .UNSPECIFIED.,.F.,.F.,(8,6,6,6,8),(0.,0.536627553354,0.95257645087,
    0.981031467562,1.),.UNSPECIFIED.);
#9045 = CARTESIAN_POINT('',(17.672232310399,-17.6,38.725263487585));
#9046 = CARTESIAN_POINT('',(17.677984860639,-17.71828716014,
    38.838364349835));
#9047 = CARTESIAN_POINT('',(17.667478172934,-17.83825000611,
    38.95314250142));
#9048 = CARTESIAN_POINT('',(17.63988546793,-17.95648210088,
    39.069788515727));
#9049 = CARTESIAN_POINT('',(17.595522324859,-18.06940734263,
    39.188540209415));
#9050 = CARTESIAN_POINT('',(17.535729699169,-18.17385337704,
    39.309403888761));
#9051 = CARTESIAN_POINT('',(17.462492769406,-18.2672111176,
    39.432153014235));
#9052 = CARTESIAN_POINT('',(17.313005570659,-18.40981164439,
    39.652581298186));
#9053 = CARTESIAN_POINT('',(17.241093334899,-18.46429499371,
    39.749753782434));
#9054 = CARTESIAN_POINT('',(17.163626556715,-18.51012219233,
    39.847711703295));
#9055 = CARTESIAN_POINT('',(17.081788474403,-18.54666555261,
    39.946298158796));
#9056 = CARTESIAN_POINT('',(16.996799465213,-18.57350309877,
    40.045340654578));
#9057 = CARTESIAN_POINT('',(16.909884994189,-18.59039271124,
    40.144658872076));
#9058 = CARTESIAN_POINT('',(16.816281082499,-18.59772876429,
    40.250875462683));
#9059 = CARTESIAN_POINT('',(16.810284383201,-18.59815158277,
    40.257676946516));
#9060 = CARTESIAN_POINT('',(16.80428480297,-18.59852747051,
    40.264478846486));
#9061 = CARTESIAN_POINT('',(16.798282735794,-18.59885640678,
    40.271281104529));
#9062 = CARTESIAN_POINT('',(16.792278574802,-18.59913837453,
    40.278083663578));
#9063 = CARTESIAN_POINT('',(16.786272712262,-18.59937336045,
    40.284886467561));
#9064 = CARTESIAN_POINT('',(16.776261069961,-18.59968667486,
    40.296224437111));
#9065 = CARTESIAN_POINT('',(16.772256034819,-18.59979111201,
    40.300759411468));
#9066 = CARTESIAN_POINT('',(16.768250560256,-18.59987466457,
    40.305294503939));
#9067 = CARTESIAN_POINT('',(16.764244751552,-18.59993733095,
    40.309829731761));
#9068 = CARTESIAN_POINT('',(16.760238693163,-18.59997910974,
    40.314365009944));
#9069 = CARTESIAN_POINT('',(16.756232448728,-18.59999999975,
    40.318900151273));
#9070 = CARTESIAN_POINT('',(16.75222606106,-18.6,40.323434866306));
#9071 = PCURVE('',#3486,#9072);
#9072 = DEFINITIONAL_REPRESENTATION('',(#9073),#9100);
#9073 = B_SPLINE_CURVE_WITH_KNOTS('',7,(#9074,#9075,#9076,#9077,#9078,
    #9079,#9080,#9081,#9082,#9083,#9084,#9085,#9086,#9087,#9088,#9089,
    #9090,#9091,#9092,#9093,#9094,#9095,#9096,#9097,#9098,#9099),
  .UNSPECIFIED.,.F.,.F.,(8,6,6,6,8),(0.,0.536627553354,0.95257645087,
    0.981031467562,1.),.UNSPECIFIED.);
#9074 = CARTESIAN_POINT('',(0.,0.444326704248));
#9075 = CARTESIAN_POINT('',(-0.118287160149,0.557573765473));
#9076 = CARTESIAN_POINT('',(-0.238250316503,0.671670038904));
#9077 = CARTESIAN_POINT('',(-0.359183881791,0.786763854439));
#9078 = CARTESIAN_POINT('',(-0.480569322647,0.903108752028));
#9079 = CARTESIAN_POINT('',(-0.602064927563,1.020779145603));
#9080 = CARTESIAN_POINT('',(-0.723412108385,1.13964962814));
#9081 = CARTESIAN_POINT('',(-0.938103358704,1.352199923908));
#9082 = CARTESIAN_POINT('',(-1.031669582669,1.44559407376));
#9083 = CARTESIAN_POINT('',(-1.125010258364,1.539490495133));
#9084 = CARTESIAN_POINT('',(-1.218136829353,1.633792592935));
#9085 = CARTESIAN_POINT('',(-1.311092817743,1.728390086337));
#9086 = CARTESIAN_POINT('',(-1.403937698336,1.823165138856));
#9087 = CARTESIAN_POINT('',(-1.503087963991,1.924489858933));
#9088 = CARTESIAN_POINT('',(-1.509436334564,1.930977951111));
#9089 = CARTESIAN_POINT('',(-1.515784541124,1.937466312547));
#9090 = CARTESIAN_POINT('',(-1.522132604599,1.943954905267));
#9091 = CARTESIAN_POINT('',(-1.528480546942,1.950443692244));
#9092 = CARTESIAN_POINT('',(-1.534828391126,1.956932637409));
#9093 = CARTESIAN_POINT('',(-1.545407677972,1.967747413913));
#9094 = CARTESIAN_POINT('',(-1.549639140812,1.972073092115));
#9095 = CARTESIAN_POINT('',(-1.553870553542,1.976398865957));
#9096 = CARTESIAN_POINT('',(-1.558101935633,1.980724758003));
#9097 = CARTESIAN_POINT('',(-1.562333322156,1.985050687662));
#9098 = CARTESIAN_POINT('',(-1.566564763786,1.989376471193));
#9099 = CARTESIAN_POINT('',(-1.570796326795,1.993701821702));
#9100 = ( GEOMETRIC_REPRESENTATION_CONTEXT(2) 
PARAMETRIC_REPRESENTATION_CONTEXT() REPRESENTATION_CONTEXT('2D SPACE',''
  ) );
#9101 = PCURVE('',#3514,#9102);
#9102 = DEFINITIONAL_REPRESENTATION('',(#9103),#9130);
#9103 = B_SPLINE_CURVE_WITH_KNOTS('',7,(#9104,#9105,#9106,#9107,#9108,
    #9109,#9110,#9111,#9112,#9113,#9114,#9115,#9116,#9117,#9118,#9119,
    #9120,#9121,#9122,#9123,#9124,#9125,#9126,#9127,#9128,#9129),
  .UNSPECIFIED.,.F.,.F.,(8,6,6,6,8),(0.,0.536627553354,0.95257645087,
    0.981031467562,1.),.UNSPECIFIED.);
#9104 = CARTESIAN_POINT('',(1.047197551197,0.35444245003));
#9105 = CARTESIAN_POINT('',(0.978904427443,0.444780405087));
#9106 = CARTESIAN_POINT('',(0.906502182618,0.525952001625));
#9107 = CARTESIAN_POINT('',(0.830757878339,0.597571783803));
#9108 = CARTESIAN_POINT('',(0.752435799796,0.660024780171));
#9109 = CARTESIAN_POINT('',(0.672164172323,0.714177771164));
#9110 = CARTESIAN_POINT('',(0.590481232851,0.761133265608));
#9111 = CARTESIAN_POINT('',(0.443874118483,0.833902608474));
#9112 = CARTESIAN_POINT('',(0.379269999623,0.862116755925));
#9113 = CARTESIAN_POINT('',(0.314262293621,0.88736219168));
#9114 = CARTESIAN_POINT('',(0.248981067969,0.910279292773));
#9115 = CARTESIAN_POINT('',(0.183521326883,0.931520364232));
#9116 = CARTESIAN_POINT('',(0.117958380699,0.951734987771));
#9117 = CARTESIAN_POINT('',(4.787259712443E-02,0.97293418212));
#9118 = CARTESIAN_POINT('',(4.338485254065E-02,0.974289817008));
#9119 = CARTESIAN_POINT('',(3.889695290823E-02,0.975643918846));
#9120 = CARTESIAN_POINT('',(3.440892045513E-02,0.976996696408));
#9121 = CARTESIAN_POINT('',(2.992077665522E-02,0.978348358674));
#9122 = CARTESIAN_POINT('',(2.543254222835E-02,0.979699114837));
#9123 = CARTESIAN_POINT('',(1.795226698704E-02,0.981949143783));
#9124 = CARTESIAN_POINT('',(1.496029938054E-02,0.982848748723));
#9125 = CARTESIAN_POINT('',(1.196830048974E-02,0.98374816169));
#9126 = CARTESIAN_POINT('',(8.976261359403E-03,0.984647463559));
#9127 = CARTESIAN_POINT('',(5.984197910053E-03,0.985546643513));
#9128 = CARTESIAN_POINT('',(2.992150938023E-03,0.986445599043));
#9129 = CARTESIAN_POINT('',(1.8611544395E-07,0.987344135942));
#9130 = ( GEOMETRIC_REPRESENTATION_CONTEXT(2) 
PARAMETRIC_REPRESENTATION_CONTEXT() REPRESENTATION_CONTEXT('2D SPACE',''
  ) );
#9131 = ORIENTED_EDGE('',*,*,#5565,.F.);
#9132 = ADVANCED_FACE('',(#9133),#4536,.F.);
#9133 = FACE_BOUND('',#9134,.T.);
#9134 = EDGE_LOOP('',(#9135,#9156,#9157,#9158));
#9135 = ORIENTED_EDGE('',*,*,#9136,.F.);
#9136 = EDGE_CURVE('',#8226,#4493,#9137,.T.);
#9137 = SURFACE_CURVE('',#9138,(#9142,#9149),.PCURVE_S1.);
#9138 = LINE('',#9139,#9140);
#9139 = CARTESIAN_POINT('',(-23.4625,12.0076,65.8876));
#9140 = VECTOR('',#9141,1.);
#9141 = DIRECTION('',(1.78E-15,-1.,2.22E-15));
#9142 = PCURVE('',#4536,#9143);
#9143 = DEFINITIONAL_REPRESENTATION('',(#9144),#9148);
#9144 = LINE('',#9145,#9146);
#9145 = CARTESIAN_POINT('',(-4.9625,2.966266036401E-15));
#9146 = VECTOR('',#9147,1.);
#9147 = DIRECTION('',(3.33E-15,-1.));
#9148 = ( GEOMETRIC_REPRESENTATION_CONTEXT(2) 
PARAMETRIC_REPRESENTATION_CONTEXT() REPRESENTATION_CONTEXT('2D SPACE',''
  ) );
#9149 = PCURVE('',#4508,#9150);
#9150 = DEFINITIONAL_REPRESENTATION('',(#9151),#9155);
#9151 = LINE('',#9152,#9153);
#9152 = CARTESIAN_POINT('',(-0.,0.));
#9153 = VECTOR('',#9154,1.);
#9154 = DIRECTION('',(4.22E-15,-1.));
#9155 = ( GEOMETRIC_REPRESENTATION_CONTEXT(2) 
PARAMETRIC_REPRESENTATION_CONTEXT() REPRESENTATION_CONTEXT('2D SPACE',''
  ) );
#9156 = ORIENTED_EDGE('',*,*,#8253,.F.);
#9157 = ORIENTED_EDGE('',*,*,#6318,.T.);
#9158 = ORIENTED_EDGE('',*,*,#4520,.T.);
#9159 = ADVANCED_FACE('',(#9160),#3514,.T.);
#9160 = FACE_BOUND('',#9161,.T.);
#9161 = EDGE_LOOP('',(#9162,#9163,#9186,#9208,#9209,#9210));
#9162 = ORIENTED_EDGE('',*,*,#5536,.T.);
#9163 = ORIENTED_EDGE('',*,*,#9164,.T.);
#9164 = EDGE_CURVE('',#5539,#9165,#9167,.T.);
#9165 = VERTEX_POINT('',#9166);
#9166 = CARTESIAN_POINT('',(27.292722215594,-16.6,49.773661951566));
#9167 = SURFACE_CURVE('',#9168,(#9172,#9179),.PCURVE_S1.);
#9168 = LINE('',#9169,#9170);
#9169 = CARTESIAN_POINT('',(17.649662085073,-16.6,38.281510397414));
#9170 = VECTOR('',#9171,1.);
#9171 = DIRECTION('',(0.642787609686,-6.3E-16,0.766044443119));
#9172 = PCURVE('',#3514,#9173);
#9173 = DEFINITIONAL_REPRESENTATION('',(#9174),#9178);
#9174 = LINE('',#9175,#9176);
#9175 = CARTESIAN_POINT('',(1.570796326795,0.));
#9176 = VECTOR('',#9177,1.);
#9177 = DIRECTION('',(0.,1.));
#9178 = ( GEOMETRIC_REPRESENTATION_CONTEXT(2) 
PARAMETRIC_REPRESENTATION_CONTEXT() REPRESENTATION_CONTEXT('2D SPACE',''
  ) );
#9179 = PCURVE('',#5657,#9180);
#9180 = DEFINITIONAL_REPRESENTATION('',(#9181),#9185);
#9181 = LINE('',#9182,#9183);
#9182 = CARTESIAN_POINT('',(15.001938408901,-28.6076));
#9183 = VECTOR('',#9184,1.);
#9184 = DIRECTION('',(-1.,1.29E-15));
#9185 = ( GEOMETRIC_REPRESENTATION_CONTEXT(2) 
PARAMETRIC_REPRESENTATION_CONTEXT() REPRESENTATION_CONTEXT('2D SPACE',''
  ) );
#9186 = ORIENTED_EDGE('',*,*,#9187,.F.);
#9187 = EDGE_CURVE('',#3527,#9165,#9188,.T.);
#9188 = SURFACE_CURVE('',#9189,(#9194,#9201),.PCURVE_S1.);
#9189 = CIRCLE('',#9190,2.);
#9190 = AXIS2_PLACEMENT_3D('',#9191,#9192,#9193);
#9191 = CARTESIAN_POINT('',(25.760633329355,-16.6,51.059237170939));
#9192 = DIRECTION('',(0.642787609686,-6.3E-16,0.766044443119));
#9193 = DIRECTION('',(-2.089354144915E-15,-1.,9.307697001175E-16));
#9194 = PCURVE('',#3514,#9195);
#9195 = DEFINITIONAL_REPRESENTATION('',(#9196),#9200);
#9196 = LINE('',#9197,#9198);
#9197 = CARTESIAN_POINT('',(0.,15.001938408901));
#9198 = VECTOR('',#9199,1.);
#9199 = DIRECTION('',(1.,0.));
#9200 = ( GEOMETRIC_REPRESENTATION_CONTEXT(2) 
PARAMETRIC_REPRESENTATION_CONTEXT() REPRESENTATION_CONTEXT('2D SPACE',''
  ) );
#9201 = PCURVE('',#3566,#9202);
#9202 = DEFINITIONAL_REPRESENTATION('',(#9203),#9207);
#9203 = LINE('',#9204,#9205);
#9204 = CARTESIAN_POINT('',(1.155E-14,4.712388980385));
#9205 = VECTOR('',#9206,1.);
#9206 = DIRECTION('',(-0.,1.));
#9207 = ( GEOMETRIC_REPRESENTATION_CONTEXT(2) 
PARAMETRIC_REPRESENTATION_CONTEXT() REPRESENTATION_CONTEXT('2D SPACE',''
  ) );
#9208 = ORIENTED_EDGE('',*,*,#3526,.F.);
#9209 = ORIENTED_EDGE('',*,*,#3498,.T.);
#9210 = ORIENTED_EDGE('',*,*,#9042,.F.);
#9211 = ADVANCED_FACE('',(#9212),#4508,.F.);
#9212 = FACE_BOUND('',#9213,.T.);
#9213 = EDGE_LOOP('',(#9214,#9215,#9238,#9259,#9260));
#9214 = ORIENTED_EDGE('',*,*,#6897,.F.);
#9215 = ORIENTED_EDGE('',*,*,#9216,.T.);
#9216 = EDGE_CURVE('',#6870,#9217,#9219,.T.);
#9217 = VERTEX_POINT('',#9218);
#9218 = CARTESIAN_POINT('',(-23.4625,-9.1625,62.8376));
#9219 = SURFACE_CURVE('',#9220,(#9224,#9231),.PCURVE_S1.);
#9220 = LINE('',#9221,#9222);
#9221 = CARTESIAN_POINT('',(-23.4625,-9.1625,61.0626));
#9222 = VECTOR('',#9223,1.);
#9223 = DIRECTION('',(-1.67E-15,-5.6E-16,1.));
#9224 = PCURVE('',#4508,#9225);
#9225 = DEFINITIONAL_REPRESENTATION('',(#9226),#9230);
#9226 = LINE('',#9227,#9228);
#9227 = CARTESIAN_POINT('',(-4.825,-21.1701));
#9228 = VECTOR('',#9229,1.);
#9229 = DIRECTION('',(1.,1.44E-15));
#9230 = ( GEOMETRIC_REPRESENTATION_CONTEXT(2) 
PARAMETRIC_REPRESENTATION_CONTEXT() REPRESENTATION_CONTEXT('2D SPACE',''
  ) );
#9231 = PCURVE('',#6885,#9232);
#9232 = DEFINITIONAL_REPRESENTATION('',(#9233),#9237);
#9233 = LINE('',#9234,#9235);
#9234 = CARTESIAN_POINT('',(4.825,-47.025));
#9235 = VECTOR('',#9236,1.);
#9236 = DIRECTION('',(1.,2.2E-16));
#9237 = ( GEOMETRIC_REPRESENTATION_CONTEXT(2) 
PARAMETRIC_REPRESENTATION_CONTEXT() REPRESENTATION_CONTEXT('2D SPACE',''
  ) );
#9238 = ORIENTED_EDGE('',*,*,#9239,.F.);
#9239 = EDGE_CURVE('',#8226,#9217,#9240,.T.);
#9240 = SURFACE_CURVE('',#9241,(#9245,#9252),.PCURVE_S1.);
#9241 = LINE('',#9242,#9243);
#9242 = CARTESIAN_POINT('',(-23.4625,-9.1625,65.8876));
#9243 = VECTOR('',#9244,1.);
#9244 = DIRECTION('',(1.67E-15,5.6E-16,-1.));
#9245 = PCURVE('',#4508,#9246);
#9246 = DEFINITIONAL_REPRESENTATION('',(#9247),#9251);
#9247 = LINE('',#9248,#9249);
#9248 = CARTESIAN_POINT('',(-2.871407357601E-14,-21.1701));
#9249 = VECTOR('',#9250,1.);
#9250 = DIRECTION('',(-1.,-1.44E-15));
#9251 = ( GEOMETRIC_REPRESENTATION_CONTEXT(2) 
PARAMETRIC_REPRESENTATION_CONTEXT() REPRESENTATION_CONTEXT('2D SPACE',''
  ) );
#9252 = PCURVE('',#8241,#9253);
#9253 = DEFINITIONAL_REPRESENTATION('',(#9254),#9258);
#9254 = LINE('',#9255,#9256);
#9255 = CARTESIAN_POINT('',(-1.315098141456E-13,-47.025));
#9256 = VECTOR('',#9257,1.);
#9257 = DIRECTION('',(1.,-2.2E-16));
#9258 = ( GEOMETRIC_REPRESENTATION_CONTEXT(2) 
PARAMETRIC_REPRESENTATION_CONTEXT() REPRESENTATION_CONTEXT('2D SPACE',''
  ) );
#9259 = ORIENTED_EDGE('',*,*,#9136,.T.);
#9260 = ORIENTED_EDGE('',*,*,#4492,.T.);
#9261 = ADVANCED_FACE('',(#9262),#3566,.T.);
#9262 = FACE_BOUND('',#9263,.F.);
#9263 = EDGE_LOOP('',(#9264,#9265,#9266,#9290));
#9264 = ORIENTED_EDGE('',*,*,#9187,.F.);
#9265 = ORIENTED_EDGE('',*,*,#3549,.T.);
#9266 = ORIENTED_EDGE('',*,*,#9267,.T.);
#9267 = EDGE_CURVE('',#3550,#9268,#9270,.T.);
#9268 = VERTEX_POINT('',#9269);
#9269 = CARTESIAN_POINT('',(28.4625,-16.6,52.9876));
#9270 = SURFACE_CURVE('',#9271,(#9276,#9283),.PCURVE_S1.);
#9271 = CIRCLE('',#9272,2.);
#9272 = AXIS2_PLACEMENT_3D('',#9273,#9274,#9275);
#9273 = CARTESIAN_POINT('',(26.4625,-16.6,52.9876));
#9274 = DIRECTION('',(-3.68E-14,1.42E-15,1.));
#9275 = DIRECTION('',(1.,-1.68E-15,3.68E-14));
#9276 = PCURVE('',#3566,#9277);
#9277 = DEFINITIONAL_REPRESENTATION('',(#9278),#9282);
#9278 = LINE('',#9279,#9280);
#9279 = CARTESIAN_POINT('',(-0.698131700798,0.));
#9280 = VECTOR('',#9281,1.);
#9281 = DIRECTION('',(-0.,1.));
#9282 = ( GEOMETRIC_REPRESENTATION_CONTEXT(2) 
PARAMETRIC_REPRESENTATION_CONTEXT() REPRESENTATION_CONTEXT('2D SPACE',''
  ) );
#9283 = PCURVE('',#3594,#9284);
#9284 = DEFINITIONAL_REPRESENTATION('',(#9285),#9289);
#9285 = LINE('',#9286,#9287);
#9286 = CARTESIAN_POINT('',(-4.712388980385,-4.339E-14));
#9287 = VECTOR('',#9288,1.);
#9288 = DIRECTION('',(1.,0.));
#9289 = ( GEOMETRIC_REPRESENTATION_CONTEXT(2) 
PARAMETRIC_REPRESENTATION_CONTEXT() REPRESENTATION_CONTEXT('2D SPACE',''
  ) );
#9290 = ORIENTED_EDGE('',*,*,#9291,.F.);
#9291 = EDGE_CURVE('',#9165,#9268,#9292,.T.);
#9292 = SURFACE_CURVE('',#9293,(#9298,#9305),.PCURVE_S1.);
#9293 = CIRCLE('',#9294,5.);
#9294 = AXIS2_PLACEMENT_3D('',#9295,#9296,#9297);
#9295 = CARTESIAN_POINT('',(23.4625,-16.6,52.9876));
#9296 = DIRECTION('',(-1.68E-15,-1.,1.42E-15));
#9297 = DIRECTION('',(0.766044443119,-2.199713070195E-15,-0.642787609687
    ));
#9298 = PCURVE('',#3566,#9299);
#9299 = DEFINITIONAL_REPRESENTATION('',(#9300),#9304);
#9300 = LINE('',#9301,#9302);
#9301 = CARTESIAN_POINT('',(-0.,6.28318530718));
#9302 = VECTOR('',#9303,1.);
#9303 = DIRECTION('',(-1.,0.));
#9304 = ( GEOMETRIC_REPRESENTATION_CONTEXT(2) 
PARAMETRIC_REPRESENTATION_CONTEXT() REPRESENTATION_CONTEXT('2D SPACE',''
  ) );
#9305 = PCURVE('',#6076,#9306);
#9306 = DEFINITIONAL_REPRESENTATION('',(#9307),#9311);
#9307 = LINE('',#9308,#9309);
#9308 = CARTESIAN_POINT('',(-5.585053606381,-28.6076));
#9309 = VECTOR('',#9310,1.);
#9310 = DIRECTION('',(-1.,0.));
#9311 = ( GEOMETRIC_REPRESENTATION_CONTEXT(2) 
PARAMETRIC_REPRESENTATION_CONTEXT() REPRESENTATION_CONTEXT('2D SPACE',''
  ) );
#9312 = ADVANCED_FACE('',(#9313),#4457,.T.);
#9313 = FACE_BOUND('',#9314,.F.);
#9314 = EDGE_LOOP('',(#9315,#9316,#9339,#9361));
#9315 = ORIENTED_EDGE('',*,*,#6919,.T.);
#9316 = ORIENTED_EDGE('',*,*,#9317,.T.);
#9317 = EDGE_CURVE('',#6764,#9318,#9320,.T.);
#9318 = VERTEX_POINT('',#9319);
#9319 = CARTESIAN_POINT('',(-28.4625,-16.6,65.8876));
#9320 = SURFACE_CURVE('',#9321,(#9325,#9332),.PCURVE_S1.);
#9321 = LINE('',#9322,#9323);
#9322 = CARTESIAN_POINT('',(-28.4625,-16.6,62.7376));
#9323 = VECTOR('',#9324,1.);
#9324 = DIRECTION('',(-2.78E-15,0.,1.));
#9325 = PCURVE('',#4457,#9326);
#9326 = DEFINITIONAL_REPRESENTATION('',(#9327),#9331);
#9327 = LINE('',#9328,#9329);
#9328 = CARTESIAN_POINT('',(-1.570796326795,0.));
#9329 = VECTOR('',#9330,1.);
#9330 = DIRECTION('',(-0.,1.));
#9331 = ( GEOMETRIC_REPRESENTATION_CONTEXT(2) 
PARAMETRIC_REPRESENTATION_CONTEXT() REPRESENTATION_CONTEXT('2D SPACE',''
  ) );
#9332 = PCURVE('',#6779,#9333);
#9333 = DEFINITIONAL_REPRESENTATION('',(#9334),#9338);
#9334 = LINE('',#9335,#9336);
#9335 = CARTESIAN_POINT('',(-3.717811391918E-16,-28.6076));
#9336 = VECTOR('',#9337,1.);
#9337 = DIRECTION('',(-1.,2.E-15));
#9338 = ( GEOMETRIC_REPRESENTATION_CONTEXT(2) 
PARAMETRIC_REPRESENTATION_CONTEXT() REPRESENTATION_CONTEXT('2D SPACE',''
  ) );
#9339 = ORIENTED_EDGE('',*,*,#9340,.F.);
#9340 = EDGE_CURVE('',#4409,#9318,#9341,.T.);
#9341 = SURFACE_CURVE('',#9342,(#9347,#9354),.PCURVE_S1.);
#9342 = CIRCLE('',#9343,2.);
#9343 = AXIS2_PLACEMENT_3D('',#9344,#9345,#9346);
#9344 = CARTESIAN_POINT('',(-26.4625,-16.6,65.8876));
#9345 = DIRECTION('',(2.78E-15,0.,-1.));
#9346 = DIRECTION('',(-1.68E-15,-1.,-4.6704E-30));
#9347 = PCURVE('',#4457,#9348);
#9348 = DEFINITIONAL_REPRESENTATION('',(#9349),#9353);
#9349 = LINE('',#9350,#9351);
#9350 = CARTESIAN_POINT('',(-0.,3.15));
#9351 = VECTOR('',#9352,1.);
#9352 = DIRECTION('',(-1.,0.));
#9353 = ( GEOMETRIC_REPRESENTATION_CONTEXT(2) 
PARAMETRIC_REPRESENTATION_CONTEXT() REPRESENTATION_CONTEXT('2D SPACE',''
  ) );
#9354 = PCURVE('',#4429,#9355);
#9355 = DEFINITIONAL_REPRESENTATION('',(#9356),#9360);
#9356 = LINE('',#9357,#9358);
#9357 = CARTESIAN_POINT('',(-5.933E-14,4.712388980385));
#9358 = VECTOR('',#9359,1.);
#9359 = DIRECTION('',(0.,1.));
#9360 = ( GEOMETRIC_REPRESENTATION_CONTEXT(2) 
PARAMETRIC_REPRESENTATION_CONTEXT() REPRESENTATION_CONTEXT('2D SPACE',''
  ) );
#9361 = ORIENTED_EDGE('',*,*,#4441,.F.);
#9362 = ADVANCED_FACE('',(#9363),#3594,.T.);
#9363 = FACE_BOUND('',#9364,.T.);
#9364 = EDGE_LOOP('',(#9365,#9366,#9387,#9388));
#9365 = ORIENTED_EDGE('',*,*,#9267,.T.);
#9366 = ORIENTED_EDGE('',*,*,#9367,.T.);
#9367 = EDGE_CURVE('',#9268,#6267,#9368,.T.);
#9368 = SURFACE_CURVE('',#9369,(#9373,#9380),.PCURVE_S1.);
#9369 = LINE('',#9370,#9371);
#9370 = CARTESIAN_POINT('',(28.4625,-16.6,52.9876));
#9371 = VECTOR('',#9372,1.);
#9372 = DIRECTION('',(-2.66E-15,6.7E-16,1.));
#9373 = PCURVE('',#3594,#9374);
#9374 = DEFINITIONAL_REPRESENTATION('',(#9375),#9379);
#9375 = LINE('',#9376,#9377);
#9376 = CARTESIAN_POINT('',(1.570796326795,0.));
#9377 = VECTOR('',#9378,1.);
#9378 = DIRECTION('',(0.,1.));
#9379 = ( GEOMETRIC_REPRESENTATION_CONTEXT(2) 
PARAMETRIC_REPRESENTATION_CONTEXT() REPRESENTATION_CONTEXT('2D SPACE',''
  ) );
#9380 = PCURVE('',#6199,#9381);
#9381 = DEFINITIONAL_REPRESENTATION('',(#9382),#9386);
#9382 = LINE('',#9383,#9384);
#9383 = CARTESIAN_POINT('',(6.90909740728E-14,-28.6076));
#9384 = VECTOR('',#9385,1.);
#9385 = DIRECTION('',(1.,2.34E-15));
#9386 = ( GEOMETRIC_REPRESENTATION_CONTEXT(2) 
PARAMETRIC_REPRESENTATION_CONTEXT() REPRESENTATION_CONTEXT('2D SPACE',''
  ) );
#9387 = ORIENTED_EDGE('',*,*,#6266,.F.);
#9388 = ORIENTED_EDGE('',*,*,#3578,.F.);
#9389 = ADVANCED_FACE('',(#9390),#4429,.T.);
#9390 = FACE_BOUND('',#9391,.T.);
#9391 = EDGE_LOOP('',(#9392,#9393,#9394,#9418));
#9392 = ORIENTED_EDGE('',*,*,#9340,.F.);
#9393 = ORIENTED_EDGE('',*,*,#4408,.T.);
#9394 = ORIENTED_EDGE('',*,*,#9395,.T.);
#9395 = EDGE_CURVE('',#4386,#9396,#9398,.T.);
#9396 = VERTEX_POINT('',#9397);
#9397 = CARTESIAN_POINT('',(-27.29272221559,-16.6,69.101538048434));
#9398 = SURFACE_CURVE('',#9399,(#9404,#9411),.PCURVE_S1.);
#9399 = CIRCLE('',#9400,2.);
#9400 = AXIS2_PLACEMENT_3D('',#9401,#9402,#9403);
#9401 = CARTESIAN_POINT('',(-25.76063332935,-16.6,67.815962829061));
#9402 = DIRECTION('',(-0.642787609687,-1.E-17,-0.766044443119));
#9403 = DIRECTION('',(-0.766044443119,2.19E-15,0.642787609687));
#9404 = PCURVE('',#4429,#9405);
#9405 = DEFINITIONAL_REPRESENTATION('',(#9406),#9410);
#9406 = LINE('',#9407,#9408);
#9407 = CARTESIAN_POINT('',(0.698131700798,0.));
#9408 = VECTOR('',#9409,1.);
#9409 = DIRECTION('',(0.,1.));
#9410 = ( GEOMETRIC_REPRESENTATION_CONTEXT(2) 
PARAMETRIC_REPRESENTATION_CONTEXT() REPRESENTATION_CONTEXT('2D SPACE',''
  ) );
#9411 = PCURVE('',#4373,#9412);
#9412 = DEFINITIONAL_REPRESENTATION('',(#9413),#9417);
#9413 = LINE('',#9414,#9415);
#9414 = CARTESIAN_POINT('',(4.712388980385,-8.896E-14));
#9415 = VECTOR('',#9416,1.);
#9416 = DIRECTION('',(-1.,0.));
#9417 = ( GEOMETRIC_REPRESENTATION_CONTEXT(2) 
PARAMETRIC_REPRESENTATION_CONTEXT() REPRESENTATION_CONTEXT('2D SPACE',''
  ) );
#9418 = ORIENTED_EDGE('',*,*,#9419,.F.);
#9419 = EDGE_CURVE('',#9318,#9396,#9420,.T.);
#9420 = SURFACE_CURVE('',#9421,(#9426,#9433),.PCURVE_S1.);
#9421 = CIRCLE('',#9422,5.);
#9422 = AXIS2_PLACEMENT_3D('',#9423,#9424,#9425);
#9423 = CARTESIAN_POINT('',(-23.4625,-16.6,65.8876));
#9424 = DIRECTION('',(1.68E-15,1.,-1.42E-15));
#9425 = DIRECTION('',(-1.,1.68E-15,7.89E-15));
#9426 = PCURVE('',#4429,#9427);
#9427 = DEFINITIONAL_REPRESENTATION('',(#9428),#9432);
#9428 = LINE('',#9429,#9430);
#9429 = CARTESIAN_POINT('',(0.,6.28318530718));
#9430 = VECTOR('',#9431,1.);
#9431 = DIRECTION('',(1.,0.));
#9432 = ( GEOMETRIC_REPRESENTATION_CONTEXT(2) 
PARAMETRIC_REPRESENTATION_CONTEXT() REPRESENTATION_CONTEXT('2D SPACE',''
  ) );
#9433 = PCURVE('',#7158,#9434);
#9434 = DEFINITIONAL_REPRESENTATION('',(#9435),#9439);
#9435 = LINE('',#9436,#9437);
#9436 = CARTESIAN_POINT('',(2.558E-14,-28.6076));
#9437 = VECTOR('',#9438,1.);
#9438 = DIRECTION('',(1.,0.));
#9439 = ( GEOMETRIC_REPRESENTATION_CONTEXT(2) 
PARAMETRIC_REPRESENTATION_CONTEXT() REPRESENTATION_CONTEXT('2D SPACE',''
  ) );
#9440 = ADVANCED_FACE('',(#9441),#4373,.T.);
#9441 = FACE_BOUND('',#9442,.F.);
#9442 = EDGE_LOOP('',(#9443,#9481,#9620,#9621,#9622,#9623));
#9443 = ORIENTED_EDGE('',*,*,#9444,.F.);
#9444 = EDGE_CURVE('',#9445,#9447,#9449,.T.);
#9445 = VERTEX_POINT('',#9446);
#9446 = CARTESIAN_POINT('',(-20.48389609924,-17.6,76.799126090889));
#9447 = VERTEX_POINT('',#9448);
#9448 = CARTESIAN_POINT('',(-20.68252910908,-16.6,76.97925943086));
#9449 = SURFACE_CURVE('',#9450,(#9455,#9465),.PCURVE_S1.);
#9450 = ELLIPSE('',#9451,2.001480341083,2.);
#9451 = AXIS2_PLACEMENT_3D('',#9452,#9453,#9454);
#9452 = CARTESIAN_POINT('',(-19.19991213953,-16.6,75.634725877045));
#9453 = DIRECTION('',(-0.671769552874,4.5E-16,-0.740760195901));
#9454 = DIRECTION('',(-0.740760195901,-2.72E-14,0.671769552874));
#9455 = PCURVE('',#4373,#9456);
#9456 = DEFINITIONAL_REPRESENTATION('',(#9457),#9464);
#9457 = B_SPLINE_CURVE_WITH_KNOTS('',5,(#9458,#9459,#9460,#9461,#9462,
    #9463),.UNSPECIFIED.,.F.,.F.,(6,6),(4.712388980385,6.28318530718),
  .PIECEWISE_BEZIER_KNOTS.);
#9458 = CARTESIAN_POINT('',(1.1E-16,10.2066702764));
#9459 = CARTESIAN_POINT('',(-0.314159265359,10.230849431018));
#9460 = CARTESIAN_POINT('',(-0.6283185107,10.255050468076));
#9461 = CARTESIAN_POINT('',(-0.942477842948,10.274165941266));
#9462 = CARTESIAN_POINT('',(-1.256637061436,10.283634915947));
#9463 = CARTESIAN_POINT('',(-1.570796326795,10.283634915947));
#9464 = ( GEOMETRIC_REPRESENTATION_CONTEXT(2) 
PARAMETRIC_REPRESENTATION_CONTEXT() REPRESENTATION_CONTEXT('2D SPACE',''
  ) );
#9465 = PCURVE('',#9466,#9471);
#9466 = PLANE('',#9467);
#9467 = AXIS2_PLACEMENT_3D('',#9468,#9469,#9470);
#9468 = CARTESIAN_POINT('',(-18.5,-137.5110241319,75.000000000001));
#9469 = DIRECTION('',(0.671769552874,-1.83E-15,0.740760195901));
#9470 = DIRECTION('',(-0.740760195901,-4.5E-16,0.671769552874));
#9471 = DEFINITIONAL_REPRESENTATION('',(#9472),#9480);
#9472 = ( BOUNDED_CURVE() B_SPLINE_CURVE(2,(#9473,#9474,#9475,#9476,
#9477,#9478,#9479),.UNSPECIFIED.,.T.,.F.) B_SPLINE_CURVE_WITH_KNOTS((1,2
    ,2,2,2,1),(-2.094395102393,0.,2.094395102393,4.188790204786,
6.28318530718,8.377580409573),.UNSPECIFIED.) CURVE() 
GEOMETRIC_REPRESENTATION_ITEM() RATIONAL_B_SPLINE_CURVE((1.,0.5,1.,0.5,
1.,0.5,1.)) REPRESENTATION_ITEM('') );
#9473 = CARTESIAN_POINT('',(2.946336913295,-120.9110241319));
#9474 = CARTESIAN_POINT('',(2.946336913295,-124.3751257471));
#9475 = CARTESIAN_POINT('',(-5.588359832891E-02,-122.6430749395));
#9476 = CARTESIAN_POINT('',(-3.058104109953,-120.9110241319));
#9477 = CARTESIAN_POINT('',(-5.5883598329E-02,-119.1789733244));
#9478 = CARTESIAN_POINT('',(2.946336913295,-117.4469225168));
#9479 = CARTESIAN_POINT('',(2.946336913295,-120.9110241319));
#9480 = ( GEOMETRIC_REPRESENTATION_CONTEXT(2) 
PARAMETRIC_REPRESENTATION_CONTEXT() REPRESENTATION_CONTEXT('2D SPACE',''
  ) );
#9481 = ORIENTED_EDGE('',*,*,#9482,.F.);
#9482 = EDGE_CURVE('',#4330,#9445,#9483,.T.);
#9483 = SURFACE_CURVE('',#9484,(#9507,#9533),.PCURVE_S1.);
#9484 = B_SPLINE_CURVE_WITH_KNOTS('',6,(#9485,#9486,#9487,#9488,#9489,
    #9490,#9491,#9492,#9493,#9494,#9495,#9496,#9497,#9498,#9499,#9500,
    #9501,#9502,#9503,#9504,#9505,#9506),.UNSPECIFIED.,.F.,.F.,(7,5,5,5,
    7),(0.,2.841228599154E-02,0.4097134254,0.768158593163,1.),
  .UNSPECIFIED.);
#9485 = CARTESIAN_POINT('',(-18.55664912175,-18.6,76.401337654122));
#9486 = CARTESIAN_POINT('',(-18.56739981233,-18.59999999866,
    76.402507083286));
#9487 = CARTESIAN_POINT('',(-18.57815064974,-18.59995153057,
    76.403677738046));
#9488 = CARTESIAN_POINT('',(-18.58890123639,-18.59985459388,
    76.404847975816));
#9489 = CARTESIAN_POINT('',(-18.59965129517,-18.5997091849,
    76.40601817568));
#9490 = CARTESIAN_POINT('',(-18.61040062042,-18.59951529484,
    76.407189130374));
#9491 = CARTESIAN_POINT('',(-18.76539579588,-18.59601998263,
    76.424079730792));
#9492 = CARTESIAN_POINT('',(-18.90943615047,-18.58403304992,
    76.43988137794));
#9493 = CARTESIAN_POINT('',(-19.05275463457,-18.56328344263,
    76.456058608969));
#9494 = CARTESIAN_POINT('',(-19.19472116972,-18.53355327648,
    76.472909265309));
#9495 = CARTESIAN_POINT('',(-19.33456758878,-18.49451398058,
    76.490767357192));
#9496 = CARTESIAN_POINT('',(-19.59977969666,-18.39960733775,
    76.528332448705));
#9497 = CARTESIAN_POINT('',(-19.72536373586,-18.34494121366,
    76.547844735534));
#9498 = CARTESIAN_POINT('',(-19.84735304837,-18.28109690864,
    76.569095338437));
#9499 = CARTESIAN_POINT('',(-19.96441808055,-18.20746290738,
    76.592615804249));
#9500 = CARTESIAN_POINT('',(-20.07459156099,-18.12350907308,
    76.619060582277));
#9501 = CARTESIAN_POINT('',(-20.24004504053,-17.96778099713,
    76.669278486742));
#9502 = CARTESIAN_POINT('',(-20.30091799715,-17.90222662801,
    76.690680634374));
#9503 = CARTESIAN_POINT('',(-20.35688148869,-17.83225951527,
    76.71405132195));
#9504 = CARTESIAN_POINT('',(-20.40685345998,-17.75807918731,
    76.739696637362));
#9505 = CARTESIAN_POINT('',(-20.44954251956,-17.6802663758,
    76.767972029172));
#9506 = CARTESIAN_POINT('',(-20.48389609924,-17.6,76.799126090889));
#9507 = PCURVE('',#4373,#9508);
#9508 = DEFINITIONAL_REPRESENTATION('',(#9509),#9532);
#9509 = B_SPLINE_CURVE_WITH_KNOTS('',6,(#9510,#9511,#9512,#9513,#9514,
    #9515,#9516,#9517,#9518,#9519,#9520,#9521,#9522,#9523,#9524,#9525,
    #9526,#9527,#9528,#9529,#9530,#9531),.UNSPECIFIED.,.F.,.F.,(7,5,5,5,
    7),(0.,2.841228599154E-02,0.4097134254,0.768158593163,1.),
  .UNSPECIFIED.);
#9510 = CARTESIAN_POINT('',(-2.4575624735E-07,11.207410465856));
#9511 = CARTESIAN_POINT('',(-4.493846434403E-03,11.201395889868));
#9512 = CARTESIAN_POINT('',(-8.987897249998E-03,11.195382158362));
#9513 = CARTESIAN_POINT('',(-1.348188136569E-02,11.189368268607));
#9514 = CARTESIAN_POINT('',(-1.797597782441E-02,11.183354689121));
#9515 = CARTESIAN_POINT('',(-2.247052609483E-02,11.177342159374));
#9516 = CARTESIAN_POINT('',(-8.728922149549E-02,11.090652131617));
#9517 = CARTESIAN_POINT('',(-0.147678305148,11.010169540382));
#9518 = CARTESIAN_POINT('',(-0.208423877164,10.930438672498));
#9519 = CARTESIAN_POINT('',(-0.269786830205,10.852092694368));
#9520 = CARTESIAN_POINT('',(-0.332032990797,10.775881240988));
#9521 = CARTESIAN_POINT('',(-0.455196902403,10.634182713713));
#9522 = CARTESIAN_POINT('',(-0.515902860109,10.568406128239));
#9523 = CARTESIAN_POINT('',(-0.578004367999,10.506271815909));
#9524 = CARTESIAN_POINT('',(-0.641756068661,10.449041585831));
#9525 = CARTESIAN_POINT('',(-0.707348200762,10.398481312945));
#9526 = CARTESIAN_POINT('',(-0.818636024453,10.330599012983));
#9527 = CARTESIAN_POINT('',(-0.86314186756,10.307865626965));
#9528 = CARTESIAN_POINT('',(-0.90845079561,10.289795973356));
#9529 = CARTESIAN_POINT('',(-0.954442690751,10.277320060742));
#9530 = CARTESIAN_POINT('',(-1.000855737519,10.271540268948));
#9531 = CARTESIAN_POINT('',(-1.047197551197,10.27332360944));
#9532 = ( GEOMETRIC_REPRESENTATION_CONTEXT(2) 
PARAMETRIC_REPRESENTATION_CONTEXT() REPRESENTATION_CONTEXT('2D SPACE',''
  ) );
#9533 = PCURVE('',#4345,#9534);
#9534 = DEFINITIONAL_REPRESENTATION('',(#9535),#9619);
#9535 = B_SPLINE_CURVE_WITH_KNOTS('',10,(#9536,#9537,#9538,#9539,#9540,
    #9541,#9542,#9543,#9544,#9545,#9546,#9547,#9548,#9549,#9550,#9551,
    #9552,#9553,#9554,#9555,#9556,#9557,#9558,#9559,#9560,#9561,#9562,
    #9563,#9564,#9565,#9566,#9567,#9568,#9569,#9570,#9571,#9572,#9573,
    #9574,#9575,#9576,#9577,#9578,#9579,#9580,#9581,#9582,#9583,#9584,
    #9585,#9586,#9587,#9588,#9589,#9590,#9591,#9592,#9593,#9594,#9595,
    #9596,#9597,#9598,#9599,#9600,#9601,#9602,#9603,#9604,#9605,#9606,
    #9607,#9608,#9609,#9610,#9611,#9612,#9613,#9614,#9615,#9616,#9617,
    #9618),.UNSPECIFIED.,.F.,.F.,(11,9,9,9,9,9,9,9,9,11),(0.,0.125,0.25,
    0.375,0.4375,0.5,0.75,0.8125,0.875,1.),.UNSPECIFIED.);
#9536 = CARTESIAN_POINT('',(0.,3.848281164974E-02));
#9537 = CARTESIAN_POINT('',(-1.677721399483E-02,6.157828846259E-02));
#9538 = CARTESIAN_POINT('',(-3.354929426157E-02,8.46797591299E-02));
#9539 = CARTESIAN_POINT('',(-5.033673250991E-02,0.107764753625));
#9540 = CARTESIAN_POINT('',(-6.711165501299E-02,0.130877076625));
#9541 = CARTESIAN_POINT('',(-8.391244446066E-02,0.153938350483));
#9542 = CARTESIAN_POINT('',(-0.100712473865,0.177040396065));
#9543 = CARTESIAN_POINT('',(-0.117534473913,0.200102793613));
#9544 = CARTESIAN_POINT('',(-0.134371871982,0.223171903318));
#9545 = CARTESIAN_POINT('',(-0.151231333861,0.246226729163));
#9546 = CARTESIAN_POINT('',(-0.184999112168,0.292314940165));
#9547 = CARTESIAN_POINT('',(-0.201907550881,0.315347720929));
#9548 = CARTESIAN_POINT('',(-0.218843669012,0.338367729606));
#9549 = CARTESIAN_POINT('',(-0.235810635474,0.361373453253));
#9550 = CARTESIAN_POINT('',(-0.252811658242,0.384363313345));
#9551 = CARTESIAN_POINT('',(-0.269849984345,0.407335665766));
#9552 = CARTESIAN_POINT('',(-0.286928899876,0.430288800815));
#9553 = CARTESIAN_POINT('',(-0.30405172998,0.453220943202));
#9554 = CARTESIAN_POINT('',(-0.321221838865,0.476130252051));
#9555 = CARTESIAN_POINT('',(-0.355663420728,0.521899389742));
#9556 = CARTESIAN_POINT('',(-0.372934969112,0.544759219552));
#9557 = CARTESIAN_POINT('',(-0.390260664242,0.567592403742));
#9558 = CARTESIAN_POINT('',(-0.40764401503,0.590396970884));
#9559 = CARTESIAN_POINT('',(-0.425088650011,0.613170884708));
#9560 = CARTESIAN_POINT('',(-0.442598317338,0.635912044104));
#9561 = CARTESIAN_POINT('',(-0.460176884788,0.658618283122));
#9562 = CARTESIAN_POINT('',(-0.477828339756,0.681287370967));
#9563 = CARTESIAN_POINT('',(-0.495556789259,0.703917012005));
#9564 = CARTESIAN_POINT('',(-0.522271295275,0.737798762638));
#9565 = CARTESIAN_POINT('',(-0.531196597405,0.749082414563));
#9566 = CARTESIAN_POINT('',(-0.540141338295,0.760353555376));
#9567 = CARTESIAN_POINT('',(-0.549113647279,0.771621366839));
#9568 = CARTESIAN_POINT('',(-0.558091815114,0.782857635465));
#9569 = CARTESIAN_POINT('',(-0.567119026405,0.794115577115));
#9570 = CARTESIAN_POINT('',(-0.576143255697,0.805328675344));
#9571 = CARTESIAN_POINT('',(-0.585203455068,0.816544989734));
#9572 = CARTESIAN_POINT('',(-0.59428327255,0.827742799237));
#9573 = CARTESIAN_POINT('',(-0.612492333431,0.850112071006));
#9574 = CARTESIAN_POINT('',(-0.621621048023,0.861282863668));
#9575 = CARTESIAN_POINT('',(-0.630774606646,0.87243954328));
#9576 = CARTESIAN_POINT('',(-0.639953667815,0.88358181265));
#9577 = CARTESIAN_POINT('',(-0.649158888685,0.894709347217));
#9578 = CARTESIAN_POINT('',(-0.65839092505,0.90582179506));
#9579 = CARTESIAN_POINT('',(-0.66765043134,0.916918776885));
#9580 = CARTESIAN_POINT('',(-0.676938060626,0.927999886039));
#9581 = CARTESIAN_POINT('',(-0.686254464616,0.939064688498));
#9582 = CARTESIAN_POINT('',(-0.732983609815,0.994304860393));
#9583 = CARTESIAN_POINT('',(-0.77083758923,1.038228724359));
#9584 = CARTESIAN_POINT('',(-0.809204569747,1.081855047317));
#9585 = CARTESIAN_POINT('',(-0.848126445077,1.125147696109));
#9586 = CARTESIAN_POINT('',(-0.88764569991,1.168063903311));
#9587 = CARTESIAN_POINT('',(-0.927806445025,1.210554498658));
#9588 = CARTESIAN_POINT('',(-0.968655452413,1.252564140481));
#9589 = CARTESIAN_POINT('',(-1.010243190384,1.294031547129));
#9590 = CARTESIAN_POINT('',(-1.052624858687,1.334889728405));
#9591 = CARTESIAN_POINT('',(-1.106670564859,1.385110339135));
#9592 = CARTESIAN_POINT('',(-1.117533334568,1.395112020599));
#9593 = CARTESIAN_POINT('',(-1.128448705569,1.405068360335));
#9594 = CARTESIAN_POINT('',(-1.139425868459,1.414985570275));
#9595 = CARTESIAN_POINT('',(-1.150451149748,1.424849218625));
#9596 = CARTESIAN_POINT('',(-1.161531362133,1.434663397575));
#9597 = CARTESIAN_POINT('',(-1.172674701845,1.444433382938));
#9598 = CARTESIAN_POINT('',(-1.183869699952,1.454146615021));
#9599 = CARTESIAN_POINT('',(-1.195125083478,1.463808824325));
#9600 = CARTESIAN_POINT('',(-1.217752332959,1.483022880822));
#9601 = CARTESIAN_POINT('',(-1.229124607381,1.492575114339));
#9602 = CARTESIAN_POINT('',(-1.240556168416,1.502070898233));
#9603 = CARTESIAN_POINT('',(-1.252047605223,1.511508527655));
#9604 = CARTESIAN_POINT('',(-1.263599459188,1.520886247796));
#9605 = CARTESIAN_POINT('',(-1.275212223924,1.53020225389));
#9606 = CARTESIAN_POINT('',(-1.286886345269,1.539454691208));
#9607 = CARTESIAN_POINT('',(-1.298622221292,1.548641655067));
#9608 = CARTESIAN_POINT('',(-1.310420202285,1.55776119082));
#9609 = CARTESIAN_POINT('',(-1.346001367735,1.584911499952));
#9610 = CARTESIAN_POINT('',(-1.36997178375,1.602734005098));
#9611 = CARTESIAN_POINT('',(-1.394194127285,1.620262964838));
#9612 = CARTESIAN_POINT('',(-1.418669914325,1.637481898275));
#9613 = CARTESIAN_POINT('',(-1.443399736837,1.654373890433));
#9614 = CARTESIAN_POINT('',(-1.468383111247,1.670921794628));
#9615 = CARTESIAN_POINT('',(-1.493618326907,1.687108434825));
#9616 = CARTESIAN_POINT('',(-1.519102294575,1.702916808011));
#9617 = CARTESIAN_POINT('',(-1.544830394879,1.718330286551));
#9618 = CARTESIAN_POINT('',(-1.570796326795,1.733332820553));
#9619 = ( GEOMETRIC_REPRESENTATION_CONTEXT(2) 
PARAMETRIC_REPRESENTATION_CONTEXT() REPRESENTATION_CONTEXT('2D SPACE',''
  ) );
#9620 = ORIENTED_EDGE('',*,*,#4357,.F.);
#9621 = ORIENTED_EDGE('',*,*,#4385,.F.);
#9622 = ORIENTED_EDGE('',*,*,#9395,.T.);
#9623 = ORIENTED_EDGE('',*,*,#9624,.T.);
#9624 = EDGE_CURVE('',#9396,#9447,#9625,.T.);
#9625 = SURFACE_CURVE('',#9626,(#9630,#9637),.PCURVE_S1.);
#9626 = LINE('',#9627,#9628);
#9627 = CARTESIAN_POINT('',(-27.29272221559,-16.6,69.101538048434));
#9628 = VECTOR('',#9629,1.);
#9629 = DIRECTION('',(0.642787609686,-1.5E-15,0.766044443119));
#9630 = PCURVE('',#4373,#9631);
#9631 = DEFINITIONAL_REPRESENTATION('',(#9632),#9636);
#9632 = LINE('',#9633,#9634);
#9633 = CARTESIAN_POINT('',(-1.570796326795,0.));
#9634 = VECTOR('',#9635,1.);
#9635 = DIRECTION('',(-0.,1.));
#9636 = ( GEOMETRIC_REPRESENTATION_CONTEXT(2) 
PARAMETRIC_REPRESENTATION_CONTEXT() REPRESENTATION_CONTEXT('2D SPACE',''
  ) );
#9637 = PCURVE('',#7499,#9638);
#9638 = DEFINITIONAL_REPRESENTATION('',(#9639),#9643);
#9639 = LINE('',#9640,#9641);
#9640 = CARTESIAN_POINT('',(-6.780994733301E-14,-28.6076));
#9641 = VECTOR('',#9642,1.);
#9642 = DIRECTION('',(-1.,1.03E-15));
#9643 = ( GEOMETRIC_REPRESENTATION_CONTEXT(2) 
PARAMETRIC_REPRESENTATION_CONTEXT() REPRESENTATION_CONTEXT('2D SPACE',''
  ) );
#9644 = ADVANCED_FACE('',(#9645),#4345,.T.);
#9645 = FACE_BOUND('',#9646,.F.);
#9646 = EDGE_LOOP('',(#9647,#9648,#9671,#9693));
#9647 = ORIENTED_EDGE('',*,*,#9482,.T.);
#9648 = ORIENTED_EDGE('',*,*,#9649,.T.);
#9649 = EDGE_CURVE('',#9445,#9650,#9652,.T.);
#9650 = VERTEX_POINT('',#9651);
#9651 = CARTESIAN_POINT('',(-20.68252910908,-17.6,76.97925943086));
#9652 = SURFACE_CURVE('',#9653,(#9657,#9664),.PCURVE_S1.);
#9653 = LINE('',#9654,#9655);
#9654 = CARTESIAN_POINT('',(-19.19991213953,-17.6,75.634725877045));
#9655 = VECTOR('',#9656,1.);
#9656 = DIRECTION('',(-0.740760195901,2.09E-15,0.671769552874));
#9657 = PCURVE('',#4345,#9658);
#9658 = DEFINITIONAL_REPRESENTATION('',(#9659),#9663);
#9659 = LINE('',#9660,#9661);
#9660 = CARTESIAN_POINT('',(-1.570796326795,0.));
#9661 = VECTOR('',#9662,1.);
#9662 = DIRECTION('',(-0.,1.));
#9663 = ( GEOMETRIC_REPRESENTATION_CONTEXT(2) 
PARAMETRIC_REPRESENTATION_CONTEXT() REPRESENTATION_CONTEXT('2D SPACE',''
  ) );
#9664 = PCURVE('',#9466,#9665);
#9665 = DEFINITIONAL_REPRESENTATION('',(#9666),#9670);
#9666 = LINE('',#9667,#9668);
#9667 = CARTESIAN_POINT('',(0.944856572212,-119.9110241319));
#9668 = VECTOR('',#9669,1.);
#9669 = DIRECTION('',(1.,-2.54E-15));
#9670 = ( GEOMETRIC_REPRESENTATION_CONTEXT(2) 
PARAMETRIC_REPRESENTATION_CONTEXT() REPRESENTATION_CONTEXT('2D SPACE',''
  ) );
#9671 = ORIENTED_EDGE('',*,*,#9672,.F.);
#9672 = EDGE_CURVE('',#4302,#9650,#9673,.T.);
#9673 = SURFACE_CURVE('',#9674,(#9679,#9686),.PCURVE_S1.);
#9674 = CIRCLE('',#9675,1.);
#9675 = AXIS2_PLACEMENT_3D('',#9676,#9677,#9678);
#9676 = CARTESIAN_POINT('',(-20.01075955621,-17.6,77.720019626761));
#9677 = DIRECTION('',(0.740760195901,-2.09E-15,-0.671769552874));
#9678 = DIRECTION('',(-1.603416745816E-15,-1.,1.343098527461E-15));
#9679 = PCURVE('',#4345,#9680);
#9680 = DEFINITIONAL_REPRESENTATION('',(#9681),#9685);
#9681 = LINE('',#9682,#9683);
#9682 = CARTESIAN_POINT('',(-0.,2.001480341083));
#9683 = VECTOR('',#9684,1.);
#9684 = DIRECTION('',(-1.,0.));
#9685 = ( GEOMETRIC_REPRESENTATION_CONTEXT(2) 
PARAMETRIC_REPRESENTATION_CONTEXT() REPRESENTATION_CONTEXT('2D SPACE',''
  ) );
#9686 = PCURVE('',#4317,#9687);
#9687 = DEFINITIONAL_REPRESENTATION('',(#9688),#9692);
#9688 = LINE('',#9689,#9690);
#9689 = CARTESIAN_POINT('',(-0.,0.));
#9690 = VECTOR('',#9691,1.);
#9691 = DIRECTION('',(-1.,0.));
#9692 = ( GEOMETRIC_REPRESENTATION_CONTEXT(2) 
PARAMETRIC_REPRESENTATION_CONTEXT() REPRESENTATION_CONTEXT('2D SPACE',''
  ) );
#9693 = ORIENTED_EDGE('',*,*,#4329,.F.);
#9694 = ADVANCED_FACE('',(#9695),#4317,.T.);
#9695 = FACE_BOUND('',#9696,.F.);
#9696 = EDGE_LOOP('',(#9697,#9698,#9721,#9743));
#9697 = ORIENTED_EDGE('',*,*,#9672,.T.);
#9698 = ORIENTED_EDGE('',*,*,#9699,.T.);
#9699 = EDGE_CURVE('',#9650,#9700,#9702,.T.);
#9700 = VERTEX_POINT('',#9701);
#9701 = CARTESIAN_POINT('',(-22.25433910574,-17.6,78.404679026166));
#9702 = SURFACE_CURVE('',#9703,(#9707,#9714),.PCURVE_S1.);
#9703 = LINE('',#9704,#9705);
#9704 = CARTESIAN_POINT('',(-20.68252910908,-17.6,76.97925943086));
#9705 = VECTOR('',#9706,1.);
#9706 = DIRECTION('',(-0.740760195901,2.69E-15,0.671769552874));
#9707 = PCURVE('',#4317,#9708);
#9708 = DEFINITIONAL_REPRESENTATION('',(#9709),#9713);
#9709 = LINE('',#9710,#9711);
#9710 = CARTESIAN_POINT('',(-1.570796326795,0.));
#9711 = VECTOR('',#9712,1.);
#9712 = DIRECTION('',(-0.,1.));
#9713 = ( GEOMETRIC_REPRESENTATION_CONTEXT(2) 
PARAMETRIC_REPRESENTATION_CONTEXT() REPRESENTATION_CONTEXT('2D SPACE',''
  ) );
#9714 = PCURVE('',#9466,#9715);
#9715 = DEFINITIONAL_REPRESENTATION('',(#9716),#9720);
#9716 = LINE('',#9717,#9718);
#9717 = CARTESIAN_POINT('',(2.946336913295,-119.9110241319));
#9718 = VECTOR('',#9719,1.);
#9719 = DIRECTION('',(1.,-3.14E-15));
#9720 = ( GEOMETRIC_REPRESENTATION_CONTEXT(2) 
PARAMETRIC_REPRESENTATION_CONTEXT() REPRESENTATION_CONTEXT('2D SPACE',''
  ) );
#9721 = ORIENTED_EDGE('',*,*,#9722,.F.);
#9722 = EDGE_CURVE('',#4269,#9700,#9723,.T.);
#9723 = SURFACE_CURVE('',#9724,(#9729,#9736),.PCURVE_S1.);
#9724 = CIRCLE('',#9725,1.);
#9725 = AXIS2_PLACEMENT_3D('',#9726,#9727,#9728);
#9726 = CARTESIAN_POINT('',(-21.58256955287,-17.6,79.145439222068));
#9727 = DIRECTION('',(0.740760195901,-2.69E-15,-0.671769552874));
#9728 = DIRECTION('',(-2.04240930982E-15,-1.,1.752184918938E-15));
#9729 = PCURVE('',#4317,#9730);
#9730 = DEFINITIONAL_REPRESENTATION('',(#9731),#9735);
#9731 = LINE('',#9732,#9733);
#9732 = CARTESIAN_POINT('',(-0.,2.121887765244));
#9733 = VECTOR('',#9734,1.);
#9734 = DIRECTION('',(-1.,0.));
#9735 = ( GEOMETRIC_REPRESENTATION_CONTEXT(2) 
PARAMETRIC_REPRESENTATION_CONTEXT() REPRESENTATION_CONTEXT('2D SPACE',''
  ) );
#9736 = PCURVE('',#4289,#9737);
#9737 = DEFINITIONAL_REPRESENTATION('',(#9738),#9742);
#9738 = LINE('',#9739,#9740);
#9739 = CARTESIAN_POINT('',(-4.44E-15,4.712388980385));
#9740 = VECTOR('',#9741,1.);
#9741 = DIRECTION('',(0.,1.));
#9742 = ( GEOMETRIC_REPRESENTATION_CONTEXT(2) 
PARAMETRIC_REPRESENTATION_CONTEXT() REPRESENTATION_CONTEXT('2D SPACE',''
  ) );
#9743 = ORIENTED_EDGE('',*,*,#4301,.F.);
#9744 = ADVANCED_FACE('',(#9745),#3714,.F.);
#9745 = FACE_BOUND('',#9746,.F.);
#9746 = EDGE_LOOP('',(#9747,#9768,#9769,#9770));
#9747 = ORIENTED_EDGE('',*,*,#9748,.F.);
#9748 = EDGE_CURVE('',#8849,#3699,#9749,.T.);
#9749 = SURFACE_CURVE('',#9750,(#9754,#9761),.PCURVE_S1.);
#9750 = LINE('',#9751,#9752);
#9751 = CARTESIAN_POINT('',(23.4625,12.0076,65.8876));
#9752 = VECTOR('',#9753,1.);
#9753 = DIRECTION('',(2.33E-15,-1.,1.67E-15));
#9754 = PCURVE('',#3714,#9755);
#9755 = DEFINITIONAL_REPRESENTATION('',(#9756),#9760);
#9756 = LINE('',#9757,#9758);
#9757 = CARTESIAN_POINT('',(4.9625,1.4097863212E-15));
#9758 = VECTOR('',#9759,1.);
#9759 = DIRECTION('',(3.33E-15,-1.));
#9760 = ( GEOMETRIC_REPRESENTATION_CONTEXT(2) 
PARAMETRIC_REPRESENTATION_CONTEXT() REPRESENTATION_CONTEXT('2D SPACE',''
  ) );
#9761 = PCURVE('',#3742,#9762);
#9762 = DEFINITIONAL_REPRESENTATION('',(#9763),#9767);
#9763 = LINE('',#9764,#9765);
#9764 = CARTESIAN_POINT('',(0.,0.));
#9765 = VECTOR('',#9766,1.);
#9766 = DIRECTION('',(-3.34E-15,-1.));
#9767 = ( GEOMETRIC_REPRESENTATION_CONTEXT(2) 
PARAMETRIC_REPRESENTATION_CONTEXT() REPRESENTATION_CONTEXT('2D SPACE',''
  ) );
#9768 = ORIENTED_EDGE('',*,*,#8848,.T.);
#9769 = ORIENTED_EDGE('',*,*,#6617,.T.);
#9770 = ORIENTED_EDGE('',*,*,#3698,.T.);
#9771 = ADVANCED_FACE('',(#9772),#4289,.T.);
#9772 = FACE_BOUND('',#9773,.T.);
#9773 = EDGE_LOOP('',(#9774,#9775,#9776,#9800));
#9774 = ORIENTED_EDGE('',*,*,#9722,.F.);
#9775 = ORIENTED_EDGE('',*,*,#4268,.T.);
#9776 = ORIENTED_EDGE('',*,*,#9777,.T.);
#9777 = EDGE_CURVE('',#4241,#9778,#9780,.T.);
#9778 = VERTEX_POINT('',#9779);
#9779 = CARTESIAN_POINT('',(-22.9108,-17.6,79.886199417969));
#9780 = SURFACE_CURVE('',#9781,(#9786,#9793),.PCURVE_S1.);
#9781 = CIRCLE('',#9782,1.);
#9782 = AXIS2_PLACEMENT_3D('',#9783,#9784,#9785);
#9783 = CARTESIAN_POINT('',(-21.9108,-17.6,79.886199417969));
#9784 = DIRECTION('',(6.38E-15,-1.42E-15,-1.));
#9785 = DIRECTION('',(-1.,1.68E-15,-6.38E-15));
#9786 = PCURVE('',#4289,#9787);
#9787 = DEFINITIONAL_REPRESENTATION('',(#9788),#9792);
#9788 = LINE('',#9789,#9790);
#9789 = CARTESIAN_POINT('',(0.834201285377,0.));
#9790 = VECTOR('',#9791,1.);
#9791 = DIRECTION('',(0.,1.));
#9792 = ( GEOMETRIC_REPRESENTATION_CONTEXT(2) 
PARAMETRIC_REPRESENTATION_CONTEXT() REPRESENTATION_CONTEXT('2D SPACE',''
  ) );
#9793 = PCURVE('',#4256,#9794);
#9794 = DEFINITIONAL_REPRESENTATION('',(#9795),#9799);
#9795 = LINE('',#9796,#9797);
#9796 = CARTESIAN_POINT('',(4.712388980385,-5.064E-14));
#9797 = VECTOR('',#9798,1.);
#9798 = DIRECTION('',(-1.,0.));
#9799 = ( GEOMETRIC_REPRESENTATION_CONTEXT(2) 
PARAMETRIC_REPRESENTATION_CONTEXT() REPRESENTATION_CONTEXT('2D SPACE',''
  ) );
#9800 = ORIENTED_EDGE('',*,*,#9801,.F.);
#9801 = EDGE_CURVE('',#9700,#9778,#9802,.T.);
#9802 = SURFACE_CURVE('',#9803,(#9808,#9815),.PCURVE_S1.);
#9803 = CIRCLE('',#9804,2.);
#9804 = AXIS2_PLACEMENT_3D('',#9805,#9806,#9807);
#9805 = CARTESIAN_POINT('',(-20.9108,-17.6,79.886199417969));
#9806 = DIRECTION('',(1.68E-15,1.,-1.42E-15));
#9807 = DIRECTION('',(-0.671769552874,7.669337064777E-17,-0.740760195901
    ));
#9808 = PCURVE('',#4289,#9809);
#9809 = DEFINITIONAL_REPRESENTATION('',(#9810),#9814);
#9810 = LINE('',#9811,#9812);
#9811 = CARTESIAN_POINT('',(0.,6.28318530718));
#9812 = VECTOR('',#9813,1.);
#9813 = DIRECTION('',(1.,0.));
#9814 = ( GEOMETRIC_REPRESENTATION_CONTEXT(2) 
PARAMETRIC_REPRESENTATION_CONTEXT() REPRESENTATION_CONTEXT('2D SPACE',''
  ) );
#9815 = PCURVE('',#9816,#9821);
#9816 = CYLINDRICAL_SURFACE('',#9817,2.);
#9817 = AXIS2_PLACEMENT_3D('',#9818,#9819,#9820);
#9818 = CARTESIAN_POINT('',(-20.9108,-137.5110241319,79.886199417969));
#9819 = DIRECTION('',(2.44E-15,-1.,1.67E-15));
#9820 = DIRECTION('',(1.,2.44E-15,-7.8E-16));
#9821 = DEFINITIONAL_REPRESENTATION('',(#9822),#9826);
#9822 = LINE('',#9823,#9824);
#9823 = CARTESIAN_POINT('',(3.975793938967,-119.9110241319));
#9824 = VECTOR('',#9825,1.);
#9825 = DIRECTION('',(-1.,-0.));
#9826 = ( GEOMETRIC_REPRESENTATION_CONTEXT(2) 
PARAMETRIC_REPRESENTATION_CONTEXT() REPRESENTATION_CONTEXT('2D SPACE',''
  ) );
#9827 = ADVANCED_FACE('',(#9828),#3742,.F.);
#9828 = FACE_BOUND('',#9829,.F.);
#9829 = EDGE_LOOP('',(#9830,#9831,#9854,#9875,#9876));
#9830 = ORIENTED_EDGE('',*,*,#7346,.F.);
#9831 = ORIENTED_EDGE('',*,*,#9832,.T.);
#9832 = EDGE_CURVE('',#7319,#9833,#9835,.T.);
#9833 = VERTEX_POINT('',#9834);
#9834 = CARTESIAN_POINT('',(23.4625,-9.1625,62.8376));
#9835 = SURFACE_CURVE('',#9836,(#9840,#9847),.PCURVE_S1.);
#9836 = LINE('',#9837,#9838);
#9837 = CARTESIAN_POINT('',(23.4625,-9.1625,61.0626));
#9838 = VECTOR('',#9839,1.);
#9839 = DIRECTION('',(-2.E-15,-5.6E-16,1.));
#9840 = PCURVE('',#3742,#9841);
#9841 = DEFINITIONAL_REPRESENTATION('',(#9842),#9846);
#9842 = LINE('',#9843,#9844);
#9843 = CARTESIAN_POINT('',(4.825,-21.1701));
#9844 = VECTOR('',#9845,1.);
#9845 = DIRECTION('',(-1.,1.11E-15));
#9846 = ( GEOMETRIC_REPRESENTATION_CONTEXT(2) 
PARAMETRIC_REPRESENTATION_CONTEXT() REPRESENTATION_CONTEXT('2D SPACE',''
  ) );
#9847 = PCURVE('',#7334,#9848);
#9848 = DEFINITIONAL_REPRESENTATION('',(#9849),#9853);
#9849 = LINE('',#9850,#9851);
#9850 = CARTESIAN_POINT('',(4.825,-0.1));
#9851 = VECTOR('',#9852,1.);
#9852 = DIRECTION('',(1.,-1.1E-16));
#9853 = ( GEOMETRIC_REPRESENTATION_CONTEXT(2) 
PARAMETRIC_REPRESENTATION_CONTEXT() REPRESENTATION_CONTEXT('2D SPACE',''
  ) );
#9854 = ORIENTED_EDGE('',*,*,#9855,.F.);
#9855 = EDGE_CURVE('',#8849,#9833,#9856,.T.);
#9856 = SURFACE_CURVE('',#9857,(#9861,#9868),.PCURVE_S1.);
#9857 = LINE('',#9858,#9859);
#9858 = CARTESIAN_POINT('',(23.4625,-9.1625,65.8876));
#9859 = VECTOR('',#9860,1.);
#9860 = DIRECTION('',(2.E-15,5.6E-16,-1.));
#9861 = PCURVE('',#3742,#9862);
#9862 = DEFINITIONAL_REPRESENTATION('',(#9863),#9867);
#9863 = LINE('',#9864,#9865);
#9864 = CARTESIAN_POINT('',(7.278497145606E-15,-21.1701));
#9865 = VECTOR('',#9866,1.);
#9866 = DIRECTION('',(1.,-1.11E-15));
#9867 = ( GEOMETRIC_REPRESENTATION_CONTEXT(2) 
PARAMETRIC_REPRESENTATION_CONTEXT() REPRESENTATION_CONTEXT('2D SPACE',''
  ) );
#9868 = PCURVE('',#8885,#9869);
#9869 = DEFINITIONAL_REPRESENTATION('',(#9870),#9874);
#9870 = LINE('',#9871,#9872);
#9871 = CARTESIAN_POINT('',(-1.43998547152E-14,-0.1));
#9872 = VECTOR('',#9873,1.);
#9873 = DIRECTION('',(1.,1.1E-16));
#9874 = ( GEOMETRIC_REPRESENTATION_CONTEXT(2) 
PARAMETRIC_REPRESENTATION_CONTEXT() REPRESENTATION_CONTEXT('2D SPACE',''
  ) );
#9875 = ORIENTED_EDGE('',*,*,#9748,.T.);
#9876 = ORIENTED_EDGE('',*,*,#3726,.T.);
#9877 = ADVANCED_FACE('',(#9878),#4256,.T.);
#9878 = FACE_BOUND('',#9879,.F.);
#9879 = EDGE_LOOP('',(#9880,#9881,#9909,#9930));
#9880 = ORIENTED_EDGE('',*,*,#9777,.T.);
#9881 = ORIENTED_EDGE('',*,*,#9882,.T.);
#9882 = EDGE_CURVE('',#9778,#9883,#9885,.T.);
#9883 = VERTEX_POINT('',#9884);
#9884 = CARTESIAN_POINT('',(-22.9108,-17.6,108.38619941796));
#9885 = SURFACE_CURVE('',#9886,(#9890,#9897),.PCURVE_S1.);
#9886 = LINE('',#9887,#9888);
#9887 = CARTESIAN_POINT('',(-22.9108,-17.6,79.886199417969));
#9888 = VECTOR('',#9889,1.);
#9889 = DIRECTION('',(-3.55E-15,1.33E-15,1.));
#9890 = PCURVE('',#4256,#9891);
#9891 = DEFINITIONAL_REPRESENTATION('',(#9892),#9896);
#9892 = LINE('',#9893,#9894);
#9893 = CARTESIAN_POINT('',(-1.570796326795,0.));
#9894 = VECTOR('',#9895,1.);
#9895 = DIRECTION('',(-0.,1.));
#9896 = ( GEOMETRIC_REPRESENTATION_CONTEXT(2) 
PARAMETRIC_REPRESENTATION_CONTEXT() REPRESENTATION_CONTEXT('2D SPACE',''
  ) );
#9897 = PCURVE('',#9898,#9903);
#9898 = PLANE('',#9899);
#9899 = AXIS2_PLACEMENT_3D('',#9900,#9901,#9902);
#9900 = CARTESIAN_POINT('',(-22.9108,-3.2962,62.25));
#9901 = DIRECTION('',(-1.,1.44E-15,8.9E-16));
#9902 = DIRECTION('',(-8.9E-16,2.11E-15,-1.));
#9903 = DEFINITIONAL_REPRESENTATION('',(#9904),#9908);
#9904 = LINE('',#9905,#9906);
#9905 = CARTESIAN_POINT('',(-17.63619941796,14.3038));
#9906 = VECTOR('',#9907,1.);
#9907 = DIRECTION('',(-1.,-3.44E-15));
#9908 = ( GEOMETRIC_REPRESENTATION_CONTEXT(2) 
PARAMETRIC_REPRESENTATION_CONTEXT() REPRESENTATION_CONTEXT('2D SPACE',''
  ) );
#9909 = ORIENTED_EDGE('',*,*,#9910,.F.);
#9910 = EDGE_CURVE('',#4198,#9883,#9911,.T.);
#9911 = SURFACE_CURVE('',#9912,(#9917,#9924),.PCURVE_S1.);
#9912 = CIRCLE('',#9913,1.);
#9913 = AXIS2_PLACEMENT_3D('',#9914,#9915,#9916);
#9914 = CARTESIAN_POINT('',(-21.9108,-17.6,108.38619941796));
#9915 = DIRECTION('',(3.55E-15,-1.33E-15,-1.));
#9916 = DIRECTION('',(-1.68E-15,-1.,1.33E-15));
#9917 = PCURVE('',#4256,#9918);
#9918 = DEFINITIONAL_REPRESENTATION('',(#9919),#9923);
#9919 = LINE('',#9920,#9921);
#9920 = CARTESIAN_POINT('',(-0.,28.5));
#9921 = VECTOR('',#9922,1.);
#9922 = DIRECTION('',(-1.,0.));
#9923 = ( GEOMETRIC_REPRESENTATION_CONTEXT(2) 
PARAMETRIC_REPRESENTATION_CONTEXT() REPRESENTATION_CONTEXT('2D SPACE',''
  ) );
#9924 = PCURVE('',#4218,#9925);
#9925 = DEFINITIONAL_REPRESENTATION('',(#9926),#9929);
#9926 = B_SPLINE_CURVE_WITH_KNOTS('',1,(#9927,#9928),.UNSPECIFIED.,.F.,
  .F.,(2,2),(0.,1.570796326795),.PIECEWISE_BEZIER_KNOTS.);
#9927 = CARTESIAN_POINT('',(1.78E-15,4.712388980385));
#9928 = CARTESIAN_POINT('',(1.78E-15,6.28318530718));
#9929 = ( GEOMETRIC_REPRESENTATION_CONTEXT(2) 
PARAMETRIC_REPRESENTATION_CONTEXT() REPRESENTATION_CONTEXT('2D SPACE',''
  ) );
#9930 = ORIENTED_EDGE('',*,*,#4240,.F.);
#9931 = ADVANCED_FACE('',(#9932),#4218,.T.);
#9932 = FACE_BOUND('',#9933,.T.);
#9933 = EDGE_LOOP('',(#9934,#9935,#9936,#9960));
#9934 = ORIENTED_EDGE('',*,*,#9910,.F.);
#9935 = ORIENTED_EDGE('',*,*,#4197,.T.);
#9936 = ORIENTED_EDGE('',*,*,#9937,.T.);
#9937 = EDGE_CURVE('',#4169,#9938,#9940,.T.);
#9938 = VERTEX_POINT('',#9939);
#9939 = CARTESIAN_POINT('',(-21.95436272748,-17.6,109.44448276037));
#9940 = SURFACE_CURVE('',#9941,(#9946,#9953),.PCURVE_S1.);
#9941 = CIRCLE('',#9942,1.);
#9942 = AXIS2_PLACEMENT_3D('',#9943,#9944,#9945);
#9943 = CARTESIAN_POINT('',(-21.85351864958,-17.6,108.44958051796));
#9944 = DIRECTION('',(-0.99490224241,1.52E-15,-0.100844077901));
#9945 = DIRECTION('',(-0.100844077901,1.58E-15,0.99490224241));
#9946 = PCURVE('',#4218,#9947);
#9947 = DEFINITIONAL_REPRESENTATION('',(#9948),#9952);
#9948 = LINE('',#9949,#9950);
#9949 = CARTESIAN_POINT('',(1.469780693299,0.));
#9950 = VECTOR('',#9951,1.);
#9951 = DIRECTION('',(0.,1.));
#9952 = ( GEOMETRIC_REPRESENTATION_CONTEXT(2) 
PARAMETRIC_REPRESENTATION_CONTEXT() REPRESENTATION_CONTEXT('2D SPACE',''
  ) );
#9953 = PCURVE('',#4185,#9954);
#9954 = DEFINITIONAL_REPRESENTATION('',(#9955),#9959);
#9955 = LINE('',#9956,#9957);
#9956 = CARTESIAN_POINT('',(2.66E-15,-3.14159265359));
#9957 = VECTOR('',#9958,1.);
#9958 = DIRECTION('',(0.,1.));
#9959 = ( GEOMETRIC_REPRESENTATION_CONTEXT(2) 
PARAMETRIC_REPRESENTATION_CONTEXT() REPRESENTATION_CONTEXT('2D SPACE',''
  ) );
#9960 = ORIENTED_EDGE('',*,*,#9961,.F.);
#9961 = EDGE_CURVE('',#9883,#9938,#9962,.T.);
#9962 = SURFACE_CURVE('',#9963,(#9968,#9975),.PCURVE_S1.);
#9963 = CIRCLE('',#9964,1.063705692205);
#9964 = AXIS2_PLACEMENT_3D('',#9965,#9966,#9967);
#9965 = CARTESIAN_POINT('',(-21.84709430779,-17.6,108.38619958193));
#9966 = DIRECTION('',(1.68E-15,1.,-1.42E-15));
#9967 = DIRECTION('',(-1.,1.679999781114E-15,-1.5414471969E-07));
#9968 = PCURVE('',#4218,#9969);
#9969 = DEFINITIONAL_REPRESENTATION('',(#9970),#9974);
#9970 = LINE('',#9971,#9972);
#9971 = CARTESIAN_POINT('',(0.,6.28318530718));
#9972 = VECTOR('',#9973,1.);
#9973 = DIRECTION('',(1.,0.));
#9974 = ( GEOMETRIC_REPRESENTATION_CONTEXT(2) 
PARAMETRIC_REPRESENTATION_CONTEXT() REPRESENTATION_CONTEXT('2D SPACE',''
  ) );
#9975 = PCURVE('',#9976,#9981);
#9976 = CYLINDRICAL_SURFACE('',#9977,1.063705692205);
#9977 = AXIS2_PLACEMENT_3D('',#9978,#9979,#9980);
#9978 = CARTESIAN_POINT('',(-21.84709430779,-137.5110241319,
    108.38619958193));
#9979 = DIRECTION('',(2.44E-15,-1.,1.67E-15));
#9980 = DIRECTION('',(1.,2.44E-15,-7.8E-16));
#9981 = DEFINITIONAL_REPRESENTATION('',(#9982),#9986);
#9982 = LINE('',#9983,#9984);
#9983 = CARTESIAN_POINT('',(3.141592807734,-119.9110241319));
#9984 = VECTOR('',#9985,1.);
#9985 = DIRECTION('',(-1.,-0.));
#9986 = ( GEOMETRIC_REPRESENTATION_CONTEXT(2) 
PARAMETRIC_REPRESENTATION_CONTEXT() REPRESENTATION_CONTEXT('2D SPACE',''
  ) );
#9987 = ADVANCED_FACE('',(#9988),#3793,.T.);
#9988 = FACE_BOUND('',#9989,.T.);
#9989 = EDGE_LOOP('',(#9990,#9991,#10014,#10036));
#9990 = ORIENTED_EDGE('',*,*,#7368,.T.);
#9991 = ORIENTED_EDGE('',*,*,#9992,.T.);
#9992 = EDGE_CURVE('',#7209,#9993,#9995,.T.);
#9993 = VERTEX_POINT('',#9994);
#9994 = CARTESIAN_POINT('',(28.4625,-16.6,65.8876));
#9995 = SURFACE_CURVE('',#9996,(#10000,#10007),.PCURVE_S1.);
#9996 = LINE('',#9997,#9998);
#9997 = CARTESIAN_POINT('',(28.4625,-16.6,62.7376));
#9998 = VECTOR('',#9999,1.);
#9999 = DIRECTION('',(-2.66E-15,6.7E-16,1.));
#10000 = PCURVE('',#3793,#10001);
#10001 = DEFINITIONAL_REPRESENTATION('',(#10002),#10006);
#10002 = LINE('',#10003,#10004);
#10003 = CARTESIAN_POINT('',(1.570796326795,0.));
#10004 = VECTOR('',#10005,1.);
#10005 = DIRECTION('',(0.,1.));
#10006 = ( GEOMETRIC_REPRESENTATION_CONTEXT(2) 
PARAMETRIC_REPRESENTATION_CONTEXT() REPRESENTATION_CONTEXT('2D SPACE',''
  ) );
#10007 = PCURVE('',#7224,#10008);
#10008 = DEFINITIONAL_REPRESENTATION('',(#10009),#10013);
#10009 = LINE('',#10010,#10011);
#10010 = CARTESIAN_POINT('',(6.19855467152E-14,-28.6076));
#10011 = VECTOR('',#10012,1.);
#10012 = DIRECTION('',(1.,2.34E-15));
#10013 = ( GEOMETRIC_REPRESENTATION_CONTEXT(2) 
PARAMETRIC_REPRESENTATION_CONTEXT() REPRESENTATION_CONTEXT('2D SPACE',''
  ) );
#10014 = ORIENTED_EDGE('',*,*,#10015,.F.);
#10015 = EDGE_CURVE('',#3778,#9993,#10016,.T.);
#10016 = SURFACE_CURVE('',#10017,(#10022,#10029),.PCURVE_S1.);
#10017 = CIRCLE('',#10018,2.);
#10018 = AXIS2_PLACEMENT_3D('',#10019,#10020,#10021);
#10019 = CARTESIAN_POINT('',(26.4625,-16.6,65.8876));
#10020 = DIRECTION('',(-2.66E-15,6.7E-16,1.));
#10021 = DIRECTION('',(-1.68E-15,-1.,6.7E-16));
#10022 = PCURVE('',#3793,#10023);
#10023 = DEFINITIONAL_REPRESENTATION('',(#10024),#10028);
#10024 = LINE('',#10025,#10026);
#10025 = CARTESIAN_POINT('',(0.,3.15));
#10026 = VECTOR('',#10027,1.);
#10027 = DIRECTION('',(1.,0.));
#10028 = ( GEOMETRIC_REPRESENTATION_CONTEXT(2) 
PARAMETRIC_REPRESENTATION_CONTEXT() REPRESENTATION_CONTEXT('2D SPACE',''
  ) );
#10029 = PCURVE('',#3822,#10030);
#10030 = DEFINITIONAL_REPRESENTATION('',(#10031),#10035);
#10031 = LINE('',#10032,#10033);
#10032 = CARTESIAN_POINT('',(6.501E-14,4.712388980385));
#10033 = VECTOR('',#10034,1.);
#10034 = DIRECTION('',(-0.,1.));
#10035 = ( GEOMETRIC_REPRESENTATION_CONTEXT(2) 
PARAMETRIC_REPRESENTATION_CONTEXT() REPRESENTATION_CONTEXT('2D SPACE',''
  ) );
#10036 = ORIENTED_EDGE('',*,*,#3777,.F.);
#10037 = ADVANCED_FACE('',(#10038),#4185,.T.);
#10038 = FACE_BOUND('',#10039,.T.);
#10039 = EDGE_LOOP('',(#10040,#10041,#10042,#10066));
#10040 = ORIENTED_EDGE('',*,*,#9937,.F.);
#10041 = ORIENTED_EDGE('',*,*,#4168,.T.);
#10042 = ORIENTED_EDGE('',*,*,#10043,.T.);
#10043 = EDGE_CURVE('',#4136,#10044,#10046,.T.);
#10044 = VERTEX_POINT('',#10045);
#10045 = CARTESIAN_POINT('',(-21.,-17.6,110.43636483202));
#10046 = SURFACE_CURVE('',#10047,(#10052,#10059),.PCURVE_S1.);
#10047 = CIRCLE('',#10048,1.);
#10048 = AXIS2_PLACEMENT_3D('',#10049,#10050,#10051);
#10049 = CARTESIAN_POINT('',(-20.00195029983,-17.6,110.37394050988));
#10050 = DIRECTION('',(-6.242432213501E-02,-1.31E-15,-0.998049700168));
#10051 = DIRECTION('',(0.998049700168,-1.76E-15,-6.242432213501E-02));
#10052 = PCURVE('',#4185,#10053);
#10053 = DEFINITIONAL_REPRESENTATION('',(#10054),#10058);
#10054 = LINE('',#10055,#10056);
#10055 = CARTESIAN_POINT('',(1.407315603286,0.));
#10056 = VECTOR('',#10057,1.);
#10057 = DIRECTION('',(0.,1.));
#10058 = ( GEOMETRIC_REPRESENTATION_CONTEXT(2) 
PARAMETRIC_REPRESENTATION_CONTEXT() REPRESENTATION_CONTEXT('2D SPACE',''
  ) );
#10059 = PCURVE('',#4156,#10060);
#10060 = DEFINITIONAL_REPRESENTATION('',(#10061),#10065);
#10061 = LINE('',#10062,#10063);
#10062 = CARTESIAN_POINT('',(0.,3.14159265359));
#10063 = VECTOR('',#10064,1.);
#10064 = DIRECTION('',(0.,1.));
#10065 = ( GEOMETRIC_REPRESENTATION_CONTEXT(2) 
PARAMETRIC_REPRESENTATION_CONTEXT() REPRESENTATION_CONTEXT('2D SPACE',''
  ) );
#10066 = ORIENTED_EDGE('',*,*,#10067,.F.);
#10067 = EDGE_CURVE('',#9938,#10044,#10068,.T.);
#10068 = SURFACE_CURVE('',#10069,(#10074,#10081),.PCURVE_S1.);
#10069 = CIRCLE('',#10070,1.063705692205);
#10070 = AXIS2_PLACEMENT_3D('',#10071,#10072,#10073);
#10071 = CARTESIAN_POINT('',(-22.06163114717,-17.6,110.50276593881));
#10072 = DIRECTION('',(-1.68E-15,-1.,1.42E-15));
#10073 = DIRECTION('',(0.100844077901,-1.582179235096E-15,-0.99490224241
    ));
#10074 = PCURVE('',#4185,#10075);
#10075 = DEFINITIONAL_REPRESENTATION('',(#10076),#10080);
#10076 = LINE('',#10077,#10078);
#10077 = CARTESIAN_POINT('',(0.,3.14159265359));
#10078 = VECTOR('',#10079,1.);
#10079 = DIRECTION('',(1.,0.));
#10080 = ( GEOMETRIC_REPRESENTATION_CONTEXT(2) 
PARAMETRIC_REPRESENTATION_CONTEXT() REPRESENTATION_CONTEXT('2D SPACE',''
  ) );
#10081 = PCURVE('',#10082,#10087);
#10082 = CYLINDRICAL_SURFACE('',#10083,1.063705692205);
#10083 = AXIS2_PLACEMENT_3D('',#10084,#10085,#10086);
#10084 = CARTESIAN_POINT('',(-22.06163114717,-137.5110241319,
    110.50276593881));
#10085 = DIRECTION('',(2.44E-15,-1.,1.67E-15));
#10086 = DIRECTION('',(1.,2.44E-15,-7.8E-16));
#10087 = DEFINITIONAL_REPRESENTATION('',(#10088),#10092);
#10088 = LINE('',#10089,#10090);
#10089 = CARTESIAN_POINT('',(4.813404768025,-119.9110241319));
#10090 = VECTOR('',#10091,1.);
#10091 = DIRECTION('',(1.,0.));
#10092 = ( GEOMETRIC_REPRESENTATION_CONTEXT(2) 
PARAMETRIC_REPRESENTATION_CONTEXT() REPRESENTATION_CONTEXT('2D SPACE',''
  ) );
#10093 = ADVANCED_FACE('',(#10094),#3822,.T.);
#10094 = FACE_BOUND('',#10095,.F.);
#10095 = EDGE_LOOP('',(#10096,#10097,#10098,#10122));
#10096 = ORIENTED_EDGE('',*,*,#10015,.F.);
#10097 = ORIENTED_EDGE('',*,*,#3805,.T.);
#10098 = ORIENTED_EDGE('',*,*,#10099,.T.);
#10099 = EDGE_CURVE('',#3806,#10100,#10102,.T.);
#10100 = VERTEX_POINT('',#10101);
#10101 = CARTESIAN_POINT('',(27.292722215594,-16.6,69.101538048434));
#10102 = SURFACE_CURVE('',#10103,(#10108,#10115),.PCURVE_S1.);
#10103 = CIRCLE('',#10104,2.);
#10104 = AXIS2_PLACEMENT_3D('',#10105,#10106,#10107);
#10105 = CARTESIAN_POINT('',(25.760633329356,-16.6,67.815962829061));
#10106 = DIRECTION('',(-0.642787609687,2.16E-15,0.766044443119));
#10107 = DIRECTION('',(0.766044443119,-3.7E-16,0.642787609687));
#10108 = PCURVE('',#3822,#10109);
#10109 = DEFINITIONAL_REPRESENTATION('',(#10110),#10114);
#10110 = LINE('',#10111,#10112);
#10111 = CARTESIAN_POINT('',(-0.698131700798,0.));
#10112 = VECTOR('',#10113,1.);
#10113 = DIRECTION('',(-0.,1.));
#10114 = ( GEOMETRIC_REPRESENTATION_CONTEXT(2) 
PARAMETRIC_REPRESENTATION_CONTEXT() REPRESENTATION_CONTEXT('2D SPACE',''
  ) );
#10115 = PCURVE('',#3850,#10116);
#10116 = DEFINITIONAL_REPRESENTATION('',(#10117),#10121);
#10117 = LINE('',#10118,#10119);
#10118 = CARTESIAN_POINT('',(-4.712388980385,1.499E-14));
#10119 = VECTOR('',#10120,1.);
#10120 = DIRECTION('',(1.,0.));
#10121 = ( GEOMETRIC_REPRESENTATION_CONTEXT(2) 
PARAMETRIC_REPRESENTATION_CONTEXT() REPRESENTATION_CONTEXT('2D SPACE',''
  ) );
#10122 = ORIENTED_EDGE('',*,*,#10123,.F.);
#10123 = EDGE_CURVE('',#9993,#10100,#10124,.T.);
#10124 = SURFACE_CURVE('',#10125,(#10130,#10137),.PCURVE_S1.);
#10125 = CIRCLE('',#10126,5.);
#10126 = AXIS2_PLACEMENT_3D('',#10127,#10128,#10129);
#10127 = CARTESIAN_POINT('',(23.4625,-16.6,65.8876));
#10128 = DIRECTION('',(-1.68E-15,-1.,1.42E-15));
#10129 = DIRECTION('',(1.,-1.68E-15,3.654E-14));
#10130 = PCURVE('',#3822,#10131);
#10131 = DEFINITIONAL_REPRESENTATION('',(#10132),#10136);
#10132 = LINE('',#10133,#10134);
#10133 = CARTESIAN_POINT('',(-0.,6.28318530718));
#10134 = VECTOR('',#10135,1.);
#10135 = DIRECTION('',(-1.,0.));
#10136 = ( GEOMETRIC_REPRESENTATION_CONTEXT(2) 
PARAMETRIC_REPRESENTATION_CONTEXT() REPRESENTATION_CONTEXT('2D SPACE',''
  ) );
#10137 = PCURVE('',#7793,#10138);
#10138 = DEFINITIONAL_REPRESENTATION('',(#10139),#10143);
#10139 = LINE('',#10140,#10141);
#10140 = CARTESIAN_POINT('',(-3.126E-14,-28.6076));
#10141 = VECTOR('',#10142,1.);
#10142 = DIRECTION('',(-1.,0.));
#10143 = ( GEOMETRIC_REPRESENTATION_CONTEXT(2) 
PARAMETRIC_REPRESENTATION_CONTEXT() REPRESENTATION_CONTEXT('2D SPACE',''
  ) );
#10144 = ADVANCED_FACE('',(#10145),#4156,.T.);
#10145 = FACE_BOUND('',#10146,.T.);
#10146 = EDGE_LOOP('',(#10147,#10148,#10149,#10173));
#10147 = ORIENTED_EDGE('',*,*,#10043,.F.);
#10148 = ORIENTED_EDGE('',*,*,#4135,.T.);
#10149 = ORIENTED_EDGE('',*,*,#10150,.T.);
#10150 = EDGE_CURVE('',#4108,#10151,#10153,.T.);
#10151 = VERTEX_POINT('',#10152);
#10152 = CARTESIAN_POINT('',(-6.029254497476,-17.6,124.5));
#10153 = SURFACE_CURVE('',#10154,(#10159,#10166),.PCURVE_S1.);
#10154 = CIRCLE('',#10155,1.);
#10155 = AXIS2_PLACEMENT_3D('',#10156,#10157,#10158);
#10156 = CARTESIAN_POINT('',(-6.029254497476,-17.6,123.5));
#10157 = DIRECTION('',(-1.,1.68E-15,-1.082E-14));
#10158 = DIRECTION('',(-1.082E-14,1.42E-15,1.));
#10159 = PCURVE('',#4156,#10160);
#10160 = DEFINITIONAL_REPRESENTATION('',(#10161),#10165);
#10161 = LINE('',#10162,#10163);
#10162 = CARTESIAN_POINT('',(1.508331390926,0.));
#10163 = VECTOR('',#10164,1.);
#10164 = DIRECTION('',(0.,1.));
#10165 = ( GEOMETRIC_REPRESENTATION_CONTEXT(2) 
PARAMETRIC_REPRESENTATION_CONTEXT() REPRESENTATION_CONTEXT('2D SPACE',''
  ) );
#10166 = PCURVE('',#4123,#10167);
#10167 = DEFINITIONAL_REPRESENTATION('',(#10168),#10172);
#10168 = LINE('',#10169,#10170);
#10169 = CARTESIAN_POINT('',(4.712388980385,-1.865E-14));
#10170 = VECTOR('',#10171,1.);
#10171 = DIRECTION('',(-1.,0.));
#10172 = ( GEOMETRIC_REPRESENTATION_CONTEXT(2) 
PARAMETRIC_REPRESENTATION_CONTEXT() REPRESENTATION_CONTEXT('2D SPACE',''
  ) );
#10173 = ORIENTED_EDGE('',*,*,#10174,.F.);
#10174 = EDGE_CURVE('',#10044,#10151,#10175,.T.);
#10175 = SURFACE_CURVE('',#10176,(#10181,#10188),.PCURVE_S1.);
#10176 = CIRCLE('',#10177,15.);
#10177 = AXIS2_PLACEMENT_3D('',#10178,#10179,#10180);
#10178 = CARTESIAN_POINT('',(-6.029254497476,-17.6,109.5));
#10179 = DIRECTION('',(1.68E-15,1.,-1.42E-15));
#10180 = DIRECTION('',(-0.998049700168,1.765366033714E-15,
    6.242432213489E-02));
#10181 = PCURVE('',#4156,#10182);
#10182 = DEFINITIONAL_REPRESENTATION('',(#10183),#10187);
#10183 = LINE('',#10184,#10185);
#10184 = CARTESIAN_POINT('',(0.,6.28318530718));
#10185 = VECTOR('',#10186,1.);
#10186 = DIRECTION('',(1.,0.));
#10187 = ( GEOMETRIC_REPRESENTATION_CONTEXT(2) 
PARAMETRIC_REPRESENTATION_CONTEXT() REPRESENTATION_CONTEXT('2D SPACE',''
  ) );
#10188 = PCURVE('',#10189,#10194);
#10189 = CYLINDRICAL_SURFACE('',#10190,15.);
#10190 = AXIS2_PLACEMENT_3D('',#10191,#10192,#10193);
#10191 = CARTESIAN_POINT('',(-6.029254497476,-137.5110241319,109.5));
#10192 = DIRECTION('',(2.44E-15,-1.,1.67E-15));
#10193 = DIRECTION('',(1.,2.44E-15,-7.8E-16));
#10194 = DEFINITIONAL_REPRESENTATION('',(#10195),#10199);
#10195 = LINE('',#10196,#10197);
#10196 = CARTESIAN_POINT('',(3.079127717721,-119.9110241319));
#10197 = VECTOR('',#10198,1.);
#10198 = DIRECTION('',(-1.,-0.));
#10199 = ( GEOMETRIC_REPRESENTATION_CONTEXT(2) 
PARAMETRIC_REPRESENTATION_CONTEXT() REPRESENTATION_CONTEXT('2D SPACE',''
  ) );
#10200 = ADVANCED_FACE('',(#10201),#3850,.T.);
#10201 = FACE_BOUND('',#10202,.T.);
#10202 = EDGE_LOOP('',(#10203,#10241,#10380,#10381,#10382,#10383));
#10203 = ORIENTED_EDGE('',*,*,#10204,.F.);
#10204 = EDGE_CURVE('',#10205,#10207,#10209,.T.);
#10205 = VERTEX_POINT('',#10206);
#10206 = CARTESIAN_POINT('',(20.483896099246,-17.6,76.799126090889));
#10207 = VERTEX_POINT('',#10208);
#10208 = CARTESIAN_POINT('',(20.682529109084,-16.6,76.97925943086));
#10209 = SURFACE_CURVE('',#10210,(#10215,#10225),.PCURVE_S1.);
#10210 = ELLIPSE('',#10211,2.001480341083,2.);
#10211 = AXIS2_PLACEMENT_3D('',#10212,#10213,#10214);
#10212 = CARTESIAN_POINT('',(19.199912139531,-16.6,75.634725877045));
#10213 = DIRECTION('',(-0.671769552874,1.93E-15,0.740760195901));
#10214 = DIRECTION('',(0.740760195901,-7.28E-15,0.671769552874));
#10215 = PCURVE('',#3850,#10216);
#10216 = DEFINITIONAL_REPRESENTATION('',(#10217),#10224);
#10217 = B_SPLINE_CURVE_WITH_KNOTS('',5,(#10218,#10219,#10220,#10221,
    #10222,#10223),.UNSPECIFIED.,.F.,.F.,(6,6),(4.712388980385,
    6.28318530718),.PIECEWISE_BEZIER_KNOTS.);
#10218 = CARTESIAN_POINT('',(-7.838E-14,10.206670276399));
#10219 = CARTESIAN_POINT('',(0.314159265359,10.230849431018));
#10220 = CARTESIAN_POINT('',(0.6283185107,10.255050468076));
#10221 = CARTESIAN_POINT('',(0.942477842948,10.274165941266));
#10222 = CARTESIAN_POINT('',(1.256637061436,10.283634915946));
#10223 = CARTESIAN_POINT('',(1.570796326795,10.283634915946));
#10224 = ( GEOMETRIC_REPRESENTATION_CONTEXT(2) 
PARAMETRIC_REPRESENTATION_CONTEXT() REPRESENTATION_CONTEXT('2D SPACE',''
  ) );
#10225 = PCURVE('',#10226,#10231);
#10226 = PLANE('',#10227);
#10227 = AXIS2_PLACEMENT_3D('',#10228,#10229,#10230);
#10228 = CARTESIAN_POINT('',(18.5,-137.5110241319,75.000000000001));
#10229 = DIRECTION('',(0.671769552874,6.4E-16,-0.740760195901));
#10230 = DIRECTION('',(0.740760195901,-2.09E-15,0.671769552874));
#10231 = DEFINITIONAL_REPRESENTATION('',(#10232),#10240);
#10232 = ( BOUNDED_CURVE() B_SPLINE_CURVE(2,(#10233,#10234,#10235,#10236
    ,#10237,#10238,#10239),.UNSPECIFIED.,.T.,.F.) 
B_SPLINE_CURVE_WITH_KNOTS((1,2,2,2,2,1),(-2.094395102393,0.,
    2.094395102393,4.188790204786,6.28318530718,8.377580409573),
.UNSPECIFIED.) CURVE() GEOMETRIC_REPRESENTATION_ITEM() 
RATIONAL_B_SPLINE_CURVE((1.,0.5,1.,0.5,1.,0.5,1.)) REPRESENTATION_ITEM(
  '') );
#10233 = CARTESIAN_POINT('',(2.946336913294,-120.9110241319));
#10234 = CARTESIAN_POINT('',(2.946336913294,-124.3751257471));
#10235 = CARTESIAN_POINT('',(-5.588359832972E-02,-122.6430749395));
#10236 = CARTESIAN_POINT('',(-3.058104109954,-120.9110241319));
#10237 = CARTESIAN_POINT('',(-5.588359832974E-02,-119.1789733244));
#10238 = CARTESIAN_POINT('',(2.946336913294,-117.4469225168));
#10239 = CARTESIAN_POINT('',(2.946336913294,-120.9110241319));
#10240 = ( GEOMETRIC_REPRESENTATION_CONTEXT(2) 
PARAMETRIC_REPRESENTATION_CONTEXT() REPRESENTATION_CONTEXT('2D SPACE',''
  ) );
#10241 = ORIENTED_EDGE('',*,*,#10242,.F.);
#10242 = EDGE_CURVE('',#3863,#10205,#10243,.T.);
#10243 = SURFACE_CURVE('',#10244,(#10267,#10293),.PCURVE_S1.);
#10244 = B_SPLINE_CURVE_WITH_KNOTS('',6,(#10245,#10246,#10247,#10248,
    #10249,#10250,#10251,#10252,#10253,#10254,#10255,#10256,#10257,
    #10258,#10259,#10260,#10261,#10262,#10263,#10264,#10265,#10266),
  .UNSPECIFIED.,.F.,.F.,(7,5,5,5,7),(0.,2.863281567907E-02,
    0.409713211373,0.768158325583,1.),.UNSPECIFIED.);
#10245 = CARTESIAN_POINT('',(18.556648974979,-18.6,76.401337521017));
#10246 = CARTESIAN_POINT('',(18.567483165564,-18.59999999919,
    76.402516329012));
#10247 = CARTESIAN_POINT('',(18.578317435926,-18.59995077592,
    76.403695818777));
#10248 = CARTESIAN_POINT('',(18.589151455845,-18.59985232916,
    76.404875146881));
#10249 = CARTESIAN_POINT('',(18.599984959297,-18.5997046545,
    76.406054566512));
#10250 = CARTESIAN_POINT('',(18.610817717996,-18.59950774231,
    76.40723456132));
#10251 = CARTESIAN_POINT('',(18.765812265504,-18.59598529514,
    76.424125419404));
#10252 = CARTESIAN_POINT('',(18.909767541293,-18.58398503779,
    76.43991878827));
#10253 = CARTESIAN_POINT('',(19.053000693566,-18.56323188845,
    76.456087815888));
#10254 = CARTESIAN_POINT('',(19.194882609878,-18.53350818783,
    76.472929884412));
#10255 = CARTESIAN_POINT('',(19.334646300003,-18.49448578514,
    76.490778511031));
#10256 = CARTESIAN_POINT('',(19.599779256635,-18.39960752201,
    76.528332381629));
#10257 = CARTESIAN_POINT('',(19.725363283969,-18.3449414341,
    76.547844660241));
#10258 = CARTESIAN_POINT('',(19.847352588386,-18.28109716983,
    76.569095253141));
#10259 = CARTESIAN_POINT('',(19.964417617955,-18.20746321443,
    76.592615706572));
#10260 = CARTESIAN_POINT('',(20.074591104107,-18.12350943122,
    76.619060469077));
#10261 = CARTESIAN_POINT('',(20.240044697806,-17.96778136621,
    76.669278366243));
#10262 = CARTESIAN_POINT('',(20.30091774516,-17.90222694307,
    76.690680529139));
#10263 = CARTESIAN_POINT('',(20.356881319966,-17.83225976574,
    76.714051235348));
#10264 = CARTESIAN_POINT('',(20.406853363835,-17.75807936252,
    76.7396965737));
#10265 = CARTESIAN_POINT('',(20.449542480847,-17.68026646627,
    76.767971994059));
#10266 = CARTESIAN_POINT('',(20.483896099246,-17.6,76.799126090889));
#10267 = PCURVE('',#3850,#10268);
#10268 = DEFINITIONAL_REPRESENTATION('',(#10269),#10292);
#10269 = B_SPLINE_CURVE_WITH_KNOTS('',6,(#10270,#10271,#10272,#10273,
    #10274,#10275,#10276,#10277,#10278,#10279,#10280,#10281,#10282,
    #10283,#10284,#10285,#10286,#10287,#10288,#10289,#10290,#10291),
  .UNSPECIFIED.,.F.,.F.,(7,5,5,5,7),(0.,2.863281567907E-02,
    0.409713211373,0.768158325583,1.),.UNSPECIFIED.);
#10270 = CARTESIAN_POINT('',(1.4675941884E-07,11.207410458236));
#10271 = CARTESIAN_POINT('',(4.528744093204E-03,11.201349394082));
#10272 = CARTESIAN_POINT('',(9.057591099775E-03,11.195288800913));
#10273 = CARTESIAN_POINT('',(1.358645741815E-02,11.189228244886));
#10274 = CARTESIAN_POINT('',(1.811548971236E-02,11.183168090952));
#10275 = CARTESIAN_POINT('',(2.26449232888E-02,11.177108856347));
#10276 = CARTESIAN_POINT('',(8.746382826794E-02,11.090419429615));
#10277 = CARTESIAN_POINT('',(0.147818770266,11.009985184447));
#10278 = CARTESIAN_POINT('',(0.208530235102,10.930302882627));
#10279 = CARTESIAN_POINT('',(0.269858692449,10.852004717786));
#10280 = CARTESIAN_POINT('',(0.332069551097,10.775839190729));
#10281 = CARTESIAN_POINT('',(0.455196691483,10.634182945175));
#10282 = CARTESIAN_POINT('',(0.515902634746,10.568406361034));
#10283 = CARTESIAN_POINT('',(0.578004126954,10.506272046244));
#10284 = CARTESIAN_POINT('',(0.641755810603,10.44904180836));
#10285 = CARTESIAN_POINT('',(0.707347924446,10.398481519912));
#10286 = CARTESIAN_POINT('',(0.818635773879,10.330599140974));
#10287 = CARTESIAN_POINT('',(0.863141663538,10.307865708328));
#10288 = CARTESIAN_POINT('',(0.908450640312,10.289796015472));
#10289 = CARTESIAN_POINT('',(0.954442586239,10.277320073778));
#10290 = CARTESIAN_POINT('',(1.000855685288,10.271540266937));
#10291 = CARTESIAN_POINT('',(1.047197551197,10.27332360944));
#10292 = ( GEOMETRIC_REPRESENTATION_CONTEXT(2) 
PARAMETRIC_REPRESENTATION_CONTEXT() REPRESENTATION_CONTEXT('2D SPACE',''
  ) );
#10293 = PCURVE('',#3901,#10294);
#10294 = DEFINITIONAL_REPRESENTATION('',(#10295),#10379);
#10295 = B_SPLINE_CURVE_WITH_KNOTS('',10,(#10296,#10297,#10298,#10299,
    #10300,#10301,#10302,#10303,#10304,#10305,#10306,#10307,#10308,
    #10309,#10310,#10311,#10312,#10313,#10314,#10315,#10316,#10317,
    #10318,#10319,#10320,#10321,#10322,#10323,#10324,#10325,#10326,
    #10327,#10328,#10329,#10330,#10331,#10332,#10333,#10334,#10335,
    #10336,#10337,#10338,#10339,#10340,#10341,#10342,#10343,#10344,
    #10345,#10346,#10347,#10348,#10349,#10350,#10351,#10352,#10353,
    #10354,#10355,#10356,#10357,#10358,#10359,#10360,#10361,#10362,
    #10363,#10364,#10365,#10366,#10367,#10368,#10369,#10370,#10371,
    #10372,#10373,#10374,#10375,#10376,#10377,#10378),.UNSPECIFIED.,.F.,
  .F.,(11,9,9,9,9,9,9,9,9,11),(0.,0.125,0.25,0.375,0.4375,0.5,0.75,
    0.8125,0.875,1.),.UNSPECIFIED.);
#10296 = CARTESIAN_POINT('',(0.,1.962997727573));
#10297 = CARTESIAN_POINT('',(-1.677672586267E-02,1.9399016115));
#10298 = CARTESIAN_POINT('',(-3.355064123824E-02,1.916802992561));
#10299 = CARTESIAN_POINT('',(-5.033378950346E-02,1.893709104056));
#10300 = CARTESIAN_POINT('',(-6.711572667351E-02,1.870614724281));
#10301 = CARTESIAN_POINT('',(-8.390848451377E-02,1.847529023915));
#10302 = CARTESIAN_POINT('',(-0.100714990945,1.824449523449));
#10303 = CARTESIAN_POINT('',(-0.117533451225,1.801373304733));
#10304 = CARTESIAN_POINT('',(-0.134372060749,1.778309366423));
#10305 = CARTESIAN_POINT('',(-0.151231326251,1.755253622449));
#10306 = CARTESIAN_POINT('',(-0.184999107066,1.709165408073));
#10307 = CARTESIAN_POINT('',(-0.201907546474,1.686132626344));
#10308 = CARTESIAN_POINT('',(-0.218843664951,1.66311261715));
#10309 = CARTESIAN_POINT('',(-0.235810631591,1.640106893192));
#10310 = CARTESIAN_POINT('',(-0.25281165452,1.617117032802));
#10311 = CARTESIAN_POINT('',(-0.269849980894,1.594144679934));
#10312 = CARTESIAN_POINT('',(-0.286928896899,1.571191544175));
#10313 = CARTESIAN_POINT('',(-0.304051727749,1.548259400734));
#10314 = CARTESIAN_POINT('',(-0.321221837689,1.52535009045));
#10315 = CARTESIAN_POINT('',(-0.355663422299,1.479580949124));
#10316 = CARTESIAN_POINT('',(-0.372934972373,1.456721117115));
#10317 = CARTESIAN_POINT('',(-0.390260669511,1.433887930345));
#10318 = CARTESIAN_POINT('',(-0.407644022595,1.411083360281));
#10319 = CARTESIAN_POINT('',(-0.425088660098,1.388309443273));
#10320 = CARTESIAN_POINT('',(-0.442598330082,1.365568280547));
#10321 = CARTESIAN_POINT('',(-0.460176900196,1.342862038212));
#10322 = CARTESIAN_POINT('',(-0.477828357682,1.320192947258));
#10323 = CARTESIAN_POINT('',(-0.49555680937,1.297563303553));
#10324 = CARTESIAN_POINT('',(-0.52227131783,1.263681549996));
#10325 = CARTESIAN_POINT('',(-0.531196620556,1.252397897383));
#10326 = CARTESIAN_POINT('',(-0.540141362545,1.24112675523));
#10327 = CARTESIAN_POINT('',(-0.549113669857,1.229858946017));
#10328 = CARTESIAN_POINT('',(-0.558091841814,1.218622672123));
#10329 = CARTESIAN_POINT('',(-0.567119048026,1.207364737161));
#10330 = CARTESIAN_POINT('',(-0.576143279923,1.196151635624));
#10331 = CARTESIAN_POINT('',(-0.58520347816,1.184935322797));
#10332 = CARTESIAN_POINT('',(-0.594283295566,1.173737513474));
#10333 = CARTESIAN_POINT('',(-0.612492356027,1.151368242417));
#10334 = CARTESIAN_POINT('',(-0.621621070412,1.140197450107));
#10335 = CARTESIAN_POINT('',(-0.63077462883,1.129040770843));
#10336 = CARTESIAN_POINT('',(-0.639953689797,1.117898501819));
#10337 = CARTESIAN_POINT('',(-0.649158910467,1.106770967593));
#10338 = CARTESIAN_POINT('',(-0.658390946633,1.095658520093));
#10339 = CARTESIAN_POINT('',(-0.667650452725,1.084561538606));
#10340 = CARTESIAN_POINT('',(-0.676938081814,1.07348042979));
#10341 = CARTESIAN_POINT('',(-0.686254485607,1.062415627667));
#10342 = CARTESIAN_POINT('',(-0.732983629822,1.007175457452));
#10343 = CARTESIAN_POINT('',(-0.770837608451,0.963251594816));
#10344 = CARTESIAN_POINT('',(-0.809204588167,0.919625273197));
#10345 = CARTESIAN_POINT('',(-0.848126462665,0.87633262576));
#10346 = CARTESIAN_POINT('',(-0.88764571663,0.833416419932));
#10347 = CARTESIAN_POINT('',(-0.927806460839,0.790925825966));
#10348 = CARTESIAN_POINT('',(-0.968655467291,0.748916185519));
#10349 = CARTESIAN_POINT('',(-1.010243204312,0.707448780219));
#10350 = CARTESIAN_POINT('',(-1.052624871678,0.666590600235));
#10351 = CARTESIAN_POINT('',(-1.106670576735,0.616369991005));
#10352 = CARTESIAN_POINT('',(-1.117533346171,0.606368309884));
#10353 = CARTESIAN_POINT('',(-1.128448717172,0.596411970239));
#10354 = CARTESIAN_POINT('',(-1.1394258796,0.586494760809));
#10355 = CARTESIAN_POINT('',(-1.150451160594,0.57663111281));
#10356 = CARTESIAN_POINT('',(-1.161531372841,0.566816934066));
#10357 = CARTESIAN_POINT('',(-1.172674712217,0.557046949086));
#10358 = CARTESIAN_POINT('',(-1.183869710074,0.547333717302));
#10359 = CARTESIAN_POINT('',(-1.195125093332,0.53767150831));
#10360 = CARTESIAN_POINT('',(-1.217752342273,0.518457452431));
#10361 = CARTESIAN_POINT('',(-1.229124616422,0.508905219222));
#10362 = CARTESIAN_POINT('',(-1.240556177181,0.499409435633));
#10363 = CARTESIAN_POINT('',(-1.25204761371,0.489971806514));
#10364 = CARTESIAN_POINT('',(-1.263599467392,0.480594086674));
#10365 = CARTESIAN_POINT('',(-1.275212231841,0.47127808088));
#10366 = CARTESIAN_POINT('',(-1.286886352895,0.46202564386));
#10367 = CARTESIAN_POINT('',(-1.298622228623,0.452838680298));
#10368 = CARTESIAN_POINT('',(-1.310420209316,0.443719144838));
#10369 = CARTESIAN_POINT('',(-1.346001373854,0.416568836581));
#10370 = CARTESIAN_POINT('',(-1.369971789243,0.39874633201));
#10371 = CARTESIAN_POINT('',(-1.394194132135,0.381217372833));
#10372 = CARTESIAN_POINT('',(-1.418669918514,0.363998439947));
#10373 = CARTESIAN_POINT('',(-1.443399740348,0.347106448325));
#10374 = CARTESIAN_POINT('',(-1.468383114068,0.330558544648));
#10375 = CARTESIAN_POINT('',(-1.493618329026,0.314371904944));
#10376 = CARTESIAN_POINT('',(-1.519102295986,0.298563532227));
#10377 = CARTESIAN_POINT('',(-1.544830395581,0.283150054126));
#10378 = CARTESIAN_POINT('',(-1.570796326795,0.26814752053));
#10379 = ( GEOMETRIC_REPRESENTATION_CONTEXT(2) 
PARAMETRIC_REPRESENTATION_CONTEXT() REPRESENTATION_CONTEXT('2D SPACE',''
  ) );
#10380 = ORIENTED_EDGE('',*,*,#3862,.F.);
#10381 = ORIENTED_EDGE('',*,*,#3834,.F.);
#10382 = ORIENTED_EDGE('',*,*,#10099,.T.);
#10383 = ORIENTED_EDGE('',*,*,#10384,.T.);
#10384 = EDGE_CURVE('',#10100,#10207,#10385,.T.);
#10385 = SURFACE_CURVE('',#10386,(#10390,#10397),.PCURVE_S1.);
#10386 = LINE('',#10387,#10388);
#10387 = CARTESIAN_POINT('',(27.292722215594,-16.6,69.101538048434));
#10388 = VECTOR('',#10389,1.);
#10389 = DIRECTION('',(-0.642787609686,1.65E-15,0.766044443119));
#10390 = PCURVE('',#3850,#10391);
#10391 = DEFINITIONAL_REPRESENTATION('',(#10392),#10396);
#10392 = LINE('',#10393,#10394);
#10393 = CARTESIAN_POINT('',(1.570796326795,0.));
#10394 = VECTOR('',#10395,1.);
#10395 = DIRECTION('',(0.,1.));
#10396 = ( GEOMETRIC_REPRESENTATION_CONTEXT(2) 
PARAMETRIC_REPRESENTATION_CONTEXT() REPRESENTATION_CONTEXT('2D SPACE',''
  ) );
#10397 = PCURVE('',#7880,#10398);
#10398 = DEFINITIONAL_REPRESENTATION('',(#10399),#10403);
#10399 = LINE('',#10400,#10401);
#10400 = CARTESIAN_POINT('',(1.34983147482E-15,-28.6076));
#10401 = VECTOR('',#10402,1.);
#10402 = DIRECTION('',(1.,2.28E-15));
#10403 = ( GEOMETRIC_REPRESENTATION_CONTEXT(2) 
PARAMETRIC_REPRESENTATION_CONTEXT() REPRESENTATION_CONTEXT('2D SPACE',''
  ) );
#10404 = ADVANCED_FACE('',(#10405),#4123,.T.);
#10405 = FACE_BOUND('',#10406,.F.);
#10406 = EDGE_LOOP('',(#10407,#10408,#10436,#10458));
#10407 = ORIENTED_EDGE('',*,*,#10150,.T.);
#10408 = ORIENTED_EDGE('',*,*,#10409,.T.);
#10409 = EDGE_CURVE('',#10151,#10410,#10412,.T.);
#10410 = VERTEX_POINT('',#10411);
#10411 = CARTESIAN_POINT('',(6.029254497475,-17.6,124.5));
#10412 = SURFACE_CURVE('',#10413,(#10417,#10424),.PCURVE_S1.);
#10413 = LINE('',#10414,#10415);
#10414 = CARTESIAN_POINT('',(-6.029254497476,-17.6,124.5));
#10415 = VECTOR('',#10416,1.);
#10416 = DIRECTION('',(1.,-2.44E-15,1.39E-15));
#10417 = PCURVE('',#4123,#10418);
#10418 = DEFINITIONAL_REPRESENTATION('',(#10419),#10423);
#10419 = LINE('',#10420,#10421);
#10420 = CARTESIAN_POINT('',(-1.570796326795,0.));
#10421 = VECTOR('',#10422,1.);
#10422 = DIRECTION('',(-0.,1.));
#10423 = ( GEOMETRIC_REPRESENTATION_CONTEXT(2) 
PARAMETRIC_REPRESENTATION_CONTEXT() REPRESENTATION_CONTEXT('2D SPACE',''
  ) );
#10424 = PCURVE('',#10425,#10430);
#10425 = PLANE('',#10426);
#10426 = AXIS2_PLACEMENT_3D('',#10427,#10428,#10429);
#10427 = CARTESIAN_POINT('',(-3.6602E-13,-3.2962,124.5));
#10428 = DIRECTION('',(-2.78E-15,-8.4E-16,1.));
#10429 = DIRECTION('',(-2.33E-15,1.,8.4E-16));
#10430 = DEFINITIONAL_REPRESENTATION('',(#10431),#10435);
#10431 = LINE('',#10432,#10433);
#10432 = CARTESIAN_POINT('',(-14.3038,6.029254497476));
#10433 = VECTOR('',#10434,1.);
#10434 = DIRECTION('',(-4.77E-15,-1.));
#10435 = ( GEOMETRIC_REPRESENTATION_CONTEXT(2) 
PARAMETRIC_REPRESENTATION_CONTEXT() REPRESENTATION_CONTEXT('2D SPACE',''
  ) );
#10436 = ORIENTED_EDGE('',*,*,#10437,.F.);
#10437 = EDGE_CURVE('',#4075,#10410,#10438,.T.);
#10438 = SURFACE_CURVE('',#10439,(#10444,#10451),.PCURVE_S1.);
#10439 = CIRCLE('',#10440,1.);
#10440 = AXIS2_PLACEMENT_3D('',#10441,#10442,#10443);
#10441 = CARTESIAN_POINT('',(6.029254497475,-17.6,123.5));
#10442 = DIRECTION('',(-1.,2.44E-15,-1.39E-15));
#10443 = DIRECTION('',(-2.44E-15,-1.,1.42E-15));
#10444 = PCURVE('',#4123,#10445);
#10445 = DEFINITIONAL_REPRESENTATION('',(#10446),#10450);
#10446 = LINE('',#10447,#10448);
#10447 = CARTESIAN_POINT('',(-0.,12.058508994952));
#10448 = VECTOR('',#10449,1.);
#10449 = DIRECTION('',(-1.,0.));
#10450 = ( GEOMETRIC_REPRESENTATION_CONTEXT(2) 
PARAMETRIC_REPRESENTATION_CONTEXT() REPRESENTATION_CONTEXT('2D SPACE',''
  ) );
#10451 = PCURVE('',#4095,#10452);
#10452 = DEFINITIONAL_REPRESENTATION('',(#10453),#10457);
#10453 = LINE('',#10454,#10455);
#10454 = CARTESIAN_POINT('',(4.4E-16,4.712388980385));
#10455 = VECTOR('',#10456,1.);
#10456 = DIRECTION('',(0.,1.));
#10457 = ( GEOMETRIC_REPRESENTATION_CONTEXT(2) 
PARAMETRIC_REPRESENTATION_CONTEXT() REPRESENTATION_CONTEXT('2D SPACE',''
  ) );
#10458 = ORIENTED_EDGE('',*,*,#4107,.F.);
#10459 = ADVANCED_FACE('',(#10460),#4095,.T.);
#10460 = FACE_BOUND('',#10461,.T.);
#10461 = EDGE_LOOP('',(#10462,#10463,#10464,#10487));
#10462 = ORIENTED_EDGE('',*,*,#10437,.F.);
#10463 = ORIENTED_EDGE('',*,*,#4074,.T.);
#10464 = ORIENTED_EDGE('',*,*,#10465,.T.);
#10465 = EDGE_CURVE('',#4046,#10466,#10468,.T.);
#10466 = VERTEX_POINT('',#10467);
#10467 = CARTESIAN_POINT('',(21.,-17.6,110.43636483202));
#10468 = SURFACE_CURVE('',#10469,(#10474,#10481),.PCURVE_S1.);
#10469 = CIRCLE('',#10470,1.);
#10470 = AXIS2_PLACEMENT_3D('',#10471,#10472,#10473);
#10471 = CARTESIAN_POINT('',(20.001950299832,-17.6,110.37394050988));
#10472 = DIRECTION('',(-6.242432213491E-02,1.52E-15,0.998049700168));
#10473 = DIRECTION('',(0.998049700168,-1.58E-15,6.242432213491E-02));
#10474 = PCURVE('',#4095,#10475);
#10475 = DEFINITIONAL_REPRESENTATION('',(#10476),#10480);
#10476 = LINE('',#10477,#10478);
#10477 = CARTESIAN_POINT('',(1.508331390926,0.));
#10478 = VECTOR('',#10479,1.);
#10479 = DIRECTION('',(0.,1.));
#10480 = ( GEOMETRIC_REPRESENTATION_CONTEXT(2) 
PARAMETRIC_REPRESENTATION_CONTEXT() REPRESENTATION_CONTEXT('2D SPACE',''
  ) );
#10481 = PCURVE('',#4062,#10482);
#10482 = DEFINITIONAL_REPRESENTATION('',(#10483),#10486);
#10483 = B_SPLINE_CURVE_WITH_KNOTS('',1,(#10484,#10485),.UNSPECIFIED.,
  .F.,.F.,(2,2),(4.712388980385,6.28318530718),
  .PIECEWISE_BEZIER_KNOTS.);
#10484 = CARTESIAN_POINT('',(-2.0473E-13,1.570796326795));
#10485 = CARTESIAN_POINT('',(-2.0473E-13,3.14159265359));
#10486 = ( GEOMETRIC_REPRESENTATION_CONTEXT(2) 
PARAMETRIC_REPRESENTATION_CONTEXT() REPRESENTATION_CONTEXT('2D SPACE',''
  ) );
#10487 = ORIENTED_EDGE('',*,*,#10488,.F.);
#10488 = EDGE_CURVE('',#10410,#10466,#10489,.T.);
#10489 = SURFACE_CURVE('',#10490,(#10495,#10502),.PCURVE_S1.);
#10490 = CIRCLE('',#10491,15.);
#10491 = AXIS2_PLACEMENT_3D('',#10492,#10493,#10494);
#10492 = CARTESIAN_POINT('',(6.029254497476,-17.6,109.5));
#10493 = DIRECTION('',(1.68E-15,1.,-1.42E-15));
#10494 = DIRECTION('',(-9.77E-15,1.42E-15,1.));
#10495 = PCURVE('',#4095,#10496);
#10496 = DEFINITIONAL_REPRESENTATION('',(#10497),#10501);
#10497 = LINE('',#10498,#10499);
#10498 = CARTESIAN_POINT('',(0.,6.28318530718));
#10499 = VECTOR('',#10500,1.);
#10500 = DIRECTION('',(1.,0.));
#10501 = ( GEOMETRIC_REPRESENTATION_CONTEXT(2) 
PARAMETRIC_REPRESENTATION_CONTEXT() REPRESENTATION_CONTEXT('2D SPACE',''
  ) );
#10502 = PCURVE('',#10503,#10508);
#10503 = CYLINDRICAL_SURFACE('',#10504,15.);
#10504 = AXIS2_PLACEMENT_3D('',#10505,#10506,#10507);
#10505 = CARTESIAN_POINT('',(6.029254497476,-137.5110241319,109.5));
#10506 = DIRECTION('',(2.44E-15,-1.,1.67E-15));
#10507 = DIRECTION('',(1.,2.44E-15,-7.8E-16));
#10508 = DEFINITIONAL_REPRESENTATION('',(#10509),#10513);
#10509 = LINE('',#10510,#10511);
#10510 = CARTESIAN_POINT('',(1.570796326795,-119.9110241319));
#10511 = VECTOR('',#10512,1.);
#10512 = DIRECTION('',(-1.,-0.));
#10513 = ( GEOMETRIC_REPRESENTATION_CONTEXT(2) 
PARAMETRIC_REPRESENTATION_CONTEXT() REPRESENTATION_CONTEXT('2D SPACE',''
  ) );
#10514 = ADVANCED_FACE('',(#10515),#3901,.T.);
#10515 = FACE_BOUND('',#10516,.F.);
#10516 = EDGE_LOOP('',(#10517,#10541,#10562,#10563));
#10517 = ORIENTED_EDGE('',*,*,#10518,.T.);
#10518 = EDGE_CURVE('',#3886,#10519,#10521,.T.);
#10519 = VERTEX_POINT('',#10520);
#10520 = CARTESIAN_POINT('',(20.682529109084,-17.6,76.97925943086));
#10521 = SURFACE_CURVE('',#10522,(#10527,#10534),.PCURVE_S1.);
#10522 = CIRCLE('',#10523,1.);
#10523 = AXIS2_PLACEMENT_3D('',#10524,#10525,#10526);
#10524 = CARTESIAN_POINT('',(20.01075955621,-17.6,77.720019626761));
#10525 = DIRECTION('',(0.740760195901,-6.E-16,0.671769552874));
#10526 = DIRECTION('',(-1.908510468143E-15,-1.,1.211350804424E-15));
#10527 = PCURVE('',#3901,#10528);
#10528 = DEFINITIONAL_REPRESENTATION('',(#10529),#10533);
#10529 = LINE('',#10530,#10531);
#10530 = CARTESIAN_POINT('',(-0.,0.));
#10531 = VECTOR('',#10532,1.);
#10532 = DIRECTION('',(-1.,0.));
#10533 = ( GEOMETRIC_REPRESENTATION_CONTEXT(2) 
PARAMETRIC_REPRESENTATION_CONTEXT() REPRESENTATION_CONTEXT('2D SPACE',''
  ) );
#10534 = PCURVE('',#3929,#10535);
#10535 = DEFINITIONAL_REPRESENTATION('',(#10536),#10540);
#10536 = LINE('',#10537,#10538);
#10537 = CARTESIAN_POINT('',(-0.,2.121887765244));
#10538 = VECTOR('',#10539,1.);
#10539 = DIRECTION('',(-1.,0.));
#10540 = ( GEOMETRIC_REPRESENTATION_CONTEXT(2) 
PARAMETRIC_REPRESENTATION_CONTEXT() REPRESENTATION_CONTEXT('2D SPACE',''
  ) );
#10541 = ORIENTED_EDGE('',*,*,#10542,.T.);
#10542 = EDGE_CURVE('',#10519,#10205,#10543,.T.);
#10543 = SURFACE_CURVE('',#10544,(#10548,#10555),.PCURVE_S1.);
#10544 = LINE('',#10545,#10546);
#10545 = CARTESIAN_POINT('',(20.682529109084,-17.6,76.97925943086));
#10546 = VECTOR('',#10547,1.);
#10547 = DIRECTION('',(-0.740760195901,-1.91E-15,-0.671769552874));
#10548 = PCURVE('',#3901,#10549);
#10549 = DEFINITIONAL_REPRESENTATION('',(#10550),#10554);
#10550 = LINE('',#10551,#10552);
#10551 = CARTESIAN_POINT('',(-1.570796326795,0.));
#10552 = VECTOR('',#10553,1.);
#10553 = DIRECTION('',(-0.,1.));
#10554 = ( GEOMETRIC_REPRESENTATION_CONTEXT(2) 
PARAMETRIC_REPRESENTATION_CONTEXT() REPRESENTATION_CONTEXT('2D SPACE',''
  ) );
#10555 = PCURVE('',#10226,#10556);
#10556 = DEFINITIONAL_REPRESENTATION('',(#10557),#10561);
#10557 = LINE('',#10558,#10559);
#10558 = CARTESIAN_POINT('',(2.946336913294,-119.9110241319));
#10559 = VECTOR('',#10560,1.);
#10560 = DIRECTION('',(-1.,4.E-15));
#10561 = ( GEOMETRIC_REPRESENTATION_CONTEXT(2) 
PARAMETRIC_REPRESENTATION_CONTEXT() REPRESENTATION_CONTEXT('2D SPACE',''
  ) );
#10562 = ORIENTED_EDGE('',*,*,#10242,.F.);
#10563 = ORIENTED_EDGE('',*,*,#3885,.F.);
#10564 = ADVANCED_FACE('',(#10565),#4062,.T.);
#10565 = FACE_BOUND('',#10566,.T.);
#10566 = EDGE_LOOP('',(#10567,#10568,#10569,#10593));
#10567 = ORIENTED_EDGE('',*,*,#10465,.F.);
#10568 = ORIENTED_EDGE('',*,*,#4045,.T.);
#10569 = ORIENTED_EDGE('',*,*,#10570,.T.);
#10570 = EDGE_CURVE('',#4003,#10571,#10573,.T.);
#10571 = VERTEX_POINT('',#10572);
#10572 = CARTESIAN_POINT('',(21.954356057991,-17.6,109.44449608182));
#10573 = SURFACE_CURVE('',#10574,(#10579,#10586),.PCURVE_S1.);
#10574 = CIRCLE('',#10575,1.);
#10575 = AXIS2_PLACEMENT_3D('',#10576,#10577,#10578);
#10576 = CARTESIAN_POINT('',(21.853506458335,-17.6,108.44959439911));
#10577 = DIRECTION('',(-0.994901682705,1.81E-15,0.100849599657));
#10578 = DIRECTION('',(-0.100849599657,-1.24E-15,-0.994901682705));
#10579 = PCURVE('',#4062,#10580);
#10580 = DEFINITIONAL_REPRESENTATION('',(#10581),#10585);
#10581 = LINE('',#10582,#10583);
#10582 = CARTESIAN_POINT('',(1.40729806594,0.));
#10583 = VECTOR('',#10584,1.);
#10584 = DIRECTION('',(0.,1.));
#10585 = ( GEOMETRIC_REPRESENTATION_CONTEXT(2) 
PARAMETRIC_REPRESENTATION_CONTEXT() REPRESENTATION_CONTEXT('2D SPACE',''
  ) );
#10586 = PCURVE('',#4023,#10587);
#10587 = DEFINITIONAL_REPRESENTATION('',(#10588),#10592);
#10588 = LINE('',#10589,#10590);
#10589 = CARTESIAN_POINT('',(1.7675E-13,3.14159265359));
#10590 = VECTOR('',#10591,1.);
#10591 = DIRECTION('',(0.,1.));
#10592 = ( GEOMETRIC_REPRESENTATION_CONTEXT(2) 
PARAMETRIC_REPRESENTATION_CONTEXT() REPRESENTATION_CONTEXT('2D SPACE',''
  ) );
#10593 = ORIENTED_EDGE('',*,*,#10594,.F.);
#10594 = EDGE_CURVE('',#10466,#10571,#10595,.T.);
#10595 = SURFACE_CURVE('',#10596,(#10601,#10608),.PCURVE_S1.);
#10596 = CIRCLE('',#10597,1.063705692205);
#10597 = AXIS2_PLACEMENT_3D('',#10598,#10599,#10600);
#10598 = CARTESIAN_POINT('',(22.061630351202,-17.6,110.50277866489));
#10599 = DIRECTION('',(-1.68E-15,-1.,1.42E-15));
#10600 = DIRECTION('',(-0.998048951798,1.588062712832E-15,
    -6.243628604792E-02));
#10601 = PCURVE('',#4062,#10602);
#10602 = DEFINITIONAL_REPRESENTATION('',(#10603),#10607);
#10603 = LINE('',#10604,#10605);
#10604 = CARTESIAN_POINT('',(0.,3.14159265359));
#10605 = VECTOR('',#10606,1.);
#10606 = DIRECTION('',(1.,0.));
#10607 = ( GEOMETRIC_REPRESENTATION_CONTEXT(2) 
PARAMETRIC_REPRESENTATION_CONTEXT() REPRESENTATION_CONTEXT('2D SPACE',''
  ) );
#10608 = PCURVE('',#10609,#10614);
#10609 = CYLINDRICAL_SURFACE('',#10610,1.063705692205);
#10610 = AXIS2_PLACEMENT_3D('',#10611,#10612,#10613);
#10611 = CARTESIAN_POINT('',(22.061630351203,-137.5110241319,
    110.50277866489));
#10612 = DIRECTION('',(2.44E-15,-1.,1.67E-15));
#10613 = DIRECTION('',(1.,2.44E-15,-7.8E-16));
#10614 = DEFINITIONAL_REPRESENTATION('',(#10615),#10619);
#10615 = LINE('',#10616,#10617);
#10616 = CARTESIAN_POINT('',(3.204069576755,-119.9110241319));
#10617 = VECTOR('',#10618,1.);
#10618 = DIRECTION('',(1.,0.));
#10619 = ( GEOMETRIC_REPRESENTATION_CONTEXT(2) 
PARAMETRIC_REPRESENTATION_CONTEXT() REPRESENTATION_CONTEXT('2D SPACE',''
  ) );
#10620 = ADVANCED_FACE('',(#10621),#3929,.T.);
#10621 = FACE_BOUND('',#10622,.F.);
#10622 = EDGE_LOOP('',(#10623,#10647,#10668,#10669));
#10623 = ORIENTED_EDGE('',*,*,#10624,.T.);
#10624 = EDGE_CURVE('',#3914,#10625,#10627,.T.);
#10625 = VERTEX_POINT('',#10626);
#10626 = CARTESIAN_POINT('',(22.254339105747,-17.6,78.404679026166));
#10627 = SURFACE_CURVE('',#10628,(#10633,#10640),.PCURVE_S1.);
#10628 = CIRCLE('',#10629,1.);
#10629 = AXIS2_PLACEMENT_3D('',#10630,#10631,#10632);
#10630 = CARTESIAN_POINT('',(21.582569552874,-17.6,79.145439222068));
#10631 = DIRECTION('',(0.740760195901,-2.9E-16,0.671769552874));
#10632 = DIRECTION('',(0.671769552874,-2.17E-15,-0.740760195901));
#10633 = PCURVE('',#3929,#10634);
#10634 = DEFINITIONAL_REPRESENTATION('',(#10635),#10639);
#10635 = LINE('',#10636,#10637);
#10636 = CARTESIAN_POINT('',(4.712388980385,-2.6437E-13));
#10637 = VECTOR('',#10638,1.);
#10638 = DIRECTION('',(-1.,0.));
#10639 = ( GEOMETRIC_REPRESENTATION_CONTEXT(2) 
PARAMETRIC_REPRESENTATION_CONTEXT() REPRESENTATION_CONTEXT('2D SPACE',''
  ) );
#10640 = PCURVE('',#3962,#10641);
#10641 = DEFINITIONAL_REPRESENTATION('',(#10642),#10646);
#10642 = LINE('',#10643,#10644);
#10643 = CARTESIAN_POINT('',(0.834201285377,0.));
#10644 = VECTOR('',#10645,1.);
#10645 = DIRECTION('',(0.,1.));
#10646 = ( GEOMETRIC_REPRESENTATION_CONTEXT(2) 
PARAMETRIC_REPRESENTATION_CONTEXT() REPRESENTATION_CONTEXT('2D SPACE',''
  ) );
#10647 = ORIENTED_EDGE('',*,*,#10648,.T.);
#10648 = EDGE_CURVE('',#10625,#10519,#10649,.T.);
#10649 = SURFACE_CURVE('',#10650,(#10654,#10661),.PCURVE_S1.);
#10650 = LINE('',#10651,#10652);
#10651 = CARTESIAN_POINT('',(22.254339105747,-17.6,78.404679026166));
#10652 = VECTOR('',#10653,1.);
#10653 = DIRECTION('',(-0.740760195901,6.E-16,-0.671769552874));
#10654 = PCURVE('',#3929,#10655);
#10655 = DEFINITIONAL_REPRESENTATION('',(#10656),#10660);
#10656 = LINE('',#10657,#10658);
#10657 = CARTESIAN_POINT('',(-1.570796326795,0.));
#10658 = VECTOR('',#10659,1.);
#10659 = DIRECTION('',(-0.,1.));
#10660 = ( GEOMETRIC_REPRESENTATION_CONTEXT(2) 
PARAMETRIC_REPRESENTATION_CONTEXT() REPRESENTATION_CONTEXT('2D SPACE',''
  ) );
#10661 = PCURVE('',#10226,#10662);
#10662 = DEFINITIONAL_REPRESENTATION('',(#10663),#10667);
#10663 = LINE('',#10664,#10665);
#10664 = CARTESIAN_POINT('',(5.068224678539,-119.9110241319));
#10665 = VECTOR('',#10666,1.);
#10666 = DIRECTION('',(-1.,1.49E-15));
#10667 = ( GEOMETRIC_REPRESENTATION_CONTEXT(2) 
PARAMETRIC_REPRESENTATION_CONTEXT() REPRESENTATION_CONTEXT('2D SPACE',''
  ) );
#10668 = ORIENTED_EDGE('',*,*,#10518,.F.);
#10669 = ORIENTED_EDGE('',*,*,#3913,.F.);
#10670 = ADVANCED_FACE('',(#10671),#4023,.T.);
#10671 = FACE_BOUND('',#10672,.T.);
#10672 = EDGE_LOOP('',(#10673,#10674,#10675,#10698));
#10673 = ORIENTED_EDGE('',*,*,#10570,.F.);
#10674 = ORIENTED_EDGE('',*,*,#4002,.T.);
#10675 = ORIENTED_EDGE('',*,*,#10676,.T.);
#10676 = EDGE_CURVE('',#3975,#10677,#10679,.T.);
#10677 = VERTEX_POINT('',#10678);
#10678 = CARTESIAN_POINT('',(22.9108,-17.6,108.38619941797));
#10679 = SURFACE_CURVE('',#10680,(#10685,#10692),.PCURVE_S1.);
#10680 = CIRCLE('',#10681,1.);
#10681 = AXIS2_PLACEMENT_3D('',#10682,#10683,#10684);
#10682 = CARTESIAN_POINT('',(21.9108,-17.6,108.38619960794));
#10683 = DIRECTION('',(1.8997777972E-07,1.42E-15,1.));
#10684 = DIRECTION('',(1.,-1.68E-15,-1.8997777972E-07));
#10685 = PCURVE('',#4023,#10686);
#10686 = DEFINITIONAL_REPRESENTATION('',(#10687),#10691);
#10687 = LINE('',#10688,#10689);
#10688 = CARTESIAN_POINT('',(1.469775179083,0.));
#10689 = VECTOR('',#10690,1.);
#10690 = DIRECTION('',(0.,1.));
#10691 = ( GEOMETRIC_REPRESENTATION_CONTEXT(2) 
PARAMETRIC_REPRESENTATION_CONTEXT() REPRESENTATION_CONTEXT('2D SPACE',''
  ) );
#10692 = PCURVE('',#3990,#10693);
#10693 = DEFINITIONAL_REPRESENTATION('',(#10694),#10697);
#10694 = B_SPLINE_CURVE_WITH_KNOTS('',1,(#10695,#10696),.UNSPECIFIED.,
  .F.,.F.,(2,2),(4.712388980385,6.28318530718),
  .PIECEWISE_BEZIER_KNOTS.);
#10695 = CARTESIAN_POINT('',(-4.441E-14,9.327E-14));
#10696 = CARTESIAN_POINT('',(-1.570796326795,9.327E-14));
#10697 = ( GEOMETRIC_REPRESENTATION_CONTEXT(2) 
PARAMETRIC_REPRESENTATION_CONTEXT() REPRESENTATION_CONTEXT('2D SPACE',''
  ) );
#10698 = ORIENTED_EDGE('',*,*,#10699,.F.);
#10699 = EDGE_CURVE('',#10571,#10677,#10700,.T.);
#10700 = SURFACE_CURVE('',#10701,(#10706,#10713),.PCURVE_S1.);
#10701 = CIRCLE('',#10702,1.063719641972);
#10702 = AXIS2_PLACEMENT_3D('',#10703,#10704,#10705);
#10703 = CARTESIAN_POINT('',(21.847080358028,-17.6,108.38619962005));
#10704 = DIRECTION('',(1.68E-15,1.,-1.42E-15));
#10705 = DIRECTION('',(0.100849599656,1.243333062018E-15,0.994901682705)
  );
#10706 = PCURVE('',#4023,#10707);
#10707 = DEFINITIONAL_REPRESENTATION('',(#10708),#10712);
#10708 = LINE('',#10709,#10710);
#10709 = CARTESIAN_POINT('',(0.,6.28318530718));
#10710 = VECTOR('',#10711,1.);
#10711 = DIRECTION('',(1.,0.));
#10712 = ( GEOMETRIC_REPRESENTATION_CONTEXT(2) 
PARAMETRIC_REPRESENTATION_CONTEXT() REPRESENTATION_CONTEXT('2D SPACE',''
  ) );
#10713 = PCURVE('',#10714,#10719);
#10714 = CYLINDRICAL_SURFACE('',#10715,1.063719641972);
#10715 = AXIS2_PLACEMENT_3D('',#10716,#10717,#10718);
#10716 = CARTESIAN_POINT('',(21.847080358028,-137.5110241319,
    108.38619962005));
#10717 = DIRECTION('',(2.44E-15,-1.,1.67E-15));
#10718 = DIRECTION('',(1.,2.44E-15,-7.8E-16));
#10719 = DEFINITIONAL_REPRESENTATION('',(#10720),#10724);
#10720 = LINE('',#10721,#10722);
#10721 = CARTESIAN_POINT('',(7.752960296284,-119.9110241319));
#10722 = VECTOR('',#10723,1.);
#10723 = DIRECTION('',(-1.,-0.));
#10724 = ( GEOMETRIC_REPRESENTATION_CONTEXT(2) 
PARAMETRIC_REPRESENTATION_CONTEXT() REPRESENTATION_CONTEXT('2D SPACE',''
  ) );
#10725 = ADVANCED_FACE('',(#10726),#3962,.T.);
#10726 = FACE_BOUND('',#10727,.T.);
#10727 = EDGE_LOOP('',(#10728,#10752,#10753,#10754));
#10728 = ORIENTED_EDGE('',*,*,#10729,.F.);
#10729 = EDGE_CURVE('',#3942,#10730,#10732,.T.);
#10730 = VERTEX_POINT('',#10731);
#10731 = CARTESIAN_POINT('',(22.9108,-17.6,79.886199417969));
#10732 = SURFACE_CURVE('',#10733,(#10738,#10745),.PCURVE_S1.);
#10733 = CIRCLE('',#10734,1.);
#10734 = AXIS2_PLACEMENT_3D('',#10735,#10736,#10737);
#10735 = CARTESIAN_POINT('',(21.9108,-17.6,79.886199417969));
#10736 = DIRECTION('',(-3.55E-15,1.33E-15,1.));
#10737 = DIRECTION('',(-1.68E-15,-1.,1.33E-15));
#10738 = PCURVE('',#3962,#10739);
#10739 = DEFINITIONAL_REPRESENTATION('',(#10740),#10744);
#10740 = LINE('',#10741,#10742);
#10741 = CARTESIAN_POINT('',(-1.2079E-13,4.712388980385));
#10742 = VECTOR('',#10743,1.);
#10743 = DIRECTION('',(0.,1.));
#10744 = ( GEOMETRIC_REPRESENTATION_CONTEXT(2) 
PARAMETRIC_REPRESENTATION_CONTEXT() REPRESENTATION_CONTEXT('2D SPACE',''
  ) );
#10745 = PCURVE('',#3990,#10746);
#10746 = DEFINITIONAL_REPRESENTATION('',(#10747),#10751);
#10747 = LINE('',#10748,#10749);
#10748 = CARTESIAN_POINT('',(-0.,28.500000000002));
#10749 = VECTOR('',#10750,1.);
#10750 = DIRECTION('',(-1.,0.));
#10751 = ( GEOMETRIC_REPRESENTATION_CONTEXT(2) 
PARAMETRIC_REPRESENTATION_CONTEXT() REPRESENTATION_CONTEXT('2D SPACE',''
  ) );
#10752 = ORIENTED_EDGE('',*,*,#3941,.T.);
#10753 = ORIENTED_EDGE('',*,*,#10624,.T.);
#10754 = ORIENTED_EDGE('',*,*,#10755,.F.);
#10755 = EDGE_CURVE('',#10730,#10625,#10756,.T.);
#10756 = SURFACE_CURVE('',#10757,(#10762,#10769),.PCURVE_S1.);
#10757 = CIRCLE('',#10758,2.);
#10758 = AXIS2_PLACEMENT_3D('',#10759,#10760,#10761);
#10759 = CARTESIAN_POINT('',(20.9108,-17.6,79.886199417969));
#10760 = DIRECTION('',(1.68E-15,1.,-1.42E-15));
#10761 = DIRECTION('',(1.,-1.68E-15,-5.739E-14));
#10762 = PCURVE('',#3962,#10763);
#10763 = DEFINITIONAL_REPRESENTATION('',(#10764),#10768);
#10764 = LINE('',#10765,#10766);
#10765 = CARTESIAN_POINT('',(0.,6.28318530718));
#10766 = VECTOR('',#10767,1.);
#10767 = DIRECTION('',(1.,0.));
#10768 = ( GEOMETRIC_REPRESENTATION_CONTEXT(2) 
PARAMETRIC_REPRESENTATION_CONTEXT() REPRESENTATION_CONTEXT('2D SPACE',''
  ) );
#10769 = PCURVE('',#10770,#10775);
#10770 = CYLINDRICAL_SURFACE('',#10771,2.);
#10771 = AXIS2_PLACEMENT_3D('',#10772,#10773,#10774);
#10772 = CARTESIAN_POINT('',(20.9108,-137.5110241319,79.886199417969));
#10773 = DIRECTION('',(2.44E-15,-1.,1.67E-15));
#10774 = DIRECTION('',(1.,2.44E-15,-7.8E-16));
#10775 = DEFINITIONAL_REPRESENTATION('',(#10776),#10780);
#10776 = LINE('',#10777,#10778);
#10777 = CARTESIAN_POINT('',(6.283185307179,-119.9110241319));
#10778 = VECTOR('',#10779,1.);
#10779 = DIRECTION('',(-1.,-0.));
#10780 = ( GEOMETRIC_REPRESENTATION_CONTEXT(2) 
PARAMETRIC_REPRESENTATION_CONTEXT() REPRESENTATION_CONTEXT('2D SPACE',''
  ) );
#10781 = ADVANCED_FACE('',(#10782),#3990,.T.);
#10782 = FACE_BOUND('',#10783,.F.);
#10783 = EDGE_LOOP('',(#10784,#10785,#10811,#10812));
#10784 = ORIENTED_EDGE('',*,*,#10676,.T.);
#10785 = ORIENTED_EDGE('',*,*,#10786,.T.);
#10786 = EDGE_CURVE('',#10677,#10730,#10787,.T.);
#10787 = SURFACE_CURVE('',#10788,(#10792,#10799),.PCURVE_S1.);
#10788 = LINE('',#10789,#10790);
#10789 = CARTESIAN_POINT('',(22.9108,-17.6,108.38619941797));
#10790 = VECTOR('',#10791,1.);
#10791 = DIRECTION('',(3.55E-15,-1.33E-15,-1.));
#10792 = PCURVE('',#3990,#10793);
#10793 = DEFINITIONAL_REPRESENTATION('',(#10794),#10798);
#10794 = LINE('',#10795,#10796);
#10795 = CARTESIAN_POINT('',(-1.570796326795,0.));
#10796 = VECTOR('',#10797,1.);
#10797 = DIRECTION('',(-0.,1.));
#10798 = ( GEOMETRIC_REPRESENTATION_CONTEXT(2) 
PARAMETRIC_REPRESENTATION_CONTEXT() REPRESENTATION_CONTEXT('2D SPACE',''
  ) );
#10799 = PCURVE('',#10800,#10805);
#10800 = PLANE('',#10801);
#10801 = AXIS2_PLACEMENT_3D('',#10802,#10803,#10804);
#10802 = CARTESIAN_POINT('',(22.9108,-3.2962,62.25));
#10803 = DIRECTION('',(-1.,1.44E-15,8.9E-16));
#10804 = DIRECTION('',(-8.9E-16,2.11E-15,-1.));
#10805 = DEFINITIONAL_REPRESENTATION('',(#10806),#10810);
#10806 = LINE('',#10807,#10808);
#10807 = CARTESIAN_POINT('',(-46.13619941797,14.3038));
#10808 = VECTOR('',#10809,1.);
#10809 = DIRECTION('',(1.,3.44E-15));
#10810 = ( GEOMETRIC_REPRESENTATION_CONTEXT(2) 
PARAMETRIC_REPRESENTATION_CONTEXT() REPRESENTATION_CONTEXT('2D SPACE',''
  ) );
#10811 = ORIENTED_EDGE('',*,*,#10729,.F.);
#10812 = ORIENTED_EDGE('',*,*,#3974,.F.);
#10813 = ADVANCED_FACE('',(#10814),#4743,.T.);
#10814 = FACE_BOUND('',#10815,.T.);
#10815 = EDGE_LOOP('',(#10816,#10817,#10818,#10819));
#10816 = ORIENTED_EDGE('',*,*,#4725,.F.);
#10817 = ORIENTED_EDGE('',*,*,#5305,.T.);
#10818 = ORIENTED_EDGE('',*,*,#5358,.T.);
#10819 = ORIENTED_EDGE('',*,*,#10820,.F.);
#10820 = EDGE_CURVE('',#4728,#5359,#10821,.T.);
#10821 = SURFACE_CURVE('',#10822,(#10826,#10833),.PCURVE_S1.);
#10822 = LINE('',#10823,#10824);
#10823 = CARTESIAN_POINT('',(-8.,30.4076,11.));
#10824 = VECTOR('',#10825,1.);
#10825 = DIRECTION('',(1.,-6.7E-16,1.7E-16));
#10826 = PCURVE('',#4743,#10827);
#10827 = DEFINITIONAL_REPRESENTATION('',(#10828),#10832);
#10828 = LINE('',#10829,#10830);
#10829 = CARTESIAN_POINT('',(30.4076,-9.448461241983E-16));
#10830 = VECTOR('',#10831,1.);
#10831 = DIRECTION('',(-1.11E-15,-1.));
#10832 = ( GEOMETRIC_REPRESENTATION_CONTEXT(2) 
PARAMETRIC_REPRESENTATION_CONTEXT() REPRESENTATION_CONTEXT('2D SPACE',''
  ) );
#10833 = PCURVE('',#4776,#10834);
#10834 = DEFINITIONAL_REPRESENTATION('',(#10835),#10839);
#10835 = LINE('',#10836,#10837);
#10836 = CARTESIAN_POINT('',(-1.570796326795,0.));
#10837 = VECTOR('',#10838,1.);
#10838 = DIRECTION('',(-0.,-1.));
#10839 = ( GEOMETRIC_REPRESENTATION_CONTEXT(2) 
PARAMETRIC_REPRESENTATION_CONTEXT() REPRESENTATION_CONTEXT('2D SPACE',''
  ) );
#10840 = ADVANCED_FACE('',(#10841),#4776,.T.);
#10841 = FACE_BOUND('',#10842,.F.);
#10842 = EDGE_LOOP('',(#10843,#10864,#10865,#10866));
#10843 = ORIENTED_EDGE('',*,*,#10844,.T.);
#10844 = EDGE_CURVE('',#4756,#5382,#10845,.T.);
#10845 = SURFACE_CURVE('',#10846,(#10850,#10857),.PCURVE_S1.);
#10846 = LINE('',#10847,#10848);
#10847 = CARTESIAN_POINT('',(-8.,35.4076,6.));
#10848 = VECTOR('',#10849,1.);
#10849 = DIRECTION('',(1.,-6.7E-16,1.7E-16));
#10850 = PCURVE('',#4776,#10851);
#10851 = DEFINITIONAL_REPRESENTATION('',(#10852),#10856);
#10852 = LINE('',#10853,#10854);
#10853 = CARTESIAN_POINT('',(-0.,0.));
#10854 = VECTOR('',#10855,1.);
#10855 = DIRECTION('',(-0.,-1.));
#10856 = ( GEOMETRIC_REPRESENTATION_CONTEXT(2) 
PARAMETRIC_REPRESENTATION_CONTEXT() REPRESENTATION_CONTEXT('2D SPACE',''
  ) );
#10857 = PCURVE('',#4804,#10858);
#10858 = DEFINITIONAL_REPRESENTATION('',(#10859),#10863);
#10859 = LINE('',#10860,#10861);
#10860 = CARTESIAN_POINT('',(3.46,1.107870518201E-15));
#10861 = VECTOR('',#10862,1.);
#10862 = DIRECTION('',(-1.05E-15,-1.));
#10863 = ( GEOMETRIC_REPRESENTATION_CONTEXT(2) 
PARAMETRIC_REPRESENTATION_CONTEXT() REPRESENTATION_CONTEXT('2D SPACE',''
  ) );
#10864 = ORIENTED_EDGE('',*,*,#5381,.T.);
#10865 = ORIENTED_EDGE('',*,*,#10820,.F.);
#10866 = ORIENTED_EDGE('',*,*,#4755,.F.);
#10867 = ADVANCED_FACE('',(#10868),#4804,.F.);
#10868 = FACE_BOUND('',#10869,.F.);
#10869 = EDGE_LOOP('',(#10870,#10891,#10892,#10893));
#10870 = ORIENTED_EDGE('',*,*,#10871,.T.);
#10871 = EDGE_CURVE('',#4789,#5410,#10872,.T.);
#10872 = SURFACE_CURVE('',#10873,(#10877,#10884),.PCURVE_S1.);
#10873 = LINE('',#10874,#10875);
#10874 = CARTESIAN_POINT('',(-8.,35.4076,2.54));
#10875 = VECTOR('',#10876,1.);
#10876 = DIRECTION('',(1.,-6.7E-16,1.7E-16));
#10877 = PCURVE('',#4804,#10878);
#10878 = DEFINITIONAL_REPRESENTATION('',(#10879),#10883);
#10879 = LINE('',#10880,#10881);
#10880 = CARTESIAN_POINT('',(0.,-0.));
#10881 = VECTOR('',#10882,1.);
#10882 = DIRECTION('',(-1.05E-15,-1.));
#10883 = ( GEOMETRIC_REPRESENTATION_CONTEXT(2) 
PARAMETRIC_REPRESENTATION_CONTEXT() REPRESENTATION_CONTEXT('2D SPACE',''
  ) );
#10884 = PCURVE('',#4832,#10885);
#10885 = DEFINITIONAL_REPRESENTATION('',(#10886),#10890);
#10886 = LINE('',#10887,#10888);
#10887 = CARTESIAN_POINT('',(3.5,2.363568394003E-16));
#10888 = VECTOR('',#10889,1.);
#10889 = DIRECTION('',(-1.11E-15,-1.));
#10890 = ( GEOMETRIC_REPRESENTATION_CONTEXT(2) 
PARAMETRIC_REPRESENTATION_CONTEXT() REPRESENTATION_CONTEXT('2D SPACE',''
  ) );
#10891 = ORIENTED_EDGE('',*,*,#5409,.T.);
#10892 = ORIENTED_EDGE('',*,*,#10844,.F.);
#10893 = ORIENTED_EDGE('',*,*,#4788,.F.);
#10894 = ADVANCED_FACE('',(#10895),#4832,.F.);
#10895 = FACE_BOUND('',#10896,.F.);
#10896 = EDGE_LOOP('',(#10897,#10918,#10919,#10920));
#10897 = ORIENTED_EDGE('',*,*,#10898,.T.);
#10898 = EDGE_CURVE('',#4817,#5433,#10899,.T.);
#10899 = SURFACE_CURVE('',#10900,(#10904,#10911),.PCURVE_S1.);
#10900 = LINE('',#10901,#10902);
#10901 = CARTESIAN_POINT('',(-8.,31.9076,2.54));
#10902 = VECTOR('',#10903,1.);
#10903 = DIRECTION('',(1.,-6.7E-16,1.7E-16));
#10904 = PCURVE('',#4832,#10905);
#10905 = DEFINITIONAL_REPRESENTATION('',(#10906),#10910);
#10906 = LINE('',#10907,#10908);
#10907 = CARTESIAN_POINT('',(0.,-0.));
#10908 = VECTOR('',#10909,1.);
#10909 = DIRECTION('',(-1.11E-15,-1.));
#10910 = ( GEOMETRIC_REPRESENTATION_CONTEXT(2) 
PARAMETRIC_REPRESENTATION_CONTEXT() REPRESENTATION_CONTEXT('2D SPACE',''
  ) );
#10911 = PCURVE('',#4860,#10912);
#10912 = DEFINITIONAL_REPRESENTATION('',(#10913),#10917);
#10913 = LINE('',#10914,#10915);
#10914 = CARTESIAN_POINT('',(2.54,-1.3224431606E-15));
#10915 = VECTOR('',#10916,1.);
#10916 = DIRECTION('',(-1.05E-15,-1.));
#10917 = ( GEOMETRIC_REPRESENTATION_CONTEXT(2) 
PARAMETRIC_REPRESENTATION_CONTEXT() REPRESENTATION_CONTEXT('2D SPACE',''
  ) );
#10918 = ORIENTED_EDGE('',*,*,#5432,.T.);
#10919 = ORIENTED_EDGE('',*,*,#10871,.F.);
#10920 = ORIENTED_EDGE('',*,*,#4816,.F.);
#10921 = ADVANCED_FACE('',(#10922),#4860,.F.);
#10922 = FACE_BOUND('',#10923,.F.);
#10923 = EDGE_LOOP('',(#10924,#10925,#10926,#10927));
#10924 = ORIENTED_EDGE('',*,*,#7926,.T.);
#10925 = ORIENTED_EDGE('',*,*,#5455,.T.);
#10926 = ORIENTED_EDGE('',*,*,#10898,.F.);
#10927 = ORIENTED_EDGE('',*,*,#4844,.F.);
#10928 = ADVANCED_FACE('',(#10929),#4945,.F.);
#10929 = FACE_BOUND('',#10930,.T.);
#10930 = EDGE_LOOP('',(#10931,#10952,#10953,#10954));
#10931 = ORIENTED_EDGE('',*,*,#10932,.T.);
#10932 = EDGE_CURVE('',#4925,#5506,#10933,.T.);
#10933 = SEAM_CURVE('',#10934,(#10938,#10945),.PCURVE_S1.);
#10934 = LINE('',#10935,#10936);
#10935 = CARTESIAN_POINT('',(-8.,29.4076,5.5));
#10936 = VECTOR('',#10937,1.);
#10937 = DIRECTION('',(1.,-6.7E-16,1.7E-16));
#10938 = PCURVE('',#4945,#10939);
#10939 = DEFINITIONAL_REPRESENTATION('',(#10940),#10944);
#10940 = LINE('',#10941,#10942);
#10941 = CARTESIAN_POINT('',(-0.,0.));
#10942 = VECTOR('',#10943,1.);
#10943 = DIRECTION('',(-0.,-1.));
#10944 = ( GEOMETRIC_REPRESENTATION_CONTEXT(2) 
PARAMETRIC_REPRESENTATION_CONTEXT() REPRESENTATION_CONTEXT('2D SPACE',''
  ) );
#10945 = PCURVE('',#4945,#10946);
#10946 = DEFINITIONAL_REPRESENTATION('',(#10947),#10951);
#10947 = LINE('',#10948,#10949);
#10948 = CARTESIAN_POINT('',(-6.28318530718,0.));
#10949 = VECTOR('',#10950,1.);
#10950 = DIRECTION('',(-0.,-1.));
#10951 = ( GEOMETRIC_REPRESENTATION_CONTEXT(2) 
PARAMETRIC_REPRESENTATION_CONTEXT() REPRESENTATION_CONTEXT('2D SPACE',''
  ) );
#10952 = ORIENTED_EDGE('',*,*,#5505,.T.);
#10953 = ORIENTED_EDGE('',*,*,#10932,.F.);
#10954 = ORIENTED_EDGE('',*,*,#4924,.F.);
#10955 = ADVANCED_FACE('',(#10956),#5254,.T.);
#10956 = FACE_BOUND('',#10957,.T.);
#10957 = EDGE_LOOP('',(#10958,#10979,#10980,#10981));
#10958 = ORIENTED_EDGE('',*,*,#10959,.F.);
#10959 = EDGE_CURVE('',#5673,#8937,#10960,.T.);
#10960 = SURFACE_CURVE('',#10961,(#10965,#10972),.PCURVE_S1.);
#10961 = LINE('',#10962,#10963);
#10962 = CARTESIAN_POINT('',(-28.4625,12.0076,52.9876));
#10963 = VECTOR('',#10964,1.);
#10964 = DIRECTION('',(1.78E-15,-1.,2.22E-15));
#10965 = PCURVE('',#5254,#10966);
#10966 = DEFINITIONAL_REPRESENTATION('',(#10967),#10971);
#10967 = LINE('',#10968,#10969);
#10968 = CARTESIAN_POINT('',(6.28318530718,0.));
#10969 = VECTOR('',#10970,1.);
#10970 = DIRECTION('',(0.,-1.));
#10971 = ( GEOMETRIC_REPRESENTATION_CONTEXT(2) 
PARAMETRIC_REPRESENTATION_CONTEXT() REPRESENTATION_CONTEXT('2D SPACE',''
  ) );
#10972 = PCURVE('',#5843,#10973);
#10973 = DEFINITIONAL_REPRESENTATION('',(#10974),#10978);
#10974 = LINE('',#10975,#10976);
#10975 = CARTESIAN_POINT('',(-0.,0.));
#10976 = VECTOR('',#10977,1.);
#10977 = DIRECTION('',(-4.22E-15,-1.));
#10978 = ( GEOMETRIC_REPRESENTATION_CONTEXT(2) 
PARAMETRIC_REPRESENTATION_CONTEXT() REPRESENTATION_CONTEXT('2D SPACE',''
  ) );
#10979 = ORIENTED_EDGE('',*,*,#5731,.T.);
#10980 = ORIENTED_EDGE('',*,*,#5240,.T.);
#10981 = ORIENTED_EDGE('',*,*,#8960,.T.);
#10982 = ADVANCED_FACE('',(#10983),#5657,.T.);
#10983 = FACE_BOUND('',#10984,.T.);
#10984 = EDGE_LOOP('',(#10985,#10986,#10987,#11008));
#10985 = ORIENTED_EDGE('',*,*,#5643,.T.);
#10986 = ORIENTED_EDGE('',*,*,#5890,.F.);
#10987 = ORIENTED_EDGE('',*,*,#10988,.T.);
#10988 = EDGE_CURVE('',#5861,#9165,#10989,.T.);
#10989 = SURFACE_CURVE('',#10990,(#10994,#11001),.PCURVE_S1.);
#10990 = LINE('',#10991,#10992);
#10991 = CARTESIAN_POINT('',(27.292722215594,12.0076,49.773661951566));
#10992 = VECTOR('',#10993,1.);
#10993 = DIRECTION('',(2.33E-15,-1.,1.67E-15));
#10994 = PCURVE('',#5657,#10995);
#10995 = DEFINITIONAL_REPRESENTATION('',(#10996),#11000);
#10996 = LINE('',#10997,#10998);
#10997 = CARTESIAN_POINT('',(0.,0.));
#10998 = VECTOR('',#10999,1.);
#10999 = DIRECTION('',(-4.696989350578E-15,-1.));
#11000 = ( GEOMETRIC_REPRESENTATION_CONTEXT(2) 
PARAMETRIC_REPRESENTATION_CONTEXT() REPRESENTATION_CONTEXT('2D SPACE',''
  ) );
#11001 = PCURVE('',#6076,#11002);
#11002 = DEFINITIONAL_REPRESENTATION('',(#11003),#11007);
#11003 = LINE('',#11004,#11005);
#11004 = CARTESIAN_POINT('',(-5.585053606381,0.));
#11005 = VECTOR('',#11006,1.);
#11006 = DIRECTION('',(-0.,-1.));
#11007 = ( GEOMETRIC_REPRESENTATION_CONTEXT(2) 
PARAMETRIC_REPRESENTATION_CONTEXT() REPRESENTATION_CONTEXT('2D SPACE',''
  ) );
#11008 = ORIENTED_EDGE('',*,*,#9164,.F.);
#11009 = ADVANCED_FACE('',(#11010),#5843,.F.);
#11010 = FACE_BOUND('',#11011,.T.);
#11011 = EDGE_LOOP('',(#11012,#11013,#11014,#11015));
#11012 = ORIENTED_EDGE('',*,*,#5967,.F.);
#11013 = ORIENTED_EDGE('',*,*,#5829,.T.);
#11014 = ORIENTED_EDGE('',*,*,#10959,.T.);
#11015 = ORIENTED_EDGE('',*,*,#8986,.T.);
#11016 = ADVANCED_FACE('',(#11017),#6076,.T.);
#11017 = FACE_BOUND('',#11018,.F.);
#11018 = EDGE_LOOP('',(#11019,#11040,#11041,#11042));
#11019 = ORIENTED_EDGE('',*,*,#11020,.F.);
#11020 = EDGE_CURVE('',#5993,#9268,#11021,.T.);
#11021 = SURFACE_CURVE('',#11022,(#11026,#11033),.PCURVE_S1.);
#11022 = LINE('',#11023,#11024);
#11023 = CARTESIAN_POINT('',(28.4625,12.0076,52.9876));
#11024 = VECTOR('',#11025,1.);
#11025 = DIRECTION('',(2.33E-15,-1.,1.67E-15));
#11026 = PCURVE('',#6076,#11027);
#11027 = DEFINITIONAL_REPRESENTATION('',(#11028),#11032);
#11028 = LINE('',#11029,#11030);
#11029 = CARTESIAN_POINT('',(-6.28318530718,0.));
#11030 = VECTOR('',#11031,1.);
#11031 = DIRECTION('',(-0.,-1.));
#11032 = ( GEOMETRIC_REPRESENTATION_CONTEXT(2) 
PARAMETRIC_REPRESENTATION_CONTEXT() REPRESENTATION_CONTEXT('2D SPACE',''
  ) );
#11033 = PCURVE('',#6199,#11034);
#11034 = DEFINITIONAL_REPRESENTATION('',(#11035),#11039);
#11035 = LINE('',#11036,#11037);
#11036 = CARTESIAN_POINT('',(0.,0.));
#11037 = VECTOR('',#11038,1.);
#11038 = DIRECTION('',(3.34E-15,-1.));
#11039 = ( GEOMETRIC_REPRESENTATION_CONTEXT(2) 
PARAMETRIC_REPRESENTATION_CONTEXT() REPRESENTATION_CONTEXT('2D SPACE',''
  ) );
#11040 = ORIENTED_EDGE('',*,*,#6051,.T.);
#11041 = ORIENTED_EDGE('',*,*,#10988,.T.);
#11042 = ORIENTED_EDGE('',*,*,#9291,.T.);
#11043 = ADVANCED_FACE('',(#11044),#6199,.F.);
#11044 = FACE_BOUND('',#11045,.F.);
#11045 = EDGE_LOOP('',(#11046,#11047,#11048,#11049));
#11046 = ORIENTED_EDGE('',*,*,#6290,.F.);
#11047 = ORIENTED_EDGE('',*,*,#6185,.T.);
#11048 = ORIENTED_EDGE('',*,*,#11020,.T.);
#11049 = ORIENTED_EDGE('',*,*,#9367,.T.);
#11050 = ADVANCED_FACE('',(#11051),#6426,.T.);
#11051 = FACE_BOUND('',#11052,.T.);
#11052 = EDGE_LOOP('',(#11053,#11054,#11055,#11076,#11077,#11078,#11079,
    #11080));
#11053 = ORIENTED_EDGE('',*,*,#7953,.T.);
#11054 = ORIENTED_EDGE('',*,*,#8303,.T.);
#11055 = ORIENTED_EDGE('',*,*,#11056,.T.);
#11056 = EDGE_CURVE('',#8281,#6819,#11057,.T.);
#11057 = SURFACE_CURVE('',#11058,(#11062,#11069),.PCURVE_S1.);
#11058 = LINE('',#11059,#11060);
#11059 = CARTESIAN_POINT('',(-23.5625,-4.,72.4876));
#11060 = VECTOR('',#11061,1.);
#11061 = DIRECTION('',(1.67E-15,1.E-15,-1.));
#11062 = PCURVE('',#6426,#11063);
#11063 = DEFINITIONAL_REPRESENTATION('',(#11064),#11068);
#11064 = LINE('',#11065,#11066);
#11065 = CARTESIAN_POINT('',(-1.743313782912E-13,-47.125));
#11066 = VECTOR('',#11067,1.);
#11067 = DIRECTION('',(1.,-2.2E-16));
#11068 = ( GEOMETRIC_REPRESENTATION_CONTEXT(2) 
PARAMETRIC_REPRESENTATION_CONTEXT() REPRESENTATION_CONTEXT('2D SPACE',''
  ) );
#11069 = PCURVE('',#6857,#11070);
#11070 = DEFINITIONAL_REPRESENTATION('',(#11071),#11075);
#11071 = LINE('',#11072,#11073);
#11072 = CARTESIAN_POINT('',(-8.125,-2.58125));
#11073 = VECTOR('',#11074,1.);
#11074 = DIRECTION('',(1.,-1.774937036747E-30));
#11075 = ( GEOMETRIC_REPRESENTATION_CONTEXT(2) 
PARAMETRIC_REPRESENTATION_CONTEXT() REPRESENTATION_CONTEXT('2D SPACE',''
  ) );
#11076 = ORIENTED_EDGE('',*,*,#6818,.F.);
#11077 = ORIENTED_EDGE('',*,*,#6590,.F.);
#11078 = ORIENTED_EDGE('',*,*,#6514,.F.);
#11079 = ORIENTED_EDGE('',*,*,#6410,.F.);
#11080 = ORIENTED_EDGE('',*,*,#8029,.F.);
#11081 = ADVANCED_FACE('',(#11082),#6725,.T.);
#11082 = FACE_BOUND('',#11083,.T.);
#11083 = EDGE_LOOP('',(#11084,#11105,#11106,#11107,#11108,#11109,#11110,
    #11111));
#11084 = ORIENTED_EDGE('',*,*,#11085,.F.);
#11085 = EDGE_CURVE('',#8733,#7268,#11086,.T.);
#11086 = SURFACE_CURVE('',#11087,(#11091,#11098),.PCURVE_S1.);
#11087 = LINE('',#11088,#11089);
#11088 = CARTESIAN_POINT('',(23.5625,-4.,72.4876));
#11089 = VECTOR('',#11090,1.);
#11090 = DIRECTION('',(1.67E-15,1.E-15,-1.));
#11091 = PCURVE('',#6725,#11092);
#11092 = DEFINITIONAL_REPRESENTATION('',(#11093),#11097);
#11093 = LINE('',#11094,#11095);
#11094 = CARTESIAN_POINT('',(2.84217094304E-14,3.5527136788E-14));
#11095 = VECTOR('',#11096,1.);
#11096 = DIRECTION('',(1.,-2.2E-16));
#11097 = ( GEOMETRIC_REPRESENTATION_CONTEXT(2) 
PARAMETRIC_REPRESENTATION_CONTEXT() REPRESENTATION_CONTEXT('2D SPACE',''
  ) );
#11098 = PCURVE('',#7306,#11099);
#11099 = DEFINITIONAL_REPRESENTATION('',(#11100),#11104);
#11100 = LINE('',#11101,#11102);
#11101 = CARTESIAN_POINT('',(-8.125,-2.58125));
#11102 = VECTOR('',#11103,1.);
#11103 = DIRECTION('',(1.,-1.774937036747E-30));
#11104 = ( GEOMETRIC_REPRESENTATION_CONTEXT(2) 
PARAMETRIC_REPRESENTATION_CONTEXT() REPRESENTATION_CONTEXT('2D SPACE',''
  ) );
#11105 = ORIENTED_EDGE('',*,*,#8778,.T.);
#11106 = ORIENTED_EDGE('',*,*,#8004,.F.);
#11107 = ORIENTED_EDGE('',*,*,#8076,.F.);
#11108 = ORIENTED_EDGE('',*,*,#6709,.T.);
#11109 = ORIENTED_EDGE('',*,*,#6973,.T.);
#11110 = ORIENTED_EDGE('',*,*,#7078,.T.);
#11111 = ORIENTED_EDGE('',*,*,#7267,.T.);
#11112 = ADVANCED_FACE('',(#11113),#6779,.F.);
#11113 = FACE_BOUND('',#11114,.T.);
#11114 = EDGE_LOOP('',(#11115,#11136,#11137,#11138));
#11115 = ORIENTED_EDGE('',*,*,#11116,.F.);
#11116 = EDGE_CURVE('',#6998,#9318,#11117,.T.);
#11117 = SURFACE_CURVE('',#11118,(#11122,#11129),.PCURVE_S1.);
#11118 = LINE('',#11119,#11120);
#11119 = CARTESIAN_POINT('',(-28.4625,12.0076,65.8876));
#11120 = VECTOR('',#11121,1.);
#11121 = DIRECTION('',(1.78E-15,-1.,2.22E-15));
#11122 = PCURVE('',#6779,#11123);
#11123 = DEFINITIONAL_REPRESENTATION('',(#11124),#11128);
#11124 = LINE('',#11125,#11126);
#11125 = CARTESIAN_POINT('',(-3.15,-8.054273576013E-16));
#11126 = VECTOR('',#11127,1.);
#11127 = DIRECTION('',(-4.22E-15,-1.));
#11128 = ( GEOMETRIC_REPRESENTATION_CONTEXT(2) 
PARAMETRIC_REPRESENTATION_CONTEXT() REPRESENTATION_CONTEXT('2D SPACE',''
  ) );
#11129 = PCURVE('',#7158,#11130);
#11130 = DEFINITIONAL_REPRESENTATION('',(#11131),#11135);
#11131 = LINE('',#11132,#11133);
#11132 = CARTESIAN_POINT('',(-3.375E-14,0.));
#11133 = VECTOR('',#11134,1.);
#11134 = DIRECTION('',(0.,-1.));
#11135 = ( GEOMETRIC_REPRESENTATION_CONTEXT(2) 
PARAMETRIC_REPRESENTATION_CONTEXT() REPRESENTATION_CONTEXT('2D SPACE',''
  ) );
#11136 = ORIENTED_EDGE('',*,*,#7027,.T.);
#11137 = ORIENTED_EDGE('',*,*,#6761,.T.);
#11138 = ORIENTED_EDGE('',*,*,#9317,.T.);
#11139 = ADVANCED_FACE('',(#11140),#6885,.T.);
#11140 = FACE_BOUND('',#11141,.T.);
#11141 = EDGE_LOOP('',(#11142,#11143,#11166,#11187));
#11142 = ORIENTED_EDGE('',*,*,#6869,.F.);
#11143 = ORIENTED_EDGE('',*,*,#11144,.T.);
#11144 = EDGE_CURVE('',#6842,#11145,#11147,.T.);
#11145 = VERTEX_POINT('',#11146);
#11146 = CARTESIAN_POINT('',(-23.5625,-9.1625,62.8376));
#11147 = SURFACE_CURVE('',#11148,(#11152,#11159),.PCURVE_S1.);
#11148 = LINE('',#11149,#11150);
#11149 = CARTESIAN_POINT('',(-23.5625,-9.1625,56.2376));
#11150 = VECTOR('',#11151,1.);
#11151 = DIRECTION('',(-1.67E-15,-1.E-15,1.));
#11152 = PCURVE('',#6885,#11153);
#11153 = DEFINITIONAL_REPRESENTATION('',(#11154),#11158);
#11154 = LINE('',#11155,#11156);
#11155 = CARTESIAN_POINT('',(1.530150962184E-13,-47.125));
#11156 = VECTOR('',#11157,1.);
#11157 = DIRECTION('',(1.,2.2E-16));
#11158 = ( GEOMETRIC_REPRESENTATION_CONTEXT(2) 
PARAMETRIC_REPRESENTATION_CONTEXT() REPRESENTATION_CONTEXT('2D SPACE',''
  ) );
#11159 = PCURVE('',#6857,#11160);
#11160 = DEFINITIONAL_REPRESENTATION('',(#11161),#11165);
#11161 = LINE('',#11162,#11163);
#11162 = CARTESIAN_POINT('',(8.125,2.58125));
#11163 = VECTOR('',#11164,1.);
#11164 = DIRECTION('',(-1.,1.774937036747E-30));
#11165 = ( GEOMETRIC_REPRESENTATION_CONTEXT(2) 
PARAMETRIC_REPRESENTATION_CONTEXT() REPRESENTATION_CONTEXT('2D SPACE',''
  ) );
#11166 = ORIENTED_EDGE('',*,*,#11167,.F.);
#11167 = EDGE_CURVE('',#9217,#11145,#11168,.T.);
#11168 = SURFACE_CURVE('',#11169,(#11173,#11180),.PCURVE_S1.);
#11169 = LINE('',#11170,#11171);
#11170 = CARTESIAN_POINT('',(23.5625,-9.1625,62.8376));
#11171 = VECTOR('',#11172,1.);
#11172 = DIRECTION('',(-1.,8.9E-16,6.E-17));
#11173 = PCURVE('',#6885,#11174);
#11174 = DEFINITIONAL_REPRESENTATION('',(#11175),#11179);
#11175 = LINE('',#11176,#11177);
#11176 = CARTESIAN_POINT('',(6.6,1.815858963599E-15));
#11177 = VECTOR('',#11178,1.);
#11178 = DIRECTION('',(1.95E-15,-1.));
#11179 = ( GEOMETRIC_REPRESENTATION_CONTEXT(2) 
PARAMETRIC_REPRESENTATION_CONTEXT() REPRESENTATION_CONTEXT('2D SPACE',''
  ) );
#11180 = PCURVE('',#8241,#11181);
#11181 = DEFINITIONAL_REPRESENTATION('',(#11182),#11186);
#11182 = LINE('',#11183,#11184);
#11183 = CARTESIAN_POINT('',(3.05,1.340927357601E-15));
#11184 = VECTOR('',#11185,1.);
#11185 = DIRECTION('',(-1.95E-15,-1.));
#11186 = ( GEOMETRIC_REPRESENTATION_CONTEXT(2) 
PARAMETRIC_REPRESENTATION_CONTEXT() REPRESENTATION_CONTEXT('2D SPACE',''
  ) );
#11187 = ORIENTED_EDGE('',*,*,#9216,.F.);
#11188 = ADVANCED_FACE('',(#11189),#6857,.F.);
#11189 = FACE_BOUND('',#11190,.F.);
#11190 = EDGE_LOOP('',(#11191,#11192,#11193,#11194,#11195,#11196));
#11191 = ORIENTED_EDGE('',*,*,#8202,.F.);
#11192 = ORIENTED_EDGE('',*,*,#8280,.T.);
#11193 = ORIENTED_EDGE('',*,*,#11056,.T.);
#11194 = ORIENTED_EDGE('',*,*,#6841,.F.);
#11195 = ORIENTED_EDGE('',*,*,#11144,.T.);
#11196 = ORIENTED_EDGE('',*,*,#11197,.F.);
#11197 = EDGE_CURVE('',#8203,#11145,#11198,.T.);
#11198 = SURFACE_CURVE('',#11199,(#11203,#11210),.PCURVE_S1.);
#11199 = LINE('',#11200,#11201);
#11200 = CARTESIAN_POINT('',(-23.5625,-9.1625,65.8876));
#11201 = VECTOR('',#11202,1.);
#11202 = DIRECTION('',(1.67E-15,1.E-15,-1.));
#11203 = PCURVE('',#6857,#11204);
#11204 = DEFINITIONAL_REPRESENTATION('',(#11205),#11209);
#11205 = LINE('',#11206,#11207);
#11206 = CARTESIAN_POINT('',(-1.525,2.58125));
#11207 = VECTOR('',#11208,1.);
#11208 = DIRECTION('',(1.,-1.774937036747E-30));
#11209 = ( GEOMETRIC_REPRESENTATION_CONTEXT(2) 
PARAMETRIC_REPRESENTATION_CONTEXT() REPRESENTATION_CONTEXT('2D SPACE',''
  ) );
#11210 = PCURVE('',#8241,#11211);
#11211 = DEFINITIONAL_REPRESENTATION('',(#11212),#11216);
#11212 = LINE('',#11213,#11214);
#11213 = CARTESIAN_POINT('',(-1.743313782912E-13,-47.125));
#11214 = VECTOR('',#11215,1.);
#11215 = DIRECTION('',(1.,-2.2E-16));
#11216 = ( GEOMETRIC_REPRESENTATION_CONTEXT(2) 
PARAMETRIC_REPRESENTATION_CONTEXT() REPRESENTATION_CONTEXT('2D SPACE',''
  ) );
#11217 = ADVANCED_FACE('',(#11218),#7158,.T.);
#11218 = FACE_BOUND('',#11219,.T.);
#11219 = EDGE_LOOP('',(#11220,#11241,#11242,#11243));
#11220 = ORIENTED_EDGE('',*,*,#11221,.F.);
#11221 = EDGE_CURVE('',#7103,#9396,#11222,.T.);
#11222 = SURFACE_CURVE('',#11223,(#11227,#11234),.PCURVE_S1.);
#11223 = LINE('',#11224,#11225);
#11224 = CARTESIAN_POINT('',(-27.29272221559,12.0076,69.101538048434));
#11225 = VECTOR('',#11226,1.);
#11226 = DIRECTION('',(1.78E-15,-1.,2.22E-15));
#11227 = PCURVE('',#7158,#11228);
#11228 = DEFINITIONAL_REPRESENTATION('',(#11229),#11233);
#11229 = LINE('',#11230,#11231);
#11230 = CARTESIAN_POINT('',(0.698131700798,0.));
#11231 = VECTOR('',#11232,1.);
#11232 = DIRECTION('',(0.,-1.));
#11233 = ( GEOMETRIC_REPRESENTATION_CONTEXT(2) 
PARAMETRIC_REPRESENTATION_CONTEXT() REPRESENTATION_CONTEXT('2D SPACE',''
  ) );
#11234 = PCURVE('',#7499,#11235);
#11235 = DEFINITIONAL_REPRESENTATION('',(#11236),#11240);
#11236 = LINE('',#11237,#11238);
#11237 = CARTESIAN_POINT('',(-0.,0.));
#11238 = VECTOR('',#11239,1.);
#11239 = DIRECTION('',(-5.374780608966E-15,-1.));
#11240 = ( GEOMETRIC_REPRESENTATION_CONTEXT(2) 
PARAMETRIC_REPRESENTATION_CONTEXT() REPRESENTATION_CONTEXT('2D SPACE',''
  ) );
#11241 = ORIENTED_EDGE('',*,*,#7133,.T.);
#11242 = ORIENTED_EDGE('',*,*,#11116,.T.);
#11243 = ORIENTED_EDGE('',*,*,#9419,.T.);
#11244 = ADVANCED_FACE('',(#11245),#7224,.F.);
#11245 = FACE_BOUND('',#11246,.F.);
#11246 = EDGE_LOOP('',(#11247,#11268,#11269,#11270));
#11247 = ORIENTED_EDGE('',*,*,#11248,.F.);
#11248 = EDGE_CURVE('',#7517,#9993,#11249,.T.);
#11249 = SURFACE_CURVE('',#11250,(#11254,#11261),.PCURVE_S1.);
#11250 = LINE('',#11251,#11252);
#11251 = CARTESIAN_POINT('',(28.4625,12.0076,65.8876));
#11252 = VECTOR('',#11253,1.);
#11253 = DIRECTION('',(2.33E-15,-1.,1.67E-15));
#11254 = PCURVE('',#7224,#11255);
#11255 = DEFINITIONAL_REPRESENTATION('',(#11256),#11260);
#11256 = LINE('',#11257,#11258);
#11257 = CARTESIAN_POINT('',(3.15,-1.844927357601E-15));
#11258 = VECTOR('',#11259,1.);
#11259 = DIRECTION('',(3.34E-15,-1.));
#11260 = ( GEOMETRIC_REPRESENTATION_CONTEXT(2) 
PARAMETRIC_REPRESENTATION_CONTEXT() REPRESENTATION_CONTEXT('2D SPACE',''
  ) );
#11261 = PCURVE('',#7793,#11262);
#11262 = DEFINITIONAL_REPRESENTATION('',(#11263),#11267);
#11263 = LINE('',#11264,#11265);
#11264 = CARTESIAN_POINT('',(3.375E-14,-0.));
#11265 = VECTOR('',#11266,1.);
#11266 = DIRECTION('',(-0.,-1.));
#11267 = ( GEOMETRIC_REPRESENTATION_CONTEXT(2) 
PARAMETRIC_REPRESENTATION_CONTEXT() REPRESENTATION_CONTEXT('2D SPACE',''
  ) );
#11268 = ORIENTED_EDGE('',*,*,#7546,.T.);
#11269 = ORIENTED_EDGE('',*,*,#7206,.T.);
#11270 = ORIENTED_EDGE('',*,*,#9992,.T.);
#11271 = ADVANCED_FACE('',(#11272),#7334,.T.);
#11272 = FACE_BOUND('',#11273,.T.);
#11273 = EDGE_LOOP('',(#11274,#11297,#11298,#11299));
#11274 = ORIENTED_EDGE('',*,*,#11275,.F.);
#11275 = EDGE_CURVE('',#7291,#11276,#11278,.T.);
#11276 = VERTEX_POINT('',#11277);
#11277 = CARTESIAN_POINT('',(23.5625,-9.1625,62.8376));
#11278 = SURFACE_CURVE('',#11279,(#11283,#11290),.PCURVE_S1.);
#11279 = LINE('',#11280,#11281);
#11280 = CARTESIAN_POINT('',(23.5625,-9.1625,56.2376));
#11281 = VECTOR('',#11282,1.);
#11282 = DIRECTION('',(-1.67E-15,-1.E-15,1.));
#11283 = PCURVE('',#7334,#11284);
#11284 = DEFINITIONAL_REPRESENTATION('',(#11285),#11289);
#11285 = LINE('',#11286,#11287);
#11286 = CARTESIAN_POINT('',(-4.263256414561E-14,3.5527136788E-14));
#11287 = VECTOR('',#11288,1.);
#11288 = DIRECTION('',(1.,2.2E-16));
#11289 = ( GEOMETRIC_REPRESENTATION_CONTEXT(2) 
PARAMETRIC_REPRESENTATION_CONTEXT() REPRESENTATION_CONTEXT('2D SPACE',''
  ) );
#11290 = PCURVE('',#7306,#11291);
#11291 = DEFINITIONAL_REPRESENTATION('',(#11292),#11296);
#11292 = LINE('',#11293,#11294);
#11293 = CARTESIAN_POINT('',(8.125,2.58125));
#11294 = VECTOR('',#11295,1.);
#11295 = DIRECTION('',(-1.,1.774937036747E-30));
#11296 = ( GEOMETRIC_REPRESENTATION_CONTEXT(2) 
PARAMETRIC_REPRESENTATION_CONTEXT() REPRESENTATION_CONTEXT('2D SPACE',''
  ) );
#11297 = ORIENTED_EDGE('',*,*,#7318,.T.);
#11298 = ORIENTED_EDGE('',*,*,#9832,.T.);
#11299 = ORIENTED_EDGE('',*,*,#11300,.F.);
#11300 = EDGE_CURVE('',#11276,#9833,#11301,.T.);
#11301 = SURFACE_CURVE('',#11302,(#11306,#11313),.PCURVE_S1.);
#11302 = LINE('',#11303,#11304);
#11303 = CARTESIAN_POINT('',(23.5625,-9.1625,62.8376));
#11304 = VECTOR('',#11305,1.);
#11305 = DIRECTION('',(-1.,8.9E-16,6.E-17));
#11306 = PCURVE('',#7334,#11307);
#11307 = DEFINITIONAL_REPRESENTATION('',(#11308),#11312);
#11308 = LINE('',#11309,#11310);
#11309 = CARTESIAN_POINT('',(6.6,1.815858963599E-15));
#11310 = VECTOR('',#11311,1.);
#11311 = DIRECTION('',(1.95E-15,-1.));
#11312 = ( GEOMETRIC_REPRESENTATION_CONTEXT(2) 
PARAMETRIC_REPRESENTATION_CONTEXT() REPRESENTATION_CONTEXT('2D SPACE',''
  ) );
#11313 = PCURVE('',#8885,#11314);
#11314 = DEFINITIONAL_REPRESENTATION('',(#11315),#11319);
#11315 = LINE('',#11316,#11317);
#11316 = CARTESIAN_POINT('',(3.05,1.340927357601E-15));
#11317 = VECTOR('',#11318,1.);
#11318 = DIRECTION('',(-1.95E-15,-1.));
#11319 = ( GEOMETRIC_REPRESENTATION_CONTEXT(2) 
PARAMETRIC_REPRESENTATION_CONTEXT() REPRESENTATION_CONTEXT('2D SPACE',''
  ) );
#11320 = ADVANCED_FACE('',(#11321),#7306,.T.);
#11321 = FACE_BOUND('',#11322,.T.);
#11322 = EDGE_LOOP('',(#11323,#11324,#11325,#11326,#11327,#11328));
#11323 = ORIENTED_EDGE('',*,*,#8802,.F.);
#11324 = ORIENTED_EDGE('',*,*,#8730,.T.);
#11325 = ORIENTED_EDGE('',*,*,#11085,.T.);
#11326 = ORIENTED_EDGE('',*,*,#7290,.T.);
#11327 = ORIENTED_EDGE('',*,*,#11275,.T.);
#11328 = ORIENTED_EDGE('',*,*,#11329,.F.);
#11329 = EDGE_CURVE('',#8803,#11276,#11330,.T.);
#11330 = SURFACE_CURVE('',#11331,(#11335,#11342),.PCURVE_S1.);
#11331 = LINE('',#11332,#11333);
#11332 = CARTESIAN_POINT('',(23.5625,-9.1625,65.8876));
#11333 = VECTOR('',#11334,1.);
#11334 = DIRECTION('',(1.67E-15,1.E-15,-1.));
#11335 = PCURVE('',#7306,#11336);
#11336 = DEFINITIONAL_REPRESENTATION('',(#11337),#11341);
#11337 = LINE('',#11338,#11339);
#11338 = CARTESIAN_POINT('',(-1.525,2.58125));
#11339 = VECTOR('',#11340,1.);
#11340 = DIRECTION('',(1.,-1.774937036747E-30));
#11341 = ( GEOMETRIC_REPRESENTATION_CONTEXT(2) 
PARAMETRIC_REPRESENTATION_CONTEXT() REPRESENTATION_CONTEXT('2D SPACE',''
  ) );
#11342 = PCURVE('',#8885,#11343);
#11343 = DEFINITIONAL_REPRESENTATION('',(#11344),#11348);
#11344 = LINE('',#11345,#11346);
#11345 = CARTESIAN_POINT('',(2.84217094304E-14,3.5527136788E-14));
#11346 = VECTOR('',#11347,1.);
#11347 = DIRECTION('',(1.,-2.2E-16));
#11348 = ( GEOMETRIC_REPRESENTATION_CONTEXT(2) 
PARAMETRIC_REPRESENTATION_CONTEXT() REPRESENTATION_CONTEXT('2D SPACE',''
  ) );
#11349 = ADVANCED_FACE('',(#11350),#7411,.T.);
#11350 = FACE_BOUND('',#11351,.T.);
#11351 = EDGE_LOOP('',(#11352,#11384,#11385,#11386));
#11352 = ORIENTED_EDGE('',*,*,#11353,.F.);
#11353 = EDGE_CURVE('',#7675,#11354,#11356,.T.);
#11354 = VERTEX_POINT('',#11355);
#11355 = CARTESIAN_POINT('',(-21.34751165608,-2.,76.186764091465));
#11356 = SURFACE_CURVE('',#11357,(#11362,#11372),.PCURVE_S1.);
#11357 = CIRCLE('',#11358,2.);
#11358 = AXIS2_PLACEMENT_3D('',#11359,#11360,#11361);
#11359 = CARTESIAN_POINT('',(-19.81542276984,-2.,74.901188872092));
#11360 = DIRECTION('',(0.642787609686,-3.8E-16,0.766044443119));
#11361 = DIRECTION('',(1.781210046311E-15,1.,-9.985579229621E-16));
#11362 = PCURVE('',#7411,#11363);
#11363 = DEFINITIONAL_REPRESENTATION('',(#11364),#11371);
#11364 = B_SPLINE_CURVE_WITH_KNOTS('',5,(#11365,#11366,#11367,#11368,
    #11369,#11370),.UNSPECIFIED.,.F.,.F.,(6,6),(0.,1.570796326795),
  .PIECEWISE_BEZIER_KNOTS.);
#11365 = CARTESIAN_POINT('',(0.,1.7E-16));
#11366 = CARTESIAN_POINT('',(0.,0.2));
#11367 = CARTESIAN_POINT('',(0.,0.399965660628));
#11368 = CARTESIAN_POINT('',(0.,0.600034339372));
#11369 = CARTESIAN_POINT('',(0.,0.8));
#11370 = CARTESIAN_POINT('',(0.,1.));
#11371 = ( GEOMETRIC_REPRESENTATION_CONTEXT(2) 
PARAMETRIC_REPRESENTATION_CONTEXT() REPRESENTATION_CONTEXT('2D SPACE',''
  ) );
#11372 = PCURVE('',#11373,#11378);
#11373 = CYLINDRICAL_SURFACE('',#11374,2.);
#11374 = AXIS2_PLACEMENT_3D('',#11375,#11376,#11377);
#11375 = CARTESIAN_POINT('',(-19.15044022284,-2.,75.693684211487));
#11376 = DIRECTION('',(-0.642787609686,3.8E-16,-0.766044443119));
#11377 = DIRECTION('',(1.781210046311E-15,1.,-9.985579229621E-16));
#11378 = DEFINITIONAL_REPRESENTATION('',(#11379),#11383);
#11379 = LINE('',#11380,#11381);
#11380 = CARTESIAN_POINT('',(-0.,1.034529192808));
#11381 = VECTOR('',#11382,1.);
#11382 = DIRECTION('',(-1.,0.));
#11383 = ( GEOMETRIC_REPRESENTATION_CONTEXT(2) 
PARAMETRIC_REPRESENTATION_CONTEXT() REPRESENTATION_CONTEXT('2D SPACE',''
  ) );
#11384 = ORIENTED_EDGE('',*,*,#7702,.T.);
#11385 = ORIENTED_EDGE('',*,*,#7393,.T.);
#11386 = ORIENTED_EDGE('',*,*,#11387,.F.);
#11387 = EDGE_CURVE('',#11354,#7394,#11388,.T.);
#11388 = SURFACE_CURVE('',#11389,(#11401,#11408),.PCURVE_S1.);
#11389 = B_SPLINE_CURVE_WITH_KNOTS('',10,(#11390,#11391,#11392,#11393,
    #11394,#11395,#11396,#11397,#11398,#11399,#11400),.UNSPECIFIED.,.F.,
  .F.,(11,11),(0.,1.),.PIECEWISE_BEZIER_KNOTS.);
#11390 = CARTESIAN_POINT('',(-21.34751165608,-2.,76.186764091465));
#11391 = CARTESIAN_POINT('',(-21.43775734418,-2.,76.079213468448));
#11392 = CARTESIAN_POINT('',(-21.52452545946,-1.999576750709,
    75.975807255336));
#11393 = CARTESIAN_POINT('',(-21.62016340177,-2.00253487688,
    75.861830394023));
#11394 = CARTESIAN_POINT('',(-21.70210037465,-1.990456572787,
    75.764181712177));
#11395 = CARTESIAN_POINT('',(-21.79596140529,-2.013101089204,
    75.652322491764));
#11396 = CARTESIAN_POINT('',(-21.88786801467,-1.975734800722,
    75.542792459797));
#11397 = CARTESIAN_POINT('',(-21.97015748363,-1.974681375468,
    75.444723689578));
#11398 = CARTESIAN_POINT('',(-22.06510426837,-1.956547819556,
    75.331570517737));
#11399 = CARTESIAN_POINT('',(-22.15144411458,-1.943155367867,
    75.228674695833));
#11400 = CARTESIAN_POINT('',(-22.241215817,-1.928783950681,
    75.121688946971));
#11401 = PCURVE('',#7411,#11402);
#11402 = DEFINITIONAL_REPRESENTATION('',(#11403),#11407);
#11403 = LINE('',#11404,#11405);
#11404 = CARTESIAN_POINT('',(0.,1.));
#11405 = VECTOR('',#11406,1.);
#11406 = DIRECTION('',(1.,0.));
#11407 = ( GEOMETRIC_REPRESENTATION_CONTEXT(2) 
PARAMETRIC_REPRESENTATION_CONTEXT() REPRESENTATION_CONTEXT('2D SPACE',''
  ) );
#11408 = PCURVE('',#7499,#11409);
#11409 = DEFINITIONAL_REPRESENTATION('',(#11410),#11422);
#11410 = B_SPLINE_CURVE_WITH_KNOTS('',10,(#11411,#11412,#11413,#11414,
    #11415,#11416,#11417,#11418,#11419,#11420,#11421),.UNSPECIFIED.,.F.,
  .F.,(11,11),(0.,1.),.PIECEWISE_BEZIER_KNOTS.);
#11411 = CARTESIAN_POINT('',(-9.249105723139,-14.0076));
#11412 = CARTESIAN_POINT('',(-9.108708355881,-14.0076));
#11413 = CARTESIAN_POINT('',(-8.973721131528,-14.0071767507));
#11414 = CARTESIAN_POINT('',(-8.824934905942,-14.01013487688));
#11415 = CARTESIAN_POINT('',(-8.69746360489,-13.99805657278));
#11416 = CARTESIAN_POINT('',(-8.551441763153,-14.0207010892));
#11417 = CARTESIAN_POINT('',(-8.408460461053,-13.98333480072));
#11418 = CARTESIAN_POINT('',(-8.280440773529,-13.98228137546));
#11419 = CARTESIAN_POINT('',(-8.13272979821,-13.96414781955));
#11420 = CARTESIAN_POINT('',(-7.998408842249,-13.95075536786));
#11421 = CARTESIAN_POINT('',(-7.858748865829,-13.93638395068));
#11422 = ( GEOMETRIC_REPRESENTATION_CONTEXT(2) 
PARAMETRIC_REPRESENTATION_CONTEXT() REPRESENTATION_CONTEXT('2D SPACE',''
  ) );
#11423 = ADVANCED_FACE('',(#11424),#7499,.F.);
#11424 = FACE_BOUND('',#11425,.T.);
#11425 = EDGE_LOOP('',(#11426,#11427,#11428,#11451,#11472,#11473));
#11426 = ORIENTED_EDGE('',*,*,#11221,.T.);
#11427 = ORIENTED_EDGE('',*,*,#9624,.T.);
#11428 = ORIENTED_EDGE('',*,*,#11429,.F.);
#11429 = EDGE_CURVE('',#11430,#9447,#11432,.T.);
#11430 = VERTEX_POINT('',#11431);
#11431 = CARTESIAN_POINT('',(-20.68252910908,-2.,76.97925943086));
#11432 = SURFACE_CURVE('',#11433,(#11437,#11444),.PCURVE_S1.);
#11433 = LINE('',#11434,#11435);
#11434 = CARTESIAN_POINT('',(-20.68252910908,-62.75171206599,
    76.97925943086));
#11435 = VECTOR('',#11436,1.);
#11436 = DIRECTION('',(2.06E-15,-1.,1.82E-15));
#11437 = PCURVE('',#7499,#11438);
#11438 = DEFINITIONAL_REPRESENTATION('',(#11439),#11443);
#11439 = LINE('',#11440,#11441);
#11440 = CARTESIAN_POINT('',(-10.28363491594,-74.75931206599));
#11441 = VECTOR('',#11442,1.);
#11442 = DIRECTION('',(-5.248343362431E-15,-1.));
#11443 = ( GEOMETRIC_REPRESENTATION_CONTEXT(2) 
PARAMETRIC_REPRESENTATION_CONTEXT() REPRESENTATION_CONTEXT('2D SPACE',''
  ) );
#11444 = PCURVE('',#9466,#11445);
#11445 = DEFINITIONAL_REPRESENTATION('',(#11446),#11450);
#11446 = LINE('',#11447,#11448);
#11447 = CARTESIAN_POINT('',(2.946336913295,-74.75931206599));
#11448 = VECTOR('',#11449,1.);
#11449 = DIRECTION('',(1.466545826732E-16,1.));
#11450 = ( GEOMETRIC_REPRESENTATION_CONTEXT(2) 
PARAMETRIC_REPRESENTATION_CONTEXT() REPRESENTATION_CONTEXT('2D SPACE',''
  ) );
#11451 = ORIENTED_EDGE('',*,*,#11452,.T.);
#11452 = EDGE_CURVE('',#11430,#11354,#11453,.T.);
#11453 = SURFACE_CURVE('',#11454,(#11458,#11465),.PCURVE_S1.);
#11454 = LINE('',#11455,#11456);
#11455 = CARTESIAN_POINT('',(-20.68252910908,-2.,76.97925943086));
#11456 = VECTOR('',#11457,1.);
#11457 = DIRECTION('',(-0.642787609686,3.8E-16,-0.766044443119));
#11458 = PCURVE('',#7499,#11459);
#11459 = DEFINITIONAL_REPRESENTATION('',(#11460),#11464);
#11460 = LINE('',#11461,#11462);
#11461 = CARTESIAN_POINT('',(-10.28363491594,-14.0076));
#11462 = VECTOR('',#11463,1.);
#11463 = DIRECTION('',(1.,-2.15E-15));
#11464 = ( GEOMETRIC_REPRESENTATION_CONTEXT(2) 
PARAMETRIC_REPRESENTATION_CONTEXT() REPRESENTATION_CONTEXT('2D SPACE',''
  ) );
#11465 = PCURVE('',#11373,#11466);
#11466 = DEFINITIONAL_REPRESENTATION('',(#11467),#11471);
#11467 = LINE('',#11468,#11469);
#11468 = CARTESIAN_POINT('',(-1.570796326795,0.));
#11469 = VECTOR('',#11470,1.);
#11470 = DIRECTION('',(-0.,1.));
#11471 = ( GEOMETRIC_REPRESENTATION_CONTEXT(2) 
PARAMETRIC_REPRESENTATION_CONTEXT() REPRESENTATION_CONTEXT('2D SPACE',''
  ) );
#11472 = ORIENTED_EDGE('',*,*,#11387,.T.);
#11473 = ORIENTED_EDGE('',*,*,#7485,.T.);
#11474 = ADVANCED_FACE('',(#11475),#7600,.F.);
#11475 = FACE_BOUND('',#11476,.F.);
#11476 = EDGE_LOOP('',(#11477,#11509,#11510,#11511));
#11477 = ORIENTED_EDGE('',*,*,#11478,.F.);
#11478 = EDGE_CURVE('',#7574,#11479,#11481,.T.);
#11479 = VERTEX_POINT('',#11480);
#11480 = CARTESIAN_POINT('',(21.34751165608,-2.,76.186764091465));
#11481 = SURFACE_CURVE('',#11482,(#11487,#11497),.PCURVE_S1.);
#11482 = CIRCLE('',#11483,2.);
#11483 = AXIS2_PLACEMENT_3D('',#11484,#11485,#11486);
#11484 = CARTESIAN_POINT('',(19.815422769841,-2.,74.901188872092));
#11485 = DIRECTION('',(0.642787609686,-1.91E-15,-0.766044443119));
#11486 = DIRECTION('',(1.779867336119E-15,1.,-9.99841897343E-16));
#11487 = PCURVE('',#7600,#11488);
#11488 = DEFINITIONAL_REPRESENTATION('',(#11489),#11496);
#11489 = B_SPLINE_CURVE_WITH_KNOTS('',5,(#11490,#11491,#11492,#11493,
    #11494,#11495),.UNSPECIFIED.,.F.,.F.,(6,6),(0.,1.570796326795),
  .PIECEWISE_BEZIER_KNOTS.);
#11490 = CARTESIAN_POINT('',(0.,6.E-17));
#11491 = CARTESIAN_POINT('',(0.,0.2));
#11492 = CARTESIAN_POINT('',(0.,0.399965660628));
#11493 = CARTESIAN_POINT('',(0.,0.600034339372));
#11494 = CARTESIAN_POINT('',(0.,0.8));
#11495 = CARTESIAN_POINT('',(0.,1.));
#11496 = ( GEOMETRIC_REPRESENTATION_CONTEXT(2) 
PARAMETRIC_REPRESENTATION_CONTEXT() REPRESENTATION_CONTEXT('2D SPACE',''
  ) );
#11497 = PCURVE('',#11498,#11503);
#11498 = CYLINDRICAL_SURFACE('',#11499,2.);
#11499 = AXIS2_PLACEMENT_3D('',#11500,#11501,#11502);
#11500 = CARTESIAN_POINT('',(19.150440222846,-2.,75.693684211487));
#11501 = DIRECTION('',(0.642787609686,-1.91E-15,-0.766044443119));
#11502 = DIRECTION('',(1.779867336119E-15,1.,-9.99841897343E-16));
#11503 = DEFINITIONAL_REPRESENTATION('',(#11504),#11508);
#11504 = LINE('',#11505,#11506);
#11505 = CARTESIAN_POINT('',(0.,1.034529192807));
#11506 = VECTOR('',#11507,1.);
#11507 = DIRECTION('',(1.,0.));
#11508 = ( GEOMETRIC_REPRESENTATION_CONTEXT(2) 
PARAMETRIC_REPRESENTATION_CONTEXT() REPRESENTATION_CONTEXT('2D SPACE',''
  ) );
#11509 = ORIENTED_EDGE('',*,*,#7573,.T.);
#11510 = ORIENTED_EDGE('',*,*,#7841,.T.);
#11511 = ORIENTED_EDGE('',*,*,#11512,.F.);
#11512 = EDGE_CURVE('',#11479,#7842,#11513,.T.);
#11513 = SURFACE_CURVE('',#11514,(#11526,#11533),.PCURVE_S1.);
#11514 = B_SPLINE_CURVE_WITH_KNOTS('',10,(#11515,#11516,#11517,#11518,
    #11519,#11520,#11521,#11522,#11523,#11524,#11525),.UNSPECIFIED.,.F.,
  .F.,(11,11),(0.,1.),.PIECEWISE_BEZIER_KNOTS.);
#11515 = CARTESIAN_POINT('',(21.34751165608,-2.,76.186764091465));
#11516 = CARTESIAN_POINT('',(21.437757344186,-2.,76.079213468448));
#11517 = CARTESIAN_POINT('',(21.524525459459,-1.999576750709,
    75.975807255335));
#11518 = CARTESIAN_POINT('',(21.620163401772,-2.00253487688,
    75.861830394024));
#11519 = CARTESIAN_POINT('',(21.702100374651,-1.990456572787,
    75.764181712173));
#11520 = CARTESIAN_POINT('',(21.7959614053,-2.013101089204,
    75.652322491766));
#11521 = CARTESIAN_POINT('',(21.887868014669,-1.975734800722,
    75.542792459791));
#11522 = CARTESIAN_POINT('',(21.970157483635,-1.974681375468,
    75.444723689581));
#11523 = CARTESIAN_POINT('',(22.065104268369,-1.956547819556,
    75.331570517733));
#11524 = CARTESIAN_POINT('',(22.151444114589,-1.943155367867,
    75.228674695833));
#11525 = CARTESIAN_POINT('',(22.241215817001,-1.928783950681,
    75.121688946971));
#11526 = PCURVE('',#7600,#11527);
#11527 = DEFINITIONAL_REPRESENTATION('',(#11528),#11532);
#11528 = LINE('',#11529,#11530);
#11529 = CARTESIAN_POINT('',(0.,1.));
#11530 = VECTOR('',#11531,1.);
#11531 = DIRECTION('',(1.,0.));
#11532 = ( GEOMETRIC_REPRESENTATION_CONTEXT(2) 
PARAMETRIC_REPRESENTATION_CONTEXT() REPRESENTATION_CONTEXT('2D SPACE',''
  ) );
#11533 = PCURVE('',#7880,#11534);
#11534 = DEFINITIONAL_REPRESENTATION('',(#11535),#11547);
#11535 = B_SPLINE_CURVE_WITH_KNOTS('',10,(#11536,#11537,#11538,#11539,
    #11540,#11541,#11542,#11543,#11544,#11545,#11546),.UNSPECIFIED.,.F.,
  .F.,(11,11),(0.,1.),.PIECEWISE_BEZIER_KNOTS.);
#11536 = CARTESIAN_POINT('',(9.249105723139,-14.0076));
#11537 = CARTESIAN_POINT('',(9.108708355881,-14.0076));
#11538 = CARTESIAN_POINT('',(8.973721131528,-14.0071767507));
#11539 = CARTESIAN_POINT('',(8.824934905942,-14.01013487687));
#11540 = CARTESIAN_POINT('',(8.69746360489,-13.99805657278));
#11541 = CARTESIAN_POINT('',(8.551441763152,-14.0207010892));
#11542 = CARTESIAN_POINT('',(8.408460461052,-13.98333480072));
#11543 = CARTESIAN_POINT('',(8.28044077353,-13.98228137546));
#11544 = CARTESIAN_POINT('',(8.132729798208,-13.96414781955));
#11545 = CARTESIAN_POINT('',(7.99840884225,-13.95075536786));
#11546 = CARTESIAN_POINT('',(7.858748865829,-13.93638395068));
#11547 = ( GEOMETRIC_REPRESENTATION_CONTEXT(2) 
PARAMETRIC_REPRESENTATION_CONTEXT() REPRESENTATION_CONTEXT('2D SPACE',''
  ) );
#11548 = ADVANCED_FACE('',(#11549,#11981,#12075,#12189,#12303),#7690,.T.
  );
#11549 = FACE_BOUND('',#11550,.T.);
#11550 = EDGE_LOOP('',(#11551,#11552,#11575,#11598,#11621,#11649,#11672,
    #11700,#11728,#11756,#11779,#11807,#11835,#11863,#11886,#11914,
    #11937,#11960));
#11551 = ORIENTED_EDGE('',*,*,#7674,.T.);
#11552 = ORIENTED_EDGE('',*,*,#11553,.F.);
#11553 = EDGE_CURVE('',#11554,#7675,#11556,.T.);
#11554 = VERTEX_POINT('',#11555);
#11555 = CARTESIAN_POINT('',(-19.19991213953,-9.4E-14,75.634725877045));
#11556 = SURFACE_CURVE('',#11557,(#11561,#11568),.PCURVE_S1.);
#11557 = LINE('',#11558,#11559);
#11558 = CARTESIAN_POINT('',(-19.15044022284,-1.0484E-13,75.693684211487
    ));
#11559 = VECTOR('',#11560,1.);
#11560 = DIRECTION('',(-0.642787609686,3.8E-16,-0.766044443119));
#11561 = PCURVE('',#7690,#11562);
#11562 = DEFINITIONAL_REPRESENTATION('',(#11563),#11567);
#11563 = LINE('',#11564,#11565);
#11564 = CARTESIAN_POINT('',(1.193684211487,-160.8298288857));
#11565 = VECTOR('',#11566,1.);
#11566 = DIRECTION('',(-0.766044443119,-0.642787609686));
#11567 = ( GEOMETRIC_REPRESENTATION_CONTEXT(2) 
PARAMETRIC_REPRESENTATION_CONTEXT() REPRESENTATION_CONTEXT('2D SPACE',''
  ) );
#11568 = PCURVE('',#11373,#11569);
#11569 = DEFINITIONAL_REPRESENTATION('',(#11570),#11574);
#11570 = LINE('',#11571,#11572);
#11571 = CARTESIAN_POINT('',(-0.,0.));
#11572 = VECTOR('',#11573,1.);
#11573 = DIRECTION('',(-0.,1.));
#11574 = ( GEOMETRIC_REPRESENTATION_CONTEXT(2) 
PARAMETRIC_REPRESENTATION_CONTEXT() REPRESENTATION_CONTEXT('2D SPACE',''
  ) );
#11575 = ORIENTED_EDGE('',*,*,#11576,.F.);
#11576 = EDGE_CURVE('',#11577,#11554,#11579,.T.);
#11577 = VERTEX_POINT('',#11578);
#11578 = CARTESIAN_POINT('',(-20.68252910908,1.2E-13,76.97925943086));
#11579 = SURFACE_CURVE('',#11580,(#11584,#11591),.PCURVE_S1.);
#11580 = LINE('',#11581,#11582);
#11581 = CARTESIAN_POINT('',(25.571676044877,-2.0369E-13,35.032936063697
    ));
#11582 = VECTOR('',#11583,1.);
#11583 = DIRECTION('',(0.740760195901,-1.9E-15,-0.671769552874));
#11584 = PCURVE('',#7690,#11585);
#11585 = DEFINITIONAL_REPRESENTATION('',(#11586),#11590);
#11586 = LINE('',#11587,#11588);
#11587 = CARTESIAN_POINT('',(-39.4670639363,-116.107712618));
#11588 = VECTOR('',#11589,1.);
#11589 = DIRECTION('',(-0.671769552874,0.740760195901));
#11590 = ( GEOMETRIC_REPRESENTATION_CONTEXT(2) 
PARAMETRIC_REPRESENTATION_CONTEXT() REPRESENTATION_CONTEXT('2D SPACE',''
  ) );
#11591 = PCURVE('',#9466,#11592);
#11592 = DEFINITIONAL_REPRESENTATION('',(#11593),#11597);
#11593 = LINE('',#11594,#11595);
#11594 = CARTESIAN_POINT('',(-59.49520005087,-137.5110241319));
#11595 = VECTOR('',#11596,1.);
#11596 = DIRECTION('',(-1.,2.35E-15));
#11597 = ( GEOMETRIC_REPRESENTATION_CONTEXT(2) 
PARAMETRIC_REPRESENTATION_CONTEXT() REPRESENTATION_CONTEXT('2D SPACE',''
  ) );
#11598 = ORIENTED_EDGE('',*,*,#11599,.T.);
#11599 = EDGE_CURVE('',#11577,#11600,#11602,.T.);
#11600 = VERTEX_POINT('',#11601);
#11601 = CARTESIAN_POINT('',(-22.25433910574,1.3E-13,78.404679026166));
#11602 = SURFACE_CURVE('',#11603,(#11607,#11614),.PCURVE_S1.);
#11603 = LINE('',#11604,#11605);
#11604 = CARTESIAN_POINT('',(25.571676044877,-3.32E-14,35.032936063697)
  );
#11605 = VECTOR('',#11606,1.);
#11606 = DIRECTION('',(-0.740760195901,1.5E-16,0.671769552874));
#11607 = PCURVE('',#7690,#11608);
#11608 = DEFINITIONAL_REPRESENTATION('',(#11609),#11613);
#11609 = LINE('',#11610,#11611);
#11610 = CARTESIAN_POINT('',(-39.4670639363,-116.107712618));
#11611 = VECTOR('',#11612,1.);
#11612 = DIRECTION('',(0.671769552874,-0.740760195901));
#11613 = ( GEOMETRIC_REPRESENTATION_CONTEXT(2) 
PARAMETRIC_REPRESENTATION_CONTEXT() REPRESENTATION_CONTEXT('2D SPACE',''
  ) );
#11614 = PCURVE('',#9466,#11615);
#11615 = DEFINITIONAL_REPRESENTATION('',(#11616),#11620);
#11616 = LINE('',#11617,#11618);
#11617 = CARTESIAN_POINT('',(-59.49520005087,-137.5110241319));
#11618 = VECTOR('',#11619,1.);
#11619 = DIRECTION('',(1.,-6.E-16));
#11620 = ( GEOMETRIC_REPRESENTATION_CONTEXT(2) 
PARAMETRIC_REPRESENTATION_CONTEXT() REPRESENTATION_CONTEXT('2D SPACE',''
  ) );
#11621 = ORIENTED_EDGE('',*,*,#11622,.F.);
#11622 = EDGE_CURVE('',#11623,#11600,#11625,.T.);
#11623 = VERTEX_POINT('',#11624);
#11624 = CARTESIAN_POINT('',(-22.9108,1.32E-13,79.886199417969));
#11625 = SURFACE_CURVE('',#11626,(#11631,#11642),.PCURVE_S1.);
#11626 = CIRCLE('',#11627,2.);
#11627 = AXIS2_PLACEMENT_3D('',#11628,#11629,#11630);
#11628 = CARTESIAN_POINT('',(-20.9108,-5.521E-14,79.886199417969));
#11629 = DIRECTION('',(-8.9E-16,-1.,-7.8E-16));
#11630 = DIRECTION('',(1.,-8.9E-16,-3.3E-16));
#11631 = PCURVE('',#7690,#11632);
#11632 = DEFINITIONAL_REPRESENTATION('',(#11633),#11641);
#11633 = ( BOUNDED_CURVE() B_SPLINE_CURVE(2,(#11634,#11635,#11636,#11637
    ,#11638,#11639,#11640),.UNSPECIFIED.,.T.,.F.) 
B_SPLINE_CURVE_WITH_KNOTS((1,2,2,2,2,1),(-2.094395102393,0.,
    2.094395102393,4.188790204786,6.28318530718,8.377580409573),
.UNSPECIFIED.) CURVE() GEOMETRIC_REPRESENTATION_ITEM() 
RATIONAL_B_SPLINE_CURVE((1.,0.5,1.,0.5,1.,0.5,1.)) REPRESENTATION_ITEM(
  '') );
#11634 = CARTESIAN_POINT('',(5.386199417969,-160.5901886629));
#11635 = CARTESIAN_POINT('',(8.850301033107,-160.5901886629));
#11636 = CARTESIAN_POINT('',(7.118250225538,-163.5901886629));
#11637 = CARTESIAN_POINT('',(5.386199417969,-166.5901886629));
#11638 = CARTESIAN_POINT('',(3.6541486104,-163.5901886629));
#11639 = CARTESIAN_POINT('',(1.922097802831,-160.5901886629));
#11640 = CARTESIAN_POINT('',(5.386199417969,-160.5901886629));
#11641 = ( GEOMETRIC_REPRESENTATION_CONTEXT(2) 
PARAMETRIC_REPRESENTATION_CONTEXT() REPRESENTATION_CONTEXT('2D SPACE',''
  ) );
#11642 = PCURVE('',#9816,#11643);
#11643 = DEFINITIONAL_REPRESENTATION('',(#11644),#11648);
#11644 = LINE('',#11645,#11646);
#11645 = CARTESIAN_POINT('',(-4.4E-16,-137.5110241319));
#11646 = VECTOR('',#11647,1.);
#11647 = DIRECTION('',(1.,0.));
#11648 = ( GEOMETRIC_REPRESENTATION_CONTEXT(2) 
PARAMETRIC_REPRESENTATION_CONTEXT() REPRESENTATION_CONTEXT('2D SPACE',''
  ) );
#11649 = ORIENTED_EDGE('',*,*,#11650,.F.);
#11650 = EDGE_CURVE('',#11651,#11623,#11653,.T.);
#11651 = VERTEX_POINT('',#11652);
#11652 = CARTESIAN_POINT('',(-22.9108,1.58E-13,108.38619941796));
#11653 = SURFACE_CURVE('',#11654,(#11658,#11665),.PCURVE_S1.);
#11654 = LINE('',#11655,#11656);
#11655 = CARTESIAN_POINT('',(-22.9108,-4.289E-14,68.375));
#11656 = VECTOR('',#11657,1.);
#11657 = DIRECTION('',(2.66E-15,1.E-15,-1.));
#11658 = PCURVE('',#7690,#11659);
#11659 = DEFINITIONAL_REPRESENTATION('',(#11660),#11664);
#11660 = LINE('',#11661,#11662);
#11661 = CARTESIAN_POINT('',(-6.125,-164.5901886629));
#11662 = VECTOR('',#11663,1.);
#11663 = DIRECTION('',(-1.,1.1E-16));
#11664 = ( GEOMETRIC_REPRESENTATION_CONTEXT(2) 
PARAMETRIC_REPRESENTATION_CONTEXT() REPRESENTATION_CONTEXT('2D SPACE',''
  ) );
#11665 = PCURVE('',#9898,#11666);
#11666 = DEFINITIONAL_REPRESENTATION('',(#11667),#11671);
#11667 = LINE('',#11668,#11669);
#11668 = CARTESIAN_POINT('',(-6.125,-3.2962));
#11669 = VECTOR('',#11670,1.);
#11670 = DIRECTION('',(1.,1.11E-15));
#11671 = ( GEOMETRIC_REPRESENTATION_CONTEXT(2) 
PARAMETRIC_REPRESENTATION_CONTEXT() REPRESENTATION_CONTEXT('2D SPACE',''
  ) );
#11672 = ORIENTED_EDGE('',*,*,#11673,.F.);
#11673 = EDGE_CURVE('',#11674,#11651,#11676,.T.);
#11674 = VERTEX_POINT('',#11675);
#11675 = CARTESIAN_POINT('',(-21.95436272748,1.57E-13,109.44448276037));
#11676 = SURFACE_CURVE('',#11677,(#11682,#11693),.PCURVE_S1.);
#11677 = CIRCLE('',#11678,1.063705692205);
#11678 = AXIS2_PLACEMENT_3D('',#11679,#11680,#11681);
#11679 = CARTESIAN_POINT('',(-21.84709430779,-8.939E-14,108.38619958193)
  );
#11680 = DIRECTION('',(-8.9E-16,-1.,-7.8E-16));
#11681 = DIRECTION('',(1.,-8.9E-16,-3.3E-16));
#11682 = PCURVE('',#7690,#11683);
#11683 = DEFINITIONAL_REPRESENTATION('',(#11684),#11692);
#11684 = ( BOUNDED_CURVE() B_SPLINE_CURVE(2,(#11685,#11686,#11687,#11688
    ,#11689,#11690,#11691),.UNSPECIFIED.,.T.,.F.) 
B_SPLINE_CURVE_WITH_KNOTS((1,2,2,2,2,1),(-2.094395102393,0.,
    2.094395102393,4.188790204786,6.28318530718,8.377580409573),
.UNSPECIFIED.) CURVE() GEOMETRIC_REPRESENTATION_ITEM() 
RATIONAL_B_SPLINE_CURVE((1.,0.5,1.,0.5,1.,0.5,1.)) REPRESENTATION_ITEM(
  '') );
#11685 = CARTESIAN_POINT('',(33.886199581934,-162.4627772785));
#11686 = CARTESIAN_POINT('',(35.728591885133,-162.4627772785));
#11687 = CARTESIAN_POINT('',(34.807395733533,-164.0583358168));
#11688 = CARTESIAN_POINT('',(33.886199581934,-165.6538943551));
#11689 = CARTESIAN_POINT('',(32.965003430334,-164.0583358168));
#11690 = CARTESIAN_POINT('',(32.043807278735,-162.4627772785));
#11691 = CARTESIAN_POINT('',(33.886199581934,-162.4627772785));
#11692 = ( GEOMETRIC_REPRESENTATION_CONTEXT(2) 
PARAMETRIC_REPRESENTATION_CONTEXT() REPRESENTATION_CONTEXT('2D SPACE',''
  ) );
#11693 = PCURVE('',#9976,#11694);
#11694 = DEFINITIONAL_REPRESENTATION('',(#11695),#11699);
#11695 = LINE('',#11696,#11697);
#11696 = CARTESIAN_POINT('',(-4.4E-16,-137.5110241319));
#11697 = VECTOR('',#11698,1.);
#11698 = DIRECTION('',(1.,0.));
#11699 = ( GEOMETRIC_REPRESENTATION_CONTEXT(2) 
PARAMETRIC_REPRESENTATION_CONTEXT() REPRESENTATION_CONTEXT('2D SPACE',''
  ) );
#11700 = ORIENTED_EDGE('',*,*,#11701,.T.);
#11701 = EDGE_CURVE('',#11674,#11702,#11704,.T.);
#11702 = VERTEX_POINT('',#11703);
#11703 = CARTESIAN_POINT('',(-21.,1.57E-13,110.43636483202));
#11704 = SURFACE_CURVE('',#11705,(#11710,#11721),.PCURVE_S1.);
#11705 = CIRCLE('',#11706,1.063705692205);
#11706 = AXIS2_PLACEMENT_3D('',#11707,#11708,#11709);
#11707 = CARTESIAN_POINT('',(-22.06163114717,-9.183E-14,110.50276593881)
  );
#11708 = DIRECTION('',(-8.9E-16,-1.,-7.8E-16));
#11709 = DIRECTION('',(1.,-8.9E-16,-3.3E-16));
#11710 = PCURVE('',#7690,#11711);
#11711 = DEFINITIONAL_REPRESENTATION('',(#11712),#11720);
#11712 = ( BOUNDED_CURVE() B_SPLINE_CURVE(2,(#11713,#11714,#11715,#11716
    ,#11717,#11718,#11719),.UNSPECIFIED.,.T.,.F.) 
B_SPLINE_CURVE_WITH_KNOTS((1,2,2,2,2,1),(-2.094395102393,0.,
    2.094395102393,4.188790204786,6.28318530718,8.377580409573),
.UNSPECIFIED.) CURVE() GEOMETRIC_REPRESENTATION_ITEM() 
RATIONAL_B_SPLINE_CURVE((1.,0.5,1.,0.5,1.,0.5,1.)) REPRESENTATION_ITEM(
  '') );
#11713 = CARTESIAN_POINT('',(36.002765938811,-162.6773141178));
#11714 = CARTESIAN_POINT('',(37.84515824201,-162.6773141178));
#11715 = CARTESIAN_POINT('',(36.923962090411,-164.2728726561));
#11716 = CARTESIAN_POINT('',(36.002765938811,-165.8684311944));
#11717 = CARTESIAN_POINT('',(35.081569787212,-164.2728726561));
#11718 = CARTESIAN_POINT('',(34.160373635612,-162.6773141178));
#11719 = CARTESIAN_POINT('',(36.002765938811,-162.6773141178));
#11720 = ( GEOMETRIC_REPRESENTATION_CONTEXT(2) 
PARAMETRIC_REPRESENTATION_CONTEXT() REPRESENTATION_CONTEXT('2D SPACE',''
  ) );
#11721 = PCURVE('',#10082,#11722);
#11722 = DEFINITIONAL_REPRESENTATION('',(#11723),#11727);
#11723 = LINE('',#11724,#11725);
#11724 = CARTESIAN_POINT('',(-4.4E-16,-137.5110241319));
#11725 = VECTOR('',#11726,1.);
#11726 = DIRECTION('',(1.,0.));
#11727 = ( GEOMETRIC_REPRESENTATION_CONTEXT(2) 
PARAMETRIC_REPRESENTATION_CONTEXT() REPRESENTATION_CONTEXT('2D SPACE',''
  ) );
#11728 = ORIENTED_EDGE('',*,*,#11729,.F.);
#11729 = EDGE_CURVE('',#11730,#11702,#11732,.T.);
#11730 = VERTEX_POINT('',#11731);
#11731 = CARTESIAN_POINT('',(-6.029254497476,1.49E-13,124.5));
#11732 = SURFACE_CURVE('',#11733,(#11738,#11749),.PCURVE_S1.);
#11733 = CIRCLE('',#11734,15.);
#11734 = AXIS2_PLACEMENT_3D('',#11735,#11736,#11737);
#11735 = CARTESIAN_POINT('',(-6.029254497476,-1.0129E-13,109.5));
#11736 = DIRECTION('',(-8.9E-16,-1.,-7.8E-16));
#11737 = DIRECTION('',(1.,-8.9E-16,-3.3E-16));
#11738 = PCURVE('',#7690,#11739);
#11739 = DEFINITIONAL_REPRESENTATION('',(#11740),#11748);
#11740 = ( BOUNDED_CURVE() B_SPLINE_CURVE(2,(#11741,#11742,#11743,#11744
    ,#11745,#11746,#11747),.UNSPECIFIED.,.T.,.F.) 
B_SPLINE_CURVE_WITH_KNOTS((1,2,2,2,2,1),(-2.094395102393,0.,
    2.094395102393,4.188790204786,6.28318530718,8.377580409573),
.UNSPECIFIED.) CURVE() GEOMETRIC_REPRESENTATION_ITEM() 
RATIONAL_B_SPLINE_CURVE((1.,0.5,1.,0.5,1.,0.5,1.)) REPRESENTATION_ITEM(
  '') );
#11741 = CARTESIAN_POINT('',(35.000000000001,-132.7086431603));
#11742 = CARTESIAN_POINT('',(60.980762113534,-132.7086431603));
#11743 = CARTESIAN_POINT('',(47.990381056767,-155.2086431603));
#11744 = CARTESIAN_POINT('',(35.000000000001,-177.7086431603));
#11745 = CARTESIAN_POINT('',(22.009618943234,-155.2086431603));
#11746 = CARTESIAN_POINT('',(9.019237886467,-132.7086431603));
#11747 = CARTESIAN_POINT('',(35.000000000001,-132.7086431603));
#11748 = ( GEOMETRIC_REPRESENTATION_CONTEXT(2) 
PARAMETRIC_REPRESENTATION_CONTEXT() REPRESENTATION_CONTEXT('2D SPACE',''
  ) );
#11749 = PCURVE('',#10189,#11750);
#11750 = DEFINITIONAL_REPRESENTATION('',(#11751),#11755);
#11751 = LINE('',#11752,#11753);
#11752 = CARTESIAN_POINT('',(-4.4E-16,-137.5110241319));
#11753 = VECTOR('',#11754,1.);
#11754 = DIRECTION('',(1.,0.));
#11755 = ( GEOMETRIC_REPRESENTATION_CONTEXT(2) 
PARAMETRIC_REPRESENTATION_CONTEXT() REPRESENTATION_CONTEXT('2D SPACE',''
  ) );
#11756 = ORIENTED_EDGE('',*,*,#11757,.F.);
#11757 = EDGE_CURVE('',#11758,#11730,#11760,.T.);
#11758 = VERTEX_POINT('',#11759);
#11759 = CARTESIAN_POINT('',(6.029254497475,1.29E-13,124.5));
#11760 = SURFACE_CURVE('',#11761,(#11765,#11772),.PCURVE_S1.);
#11761 = LINE('',#11762,#11763);
#11762 = CARTESIAN_POINT('',(141.6793886629,-2.817E-13,124.5));
#11763 = VECTOR('',#11764,1.);
#11764 = DIRECTION('',(-1.,1.11E-15,2.8E-16));
#11765 = PCURVE('',#7690,#11766);
#11766 = DEFINITIONAL_REPRESENTATION('',(#11767),#11771);
#11767 = LINE('',#11768,#11769);
#11768 = CARTESIAN_POINT('',(50.,1.381316227838E-14));
#11769 = VECTOR('',#11770,1.);
#11770 = DIRECTION('',(2.83E-15,-1.));
#11771 = ( GEOMETRIC_REPRESENTATION_CONTEXT(2) 
PARAMETRIC_REPRESENTATION_CONTEXT() REPRESENTATION_CONTEXT('2D SPACE',''
  ) );
#11772 = PCURVE('',#10425,#11773);
#11773 = DEFINITIONAL_REPRESENTATION('',(#11774),#11778);
#11774 = LINE('',#11775,#11776);
#11775 = CARTESIAN_POINT('',(3.2962,-141.6793886629));
#11776 = VECTOR('',#11777,1.);
#11777 = DIRECTION('',(3.44E-15,1.));
#11778 = ( GEOMETRIC_REPRESENTATION_CONTEXT(2) 
PARAMETRIC_REPRESENTATION_CONTEXT() REPRESENTATION_CONTEXT('2D SPACE',''
  ) );
#11779 = ORIENTED_EDGE('',*,*,#11780,.F.);
#11780 = EDGE_CURVE('',#11781,#11758,#11783,.T.);
#11781 = VERTEX_POINT('',#11782);
#11782 = CARTESIAN_POINT('',(21.000000000038,9.6E-14,110.43636483202));
#11783 = SURFACE_CURVE('',#11784,(#11789,#11800),.PCURVE_S1.);
#11784 = CIRCLE('',#11785,15.);
#11785 = AXIS2_PLACEMENT_3D('',#11786,#11787,#11788);
#11786 = CARTESIAN_POINT('',(6.029254497475,-1.0932E-13,109.5));
#11787 = DIRECTION('',(-8.9E-16,-1.,-7.8E-16));
#11788 = DIRECTION('',(1.,-8.9E-16,-3.3E-16));
#11789 = PCURVE('',#7690,#11790);
#11790 = DEFINITIONAL_REPRESENTATION('',(#11791),#11799);
#11791 = ( BOUNDED_CURVE() B_SPLINE_CURVE(2,(#11792,#11793,#11794,#11795
    ,#11796,#11797,#11798),.UNSPECIFIED.,.T.,.F.) 
B_SPLINE_CURVE_WITH_KNOTS((1,2,2,2,2,1),(-2.094395102393,0.,
    2.094395102393,4.188790204786,6.28318530718,8.377580409573),
.UNSPECIFIED.) CURVE() GEOMETRIC_REPRESENTATION_ITEM() 
RATIONAL_B_SPLINE_CURVE((1.,0.5,1.,0.5,1.,0.5,1.)) REPRESENTATION_ITEM(
  '') );
#11792 = CARTESIAN_POINT('',(35.000000000001,-120.6501341654));
#11793 = CARTESIAN_POINT('',(60.980762113534,-120.6501341654));
#11794 = CARTESIAN_POINT('',(47.990381056767,-143.1501341654));
#11795 = CARTESIAN_POINT('',(35.000000000001,-165.6501341654));
#11796 = CARTESIAN_POINT('',(22.009618943234,-143.1501341654));
#11797 = CARTESIAN_POINT('',(9.019237886467,-120.6501341654));
#11798 = CARTESIAN_POINT('',(35.000000000001,-120.6501341654));
#11799 = ( GEOMETRIC_REPRESENTATION_CONTEXT(2) 
PARAMETRIC_REPRESENTATION_CONTEXT() REPRESENTATION_CONTEXT('2D SPACE',''
  ) );
#11800 = PCURVE('',#10503,#11801);
#11801 = DEFINITIONAL_REPRESENTATION('',(#11802),#11806);
#11802 = LINE('',#11803,#11804);
#11803 = CARTESIAN_POINT('',(-4.4E-16,-137.5110241319));
#11804 = VECTOR('',#11805,1.);
#11805 = DIRECTION('',(1.,0.));
#11806 = ( GEOMETRIC_REPRESENTATION_CONTEXT(2) 
PARAMETRIC_REPRESENTATION_CONTEXT() REPRESENTATION_CONTEXT('2D SPACE',''
  ) );
#11807 = ORIENTED_EDGE('',*,*,#11808,.T.);
#11808 = EDGE_CURVE('',#11781,#11809,#11811,.T.);
#11809 = VERTEX_POINT('',#11810);
#11810 = CARTESIAN_POINT('',(21.954356058029,9.4E-14,109.44449608179));
#11811 = SURFACE_CURVE('',#11812,(#11817,#11828),.PCURVE_S1.);
#11812 = CIRCLE('',#11813,1.063705692205);
#11813 = AXIS2_PLACEMENT_3D('',#11814,#11815,#11816);
#11814 = CARTESIAN_POINT('',(22.061630351202,-1.2123E-13,110.50277866489
    ));
#11815 = DIRECTION('',(-8.9E-16,-1.,-7.8E-16));
#11816 = DIRECTION('',(1.,-8.9E-16,-3.3E-16));
#11817 = PCURVE('',#7690,#11818);
#11818 = DEFINITIONAL_REPRESENTATION('',(#11819),#11827);
#11819 = ( BOUNDED_CURVE() B_SPLINE_CURVE(2,(#11820,#11821,#11822,#11823
    ,#11824,#11825,#11826),.UNSPECIFIED.,.T.,.F.) 
B_SPLINE_CURVE_WITH_KNOTS((1,2,2,2,2,1),(-2.094395102393,0.,
    2.094395102393,4.188790204786,6.28318530718,8.377580409573),
.UNSPECIFIED.) CURVE() GEOMETRIC_REPRESENTATION_ITEM() 
RATIONAL_B_SPLINE_CURVE((1.,0.5,1.,0.5,1.,0.5,1.)) REPRESENTATION_ITEM(
  '') );
#11820 = CARTESIAN_POINT('',(36.002778664897,-118.5540526195));
#11821 = CARTESIAN_POINT('',(37.845170968096,-118.5540526195));
#11822 = CARTESIAN_POINT('',(36.923974816496,-120.1496111578));
#11823 = CARTESIAN_POINT('',(36.002778664897,-121.7451696961));
#11824 = CARTESIAN_POINT('',(35.081582513298,-120.1496111578));
#11825 = CARTESIAN_POINT('',(34.160386361698,-118.5540526195));
#11826 = CARTESIAN_POINT('',(36.002778664897,-118.5540526195));
#11827 = ( GEOMETRIC_REPRESENTATION_CONTEXT(2) 
PARAMETRIC_REPRESENTATION_CONTEXT() REPRESENTATION_CONTEXT('2D SPACE',''
  ) );
#11828 = PCURVE('',#10609,#11829);
#11829 = DEFINITIONAL_REPRESENTATION('',(#11830),#11834);
#11830 = LINE('',#11831,#11832);
#11831 = CARTESIAN_POINT('',(-4.4E-16,-137.5110241319));
#11832 = VECTOR('',#11833,1.);
#11833 = DIRECTION('',(1.,0.));
#11834 = ( GEOMETRIC_REPRESENTATION_CONTEXT(2) 
PARAMETRIC_REPRESENTATION_CONTEXT() REPRESENTATION_CONTEXT('2D SPACE',''
  ) );
#11835 = ORIENTED_EDGE('',*,*,#11836,.F.);
#11836 = EDGE_CURVE('',#11837,#11809,#11839,.T.);
#11837 = VERTEX_POINT('',#11838);
#11838 = CARTESIAN_POINT('',(22.9108,6.3E-14,108.38619941797));
#11839 = SURFACE_CURVE('',#11840,(#11845,#11856),.PCURVE_S1.);
#11840 = CIRCLE('',#11841,1.063719641972);
#11841 = AXIS2_PLACEMENT_3D('',#11842,#11843,#11844);
#11842 = CARTESIAN_POINT('',(21.847080358028,-1.185E-13,108.38619962005)
  );
#11843 = DIRECTION('',(-8.9E-16,-1.,-7.8E-16));
#11844 = DIRECTION('',(1.,-8.9E-16,-3.3E-16));
#11845 = PCURVE('',#7690,#11846);
#11846 = DEFINITIONAL_REPRESENTATION('',(#11847),#11855);
#11847 = ( BOUNDED_CURVE() B_SPLINE_CURVE(2,(#11848,#11849,#11850,#11851
    ,#11852,#11853,#11854),.UNSPECIFIED.,.T.,.F.) 
B_SPLINE_CURVE_WITH_KNOTS((1,2,2,2,2,1),(-2.094395102393,0.,
    2.094395102393,4.188790204786,6.28318530718,8.377580409573),
.UNSPECIFIED.) CURVE() GEOMETRIC_REPRESENTATION_ITEM() 
RATIONAL_B_SPLINE_CURVE((1.,0.5,1.,0.5,1.,0.5,1.)) REPRESENTATION_ITEM(
  '') );
#11848 = CARTESIAN_POINT('',(33.886199620054,-118.7685886629));
#11849 = CARTESIAN_POINT('',(35.728616084958,-118.7685886629));
#11850 = CARTESIAN_POINT('',(34.807407852506,-120.3641681258));
#11851 = CARTESIAN_POINT('',(33.886199620054,-121.9597475888));
#11852 = CARTESIAN_POINT('',(32.964991387602,-120.3641681258));
#11853 = CARTESIAN_POINT('',(32.043783155149,-118.7685886629));
#11854 = CARTESIAN_POINT('',(33.886199620054,-118.7685886629));
#11855 = ( GEOMETRIC_REPRESENTATION_CONTEXT(2) 
PARAMETRIC_REPRESENTATION_CONTEXT() REPRESENTATION_CONTEXT('2D SPACE',''
  ) );
#11856 = PCURVE('',#10714,#11857);
#11857 = DEFINITIONAL_REPRESENTATION('',(#11858),#11862);
#11858 = LINE('',#11859,#11860);
#11859 = CARTESIAN_POINT('',(-4.4E-16,-137.5110241319));
#11860 = VECTOR('',#11861,1.);
#11861 = DIRECTION('',(1.,0.));
#11862 = ( GEOMETRIC_REPRESENTATION_CONTEXT(2) 
PARAMETRIC_REPRESENTATION_CONTEXT() REPRESENTATION_CONTEXT('2D SPACE',''
  ) );
#11863 = ORIENTED_EDGE('',*,*,#11864,.T.);
#11864 = EDGE_CURVE('',#11837,#11865,#11867,.T.);
#11865 = VERTEX_POINT('',#11866);
#11866 = CARTESIAN_POINT('',(22.9108,3.8E-14,79.886199417969));
#11867 = SURFACE_CURVE('',#11868,(#11872,#11879),.PCURVE_S1.);
#11868 = LINE('',#11869,#11870);
#11869 = CARTESIAN_POINT('',(22.9108,-9.38E-14,68.375));
#11870 = VECTOR('',#11871,1.);
#11871 = DIRECTION('',(2.66E-15,1.E-15,-1.));
#11872 = PCURVE('',#7690,#11873);
#11873 = DEFINITIONAL_REPRESENTATION('',(#11874),#11878);
#11874 = LINE('',#11875,#11876);
#11875 = CARTESIAN_POINT('',(-6.125,-118.7685886629));
#11876 = VECTOR('',#11877,1.);
#11877 = DIRECTION('',(-1.,1.1E-16));
#11878 = ( GEOMETRIC_REPRESENTATION_CONTEXT(2) 
PARAMETRIC_REPRESENTATION_CONTEXT() REPRESENTATION_CONTEXT('2D SPACE',''
  ) );
#11879 = PCURVE('',#10800,#11880);
#11880 = DEFINITIONAL_REPRESENTATION('',(#11881),#11885);
#11881 = LINE('',#11882,#11883);
#11882 = CARTESIAN_POINT('',(-6.125,-3.2962));
#11883 = VECTOR('',#11884,1.);
#11884 = DIRECTION('',(1.,1.11E-15));
#11885 = ( GEOMETRIC_REPRESENTATION_CONTEXT(2) 
PARAMETRIC_REPRESENTATION_CONTEXT() REPRESENTATION_CONTEXT('2D SPACE',''
  ) );
#11886 = ORIENTED_EDGE('',*,*,#11887,.F.);
#11887 = EDGE_CURVE('',#11888,#11865,#11890,.T.);
#11888 = VERTEX_POINT('',#11889);
#11889 = CARTESIAN_POINT('',(22.254339105747,3.8E-14,78.404679026166));
#11890 = SURFACE_CURVE('',#11891,(#11896,#11907),.PCURVE_S1.);
#11891 = CIRCLE('',#11892,2.);
#11892 = AXIS2_PLACEMENT_3D('',#11893,#11894,#11895);
#11893 = CARTESIAN_POINT('',(20.9108,-8.307E-14,79.886199417969));
#11894 = DIRECTION('',(-8.9E-16,-1.,-7.8E-16));
#11895 = DIRECTION('',(1.,-8.9E-16,-3.3E-16));
#11896 = PCURVE('',#7690,#11897);
#11897 = DEFINITIONAL_REPRESENTATION('',(#11898),#11906);
#11898 = ( BOUNDED_CURVE() B_SPLINE_CURVE(2,(#11899,#11900,#11901,#11902
    ,#11903,#11904,#11905),.UNSPECIFIED.,.T.,.F.) 
B_SPLINE_CURVE_WITH_KNOTS((1,2,2,2,2,1),(-2.094395102393,0.,
    2.094395102393,4.188790204786,6.28318530718,8.377580409573),
.UNSPECIFIED.) CURVE() GEOMETRIC_REPRESENTATION_ITEM() 
RATIONAL_B_SPLINE_CURVE((1.,0.5,1.,0.5,1.,0.5,1.)) REPRESENTATION_ITEM(
  '') );
#11899 = CARTESIAN_POINT('',(5.386199417969,-118.7685886629));
#11900 = CARTESIAN_POINT('',(8.850301033107,-118.7685886629));
#11901 = CARTESIAN_POINT('',(7.118250225538,-121.7685886629));
#11902 = CARTESIAN_POINT('',(5.386199417969,-124.7685886629));
#11903 = CARTESIAN_POINT('',(3.6541486104,-121.7685886629));
#11904 = CARTESIAN_POINT('',(1.922097802831,-118.7685886629));
#11905 = CARTESIAN_POINT('',(5.386199417969,-118.7685886629));
#11906 = ( GEOMETRIC_REPRESENTATION_CONTEXT(2) 
PARAMETRIC_REPRESENTATION_CONTEXT() REPRESENTATION_CONTEXT('2D SPACE',''
  ) );
#11907 = PCURVE('',#10770,#11908);
#11908 = DEFINITIONAL_REPRESENTATION('',(#11909),#11913);
#11909 = LINE('',#11910,#11911);
#11910 = CARTESIAN_POINT('',(-4.4E-16,-137.5110241319));
#11911 = VECTOR('',#11912,1.);
#11912 = DIRECTION('',(1.,0.));
#11913 = ( GEOMETRIC_REPRESENTATION_CONTEXT(2) 
PARAMETRIC_REPRESENTATION_CONTEXT() REPRESENTATION_CONTEXT('2D SPACE',''
  ) );
#11914 = ORIENTED_EDGE('',*,*,#11915,.F.);
#11915 = EDGE_CURVE('',#11916,#11888,#11918,.T.);
#11916 = VERTEX_POINT('',#11917);
#11917 = CARTESIAN_POINT('',(20.682529109084,4.6E-14,76.97925943086));
#11918 = SURFACE_CURVE('',#11919,(#11923,#11930),.PCURVE_S1.);
#11919 = LINE('',#11920,#11921);
#11920 = CARTESIAN_POINT('',(52.171441117193,-1.5338E-13,105.53545407685
    ));
#11921 = VECTOR('',#11922,1.);
#11922 = DIRECTION('',(0.740760195901,-1.49E-15,0.671769552874));
#11923 = PCURVE('',#7690,#11924);
#11924 = DEFINITIONAL_REPRESENTATION('',(#11925),#11929);
#11925 = LINE('',#11926,#11927);
#11926 = CARTESIAN_POINT('',(31.035454076855,-89.50794754571));
#11927 = VECTOR('',#11928,1.);
#11928 = DIRECTION('',(0.671769552874,0.740760195901));
#11929 = ( GEOMETRIC_REPRESENTATION_CONTEXT(2) 
PARAMETRIC_REPRESENTATION_CONTEXT() REPRESENTATION_CONTEXT('2D SPACE',''
  ) );
#11930 = PCURVE('',#10226,#11931);
#11931 = DEFINITIONAL_REPRESENTATION('',(#11932),#11936);
#11932 = LINE('',#11933,#11934);
#11933 = CARTESIAN_POINT('',(45.455251650257,-137.5110241319));
#11934 = VECTOR('',#11935,1.);
#11935 = DIRECTION('',(1.,-6.E-16));
#11936 = ( GEOMETRIC_REPRESENTATION_CONTEXT(2) 
PARAMETRIC_REPRESENTATION_CONTEXT() REPRESENTATION_CONTEXT('2D SPACE',''
  ) );
#11937 = ORIENTED_EDGE('',*,*,#11938,.T.);
#11938 = EDGE_CURVE('',#11916,#11939,#11941,.T.);
#11939 = VERTEX_POINT('',#11940);
#11940 = CARTESIAN_POINT('',(19.199912139531,-1.11E-13,75.634725877045)
  );
#11941 = SURFACE_CURVE('',#11942,(#11946,#11953),.PCURVE_S1.);
#11942 = LINE('',#11943,#11944);
#11943 = CARTESIAN_POINT('',(52.171441117193,-4.291E-14,105.53545407685)
  );
#11944 = VECTOR('',#11945,1.);
#11945 = DIRECTION('',(-0.740760195901,-1.24E-15,-0.671769552874));
#11946 = PCURVE('',#7690,#11947);
#11947 = DEFINITIONAL_REPRESENTATION('',(#11948),#11952);
#11948 = LINE('',#11949,#11950);
#11949 = CARTESIAN_POINT('',(31.035454076855,-89.50794754571));
#11950 = VECTOR('',#11951,1.);
#11951 = DIRECTION('',(-0.671769552874,-0.740760195901));
#11952 = ( GEOMETRIC_REPRESENTATION_CONTEXT(2) 
PARAMETRIC_REPRESENTATION_CONTEXT() REPRESENTATION_CONTEXT('2D SPACE',''
  ) );
#11953 = PCURVE('',#10226,#11954);
#11954 = DEFINITIONAL_REPRESENTATION('',(#11955),#11959);
#11955 = LINE('',#11956,#11957);
#11956 = CARTESIAN_POINT('',(45.455251650257,-137.5110241319));
#11957 = VECTOR('',#11958,1.);
#11958 = DIRECTION('',(-1.,3.33E-15));
#11959 = ( GEOMETRIC_REPRESENTATION_CONTEXT(2) 
PARAMETRIC_REPRESENTATION_CONTEXT() REPRESENTATION_CONTEXT('2D SPACE',''
  ) );
#11960 = ORIENTED_EDGE('',*,*,#11961,.T.);
#11961 = EDGE_CURVE('',#11939,#7574,#11962,.T.);
#11962 = SURFACE_CURVE('',#11963,(#11967,#11974),.PCURVE_S1.);
#11963 = LINE('',#11964,#11965);
#11964 = CARTESIAN_POINT('',(19.150440222846,-1.1683E-13,75.693684211487
    ));
#11965 = VECTOR('',#11966,1.);
#11966 = DIRECTION('',(0.642787609686,-1.91E-15,-0.766044443119));
#11967 = PCURVE('',#7690,#11968);
#11968 = DEFINITIONAL_REPRESENTATION('',(#11969),#11973);
#11969 = LINE('',#11970,#11971);
#11970 = CARTESIAN_POINT('',(1.193684211487,-122.52894844));
#11971 = VECTOR('',#11972,1.);
#11972 = DIRECTION('',(-0.766044443119,0.642787609686));
#11973 = ( GEOMETRIC_REPRESENTATION_CONTEXT(2) 
PARAMETRIC_REPRESENTATION_CONTEXT() REPRESENTATION_CONTEXT('2D SPACE',''
  ) );
#11974 = PCURVE('',#11498,#11975);
#11975 = DEFINITIONAL_REPRESENTATION('',(#11976),#11980);
#11976 = LINE('',#11977,#11978);
#11977 = CARTESIAN_POINT('',(0.,0.));
#11978 = VECTOR('',#11979,1.);
#11979 = DIRECTION('',(0.,1.));
#11980 = ( GEOMETRIC_REPRESENTATION_CONTEXT(2) 
PARAMETRIC_REPRESENTATION_CONTEXT() REPRESENTATION_CONTEXT('2D SPACE',''
  ) );
#11981 = FACE_BOUND('',#11982,.T.);
#11982 = EDGE_LOOP('',(#11983,#12008,#12031,#12054));
#11983 = ORIENTED_EDGE('',*,*,#11984,.F.);
#11984 = EDGE_CURVE('',#11985,#11987,#11989,.T.);
#11985 = VERTEX_POINT('',#11986);
#11986 = CARTESIAN_POINT('',(5.,-6.7E-14,90.8876));
#11987 = VERTEX_POINT('',#11988);
#11988 = CARTESIAN_POINT('',(-5.,-6.3E-14,90.8876));
#11989 = SURFACE_CURVE('',#11990,(#11994,#12001),.PCURVE_S1.);
#11990 = LINE('',#11991,#11992);
#11991 = CARTESIAN_POINT('',(68.339694331454,-1.0621E-13,90.8876));
#11992 = VECTOR('',#11993,1.);
#11993 = DIRECTION('',(-1.,4.4E-16,-1.1E-16));
#11994 = PCURVE('',#7690,#11995);
#11995 = DEFINITIONAL_REPRESENTATION('',(#11996),#12000);
#11996 = LINE('',#11997,#11998);
#11997 = CARTESIAN_POINT('',(16.3876,-73.33969433145));
#11998 = VECTOR('',#11999,1.);
#11999 = DIRECTION('',(2.44E-15,-1.));
#12000 = ( GEOMETRIC_REPRESENTATION_CONTEXT(2) 
PARAMETRIC_REPRESENTATION_CONTEXT() REPRESENTATION_CONTEXT('2D SPACE',''
  ) );
#12001 = PCURVE('',#8391,#12002);
#12002 = DEFINITIONAL_REPRESENTATION('',(#12003),#12007);
#12003 = LINE('',#12004,#12005);
#12004 = CARTESIAN_POINT('',(73.339694331454,-11.175));
#12005 = VECTOR('',#12006,1.);
#12006 = DIRECTION('',(-1.,-2.2E-16));
#12007 = ( GEOMETRIC_REPRESENTATION_CONTEXT(2) 
PARAMETRIC_REPRESENTATION_CONTEXT() REPRESENTATION_CONTEXT('2D SPACE',''
  ) );
#12008 = ORIENTED_EDGE('',*,*,#12009,.F.);
#12009 = EDGE_CURVE('',#12010,#11985,#12012,.T.);
#12010 = VERTEX_POINT('',#12011);
#12011 = CARTESIAN_POINT('',(5.,-4.4E-14,100.8876));
#12012 = SURFACE_CURVE('',#12013,(#12017,#12024),.PCURVE_S1.);
#12013 = LINE('',#12014,#12015);
#12014 = CARTESIAN_POINT('',(5.,-9.674E-14,82.6938));
#12015 = VECTOR('',#12016,1.);
#12016 = DIRECTION('',(3.3E-16,-2.33E-15,-1.));
#12017 = PCURVE('',#7690,#12018);
#12018 = DEFINITIONAL_REPRESENTATION('',(#12019),#12023);
#12019 = LINE('',#12020,#12021);
#12020 = CARTESIAN_POINT('',(8.1938,-136.6793886629));
#12021 = VECTOR('',#12022,1.);
#12022 = DIRECTION('',(-1.,-2.22E-15));
#12023 = ( GEOMETRIC_REPRESENTATION_CONTEXT(2) 
PARAMETRIC_REPRESENTATION_CONTEXT() REPRESENTATION_CONTEXT('2D SPACE',''
  ) );
#12024 = PCURVE('',#8693,#12025);
#12025 = DEFINITIONAL_REPRESENTATION('',(#12026),#12030);
#12026 = LINE('',#12027,#12028);
#12027 = CARTESIAN_POINT('',(-8.1938,-11.175));
#12028 = VECTOR('',#12029,1.);
#12029 = DIRECTION('',(-1.,2.44E-15));
#12030 = ( GEOMETRIC_REPRESENTATION_CONTEXT(2) 
PARAMETRIC_REPRESENTATION_CONTEXT() REPRESENTATION_CONTEXT('2D SPACE',''
  ) );
#12031 = ORIENTED_EDGE('',*,*,#12032,.F.);
#12032 = EDGE_CURVE('',#12033,#12010,#12035,.T.);
#12033 = VERTEX_POINT('',#12034);
#12034 = CARTESIAN_POINT('',(-5.,-3.9E-14,100.8876));
#12035 = SURFACE_CURVE('',#12036,(#12040,#12047),.PCURVE_S1.);
#12036 = LINE('',#12037,#12038);
#12037 = CARTESIAN_POINT('',(73.339694331454,-8.512E-14,100.8876));
#12038 = VECTOR('',#12039,1.);
#12039 = DIRECTION('',(1.,-4.4E-16,1.1E-16));
#12040 = PCURVE('',#7690,#12041);
#12041 = DEFINITIONAL_REPRESENTATION('',(#12042),#12046);
#12042 = LINE('',#12043,#12044);
#12043 = CARTESIAN_POINT('',(26.3876,-68.33969433145));
#12044 = VECTOR('',#12045,1.);
#12045 = DIRECTION('',(-2.44E-15,1.));
#12046 = ( GEOMETRIC_REPRESENTATION_CONTEXT(2) 
PARAMETRIC_REPRESENTATION_CONTEXT() REPRESENTATION_CONTEXT('2D SPACE',''
  ) );
#12047 = PCURVE('',#8448,#12048);
#12048 = DEFINITIONAL_REPRESENTATION('',(#12049),#12053);
#12049 = LINE('',#12050,#12051);
#12050 = CARTESIAN_POINT('',(-68.33969433145,-11.175));
#12051 = VECTOR('',#12052,1.);
#12052 = DIRECTION('',(-1.,2.2E-16));
#12053 = ( GEOMETRIC_REPRESENTATION_CONTEXT(2) 
PARAMETRIC_REPRESENTATION_CONTEXT() REPRESENTATION_CONTEXT('2D SPACE',''
  ) );
#12054 = ORIENTED_EDGE('',*,*,#12055,.F.);
#12055 = EDGE_CURVE('',#11987,#12033,#12056,.T.);
#12056 = SURFACE_CURVE('',#12057,(#12061,#12068),.PCURVE_S1.);
#12057 = LINE('',#12058,#12059);
#12058 = CARTESIAN_POINT('',(-5.,-8.153E-14,87.6938));
#12059 = VECTOR('',#12060,1.);
#12060 = DIRECTION('',(-3.3E-16,2.33E-15,1.));
#12061 = PCURVE('',#7690,#12062);
#12062 = DEFINITIONAL_REPRESENTATION('',(#12063),#12067);
#12063 = LINE('',#12064,#12065);
#12064 = CARTESIAN_POINT('',(13.1938,-146.6793886629));
#12065 = VECTOR('',#12066,1.);
#12066 = DIRECTION('',(1.,2.22E-15));
#12067 = ( GEOMETRIC_REPRESENTATION_CONTEXT(2) 
PARAMETRIC_REPRESENTATION_CONTEXT() REPRESENTATION_CONTEXT('2D SPACE',''
  ) );
#12068 = PCURVE('',#8419,#12069);
#12069 = DEFINITIONAL_REPRESENTATION('',(#12070),#12074);
#12070 = LINE('',#12071,#12072);
#12071 = CARTESIAN_POINT('',(13.1938,-11.175));
#12072 = VECTOR('',#12073,1.);
#12073 = DIRECTION('',(-1.,-2.44E-15));
#12074 = ( GEOMETRIC_REPRESENTATION_CONTEXT(2) 
PARAMETRIC_REPRESENTATION_CONTEXT() REPRESENTATION_CONTEXT('2D SPACE',''
  ) );
#12075 = FACE_BOUND('',#12076,.T.);
#12076 = EDGE_LOOP('',(#12077,#12107,#12135,#12163));
#12077 = ORIENTED_EDGE('',*,*,#12078,.F.);
#12078 = EDGE_CURVE('',#12079,#12081,#12083,.T.);
#12079 = VERTEX_POINT('',#12080);
#12080 = CARTESIAN_POINT('',(-10.46,7.7E-14,117.55353794276));
#12081 = VERTEX_POINT('',#12082);
#12082 = CARTESIAN_POINT('',(-10.46,5.7E-14,81.600000000001));
#12083 = SURFACE_CURVE('',#12084,(#12088,#12095),.PCURVE_S1.);
#12084 = LINE('',#12085,#12086);
#12085 = CARTESIAN_POINT('',(-10.46,-1.2674E-13,117.55353794276));
#12086 = VECTOR('',#12087,1.);
#12087 = DIRECTION('',(1.55E-15,1.33E-15,-1.));
#12088 = PCURVE('',#7690,#12089);
#12089 = DEFINITIONAL_REPRESENTATION('',(#12090),#12094);
#12090 = LINE('',#12091,#12092);
#12091 = CARTESIAN_POINT('',(43.053537942761,-152.1393886629));
#12092 = VECTOR('',#12093,1.);
#12093 = DIRECTION('',(-1.,-1.E-15));
#12094 = ( GEOMETRIC_REPRESENTATION_CONTEXT(2) 
PARAMETRIC_REPRESENTATION_CONTEXT() REPRESENTATION_CONTEXT('2D SPACE',''
  ) );
#12095 = PCURVE('',#12096,#12101);
#12096 = PLANE('',#12097);
#12097 = AXIS2_PLACEMENT_3D('',#12098,#12099,#12100);
#12098 = CARTESIAN_POINT('',(-10.46,7.368193053356,99.044928519389));
#12099 = DIRECTION('',(-1.,1.31E-15,4.5E-16));
#12100 = DIRECTION('',(-1.31E-15,-1.,1.78E-15));
#12101 = DEFINITIONAL_REPRESENTATION('',(#12102),#12106);
#12102 = LINE('',#12103,#12104);
#12103 = CARTESIAN_POINT('',(7.368193053356,18.508609423372));
#12104 = VECTOR('',#12105,1.);
#12105 = DIRECTION('',(-3.11E-15,-1.));
#12106 = ( GEOMETRIC_REPRESENTATION_CONTEXT(2) 
PARAMETRIC_REPRESENTATION_CONTEXT() REPRESENTATION_CONTEXT('2D SPACE',''
  ) );
#12107 = ORIENTED_EDGE('',*,*,#12108,.T.);
#12108 = EDGE_CURVE('',#12079,#12109,#12111,.T.);
#12109 = VERTEX_POINT('',#12110);
#12110 = CARTESIAN_POINT('',(-14.95,8.2E-14,117.55353794276));
#12111 = SURFACE_CURVE('',#12112,(#12116,#12123),.PCURVE_S1.);
#12112 = LINE('',#12113,#12114);
#12113 = CARTESIAN_POINT('',(-10.46,-6.669E-14,117.55353794276));
#12114 = VECTOR('',#12115,1.);
#12115 = DIRECTION('',(-1.,1.11E-15,6.E-17));
#12116 = PCURVE('',#7690,#12117);
#12117 = DEFINITIONAL_REPRESENTATION('',(#12118),#12122);
#12118 = LINE('',#12119,#12120);
#12119 = CARTESIAN_POINT('',(43.053537942761,-152.1393886629));
#12120 = VECTOR('',#12121,1.);
#12121 = DIRECTION('',(2.61E-15,-1.));
#12122 = ( GEOMETRIC_REPRESENTATION_CONTEXT(2) 
PARAMETRIC_REPRESENTATION_CONTEXT() REPRESENTATION_CONTEXT('2D SPACE',''
  ) );
#12123 = PCURVE('',#12124,#12129);
#12124 = CYLINDRICAL_SURFACE('',#12125,2.);
#12125 = AXIS2_PLACEMENT_3D('',#12126,#12127,#12128);
#12126 = CARTESIAN_POINT('',(-10.46,2.,117.55353794276));
#12127 = DIRECTION('',(1.,-1.33E-15,-2.2E-16));
#12128 = DIRECTION('',(1.33E-15,1.,-1.78E-15));
#12129 = DEFINITIONAL_REPRESENTATION('',(#12130),#12134);
#12130 = LINE('',#12131,#12132);
#12131 = CARTESIAN_POINT('',(3.14159265359,0.));
#12132 = VECTOR('',#12133,1.);
#12133 = DIRECTION('',(0.,-1.));
#12134 = ( GEOMETRIC_REPRESENTATION_CONTEXT(2) 
PARAMETRIC_REPRESENTATION_CONTEXT() REPRESENTATION_CONTEXT('2D SPACE',''
  ) );
#12135 = ORIENTED_EDGE('',*,*,#12136,.T.);
#12136 = EDGE_CURVE('',#12109,#12137,#12139,.T.);
#12137 = VERTEX_POINT('',#12138);
#12138 = CARTESIAN_POINT('',(-14.95,6.2E-14,81.600000000001));
#12139 = SURFACE_CURVE('',#12140,(#12144,#12151),.PCURVE_S1.);
#12140 = LINE('',#12141,#12142);
#12141 = CARTESIAN_POINT('',(-14.95,-1.1403E-13,117.55353794276));
#12142 = VECTOR('',#12143,1.);
#12143 = DIRECTION('',(1.55E-15,1.33E-15,-1.));
#12144 = PCURVE('',#7690,#12145);
#12145 = DEFINITIONAL_REPRESENTATION('',(#12146),#12150);
#12146 = LINE('',#12147,#12148);
#12147 = CARTESIAN_POINT('',(43.053537942761,-156.6293886629));
#12148 = VECTOR('',#12149,1.);
#12149 = DIRECTION('',(-1.,-1.E-15));
#12150 = ( GEOMETRIC_REPRESENTATION_CONTEXT(2) 
PARAMETRIC_REPRESENTATION_CONTEXT() REPRESENTATION_CONTEXT('2D SPACE',''
  ) );
#12151 = PCURVE('',#12152,#12157);
#12152 = PLANE('',#12153);
#12153 = AXIS2_PLACEMENT_3D('',#12154,#12155,#12156);
#12154 = CARTESIAN_POINT('',(-14.95,7.368193053356,99.044928519389));
#12155 = DIRECTION('',(-1.,1.31E-15,4.5E-16));
#12156 = DIRECTION('',(-1.31E-15,-1.,1.78E-15));
#12157 = DEFINITIONAL_REPRESENTATION('',(#12158),#12162);
#12158 = LINE('',#12159,#12160);
#12159 = CARTESIAN_POINT('',(7.368193053356,18.508609423372));
#12160 = VECTOR('',#12161,1.);
#12161 = DIRECTION('',(-3.11E-15,-1.));
#12162 = ( GEOMETRIC_REPRESENTATION_CONTEXT(2) 
PARAMETRIC_REPRESENTATION_CONTEXT() REPRESENTATION_CONTEXT('2D SPACE',''
  ) );
#12163 = ORIENTED_EDGE('',*,*,#12164,.F.);
#12164 = EDGE_CURVE('',#12081,#12137,#12165,.T.);
#12165 = SURFACE_CURVE('',#12166,(#12170,#12177),.PCURVE_S1.);
#12166 = LINE('',#12167,#12168);
#12167 = CARTESIAN_POINT('',(-10.46,-4.274E-14,81.600000000001));
#12168 = VECTOR('',#12169,1.);
#12169 = DIRECTION('',(-1.,1.11E-15,6.E-17));
#12170 = PCURVE('',#7690,#12171);
#12171 = DEFINITIONAL_REPRESENTATION('',(#12172),#12176);
#12172 = LINE('',#12173,#12174);
#12173 = CARTESIAN_POINT('',(7.100000000001,-152.1393886629));
#12174 = VECTOR('',#12175,1.);
#12175 = DIRECTION('',(2.61E-15,-1.));
#12176 = ( GEOMETRIC_REPRESENTATION_CONTEXT(2) 
PARAMETRIC_REPRESENTATION_CONTEXT() REPRESENTATION_CONTEXT('2D SPACE',''
  ) );
#12177 = PCURVE('',#12178,#12183);
#12178 = CYLINDRICAL_SURFACE('',#12179,8.);
#12179 = AXIS2_PLACEMENT_3D('',#12180,#12181,#12182);
#12180 = CARTESIAN_POINT('',(-10.46,8.,81.600000000001));
#12181 = DIRECTION('',(1.,-1.33E-15,-2.2E-16));
#12182 = DIRECTION('',(1.33E-15,1.,-1.78E-15));
#12183 = DEFINITIONAL_REPRESENTATION('',(#12184),#12188);
#12184 = LINE('',#12185,#12186);
#12185 = CARTESIAN_POINT('',(3.14159265359,0.));
#12186 = VECTOR('',#12187,1.);
#12187 = DIRECTION('',(0.,-1.));
#12188 = ( GEOMETRIC_REPRESENTATION_CONTEXT(2) 
PARAMETRIC_REPRESENTATION_CONTEXT() REPRESENTATION_CONTEXT('2D SPACE',''
  ) );
#12189 = FACE_BOUND('',#12190,.T.);
#12190 = EDGE_LOOP('',(#12191,#12221,#12249,#12277));
#12191 = ORIENTED_EDGE('',*,*,#12192,.F.);
#12192 = EDGE_CURVE('',#12193,#12195,#12197,.T.);
#12193 = VERTEX_POINT('',#12194);
#12194 = CARTESIAN_POINT('',(10.46,7.9E-14,117.55353794276));
#12195 = VERTEX_POINT('',#12196);
#12196 = CARTESIAN_POINT('',(14.95,7.3E-14,117.55353794276));
#12197 = SURFACE_CURVE('',#12198,(#12202,#12209),.PCURVE_S1.);
#12198 = LINE('',#12199,#12200);
#12199 = CARTESIAN_POINT('',(10.46,-4.728E-14,117.55353794276));
#12200 = VECTOR('',#12201,1.);
#12201 = DIRECTION('',(1.,-7.8E-16,6.E-17));
#12202 = PCURVE('',#7690,#12203);
#12203 = DEFINITIONAL_REPRESENTATION('',(#12204),#12208);
#12204 = LINE('',#12205,#12206);
#12205 = CARTESIAN_POINT('',(43.05353794276,-131.2193886629));
#12206 = VECTOR('',#12207,1.);
#12207 = DIRECTION('',(-2.49E-15,1.));
#12208 = ( GEOMETRIC_REPRESENTATION_CONTEXT(2) 
PARAMETRIC_REPRESENTATION_CONTEXT() REPRESENTATION_CONTEXT('2D SPACE',''
  ) );
#12209 = PCURVE('',#12210,#12215);
#12210 = CYLINDRICAL_SURFACE('',#12211,2.);
#12211 = AXIS2_PLACEMENT_3D('',#12212,#12213,#12214);
#12212 = CARTESIAN_POINT('',(10.46,2.,117.55353794276));
#12213 = DIRECTION('',(-1.,5.6E-16,-2.2E-16));
#12214 = DIRECTION('',(5.6E-16,1.,-1.22E-15));
#12215 = DEFINITIONAL_REPRESENTATION('',(#12216),#12220);
#12216 = LINE('',#12217,#12218);
#12217 = CARTESIAN_POINT('',(-3.14159265359,0.));
#12218 = VECTOR('',#12219,1.);
#12219 = DIRECTION('',(-0.,-1.));
#12220 = ( GEOMETRIC_REPRESENTATION_CONTEXT(2) 
PARAMETRIC_REPRESENTATION_CONTEXT() REPRESENTATION_CONTEXT('2D SPACE',''
  ) );
#12221 = ORIENTED_EDGE('',*,*,#12222,.T.);
#12222 = EDGE_CURVE('',#12193,#12223,#12225,.T.);
#12223 = VERTEX_POINT('',#12224);
#12224 = CARTESIAN_POINT('',(10.46,5.1E-14,81.600000000001));
#12225 = SURFACE_CURVE('',#12226,(#12230,#12237),.PCURVE_S1.);
#12226 = LINE('',#12227,#12228);
#12227 = CARTESIAN_POINT('',(10.46,-8.587E-14,117.55353794276));
#12228 = VECTOR('',#12229,1.);
#12229 = DIRECTION('',(1.33E-15,7.8E-16,-1.));
#12230 = PCURVE('',#7690,#12231);
#12231 = DEFINITIONAL_REPRESENTATION('',(#12232),#12236);
#12232 = LINE('',#12233,#12234);
#12233 = CARTESIAN_POINT('',(43.05353794276,-131.2193886629));
#12234 = VECTOR('',#12235,1.);
#12235 = DIRECTION('',(-1.,-1.22E-15));
#12236 = ( GEOMETRIC_REPRESENTATION_CONTEXT(2) 
PARAMETRIC_REPRESENTATION_CONTEXT() REPRESENTATION_CONTEXT('2D SPACE',''
  ) );
#12237 = PCURVE('',#12238,#12243);
#12238 = PLANE('',#12239);
#12239 = AXIS2_PLACEMENT_3D('',#12240,#12241,#12242);
#12240 = CARTESIAN_POINT('',(10.46,7.368193053356,99.044928519388));
#12241 = DIRECTION('',(1.,-8.E-16,-2.2E-16));
#12242 = DIRECTION('',(8.E-16,1.,-1.E-15));
#12243 = DEFINITIONAL_REPRESENTATION('',(#12244),#12248);
#12244 = LINE('',#12245,#12246);
#12245 = CARTESIAN_POINT('',(-7.368193053356,18.508609423372));
#12246 = VECTOR('',#12247,1.);
#12247 = DIRECTION('',(1.78E-15,-1.));
#12248 = ( GEOMETRIC_REPRESENTATION_CONTEXT(2) 
PARAMETRIC_REPRESENTATION_CONTEXT() REPRESENTATION_CONTEXT('2D SPACE',''
  ) );
#12249 = ORIENTED_EDGE('',*,*,#12250,.T.);
#12250 = EDGE_CURVE('',#12223,#12251,#12253,.T.);
#12251 = VERTEX_POINT('',#12252);
#12252 = CARTESIAN_POINT('',(14.95,4.5E-14,81.600000000001));
#12253 = SURFACE_CURVE('',#12254,(#12258,#12265),.PCURVE_S1.);
#12254 = LINE('',#12255,#12256);
#12255 = CARTESIAN_POINT('',(10.46,-3.531E-14,81.600000000001));
#12256 = VECTOR('',#12257,1.);
#12257 = DIRECTION('',(1.,-7.8E-16,6.E-17));
#12258 = PCURVE('',#7690,#12259);
#12259 = DEFINITIONAL_REPRESENTATION('',(#12260),#12264);
#12260 = LINE('',#12261,#12262);
#12261 = CARTESIAN_POINT('',(7.100000000001,-131.2193886629));
#12262 = VECTOR('',#12263,1.);
#12263 = DIRECTION('',(-2.49E-15,1.));
#12264 = ( GEOMETRIC_REPRESENTATION_CONTEXT(2) 
PARAMETRIC_REPRESENTATION_CONTEXT() REPRESENTATION_CONTEXT('2D SPACE',''
  ) );
#12265 = PCURVE('',#12266,#12271);
#12266 = CYLINDRICAL_SURFACE('',#12267,8.);
#12267 = AXIS2_PLACEMENT_3D('',#12268,#12269,#12270);
#12268 = CARTESIAN_POINT('',(10.46,8.,81.600000000001));
#12269 = DIRECTION('',(-1.,5.6E-16,-2.2E-16));
#12270 = DIRECTION('',(5.6E-16,1.,-1.22E-15));
#12271 = DEFINITIONAL_REPRESENTATION('',(#12272),#12276);
#12272 = LINE('',#12273,#12274);
#12273 = CARTESIAN_POINT('',(-3.14159265359,0.));
#12274 = VECTOR('',#12275,1.);
#12275 = DIRECTION('',(-0.,-1.));
#12276 = ( GEOMETRIC_REPRESENTATION_CONTEXT(2) 
PARAMETRIC_REPRESENTATION_CONTEXT() REPRESENTATION_CONTEXT('2D SPACE',''
  ) );
#12277 = ORIENTED_EDGE('',*,*,#12278,.F.);
#12278 = EDGE_CURVE('',#12195,#12251,#12279,.T.);
#12279 = SURFACE_CURVE('',#12280,(#12284,#12291),.PCURVE_S1.);
#12280 = LINE('',#12281,#12282);
#12281 = CARTESIAN_POINT('',(14.95,-8.363E-14,117.55353794276));
#12282 = VECTOR('',#12283,1.);
#12283 = DIRECTION('',(1.33E-15,7.8E-16,-1.));
#12284 = PCURVE('',#7690,#12285);
#12285 = DEFINITIONAL_REPRESENTATION('',(#12286),#12290);
#12286 = LINE('',#12287,#12288);
#12287 = CARTESIAN_POINT('',(43.05353794276,-126.7293886629));
#12288 = VECTOR('',#12289,1.);
#12289 = DIRECTION('',(-1.,-1.22E-15));
#12290 = ( GEOMETRIC_REPRESENTATION_CONTEXT(2) 
PARAMETRIC_REPRESENTATION_CONTEXT() REPRESENTATION_CONTEXT('2D SPACE',''
  ) );
#12291 = PCURVE('',#12292,#12297);
#12292 = PLANE('',#12293);
#12293 = AXIS2_PLACEMENT_3D('',#12294,#12295,#12296);
#12294 = CARTESIAN_POINT('',(14.95,7.368193053356,99.044928519388));
#12295 = DIRECTION('',(1.,-8.E-16,-2.2E-16));
#12296 = DIRECTION('',(8.E-16,1.,-1.E-15));
#12297 = DEFINITIONAL_REPRESENTATION('',(#12298),#12302);
#12298 = LINE('',#12299,#12300);
#12299 = CARTESIAN_POINT('',(-7.368193053356,18.508609423372));
#12300 = VECTOR('',#12301,1.);
#12301 = DIRECTION('',(1.78E-15,-1.));
#12302 = ( GEOMETRIC_REPRESENTATION_CONTEXT(2) 
PARAMETRIC_REPRESENTATION_CONTEXT() REPRESENTATION_CONTEXT('2D SPACE',''
  ) );
#12303 = FACE_BOUND('',#12304,.T.);
#12304 = EDGE_LOOP('',(#12305,#12335,#12363,#12391));
#12305 = ORIENTED_EDGE('',*,*,#12306,.F.);
#12306 = EDGE_CURVE('',#12307,#12309,#12311,.T.);
#12307 = VERTEX_POINT('',#12308);
#12308 = CARTESIAN_POINT('',(-5.,6.6E-14,112.5));
#12309 = VERTEX_POINT('',#12310);
#12310 = CARTESIAN_POINT('',(5.,5.9E-14,112.5));
#12311 = SURFACE_CURVE('',#12312,(#12316,#12323),.PCURVE_S1.);
#12312 = LINE('',#12313,#12314);
#12313 = CARTESIAN_POINT('',(-5.,1.527E-14,112.5));
#12314 = VECTOR('',#12315,1.);
#12315 = DIRECTION('',(1.,-5.6E-16,2.8E-16));
#12316 = PCURVE('',#7690,#12317);
#12317 = DEFINITIONAL_REPRESENTATION('',(#12318),#12322);
#12318 = LINE('',#12319,#12320);
#12319 = CARTESIAN_POINT('',(38.,-146.6793886629));
#12320 = VECTOR('',#12321,1.);
#12321 = DIRECTION('',(-2.27E-15,1.));
#12322 = ( GEOMETRIC_REPRESENTATION_CONTEXT(2) 
PARAMETRIC_REPRESENTATION_CONTEXT() REPRESENTATION_CONTEXT('2D SPACE',''
  ) );
#12323 = PCURVE('',#12324,#12329);
#12324 = PLANE('',#12325);
#12325 = AXIS2_PLACEMENT_3D('',#12326,#12327,#12328);
#12326 = CARTESIAN_POINT('',(-5.,1.527E-14,112.5));
#12327 = DIRECTION('',(-7.2E-16,3.3E-16,1.));
#12328 = DIRECTION('',(-1.1E-16,1.,-3.3E-16));
#12329 = DEFINITIONAL_REPRESENTATION('',(#12330),#12334);
#12330 = LINE('',#12331,#12332);
#12331 = CARTESIAN_POINT('',(0.,-0.));
#12332 = VECTOR('',#12333,1.);
#12333 = DIRECTION('',(-6.7E-16,-1.));
#12334 = ( GEOMETRIC_REPRESENTATION_CONTEXT(2) 
PARAMETRIC_REPRESENTATION_CONTEXT() REPRESENTATION_CONTEXT('2D SPACE',''
  ) );
#12335 = ORIENTED_EDGE('',*,*,#12336,.F.);
#12336 = EDGE_CURVE('',#12337,#12307,#12339,.T.);
#12337 = VERTEX_POINT('',#12338);
#12338 = CARTESIAN_POINT('',(-5.,6.4E-14,108.5));
#12339 = SURFACE_CURVE('',#12340,(#12344,#12351),.PCURVE_S1.);
#12340 = LINE('',#12341,#12342);
#12341 = CARTESIAN_POINT('',(-5.,-3.742E-14,108.5));
#12342 = VECTOR('',#12343,1.);
#12343 = DIRECTION('',(-6.7E-16,-3.3E-16,1.));
#12344 = PCURVE('',#7690,#12345);
#12345 = DEFINITIONAL_REPRESENTATION('',(#12346),#12350);
#12346 = LINE('',#12347,#12348);
#12347 = CARTESIAN_POINT('',(34.,-146.6793886629));
#12348 = VECTOR('',#12349,1.);
#12349 = DIRECTION('',(1.,1.88E-15));
#12350 = ( GEOMETRIC_REPRESENTATION_CONTEXT(2) 
PARAMETRIC_REPRESENTATION_CONTEXT() REPRESENTATION_CONTEXT('2D SPACE',''
  ) );
#12351 = PCURVE('',#12352,#12357);
#12352 = PLANE('',#12353);
#12353 = AXIS2_PLACEMENT_3D('',#12354,#12355,#12356);
#12354 = CARTESIAN_POINT('',(-5.,0.75,110.5));
#12355 = DIRECTION('',(-1.,5.6E-16,0.));
#12356 = DIRECTION('',(1.848E-31,3.3E-16,-1.));
#12357 = DEFINITIONAL_REPRESENTATION('',(#12358),#12362);
#12358 = LINE('',#12359,#12360);
#12359 = CARTESIAN_POINT('',(2.,0.75));
#12360 = VECTOR('',#12361,1.);
#12361 = DIRECTION('',(-1.,3.944304526105E-31));
#12362 = ( GEOMETRIC_REPRESENTATION_CONTEXT(2) 
PARAMETRIC_REPRESENTATION_CONTEXT() REPRESENTATION_CONTEXT('2D SPACE',''
  ) );
#12363 = ORIENTED_EDGE('',*,*,#12364,.T.);
#12364 = EDGE_CURVE('',#12337,#12365,#12367,.T.);
#12365 = VERTEX_POINT('',#12366);
#12366 = CARTESIAN_POINT('',(5.,5.6E-14,108.5));
#12367 = SURFACE_CURVE('',#12368,(#12372,#12379),.PCURVE_S1.);
#12368 = LINE('',#12369,#12370);
#12369 = CARTESIAN_POINT('',(-5.,1.482E-14,108.5));
#12370 = VECTOR('',#12371,1.);
#12371 = DIRECTION('',(1.,-5.6E-16,2.8E-16));
#12372 = PCURVE('',#7690,#12373);
#12373 = DEFINITIONAL_REPRESENTATION('',(#12374),#12378);
#12374 = LINE('',#12375,#12376);
#12375 = CARTESIAN_POINT('',(34.,-146.6793886629));
#12376 = VECTOR('',#12377,1.);
#12377 = DIRECTION('',(-2.27E-15,1.));
#12378 = ( GEOMETRIC_REPRESENTATION_CONTEXT(2) 
PARAMETRIC_REPRESENTATION_CONTEXT() REPRESENTATION_CONTEXT('2D SPACE',''
  ) );
#12379 = PCURVE('',#12380,#12385);
#12380 = PLANE('',#12381);
#12381 = AXIS2_PLACEMENT_3D('',#12382,#12383,#12384);
#12382 = CARTESIAN_POINT('',(-5.,1.5,108.5));
#12383 = DIRECTION('',(7.2E-16,-3.3E-16,-1.));
#12384 = DIRECTION('',(1.1E-16,-1.,3.3E-16));
#12385 = DEFINITIONAL_REPRESENTATION('',(#12386),#12390);
#12386 = LINE('',#12387,#12388);
#12387 = CARTESIAN_POINT('',(1.5,-7.231784197001E-16));
#12388 = VECTOR('',#12389,1.);
#12389 = DIRECTION('',(6.7E-16,-1.));
#12390 = ( GEOMETRIC_REPRESENTATION_CONTEXT(2) 
PARAMETRIC_REPRESENTATION_CONTEXT() REPRESENTATION_CONTEXT('2D SPACE',''
  ) );
#12391 = ORIENTED_EDGE('',*,*,#12392,.T.);
#12392 = EDGE_CURVE('',#12365,#12309,#12393,.T.);
#12393 = SURFACE_CURVE('',#12394,(#12398,#12405),.PCURVE_S1.);
#12394 = LINE('',#12395,#12396);
#12395 = CARTESIAN_POINT('',(5.,-3.386E-14,108.5));
#12396 = VECTOR('',#12397,1.);
#12397 = DIRECTION('',(-6.7E-16,-3.3E-16,1.));
#12398 = PCURVE('',#7690,#12399);
#12399 = DEFINITIONAL_REPRESENTATION('',(#12400),#12404);
#12400 = LINE('',#12401,#12402);
#12401 = CARTESIAN_POINT('',(34.,-136.6793886629));
#12402 = VECTOR('',#12403,1.);
#12403 = DIRECTION('',(1.,1.88E-15));
#12404 = ( GEOMETRIC_REPRESENTATION_CONTEXT(2) 
PARAMETRIC_REPRESENTATION_CONTEXT() REPRESENTATION_CONTEXT('2D SPACE',''
  ) );
#12405 = PCURVE('',#12406,#12411);
#12406 = PLANE('',#12407);
#12407 = AXIS2_PLACEMENT_3D('',#12408,#12409,#12410);
#12408 = CARTESIAN_POINT('',(5.,0.75,110.5));
#12409 = DIRECTION('',(-1.,5.6E-16,0.));
#12410 = DIRECTION('',(1.848E-31,3.3E-16,-1.));
#12411 = DEFINITIONAL_REPRESENTATION('',(#12412),#12416);
#12412 = LINE('',#12413,#12414);
#12413 = CARTESIAN_POINT('',(2.,0.75));
#12414 = VECTOR('',#12415,1.);
#12415 = DIRECTION('',(-1.,3.944304526105E-31));
#12416 = ( GEOMETRIC_REPRESENTATION_CONTEXT(2) 
PARAMETRIC_REPRESENTATION_CONTEXT() REPRESENTATION_CONTEXT('2D SPACE',''
  ) );
#12417 = ADVANCED_FACE('',(#12418),#7793,.T.);
#12418 = FACE_BOUND('',#12419,.F.);
#12419 = EDGE_LOOP('',(#12420,#12441,#12442,#12443));
#12420 = ORIENTED_EDGE('',*,*,#12421,.F.);
#12421 = EDGE_CURVE('',#7738,#10100,#12422,.T.);
#12422 = SURFACE_CURVE('',#12423,(#12427,#12434),.PCURVE_S1.);
#12423 = LINE('',#12424,#12425);
#12424 = CARTESIAN_POINT('',(27.292722215594,12.0076,69.101538048434));
#12425 = VECTOR('',#12426,1.);
#12426 = DIRECTION('',(2.33E-15,-1.,1.67E-15));
#12427 = PCURVE('',#7793,#12428);
#12428 = DEFINITIONAL_REPRESENTATION('',(#12429),#12433);
#12429 = LINE('',#12430,#12431);
#12430 = CARTESIAN_POINT('',(-0.698131700798,0.));
#12431 = VECTOR('',#12432,1.);
#12432 = DIRECTION('',(-0.,-1.));
#12433 = ( GEOMETRIC_REPRESENTATION_CONTEXT(2) 
PARAMETRIC_REPRESENTATION_CONTEXT() REPRESENTATION_CONTEXT('2D SPACE',''
  ) );
#12434 = PCURVE('',#7880,#12435);
#12435 = DEFINITIONAL_REPRESENTATION('',(#12436),#12440);
#12436 = LINE('',#12437,#12438);
#12437 = CARTESIAN_POINT('',(0.,0.));
#12438 = VECTOR('',#12439,1.);
#12439 = DIRECTION('',(4.115990894392E-16,-1.));
#12440 = ( GEOMETRIC_REPRESENTATION_CONTEXT(2) 
PARAMETRIC_REPRESENTATION_CONTEXT() REPRESENTATION_CONTEXT('2D SPACE',''
  ) );
#12441 = ORIENTED_EDGE('',*,*,#7768,.T.);
#12442 = ORIENTED_EDGE('',*,*,#11248,.T.);
#12443 = ORIENTED_EDGE('',*,*,#10123,.T.);
#12444 = ADVANCED_FACE('',(#12445),#7880,.F.);
#12445 = FACE_BOUND('',#12446,.F.);
#12446 = EDGE_LOOP('',(#12447,#12448,#12449,#12472,#12493,#12494));
#12447 = ORIENTED_EDGE('',*,*,#12421,.T.);
#12448 = ORIENTED_EDGE('',*,*,#10384,.T.);
#12449 = ORIENTED_EDGE('',*,*,#12450,.T.);
#12450 = EDGE_CURVE('',#10207,#12451,#12453,.T.);
#12451 = VERTEX_POINT('',#12452);
#12452 = CARTESIAN_POINT('',(20.682529109084,-2.,76.97925943086));
#12453 = SURFACE_CURVE('',#12454,(#12458,#12465),.PCURVE_S1.);
#12454 = LINE('',#12455,#12456);
#12455 = CARTESIAN_POINT('',(20.682529109084,-62.75171206599,
    76.97925943086));
#12456 = VECTOR('',#12457,1.);
#12457 = DIRECTION('',(-2.18E-15,1.,-1.84E-15));
#12458 = PCURVE('',#7880,#12459);
#12459 = DEFINITIONAL_REPRESENTATION('',(#12460),#12464);
#12460 = LINE('',#12461,#12462);
#12461 = CARTESIAN_POINT('',(10.283634915946,-74.75931206599));
#12462 = VECTOR('',#12463,1.);
#12463 = DIRECTION('',(-6.382447862225E-16,1.));
#12464 = ( GEOMETRIC_REPRESENTATION_CONTEXT(2) 
PARAMETRIC_REPRESENTATION_CONTEXT() REPRESENTATION_CONTEXT('2D SPACE',''
  ) );
#12465 = PCURVE('',#10226,#12466);
#12466 = DEFINITIONAL_REPRESENTATION('',(#12467),#12471);
#12467 = LINE('',#12468,#12469);
#12468 = CARTESIAN_POINT('',(2.946336913295,-74.75931206599));
#12469 = VECTOR('',#12470,1.);
#12470 = DIRECTION('',(-4.940913204353E-15,-1.));
#12471 = ( GEOMETRIC_REPRESENTATION_CONTEXT(2) 
PARAMETRIC_REPRESENTATION_CONTEXT() REPRESENTATION_CONTEXT('2D SPACE',''
  ) );
#12472 = ORIENTED_EDGE('',*,*,#12473,.T.);
#12473 = EDGE_CURVE('',#12451,#11479,#12474,.T.);
#12474 = SURFACE_CURVE('',#12475,(#12479,#12486),.PCURVE_S1.);
#12475 = LINE('',#12476,#12477);
#12476 = CARTESIAN_POINT('',(20.682529109084,-2.,76.97925943086));
#12477 = VECTOR('',#12478,1.);
#12478 = DIRECTION('',(0.642787609686,-1.91E-15,-0.766044443119));
#12479 = PCURVE('',#7880,#12480);
#12480 = DEFINITIONAL_REPRESENTATION('',(#12481),#12485);
#12481 = LINE('',#12482,#12483);
#12482 = CARTESIAN_POINT('',(10.283634915946,-14.0076));
#12483 = VECTOR('',#12484,1.);
#12484 = DIRECTION('',(-1.,-2.54E-15));
#12485 = ( GEOMETRIC_REPRESENTATION_CONTEXT(2) 
PARAMETRIC_REPRESENTATION_CONTEXT() REPRESENTATION_CONTEXT('2D SPACE',''
  ) );
#12486 = PCURVE('',#11498,#12487);
#12487 = DEFINITIONAL_REPRESENTATION('',(#12488),#12492);
#12488 = LINE('',#12489,#12490);
#12489 = CARTESIAN_POINT('',(1.570796326795,0.));
#12490 = VECTOR('',#12491,1.);
#12491 = DIRECTION('',(0.,1.));
#12492 = ( GEOMETRIC_REPRESENTATION_CONTEXT(2) 
PARAMETRIC_REPRESENTATION_CONTEXT() REPRESENTATION_CONTEXT('2D SPACE',''
  ) );
#12493 = ORIENTED_EDGE('',*,*,#11512,.T.);
#12494 = ORIENTED_EDGE('',*,*,#7866,.T.);
#12495 = ADVANCED_FACE('',(#12496),#7992,.F.);
#12496 = FACE_BOUND('',#12497,.F.);
#12497 = EDGE_LOOP('',(#12498,#12499,#12500,#12501));
#12498 = ORIENTED_EDGE('',*,*,#8579,.F.);
#12499 = ORIENTED_EDGE('',*,*,#7976,.T.);
#12500 = ORIENTED_EDGE('',*,*,#8351,.T.);
#12501 = ORIENTED_EDGE('',*,*,#12502,.F.);
#12502 = EDGE_CURVE('',#8580,#8352,#12503,.T.);
#12503 = SURFACE_CURVE('',#12504,(#12508,#12515),.PCURVE_S1.);
#12504 = LINE('',#12505,#12506);
#12505 = CARTESIAN_POINT('',(-4.15,-4.,90.8876));
#12506 = VECTOR('',#12507,1.);
#12507 = DIRECTION('',(-1.,2.2E-16,-1.1E-16));
#12508 = PCURVE('',#7992,#12509);
#12509 = DEFINITIONAL_REPRESENTATION('',(#12510),#12514);
#12510 = LINE('',#12511,#12512);
#12511 = CARTESIAN_POINT('',(-0.85,-90.8876));
#12512 = VECTOR('',#12513,1.);
#12513 = DIRECTION('',(-1.,5.5E-16));
#12514 = ( GEOMETRIC_REPRESENTATION_CONTEXT(2) 
PARAMETRIC_REPRESENTATION_CONTEXT() REPRESENTATION_CONTEXT('2D SPACE',''
  ) );
#12515 = PCURVE('',#8391,#12516);
#12516 = DEFINITIONAL_REPRESENTATION('',(#12517),#12521);
#12517 = LINE('',#12518,#12519);
#12518 = CARTESIAN_POINT('',(0.85,-7.175));
#12519 = VECTOR('',#12520,1.);
#12520 = DIRECTION('',(-1.,-1.21E-32));
#12521 = ( GEOMETRIC_REPRESENTATION_CONTEXT(2) 
PARAMETRIC_REPRESENTATION_CONTEXT() REPRESENTATION_CONTEXT('2D SPACE',''
  ) );
#12522 = ADVANCED_FACE('',(#12523),#8241,.F.);
#12523 = FACE_BOUND('',#12524,.F.);
#12524 = EDGE_LOOP('',(#12525,#12526,#12527,#12528));
#12525 = ORIENTED_EDGE('',*,*,#9239,.F.);
#12526 = ORIENTED_EDGE('',*,*,#8225,.T.);
#12527 = ORIENTED_EDGE('',*,*,#11197,.T.);
#12528 = ORIENTED_EDGE('',*,*,#11167,.F.);
#12529 = ADVANCED_FACE('',(#12530),#8480,.F.);
#12530 = FACE_BOUND('',#12531,.F.);
#12531 = EDGE_LOOP('',(#12532,#12533,#12554,#12555));
#12532 = ORIENTED_EDGE('',*,*,#8626,.F.);
#12533 = ORIENTED_EDGE('',*,*,#12534,.F.);
#12534 = EDGE_CURVE('',#8432,#8627,#12535,.T.);
#12535 = SURFACE_CURVE('',#12536,(#12540,#12547),.PCURVE_S1.);
#12536 = LINE('',#12537,#12538);
#12537 = CARTESIAN_POINT('',(0.85,-4.,100.8876));
#12538 = VECTOR('',#12539,1.);
#12539 = DIRECTION('',(1.,-2.2E-16,1.1E-16));
#12540 = PCURVE('',#8480,#12541);
#12541 = DEFINITIONAL_REPRESENTATION('',(#12542),#12546);
#12542 = LINE('',#12543,#12544);
#12543 = CARTESIAN_POINT('',(4.15,-100.8876));
#12544 = VECTOR('',#12545,1.);
#12545 = DIRECTION('',(1.,-5.5E-16));
#12546 = ( GEOMETRIC_REPRESENTATION_CONTEXT(2) 
PARAMETRIC_REPRESENTATION_CONTEXT() REPRESENTATION_CONTEXT('2D SPACE',''
  ) );
#12547 = PCURVE('',#8448,#12548);
#12548 = DEFINITIONAL_REPRESENTATION('',(#12549),#12553);
#12549 = LINE('',#12550,#12551);
#12550 = CARTESIAN_POINT('',(4.15,-7.175));
#12551 = VECTOR('',#12552,1.);
#12552 = DIRECTION('',(-1.,1.21E-32));
#12553 = ( GEOMETRIC_REPRESENTATION_CONTEXT(2) 
PARAMETRIC_REPRESENTATION_CONTEXT() REPRESENTATION_CONTEXT('2D SPACE',''
  ) );
#12554 = ORIENTED_EDGE('',*,*,#8464,.T.);
#12555 = ORIENTED_EDGE('',*,*,#8521,.T.);
#12556 = ADVANCED_FACE('',(#12557),#8448,.F.);
#12557 = FACE_BOUND('',#12558,.F.);
#12558 = EDGE_LOOP('',(#12559,#12560,#12581,#12582,#12603,#12604));
#12559 = ORIENTED_EDGE('',*,*,#8649,.T.);
#12560 = ORIENTED_EDGE('',*,*,#12561,.T.);
#12561 = EDGE_CURVE('',#8650,#12010,#12562,.T.);
#12562 = SURFACE_CURVE('',#12563,(#12567,#12574),.PCURVE_S1.);
#12563 = LINE('',#12564,#12565);
#12564 = CARTESIAN_POINT('',(5.,-11.175,100.8876));
#12565 = VECTOR('',#12566,1.);
#12566 = DIRECTION('',(0.,1.,-1.1E-16));
#12567 = PCURVE('',#8448,#12568);
#12568 = DEFINITIONAL_REPRESENTATION('',(#12569),#12573);
#12569 = LINE('',#12570,#12571);
#12570 = CARTESIAN_POINT('',(0.,0.));
#12571 = VECTOR('',#12572,1.);
#12572 = DIRECTION('',(2.2E-16,-1.));
#12573 = ( GEOMETRIC_REPRESENTATION_CONTEXT(2) 
PARAMETRIC_REPRESENTATION_CONTEXT() REPRESENTATION_CONTEXT('2D SPACE',''
  ) );
#12574 = PCURVE('',#8693,#12575);
#12575 = DEFINITIONAL_REPRESENTATION('',(#12576),#12580);
#12576 = LINE('',#12577,#12578);
#12577 = CARTESIAN_POINT('',(10.,6.763568394002E-16));
#12578 = VECTOR('',#12579,1.);
#12579 = DIRECTION('',(-2.2E-16,-1.));
#12580 = ( GEOMETRIC_REPRESENTATION_CONTEXT(2) 
PARAMETRIC_REPRESENTATION_CONTEXT() REPRESENTATION_CONTEXT('2D SPACE',''
  ) );
#12581 = ORIENTED_EDGE('',*,*,#12032,.F.);
#12582 = ORIENTED_EDGE('',*,*,#12583,.F.);
#12583 = EDGE_CURVE('',#8404,#12033,#12584,.T.);
#12584 = SURFACE_CURVE('',#12585,(#12589,#12596),.PCURVE_S1.);
#12585 = LINE('',#12586,#12587);
#12586 = CARTESIAN_POINT('',(-5.,-11.175,100.8876));
#12587 = VECTOR('',#12588,1.);
#12588 = DIRECTION('',(0.,1.,-1.1E-16));
#12589 = PCURVE('',#8448,#12590);
#12590 = DEFINITIONAL_REPRESENTATION('',(#12591),#12595);
#12591 = LINE('',#12592,#12593);
#12592 = CARTESIAN_POINT('',(10.,4.236431605997E-16));
#12593 = VECTOR('',#12594,1.);
#12594 = DIRECTION('',(2.2E-16,-1.));
#12595 = ( GEOMETRIC_REPRESENTATION_CONTEXT(2) 
PARAMETRIC_REPRESENTATION_CONTEXT() REPRESENTATION_CONTEXT('2D SPACE',''
  ) );
#12596 = PCURVE('',#8419,#12597);
#12597 = DEFINITIONAL_REPRESENTATION('',(#12598),#12602);
#12598 = LINE('',#12599,#12600);
#12599 = CARTESIAN_POINT('',(0.,0.));
#12600 = VECTOR('',#12601,1.);
#12601 = DIRECTION('',(2.2E-16,-1.));
#12602 = ( GEOMETRIC_REPRESENTATION_CONTEXT(2) 
PARAMETRIC_REPRESENTATION_CONTEXT() REPRESENTATION_CONTEXT('2D SPACE',''
  ) );
#12603 = ORIENTED_EDGE('',*,*,#8431,.T.);
#12604 = ORIENTED_EDGE('',*,*,#12534,.T.);
#12605 = ADVANCED_FACE('',(#12606),#8419,.F.);
#12606 = FACE_BOUND('',#12607,.F.);
#12607 = EDGE_LOOP('',(#12608,#12609,#12610,#12611));
#12608 = ORIENTED_EDGE('',*,*,#8403,.F.);
#12609 = ORIENTED_EDGE('',*,*,#12583,.T.);
#12610 = ORIENTED_EDGE('',*,*,#12055,.F.);
#12611 = ORIENTED_EDGE('',*,*,#12612,.F.);
#12612 = EDGE_CURVE('',#8375,#11987,#12613,.T.);
#12613 = SURFACE_CURVE('',#12614,(#12618,#12625),.PCURVE_S1.);
#12614 = LINE('',#12615,#12616);
#12615 = CARTESIAN_POINT('',(-5.,-11.175,90.8876));
#12616 = VECTOR('',#12617,1.);
#12617 = DIRECTION('',(0.,1.,-1.1E-16));
#12618 = PCURVE('',#8419,#12619);
#12619 = DEFINITIONAL_REPRESENTATION('',(#12620),#12624);
#12620 = LINE('',#12621,#12622);
#12621 = CARTESIAN_POINT('',(10.,-6.763568394002E-16));
#12622 = VECTOR('',#12623,1.);
#12623 = DIRECTION('',(2.2E-16,-1.));
#12624 = ( GEOMETRIC_REPRESENTATION_CONTEXT(2) 
PARAMETRIC_REPRESENTATION_CONTEXT() REPRESENTATION_CONTEXT('2D SPACE',''
  ) );
#12625 = PCURVE('',#8391,#12626);
#12626 = DEFINITIONAL_REPRESENTATION('',(#12627),#12631);
#12627 = LINE('',#12628,#12629);
#12628 = CARTESIAN_POINT('',(0.,0.));
#12629 = VECTOR('',#12630,1.);
#12630 = DIRECTION('',(-2.2E-16,-1.));
#12631 = ( GEOMETRIC_REPRESENTATION_CONTEXT(2) 
PARAMETRIC_REPRESENTATION_CONTEXT() REPRESENTATION_CONTEXT('2D SPACE',''
  ) );
#12632 = ADVANCED_FACE('',(#12633),#8391,.F.);
#12633 = FACE_BOUND('',#12634,.F.);
#12634 = EDGE_LOOP('',(#12635,#12636,#12637,#12638,#12659,#12660));
#12635 = ORIENTED_EDGE('',*,*,#8374,.F.);
#12636 = ORIENTED_EDGE('',*,*,#12612,.T.);
#12637 = ORIENTED_EDGE('',*,*,#11984,.F.);
#12638 = ORIENTED_EDGE('',*,*,#12639,.F.);
#12639 = EDGE_CURVE('',#8678,#11985,#12640,.T.);
#12640 = SURFACE_CURVE('',#12641,(#12645,#12652),.PCURVE_S1.);
#12641 = LINE('',#12642,#12643);
#12642 = CARTESIAN_POINT('',(5.,-11.175,90.8876));
#12643 = VECTOR('',#12644,1.);
#12644 = DIRECTION('',(0.,1.,-1.1E-16));
#12645 = PCURVE('',#8391,#12646);
#12646 = DEFINITIONAL_REPRESENTATION('',(#12647),#12651);
#12647 = LINE('',#12648,#12649);
#12648 = CARTESIAN_POINT('',(10.,-4.236431605997E-16));
#12649 = VECTOR('',#12650,1.);
#12650 = DIRECTION('',(-2.2E-16,-1.));
#12651 = ( GEOMETRIC_REPRESENTATION_CONTEXT(2) 
PARAMETRIC_REPRESENTATION_CONTEXT() REPRESENTATION_CONTEXT('2D SPACE',''
  ) );
#12652 = PCURVE('',#8693,#12653);
#12653 = DEFINITIONAL_REPRESENTATION('',(#12654),#12658);
#12654 = LINE('',#12655,#12656);
#12655 = CARTESIAN_POINT('',(0.,0.));
#12656 = VECTOR('',#12657,1.);
#12657 = DIRECTION('',(-2.2E-16,-1.));
#12658 = ( GEOMETRIC_REPRESENTATION_CONTEXT(2) 
PARAMETRIC_REPRESENTATION_CONTEXT() REPRESENTATION_CONTEXT('2D SPACE',''
  ) );
#12659 = ORIENTED_EDGE('',*,*,#8705,.F.);
#12660 = ORIENTED_EDGE('',*,*,#12502,.T.);
#12661 = ADVANCED_FACE('',(#12662),#8693,.F.);
#12662 = FACE_BOUND('',#12663,.F.);
#12663 = EDGE_LOOP('',(#12664,#12665,#12666,#12667));
#12664 = ORIENTED_EDGE('',*,*,#8677,.T.);
#12665 = ORIENTED_EDGE('',*,*,#12639,.T.);
#12666 = ORIENTED_EDGE('',*,*,#12009,.F.);
#12667 = ORIENTED_EDGE('',*,*,#12561,.F.);
#12668 = ADVANCED_FACE('',(#12669),#8885,.F.);
#12669 = FACE_BOUND('',#12670,.F.);
#12670 = EDGE_LOOP('',(#12671,#12672,#12673,#12674));
#12671 = ORIENTED_EDGE('',*,*,#11329,.F.);
#12672 = ORIENTED_EDGE('',*,*,#8871,.T.);
#12673 = ORIENTED_EDGE('',*,*,#9855,.T.);
#12674 = ORIENTED_EDGE('',*,*,#11300,.F.);
#12675 = ADVANCED_FACE('',(#12676),#9466,.F.);
#12676 = FACE_BOUND('',#12677,.F.);
#12677 = EDGE_LOOP('',(#12678,#12679,#12680,#12705,#12706,#12707,#12728,
    #12729));
#12678 = ORIENTED_EDGE('',*,*,#9444,.T.);
#12679 = ORIENTED_EDGE('',*,*,#11429,.F.);
#12680 = ORIENTED_EDGE('',*,*,#12681,.F.);
#12681 = EDGE_CURVE('',#11554,#11430,#12682,.T.);
#12682 = SURFACE_CURVE('',#12683,(#12688,#12695),.PCURVE_S1.);
#12683 = ELLIPSE('',#12684,2.001480341083,2.);
#12684 = AXIS2_PLACEMENT_3D('',#12685,#12686,#12687);
#12685 = CARTESIAN_POINT('',(-19.19991213953,-2.,75.634725877045));
#12686 = DIRECTION('',(0.671769552874,-4.5E-16,0.740760195901));
#12687 = DIRECTION('',(0.740760195901,-1.99E-15,-0.671769552874));
#12688 = PCURVE('',#9466,#12689);
#12689 = DEFINITIONAL_REPRESENTATION('',(#12690),#12694);
#12690 = ELLIPSE('',#12691,2.001480341083,2.);
#12691 = AXIS2_PLACEMENT_2D('',#12692,#12693);
#12692 = CARTESIAN_POINT('',(0.944856572212,-135.5110241319));
#12693 = DIRECTION('',(-1.,2.44E-15));
#12694 = ( GEOMETRIC_REPRESENTATION_CONTEXT(2) 
PARAMETRIC_REPRESENTATION_CONTEXT() REPRESENTATION_CONTEXT('2D SPACE',''
  ) );
#12695 = PCURVE('',#11373,#12696);
#12696 = DEFINITIONAL_REPRESENTATION('',(#12697),#12704);
#12697 = B_SPLINE_CURVE_WITH_KNOTS('',5,(#12698,#12699,#12700,#12701,
    #12702,#12703),.UNSPECIFIED.,.F.,.F.,(6,6),(1.570796326795,
    3.14159265359),.PIECEWISE_BEZIER_KNOTS.);
#12698 = CARTESIAN_POINT('',(-3.55E-15,7.696463954665E-02));
#12699 = CARTESIAN_POINT('',(-0.314159265359,5.278548492796E-02));
#12700 = CARTESIAN_POINT('',(-0.6283185107,2.858444787023E-02));
#12701 = CARTESIAN_POINT('',(-0.942477842948,9.468974680317E-03));
#12702 = CARTESIAN_POINT('',(-1.256637061436,-3.1912E-13));
#12703 = CARTESIAN_POINT('',(-1.570796326795,-3.1975E-13));
#12704 = ( GEOMETRIC_REPRESENTATION_CONTEXT(2) 
PARAMETRIC_REPRESENTATION_CONTEXT() REPRESENTATION_CONTEXT('2D SPACE',''
  ) );
#12705 = ORIENTED_EDGE('',*,*,#11576,.F.);
#12706 = ORIENTED_EDGE('',*,*,#11599,.T.);
#12707 = ORIENTED_EDGE('',*,*,#12708,.F.);
#12708 = EDGE_CURVE('',#9700,#11600,#12709,.T.);
#12709 = SURFACE_CURVE('',#12710,(#12714,#12721),.PCURVE_S1.);
#12710 = LINE('',#12711,#12712);
#12711 = CARTESIAN_POINT('',(-22.25433910574,-137.5110241319,
    78.404679026166));
#12712 = VECTOR('',#12713,1.);
#12713 = DIRECTION('',(-2.66E-15,1.,-1.89E-15));
#12714 = PCURVE('',#9466,#12715);
#12715 = DEFINITIONAL_REPRESENTATION('',(#12716),#12720);
#12716 = LINE('',#12717,#12718);
#12717 = CARTESIAN_POINT('',(5.06822467854,2.614100832506E-14));
#12718 = VECTOR('',#12719,1.);
#12719 = DIRECTION('',(2.507776661665E-16,-1.));
#12720 = ( GEOMETRIC_REPRESENTATION_CONTEXT(2) 
PARAMETRIC_REPRESENTATION_CONTEXT() REPRESENTATION_CONTEXT('2D SPACE',''
  ) );
#12721 = PCURVE('',#9816,#12722);
#12722 = DEFINITIONAL_REPRESENTATION('',(#12723),#12727);
#12723 = LINE('',#12724,#12725);
#12724 = CARTESIAN_POINT('',(3.975793938967,0.));
#12725 = VECTOR('',#12726,1.);
#12726 = DIRECTION('',(0.,-1.));
#12727 = ( GEOMETRIC_REPRESENTATION_CONTEXT(2) 
PARAMETRIC_REPRESENTATION_CONTEXT() REPRESENTATION_CONTEXT('2D SPACE',''
  ) );
#12728 = ORIENTED_EDGE('',*,*,#9699,.F.);
#12729 = ORIENTED_EDGE('',*,*,#9649,.F.);
#12730 = ADVANCED_FACE('',(#12731),#9816,.T.);
#12731 = FACE_BOUND('',#12732,.T.);
#12732 = EDGE_LOOP('',(#12733,#12734,#12735,#12756));
#12733 = ORIENTED_EDGE('',*,*,#12708,.F.);
#12734 = ORIENTED_EDGE('',*,*,#9801,.T.);
#12735 = ORIENTED_EDGE('',*,*,#12736,.T.);
#12736 = EDGE_CURVE('',#9778,#11623,#12737,.T.);
#12737 = SURFACE_CURVE('',#12738,(#12742,#12749),.PCURVE_S1.);
#12738 = LINE('',#12739,#12740);
#12739 = CARTESIAN_POINT('',(-22.9108,-137.5110241319,79.886199417969));
#12740 = VECTOR('',#12741,1.);
#12741 = DIRECTION('',(-2.66E-15,1.,-1.89E-15));
#12742 = PCURVE('',#9816,#12743);
#12743 = DEFINITIONAL_REPRESENTATION('',(#12744),#12748);
#12744 = LINE('',#12745,#12746);
#12745 = CARTESIAN_POINT('',(3.14159265359,0.));
#12746 = VECTOR('',#12747,1.);
#12747 = DIRECTION('',(0.,-1.));
#12748 = ( GEOMETRIC_REPRESENTATION_CONTEXT(2) 
PARAMETRIC_REPRESENTATION_CONTEXT() REPRESENTATION_CONTEXT('2D SPACE',''
  ) );
#12749 = PCURVE('',#9898,#12750);
#12750 = DEFINITIONAL_REPRESENTATION('',(#12751),#12755);
#12751 = LINE('',#12752,#12753);
#12752 = CARTESIAN_POINT('',(-17.63619941796,134.21482413198));
#12753 = VECTOR('',#12754,1.);
#12754 = DIRECTION('',(4.E-15,-1.));
#12755 = ( GEOMETRIC_REPRESENTATION_CONTEXT(2) 
PARAMETRIC_REPRESENTATION_CONTEXT() REPRESENTATION_CONTEXT('2D SPACE',''
  ) );
#12756 = ORIENTED_EDGE('',*,*,#11622,.T.);
#12757 = ADVANCED_FACE('',(#12758),#9898,.T.);
#12758 = FACE_BOUND('',#12759,.T.);
#12759 = EDGE_LOOP('',(#12760,#12781,#12782,#12783));
#12760 = ORIENTED_EDGE('',*,*,#12761,.T.);
#12761 = EDGE_CURVE('',#9883,#11651,#12762,.T.);
#12762 = SURFACE_CURVE('',#12763,(#12767,#12774),.PCURVE_S1.);
#12763 = LINE('',#12764,#12765);
#12764 = CARTESIAN_POINT('',(-22.9108,-137.5110241319,108.38619941796));
#12765 = VECTOR('',#12766,1.);
#12766 = DIRECTION('',(-2.66E-15,1.,-1.89E-15));
#12767 = PCURVE('',#9898,#12768);
#12768 = DEFINITIONAL_REPRESENTATION('',(#12769),#12773);
#12769 = LINE('',#12770,#12771);
#12770 = CARTESIAN_POINT('',(-46.13619941796,134.21482413198));
#12771 = VECTOR('',#12772,1.);
#12772 = DIRECTION('',(4.E-15,-1.));
#12773 = ( GEOMETRIC_REPRESENTATION_CONTEXT(2) 
PARAMETRIC_REPRESENTATION_CONTEXT() REPRESENTATION_CONTEXT('2D SPACE',''
  ) );
#12774 = PCURVE('',#9976,#12775);
#12775 = DEFINITIONAL_REPRESENTATION('',(#12776),#12780);
#12776 = LINE('',#12777,#12778);
#12777 = CARTESIAN_POINT('',(3.141592807734,0.));
#12778 = VECTOR('',#12779,1.);
#12779 = DIRECTION('',(0.,-1.));
#12780 = ( GEOMETRIC_REPRESENTATION_CONTEXT(2) 
PARAMETRIC_REPRESENTATION_CONTEXT() REPRESENTATION_CONTEXT('2D SPACE',''
  ) );
#12781 = ORIENTED_EDGE('',*,*,#11650,.T.);
#12782 = ORIENTED_EDGE('',*,*,#12736,.F.);
#12783 = ORIENTED_EDGE('',*,*,#9882,.T.);
#12784 = ADVANCED_FACE('',(#12785),#9976,.T.);
#12785 = FACE_BOUND('',#12786,.T.);
#12786 = EDGE_LOOP('',(#12787,#12788,#12789,#12810));
#12787 = ORIENTED_EDGE('',*,*,#12761,.F.);
#12788 = ORIENTED_EDGE('',*,*,#9961,.T.);
#12789 = ORIENTED_EDGE('',*,*,#12790,.T.);
#12790 = EDGE_CURVE('',#9938,#11674,#12791,.T.);
#12791 = SURFACE_CURVE('',#12792,(#12796,#12803),.PCURVE_S1.);
#12792 = LINE('',#12793,#12794);
#12793 = CARTESIAN_POINT('',(-21.95436272748,-137.5110241319,
    109.44448276037));
#12794 = VECTOR('',#12795,1.);
#12795 = DIRECTION('',(-2.66E-15,1.,-1.89E-15));
#12796 = PCURVE('',#9976,#12797);
#12797 = DEFINITIONAL_REPRESENTATION('',(#12798),#12802);
#12798 = LINE('',#12799,#12800);
#12799 = CARTESIAN_POINT('',(1.671812114435,0.));
#12800 = VECTOR('',#12801,1.);
#12801 = DIRECTION('',(0.,-1.));
#12802 = ( GEOMETRIC_REPRESENTATION_CONTEXT(2) 
PARAMETRIC_REPRESENTATION_CONTEXT() REPRESENTATION_CONTEXT('2D SPACE',''
  ) );
#12803 = PCURVE('',#10082,#12804);
#12804 = DEFINITIONAL_REPRESENTATION('',(#12805),#12809);
#12805 = LINE('',#12806,#12807);
#12806 = CARTESIAN_POINT('',(4.813404768025,0.));
#12807 = VECTOR('',#12808,1.);
#12808 = DIRECTION('',(0.,-1.));
#12809 = ( GEOMETRIC_REPRESENTATION_CONTEXT(2) 
PARAMETRIC_REPRESENTATION_CONTEXT() REPRESENTATION_CONTEXT('2D SPACE',''
  ) );
#12810 = ORIENTED_EDGE('',*,*,#11673,.T.);
#12811 = ADVANCED_FACE('',(#12812),#10082,.F.);
#12812 = FACE_BOUND('',#12813,.F.);
#12813 = EDGE_LOOP('',(#12814,#12835,#12836,#12837));
#12814 = ORIENTED_EDGE('',*,*,#12815,.F.);
#12815 = EDGE_CURVE('',#10044,#11702,#12816,.T.);
#12816 = SURFACE_CURVE('',#12817,(#12821,#12828),.PCURVE_S1.);
#12817 = LINE('',#12818,#12819);
#12818 = CARTESIAN_POINT('',(-21.,-137.5110241319,110.43636483202));
#12819 = VECTOR('',#12820,1.);
#12820 = DIRECTION('',(-2.66E-15,1.,-1.89E-15));
#12821 = PCURVE('',#10082,#12822);
#12822 = DEFINITIONAL_REPRESENTATION('',(#12823),#12827);
#12823 = LINE('',#12824,#12825);
#12824 = CARTESIAN_POINT('',(6.220720371311,0.));
#12825 = VECTOR('',#12826,1.);
#12826 = DIRECTION('',(0.,-1.));
#12827 = ( GEOMETRIC_REPRESENTATION_CONTEXT(2) 
PARAMETRIC_REPRESENTATION_CONTEXT() REPRESENTATION_CONTEXT('2D SPACE',''
  ) );
#12828 = PCURVE('',#10189,#12829);
#12829 = DEFINITIONAL_REPRESENTATION('',(#12830),#12834);
#12830 = LINE('',#12831,#12832);
#12831 = CARTESIAN_POINT('',(3.079127717721,0.));
#12832 = VECTOR('',#12833,1.);
#12833 = DIRECTION('',(0.,-1.));
#12834 = ( GEOMETRIC_REPRESENTATION_CONTEXT(2) 
PARAMETRIC_REPRESENTATION_CONTEXT() REPRESENTATION_CONTEXT('2D SPACE',''
  ) );
#12835 = ORIENTED_EDGE('',*,*,#10067,.F.);
#12836 = ORIENTED_EDGE('',*,*,#12790,.T.);
#12837 = ORIENTED_EDGE('',*,*,#11701,.T.);
#12838 = ADVANCED_FACE('',(#12839),#10189,.T.);
#12839 = FACE_BOUND('',#12840,.T.);
#12840 = EDGE_LOOP('',(#12841,#12842,#12843,#12864));
#12841 = ORIENTED_EDGE('',*,*,#12815,.F.);
#12842 = ORIENTED_EDGE('',*,*,#10174,.T.);
#12843 = ORIENTED_EDGE('',*,*,#12844,.T.);
#12844 = EDGE_CURVE('',#10151,#11730,#12845,.T.);
#12845 = SURFACE_CURVE('',#12846,(#12850,#12857),.PCURVE_S1.);
#12846 = LINE('',#12847,#12848);
#12847 = CARTESIAN_POINT('',(-6.029254497476,-137.5110241319,124.5));
#12848 = VECTOR('',#12849,1.);
#12849 = DIRECTION('',(-2.33E-15,1.,-2.E-15));
#12850 = PCURVE('',#10189,#12851);
#12851 = DEFINITIONAL_REPRESENTATION('',(#12852),#12856);
#12852 = LINE('',#12853,#12854);
#12853 = CARTESIAN_POINT('',(1.570796326795,0.));
#12854 = VECTOR('',#12855,1.);
#12855 = DIRECTION('',(0.,-1.));
#12856 = ( GEOMETRIC_REPRESENTATION_CONTEXT(2) 
PARAMETRIC_REPRESENTATION_CONTEXT() REPRESENTATION_CONTEXT('2D SPACE',''
  ) );
#12857 = PCURVE('',#10425,#12858);
#12858 = DEFINITIONAL_REPRESENTATION('',(#12859),#12863);
#12859 = LINE('',#12860,#12861);
#12860 = CARTESIAN_POINT('',(-134.2148241319,6.029254497476));
#12861 = VECTOR('',#12862,1.);
#12862 = DIRECTION('',(1.,7.919991767873E-30));
#12863 = ( GEOMETRIC_REPRESENTATION_CONTEXT(2) 
PARAMETRIC_REPRESENTATION_CONTEXT() REPRESENTATION_CONTEXT('2D SPACE',''
  ) );
#12864 = ORIENTED_EDGE('',*,*,#11729,.T.);
#12865 = ADVANCED_FACE('',(#12866),#10226,.T.);
#12866 = FACE_BOUND('',#12867,.T.);
#12867 = EDGE_LOOP('',(#12868,#12869,#12870,#12895,#12896,#12897,#12918,
    #12919));
#12868 = ORIENTED_EDGE('',*,*,#10204,.T.);
#12869 = ORIENTED_EDGE('',*,*,#12450,.T.);
#12870 = ORIENTED_EDGE('',*,*,#12871,.F.);
#12871 = EDGE_CURVE('',#11939,#12451,#12872,.T.);
#12872 = SURFACE_CURVE('',#12873,(#12878,#12885),.PCURVE_S1.);
#12873 = ELLIPSE('',#12874,2.001480341083,2.);
#12874 = AXIS2_PLACEMENT_3D('',#12875,#12876,#12877);
#12875 = CARTESIAN_POINT('',(19.199912139531,-2.,75.634725877045));
#12876 = DIRECTION('',(0.671769552874,-1.93E-15,-0.740760195901));
#12877 = DIRECTION('',(-0.740760195901,6.4E-16,-0.671769552874));
#12878 = PCURVE('',#10226,#12879);
#12879 = DEFINITIONAL_REPRESENTATION('',(#12880),#12884);
#12880 = ELLIPSE('',#12881,2.001480341083,2.);
#12881 = AXIS2_PLACEMENT_2D('',#12882,#12883);
#12882 = CARTESIAN_POINT('',(0.944856572212,-135.5110241319));
#12883 = DIRECTION('',(-1.,1.45E-15));
#12884 = ( GEOMETRIC_REPRESENTATION_CONTEXT(2) 
PARAMETRIC_REPRESENTATION_CONTEXT() REPRESENTATION_CONTEXT('2D SPACE',''
  ) );
#12885 = PCURVE('',#11498,#12886);
#12886 = DEFINITIONAL_REPRESENTATION('',(#12887),#12894);
#12887 = B_SPLINE_CURVE_WITH_KNOTS('',5,(#12888,#12889,#12890,#12891,
    #12892,#12893),.UNSPECIFIED.,.F.,.F.,(6,6),(1.570796326795,
    3.14159265359),.PIECEWISE_BEZIER_KNOTS.);
#12888 = CARTESIAN_POINT('',(-8.527E-14,7.696463954697E-02));
#12889 = CARTESIAN_POINT('',(0.314159265359,5.278548492828E-02));
#12890 = CARTESIAN_POINT('',(0.6283185107,2.858444787066E-02));
#12891 = CARTESIAN_POINT('',(0.942477842948,9.468974680572E-03));
#12892 = CARTESIAN_POINT('',(1.256637061436,1.502E-14));
#12893 = CARTESIAN_POINT('',(1.570796326795,1.422E-14));
#12894 = ( GEOMETRIC_REPRESENTATION_CONTEXT(2) 
PARAMETRIC_REPRESENTATION_CONTEXT() REPRESENTATION_CONTEXT('2D SPACE',''
  ) );
#12895 = ORIENTED_EDGE('',*,*,#11938,.F.);
#12896 = ORIENTED_EDGE('',*,*,#11915,.T.);
#12897 = ORIENTED_EDGE('',*,*,#12898,.F.);
#12898 = EDGE_CURVE('',#10625,#11888,#12899,.T.);
#12899 = SURFACE_CURVE('',#12900,(#12904,#12911),.PCURVE_S1.);
#12900 = LINE('',#12901,#12902);
#12901 = CARTESIAN_POINT('',(22.254339105748,-137.5110241319,
    78.404679026166));
#12902 = VECTOR('',#12903,1.);
#12903 = DIRECTION('',(-2.66E-15,1.,-1.89E-15));
#12904 = PCURVE('',#10226,#12905);
#12905 = DEFINITIONAL_REPRESENTATION('',(#12906),#12910);
#12906 = LINE('',#12907,#12908);
#12907 = CARTESIAN_POINT('',(5.06822467854,1.782911985226E-14));
#12908 = VECTOR('',#12909,1.);
#12909 = DIRECTION('',(-5.330066576029E-15,-1.));
#12910 = ( GEOMETRIC_REPRESENTATION_CONTEXT(2) 
PARAMETRIC_REPRESENTATION_CONTEXT() REPRESENTATION_CONTEXT('2D SPACE',''
  ) );
#12911 = PCURVE('',#10770,#12912);
#12912 = DEFINITIONAL_REPRESENTATION('',(#12913),#12917);
#12913 = LINE('',#12914,#12915);
#12914 = CARTESIAN_POINT('',(5.448984021803,0.));
#12915 = VECTOR('',#12916,1.);
#12916 = DIRECTION('',(0.,-1.));
#12917 = ( GEOMETRIC_REPRESENTATION_CONTEXT(2) 
PARAMETRIC_REPRESENTATION_CONTEXT() REPRESENTATION_CONTEXT('2D SPACE',''
  ) );
#12918 = ORIENTED_EDGE('',*,*,#10648,.T.);
#12919 = ORIENTED_EDGE('',*,*,#10542,.T.);
#12920 = ADVANCED_FACE('',(#12921),#10425,.T.);
#12921 = FACE_BOUND('',#12922,.T.);
#12922 = EDGE_LOOP('',(#12923,#12924,#12925,#12946));
#12923 = ORIENTED_EDGE('',*,*,#12844,.F.);
#12924 = ORIENTED_EDGE('',*,*,#10409,.T.);
#12925 = ORIENTED_EDGE('',*,*,#12926,.T.);
#12926 = EDGE_CURVE('',#10410,#11758,#12927,.T.);
#12927 = SURFACE_CURVE('',#12928,(#12932,#12939),.PCURVE_S1.);
#12928 = LINE('',#12929,#12930);
#12929 = CARTESIAN_POINT('',(6.029254497476,-137.5110241319,124.5));
#12930 = VECTOR('',#12931,1.);
#12931 = DIRECTION('',(-2.33E-15,1.,-2.E-15));
#12932 = PCURVE('',#10425,#12933);
#12933 = DEFINITIONAL_REPRESENTATION('',(#12934),#12938);
#12934 = LINE('',#12935,#12936);
#12935 = CARTESIAN_POINT('',(-134.2148241319,-6.029254497476));
#12936 = VECTOR('',#12937,1.);
#12937 = DIRECTION('',(1.,7.919991767873E-30));
#12938 = ( GEOMETRIC_REPRESENTATION_CONTEXT(2) 
PARAMETRIC_REPRESENTATION_CONTEXT() REPRESENTATION_CONTEXT('2D SPACE',''
  ) );
#12939 = PCURVE('',#10503,#12940);
#12940 = DEFINITIONAL_REPRESENTATION('',(#12941),#12945);
#12941 = LINE('',#12942,#12943);
#12942 = CARTESIAN_POINT('',(1.570796326795,0.));
#12943 = VECTOR('',#12944,1.);
#12944 = DIRECTION('',(0.,-1.));
#12945 = ( GEOMETRIC_REPRESENTATION_CONTEXT(2) 
PARAMETRIC_REPRESENTATION_CONTEXT() REPRESENTATION_CONTEXT('2D SPACE',''
  ) );
#12946 = ORIENTED_EDGE('',*,*,#11757,.T.);
#12947 = ADVANCED_FACE('',(#12948),#10503,.T.);
#12948 = FACE_BOUND('',#12949,.T.);
#12949 = EDGE_LOOP('',(#12950,#12951,#12952,#12973));
#12950 = ORIENTED_EDGE('',*,*,#12926,.F.);
#12951 = ORIENTED_EDGE('',*,*,#10488,.T.);
#12952 = ORIENTED_EDGE('',*,*,#12953,.T.);
#12953 = EDGE_CURVE('',#10466,#11781,#12954,.T.);
#12954 = SURFACE_CURVE('',#12955,(#12959,#12966),.PCURVE_S1.);
#12955 = LINE('',#12956,#12957);
#12956 = CARTESIAN_POINT('',(21.000000000038,-137.5110241319,
    110.43636483202));
#12957 = VECTOR('',#12958,1.);
#12958 = DIRECTION('',(-2.66E-15,1.,-1.89E-15));
#12959 = PCURVE('',#10503,#12960);
#12960 = DEFINITIONAL_REPRESENTATION('',(#12961),#12965);
#12961 = LINE('',#12962,#12963);
#12962 = CARTESIAN_POINT('',(6.246493586857E-02,0.));
#12963 = VECTOR('',#12964,1.);
#12964 = DIRECTION('',(0.,-1.));
#12965 = ( GEOMETRIC_REPRESENTATION_CONTEXT(2) 
PARAMETRIC_REPRESENTATION_CONTEXT() REPRESENTATION_CONTEXT('2D SPACE',''
  ) );
#12966 = PCURVE('',#10609,#12967);
#12967 = DEFINITIONAL_REPRESENTATION('',(#12968),#12972);
#12968 = LINE('',#12969,#12970);
#12969 = CARTESIAN_POINT('',(3.204069576755,0.));
#12970 = VECTOR('',#12971,1.);
#12971 = DIRECTION('',(0.,-1.));
#12972 = ( GEOMETRIC_REPRESENTATION_CONTEXT(2) 
PARAMETRIC_REPRESENTATION_CONTEXT() REPRESENTATION_CONTEXT('2D SPACE',''
  ) );
#12973 = ORIENTED_EDGE('',*,*,#11780,.T.);
#12974 = ADVANCED_FACE('',(#12975),#10609,.F.);
#12975 = FACE_BOUND('',#12976,.F.);
#12976 = EDGE_LOOP('',(#12977,#12998,#12999,#13000));
#12977 = ORIENTED_EDGE('',*,*,#12978,.F.);
#12978 = EDGE_CURVE('',#10571,#11809,#12979,.T.);
#12979 = SURFACE_CURVE('',#12980,(#12984,#12991),.PCURVE_S1.);
#12980 = LINE('',#12981,#12982);
#12981 = CARTESIAN_POINT('',(21.95435605803,-137.5110241319,
    109.44449608179));
#12982 = VECTOR('',#12983,1.);
#12983 = DIRECTION('',(-2.66E-15,1.,-1.89E-15));
#12984 = PCURVE('',#10609,#12985);
#12985 = DEFINITIONAL_REPRESENTATION('',(#12986),#12990);
#12986 = LINE('',#12987,#12988);
#12987 = CARTESIAN_POINT('',(4.611367642694,0.));
#12988 = VECTOR('',#12989,1.);
#12989 = DIRECTION('',(0.,-1.));
#12990 = ( GEOMETRIC_REPRESENTATION_CONTEXT(2) 
PARAMETRIC_REPRESENTATION_CONTEXT() REPRESENTATION_CONTEXT('2D SPACE',''
  ) );
#12991 = PCURVE('',#10714,#12992);
#12992 = DEFINITIONAL_REPRESENTATION('',(#12993),#12997);
#12993 = LINE('',#12994,#12995);
#12994 = CARTESIAN_POINT('',(7.752960296284,0.));
#12995 = VECTOR('',#12996,1.);
#12996 = DIRECTION('',(0.,-1.));
#12997 = ( GEOMETRIC_REPRESENTATION_CONTEXT(2) 
PARAMETRIC_REPRESENTATION_CONTEXT() REPRESENTATION_CONTEXT('2D SPACE',''
  ) );
#12998 = ORIENTED_EDGE('',*,*,#10594,.F.);
#12999 = ORIENTED_EDGE('',*,*,#12953,.T.);
#13000 = ORIENTED_EDGE('',*,*,#11808,.T.);
#13001 = ADVANCED_FACE('',(#13002),#10714,.T.);
#13002 = FACE_BOUND('',#13003,.T.);
#13003 = EDGE_LOOP('',(#13004,#13005,#13006,#13027));
#13004 = ORIENTED_EDGE('',*,*,#12978,.F.);
#13005 = ORIENTED_EDGE('',*,*,#10699,.T.);
#13006 = ORIENTED_EDGE('',*,*,#13007,.T.);
#13007 = EDGE_CURVE('',#10677,#11837,#13008,.T.);
#13008 = SURFACE_CURVE('',#13009,(#13013,#13020),.PCURVE_S1.);
#13009 = LINE('',#13010,#13011);
#13010 = CARTESIAN_POINT('',(22.9108,-137.5110241319,108.38619941797));
#13011 = VECTOR('',#13012,1.);
#13012 = DIRECTION('',(-2.66E-15,1.,-1.89E-15));
#13013 = PCURVE('',#10714,#13014);
#13014 = DEFINITIONAL_REPRESENTATION('',(#13015),#13019);
#13015 = LINE('',#13016,#13017);
#13016 = CARTESIAN_POINT('',(6.283185117202,0.));
#13017 = VECTOR('',#13018,1.);
#13018 = DIRECTION('',(0.,-1.));
#13019 = ( GEOMETRIC_REPRESENTATION_CONTEXT(2) 
PARAMETRIC_REPRESENTATION_CONTEXT() REPRESENTATION_CONTEXT('2D SPACE',''
  ) );
#13020 = PCURVE('',#10800,#13021);
#13021 = DEFINITIONAL_REPRESENTATION('',(#13022),#13026);
#13022 = LINE('',#13023,#13024);
#13023 = CARTESIAN_POINT('',(-46.13619941797,134.21482413198));
#13024 = VECTOR('',#13025,1.);
#13025 = DIRECTION('',(4.E-15,-1.));
#13026 = ( GEOMETRIC_REPRESENTATION_CONTEXT(2) 
PARAMETRIC_REPRESENTATION_CONTEXT() REPRESENTATION_CONTEXT('2D SPACE',''
  ) );
#13027 = ORIENTED_EDGE('',*,*,#11836,.T.);
#13028 = ADVANCED_FACE('',(#13029),#10770,.T.);
#13029 = FACE_BOUND('',#13030,.T.);
#13030 = EDGE_LOOP('',(#13031,#13052,#13053,#13054));
#13031 = ORIENTED_EDGE('',*,*,#13032,.F.);
#13032 = EDGE_CURVE('',#10730,#11865,#13033,.T.);
#13033 = SURFACE_CURVE('',#13034,(#13038,#13045),.PCURVE_S1.);
#13034 = LINE('',#13035,#13036);
#13035 = CARTESIAN_POINT('',(22.9108,-137.5110241319,79.886199417969));
#13036 = VECTOR('',#13037,1.);
#13037 = DIRECTION('',(-2.66E-15,1.,-1.89E-15));
#13038 = PCURVE('',#10770,#13039);
#13039 = DEFINITIONAL_REPRESENTATION('',(#13040),#13044);
#13040 = LINE('',#13041,#13042);
#13041 = CARTESIAN_POINT('',(6.28318530718,0.));
#13042 = VECTOR('',#13043,1.);
#13043 = DIRECTION('',(0.,-1.));
#13044 = ( GEOMETRIC_REPRESENTATION_CONTEXT(2) 
PARAMETRIC_REPRESENTATION_CONTEXT() REPRESENTATION_CONTEXT('2D SPACE',''
  ) );
#13045 = PCURVE('',#10800,#13046);
#13046 = DEFINITIONAL_REPRESENTATION('',(#13047),#13051);
#13047 = LINE('',#13048,#13049);
#13048 = CARTESIAN_POINT('',(-17.63619941796,134.21482413198));
#13049 = VECTOR('',#13050,1.);
#13050 = DIRECTION('',(4.E-15,-1.));
#13051 = ( GEOMETRIC_REPRESENTATION_CONTEXT(2) 
PARAMETRIC_REPRESENTATION_CONTEXT() REPRESENTATION_CONTEXT('2D SPACE',''
  ) );
#13052 = ORIENTED_EDGE('',*,*,#10755,.T.);
#13053 = ORIENTED_EDGE('',*,*,#12898,.T.);
#13054 = ORIENTED_EDGE('',*,*,#11887,.T.);
#13055 = ADVANCED_FACE('',(#13056),#10800,.F.);
#13056 = FACE_BOUND('',#13057,.F.);
#13057 = EDGE_LOOP('',(#13058,#13059,#13060,#13061));
#13058 = ORIENTED_EDGE('',*,*,#13007,.T.);
#13059 = ORIENTED_EDGE('',*,*,#11864,.T.);
#13060 = ORIENTED_EDGE('',*,*,#13032,.F.);
#13061 = ORIENTED_EDGE('',*,*,#10786,.F.);
#13062 = ADVANCED_FACE('',(#13063),#11373,.T.);
#13063 = FACE_BOUND('',#13064,.F.);
#13064 = EDGE_LOOP('',(#13065,#13066,#13067,#13068));
#13065 = ORIENTED_EDGE('',*,*,#12681,.T.);
#13066 = ORIENTED_EDGE('',*,*,#11452,.T.);
#13067 = ORIENTED_EDGE('',*,*,#11353,.F.);
#13068 = ORIENTED_EDGE('',*,*,#11553,.F.);
#13069 = ADVANCED_FACE('',(#13070),#11498,.T.);
#13070 = FACE_BOUND('',#13071,.T.);
#13071 = EDGE_LOOP('',(#13072,#13073,#13074,#13075));
#13072 = ORIENTED_EDGE('',*,*,#12871,.T.);
#13073 = ORIENTED_EDGE('',*,*,#12473,.T.);
#13074 = ORIENTED_EDGE('',*,*,#11478,.F.);
#13075 = ORIENTED_EDGE('',*,*,#11961,.F.);
#13076 = ADVANCED_FACE('',(#13077,#13223),#12096,.F.);
#13077 = FACE_BOUND('',#13078,.T.);
#13078 = EDGE_LOOP('',(#13079,#13107,#13108,#13136,#13164,#13197));
#13079 = ORIENTED_EDGE('',*,*,#13080,.F.);
#13080 = EDGE_CURVE('',#12079,#13081,#13083,.T.);
#13081 = VERTEX_POINT('',#13082);
#13082 = CARTESIAN_POINT('',(-10.46,0.868849121247,115.90414481512));
#13083 = SURFACE_CURVE('',#13084,(#13089,#13100),.PCURVE_S1.);
#13084 = CIRCLE('',#13085,2.);
#13085 = AXIS2_PLACEMENT_3D('',#13086,#13087,#13088);
#13086 = CARTESIAN_POINT('',(-10.46,2.,117.55353794276));
#13087 = DIRECTION('',(1.,1.11E-15,1.55E-15));
#13088 = DIRECTION('',(-1.11E-15,1.,-1.78E-15));
#13089 = PCURVE('',#12096,#13090);
#13090 = DEFINITIONAL_REPRESENTATION('',(#13091),#13099);
#13091 = ( BOUNDED_CURVE() B_SPLINE_CURVE(2,(#13092,#13093,#13094,#13095
    ,#13096,#13097,#13098),.UNSPECIFIED.,.T.,.F.) 
B_SPLINE_CURVE_WITH_KNOTS((1,2,2,2,2,1),(-2.094395102393,0.,
    2.094395102393,4.188790204786,6.28318530718,8.377580409573),
.UNSPECIFIED.) CURVE() GEOMETRIC_REPRESENTATION_ITEM() 
RATIONAL_B_SPLINE_CURVE((1.,0.5,1.,0.5,1.,0.5,1.)) REPRESENTATION_ITEM(
  '') );
#13092 = CARTESIAN_POINT('',(3.368193053356,18.508609423372));
#13093 = CARTESIAN_POINT('',(3.368193053356,21.972711038509));
#13094 = CARTESIAN_POINT('',(6.368193053356,20.240660230941));
#13095 = CARTESIAN_POINT('',(9.368193053356,18.508609423372));
#13096 = CARTESIAN_POINT('',(6.368193053356,16.776558615803));
#13097 = CARTESIAN_POINT('',(3.368193053356,15.044507808234));
#13098 = CARTESIAN_POINT('',(3.368193053356,18.508609423372));
#13099 = ( GEOMETRIC_REPRESENTATION_CONTEXT(2) 
PARAMETRIC_REPRESENTATION_CONTEXT() REPRESENTATION_CONTEXT('2D SPACE',''
  ) );
#13100 = PCURVE('',#12124,#13101);
#13101 = DEFINITIONAL_REPRESENTATION('',(#13102),#13106);
#13102 = LINE('',#13103,#13104);
#13103 = CARTESIAN_POINT('',(0.,0.));
#13104 = VECTOR('',#13105,1.);
#13105 = DIRECTION('',(1.,0.));
#13106 = ( GEOMETRIC_REPRESENTATION_CONTEXT(2) 
PARAMETRIC_REPRESENTATION_CONTEXT() REPRESENTATION_CONTEXT('2D SPACE',''
  ) );
#13107 = ORIENTED_EDGE('',*,*,#12078,.T.);
#13108 = ORIENTED_EDGE('',*,*,#13109,.F.);
#13109 = EDGE_CURVE('',#13110,#12081,#13112,.T.);
#13110 = VERTEX_POINT('',#13111);
#13111 = CARTESIAN_POINT('',(-10.46,8.,89.600000000001));
#13112 = SURFACE_CURVE('',#13113,(#13118,#13129),.PCURVE_S1.);
#13113 = CIRCLE('',#13114,8.);
#13114 = AXIS2_PLACEMENT_3D('',#13115,#13116,#13117);
#13115 = CARTESIAN_POINT('',(-10.46,8.,81.600000000001));
#13116 = DIRECTION('',(1.,1.11E-15,1.55E-15));
#13117 = DIRECTION('',(-1.11E-15,1.,-1.78E-15));
#13118 = PCURVE('',#12096,#13119);
#13119 = DEFINITIONAL_REPRESENTATION('',(#13120),#13128);
#13120 = ( BOUNDED_CURVE() B_SPLINE_CURVE(2,(#13121,#13122,#13123,#13124
    ,#13125,#13126,#13127),.UNSPECIFIED.,.T.,.F.) 
B_SPLINE_CURVE_WITH_KNOTS((1,2,2,2,2,1),(-2.094395102393,0.,
    2.094395102393,4.188790204786,6.28318530718,8.377580409573),
.UNSPECIFIED.) CURVE() GEOMETRIC_REPRESENTATION_ITEM() 
RATIONAL_B_SPLINE_CURVE((1.,0.5,1.,0.5,1.,0.5,1.)) REPRESENTATION_ITEM(
  '') );
#13121 = CARTESIAN_POINT('',(-8.631806946644,-17.44492851938));
#13122 = CARTESIAN_POINT('',(-8.631806946644,-3.588522058837));
#13123 = CARTESIAN_POINT('',(3.368193053356,-10.51672528911));
#13124 = CARTESIAN_POINT('',(15.368193053356,-17.44492851938));
#13125 = CARTESIAN_POINT('',(3.368193053356,-24.37313174966));
#13126 = CARTESIAN_POINT('',(-8.631806946644,-31.30133497993));
#13127 = CARTESIAN_POINT('',(-8.631806946644,-17.44492851938));
#13128 = ( GEOMETRIC_REPRESENTATION_CONTEXT(2) 
PARAMETRIC_REPRESENTATION_CONTEXT() REPRESENTATION_CONTEXT('2D SPACE',''
  ) );
#13129 = PCURVE('',#12178,#13130);
#13130 = DEFINITIONAL_REPRESENTATION('',(#13131),#13135);
#13131 = LINE('',#13132,#13133);
#13132 = CARTESIAN_POINT('',(0.,0.));
#13133 = VECTOR('',#13134,1.);
#13134 = DIRECTION('',(1.,0.));
#13135 = ( GEOMETRIC_REPRESENTATION_CONTEXT(2) 
PARAMETRIC_REPRESENTATION_CONTEXT() REPRESENTATION_CONTEXT('2D SPACE',''
  ) );
#13136 = ORIENTED_EDGE('',*,*,#13137,.T.);
#13137 = EDGE_CURVE('',#13110,#13138,#13140,.T.);
#13138 = VERTEX_POINT('',#13139);
#13139 = CARTESIAN_POINT('',(-10.46,15.35,89.600000000001));
#13140 = SURFACE_CURVE('',#13141,(#13145,#13152),.PCURVE_S1.);
#13141 = LINE('',#13142,#13143);
#13142 = CARTESIAN_POINT('',(-10.46,8.,89.600000000001));
#13143 = VECTOR('',#13144,1.);
#13144 = DIRECTION('',(-1.11E-15,1.,-1.78E-15));
#13145 = PCURVE('',#12096,#13146);
#13146 = DEFINITIONAL_REPRESENTATION('',(#13147),#13151);
#13147 = LINE('',#13148,#13149);
#13148 = CARTESIAN_POINT('',(-0.631806946644,-9.444928519388));
#13149 = VECTOR('',#13150,1.);
#13150 = DIRECTION('',(-1.,-1.183291357832E-30));
#13151 = ( GEOMETRIC_REPRESENTATION_CONTEXT(2) 
PARAMETRIC_REPRESENTATION_CONTEXT() REPRESENTATION_CONTEXT('2D SPACE',''
  ) );
#13152 = PCURVE('',#13153,#13158);
#13153 = PLANE('',#13154);
#13154 = AXIS2_PLACEMENT_3D('',#13155,#13156,#13157);
#13155 = CARTESIAN_POINT('',(-10.46,8.,89.600000000001));
#13156 = DIRECTION('',(-1.72E-15,-4.4E-16,1.));
#13157 = DIRECTION('',(4.4E-16,-1.,-4.4E-16));
#13158 = DEFINITIONAL_REPRESENTATION('',(#13159),#13163);
#13159 = LINE('',#13160,#13161);
#13160 = CARTESIAN_POINT('',(3.730349362741E-14,-1.24344978758E-14));
#13161 = VECTOR('',#13162,1.);
#13162 = DIRECTION('',(-1.,-6.7E-16));
#13163 = ( GEOMETRIC_REPRESENTATION_CONTEXT(2) 
PARAMETRIC_REPRESENTATION_CONTEXT() REPRESENTATION_CONTEXT('2D SPACE',''
  ) );
#13164 = ORIENTED_EDGE('',*,*,#13165,.T.);
#13165 = EDGE_CURVE('',#13138,#13166,#13168,.T.);
#13166 = VERTEX_POINT('',#13167);
#13167 = CARTESIAN_POINT('',(-10.46,19.535258251359,103.10275457227));
#13168 = SURFACE_CURVE('',#13169,(#13174,#13185),.PCURVE_S1.);
#13169 = CIRCLE('',#13170,7.4);
#13170 = AXIS2_PLACEMENT_3D('',#13171,#13172,#13173);
#13171 = CARTESIAN_POINT('',(-10.46,15.35,97.));
#13172 = DIRECTION('',(1.,1.11E-15,1.55E-15));
#13173 = DIRECTION('',(-1.11E-15,1.,-1.78E-15));
#13174 = PCURVE('',#12096,#13175);
#13175 = DEFINITIONAL_REPRESENTATION('',(#13176),#13184);
#13176 = ( BOUNDED_CURVE() B_SPLINE_CURVE(2,(#13177,#13178,#13179,#13180
    ,#13181,#13182,#13183),.UNSPECIFIED.,.T.,.F.) 
B_SPLINE_CURVE_WITH_KNOTS((1,2,2,2,2,1),(-2.094395102393,0.,
    2.094395102393,4.188790204786,6.28318530718,8.377580409573),
.UNSPECIFIED.) CURVE() GEOMETRIC_REPRESENTATION_ITEM() 
RATIONAL_B_SPLINE_CURVE((1.,0.5,1.,0.5,1.,0.5,1.)) REPRESENTATION_ITEM(
  '') );
#13177 = CARTESIAN_POINT('',(-15.38180694664,-2.044928519388));
#13178 = CARTESIAN_POINT('',(-15.38180694664,10.772247456621));
#13179 = CARTESIAN_POINT('',(-4.281806946645,4.363659468616));
#13180 = CARTESIAN_POINT('',(6.818193053355,-2.044928519388));
#13181 = CARTESIAN_POINT('',(-4.281806946645,-8.453516507393));
#13182 = CARTESIAN_POINT('',(-15.38180694664,-14.86210449539));
#13183 = CARTESIAN_POINT('',(-15.38180694664,-2.044928519388));
#13184 = ( GEOMETRIC_REPRESENTATION_CONTEXT(2) 
PARAMETRIC_REPRESENTATION_CONTEXT() REPRESENTATION_CONTEXT('2D SPACE',''
  ) );
#13185 = PCURVE('',#13186,#13191);
#13186 = CYLINDRICAL_SURFACE('',#13187,7.4);
#13187 = AXIS2_PLACEMENT_3D('',#13188,#13189,#13190);
#13188 = CARTESIAN_POINT('',(-10.46,15.35,97.));
#13189 = DIRECTION('',(1.,-1.33E-15,-2.2E-16));
#13190 = DIRECTION('',(1.33E-15,1.,-1.78E-15));
#13191 = DEFINITIONAL_REPRESENTATION('',(#13192),#13196);
#13192 = LINE('',#13193,#13194);
#13193 = CARTESIAN_POINT('',(0.,0.));
#13194 = VECTOR('',#13195,1.);
#13195 = DIRECTION('',(1.,0.));
#13196 = ( GEOMETRIC_REPRESENTATION_CONTEXT(2) 
PARAMETRIC_REPRESENTATION_CONTEXT() REPRESENTATION_CONTEXT('2D SPACE',''
  ) );
#13197 = ORIENTED_EDGE('',*,*,#13198,.F.);
#13198 = EDGE_CURVE('',#13081,#13166,#13199,.T.);
#13199 = SURFACE_CURVE('',#13200,(#13204,#13211),.PCURVE_S1.);
#13200 = LINE('',#13201,#13202);
#13201 = CARTESIAN_POINT('',(-10.46,0.868849121247,115.90414481512));
#13202 = VECTOR('',#13203,1.);
#13203 = DIRECTION('',(-4.E-17,0.824696563818,-0.565575439378));
#13204 = PCURVE('',#12096,#13205);
#13205 = DEFINITIONAL_REPRESENTATION('',(#13206),#13210);
#13206 = LINE('',#13207,#13208);
#13207 = CARTESIAN_POINT('',(6.499343932109,16.859216295735));
#13208 = VECTOR('',#13209,1.);
#13209 = DIRECTION('',(-0.824696563818,-0.565575439378));
#13210 = ( GEOMETRIC_REPRESENTATION_CONTEXT(2) 
PARAMETRIC_REPRESENTATION_CONTEXT() REPRESENTATION_CONTEXT('2D SPACE',''
  ) );
#13211 = PCURVE('',#13212,#13217);
#13212 = PLANE('',#13213);
#13213 = AXIS2_PLACEMENT_3D('',#13214,#13215,#13216);
#13214 = CARTESIAN_POINT('',(-10.46,0.868849121247,115.90414481512));
#13215 = DIRECTION('',(-1.8E-15,0.565575439378,0.824696563818));
#13216 = DIRECTION('',(-5.1E-16,-0.824696563818,0.565575439378));
#13217 = DEFINITIONAL_REPRESENTATION('',(#13218),#13222);
#13218 = LINE('',#13219,#13220);
#13219 = CARTESIAN_POINT('',(7.327949619231E-14,-7.105427357601E-15));
#13220 = VECTOR('',#13221,1.);
#13221 = DIRECTION('',(-1.,-5.5E-16));
#13222 = ( GEOMETRIC_REPRESENTATION_CONTEXT(2) 
PARAMETRIC_REPRESENTATION_CONTEXT() REPRESENTATION_CONTEXT('2D SPACE',''
  ) );
#13223 = FACE_BOUND('',#13224,.T.);
#13224 = EDGE_LOOP('',(#13225));
#13225 = ORIENTED_EDGE('',*,*,#13226,.F.);
#13226 = EDGE_CURVE('',#13227,#13227,#13229,.T.);
#13227 = VERTEX_POINT('',#13228);
#13228 = CARTESIAN_POINT('',(-10.46,18.75,97.));
#13229 = SURFACE_CURVE('',#13230,(#13235,#13246),.PCURVE_S1.);
#13230 = CIRCLE('',#13231,3.4);
#13231 = AXIS2_PLACEMENT_3D('',#13232,#13233,#13234);
#13232 = CARTESIAN_POINT('',(-10.46,15.35,97.));
#13233 = DIRECTION('',(1.,1.11E-15,1.55E-15));
#13234 = DIRECTION('',(-1.11E-15,1.,-1.78E-15));
#13235 = PCURVE('',#12096,#13236);
#13236 = DEFINITIONAL_REPRESENTATION('',(#13237),#13245);
#13237 = ( BOUNDED_CURVE() B_SPLINE_CURVE(2,(#13238,#13239,#13240,#13241
    ,#13242,#13243,#13244),.UNSPECIFIED.,.T.,.F.) 
B_SPLINE_CURVE_WITH_KNOTS((1,2,2,2,2,1),(-2.094395102393,0.,
    2.094395102393,4.188790204786,6.28318530718,8.377580409573),
.UNSPECIFIED.) CURVE() GEOMETRIC_REPRESENTATION_ITEM() 
RATIONAL_B_SPLINE_CURVE((1.,0.5,1.,0.5,1.,0.5,1.)) REPRESENTATION_ITEM(
  '') );
#13238 = CARTESIAN_POINT('',(-11.38180694664,-2.044928519388));
#13239 = CARTESIAN_POINT('',(-11.38180694664,3.844044226346));
#13240 = CARTESIAN_POINT('',(-6.281806946644,0.899557853479));
#13241 = CARTESIAN_POINT('',(-1.181806946644,-2.044928519388));
#13242 = CARTESIAN_POINT('',(-6.281806946644,-4.989414892255));
#13243 = CARTESIAN_POINT('',(-11.38180694664,-7.933901265122));
#13244 = CARTESIAN_POINT('',(-11.38180694664,-2.044928519388));
#13245 = ( GEOMETRIC_REPRESENTATION_CONTEXT(2) 
PARAMETRIC_REPRESENTATION_CONTEXT() REPRESENTATION_CONTEXT('2D SPACE',''
  ) );
#13246 = PCURVE('',#13247,#13252);
#13247 = CYLINDRICAL_SURFACE('',#13248,3.4);
#13248 = AXIS2_PLACEMENT_3D('',#13249,#13250,#13251);
#13249 = CARTESIAN_POINT('',(-10.46,15.35,97.));
#13250 = DIRECTION('',(1.,-1.33E-15,-2.2E-16));
#13251 = DIRECTION('',(1.33E-15,1.,-1.78E-15));
#13252 = DEFINITIONAL_REPRESENTATION('',(#13253),#13257);
#13253 = LINE('',#13254,#13255);
#13254 = CARTESIAN_POINT('',(0.,0.));
#13255 = VECTOR('',#13256,1.);
#13256 = DIRECTION('',(1.,0.));
#13257 = ( GEOMETRIC_REPRESENTATION_CONTEXT(2) 
PARAMETRIC_REPRESENTATION_CONTEXT() REPRESENTATION_CONTEXT('2D SPACE',''
  ) );
#13258 = ADVANCED_FACE('',(#13259),#12124,.F.);
#13259 = FACE_BOUND('',#13260,.F.);
#13260 = EDGE_LOOP('',(#13261,#13262,#13290,#13311));
#13261 = ORIENTED_EDGE('',*,*,#12108,.T.);
#13262 = ORIENTED_EDGE('',*,*,#13263,.T.);
#13263 = EDGE_CURVE('',#12109,#13264,#13266,.T.);
#13264 = VERTEX_POINT('',#13265);
#13265 = CARTESIAN_POINT('',(-14.95,0.868849121247,115.90414481512));
#13266 = SURFACE_CURVE('',#13267,(#13272,#13279),.PCURVE_S1.);
#13267 = CIRCLE('',#13268,2.);
#13268 = AXIS2_PLACEMENT_3D('',#13269,#13270,#13271);
#13269 = CARTESIAN_POINT('',(-14.95,2.,117.55353794276));
#13270 = DIRECTION('',(1.,1.11E-15,1.55E-15));
#13271 = DIRECTION('',(-1.11E-15,1.,-1.78E-15));
#13272 = PCURVE('',#12124,#13273);
#13273 = DEFINITIONAL_REPRESENTATION('',(#13274),#13278);
#13274 = LINE('',#13275,#13276);
#13275 = CARTESIAN_POINT('',(0.,-4.49));
#13276 = VECTOR('',#13277,1.);
#13277 = DIRECTION('',(1.,0.));
#13278 = ( GEOMETRIC_REPRESENTATION_CONTEXT(2) 
PARAMETRIC_REPRESENTATION_CONTEXT() REPRESENTATION_CONTEXT('2D SPACE',''
  ) );
#13279 = PCURVE('',#12152,#13280);
#13280 = DEFINITIONAL_REPRESENTATION('',(#13281),#13289);
#13281 = ( BOUNDED_CURVE() B_SPLINE_CURVE(2,(#13282,#13283,#13284,#13285
    ,#13286,#13287,#13288),.UNSPECIFIED.,.T.,.F.) 
B_SPLINE_CURVE_WITH_KNOTS((1,2,2,2,2,1),(-2.094395102393,0.,
    2.094395102393,4.188790204786,6.28318530718,8.377580409573),
.UNSPECIFIED.) CURVE() GEOMETRIC_REPRESENTATION_ITEM() 
RATIONAL_B_SPLINE_CURVE((1.,0.5,1.,0.5,1.,0.5,1.)) REPRESENTATION_ITEM(
  '') );
#13282 = CARTESIAN_POINT('',(3.368193053356,18.508609423372));
#13283 = CARTESIAN_POINT('',(3.368193053356,21.972711038509));
#13284 = CARTESIAN_POINT('',(6.368193053356,20.240660230941));
#13285 = CARTESIAN_POINT('',(9.368193053356,18.508609423372));
#13286 = CARTESIAN_POINT('',(6.368193053356,16.776558615803));
#13287 = CARTESIAN_POINT('',(3.368193053356,15.044507808234));
#13288 = CARTESIAN_POINT('',(3.368193053356,18.508609423372));
#13289 = ( GEOMETRIC_REPRESENTATION_CONTEXT(2) 
PARAMETRIC_REPRESENTATION_CONTEXT() REPRESENTATION_CONTEXT('2D SPACE',''
  ) );
#13290 = ORIENTED_EDGE('',*,*,#13291,.F.);
#13291 = EDGE_CURVE('',#13081,#13264,#13292,.T.);
#13292 = SURFACE_CURVE('',#13293,(#13297,#13304),.PCURVE_S1.);
#13293 = LINE('',#13294,#13295);
#13294 = CARTESIAN_POINT('',(-10.46,0.868849121247,115.90414481512));
#13295 = VECTOR('',#13296,1.);
#13296 = DIRECTION('',(-1.,1.11E-15,6.E-17));
#13297 = PCURVE('',#12124,#13298);
#13298 = DEFINITIONAL_REPRESENTATION('',(#13299),#13303);
#13299 = LINE('',#13300,#13301);
#13300 = CARTESIAN_POINT('',(4.111258134703,0.));
#13301 = VECTOR('',#13302,1.);
#13302 = DIRECTION('',(0.,-1.));
#13303 = ( GEOMETRIC_REPRESENTATION_CONTEXT(2) 
PARAMETRIC_REPRESENTATION_CONTEXT() REPRESENTATION_CONTEXT('2D SPACE',''
  ) );
#13304 = PCURVE('',#13212,#13305);
#13305 = DEFINITIONAL_REPRESENTATION('',(#13306),#13310);
#13306 = LINE('',#13307,#13308);
#13307 = CARTESIAN_POINT('',(-0.,0.));
#13308 = VECTOR('',#13309,1.);
#13309 = DIRECTION('',(-3.71478659475E-16,-1.));
#13310 = ( GEOMETRIC_REPRESENTATION_CONTEXT(2) 
PARAMETRIC_REPRESENTATION_CONTEXT() REPRESENTATION_CONTEXT('2D SPACE',''
  ) );
#13311 = ORIENTED_EDGE('',*,*,#13080,.F.);
#13312 = ADVANCED_FACE('',(#13313),#12178,.F.);
#13313 = FACE_BOUND('',#13314,.F.);
#13314 = EDGE_LOOP('',(#13315,#13338,#13364,#13365));
#13315 = ORIENTED_EDGE('',*,*,#13316,.T.);
#13316 = EDGE_CURVE('',#13110,#13317,#13319,.T.);
#13317 = VERTEX_POINT('',#13318);
#13318 = CARTESIAN_POINT('',(-14.95,8.,89.600000000001));
#13319 = SURFACE_CURVE('',#13320,(#13324,#13331),.PCURVE_S1.);
#13320 = LINE('',#13321,#13322);
#13321 = CARTESIAN_POINT('',(-10.46,8.,89.600000000001));
#13322 = VECTOR('',#13323,1.);
#13323 = DIRECTION('',(-1.,1.11E-15,6.E-17));
#13324 = PCURVE('',#12178,#13325);
#13325 = DEFINITIONAL_REPRESENTATION('',(#13326),#13330);
#13326 = LINE('',#13327,#13328);
#13327 = CARTESIAN_POINT('',(1.570796326795,0.));
#13328 = VECTOR('',#13329,1.);
#13329 = DIRECTION('',(0.,-1.));
#13330 = ( GEOMETRIC_REPRESENTATION_CONTEXT(2) 
PARAMETRIC_REPRESENTATION_CONTEXT() REPRESENTATION_CONTEXT('2D SPACE',''
  ) );
#13331 = PCURVE('',#13153,#13332);
#13332 = DEFINITIONAL_REPRESENTATION('',(#13333),#13337);
#13333 = LINE('',#13334,#13335);
#13334 = CARTESIAN_POINT('',(-0.,0.));
#13335 = VECTOR('',#13336,1.);
#13336 = DIRECTION('',(-1.55E-15,-1.));
#13337 = ( GEOMETRIC_REPRESENTATION_CONTEXT(2) 
PARAMETRIC_REPRESENTATION_CONTEXT() REPRESENTATION_CONTEXT('2D SPACE',''
  ) );
#13338 = ORIENTED_EDGE('',*,*,#13339,.T.);
#13339 = EDGE_CURVE('',#13317,#12137,#13340,.T.);
#13340 = SURFACE_CURVE('',#13341,(#13346,#13353),.PCURVE_S1.);
#13341 = CIRCLE('',#13342,8.);
#13342 = AXIS2_PLACEMENT_3D('',#13343,#13344,#13345);
#13343 = CARTESIAN_POINT('',(-14.95,8.,81.600000000001));
#13344 = DIRECTION('',(1.,1.11E-15,1.55E-15));
#13345 = DIRECTION('',(-1.11E-15,1.,-1.78E-15));
#13346 = PCURVE('',#12178,#13347);
#13347 = DEFINITIONAL_REPRESENTATION('',(#13348),#13352);
#13348 = LINE('',#13349,#13350);
#13349 = CARTESIAN_POINT('',(0.,-4.49));
#13350 = VECTOR('',#13351,1.);
#13351 = DIRECTION('',(1.,0.));
#13352 = ( GEOMETRIC_REPRESENTATION_CONTEXT(2) 
PARAMETRIC_REPRESENTATION_CONTEXT() REPRESENTATION_CONTEXT('2D SPACE',''
  ) );
#13353 = PCURVE('',#12152,#13354);
#13354 = DEFINITIONAL_REPRESENTATION('',(#13355),#13363);
#13355 = ( BOUNDED_CURVE() B_SPLINE_CURVE(2,(#13356,#13357,#13358,#13359
    ,#13360,#13361,#13362),.UNSPECIFIED.,.T.,.F.) 
B_SPLINE_CURVE_WITH_KNOTS((1,2,2,2,2,1),(-2.094395102393,0.,
    2.094395102393,4.188790204786,6.28318530718,8.377580409573),
.UNSPECIFIED.) CURVE() GEOMETRIC_REPRESENTATION_ITEM() 
RATIONAL_B_SPLINE_CURVE((1.,0.5,1.,0.5,1.,0.5,1.)) REPRESENTATION_ITEM(
  '') );
#13356 = CARTESIAN_POINT('',(-8.631806946644,-17.44492851938));
#13357 = CARTESIAN_POINT('',(-8.631806946644,-3.588522058837));
#13358 = CARTESIAN_POINT('',(3.368193053356,-10.51672528911));
#13359 = CARTESIAN_POINT('',(15.368193053356,-17.44492851938));
#13360 = CARTESIAN_POINT('',(3.368193053356,-24.37313174966));
#13361 = CARTESIAN_POINT('',(-8.631806946644,-31.30133497993));
#13362 = CARTESIAN_POINT('',(-8.631806946644,-17.44492851938));
#13363 = ( GEOMETRIC_REPRESENTATION_CONTEXT(2) 
PARAMETRIC_REPRESENTATION_CONTEXT() REPRESENTATION_CONTEXT('2D SPACE',''
  ) );
#13364 = ORIENTED_EDGE('',*,*,#12164,.F.);
#13365 = ORIENTED_EDGE('',*,*,#13109,.F.);
#13366 = ADVANCED_FACE('',(#13367,#13444),#12152,.T.);
#13367 = FACE_BOUND('',#13368,.F.);
#13368 = EDGE_LOOP('',(#13369,#13370,#13371,#13372,#13395,#13423));
#13369 = ORIENTED_EDGE('',*,*,#13263,.F.);
#13370 = ORIENTED_EDGE('',*,*,#12136,.T.);
#13371 = ORIENTED_EDGE('',*,*,#13339,.F.);
#13372 = ORIENTED_EDGE('',*,*,#13373,.T.);
#13373 = EDGE_CURVE('',#13317,#13374,#13376,.T.);
#13374 = VERTEX_POINT('',#13375);
#13375 = CARTESIAN_POINT('',(-14.95,15.35,89.600000000001));
#13376 = SURFACE_CURVE('',#13377,(#13381,#13388),.PCURVE_S1.);
#13377 = LINE('',#13378,#13379);
#13378 = CARTESIAN_POINT('',(-14.95,8.,89.600000000001));
#13379 = VECTOR('',#13380,1.);
#13380 = DIRECTION('',(-1.11E-15,1.,-1.78E-15));
#13381 = PCURVE('',#12152,#13382);
#13382 = DEFINITIONAL_REPRESENTATION('',(#13383),#13387);
#13383 = LINE('',#13384,#13385);
#13384 = CARTESIAN_POINT('',(-0.631806946644,-9.444928519388));
#13385 = VECTOR('',#13386,1.);
#13386 = DIRECTION('',(-1.,-1.183291357832E-30));
#13387 = ( GEOMETRIC_REPRESENTATION_CONTEXT(2) 
PARAMETRIC_REPRESENTATION_CONTEXT() REPRESENTATION_CONTEXT('2D SPACE',''
  ) );
#13388 = PCURVE('',#13153,#13389);
#13389 = DEFINITIONAL_REPRESENTATION('',(#13390),#13394);
#13390 = LINE('',#13391,#13392);
#13391 = CARTESIAN_POINT('',(2.28933957516E-14,-4.49));
#13392 = VECTOR('',#13393,1.);
#13393 = DIRECTION('',(-1.,-6.7E-16));
#13394 = ( GEOMETRIC_REPRESENTATION_CONTEXT(2) 
PARAMETRIC_REPRESENTATION_CONTEXT() REPRESENTATION_CONTEXT('2D SPACE',''
  ) );
#13395 = ORIENTED_EDGE('',*,*,#13396,.T.);
#13396 = EDGE_CURVE('',#13374,#13397,#13399,.T.);
#13397 = VERTEX_POINT('',#13398);
#13398 = CARTESIAN_POINT('',(-14.95,19.535258251359,103.10275457227));
#13399 = SURFACE_CURVE('',#13400,(#13405,#13416),.PCURVE_S1.);
#13400 = CIRCLE('',#13401,7.4);
#13401 = AXIS2_PLACEMENT_3D('',#13402,#13403,#13404);
#13402 = CARTESIAN_POINT('',(-14.95,15.35,97.));
#13403 = DIRECTION('',(1.,1.11E-15,1.55E-15));
#13404 = DIRECTION('',(-1.11E-15,1.,-1.78E-15));
#13405 = PCURVE('',#12152,#13406);
#13406 = DEFINITIONAL_REPRESENTATION('',(#13407),#13415);
#13407 = ( BOUNDED_CURVE() B_SPLINE_CURVE(2,(#13408,#13409,#13410,#13411
    ,#13412,#13413,#13414),.UNSPECIFIED.,.T.,.F.) 
B_SPLINE_CURVE_WITH_KNOTS((1,2,2,2,2,1),(-2.094395102393,0.,
    2.094395102393,4.188790204786,6.28318530718,8.377580409573),
.UNSPECIFIED.) CURVE() GEOMETRIC_REPRESENTATION_ITEM() 
RATIONAL_B_SPLINE_CURVE((1.,0.5,1.,0.5,1.,0.5,1.)) REPRESENTATION_ITEM(
  '') );
#13408 = CARTESIAN_POINT('',(-15.38180694664,-2.044928519388));
#13409 = CARTESIAN_POINT('',(-15.38180694664,10.772247456621));
#13410 = CARTESIAN_POINT('',(-4.281806946645,4.363659468616));
#13411 = CARTESIAN_POINT('',(6.818193053355,-2.044928519388));
#13412 = CARTESIAN_POINT('',(-4.281806946645,-8.453516507393));
#13413 = CARTESIAN_POINT('',(-15.38180694664,-14.86210449539));
#13414 = CARTESIAN_POINT('',(-15.38180694664,-2.044928519388));
#13415 = ( GEOMETRIC_REPRESENTATION_CONTEXT(2) 
PARAMETRIC_REPRESENTATION_CONTEXT() REPRESENTATION_CONTEXT('2D SPACE',''
  ) );
#13416 = PCURVE('',#13186,#13417);
#13417 = DEFINITIONAL_REPRESENTATION('',(#13418),#13422);
#13418 = LINE('',#13419,#13420);
#13419 = CARTESIAN_POINT('',(0.,-4.49));
#13420 = VECTOR('',#13421,1.);
#13421 = DIRECTION('',(1.,0.));
#13422 = ( GEOMETRIC_REPRESENTATION_CONTEXT(2) 
PARAMETRIC_REPRESENTATION_CONTEXT() REPRESENTATION_CONTEXT('2D SPACE',''
  ) );
#13423 = ORIENTED_EDGE('',*,*,#13424,.F.);
#13424 = EDGE_CURVE('',#13264,#13397,#13425,.T.);
#13425 = SURFACE_CURVE('',#13426,(#13430,#13437),.PCURVE_S1.);
#13426 = LINE('',#13427,#13428);
#13427 = CARTESIAN_POINT('',(-14.95,0.868849121247,115.90414481512));
#13428 = VECTOR('',#13429,1.);
#13429 = DIRECTION('',(-4.E-17,0.824696563818,-0.565575439378));
#13430 = PCURVE('',#12152,#13431);
#13431 = DEFINITIONAL_REPRESENTATION('',(#13432),#13436);
#13432 = LINE('',#13433,#13434);
#13433 = CARTESIAN_POINT('',(6.499343932109,16.859216295735));
#13434 = VECTOR('',#13435,1.);
#13435 = DIRECTION('',(-0.824696563818,-0.565575439378));
#13436 = ( GEOMETRIC_REPRESENTATION_CONTEXT(2) 
PARAMETRIC_REPRESENTATION_CONTEXT() REPRESENTATION_CONTEXT('2D SPACE',''
  ) );
#13437 = PCURVE('',#13212,#13438);
#13438 = DEFINITIONAL_REPRESENTATION('',(#13439),#13443);
#13439 = LINE('',#13440,#13441);
#13440 = CARTESIAN_POINT('',(6.414437647295E-14,-4.49));
#13441 = VECTOR('',#13442,1.);
#13442 = DIRECTION('',(-1.,-5.5E-16));
#13443 = ( GEOMETRIC_REPRESENTATION_CONTEXT(2) 
PARAMETRIC_REPRESENTATION_CONTEXT() REPRESENTATION_CONTEXT('2D SPACE',''
  ) );
#13444 = FACE_BOUND('',#13445,.F.);
#13445 = EDGE_LOOP('',(#13446));
#13446 = ORIENTED_EDGE('',*,*,#13447,.F.);
#13447 = EDGE_CURVE('',#13448,#13448,#13450,.T.);
#13448 = VERTEX_POINT('',#13449);
#13449 = CARTESIAN_POINT('',(-14.95,18.75,97.));
#13450 = SURFACE_CURVE('',#13451,(#13456,#13467),.PCURVE_S1.);
#13451 = CIRCLE('',#13452,3.4);
#13452 = AXIS2_PLACEMENT_3D('',#13453,#13454,#13455);
#13453 = CARTESIAN_POINT('',(-14.95,15.35,97.));
#13454 = DIRECTION('',(1.,1.11E-15,1.55E-15));
#13455 = DIRECTION('',(-1.11E-15,1.,-1.78E-15));
#13456 = PCURVE('',#12152,#13457);
#13457 = DEFINITIONAL_REPRESENTATION('',(#13458),#13466);
#13458 = ( BOUNDED_CURVE() B_SPLINE_CURVE(2,(#13459,#13460,#13461,#13462
    ,#13463,#13464,#13465),.UNSPECIFIED.,.T.,.F.) 
B_SPLINE_CURVE_WITH_KNOTS((1,2,2,2,2,1),(-2.094395102393,0.,
    2.094395102393,4.188790204786,6.28318530718,8.377580409573),
.UNSPECIFIED.) CURVE() GEOMETRIC_REPRESENTATION_ITEM() 
RATIONAL_B_SPLINE_CURVE((1.,0.5,1.,0.5,1.,0.5,1.)) REPRESENTATION_ITEM(
  '') );
#13459 = CARTESIAN_POINT('',(-11.38180694664,-2.044928519388));
#13460 = CARTESIAN_POINT('',(-11.38180694664,3.844044226346));
#13461 = CARTESIAN_POINT('',(-6.281806946644,0.899557853479));
#13462 = CARTESIAN_POINT('',(-1.181806946644,-2.044928519388));
#13463 = CARTESIAN_POINT('',(-6.281806946644,-4.989414892255));
#13464 = CARTESIAN_POINT('',(-11.38180694664,-7.933901265122));
#13465 = CARTESIAN_POINT('',(-11.38180694664,-2.044928519388));
#13466 = ( GEOMETRIC_REPRESENTATION_CONTEXT(2) 
PARAMETRIC_REPRESENTATION_CONTEXT() REPRESENTATION_CONTEXT('2D SPACE',''
  ) );
#13467 = PCURVE('',#13247,#13468);
#13468 = DEFINITIONAL_REPRESENTATION('',(#13469),#13473);
#13469 = LINE('',#13470,#13471);
#13470 = CARTESIAN_POINT('',(0.,-4.49));
#13471 = VECTOR('',#13472,1.);
#13472 = DIRECTION('',(1.,0.));
#13473 = ( GEOMETRIC_REPRESENTATION_CONTEXT(2) 
PARAMETRIC_REPRESENTATION_CONTEXT() REPRESENTATION_CONTEXT('2D SPACE',''
  ) );
#13474 = ADVANCED_FACE('',(#13475),#12210,.F.);
#13475 = FACE_BOUND('',#13476,.T.);
#13476 = EDGE_LOOP('',(#13477,#13478,#13502,#13530));
#13477 = ORIENTED_EDGE('',*,*,#12192,.T.);
#13478 = ORIENTED_EDGE('',*,*,#13479,.T.);
#13479 = EDGE_CURVE('',#12195,#13480,#13482,.T.);
#13480 = VERTEX_POINT('',#13481);
#13481 = CARTESIAN_POINT('',(14.95,0.868849121247,115.90414481512));
#13482 = SURFACE_CURVE('',#13483,(#13488,#13495),.PCURVE_S1.);
#13483 = CIRCLE('',#13484,2.);
#13484 = AXIS2_PLACEMENT_3D('',#13485,#13486,#13487);
#13485 = CARTESIAN_POINT('',(14.95,2.,117.55353794276));
#13486 = DIRECTION('',(1.,1.22E-15,1.33E-15));
#13487 = DIRECTION('',(-1.22E-15,1.,-1.E-15));
#13488 = PCURVE('',#12210,#13489);
#13489 = DEFINITIONAL_REPRESENTATION('',(#13490),#13494);
#13490 = LINE('',#13491,#13492);
#13491 = CARTESIAN_POINT('',(-0.,-4.49));
#13492 = VECTOR('',#13493,1.);
#13493 = DIRECTION('',(-1.,0.));
#13494 = ( GEOMETRIC_REPRESENTATION_CONTEXT(2) 
PARAMETRIC_REPRESENTATION_CONTEXT() REPRESENTATION_CONTEXT('2D SPACE',''
  ) );
#13495 = PCURVE('',#12292,#13496);
#13496 = DEFINITIONAL_REPRESENTATION('',(#13497),#13501);
#13497 = CIRCLE('',#13498,2.);
#13498 = AXIS2_PLACEMENT_2D('',#13499,#13500);
#13499 = CARTESIAN_POINT('',(-5.368193053356,18.508609423372));
#13500 = DIRECTION('',(1.,-3.944304526105E-31));
#13501 = ( GEOMETRIC_REPRESENTATION_CONTEXT(2) 
PARAMETRIC_REPRESENTATION_CONTEXT() REPRESENTATION_CONTEXT('2D SPACE',''
  ) );
#13502 = ORIENTED_EDGE('',*,*,#13503,.F.);
#13503 = EDGE_CURVE('',#13504,#13480,#13506,.T.);
#13504 = VERTEX_POINT('',#13505);
#13505 = CARTESIAN_POINT('',(10.46,0.868849121247,115.90414481512));
#13506 = SURFACE_CURVE('',#13507,(#13511,#13518),.PCURVE_S1.);
#13507 = LINE('',#13508,#13509);
#13508 = CARTESIAN_POINT('',(10.46,0.868849121247,115.90414481512));
#13509 = VECTOR('',#13510,1.);
#13510 = DIRECTION('',(1.,-7.8E-16,6.E-17));
#13511 = PCURVE('',#12210,#13512);
#13512 = DEFINITIONAL_REPRESENTATION('',(#13513),#13517);
#13513 = LINE('',#13514,#13515);
#13514 = CARTESIAN_POINT('',(-4.111258134703,0.));
#13515 = VECTOR('',#13516,1.);
#13516 = DIRECTION('',(-0.,-1.));
#13517 = ( GEOMETRIC_REPRESENTATION_CONTEXT(2) 
PARAMETRIC_REPRESENTATION_CONTEXT() REPRESENTATION_CONTEXT('2D SPACE',''
  ) );
#13518 = PCURVE('',#13519,#13524);
#13519 = PLANE('',#13520);
#13520 = AXIS2_PLACEMENT_3D('',#13521,#13522,#13523);
#13521 = CARTESIAN_POINT('',(10.46,0.868849121247,115.90414481512));
#13522 = DIRECTION('',(-1.46E-15,0.565575439378,0.824696563818));
#13523 = DIRECTION('',(2.4E-16,0.824696563818,-0.565575439378));
#13524 = DEFINITIONAL_REPRESENTATION('',(#13525),#13529);
#13525 = LINE('',#13526,#13527);
#13526 = CARTESIAN_POINT('',(0.,-0.));
#13527 = VECTOR('',#13528,1.);
#13528 = DIRECTION('',(-4.371978461405E-16,-1.));
#13529 = ( GEOMETRIC_REPRESENTATION_CONTEXT(2) 
PARAMETRIC_REPRESENTATION_CONTEXT() REPRESENTATION_CONTEXT('2D SPACE',''
  ) );
#13530 = ORIENTED_EDGE('',*,*,#13531,.F.);
#13531 = EDGE_CURVE('',#12193,#13504,#13532,.T.);
#13532 = SURFACE_CURVE('',#13533,(#13538,#13545),.PCURVE_S1.);
#13533 = CIRCLE('',#13534,2.);
#13534 = AXIS2_PLACEMENT_3D('',#13535,#13536,#13537);
#13535 = CARTESIAN_POINT('',(10.46,2.,117.55353794276));
#13536 = DIRECTION('',(1.,1.22E-15,1.33E-15));
#13537 = DIRECTION('',(-1.22E-15,1.,-1.E-15));
#13538 = PCURVE('',#12210,#13539);
#13539 = DEFINITIONAL_REPRESENTATION('',(#13540),#13544);
#13540 = LINE('',#13541,#13542);
#13541 = CARTESIAN_POINT('',(-0.,0.));
#13542 = VECTOR('',#13543,1.);
#13543 = DIRECTION('',(-1.,0.));
#13544 = ( GEOMETRIC_REPRESENTATION_CONTEXT(2) 
PARAMETRIC_REPRESENTATION_CONTEXT() REPRESENTATION_CONTEXT('2D SPACE',''
  ) );
#13545 = PCURVE('',#12238,#13546);
#13546 = DEFINITIONAL_REPRESENTATION('',(#13547),#13551);
#13547 = CIRCLE('',#13548,2.);
#13548 = AXIS2_PLACEMENT_2D('',#13549,#13550);
#13549 = CARTESIAN_POINT('',(-5.368193053356,18.508609423372));
#13550 = DIRECTION('',(1.,-3.944304526105E-31));
#13551 = ( GEOMETRIC_REPRESENTATION_CONTEXT(2) 
PARAMETRIC_REPRESENTATION_CONTEXT() REPRESENTATION_CONTEXT('2D SPACE',''
  ) );
#13552 = ADVANCED_FACE('',(#13553,#13659),#12238,.F.);
#13553 = FACE_BOUND('',#13554,.F.);
#13554 = EDGE_LOOP('',(#13555,#13556,#13557,#13581,#13609,#13638));
#13555 = ORIENTED_EDGE('',*,*,#13531,.F.);
#13556 = ORIENTED_EDGE('',*,*,#12222,.T.);
#13557 = ORIENTED_EDGE('',*,*,#13558,.F.);
#13558 = EDGE_CURVE('',#13559,#12223,#13561,.T.);
#13559 = VERTEX_POINT('',#13560);
#13560 = CARTESIAN_POINT('',(10.46,8.,89.600000000001));
#13561 = SURFACE_CURVE('',#13562,(#13567,#13574),.PCURVE_S1.);
#13562 = CIRCLE('',#13563,8.);
#13563 = AXIS2_PLACEMENT_3D('',#13564,#13565,#13566);
#13564 = CARTESIAN_POINT('',(10.46,8.,81.600000000001));
#13565 = DIRECTION('',(1.,1.22E-15,1.33E-15));
#13566 = DIRECTION('',(-1.22E-15,1.,-1.E-15));
#13567 = PCURVE('',#12238,#13568);
#13568 = DEFINITIONAL_REPRESENTATION('',(#13569),#13573);
#13569 = CIRCLE('',#13570,8.);
#13570 = AXIS2_PLACEMENT_2D('',#13571,#13572);
#13571 = CARTESIAN_POINT('',(0.631806946644,-17.44492851938));
#13572 = DIRECTION('',(1.,-3.944304526105E-31));
#13573 = ( GEOMETRIC_REPRESENTATION_CONTEXT(2) 
PARAMETRIC_REPRESENTATION_CONTEXT() REPRESENTATION_CONTEXT('2D SPACE',''
  ) );
#13574 = PCURVE('',#12266,#13575);
#13575 = DEFINITIONAL_REPRESENTATION('',(#13576),#13580);
#13576 = LINE('',#13577,#13578);
#13577 = CARTESIAN_POINT('',(-0.,0.));
#13578 = VECTOR('',#13579,1.);
#13579 = DIRECTION('',(-1.,0.));
#13580 = ( GEOMETRIC_REPRESENTATION_CONTEXT(2) 
PARAMETRIC_REPRESENTATION_CONTEXT() REPRESENTATION_CONTEXT('2D SPACE',''
  ) );
#13581 = ORIENTED_EDGE('',*,*,#13582,.T.);
#13582 = EDGE_CURVE('',#13559,#13583,#13585,.T.);
#13583 = VERTEX_POINT('',#13584);
#13584 = CARTESIAN_POINT('',(10.46,15.35,89.600000000001));
#13585 = SURFACE_CURVE('',#13586,(#13590,#13597),.PCURVE_S1.);
#13586 = LINE('',#13587,#13588);
#13587 = CARTESIAN_POINT('',(10.46,8.,89.600000000001));
#13588 = VECTOR('',#13589,1.);
#13589 = DIRECTION('',(-1.22E-15,1.,-1.E-15));
#13590 = PCURVE('',#12238,#13591);
#13591 = DEFINITIONAL_REPRESENTATION('',(#13592),#13596);
#13592 = LINE('',#13593,#13594);
#13593 = CARTESIAN_POINT('',(0.631806946644,-9.444928519388));
#13594 = VECTOR('',#13595,1.);
#13595 = DIRECTION('',(1.,-3.944304526105E-31));
#13596 = ( GEOMETRIC_REPRESENTATION_CONTEXT(2) 
PARAMETRIC_REPRESENTATION_CONTEXT() REPRESENTATION_CONTEXT('2D SPACE',''
  ) );
#13597 = PCURVE('',#13598,#13603);
#13598 = PLANE('',#13599);
#13599 = AXIS2_PLACEMENT_3D('',#13600,#13601,#13602);
#13600 = CARTESIAN_POINT('',(10.46,8.,89.600000000001));
#13601 = DIRECTION('',(-1.39E-15,-1.1E-16,1.));
#13602 = DIRECTION('',(-7.8E-16,1.,1.1E-16));
#13603 = DEFINITIONAL_REPRESENTATION('',(#13604),#13608);
#13604 = LINE('',#13605,#13606);
#13605 = CARTESIAN_POINT('',(-2.30926389122E-14,-2.48689957516E-14));
#13606 = VECTOR('',#13607,1.);
#13607 = DIRECTION('',(1.,4.4E-16));
#13608 = ( GEOMETRIC_REPRESENTATION_CONTEXT(2) 
PARAMETRIC_REPRESENTATION_CONTEXT() REPRESENTATION_CONTEXT('2D SPACE',''
  ) );
#13609 = ORIENTED_EDGE('',*,*,#13610,.T.);
#13610 = EDGE_CURVE('',#13583,#13611,#13613,.T.);
#13611 = VERTEX_POINT('',#13612);
#13612 = CARTESIAN_POINT('',(10.46,19.535258251359,103.10275457227));
#13613 = SURFACE_CURVE('',#13614,(#13619,#13626),.PCURVE_S1.);
#13614 = CIRCLE('',#13615,7.4);
#13615 = AXIS2_PLACEMENT_3D('',#13616,#13617,#13618);
#13616 = CARTESIAN_POINT('',(10.46,15.35,97.));
#13617 = DIRECTION('',(1.,1.22E-15,1.33E-15));
#13618 = DIRECTION('',(-1.22E-15,1.,-1.E-15));
#13619 = PCURVE('',#12238,#13620);
#13620 = DEFINITIONAL_REPRESENTATION('',(#13621),#13625);
#13621 = CIRCLE('',#13622,7.399999999999);
#13622 = AXIS2_PLACEMENT_2D('',#13623,#13624);
#13623 = CARTESIAN_POINT('',(7.981806946644,-2.044928519388));
#13624 = DIRECTION('',(1.,-3.944304526105E-31));
#13625 = ( GEOMETRIC_REPRESENTATION_CONTEXT(2) 
PARAMETRIC_REPRESENTATION_CONTEXT() REPRESENTATION_CONTEXT('2D SPACE',''
  ) );
#13626 = PCURVE('',#13627,#13632);
#13627 = CYLINDRICAL_SURFACE('',#13628,7.4);
#13628 = AXIS2_PLACEMENT_3D('',#13629,#13630,#13631);
#13629 = CARTESIAN_POINT('',(10.46,15.35,97.));
#13630 = DIRECTION('',(-1.,5.6E-16,-2.2E-16));
#13631 = DIRECTION('',(5.6E-16,1.,-1.22E-15));
#13632 = DEFINITIONAL_REPRESENTATION('',(#13633),#13637);
#13633 = LINE('',#13634,#13635);
#13634 = CARTESIAN_POINT('',(-0.,0.));
#13635 = VECTOR('',#13636,1.);
#13636 = DIRECTION('',(-1.,0.));
#13637 = ( GEOMETRIC_REPRESENTATION_CONTEXT(2) 
PARAMETRIC_REPRESENTATION_CONTEXT() REPRESENTATION_CONTEXT('2D SPACE',''
  ) );
#13638 = ORIENTED_EDGE('',*,*,#13639,.F.);
#13639 = EDGE_CURVE('',#13504,#13611,#13640,.T.);
#13640 = SURFACE_CURVE('',#13641,(#13645,#13652),.PCURVE_S1.);
#13641 = LINE('',#13642,#13643);
#13642 = CARTESIAN_POINT('',(10.46,0.868849121247,115.90414481512));
#13643 = VECTOR('',#13644,1.);
#13644 = DIRECTION('',(-2.5E-16,0.824696563818,-0.565575439378));
#13645 = PCURVE('',#12238,#13646);
#13646 = DEFINITIONAL_REPRESENTATION('',(#13647),#13651);
#13647 = LINE('',#13648,#13649);
#13648 = CARTESIAN_POINT('',(-6.499343932109,16.859216295735));
#13649 = VECTOR('',#13650,1.);
#13650 = DIRECTION('',(0.824696563818,-0.565575439378));
#13651 = ( GEOMETRIC_REPRESENTATION_CONTEXT(2) 
PARAMETRIC_REPRESENTATION_CONTEXT() REPRESENTATION_CONTEXT('2D SPACE',''
  ) );
#13652 = PCURVE('',#13519,#13653);
#13653 = DEFINITIONAL_REPRESENTATION('',(#13654),#13658);
#13654 = LINE('',#13655,#13656);
#13655 = CARTESIAN_POINT('',(-2.369402103999E-14,-3.37507799486E-14));
#13656 = VECTOR('',#13657,1.);
#13657 = DIRECTION('',(1.,4.9E-16));
#13658 = ( GEOMETRIC_REPRESENTATION_CONTEXT(2) 
PARAMETRIC_REPRESENTATION_CONTEXT() REPRESENTATION_CONTEXT('2D SPACE',''
  ) );
#13659 = FACE_BOUND('',#13660,.F.);
#13660 = EDGE_LOOP('',(#13661));
#13661 = ORIENTED_EDGE('',*,*,#13662,.F.);
#13662 = EDGE_CURVE('',#13663,#13663,#13665,.T.);
#13663 = VERTEX_POINT('',#13664);
#13664 = CARTESIAN_POINT('',(10.46,18.75,97.));
#13665 = SURFACE_CURVE('',#13666,(#13671,#13678),.PCURVE_S1.);
#13666 = CIRCLE('',#13667,3.4);
#13667 = AXIS2_PLACEMENT_3D('',#13668,#13669,#13670);
#13668 = CARTESIAN_POINT('',(10.46,15.35,97.));
#13669 = DIRECTION('',(1.,1.22E-15,1.33E-15));
#13670 = DIRECTION('',(-1.22E-15,1.,-1.E-15));
#13671 = PCURVE('',#12238,#13672);
#13672 = DEFINITIONAL_REPRESENTATION('',(#13673),#13677);
#13673 = CIRCLE('',#13674,3.4);
#13674 = AXIS2_PLACEMENT_2D('',#13675,#13676);
#13675 = CARTESIAN_POINT('',(7.981806946644,-2.044928519388));
#13676 = DIRECTION('',(1.,-3.944304526105E-31));
#13677 = ( GEOMETRIC_REPRESENTATION_CONTEXT(2) 
PARAMETRIC_REPRESENTATION_CONTEXT() REPRESENTATION_CONTEXT('2D SPACE',''
  ) );
#13678 = PCURVE('',#13679,#13684);
#13679 = CYLINDRICAL_SURFACE('',#13680,3.4);
#13680 = AXIS2_PLACEMENT_3D('',#13681,#13682,#13683);
#13681 = CARTESIAN_POINT('',(10.46,15.35,97.));
#13682 = DIRECTION('',(-1.,5.6E-16,-2.2E-16));
#13683 = DIRECTION('',(5.6E-16,1.,-1.22E-15));
#13684 = DEFINITIONAL_REPRESENTATION('',(#13685),#13689);
#13685 = LINE('',#13686,#13687);
#13686 = CARTESIAN_POINT('',(-0.,0.));
#13687 = VECTOR('',#13688,1.);
#13688 = DIRECTION('',(-1.,0.));
#13689 = ( GEOMETRIC_REPRESENTATION_CONTEXT(2) 
PARAMETRIC_REPRESENTATION_CONTEXT() REPRESENTATION_CONTEXT('2D SPACE',''
  ) );
#13690 = ADVANCED_FACE('',(#13691,#13787),#12292,.T.);
#13691 = FACE_BOUND('',#13692,.T.);
#13692 = EDGE_LOOP('',(#13693,#13694,#13695,#13719,#13742,#13766));
#13693 = ORIENTED_EDGE('',*,*,#13479,.F.);
#13694 = ORIENTED_EDGE('',*,*,#12278,.T.);
#13695 = ORIENTED_EDGE('',*,*,#13696,.F.);
#13696 = EDGE_CURVE('',#13697,#12251,#13699,.T.);
#13697 = VERTEX_POINT('',#13698);
#13698 = CARTESIAN_POINT('',(14.95,8.,89.600000000001));
#13699 = SURFACE_CURVE('',#13700,(#13705,#13712),.PCURVE_S1.);
#13700 = CIRCLE('',#13701,8.);
#13701 = AXIS2_PLACEMENT_3D('',#13702,#13703,#13704);
#13702 = CARTESIAN_POINT('',(14.95,8.,81.600000000001));
#13703 = DIRECTION('',(1.,1.22E-15,1.33E-15));
#13704 = DIRECTION('',(-1.22E-15,1.,-1.E-15));
#13705 = PCURVE('',#12292,#13706);
#13706 = DEFINITIONAL_REPRESENTATION('',(#13707),#13711);
#13707 = CIRCLE('',#13708,8.);
#13708 = AXIS2_PLACEMENT_2D('',#13709,#13710);
#13709 = CARTESIAN_POINT('',(0.631806946644,-17.44492851938));
#13710 = DIRECTION('',(1.,-3.944304526105E-31));
#13711 = ( GEOMETRIC_REPRESENTATION_CONTEXT(2) 
PARAMETRIC_REPRESENTATION_CONTEXT() REPRESENTATION_CONTEXT('2D SPACE',''
  ) );
#13712 = PCURVE('',#12266,#13713);
#13713 = DEFINITIONAL_REPRESENTATION('',(#13714),#13718);
#13714 = LINE('',#13715,#13716);
#13715 = CARTESIAN_POINT('',(-0.,-4.49));
#13716 = VECTOR('',#13717,1.);
#13717 = DIRECTION('',(-1.,0.));
#13718 = ( GEOMETRIC_REPRESENTATION_CONTEXT(2) 
PARAMETRIC_REPRESENTATION_CONTEXT() REPRESENTATION_CONTEXT('2D SPACE',''
  ) );
#13719 = ORIENTED_EDGE('',*,*,#13720,.T.);
#13720 = EDGE_CURVE('',#13697,#13721,#13723,.T.);
#13721 = VERTEX_POINT('',#13722);
#13722 = CARTESIAN_POINT('',(14.95,15.35,89.600000000001));
#13723 = SURFACE_CURVE('',#13724,(#13728,#13735),.PCURVE_S1.);
#13724 = LINE('',#13725,#13726);
#13725 = CARTESIAN_POINT('',(14.95,8.,89.600000000001));
#13726 = VECTOR('',#13727,1.);
#13727 = DIRECTION('',(-1.22E-15,1.,-1.E-15));
#13728 = PCURVE('',#12292,#13729);
#13729 = DEFINITIONAL_REPRESENTATION('',(#13730),#13734);
#13730 = LINE('',#13731,#13732);
#13731 = CARTESIAN_POINT('',(0.631806946644,-9.444928519388));
#13732 = VECTOR('',#13733,1.);
#13733 = DIRECTION('',(1.,-3.944304526105E-31));
#13734 = ( GEOMETRIC_REPRESENTATION_CONTEXT(2) 
PARAMETRIC_REPRESENTATION_CONTEXT() REPRESENTATION_CONTEXT('2D SPACE',''
  ) );
#13735 = PCURVE('',#13598,#13736);
#13736 = DEFINITIONAL_REPRESENTATION('',(#13737),#13741);
#13737 = LINE('',#13738,#13739);
#13738 = CARTESIAN_POINT('',(-2.48184820728E-14,-4.49));
#13739 = VECTOR('',#13740,1.);
#13740 = DIRECTION('',(1.,4.4E-16));
#13741 = ( GEOMETRIC_REPRESENTATION_CONTEXT(2) 
PARAMETRIC_REPRESENTATION_CONTEXT() REPRESENTATION_CONTEXT('2D SPACE',''
  ) );
#13742 = ORIENTED_EDGE('',*,*,#13743,.T.);
#13743 = EDGE_CURVE('',#13721,#13744,#13746,.T.);
#13744 = VERTEX_POINT('',#13745);
#13745 = CARTESIAN_POINT('',(14.95,19.535258251359,103.10275457227));
#13746 = SURFACE_CURVE('',#13747,(#13752,#13759),.PCURVE_S1.);
#13747 = CIRCLE('',#13748,7.4);
#13748 = AXIS2_PLACEMENT_3D('',#13749,#13750,#13751);
#13749 = CARTESIAN_POINT('',(14.95,15.35,97.));
#13750 = DIRECTION('',(1.,1.22E-15,1.33E-15));
#13751 = DIRECTION('',(-1.22E-15,1.,-1.E-15));
#13752 = PCURVE('',#12292,#13753);
#13753 = DEFINITIONAL_REPRESENTATION('',(#13754),#13758);
#13754 = CIRCLE('',#13755,7.4);
#13755 = AXIS2_PLACEMENT_2D('',#13756,#13757);
#13756 = CARTESIAN_POINT('',(7.981806946644,-2.044928519388));
#13757 = DIRECTION('',(1.,-3.944304526105E-31));
#13758 = ( GEOMETRIC_REPRESENTATION_CONTEXT(2) 
PARAMETRIC_REPRESENTATION_CONTEXT() REPRESENTATION_CONTEXT('2D SPACE',''
  ) );
#13759 = PCURVE('',#13627,#13760);
#13760 = DEFINITIONAL_REPRESENTATION('',(#13761),#13765);
#13761 = LINE('',#13762,#13763);
#13762 = CARTESIAN_POINT('',(-0.,-4.49));
#13763 = VECTOR('',#13764,1.);
#13764 = DIRECTION('',(-1.,0.));
#13765 = ( GEOMETRIC_REPRESENTATION_CONTEXT(2) 
PARAMETRIC_REPRESENTATION_CONTEXT() REPRESENTATION_CONTEXT('2D SPACE',''
  ) );
#13766 = ORIENTED_EDGE('',*,*,#13767,.F.);
#13767 = EDGE_CURVE('',#13480,#13744,#13768,.T.);
#13768 = SURFACE_CURVE('',#13769,(#13773,#13780),.PCURVE_S1.);
#13769 = LINE('',#13770,#13771);
#13770 = CARTESIAN_POINT('',(14.95,0.868849121247,115.90414481512));
#13771 = VECTOR('',#13772,1.);
#13772 = DIRECTION('',(-2.5E-16,0.824696563818,-0.565575439378));
#13773 = PCURVE('',#12292,#13774);
#13774 = DEFINITIONAL_REPRESENTATION('',(#13775),#13779);
#13775 = LINE('',#13776,#13777);
#13776 = CARTESIAN_POINT('',(-6.499343932109,16.859216295735));
#13777 = VECTOR('',#13778,1.);
#13778 = DIRECTION('',(0.824696563818,-0.565575439378));
#13779 = ( GEOMETRIC_REPRESENTATION_CONTEXT(2) 
PARAMETRIC_REPRESENTATION_CONTEXT() REPRESENTATION_CONTEXT('2D SPACE',''
  ) );
#13780 = PCURVE('',#13519,#13781);
#13781 = DEFINITIONAL_REPRESENTATION('',(#13782),#13786);
#13782 = LINE('',#13783,#13784);
#13783 = CARTESIAN_POINT('',(-1.822155489528E-14,-4.49));
#13784 = VECTOR('',#13785,1.);
#13785 = DIRECTION('',(1.,4.9E-16));
#13786 = ( GEOMETRIC_REPRESENTATION_CONTEXT(2) 
PARAMETRIC_REPRESENTATION_CONTEXT() REPRESENTATION_CONTEXT('2D SPACE',''
  ) );
#13787 = FACE_BOUND('',#13788,.T.);
#13788 = EDGE_LOOP('',(#13789));
#13789 = ORIENTED_EDGE('',*,*,#13790,.F.);
#13790 = EDGE_CURVE('',#13791,#13791,#13793,.T.);
#13791 = VERTEX_POINT('',#13792);
#13792 = CARTESIAN_POINT('',(14.95,18.75,97.));
#13793 = SURFACE_CURVE('',#13794,(#13799,#13806),.PCURVE_S1.);
#13794 = CIRCLE('',#13795,3.4);
#13795 = AXIS2_PLACEMENT_3D('',#13796,#13797,#13798);
#13796 = CARTESIAN_POINT('',(14.95,15.35,97.));
#13797 = DIRECTION('',(1.,1.22E-15,1.33E-15));
#13798 = DIRECTION('',(-1.22E-15,1.,-1.E-15));
#13799 = PCURVE('',#12292,#13800);
#13800 = DEFINITIONAL_REPRESENTATION('',(#13801),#13805);
#13801 = CIRCLE('',#13802,3.4);
#13802 = AXIS2_PLACEMENT_2D('',#13803,#13804);
#13803 = CARTESIAN_POINT('',(7.981806946644,-2.044928519388));
#13804 = DIRECTION('',(1.,-3.944304526105E-31));
#13805 = ( GEOMETRIC_REPRESENTATION_CONTEXT(2) 
PARAMETRIC_REPRESENTATION_CONTEXT() REPRESENTATION_CONTEXT('2D SPACE',''
  ) );
#13806 = PCURVE('',#13679,#13807);
#13807 = DEFINITIONAL_REPRESENTATION('',(#13808),#13812);
#13808 = LINE('',#13809,#13810);
#13809 = CARTESIAN_POINT('',(-0.,-4.49));
#13810 = VECTOR('',#13811,1.);
#13811 = DIRECTION('',(-1.,0.));
#13812 = ( GEOMETRIC_REPRESENTATION_CONTEXT(2) 
PARAMETRIC_REPRESENTATION_CONTEXT() REPRESENTATION_CONTEXT('2D SPACE',''
  ) );
#13813 = ADVANCED_FACE('',(#13814),#12266,.F.);
#13814 = FACE_BOUND('',#13815,.T.);
#13815 = EDGE_LOOP('',(#13816,#13837,#13838,#13839));
#13816 = ORIENTED_EDGE('',*,*,#13817,.T.);
#13817 = EDGE_CURVE('',#13559,#13697,#13818,.T.);
#13818 = SURFACE_CURVE('',#13819,(#13823,#13830),.PCURVE_S1.);
#13819 = LINE('',#13820,#13821);
#13820 = CARTESIAN_POINT('',(10.46,8.,89.600000000001));
#13821 = VECTOR('',#13822,1.);
#13822 = DIRECTION('',(1.,-7.8E-16,6.E-17));
#13823 = PCURVE('',#12266,#13824);
#13824 = DEFINITIONAL_REPRESENTATION('',(#13825),#13829);
#13825 = LINE('',#13826,#13827);
#13826 = CARTESIAN_POINT('',(-1.570796326795,0.));
#13827 = VECTOR('',#13828,1.);
#13828 = DIRECTION('',(-0.,-1.));
#13829 = ( GEOMETRIC_REPRESENTATION_CONTEXT(2) 
PARAMETRIC_REPRESENTATION_CONTEXT() REPRESENTATION_CONTEXT('2D SPACE',''
  ) );
#13830 = PCURVE('',#13598,#13831);
#13831 = DEFINITIONAL_REPRESENTATION('',(#13832),#13836);
#13832 = LINE('',#13833,#13834);
#13833 = CARTESIAN_POINT('',(0.,-0.));
#13834 = VECTOR('',#13835,1.);
#13835 = DIRECTION('',(-1.56E-15,-1.));
#13836 = ( GEOMETRIC_REPRESENTATION_CONTEXT(2) 
PARAMETRIC_REPRESENTATION_CONTEXT() REPRESENTATION_CONTEXT('2D SPACE',''
  ) );
#13837 = ORIENTED_EDGE('',*,*,#13696,.T.);
#13838 = ORIENTED_EDGE('',*,*,#12250,.F.);
#13839 = ORIENTED_EDGE('',*,*,#13558,.F.);
#13840 = ADVANCED_FACE('',(#13841),#12324,.T.);
#13841 = FACE_BOUND('',#13842,.T.);
#13842 = EDGE_LOOP('',(#13843,#13844,#13867,#13895));
#13843 = ORIENTED_EDGE('',*,*,#12306,.T.);
#13844 = ORIENTED_EDGE('',*,*,#13845,.T.);
#13845 = EDGE_CURVE('',#12309,#13846,#13848,.T.);
#13846 = VERTEX_POINT('',#13847);
#13847 = CARTESIAN_POINT('',(5.,1.5,112.5));
#13848 = SURFACE_CURVE('',#13849,(#13853,#13860),.PCURVE_S1.);
#13849 = LINE('',#13850,#13851);
#13850 = CARTESIAN_POINT('',(5.,-3.519E-14,112.5));
#13851 = VECTOR('',#13852,1.);
#13852 = DIRECTION('',(-5.6E-16,1.,-5.6E-16));
#13853 = PCURVE('',#12324,#13854);
#13854 = DEFINITIONAL_REPRESENTATION('',(#13855),#13859);
#13855 = LINE('',#13856,#13857);
#13856 = CARTESIAN_POINT('',(-5.156E-14,-10.));
#13857 = VECTOR('',#13858,1.);
#13858 = DIRECTION('',(1.,4.5E-16));
#13859 = ( GEOMETRIC_REPRESENTATION_CONTEXT(2) 
PARAMETRIC_REPRESENTATION_CONTEXT() REPRESENTATION_CONTEXT('2D SPACE',''
  ) );
#13860 = PCURVE('',#12406,#13861);
#13861 = DEFINITIONAL_REPRESENTATION('',(#13862),#13866);
#13862 = LINE('',#13863,#13864);
#13863 = CARTESIAN_POINT('',(-2.,0.75));
#13864 = VECTOR('',#13865,1.);
#13865 = DIRECTION('',(8.9E-16,-1.));
#13866 = ( GEOMETRIC_REPRESENTATION_CONTEXT(2) 
PARAMETRIC_REPRESENTATION_CONTEXT() REPRESENTATION_CONTEXT('2D SPACE',''
  ) );
#13867 = ORIENTED_EDGE('',*,*,#13868,.F.);
#13868 = EDGE_CURVE('',#13869,#13846,#13871,.T.);
#13869 = VERTEX_POINT('',#13870);
#13870 = CARTESIAN_POINT('',(-5.,1.5,112.5));
#13871 = SURFACE_CURVE('',#13872,(#13876,#13883),.PCURVE_S1.);
#13872 = LINE('',#13873,#13874);
#13873 = CARTESIAN_POINT('',(-5.,1.5,112.5));
#13874 = VECTOR('',#13875,1.);
#13875 = DIRECTION('',(1.,-5.6E-16,2.8E-16));
#13876 = PCURVE('',#12324,#13877);
#13877 = DEFINITIONAL_REPRESENTATION('',(#13878),#13882);
#13878 = LINE('',#13879,#13880);
#13879 = CARTESIAN_POINT('',(1.5,7.231784197001E-16));
#13880 = VECTOR('',#13881,1.);
#13881 = DIRECTION('',(-6.7E-16,-1.));
#13882 = ( GEOMETRIC_REPRESENTATION_CONTEXT(2) 
PARAMETRIC_REPRESENTATION_CONTEXT() REPRESENTATION_CONTEXT('2D SPACE',''
  ) );
#13883 = PCURVE('',#13884,#13889);
#13884 = PLANE('',#13885);
#13885 = AXIS2_PLACEMENT_3D('',#13886,#13887,#13888);
#13886 = CARTESIAN_POINT('',(-5.,1.5,112.5));
#13887 = DIRECTION('',(1.1E-16,1.,-5.6E-16));
#13888 = DIRECTION('',(8.9E-16,-5.6E-16,-1.));
#13889 = DEFINITIONAL_REPRESENTATION('',(#13890),#13894);
#13890 = LINE('',#13891,#13892);
#13891 = CARTESIAN_POINT('',(0.,0.));
#13892 = VECTOR('',#13893,1.);
#13893 = DIRECTION('',(6.1E-16,-1.));
#13894 = ( GEOMETRIC_REPRESENTATION_CONTEXT(2) 
PARAMETRIC_REPRESENTATION_CONTEXT() REPRESENTATION_CONTEXT('2D SPACE',''
  ) );
#13895 = ORIENTED_EDGE('',*,*,#13896,.F.);
#13896 = EDGE_CURVE('',#12307,#13869,#13897,.T.);
#13897 = SURFACE_CURVE('',#13898,(#13902,#13909),.PCURVE_S1.);
#13898 = LINE('',#13899,#13900);
#13899 = CARTESIAN_POINT('',(-5.,-3.875E-14,112.5));
#13900 = VECTOR('',#13901,1.);
#13901 = DIRECTION('',(-5.6E-16,1.,-5.6E-16));
#13902 = PCURVE('',#12324,#13903);
#13903 = DEFINITIONAL_REPRESENTATION('',(#13904),#13908);
#13904 = LINE('',#13905,#13906);
#13905 = CARTESIAN_POINT('',(-5.402E-14,-2.30926389122E-14));
#13906 = VECTOR('',#13907,1.);
#13907 = DIRECTION('',(1.,4.5E-16));
#13908 = ( GEOMETRIC_REPRESENTATION_CONTEXT(2) 
PARAMETRIC_REPRESENTATION_CONTEXT() REPRESENTATION_CONTEXT('2D SPACE',''
  ) );
#13909 = PCURVE('',#12352,#13910);
#13910 = DEFINITIONAL_REPRESENTATION('',(#13911),#13915);
#13911 = LINE('',#13912,#13913);
#13912 = CARTESIAN_POINT('',(-2.,0.75));
#13913 = VECTOR('',#13914,1.);
#13914 = DIRECTION('',(8.9E-16,-1.));
#13915 = ( GEOMETRIC_REPRESENTATION_CONTEXT(2) 
PARAMETRIC_REPRESENTATION_CONTEXT() REPRESENTATION_CONTEXT('2D SPACE',''
  ) );
#13916 = ADVANCED_FACE('',(#13917),#12352,.T.);
#13917 = FACE_BOUND('',#13918,.T.);
#13918 = EDGE_LOOP('',(#13919,#13920,#13943,#13964));
#13919 = ORIENTED_EDGE('',*,*,#13896,.T.);
#13920 = ORIENTED_EDGE('',*,*,#13921,.T.);
#13921 = EDGE_CURVE('',#13869,#13922,#13924,.T.);
#13922 = VERTEX_POINT('',#13923);
#13923 = CARTESIAN_POINT('',(-5.,1.5,108.5));
#13924 = SURFACE_CURVE('',#13925,(#13929,#13936),.PCURVE_S1.);
#13925 = LINE('',#13926,#13927);
#13926 = CARTESIAN_POINT('',(-5.,1.5,112.5));
#13927 = VECTOR('',#13928,1.);
#13928 = DIRECTION('',(6.7E-16,3.3E-16,-1.));
#13929 = PCURVE('',#12352,#13930);
#13930 = DEFINITIONAL_REPRESENTATION('',(#13931),#13935);
#13931 = LINE('',#13932,#13933);
#13932 = CARTESIAN_POINT('',(-2.,-0.75));
#13933 = VECTOR('',#13934,1.);
#13934 = DIRECTION('',(1.,-3.944304526105E-31));
#13935 = ( GEOMETRIC_REPRESENTATION_CONTEXT(2) 
PARAMETRIC_REPRESENTATION_CONTEXT() REPRESENTATION_CONTEXT('2D SPACE',''
  ) );
#13936 = PCURVE('',#13884,#13937);
#13937 = DEFINITIONAL_REPRESENTATION('',(#13938),#13942);
#13938 = LINE('',#13939,#13940);
#13939 = CARTESIAN_POINT('',(-1.42108547152E-14,-2.30926389122E-14));
#13940 = VECTOR('',#13941,1.);
#13941 = DIRECTION('',(1.,2.2E-16));
#13942 = ( GEOMETRIC_REPRESENTATION_CONTEXT(2) 
PARAMETRIC_REPRESENTATION_CONTEXT() REPRESENTATION_CONTEXT('2D SPACE',''
  ) );
#13943 = ORIENTED_EDGE('',*,*,#13944,.T.);
#13944 = EDGE_CURVE('',#13922,#12337,#13945,.T.);
#13945 = SURFACE_CURVE('',#13946,(#13950,#13957),.PCURVE_S1.);
#13946 = LINE('',#13947,#13948);
#13947 = CARTESIAN_POINT('',(-5.,1.5,108.5));
#13948 = VECTOR('',#13949,1.);
#13949 = DIRECTION('',(5.6E-16,-1.,5.6E-16));
#13950 = PCURVE('',#12352,#13951);
#13951 = DEFINITIONAL_REPRESENTATION('',(#13952),#13956);
#13952 = LINE('',#13953,#13954);
#13953 = CARTESIAN_POINT('',(2.,-0.75));
#13954 = VECTOR('',#13955,1.);
#13955 = DIRECTION('',(-8.9E-16,1.));
#13956 = ( GEOMETRIC_REPRESENTATION_CONTEXT(2) 
PARAMETRIC_REPRESENTATION_CONTEXT() REPRESENTATION_CONTEXT('2D SPACE',''
  ) );
#13957 = PCURVE('',#12380,#13958);
#13958 = DEFINITIONAL_REPRESENTATION('',(#13959),#13963);
#13959 = LINE('',#13960,#13961);
#13960 = CARTESIAN_POINT('',(5.240252676231E-14,-2.22044604925E-14));
#13961 = VECTOR('',#13962,1.);
#13962 = DIRECTION('',(1.,-4.5E-16));
#13963 = ( GEOMETRIC_REPRESENTATION_CONTEXT(2) 
PARAMETRIC_REPRESENTATION_CONTEXT() REPRESENTATION_CONTEXT('2D SPACE',''
  ) );
#13964 = ORIENTED_EDGE('',*,*,#12336,.T.);
#13965 = ADVANCED_FACE('',(#13966),#12406,.F.);
#13966 = FACE_BOUND('',#13967,.F.);
#13967 = EDGE_LOOP('',(#13968,#13969,#13992,#14013));
#13968 = ORIENTED_EDGE('',*,*,#13845,.T.);
#13969 = ORIENTED_EDGE('',*,*,#13970,.T.);
#13970 = EDGE_CURVE('',#13846,#13971,#13973,.T.);
#13971 = VERTEX_POINT('',#13972);
#13972 = CARTESIAN_POINT('',(5.,1.5,108.5));
#13973 = SURFACE_CURVE('',#13974,(#13978,#13985),.PCURVE_S1.);
#13974 = LINE('',#13975,#13976);
#13975 = CARTESIAN_POINT('',(5.,1.5,112.5));
#13976 = VECTOR('',#13977,1.);
#13977 = DIRECTION('',(6.7E-16,3.3E-16,-1.));
#13978 = PCURVE('',#12406,#13979);
#13979 = DEFINITIONAL_REPRESENTATION('',(#13980),#13984);
#13980 = LINE('',#13981,#13982);
#13981 = CARTESIAN_POINT('',(-2.,-0.75));
#13982 = VECTOR('',#13983,1.);
#13983 = DIRECTION('',(1.,-3.944304526105E-31));
#13984 = ( GEOMETRIC_REPRESENTATION_CONTEXT(2) 
PARAMETRIC_REPRESENTATION_CONTEXT() REPRESENTATION_CONTEXT('2D SPACE',''
  ) );
#13985 = PCURVE('',#13884,#13986);
#13986 = DEFINITIONAL_REPRESENTATION('',(#13987),#13991);
#13987 = LINE('',#13988,#13989);
#13988 = CARTESIAN_POINT('',(-5.310854715202E-15,-10.));
#13989 = VECTOR('',#13990,1.);
#13990 = DIRECTION('',(1.,2.2E-16));
#13991 = ( GEOMETRIC_REPRESENTATION_CONTEXT(2) 
PARAMETRIC_REPRESENTATION_CONTEXT() REPRESENTATION_CONTEXT('2D SPACE',''
  ) );
#13992 = ORIENTED_EDGE('',*,*,#13993,.T.);
#13993 = EDGE_CURVE('',#13971,#12365,#13994,.T.);
#13994 = SURFACE_CURVE('',#13995,(#13999,#14006),.PCURVE_S1.);
#13995 = LINE('',#13996,#13997);
#13996 = CARTESIAN_POINT('',(5.,1.5,108.5));
#13997 = VECTOR('',#13998,1.);
#13998 = DIRECTION('',(5.6E-16,-1.,5.6E-16));
#13999 = PCURVE('',#12406,#14000);
#14000 = DEFINITIONAL_REPRESENTATION('',(#14001),#14005);
#14001 = LINE('',#14002,#14003);
#14002 = CARTESIAN_POINT('',(2.,-0.75));
#14003 = VECTOR('',#14004,1.);
#14004 = DIRECTION('',(-8.9E-16,1.));
#14005 = ( GEOMETRIC_REPRESENTATION_CONTEXT(2) 
PARAMETRIC_REPRESENTATION_CONTEXT() REPRESENTATION_CONTEXT('2D SPACE',''
  ) );
#14006 = PCURVE('',#12380,#14007);
#14007 = DEFINITIONAL_REPRESENTATION('',(#14008),#14012);
#14008 = LINE('',#14009,#14010);
#14009 = CARTESIAN_POINT('',(4.994981308351E-14,-10.));
#14010 = VECTOR('',#14011,1.);
#14011 = DIRECTION('',(1.,-4.5E-16));
#14012 = ( GEOMETRIC_REPRESENTATION_CONTEXT(2) 
PARAMETRIC_REPRESENTATION_CONTEXT() REPRESENTATION_CONTEXT('2D SPACE',''
  ) );
#14013 = ORIENTED_EDGE('',*,*,#12392,.T.);
#14014 = ADVANCED_FACE('',(#14015),#12380,.T.);
#14015 = FACE_BOUND('',#14016,.T.);
#14016 = EDGE_LOOP('',(#14017,#14038,#14039,#14040));
#14017 = ORIENTED_EDGE('',*,*,#14018,.T.);
#14018 = EDGE_CURVE('',#13922,#13971,#14019,.T.);
#14019 = SURFACE_CURVE('',#14020,(#14024,#14031),.PCURVE_S1.);
#14020 = LINE('',#14021,#14022);
#14021 = CARTESIAN_POINT('',(-5.,1.5,108.5));
#14022 = VECTOR('',#14023,1.);
#14023 = DIRECTION('',(1.,-5.6E-16,2.8E-16));
#14024 = PCURVE('',#12380,#14025);
#14025 = DEFINITIONAL_REPRESENTATION('',(#14026),#14030);
#14026 = LINE('',#14027,#14028);
#14027 = CARTESIAN_POINT('',(0.,-0.));
#14028 = VECTOR('',#14029,1.);
#14029 = DIRECTION('',(6.7E-16,-1.));
#14030 = ( GEOMETRIC_REPRESENTATION_CONTEXT(2) 
PARAMETRIC_REPRESENTATION_CONTEXT() REPRESENTATION_CONTEXT('2D SPACE',''
  ) );
#14031 = PCURVE('',#13884,#14032);
#14032 = DEFINITIONAL_REPRESENTATION('',(#14033),#14037);
#14033 = LINE('',#14034,#14035);
#14034 = CARTESIAN_POINT('',(4.,7.286321199512E-18));
#14035 = VECTOR('',#14036,1.);
#14036 = DIRECTION('',(6.1E-16,-1.));
#14037 = ( GEOMETRIC_REPRESENTATION_CONTEXT(2) 
PARAMETRIC_REPRESENTATION_CONTEXT() REPRESENTATION_CONTEXT('2D SPACE',''
  ) );
#14038 = ORIENTED_EDGE('',*,*,#13993,.T.);
#14039 = ORIENTED_EDGE('',*,*,#12364,.F.);
#14040 = ORIENTED_EDGE('',*,*,#13944,.F.);
#14041 = ADVANCED_FACE('',(#14042),#13153,.F.);
#14042 = FACE_BOUND('',#14043,.T.);
#14043 = EDGE_LOOP('',(#14044,#14045,#14046,#14067));
#14044 = ORIENTED_EDGE('',*,*,#13316,.T.);
#14045 = ORIENTED_EDGE('',*,*,#13373,.T.);
#14046 = ORIENTED_EDGE('',*,*,#14047,.F.);
#14047 = EDGE_CURVE('',#13138,#13374,#14048,.T.);
#14048 = SURFACE_CURVE('',#14049,(#14053,#14060),.PCURVE_S1.);
#14049 = LINE('',#14050,#14051);
#14050 = CARTESIAN_POINT('',(-10.46,15.35,89.600000000001));
#14051 = VECTOR('',#14052,1.);
#14052 = DIRECTION('',(-1.,1.11E-15,6.E-17));
#14053 = PCURVE('',#13153,#14054);
#14054 = DEFINITIONAL_REPRESENTATION('',(#14055),#14059);
#14055 = LINE('',#14056,#14057);
#14056 = CARTESIAN_POINT('',(-7.35,-3.187136788005E-16));
#14057 = VECTOR('',#14058,1.);
#14058 = DIRECTION('',(-1.55E-15,-1.));
#14059 = ( GEOMETRIC_REPRESENTATION_CONTEXT(2) 
PARAMETRIC_REPRESENTATION_CONTEXT() REPRESENTATION_CONTEXT('2D SPACE',''
  ) );
#14060 = PCURVE('',#13186,#14061);
#14061 = DEFINITIONAL_REPRESENTATION('',(#14062),#14066);
#14062 = LINE('',#14063,#14064);
#14063 = CARTESIAN_POINT('',(4.712388980385,0.));
#14064 = VECTOR('',#14065,1.);
#14065 = DIRECTION('',(0.,-1.));
#14066 = ( GEOMETRIC_REPRESENTATION_CONTEXT(2) 
PARAMETRIC_REPRESENTATION_CONTEXT() REPRESENTATION_CONTEXT('2D SPACE',''
  ) );
#14067 = ORIENTED_EDGE('',*,*,#13137,.F.);
#14068 = ADVANCED_FACE('',(#14069),#13186,.T.);
#14069 = FACE_BOUND('',#14070,.T.);
#14070 = EDGE_LOOP('',(#14071,#14072,#14073,#14094));
#14071 = ORIENTED_EDGE('',*,*,#14047,.T.);
#14072 = ORIENTED_EDGE('',*,*,#13396,.T.);
#14073 = ORIENTED_EDGE('',*,*,#14074,.F.);
#14074 = EDGE_CURVE('',#13166,#13397,#14075,.T.);
#14075 = SURFACE_CURVE('',#14076,(#14080,#14087),.PCURVE_S1.);
#14076 = LINE('',#14077,#14078);
#14077 = CARTESIAN_POINT('',(-10.46,19.535258251359,103.10275457227));
#14078 = VECTOR('',#14079,1.);
#14079 = DIRECTION('',(-1.,1.11E-15,6.E-17));
#14080 = PCURVE('',#13186,#14081);
#14081 = DEFINITIONAL_REPRESENTATION('',(#14082),#14086);
#14082 = LINE('',#14083,#14084);
#14083 = CARTESIAN_POINT('',(7.252850788297,0.));
#14084 = VECTOR('',#14085,1.);
#14085 = DIRECTION('',(0.,-1.));
#14086 = ( GEOMETRIC_REPRESENTATION_CONTEXT(2) 
PARAMETRIC_REPRESENTATION_CONTEXT() REPRESENTATION_CONTEXT('2D SPACE',''
  ) );
#14087 = PCURVE('',#13212,#14088);
#14088 = DEFINITIONAL_REPRESENTATION('',(#14089),#14093);
#14089 = LINE('',#14090,#14091);
#14090 = CARTESIAN_POINT('',(-22.63427537966,8.910174321736E-16));
#14091 = VECTOR('',#14092,1.);
#14092 = DIRECTION('',(-3.71478659475E-16,-1.));
#14093 = ( GEOMETRIC_REPRESENTATION_CONTEXT(2) 
PARAMETRIC_REPRESENTATION_CONTEXT() REPRESENTATION_CONTEXT('2D SPACE',''
  ) );
#14094 = ORIENTED_EDGE('',*,*,#13165,.F.);
#14095 = ADVANCED_FACE('',(#14096),#13212,.T.);
#14096 = FACE_BOUND('',#14097,.F.);
#14097 = EDGE_LOOP('',(#14098,#14099,#14100,#14101));
#14098 = ORIENTED_EDGE('',*,*,#13291,.T.);
#14099 = ORIENTED_EDGE('',*,*,#13424,.T.);
#14100 = ORIENTED_EDGE('',*,*,#14074,.F.);
#14101 = ORIENTED_EDGE('',*,*,#13198,.F.);
#14102 = ADVANCED_FACE('',(#14103),#13247,.F.);
#14103 = FACE_BOUND('',#14104,.F.);
#14104 = EDGE_LOOP('',(#14105,#14126,#14127,#14128));
#14105 = ORIENTED_EDGE('',*,*,#14106,.T.);
#14106 = EDGE_CURVE('',#13227,#13448,#14107,.T.);
#14107 = SEAM_CURVE('',#14108,(#14112,#14119),.PCURVE_S1.);
#14108 = LINE('',#14109,#14110);
#14109 = CARTESIAN_POINT('',(-10.46,18.75,97.));
#14110 = VECTOR('',#14111,1.);
#14111 = DIRECTION('',(-1.,1.11E-15,6.E-17));
#14112 = PCURVE('',#13247,#14113);
#14113 = DEFINITIONAL_REPRESENTATION('',(#14114),#14118);
#14114 = LINE('',#14115,#14116);
#14115 = CARTESIAN_POINT('',(0.,0.));
#14116 = VECTOR('',#14117,1.);
#14117 = DIRECTION('',(0.,-1.));
#14118 = ( GEOMETRIC_REPRESENTATION_CONTEXT(2) 
PARAMETRIC_REPRESENTATION_CONTEXT() REPRESENTATION_CONTEXT('2D SPACE',''
  ) );
#14119 = PCURVE('',#13247,#14120);
#14120 = DEFINITIONAL_REPRESENTATION('',(#14121),#14125);
#14121 = LINE('',#14122,#14123);
#14122 = CARTESIAN_POINT('',(6.28318530718,0.));
#14123 = VECTOR('',#14124,1.);
#14124 = DIRECTION('',(0.,-1.));
#14125 = ( GEOMETRIC_REPRESENTATION_CONTEXT(2) 
PARAMETRIC_REPRESENTATION_CONTEXT() REPRESENTATION_CONTEXT('2D SPACE',''
  ) );
#14126 = ORIENTED_EDGE('',*,*,#13447,.T.);
#14127 = ORIENTED_EDGE('',*,*,#14106,.F.);
#14128 = ORIENTED_EDGE('',*,*,#13226,.F.);
#14129 = ADVANCED_FACE('',(#14130),#13519,.T.);
#14130 = FACE_BOUND('',#14131,.T.);
#14131 = EDGE_LOOP('',(#14132,#14133,#14134,#14155));
#14132 = ORIENTED_EDGE('',*,*,#13503,.T.);
#14133 = ORIENTED_EDGE('',*,*,#13767,.T.);
#14134 = ORIENTED_EDGE('',*,*,#14135,.F.);
#14135 = EDGE_CURVE('',#13611,#13744,#14136,.T.);
#14136 = SURFACE_CURVE('',#14137,(#14141,#14148),.PCURVE_S1.);
#14137 = LINE('',#14138,#14139);
#14138 = CARTESIAN_POINT('',(10.46,19.535258251359,103.10275457227));
#14139 = VECTOR('',#14140,1.);
#14140 = DIRECTION('',(1.,-7.8E-16,6.E-17));
#14141 = PCURVE('',#13519,#14142);
#14142 = DEFINITIONAL_REPRESENTATION('',(#14143),#14147);
#14143 = LINE('',#14144,#14145);
#14144 = CARTESIAN_POINT('',(22.634275379663,-1.673201266482E-15));
#14145 = VECTOR('',#14146,1.);
#14146 = DIRECTION('',(-4.371978461405E-16,-1.));
#14147 = ( GEOMETRIC_REPRESENTATION_CONTEXT(2) 
PARAMETRIC_REPRESENTATION_CONTEXT() REPRESENTATION_CONTEXT('2D SPACE',''
  ) );
#14148 = PCURVE('',#13627,#14149);
#14149 = DEFINITIONAL_REPRESENTATION('',(#14150),#14154);
#14150 = LINE('',#14151,#14152);
#14151 = CARTESIAN_POINT('',(-7.252850788297,0.));
#14152 = VECTOR('',#14153,1.);
#14153 = DIRECTION('',(-0.,-1.));
#14154 = ( GEOMETRIC_REPRESENTATION_CONTEXT(2) 
PARAMETRIC_REPRESENTATION_CONTEXT() REPRESENTATION_CONTEXT('2D SPACE',''
  ) );
#14155 = ORIENTED_EDGE('',*,*,#13639,.F.);
#14156 = ADVANCED_FACE('',(#14157),#13598,.F.);
#14157 = FACE_BOUND('',#14158,.F.);
#14158 = EDGE_LOOP('',(#14159,#14160,#14161,#14182));
#14159 = ORIENTED_EDGE('',*,*,#13817,.T.);
#14160 = ORIENTED_EDGE('',*,*,#13720,.T.);
#14161 = ORIENTED_EDGE('',*,*,#14162,.F.);
#14162 = EDGE_CURVE('',#13583,#13721,#14163,.T.);
#14163 = SURFACE_CURVE('',#14164,(#14168,#14175),.PCURVE_S1.);
#14164 = LINE('',#14165,#14166);
#14165 = CARTESIAN_POINT('',(10.46,15.35,89.600000000001));
#14166 = VECTOR('',#14167,1.);
#14167 = DIRECTION('',(1.,-7.8E-16,6.E-17));
#14168 = PCURVE('',#13598,#14169);
#14169 = DEFINITIONAL_REPRESENTATION('',(#14170),#14174);
#14170 = LINE('',#14171,#14172);
#14171 = CARTESIAN_POINT('',(7.35,-4.039294817993E-16));
#14172 = VECTOR('',#14173,1.);
#14173 = DIRECTION('',(-1.56E-15,-1.));
#14174 = ( GEOMETRIC_REPRESENTATION_CONTEXT(2) 
PARAMETRIC_REPRESENTATION_CONTEXT() REPRESENTATION_CONTEXT('2D SPACE',''
  ) );
#14175 = PCURVE('',#13627,#14176);
#14176 = DEFINITIONAL_REPRESENTATION('',(#14177),#14181);
#14177 = LINE('',#14178,#14179);
#14178 = CARTESIAN_POINT('',(-4.712388980385,0.));
#14179 = VECTOR('',#14180,1.);
#14180 = DIRECTION('',(-0.,-1.));
#14181 = ( GEOMETRIC_REPRESENTATION_CONTEXT(2) 
PARAMETRIC_REPRESENTATION_CONTEXT() REPRESENTATION_CONTEXT('2D SPACE',''
  ) );
#14182 = ORIENTED_EDGE('',*,*,#13582,.F.);
#14183 = ADVANCED_FACE('',(#14184),#13627,.T.);
#14184 = FACE_BOUND('',#14185,.F.);
#14185 = EDGE_LOOP('',(#14186,#14187,#14188,#14189));
#14186 = ORIENTED_EDGE('',*,*,#14162,.T.);
#14187 = ORIENTED_EDGE('',*,*,#13743,.T.);
#14188 = ORIENTED_EDGE('',*,*,#14135,.F.);
#14189 = ORIENTED_EDGE('',*,*,#13610,.F.);
#14190 = ADVANCED_FACE('',(#14191),#13679,.F.);
#14191 = FACE_BOUND('',#14192,.T.);
#14192 = EDGE_LOOP('',(#14193,#14214,#14215,#14216));
#14193 = ORIENTED_EDGE('',*,*,#14194,.T.);
#14194 = EDGE_CURVE('',#13663,#13791,#14195,.T.);
#14195 = SEAM_CURVE('',#14196,(#14200,#14207),.PCURVE_S1.);
#14196 = LINE('',#14197,#14198);
#14197 = CARTESIAN_POINT('',(10.46,18.75,97.));
#14198 = VECTOR('',#14199,1.);
#14199 = DIRECTION('',(1.,-7.8E-16,6.E-17));
#14200 = PCURVE('',#13679,#14201);
#14201 = DEFINITIONAL_REPRESENTATION('',(#14202),#14206);
#14202 = LINE('',#14203,#14204);
#14203 = CARTESIAN_POINT('',(-0.,0.));
#14204 = VECTOR('',#14205,1.);
#14205 = DIRECTION('',(-0.,-1.));
#14206 = ( GEOMETRIC_REPRESENTATION_CONTEXT(2) 
PARAMETRIC_REPRESENTATION_CONTEXT() REPRESENTATION_CONTEXT('2D SPACE',''
  ) );
#14207 = PCURVE('',#13679,#14208);
#14208 = DEFINITIONAL_REPRESENTATION('',(#14209),#14213);
#14209 = LINE('',#14210,#14211);
#14210 = CARTESIAN_POINT('',(-6.28318530718,0.));
#14211 = VECTOR('',#14212,1.);
#14212 = DIRECTION('',(-0.,-1.));
#14213 = ( GEOMETRIC_REPRESENTATION_CONTEXT(2) 
PARAMETRIC_REPRESENTATION_CONTEXT() REPRESENTATION_CONTEXT('2D SPACE',''
  ) );
#14214 = ORIENTED_EDGE('',*,*,#13790,.T.);
#14215 = ORIENTED_EDGE('',*,*,#14194,.F.);
#14216 = ORIENTED_EDGE('',*,*,#13662,.F.);
#14217 = ADVANCED_FACE('',(#14218),#13884,.T.);
#14218 = FACE_BOUND('',#14219,.T.);
#14219 = EDGE_LOOP('',(#14220,#14221,#14222,#14223));
#14220 = ORIENTED_EDGE('',*,*,#13868,.T.);
#14221 = ORIENTED_EDGE('',*,*,#13970,.T.);
#14222 = ORIENTED_EDGE('',*,*,#14018,.F.);
#14223 = ORIENTED_EDGE('',*,*,#13921,.F.);
#14224 = ( GEOMETRIC_REPRESENTATION_CONTEXT(3) 
GLOBAL_UNCERTAINTY_ASSIGNED_CONTEXT((#14228)) 
GLOBAL_UNIT_ASSIGNED_CONTEXT((#14225,#14226,#14227)) 
REPRESENTATION_CONTEXT('Context #1',
  '3D Context with UNIT and UNCERTAINTY') );
#14225 = ( LENGTH_UNIT() NAMED_UNIT(*) SI_UNIT(.MILLI.,.METRE.) );
#14226 = ( NAMED_UNIT(*) PLANE_ANGLE_UNIT() SI_UNIT($,.RADIAN.) );
#14227 = ( NAMED_UNIT(*) SI_UNIT($,.STERADIAN.) SOLID_ANGLE_UNIT() );
#14228 = UNCERTAINTY_MEASURE_WITH_UNIT(LENGTH_MEASURE(2.E-05),#14225,
  'distance_accuracy_value','confusion accuracy');
#14229 = PRODUCT_RELATED_PRODUCT_CATEGORY('part',$,(#7));
#14230 = MECHANICAL_DESIGN_GEOMETRIC_PRESENTATION_REPRESENTATION('',(
    #14231),#14224);
#14231 = STYLED_ITEM('color',(#14232),#15);
#14232 = PRESENTATION_STYLE_ASSIGNMENT((#14233,#14241));
#14233 = SURFACE_STYLE_USAGE(.BOTH.,#14234);
#14234 = SURFACE_SIDE_STYLE('',(#14235,#14239));
#14235 = SURFACE_STYLE_FILL_AREA(#14236);
#14236 = FILL_AREA_STYLE('',(#14237));
#14237 = FILL_AREA_STYLE_COLOUR('',#14238);
#14238 = COLOUR_RGB('',0.800000010877,0.800000010877,0.800000010877);
#14239 = SURFACE_STYLE_RENDERING_WITH_PROPERTIES(.NORMAL_SHADING.,#14238
  ,(#14240));
#14240 = SURFACE_STYLE_TRANSPARENT(0.5);
#14241 = CURVE_STYLE('',#14242,POSITIVE_LENGTH_MEASURE(0.1),#14243);
#14242 = DRAUGHTING_PRE_DEFINED_CURVE_FONT('continuous');
#14243 = COLOUR_RGB('',9.803921802644E-02,9.803921802644E-02,
  9.803921802644E-02);
ENDSEC;
END-ISO-10303-21;
